{"\u5f00\u59cb\u8bb0\u5f55\u65f6\u95f4": "2019-01-24 03:03:22", "\u7ed3\u675f\u8bb0\u5f55\u65f6\u95f4": "2019-01-24 04:03:22", "\u8ba2\u5355\u603b\u589e\u91cf": 181, "item": {"24011220": {"hotel_name": "\u73e0\u5149\u661f\u5fa1\u56fd\u9645\u516c\u5bd3(\u5e7f\u5dde\u73e0\u6c5f\u65b0\u57ce\u5e97)", "order_time": ["2019-01-24 03:05:45"], "total_order": 1, "hotel_value": ["4.6"], "hotel_price": ["428"]}, "11059646": {"hotel_name": "\u9e97\u67ab\u9152\u5e97(\u5e7f\u5dde\u6c49\u6eaa\u957f\u9686\u91ce\u751f\u52a8\u7269\u56ed\u5e97)", "order_time": ["2019-01-24 03:05:45"], "total_order": 1, "hotel_value": ["4.7"], "hotel_price": ["508"]}, "512229": {"hotel_name": "\u6e2f\u6da6\u7ca4\u5317\u9152\u5e97(\u5e7f\u5dde\u4e16\u8d38\u4e2d\u5fc3\u5e97)", "order_time": ["2019-01-24 03:05:46"], "total_order": 1, "hotel_value": ["4.5"], "hotel_price": ["230"]}, "917540": {"hotel_name": "\u5e1d\u8363\u5927\u9152\u5e97(\u5e7f\u5dde\u5609\u79be\u671b\u5c97\u5e97)", "order_time": ["2019-01-24 03:05:54"], "total_order": 1, "hotel_value": ["4.2"], "hotel_price": ["94"]}, "446621": {"hotel_name": "\u5e7f\u5dde\u987a\u7f8e\u5927\u9152\u5e97", "order_time": ["2019-01-24 03:06:07"], "total_order": 1, "hotel_value": ["3.8"], "hotel_price": ["95"]}, "6504355": {"hotel_name": "\u67cf\u66fc\u9152\u5e97(\u5e7f\u5dde\u767d\u4e91\u673a\u573a\u5e97)(\u539f\u4eba\u548c\u5730\u94c1\u7ad9\u5e97)", "order_time": ["2019-01-24 03:41:42", "2019-01-24 03:07:37"], "total_order": 2, "hotel_value": ["4.6", "4.6"], "hotel_price": ["188", "188"]}, "6111401": {"hotel_name": "\u9686\u7fe0\u835f\u513f\u7ae5\u4e3b\u9898\u5ea6\u5047\u516c\u5bd3(\u5e7f\u5dde\u6c49\u6eaa\u957f\u9686\u5730\u94c1\u7ad9\u5e97)", "order_time": ["2019-01-24 03:07:38"], "total_order": 1, "hotel_value": ["4.5"], "hotel_price": ["281"]}, "1728059": {"hotel_name": "\u4e3d\u8299\u9152\u5e97(\u5e7f\u5dde\u9e64\u6d1e\u897f\u6717\u5730\u94c1\u7ad9\u5e97)", "order_time": ["2019-01-24 03:07:41"], "total_order": 1, "hotel_value": ["4.5"], "hotel_price": ["179"]}, "446545": {"hotel_name": "\u5e7f\u5dde\u4e1c\u5c71\u5bbe\u9986", "order_time": ["2019-01-24 03:07:45"], "total_order": 1, "hotel_value": ["4.3"], "hotel_price": ["296"]}, "344857": {"hotel_name": "\u5e7f\u5dde\u82b1\u56ed\u9152\u5e97", "order_time": ["2019-01-24 03:07:48"], "total_order": 1, "hotel_value": ["4.6"], "hotel_price": ["1046"]}, "5753099": {"hotel_name": "\u58f9\u52a0\u58f9\u7cbe\u54c1\u9152\u5e97(\u5e7f\u5dde\u65b0\u767d\u4e91\u56fd\u9645\u673a\u573a\u5e97)", "order_time": ["2019-01-24 03:09:41", "2019-01-24 03:21:39"], "total_order": 2, "hotel_value": ["4.7", "4.7"], "hotel_price": ["131", "131"]}, "374618": {"hotel_name": "\u5e7f\u5dde\u73c0\u4e3d\u9152\u5e97", "order_time": ["2019-01-24 03:09:48"], "total_order": 1, "hotel_value": ["4.1"], "hotel_price": ["307"]}, "17056225": {"hotel_name": "\u5e7f\u5dde\u6674\u9152\u5e97", "order_time": ["2019-01-24 03:09:49"], "total_order": 1, "hotel_value": ["4.6"], "hotel_price": ["380"]}, "374859": {"hotel_name": "\u5e7f\u5dde\u5341\u752b\u5047\u65e5\u9152\u5e97", "order_time": ["2019-01-24 03:09:54"], "total_order": 1, "hotel_value": ["4.6"], "hotel_price": ["717"]}, "643491": {"hotel_name": "\u5357\u5317\u7eb5\u6a2a\u56fd\u9645\u516c\u5bd3(\u5e7f\u5dde\u5317\u4eac\u8def\u6b65\u884c\u8857\u91d1\u6da6\u94c2\u5bab\u5e97)", "order_time": ["2019-01-24 03:11:43"], "total_order": 1, "hotel_value": ["4.5"], "hotel_price": ["373"]}, "4657816": {"hotel_name": "\u4f0a\u83b2\u00b7\u8428\u7ef4\u5c14\u56fd\u9645\u9152\u5e97\u516c\u5bd3(\u5e7f\u5dde\u73e0\u6c5f\u65b0\u57ce\u5e97)", "order_time": ["2019-01-24 03:11:46"], "total_order": 1, "hotel_value": ["4.5"], "hotel_price": ["429"]}, "17081001": {"hotel_name": "\u5e7f\u5dde\u4e07\u9686\u56fd\u9645\u516c\u5bd3", "order_time": ["2019-01-24 03:11:46"], "total_order": 1, "hotel_value": ["4.7"], "hotel_price": ["175"]}, "5607086": {"hotel_name": "\u897f\u5c14\u66fc\u9152\u5e97\u516c\u5bd3(\u5e7f\u5dde\u756a\u79ba\u603b\u7edf\u516c\u9986\u5e97)", "order_time": ["2019-01-24 03:11:49"], "total_order": 1, "hotel_value": ["4.5"], "hotel_price": ["278"]}, "5482544": {"hotel_name": "\u5982\u5bb6\u5feb\u6377\u9152\u5e97(\u5e7f\u5dde\u4e2d\u534e\u5e7f\u573a\u5e97)", "order_time": ["2019-01-24 03:11:52"], "total_order": 1, "hotel_value": ["4.5"], "hotel_price": ["208"]}, "26451469": {"hotel_name": "\u5e7f\u5dde\u7ef4\u96c5\u822a\u7a7a\u7cbe\u9009\u9152\u5e97\u5f0f\u516c\u5bd3", "order_time": ["2019-01-24 03:11:55"], "total_order": 1, "hotel_value": ["4.9"], "hotel_price": ["99"]}, "1696699": {"hotel_name": "7\u5929\u8fde\u9501\u9152\u5e97(\u5e7f\u5dde\u51e4\u51f0\u65b0\u6751\u5730\u94c1\u7ad9\u5e97)", "order_time": ["2019-01-24 03:11:55"], "total_order": 1, "hotel_value": ["4.2"], "hotel_price": ["125"]}, "6929061": {"hotel_name": "\u6e2f\u6da6\u5bd3\u4e0a\u516c\u5bd3(\u5e7f\u5dde\u9890\u548c\u5927\u53a6\u5e97)", "order_time": ["2019-01-24 03:13:41"], "total_order": 1, "hotel_value": ["4.6"], "hotel_price": ["268"]}, "25368326": {"hotel_name": "\u9014\u5c45\u9152\u5e97(\u5e7f\u5dde\u673a\u573a\u5e97)", "order_time": ["2019-01-24 03:13:48"], "total_order": 1, "hotel_value": ["4.5"], "hotel_price": ["95"]}, "2302142": {"hotel_name": "\u5982\u82d1\u7cbe\u54c1\u9152\u5e97(\u5e7f\u5dde\u5e02\u6865\u5927\u5317\u8def\u5e97)", "order_time": ["2019-01-24 03:13:50"], "total_order": 1, "hotel_value": ["4.6"], "hotel_price": ["131"]}, "8493298": {"hotel_name": "\u661f\u6109\u65f6\u5c1a\u8fde\u9501\u9152\u5e97(\u5e7f\u5dde\u5b9d\u5c97\u5927\u9053\u5e97)", "order_time": ["2019-01-24 03:13:53"], "total_order": 1, "hotel_value": ["4.2"], "hotel_price": ["104"]}, "4434729": {"hotel_name": "\u7ef4\u4e5f\u7eb3\u56fd\u9645\u9152\u5e97(\u5e7f\u5dde\u756a\u79ba\u5e02\u6865\u4e2d\u5fc3\u56fd\u9645\u5e97)", "order_time": ["2019-01-24 03:13:55", "2019-01-24 03:23:42"], "total_order": 2, "hotel_value": ["4.8", "4.8"], "hotel_price": ["259", "259"]}, "1691718": {"hotel_name": "\u5c1a\u7f8e\u9152\u5e97(\u5e7f\u5dde\u5e7f\u4e1c\u5916\u8bed\u5916\u8d38\u5927\u5b66\u767d\u4e91\u5927\u9053\u5e97)", "order_time": ["2019-01-24 03:13:56"], "total_order": 1, "hotel_value": ["4.1"], "hotel_price": ["134"]}, "8557543": {"hotel_name": "\u5e7f\u5dde\u6c47\u5fb7\u9152\u5e97", "order_time": ["2019-01-24 03:13:59"], "total_order": 1, "hotel_value": ["4.7"], "hotel_price": ["193"]}, "20243311": {"hotel_name": "\u94c2\u987f\u56fd\u9645\u516c\u5bd3(\u5e7f\u5dde\u5ba2\u6751\u5408\u751f\u5e7f\u573a\u5e97)", "order_time": ["2019-01-24 03:14:38"], "total_order": 1, "hotel_value": ["4.7"], "hotel_price": ["269"]}, "9315373": {"hotel_name": "\u67cf\u9ad8\u9152\u5e97(\u5e7f\u5dde\u5854\u5927\u5858\u5730\u94c1\u7ad9\u5e97)", "order_time": ["2019-01-24 03:15:38"], "total_order": 1, "hotel_value": ["4.4"], "hotel_price": ["230"]}, "21783655": {"hotel_name": "\u5e7f\u5dde\u97e9\u51a0\u56fd\u9645\u516c\u5bd3", "order_time": ["2019-01-24 03:15:39"], "total_order": 1, "hotel_value": ["4.6"], "hotel_price": ["184"]}, "392492": {"hotel_name": "\u603b\u7edf\u5927\u9152\u5e97(\u5e7f\u5dde\u5929\u6cb3\u5c97\u9876\u5e97)", "order_time": ["2019-01-24 03:15:45"], "total_order": 1, "hotel_value": ["4.4"], "hotel_price": ["346"]}, "997887": {"hotel_name": "\u5fae\u516b\u9152\u5e97(\u5e7f\u5dde\u897f\u6717\u5e97)", "order_time": ["2019-01-24 03:15:53"], "total_order": 1, "hotel_value": ["4.5"], "hotel_price": ["113"]}, "6080934": {"hotel_name": "IU\u9152\u5e97\u00b7\u5e7f\u5dde\u756a\u79ba\u5927\u77f3\u52a8\u7269\u56ed\u6c49\u6eaa\u957f\u9686\u7ad9\u5e97", "order_time": ["2019-01-24 03:15:55"], "total_order": 1, "hotel_value": ["4.4"], "hotel_price": ["137"]}, "1570161": {"hotel_name": "\u9038\u7c73\u9152\u5e97(\u5e7f\u5dde\u5bcc\u534e\u4e1c\u8def\u5e97)(\u539fe\u5bb6\u8fde\u9501\u9152\u5e97)", "order_time": ["2019-01-24 03:15:58", "2019-01-24 03:42:07"], "total_order": 2, "hotel_value": ["3.9", "3.9"], "hotel_price": ["117", "89"]}, "1947942": {"hotel_name": "\u5e7f\u5dde\u6052\u671d\u5047\u65e5\u9152\u5e97", "order_time": ["2019-01-24 03:17:40"], "total_order": 1, "hotel_value": ["4.3"], "hotel_price": ["148"]}, "2616079": {"hotel_name": "\u9e97\u67ab\u9152\u5e97(\u5e7f\u5dde\u5929\u6cb3\u516c\u56ed\u9ec4\u57d4\u5927\u9053\u5e97)", "order_time": ["2019-01-24 03:17:41"], "total_order": 1, "hotel_value": ["4.7"], "hotel_price": ["281"]}, "4646240": {"hotel_name": "\u5e7f\u5dde\u4e91\u90fd\u56fd\u9645\u5927\u9152\u5e97", "order_time": ["2019-01-24 03:17:46"], "total_order": 1, "hotel_value": ["4.3"], "hotel_price": ["306"]}, "2281821": {"hotel_name": "\u4f0a\u601d\u5fb7\u516c\u5bd3\u00b7\u5e7f\u5dde\u4e2d\u73af\u56fd\u9645", "order_time": ["2019-01-24 03:17:48"], "total_order": 1, "hotel_value": ["4.2"], "hotel_price": ["286"]}, "396591": {"hotel_name": "\u5e7f\u5dde\u661f\u6cb3\u6e7e\u9152\u5e97", "order_time": ["2019-01-24 03:17:50"], "total_order": 1, "hotel_value": ["4.7"], "hotel_price": ["792"]}, "3104463": {"hotel_name": "\u4e3d\u9014\u56fd\u9645\u516c\u5bd3(\u5e7f\u5dde\u841d\u5c97\u4e07\u8fbe\u5e7f\u573a\u5e97)", "order_time": ["2019-01-24 03:19:50"], "total_order": 1, "hotel_value": ["4.7"], "hotel_price": ["285"]}, "397501": {"hotel_name": "\u5e7f\u5dde\u767d\u4e91\u5bbe\u9986", "order_time": ["2019-01-24 03:19:50"], "total_order": 1, "hotel_value": ["4.6"], "hotel_price": ["516"]}, "9126209": {"hotel_name": "\u6a59\u9752\u7cbe\u54c1\u4e3b\u9898\u8f6c\u673a\u9152\u5e97\u516c\u5bd3(\u5e7f\u5dde\u767d\u4e91\u673a\u573a\u5e97)", "order_time": ["2019-01-24 03:19:51"], "total_order": 1, "hotel_value": ["4.4"], "hotel_price": ["96"]}, "1553185": {"hotel_name": "\u4e3d\u8299\u9152\u5e97(\u5e7f\u5dde\u5929\u6cb3\u5c97\u9876\u5730\u94c1\u7ad9\u5e97)", "order_time": ["2019-01-24 03:47:52", "2019-01-24 03:19:51"], "total_order": 2, "hotel_value": ["4.6", "4.6"], "hotel_price": ["218", "218"]}, "1973826": {"hotel_name": "\u9047\u89c1\u65f6\u5c1a\u9152\u5e97(\u5e7f\u5dde\u77f3\u4e95\u57ce\u5e02\u5e7f\u573a\u5e97)", "order_time": ["2019-01-24 03:20:00"], "total_order": 1, "hotel_value": ["3.9"], "hotel_price": ["100"]}, "6374664": {"hotel_name": "\u5e7f\u5dde\u5927\u773c\u840c\u9752\u5e74\u65c5\u820d", "order_time": ["2019-01-24 03:20:02"], "total_order": 1, "hotel_value": ["4.2"], "hotel_price": ["40"]}, "371132": {"hotel_name": "\u7f8e\u8c6a\u4e3d\u81f4\u9152\u5e97(\u5e7f\u5dde\u4e94\u7f8a\u65b0\u57ce\u5e97)", "order_time": ["2019-01-24 03:21:03"], "total_order": 1, "hotel_value": ["4.8"], "hotel_price": ["926"]}, "746368": {"hotel_name": "\u5e7f\u5dde\u8bfa\u76df\u6c34\u5584\u574a\u9152\u5e97", "order_time": ["2019-01-24 03:21:39"], "total_order": 1, "hotel_value": ["4.5"], "hotel_price": ["294"]}, "3291954": {"hotel_name": "\u52a0\u5dde\u65f6\u5c1a\u516c\u5bd3(\u5e7f\u5dde\u65b0\u767d\u4e91\u56fd\u9645\u673a\u573a\u5e97)", "order_time": ["2019-01-24 03:21:43"], "total_order": 1, "hotel_value": ["4.7"], "hotel_price": ["106"]}, "3067545": {"hotel_name": "\u57ce\u5e02\u4fbf\u6377\u9152\u5e97(\u5e7f\u5dde\u68e0\u4e0b\u9a8f\u666f\u7436\u6d32\u4f1a\u5c55\u5e97)", "order_time": ["2019-01-24 03:21:45"], "total_order": 1, "hotel_value": ["4.4"], "hotel_price": ["193"]}, "1698473": {"hotel_name": "\u5e7f\u5dde\u8c6a\u4fea\u9152\u5e97", "order_time": ["2019-01-24 03:21:56"], "total_order": 1, "hotel_value": ["4.4"], "hotel_price": ["108"]}, "485017": {"hotel_name": "\u67cf\u9ad8\u9152\u5e97\u5f0f\u516c\u5bd3(\u5e7f\u5dde\u66a8\u5357\u5927\u5b66\u5e97)", "order_time": ["2019-01-24 03:23:41"], "total_order": 1, "hotel_value": ["4.4"], "hotel_price": ["248"]}, "6170390": {"hotel_name": "\u5e7f\u5dde\u9014\u4e4b\u5bb6\u7cbe\u54c1\u9152\u5e97\u5f0f\u516c\u5bd3", "order_time": ["2019-01-24 03:23:41"], "total_order": 1, "hotel_value": ["4.6"], "hotel_price": ["92"]}, "6021813": {"hotel_name": "\u5e7f\u5dde\u6843\u82b1\u6c5f\u8c6a\u751f\u9152\u5e97", "order_time": ["2019-01-24 03:23:47"], "total_order": 1, "hotel_value": ["4.6"], "hotel_price": ["648"]}, "344881": {"hotel_name": "\u5e7f\u5dde\u4e2d\u56fd\u5927\u9152\u5e97", "order_time": ["2019-01-24 03:23:47"], "total_order": 1, "hotel_value": ["4.4"], "hotel_price": ["653"]}, "437873": {"hotel_name": "\u5e7f\u5ddeW\u9152\u5e97", "order_time": ["2019-01-24 03:23:48"], "total_order": 1, "hotel_value": ["4.6"], "hotel_price": ["1283"]}, "998462": {"hotel_name": "\u5e7f\u5dde\u5f71\u661f\u5bbe\u9986", "order_time": ["2019-01-24 03:23:55"], "total_order": 1, "hotel_value": ["4.3"], "hotel_price": ["295"]}, "2611702": {"hotel_name": "\u9e97\u67ab\u9152\u5e97(\u5e7f\u5dde\u5929\u6cb3\u77f3\u724c\u4e1c\u8def\u5c97\u9876\u5730\u94c1\u7ad9\u5e97)", "order_time": ["2019-01-24 03:23:55"], "total_order": 1, "hotel_value": ["4.7"], "hotel_price": ["319"]}, "2382175": {"hotel_name": "\u5e7f\u5dde\u767d\u5929\u9e45\u5bbe\u9986", "order_time": ["2019-01-24 03:25:40"], "total_order": 1, "hotel_value": ["4.8"], "hotel_price": ["1050"]}, "450723": {"hotel_name": "\u7ef4\u4e5f\u7eb3\u56fd\u9645\u9152\u5e97(\u5e7f\u5dde\u706b\u8f66\u7ad9\u5e97)(\u539f\u7ef4\u4e5f\u7eb3\u9152\u5e97\u4e09\u5143\u91cc\u5e97)", "order_time": ["2019-01-24 03:25:43"], "total_order": 1, "hotel_value": ["4.8"], "hotel_price": ["198"]}, "6325791": {"hotel_name": "\u5e7f\u5dde\u767d\u4e91\u56fd\u9645\u673a\u573a\u65c5\u5ba2\u8ba1\u65f6\u4f11\u606f\u5ba4", "order_time": ["2019-01-24 03:25:45"], "total_order": 1, "hotel_value": ["4.3"], "hotel_price": ["300"]}, "17361600": {"hotel_name": "\u67cf\u9ad8\u00b7\u9882\u9152\u5e97(\u5e7f\u5dde\u91d1\u878d\u57ce\u8f66\u9642\u5357\u5730\u94c1\u7ad9\u5e97)", "order_time": ["2019-01-24 03:25:46"], "total_order": 1, "hotel_value": ["4.7"], "hotel_price": ["298"]}, "7530310": {"hotel_name": "\u5e7f\u5dde\u5eb7\u83b1\u5fb7\u9152\u5e97", "order_time": ["2019-01-24 03:27:53", "2019-01-24 03:25:46"], "total_order": 2, "hotel_value": ["4.5", "4.5"], "hotel_price": ["1538", "1538"]}, "1504983": {"hotel_name": "\u5e7f\u5dde\u9ea6\u6995\u9152\u5e97", "order_time": ["2019-01-24 03:25:51"], "total_order": 1, "hotel_value": ["4.2"], "hotel_price": ["196"]}, "969542": {"hotel_name": "\u6c49\u5ead\u9152\u5e97(\u5e7f\u5dde\u706b\u8f66\u4e1c\u7ad9\u6c99\u6cb3\u5e97)", "order_time": ["2019-01-24 03:25:52"], "total_order": 1, "hotel_value": ["4.2"], "hotel_price": ["161"]}, "22275200": {"hotel_name": "\u56db\u53f6\u8349\u516c\u5bd3(\u5e7f\u5dde\u672a\u6765\u57df\u5e97)", "order_time": ["2019-01-24 03:25:52"], "total_order": 1, "hotel_value": ["4.3"], "hotel_price": ["110"]}, "485006": {"hotel_name": "\u5e7f\u5dde\u6b4c\u5c14\u7235\u65af\u9152\u5e97", "order_time": ["2019-01-24 03:25:53"], "total_order": 1, "hotel_value": ["4.4"], "hotel_price": ["286"]}, "2622354": {"hotel_name": "\u5e7f\u5dde\u5fe0\u5fc3\u516c\u5bd3(\u539f\u4f73\u56ed\u516c\u5bd3)", "order_time": ["2019-01-24 03:26:04"], "total_order": 1, "hotel_value": ["3.4"], "hotel_price": ["61"]}, "17041789": {"hotel_name": "\u5e7f\u5dde\u4e07\u4e50\u5bab\u5047\u65e5\u9152\u5e97", "order_time": ["2019-01-24 03:27:46"], "total_order": 1, "hotel_value": ["4.6"], "hotel_price": ["286"]}, "15029384": {"hotel_name": "\u5e7f\u5dde\u957f\u9686\u718a\u732b\u9152\u5e97", "order_time": ["2019-01-24 03:31:43", "2019-01-24 03:57:42", "2019-01-24 03:27:47"], "total_order": 3, "hotel_value": ["4.7", "4.7", "4.7"], "hotel_price": ["1699", "1699", "1699"]}, "1460650": {"hotel_name": "\u5e7f\u5dde\u5929\u6cb3\u4f53\u80b2\u4e2d\u5fc3\u5e0c\u5c14\u987f\u6b22\u670b\u9152\u5e97", "order_time": ["2019-01-24 03:27:48"], "total_order": 1, "hotel_value": ["4.6"], "hotel_price": ["619"]}, "1719467": {"hotel_name": "\u5e7f\u5dde\u756a\u79ba\u6234\u65af\u9152\u5e97", "order_time": ["2019-01-24 03:27:51"], "total_order": 1, "hotel_value": ["4.3"], "hotel_price": ["246"]}, "1521892": {"hotel_name": "\u5982\u5bb6\u5feb\u6377\u9152\u5e97(\u5e7f\u5dde\u4eac\u6eaa\u5357\u65b9\u533b\u9662\u5730\u94c1\u7ad9\u5723\u5730\u5e7f\u573a\u5e97)", "order_time": ["2019-01-24 03:27:52"], "total_order": 1, "hotel_value": ["4.5"], "hotel_price": ["149"]}, "4831662": {"hotel_name": "\u5e7f\u5dde\u79d1\u5c14\u9a6c\u9152\u5e97", "order_time": ["2019-01-24 03:27:58"], "total_order": 1, "hotel_value": ["4.6"], "hotel_price": ["103"]}, "24934972": {"hotel_name": "\u5e7f\u5dde\u822a\u670d\u7cbe\u9009\u516c\u5bd3", "order_time": ["2019-01-24 03:29:44"], "total_order": 1, "hotel_value": ["4.6"], "hotel_price": ["176"]}, "392495": {"hotel_name": "\u5e7f\u5dde\u5730\u4e2d\u6d77\u56fd\u9645\u9152\u5e97", "order_time": ["2019-01-24 03:29:45"], "total_order": 1, "hotel_value": ["4.5"], "hotel_price": ["477"]}, "2846947": {"hotel_name": "\u5982\u5bb6\u5feb\u6377\u9152\u5e97(\u5e7f\u5dde\u9ad8\u94c1\u5357\u7ad9\u5357\u6d66\u5730\u94c1\u53e3\u5e97)", "order_time": ["2019-01-24 03:29:48"], "total_order": 1, "hotel_value": ["4.4"], "hotel_price": ["158"]}, "6577110": {"hotel_name": "\u884c\u5ba2\u56fd\u9645\u516c\u5bd3(\u5e7f\u5dde\u8d8a\u79c0\u65f6\u5149\u5e97)", "order_time": ["2019-01-24 03:29:49"], "total_order": 1, "hotel_value": ["4.8"], "hotel_price": ["289"]}, "396592": {"hotel_name": "\u5e7f\u5dde\u661f\u6cb3\u6e7e\u534a\u5c9b\u9152\u5e97", "order_time": ["2019-01-24 03:29:49"], "total_order": 1, "hotel_value": ["4.8"], "hotel_price": ["789"]}, "1734405": {"hotel_name": "\u5e7f\u5dde\u5b81\u6cf0\u9152\u5e97", "order_time": ["2019-01-24 03:29:56"], "total_order": 1, "hotel_value": ["3.9"], "hotel_price": ["168"]}, "1782496": {"hotel_name": "\u5e7f\u5dde\u81fb\u7f8e\u4e1c\u65b9\u5047\u65e5\u9152\u5e97", "order_time": ["2019-01-24 03:31:43"], "total_order": 1, "hotel_value": ["4.6"], "hotel_price": ["185"]}, "1542337": {"hotel_name": "\u5e7f\u5dde\u7f8e\u6e2f\u9152\u5e97", "order_time": ["2019-01-24 03:31:45"], "total_order": 1, "hotel_value": ["4.3"], "hotel_price": ["218"]}, "2214599": {"hotel_name": "\u901f8\u9152\u5e97(\u5e7f\u5dde\u4e2d\u5c71\u4e03\u8def\u9648\u5bb6\u7960\u5e97)", "order_time": ["2019-01-24 03:31:49"], "total_order": 1, "hotel_value": ["4.4"], "hotel_price": ["277"]}, "1338439": {"hotel_name": "\u901f8\u9152\u5e97(\u5e7f\u5dde\u897f\u6751\u5730\u94c1\u7ad9\u5e97)", "order_time": ["2019-01-24 03:31:59"], "total_order": 1, "hotel_value": ["4.2"], "hotel_price": ["201"]}, "433794": {"hotel_name": "\u5e7f\u5dde\u6234\u65af\u9152\u5e97", "order_time": ["2019-01-24 03:33:46"], "total_order": 1, "hotel_value": ["4.3"], "hotel_price": ["388"]}, "1210864": {"hotel_name": "\u541b\u6da6\u5047\u65e5\u9152\u5e97(\u5e7f\u5dde\u949f\u6751\u5730\u94c1\u7ad9\u5e97)", "order_time": ["2019-01-24 03:33:50"], "total_order": 1, "hotel_value": ["4.2"], "hotel_price": ["187"]}, "1739298": {"hotel_name": "\u94f6\u6e7e\u9152\u5e97(\u5e7f\u5dde\u5e02\u6865\u5e97)", "order_time": ["2019-01-24 03:33:54"], "total_order": 1, "hotel_value": ["4.5"], "hotel_price": ["254"]}, "5246095": {"hotel_name": "\u5e7f\u5dde\u745e\u8c6a\u5546\u52a1\u9152\u5e97(\u539f\u65af\u7eb3\u5927\u9152\u5e97)", "order_time": ["2019-01-24 03:33:58"], "total_order": 1, "hotel_value": ["4.0"], "hotel_price": ["238"]}, "5249523": {"hotel_name": "\u5e7f\u5dde\u5e02\u6d77\u73e0\u533a\u76db\u6e90\u5bbe\u9986", "order_time": ["2019-01-24 03:34:01"], "total_order": 1, "hotel_value": ["4.0"], "hotel_price": ["133"]}, "19597838": {"hotel_name": "\u5e7f\u5dde\u9999\u683c\u91cc\u9152\u5e97\u516c\u5bd3", "order_time": ["2019-01-24 03:34:01"], "total_order": 1, "hotel_value": ["4.2"], "hotel_price": ["318"]}, "15735567": {"hotel_name": "\u4f70\u66fc\u83b1\u9152\u5e97\u00b7\u7cbe\u9009(\u5e7f\u5dde\u65b0\u767d\u4e91\u56fd\u9645\u673a\u573a\u65d7\u8230\u5e97)", "order_time": ["2019-01-24 03:35:41"], "total_order": 1, "hotel_value": ["4.7"], "hotel_price": ["200"]}, "19589677": {"hotel_name": "\u67cf\u5955\u516c\u5bd3(\u5e7f\u5dde\u5929\u6cb3\u5ba2\u8fd0\u7ad9\u5e97)", "order_time": ["2019-01-24 03:35:43"], "total_order": 1, "hotel_value": ["4.8"], "hotel_price": ["209"]}, "6083351": {"hotel_name": "\u5e7f\u5dde\u6c90\u67ab\u7cbe\u54c1\u9152\u5e97", "order_time": ["2019-01-24 03:35:44"], "total_order": 1, "hotel_value": ["4.0"], "hotel_price": ["227"]}, "1137805": {"hotel_name": "\u901f8\u9152\u5e97(\u5e7f\u5dde\u65b0\u767d\u4e91\u56fd\u9645\u673a\u573a\u4e00\u5e97)", "order_time": ["2019-01-24 03:35:46"], "total_order": 1, "hotel_value": ["4.6"], "hotel_price": ["186"]}, "484997": {"hotel_name": "\u5e7f\u5dde\u82b1\u5730\u5927\u53a6\u9152\u5e97", "order_time": ["2019-01-24 03:35:46"], "total_order": 1, "hotel_value": ["4.3"], "hotel_price": ["148"]}, "8784327": {"hotel_name": "\u5e7f\u5dde\u534e\u8f69\u91cc\u9152\u5e97", "order_time": ["2019-01-24 03:35:49"], "total_order": 1, "hotel_value": ["4.6"], "hotel_price": ["768"]}, "439463": {"hotel_name": "\u5e7f\u4e1c\u4e9a\u6d32\u56fd\u9645\u5927\u9152\u5e97", "order_time": ["2019-01-24 03:35:49"], "total_order": 1, "hotel_value": ["4.4"], "hotel_price": ["520"]}, "387083": {"hotel_name": "\u5e7f\u5dde\u9a8f\u7ca4\u5927\u9152\u5e97", "order_time": ["2019-01-24 03:35:52"], "total_order": 1, "hotel_value": ["4.6"], "hotel_price": ["346"]}, "1701771": {"hotel_name": "\u7d22\u7279\u6765\u6587\u827a\u9152\u5e97(\u5e7f\u5dde\u77f3\u57fa\u6587\u5316\u5e7f\u573a\u5e97)(\u539f\u798f\u6d77\u9152\u5e97)", "order_time": ["2019-01-24 03:35:56"], "total_order": 1, "hotel_value": ["4.2"], "hotel_price": ["140"]}, "6106246": {"hotel_name": "\u5e7f\u5dde\u5927\u5927\u56fd\u9645\u516c\u5bd3", "order_time": ["2019-01-24 03:35:58"], "total_order": 1, "hotel_value": ["4.5"], "hotel_price": ["245"]}, "6341966": {"hotel_name": "\u99a8\u4e4b\u5bb6\u670d\u52a1\u516c\u5bd3(\u5e7f\u5dde\u5357\u6c99\u4e07\u8fbe\u5e97)", "order_time": ["2019-01-24 03:36:14"], "total_order": 1, "hotel_value": ["4.5"], "hotel_price": ["133"]}, "6869405": {"hotel_name": "\u9038\u7c73\u9152\u5e97(\u5e7f\u5dde\u4e2d\u5c71\u516b\u5730\u94c1\u7ad9\u5e97)", "order_time": ["2019-01-24 03:37:42"], "total_order": 1, "hotel_value": ["4.4"], "hotel_price": ["178"]}, "19039299": {"hotel_name": "\u6a59\u5b50\u65f6\u5c1a\u516c\u5bd3(\u5e7f\u5dde\u53a6\u6ed8\u5730\u94c1\u7ad9\u5e97)", "order_time": ["2019-01-24 03:37:46"], "total_order": 1, "hotel_value": ["4.6"], "hotel_price": ["125"]}, "396593": {"hotel_name": "\u5e7f\u5dde\u793c\u987f\u9152\u5e97", "order_time": ["2019-01-24 03:37:46"], "total_order": 1, "hotel_value": ["4.6"], "hotel_price": ["750"]}, "4727485": {"hotel_name": "\u5fa1\u4e1c\u96c5\u82d1\u56fd\u9645\u516c\u5bd3(\u5e7f\u5dde\u7eaa\u5ff5\u5802\u5730\u94c1\u53e3\u5e97)", "order_time": ["2019-01-24 03:37:47"], "total_order": 1, "hotel_value": ["4.5"], "hotel_price": ["333"]}, "1773406": {"hotel_name": "\u9038\u7c73\u9152\u5e97(\u5e7f\u5dde\u82b3\u6751\u5730\u94c1\u7ad9\u5e97)", "order_time": ["2019-01-24 03:37:57"], "total_order": 1, "hotel_value": ["4.1"], "hotel_price": ["113"]}, "1622634": {"hotel_name": "\u5e7f\u5dde\u5bcc\u8bda\u5546\u52a1\u9152\u5e97", "order_time": ["2019-01-24 03:37:59"], "total_order": 1, "hotel_value": ["4.1"], "hotel_price": ["94"]}, "28472932": {"hotel_name": "\u5e7f\u5dde\u6590\u51e1\u516c\u4e3b\u5c0f\u9547\u516c\u5bd3(\u539f\u5764\u6e90\u516c\u5bd3)", "order_time": ["2019-01-24 03:39:48"], "total_order": 1, "hotel_value": [0], "hotel_price": ["226"]}, "997899": {"hotel_name": "\u5e7f\u5dde\u96f2\u51ef\u9152\u5e97", "order_time": ["2019-01-24 03:43:50", "2019-01-24 03:39:50"], "total_order": 2, "hotel_value": ["4.5", "4.5"], "hotel_price": ["330", "330"]}, "2857949": {"hotel_name": "\u5e7f\u5dde\u4f73\u7f8e\u9152\u5e97", "order_time": ["2019-01-24 03:39:50"], "total_order": 1, "hotel_value": ["4.4"], "hotel_price": ["138"]}, "792833": {"hotel_name": "\u5e7f\u5dde\u7ea2\u5e06\u9152\u5e97", "order_time": ["2019-01-24 03:39:51"], "total_order": 1, "hotel_value": ["4.1"], "hotel_price": ["209"]}, "5152637": {"hotel_name": "\u5e7f\u5dde\u9e3f\u6d32\u4e16\u7eaa\u9152\u5e97", "order_time": ["2019-01-24 03:39:51"], "total_order": 1, "hotel_value": ["4.3"], "hotel_price": ["291"]}, "1733882": {"hotel_name": "\u6587\u661f\u8fde\u9501\u9152\u5e97\u5e7f\u5dde\u534e\u666f\u65b0\u57ce\u5e97", "order_time": ["2019-01-24 03:39:52"], "total_order": 1, "hotel_value": ["4.3"], "hotel_price": ["119"]}, "1731946": {"hotel_name": "\u5e7f\u5dde\u6021\u4e50\u9152\u5e97", "order_time": ["2019-01-24 03:40:12"], "total_order": 1, "hotel_value": ["4.1"], "hotel_price": ["183"]}, "22418787": {"hotel_name": "\u5e7f\u5dde\u5c0f\u5f20\u516c\u5bd3", "order_time": ["2019-01-24 03:40:18"], "total_order": 1, "hotel_value": [0], "hotel_price": ["115"]}, "1978043": {"hotel_name": "\u5e7f\u5dde\u6b22\u5de2\u7cbe\u54c1\u9152\u5e97(\u539f\u4e50\u9152\u5e97\u6c38\u6cf0\u5730\u94c1\u7ad9\u5e97)", "order_time": ["2019-01-24 03:41:41"], "total_order": 1, "hotel_value": ["4.5"], "hotel_price": ["128"]}, "425915": {"hotel_name": "\u5e7f\u5dde\u65b0\u4e16\u7eaa\u9152\u5e97", "order_time": ["2019-01-24 03:41:43"], "total_order": 1, "hotel_value": ["4.3"], "hotel_price": ["339"]}, "6300521": {"hotel_name": "\u5929\u4f7f\u604b\u4eba\u4e3b\u9898\u9152\u5e97(\u5e7f\u5dde\u4e2d\u4fe1\u5e7f\u573a\u5e97)(\u539f\u4e2d\u6021\u60c5\u7f18\u5e97)", "order_time": ["2019-01-24 03:41:43"], "total_order": 1, "hotel_value": ["4.4"], "hotel_price": ["319"]}, "2725409": {"hotel_name": "\u563b\u54c8\u82f1\u4f26\u4eb2\u5b50\u5ea6\u5047\u516c\u5bd3(\u5e7f\u5dde\u756a\u79ba\u4e07\u8fbe\u5e97)", "order_time": ["2019-01-24 03:41:45"], "total_order": 1, "hotel_value": ["4.3"], "hotel_price": ["188"]}, "1693329": {"hotel_name": "Q\u52a0\u00b7\u5e7f\u5dde\u4e1c\u7ad9\u5fbd\u5cf0\u5a01\u5c3c\u56fd\u9645\u516c\u5bd3", "order_time": ["2019-01-24 03:41:46"], "total_order": 1, "hotel_value": ["4.3"], "hotel_price": ["254"]}, "8178939": {"hotel_name": "\u5e7f\u5dde\u83b1\u65af\u4e39\u987f\u56fd\u9645\u516c\u5bd3(\u539f\u4e50\u5c14\u66fc\u516c\u5bd3\u5e7f\u5dde\u5317\u4eac\u8def\u5e97)", "order_time": ["2019-01-24 03:41:46"], "total_order": 1, "hotel_value": ["4.6"], "hotel_price": ["254"]}, "454622": {"hotel_name": "\u5e7f\u5dde\u5609\u9038\u7687\u51a0\u9152\u5e97", "order_time": ["2019-01-24 03:41:49", "2019-01-24 03:57:50"], "total_order": 2, "hotel_value": ["4.5", "4.5"], "hotel_price": ["367", "367"]}, "1734419": {"hotel_name": "\u9e97\u67ab\u9152\u5e97(\u5e7f\u5dde\u4e0a\u4e0b\u4e5d\u6b65\u884c\u8857\u5e97)", "order_time": ["2019-01-24 03:41:49"], "total_order": 1, "hotel_value": ["4.7"], "hotel_price": ["326"]}, "2305427": {"hotel_name": "7\u5929\u8fde\u9501\u9152\u5e97(\u5e7f\u5dde\u519c\u6797\u4e0b\u8def\u533a\u5e84\u5730\u94c1\u7ad9\u5e97)", "order_time": ["2019-01-24 03:41:50"], "total_order": 1, "hotel_value": ["4.5"], "hotel_price": ["179"]}, "6724267": {"hotel_name": "\u5e7f\u5dde\u7ef4\u60a6\u670d\u52a1\u5f0f\u516c\u5bd3", "order_time": ["2019-01-24 03:41:55"], "total_order": 1, "hotel_value": ["4.7"], "hotel_price": ["262"]}, "2143370": {"hotel_name": "7\u5929\u8fde\u9501\u9152\u5e97(\u5e7f\u5dde\u5e02\u6865\u5927\u5317\u8def\u5730\u94c1\u7ad9\u5e97)(\u539f\u5409\u6854\u9152\u5e97)", "order_time": ["2019-01-24 03:43:42"], "total_order": 1, "hotel_value": ["4.3"], "hotel_price": ["93"]}, "443218": {"hotel_name": "\u6d2a\u6069\u9152\u5e97(\u5e7f\u5dde\u767d\u4e91\u673a\u573a\u5e97)", "order_time": ["2019-01-24 03:43:47"], "total_order": 1, "hotel_value": ["4.4"], "hotel_price": ["163"]}, "4119750": {"hotel_name": "\u9e97\u67ab\u9152\u5e97(\u5e7f\u5dde\u9ad8\u94c1\u5357\u7ad9\u77f3\u58c1\u5730\u94c1\u7ad9\u5e97)", "order_time": ["2019-01-24 03:43:49"], "total_order": 1, "hotel_value": ["4.7"], "hotel_price": ["481"]}, "3118606": {"hotel_name": "\u4e1c\u95e8\u516c\u5bd3(\u5e7f\u5dde\u7436\u6d32\u8d22\u7ecf\u5927\u5b66\u5e97)", "order_time": ["2019-01-24 03:43:50"], "total_order": 1, "hotel_value": ["4.2"], "hotel_price": ["94"]}, "19867059": {"hotel_name": "\u5e7f\u5dde67\u706b\u70c8\u9e1f\u4e3b\u9898\u9752\u5e74\u6c11\u5bbf", "order_time": ["2019-01-24 03:44:31"], "total_order": 1, "hotel_value": [0], "hotel_price": ["52"]}, "346487": {"hotel_name": "\u5e7f\u5dde\u4e07\u5bcc\u5e0c\u5c14\u987f\u9152\u5e97", "order_time": ["2019-01-24 03:45:47"], "total_order": 1, "hotel_value": ["4.6"], "hotel_price": ["780"]}, "444043": {"hotel_name": "\u5e7f\u5dde\u5609\u9038\u8c6a\u5ead\u9152\u5e97", "order_time": ["2019-01-24 03:45:54"], "total_order": 1, "hotel_value": ["4.4"], "hotel_price": ["450"]}, "3045028": {"hotel_name": "\u7ef4\u4e5f\u7eb3\u9152\u5e97(\u5e7f\u5dde\u673a\u573a\u8def\u9ec4\u77f3\u5e97)", "order_time": ["2019-01-24 03:51:58", "2019-01-24 03:45:56"], "total_order": 2, "hotel_value": ["4.9", "4.9"], "hotel_price": ["266", "266"]}, "449567": {"hotel_name": "\u7c73\u5a05\u9152\u5e97(\u5e7f\u5dde\u6c99\u6cb3\u5e97)(\u539f\u65b0\u5174\u5546\u52a1\u9152\u5e97)", "order_time": ["2019-01-24 03:46:05"], "total_order": 1, "hotel_value": ["4.0"], "hotel_price": ["149"]}, "4647380": {"hotel_name": "\u5e7f\u5dde\u82f1\u4f26\u516c\u5bd3", "order_time": ["2019-01-24 03:46:27"], "total_order": 1, "hotel_value": ["3.8"], "hotel_price": ["83"]}, "17493086": {"hotel_name": "\u7ef4\u4e5f\u7eb3\u56fd\u9645\u9152\u5e97(\u5e7f\u5dde\u6d77\u73e0\u5ba2\u8fd0\u7ad9\u5e97)", "order_time": ["2019-01-24 03:47:45"], "total_order": 1, "hotel_value": ["4.8"], "hotel_price": ["269"]}, "6870136": {"hotel_name": "\u5e7f\u5dde\u4fdd\u5229\u6d32\u9645\u9152\u5e97", "order_time": ["2019-01-24 03:47:46"], "total_order": 1, "hotel_value": ["4.7"], "hotel_price": ["1197"]}, "1732281": {"hotel_name": "\u6587\u661f\u8fde\u9501\u9152\u5e97(\u5e7f\u5dde\u5929\u5e73\u67b6\u5730\u94c1\u53e3\u5e97)", "order_time": ["2019-01-24 03:47:47"], "total_order": 1, "hotel_value": ["4.3"], "hotel_price": ["146"]}, "347024": {"hotel_name": "\u5e7f\u5dde\u5723\u4e30\u7d22\u83f2\u7279\u5927\u9152\u5e97", "order_time": ["2019-01-24 03:47:58"], "total_order": 1, "hotel_value": ["4.6"], "hotel_price": ["992"]}, "4105260": {"hotel_name": "\u5e7f\u5dde\u826f\u53cb\u542f\u7a0b\u9152\u5e97", "order_time": ["2019-01-24 03:49:41"], "total_order": 1, "hotel_value": ["4.5"], "hotel_price": ["172"]}, "23923689": {"hotel_name": "\u683c\u00b7\u5561\u7cbe\u9009\u516c\u5bd3(\u5e7f\u5dde\u65b0\u767d\u4e91\u56fd\u9645\u673a\u573a\u5e97)", "order_time": ["2019-01-24 03:49:48"], "total_order": 1, "hotel_value": ["4.6"], "hotel_price": ["117"]}, "7963234": {"hotel_name": "\u7ef4\u4e5f\u7eb3\u56fd\u9645\u9152\u5e97(\u5e7f\u5dde\u540c\u5fb7\u56f4\u5e97)", "order_time": ["2019-01-24 03:49:50"], "total_order": 1, "hotel_value": ["4.9"], "hotel_price": ["266"]}, "1452020": {"hotel_name": "\u5e7f\u5dde\u7687\u5723\u5927\u9152\u5e97", "order_time": ["2019-01-24 03:49:53"], "total_order": 1, "hotel_value": ["4.1"], "hotel_price": ["209"]}, "1583060": {"hotel_name": "\u6021\u83b1\u9152\u5e97(\u5e7f\u5dde\u5e02\u6865\u5730\u94c1\u7ad9\u5e97)", "order_time": ["2019-01-24 03:49:58"], "total_order": 1, "hotel_value": ["4.4"], "hotel_price": ["142"]}, "698072": {"hotel_name": "\u5317\u6d77\u7a3b\u9152\u5e97(\u5e7f\u5dde\u5357\u6c99\u5e97)", "order_time": ["2019-01-24 03:49:59"], "total_order": 1, "hotel_value": ["4.5"], "hotel_price": ["131"]}, "19597902": {"hotel_name": "ZMAX\u6f6e\u6f2b\u9152\u5e97(\u5e7f\u5dde\u65b0\u5858\u5730\u94c1\u7ad9\u559c\u8fbe\u534e\u5e97)", "order_time": ["2019-01-24 03:51:54"], "total_order": 1, "hotel_value": ["4.8"], "hotel_price": ["212"]}, "2726492": {"hotel_name": "\u9014\u5bd3\u4e3b\u9898\u516c\u5bd3(\u5e7f\u5dde\u756a\u79ba\u4e07\u8fbe\u5e97)(\u539f\u5e7f\u5dde\u5c0f\u65f6\u4ee3\u4e3b\u9898\u516c\u5bd3)", "order_time": ["2019-01-24 03:51:57"], "total_order": 1, "hotel_value": ["4.3"], "hotel_price": ["150"]}, "845654": {"hotel_name": "\u563b\u54c8\u9152\u5e97\u516c\u5bd3(\u5e7f\u5dde\u5408\u751f\u5e7f\u573a\u5e97)", "order_time": ["2019-01-24 03:52:05"], "total_order": 1, "hotel_value": ["4.1"], "hotel_price": ["196"]}, "909587": {"hotel_name": "\u5e7f\u5dde\u4e1c\u57ce\u5bbe\u9986", "order_time": ["2019-01-24 03:53:41"], "total_order": 1, "hotel_value": ["4.3"], "hotel_price": ["143"]}, "8395614": {"hotel_name": "\u9e97\u67ab\u9152\u5e97(\u5e7f\u5dde\u9ec4\u57d4\u6587\u51b2\u5730\u94c1\u7ad9\u5e97)", "order_time": ["2019-01-24 03:53:42"], "total_order": 1, "hotel_value": ["4.8"], "hotel_price": ["290"]}, "1072126": {"hotel_name": "\u65b0\u4e1c\u8c6a\u9152\u5e97(\u5e7f\u5dde\u673a\u573a\u5e97)", "order_time": ["2019-01-24 03:53:42"], "total_order": 1, "hotel_value": ["4.3"], "hotel_price": ["379"]}, "1695280": {"hotel_name": "\u5e7f\u5dde\u661f\u8f89\u5047\u65e5\u9152\u5e97", "order_time": ["2019-01-24 03:53:50"], "total_order": 1, "hotel_value": ["4.0"], "hotel_price": ["112"]}, "1740067": {"hotel_name": "\u5e7f\u5dde\u4f73\u4e50\u5546\u52a1\u9152\u5e97", "order_time": ["2019-01-24 03:54:05"], "total_order": 1, "hotel_value": ["3.2"], "hotel_price": ["178"]}, "21149333": {"hotel_name": "\u559c\u6765\u822a\u7a7a\u9152\u5e97(\u5e7f\u5dde\u65b0\u767d\u4e91\u56fd\u9645\u673a\u573a\u5e97)", "order_time": ["2019-01-24 03:55:45"], "total_order": 1, "hotel_value": ["4.8"], "hotel_price": ["148"]}, "2241085": {"hotel_name": "\u661f\u548c\u5546\u52a1\u9152\u5e97(\u5e7f\u5dde\u706b\u8f66\u4e1c\u7ad9\u6c99\u6cb3\u5e97)", "order_time": ["2019-01-24 03:55:48"], "total_order": 1, "hotel_value": ["4.3"], "hotel_price": ["140"]}, "1505177": {"hotel_name": "\u51ef\u798f\u5927\u9152\u5e97(\u5e7f\u5dde\u7ef4\u798f\u987f\u6b63\u4f73\u5e7f\u573a\u5e97)", "order_time": ["2019-01-24 03:56:01"], "total_order": 1, "hotel_value": ["3.9"], "hotel_price": ["226"]}, "15872094": {"hotel_name": "Q\u52a0\u00b7\u9014\u5c45\u9152\u5e97(\u5e7f\u5dde\u65b0\u767d\u4e91\u673a\u573a\u5e97)", "order_time": ["2019-01-24 03:57:43"], "total_order": 1, "hotel_value": ["4.7"], "hotel_price": ["142"]}, "1418729": {"hotel_name": "\u540c\u5409\u5047\u65e5\u9152\u5e97(\u5e7f\u5dde\u73e0\u6c5f\u65b0\u57ce\u5e97)", "order_time": ["2019-01-24 03:57:44"], "total_order": 1, "hotel_value": ["4.5"], "hotel_price": ["468"]}, "456187": {"hotel_name": "\u5e7f\u5dde\u5361\u5a01\u5c14\u9152\u5e97", "order_time": ["2019-01-24 03:57:50"], "total_order": 1, "hotel_value": ["4.5"], "hotel_price": ["362"]}, "23016621": {"hotel_name": "\u5168\u5b63\u9152\u5e97(\u5e7f\u5dde\u767d\u4e91\u673a\u573a\u5e97)", "order_time": ["2019-01-24 03:57:52"], "total_order": 1, "hotel_value": ["4.6"], "hotel_price": ["341"]}, "426941": {"hotel_name": "\u5e7f\u5dde\u53cb\u548c\u9152\u5e97", "order_time": ["2019-01-24 03:57:52"], "total_order": 1, "hotel_value": ["4.6"], "hotel_price": ["442"]}, "1579508": {"hotel_name": "\u6587\u661f\u8fde\u9501\u9152\u5e97(\u5e7f\u5dde\u51bc\u6751\u4e8c\u5e97)", "order_time": ["2019-01-24 03:57:53"], "total_order": 1, "hotel_value": ["4.4"], "hotel_price": ["249"]}, "5993495": {"hotel_name": "\u6021\u83b1\u9152\u5e97(\u5e7f\u5dde\u8f66\u9642\u5730\u94c1\u7ad9\u5e97)", "order_time": ["2019-01-24 03:57:57"], "total_order": 1, "hotel_value": ["4.2"], "hotel_price": ["127"]}, "22821986": {"hotel_name": "\u5e7f\u5dde\u4e0d\u5728\u9152\u5e97\u516c\u5bd3(\u539f\u6d77\u6708\u4e3b\u9898\u6c11\u5bbf)", "order_time": ["2019-01-24 03:57:58"], "total_order": 1, "hotel_value": ["4.7"], "hotel_price": ["149"]}, "2020091": {"hotel_name": "\u65b9\u6d01\u8fde\u9501\u9152\u5e97(\u5e7f\u5dde\u5929\u6cb3\u57ce\u5e97)", "order_time": ["2019-01-24 03:59:47"], "total_order": 1, "hotel_value": ["4.0"], "hotel_price": ["198"]}, "435378": {"hotel_name": "\u5e7f\u5dde\u65b0\u4e16\u754c\u5927\u9152\u5e97", "order_time": ["2019-01-24 03:59:54"], "total_order": 1, "hotel_value": ["4.2"], "hotel_price": ["238"]}, "431937": {"hotel_name": "\u5e7f\u5dde\u5609\u9038\u56fd\u9645\u9152\u5e97", "order_time": ["2019-01-24 03:59:57"], "total_order": 1, "hotel_value": ["4.5"], "hotel_price": ["609"]}, "4398207": {"hotel_name": "\u871c\u5ea6\u6cf0\u8fea\u7a7a\u4e2d\u82b1\u56ed\u9152\u5e97(\u5e7f\u5dde\u6c49\u6eaa\u957f\u9686\u5730\u94c1\u7ad9\u5e97)", "order_time": ["2019-01-24 03:59:59"], "total_order": 1, "hotel_value": ["3.9"], "hotel_price": ["226"]}, "8588460": {"hotel_name": "\u7d20\u820d2.0\u9152\u5e97(\u5e7f\u5dde\u5929\u6cb3\u5ba2\u8fd0\u7ad9\u5929\u7fbd\u5e97)", "order_time": ["2019-01-24 04:01:48"], "total_order": 1, "hotel_value": ["4.5"], "hotel_price": ["189"]}, "16161484": {"hotel_name": "\u7ea6\u9ec4\u84dd\u5f69\u8679\u516c\u5bd3(\u5e7f\u5dde\u5357\u7ad9\u5965\u56ed\u5e97)", "order_time": ["2019-01-24 04:02:44"], "total_order": 1, "hotel_value": ["4.4"], "hotel_price": ["188"]}}}