{"\u5f00\u59cb\u8bb0\u5f55\u65f6\u95f4": "2019-01-09 02:06:04", "\u7ed3\u675f\u8bb0\u5f55\u65f6\u95f4": "2019-01-09 03:33:50", "\u8ba2\u5355\u603b\u589e\u91cf": 349, "item": {"6261135": {"hotel_name": "\u6613\u6210\u56fd\u9645\u9152\u5e97\u516c\u5bd3(\u5e7f\u5dde\u5317\u4eac\u8def\u6377\u767b\u90fd\u4f1a\u5e97)", "order_time": ["2019-01-09 02:09:51"], "total_order": 1, "hotel_value": ["4.7"], "hotel_price": ["338"]}, "6504355": {"hotel_name": "\u67cf\u66fc\u9152\u5e97(\u5e7f\u5dde\u767d\u4e91\u673a\u573a\u5e97)(\u539f\u4eba\u548c\u5730\u94c1\u7ad9\u5e97)", "order_time": ["2019-01-09 02:09:53"], "total_order": 1, "hotel_value": ["4.6"], "hotel_price": ["206"]}, "745844": {"hotel_name": "\u79c1\u4eab\u5bb6\u8fde\u9501\u9152\u5e97\u516c\u5bd3(\u5e7f\u5dde\u73e0\u6c5f\u65b0\u57ce\u6c47\u5cf0\u5e97)", "order_time": ["2019-01-09 02:09:56"], "total_order": 1, "hotel_value": ["4.1"], "hotel_price": ["269"]}, "1622710": {"hotel_name": "\u670b\u6ee1\u516c\u5bd3\u5f0f\u9152\u5e97(\u5e7f\u5dde\u6b63\u4f73\u00b7\u73af\u5e02\u4e2d\u5fc3\u5206\u5e97)", "order_time": ["2019-01-09 02:09:56"], "total_order": 1, "hotel_value": ["4.4"], "hotel_price": ["284"]}, "1233759": {"hotel_name": "\u5e7f\u5dde\u9e3f\u5fb7\u56fd\u9645\u9152\u5e97", "order_time": ["2019-01-09 02:09:58"], "total_order": 1, "hotel_value": ["4.6"], "hotel_price": ["666"]}, "6928629": {"hotel_name": "\u6591\u6593\u5bb6\u516c\u5bd3(\u5e7f\u5dde\u4e0a\u4e0b\u4e5d\u5e97)", "order_time": ["2019-01-09 02:09:59"], "total_order": 1, "hotel_value": ["4.7"], "hotel_price": ["261"]}, "426591": {"hotel_name": "\u9e97\u67ab\u9152\u5e97(\u5e7f\u5dde\u957f\u9686\u5e02\u6865\u5730\u94c1\u7ad9\u6613\u53d1\u6b65\u884c\u8857\u5e97)", "order_time": ["2019-01-09 02:10:03"], "total_order": 1, "hotel_value": ["4.8"], "hotel_price": ["226"]}, "2304559": {"hotel_name": "7\u5929\u8fde\u9501\u9152\u5e97(\u5e7f\u5dde\u756a\u79ba\u949f\u6751\u5730\u94c1\u7ad9\u5e97)", "order_time": ["2019-01-09 02:10:05"], "total_order": 1, "hotel_value": ["4.3"], "hotel_price": ["99"]}, "1773976": {"hotel_name": "\u5586\u5561\u9152\u5e97(\u5e7f\u5dde\u77f3\u4e95\u57ce\u5e02\u5e7f\u573a\u5e97)", "order_time": ["2019-01-09 02:10:14"], "total_order": 1, "hotel_value": ["4.6"], "hotel_price": ["192"]}, "346960": {"hotel_name": "\u5e7f\u5dde\u4e1c\u65b9\u5bbe\u9986", "order_time": ["2019-01-09 02:11:46", "2019-01-09 03:07:44"], "total_order": 2, "hotel_value": ["4.4", "4.4"], "hotel_price": ["563", "563"]}, "396866": {"hotel_name": "\u5e7f\u5dde\u78a7\u6842\u56ed\u91d1\u53f6\u5b50\u6e29\u6cc9\u5ea6\u5047\u9152\u5e97", "order_time": ["2019-01-09 02:12:52"], "total_order": 1, "hotel_value": ["4.5"], "hotel_price": ["1149"]}, "2611679": {"hotel_name": "\u9e97\u67ab\u9152\u5e97(\u5e7f\u5dde\u592a\u53e4\u6c47\u5e7f\u573a\u77f3\u724c\u6865\u5730\u94c1\u7ad9\u5e97)", "order_time": ["2019-01-09 03:08:47", "2019-01-09 02:12:53"], "total_order": 2, "hotel_value": ["4.7", "4.7"], "hotel_price": ["451", "451"]}, "449138": {"hotel_name": "\u67cf\u9ad8\u9152\u5e97(\u5e7f\u5dde\u73e0\u6c5f\u65b0\u57ce\u8d5b\u9a6c\u573a\u5e97)", "order_time": ["2019-01-09 02:12:53"], "total_order": 1, "hotel_value": ["4.5"], "hotel_price": ["276"]}, "25368326": {"hotel_name": "\u9014\u5c45\u9152\u5e97(\u5e7f\u5dde\u673a\u573a\u5e97)", "order_time": ["2019-01-09 02:12:55"], "total_order": 1, "hotel_value": ["4.6"], "hotel_price": ["103"]}, "23942949": {"hotel_name": "\u5e7f\u5dde\u5609\u548c\u6e2f\u6e7e\u9152\u5e97", "order_time": ["2019-01-09 02:12:57"], "total_order": 1, "hotel_value": ["4.7"], "hotel_price": ["115"]}, "531967": {"hotel_name": "\u5e7f\u5dde\u589e\u57ce\u5bbe\u9986", "order_time": ["2019-01-09 02:12:59"], "total_order": 1, "hotel_value": ["4.5"], "hotel_price": ["389"]}, "1505169": {"hotel_name": "\u5e7f\u5dde\u5e7f\u60a6\u9152\u5e97", "order_time": ["2019-01-09 02:13:00"], "total_order": 1, "hotel_value": ["3.6"], "hotel_price": ["132"]}, "1100992": {"hotel_name": "\u5c1a\u54c1\u5047\u65e5\u9152\u5e97(\u5e7f\u5dde\u767d\u4e91\u56fd\u9645\u673a\u573a\u4e00\u5e97)", "order_time": ["2019-01-09 02:13:01"], "total_order": 1, "hotel_value": ["4.6"], "hotel_price": ["160"]}, "6870147": {"hotel_name": "\u6c5f\u5357\u897f\u9152\u5e97(\u5e7f\u5dde\u6e05\u6cb3\u4e2d\u8def\u5e97)", "order_time": ["2019-01-09 02:13:01"], "total_order": 1, "hotel_value": ["4.7"], "hotel_price": ["188"]}, "3364952": {"hotel_name": "\u6850\u559c\u9152\u5e97(\u5e7f\u5dde\u767d\u4e91\u5c71\u767d\u4e91\u5927\u9053\u5317\u5730\u94c1\u7ad9\u5e97)", "order_time": ["2019-01-09 02:13:01", "2019-01-09 03:03:04"], "total_order": 2, "hotel_value": ["4.5", "4.5"], "hotel_price": ["203", "203"]}, "10914866": {"hotel_name": "Q\u52a0\u00b7\u8def\u6613\u00b7\u65f6\u7a7a\u65d7\u8230\u5e97\u9152\u5e97\u516c\u5bd3(\u5e7f\u5dde\u65b0\u767d\u4e91\u56fd\u9645\u673a\u573a\u5e97)", "order_time": ["2019-01-09 03:00:13", "2019-01-09 02:13:02"], "total_order": 2, "hotel_value": ["4.7", "4.7"], "hotel_price": ["142", "142"]}, "9766773": {"hotel_name": "\u5e7f\u5dde\u767e\u987a\u9152\u5e97\u5f0f\u7cbe\u54c1\u516c\u5bd3\u706b\u8f66\u7ad9\u5e97", "order_time": ["2019-01-09 02:13:06"], "total_order": 1, "hotel_value": ["4.2"], "hotel_price": ["113"]}, "2300901": {"hotel_name": "7\u5929\u8fde\u9501\u9152\u5e97(\u5e7f\u5dde\u9ec4\u82b1\u5c97\u5730\u94c1\u7ad9\u5e97)", "order_time": ["2019-01-09 02:13:07"], "total_order": 1, "hotel_value": ["4.4"], "hotel_price": ["147"]}, "482165": {"hotel_name": "\u5e7f\u5dde\u4e34\u6c5f\u4e0a\u54c1\u7ef4\u798f\u987f\u516c\u5bd3(\u7436\u6d32\u4f1a\u5c55\u4e2d\u5fc3\u5e97)", "order_time": ["2019-01-09 02:13:09"], "total_order": 1, "hotel_value": ["4.4"], "hotel_price": ["258"]}, "9126209": {"hotel_name": "\u6a59\u9752\u7cbe\u54c1\u4e3b\u9898\u8f6c\u673a\u9152\u5e97\u516c\u5bd3(\u5e7f\u5dde\u767d\u4e91\u673a\u573a\u5e97)", "order_time": ["2019-01-09 02:13:11"], "total_order": 1, "hotel_value": ["4.4"], "hotel_price": ["96"]}, "2300711": {"hotel_name": "7\u5929\u4f18\u54c1\u9152\u5e97(\u5e7f\u5dde\u5929\u6cb3\u4f53\u80b2\u897f\u8def\u5730\u94c1\u7ad9\u5e97)", "order_time": ["2019-01-09 02:13:14"], "total_order": 1, "hotel_value": ["4.0"], "hotel_price": ["181"]}, "17041789": {"hotel_name": "\u5e7f\u5dde\u4e07\u4e50\u5bab\u5047\u65e5\u9152\u5e97", "order_time": ["2019-01-09 02:13:17"], "total_order": 1, "hotel_value": ["4.6"], "hotel_price": ["286"]}, "1692706": {"hotel_name": "\u5e7f\u5dde\u5609\u6c47\u9152\u5e97", "order_time": ["2019-01-09 02:13:18"], "total_order": 1, "hotel_value": ["4.4"], "hotel_price": ["137"]}, "1505378": {"hotel_name": "\u5bcc\u534e\u9152\u5e97\u5f0f\u7cbe\u54c1\u516c\u5bd3\uff08\u5e7f\u5dde\u6d77\u73e0\u5e7f\u573a\u5927\u5fb7\u8def\u5e97\uff09", "order_time": ["2019-01-09 02:13:19"], "total_order": 1, "hotel_value": ["4.1"], "hotel_price": ["93"]}, "1913974": {"hotel_name": "\u5e7f\u5dde\u540c\u5bcc\u5546\u52a1\u9152\u5e97", "order_time": ["2019-01-09 02:13:22"], "total_order": 1, "hotel_value": ["4.1"], "hotel_price": ["111"]}, "2399045": {"hotel_name": "\u901f8\u9152\u5e97(\u5e7f\u5dde\u65b0\u5858\u725b\u4ed4\u57ce\u5e97)", "order_time": ["2019-01-09 02:13:24"], "total_order": 1, "hotel_value": ["4.6"], "hotel_price": ["150"]}, "1762350": {"hotel_name": "\u661f\u9a7f\u56fd\u9645\u9152\u5e97\u516c\u5bd3(\u5e7f\u5dde\u4fdd\u5229\u4e2d\u8fbe\u5e7f\u573a\u5e97)", "order_time": ["2019-01-09 02:13:25"], "total_order": 1, "hotel_value": ["4.4"], "hotel_price": ["508"]}, "1593049": {"hotel_name": "\u5e7f\u5dde\u5c1a\u54c1\u516c\u5bd3", "order_time": ["2019-01-09 03:03:16", "2019-01-09 02:13:28"], "total_order": 2, "hotel_value": ["4.4", "4.4"], "hotel_price": ["66", "66"]}, "6031448": {"hotel_name": "\u5e7f\u5dde\u5357\u6c99\u5982\u5bb6\u516c\u5bd3", "order_time": ["2019-01-09 02:13:29"], "total_order": 1, "hotel_value": ["4.1"], "hotel_price": ["98"]}, "1549962": {"hotel_name": "\u5e7f\u5dde\u6c5f\u8377\u6708\u8272\u9152\u5e97", "order_time": ["2019-01-09 02:13:33"], "total_order": 1, "hotel_value": ["3.0"], "hotel_price": ["106"]}, "2999972": {"hotel_name": "\u5e7f\u5dde\u83b1\u601d\u987f\u9152\u5e97(\u539fA\u7cbe\u54c1\u9152\u5e97)", "order_time": ["2019-01-09 02:13:37", "2019-01-09 02:43:00"], "total_order": 2, "hotel_value": ["4.1", "4.1"], "hotel_price": ["77", "77"]}, "4835602": {"hotel_name": "\u5e7f\u5ddeMango\u4e3b\u9898\u9152\u5e97\u516c\u5bd3(\u8d22\u7ecf\u5927\u5b66\u5e97)", "order_time": ["2019-01-09 02:13:38"], "total_order": 1, "hotel_value": ["3.3"], "hotel_price": ["92"]}, "858605": {"hotel_name": "\u5e7f\u5dde\u83b2\u53d1\u5bbe\u9986", "order_time": ["2019-01-09 02:13:41"], "total_order": 1, "hotel_value": ["3.8"], "hotel_price": ["107"]}, "3053327": {"hotel_name": "\u6e2f\u6da6\u5bd3\u4e0a\u53cc\u57ce\u516c\u5bd3(\u5e7f\u5dde\u73e0\u6c5f\u65b0\u57ce\u7f8e\u56fd\u9886\u4e8b\u9986\u5e97)", "order_time": ["2019-01-09 02:15:54"], "total_order": 1, "hotel_value": ["4.3"], "hotel_price": ["308"]}, "8557542": {"hotel_name": "\u9014\u5bd3\u7cbe\u9009\u516c\u5bd3(\u5e7f\u5dde\u5317\u4eac\u8def\u8d8a\u79c0\u65f6\u5149\u5e97)(\u539f\u56e2\u4e00\u5927\u5730\u94c1\u7ad9\u5e97)", "order_time": ["2019-01-09 02:15:55"], "total_order": 1, "hotel_value": ["4.5"], "hotel_price": ["198"]}, "1504983": {"hotel_name": "\u5e7f\u5dde\u9ea6\u6995\u9152\u5e97", "order_time": ["2019-01-09 02:15:56", "2019-01-09 02:51:23"], "total_order": 2, "hotel_value": ["4.2", "4.2"], "hotel_price": ["184", "184"]}, "1691682": {"hotel_name": "\u5e7f\u4e1c\u9e45\u6f6d\u5bbe\u9986", "order_time": ["2019-01-09 02:15:59"], "total_order": 1, "hotel_value": ["4.3"], "hotel_price": ["229"]}, "1248330": {"hotel_name": "7\u5929\u8fde\u9501\u9152\u5e97(\u5e7f\u5dde\u767d\u4e91\u56fd\u9645\u673a\u573a\u4e8c\u5e97)", "order_time": ["2019-01-09 02:16:00"], "total_order": 1, "hotel_value": ["4.6"], "hotel_price": ["125"]}, "5209010": {"hotel_name": "\u4e3d\u8299\u9152\u5e97(\u5e7f\u5dde\u5ba2\u6751\u5730\u94c1\u7ad9\u5e7f\u5dde\u5854\u5e97)", "order_time": ["2019-01-09 02:16:01"], "total_order": 1, "hotel_value": ["4.3"], "hotel_price": ["214"]}, "6807468": {"hotel_name": "\u5e7f\u5dde\u5047\u65e5\u597d\u5f00\u5fc3\u56fd\u9645\u9152\u5e97", "order_time": ["2019-01-09 02:16:02"], "total_order": 1, "hotel_value": ["3.8"], "hotel_price": ["108"]}, "15825619": {"hotel_name": "\u68e0\u5bbf\u9152\u5e97(\u5e7f\u5dde\u756a\u79ba\u4e07\u8fbe\u5e97)", "order_time": ["2019-01-09 02:16:03"], "total_order": 1, "hotel_value": ["4.8"], "hotel_price": ["295"]}, "429309": {"hotel_name": "\u5e7f\u5dde\u4e5d\u9f99\u6e56\u516c\u4e3b\u9152\u5e97", "order_time": ["2019-01-09 02:16:04"], "total_order": 1, "hotel_value": ["4.6"], "hotel_price": ["668"]}, "1717623": {"hotel_name": "\u4e00\u5446\u516c\u5bd3\u00b7\u5e7f\u5dde\u4fdd\u5229\u4e2d\u8fbe", "order_time": ["2019-01-09 02:16:04"], "total_order": 1, "hotel_value": ["4.3"], "hotel_price": ["510"]}, "442372": {"hotel_name": "\u9526\u6c5f\u4e4b\u661f(\u5e7f\u5dde\u7436\u6d32\u4f1a\u5c55\u4e2d\u5fc3\u5e97)", "order_time": ["2019-01-09 02:16:04"], "total_order": 1, "hotel_value": ["4.3"], "hotel_price": ["180"]}, "986985": {"hotel_name": "\u5e7f\u5dde\u4e09\u5bd3\u5bbe\u9986", "order_time": ["2019-01-09 02:16:08"], "total_order": 1, "hotel_value": ["4.2"], "hotel_price": ["286"]}, "344995": {"hotel_name": "\u5e7f\u5dde\u4e2d\u5fc3\u7687\u51a0\u5047\u65e5\u9152\u5e97", "order_time": ["2019-01-09 02:16:08"], "total_order": 1, "hotel_value": ["4.6"], "hotel_price": ["1049"]}, "439263": {"hotel_name": "\u5e7f\u5dde\u4e07\u76db\u540d\u5bb6\u9152\u5e97", "order_time": ["2019-01-09 02:16:09"], "total_order": 1, "hotel_value": ["4.4"], "hotel_price": ["356"]}, "1899200": {"hotel_name": "\u9a7f\u4ead\u5c45\u9152\u5e97(\u5e7f\u5dde\u949f\u6751\u5730\u94c1\u7ad9\u5e97)", "order_time": ["2019-01-09 02:16:14"], "total_order": 1, "hotel_value": ["4.7"], "hotel_price": ["188"]}, "450723": {"hotel_name": "\u7ef4\u4e5f\u7eb3\u56fd\u9645\u9152\u5e97(\u5e7f\u5dde\u706b\u8f66\u7ad9\u5e97)(\u539f\u7ef4\u4e5f\u7eb3\u9152\u5e97\u4e09\u5143\u91cc\u5e97)", "order_time": ["2019-01-09 02:16:16"], "total_order": 1, "hotel_value": ["4.8"], "hotel_price": ["236"]}, "1297314": {"hotel_name": "\u5e7f\u5dde\u597d\u7f8e\u52a0\u9152\u5e97\u516c\u5bd3", "order_time": ["2019-01-09 02:16:25"], "total_order": 1, "hotel_value": ["4.1"], "hotel_price": ["131"]}, "963260": {"hotel_name": "\u7231\u4e1c\u7cbe\u54c1\u9152\u5e97(\u5e7f\u5dde\u98de\u7fd4\u516c\u56ed\u5e97)", "order_time": ["2019-01-09 02:16:28"], "total_order": 1, "hotel_value": ["4.4"], "hotel_price": ["102"]}, "5802872": {"hotel_name": "\u5c0f\u7a9d\u9752\u5e74\u65c5\u820d(\u5e7f\u5dde\u6768\u7b95\u5730\u94c1\u7ad9\u5e97)", "order_time": ["2019-01-09 02:18:52"], "total_order": 1, "hotel_value": ["4.8"], "hotel_price": ["55"]}, "24011220": {"hotel_name": "\u73e0\u5149\u661f\u5fa1\u56fd\u9645\u516c\u5bd3(\u5e7f\u5dde\u73e0\u6c5f\u65b0\u57ce\u5e97)", "order_time": ["2019-01-09 02:18:56"], "total_order": 1, "hotel_value": ["4.7"], "hotel_price": ["484"]}, "431298": {"hotel_name": "\u67cf\u9ad8\u9152\u5e97(\u5e7f\u5dde\u592a\u53e4\u6c47\u77f3\u724c\u6865\u5730\u94c1\u7ad9\u5e97)", "order_time": ["2019-01-09 02:18:56"], "total_order": 1, "hotel_value": ["4.3"], "hotel_price": ["278"]}, "4365989": {"hotel_name": "\u5c0a\u9886\u9152\u5e97\u5f0f\u516c\u5bd3(\u5e7f\u5dde\u589e\u57ce\u4e07\u8fbe\u5e7f\u573a\u5e97)", "order_time": ["2019-01-09 02:18:57"], "total_order": 1, "hotel_value": ["4.4"], "hotel_price": ["152"]}, "6655868": {"hotel_name": "\u5e7f\u5dde\u9753\u5929\u9601\u9152\u5e97(\u5317\u4eac\u8def\u6b65\u884c\u8857\u5e97)", "order_time": ["2019-01-09 02:19:01"], "total_order": 1, "hotel_value": ["4.1"], "hotel_price": ["179"]}, "690117": {"hotel_name": "\u5e7f\u5dde\u73e0\u6c5f\u65b0\u57ce\u6728\u83b2\u5e84\u9152\u5e97", "order_time": ["2019-01-09 02:19:02"], "total_order": 1, "hotel_value": ["4.5"], "hotel_price": ["356"]}, "396592": {"hotel_name": "\u5e7f\u5dde\u661f\u6cb3\u6e7e\u534a\u5c9b\u9152\u5e97", "order_time": ["2019-01-09 02:19:04"], "total_order": 1, "hotel_value": ["4.7"], "hotel_price": ["789"]}, "1965056": {"hotel_name": "\u7ef4\u4e5f\u7eb3\u56fd\u9645\u9152\u5e97(\u5e7f\u5dde\u4e1c\u5703\u5ba2\u8fd0\u7ad9\u5e97)", "order_time": ["2019-01-09 02:19:10"], "total_order": 1, "hotel_value": ["4.8"], "hotel_price": ["253"]}, "11936597": {"hotel_name": "\u5e7f\u5dde\u4e50\u9ad8\u9152\u5e97", "order_time": ["2019-01-09 02:19:18"], "total_order": 1, "hotel_value": ["4.4"], "hotel_price": ["112"]}, "1739173": {"hotel_name": "\u5e7f\u5dde\u53f2\u9047\u65c5\u9986", "order_time": ["2019-01-09 02:19:19"], "total_order": 1, "hotel_value": ["4.5"], "hotel_price": ["150"]}, "1693207": {"hotel_name": "\u4e50\u5c45\u8fde\u9501\u9152\u5e97(\u5e7f\u5dde\u4e1c\u5703\u5ba2\u8fd0\u7ad9\u5e97)", "order_time": ["2019-01-09 02:19:26"], "total_order": 1, "hotel_value": ["3.8"], "hotel_price": ["86"]}, "3000464": {"hotel_name": "\u822a\u7a7a\u660e\u73e0\u516c\u5bd3(\u5e7f\u5dde\u65b0\u767d\u4e91\u673a\u573a\u5e97)", "order_time": ["2019-01-09 02:28:13", "2019-01-09 02:19:29"], "total_order": 2, "hotel_value": ["4.1", "4.1"], "hotel_price": ["89", "89"]}, "10823281": {"hotel_name": "\u7eb3\u4f26\u516c\u7235\u9152\u5e97(\u5e7f\u5dde\u65b0\u767d\u4e91\u56fd\u9645\u673a\u573a\u4e8c\u5e97)", "order_time": ["2019-01-09 02:26:43", "2019-01-09 02:21:52"], "total_order": 2, "hotel_value": ["4.7", "4.7"], "hotel_price": ["143", "184"]}, "5309898": {"hotel_name": "\u5e7f\u5dde\u82b1\u7eaa\u9152\u5e97\u82b1\u90fd\u65b0\u534e\u5e97", "order_time": ["2019-01-09 02:21:53"], "total_order": 1, "hotel_value": ["4.4"], "hotel_price": ["116"]}, "8546406": {"hotel_name": "\u7cbe\u9014\u9152\u5e97\u5e7f\u5dde\u5e7f\u56ed\u5174\u53d1\u5e7f\u573a\u5e97", "order_time": ["2019-01-09 02:21:54"], "total_order": 1, "hotel_value": ["4.5"], "hotel_price": ["113"]}, "19859565": {"hotel_name": "\u9038\u5448\u9152\u5e97\u516c\u5bd3(\u5e7f\u5dde\u7436\u6d32\u4f1a\u5c55\u4e2d\u5fc3\u79d1\u97f5\u8def\u5e97)", "order_time": ["2019-01-09 02:21:55"], "total_order": 1, "hotel_value": ["4.6"], "hotel_price": ["226"]}, "2816412": {"hotel_name": "\u7231\u4e3d\u601d\u56fd\u9645\u9152\u5e97\u516c\u5bd3(\u5e7f\u5dde\u6cbf\u6c5f\u8def\u6c11\u95f4\u91d1\u878d\u5927\u53a6\u5e97)(\u539f\u5408\u597d\u9152\u5e97\u516c\u5bd3)", "order_time": ["2019-01-09 02:22:00"], "total_order": 1, "hotel_value": ["4.3"], "hotel_price": ["246"]}, "1162501": {"hotel_name": "\u5bd3\u7c73\u6b22\u805a\u516c\u5bd3(\u5e7f\u5dde\u6dd8\u91d1\u5730\u94c1\u7ad9\u6b63\u4f73\u73af\u5e02\u4e2d\u5fc3\u5e97)", "order_time": ["2019-01-09 02:22:02"], "total_order": 1, "hotel_value": ["4.3"], "hotel_price": ["253"]}, "1457074": {"hotel_name": "\u5168\u5b63\u9152\u5e97(\u5e7f\u5dde\u897f\u95e8\u53e3\u5e97)", "order_time": ["2019-01-09 02:22:05"], "total_order": 1, "hotel_value": ["4.5"], "hotel_price": ["400"]}, "9183043": {"hotel_name": "Q\u52a0\u00b7\u82ad\u63d0\u96c5\u9601\u516c\u5bd3(\u5e7f\u5dde\u5965\u56ed\u5e97)", "order_time": ["2019-01-09 02:22:07"], "total_order": 1, "hotel_value": ["4.5"], "hotel_price": ["166"]}, "2304529": {"hotel_name": "\u5409\u6854\u9152\u5e97(\u5e7f\u5dde\u52a8\u7269\u56ed\u9ec4\u82b1\u5c97\u5730\u94c1\u7ad9\u5e97)", "order_time": ["2019-01-09 02:22:08", "2019-01-09 02:28:01"], "total_order": 2, "hotel_value": ["3.9", "3.9"], "hotel_price": ["123", "123"]}, "3661896": {"hotel_name": "\u5e7f\u5dde\u5609\u529b\u8fbe\u9152\u5e97", "order_time": ["2019-01-09 02:22:09"], "total_order": 1, "hotel_value": ["4.3"], "hotel_price": ["196"]}, "19590751": {"hotel_name": "\u5e7f\u5dde\u7d2b\u4e91\u516c\u5bd3", "order_time": ["2019-01-09 02:22:15"], "total_order": 1, "hotel_value": ["4.7"], "hotel_price": ["153"]}, "473282": {"hotel_name": "\u6c49\u5ead\u9152\u5e97(\u5e7f\u5dde\u9ec4\u77f3\u5e97)", "order_time": ["2019-01-09 02:22:21"], "total_order": 1, "hotel_value": ["4.4"], "hotel_price": ["171"]}, "6014333": {"hotel_name": "\u5e7f\u5dde\u99a8\u5170\u65f6\u5c1a\u516c\u5bd3(\u539f\u7c73\u5170\u65f6\u5c1a\u516c\u5bd3)", "order_time": ["2019-01-09 02:22:32"], "total_order": 1, "hotel_value": ["3.4"], "hotel_price": ["111"]}, "4827221": {"hotel_name": "\u5e7f\u5dde\u5927\u5b66\u57ce\u5357\u4ead\u91d1\u97f5\u516c\u5bd3", "order_time": ["2019-01-09 02:22:34"], "total_order": 1, "hotel_value": ["4.4"], "hotel_price": ["62"]}, "17589173": {"hotel_name": "\u5e7f\u5dde\u54c1\u5448\u4e3b\u9898\u9152\u5e97\u516c\u5bd3", "order_time": ["2019-01-09 02:22:35"], "total_order": 1, "hotel_value": ["4.3"], "hotel_price": ["143"]}, "6724797": {"hotel_name": "\u5e7f\u5dde\u4e30\u6cfd\u4f4f\u5bbf", "order_time": ["2019-01-09 02:22:41"], "total_order": 1, "hotel_value": ["4.2"], "hotel_price": ["65"]}, "1692405": {"hotel_name": "\u5e7f\u5dde\u4e91\u6e2f\u5546\u65c5\u516c\u5bd3", "order_time": ["2019-01-09 02:23:02"], "total_order": 1, "hotel_value": ["4.5"], "hotel_price": ["70"]}, "2013491": {"hotel_name": "\u5e7f\u5dde\u88d5\u534e\u516c\u5bd3", "order_time": ["2019-01-09 02:23:02"], "total_order": 1, "hotel_value": ["3.5"], "hotel_price": ["50"]}, "1726949": {"hotel_name": "\u8fce\u5546\u9152\u5e97(\u5e7f\u5dde\u4e2d\u5c71\u516b\u5730\u94c1\u7ad9\u5e97)", "order_time": ["2019-01-09 02:24:49"], "total_order": 1, "hotel_value": ["4.5"], "hotel_price": ["237"]}, "746368": {"hotel_name": "\u5e7f\u5dde\u8bfa\u76df\u6c34\u5584\u574a\u9152\u5e97", "order_time": ["2019-01-09 02:24:50"], "total_order": 1, "hotel_value": ["4.5"], "hotel_price": ["265"]}, "1610378": {"hotel_name": "\u8fce\u5546\u9152\u5e97(\u5e7f\u5dde\u666f\u6cf0\u6b65\u884c\u8857\u5e97)", "order_time": ["2019-01-09 02:24:53"], "total_order": 1, "hotel_value": ["4.5"], "hotel_price": ["176"]}, "392495": {"hotel_name": "\u5e7f\u5dde\u5730\u4e2d\u6d77\u56fd\u9645\u9152\u5e97", "order_time": ["2019-01-09 02:24:55"], "total_order": 1, "hotel_value": ["4.5"], "hotel_price": ["463"]}, "6448675": {"hotel_name": "\u57ce\u5e02\u4fbf\u6377\u9152\u5e97(\u5e7f\u5dde\u589e\u57ce\u4e07\u8fbe\u5730\u94c1\u7ad9\u5e97)(\u539f\u4e07\u8fbe\u5e7f\u573a\u5e97)", "order_time": ["2019-01-09 02:36:56", "2019-01-09 02:25:03"], "total_order": 2, "hotel_value": ["4.5", "4.5"], "hotel_price": ["162", "162"]}, "3716921": {"hotel_name": "\u666f\u90fd\u5bbe\u9986(\u5e7f\u5dde\u9648\u5bb6\u7960\u5730\u94c1\u7ad9\u5e97)", "order_time": ["2019-01-09 02:25:08"], "total_order": 1, "hotel_value": ["4.4"], "hotel_price": ["156"]}, "4355354": {"hotel_name": "\u5e7f\u5dde\u7f8e\u4e4b\u65c5\u516c\u5bd3", "order_time": ["2019-01-09 02:25:08"], "total_order": 1, "hotel_value": ["4.8"], "hotel_price": ["87"]}, "1518436": {"hotel_name": "\u5e7f\u5dde\u5929\u8c6a\u5927\u9152\u5e97", "order_time": ["2019-01-09 02:25:09"], "total_order": 1, "hotel_value": ["4.2"], "hotel_price": ["260"]}, "1732428": {"hotel_name": "\u5e7f\u5dde\u5fae\u5bb6\u4e3b\u9898\u516c\u5bd3(\u5965\u56ed\u5e7f\u573a\u5e97)", "order_time": ["2019-01-09 02:25:27"], "total_order": 1, "hotel_value": ["4.3"], "hotel_price": ["150"]}, "27336395": {"hotel_name": "\u5c1a\u5ba2\u4f18\u54c1active\u9152\u5e97(\u5e7f\u5dde\u677f\u6865\u5730\u94c1\u7ad9\u5e97)", "order_time": ["2019-01-09 02:27:47"], "total_order": 1, "hotel_value": ["4.9"], "hotel_price": ["179"]}, "21796643": {"hotel_name": "\u5e7f\u5dde\u94c2\u60a6\u00b7\u661f\u7a0b\u9152\u5e97\uff08\u65b0\u767d\u4e91\u56fd\u9645\u673a\u573a\u9ad8\u589e\u5e97\uff09", "order_time": ["2019-01-09 02:27:47"], "total_order": 1, "hotel_value": ["4.7"], "hotel_price": ["89"]}, "542742": {"hotel_name": "\u7ef4\u4e5f\u7eb3\u9152\u5e97(\u5e7f\u5dde\u756a\u79ba\u9a6c\u620f\u5e97)", "order_time": ["2019-01-09 02:27:48"], "total_order": 1, "hotel_value": ["4.9"], "hotel_price": ["275"]}, "21806928": {"hotel_name": "\u4f70\u5408\u7cbe\u9009\u56fd\u9645\u5ea6\u5047\u516c\u5bd3(\u5e7f\u5dde\u5408\u751f\u5e7f\u573a\u5e97)", "order_time": ["2019-01-09 02:27:51"], "total_order": 1, "hotel_value": ["4.8"], "hotel_price": ["228"]}, "15029384": {"hotel_name": "\u5e7f\u5dde\u957f\u9686\u718a\u732b\u9152\u5e97", "order_time": ["2019-01-09 02:27:57"], "total_order": 1, "hotel_value": ["4.7"], "hotel_price": ["986"]}, "439130": {"hotel_name": "\u6e2f\u6da6\u4e1c\u4e9a\u5927\u9152\u5e97(\u5e7f\u5dde\u6cbf\u6c5f\u957f\u63d0\u5927\u9a6c\u8def\u5e97)(\u539f\u4e1c\u4e9a\u5927\u9152\u5e97)", "order_time": ["2019-01-09 02:27:58"], "total_order": 1, "hotel_value": ["4.4"], "hotel_price": ["253"]}, "441499": {"hotel_name": "\u5e7f\u5dde\u6d41\u82b1\u5bbe\u9986", "order_time": ["2019-01-09 02:27:59"], "total_order": 1, "hotel_value": ["4.4"], "hotel_price": ["340"]}, "6290625": {"hotel_name": "\u5409\u6854\u9152\u5e97(\u5e7f\u5dde\u6c5f\u6cf0\u8def\u5730\u94c1\u7ad9\u4e07\u79d1\u91cc\u5e97)", "order_time": ["2019-01-09 02:28:00"], "total_order": 1, "hotel_value": ["4.2"], "hotel_price": ["160"]}, "2217683": {"hotel_name": "\u5e7f\u5dde\u4e1c\u6c5f\u5927\u9152\u5e97", "order_time": ["2019-01-09 02:28:08"], "total_order": 1, "hotel_value": ["4.2"], "hotel_price": ["246"]}, "2300768": {"hotel_name": "7\u5929\u8fde\u9501\u9152\u5e97(\u5e7f\u5dde\u4e2d\u534e\u5e7f\u573a\u5e97)", "order_time": ["2019-01-09 02:28:08"], "total_order": 1, "hotel_value": ["4.0"], "hotel_price": ["208"]}, "7215597": {"hotel_name": "\u7ef4\u4e5f\u7eb3\u9152\u5e97(\u5e7f\u5dde\u5609\u79be\u671b\u5c97\u5730\u94c1\u7ad9\u5e97)", "order_time": ["2019-01-09 02:28:09"], "total_order": 1, "hotel_value": ["4.8"], "hotel_price": ["232"]}, "3200599": {"hotel_name": "\u5e7f\u5dde\u7eff\u6e90\u5546\u52a1\u516c\u5bd3", "order_time": ["2019-01-09 02:28:13"], "total_order": 1, "hotel_value": ["4.3"], "hotel_price": ["156"]}, "1575834": {"hotel_name": "\u5e03\u4e01\u9152\u5e97(\u5e7f\u5dde\u756a\u79ba\u6d1b\u6eaa\u5730\u94c1\u7ad9\u5e97)", "order_time": ["2019-01-09 03:09:13", "2019-01-09 02:28:13"], "total_order": 2, "hotel_value": ["4.0", "4.0"], "hotel_price": ["97", "97"]}, "1808736": {"hotel_name": "\u5e7f\u5dde\u4e3d\u81fb\u5546\u52a1\u9152\u5e97", "order_time": ["2019-01-09 02:28:13"], "total_order": 1, "hotel_value": ["4.3"], "hotel_price": ["143"]}, "1697150": {"hotel_name": "7\u5929\u8fde\u9501\u9152\u5e97(\u5e7f\u5dde\u5927\u77f3\u5730\u94c1\u7ad9\u756a\u79ba\u9a6c\u620f\u5e97)", "order_time": ["2019-01-09 02:28:13"], "total_order": 1, "hotel_value": ["4.4"], "hotel_price": ["109"]}, "9858907": {"hotel_name": "\u5e7f\u5dde\u4ea6\u6668\u516c\u5bd3", "order_time": ["2019-01-09 02:28:13"], "total_order": 1, "hotel_value": ["4.2"], "hotel_price": ["104"]}, "1623560": {"hotel_name": "\u80dc\u9f99\u8fde\u9501\u9152\u5e97(\u5e7f\u5dde\u756a\u79ba\u5e7f\u573a\u5730\u94c1\u7ad9\u5e97)", "order_time": ["2019-01-09 02:28:13"], "total_order": 1, "hotel_value": ["4.2"], "hotel_price": ["136"]}, "2032025": {"hotel_name": "\u5c71\u6c34\u65f6\u5c1a\u9152\u5e97(\u5e7f\u5dde\u73e0\u6751\u5e97)", "order_time": ["2019-01-09 02:28:13"], "total_order": 1, "hotel_value": ["4.5"], "hotel_price": ["259"]}, "2143296": {"hotel_name": "7\u5929\u8fde\u9501\u9152\u5e97(\u5e7f\u5dde\u767d\u4e91\u6c38\u6cf0\u5730\u94c1\u7ad9\u5e97)", "order_time": ["2019-01-09 02:28:13"], "total_order": 1, "hotel_value": ["4.3"], "hotel_price": ["134"]}, "1739102": {"hotel_name": "e\u5bb6\u8fde\u9501\u9152\u5e97(\u5e7f\u5dde\u5357\u6d32\u5730\u94c1\u7ad9\u5e97)", "order_time": ["2019-01-09 02:28:13"], "total_order": 1, "hotel_value": ["4.0"], "hotel_price": ["111"]}, "6258600": {"hotel_name": "\u5e7f\u5dde\u50b2\u6e38\u9152\u5e97\u516c\u5bd3", "order_time": ["2019-01-09 02:28:13"], "total_order": 1, "hotel_value": ["4.4"], "hotel_price": ["367"]}, "6110414": {"hotel_name": "\u5e7f\u5dde\u94c1\u7a0b\u9152\u5e97", "order_time": ["2019-01-09 02:28:13"], "total_order": 1, "hotel_value": ["4.4"], "hotel_price": ["151"]}, "968874": {"hotel_name": "\u5168\u5b63\u9152\u5e97(\u5e7f\u5dde\u8d8a\u79c0\u516c\u56ed\u5e97)", "order_time": ["2019-01-09 02:28:13"], "total_order": 1, "hotel_value": ["4.5"], "hotel_price": ["505"]}, "1502150": {"hotel_name": "\u5982\u5bb6\u5feb\u6377\u9152\u5e97(\u5e7f\u5dde\u73e0\u6c5f\u65b0\u57ce\u5e97)", "order_time": ["2019-01-09 02:28:13"], "total_order": 1, "hotel_value": ["4.4"], "hotel_price": ["271"]}, "781388": {"hotel_name": "\u5e7f\u5dde\u6c5f\u590f\u5546\u52a1\u9152\u5e97", "order_time": ["2019-01-09 02:28:13"], "total_order": 1, "hotel_value": ["4.3"], "hotel_price": ["98"]}, "6108090": {"hotel_name": "\u5e7f\u5dde\u9f99\u90fd\u5927\u9152\u5e97", "order_time": ["2019-01-09 02:28:13", "2019-01-09 03:06:22"], "total_order": 2, "hotel_value": ["4.4", "4.4"], "hotel_price": ["104", "104"]}, "9648563": {"hotel_name": "\u5e7f\u5dde\u56ed\u827a\u9152\u5e97\u516c\u5bd3(\u65b0\u57ce\u56fd\u9645\u5e97)", "order_time": ["2019-01-09 02:28:13"], "total_order": 1, "hotel_value": ["4.6"], "hotel_price": ["179"]}, "19743964": {"hotel_name": "\u897f\u96c5\u56fe\u516c\u5bd3(\u5e7f\u5dde\u7436\u6d32\u4e1c\u5703\u5ba2\u8fd0\u7ad9\u5e97)", "order_time": ["2019-01-09 02:28:13"], "total_order": 1, "hotel_value": ["4.4"], "hotel_price": ["151"]}, "1505143": {"hotel_name": "\u5e7f\u5dde\u7f8e\u5170\u5546\u52a1\u9152\u5e97", "order_time": ["2019-01-09 02:28:13"], "total_order": 1, "hotel_value": ["3.9"], "hotel_price": ["159"]}, "1647688": {"hotel_name": "\u5e7f\u5dde\u67cf\u6d69\u5546\u52a1\u9152\u5e97", "order_time": ["2019-01-09 02:28:22"], "total_order": 1, "hotel_value": ["3.6"], "hotel_price": ["134"]}, "6301860": {"hotel_name": "\u5e1d\u4fa8\u9152\u5e97(\u5e7f\u5dde\u5ba2\u6751\u5730\u94c1\u7ad9\u6566\u548c\u5e97)", "order_time": ["2019-01-09 02:28:22", "2019-01-09 02:54:29"], "total_order": 2, "hotel_value": ["4.4", "4.4"], "hotel_price": ["241", "241"]}, "1700334": {"hotel_name": "\u5e7f\u5dde\u6c5f\u6cf0\u9152\u5e97", "order_time": ["2019-01-09 02:28:22"], "total_order": 1, "hotel_value": ["4.0"], "hotel_price": ["106"]}, "2300846": {"hotel_name": "7\u5929\u8fde\u9501\u9152\u5e97(\u5e7f\u5dde\u9ec4\u6c99\u5730\u94c1\u7ad9\u5e97)", "order_time": ["2019-01-09 02:28:22"], "total_order": 1, "hotel_value": ["4.3"], "hotel_price": ["92"]}, "1505146": {"hotel_name": "\u5e7f\u5dde\u94f6\u7fd4\u65c5\u5e97", "order_time": ["2019-01-09 02:28:25"], "total_order": 1, "hotel_value": ["4.2"], "hotel_price": ["94"]}, "5237987": {"hotel_name": "\u9038\u7c73\u9152\u5e97(\u5e7f\u5dde\u841d\u5c97\u9999\u96ea\u5730\u94c1\u7ad9\u5e97)(\u539f\u8354\u7ea2\u9152\u5e97)", "order_time": ["2019-01-09 02:30:52"], "total_order": 1, "hotel_value": ["4.4"], "hotel_price": ["178"]}, "8039051": {"hotel_name": "LOVE\u4e3b\u9898\u516c\u5bd3(\u5e7f\u5dde\u4e07\u8fbe\u6c49\u6eaa\u957f\u9686\u5730\u94c1\u7ad9)", "order_time": ["2019-01-09 02:31:02"], "total_order": 1, "hotel_value": ["4.6"], "hotel_price": ["117"]}, "28096935": {"hotel_name": "\u5e7f\u5dde\u6a59\u7a0b\u516c\u5bd3", "order_time": ["2019-01-09 02:31:06"], "total_order": 1, "hotel_value": ["5.0"], "hotel_price": ["206"]}, "23154067": {"hotel_name": "\u7ef4\u591a\u5229\u4e9a\u516c\u5bd3(\u5e7f\u5dde\u5965\u56ed\u5e7f\u573a\u5e97)", "order_time": ["2019-01-09 02:33:44"], "total_order": 1, "hotel_value": ["4.7"], "hotel_price": ["236"]}, "6082046": {"hotel_name": "\u7ef4\u5ea6\u9152\u5e97\u5f0f\u516c\u5bd3(\u5e7f\u5dde\u8d8a\u79c0\u516c\u56ed\u706b\u8f66\u7ad9\u5e97)", "order_time": ["2019-01-09 02:33:45"], "total_order": 1, "hotel_value": ["4.6"], "hotel_price": ["226"]}, "15963676": {"hotel_name": "\u4e50\u5bb6\u8f69HOME\u56fd\u9645\u5546\u52a1\u516c\u5bd3(\u5e7f\u5dde\u7436\u6d32\u4f1a\u5c55\u4fdd\u5229\u5929\u60a6\u5e97)", "order_time": ["2019-01-09 02:33:48"], "total_order": 1, "hotel_value": ["4.6"], "hotel_price": ["371"]}, "4509120": {"hotel_name": "\u901f8\u9152\u5e97(\u5e7f\u5dde\u6c5f\u5357\u897f\u5730\u94c1\u7ad9\u5e97)", "order_time": ["2019-01-09 02:33:49"], "total_order": 1, "hotel_value": ["4.2"], "hotel_price": ["124"]}, "6294989": {"hotel_name": "\u5979\u4ed6\u4f1a\u670d\u52a1\u516c\u5bd3(\u5e7f\u5dde\u6613\u901a\u5927\u53a6\u5e97)", "order_time": ["2019-01-09 02:33:49"], "total_order": 1, "hotel_value": ["4.6"], "hotel_price": ["273"]}, "15872094": {"hotel_name": "Q\u52a0\u00b7\u9014\u5c45\u9152\u5e97(\u5e7f\u5dde\u65b0\u767d\u4e91\u673a\u573a\u5e97)", "order_time": ["2019-01-09 02:33:51"], "total_order": 1, "hotel_value": ["4.7"], "hotel_price": ["138"]}, "1044943": {"hotel_name": "\u5982\u5bb6\u5feb\u6377\u9152\u5e97(\u5e7f\u5dde\u4e0a\u4e0b\u4e5d\u957f\u5bff\u8def\u5730\u94c1\u7ad9\u5e97)", "order_time": ["2019-01-09 02:33:51"], "total_order": 1, "hotel_value": ["4.7"], "hotel_price": ["157"]}, "419302": {"hotel_name": "\u5e7f\u5dde\u957f\u9686\u9152\u5e97", "order_time": ["2019-01-09 02:33:52"], "total_order": 1, "hotel_value": ["4.6"], "hotel_price": ["896"]}, "419887": {"hotel_name": "\u5e7f\u5dde\u767d\u4e91\u673a\u573a\u94c2\u5c14\u66fc\u5927\u9152\u5e97", "order_time": ["2019-01-09 02:33:53"], "total_order": 1, "hotel_value": ["4.7"], "hotel_price": ["1068"]}, "374613": {"hotel_name": "\u5e7f\u5dde\u8fbe\u9556\u56fd\u9645\u9152\u5e97", "order_time": ["2019-01-09 02:33:53"], "total_order": 1, "hotel_value": ["4.3"], "hotel_price": ["346"]}, "5477373": {"hotel_name": "\u5e7f\u5dde\u51ef\u5c14\u5361\u987f\u5927\u9152\u5e97", "order_time": ["2019-01-09 02:33:54"], "total_order": 1, "hotel_value": ["4.4"], "hotel_price": ["438"]}, "1505460": {"hotel_name": "\u5e7f\u5dde\u65b0\u4e00\u516d\u9152\u5e97", "order_time": ["2019-01-09 02:34:02"], "total_order": 1, "hotel_value": ["3.9"], "hotel_price": ["86"]}, "1505509": {"hotel_name": "\u5feb8\u8fde\u9501\u9152\u5e97(\u5e7f\u5dde\u5357\u65b9\u533b\u9662\u5e97)(\u539f\u5357\u65b9\u533b\u79d1\u5927\u5b66\u5e97)", "order_time": ["2019-01-09 02:36:35"], "total_order": 1, "hotel_value": ["4.0"], "hotel_price": ["110"]}, "26447837": {"hotel_name": "\u5e7f\u5dde\u767e\u60a6\u7cbe\u9009\u516c\u5bd3(\u65b0\u767d\u4e91\u56fd\u9645\u673a\u573a\u5e97)", "order_time": ["2019-01-09 02:36:38"], "total_order": 1, "hotel_value": ["4.9"], "hotel_price": ["150"]}, "1505496": {"hotel_name": "\u5e7f\u5dde\u9526\u6d32\u5927\u9152\u5e97", "order_time": ["2019-01-09 02:36:42"], "total_order": 1, "hotel_value": ["4.0"], "hotel_price": ["216"]}, "2021110": {"hotel_name": "\u5e7f\u5dde\u6c47\u534e\u5e0c\u5c14\u987f\u9038\u6797\u9152\u5e97", "order_time": ["2019-01-09 02:36:47"], "total_order": 1, "hotel_value": ["4.6"], "hotel_price": ["659"]}, "1731421": {"hotel_name": "\u5fae\u516b\u9038\u5c45\u9152\u5e97(\u5e7f\u5dde\u706b\u8f66\u7ad9\u5e97)(\u539f\u5fae\u516b\u9152\u5e97\u6893\u5143\u5c97\u5e97)", "order_time": ["2019-01-09 02:36:47"], "total_order": 1, "hotel_value": ["4.6"], "hotel_price": ["220"]}, "7963234": {"hotel_name": "\u7ef4\u4e5f\u7eb3\u56fd\u9645\u9152\u5e97(\u5e7f\u5dde\u540c\u5fb7\u56f4\u5e97)", "order_time": ["2019-01-09 02:36:48"], "total_order": 1, "hotel_value": ["4.9"], "hotel_price": ["338"]}, "6283645": {"hotel_name": "\u6a2a\u5e45\u9152\u5e97\u516c\u5bd3(\u5e7f\u5dde\u6b63\u4f73\u5e7f\u573a\u5e97)(\u539f\u9047\u90bb\u90bb\u516c\u5bd3)", "order_time": ["2019-01-09 02:36:55"], "total_order": 1, "hotel_value": ["4.5"], "hotel_price": ["418"]}, "1936863": {"hotel_name": "\u9f99\u4f1a\u9152\u5e97(\u5e7f\u5dde\u8fce\u798f\u5e97)", "order_time": ["2019-01-09 02:36:58"], "total_order": 1, "hotel_value": ["3.9"], "hotel_price": ["269"]}, "23858000": {"hotel_name": "\u7ef4\u4e5f\u7eb3\u56fd\u9645\u9152\u5e97(\u5e7f\u5dde\u5317\u7ad9\u65b0\u96c5\u5e97)", "order_time": ["2019-01-09 02:36:59"], "total_order": 1, "hotel_value": ["4.9"], "hotel_price": ["186"]}, "1470337": {"hotel_name": "\u5e7f\u5dde\u4fca\u8363\u9152\u5e97", "order_time": ["2019-01-09 02:36:59"], "total_order": 1, "hotel_value": ["3.8"], "hotel_price": ["132"]}, "2229611": {"hotel_name": "\u5e7f\u5dde\u4e1c\u68ee\u9152\u5e97", "order_time": ["2019-01-09 02:37:00"], "total_order": 1, "hotel_value": ["3.6"], "hotel_price": ["118"]}, "2125918": {"hotel_name": "\u5e7f\u5dde\u51ef\u4f26\u9152\u5e97", "order_time": ["2019-01-09 02:37:01"], "total_order": 1, "hotel_value": ["4.1"], "hotel_price": ["186"]}, "15886909": {"hotel_name": "\u5e7f\u5dde\u7231\u7f8e\u5bd3\u516c\u5bd3\u9152\u5e97", "order_time": ["2019-01-09 02:37:08"], "total_order": 1, "hotel_value": ["4.7"], "hotel_price": ["188"]}, "5795647": {"hotel_name": "\u5e7f\u5dde\u589e\u57ce\u5e1d\u666f\u9152\u5e97", "order_time": ["2019-01-09 03:20:44", "2019-01-09 02:37:08"], "total_order": 2, "hotel_value": ["4.0", "4.0"], "hotel_price": ["132", "132"]}, "2505224": {"hotel_name": "\u5e7f\u5dde\u5fb7\u5229\u83b1\u65af\u4e3b\u9898\u9152\u5e97", "order_time": ["2019-01-09 02:37:10"], "total_order": 1, "hotel_value": ["4.0"], "hotel_price": ["132"]}, "1973826": {"hotel_name": "\u9047\u89c1\u65f6\u5c1a\u9152\u5e97(\u5e7f\u5dde\u77f3\u4e95\u57ce\u5e02\u5e7f\u573a\u5e97)", "order_time": ["2019-01-09 02:37:10"], "total_order": 1, "hotel_value": ["3.9"], "hotel_price": ["99"]}, "4828011": {"hotel_name": "\u5e7f\u5dde\u589e\u57ce\u65b0\u5858\u946b\u65fa\u9152\u5e97", "order_time": ["2019-01-09 02:37:11"], "total_order": 1, "hotel_value": ["4.2"], "hotel_price": ["74"]}, "8511668": {"hotel_name": "\u5e7f\u5dde\u6e2f\u9f99\u4f4f\u5bbf", "order_time": ["2019-01-09 02:37:22"], "total_order": 1, "hotel_value": [0], "hotel_price": ["47"]}, "8358078": {"hotel_name": "\u5e7f\u5dde\u6b27\u5c1a\u9152\u5e97\u65b0\u5858\u5e7f\u573a\u5e97", "order_time": ["2019-01-09 02:37:23"], "total_order": 1, "hotel_value": ["4.2"], "hotel_price": ["80"]}, "8020330": {"hotel_name": "\u5e7f\u5dde\u5b81\u9999\u9152\u5e97", "order_time": ["2019-01-09 02:37:23"], "total_order": 1, "hotel_value": [0], "hotel_price": ["89"]}, "7062716": {"hotel_name": "\u5e7f\u5dde\u5fa1\u7693\u9152\u5e97", "order_time": ["2019-01-09 02:37:23"], "total_order": 1, "hotel_value": ["4.0"], "hotel_price": ["116"]}, "7057651": {"hotel_name": "\u5e7f\u5dde\u8349\u6839\u9752\u5e74\u65c5\u820d", "order_time": ["2019-01-09 02:37:23"], "total_order": 1, "hotel_value": ["1.5"], "hotel_price": ["25"]}, "6938465": {"hotel_name": "\u7a57\u57ce\u9152\u5e97", "order_time": ["2019-01-09 02:37:23"], "total_order": 1, "hotel_value": [0], "hotel_price": ["90"]}, "1058300": {"hotel_name": "\u65b9\u6d01\u597d\u6765\u90fd\u9152\u5e97(\u5e7f\u5dde\u706b\u8f66\u7ad9\u5e97)", "order_time": ["2019-01-09 02:39:32"], "total_order": 1, "hotel_value": ["4.3"], "hotel_price": ["138"]}, "4382421": {"hotel_name": "\u79a7\u9f99\u5bbe\u9986(\u5e7f\u5dde\u6cbf\u6c5f\u4e2d\u8def\u5e97)", "order_time": ["2019-01-09 02:39:33"], "total_order": 1, "hotel_value": ["4.2"], "hotel_price": ["124"]}, "9078219": {"hotel_name": "\u94a7\u73ba\u4e3b\u9898\u516c\u5bd3(\u5e7f\u5dde\u5ba2\u6751\u5408\u751f\u5e7f\u573a\u5e97)", "order_time": ["2019-01-09 02:39:35"], "total_order": 1, "hotel_value": ["4.7"], "hotel_price": ["226"]}, "5753099": {"hotel_name": "\u58f9\u52a0\u58f9\u7cbe\u54c1\u9152\u5e97(\u5e7f\u5dde\u65b0\u767d\u4e91\u56fd\u9645\u673a\u573a\u5e97)", "order_time": ["2019-01-09 02:39:35"], "total_order": 1, "hotel_value": ["4.7"], "hotel_price": ["139"]}, "6170390": {"hotel_name": "\u5e7f\u5dde\u9014\u4e4b\u5bb6\u7cbe\u54c1\u9152\u5e97\u5f0f\u516c\u5bd3", "order_time": ["2019-01-09 02:39:36"], "total_order": 1, "hotel_value": ["4.6"], "hotel_price": ["100"]}, "2107853": {"hotel_name": "\u6e2f\u6c47\u7cbe\u54c1\u9152\u5e97(\u5e7f\u5dde\u91ce\u751f\u52a8\u7269\u56ed\u666f\u533a\u5e97)", "order_time": ["2019-01-09 02:39:36"], "total_order": 1, "hotel_value": ["4.7"], "hotel_price": ["153"]}, "21133978": {"hotel_name": "\u5170\u65af\u4e3b\u9898\u9152\u5e97(\u5e7f\u5dde\u65b0\u767d\u4e91\u56fd\u9645\u673a\u573a\u5e97)", "order_time": ["2019-01-09 02:48:27", "2019-01-09 02:54:19", "2019-01-09 02:39:37"], "total_order": 3, "hotel_value": ["4.8", "4.8", "4.8"], "hotel_price": ["193", "193", "193"]}, "5792241": {"hotel_name": "\u5947\u5e7b\u9a6c\u620f\u516c\u9986(\u5e7f\u5dde\u6c49\u6eaa\u957f\u9686\u5730\u94c1\u7ad9\u62db\u5546\u4e3b\u573a\u5e97)", "order_time": ["2019-01-09 02:39:37"], "total_order": 1, "hotel_value": ["4.8"], "hotel_price": ["318"]}, "4652042": {"hotel_name": "\u5e7f\u5dde\u73e0\u6c5f\u65b0\u57ce\u5e0c\u5c14\u987f\u6b22\u670b\u9152\u5e97", "order_time": ["2019-01-09 02:39:39"], "total_order": 1, "hotel_value": ["4.8"], "hotel_price": ["658"]}, "437873": {"hotel_name": "\u5e7f\u5ddeW\u9152\u5e97", "order_time": ["2019-01-09 02:39:41"], "total_order": 1, "hotel_value": ["4.6"], "hotel_price": ["1458"]}, "5032143": {"hotel_name": "\u5e7f\u5dde\u5929\u6cb3\u96c5\u4e50\u8f69\u9152\u5e97", "order_time": ["2019-01-09 02:39:44", "2019-01-09 03:23:33", "2019-01-09 02:57:19"], "total_order": 3, "hotel_value": ["4.6", "4.6", "4.6"], "hotel_price": ["933", "933", "933"]}, "1738997": {"hotel_name": "\u51ef\u65cb\u9f99\u8fde\u9501\u9152\u5e97(\u5e7f\u5dde\u4f53\u80b2\u897f\u5730\u94c1\u7ad9\u5e97)", "order_time": ["2019-01-09 02:39:45"], "total_order": 1, "hotel_value": ["4.4"], "hotel_price": ["294"]}, "1903692": {"hotel_name": "\u9038\u7c73\u9152\u5e97(\u5e7f\u5dde\u4e2d\u534e\u5e7f\u573a\u5e97)", "order_time": ["2019-01-09 02:39:53"], "total_order": 1, "hotel_value": ["4.0"], "hotel_price": ["121"]}, "1002237": {"hotel_name": "\u5e7f\u5dde\u666f\u5174\u5927\u9152\u5e97", "order_time": ["2019-01-09 02:40:03"], "total_order": 1, "hotel_value": ["4.4"], "hotel_price": ["167"]}, "5245094": {"hotel_name": "\u5e7f\u5dde\u5e02\u91d1\u9e3f\u5bbe\u9986", "order_time": ["2019-01-09 02:40:20"], "total_order": 1, "hotel_value": ["2.9"], "hotel_price": ["103"]}, "1934769": {"hotel_name": "\u67cf\u9ad8\u9152\u5e97(\u5e7f\u5dde\u5929\u6cb3\u5317\u5929\u5e73\u67b6\u5730\u94c1\u7ad9\u5e97)", "order_time": ["2019-01-09 02:42:31"], "total_order": 1, "hotel_value": ["4.7"], "hotel_price": ["338"]}, "17853749": {"hotel_name": "Q\u52a0\u00b7\u7ca4\u822a\u5927\u9152\u5e97(\u5e7f\u5dde\u767d\u4e91\u56fd\u9645\u673a\u573a\u5e97)", "order_time": ["2019-01-09 02:42:31"], "total_order": 1, "hotel_value": ["4.6"], "hotel_price": ["226"]}, "18048360": {"hotel_name": "\u9e97\u67ab\u9152\u5e97(\u5e7f\u5dde\u5609\u79be\u671b\u5c97\u5730\u94c1\u7ad9\u5cad\u5357\u65b0\u4e16\u754c\u5e97)", "order_time": ["2019-01-09 02:42:33"], "total_order": 1, "hotel_value": ["4.8"], "hotel_price": ["230"]}, "426753": {"hotel_name": "\u5e7f\u5dde\u6052\u4e1c\u5546\u52a1\u9152\u5e97", "order_time": ["2019-01-09 02:42:35"], "total_order": 1, "hotel_value": ["4.5"], "hotel_price": ["224"]}, "2300465": {"hotel_name": "7\u5929\u8fde\u9501\u9152\u5e97(\u5e7f\u5dde\u65b0\u5e02\u5e97)", "order_time": ["2019-01-09 02:42:38"], "total_order": 1, "hotel_value": ["4.3"], "hotel_price": ["136"]}, "993745": {"hotel_name": "\u5e7f\u5dde\u5929\u6c34\u56fd\u9645\u5047\u65e5\u9152\u5e97", "order_time": ["2019-01-09 02:42:38"], "total_order": 1, "hotel_value": ["4.2"], "hotel_price": ["272"]}, "392492": {"hotel_name": "\u603b\u7edf\u5927\u9152\u5e97(\u5e7f\u5dde\u5929\u6cb3\u5c97\u9876\u5e97)", "order_time": ["2019-01-09 02:42:42"], "total_order": 1, "hotel_value": ["4.4"], "hotel_price": ["466"]}, "17056225": {"hotel_name": "\u5e7f\u5dde\u6674\u9152\u5e97", "order_time": ["2019-01-09 02:42:42"], "total_order": 1, "hotel_value": ["4.5"], "hotel_price": ["328"]}, "446572": {"hotel_name": "0\u4e94\u4e07\u4fe1\u9152\u5e97(\u5e7f\u5dde\u8d64\u5c97\u5e97)", "order_time": ["2019-01-09 02:42:44"], "total_order": 1, "hotel_value": ["4.6"], "hotel_price": ["226"]}, "7786346": {"hotel_name": "\u67cf\u66fc\u9152\u5e97(\u5e7f\u5dde\u65b0\u5e02\u9ec4\u77f3\u897f\u8def\u5e97)", "order_time": ["2019-01-09 02:42:48"], "total_order": 1, "hotel_value": ["4.7"], "hotel_price": ["164"]}, "1978645": {"hotel_name": "\u5e7f\u5dde\u82f1\u59ff\u5feb\u6377\u9152\u5e97", "order_time": ["2019-01-09 02:42:52"], "total_order": 1, "hotel_value": ["4.4"], "hotel_price": ["118"]}, "5902272": {"hotel_name": "\u5e7f\u5dde\u4e91\u6d77\u5546\u52a1\u56fd\u9645\u516c\u5bd3", "order_time": ["2019-01-09 03:03:33", "2019-01-09 02:42:56"], "total_order": 2, "hotel_value": ["4.8", "4.8"], "hotel_price": ["150", "150"]}, "10344127": {"hotel_name": "\u7ef4\u4e5f\u7eb3\u9152\u5e97(\u5e7f\u5dde\u5317\u4eac\u8def\u5e97)", "order_time": ["2019-01-09 02:45:25"], "total_order": 1, "hotel_value": ["4.7"], "hotel_price": ["290"]}, "4978579": {"hotel_name": "\u5e7f\u5dde\u6d6a\u6f2b\u53f7\u4e3b\u9898\u9152\u5e97", "order_time": ["2019-01-09 02:45:31"], "total_order": 1, "hotel_value": ["4.8"], "hotel_price": ["193"]}, "6468744": {"hotel_name": "\u63d0\u5b50\u8fde\u9501\u9152\u5e97(\u5e7f\u5dde\u767d\u4e91\u673a\u573a\u4e00\u5e97)", "order_time": ["2019-01-09 03:08:47", "2019-01-09 02:45:32"], "total_order": 2, "hotel_value": ["4.5", "4.5"], "hotel_price": ["93", "93"]}, "708013": {"hotel_name": "\u5168\u5b63\u9152\u5e97(\u5e7f\u5dde\u5929\u6cb3\u5317\u8def\u5e97)", "order_time": ["2019-01-09 02:45:37"], "total_order": 1, "hotel_value": ["4.6"], "hotel_price": ["535"]}, "5721794": {"hotel_name": "\u7b06\u7b06\u62c9\u9152\u5e97(\u5e7f\u5dde\u5927\u77f3\u5730\u94c1\u7ad9\u5e97)", "order_time": ["2019-01-09 02:45:41"], "total_order": 1, "hotel_value": ["4.5"], "hotel_price": ["159"]}, "1581601": {"hotel_name": "\u9526\u946b\u5bbe\u9986(\u5e7f\u5dde\u6c47\u6865\u5357\u8def\u5e97)", "order_time": ["2019-01-09 02:45:50"], "total_order": 1, "hotel_value": ["4.5"], "hotel_price": ["110"]}, "1183926": {"hotel_name": "\u5e7f\u5dde\u6768\u57ce\u5bbe\u9986", "order_time": ["2019-01-09 02:45:57"], "total_order": 1, "hotel_value": ["3.3"], "hotel_price": ["128"]}, "456182": {"hotel_name": "\u5e7f\u5dde\u7c73\u5170\u82b1\u9152\u5e97", "order_time": ["2019-01-09 02:45:59"], "total_order": 1, "hotel_value": ["4.5"], "hotel_price": ["269"]}, "3361508": {"hotel_name": "\u5e7f\u5dde\u65b0\u767d\u4e91\u673a\u573a\u822a\u7a7a\u5ba2\u6808(\u539f\u65b0\u767d\u4e91\u673a\u573a\u597d\u8fd0\u516c\u5bd3)", "order_time": ["2019-01-09 02:46:05", "2019-01-09 03:03:28"], "total_order": 2, "hotel_value": ["4.5", "4.5"], "hotel_price": ["74", "74"]}, "4380051": {"hotel_name": "\u5e7f\u5dde\u5e7f\u5927\u5546\u52a1\u9152\u5e97", "order_time": ["2019-01-09 02:48:32"], "total_order": 1, "hotel_value": ["4.0"], "hotel_price": ["337"]}, "1778858": {"hotel_name": "\u5e7f\u5dde\u6b27\u65f6\u5feb\u6377\u9152\u5e97(\u82b1\u90fd\u533a)", "order_time": ["2019-01-09 02:48:34"], "total_order": 1, "hotel_value": ["4.3"], "hotel_price": ["105"]}, "346487": {"hotel_name": "\u5e7f\u5dde\u4e07\u5bcc\u5e0c\u5c14\u987f\u9152\u5e97", "order_time": ["2019-01-09 02:48:35"], "total_order": 1, "hotel_value": ["4.6"], "hotel_price": ["780"]}, "344881": {"hotel_name": "\u5e7f\u5dde\u4e2d\u56fd\u5927\u9152\u5e97", "order_time": ["2019-01-09 02:48:35"], "total_order": 1, "hotel_value": ["4.4"], "hotel_price": ["901"]}, "512583": {"hotel_name": "\u5e7f\u5dde\u73e0\u6c5f\u56fd\u9645\u9152\u5e97", "order_time": ["2019-01-09 02:48:35"], "total_order": 1, "hotel_value": ["4.3"], "hotel_price": ["462"]}, "453999": {"hotel_name": "\u5e7f\u5dde\u9038\u4e30\u9152\u5e97", "order_time": ["2019-01-09 02:48:38"], "total_order": 1, "hotel_value": ["4.2"], "hotel_price": ["251"]}, "1226331": {"hotel_name": "\u901f8\u9152\u5e97(\u5e7f\u5dde\u767d\u4e91\u91d1\u6c99\u6d32\u6c99\u8d1d\u5730\u94c1\u7ad9\u5e97)", "order_time": ["2019-01-09 02:48:40"], "total_order": 1, "hotel_value": ["4.3"], "hotel_price": ["151"]}, "1696833": {"hotel_name": "7\u5929\u8fde\u9501\u9152\u5e97(\u5e7f\u5dde\u6c5f\u5357\u897f\u5730\u94c1\u7ad9\u6c5f\u5357\u65b0\u5730\u5e97)", "order_time": ["2019-01-09 02:48:44"], "total_order": 1, "hotel_value": ["4.2"], "hotel_price": ["115"]}, "26681236": {"hotel_name": "\u5e7f\u5dde\u6c5f\u6cf0\u8def\u5730\u94c1\u7ad9\u4e9a\u6735\u9152\u5e97", "order_time": ["2019-01-09 02:48:47"], "total_order": 1, "hotel_value": ["5.0"], "hotel_price": ["441"]}, "6867775": {"hotel_name": "\u9038\u7c73\u9152\u5e97(\u5e7f\u5dde\u6c5f\u6cf0\u8def\u5730\u94c1\u7ad9\u5e97)", "order_time": ["2019-01-09 02:48:53"], "total_order": 1, "hotel_value": ["4.2"], "hotel_price": ["139"]}, "1382947": {"hotel_name": "\u5e7f\u5dde\u5e7f\u7f8e\u5bbe\u9986", "order_time": ["2019-01-09 02:48:53"], "total_order": 1, "hotel_value": ["4.6"], "hotel_price": ["95"]}, "5758085": {"hotel_name": "\u67cf\u66fc\u9152\u5e97(\u5e7f\u5dde\u5e02\u6865\u5730\u94c1\u7ad9\u6613\u53d1\u6b65\u884c\u8857\u5e97)", "order_time": ["2019-01-09 02:51:19"], "total_order": 1, "hotel_value": ["4.5"], "hotel_price": ["188"]}, "6376986": {"hotel_name": "\u5e7f\u5dde\u670b\u6ee1\u56fd\u9645\u9152\u5e97\u516c\u5bd3(\u5317\u4eac\u8def\u6377\u767b\u90fd\u4f1a\u5206\u5e97)", "order_time": ["2019-01-09 02:51:22"], "total_order": 1, "hotel_value": ["4.5"], "hotel_price": ["311"]}, "670060": {"hotel_name": "\u7d22\u7279\u6765\u6587\u827a\u9152\u5e97(\u5e7f\u5dde\u7436\u6d32\u4f1a\u5c55\u4e2d\u5fc3\u5e97)", "order_time": ["2019-01-09 02:51:29"], "total_order": 1, "hotel_value": ["4.4"], "hotel_price": ["199"]}, "428641": {"hotel_name": "\u5e7f\u5dde\u6377\u8c79\u9152\u5e97", "order_time": ["2019-01-09 02:51:33"], "total_order": 1, "hotel_value": ["4.4"], "hotel_price": ["331"]}, "11407362": {"hotel_name": "\u5e7f\u5dde\u56db\u53f6\u8349\u73e0\u6c5f\u56fd\u9645\u7eba\u7ec7\u57ce\u5e97", "order_time": ["2019-01-09 02:51:33"], "total_order": 1, "hotel_value": ["4.4"], "hotel_price": ["197"]}, "2143340": {"hotel_name": "7\u5929\u8fde\u9501\u9152\u5e97(\u5e7f\u5dde\u4e1c\u5703\u5929\u6cb3\u5e7f\u573a\u5e97)", "order_time": ["2019-01-09 02:51:37"], "total_order": 1, "hotel_value": ["4.4"], "hotel_price": ["95"]}, "926903": {"hotel_name": "\u7ef4\u4e5f\u7eb3\u9152\u5e97(\u5e7f\u5dde\u5fb7\u5eb7\u8def\u5e97)", "order_time": ["2019-01-09 02:51:37"], "total_order": 1, "hotel_value": ["4.7"], "hotel_price": ["232"]}, "12489624": {"hotel_name": "\u9e97\u67ab\u9152\u5e97(\u5e7f\u5dde\u5317\u7ad9\u5e97)", "order_time": ["2019-01-09 02:54:13"], "total_order": 1, "hotel_value": ["4.8"], "hotel_price": ["255"]}, "23099518": {"hotel_name": "\u5e7f\u5dde\u54c1\u82e5\u9152\u5e97", "order_time": ["2019-01-09 02:54:15"], "total_order": 1, "hotel_value": ["4.7"], "hotel_price": ["268"]}, "6225543": {"hotel_name": "\u9038\u7c73\u7c73\u516c\u5bd3(\u5e7f\u5dde\u5317\u4eac\u8def\u6377\u767b\u90fd\u4f1a\u5e97)", "order_time": ["2019-01-09 02:54:15"], "total_order": 1, "hotel_value": ["4.6"], "hotel_price": ["332"]}, "852394": {"hotel_name": "\u5e7f\u5dde\u4ebf\u57ce\u6cc9\u8bf4\u9152\u5e97", "order_time": ["2019-01-09 02:54:16"], "total_order": 1, "hotel_value": ["4.5"], "hotel_price": ["880"]}, "8581772": {"hotel_name": "\u5e7f\u5dde\u9a8f\u6021\u8fde\u9501\u9152\u5e97(\u5e02\u5357\u8def\u5e97)", "order_time": ["2019-01-09 02:54:21"], "total_order": 1, "hotel_value": ["4.7"], "hotel_price": ["96"]}, "1924760": {"hotel_name": "\u5586\u5561\u9152\u5e97(\u5e7f\u5dde\u9999\u6c5f\u91ce\u751f\u52a8\u7269\u56ed\u5e97)", "order_time": ["2019-01-09 02:54:24"], "total_order": 1, "hotel_value": ["4.6"], "hotel_price": ["246"]}, "5951043": {"hotel_name": "\u9e97\u67ab\u9152\u5e97(\u5e7f\u5dde\u706b\u8f66\u7ad9\u53cb\u8c0a\u5267\u9662\u5e97)", "order_time": ["2019-01-09 02:54:25"], "total_order": 1, "hotel_value": ["4.8"], "hotel_price": ["395"]}, "6053650": {"hotel_name": "\u5409\u661f\u7cbe\u54c1\u9152\u5e97(\u5e7f\u5dde\u9a8f\u666f\u82b1\u56ed\u5e97)", "order_time": ["2019-01-09 02:54:29"], "total_order": 1, "hotel_value": ["4.0"], "hotel_price": ["110"]}, "1389984": {"hotel_name": "\u9038\u7c73\u9152\u5e97(\u5e7f\u5dde\u5357\u6751\u5e97)", "order_time": ["2019-01-09 02:54:43"], "total_order": 1, "hotel_value": ["3.6"], "hotel_price": ["93"]}, "4835849": {"hotel_name": "\u5e7f\u5dde\u8d6b\u66fc\u9152\u5e97", "order_time": ["2019-01-09 02:54:52"], "total_order": 1, "hotel_value": ["4.1"], "hotel_price": ["202"]}, "4590350": {"hotel_name": "\u661f\u4f26\u4fdd\u5229\u4e2d\u6c47\u56fd\u9645\u516c\u5bd3(\u5e7f\u5dde\u706b\u8f66\u4e1c\u7ad9\u5e97)", "order_time": ["2019-01-09 02:57:07"], "total_order": 1, "hotel_value": ["4.7"], "hotel_price": ["278"]}, "28033219": {"hotel_name": "\u661f\u5fa1\u90fd\u4f1a\u8335\u666f\u9152\u5e97\u5f0f\u516c\u5bd3(\u5e7f\u5dde\u65b0\u57ce\u5fa1\u666f\u5e97)", "order_time": ["2019-01-09 02:57:15"], "total_order": 1, "hotel_value": [0], "hotel_price": ["486"]}, "4547712": {"hotel_name": "\u5e7f\u5dde\u78a7\u6cc9\u7a7a\u4e2d\u6e29\u6cc9\u5927\u9152\u5e97", "order_time": ["2019-01-09 02:57:16", "2019-01-09 03:20:23"], "total_order": 2, "hotel_value": ["4.8", "4.8"], "hotel_price": ["855", "855"]}, "344853": {"hotel_name": "\u5e7f\u5dde\u5bcc\u529b\u541b\u60a6\u5927\u9152\u5e97", "order_time": ["2019-01-09 02:57:16"], "total_order": 1, "hotel_value": ["4.5"], "hotel_price": ["1378"]}, "1412383": {"hotel_name": "\u9038\u7c73\u9152\u5e97(\u5e7f\u5dde\u897f\u6717\u5730\u94c1\u7ad9\u5e97)", "order_time": ["2019-01-09 02:57:29"], "total_order": 1, "hotel_value": ["4.3"], "hotel_price": ["117"]}, "8557374": {"hotel_name": "\u4e07\u5bb6\u9152\u5e97\u5f0f\u516c\u5bd3(\u5e7f\u5dde\u5c97\u9876\u5730\u94c1\u7ad9\u5e97)", "order_time": ["2019-01-09 02:57:29"], "total_order": 1, "hotel_value": ["3.7"], "hotel_price": ["129"]}, "921326": {"hotel_name": "\u5e7f\u5dde\u4eac\u90fd\u8fde\u9501\u9152\u5e97", "order_time": ["2019-01-09 02:57:45"], "total_order": 1, "hotel_value": ["4.2"], "hotel_price": ["92"]}, "6006524": {"hotel_name": "\u5e7f\u5dde\u6e2f\u6fe0\u5546\u52a1\u9152\u5e97", "order_time": ["2019-01-09 02:58:05"], "total_order": 1, "hotel_value": ["5.0"], "hotel_price": ["88"]}, "1722940": {"hotel_name": "\u5e7f\u5dde\u9752\u84dd\u8393\u4e3b\u9898\u9152\u5e97", "order_time": ["2019-01-09 03:00:04"], "total_order": 1, "hotel_value": ["4.4"], "hotel_price": ["254"]}, "522715": {"hotel_name": "\u5e7f\u5dde\u6021\u5bb6\u5047\u65e5\u9152\u5e97", "order_time": ["2019-01-09 03:00:06"], "total_order": 1, "hotel_value": ["4.6"], "hotel_price": ["107"]}, "8414643": {"hotel_name": "\u76db\u4e16\u9152\u5e97\u5f0f\u516c\u5bd3(\u5e7f\u5dde\u957f\u5824\u6cbf\u6c5f\u8def\u5e97)", "order_time": ["2019-01-09 03:00:11"], "total_order": 1, "hotel_value": ["4.6"], "hotel_price": ["416"]}, "1122333": {"hotel_name": "\u5bd3\u7c73\u7cbe\u54c1\u516c\u5bd3\uff08\u5e7f\u5dde\u4e1c\u5c71\u5730\u94c1\u7ad9\u5e97\uff09\uff08\u539f\u79c1\u4eab\u5bb6\u4e1c\u5c71\u53e3\u5e97\uff09", "order_time": ["2019-01-09 03:00:12"], "total_order": 1, "hotel_value": ["4.3"], "hotel_price": ["229"]}, "6179783": {"hotel_name": "\u9038\u7c73\u9152\u5e97\u5e7f\u5dde\u4e0a\u4e0b\u4e5d\u957f\u5bff\u8def\u5730\u94c1\u7ad9\u5e97", "order_time": ["2019-01-09 03:00:13"], "total_order": 1, "hotel_value": ["4.5"], "hotel_price": ["103"]}, "397501": {"hotel_name": "\u5e7f\u5dde\u767d\u4e91\u5bbe\u9986", "order_time": ["2019-01-09 03:00:18"], "total_order": 1, "hotel_value": ["4.6"], "hotel_price": ["512"]}, "1732474": {"hotel_name": "\u6587\u661f\u8fde\u9501\u9152\u5e97\u5e7f\u5dde\u5c97\u9876\u5730\u94c1\u53e3\u5e97", "order_time": ["2019-01-09 03:03:02"], "total_order": 1, "hotel_value": ["4.4"], "hotel_price": ["189"]}, "1501561": {"hotel_name": "\u5982\u5bb6\u5feb\u6377\u9152\u5e97(\u5e7f\u5dde\u4eba\u548c\u5927\u8857\u5e97)", "order_time": ["2019-01-09 03:03:03"], "total_order": 1, "hotel_value": ["4.6"], "hotel_price": ["115"]}, "26539614": {"hotel_name": "\u5e7f\u5dde\u5a01\u5c3c\u65af\u7279\u9152\u5e97", "order_time": ["2019-01-09 03:03:07"], "total_order": 1, "hotel_value": ["4.6"], "hotel_price": ["287"]}, "4507411": {"hotel_name": "\u9686\u65af\u83b1\u65af\u4e3b\u9898\u9152\u5e97\u516c\u5bd3(\u5e7f\u5dde\u756a\u79ba\u52a8\u7269\u56ed\u5317\u95e8\u5e97)", "order_time": ["2019-01-09 03:03:14", "2019-01-09 03:23:34"], "total_order": 2, "hotel_value": ["4.5", "4.5"], "hotel_price": ["106", "106"]}, "6069603": {"hotel_name": "\u767b\u5df4\u56fd\u9645\u8fde\u9501\u5ba2\u6808(\u5e7f\u5dde\u4e0a\u4e0b\u4e5d\u5e97)", "order_time": ["2019-01-09 03:03:14"], "total_order": 1, "hotel_value": ["4.4"], "hotel_price": ["46"]}, "5279056": {"hotel_name": "\u661f\u60a6\u9075\u54c1\u516c\u5bd3(\u5e7f\u5dde\u756a\u79ba\u52a8\u7269\u56ed\u5317\u95e8\u5e97)", "order_time": ["2019-01-09 03:03:16"], "total_order": 1, "hotel_value": ["4.5"], "hotel_price": ["110"]}, "5256371": {"hotel_name": "\u9686\u7fe0\u835f\u4e3b\u9898\u516c\u5bd3(\u5e7f\u5dde\u5357\u7ad9\u5e97)", "order_time": ["2019-01-09 03:03:22"], "total_order": 1, "hotel_value": ["4.3"], "hotel_price": ["95"]}, "1696699": {"hotel_name": "7\u5929\u8fde\u9501\u9152\u5e97(\u5e7f\u5dde\u51e4\u51f0\u65b0\u6751\u5730\u94c1\u7ad9\u5e97)", "order_time": ["2019-01-09 03:03:26", "2019-01-09 03:18:04"], "total_order": 2, "hotel_value": ["4.2", "4.2"], "hotel_price": ["120", "120"]}, "8512341": {"hotel_name": "\u5e7f\u5dde\u9014\u71b9\u56fd\u9645\u516c\u5bd3", "order_time": ["2019-01-09 03:06:06"], "total_order": 1, "hotel_value": ["4.5"], "hotel_price": ["200"]}, "12605567": {"hotel_name": "\u5e7f\u5dde\u8c6a\u7f8e\u4e9a\u9152\u5e97(\u539f\u8c6a\u4e9a\u9152\u5e97)", "order_time": ["2019-01-09 03:06:11"], "total_order": 1, "hotel_value": ["4.7"], "hotel_price": ["246"]}, "21499487": {"hotel_name": "\u5e7f\u5dde\u7b80\u820d\u00b7\u5854\u5854\u516c\u5bd3", "order_time": ["2019-01-09 03:06:11"], "total_order": 1, "hotel_value": ["4.5"], "hotel_price": ["189"]}, "4046402": {"hotel_name": "\u5586\u5561\u9152\u5e97(\u5e7f\u5dde\u5357\u7ad9\u7948\u798f\u65b0\u6751\u5e97)", "order_time": ["2019-01-09 03:06:14"], "total_order": 1, "hotel_value": ["4.7"], "hotel_price": ["197"]}, "2305172": {"hotel_name": "7\u5929\u8fde\u9501\u9152\u5e97(\u5e7f\u5dde\u4e1c\u5703\u5730\u94c1\u7ad9\u4e1c\u5703\u5927\u9a6c\u8def\u5e97)", "order_time": ["2019-01-09 03:06:17"], "total_order": 1, "hotel_value": ["4.4"], "hotel_price": ["147"]}, "1764992": {"hotel_name": "\u56ed\u827a\u9152\u5e97\u516c\u5bd3(\u5e7f\u5dde\u7436\u6d32\u56fd\u9645\u4f1a\u5c55\u5e97)", "order_time": ["2019-01-09 03:06:21"], "total_order": 1, "hotel_value": ["4.1"], "hotel_price": ["140"]}, "1206560": {"hotel_name": "\u5e7f\u5dde\u5efa\u603b\u9152\u5e97", "order_time": ["2019-01-09 03:06:44"], "total_order": 1, "hotel_value": ["4.0"], "hotel_price": ["89"]}, "468091": {"hotel_name": "\u4e00\u5446\u516c\u5bd3\u00b7\u5e7f\u5dde\u4fdd\u5229\u4e2d\u6c47", "order_time": ["2019-01-09 03:08:46"], "total_order": 1, "hotel_value": ["4.3"], "hotel_price": ["277"]}, "2020091": {"hotel_name": "\u65b9\u6d01\u8fde\u9501\u9152\u5e97(\u5e7f\u5dde\u5929\u6cb3\u57ce\u5e97)", "order_time": ["2019-01-09 03:08:46"], "total_order": 1, "hotel_value": ["4.0"], "hotel_price": ["214"]}, "854027": {"hotel_name": "\u57ce\u5e02\u4fbf\u6377\u9152\u5e97(\u5e7f\u5dde\u5e02\u4e0a\u4e0b\u4e5d\u6b65\u884c\u8857\u4e00\u5e97)", "order_time": ["2019-01-09 03:08:50"], "total_order": 1, "hotel_value": ["4.4"], "hotel_price": ["222"]}, "2042440": {"hotel_name": "7\u5929\u8fde\u9501\u9152\u5e97(\u5e7f\u5dde\u706b\u8f66\u4e1c\u7ad9\u5e97)", "order_time": ["2019-01-09 03:08:51"], "total_order": 1, "hotel_value": ["4.3"], "hotel_price": ["172"]}, "793913": {"hotel_name": "\u5e7f\u5dde\u82b1\u57ce\u4e4b\u661f\u8fde\u9501\u9152\u5e97(\u52a8\u7269\u56ed\u5730\u94c1\u7ad9\u5e97)", "order_time": ["2019-01-09 03:08:59"], "total_order": 1, "hotel_value": ["4.2"], "hotel_price": ["127"]}, "18550778": {"hotel_name": "\u5b9c\u5c1a\u9152\u5e97(\u5e7f\u5dde\u5927\u6e90\u65f6\u4ee3\u5e7f\u573a\u5e97)(\u539f\u592a\u548c\u5927\u6e90\u5e97)", "order_time": ["2019-01-09 03:09:04"], "total_order": 1, "hotel_value": ["4.8"], "hotel_price": ["218"]}, "1058436": {"hotel_name": "\u57ce\u5e02\u4fbf\u6377\u9152\u5e97(\u5e7f\u5dde\u4e09\u5143\u91cc\u5730\u94c1\u7ad9\u5e97)", "order_time": ["2019-01-09 03:09:06"], "total_order": 1, "hotel_value": ["4.0"], "hotel_price": ["203"]}, "8871147": {"hotel_name": "\u8fc8\u54c8\u987f\u6717\u5fb7\u516c\u5bd3(\u5e7f\u5dde\u5bcc\u529b\u4e1c\u5c71\u65b0\u5929\u5730\u5e97)", "order_time": ["2019-01-09 03:09:09"], "total_order": 1, "hotel_value": ["3.7"], "hotel_price": ["378"]}, "1691769": {"hotel_name": "\u5e7f\u5dde\u6843\u56ed\u5546\u52a1\u9152\u5e97", "order_time": ["2019-01-09 03:09:13"], "total_order": 1, "hotel_value": ["4.0"], "hotel_price": ["131"]}, "4826325": {"hotel_name": "\u5e7f\u5dde\u5fb7\u5b9d\u5927\u9152\u5e97", "order_time": ["2019-01-09 03:09:17"], "total_order": 1, "hotel_value": ["4.0"], "hotel_price": ["150"]}, "827433": {"hotel_name": "\u5e7f\u5dde\u60a6\u6765\u767b\u5927\u5bbe\u9986", "order_time": ["2019-01-09 03:09:21"], "total_order": 1, "hotel_value": ["4.5"], "hotel_price": ["131"]}, "3450550": {"hotel_name": "\u5e7f\u5dde\u540d\u95e8\u4f2f\u7235\u9152\u5e97", "order_time": ["2019-01-09 03:09:24"], "total_order": 1, "hotel_value": ["3.5"], "hotel_price": ["171"]}, "921538": {"hotel_name": "\u5e7f\u5dde\u8212\u5fc3\u4f4f\u5bbf", "order_time": ["2019-01-09 03:10:06"], "total_order": 1, "hotel_value": [0], "hotel_price": ["47"]}, "371132": {"hotel_name": "\u7f8e\u8c6a\u4e3d\u81f4\u9152\u5e97(\u5e7f\u5dde\u4e94\u7f8a\u65b0\u57ce\u5e97)", "order_time": ["2019-01-09 03:11:39"], "total_order": 1, "hotel_value": ["4.8"], "hotel_price": ["668"]}, "1732281": {"hotel_name": "\u6587\u661f\u8fde\u9501\u9152\u5e97(\u5e7f\u5dde\u5929\u5e73\u67b6\u5730\u94c1\u53e3\u5e97)", "order_time": ["2019-01-09 03:11:44"], "total_order": 1, "hotel_value": ["4.3"], "hotel_price": ["154"]}, "344998": {"hotel_name": "\u5e7f\u5dde\u6d77\u822a\u5a01\u65af\u6c40\u9152\u5e97", "order_time": ["2019-01-09 03:11:51"], "total_order": 1, "hotel_value": ["4.6"], "hotel_price": ["1238"]}, "6021813": {"hotel_name": "\u5e7f\u5dde\u6843\u82b1\u6c5f\u8c6a\u751f\u9152\u5e97", "order_time": ["2019-01-09 03:11:51"], "total_order": 1, "hotel_value": ["4.6"], "hotel_price": ["548"]}, "1527047": {"hotel_name": "\u4e2d\u5927\u51ef\u4e30\u9152\u5e97(\u5e7f\u5dde\u4e2d\u5927\u5b66\u4eba\u9986\u5e97)", "order_time": ["2019-01-09 03:11:51"], "total_order": 1, "hotel_value": ["4.7"], "hotel_price": ["496"]}, "443218": {"hotel_name": "\u6d2a\u6069\u9152\u5e97(\u5e7f\u5dde\u767d\u4e91\u673a\u573a\u5e97)", "order_time": ["2019-01-09 03:11:55"], "total_order": 1, "hotel_value": ["4.4"], "hotel_price": ["168"]}, "1314533": {"hotel_name": "\u6587\u661f\u8fde\u9501\u9152\u5e97(\u5e7f\u5dde\u5317\u4eac\u8def\u4e00\u5e97)", "order_time": ["2019-01-09 03:11:56"], "total_order": 1, "hotel_value": ["4.2"], "hotel_price": ["135"]}, "11300828": {"hotel_name": "\u7ef4\u4e5f\u7eb3\u9152\u5e97(\u5e7f\u5dde\u5e7f\u82b1\u8def\u5e7f\u5916\u5e97)", "order_time": ["2019-01-09 03:12:00"], "total_order": 1, "hotel_value": ["4.7"], "hotel_price": ["276"]}, "1285115": {"hotel_name": "\u661f\u4e9a\u9152\u5e97(\u5e7f\u5dde\u534e\u5357\u78a7\u6842\u56ed\u5e97)", "order_time": ["2019-01-09 03:12:06"], "total_order": 1, "hotel_value": ["4.1"], "hotel_price": ["117"]}, "6796511": {"hotel_name": "\u5e7f\u5dde\u7f8e\u73b2\u516c\u5bd3", "order_time": ["2019-01-09 03:12:50"], "total_order": 1, "hotel_value": ["4.5"], "hotel_price": ["79"]}, "17096004": {"hotel_name": "\u9c9c\u4f4f\u7cbe\u54c1\u4e3b\u9898\u9152\u5e97(\u5e7f\u5dde\u91ce\u751f\u52a8\u7269\u56ed\u5e97)(\u539f\u5927\u77f3\u5730\u94c1\u7ad9\u5e97)", "order_time": ["2019-01-09 03:14:35"], "total_order": 1, "hotel_value": ["4.8"], "hotel_price": ["168"]}, "5237985": {"hotel_name": "\u5e7f\u5dde\u6625\u7530\u5bb6\u5bb6\u9752\u5e74\u65c5\u820dLAZY GAGA", "order_time": ["2019-01-09 03:14:41"], "total_order": 1, "hotel_value": ["4.4"], "hotel_price": ["66"]}, "345010": {"hotel_name": "\u5e7f\u5dde\u56db\u5b63\u9152\u5e97", "order_time": ["2019-01-09 03:14:44"], "total_order": 1, "hotel_value": ["4.8"], "hotel_price": ["2041"]}, "1582732": {"hotel_name": "\u6587\u661f\u8fde\u9501\u9152\u5e97(\u5e7f\u5dde\u533a\u5e84\u5730\u94c1\u53e3\u5e97)", "order_time": ["2019-01-09 03:14:49"], "total_order": 1, "hotel_value": ["4.3"], "hotel_price": ["171"]}, "1923038": {"hotel_name": "\u5e7f\u5dde\u9189\u7231\u4e3b\u9898\u9152\u5e97", "order_time": ["2019-01-09 03:14:53"], "total_order": 1, "hotel_value": ["4.0"], "hotel_price": ["189"]}, "23923689": {"hotel_name": "\u683c\u00b7\u5561\u7cbe\u9009\u516c\u5bd3(\u5e7f\u5dde\u65b0\u767d\u4e91\u56fd\u9645\u673a\u573a\u5e97)", "order_time": ["2019-01-09 03:17:30"], "total_order": 1, "hotel_value": ["4.6"], "hotel_price": ["108"]}, "7004970": {"hotel_name": "\u6735\u4e9a\u8fde\u9501\u9152\u5e97\u516c\u5bd3(\u5e7f\u5dde\u73e0\u6c5f\u65b0\u57ce\u7f8e\u56fd\u9886\u4e8b\u9986\u5e97)", "order_time": ["2019-01-09 03:17:32"], "total_order": 1, "hotel_value": ["4.2"], "hotel_price": ["318"]}, "17906307": {"hotel_name": "\u5e7f\u5dde\u8776\u8774\u516c\u5bd3", "order_time": ["2019-01-09 03:17:46"], "total_order": 1, "hotel_value": ["4.4"], "hotel_price": ["187"]}, "426992": {"hotel_name": "\u5e7f\u5dde\u8fdc\u6d0b\u5bbe\u9986", "order_time": ["2019-01-09 03:17:47"], "total_order": 1, "hotel_value": ["4.6"], "hotel_price": ["436"]}, "2307419": {"hotel_name": "\u7cbe\u9014\u9152\u5e97(\u5e7f\u5dde\u6885\u82b1\u56ed\u5730\u94c1\u7ad9\u5e97)(\u539f\u51ef\u7279\u8fde\u9501\u5bbe\u9986)", "order_time": ["2019-01-09 03:17:54"], "total_order": 1, "hotel_value": ["4.1"], "hotel_price": ["149"]}, "6765737": {"hotel_name": "\u67cf\u66fc\u9152\u5e97(\u5e7f\u5dde\u5929\u6cb3\u4f53\u80b2\u4e2d\u5fc3\u6797\u548c\u897f\u5730\u94c1\u7ad9\u5e97)", "order_time": ["2019-01-09 03:20:23"], "total_order": 1, "hotel_value": ["4.5"], "hotel_price": ["254"]}, "1505500": {"hotel_name": "\u5e7f\u5dde\u65b0\u4e9a\u5927\u9152\u5e97", "order_time": ["2019-01-09 03:20:30"], "total_order": 1, "hotel_value": ["3.9"], "hotel_price": ["228"]}, "6955583": {"hotel_name": "\u5e7f\u5dde\u5c1a\u4e30\u516c\u5bd3", "order_time": ["2019-01-09 03:20:38"], "total_order": 1, "hotel_value": ["4.7"], "hotel_price": ["108"]}, "1701771": {"hotel_name": "\u7d22\u7279\u6765\u6587\u827a\u9152\u5e97(\u5e7f\u5dde\u77f3\u57fa\u6587\u5316\u5e7f\u573a\u5e97)(\u539f\u798f\u6d77\u9152\u5e97)", "order_time": ["2019-01-09 03:20:44"], "total_order": 1, "hotel_value": ["4.2"], "hotel_price": ["135"]}, "2304479": {"hotel_name": "\u5409\u6854\u8fde\u9501\u9152\u5e97(\u5e7f\u5dde\u65b0\u5858\u51ef\u65cb\u95e8\u5e97)", "order_time": ["2019-01-09 03:20:51"], "total_order": 1, "hotel_value": ["4.5"], "hotel_price": ["83"]}, "845654": {"hotel_name": "\u563b\u54c8\u9152\u5e97\u516c\u5bd3(\u5e7f\u5dde\u5408\u751f\u5e7f\u573a\u5e97)", "order_time": ["2019-01-09 03:20:52"], "total_order": 1, "hotel_value": ["4.0"], "hotel_price": ["197"]}, "1689738": {"hotel_name": "\u91d1\u5723\u5bbe\u9986(\u5e7f\u5dde\u9ec4\u57d4\u5927\u9053\u5e97)", "order_time": ["2019-01-09 03:21:03"], "total_order": 1, "hotel_value": ["2.5"], "hotel_price": ["144"]}, "1243336": {"hotel_name": "\u5982\u5bb6\u5feb\u6377\u9152\u5e97(\u5e7f\u5dde\u7436\u6d32\u4f1a\u5c55\u4e2d\u5fc3\u5e97)", "order_time": ["2019-01-09 03:22:30"], "total_order": 1, "hotel_value": ["4.7"], "hotel_price": ["298"]}, "436399": {"hotel_name": "\u5e7f\u5dde\u91d1\u82d1\u9152\u5e97", "order_time": ["2019-01-09 03:23:13"], "total_order": 1, "hotel_value": ["4.2"], "hotel_price": ["297"]}, "14156050": {"hotel_name": "\u884c\u5ba2\u56fd\u9645\u516c\u5bd3(\u5e7f\u5dde\u73e0\u6c5f\u65b0\u57ce\u5e97)", "order_time": ["2019-01-09 03:23:16"], "total_order": 1, "hotel_value": ["4.7"], "hotel_price": ["263"]}, "6465040": {"hotel_name": "\u9038\u7c73\u9152\u5e97\u5e7f\u5dde\u5e02\u4e8c\u5bab\u5730\u94c1\u7ad9\u5e97", "order_time": ["2019-01-09 03:23:20"], "total_order": 1, "hotel_value": ["4.3"], "hotel_price": ["136"]}, "1734233": {"hotel_name": "\u5e7f\u5dde\u827e\u4e3d\u4e1d\u9152\u5e97", "order_time": ["2019-01-09 03:23:22"], "total_order": 1, "hotel_value": ["4.2"], "hotel_price": ["150"]}, "438770": {"hotel_name": "\u67cf\u66fc\u9152\u5e97(\u5e7f\u5dde\u533a\u5e84\u5730\u94c1\u7ad9\u5e97)", "order_time": ["2019-01-09 03:23:24"], "total_order": 1, "hotel_value": ["4.4"], "hotel_price": ["329"]}, "5724443": {"hotel_name": "\u9e97\u67ab\u9152\u5e97(\u5e7f\u5dde\u79d1\u5b66\u57ce\u8054\u548c\u5e97)", "order_time": ["2019-01-09 03:23:29"], "total_order": 1, "hotel_value": ["4.7"], "hotel_price": ["239"]}, "794412": {"hotel_name": "\u5e7f\u5dde\u534e\u901a\u5546\u52a1\u9152\u5e97", "order_time": ["2019-01-09 03:23:33"], "total_order": 1, "hotel_value": ["3.9"], "hotel_price": ["84"]}, "2614681": {"hotel_name": "7\u5929\u8fde\u9501\u9152\u5e97(\u5e7f\u5dde\u8857\u53e3\u9547\u5317\u8def\u5e97)", "order_time": ["2019-01-09 03:23:34"], "total_order": 1, "hotel_value": ["4.7"], "hotel_price": ["96"]}, "1728769": {"hotel_name": "\u5e7f\u5dde\u91d1\u8def\u9152\u5e97", "order_time": ["2019-01-09 03:23:38"], "total_order": 1, "hotel_value": ["3.8"], "hotel_price": ["188"]}, "425915": {"hotel_name": "\u5e7f\u5dde\u65b0\u4e16\u7eaa\u9152\u5e97", "order_time": ["2019-01-09 03:25:58"], "total_order": 1, "hotel_value": ["4.4"], "hotel_price": ["329"]}, "2305391": {"hotel_name": "7\u5929\u4f18\u54c1\u9152\u5e97(\u5e7f\u5dde\u6653\u6e2f\u6e7e\u4e1c\u6653\u5357\u5730\u94c1\u7ad9\u5e97)", "order_time": ["2019-01-09 03:31:37", "2019-01-09 03:26:01"], "total_order": 2, "hotel_value": ["4.5", "4.5"], "hotel_price": ["164", "164"]}, "1250871": {"hotel_name": "\u57df\u9152\u5e97(\u5e7f\u5dde\u6d1b\u6eaa\u5730\u94c1\u7ad9\u5e97)", "order_time": ["2019-01-09 03:26:01"], "total_order": 1, "hotel_value": ["4.4"], "hotel_price": ["233"]}, "7514116": {"hotel_name": "\u5e7f\u5dde\u745e\u5c14\u66fcOmen\u56fd\u9645\u516c\u5bd3", "order_time": ["2019-01-09 03:26:05"], "total_order": 1, "hotel_value": ["4.7"], "hotel_price": ["356"]}, "1407893": {"hotel_name": "\u7ef4\u4e5f\u7eb3\u9152\u5e97(\u5e7f\u5dde\u5927\u77f3\u6865\u5e97)", "order_time": ["2019-01-09 03:28:59"], "total_order": 1, "hotel_value": ["4.8"], "hotel_price": ["296"]}, "1782566": {"hotel_name": "99\u65c5\u9986\u8fde\u9501(\u5e7f\u5dde\u65b0\u5e02\u767d\u4e91\u6587\u5316\u5e7f\u573a\u5730\u94c1\u7ad9\u5e97)", "order_time": ["2019-01-09 03:29:09"], "total_order": 1, "hotel_value": ["4.2"], "hotel_price": ["83"]}, "6870119": {"hotel_name": "\u5e7f\u5dde\u767d\u4e91\u4f73\u8c6a\u9152\u5e97", "order_time": ["2019-01-09 03:29:27"], "total_order": 1, "hotel_value": ["4.4"], "hotel_price": ["101"]}, "446621": {"hotel_name": "\u5e7f\u5dde\u987a\u7f8e\u5927\u9152\u5e97", "order_time": ["2019-01-09 03:29:28"], "total_order": 1, "hotel_value": ["3.8"], "hotel_price": ["106"]}, "12297975": {"hotel_name": "\u5c0f\u65f6\u4ee3\u5fae\u751f\u6d3b\u516c\u9986(\u5e7f\u5dde\u5929\u6cb3\u667a\u6167\u57ce\u5e97)", "order_time": ["2019-01-09 03:31:41"], "total_order": 1, "hotel_value": ["4.6"], "hotel_price": ["88"]}, "1553185": {"hotel_name": "\u4e3d\u8299\u9152\u5e97(\u5e7f\u5dde\u5929\u6cb3\u5c97\u9876\u5730\u94c1\u7ad9\u5e97)", "order_time": ["2019-01-09 03:31:46"], "total_order": 1, "hotel_value": ["4.6"], "hotel_price": ["228"]}, "26622619": {"hotel_name": "\u5f20\u73c2\u9999\u516c\u5bd3(\u73af\u56ed\u4e2d\u8def\u5206\u5e97)", "order_time": ["2019-01-09 03:32:22"], "total_order": 1, "hotel_value": [0], "hotel_price": ["580"]}, "5384105": {"hotel_name": "\u5e7f\u5dde\u5609\u52a0\u5546\u52a1\u9152\u5e97", "order_time": ["2019-01-09 03:32:22"], "total_order": 1, "hotel_value": ["3.7"], "hotel_price": ["109"]}, "6662590": {"hotel_name": "\u5e7f\u5dde\u957f\u7ea2\u5546\u52a1\u9152\u5e97", "order_time": ["2019-01-09 03:32:42"], "total_order": 1, "hotel_value": ["4.8"], "hotel_price": ["94"]}}}