{"\u5f00\u59cb\u8bb0\u5f55\u65f6\u95f4": "2019-01-08 06:01:52", "\u7ed3\u675f\u8bb0\u5f55\u65f6\u95f4": "2019-01-08 07:01:52", "\u8ba2\u5355\u603b\u589e\u91cf": 148, "item": {"2191950": {"hotel_name": "\u5e7f\u5dde\u673a\u573a\u822a\u6e7e\u7cbe\u9009\u9152\u5e97", "order_time": ["2019-01-08 06:34:02", "2019-01-08 06:04:03"], "total_order": 2, "hotel_value": ["4.8", "4.8"], "hotel_price": ["238", "238"]}, "10914866": {"hotel_name": "Q\u52a0\u00b7\u8def\u6613\u00b7\u65f6\u7a7a\u65d7\u8230\u5e97\u9152\u5e97\u516c\u5bd3(\u5e7f\u5dde\u65b0\u767d\u4e91\u56fd\u9645\u673a\u573a\u5e97)", "order_time": ["2019-01-08 06:04:03"], "total_order": 1, "hotel_value": ["4.7"], "hotel_price": ["142"]}, "3699295": {"hotel_name": "\u7ef4\u4e5f\u7eb3\u9152\u5e97(\u5e7f\u5dde\u5854\u5e97)", "order_time": ["2019-01-08 06:04:04", "2019-01-08 06:16:04"], "total_order": 2, "hotel_value": ["4.9", "4.9"], "hotel_price": ["319", "319"]}, "5237985": {"hotel_name": "\u5e7f\u5dde\u6625\u7530\u5bb6\u5bb6\u9752\u5e74\u65c5\u820dLAZY GAGA", "order_time": ["2019-01-08 06:04:04"], "total_order": 1, "hotel_value": ["4.4"], "hotel_price": ["66"]}, "427419": {"hotel_name": "\u5982\u5bb6\u5feb\u6377\u9152\u5e97(\u5e7f\u5dde\u5929\u5e73\u67b6\u5730\u94c1\u7ad9\u57ce\u5149\u5927\u53a6\u5e97)", "order_time": ["2019-01-08 06:04:05"], "total_order": 1, "hotel_value": ["4.6"], "hotel_price": ["144"]}, "1806299": {"hotel_name": "\u5e7f\u5dde\u96cd\u5143\u9152\u5e97", "order_time": ["2019-01-08 06:04:05"], "total_order": 1, "hotel_value": ["4.1"], "hotel_price": ["196"]}, "28014704": {"hotel_name": "\u5e7f\u5dde\u97e9\u51a0\u56db\u5b63\u516c\u5bd3", "order_time": ["2019-01-08 06:04:06"], "total_order": 1, "hotel_value": ["4.8"], "hotel_price": ["110"]}, "345012": {"hotel_name": "\u6854\u5b50\u6c34\u6676\u9152\u5e97(\u5e7f\u5dde\u6dd8\u91d1\u5e97)", "order_time": ["2019-01-08 06:06:03"], "total_order": 1, "hotel_value": ["4.8"], "hotel_price": ["598"]}, "2700958": {"hotel_name": "\u4e3d\u67ab\u9152\u5e97\u5f0f\u516c\u5bd3(\u5e7f\u5dde\u5929\u6cb3\u6b63\u4f73\u5e7f\u573a\u5e97)", "order_time": ["2019-01-08 06:06:04"], "total_order": 1, "hotel_value": ["4.6"], "hotel_price": ["536"]}, "10900886": {"hotel_name": "\u5e7f\u5dde\u5b89\u9038\u9152\u5e97\u516c\u5bd3", "order_time": ["2019-01-08 06:06:11"], "total_order": 1, "hotel_value": ["4.6"], "hotel_price": ["126"]}, "1505338": {"hotel_name": "\u5e7f\u5dde\u5e7f\u53d1\u5370\u8c61\u7cbe\u54c1\u9152\u5e97(\u539f\u5e7f\u53d1\u5bbe\u9986)", "order_time": ["2019-01-08 06:06:11"], "total_order": 1, "hotel_value": ["3.9"], "hotel_price": ["93"]}, "5650885": {"hotel_name": "\u5e7f\u5dde\u7231\u5fc3\u516c\u5bd3", "order_time": ["2019-01-08 06:06:11"], "total_order": 1, "hotel_value": ["4.4"], "hotel_price": ["89"]}, "345010": {"hotel_name": "\u5e7f\u5dde\u56db\u5b63\u9152\u5e97", "order_time": ["2019-01-08 06:08:04"], "total_order": 1, "hotel_value": ["4.8"], "hotel_price": ["2072"]}, "396592": {"hotel_name": "\u5e7f\u5dde\u661f\u6cb3\u6e7e\u534a\u5c9b\u9152\u5e97", "order_time": ["2019-01-08 06:08:04"], "total_order": 1, "hotel_value": ["4.7"], "hotel_price": ["786"]}, "6505880": {"hotel_name": "\u5e7f\u5dde\u9e7f\u5c0f\u9a7f\u4e3b\u9898\u5ea6\u5047\u516c\u5bd3(\u539f\u8da3\u81f4\u4eb2\u5b50\u7cbe\u54c1\u9152\u5e97\u516c\u5bd3)", "order_time": ["2019-01-08 06:08:04"], "total_order": 1, "hotel_value": ["4.6"], "hotel_price": ["151"]}, "419887": {"hotel_name": "\u5e7f\u5dde\u767d\u4e91\u673a\u573a\u94c2\u5c14\u66fc\u5927\u9152\u5e97", "order_time": ["2019-01-08 06:44:04", "2019-01-08 07:00:08", "2019-01-08 06:08:06", "2019-01-08 06:56:02"], "total_order": 4, "hotel_value": ["4.7", "4.7", "4.7", "4.7"], "hotel_price": ["1748", "1748", "1748", "1748"]}, "689219": {"hotel_name": "\u5e7f\u5dde\u51ef\u5c3c\u65af\u9152\u5e97", "order_time": ["2019-01-08 06:08:14"], "total_order": 1, "hotel_value": ["3.9"], "hotel_price": ["121"]}, "1058406": {"hotel_name": "\u51ef\u65cb\u9f99\u8fde\u9501\u9152\u5e97(\u5e7f\u5dde\u73af\u5e02\u8def\u533a\u5e84\u5730\u94c1\u7ad9\u5e97)(\u539f\u533a\u5e84\u534e\u7ca4\u5e97)", "order_time": ["2019-01-08 06:10:03"], "total_order": 1, "hotel_value": ["4.8"], "hotel_price": ["358"]}, "441147": {"hotel_name": "\u5c71\u6c34\u65f6\u5c1a\u9152\u5e97(\u5e7f\u5dde\u9ec4\u57d4\u5e97)", "order_time": ["2019-01-08 06:10:03"], "total_order": 1, "hotel_value": ["4.6"], "hotel_price": ["338"]}, "2300499": {"hotel_name": "\u4e3d\u8299\u9152\u5e97(\u5e7f\u5dde\u4e07\u79d1\u91cc\u6c5f\u6cf0\u8def\u5730\u94c1\u7ad9\u5e97)", "order_time": ["2019-01-08 06:10:04"], "total_order": 1, "hotel_value": ["4.6"], "hotel_price": ["256"]}, "1470475": {"hotel_name": "\u5e7f\u5dde8\u5929\u9152\u5e97\u5f0f\u516c\u5bd3", "order_time": ["2019-01-08 06:10:06"], "total_order": 1, "hotel_value": ["4.5"], "hotel_price": ["117"]}, "21133978": {"hotel_name": "\u5170\u65af\u4e3b\u9898\u9152\u5e97(\u5e7f\u5dde\u65b0\u767d\u4e91\u56fd\u9645\u673a\u573a\u5e97)", "order_time": ["2019-01-08 06:10:14"], "total_order": 1, "hotel_value": ["4.8"], "hotel_price": ["206"]}, "2304529": {"hotel_name": "\u5409\u6854\u9152\u5e97(\u5e7f\u5dde\u52a8\u7269\u56ed\u9ec4\u82b1\u5c97\u5730\u94c1\u7ad9\u5e97)", "order_time": ["2019-01-08 06:12:02"], "total_order": 1, "hotel_value": ["3.9"], "hotel_price": ["123"]}, "1024566": {"hotel_name": "\u5e7f\u5dde\u6885\u82b1\u56ed\u9152\u5e97", "order_time": ["2019-01-08 06:12:04", "2019-01-08 06:50:14"], "total_order": 2, "hotel_value": ["4.2", "4.2"], "hotel_price": ["217", "217"]}, "791935": {"hotel_name": "\u9e97\u67ab\u9152\u5e97(\u5e7f\u5dde\u6d77\u73e0\u5e7f\u573a\u5317\u4eac\u8def\u6b65\u884c\u8857\u5e97)", "order_time": ["2019-01-08 06:14:04"], "total_order": 1, "hotel_value": ["4.8"], "hotel_price": ["371"]}, "453300": {"hotel_name": "\u5e7f\u5dde\u503e\u57ce\u9152\u5e97", "order_time": ["2019-01-08 06:14:05"], "total_order": 1, "hotel_value": ["4.1"], "hotel_price": ["229"]}, "903863": {"hotel_name": "\u5e7f\u5dde\u9f99\u90fd\u9152\u5e97", "order_time": ["2019-01-08 06:14:06"], "total_order": 1, "hotel_value": ["4.1"], "hotel_price": ["85"]}, "28472178": {"hotel_name": "\u5e7f\u5ddeSMART\u9752\u5e74\u65c5\u820d", "order_time": ["2019-01-08 06:14:07"], "total_order": 1, "hotel_value": [0], "hotel_price": ["59"]}, "6733149": {"hotel_name": "\u5e7f\u5dde\u8354\u6e7e\u533a\u5929\u987a\u5bbe\u9986", "order_time": ["2019-01-08 06:14:07"], "total_order": 1, "hotel_value": ["2.6"], "hotel_price": ["105"]}, "690117": {"hotel_name": "\u5e7f\u5dde\u73e0\u6c5f\u65b0\u57ce\u6728\u83b2\u5e84\u9152\u5e97", "order_time": ["2019-01-08 06:16:02"], "total_order": 1, "hotel_value": ["4.5"], "hotel_price": ["356"]}, "6504355": {"hotel_name": "\u67cf\u66fc\u9152\u5e97(\u5e7f\u5dde\u767d\u4e91\u673a\u573a\u5e97)(\u539f\u4eba\u548c\u5730\u94c1\u7ad9\u5e97)", "order_time": ["2019-01-08 06:40:03", "2019-01-08 06:16:03"], "total_order": 2, "hotel_value": ["4.6", "4.6"], "hotel_price": ["206", "206"]}, "441499": {"hotel_name": "\u5e7f\u5dde\u6d41\u82b1\u5bbe\u9986", "order_time": ["2019-01-08 06:16:04"], "total_order": 1, "hotel_value": ["4.4"], "hotel_price": ["343"]}, "837468": {"hotel_name": "\u67cf\u9ad8\u9152\u5e97(\u5e7f\u5dde\u841d\u5c97\u79d1\u5b66\u57ce\u4e07\u8fbe\u5e7f\u573a\u5e97)", "order_time": ["2019-01-08 06:16:04", "2019-01-08 06:26:04"], "total_order": 2, "hotel_value": ["4.6", "4.6"], "hotel_price": ["416", "416"]}, "5209010": {"hotel_name": "\u4e3d\u8299\u9152\u5e97(\u5e7f\u5dde\u5ba2\u6751\u5730\u94c1\u7ad9\u5e7f\u5dde\u5854\u5e97)", "order_time": ["2019-01-08 06:16:04"], "total_order": 1, "hotel_value": ["4.3"], "hotel_price": ["219"]}, "6083994": {"hotel_name": "\u822a\u670d\u6e2f\u6e7e\u9152\u5e97(\u5e7f\u5dde\u65b0\u767d\u4e91\u673a\u573a\u5e97)", "order_time": ["2019-01-08 06:16:06"], "total_order": 1, "hotel_value": ["4.5"], "hotel_price": ["139"]}, "1733882": {"hotel_name": "\u6587\u661f\u8fde\u9501\u9152\u5e97\u5e7f\u5dde\u534e\u666f\u65b0\u57ce\u5e97", "order_time": ["2019-01-08 06:18:03"], "total_order": 1, "hotel_value": ["4.1"], "hotel_price": ["119"]}, "857635": {"hotel_name": "\u79c1\u4eab\u5bb6\u8fde\u9501\u516c\u5bd3(\u5e7f\u5dde\u5317\u4eac\u8def\u91d1\u6da6\u94c2\u5bab\u5e97)", "order_time": ["2019-01-08 06:18:04", "2019-01-08 06:28:04"], "total_order": 2, "hotel_value": ["4.6", "4.6"], "hotel_price": ["409", "409"]}, "808845": {"hotel_name": "\u5e7f\u5dde\u84dd\u96c0\u7cbe\u54c1\u827a\u672f\u9152\u5e97", "order_time": ["2019-01-08 06:18:05"], "total_order": 1, "hotel_value": ["4.5"], "hotel_price": ["316"]}, "449898": {"hotel_name": "\u5e7f\u5dde\u756a\u79ba\u5bbe\u9986", "order_time": ["2019-01-08 06:18:06"], "total_order": 1, "hotel_value": ["4.5"], "hotel_price": ["396"]}, "5640404": {"hotel_name": "\u5e7f\u5dde\u9633\u5149\u5ba2\u6808\u706b\u8f66\u7ad9\u5e97", "order_time": ["2019-01-08 06:18:11"], "total_order": 1, "hotel_value": ["3.8"], "hotel_price": ["54"]}, "8647366": {"hotel_name": "\u5e0c\u5cb8\u9152\u5e97(\u5e7f\u5dde\u4f53\u80b2\u897f\u8def\u5730\u94c1\u7ad9\u5e97)", "order_time": ["2019-01-08 06:20:03"], "total_order": 1, "hotel_value": ["4.7"], "hotel_price": ["331"]}, "27724499": {"hotel_name": "\u5e7f\u5dde\u5c14\u6cf0\u5feb\u6377\u516c\u5bd3", "order_time": ["2019-01-08 06:20:03"], "total_order": 1, "hotel_value": ["4.8"], "hotel_price": ["128"]}, "776227": {"hotel_name": "\u65b9\u6d01\u8fde\u9501\u9152\u5e97(\u5e7f\u5dde\u897f\u95e8\u53e3\u5730\u94c1\u7ad9\u5e97)", "order_time": ["2019-01-08 06:20:03"], "total_order": 1, "hotel_value": ["4.0"], "hotel_price": ["108"]}, "23763896": {"hotel_name": "\u5e7f\u5dde\u79d1\u5c3c\u7279\u56fd\u9645\u8fde\u9501\u9152\u5e97", "order_time": ["2019-01-08 06:20:04"], "total_order": 1, "hotel_value": ["4.9"], "hotel_price": ["362"]}, "2241085": {"hotel_name": "\u661f\u548c\u5546\u52a1\u9152\u5e97(\u5e7f\u5dde\u706b\u8f66\u4e1c\u7ad9\u6c99\u6cb3\u5e97)", "order_time": ["2019-01-08 06:20:04"], "total_order": 1, "hotel_value": ["4.3"], "hotel_price": ["208"]}, "3000464": {"hotel_name": "\u822a\u7a7a\u660e\u73e0\u516c\u5bd3(\u5e7f\u5dde\u65b0\u767d\u4e91\u673a\u573a\u5e97)", "order_time": ["2019-01-08 06:20:06"], "total_order": 1, "hotel_value": ["4.1"], "hotel_price": ["89"]}, "1691769": {"hotel_name": "\u5e7f\u5dde\u6843\u56ed\u5546\u52a1\u9152\u5e97", "order_time": ["2019-01-08 06:20:06"], "total_order": 1, "hotel_value": ["4.0"], "hotel_price": ["150"]}, "3031588": {"hotel_name": "\u5e7f\u5dde\u661f\u8fb0\u9152\u5e97", "order_time": ["2019-01-08 06:20:06"], "total_order": 1, "hotel_value": ["3.8"], "hotel_price": ["125"]}, "4119750": {"hotel_name": "\u9e97\u67ab\u9152\u5e97(\u5e7f\u5dde\u9ad8\u94c1\u5357\u7ad9\u77f3\u58c1\u5730\u94c1\u7ad9\u5e97)", "order_time": ["2019-01-08 06:20:06"], "total_order": 1, "hotel_value": ["4.7"], "hotel_price": ["356"]}, "6885270": {"hotel_name": "\u9686\u6656\u9152\u5e97", "order_time": ["2019-01-08 06:20:07"], "total_order": 1, "hotel_value": ["4.4"], "hotel_price": ["170"]}, "10303260": {"hotel_name": "\u5e7f\u5ddeQ\u5bb6\u56fd\u9645\u9752\u5e74\u516c\u5bd3", "order_time": ["2019-01-08 06:20:08"], "total_order": 1, "hotel_value": ["4.7"], "hotel_price": ["103"]}, "392499": {"hotel_name": "\u5e7f\u5dde\u56fd\u5fb7\u56fd\u9645\u5927\u9152\u5e97", "order_time": ["2019-01-08 06:22:03"], "total_order": 1, "hotel_value": ["4.4"], "hotel_price": ["510"]}, "6672193": {"hotel_name": "\u5e7f\u5dde\u5357\u56fd\u4f1a\u00b71\u7ad9\u9152\u5e97", "order_time": ["2019-01-08 06:22:04"], "total_order": 1, "hotel_value": ["4.5"], "hotel_price": ["385"]}, "916338": {"hotel_name": "\u5e7f\u5dde\u4e16\u4e3d\u9152\u5e97", "order_time": ["2019-01-08 06:22:05"], "total_order": 1, "hotel_value": ["4.2"], "hotel_price": ["169"]}, "5378048": {"hotel_name": "\u5e7f\u5dde\u91d1\u6e58\u9152\u5e97", "order_time": ["2019-01-08 06:22:06"], "total_order": 1, "hotel_value": ["4.2"], "hotel_price": ["117"]}, "6468744": {"hotel_name": "\u63d0\u5b50\u8fde\u9501\u9152\u5e97(\u5e7f\u5dde\u767d\u4e91\u673a\u573a\u4e00\u5e97)", "order_time": ["2019-01-08 06:24:04"], "total_order": 1, "hotel_value": ["4.5"], "hotel_price": ["93"]}, "909587": {"hotel_name": "\u5e7f\u5dde\u4e1c\u57ce\u5bbe\u9986", "order_time": ["2019-01-08 06:24:05"], "total_order": 1, "hotel_value": ["4.3"], "hotel_price": ["151"]}, "346960": {"hotel_name": "\u5e7f\u5dde\u4e1c\u65b9\u5bbe\u9986", "order_time": ["2019-01-08 06:24:17"], "total_order": 1, "hotel_value": ["4.4"], "hotel_price": ["563"]}, "6870136": {"hotel_name": "\u5e7f\u5dde\u4fdd\u5229\u6d32\u9645\u9152\u5e97", "order_time": ["2019-01-08 06:26:02"], "total_order": 1, "hotel_value": ["4.7"], "hotel_price": ["1713"]}, "801396": {"hotel_name": "\u67cf\u66fc\u9152\u5e97(\u5e7f\u5dde\u68e0\u4e0b\u7436\u6d32\u4f1a\u5c55\u5e97)(\u539f\u4f1a\u5c55\u4e2d\u5fc3\u5e97)", "order_time": ["2019-01-08 06:28:03"], "total_order": 1, "hotel_value": ["4.6"], "hotel_price": ["260"]}, "431937": {"hotel_name": "\u5e7f\u5dde\u5609\u9038\u56fd\u9645\u9152\u5e97", "order_time": ["2019-01-08 06:28:04"], "total_order": 1, "hotel_value": ["4.6"], "hotel_price": ["606"]}, "8557374": {"hotel_name": "\u4e07\u5bb6\u9152\u5e97\u5f0f\u516c\u5bd3(\u5e7f\u5dde\u5c97\u9876\u5730\u94c1\u7ad9\u5e97)", "order_time": ["2019-01-08 06:28:05", "2019-01-08 06:38:05"], "total_order": 2, "hotel_value": ["3.7", "3.7"], "hotel_price": ["129", "129"]}, "16094857": {"hotel_name": "\u5e7f\u5dde\u6d41\u6eaa\u6cb3\u7554\u5927\u9152\u5e97", "order_time": ["2019-01-08 06:30:05", "2019-01-08 07:00:08"], "total_order": 2, "hotel_value": ["4.6", "4.6"], "hotel_price": ["356", "356"]}, "7217270": {"hotel_name": "\u4f70\u5408\u7cbe\u9009\u56fd\u9645\u5ea6\u5047\u516c\u5bd3(\u5317\u4eac\u8def\u65b9\u5706\u65f6\u5149\u5e97)", "order_time": ["2019-01-08 06:32:03"], "total_order": 1, "hotel_value": ["4.7"], "hotel_price": ["226"]}, "1732474": {"hotel_name": "\u6587\u661f\u8fde\u9501\u9152\u5e97\u5e7f\u5dde\u5c97\u9876\u5730\u94c1\u53e3\u5e97", "order_time": ["2019-01-08 06:32:04"], "total_order": 1, "hotel_value": ["4.4"], "hotel_price": ["189"]}, "16114924": {"hotel_name": "\u5e7f\u5dde\u83b1\u9f0e\u822a\u7a7a\u5546\u52a1\u9152\u5e97", "order_time": ["2019-01-08 06:32:04"], "total_order": 1, "hotel_value": ["4.8"], "hotel_price": ["129"]}, "1726949": {"hotel_name": "\u8fce\u5546\u9152\u5e97(\u5e7f\u5dde\u4e2d\u5c71\u516b\u5730\u94c1\u7ad9\u5e97)", "order_time": ["2019-01-08 06:32:05", "2019-01-08 06:36:04"], "total_order": 2, "hotel_value": ["4.5", "4.5"], "hotel_price": ["238", "238"]}, "11936597": {"hotel_name": "\u5e7f\u5dde\u4e50\u9ad8\u9152\u5e97", "order_time": ["2019-01-08 06:32:05"], "total_order": 1, "hotel_value": ["4.4"], "hotel_price": ["113"]}, "2846947": {"hotel_name": "\u5982\u5bb6\u5feb\u6377\u9152\u5e97(\u5e7f\u5dde\u9ad8\u94c1\u5357\u7ad9\u5357\u6d66\u5730\u94c1\u53e3\u5e97)", "order_time": ["2019-01-08 06:32:06"], "total_order": 1, "hotel_value": ["4.3"], "hotel_price": ["116"]}, "1782557": {"hotel_name": "\u4e00\u5982\u9152\u5e97\u5e7f\u5dde\u706b\u8f66\u4e1c\u7ad9\u5e97", "order_time": ["2019-01-08 06:32:06"], "total_order": 1, "hotel_value": ["4.3"], "hotel_price": ["144"]}, "8021280": {"hotel_name": "\u57ce\u5e02\u4fbf\u6377\u9152\u5e97(\u5e7f\u5dde\u5609\u79be\u957f\u7ea2\u5e97)(\u539f\u9e3f\u901a\u7269\u6d41\u56ed\u5e97)", "order_time": ["2019-01-08 06:32:06"], "total_order": 1, "hotel_value": ["4.5"], "hotel_price": ["162"]}, "4834454": {"hotel_name": "\u5e7f\u5dde\u5174\u6e90\u5bbe\u9986", "order_time": ["2019-01-08 06:34:06"], "total_order": 1, "hotel_value": ["3.7"], "hotel_price": ["84"]}, "6006667": {"hotel_name": "\u5e7f\u5dde\u6c99\u4e1c\u5929\u4fa8\u65c5\u5e97", "order_time": ["2019-01-08 06:34:07"], "total_order": 1, "hotel_value": ["3.9"], "hotel_price": ["57"]}, "1583498": {"hotel_name": "\u51ef\u91cc\u4e9a\u5fb7\u9152\u5e97(\u5e7f\u5dde\u4e0a\u4e0b\u4e5d\u5e97)", "order_time": ["2019-01-08 06:36:02"], "total_order": 1, "hotel_value": ["4.6"], "hotel_price": ["304"]}, "392495": {"hotel_name": "\u5e7f\u5dde\u5730\u4e2d\u6d77\u56fd\u9645\u9152\u5e97", "order_time": ["2019-01-08 06:36:03"], "total_order": 1, "hotel_value": ["4.5"], "hotel_price": ["466"]}, "5716207": {"hotel_name": "\u6674\u96e8\u6c47\u4e3b\u9898\u516c\u5bd3(\u5e7f\u5dde\u756a\u79ba\u52a8\u7269\u56ed\u5317\u95e8\u5e97)", "order_time": ["2019-01-08 06:36:05"], "total_order": 1, "hotel_value": ["4.4"], "hotel_price": ["135"]}, "1389577": {"hotel_name": "\u5e7f\u5dde\u78a7\u6d9b\u5bbe\u9986", "order_time": ["2019-01-08 06:36:07"], "total_order": 1, "hotel_value": ["3.5"], "hotel_price": ["123"]}, "419306": {"hotel_name": "\u78a7\u6842\u56ed\u5e7f\u5dde\u51e4\u51f0\u57ce\u9152\u5e97", "order_time": ["2019-01-08 06:38:02"], "total_order": 1, "hotel_value": ["4.7"], "hotel_price": ["496"]}, "17140611": {"hotel_name": "\u5e7f\u5dde\u5c0f\u98de\u8c61\u4eb2\u5b50\u4e3b\u9898\u516c\u5bd3", "order_time": ["2019-01-08 06:38:03"], "total_order": 1, "hotel_value": ["4.5"], "hotel_price": ["139"]}, "1542337": {"hotel_name": "\u5e7f\u5dde\u7f8e\u6e2f\u9152\u5e97", "order_time": ["2019-01-08 06:40:03"], "total_order": 1, "hotel_value": ["4.2"], "hotel_price": ["237"]}, "793913": {"hotel_name": "\u5e7f\u5dde\u82b1\u57ce\u4e4b\u661f\u8fde\u9501\u9152\u5e97(\u52a8\u7269\u56ed\u5730\u94c1\u7ad9\u5e97)", "order_time": ["2019-01-08 06:40:04"], "total_order": 1, "hotel_value": ["4.2"], "hotel_price": ["127"]}, "998462": {"hotel_name": "\u5e7f\u5dde\u5f71\u661f\u5bbe\u9986", "order_time": ["2019-01-08 06:40:04"], "total_order": 1, "hotel_value": ["4.3"], "hotel_price": ["295"]}, "1696576": {"hotel_name": "\u901f8\u9152\u5e97(\u5e7f\u5dde\u706b\u8f66\u7ad9\u5e97)", "order_time": ["2019-01-08 06:40:04"], "total_order": 1, "hotel_value": ["4.3"], "hotel_price": ["179"]}, "968895": {"hotel_name": "\u6c49\u5ead\u9152\u5e97(\u5e7f\u5dde\u5317\u4eac\u8def\u5929\u5b57\u7801\u5934\u5e97)", "order_time": ["2019-01-08 06:40:04", "2019-01-08 06:46:05"], "total_order": 2, "hotel_value": ["4.6", "4.6"], "hotel_price": ["208", "208"]}, "818770": {"hotel_name": "\u9038\u7c73\u9152\u5e97(\u5e7f\u5dde\u98de\u7fd4\u516c\u56ed\u5730\u94c1\u7ad9\u5e97)(\u539f\u82b1\u7eaa\u9152\u5e97(\u673a\u573a\u8def\u5e97)", "order_time": ["2019-01-08 06:40:04"], "total_order": 1, "hotel_value": ["4.5"], "hotel_price": ["118"]}, "5438557": {"hotel_name": "\u6709\u620f\u7535\u5f71\u9152\u5e97(\u5e7f\u5dde\u534e\u5e08\u5730\u94c1\u7ad9\u5e97)", "order_time": ["2019-01-08 06:40:04"], "total_order": 1, "hotel_value": ["4.7"], "hotel_price": ["265"]}, "1294289": {"hotel_name": "\u5982\u5bb6\u5feb\u6377\u9152\u5e97(\u5e7f\u4e1c\u5916\u8bed\u5916\u8d38\u5927\u5b66\u767d\u4e91\u5927\u9053\u5e97)", "order_time": ["2019-01-08 06:40:04"], "total_order": 1, "hotel_value": ["4.5"], "hotel_price": ["115"]}, "1782566": {"hotel_name": "99\u65c5\u9986\u8fde\u9501(\u5e7f\u5dde\u65b0\u5e02\u767d\u4e91\u6587\u5316\u5e7f\u573a\u5730\u94c1\u7ad9\u5e97)", "order_time": ["2019-01-08 06:40:05"], "total_order": 1, "hotel_value": ["4.2"], "hotel_price": ["79"]}, "454118": {"hotel_name": "\u5e7f\u5dde\u94f6\u6cb3\u5927\u9152\u5e97", "order_time": ["2019-01-08 06:42:08"], "total_order": 1, "hotel_value": ["4.0"], "hotel_price": ["209"]}, "1717623": {"hotel_name": "\u4e00\u5446\u516c\u5bd3\u00b7\u5e7f\u5dde\u4fdd\u5229\u4e2d\u8fbe", "order_time": ["2019-01-08 06:42:08", "2019-01-08 06:46:03"], "total_order": 2, "hotel_value": ["4.3", "4.3"], "hotel_price": ["464", "464"]}, "4590350": {"hotel_name": "\u661f\u4f26\u4fdd\u5229\u4e2d\u6c47\u56fd\u9645\u516c\u5bd3(\u5e7f\u5dde\u706b\u8f66\u4e1c\u7ad9\u5e97)", "order_time": ["2019-01-08 06:42:09"], "total_order": 1, "hotel_value": ["4.7"], "hotel_price": ["232"]}, "5930107": {"hotel_name": "\u516b\u53f7\u81fb\u54c1\u9152\u5e97(\u5e7f\u5dde\u706b\u8f66\u7ad9\u4e09\u5143\u91cc\u5730\u94c1\u7ad9\u5e97)", "order_time": ["2019-01-08 06:44:03"], "total_order": 1, "hotel_value": ["4.7"], "hotel_price": ["254"]}, "2043910": {"hotel_name": "V\u9152\u5e97(\u5e7f\u5dde\u5929\u6cb3\u5ba2\u8fd0\u7ad9\u5e97)", "order_time": ["2019-01-08 06:44:03"], "total_order": 1, "hotel_value": ["4.1"], "hotel_price": ["107"]}, "21160909": {"hotel_name": "\u7ef4\u4e5f\u7eb3\u65af\u9152\u5e97\u00b7\u7cbe\u9009(\u5e7f\u5dde\u65b0\u767d\u4e91\u56fd\u9645\u673a\u573a\u5e97)", "order_time": ["2019-01-08 06:44:04"], "total_order": 1, "hotel_value": ["4.7"], "hotel_price": ["206"]}, "1505015": {"hotel_name": "\u5e7f\u5dde\u66fc\u90fd\u56fd\u9645\u5927\u9152\u5e97", "order_time": ["2019-01-08 06:44:04"], "total_order": 1, "hotel_value": ["4.4"], "hotel_price": ["205"]}, "24011220": {"hotel_name": "\u73e0\u5149\u661f\u5fa1\u56fd\u9645\u516c\u5bd3(\u5e7f\u5dde\u73e0\u6c5f\u65b0\u57ce\u5e97)", "order_time": ["2019-01-08 06:44:04"], "total_order": 1, "hotel_value": ["4.7"], "hotel_price": ["456"]}, "429293": {"hotel_name": "\u5e7f\u4e1c\u80dc\u5229\u5bbe\u9986", "order_time": ["2019-01-08 06:44:04"], "total_order": 1, "hotel_value": ["4.5"], "hotel_price": ["383"]}, "434592": {"hotel_name": "\u5e7f\u5dde\u534e\u53a6\u56fd\u9645\u5546\u52a1\u9152\u5e97", "order_time": ["2019-01-08 06:44:04"], "total_order": 1, "hotel_value": ["4.6"], "hotel_price": ["478"]}, "9766773": {"hotel_name": "\u5e7f\u5dde\u767e\u987a\u9152\u5e97\u5f0f\u7cbe\u54c1\u516c\u5bd3\u706b\u8f66\u7ad9\u5e97", "order_time": ["2019-01-08 06:44:05"], "total_order": 1, "hotel_value": ["4.2"], "hotel_price": ["114"]}, "3680033": {"hotel_name": "\u5e7f\u5dde\u7f8e\u5072\u9014\u516c\u5bd3", "order_time": ["2019-01-08 06:44:05"], "total_order": 1, "hotel_value": ["4.5"], "hotel_price": ["183"]}, "6170390": {"hotel_name": "\u5e7f\u5dde\u9014\u4e4b\u5bb6\u7cbe\u54c1\u9152\u5e97\u5f0f\u516c\u5bd3", "order_time": ["2019-01-08 06:46:03"], "total_order": 1, "hotel_value": ["4.6"], "hotel_price": ["98"]}, "1735412": {"hotel_name": "\u5e7f\u5dde\u5e7f\u6e90\u5bbe\u9986", "order_time": ["2019-01-08 06:46:07"], "total_order": 1, "hotel_value": ["3.9"], "hotel_price": ["159"]}, "2305427": {"hotel_name": "7\u5929\u8fde\u9501\u9152\u5e97(\u5e7f\u5dde\u519c\u6797\u4e0b\u8def\u533a\u5e84\u5730\u94c1\u7ad9\u5e97)", "order_time": ["2019-01-08 06:48:02"], "total_order": 1, "hotel_value": ["4.5"], "hotel_price": ["198"]}, "5732548": {"hotel_name": "\u94a7\u73ba\u4e3b\u9898\u516c\u5bd3(\u5e7f\u5dde\u6c49\u6eaa\u957f\u9686\u5730\u94c1\u7ad9\u5e97)", "order_time": ["2019-01-08 06:48:02"], "total_order": 1, "hotel_value": ["4.4"], "hotel_price": ["145"]}, "26659685": {"hotel_name": "\u5e7f\u5dde\u5947\u5e7b\u718a\u732b\u516c\u9986\u4eb2\u5b50\u6c11\u5bbf", "order_time": ["2019-01-08 06:48:03"], "total_order": 1, "hotel_value": ["4.7"], "hotel_price": ["130"]}, "444262": {"hotel_name": "\u5e7f\u5dde\u5a01\u5c3c\u56fd\u9645\u9152\u5e97", "order_time": ["2019-01-08 06:48:03"], "total_order": 1, "hotel_value": ["4.2"], "hotel_price": ["388"]}, "2644183": {"hotel_name": "\u4eab\u601d\u4f1a\u4e3b\u9898\u516c\u5bd3(\u5e7f\u5dde\u4e07\u8fbe\u5e7f\u573a\u5e97)", "order_time": ["2019-01-08 06:48:04"], "total_order": 1, "hotel_value": ["4.5"], "hotel_price": ["139"]}, "1973826": {"hotel_name": "\u9047\u89c1\u65f6\u5c1a\u9152\u5e97(\u5e7f\u5dde\u77f3\u4e95\u57ce\u5e02\u5e7f\u573a\u5e97)", "order_time": ["2019-01-08 06:48:05"], "total_order": 1, "hotel_value": ["3.9"], "hotel_price": ["97"]}, "1731474": {"hotel_name": "\u5e7f\u5dde\u5f00\u6e90\u9152\u5e97", "order_time": ["2019-01-08 06:48:05"], "total_order": 1, "hotel_value": ["4.4"], "hotel_price": ["148"]}, "1696640": {"hotel_name": "7\u5929\u8fde\u9501\u9152\u5e97(\u5e7f\u5dde\u5929\u6cb3\u5ba2\u8fd0\u7ad9\u4e8c\u5e97)", "order_time": ["2019-01-08 06:48:05"], "total_order": 1, "hotel_value": ["4.1"], "hotel_price": ["101"]}, "559129": {"hotel_name": "\u5e7f\u5dde\u6717\u9038\u5546\u52a1\u9152\u5e97", "order_time": ["2019-01-08 06:50:13"], "total_order": 1, "hotel_value": ["4.1"], "hotel_price": ["209"]}, "7559979": {"hotel_name": "\u5586\u5561\u9152\u5e97\uff08\u5e7f\u5dde\u4e2d\u5927\u745e\u7eba\u5e03\u5339\u5e02\u573a\u73e0\u6c5f\u56fd\u9645\u516c\u9986\u5e97\uff09", "order_time": ["2019-01-08 06:50:14"], "total_order": 1, "hotel_value": ["4.7"], "hotel_price": ["233"]}, "4528920": {"hotel_name": "\u5e7f\u5dde\u6c38\u5fb7\u5821\u56fd\u9645\u9152\u5e97", "order_time": ["2019-01-08 06:50:14"], "total_order": 1, "hotel_value": ["4.4"], "hotel_price": ["168"]}, "6874411": {"hotel_name": "\u5e7f\u5dde\u65f6\u4ee3\u5ba2\u6808", "order_time": ["2019-01-08 06:50:14"], "total_order": 1, "hotel_value": ["4.4"], "hotel_price": ["315"]}, "8493298": {"hotel_name": "\u661f\u6109\u65f6\u5c1a\u8fde\u9501\u9152\u5e97(\u5e7f\u5dde\u5b9d\u5c97\u5927\u9053\u5e97)", "order_time": ["2019-01-08 06:50:15"], "total_order": 1, "hotel_value": ["4.2"], "hotel_price": ["99"]}, "8597066": {"hotel_name": "\u5e7f\u5dde\u94c2\u9510\u81ea\u52a9\u670d\u52a1\u5f0f\u9152\u5e97\u516c\u5bd3\u5c97\u9876\u5730\u94c1\u7ad9\u767e\u8111\u6c47\u5e97", "order_time": ["2019-01-08 06:50:17"], "total_order": 1, "hotel_value": ["4.5"], "hotel_price": ["268"]}, "1698579": {"hotel_name": "\u5e7f\u5dde\u8054\u6d77\u5546\u52a1\u9152\u5e97", "order_time": ["2019-01-08 06:50:17"], "total_order": 1, "hotel_value": ["3.9"], "hotel_price": ["107"]}, "15029384": {"hotel_name": "\u5e7f\u5dde\u957f\u9686\u718a\u732b\u9152\u5e97", "order_time": ["2019-01-08 06:52:07"], "total_order": 1, "hotel_value": ["4.7"], "hotel_price": ["908"]}, "1622692": {"hotel_name": "\u767b\u5df4\u56fd\u9645\u8fde\u9501\u5ba2\u6808(\u5e7f\u5dde\u4e94\u7f8a\u65b0\u57ce\u5e97)", "order_time": ["2019-01-08 06:58:03", "2019-01-08 06:52:07"], "total_order": 2, "hotel_value": ["4.6", "4.6"], "hotel_price": ["78", "78"]}, "6053582": {"hotel_name": "\u66fc\u7b1b\u516c\u5bd3(\u5e7f\u5dde\u5408\u751f\u9a8f\u666f\u5e7f\u573a\u5e97)", "order_time": ["2019-01-08 06:52:08"], "total_order": 1, "hotel_value": ["4.4"], "hotel_price": ["290"]}, "757581": {"hotel_name": "\u67cf\u9ad8\u00b7\u96c5\u9152\u5e97(\u5e7f\u5dde\u4e1c\u5703\u5929\u6cb3\u57ce\u5e97)", "order_time": ["2019-01-08 06:52:08"], "total_order": 1, "hotel_value": ["4.8"], "hotel_price": ["278"]}, "427374": {"hotel_name": "\u5bd3\u7c73\u516c\u5bd3(\u5e7f\u5dde\u73e0\u5149\u9ad8\u6d3e\u5e97)", "order_time": ["2019-01-08 06:52:10"], "total_order": 1, "hotel_value": ["4.2"], "hotel_price": ["165"]}, "18495676": {"hotel_name": "\u5e7f\u5dde\u4e00\u898b\u516c\u5bd3(\u957f\u5c97\u8857\u5206\u5e97)", "order_time": ["2019-01-08 06:52:21"], "total_order": 1, "hotel_value": [0], "hotel_price": ["333"]}, "1614943": {"hotel_name": "\u5e7f\u5dde\u76db\u8c6a\u5bbe\u9986", "order_time": ["2019-01-08 06:54:04"], "total_order": 1, "hotel_value": ["4.2"], "hotel_price": ["159"]}, "813086": {"hotel_name": "\u8bfa\u76df\u56fd\u9645\u516c\u5bd3(\u5e7f\u5dde\u5148\u70c8\u5357\u8def\u65f6\u4ee3\u56fd\u9645YOU\u5e97)", "order_time": ["2019-01-08 06:54:05"], "total_order": 1, "hotel_value": ["4.1"], "hotel_price": ["202"]}, "1703323": {"hotel_name": "\u4e3d\u9014\u56fd\u9645\u516c\u5bd3(\u5e7f\u5dde\u79d1\u6c47\u91d1\u8c37\u5e97)", "order_time": ["2019-01-08 06:54:05"], "total_order": 1, "hotel_value": ["4.6"], "hotel_price": ["180"]}, "1044943": {"hotel_name": "\u5982\u5bb6\u5feb\u6377\u9152\u5e97(\u5e7f\u5dde\u4e0a\u4e0b\u4e5d\u957f\u5bff\u8def\u5730\u94c1\u7ad9\u5e97)", "order_time": ["2019-01-08 06:56:02"], "total_order": 1, "hotel_value": ["4.7"], "hotel_price": ["157"]}, "7517888": {"hotel_name": "\u6e2f\u5bd3\u56fd\u9645\u9152\u5e97\u516c\u5bd3(\u5e7f\u5dde\u5929\u6cb3\u5317\u706b\u8f66\u4e1c\u7ad9\u5e97)", "order_time": ["2019-01-08 06:56:03"], "total_order": 1, "hotel_value": ["4.6"], "hotel_price": ["303"]}, "455305": {"hotel_name": "\u5e7f\u5dde\u767d\u4e91\u6e56\u7554\u9152\u5e97(\u5e7f\u4e1c\u5357\u6e56\u65c5\u6e38\u4e2d\u5fc3)", "order_time": ["2019-01-08 06:56:04"], "total_order": 1, "hotel_value": ["4.6"], "hotel_price": ["469"]}, "347027": {"hotel_name": "\u5e7f\u5dde\u7ca4\u6d77\u559c\u6765\u767b\u9152\u5e97", "order_time": ["2019-01-08 06:56:04"], "total_order": 1, "hotel_value": ["4.7"], "hotel_price": ["1075"]}, "15024208": {"hotel_name": "\u5e7f\u5dde\u534e\u90fd\u5546\u52a1\u516c\u5bd3(\u767d\u4e91\u673a\u573a\u5e97)", "order_time": ["2019-01-08 06:56:05"], "total_order": 1, "hotel_value": ["4.7"], "hotel_price": ["84"]}, "4207628": {"hotel_name": "E\u5609\u9152\u5e97\u516c\u5bd3(\u5e7f\u5dde\u5317\u4eac\u8def\u9526\u6e90\u5e97)", "order_time": ["2019-01-08 07:00:07"], "total_order": 1, "hotel_value": ["4.3"], "hotel_price": ["151"]}, "5477373": {"hotel_name": "\u5e7f\u5dde\u51ef\u5c14\u5361\u987f\u5927\u9152\u5e97", "order_time": ["2019-01-08 07:00:07"], "total_order": 1, "hotel_value": ["4.4"], "hotel_price": ["438"]}}}