{"\u5f00\u59cb\u8bb0\u5f55\u65f6\u95f4": "2019-01-12 04:18:38", "\u7ed3\u675f\u8bb0\u5f55\u65f6\u95f4": "2019-01-12 05:19:45", "\u8ba2\u5355\u603b\u589e\u91cf": 126, "item": {"471422": {"hotel_name": "\u901f8\u9152\u5e97(\u5e7f\u5dde\u4eba\u548c\u5730\u94c1\u7ad9\u5e97)(\u539f\u5e7f\u5dde\u65b0\u767d\u4e91\u56fd\u9645\u673a\u573a\u5e97\uff09", "order_time": ["2019-01-12 04:20:54"], "total_order": 1, "hotel_value": ["4.5"], "hotel_price": ["168"]}, "752660": {"hotel_name": "\u5cad\u5357\u4f73\u56ed\u8fde\u9501\u9152\u5e97(\u5e7f\u5dde\u8354\u6e7e\u6e56\u5e97)", "order_time": ["2019-01-12 04:20:57"], "total_order": 1, "hotel_value": ["4.0"], "hotel_price": ["133"]}, "1457074": {"hotel_name": "\u5168\u5b63\u9152\u5e97(\u5e7f\u5dde\u897f\u95e8\u53e3\u5e97)", "order_time": ["2019-01-12 04:23:01"], "total_order": 1, "hotel_value": ["4.5"], "hotel_price": ["446"]}, "792788": {"hotel_name": "\u5e7f\u5dde\u661f\u90fd\u5927\u9152\u5e97", "order_time": ["2019-01-12 04:23:03"], "total_order": 1, "hotel_value": ["3.5"], "hotel_price": ["199"]}, "432755": {"hotel_name": "\u5e7f\u5dde\u5353\u5c0a\u91d1\u838e\u5927\u9152\u5e97", "order_time": ["2019-01-12 04:23:04"], "total_order": 1, "hotel_value": ["4.4"], "hotel_price": ["220"]}, "1734894": {"hotel_name": "\u5e7f\u5dde\u957f\u57ce\u5bbe\u9986", "order_time": ["2019-01-12 04:23:11"], "total_order": 1, "hotel_value": ["4.2"], "hotel_price": ["225"]}, "17343617": {"hotel_name": "\u5e7f\u5dde\u4f4f\u661f\u7cbe\u54c1\u4e3b\u9898\u9152\u5e97(\u539f\u9c9c\u4f4f\u7cbe\u54c1\u4e3b\u9898\u9152\u5e97)", "order_time": ["2019-01-12 04:24:53"], "total_order": 1, "hotel_value": ["4.4"], "hotel_price": ["158"]}, "4547905": {"hotel_name": "\u5e7f\u5dde\u7ca4\u5927\u91d1\u878d\u57ce\u56fd\u9645\u9152\u5e97", "order_time": ["2019-01-12 04:24:59"], "total_order": 1, "hotel_value": ["4.5"], "hotel_price": ["459"]}, "426992": {"hotel_name": "\u5e7f\u5dde\u8fdc\u6d0b\u5bbe\u9986", "order_time": ["2019-01-12 04:25:00"], "total_order": 1, "hotel_value": ["4.6"], "hotel_price": ["430"]}, "6657580": {"hotel_name": "\u5e7f\u5dde\u6fb3\u65af\u6c40\u9152\u5e97", "order_time": ["2019-01-12 04:25:08"], "total_order": 1, "hotel_value": ["4.4"], "hotel_price": ["176"]}, "1696833": {"hotel_name": "7\u5929\u8fde\u9501\u9152\u5e97(\u5e7f\u5dde\u6c5f\u5357\u897f\u5730\u94c1\u7ad9\u6c5f\u5357\u65b0\u5730\u5e97)", "order_time": ["2019-01-12 04:25:09"], "total_order": 1, "hotel_value": ["4.2"], "hotel_price": ["155"]}, "1700987": {"hotel_name": "\u5e7f\u5dde\u65b0\u5a01\u57ce\u9152\u5e97", "order_time": ["2019-01-12 04:25:24"], "total_order": 1, "hotel_value": ["3.8"], "hotel_price": ["88"]}, "345010": {"hotel_name": "\u5e7f\u5dde\u56db\u5b63\u9152\u5e97", "order_time": ["2019-01-12 04:26:54"], "total_order": 1, "hotel_value": ["4.8"], "hotel_price": ["2624"]}, "19521820": {"hotel_name": "\u6854\u6811\u56fd\u9645\u516c\u5bd3(\u5e7f\u5dde\u73e0\u6c5f\u65b0\u57ce\u661f\u6c47\u5e97)", "order_time": ["2019-01-12 04:26:59"], "total_order": 1, "hotel_value": ["4.3"], "hotel_price": ["258"]}, "6407427": {"hotel_name": "\u84dd\u5929\u5bb6\u56ed\u516c\u5bd3(\u5e7f\u5dde\u68e0\u4e0b\u5e97)", "order_time": ["2019-01-12 04:27:17"], "total_order": 1, "hotel_value": ["3.6"], "hotel_price": ["30"]}, "26576214": {"hotel_name": "\u5e7f\u5dde\u7d20\u5bd3\u516c\u5bd3", "order_time": ["2019-01-12 04:27:27"], "total_order": 1, "hotel_value": [0], "hotel_price": ["268"]}, "23763896": {"hotel_name": "\u5e7f\u5dde\u79d1\u5c3c\u7279\u56fd\u9645\u8fde\u9501\u9152\u5e97", "order_time": ["2019-01-12 04:28:53"], "total_order": 1, "hotel_value": ["4.9"], "hotel_price": ["362"]}, "17906093": {"hotel_name": "\u6587\u534e\u56fd\u9645\u9152\u5e97\u516c\u5bd3(\u5e7f\u5dde\u5317\u4eac\u8def\u6b65\u884c\u8857\u5e97)", "order_time": ["2019-01-12 04:28:55"], "total_order": 1, "hotel_value": ["4.6"], "hotel_price": ["376"]}, "1692529": {"hotel_name": "\u57ce\u5e02\u4fbf\u6377\u9152\u5e97(\u5e7f\u5dde\u706b\u8f66\u7ad9\u4e09\u5143\u91cc\u5730\u94c1\u7ad9\u5e97)(\u539f\u4e09\u5143\u91cc\u5730\u94c1\u7ad9\u4e8c\u5e97)", "order_time": ["2019-01-12 04:28:59"], "total_order": 1, "hotel_value": ["4.5"], "hotel_price": ["205"]}, "1700334": {"hotel_name": "\u5e7f\u5dde\u6c5f\u6cf0\u9152\u5e97", "order_time": ["2019-01-12 04:29:06"], "total_order": 1, "hotel_value": ["4.0"], "hotel_price": ["124"]}, "28708239": {"hotel_name": "\u5e7f\u5dde\u6e2f\u6e7e\u9752\u5e74\u65c5\u793e", "order_time": ["2019-01-12 04:29:19"], "total_order": 1, "hotel_value": [0], "hotel_price": ["45"]}, "7481481": {"hotel_name": "\u5e7f\u5dde\u5305\u73e0\u5a46\u6c11\u5bbf", "order_time": ["2019-01-12 04:29:23"], "total_order": 1, "hotel_value": ["4.6"], "hotel_price": ["50"]}, "442199": {"hotel_name": "\u5e7f\u5dde\u5927\u53a6", "order_time": ["2019-01-12 04:31:00"], "total_order": 1, "hotel_value": ["4.5"], "hotel_price": ["358"]}, "7559979": {"hotel_name": "\u5586\u5561\u9152\u5e97\uff08\u5e7f\u5dde\u4e2d\u5927\u745e\u7eba\u5e03\u5339\u5e02\u573a\u73e0\u6c5f\u56fd\u9645\u516c\u9986\u5e97\uff09", "order_time": ["2019-01-12 04:31:01"], "total_order": 1, "hotel_value": ["4.7"], "hotel_price": ["236"]}, "6870147": {"hotel_name": "\u6c5f\u5357\u897f\u9152\u5e97(\u5e7f\u5dde\u6e05\u6cb3\u4e2d\u8def\u5e97)", "order_time": ["2019-01-12 04:32:54"], "total_order": 1, "hotel_value": ["4.7"], "hotel_price": ["208"]}, "1941260": {"hotel_name": "\u5979\u4ed6\u4f1a\u670d\u52a1\u516c\u5bd3(\u5e7f\u5dde\u4e07\u8fbe\u6c49\u6eaa\u957f\u9686\u5730\u94c1\u7ad9)", "order_time": ["2019-01-12 04:32:56"], "total_order": 1, "hotel_value": ["4.4"], "hotel_price": ["160"]}, "5494234": {"hotel_name": "\u9f99\u7a57\u9152\u5e97\u516c\u5bd3(\u5e7f\u5dde\u5357\u7ad9\u5e97)", "order_time": ["2019-01-12 04:32:56"], "total_order": 1, "hotel_value": ["4.8"], "hotel_price": ["200"]}, "419302": {"hotel_name": "\u5e7f\u5dde\u957f\u9686\u9152\u5e97", "order_time": ["2019-01-12 04:33:00"], "total_order": 1, "hotel_value": ["4.6"], "hotel_price": ["1156"]}, "17080059": {"hotel_name": "\u6e2f\u6da6\u5bd3\u4e0a\u661f\u4f5c\u516c\u5bd3(\u5e7f\u5dde\u897f\u95e8\u53e3\u5730\u94c1\u7ad9\u5e97)", "order_time": ["2019-01-12 04:33:00"], "total_order": 1, "hotel_value": ["4.6"], "hotel_price": ["200"]}, "447233": {"hotel_name": "\u5e7f\u5dde\u79d1\u5b66\u57ce\u534e\u53a6\u56fd\u9645\u5546\u52a1\u9152\u5e97", "order_time": ["2019-01-12 04:33:03"], "total_order": 1, "hotel_value": ["4.3"], "hotel_price": ["400"]}, "16192915": {"hotel_name": "\u7ef4\u5ea6\u9152\u5e97\uff08\u5e7f\u5dde\u4eba\u548c\u5730\u94c1\u5e97\uff09", "order_time": ["2019-01-12 04:33:04"], "total_order": 1, "hotel_value": ["4.7"], "hotel_price": ["248"]}, "1695851": {"hotel_name": "\u5e7f\u5dde\u541b\u7687\u9152\u5e97", "order_time": ["2019-01-12 04:33:09"], "total_order": 1, "hotel_value": ["4.3"], "hotel_price": ["172"]}, "1691641": {"hotel_name": "\u5e7f\u5dde\u7cbe\u76ca\u5927\u9152\u5e97", "order_time": ["2019-01-12 04:33:23"], "total_order": 1, "hotel_value": ["4.6"], "hotel_price": ["257"]}, "19853563": {"hotel_name": "\u83b1\u5361\u9152\u5e97(\u5e7f\u5dde\u4f53\u80b2\u897f\u8def\u5730\u94c1\u7ad9\u5e97)", "order_time": ["2019-01-12 04:35:01"], "total_order": 1, "hotel_value": ["4.7"], "hotel_price": ["368"]}, "2300705": {"hotel_name": "7\u5929\u8fde\u9501\u9152\u5e97(\u5e7f\u5dde\u4e94\u7f8a\u65b0\u57ce\u5e97)", "order_time": ["2019-01-12 04:35:04"], "total_order": 1, "hotel_value": ["4.5"], "hotel_price": ["253"]}, "28014704": {"hotel_name": "\u5e7f\u5dde\u97e9\u51a0\u56db\u5b63\u516c\u5bd3", "order_time": ["2019-01-12 04:35:09"], "total_order": 1, "hotel_value": ["4.8"], "hotel_price": ["97"]}, "1053310": {"hotel_name": "7\u5929\u8fde\u9501\u9152\u5e97(\u5e7f\u5dde\u5317\u4eac\u8def\u5730\u94c1\u7ad9\u4e8c\u5e97)", "order_time": ["2019-01-12 04:35:13"], "total_order": 1, "hotel_value": ["4.3"], "hotel_price": ["178"]}, "1329911": {"hotel_name": "\u5e7f\u5dde\u91d1\u6c47\u5047\u65e5\u9152\u5e97", "order_time": ["2019-01-12 04:36:56"], "total_order": 1, "hotel_value": ["4.6"], "hotel_price": ["167"]}, "1739013": {"hotel_name": "\u5e7f\u5dde\u559c\u6da6\u6c47\u5cf0\u56fd\u9645\u516c\u5bd3", "order_time": ["2019-01-12 04:36:57"], "total_order": 1, "hotel_value": ["4.1"], "hotel_price": ["331"]}, "741926": {"hotel_name": "\u51ef\u6e2f\u7cbe\u54c1\u9152\u5e97(\u5e7f\u5dde\u7436\u6d32\u5e97)(\u539f\u8d64\u5c97\u5e97)", "order_time": ["2019-01-12 04:36:58"], "total_order": 1, "hotel_value": ["4.7"], "hotel_price": ["232"]}, "808845": {"hotel_name": "\u5e7f\u5dde\u84dd\u96c0\u7cbe\u54c1\u827a\u672f\u9152\u5e97", "order_time": ["2019-01-12 04:37:04"], "total_order": 1, "hotel_value": ["4.5"], "hotel_price": ["336"]}, "857175": {"hotel_name": "\u5e7f\u5dde\u9890\u548c\u516c\u5bd3(\u539f\u9890\u548c\u76db\u4e16\u5927\u9152\u5e97)", "order_time": ["2019-01-12 04:37:04"], "total_order": 1, "hotel_value": ["4.5"], "hotel_price": ["306"]}, "12064916": {"hotel_name": "ZMAX\u6f6e\u6f2b\u9152\u5e97(\u5e7f\u5dde\u4e09\u5143\u91cc\u5730\u94c1\u7ad9\u5e97)", "order_time": ["2019-01-12 04:38:58"], "total_order": 1, "hotel_value": ["4.8"], "hotel_price": ["348"]}, "6608544": {"hotel_name": "\u5e7f\u5dde\u661f\u4e30\u5546\u52a1\u9152\u5e97", "order_time": ["2019-01-12 04:39:07"], "total_order": 1, "hotel_value": ["4.7"], "hotel_price": ["236"]}, "5982598": {"hotel_name": "\u5e7f\u5dde\u7f8e\u4e3d\u4e4b\u7ea6\u9752\u5e74\u65c5\u820d\u6885\u82b1\u56ed\u5730\u94c1\u7ad9\u5e97", "order_time": ["2019-01-12 04:39:33"], "total_order": 1, "hotel_value": ["4.1"], "hotel_price": ["25"]}, "927697": {"hotel_name": "\u661f\u9a7f\u56fd\u9645\u516c\u5bd3(\u5e7f\u5dde\u660c\u5c97\u5730\u94c1\u7ad9\u5e97)", "order_time": ["2019-01-12 04:40:57"], "total_order": 1, "hotel_value": ["4.5"], "hotel_price": ["299"]}, "2981551": {"hotel_name": "\u5e7f\u5dde\u7f8e\u6210\u9152\u5e97", "order_time": ["2019-01-12 04:40:58"], "total_order": 1, "hotel_value": ["4.0"], "hotel_price": ["197"]}, "1226331": {"hotel_name": "\u901f8\u9152\u5e97(\u5e7f\u5dde\u767d\u4e91\u91d1\u6c99\u6d32\u6c99\u8d1d\u5730\u94c1\u7ad9\u5e97)", "order_time": ["2019-01-12 04:41:04"], "total_order": 1, "hotel_value": ["4.3"], "hotel_price": ["163"]}, "2946017": {"hotel_name": "\u5e7f\u5dde\u5a01\u73c0\u65af\u9152\u5e97", "order_time": ["2019-01-12 04:43:03"], "total_order": 1, "hotel_value": ["4.5"], "hotel_price": ["676"]}, "437187": {"hotel_name": "\u5e7f\u5dde\u9999\u6c5f\u5065\u5eb7\u5c71\u8c37", "order_time": ["2019-01-12 04:43:03"], "total_order": 1, "hotel_value": ["4.7"], "hotel_price": ["1500"]}, "7217270": {"hotel_name": "\u4f70\u5408\u7cbe\u9009\u56fd\u9645\u5ea6\u5047\u516c\u5bd3(\u5317\u4eac\u8def\u65b9\u5706\u65f6\u5149\u5e97)", "order_time": ["2019-01-12 04:44:56"], "total_order": 1, "hotel_value": ["4.7"], "hotel_price": ["340"]}, "5515151": {"hotel_name": "\u5e7f\u5dde\u51ef\u65cb\u9f99KK\u56fd\u9645\u516c\u5bd3", "order_time": ["2019-01-12 04:45:14"], "total_order": 1, "hotel_value": ["4.4"], "hotel_price": ["178"]}, "1382949": {"hotel_name": "\u6587\u660c\u9152\u5e97(\u5e7f\u5dde\u4e0a\u4e0b\u4e5d\u6b65\u884c\u8857\u5e97)", "order_time": ["2019-01-12 04:45:25"], "total_order": 1, "hotel_value": ["4.0"], "hotel_price": ["168"]}, "757581": {"hotel_name": "\u67cf\u9ad8\u00b7\u96c5\u9152\u5e97(\u5e7f\u5dde\u4e1c\u5703\u5929\u6cb3\u57ce\u5e97)", "order_time": ["2019-01-12 04:46:54"], "total_order": 1, "hotel_value": ["4.8"], "hotel_price": ["276"]}, "1701633": {"hotel_name": "\u82b1\u660e\u9152\u5e97(\u5e7f\u5dde\u5854\u8d64\u5c97\u4f1a\u5c55\u4e2d\u5fc3\u5e97)", "order_time": ["2019-01-12 04:46:58"], "total_order": 1, "hotel_value": ["4.3"], "hotel_price": ["140"]}, "4382421": {"hotel_name": "\u79a7\u9f99\u5bbe\u9986(\u5e7f\u5dde\u6cbf\u6c5f\u4e2d\u8def\u5e97)", "order_time": ["2019-01-12 04:48:55"], "total_order": 1, "hotel_value": ["4.2"], "hotel_price": ["139"]}, "1695808": {"hotel_name": "\u5e7f\u5dde\u5a01\u5c14\u7eb3\u5feb\u6377\u8fde\u9501\u9152\u5e97", "order_time": ["2019-01-12 04:49:01"], "total_order": 1, "hotel_value": ["4.2"], "hotel_price": ["178"]}, "1505169": {"hotel_name": "\u5e7f\u5dde\u5e7f\u60a6\u9152\u5e97", "order_time": ["2019-01-12 04:49:04"], "total_order": 1, "hotel_value": ["3.6"], "hotel_price": ["140"]}, "25773210": {"hotel_name": "\u5e7f\u5dde\u745e\u4e30\u516c\u5bd3", "order_time": ["2019-01-12 04:49:24"], "total_order": 1, "hotel_value": [0], "hotel_price": ["112"]}, "5082169": {"hotel_name": "\u5e7f\u5dde\u756a\u79ba\u534e\u96c5\u5bbe\u9986", "order_time": ["2019-01-12 04:51:18"], "total_order": 1, "hotel_value": ["4.2"], "hotel_price": ["79"]}, "454622": {"hotel_name": "\u5e7f\u5dde\u5609\u9038\u7687\u51a0\u9152\u5e97", "order_time": ["2019-01-12 04:53:02"], "total_order": 1, "hotel_value": ["4.5"], "hotel_price": ["366"]}, "818878": {"hotel_name": "\u67cf\u66fc\u9152\u5e97(\u5e7f\u5dde\u767d\u4e91\u4e1c\u5e73\u5730\u94c1\u7ad9\u5e97)", "order_time": ["2019-01-12 04:53:11"], "total_order": 1, "hotel_value": ["4.7"], "hotel_price": ["181"]}, "19743964": {"hotel_name": "\u897f\u96c5\u56fe\u516c\u5bd3(\u5e7f\u5dde\u7436\u6d32\u4e1c\u5703\u5ba2\u8fd0\u7ad9\u5e97)", "order_time": ["2019-01-12 04:53:14"], "total_order": 1, "hotel_value": ["4.4"], "hotel_price": ["163"]}, "1891090": {"hotel_name": "\u5e7f\u5dde\u4e07\u5b50\u8c6a\u7a0b\u5927\u9152\u5e97", "order_time": ["2019-01-12 04:53:16"], "total_order": 1, "hotel_value": ["4.3"], "hotel_price": ["282"]}, "6509939": {"hotel_name": "\u6854\u6811\u56fd\u9645\u516c\u5bd3(\u5e7f\u5dde\u73e0\u6c5f\u65b0\u57ce\u5e97)", "order_time": ["2019-01-12 04:55:03"], "total_order": 1, "hotel_value": ["4.5"], "hotel_price": ["416"]}, "392493": {"hotel_name": "\u5e7f\u5dde\u83b1\u798f\u5e7f\u6b66\u9152\u5e97", "order_time": ["2019-01-12 04:55:13"], "total_order": 1, "hotel_value": ["4.4"], "hotel_price": ["289"]}, "2765161": {"hotel_name": "\u559c\u6b63\u5bb6\u9152\u5e97\u516c\u5bd3(\u5e7f\u5dde\u7436\u6d32\u4f1a\u5c55\u4e2d\u5fc3\u5e97)", "order_time": ["2019-01-12 04:55:15"], "total_order": 1, "hotel_value": ["4.2"], "hotel_price": ["188"]}, "6520689": {"hotel_name": "\u5e7f\u5dde\u90a6\u58f9\u5ba2\u9152\u5e97\u516c\u5bd3", "order_time": ["2019-01-12 04:55:35"], "total_order": 1, "hotel_value": ["4.6"], "hotel_price": ["288"]}, "5792241": {"hotel_name": "\u5947\u5e7b\u9a6c\u620f\u516c\u9986(\u5e7f\u5dde\u6c49\u6eaa\u957f\u9686\u5730\u94c1\u7ad9\u62db\u5546\u4e3b\u573a\u5e97)", "order_time": ["2019-01-12 04:57:07"], "total_order": 1, "hotel_value": ["4.8"], "hotel_price": ["389"]}, "428545": {"hotel_name": "\u9526\u6c5f\u90fd\u57ce\u9152\u5e97(\u5e7f\u5dde\u4e07\u8fbe\u5e7f\u573a\u5e97)", "order_time": ["2019-01-12 04:57:14"], "total_order": 1, "hotel_value": ["4.6"], "hotel_price": ["388"]}, "4547712": {"hotel_name": "\u5e7f\u5dde\u78a7\u6cc9\u7a7a\u4e2d\u6e29\u6cc9\u5927\u9152\u5e97", "order_time": ["2019-01-12 04:57:14"], "total_order": 1, "hotel_value": ["4.8"], "hotel_price": ["1667"]}, "6264788": {"hotel_name": "\u9e97\u67ab\u9152\u5e97(\u5e7f\u5dde\u9648\u5bb6\u7960\u5730\u94c1\u7ad9\u5e97)", "order_time": ["2019-01-12 04:57:14"], "total_order": 1, "hotel_value": ["4.7"], "hotel_price": ["338"]}, "430587": {"hotel_name": "\u57ce\u8ff9\u9152\u5e97(\u5e7f\u5dde\u4f53\u80b2\u4e2d\u5fc3\u77f3\u724c\u6865\u5730\u94c1\u7ad9\u5e97)", "order_time": ["2019-01-12 04:57:19"], "total_order": 1, "hotel_value": ["4.5"], "hotel_price": ["456"]}, "14613206": {"hotel_name": "\u7ef4\u62c9\u56fd\u9645\u9152\u5e97\u516c\u5bd3(\u5e7f\u5dde\u4e07\u8fbe\u5e7f\u573a\u5e97)", "order_time": ["2019-01-12 04:57:28"], "total_order": 1, "hotel_value": ["4.3"], "hotel_price": ["168"]}, "2838725": {"hotel_name": "\u5e7f\u5dde\u9ec4\u57d4\u5409\u7965\u516c\u5bd3", "order_time": ["2019-01-12 04:57:54"], "total_order": 1, "hotel_value": ["3.6"], "hotel_price": ["74"]}, "1504983": {"hotel_name": "\u5e7f\u5dde\u9ea6\u6995\u9152\u5e97", "order_time": ["2019-01-12 04:59:15"], "total_order": 1, "hotel_value": ["4.2"], "hotel_price": ["196"]}, "1696790": {"hotel_name": "\u901f8\u9152\u5e97(\u5e7f\u5dde\u5c97\u8d1d\u8def\u5e97)", "order_time": ["2019-01-12 04:59:22"], "total_order": 1, "hotel_value": ["4.5"], "hotel_price": ["268"]}, "1245992": {"hotel_name": "\u79c1\u4eab\u5bb6\u9152\u5e97\u516c\u5bd3(\u5e7f\u5dde\u5317\u4eac\u8def\u5730\u94c1\u7ad9\u9526\u6e90\u5e97)", "order_time": ["2019-01-12 05:01:35"], "total_order": 1, "hotel_value": ["4.0"], "hotel_price": ["259"]}, "27042186": {"hotel_name": "\u5e7f\u5dde\u77e5\u4e91\u8bbe\u8ba1\u4eba\u516c\u5bd3", "order_time": ["2019-01-12 05:01:40"], "total_order": 1, "hotel_value": ["4.8"], "hotel_price": ["174"]}, "6870121": {"hotel_name": "\u5e7f\u5dde\u85b0\u8863\u8349\u4e3b\u9898\u516c\u5bd3", "order_time": ["2019-01-12 05:01:44"], "total_order": 1, "hotel_value": ["4.6"], "hotel_price": ["168"]}, "5634516": {"hotel_name": "\u7ea2\u4e13\u5c4b\u9152\u5e97(\u5e7f\u5dde\u756a\u79ba\u5e7f\u573a\u5730\u94c1\u7ad9\u5e97)(\u539f\u9759\u6816\u7ea2\u4e13\u5c4b\u4e3b\u9898\u5ea6\u5047\u9152\u5e97)", "order_time": ["2019-01-12 05:01:44"], "total_order": 1, "hotel_value": ["4.6"], "hotel_price": ["169"]}, "1599770": {"hotel_name": "\u5e7f\u5dde\u7f8e\u9ad8\u6885\u9152\u5e97", "order_time": ["2019-01-12 05:08:05", "2019-01-12 05:01:44"], "total_order": 2, "hotel_value": ["4.0", "4.0"], "hotel_price": ["183", "183"]}, "22942249": {"hotel_name": "\u5e7f\u5dde\u9ec4\u57d4\u533a\u4f18\u54c1\u9152\u5e97", "order_time": ["2019-01-12 05:01:44"], "total_order": 1, "hotel_value": ["4.8"], "hotel_price": ["133"]}, "25047353": {"hotel_name": "\u5e7f\u5dde\u6c47\u901a\u5546\u52a1\u9152\u5e97", "order_time": ["2019-01-12 05:01:44"], "total_order": 1, "hotel_value": [0], "hotel_price": ["138"]}, "6160782": {"hotel_name": "\u5bcc\u5143\u6c47\u9152\u5e97\u516c\u5bd3(\u5e7f\u5dde\u4e07\u8fbe\u5e7f\u573a\u5e97)", "order_time": ["2019-01-12 05:01:44"], "total_order": 1, "hotel_value": ["4.5"], "hotel_price": ["278"]}, "1701771": {"hotel_name": "\u7d22\u7279\u6765\u6587\u827a\u9152\u5e97(\u5e7f\u5dde\u77f3\u57fa\u6587\u5316\u5e7f\u573a\u5e97)(\u539f\u798f\u6d77\u9152\u5e97)", "order_time": ["2019-01-12 05:01:44"], "total_order": 1, "hotel_value": ["4.2"], "hotel_price": ["150"]}, "1646846": {"hotel_name": "\u60a6\u535a\u5927\u9152\u5e97(\u5e7f\u5dde\u6c38\u5174\u5e97)(\u539f\u9f99\u5f52\u5730\u94c1\u7ad9\u5e97)", "order_time": ["2019-01-12 05:01:44"], "total_order": 1, "hotel_value": ["4.2"], "hotel_price": ["131"]}, "2624012": {"hotel_name": "\u5e7f\u5dde\u9e64\u9f99\u5927\u9152\u5e97", "order_time": ["2019-01-12 05:01:44"], "total_order": 1, "hotel_value": ["4.3"], "hotel_price": ["178"]}, "5795635": {"hotel_name": "\u5723\u9676\u838e\u9152\u5e97(\u5e7f\u5dde\u4e1c\u6c47\u57ce\u5e97)", "order_time": ["2019-01-12 05:01:44"], "total_order": 1, "hotel_value": ["3.3"], "hotel_price": ["158"]}, "1206349": {"hotel_name": "\u4f18\u4f17\u670d\u52a1\u5f0f\u9152\u5e97\u516c\u5bd3(\u5e7f\u5dde\u5c97\u9876\u5e97)", "order_time": ["2019-01-12 05:01:44"], "total_order": 1, "hotel_value": ["4.5"], "hotel_price": ["367"]}, "4827240": {"hotel_name": "\u5e7f\u5dde\u7f8e\u591c\u5609\u8c6a\u9152\u5e97", "order_time": ["2019-01-12 05:01:45"], "total_order": 1, "hotel_value": ["3.7"], "hotel_price": ["147"]}, "1543259": {"hotel_name": "\u5e7f\u5dde\u5e73\u5b89\u7cbe\u54c1\u516c\u5bd3", "order_time": ["2019-01-12 05:01:45"], "total_order": 1, "hotel_value": ["3.6"], "hotel_price": ["112"]}, "1775623": {"hotel_name": "\u9038\u7c73\u9152\u5e97(\u5e7f\u5dde\u4e1c\u5e73\u5730\u94c1\u7ad9\u5e97)", "order_time": ["2019-01-12 05:01:45"], "total_order": 1, "hotel_value": ["4.6"], "hotel_price": ["88"]}, "4336929": {"hotel_name": "\u5e7f\u5dde7\u5915\u8fde\u9501\u516c\u5bd3", "order_time": ["2019-01-12 05:01:45"], "total_order": 1, "hotel_value": ["3.8"], "hotel_price": ["108"]}, "1137791": {"hotel_name": "\u5e7f\u5dde\u82b1\u90fd\u534e\u5ead\u9152\u5e97", "order_time": ["2019-01-12 05:01:45"], "total_order": 1, "hotel_value": ["4.5"], "hotel_price": ["114"]}, "6735932": {"hotel_name": "\u5e7f\u5dde\u9f99\u946b\u9152\u5e97\u9f99\u6d1e\u5e97", "order_time": ["2019-01-12 05:01:45"], "total_order": 1, "hotel_value": ["3.5"], "hotel_price": ["168"]}, "1692750": {"hotel_name": "\u5e7f\u5dde\u7965\u548c\u9152\u5e97", "order_time": ["2019-01-12 05:01:45"], "total_order": 1, "hotel_value": ["4.0"], "hotel_price": ["138"]}, "12276395": {"hotel_name": "\u4ece\u5316\u5bcc\u529b\u6cc9\u5929\u4e0b\u7231\u5c1a\u6e29\u6cc9\u5ea6\u5047\u522b\u5885\u516c\u5bd3", "order_time": ["2019-01-12 05:01:45"], "total_order": 1, "hotel_value": ["4.5"], "hotel_price": ["312"]}, "1359982": {"hotel_name": "\u5e7f\u5dde\u76c8\u70b9\u9152\u5e97", "order_time": ["2019-01-12 05:01:45"], "total_order": 1, "hotel_value": ["4.1"], "hotel_price": ["338"]}, "8039051": {"hotel_name": "LOVE\u4e3b\u9898\u516c\u5bd3(\u5e7f\u5dde\u4e07\u8fbe\u6c49\u6eaa\u957f\u9686\u5730\u94c1\u7ad9)", "order_time": ["2019-01-12 05:03:56"], "total_order": 1, "hotel_value": ["4.6"], "hotel_price": ["188"]}, "471190": {"hotel_name": "\u6613\u6210\u56fd\u9645\u9152\u5e97\u516c\u5bd3(\u5e7f\u5dde\u4e1c\u7ad9\u4fdd\u5229\u4e2d\u6c47\u5e97)", "order_time": ["2019-01-12 05:05:42"], "total_order": 1, "hotel_value": ["4.6"], "hotel_price": ["506"]}, "4306895": {"hotel_name": "\u83b1\u601d\u7279\u9152\u5e97\u516c\u5bd3(\u5e7f\u5dde\u4e07\u80dc\u56f4\u5730\u94c1\u7ad9\u5e97)", "order_time": ["2019-01-12 05:05:46"], "total_order": 1, "hotel_value": ["4.5"], "hotel_price": ["185"]}, "4652042": {"hotel_name": "\u5e7f\u5dde\u73e0\u6c5f\u65b0\u57ce\u5e0c\u5c14\u987f\u6b22\u670b\u9152\u5e97", "order_time": ["2019-01-12 05:07:46"], "total_order": 1, "hotel_value": ["4.8"], "hotel_price": ["658"]}, "9077193": {"hotel_name": "\u5982\u5bb6\u5feb\u6377\u9152\u5e97(\u5e7f\u5dde\u534e\u6797\u56fd\u9645\u7389\u5668\u57ce\u5e97)", "order_time": ["2019-01-12 05:09:53"], "total_order": 1, "hotel_value": ["4.7"], "hotel_price": ["227"]}, "1058426": {"hotel_name": "\u51ef\u65cb\u9f99\u8fde\u9501\u9152\u5e97(\u5e7f\u5dde\u4e2d\u534e\u5e7f\u573a\u5e97)", "order_time": ["2019-01-12 05:10:00"], "total_order": 1, "hotel_value": ["4.3"], "hotel_price": ["168"]}, "11499738": {"hotel_name": "\u68a6\u5e7b\u5546\u52a1\u5bbe\u9986(\u9ec4\u57d4\u5357\u5c97\u4fdd\u6c99\u8def\u5e97)", "order_time": ["2019-01-12 05:12:12"], "total_order": 1, "hotel_value": [0], "hotel_price": ["102"]}, "1622672": {"hotel_name": "\u5e7f\u5dde\u91d1\u8354\u5bbe\u9986", "order_time": ["2019-01-12 05:12:12"], "total_order": 1, "hotel_value": ["3.6"], "hotel_price": ["83"]}, "346487": {"hotel_name": "\u5e7f\u5dde\u4e07\u5bcc\u5e0c\u5c14\u987f\u9152\u5e97", "order_time": ["2019-01-12 05:14:01"], "total_order": 1, "hotel_value": ["4.6"], "hotel_price": ["850"]}, "794412": {"hotel_name": "\u5e7f\u5dde\u534e\u901a\u5546\u52a1\u9152\u5e97", "order_time": ["2019-01-12 05:16:11"], "total_order": 1, "hotel_value": ["3.9"], "hotel_price": ["88"]}, "6301860": {"hotel_name": "\u5e1d\u4fa8\u9152\u5e97(\u5e7f\u5dde\u5ba2\u6751\u5730\u94c1\u7ad9\u6566\u548c\u5e97)", "order_time": ["2019-01-12 05:16:14"], "total_order": 1, "hotel_value": ["4.4"], "hotel_price": ["241"]}, "1637835": {"hotel_name": "\u5e7f\u5dde\u4fa8\u5fb7\u5546\u52a1\u5bbe\u9986", "order_time": ["2019-01-12 05:16:37"], "total_order": 1, "hotel_value": ["4.0"], "hotel_price": ["98"]}, "28676543": {"hotel_name": "\u57ce\u5e02\u4fbf\u6377(\u5e7f\u5dde\u540c\u548c\u5357\u65b9\u533b\u9662\u5730\u94c1\u7ad9\u5e97)", "order_time": ["2019-01-12 05:16:37"], "total_order": 1, "hotel_value": [0], "hotel_price": ["213"]}, "22490450": {"hotel_name": "\u6854\u5b50\u516c\u5bd3(\u5e7f\u5dde\u534e\u6c47\u5e97)", "order_time": ["2019-01-12 05:16:37"], "total_order": 1, "hotel_value": [0], "hotel_price": ["253"]}, "9315917": {"hotel_name": "\u5e7f\u5ddeLan\u9752\u5e74\u516c\u5bd3(\u539f1020\u9752\u5e74\u65c5\u820d)", "order_time": ["2019-01-12 05:16:37"], "total_order": 1, "hotel_value": ["4.1"], "hotel_price": ["30"]}, "1105009": {"hotel_name": "\u5e7f\u5dde\u98de\u626c88\u9152\u5e97", "order_time": ["2019-01-12 05:16:37"], "total_order": 1, "hotel_value": ["3.7"], "hotel_price": ["204"]}, "21783801": {"hotel_name": "\u5e7f\u5dde\u534e\u6676\u516c\u5bd3", "order_time": ["2019-01-12 05:16:37"], "total_order": 1, "hotel_value": [0], "hotel_price": ["178"]}, "2188703": {"hotel_name": "\u5e7f\u5dde\u4eac\u6eaa\u5e73\u5b89\u516c\u5bd3", "order_time": ["2019-01-12 05:16:37"], "total_order": 1, "hotel_value": ["3.3"], "hotel_price": ["63"]}, "3666163": {"hotel_name": "\u5e7f\u5dde\u5609\u71b9\u516c\u5bd3", "order_time": ["2019-01-12 05:16:37"], "total_order": 1, "hotel_value": ["4.1"], "hotel_price": ["115"]}, "15824103": {"hotel_name": "\u5929\u7f8e365+1\u9152\u5e97\u516c\u5bd3(\u5e7f\u5dde\u592a\u53e4\u6c47\u77f3\u724c\u6865\u5730\u94c1\u7ad9\u5e97)", "order_time": ["2019-01-12 05:17:58"], "total_order": 1, "hotel_value": ["4.5"], "hotel_price": ["338"]}, "11059646": {"hotel_name": "\u9e97\u67ab\u9152\u5e97(\u5e7f\u5dde\u6c49\u6eaa\u957f\u9686\u91ce\u751f\u52a8\u7269\u56ed\u5e97)", "order_time": ["2019-01-12 05:17:58"], "total_order": 1, "hotel_value": ["4.7"], "hotel_price": ["347"]}, "16114924": {"hotel_name": "\u5e7f\u5dde\u83b1\u9f0e\u822a\u7a7a\u5546\u52a1\u9152\u5e97", "order_time": ["2019-01-12 05:18:03"], "total_order": 1, "hotel_value": ["4.8"], "hotel_price": ["134"]}, "715389": {"hotel_name": "\u5e7f\u5dde\u60a6\u6d77\u5bbe\u9986", "order_time": ["2019-01-12 05:18:06"], "total_order": 1, "hotel_value": ["4.5"], "hotel_price": ["376"]}, "1595731": {"hotel_name": "\u79d1\u5c14\u9152\u5e97(\u5e7f\u5dde\u6c5f\u5357\u897f\u5e97)", "order_time": ["2019-01-12 05:18:07"], "total_order": 1, "hotel_value": ["4.2"], "hotel_price": ["260"]}, "878796": {"hotel_name": "\u5e7f\u5dde\u73e0\u6c5f\u65b0\u5cb8\u9152\u5e97", "order_time": ["2019-01-12 05:18:07"], "total_order": 1, "hotel_value": ["4.2"], "hotel_price": ["276"]}, "2298587": {"hotel_name": "\u5e7f\u4e1c\u84c4\u80fd\u5927\u53a6", "order_time": ["2019-01-12 05:18:09"], "total_order": 1, "hotel_value": ["4.4"], "hotel_price": ["288"]}}}