{"\u5f00\u59cb\u8bb0\u5f55\u65f6\u95f4": "2019-01-12 02:30:42", "\u7ed3\u675f\u8bb0\u5f55\u65f6\u95f4": "2019-01-12 03:30:42", "\u8ba2\u5355\u603b\u589e\u91cf": 309, "item": {"2530533": {"hotel_name": "\u5e7f\u5dde\u6f6e\u840c\u4eb2\u5b50\u4e3b\u9898\u516c\u5bd3", "order_time": ["2019-01-12 02:32:58"], "total_order": 1, "hotel_value": ["4.6"], "hotel_price": ["216"]}, "512229": {"hotel_name": "\u6e2f\u6da6\u7ca4\u5317\u9152\u5e97(\u5e7f\u5dde\u4e16\u8d38\u4e2d\u5fc3\u5e97)", "order_time": ["2019-01-12 02:33:00"], "total_order": 1, "hotel_value": ["4.5"], "hotel_price": ["214"]}, "445205": {"hotel_name": "\u7ef4\u4e5f\u7eb3\u667a\u597d\u9152\u5e97(\u5e7f\u5dde\u7436\u6d32\u4f1a\u5c55\u4e2d\u5fc3\u68e0\u4e0b\u5e97)(\u539f\u4e2d\u5c71\u5927\u9053\u68e0\u4e0b\u5e97)", "order_time": ["2019-01-12 02:33:02"], "total_order": 1, "hotel_value": ["4.8"], "hotel_price": ["259"]}, "2624052": {"hotel_name": "\u5e7f\u5dde\u6c11\u95f4\u91d1\u878d\u5927\u53a6\u56fd\u9645\u9152\u5e97\u516c\u5bd3", "order_time": ["2019-01-12 02:33:02"], "total_order": 1, "hotel_value": ["4.4"], "hotel_price": ["256"]}, "2651218": {"hotel_name": "\u96c5\u6cf0\u4e3b\u9898\u516c\u5bd3(\u5e7f\u5dde\u4e07\u8fbe\u5e7f\u573a\u5e97)", "order_time": ["2019-01-12 02:33:03"], "total_order": 1, "hotel_value": ["4.6"], "hotel_price": ["228"]}, "2559551": {"hotel_name": "\u5e7f\u5dde\u5947\u5723\u516c\u5bd3", "order_time": ["2019-01-12 02:33:04"], "total_order": 1, "hotel_value": ["4.2"], "hotel_price": ["146"]}, "5651205": {"hotel_name": "\u57ce\u5bb6\u516c\u5bd3(\u5e7f\u5dde\u4e1c\u7ad9\u5e97)", "order_time": ["2019-01-12 02:33:05"], "total_order": 1, "hotel_value": ["4.5"], "hotel_price": ["385"]}, "849855": {"hotel_name": "\u5586\u5561\u9152\u5e97(\u5e7f\u5dde\u56fd\u9645\u4f1a\u5c55\u4e2d\u5fc3\u5e97)", "order_time": ["2019-01-12 02:33:10"], "total_order": 1, "hotel_value": ["4.5"], "hotel_price": ["179"]}, "15735567": {"hotel_name": "\u4f70\u66fc\u83b1\u9152\u5e97\u00b7\u7cbe\u9009(\u5e7f\u5dde\u65b0\u767d\u4e91\u56fd\u9645\u673a\u573a\u65d7\u8230\u5e97)", "order_time": ["2019-01-12 02:33:10"], "total_order": 1, "hotel_value": ["4.7"], "hotel_price": ["183"]}, "2999972": {"hotel_name": "\u5e7f\u5dde\u83b1\u601d\u987f\u9152\u5e97(\u539fA\u7cbe\u54c1\u9152\u5e97)", "order_time": ["2019-01-12 02:33:30"], "total_order": 1, "hotel_value": ["4.1"], "hotel_price": ["89"]}, "1549962": {"hotel_name": "\u5e7f\u5dde\u6c5f\u8377\u6708\u8272\u9152\u5e97", "order_time": ["2019-01-12 02:33:45"], "total_order": 1, "hotel_value": ["3.0"], "hotel_price": ["128"]}, "1733122": {"hotel_name": "\u6587\u661f\u8fde\u9501\u9152\u5e97\u5e7f\u5dde\u5b66\u9662\u7ad9\u5e97", "order_time": ["2019-01-12 02:34:56"], "total_order": 1, "hotel_value": ["4.1"], "hotel_price": ["139"]}, "6261135": {"hotel_name": "\u6613\u6210\u56fd\u9645\u9152\u5e97\u516c\u5bd3(\u5e7f\u5dde\u5317\u4eac\u8def\u6377\u767b\u90fd\u4f1a\u5e97)", "order_time": ["2019-01-12 02:34:56"], "total_order": 1, "hotel_value": ["4.7"], "hotel_price": ["358"]}, "446545": {"hotel_name": "\u5e7f\u5dde\u4e1c\u5c71\u5bbe\u9986", "order_time": ["2019-01-12 02:34:58"], "total_order": 1, "hotel_value": ["4.3"], "hotel_price": ["376"]}, "1902903": {"hotel_name": "\u5e7f\u5dde\u4e91\u83b1\u516c\u5bd3(\u7436\u6d32\u5c55\u9986\u5e97)", "order_time": ["2019-01-12 02:34:59"], "total_order": 1, "hotel_value": ["4.8"], "hotel_price": ["229"]}, "2729744": {"hotel_name": "\u9e97\u67ab\u9152\u5e97(\u5e7f\u5dde\u706b\u8f66\u7ad9\u4e09\u5143\u91cc\u5730\u94c1\u7ad9\u5e97)", "order_time": ["2019-01-12 02:35:01"], "total_order": 1, "hotel_value": ["4.7"], "hotel_price": ["304"]}, "1229875": {"hotel_name": "\u7ef4\u4e5f\u7eb3\u9152\u5e97(\u5e7f\u5dde\u756a\u79ba\u91ce\u751f\u52a8\u7269\u56ed\u5e97)", "order_time": ["2019-01-12 02:35:04"], "total_order": 1, "hotel_value": ["4.2"], "hotel_price": ["299"]}, "444043": {"hotel_name": "\u5e7f\u5dde\u5609\u9038\u8c6a\u5ead\u9152\u5e97", "order_time": ["2019-01-12 02:35:04", "2019-01-12 02:55:08"], "total_order": 2, "hotel_value": ["4.4", "4.4"], "hotel_price": ["356", "356"]}, "1361402": {"hotel_name": "\u9e97\u67ab\u9152\u5e97(\u5e7f\u5dde\u9ec4\u57d4\u5f00\u53d1\u533a\u5e97)", "order_time": ["2019-01-12 02:35:04", "2019-01-12 02:47:16"], "total_order": 2, "hotel_value": ["4.8", "4.8"], "hotel_price": ["168", "168"]}, "1504987": {"hotel_name": "\u7ef4\u4e5f\u7eb3\u9152\u5e97(\u5e7f\u5dde\u540c\u548c\u5730\u94c1\u7ad9\u5e97)", "order_time": ["2019-01-12 02:55:10", "2019-01-12 02:35:05"], "total_order": 2, "hotel_value": ["4.8", "4.8"], "hotel_price": ["243", "243"]}, "6128458": {"hotel_name": "\u5e7f\u5dde\u827a\u5c1a\u5bab\u827a\u672f\u4e3b\u9898\u9152\u5e97\u6c5f\u5357\u897f\u5730\u94c1\u7ad9\u5e97", "order_time": ["2019-01-12 03:09:06", "2019-01-12 02:35:06"], "total_order": 2, "hotel_value": ["4.4", "4.4"], "hotel_price": ["288", "288"]}, "1249061": {"hotel_name": "\u5e7f\u5dde\u9890\u56ed\u9152\u5e97\u516c\u5bd3", "order_time": ["2019-01-12 02:35:06"], "total_order": 1, "hotel_value": ["4.2"], "hotel_price": ["320"]}, "1470464": {"hotel_name": "\u5e7f\u5dde\u60a6\u54c1\u56db\u5b63\u4e3b\u9898\u9152\u5e97", "order_time": ["2019-01-12 02:35:07"], "total_order": 1, "hotel_value": ["4.0"], "hotel_price": ["178"]}, "8557353": {"hotel_name": "\u5e7f\u5dde\u8bbe\u8ba1\u5e08\u7684\u5bb6\u9152\u5e97\u5f0f\u516c\u5bd3(\u539f\u65f6\u5c1a\u516c\u5bd3\u5927\u77f3\u8857\u5e97)", "order_time": ["2019-01-12 02:35:13"], "total_order": 1, "hotel_value": ["4.1"], "hotel_price": ["259"]}, "1618423": {"hotel_name": "\u5e7f\u5dde\u6c99\u82ad\u6bd4\u4e9a\u9152\u5e97", "order_time": ["2019-01-12 02:35:13"], "total_order": 1, "hotel_value": ["4.1"], "hotel_price": ["129"]}, "8557648": {"hotel_name": "\u5e7f\u5dde\u8d22\u9f99\u5546\u52a1\u5bbe\u9986", "order_time": ["2019-01-12 02:35:13"], "total_order": 1, "hotel_value": ["4.1"], "hotel_price": ["98"]}, "1634723": {"hotel_name": "\u5e7f\u5dde\u78a7\u6c34\u65b0\u6751\u65f6\u5c1a\u7b80\u7ea6\u522b\u5885", "order_time": ["2019-01-12 02:35:13"], "total_order": 1, "hotel_value": ["4.9"], "hotel_price": ["2631"]}, "6870119": {"hotel_name": "\u5e7f\u5dde\u767d\u4e91\u4f73\u8c6a\u9152\u5e97", "order_time": ["2019-01-12 02:35:13"], "total_order": 1, "hotel_value": ["4.4"], "hotel_price": ["121"]}, "24529698": {"hotel_name": "\u5e7f\u5dde\u53ef\u6bd4\u5c1a\u9152\u5e97", "order_time": ["2019-01-12 02:35:13"], "total_order": 1, "hotel_value": ["4.5"], "hotel_price": ["144"]}, "12780368": {"hotel_name": "\u76db\u610f\u9152\u5e97(\u5e7f\u5dde\u7436\u6d32\u4f1a\u5c55\u4e2d\u5fc3\u5e97)", "order_time": ["2019-01-12 02:35:13"], "total_order": 1, "hotel_value": ["4.5"], "hotel_price": ["188"]}, "3244661": {"hotel_name": "\u5e7f\u5dde\u7a57\u548c\u6d77\u9c9c\u9152\u5bb6\u5546\u52a1\u9152\u5e97", "order_time": ["2019-01-12 02:35:14"], "total_order": 1, "hotel_value": ["3.8"], "hotel_price": ["138"]}, "2702692": {"hotel_name": "\u5e7f\u5dde\u8354\u6e2f\u9152\u5e97", "order_time": ["2019-01-12 02:35:19"], "total_order": 1, "hotel_value": ["4.6"], "hotel_price": ["188"]}, "3247395": {"hotel_name": "\u6d3e\u9152\u5e97(\u5e7f\u5dde\u5929\u6cb3\u516c\u56ed\u534e\u666f\u5e97)", "order_time": ["2019-01-12 02:35:27"], "total_order": 1, "hotel_value": ["4.3"], "hotel_price": ["191"]}, "1692620": {"hotel_name": "\u6613\u8fbe\u5229\u7cbe\u54c1\u9152\u5e97(\u5e7f\u5dde\u5357\u6751\u5e97)", "order_time": ["2019-01-12 02:35:27"], "total_order": 1, "hotel_value": ["3.8"], "hotel_price": ["138"]}, "5379627": {"hotel_name": "\u5e7f\u5dde\u756a\u79ba\u533a\u5609\u534e\u9152\u5e97", "order_time": ["2019-01-12 02:35:27"], "total_order": 1, "hotel_value": ["4.3"], "hotel_price": ["105"]}, "6210499": {"hotel_name": "\u4e3d\u6b27\u7cbe\u54c1\u9152\u5e97\u5e7f\u5dde\u673a\u573a\u8def\u5e97", "order_time": ["2019-01-12 02:35:27"], "total_order": 1, "hotel_value": ["4.4"], "hotel_price": ["143"]}, "18551093": {"hotel_name": "\u7430\u4e30\u9152\u5e97\u516c\u5bd3(\u5e7f\u5dde\u767d\u4e91\u5927\u9053\u5317\u5e97)", "order_time": ["2019-01-12 02:35:27"], "total_order": 1, "hotel_value": ["4.4"], "hotel_price": ["153"]}, "1273766": {"hotel_name": "\u5e7f\u5dde17INN\u516c\u5bd3(\u539f\u5e7f\u5dde\u5927\u5b66\u57ce\u606c\u9038\u516c\u5bd3)", "order_time": ["2019-01-12 02:35:27"], "total_order": 1, "hotel_value": [0], "hotel_price": ["268"]}, "1696631": {"hotel_name": "\u5929\u9a90\u9152\u5e97(\u5e7f\u5dde\u5e02\u6865\u5730\u94c1\u7ad9\u5e97)", "order_time": ["2019-01-12 02:35:27"], "total_order": 1, "hotel_value": ["4.0"], "hotel_price": ["158"]}, "1427823": {"hotel_name": "\u5e7f\u5dde\u6c49\u7fa4\u9152\u5e97", "order_time": ["2019-01-12 02:35:27"], "total_order": 1, "hotel_value": ["4.2"], "hotel_price": ["88"]}, "6107020": {"hotel_name": "\u5e7f\u5dde\u4ed9\u6cb3\u8c37\u519c\u5e84(\u539f\u767d\u6c34\u5be8\u4ed9\u6cb3\u8c37\u9152\u5e97)", "order_time": ["2019-01-12 02:35:27"], "total_order": 1, "hotel_value": ["4.7"], "hotel_price": ["573"]}, "14952776": {"hotel_name": "\u5e7f\u5dde\u5357\u5c71\u4e91\u6eaa\u5c71\u5c45", "order_time": ["2019-01-12 02:35:27"], "total_order": 1, "hotel_value": ["4.8"], "hotel_price": ["346"]}, "914145": {"hotel_name": "\u9038\u7c73\u9152\u5e97(\u5e7f\u5dde\u4e09\u5143\u91cc\u5730\u94c1\u7ad9\u5e97)", "order_time": ["2019-01-12 02:35:27"], "total_order": 1, "hotel_value": ["3.7"], "hotel_price": ["114"]}, "1940918": {"hotel_name": "\u5e7f\u5dde\u7d2b\u68a6\u56ed\u516c\u5bd3(\u539f\u7965\u53d1\u4f4f\u5bbf)", "order_time": ["2019-01-12 02:35:28"], "total_order": 1, "hotel_value": ["4.3"], "hotel_price": ["98"]}, "10188185": {"hotel_name": "\u4f60\u662f\u6211\u7684\u865a\u8363(\u4e1c\u5c71\u5e97)", "order_time": ["2019-01-12 02:35:28"], "total_order": 1, "hotel_value": ["4.8"], "hotel_price": ["568"]}, "1229631": {"hotel_name": "\u5e7f\u5dde\u5927\u4fe1\u56fd\u9645\u9152\u5e97", "order_time": ["2019-01-12 02:37:02"], "total_order": 1, "hotel_value": ["4.3"], "hotel_price": ["366"]}, "17041789": {"hotel_name": "\u5e7f\u5dde\u4e07\u4e50\u5bab\u5047\u65e5\u9152\u5e97", "order_time": ["2019-01-12 02:37:03"], "total_order": 1, "hotel_value": ["4.6"], "hotel_price": ["280"]}, "371132": {"hotel_name": "\u7f8e\u8c6a\u4e3d\u81f4\u9152\u5e97(\u5e7f\u5dde\u4e94\u7f8a\u65b0\u57ce\u5e97)", "order_time": ["2019-01-12 03:01:09", "2019-01-12 02:37:03"], "total_order": 2, "hotel_value": ["4.8", "4.8"], "hotel_price": ["668", "668"]}, "1934769": {"hotel_name": "\u67cf\u9ad8\u9152\u5e97(\u5e7f\u5dde\u5929\u6cb3\u5317\u5929\u5e73\u67b6\u5730\u94c1\u7ad9\u5e97)", "order_time": ["2019-01-12 02:37:04"], "total_order": 1, "hotel_value": ["4.7"], "hotel_price": ["398"]}, "15083715": {"hotel_name": "\u5e7f\u5dde\u7ea2\u529b\u5927\u9152\u5e97(\u539f\u7ff0\u6797\u9152\u5e97)", "order_time": ["2019-01-12 02:37:05"], "total_order": 1, "hotel_value": ["4.6"], "hotel_price": ["199"]}, "6577126": {"hotel_name": "\u5e7f\u5dde\u5361\u83b1\u9152\u5e97\u516c\u5bd3\uff08\u4e07\u80dc\u56f4\u7436\u6d32\u5c55\u9986\u5e97\uff09", "order_time": ["2019-01-12 02:37:05"], "total_order": 1, "hotel_value": ["4.5"], "hotel_price": ["158"]}, "3737774": {"hotel_name": "\u9e97\u67ab\u9152\u5e97(\u5e7f\u5dde\u4e2d\u5c71\u4e00\u8def\u6768\u7b95\u5730\u94c1\u7ad9\u5e97)", "order_time": ["2019-01-12 03:21:03", "2019-01-12 02:37:14", "2019-01-12 02:46:59", "2019-01-12 02:51:06"], "total_order": 4, "hotel_value": ["4.7", "4.7", "4.7", "4.7"], "hotel_price": ["403", "403", "403", "403"]}, "6482821": {"hotel_name": "\u5e7f\u5dde\u5947\u8bfa\u52a8\u6f2b\u4e3b\u9898\u516c\u5bd3", "order_time": ["2019-01-12 02:37:18"], "total_order": 1, "hotel_value": ["4.4"], "hotel_price": ["144"]}, "4373054": {"hotel_name": "\u661f\u9a7f\u56fd\u9645\u5ea6\u5047\u516c\u5bd3(\u5e7f\u5dde\u52a8\u7269\u56ed\u666f\u533a\u5317\u95e8\u5e97)", "order_time": ["2019-01-12 02:38:57"], "total_order": 1, "hotel_value": ["4.4"], "hotel_price": ["150"]}, "393363": {"hotel_name": "\u51a0\u76db\u7687\u5ba4\u5821\u9152\u5e97(\u5e7f\u5dde\u5929\u6cb3\u5e97)(\u539f\u5357\u6d0b\u51a0\u76db\u9152\u5e97)", "order_time": ["2019-01-12 02:38:58"], "total_order": 1, "hotel_value": ["4.4"], "hotel_price": ["414"]}, "6765737": {"hotel_name": "\u67cf\u66fc\u9152\u5e97(\u5e7f\u5dde\u5929\u6cb3\u4f53\u80b2\u4e2d\u5fc3\u6797\u548c\u897f\u5730\u94c1\u7ad9\u5e97)", "order_time": ["2019-01-12 02:39:01"], "total_order": 1, "hotel_value": ["4.5"], "hotel_price": ["391"]}, "3680033": {"hotel_name": "\u5e7f\u5dde\u7f8e\u5072\u9014\u516c\u5bd3", "order_time": ["2019-01-12 02:39:02"], "total_order": 1, "hotel_value": ["4.5"], "hotel_price": ["238"]}, "6021813": {"hotel_name": "\u5e7f\u5dde\u6843\u82b1\u6c5f\u8c6a\u751f\u9152\u5e97", "order_time": ["2019-01-12 02:39:05"], "total_order": 1, "hotel_value": ["4.6"], "hotel_price": ["598"]}, "419302": {"hotel_name": "\u5e7f\u5dde\u957f\u9686\u9152\u5e97", "order_time": ["2019-01-12 02:39:05"], "total_order": 1, "hotel_value": ["4.6"], "hotel_price": ["1156"]}, "854055": {"hotel_name": "\u5982\u5bb6\u5feb\u6377\u9152\u5e97(\u5e7f\u5dde\u73af\u5e02\u4e1c\u8def\u52a8\u7269\u56ed\u5730\u94c1\u7ad9\u5e97)", "order_time": ["2019-01-12 02:39:13"], "total_order": 1, "hotel_value": ["4.5"], "hotel_price": ["246"]}, "6247448": {"hotel_name": "\u82b3\u9999\u7269\u8bed\u4e3b\u9898\u516c\u5bd3(\u5e7f\u5dde\u756a\u79ba\u52a8\u7269\u56ed\u5317\u95e8\u5e97)", "order_time": ["2019-01-12 02:39:15"], "total_order": 1, "hotel_value": ["4.8"], "hotel_price": ["318"]}, "1700334": {"hotel_name": "\u5e7f\u5dde\u6c5f\u6cf0\u9152\u5e97", "order_time": ["2019-01-12 02:39:15"], "total_order": 1, "hotel_value": ["4.0"], "hotel_price": ["124"]}, "1695746": {"hotel_name": "\u5e7f\u5dde\u91d1\u73c0\u516c\u5bd3", "order_time": ["2019-01-12 02:39:24"], "total_order": 1, "hotel_value": ["3.9"], "hotel_price": ["186"]}, "6468744": {"hotel_name": "\u63d0\u5b50\u8fde\u9501\u9152\u5e97(\u5e7f\u5dde\u767d\u4e91\u673a\u573a\u4e00\u5e97)", "order_time": ["2019-01-12 02:40:59"], "total_order": 1, "hotel_value": ["4.5"], "hotel_price": ["93"]}, "5758085": {"hotel_name": "\u67cf\u66fc\u9152\u5e97(\u5e7f\u5dde\u5e02\u6865\u5730\u94c1\u7ad9\u6613\u53d1\u6b65\u884c\u8857\u5e97)", "order_time": ["2019-01-12 02:41:01"], "total_order": 1, "hotel_value": ["4.5"], "hotel_price": ["199"]}, "433869": {"hotel_name": "\u559c\u8fd0\u670d\u52a1\u516c\u5bd3(\u5e7f\u5dde\u7436\u6d32\u4fdd\u5229\u4e16\u8d38\u5e97)\uff08\u539f\u5e7f\u5dde\u4fdd\u5229\u4e16\u8d38\u516c\u5bd3\u5e97)", "order_time": ["2019-01-12 02:41:01"], "total_order": 1, "hotel_value": ["4.5"], "hotel_price": ["259"]}, "15029384": {"hotel_name": "\u5e7f\u5dde\u957f\u9686\u718a\u732b\u9152\u5e97", "order_time": ["2019-01-12 02:57:06", "2019-01-12 02:41:05"], "total_order": 2, "hotel_value": ["4.7", "4.7"], "hotel_price": ["1279", "1279"]}, "2143370": {"hotel_name": "7\u5929\u8fde\u9501\u9152\u5e97(\u5e7f\u5dde\u5e02\u6865\u5927\u5317\u8def\u5730\u94c1\u7ad9\u5e97)(\u539f\u5409\u6854\u9152\u5e97)", "order_time": ["2019-01-12 02:56:59", "2019-01-12 02:41:06"], "total_order": 2, "hotel_value": ["4.3", "4.3"], "hotel_price": ["99", "99"]}, "14420130": {"hotel_name": "\u5e7f\u5dde\u5723\u6258\u5229\u6e29\u6cc9\u5e84\u56ed", "order_time": ["2019-01-12 02:41:08"], "total_order": 1, "hotel_value": ["4.1"], "hotel_price": ["980"]}, "2304254": {"hotel_name": "7\u5929\u8fde\u9501\u9152\u5e97\uff08\u5e7f\u5dde\u8d8a\u79c0\u5357\u8def\u56e2\u4e00\u5927\u5e7f\u573a\u5730\u94c1\u7ad9\u5e97\uff09", "order_time": ["2019-01-12 02:41:08"], "total_order": 1, "hotel_value": ["4.0"], "hotel_price": ["141"]}, "2089987": {"hotel_name": "\u5e7f\u5dde\u666f\u8f89\u8fde\u9501\u9152\u5e97", "order_time": ["2019-01-12 02:41:15"], "total_order": 1, "hotel_value": ["4.2"], "hotel_price": ["139"]}, "2845358": {"hotel_name": "\u83ab\u6cf0168(\u5e7f\u5dde\u9ad8\u94c1\u5357\u7ad9\u5357\u6d66\u5730\u94c1\u53e3\u5e97)", "order_time": ["2019-01-12 02:41:18", "2019-01-12 03:07:13"], "total_order": 2, "hotel_value": ["4.4", "4.4"], "hotel_price": ["128", "128"]}, "437073": {"hotel_name": "\u5e7f\u5dde\u8d22\u5bcc\u5ea6\u5047\u9152\u5e97", "order_time": ["2019-01-12 02:41:22"], "total_order": 1, "hotel_value": ["4.3"], "hotel_price": ["399"]}, "1739147": {"hotel_name": "\u5e7f\u5dde\u4fdd\u5609\u5229\u5bbe\u9986", "order_time": ["2019-01-12 02:41:28"], "total_order": 1, "hotel_value": ["3.6"], "hotel_price": ["97"]}, "4331476": {"hotel_name": "\u5e7f\u5dde\u6e56\u5929\u5bbe\u9986", "order_time": ["2019-01-12 02:43:00"], "total_order": 1, "hotel_value": ["4.4"], "hotel_price": ["336"]}, "429190": {"hotel_name": "\u5e7f\u5dde\u660a\u94f6\u51ef\u83b1\u9152\u5e97", "order_time": ["2019-01-12 02:43:08"], "total_order": 1, "hotel_value": ["4.5"], "hotel_price": ["409"]}, "1763747": {"hotel_name": "\u7ef4\u4e5f\u7eb3\u667a\u597d\u9152\u5e97(\u5e7f\u5dde\u5929\u6cb3\u71d5\u5cad\u8def\u5e97)", "order_time": ["2019-01-12 02:43:09"], "total_order": 1, "hotel_value": ["4.8"], "hotel_price": ["352"]}, "1696840": {"hotel_name": "7\u5929\u8fde\u9501\u9152\u5e97(\u5e7f\u5dde\u5ba2\u6751\u5e97)", "order_time": ["2019-01-12 02:43:11"], "total_order": 1, "hotel_value": ["4.1"], "hotel_price": ["155"]}, "8557656": {"hotel_name": "\u4e07\u5962\u9152\u5e97(\u5e7f\u5dde\u767d\u4e91\u673a\u573a\u5e97)", "order_time": ["2019-01-12 02:43:11"], "total_order": 1, "hotel_value": ["4.6"], "hotel_price": ["256"]}, "5724443": {"hotel_name": "\u9e97\u67ab\u9152\u5e97(\u5e7f\u5dde\u79d1\u5b66\u57ce\u8054\u548c\u5e97)", "order_time": ["2019-01-12 02:43:11"], "total_order": 1, "hotel_value": ["4.7"], "hotel_price": ["251"]}, "5175791": {"hotel_name": "\u6c49\u5ead\u9152\u5e97(\u5e7f\u5dde\u5c97\u9876\u5730\u94c1\u7ad9\u5e97)", "order_time": ["2019-01-12 02:51:05", "2019-01-12 02:43:13"], "total_order": 2, "hotel_value": ["4.3", "4.3"], "hotel_price": ["313", "313"]}, "1787367": {"hotel_name": "\u6587\u661f\u8fde\u9501\u9152\u5e97(\u5e7f\u5dde\u5357\u65b9\u533b\u9662\u5e97)", "order_time": ["2019-01-12 02:43:15"], "total_order": 1, "hotel_value": ["4.3"], "hotel_price": ["174"]}, "706061": {"hotel_name": "\u5e7f\u5dde\u4e30\u5174\u5546\u52a1\u5927\u9152\u5e97", "order_time": ["2019-01-12 02:43:18"], "total_order": 1, "hotel_value": ["4.4"], "hotel_price": ["97"]}, "345008": {"hotel_name": "\u5e7f\u5dde\u65b9\u5706\u5965\u514b\u4f0d\u5fb7\u8c6a\u666f", "order_time": ["2019-01-12 02:44:56"], "total_order": 1, "hotel_value": ["4.6"], "hotel_price": ["1247"]}, "14947481": {"hotel_name": "\u6613\u6210\u5047\u65e5\u7cbe\u54c1\u9152\u5e97\u516c\u5bd3(\u5e7f\u5dde\u756a\u79ba\u4e07\u8fbe\u62db\u5546\u57ce\u5e02\u4e3b\u573a\u5e97)", "order_time": ["2019-01-12 02:45:03"], "total_order": 1, "hotel_value": ["4.7"], "hotel_price": ["216"]}, "396857": {"hotel_name": "\u5e7f\u5dde\u4e1c\u5703\u5408\u666f\u798f\u670b\u559c\u6765\u767b\u9152\u5e97", "order_time": ["2019-01-12 02:45:05"], "total_order": 1, "hotel_value": ["4.5"], "hotel_price": ["676"]}, "3796623": {"hotel_name": "\u9e97\u67ab\u9152\u5e97(\u5e7f\u5dde\u767d\u4e91\u56fd\u9645\u673a\u573a\u5e97)", "order_time": ["2019-01-12 02:45:05"], "total_order": 1, "hotel_value": ["4.7"], "hotel_price": ["304"]}, "5494234": {"hotel_name": "\u9f99\u7a57\u9152\u5e97\u516c\u5bd3(\u5e7f\u5dde\u5357\u7ad9\u5e97)", "order_time": ["2019-01-12 02:45:06"], "total_order": 1, "hotel_value": ["4.8"], "hotel_price": ["200"]}, "789784": {"hotel_name": "\u5e7f\u5dde\u5e7f\u82b1\u9152\u5e97", "order_time": ["2019-01-12 02:45:07"], "total_order": 1, "hotel_value": ["4.2"], "hotel_price": ["212"]}, "1891090": {"hotel_name": "\u5e7f\u5dde\u4e07\u5b50\u8c6a\u7a0b\u5927\u9152\u5e97", "order_time": ["2019-01-12 03:15:01", "2019-01-12 02:45:08"], "total_order": 2, "hotel_value": ["4.3", "4.3"], "hotel_price": ["282", "282"]}, "980165": {"hotel_name": "\u5e7f\u5dde\u661f\u9645\u9152\u5e97", "order_time": ["2019-01-12 02:45:10"], "total_order": 1, "hotel_value": ["4.2"], "hotel_price": ["260"]}, "20243311": {"hotel_name": "\u94c2\u987f\u56fd\u9645\u516c\u5bd3(\u5e7f\u5dde\u5ba2\u6751\u5408\u751f\u5e7f\u573a\u5e97)", "order_time": ["2019-01-12 02:46:24"], "total_order": 1, "hotel_value": ["4.7"], "hotel_price": ["359"]}, "1747371": {"hotel_name": "\u5e7f\u5dde\u60a6\u4eab\u5bb6\u516c\u5bd3", "order_time": ["2019-01-12 02:46:58"], "total_order": 1, "hotel_value": ["4.7"], "hotel_price": ["351"]}, "17453843": {"hotel_name": "\u51ef\u6069\u56fd\u9645\u9152\u5e97(\u767d\u4e91\u56fd\u9645\u673a\u573a\u5e97)", "order_time": ["2019-01-12 02:47:01"], "total_order": 1, "hotel_value": ["4.8"], "hotel_price": ["230"]}, "1210864": {"hotel_name": "\u541b\u6da6\u5047\u65e5\u9152\u5e97(\u5e7f\u5dde\u949f\u6751\u5730\u94c1\u7ad9\u5e97)", "order_time": ["2019-01-12 02:47:01"], "total_order": 1, "hotel_value": ["4.2"], "hotel_price": ["214"]}, "17906093": {"hotel_name": "\u6587\u534e\u56fd\u9645\u9152\u5e97\u516c\u5bd3(\u5e7f\u5dde\u5317\u4eac\u8def\u6b65\u884c\u8857\u5e97)", "order_time": ["2019-01-12 02:47:03"], "total_order": 1, "hotel_value": ["4.6"], "hotel_price": ["376"]}, "1338439": {"hotel_name": "\u901f8\u9152\u5e97(\u5e7f\u5dde\u897f\u6751\u5730\u94c1\u7ad9\u5e97)", "order_time": ["2019-01-12 02:47:05"], "total_order": 1, "hotel_value": ["4.1"], "hotel_price": ["203"]}, "24004413": {"hotel_name": "\u5e7f\u5dde\u6f6e\u5ead\u6d3e\u5bf9\u9152\u5e97", "order_time": ["2019-01-12 02:47:05"], "total_order": 1, "hotel_value": ["4.9"], "hotel_price": ["254"]}, "8395614": {"hotel_name": "\u9e97\u67ab\u9152\u5e97(\u5e7f\u5dde\u9ec4\u57d4\u6587\u51b2\u5730\u94c1\u7ad9\u5e97)", "order_time": ["2019-01-12 02:47:05"], "total_order": 1, "hotel_value": ["4.8"], "hotel_price": ["310"]}, "1333968": {"hotel_name": "\u5e7f\u5dde\u5357\u96c5\u4e00\u53f7\u9152\u5e97", "order_time": ["2019-01-12 02:47:10"], "total_order": 1, "hotel_value": ["4.0"], "hotel_price": ["206"]}, "7218349": {"hotel_name": "\u6b27\u8212\u9601\u56fd\u9645\u516c\u5bd3(\u5e7f\u5dde\u65b9\u5706\u8d8a\u79c0\u65f6\u5149\u5e97)", "order_time": ["2019-01-12 02:47:12"], "total_order": 1, "hotel_value": ["4.4"], "hotel_price": ["305"]}, "1585998": {"hotel_name": "\u9038\u7c73\u9152\u5e97(\u5e7f\u5dde\u706b\u8f66\u7ad9\u5e97)", "order_time": ["2019-01-12 02:47:17"], "total_order": 1, "hotel_value": ["4.1"], "hotel_price": ["232"]}, "4507411": {"hotel_name": "\u9686\u65af\u83b1\u65af\u4e3b\u9898\u9152\u5e97\u516c\u5bd3(\u5e7f\u5dde\u756a\u79ba\u52a8\u7269\u56ed\u5317\u95e8\u5e97)", "order_time": ["2019-01-12 02:47:17"], "total_order": 1, "hotel_value": ["4.4"], "hotel_price": ["140"]}, "2598968": {"hotel_name": "\u516b\u65b9\u8fde\u9501\u9152\u5e97(\u5e7f\u5dde\u589e\u57ce\u7cbe\u54c1\u5e97)", "order_time": ["2019-01-12 02:47:18"], "total_order": 1, "hotel_value": ["4.5"], "hotel_price": ["156"]}, "6653662": {"hotel_name": "\u84dd\u7f8e\u5feb\u6377\u9152\u5e97(\u5e7f\u5dde\u4ece\u5316\u6c7d\u8f66\u7ad9\u5e97)", "order_time": ["2019-01-12 02:47:18"], "total_order": 1, "hotel_value": ["4.7"], "hotel_price": ["179"]}, "26451469": {"hotel_name": "\u5e7f\u5dde\u7ef4\u96c5\u822a\u7a7a\u7cbe\u9009\u9152\u5e97\u5f0f\u516c\u5bd3", "order_time": ["2019-01-12 02:47:25"], "total_order": 1, "hotel_value": ["4.9"], "hotel_price": ["128"]}, "6225543": {"hotel_name": "\u9038\u7c73\u7c73\u516c\u5bd3(\u5e7f\u5dde\u5317\u4eac\u8def\u6377\u767b\u90fd\u4f1a\u5e97)", "order_time": ["2019-01-12 03:01:10", "2019-01-12 02:48:57"], "total_order": 2, "hotel_value": ["4.6", "4.6"], "hotel_price": ["403", "403"]}, "6294989": {"hotel_name": "\u5979\u4ed6\u4f1a\u670d\u52a1\u516c\u5bd3(\u5e7f\u5dde\u6613\u901a\u5927\u53a6\u5e97)", "order_time": ["2019-01-12 02:49:01"], "total_order": 1, "hotel_value": ["4.6"], "hotel_price": ["273"]}, "1501676": {"hotel_name": "\u6c49\u5ead\u9152\u5e97(\u5e7f\u5dde\u5927\u77f3\u957f\u9686\u5e97)", "order_time": ["2019-01-12 02:49:02"], "total_order": 1, "hotel_value": ["4.3"], "hotel_price": ["141"]}, "3291954": {"hotel_name": "\u52a0\u5dde\u65f6\u5c1a\u516c\u5bd3(\u5e7f\u5dde\u65b0\u767d\u4e91\u56fd\u9645\u673a\u573a\u5e97)", "order_time": ["2019-01-12 02:49:03"], "total_order": 1, "hotel_value": ["4.7"], "hotel_price": ["103"]}, "1696897": {"hotel_name": "7\u5929\u8fde\u9501\u9152\u5e97(\u5e7f\u5dde\u756a\u79ba\u5e02\u6865\u6e05\u6cb3\u4e2d\u8def\u5e97)", "order_time": ["2019-01-12 02:49:03"], "total_order": 1, "hotel_value": ["4.3"], "hotel_price": ["124"]}, "4382421": {"hotel_name": "\u79a7\u9f99\u5bbe\u9986(\u5e7f\u5dde\u6cbf\u6c5f\u4e2d\u8def\u5e97)", "order_time": ["2019-01-12 02:49:04"], "total_order": 1, "hotel_value": ["4.2"], "hotel_price": ["139"]}, "397520": {"hotel_name": "\u5e7f\u5dde\u5bbe\u9986", "order_time": ["2019-01-12 02:49:06"], "total_order": 1, "hotel_value": ["4.2"], "hotel_price": ["378"]}, "1527047": {"hotel_name": "\u4e2d\u5927\u51ef\u4e30\u9152\u5e97(\u5e7f\u5dde\u4e2d\u5927\u5b66\u4eba\u9986\u5e97)", "order_time": ["2019-01-12 02:49:06"], "total_order": 1, "hotel_value": ["4.7"], "hotel_price": ["803"]}, "2300378": {"hotel_name": "7\u5929\u8fde\u9501\u9152\u5e97(\u5e7f\u5dde\u5929\u6cb3\u4e1c\u5e97)", "order_time": ["2019-01-12 02:49:06"], "total_order": 1, "hotel_value": ["4.2"], "hotel_price": ["254"]}, "10914866": {"hotel_name": "Q\u52a0\u00b7\u8def\u6613\u00b7\u65f6\u7a7a\u65d7\u8230\u5e97\u9152\u5e97\u516c\u5bd3(\u5e7f\u5dde\u65b0\u767d\u4e91\u56fd\u9645\u673a\u573a\u5e97)", "order_time": ["2019-01-12 02:51:02", "2019-01-12 02:49:08"], "total_order": 2, "hotel_value": ["4.7", "4.7"], "hotel_price": ["151", "151"]}, "7215597": {"hotel_name": "\u7ef4\u4e5f\u7eb3\u9152\u5e97(\u5e7f\u5dde\u5609\u79be\u671b\u5c97\u5730\u94c1\u7ad9\u5e97)", "order_time": ["2019-01-12 02:49:12"], "total_order": 1, "hotel_value": ["4.8"], "hotel_price": ["250"]}, "668102": {"hotel_name": "\u5e7f\u5dde\u5e0c\u5c14\u987f\u9038\u6797\u9152\u5e97", "order_time": ["2019-01-12 02:49:12"], "total_order": 1, "hotel_value": ["4.6"], "hotel_price": ["900"]}, "15200086": {"hotel_name": "\u5e7f\u5dde\u5927\u592b\u5c71\u96c5\u6986\u827a\u672f\u9152\u5e97", "order_time": ["2019-01-12 02:49:24"], "total_order": 1, "hotel_value": ["4.1"], "hotel_price": ["183"]}, "15945252": {"hotel_name": "\u9e97\u67ab\u9152\u5e97(\u5e7f\u5dde\u767d\u4e91\u5927\u9053\u5317\u5730\u94c1\u7ad9\u5e97)", "order_time": ["2019-01-12 02:50:58"], "total_order": 1, "hotel_value": ["4.7"], "hotel_price": ["231"]}, "25368326": {"hotel_name": "\u9014\u5c45\u9152\u5e97(\u5e7f\u5dde\u673a\u573a\u5e97)", "order_time": ["2019-01-12 02:51:00"], "total_order": 1, "hotel_value": ["4.5"], "hotel_price": ["103"]}, "456189": {"hotel_name": "\u4e00\u5446\u516c\u5bd3\u00b7\u5e7f\u5dde\u4fdd\u5229\u4e16\u8d38", "order_time": ["2019-01-12 02:51:00"], "total_order": 1, "hotel_value": ["4.5"], "hotel_price": ["276"]}, "442372": {"hotel_name": "\u9526\u6c5f\u4e4b\u661f(\u5e7f\u5dde\u7436\u6d32\u4f1a\u5c55\u4e2d\u5fc3\u5e97)", "order_time": ["2019-01-12 02:51:01"], "total_order": 1, "hotel_value": ["4.3"], "hotel_price": ["180"]}, "7217270": {"hotel_name": "\u4f70\u5408\u7cbe\u9009\u56fd\u9645\u5ea6\u5047\u516c\u5bd3(\u5317\u4eac\u8def\u65b9\u5706\u65f6\u5149\u5e97)", "order_time": ["2019-01-12 02:51:04", "2019-01-12 02:52:59"], "total_order": 2, "hotel_value": ["4.7", "4.7"], "hotel_price": ["340", "340"]}, "9461264": {"hotel_name": "\u5e7f\u5dde\u7eb3\u4f26\u516c\u7235\u9152\u5e97(\u65b0\u767d\u4e91\u56fd\u9645\u673a\u573a\u5e97)", "order_time": ["2019-01-12 02:51:04"], "total_order": 1, "hotel_value": ["4.8"], "hotel_price": ["135"]}, "26539614": {"hotel_name": "\u5e7f\u5dde\u5a01\u5c3c\u65af\u7279\u9152\u5e97", "order_time": ["2019-01-12 02:51:04"], "total_order": 1, "hotel_value": ["4.6"], "hotel_price": ["277"]}, "397501": {"hotel_name": "\u5e7f\u5dde\u767d\u4e91\u5bbe\u9986", "order_time": ["2019-01-12 02:51:05"], "total_order": 1, "hotel_value": ["4.6"], "hotel_price": ["636"]}, "344998": {"hotel_name": "\u5e7f\u5dde\u6d77\u822a\u5a01\u65af\u6c40\u9152\u5e97", "order_time": ["2019-01-12 02:51:05"], "total_order": 1, "hotel_value": ["4.6"], "hotel_price": ["1069"]}, "396591": {"hotel_name": "\u5e7f\u5dde\u661f\u6cb3\u6e7e\u9152\u5e97", "order_time": ["2019-01-12 02:51:06"], "total_order": 1, "hotel_value": ["4.7"], "hotel_price": ["878"]}, "344995": {"hotel_name": "\u5e7f\u5dde\u4e2d\u5fc3\u7687\u51a0\u5047\u65e5\u9152\u5e97", "order_time": ["2019-01-12 02:51:06"], "total_order": 1, "hotel_value": ["4.6"], "hotel_price": ["921"]}, "2611702": {"hotel_name": "\u9e97\u67ab\u9152\u5e97(\u5e7f\u5dde\u5929\u6cb3\u77f3\u724c\u4e1c\u8def\u5c97\u9876\u5730\u94c1\u7ad9\u5e97)", "order_time": ["2019-01-12 02:51:08"], "total_order": 1, "hotel_value": ["4.7"], "hotel_price": ["357"]}, "1575834": {"hotel_name": "\u5e03\u4e01\u9152\u5e97(\u5e7f\u5dde\u756a\u79ba\u6d1b\u6eaa\u5730\u94c1\u7ad9\u5e97)", "order_time": ["2019-01-12 02:51:16", "2019-01-12 03:09:13"], "total_order": 2, "hotel_value": ["4.0", "4.0"], "hotel_price": ["106", "106"]}, "1731579": {"hotel_name": "\u51ef\u76db\u9152\u5e97(\u5e7f\u5dde\u949f\u6751\u5e97)", "order_time": ["2019-01-12 02:51:20"], "total_order": 1, "hotel_value": ["4.1"], "hotel_price": ["99"]}, "4720528": {"hotel_name": "\u5e7f\u5dde\u7c73\u5a05\u516c\u5bd3(\u539f\u827e\u5854\u5546\u52a1\u9152\u5e97)", "order_time": ["2019-01-12 02:51:21"], "total_order": 1, "hotel_value": ["3.9"], "hotel_price": ["138"]}, "3361508": {"hotel_name": "\u5e7f\u5dde\u65b0\u767d\u4e91\u673a\u573a\u822a\u7a7a\u5ba2\u6808(\u539f\u65b0\u767d\u4e91\u673a\u573a\u597d\u8fd0\u516c\u5bd3)", "order_time": ["2019-01-12 02:51:28"], "total_order": 1, "hotel_value": ["4.5"], "hotel_price": ["80"]}, "818501": {"hotel_name": "\u5e7f\u5dde\u987a\u548c\u5bbe\u9986", "order_time": ["2019-01-12 02:51:28", "2019-01-12 02:53:24"], "total_order": 2, "hotel_value": ["3.5", "3.5"], "hotel_price": ["114", "114"]}, "1692529": {"hotel_name": "\u57ce\u5e02\u4fbf\u6377\u9152\u5e97(\u5e7f\u5dde\u706b\u8f66\u7ad9\u4e09\u5143\u91cc\u5730\u94c1\u7ad9\u5e97)(\u539f\u4e09\u5143\u91cc\u5730\u94c1\u7ad9\u4e8c\u5e97)", "order_time": ["2019-01-12 02:52:59"], "total_order": 1, "hotel_value": ["4.5"], "hotel_price": ["205"]}, "23944424": {"hotel_name": "\u5e7f\u5dde\u4e3d\u51ef\u9152\u5e97\u516c\u5bd3", "order_time": ["2019-01-12 02:52:59"], "total_order": 1, "hotel_value": ["4.8"], "hotel_price": ["102"]}, "757581": {"hotel_name": "\u67cf\u9ad8\u00b7\u96c5\u9152\u5e97(\u5e7f\u5dde\u4e1c\u5703\u5929\u6cb3\u57ce\u5e97)", "order_time": ["2019-01-12 02:53:02"], "total_order": 1, "hotel_value": ["4.8"], "hotel_price": ["276"]}, "454118": {"hotel_name": "\u5e7f\u5dde\u94f6\u6cb3\u5927\u9152\u5e97", "order_time": ["2019-01-12 02:53:03"], "total_order": 1, "hotel_value": ["4.0"], "hotel_price": ["226"]}, "1405281": {"hotel_name": "\u6e2f\u6da6\u5bd3\u4e0a\u516c\u5bd3(\u5e7f\u5dde\u7436\u6d32\u4fdd\u5229\u4e16\u8d38\u5e97)(\u539f\u5bd3\u4e0a\u516c\u5bd3)", "order_time": ["2019-01-12 02:53:08"], "total_order": 1, "hotel_value": ["4.6"], "hotel_price": ["250"]}, "8720707": {"hotel_name": "\u5e7f\u5ddeahotel\u670d\u52a1\u5f0f\u516c\u5bd3(\u5357\u6c99\u4e07\u8fbe\u5e7f\u573a\u5e97)", "order_time": ["2019-01-12 02:53:10"], "total_order": 1, "hotel_value": ["4.7"], "hotel_price": ["316"]}, "2044819": {"hotel_name": "\u5e7f\u5dde\u589e\u57ce\u6d77\u8c5a\u6e7e\u4e3b\u9898\u9152\u5e97", "order_time": ["2019-01-12 02:53:19"], "total_order": 1, "hotel_value": ["4.5"], "hotel_price": ["133"]}, "2641578": {"hotel_name": "\u5e7f\u5dde\u4e3d\u660e\u534e\u5bbe\u9986", "order_time": ["2019-01-12 02:53:30"], "total_order": 1, "hotel_value": ["3.4"], "hotel_price": ["115"]}, "1812432": {"hotel_name": "\u5e7f\u5dde\u5609\u7f8e\u6b23\u5047\u65e5\u9152\u5e97", "order_time": ["2019-01-12 02:53:30"], "total_order": 1, "hotel_value": ["4.3"], "hotel_price": ["104"]}, "16113011": {"hotel_name": "\u5e7f\u5dde\u7a7a\u6e2f\u65f6\u5c1a\u9152\u5e97", "order_time": ["2019-01-12 02:53:36"], "total_order": 1, "hotel_value": ["4.6"], "hotel_price": ["118"]}, "4826334": {"hotel_name": "\u5e7f\u5dde\u5f00\u53d1\u533a\u4e1c\u76db\u5bbe\u9986", "order_time": ["2019-01-12 02:53:38"], "total_order": 1, "hotel_value": ["4.4"], "hotel_price": ["99"]}, "11944872": {"hotel_name": "\u6e2f\u6da6\u5bd3\u4e0a\u6c5f\u6e7e\u516c\u5bd3(\u5e7f\u5dde\u6cbf\u6c5f\u5929\u5b57\u7801\u5934\u5e97)(\u539f\u6c5f\u6e7e\u5927\u9152\u5e97)", "order_time": ["2019-01-12 02:54:59"], "total_order": 1, "hotel_value": ["4.5"], "hotel_price": ["306"]}, "1522116": {"hotel_name": "\u5982\u5bb6\u5546\u65c5\u9152\u5e97(\u73e0\u6c5f\u65b0\u57ce\u5e7f\u5dde\u5927\u9053\u4e94\u7f8a\u90a8\u5730\u94c1\u7ad9\u5e97)", "order_time": ["2019-01-12 02:55:00", "2019-01-12 03:07:04"], "total_order": 2, "hotel_value": ["4.5", "4.5"], "hotel_price": ["373", "373"]}, "2946017": {"hotel_name": "\u5e7f\u5dde\u5a01\u73c0\u65af\u9152\u5e97", "order_time": ["2019-01-12 02:55:00"], "total_order": 1, "hotel_value": ["4.5"], "hotel_price": ["676"]}, "1778858": {"hotel_name": "\u5e7f\u5dde\u6b27\u65f6\u5feb\u6377\u9152\u5e97(\u82b1\u90fd\u533a)", "order_time": ["2019-01-12 02:55:05"], "total_order": 1, "hotel_value": ["4.3"], "hotel_price": ["104"]}, "1696779": {"hotel_name": "7\u5929\u8fde\u9501\u9152\u5e97(\u5e7f\u5dde\u4e1c\u5703\u5ba2\u8fd0\u7ad9\u5e97)", "order_time": ["2019-01-12 02:55:05"], "total_order": 1, "hotel_value": ["4.4"], "hotel_price": ["179"]}, "439463": {"hotel_name": "\u5e7f\u4e1c\u4e9a\u6d32\u56fd\u9645\u5927\u9152\u5e97", "order_time": ["2019-01-12 02:55:07"], "total_order": 1, "hotel_value": ["4.4"], "hotel_price": ["609"]}, "374618": {"hotel_name": "\u5e7f\u5dde\u73c0\u4e3d\u9152\u5e97", "order_time": ["2019-01-12 02:55:08"], "total_order": 1, "hotel_value": ["4.1"], "hotel_price": ["330"]}, "7295022": {"hotel_name": "\u7ef4\u4e5f\u7eb3\u56fd\u9645\u9152\u5e97(\u5e7f\u5dde\u756a\u79ba\u7948\u798f\u65b0\u90a8\u5e97)", "order_time": ["2019-01-12 02:55:08", "2019-01-12 03:23:04"], "total_order": 2, "hotel_value": ["4.8", "4.8"], "hotel_price": ["339", "339"]}, "512410": {"hotel_name": "\u5e7f\u5dde\u8239\u8236\u592a\u53e4\u9152\u5e97", "order_time": ["2019-01-12 02:55:09"], "total_order": 1, "hotel_value": ["4.3"], "hotel_price": ["298"]}, "1891095": {"hotel_name": "\u5e7f\u5dde\u5357\u65b9\u5927\u9152\u5e97", "order_time": ["2019-01-12 02:55:09"], "total_order": 1, "hotel_value": ["3.9"], "hotel_price": ["342"]}, "449893": {"hotel_name": "Xbed\u4e92\u8054\u7f51\u9152\u5e97(\u5e7f\u5dde\u96c5\u5c14\u5eb7\u5e97)(\u539f\u96c5\u5c14\u5eb7\u5546\u52a1\u9152\u5e97)", "order_time": ["2019-01-12 02:55:12"], "total_order": 1, "hotel_value": ["4.2"], "hotel_price": ["228"]}, "456187": {"hotel_name": "\u5e7f\u5dde\u5361\u5a01\u5c14\u9152\u5e97", "order_time": ["2019-01-12 02:57:07"], "total_order": 1, "hotel_value": ["4.5"], "hotel_price": ["356"]}, "344857": {"hotel_name": "\u5e7f\u5dde\u82b1\u56ed\u9152\u5e97", "order_time": ["2019-01-12 02:57:07"], "total_order": 1, "hotel_value": ["4.6"], "hotel_price": ["1198"]}, "6386841": {"hotel_name": "\u9a8f\u798f\u8054\u76df\u9152\u5e97(\u5e7f\u5dde\u9a8f\u666f\u82b1\u56ed\u5e97)", "order_time": ["2019-01-12 02:57:11"], "total_order": 1, "hotel_value": ["4.3"], "hotel_price": ["142"]}, "5237433": {"hotel_name": "\u5e7f\u5dde\u534e\u7433\u9152\u5e97", "order_time": ["2019-01-12 02:57:17"], "total_order": 1, "hotel_value": ["3.2"], "hotel_price": ["138"]}, "2076924": {"hotel_name": "\u6587\u661f\u8fde\u9501\u9152\u5e97(\u5e7f\u5dde\u5747\u79be\u5e97)", "order_time": ["2019-01-12 02:57:17"], "total_order": 1, "hotel_value": ["4.2"], "hotel_price": ["129"]}, "9078273": {"hotel_name": "\u5bd3\u7c73\u6b22\u805a\u516c\u5bd3(\u5e7f\u5dde\u5bcc\u529b\u4e1c\u5c71\u65b0\u5929\u5730\u5e97)", "order_time": ["2019-01-12 02:58:58"], "total_order": 1, "hotel_value": ["4.5"], "hotel_price": ["457"]}, "4693493": {"hotel_name": "\u7231\u665a\u7cbe\u54c1\u9152\u5e97(\u5e7f\u5dde\u756a\u79ba\u5927\u77f3\u52a8\u7269\u56ed\u5317\u95e8\u5e97)", "order_time": ["2019-01-12 02:58:59"], "total_order": 1, "hotel_value": ["4.2"], "hotel_price": ["160"]}, "789204": {"hotel_name": "\u563b\u54c8\u5546\u52a1\u516c\u5bd3(\u5e7f\u5dde\u7436\u6d32\u4fdd\u5229\u4e16\u8d38\u5e97)", "order_time": ["2019-01-12 02:59:01"], "total_order": 1, "hotel_value": ["4.5"], "hotel_price": ["255"]}, "1458224": {"hotel_name": "\u9038\u7c73\u9152\u5e97(\u5e7f\u5dde\u978b\u57ce\u5e97)(\u539f\u8fd0\u9e3f\u5927\u9152\u5e97)", "order_time": ["2019-01-12 02:59:02"], "total_order": 1, "hotel_value": ["4.6"], "hotel_price": ["187"]}, "1695324": {"hotel_name": "\u5e7f\u5dde\u97e6\u5c14\u68ee\u9152\u5e97", "order_time": ["2019-01-12 02:59:15", "2019-01-12 03:15:06"], "total_order": 2, "hotel_value": ["4.5", "4.5"], "hotel_price": ["128", "128"]}, "11671626": {"hotel_name": "\u9038\u7c73\u9152\u5e97\u5e7f\u5dde\u6d77\u73e0\u5ba2\u8fd0\u7ad9\u5e97", "order_time": ["2019-01-12 03:17:20", "2019-01-12 02:59:32"], "total_order": 2, "hotel_value": ["3.8", "3.8"], "hotel_price": ["99", "99"]}, "2967568": {"hotel_name": "\u5e7f\u5dde\u534e\u7ec3\u5929\u6b4c\u9152\u5e97(\u539f\u5e7f\u5dde\u8bb0\u6021\u56fd\u9645\u9152\u5e97)", "order_time": ["2019-01-12 02:59:35"], "total_order": 1, "hotel_value": ["4.2"], "hotel_price": ["166"]}, "21783655": {"hotel_name": "\u5e7f\u5dde\u97e9\u51a0\u56fd\u9645\u516c\u5bd3", "order_time": ["2019-01-12 03:09:00", "2019-01-12 03:01:05"], "total_order": 2, "hotel_value": ["4.6", "4.6"], "hotel_price": ["184", "184"]}, "21133978": {"hotel_name": "\u5170\u65af\u4e3b\u9898\u9152\u5e97(\u5e7f\u5dde\u65b0\u767d\u4e91\u56fd\u9645\u673a\u573a\u5e97)", "order_time": ["2019-01-12 03:01:09"], "total_order": 1, "hotel_value": ["4.8"], "hotel_price": ["182"]}, "5904402": {"hotel_name": "\u672c\u6811\u5bb6\u516c\u5bd3(\u5e7f\u5dde\u7436\u6d32\u4f1a\u5c55\u4e2d\u5fc3\u5e97)(\u539f\u4e07\u80dc\u56f4\u5e97)", "order_time": ["2019-01-12 03:01:10"], "total_order": 1, "hotel_value": ["4.7"], "hotel_price": ["282"]}, "2043971": {"hotel_name": "7\u5929\u8fde\u9501\u9152\u5e97(\u5e7f\u5dde\u5929\u6cb3\u5c97\u9876\u9f99\u53e3\u897f\u8def\u5e97)", "order_time": ["2019-01-12 03:01:14"], "total_order": 1, "hotel_value": ["4.3"], "hotel_price": ["221"]}, "1732017": {"hotel_name": "\u5fae\u516b\u9152\u5e97(\u5e7f\u5dde\u897f\u6751\u5206\u5e97)", "order_time": ["2019-01-12 03:01:17"], "total_order": 1, "hotel_value": ["4.3"], "hotel_price": ["115"]}, "6288990": {"hotel_name": "7\u5929\u8fde\u9501\u9152\u5e97(\u5e7f\u5dde\u756a\u79ba\u6c7d\u8f66\u5ba2\u8fd0\u7ad9\u5e97)", "order_time": ["2019-01-12 03:01:17"], "total_order": 1, "hotel_value": ["4.6"], "hotel_price": ["137"]}, "4826218": {"hotel_name": "\u5e7f\u5dde\u5e7f\u660e\u65c5\u5e97", "order_time": ["2019-01-12 03:01:47"], "total_order": 1, "hotel_value": [0], "hotel_price": ["150"]}, "436402": {"hotel_name": "\u4e3d\u8299\u9152\u5e97(\u5e7f\u5dde\u5929\u6cb3\u516c\u56ed\u9ec4\u57d4\u5927\u9053\u6da6\u90fd\u5e97)", "order_time": ["2019-01-12 03:12:56", "2019-01-12 03:02:59"], "total_order": 2, "hotel_value": ["4.6", "4.6"], "hotel_price": ["259", "259"]}, "434506": {"hotel_name": "\u5e7f\u4e1c\u5927\u53a6", "order_time": ["2019-01-12 03:03:06"], "total_order": 1, "hotel_value": ["4.5"], "hotel_price": ["423"]}, "1289442": {"hotel_name": "\u9038\u7c73\u7cbe\u9009\u9152\u5e97(\u5e7f\u5dde\u82b3\u6751\u7801\u5934\u5e97)", "order_time": ["2019-01-12 03:03:10"], "total_order": 1, "hotel_value": ["4.7"], "hotel_price": ["259"]}, "859243": {"hotel_name": "\u57ce\u5e02\u4fbf\u6377\u9152\u5e97(\u5e7f\u5dde\u540c\u5fb7\u56f4\u5e97)", "order_time": ["2019-01-12 03:03:14"], "total_order": 1, "hotel_value": ["3.8"], "hotel_price": ["159"]}, "827433": {"hotel_name": "\u5e7f\u5dde\u60a6\u6765\u767b\u5927\u5bbe\u9986", "order_time": ["2019-01-12 03:03:16"], "total_order": 1, "hotel_value": ["4.5"], "hotel_price": ["131"]}, "1731474": {"hotel_name": "\u5e7f\u5dde\u5f00\u6e90\u9152\u5e97", "order_time": ["2019-01-12 03:03:19"], "total_order": 1, "hotel_value": ["4.4"], "hotel_price": ["153"]}, "5723409": {"hotel_name": "\u820d\u610f\u4e3b\u9898\u516c\u5bd3\u9152\u5e97(\u5e7f\u5dde\u589e\u57ce\u4e07\u8fbe\u5e7f\u573a\u5e97)", "order_time": ["2019-01-12 03:03:21", "2019-01-12 03:13:07"], "total_order": 2, "hotel_value": ["4.3", "4.3"], "hotel_price": ["214", "214"]}, "6391171": {"hotel_name": "\u5e7f\u5dde\u666f\u9e3f\u5546\u52a1\u9152\u5e97", "order_time": ["2019-01-12 03:03:22"], "total_order": 1, "hotel_value": ["4.4"], "hotel_price": ["123"]}, "6742282": {"hotel_name": "\u9e97\u67ab\u9152\u5e97(\u5e7f\u5dde\u82b3\u6751\u6ed8\u53e3\u5730\u94c1\u7ad9\u5e97)", "order_time": ["2019-01-12 03:04:57"], "total_order": 1, "hotel_value": ["4.9"], "hotel_price": ["257"]}, "396594": {"hotel_name": "\u5e7f\u5dde\u7ef4\u591a\u5229\u9152\u5e97", "order_time": ["2019-01-12 03:05:05"], "total_order": 1, "hotel_value": ["4.6"], "hotel_price": ["582"]}, "982335": {"hotel_name": "\u6c49\u5ead\u9152\u5e97(\u5e7f\u5dde\u5e7f\u56ed\u5ba2\u8fd0\u7ad9\u5e97)", "order_time": ["2019-01-12 03:05:17"], "total_order": 1, "hotel_value": ["4.3"], "hotel_price": ["189"]}, "9873772": {"hotel_name": "\u5e7f\u5dde\u4e03\u6a59\u9152\u5e97\u6cb3\u6c99\u5730\u94c1\u7ad9\u5e97", "order_time": ["2019-01-12 03:05:17"], "total_order": 1, "hotel_value": ["3.0"], "hotel_price": ["98"]}, "6374664": {"hotel_name": "\u5e7f\u5dde\u5927\u773c\u840c\u9752\u5e74\u65c5\u820d", "order_time": ["2019-01-12 03:05:31"], "total_order": 1, "hotel_value": ["4.1"], "hotel_price": ["40"]}, "2981551": {"hotel_name": "\u5e7f\u5dde\u7f8e\u6210\u9152\u5e97", "order_time": ["2019-01-12 03:07:02"], "total_order": 1, "hotel_value": ["4.0"], "hotel_price": ["197"]}, "1643106": {"hotel_name": "\u5e7f\u5dde\u589e\u57ce\u4fdd\u5229\u7687\u51a0\u5047\u65e5\u9152\u5e97", "order_time": ["2019-01-12 03:07:06"], "total_order": 1, "hotel_value": ["4.5"], "hotel_price": ["486"]}, "18047956": {"hotel_name": "\u8bfa\u76df\u56fd\u9645\u516c\u5bd3(\u5e7f\u5dde\u5929\u5b57\u7801\u5934\u6c5f\u6e7e\u58f9\u53f7\u5e97)", "order_time": ["2019-01-12 03:07:12", "2019-01-12 03:20:56"], "total_order": 2, "hotel_value": ["4.6", "4.6"], "hotel_price": ["306", "306"]}, "2919652": {"hotel_name": "\u5c1a\u7f8e\u9152\u5e97(\u5e7f\u5dde\u5e7f\u4ece\u5e97)", "order_time": ["2019-01-12 03:07:13"], "total_order": 1, "hotel_value": ["4.4"], "hotel_price": ["164"]}, "1505496": {"hotel_name": "\u5e7f\u5dde\u9526\u6d32\u5927\u9152\u5e97", "order_time": ["2019-01-12 03:07:13"], "total_order": 1, "hotel_value": ["3.9"], "hotel_price": ["286"]}, "3685212": {"hotel_name": "\u4e0a\u9038\u8fde\u9501\u9152\u5e97(\u5e7f\u5dde\u6c5f\u5357\u5e02\u573a\u5e97)(\u539f\u4e0a\u82d1\u8fde\u9501\u9152\u5e97\u589e\u69ce\u8def\u5e97)", "order_time": ["2019-01-12 03:07:14"], "total_order": 1, "hotel_value": ["4.5"], "hotel_price": ["159"]}, "6559220": {"hotel_name": "\u5e7f\u5dde\u8212\u99a8\u516c\u5bd3\u82b1\u4e1c\u5e02\u573a\u5e97", "order_time": ["2019-01-12 03:07:20"], "total_order": 1, "hotel_value": ["4.8"], "hotel_price": ["103"]}, "4827391": {"hotel_name": "\u5e7f\u5dde\u767d\u4e91\u5546\u52a1\u9152\u5e97", "order_time": ["2019-01-12 03:07:25"], "total_order": 1, "hotel_value": ["4.0"], "hotel_price": ["125"]}, "1002576": {"hotel_name": "\u5e7f\u5dde\u56db\u5b63\u516c\u5bd3", "order_time": ["2019-01-12 03:07:32"], "total_order": 1, "hotel_value": ["4.0"], "hotel_price": ["98"]}, "471422": {"hotel_name": "\u901f8\u9152\u5e97(\u5e7f\u5dde\u4eba\u548c\u5730\u94c1\u7ad9\u5e97)(\u539f\u5e7f\u5dde\u65b0\u767d\u4e91\u56fd\u9645\u673a\u573a\u5e97\uff09", "order_time": ["2019-01-12 03:08:57"], "total_order": 1, "hotel_value": ["4.5"], "hotel_price": ["168"]}, "8557419": {"hotel_name": "\u5586\u5561\u9152\u5e97(\u5e7f\u5dde\u897f\u5173\u957f\u5bff\u8def\u5730\u94c1\u7ad9\u5e97)", "order_time": ["2019-01-12 03:09:00"], "total_order": 1, "hotel_value": ["4.7"], "hotel_price": ["438"]}, "812007": {"hotel_name": "\u79c1\u4eab\u5bb6\u8fde\u9501\u9152\u5e97\u516c\u5bd3(\u5e7f\u5dde\u5c0f\u86ee\u8170\u73e0\u6c5f\u65b0\u5cb8\u5e97)(\u539f\u5e7f\u5dde\u73e0\u6c5f\u65b0\u5cb8\u5e97)", "order_time": ["2019-01-12 03:09:00"], "total_order": 1, "hotel_value": ["4.2"], "hotel_price": ["286"]}, "6739301": {"hotel_name": "\u7ef4\u4e5f\u7eb3\u9152\u5e97(\u5e7f\u5dde\u5c0f\u5317\u5730\u94c1\u7ad9\u5e97)(\u539f\u5b9d\u6c49\u9152\u5e97)", "order_time": ["2019-01-12 03:09:02"], "total_order": 1, "hotel_value": ["4.8"], "hotel_price": ["259"]}, "1622634": {"hotel_name": "\u5e7f\u5dde\u5bcc\u8bda\u5546\u52a1\u9152\u5e97", "order_time": ["2019-01-12 03:09:11"], "total_order": 1, "hotel_value": ["4.2"], "hotel_price": ["94"]}, "925215": {"hotel_name": "\u5e7f\u5dde\u5317\u95e8\u9152\u5e97", "order_time": ["2019-01-12 03:09:24"], "total_order": 1, "hotel_value": ["4.0"], "hotel_price": ["173"]}, "8647366": {"hotel_name": "\u5e0c\u5cb8\u9152\u5e97(\u5e7f\u5dde\u4f53\u80b2\u897f\u8def\u5730\u94c1\u7ad9\u5e97)", "order_time": ["2019-01-12 03:10:58"], "total_order": 1, "hotel_value": ["4.7"], "hotel_price": ["422"]}, "3120401": {"hotel_name": "\u5e7f\u5dde\u539f\u529b\u9152\u5e97", "order_time": ["2019-01-12 03:11:09", "2019-01-12 03:19:16"], "total_order": 2, "hotel_value": ["4.0", "4.0"], "hotel_price": ["128", "128"]}, "6006667": {"hotel_name": "\u5e7f\u5dde\u6c99\u4e1c\u5929\u4fa8\u65c5\u5e97", "order_time": ["2019-01-12 03:11:22"], "total_order": 1, "hotel_value": ["3.9"], "hotel_price": ["57"]}, "1051689": {"hotel_name": "\u5e7f\u5dde\u767d\u4e91\u5b8f\u5b87\u5bbe\u9986", "order_time": ["2019-01-12 03:11:30"], "total_order": 1, "hotel_value": ["2.6"], "hotel_price": ["83"]}, "23857131": {"hotel_name": "\u5e7f\u5dde\u9ed4\u946b\u4e3b\u9898\u9152\u5e97", "order_time": ["2019-01-12 03:11:40"], "total_order": 1, "hotel_value": [0], "hotel_price": ["93"]}, "1505536": {"hotel_name": "\u5e7f\u5dde\u9038\u5609\u00b7\u5a01\u5c14\u65af\u56fd\u9645\u516c\u5bd3", "order_time": ["2019-01-12 03:12:56"], "total_order": 1, "hotel_value": ["4.4"], "hotel_price": ["278"]}, "690117": {"hotel_name": "\u5e7f\u5dde\u73e0\u6c5f\u65b0\u57ce\u6728\u83b2\u5e84\u9152\u5e97", "order_time": ["2019-01-12 03:13:03"], "total_order": 1, "hotel_value": ["4.5"], "hotel_price": ["356"]}, "849853": {"hotel_name": "\u5586\u5561\u9152\u5e97(\u5e7f\u5dde\u5929\u6cb3\u5317\u5929\u6da6\u8def\u5e97)", "order_time": ["2019-01-12 03:13:06"], "total_order": 1, "hotel_value": ["4.5"], "hotel_price": ["283"]}, "921326": {"hotel_name": "\u5e7f\u5dde\u4eac\u90fd\u8fde\u9501\u9152\u5e97", "order_time": ["2019-01-12 03:13:12"], "total_order": 1, "hotel_value": ["4.2"], "hotel_price": ["103"]}, "6080953": {"hotel_name": "\u5e7f\u5dde\u8377\u5858\u6708\u8272\u7cbe\u54c1\u9152\u5e97\u767e\u4fe1\u5e7f\u573a\u5e97", "order_time": ["2019-01-12 03:13:20"], "total_order": 1, "hotel_value": ["3.6"], "hotel_price": ["168"]}, "8588685": {"hotel_name": "\u6021\u5c0a\u9601\u56fd\u9645\u516c\u5bd3(\u5e7f\u5dde\u7436\u6d32\u4fdd\u5229\u4e16\u8d38\u5e97)", "order_time": ["2019-01-12 03:15:01"], "total_order": 1, "hotel_value": ["4.6"], "hotel_price": ["269"]}, "3640653": {"hotel_name": "\u548c\u9890\u9152\u5e97(\u5e7f\u5dde\u7436\u6d32\u4f1a\u5c55\u4e2d\u5fc3\u5e97)", "order_time": ["2019-01-12 03:15:03"], "total_order": 1, "hotel_value": ["4.5"], "hotel_price": ["236"]}, "397466": {"hotel_name": "\u5e7f\u5dde\u5609\u9e3f\u534e\u7f8e\u8fbe\u5e7f\u573a\u9152\u5e97", "order_time": ["2019-01-12 03:15:04"], "total_order": 1, "hotel_value": ["4.4"], "hotel_price": ["453"]}, "1329767": {"hotel_name": "\u5e7f\u5dde\u4e30\u5b81\u5bbe\u9986", "order_time": ["2019-01-12 03:15:09"], "total_order": 1, "hotel_value": ["4.2"], "hotel_price": ["176"]}, "1199203": {"hotel_name": "\u5e7f\u5dde\u94f6\u5ea7\u5927\u9152\u5e97", "order_time": ["2019-01-12 03:15:09"], "total_order": 1, "hotel_value": ["4.4"], "hotel_price": ["138"]}, "1620196": {"hotel_name": "\u5c71\u6c34\u65f6\u5c1a\u9152\u5e97(\u5e7f\u5dde\u540c\u548c\u5730\u94c1\u7ad9\u5e97)", "order_time": ["2019-01-12 03:15:10", "2019-01-12 03:19:08"], "total_order": 2, "hotel_value": ["4.3", "4.3"], "hotel_price": ["214", "214"]}, "8582519": {"hotel_name": "\u5e7f\u5dde\u83b1\u8335\u822a\u7a7a\u9152\u5e97(\u65b0\u767d\u4e91\u673a\u573a\u5e97)", "order_time": ["2019-01-12 03:15:12"], "total_order": 1, "hotel_value": ["4.7"], "hotel_price": ["108"]}, "1623560": {"hotel_name": "\u80dc\u9f99\u8fde\u9501\u9152\u5e97(\u5e7f\u5dde\u756a\u79ba\u5e7f\u573a\u5730\u94c1\u7ad9\u5e97)", "order_time": ["2019-01-12 03:15:13"], "total_order": 1, "hotel_value": ["4.2"], "hotel_price": ["163"]}, "1695769": {"hotel_name": "\u5e7f\u5dde\u5c1a\u79be\u5370\u8c61\u9152\u5e97", "order_time": ["2019-01-12 03:15:15"], "total_order": 1, "hotel_value": ["3.3"], "hotel_price": ["124"]}, "15886909": {"hotel_name": "\u5e7f\u5dde\u7231\u7f8e\u5bd3\u516c\u5bd3\u9152\u5e97", "order_time": ["2019-01-12 03:15:16"], "total_order": 1, "hotel_value": ["4.7"], "hotel_price": ["198"]}, "6444322": {"hotel_name": "\u9047\u89c1\u4e3b\u9898\u9152\u5e97(\u5e7f\u5dde\u540c\u5fb7\u5e97)", "order_time": ["2019-01-12 03:15:18"], "total_order": 1, "hotel_value": ["4.4"], "hotel_price": ["153"]}, "3734513": {"hotel_name": "\u683c\u6797\u8c6a\u6cf0(\u5e7f\u5dde\u767d\u4e91\u56fd\u9645\u673a\u573a\u534e\u897f\u8def\u5e97)", "order_time": ["2019-01-12 03:17:00"], "total_order": 1, "hotel_value": ["4.5"], "hotel_price": ["166"]}, "7963234": {"hotel_name": "\u7ef4\u4e5f\u7eb3\u56fd\u9645\u9152\u5e97(\u5e7f\u5dde\u540c\u5fb7\u56f4\u5e97)", "order_time": ["2019-01-12 03:17:04"], "total_order": 1, "hotel_value": ["4.9"], "hotel_price": ["286"]}, "374613": {"hotel_name": "\u5e7f\u5dde\u8fbe\u9556\u56fd\u9645\u9152\u5e97", "order_time": ["2019-01-12 03:17:04"], "total_order": 1, "hotel_value": ["4.3"], "hotel_price": ["348"]}, "11210870": {"hotel_name": "ZMAX\u6f6e\u6f2b\u9152\u5e97(\u5e7f\u5dde\u660c\u5c97\u6c5f\u6cf0\u8def\u5730\u94c1\u7ad9\u5e97)", "order_time": ["2019-01-12 03:17:05"], "total_order": 1, "hotel_value": ["4.7"], "hotel_price": ["288"]}, "1599770": {"hotel_name": "\u5e7f\u5dde\u7f8e\u9ad8\u6885\u9152\u5e97", "order_time": ["2019-01-12 03:17:19"], "total_order": 1, "hotel_value": ["4.0"], "hotel_price": ["183"]}, "486068": {"hotel_name": "\u5e7f\u5dde\u9999\u6e7e\u9152\u5e97", "order_time": ["2019-01-12 03:18:56"], "total_order": 1, "hotel_value": ["4.3"], "hotel_price": ["446"]}, "420094": {"hotel_name": "\u5e7f\u5dde\u6c5f\u97f5\u5927\u9152\u5e97", "order_time": ["2019-01-12 03:18:58"], "total_order": 1, "hotel_value": ["4.5"], "hotel_price": ["366"]}, "6290625": {"hotel_name": "\u5409\u6854\u9152\u5e97(\u5e7f\u5dde\u6c5f\u6cf0\u8def\u5730\u94c1\u7ad9\u4e07\u79d1\u91cc\u5e97)", "order_time": ["2019-01-12 03:18:58"], "total_order": 1, "hotel_value": ["4.2"], "hotel_price": ["160"]}, "16128568": {"hotel_name": "\u94c2\u901a\u56fd\u9645\u9152\u5e97(\u5e7f\u5dde\u767d\u4e91\u56fd\u9645\u673a\u573a\u5e97)", "order_time": ["2019-01-12 03:18:59"], "total_order": 1, "hotel_value": ["4.6"], "hotel_price": ["232"]}, "5663175": {"hotel_name": "\u54c8\u68ee\u4e3b\u9898\u516c\u5bd3(\u5e7f\u5dde\u957f\u9686\u77f3\u58c1\u5730\u94c1\u7ad9\u5e97)", "order_time": ["2019-01-12 03:19:01"], "total_order": 1, "hotel_value": ["4.7"], "hotel_price": ["188"]}, "11655427": {"hotel_name": "\u5e7f\u5dde\u51a0\u57ce\u7cbe\u54c1\u9152\u5e97", "order_time": ["2019-01-12 03:19:02"], "total_order": 1, "hotel_value": ["4.1"], "hotel_price": ["141"]}, "346487": {"hotel_name": "\u5e7f\u5dde\u4e07\u5bcc\u5e0c\u5c14\u987f\u9152\u5e97", "order_time": ["2019-01-12 03:19:03"], "total_order": 1, "hotel_value": ["4.6"], "hotel_price": ["850"]}, "392492": {"hotel_name": "\u603b\u7edf\u5927\u9152\u5e97(\u5e7f\u5dde\u5929\u6cb3\u5c97\u9876\u5e97)", "order_time": ["2019-01-12 03:19:03"], "total_order": 1, "hotel_value": ["4.4"], "hotel_price": ["346"]}, "6179783": {"hotel_name": "\u9038\u7c73\u9152\u5e97\u5e7f\u5dde\u4e0a\u4e0b\u4e5d\u957f\u5bff\u8def\u5730\u94c1\u7ad9\u5e97", "order_time": ["2019-01-12 03:19:04"], "total_order": 1, "hotel_value": ["4.5"], "hotel_price": ["122"]}, "1722940": {"hotel_name": "\u5e7f\u5dde\u9752\u84dd\u8393\u4e3b\u9898\u9152\u5e97", "order_time": ["2019-01-12 03:19:05"], "total_order": 1, "hotel_value": ["4.4"], "hotel_price": ["358"]}, "6376986": {"hotel_name": "\u5e7f\u5dde\u670b\u6ee1\u56fd\u9645\u9152\u5e97\u516c\u5bd3(\u5317\u4eac\u8def\u6377\u767b\u90fd\u4f1a\u5206\u5e97)", "order_time": ["2019-01-12 03:19:05"], "total_order": 1, "hotel_value": ["4.5"], "hotel_price": ["1053"]}, "20613817": {"hotel_name": "\u6c49\u5ead\u9152\u5e97(\u5e7f\u5dde\u4e94\u5c71\u5730\u94c1\u7ad9\u5e97)", "order_time": ["2019-01-12 03:19:06"], "total_order": 1, "hotel_value": ["4.6"], "hotel_price": ["294"]}, "21800422": {"hotel_name": "\u5e7f\u5dde\u5357\u96c5\u65f6\u5c1a\u516c\u5bd3", "order_time": ["2019-01-12 03:19:12"], "total_order": 1, "hotel_value": ["4.3"], "hotel_price": ["123"]}, "826261": {"hotel_name": "\u5e7f\u5dde\u5609\u8f69\u5546\u52a1\u9152\u5e97", "order_time": ["2019-01-12 03:19:14"], "total_order": 1, "hotel_value": ["4.8"], "hotel_price": ["90"]}, "6455349": {"hotel_name": "\u5e7f\u5dde\u65b0\u5858\u5e1d\u4e4b\u666f\u9152\u5e97", "order_time": ["2019-01-12 03:19:16"], "total_order": 1, "hotel_value": ["4.6"], "hotel_price": ["118"]}, "1734491": {"hotel_name": "\u5e7f\u5dde\u946b\u6e2f\u9152\u5e97", "order_time": ["2019-01-12 03:19:21"], "total_order": 1, "hotel_value": ["3.8"], "hotel_price": ["142"]}, "24621048": {"hotel_name": "\u7f8e\u9014\u68a6\u4eab\u7a7a\u95f4\u516c\u5bd3(\u5e7f\u5dde\u6c99\u51e4\u5e97)", "order_time": ["2019-01-12 03:23:14", "2019-01-12 03:19:24"], "total_order": 2, "hotel_value": [0, 0], "hotel_price": ["99", "99"]}, "818414": {"hotel_name": "\u5e7f\u5dde\u51a0\u534e\u9152\u5e97", "order_time": ["2019-01-12 03:19:28"], "total_order": 1, "hotel_value": ["4.1"], "hotel_price": ["103"]}, "448689": {"hotel_name": "\u7ef4\u4e5f\u7eb33\u597d\u9152\u5e97(\u5e7f\u5dde\u5e7f\u56ed\u5ba2\u8fd0\u7ad9\u5e97)(\u539f\u5229\u6d0b\u7ecf\u5178\u9152\u5e97)", "order_time": ["2019-01-12 03:20:59"], "total_order": 1, "hotel_value": ["4.8"], "hotel_price": ["263"]}, "1329911": {"hotel_name": "\u5e7f\u5dde\u91d1\u6c47\u5047\u65e5\u9152\u5e97", "order_time": ["2019-01-12 03:21:01"], "total_order": 1, "hotel_value": ["4.6"], "hotel_price": ["167"]}, "17056225": {"hotel_name": "\u5e7f\u5dde\u6674\u9152\u5e97", "order_time": ["2019-01-12 03:21:03"], "total_order": 1, "hotel_value": ["4.5"], "hotel_price": ["380"]}, "4365989": {"hotel_name": "\u5c0a\u9886\u9152\u5e97\u5f0f\u516c\u5bd3(\u5e7f\u5dde\u589e\u57ce\u4e07\u8fbe\u5e7f\u573a\u5e97)", "order_time": ["2019-01-12 03:21:05"], "total_order": 1, "hotel_value": ["4.4"], "hotel_price": ["187"]}, "474182": {"hotel_name": "\u5e7f\u5dde\u6c5f\u5357\u4e00\u5bb6\u9152\u5e97", "order_time": ["2019-01-12 03:21:14"], "total_order": 1, "hotel_value": ["4.0"], "hotel_price": ["124"]}, "5793420": {"hotel_name": "\u5e7f\u5dde\u7231\u6d1b\u601d\u4e3b\u9898\u9152\u5e97", "order_time": ["2019-01-12 03:23:08"], "total_order": 1, "hotel_value": ["4.7"], "hotel_price": ["228"]}, "6482912": {"hotel_name": "\u5fae8\u9152\u5e97(\u5e7f\u5dde\u6c5f\u6cf0\u8def\u5730\u94c1\u7ad9\u5e97)", "order_time": ["2019-01-12 03:23:12"], "total_order": 1, "hotel_value": ["3.8"], "hotel_price": ["118"]}, "981826": {"hotel_name": "\u661f\u548c\u5546\u52a1\u9152\u5e97(\u5e7f\u5dde\u706b\u8f66\u7ad9\u8d8a\u79c0\u516c\u56ed\u6d41\u82b1\u4f1a\u5c55\u4e2d\u5fc3\u5e97)", "order_time": ["2019-01-12 03:25:03"], "total_order": 1, "hotel_value": ["4.4"], "hotel_price": ["186"]}, "1579508": {"hotel_name": "\u6587\u661f\u8fde\u9501\u9152\u5e97(\u5e7f\u5dde\u51bc\u6751\u4e8c\u5e97)", "order_time": ["2019-01-12 03:25:03"], "total_order": 1, "hotel_value": ["4.3"], "hotel_price": ["234"]}, "21905205": {"hotel_name": "\u57ce\u5e02\u4fbf\u6377\u9152\u5e97(\u5e7f\u5dde\u4e1c\u6653\u5357\u5730\u94c1\u7ad9\u5e97)", "order_time": ["2019-01-12 03:25:09"], "total_order": 1, "hotel_value": [0], "hotel_price": ["192"]}, "2847935": {"hotel_name": "\u5e7f\u5dde\u4e07\u76db\u5bbe\u9986", "order_time": ["2019-01-12 03:25:10"], "total_order": 1, "hotel_value": ["3.0"], "hotel_price": ["89"]}, "1257274": {"hotel_name": "\u5e7f\u5dde\u4f18\u54c1\u9152\u5e97", "order_time": ["2019-01-12 03:25:12"], "total_order": 1, "hotel_value": ["4.3"], "hotel_price": ["99"]}, "971691": {"hotel_name": "\u79c1\u4eab\u5bb6\u8fde\u9501\u9152\u5e97\u516c\u5bd3(\u5e7f\u5dde\u5bcc\u529b\u5a01\u5c14\u65af\u5e97)", "order_time": ["2019-01-12 03:25:12"], "total_order": 1, "hotel_value": ["3.2"], "hotel_price": ["218"]}, "1695851": {"hotel_name": "\u5e7f\u5dde\u541b\u7687\u9152\u5e97", "order_time": ["2019-01-12 03:25:15"], "total_order": 1, "hotel_value": ["4.3"], "hotel_price": ["172"]}, "4826216": {"hotel_name": "\u5e7f\u5dde\u5929\u6e90\u5bbe\u9986", "order_time": ["2019-01-12 03:25:16"], "total_order": 1, "hotel_value": ["4.2"], "hotel_price": ["113"]}, "11886136": {"hotel_name": "\u56db\u5b63\u516c\u5bd3(\u5e7f\u5dde\u9526\u6e90\u5e97)", "order_time": ["2019-01-12 03:25:22"], "total_order": 1, "hotel_value": ["4.2"], "hotel_price": ["258"]}, "12489624": {"hotel_name": "\u9e97\u67ab\u9152\u5e97(\u5e7f\u5dde\u5317\u7ad9\u5e97)", "order_time": ["2019-01-12 03:26:58"], "total_order": 1, "hotel_value": ["4.8"], "hotel_price": ["271"]}, "2020091": {"hotel_name": "\u65b9\u6d01\u8fde\u9501\u9152\u5e97(\u5e7f\u5dde\u5929\u6cb3\u57ce\u5e97)", "order_time": ["2019-01-12 03:26:58"], "total_order": 1, "hotel_value": ["4.0"], "hotel_price": ["264"]}, "692072": {"hotel_name": "\u9526\u6c5f\u4e4b\u661f(\u5e7f\u5dde\u4e2d\u5c71\u7eaa\u5ff5\u5802\u5e97)", "order_time": ["2019-01-12 03:27:01"], "total_order": 1, "hotel_value": ["4.6"], "hotel_price": ["267"]}, "1595731": {"hotel_name": "\u79d1\u5c14\u9152\u5e97(\u5e7f\u5dde\u6c5f\u5357\u897f\u5e97)", "order_time": ["2019-01-12 03:27:03"], "total_order": 1, "hotel_value": ["4.2"], "hotel_price": ["260"]}, "5217883": {"hotel_name": "\u5e7f\u5dde\u534e\u99a8\u9152\u5e97", "order_time": ["2019-01-12 03:27:06"], "total_order": 1, "hotel_value": ["4.2"], "hotel_price": ["88"]}, "2077628": {"hotel_name": "\u6587\u661f\u8fde\u9501\u9152\u5e97(\u5e7f\u5dde\u4f1a\u5c55\u4e2d\u5fc3\u8d64\u5c97\u5e97)", "order_time": ["2019-01-12 03:27:09"], "total_order": 1, "hotel_value": ["4.3"], "hotel_price": ["204"]}, "3109898": {"hotel_name": "\u5e7f\u5dde\u62fe\u946b\u9152\u5e97", "order_time": ["2019-01-12 03:27:12"], "total_order": 1, "hotel_value": ["4.5"], "hotel_price": ["167"]}, "858678": {"hotel_name": "\u5e7f\u5dde\u541b\u6da6\u9152\u5e97", "order_time": ["2019-01-12 03:27:20"], "total_order": 1, "hotel_value": ["4.4"], "hotel_price": ["124"]}, "2032025": {"hotel_name": "\u5c71\u6c34\u65f6\u5c1a\u9152\u5e97(\u5e7f\u5dde\u73e0\u6751\u5e97)", "order_time": ["2019-01-12 03:27:59"], "total_order": 1, "hotel_value": ["4.5"], "hotel_price": ["249"]}, "2304525": {"hotel_name": "7\u5929\u8fde\u9501\u9152\u5e97(\u5e7f\u5dde\u5e7f\u56ed\u5ba2\u8fd0\u7ad9\u4e8c\u5e97)", "order_time": ["2019-01-12 03:29:07"], "total_order": 1, "hotel_value": ["4.5"], "hotel_price": ["167"]}, "4825965": {"hotel_name": "\u5e7f\u5dde\u51ef\u987a\u7cbe\u54c1\u9152\u5e97(\u539f\u4f73\u6b23\u9152\u5e97)", "order_time": ["2019-01-12 03:29:07"], "total_order": 1, "hotel_value": ["4.1"], "hotel_price": ["168"]}, "17906307": {"hotel_name": "\u5e7f\u5dde\u8776\u8774\u516c\u5bd3", "order_time": ["2019-01-12 03:29:09"], "total_order": 1, "hotel_value": ["4.4"], "hotel_price": ["208"]}, "457596": {"hotel_name": "\u5e7f\u5dde\u592a\u9633\u57ce\u5927\u9152\u5e97", "order_time": ["2019-01-12 03:29:10"], "total_order": 1, "hotel_value": ["4.3"], "hotel_price": ["229"]}, "6207972": {"hotel_name": "\u5e7f\u5dde\u6da6\u666f\u56ed\u9152\u5e97\u51e4\u51f0\u65b0\u6751\u5e97", "order_time": ["2019-01-12 03:29:16"], "total_order": 1, "hotel_value": ["3.3"], "hotel_price": ["144"]}, "17465956": {"hotel_name": "\u5e7f\u5dde\u68a6\u7396\u9152\u5e97\u6c47\u4fa8\u5e97", "order_time": ["2019-01-12 03:29:17"], "total_order": 1, "hotel_value": ["3.9"], "hotel_price": ["149"]}}}