{"\u5f00\u59cb\u8bb0\u5f55\u65f6\u95f4": "2019-01-20 05:48:04", "\u7ed3\u675f\u8bb0\u5f55\u65f6\u95f4": "2019-01-20 06:48:04", "\u8ba2\u5355\u603b\u589e\u91cf": 96, "item": {"24011220": {"hotel_name": "\u73e0\u5149\u661f\u5fa1\u56fd\u9645\u516c\u5bd3(\u5e7f\u5dde\u73e0\u6c5f\u65b0\u57ce\u5e97)", "order_time": ["2019-01-20 05:50:22"], "total_order": 1, "hotel_value": ["4.6"], "hotel_price": ["475"]}, "344853": {"hotel_name": "\u5e7f\u5dde\u5bcc\u529b\u541b\u60a6\u5927\u9152\u5e97", "order_time": ["2019-01-20 05:50:36"], "total_order": 1, "hotel_value": ["4.5"], "hotel_price": ["1162"]}, "5732548": {"hotel_name": "\u94a7\u73ba\u4e3b\u9898\u516c\u5bd3(\u5e7f\u5dde\u6c49\u6eaa\u957f\u9686\u5730\u94c1\u7ad9\u5e97)", "order_time": ["2019-01-20 05:52:24"], "total_order": 1, "hotel_value": ["4.4"], "hotel_price": ["238"]}, "1733882": {"hotel_name": "\u6587\u661f\u8fde\u9501\u9152\u5e97\u5e7f\u5dde\u534e\u666f\u65b0\u57ce\u5e97", "order_time": ["2019-01-20 05:52:29"], "total_order": 1, "hotel_value": ["4.3"], "hotel_price": ["119"]}, "6083351": {"hotel_name": "\u5e7f\u5dde\u6c90\u67ab\u7cbe\u54c1\u9152\u5e97", "order_time": ["2019-01-20 05:54:30"], "total_order": 1, "hotel_value": ["4.0"], "hotel_price": ["277"]}, "1505040": {"hotel_name": "\u5e7f\u5dde\u9038\u5ead\u516c\u5bd3", "order_time": ["2019-01-20 06:30:45", "2019-01-20 06:38:41", "2019-01-20 06:46:29", "2019-01-20 05:54:47", "2019-01-20 06:16:46"], "total_order": 5, "hotel_value": ["4.6", "4.6", "4.6", "4.6", "4.6"], "hotel_price": ["127", "127", "127", "127", "127"]}, "969523": {"hotel_name": "\u6c49\u5ead\u9152\u5e97(\u5e7f\u5dde\u5929\u6cb3\u5e97)", "order_time": ["2019-01-20 05:56:28"], "total_order": 1, "hotel_value": ["4.3"], "hotel_price": ["313"]}, "6449516": {"hotel_name": "\u5e7f\u5dde\u767d\u4e91\u673a\u573a\u822a\u6e7e\u6fb3\u65af\u7279\u7cbe\u9009\u9152\u5e97", "order_time": ["2019-01-20 05:56:31"], "total_order": 1, "hotel_value": ["4.7"], "hotel_price": ["447"]}, "5249758": {"hotel_name": "\u5e7f\u5dde\u5e7f\u5229\u5bbe\u9986\u6d77\u73e0\u5e7f\u573a\u5e97", "order_time": ["2019-01-20 05:56:44"], "total_order": 1, "hotel_value": ["4.0"], "hotel_price": ["128"]}, "8546406": {"hotel_name": "\u7cbe\u9014\u9152\u5e97\u5e7f\u5dde\u5e7f\u56ed\u5174\u53d1\u5e7f\u573a\u5e97", "order_time": ["2019-01-20 05:58:26"], "total_order": 1, "hotel_value": ["4.4"], "hotel_price": ["116"]}, "18048360": {"hotel_name": "\u9e97\u67ab\u9152\u5e97(\u5e7f\u5dde\u5609\u79be\u671b\u5c97\u5730\u94c1\u7ad9\u5cad\u5357\u65b0\u4e16\u754c\u5e97)", "order_time": ["2019-01-20 06:00:28"], "total_order": 1, "hotel_value": ["4.8"], "hotel_price": ["238"]}, "428547": {"hotel_name": "\u5e7f\u5dde\u6587\u534e\u4e1c\u65b9\u9152\u5e97", "order_time": ["2019-01-20 06:02:25"], "total_order": 1, "hotel_value": ["4.8"], "hotel_price": ["1510"]}, "27724499": {"hotel_name": "\u5e7f\u5dde\u5c14\u6cf0\u5feb\u6377\u516c\u5bd3", "order_time": ["2019-01-20 06:02:26"], "total_order": 1, "hotel_value": ["4.8"], "hotel_price": ["180"]}, "6504355": {"hotel_name": "\u67cf\u66fc\u9152\u5e97(\u5e7f\u5dde\u767d\u4e91\u673a\u573a\u5e97)(\u539f\u4eba\u548c\u5730\u94c1\u7ad9\u5e97)", "order_time": ["2019-01-20 06:02:27"], "total_order": 1, "hotel_value": ["4.6"], "hotel_price": ["158"]}, "2946017": {"hotel_name": "\u5e7f\u5dde\u5a01\u73c0\u65af\u9152\u5e97", "order_time": ["2019-01-20 06:16:26", "2019-01-20 06:04:34"], "total_order": 2, "hotel_value": ["4.5", "4.5"], "hotel_price": ["667", "667"]}, "19930150": {"hotel_name": "\u5e7f\u5dde\u5c1a\u8bda\u7cbe\u54c1\u9152\u5e97", "order_time": ["2019-01-20 06:04:42"], "total_order": 1, "hotel_value": ["4.4"], "hotel_price": ["156"]}, "8557542": {"hotel_name": "\u9014\u5bd3\u7cbe\u9009\u516c\u5bd3(\u5e7f\u5dde\u5317\u4eac\u8def\u8d8a\u79c0\u65f6\u5149\u5e97)(\u539f\u56e2\u4e00\u5927\u5730\u94c1\u7ad9\u5e97)", "order_time": ["2019-01-20 06:06:25"], "total_order": 1, "hotel_value": ["4.5"], "hotel_price": ["231"]}, "6376986": {"hotel_name": "\u5e7f\u5dde\u670b\u6ee1\u56fd\u9645\u9152\u5e97\u516c\u5bd3(\u5317\u4eac\u8def\u6377\u767b\u90fd\u4f1a\u5206\u5e97)", "order_time": ["2019-01-20 06:06:31"], "total_order": 1, "hotel_value": ["4.5"], "hotel_price": ["1063"]}, "1248330": {"hotel_name": "7\u5929\u8fde\u9501\u9152\u5e97(\u5e7f\u5dde\u767d\u4e91\u56fd\u9645\u673a\u573a\u4e8c\u5e97)", "order_time": ["2019-01-20 06:08:31"], "total_order": 1, "hotel_value": ["4.6"], "hotel_price": ["139"]}, "8680857": {"hotel_name": "\u5e7f\u5dde\u7c73\u8c46\u9152\u5e97\u516c\u5bd3", "order_time": ["2019-01-20 06:08:32"], "total_order": 1, "hotel_value": ["4.7"], "hotel_price": ["95"]}, "23814605": {"hotel_name": "\u5e7f\u5dde\u82b1\u57ce\u9752\u5e74\u65c5\u820d", "order_time": ["2019-01-20 06:09:03"], "total_order": 1, "hotel_value": ["4.7"], "hotel_price": ["19"]}, "21133978": {"hotel_name": "\u5170\u65af\u4e3b\u9898\u9152\u5e97(\u5e7f\u5dde\u65b0\u767d\u4e91\u56fd\u9645\u673a\u573a\u5e97)", "order_time": ["2019-01-20 06:35:27", "2019-01-20 06:10:22"], "total_order": 2, "hotel_value": ["4.8", "4.8"], "hotel_price": ["189", "223"]}, "7530310": {"hotel_name": "\u5e7f\u5dde\u5eb7\u83b1\u5fb7\u9152\u5e97", "order_time": ["2019-01-20 06:30:30", "2019-01-20 06:10:25"], "total_order": 2, "hotel_value": ["4.5", "4.5"], "hotel_price": ["1316", "1316"]}, "1233759": {"hotel_name": "\u5e7f\u5dde\u9e3f\u5fb7\u56fd\u9645\u9152\u5e97", "order_time": ["2019-01-20 06:10:31", "2019-01-20 06:16:33"], "total_order": 2, "hotel_value": ["4.6", "4.6"], "hotel_price": ["670", "670"]}, "454622": {"hotel_name": "\u5e7f\u5dde\u5609\u9038\u7687\u51a0\u9152\u5e97", "order_time": ["2019-01-20 06:10:31"], "total_order": 1, "hotel_value": ["4.5"], "hotel_price": ["367"]}, "14094817": {"hotel_name": "\u5e7f\u5dde\u559c\u76c8\u670d\u52a1\u516c\u5bd3(\u5317\u4eac\u8def\u9526\u6e90\u5e97)", "order_time": ["2019-01-20 06:10:39"], "total_order": 1, "hotel_value": ["4.2"], "hotel_price": ["197"]}, "7517888": {"hotel_name": "\u6e2f\u5bd3\u56fd\u9645\u9152\u5e97\u516c\u5bd3(\u5e7f\u5dde\u5929\u6cb3\u5317\u706b\u8f66\u4e1c\u7ad9\u5e97)", "order_time": ["2019-01-20 06:12:32"], "total_order": 1, "hotel_value": ["4.6"], "hotel_price": ["278"]}, "2559551": {"hotel_name": "\u5e7f\u5dde\u5947\u5723\u516c\u5bd3", "order_time": ["2019-01-20 06:12:33"], "total_order": 1, "hotel_value": ["4.2"], "hotel_price": ["146"]}, "20613817": {"hotel_name": "\u6c49\u5ead\u9152\u5e97(\u5e7f\u5dde\u4e94\u5c71\u5730\u94c1\u7ad9\u5e97)", "order_time": ["2019-01-20 06:12:34"], "total_order": 1, "hotel_value": ["4.6"], "hotel_price": ["275"]}, "9665257": {"hotel_name": "\u514b\u6d1b\u7ef4\u56fd\u9645\u516c\u5bd3\u9152\u5e97(\u5e7f\u5dde\u5bcc\u529b\u4e1c\u5c71\u65b0\u5929\u5730\u5e97)", "order_time": ["2019-01-20 06:12:34"], "total_order": 1, "hotel_value": ["4.1"], "hotel_price": ["340"]}, "2298298": {"hotel_name": "\u5e7f\u5dde\u91d1\u9e70\u9152\u5e97", "order_time": ["2019-01-20 06:12:34"], "total_order": 1, "hotel_value": ["4.2"], "hotel_price": ["248"]}, "801471": {"hotel_name": "\u5e7f\u5dde\u9f99\u6cc9\u5927\u9152\u5e97", "order_time": ["2019-01-20 06:12:50"], "total_order": 1, "hotel_value": ["4.3"], "hotel_price": ["228"]}, "17853749": {"hotel_name": "Q\u52a0\u00b7\u7ca4\u822a\u5927\u9152\u5e97(\u5e7f\u5dde\u767d\u4e91\u56fd\u9645\u673a\u573a\u5e97)", "order_time": ["2019-01-20 06:14:26"], "total_order": 1, "hotel_value": ["4.7"], "hotel_price": ["266"]}, "6433024": {"hotel_name": "\u5bd3\u7c73\u516c\u5bd3(\u5e7f\u5dde\u73e0\u6c5f\u65b0\u57ce\u6c47\u5cf0\u516c\u5bd3\u5e97)", "order_time": ["2019-01-20 06:14:28"], "total_order": 1, "hotel_value": ["4.2"], "hotel_price": ["298"]}, "9766773": {"hotel_name": "\u5e7f\u5dde\u767e\u987a\u9152\u5e97\u5f0f\u7cbe\u54c1\u516c\u5bd3\u706b\u8f66\u7ad9\u5e97", "order_time": ["2019-01-20 06:14:34"], "total_order": 1, "hotel_value": ["4.1"], "hotel_price": ["178"]}, "818769": {"hotel_name": "7\u5929\u8fde\u9501\u9152\u5e97(\u5e7f\u5dde\u5929\u6cb3\u71d5\u5858\u5730\u94c1\u7ad9\u7ca4\u57a6\u8def\u5e97)", "order_time": ["2019-01-20 06:14:45"], "total_order": 1, "hotel_value": ["4.4"], "hotel_price": ["159"]}, "1786899": {"hotel_name": "\u5e7f\u5dde123\u5546\u52a1\u516c\u5bd3", "order_time": ["2019-01-20 06:14:46"], "total_order": 1, "hotel_value": ["3.9"], "hotel_price": ["88"]}, "21011298": {"hotel_name": "\u5e7f\u5dde\u4e91\u7a9d\u7a9d\u4f11\u95f2\u670d\u52a1\u4e2d\u5fc3", "order_time": ["2019-01-20 06:16:25"], "total_order": 1, "hotel_value": ["4.6"], "hotel_price": ["239"]}, "1069768": {"hotel_name": "\u5e7f\u5dde\u66fc\u56fd\u5927\u9152\u5e97", "order_time": ["2019-01-20 06:16:34"], "total_order": 1, "hotel_value": ["4.5"], "hotel_price": ["400"]}, "20615397": {"hotel_name": "\u5e7f\u5dde7577\u9152\u5e97(\u5b66\u9662\u5e97)", "order_time": ["2019-01-20 06:16:41"], "total_order": 1, "hotel_value": ["4.4"], "hotel_price": ["193"]}, "18025389": {"hotel_name": "\u5e7f\u5dde\u964c\u4e34\u9601\u9752\u65c5", "order_time": ["2019-01-20 06:16:52"], "total_order": 1, "hotel_value": ["4.8"], "hotel_price": ["79"]}, "397501": {"hotel_name": "\u5e7f\u5dde\u767d\u4e91\u5bbe\u9986", "order_time": ["2019-01-20 06:18:27"], "total_order": 1, "hotel_value": ["4.6"], "hotel_price": ["512"]}, "801396": {"hotel_name": "\u67cf\u66fc\u9152\u5e97(\u5e7f\u5dde\u68e0\u4e0b\u7436\u6d32\u4f1a\u5c55\u5e97)(\u539f\u4f1a\u5c55\u4e2d\u5fc3\u5e97)", "order_time": ["2019-01-20 06:18:31"], "total_order": 1, "hotel_value": ["4.6"], "hotel_price": ["268"]}, "3666264": {"hotel_name": "\u5e7f\u5dde\u94c2\u777f2359\u516c\u5bd3", "order_time": ["2019-01-20 06:20:22"], "total_order": 1, "hotel_value": ["4.1"], "hotel_price": ["135"]}, "6870137": {"hotel_name": "\u5e7f\u5dde\u5c0f\u5c4b\u9152\u5e97\u4e00\u5fb7\u8def\u5730\u94c1\u7ad9\u5e97", "order_time": ["2019-01-20 06:20:25"], "total_order": 1, "hotel_value": ["4.2"], "hotel_price": ["113"]}, "776873": {"hotel_name": "\u5e7f\u5dde\u534e\u5357\u7406\u5de5\u5927\u5b66\u897f\u6e56\u82d1\u5bbe\u9986", "order_time": ["2019-01-20 06:20:25"], "total_order": 1, "hotel_value": ["4.3"], "hotel_price": ["199"]}, "6550484": {"hotel_name": "\u5e7f\u5dde\u58f9\u5fc3\u5546\u52a1\u9152\u5e97\u4e09\u5143\u91cc\u5927\u9053\u4e2d\u5e97", "order_time": ["2019-01-20 06:20:47"], "total_order": 1, "hotel_value": ["4.2"], "hotel_price": ["128"]}, "457345": {"hotel_name": "\u5e7f\u5dde\u957f\u57ce\u9152\u5e97", "order_time": ["2019-01-20 06:22:22"], "total_order": 1, "hotel_value": ["4.4"], "hotel_price": ["309"]}, "1058300": {"hotel_name": "\u65b9\u6d01\u597d\u6765\u90fd\u9152\u5e97(\u5e7f\u5dde\u706b\u8f66\u7ad9\u5e97)", "order_time": ["2019-01-20 06:22:24"], "total_order": 1, "hotel_value": ["4.3"], "hotel_price": ["138"]}, "2382175": {"hotel_name": "\u5e7f\u5dde\u767d\u5929\u9e45\u5bbe\u9986", "order_time": ["2019-01-20 06:22:28"], "total_order": 1, "hotel_value": ["4.8"], "hotel_price": ["1049"]}, "387084": {"hotel_name": "\u5e7f\u5dde\u5609\u798f\u56fd\u9645\u5927\u9152\u5e97", "order_time": ["2019-01-20 06:22:30"], "total_order": 1, "hotel_value": ["3.7"], "hotel_price": ["256"]}, "4306895": {"hotel_name": "\u83b1\u601d\u7279\u9152\u5e97\u516c\u5bd3(\u5e7f\u5dde\u4e07\u80dc\u56f4\u5730\u94c1\u7ad9\u5e97)", "order_time": ["2019-01-20 06:24:27"], "total_order": 1, "hotel_value": ["4.5"], "hotel_price": ["134"]}, "21621722": {"hotel_name": "\u5e7f\u5dde\u54c1\u60a6\u7cbe\u54c1\u9152\u5e97", "order_time": ["2019-01-20 06:24:30"], "total_order": 1, "hotel_value": ["4.2"], "hotel_price": ["103"]}, "1696699": {"hotel_name": "7\u5929\u8fde\u9501\u9152\u5e97(\u5e7f\u5dde\u51e4\u51f0\u65b0\u6751\u5730\u94c1\u7ad9\u5e97)", "order_time": ["2019-01-20 06:24:34"], "total_order": 1, "hotel_value": ["4.2"], "hotel_price": ["124"]}, "2999972": {"hotel_name": "\u5e7f\u5dde\u83b1\u601d\u987f\u9152\u5e97(\u539fA\u7cbe\u54c1\u9152\u5e97)", "order_time": ["2019-01-20 06:24:46"], "total_order": 1, "hotel_value": ["4.0"], "hotel_price": ["83"]}, "6722235": {"hotel_name": "\u5e7f\u5dde\u7a57\u548c\u745e\u65af\u4e3d\u9152\u5e97\u516c\u5bd3", "order_time": ["2019-01-20 06:26:25"], "total_order": 1, "hotel_value": ["4.3"], "hotel_price": ["398"]}, "6264788": {"hotel_name": "\u9e97\u67ab\u9152\u5e97(\u5e7f\u5dde\u9648\u5bb6\u7960\u5730\u94c1\u7ad9\u5e97)", "order_time": ["2019-01-20 06:26:29"], "total_order": 1, "hotel_value": ["4.7"], "hotel_price": ["303"]}, "435318": {"hotel_name": "\u5e7f\u5dde\u9e23\u8679\u9152\u5e97", "order_time": ["2019-01-20 06:26:30"], "total_order": 1, "hotel_value": ["4.0"], "hotel_price": ["332"]}, "2301777": {"hotel_name": "7\u5929\u4f18\u54c1\u9152\u5e97(\u5e7f\u5dde\u756a\u79ba\u6c49\u6eaa\u52a8\u7269\u56ed\u5927\u77f3\u5730\u94c1\u7ad9\u5e97)", "order_time": ["2019-01-20 06:26:32"], "total_order": 1, "hotel_value": ["4.5"], "hotel_price": ["117"]}, "3659836": {"hotel_name": "\u9f99\u4f1a\u9152\u5e97(\u5e7f\u5dde\u5929\u6e90\u5e97)", "order_time": ["2019-01-20 06:26:33"], "total_order": 1, "hotel_value": ["4.1"], "hotel_price": ["268"]}, "8557102": {"hotel_name": "\u5e7f\u5dde\u9e3f\u548c\u5546\u52a1\u9152\u5e97", "order_time": ["2019-01-20 06:26:41"], "total_order": 1, "hotel_value": ["4.0"], "hotel_price": ["138"]}, "853822": {"hotel_name": "\u5c71\u6c34\u65f6\u5c1a\u9152\u5e97(\u5e7f\u5dde\u706b\u8f66\u4e1c\u7ad9\u5e97)", "order_time": ["2019-01-20 06:28:27"], "total_order": 1, "hotel_value": ["4.5"], "hotel_price": ["367"]}, "647570": {"hotel_name": "\u8fce\u5546\u9152\u5e97(\u5e7f\u5dde\u5317\u4eac\u8def\u5e97)(\u539f\u8fce\u5546\u00b7\u96c5\u5170\u9152\u5e97)", "order_time": ["2019-01-20 06:34:24", "2019-01-20 06:28:29"], "total_order": 2, "hotel_value": ["4.5", "4.5"], "hotel_price": ["272", "272"]}, "5806176": {"hotel_name": "\u5e7f\u5dde\u4e3d\u6e90\u9152\u5e97\u5929\u6cb3\u5c97\u9876\u5730\u94c1\u7ad9\u5e97", "order_time": ["2019-01-20 06:28:44"], "total_order": 1, "hotel_value": ["3.5"], "hotel_price": ["139"]}, "1777140": {"hotel_name": "\u5e7f\u5dde\u81f3\u5c0a\u5bbe\u9986", "order_time": ["2019-01-20 06:30:35"], "total_order": 1, "hotel_value": ["4.1"], "hotel_price": ["118"]}, "4827240": {"hotel_name": "\u5e7f\u5dde\u7f8e\u591c\u5609\u8c6a\u9152\u5e97", "order_time": ["2019-01-20 06:30:39"], "total_order": 1, "hotel_value": ["3.7"], "hotel_price": ["112"]}, "19451415": {"hotel_name": "\u5c1a\u5ba2\u4f18\u7cbe\u9009\u9152\u5e97(\u5e7f\u5dde\u5357\u6c99\u6ee8\u6d77\u534a\u5c9b\u5e97)", "order_time": ["2019-01-20 06:30:41"], "total_order": 1, "hotel_value": ["4.7"], "hotel_price": ["127"]}, "1209989": {"hotel_name": "\u5e7f\u5dde\u5b89\u8fbe\u66fc\u94c2\u5cb8\u9152\u5e97", "order_time": ["2019-01-20 06:32:29"], "total_order": 1, "hotel_value": ["4.3"], "hotel_price": ["182"]}, "431298": {"hotel_name": "\u67cf\u9ad8\u9152\u5e97(\u5e7f\u5dde\u592a\u53e4\u6c47\u77f3\u724c\u6865\u5730\u94c1\u7ad9\u5e97)", "order_time": ["2019-01-20 06:32:30"], "total_order": 1, "hotel_value": ["4.3"], "hotel_price": ["318"]}, "818479": {"hotel_name": "\u5e7f\u5dde\u6c5f\u6d9b\u9152\u5e97", "order_time": ["2019-01-20 06:32:38"], "total_order": 1, "hotel_value": ["4.6"], "hotel_price": ["148"]}, "8196771": {"hotel_name": "\u5e7f\u5dde\u7ea2\u5f71\u4e3b\u9898\u516c\u5bd3", "order_time": ["2019-01-20 06:34:29"], "total_order": 1, "hotel_value": ["4.9"], "hotel_price": ["229"]}, "2857949": {"hotel_name": "\u5e7f\u5dde\u4f73\u7f8e\u9152\u5e97", "order_time": ["2019-01-20 06:34:33"], "total_order": 1, "hotel_value": ["4.4"], "hotel_price": ["151"]}, "3109898": {"hotel_name": "\u5e7f\u5dde\u62fe\u946b\u9152\u5e97", "order_time": ["2019-01-20 06:34:36", "2019-01-20 06:36:50"], "total_order": 2, "hotel_value": ["4.4", "4.4"], "hotel_price": ["163", "163"]}, "2300926": {"hotel_name": "\u534e\u7f8a\u9152\u5e97(\u5e7f\u5dde\u6613\u53d1\u6b65\u884c\u8857\u5e97)", "order_time": ["2019-01-20 06:34:43"], "total_order": 1, "hotel_value": ["4.5"], "hotel_price": ["94"]}, "1522116": {"hotel_name": "\u5982\u5bb6\u5546\u65c5\u9152\u5e97(\u73e0\u6c5f\u65b0\u57ce\u5e7f\u5dde\u5927\u9053\u4e94\u7f8a\u90a8\u5730\u94c1\u7ad9\u5e97)", "order_time": ["2019-01-20 06:38:25"], "total_order": 1, "hotel_value": ["4.5"], "hotel_price": ["399"]}, "1579508": {"hotel_name": "\u6587\u661f\u8fde\u9501\u9152\u5e97(\u5e7f\u5dde\u51bc\u6751\u4e8c\u5e97)", "order_time": ["2019-01-20 06:38:29"], "total_order": 1, "hotel_value": ["4.4"], "hotel_price": ["249"]}, "18450051": {"hotel_name": "\u5c0f\u60c5\u8c03\u9752\u5e74\u65c5\u820d(\u5e7f\u5dde\u7f8e\u9886\u4e8b\u9986\u5e97)", "order_time": ["2019-01-20 06:38:47"], "total_order": 1, "hotel_value": ["4.0"], "hotel_price": ["80"]}, "1057647": {"hotel_name": "\u9e97\u67ab\u9152\u5e97(\u5e7f\u5dde\u5929\u6cb3\u6b63\u4f73\u5e7f\u573a\u5e97)", "order_time": ["2019-01-20 06:40:31"], "total_order": 1, "hotel_value": ["4.6"], "hotel_price": ["318"]}, "1442273": {"hotel_name": "99\u65c5\u9986\u8fde\u9501(\u5e7f\u5dde\u673a\u573a\u8def\u5e97)", "order_time": ["2019-01-20 06:40:52"], "total_order": 1, "hotel_value": ["3.6"], "hotel_price": ["80"]}, "471426": {"hotel_name": "\u9e97\u67ab\u9152\u5e97(\u5e7f\u5dde\u5ba2\u6751\u5730\u94c1\u7ad9\u7436\u6d32\u4f1a\u5c55\u4e2d\u5fc3\u5e97)", "order_time": ["2019-01-20 06:42:22"], "total_order": 1, "hotel_value": ["4.7"], "hotel_price": ["270"]}, "3796623": {"hotel_name": "\u9e97\u67ab\u9152\u5e97(\u5e7f\u5dde\u767d\u4e91\u56fd\u9645\u673a\u573a\u5e97)", "order_time": ["2019-01-20 06:42:25"], "total_order": 1, "hotel_value": ["4.7"], "hotel_price": ["276"]}, "17890413": {"hotel_name": "\u603b\u7edf\u5927\u9152\u5e97(\u5e7f\u5dde\u6c49\u6eaa\u957f\u9686\u5730\u94c1\u7ad9\u5e97)", "order_time": ["2019-01-20 06:42:26"], "total_order": 1, "hotel_value": ["4.6"], "hotel_price": ["790"]}, "14221773": {"hotel_name": "\u67cf\u9ad8\u00b7\u9882\u9152\u5e97(\u5e7f\u5dde\u73af\u5e02\u4e1c\u8def\u5e97)", "order_time": ["2019-01-20 06:44:28"], "total_order": 1, "hotel_value": ["4.7"], "hotel_price": ["398"]}, "1722940": {"hotel_name": "\u5e7f\u5dde\u9752\u84dd\u8393\u4e3b\u9898\u9152\u5e97", "order_time": ["2019-01-20 06:44:30"], "total_order": 1, "hotel_value": ["4.4"], "hotel_price": ["249"]}, "1731395": {"hotel_name": "\u5e7f\u5dde\u4e3d\u6f2b\u9152\u5e97", "order_time": ["2019-01-20 06:44:37"], "total_order": 1, "hotel_value": ["4.6"], "hotel_price": ["188"]}, "8606710": {"hotel_name": "\u4f18\u5bd3\u4e92\u8054\u7f51\u516c\u5bd3(\u5e7f\u5dde\u5929\u6cb3\u667a\u6167\u57ce\u534e\u89c2\u8def\u5e97)", "order_time": ["2019-01-20 06:46:20"], "total_order": 1, "hotel_value": ["4.2"], "hotel_price": ["89"]}}}