{"\u5f00\u59cb\u8bb0\u5f55\u65f6\u95f4": "2019-01-05 02:00:11", "\u7ed3\u675f\u8bb0\u5f55\u65f6\u95f4": "2019-01-05 03:00:11", "\u8ba2\u5355\u603b\u589e\u91cf": 378, "item": {"17081001": {"hotel_name": "\u5e7f\u5dde\u4e07\u9686\u56fd\u9645\u516c\u5bd3", "order_time": ["2019-01-05 02:02:22"], "total_order": 1, "hotel_value": ["4.7"], "hotel_price": ["214"]}, "1526389": {"hotel_name": "\u559c\u8fd0\u670d\u52a1\u516c\u5bd3(\u5e7f\u5dde\u73e0\u6c5f\u65b0\u57ce\u4fdd\u5229\u4e2d\u8fbe\u5e7f\u573a\u5e97)", "order_time": ["2019-01-05 02:02:22"], "total_order": 1, "hotel_value": ["4.5"], "hotel_price": ["582"]}, "5615827": {"hotel_name": "\u827e\u8587\u516c\u5bd3\uff08\u5e7f\u5dde\u6c49\u6eaa\u957f\u9686\u5730\u94c1\u53e3\u5e97\uff09", "order_time": ["2019-01-05 02:02:22"], "total_order": 1, "hotel_value": ["4.5"], "hotel_price": ["247"]}, "8445633": {"hotel_name": "\u62c9\u7f8e\u56fd\u9645\u516c\u5bd3(\u5e7f\u5dde\u529b\u8fbe\u5e7f\u573a\u5e97)", "order_time": ["2019-01-05 02:02:22"], "total_order": 1, "hotel_value": ["4.7"], "hotel_price": ["288"]}, "345010": {"hotel_name": "\u5e7f\u5dde\u56db\u5b63\u9152\u5e97", "order_time": ["2019-01-05 02:54:22", "2019-01-05 02:02:23", "2019-01-05 02:40:23"], "total_order": 3, "hotel_value": ["4.8", "4.8", "4.8"], "hotel_price": ["2157", "2157", "2157"]}, "3742724": {"hotel_name": "\u5e7f\u5dde\u67cf\u60a6\u9152\u5e97", "order_time": ["2019-01-05 02:02:23"], "total_order": 1, "hotel_value": ["4.8"], "hotel_price": ["1576"]}, "1763747": {"hotel_name": "\u7ef4\u4e5f\u7eb3\u667a\u597d\u9152\u5e97(\u5e7f\u5dde\u5929\u6cb3\u71d5\u5cad\u8def\u5e97)", "order_time": ["2019-01-05 02:02:23"], "total_order": 1, "hotel_value": ["4.8"], "hotel_price": ["309"]}, "969525": {"hotel_name": "\u6c49\u5ead\u9152\u5e97(\u5e7f\u5dde\u5c97\u9876\u897f\u5e97)", "order_time": ["2019-01-05 02:02:24"], "total_order": 1, "hotel_value": ["4.5"], "hotel_price": ["245"]}, "6465075": {"hotel_name": "\u5e7f\u5dde\u53cc\u82f9\u679c\u9152\u5e97\u5f0f\u516c\u5bd3", "order_time": ["2019-01-05 02:02:25"], "total_order": 1, "hotel_value": ["4.2"], "hotel_price": ["98"]}, "447416": {"hotel_name": "\u5e7f\u5dde\u534e\u5e08\u5927\u53a6", "order_time": ["2019-01-05 02:04:21"], "total_order": 1, "hotel_value": ["4.5"], "hotel_price": ["376"]}, "11053121": {"hotel_name": "\u7ef4\u798f\u987f\u516c\u5bd3(\u5e7f\u5dde\u6c49\u6eaa\u957f\u9686\u5730\u94c1\u7ad9\u62db\u5546\u4e3b\u573a\u5e97)", "order_time": ["2019-01-05 02:04:22"], "total_order": 1, "hotel_value": ["4.7"], "hotel_price": ["191"]}, "1098109": {"hotel_name": "\u5e7f\u5dde\u77f3\u724c\u9152\u5e97", "order_time": ["2019-01-05 02:04:22", "2019-01-05 02:30:31", "2019-01-05 02:38:21"], "total_order": 3, "hotel_value": ["4.4", "4.4", "4.4"], "hotel_price": ["289", "289", "289"]}, "1703323": {"hotel_name": "\u4e3d\u9014\u56fd\u9645\u516c\u5bd3(\u5e7f\u5dde\u79d1\u6c47\u91d1\u8c37\u5e97)", "order_time": ["2019-01-05 02:04:22"], "total_order": 1, "hotel_value": ["4.6"], "hotel_price": ["179"]}, "4547905": {"hotel_name": "\u5e7f\u5dde\u7ca4\u5927\u91d1\u878d\u57ce\u56fd\u9645\u9152\u5e97", "order_time": ["2019-01-05 02:04:22", "2019-01-05 02:46:23", "2019-01-05 02:16:35"], "total_order": 3, "hotel_value": ["4.5", "4.5", "4.5"], "hotel_price": ["459", "459", "459"]}, "17906093": {"hotel_name": "\u6587\u534e\u56fd\u9645\u9152\u5e97\u516c\u5bd3(\u5e7f\u5dde\u5317\u4eac\u8def\u6b65\u884c\u8857\u5e97)", "order_time": ["2019-01-05 02:04:23", "2019-01-05 02:18:23"], "total_order": 2, "hotel_value": ["4.6", "4.6"], "hotel_price": ["319", "319"]}, "5930107": {"hotel_name": "\u516b\u53f7\u81fb\u54c1\u9152\u5e97(\u5e7f\u5dde\u706b\u8f66\u7ad9\u4e09\u5143\u91cc\u5730\u94c1\u7ad9\u5e97)", "order_time": ["2019-01-05 02:04:23"], "total_order": 1, "hotel_value": ["4.7"], "hotel_price": ["254"]}, "21334581": {"hotel_name": "\u4f70\u5408\u7cbe\u9009\u56fd\u9645\u5ea6\u5047\u516c\u5bd3(\u5e7f\u5dde\u9999\u96ea\u5965\u56ed\u5e7f\u573a\u5e97)", "order_time": ["2019-01-05 02:04:23"], "total_order": 1, "hotel_value": ["4.8"], "hotel_price": ["216"]}, "433794": {"hotel_name": "\u5e7f\u5dde\u6234\u65af\u9152\u5e97", "order_time": ["2019-01-05 02:04:23"], "total_order": 1, "hotel_value": ["4.3"], "hotel_price": ["356"]}, "818820": {"hotel_name": "\u5982\u5bb6\u5546\u65c5\u9152\u5e97(\u5e7f\u5dde\u4e0a\u4e0b\u4e5d\u6b65\u884c\u8857\u957f\u5bff\u8def\u5730\u94c1\u7ad9\u5b9d\u534e\u8def\u5e97)", "order_time": ["2019-01-05 02:04:23"], "total_order": 1, "hotel_value": ["4.7"], "hotel_price": ["309"]}, "1734894": {"hotel_name": "\u5e7f\u5dde\u957f\u57ce\u5bbe\u9986", "order_time": ["2019-01-05 02:04:23"], "total_order": 1, "hotel_value": ["4.2"], "hotel_price": ["211"]}, "794412": {"hotel_name": "\u5e7f\u5dde\u534e\u901a\u5546\u52a1\u9152\u5e97", "order_time": ["2019-01-05 02:04:25"], "total_order": 1, "hotel_value": ["3.9"], "hotel_price": ["124"]}, "6429607": {"hotel_name": "\u5e7f\u5dde\u661f\u7a7a\u5c0f\u6728\u5c4b", "order_time": ["2019-01-05 02:04:25"], "total_order": 1, "hotel_value": ["4.6"], "hotel_price": ["638"]}, "19494098": {"hotel_name": "\u5e7f\u5dde\u9e1f\u55b5\u9752\u5e74\u65c5\u820d", "order_time": ["2019-01-05 02:04:26"], "total_order": 1, "hotel_value": ["4.9"], "hotel_price": ["30"]}, "5932014": {"hotel_name": "\u5e7f\u5dde\u4e03\u5f69\u7ae5\u5e74\u4eb2\u5b50\u4e3b\u9898\u516c\u5bd3", "order_time": ["2019-01-05 02:06:20"], "total_order": 1, "hotel_value": ["4.6"], "hotel_price": ["128"]}, "8328907": {"hotel_name": "\u5927\u9a6c\u620f\u4eb2\u5b50\u4e3b\u9898\u516c\u5bd3(\u5e7f\u5dde\u756a\u79ba\u4e07\u8fbe\u5e97)", "order_time": ["2019-01-05 02:06:21"], "total_order": 1, "hotel_value": ["4.6"], "hotel_price": ["178"]}, "7786346": {"hotel_name": "\u67cf\u66fc\u9152\u5e97(\u5e7f\u5dde\u65b0\u5e02\u9ec4\u77f3\u897f\u8def\u5e97)", "order_time": ["2019-01-05 02:06:21"], "total_order": 1, "hotel_value": ["4.7"], "hotel_price": ["164"]}, "1233759": {"hotel_name": "\u5e7f\u5dde\u9e3f\u5fb7\u56fd\u9645\u9152\u5e97", "order_time": ["2019-01-05 02:06:22"], "total_order": 1, "hotel_value": ["4.6"], "hotel_price": ["659"]}, "13601326": {"hotel_name": "Q\u52a0\u00b7\u745e\u96c5\u7cbe\u54c1\u9152\u5e97(\u5e7f\u5dde\u65b0\u767d\u4e91\u56fd\u9645\u673a\u573a)", "order_time": ["2019-01-05 02:06:22"], "total_order": 1, "hotel_value": ["4.6"], "hotel_price": ["116"]}, "1692435": {"hotel_name": "\u5bcc\u5b89\u8fde\u9501\u9152\u5e97(\u5e7f\u5dde\u671b\u5c97\u5e97)", "order_time": ["2019-01-05 02:06:22"], "total_order": 1, "hotel_value": ["4.4"], "hotel_price": ["183"]}, "5379833": {"hotel_name": "\u5e7f\u5dde\u7fd4\u76c8\u9152\u5e97", "order_time": ["2019-01-05 02:06:22"], "total_order": 1, "hotel_value": ["4.3"], "hotel_price": ["176"]}, "396871": {"hotel_name": "\u5e7f\u5dde\u8d8a\u79c0\u5bbe\u9986", "order_time": ["2019-01-05 02:06:22"], "total_order": 1, "hotel_value": ["4.5"], "hotel_price": ["426"]}, "8557331": {"hotel_name": "\u57ce\u5e02\u4fbf\u6377\u9152\u5e97(\u5e7f\u5dde\u4e0a\u4e0b\u4e5d\u6b65\u884c\u8857\u9648\u5bb6\u7960\u5e97)", "order_time": ["2019-01-05 02:06:23"], "total_order": 1, "hotel_value": ["4.1"], "hotel_price": ["188"]}, "3000464": {"hotel_name": "\u822a\u7a7a\u660e\u73e0\u516c\u5bd3(\u5e7f\u5dde\u65b0\u767d\u4e91\u673a\u573a\u5e97)", "order_time": ["2019-01-05 02:06:23", "2019-01-05 02:08:23"], "total_order": 2, "hotel_value": ["4.2", "4.2"], "hotel_price": ["89", "89"]}, "8697150": {"hotel_name": "\u5e7f\u5dde\u683c\u83b1\u7f8e\u56fd\u9645\u516c\u5bd3", "order_time": ["2019-01-05 02:06:23"], "total_order": 1, "hotel_value": ["4.5"], "hotel_price": ["273"]}, "1732339": {"hotel_name": "\u5e7f\u5dde\u5929\u6cb3\u9f99\u7965\u5bbe\u9986", "order_time": ["2019-01-05 02:06:23", "2019-01-05 02:30:33"], "total_order": 2, "hotel_value": ["3.5", "3.5"], "hotel_price": ["140", "140"]}, "1505341": {"hotel_name": "\u5e7f\u5dde\u5fa1\u5ead\u5feb\u6377\u9152\u5e97", "order_time": ["2019-01-05 02:06:23"], "total_order": 1, "hotel_value": ["4.3"], "hotel_price": ["208"]}, "5311747": {"hotel_name": "\u7f8e\u8c6a\u9152\u5e97(\u5e7f\u5dde\u767d\u4e91\u673a\u573a\u949f\u843d\u6f6d\u5730\u94c1\u7ad9\u5e97)(\u539f\u673a\u573a\u5e97)", "order_time": ["2019-01-05 02:06:23"], "total_order": 1, "hotel_value": ["4.7"], "hotel_price": ["241"]}, "10177247": {"hotel_name": "\u5e7f\u5dde\u6708\u5f2f\u5f2f\u516c\u5bd3\u5357\u6c99\u4e07\u8fbe\u5e97", "order_time": ["2019-01-05 02:06:24"], "total_order": 1, "hotel_value": ["4.8"], "hotel_price": ["133"]}, "1782515": {"hotel_name": "\u683c\u6797\u8c6a\u6cf0(\u5e7f\u5dde\u756a\u79ba\u6c7d\u8f66\u5ba2\u8fd0\u7ad9\u5e97)", "order_time": ["2019-01-05 02:06:24"], "total_order": 1, "hotel_value": ["4.4"], "hotel_price": ["183"]}, "11510459": {"hotel_name": "\u5e7f\u5dde\u7136\u59d0\u5bb6\u6c11\u5bbf", "order_time": ["2019-01-05 02:06:24"], "total_order": 1, "hotel_value": ["4.6"], "hotel_price": ["352"]}, "4657816": {"hotel_name": "\u4f0a\u83b2\u00b7\u8428\u7ef4\u5c14\u56fd\u9645\u9152\u5e97\u516c\u5bd3(\u5e7f\u5dde\u73e0\u6c5f\u65b0\u57ce\u5e97)", "order_time": ["2019-01-05 02:06:32"], "total_order": 1, "hotel_value": ["4.5"], "hotel_price": ["399"]}, "1812470": {"hotel_name": "\u5168\u5b63\u9152\u5e97(\u5e7f\u5dde\u9ec4\u57d4\u5f00\u53d1\u533a\u5e97)", "order_time": ["2019-01-05 02:08:21"], "total_order": 1, "hotel_value": ["4.6"], "hotel_price": ["198"]}, "932263": {"hotel_name": "\u5e7f\u5dde\u5929\u6cb3\u4e9a\u6735\u9152\u5e97", "order_time": ["2019-01-05 02:08:21"], "total_order": 1, "hotel_value": ["4.6"], "hotel_price": ["598"]}, "1695280": {"hotel_name": "\u5e7f\u5dde\u661f\u8f89\u5047\u65e5\u9152\u5e97", "order_time": ["2019-01-05 02:08:21", "2019-01-05 02:26:20"], "total_order": 2, "hotel_value": ["4.1", "4.1"], "hotel_price": ["168", "168"]}, "8020305": {"hotel_name": "\u5e7f\u5dde\u767d\u6c34\u5be8\u5609\u534e\u6e29\u6cc9\u9152\u5e97", "order_time": ["2019-01-05 02:08:22"], "total_order": 1, "hotel_value": ["4.8"], "hotel_price": ["1673"]}, "392495": {"hotel_name": "\u5e7f\u5dde\u5730\u4e2d\u6d77\u56fd\u9645\u9152\u5e97", "order_time": ["2019-01-05 02:08:22"], "total_order": 1, "hotel_value": ["4.5"], "hotel_price": ["463"]}, "1619339": {"hotel_name": "\u5e7f\u5dde\u6dd8\u91d1\u5bbe\u9986", "order_time": ["2019-01-05 02:08:22"], "total_order": 1, "hotel_value": ["4.0"], "hotel_price": ["134"]}, "2635325": {"hotel_name": "\u6d77\u68e0\u8fde\u9501\u516c\u5bd3(\u5e7f\u5dde\u5a01\u5c14\u65af\u5e97)", "order_time": ["2019-01-05 02:08:22", "2019-01-05 02:22:21"], "total_order": 2, "hotel_value": ["4.5", "4.5"], "hotel_price": ["226", "226"]}, "8972275": {"hotel_name": "\u5e7f\u5dde\u5bcc\u5143\u6c47\u5546\u52a1\u516c\u5bd3(\u4e07\u79d1\u4e91\u57ce\u7c73\u9177\u5e97)", "order_time": ["2019-01-05 02:08:22"], "total_order": 1, "hotel_value": ["4.4"], "hotel_price": ["151"]}, "8557417": {"hotel_name": "\u5e7f\u5dde\u5609\u5609MIX\u56fd\u9645\u9152\u5e97\u516c\u5bd3", "order_time": ["2019-01-05 02:08:22"], "total_order": 1, "hotel_value": ["4.6"], "hotel_price": ["391"]}, "23923177": {"hotel_name": "SA\u6c49\u8c37\u827a\u672f\u4e3b\u9898\u516c\u5bd3(\u5e7f\u5dde\u73e0\u6c5f\u65b0\u57ce\u5e97)", "order_time": ["2019-01-05 02:08:22", "2019-01-05 02:16:23"], "total_order": 2, "hotel_value": ["4.8", "4.8"], "hotel_price": ["543", "543"]}, "8357555": {"hotel_name": "\u94c2\u683c\u56fd\u9645\u8bbe\u8ba1\u516c\u5bd3(\u5e7f\u5dde\u5317\u4eac\u8def\u8d8a\u79c0\u65f6\u5149\u5e97)", "order_time": ["2019-01-05 02:08:22", "2019-01-05 02:18:22"], "total_order": 2, "hotel_value": ["4.7", "4.7"], "hotel_price": ["296", "296"]}, "17056225": {"hotel_name": "\u5e7f\u5dde\u6674\u9152\u5e97", "order_time": ["2019-01-05 02:08:22"], "total_order": 1, "hotel_value": ["4.5"], "hotel_price": ["380"]}, "6225543": {"hotel_name": "\u9038\u7c73\u7c73\u516c\u5bd3(\u5e7f\u5dde\u5317\u4eac\u8def\u6377\u767b\u90fd\u4f1a\u5e97)", "order_time": ["2019-01-05 02:08:22"], "total_order": 1, "hotel_value": ["4.6"], "hotel_price": ["361"]}, "6386841": {"hotel_name": "\u9a8f\u798f\u8054\u76df\u9152\u5e97(\u5e7f\u5dde\u9a8f\u666f\u82b1\u56ed\u5e97)", "order_time": ["2019-01-05 02:08:23"], "total_order": 1, "hotel_value": ["4.3"], "hotel_price": ["142"]}, "4835715": {"hotel_name": "\u5e7f\u5dde\u6d77\u7fd4\u4f18\u54c1\u9152\u5e97", "order_time": ["2019-01-05 02:08:24"], "total_order": 1, "hotel_value": ["4.1"], "hotel_price": ["126"]}, "1773406": {"hotel_name": "\u9038\u7c73\u9152\u5e97(\u5e7f\u5dde\u82b3\u6751\u5730\u94c1\u7ad9\u5e97)", "order_time": ["2019-01-05 02:08:24"], "total_order": 1, "hotel_value": ["4.2"], "hotel_price": ["113"]}, "1505502": {"hotel_name": "\u67cf\u9038\u9152\u5e97(\u5e7f\u5dde\u7436\u6d32\u4f1a\u5c55\u4e2d\u5fc3\u5e97)(\u539f\u65b0\u6e2f\u8def\u5e97)", "order_time": ["2019-01-05 02:08:24"], "total_order": 1, "hotel_value": ["3.9"], "hotel_price": ["177"]}, "2889971": {"hotel_name": "\u5e7f\u5dde\u51e4\u4e4b\u51f0\u9152\u5e97", "order_time": ["2019-01-05 02:08:24"], "total_order": 1, "hotel_value": ["4.4"], "hotel_price": ["90"]}, "1695324": {"hotel_name": "\u5e7f\u5dde\u97e6\u5c14\u68ee\u9152\u5e97", "order_time": ["2019-01-05 02:08:25"], "total_order": 1, "hotel_value": ["4.5"], "hotel_price": ["121"]}, "16097323": {"hotel_name": "\u5e7f\u5dde\u83f2\u55b5\u55b5\u5c0f\u5c4b", "order_time": ["2019-01-05 02:08:26"], "total_order": 1, "hotel_value": [0], "hotel_price": ["156"]}, "6509939": {"hotel_name": "\u6854\u6811\u56fd\u9645\u516c\u5bd3(\u5e7f\u5dde\u73e0\u6c5f\u65b0\u57ce\u5e97)", "order_time": ["2019-01-05 02:10:22", "2019-01-05 02:14:22"], "total_order": 2, "hotel_value": ["4.5", "4.5"], "hotel_price": ["272", "272"]}, "5032143": {"hotel_name": "\u5e7f\u5dde\u5929\u6cb3\u96c5\u4e50\u8f69\u9152\u5e97", "order_time": ["2019-01-05 02:10:23"], "total_order": 1, "hotel_value": ["4.6"], "hotel_price": ["653"]}, "2651218": {"hotel_name": "\u96c5\u6cf0\u4e3b\u9898\u516c\u5bd3(\u5e7f\u5dde\u4e07\u8fbe\u5e7f\u573a\u5e97)", "order_time": ["2019-01-05 02:10:23"], "total_order": 1, "hotel_value": ["4.6"], "hotel_price": ["168"]}, "23931575": {"hotel_name": "\u5e7f\u5dde\u4e9a\u7279\u5170\u65af\u56fd\u9645\u5ea6\u5047\u516c\u5bd3", "order_time": ["2019-01-05 02:10:23"], "total_order": 1, "hotel_value": ["4.9"], "hotel_price": ["196"]}, "3395098": {"hotel_name": "\u5e7f\u5dde\u5c1a\u5fb7\u9152\u5e97", "order_time": ["2019-01-05 02:10:24"], "total_order": 1, "hotel_value": ["4.3"], "hotel_price": ["329"]}, "3737774": {"hotel_name": "\u9e97\u67ab\u9152\u5e97(\u5e7f\u5dde\u4e2d\u5c71\u4e00\u8def\u6768\u7b95\u5730\u94c1\u7ad9\u5e97)", "order_time": ["2019-01-05 02:10:24"], "total_order": 1, "hotel_value": ["4.7"], "hotel_price": ["323"]}, "16085521": {"hotel_name": "\u767d\u4e91\u56fd\u9645\u516c\u5bd3(\u5e7f\u5dde\u767d\u4e91\u56fd\u9645\u673a\u573a\u5e97)", "order_time": ["2019-01-05 02:10:24"], "total_order": 1, "hotel_value": ["4.8"], "hotel_price": ["102"]}, "1072111": {"hotel_name": "\u661f\u4e9a\u9152\u5e97(\u5e7f\u5dde\u73e0\u6c5f\u65b0\u57ce\u5e97)", "order_time": ["2019-01-05 02:10:25"], "total_order": 1, "hotel_value": ["3.7"], "hotel_price": ["122"]}, "4440359": {"hotel_name": "\u57ce\u5e02\u4e4b\u661f(\u5e7f\u5dde\u673a\u573a\u5e97)(\u539f\u7231\u60c5\u5ea6\u5047\u6751)", "order_time": ["2019-01-05 02:10:25"], "total_order": 1, "hotel_value": ["4.7"], "hotel_price": ["111"]}, "25069341": {"hotel_name": "\u4f0a\u601d\u5fb7\u516c\u5bd3(\u5e7f\u5dde\u4e2d\u6d77\u82b1\u6e7e\u58f9\u53f7\u5e97)", "order_time": ["2019-01-05 02:10:25"], "total_order": 1, "hotel_value": ["4.8"], "hotel_price": ["261"]}, "801463": {"hotel_name": "\u5e7f\u5dde\u6021\u4e50\u5546\u52a1\u5bbe\u9986", "order_time": ["2019-01-05 02:10:26"], "total_order": 1, "hotel_value": ["4.1"], "hotel_price": ["113"]}, "8511841": {"hotel_name": "\u673a\u573a\u6e7e\u516c\u5bd3(\u5e7f\u5dde\u767d\u4e91\u673a\u573a\u5e97)", "order_time": ["2019-01-05 02:10:27"], "total_order": 1, "hotel_value": ["4.4"], "hotel_price": ["70"]}, "7386061": {"hotel_name": "\u5409\u5c4b\u5546\u65c5\u7cbe\u54c1\u516c\u5bd3(\u5e7f\u5dde\u79d1\u5b66\u57ce\u7eff\u5730\u4e2d\u592e\u5e7f\u573a\u5e97)", "order_time": ["2019-01-05 02:12:22"], "total_order": 1, "hotel_value": ["4.6"], "hotel_price": ["168"]}, "6408698": {"hotel_name": "\u5bd3\u7c73\u6b22\u805a\u516c\u5bd3(\u5e7f\u5dde\u5408\u751f\u5e7f\u573a\u5e97)(\u539f\u897f\u5c14\u66fc\u8fde\u9501\u9152\u5e97\u516c\u5bd3)", "order_time": ["2019-01-05 02:12:22", "2019-01-05 02:26:21"], "total_order": 2, "hotel_value": ["4.6", "4.6"], "hotel_price": ["258", "258"]}, "4826325": {"hotel_name": "\u5e7f\u5dde\u5fb7\u5b9d\u5927\u9152\u5e97", "order_time": ["2019-01-05 02:40:23", "2019-01-05 02:12:22", "2019-01-05 02:20:32"], "total_order": 3, "hotel_value": ["4.0", "4.0", "4.0"], "hotel_price": ["150", "150", "150"]}, "429757": {"hotel_name": "\u5e1d\u8c6a\u9152\u5e97(\u5e7f\u5dde\u6865\u5357\u5e97)", "order_time": ["2019-01-05 02:12:22"], "total_order": 1, "hotel_value": ["4.5"], "hotel_price": ["229"]}, "5753099": {"hotel_name": "\u58f9\u52a0\u58f9\u7cbe\u54c1\u9152\u5e97(\u5e7f\u5dde\u65b0\u767d\u4e91\u56fd\u9645\u673a\u573a\u5e97)", "order_time": ["2019-01-05 02:16:23", "2019-01-05 02:12:22"], "total_order": 2, "hotel_value": ["4.7", "4.7"], "hotel_price": ["139", "139"]}, "25368326": {"hotel_name": "\u9014\u5c45\u9152\u5e97(\u5e7f\u5dde\u673a\u573a\u5e97)", "order_time": ["2019-01-05 02:48:22", "2019-01-05 02:12:22"], "total_order": 2, "hotel_value": ["4.6", "4.6"], "hotel_price": ["118", "118"]}, "9665257": {"hotel_name": "\u514b\u6d1b\u7ef4\u56fd\u9645\u516c\u5bd3\u9152\u5e97(\u5e7f\u5dde\u5bcc\u529b\u4e1c\u5c71\u65b0\u5929\u5730\u5e97)", "order_time": ["2019-01-05 02:12:23"], "total_order": 1, "hotel_value": ["4.1"], "hotel_price": ["376"]}, "396857": {"hotel_name": "\u5e7f\u5dde\u4e1c\u5703\u5408\u666f\u798f\u670b\u559c\u6765\u767b\u9152\u5e97", "order_time": ["2019-01-05 02:12:23"], "total_order": 1, "hotel_value": ["4.5"], "hotel_price": ["676"]}, "4381140": {"hotel_name": "\u4e3d\u8299\u9152\u5e97(\u5e7f\u5dde\u4f1a\u5c55\u4e2d\u5fc3\u8d64\u5c97\u5730\u94c1\u7ad9\u5e7f\u5dde\u5854\u5e97)(\u539f\u7436\u6d32\u4f1a\u5c55\u4e2d\u5fc3\u5e97)", "order_time": ["2019-01-05 02:12:23"], "total_order": 1, "hotel_value": ["4.4"], "hotel_price": ["188"]}, "9639837": {"hotel_name": "\u661f\u4f26\u56fd\u9645\u516c\u5bd3(\u5e7f\u5dde\u5317\u4eac\u8def\u5e97)", "order_time": ["2019-01-05 02:12:24"], "total_order": 1, "hotel_value": ["4.9"], "hotel_price": ["358"]}, "2217683": {"hotel_name": "\u5e7f\u5dde\u4e1c\u6c5f\u5927\u9152\u5e97", "order_time": ["2019-01-05 02:12:24"], "total_order": 1, "hotel_value": ["4.2"], "hotel_price": ["240"]}, "443900": {"hotel_name": "\u5e7f\u5dde\u4ea8\u5229\u9152\u5e97", "order_time": ["2019-01-05 02:12:24"], "total_order": 1, "hotel_value": ["4.3"], "hotel_price": ["321"]}, "3630890": {"hotel_name": "\u5e7f\u5dde\u5609\u4ed5\u8fbe\u9152\u5e97", "order_time": ["2019-01-05 02:12:24"], "total_order": 1, "hotel_value": ["4.4"], "hotel_price": ["176"]}, "17351841": {"hotel_name": "\u5e7f\u5dde\u5a1c\u5c0f\u59d0\u5bb6\u7684\u9752\u5e74\u65c5\u820d", "order_time": ["2019-01-05 02:12:26"], "total_order": 1, "hotel_value": ["4.8"], "hotel_price": ["64"]}, "848066": {"hotel_name": "\u9038\u7c73\u9152\u5e97(\u5e7f\u5dde\u65b0\u5858\u592a\u9633\u57ce\u5e97)", "order_time": ["2019-01-05 02:12:27"], "total_order": 1, "hotel_value": ["4.2"], "hotel_price": ["88"]}, "1700075": {"hotel_name": "\u5e7f\u5dde\u6930\u67ab\u9152\u5e97", "order_time": ["2019-01-05 02:12:27"], "total_order": 1, "hotel_value": ["4.4"], "hotel_price": ["115"]}, "5641216": {"hotel_name": "\u5e7f\u5dde\u5e02\u4ece\u5316\u5929\u5929\u516c\u5bd3", "order_time": ["2019-01-05 02:12:29"], "total_order": 1, "hotel_value": [0], "hotel_price": ["71"]}, "9242646": {"hotel_name": "\u5e7f\u5dde\u7f8e\u4e3d\u8c6a\u9152\u5e97", "order_time": ["2019-01-05 02:12:36"], "total_order": 1, "hotel_value": ["4.8"], "hotel_price": ["540"]}, "449125": {"hotel_name": "\u67cf\u9ad8\u9152\u5e97(\u5e7f\u5dde\u9f99\u53e3\u897f\u5c97\u9876\u5730\u94c1\u7ad9\u5e97)", "order_time": ["2019-01-05 02:16:35", "2019-01-05 02:14:22"], "total_order": 2, "hotel_value": ["4.7", "4.7"], "hotel_price": ["308", "308"]}, "6472938": {"hotel_name": "\u5e7f\u5dde\u6b22\u4f4f\u4e3b\u9898\u516c\u5bd3", "order_time": ["2019-01-05 02:14:23"], "total_order": 1, "hotel_value": ["4.5"], "hotel_price": ["185"]}, "8557398": {"hotel_name": "\u5e7f\u5dde\u957f\u6cb3\u9152\u5e97", "order_time": ["2019-01-05 02:14:23"], "total_order": 1, "hotel_value": ["4.2"], "hotel_price": ["271"]}, "1377334": {"hotel_name": "\u5e7f\u5dde\u58f9\u8857\u53c1\u865f\u00b7\u6d77\u5458\u5bbe\u9986", "order_time": ["2019-01-05 02:14:24"], "total_order": 1, "hotel_value": ["4.7"], "hotel_price": ["312"]}, "21133978": {"hotel_name": "\u5170\u65af\u4e3b\u9898\u9152\u5e97(\u5e7f\u5dde\u65b0\u767d\u4e91\u56fd\u9645\u673a\u573a\u5e97)", "order_time": ["2019-01-05 02:16:35", "2019-01-05 02:30:45", "2019-01-05 02:16:22", "2019-01-05 02:30:44"], "total_order": 4, "hotel_value": ["4.8", "4.8", "4.8", "4.8"], "hotel_price": ["193", "224", "224", "224"]}, "17080059": {"hotel_name": "\u6e2f\u6da6\u5bd3\u4e0a\u661f\u4f5c\u516c\u5bd3(\u5e7f\u5dde\u897f\u95e8\u53e3\u5730\u94c1\u7ad9\u5e97)", "order_time": ["2019-01-05 02:16:23"], "total_order": 1, "hotel_value": ["4.6"], "hotel_price": ["249"]}, "690117": {"hotel_name": "\u5e7f\u5dde\u73e0\u6c5f\u65b0\u57ce\u6728\u83b2\u5e84\u9152\u5e97", "order_time": ["2019-01-05 02:16:23"], "total_order": 1, "hotel_value": ["4.5"], "hotel_price": ["356"]}, "397520": {"hotel_name": "\u5e7f\u5dde\u5bbe\u9986", "order_time": ["2019-01-05 02:16:23"], "total_order": 1, "hotel_value": ["4.2"], "hotel_price": ["326"]}, "857635": {"hotel_name": "\u79c1\u4eab\u5bb6\u8fde\u9501\u516c\u5bd3(\u5e7f\u5dde\u5317\u4eac\u8def\u91d1\u6da6\u94c2\u5bab\u5e97)", "order_time": ["2019-01-05 02:16:23"], "total_order": 1, "hotel_value": ["4.6"], "hotel_price": ["494"]}, "6021813": {"hotel_name": "\u5e7f\u5dde\u6843\u82b1\u6c5f\u8c6a\u751f\u9152\u5e97", "order_time": ["2019-01-05 02:16:24"], "total_order": 1, "hotel_value": ["4.6"], "hotel_price": ["628"]}, "4826196": {"hotel_name": "\u5e7f\u5dde\u82b1\u90fd\u4e00\u4f11\u9152\u5e97", "order_time": ["2019-01-05 02:16:25", "2019-01-05 02:20:34"], "total_order": 2, "hotel_value": ["4.0", "4.0"], "hotel_price": ["105", "105"]}, "5793420": {"hotel_name": "\u5e7f\u5dde\u7231\u6d1b\u601d\u4e3b\u9898\u9152\u5e97", "order_time": ["2019-01-05 02:16:25"], "total_order": 1, "hotel_value": ["4.7"], "hotel_price": ["228"]}, "25691670": {"hotel_name": "\u5e7f\u5dde\u6377\u7136\u516c\u5bd3\u670d\u52a1\u4e2d\u5fc3", "order_time": ["2019-01-05 02:16:25"], "total_order": 1, "hotel_value": ["4.9"], "hotel_price": ["194"]}, "6335273": {"hotel_name": "\u5e7f\u5dde\u7acb\u76c8\u9152\u5e97", "order_time": ["2019-01-05 02:16:25", "2019-01-05 02:36:23"], "total_order": 2, "hotel_value": ["4.5", "4.5"], "hotel_price": ["148", "148"]}, "2283313": {"hotel_name": "\u7ef4\u5ea6\u60a6\u5c45\u9152\u5e97(\u5e7f\u5dde\u5ba2\u6751\u5e97)", "order_time": ["2019-01-05 02:54:22", "2019-01-05 02:16:26"], "total_order": 2, "hotel_value": ["4.4", "4.4"], "hotel_price": ["228", "228"]}, "371132": {"hotel_name": "\u7f8e\u8c6a\u4e3d\u81f4\u9152\u5e97(\u5e7f\u5dde\u4e94\u7f8a\u65b0\u57ce\u5e97)", "order_time": ["2019-01-05 02:16:35", "2019-01-05 02:54:21"], "total_order": 2, "hotel_value": ["4.8", "4.8"], "hotel_price": ["729", "729"]}, "5792241": {"hotel_name": "\u5947\u5e7b\u9a6c\u620f\u516c\u9986(\u5e7f\u5dde\u6c49\u6eaa\u957f\u9686\u5730\u94c1\u7ad9\u62db\u5546\u4e3b\u573a\u5e97)", "order_time": ["2019-01-05 02:16:35"], "total_order": 1, "hotel_value": ["4.8"], "hotel_price": ["389"]}, "6547745": {"hotel_name": "\u661f\u4f26\u56fd\u9645\u516c\u5bd3(\u5e7f\u5dde\u5408\u751f\u5e7f\u573a\u5e97)", "order_time": ["2019-01-05 02:16:35"], "total_order": 1, "hotel_value": ["4.8"], "hotel_price": ["289"]}, "1431478": {"hotel_name": "\u78a7\u6842\u56ed\u7a7a\u6e2f\u51e4\u51f0\u9152\u5e97(\u5e7f\u5dde\u65b0\u767d\u4e91\u673a\u573a\u5e97)", "order_time": ["2019-01-05 02:16:35"], "total_order": 1, "hotel_value": ["4.6"], "hotel_price": ["399"]}, "23806577": {"hotel_name": "\u68b5\u94c2\u9ad8\u7ea7\u516c\u5bd3(\u5e7f\u5dde\u767d\u4e91\u673a\u573a\u4f53\u9a8c\u5e97)", "order_time": ["2019-01-05 02:16:35", "2019-01-05 02:36:32"], "total_order": 2, "hotel_value": ["4.6", "4.6"], "hotel_price": ["338", "338"]}, "14014782": {"hotel_name": "\u94a7\u73ba\u56fd\u9645\u4e3b\u9898\u516c\u5bd3(\u5e7f\u5dde\u73e0\u6c5f\u65b0\u57ce\u5e97)", "order_time": ["2019-01-05 02:18:22"], "total_order": 1, "hotel_value": ["4.7"], "hotel_price": ["443"]}, "10581377": {"hotel_name": "\u5e7f\u5ddeinhouse\u516c\u5bd3", "order_time": ["2019-01-05 02:18:22"], "total_order": 1, "hotel_value": ["4.2"], "hotel_price": ["238"]}, "21092209": {"hotel_name": "\u5e7f\u5dde\u66fc\u8c6a\u9152\u5e97", "order_time": ["2019-01-05 02:18:22"], "total_order": 1, "hotel_value": ["4.6"], "hotel_price": ["227"]}, "968895": {"hotel_name": "\u6c49\u5ead\u9152\u5e97(\u5e7f\u5dde\u5317\u4eac\u8def\u5929\u5b57\u7801\u5934\u5e97)", "order_time": ["2019-01-05 02:18:22"], "total_order": 1, "hotel_value": ["4.6"], "hotel_price": ["217"]}, "2099822": {"hotel_name": "\u5e7f\u5dde\u4e91\u5cf0\u5546\u52a1\u9152\u5e97", "order_time": ["2019-01-05 02:18:22"], "total_order": 1, "hotel_value": ["4.1"], "hotel_price": ["128"]}, "4659802": {"hotel_name": "\u5e7f\u5dde\u4e00\u6c5f\u6234\u65af\u9152\u5e97", "order_time": ["2019-01-05 02:18:23"], "total_order": 1, "hotel_value": ["4.5"], "hotel_price": ["313"]}, "396593": {"hotel_name": "\u5e7f\u5dde\u793c\u987f\u9152\u5e97", "order_time": ["2019-01-05 02:32:23", "2019-01-05 02:18:23"], "total_order": 2, "hotel_value": ["4.6", "4.6"], "hotel_price": ["578", "578"]}, "1380651": {"hotel_name": "\u5e7f\u5dde\u6613\u5c1a\u56fd\u6cf0\u5927\u9152\u5e97", "order_time": ["2019-01-05 02:18:23"], "total_order": 1, "hotel_value": ["4.7"], "hotel_price": ["436"]}, "456187": {"hotel_name": "\u5e7f\u5dde\u5361\u5a01\u5c14\u9152\u5e97", "order_time": ["2019-01-05 02:28:24", "2019-01-05 02:18:23"], "total_order": 2, "hotel_value": ["4.5", "4.5"], "hotel_price": ["359", "359"]}, "2032025": {"hotel_name": "\u5c71\u6c34\u65f6\u5c1a\u9152\u5e97(\u5e7f\u5dde\u73e0\u6751\u5e97)", "order_time": ["2019-01-05 02:18:23"], "total_order": 1, "hotel_value": ["4.5"], "hotel_price": ["256"]}, "792833": {"hotel_name": "\u5e7f\u5dde\u7ea2\u5e06\u9152\u5e97", "order_time": ["2019-01-05 02:18:24", "2019-01-05 02:34:22"], "total_order": 2, "hotel_value": ["4.2", "4.2"], "hotel_price": ["210", "210"]}, "5318782": {"hotel_name": "\u7ef4\u4e5f\u7eb3\u56fd\u9645\u9152\u5e97(\u5e7f\u5dde\u5f00\u53d1\u533a\u5e97)", "order_time": ["2019-01-05 02:18:24"], "total_order": 1, "hotel_value": ["4.8"], "hotel_price": ["298"]}, "1452020": {"hotel_name": "\u5e7f\u5dde\u7687\u5723\u5927\u9152\u5e97", "order_time": ["2019-01-05 02:18:24", "2019-01-05 02:40:24"], "total_order": 2, "hotel_value": ["4.1", "4.1"], "hotel_price": ["172", "172"]}, "2125918": {"hotel_name": "\u5e7f\u5dde\u51ef\u4f26\u9152\u5e97", "order_time": ["2019-01-05 02:18:25"], "total_order": 1, "hotel_value": ["4.1"], "hotel_price": ["169"]}, "4365989": {"hotel_name": "\u5c0a\u9886\u9152\u5e97\u5f0f\u516c\u5bd3(\u5e7f\u5dde\u589e\u57ce\u4e07\u8fbe\u5e7f\u573a\u5e97)", "order_time": ["2019-01-05 02:18:26"], "total_order": 1, "hotel_value": ["4.4"], "hotel_price": ["228"]}, "2220221": {"hotel_name": "\u6021\u99a8\u7cbe\u9009\u9152\u5e97(\u5e7f\u5dde\u65b0\u767d\u4e91\u673a\u573a\u5e97)", "order_time": ["2019-01-05 02:18:27", "2019-01-05 02:20:35"], "total_order": 2, "hotel_value": ["4.4", "4.4"], "hotel_price": ["126", "126"]}, "2302435": {"hotel_name": "\u5e7f\u5dde\u8354\u57ce\u5bbe\u9986", "order_time": ["2019-01-05 02:18:27"], "total_order": 1, "hotel_value": ["4.3"], "hotel_price": ["176"]}, "6423669": {"hotel_name": "\u79c1\u4eab\u5bb6\u8fde\u9501\u9152\u5e97\u5f0f\u516c\u5bd3(\u5e7f\u5dde\u5174\u666e\u7d2b\u56ed\u5e97)(\u539f\u79d1\u5b66\u57ce\u79d1\u5b66\u5927\u9053\u5e97)", "order_time": ["2019-01-05 02:18:27"], "total_order": 1, "hotel_value": ["4.5"], "hotel_price": ["326"]}, "1412318": {"hotel_name": "IU\u9152\u5e97(\u5e7f\u5dde\u589e\u57ce\u6302\u7eff\u8def\u4e07\u8fbe\u5e7f\u573a\u5e97)", "order_time": ["2019-01-05 02:18:27"], "total_order": 1, "hotel_value": ["4.7"], "hotel_price": ["68"]}, "668102": {"hotel_name": "\u5e7f\u5dde\u5e0c\u5c14\u987f\u9038\u6797\u9152\u5e97", "order_time": ["2019-01-05 02:20:31"], "total_order": 1, "hotel_value": ["4.6"], "hotel_price": ["768"]}, "437873": {"hotel_name": "\u5e7f\u5ddeW\u9152\u5e97", "order_time": ["2019-01-05 02:20:32"], "total_order": 1, "hotel_value": ["4.6"], "hotel_price": ["1458"]}, "485017": {"hotel_name": "\u67cf\u9ad8\u9152\u5e97\u5f0f\u516c\u5bd3(\u5e7f\u5dde\u66a8\u5357\u5927\u5b66\u5e97)", "order_time": ["2019-01-05 02:20:32", "2019-01-05 02:32:22"], "total_order": 2, "hotel_value": ["4.4", "4.4"], "hotel_price": ["249", "249"]}, "22799477": {"hotel_name": "\u9e97\u67ab\u9152\u5e97(\u5e7f\u5dde\u79d1\u5b66\u57ce\u5e97)", "order_time": ["2019-01-05 02:20:32"], "total_order": 1, "hotel_value": ["4.9"], "hotel_price": ["225"]}, "2300939": {"hotel_name": "7\u5929\u8fde\u9501\u9152\u5e97(\u5e7f\u5dde\u5929\u6cb3\u71d5\u5858\u5730\u94c1\u7ad9\u5e97)", "order_time": ["2019-01-05 02:20:33"], "total_order": 1, "hotel_value": ["4.3"], "hotel_price": ["172"]}, "2301778": {"hotel_name": "7\u5929\u8fde\u9501\u9152\u5e97(\u5e7f\u5dde\u589e\u57ce\u6302\u7eff\u5e7f\u573a\u5e97)", "order_time": ["2019-01-05 02:20:33"], "total_order": 1, "hotel_value": ["4.1"], "hotel_price": ["105"]}, "2236968": {"hotel_name": "\u5e7f\u5dde\u6e58\u90fd\u5927\u9152\u5e97", "order_time": ["2019-01-05 02:20:35"], "total_order": 1, "hotel_value": ["4.2"], "hotel_price": ["112"]}, "1580546": {"hotel_name": "\u5e7f\u5dde\u4e3d\u5c71\u4f18\u54c1\u9152\u5e97", "order_time": ["2019-01-05 02:20:35"], "total_order": 1, "hotel_value": ["3.9"], "hotel_price": ["162"]}, "1431347": {"hotel_name": "\u901f8\u9152\u5e97(\u5e7f\u5dde\u5609\u79be\u671b\u5c97\u5730\u94c1\u7ad9\u5e97)", "order_time": ["2019-01-05 02:20:35"], "total_order": 1, "hotel_value": ["4.1"], "hotel_price": ["167"]}, "6114528": {"hotel_name": "PP\u6c11\u5bbf(\u5e7f\u5dde\u5927\u5b66\u57ce\u534e\u5de5\u7a57\u77f3\u5e97)", "order_time": ["2019-01-05 02:20:35"], "total_order": 1, "hotel_value": ["4.0"], "hotel_price": ["225"]}, "1700113": {"hotel_name": "\u5e7f\u5dde\u5229\u5eb7\u5bbe\u9986", "order_time": ["2019-01-05 02:20:36"], "total_order": 1, "hotel_value": ["4.4"], "hotel_price": ["52"]}, "346960": {"hotel_name": "\u5e7f\u5dde\u4e1c\u65b9\u5bbe\u9986", "order_time": ["2019-01-05 02:20:39"], "total_order": 1, "hotel_value": ["4.4"], "hotel_price": ["603"]}, "1732435": {"hotel_name": "\u6854\u5b50\u9152\u5e97\u00b7\u7cbe\u9009(\u5e7f\u5dde\u5929\u6cb3\u5c97\u9876\u5e97)", "order_time": ["2019-01-05 02:20:39", "2019-01-05 02:34:33"], "total_order": 2, "hotel_value": ["4.8", "4.8"], "hotel_price": ["408", "408"]}, "11081296": {"hotel_name": "\u5e7f\u5ddeyw\u670d\u52a1\u516c\u5bd3\u73e0\u6c5f\u65b0\u57ce\u730e\u5fb7\u5e97", "order_time": ["2019-01-05 02:20:39"], "total_order": 1, "hotel_value": ["4.8"], "hotel_price": ["429"]}, "20243311": {"hotel_name": "\u94c2\u987f\u56fd\u9645\u516c\u5bd3(\u5e7f\u5dde\u5ba2\u6751\u5408\u751f\u5e7f\u573a\u5e97)", "order_time": ["2019-01-05 02:20:39"], "total_order": 1, "hotel_value": ["4.7"], "hotel_price": ["299"]}, "6691181": {"hotel_name": "\u7ef4\u4e5f\u7eb3\u9152\u5e97(\u5e7f\u5dde\u756a\u79ba\u5357\u7ad9\u5e97)", "order_time": ["2019-01-05 02:20:39"], "total_order": 1, "hotel_value": ["4.6"], "hotel_price": ["398"]}, "8032221": {"hotel_name": "\u5b9c\u5c1a\u9152\u5e97(\u5e7f\u5dde\u5854\u5ba2\u6751\u5730\u94c1\u7ad9\u7436\u6d32\u4f1a\u5c55\u65d7\u8230\u5e97)", "order_time": ["2019-01-05 02:20:39"], "total_order": 1, "hotel_value": ["4.5"], "hotel_price": ["269"]}, "512410": {"hotel_name": "\u5e7f\u5dde\u8239\u8236\u592a\u53e4\u9152\u5e97", "order_time": ["2019-01-05 02:20:39"], "total_order": 1, "hotel_value": ["4.3"], "hotel_price": ["296"]}, "689219": {"hotel_name": "\u5e7f\u5dde\u51ef\u5c3c\u65af\u9152\u5e97", "order_time": ["2019-01-05 02:20:39"], "total_order": 1, "hotel_value": ["3.9"], "hotel_price": ["121"]}, "997892": {"hotel_name": "\u5586\u5561\u9152\u5e97(\u5e7f\u5dde\u706b\u8f66\u7ad9\u4e09\u5143\u91cc\u5730\u94c1\u7ad9\u5e97)", "order_time": ["2019-01-05 02:20:39"], "total_order": 1, "hotel_value": ["4.7"], "hotel_price": ["332"]}, "6480256": {"hotel_name": "\u7ef4\u4e5f\u7eb3\u56fd\u9645\u9152\u5e97(\u5e7f\u5dde\u77f3\u4e95\u5e97)", "order_time": ["2019-01-05 02:20:39"], "total_order": 1, "hotel_value": ["4.8"], "hotel_price": ["306"]}, "15889734": {"hotel_name": "\u5e7f\u5dde\u76c8\u6e2f\u56fd\u9645\u9152\u5e97", "order_time": ["2019-01-05 02:20:39"], "total_order": 1, "hotel_value": ["4.5"], "hotel_price": ["234"]}, "1361402": {"hotel_name": "\u9e97\u67ab\u9152\u5e97(\u5e7f\u5dde\u9ec4\u57d4\u5f00\u53d1\u533a\u5e97)", "order_time": ["2019-01-05 02:20:39"], "total_order": 1, "hotel_value": ["4.8"], "hotel_price": ["176"]}, "1936863": {"hotel_name": "\u9f99\u4f1a\u9152\u5e97(\u5e7f\u5dde\u8fce\u798f\u5e97)", "order_time": ["2019-01-05 02:20:39"], "total_order": 1, "hotel_value": ["3.9"], "hotel_price": ["269"]}, "2302274": {"hotel_name": "\u5e7f\u5dde\u91d1\u96c5\u6cf0\u5546\u52a1\u9152\u5e97", "order_time": ["2019-01-05 02:20:39"], "total_order": 1, "hotel_value": ["4.3"], "hotel_price": ["198"]}, "6261135": {"hotel_name": "\u6613\u6210\u56fd\u9645\u9152\u5e97\u516c\u5bd3(\u5e7f\u5dde\u5317\u4eac\u8def\u6377\u767b\u90fd\u4f1a\u5e97)", "order_time": ["2019-01-05 02:22:21"], "total_order": 1, "hotel_value": ["4.7"], "hotel_price": ["338"]}, "6765737": {"hotel_name": "\u67cf\u66fc\u9152\u5e97(\u5e7f\u5dde\u5929\u6cb3\u4f53\u80b2\u4e2d\u5fc3\u6797\u548c\u897f\u5730\u94c1\u7ad9\u5e97)", "order_time": ["2019-01-05 02:22:21"], "total_order": 1, "hotel_value": ["4.5"], "hotel_price": ["399"]}, "21697298": {"hotel_name": "\u4e2d\u6d32\u6653\u9038\u516c\u5bd3(\u5e7f\u5dde\u56fd\u9645\u4f1a\u5c55\u4e2d\u5fc3\u5e97)", "order_time": ["2019-01-05 02:22:21"], "total_order": 1, "hotel_value": ["4.6"], "hotel_price": ["226"]}, "2304529": {"hotel_name": "\u5409\u6854\u9152\u5e97(\u5e7f\u5dde\u52a8\u7269\u56ed\u9ec4\u82b1\u5c97\u5730\u94c1\u7ad9\u5e97)", "order_time": ["2019-01-05 02:22:21"], "total_order": 1, "hotel_value": ["3.9"], "hotel_price": ["129"]}, "793913": {"hotel_name": "\u5e7f\u5dde\u82b1\u57ce\u4e4b\u661f\u8fde\u9501\u9152\u5e97(\u52a8\u7269\u56ed\u5730\u94c1\u7ad9\u5e97)", "order_time": ["2019-01-05 02:22:22"], "total_order": 1, "hotel_value": ["4.2"], "hotel_price": ["157"]}, "7963234": {"hotel_name": "\u7ef4\u4e5f\u7eb3\u56fd\u9645\u9152\u5e97(\u5e7f\u5dde\u540c\u5fb7\u56f4\u5e97)", "order_time": ["2019-01-05 02:22:22", "2019-01-05 02:30:31"], "total_order": 2, "hotel_value": ["4.9", "4.9"], "hotel_price": ["346", "346"]}, "1458152": {"hotel_name": "\u6c49\u5ead\u9152\u5e97(\u5e7f\u5dde\u4e1c\u5703\u5927\u9a6c\u8def\u5e97)", "order_time": ["2019-01-05 02:22:23"], "total_order": 1, "hotel_value": ["4.5"], "hotel_price": ["161"]}, "448803": {"hotel_name": "\u7ef4\u4e5f\u7eb33\u597d\u9152\u5e97(\u5e7f\u5dde\u4f1a\u5c55\u4e2d\u5fc3\u8d64\u5c97\u8def\u5e97)", "order_time": ["2019-01-05 02:22:23"], "total_order": 1, "hotel_value": ["4.4"], "hotel_price": ["249"]}, "1619942": {"hotel_name": "\u5e7f\u5dde\u6d1b\u8299\u7279\u9152\u5e97", "order_time": ["2019-01-05 02:22:23"], "total_order": 1, "hotel_value": ["4.1"], "hotel_price": ["210"]}, "1882478": {"hotel_name": "\u5e7f\u5dde\u5c14\u5609\u7eb3\u79d1\u6c47\u91d1\u8c37\u9152\u5e97\u5f0f\u516c\u5bd3", "order_time": ["2019-01-05 02:22:23"], "total_order": 1, "hotel_value": ["4.5"], "hotel_price": ["179"]}, "26681236": {"hotel_name": "\u5e7f\u5dde\u6c5f\u6cf0\u8def\u5730\u94c1\u7ad9\u4e9a\u6735\u9152\u5e97", "order_time": ["2019-01-05 02:22:23"], "total_order": 1, "hotel_value": ["5.0"], "hotel_price": ["450"]}, "997947": {"hotel_name": "\u5b9c\u5b89\u5546\u52a1\u9152\u5e97(\u5e7f\u5dde\u79d1\u5b66\u57ce\u5c0f\u65b0\u5858\u5e97)", "order_time": ["2019-01-05 02:22:23"], "total_order": 1, "hotel_value": ["4.4"], "hotel_price": ["180"]}, "397512": {"hotel_name": "\u5e7f\u5dde\u9890\u548c\u5927\u9152\u5e97", "order_time": ["2019-01-05 02:22:23"], "total_order": 1, "hotel_value": ["4.7"], "hotel_price": ["1009"]}, "1734427": {"hotel_name": "\u9038\u7c73\u9152\u5e97(\u5e7f\u5dde\u9648\u5bb6\u7960\u5730\u94c1\u7ad9\u5e97)", "order_time": ["2019-01-05 02:22:24"], "total_order": 1, "hotel_value": ["4.0"], "hotel_price": ["111"]}, "1696827": {"hotel_name": "\u80dc\u9ad8\u9152\u5e97(\u5e7f\u5dde\u72ee\u5cad\u76d8\u53e4\u8def\u5e97)(\u539f\u4e09\u6676\u5feb\u6377\u9152\u5e97)", "order_time": ["2019-01-05 02:22:25"], "total_order": 1, "hotel_value": ["3.8"], "hotel_price": ["89"]}, "23406093": {"hotel_name": "\u957f\u9686\u9999\u6c5f\u9152\u5e97(\u5e7f\u5dde\u957f\u9686\u91ce\u751f\u52a8\u7269\u4e16\u754c\u5e97)", "order_time": ["2019-01-05 02:22:26"], "total_order": 1, "hotel_value": ["4.6"], "hotel_price": ["767"]}, "1460650": {"hotel_name": "\u5e7f\u5dde\u5929\u6cb3\u4f53\u80b2\u4e2d\u5fc3\u5e0c\u5c14\u987f\u6b22\u670b\u9152\u5e97", "order_time": ["2019-01-05 02:24:22", "2019-01-05 02:34:21"], "total_order": 2, "hotel_value": ["4.6", "4.6"], "hotel_price": ["596", "596"]}, "5309898": {"hotel_name": "\u5e7f\u5dde\u82b1\u7eaa\u9152\u5e97\u82b1\u90fd\u65b0\u534e\u5e97", "order_time": ["2019-01-05 02:24:22"], "total_order": 1, "hotel_value": ["4.4"], "hotel_price": ["143"]}, "436402": {"hotel_name": "\u4e3d\u8299\u9152\u5e97(\u5e7f\u5dde\u5929\u6cb3\u516c\u56ed\u9ec4\u57d4\u5927\u9053\u6da6\u90fd\u5e97)", "order_time": ["2019-01-05 02:24:22"], "total_order": 1, "hotel_value": ["4.6"], "hotel_price": ["259"]}, "27724499": {"hotel_name": "\u5e7f\u5dde\u5c14\u6cf0\u5feb\u6377\u516c\u5bd3", "order_time": ["2019-01-05 02:24:23"], "total_order": 1, "hotel_value": ["4.8"], "hotel_price": ["128"]}, "6553619": {"hotel_name": "\u6234\u65af\u9152\u5e97(\u5e7f\u5dde\u706b\u8f66\u5357\u7ad9\u5e97)", "order_time": ["2019-01-05 02:24:23"], "total_order": 1, "hotel_value": ["4.4"], "hotel_price": ["334"]}, "17345198": {"hotel_name": "\u5e7f\u5dde\u5357\u6c99\u82b1\u56ed\u9152\u5e97", "order_time": ["2019-01-05 02:24:23"], "total_order": 1, "hotel_value": ["4.7"], "hotel_price": ["978"]}, "446553": {"hotel_name": "\u5e7f\u4e1c\u5730\u8d28\u5c71\u6c34\u9152\u5e97", "order_time": ["2019-01-05 02:24:24"], "total_order": 1, "hotel_value": ["4.4"], "hotel_price": ["349"]}, "1593049": {"hotel_name": "\u5e7f\u5dde\u5c1a\u54c1\u516c\u5bd3", "order_time": ["2019-01-05 02:24:25"], "total_order": 1, "hotel_value": ["4.4"], "hotel_price": ["61"]}, "5248219": {"hotel_name": "\u5e7f\u5dde\u4e91\u6735\u516c\u5bd3\uff08\u539f\u5e7f\u5dde\u957f\u9686\u6708\u7259\u513f\u516c\u5bd3\u9152\u5e97\uff09", "order_time": ["2019-01-05 02:24:25"], "total_order": 1, "hotel_value": ["4.7"], "hotel_price": ["173"]}, "6990807": {"hotel_name": "ahotel\u670d\u52a1\u5f0f\u516c\u5bd3(\u5e7f\u5dde\u6c49\u6eaa\u957f\u9686\u5730\u94c1\u7ad9\u5e97)", "order_time": ["2019-01-05 02:26:20"], "total_order": 1, "hotel_value": ["4.6"], "hotel_price": ["243"]}, "471426": {"hotel_name": "\u9e97\u67ab\u9152\u5e97(\u5e7f\u5dde\u5ba2\u6751\u5730\u94c1\u7ad9\u7436\u6d32\u4f1a\u5c55\u4e2d\u5fc3\u5e97)", "order_time": ["2019-01-05 02:26:20"], "total_order": 1, "hotel_value": ["4.8"], "hotel_price": ["250"]}, "7388057": {"hotel_name": "\u7ef4\u4e5f\u7eb3\u56fd\u9645\u9152\u5e97(\u5e7f\u5dde\u79d1\u5b66\u57ce\u5e97)", "order_time": ["2019-01-05 02:26:20"], "total_order": 1, "hotel_value": ["4.9"], "hotel_price": ["389"]}, "8655891": {"hotel_name": "\u5e7f\u5dde\u751f\u7269\u5c9b\u56fd\u9645\u516c\u5bd3", "order_time": ["2019-01-05 02:44:22", "2019-01-05 02:26:21"], "total_order": 2, "hotel_value": ["4.6", "4.6"], "hotel_price": ["319", "319"]}, "852394": {"hotel_name": "\u5e7f\u5dde\u4ebf\u57ce\u6cc9\u8bf4\u9152\u5e97", "order_time": ["2019-01-05 02:26:21"], "total_order": 1, "hotel_value": ["4.5"], "hotel_price": ["2423"]}, "15735567": {"hotel_name": "\u4f70\u66fc\u83b1\u9152\u5e97\u00b7\u7cbe\u9009(\u5e7f\u5dde\u65b0\u767d\u4e91\u56fd\u9645\u673a\u573a\u65d7\u8230\u5e97)", "order_time": ["2019-01-05 02:36:21", "2019-01-05 02:26:21"], "total_order": 2, "hotel_value": ["4.7", "4.7"], "hotel_price": ["193", "193"]}, "344998": {"hotel_name": "\u5e7f\u5dde\u6d77\u822a\u5a01\u65af\u6c40\u9152\u5e97", "order_time": ["2019-01-05 02:42:26", "2019-01-05 02:26:21"], "total_order": 2, "hotel_value": ["4.6", "4.6"], "hotel_price": ["892", "892"]}, "21806928": {"hotel_name": "\u4f70\u5408\u7cbe\u9009\u56fd\u9645\u5ea6\u5047\u516c\u5bd3(\u5e7f\u5dde\u5408\u751f\u5e7f\u573a\u5e97)", "order_time": ["2019-01-05 02:26:22"], "total_order": 1, "hotel_value": ["4.7"], "hotel_price": ["198"]}, "425915": {"hotel_name": "\u5e7f\u5dde\u65b0\u4e16\u7eaa\u9152\u5e97", "order_time": ["2019-01-05 02:26:22"], "total_order": 1, "hotel_value": ["4.4"], "hotel_price": ["330"]}, "19871394": {"hotel_name": "\u4e07\u76db\u548c\u5174\u5927\u9152\u5e97(\u5e7f\u5dde\u767d\u4e91\u673a\u573a\u4eba\u548c\u5730\u94c1\u7ad9\u5e97)", "order_time": ["2019-01-05 02:26:27"], "total_order": 1, "hotel_value": ["4.3"], "hotel_price": ["123"]}, "1962016": {"hotel_name": "\u7ef4\u4e5f\u7eb3\u9152\u5e97(\u5e7f\u5dde\u767d\u4e91\u673a\u573a\u949f\u843d\u6f6d\u5e97)(\u539f\u5e7f\u4ece\u8def\u5e97)", "order_time": ["2019-01-05 02:28:23"], "total_order": 1, "hotel_value": ["4.9"], "hotel_price": ["264"]}, "512229": {"hotel_name": "\u6e2f\u6da6\u7ca4\u5317\u9152\u5e97(\u5e7f\u5dde\u4e16\u8d38\u4e2d\u5fc3\u5e97)", "order_time": ["2019-01-05 02:28:23", "2019-01-05 02:38:21"], "total_order": 2, "hotel_value": ["4.5", "4.5"], "hotel_price": ["204", "204"]}, "18048360": {"hotel_name": "\u9e97\u67ab\u9152\u5e97(\u5e7f\u5dde\u5609\u79be\u671b\u5c97\u5730\u94c1\u7ad9\u5cad\u5357\u65b0\u4e16\u754c\u5e97)", "order_time": ["2019-01-05 02:28:23"], "total_order": 1, "hotel_value": ["4.8"], "hotel_price": ["236"]}, "6870146": {"hotel_name": "\u4e3d\u8299\u9152\u5e97(\u5e7f\u5dde\u5854\u9886\u4e8b\u9986\u5e97)", "order_time": ["2019-01-05 02:28:23"], "total_order": 1, "hotel_value": ["4.5"], "hotel_price": ["263"]}, "23714291": {"hotel_name": "\u4e3d\u9014\u884c\u653f\u516c\u5bd3(\u5e7f\u5dde\u73e0\u6c5f\u65b0\u57ce\u5fa1\u516c\u9986\u5e97)", "order_time": ["2019-01-05 02:28:23"], "total_order": 1, "hotel_value": ["4.8"], "hotel_price": ["558"]}, "347024": {"hotel_name": "\u5e7f\u5dde\u5723\u4e30\u7d22\u83f2\u7279\u5927\u9152\u5e97", "order_time": ["2019-01-05 02:28:24"], "total_order": 1, "hotel_value": ["4.6"], "hotel_price": ["933"]}, "512583": {"hotel_name": "\u5e7f\u5dde\u73e0\u6c5f\u56fd\u9645\u9152\u5e97", "order_time": ["2019-01-05 02:28:24"], "total_order": 1, "hotel_value": ["4.3"], "hotel_price": ["459"]}, "1726949": {"hotel_name": "\u8fce\u5546\u9152\u5e97(\u5e7f\u5dde\u4e2d\u5c71\u516b\u5730\u94c1\u7ad9\u5e97)", "order_time": ["2019-01-05 02:28:24"], "total_order": 1, "hotel_value": ["4.5"], "hotel_price": ["258"]}, "910981": {"hotel_name": "\u5e7f\u5dde\u666e\u5170\u5185\u7279\u6982\u5ff5\u9152\u5e97", "order_time": ["2019-01-05 02:28:25"], "total_order": 1, "hotel_value": ["4.6"], "hotel_price": ["378"]}, "26625358": {"hotel_name": "\u6d77\u6d0b\u4e4b\u661f\u9152\u5e97(\u5e7f\u5dde\u957f\u9686\u5e97)", "order_time": ["2019-01-05 02:28:25"], "total_order": 1, "hotel_value": ["4.9"], "hotel_price": ["318"]}, "15065586": {"hotel_name": "\u57ce\u5e02\u4fbf\u6377\u9152\u5e97(\u5e7f\u5dde\u767d\u4e91\u4e1c\u5e73\u5730\u94c1\u7ad9\u5e97)(\u539f\u4e1c\u5e73\u667a\u5f97\u5e7f\u573a\u5e97)", "order_time": ["2019-01-05 02:28:25"], "total_order": 1, "hotel_value": ["4.4"], "hotel_price": ["170"]}, "4090186": {"hotel_name": "\u5e7f\u5dde\u70ed\u79d1\u5bbe\u9986", "order_time": ["2019-01-05 02:28:26"], "total_order": 1, "hotel_value": ["3.8"], "hotel_price": ["115"]}, "23763896": {"hotel_name": "\u5e7f\u5dde\u79d1\u5c3c\u7279\u56fd\u9645\u8fde\u9501\u9152\u5e97", "order_time": ["2019-01-05 02:30:30"], "total_order": 1, "hotel_value": ["4.9"], "hotel_price": ["362"]}, "5758085": {"hotel_name": "\u67cf\u66fc\u9152\u5e97(\u5e7f\u5dde\u5e02\u6865\u5730\u94c1\u7ad9\u6613\u53d1\u6b65\u884c\u8857\u5e97)", "order_time": ["2019-01-05 02:30:30"], "total_order": 1, "hotel_value": ["4.5"], "hotel_price": ["199"]}, "1584701": {"hotel_name": "\u9e97\u67ab\u9152\u5e97(\u5e7f\u5dde\u5929\u6cb3\u516c\u56ed\u5458\u6751\u5730\u94c1\u7ad9\u5e97)", "order_time": ["2019-01-05 02:30:30"], "total_order": 1, "hotel_value": ["4.6"], "hotel_price": ["271"]}, "453356": {"hotel_name": "\u5e7f\u5dde\u54c1\u6676\u94c2\u6797\u56fd\u9645\u516c\u5bd3", "order_time": ["2019-01-05 02:30:31"], "total_order": 1, "hotel_value": ["4.0"], "hotel_price": ["180"]}, "781249": {"hotel_name": "\u5e7f\u5dde\u963f\u8fea\u8fbe\u9152\u5e97", "order_time": ["2019-01-05 02:30:32"], "total_order": 1, "hotel_value": ["4.4"], "hotel_price": ["202"]}, "4835849": {"hotel_name": "\u5e7f\u5dde\u8d6b\u66fc\u9152\u5e97", "order_time": ["2019-01-05 02:30:32"], "total_order": 1, "hotel_value": ["4.1"], "hotel_price": ["204"]}, "2309482": {"hotel_name": "\u5e7f\u5dde\u7f57\u66fc\u516c\u5bd3", "order_time": ["2019-01-05 02:30:35"], "total_order": 1, "hotel_value": ["3.9"], "hotel_price": ["74"]}, "23742594": {"hotel_name": "\u5e7f\u5dde\u6c49\u6052\u516c\u5bd3", "order_time": ["2019-01-05 02:30:44"], "total_order": 1, "hotel_value": [0], "hotel_price": ["373"]}, "3003510": {"hotel_name": "\u7ef4\u4e5f\u7eb3\u9152\u5e97(\u5e7f\u5dde\u756a\u79ba\u4e07\u8fbe\u5e7f\u573a\u5e97)(\u539f\u4e2d\u534e\u7f8e\u98df\u57ce\u5e97)", "order_time": ["2019-01-05 02:32:21"], "total_order": 1, "hotel_value": ["4.8"], "hotel_price": ["296"]}, "1209535": {"hotel_name": "\u79c1\u4eab\u5bb6\u8fde\u9501\u9152\u5e97\u516c\u5bd3(\u5e7f\u5dde\u756a\u79ba\u5965\u56ed\u5e7f\u573a\u5e97)", "order_time": ["2019-01-05 02:32:22"], "total_order": 1, "hotel_value": ["4.4"], "hotel_price": ["188"]}, "449899": {"hotel_name": "\u5e7f\u5dde\u88d5\u901a\u5927\u9152\u5e97", "order_time": ["2019-01-05 02:32:22"], "total_order": 1, "hotel_value": ["4.4"], "hotel_price": ["393"]}, "392493": {"hotel_name": "\u5e7f\u5dde\u83b1\u798f\u5e7f\u6b66\u9152\u5e97", "order_time": ["2019-01-05 02:32:22"], "total_order": 1, "hotel_value": ["4.4"], "hotel_price": ["337"]}, "6106732": {"hotel_name": "\u5e7f\u5dde\u4e00\u4f11\u7cbe\u54c1\u516c\u5bd3\u7436\u6d32\u4f1a\u5c55\u4e2d\u5fc3\u5e97", "order_time": ["2019-01-05 02:32:23"], "total_order": 1, "hotel_value": ["4.4"], "hotel_price": ["142"]}, "12605567": {"hotel_name": "\u5e7f\u5dde\u8c6a\u7f8e\u4e9a\u9152\u5e97(\u539f\u8c6a\u4e9a\u9152\u5e97)", "order_time": ["2019-01-05 02:32:23"], "total_order": 1, "hotel_value": ["4.7"], "hotel_price": ["279"]}, "1470464": {"hotel_name": "\u5e7f\u5dde\u60a6\u54c1\u56db\u5b63\u4e3b\u9898\u9152\u5e97", "order_time": ["2019-01-05 02:32:23"], "total_order": 1, "hotel_value": ["4.0"], "hotel_price": ["173"]}, "429562": {"hotel_name": "\u5e7f\u5dde\u9999\u683c\u91cc\u62c9\u5927\u9152\u5e97", "order_time": ["2019-01-05 02:32:23"], "total_order": 1, "hotel_value": ["4.6"], "hotel_price": ["909"]}, "346487": {"hotel_name": "\u5e7f\u5dde\u4e07\u5bcc\u5e0c\u5c14\u987f\u9152\u5e97", "order_time": ["2019-01-05 02:32:23"], "total_order": 1, "hotel_value": ["4.6"], "hotel_price": ["700"]}, "512125": {"hotel_name": "\u5e7f\u5dde\u5357\u4e30\u6717\u8c6a\u9152\u5e97", "order_time": ["2019-01-05 02:44:24", "2019-01-05 02:34:21"], "total_order": 2, "hotel_value": ["4.7", "4.7"], "hotel_price": ["667", "667"]}, "792701": {"hotel_name": "\u5e7f\u5dde\u767d\u4e91\u57ce\u5e02\u9152\u5e97", "order_time": ["2019-01-05 02:34:22"], "total_order": 1, "hotel_value": ["4.4"], "hotel_price": ["227"]}, "2271795": {"hotel_name": "7\u5929\u8fde\u9501\u9152\u5e97(\u5e7f\u5dde\u4ece\u5316\u96c5\u5c45\u4e50\u5e97)", "order_time": ["2019-01-05 02:34:23"], "total_order": 1, "hotel_value": ["4.5"], "hotel_price": ["126"]}, "8546406": {"hotel_name": "\u7cbe\u9014\u9152\u5e97\u5e7f\u5dde\u5e7f\u56ed\u5174\u53d1\u5e7f\u573a\u5e97", "order_time": ["2019-01-05 02:34:23"], "total_order": 1, "hotel_value": ["4.5"], "hotel_price": ["114"]}, "18076549": {"hotel_name": "\u58f9\u53f7\u516c\u5bd3(\u5e7f\u5dde\u9ad8\u94c1\u4f1a\u6c5f\u5730\u94c1\u7ad9\u5e97)", "order_time": ["2019-01-05 02:34:25"], "total_order": 1, "hotel_value": ["4.2"], "hotel_price": ["156"]}, "454118": {"hotel_name": "\u5e7f\u5dde\u94f6\u6cb3\u5927\u9152\u5e97", "order_time": ["2019-01-05 02:36:20"], "total_order": 1, "hotel_value": ["4.0"], "hotel_price": ["209"]}, "1049322": {"hotel_name": "\u5317\u6d77\u7a3b\u9152\u5e97(\u5e7f\u5dde\u4e07\u8fbe\u7f8e\u98df\u57ce\u5e97)", "order_time": ["2019-01-05 02:36:20"], "total_order": 1, "hotel_value": ["4.5"], "hotel_price": ["268"]}, "486068": {"hotel_name": "\u5e7f\u5dde\u9999\u6e7e\u9152\u5e97", "order_time": ["2019-01-05 02:36:20"], "total_order": 1, "hotel_value": ["4.3"], "hotel_price": ["348"]}, "512678": {"hotel_name": "\u5e7f\u5dde\u5929\u7f8e\u9152\u5e97", "order_time": ["2019-01-05 02:36:20"], "total_order": 1, "hotel_value": ["4.3"], "hotel_price": ["367"]}, "3796577": {"hotel_name": "\u6587\u661f\u8fde\u9501\u9152\u5e97(\u5e7f\u5dde\u65b0\u5e02\u5e97)", "order_time": ["2019-01-05 02:36:21"], "total_order": 1, "hotel_value": ["4.6"], "hotel_price": ["159"]}, "1504983": {"hotel_name": "\u5e7f\u5dde\u9ea6\u6995\u9152\u5e97", "order_time": ["2019-01-05 02:36:21", "2019-01-05 02:40:25"], "total_order": 2, "hotel_value": ["4.2", "4.2"], "hotel_price": ["184", "184"]}, "396591": {"hotel_name": "\u5e7f\u5dde\u661f\u6cb3\u6e7e\u9152\u5e97", "order_time": ["2019-01-05 02:36:21"], "total_order": 1, "hotel_value": ["4.7"], "hotel_price": ["724"]}, "11835339": {"hotel_name": "\u67cf\u66fc\u9152\u5e97(\u5e7f\u5dde\u5854\u5ba2\u6751\u5730\u94c1\u7ad9\u7436\u6d32\u4f1a\u5c55\u65d7\u8230\u5e97)", "order_time": ["2019-01-05 02:52:22", "2019-01-05 02:36:21"], "total_order": 2, "hotel_value": ["4.7", "4.7"], "hotel_price": ["247", "247"]}, "1226331": {"hotel_name": "\u901f8\u9152\u5e97(\u5e7f\u5dde\u767d\u4e91\u91d1\u6c99\u6d32\u6c99\u8d1d\u5730\u94c1\u7ad9\u5e97)", "order_time": ["2019-01-05 02:36:22"], "total_order": 1, "hotel_value": ["4.3"], "hotel_price": ["163"]}, "512705": {"hotel_name": "\u5e7f\u5dde\u8363\u5a01\u5927\u9152\u5e97", "order_time": ["2019-01-05 02:36:23"], "total_order": 1, "hotel_value": ["4.2"], "hotel_price": ["134"]}, "2089987": {"hotel_name": "\u5e7f\u5dde\u666f\u8f89\u8fde\u9501\u9152\u5e97", "order_time": ["2019-01-05 02:36:23"], "total_order": 1, "hotel_value": ["4.2"], "hotel_price": ["138"]}, "2077628": {"hotel_name": "\u6587\u661f\u8fde\u9501\u9152\u5e97(\u5e7f\u5dde\u4f1a\u5c55\u4e2d\u5fc3\u8d64\u5c97\u5e97)", "order_time": ["2019-01-05 02:38:22"], "total_order": 1, "hotel_value": ["4.3"], "hotel_price": ["114"]}, "8868655": {"hotel_name": "\u563b\u54c8\u56fd\u9645\u516c\u5bd3(\u5e7f\u5dde\u529b\u8fbe\u5e7f\u573a\u5e97)", "order_time": ["2019-01-05 02:38:22"], "total_order": 1, "hotel_value": ["4.5"], "hotel_price": ["296"]}, "1733122": {"hotel_name": "\u6587\u661f\u8fde\u9501\u9152\u5e97\u5e7f\u5dde\u5b66\u9662\u7ad9\u5e97", "order_time": ["2019-01-05 02:38:22"], "total_order": 1, "hotel_value": ["4.1"], "hotel_price": ["139"]}, "776873": {"hotel_name": "\u5e7f\u5dde\u534e\u5357\u7406\u5de5\u5927\u5b66\u897f\u6e56\u82d1\u5bbe\u9986", "order_time": ["2019-01-05 02:38:23"], "total_order": 1, "hotel_value": ["4.3"], "hotel_price": ["1406"]}, "4389578": {"hotel_name": "\u5e7f\u5dde\u5fae\u871c\u4e3b\u9898\u9152\u5e97", "order_time": ["2019-01-05 02:38:24"], "total_order": 1, "hotel_value": ["4.5"], "hotel_price": ["143"]}, "1581496": {"hotel_name": "\u5e7f\u5dde\u592a\u4f73\u5feb\u6377\u9152\u5e97", "order_time": ["2019-01-05 02:38:24"], "total_order": 1, "hotel_value": ["4.1"], "hotel_price": ["72"]}, "2005649": {"hotel_name": "E+\u8fde\u9501\u9152\u5e97(\u539f\u963f\u62c9\u5353\u76c8\u9152\u5e97)", "order_time": ["2019-01-05 02:38:26"], "total_order": 1, "hotel_value": ["4.3"], "hotel_price": ["130"]}, "5668496": {"hotel_name": "\u5e7f\u5dde\u9ec4\u57d4\u533a\u671d\u9633\u516c\u5bd3", "order_time": ["2019-01-05 02:38:27"], "total_order": 1, "hotel_value": ["4.8"], "hotel_price": ["89"]}, "396590": {"hotel_name": "\u5e7f\u5dde\u534e\u53a6\u5927\u9152\u5e97", "order_time": ["2019-01-05 02:40:22"], "total_order": 1, "hotel_value": ["4.4"], "hotel_price": ["507"]}, "3666264": {"hotel_name": "\u5e7f\u5dde\u94c2\u777f2359\u516c\u5bd3", "order_time": ["2019-01-05 02:40:22"], "total_order": 1, "hotel_value": ["4.1"], "hotel_price": ["162"]}, "14583761": {"hotel_name": "\u5e7f\u5dde\u83b1\u65af\u65f6\u5c1a\u516c\u5bd3", "order_time": ["2019-01-05 02:58:25", "2019-01-05 02:40:23"], "total_order": 2, "hotel_value": ["4.6", "4.6"], "hotel_price": ["201", "201"]}, "393346": {"hotel_name": "\u5e7f\u5dde\u7fe1\u7fe0\u7687\u51a0\u5047\u65e5\u9152\u5e97", "order_time": ["2019-01-05 02:40:23"], "total_order": 1, "hotel_value": ["4.6"], "hotel_price": ["583"]}, "698005": {"hotel_name": "\u5e7f\u5dde\u9e3f\u6e90\u9152\u5e97", "order_time": ["2019-01-05 02:40:23"], "total_order": 1, "hotel_value": ["4.4"], "hotel_price": ["343"]}, "6808437": {"hotel_name": "\u67cf\u66fc\u9152\u5e97(\u5e7f\u5dde\u4e09\u5143\u91cc\u5927\u9053\u4e2d\u5e97)(\u539f\u58f9\u5fc3\u5bbe\u9986)", "order_time": ["2019-01-05 02:40:24"], "total_order": 1, "hotel_value": ["4.7"], "hotel_price": ["213"]}, "9133544": {"hotel_name": "\u5e7f\u5dde\u8da3\u81f4\u56fd\u9645\u516c\u5bd3(\u529b\u8fbe\u5e7f\u573a\u5e97)", "order_time": ["2019-01-05 02:42:24"], "total_order": 1, "hotel_value": ["4.4"], "hotel_price": ["311"]}, "1622692": {"hotel_name": "\u767b\u5df4\u56fd\u9645\u8fde\u9501\u5ba2\u6808(\u5e7f\u5dde\u4e94\u7f8a\u65b0\u57ce\u5e97)", "order_time": ["2019-01-05 02:42:24"], "total_order": 1, "hotel_value": ["4.5"], "hotel_price": ["86"]}, "9078273": {"hotel_name": "\u5bd3\u7c73\u6b22\u805a\u516c\u5bd3(\u5e7f\u5dde\u5bcc\u529b\u4e1c\u5c71\u65b0\u5929\u5730\u5e97)", "order_time": ["2019-01-05 02:42:25"], "total_order": 1, "hotel_value": ["4.6"], "hotel_price": ["378"]}, "926908": {"hotel_name": "\u5e7f\u5dde\u56fd\u5ead\u9152\u5e97", "order_time": ["2019-01-05 02:42:25"], "total_order": 1, "hotel_value": ["4.4"], "hotel_price": ["158"]}, "27850450": {"hotel_name": "\u6854\u5b50\u9152\u5e97\u7cbe\u9009(\u5e7f\u5dde\u706b\u8f66\u7ad9\u5e97)", "order_time": ["2019-01-05 02:42:25"], "total_order": 1, "hotel_value": ["4.9"], "hotel_price": ["291"]}, "1775293": {"hotel_name": "\u5c71\u6c34\u65f6\u5c1a\u9152\u5e97(\u5e7f\u5dde\u767d\u4e91\u5927\u9053\u5e7f\u5916\u5e97)(\u539f\u65c5\u68a6\u9152\u5e97)", "order_time": ["2019-01-05 02:42:25"], "total_order": 1, "hotel_value": ["4.7"], "hotel_price": ["219"]}, "5493984": {"hotel_name": "\u793c\u9014\u9152\u5e97(\u5e7f\u5dde\u6dd8\u91d1\u5730\u94c1\u7ad9\u5e97)", "order_time": ["2019-01-05 02:42:26", "2019-01-05 02:54:22"], "total_order": 2, "hotel_value": ["4.6", "4.6"], "hotel_price": ["338", "338"]}, "396595": {"hotel_name": "\u5e7f\u5dde\u90a6\u6cf0\u56fd\u9645\u516c\u5bd3", "order_time": ["2019-01-05 02:54:23", "2019-01-05 02:42:26"], "total_order": 2, "hotel_value": ["4.0", "4.0"], "hotel_price": ["226", "226"]}, "2300378": {"hotel_name": "7\u5929\u8fde\u9501\u9152\u5e97(\u5e7f\u5dde\u5929\u6cb3\u4e1c\u5e97)", "order_time": ["2019-01-05 02:42:26"], "total_order": 1, "hotel_value": ["4.2"], "hotel_price": ["188"]}, "1728059": {"hotel_name": "\u4e3d\u8299\u9152\u5e97(\u5e7f\u5dde\u9e64\u6d1e\u897f\u6717\u5730\u94c1\u7ad9\u5e97)", "order_time": ["2019-01-05 02:42:26"], "total_order": 1, "hotel_value": ["4.6"], "hotel_price": ["196"]}, "1887622": {"hotel_name": "\u9e97\u67ab\u9152\u5e97(\u5e7f\u5dde\u5929\u6cb3\u5ba2\u8fd0\u7ad9\u5730\u94c1\u7ad9\u5e97)", "order_time": ["2019-01-05 02:42:26"], "total_order": 1, "hotel_value": ["4.7"], "hotel_price": ["286"]}, "347027": {"hotel_name": "\u5e7f\u5dde\u7ca4\u6d77\u559c\u6765\u767b\u9152\u5e97", "order_time": ["2019-01-05 02:42:27"], "total_order": 1, "hotel_value": ["4.7"], "hotel_price": ["933"]}, "1775731": {"hotel_name": "\u5e7f\u5dde\u8c6a\u6cc9\u9152\u5e97", "order_time": ["2019-01-05 02:42:27"], "total_order": 1, "hotel_value": ["3.9"], "hotel_price": ["160"]}, "1285115": {"hotel_name": "\u661f\u4e9a\u9152\u5e97(\u5e7f\u5dde\u534e\u5357\u78a7\u6842\u56ed\u5e97)", "order_time": ["2019-01-05 02:42:27"], "total_order": 1, "hotel_value": ["4.0"], "hotel_price": ["117"]}, "3003743": {"hotel_name": "\u5e7f\u5dde\u9999\u6c34\u6e7e\u9152\u5e97", "order_time": ["2019-01-05 02:42:28"], "total_order": 1, "hotel_value": ["4.6"], "hotel_price": ["153"]}, "2302142": {"hotel_name": "\u5982\u82d1\u7cbe\u54c1\u9152\u5e97(\u5e7f\u5dde\u5e02\u6865\u5927\u5317\u8def\u5e97)", "order_time": ["2019-01-05 02:42:28"], "total_order": 1, "hotel_value": ["4.7"], "hotel_price": ["150"]}, "1505163": {"hotel_name": "\u5bd3\u7c73\u6b22\u805a\u516c\u5bd3(\u5e7f\u5dde\u5929\u6cb3\u6b63\u4f73\u5e7f\u573a\u5e97)", "order_time": ["2019-01-05 02:56:21", "2019-01-05 02:44:22"], "total_order": 2, "hotel_value": ["4.4", "4.4"], "hotel_price": ["469", "469"]}, "392499": {"hotel_name": "\u5e7f\u5dde\u56fd\u5fb7\u56fd\u9645\u5927\u9152\u5e97", "order_time": ["2019-01-05 02:44:23"], "total_order": 1, "hotel_value": ["4.4"], "hotel_price": ["510"]}, "1053310": {"hotel_name": "7\u5929\u8fde\u9501\u9152\u5e97(\u5e7f\u5dde\u5317\u4eac\u8def\u5730\u94c1\u7ad9\u4e8c\u5e97)", "order_time": ["2019-01-05 02:44:23"], "total_order": 1, "hotel_value": ["4.3"], "hotel_price": ["193"]}, "8903711": {"hotel_name": "\u5982\u5bb6\u7cbe\u9009\u9152\u5e97(\u5e7f\u5dde\u841d\u5c97\u9999\u96ea\u5730\u94c1\u7ad9\u5e97)", "order_time": ["2019-01-05 02:44:23"], "total_order": 1, "hotel_value": ["4.8"], "hotel_price": ["245"]}, "522715": {"hotel_name": "\u5e7f\u5dde\u6021\u5bb6\u5047\u65e5\u9152\u5e97", "order_time": ["2019-01-05 02:44:23"], "total_order": 1, "hotel_value": ["4.6"], "hotel_price": ["107"]}, "433869": {"hotel_name": "\u559c\u8fd0\u670d\u52a1\u516c\u5bd3(\u5e7f\u5dde\u7436\u6d32\u4fdd\u5229\u4e16\u8d38\u5e97)\uff08\u539f\u5e7f\u5dde\u4fdd\u5229\u4e16\u8d38\u516c\u5bd3\u5e97)", "order_time": ["2019-01-05 02:44:23"], "total_order": 1, "hotel_value": ["4.5"], "hotel_price": ["396"]}, "426591": {"hotel_name": "\u9e97\u67ab\u9152\u5e97(\u5e7f\u5dde\u957f\u9686\u5e02\u6865\u5730\u94c1\u7ad9\u6613\u53d1\u6b65\u884c\u8857\u5e97)", "order_time": ["2019-01-05 02:54:22", "2019-01-05 02:44:23"], "total_order": 2, "hotel_value": ["4.8", "4.8"], "hotel_price": ["248", "248"]}, "431937": {"hotel_name": "\u5e7f\u5dde\u5609\u9038\u56fd\u9645\u9152\u5e97", "order_time": ["2019-01-05 02:44:23"], "total_order": 1, "hotel_value": ["4.6"], "hotel_price": ["549"]}, "1917651": {"hotel_name": "\u5e7f\u5dde\u6211\u5bb6\u4eb2\u5b50\u4e3b\u9898\u516c\u5bd3(\u539f\u6c6a\u6c6a\u961f\u7acb\u5927\u529f\u4eb2\u5b50\u516c\u5bd3)", "order_time": ["2019-01-05 02:44:23"], "total_order": 1, "hotel_value": ["4.6"], "hotel_price": ["243"]}, "22579836": {"hotel_name": "\u9038\u9152\u5e97\u516c\u5bd3(\u5e7f\u5dde\u5bcc\u529b\u4e1c\u5c71\u65b0\u5929\u5730\u5e97)", "order_time": ["2019-01-05 02:44:24"], "total_order": 1, "hotel_value": ["4.5"], "hotel_price": ["259"]}, "3154008": {"hotel_name": "\u79c1\u4eab\u5bb6\u8fde\u9501\u9152\u5e97\u516c\u5bd3(\u5e7f\u5dde\u4e0a\u57ce\u56fd\u9645\u5e97)", "order_time": ["2019-01-05 02:44:25"], "total_order": 1, "hotel_value": ["4.5"], "hotel_price": ["178"]}, "26556578": {"hotel_name": "\u897f\u5c14\u66fc\u5ea6\u5047\u516c\u5bd3(\u5e7f\u5dde\u4e1c\u6653\u5357\u5730\u94c1\u7ad9\u5e97)", "order_time": ["2019-01-05 02:44:26"], "total_order": 1, "hotel_value": ["4.8"], "hotel_price": ["191"]}, "5979756": {"hotel_name": "\u5e7f\u5dde\u6cfd\u9f99\u8c6a\u534e\u516c\u5bd3\u57f9\u6b63\u5b66\u9662\u5e97", "order_time": ["2019-01-05 02:44:27"], "total_order": 1, "hotel_value": ["4.0"], "hotel_price": ["84"]}, "25278093": {"hotel_name": "\u5e7f\u5dde\u82b1\u90fd\u5e0c\u5c14\u987f\u6b22\u670b\u9152\u5e97", "order_time": ["2019-01-05 02:46:22"], "total_order": 1, "hotel_value": ["4.8"], "hotel_price": ["539"]}, "2043910": {"hotel_name": "V\u9152\u5e97(\u5e7f\u5dde\u5929\u6cb3\u5ba2\u8fd0\u7ad9\u5e97)", "order_time": ["2019-01-05 02:46:22"], "total_order": 1, "hotel_value": ["4.1"], "hotel_price": ["156"]}, "5217883": {"hotel_name": "\u5e7f\u5dde\u534e\u99a8\u9152\u5e97", "order_time": ["2019-01-05 02:46:28"], "total_order": 1, "hotel_value": ["4.1"], "hotel_price": ["100"]}, "471190": {"hotel_name": "\u6613\u6210\u56fd\u9645\u9152\u5e97\u516c\u5bd3(\u5e7f\u5dde\u4e1c\u7ad9\u4fdd\u5229\u4e2d\u6c47\u5e97)", "order_time": ["2019-01-05 02:48:22"], "total_order": 1, "hotel_value": ["4.6"], "hotel_price": ["367"]}, "17448829": {"hotel_name": "\u9038\u5448\u9152\u5e97\u516c\u5bd3(\u5e7f\u5dde\u6b63\u4f73\u5e7f\u573a\u5e97)(\u539f\u6735\u4e9a\u56fd\u9645\u9152\u5e97\u516c\u5bd3)", "order_time": ["2019-01-05 02:48:22"], "total_order": 1, "hotel_value": ["4.5"], "hotel_price": ["488"]}, "17493086": {"hotel_name": "\u7ef4\u4e5f\u7eb3\u56fd\u9645\u9152\u5e97(\u5e7f\u5dde\u6d77\u73e0\u5ba2\u8fd0\u7ad9\u5e97)", "order_time": ["2019-01-05 02:48:22"], "total_order": 1, "hotel_value": ["4.9"], "hotel_price": ["269"]}, "7295022": {"hotel_name": "\u7ef4\u4e5f\u7eb3\u56fd\u9645\u9152\u5e97(\u5e7f\u5dde\u756a\u79ba\u7948\u798f\u65b0\u90a8\u5e97)", "order_time": ["2019-01-05 02:48:23"], "total_order": 1, "hotel_value": ["4.8"], "hotel_price": ["339"]}, "446572": {"hotel_name": "0\u4e94\u4e07\u4fe1\u9152\u5e97(\u5e7f\u5dde\u8d64\u5c97\u5e97)", "order_time": ["2019-01-05 02:48:23"], "total_order": 1, "hotel_value": ["4.6"], "hotel_price": ["229"]}, "426753": {"hotel_name": "\u5e7f\u5dde\u6052\u4e1c\u5546\u52a1\u9152\u5e97", "order_time": ["2019-01-05 02:48:23"], "total_order": 1, "hotel_value": ["4.5"], "hotel_price": ["213"]}, "1731769": {"hotel_name": "\u7687\u5ba4\u5821\u9152\u5e97(\u5e7f\u5dde\u706b\u8f66\u7ad9\u5e97)(\u539f\u77f3\u6cb9\u5bbe\u9986)", "order_time": ["2019-01-05 02:48:23"], "total_order": 1, "hotel_value": ["4.4"], "hotel_price": ["151"]}, "428545": {"hotel_name": "\u9526\u6c5f\u90fd\u57ce\u9152\u5e97(\u5e7f\u5dde\u4e07\u8fbe\u5e7f\u573a\u5e97)", "order_time": ["2019-01-05 02:48:24"], "total_order": 1, "hotel_value": ["4.6"], "hotel_price": ["372"]}, "2700958": {"hotel_name": "\u4e3d\u67ab\u9152\u5e97\u5f0f\u516c\u5bd3(\u5e7f\u5dde\u5929\u6cb3\u6b63\u4f73\u5e7f\u573a\u5e97)", "order_time": ["2019-01-05 02:48:24"], "total_order": 1, "hotel_value": ["4.6"], "hotel_price": ["427"]}, "1252731": {"hotel_name": "\u5e7f\u5dde\u6b22\u4e50\u516c\u5bd3", "order_time": ["2019-01-05 02:48:24"], "total_order": 1, "hotel_value": ["4.3"], "hotel_price": ["205"]}, "1226928": {"hotel_name": "\u5e7f\u5dde\u767e\u5bb6\u5feb\u6377\u9152\u5e97", "order_time": ["2019-01-05 02:48:26"], "total_order": 1, "hotel_value": ["3.9"], "hotel_price": ["95"]}, "3418826": {"hotel_name": "\u5e7f\u5dde\u6052\u4e30\u9152\u5e97", "order_time": ["2019-01-05 02:48:27"], "total_order": 1, "hotel_value": ["4.4"], "hotel_price": ["251"]}, "19591307": {"hotel_name": "\u5e7f\u5dde\u534e\u6797\u5ba2\u6808", "order_time": ["2019-01-05 02:48:27"], "total_order": 1, "hotel_value": ["4.5"], "hotel_price": ["171"]}, "1773746": {"hotel_name": "\u57ce\u5e02\u4fbf\u6377\u9152\u5e97(\u5e7f\u5dde\u590f\u8305\u6c7d\u8f66\u7ad9\u5e97)(\u539f\u5a01\u739b\u5bbe\u9986)", "order_time": ["2019-01-05 02:48:28"], "total_order": 1, "hotel_value": [0], "hotel_price": ["103"]}, "9125101": {"hotel_name": "\u5e7f\u5dde\u76ca\u5bb6\u9752\u5e74\u65c5\u820d\u8f66\u9642\u5357\u5e97", "order_time": ["2019-01-05 02:48:29"], "total_order": 1, "hotel_value": ["4.5"], "hotel_price": ["33"]}, "968878": {"hotel_name": "\u5168\u5b63\u9152\u5e97(\u5e7f\u5dde\u4e1c\u5c71\u53e3\u5e97)", "order_time": ["2019-01-05 02:50:23"], "total_order": 1, "hotel_value": ["4.6"], "hotel_price": ["354"]}, "1731421": {"hotel_name": "\u5fae\u516b\u9038\u5c45\u9152\u5e97(\u5e7f\u5dde\u706b\u8f66\u7ad9\u5e97)(\u539f\u5fae\u516b\u9152\u5e97\u6893\u5143\u5c97\u5e97)", "order_time": ["2019-01-05 02:50:24"], "total_order": 1, "hotel_value": ["4.6"], "hotel_price": ["232"]}, "1172018": {"hotel_name": "\u5982\u5bb6\u5feb\u6377\u9152\u5e97(\u5e7f\u5dde\u53a6\u6ed8\u5730\u94c1\u7ad9\u6c99\u6eaa\u56fd\u9645\u9152\u5e97\u7528\u54c1\u57ce\u5e97)", "order_time": ["2019-01-05 02:50:24", "2019-01-05 02:58:27"], "total_order": 2, "hotel_value": ["4.5", "4.5"], "hotel_price": ["163", "163"]}, "5379627": {"hotel_name": "\u5e7f\u5dde\u756a\u79ba\u533a\u5609\u534e\u9152\u5e97", "order_time": ["2019-01-05 02:50:26"], "total_order": 1, "hotel_value": ["4.3"], "hotel_price": ["94"]}, "19682962": {"hotel_name": "\u5e7f\u5dde\u701a\u84dd\u516c\u5bd3", "order_time": ["2019-01-05 02:50:30"], "total_order": 1, "hotel_value": ["2.6"], "hotel_price": ["69"]}, "827146": {"hotel_name": "\u5e7f\u5dde\u51ef\u65cb\u5bbe\u9986", "order_time": ["2019-01-05 02:50:30"], "total_order": 1, "hotel_value": ["3.9"], "hotel_price": ["66"]}, "2304254": {"hotel_name": "7\u5929\u8fde\u9501\u9152\u5e97\uff08\u5e7f\u5dde\u8d8a\u79c0\u5357\u8def\u56e2\u4e00\u5927\u5e7f\u573a\u5730\u94c1\u7ad9\u5e97\uff09", "order_time": ["2019-01-05 02:52:21"], "total_order": 1, "hotel_value": ["4.1"], "hotel_price": ["155"]}, "454622": {"hotel_name": "\u5e7f\u5dde\u5609\u9038\u7687\u51a0\u9152\u5e97", "order_time": ["2019-01-05 02:52:21"], "total_order": 1, "hotel_value": ["4.5"], "hotel_price": ["366"]}, "2946017": {"hotel_name": "\u5e7f\u5dde\u5a01\u73c0\u65af\u9152\u5e97", "order_time": ["2019-01-05 02:52:22"], "total_order": 1, "hotel_value": ["4.5"], "hotel_price": ["669"]}, "2082657": {"hotel_name": "\u79c1\u4eab\u5bb6\u8fde\u9501\u9152\u5e97\u516c\u5bd3(\u5e7f\u5dde\u6d1b\u6eaa\u5730\u94c1\u7ad9\u6e14\u4eba\u7801\u5934\u5e97)", "order_time": ["2019-01-05 02:52:23"], "total_order": 1, "hotel_value": ["4.4"], "hotel_price": ["178"]}, "1501561": {"hotel_name": "\u5982\u5bb6\u5feb\u6377\u9152\u5e97(\u5e7f\u5dde\u4eba\u548c\u5927\u8857\u5e97)", "order_time": ["2019-01-05 02:52:23"], "total_order": 1, "hotel_value": ["4.5"], "hotel_price": ["122"]}, "12091221": {"hotel_name": "\u9038\u7c73\u9152\u5e97(\u5e7f\u5dde\u7f57\u51b2\u56f4\u5e97)", "order_time": ["2019-01-05 02:52:24"], "total_order": 1, "hotel_value": ["4.6"], "hotel_price": ["106"]}, "1329557": {"hotel_name": "\u5e7f\u5bb6\u9152\u5e97\u516c\u5bd3(\u5e7f\u5dde\u756a\u79ba\u5e02\u6865\u5e97)", "order_time": ["2019-01-05 02:52:24"], "total_order": 1, "hotel_value": ["4.3"], "hotel_price": ["143"]}, "6170390": {"hotel_name": "\u5e7f\u5dde\u9014\u4e4b\u5bb6\u7cbe\u54c1\u9152\u5e97\u5f0f\u516c\u5bd3", "order_time": ["2019-01-05 02:54:21"], "total_order": 1, "hotel_value": ["4.6"], "hotel_price": ["98"]}, "6263667": {"hotel_name": "\u51ef\u822a\u56fd\u9645\u9152\u5e97(\u5e7f\u5dde\u767d\u4e91\u56fd\u9645\u673a\u573a\u5e97)(\u539f\u519b\u521b\u56fd\u9645\u9152\u5e97)", "order_time": ["2019-01-05 02:54:27"], "total_order": 1, "hotel_value": ["4.6"], "hotel_price": ["179"]}, "2920258": {"hotel_name": "\u94a7\u73ba\u4e3b\u9898\u5f0f\u9152\u5e97\u516c\u5bd3(\u5e7f\u5dde\u4e07\u8fbe\u6c49\u6eaa\u957f\u9686\u5730\u94c1\u7ad9\u5e97)", "order_time": ["2019-01-05 02:56:21"], "total_order": 1, "hotel_value": ["4.4"], "hotel_price": ["138"]}, "4978579": {"hotel_name": "\u5e7f\u5dde\u6d6a\u6f2b\u53f7\u4e3b\u9898\u9152\u5e97", "order_time": ["2019-01-05 02:56:21"], "total_order": 1, "hotel_value": ["4.8"], "hotel_price": ["198"]}, "16114924": {"hotel_name": "\u5e7f\u5dde\u83b1\u9f0e\u822a\u7a7a\u5546\u52a1\u9152\u5e97", "order_time": ["2019-01-05 02:56:21"], "total_order": 1, "hotel_value": ["4.8"], "hotel_price": ["129"]}, "21149333": {"hotel_name": "\u559c\u6765\u822a\u7a7a\u9152\u5e97(\u5e7f\u5dde\u65b0\u767d\u4e91\u56fd\u9645\u673a\u573a\u5e97)", "order_time": ["2019-01-05 02:56:22"], "total_order": 1, "hotel_value": ["4.8"], "hotel_price": ["160"]}, "20027515": {"hotel_name": "\u4e03\u6a59\u5546\u52a1\u516c\u5bd3(\u5e7f\u5dde\u5c97\u9876\u5730\u94c1\u7ad9\u9f99\u53e3\u897f\u5e97)", "order_time": ["2019-01-05 02:56:24"], "total_order": 1, "hotel_value": ["3.7"], "hotel_price": ["159"]}, "1619965": {"hotel_name": "\u5e7f\u5dde\u4e5d\u9f99\u57ce\u5546\u52a1\u5bbe\u9986", "order_time": ["2019-01-05 02:56:24"], "total_order": 1, "hotel_value": ["4.0"], "hotel_price": ["205"]}, "1055859": {"hotel_name": "\u91d1\u96c5\u6cf0\u5546\u52a1\u9152\u5e97(\u5e7f\u5dde\u5609\u79be\u5e97)", "order_time": ["2019-01-05 02:56:28"], "total_order": 1, "hotel_value": ["3.8"], "hotel_price": ["150"]}, "8900078": {"hotel_name": "\u559c\u8fd0\u9152\u5e97\u670d\u52a1\u516c\u5bd3(\u5e7f\u5dde\u6768\u7b95\u5bcc\u529b\u4e1c\u5c71\u65b0\u5929\u5730\u5e97)", "order_time": ["2019-01-05 02:58:25"], "total_order": 1, "hotel_value": ["4.6"], "hotel_price": ["406"]}, "444262": {"hotel_name": "\u5e7f\u5dde\u5a01\u5c3c\u56fd\u9645\u9152\u5e97", "order_time": ["2019-01-05 02:58:25"], "total_order": 1, "hotel_value": ["4.2"], "hotel_price": ["387"]}, "8052388": {"hotel_name": "\u5e7f\u5dde\u897f\u4e3d\u9152\u5e97", "order_time": ["2019-01-05 02:58:25"], "total_order": 1, "hotel_value": ["4.5"], "hotel_price": ["216"]}, "13913892": {"hotel_name": "\u539f\u7d20\u6982\u5ff5\u9152\u5e97(\u5e7f\u5dde\u65b0\u767d\u4e91\u56fd\u9645\u673a\u573a\u5e97)", "order_time": ["2019-01-05 02:58:25"], "total_order": 1, "hotel_value": ["4.6"], "hotel_price": ["209"]}, "9183043": {"hotel_name": "Q\u52a0\u00b7\u82ad\u63d0\u96c5\u9601\u516c\u5bd3(\u5e7f\u5dde\u5965\u56ed\u5e97)", "order_time": ["2019-01-05 02:58:25"], "total_order": 1, "hotel_value": ["4.5"], "hotel_price": ["208"]}, "1044943": {"hotel_name": "\u5982\u5bb6\u5feb\u6377\u9152\u5e97(\u5e7f\u5dde\u4e0a\u4e0b\u4e5d\u957f\u5bff\u8def\u5730\u94c1\u7ad9\u5e97)", "order_time": ["2019-01-05 02:58:26"], "total_order": 1, "hotel_value": ["4.7"], "hotel_price": ["240"]}, "1582737": {"hotel_name": "\u6587\u661f\u8fde\u9501\u9152\u5e97(\u5e7f\u5dde\u79d1\u97f5\u8def\u5e97)", "order_time": ["2019-01-05 02:58:26"], "total_order": 1, "hotel_value": ["4.1"], "hotel_price": ["147"]}, "432755": {"hotel_name": "\u5e7f\u5dde\u5353\u5c0a\u91d1\u838e\u5927\u9152\u5e97", "order_time": ["2019-01-05 02:58:26"], "total_order": 1, "hotel_value": ["4.4"], "hotel_price": ["211"]}, "456137": {"hotel_name": "\u5e7f\u5dde\u5927\u8363\u9152\u5e97", "order_time": ["2019-01-05 02:58:27"], "total_order": 1, "hotel_value": ["4.1"], "hotel_price": ["180"]}, "6082046": {"hotel_name": "\u7ef4\u5ea6\u9152\u5e97\u5f0f\u516c\u5bd3(\u5e7f\u5dde\u8d8a\u79c0\u516c\u56ed\u706b\u8f66\u7ad9\u5e97)", "order_time": ["2019-01-05 02:58:29"], "total_order": 1, "hotel_value": ["4.6"], "hotel_price": ["212"]}}}