{"\u5f00\u59cb\u8bb0\u5f55\u65f6\u95f4": "2019-01-18 01:39:07", "\u7ed3\u675f\u8bb0\u5f55\u65f6\u95f4": "2019-01-18 03:02:07", "\u8ba2\u5355\u603b\u589e\u91cf": 423, "item": {"4657816": {"hotel_name": "\u4f0a\u83b2\u00b7\u8428\u7ef4\u5c14\u56fd\u9645\u9152\u5e97\u516c\u5bd3(\u5e7f\u5dde\u73e0\u6c5f\u65b0\u57ce\u5e97)", "order_time": ["2019-01-18 01:40:39", "2019-01-18 01:40:58", "2019-01-18 01:41:09"], "total_order": 3, "hotel_value": ["4.5", "4.5", "4.5"], "hotel_price": ["399", "399", "399"]}, "7786346": {"hotel_name": "\u67cf\u66fc\u9152\u5e97(\u5e7f\u5dde\u65b0\u5e02\u9ec4\u77f3\u897f\u8def\u5e97)", "order_time": ["2019-01-18 01:41:53", "2019-01-18 01:47:10"], "total_order": 2, "hotel_value": ["4.7", "4.7"], "hotel_price": ["160", "160"]}, "3204115": {"hotel_name": "\u9c7c\u73e0\u6e7e\u9152\u5e97(\u5e7f\u5dde\u7436\u6d32\u4f1a\u5c55\u5e97)", "order_time": ["2019-01-18 01:41:56"], "total_order": 1, "hotel_value": ["4.3"], "hotel_price": ["258"]}, "428643": {"hotel_name": "\u5e7f\u5dde\u4e3d\u67cf\u56fd\u9645\u9152\u5e97", "order_time": ["2019-01-18 01:41:57"], "total_order": 1, "hotel_value": ["4.6"], "hotel_price": ["368"]}, "419887": {"hotel_name": "\u5e7f\u5dde\u767d\u4e91\u673a\u573a\u94c2\u5c14\u66fc\u5927\u9152\u5e97", "order_time": ["2019-01-18 01:41:57"], "total_order": 1, "hotel_value": ["4.7"], "hotel_price": ["1368"]}, "857175": {"hotel_name": "\u5e7f\u5dde\u9890\u548c\u516c\u5bd3(\u539f\u9890\u548c\u76db\u4e16\u5927\u9152\u5e97)", "order_time": ["2019-01-18 01:41:59", "2019-01-18 02:06:57", "2019-01-18 02:21:17"], "total_order": 3, "hotel_value": ["4.5", "4.5", "4.5"], "hotel_price": ["376", "376", "376"]}, "21149333": {"hotel_name": "\u559c\u6765\u822a\u7a7a\u9152\u5e97(\u5e7f\u5dde\u65b0\u767d\u4e91\u56fd\u9645\u673a\u573a\u5e97)", "order_time": ["2019-01-18 01:41:59"], "total_order": 1, "hotel_value": ["4.8"], "hotel_price": ["166"]}, "17879922": {"hotel_name": "\u540e\u5ba2\u667a\u6167\u9152\u5e97\uff08\u5e7f\u5dde\u65b0\u5858\u5730\u94c1\u7ad9\u5e97\uff09", "order_time": ["2019-01-18 01:42:03"], "total_order": 1, "hotel_value": ["4.5"], "hotel_price": ["169"]}, "4425256": {"hotel_name": "\u9038\u7c73\u516c\u5bd3(\u5e7f\u5dde\u7436\u6d32\u4f1a\u5c55\u4e2d\u5fc3\u5e97)", "order_time": ["2019-01-18 01:42:05"], "total_order": 1, "hotel_value": ["4.1"], "hotel_price": ["128"]}, "859243": {"hotel_name": "\u57ce\u5e02\u4fbf\u6377\u9152\u5e97(\u5e7f\u5dde\u540c\u5fb7\u56f4\u5e97)", "order_time": ["2019-01-18 01:42:06"], "total_order": 1, "hotel_value": ["3.8"], "hotel_price": ["159"]}, "4637064": {"hotel_name": "\u57ce\u5e02\u4fbf\u6377\u9152\u5e97(\u5e7f\u5dde\u9e93\u82d1\u8def\u6dd8\u91d1\u5e97)", "order_time": ["2019-01-18 02:18:29", "2019-01-18 01:42:10"], "total_order": 2, "hotel_value": ["4.5", "4.5"], "hotel_price": ["272", "272"]}, "1692154": {"hotel_name": "\u5e7f\u5dde\u592a\u548c\u5927\u90fd\u5546\u52a1\u9152\u5e97", "order_time": ["2019-01-18 01:42:11"], "total_order": 1, "hotel_value": ["4.6"], "hotel_price": ["124"]}, "21784486": {"hotel_name": "\u5e7f\u5dde\u5b89\u7279\u516c\u5bd3", "order_time": ["2019-01-18 01:42:14"], "total_order": 1, "hotel_value": ["4.7"], "hotel_price": ["124"]}, "910241": {"hotel_name": "\u5e7f\u5dde\u91d1\u6d77\u5cb8\u9152\u5e97", "order_time": ["2019-01-18 01:42:19"], "total_order": 1, "hotel_value": ["3.0"], "hotel_price": ["121"]}, "1647508": {"hotel_name": "\u4f18\u4f18\u56fd\u9645\u516c\u5bd3(\u5e7f\u5dde\u6b63\u4f73\u73af\u5e02\u4e2d\u5fc3\u5e97)", "order_time": ["2019-01-18 01:42:24"], "total_order": 1, "hotel_value": ["4.5"], "hotel_price": ["254"]}, "6441570": {"hotel_name": "\u5e7f\u5dde\u5b89\u5357\u5feb\u6377\u9152\u5e97", "order_time": ["2019-01-18 01:42:54"], "total_order": 1, "hotel_value": ["3.8"], "hotel_price": ["97"]}, "15945252": {"hotel_name": "\u9e97\u67ab\u9152\u5e97(\u5e7f\u5dde\u767d\u4e91\u5927\u9053\u5317\u5730\u94c1\u7ad9\u5e97)", "order_time": ["2019-01-18 01:55:43", "2019-01-18 01:44:25", "2019-01-18 02:32:16"], "total_order": 3, "hotel_value": ["4.8", "4.8", "4.8"], "hotel_price": ["231", "231", "231"]}, "1418729": {"hotel_name": "\u540c\u5409\u5047\u65e5\u9152\u5e97(\u5e7f\u5dde\u73e0\u6c5f\u65b0\u57ce\u5e97)", "order_time": ["2019-01-18 01:44:26"], "total_order": 1, "hotel_value": ["4.5"], "hotel_price": ["468"]}, "6990807": {"hotel_name": "ahotel\u670d\u52a1\u5f0f\u516c\u5bd3(\u5e7f\u5dde\u6c49\u6eaa\u957f\u9686\u5730\u94c1\u7ad9\u5e97)", "order_time": ["2019-01-18 01:44:30"], "total_order": 1, "hotel_value": ["4.6"], "hotel_price": ["291"]}, "8680857": {"hotel_name": "\u5e7f\u5dde\u7c73\u8c46\u9152\u5e97\u516c\u5bd3", "order_time": ["2019-01-18 01:44:32"], "total_order": 1, "hotel_value": ["4.7"], "hotel_price": ["120"]}, "923257": {"hotel_name": "7\u5929\u8fde\u9501\u9152\u5e97(\u5e7f\u5dde\u82b3\u6751\u5730\u94c1\u7ad9\u5e97)", "order_time": ["2019-01-18 01:44:36"], "total_order": 1, "hotel_value": ["4.4"], "hotel_price": ["177"]}, "1695851": {"hotel_name": "\u5e7f\u5dde\u541b\u7687\u9152\u5e97", "order_time": ["2019-01-18 02:07:03", "2019-01-18 01:44:37"], "total_order": 2, "hotel_value": ["4.3", "4.3"], "hotel_price": ["163", "163"]}, "1717623": {"hotel_name": "\u4e00\u5446\u516c\u5bd3\u00b7\u5e7f\u5dde\u4fdd\u5229\u4e2d\u8fbe", "order_time": ["2019-01-18 01:44:37"], "total_order": 1, "hotel_value": ["4.3"], "hotel_price": ["579"]}, "9315373": {"hotel_name": "\u67cf\u9ad8\u9152\u5e97(\u5e7f\u5dde\u5854\u5927\u5858\u5730\u94c1\u7ad9\u5e97)", "order_time": ["2019-01-18 01:44:37"], "total_order": 1, "hotel_value": ["4.4"], "hotel_price": ["248"]}, "17056225": {"hotel_name": "\u5e7f\u5dde\u6674\u9152\u5e97", "order_time": ["2019-01-18 01:44:38"], "total_order": 1, "hotel_value": ["4.6"], "hotel_price": ["380"]}, "1254970": {"hotel_name": "\u5e7f\u5dde\u7fe1\u4e3d\u56fd\u9645\u5927\u9152\u5e97", "order_time": ["2019-01-18 01:44:39"], "total_order": 1, "hotel_value": ["4.6"], "hotel_price": ["292"]}, "6722235": {"hotel_name": "\u5e7f\u5dde\u7a57\u548c\u745e\u65af\u4e3d\u9152\u5e97\u516c\u5bd3", "order_time": ["2019-01-18 01:44:40"], "total_order": 1, "hotel_value": ["4.3"], "hotel_price": ["398"]}, "436406": {"hotel_name": "\u5e7f\u5dde\u534e\u8302\u4e2d\u5fc3\u9152\u5e97", "order_time": ["2019-01-18 01:44:40"], "total_order": 1, "hotel_value": ["4.5"], "hotel_price": ["366"]}, "2306891": {"hotel_name": "\u5e7f\u5dde\u540d\u9a8f\u5a01\u9152\u5e97", "order_time": ["2019-01-18 01:44:41"], "total_order": 1, "hotel_value": ["4.5"], "hotel_price": ["228"]}, "5765772": {"hotel_name": "\u9526\u73a5\u5927\u9152\u5e97(\u5e7f\u5dde\u673a\u573a\u8def\u9ec4\u77f3\u5e97)", "order_time": ["2019-01-18 01:44:42", "2019-01-18 01:50:12"], "total_order": 2, "hotel_value": ["4.4", "4.4"], "hotel_price": ["229", "229"]}, "419302": {"hotel_name": "\u5e7f\u5dde\u957f\u9686\u9152\u5e97", "order_time": ["2019-01-18 01:46:05"], "total_order": 1, "hotel_value": ["4.6"], "hotel_price": ["1247"]}, "522715": {"hotel_name": "\u5e7f\u5dde\u6021\u5bb6\u5047\u65e5\u9152\u5e97", "order_time": ["2019-01-18 01:47:09", "2019-01-18 02:15:19"], "total_order": 2, "hotel_value": ["4.6", "4.6"], "hotel_price": ["107", "107"]}, "3242973": {"hotel_name": "\u5e7f\u5dde\u6d77\u822a\u5546\u52a1\u516c\u5bd3", "order_time": ["2019-01-18 01:47:11"], "total_order": 1, "hotel_value": ["4.8"], "hotel_price": ["96"]}, "2300499": {"hotel_name": "\u4e3d\u8299\u9152\u5e97(\u5e7f\u5dde\u4e07\u79d1\u91cc\u6c5f\u6cf0\u8def\u5730\u94c1\u7ad9\u5e97)", "order_time": ["2019-01-18 01:47:12", "2019-01-18 01:52:54"], "total_order": 2, "hotel_value": ["4.6", "4.6"], "hotel_price": ["288", "288"]}, "1583498": {"hotel_name": "\u51ef\u91cc\u4e9a\u5fb7\u9152\u5e97(\u5e7f\u5dde\u4e0a\u4e0b\u4e5d\u5e97)", "order_time": ["2019-01-18 01:47:12"], "total_order": 1, "hotel_value": ["4.6"], "hotel_price": ["337"]}, "3291954": {"hotel_name": "\u52a0\u5dde\u65f6\u5c1a\u516c\u5bd3(\u5e7f\u5dde\u65b0\u767d\u4e91\u56fd\u9645\u673a\u573a\u5e97)", "order_time": ["2019-01-18 01:47:13", "2019-01-18 02:09:26", "2019-01-18 02:15:31"], "total_order": 3, "hotel_value": ["4.7", "4.7", "4.7"], "hotel_price": ["108", "108", "108"]}, "3067545": {"hotel_name": "\u57ce\u5e02\u4fbf\u6377\u9152\u5e97(\u5e7f\u5dde\u68e0\u4e0b\u9a8f\u666f\u7436\u6d32\u4f1a\u5c55\u5e97)", "order_time": ["2019-01-18 01:47:14"], "total_order": 1, "hotel_value": ["4.4"], "hotel_price": ["183"]}, "454118": {"hotel_name": "\u5e7f\u5dde\u94f6\u6cb3\u5927\u9152\u5e97", "order_time": ["2019-01-18 02:01:15", "2019-01-18 01:47:16"], "total_order": 2, "hotel_value": ["4.0", "4.0"], "hotel_price": ["228", "228"]}, "1199258": {"hotel_name": "\u5e7f\u5dde\u5357\u65b9\u5927\u53a6\u9152\u5e97", "order_time": ["2019-01-18 01:47:16"], "total_order": 1, "hotel_value": ["4.0"], "hotel_price": ["201"]}, "1058406": {"hotel_name": "\u51ef\u65cb\u9f99\u8fde\u9501\u9152\u5e97(\u5e7f\u5dde\u73af\u5e02\u8def\u533a\u5e84\u5730\u94c1\u7ad9\u5e97)(\u539f\u533a\u5e84\u534e\u7ca4\u5e97)", "order_time": ["2019-01-18 01:47:17"], "total_order": 1, "hotel_value": ["4.8"], "hotel_price": ["334"]}, "23806577": {"hotel_name": "\u68b5\u94c2\u9152\u5e97(\u5e7f\u5dde\u767d\u4e91\u673a\u573a\u4f53\u9a8c\u5e97)", "order_time": ["2019-01-18 01:47:17"], "total_order": 1, "hotel_value": ["4.6"], "hotel_price": ["368"]}, "21160909": {"hotel_name": "\u7ef4\u4e5f\u7eb3\u65af\u9152\u5e97\u00b7\u7cbe\u9009(\u5e7f\u5dde\u65b0\u767d\u4e91\u56fd\u9645\u673a\u573a\u5e97)", "order_time": ["2019-01-18 01:47:17"], "total_order": 1, "hotel_value": ["4.7"], "hotel_price": ["218"]}, "8557419": {"hotel_name": "\u5586\u5561\u9152\u5e97(\u5e7f\u5dde\u897f\u5173\u957f\u5bff\u8def\u5730\u94c1\u7ad9\u5e97)", "order_time": ["2019-01-18 02:37:53", "2019-01-18 01:47:18"], "total_order": 2, "hotel_value": ["4.7", "4.7"], "hotel_price": ["358", "358"]}, "346487": {"hotel_name": "\u5e7f\u5dde\u4e07\u5bcc\u5e0c\u5c14\u987f\u9152\u5e97", "order_time": ["2019-01-18 01:47:19", "2019-01-18 02:26:58"], "total_order": 2, "hotel_value": ["4.6", "4.6"], "hotel_price": ["850", "850"]}, "15029384": {"hotel_name": "\u5e7f\u5dde\u957f\u9686\u718a\u732b\u9152\u5e97", "order_time": ["2019-01-18 01:47:20", "2019-01-18 03:00:03"], "total_order": 2, "hotel_value": ["4.7", "4.7"], "hotel_price": ["1298", "1298"]}, "456187": {"hotel_name": "\u5e7f\u5dde\u5361\u5a01\u5c14\u9152\u5e97", "order_time": ["2019-01-18 01:47:20"], "total_order": 1, "hotel_value": ["4.5"], "hotel_price": ["356"]}, "5512865": {"hotel_name": "\u6052\u4e1c\u7cbe\u9009\u9152\u5e97\u516c\u5bd3(\u5e7f\u5dde\u6c11\u95f4\u91d1\u878d\u5927\u53a6\u5e97)", "order_time": ["2019-01-18 01:47:20", "2019-01-18 02:23:54"], "total_order": 2, "hotel_value": ["4.5", "4.5"], "hotel_price": ["124", "124"]}, "430587": {"hotel_name": "\u57ce\u8ff9\u9152\u5e97(\u5e7f\u5dde\u4f53\u80b2\u4e2d\u5fc3\u77f3\u724c\u6865\u5730\u94c1\u7ad9\u5e97)", "order_time": ["2019-01-18 01:47:21"], "total_order": 1, "hotel_value": ["4.5"], "hotel_price": ["443"]}, "1226331": {"hotel_name": "\u901f8\u9152\u5e97(\u5e7f\u5dde\u767d\u4e91\u91d1\u6c99\u6d32\u6c99\u8d1d\u5730\u94c1\u7ad9\u5e97)", "order_time": ["2019-01-18 01:47:24"], "total_order": 1, "hotel_value": ["4.3"], "hotel_price": ["163"]}, "5029042": {"hotel_name": "\u5586\u5561\u9152\u5e97(\u5e7f\u5dde\u767d\u4e91\u5927\u9053\u5317\u5e97)", "order_time": ["2019-01-18 01:47:31"], "total_order": 1, "hotel_value": ["4.7"], "hotel_price": ["268"]}, "14947481": {"hotel_name": "\u6613\u6210\u5047\u65e5\u7cbe\u54c1\u9152\u5e97\u516c\u5bd3(\u5e7f\u5dde\u756a\u79ba\u4e07\u8fbe\u62db\u5546\u57ce\u5e02\u4e3b\u573a\u5e97)", "order_time": ["2019-01-18 01:47:31"], "total_order": 1, "hotel_value": ["4.7"], "hotel_price": ["216"]}, "450721": {"hotel_name": "\u5e7f\u5dde\u7269\u6d41\u5546\u52a1\u9152\u5e97", "order_time": ["2019-01-18 01:47:32"], "total_order": 1, "hotel_value": ["4.2"], "hotel_price": ["140"]}, "2305172": {"hotel_name": "7\u5929\u8fde\u9501\u9152\u5e97(\u5e7f\u5dde\u4e1c\u5703\u5730\u94c1\u7ad9\u4e1c\u5703\u5927\u9a6c\u8def\u5e97)", "order_time": ["2019-01-18 01:47:33"], "total_order": 1, "hotel_value": ["4.3"], "hotel_price": ["178"]}, "1480595": {"hotel_name": "\u5e7f\u5dde\u8f89\u8c6a\u9152\u5e97", "order_time": ["2019-01-18 01:47:34"], "total_order": 1, "hotel_value": ["4.4"], "hotel_price": ["178"]}, "4826548": {"hotel_name": "\u4e50\u6e38\u9752\u5e74\u65c5\u820d(\u5e7f\u5dde\u534e\u5e08\u5e97)", "order_time": ["2019-01-18 01:47:36"], "total_order": 1, "hotel_value": ["4.7"], "hotel_price": ["57"]}, "5384105": {"hotel_name": "\u5e7f\u5dde\u5609\u52a0\u5546\u52a1\u9152\u5e97", "order_time": ["2019-01-18 01:47:38", "2019-01-18 02:09:53"], "total_order": 2, "hotel_value": ["3.7", "3.7"], "hotel_price": ["109", "109"]}, "1963740": {"hotel_name": "\u5bd3\u7c73\u516c\u5bd3(\u5e7f\u5dde\u756a\u79ba\u4e07\u8fbe\u5e97)", "order_time": ["2019-01-18 01:47:39"], "total_order": 1, "hotel_value": ["4.2"], "hotel_price": ["216"]}, "3003743": {"hotel_name": "\u5e7f\u5dde\u9999\u6c34\u6e7e\u9152\u5e97", "order_time": ["2019-01-18 01:47:41"], "total_order": 1, "hotel_value": ["4.6"], "hotel_price": ["145"]}, "427412": {"hotel_name": "\u5982\u5bb6\u5feb\u6377\u9152\u5e97(\u5e7f\u5dde\u756a\u79ba\u5e02\u6865\u6b65\u884c\u8857\u5e97)", "order_time": ["2019-01-18 01:53:16", "2019-01-18 01:47:45"], "total_order": 2, "hotel_value": ["4.6", "4.6"], "hotel_price": ["114", "114"]}, "1431478": {"hotel_name": "\u78a7\u6842\u56ed\u7a7a\u6e2f\u51e4\u51f0\u9152\u5e97(\u5e7f\u5dde\u65b0\u767d\u4e91\u673a\u573a\u5e97)", "order_time": ["2019-01-18 01:49:55"], "total_order": 1, "hotel_value": ["4.6"], "hotel_price": ["399"]}, "1695866": {"hotel_name": "\u5e7f\u5dde\u7fd4\u9f99\u7cbe\u54c1\u9152\u5e97", "order_time": ["2019-01-18 01:49:55"], "total_order": 1, "hotel_value": ["4.8"], "hotel_price": ["188"]}, "6128931": {"hotel_name": "\u6854\u5b50\u6c34\u6676\u9152\u5e97(\u5e7f\u5dde\u767d\u4e91\u673a\u573a\u5e97)(\u539f\u82b1\u90fd\u5e97)", "order_time": ["2019-01-18 01:49:55"], "total_order": 1, "hotel_value": ["4.8"], "hotel_price": ["351"]}, "15841091": {"hotel_name": "\u559c\u60a6\u95e8\u9152\u5e97(\u5e7f\u5dde\u4e07\u8fbe\u65c5\u6e38\u57ce\u5e97)", "order_time": ["2019-01-18 01:49:56"], "total_order": 1, "hotel_value": ["4.8"], "hotel_price": ["260"]}, "8445633": {"hotel_name": "\u62c9\u7f8e\u56fd\u9645\u516c\u5bd3(\u5e7f\u5dde\u529b\u8fbe\u5e7f\u573a\u5e97)", "order_time": ["2019-01-18 01:49:59"], "total_order": 1, "hotel_value": ["4.6"], "hotel_price": ["298"]}, "932263": {"hotel_name": "\u5e7f\u5dde\u5929\u6cb3\u4e9a\u6735\u9152\u5e97", "order_time": ["2019-01-18 01:50:03"], "total_order": 1, "hotel_value": ["4.6"], "hotel_price": ["643"]}, "17853749": {"hotel_name": "Q\u52a0\u00b7\u7ca4\u822a\u5927\u9152\u5e97(\u5e7f\u5dde\u767d\u4e91\u56fd\u9645\u673a\u573a\u5e97)", "order_time": ["2019-01-18 01:50:03"], "total_order": 1, "hotel_value": ["4.7"], "hotel_price": ["246"]}, "1733882": {"hotel_name": "\u6587\u661f\u8fde\u9501\u9152\u5e97\u5e7f\u5dde\u534e\u666f\u65b0\u57ce\u5e97", "order_time": ["2019-01-18 01:50:03"], "total_order": 1, "hotel_value": ["4.2"], "hotel_price": ["119"]}, "5271925": {"hotel_name": "\u5e7f\u5ddeElevs\u7231\u5c4b\u516c\u5bd3", "order_time": ["2019-01-18 01:50:05"], "total_order": 1, "hotel_value": ["4.1"], "hotel_price": ["178"]}, "7530310": {"hotel_name": "\u5e7f\u5dde\u5eb7\u83b1\u5fb7\u9152\u5e97", "order_time": ["2019-01-18 01:50:06"], "total_order": 1, "hotel_value": ["4.5"], "hotel_price": ["1316"]}, "669261": {"hotel_name": "\u5e7f\u5dde\u4e39\u987f\u884c\u653f\u516c\u5bd3", "order_time": ["2019-01-18 01:50:07"], "total_order": 1, "hotel_value": ["4.6"], "hotel_price": ["606"]}, "396591": {"hotel_name": "\u5e7f\u5dde\u661f\u6cb3\u6e7e\u9152\u5e97", "order_time": ["2019-01-18 01:50:07"], "total_order": 1, "hotel_value": ["4.7"], "hotel_price": ["796"]}, "668102": {"hotel_name": "\u5e7f\u5dde\u5e0c\u5c14\u987f\u9038\u6797\u9152\u5e97", "order_time": ["2019-01-18 01:50:07"], "total_order": 1, "hotel_value": ["4.6"], "hotel_price": ["1035"]}, "431298": {"hotel_name": "\u67cf\u9ad8\u9152\u5e97(\u5e7f\u5dde\u592a\u53e4\u6c47\u77f3\u724c\u6865\u5730\u94c1\u7ad9\u5e97)", "order_time": ["2019-01-18 01:50:07"], "total_order": 1, "hotel_value": ["4.3"], "hotel_price": ["448"]}, "428361": {"hotel_name": "\u5e7f\u5dde\u5efa\u56fd\u9152\u5e97", "order_time": ["2019-01-18 02:15:22", "2019-01-18 01:50:08"], "total_order": 2, "hotel_value": ["4.6", "4.6"], "hotel_price": ["680", "680"]}, "4646240": {"hotel_name": "\u5e7f\u5dde\u4e91\u90fd\u56fd\u9645\u5927\u9152\u5e97", "order_time": ["2019-01-18 01:50:09"], "total_order": 1, "hotel_value": ["4.3"], "hotel_price": ["306"]}, "26625358": {"hotel_name": "\u6d77\u6d0b\u4e4b\u661f\u9152\u5e97(\u5e7f\u5dde\u957f\u9686\u5e97)", "order_time": ["2019-01-18 01:50:11"], "total_order": 1, "hotel_value": ["4.9"], "hotel_price": ["218"]}, "432755": {"hotel_name": "\u5e7f\u5dde\u5353\u5c0a\u91d1\u838e\u5927\u9152\u5e97", "order_time": ["2019-01-18 01:50:12"], "total_order": 1, "hotel_value": ["4.5"], "hotel_price": ["225"]}, "10607217": {"hotel_name": "\u5e7f\u5dde\u7ea2\u732a\u65c5\u9986", "order_time": ["2019-01-18 01:50:12"], "total_order": 1, "hotel_value": ["4.6"], "hotel_price": ["179"]}, "6724267": {"hotel_name": "\u5e7f\u5dde\u7ef4\u60a6\u670d\u52a1\u5f0f\u516c\u5bd3", "order_time": ["2019-01-18 01:50:16"], "total_order": 1, "hotel_value": ["4.6"], "hotel_price": ["226"]}, "6042195": {"hotel_name": "\u5e7f\u5dde\u68a6\u96c5\u516c\u5bd3", "order_time": ["2019-01-18 01:50:23"], "total_order": 1, "hotel_value": ["4.6"], "hotel_price": ["88"]}, "12825340": {"hotel_name": "\u9014\u80dc\u4e3b\u9898\u516c\u5bd3(\u5e7f\u5dde\u7a7a\u6e2f\u5e97)", "order_time": ["2019-01-18 01:50:28"], "total_order": 1, "hotel_value": ["4.9"], "hotel_price": ["85"]}, "833469": {"hotel_name": "\u5e7f\u5dde\u660a\u4fe1\u9152\u5e97", "order_time": ["2019-01-18 01:50:47"], "total_order": 1, "hotel_value": ["2.9"], "hotel_price": ["98"]}, "6480256": {"hotel_name": "\u7ef4\u4e5f\u7eb3\u56fd\u9645\u9152\u5e97(\u5e7f\u5dde\u77f3\u4e95\u5e97)", "order_time": ["2019-01-18 01:51:38"], "total_order": 1, "hotel_value": ["4.8"], "hotel_price": ["316"]}, "5753099": {"hotel_name": "\u58f9\u52a0\u58f9\u7cbe\u54c1\u9152\u5e97(\u5e7f\u5dde\u65b0\u767d\u4e91\u56fd\u9645\u673a\u573a\u5e97)", "order_time": ["2019-01-18 01:58:26", "2019-01-18 01:52:43"], "total_order": 2, "hotel_value": ["4.7", "4.7"], "hotel_price": ["142", "142"]}, "10914866": {"hotel_name": "Q\u52a0\u00b7\u8def\u6613\u00b7\u65f6\u7a7a\u65d7\u8230\u5e97\u9152\u5e97\u516c\u5bd3(\u5e7f\u5dde\u65b0\u767d\u4e91\u56fd\u9645\u673a\u573a\u5e97)", "order_time": ["2019-01-18 01:52:46"], "total_order": 1, "hotel_value": ["4.7"], "hotel_price": ["160"]}, "4422881": {"hotel_name": "\u62c9\u7f8e\u56fd\u9645\u516c\u5bd3(\u5e7f\u5dde\u6c49\u6eaa\u957f\u9686\u5730\u94c1\u7ad9\u5e97)", "order_time": ["2019-01-18 01:52:46"], "total_order": 1, "hotel_value": ["4.5"], "hotel_price": ["198"]}, "23923689": {"hotel_name": "\u683c\u00b7\u5561\u7cbe\u9009\u516c\u5bd3(\u5e7f\u5dde\u65b0\u767d\u4e91\u56fd\u9645\u673a\u573a\u5e97)", "order_time": ["2019-01-18 01:52:50"], "total_order": 1, "hotel_value": ["4.6"], "hotel_price": ["108"]}, "6681641": {"hotel_name": "\u660e\u6c5f\u8fde\u9501\u516c\u5bd3(\u5e7f\u5dde\u77f3\u58c1\u5730\u94c1\u7ad9\u5e97)(\u539f\u5357\u7ad9\u4e8c\u5e97)", "order_time": ["2019-01-18 01:52:53"], "total_order": 1, "hotel_value": ["4.6"], "hotel_price": ["170"]}, "5499460": {"hotel_name": "\u9e97\u67ab\u9152\u5e97(\u5e7f\u5dde\u6c49\u6eaa\u957f\u9686\u7ad9\u4e07\u8fbe\u5e7f\u573a\u5e97)", "order_time": ["2019-01-18 01:52:55"], "total_order": 1, "hotel_value": ["4.6"], "hotel_price": ["291"]}, "1504983": {"hotel_name": "\u5e7f\u5dde\u9ea6\u6995\u9152\u5e97", "order_time": ["2019-01-18 01:53:00"], "total_order": 1, "hotel_value": ["4.2"], "hotel_price": ["196"]}, "4827011": {"hotel_name": "\u5e7f\u5dde\u91d1\u78a7\u5927\u4e16\u754c\u9152\u5e97", "order_time": ["2019-01-18 01:53:02"], "total_order": 1, "hotel_value": ["4.2"], "hotel_price": ["328"]}, "706061": {"hotel_name": "\u5e7f\u5dde\u4e30\u5174\u5546\u52a1\u5927\u9152\u5e97", "order_time": ["2019-01-18 01:53:03"], "total_order": 1, "hotel_value": ["4.4"], "hotel_price": ["95"]}, "1267197": {"hotel_name": "\u5982\u5bb6\u7d20\u67cf\u00b7\u4e91\u9152\u5e97(\u5e7f\u5dde\u8fce\u5bbe\u58f9\u53f7\u5e97)", "order_time": ["2019-01-18 01:53:03"], "total_order": 1, "hotel_value": ["4.3"], "hotel_price": ["203"]}, "3631764": {"hotel_name": "\u57ce\u5e02\u4fbf\u6377\u9152\u5e97\u5e7f\u5dde\u957f\u9686\u4e07\u535a\u5730\u94c1\u7ad9\u5e97", "order_time": ["2019-01-18 01:53:04"], "total_order": 1, "hotel_value": ["4.5"], "hotel_price": ["203"]}, "5244525": {"hotel_name": "\u4e0a\u82d1\u8fde\u9501\u9152\u5e97(\u5e7f\u5dde\u533a\u5e84\u5e97)(\u539f\u534e\u5ead\u5bbe\u9986)", "order_time": ["2019-01-18 01:53:06"], "total_order": 1, "hotel_value": ["4.3"], "hotel_price": ["183"]}, "3685212": {"hotel_name": "\u4e0a\u9038\u8fde\u9501\u9152\u5e97(\u5e7f\u5dde\u6c5f\u5357\u5e02\u573a\u5e97)(\u539f\u4e0a\u82d1\u8fde\u9501\u9152\u5e97\u589e\u69ce\u8def\u5e97)", "order_time": ["2019-01-18 01:53:06"], "total_order": 1, "hotel_value": ["4.5"], "hotel_price": ["159"]}, "27042186": {"hotel_name": "\u5e7f\u5dde\u77e5\u4e91\u8bbe\u8ba1\u4eba\u516c\u5bd3", "order_time": ["2019-01-18 01:53:06"], "total_order": 1, "hotel_value": ["4.8"], "hotel_price": ["174"]}, "18026888": {"hotel_name": "\u5e7f\u5dde\u5609\u67cf\u9152\u5e97", "order_time": ["2019-01-18 01:53:07"], "total_order": 1, "hotel_value": ["4.5"], "hotel_price": ["108"]}, "1789504": {"hotel_name": "\u80dc\u9f99\u9152\u5e97(\u5e7f\u5dde\u949f\u6751\u5730\u94c1\u7ad9\u5e97)", "order_time": ["2019-01-18 01:53:12"], "total_order": 1, "hotel_value": ["4.1"], "hotel_price": ["120"]}, "1973826": {"hotel_name": "\u9047\u89c1\u65f6\u5c1a\u9152\u5e97(\u5e7f\u5dde\u77f3\u4e95\u57ce\u5e02\u5e7f\u573a\u5e97)", "order_time": ["2019-01-18 01:53:13", "2019-01-18 02:30:05"], "total_order": 2, "hotel_value": ["3.9", "3.9"], "hotel_price": ["103", "103"]}, "6735886": {"hotel_name": "\u5c71\u6c34\u65f6\u5c1a\u9152\u5e97\uff08\u5e7f\u5dde\u6c99\u6751\u5730\u94c1\u7ad9\u5e97)", "order_time": ["2019-01-18 01:53:17"], "total_order": 1, "hotel_value": ["4.8"], "hotel_price": ["163"]}, "1505407": {"hotel_name": "99\u65c5\u9986\u8fde\u9501(\u5e7f\u5dde\u540c\u5fb7\u56f4\u5e97)", "order_time": ["2019-01-18 01:53:17"], "total_order": 1, "hotel_value": ["4.3"], "hotel_price": ["78"]}, "3395098": {"hotel_name": "\u5e7f\u5dde\u5c1a\u5fb7\u9152\u5e97", "order_time": ["2019-01-18 01:53:18"], "total_order": 1, "hotel_value": ["4.3"], "hotel_price": ["478"]}, "20243311": {"hotel_name": "\u94c2\u987f\u56fd\u9645\u516c\u5bd3(\u5e7f\u5dde\u5ba2\u6751\u5408\u751f\u5e7f\u573a\u5e97)", "order_time": ["2019-01-18 01:54:17"], "total_order": 1, "hotel_value": ["4.7"], "hotel_price": ["305"]}, "436938": {"hotel_name": "\u5e7f\u5dde\u6e05\u97f3\u9152\u5e97", "order_time": ["2019-01-18 01:55:35"], "total_order": 1, "hotel_value": ["4.0"], "hotel_price": ["367"]}, "1934769": {"hotel_name": "\u67cf\u9ad8\u9152\u5e97(\u5e7f\u5dde\u5929\u6cb3\u5317\u5929\u5e73\u67b6\u5730\u94c1\u7ad9\u5e97)", "order_time": ["2019-01-18 01:55:37"], "total_order": 1, "hotel_value": ["4.7"], "hotel_price": ["398"]}, "6477527": {"hotel_name": "\u5e7f\u5dde\u5353\u601d\u9053\u6e29\u6cc9\u5ea6\u5047\u9152\u5e97", "order_time": ["2019-01-18 01:55:37"], "total_order": 1, "hotel_value": ["4.6"], "hotel_price": ["1588"]}, "5758085": {"hotel_name": "\u67cf\u66fc\u9152\u5e97(\u5e7f\u5dde\u5e02\u6865\u5730\u94c1\u7ad9\u6613\u53d1\u6b65\u884c\u8857\u5e97)", "order_time": ["2019-01-18 02:06:44", "2019-01-18 01:55:42", "2019-01-18 02:59:56"], "total_order": 3, "hotel_value": ["4.5", "4.5", "4.5"], "hotel_price": ["188", "188", "188"]}, "6468744": {"hotel_name": "\u63d0\u5b50\u8fde\u9501\u9152\u5e97(\u5e7f\u5dde\u767d\u4e91\u673a\u573a\u4e00\u5e97)", "order_time": ["2019-01-18 02:06:50", "2019-01-18 01:55:44", "2019-01-18 02:09:44"], "total_order": 3, "hotel_value": ["4.5", "4.5", "4.5"], "hotel_price": ["86", "86", "86"]}, "909587": {"hotel_name": "\u5e7f\u5dde\u4e1c\u57ce\u5bbe\u9986", "order_time": ["2019-01-18 01:55:44", "2019-01-18 02:51:50"], "total_order": 2, "hotel_value": ["4.3", "4.3"], "hotel_price": ["148", "148"]}, "1505357": {"hotel_name": "99\u65c5\u9986\u8fde\u9501(\u5e7f\u5dde\u5e02\u4e8c\u5bab\u5730\u94c1\u7ad9\u5e97)", "order_time": ["2019-01-18 01:55:44"], "total_order": 1, "hotel_value": ["4.1"], "hotel_price": ["97"]}, "448022": {"hotel_name": "\u5e7f\u5dde\u90a6\u56fd\u9152\u5e97", "order_time": ["2019-01-18 01:55:45"], "total_order": 1, "hotel_value": ["4.2"], "hotel_price": ["309"]}, "6170390": {"hotel_name": "\u5e7f\u5dde\u9014\u4e4b\u5bb6\u7cbe\u54c1\u9152\u5e97\u5f0f\u516c\u5bd3", "order_time": ["2019-01-18 01:55:45"], "total_order": 1, "hotel_value": ["4.6"], "hotel_price": ["100"]}, "2143370": {"hotel_name": "7\u5929\u8fde\u9501\u9152\u5e97(\u5e7f\u5dde\u5e02\u6865\u5927\u5317\u8def\u5730\u94c1\u7ad9\u5e97)(\u539f\u5409\u6854\u9152\u5e97)", "order_time": ["2019-01-18 01:55:46"], "total_order": 1, "hotel_value": ["4.3"], "hotel_price": ["99"]}, "4528920": {"hotel_name": "\u5e7f\u5dde\u6c38\u5fb7\u5821\u56fd\u9645\u9152\u5e97", "order_time": ["2019-01-18 01:55:46", "2019-01-18 02:09:39"], "total_order": 2, "hotel_value": ["4.4", "4.4"], "hotel_price": ["188", "188"]}, "1691816": {"hotel_name": "\u5e7f\u5dde\u5cad\u5357\u6625\u9152\u5e97", "order_time": ["2019-01-18 01:55:50"], "total_order": 1, "hotel_value": ["3.2"], "hotel_price": ["179"]}, "2236465": {"hotel_name": "\u53cc\u57ce\u9633\u5149\u516c\u5bd3(\u5e7f\u5dde\u7f8e\u56fd\u7b7e\u8bc1\u4f4f\u5bbf\u4e2d\u5fc3\u5e97\uff09", "order_time": ["2019-01-18 01:55:52"], "total_order": 1, "hotel_value": ["4.4"], "hotel_price": ["282"]}, "1748361": {"hotel_name": "\u9038\u7c73\u9152\u5e97(\u5e7f\u5dde\u5317\u4eac\u8def\u5730\u94c1\u7ad9\u5e97)", "order_time": ["2019-01-18 01:55:55"], "total_order": 1, "hotel_value": ["4.0"], "hotel_price": ["165"]}, "963260": {"hotel_name": "\u7231\u4e1c\u7cbe\u54c1\u9152\u5e97(\u5e7f\u5dde\u98de\u7fd4\u516c\u56ed\u5e97)", "order_time": ["2019-01-18 01:55:57"], "total_order": 1, "hotel_value": ["4.4"], "hotel_price": ["102"]}, "1002111": {"hotel_name": "\u5e7f\u5dde\u66fc\u514b\u987f\u9152\u5e97", "order_time": ["2019-01-18 01:55:57"], "total_order": 1, "hotel_value": ["4.0"], "hotel_price": ["119"]}, "2125918": {"hotel_name": "\u5e7f\u5dde\u51ef\u4f26\u9152\u5e97", "order_time": ["2019-01-18 01:55:58"], "total_order": 1, "hotel_value": ["4.1"], "hotel_price": ["189"]}, "2076924": {"hotel_name": "\u6587\u661f\u8fde\u9501\u9152\u5e97(\u5e7f\u5dde\u5747\u79be\u5e97)", "order_time": ["2019-01-18 01:55:58", "2019-01-18 02:40:49"], "total_order": 2, "hotel_value": ["4.2", "4.2"], "hotel_price": ["129", "129"]}, "5731572": {"hotel_name": "\u5e7f\u5dde\u51f0\u57ce\u9152\u5e97", "order_time": ["2019-01-18 01:56:03"], "total_order": 1, "hotel_value": ["4.5"], "hotel_price": ["183"]}, "5385036": {"hotel_name": "\u5e7f\u5dde\u7279\u7f8e\u58f0\u9152\u5e97", "order_time": ["2019-01-18 01:56:05"], "total_order": 1, "hotel_value": ["4.8"], "hotel_price": ["138"]}, "1622634": {"hotel_name": "\u5e7f\u5dde\u5bcc\u8bda\u5546\u52a1\u9152\u5e97", "order_time": ["2019-01-18 01:56:07"], "total_order": 1, "hotel_value": ["4.1"], "hotel_price": ["167"]}, "6835607": {"hotel_name": "\u9038\u7c73\u9152\u5e97(\u5e7f\u5dde\u77f3\u4e95\u5e97)", "order_time": ["2019-01-18 01:56:07"], "total_order": 1, "hotel_value": ["4.1"], "hotel_price": ["116"]}, "1575834": {"hotel_name": "\u5e03\u4e01\u9152\u5e97(\u5e7f\u5dde\u756a\u79ba\u6d1b\u6eaa\u5730\u94c1\u7ad9\u5e97)", "order_time": ["2019-01-18 02:09:51", "2019-01-18 01:56:20"], "total_order": 2, "hotel_value": ["4.0", "4.0"], "hotel_price": ["89", "89"]}, "11944872": {"hotel_name": "\u6e2f\u6da6\u5bd3\u4e0a\u6c5f\u6e7e\u516c\u5bd3(\u5e7f\u5dde\u6cbf\u6c5f\u5929\u5b57\u7801\u5934\u5e97)(\u539f\u6c5f\u6e7e\u5927\u9152\u5e97)", "order_time": ["2019-01-18 01:57:09"], "total_order": 1, "hotel_value": ["4.5"], "hotel_price": ["288"]}, "1098109": {"hotel_name": "\u5e7f\u5dde\u77f3\u724c\u9152\u5e97", "order_time": ["2019-01-18 01:58:21"], "total_order": 1, "hotel_value": ["4.4"], "hotel_price": ["306"]}, "2191795": {"hotel_name": "\u5e7f\u5dde\u6613\u6210\u4e3b\u9898\u9152\u5e97(\u756a\u79ba\u4e07\u8fbe\u5e7f\u573a\u5e97)", "order_time": ["2019-01-18 01:58:23"], "total_order": 1, "hotel_value": ["4.4"], "hotel_price": ["185"]}, "1689230": {"hotel_name": "\u5e7f\u5dde\u5927\u5b66\u57ce\u5929\u7f18\u516c\u5bd3\u8d1d\u5c97\u5e97", "order_time": ["2019-01-18 01:58:24"], "total_order": 1, "hotel_value": ["4.7"], "hotel_price": ["98"]}, "1256664": {"hotel_name": "\u5e7f\u5dde\u6089\u6069\u5047\u65e5\u9152\u5e97", "order_time": ["2019-01-18 01:58:25"], "total_order": 1, "hotel_value": ["4.4"], "hotel_price": ["152"]}, "10212090": {"hotel_name": "\u5e7f\u5dde\u5361\u5c14\u66fc\u56fd\u9645\u516c\u5bd3", "order_time": ["2019-01-18 01:58:25"], "total_order": 1, "hotel_value": ["4.5"], "hotel_price": ["188"]}, "456137": {"hotel_name": "\u5e7f\u5dde\u5927\u8363\u9152\u5e97", "order_time": ["2019-01-18 01:58:26"], "total_order": 1, "hotel_value": ["4.0"], "hotel_price": ["236"]}, "392495": {"hotel_name": "\u5e7f\u5dde\u5730\u4e2d\u6d77\u56fd\u9645\u9152\u5e97", "order_time": ["2019-01-18 01:58:28"], "total_order": 1, "hotel_value": ["4.5"], "hotel_price": ["696"]}, "1732512": {"hotel_name": "\u6587\u661f\u8fde\u9501\u9152\u5e97\u5e7f\u5dde\u534e\u5e08\u5730\u94c1\u53e3\u5e97", "order_time": ["2019-01-18 01:58:29"], "total_order": 1, "hotel_value": ["4.1"], "hotel_price": ["259"]}, "9665573": {"hotel_name": "\u8d5b\u6960\u5546\u52a1\u9152\u5e97(\u5e7f\u5dde\u9ec4\u57d4\u5f00\u53d1\u533a\u4e1c\u533a\u5e97\uff09", "order_time": ["2019-01-18 01:58:29", "2019-01-18 02:40:35"], "total_order": 2, "hotel_value": ["4.6", "4.6"], "hotel_price": ["119", "119"]}, "446352": {"hotel_name": "\u5e7f\u5dde\u5c71\u6c34\u767e\u5408\u9152\u5e97", "order_time": ["2019-01-18 01:58:30"], "total_order": 1, "hotel_value": ["4.9"], "hotel_price": ["306"]}, "28671205": {"hotel_name": "\u543e\u5bb6\u7cbe\u54c1\u9152\u5e97(\u5e7f\u5dde\u65b0\u767d\u4e91\u56fd\u9645\u673a\u573a\u65d7\u8230\u5e97)", "order_time": ["2019-01-18 01:58:31"], "total_order": 1, "hotel_value": ["5.0"], "hotel_price": ["150"]}, "1172018": {"hotel_name": "\u5982\u5bb6\u5feb\u6377\u9152\u5e97(\u5e7f\u5dde\u53a6\u6ed8\u5730\u94c1\u7ad9\u6c99\u6eaa\u56fd\u9645\u9152\u5e97\u7528\u54c1\u57ce\u5e97)", "order_time": ["2019-01-18 01:58:39"], "total_order": 1, "hotel_value": ["4.5"], "hotel_price": ["176"]}, "3002508": {"hotel_name": "IU\u9152\u5e97(\u5e7f\u5dde\u4f53\u80b2\u4e2d\u5fc3\u6797\u548c\u897f\u5730\u94c1\u7ad9\u5e97)", "order_time": ["2019-01-18 01:58:40"], "total_order": 1, "hotel_value": ["4.4"], "hotel_price": ["421"]}, "1637835": {"hotel_name": "\u5e7f\u5dde\u4fa8\u5fb7\u5546\u52a1\u5bbe\u9986", "order_time": ["2019-01-18 01:58:44"], "total_order": 1, "hotel_value": ["4.0"], "hotel_price": ["98"]}, "791698": {"hotel_name": "\u5e7f\u5dde\u91d1\u6ea2\u5bbe\u9986", "order_time": ["2019-01-18 01:58:47"], "total_order": 1, "hotel_value": ["3.7"], "hotel_price": ["138"]}, "6080566": {"hotel_name": "\u5e7f\u5dde\u661f\u6708\u592a\u7a7a\u8231\u516c\u5bd3\u5458\u6751\u5e97", "order_time": ["2019-01-18 01:58:50"], "total_order": 1, "hotel_value": ["3.7"], "hotel_price": ["35"]}, "1892315": {"hotel_name": "\u5e7f\u5dde\u4f2f\u5c14\u65af\u9152\u5e97", "order_time": ["2019-01-18 01:58:59"], "total_order": 1, "hotel_value": ["3.9"], "hotel_price": ["109"]}, "18537938": {"hotel_name": "\u5e7f\u5dde\u7f18\u5ead\u9152\u5e97", "order_time": ["2019-01-18 01:59:03"], "total_order": 1, "hotel_value": ["4.8"], "hotel_price": ["189"]}, "16113011": {"hotel_name": "\u5e7f\u5dde\u7a7a\u6e2f\u65f6\u5c1a\u9152\u5e97", "order_time": ["2019-01-18 01:59:03"], "total_order": 1, "hotel_value": ["4.6"], "hotel_price": ["111"]}, "9666747": {"hotel_name": "\u5e7f\u5dde\u65b0\u96cd\u4e3d\u9152\u5e97", "order_time": ["2019-01-18 01:59:03"], "total_order": 1, "hotel_value": ["4.2"], "hotel_price": ["156"]}, "2596408": {"hotel_name": "\u5927\u574a\u9601\u9152\u5e97\u516c\u5bd3(\u5e7f\u5dde\u5e02\u6865\u5e97)", "order_time": ["2019-01-18 01:59:03"], "total_order": 1, "hotel_value": ["4.3"], "hotel_price": ["169"]}, "6250304": {"hotel_name": "\u53f6\u9ad8\u9152\u5e97\u56fd\u9645\u516c\u5bd3(\u5e7f\u5dde\u5317\u4eac\u8def\u6b65\u884c\u8857\u5e9c\u524d\u94ed\u6cf0\u5e97)", "order_time": ["2019-01-18 01:59:03"], "total_order": 1, "hotel_value": ["4.1"], "hotel_price": ["429"]}, "1335824": {"hotel_name": "\u5e7f\u5dde\u597d\u6765\u5c4b\u65c5\u5e97", "order_time": ["2019-01-18 01:59:03"], "total_order": 1, "hotel_value": ["4.4"], "hotel_price": ["100"]}, "858815": {"hotel_name": "\u5e7f\u5dde\u9a7f\u5c45\u516c\u5bd3", "order_time": ["2019-01-18 01:59:11"], "total_order": 1, "hotel_value": [0], "hotel_price": ["88"]}, "391730": {"hotel_name": "\u5e7f\u5dde\u9633\u5149\u9152\u5e97", "order_time": ["2019-01-18 02:01:20"], "total_order": 1, "hotel_value": ["4.7"], "hotel_price": ["798"]}, "2919652": {"hotel_name": "\u5c1a\u7f8e\u9152\u5e97(\u5e7f\u5dde\u5e7f\u4ece\u5e97)", "order_time": ["2019-01-18 02:01:23"], "total_order": 1, "hotel_value": ["4.4"], "hotel_price": ["164"]}, "698072": {"hotel_name": "\u5317\u6d77\u7a3b\u9152\u5e97(\u5e7f\u5dde\u5357\u6c99\u5e97)", "order_time": ["2019-01-18 02:01:24"], "total_order": 1, "hotel_value": ["4.5"], "hotel_price": ["131"]}, "6031410": {"hotel_name": "\u57ce\u5e02\u4fbf\u6377\u9152\u5e97(\u5e7f\u5dde\u767d\u4e91\u5c71\u6c38\u6cf0\u5730\u94c1\u7ad9\u5e97)", "order_time": ["2019-01-18 02:01:25"], "total_order": 1, "hotel_value": ["4.1"], "hotel_price": ["189"]}, "1097397": {"hotel_name": "\u5448\u7231\u4e3b\u9898\u7cbe\u54c1\u9152\u5e97(\u5e7f\u5dde\u767d\u4e91\u8def\u5e97)", "order_time": ["2019-01-18 02:01:27"], "total_order": 1, "hotel_value": ["3.8"], "hotel_price": ["197"]}, "3293099": {"hotel_name": "\u8bda\u60a6\u7cbe\u9009\u9152\u5e97(\u5e7f\u5dde\u5357\u5c97\u5730\u94c1\u7ad9\u5e97)", "order_time": ["2019-01-18 02:01:27"], "total_order": 1, "hotel_value": ["4.5"], "hotel_price": ["153"]}, "6833508": {"hotel_name": "\u9038\u7c73\u9152\u5e97(\u5e7f\u5dde\u4e1c\u6653\u5357\u5730\u94c1\u7ad9\u5e97)", "order_time": ["2019-01-18 02:01:37"], "total_order": 1, "hotel_value": ["4.4"], "hotel_price": ["115"]}, "3361508": {"hotel_name": "\u5e7f\u5dde\u65b0\u767d\u4e91\u673a\u573a\u822a\u7a7a\u5ba2\u6808(\u539f\u65b0\u767d\u4e91\u673a\u573a\u597d\u8fd0\u516c\u5bd3)", "order_time": ["2019-01-18 02:01:40"], "total_order": 1, "hotel_value": ["4.5"], "hotel_price": ["80"]}, "903846": {"hotel_name": "\u5e7f\u5dde\u4e00\u65b9\u5feb\u6377\u9152\u5e97", "order_time": ["2019-01-18 02:01:47"], "total_order": 1, "hotel_value": ["4.2"], "hotel_price": ["118"]}, "22418787": {"hotel_name": "\u5e7f\u5dde\u5c0f\u5f20\u516c\u5bd3", "order_time": ["2019-01-18 02:01:55"], "total_order": 1, "hotel_value": [0], "hotel_price": ["134"]}, "449893": {"hotel_name": "Xbed\u4e92\u8054\u7f51\u6c11\u5bbf(\u5e7f\u5dde\u96c5\u5c14\u5eb7\u5e97)", "order_time": ["2019-01-18 02:04:01"], "total_order": 1, "hotel_value": ["4.2"], "hotel_price": ["228"]}, "21133978": {"hotel_name": "\u5170\u65af\u4e3b\u9898\u9152\u5e97(\u5e7f\u5dde\u65b0\u767d\u4e91\u56fd\u9645\u673a\u573a\u5e97)", "order_time": ["2019-01-18 02:04:01"], "total_order": 1, "hotel_value": ["4.8"], "hotel_price": ["175"]}, "9077193": {"hotel_name": "\u5982\u5bb6\u5feb\u6377\u9152\u5e97(\u5e7f\u5dde\u534e\u6797\u56fd\u9645\u7389\u5668\u57ce\u5e97)", "order_time": ["2019-01-18 02:04:05"], "total_order": 1, "hotel_value": ["4.7"], "hotel_price": ["237"]}, "921375": {"hotel_name": "\u5e7f\u5dde\u7f8e\u6ee1\u9152\u5e97", "order_time": ["2019-01-18 02:04:10"], "total_order": 1, "hotel_value": ["4.2"], "hotel_price": ["165"]}, "420094": {"hotel_name": "\u5e7f\u5dde\u6c5f\u97f5\u5927\u9152\u5e97", "order_time": ["2019-01-18 02:07:06", "2019-01-18 02:04:11"], "total_order": 2, "hotel_value": ["4.5", "4.5"], "hotel_price": ["366", "366"]}, "17041789": {"hotel_name": "\u5e7f\u5dde\u4e07\u4e50\u5bab\u5047\u65e5\u9152\u5e97", "order_time": ["2019-01-18 02:04:11"], "total_order": 1, "hotel_value": ["4.6"], "hotel_price": ["288"]}, "6535274": {"hotel_name": "\u73e0\u5149\u661f\u5fa1\u56fd\u9645\u516c\u5bd3(\u5e7f\u5dde\u73e0\u6c5f\u516c\u56ed\u5e97\uff09", "order_time": ["2019-01-18 02:04:12"], "total_order": 1, "hotel_value": ["4.4"], "hotel_price": ["350"]}, "2304254": {"hotel_name": "7\u5929\u8fde\u9501\u9152\u5e97\uff08\u5e7f\u5dde\u8d8a\u79c0\u5357\u8def\u56e2\u4e00\u5927\u5e7f\u573a\u5730\u94c1\u7ad9\u5e97\uff09", "order_time": ["2019-01-18 02:04:12"], "total_order": 1, "hotel_value": ["4.0"], "hotel_price": ["141"]}, "4963877": {"hotel_name": "\u5e7f\u5dde\u827a\u5c1a\u5bab\u827a\u672f\u4e3b\u9898\u9152\u5e97", "order_time": ["2019-01-18 02:04:12"], "total_order": 1, "hotel_value": ["4.4"], "hotel_price": ["279"]}, "6807468": {"hotel_name": "\u5e7f\u5dde\u5047\u65e5\u597d\u5f00\u5fc3\u56fd\u9645\u9152\u5e97", "order_time": ["2019-01-18 02:04:14"], "total_order": 1, "hotel_value": ["3.9"], "hotel_price": ["200"]}, "16112754": {"hotel_name": "\u559c\u6b22Like\u516c\u5bd3(\u5e7f\u5dde\u4e07\u8fbe\u5e7f\u573a\u5e97)", "order_time": ["2019-01-18 02:04:14"], "total_order": 1, "hotel_value": ["4.4"], "hotel_price": ["149"]}, "1696699": {"hotel_name": "7\u5929\u8fde\u9501\u9152\u5e97(\u5e7f\u5dde\u51e4\u51f0\u65b0\u6751\u5730\u94c1\u7ad9\u5e97)", "order_time": ["2019-01-18 02:04:15"], "total_order": 1, "hotel_value": ["4.2"], "hotel_price": ["149"]}, "1917467": {"hotel_name": "\u5e7f\u5dde\u534e\u5448\u7cbe\u54c1\u9152\u5e97", "order_time": ["2019-01-18 02:04:19"], "total_order": 1, "hotel_value": ["4.3"], "hotel_price": ["158"]}, "26451469": {"hotel_name": "\u5e7f\u5dde\u7ef4\u96c5\u822a\u7a7a\u7cbe\u9009\u9152\u5e97\u5f0f\u516c\u5bd3", "order_time": ["2019-01-18 02:04:23", "2019-01-18 02:40:50"], "total_order": 2, "hotel_value": ["4.9", "4.9"], "hotel_price": ["99", "99"]}, "6841687": {"hotel_name": "\u5e7f\u5dde\u76c8\u4e30\u516c\u5bd3\u6c5f\u540c\u8def\u5e97", "order_time": ["2019-01-18 02:04:48"], "total_order": 1, "hotel_value": [0], "hotel_price": ["36"]}, "23944424": {"hotel_name": "\u5e7f\u5dde\u4e3d\u51ef\u9152\u5e97\u516c\u5bd3", "order_time": ["2019-01-18 02:06:42"], "total_order": 1, "hotel_value": ["4.8"], "hotel_price": ["124"]}, "1248330": {"hotel_name": "7\u5929\u8fde\u9501\u9152\u5e97(\u5e7f\u5dde\u767d\u4e91\u56fd\u9645\u673a\u573a\u4e8c\u5e97)", "order_time": ["2019-01-18 02:06:42"], "total_order": 1, "hotel_value": ["4.6"], "hotel_price": ["139"]}, "1915226": {"hotel_name": "\u5e7f\u5dde\u94f6\u9e70\u5927\u9152\u5e97", "order_time": ["2019-01-18 02:06:44", "2019-01-18 02:26:55"], "total_order": 2, "hotel_value": ["4.6", "4.6"], "hotel_price": ["288", "288"]}, "8581772": {"hotel_name": "\u5e7f\u5dde\u9a8f\u6021\u8fde\u9501\u9152\u5e97(\u5e02\u5357\u8def\u5e97)", "order_time": ["2019-01-18 02:06:49"], "total_order": 1, "hotel_value": ["4.7"], "hotel_price": ["121"]}, "2305391": {"hotel_name": "7\u5929\u4f18\u54c1\u9152\u5e97(\u5e7f\u5dde\u6653\u6e2f\u6e7e\u4e1c\u6653\u5357\u5730\u94c1\u7ad9\u5e97)", "order_time": ["2019-01-18 02:06:49"], "total_order": 1, "hotel_value": ["4.6"], "hotel_price": ["168"]}, "9126209": {"hotel_name": "\u6a59\u9752\u7cbe\u54c1\u4e3b\u9898\u8f6c\u673a\u9152\u5e97\u516c\u5bd3(\u5e7f\u5dde\u767d\u4e91\u673a\u573a\u5e97)", "order_time": ["2019-01-18 02:07:02"], "total_order": 1, "hotel_value": ["4.4"], "hotel_price": ["90"]}, "6315437": {"hotel_name": "\u5e7f\u5dde\u5f69\u8776\u5c45", "order_time": ["2019-01-18 02:07:09"], "total_order": 1, "hotel_value": ["4.6"], "hotel_price": ["138"]}, "2299314": {"hotel_name": "\u5e7f\u5dde\u4eac\u534e\u9152\u5e97", "order_time": ["2019-01-18 02:07:09"], "total_order": 1, "hotel_value": ["3.8"], "hotel_price": ["150"]}, "2565984": {"hotel_name": "\u57ce\u5e02\u4fbf\u6377\u9152\u5e97(\u5e7f\u5dde\u5609\u79be\u65b0\u79d1\u5e97)", "order_time": ["2019-01-18 02:07:29"], "total_order": 1, "hotel_value": ["4.6"], "hotel_price": ["162"]}, "14989506": {"hotel_name": "\u54c1\u5b9c\u9152\u5e97\u516c\u5bd3\uff08\u5e7f\u5dde\u73e0\u6c5f\u65b0\u57ce\u5a01\u5c14\u65af\u5e97\uff09", "order_time": ["2019-01-18 02:09:28"], "total_order": 1, "hotel_value": ["4.3"], "hotel_price": ["256"]}, "4382421": {"hotel_name": "\u79a7\u9f99\u5bbe\u9986(\u5e7f\u5dde\u6cbf\u6c5f\u4e2d\u8def\u5e97)", "order_time": ["2019-01-18 02:09:31"], "total_order": 1, "hotel_value": ["4.2"], "hotel_price": ["129"]}, "3661896": {"hotel_name": "\u5e7f\u5dde\u5609\u529b\u8fbe\u9152\u5e97", "order_time": ["2019-01-18 02:09:34"], "total_order": 1, "hotel_value": ["4.3"], "hotel_price": ["206"]}, "1584701": {"hotel_name": "\u9e97\u67ab\u9152\u5e97(\u5e7f\u5dde\u5929\u6cb3\u516c\u56ed\u5458\u6751\u5730\u94c1\u7ad9\u5e97)", "order_time": ["2019-01-18 02:09:39"], "total_order": 1, "hotel_value": ["4.6"], "hotel_price": ["295"]}, "1619449": {"hotel_name": "\u5e7f\u5dde\u73e0\u6c5f\u65b0\u5cb8\u516c\u5bd3", "order_time": ["2019-01-18 02:35:13", "2019-01-18 02:09:40"], "total_order": 2, "hotel_value": ["4.1", "4.1"], "hotel_price": ["247", "247"]}, "1335793": {"hotel_name": "\u5e7f\u5dde\u5bb6\u9014\u79df\u623f(\u539f\u8861\u9633\u4eba\u5bb6)", "order_time": ["2019-01-18 02:09:40"], "total_order": 1, "hotel_value": ["4.7"], "hotel_price": ["163"]}, "26659685": {"hotel_name": "\u5e7f\u5dde\u5947\u5e7b\u718a\u732b\u516c\u9986\u4eb2\u5b50\u6c11\u5bbf", "order_time": ["2019-01-18 02:57:27", "2019-01-18 02:09:40"], "total_order": 2, "hotel_value": ["4.7", "4.7"], "hotel_price": ["227", "227"]}, "1388938": {"hotel_name": "\u7ef4\u4e5f\u7eb3\u9152\u5e97(\u5e7f\u5dde\u9f99\u5f52\u8def\u53e3\u5e97)(\u539f\u9038\u9f99\u5546\u52a1\u9152\u5e97)", "order_time": ["2019-01-18 02:09:41"], "total_order": 1, "hotel_value": ["4.9"], "hotel_price": ["218"]}, "6301860": {"hotel_name": "\u5e1d\u4fa8\u9152\u5e97(\u5e7f\u5dde\u5ba2\u6751\u5730\u94c1\u7ad9\u6566\u548c\u5e97)", "order_time": ["2019-01-18 02:09:44"], "total_order": 1, "hotel_value": ["4.4"], "hotel_price": ["160"]}, "6053650": {"hotel_name": "\u5409\u661f\u7cbe\u54c1\u9152\u5e97(\u5e7f\u5dde\u9a8f\u666f\u82b1\u56ed\u5e97)", "order_time": ["2019-01-18 02:09:46"], "total_order": 1, "hotel_value": ["4.0"], "hotel_price": ["122"]}, "1829232": {"hotel_name": "\u5e7f\u5dde\u5b9d\u6e7e\u9152\u5e97", "order_time": ["2019-01-18 02:09:46"], "total_order": 1, "hotel_value": ["4.0"], "hotel_price": ["189"]}, "1695615": {"hotel_name": "\u5e7f\u5dde\u6021\u4f73\u9152\u5e97", "order_time": ["2019-01-18 02:09:55"], "total_order": 1, "hotel_value": ["3.5"], "hotel_price": ["98"]}, "5795635": {"hotel_name": "\u5723\u9676\u838e\u9152\u5e97(\u5e7f\u5dde\u4e1c\u6c47\u57ce\u5e97)", "order_time": ["2019-01-18 02:09:58"], "total_order": 1, "hotel_value": ["3.4"], "hotel_price": ["138"]}, "1712772": {"hotel_name": "\u4e3d\u4e1c\u9152\u5e97(\u5e7f\u5dde\u5357\u6c99\u5e97)", "order_time": ["2019-01-18 02:09:59"], "total_order": 1, "hotel_value": ["4.6"], "hotel_price": ["131"]}, "3270165": {"hotel_name": "\u661f\u7a0b\u9152\u5e97(\u5e7f\u5dde\u65b0\u767d\u4e91\u673a\u573a\u5e97)", "order_time": ["2019-01-18 02:12:25"], "total_order": 1, "hotel_value": ["4.6"], "hotel_price": ["189"]}, "17465965": {"hotel_name": "\u5e7f\u5ddeV\u7a9d\u5f71\u89c6\u4e3b\u9898\u516c\u5bd3(\u539fV\u7a9d\u5f71\u89c6\u4e3b\u9898\u516c\u5bd3(\u592a\u548c\u5357\u6e56\u5e97))", "order_time": ["2019-01-18 02:12:26"], "total_order": 1, "hotel_value": ["4.9"], "hotel_price": ["148"]}, "1731888": {"hotel_name": "\u5e7f\u5dde\u8c6a\u60a6\u5546\u52a1\u9152\u5e97", "order_time": ["2019-01-18 02:12:29"], "total_order": 1, "hotel_value": ["4.3"], "hotel_price": ["139"]}, "794412": {"hotel_name": "\u5e7f\u5dde\u534e\u901a\u5546\u52a1\u9152\u5e97", "order_time": ["2019-01-18 02:12:29"], "total_order": 1, "hotel_value": ["3.9"], "hotel_price": ["134"]}, "15741734": {"hotel_name": "\u9014\u604b\u6c83\u5bb6\u670d\u52a1\u827a\u672f\u516c\u5bd3(\u5e7f\u5dde\u62db\u5546\u57ce\u5e02\u4e3b\u573a\u5e97)", "order_time": ["2019-01-18 02:12:29"], "total_order": 1, "hotel_value": ["4.5"], "hotel_price": ["158"]}, "471426": {"hotel_name": "\u9e97\u67ab\u9152\u5e97(\u5e7f\u5dde\u5ba2\u6751\u5730\u94c1\u7ad9\u7436\u6d32\u4f1a\u5c55\u4e2d\u5fc3\u5e97)", "order_time": ["2019-01-18 02:12:30"], "total_order": 1, "hotel_value": ["4.7"], "hotel_price": ["338"]}, "1941316": {"hotel_name": "\u65af\u7ef4\u767b\u670d\u52a1\u516c\u5bd3(\u5e7f\u5dde\u7436\u6d32\u56fd\u9645\u4f1a\u5c55\u95e8\u5e97)", "order_time": ["2019-01-18 02:12:32"], "total_order": 1, "hotel_value": ["4.6"], "hotel_price": ["164"]}, "8557666": {"hotel_name": "\u975e\u7e41\u57ce\u54c1\u9152\u5e97(\u5e7f\u5dde\u767d\u4e91\u6c38\u6cf0\u5730\u94c1\u7ad9\u5e97)", "order_time": ["2019-01-18 02:12:33"], "total_order": 1, "hotel_value": ["4.5"], "hotel_price": ["181"]}, "450723": {"hotel_name": "\u7ef4\u4e5f\u7eb3\u56fd\u9645\u9152\u5e97(\u5e7f\u5dde\u706b\u8f66\u7ad9\u5e97)(\u539f\u7ef4\u4e5f\u7eb3\u9152\u5e97\u4e09\u5143\u91cc\u5e97)", "order_time": ["2019-01-18 02:12:36"], "total_order": 1, "hotel_value": ["4.8"], "hotel_price": ["237"]}, "8557643": {"hotel_name": "\u5e7f\u5dde\u5965\u56fd\u65c5\u56fd\u9645\u516c\u5bd3", "order_time": ["2019-01-18 02:12:43"], "total_order": 1, "hotel_value": ["4.3"], "hotel_price": ["241"]}, "20980045": {"hotel_name": "\u516b\u559c\u9152\u5e97(\u5e7f\u5dde\u534e\u5357\u78a7\u6842\u56ed\u5e97)", "order_time": ["2019-01-18 02:12:55"], "total_order": 1, "hotel_value": [0], "hotel_price": ["158"]}, "11500959": {"hotel_name": "\u4e07\u79d1mecool\u9152\u5e97\u5f0f\u516c\u5bd3", "order_time": ["2019-01-18 02:12:57"], "total_order": 1, "hotel_value": ["4.6"], "hotel_price": ["198"]}, "4835409": {"hotel_name": "\u5e7f\u5dde\u5fae8\u8fde\u9501\u9152\u5e97(\u539f\u589e\u57ce\u4e3d\u82d1\u9152\u5e97)", "order_time": ["2019-01-18 02:13:00"], "total_order": 1, "hotel_value": ["4.4"], "hotel_price": ["85"]}, "1274187": {"hotel_name": "\u5e7f\u5dde\u683c\u6765\u7f8e\u5546\u52a1\u9152\u5e97", "order_time": ["2019-01-18 02:13:06"], "total_order": 1, "hotel_value": ["4.5"], "hotel_price": ["163"]}, "17351841": {"hotel_name": "\u5e7f\u5dde\u5a1c\u5c0f\u59d0\u5bb6\u7684\u9752\u5e74\u65c5\u820d", "order_time": ["2019-01-18 02:13:06"], "total_order": 1, "hotel_value": ["4.8"], "hotel_price": ["68"]}, "24459116": {"hotel_name": "\u5e7f\u5dde\u60a6\u6545\u91cc\u9752\u5e74\u65c5\u820d", "order_time": ["2019-01-18 02:13:07"], "total_order": 1, "hotel_value": ["4.9"], "hotel_price": ["64"]}, "26571392": {"hotel_name": "\u5e7f\u5dde\u68a6\u5e7b\u4e3b\u9898\u9152\u5e97", "order_time": ["2019-01-18 02:13:10"], "total_order": 1, "hotel_value": [0], "hotel_price": ["98"]}, "2220221": {"hotel_name": "\u6021\u99a8\u7cbe\u9009\u9152\u5e97(\u5e7f\u5dde\u65b0\u767d\u4e91\u673a\u573a\u5e97)", "order_time": ["2019-01-18 02:13:10"], "total_order": 1, "hotel_value": ["4.4"], "hotel_price": ["127"]}, "5722215": {"hotel_name": "\u5e7f\u5dde\u7f8e\u601d\u9601\u56fd\u9645\u516c\u5bd3", "order_time": ["2019-01-18 02:15:19"], "total_order": 1, "hotel_value": ["4.7"], "hotel_price": ["348"]}, "9594141": {"hotel_name": "\u9e97\u67ab\u9152\u5e97(\u5e7f\u5dde\u4e07\u8fbe\u65c5\u6e38\u57ce\u5e97)", "order_time": ["2019-01-18 02:15:21"], "total_order": 1, "hotel_value": ["4.8"], "hotel_price": ["262"]}, "5477373": {"hotel_name": "\u5e7f\u5dde\u51ef\u5c14\u5361\u987f\u5927\u9152\u5e97", "order_time": ["2019-01-18 02:15:21"], "total_order": 1, "hotel_value": ["4.4"], "hotel_price": ["439"]}, "397400": {"hotel_name": "\u5e7f\u5dde\u5361\u4e3d\u7687\u5bb6\u91d1\u7166\u9152\u5e97", "order_time": ["2019-01-18 02:15:21", "2019-01-18 02:26:59"], "total_order": 2, "hotel_value": ["4.3", "4.3"], "hotel_price": ["360", "360"]}, "6325791": {"hotel_name": "\u5e7f\u5dde\u767d\u4e91\u56fd\u9645\u673a\u573a\u65c5\u5ba2\u8ba1\u65f6\u4f11\u606f\u5ba4", "order_time": ["2019-01-18 02:15:22"], "total_order": 1, "hotel_value": ["4.3"], "hotel_price": ["300"]}, "6021813": {"hotel_name": "\u5e7f\u5dde\u6843\u82b1\u6c5f\u8c6a\u751f\u9152\u5e97", "order_time": ["2019-01-18 02:15:29"], "total_order": 1, "hotel_value": ["4.6"], "hotel_price": ["598"]}, "2107853": {"hotel_name": "\u6e2f\u6c47\u7cbe\u54c1\u9152\u5e97(\u5e7f\u5dde\u91ce\u751f\u52a8\u7269\u56ed\u666f\u533a\u5e97)", "order_time": ["2019-01-18 02:15:31"], "total_order": 1, "hotel_value": ["4.6"], "hotel_price": ["168"]}, "1579936": {"hotel_name": "\u9e97\u67ab\u9152\u5e97(\u5609\u79be\u671b\u5c97\u5730\u94c1\u53e3\u5e97)", "order_time": ["2019-01-18 02:15:32"], "total_order": 1, "hotel_value": ["4.8"], "hotel_price": ["281"]}, "1645009": {"hotel_name": "\u5e7f\u5dde\u6850\u56ed\u522b\u5885\u9152\u5e97", "order_time": ["2019-01-18 02:15:33"], "total_order": 1, "hotel_value": ["4.5"], "hotel_price": ["273"]}, "5806176": {"hotel_name": "\u5e7f\u5dde\u4e3d\u6e90\u9152\u5e97\u5929\u6cb3\u5c97\u9876\u5730\u94c1\u7ad9\u5e97", "order_time": ["2019-01-18 02:15:47"], "total_order": 1, "hotel_value": ["3.5"], "hotel_price": ["129"]}, "345008": {"hotel_name": "\u5e7f\u5dde\u65b9\u5706\u5965\u514b\u4f0d\u5fb7\u8c6a\u666f", "order_time": ["2019-01-18 02:18:08"], "total_order": 1, "hotel_value": ["4.6"], "hotel_price": ["1166"]}, "5651205": {"hotel_name": "\u57ce\u5bb6\u516c\u5bd3(\u5e7f\u5dde\u4e1c\u7ad9\u5e97)", "order_time": ["2019-01-18 02:43:20", "2019-01-18 02:18:08"], "total_order": 2, "hotel_value": ["4.5", "4.5"], "hotel_price": ["388", "388"]}, "6433024": {"hotel_name": "\u5bd3\u7c73\u516c\u5bd3(\u5e7f\u5dde\u73e0\u6c5f\u65b0\u57ce\u6c47\u5cf0\u516c\u5bd3\u5e97)", "order_time": ["2019-01-18 02:18:09"], "total_order": 1, "hotel_value": ["4.3"], "hotel_price": ["338"]}, "16114924": {"hotel_name": "\u5e7f\u5dde\u83b1\u9f0e\u822a\u7a7a\u5546\u52a1\u9152\u5e97", "order_time": ["2019-01-18 02:18:11"], "total_order": 1, "hotel_value": ["4.8"], "hotel_price": ["129"]}, "8546406": {"hotel_name": "\u7cbe\u9014\u9152\u5e97\u5e7f\u5dde\u5e7f\u56ed\u5174\u53d1\u5e7f\u573a\u5e97", "order_time": ["2019-01-18 02:18:13"], "total_order": 1, "hotel_value": ["4.4"], "hotel_price": ["118"]}, "2541694": {"hotel_name": "\u901f8\u9152\u5e97(\u5e7f\u5dde\u7ecf\u6d4e\u5f00\u53d1\u533a\u6c38\u548c\u5e97)", "order_time": ["2019-01-18 02:18:17"], "total_order": 1, "hotel_value": ["4.4"], "hotel_price": ["218"]}, "374618": {"hotel_name": "\u5e7f\u5dde\u73c0\u4e3d\u9152\u5e97", "order_time": ["2019-01-18 02:29:46", "2019-01-18 02:18:18"], "total_order": 2, "hotel_value": ["4.1", "4.1"], "hotel_price": ["337", "328"]}, "3045028": {"hotel_name": "\u7ef4\u4e5f\u7eb3\u9152\u5e97(\u5e7f\u5dde\u673a\u573a\u8def\u9ec4\u77f3\u5e97)", "order_time": ["2019-01-18 02:18:21"], "total_order": 1, "hotel_value": ["4.9"], "hotel_price": ["289"]}, "17360469": {"hotel_name": "\u5586\u5561\u9152\u5e97(\u5e7f\u5dde\u4e1c\u6653\u5357\u5730\u94c1\u7ad9\u5e97)", "order_time": ["2019-01-18 02:18:21"], "total_order": 1, "hotel_value": ["4.7"], "hotel_price": ["278"]}, "28094340": {"hotel_name": "\u5e7f\u5dde\u65e0\u5fe7\u516c\u5bd3", "order_time": ["2019-01-18 02:18:23"], "total_order": 1, "hotel_value": ["4.9"], "hotel_price": ["134"]}, "809076": {"hotel_name": "\u5e7f\u5dde\u83b1\u514b\u9152\u5e97", "order_time": ["2019-01-18 02:18:30"], "total_order": 1, "hotel_value": ["3.5"], "hotel_price": ["187"]}, "1881489": {"hotel_name": "\u82b1\u5b63\u5361\u901a\u4e3b\u9898\u516c\u5bd3(\u5e7f\u5dde\u6c5f\u6d66\u4e03\u661f\u8def\u5e97)", "order_time": ["2019-01-18 02:18:44"], "total_order": 1, "hotel_value": ["4.4"], "hotel_price": ["109"]}, "17921649": {"hotel_name": "\u5e7f\u5dde\u4ece\u5316\u76d8\u77f3\u96c5\u820d\u6c11\u5bbf", "order_time": ["2019-01-18 02:19:00"], "total_order": 1, "hotel_value": ["4.6"], "hotel_price": ["168"]}, "1635257": {"hotel_name": "\u6021\u83b1\u9152\u5e97(\u5e7f\u5dde\u4e94\u7f8a\u65b0\u57ce\u5e97)", "order_time": ["2019-01-18 02:21:02"], "total_order": 1, "hotel_value": ["4.0"], "hotel_price": ["139"]}, "444918": {"hotel_name": "\u6b63\u4f73\u91d1\u6bbf\u7ef4\u798f\u987f\u516c\u5bd3(\u5e7f\u5dde\u6b63\u4f73\u5e7f\u573a\u5e97)", "order_time": ["2019-01-18 02:21:05"], "total_order": 1, "hotel_value": ["4.3"], "hotel_price": ["490"]}, "26681236": {"hotel_name": "\u5e7f\u5dde\u6c5f\u6cf0\u8def\u5730\u94c1\u7ad9\u4e9a\u6735\u9152\u5e97", "order_time": ["2019-01-18 02:21:05"], "total_order": 1, "hotel_value": ["4.9"], "hotel_price": ["512"]}, "24033412": {"hotel_name": "\u9014\u5bd3\u4e3b\u9898\u516c\u5bd3(\u5e7f\u5dde\u5b89\u534e\u6c47\u5e97)", "order_time": ["2019-01-18 02:21:10"], "total_order": 1, "hotel_value": ["4.8"], "hotel_price": ["208"]}, "7222127": {"hotel_name": "\u5e7f\u5ddeWE\u56fd\u9645\u516c\u5bd3", "order_time": ["2019-01-18 02:21:11"], "total_order": 1, "hotel_value": ["4.1"], "hotel_price": ["338"]}, "2946017": {"hotel_name": "\u5e7f\u5dde\u5a01\u73c0\u65af\u9152\u5e97", "order_time": ["2019-01-18 02:26:58", "2019-01-18 02:21:12"], "total_order": 2, "hotel_value": ["4.5", "4.5"], "hotel_price": ["696", "696"]}, "1553185": {"hotel_name": "\u4e3d\u8299\u9152\u5e97(\u5e7f\u5dde\u5929\u6cb3\u5c97\u9876\u5730\u94c1\u7ad9\u5e97)", "order_time": ["2019-01-18 02:21:14"], "total_order": 1, "hotel_value": ["4.6"], "hotel_price": ["276"]}, "1812470": {"hotel_name": "\u5168\u5b63\u9152\u5e97(\u5e7f\u5dde\u9ec4\u57d4\u5f00\u53d1\u533a\u5e97)", "order_time": ["2019-01-18 02:21:16"], "total_order": 1, "hotel_value": ["4.6"], "hotel_price": ["209"]}, "19597902": {"hotel_name": "ZMAX\u6f6e\u6f2b\u9152\u5e97(\u5e7f\u5dde\u65b0\u5858\u5730\u94c1\u7ad9\u559c\u8fbe\u534e\u5e97)", "order_time": ["2019-01-18 02:21:17"], "total_order": 1, "hotel_value": ["4.8"], "hotel_price": ["208"]}, "1505169": {"hotel_name": "\u5e7f\u5dde\u5e7f\u60a6\u9152\u5e97", "order_time": ["2019-01-18 02:21:17"], "total_order": 1, "hotel_value": ["3.6"], "hotel_price": ["140"]}, "1055866": {"hotel_name": "\u5317\u6d77\u7a3b\u9152\u5e97(\u5e7f\u5dde\u5357\u6751\u5e97)", "order_time": ["2019-01-18 02:21:19"], "total_order": 1, "hotel_value": ["4.6"], "hotel_price": ["168"]}, "5248633": {"hotel_name": "\u5e7f\u5dde\u6e2f\u6e7e\u516c\u5bd3\u83b2\u5858\u6751\u5e97", "order_time": ["2019-01-18 02:21:36"], "total_order": 1, "hotel_value": ["4.0"], "hotel_price": ["89"]}, "5652273": {"hotel_name": "\u5e7f\u5dde\u80dc\u5170\u5bb6\u5ead\u516c\u5bd3", "order_time": ["2019-01-18 02:21:49"], "total_order": 1, "hotel_value": [0], "hotel_price": ["52"]}, "6106829": {"hotel_name": "\u5e7f\u5dde\u9752\u67e0\u6aac\u516c\u5bd3\u9152\u5e97", "order_time": ["2019-01-18 02:21:49"], "total_order": 1, "hotel_value": ["3.6"], "hotel_price": ["112"]}, "4827994": {"hotel_name": "\u5e7f\u5dde\u6b22\u4e50\u9882\u4f4f\u5bbf(\u539f\u946b\u6e90\u5bbe\u9986)", "order_time": ["2019-01-18 02:21:49"], "total_order": 1, "hotel_value": ["1.6"], "hotel_price": ["108"]}, "20508193": {"hotel_name": "\u5e7f\u5dde\u6ef4\u6ef4\u9152\u5e97\u5f0f\u516c\u5bd3", "order_time": ["2019-01-18 02:21:49"], "total_order": 1, "hotel_value": [0], "hotel_price": ["168"]}, "6083996": {"hotel_name": "\u5e7f\u5dde\u56db\u5b63\u5ba2\u6808", "order_time": ["2019-01-18 02:21:49"], "total_order": 1, "hotel_value": ["4.7"], "hotel_price": ["98"]}, "714905": {"hotel_name": "\u8fce\u5546\u9152\u5e97(\u5e7f\u5dde\u73e0\u6c5f\u65b0\u57ce\u8d5b\u9a6c\u573a\u5e97)", "order_time": ["2019-01-18 02:23:54"], "total_order": 1, "hotel_value": ["4.6"], "hotel_price": ["313"]}, "1072126": {"hotel_name": "\u65b0\u4e1c\u8c6a\u9152\u5e97(\u5e7f\u5dde\u673a\u573a\u5e97)", "order_time": ["2019-01-18 02:23:56"], "total_order": 1, "hotel_value": ["4.3"], "hotel_price": ["379"]}, "2143340": {"hotel_name": "7\u5929\u8fde\u9501\u9152\u5e97(\u5e7f\u5dde\u4e1c\u5703\u5929\u6cb3\u5e7f\u573a\u5e97)", "order_time": ["2019-01-18 02:24:03"], "total_order": 1, "hotel_value": ["4.4"], "hotel_price": ["137"]}, "19860709": {"hotel_name": "\u5e7f\u5dde\u83b2\u82b1\u5c71\u73c0\u4e3d\u9152\u5e97", "order_time": ["2019-01-18 02:24:07"], "total_order": 1, "hotel_value": ["4.4"], "hotel_price": ["388"]}, "6650056": {"hotel_name": "\u68a6\u4f73\u671f\u7535\u5f71\u9152\u5e97(\u5e7f\u5dde\u77f3\u7881\u5e97)", "order_time": ["2019-01-18 02:24:07"], "total_order": 1, "hotel_value": ["4.6"], "hotel_price": ["163"]}, "733713": {"hotel_name": "\u5e7f\u5dde\u6b27\u90a6\u56fd\u9645\u9152\u5e97", "order_time": ["2019-01-18 02:24:10"], "total_order": 1, "hotel_value": ["4.5"], "hotel_price": ["340"]}, "17371551": {"hotel_name": "\u559c\u9047\u4e3b\u9898\u516c\u5bd3(\u5e7f\u5dde\u529b\u8fbe\u5e7f\u573a)", "order_time": ["2019-01-18 02:24:11"], "total_order": 1, "hotel_value": ["4.8"], "hotel_price": ["328"]}, "1731395": {"hotel_name": "\u5e7f\u5dde\u4e3d\u6f2b\u9152\u5e97", "order_time": ["2019-01-18 02:24:15"], "total_order": 1, "hotel_value": ["4.6"], "hotel_price": ["198"]}, "473496": {"hotel_name": "\u5e7f\u5dde\u4fdd\u5229\u5c71\u5e84\u9152\u5e97", "order_time": ["2019-01-18 02:24:16"], "total_order": 1, "hotel_value": ["4.2"], "hotel_price": ["282"]}, "9783355": {"hotel_name": "\u57ce\u5bb6\u7cbe\u9009\u516c\u5bd3(\u5e7f\u5dde\u73e0\u6c5f\u65b0\u57ce\u5e97)(\u539f\u57ce\u5bb6\u6c11\u5bbf)", "order_time": ["2019-01-18 02:24:17"], "total_order": 1, "hotel_value": ["4.7"], "hotel_price": ["338"]}, "1771789": {"hotel_name": "\u6d77\u53cb\u9152\u5e97(\u5e7f\u5dde\u5c97\u9876\u5730\u94c1\u7ad9\u5e97)", "order_time": ["2019-01-18 02:24:19"], "total_order": 1, "hotel_value": ["4.1"], "hotel_price": ["170"]}, "1998514": {"hotel_name": "\u5e7f\u5dde\u5bcc\u5eb7\u6765\u9152\u5e97", "order_time": ["2019-01-18 02:24:24"], "total_order": 1, "hotel_value": ["4.3"], "hotel_price": ["118"]}, "6867163": {"hotel_name": "\u5e7f\u5dde\u82b1\u754c\u9152\u5e97", "order_time": ["2019-01-18 02:24:24"], "total_order": 1, "hotel_value": ["4.6"], "hotel_price": ["302"]}, "1696520": {"hotel_name": "\u683c\u6797\u8c6a\u6cf0(\u5e7f\u5dde\u673a\u573a\u8def\u5e97)", "order_time": ["2019-01-18 02:24:24"], "total_order": 1, "hotel_value": ["3.9"], "hotel_price": ["193"]}, "1782550": {"hotel_name": "\u683c\u6797\u8c6a\u6cf0\u9152\u5e97(\u5e7f\u5dde\u767d\u4e91\u4e1c\u5e73\u5730\u94c1\u7ad9\u5e97)(\u539f\u767d\u4e91\u5927\u9053\u5e97)", "order_time": ["2019-01-18 02:24:25"], "total_order": 1, "hotel_value": ["4.5"], "hotel_price": ["217"]}, "23745702": {"hotel_name": "\u5e7f\u5dde\u5b89\u4e4b\u5bd3\u529b\u8fbe\u5e7f\u573a\u516c\u5bd3", "order_time": ["2019-01-18 02:24:28"], "total_order": 1, "hotel_value": ["4.3"], "hotel_price": ["298"]}, "1385306": {"hotel_name": "\u5e7f\u5dde\u6c38\u6cf0\u5927\u9152\u5e97", "order_time": ["2019-01-18 02:24:31"], "total_order": 1, "hotel_value": ["3.7"], "hotel_price": ["178"]}, "6321842": {"hotel_name": "\u9038\u7c73\u9152\u5e97(\u5e7f\u5dde\u4e0a\u4e0b\u4e5d\u8354\u6e7e\u5e7f\u573a\u5e97)", "order_time": ["2019-01-18 02:26:50"], "total_order": 1, "hotel_value": ["4.2"], "hotel_price": ["121"]}, "2229620": {"hotel_name": "\u9038\u7c73\u7cbe\u9009\u9152\u5e97(\u5e7f\u5dde\u5357\u6d32\u5730\u94c1\u7ad9\u5e97)", "order_time": ["2019-01-18 02:26:51"], "total_order": 1, "hotel_value": ["4.6"], "hotel_price": ["211"]}, "11059646": {"hotel_name": "\u9e97\u67ab\u9152\u5e97(\u5e7f\u5dde\u6c49\u6eaa\u957f\u9686\u91ce\u751f\u52a8\u7269\u56ed\u5e97)", "order_time": ["2019-01-18 02:26:53"], "total_order": 1, "hotel_value": ["4.7"], "hotel_price": ["442"]}, "5759046": {"hotel_name": "\u5e7f\u5dde\u767d\u4e91\u5047\u65e5\u9152\u5e97", "order_time": ["2019-01-18 02:27:03"], "total_order": 1, "hotel_value": ["4.4"], "hotel_price": ["331"]}, "28096935": {"hotel_name": "\u5e7f\u5dde\u6a59\u7a0b\u516c\u5bd3", "order_time": ["2019-01-18 02:40:56", "2019-01-18 02:27:09"], "total_order": 2, "hotel_value": ["5.0", "5.0"], "hotel_price": ["314", "314"]}, "1738675": {"hotel_name": "\u4e07\u827a\u7cbe\u54c1\u7ef4\u798f\u987f\u516c\u5bd3(\u5e7f\u5dde\u6d77\u73e0\u5e7f\u573a\u5730\u94c1\u7ad9\u5e97)", "order_time": ["2019-01-18 02:29:35"], "total_order": 1, "hotel_value": ["4.4"], "hotel_price": ["336"]}, "1502859": {"hotel_name": "\u5982\u5bb6\u5feb\u6377\u9152\u5e97(\u5e7f\u5dde\u756a\u79ba\u5357\u6751\u66a8\u5357\u5927\u5b66\u677f\u6865\u5730\u94c1\u7ad9\u57ce\u4e1a\u5e7f\u573a\u5e97)", "order_time": ["2019-01-18 02:29:39"], "total_order": 1, "hotel_value": ["4.4"], "hotel_price": ["145"]}, "392493": {"hotel_name": "\u5e7f\u5dde\u83b1\u798f\u5e7f\u6b66\u9152\u5e97", "order_time": ["2019-01-18 02:29:47"], "total_order": 1, "hotel_value": ["4.4"], "hotel_price": ["286"]}, "854027": {"hotel_name": "\u57ce\u5e02\u4fbf\u6377\u9152\u5e97(\u5e7f\u5dde\u5e02\u4e0a\u4e0b\u4e5d\u6b65\u884c\u8857\u4e00\u5e97)", "order_time": ["2019-01-18 02:29:48"], "total_order": 1, "hotel_value": ["4.4"], "hotel_price": ["251"]}, "1728854": {"hotel_name": "\u5e7f\u5dde\u4eac\u6e90\u5546\u52a1\u9152\u5e97", "order_time": ["2019-01-18 02:29:50"], "total_order": 1, "hotel_value": ["4.4"], "hotel_price": ["256"]}, "28756980": {"hotel_name": "\u5e7f\u5dde\u767e\u552f\u822a\u7a7a\u516c\u5bd3", "order_time": ["2019-01-18 02:30:00"], "total_order": 1, "hotel_value": ["5.0"], "hotel_price": ["112"]}, "1640588": {"hotel_name": "\u5e7f\u5dde\u6155\u8272\u9152\u5e97\u756a\u79ba\u5e02\u6865\u5730\u94c1\u7ad9\u5e97", "order_time": ["2019-01-18 02:30:06"], "total_order": 1, "hotel_value": ["3.8"], "hotel_price": ["88"]}, "9197060": {"hotel_name": "\u5e7f\u5dde\u597d\u4e50\u5c45\u516c\u5bd3(\u9ec4\u57d4\u4ed3\u5e97)", "order_time": ["2019-01-18 02:30:08"], "total_order": 1, "hotel_value": ["4.5"], "hotel_price": ["160"]}, "16037713": {"hotel_name": "\u5b63\u68b5\u65c5\u884c\u5bb6\u9152\u5e97(\u5e7f\u5dde\u5ba2\u6751\u5730\u94c1\u7ad9\u7436\u6d32\u4f1a\u5c55\u4e2d\u5fc3\u5e97)", "order_time": ["2019-01-18 02:30:12"], "total_order": 1, "hotel_value": ["4.1"], "hotel_price": ["176"]}, "21334581": {"hotel_name": "\u4f70\u5408\u7cbe\u9009\u56fd\u9645\u5ea6\u5047\u516c\u5bd3(\u5e7f\u5dde\u9999\u96ea\u5965\u56ed\u5e7f\u573a\u5e97)", "order_time": ["2019-01-18 02:32:19"], "total_order": 1, "hotel_value": ["4.8"], "hotel_price": ["220"]}, "1695876": {"hotel_name": "\u4f0a\u601d\u5fb7\u56fd\u9645\u516c\u5bd3(\u5e7f\u5dde\u7436\u6d32\u4f1a\u5c55\u4e2d\u5fc3\u4e16\u8d38\u5e97)(\u539f\u8bfa\u76df\u516c\u5bd3)", "order_time": ["2019-01-18 02:32:19"], "total_order": 1, "hotel_value": ["4.5"], "hotel_price": ["290"]}, "511399": {"hotel_name": "\u67cf\u9ad8\u9152\u5e97(\u5e7f\u5dde\u4e1c\u7ad9\u6c99\u6cb3\u670d\u88c5\u57ce\u5e97)", "order_time": ["2019-01-18 02:46:05", "2019-01-18 02:32:19"], "total_order": 2, "hotel_value": ["4.6", "4.6"], "hotel_price": ["328", "328"]}, "1782496": {"hotel_name": "\u5e7f\u5dde\u81fb\u7f8e\u4e1c\u65b9\u5047\u65e5\u9152\u5e97", "order_time": ["2019-01-18 02:32:24"], "total_order": 1, "hotel_value": ["4.6"], "hotel_price": ["198"]}, "345010": {"hotel_name": "\u5e7f\u5dde\u56db\u5b63\u9152\u5e97", "order_time": ["2019-01-18 02:32:24"], "total_order": 1, "hotel_value": ["4.8"], "hotel_price": ["2387"]}, "2300657": {"hotel_name": "\u5409\u6854\u9152\u5e97(\u5e7f\u5dde\u4e2d\u5927\u5317\u95e8\u5e97)", "order_time": ["2019-01-18 02:32:27"], "total_order": 1, "hotel_value": ["4.4"], "hotel_price": ["150"]}, "1731379": {"hotel_name": "\u5e7f\u5dde\u534e\u6cf0\u5bbe\u9986", "order_time": ["2019-01-18 02:32:31"], "total_order": 1, "hotel_value": ["3.7"], "hotel_price": ["360"]}, "1569571": {"hotel_name": "IU\u9152\u5e97(\u5e7f\u5dde\u4e1c\u6653\u5357\u5730\u94c1\u7ad9IU\u65d7\u8230\u5e97)", "order_time": ["2019-01-18 02:32:32"], "total_order": 1, "hotel_value": ["4.5"], "hotel_price": ["212"]}, "2270999": {"hotel_name": "\u5e7f\u5dde\u6d77\u6d0b\u9152\u5e97\u5f0f\u516c\u5bd3", "order_time": ["2019-01-18 02:32:34"], "total_order": 1, "hotel_value": ["4.1"], "hotel_price": ["150"]}, "8982552": {"hotel_name": "\u559c\u5c4b\u5c45\u670d\u52a1\u516c\u5bd3(\u5e7f\u5dde\u6c49\u6eaa\u957f\u9686\u5730\u94c1\u7ad9\u5e97)(\u539f\u51e1\u5ba2\u65f6\u5c1a\u9152\u5e97)", "order_time": ["2019-01-18 02:32:35"], "total_order": 1, "hotel_value": ["4.6"], "hotel_price": ["208"]}, "1581684": {"hotel_name": "\u5e7f\u5dde\u5eb7\u4e43\u99a8\u5546\u52a1\u9152\u5e97", "order_time": ["2019-01-18 02:32:35"], "total_order": 1, "hotel_value": ["4.4"], "hotel_price": ["203"]}, "8582519": {"hotel_name": "\u5e7f\u5dde\u83b1\u8335\u822a\u7a7a\u9152\u5e97(\u65b0\u767d\u4e91\u673a\u573a\u5e97)", "order_time": ["2019-01-18 02:32:40"], "total_order": 1, "hotel_value": ["4.7"], "hotel_price": ["108"]}, "1632539": {"hotel_name": "\u5e7f\u5dde\u82b1\u90fd\u4e3d\u6e2f\u9152\u5e97", "order_time": ["2019-01-18 02:32:41"], "total_order": 1, "hotel_value": ["4.1"], "hotel_price": ["138"]}, "6802050": {"hotel_name": "\u5409\u7965\u516c\u5bd3(\u5e7f\u5dde\u5927\u5858\u5730\u94c1\u7ad9\u5e97)", "order_time": ["2019-01-18 02:32:42"], "total_order": 1, "hotel_value": ["4.6"], "hotel_price": ["118"]}, "23714291": {"hotel_name": "\u4e3d\u9014\u884c\u653f\u516c\u5bd3(\u5e7f\u5dde\u73e0\u6c5f\u65b0\u57ce\u5fa1\u516c\u9986\u5e97)", "order_time": ["2019-01-18 02:51:56", "2019-01-18 02:34:59"], "total_order": 2, "hotel_value": ["4.8", "4.8"], "hotel_price": ["536", "536"]}, "1526389": {"hotel_name": "\u559c\u8fd0\u670d\u52a1\u516c\u5bd3(\u5e7f\u5dde\u73e0\u6c5f\u65b0\u57ce\u4fdd\u5229\u4e2d\u8fbe\u5e7f\u573a\u5e97)", "order_time": ["2019-01-18 02:35:02"], "total_order": 1, "hotel_value": ["4.5"], "hotel_price": ["556"]}, "5311747": {"hotel_name": "\u7f8e\u8c6a\u9152\u5e97(\u5e7f\u5dde\u767d\u4e91\u673a\u573a\u949f\u843d\u6f6d\u5730\u94c1\u7ad9\u5e97)(\u539f\u673a\u573a\u5e97)", "order_time": ["2019-01-18 02:35:05"], "total_order": 1, "hotel_value": ["4.7"], "hotel_price": ["258"]}, "5244530": {"hotel_name": "\u5e7f\u5dde\u5efa\u5174\u9152\u5e97", "order_time": ["2019-01-18 02:35:05"], "total_order": 1, "hotel_value": ["4.2"], "hotel_price": ["128"]}, "11019293": {"hotel_name": "\u543e\u9047\u9152\u5e97(\u5e7f\u5dde\u6c5f\u6cf0\u8def\u5730\u94c1\u7ad9\u4e07\u79d1\u91cc\u5e97)", "order_time": ["2019-01-18 02:35:09"], "total_order": 1, "hotel_value": ["4.4"], "hotel_price": ["94"]}, "1722940": {"hotel_name": "\u5e7f\u5dde\u9752\u84dd\u8393\u4e3b\u9898\u9152\u5e97", "order_time": ["2019-01-18 02:35:12"], "total_order": 1, "hotel_value": ["4.4"], "hotel_price": ["273"]}, "17343617": {"hotel_name": "\u5e7f\u5dde\u4f4f\u661f\u7cbe\u54c1\u4e3b\u9898\u9152\u5e97(\u539f\u9c9c\u4f4f\u7cbe\u54c1\u4e3b\u9898\u9152\u5e97)", "order_time": ["2019-01-18 02:37:45"], "total_order": 1, "hotel_value": ["4.4"], "hotel_price": ["158"]}, "11053121": {"hotel_name": "\u7ef4\u798f\u987f\u516c\u5bd3(\u5e7f\u5dde\u6c49\u6eaa\u957f\u9686\u5730\u94c1\u7ad9\u62db\u5546\u4e3b\u573a\u5e97)", "order_time": ["2019-01-18 02:37:45"], "total_order": 1, "hotel_value": ["4.7"], "hotel_price": ["226"]}, "1715406": {"hotel_name": "\u5e7f\u5dde\u5b9d\u4e1b\u9152\u5e97", "order_time": ["2019-01-18 02:37:49"], "total_order": 1, "hotel_value": ["4.5"], "hotel_price": ["325"]}, "12402832": {"hotel_name": "\u5e7f\u5dde\u7f8e\u601d\u9601\u516c\u5bd3(\u5929\u6cb3\u5ba2\u8fd0\u7ad9\u4e30\u6c47\u5e97)", "order_time": ["2019-01-18 02:37:50"], "total_order": 1, "hotel_value": ["4.8"], "hotel_price": ["228"]}, "2644183": {"hotel_name": "\u4eab\u601d\u4f1a\u4e3b\u9898\u516c\u5bd3(\u5e7f\u5dde\u4e07\u8fbe\u5e7f\u573a\u5e97)", "order_time": ["2019-01-18 02:37:52"], "total_order": 1, "hotel_value": ["4.5"], "hotel_price": ["208"]}, "757223": {"hotel_name": "\u5e7f\u5dde\u51ef\u745e\u601d\u5927\u9152\u5e97", "order_time": ["2019-01-18 02:38:04"], "total_order": 1, "hotel_value": ["4.3"], "hotel_price": ["138"]}, "19859565": {"hotel_name": "\u9038\u5448\u9152\u5e97\u516c\u5bd3(\u5e7f\u5dde\u7436\u6d32\u4f1a\u5c55\u4e2d\u5fc3\u79d1\u97f5\u8def\u5e97)", "order_time": ["2019-01-18 02:40:31"], "total_order": 1, "hotel_value": ["4.6"], "hotel_price": ["254"]}, "1610378": {"hotel_name": "\u8fce\u5546\u9152\u5e97(\u5e7f\u5dde\u666f\u6cf0\u6b65\u884c\u8857\u5e97)", "order_time": ["2019-01-18 02:40:33"], "total_order": 1, "hotel_value": ["4.5"], "hotel_price": ["182"]}, "1902903": {"hotel_name": "\u5e7f\u5dde\u4e91\u83b1\u516c\u5bd3(\u7436\u6d32\u5c55\u9986\u5e97)", "order_time": ["2019-01-18 02:40:35"], "total_order": 1, "hotel_value": ["4.8"], "hotel_price": ["187"]}, "2301777": {"hotel_name": "7\u5929\u4f18\u54c1\u9152\u5e97(\u5e7f\u5dde\u756a\u79ba\u6c49\u6eaa\u52a8\u7269\u56ed\u5927\u77f3\u5730\u94c1\u7ad9\u5e97)", "order_time": ["2019-01-18 02:40:51"], "total_order": 1, "hotel_value": ["4.5"], "hotel_price": ["138"]}, "6489824": {"hotel_name": "\u5e7f\u5ddeMorning\u7ecf\u5178\u516c\u5bd3", "order_time": ["2019-01-18 02:40:57"], "total_order": 1, "hotel_value": ["4.5"], "hotel_price": ["168"]}, "443900": {"hotel_name": "\u5e7f\u5dde\u4ea8\u5229\u9152\u5e97", "order_time": ["2019-01-18 02:40:58"], "total_order": 1, "hotel_value": ["4.3"], "hotel_price": ["301"]}, "1690941": {"hotel_name": "\u5e7f\u5dde\u5fc5\u80dc\u5bbe\u9986", "order_time": ["2019-01-18 02:41:05"], "total_order": 1, "hotel_value": ["3.7"], "hotel_price": ["98"]}, "25461001": {"hotel_name": "\u5bd3\u7c73\u516c\u5bd3(\u5e7f\u5dde\u897f\u6717\u5730\u94c1\u7ad9\u5e97)", "order_time": ["2019-01-18 02:43:09"], "total_order": 1, "hotel_value": ["4.8"], "hotel_price": ["292"]}, "428547": {"hotel_name": "\u5e7f\u5dde\u6587\u534e\u4e1c\u65b9\u9152\u5e97", "order_time": ["2019-01-18 02:43:12"], "total_order": 1, "hotel_value": ["4.8"], "hotel_price": ["1800"]}, "3289839": {"hotel_name": "\u68a6\u5e7b\u4e50\u56ed\u4eb2\u5b50\u4e3b\u9898\u516c\u5bd3(\u5e7f\u5dde\u77f3\u58c1\u5730\u94c1\u7ad9\u5e97)", "order_time": ["2019-01-18 02:43:15"], "total_order": 1, "hotel_value": ["4.6"], "hotel_price": ["258"]}, "7592200": {"hotel_name": "\u5965\u56e0\u65af\u516c\u5bd3(\u5e7f\u5dde\u91ce\u751f\u52a8\u7269\u56ed\u5317\u95e8\u5e97)(\u539f\u6e29\u5ead\u73af\u4fdd\u4eb2\u5b50\u516c\u5bd3)", "order_time": ["2019-01-18 02:43:16"], "total_order": 1, "hotel_value": ["4.7"], "hotel_price": ["206"]}, "19039299": {"hotel_name": "\u6a59\u5b50\u65f6\u5c1a\u516c\u5bd3(\u5e7f\u5dde\u53a6\u6ed8\u5730\u94c1\u7ad9\u5e97)", "order_time": ["2019-01-18 02:43:16"], "total_order": 1, "hotel_value": ["4.5"], "hotel_price": ["125"]}, "10688614": {"hotel_name": "\u5e7f\u5dde\u83f2\u7afc\u827e\u7f8e\u9152\u5e97", "order_time": ["2019-01-18 02:43:16"], "total_order": 1, "hotel_value": ["4.8"], "hotel_price": ["227"]}, "485855": {"hotel_name": "\u5e7f\u5dde\u8f89\u76db\u9601\u56fd\u9645\u516c\u5bd3", "order_time": ["2019-01-18 02:43:18"], "total_order": 1, "hotel_value": ["4.6"], "hotel_price": ["1101"]}, "14016232": {"hotel_name": "\u6591\u6593\u5bb6\u516c\u5bd3(\u5e7f\u5dde\u6c5f\u6cf0\u8def\u5730\u94c1\u7ad9\u5e97)(\u539f\u4e07\u79d1\u91cc\u5e97)", "order_time": ["2019-01-18 02:43:23"], "total_order": 1, "hotel_value": ["4.9"], "hotel_price": ["498"]}, "15117086": {"hotel_name": "\u5e7f\u5dde\u822a\u7a0b\u65e0\u5fe7\u9152\u5e97\u516c\u5bd3(\u65b0\u767d\u4e91\u56fd\u9645\u673a\u573a\u4e00\u5e97)", "order_time": ["2019-01-18 02:43:31"], "total_order": 1, "hotel_value": ["4.7"], "hotel_price": ["115"]}, "1502879": {"hotel_name": "\u5982\u5bb6\u9152\u5e97(\u5e7f\u5dde\u65b0\u5858\u5730\u94c1\u7ad9\u65b0\u5858\u5e7f\u573a\u5e97)", "order_time": ["2019-01-18 02:43:41"], "total_order": 1, "hotel_value": ["4.7"], "hotel_price": ["104"]}, "26444371": {"hotel_name": "\u5e7f\u5dde\u5bb6\u8c6a\u516c\u5bd3", "order_time": ["2019-01-18 02:43:50"], "total_order": 1, "hotel_value": ["3.8"], "hotel_price": ["123"]}, "481091": {"hotel_name": "\u5e7f\u5dde\u6021\u5c45\u9152\u5e97\u516c\u5bd3\uff08\u539f\u62db\u724c\u670d\u52a1\u516c\u5bd3\uff09", "order_time": ["2019-01-18 02:43:51"], "total_order": 1, "hotel_value": ["4.2"], "hotel_price": ["214"]}, "21494580": {"hotel_name": "\u5e7f\u5dde\u987a\u7a0b\u516c\u5bd3", "order_time": ["2019-01-18 02:44:09"], "total_order": 1, "hotel_value": ["4.4"], "hotel_price": ["140"]}, "1504997": {"hotel_name": "\u5609\u798f\u5229\u6676\u9152\u5e97(\u5e7f\u5dde\u5929\u6cb3\u5ba2\u8fd0\u7ad9\u5730\u94c1\u7ad9\u5e97)", "order_time": ["2019-01-18 02:46:17"], "total_order": 1, "hotel_value": ["4.4"], "hotel_price": ["308"]}, "1643106": {"hotel_name": "\u5e7f\u5dde\u589e\u57ce\u4fdd\u5229\u7687\u51a0\u5047\u65e5\u9152\u5e97", "order_time": ["2019-01-18 02:46:17"], "total_order": 1, "hotel_value": ["4.5"], "hotel_price": ["488"]}, "1734894": {"hotel_name": "\u5e7f\u5dde\u957f\u57ce\u5bbe\u9986", "order_time": ["2019-01-18 02:46:20"], "total_order": 1, "hotel_value": ["4.2"], "hotel_price": ["225"]}, "18047675": {"hotel_name": "\u5b9c\u5c1a\u9152\u5e97(\u5e7f\u5dde\u6587\u51b2\u5730\u94c1\u7ad9\u4e07\u79d1\u4e2d\u5fc3\u5e97)", "order_time": ["2019-01-18 02:46:22"], "total_order": 1, "hotel_value": ["4.6"], "hotel_price": ["280"]}, "396866": {"hotel_name": "\u5e7f\u5dde\u78a7\u6842\u56ed\u91d1\u53f6\u5b50\u6e29\u6cc9\u5ea6\u5047\u9152\u5e97", "order_time": ["2019-01-18 02:48:57"], "total_order": 1, "hotel_value": ["4.5"], "hotel_price": ["1419"]}, "1206599": {"hotel_name": "\u5609\u9a7f\u56fd\u9645\u9152\u5e97\u516c\u5bd3(\u5e7f\u5dde\u660c\u5c97\u6c5f\u5357\u5927\u9053\u5e97)", "order_time": ["2019-01-18 02:49:00"], "total_order": 1, "hotel_value": ["4.0"], "hotel_price": ["248"]}, "429276": {"hotel_name": "\u6854\u6811\u9526\u99a8\u5c4b\u516c\u5bd3(\u5e7f\u5dde\u534e\u5f3a\u8def\u5e97)(\u539f\u5a01\u5c14\u65af\u5206\u5e97)", "order_time": ["2019-01-18 02:49:02"], "total_order": 1, "hotel_value": ["4.3"], "hotel_price": ["286"]}, "1440400": {"hotel_name": "\u5e7f\u5dde\u5361\u987f\u5927\u9152\u5e97", "order_time": ["2019-01-18 02:49:12"], "total_order": 1, "hotel_value": ["4.3"], "hotel_price": ["197"]}, "14094052": {"hotel_name": "\u5e7f\u5dde\u5c0f\u592d\u6c11\u5bbf", "order_time": ["2019-01-18 02:49:16"], "total_order": 1, "hotel_value": ["4.5"], "hotel_price": ["228"]}, "9183043": {"hotel_name": "Q\u52a0\u00b7\u82ad\u63d0\u96c5\u9601\u516c\u5bd3(\u5e7f\u5dde\u5965\u56ed\u5e97)", "order_time": ["2019-01-18 02:51:47"], "total_order": 1, "hotel_value": ["4.5"], "hotel_price": ["228"]}, "19853563": {"hotel_name": "\u83b1\u5361\u9152\u5e97(\u5e7f\u5dde\u4f53\u80b2\u897f\u8def\u5730\u94c1\u7ad9\u5e97)", "order_time": ["2019-01-18 02:51:47"], "total_order": 1, "hotel_value": ["4.7"], "hotel_price": ["419"]}, "19588317": {"hotel_name": "Q\u52a0\u00b7\u4e0d\u7ea2\u820d\u516c\u5bd3(\u5e7f\u5dde\u6c49\u6eaa\u957f\u9686\u5730\u94c1\u7ad9\u5e97)", "order_time": ["2019-01-18 02:51:51"], "total_order": 1, "hotel_value": ["4.5"], "hotel_price": ["239"]}, "14074022": {"hotel_name": "\u4e3d\u67cf\u81fb\u54c1\u516c\u5bd3(\u5e7f\u5dde\u5965\u56ed\u5e7f\u573a\u5e97)", "order_time": ["2019-01-18 02:51:55"], "total_order": 1, "hotel_value": ["4.8"], "hotel_price": ["258"]}, "962988": {"hotel_name": "\u8fce\u5546\u9152\u5e97(\u5e7f\u5dde\u897f\u95e8\u53e3\u5730\u94c1\u7ad9\u5e97)", "order_time": ["2019-01-18 02:57:20", "2019-01-18 02:51:56"], "total_order": 2, "hotel_value": ["4.5", "4.5"], "hotel_price": ["187", "187"]}, "1695769": {"hotel_name": "\u5e7f\u5dde\u5c1a\u79be\u5370\u8c61\u9152\u5e97", "order_time": ["2019-01-18 02:51:58"], "total_order": 1, "hotel_value": ["3.3"], "hotel_price": ["124"]}, "801648": {"hotel_name": "\u9038\u7c73\u9152\u5e97(\u5e7f\u5dde\u5357\u6d32\u5730\u94c1\u7ad9\u5e97)", "order_time": ["2019-01-18 02:51:59"], "total_order": 1, "hotel_value": ["3.9"], "hotel_price": ["106"]}, "858897": {"hotel_name": "\u7ef4\u4e5f\u7eb3\u9152\u5e97(\u5e7f\u5dde\u756a\u79ba\u6865\u5357\u5965\u56ed\u5e7f\u573a\u5e97)", "order_time": ["2019-01-18 02:51:59"], "total_order": 1, "hotel_value": ["4.8"], "hotel_price": ["266"]}, "6335273": {"hotel_name": "\u5e7f\u5dde\u7acb\u76c8\u9152\u5e97", "order_time": ["2019-01-18 02:52:01"], "total_order": 1, "hotel_value": ["4.5"], "hotel_price": ["140"]}, "1691683": {"hotel_name": "\u5e7f\u5dde\u98de\u5b87\u5bbe\u9986", "order_time": ["2019-01-18 02:52:09"], "total_order": 1, "hotel_value": ["4.1"], "hotel_price": ["128"]}, "6870136": {"hotel_name": "\u5e7f\u5dde\u4fdd\u5229\u6d32\u9645\u9152\u5e97", "order_time": ["2019-01-18 02:54:36"], "total_order": 1, "hotel_value": ["4.7"], "hotel_price": ["1458"]}, "7295022": {"hotel_name": "\u7ef4\u4e5f\u7eb3\u56fd\u9645\u9152\u5e97(\u5e7f\u5dde\u756a\u79ba\u7948\u798f\u65b0\u90a8\u5e97)", "order_time": ["2019-01-18 02:54:46"], "total_order": 1, "hotel_value": ["4.8"], "hotel_price": ["339"]}, "6083994": {"hotel_name": "\u822a\u670d\u6e2f\u6e7e\u9152\u5e97(\u5e7f\u5dde\u65b0\u767d\u4e91\u673a\u573a\u5e97)", "order_time": ["2019-01-18 02:54:48"], "total_order": 1, "hotel_value": ["4.5"], "hotel_price": ["135"]}, "8557656": {"hotel_name": "\u4e07\u5962\u9152\u5e97(\u5e7f\u5dde\u767d\u4e91\u673a\u573a\u5e97)", "order_time": ["2019-01-18 02:54:48"], "total_order": 1, "hotel_value": ["4.6"], "hotel_price": ["222"]}, "6307834": {"hotel_name": "\u9c9c\u5c45\u7cbe\u54c1\u4e3b\u9898\u9152\u5e97(\u5e7f\u5dde\u54c8\u8857\u5e97)", "order_time": ["2019-01-18 02:54:50"], "total_order": 1, "hotel_value": ["4.7"], "hotel_price": ["194"]}, "5217883": {"hotel_name": "\u5e7f\u5dde\u534e\u99a8\u9152\u5e97", "order_time": ["2019-01-18 02:54:51"], "total_order": 1, "hotel_value": ["4.2"], "hotel_price": ["88"]}, "6482918": {"hotel_name": "\u97ec\u97ec\u5c45\u9152\u5e97\u516c\u5bd3(\u5e7f\u5dde\u5317\u4eac\u8def\u6377\u767b\u5e97)", "order_time": ["2019-01-18 02:54:57"], "total_order": 1, "hotel_value": ["4.6"], "hotel_price": ["357"]}, "3000464": {"hotel_name": "\u822a\u7a7a\u660e\u73e0\u516c\u5bd3(\u5e7f\u5dde\u65b0\u767d\u4e91\u673a\u573a\u5e97)", "order_time": ["2019-01-18 02:54:58"], "total_order": 1, "hotel_value": ["4.1"], "hotel_price": ["106"]}, "1002237": {"hotel_name": "\u5e7f\u5dde\u666f\u5174\u5927\u9152\u5e97", "order_time": ["2019-01-18 02:55:01"], "total_order": 1, "hotel_value": ["4.4"], "hotel_price": ["178"]}, "5902272": {"hotel_name": "\u5e7f\u5dde\u4e91\u6d77\u5546\u52a1\u56fd\u9645\u516c\u5bd3", "order_time": ["2019-01-18 02:55:08"], "total_order": 1, "hotel_value": ["4.8"], "hotel_price": ["175"]}, "7292780": {"hotel_name": "\u5e7f\u5dde\u65c5\u9014\u4e2d\u592a\u7a7a\u8231\u9752\u5e74\u65c5\u820d", "order_time": ["2019-01-18 02:55:09"], "total_order": 1, "hotel_value": ["4.3"], "hotel_price": ["58"]}, "11407362": {"hotel_name": "\u5e7f\u5dde\u56db\u53f6\u8349\u73e0\u6c5f\u56fd\u9645\u7eba\u7ec7\u57ce\u5e97", "order_time": ["2019-01-18 02:57:17"], "total_order": 1, "hotel_value": ["4.3"], "hotel_price": ["245"]}, "392492": {"hotel_name": "\u603b\u7edf\u5927\u9152\u5e97(\u5e7f\u5dde\u5929\u6cb3\u5c97\u9876\u5e97)", "order_time": ["2019-01-18 02:57:18"], "total_order": 1, "hotel_value": ["4.4"], "hotel_price": ["346"]}, "1728059": {"hotel_name": "\u4e3d\u8299\u9152\u5e97(\u5e7f\u5dde\u9e64\u6d1e\u897f\u6717\u5730\u94c1\u7ad9\u5e97)", "order_time": ["2019-01-18 02:57:24"], "total_order": 1, "hotel_value": ["4.5"], "hotel_price": ["178"]}, "439705": {"hotel_name": "\u5e7f\u5dde\u9038\u6797\u5047\u65e5\u9152\u5e97", "order_time": ["2019-01-18 02:57:28"], "total_order": 1, "hotel_value": ["4.7"], "hotel_price": ["587"]}, "8648437": {"hotel_name": "\u5e7f\u5dde\u5e7f\u6b66\u516c\u5bd3", "order_time": ["2019-01-18 02:57:30"], "total_order": 1, "hotel_value": ["3.7"], "hotel_price": ["187"]}, "1778858": {"hotel_name": "\u5e7f\u5dde\u6b27\u65f6\u5feb\u6377\u9152\u5e97(\u82b1\u90fd\u533a)", "order_time": ["2019-01-18 02:57:31"], "total_order": 1, "hotel_value": ["4.4"], "hotel_price": ["109"]}, "2071089": {"hotel_name": "\u57ce\u5e02\u4fbf\u6377\u9152\u5e97(\u5e7f\u5dde\u592a\u548c\u5e7f\u573a\u5e97)", "order_time": ["2019-01-18 02:57:36"], "total_order": 1, "hotel_value": ["4.3"], "hotel_price": ["157"]}, "1467614": {"hotel_name": "\u5e7f\u5dde\u62c9\u83f2\u5c14\u9152\u5e97", "order_time": ["2019-01-18 02:57:42"], "total_order": 1, "hotel_value": ["4.0"], "hotel_price": ["158"]}, "28637499": {"hotel_name": "\u5e7f\u5dde\u6211\u4eec\u5bbf\u820d\u9752\u5e74\u65c5\u820d", "order_time": ["2019-01-18 02:57:51"], "total_order": 1, "hotel_value": [0], "hotel_price": ["48"]}, "5090913": {"hotel_name": "\u5e7f\u5dde\u5927\u5b66\u57ce\u94f6\u5929\u516c\u5bd3", "order_time": ["2019-01-18 02:59:55"], "total_order": 1, "hotel_value": ["4.1"], "hotel_price": ["131"]}, "450794": {"hotel_name": "\u5e7f\u5dde\u534e\u5a01\u8fbe\u5546\u52a1\u5927\u9152\u5e97", "order_time": ["2019-01-18 03:00:05"], "total_order": 1, "hotel_value": ["4.1"], "hotel_price": ["369"]}, "5245112": {"hotel_name": "\u5e7f\u5dde\u541b\u60a6\u4e3b\u9898\u9152\u5e97\u5c97\u9876\u5730\u94c1\u7ad9\u5e97", "order_time": ["2019-01-18 03:00:24"], "total_order": 1, "hotel_value": ["3.2"], "hotel_price": ["159"]}}}