{"\u5f00\u59cb\u8bb0\u5f55\u65f6\u95f4": "2019-01-06 01:01:29", "\u7ed3\u675f\u8bb0\u5f55\u65f6\u95f4": "2019-01-06 02:01:29", "\u8ba2\u5355\u603b\u589e\u91cf": 461, "item": {"21160909": {"hotel_name": "\u7ef4\u4e5f\u7eb3\u65af\u9152\u5e97\u00b7\u7cbe\u9009(\u5e7f\u5dde\u65b0\u767d\u4e91\u56fd\u9645\u673a\u573a\u5e97)", "order_time": ["2019-01-06 01:03:42"], "total_order": 1, "hotel_value": ["4.7"], "hotel_price": ["206"]}, "6300521": {"hotel_name": "\u5929\u4f7f\u604b\u4eba\u4e3b\u9898\u9152\u5e97(\u5e7f\u5dde\u4e2d\u4fe1\u5e7f\u573a\u5e97)(\u539f\u4e2d\u6021\u60c5\u7f18\u5e97)", "order_time": ["2019-01-06 01:11:43", "2019-01-06 01:03:42"], "total_order": 2, "hotel_value": ["4.5", "4.5"], "hotel_price": ["286", "286"]}, "1685452": {"hotel_name": "\u4fdd\u5229\u4e2d\u8fbe\u7ef4\u798f\u987f\u516c\u5bd3", "order_time": ["2019-01-06 01:47:40", "2019-01-06 01:03:42"], "total_order": 2, "hotel_value": ["4.6", "4.6"], "hotel_price": ["346", "346"]}, "1733882": {"hotel_name": "\u6587\u661f\u8fde\u9501\u9152\u5e97\u5e7f\u5dde\u534e\u666f\u65b0\u57ce\u5e97", "order_time": ["2019-01-06 01:03:43"], "total_order": 1, "hotel_value": ["4.1"], "hotel_price": ["119"]}, "1502648": {"hotel_name": "\u7ef4\u4e5f\u7eb3\u9152\u5e97(\u5e7f\u5dde\u5e02\u6865\u5730\u94c1\u7ad9\u5e97)", "order_time": ["2019-01-06 01:03:43"], "total_order": 1, "hotel_value": ["4.9"], "hotel_price": ["234"]}, "471426": {"hotel_name": "\u9e97\u67ab\u9152\u5e97(\u5e7f\u5dde\u5ba2\u6751\u5730\u94c1\u7ad9\u7436\u6d32\u4f1a\u5c55\u4e2d\u5fc3\u5e97)", "order_time": ["2019-01-06 01:03:43"], "total_order": 1, "hotel_value": ["4.7"], "hotel_price": ["250"]}, "1501676": {"hotel_name": "\u6c49\u5ead\u9152\u5e97(\u5e7f\u5dde\u5927\u77f3\u957f\u9686\u5e97)", "order_time": ["2019-01-06 01:03:43"], "total_order": 1, "hotel_value": ["4.2"], "hotel_price": ["124"]}, "442355": {"hotel_name": "\u9526\u6c5f\u4e4b\u661f(\u5e7f\u5dde\u6d77\u73e0\u6c5f\u6cf0\u8def\u5730\u94c1\u7ad9\u5e97)", "order_time": ["2019-01-06 01:03:43"], "total_order": 1, "hotel_value": ["4.4"], "hotel_price": ["199"]}, "1162501": {"hotel_name": "\u5bd3\u7c73\u6b22\u805a\u516c\u5bd3(\u5e7f\u5dde\u6dd8\u91d1\u5730\u94c1\u7ad9\u6b63\u4f73\u73af\u5e02\u4e2d\u5fc3\u5e97)", "order_time": ["2019-01-06 01:43:40", "2019-01-06 01:03:43"], "total_order": 2, "hotel_value": ["4.3", "4.3"], "hotel_price": ["304", "304"]}, "6845280": {"hotel_name": "\u539f\u666f\u5546\u52a1\u9152\u5e97(\u5e7f\u5dde\u5317\u4eac\u8def\u7eaa\u5ff5\u5802\u5730\u94c1\u7ad9\u5e97)", "order_time": ["2019-01-06 01:03:43"], "total_order": 1, "hotel_value": ["4.1"], "hotel_price": ["134"]}, "791910": {"hotel_name": "\u5e7f\u5dde\u534e\u4e3d\u9152\u5e97(\u4e0a\u793e\u5e97)", "order_time": ["2019-01-06 01:03:43"], "total_order": 1, "hotel_value": ["2.9"], "hotel_price": ["124"]}, "5248273": {"hotel_name": "\u5e7f\u5dde\u666f\u5bcc\u5546\u52a1\u9152\u5e97", "order_time": ["2019-01-06 01:03:44"], "total_order": 1, "hotel_value": ["4.3"], "hotel_price": ["93"]}, "6468744": {"hotel_name": "\u63d0\u5b50\u8fde\u9501\u9152\u5e97(\u5e7f\u5dde\u767d\u4e91\u673a\u573a\u4e00\u5e97)", "order_time": ["2019-01-06 01:03:45"], "total_order": 1, "hotel_value": ["4.5"], "hotel_price": ["93"]}, "17038910": {"hotel_name": "\u9c9c\u5c45\u7cbe\u54c1\u4e3b\u9898\u9152\u5e97(\u5e7f\u5dde\u5e02\u6865\u5730\u94c1\u7ad9\u5e97)", "order_time": ["2019-01-06 01:03:45"], "total_order": 1, "hotel_value": ["4.6"], "hotel_price": ["128"]}, "24004413": {"hotel_name": "\u5e7f\u5dde\u6f6e\u5ead\u6d3e\u5bf9\u9152\u5e97", "order_time": ["2019-01-06 01:05:41"], "total_order": 1, "hotel_value": ["4.9"], "hotel_price": ["217"]}, "18047956": {"hotel_name": "\u8bfa\u76df\u56fd\u9645\u516c\u5bd3(\u5e7f\u5dde\u5929\u5b57\u7801\u5934\u6c5f\u6e7e\u58f9\u53f7\u5e97)", "order_time": ["2019-01-06 01:05:41"], "total_order": 1, "hotel_value": ["4.6"], "hotel_price": ["198"]}, "6504355": {"hotel_name": "\u67cf\u66fc\u9152\u5e97(\u5e7f\u5dde\u767d\u4e91\u673a\u573a\u5e97)(\u539f\u4eba\u548c\u5730\u94c1\u7ad9\u5e97)", "order_time": ["2019-01-06 01:05:42"], "total_order": 1, "hotel_value": ["4.6"], "hotel_price": ["206"]}, "9242646": {"hotel_name": "\u5e7f\u5dde\u7f8e\u4e3d\u8c6a\u9152\u5e97", "order_time": ["2019-01-06 01:05:42"], "total_order": 1, "hotel_value": ["4.8"], "hotel_price": ["489"]}, "853822": {"hotel_name": "\u5c71\u6c34\u65f6\u5c1a\u9152\u5e97(\u5e7f\u5dde\u706b\u8f66\u4e1c\u7ad9\u5e97)", "order_time": ["2019-01-06 01:15:40", "2019-01-06 01:05:42"], "total_order": 2, "hotel_value": ["4.5", "4.5"], "hotel_price": ["250", "250"]}, "4436023": {"hotel_name": "IU\u9152\u5e97(\u5e7f\u5dde\u957f\u9686\u5317\u95e8\u5e97)", "order_time": ["2019-01-06 01:05:42"], "total_order": 1, "hotel_value": ["4.5"], "hotel_price": ["115"]}, "4509120": {"hotel_name": "\u901f8\u9152\u5e97(\u5e7f\u5dde\u6c5f\u5357\u897f\u5730\u94c1\u7ad9\u5e97)", "order_time": ["2019-01-06 01:05:44"], "total_order": 1, "hotel_value": ["4.2"], "hotel_price": ["169"]}, "453906": {"hotel_name": "\u6c49\u5ead\u9152\u5e97(\u5e7f\u5dde\u897f\u95e8\u53e3\u5730\u94c1\u7ad9\u5e97)", "order_time": ["2019-01-06 01:05:44"], "total_order": 1, "hotel_value": ["4.3"], "hotel_price": ["177"]}, "968895": {"hotel_name": "\u6c49\u5ead\u9152\u5e97(\u5e7f\u5dde\u5317\u4eac\u8def\u5929\u5b57\u7801\u5934\u5e97)", "order_time": ["2019-01-06 01:05:44"], "total_order": 1, "hotel_value": ["4.6"], "hotel_price": ["186"]}, "19616536": {"hotel_name": "\u9e97\u67ab\u9152\u5e97(\u5e7f\u5dde\u957f\u5bff\u4e1c\u8def\u5149\u590d\u5927\u53a6\u5e97)", "order_time": ["2019-01-06 01:07:40"], "total_order": 1, "hotel_value": ["4.6"], "hotel_price": ["293"]}, "419887": {"hotel_name": "\u5e7f\u5dde\u767d\u4e91\u673a\u573a\u94c2\u5c14\u66fc\u5927\u9152\u5e97", "order_time": ["2019-01-06 01:07:40", "2019-01-06 01:15:41", "2019-01-06 01:33:43", "2019-01-06 01:17:41"], "total_order": 4, "hotel_value": ["4.7", "4.7", "4.7", "4.7"], "hotel_price": ["1558", "1558", "1558", "1558"]}, "4825953": {"hotel_name": "\u5e7f\u5dde\u798f\u6765\u767b\u9152\u5e97", "order_time": ["2019-01-06 01:53:44", "2019-01-06 01:07:41"], "total_order": 2, "hotel_value": ["4.1", "4.1"], "hotel_price": ["176", "176"]}, "1734233": {"hotel_name": "\u5e7f\u5dde\u827e\u4e3d\u4e1d\u9152\u5e97", "order_time": ["2019-01-06 01:07:41"], "total_order": 1, "hotel_value": ["4.2"], "hotel_price": ["148"]}, "794412": {"hotel_name": "\u5e7f\u5dde\u534e\u901a\u5546\u52a1\u9152\u5e97", "order_time": ["2019-01-06 01:07:41", "2019-01-06 01:09:46"], "total_order": 2, "hotel_value": ["3.9", "3.9"], "hotel_price": ["84", "84"]}, "2300499": {"hotel_name": "\u4e3d\u8299\u9152\u5e97(\u5e7f\u5dde\u4e07\u79d1\u91cc\u6c5f\u6cf0\u8def\u5730\u94c1\u7ad9\u5e97)", "order_time": ["2019-01-06 01:25:47", "2019-01-06 01:17:41", "2019-01-06 01:59:42", "2019-01-06 01:07:41"], "total_order": 4, "hotel_value": ["4.6", "4.6", "4.6", "4.6"], "hotel_price": ["269", "269", "269", "269"]}, "920572": {"hotel_name": "\u661f\u548c\u9999\u6c5f\u56fd\u9645\u9152\u5e97(\u5e7f\u5dde\u706b\u8f66\u7ad9\u5e97)", "order_time": ["2019-01-06 01:07:41"], "total_order": 1, "hotel_value": ["4.4"], "hotel_price": ["235"]}, "5663175": {"hotel_name": "\u54c8\u68ee\u4e3b\u9898\u516c\u5bd3(\u5e7f\u5dde\u957f\u9686\u77f3\u58c1\u5730\u94c1\u7ad9\u5e97)", "order_time": ["2019-01-06 01:07:42"], "total_order": 1, "hotel_value": ["4.7"], "hotel_price": ["150"]}, "1058426": {"hotel_name": "\u51ef\u65cb\u9f99\u8fde\u9501\u9152\u5e97(\u5e7f\u5dde\u4e2d\u534e\u5e7f\u573a\u5e97)", "order_time": ["2019-01-06 01:07:42"], "total_order": 1, "hotel_value": ["4.3"], "hotel_price": ["177"]}, "2301009": {"hotel_name": "7\u5929\u8fde\u9501\u9152\u5e97(\u5e7f\u5dde\u5317\u4eac\u8def\u5730\u94c1\u7ad9\u5e97)", "order_time": ["2019-01-06 01:07:42"], "total_order": 1, "hotel_value": ["4.1"], "hotel_price": ["136"]}, "1502859": {"hotel_name": "\u5982\u5bb6\u5feb\u6377\u9152\u5e97(\u5e7f\u5dde\u756a\u79ba\u5357\u6751\u66a8\u5357\u5927\u5b66\u677f\u6865\u5730\u94c1\u7ad9\u57ce\u4e1a\u5e7f\u573a\u5e97)", "order_time": ["2019-01-06 01:07:42"], "total_order": 1, "hotel_value": ["4.4"], "hotel_price": ["122"]}, "1695769": {"hotel_name": "\u5e7f\u5dde\u5c1a\u79be\u5370\u8c61\u9152\u5e97", "order_time": ["2019-01-06 01:07:43"], "total_order": 1, "hotel_value": ["3.3"], "hotel_price": ["124"]}, "22942249": {"hotel_name": "\u5e7f\u5dde\u9ec4\u57d4\u533a\u4f18\u54c1\u9152\u5e97", "order_time": ["2019-01-06 01:07:44"], "total_order": 1, "hotel_value": ["4.8"], "hotel_price": ["132"]}, "906765": {"hotel_name": "7\u5929\u8fde\u9501\u9152\u5e97(\u5e7f\u5dde\u4e1c\u533a\u65f6\u4ee3\u57ce\u5e97)", "order_time": ["2019-01-06 01:07:44"], "total_order": 1, "hotel_value": ["4.4"], "hotel_price": ["82"]}, "431298": {"hotel_name": "\u67cf\u9ad8\u9152\u5e97(\u5e7f\u5dde\u592a\u53e4\u6c47\u77f3\u724c\u6865\u5730\u94c1\u7ad9\u5e97)", "order_time": ["2019-01-06 01:09:44"], "total_order": 1, "hotel_value": ["4.3"], "hotel_price": ["249"]}, "442372": {"hotel_name": "\u9526\u6c5f\u4e4b\u661f(\u5e7f\u5dde\u7436\u6d32\u4f1a\u5c55\u4e2d\u5fc3\u5e97)", "order_time": ["2019-01-06 01:09:44"], "total_order": 1, "hotel_value": ["4.3"], "hotel_price": ["179"]}, "1199250": {"hotel_name": "\u5e7f\u5dde\u4fa8\u80de\u5bbe\u9986", "order_time": ["2019-01-06 01:09:44"], "total_order": 1, "hotel_value": ["4.2"], "hotel_price": ["258"]}, "9133544": {"hotel_name": "\u5e7f\u5dde\u8da3\u81f4\u56fd\u9645\u516c\u5bd3(\u529b\u8fbe\u5e7f\u573a\u5e97)", "order_time": ["2019-01-06 01:09:44"], "total_order": 1, "hotel_value": ["4.4"], "hotel_price": ["248"]}, "6509939": {"hotel_name": "\u6854\u6811\u56fd\u9645\u516c\u5bd3(\u5e7f\u5dde\u73e0\u6c5f\u65b0\u57ce\u5e97)", "order_time": ["2019-01-06 01:09:44", "2019-01-06 01:31:42"], "total_order": 2, "hotel_value": ["4.5", "4.5"], "hotel_price": ["272", "272"]}, "512229": {"hotel_name": "\u6e2f\u6da6\u7ca4\u5317\u9152\u5e97(\u5e7f\u5dde\u4e16\u8d38\u4e2d\u5fc3\u5e97)", "order_time": ["2019-01-06 01:09:45"], "total_order": 1, "hotel_value": ["4.5"], "hotel_price": ["204"]}, "1526389": {"hotel_name": "\u559c\u8fd0\u670d\u52a1\u516c\u5bd3(\u5e7f\u5dde\u73e0\u6c5f\u65b0\u57ce\u4fdd\u5229\u4e2d\u8fbe\u5e7f\u573a\u5e97)", "order_time": ["2019-01-06 01:09:45"], "total_order": 1, "hotel_value": ["4.5"], "hotel_price": ["434"]}, "8972275": {"hotel_name": "\u5e7f\u5dde\u5bcc\u5143\u6c47\u5546\u52a1\u516c\u5bd3(\u4e07\u79d1\u4e91\u57ce\u7c73\u9177\u5e97)", "order_time": ["2019-01-06 01:09:45"], "total_order": 1, "hotel_value": ["4.4"], "hotel_price": ["95"]}, "18048360": {"hotel_name": "\u9e97\u67ab\u9152\u5e97(\u5e7f\u5dde\u5609\u79be\u671b\u5c97\u5730\u94c1\u7ad9\u5cad\u5357\u65b0\u4e16\u754c\u5e97)", "order_time": ["2019-01-06 01:19:41", "2019-01-06 01:09:45"], "total_order": 2, "hotel_value": ["4.8", "4.8"], "hotel_price": ["236", "236"]}, "1199203": {"hotel_name": "\u5e7f\u5dde\u94f6\u5ea7\u5927\u9152\u5e97", "order_time": ["2019-01-06 01:09:45"], "total_order": 1, "hotel_value": ["4.4"], "hotel_price": ["152"]}, "994064": {"hotel_name": "\u6c49\u5ead\u9152\u5e97(\u5e7f\u5dde\u897f\u5871\u5730\u94c1\u7ad9\u5e97)", "order_time": ["2019-01-06 01:09:45"], "total_order": 1, "hotel_value": ["4.3"], "hotel_price": ["169"]}, "853818": {"hotel_name": "\u79c1\u4eab\u5bb6\u8fde\u9501\u9152\u5e97\u516c\u5bd3(\u5e7f\u5dde\u534e\u5e08\u5730\u94c1\u7ad9\u5e97)(\u539f\u5c1a\u5fb7\u5e97)", "order_time": ["2019-01-06 01:09:45"], "total_order": 1, "hotel_value": ["4.1"], "hotel_price": ["272"]}, "6128458": {"hotel_name": "\u5e7f\u5dde\u827a\u5c1a\u5bab\u827a\u672f\u4e3b\u9898\u9152\u5e97\u6c5f\u5357\u897f\u5730\u94c1\u7ad9\u5e97", "order_time": ["2019-01-06 01:09:46"], "total_order": 1, "hotel_value": ["4.4"], "hotel_price": ["283"]}, "1773391": {"hotel_name": "\u5e7f\u5dde\u4e1c\u9e4f\u6e7e\u5546\u52a1\u9152\u5e97", "order_time": ["2019-01-06 01:09:46"], "total_order": 1, "hotel_value": ["4.2"], "hotel_price": ["131"]}, "2301231": {"hotel_name": "\u5e7f\u5dde\u5cf0\u666f\u7f18\u9152\u5e97", "order_time": ["2019-01-06 01:09:46"], "total_order": 1, "hotel_value": ["3.9"], "hotel_price": ["285"]}, "17465956": {"hotel_name": "\u5e7f\u5dde\u68a6\u7396\u9152\u5e97\u6c47\u4fa8\u5e97", "order_time": ["2019-01-06 01:09:46"], "total_order": 1, "hotel_value": ["4.2"], "hotel_price": ["137"]}, "1501783": {"hotel_name": "\u5e7f\u5dde\u7687\u83b1\u5bbe\u9986", "order_time": ["2019-01-06 01:09:47"], "total_order": 1, "hotel_value": ["3.1"], "hotel_price": ["97"]}, "5377403": {"hotel_name": "\u5e7f\u5dde\u4ece\u5316\u661f\u51ef\u516c\u5bd3", "order_time": ["2019-01-06 01:09:47"], "total_order": 1, "hotel_value": ["4.1"], "hotel_price": ["62"]}, "5436103": {"hotel_name": "\u5e7f\u5dde\u5357\u7ad9\u5c1a\u9686\u516c\u5bd3", "order_time": ["2019-01-06 01:09:47"], "total_order": 1, "hotel_value": ["4.4"], "hotel_price": ["83"]}, "1700240": {"hotel_name": "\u5e7f\u5dde\u8c6a\u9038\u5546\u52a1\u9152\u5e97", "order_time": ["2019-01-06 01:09:48"], "total_order": 1, "hotel_value": ["4.0"], "hotel_price": ["159"]}, "1871309": {"hotel_name": "\u5e7f\u5dde\u91d1\u6021\u9152\u5e97", "order_time": ["2019-01-06 01:09:48"], "total_order": 1, "hotel_value": ["3.7"], "hotel_price": ["259"]}, "1618467": {"hotel_name": "\u6613\u4f70\u8fde\u9501\u65c5\u5e97(\u5e7f\u5dde\u756a\u79ba\u5e02\u6865\u5730\u94c1\u7ad9\u5e97)", "order_time": ["2019-01-06 01:09:48"], "total_order": 1, "hotel_value": ["4.4"], "hotel_price": ["72"]}, "447629": {"hotel_name": "\u5e7f\u5dde\u7a57\u7a0b\u5a01\u5c3c\u56fd\u9645\u516c\u5bd3", "order_time": ["2019-01-06 01:09:48"], "total_order": 1, "hotel_value": ["4.4"], "hotel_price": ["239"]}, "20613316": {"hotel_name": "\u5e7f\u5dde\u79be\u6728\u56fd\u9645\u516c\u5bd3", "order_time": ["2019-01-06 01:09:49"], "total_order": 1, "hotel_value": ["2.5"], "hotel_price": ["262"]}, "1698473": {"hotel_name": "\u5e7f\u5dde\u8c6a\u4fea\u9152\u5e97", "order_time": ["2019-01-06 01:09:49"], "total_order": 1, "hotel_value": ["4.4"], "hotel_price": ["115"]}, "1936863": {"hotel_name": "\u9f99\u4f1a\u9152\u5e97(\u5e7f\u5dde\u8fce\u798f\u5e97)", "order_time": ["2019-01-06 01:23:52", "2019-01-06 01:09:57", "2019-01-06 01:11:56"], "total_order": 3, "hotel_value": ["3.9", "3.9", "3.9"], "hotel_price": ["269", "269", "269"]}, "8581772": {"hotel_name": "\u5e7f\u5dde\u9a8f\u6021\u8fde\u9501\u9152\u5e97(\u5e02\u5357\u8def\u5e97)", "order_time": ["2019-01-06 01:11:43"], "total_order": 1, "hotel_value": ["4.7"], "hotel_price": ["98"]}, "440377": {"hotel_name": "\u5e7f\u5dde\u76ca\u6b66\u51ef\u964c\u9152\u5e97", "order_time": ["2019-01-06 01:11:43"], "total_order": 1, "hotel_value": ["4.1"], "hotel_price": ["314"]}, "3243254": {"hotel_name": "\u5e7f\u5dde\u91d1\u57ce\u5bbe\u9986\u8fce\u5bbe\u697c", "order_time": ["2019-01-06 01:11:43"], "total_order": 1, "hotel_value": ["3.9"], "hotel_price": ["179"]}, "6724267": {"hotel_name": "\u5e7f\u5dde\u7ef4\u60a6\u670d\u52a1\u5f0f\u516c\u5bd3", "order_time": ["2019-01-06 01:11:43"], "total_order": 1, "hotel_value": ["4.6"], "hotel_price": ["178"]}, "5753099": {"hotel_name": "\u58f9\u52a0\u58f9\u7cbe\u54c1\u9152\u5e97(\u5e7f\u5dde\u65b0\u767d\u4e91\u56fd\u9645\u673a\u573a\u5e97)", "order_time": ["2019-01-06 01:11:44"], "total_order": 1, "hotel_value": ["4.7"], "hotel_price": ["127"]}, "643609": {"hotel_name": "\u67cf\u9ad8\u9152\u5e97(\u5e7f\u5dde\u4e1c\u98ce\u8def\u7701\u653f\u5e9c\u5e97)", "order_time": ["2019-01-06 01:11:44"], "total_order": 1, "hotel_value": ["4.7"], "hotel_price": ["337"]}, "17312467": {"hotel_name": "\u63d0\u5b50\u56fd\u9645\u516c\u5bd3(\u5e7f\u5dde\u767d\u4e91\u56fd\u9645\u673a\u573a\u4e8c\u5e97)", "order_time": ["2019-01-06 01:11:44", "2019-01-06 01:55:43"], "total_order": 2, "hotel_value": ["4.5", "4.5"], "hotel_price": ["79", "79"]}, "1712560": {"hotel_name": "\u5e7f\u5dde\u5bb9\u9526\u9152\u5e97(\u539f\u65b0\u7586\u5927\u53a6)", "order_time": ["2019-01-06 01:11:45"], "total_order": 1, "hotel_value": ["4.5"], "hotel_price": ["366"]}, "1581496": {"hotel_name": "\u5e7f\u5dde\u592a\u4f73\u5feb\u6377\u9152\u5e97", "order_time": ["2019-01-06 01:11:45"], "total_order": 1, "hotel_value": ["4.1"], "hotel_price": ["78"]}, "2728682": {"hotel_name": "\u8fce\u5546\u9152\u5e97(\u5e7f\u5dde\u5854\u5ba2\u6751\u5730\u94c1\u7ad9\u7436\u6d32\u4f1a\u5c55\u4e2d\u5fc3\u5e97)", "order_time": ["2019-01-06 01:21:42", "2019-01-06 01:11:45"], "total_order": 2, "hotel_value": ["4.5", "4.5"], "hotel_price": ["190", "190"]}, "26659685": {"hotel_name": "\u5e7f\u5dde\u5947\u5e7b\u718a\u732b\u516c\u9986\u4eb2\u5b50\u6c11\u5bbf", "order_time": ["2019-01-06 01:11:46", "2019-01-06 01:37:43"], "total_order": 2, "hotel_value": ["4.7", "4.7"], "hotel_price": ["130", "130"]}, "1645009": {"hotel_name": "\u5e7f\u5dde\u6850\u56ed\u522b\u5885\u9152\u5e97", "order_time": ["2019-01-06 01:11:47"], "total_order": 1, "hotel_value": ["4.5"], "hotel_price": ["225"]}, "346960": {"hotel_name": "\u5e7f\u5dde\u4e1c\u65b9\u5bbe\u9986", "order_time": ["2019-01-06 01:13:51", "2019-01-06 01:19:53", "2019-01-06 01:11:56", "2019-01-06 01:23:52"], "total_order": 4, "hotel_value": ["4.4", "4.4", "4.4", "4.4"], "hotel_price": ["578", "578", "578", "578"]}, "1732435": {"hotel_name": "\u6854\u5b50\u9152\u5e97\u00b7\u7cbe\u9009(\u5e7f\u5dde\u5929\u6cb3\u5c97\u9876\u5e97)", "order_time": ["2019-01-06 01:23:52", "2019-01-06 01:11:56"], "total_order": 2, "hotel_value": ["4.8", "4.8"], "hotel_price": ["408", "408"]}, "20243311": {"hotel_name": "\u94c2\u987f\u56fd\u9645\u516c\u5bd3(\u5e7f\u5dde\u5ba2\u6751\u5408\u751f\u5e7f\u573a\u5e97)", "order_time": ["2019-01-06 01:23:52", "2019-01-06 01:11:56"], "total_order": 2, "hotel_value": ["4.7", "4.7"], "hotel_price": ["318", "318"]}, "8032221": {"hotel_name": "\u5b9c\u5c1a\u9152\u5e97(\u5e7f\u5dde\u5854\u5ba2\u6751\u5730\u94c1\u7ad9\u7436\u6d32\u4f1a\u5c55\u65d7\u8230\u5e97)", "order_time": ["2019-01-06 01:23:52", "2019-01-06 01:11:56", "2019-01-06 01:33:51"], "total_order": 3, "hotel_value": ["4.5", "4.5", "4.5"], "hotel_price": ["262", "262", "262"]}, "512410": {"hotel_name": "\u5e7f\u5dde\u8239\u8236\u592a\u53e4\u9152\u5e97", "order_time": ["2019-01-06 01:23:52", "2019-01-06 01:11:56"], "total_order": 2, "hotel_value": ["4.3", "4.3"], "hotel_price": ["296", "296"]}, "6691181": {"hotel_name": "\u7ef4\u4e5f\u7eb3\u9152\u5e97(\u5e7f\u5dde\u756a\u79ba\u5357\u7ad9\u5e97)", "order_time": ["2019-01-06 01:23:52", "2019-01-06 01:11:56"], "total_order": 2, "hotel_value": ["4.6", "4.6"], "hotel_price": ["376", "376"]}, "689219": {"hotel_name": "\u5e7f\u5dde\u51ef\u5c3c\u65af\u9152\u5e97", "order_time": ["2019-01-06 01:23:52", "2019-01-06 01:11:56"], "total_order": 2, "hotel_value": ["3.9", "3.9"], "hotel_price": ["121", "121"]}, "6480256": {"hotel_name": "\u7ef4\u4e5f\u7eb3\u56fd\u9645\u9152\u5e97(\u5e7f\u5dde\u77f3\u4e95\u5e97)", "order_time": ["2019-01-06 01:23:52", "2019-01-06 01:11:56"], "total_order": 2, "hotel_value": ["4.8", "4.8"], "hotel_price": ["289", "289"]}, "997892": {"hotel_name": "\u5586\u5561\u9152\u5e97(\u5e7f\u5dde\u706b\u8f66\u7ad9\u4e09\u5143\u91cc\u5730\u94c1\u7ad9\u5e97)", "order_time": ["2019-01-06 01:23:52", "2019-01-06 01:11:56"], "total_order": 2, "hotel_value": ["4.7", "4.7"], "hotel_price": ["318", "318"]}, "15889734": {"hotel_name": "\u5e7f\u5dde\u76c8\u6e2f\u56fd\u9645\u9152\u5e97", "order_time": ["2019-01-06 01:23:52", "2019-01-06 01:11:56"], "total_order": 2, "hotel_value": ["4.5", "4.5"], "hotel_price": ["213", "213"]}, "21133978": {"hotel_name": "\u5170\u65af\u4e3b\u9898\u9152\u5e97(\u5e7f\u5dde\u65b0\u767d\u4e91\u56fd\u9645\u673a\u573a\u5e97)", "order_time": ["2019-01-06 01:11:57", "2019-01-06 01:39:54", "2019-01-06 01:59:54", "2019-01-06 01:43:40"], "total_order": 4, "hotel_value": ["4.8", "4.8", "4.8", "4.8"], "hotel_price": ["223", "223", "193", "223"]}, "5792241": {"hotel_name": "\u5947\u5e7b\u9a6c\u620f\u516c\u9986(\u5e7f\u5dde\u6c49\u6eaa\u957f\u9686\u5730\u94c1\u7ad9\u62db\u5546\u4e3b\u573a\u5e97)", "order_time": ["2019-01-06 01:11:57", "2019-01-06 01:39:54", "2019-01-06 01:59:54"], "total_order": 3, "hotel_value": ["4.8", "4.8", "4.8"], "hotel_price": ["298", "298", "298"]}, "6547745": {"hotel_name": "\u661f\u4f26\u56fd\u9645\u516c\u5bd3(\u5e7f\u5dde\u5408\u751f\u5e7f\u573a\u5e97)", "order_time": ["2019-01-06 01:11:57", "2019-01-06 01:39:54", "2019-01-06 01:59:54"], "total_order": 3, "hotel_value": ["4.8", "4.8", "4.8"], "hotel_price": ["268", "268", "268"]}, "9639837": {"hotel_name": "\u661f\u4f26\u56fd\u9645\u516c\u5bd3(\u5e7f\u5dde\u5317\u4eac\u8def\u5e97)", "order_time": ["2019-01-06 01:11:57", "2019-01-06 01:59:54", "2019-01-06 01:55:42", "2019-01-06 01:53:46", "2019-01-06 01:39:54"], "total_order": 5, "hotel_value": ["4.9", "4.9", "4.9", "4.9", "4.9"], "hotel_price": ["289", "289", "289", "289", "289"]}, "4547905": {"hotel_name": "\u5e7f\u5dde\u7ca4\u5927\u91d1\u878d\u57ce\u56fd\u9645\u9152\u5e97", "order_time": ["2019-01-06 01:11:57", "2019-01-06 01:39:54", "2019-01-06 01:59:54"], "total_order": 3, "hotel_value": ["4.5", "4.5", "4.5"], "hotel_price": ["459", "459", "459"]}, "512780": {"hotel_name": "\u5e7f\u5dde\u6d77\u73ca\u5927\u9152\u5e97", "order_time": ["2019-01-06 01:13:40"], "total_order": 1, "hotel_value": ["4.3"], "hotel_price": ["255"]}, "1722940": {"hotel_name": "\u5e7f\u5dde\u9752\u84dd\u8393\u4e3b\u9898\u9152\u5e97", "order_time": ["2019-01-06 01:13:40"], "total_order": 1, "hotel_value": ["4.4"], "hotel_price": ["262"]}, "2099822": {"hotel_name": "\u5e7f\u5dde\u4e91\u5cf0\u5546\u52a1\u9152\u5e97", "order_time": ["2019-01-06 01:13:40"], "total_order": 1, "hotel_value": ["4.1"], "hotel_price": ["128"]}, "5896654": {"hotel_name": "\u5e7f\u5dde\u5965\u56e0\u65af\u516c\u5bd3", "order_time": ["2019-01-06 01:13:40"], "total_order": 1, "hotel_value": ["4.5"], "hotel_price": ["168"]}, "28485786": {"hotel_name": "\u5e7f\u5dde\u5170\u94c2\u65af\u6c40\u9152\u5e97", "order_time": ["2019-01-06 01:13:40"], "total_order": 1, "hotel_value": ["4.9"], "hotel_price": ["185"]}, "17343617": {"hotel_name": "\u5e7f\u5dde\u4f4f\u661f\u7cbe\u54c1\u4e3b\u9898\u9152\u5e97(\u539f\u9c9c\u4f4f\u7cbe\u54c1\u4e3b\u9898\u9152\u5e97)", "order_time": ["2019-01-06 01:13:40", "2019-01-06 01:21:41"], "total_order": 2, "hotel_value": ["4.4", "4.4"], "hotel_price": ["123", "123"]}, "710691": {"hotel_name": "\u5e7f\u5dde\u4e9a\u7279\u5170\u9152\u5e97", "order_time": ["2019-01-06 01:13:40"], "total_order": 1, "hotel_value": ["4.5"], "hotel_price": ["380"]}, "5758085": {"hotel_name": "\u67cf\u66fc\u9152\u5e97(\u5e7f\u5dde\u5e02\u6865\u5730\u94c1\u7ad9\u6613\u53d1\u6b65\u884c\u8857\u5e97)", "order_time": ["2019-01-06 01:13:40"], "total_order": 1, "hotel_value": ["4.5"], "hotel_price": ["188"]}, "15029384": {"hotel_name": "\u5e7f\u5dde\u957f\u9686\u718a\u732b\u9152\u5e97", "order_time": ["2019-01-06 01:37:42", "2019-01-06 01:13:41"], "total_order": 2, "hotel_value": ["4.7", "4.7"], "hotel_price": ["799", "799"]}, "1732440": {"hotel_name": "\u5e7f\u5dde\u51ef\u4f0a\u83b1\u9152\u5e97", "order_time": ["2019-01-06 01:13:41"], "total_order": 1, "hotel_value": ["4.1"], "hotel_price": ["179"]}, "878796": {"hotel_name": "\u5e7f\u5dde\u73e0\u6c5f\u65b0\u5cb8\u9152\u5e97", "order_time": ["2019-01-06 01:13:41"], "total_order": 1, "hotel_value": ["4.2"], "hotel_price": ["236"]}, "1712472": {"hotel_name": "\u5e7f\u5dde\u9f99\u4e4b\u6cc9\u6c34\u7597\u5546\u52a1\u9152\u5e97", "order_time": ["2019-01-06 01:13:42"], "total_order": 1, "hotel_value": ["4.4"], "hotel_price": ["180"]}, "1696779": {"hotel_name": "7\u5929\u8fde\u9501\u9152\u5e97(\u5e7f\u5dde\u4e1c\u5703\u5ba2\u8fd0\u7ad9\u5e97)", "order_time": ["2019-01-06 01:13:42"], "total_order": 1, "hotel_value": ["4.4"], "hotel_price": ["155"]}, "6080934": {"hotel_name": "IU\u9152\u5e97\u00b7\u5e7f\u5dde\u756a\u79ba\u5927\u77f3\u52a8\u7269\u56ed\u6c49\u6eaa\u957f\u9686\u7ad9\u5e97", "order_time": ["2019-01-06 01:13:42"], "total_order": 1, "hotel_value": ["4.5"], "hotel_price": ["111"]}, "6657580": {"hotel_name": "\u5e7f\u5dde\u6fb3\u65af\u6c40\u9152\u5e97", "order_time": ["2019-01-06 01:13:42"], "total_order": 1, "hotel_value": ["4.4"], "hotel_price": ["178"]}, "1891090": {"hotel_name": "\u5e7f\u5dde\u4e07\u5b50\u8c6a\u7a0b\u5927\u9152\u5e97", "order_time": ["2019-01-06 01:13:43"], "total_order": 1, "hotel_value": ["4.2"], "hotel_price": ["286"]}, "1575864": {"hotel_name": "\u5e7f\u5dde\u5357\u749f\u9152\u5e97", "order_time": ["2019-01-06 01:13:43"], "total_order": 1, "hotel_value": ["4.2"], "hotel_price": ["260"]}, "8420874": {"hotel_name": "\u6cca\u5ba2\u4ed5\u5bb6\u7cbe\u54c1\u516c\u5bd3(\u5e7f\u5dde\u5317\u4eac\u8def\u6b65\u884c\u8857\u8d8a\u79c0\u65f6\u5149\u5e97)", "order_time": ["2019-01-06 01:15:40"], "total_order": 1, "hotel_value": ["4.8"], "hotel_price": ["248"]}, "5732603": {"hotel_name": "\u96c0\u6d32\u4e3b\u9898\u9152\u5e97(\u5e7f\u5dde\u8354\u6e7e\u8def\u9648\u5bb6\u7960\u5730\u94c1\u7ad9\u5e97)", "order_time": ["2019-01-06 01:15:41"], "total_order": 1, "hotel_value": ["4.4"], "hotel_price": ["159"]}, "448689": {"hotel_name": "\u7ef4\u4e5f\u7eb33\u597d\u9152\u5e97(\u5e7f\u5dde\u5e7f\u56ed\u5ba2\u8fd0\u7ad9\u5e97)(\u539f\u5229\u6d0b\u7ecf\u5178\u9152\u5e97)", "order_time": ["2019-01-06 01:15:41"], "total_order": 1, "hotel_value": ["4.8"], "hotel_price": ["232"]}, "8557235": {"hotel_name": "\u5e7f\u5dde\u9b54\u5c14\u516c\u5bd3(\u73af\u5e02\u4e1c\u5e97)", "order_time": ["2019-01-06 01:15:41"], "total_order": 1, "hotel_value": ["4.6"], "hotel_price": ["267"]}, "1044943": {"hotel_name": "\u5982\u5bb6\u5feb\u6377\u9152\u5e97(\u5e7f\u5dde\u4e0a\u4e0b\u4e5d\u957f\u5bff\u8def\u5730\u94c1\u7ad9\u5e97)", "order_time": ["2019-01-06 01:15:41"], "total_order": 1, "hotel_value": ["4.7"], "hotel_price": ["136"]}, "14420130": {"hotel_name": "\u5e7f\u5dde\u5723\u6258\u5229\u6e29\u6cc9\u5e84\u56ed", "order_time": ["2019-01-06 01:15:41"], "total_order": 1, "hotel_value": ["4.1"], "hotel_price": ["1000"]}, "447489": {"hotel_name": "\u9526\u6c5f\u4e4b\u661f(\u5e7f\u5dde\u8354\u6e7e\u9648\u5bb6\u7960\u5e97)", "order_time": ["2019-01-06 01:21:42", "2019-01-06 01:15:42"], "total_order": 2, "hotel_value": ["4.4", "4.4"], "hotel_price": ["175", "175"]}, "1007427": {"hotel_name": "\u5e7f\u5dde\u535a\u96c5\u5047\u65e5\u9152\u5e97", "order_time": ["2019-01-06 01:15:42"], "total_order": 1, "hotel_value": ["4.4"], "hotel_price": ["335"]}, "1965056": {"hotel_name": "\u7ef4\u4e5f\u7eb3\u56fd\u9645\u9152\u5e97(\u5e7f\u5dde\u4e1c\u5703\u5ba2\u8fd0\u7ad9\u5e97)", "order_time": ["2019-01-06 01:15:42"], "total_order": 1, "hotel_value": ["4.8"], "hotel_price": ["369"]}, "5029042": {"hotel_name": "\u5586\u5561\u9152\u5e97(\u5e7f\u5dde\u767d\u4e91\u5927\u9053\u5317\u5e97)", "order_time": ["2019-01-06 01:15:43"], "total_order": 1, "hotel_value": ["4.7"], "hotel_price": ["285"]}, "1583498": {"hotel_name": "\u51ef\u91cc\u4e9a\u5fb7\u9152\u5e97(\u5e7f\u5dde\u4e0a\u4e0b\u4e5d\u5e97)", "order_time": ["2019-01-06 01:15:43", "2019-01-06 01:31:43"], "total_order": 2, "hotel_value": ["4.6", "4.6"], "hotel_price": ["318", "318"]}, "6721739": {"hotel_name": "\u91d1\u5965\u5546\u52a1\u9152\u5e97", "order_time": ["2019-01-06 01:15:43"], "total_order": 1, "hotel_value": ["4.9"], "hotel_price": ["168"]}, "5256371": {"hotel_name": "\u9686\u7fe0\u835f\u4e3b\u9898\u516c\u5bd3(\u5e7f\u5dde\u5357\u7ad9\u5e97)", "order_time": ["2019-01-06 01:15:43"], "total_order": 1, "hotel_value": ["4.3"], "hotel_price": ["95"]}, "2143340": {"hotel_name": "7\u5929\u8fde\u9501\u9152\u5e97(\u5e7f\u5dde\u4e1c\u5703\u5929\u6cb3\u5e7f\u573a\u5e97)", "order_time": ["2019-01-06 01:15:43", "2019-01-06 01:47:42"], "total_order": 2, "hotel_value": ["4.4", "4.4"], "hotel_price": ["93", "93"]}, "9873772": {"hotel_name": "\u5e7f\u5dde\u4e03\u6a59\u9152\u5e97\u6cb3\u6c99\u5730\u94c1\u7ad9\u5e97", "order_time": ["2019-01-06 01:15:43"], "total_order": 1, "hotel_value": ["3.1"], "hotel_price": ["89"]}, "8598980": {"hotel_name": "\u5e7f\u5dde\u817e\u68ee\u9152\u5e97\u516c\u5bd3", "order_time": ["2019-01-06 01:15:43"], "total_order": 1, "hotel_value": ["4.4"], "hotel_price": ["84"]}, "4720528": {"hotel_name": "\u5e7f\u5dde\u7c73\u5a05\u516c\u5bd3(\u539f\u827e\u5854\u5546\u52a1\u9152\u5e97)", "order_time": ["2019-01-06 01:15:44"], "total_order": 1, "hotel_value": ["3.9"], "hotel_price": ["136"]}, "25408630": {"hotel_name": "\u6d77\u6d0b\u4e4b\u661f\u9152\u5e97(\u5e7f\u5dde\u76c8\u6e2f\u5e97)", "order_time": ["2019-01-06 01:15:44"], "total_order": 1, "hotel_value": ["4.5"], "hotel_price": ["163"]}, "23649834": {"hotel_name": "\u5e7f\u5dde\u8fea\u5c14\u57ce\u5e02\u6c11\u5bbf", "order_time": ["2019-01-06 01:15:44"], "total_order": 1, "hotel_value": ["4.6"], "hotel_price": ["93"]}, "1734427": {"hotel_name": "\u9038\u7c73\u9152\u5e97(\u5e7f\u5dde\u9648\u5bb6\u7960\u5730\u94c1\u7ad9\u5e97)", "order_time": ["2019-01-06 01:15:46"], "total_order": 1, "hotel_value": ["4.0"], "hotel_price": ["95"]}, "396866": {"hotel_name": "\u5e7f\u5dde\u78a7\u6842\u56ed\u91d1\u53f6\u5b50\u6e29\u6cc9\u5ea6\u5047\u9152\u5e97", "order_time": ["2019-01-06 01:17:40"], "total_order": 1, "hotel_value": ["4.5"], "hotel_price": ["949"]}, "2981735": {"hotel_name": "\u67cf\u9ad8\u9152\u5e97(\u5e7f\u5dde\u4f53\u80b2\u897f\u8def\u5730\u94c1\u7ad9\u5e97)", "order_time": ["2019-01-06 01:17:40"], "total_order": 1, "hotel_value": ["4.6"], "hotel_price": ["328"]}, "6406944": {"hotel_name": "\u5e7f\u5dde\u67cf\u79c0\u516c\u5bd3(\u5e7f\u5dde\u5e7f\u5f18\u5929\u742a\u5e97)", "order_time": ["2019-01-06 01:17:42"], "total_order": 1, "hotel_value": ["4.0"], "hotel_price": ["398"]}, "24033412": {"hotel_name": "\u9014\u5bd3\u4e3b\u9898\u516c\u5bd3(\u5e7f\u5dde\u5b89\u534e\u6c47\u5e97)", "order_time": ["2019-01-06 01:17:43"], "total_order": 1, "hotel_value": ["4.7"], "hotel_price": ["158"]}, "808846": {"hotel_name": "\u5e7f\u5dde\u767d\u4e91\u4eac\u90fd\u5546\u52a1\u9152\u5e97", "order_time": ["2019-01-06 01:17:44"], "total_order": 1, "hotel_value": ["3.4"], "hotel_price": ["107"]}, "2941991": {"hotel_name": "\u5e7f\u5dde\u7a57\u666f\u5927\u9152\u5e97", "order_time": ["2019-01-06 01:17:44"], "total_order": 1, "hotel_value": ["4.0"], "hotel_price": ["259"]}, "1329681": {"hotel_name": "\u5e7f\u5dde\u987a\u9f99\u5bbe\u9986", "order_time": ["2019-01-06 01:17:44"], "total_order": 1, "hotel_value": ["3.5"], "hotel_price": ["98"]}, "5075338": {"hotel_name": "\u5e7f\u5dde\u65fa\u987a\u5bbe\u9986", "order_time": ["2019-01-06 01:17:45"], "total_order": 1, "hotel_value": ["4.0"], "hotel_price": ["96"]}, "4057557": {"hotel_name": "\u79d1\u8c37\u56fd\u9645\u516c\u5bd3(\u5e7f\u5dde\u841d\u5c97\u4e07\u8fbe\u5e97)", "order_time": ["2019-01-06 01:17:45"], "total_order": 1, "hotel_value": ["4.4"], "hotel_price": ["639"]}, "5247899": {"hotel_name": "\u5e7f\u5dde\u8354\u6e7e\u91d1\u65fa\u5bbe\u9986", "order_time": ["2019-01-06 01:17:45"], "total_order": 1, "hotel_value": ["4.1"], "hotel_price": ["88"]}, "512678": {"hotel_name": "\u5e7f\u5dde\u5929\u7f8e\u9152\u5e97", "order_time": ["2019-01-06 01:19:40"], "total_order": 1, "hotel_value": ["4.3"], "hotel_price": ["253"]}, "6456603": {"hotel_name": "\u4f18\u4f18\u56fd\u9645\u9152\u5e97\u516c\u5bd3(\u5e7f\u5dde\u6cbf\u6c5f\u6c11\u95f4\u91d1\u878d\u5e97)", "order_time": ["2019-01-06 01:19:41"], "total_order": 1, "hotel_value": ["4.3"], "hotel_price": ["197"]}, "1732296": {"hotel_name": "\u5fc6\u5343\u6811\u9152\u5e97(\u5e7f\u5dde\u4f53\u80b2\u4e2d\u5fc3\u6797\u548c\u897f\u5730\u94c1\u7ad9\u5e97)(\u539f\u82b1\u5343\u6811\u9152\u5e97)", "order_time": ["2019-01-06 01:19:41"], "total_order": 1, "hotel_value": ["4.2"], "hotel_price": ["233"]}, "6874475": {"hotel_name": "\u4e50\u67ab\u516c\u5bd3(\u5e7f\u5dde\u5929\u6cb3\u5ba2\u8fd0\u7ad9\u5e97)(\u539f\u4e50\u67ab\u9152\u5e97)", "order_time": ["2019-01-06 01:19:41"], "total_order": 1, "hotel_value": ["4.1"], "hotel_price": ["81"]}, "25279762": {"hotel_name": "\u5e7f\u5dde\u60a0\u7136\u9152\u5e97", "order_time": ["2019-01-06 01:19:42"], "total_order": 1, "hotel_value": ["4.9"], "hotel_price": ["290"]}, "1504983": {"hotel_name": "\u5e7f\u5dde\u9ea6\u6995\u9152\u5e97", "order_time": ["2019-01-06 01:35:42", "2019-01-06 01:31:44", "2019-01-06 01:19:42"], "total_order": 3, "hotel_value": ["4.2", "4.2", "4.2"], "hotel_price": ["179", "179", "179"]}, "2077628": {"hotel_name": "\u6587\u661f\u8fde\u9501\u9152\u5e97(\u5e7f\u5dde\u4f1a\u5c55\u4e2d\u5fc3\u8d64\u5c97\u5e97)", "order_time": ["2019-01-06 01:19:42"], "total_order": 1, "hotel_value": ["4.3"], "hotel_price": ["104"]}, "1923038": {"hotel_name": "\u5e7f\u5dde\u9189\u7231\u4e3b\u9898\u9152\u5e97", "order_time": ["2019-01-06 01:19:42"], "total_order": 1, "hotel_value": ["4.0"], "hotel_price": ["166"]}, "1081917": {"hotel_name": "\u7d22\u7279\u6765\u6587\u827a\u9152\u5e97(\u5e7f\u5dde\u4e09\u5143\u91cc\u5e97)", "order_time": ["2019-01-06 01:19:42"], "total_order": 1, "hotel_value": ["4.4"], "hotel_price": ["188"]}, "1622634": {"hotel_name": "\u5e7f\u5dde\u5bcc\u8bda\u5546\u52a1\u9152\u5e97", "order_time": ["2019-01-06 01:41:42", "2019-01-06 01:51:42", "2019-01-06 01:19:42"], "total_order": 3, "hotel_value": ["4.2", "4.2", "4.2"], "hotel_price": ["94", "94", "94"]}, "17890413": {"hotel_name": "\u603b\u7edf\u5927\u9152\u5e97(\u5e7f\u5dde\u6c49\u6eaa\u957f\u9686\u5730\u94c1\u7ad9\u5e97)", "order_time": ["2019-01-06 01:19:42"], "total_order": 1, "hotel_value": ["4.7"], "hotel_price": ["689"]}, "454622": {"hotel_name": "\u5e7f\u5dde\u5609\u9038\u7687\u51a0\u9152\u5e97", "order_time": ["2019-01-06 01:19:42"], "total_order": 1, "hotel_value": ["4.5"], "hotel_price": ["350"]}, "1580523": {"hotel_name": "\u94c2\u6676\u8fde\u9501\u9152\u5e97\u516c\u5bd3(\u5e7f\u5dde\u4fdd\u5229\u4e2d\u8fbe\u5e7f\u573a\u5e97)", "order_time": ["2019-01-06 01:19:42"], "total_order": 1, "hotel_value": ["4.4"], "hotel_price": ["378"]}, "5438557": {"hotel_name": "\u6709\u620f\u7535\u5f71\u9152\u5e97(\u5e7f\u5dde\u534e\u5e08\u5730\u94c1\u7ad9\u5e97)", "order_time": ["2019-01-06 01:19:43", "2019-01-06 01:57:40"], "total_order": 2, "hotel_value": ["4.7", "4.7"], "hotel_price": ["294", "294"]}, "27937987": {"hotel_name": "\u5e7f\u5ddeQueen\u9752\u5e74\u65c5\u820d", "order_time": ["2019-01-06 01:19:43"], "total_order": 1, "hotel_value": ["5.0"], "hotel_price": ["61"]}, "858897": {"hotel_name": "\u7ef4\u4e5f\u7eb3\u9152\u5e97(\u5e7f\u5dde\u756a\u79ba\u6865\u5357\u5965\u56ed\u5e7f\u573a\u5e97)", "order_time": ["2019-01-06 01:19:44"], "total_order": 1, "hotel_value": ["4.8"], "hotel_price": ["266"]}, "1692802": {"hotel_name": "\u5e7f\u5dde\u7c73\u5a05\u9152\u5e97(\u539f\u5b9d\u7965\u9152\u5e97)", "order_time": ["2019-01-06 01:19:46"], "total_order": 1, "hotel_value": ["4.1"], "hotel_price": ["93"]}, "5770147": {"hotel_name": "\u5e7f\u5dde\u5357\u7ad9\u7cbe\u54c1\u516c\u5bd3(\u539f\u5357\u7ad9\u516c\u5bd3\u9152\u5e97)", "order_time": ["2019-01-06 01:21:40"], "total_order": 1, "hotel_value": ["4.7"], "hotel_price": ["216"]}, "436402": {"hotel_name": "\u4e3d\u8299\u9152\u5e97(\u5e7f\u5dde\u5929\u6cb3\u516c\u56ed\u9ec4\u57d4\u5927\u9053\u6da6\u90fd\u5e97)", "order_time": ["2019-01-06 01:21:40"], "total_order": 1, "hotel_value": ["4.6"], "hotel_price": ["259"]}, "6179783": {"hotel_name": "\u9038\u7c73\u9152\u5e97\u5e7f\u5dde\u4e0a\u4e0b\u4e5d\u957f\u5bff\u8def\u5730\u94c1\u7ad9\u5e97", "order_time": ["2019-01-06 01:21:41"], "total_order": 1, "hotel_value": ["4.4"], "hotel_price": ["103"]}, "21149333": {"hotel_name": "\u559c\u6765\u822a\u7a7a\u9152\u5e97(\u5e7f\u5dde\u65b0\u767d\u4e91\u56fd\u9645\u673a\u573a\u5e97)", "order_time": ["2019-01-06 01:21:41"], "total_order": 1, "hotel_value": ["4.8"], "hotel_price": ["160"]}, "437873": {"hotel_name": "\u5e7f\u5ddeW\u9152\u5e97", "order_time": ["2019-01-06 01:21:41"], "total_order": 1, "hotel_value": ["4.6"], "hotel_price": ["1392"]}, "392499": {"hotel_name": "\u5e7f\u5dde\u56fd\u5fb7\u56fd\u9645\u5927\u9152\u5e97", "order_time": ["2019-01-06 01:21:41"], "total_order": 1, "hotel_value": ["4.4"], "hotel_price": ["510"]}, "17360469": {"hotel_name": "\u5586\u5561\u9152\u5e97(\u5e7f\u5dde\u4e1c\u6653\u5357\u5730\u94c1\u7ad9\u5e97)", "order_time": ["2019-01-06 01:21:41"], "total_order": 1, "hotel_value": ["4.7"], "hotel_price": ["288"]}, "1314533": {"hotel_name": "\u6587\u661f\u8fde\u9501\u9152\u5e97(\u5e7f\u5dde\u5317\u4eac\u8def\u4e00\u5e97)", "order_time": ["2019-01-06 01:21:42"], "total_order": 1, "hotel_value": ["4.2"], "hotel_price": ["153"]}, "21125148": {"hotel_name": "\u9038\u8c6a\u56fd\u9645\u516c\u5bd3(\u5e7f\u5dde\u673a\u573a\u5927\u9053\u5e97)", "order_time": ["2019-01-06 01:21:42"], "total_order": 1, "hotel_value": ["4.8"], "hotel_price": ["186"]}, "1696550": {"hotel_name": "7\u5929\u8fde\u9501\u9152\u5e97(\u5e7f\u5dde\u6c5f\u5357\u897f\u8def\u5e7f\u767e\u65b0\u4e00\u57ce\u5e97)", "order_time": ["2019-01-06 01:21:43"], "total_order": 1, "hotel_value": ["4.3"], "hotel_price": ["106"]}, "1486626": {"hotel_name": "\u5982\u5bb6\u5feb\u6377\u9152\u5e97(\u5e7f\u5dde\u9ec4\u57d4\u5927\u9053\u4e2d\u5929\u6cb3\u533a\u653f\u5e9c\u5e97)", "order_time": ["2019-01-06 01:21:43"], "total_order": 1, "hotel_value": ["4.1"], "hotel_price": ["119"]}, "801648": {"hotel_name": "\u9038\u7c73\u9152\u5e97(\u5e7f\u5dde\u5357\u6d32\u5730\u94c1\u7ad9\u5e97)", "order_time": ["2019-01-06 01:21:43"], "total_order": 1, "hotel_value": ["3.9"], "hotel_price": ["94"]}, "1731888": {"hotel_name": "\u5e7f\u5dde\u8c6a\u60a6\u5546\u52a1\u9152\u5e97", "order_time": ["2019-01-06 01:21:44"], "total_order": 1, "hotel_value": ["4.3"], "hotel_price": ["131"]}, "1698301": {"hotel_name": "7\u5929\u8fde\u9501\u9152\u5e97(\u5e7f\u5dde\u5b9d\u4e1a\u8def\u6c99\u56ed\u5730\u94c1\u7ad9\u5e97)", "order_time": ["2019-01-06 01:21:44"], "total_order": 1, "hotel_value": ["4.3"], "hotel_price": ["102"]}, "4826217": {"hotel_name": "\u5e7f\u5dde\u5357\u6c99\u6c49\u660e\u9152\u5e97", "order_time": ["2019-01-06 01:21:44"], "total_order": 1, "hotel_value": ["3.5"], "hotel_price": ["86"]}, "23714291": {"hotel_name": "\u4e3d\u9014\u884c\u653f\u516c\u5bd3(\u5e7f\u5dde\u73e0\u6c5f\u65b0\u57ce\u5fa1\u516c\u9986\u5e97)", "order_time": ["2019-01-06 01:23:41"], "total_order": 1, "hotel_value": ["4.8"], "hotel_price": ["558"]}, "844293": {"hotel_name": "\u661f\u9a7f\u56fd\u9645\u516c\u5bd3(\u5e7f\u5dde\u4fdd\u5229\u4e16\u8d38\u4f1a\u5c55\u4e2d\u5fc3\u5e97)", "order_time": ["2019-01-06 01:23:42"], "total_order": 1, "hotel_value": ["4.4"], "hotel_price": ["246"]}, "512125": {"hotel_name": "\u5e7f\u5dde\u5357\u4e30\u6717\u8c6a\u9152\u5e97", "order_time": ["2019-01-06 01:23:42"], "total_order": 1, "hotel_value": ["4.7"], "hotel_price": ["661"]}, "10688614": {"hotel_name": "\u5e7f\u5dde\u83f2\u7afc\u827e\u7f8e\u9152\u5e97", "order_time": ["2019-01-06 01:23:42"], "total_order": 1, "hotel_value": ["4.8"], "hotel_price": ["223"]}, "1101986": {"hotel_name": "\u8fc8\u54c8\u987f\u516c\u5bd3(\u5e7f\u5dde\u8d22\u5bcc\u516c\u9986\u5e97)", "order_time": ["2019-01-06 01:23:42", "2019-01-06 01:45:41"], "total_order": 2, "hotel_value": ["4.4", "4.4"], "hotel_price": ["198", "198"]}, "2872269": {"hotel_name": "\u5e7f\u5dde\u957f\u5e7f\u9152\u5e97", "order_time": ["2019-01-06 01:29:41", "2019-01-06 01:23:42", "2019-01-06 01:27:41"], "total_order": 3, "hotel_value": ["4.6", "4.6", "4.6"], "hotel_price": ["235", "235", "235"]}, "962988": {"hotel_name": "\u8fce\u5546\u9152\u5e97(\u5e7f\u5dde\u897f\u95e8\u53e3\u5730\u94c1\u7ad9\u5e97)", "order_time": ["2019-01-06 01:23:43"], "total_order": 1, "hotel_value": ["4.5"], "hotel_price": ["169"]}, "6127280": {"hotel_name": "\u4e00\u5446\u516c\u5bd3(\u5e7f\u5dde\u5317\u4eac\u8def\u6377\u767b\u90fd\u4f1a\u5e97)", "order_time": ["2019-01-06 01:23:43"], "total_order": 1, "hotel_value": ["4.5"], "hotel_price": ["298"]}, "6807468": {"hotel_name": "\u5e7f\u5dde\u5047\u65e5\u597d\u5f00\u5fc3\u56fd\u9645\u9152\u5e97", "order_time": ["2019-01-06 01:23:43", "2019-01-06 01:25:49"], "total_order": 2, "hotel_value": ["3.8", "3.8"], "hotel_price": ["108", "108"]}, "2300393": {"hotel_name": "7\u5929\u4f18\u54c1\u5e7f\u5dde\u5929\u6cb3\u77f3\u724c\u6865\u5730\u94c1\u7ad9\u5e97", "order_time": ["2019-01-06 01:23:43"], "total_order": 1, "hotel_value": ["4.3"], "hotel_price": ["203"]}, "5892427": {"hotel_name": "\u5e7f\u5dde\u9038\u7c73\u9152\u5e97\u4f1a\u5c55\u4e2d\u5fc3\u5ba2\u6751\u5e97", "order_time": ["2019-01-06 01:23:43", "2019-01-06 01:47:40"], "total_order": 2, "hotel_value": ["4.3", "4.3"], "hotel_price": ["102", "102"]}, "1297314": {"hotel_name": "\u5e7f\u5dde\u597d\u7f8e\u52a0\u9152\u5e97\u516c\u5bd3", "order_time": ["2019-01-06 01:23:43"], "total_order": 1, "hotel_value": ["4.1"], "hotel_price": ["125"]}, "1695619": {"hotel_name": "\u5e7f\u5dde\u7b80\u7f8e\u5546\u52a1\u9152\u5e97", "order_time": ["2019-01-06 01:23:44"], "total_order": 1, "hotel_value": ["4.3"], "hotel_price": ["121"]}, "2846947": {"hotel_name": "\u5982\u5bb6\u5feb\u6377\u9152\u5e97(\u5e7f\u5dde\u9ad8\u94c1\u5357\u7ad9\u5357\u6d66\u5730\u94c1\u53e3\u5e97)", "order_time": ["2019-01-06 01:23:44"], "total_order": 1, "hotel_value": ["4.3"], "hotel_price": ["116"]}, "7934889": {"hotel_name": "\u96c5\u8fbe\u601d\u9152\u5e97\u516c\u5bd3(\u5e7f\u5dde\u5357\u6c99\u4e07\u8fbe\u5e7f\u573a\u5e97)", "order_time": ["2019-01-06 01:23:45"], "total_order": 1, "hotel_value": ["4.4"], "hotel_price": ["134"]}, "3109898": {"hotel_name": "\u5e7f\u5dde\u62fe\u946b\u9152\u5e97", "order_time": ["2019-01-06 01:23:45"], "total_order": 1, "hotel_value": ["4.5"], "hotel_price": ["194"]}, "4311471": {"hotel_name": "\u57ce\u5e02\u4fbf\u6377\u9152\u5e97(\u5e7f\u5dde\u767d\u4e91\u6e56\u98ce\u666f\u533a\u5e97)", "order_time": ["2019-01-06 01:23:46"], "total_order": 1, "hotel_value": ["4.4"], "hotel_price": ["159"]}, "1053877": {"hotel_name": "\u541b\u5bb8\u517b\u751f\u9152\u5e97(\u5e7f\u5dde\u5e02\u6865\u5e97)", "order_time": ["2019-01-06 01:23:46"], "total_order": 1, "hotel_value": ["4.3"], "hotel_price": ["176"]}, "793027": {"hotel_name": "\u5e7f\u5dde\u5feb\u83b1\u5546\u52a1\u5bbe\u9986", "order_time": ["2019-01-06 01:23:46"], "total_order": 1, "hotel_value": ["4.0"], "hotel_price": ["91"]}, "1932626": {"hotel_name": "\u5e7f\u5dde\u5b89\u66fc\u9152\u5e97\u5f0f\u516c\u5bd3\u79d1\u6c47\u91d1\u8c37\u5e97", "order_time": ["2019-01-06 01:23:46"], "total_order": 1, "hotel_value": ["4.5"], "hotel_price": ["139"]}, "2302274": {"hotel_name": "\u5e7f\u5dde\u91d1\u96c5\u6cf0\u5546\u52a1\u9152\u5e97", "order_time": ["2019-01-06 01:23:52"], "total_order": 1, "hotel_value": ["4.3"], "hotel_price": ["218"]}, "6386781": {"hotel_name": "\u5bcc\u5c14\u8c6a\u65af\u56fd\u9645\u516c\u5bd3(\u5e7f\u5dde\u91d1\u6d32\u4e07\u8fbe\u5e7f\u573a\u5e97)", "order_time": ["2019-01-06 01:23:52"], "total_order": 1, "hotel_value": ["3.5"], "hotel_price": ["102"]}, "25053862": {"hotel_name": "\u5e7f\u5dde\u9890\u548c\u56fd\u9645\u516c\u5bd3", "order_time": ["2019-01-06 01:23:52"], "total_order": 1, "hotel_value": [0], "hotel_price": ["179"]}, "849855": {"hotel_name": "\u5586\u5561\u9152\u5e97(\u5e7f\u5dde\u56fd\u9645\u4f1a\u5c55\u4e2d\u5fc3\u5e97)", "order_time": ["2019-01-06 01:25:46"], "total_order": 1, "hotel_value": ["4.5"], "hotel_price": ["142"]}, "6817935": {"hotel_name": "\u5e7f\u5dde\u9014\u4e01\u9152\u5e97\u767d\u4e91\u65b0\u5e02\u589f\u767e\u4fe1\u5e7f\u573a\u5e97", "order_time": ["2019-01-06 01:25:46"], "total_order": 1, "hotel_value": ["4.4"], "hotel_price": ["125"]}, "438770": {"hotel_name": "\u67cf\u66fc\u9152\u5e97(\u5e7f\u5dde\u533a\u5e84\u5730\u94c1\u7ad9\u5e97)", "order_time": ["2019-01-06 01:25:46"], "total_order": 1, "hotel_value": ["4.4"], "hotel_price": ["249"]}, "6082046": {"hotel_name": "\u7ef4\u5ea6\u9152\u5e97\u5f0f\u516c\u5bd3(\u5e7f\u5dde\u8d8a\u79c0\u516c\u56ed\u706b\u8f66\u7ad9\u5e97)", "order_time": ["2019-01-06 01:25:47"], "total_order": 1, "hotel_value": ["4.6"], "hotel_price": ["212"]}, "397520": {"hotel_name": "\u5e7f\u5dde\u5bbe\u9986", "order_time": ["2019-01-06 01:25:47"], "total_order": 1, "hotel_value": ["4.2"], "hotel_price": ["326"]}, "4119750": {"hotel_name": "\u9e97\u67ab\u9152\u5e97(\u5e7f\u5dde\u9ad8\u94c1\u5357\u7ad9\u77f3\u58c1\u5730\u94c1\u7ad9\u5e97)", "order_time": ["2019-01-06 01:25:47"], "total_order": 1, "hotel_value": ["4.7"], "hotel_price": ["327"]}, "446545": {"hotel_name": "\u5e7f\u5dde\u4e1c\u5c71\u5bbe\u9986", "order_time": ["2019-01-06 01:25:47"], "total_order": 1, "hotel_value": ["4.3"], "hotel_price": ["278"]}, "9594141": {"hotel_name": "\u9e97\u67ab\u9152\u5e97(\u5e7f\u5dde\u4e07\u8fbe\u65c5\u6e38\u57ce\u5e97)", "order_time": ["2019-01-06 01:25:47"], "total_order": 1, "hotel_value": ["4.8"], "hotel_price": ["242"]}, "7963234": {"hotel_name": "\u7ef4\u4e5f\u7eb3\u56fd\u9645\u9152\u5e97(\u5e7f\u5dde\u540c\u5fb7\u56f4\u5e97)", "order_time": ["2019-01-06 01:25:47"], "total_order": 1, "hotel_value": ["4.9"], "hotel_price": ["338"]}, "392498": {"hotel_name": "\u5e7f\u5dde\u5927\u821c\u4e3d\u6c60\u9152\u5e97", "order_time": ["2019-01-06 01:25:47"], "total_order": 1, "hotel_value": ["4.4"], "hotel_price": ["497"]}, "5105669": {"hotel_name": "\u5e7f\u5dde\u79d1\u65b0\u5546\u52a1\u9152\u5e97\u9a8f\u666f\u82b1\u56ed\u5e97", "order_time": ["2019-01-06 01:25:48"], "total_order": 1, "hotel_value": ["4.4"], "hotel_price": ["131"]}, "818769": {"hotel_name": "7\u5929\u8fde\u9501\u9152\u5e97(\u5e7f\u5dde\u5929\u6cb3\u71d5\u5858\u5730\u94c1\u7ad9\u7ca4\u57a6\u8def\u5e97)", "order_time": ["2019-01-06 01:25:48"], "total_order": 1, "hotel_value": ["4.4"], "hotel_price": ["147"]}, "419302": {"hotel_name": "\u5e7f\u5dde\u957f\u9686\u9152\u5e97", "order_time": ["2019-01-06 01:25:48"], "total_order": 1, "hotel_value": ["4.6"], "hotel_price": ["857"]}, "345010": {"hotel_name": "\u5e7f\u5dde\u56db\u5b63\u9152\u5e97", "order_time": ["2019-01-06 01:25:48"], "total_order": 1, "hotel_value": ["4.8"], "hotel_price": ["1858"]}, "448803": {"hotel_name": "\u7ef4\u4e5f\u7eb33\u597d\u9152\u5e97(\u5e7f\u5dde\u4f1a\u5c55\u4e2d\u5fc3\u8d64\u5c97\u8def\u5e97)", "order_time": ["2019-01-06 01:25:48"], "total_order": 1, "hotel_value": ["4.4"], "hotel_price": ["209"]}, "2532640": {"hotel_name": "\u5e7f\u5dde\u82b1\u5b63\u9152\u5e97\u516c\u5bd3(\u7436\u6d32\u4f1a\u5c55\u5e97)", "order_time": ["2019-01-06 01:25:49"], "total_order": 1, "hotel_value": ["4.6"], "hotel_price": ["148"]}, "8312870": {"hotel_name": "\u5e7f\u5dde\u7ef4\u4e5f\u7eb3\u9152\u5e97(\u4ece\u5316\u73af\u5e02\u4e1c\u8def\u6c5f\u57d4\u5e97)", "order_time": ["2019-01-06 01:25:49"], "total_order": 1, "hotel_value": ["4.9"], "hotel_price": ["239"]}, "393363": {"hotel_name": "\u51a0\u76db\u7687\u5ba4\u5821\u9152\u5e97(\u5e7f\u5dde\u5929\u6cb3\u5e97)(\u539f\u5357\u6d0b\u51a0\u76db\u9152\u5e97)", "order_time": ["2019-01-06 01:27:40"], "total_order": 1, "hotel_value": ["4.4"], "hotel_price": ["404"]}, "1250871": {"hotel_name": "\u57df\u9152\u5e97(\u5e7f\u5dde\u6d1b\u6eaa\u5730\u94c1\u7ad9\u5e97)", "order_time": ["2019-01-06 01:27:40"], "total_order": 1, "hotel_value": ["4.4"], "hotel_price": ["226"]}, "27850450": {"hotel_name": "\u6854\u5b50\u9152\u5e97\u7cbe\u9009(\u5e7f\u5dde\u706b\u8f66\u7ad9\u5e97)", "order_time": ["2019-01-06 01:39:41", "2019-01-06 01:27:40"], "total_order": 2, "hotel_value": ["4.9", "4.9"], "hotel_price": ["356", "356"]}, "4547712": {"hotel_name": "\u5e7f\u5dde\u78a7\u6cc9\u7a7a\u4e2d\u6e29\u6cc9\u5927\u9152\u5e97", "order_time": ["2019-01-06 01:57:40", "2019-01-06 01:27:40"], "total_order": 2, "hotel_value": ["4.8", "4.8"], "hotel_price": ["875", "898"]}, "437190": {"hotel_name": "\u5e7f\u5dde\u7f8e\u6797\u6e56\u6e29\u6cc9\u5927\u9152\u5e97", "order_time": ["2019-01-06 01:27:41"], "total_order": 1, "hotel_value": ["4.8"], "hotel_price": ["982"]}, "2382175": {"hotel_name": "\u5e7f\u5dde\u767d\u5929\u9e45\u5bbe\u9986", "order_time": ["2019-01-06 01:27:41"], "total_order": 1, "hotel_value": ["4.8"], "hotel_price": ["1030"]}, "1504987": {"hotel_name": "\u7ef4\u4e5f\u7eb3\u9152\u5e97(\u5e7f\u5dde\u540c\u548c\u5730\u94c1\u7ad9\u5e97)", "order_time": ["2019-01-06 01:27:42"], "total_order": 1, "hotel_value": ["4.8"], "hotel_price": ["276"]}, "1696640": {"hotel_name": "7\u5929\u8fde\u9501\u9152\u5e97(\u5e7f\u5dde\u5929\u6cb3\u5ba2\u8fd0\u7ad9\u4e8c\u5e97)", "order_time": ["2019-01-06 01:27:42"], "total_order": 1, "hotel_value": ["4.1"], "hotel_price": ["99"]}, "1467614": {"hotel_name": "\u5e7f\u5dde\u62c9\u83f2\u5c14\u9152\u5e97", "order_time": ["2019-01-06 01:27:42"], "total_order": 1, "hotel_value": ["4.0"], "hotel_price": ["132"]}, "6955551": {"hotel_name": "\u5e7f\u5dde\u543e\u5bb6\u516c\u5bd3\u9152\u5e97", "order_time": ["2019-01-06 01:27:42"], "total_order": 1, "hotel_value": ["4.0"], "hotel_price": ["140"]}, "6290625": {"hotel_name": "\u5409\u6854\u9152\u5e97(\u5e7f\u5dde\u6c5f\u6cf0\u8def\u5730\u94c1\u7ad9\u4e07\u79d1\u91cc\u5e97)", "order_time": ["2019-01-06 01:45:42", "2019-01-06 01:27:43"], "total_order": 2, "hotel_value": ["4.2", "4.2"], "hotel_price": ["150", "150"]}, "1892315": {"hotel_name": "\u5e7f\u5dde\u4f2f\u5c14\u65af\u9152\u5e97", "order_time": ["2019-01-06 01:27:45"], "total_order": 1, "hotel_value": ["3.9"], "hotel_price": ["112"]}, "1693373": {"hotel_name": "\u5e7f\u5dde\u5bb6\u7f18\u9152\u5e97", "order_time": ["2019-01-06 01:27:45"], "total_order": 1, "hotel_value": ["4.5"], "hotel_price": ["120"]}, "1739147": {"hotel_name": "\u5e7f\u5dde\u4fdd\u5609\u5229\u5bbe\u9986", "order_time": ["2019-01-06 01:27:45"], "total_order": 1, "hotel_value": ["3.5"], "hotel_price": ["54"]}, "810407": {"hotel_name": "\u5e7f\u5dde\u5174\u5858\u5bbe\u9986", "order_time": ["2019-01-06 01:27:46"], "total_order": 1, "hotel_value": ["3.9"], "hotel_price": ["112"]}, "5637688": {"hotel_name": "\u5e7f\u5dde\u5929\u6cb3\u533a\u65f6\u4ee3\u5feb\u6377\u9152\u5e97\u5f0f\u516c\u5bd3", "order_time": ["2019-01-06 01:27:48"], "total_order": 1, "hotel_value": ["2.6"], "hotel_price": ["110"]}, "1253991": {"hotel_name": "\u5e7f\u5dde\u5458\u6751\u516c\u5bd3", "order_time": ["2019-01-06 01:27:50"], "total_order": 1, "hotel_value": ["3.4"], "hotel_price": ["73"]}, "429276": {"hotel_name": "\u6854\u6811\u9526\u99a8\u5c4b\u516c\u5bd3(\u5e7f\u5dde\u534e\u5f3a\u8def\u5e97)(\u539f\u5a01\u5c14\u65af\u5206\u5e97)", "order_time": ["2019-01-06 01:29:41"], "total_order": 1, "hotel_value": ["4.3"], "hotel_price": ["267"]}, "1233759": {"hotel_name": "\u5e7f\u5dde\u9e3f\u5fb7\u56fd\u9645\u9152\u5e97", "order_time": ["2019-01-06 01:29:41"], "total_order": 1, "hotel_value": ["4.6"], "hotel_price": ["638"]}, "344995": {"hotel_name": "\u5e7f\u5dde\u4e2d\u5fc3\u7687\u51a0\u5047\u65e5\u9152\u5e97", "order_time": ["2019-01-06 01:29:42"], "total_order": 1, "hotel_value": ["4.6"], "hotel_price": ["723"]}, "1389579": {"hotel_name": "\u5c1a\u54c1\u94c2\u5bb6\u9152\u5e97(\u5e7f\u5dde\u745e\u7965\u5e97)", "order_time": ["2019-01-06 01:29:42"], "total_order": 1, "hotel_value": ["4.6"], "hotel_price": ["113"]}, "1692750": {"hotel_name": "\u5e7f\u5dde\u7965\u548c\u9152\u5e97", "order_time": ["2019-01-06 01:29:43"], "total_order": 1, "hotel_value": ["4.0"], "hotel_price": ["121"]}, "845654": {"hotel_name": "\u563b\u54c8\u9152\u5e97\u516c\u5bd3(\u5e7f\u5dde\u5408\u751f\u5e7f\u573a\u5e97)", "order_time": ["2019-01-06 01:29:44"], "total_order": 1, "hotel_value": ["4.0"], "hotel_price": ["214"]}, "1583600": {"hotel_name": "\u5e7f\u5dde\u987a\u53d1\u9152\u5e97", "order_time": ["2019-01-06 01:29:44"], "total_order": 1, "hotel_value": ["4.1"], "hotel_price": ["67"]}, "13913892": {"hotel_name": "\u539f\u7d20\u6982\u5ff5\u9152\u5e97(\u5e7f\u5dde\u65b0\u767d\u4e91\u56fd\u9645\u673a\u573a\u5e97)", "order_time": ["2019-01-06 01:31:42"], "total_order": 1, "hotel_value": ["4.6"], "hotel_price": ["209"]}, "5142040": {"hotel_name": "\u4e07\u7231\u60c5\u4fa3\u4e3b\u9898\u9152\u5e97(\u5e7f\u5dde\u4ece\u5316\u5e97)", "order_time": ["2019-01-06 01:31:43"], "total_order": 1, "hotel_value": ["4.6"], "hotel_price": ["159"]}, "2305391": {"hotel_name": "7\u5929\u4f18\u54c1\u9152\u5e97(\u5e7f\u5dde\u6653\u6e2f\u6e7e\u4e1c\u6653\u5357\u5730\u94c1\u7ad9\u5e97)", "order_time": ["2019-01-06 01:31:43"], "total_order": 1, "hotel_value": ["4.6"], "hotel_price": ["174"]}, "2729744": {"hotel_name": "\u9e97\u67ab\u9152\u5e97(\u5e7f\u5dde\u706b\u8f66\u7ad9\u4e09\u5143\u91cc\u5730\u94c1\u7ad9\u5e97)", "order_time": ["2019-01-06 01:31:43"], "total_order": 1, "hotel_value": ["4.7"], "hotel_price": ["307"]}, "6449516": {"hotel_name": "\u5e7f\u5dde\u767d\u4e91\u673a\u573a\u822a\u6e7e\u6fb3\u65af\u7279\u7cbe\u9009\u9152\u5e97", "order_time": ["2019-01-06 01:35:43", "2019-01-06 01:31:43"], "total_order": 2, "hotel_value": ["4.7", "4.7"], "hotel_price": ["498", "498"]}, "778154": {"hotel_name": "\u9038\u7c73\u9152\u5e97(\u5e7f\u5dde\u4f1a\u5c55\u4e2d\u5fc3\u8d64\u5c97\u5e97)(\u539f\u8d64\u5c97\u5730\u94c1\u7ad9\u5e97)", "order_time": ["2019-01-06 01:31:43"], "total_order": 1, "hotel_value": ["4.2"], "hotel_price": ["118"]}, "2306891": {"hotel_name": "\u5e7f\u5dde\u540d\u9a8f\u5a01\u9152\u5e97", "order_time": ["2019-01-06 01:31:44"], "total_order": 1, "hotel_value": ["4.4"], "hotel_price": ["228"]}, "7786346": {"hotel_name": "\u67cf\u66fc\u9152\u5e97(\u5e7f\u5dde\u65b0\u5e02\u9ec4\u77f3\u897f\u8def\u5e97)", "order_time": ["2019-01-06 01:31:44"], "total_order": 1, "hotel_value": ["4.7"], "hotel_price": ["164"]}, "535500": {"hotel_name": "\u5e7f\u5dde\u4e91\u4e3d\u5927\u9152\u5e97", "order_time": ["2019-01-06 01:31:44"], "total_order": 1, "hotel_value": ["4.3"], "hotel_price": ["464"]}, "8614969": {"hotel_name": "\u5e7f\u5dde\u6cca\u6e7e\u516c\u9986", "order_time": ["2019-01-06 01:31:44"], "total_order": 1, "hotel_value": ["4.1"], "hotel_price": ["101"]}, "1285115": {"hotel_name": "\u661f\u4e9a\u9152\u5e97(\u5e7f\u5dde\u534e\u5357\u78a7\u6842\u56ed\u5e97)", "order_time": ["2019-01-06 01:31:45"], "total_order": 1, "hotel_value": ["4.0"], "hotel_price": ["116"]}, "2143415": {"hotel_name": "7\u5929\u8fde\u9501\u9152\u5e97(\u5e7f\u5dde\u82b1\u90fd\u5efa\u8bbe\u5317\u8def\u5e97)", "order_time": ["2019-01-06 01:31:45"], "total_order": 1, "hotel_value": ["4.3"], "hotel_price": ["124"]}, "930223": {"hotel_name": "\u5e7f\u5dde\u841d\u838e\u65c5\u9986", "order_time": ["2019-01-06 01:31:45"], "total_order": 1, "hotel_value": ["4.7"], "hotel_price": ["54"]}, "17338146": {"hotel_name": "\u5e7f\u5dde\u6c99\u5170\u56fd\u9645\u8fde\u9501\u9752\u5e74\u65c5\u793e", "order_time": ["2019-01-06 01:31:47"], "total_order": 1, "hotel_value": [0], "hotel_price": ["65"]}, "1058436": {"hotel_name": "\u57ce\u5e02\u4fbf\u6377\u9152\u5e97(\u5e7f\u5dde\u4e09\u5143\u91cc\u5730\u94c1\u7ad9\u5e97)", "order_time": ["2019-01-06 01:31:47"], "total_order": 1, "hotel_value": ["4.1"], "hotel_price": ["183"]}, "392495": {"hotel_name": "\u5e7f\u5dde\u5730\u4e2d\u6d77\u56fd\u9645\u9152\u5e97", "order_time": ["2019-01-06 01:33:42"], "total_order": 1, "hotel_value": ["4.5"], "hotel_price": ["463"]}, "419306": {"hotel_name": "\u78a7\u6842\u56ed\u5e7f\u5dde\u51e4\u51f0\u57ce\u9152\u5e97", "order_time": ["2019-01-06 01:47:40", "2019-01-06 01:33:42"], "total_order": 2, "hotel_value": ["4.7", "4.7"], "hotel_price": ["496", "496"]}, "4355354": {"hotel_name": "\u5e7f\u5dde\u7f8e\u4e4b\u65c5\u516c\u5bd3", "order_time": ["2019-01-06 01:33:44"], "total_order": 1, "hotel_value": ["4.8"], "hotel_price": ["83"]}, "439849": {"hotel_name": "\u8fce\u5546\u9152\u5e97(\u5e7f\u5dde\u4e3d\u5f71\u5e7f\u573a\u5e97)", "order_time": ["2019-01-06 01:33:45"], "total_order": 1, "hotel_value": ["4.6"], "hotel_price": ["169"]}, "818820": {"hotel_name": "\u5982\u5bb6\u5546\u65c5\u9152\u5e97(\u5e7f\u5dde\u4e0a\u4e0b\u4e5d\u6b65\u884c\u8857\u957f\u5bff\u8def\u5730\u94c1\u7ad9\u5b9d\u534e\u8def\u5e97)", "order_time": ["2019-01-06 01:35:42"], "total_order": 1, "hotel_value": ["4.7"], "hotel_price": ["240"]}, "5051491": {"hotel_name": "\u5c1a\u5ba2\u4f18\u5feb\u6377\u9152\u5e97(\u5e7f\u5dde\u65b0\u767d\u4e91\u673a\u573a\u5e97)", "order_time": ["2019-01-06 01:35:42"], "total_order": 1, "hotel_value": ["4.5"], "hotel_price": ["140"]}, "669261": {"hotel_name": "\u5e7f\u5dde\u4e39\u987f\u884c\u653f\u516c\u5bd3", "order_time": ["2019-01-06 01:35:43"], "total_order": 1, "hotel_value": ["4.6"], "hotel_price": ["567"]}, "426941": {"hotel_name": "\u5e7f\u5dde\u53cb\u548c\u9152\u5e97", "order_time": ["2019-01-06 01:35:43"], "total_order": 1, "hotel_value": ["4.6"], "hotel_price": ["473"]}, "779273": {"hotel_name": "\u5e7f\u5dde\u666e\u7433\u5546\u52a1\u9152\u5e97", "order_time": ["2019-01-06 01:35:44"], "total_order": 1, "hotel_value": ["4.4"], "hotel_price": ["216"]}, "1620196": {"hotel_name": "\u5c71\u6c34\u65f6\u5c1a\u9152\u5e97(\u5e7f\u5dde\u540c\u548c\u5730\u94c1\u7ad9\u5e97)", "order_time": ["2019-01-06 01:35:44"], "total_order": 1, "hotel_value": ["4.3"], "hotel_price": ["214"]}, "6448658": {"hotel_name": "\u5e7f\u5dde\u7f8e\u4eba\u9c7c\u516c\u5bd3", "order_time": ["2019-01-06 01:35:45"], "total_order": 1, "hotel_value": ["4.5"], "hotel_price": ["64"]}, "428547": {"hotel_name": "\u5e7f\u5dde\u6587\u534e\u4e1c\u65b9\u9152\u5e97", "order_time": ["2019-01-06 01:37:41"], "total_order": 1, "hotel_value": ["4.8"], "hotel_price": ["1439"]}, "16085521": {"hotel_name": "\u767d\u4e91\u56fd\u9645\u516c\u5bd3(\u5e7f\u5dde\u767d\u4e91\u56fd\u9645\u673a\u573a\u5e97)", "order_time": ["2019-01-06 01:37:41", "2019-01-06 01:47:41"], "total_order": 2, "hotel_value": ["4.8", "4.8"], "hotel_price": ["102", "102"]}, "4590350": {"hotel_name": "\u661f\u4f26\u4fdd\u5229\u4e2d\u6c47\u56fd\u9645\u516c\u5bd3(\u5e7f\u5dde\u706b\u8f66\u4e1c\u7ad9\u5e97)", "order_time": ["2019-01-06 01:37:42"], "total_order": 1, "hotel_value": ["4.7"], "hotel_price": ["266"]}, "5090913": {"hotel_name": "\u5e7f\u5dde\u5927\u5b66\u57ce\u94f6\u5929\u516c\u5bd3", "order_time": ["2019-01-06 01:37:42"], "total_order": 1, "hotel_value": ["4.1"], "hotel_price": ["115"]}, "21812498": {"hotel_name": "\u5bb6\u601d\u5bb6\u516c\u5bd3(\u5e7f\u5dde\u529b\u8fbe\u5e7f\u573a\u5e97)", "order_time": ["2019-01-06 01:37:42"], "total_order": 1, "hotel_value": ["4.5"], "hotel_price": ["197"]}, "3002222": {"hotel_name": "\u5e7f\u5dde\u548c\u54c1\u9152\u5e97", "order_time": ["2019-01-06 01:37:42"], "total_order": 1, "hotel_value": ["4.5"], "hotel_price": ["288"]}, "1602001": {"hotel_name": "\u5e7f\u5dde\u9999\u6797\u6d77\u5546\u52a1\u7cbe\u54c1\u9152\u5e97", "order_time": ["2019-01-06 01:37:43"], "total_order": 1, "hotel_value": ["4.5"], "hotel_price": ["236"]}, "1452020": {"hotel_name": "\u5e7f\u5dde\u7687\u5723\u5927\u9152\u5e97", "order_time": ["2019-01-06 01:37:44"], "total_order": 1, "hotel_value": ["4.1"], "hotel_price": ["160"]}, "5247136": {"hotel_name": "\u5e7f\u5dde\u90fd\u5e02118\u8fde\u9501\u9152\u5e97\u82b1\u90fd\u673a\u573a\u5e97", "order_time": ["2019-01-06 01:37:47"], "total_order": 1, "hotel_value": ["4.3"], "hotel_price": ["98"]}, "1057647": {"hotel_name": "\u9e97\u67ab\u9152\u5e97(\u5e7f\u5dde\u5929\u6cb3\u6b63\u4f73\u5e7f\u573a\u5e97)", "order_time": ["2019-01-06 01:47:40", "2019-01-06 01:39:41"], "total_order": 2, "hotel_value": ["4.6", "4.6"], "hotel_price": ["305", "305"]}, "776227": {"hotel_name": "\u65b9\u6d01\u8fde\u9501\u9152\u5e97(\u5e7f\u5dde\u897f\u95e8\u53e3\u5730\u94c1\u7ad9\u5e97)", "order_time": ["2019-01-06 01:39:41"], "total_order": 1, "hotel_value": ["4.0"], "hotel_price": ["92"]}, "1747371": {"hotel_name": "\u5e7f\u5dde\u60a6\u4eab\u5bb6\u516c\u5bd3", "order_time": ["2019-01-06 01:39:42"], "total_order": 1, "hotel_value": ["4.7"], "hotel_price": ["228"]}, "981826": {"hotel_name": "\u661f\u548c\u5546\u52a1\u9152\u5e97(\u5e7f\u5dde\u706b\u8f66\u7ad9\u8d8a\u79c0\u516c\u56ed\u6d41\u82b1\u4f1a\u5c55\u4e2d\u5fc3\u5e97)", "order_time": ["2019-01-06 01:39:42"], "total_order": 1, "hotel_value": ["4.4"], "hotel_price": ["201"]}, "8554028": {"hotel_name": "\u6c49\u666e\u6566\u56fd\u9645\u516c\u5bd3(\u5e7f\u5dde\u534e\u5e08\u5730\u94c1\u7ad9\u5e97)", "order_time": ["2019-01-06 01:39:43"], "total_order": 1, "hotel_value": ["4.6"], "hotel_price": ["359"]}, "606184": {"hotel_name": "\u5e7f\u5dde\u6587\u60a6\u4e3d\u534e\u9152\u5e97(\u539f\u5408\u5174\u5927\u9152\u5e97)", "order_time": ["2019-01-06 01:39:43"], "total_order": 1, "hotel_value": ["4.6"], "hotel_price": ["288"]}, "3041857": {"hotel_name": "\u57ce\u5e02\u4fbf\u6377\u9152\u5e97(\u5e7f\u5dde\u65b0\u5858\u6c99\u57d4\u5927\u9053)", "order_time": ["2019-01-06 01:39:44"], "total_order": 1, "hotel_value": ["4.3"], "hotel_price": ["141"]}, "1442273": {"hotel_name": "99\u65c5\u9986\u8fde\u9501(\u5e7f\u5dde\u673a\u573a\u8def\u5e97)", "order_time": ["2019-01-06 01:39:45", "2019-01-06 01:45:46"], "total_order": 2, "hotel_value": ["3.6", "3.6"], "hotel_price": ["72", "72"]}, "15062983": {"hotel_name": "\u5e7f\u5dde\u963f\u5df4\u5b9d\u6c5f\u5357\u559c\u5e86\u516c\u5bd3", "order_time": ["2019-01-06 01:39:45"], "total_order": 1, "hotel_value": [0], "hotel_price": ["108"]}, "1505015": {"hotel_name": "\u5e7f\u5dde\u66fc\u90fd\u56fd\u9645\u5927\u9152\u5e97", "order_time": ["2019-01-06 01:41:40"], "total_order": 1, "hotel_value": ["4.4"], "hotel_price": ["205"]}, "16340467": {"hotel_name": "\u5e7f\u5dde\u6b22\u4e50\u7a9d\u827a\u672f\u4e3b\u9898\u7cbe\u54c1\u516c\u5bd3", "order_time": ["2019-01-06 01:41:41"], "total_order": 1, "hotel_value": ["4.7"], "hotel_price": ["125"]}, "374618": {"hotel_name": "\u5e7f\u5dde\u73c0\u4e3d\u9152\u5e97", "order_time": ["2019-01-06 01:41:41"], "total_order": 1, "hotel_value": ["4.1"], "hotel_price": ["321"]}, "4835729": {"hotel_name": "\u5e7f\u5dde\u777f\u5bb6\u9152\u5e97", "order_time": ["2019-01-06 01:41:41"], "total_order": 1, "hotel_value": ["4.2"], "hotel_price": ["159"]}, "1695808": {"hotel_name": "\u5e7f\u5dde\u5a01\u5c14\u7eb3\u5feb\u6377\u8fde\u9501\u9152\u5e97", "order_time": ["2019-01-06 01:41:42"], "total_order": 1, "hotel_value": ["4.3"], "hotel_price": ["150"]}, "837468": {"hotel_name": "\u67cf\u9ad8\u9152\u5e97(\u5e7f\u5dde\u841d\u5c97\u79d1\u5b66\u57ce\u4e07\u8fbe\u5e7f\u573a\u5e97)", "order_time": ["2019-01-06 01:41:42"], "total_order": 1, "hotel_value": ["4.6"], "hotel_price": ["396"]}, "1575834": {"hotel_name": "\u5e03\u4e01\u9152\u5e97(\u5e7f\u5dde\u756a\u79ba\u6d1b\u6eaa\u5730\u94c1\u7ad9\u5e97)", "order_time": ["2019-01-06 01:41:42"], "total_order": 1, "hotel_value": ["4.0"], "hotel_price": ["110"]}, "6448675": {"hotel_name": "\u57ce\u5e02\u4fbf\u6377\u9152\u5e97(\u5e7f\u5dde\u589e\u57ce\u4e07\u8fbe\u5730\u94c1\u7ad9\u5e97)(\u539f\u4e07\u8fbe\u5e7f\u573a\u5e97)", "order_time": ["2019-01-06 01:41:43"], "total_order": 1, "hotel_value": ["4.6"], "hotel_price": ["181"]}, "4998287": {"hotel_name": "\u5e7f\u5dde\u96cd\u79be\u5546\u52a1\u9152\u5e97", "order_time": ["2019-01-06 01:41:43"], "total_order": 1, "hotel_value": ["4.4"], "hotel_price": ["159"]}, "5379824": {"hotel_name": "\u5e7f\u5dde\u5357\u6c99\u533a\u4e2d\u5174\u9152\u5e97", "order_time": ["2019-01-06 01:41:44"], "total_order": 1, "hotel_value": ["3.3"], "hotel_price": ["113"]}, "12649013": {"hotel_name": "\u5e7f\u5dde\u6c47\u601d\u7f8e\u516c\u5bd3", "order_time": ["2019-01-06 01:41:45"], "total_order": 1, "hotel_value": [0], "hotel_price": ["103"]}, "19859565": {"hotel_name": "\u9038\u5448\u9152\u5e97\u516c\u5bd3(\u5e7f\u5dde\u7436\u6d32\u4f1a\u5c55\u4e2d\u5fc3\u79d1\u97f5\u8def\u5e97)", "order_time": ["2019-01-06 01:43:40"], "total_order": 1, "hotel_value": ["4.6"], "hotel_price": ["226"]}, "1695850": {"hotel_name": "\u6d3e\u9152\u5e97(\u5e7f\u5dde\u5929\u6cb3\u68e0\u4e0b\u597d\u53c8\u591a\u5e97)", "order_time": ["2019-01-06 01:43:43"], "total_order": 1, "hotel_value": ["4.4"], "hotel_price": ["110"]}, "853293": {"hotel_name": "\u5e7f\u5dde\u6b27\u90a6\u88d5\u4e30\u5546\u52a1\u9152\u5e97(\u539f\u88d5\u4e30\u9152\u5e97)", "order_time": ["2019-01-06 01:43:44"], "total_order": 1, "hotel_value": ["4.5"], "hotel_price": ["141"]}, "1635420": {"hotel_name": "\u5e7f\u5dde\u96cd\u5bcc\u9152\u5e97", "order_time": ["2019-01-06 01:43:44"], "total_order": 1, "hotel_value": ["4.0"], "hotel_price": ["155"]}, "5482544": {"hotel_name": "\u5982\u5bb6\u5feb\u6377\u9152\u5e97(\u5e7f\u5dde\u4e2d\u534e\u5e7f\u573a\u5e97)", "order_time": ["2019-01-06 01:43:44"], "total_order": 1, "hotel_value": ["4.5"], "hotel_price": ["180"]}, "4378437": {"hotel_name": "\u901f8\u9152\u5e97(\u5e7f\u5dde\u7436\u6d32\u4f1a\u5c55\u5e97)", "order_time": ["2019-01-06 01:45:41"], "total_order": 1, "hotel_value": ["4.1"], "hotel_price": ["146"]}, "14014782": {"hotel_name": "\u94a7\u73ba\u56fd\u9645\u4e3b\u9898\u516c\u5bd3(\u5e7f\u5dde\u73e0\u6c5f\u65b0\u57ce\u5e97)", "order_time": ["2019-01-06 01:45:41"], "total_order": 1, "hotel_value": ["4.7"], "hotel_price": ["365"]}, "20275381": {"hotel_name": "\u7ef4\u4e5f\u7eb3\u9152\u5e97(\u5e7f\u5dde\u756a\u79ba\u4e9a\u8fd0\u57ce\u5e97)", "order_time": ["2019-01-06 01:45:41"], "total_order": 1, "hotel_value": ["4.7"], "hotel_price": ["238"]}, "18076549": {"hotel_name": "\u58f9\u53f7\u516c\u5bd3(\u5e7f\u5dde\u9ad8\u94c1\u4f1a\u6c5f\u5730\u94c1\u7ad9\u5e97)", "order_time": ["2019-01-06 01:45:42"], "total_order": 1, "hotel_value": ["4.2"], "hotel_price": ["148"]}, "3796577": {"hotel_name": "\u6587\u661f\u8fde\u9501\u9152\u5e97(\u5e7f\u5dde\u65b0\u5e02\u5e97)", "order_time": ["2019-01-06 01:45:42"], "total_order": 1, "hotel_value": ["4.6"], "hotel_price": ["159"]}, "439705": {"hotel_name": "\u5e7f\u5dde\u9038\u6797\u5047\u65e5\u9152\u5e97", "order_time": ["2019-01-06 01:45:42"], "total_order": 1, "hotel_value": ["4.7"], "hotel_price": ["498"]}, "445146": {"hotel_name": "\u5e7f\u5dde\u5361\u5c14\u6587\u5927\u9152\u5e97", "order_time": ["2019-01-06 01:45:42"], "total_order": 1, "hotel_value": ["4.3"], "hotel_price": ["230"]}, "1623231": {"hotel_name": "7\u5929\u8fde\u9501\u9152\u5e97(\u5e7f\u5dde\u767d\u4e91\u56fd\u9645\u673a\u573a\u5e97)", "order_time": ["2019-01-06 01:45:42"], "total_order": 1, "hotel_value": ["4.3"], "hotel_price": ["132"]}, "397501": {"hotel_name": "\u5e7f\u5dde\u767d\u4e91\u5bbe\u9986", "order_time": ["2019-01-06 01:45:43"], "total_order": 1, "hotel_value": ["4.6"], "hotel_price": ["510"]}, "5379627": {"hotel_name": "\u5e7f\u5dde\u756a\u79ba\u533a\u5609\u534e\u9152\u5e97", "order_time": ["2019-01-06 01:45:45"], "total_order": 1, "hotel_value": ["4.3"], "hotel_price": ["92"]}, "1136828": {"hotel_name": "\u5e7f\u5dde\u7d2b\u7fe0\u53e0\u516c\u5bd3(\u539f\u661f\u9a7f\u56fd\u9645\u516c\u5bd3(\u706b\u8f66\u7ad9\u897f\u6e7e\u8def\u5e97))", "order_time": ["2019-01-06 01:45:45"], "total_order": 1, "hotel_value": ["4.5"], "hotel_price": ["214"]}, "5315869": {"hotel_name": "\u5e7f\u5dde\u5b8f\u8fbe\u65c5\u9986", "order_time": ["2019-01-06 01:45:47"], "total_order": 1, "hotel_value": [0], "hotel_price": ["56"]}, "426591": {"hotel_name": "\u9e97\u67ab\u9152\u5e97(\u5e7f\u5dde\u957f\u9686\u5e02\u6865\u5730\u94c1\u7ad9\u6613\u53d1\u6b65\u884c\u8857\u5e97)", "order_time": ["2019-01-06 01:47:40"], "total_order": 1, "hotel_value": ["4.8"], "hotel_price": ["231"]}, "6739301": {"hotel_name": "\u7ef4\u4e5f\u7eb3\u9152\u5e97(\u5e7f\u5dde\u5c0f\u5317\u5730\u94c1\u7ad9\u5e97)(\u539f\u5b9d\u6c49\u9152\u5e97)", "order_time": ["2019-01-06 01:47:40"], "total_order": 1, "hotel_value": ["4.8"], "hotel_price": ["254"]}, "559129": {"hotel_name": "\u5e7f\u5dde\u6717\u9038\u5546\u52a1\u9152\u5e97", "order_time": ["2019-01-06 01:47:40"], "total_order": 1, "hotel_value": ["4.1"], "hotel_price": ["203"]}, "11053121": {"hotel_name": "\u7ef4\u798f\u987f\u516c\u5bd3(\u5e7f\u5dde\u6c49\u6eaa\u957f\u9686\u5730\u94c1\u7ad9\u62db\u5546\u4e3b\u573a\u5e97)", "order_time": ["2019-01-06 01:47:40"], "total_order": 1, "hotel_value": ["4.7"], "hotel_price": ["191"]}, "456162": {"hotel_name": "\u5e7f\u5dde\u96c5\u8bd7\u9601\u670d\u52a1\u516c\u5bd3", "order_time": ["2019-01-06 01:47:40"], "total_order": 1, "hotel_value": ["4.6"], "hotel_price": ["877"]}, "2107853": {"hotel_name": "\u6e2f\u6c47\u7cbe\u54c1\u9152\u5e97(\u5e7f\u5dde\u91ce\u751f\u52a8\u7269\u56ed\u666f\u533a\u5e97)", "order_time": ["2019-01-06 01:47:40"], "total_order": 1, "hotel_value": ["4.7"], "hotel_price": ["168"]}, "11058783": {"hotel_name": "\u7eb3\u7ef4\u65af\u6c40\u9152\u5e97(\u5e7f\u5dde\u65b0\u767d\u4e91\u56fd\u9645\u673a\u573a\u603b\u5e97)", "order_time": ["2019-01-06 01:47:40"], "total_order": 1, "hotel_value": ["4.8"], "hotel_price": ["197"]}, "345008": {"hotel_name": "\u5e7f\u5dde\u65b9\u5706\u5965\u514b\u4f0d\u5fb7\u8c6a\u666f", "order_time": ["2019-01-06 01:47:40"], "total_order": 1, "hotel_value": ["4.6"], "hotel_price": ["991"]}, "12489624": {"hotel_name": "\u9e97\u67ab\u9152\u5e97(\u5e7f\u5dde\u5317\u7ad9\u5e97)", "order_time": ["2019-01-06 01:47:40"], "total_order": 1, "hotel_value": ["4.8"], "hotel_price": ["255"]}, "1542337": {"hotel_name": "\u5e7f\u5dde\u7f8e\u6e2f\u9152\u5e97", "order_time": ["2019-01-06 01:47:40"], "total_order": 1, "hotel_value": ["4.2"], "hotel_price": ["238"]}, "468721": {"hotel_name": "\u5e7f\u5dde\u4e1c\u9038\u6e7e\u9152\u5e97", "order_time": ["2019-01-06 01:47:40"], "total_order": 1, "hotel_value": ["4.6"], "hotel_price": ["571"]}, "2616079": {"hotel_name": "\u9e97\u67ab\u9152\u5e97(\u5e7f\u5dde\u5929\u6cb3\u516c\u56ed\u9ec4\u57d4\u5927\u9053\u5e97)", "order_time": ["2019-01-06 01:47:40"], "total_order": 1, "hotel_value": ["4.7"], "hotel_price": ["223"]}, "468091": {"hotel_name": "\u4e00\u5446\u516c\u5bd3\u00b7\u5e7f\u5dde\u4fdd\u5229\u4e2d\u6c47", "order_time": ["2019-01-06 01:47:40"], "total_order": 1, "hotel_value": ["4.3"], "hotel_price": ["281"]}, "8655891": {"hotel_name": "\u5e7f\u5dde\u751f\u7269\u5c9b\u56fd\u9645\u516c\u5bd3", "order_time": ["2019-01-06 01:47:40"], "total_order": 1, "hotel_value": ["4.6"], "hotel_price": ["448"]}, "3666264": {"hotel_name": "\u5e7f\u5dde\u94c2\u777f2359\u516c\u5bd3", "order_time": ["2019-01-06 01:47:40"], "total_order": 1, "hotel_value": ["4.1"], "hotel_price": ["158"]}, "23931575": {"hotel_name": "\u5e7f\u5dde\u4e9a\u7279\u5170\u65af\u56fd\u9645\u5ea6\u5047\u516c\u5bd3", "order_time": ["2019-01-06 01:47:40"], "total_order": 1, "hotel_value": ["4.9"], "hotel_price": ["196"]}, "2020091": {"hotel_name": "\u65b9\u6d01\u8fde\u9501\u9152\u5e97(\u5e7f\u5dde\u5929\u6cb3\u57ce\u5e97)", "order_time": ["2019-01-06 01:47:40"], "total_order": 1, "hotel_value": ["4.0"], "hotel_price": ["198"]}, "449893": {"hotel_name": "Xbed\u4e92\u8054\u7f51\u9152\u5e97(\u5e7f\u5dde\u96c5\u5c14\u5eb7\u5e97)(\u539f\u96c5\u5c14\u5eb7\u5546\u52a1\u9152\u5e97)", "order_time": ["2019-01-06 01:47:40"], "total_order": 1, "hotel_value": ["4.2"], "hotel_price": ["228"]}, "813086": {"hotel_name": "\u8bfa\u76df\u56fd\u9645\u516c\u5bd3(\u5e7f\u5dde\u5148\u70c8\u5357\u8def\u65f6\u4ee3\u56fd\u9645YOU\u5e97)", "order_time": ["2019-01-06 01:47:40"], "total_order": 1, "hotel_value": ["4.1"], "hotel_price": ["209"]}, "467416": {"hotel_name": "\u5e7f\u5dde\u56fd\u9645\u6d77\u5458\u4ff1\u4e50\u90e8(\u539f\u6c5f\u60a6\u9152\u5e97)", "order_time": ["2019-01-06 01:47:40"], "total_order": 1, "hotel_value": ["4.2"], "hotel_price": ["216"]}, "5512865": {"hotel_name": "\u6052\u4e1c\u7cbe\u9009\u9152\u5e97\u516c\u5bd3(\u5e7f\u5dde\u6c11\u95f4\u91d1\u878d\u5927\u53a6\u5e97)", "order_time": ["2019-01-06 01:47:40"], "total_order": 1, "hotel_value": ["4.5"], "hotel_price": ["128"]}, "2271795": {"hotel_name": "7\u5929\u8fde\u9501\u9152\u5e97(\u5e7f\u5dde\u4ece\u5316\u96c5\u5c45\u4e50\u5e97)", "order_time": ["2019-01-06 01:47:40"], "total_order": 1, "hotel_value": ["4.5"], "hotel_price": ["92"]}, "11407362": {"hotel_name": "\u5e7f\u5dde\u56db\u53f6\u8349\u73e0\u6c5f\u56fd\u9645\u7eba\u7ec7\u57ce\u5e97", "order_time": ["2019-01-06 01:47:41"], "total_order": 1, "hotel_value": ["4.4"], "hotel_price": ["216"]}, "2143423": {"hotel_name": "7\u5929\u4f18\u54c1\u9152\u5e97(\u5e7f\u5dde\u534e\u5e08\u5730\u94c1\u7ad9\u5e97)", "order_time": ["2019-01-06 01:47:41"], "total_order": 1, "hotel_value": ["4.2"], "hotel_price": ["180"]}, "17371551": {"hotel_name": "\u559c\u9047\u4e3b\u9898\u516c\u5bd3(\u5e7f\u5dde\u529b\u8fbe\u5e7f\u573a)", "order_time": ["2019-01-06 01:47:41"], "total_order": 1, "hotel_value": ["4.8"], "hotel_price": ["232"]}, "2399045": {"hotel_name": "\u901f8\u9152\u5e97(\u5e7f\u5dde\u65b0\u5858\u725b\u4ed4\u57ce\u5e97)", "order_time": ["2019-01-06 01:47:41"], "total_order": 1, "hotel_value": ["4.5"], "hotel_price": ["146"]}, "5237433": {"hotel_name": "\u5e7f\u5dde\u534e\u7433\u9152\u5e97", "order_time": ["2019-01-06 01:47:41"], "total_order": 1, "hotel_value": ["3.2"], "hotel_price": ["131"]}, "2220090": {"hotel_name": "\u5929\u65f6\u516c\u5bd3(\u5e7f\u5dde\u65b0\u767d\u4e91\u673a\u573a\u5e97)", "order_time": ["2019-01-06 01:47:42"], "total_order": 1, "hotel_value": ["4.6"], "hotel_price": ["78"]}, "397503": {"hotel_name": "\u7948\u798f\u8fde\u9501\u9152\u5e97(\u5e7f\u5dde\u82b1\u5c71\u5e97)", "order_time": ["2019-01-06 01:47:44"], "total_order": 1, "hotel_value": ["4.2"], "hotel_price": ["182"]}, "826360": {"hotel_name": "\u7cbe\u54c1\u9152\u5e97(\u5e7f\u5dde\u72ee\u5cad\u8d35\u6e90\u5e97)(\u539f\u8d35\u6e90\u5bbe\u9986)", "order_time": ["2019-01-06 01:47:45"], "total_order": 1, "hotel_value": ["4.5"], "hotel_price": ["138"]}, "1644942": {"hotel_name": "\u5e7f\u5dde\u5929\u7984\u9152\u5e97", "order_time": ["2019-01-06 01:47:47"], "total_order": 1, "hotel_value": ["2.3"], "hotel_price": ["79"]}, "4105260": {"hotel_name": "\u5e7f\u5dde\u826f\u53cb\u542f\u7a0b\u9152\u5e97", "order_time": ["2019-01-06 01:49:40", "2019-01-06 01:53:43"], "total_order": 2, "hotel_value": ["4.5", "4.5"], "hotel_price": ["188", "188"]}, "15249887": {"hotel_name": "\u5e7f\u5dde\u54c1\u81f4\u4eb2\u5b50\u4e3b\u9898\u516c\u5bd3", "order_time": ["2019-01-06 01:49:40"], "total_order": 1, "hotel_value": ["4.9"], "hotel_price": ["236"]}, "2611714": {"hotel_name": "\u7ef4\u4e5f\u7eb3\u9152\u5e97(\u5e7f\u5dde\u7f57\u51b2\u56f4\u5ba2\u8fd0\u7ad9\u5e97)(\u539f\u677e\u5357\u5e97)", "order_time": ["2019-01-06 01:49:41"], "total_order": 1, "hotel_value": ["4.9"], "hotel_price": ["216"]}, "1476935": {"hotel_name": "\u5e7f\u5dde\u5317\u534e\u65f6\u5c1a\u9152\u5e97", "order_time": ["2019-01-06 01:49:41"], "total_order": 1, "hotel_value": ["4.0"], "hotel_price": ["133"]}, "6080566": {"hotel_name": "\u5e7f\u5dde\u661f\u6708\u592a\u7a7a\u8231\u516c\u5bd3\u5458\u6751\u5e97", "order_time": ["2019-01-06 01:49:43"], "total_order": 1, "hotel_value": ["3.7"], "hotel_price": ["28"]}, "346487": {"hotel_name": "\u5e7f\u5dde\u4e07\u5bcc\u5e0c\u5c14\u987f\u9152\u5e97", "order_time": ["2019-01-06 01:51:40"], "total_order": 1, "hotel_value": ["4.6"], "hotel_price": ["815"]}, "5930107": {"hotel_name": "\u516b\u53f7\u81fb\u54c1\u9152\u5e97(\u5e7f\u5dde\u706b\u8f66\u7ad9\u4e09\u5143\u91cc\u5730\u94c1\u7ad9\u5e97)", "order_time": ["2019-01-06 01:51:41"], "total_order": 1, "hotel_value": ["4.7"], "hotel_price": ["254"]}, "429709": {"hotel_name": "\u5e7f\u5dde\u5965\u56ed\u9ad8\u5c14\u592b\u9152\u5e97", "order_time": ["2019-01-06 01:51:42"], "total_order": 1, "hotel_value": ["4.3"], "hotel_price": ["409"]}, "6653662": {"hotel_name": "\u84dd\u7f8e\u5feb\u6377\u9152\u5e97(\u5e7f\u5dde\u4ece\u5316\u6c7d\u8f66\u7ad9\u5e97)", "order_time": ["2019-01-06 01:51:42"], "total_order": 1, "hotel_value": ["4.7"], "hotel_price": ["141"]}, "1632539": {"hotel_name": "\u5e7f\u5dde\u82b1\u90fd\u4e3d\u6e2f\u9152\u5e97", "order_time": ["2019-01-06 01:51:42"], "total_order": 1, "hotel_value": ["4.0"], "hotel_price": ["133"]}, "2143385": {"hotel_name": "7\u5929\u8fde\u9501\u9152\u5e97(\u5e7f\u5dde\u6842\u82b1\u5c97\u5e97)", "order_time": ["2019-01-06 01:51:42"], "total_order": 1, "hotel_value": ["4.3"], "hotel_price": ["147"]}, "4122474": {"hotel_name": "\u9038\u7c73\u9152\u5e97(\u5e7f\u5dde\u897f\u534e\u8def\u5e97)", "order_time": ["2019-01-06 01:51:42"], "total_order": 1, "hotel_value": ["4.3"], "hotel_price": ["95"]}, "1695324": {"hotel_name": "\u5e7f\u5dde\u97e6\u5c14\u68ee\u9152\u5e97", "order_time": ["2019-01-06 01:51:43"], "total_order": 1, "hotel_value": ["4.5"], "hotel_price": ["121"]}, "4625977": {"hotel_name": "\u5e7f\u5dde\u6d77\u5c71\u5c45\u5546\u52a1\u516c\u5bd3", "order_time": ["2019-01-06 01:51:43"], "total_order": 1, "hotel_value": ["4.4"], "hotel_price": ["159"]}, "1701046": {"hotel_name": "\u5e7f\u5dde\u91d1\u4e00\u5047\u65e5\u9152\u5e97", "order_time": ["2019-01-06 01:51:43"], "total_order": 1, "hotel_value": ["4.1"], "hotel_price": ["88"]}, "1053347": {"hotel_name": "\u5e7f\u5dde\u6613\u53d1\u5546\u52a1\u9152\u5e97", "order_time": ["2019-01-06 01:53:46", "2019-01-06 01:51:44"], "total_order": 2, "hotel_value": ["3.5", "3.5"], "hotel_price": ["108", "108"]}, "6662590": {"hotel_name": "\u5e7f\u5dde\u957f\u7ea2\u5546\u52a1\u9152\u5e97", "order_time": ["2019-01-06 01:51:48"], "total_order": 1, "hotel_value": ["4.8"], "hotel_price": ["85"]}, "5309898": {"hotel_name": "\u5e7f\u5dde\u82b1\u7eaa\u9152\u5e97\u82b1\u90fd\u65b0\u534e\u5e97", "order_time": ["2019-01-06 01:53:44"], "total_order": 1, "hotel_value": ["4.4"], "hotel_price": ["122"]}, "21806928": {"hotel_name": "\u4f70\u5408\u7cbe\u9009\u56fd\u9645\u5ea6\u5047\u516c\u5bd3(\u5e7f\u5dde\u5408\u751f\u5e7f\u573a\u5e97)", "order_time": ["2019-01-06 01:53:44"], "total_order": 1, "hotel_value": ["4.7"], "hotel_price": ["189"]}, "10607631": {"hotel_name": "\u65e9\u5b89\u65c5\u5c45\u9152\u5e97\u516c\u5bd3(\u5e7f\u5dde\u756a\u79ba\u4e07\u8fbe\u5e7f\u573a\u5e97)", "order_time": ["2019-01-06 01:55:42"], "total_order": 1, "hotel_value": ["4.6"], "hotel_price": ["188"]}, "3737774": {"hotel_name": "\u9e97\u67ab\u9152\u5e97(\u5e7f\u5dde\u4e2d\u5c71\u4e00\u8def\u6768\u7b95\u5730\u94c1\u7ad9\u5e97)", "order_time": ["2019-01-06 01:55:43"], "total_order": 1, "hotel_value": ["4.7"], "hotel_price": ["323"]}, "1619449": {"hotel_name": "\u5e7f\u5dde\u73e0\u6c5f\u65b0\u5cb8\u516c\u5bd3", "order_time": ["2019-01-06 01:55:43"], "total_order": 1, "hotel_value": ["4.1"], "hotel_price": ["214"]}, "454610": {"hotel_name": "\u5e7f\u5dde\u73e0\u6d77\u7279\u533a\u5927\u9152\u5e97", "order_time": ["2019-01-06 01:55:43"], "total_order": 1, "hotel_value": ["4.3"], "hotel_price": ["274"]}, "1739957": {"hotel_name": "\u5929\u548c\u7cbe\u54c1\u9152\u5e97(\u5e7f\u5dde\u957f\u9686\u5e02\u6865\u5730\u94c1\u7ad9\u5e97)(\u539f\u5929\u548c\u5546\u52a1\u9152\u5e97)", "order_time": ["2019-01-06 01:55:43", "2019-01-06 01:57:41"], "total_order": 2, "hotel_value": ["4.5", "4.5"], "hotel_price": ["198", "198"]}, "8546733": {"hotel_name": "\u5e7f\u5dde\u6717\u8c6a\u516c\u5bd3\u5458\u6751\u5730\u94c1\u7ad9\u5e97", "order_time": ["2019-01-06 01:55:43"], "total_order": 1, "hotel_value": ["3.8"], "hotel_price": ["106"]}, "1024566": {"hotel_name": "\u5e7f\u5dde\u6885\u82b1\u56ed\u9152\u5e97", "order_time": ["2019-01-06 01:55:43"], "total_order": 1, "hotel_value": ["4.2"], "hotel_price": ["218"]}, "6083994": {"hotel_name": "\u822a\u670d\u6e2f\u6e7e\u9152\u5e97(\u5e7f\u5dde\u65b0\u767d\u4e91\u673a\u573a\u5e97)", "order_time": ["2019-01-06 01:55:44"], "total_order": 1, "hotel_value": ["4.5"], "hotel_price": ["139"]}, "5293502": {"hotel_name": "\u5e7f\u5dde\u4e91\u6cf0\u9152\u5e97\u9ec4\u77f3\u8def\u5e97", "order_time": ["2019-01-06 01:55:44"], "total_order": 1, "hotel_value": ["4.3"], "hotel_price": ["170"]}, "3364952": {"hotel_name": "\u6850\u559c\u9152\u5e97(\u5e7f\u5dde\u767d\u4e91\u5c71\u767d\u4e91\u5927\u9053\u5317\u5730\u94c1\u7ad9\u5e97)", "order_time": ["2019-01-06 01:57:40"], "total_order": 1, "hotel_value": ["4.5"], "hotel_price": ["179"]}, "2143365": {"hotel_name": "7\u5929\u8fde\u9501\u9152\u5e97(\u5e7f\u5dde\u756a\u79ba\u5e7f\u573a\u5730\u94c1\u7ad9\u5e97)", "order_time": ["2019-01-06 01:57:40"], "total_order": 1, "hotel_value": ["4.5"], "hotel_price": ["117"]}, "439463": {"hotel_name": "\u5e7f\u4e1c\u4e9a\u6d32\u56fd\u9645\u5927\u9152\u5e97", "order_time": ["2019-01-06 01:57:40"], "total_order": 1, "hotel_value": ["4.4"], "hotel_price": ["467"]}, "396594": {"hotel_name": "\u5e7f\u5dde\u7ef4\u591a\u5229\u9152\u5e97", "order_time": ["2019-01-06 01:57:40"], "total_order": 1, "hotel_value": ["4.6"], "hotel_price": ["549"]}, "1254970": {"hotel_name": "\u5e7f\u5dde\u7fe1\u4e3d\u56fd\u9645\u5927\u9152\u5e97", "order_time": ["2019-01-06 01:57:41"], "total_order": 1, "hotel_value": ["4.6"], "hotel_price": ["292"]}, "2647991": {"hotel_name": "\u57ce\u5e02\u4fbf\u6377\u9152\u5e97(\u5e7f\u5dde\u6d77\u73e0\u4f1a\u5c55\u4e2d\u5fc3\u5e97)", "order_time": ["2019-01-06 01:57:41"], "total_order": 1, "hotel_value": ["4.7"], "hotel_price": ["177"]}, "969540": {"hotel_name": "\u6c49\u5ead\u9152\u5e97(\u5e7f\u5dde\u5929\u5e73\u67b6\u5730\u94c1\u7ad9\u5e97)", "order_time": ["2019-01-06 01:57:42"], "total_order": 1, "hotel_value": ["4.4"], "hotel_price": ["144"]}, "6254726": {"hotel_name": "\u7d20\u5bd3\u81fb\u54c1\u9152\u5e97(\u5e7f\u5dde\u5929\u6cb3\u5ba2\u8fd0\u7ad9\u5e97)", "order_time": ["2019-01-06 01:57:42"], "total_order": 1, "hotel_value": ["4.4"], "hotel_price": ["189"]}, "5806176": {"hotel_name": "\u5e7f\u5dde\u4e3d\u6e90\u9152\u5e97\u5929\u6cb3\u5c97\u9876\u5730\u94c1\u7ad9\u5e97", "order_time": ["2019-01-06 01:57:42"], "total_order": 1, "hotel_value": ["3.6"], "hotel_price": ["90"]}, "4434600": {"hotel_name": "IU\u9152\u5e97(\u5e7f\u5dde\u592a\u548c\u5e7f\u573a\u5e97)", "order_time": ["2019-01-06 01:57:42"], "total_order": 1, "hotel_value": ["4.6"], "hotel_price": ["153"]}, "846727": {"hotel_name": "\u5e7f\u5dde\u541b\u7f8e\u56db\u5b63\u9152\u5e97", "order_time": ["2019-01-06 01:57:42"], "total_order": 1, "hotel_value": [0], "hotel_price": ["124"]}, "1714660": {"hotel_name": "\u5e7f\u5dde\u4e1c\u661f\u5546\u52a1\u9152\u5e97", "order_time": ["2019-01-06 01:57:43"], "total_order": 1, "hotel_value": ["4.5"], "hotel_price": ["93"]}, "791950": {"hotel_name": "\u5e7f\u5dde\u667a\u6770\u516c\u5bd3", "order_time": ["2019-01-06 01:57:43"], "total_order": 1, "hotel_value": ["3.5"], "hotel_price": ["98"]}, "809076": {"hotel_name": "\u5e7f\u5dde\u83b1\u514b\u9152\u5e97", "order_time": ["2019-01-06 01:57:43"], "total_order": 1, "hotel_value": ["3.6"], "hotel_price": ["198"]}, "18025389": {"hotel_name": "\u5e7f\u5dde\u964c\u4e34\u9601\u9752\u65c5", "order_time": ["2019-01-06 01:57:43"], "total_order": 1, "hotel_value": ["4.8"], "hotel_price": ["57"]}, "5493984": {"hotel_name": "\u793c\u9014\u9152\u5e97(\u5e7f\u5dde\u6dd8\u91d1\u5730\u94c1\u7ad9\u5e97)", "order_time": ["2019-01-06 01:59:42"], "total_order": 1, "hotel_value": ["4.6"], "hotel_price": ["338"]}, "3680756": {"hotel_name": "\u9e97\u67ab\u9152\u5e97(\u5e7f\u5dde\u897f\u95e8\u53e3\u5730\u94c1\u7ad9\u5e97)", "order_time": ["2019-01-06 01:59:42"], "total_order": 1, "hotel_value": ["4.7"], "hotel_price": ["334"]}, "454002": {"hotel_name": "\u6e2f\u6da6\u5bd3\u4e0a\u4f0a\u601d\u5fb7\u516c\u5bd3(\u5e7f\u5dde\u597d\u4e16\u754c\u5e97)", "order_time": ["2019-01-06 01:59:42"], "total_order": 1, "hotel_value": ["4.0"], "hotel_price": ["272"]}, "909587": {"hotel_name": "\u5e7f\u5dde\u4e1c\u57ce\u5bbe\u9986", "order_time": ["2019-01-06 01:59:42"], "total_order": 1, "hotel_value": ["4.3"], "hotel_price": ["151"]}, "457596": {"hotel_name": "\u5e7f\u5dde\u592a\u9633\u57ce\u5927\u9152\u5e97", "order_time": ["2019-01-06 01:59:42"], "total_order": 1, "hotel_value": ["4.3"], "hotel_price": ["212"]}, "1693356": {"hotel_name": "\u5e7f\u5dde\u9526\u6e90\u65b0\u7acb\u516c\u5bd3", "order_time": ["2019-01-06 01:59:42"], "total_order": 1, "hotel_value": ["4.0"], "hotel_price": ["150"]}, "1502818": {"hotel_name": "\u5982\u5bb6\u5feb\u6377\u9152\u5e97(\u5e7f\u5dde\u4e09\u5143\u91cc\u5e97)", "order_time": ["2019-01-06 01:59:43"], "total_order": 1, "hotel_value": ["4.1"], "hotel_price": ["124"]}, "2964163": {"hotel_name": "\u5e7f\u5dde\u660a\u661f\u5546\u52a1\u516c\u5bd3\u9152\u5e97", "order_time": ["2019-01-06 01:59:43"], "total_order": 1, "hotel_value": ["4.1"], "hotel_price": ["105"]}, "6482912": {"hotel_name": "\u5fae8\u9152\u5e97(\u5e7f\u5dde\u6c5f\u6cf0\u8def\u5730\u94c1\u7ad9\u5e97)", "order_time": ["2019-01-06 01:59:45"], "total_order": 1, "hotel_value": ["3.8"], "hotel_price": ["111"]}, "1361402": {"hotel_name": "\u9e97\u67ab\u9152\u5e97(\u5e7f\u5dde\u9ec4\u57d4\u5f00\u53d1\u533a\u5e97)", "order_time": ["2019-01-06 01:59:45"], "total_order": 1, "hotel_value": ["4.8"], "hotel_price": ["168"]}, "19678363": {"hotel_name": "\u5e7f\u5dde\u67cf\u60a6\u7cbe\u54c1\u516c\u5bd3", "order_time": ["2019-01-06 01:59:49"], "total_order": 1, "hotel_value": ["4.5"], "hotel_price": ["71"]}}}