{"\u5f00\u59cb\u8bb0\u5f55\u65f6\u95f4": "2019-01-21 01:06:45", "\u7ed3\u675f\u8bb0\u5f55\u65f6\u95f4": "2019-01-21 02:06:45", "\u8ba2\u5355\u603b\u589e\u91cf": 345, "item": {"25627681": {"hotel_name": "\u68a6\u5e7b\u4e50\u56ed\u4eb2\u5b50\u4e3b\u9898\u516c\u5bd3(\u5e7f\u5dde\u4e07\u8fbe\u5e7f\u573a\u5e97)", "order_time": ["2019-01-21 01:09:02"], "total_order": 1, "hotel_value": ["4.7"], "hotel_price": ["1999"]}, "433794": {"hotel_name": "\u5e7f\u5dde\u6234\u65af\u9152\u5e97", "order_time": ["2019-01-21 01:09:03"], "total_order": 1, "hotel_value": ["4.3"], "hotel_price": ["368"]}, "5932014": {"hotel_name": "\u5e7f\u5dde\u4e03\u5f69\u7ae5\u5e74\u4eb2\u5b50\u4e3b\u9898\u516c\u5bd3", "order_time": ["2019-01-21 01:09:05"], "total_order": 1, "hotel_value": ["4.6"], "hotel_price": ["268"]}, "28149371": {"hotel_name": "\u5e7f\u5dde\u90e1\u5bd3\u9152\u5e97\u5f0f\u670d\u52a1\u516c\u5bd3", "order_time": ["2019-01-21 01:09:07"], "total_order": 1, "hotel_value": ["5.0"], "hotel_price": ["168"]}, "347024": {"hotel_name": "\u5e7f\u5dde\u5723\u4e30\u7d22\u83f2\u7279\u5927\u9152\u5e97", "order_time": ["2019-01-21 01:09:09"], "total_order": 1, "hotel_value": ["4.6"], "hotel_price": ["1225"]}, "501722": {"hotel_name": "\u5e7f\u5dde\u5929\u4e00\u9152\u5e97", "order_time": ["2019-01-21 01:15:09", "2019-01-21 01:09:09"], "total_order": 2, "hotel_value": ["4.2", "4.2"], "hotel_price": ["298", "298"]}, "690117": {"hotel_name": "\u5e7f\u5dde\u73e0\u6c5f\u65b0\u57ce\u6728\u83b2\u5e84\u9152\u5e97", "order_time": ["2019-01-21 01:09:09"], "total_order": 1, "hotel_value": ["4.6"], "hotel_price": ["331"]}, "392492": {"hotel_name": "\u603b\u7edf\u5927\u9152\u5e97(\u5e7f\u5dde\u5929\u6cb3\u5c97\u9876\u5e97)", "order_time": ["2019-01-21 01:09:09"], "total_order": 1, "hotel_value": ["4.4"], "hotel_price": ["346"]}, "6396353": {"hotel_name": "\u91d1\u767e\u5b50\u9152\u5e97(\u5e7f\u5dde\u4e1c\u5c71\u53e3\u5730\u94c1\u7ad9\u5e97)", "order_time": ["2019-01-21 01:09:11"], "total_order": 1, "hotel_value": ["4.3"], "hotel_price": ["217"]}, "1732281": {"hotel_name": "\u6587\u661f\u8fde\u9501\u9152\u5e97(\u5e7f\u5dde\u5929\u5e73\u67b6\u5730\u94c1\u53e3\u5e97)", "order_time": ["2019-01-21 01:09:11"], "total_order": 1, "hotel_value": ["4.3"], "hotel_price": ["146"]}, "974491": {"hotel_name": "\u9ad8\u8fc5\u5bbe\u9986(\u5e7f\u5dde\u533a\u5e84\u5730\u94c1\u7ad9\u5e97)", "order_time": ["2019-01-21 01:09:12", "2019-01-21 01:27:11"], "total_order": 2, "hotel_value": ["4.0", "4.0"], "hotel_price": ["273", "273"]}, "1965056": {"hotel_name": "\u7ef4\u4e5f\u7eb3\u56fd\u9645\u9152\u5e97(\u5e7f\u5dde\u4e1c\u5703\u5ba2\u8fd0\u7ad9\u5e97)", "order_time": ["2019-01-21 01:09:14"], "total_order": 1, "hotel_value": ["4.8"], "hotel_price": ["286"]}, "1696790": {"hotel_name": "\u901f8\u9152\u5e97(\u5e7f\u5dde\u5c97\u8d1d\u8def\u5e97)", "order_time": ["2019-01-21 01:09:14"], "total_order": 1, "hotel_value": ["4.5"], "hotel_price": ["268"]}, "473496": {"hotel_name": "\u5e7f\u5dde\u4fdd\u5229\u5c71\u5e84\u9152\u5e97", "order_time": ["2019-01-21 01:09:17"], "total_order": 1, "hotel_value": ["4.2"], "hotel_price": ["276"]}, "5244525": {"hotel_name": "\u4e0a\u82d1\u8fde\u9501\u9152\u5e97(\u5e7f\u5dde\u533a\u5e84\u5e97)(\u539f\u534e\u5ead\u5bbe\u9986)", "order_time": ["2019-01-21 01:09:17"], "total_order": 1, "hotel_value": ["4.3"], "hotel_price": ["183"]}, "1575834": {"hotel_name": "\u5e03\u4e01\u9152\u5e97(\u5e7f\u5dde\u756a\u79ba\u6d1b\u6eaa\u5730\u94c1\u7ad9\u5e97)", "order_time": ["2019-01-21 01:55:10", "2019-01-21 01:09:19"], "total_order": 2, "hotel_value": ["4.0", "4.0"], "hotel_price": ["79", "79"]}, "5980925": {"hotel_name": "\u5e7f\u5dde\u4ece\u5316\u4e34\u6cb3\u5ea6\u5047\u522b\u5885", "order_time": ["2019-01-21 01:09:56"], "total_order": 1, "hotel_value": ["4.8"], "hotel_price": ["153"]}, "2981735": {"hotel_name": "\u67cf\u9ad8\u9152\u5e97(\u5e7f\u5dde\u4f53\u80b2\u897f\u8def\u5730\u94c1\u7ad9\u5e97)", "order_time": ["2019-01-21 01:10:06"], "total_order": 1, "hotel_value": ["4.6"], "hotel_price": ["388"]}, "6547745": {"hotel_name": "\u661f\u4f26\u56fd\u9645\u516c\u5bd3(\u5e7f\u5dde\u5408\u751f\u5e7f\u573a\u5e97)", "order_time": ["2019-01-21 01:10:23"], "total_order": 1, "hotel_value": ["4.8"], "hotel_price": ["289"]}, "21011298": {"hotel_name": "\u5e7f\u5dde\u4e91\u7a9d\u7a9d\u4f11\u95f2\u670d\u52a1\u4e2d\u5fc3", "order_time": ["2019-01-21 01:11:04"], "total_order": 1, "hotel_value": ["4.6"], "hotel_price": ["226"]}, "8067591": {"hotel_name": "\u5e7f\u5dde\u559c\u5586\u516c\u5bd3\u9152\u5e97", "order_time": ["2019-01-21 01:11:04"], "total_order": 1, "hotel_value": ["4.4"], "hotel_price": ["188"]}, "5753099": {"hotel_name": "\u58f9\u52a0\u58f9\u7cbe\u54c1\u9152\u5e97(\u5e7f\u5dde\u65b0\u767d\u4e91\u56fd\u9645\u673a\u573a\u5e97)", "order_time": ["2019-01-21 01:11:08"], "total_order": 1, "hotel_value": ["4.7"], "hotel_price": ["142"]}, "442355": {"hotel_name": "\u9526\u6c5f\u4e4b\u661f(\u5e7f\u5dde\u6d77\u73e0\u6c5f\u6cf0\u8def\u5730\u94c1\u7ad9\u5e97)", "order_time": ["2019-01-21 01:11:08"], "total_order": 1, "hotel_value": ["4.4"], "hotel_price": ["189"]}, "6869405": {"hotel_name": "\u9038\u7c73\u9152\u5e97(\u5e7f\u5dde\u4e2d\u5c71\u516b\u5730\u94c1\u7ad9\u5e97)", "order_time": ["2019-01-21 01:11:09"], "total_order": 1, "hotel_value": ["4.4"], "hotel_price": ["178"]}, "15029384": {"hotel_name": "\u5e7f\u5dde\u957f\u9686\u718a\u732b\u9152\u5e97", "order_time": ["2019-01-21 01:13:09", "2019-01-21 01:11:10", "2019-01-21 01:51:05", "2019-01-21 01:31:15"], "total_order": 4, "hotel_value": ["4.7", "4.7", "4.7", "4.7"], "hotel_price": ["1998", "1998", "1998", "1998"]}, "512583": {"hotel_name": "\u5e7f\u5dde\u73e0\u6c5f\u56fd\u9645\u9152\u5e97", "order_time": ["2019-01-21 01:11:11"], "total_order": 1, "hotel_value": ["4.3"], "hotel_price": ["462"]}, "4381140": {"hotel_name": "\u4e3d\u8299\u9152\u5e97(\u5e7f\u5dde\u4f1a\u5c55\u4e2d\u5fc3\u8d64\u5c97\u5730\u94c1\u7ad9\u5e7f\u5dde\u5854\u5e97)(\u539f\u7436\u6d32\u4f1a\u5c55\u4e2d\u5fc3\u5e97)", "order_time": ["2019-01-21 01:11:12"], "total_order": 1, "hotel_value": ["4.4"], "hotel_price": ["188"]}, "1692529": {"hotel_name": "\u57ce\u5e02\u4fbf\u6377\u9152\u5e97(\u5e7f\u5dde\u706b\u8f66\u7ad9\u4e09\u5143\u91cc\u5730\u94c1\u7ad9\u5e97)(\u539f\u4e09\u5143\u91cc\u5730\u94c1\u7ad9\u4e8c\u5e97)", "order_time": ["2019-01-21 01:11:12"], "total_order": 1, "hotel_value": ["4.5"], "hotel_price": ["190"]}, "17312467": {"hotel_name": "\u63d0\u5b50\u56fd\u9645\u516c\u5bd3(\u5e7f\u5dde\u767d\u4e91\u56fd\u9645\u673a\u573a\u4e8c\u5e97)", "order_time": ["2019-01-21 01:11:13"], "total_order": 1, "hotel_value": ["4.5"], "hotel_price": ["79"]}, "448803": {"hotel_name": "\u7ef4\u4e5f\u7eb33\u597d\u9152\u5e97(\u5e7f\u5dde\u4f1a\u5c55\u4e2d\u5fc3\u8d64\u5c97\u8def\u5e97)", "order_time": ["2019-01-21 01:11:16"], "total_order": 1, "hotel_value": ["4.4"], "hotel_price": ["199"]}, "1620196": {"hotel_name": "\u5c71\u6c34\u65f6\u5c1a\u9152\u5e97(\u5e7f\u5dde\u540c\u548c\u5730\u94c1\u7ad9\u5e97)", "order_time": ["2019-01-21 01:11:16"], "total_order": 1, "hotel_value": ["4.3"], "hotel_price": ["206"]}, "2305097": {"hotel_name": "7\u5929\u8fde\u9501\u9152\u5e97(\u5e7f\u5dde\u540c\u5fb7\u56f4\u5e97)", "order_time": ["2019-01-21 01:11:20"], "total_order": 1, "hotel_value": ["4.5"], "hotel_price": ["107"]}, "5105669": {"hotel_name": "\u5e7f\u5dde\u79d1\u65b0\u5546\u52a1\u9152\u5e97\u9a8f\u666f\u82b1\u56ed\u5e97", "order_time": ["2019-01-21 01:11:22"], "total_order": 1, "hotel_value": ["4.3"], "hotel_price": ["138"]}, "2040185": {"hotel_name": "\u5e7f\u5dde\u5e7f\u6cb3\u516c\u5bd3", "order_time": ["2019-01-21 01:11:29"], "total_order": 1, "hotel_value": ["3.7"], "hotel_price": ["121"]}, "844253": {"hotel_name": "\u5e7f\u5dde\u4e50\u5176\u4fd7\u9752\u5e74\u65c5\u820d", "order_time": ["2019-01-21 01:12:09"], "total_order": 1, "hotel_value": ["4.8"], "hotel_price": ["56"]}, "6354447": {"hotel_name": "\u9a86\u9601\u7f8e\u8bd7\u7cbe\u54c1\u516c\u5bd3(\u5e7f\u5dde\u5965\u56ed\u8d8a\u65f6\u4ee3\u5e97)", "order_time": ["2019-01-21 01:13:03"], "total_order": 1, "hotel_value": ["4.5"], "hotel_price": ["246"]}, "21160909": {"hotel_name": "\u7ef4\u4e5f\u7eb3\u65af\u9152\u5e97\u00b7\u7cbe\u9009(\u5e7f\u5dde\u65b0\u767d\u4e91\u56fd\u9645\u673a\u573a\u5e97)", "order_time": ["2019-01-21 01:13:03"], "total_order": 1, "hotel_value": ["4.7"], "hotel_price": ["207"]}, "19633243": {"hotel_name": "\u5e7f\u5dde\u767e\u60a6\u6cf0\u820d\u516c\u5bd3", "order_time": ["2019-01-21 01:13:05"], "total_order": 1, "hotel_value": ["4.5"], "hotel_price": ["987"]}, "26681236": {"hotel_name": "\u5e7f\u5dde\u6c5f\u6cf0\u8def\u5730\u94c1\u7ad9\u4e9a\u6735\u9152\u5e97", "order_time": ["2019-01-21 01:13:06"], "total_order": 1, "hotel_value": ["4.9"], "hotel_price": ["542"]}, "7004970": {"hotel_name": "\u6735\u4e9a\u8fde\u9501\u9152\u5e97\u516c\u5bd3(\u5e7f\u5dde\u73e0\u6c5f\u65b0\u57ce\u7f8e\u56fd\u9886\u4e8b\u9986\u5e97)", "order_time": ["2019-01-21 01:13:07"], "total_order": 1, "hotel_value": ["4.2"], "hotel_price": ["279"]}, "531967": {"hotel_name": "\u5e7f\u5dde\u589e\u57ce\u5bbe\u9986", "order_time": ["2019-01-21 01:13:07"], "total_order": 1, "hotel_value": ["4.6"], "hotel_price": ["409"]}, "449898": {"hotel_name": "\u5e7f\u5dde\u756a\u79ba\u5bbe\u9986", "order_time": ["2019-01-21 01:13:09"], "total_order": 1, "hotel_value": ["4.5"], "hotel_price": ["396"]}, "6225543": {"hotel_name": "\u9038\u7c73\u7c73\u516c\u5bd3(\u5e7f\u5dde\u5317\u4eac\u8def\u6377\u767b\u90fd\u4f1a\u5e97)", "order_time": ["2019-01-21 01:55:04", "2019-01-21 01:13:09"], "total_order": 2, "hotel_value": ["4.6", "4.6"], "hotel_price": ["347", "347"]}, "1923038": {"hotel_name": "\u5e7f\u5dde\u9189\u7231\u4e3b\u9898\u9152\u5e97", "order_time": ["2019-01-21 01:13:17"], "total_order": 1, "hotel_value": ["4.0"], "hotel_price": ["193"]}, "2599151": {"hotel_name": "\u9e97\u67ab\u9152\u5e97(\u5e7f\u5dde\u5b9d\u5c97\u5927\u9053\u5e7f\u767e\u65b0\u4e00\u57ce\u5e97)", "order_time": ["2019-01-21 01:13:18"], "total_order": 1, "hotel_value": ["4.6"], "hotel_price": ["275"]}, "7934889": {"hotel_name": "\u96c5\u8fbe\u601d\u9152\u5e97\u516c\u5bd3(\u5e7f\u5dde\u5357\u6c99\u4e07\u8fbe\u5e7f\u573a\u5e97)", "order_time": ["2019-01-21 01:13:19"], "total_order": 1, "hotel_value": ["4.4"], "hotel_price": ["139"]}, "5982588": {"hotel_name": "\u5e7f\u5dde\u964c\u82b1\u5ba2\u6808", "order_time": ["2019-01-21 01:13:22"], "total_order": 1, "hotel_value": ["4.7"], "hotel_price": ["129"]}, "2314224": {"hotel_name": "\u5e7f\u5dde\u4f18\u5bb6\u516c\u5bd3", "order_time": ["2019-01-21 01:13:25"], "total_order": 1, "hotel_value": ["4.0"], "hotel_price": ["168"]}, "792867": {"hotel_name": "\u5e7f\u5dde\u73e0\u5f71\u827a\u672f\u9152\u5e97(\u539f\u73e0\u5f71\u82b1\u56ed\u5bbe\u9986)", "order_time": ["2019-01-21 01:13:26", "2019-01-21 01:43:08"], "total_order": 2, "hotel_value": ["4.2", "4.2"], "hotel_price": ["199", "199"]}, "1699991": {"hotel_name": "\u5e7f\u5dde\u5927\u5b66\u57ce\u8309\u8389\u82b1\u9999\u516c\u5bd3", "order_time": ["2019-01-21 01:13:31"], "total_order": 1, "hotel_value": ["4.7"], "hotel_price": ["90"]}, "2888043": {"hotel_name": "\u5e7f\u5dde\u5723\u8d24\u5bbe\u9986", "order_time": ["2019-01-21 01:13:47"], "total_order": 1, "hotel_value": ["3.8"], "hotel_price": ["83"]}, "2635325": {"hotel_name": "\u6d77\u68e0\u8fde\u9501\u516c\u5bd3(\u5e7f\u5dde\u5a01\u5c14\u65af\u5e97)", "order_time": ["2019-01-21 01:15:02"], "total_order": 1, "hotel_value": ["4.5"], "hotel_price": ["276"]}, "20059488": {"hotel_name": "\u5e7f\u5dde\u946b\u96c5\u5c45\u516c\u5bd3", "order_time": ["2019-01-21 01:15:03"], "total_order": 1, "hotel_value": ["4.6"], "hotel_price": ["159"]}, "485017": {"hotel_name": "\u67cf\u9ad8\u9152\u5e97\u5f0f\u516c\u5bd3(\u5e7f\u5dde\u66a8\u5357\u5927\u5b66\u5e97)", "order_time": ["2019-01-21 01:46:59", "2019-01-21 01:15:03"], "total_order": 2, "hotel_value": ["4.4", "4.4"], "hotel_price": ["248", "248"]}, "468595": {"hotel_name": "\u5e7f\u5dde\u56fd\u9645\u91d1\u878d\u4e2d\u5fc3\u96c5\u8bd7\u9601\u670d\u52a1\u516c\u5bd3", "order_time": ["2019-01-21 01:15:03"], "total_order": 1, "hotel_value": ["4.8"], "hotel_price": ["1166"]}, "1058426": {"hotel_name": "\u51ef\u65cb\u9f99\u8fde\u9501\u9152\u5e97(\u5e7f\u5dde\u4e2d\u534e\u5e7f\u573a\u5e97)", "order_time": ["2019-01-21 01:15:04"], "total_order": 1, "hotel_value": ["4.3"], "hotel_price": ["168"]}, "878796": {"hotel_name": "\u5e7f\u5dde\u73e0\u6c5f\u65b0\u5cb8\u9152\u5e97", "order_time": ["2019-01-21 01:15:07"], "total_order": 1, "hotel_value": ["4.2"], "hotel_price": ["248"]}, "439849": {"hotel_name": "\u8fce\u5546\u9152\u5e97(\u5e7f\u5dde\u4e3d\u5f71\u5e7f\u573a\u5e97)", "order_time": ["2019-01-21 01:15:09"], "total_order": 1, "hotel_value": ["4.6"], "hotel_price": ["218"]}, "1505163": {"hotel_name": "\u5bd3\u7c73\u6b22\u805a\u516c\u5bd3(\u5e7f\u5dde\u5929\u6cb3\u6b63\u4f73\u5e7f\u573a\u5e97)", "order_time": ["2019-01-21 01:15:12"], "total_order": 1, "hotel_value": ["4.4"], "hotel_price": ["389"]}, "5279056": {"hotel_name": "\u661f\u60a6\u9075\u54c1\u516c\u5bd3(\u5e7f\u5dde\u756a\u79ba\u52a8\u7269\u56ed\u5317\u95e8\u5e97)", "order_time": ["2019-01-21 01:15:13"], "total_order": 1, "hotel_value": ["4.5"], "hotel_price": ["187"]}, "7701479": {"hotel_name": "\u6797\u5357\u6587\u534e\u9152\u5e97(\u5e7f\u5dde\u8f66\u9642\u5730\u94c1\u7ad9\u5e97)", "order_time": ["2019-01-21 01:15:14"], "total_order": 1, "hotel_value": ["4.5"], "hotel_price": ["168"]}, "2302274": {"hotel_name": "\u5e7f\u5dde\u91d1\u96c5\u6cf0\u5546\u52a1\u9152\u5e97", "order_time": ["2019-01-21 01:15:31"], "total_order": 1, "hotel_value": ["4.3"], "hotel_price": ["210"]}, "818409": {"hotel_name": "\u5e7f\u5dde\u4eac\u90fd\u5546\u52a1\u9152\u5e97", "order_time": ["2019-01-21 01:15:38"], "total_order": 1, "hotel_value": ["4.1"], "hotel_price": ["83"]}, "1505536": {"hotel_name": "\u5e7f\u5dde\u9038\u5609\u00b7\u5a01\u5c14\u65af\u56fd\u9645\u516c\u5bd3", "order_time": ["2019-01-21 01:17:06"], "total_order": 1, "hotel_value": ["4.4"], "hotel_price": ["278"]}, "1917651": {"hotel_name": "\u5e7f\u5dde\u6211\u5bb6\u4eb2\u5b50\u4e3b\u9898\u516c\u5bd3(\u539f\u6c6a\u6c6a\u961f\u7acb\u5927\u529f\u4eb2\u5b50\u516c\u5bd3)", "order_time": ["2019-01-21 01:17:06"], "total_order": 1, "hotel_value": ["4.6"], "hotel_price": ["587"]}, "1501676": {"hotel_name": "\u6c49\u5ead\u9152\u5e97(\u5e7f\u5dde\u5927\u77f3\u957f\u9686\u5e97)", "order_time": ["2019-01-21 01:17:08"], "total_order": 1, "hotel_value": ["4.3"], "hotel_price": ["161"]}, "17493086": {"hotel_name": "\u7ef4\u4e5f\u7eb3\u56fd\u9645\u9152\u5e97(\u5e7f\u5dde\u6d77\u73e0\u5ba2\u8fd0\u7ad9\u5e97)", "order_time": ["2019-01-21 01:17:11"], "total_order": 1, "hotel_value": ["4.8"], "hotel_price": ["269"]}, "1887622": {"hotel_name": "\u9e97\u67ab\u9152\u5e97(\u5e7f\u5dde\u5929\u6cb3\u5ba2\u8fd0\u7ad9\u5730\u94c1\u7ad9\u5e97)", "order_time": ["2019-01-21 01:17:14"], "total_order": 1, "hotel_value": ["4.7"], "hotel_price": ["251"]}, "1696576": {"hotel_name": "\u901f8\u9152\u5e97(\u5e7f\u5dde\u706b\u8f66\u7ad9\u5e97)", "order_time": ["2019-01-21 01:17:15"], "total_order": 1, "hotel_value": ["4.3"], "hotel_price": ["135"]}, "1696809": {"hotel_name": "\u9a8f\u798f\u9152\u5e97(\u5e7f\u5dde\u5357\u6c99\u534e\u6c47\u5e97)", "order_time": ["2019-01-21 01:17:24"], "total_order": 1, "hotel_value": ["4.4"], "hotel_price": ["262"]}, "17096004": {"hotel_name": "\u9c9c\u4f4f\u7cbe\u54c1\u4e3b\u9898\u9152\u5e97(\u5e7f\u5dde\u91ce\u751f\u52a8\u7269\u56ed\u5e97)(\u539f\u5927\u77f3\u5730\u94c1\u7ad9\u5e97)", "order_time": ["2019-01-21 01:17:26"], "total_order": 1, "hotel_value": ["4.8"], "hotel_price": ["1699"]}, "449893": {"hotel_name": "Xbed\u4e92\u8054\u7f51\u6c11\u5bbf(\u5e7f\u5dde\u96c5\u5c14\u5eb7\u5e97)", "order_time": ["2019-01-21 01:19:05"], "total_order": 1, "hotel_value": ["4.2"], "hotel_price": ["228"]}, "23923689": {"hotel_name": "\u683c\u00b7\u5561\u7cbe\u9009\u516c\u5bd3(\u5e7f\u5dde\u65b0\u767d\u4e91\u56fd\u9645\u673a\u573a\u5e97)", "order_time": ["2019-01-21 01:19:05"], "total_order": 1, "hotel_value": ["4.6"], "hotel_price": ["117"]}, "3204115": {"hotel_name": "\u9c7c\u73e0\u6e7e\u9152\u5e97(\u5e7f\u5dde\u7436\u6d32\u4f1a\u5c55\u5e97)", "order_time": ["2019-01-21 01:19:05"], "total_order": 1, "hotel_value": ["4.4"], "hotel_price": ["237"]}, "542742": {"hotel_name": "\u7ef4\u4e5f\u7eb3\u9152\u5e97(\u5e7f\u5dde\u756a\u79ba\u9a6c\u620f\u5e97)", "order_time": ["2019-01-21 01:19:05"], "total_order": 1, "hotel_value": ["4.9"], "hotel_price": ["300"]}, "429221": {"hotel_name": "\u5e7f\u5dde\u51ef\u65cb\u534e\u7f8e\u8fbe\u5927\u9152\u5e97", "order_time": ["2019-01-21 01:55:01", "2019-01-21 01:19:05"], "total_order": 2, "hotel_value": ["4.3", "4.3"], "hotel_price": ["558", "558"]}, "6504736": {"hotel_name": "\u6c38\u5ba2\u5546\u52a1\u516c\u5bd3(\u5e7f\u5dde\u660c\u5c97\u5e97)", "order_time": ["2019-01-21 01:19:08"], "total_order": 1, "hotel_value": ["4.3"], "hotel_price": ["209"]}, "12800406": {"hotel_name": "SA\u6c49\u8c37\u827a\u672f\u4e3b\u9898\u516c\u5bd3(\u5e7f\u5dde\u5357\u7ad9\u5357\u6d66\u5730\u94c1\u7ad9\u5e97)", "order_time": ["2019-01-21 01:19:08"], "total_order": 1, "hotel_value": ["4.8"], "hotel_price": ["214"]}, "2075021": {"hotel_name": "\u5e7f\u5dde\u9526\u6e90\u4f18\u4e50\u5bb6\u9152\u5e97\u516c\u5bd3", "order_time": ["2019-01-21 01:19:08"], "total_order": 1, "hotel_value": ["4.0"], "hotel_price": ["152"]}, "1226103": {"hotel_name": "\u8fce\u5546\u9152\u5e97(\u5e7f\u5dde\u73af\u5e02\u8def\u6dd8\u91d1\u5730\u94c1\u7ad9\u5e97)", "order_time": ["2019-01-21 01:19:11"], "total_order": 1, "hotel_value": ["4.6"], "hotel_price": ["339"]}, "1058436": {"hotel_name": "\u57ce\u5e02\u4fbf\u6377\u9152\u5e97(\u5e7f\u5dde\u4e09\u5143\u91cc\u5730\u94c1\u7ad9\u5e97)", "order_time": ["2019-01-21 01:19:16"], "total_order": 1, "hotel_value": ["4.1"], "hotel_price": ["198"]}, "2071089": {"hotel_name": "\u57ce\u5e02\u4fbf\u6377\u9152\u5e97(\u5e7f\u5dde\u592a\u548c\u5e7f\u573a\u5e97)", "order_time": ["2019-01-21 01:19:18"], "total_order": 1, "hotel_value": ["4.3"], "hotel_price": ["157"]}, "1257274": {"hotel_name": "\u5e7f\u5dde\u4f18\u54c1\u9152\u5e97", "order_time": ["2019-01-21 01:19:18"], "total_order": 1, "hotel_value": ["4.3"], "hotel_price": ["88"]}, "1696833": {"hotel_name": "7\u5929\u8fde\u9501\u9152\u5e97(\u5e7f\u5dde\u6c5f\u5357\u897f\u5730\u94c1\u7ad9\u6c5f\u5357\u65b0\u5730\u5e97)", "order_time": ["2019-01-21 01:19:19"], "total_order": 1, "hotel_value": ["4.2"], "hotel_price": ["107"]}, "6482821": {"hotel_name": "\u5e7f\u5dde\u5947\u8bfa\u52a8\u6f2b\u4e3b\u9898\u516c\u5bd3", "order_time": ["2019-01-21 01:19:21"], "total_order": 1, "hotel_value": ["4.5"], "hotel_price": ["142"]}, "848127": {"hotel_name": "\u6155\u5170\u9152\u5e97(\u5e7f\u5dde\u9ec4\u57d4\u5f00\u53d1\u533a\u5e97)", "order_time": ["2019-01-21 01:19:22"], "total_order": 1, "hotel_value": ["4.6"], "hotel_price": ["118"]}, "8582519": {"hotel_name": "\u5e7f\u5dde\u83b1\u8335\u822a\u7a7a\u9152\u5e97(\u65b0\u767d\u4e91\u673a\u573a\u5e97)", "order_time": ["2019-01-21 01:19:24"], "total_order": 1, "hotel_value": ["4.7"], "hotel_price": ["108"]}, "27937987": {"hotel_name": "\u5e7f\u5ddeQueen\u9752\u5e74\u65c5\u820d", "order_time": ["2019-01-21 01:19:29"], "total_order": 1, "hotel_value": ["4.9"], "hotel_price": ["70"]}, "1581496": {"hotel_name": "\u5e7f\u5dde\u592a\u4f73\u5feb\u6377\u9152\u5e97", "order_time": ["2019-01-21 01:19:32"], "total_order": 1, "hotel_value": ["4.1"], "hotel_price": ["80"]}, "12181091": {"hotel_name": "\u5e7f\u5dde\u68a6\u591c\u56fd\u9645\u9752\u5e74\u65c5\u793e", "order_time": ["2019-01-21 01:19:32"], "total_order": 1, "hotel_value": ["4.5"], "hotel_price": ["49"]}, "845441": {"hotel_name": "\u5e7f\u5dde\u96c5\u9759\u5c0f\u7b51\u6e29\u6cc9\u522b\u5885", "order_time": ["2019-01-21 01:19:32"], "total_order": 1, "hotel_value": ["4.9"], "hotel_price": ["778"]}, "2220221": {"hotel_name": "\u6021\u99a8\u7cbe\u9009\u9152\u5e97(\u5e7f\u5dde\u65b0\u767d\u4e91\u673a\u573a\u5e97)", "order_time": ["2019-01-21 01:19:39"], "total_order": 1, "hotel_value": ["4.4"], "hotel_price": ["127"]}, "1007427": {"hotel_name": "\u5e7f\u5dde\u535a\u96c5\u5047\u65e5\u9152\u5e97", "order_time": ["2019-01-21 01:35:03", "2019-01-21 01:21:03"], "total_order": 2, "hotel_value": ["4.4", "4.4"], "hotel_price": ["335", "335"]}, "1974261": {"hotel_name": "\u8bfa\u76df\u9152\u5e97\u516c\u5bd3(\u5e7f\u5dde\u5317\u4eac\u8def\u9526\u6e90\u5e97)", "order_time": ["2019-01-21 01:21:04"], "total_order": 1, "hotel_value": ["4.1"], "hotel_price": ["238"]}, "1553185": {"hotel_name": "\u4e3d\u8299\u9152\u5e97(\u5e7f\u5dde\u5929\u6cb3\u5c97\u9876\u5730\u94c1\u7ad9\u5e97)", "order_time": ["2019-01-21 01:47:02", "2019-01-21 01:21:09"], "total_order": 2, "hotel_value": ["4.6", "4.6"], "hotel_price": ["233", "233"]}, "1891095": {"hotel_name": "\u5e7f\u5dde\u5357\u65b9\u5927\u9152\u5e97", "order_time": ["2019-01-21 01:21:09"], "total_order": 1, "hotel_value": ["3.9"], "hotel_price": ["342"]}, "1119342": {"hotel_name": "7\u5929\u8fde\u9501\u9152\u5e97(\u5e7f\u5dde\u6c38\u548c\u5f00\u53d1\u533a\u5e97)", "order_time": ["2019-01-21 01:21:16"], "total_order": 1, "hotel_value": ["4.5"], "hotel_price": ["138"]}, "1778858": {"hotel_name": "\u5e7f\u5dde\u6b27\u65f6\u5feb\u6377\u9152\u5e97(\u82b1\u90fd\u533a)", "order_time": ["2019-01-21 01:21:18"], "total_order": 1, "hotel_value": ["4.4"], "hotel_price": ["109"]}, "2143340": {"hotel_name": "7\u5929\u8fde\u9501\u9152\u5e97(\u5e7f\u5dde\u4e1c\u5703\u5929\u6cb3\u5e7f\u573a\u5e97)", "order_time": ["2019-01-21 01:21:19", "2019-01-21 01:41:13"], "total_order": 2, "hotel_value": ["4.4", "4.4"], "hotel_price": ["99", "99"]}, "791909": {"hotel_name": "\u5e7f\u5dde\u4e2d\u7a57\u9152\u5e97", "order_time": ["2019-01-21 01:21:26"], "total_order": 1, "hotel_value": ["3.3"], "hotel_price": ["88"]}, "4378729": {"hotel_name": "IU\u9152\u5e97(\u5e7f\u5dde\u9ad8\u94c1\u5357\u7ad9\u949f\u6751\u5730\u94c1\u7ad9\u5e97)", "order_time": ["2019-01-21 01:21:30"], "total_order": 1, "hotel_value": ["4.4"], "hotel_price": ["127"]}, "1593138": {"hotel_name": "\u60a6\u5b63\u9152\u5e97(\u5e7f\u5dde\u6d1b\u6eaa\u5730\u94c1\u7ad9\u5e97)", "order_time": ["2019-01-21 01:23:04"], "total_order": 1, "hotel_value": ["4.7"], "hotel_price": ["321"]}, "15735567": {"hotel_name": "\u4f70\u66fc\u83b1\u9152\u5e97\u00b7\u7cbe\u9009(\u5e7f\u5dde\u65b0\u767d\u4e91\u56fd\u9645\u673a\u573a\u65d7\u8230\u5e97)", "order_time": ["2019-01-21 01:33:04", "2019-01-21 01:39:03", "2019-01-21 01:23:05"], "total_order": 3, "hotel_value": ["4.7", "4.7", "4.7"], "hotel_price": ["209", "209", "209"]}, "964938": {"hotel_name": "\u6d77\u68e0\u8fde\u9501\u516c\u5bd3(\u5e7f\u5dde\u7f8e\u56fd\u9886\u4e8b\u9986\u5e97)", "order_time": ["2019-01-21 01:23:05"], "total_order": 1, "hotel_value": ["4.3"], "hotel_price": ["213"]}, "2644183": {"hotel_name": "\u4eab\u601d\u4f1a\u4e3b\u9898\u516c\u5bd3(\u5e7f\u5dde\u4e07\u8fbe\u5e7f\u573a\u5e97)", "order_time": ["2019-01-21 01:53:01", "2019-01-21 01:57:00", "2019-01-21 01:23:05"], "total_order": 3, "hotel_value": ["4.5", "4.5", "4.5"], "hotel_price": ["124", "124", "124"]}, "1058300": {"hotel_name": "\u65b9\u6d01\u597d\u6765\u90fd\u9152\u5e97(\u5e7f\u5dde\u706b\u8f66\u7ad9\u5e97)", "order_time": ["2019-01-21 01:23:06"], "total_order": 1, "hotel_value": ["4.3"], "hotel_price": ["178"]}, "13947025": {"hotel_name": "\u5e7f\u5dde\u5361\u5c14\u987f\u9152\u5e97", "order_time": ["2019-01-21 01:23:06"], "total_order": 1, "hotel_value": ["4.4"], "hotel_price": ["278"]}, "522715": {"hotel_name": "\u5e7f\u5dde\u6021\u5bb6\u5047\u65e5\u9152\u5e97", "order_time": ["2019-01-21 01:23:06"], "total_order": 1, "hotel_value": ["4.6"], "hotel_price": ["107"]}, "512410": {"hotel_name": "\u5e7f\u5dde\u8239\u8236\u592a\u53e4\u9152\u5e97", "order_time": ["2019-01-21 01:23:06", "2019-01-21 01:33:11"], "total_order": 2, "hotel_value": ["4.3", "4.3"], "hotel_price": ["298", "298"]}, "1248330": {"hotel_name": "7\u5929\u8fde\u9501\u9152\u5e97(\u5e7f\u5dde\u767d\u4e91\u56fd\u9645\u673a\u573a\u4e8c\u5e97)", "order_time": ["2019-01-21 01:23:07"], "total_order": 1, "hotel_value": ["4.6"], "hotel_price": ["139"]}, "8581772": {"hotel_name": "\u5e7f\u5dde\u9a8f\u6021\u8fde\u9501\u9152\u5e97(\u5e02\u5357\u8def\u5e97)", "order_time": ["2019-01-21 01:23:09"], "total_order": 1, "hotel_value": ["4.7"], "hotel_price": ["102"]}, "1329911": {"hotel_name": "\u5e7f\u5dde\u91d1\u6c47\u5047\u65e5\u9152\u5e97", "order_time": ["2019-01-21 01:23:09"], "total_order": 1, "hotel_value": ["4.6"], "hotel_price": ["167"]}, "19589677": {"hotel_name": "\u67cf\u5955\u516c\u5bd3(\u5e7f\u5dde\u5929\u6cb3\u5ba2\u8fd0\u7ad9\u5e97)", "order_time": ["2019-01-21 01:23:10"], "total_order": 1, "hotel_value": ["4.8"], "hotel_price": ["228"]}, "5930107": {"hotel_name": "\u516b\u53f7\u81fb\u54c1\u9152\u5e97(\u5e7f\u5dde\u706b\u8f66\u7ad9\u4e09\u5143\u91cc\u5730\u94c1\u7ad9\u5e97)", "order_time": ["2019-01-21 01:23:12"], "total_order": 1, "hotel_value": ["4.7"], "hotel_price": ["254"]}, "2301009": {"hotel_name": "7\u5929\u8fde\u9501\u9152\u5e97(\u5e7f\u5dde\u5317\u4eac\u8def\u5730\u94c1\u7ad9\u5e97)", "order_time": ["2019-01-21 01:23:14"], "total_order": 1, "hotel_value": ["4.1"], "hotel_price": ["99"]}, "1081917": {"hotel_name": "\u7d22\u7279\u6765\u6587\u827a\u9152\u5e97(\u5e7f\u5dde\u4e09\u5143\u91cc\u5e97)", "order_time": ["2019-01-21 01:31:14", "2019-01-21 01:23:19"], "total_order": 2, "hotel_value": ["4.4", "4.4"], "hotel_price": ["228", "228"]}, "25485041": {"hotel_name": "\u5e7f\u5dde\u7ef4\u5361\u65af\u516c\u5bd3", "order_time": ["2019-01-21 01:23:20"], "total_order": 1, "hotel_value": ["4.3"], "hotel_price": ["182"]}, "3000464": {"hotel_name": "\u822a\u7a7a\u660e\u73e0\u516c\u5bd3(\u5e7f\u5dde\u65b0\u767d\u4e91\u673a\u573a\u5e97)", "order_time": ["2019-01-21 02:01:04", "2019-01-21 01:23:20"], "total_order": 2, "hotel_value": ["4.1", "4.1"], "hotel_price": ["106", "106"]}, "6341966": {"hotel_name": "\u99a8\u4e4b\u5bb6\u670d\u52a1\u516c\u5bd3(\u5e7f\u5dde\u5357\u6c99\u4e07\u8fbe\u5e97)", "order_time": ["2019-01-21 01:23:23"], "total_order": 1, "hotel_value": ["4.5"], "hotel_price": ["148"]}, "25368326": {"hotel_name": "\u9014\u5c45\u9152\u5e97(\u5e7f\u5dde\u673a\u573a\u5e97)", "order_time": ["2019-01-21 01:25:02", "2019-01-21 02:02:57"], "total_order": 2, "hotel_value": ["4.5", "4.5"], "hotel_price": ["96", "96"]}, "6515791": {"hotel_name": "\u68ee\u6797\u5bc6\u7801\u4e3b\u9898\u516c\u5bd3(\u5e7f\u5dde\u5357\u7ad9\u6c49\u6eaa\u957f\u9686\u5730\u94c1\u7ad9\u5e97)", "order_time": ["2019-01-21 01:25:02", "2019-01-21 01:37:03"], "total_order": 2, "hotel_value": ["4.7", "4.7"], "hotel_price": ["536", "536"]}, "457415": {"hotel_name": "ZMAX\u6f6e\u6f2b\u9152\u5e97(\u5e7f\u5dde\u5357\u7ad9\u5357\u6d66\u5730\u94c1\u7ad9\u5e97)", "order_time": ["2019-01-21 01:35:02", "2019-01-21 01:25:03", "2019-01-21 01:31:04"], "total_order": 3, "hotel_value": ["4.7", "4.7", "4.7"], "hotel_price": ["272", "272", "272"]}, "1622692": {"hotel_name": "\u767b\u5df4\u56fd\u9645\u8fde\u9501\u5ba2\u6808(\u5e7f\u5dde\u4e94\u7f8a\u65b0\u57ce\u5e97)", "order_time": ["2019-01-21 01:25:03"], "total_order": 1, "hotel_value": ["4.6"], "hotel_price": ["68"]}, "450723": {"hotel_name": "\u7ef4\u4e5f\u7eb3\u56fd\u9645\u9152\u5e97(\u5e7f\u5dde\u706b\u8f66\u7ad9\u5e97)(\u539f\u7ef4\u4e5f\u7eb3\u9152\u5e97\u4e09\u5143\u91cc\u5e97)", "order_time": ["2019-01-21 01:25:05"], "total_order": 1, "hotel_value": ["4.8"], "hotel_price": ["210"]}, "1584701": {"hotel_name": "\u9e97\u67ab\u9152\u5e97(\u5e7f\u5dde\u5929\u6cb3\u516c\u56ed\u5458\u6751\u5730\u94c1\u7ad9\u5e97)", "order_time": ["2019-01-21 01:25:05"], "total_order": 1, "hotel_value": ["4.6"], "hotel_price": ["262"]}, "6653936": {"hotel_name": "\u57ce\u5e02\u4fbf\u6377\u9152\u5e97(\u5e7f\u5dde\u957f\u9686\u5927\u77f3\u5730\u94c1\u7ad9\u5e97)", "order_time": ["2019-01-21 01:25:14"], "total_order": 1, "hotel_value": ["4.4"], "hotel_price": ["162"]}, "1782550": {"hotel_name": "\u683c\u6797\u8c6a\u6cf0\u9152\u5e97(\u5e7f\u5dde\u767d\u4e91\u4e1c\u5e73\u5730\u94c1\u7ad9\u5e97)(\u539f\u767d\u4e91\u5927\u9053\u5e97)", "order_time": ["2019-01-21 01:25:24"], "total_order": 1, "hotel_value": ["4.5"], "hotel_price": ["217"]}, "908294": {"hotel_name": "\u5e7f\u5dde\u4e0a\u6b65\u5546\u52a1\u5bbe\u9986", "order_time": ["2019-01-21 01:25:42"], "total_order": 1, "hotel_value": ["3.4"], "hotel_price": ["108"]}, "1044950": {"hotel_name": "\u5982\u5bb6\u6d3e\u67cf.\u4e91\u9152\u5e97(\u5e7f\u5dde\u4e0a\u4e0b\u4e5d\u8def\u5e97)", "order_time": ["2019-01-21 01:27:02"], "total_order": 1, "hotel_value": ["4.6"], "hotel_price": ["109"]}, "8395614": {"hotel_name": "\u9e97\u67ab\u9152\u5e97(\u5e7f\u5dde\u9ec4\u57d4\u6587\u51b2\u5730\u94c1\u7ad9\u5e97)", "order_time": ["2019-01-21 01:27:04"], "total_order": 1, "hotel_value": ["4.8"], "hotel_price": ["310"]}, "6468744": {"hotel_name": "\u63d0\u5b50\u8fde\u9501\u9152\u5e97(\u5e7f\u5dde\u767d\u4e91\u673a\u573a\u4e00\u5e97)", "order_time": ["2019-01-21 01:27:05"], "total_order": 1, "hotel_value": ["4.5"], "hotel_price": ["86"]}, "1978043": {"hotel_name": "\u5e7f\u5dde\u6b22\u5de2\u7cbe\u54c1\u9152\u5e97(\u539f\u4e50\u9152\u5e97\u6c38\u6cf0\u5730\u94c1\u7ad9\u5e97)", "order_time": ["2019-01-21 01:27:06"], "total_order": 1, "hotel_value": ["4.5"], "hotel_price": ["128"]}, "23714291": {"hotel_name": "\u4e3d\u9014\u884c\u653f\u516c\u5bd3(\u5e7f\u5dde\u73e0\u6c5f\u65b0\u57ce\u5fa1\u516c\u9986\u5e97)", "order_time": ["2019-01-21 01:27:06"], "total_order": 1, "hotel_value": ["4.8"], "hotel_price": ["536"]}, "345010": {"hotel_name": "\u5e7f\u5dde\u56db\u5b63\u9152\u5e97", "order_time": ["2019-01-21 01:27:08"], "total_order": 1, "hotel_value": ["4.8"], "hotel_price": ["1936"]}, "2946017": {"hotel_name": "\u5e7f\u5dde\u5a01\u73c0\u65af\u9152\u5e97", "order_time": ["2019-01-21 01:27:08"], "total_order": 1, "hotel_value": ["4.5"], "hotel_price": ["1050"]}, "2352567": {"hotel_name": "\u6850\u820d\u9152\u5e97(\u5e7f\u5dde\u706b\u8f66\u7ad9\u5e97)", "order_time": ["2019-01-21 01:27:09"], "total_order": 1, "hotel_value": ["4.4"], "hotel_price": ["223"]}, "1696779": {"hotel_name": "7\u5929\u8fde\u9501\u9152\u5e97(\u5e7f\u5dde\u4e1c\u5703\u5ba2\u8fd0\u7ad9\u5e97)", "order_time": ["2019-01-21 01:27:12"], "total_order": 1, "hotel_value": ["4.4"], "hotel_price": ["158"]}, "858897": {"hotel_name": "\u7ef4\u4e5f\u7eb3\u9152\u5e97(\u5e7f\u5dde\u756a\u79ba\u6865\u5357\u5965\u56ed\u5e7f\u573a\u5e97)", "order_time": ["2019-01-21 01:27:14"], "total_order": 1, "hotel_value": ["4.8"], "hotel_price": ["249"]}, "20496769": {"hotel_name": "\u4e3d\u666f\u516c\u5bd3\u5f0f\u9152\u5e97(\u5e7f\u5dde\u7436\u6d32\u4f1a\u5c55\u4e2d\u5fc3\u5e97)(\u539f\u67e0\u6aac\u9152\u5e97\u5f0f\u516c\u5bd3)", "order_time": ["2019-01-21 01:27:24"], "total_order": 1, "hotel_value": ["4.7"], "hotel_price": ["178"]}, "2220090": {"hotel_name": "\u5929\u65f6\u516c\u5bd3(\u5e7f\u5dde\u65b0\u767d\u4e91\u673a\u573a\u5e97)", "order_time": ["2019-01-21 01:27:30"], "total_order": 1, "hotel_value": ["4.6"], "hotel_price": ["85"]}, "689219": {"hotel_name": "\u5e7f\u5dde\u51ef\u5c3c\u65af\u9152\u5e97", "order_time": ["2019-01-21 01:27:58"], "total_order": 1, "hotel_value": ["3.9"], "hotel_price": ["128"]}, "6577110": {"hotel_name": "\u884c\u5ba2\u56fd\u9645\u516c\u5bd3(\u5e7f\u5dde\u8d8a\u79c0\u65f6\u5149\u5e97)", "order_time": ["2019-01-21 01:29:08"], "total_order": 1, "hotel_value": ["4.8"], "hotel_price": ["288"]}, "12605567": {"hotel_name": "\u5e7f\u5dde\u8c6a\u7f8e\u4e9a\u9152\u5e97(\u539f\u8c6a\u4e9a\u9152\u5e97)", "order_time": ["2019-01-21 01:29:10"], "total_order": 1, "hotel_value": ["4.8"], "hotel_price": ["246"]}, "6111401": {"hotel_name": "\u9686\u7fe0\u835f\u513f\u7ae5\u4e3b\u9898\u5ea6\u5047\u516c\u5bd3(\u5e7f\u5dde\u6c49\u6eaa\u957f\u9686\u5730\u94c1\u7ad9\u5e97)", "order_time": ["2019-01-21 01:29:10"], "total_order": 1, "hotel_value": ["4.5"], "hotel_price": ["364"]}, "15945252": {"hotel_name": "\u9e97\u67ab\u9152\u5e97(\u5e7f\u5dde\u767d\u4e91\u5927\u9053\u5317\u5730\u94c1\u7ad9\u5e97)", "order_time": ["2019-01-21 01:29:11"], "total_order": 1, "hotel_value": ["4.8"], "hotel_price": ["231"]}, "18030190": {"hotel_name": "\u7ef4\u4e5f\u7eb3\u9152\u5e97(\u5e7f\u5dde\u589e\u57ce\u4e07\u8fbe\u5e7f\u573a\u5e97)", "order_time": ["2019-01-21 01:29:12"], "total_order": 1, "hotel_value": ["4.8"], "hotel_price": ["223"]}, "9078219": {"hotel_name": "\u94a7\u73ba\u4e3b\u9898\u516c\u5bd3(\u5e7f\u5dde\u5ba2\u6751\u5408\u751f\u5e7f\u573a\u5e97)", "order_time": ["2019-01-21 01:29:12"], "total_order": 1, "hotel_value": ["4.7"], "hotel_price": ["226"]}, "11835339": {"hotel_name": "\u67cf\u66fc\u9152\u5e97(\u5e7f\u5dde\u5854\u5ba2\u6751\u5730\u94c1\u7ad9\u7436\u6d32\u4f1a\u5c55\u65d7\u8230\u5e97)", "order_time": ["2019-01-21 01:29:13"], "total_order": 1, "hotel_value": ["4.7"], "hotel_price": ["267"]}, "920572": {"hotel_name": "\u661f\u548c\u9999\u6c5f\u56fd\u9645\u9152\u5e97(\u5e7f\u5dde\u706b\u8f66\u7ad9\u5e97)", "order_time": ["2019-01-21 01:29:14", "2019-01-21 01:47:03"], "total_order": 2, "hotel_value": ["4.3", "4.3"], "hotel_price": ["226", "226"]}, "4835729": {"hotel_name": "\u5e7f\u5dde\u777f\u5bb6\u9152\u5e97", "order_time": ["2019-01-21 01:29:16"], "total_order": 1, "hotel_value": ["4.2"], "hotel_price": ["198"]}, "18025389": {"hotel_name": "\u5e7f\u5dde\u964c\u4e34\u9601\u9752\u65c5", "order_time": ["2019-01-21 01:51:19", "2019-01-21 01:29:24"], "total_order": 2, "hotel_value": ["4.8", "4.8"], "hotel_price": ["79", "79"]}, "2611679": {"hotel_name": "\u9e97\u67ab\u9152\u5e97(\u5e7f\u5dde\u592a\u53e4\u6c47\u5e7f\u573a\u77f3\u724c\u6865\u5730\u94c1\u7ad9\u5e97)", "order_time": ["2019-01-21 01:31:03", "2019-01-21 01:46:56"], "total_order": 2, "hotel_value": ["4.6", "4.6"], "hotel_price": ["408", "408"]}, "11059646": {"hotel_name": "\u9e97\u67ab\u9152\u5e97(\u5e7f\u5dde\u6c49\u6eaa\u957f\u9686\u91ce\u751f\u52a8\u7269\u56ed\u5e97)", "order_time": ["2019-01-21 01:31:05"], "total_order": 1, "hotel_value": ["4.7"], "hotel_price": ["388"]}, "28033219": {"hotel_name": "\u661f\u5fa1\u90fd\u4f1a\u8335\u666f\u9152\u5e97\u5f0f\u516c\u5bd3(\u5e7f\u5dde\u65b0\u57ce\u5fa1\u666f\u5e97)", "order_time": ["2019-01-21 01:31:06", "2019-01-21 01:43:00"], "total_order": 2, "hotel_value": ["4.5", "4.5"], "hotel_price": ["542", "542"]}, "439939": {"hotel_name": "\u57ce\u8ff9\u9152\u5e97(\u767d\u4e91\u5c71\u5e7f\u5916\u5e97)", "order_time": ["2019-01-21 01:31:06"], "total_order": 1, "hotel_value": ["4.7"], "hotel_price": ["169"]}, "14123438": {"hotel_name": "\u5e7f\u5dde\u9053\u8fbe\u5c1a\u54c1\u9152\u5e97", "order_time": ["2019-01-21 01:31:10"], "total_order": 1, "hotel_value": ["4.5"], "hotel_price": ["168"]}, "1501587": {"hotel_name": "\u5982\u5bb6\u5feb\u6377\u9152\u5e97(\u5e7f\u5dde\u7436\u6d32\u5e7f\u5dde\u5854\u8d64\u5c97\u5730\u94c1\u7ad9\u5e97)", "order_time": ["2019-01-21 01:31:13"], "total_order": 1, "hotel_value": ["4.5"], "hotel_price": ["158"]}, "2908322": {"hotel_name": "\u57ce\u5e02\u4fbf\u6377\u9152\u5e97(\u5e7f\u5dde\u9ec4\u57d4\u4e1c\u533a\u5e97)", "order_time": ["2019-01-21 01:31:17"], "total_order": 1, "hotel_value": ["4.6"], "hotel_price": ["163"]}, "3003510": {"hotel_name": "\u7ef4\u4e5f\u7eb3\u9152\u5e97(\u5e7f\u5dde\u756a\u79ba\u4e07\u8fbe\u5e7f\u573a\u5e97)(\u539f\u4e2d\u534e\u7f8e\u98df\u57ce\u5e97)", "order_time": ["2019-01-21 01:31:17"], "total_order": 1, "hotel_value": ["4.8"], "hotel_price": ["284"]}, "4977626": {"hotel_name": "\u9047\u5bb6\u7cbe\u54c1\u670d\u52a1\u516c\u5bd3(\u5e7f\u5dde\u6b63\u4f73\u5e7f\u573a\u5e97)", "order_time": ["2019-01-21 01:31:26"], "total_order": 1, "hotel_value": ["4.5"], "hotel_price": ["699"]}, "1382947": {"hotel_name": "\u5e7f\u5dde\u5e7f\u7f8e\u5bbe\u9986", "order_time": ["2019-01-21 01:31:28"], "total_order": 1, "hotel_value": ["4.6"], "hotel_price": ["99"]}, "28705933": {"hotel_name": "\u4e94\u6708\u82b1\u9752\u5e74\u65c5\u820d(\u5e7f\u5dde\u5317\u4eac\u8def\u5e97)", "order_time": ["2019-01-21 01:31:28"], "total_order": 1, "hotel_value": [0], "hotel_price": ["52"]}, "982320": {"hotel_name": "\u6c49\u5ead\u9152\u5e97(\u5e7f\u5dde\u5357\u6c99\u4eca\u6d32\u5e7f\u573a\u5e97)", "order_time": ["2019-01-21 01:31:32"], "total_order": 1, "hotel_value": ["4.2"], "hotel_price": ["145"]}, "1739298": {"hotel_name": "\u94f6\u6e7e\u9152\u5e97(\u5e7f\u5dde\u5e02\u6865\u5e97)", "order_time": ["2019-01-21 01:31:34"], "total_order": 1, "hotel_value": ["4.5"], "hotel_price": ["254"]}, "6548898": {"hotel_name": "\u5e7f\u5dde\u7231\u5f97\u5b9d\u516c\u5bd3", "order_time": ["2019-01-21 01:31:42"], "total_order": 1, "hotel_value": ["3.4"], "hotel_price": ["97"]}, "1505015": {"hotel_name": "\u5e7f\u5dde\u66fc\u90fd\u56fd\u9645\u5927\u9152\u5e97", "order_time": ["2019-01-21 01:33:05"], "total_order": 1, "hotel_value": ["4.5"], "hotel_price": ["183"]}, "426591": {"hotel_name": "\u9e97\u67ab\u9152\u5e97(\u5e7f\u5dde\u957f\u9686\u5e02\u6865\u5730\u94c1\u7ad9\u6613\u53d1\u6b65\u884c\u8857\u5e97)", "order_time": ["2019-01-21 01:33:06"], "total_order": 1, "hotel_value": ["4.8"], "hotel_price": ["259"]}, "434367": {"hotel_name": "\u5e7f\u5dde\u9890\u548c\u5546\u52a1\u9152\u5e97", "order_time": ["2019-01-21 01:33:11"], "total_order": 1, "hotel_value": ["4.5"], "hotel_price": ["299"]}, "14420130": {"hotel_name": "\u5e7f\u5dde\u5723\u6258\u5229\u6e29\u6cc9\u5e84\u56ed", "order_time": ["2019-01-21 01:33:11"], "total_order": 1, "hotel_value": ["4.2"], "hotel_price": ["836"]}, "514362": {"hotel_name": "\u5e7f\u5dde\u4f18\u4f73\u516c\u5bd3", "order_time": ["2019-01-21 01:33:16"], "total_order": 1, "hotel_value": ["4.5"], "hotel_price": ["138"]}, "28014704": {"hotel_name": "\u5e7f\u5dde\u97e9\u51a0\u56db\u5b63\u516c\u5bd3", "order_time": ["2019-01-21 01:33:17"], "total_order": 1, "hotel_value": ["4.7"], "hotel_price": ["94"]}, "26451469": {"hotel_name": "\u5e7f\u5dde\u7ef4\u96c5\u822a\u7a7a\u7cbe\u9009\u9152\u5e97\u5f0f\u516c\u5bd3", "order_time": ["2019-01-21 01:49:09", "2019-01-21 01:33:17"], "total_order": 2, "hotel_value": ["4.9", "4.9"], "hotel_price": ["99", "99"]}, "1696699": {"hotel_name": "7\u5929\u8fde\u9501\u9152\u5e97(\u5e7f\u5dde\u51e4\u51f0\u65b0\u6751\u5730\u94c1\u7ad9\u5e97)", "order_time": ["2019-01-21 01:33:18"], "total_order": 1, "hotel_value": ["4.2"], "hotel_price": ["124"]}, "6455349": {"hotel_name": "\u5e7f\u5dde\u65b0\u5858\u5e1d\u4e4b\u666f\u9152\u5e97", "order_time": ["2019-01-21 01:33:23"], "total_order": 1, "hotel_value": ["4.6"], "hotel_price": ["106"]}, "6492209": {"hotel_name": "\u6c47\u91d1\u56fd\u9645\u516c\u5bd3(\u5e7f\u5dde\u65b0\u767d\u4e91\u673a\u573a\u5e97)", "order_time": ["2019-01-21 01:33:25"], "total_order": 1, "hotel_value": ["4.6"], "hotel_price": ["158"]}, "6817935": {"hotel_name": "\u5e7f\u5dde\u9014\u4e01\u9152\u5e97\u767d\u4e91\u65b0\u5e02\u589f\u767e\u4fe1\u5e7f\u573a\u5e97", "order_time": ["2019-01-21 01:35:02", "2019-01-21 01:41:06"], "total_order": 2, "hotel_value": ["4.5", "4.5"], "hotel_price": ["123", "123"]}, "2816412": {"hotel_name": "\u7231\u4e3d\u601d\u56fd\u9645\u9152\u5e97\u516c\u5bd3(\u5e7f\u5dde\u6cbf\u6c5f\u8def\u6c11\u95f4\u91d1\u878d\u5927\u53a6\u5e97)(\u539f\u5408\u597d\u9152\u5e97\u516c\u5bd3)", "order_time": ["2019-01-21 01:35:06"], "total_order": 1, "hotel_value": ["4.3"], "hotel_price": ["186"]}, "1696550": {"hotel_name": "7\u5929\u8fde\u9501\u9152\u5e97(\u5e7f\u5dde\u6c5f\u5357\u897f\u8def\u5e7f\u767e\u65b0\u4e00\u57ce\u5e97)", "order_time": ["2019-01-21 01:35:08", "2019-01-21 01:51:09"], "total_order": 2, "hotel_value": ["4.3", "4.3"], "hotel_price": ["96", "96"]}, "396871": {"hotel_name": "\u5e7f\u5dde\u8d8a\u79c0\u5bbe\u9986", "order_time": ["2019-01-21 01:35:09"], "total_order": 1, "hotel_value": ["4.5"], "hotel_price": ["443"]}, "1550374": {"hotel_name": "7\u5929\u4f18\u54c1\u9152\u5e97(\u5e7f\u5dde\u8f66\u9642\u5730\u94c1\u53e3\u5e97)", "order_time": ["2019-01-21 01:35:10"], "total_order": 1, "hotel_value": ["4.5"], "hotel_price": ["211"]}, "1891090": {"hotel_name": "\u5e7f\u5dde\u4e07\u5b50\u8c6a\u7a0b\u5927\u9152\u5e97", "order_time": ["2019-01-21 01:35:12", "2019-01-21 01:43:14"], "total_order": 2, "hotel_value": ["4.3", "4.3"], "hotel_price": ["280", "280"]}, "18026888": {"hotel_name": "\u5e7f\u5dde\u5609\u67cf\u9152\u5e97", "order_time": ["2019-01-21 01:35:17"], "total_order": 1, "hotel_value": ["4.5"], "hotel_price": ["138"]}, "5598691": {"hotel_name": "\u5e7f\u5dde\u4f73\u8bda\u9152\u5e97", "order_time": ["2019-01-21 01:35:21"], "total_order": 1, "hotel_value": ["4.5"], "hotel_price": ["169"]}, "19609716": {"hotel_name": "\u5e7f\u5dde\u840d\u4e4b\u5bd3\u4e91\u51ef\u9152\u5e97\u5f0f\u516c\u5bd3", "order_time": ["2019-01-21 01:35:23"], "total_order": 1, "hotel_value": ["4.9"], "hotel_price": ["198"]}, "1732435": {"hotel_name": "\u6854\u5b50\u9152\u5e97\u00b7\u7cbe\u9009(\u5e7f\u5dde\u5929\u6cb3\u5c97\u9876\u5e97)", "order_time": ["2019-01-21 01:35:51"], "total_order": 1, "hotel_value": ["4.8"], "hotel_price": ["550"]}, "1470475": {"hotel_name": "\u5e7f\u5dde8\u5929\u9152\u5e97\u5f0f\u516c\u5bd3", "order_time": ["2019-01-21 01:37:15"], "total_order": 1, "hotel_value": ["4.5"], "hotel_price": ["129"]}, "427399": {"hotel_name": "\u5982\u5bb6\u5feb\u6377\u9152\u5e97(\u5e7f\u5dde\u5929\u6cb3\u8def\u4f53\u80b2\u897f\u5730\u94c1\u7ad9\u5e97)", "order_time": ["2019-01-21 01:37:15"], "total_order": 1, "hotel_value": ["4.4"], "hotel_price": ["218"]}, "12297975": {"hotel_name": "\u5c0f\u65f6\u4ee3\u5fae\u751f\u6d3b\u516c\u9986(\u5e7f\u5dde\u5929\u6cb3\u667a\u6167\u57ce\u5e97)", "order_time": ["2019-01-21 01:37:15"], "total_order": 1, "hotel_value": ["4.6"], "hotel_price": ["93"]}, "1590707": {"hotel_name": "\u5e7f\u5dde\u91d1\u9e4f\u5bbe\u9986", "order_time": ["2019-01-21 01:37:16"], "total_order": 1, "hotel_value": ["4.3"], "hotel_price": ["79"]}, "7939530": {"hotel_name": "\u5e7f\u5dde\u4ece\u5316\u4e07\u9686\u5927\u9152\u5e97", "order_time": ["2019-01-21 01:37:16"], "total_order": 1, "hotel_value": ["4.5"], "hotel_price": ["149"]}, "1337426": {"hotel_name": "\u5e7f\u5dde\u4eca\u65e5\u9152\u5e97", "order_time": ["2019-01-21 01:37:22"], "total_order": 1, "hotel_value": ["4.1"], "hotel_price": ["131"]}, "5898586": {"hotel_name": "\u96e8\u6674\u516c\u5bd3(\u5e7f\u5dde\u6c49\u6eaa\u957f\u9686\u5730\u94c1\u7ad9\u5e97)", "order_time": ["2019-01-21 01:39:00"], "total_order": 1, "hotel_value": ["4.8"], "hotel_price": ["312"]}, "5051491": {"hotel_name": "\u5c1a\u5ba2\u4f18\u5feb\u6377\u9152\u5e97(\u5e7f\u5dde\u65b0\u767d\u4e91\u673a\u573a\u5e97)", "order_time": ["2019-01-21 01:39:06"], "total_order": 1, "hotel_value": ["4.5"], "hotel_price": ["153"]}, "1776497": {"hotel_name": "\u5e7f\u5dde\u6b27\u9646\u516c\u9986", "order_time": ["2019-01-21 01:39:07"], "total_order": 1, "hotel_value": ["4.5"], "hotel_price": ["188"]}, "2624012": {"hotel_name": "\u5e7f\u5dde\u9e64\u9f99\u5927\u9152\u5e97", "order_time": ["2019-01-21 01:39:17"], "total_order": 1, "hotel_value": ["4.3"], "hotel_price": ["178"]}, "668774": {"hotel_name": "\u5e7f\u5dde\u6d77\u4e4b\u60a6\u9152\u5e97", "order_time": ["2019-01-21 01:39:18"], "total_order": 1, "hotel_value": ["3.9"], "hotel_price": ["153"]}, "23965941": {"hotel_name": "\u6c83\u8377\u7684\u623f\u5b50(\u5e7f\u5dde\u5b9b\u82e5\u897f\u5173\u5e97)", "order_time": ["2019-01-21 01:39:19"], "total_order": 1, "hotel_value": ["4.9"], "hotel_price": ["196"]}, "13471173": {"hotel_name": "WarmHome\u5973\u751f\u9752\u5e74\u65c5\u793e(\u5e7f\u5dde\u8f66\u9642\u5e97)", "order_time": ["2019-01-21 01:39:34"], "total_order": 1, "hotel_value": [0], "hotel_price": ["27"]}, "1761320": {"hotel_name": "\u5e7f\u5dde\u4e2d\u535a\u827a\u672f\u9152\u5e97", "order_time": ["2019-01-21 01:41:04"], "total_order": 1, "hotel_value": ["4.5"], "hotel_price": ["276"]}, "512700": {"hotel_name": "\u5e7f\u5dde\u9f50\u5bcc\u5927\u9152\u5e97", "order_time": ["2019-01-21 02:01:01", "2019-01-21 01:41:06"], "total_order": 2, "hotel_value": ["4.4", "4.4"], "hotel_price": ["282", "282"]}, "19632759": {"hotel_name": "\u7ef4\u65af\u767b\u65d7\u8230\u5e97(\u5e7f\u5dde\u65b0\u767d\u4e91\u56fd\u9645\u673a\u573a\u5e97)", "order_time": ["2019-01-21 01:41:08"], "total_order": 1, "hotel_value": ["4.8"], "hotel_price": ["141"]}, "7687943": {"hotel_name": "\u9e97\u67ab\u9152\u5e97(\u5e7f\u5dde\u8f66\u9642\u5730\u94c1\u7ad9\u5e97)", "order_time": ["2019-01-21 01:41:10", "2019-01-21 01:59:07"], "total_order": 2, "hotel_value": ["4.8", "4.8"], "hotel_price": ["356", "356"]}, "6376986": {"hotel_name": "\u5e7f\u5dde\u670b\u6ee1\u56fd\u9645\u9152\u5e97\u516c\u5bd3(\u5317\u4eac\u8def\u6377\u767b\u90fd\u4f1a\u5206\u5e97)", "order_time": ["2019-01-21 01:41:10"], "total_order": 1, "hotel_value": ["4.5"], "hotel_price": ["354"]}, "5152637": {"hotel_name": "\u5e7f\u5dde\u9e3f\u6d32\u4e16\u7eaa\u9152\u5e97", "order_time": ["2019-01-21 01:41:10"], "total_order": 1, "hotel_value": ["4.3"], "hotel_price": ["319"]}, "8557643": {"hotel_name": "\u5e7f\u5dde\u5965\u56fd\u65c5\u56fd\u9645\u516c\u5bd3", "order_time": ["2019-01-21 01:41:13"], "total_order": 1, "hotel_value": ["4.2"], "hotel_price": ["287"]}, "1504983": {"hotel_name": "\u5e7f\u5dde\u9ea6\u6995\u9152\u5e97", "order_time": ["2019-01-21 01:41:13"], "total_order": 1, "hotel_value": ["4.2"], "hotel_price": ["196"]}, "4826325": {"hotel_name": "\u5e7f\u5dde\u5fb7\u5b9d\u5927\u9152\u5e97", "order_time": ["2019-01-21 01:41:14"], "total_order": 1, "hotel_value": ["4.1"], "hotel_price": ["158"]}, "1595731": {"hotel_name": "\u79d1\u5c14\u9152\u5e97(\u5e7f\u5dde\u6c5f\u5357\u897f\u5e97)", "order_time": ["2019-01-21 01:41:16"], "total_order": 1, "hotel_value": ["4.2"], "hotel_price": ["234"]}, "791912": {"hotel_name": "\u6021\u60a6\u9152\u5e97\uff08\u5e7f\u5dde\u9ad8\u94c1\u5357\u7ad9\u5357\u6d66\u5730\u94c1\u53e3\u5e97\uff09", "order_time": ["2019-01-21 01:47:00", "2019-01-21 01:41:16"], "total_order": 2, "hotel_value": ["4.4", "4.4"], "hotel_price": ["138", "138"]}, "1285115": {"hotel_name": "\u661f\u4e9a\u9152\u5e97(\u5e7f\u5dde\u534e\u5357\u78a7\u6842\u56ed\u5e97)", "order_time": ["2019-01-21 01:41:18"], "total_order": 1, "hotel_value": ["4.1"], "hotel_price": ["114"]}, "1431347": {"hotel_name": "\u901f8\u9152\u5e97(\u5e7f\u5dde\u5609\u79be\u671b\u5c97\u5730\u94c1\u7ad9\u5e97)", "order_time": ["2019-01-21 01:41:23"], "total_order": 1, "hotel_value": ["4.1"], "hotel_price": ["148"]}, "2616079": {"hotel_name": "\u9e97\u67ab\u9152\u5e97(\u5e7f\u5dde\u5929\u6cb3\u516c\u56ed\u9ec4\u57d4\u5927\u9053\u5e97)", "order_time": ["2019-01-21 01:42:59"], "total_order": 1, "hotel_value": ["4.7"], "hotel_price": ["248"]}, "11306241": {"hotel_name": "\u56db\u5b63\u4e30\u516c\u5bd3(\u5e7f\u5dde\u77f3\u58c1\u5730\u94c1\u7ad9\u5e97)", "order_time": ["2019-01-21 01:43:02", "2019-01-21 01:51:02"], "total_order": 2, "hotel_value": ["4.8", "4.8"], "hotel_price": ["197", "197"]}, "512780": {"hotel_name": "\u5e7f\u5dde\u6d77\u73ca\u5927\u9152\u5e97", "order_time": ["2019-01-21 01:43:02"], "total_order": 1, "hotel_value": ["4.4"], "hotel_price": ["196"]}, "1442484": {"hotel_name": "\u7ef4\u4e5f\u7eb3\u9152\u5e97(\u5e7f\u5dde\u756a\u79ba\u5357\u6751\u5e97)", "order_time": ["2019-01-21 01:43:05"], "total_order": 1, "hotel_value": ["4.8"], "hotel_price": ["210"]}, "23406093": {"hotel_name": "\u957f\u9686\u9999\u6c5f\u9152\u5e97(\u5e7f\u5dde\u957f\u9686\u91ce\u751f\u52a8\u7269\u4e16\u754c\u5e97)", "order_time": ["2019-01-21 01:43:06"], "total_order": 1, "hotel_value": ["4.6"], "hotel_price": ["1270"]}, "8557656": {"hotel_name": "\u4e07\u5962\u9152\u5e97(\u5e7f\u5dde\u767d\u4e91\u673a\u573a\u5e97)", "order_time": ["2019-01-21 01:43:08"], "total_order": 1, "hotel_value": ["4.6"], "hotel_price": ["222"]}, "778274": {"hotel_name": "\u57ce\u5e02\u4fbf\u6377\u9152\u5e97\uff08\u5e7f\u5dde\u5854\u5ba2\u6751\u5730\u94c1\u7ad9\u7436\u6d32\u4f1a\u5c55\u65d7\u8230\u5e97\uff09", "order_time": ["2019-01-21 01:45:07", "2019-01-21 01:43:08"], "total_order": 2, "hotel_value": ["4.4", "4.4"], "hotel_price": ["208", "208"]}, "1622634": {"hotel_name": "\u5e7f\u5dde\u5bcc\u8bda\u5546\u52a1\u9152\u5e97", "order_time": ["2019-01-21 01:43:15"], "total_order": 1, "hotel_value": ["4.1"], "hotel_price": ["99"]}, "1044943": {"hotel_name": "\u5982\u5bb6\u5feb\u6377\u9152\u5e97(\u5e7f\u5dde\u4e0a\u4e0b\u4e5d\u957f\u5bff\u8def\u5730\u94c1\u7ad9\u5e97)", "order_time": ["2019-01-21 01:44:59"], "total_order": 1, "hotel_value": ["4.7"], "hotel_price": ["246"]}, "4547905": {"hotel_name": "\u5e7f\u5dde\u7ca4\u5927\u91d1\u878d\u57ce\u56fd\u9645\u9152\u5e97", "order_time": ["2019-01-21 01:45:00"], "total_order": 1, "hotel_value": ["4.5"], "hotel_price": ["459"]}, "374613": {"hotel_name": "\u5e7f\u5dde\u8fbe\u9556\u56fd\u9645\u9152\u5e97", "order_time": ["2019-01-21 01:45:04"], "total_order": 1, "hotel_value": ["4.3"], "hotel_price": ["348"]}, "27850450": {"hotel_name": "\u6854\u5b50\u9152\u5e97\u7cbe\u9009(\u5e7f\u5dde\u706b\u8f66\u7ad9\u5e97)", "order_time": ["2019-01-21 01:45:04"], "total_order": 1, "hotel_value": ["4.9"], "hotel_price": ["312"]}, "818838": {"hotel_name": "\u6e2f\u6da6\u6c47\u666f\u9152\u5e97(\u5e7f\u5dde\u65b0\u5858\u5730\u738b\u5e7f\u573a\u5e97)(\u539f\u6c47\u666f\u9152\u5e97)", "order_time": ["2019-01-21 01:45:05"], "total_order": 1, "hotel_value": ["4.6"], "hotel_price": ["151"]}, "784391": {"hotel_name": "\u7ef4\u4e5f\u7eb3\u9152\u5e97(\u5e7f\u5dde\u8d8a\u79c0\u60e0\u798f\u897f\u8def\u5e97)", "order_time": ["2019-01-21 01:45:05"], "total_order": 1, "hotel_value": ["4.7"], "hotel_price": ["238"]}, "1254970": {"hotel_name": "\u5e7f\u5dde\u7fe1\u4e3d\u56fd\u9645\u5927\u9152\u5e97", "order_time": ["2019-01-21 01:45:05"], "total_order": 1, "hotel_value": ["4.5"], "hotel_price": ["295"]}, "2637102": {"hotel_name": "\u5e7f\u5dde\u5229\u8fbe\u5927\u9152\u5e97", "order_time": ["2019-01-21 01:45:08"], "total_order": 1, "hotel_value": ["4.5"], "hotel_price": ["186"]}, "4826514": {"hotel_name": "\u9686\u5821\u9152\u5e97(\u5e7f\u5dde\u957f\u9686\u5e02\u6865\u5730\u94c1\u53e3\u5e97)", "order_time": ["2019-01-21 01:45:08"], "total_order": 1, "hotel_value": ["3.9"], "hotel_price": ["138"]}, "5494234": {"hotel_name": "\u9f99\u7a57\u9152\u5e97\u516c\u5bd3(\u5e7f\u5dde\u5357\u7ad9\u5e97)", "order_time": ["2019-01-21 01:59:11", "2019-01-21 01:45:09"], "total_order": 2, "hotel_value": ["4.8", "4.8"], "hotel_price": ["227", "227"]}, "28301380": {"hotel_name": "\u5e7f\u5dde\u5c71\u6d77\u516c\u5bd3", "order_time": ["2019-01-21 01:45:25"], "total_order": 1, "hotel_value": ["4.9"], "hotel_price": ["128"]}, "6082046": {"hotel_name": "\u7ef4\u5ea6\u9152\u5e97\u5f0f\u516c\u5bd3(\u5e7f\u5dde\u8d8a\u79c0\u516c\u56ed\u706b\u8f66\u7ad9\u5e97)", "order_time": ["2019-01-21 01:46:56"], "total_order": 1, "hotel_value": ["4.6"], "hotel_price": ["229"]}, "757581": {"hotel_name": "\u67cf\u9ad8\u00b7\u96c5\u9152\u5e97(\u5e7f\u5dde\u4e1c\u5703\u5929\u6cb3\u57ce\u5e97)", "order_time": ["2019-01-21 01:52:58", "2019-01-21 01:46:56"], "total_order": 2, "hotel_value": ["4.8", "4.8"], "hotel_price": ["276", "276"]}, "6990807": {"hotel_name": "ahotel\u670d\u52a1\u5f0f\u516c\u5bd3(\u5e7f\u5dde\u6c49\u6eaa\u957f\u9686\u5730\u94c1\u7ad9\u5e97)", "order_time": ["2019-01-21 01:46:57"], "total_order": 1, "hotel_value": ["4.6"], "hotel_price": ["256"]}, "927697": {"hotel_name": "\u661f\u9a7f\u56fd\u9645\u516c\u5bd3(\u5e7f\u5dde\u660c\u5c97\u5730\u94c1\u7ad9\u5e97)", "order_time": ["2019-01-21 01:46:59"], "total_order": 1, "hotel_value": ["4.6"], "hotel_price": ["199"]}, "454610": {"hotel_name": "\u5e7f\u5dde\u73e0\u6d77\u7279\u533a\u5927\u9152\u5e97", "order_time": ["2019-01-21 01:47:00"], "total_order": 1, "hotel_value": ["4.4"], "hotel_price": ["239"]}, "710691": {"hotel_name": "\u5e7f\u5dde\u4e9a\u7279\u5170\u9152\u5e97", "order_time": ["2019-01-21 01:47:02"], "total_order": 1, "hotel_value": ["4.5"], "hotel_price": ["478"]}, "432755": {"hotel_name": "\u5e7f\u5dde\u5353\u5c0a\u91d1\u838e\u5927\u9152\u5e97", "order_time": ["2019-01-21 01:47:05"], "total_order": 1, "hotel_value": ["4.4"], "hotel_price": ["220"]}, "5309898": {"hotel_name": "\u5e7f\u5dde\u82b1\u7eaa\u9152\u5e97\u82b1\u90fd\u65b0\u534e\u5e97", "order_time": ["2019-01-21 01:47:07"], "total_order": 1, "hotel_value": ["4.5"], "hotel_price": ["122"]}, "1470337": {"hotel_name": "\u5e7f\u5dde\u4fca\u8363\u9152\u5e97", "order_time": ["2019-01-21 01:47:07"], "total_order": 1, "hotel_value": ["3.6"], "hotel_price": ["138"]}, "1829232": {"hotel_name": "\u5e7f\u5dde\u5b9d\u6e7e\u9152\u5e97", "order_time": ["2019-01-21 01:49:10"], "total_order": 1, "hotel_value": ["4.0"], "hotel_price": ["189"]}, "6446820": {"hotel_name": "\u5e7f\u5dde2513\u670d\u52a1\u516c\u5bd3\u5357\u6c99\u4e07\u8fbe\u5e7f\u573a\u5e97", "order_time": ["2019-01-21 01:49:10"], "total_order": 1, "hotel_value": ["4.6"], "hotel_price": ["114"]}, "1005698": {"hotel_name": "\u9633\u5149\u56fd\u9645\u9152\u5e97\u516c\u5bd3(\u5e7f\u5dde\u5317\u4eac\u8def\u91d1\u6da6\u94c2\u5bab\u5e97)", "order_time": ["2019-01-21 01:49:15"], "total_order": 1, "hotel_value": ["4.5"], "hotel_price": ["339"]}, "396593": {"hotel_name": "\u5e7f\u5dde\u793c\u987f\u9152\u5e97", "order_time": ["2019-01-21 01:49:15"], "total_order": 1, "hotel_value": ["4.6"], "hotel_price": ["1210"]}, "1582922": {"hotel_name": "\u83ab\u6cf0168(\u5e7f\u5dde\u6d1b\u6eaa\u5927\u6865\u5e97)", "order_time": ["2019-01-21 01:49:17"], "total_order": 1, "hotel_value": ["4.6"], "hotel_price": ["125"]}, "6455615": {"hotel_name": "\u5e7f\u5dde\u4e30\u5c55\u9152\u5e97", "order_time": ["2019-01-21 01:49:17"], "total_order": 1, "hotel_value": ["3.8"], "hotel_price": ["118"]}, "826373": {"hotel_name": "\u5e7f\u5dde\u65b0\u6c47\u5bbe\u9986", "order_time": ["2019-01-21 01:49:24"], "total_order": 1, "hotel_value": ["3.7"], "hotel_price": ["70"]}, "392495": {"hotel_name": "\u5e7f\u5dde\u5730\u4e2d\u6d77\u56fd\u9645\u9152\u5e97", "order_time": ["2019-01-21 01:51:00"], "total_order": 1, "hotel_value": ["4.5"], "hotel_price": ["477"]}, "1551668": {"hotel_name": "\u5e7f\u5dde\u4e09\u82f1\u6e29\u6cc9\u5ea6\u5047\u9152\u5e97", "order_time": ["2019-01-21 01:51:00"], "total_order": 1, "hotel_value": ["4.6"], "hotel_price": ["888"]}, "853822": {"hotel_name": "\u5c71\u6c34\u65f6\u5c1a\u9152\u5e97(\u5e7f\u5dde\u706b\u8f66\u4e1c\u7ad9\u5e97)", "order_time": ["2019-01-21 01:51:01"], "total_order": 1, "hotel_value": ["4.5"], "hotel_price": ["367"]}, "452535": {"hotel_name": "\u6e2f\u6da6\u660e\u60a6\u9152\u5e97(\u5e7f\u5dde\u7436\u6d32\u4f1a\u5c55\u79d1\u97f5\u8def\u5e97)", "order_time": ["2019-01-21 01:51:03"], "total_order": 1, "hotel_value": ["4.5"], "hotel_price": ["446"]}, "854027": {"hotel_name": "\u57ce\u5e02\u4fbf\u6377\u9152\u5e97(\u5e7f\u5dde\u5e02\u4e0a\u4e0b\u4e5d\u6b65\u884c\u8857\u4e00\u5e97)", "order_time": ["2019-01-21 01:51:06"], "total_order": 1, "hotel_value": ["4.4"], "hotel_price": ["224"]}, "5237985": {"hotel_name": "\u5e7f\u5dde\u6625\u7530\u5bb6\u5bb6\u9752\u5e74\u65c5\u820dLAZY GAGA", "order_time": ["2019-01-21 01:51:09"], "total_order": 1, "hotel_value": ["4.4"], "hotel_price": ["71"]}, "1505299": {"hotel_name": "\u5e7f\u5dde\u5409\u65c5\u5bbe\u9986\u8354\u6e7e\u5e97", "order_time": ["2019-01-21 01:51:17"], "total_order": 1, "hotel_value": ["4.3"], "hotel_price": ["133"]}, "6547437": {"hotel_name": "\u5e7f\u5dde\u987a\u5bb8\u9f0e\u516c\u5bd3", "order_time": ["2019-01-21 01:51:20"], "total_order": 1, "hotel_value": ["4.7"], "hotel_price": ["245"]}, "1892315": {"hotel_name": "\u5e7f\u5dde\u4f2f\u5c14\u65af\u9152\u5e97", "order_time": ["2019-01-21 01:51:20"], "total_order": 1, "hotel_value": ["3.9"], "hotel_price": ["109"]}, "5980135": {"hotel_name": "\u683c\u6797\u8c6a\u6cf0\u5feb\u6377\u9152\u5e97(\u5e7f\u5dde\u5927\u6e90\u4e2d\u8def\u6d89\u5916\u5b66\u9662\u5e97)", "order_time": ["2019-01-21 01:51:25"], "total_order": 1, "hotel_value": ["4.3"], "hotel_price": ["127"]}, "1622599": {"hotel_name": "\u5bb6\u56ed\u5bbe\u9986(\u5e7f\u5dde\u5e7f\u56ed\u65b0\u6751\u5e97)", "order_time": ["2019-01-21 01:51:32"], "total_order": 1, "hotel_value": ["4.2"], "hotel_price": ["125"]}, "20243311": {"hotel_name": "\u94c2\u987f\u56fd\u9645\u516c\u5bd3(\u5e7f\u5dde\u5ba2\u6751\u5408\u751f\u5e7f\u573a\u5e97)", "order_time": ["2019-01-21 01:51:46"], "total_order": 1, "hotel_value": ["4.7"], "hotel_price": ["269"]}, "17361600": {"hotel_name": "\u67cf\u9ad8\u00b7\u9882\u9152\u5e97(\u5e7f\u5dde\u91d1\u878d\u57ce\u8f66\u9642\u5357\u5730\u94c1\u7ad9\u5e97)", "order_time": ["2019-01-21 01:52:58", "2019-01-21 02:03:00"], "total_order": 2, "hotel_value": ["4.7", "4.7"], "hotel_price": ["298", "298"]}, "669284": {"hotel_name": "\u5e7f\u5dde\u7436\u6d32\u9152\u5e97", "order_time": ["2019-01-21 01:53:00"], "total_order": 1, "hotel_value": ["4.2"], "hotel_price": ["133"]}, "2323896": {"hotel_name": "\u5e7f\u5dde\u65af\u7ef4\u767b\u670d\u52a1\u516c\u5bd3(\u6d1b\u6eaa\u5730\u94c1\u7ad9\u6e14\u4eba\u7801\u5934)", "order_time": ["2019-01-21 01:53:02"], "total_order": 1, "hotel_value": ["4.7"], "hotel_price": ["308"]}, "429757": {"hotel_name": "\u5e1d\u8c6a\u9152\u5e97(\u5e7f\u5dde\u6865\u5357\u5e97)", "order_time": ["2019-01-21 01:53:03"], "total_order": 1, "hotel_value": ["4.5"], "hotel_price": ["288"]}, "5175791": {"hotel_name": "\u6c49\u5ead\u9152\u5e97(\u5e7f\u5dde\u5c97\u9876\u5730\u94c1\u7ad9\u5e97)", "order_time": ["2019-01-21 01:53:05"], "total_order": 1, "hotel_value": ["4.3"], "hotel_price": ["256"]}, "29400863": {"hotel_name": "\u4e3d\u65af\u667a\u9009\u9152\u5e97(\u5e7f\u5dde\u65b0\u767d\u4e91\u56fd\u9645\u673a\u573a\u5e97)", "order_time": ["2019-01-21 01:53:10"], "total_order": 1, "hotel_value": [0], "hotel_price": ["273"]}, "4532989": {"hotel_name": "\u5e7f\u5dde\u6d77\u5ead\u9152\u5e97", "order_time": ["2019-01-21 01:53:13"], "total_order": 1, "hotel_value": ["4.1"], "hotel_price": ["129"]}, "3289839": {"hotel_name": "\u68a6\u5e7b\u4e50\u56ed\u4eb2\u5b50\u4e3b\u9898\u516c\u5bd3(\u5e7f\u5dde\u77f3\u58c1\u5730\u94c1\u7ad9\u5e97)", "order_time": ["2019-01-21 01:55:00"], "total_order": 1, "hotel_value": ["4.6"], "hotel_price": ["288"]}, "818820": {"hotel_name": "\u5982\u5bb6\u5546\u65c5\u9152\u5e97(\u5e7f\u5dde\u4e0a\u4e0b\u4e5d\u6b65\u884c\u8857\u957f\u5bff\u8def\u5730\u94c1\u7ad9\u5b9d\u534e\u8def\u5e97)", "order_time": ["2019-01-21 01:55:05"], "total_order": 1, "hotel_value": ["4.7"], "hotel_price": ["310"]}, "5438557": {"hotel_name": "\u6709\u620f\u7535\u5f71\u9152\u5e97(\u5e7f\u5dde\u534e\u5e08\u5730\u94c1\u7ad9\u5e97)", "order_time": ["2019-01-21 01:55:08"], "total_order": 1, "hotel_value": ["4.7"], "hotel_price": ["298"]}, "2847907": {"hotel_name": "\u4f73\u8c6a\u5546\u52a1\u9152\u5e97(\u5e7f\u5dde\u4ef2\u607a\u5b66\u9662\u5e97)", "order_time": ["2019-01-21 01:55:09"], "total_order": 1, "hotel_value": ["4.4"], "hotel_price": ["121"]}, "2301814": {"hotel_name": "7\u5929\u4f18\u54c1\u9152\u5e97(\u5e7f\u5dde\u65b0\u5858\u5e7f\u573a\u5e97)", "order_time": ["2019-01-21 01:55:11"], "total_order": 1, "hotel_value": ["4.6"], "hotel_price": ["126"]}, "26445830": {"hotel_name": "\u56ed\u827a\u9152\u5e97\u5f0f\u516c\u5bd3(\u5e7f\u5dde\u897f\u6717\u5730\u94c1\u7ad9\u5e97)", "order_time": ["2019-01-21 01:55:20"], "total_order": 1, "hotel_value": ["4.6"], "hotel_price": ["178"]}, "16899591": {"hotel_name": "\u5e7f\u5dde\u5c1a\u5ba2\u7cbe\u54c1\u516c\u5bd3", "order_time": ["2019-01-21 01:56:57"], "total_order": 1, "hotel_value": ["4.1"], "hotel_price": ["190"]}, "3364082": {"hotel_name": "\u7ef4\u4e5f\u7eb3\u56fd\u9645\u9152\u5e97(\u5e7f\u5dde\u673a\u573a\u8def\u65b0\u5e02\u5e97)", "order_time": ["2019-01-21 01:57:00"], "total_order": 1, "hotel_value": ["4.7"], "hotel_price": ["348"]}, "9315373": {"hotel_name": "\u67cf\u9ad8\u9152\u5e97(\u5e7f\u5dde\u5854\u5927\u5858\u5730\u94c1\u7ad9\u5e97)", "order_time": ["2019-01-21 01:57:00"], "total_order": 1, "hotel_value": ["4.4"], "hotel_price": ["230"]}, "2082657": {"hotel_name": "\u79c1\u4eab\u5bb6\u8fde\u9501\u9152\u5e97\u516c\u5bd3(\u5e7f\u5dde\u6d1b\u6eaa\u5730\u94c1\u7ad9\u6e14\u4eba\u7801\u5934\u5e97)", "order_time": ["2019-01-21 01:57:01"], "total_order": 1, "hotel_value": ["4.4"], "hotel_price": ["188"]}, "3737774": {"hotel_name": "\u9e97\u67ab\u9152\u5e97(\u5e7f\u5dde\u4e2d\u5c71\u4e00\u8def\u6768\u7b95\u5730\u94c1\u7ad9\u5e97)", "order_time": ["2019-01-21 01:59:03"], "total_order": 1, "hotel_value": ["4.7"], "hotel_price": ["383"]}, "1732296": {"hotel_name": "\u5fc6\u5343\u6811\u9152\u5e97(\u5e7f\u5dde\u4f53\u80b2\u4e2d\u5fc3\u6797\u548c\u897f\u5730\u94c1\u7ad9\u5e97)(\u539f\u82b1\u5343\u6811\u9152\u5e97)", "order_time": ["2019-01-21 01:59:04"], "total_order": 1, "hotel_value": ["4.3"], "hotel_price": ["228"]}, "9665573": {"hotel_name": "\u8d5b\u6960\u5546\u52a1\u9152\u5e97(\u5e7f\u5dde\u9ec4\u57d4\u5f00\u53d1\u533a\u4e1c\u533a\u5e97\uff09", "order_time": ["2019-01-21 01:59:05"], "total_order": 1, "hotel_value": ["4.6"], "hotel_price": ["119"]}, "15276490": {"hotel_name": "\u5e7f\u5dde\u4e0d\u4e8c\u56fd\u9645\u9752\u5e74\u65c5\u820d", "order_time": ["2019-01-21 01:59:14"], "total_order": 1, "hotel_value": ["4.7"], "hotel_price": ["35"]}, "825152": {"hotel_name": "\u85b0\u4f0a\u8349\u9152\u5e97\u516c\u5bd3(\u5e7f\u5dde\u5ba2\u6751\u5408\u751f\u5e7f\u573a\u5e97)", "order_time": ["2019-01-21 01:59:16"], "total_order": 1, "hotel_value": ["4.5"], "hotel_price": ["238"]}, "841607": {"hotel_name": "\u5e7f\u5dde\u9a8f\u5b87\u9152\u5e97", "order_time": ["2019-01-21 01:59:42"], "total_order": 1, "hotel_value": ["4.3"], "hotel_price": ["198"]}, "21783655": {"hotel_name": "\u5e7f\u5dde\u97e9\u51a0\u56fd\u9645\u516c\u5bd3", "order_time": ["2019-01-21 02:00:57"], "total_order": 1, "hotel_value": ["4.6"], "hotel_price": ["184"]}, "932259": {"hotel_name": "\u7ef4\u4e5f\u7eb3\u9152\u5e97(\u5e7f\u5dde\u673a\u573a\u5e97)", "order_time": ["2019-01-21 02:00:58"], "total_order": 1, "hotel_value": ["4.7"], "hotel_price": ["308"]}, "1024566": {"hotel_name": "\u5e7f\u5dde\u6885\u82b1\u56ed\u9152\u5e97", "order_time": ["2019-01-21 02:00:58"], "total_order": 1, "hotel_value": ["4.2"], "hotel_price": ["234"]}, "5312598": {"hotel_name": "\u5e7f\u5dde\u660e\u97e9\u9152\u5e97\u8354\u6e7e\u9648\u5bb6\u7960\u5e97", "order_time": ["2019-01-21 02:01:01"], "total_order": 1, "hotel_value": ["4.4"], "hotel_price": ["114"]}, "2620165": {"hotel_name": "\u9038\u7c73\u9152\u5e97(\u5e7f\u5dde\u6653\u6e2f\u5730\u94c1\u7ad9\u5e97)", "order_time": ["2019-01-21 02:01:08"], "total_order": 1, "hotel_value": ["4.1"], "hotel_price": ["148"]}, "21800422": {"hotel_name": "\u5e7f\u5dde\u5357\u96c5\u65f6\u5c1a\u516c\u5bd3", "order_time": ["2019-01-21 02:01:09"], "total_order": 1, "hotel_value": ["4.2"], "hotel_price": ["108"]}, "4440359": {"hotel_name": "\u57ce\u5e02\u4e4b\u661f(\u5e7f\u5dde\u673a\u573a\u5e97)(\u539f\u7231\u60c5\u5ea6\u5047\u6751)", "order_time": ["2019-01-21 02:01:11"], "total_order": 1, "hotel_value": ["4.7"], "hotel_price": ["108"]}, "1701715": {"hotel_name": "\u5e7f\u5dde\u5c1a\u5bb6\u7cbe\u54c1\u9152\u5e97", "order_time": ["2019-01-21 02:01:12"], "total_order": 1, "hotel_value": ["4.2"], "hotel_price": ["88"]}, "1505146": {"hotel_name": "\u5e7f\u5dde\u94f6\u7fd4\u65c5\u5e97", "order_time": ["2019-01-21 02:01:20"], "total_order": 1, "hotel_value": ["4.3"], "hotel_price": ["109"]}, "5500013": {"hotel_name": "\u5609\u8bda\u8fde\u9501\u9152\u5e97(\u5e7f\u5dde\u5e02\u6865\u5e97)", "order_time": ["2019-01-21 02:01:23"], "total_order": 1, "hotel_value": ["3.8"], "hotel_price": ["113"]}, "25368297": {"hotel_name": "\u5e7f\u5dde\u4ece\u5316\u6e29\u6cc9\u5ea6\u5047\u6c11\u5bbf", "order_time": ["2019-01-21 02:01:29"], "total_order": 1, "hotel_value": [0], "hotel_price": ["423"]}, "2032025": {"hotel_name": "\u5c71\u6c34\u65f6\u5c1a\u9152\u5e97(\u5e7f\u5dde\u73e0\u6751\u5e97)", "order_time": ["2019-01-21 02:01:38"], "total_order": 1, "hotel_value": ["4.5"], "hotel_price": ["256"]}, "397501": {"hotel_name": "\u5e7f\u5dde\u767d\u4e91\u5bbe\u9986", "order_time": ["2019-01-21 02:04:57", "2019-01-21 02:03:01"], "total_order": 2, "hotel_value": ["4.6", "4.6"], "hotel_price": ["512", "512"]}, "4355354": {"hotel_name": "\u5e7f\u5dde\u7f8e\u4e4b\u65c5\u516c\u5bd3", "order_time": ["2019-01-21 02:03:06"], "total_order": 1, "hotel_value": ["4.8"], "hotel_price": ["83"]}, "29208366": {"hotel_name": "\u5e7f\u5dde\u4e91\u6e2f\u56fd\u9645\u516c\u5bd3", "order_time": ["2019-01-21 02:03:08"], "total_order": 1, "hotel_value": [0], "hotel_price": ["121"]}, "803950": {"hotel_name": "\u5e7f\u5dde\u51ef\u8389\u83b1\u9152\u5e97(\u756a\u79ba\u5e97)", "order_time": ["2019-01-21 02:03:09"], "total_order": 1, "hotel_value": ["4.2"], "hotel_price": ["150"]}, "6207981": {"hotel_name": "\u5e7f\u5dde\u73cd\u5b9d\u5047\u65e5\u9152\u5e97", "order_time": ["2019-01-21 02:03:11"], "total_order": 1, "hotel_value": ["4.3"], "hotel_price": ["216"]}, "532082": {"hotel_name": "\u5e7f\u5dde\u72c4\u62dc\u8f7b\u827a\u672f\u4e3b\u9898\u9152\u5e97", "order_time": ["2019-01-21 02:03:16"], "total_order": 1, "hotel_value": ["3.9"], "hotel_price": ["79"]}, "8178939": {"hotel_name": "\u5e7f\u5dde\u83b1\u65af\u4e39\u987f\u56fd\u9645\u516c\u5bd3(\u539f\u4e50\u5c14\u66fc\u516c\u5bd3\u5e7f\u5dde\u5317\u4eac\u8def\u5e97)", "order_time": ["2019-01-21 02:04:58"], "total_order": 1, "hotel_value": ["4.6"], "hotel_price": ["276"]}, "2099822": {"hotel_name": "\u5e7f\u5dde\u4e91\u5cf0\u5546\u52a1\u9152\u5e97", "order_time": ["2019-01-21 02:04:58"], "total_order": 1, "hotel_value": ["4.1"], "hotel_price": ["128"]}, "428208": {"hotel_name": "\u5e7f\u5dde\u987a\u76c8\u793c\u9047\u9152\u5e97", "order_time": ["2019-01-21 02:05:00"], "total_order": 1, "hotel_value": ["4.1"], "hotel_price": ["298"]}, "1395536": {"hotel_name": "\u5174\u60a6\u9152\u5e97(\u5e7f\u5dde\u5357\u6751\u5e97)", "order_time": ["2019-01-21 02:05:09"], "total_order": 1, "hotel_value": ["4.1"], "hotel_price": ["102"]}, "1350710": {"hotel_name": "\u5e7f\u5dde\u65b0\u4e3d\u90fd\u9152\u5e97", "order_time": ["2019-01-21 02:05:10"], "total_order": 1, "hotel_value": ["4.3"], "hotel_price": ["140"]}}}