{"\u5f00\u59cb\u8bb0\u5f55\u65f6\u95f4": "2019-01-20 05:16:11", "\u7ed3\u675f\u8bb0\u5f55\u65f6\u95f4": "2019-01-20 06:32:53", "\u8ba2\u5355\u603b\u589e\u91cf": 168, "item": {"6869620": {"hotel_name": "\u54c1\u60a6\u7cbe\u54c1\u516c\u5bd3(\u5317\u4eac\u9996\u90fd\u673a\u573aT3\u822a\u7ad9\u697c\u5e97)", "order_time": ["2019-01-20 05:18:34"], "total_order": 1, "hotel_value": ["4.6"], "hotel_price": ["158"]}, "1074183": {"hotel_name": "\u5317\u4eac\u60e0\u4fa8\u996d\u5e97", "order_time": ["2019-01-20 05:18:34"], "total_order": 1, "hotel_value": ["4.4"], "hotel_price": ["396"]}, "391657": {"hotel_name": "\u5317\u4eac\u671d\u9633\u60a0\u5510\u7687\u51a0\u5047\u65e5\u9152\u5e97", "order_time": ["2019-01-20 05:18:35"], "total_order": 1, "hotel_value": ["4.7"], "hotel_price": ["1003"]}, "5418724": {"hotel_name": "\u5317\u4eac\u7d2b\u91d1\u5bab\u996d\u5e97", "order_time": ["2019-01-20 05:18:38"], "total_order": 1, "hotel_value": ["4.5"], "hotel_price": ["322"]}, "451198": {"hotel_name": "\u6c49\u5ead\u9152\u5e97(\u5317\u4eac\u56fd\u8d38\u53cc\u4e95\u5730\u94c1\u7ad9\u5e97)", "order_time": ["2019-01-20 05:18:41"], "total_order": 1, "hotel_value": ["4.3"], "hotel_price": ["322"]}, "533467": {"hotel_name": "\u5317\u4eac\u5347\u6e2f\u56fd\u9645\u9152\u5e97", "order_time": ["2019-01-20 05:18:48"], "total_order": 1, "hotel_value": ["4.1"], "hotel_price": ["226"]}, "1427247": {"hotel_name": "\u5317\u4eac\u5fb7\u662598\u5feb\u6377\u65c5\u9986", "order_time": ["2019-01-20 05:19:06"], "total_order": 1, "hotel_value": ["3.1"], "hotel_price": ["79"]}, "5659815": {"hotel_name": "\u5317\u4eac\u4e09\u91cc\u5c6f\u901a\u76c8\u4e2d\u5fc3\u6d32\u9645\u9152\u5e97", "order_time": ["2019-01-20 05:20:59"], "total_order": 1, "hotel_value": ["4.7"], "hotel_price": ["1982"]}, "1467104": {"hotel_name": "\u5168\u5b63\u9152\u5e97(\u5317\u4eac\u901a\u5dde\u8fd0\u6cb3\u897f\u8def\u5e97)", "order_time": ["2019-01-20 05:21:00"], "total_order": 1, "hotel_value": ["4.8"], "hotel_price": ["341"]}, "1115615": {"hotel_name": "\u5317\u4eac\u539a\u9053\u9152\u5e97", "order_time": ["2019-01-20 06:13:01", "2019-01-20 05:23:23"], "total_order": 2, "hotel_value": ["4.1", "4.1"], "hotel_price": ["356", "356"]}, "1193186": {"hotel_name": "\u548c\u9890\u9152\u5e97(\u5317\u4eac\u4e09\u91cc\u5c6f\u5e97)", "order_time": ["2019-01-20 05:23:26"], "total_order": 1, "hotel_value": ["4.6"], "hotel_price": ["512"]}, "835618": {"hotel_name": "\u767d\u7389\u5170\u9152\u5e97(\u5317\u4eac\u897f\u5ba2\u7ad9\u5e97)(\u539f\u9526\u6c5f\u4e4b\u661f\u897f\u5ba2\u7ad9\u5e97)", "order_time": ["2019-01-20 05:23:27"], "total_order": 1, "hotel_value": ["4.6"], "hotel_price": ["339"]}, "374791": {"hotel_name": "\u5317\u4eac\u4eac\u4f26\u996d\u5e97", "order_time": ["2019-01-20 05:23:27"], "total_order": 1, "hotel_value": ["4.4"], "hotel_price": ["638"]}, "4434272": {"hotel_name": "\u5317\u4eac\u96c5\u65af\u8317\u6d77\u665f\u670d\u52a1\u516c\u5bd3", "order_time": ["2019-01-20 05:23:39"], "total_order": 1, "hotel_value": ["4.6"], "hotel_price": ["389"]}, "9627725": {"hotel_name": "\u6854\u5b50\u6c34\u6676\u9152\u5e97(\u5317\u4eac\u524d\u95e8\u5e97)", "order_time": ["2019-01-20 05:25:30"], "total_order": 1, "hotel_value": ["4.8"], "hotel_price": ["560"]}, "763236": {"hotel_name": "\u548c\u9890\u9152\u5e97(\u5317\u4eac\u4e9a\u8fd0\u6751\u9e1f\u5de2\u5e97)", "order_time": ["2019-01-20 05:26:04"], "total_order": 1, "hotel_value": ["4.6"], "hotel_price": ["386"]}, "512860": {"hotel_name": "\u5317\u4eac\u897f\u90ca\u5bbe\u9986", "order_time": ["2019-01-20 05:26:12"], "total_order": 1, "hotel_value": ["4.5"], "hotel_price": ["429"]}, "453079": {"hotel_name": "\u6c49\u5ead\u9152\u5e97(\u5317\u4eac\u7ad9\u5e97)", "order_time": ["2019-01-20 05:26:19", "2019-01-20 05:34:15"], "total_order": 2, "hotel_value": ["4.5", "4.5"], "hotel_price": ["290", "290"]}, "429111": {"hotel_name": "\u5317\u4eac\u540d\u4eba\u56fd\u9645\u5927\u9152\u5e97", "order_time": ["2019-01-20 05:28:41"], "total_order": 1, "hotel_value": ["4.5"], "hotel_price": ["886"]}, "8527570": {"hotel_name": "\u5e03\u4e01\u9152\u5e97(\u5317\u4eac\u82b1\u4e61\u6865\u5e97)", "order_time": ["2019-01-20 05:28:50"], "total_order": 1, "hotel_value": ["4.0"], "hotel_price": ["160"]}, "2226042": {"hotel_name": "\u5929\u60a6\u5feb\u6377\u9152\u5e97(\u5317\u4eac\u5e08\u8303\u5927\u5b66\u5e97)", "order_time": ["2019-01-20 05:28:56"], "total_order": 1, "hotel_value": ["3.5"], "hotel_price": ["188"]}, "2300496": {"hotel_name": "365\u5feb\u6377\u9152\u5e97(\u5317\u4eac\u5341\u91cc\u5821\u5e97)", "order_time": ["2019-01-20 05:28:59"], "total_order": 1, "hotel_value": ["4.0"], "hotel_price": ["183"]}, "1776385": {"hotel_name": "99\u65c5\u9986\u8fde\u9501(\u5317\u4eac\u9e1f\u5de2\u5e97)", "order_time": ["2019-01-20 05:29:03"], "total_order": 1, "hotel_value": ["3.2"], "hotel_price": ["151"]}, "4627187": {"hotel_name": "\u5317\u4eac\u7ea2\u67da\u9752\u5e74\u516c\u5bd3", "order_time": ["2019-01-20 05:29:06"], "total_order": 1, "hotel_value": ["4.6"], "hotel_price": ["139"]}, "431651": {"hotel_name": "\u5317\u4eac\u9999\u6c5f\u6234\u65af\u9152\u5e97", "order_time": ["2019-01-20 05:31:16"], "total_order": 1, "hotel_value": ["4.2"], "hotel_price": ["412"]}, "24039210": {"hotel_name": "\u79cb\u679c\u7b80\u5c45\u9152\u5e97(\u5317\u4eac\u5e7f\u5b89\u95e8\u5e97)", "order_time": ["2019-01-20 05:33:59"], "total_order": 1, "hotel_value": ["4.9"], "hotel_price": ["419"]}, "19453785": {"hotel_name": "\u5317\u4eac\u671b\u4eac\u51ef\u60a6\u9152\u5e97", "order_time": ["2019-01-20 05:34:02"], "total_order": 1, "hotel_value": ["4.6"], "hotel_price": ["978"]}, "1714811": {"hotel_name": "\u80dc\u9ad8\u8fde\u9501\u9152\u5e97(\u5317\u4eac\u4e30\u53f0\u4e1c\u5927\u8857\u5e97)", "order_time": ["2019-01-20 05:34:08"], "total_order": 1, "hotel_value": ["4.5"], "hotel_price": ["153"]}, "763421": {"hotel_name": "\u79a7\u9f99\u5bbe\u9986(\u5317\u4eac\u4e07\u4e30\u8def\u4e03\u91cc\u5e84\u5730\u94c1\u7ad9\u5e97)", "order_time": ["2019-01-20 05:34:15"], "total_order": 1, "hotel_value": ["4.1"], "hotel_price": ["158"]}, "8511673": {"hotel_name": "\u5317\u4eac\u6f9c\u5ead\u516c\u5bd3", "order_time": ["2019-01-20 05:34:32"], "total_order": 1, "hotel_value": ["4.6"], "hotel_price": ["380"]}, "6789225": {"hotel_name": "\u5317\u4eac\u677e\u82b1\u6e56\u5546\u52a1\u516c\u9986", "order_time": ["2019-01-20 05:36:39"], "total_order": 1, "hotel_value": ["4.4"], "hotel_price": ["259"]}, "2917097": {"hotel_name": "IU\u9152\u5e97(\u5317\u4eac\u4e2d\u5173\u6751\u5e97)", "order_time": ["2019-01-20 05:36:44"], "total_order": 1, "hotel_value": ["4.4"], "hotel_price": ["505"]}, "481629": {"hotel_name": "\u5317\u4eac\u4e2d\u88d5\u4e16\u7eaa\u5927\u9152\u5e97", "order_time": ["2019-01-20 05:36:46"], "total_order": 1, "hotel_value": ["4.3"], "hotel_price": ["389"]}, "835843": {"hotel_name": "\u9526\u6c5f\u4e4b\u661f(\u5317\u4eac\u5357\u7ad9\u5e97)", "order_time": ["2019-01-20 05:36:49"], "total_order": 1, "hotel_value": ["4.2"], "hotel_price": ["199"]}, "448697": {"hotel_name": "Zsmart\u667a\u5c1a\u9152\u5e97(\u5317\u4eac\u738b\u5e9c\u4e95\u4e2d\u5fc3\u5e97)", "order_time": ["2019-01-20 05:36:57"], "total_order": 1, "hotel_value": ["3.6"], "hotel_price": ["298"]}, "6516819": {"hotel_name": "\u901f8\u9152\u5e97(\u5317\u4eac\u803f\u5e84\u6865\u5317\u5e97)", "order_time": ["2019-01-20 05:39:30"], "total_order": 1, "hotel_value": ["3.7"], "hotel_price": ["147"]}, "6480258": {"hotel_name": "\u5317\u4eac\u957f\u57ce\u6e90\u8457\u6e29\u99a8\u6d0b\u623f(\u539f\u539f\u4f4f\u6e29\u99a8\u6d0b\u623f\u4f4f\u5bbf)", "order_time": ["2019-01-20 05:39:44"], "total_order": 1, "hotel_value": ["4.9"], "hotel_price": ["296"]}, "1440397": {"hotel_name": "\u51ef\u897f\u9152\u5e97\u516c\u5bd3(\u5317\u4eac\u5927\u5174\u5e97)", "order_time": ["2019-01-20 05:39:44"], "total_order": 1, "hotel_value": ["4.1"], "hotel_price": ["218"]}, "1826930": {"hotel_name": "\u5317\u4eac\u53f6\u5b50\u4e3b\u9898\u9152\u5e97", "order_time": ["2019-01-20 05:39:44"], "total_order": 1, "hotel_value": ["2.9"], "hotel_price": ["178"]}, "6850499": {"hotel_name": "\u9a8f\u6021\u8fde\u9501\u9152\u5e97(\u5317\u4eac\u9752\u5c11\u5e74\u5bab\u5e97)(\u539f\u65b0\u5357\u8def\u5e97)", "order_time": ["2019-01-20 05:39:44"], "total_order": 1, "hotel_value": ["4.5"], "hotel_price": ["123"]}, "10988419": {"hotel_name": "\u5317\u4eac\u81ea\u5728\u573a\u5934\u96cd\u548c\u5bab\u7f8e\u5bbf\u5ba2\u6808", "order_time": ["2019-01-20 05:39:44"], "total_order": 1, "hotel_value": ["4.5"], "hotel_price": ["398"]}, "1231575": {"hotel_name": "\u5317\u4eac\u6210\u8d35\u5bbe\u9986", "order_time": ["2019-01-20 05:39:44"], "total_order": 1, "hotel_value": ["4.0"], "hotel_price": ["268"]}, "6180137": {"hotel_name": "\u5317\u4eac\u9633\u5149\u9752\u5e74\u65c5\u820d\u897f\u5c4b\u56fd\u9645\u5e97", "order_time": ["2019-01-20 05:39:44"], "total_order": 1, "hotel_value": ["3.7"], "hotel_price": ["68"]}, "5380445": {"hotel_name": "\u5317\u4eac99\u4f18\u9009\u9152\u5e97\u5927\u5174\u9ec4\u6751\u706b\u8f66\u7ad9\u5e97", "order_time": ["2019-01-20 05:39:44"], "total_order": 1, "hotel_value": ["4.0"], "hotel_price": ["119"]}, "2619951": {"hotel_name": "\u5317\u4eac\u59ab\u6c34\u82b1\u7530\u5feb\u6377\u9152\u5e97", "order_time": ["2019-01-20 05:39:44"], "total_order": 1, "hotel_value": ["4.7"], "hotel_price": ["136"]}, "2362349": {"hotel_name": "\u5317\u4eac\u5174\u6d32\u901a\u5546\u52a1\u9152\u5e97", "order_time": ["2019-01-20 05:39:44"], "total_order": 1, "hotel_value": ["3.8"], "hotel_price": ["278"]}, "4722072": {"hotel_name": "\u5317\u4eac\u683c\u6797\u5bbe\u9986", "order_time": ["2019-01-20 05:39:44"], "total_order": 1, "hotel_value": ["3.7"], "hotel_price": ["211"]}, "18538982": {"hotel_name": "\u667a\u9009\u65f6\u5149\u670d\u52a1\u516c\u5bd3(\u5317\u4eac\u5d07\u6587\u95e8\u5e97)", "order_time": ["2019-01-20 05:39:44"], "total_order": 1, "hotel_value": ["4.7"], "hotel_price": ["1800"]}, "11061474": {"hotel_name": "\u5317\u4eac\u65e5\u6708\u660e\u7cbe\u54c1\u9752\u5e74\u65c5\u793e", "order_time": ["2019-01-20 05:39:44"], "total_order": 1, "hotel_value": ["4.7"], "hotel_price": ["66"]}, "6285202": {"hotel_name": "\u5317\u4eac\u9f50\u6e90\u5bbe\u9986", "order_time": ["2019-01-20 05:39:44"], "total_order": 1, "hotel_value": ["3.8"], "hotel_price": ["153"]}, "1544135": {"hotel_name": "\u5317\u4eac\u5723\u5730\u4e07\u8c61\u4e3b\u9898\u9152\u5e97", "order_time": ["2019-01-20 05:39:44"], "total_order": 1, "hotel_value": ["4.1"], "hotel_price": ["178"]}, "2303344": {"hotel_name": "\u5317\u4eac\u4eac\u6052\u5bbe\u9986", "order_time": ["2019-01-20 05:39:44"], "total_order": 1, "hotel_value": ["4.2"], "hotel_price": ["210"]}, "2290457": {"hotel_name": "\u5317\u4eac\u987e\u5bb6\u516c\u5bd3\u9152\u5e97", "order_time": ["2019-01-20 05:39:44"], "total_order": 1, "hotel_value": ["3.6"], "hotel_price": ["178"]}, "2272141": {"hotel_name": "\u5fae\u5ba2\u9152\u5e97(\u5317\u4eac\u9676\u7136\u4ead\u5e97)", "order_time": ["2019-01-20 05:39:44"], "total_order": 1, "hotel_value": ["3.9"], "hotel_price": ["128"]}, "1193485": {"hotel_name": "\u6c49\u5ead\u9152\u5e97(\u5317\u4eac\u738b\u5e9c\u4e95\u5e97)", "order_time": ["2019-01-20 05:42:05"], "total_order": 1, "hotel_value": ["4.5"], "hotel_price": ["436"]}, "1737555": {"hotel_name": "7\u5929\u8fde\u9501\u9152\u5e97(\u5317\u4eac798\u827a\u672f\u533a\u5e97)", "order_time": ["2019-01-20 05:42:08"], "total_order": 1, "hotel_value": ["4.3"], "hotel_price": ["347"]}, "1435010": {"hotel_name": "\u5e03\u4e01\u9152\u5e97(\u5317\u4eac\u7ad9\u5d07\u6587\u95e8\u5e97)", "order_time": ["2019-01-20 05:42:08"], "total_order": 1, "hotel_value": ["3.3"], "hotel_price": ["159"]}, "374783": {"hotel_name": "\u5317\u4eac\u5510\u62c9\u96c5\u79c0\u9152\u5e97", "order_time": ["2019-01-20 05:42:09"], "total_order": 1, "hotel_value": ["4.5"], "hotel_price": ["667"]}, "427807": {"hotel_name": "\u5317\u4eac\u957f\u5bcc\u5bab\u996d\u5e97", "order_time": ["2019-01-20 05:42:10", "2019-01-20 06:00:13"], "total_order": 2, "hotel_value": ["4.7", "4.7"], "hotel_price": ["698", "698"]}, "5380677": {"hotel_name": "\u9ea6\u7a57\u9152\u5e97(\u5317\u4eac\u5ef6\u5e86\u5e97)", "order_time": ["2019-01-20 05:42:15"], "total_order": 1, "hotel_value": ["4.6"], "hotel_price": ["188"]}, "13801907": {"hotel_name": "\u5317\u4eac\u4f70\u79be\u7cbe\u54c1\u5546\u52a1\u9152\u5e97", "order_time": ["2019-01-20 05:42:18", "2019-01-20 06:00:29"], "total_order": 2, "hotel_value": ["4.4", "4.4"], "hotel_price": ["246", "246"]}, "1484895": {"hotel_name": "\u6c49\u5ead\u9152\u5e97(\u5317\u4eac\u897f\u76f4\u95e8\u5e97)", "order_time": ["2019-01-20 05:42:19"], "total_order": 1, "hotel_value": ["4.5"], "hotel_price": ["333"]}, "436894": {"hotel_name": "\u98d8HOME\u8fde\u9501\u9152\u5e97(\u5317\u4eac\u738b\u5e9c\u4e95\u5e97)", "order_time": ["2019-01-20 05:44:43"], "total_order": 1, "hotel_value": ["4.4"], "hotel_price": ["302"]}, "347310": {"hotel_name": "\u5317\u4eac\u957f\u57ce\u996d\u5e97(\u539f\u559c\u6765\u767b\u957f\u57ce\u996d\u5e97)", "order_time": ["2019-01-20 05:44:45"], "total_order": 1, "hotel_value": ["4.4"], "hotel_price": ["583"]}, "1726658": {"hotel_name": "\u9038\u548c\u5feb\u6377\u9152\u5e97(\u5317\u4eac\u56de\u9f99\u89c2\u5e97)", "order_time": ["2019-01-20 05:45:00"], "total_order": 1, "hotel_value": ["3.9"], "hotel_price": ["188"]}, "2301939": {"hotel_name": "\u5317\u4eac\u56fd\u6c49\u9e3f\u4f1f\u5546\u52a1\u5bbe\u9986", "order_time": ["2019-01-20 05:45:03"], "total_order": 1, "hotel_value": ["4.0"], "hotel_price": ["160"]}, "431641": {"hotel_name": "\u5317\u4eac\u6df1\u5733\u5927\u53a6", "order_time": ["2019-01-20 05:47:22"], "total_order": 1, "hotel_value": ["4.5"], "hotel_price": ["473"]}, "1777629": {"hotel_name": "\u548c\u5bb6\u5bbe\u9986\u8fde\u9501(\u5317\u4eac\u897f\u7ad9\u5e97)", "order_time": ["2019-01-20 05:47:32"], "total_order": 1, "hotel_value": ["4.7"], "hotel_price": ["258"]}, "763891": {"hotel_name": "\u9526\u6c5f\u4e4b\u661f(\u5317\u4eac\u83b2\u77f3\u4e1c\u8def\u5e97)", "order_time": ["2019-01-20 05:47:35"], "total_order": 1, "hotel_value": ["4.6"], "hotel_price": ["256"]}, "1683509": {"hotel_name": "\u5e03\u4e01\u9152\u5e97(\u5317\u4eac\u9996\u90fd\u673a\u573a\u5e97)", "order_time": ["2019-01-20 05:47:38", "2019-01-20 05:50:27"], "total_order": 2, "hotel_value": ["3.9", "3.9"], "hotel_price": ["151", "151"]}, "2592687": {"hotel_name": "\u53e4\u5317\u6c34\u9547\u5367\u9f99\u5821\u5ba2\u6808", "order_time": ["2019-01-20 05:47:58"], "total_order": 1, "hotel_value": ["4.7"], "hotel_price": ["490"]}, "763434": {"hotel_name": "\u7693\u9633\u5bbe\u9986(\u5317\u4eac\u524d\u95e8\u5929\u5b89\u95e8\u5e7f\u573a\u5e97)", "order_time": ["2019-01-20 05:50:03"], "total_order": 1, "hotel_value": ["4.4"], "hotel_price": ["246"]}, "4035013": {"hotel_name": "\u5317\u4eac\u57ce\u5357\u65e7\u4e8b\u7cbe\u54c1\u6587\u5316\u9152\u5e97", "order_time": ["2019-01-20 05:52:30"], "total_order": 1, "hotel_value": ["4.6"], "hotel_price": ["358"]}, "895290": {"hotel_name": "\u6c49\u5ead\u9152\u5e97(\u5317\u4eac\u767d\u7eb8\u574a\u6865\u5e97)", "order_time": ["2019-01-20 05:52:48"], "total_order": 1, "hotel_value": ["4.4"], "hotel_price": ["284"]}, "6653666": {"hotel_name": "\u5317\u4eac\u8fd07\u9152\u5e97\u99a8\u6d01\u56ed\u5e97", "order_time": ["2019-01-20 05:52:54"], "total_order": 1, "hotel_value": ["4.4"], "hotel_price": ["210"]}, "1733035": {"hotel_name": "\u5317\u4eac\u4e1c\u957f\u5b89\u5546\u52a1\u9152\u5e97", "order_time": ["2019-01-20 05:55:08"], "total_order": 1, "hotel_value": ["3.9"], "hotel_price": ["258"]}, "14010040": {"hotel_name": "\u5317\u4eacA+\u9e92\u5bd3\u9152\u5e97", "order_time": ["2019-01-20 05:55:08"], "total_order": 1, "hotel_value": ["4.5"], "hotel_price": ["169"]}, "2298351": {"hotel_name": "\u5317\u4eac\u4e2d\u7164\u5bbe\u9986", "order_time": ["2019-01-20 05:55:12"], "total_order": 1, "hotel_value": ["4.6"], "hotel_price": ["409"]}, "2237449": {"hotel_name": "\u6613\u4f70\u8fde\u9501\u65c5\u5e97(\u5317\u4eac\u5357\u7ad9\u5e97)", "order_time": ["2019-01-20 05:55:22"], "total_order": 1, "hotel_value": ["3.9"], "hotel_price": ["198"]}, "374787": {"hotel_name": "\u5317\u4eac\u65b0\u4fa8\u8bfa\u5bcc\u7279\u996d\u5e97", "order_time": ["2019-01-20 05:56:42"], "total_order": 1, "hotel_value": ["4.5"], "hotel_price": ["538"]}, "1726454": {"hotel_name": "\u745e\u5c14\u5a01\u8fde\u9501\u996d\u5e97(\u5317\u4eac\u897f\u5ba2\u7ad9\u5e97)", "order_time": ["2019-01-20 05:57:39"], "total_order": 1, "hotel_value": ["4.6"], "hotel_price": ["408"]}, "1251776": {"hotel_name": "\u5317\u4eac\u534e\u6cf0\u996d\u5e97", "order_time": ["2019-01-20 05:57:41"], "total_order": 1, "hotel_value": ["4.2"], "hotel_price": ["287"]}, "1585862": {"hotel_name": "\u901f8\u9152\u5e97(\u5317\u4eac\u9ec4\u6751\u897f\u5927\u8857\u5730\u94c1\u7ad9\u5e97)", "order_time": ["2019-01-20 05:57:46"], "total_order": 1, "hotel_value": ["4.2"], "hotel_price": ["151"]}, "822334": {"hotel_name": "\u5317\u4eac\u51ef\u65cb\u4f18\u9177\u5feb\u6377\u9152\u5e97", "order_time": ["2019-01-20 05:58:26"], "total_order": 1, "hotel_value": ["3.9"], "hotel_price": ["133"]}, "427372": {"hotel_name": "\u5317\u4eac\u798f\u5730\u51f0\u57ce\u9152\u5e97", "order_time": ["2019-01-20 06:02:44"], "total_order": 1, "hotel_value": ["4.2"], "hotel_price": ["446"]}, "3638208": {"hotel_name": "\u6c49\u5ead\u9152\u5e97(\u5317\u4eac\u82b1\u4e61\u5929\u575b\u533b\u9662\u5e97)(\u539f\u82b1\u4e61\u6865\u5e97)", "order_time": ["2019-01-20 06:02:47"], "total_order": 1, "hotel_value": ["4.5"], "hotel_price": ["282"]}, "650635": {"hotel_name": "\u5317\u4eac\u65b0\u7586\u5927\u53a6", "order_time": ["2019-01-20 06:02:51"], "total_order": 1, "hotel_value": ["4.6"], "hotel_price": ["576"]}, "1099469": {"hotel_name": "\u5317\u4eac\u8bda\u8f89\u5546\u52a1\u9152\u5e97", "order_time": ["2019-01-20 06:02:53"], "total_order": 1, "hotel_value": ["4.2"], "hotel_price": ["288"]}, "1732851": {"hotel_name": "\u5317\u4eac\u8c4c\u8c46\u5c16\u513f\u56fd\u9645\u9752\u5e74\u65c5\u820d", "order_time": ["2019-01-20 06:02:54"], "total_order": 1, "hotel_value": ["4.1"], "hotel_price": ["60"]}, "13948606": {"hotel_name": "\u5317\u4eac\u6850\u798f\u6e29\u6cc9\u9152\u5e97", "order_time": ["2019-01-20 06:03:08"], "total_order": 1, "hotel_value": ["4.2"], "hotel_price": ["469"]}, "1095479": {"hotel_name": "\u534e\u8c0a\u65f6\u5c1a\u9152\u5e97(\u5317\u4eac\u7ad9\u540c\u4ec1\u533b\u9662\u5e97)", "order_time": ["2019-01-20 06:03:13"], "total_order": 1, "hotel_value": ["3.9"], "hotel_price": ["130"]}, "24034176": {"hotel_name": "\u5317\u4eac\u4f11\u61a9\u5c0f\u4f4f\u9752\u65c5", "order_time": ["2019-01-20 06:03:25"], "total_order": 1, "hotel_value": [0], "hotel_price": ["79"]}, "6762755": {"hotel_name": "\u5317\u4eac\u9999\u6765\u76f8\u5f80\u6c11\u4fd7\u996d\u5e84", "order_time": ["2019-01-20 06:03:33"], "total_order": 1, "hotel_value": ["4.8"], "hotel_price": ["98"]}, "5470464": {"hotel_name": "\u5317\u4eac\u4e09\u91cc\u5c6fCHAO\u9152\u5e97", "order_time": ["2019-01-20 06:05:19", "2019-01-20 06:30:53"], "total_order": 2, "hotel_value": ["4.6", "4.6"], "hotel_price": ["1686", "1686"]}, "1683729": {"hotel_name": "\u901f8\u9152\u5e97(\u5317\u4eac\u524d\u95e8\u5927\u6805\u680f\u5e97)", "order_time": ["2019-01-20 06:23:05", "2019-01-20 06:05:20"], "total_order": 2, "hotel_value": ["4.0", "4.0"], "hotel_price": ["269", "269"]}, "2499225": {"hotel_name": "\u8f89\u817e\u5546\u52a1\u9152\u5e97(\u5317\u4eac\u5de5\u4f53\u5e97)", "order_time": ["2019-01-20 06:07:54"], "total_order": 1, "hotel_value": ["4.3"], "hotel_price": ["548"]}, "1573189": {"hotel_name": "\u5982\u5bb6\u5feb\u6377\u9152\u5e97(\u5317\u4eac\u84dd\u5c9b\u4e1c\u5927\u6865\u5730\u94c1\u7ad9\u5e97)", "order_time": ["2019-01-20 06:07:56"], "total_order": 1, "hotel_value": ["4.4"], "hotel_price": ["355"]}, "374780": {"hotel_name": "\u897f\u897f\u91cc\u9152\u5e97(\u5317\u4eac\u5929\u575b\u4e1c\u95e8\u5e97)", "order_time": ["2019-01-20 06:07:59"], "total_order": 1, "hotel_value": ["4.3"], "hotel_price": ["179"]}, "2300973": {"hotel_name": "7\u5929\u8fde\u9501\u9152\u5e97(\u5317\u4eac\u84df\u95e8\u6865\u5e97)", "order_time": ["2019-01-20 06:08:03"], "total_order": 1, "hotel_value": ["4.4"], "hotel_price": ["326"]}, "375511": {"hotel_name": "\u5317\u4eac\u4e07\u8fbe\u6587\u534e\u9152\u5e97", "order_time": ["2019-01-20 06:25:38", "2019-01-20 06:08:03"], "total_order": 2, "hotel_value": ["4.6", "4.6"], "hotel_price": ["999", "999"]}, "23223115": {"hotel_name": "\u5317\u4eac\u6765\u4e0d\u8f7b\u65c5\u9152\u5e97", "order_time": ["2019-01-20 06:08:09"], "total_order": 1, "hotel_value": ["4.7"], "hotel_price": ["279"]}, "5798858": {"hotel_name": "\u6d77\u53cb\u9152\u5e97(\u5317\u4eac\u897f\u7ad9\u5e97)", "order_time": ["2019-01-20 06:08:19"], "total_order": 1, "hotel_value": ["4.2"], "hotel_price": ["259"]}, "1422167": {"hotel_name": "\u5317\u4eac\u9a8f\u9a6c\u56fd\u9645\u9152\u5e97", "order_time": ["2019-01-20 06:10:28"], "total_order": 1, "hotel_value": ["4.5"], "hotel_price": ["523"]}, "437222": {"hotel_name": "\u5317\u4eac\u8d35\u5dde\u5927\u53a6", "order_time": ["2019-01-20 06:10:35"], "total_order": 1, "hotel_value": ["4.7"], "hotel_price": ["598"]}, "1073517": {"hotel_name": "\u777f\u58eb\u4e3b\u9898\u9152\u5e97(\u5317\u4eac\u897f\u5ba2\u7ad9\u516d\u91cc\u6865\u4e1c\u5e97)", "order_time": ["2019-01-20 06:10:37"], "total_order": 1, "hotel_value": ["4.4"], "hotel_price": ["279"]}, "1098570": {"hotel_name": "\u5317\u4eac\u71d5\u90fd\u5bbe\u9986", "order_time": ["2019-01-20 06:10:50"], "total_order": 1, "hotel_value": ["4.1"], "hotel_price": ["328"]}, "1497501": {"hotel_name": "\u718a\u732b\u516c\u5bd3(\u5317\u4eac\u6b22\u4e50\u8c37\u5357\u697c\u6893\u5e84\u5730\u94c1\u7ad9\u5e97)", "order_time": ["2019-01-20 06:11:00"], "total_order": 1, "hotel_value": ["4.1"], "hotel_price": ["178"]}, "452197": {"hotel_name": "\u5317\u4eac\u4e3d\u666f\u6e7e\u56fd\u9645\u9152\u5e97", "order_time": ["2019-01-20 06:12:16"], "total_order": 1, "hotel_value": ["4.5"], "hotel_price": ["732"]}, "28642364": {"hotel_name": "\u5317\u4eac\u5929\u5b89\u95e8\u5e7f\u573aCitiGO\u6b22\u9601\u9152\u5e97", "order_time": ["2019-01-20 06:13:03"], "total_order": 1, "hotel_value": ["4.9"], "hotel_price": ["550"]}, "8667422": {"hotel_name": "\u5317\u4eac\u827a\u672f\u4e4b\u5bb6\u9152\u5e97", "order_time": ["2019-01-20 06:13:18"], "total_order": 1, "hotel_value": ["4.3"], "hotel_price": ["228"]}, "1714551": {"hotel_name": "\u5317\u4eac\u5fd7\u5f3a\u5bbe\u9986", "order_time": ["2019-01-20 06:13:27"], "total_order": 1, "hotel_value": ["4.0"], "hotel_price": ["202"]}, "1641487": {"hotel_name": "\u5317\u4eac\u94f6\u5174\u4e5d\u76db\u5bbe\u9986", "order_time": ["2019-01-20 06:13:32"], "total_order": 1, "hotel_value": ["3.2"], "hotel_price": ["208"]}, "1200290": {"hotel_name": "\u5317\u4eac\u76f8\u9047\u7231\u5bb6\u6545\u4e8b\u9152\u5e97", "order_time": ["2019-01-20 06:13:37"], "total_order": 1, "hotel_value": ["3.5"], "hotel_price": ["163"]}, "5974549": {"hotel_name": "\u7ef4\u4e5f\u7eb33\u597d\u9152\u5e97(\u5317\u4eac\u9996\u90fd\u673a\u573a\u5e97)(\u539f\u7eb3\u7ef4\u5229\u9152\u5e97)", "order_time": ["2019-01-20 06:14:17"], "total_order": 1, "hotel_value": ["4.1"], "hotel_price": ["246"]}, "447443": {"hotel_name": "\u98d8HOME\u8fde\u9501\u9152\u5e97(\u5317\u4eac\u897f\u5ba2\u7ad9\u5e97)", "order_time": ["2019-01-20 06:15:17"], "total_order": 1, "hotel_value": ["4.4"], "hotel_price": ["172"]}, "821145": {"hotel_name": "\u548c\u9890\u9152\u5e97(\u5317\u4eac\u9890\u548c\u56ed\u5e97)", "order_time": ["2019-01-20 06:15:18"], "total_order": 1, "hotel_value": ["4.7"], "hotel_price": ["522"]}, "1577161": {"hotel_name": "\u65f6\u5149\u6f2b\u6b65\u6000\u65e7\u4e3b\u9898\u9152\u5e97(\u5317\u4eac\u897f\u5355\u5e97)", "order_time": ["2019-01-20 06:15:20"], "total_order": 1, "hotel_value": ["4.7"], "hotel_price": ["381"]}, "2301236": {"hotel_name": "\u5982\u5bb6\u8054\u76df\u9152\u5e97(\u5317\u4eac\u5929\u6865\u5730\u94c1\u7ad9\u5e97)(\u539f\u5929\u6865\u4f2f\u946b\u5e97)", "order_time": ["2019-01-20 06:15:30"], "total_order": 1, "hotel_value": ["4.2"], "hotel_price": ["179"]}, "821280": {"hotel_name": "\u5317\u4eac\u9ec4\u91d1\u6e2f\u5bbe\u9986", "order_time": ["2019-01-20 06:15:45"], "total_order": 1, "hotel_value": ["3.3"], "hotel_price": ["268"]}, "9116792": {"hotel_name": "\u5317\u4eac\u534e\u9a7f\u9152\u5e97(\u65b0\u56fd\u5c55\u9996\u90fd\u673a\u573a\u5e97)", "order_time": ["2019-01-20 06:16:53"], "total_order": 1, "hotel_value": ["4.7"], "hotel_price": ["239"]}, "1331896": {"hotel_name": "\u5317\u4eac\u6d77\u9633\u5149\u9752\u5e74\u65c5\u9986", "order_time": ["2019-01-20 06:16:55"], "total_order": 1, "hotel_value": ["4.3"], "hotel_price": ["58"]}, "3003581": {"hotel_name": "\u901f8\u9152\u5e97(\u5317\u4eac\u5357\u6c99\u7a9d\u6865302\u533b\u9662\u5e97)", "order_time": ["2019-01-20 06:28:07", "2019-01-20 06:17:43"], "total_order": 2, "hotel_value": ["4.3", "4.3"], "hotel_price": ["198", "198"]}, "1107145": {"hotel_name": "\u9e3f\u709c\u4ebf\u5bb6\u8fde\u9501\u9152\u5e97(\u5317\u4eac\u9676\u7136\u4ead\u5730\u94c1\u7ad9\u5e97)(\u539f\u53f3\u5b89\u95e8\u5e97)", "order_time": ["2019-01-20 06:17:54"], "total_order": 1, "hotel_value": ["4.4"], "hotel_price": ["219"]}, "13598382": {"hotel_name": "\u6854\u5b50\u9152\u5e97\u00b7\u7cbe\u9009(\u5317\u4eac\u5149\u660e\u6865\u5e97)", "order_time": ["2019-01-20 06:17:55", "2019-01-20 06:25:41"], "total_order": 2, "hotel_value": ["4.8", "4.8"], "hotel_price": ["370", "370"]}, "22459555": {"hotel_name": "\u901f8\u9152\u5e97(\u5317\u4eac\u89d2\u95e8\u4e1c\u5730\u94c1\u7ad9\u5e97)", "order_time": ["2019-01-20 06:17:57"], "total_order": 1, "hotel_value": ["4.6"], "hotel_price": ["188"]}, "1521083": {"hotel_name": "\u5982\u5bb6\u5feb\u6377\u9152\u5e97(\u5317\u4eac\u96cd\u548c\u5bab\u548c\u5e73\u91cc\u897f\u8857\u5e97)", "order_time": ["2019-01-20 06:17:57"], "total_order": 1, "hotel_value": ["4.7"], "hotel_price": ["303"]}, "2313410": {"hotel_name": "\u6c49\u5ead\u9152\u5e97(\u5317\u4eac\u4e09\u5143\u6865\u5e97)", "order_time": ["2019-01-20 06:17:58"], "total_order": 1, "hotel_value": ["4.6"], "hotel_price": ["455"]}, "1621652": {"hotel_name": "7\u5929\u8fde\u9501\u9152\u5e97(\u5317\u4eac\u5e7f\u5b89\u95e8\u5185\u5730\u94c1\u7ad9\u725b\u8857\u5e97)", "order_time": ["2019-01-20 06:18:00"], "total_order": 1, "hotel_value": ["4.5"], "hotel_price": ["252"]}, "745176": {"hotel_name": "\u76db\u534e\u5a01\u9752\u5e74\u9152\u5e97(\u5317\u4eac\u5de5\u4e1a\u5927\u5b66\u6b22\u4e50\u8c37\u5e97)", "order_time": ["2019-01-20 06:18:15"], "total_order": 1, "hotel_value": ["3.8"], "hotel_price": ["130"]}, "1837281": {"hotel_name": "\u5317\u4eac\u6696\u6d0b\u6d0b\u9152\u5e97\u5f0f\u516c\u5bd3", "order_time": ["2019-01-20 06:18:33"], "total_order": 1, "hotel_value": ["4.2"], "hotel_price": ["306"]}, "1776826": {"hotel_name": "\u5317\u4eac\u4eac\u6d77\u996d\u5e97", "order_time": ["2019-01-20 06:20:31"], "total_order": 1, "hotel_value": ["3.8"], "hotel_price": ["244"]}, "429503": {"hotel_name": "\u5317\u4eac\u4e3d\u90fd\u7ef4\u666f\u9152\u5e97", "order_time": ["2019-01-20 06:20:32"], "total_order": 1, "hotel_value": ["4.4"], "hotel_price": ["525"]}, "1521085": {"hotel_name": "\u5982\u5bb6\u5feb\u6377\u9152\u5e97(\u5317\u4eac\u71d5\u838e\u4f7f\u9986\u533a\u5e97)", "order_time": ["2019-01-20 06:20:40"], "total_order": 1, "hotel_value": ["4.5"], "hotel_price": ["303"]}, "779279": {"hotel_name": "\u5317\u4eac\u5357\u5bab\u6c11\u65cf\u6e29\u6cc9\u517b\u751f\u56ed", "order_time": ["2019-01-20 06:20:45"], "total_order": 1, "hotel_value": ["4.4"], "hotel_price": ["528"]}, "1068684": {"hotel_name": "\u96c5\u5c45\u670d\u52a1\u516c\u5bd3(\u5317\u4eac\u4e94\u9053\u53e3\u6e05\u534e\u5927\u5b66\u5e97)", "order_time": ["2019-01-20 06:23:03"], "total_order": 1, "hotel_value": ["4.5"], "hotel_price": ["449"]}, "25748541": {"hotel_name": "\u5317\u4eac\u666f\u91cc\u9152\u5e97", "order_time": ["2019-01-20 06:23:10"], "total_order": 1, "hotel_value": ["4.9"], "hotel_price": ["415"]}, "808850": {"hotel_name": "\u5317\u4eac\u4e3d\u8c6a\u9152\u5e97(\u9996\u90fd\u673a\u573a\u56fd\u5c55\u5e97)", "order_time": ["2019-01-20 06:23:11"], "total_order": 1, "hotel_value": ["3.9"], "hotel_price": ["267"]}, "1614962": {"hotel_name": "\u827e\u745e\u9152\u5e97(\u5317\u4eac\u534e\u5317\u7535\u529b\u5927\u5b66\u5e97)", "order_time": ["2019-01-20 06:23:16"], "total_order": 1, "hotel_value": ["4.1"], "hotel_price": ["239"]}, "1404991": {"hotel_name": "DNA\u5546\u52a1\u9152\u5e97(\u5317\u4eac\u65b0\u56fd\u5c55\u5e97)", "order_time": ["2019-01-20 06:23:19"], "total_order": 1, "hotel_value": ["4.3"], "hotel_price": ["153"]}, "5246881": {"hotel_name": "\u5317\u4eac\u718a\u732b\u9752\u5e74\u65c5\u820d(\u539f\u4f60\u597d\u56fd\u9645\u9752\u5e74\u65c5\u820d)", "order_time": ["2019-01-20 06:23:26"], "total_order": 1, "hotel_value": ["4.4"], "hotel_price": ["68"]}, "429548": {"hotel_name": "\u5317\u4eac\u9999\u683c\u91cc\u62c9\u996d\u5e97", "order_time": ["2019-01-20 06:24:52"], "total_order": 1, "hotel_value": ["4.6"], "hotel_price": ["1032"]}, "15342762": {"hotel_name": "\u5168\u5b63\u9152\u5e97(\u5317\u4eac\u4e94\u68f5\u677e\u5e97)", "order_time": ["2019-01-20 06:25:35"], "total_order": 1, "hotel_value": ["4.8"], "hotel_price": ["474"]}, "1862829": {"hotel_name": "\u5317\u4eac\u897f\u534e\u4eac\u5146\u996d\u5e97\uff08\u5929\u5b89\u95e8\u5e97\uff09", "order_time": ["2019-01-20 06:25:44"], "total_order": 1, "hotel_value": ["4.3"], "hotel_price": ["212"]}, "436921": {"hotel_name": "\u5317\u4eac\u4e1c\u76f4\u95e8\u667a\u9009\u5047\u65e5\u9152\u5e97", "order_time": ["2019-01-20 06:25:48"], "total_order": 1, "hotel_value": ["4.6"], "hotel_price": ["659"]}, "4529813": {"hotel_name": "\u5317\u4eac\u6625\u5149\u5c0f\u57ce\u5546\u52a1\u9152\u5e97", "order_time": ["2019-01-20 06:25:57"], "total_order": 1, "hotel_value": ["3.6"], "hotel_price": ["138"]}, "1436902": {"hotel_name": "\u6613\u4f70\u8fde\u9501\u65c5\u5e97(\u5317\u4eac\u6c11\u822a\u533b\u9662\u5e97)", "order_time": ["2019-01-20 06:26:04"], "total_order": 1, "hotel_value": ["3.6"], "hotel_price": ["150"]}, "909598": {"hotel_name": "\u6c49\u5ead\u9152\u5e97(\u5317\u4eac\u4e2d\u5173\u6751\u5e97)", "order_time": ["2019-01-20 06:27:28"], "total_order": 1, "hotel_value": ["4.5"], "hotel_price": ["512"]}, "1583020": {"hotel_name": "\u5982\u5bb6\u5feb\u6377\u9152\u5e97(\u5317\u4eac\u56fd\u5c55\u4e09\u5143\u6865\u5e97)", "order_time": ["2019-01-20 06:28:05"], "total_order": 1, "hotel_value": ["4.7"], "hotel_price": ["351"]}, "4889269": {"hotel_name": "\u5317\u4eac\u7ef4\u666f\u56fd\u9645\u5927\u9152\u5e97", "order_time": ["2019-01-20 06:28:07"], "total_order": 1, "hotel_value": ["4.6"], "hotel_price": ["618"]}, "1732657": {"hotel_name": "\u4eac\u5947\u8fde\u9501\u9152\u5e97(\u5317\u4eac\u897f\u5ba2\u7ad9\u5e97)", "order_time": ["2019-01-20 06:28:09"], "total_order": 1, "hotel_value": ["4.4"], "hotel_price": ["199"]}, "14773240": {"hotel_name": "\u5317\u4eac\u56fd\u9645\u827a\u672f\u9152\u5e97", "order_time": ["2019-01-20 06:28:24"], "total_order": 1, "hotel_value": ["4.5"], "hotel_price": ["239"]}, "6026088": {"hotel_name": "\u683c\u6797\u8c6a\u6cf0(\u5317\u4eac\u9996\u90fd\u673a\u573aT3\u99a8\u6e2f\u5e97)", "order_time": ["2019-01-20 06:30:49"], "total_order": 1, "hotel_value": ["4.4"], "hotel_price": ["204"]}, "429500": {"hotel_name": "\u5317\u4eac\u56fd\u90fd\u5927\u996d\u5e97", "order_time": ["2019-01-20 06:30:53"], "total_order": 1, "hotel_value": ["4.3"], "hotel_price": ["414"]}, "7492873": {"hotel_name": "\u5317\u4eac\u65b0\u56fd\u8d38\u996d\u5e97", "order_time": ["2019-01-20 06:30:53"], "total_order": 1, "hotel_value": ["4.7"], "hotel_price": ["1166"]}, "427376": {"hotel_name": "\u683c\u6797\u8054\u76df(\u5317\u4eac\u897f\u7ad9\u5317\u5e7f\u573a\u745e\u6d77\u5927\u53a6\u5e97)", "order_time": ["2019-01-20 06:30:57"], "total_order": 1, "hotel_value": ["4.2"], "hotel_price": ["269"]}, "1018663": {"hotel_name": "\u5317\u4eac\u74e6\u5f53\u56fd\u9645\u9752\u5e74\u65c5\u820d", "order_time": ["2019-01-20 06:31:01"], "total_order": 1, "hotel_value": ["4.0"], "hotel_price": ["62"]}, "967056": {"hotel_name": "\u901f8\u9152\u5e97(\u5317\u4eac\u516c\u76ca\u897f\u6865\u5e97)", "order_time": ["2019-01-20 06:31:03"], "total_order": 1, "hotel_value": ["4.0"], "hotel_price": ["146"]}, "15974464": {"hotel_name": "\u5317\u4eac\u4e91\u6c34\u95f4\u5ba2\u6808", "order_time": ["2019-01-20 06:31:28"], "total_order": 1, "hotel_value": ["1.8"], "hotel_price": ["71"]}}}