{"\u5f00\u59cb\u8bb0\u5f55\u65f6\u95f4": "2019-01-07 02:50:04", "\u7ed3\u675f\u8bb0\u5f55\u65f6\u95f4": "2019-01-07 03:50:04", "\u8ba2\u5355\u603b\u589e\u91cf": 128, "item": {"391750": {"hotel_name": "\u5317\u4eac\u56db\u5b63\u9152\u5e97", "order_time": ["2019-01-07 02:52:20"], "total_order": 1, "hotel_value": ["4.8"], "hotel_price": ["2229"]}, "607153": {"hotel_name": "\u5317\u4eac\u4e94\u73af\u5927\u9152\u5e97", "order_time": ["2019-01-07 02:52:20"], "total_order": 1, "hotel_value": ["4.0"], "hotel_price": ["339"]}, "1737540": {"hotel_name": "7\u5929\u8fde\u9501\u9152\u5e97(\u5317\u4eac\u897f\u5ba2\u7ad9\u5e97)", "order_time": ["2019-01-07 02:52:20"], "total_order": 1, "hotel_value": ["4.4"], "hotel_price": ["165"]}, "385114": {"hotel_name": "\u5317\u4eac\u5343\u79a7\u5927\u9152\u5e97", "order_time": ["2019-01-07 02:52:20"], "total_order": 1, "hotel_value": ["4.7"], "hotel_price": ["836"]}, "1737555": {"hotel_name": "7\u5929\u8fde\u9501\u9152\u5e97(\u5317\u4eac798\u827a\u672f\u533a\u5e97)", "order_time": ["2019-01-07 02:52:21"], "total_order": 1, "hotel_value": ["4.3"], "hotel_price": ["323"]}, "10172791": {"hotel_name": "\u6c49\u5ead\u9152\u5e97(\u5317\u4eac\u82b1\u4e61\u5929\u575b\u533b\u9662\u65b0\u5e97)(\u539f\u82b1\u4e61\u6865\u4e1c\u5e97)", "order_time": ["2019-01-07 02:54:17"], "total_order": 1, "hotel_value": ["4.4"], "hotel_price": ["215"]}, "429527": {"hotel_name": "\u5317\u4eac\u5d07\u6587\u95e8\u996d\u5e97", "order_time": ["2019-01-07 02:54:17"], "total_order": 1, "hotel_value": ["4.7"], "hotel_price": ["439"]}, "451176": {"hotel_name": "\u5317\u4eac\u4e16\u7eaa\u661f\u8c6a\u9152\u5e97", "order_time": ["2019-01-07 02:54:18"], "total_order": 1, "hotel_value": ["4.2"], "hotel_price": ["336"]}, "2300849": {"hotel_name": "7\u5929\u4f18\u54c1\u9152\u5e97(\u5317\u4eac\u671b\u4eac\u5e97)", "order_time": ["2019-01-07 02:54:18"], "total_order": 1, "hotel_value": ["4.4"], "hotel_price": ["303"]}, "2137115": {"hotel_name": "\u5317\u4eac\u884c\u8005\u5c45\u9152\u5e97", "order_time": ["2019-01-07 02:56:17"], "total_order": 1, "hotel_value": ["4.6"], "hotel_price": ["376"]}, "7332741": {"hotel_name": "\u6591\u6593\u00b7\u5bb6\u516c\u5bd3(\u5317\u4eac\u4e09\u91cc\u5c6f\u4f7f\u9986\u533a\u5e97)", "order_time": ["2019-01-07 02:56:17"], "total_order": 1, "hotel_value": ["4.8"], "hotel_price": ["459"]}, "11423534": {"hotel_name": "\u65b0\u6613\u9014\u5feb\u6377\u516c\u5bd3(\u5317\u4eac\u9996\u90fd\u673a\u573a\u5e97)", "order_time": ["2019-01-07 02:56:18"], "total_order": 1, "hotel_value": ["4.7"], "hotel_price": ["216"]}, "3689252": {"hotel_name": "\u5f71\u5bbf\u7535\u5f71\u4e3b\u9898\u9152\u5e97(\u5317\u4eac\u901a\u5dde\u4e07\u8fbe\u5e7f\u573a\u5e97)", "order_time": ["2019-01-07 03:28:18", "2019-01-07 02:56:18"], "total_order": 2, "hotel_value": ["4.6", "4.6"], "hotel_price": ["240", "240"]}, "1613870": {"hotel_name": "\u661f\u7a0b\u9152\u5e97(\u5317\u4eac\u987a\u4e49\u4e2d\u5fc3\u5730\u94c1\u7ad9\u5e97)(\u539f\u987a\u4e49\u533a\u653f\u5e9c\u5e97)", "order_time": ["2019-01-07 02:56:19"], "total_order": 1, "hotel_value": ["4.5"], "hotel_price": ["274"]}, "764468": {"hotel_name": "\u5317\u4eac\u4f18\u5c71\u7f8e\u5730\u5546\u52a1\u9152\u5e97", "order_time": ["2019-01-07 02:56:19"], "total_order": 1, "hotel_value": ["4.2"], "hotel_price": ["446"]}, "1471014": {"hotel_name": "\u901f8\u9152\u5e97(\u5317\u4eac\u6f58\u5bb6\u56ed\u8def\u5e97)", "order_time": ["2019-01-07 02:56:19"], "total_order": 1, "hotel_value": ["4.3"], "hotel_price": ["180"]}, "1194845": {"hotel_name": "\u9e3f\u709c\u4ebf\u5bb6\u8fde\u9501\u9152\u5e97(\u5317\u4eac\u725b\u8857\u5e97)", "order_time": ["2019-01-07 02:56:19"], "total_order": 1, "hotel_value": ["4.1"], "hotel_price": ["168"]}, "1405359": {"hotel_name": "7\u5929\u8fde\u9501\u9152\u5e97(\u5317\u4eac\u82f9\u679c\u56ed\u5730\u94c1\u7ad9\u91d1\u9876\u5317\u8857\u5e97)", "order_time": ["2019-01-07 02:56:20"], "total_order": 1, "hotel_value": ["4.4"], "hotel_price": ["162"]}, "1102188": {"hotel_name": "\u901f8\u9152\u5e97(\u5317\u4eac\u56de\u9f99\u89c2\u897f\u5927\u8857\u5e97)", "order_time": ["2019-01-07 02:56:20"], "total_order": 1, "hotel_value": ["3.9"], "hotel_price": ["230"]}, "1501145": {"hotel_name": "\u5317\u4eac\u540d\u534e\u56db\u5b63\u56fd\u9645\u9152\u5e97", "order_time": ["2019-01-07 02:56:33"], "total_order": 1, "hotel_value": ["4.2"], "hotel_price": ["621"]}, "437440": {"hotel_name": "\u5317\u4eac\u4e7e\u5143\u9152\u5e97", "order_time": ["2019-01-07 02:58:16"], "total_order": 1, "hotel_value": ["4.7"], "hotel_price": ["699"]}, "429484": {"hotel_name": "\u5317\u4eac\u4e1c\u714c\u51ef\u4e3d\u9152\u5e97", "order_time": ["2019-01-07 02:58:16"], "total_order": 1, "hotel_value": ["4.3"], "hotel_price": ["719"]}, "14010040": {"hotel_name": "\u5317\u4eacA+\u9e92\u5bd3\u9152\u5e97", "order_time": ["2019-01-07 02:58:17"], "total_order": 1, "hotel_value": ["4.5"], "hotel_price": ["148"]}, "1703370": {"hotel_name": "\u901f8\u9152\u5e97(\u5317\u4eac\u9676\u7136\u4ead\u5730\u94c1\u7ad9\u5e97)", "order_time": ["2019-01-07 02:58:18"], "total_order": 1, "hotel_value": ["4.3"], "hotel_price": ["169"]}, "763228": {"hotel_name": "\u5317\u4eac\u5927\u90ca\u4ead\u56fd\u9645\u5546\u52a1\u9152\u5e97", "order_time": ["2019-01-07 02:58:19"], "total_order": 1, "hotel_value": ["4.0"], "hotel_price": ["409"]}, "512860": {"hotel_name": "\u5317\u4eac\u897f\u90ca\u5bbe\u9986", "order_time": ["2019-01-07 02:58:19"], "total_order": 1, "hotel_value": ["4.5"], "hotel_price": ["499"]}, "347310": {"hotel_name": "\u5317\u4eac\u957f\u57ce\u996d\u5e97(\u539f\u559c\u6765\u767b\u957f\u57ce\u996d\u5e97)", "order_time": ["2019-01-07 03:00:17"], "total_order": 1, "hotel_value": ["4.4"], "hotel_price": ["641"]}, "1647214": {"hotel_name": "\u5317\u4eac\u56fd\u9645\u6e29\u6cc9\u9152\u5e97", "order_time": ["2019-01-07 03:00:19"], "total_order": 1, "hotel_value": ["4.3"], "hotel_price": ["491"]}, "835342": {"hotel_name": "\u9526\u6c5f\u4e4b\u661f(\u5317\u4eac\u82f9\u679c\u56ed\u5e97)", "order_time": ["2019-01-07 03:00:19"], "total_order": 1, "hotel_value": ["4.5"], "hotel_price": ["216"]}, "374780": {"hotel_name": "\u897f\u897f\u91cc\u9152\u5e97(\u5317\u4eac\u5929\u575b\u4e1c\u95e8\u5e97)", "order_time": ["2019-01-07 03:00:20"], "total_order": 1, "hotel_value": ["4.3"], "hotel_price": ["157"]}, "450847": {"hotel_name": "\u7ef4\u6d1b\u7eb3\u4e3b\u9898\u9152\u5e97(\u5317\u4eac\u6b22\u4e50\u8c37\u5e97)", "order_time": ["2019-01-07 03:00:20"], "total_order": 1, "hotel_value": ["4.0"], "hotel_price": ["227"]}, "2239929": {"hotel_name": "\u65f6\u5149\u6f2b\u6b65\u6000\u65e7\u4e3b\u9898\u9152\u5e97(\u5317\u4eac\u5730\u575b\u56fd\u5c55\u4e2d\u5fc3\u5e97)", "order_time": ["2019-01-07 03:02:22"], "total_order": 1, "hotel_value": ["4.8"], "hotel_price": ["416"]}, "1732956": {"hotel_name": "\u548c\u9890\u9152\u5e97(\u5317\u4eac\u4e1c\u76f4\u95e8\u7c0b\u8857\u5e97)", "order_time": ["2019-01-07 03:02:22"], "total_order": 1, "hotel_value": ["4.5"], "hotel_price": ["398"]}, "8495326": {"hotel_name": "7\u5929\u4f18\u54c1\u9152\u5e97(\u5317\u4eac\u4e1c\u575d\u5e97)", "order_time": ["2019-01-07 03:02:24"], "total_order": 1, "hotel_value": ["4.6"], "hotel_price": ["192"]}, "5246881": {"hotel_name": "\u5317\u4eac\u718a\u732b\u9752\u5e74\u65c5\u820d(\u539f\u4f60\u597d\u56fd\u9645\u9752\u5e74\u65c5\u820d)", "order_time": ["2019-01-07 03:02:24"], "total_order": 1, "hotel_value": ["4.4"], "hotel_price": ["56"]}, "8523945": {"hotel_name": "\u57ce\u5bb6\u7cbe\u9009\u516c\u5bd3(\u5317\u4eac\u4e09\u91cc\u5c6f\u5e97)", "order_time": ["2019-01-07 03:04:16"], "total_order": 1, "hotel_value": ["4.6"], "hotel_price": ["341"]}, "8898272": {"hotel_name": "\u5982\u5bb6\u7cbe\u9009\u9152\u5e97(\u5317\u4eac\u828d\u836f\u5c45\u6587\u5b66\u9986\u8def\u5730\u94c1\u7ad9\u5e97)", "order_time": ["2019-01-07 03:04:16"], "total_order": 1, "hotel_value": ["4.8"], "hotel_price": ["393"]}, "424783": {"hotel_name": "\u5c55\u822a\u5546\u52a1\u9152\u5e97(\u5317\u4eac\u9996\u90fd\u673a\u573a\u65b0\u56fd\u5c55\u5e97)", "order_time": ["2019-01-07 03:04:16"], "total_order": 1, "hotel_value": ["4.2"], "hotel_price": ["128"]}, "374781": {"hotel_name": "\u5317\u4eac\u9996\u90fd\u5bbe\u9986", "order_time": ["2019-01-07 03:04:17"], "total_order": 1, "hotel_value": ["4.6"], "hotel_price": ["639"]}, "6869620": {"hotel_name": "\u54c1\u60a6\u7cbe\u54c1\u516c\u5bd3(\u5317\u4eac\u9996\u90fd\u673a\u573aT3\u822a\u7ad9\u697c\u5e97)", "order_time": ["2019-01-07 03:04:17", "2019-01-07 03:22:17"], "total_order": 2, "hotel_value": ["4.8", "4.8"], "hotel_price": ["139", "139"]}, "812108": {"hotel_name": "\u5317\u4eac\u4f73\u9f99\u9633\u5149\u9152\u5e97\u5927\u5174\u5e97", "order_time": ["2019-01-07 03:08:22", "2019-01-07 03:04:17"], "total_order": 2, "hotel_value": ["4.5", "4.5"], "hotel_price": ["150", "150"]}, "375079": {"hotel_name": "\u5317\u4eac\u4e34\u7a7a\u7687\u51a0\u5047\u65e5\u9152\u5e97", "order_time": ["2019-01-07 03:04:32"], "total_order": 1, "hotel_value": ["4.4"], "hotel_price": ["721"]}, "457112": {"hotel_name": "\u5317\u4eac\u884c\u5bab\u56fd\u9645\u9152\u5e97", "order_time": ["2019-01-07 03:06:17"], "total_order": 1, "hotel_value": ["4.4"], "hotel_price": ["689"]}, "454628": {"hotel_name": "\u5510\u5e9c\u4e2d\u5f0f\u6587\u5316\u9152\u5e97(\u5317\u4eac\u5357\u9523\u9f13\u5df7\u5e97)", "order_time": ["2019-01-07 03:06:18"], "total_order": 1, "hotel_value": ["4.2"], "hotel_price": ["259"]}, "5754064": {"hotel_name": "\u5317\u4eac\u4e09\u5143\u6865\u4e9a\u6735\u9152\u5e97", "order_time": ["2019-01-07 03:06:18"], "total_order": 1, "hotel_value": ["4.8"], "hotel_price": ["827"]}, "1255191": {"hotel_name": "\u5317\u4eac\u677e\u8d8a\u5927\u9152\u5e97", "order_time": ["2019-01-07 03:06:19"], "total_order": 1, "hotel_value": ["3.8"], "hotel_price": ["296"]}, "1563537": {"hotel_name": "\u5317\u4eac\u5373\u5bb6\u827a\u672f\u9152\u5e97", "order_time": ["2019-01-07 03:06:19"], "total_order": 1, "hotel_value": ["4.4"], "hotel_price": ["378"]}, "1459868": {"hotel_name": "\u5c1a\u5ba2\u4f18\u5feb\u6377\u9152\u5e97(\u5317\u4eac\u6f58\u5bb6\u56ed\u5e97)", "order_time": ["2019-01-07 03:06:19"], "total_order": 1, "hotel_value": ["4.3"], "hotel_price": ["246"]}, "1521071": {"hotel_name": "\u5982\u5bb6\u5feb\u6377\u9152\u5e97(\u5317\u4eac\u5357\u7ad9\u6728\u6a28\u56ed\u5e97)(\u539f\u6728\u6a28\u56ed\u5e97)", "order_time": ["2019-01-07 03:06:19"], "total_order": 1, "hotel_value": ["4.3"], "hotel_price": ["161"]}, "2298370": {"hotel_name": "\u9e97\u67ab\u9152\u5e97(\u5317\u4eac\u5e73\u8c37\u5317\u73af\u5e97)(\u539f\u4e1c\u6653\u65b0\u8d8a\u9152\u5e97)", "order_time": ["2019-01-07 03:06:19"], "total_order": 1, "hotel_value": ["4.8"], "hotel_price": ["235"]}, "925075": {"hotel_name": "\u5317\u4eac\u6b63\u9633\u60a6\u5609\u9152\u5e97", "order_time": ["2019-01-07 03:06:19"], "total_order": 1, "hotel_value": ["3.9"], "hotel_price": ["207"]}, "535068": {"hotel_name": "\u5317\u4eac\u8513\u5170\u9152\u5e97", "order_time": ["2019-01-07 03:06:20"], "total_order": 1, "hotel_value": ["4.7"], "hotel_price": ["879"]}, "1979341": {"hotel_name": "99\u4f18\u9009\u9152\u5e97(\u5317\u4eac\u89d2\u95e8\u4e1c\u5730\u94c1\u7ad9\u5e97)(\u539f\u89d2\u95e8\u5feb\u6377\u9152\u5e97)", "order_time": ["2019-01-07 03:08:21"], "total_order": 1, "hotel_value": ["4.4"], "hotel_price": ["141"]}, "2313582": {"hotel_name": "\u5982\u5bb6\u5feb\u6377\u9152\u5e97(\u5317\u4eac\u65b9\u5e84\u4e1c\u94c1\u8425\u6865\u5e97)", "order_time": ["2019-01-07 03:08:22"], "total_order": 1, "hotel_value": ["4.5"], "hotel_price": ["163"]}, "2299691": {"hotel_name": "\u80dc\u9ad8\u8fde\u9501\u9152\u5e97(\u5317\u4eac\u8349\u6865\u5e97)", "order_time": ["2019-01-07 03:08:22"], "total_order": 1, "hotel_value": ["4.3"], "hotel_price": ["102"]}, "4688240": {"hotel_name": "\u901f8\u9152\u5e97(\u5317\u4eac\u5357\u7ad9\u5f00\u9633\u6865\u5e97)", "order_time": ["2019-01-07 03:08:22"], "total_order": 1, "hotel_value": ["3.6"], "hotel_price": ["169"]}, "3067875": {"hotel_name": "\u5317\u4eac\u6e05\u534e\u7d2b\u5149\u56fd\u9645\u4ea4\u6d41\u4e2d\u5fc3", "order_time": ["2019-01-07 03:10:18"], "total_order": 1, "hotel_value": ["4.5"], "hotel_price": ["887"]}, "4548531": {"hotel_name": "\u5317\u4eac\u767e\u5ddd\u5bbe\u9986", "order_time": ["2019-01-07 03:10:35"], "total_order": 1, "hotel_value": ["4.2"], "hotel_price": ["136"]}, "13801907": {"hotel_name": "\u5317\u4eac\u4f70\u79be\u7cbe\u54c1\u5546\u52a1\u9152\u5e97", "order_time": ["2019-01-07 03:12:20"], "total_order": 1, "hotel_value": ["4.3"], "hotel_price": ["246"]}, "19535460": {"hotel_name": "\u5317\u4eac\u672a\u540d\u541b\u5408\u9152\u5e97(\u539f\u541b\u548c\u6cf0\u9152\u5e97)", "order_time": ["2019-01-07 03:12:20"], "total_order": 1, "hotel_value": ["4.7"], "hotel_price": ["477"]}, "347312": {"hotel_name": "\u5317\u4eac\u71d5\u838e\u4e2d\u5fc3\u51ef\u5bbe\u65af\u57fa\u996d\u5e97", "order_time": ["2019-01-07 03:12:21"], "total_order": 1, "hotel_value": ["4.5"], "hotel_price": ["1120"]}, "18058740": {"hotel_name": "\u5317\u4eac\u8fc8\u514b\u9152\u5e97\u5f0f\u516c\u5bd3", "order_time": ["2019-01-07 03:12:23"], "total_order": 1, "hotel_value": ["4.4"], "hotel_price": ["199"]}, "1415433": {"hotel_name": "\u91d1\u9f99\u90fd\u5546\u52a1\u9152\u5e97(\u5317\u4eac\u7ba1\u5e84\u6768\u95f8\u73af\u5c9b\u5e97)", "order_time": ["2019-01-07 03:14:18"], "total_order": 1, "hotel_value": ["3.7"], "hotel_price": ["146"]}, "8667422": {"hotel_name": "\u5317\u4eac\u827a\u672f\u4e4b\u5bb6\u9152\u5e97", "order_time": ["2019-01-07 03:14:18"], "total_order": 1, "hotel_value": ["4.3"], "hotel_price": ["236"]}, "1641478": {"hotel_name": "\u5e03\u4e01\u9152\u5e97(\u5317\u4eac\u56fd\u5c55\u67f3\u82b3\u5730\u94c1\u7ad9\u5e97)(\u539f\u661f\u9a70\u5bbe\u9986)", "order_time": ["2019-01-07 03:14:19"], "total_order": 1, "hotel_value": ["3.9"], "hotel_price": ["188"]}, "6774633": {"hotel_name": "\u5317\u4eac\u8bd1\u592b\u5bbe\u9986", "order_time": ["2019-01-07 03:14:19"], "total_order": 1, "hotel_value": ["4.2"], "hotel_price": ["160"]}, "8839867": {"hotel_name": "99\u4f18\u9009\u9152\u5e97(\u5317\u4eac\u9996\u90fd\u673a\u573a\u65b0\u56fd\u5c55\u5730\u94c1\u7ad9\u5e97)", "order_time": ["2019-01-07 03:14:20"], "total_order": 1, "hotel_value": ["3.3"], "hotel_price": ["93"]}, "1777632": {"hotel_name": "\u548c\u5bb6\u5bbe\u9986\u5317\u4eac\u56db\u5b63\u9752\u5e97", "order_time": ["2019-01-07 03:14:20"], "total_order": 1, "hotel_value": ["4.6"], "hotel_price": ["263"]}, "457695": {"hotel_name": "\u98d8HOME\u8fde\u9501\u9152\u5e97(\u5317\u4eac\u5efa\u56fd\u95e8\u5e97)", "order_time": ["2019-01-07 03:16:16"], "total_order": 1, "hotel_value": ["4.3"], "hotel_price": ["166"]}, "2240826": {"hotel_name": "\u901f8\u9152\u5e97(\u5317\u4eac\u6e05\u6cb3\u534e\u6da6\u4e94\u5f69\u57ce\u5e97)", "order_time": ["2019-01-07 03:16:17"], "total_order": 1, "hotel_value": ["3.6"], "hotel_price": ["214"]}, "822160": {"hotel_name": "\u901f8\u9152\u5e97(\u5317\u4eac\u6e05\u6cb3\u5c0f\u8425\u6865\u5317\u5e97)", "order_time": ["2019-01-07 03:16:18"], "total_order": 1, "hotel_value": ["4.3"], "hotel_price": ["217"]}, "1379329": {"hotel_name": "\u79cb\u679c\u9152\u5e97(\u5317\u4eac\u65b0\u56fd\u5c55\u9996\u90fd\u673a\u573a\u5e97)", "order_time": ["2019-01-07 03:16:18"], "total_order": 1, "hotel_value": ["4.8"], "hotel_price": ["565"]}, "707943": {"hotel_name": "\u5317\u4eac\u6c38\u5174\u82b1\u56ed\u996d\u5e97", "order_time": ["2019-01-07 03:18:18"], "total_order": 1, "hotel_value": ["4.5"], "hotel_price": ["628"]}, "427372": {"hotel_name": "\u5317\u4eac\u798f\u5730\u51f0\u57ce\u9152\u5e97", "order_time": ["2019-01-07 03:18:21"], "total_order": 1, "hotel_value": ["4.3"], "hotel_price": ["446"]}, "1009451": {"hotel_name": "\u5317\u4eac\u91d1\u6cf0\u4e4b\u5bb6\u901a\u534e\u82d1\u996d\u5e97", "order_time": ["2019-01-07 03:18:21"], "total_order": 1, "hotel_value": ["4.3"], "hotel_price": ["350"]}, "455419": {"hotel_name": "\u5317\u4eac\u9526\u7a0b\u73af\u7403\u9752\u5e74\u65c5\u793e(\u539f\u7a7a\u6e2f\u9526\u7a0b\u5bbe\u9986)", "order_time": ["2019-01-07 03:18:23"], "total_order": 1, "hotel_value": ["3.8"], "hotel_price": ["66"]}, "8074124": {"hotel_name": "\u901f8\u9152\u5e97\u5317\u4eac\u5357\u7ad9\u957f\u9014\u6c7d\u8f66\u7ad9\u5e97", "order_time": ["2019-01-07 03:18:27"], "total_order": 1, "hotel_value": ["4.0"], "hotel_price": ["209"]}, "1185267": {"hotel_name": "\u6c49\u5ead\u9152\u5e97(\u5317\u4eac\u4e2d\u5173\u6751\u5b66\u9662\u6865\u5e97)", "order_time": ["2019-01-07 03:20:17"], "total_order": 1, "hotel_value": ["4.5"], "hotel_price": ["428"]}, "1933168": {"hotel_name": "\u6613\u4f70\u8fde\u9501\u65c5\u5e97(\u5317\u4eac\u65b9\u5e84\u6865\u5e97)", "order_time": ["2019-01-07 03:20:19"], "total_order": 1, "hotel_value": ["4.0"], "hotel_price": ["110"]}, "25470354": {"hotel_name": "\u5317\u4eac\u65c5\u9014\u6c11\u5bbf", "order_time": ["2019-01-07 03:20:33"], "total_order": 1, "hotel_value": [0], "hotel_price": ["125"]}, "2306314": {"hotel_name": "\u6c47\u901a\u4e5d\u65b9\u8fde\u9501\u5bbe\u9986(\u5317\u4eac\u9e1f\u5de2\u5e97)", "order_time": ["2019-01-07 03:20:33"], "total_order": 1, "hotel_value": ["4.0"], "hotel_price": ["168"]}, "374787": {"hotel_name": "\u5317\u4eac\u65b0\u4fa8\u8bfa\u5bcc\u7279\u996d\u5e97", "order_time": ["2019-01-07 03:20:34"], "total_order": 1, "hotel_value": ["4.5"], "hotel_price": ["708"]}, "661096": {"hotel_name": "\u5317\u4eac\u51ef\u8fea\u514b\u683c\u5170\u4e91\u5929\u5927\u9152\u5e97", "order_time": ["2019-01-07 03:22:16"], "total_order": 1, "hotel_value": ["4.6"], "hotel_price": ["769"]}, "748929": {"hotel_name": "\u745e\u5146\u9152\u5e97(\u5317\u4eac\u56fd\u8d38\u5e97)", "order_time": ["2019-01-07 03:22:17"], "total_order": 1, "hotel_value": ["4.4"], "hotel_price": ["323"]}, "711360": {"hotel_name": "\u5317\u4eac\u4e2d\u5eb7\u56fd\u9645\u9152\u5e97", "order_time": ["2019-01-07 03:22:17"], "total_order": 1, "hotel_value": ["4.1"], "hotel_price": ["598"]}, "1736517": {"hotel_name": "\u767e\u6377\u5feb\u6377\u9152\u5e97(\u5317\u4eac\u5929\u575b\u5e97)", "order_time": ["2019-01-07 03:22:18"], "total_order": 1, "hotel_value": ["4.3"], "hotel_price": ["115"]}, "827999": {"hotel_name": "\u5317\u4eac\u738b\u5e9c\u4e95\u5b89\u6210\u5bbe\u9986", "order_time": ["2019-01-07 03:26:20"], "total_order": 1, "hotel_value": ["4.0"], "hotel_price": ["108"]}, "1343816": {"hotel_name": "\u76d2\u5b50\u7a7a\u95f4\u9986(\u5317\u4eac\u6797\u4e1a\u5927\u5b66\u5e97)(\u539f\u65b0\u77e5\u6797\u5bbe\u9986)", "order_time": ["2019-01-07 03:26:20"], "total_order": 1, "hotel_value": ["3.1"], "hotel_price": ["234"]}, "481723": {"hotel_name": "\u5317\u4eac\u5982\u610f\u5546\u52a1\u9152\u5e97", "order_time": ["2019-01-07 03:28:17"], "total_order": 1, "hotel_value": ["4.6"], "hotel_price": ["446"]}, "375265": {"hotel_name": "\u5317\u4eac\u4eac\u90fd\u4fe1\u82d1\u996d\u5e97", "order_time": ["2019-01-07 03:28:33"], "total_order": 1, "hotel_value": ["4.8"], "hotel_price": ["629"]}, "451101": {"hotel_name": "\u5317\u4eac\u6cf0\u5c71\u996d\u5e97", "order_time": ["2019-01-07 03:30:16"], "total_order": 1, "hotel_value": ["4.6"], "hotel_price": ["600"]}, "455280": {"hotel_name": "\u5317\u4eac\u590d\u5730\u56fd\u9645\u516c\u5bd3\u9152\u5e97", "order_time": ["2019-01-07 03:30:17"], "total_order": 1, "hotel_value": ["4.2"], "hotel_price": ["358"]}, "457190": {"hotel_name": "\u4e09\u548c\u6982\u5ff5\u9152\u5e97(\u5317\u4eac\u6e05\u534e\u5927\u5b66\u5e97)", "order_time": ["2019-01-07 03:30:18"], "total_order": 1, "hotel_value": ["4.4"], "hotel_price": ["245"]}, "2313439": {"hotel_name": "\u6c49\u5ead\u9152\u5e97(\u5317\u4eac\u9ad8\u5854\u8def\u5e97)", "order_time": ["2019-01-07 03:30:19"], "total_order": 1, "hotel_value": ["4.4"], "hotel_price": ["128"]}, "2298378": {"hotel_name": "\u8d2f\u901a\u73b0\u4ee3\u9152\u5e97(\u5317\u4eac\u524d\u95e8\u5e97)", "order_time": ["2019-01-07 03:32:17"], "total_order": 1, "hotel_value": ["4.6"], "hotel_price": ["195"]}, "425031": {"hotel_name": "\u5317\u4eac\u4e3d\u4ead\u9152\u5e97", "order_time": ["2019-01-07 03:32:18"], "total_order": 1, "hotel_value": ["4.7"], "hotel_price": ["1250"]}, "432964": {"hotel_name": "\u5317\u4eac\u660e\u8c6a\u6234\u65af\u9152\u5e97", "order_time": ["2019-01-07 03:32:19"], "total_order": 1, "hotel_value": ["4.7"], "hotel_price": ["589"]}, "1249518": {"hotel_name": "\u5317\u4eac\u91d1\u67ab\u9152\u5e97", "order_time": ["2019-01-07 03:34:18"], "total_order": 1, "hotel_value": ["4.2"], "hotel_price": ["388"]}, "6173071": {"hotel_name": "\u5317\u4eac\u7c73\u9ad8\u9152\u5e97\u56de\u9f99\u89c2\u80b2\u77e5\u8def\u5730\u94c1\u7ad9\u5e97", "order_time": ["2019-01-07 03:34:19"], "total_order": 1, "hotel_value": ["3.9"], "hotel_price": ["197"]}, "9371514": {"hotel_name": "\u5317\u4eac\u4e1c\u76f4\u95e8\u96c5\u8fb0\u60a6\u5c45\u9152\u5e97", "order_time": ["2019-01-07 03:36:19"], "total_order": 1, "hotel_value": ["4.6"], "hotel_price": ["786"]}, "1415448": {"hotel_name": "\u5982\u5bb6\u5feb\u6377\u9152\u5e97(\u5317\u4eac\u5317\u6e05\u8def\u6c38\u4e30\u5730\u94c1\u7ad9\u5e97)", "order_time": ["2019-01-07 03:36:21"], "total_order": 1, "hotel_value": ["4.8"], "hotel_price": ["441"]}, "821645": {"hotel_name": "\u5317\u4eac\u9038\u541b\u6e90\u5bbe\u9986", "order_time": ["2019-01-07 03:36:21"], "total_order": 1, "hotel_value": ["3.9"], "hotel_price": ["125"]}, "457186": {"hotel_name": "\u5317\u4eac\u5317\u7eac\u56db\u5341\u5ea6\u5927\u9152\u5e97", "order_time": ["2019-01-07 03:38:17"], "total_order": 1, "hotel_value": ["4.4"], "hotel_price": ["478"]}, "2172251": {"hotel_name": "\u534e\u5229\u4f73\u5408\u5feb\u6377\u9152\u5e97(\u5317\u4eac\u897f\u76f4\u95e8\u5e97)", "order_time": ["2019-01-07 03:38:20"], "total_order": 1, "hotel_value": ["4.3"], "hotel_price": ["177"]}, "455103": {"hotel_name": "\u5317\u4eac\u68a6\u5de2\u5546\u52a1\u9152\u5e97", "order_time": ["2019-01-07 03:38:20"], "total_order": 1, "hotel_value": ["3.9"], "hotel_price": ["158"]}, "429548": {"hotel_name": "\u5317\u4eac\u9999\u683c\u91cc\u62c9\u996d\u5e97", "order_time": ["2019-01-07 03:38:31"], "total_order": 1, "hotel_value": ["4.6"], "hotel_price": ["1140"]}, "9215536": {"hotel_name": "\u5317\u4eac\u6cdb\u592a\u5e73\u6d0b\u9152\u5e97", "order_time": ["2019-01-07 03:40:17"], "total_order": 1, "hotel_value": ["4.7"], "hotel_price": ["1385"]}, "9558031": {"hotel_name": "\u56e2\u7ed3\u4e09\u91cc\u81ea\u5982\u9a7f", "order_time": ["2019-01-07 03:40:18"], "total_order": 1, "hotel_value": ["4.7"], "hotel_price": ["143"]}, "6834779": {"hotel_name": "\u5982\u5bb6\u5feb\u6377\u9152\u5e97(\u5317\u4eac\u897f\u76f4\u95e8\u5730\u94c1\u7ad9\u5e97)", "order_time": ["2019-01-07 03:40:18"], "total_order": 1, "hotel_value": ["4.7"], "hotel_price": ["275"]}, "1522545": {"hotel_name": "\u5bb6\u7f8e\u4e16\u754c\u57ce\u9152\u5e97\u516c\u5bd3(\u5317\u4eac\u4e16\u8d38\u5929\u9636\u5e97)", "order_time": ["2019-01-07 03:40:18"], "total_order": 1, "hotel_value": ["4.5"], "hotel_price": ["501"]}, "5296361": {"hotel_name": "\u901f8\u9152\u5e97(\u5317\u4eac\u5317\u6d77\u516c\u56ed\u5357\u95e8\u5e97)", "order_time": ["2019-01-07 03:40:18"], "total_order": 1, "hotel_value": ["4.3"], "hotel_price": ["361"]}, "1101612": {"hotel_name": "\u9526\u6c5f\u4e4b\u661f(\u5317\u4eac\u4ea6\u5e84\u6587\u5316\u56ed\u5e97)", "order_time": ["2019-01-07 03:40:18"], "total_order": 1, "hotel_value": ["4.5"], "hotel_price": ["236"]}, "2215730": {"hotel_name": "\u4e16\u5bb6\u8f7b\u5962\u9152\u5e97(\u5317\u4eac\u8d22\u6ee1\u8857\u5e97)", "order_time": ["2019-01-07 03:40:18"], "total_order": 1, "hotel_value": ["4.7"], "hotel_price": ["422"]}, "907367": {"hotel_name": "\u5317\u4eac\u559c\u9a6c\u62c9\u96c5\u5bbe\u9986", "order_time": ["2019-01-07 03:40:18"], "total_order": 1, "hotel_value": ["4.5"], "hotel_price": ["329"]}, "1222505": {"hotel_name": "\u534e\u5229\u4f73\u5408\u5feb\u6377\u9152\u5e97(\u5317\u4eac\u897f\u5355\u5e97)", "order_time": ["2019-01-07 03:40:18"], "total_order": 1, "hotel_value": ["4.4"], "hotel_price": ["262"]}, "2305817": {"hotel_name": "\u5317\u4eac\u534e\u82d1\u996d\u5e97", "order_time": ["2019-01-07 03:40:18"], "total_order": 1, "hotel_value": ["4.3"], "hotel_price": ["259"]}, "2218772": {"hotel_name": "\u83b1\u96c5\u5546\u52a1\u9152\u5e97(\u9e1f\u5de2\u56fd\u5bb6\u4f1a\u8bae\u4e2d\u5fc3\u5b89\u7acb\u8def\u5730\u94c1\u7ad9\u5e97)", "order_time": ["2019-01-07 03:40:18"], "total_order": 1, "hotel_value": ["4.0"], "hotel_price": ["253"]}, "8019672": {"hotel_name": "\u5317\u4eac\u91d1\u5cb3\u53f0\u7cbe\u54c1\u6e29\u6cc9\u9152\u5e97", "order_time": ["2019-01-07 03:42:16"], "total_order": 1, "hotel_value": ["4.6"], "hotel_price": ["448"]}, "1466503": {"hotel_name": "\u5317\u4eac\u91d1\u6cf0\u7eff\u6d32\u5927\u9152\u5e97", "order_time": ["2019-01-07 03:44:16"], "total_order": 1, "hotel_value": ["4.5"], "hotel_price": ["279"]}, "431612": {"hotel_name": "\u5317\u4eac\u65b0\u5927\u5b97\u996d\u5e97", "order_time": ["2019-01-07 03:44:16"], "total_order": 1, "hotel_value": ["4.2"], "hotel_price": ["467"]}, "429203": {"hotel_name": "\u5317\u4eac\u52b1\u9a8f\u9152\u5e97", "order_time": ["2019-01-07 03:44:16"], "total_order": 1, "hotel_value": ["4.7"], "hotel_price": ["1178"]}, "9116792": {"hotel_name": "\u5317\u4eac\u534e\u9a7f\u9152\u5e97(\u65b0\u56fd\u5c55\u9996\u90fd\u673a\u573a\u5e97)", "order_time": ["2019-01-07 03:44:17"], "total_order": 1, "hotel_value": ["4.7"], "hotel_price": ["223"]}, "6810425": {"hotel_name": "\u6854\u5b50\u9152\u5e97\u00b7\u7cbe\u9009(\u5317\u4eac\u987a\u4e49\u77f3\u56ed\u5e97)", "order_time": ["2019-01-07 03:44:21"], "total_order": 1, "hotel_value": [0], "hotel_price": ["379"]}, "430270": {"hotel_name": "\u5317\u4eac\u4e2d\u5173\u6751\u7687\u51a0\u5047\u65e5\u9152\u5e97", "order_time": ["2019-01-07 03:48:18"], "total_order": 1, "hotel_value": ["4.6"], "hotel_price": ["1059"]}, "2215343": {"hotel_name": "\u5317\u4eac\u8bfa\u91d1\u9152\u5e97", "order_time": ["2019-01-07 03:48:31"], "total_order": 1, "hotel_value": ["4.8"], "hotel_price": ["1512"]}}}