{"\u5f00\u59cb\u8bb0\u5f55\u65f6\u95f4": "2019-01-11 02:06:39", "\u7ed3\u675f\u8bb0\u5f55\u65f6\u95f4": "2019-01-11 03:12:38", "\u8ba2\u5355\u603b\u589e\u91cf": 197, "item": {"6066000": {"hotel_name": "\u676d\u5dde\u67cf\u60a6\u9152\u5e97", "order_time": ["2019-01-11 02:09:26", "2019-01-11 02:31:56", "2019-01-11 02:36:29"], "total_order": 3, "hotel_value": ["4.8", "4.8", "4.8"], "hotel_price": ["1543", "1543", "1543"]}, "1069428": {"hotel_name": "\u946b\u6982\u5ff5\u9152\u5e97(\u676d\u5dde\u6b66\u6797\u5e7f\u573a\u5e97)", "order_time": ["2019-01-11 02:09:27"], "total_order": 1, "hotel_value": ["4.3"], "hotel_price": ["198"]}, "6447471": {"hotel_name": "\u661f\u57ce\u592a\u7a7a\u8231\u7cbe\u54c1\u9752\u5e74\u65c5\u820d(\u676d\u5dde\u897f\u6e56\u9f99\u7fd4\u6865\u5730\u94c1\u7ad9\u5e97)", "order_time": ["2019-01-11 02:09:27"], "total_order": 1, "hotel_value": ["4.5"], "hotel_price": ["62"]}, "2143051": {"hotel_name": "\u5fc6\u6cca\u57ce\u5e02\u00b7\u827a\u672f\u9152\u5e97(\u676d\u5dde\u897f\u6eaa\u6d59\u5927\u7d2b\u91d1\u6e2f\u5e97)", "order_time": ["2019-01-11 02:09:30"], "total_order": 1, "hotel_value": ["4.9"], "hotel_price": ["337"]}, "445197": {"hotel_name": "\u676d\u5dde\u8427\u5c71\u56fd\u9645\u673a\u573a\u8776\u6765\u5927\u9152\u5e97(\u539f\u6d59\u65c5\u5927\u9152\u5e97)", "order_time": ["2019-01-11 02:09:30", "2019-01-11 02:45:31"], "total_order": 2, "hotel_value": ["4.7", "4.7"], "hotel_price": ["613", "613"]}, "4396243": {"hotel_name": "\u6021\u83b1\u9152\u5e97(\u676d\u5dde\u94b1\u6c5f\u65b0\u57ce\u7cbe\u54c1\u5e97)(\u539f\u67cf\u5170\u5c0a\u54c1\u9152\u5e97)", "order_time": ["2019-01-11 02:09:33"], "total_order": 1, "hotel_value": ["4.4"], "hotel_price": ["275"]}, "28582184": {"hotel_name": "\u676d\u5dde\u9510\u4e3d\u9152\u5e97", "order_time": ["2019-01-11 02:09:34"], "total_order": 1, "hotel_value": [0], "hotel_price": ["227"]}, "430945": {"hotel_name": "\u676d\u5dde\u7b2c\u4e00\u4e16\u754c\u5927\u9152\u5e97", "order_time": ["2019-01-11 02:09:35"], "total_order": 1, "hotel_value": ["4.7"], "hotel_price": ["853"]}, "21928405": {"hotel_name": "\u514b\u62c9\u548c\u5b63\u9152\u5e97\u5f0f\u516c\u5bd3(\u676d\u5dde\u4e1c\u7ad9\u5e97)", "order_time": ["2019-01-11 02:09:42"], "total_order": 1, "hotel_value": ["4.6"], "hotel_price": ["186"]}, "2303849": {"hotel_name": "7\u5929\u8fde\u9501\u9152\u5e97(\u676d\u5dde\u9ad8\u6c99\u5730\u94c1\u7ad9\u5e97)", "order_time": ["2019-01-11 02:09:45"], "total_order": 1, "hotel_value": ["4.4"], "hotel_price": ["143"]}, "373220": {"hotel_name": "\u676d\u5dde\u5965\u514b\u4f0d\u5fb7\u56fd\u9645\u9152\u5e97\u516c\u5bd3", "order_time": ["2019-01-11 02:09:48"], "total_order": 1, "hotel_value": ["4.5"], "hotel_price": ["697"]}, "1425337": {"hotel_name": "\u5982\u5bb6\u5feb\u6377\u9152\u5e97(\u676d\u5dde\u8427\u5c71\u91d1\u57ce\u8def\u4eba\u6c11\u5e7f\u573a\u5730\u94c1\u7ad9\u5e97)", "order_time": ["2019-01-11 02:09:52"], "total_order": 1, "hotel_value": ["4.2"], "hotel_price": ["110"]}, "12432980": {"hotel_name": "\u676d\u5dde\u6c34\u535a\u56ed\u00b7\u9053\u8c37\u9152\u5e97", "order_time": ["2019-01-11 02:11:44"], "total_order": 1, "hotel_value": ["4.7"], "hotel_price": ["784"]}, "434391": {"hotel_name": "\u676d\u5dde\u7c73\u5170\u82b1\u56ed\u9152\u5e97", "order_time": ["2019-01-11 02:11:49"], "total_order": 1, "hotel_value": ["4.2"], "hotel_price": ["245"]}, "21826634": {"hotel_name": "\u5982\u5bb6\u9152\u5e97(\u676d\u5dde\u5e73\u6d77\u897f\u6e56\u9f99\u7fd4\u6865\u5e97)", "order_time": ["2019-01-11 02:11:52"], "total_order": 1, "hotel_value": ["4.2"], "hotel_price": ["166"]}, "965294": {"hotel_name": "\u5e7f\u666f\u9152\u5e97(\u676d\u5dde\u8427\u5c71\u56fd\u9645\u673a\u573a\u5e97)", "order_time": ["2019-01-11 02:11:52"], "total_order": 1, "hotel_value": ["4.2"], "hotel_price": ["149"]}, "6550036": {"hotel_name": "\u676d\u5ddeJD\u94c2\u8c6a\u9152\u5e97(\u8427\u5c71\u673a\u573a\u5e97)", "order_time": ["2019-01-11 02:11:57"], "total_order": 1, "hotel_value": ["4.4"], "hotel_price": ["185"]}, "9217184": {"hotel_name": "\u7d2b\u4e4b\u9152\u5e97(\u676d\u5dde\u5b8b\u57ce\u7f8e\u9662\u5e97)", "order_time": ["2019-01-11 02:11:59"], "total_order": 1, "hotel_value": ["4.4"], "hotel_price": ["153"]}, "441335": {"hotel_name": "Q\u52a0\u00b7\u6c49\u9ad8\u7cbe\u54c1\u9152\u5e97(\u676d\u5dde\u5efa\u56fd\u8def\u5e97)", "order_time": ["2019-01-11 02:12:00"], "total_order": 1, "hotel_value": ["4.6"], "hotel_price": ["258"]}, "8349823": {"hotel_name": "\u676d\u5dde\u94b1\u6c5f\u4e16\u7eaa\u57ce\u5c1a\u5ba2\u4e4b\u5bb6\u9152\u5e97\u5f0f\u516c\u5bd3", "order_time": ["2019-01-11 02:12:15"], "total_order": 1, "hotel_value": ["4.3"], "hotel_price": ["262"]}, "1355521": {"hotel_name": "\u6854\u5b50\u9152\u5e97(\u676d\u5dde\u83ab\u5e72\u5c71\u8def\u4fe1\u4e49\u574a\u5e97)", "order_time": ["2019-01-11 02:14:08"], "total_order": 1, "hotel_value": ["4.8"], "hotel_price": ["218"]}, "369772": {"hotel_name": "\u676d\u5dde\u6e29\u5fb7\u59c6\u81f3\u5c0a\u8c6a\u5ef7\u5927\u9152\u5e97", "order_time": ["2019-01-11 02:14:08"], "total_order": 1, "hotel_value": ["4.7"], "hotel_price": ["928"]}, "1336797": {"hotel_name": "\u9526\u6c5f\u4e4b\u661f(\u676d\u5dde\u8427\u5c71\u56fd\u9645\u673a\u573a\u5e97)", "order_time": ["2019-01-11 02:14:10"], "total_order": 1, "hotel_value": ["4.4"], "hotel_price": ["171"]}, "1220663": {"hotel_name": "\u676d\u5dde\u66fc\u9706\u7cbe\u54c1\u5546\u52a1\u9152\u5e97", "order_time": ["2019-01-11 02:14:12"], "total_order": 1, "hotel_value": ["4.7"], "hotel_price": ["205"]}, "6783464": {"hotel_name": "\u676d\u5dde\u4e03\u5f69\u57ce\u7cbe\u81f4\u9152\u5e97", "order_time": ["2019-01-11 02:14:12"], "total_order": 1, "hotel_value": ["4.2"], "hotel_price": ["197"]}, "900103": {"hotel_name": "\u676d\u5dde\u5982\u91ce\u6c11\u5bbf", "order_time": ["2019-01-11 02:14:14"], "total_order": 1, "hotel_value": ["4.8"], "hotel_price": ["447"]}, "18089247": {"hotel_name": "7\u5929\u4f18\u54c1\u9152\u5e97(\u676d\u5dde\u4e5d\u5821\u5ba2\u8fd0\u4e2d\u5fc3\u7269\u7f8e\u5e97)", "order_time": ["2019-01-11 02:14:17"], "total_order": 1, "hotel_value": ["4.6"], "hotel_price": ["154"]}, "2143371": {"hotel_name": "\u5982\u5bb6\u5feb\u6377\u9152\u5e97(\u676d\u5dde\u897f\u6e56\u666f\u533a\u864e\u8dd1\u8def\u96f7\u5cf0\u5854\u5e97)", "order_time": ["2019-01-11 02:14:20"], "total_order": 1, "hotel_value": ["4.6"], "hotel_price": ["101"]}, "1745412": {"hotel_name": "7\u5929\u8fde\u9501\u9152\u5e97(\u676d\u5dde\u4e0b\u6c99\u5e97)", "order_time": ["2019-01-11 02:14:21"], "total_order": 1, "hotel_value": ["4.5"], "hotel_price": ["157"]}, "5998516": {"hotel_name": "\u676d\u5dde\u6816\u5170\u5c0f\u5c4b\u7cbe\u54c1\u6c11\u5bbf", "order_time": ["2019-01-11 02:14:23"], "total_order": 1, "hotel_value": ["4.6"], "hotel_price": ["134"]}, "635274": {"hotel_name": "\u676d\u5dde\u7d2b\u91d1\u6e2f\u56fd\u9645\u996d\u5e97", "order_time": ["2019-01-11 02:16:33"], "total_order": 1, "hotel_value": ["4.5"], "hotel_price": ["399"]}, "1640619": {"hotel_name": "\u7d22\u7279\u6765\u6587\u827a\u9152\u5e97(\u676d\u5dde\u897f\u6e56\u89e3\u653e\u8def\u5e97)", "order_time": ["2019-01-11 02:16:33"], "total_order": 1, "hotel_value": ["4.8"], "hotel_price": ["206"]}, "10218355": {"hotel_name": "\u5fc6\u6cca.\u57ce\u5e02\u827a\u672f\u9152\u5e97(\u676d\u5dde\u6b66\u6797\u95e8\u5e97)", "order_time": ["2019-01-11 02:16:35", "2019-01-11 02:20:55"], "total_order": 2, "hotel_value": ["4.8", "4.8"], "hotel_price": ["606", "606"]}, "438261": {"hotel_name": "\u7ef4\u4e5f\u7eb3\u56fd\u9645\u9152\u5e97(\u676d\u5dde\u6b66\u6797\u5e7f\u573a\u5e97)", "order_time": ["2019-01-11 02:16:35"], "total_order": 1, "hotel_value": ["4.8"], "hotel_price": ["236"]}, "5377968": {"hotel_name": "\u5f00\u5143\u66fc\u5c45\u00b7\u676d\u5dde\u4e34\u5e73\u5730\u94c1\u7ad9\u5e97", "order_time": ["2019-01-11 02:18:46"], "total_order": 1, "hotel_value": ["4.8"], "hotel_price": ["276"]}, "435380": {"hotel_name": "\u5b9c\u5fc5\u601d\u9152\u5e97(\u676d\u5dde\u897f\u6e56\u5357\u5b8b\u5fa1\u8857\u5e97)", "order_time": ["2019-01-11 02:18:47"], "total_order": 1, "hotel_value": ["4.2"], "hotel_price": ["111"]}, "5464135": {"hotel_name": "\u5982\u5bb6\u5feb\u6377\u9152\u5e97(\u676d\u5dde\u706b\u8f66\u4e1c\u7ad9\u5230\u8fbe\u5927\u5385\u5e97)", "order_time": ["2019-01-11 02:18:53"], "total_order": 1, "hotel_value": ["4.3"], "hotel_price": ["171"]}, "2313472": {"hotel_name": "\u5168\u5b63\u9152\u5e97(\u676d\u5dde\u4e0b\u6c99\u7ecf\u6d4e\u5f00\u53d1\u533a\u5e97)", "order_time": ["2019-01-11 02:18:54"], "total_order": 1, "hotel_value": ["4.8"], "hotel_price": ["305"]}, "481212": {"hotel_name": "\u9526\u6c5f\u90fd\u57ce\u9152\u5e97(\u676d\u5dde\u897f\u6e56\u6587\u5316\u5e7f\u573a\u5e97)", "order_time": ["2019-01-11 02:18:54"], "total_order": 1, "hotel_value": ["4.7"], "hotel_price": ["269"]}, "15024790": {"hotel_name": "\u676d\u5dde\u73cf\u54c1\u8bbe\u8ba1\u5e08\u9152\u5e97", "order_time": ["2019-01-11 02:18:57"], "total_order": 1, "hotel_value": ["4.7"], "hotel_price": ["339"]}, "1326656": {"hotel_name": "\u676d\u5dde\u4e00\u4f4f\u4e00\u5bbf\u5feb\u6377\u9152\u5e97", "order_time": ["2019-01-11 02:45:37", "2019-01-11 02:19:10"], "total_order": 2, "hotel_value": ["3.7", "3.7"], "hotel_price": ["80", "80"]}, "425020": {"hotel_name": "\u676d\u5dde\u7eb3\u5fb7\u5927\u9152\u5e97", "order_time": ["2019-01-11 02:20:55"], "total_order": 1, "hotel_value": ["4.6"], "hotel_price": ["449"]}, "428510": {"hotel_name": "\u676d\u5dde\u9038\u9152\u5e97", "order_time": ["2019-01-11 02:20:59"], "total_order": 1, "hotel_value": ["4.7"], "hotel_price": ["698"]}, "429719": {"hotel_name": "\u6d59\u6c5f\u6885\u5730\u4e9a\u5bbe\u9986", "order_time": ["2019-01-11 02:20:59"], "total_order": 1, "hotel_value": ["4.7"], "hotel_price": ["379"]}, "8654528": {"hotel_name": "\u676d\u5dde\u8427\u5c71\u4eba\u6c11\u5e7f\u573a\u4e9a\u6735\u9152\u5e97", "order_time": ["2019-01-11 02:21:00"], "total_order": 1, "hotel_value": ["4.9"], "hotel_price": ["413"]}, "23931225": {"hotel_name": "\u7ec4\u6b4c\u516c\u5bd3(\u676d\u5dde\u661f\u5149\u5927\u9053\u91d1\u94c2\u6e7e\u5e97)", "order_time": ["2019-01-11 02:21:00", "2019-01-11 02:29:47"], "total_order": 2, "hotel_value": ["4.7", "4.7"], "hotel_price": ["318", "318"]}, "688776": {"hotel_name": "\u676d\u5dde\u6d77\u5916\u6d77\u7eb3\u5ddd\u5927\u9152\u5e97", "order_time": ["2019-01-11 02:21:01", "2019-01-11 02:29:52"], "total_order": 2, "hotel_value": ["4.8", "4.8"], "hotel_price": ["288", "288"]}, "433845": {"hotel_name": "\u5982\u5bb6\u5feb\u6377\u9152\u5e97(\u676d\u5dde\u897f\u6e56\u5357\u5b8b\u5fa1\u8857\u4e2d\u5fc3\u5e97)", "order_time": ["2019-01-11 02:21:01"], "total_order": 1, "hotel_value": ["4.5"], "hotel_price": ["107"]}, "23153840": {"hotel_name": "\u8fdf\u8fdf\u516c\u9986(\u676d\u5dde\u4e0b\u6c99\u5929\u8857\u5e97)", "order_time": ["2019-01-11 02:21:09"], "total_order": 1, "hotel_value": ["4.9"], "hotel_price": ["359"]}, "2941474": {"hotel_name": "\u745e\u9e92\u7cbe\u9009\u9152\u5e97(\u676d\u5dde\u7d2b\u91d1\u6e2f\u5e97)", "order_time": ["2019-01-11 02:21:12"], "total_order": 1, "hotel_value": ["4.2"], "hotel_price": ["211"]}, "1504899": {"hotel_name": "\u676d\u5dde\u96c5\u5c1a\u5bbe\u9986", "order_time": ["2019-01-11 02:21:21"], "total_order": 1, "hotel_value": ["4.4"], "hotel_price": ["121"]}, "4731745": {"hotel_name": "\u676d\u5dde\u65f6\u5149\u65c5\u820d", "order_time": ["2019-01-11 02:45:59", "2019-01-11 02:21:24", "2019-01-11 02:28:14"], "total_order": 3, "hotel_value": ["4.4", "4.4", "4.4"], "hotel_price": ["177", "179", "179"]}, "8192846": {"hotel_name": "\u676d\u5dde\u81ea\u7136\u9192\u9752\u5e74\u65c5\u820d", "order_time": ["2019-01-11 02:21:26"], "total_order": 1, "hotel_value": ["4.6"], "hotel_price": ["53"]}, "2079583": {"hotel_name": "\u676d\u5dde\u6c5f\u4e1c\u5927\u9152\u5e97", "order_time": ["2019-01-11 02:21:28"], "total_order": 1, "hotel_value": ["3.9"], "hotel_price": ["92"]}, "6336031": {"hotel_name": "\u6854\u5b50\u6c34\u6676\u9152\u5e97(\u676d\u5dde\u94b1\u6c5f\u65b0\u57ce\u8fd1\u6c5f\u5e97)", "order_time": ["2019-01-11 02:23:10"], "total_order": 1, "hotel_value": ["4.9"], "hotel_price": ["427"]}, "435449": {"hotel_name": "\u6d59\u6c5f\u4e16\u8d38\u541b\u6f9c\u5927\u996d\u5e97", "order_time": ["2019-01-11 02:23:20"], "total_order": 1, "hotel_value": ["4.8"], "hotel_price": ["708"]}, "433855": {"hotel_name": "\u5168\u5b63\u9152\u5e97(\u676d\u5dde\u897f\u6e56\u6e56\u6ee8\u5e97)(\u539f\u897f\u6e56\u5f00\u5143\u8def\u5e97)", "order_time": ["2019-01-11 02:34:27", "2019-01-11 02:23:22"], "total_order": 2, "hotel_value": ["4.7", "4.7"], "hotel_price": ["241", "241"]}, "914043": {"hotel_name": "\u676d\u5dde\u4e91\u4e1c\u5546\u52a1\u9152\u5e97", "order_time": ["2019-01-11 02:23:38"], "total_order": 1, "hotel_value": ["3.7"], "hotel_price": ["83"]}, "916788": {"hotel_name": "\u676d\u5dde\u6dfb\u6cc9\u9152\u5e97\u5f0f\u516c\u5bd3", "order_time": ["2019-01-11 02:25:27"], "total_order": 1, "hotel_value": ["4.2"], "hotel_price": ["162"]}, "6280589": {"hotel_name": "\u676d\u5dde\u660e\u8c6a\u56fd\u9645\u9152\u5e97", "order_time": ["2019-01-11 02:25:29"], "total_order": 1, "hotel_value": ["4.8"], "hotel_price": ["858"]}, "435383": {"hotel_name": "\u676d\u5dde\u9a6c\u53ef\u6ce2\u7f57\u5047\u65e5\u9152\u5e97", "order_time": ["2019-01-11 02:45:21", "2019-01-11 02:25:31"], "total_order": 2, "hotel_value": ["4.8", "4.8"], "hotel_price": ["400", "400"]}, "5650982": {"hotel_name": "\u676d\u5dde\u5510\u5ead\u9152\u5e97", "order_time": ["2019-01-11 02:25:39"], "total_order": 1, "hotel_value": ["4.4"], "hotel_price": ["92"]}, "3667073": {"hotel_name": "\u5bcc\u9a7f\u5546\u65c5\u9152\u5e97(\u676d\u5dde\u897f\u6e56\u5e97)", "order_time": ["2019-01-11 02:25:40"], "total_order": 1, "hotel_value": ["4.4"], "hotel_price": ["187"]}, "816691": {"hotel_name": "\u7b80\u7231\u8fde\u9501\u7cbe\u54c1\u9152\u5e97(\u897f\u6e56\u5e97)(\u539f\u4eac\u664b\u5bbe\u9986)", "order_time": ["2019-01-11 02:25:43"], "total_order": 1, "hotel_value": ["4.1"], "hotel_price": ["144"]}, "18450402": {"hotel_name": "\u676d\u5dde\u8317\u83b1\u5546\u52a1\u9152\u5e97", "order_time": ["2019-01-11 02:25:43"], "total_order": 1, "hotel_value": ["4.5"], "hotel_price": ["138"]}, "21794405": {"hotel_name": "\u676d\u5dde\u4e00\u57ce\u4e00\u5bb6\u6c11\u5bbf", "order_time": ["2019-01-11 02:25:47"], "total_order": 1, "hotel_value": ["4.6"], "hotel_price": ["275"]}, "6763288": {"hotel_name": "\u676d\u5dde\u6b27\u5e06\u5546\u52a1\u9152\u5e97", "order_time": ["2019-01-11 02:25:47"], "total_order": 1, "hotel_value": ["4.1"], "hotel_price": ["143"]}, "4715303": {"hotel_name": "\u676d\u5dde\u82cd\u5c71\u7cbe\u54c1\u9152\u5e97", "order_time": ["2019-01-11 02:25:47"], "total_order": 1, "hotel_value": ["4.3"], "hotel_price": ["152"]}, "12513248": {"hotel_name": "\u676d\u5dde\u84dd\u5ead\u516c\u5bd3\u5f0f\u9152\u5e97\u963f\u91cc\u5df4\u5df4\u6d77\u521b\u56ed\u5e97", "order_time": ["2019-01-11 02:25:47"], "total_order": 1, "hotel_value": ["4.8"], "hotel_price": ["262"]}, "9543222": {"hotel_name": "\u676d\u5dde\u6816\u820d\u4e91\u95f4\u9152\u5e97\u5f0f\u516c\u5bd3", "order_time": ["2019-01-11 02:25:47"], "total_order": 1, "hotel_value": ["4.8"], "hotel_price": ["245"]}, "8558850": {"hotel_name": "\u676d\u5dde\u89c1\u5357\u5c71\u5047\u65e5\u5927\u9152\u5e97", "order_time": ["2019-01-11 02:25:47"], "total_order": 1, "hotel_value": ["4.2"], "hotel_price": ["203"]}, "1461331": {"hotel_name": "\u7ff0\u6797\u540d\u820d\u4e3b\u9898\u9152\u5e97(\u676d\u5dde\u4eba\u6c11\u5e7f\u573a\u5730\u94c1\u7ad9\u5e97)", "order_time": ["2019-01-11 02:25:47"], "total_order": 1, "hotel_value": ["4.3"], "hotel_price": ["197"]}, "25644365": {"hotel_name": "\u6854\u5b50\u7cbe\u9009\u9152\u5e97(\u676d\u5dde\u672a\u6765\u79d1\u6280\u57ce\u68a6\u60f3\u5c0f\u9547\u5e97)", "order_time": ["2019-01-11 02:25:47"], "total_order": 1, "hotel_value": ["4.8"], "hotel_price": ["271"]}, "2030481": {"hotel_name": "\u676d\u5dde\u5609\u745e\u8fbe\u7cbe\u54c1\u9152\u5e97", "order_time": ["2019-01-11 02:25:47"], "total_order": 1, "hotel_value": ["3.8"], "hotel_price": ["143"]}, "1334657": {"hotel_name": "\u683c\u6797\u8c6a\u6cf0(\u676d\u5dde\u897f\u6e56\u96f7\u5cf0\u5854\u5e97)", "order_time": ["2019-01-11 02:25:47"], "total_order": 1, "hotel_value": ["4.1"], "hotel_price": ["170"]}, "22549156": {"hotel_name": "\u676d\u5ddeeagle\u7535\u7ade\u9152\u5e97\u5f0f\u516c\u5bd3", "order_time": ["2019-01-11 02:25:47"], "total_order": 1, "hotel_value": ["4.8"], "hotel_price": ["380"]}, "11893739": {"hotel_name": "\u676d\u5dde\u60528\u8fde\u9501\u9152\u5e97\u65b0\u519c\u90fd\u5e97", "order_time": ["2019-01-11 02:25:47"], "total_order": 1, "hotel_value": ["4.5"], "hotel_price": ["143"]}, "1484250": {"hotel_name": "\u901f8\u9152\u5e97(\u676d\u5dde\u65b0\u534e\u8def\u5e97)", "order_time": ["2019-01-11 02:25:47"], "total_order": 1, "hotel_value": ["3.4"], "hotel_price": ["133"]}, "19439446": {"hotel_name": "\u676d\u5dde\u6d77\u7eb3\u9152\u5e97", "order_time": ["2019-01-11 02:25:47"], "total_order": 1, "hotel_value": ["4.1"], "hotel_price": ["141"]}, "2301960": {"hotel_name": "\u676d\u5dde\u5fc6\u666f\u00b71862\u9152\u5e97(\u539f\u676d\u5dde\u871c\u96ea\u9152\u5e97)", "order_time": ["2019-01-11 02:25:47"], "total_order": 1, "hotel_value": ["4.6"], "hotel_price": ["344"]}, "4626535": {"hotel_name": "\u676d\u5dde\u65e9\u5b89\u4e91\u5c45\u9152\u5e97\u5f0f\u516c\u5bd3(\u539f\u6591\u514b\u9152\u5e97)", "order_time": ["2019-01-11 02:25:47"], "total_order": 1, "hotel_value": ["4.6"], "hotel_price": ["305"]}, "11889896": {"hotel_name": "\u676d\u5dde\u5fc3\u5bbf\u897f\u6e56\u5ba2\u820d", "order_time": ["2019-01-11 02:25:47"], "total_order": 1, "hotel_value": ["4.8"], "hotel_price": ["788"]}, "1612319": {"hotel_name": "\u6d59\u6c5f\u5e86\u534e\u996d\u5e97", "order_time": ["2019-01-11 02:25:47"], "total_order": 1, "hotel_value": ["4.7"], "hotel_price": ["408"]}, "5980143": {"hotel_name": "\u676d\u5dde\u5fb7\u96c5\u91d1\u5ea7\u9152\u5e97", "order_time": ["2019-01-11 02:25:47"], "total_order": 1, "hotel_value": ["4.4"], "hotel_price": ["162"]}, "2992337": {"hotel_name": "\u676d\u5dde\u8bd7\u60a6\u9601\u897f\u5b50\u56fd\u9645\u516c\u5bd3", "order_time": ["2019-01-11 02:25:47"], "total_order": 1, "hotel_value": ["4.5"], "hotel_price": ["341"]}, "1374117": {"hotel_name": "\u676d\u5dde\u4e1c\u6d77\u5bbe\u9986", "order_time": ["2019-01-11 02:25:47"], "total_order": 1, "hotel_value": ["4.2"], "hotel_price": ["195"]}, "2918400": {"hotel_name": "\u676d\u5dde\u9690\u9038\u9152\u5e97", "order_time": ["2019-01-11 02:25:47"], "total_order": 1, "hotel_value": ["4.4"], "hotel_price": ["179"]}, "2339292": {"hotel_name": "\u6d77\u7eb3\u767e\u5ddd\u9152\u5e97(\u676d\u5dde\u5b66\u9662\u8def\u5e97)", "order_time": ["2019-01-11 02:25:47"], "total_order": 1, "hotel_value": ["4.2"], "hotel_price": ["392"]}, "8630435": {"hotel_name": "\u676d\u5dde\u68a6\u91cc\u6c34\u4e61\u516c\u5bd3\u5f0f\u9152\u5e97", "order_time": ["2019-01-11 02:25:51"], "total_order": 1, "hotel_value": ["3.9"], "hotel_price": ["142"]}, "1343023": {"hotel_name": "\u901f8\u9152\u5e97(\u676d\u5dde\u5357\u5b8b\u5fa1\u8857\u5e97)", "order_time": ["2019-01-11 02:25:59"], "total_order": 1, "hotel_value": ["4.1"], "hotel_price": ["100"]}, "1465147": {"hotel_name": "\u676d\u5dde\u6d59\u5546\u5927\u9152\u5e97", "order_time": ["2019-01-11 02:27:40"], "total_order": 1, "hotel_value": ["4.1"], "hotel_price": ["209"]}, "890332": {"hotel_name": "\u4e94\u6d0b\u516c\u9986(\u676d\u5dde\u6cb3\u574a\u8857\u706b\u8f66\u57ce\u7ad9\u5e97)", "order_time": ["2019-01-11 02:43:09", "2019-01-11 02:27:41"], "total_order": 2, "hotel_value": ["4.6", "4.6"], "hotel_price": ["210", "210"]}, "443762": {"hotel_name": "\u676d\u5dde\u94f6\u6c5f\u5bbe\u9986", "order_time": ["2019-01-11 02:27:42"], "total_order": 1, "hotel_value": ["4.7"], "hotel_price": ["376"]}, "26445649": {"hotel_name": "\u676d\u5dde\u7eb3\u6f9c\u516c\u5bd3", "order_time": ["2019-01-11 02:27:47"], "total_order": 1, "hotel_value": ["4.9"], "hotel_price": ["252"]}, "534051": {"hotel_name": "\u676d\u5dde\u5ea6\u8c6a\u4e3d\u5448\u9152\u5e97(\u539f\u6d59\u6c5f\u5ea6\u8c6a\u5927\u9152\u5e97)", "order_time": ["2019-01-11 02:29:46"], "total_order": 1, "hotel_value": ["4.5"], "hotel_price": ["289"]}, "1302445": {"hotel_name": "\u676d\u5dde\u897f\u6eaa\u7eb3\u5fb7\u6da6\u6cfd\u56ed\u5ea6\u5047\u9152\u5e97", "order_time": ["2019-01-11 02:29:48"], "total_order": 1, "hotel_value": ["4.6"], "hotel_price": ["243"]}, "987333": {"hotel_name": "\u676d\u5dde\u73af\u6e56\u5927\u9152\u5e97", "order_time": ["2019-01-11 02:29:48"], "total_order": 1, "hotel_value": ["4.1"], "hotel_price": ["167"]}, "419973": {"hotel_name": "\u6d59\u6c5f\u4e1c\u65b9\u8c6a\u751f\u5927\u9152\u5e97", "order_time": ["2019-01-11 02:31:55"], "total_order": 1, "hotel_value": ["4.4"], "hotel_price": ["174"]}, "6066213": {"hotel_name": "\u7ef4\u4e5f\u7eb3\u56fd\u9645\u9152\u5e97(\u676d\u5dde\u706b\u8f66\u4e1c\u7ad9\u5e97)", "order_time": ["2019-01-11 02:32:01"], "total_order": 1, "hotel_value": ["4.8"], "hotel_price": ["341"]}, "16129224": {"hotel_name": "\u7b80\u5bd3loft\u9152\u5e97\u5f0f\u516c\u5bd3(\u676d\u5dde\u6d77\u521b\u56ed\u5e97)", "order_time": ["2019-01-11 02:32:17"], "total_order": 1, "hotel_value": ["4.2"], "hotel_price": ["324"]}, "25732433": {"hotel_name": "\u676d\u5dde\u7c73\u60a6\u9152\u5e97", "order_time": ["2019-01-11 02:32:37"], "total_order": 1, "hotel_value": [0], "hotel_price": ["153"]}, "532341": {"hotel_name": "\u5343\u5c9b\u6e56\u6885\u5730\u4e9a\u541b\u6f9c\u5ea6\u5047\u9152\u5e97", "order_time": ["2019-01-11 02:33:14"], "total_order": 1, "hotel_value": ["4.8"], "hotel_price": ["399"]}, "12481022": {"hotel_name": "\u676d\u5dde\u9189\u7231\u4e3b\u9898\u9152\u5e97", "order_time": ["2019-01-11 02:33:16"], "total_order": 1, "hotel_value": ["4.6"], "hotel_price": ["158"]}, "1611249": {"hotel_name": "\u5168\u5b63\u9152\u5e97(\u676d\u5dde\u4e2d\u6cb3\u5317\u8def\u5e97)", "order_time": ["2019-01-11 02:34:15"], "total_order": 1, "hotel_value": ["4.8"], "hotel_price": ["290"]}, "11275571": {"hotel_name": "\u676d\u5dde\u666f\u6f9c\u00b7\u4e91\u53f0\u5370\u8c61\u9152\u5e97", "order_time": ["2019-01-11 02:34:15"], "total_order": 1, "hotel_value": ["4.6"], "hotel_price": ["489"]}, "1607610": {"hotel_name": "\u676d\u5dde\u5a01\u65af\u5e0c\u987f\u5927\u9152\u5e97", "order_time": ["2019-01-11 02:34:23"], "total_order": 1, "hotel_value": ["4.2"], "hotel_price": ["243"]}, "1462863": {"hotel_name": "\u676d\u5dde\u5929\u9005\u9152\u5e97", "order_time": ["2019-01-11 02:34:25"], "total_order": 1, "hotel_value": ["4.5"], "hotel_price": ["189"]}, "14626708": {"hotel_name": "\u676d\u5dde\u4e50\u5bb6\u9152\u5e97\u5f0f\u516c\u5bd3\u4e07\u901a\u4e2d\u5fc3\u5e97", "order_time": ["2019-01-11 02:34:26"], "total_order": 1, "hotel_value": ["4.8"], "hotel_price": ["258"]}, "447201": {"hotel_name": "\u6d59\u6c5f\u4e09\u7acb\u5f00\u5143\u540d\u90fd\u5927\u9152\u5e97", "order_time": ["2019-01-11 02:36:26"], "total_order": 1, "hotel_value": ["4.7"], "hotel_price": ["483"]}, "849909": {"hotel_name": "\u676d\u5dde\u94b1\u6c5f\u65b0\u57ce\u4e07\u6021\u9152\u5e97", "order_time": ["2019-01-11 02:36:28"], "total_order": 1, "hotel_value": ["4.5"], "hotel_price": ["639"]}, "708189": {"hotel_name": "\u676d\u5dde\u745e\u5c45\u9152\u5e97", "order_time": ["2019-01-11 02:36:29"], "total_order": 1, "hotel_value": ["4.4"], "hotel_price": ["255"]}, "5678956": {"hotel_name": "\u676d\u5dde\u6cdb\u6d77\u9493\u9c7c\u53f0\u9152\u5e97", "order_time": ["2019-01-11 02:36:29"], "total_order": 1, "hotel_value": ["4.8"], "hotel_price": ["1089"]}, "839544": {"hotel_name": "\u676d\u5dde\u96f7\u8fea\u68ee\u94c2\u4e3d\u5927\u996d\u5e97", "order_time": ["2019-01-11 02:36:29"], "total_order": 1, "hotel_value": ["4.9"], "hotel_price": ["716"]}, "435371": {"hotel_name": "\u676d\u5dde\u5927\u53a6", "order_time": ["2019-01-11 02:36:29"], "total_order": 1, "hotel_value": ["4.7"], "hotel_price": ["560"]}, "23877188": {"hotel_name": "\u676d\u5dde\u96c5\u8bd7\u9601\u6765\u798f\u58eb\u4e2d\u5fc3\u670d\u52a1\u516c\u5bd3", "order_time": ["2019-01-11 02:36:29"], "total_order": 1, "hotel_value": ["4.6"], "hotel_price": ["1049"]}, "425546": {"hotel_name": "\u676d\u5dde\u897f\u5b50\u6e56\u56db\u5b63\u9152\u5e97", "order_time": ["2019-01-11 02:36:29"], "total_order": 1, "hotel_value": ["4.8"], "hotel_price": ["4489"]}, "369721": {"hotel_name": "\u676d\u5dde\u7d22\u83f2\u7279\u897f\u6e56\u5927\u9152\u5e97", "order_time": ["2019-01-11 02:36:29"], "total_order": 1, "hotel_value": ["4.6"], "hotel_price": ["958"]}, "976445": {"hotel_name": "\u676d\u5dde\u51e4\u90fd\u5047\u65e5\u9152\u5e97", "order_time": ["2019-01-11 02:36:33"], "total_order": 1, "hotel_value": ["4.5"], "hotel_price": ["309"]}, "19599055": {"hotel_name": "\u676d\u5dde\u987e\u732b\u5b81\u9152\u5e97", "order_time": ["2019-01-11 02:36:41"], "total_order": 1, "hotel_value": ["4.5"], "hotel_price": ["314"]}, "6081063": {"hotel_name": "\u676d\u5dde\u99a8\u5883\u754c\u9152\u5e97\u516c\u5bd3", "order_time": ["2019-01-11 02:36:45"], "total_order": 1, "hotel_value": ["4.5"], "hotel_price": ["226"]}, "847346": {"hotel_name": "\u5409\u6cf0\u7cbe\u54c1\u8fde\u9501\u9152\u5e97(\u676d\u5dde\u826e\u5c71\u897f\u8def\u6d59\u6c5f\u5927\u5b66\u5e97)", "order_time": ["2019-01-11 02:38:39"], "total_order": 1, "hotel_value": ["4.6"], "hotel_price": ["198"]}, "6109807": {"hotel_name": "\u676d\u5dde\u5a73\u9601\u6c11\u5bbf", "order_time": ["2019-01-11 02:38:42"], "total_order": 1, "hotel_value": ["4.9"], "hotel_price": ["319"]}, "1768147": {"hotel_name": "\u676d\u5dde\u552f\u84dd\u5546\u52a1\u9152\u5e97", "order_time": ["2019-01-11 02:39:02", "2019-01-11 03:04:52"], "total_order": 2, "hotel_value": ["4.0", "4.0"], "hotel_price": ["164", "164"]}, "1376267": {"hotel_name": "\u676d\u5dde\u535a\u7a0b\u5546\u52a1\u9152\u5e97(\u539f\u534e\u4e16\u535a\u9645\u9152\u5e97)", "order_time": ["2019-01-11 02:39:08"], "total_order": 1, "hotel_value": [0], "hotel_price": ["176"]}, "1349785": {"hotel_name": "\u6c49\u838e\u5934\u7b49\u592a\u7a7a\u8231\u7a7a\u95f4\u7ad9\u4e3b\u9898\u9152\u5e97(\u676d\u5dde\u5a7a\u6c5f\u8def\u5730\u94c1\u7ad9\u5e97)", "order_time": ["2019-01-11 02:39:09"], "total_order": 1, "hotel_value": ["4.2"], "hotel_price": ["62"]}, "433712": {"hotel_name": "\u4e94\u6d0b\u5ba2\u6808(\u676d\u5dde\u5357\u5b8b\u5fa1\u8857\u5e97)", "order_time": ["2019-01-11 02:40:50"], "total_order": 1, "hotel_value": ["4.5"], "hotel_price": ["126"]}, "442268": {"hotel_name": "\u6d59\u6c5f\u5927\u9152\u5e97", "order_time": ["2019-01-11 02:41:00"], "total_order": 1, "hotel_value": ["4.7"], "hotel_price": ["560"]}, "14812806": {"hotel_name": "\u676d\u5dde\u6e56\u6f3e\u96e8\u6850\u6c11\u5bbf", "order_time": ["2019-01-11 02:41:13"], "total_order": 1, "hotel_value": ["4.9"], "hotel_price": ["350"]}, "6719575": {"hotel_name": "\u676d\u5dde\u6b27\u5c1a\u9152\u5e97\u5f0f\u516c\u5bd3", "order_time": ["2019-01-11 02:41:22"], "total_order": 1, "hotel_value": ["4.4"], "hotel_price": ["103"]}, "26221735": {"hotel_name": "\u676d\u5dde\u79c0\u9152\u5e97", "order_time": ["2019-01-11 02:42:24"], "total_order": 1, "hotel_value": ["4.8"], "hotel_price": ["566"]}, "2330618": {"hotel_name": "\u6021\u83b1\u9152\u5e97(\u676d\u5dde\u897f\u6e56\u6e56\u6ee8\u5e97)", "order_time": ["2019-01-11 02:43:11"], "total_order": 1, "hotel_value": ["4.3"], "hotel_price": ["107"]}, "445340": {"hotel_name": "\u676d\u5dde\u4e07\u534e\u56fd\u9645\u9152\u5e97", "order_time": ["2019-01-11 02:43:14", "2019-01-11 02:56:18"], "total_order": 2, "hotel_value": ["4.6", "4.6"], "hotel_price": ["328", "328"]}, "378858": {"hotel_name": "\u676d\u5dde\u6d32\u9645\u9152\u5e97", "order_time": ["2019-01-11 02:44:03"], "total_order": 1, "hotel_value": ["4.7"], "hotel_price": ["1318"]}, "7828854": {"hotel_name": "\u676d\u5dde\u4e2d\u7ef4\u9999\u6ea2\u5927\u9152\u5e97", "order_time": ["2019-01-11 02:45:21"], "total_order": 1, "hotel_value": ["4.7"], "hotel_price": ["423"]}, "434635": {"hotel_name": "\u676d\u5dde\u4f17\u5b89\u534e\u7eb3\u5047\u65e5\u5927\u9152\u5e97", "order_time": ["2019-01-11 02:45:23"], "total_order": 1, "hotel_value": ["4.6"], "hotel_price": ["273"]}, "1500943": {"hotel_name": "\u5982\u5bb6\u5feb\u6377\u9152\u5e97(\u676d\u5dde\u897f\u6e56\u94f6\u6cf0\u5e97)", "order_time": ["2019-01-11 02:45:28"], "total_order": 1, "hotel_value": ["4.3"], "hotel_price": ["132"]}, "346302": {"hotel_name": "\u676d\u5dde\u897f\u6eaa\u559c\u6765\u767b\u5ea6\u5047\u5927\u9152\u5e97", "order_time": ["2019-01-11 03:11:07", "2019-01-11 02:45:29"], "total_order": 2, "hotel_value": ["4.6", "4.6"], "hotel_price": ["849", "849"]}, "445465": {"hotel_name": "\u676d\u5dde\u7c73\u5170\u6d32\u9645\u9152\u5e97", "order_time": ["2019-01-11 02:45:29"], "total_order": 1, "hotel_value": ["4.4"], "hotel_price": ["282"]}, "1624570": {"hotel_name": "\u676d\u5dde\u5bcc\u6052\u7cbe\u54c1\u9152\u5e97(\u539f\u5bcc\u6052\u5047\u65e5\u9152\u5e97)", "order_time": ["2019-01-11 02:45:32"], "total_order": 1, "hotel_value": ["4.4"], "hotel_price": ["99"]}, "1709866": {"hotel_name": "\u676d\u5dde\u798f\u96f7\u5fb7\u00b7\u541b\u5586\u9152\u5e97", "order_time": ["2019-01-11 02:45:33"], "total_order": 1, "hotel_value": ["4.3"], "hotel_price": ["152"]}, "1119652": {"hotel_name": "\u676d\u5dde\u9999\u6811e\u5bb6\u5546\u52a1\u9152\u5e97", "order_time": ["2019-01-11 02:45:34"], "total_order": 1, "hotel_value": ["4.1"], "hotel_price": ["167"]}, "14248272": {"hotel_name": "\u5982\u5bb6\u7cbe\u9009(\u676d\u5dde\u56db\u5b63\u9752\u670d\u88c5\u5e02\u573a\u6e05\u6c5f\u8def\u5e97)", "order_time": ["2019-01-11 02:47:26"], "total_order": 1, "hotel_value": ["4.8"], "hotel_price": ["279"]}, "1471878": {"hotel_name": "\u6d59\u6c5f\u5047\u65e5\u4e4b\u661f\u9152\u5e97(\u676d\u5dde\u603b\u90e8\u4fe1\u4e49\u574a\u5e97)", "order_time": ["2019-01-11 02:47:44"], "total_order": 1, "hotel_value": ["4.7"], "hotel_price": ["178"]}, "1766663": {"hotel_name": "\u676d\u5dde\u6c5f\u838e\u9152\u5e97", "order_time": ["2019-01-11 02:48:10"], "total_order": 1, "hotel_value": ["4.0"], "hotel_price": ["149"]}, "1251259": {"hotel_name": "\u676d\u5dde\u4f73\u6377\u5bbe\u9986", "order_time": ["2019-01-11 02:48:10"], "total_order": 1, "hotel_value": ["3.6"], "hotel_price": ["67"]}, "2376361": {"hotel_name": "\u676d\u5dde\u79d1\u5b8f\u65c5\u9986", "order_time": ["2019-01-11 02:48:10"], "total_order": 1, "hotel_value": [0], "hotel_price": ["90"]}, "1299863": {"hotel_name": "\u676d\u5dde\u9152\u5e97\u5f0f\u516c\u5bd3", "order_time": ["2019-01-11 02:48:10"], "total_order": 1, "hotel_value": ["4.4"], "hotel_price": ["233"]}, "5638384": {"hotel_name": "\u676d\u5dde\u5929\u5fb7\u9152\u5e97", "order_time": ["2019-01-11 02:48:10"], "total_order": 1, "hotel_value": ["4.5"], "hotel_price": ["90"]}, "1299421": {"hotel_name": "\u676d\u5dde\u4f9d\u604b\u65c5\u9986", "order_time": ["2019-01-11 02:48:10"], "total_order": 1, "hotel_value": ["4.2"], "hotel_price": ["73"]}, "443818": {"hotel_name": "\u676d\u5dde\u541b\u9601\u7cbe\u54c1\u9152\u5e97", "order_time": ["2019-01-11 02:52:01"], "total_order": 1, "hotel_value": ["4.4"], "hotel_price": ["181"]}, "1769001": {"hotel_name": "\u676d\u5dde\u8427\u5c71\u673a\u573a\u5927\u9152\u5e97", "order_time": ["2019-01-11 02:52:04"], "total_order": 1, "hotel_value": ["4.0"], "hotel_price": ["143"]}, "15901870": {"hotel_name": "\u676d\u5dde\u597d\u65f6\u8fd0\u541b\u4ead\u9152\u5e97", "order_time": ["2019-01-11 02:54:07"], "total_order": 1, "hotel_value": ["4.6"], "hotel_price": ["279"]}, "369759": {"hotel_name": "\u676d\u5dde\u6d77\u5916\u6d77\u7687\u51a0\u5927\u9152\u5e97", "order_time": ["2019-01-11 02:54:09"], "total_order": 1, "hotel_value": ["4.8"], "hotel_price": ["530"]}, "670047": {"hotel_name": "\u5168\u5b63\u9152\u5e97(\u676d\u5dde\u897f\u6e56\u6d63\u7eb1\u8def\u5e97)", "order_time": ["2019-01-11 02:54:13"], "total_order": 1, "hotel_value": ["4.8"], "hotel_price": ["274"]}, "26557592": {"hotel_name": "\u7ef4\u4e5f\u7eb3\u56fd\u9645\u9152\u5e97(\u676d\u5dde\u4f59\u676d\u9ad8\u94c1\u7ad9\u5e97)", "order_time": ["2019-01-11 02:54:19"], "total_order": 1, "hotel_value": [0], "hotel_price": ["251"]}, "28022412": {"hotel_name": "\u676d\u5dde\u9e1f\u513f\u57ce\u5e02\u516c\u5bd3", "order_time": ["2019-01-11 02:54:23"], "total_order": 1, "hotel_value": ["4.8"], "hotel_price": ["268"]}, "2637991": {"hotel_name": "\u676d\u5dde\u9999\u6c40\u5ba2\u6808", "order_time": ["2019-01-11 02:54:24"], "total_order": 1, "hotel_value": ["4.9"], "hotel_price": ["228"]}, "1373730": {"hotel_name": "\u676d\u5dde\u67cf\u6f9c\u9152\u5e97\u516c\u5bd3", "order_time": ["2019-01-11 02:54:24"], "total_order": 1, "hotel_value": ["4.6"], "hotel_price": ["304"]}, "1306723": {"hotel_name": "\u676d\u5dde\u6fb3\u67ab\u5feb\u6377\u9152\u5e97", "order_time": ["2019-01-11 02:54:30"], "total_order": 1, "hotel_value": ["4.0"], "hotel_price": ["108"]}, "1569741": {"hotel_name": "\u5982\u5bb6\u5feb\u6377\u9152\u5e97(\u676d\u5dde\u706b\u8f66\u4e1c\u7ad9\u79cb\u6d9b\u5317\u8def\u5e97)", "order_time": ["2019-01-11 02:54:31"], "total_order": 1, "hotel_value": ["4.4"], "hotel_price": ["106"]}, "1407179": {"hotel_name": "\u676d\u5dde\u6717\u60a6\u6e7e\u5bbe\u9986", "order_time": ["2019-01-11 02:54:44"], "total_order": 1, "hotel_value": [0], "hotel_price": ["77"]}, "2916683": {"hotel_name": "\u5982\u5bb6\u5feb\u6377\u9152\u5e97(\u676d\u5dde\u706b\u8f66\u4e1c\u7ad9\u897f\u5e7f\u573a\u5e97)", "order_time": ["2019-01-11 02:56:17"], "total_order": 1, "hotel_value": ["4.2"], "hotel_price": ["153"]}, "1630754": {"hotel_name": "\u6d59\u6c5f\u5927\u5b66\u5706\u6b63\u00b7\u826e\u79cb\u5bbe\u9986", "order_time": ["2019-01-11 02:56:21"], "total_order": 1, "hotel_value": ["4.4"], "hotel_price": ["107"]}, "1709447": {"hotel_name": "\u676d\u5dde\u6b27\u8bfa\u81fb\u54c1\u9152\u5e97", "order_time": ["2019-01-11 02:56:24"], "total_order": 1, "hotel_value": ["4.1"], "hotel_price": ["177"]}, "1927353": {"hotel_name": "\u676d\u5dde\u91d1\u78a7\u8f89\u714c\u5bbe\u9986", "order_time": ["2019-01-11 02:56:55"], "total_order": 1, "hotel_value": ["4.7"], "hotel_price": ["93"]}, "6811751": {"hotel_name": "\u6854\u5b50\u6c34\u6676\u9152\u5e97(\u676d\u5dde\u6b66\u6797\u5e7f\u573a\u5730\u94c1\u7ad9\u5e97)(\u539f\u6b66\u6797\u5e7f\u573a\u94f6\u6cf0\u5e97)", "order_time": ["2019-01-11 02:58:12"], "total_order": 1, "hotel_value": ["4.8"], "hotel_price": ["367"]}, "2306108": {"hotel_name": "\u676d\u5dde\u9e4f\u7fd4\u5047\u65e5\u9152\u5e97", "order_time": ["2019-01-11 02:58:34"], "total_order": 1, "hotel_value": ["3.6"], "hotel_price": ["132"]}, "435419": {"hotel_name": "\u676d\u5dde\u6e56\u6ee8\u541b\u4ead\u9152\u5e97", "order_time": ["2019-01-11 03:00:11"], "total_order": 1, "hotel_value": ["4.4"], "hotel_price": ["248"]}, "443744": {"hotel_name": "\u676d\u5dde\u534e\u8fb0\u94f6\u5ea7\u9152\u5e97", "order_time": ["2019-01-11 03:00:16"], "total_order": 1, "hotel_value": ["4.6"], "hotel_price": ["299"]}, "453487": {"hotel_name": "\u5168\u5b63\u9152\u5e97(\u676d\u5dde\u897f\u6e56\u5e97)", "order_time": ["2019-01-11 03:00:18"], "total_order": 1, "hotel_value": ["4.8"], "hotel_price": ["352"]}, "793239": {"hotel_name": "\u676d\u5dde\u5929\u6d77\u5bbe\u9986", "order_time": ["2019-01-11 03:02:30"], "total_order": 1, "hotel_value": ["4.2"], "hotel_price": ["134"]}, "1702248": {"hotel_name": "\u6d59\u6c5f\u91d1\u90fd\u5bbe\u9986", "order_time": ["2019-01-11 03:02:34"], "total_order": 1, "hotel_value": ["4.5"], "hotel_price": ["318"]}, "1623229": {"hotel_name": "\u676d\u5dde\u51ef\u4f26\u5047\u65e5\u9152\u5e97", "order_time": ["2019-01-11 03:02:44"], "total_order": 1, "hotel_value": ["3.7"], "hotel_price": ["134"]}, "437663": {"hotel_name": "\u676d\u5dde\u897f\u6e56\u51e4\u8d77\u8def\u4e9a\u6735\u8f7b\u5c45\u9152\u5e97", "order_time": ["2019-01-11 03:02:45"], "total_order": 1, "hotel_value": ["4.8"], "hotel_price": ["332"]}, "439972": {"hotel_name": "\u5343\u5c9b\u6e56\u82b1\u56ed\u996d\u5e97", "order_time": ["2019-01-11 03:03:23"], "total_order": 1, "hotel_value": ["4.7"], "hotel_price": ["125"]}, "1579914": {"hotel_name": "\u80af\u4e01\u9152\u5e97\u5f0f\u516c\u5bd3(\u676d\u5dde\u6ee8\u6c5f\u661f\u5149\u5e97)", "order_time": ["2019-01-11 03:04:33"], "total_order": 1, "hotel_value": ["4.5"], "hotel_price": ["252"]}, "6395948": {"hotel_name": "\u676d\u5dde\u4e1c\u65b9\u5a01\u5c3c\u65af\u56fd\u9645\u5927\u9152\u5e97", "order_time": ["2019-01-11 03:04:39"], "total_order": 1, "hotel_value": ["4.3"], "hotel_price": ["331"]}, "4545671": {"hotel_name": "\u676d\u5dde\u8717\u725b\u00b7\u540e\u575e\u5ba2\u6808", "order_time": ["2019-01-11 03:04:47"], "total_order": 1, "hotel_value": ["4.4"], "hotel_price": ["205"]}, "443717": {"hotel_name": "\u676d\u5dde\u4f0a\u7f8e\u5927\u9152\u5e97", "order_time": ["2019-01-11 03:06:47"], "total_order": 1, "hotel_value": ["4.3"], "hotel_price": ["272"]}, "2256940": {"hotel_name": "\u6850\u5e90\u5bcc\u6625\u6c5f\u52b1\u9a8f\u9152\u5e97", "order_time": ["2019-01-11 03:07:30"], "total_order": 1, "hotel_value": ["4.7"], "hotel_price": ["826"]}, "1431130": {"hotel_name": "99\u65c5\u9986\u8fde\u9501(\u676d\u5dde\u6c7d\u8f66\u5317\u7ad9\u5e97)", "order_time": ["2019-01-11 03:09:19"], "total_order": 1, "hotel_value": ["3.4"], "hotel_price": ["84"]}, "709093": {"hotel_name": "\u4e34\u5b89\u6e4d\u53e3\u4f17\u5b89\u6c21\u6e29\u6cc9\u5ea6\u5047\u9152\u5e97", "order_time": ["2019-01-11 03:12:03"], "total_order": 1, "hotel_value": ["4.6"], "hotel_price": ["1887"]}}}