{"\u5f00\u59cb\u8bb0\u5f55\u65f6\u95f4": "2019-01-17 00:40:57", "\u7ed3\u675f\u8bb0\u5f55\u65f6\u95f4": "2019-01-17 01:46:05", "\u8ba2\u5355\u603b\u589e\u91cf": 311, "item": {"346316": {"hotel_name": "\u6d59\u6c5f\u996d\u5e97", "order_time": ["2019-01-17 00:49:18", "2019-01-17 00:47:04", "2019-01-17 00:49:12", "2019-01-17 00:49:13", "2019-01-17 00:48:19", "2019-01-17 00:49:19", "2019-01-17 00:43:04", "2019-01-17 00:49:16"], "total_order": 8, "hotel_value": ["4.8", "4.8", "4.8", "4.8", "4.8", "4.8", "4.8", "4.8"], "hotel_price": ["408", "408", "408", "408", "408", "408", "408", "408"]}, "442268": {"hotel_name": "\u6d59\u6c5f\u5927\u9152\u5e97", "order_time": ["2019-01-17 00:43:04"], "total_order": 1, "hotel_value": ["4.7"], "hotel_price": ["590"]}, "391738": {"hotel_name": "\u676d\u5dde\u65b0\u745e\u4e30\u683c\u7433\u9152\u5e97", "order_time": ["2019-01-17 00:43:50"], "total_order": 1, "hotel_value": ["4.6"], "hotel_price": ["199"]}, "8654640": {"hotel_name": "\u676d\u5dde\u8427\u5c71\u56fd\u9645\u673a\u573a\u91d1\u9a6c\u6e2f\u666f\u9152\u5e97", "order_time": ["2019-01-17 00:43:51"], "total_order": 1, "hotel_value": ["4.5"], "hotel_price": ["283"]}, "443744": {"hotel_name": "\u676d\u5dde\u534e\u8fb0\u94f6\u5ea7\u9152\u5e97", "order_time": ["2019-01-17 00:43:53"], "total_order": 1, "hotel_value": ["4.6"], "hotel_price": ["319"]}, "5795110": {"hotel_name": "\u676d\u5ddeL\u9152\u5e97", "order_time": ["2019-01-17 00:43:56"], "total_order": 1, "hotel_value": ["4.7"], "hotel_price": ["302"]}, "7828854": {"hotel_name": "\u676d\u5dde\u4e2d\u7ef4\u9999\u6ea2\u5927\u9152\u5e97", "order_time": ["2019-01-17 00:43:58", "2019-01-17 00:47:04", "2019-01-17 00:45:06", "2019-01-17 00:45:11"], "total_order": 4, "hotel_value": ["4.7", "4.7", "4.7", "4.7"], "hotel_price": ["474", "558", "558", "558"]}, "17324402": {"hotel_name": "\u676d\u5ddeWO\u00b7\u7a9dHotel", "order_time": ["2019-01-17 00:43:58"], "total_order": 1, "hotel_value": ["4.7"], "hotel_price": ["276"]}, "443818": {"hotel_name": "\u676d\u5dde\u541b\u9601\u7cbe\u54c1\u9152\u5e97", "order_time": ["2019-01-17 00:43:59"], "total_order": 1, "hotel_value": ["4.4"], "hotel_price": ["163"]}, "438435": {"hotel_name": "\u683c\u6797\u8c6a\u6cf0(\u676d\u5dde\u706b\u8f66\u4e1c\u7ad9\u5e97)", "order_time": ["2019-01-17 00:44:02"], "total_order": 1, "hotel_value": ["4.1"], "hotel_price": ["124"]}, "1289470": {"hotel_name": "\u6c49\u5ead\u9152\u5e97(\u676d\u5dde\u4fdd\u4ff6\u5317\u8def\u5e97)", "order_time": ["2019-01-17 00:44:06"], "total_order": 1, "hotel_value": ["4.3"], "hotel_price": ["151"]}, "2992337": {"hotel_name": "\u676d\u5dde\u8bd7\u60a6\u9601\u897f\u5b50\u56fd\u9645\u516c\u5bd3", "order_time": ["2019-01-17 00:44:07"], "total_order": 1, "hotel_value": ["4.5"], "hotel_price": ["340"]}, "19435886": {"hotel_name": "\u676d\u5dde\u897f\u6eaa\u7075\u9690\u4e9a\u6735\u9152\u5e97", "order_time": ["2019-01-17 00:44:09"], "total_order": 1, "hotel_value": ["4.7"], "hotel_price": ["378"]}, "3113099": {"hotel_name": "\u676d\u5dde\u901f\u767b\u5546\u52a1\u9152\u5e97", "order_time": ["2019-01-17 00:44:22"], "total_order": 1, "hotel_value": ["4.4"], "hotel_price": ["127"]}, "481262": {"hotel_name": "\u4e94\u60a6\u666f\u533a\u8fde\u9501\u9152\u5e97(\u4e34\u5b89\u5e97)", "order_time": ["2019-01-17 00:44:33"], "total_order": 1, "hotel_value": ["4.6"], "hotel_price": ["157"]}, "429778": {"hotel_name": "\u676d\u5dde\u4e2d\u5c71\u56fd\u9645\u5927\u9152\u5e97", "order_time": ["2019-01-17 00:45:10"], "total_order": 1, "hotel_value": ["4.5"], "hotel_price": ["342"]}, "792763": {"hotel_name": "\u6d59\u6c5f\u94c1\u9053\u5927\u53a6\u57ce\u5e02\u5e7f\u573a\u5927\u9152\u5e97", "order_time": ["2019-01-17 00:46:01"], "total_order": 1, "hotel_value": ["4.3"], "hotel_price": ["170"]}, "373220": {"hotel_name": "\u676d\u5dde\u5965\u514b\u4f0d\u5fb7\u56fd\u9645\u9152\u5e97\u516c\u5bd3", "order_time": ["2019-01-17 00:46:03"], "total_order": 1, "hotel_value": ["4.5"], "hotel_price": ["658"]}, "6447471": {"hotel_name": "\u661f\u57ce\u592a\u7a7a\u8231\u7cbe\u54c1\u9752\u5e74\u65c5\u820d(\u676d\u5dde\u897f\u6e56\u9f99\u7fd4\u6865\u5730\u94c1\u7ad9\u5e97)", "order_time": ["2019-01-17 00:46:04"], "total_order": 1, "hotel_value": ["4.5"], "hotel_price": ["54"]}, "447201": {"hotel_name": "\u6d59\u6c5f\u4e09\u7acb\u5f00\u5143\u540d\u90fd\u5927\u9152\u5e97", "order_time": ["2019-01-17 00:46:05"], "total_order": 1, "hotel_value": ["4.7"], "hotel_price": ["481"]}, "373062": {"hotel_name": "\u676d\u5dde\u9f99\u79a7\u798f\u670b\u559c\u6765\u767b\u9152\u5e97", "order_time": ["2019-01-17 00:46:05"], "total_order": 1, "hotel_value": ["4.3"], "hotel_price": ["593"]}, "378512": {"hotel_name": "\u676d\u5dde\u8d39\u5c14\u66fc\u94c2\u91d1\u5927\u9152\u5e97(\u539f\u767e\u745e\u56fd\u9645\u5927\u9152\u5e97)", "order_time": ["2019-01-17 00:46:06"], "total_order": 1, "hotel_value": ["4.4"], "hotel_price": ["349"]}, "1926570": {"hotel_name": "\u676d\u5dde\u6c34\u6676\u67e0\u6aac\u9152\u5e97\u5f0f\u516c\u5bd3", "order_time": ["2019-01-17 00:46:09"], "total_order": 1, "hotel_value": ["4.4"], "hotel_price": ["232"]}, "346311": {"hotel_name": "\u676d\u5dde\u9a6c\u53ef\u6ce2\u7f57\u6ee8\u6e56\u9152\u5e97", "order_time": ["2019-01-17 00:50:24", "2019-01-17 00:47:04", "2019-01-17 00:46:11", "2019-01-17 00:54:44"], "total_order": 4, "hotel_value": ["4.7", "4.7", "4.7", "4.7"], "hotel_price": ["301", "355", "301", "301"]}, "1048266": {"hotel_name": "\u6021\u83b1\u7cbe\u54c1\u9152\u5e97(\u676d\u5dde\u9ad8\u6c99\u8def\u5730\u94c1\u5e97)", "order_time": ["2019-01-17 00:46:12"], "total_order": 1, "hotel_value": ["4.5"], "hotel_price": ["153"]}, "1221943": {"hotel_name": "\u676d\u5dde\u5357\u5c71\u4eba\u5bb6\u5927\u9152\u5e97", "order_time": ["2019-01-17 00:46:22"], "total_order": 1, "hotel_value": ["4.1"], "hotel_price": ["260"]}, "1716145": {"hotel_name": "\u676d\u5dde\u4e2d\u8302\u5927\u9152\u5e97", "order_time": ["2019-01-17 00:46:26"], "total_order": 1, "hotel_value": ["4.4"], "hotel_price": ["142"]}, "435383": {"hotel_name": "\u676d\u5dde\u9a6c\u53ef\u6ce2\u7f57\u5047\u65e5\u9152\u5e97", "order_time": ["2019-01-17 00:47:04"], "total_order": 1, "hotel_value": ["4.8"], "hotel_price": ["589"]}, "435439": {"hotel_name": "\u676d\u5dde\u897f\u6e56\u6162\u4eab\u4e3b\u9898\u9152\u5e97", "order_time": ["2019-01-17 00:47:04"], "total_order": 1, "hotel_value": ["4.7"], "hotel_price": ["429"]}, "5918673": {"hotel_name": "\u6d59\u6c5f\u897f\u6e56\u5c71\u5e84", "order_time": ["2019-01-17 00:47:04"], "total_order": 1, "hotel_value": ["4.8"], "hotel_price": ["958"]}, "15248050": {"hotel_name": "\u676d\u5dde\u98ce\u8c03\u96e8\u987a\u6c11\u5bbf", "order_time": ["2019-01-17 00:48:09", "2019-01-17 00:52:29"], "total_order": 2, "hotel_value": ["4.9", "4.9"], "hotel_price": ["391", "391"]}, "848702": {"hotel_name": "\u5982\u5bb6\u5feb\u6377\u9152\u5e97(\u676d\u5dde\u897f\u6e56\u9ec4\u9f99\u65c5\u6e38\u96c6\u6563\u4e2d\u5fc3\u5e97)", "order_time": ["2019-01-17 00:50:27", "2019-01-17 00:48:10"], "total_order": 2, "hotel_value": ["4.3", "4.3"], "hotel_price": ["127", "127"]}, "27863591": {"hotel_name": "\u7f8e\u8c6a\u4e3d\u81f4\u9152\u5e97(\u676d\u5dde\u8427\u5c71\u673a\u573a\u5e97)", "order_time": ["2019-01-17 00:48:11", "2019-01-17 01:33:53"], "total_order": 2, "hotel_value": ["4.8", "4.8"], "hotel_price": ["278", "278"]}, "24768246": {"hotel_name": "\u676d\u5dde\u672a\u6765\u79d1\u6280\u57ce\u6d77\u521b\u56ed\u4e9a\u6735\u9152\u5e97", "order_time": ["2019-01-17 00:48:11"], "total_order": 1, "hotel_value": ["4.8"], "hotel_price": ["645"]}, "375375": {"hotel_name": "\u676d\u5dde\u84dd\u5929\u6e05\u6c34\u6e7e\u56fd\u9645\u5927\u9152\u5e97", "order_time": ["2019-01-17 00:48:12"], "total_order": 1, "hotel_value": ["4.6"], "hotel_price": ["398"]}, "3690288": {"hotel_name": "\u676d\u5dde\u897f\u6e56\u7389\u53e4\u8def\u4e9a\u6735S\u5434\u9152\u5e97", "order_time": ["2019-01-17 00:57:00", "2019-01-17 00:48:14"], "total_order": 2, "hotel_value": ["4.8", "4.8"], "hotel_price": ["504", "504"]}, "20024644": {"hotel_name": "\u676d\u5dde\u5143\u6735\u5546\u52a1\u9152\u5e97", "order_time": ["2019-01-17 00:48:16"], "total_order": 1, "hotel_value": ["4.6"], "hotel_price": ["133"]}, "450915": {"hotel_name": "\u676d\u5dde\u4e09\u53f0\u5c71\u5e84", "order_time": ["2019-01-17 00:48:16"], "total_order": 1, "hotel_value": ["4.8"], "hotel_price": ["496"]}, "445465": {"hotel_name": "\u676d\u5dde\u7c73\u5170\u6d32\u9645\u9152\u5e97", "order_time": ["2019-01-17 00:48:17"], "total_order": 1, "hotel_value": ["4.4"], "hotel_price": ["282"]}, "3045082": {"hotel_name": "\u6c49\u5ead\u9152\u5e97(\u676d\u5dde\u897f\u6e56\u89e3\u767e\u5e97)", "order_time": ["2019-01-17 00:48:19"], "total_order": 1, "hotel_value": ["4.3"], "hotel_price": ["152"]}, "730097": {"hotel_name": "\u676d\u5dde\u534e\u8fb0\u5370\u8c61\u9152\u5e97", "order_time": ["2019-01-17 00:48:20"], "total_order": 1, "hotel_value": ["4.2"], "hotel_price": ["168"]}, "1771817": {"hotel_name": "\u676d\u5dde\u96c5\u5ba2\u5feb\u6377\u9152\u5e97", "order_time": ["2019-01-17 00:48:21"], "total_order": 1, "hotel_value": ["4.1"], "hotel_price": ["103"]}, "1441801": {"hotel_name": "\u5982\u5bb6\u5feb\u6377\u9152\u5e97(\u676d\u5dde\u897f\u6e56\u5357\u5b8b\u5fa1\u8857\u5b9a\u5b89\u8def\u5730\u94c1\u7ad9\u5e97)", "order_time": ["2019-01-17 01:03:12", "2019-01-17 00:48:21"], "total_order": 2, "hotel_value": ["4.3", "4.3"], "hotel_price": ["116", "116"]}, "1569815": {"hotel_name": "\u5982\u5bb6\u5feb\u6377\u9152\u5e97(\u676d\u5dde\u6c88\u534a\u8def\u5317\u666f\u56ed\u5e97)", "order_time": ["2019-01-17 00:48:24"], "total_order": 1, "hotel_value": ["4.4"], "hotel_price": ["113"]}, "995379": {"hotel_name": "\u676d\u5dde\u8776\u6765\u671b\u6e56\u5bbe\u9986", "order_time": ["2019-01-17 00:48:26"], "total_order": 1, "hotel_value": ["4.8"], "hotel_price": ["668"]}, "2052421": {"hotel_name": "\u676d\u5dde\u4e5d\u5cf0\u5bbe\u9986", "order_time": ["2019-01-17 00:48:55"], "total_order": 1, "hotel_value": ["3.8"], "hotel_price": ["88"]}, "1630754": {"hotel_name": "\u6d59\u6c5f\u5927\u5b66\u5706\u6b63\u00b7\u826e\u79cb\u5bbe\u9986", "order_time": ["2019-01-17 00:50:18"], "total_order": 1, "hotel_value": ["4.4"], "hotel_price": ["107"]}, "15215652": {"hotel_name": "Q\u52a0\u00b7\u7ea2\u83b1\u9152\u5e97(\u676d\u5dde\u8427\u5c71\u56fd\u9645\u673a\u573a\u4e1c\u5927\u95e8\u5e97)", "order_time": ["2019-01-17 00:50:18"], "total_order": 1, "hotel_value": ["4.8"], "hotel_price": ["204"]}, "1740628": {"hotel_name": "\u9526\u6c5f\u4e4b\u661f\u54c1\u5c1a(\u676d\u5dde\u897f\u6e56\u5ef6\u5b89\u8def\u5e97)(\u539f\u7cbe\u54c14s\u7248\u5ef6\u5b89\u8def\u5546\u4e1a\u8857\u5e97)", "order_time": ["2019-01-17 00:50:20"], "total_order": 1, "hotel_value": ["4.5"], "hotel_price": ["173"]}, "1386593": {"hotel_name": "\u676d\u5dde\u4e1c\u65b9\u9a7f\u6982\u5ff5\u9152\u5e97", "order_time": ["2019-01-17 00:50:21"], "total_order": 1, "hotel_value": ["4.6"], "hotel_price": ["174"]}, "12113191": {"hotel_name": "\u9a7f\u5ead\u9152\u5e97(\u676d\u5dde\u963f\u91cc\u672a\u6765\u79d1\u6280\u57ce\u5e97)", "order_time": ["2019-01-17 01:33:56", "2019-01-17 00:50:22"], "total_order": 2, "hotel_value": ["4.5", "4.5"], "hotel_price": ["145", "145"]}, "12432980": {"hotel_name": "\u676d\u5dde\u6c34\u535a\u56ed\u00b7\u9053\u8c37\u9152\u5e97", "order_time": ["2019-01-17 00:50:24"], "total_order": 1, "hotel_value": ["4.7"], "hotel_price": ["510"]}, "1343023": {"hotel_name": "\u901f8\u9152\u5e97(\u676d\u5dde\u5357\u5b8b\u5fa1\u8857\u5e97)", "order_time": ["2019-01-17 00:50:25"], "total_order": 1, "hotel_value": ["4.1"], "hotel_price": ["69"]}, "8697995": {"hotel_name": "\u676d\u5dde\u6ee8\u6c5f\u6c5f\u9675\u8def\u4e9a\u6735\u9152\u5e97", "order_time": ["2019-01-17 00:50:25"], "total_order": 1, "hotel_value": ["4.8"], "hotel_price": ["619"]}, "1606371": {"hotel_name": "\u6e05\u8749\u9152\u5e97(\u676d\u5dde\u897f\u6e56\u5e97)", "order_time": ["2019-01-17 00:50:25"], "total_order": 1, "hotel_value": ["4.8"], "hotel_price": ["282"]}, "479445": {"hotel_name": "\u676d\u5dde\u745e\u83b1\u514b\u65af\u5927\u9152\u5e97", "order_time": ["2019-01-17 01:27:21", "2019-01-17 00:50:26"], "total_order": 2, "hotel_value": ["4.2", "4.2"], "hotel_price": ["204", "204"]}, "1734950": {"hotel_name": "\u676d\u5dde\u897f\u6e56\u6cb3\u574a\u8857\u4e9a\u6735\u9152\u5e97", "order_time": ["2019-01-17 01:14:06", "2019-01-17 00:50:29", "2019-01-17 00:57:08"], "total_order": 3, "hotel_value": ["4.8", "4.8", "4.8"], "hotel_price": ["350", "350", "350"]}, "440700": {"hotel_name": "\u676d\u5dde\u897f\u6eaa\u5929\u5802\u5e03\u9c81\u514b\u9152\u5e97", "order_time": ["2019-01-17 00:50:30"], "total_order": 1, "hotel_value": ["4.2"], "hotel_price": ["240"]}, "12049906": {"hotel_name": "\u676d\u5dde\u5927\u4f3d\u9152\u5e97", "order_time": ["2019-01-17 00:50:31"], "total_order": 1, "hotel_value": ["4.6"], "hotel_price": ["168"]}, "11544655": {"hotel_name": "\u8fdf\u8fdf\u9886\u519b\u9152\u5e97\u5f0f\u516c\u5bd3(\u676d\u5dde\u6c5f\u6ee8\u6f9c\u5ef7\u5e97)", "order_time": ["2019-01-17 00:50:31"], "total_order": 1, "hotel_value": ["4.8"], "hotel_price": ["416"]}, "2260063": {"hotel_name": "\u4e91\u5bbf\u516c\u5bd3\u5f0f\u9152\u5e97(\u676d\u5dde\u897f\u6e56\u5e97)", "order_time": ["2019-01-17 00:50:56"], "total_order": 1, "hotel_value": ["4.6"], "hotel_price": ["352"]}, "443762": {"hotel_name": "\u676d\u5dde\u94f6\u6c5f\u5bbe\u9986", "order_time": ["2019-01-17 00:52:24"], "total_order": 1, "hotel_value": ["4.8"], "hotel_price": ["348"]}, "1270950": {"hotel_name": "\u9e97\u67ab\u9152\u5e97(\u676d\u5dde\u897f\u6e56\u6e56\u6ee8\u5e97)", "order_time": ["2019-01-17 00:52:25"], "total_order": 1, "hotel_value": ["4.4"], "hotel_price": ["256"]}, "1273467": {"hotel_name": "\u676d\u5dde\u838e\u739b\u548c\u8fbe\u670d\u52a1\u5f0f\u516c\u5bd3", "order_time": ["2019-01-17 00:52:26"], "total_order": 1, "hotel_value": ["4.7"], "hotel_price": ["548"]}, "6970191": {"hotel_name": "\u6c49\u5ead\u9152\u5e97(\u676d\u5dde\u6b66\u6797\u95e8\u6e56\u5885\u5357\u8def\u5e97)", "order_time": ["2019-01-17 00:52:28"], "total_order": 1, "hotel_value": ["4.7"], "hotel_price": ["199"]}, "15161206": {"hotel_name": "\u7f8e\u8c6a\u9152\u5e97(\u676d\u5dde\u6d59\u5927\u897f\u6eaa\u7d2b\u91d1\u6e2f\u65d7\u8230\u5e97)", "order_time": ["2019-01-17 00:52:31"], "total_order": 1, "hotel_value": ["4.8"], "hotel_price": ["289"]}, "2143051": {"hotel_name": "\u5fc6\u6cca\u57ce\u5e02\u00b7\u827a\u672f\u9152\u5e97(\u676d\u5dde\u897f\u6eaa\u6d59\u5927\u7d2b\u91d1\u6e2f\u5e97)", "order_time": ["2019-01-17 00:52:32"], "total_order": 1, "hotel_value": ["4.9"], "hotel_price": ["337"]}, "8558912": {"hotel_name": "\u676d\u5dde\u60c5\u8bd7\u9152\u5e97", "order_time": ["2019-01-17 01:29:36", "2019-01-17 00:52:32"], "total_order": 2, "hotel_value": ["4.8", "4.8"], "hotel_price": ["599", "599"]}, "19626880": {"hotel_name": "\u676d\u5dde\u9038\u6797\u9152\u5e97", "order_time": ["2019-01-17 00:52:34"], "total_order": 1, "hotel_value": ["4.6"], "hotel_price": ["255"]}, "23928456": {"hotel_name": "\u676d\u5dde\u94b1\u6c5f\u65b0\u57ce\u94b1\u6c5f\u8def\u4e9a\u6735\u9152\u5e97", "order_time": ["2019-01-17 00:52:34"], "total_order": 1, "hotel_value": ["4.8"], "hotel_price": ["390"]}, "375374": {"hotel_name": "\u676d\u5dde\u7ef4\u666f\u56fd\u9645\u5927\u9152\u5e97", "order_time": ["2019-01-17 00:52:37"], "total_order": 1, "hotel_value": ["4.5"], "hotel_price": ["420"]}, "15164289": {"hotel_name": "\u676d\u5dde\u666f\u81f4\u516c\u5bd3\u5f0f\u9152\u5e97", "order_time": ["2019-01-17 00:52:38"], "total_order": 1, "hotel_value": ["4.6"], "hotel_price": ["262"]}, "22549156": {"hotel_name": "\u676d\u5ddeeagle\u7535\u7ade\u9152\u5e97\u5f0f\u516c\u5bd3", "order_time": ["2019-01-17 00:52:42"], "total_order": 1, "hotel_value": ["4.8"], "hotel_price": ["353"]}, "1245891": {"hotel_name": "\u4e34\u5b89\u6d59\u897f\u5927\u5ce1\u8c37\u5761\u5fc3\u6a7c\u820d\u6c11\u5bbf", "order_time": ["2019-01-17 00:53:37"], "total_order": 1, "hotel_value": ["4.9"], "hotel_price": ["579"]}, "25764318": {"hotel_name": "\u4e34\u5b89\u521d\u5fc6\u5c0f\u9662\u6c11\u5bbf", "order_time": ["2019-01-17 00:53:46"], "total_order": 1, "hotel_value": [0], "hotel_price": ["882"]}, "1346930": {"hotel_name": "\u676d\u5dde\u5143\u90fd\u7cbe\u54c1\u9152\u5e97", "order_time": ["2019-01-17 00:54:52"], "total_order": 1, "hotel_value": ["4.2"], "hotel_price": ["147"]}, "6254733": {"hotel_name": "\u676d\u5ddetakeanap\u772f\u4e00\u4f1a\u4f4f\u5bbf", "order_time": ["2019-01-17 00:54:56"], "total_order": 1, "hotel_value": ["4.0"], "hotel_price": ["135"]}, "1485627": {"hotel_name": "\u6c49\u5ead\u9152\u5e97(\u676d\u5dde\u8f6c\u5858\u7f8e\u9662\u5e97)", "order_time": ["2019-01-17 00:59:06", "2019-01-17 00:54:56"], "total_order": 2, "hotel_value": ["4.3", "4.3"], "hotel_price": ["284", "284"]}, "4498707": {"hotel_name": "\u676d\u5dde\u57ce\u4e2d\u9999\u683c\u91cc\u62c9\u5927\u9152\u5e97", "order_time": ["2019-01-17 00:54:56"], "total_order": 1, "hotel_value": ["4.7"], "hotel_price": ["1296"]}, "976281": {"hotel_name": "\u676d\u5dde\u77f3\u5858\u745e\u83b1\u514b\u65af\u5927\u9152\u5e97", "order_time": ["2019-01-17 00:54:56"], "total_order": 1, "hotel_value": ["4.2"], "hotel_price": ["247"]}, "6826662": {"hotel_name": "\u5982\u5bb6\u6d3e\u67cf\u00b7\u4e91\u9152\u5e97(\u676d\u5dde\u706b\u8f66\u4e1c\u7ad9\u5230\u8fbe\u5927\u5385\u897f\u5e7f\u573a\u5e97)", "order_time": ["2019-01-17 00:54:58"], "total_order": 1, "hotel_value": ["4.0"], "hotel_price": ["197"]}, "9217184": {"hotel_name": "\u7d2b\u4e4b\u9152\u5e97(\u676d\u5dde\u5b8b\u57ce\u7f8e\u9662\u5e97)", "order_time": ["2019-01-17 00:54:59"], "total_order": 1, "hotel_value": ["4.4"], "hotel_price": ["164"]}, "7124667": {"hotel_name": "\u9038\u8377\u7cbe\u54c1\u9152\u5e97(\u676d\u5dde\u4e5d\u5821\u5ba2\u8fd0\u4e2d\u5fc3\u5e97)", "order_time": ["2019-01-17 00:54:59"], "total_order": 1, "hotel_value": ["4.6"], "hotel_price": ["202"]}, "21331816": {"hotel_name": "\u676d\u5dde\u6cca\u820d\u516c\u5bd3", "order_time": ["2019-01-17 00:55:05"], "total_order": 1, "hotel_value": ["4.6"], "hotel_price": ["146"]}, "4310495": {"hotel_name": "\u676d\u5dde\u67ab\u6797\u665a\u7cbe\u54c1\u9152\u5e97", "order_time": ["2019-01-17 00:55:11"], "total_order": 1, "hotel_value": ["3.9"], "hotel_price": ["140"]}, "5408192": {"hotel_name": "\u676d\u5dde\u6708\u8377\u5370\u8c61\u7cbe\u54c1\u9152\u5e97", "order_time": ["2019-01-17 00:55:16"], "total_order": 1, "hotel_value": ["4.5"], "hotel_price": ["262"]}, "13318715": {"hotel_name": "\u676d\u5dde\u672a\u6765\u79d1\u6280\u57ce\u4e9a\u6735\u8f7b\u5c45\u9152\u5e97", "order_time": ["2019-01-17 00:55:16"], "total_order": 1, "hotel_value": ["4.8"], "hotel_price": ["444"]}, "709093": {"hotel_name": "\u4e34\u5b89\u6e4d\u53e3\u4f17\u5b89\u6c21\u6e29\u6cc9\u5ea6\u5047\u9152\u5e97", "order_time": ["2019-01-17 00:55:19", "2019-01-17 01:17:24"], "total_order": 2, "hotel_value": ["4.6", "4.6"], "hotel_price": ["1776", "1776"]}, "6639337": {"hotel_name": "\u683c\u5948\u9152\u5e97(\u676d\u5dde\u8f6c\u5858\u7f8e\u9662\u5e97)", "order_time": ["2019-01-17 00:56:51"], "total_order": 1, "hotel_value": ["4.7"], "hotel_price": ["327"]}, "26447340": {"hotel_name": "\u676d\u5dde\u65b0\u5929\u5730\u4e07\u67ab\u9152\u5e97", "order_time": ["2019-01-17 01:33:56", "2019-01-17 00:56:53"], "total_order": 2, "hotel_value": ["4.8", "4.8"], "hotel_price": ["410", "410"]}, "479029": {"hotel_name": "\u676d\u5dde\u8427\u5c71\u5b9d\u76db\u5bbe\u9986", "order_time": ["2019-01-17 00:56:55"], "total_order": 1, "hotel_value": ["4.8"], "hotel_price": ["359"]}, "445494": {"hotel_name": "\u676d\u5dde\u548c\u4e3d\u7cbe\u54c1\u9152\u5e97", "order_time": ["2019-01-17 00:56:55"], "total_order": 1, "hotel_value": ["4.4"], "hotel_price": ["189"]}, "1590897": {"hotel_name": "\u676d\u5dde\u5bcc\u9633\u4e7e\u5317\u9152\u5e97", "order_time": ["2019-01-17 00:56:55"], "total_order": 1, "hotel_value": ["4.6"], "hotel_price": ["193"]}, "3638969": {"hotel_name": "\u676d\u5dde\u897f\u6eaa\u7d2b\u91d1\u6e2f\u4e9a\u6735\u9152\u5e97", "order_time": ["2019-01-17 00:56:58"], "total_order": 1, "hotel_value": ["4.8"], "hotel_price": ["444"]}, "1640619": {"hotel_name": "\u7d22\u7279\u6765\u6587\u827a\u9152\u5e97(\u676d\u5dde\u897f\u6e56\u89e3\u653e\u8def\u5e97)", "order_time": ["2019-01-17 00:56:58"], "total_order": 1, "hotel_value": ["4.8"], "hotel_price": ["227"]}, "6041781": {"hotel_name": "\u901f8\u9152\u5e97(\u676d\u5dde\u4e34\u5e73\u5730\u94c1\u7ad9\u5e97)", "order_time": ["2019-01-17 00:56:59"], "total_order": 1, "hotel_value": ["4.5"], "hotel_price": ["144"]}, "453487": {"hotel_name": "\u5168\u5b63\u9152\u5e97(\u676d\u5dde\u897f\u6e56\u5e97)", "order_time": ["2019-01-17 01:12:05", "2019-01-17 00:57:00"], "total_order": 2, "hotel_value": ["4.8", "4.8"], "hotel_price": ["341", "341"]}, "914847": {"hotel_name": "\u676d\u5dde\u5a01\u5ec9\u7684\u592a\u5983\u7cd6\u9152\u5e97", "order_time": ["2019-01-17 00:57:01"], "total_order": 1, "hotel_value": ["4.6"], "hotel_price": ["212"]}, "667974": {"hotel_name": "\u676d\u5dde\u9e3f\u83f2\u9152\u5e97\u516c\u5bd3", "order_time": ["2019-01-17 00:57:02"], "total_order": 1, "hotel_value": ["4.3"], "hotel_price": ["183"]}, "16066929": {"hotel_name": "\u6cf0\u6664\u58eb\u57ce\u5b63\u9152\u5e97(\u676d\u5dde\u4e0b\u57ce\u65b0\u5929\u5730\u5e97)", "order_time": ["2019-01-17 00:57:06"], "total_order": 1, "hotel_value": ["4.6"], "hotel_price": ["307"]}, "2987495": {"hotel_name": "\u5c0a\u4eab\u751f\u6d3b\u9152\u5e97(\u676d\u5dde\u897f\u6e56\u5e97)", "order_time": ["2019-01-17 00:57:08"], "total_order": 1, "hotel_value": ["4.7"], "hotel_price": ["276"]}, "5244505": {"hotel_name": "\u676d\u5dde\u8377\u65b9\u56fd\u9645\u9752\u5e74\u65c5\u820d", "order_time": ["2019-01-17 00:57:09"], "total_order": 1, "hotel_value": ["4.4"], "hotel_price": ["52"]}, "994230": {"hotel_name": "\u676d\u5dde\u97e9\u5c1a\u5feb\u6377\u9152\u5e97", "order_time": ["2019-01-17 00:57:16"], "total_order": 1, "hotel_value": ["3.8"], "hotel_price": ["109"]}, "1349076": {"hotel_name": "\u676d\u5dde\u7a7a\u6e2f\u5929\u73b2\u5ba2\u623f", "order_time": ["2019-01-17 00:57:20"], "total_order": 1, "hotel_value": ["3.4"], "hotel_price": ["112"]}, "1316622": {"hotel_name": "\u676d\u5dde\u51ef\u7279\u5feb\u6377\u9152\u5e97", "order_time": ["2019-01-17 01:03:36", "2019-01-17 00:57:20"], "total_order": 2, "hotel_value": ["4.0", "4.0"], "hotel_price": ["113", "113"]}, "14248272": {"hotel_name": "\u5982\u5bb6\u7cbe\u9009(\u676d\u5dde\u56db\u5b63\u9752\u670d\u88c5\u5e02\u573a\u6e05\u6c5f\u8def\u5e97)", "order_time": ["2019-01-17 00:58:57"], "total_order": 1, "hotel_value": ["4.8"], "hotel_price": ["236"]}, "15901870": {"hotel_name": "\u676d\u5dde\u597d\u65f6\u8fd0\u541b\u4ead\u9152\u5e97", "order_time": ["2019-01-17 00:58:59"], "total_order": 1, "hotel_value": ["4.6"], "hotel_price": ["280"]}, "447016": {"hotel_name": "\u676d\u5dde\u7687\u51a0\u5927\u9152\u5e97", "order_time": ["2019-01-17 01:44:40", "2019-01-17 00:59:06"], "total_order": 2, "hotel_value": ["4.2", "4.2"], "hotel_price": ["238", "238"]}, "469216": {"hotel_name": "\u5168\u5b63\u9152\u5e97(\u676d\u5dde\u6b66\u6797\u5e7f\u573a\u5317\u5e97)", "order_time": ["2019-01-17 00:59:06"], "total_order": 1, "hotel_value": ["4.8"], "hotel_price": ["265"]}, "8057853": {"hotel_name": "\u676d\u5dde\u4f0a\u6cfd\u745e\u5c14\u9152\u5e97\u516c\u5bd3", "order_time": ["2019-01-17 00:59:20"], "total_order": 1, "hotel_value": ["4.7"], "hotel_price": ["193"]}, "1480693": {"hotel_name": "\u676d\u5dde\u8212\u5bb6\u5feb\u6377\u9152\u5e97", "order_time": ["2019-01-17 00:59:30"], "total_order": 1, "hotel_value": ["4.1"], "hotel_price": ["93"]}, "5387411": {"hotel_name": "\u5b8b\u97f5\u827a\u5885\u7cbe\u54c1\u9152\u5e97(\u676d\u5dde\u9f13\u697c\u6cb3\u574a\u8857\u5e97)", "order_time": ["2019-01-17 01:00:57"], "total_order": 1, "hotel_value": ["4.6"], "hotel_price": ["184"]}, "895709": {"hotel_name": "\u676d\u5dde\u5fb7\u80dc\u745e\u83b1\u514b\u65af\u5927\u9152\u5e97", "order_time": ["2019-01-17 01:01:03", "2019-01-17 01:33:56"], "total_order": 2, "hotel_value": ["4.4", "4.4"], "hotel_price": ["263", "263"]}, "427835": {"hotel_name": "\u5982\u5bb6\u7cbe\u9009\u9152\u5e97(\u676d\u5dde\u897f\u6e56\u6587\u5316\u5e7f\u573a\u5730\u94c1\u7ad9\u5e97)", "order_time": ["2019-01-17 01:01:04", "2019-01-17 01:33:56"], "total_order": 2, "hotel_value": ["4.7", "4.7"], "hotel_price": ["225", "225"]}, "430484": {"hotel_name": "\u676d\u5dde\u6d77\u5916\u6d77\u5047\u65e5\u9152\u5e97", "order_time": ["2019-01-17 01:01:06"], "total_order": 1, "hotel_value": ["4.5"], "hotel_price": ["309"]}, "2315867": {"hotel_name": "\u676d\u5dde\u65fa\u7530\u5927\u9152\u5e97", "order_time": ["2019-01-17 01:01:07"], "total_order": 1, "hotel_value": ["4.4"], "hotel_price": ["274"]}, "1307664": {"hotel_name": "\u676d\u5dde\u8212\u7c73\u9152\u5e97", "order_time": ["2019-01-17 01:01:11"], "total_order": 1, "hotel_value": ["4.3"], "hotel_price": ["95"]}, "18520738": {"hotel_name": "\u676d\u5dde\u8288\u677e\u5ea6\u5047\u522b\u5885(\u6e56\u57e0\u6751\u5206\u5e97)", "order_time": ["2019-01-17 01:01:42"], "total_order": 1, "hotel_value": [0], "hotel_price": ["231"]}, "21124661": {"hotel_name": "\u676d\u5dde\u56fd\u5c55\u535a\u4e50\u8bd7\u670d\u52a1\u516c\u5bd3", "order_time": ["2019-01-17 01:16:20", "2019-01-17 01:03:01"], "total_order": 2, "hotel_value": ["4.5", "4.5"], "hotel_price": ["197", "197"]}, "1629960": {"hotel_name": "\u5357\u82d1e\u5bb6(\u897f\u6e56\u5357\u5b8b\u5fa1\u8857\u5e97)(\u539f\u6f2b\u6e56\u5047\u65e5\u9152\u5e97)", "order_time": ["2019-01-17 01:03:08"], "total_order": 1, "hotel_value": ["4.1"], "hotel_price": ["80"]}, "24859053": {"hotel_name": "Q\u52a0\u00b7\u5ea6\u7f8e\u9152\u5e97(\u676d\u5dde\u94b1\u6c5f\u65b0\u57ce\u6c7d\u8f66\u5357\u7ad9\u5e97)", "order_time": ["2019-01-17 01:03:17"], "total_order": 1, "hotel_value": ["4.7"], "hotel_price": ["199"]}, "659216": {"hotel_name": "\u6850\u5e90\u6d77\u535a\u5927\u9152\u5e97", "order_time": ["2019-01-17 01:04:18", "2019-01-17 01:39:04"], "total_order": 2, "hotel_value": ["4.7", "4.7"], "hotel_price": ["478", "478"]}, "6307537": {"hotel_name": "\u5343\u5c9b\u6e56\u5cf0\u6cf0\u541b\u4ead\u9152\u5e97", "order_time": ["2019-01-17 01:04:18"], "total_order": 1, "hotel_value": ["4.8"], "hotel_price": ["258"]}, "1052440": {"hotel_name": "\u4e34\u5b89\u5927\u660e\u5c71\u767e\u5408\u519c\u5e84", "order_time": ["2019-01-17 01:04:21"], "total_order": 1, "hotel_value": ["4.6"], "hotel_price": ["111"]}, "6111350": {"hotel_name": "\u5efa\u5fb7\u5e02\u6885\u57ce\u7c73\u8bfa\u4e3b\u9898\u9152\u5e97", "order_time": ["2019-01-17 01:04:21"], "total_order": 1, "hotel_value": ["4.3"], "hotel_price": ["123"]}, "1004281": {"hotel_name": "\u4e34\u5b89\u5927\u660e\u5c71\u5c0f\u6865\u6d41\u6c34\u519c\u5bb6", "order_time": ["2019-01-17 01:04:23"], "total_order": 1, "hotel_value": ["4.8"], "hotel_price": ["107"]}, "14175471": {"hotel_name": "\u676d\u5dde\u6ee8\u6c5f\u827a\u73fa\u9152\u5e97", "order_time": ["2019-01-17 01:05:24"], "total_order": 1, "hotel_value": ["4.6"], "hotel_price": ["518"]}, "3997628": {"hotel_name": "\u6854\u5b50\u6c34\u6676\u9152\u5e97(\u676d\u5dde\u706b\u8f66\u4e1c\u7ad9\u5e97)", "order_time": ["2019-01-17 01:05:24"], "total_order": 1, "hotel_value": ["4.8"], "hotel_price": ["398"]}, "8602465": {"hotel_name": "\u676d\u5dde\u6ee8\u6c5f\u5e0c\u5c14\u987f\u6b22\u670b\u9152\u5e97", "order_time": ["2019-01-17 01:05:26"], "total_order": 1, "hotel_value": ["4.8"], "hotel_price": ["528"]}, "1640042": {"hotel_name": "7\u5929\u8fde\u9501\u9152\u5e97(\u676d\u5dde\u897f\u6e56\u51e4\u8d77\u8def\u4e2d\u56fd\u4e1d\u7ef8\u57ce\u5e97)", "order_time": ["2019-01-17 01:05:27"], "total_order": 1, "hotel_value": ["4.0"], "hotel_price": ["109"]}, "6443694": {"hotel_name": "\u676d\u5dde\u4e2d\u8d62\u00b7\u94c2\u91d1\u7687\u51a0\u5047\u65e5\u9152\u5e97", "order_time": ["2019-01-17 01:05:32"], "total_order": 1, "hotel_value": ["4.6"], "hotel_price": ["538"]}, "849909": {"hotel_name": "\u676d\u5dde\u94b1\u6c5f\u65b0\u57ce\u4e07\u6021\u9152\u5e97", "order_time": ["2019-01-17 01:05:33"], "total_order": 1, "hotel_value": ["4.5"], "hotel_price": ["662"]}, "5726617": {"hotel_name": "\u7267\u6668\u9152\u5e97(\u676d\u5dde\u548c\u8fbe\u81ea\u7531\u6e2f\u5e97)", "order_time": ["2019-01-17 01:05:33"], "total_order": 1, "hotel_value": ["4.5"], "hotel_price": ["201"]}, "2095639": {"hotel_name": "\u676d\u5dde\u5d07\u51ef\u5927\u9152\u5e97", "order_time": ["2019-01-17 01:05:35"], "total_order": 1, "hotel_value": ["3.6"], "hotel_price": ["199"]}, "6719575": {"hotel_name": "\u676d\u5dde\u6b27\u5c1a\u9152\u5e97\u5f0f\u516c\u5bd3", "order_time": ["2019-01-17 01:05:52"], "total_order": 1, "hotel_value": ["4.4"], "hotel_price": ["103"]}, "6343565": {"hotel_name": "\u676d\u5dde\u666f\u6f9c\u6b27\u7eac\u8bbe\u8ba1\u9152\u5e97", "order_time": ["2019-01-17 01:07:36"], "total_order": 1, "hotel_value": ["4.5"], "hotel_price": ["398"]}, "1380398": {"hotel_name": "\u5982\u5bb6\u5546\u65c5\u9152\u5e97(\u676d\u5dde\u94b1\u6c5f\u65b0\u57ce\u56db\u5b63\u9752\u670d\u88c5\u5e02\u573a\u5e97)", "order_time": ["2019-01-17 01:07:40"], "total_order": 1, "hotel_value": ["4.7"], "hotel_price": ["233"]}, "1372253": {"hotel_name": "\u676d\u5dde\u767e\u5229\u6c99\u6e56\u7554\u9152\u5e97", "order_time": ["2019-01-17 01:07:41"], "total_order": 1, "hotel_value": ["4.4"], "hotel_price": ["221"]}, "968489": {"hotel_name": "\u6c49\u5ead\u9152\u5e97(\u676d\u5dde\u6b66\u6797\u5e7f\u573a\u5e97)", "order_time": ["2019-01-17 01:07:43"], "total_order": 1, "hotel_value": ["4.6"], "hotel_price": ["237"]}, "1717677": {"hotel_name": "\u676d\u5dde\u5b9d\u5584\u5bbe\u9986", "order_time": ["2019-01-17 01:07:44"], "total_order": 1, "hotel_value": ["4.5"], "hotel_price": ["313"]}, "1535526": {"hotel_name": "\u6c49\u5ead\u9152\u5e97(\u676d\u5dde\u8427\u5c71\u673a\u573a\u5e97)", "order_time": ["2019-01-17 01:07:46"], "total_order": 1, "hotel_value": ["4.4"], "hotel_price": ["189"]}, "3746082": {"hotel_name": "\u676d\u5dde\u8212\u6cca\u8c6a\u5927\u9152\u5e97", "order_time": ["2019-01-17 01:07:46", "2019-01-17 01:18:30", "2019-01-17 01:29:46"], "total_order": 3, "hotel_value": ["4.6", "4.6", "4.6"], "hotel_price": ["292", "292", "292"]}, "1306677": {"hotel_name": "\u676d\u5dde\u7f57\u62c9\u98ce\u60c5\u5047\u65e5\u9152\u5e97", "order_time": ["2019-01-17 01:07:52"], "total_order": 1, "hotel_value": ["4.2"], "hotel_price": ["90"]}, "25369531": {"hotel_name": "\u57ce\u5e02\u4fbf\u6377\u9152\u5e97(\u676d\u5dde\u4e01\u6865\u5e97)", "order_time": ["2019-01-17 01:07:52"], "total_order": 1, "hotel_value": ["4.7"], "hotel_price": ["157"]}, "782787": {"hotel_name": "\u5982\u5bb6\u5feb\u6377\u9152\u5e97(\u676d\u5dde\u6b66\u6797\u5e7f\u573a\u6d59\u6c5f\u7535\u89c6\u53f0\u5e97)", "order_time": ["2019-01-17 01:08:02"], "total_order": 1, "hotel_value": ["3.9"], "hotel_price": ["142"]}, "21928405": {"hotel_name": "\u514b\u62c9\u548c\u5b63\u9152\u5e97\u5f0f\u516c\u5bd3(\u676d\u5dde\u4e1c\u7ad9\u5e97)", "order_time": ["2019-01-17 01:09:57"], "total_order": 1, "hotel_value": ["4.6"], "hotel_price": ["183"]}, "6413900": {"hotel_name": "\u4e91\u5bbf\u516c\u5bd3\u5f0f\u9152\u5e97(\u676d\u5dde\u57ce\u897f\u94f6\u6cf0\u5e97)", "order_time": ["2019-01-17 01:09:58"], "total_order": 1, "hotel_value": ["4.5"], "hotel_price": ["171"]}, "1727764": {"hotel_name": "\u676d\u5dde\u897f\u6e56\u6587\u5316\u5e7f\u573a\u4e9a\u6735\u9152\u5e97", "order_time": ["2019-01-17 01:16:18", "2019-01-17 01:09:59"], "total_order": 2, "hotel_value": ["4.8", "4.8"], "hotel_price": ["532", "532"]}, "26227562": {"hotel_name": "\u676d\u5dde\u4f18\u5c4b\u7f8e\u5bbf\u4e0b\u6c99\u9f99\u6e56\u5929\u8857\u670d\u52a1\u516c\u5bd3", "order_time": ["2019-01-17 01:10:03"], "total_order": 1, "hotel_value": ["4.7"], "hotel_price": ["200"]}, "1137316": {"hotel_name": "\u676d\u5dde\u82cd\u7075\u516c\u5bd3\u5f0f\u9152\u5e97", "order_time": ["2019-01-17 01:10:08"], "total_order": 1, "hotel_value": ["4.0"], "hotel_price": ["163"]}, "542732": {"hotel_name": "\u4e14\u5ba2\u9152\u5e97\u5f0f\u516c\u5bd3(\u676d\u5dde\u661f\u5149\u5927\u9053\u5e97)", "order_time": ["2019-01-17 01:10:08"], "total_order": 1, "hotel_value": ["4.4"], "hotel_price": ["232"]}, "1461643": {"hotel_name": "\u83ab\u6cf0268(\u676d\u5dde\u897f\u6e56\u5357\u5b8b\u5fa1\u8857\u6b65\u884c\u8857\u5e97)", "order_time": ["2019-01-17 01:23:04", "2019-01-17 01:12:04"], "total_order": 2, "hotel_value": ["4.4", "4.4"], "hotel_price": ["123", "123"]}, "739280": {"hotel_name": "\u676d\u5ddeEAC\u6b27\u7f8e\u4e2d\u5fc3\u56fd\u9645\u9152\u5e97\u516c\u5bd3", "order_time": ["2019-01-17 01:12:05"], "total_order": 1, "hotel_value": ["4.6"], "hotel_price": ["348"]}, "5246187": {"hotel_name": "\u676d\u5dde\u4e34\u5e73\u4eba\u6c11\u5927\u9053\u4e9a\u6735\u9152\u5e97", "order_time": ["2019-01-17 01:14:13"], "total_order": 1, "hotel_value": ["4.7"], "hotel_price": ["275"]}, "1229388": {"hotel_name": "\u6d59\u6c5f\u5927\u5b66\u5706\u6b63\u00b7\u7075\u5cf0\u5c71\u5e84", "order_time": ["2019-01-17 01:14:17"], "total_order": 1, "hotel_value": ["4.5"], "hotel_price": ["258"]}, "670047": {"hotel_name": "\u5168\u5b63\u9152\u5e97(\u676d\u5dde\u897f\u6e56\u6d63\u7eb1\u8def\u5e97)", "order_time": ["2019-01-17 01:24:59", "2019-01-17 01:14:26"], "total_order": 2, "hotel_value": ["4.8", "4.8"], "hotel_price": ["294", "294"]}, "15235323": {"hotel_name": "\u676d\u5dde\u7687\u5ef7\u9152\u5e97", "order_time": ["2019-01-17 01:14:26"], "total_order": 1, "hotel_value": ["4.7"], "hotel_price": ["190"]}, "9183041": {"hotel_name": "\u676d\u5dde\u6c83\u8c6a\u9152\u5e97", "order_time": ["2019-01-17 01:14:31"], "total_order": 1, "hotel_value": ["4.2"], "hotel_price": ["141"]}, "1764634": {"hotel_name": "\u676d\u5dde\u6587\u534f\u5bbe\u9986", "order_time": ["2019-01-17 01:14:34"], "total_order": 1, "hotel_value": ["4.5"], "hotel_price": ["126"]}, "1500943": {"hotel_name": "\u5982\u5bb6\u5feb\u6377\u9152\u5e97(\u676d\u5dde\u897f\u6e56\u94f6\u6cf0\u5e97)", "order_time": ["2019-01-17 01:16:19"], "total_order": 1, "hotel_value": ["4.3"], "hotel_price": ["125"]}, "1441689": {"hotel_name": "\u6c49\u5ead\u9152\u5e97(\u676d\u5dde\u897f\u6e56\u6cb3\u574a\u8857\u65b0\u5e97)(\u539f\u897f\u6e56\u5434\u5c71\u5e7f\u573a\u5e97)", "order_time": ["2019-01-17 01:16:19"], "total_order": 1, "hotel_value": ["4.5"], "hotel_price": ["135"]}, "1465147": {"hotel_name": "\u676d\u5dde\u6d59\u5546\u5927\u9152\u5e97", "order_time": ["2019-01-17 01:16:20", "2019-01-17 01:31:50"], "total_order": 2, "hotel_value": ["4.1", "4.1"], "hotel_price": ["209", "209"]}, "688776": {"hotel_name": "\u676d\u5dde\u6d77\u5916\u6d77\u7eb3\u5ddd\u5927\u9152\u5e97", "order_time": ["2019-01-17 01:16:23"], "total_order": 1, "hotel_value": ["4.8"], "hotel_price": ["288"]}, "26618172": {"hotel_name": "\u676d\u5dde\u4edf\u5bfb\u5ba2\u6808", "order_time": ["2019-01-17 01:16:27"], "total_order": 1, "hotel_value": ["4.9"], "hotel_price": ["229"]}, "1764629": {"hotel_name": "\u676d\u5dde\u5bbe\u5179\u7cbe\u54c1\u9152\u5e97", "order_time": ["2019-01-17 01:16:30"], "total_order": 1, "hotel_value": ["4.3"], "hotel_price": ["240"]}, "5377116": {"hotel_name": "\u676d\u5dde\u8c6a\u6e90\u9152\u5e97", "order_time": ["2019-01-17 01:16:46"], "total_order": 1, "hotel_value": ["4.6"], "hotel_price": ["131"]}, "1289878": {"hotel_name": "\u5e03\u4e01\u9152\u5e97(\u676d\u5dde\u706b\u8f66\u57ce\u7ad9\u6e05\u6cb3\u574a\u53e4\u8857\u5e97)", "order_time": ["2019-01-17 01:17:11"], "total_order": 1, "hotel_value": ["4.2"], "hotel_price": ["65"]}, "19624311": {"hotel_name": "\u83b1\u5ead\u9152\u5e97(\u676d\u5dde\u8427\u5c71\u673a\u573a\u5e97)", "order_time": ["2019-01-17 01:18:30"], "total_order": 1, "hotel_value": ["4.5"], "hotel_price": ["140"]}, "26221735": {"hotel_name": "\u676d\u5dde\u79c0\u9152\u5e97", "order_time": ["2019-01-17 01:18:31", "2019-01-17 01:20:36"], "total_order": 2, "hotel_value": ["4.8", "4.8"], "hotel_price": ["387", "387"]}, "975689": {"hotel_name": "\u57ce\u5e02\u4fbf\u6377\u9152\u5e97(\u676d\u5dde\u897f\u6e56\u5357\u5b8b\u5fa1\u8857\u5e97)", "order_time": ["2019-01-17 01:18:35"], "total_order": 1, "hotel_value": ["4.1"], "hotel_price": ["118"]}, "532994": {"hotel_name": "\u676d\u5dde\u4e1c\u822a\u4e91\u9038\u9152\u5e97", "order_time": ["2019-01-17 01:18:35"], "total_order": 1, "hotel_value": ["4.7"], "hotel_price": ["478"]}, "6110235": {"hotel_name": "\u676d\u5dde\u671b\u8fbe\u65af\u9752\u5e74\u65c5\u820d", "order_time": ["2019-01-17 01:18:36"], "total_order": 1, "hotel_value": ["4.7"], "hotel_price": ["45"]}, "5721244": {"hotel_name": "\u5982\u5bb6\u7cbe\u9009\u9152\u5e97(\u676d\u5dde\u94b1\u6c5f\u4e16\u7eaa\u65b0\u57ce\u676d\u6d77\u8def\u5e97)", "order_time": ["2019-01-17 01:18:39"], "total_order": 1, "hotel_value": ["4.8"], "hotel_price": ["298"]}, "1702968": {"hotel_name": "\u676d\u5dde\u51e4\u7687\u96c5\u5cb8\u56fd\u9645\u5047\u65e5\u9152\u5e97", "order_time": ["2019-01-17 01:18:40"], "total_order": 1, "hotel_value": ["4.1"], "hotel_price": ["237"]}, "1350429": {"hotel_name": "\u676d\u5dde\u897f\u6eaa\u58f9\u6811\u7cbe\u54c1\u9152\u5e97", "order_time": ["2019-01-17 01:18:40"], "total_order": 1, "hotel_value": ["4.4"], "hotel_price": ["192"]}, "1769063": {"hotel_name": "\u676d\u5dde\u6da6\u8fbe\u56fd\u9645\u5927\u9152\u5e97", "order_time": ["2019-01-17 01:18:40"], "total_order": 1, "hotel_value": ["4.6"], "hotel_price": ["261"]}, "434627": {"hotel_name": "\u676d\u5dde\u6613\u878d\u9152\u5e97", "order_time": ["2019-01-17 01:18:41"], "total_order": 1, "hotel_value": ["4.6"], "hotel_price": ["213"]}, "1352847": {"hotel_name": "\u7384\u9f99\u9152\u5e97\u5f0f\u516c\u5bd3(\u676d\u5dde\u6ee8\u6c5f\u661f\u5149\u5927\u9053\u5e97)", "order_time": ["2019-01-17 01:18:48"], "total_order": 1, "hotel_value": ["4.0"], "hotel_price": ["192"]}, "1387285": {"hotel_name": "\u676d\u5dde\u7231\u52a0\u9152\u5e97\u5858\u6816\u6816\u534e\u5e97", "order_time": ["2019-01-17 01:18:55"], "total_order": 1, "hotel_value": ["4.2"], "hotel_price": ["93"]}, "468479": {"hotel_name": "\u676d\u5dde\u4e50\u901499\u65c5\u9986\u8427\u5c71\u5e97", "order_time": ["2019-01-17 01:18:56"], "total_order": 1, "hotel_value": ["3.1"], "hotel_price": ["120"]}, "6435823": {"hotel_name": "\u676d\u5dde\u4e1c\u8fd0\u7cbe\u54c1\u9152\u5e97", "order_time": ["2019-01-17 01:19:05"], "total_order": 1, "hotel_value": ["4.2"], "hotel_price": ["135"]}, "1925758": {"hotel_name": "\u4e34\u5b89\u4ea4\u901a\u7687\u51a0\u5047\u65e5\u9152\u5e97", "order_time": ["2019-01-17 01:19:23"], "total_order": 1, "hotel_value": ["4.3"], "hotel_price": ["383"]}, "439847": {"hotel_name": "\u676d\u5dde\u91d1\u82d1\u5bbe\u9986", "order_time": ["2019-01-17 01:20:35"], "total_order": 1, "hotel_value": ["4.3"], "hotel_price": ["731"]}, "473569": {"hotel_name": "\u5b8b\u57ce\u5343\u53e4\u60c5\u4e3b\u9898\u9152\u5e97(\u676d\u5dde\u897f\u6e56\u5e97)", "order_time": ["2019-01-17 01:20:37"], "total_order": 1, "hotel_value": ["4.6"], "hotel_price": ["308"]}, "21344917": {"hotel_name": "\u676d\u5dde\u4f18\u5c4b\u7f8e\u5bbf\u897f\u6eaa\u94f6\u6cf0\u670d\u52a1\u516c\u5bd3", "order_time": ["2019-01-17 01:20:40"], "total_order": 1, "hotel_value": ["4.8"], "hotel_price": ["283"]}, "3362123": {"hotel_name": "\u5982\u5bb6\u7cbe\u9009\u9152\u5e97(\u676d\u5dde\u56db\u5b63\u9752\u670d\u88c5\u5e02\u573a\u5e86\u83f1\u8def\u5730\u94c1\u7ad9\u5e97)", "order_time": ["2019-01-17 01:20:41"], "total_order": 1, "hotel_value": ["4.8"], "hotel_price": ["215"]}, "1010583": {"hotel_name": "\u676d\u5dde\u80e4\u9686\u4f1a\u4f11\u95f2\u4e3b\u9898\u9152\u5e97", "order_time": ["2019-01-17 01:20:42"], "total_order": 1, "hotel_value": ["4.4"], "hotel_price": ["280"]}, "1220663": {"hotel_name": "\u676d\u5dde\u66fc\u9706\u7cbe\u54c1\u5546\u52a1\u9152\u5e97", "order_time": ["2019-01-17 01:20:43", "2019-01-17 01:33:56"], "total_order": 2, "hotel_value": ["4.7", "4.7"], "hotel_price": ["205", "205"]}, "7659996": {"hotel_name": "\u676d\u5dde\u9886\u822a\u9152\u5e97", "order_time": ["2019-01-17 01:20:47"], "total_order": 1, "hotel_value": ["4.4"], "hotel_price": ["192"]}, "1709968": {"hotel_name": "\u676d\u5dde\u6ee8\u6c5f\u68a6\u5c14\u5047\u65e5\u9152\u5e97", "order_time": ["2019-01-17 01:20:49"], "total_order": 1, "hotel_value": ["4.1"], "hotel_price": ["281"]}, "1765915": {"hotel_name": "\u676d\u5dde\u9ea6\u9f50\u6e7e\u5047\u65e5\u9152\u5e97", "order_time": ["2019-01-17 01:21:10"], "total_order": 1, "hotel_value": ["4.4"], "hotel_price": ["165"]}, "8601140": {"hotel_name": "\u676d\u5dde\u667a\u9890\u5c1a\u54c1\u9152\u5e97(\u4e0b\u6c99\u91d1\u6c99\u6e56\u5e97)", "order_time": ["2019-01-17 01:22:55"], "total_order": 1, "hotel_value": ["4.7"], "hotel_price": ["226"]}, "914555": {"hotel_name": "\u676d\u5dde\u5e7f\u94f6\u5927\u9152\u5e97", "order_time": ["2019-01-17 01:22:59"], "total_order": 1, "hotel_value": ["4.4"], "hotel_price": ["374"]}, "6550036": {"hotel_name": "\u676d\u5ddeJD\u94c2\u8c6a\u9152\u5e97(\u8427\u5c71\u673a\u573a\u5e97)", "order_time": ["2019-01-17 01:23:00"], "total_order": 1, "hotel_value": ["4.4"], "hotel_price": ["171"]}, "912340": {"hotel_name": "\u83ab\u6cf0168(\u676d\u5dde\u4e50\u56ed\u6e58\u6e56\u5730\u94c1\u7ad9\u5e97)", "order_time": ["2019-01-17 01:23:11"], "total_order": 1, "hotel_value": ["4.5"], "hotel_price": ["123"]}, "1855990": {"hotel_name": "\u4e34\u5b89\u7f57\u96c5\u98ce\u60c5\u9152\u5e97", "order_time": ["2019-01-17 01:23:34", "2019-01-17 01:32:25"], "total_order": 2, "hotel_value": ["3.9", "3.9"], "hotel_price": ["107", "107"]}, "1114589": {"hotel_name": "\u676d\u5dde\u7eff\u57ce\u5c0a\u84dd\u94b1\u6c5f\u8c6a\u534e\u7cbe\u9009\u9152\u5e97", "order_time": ["2019-01-17 01:25:01"], "total_order": 1, "hotel_value": ["4.7"], "hotel_price": ["1224"]}, "6472029": {"hotel_name": "\u676d\u5dde\u65e9\u5b89\u4e91\u5c45\u9152\u5e97\u5f0f\u516c\u5bd3(\u8fdc\u6d0b\u516c\u9986\u5e97)", "order_time": ["2019-01-17 01:25:03"], "total_order": 1, "hotel_value": ["4.5"], "hotel_price": ["352"]}, "24052669": {"hotel_name": "\u6854\u5b50\u6c34\u6676\u9152\u5e97(\u676d\u5dde\u963f\u91cc\u672a\u6765\u79d1\u6280\u57ce\u5e97)", "order_time": ["2019-01-17 01:25:03"], "total_order": 1, "hotel_value": ["4.7"], "hotel_price": ["408"]}, "7981703": {"hotel_name": "\u9526\u6c5f\u4e4b\u661f\u54c1\u5c1a(\u676d\u5dde\u4e54\u53f8\u5357\u5730\u94c1\u7ad9\u5e97)", "order_time": ["2019-01-17 01:25:10"], "total_order": 1, "hotel_value": ["4.7"], "hotel_price": ["199"]}, "18046591": {"hotel_name": "\u676d\u5dde\u897f\u6e56\u6e56\u6ee8\u4e9a\u6735\u9152\u5e97(\u539f\u51e4\u8d77\u8def\u4e9a\u6735\u9152\u5e97)", "order_time": ["2019-01-17 01:27:21"], "total_order": 1, "hotel_value": ["4.8"], "hotel_price": ["496"]}, "27843779": {"hotel_name": "\u676d\u5ddeLA Campus\u827a\u672f\u9152\u5e97", "order_time": ["2019-01-17 01:27:33"], "total_order": 1, "hotel_value": ["4.9"], "hotel_price": ["188"]}, "469987": {"hotel_name": "\u676d\u5dde\u65af\u7ef4\u767b\u5ea6\u5047\u516c\u5bd3(\u8fdc\u666fIBC)", "order_time": ["2019-01-17 01:27:36"], "total_order": 1, "hotel_value": ["4.2"], "hotel_price": ["216"]}, "21826634": {"hotel_name": "\u5982\u5bb6\u9152\u5e97(\u676d\u5dde\u5e73\u6d77\u897f\u6e56\u9f99\u7fd4\u6865\u5e97)", "order_time": ["2019-01-17 01:27:36"], "total_order": 1, "hotel_value": ["4.2"], "hotel_price": ["171"]}, "2593421": {"hotel_name": "\u676d\u5dde\u535a\u76db\u65c5\u5e97", "order_time": ["2019-01-17 01:27:47"], "total_order": 1, "hotel_value": ["4.3"], "hotel_price": ["143"]}, "378858": {"hotel_name": "\u676d\u5dde\u6d32\u9645\u9152\u5e97", "order_time": ["2019-01-17 01:28:07"], "total_order": 1, "hotel_value": ["4.7"], "hotel_price": ["1201"]}, "5451901": {"hotel_name": "\u676d\u5dde\u6ee8\u6c5f\u94f6\u6cf0\u559c\u6765\u767b\u5927\u9152\u5e97", "order_time": ["2019-01-17 01:28:07"], "total_order": 1, "hotel_value": ["4.7"], "hotel_price": ["1049"]}, "3003036": {"hotel_name": "\u6590\u6587\u91ce\u5962\u9152\u5e97(\u5929\u76ee\u5c71\u4e0a\u5ba2\u5802\u5e97)", "order_time": ["2019-01-17 01:28:17"], "total_order": 1, "hotel_value": ["4.6"], "hotel_price": ["396"]}, "1709339": {"hotel_name": "\u676d\u5dde\u5929\u5730\u4eba\u5927\u9152\u5e97", "order_time": ["2019-01-17 01:29:41"], "total_order": 1, "hotel_value": ["4.6"], "hotel_price": ["216"]}, "920905": {"hotel_name": "\u676d\u5dde\u7075\u9690\u95f2\u4ead\u5ba2\u6808(\u539f\u95f2\u5ead\u7279\u8272\u5ba2\u6808)", "order_time": ["2019-01-17 01:29:48"], "total_order": 1, "hotel_value": ["4.8"], "hotel_price": ["125"]}, "1569741": {"hotel_name": "\u5982\u5bb6\u5feb\u6377\u9152\u5e97(\u676d\u5dde\u706b\u8f66\u4e1c\u7ad9\u79cb\u6d9b\u5317\u8def\u5e97)", "order_time": ["2019-01-17 01:29:49"], "total_order": 1, "hotel_value": ["4.4"], "hotel_price": ["123"]}, "2599652": {"hotel_name": "\u676d\u5dde\u4eae\u6708\u5bbe\u9986", "order_time": ["2019-01-17 01:29:55"], "total_order": 1, "hotel_value": ["3.8"], "hotel_price": ["118"]}, "1770116": {"hotel_name": "\u5e03\u4e01\u9152\u5e97(\u676d\u5dde\u6ee8\u6c5f\u6c5f\u5357\u5927\u9053\u548c\u5bbe\u5546\u52a1\u5e97)", "order_time": ["2019-01-17 01:29:55"], "total_order": 1, "hotel_value": ["3.8"], "hotel_price": ["174"]}, "975693": {"hotel_name": "\u6d77\u53cb\u9152\u5e97(\u676d\u5dde\u9ec4\u9f99\u5e97)", "order_time": ["2019-01-17 01:30:00"], "total_order": 1, "hotel_value": ["4.0"], "hotel_price": ["104"]}, "28420276": {"hotel_name": "\u676d\u5dde\u94f6\u8c6a\u5546\u52a1\u9152\u5e97", "order_time": ["2019-01-17 01:30:01"], "total_order": 1, "hotel_value": [0], "hotel_price": ["134"]}, "26586761": {"hotel_name": "\u676d\u5dde\u4e9a\u8c37\u9152\u5e97", "order_time": ["2019-01-17 01:30:02"], "total_order": 1, "hotel_value": [0], "hotel_price": ["128"]}, "17919036": {"hotel_name": "\u676d\u5dde\u6021\u5c1a\u5bbe\u9986", "order_time": ["2019-01-17 01:30:06"], "total_order": 1, "hotel_value": ["4.8"], "hotel_price": ["84"]}, "346302": {"hotel_name": "\u676d\u5dde\u897f\u6eaa\u559c\u6765\u767b\u5ea6\u5047\u5927\u9152\u5e97", "order_time": ["2019-01-17 01:31:43", "2019-01-17 01:38:14"], "total_order": 2, "hotel_value": ["4.6", "4.6"], "hotel_price": ["921", "921"]}, "19643512": {"hotel_name": "\u676d\u5dde\u5f00\u6cf0\u9152\u5e97\u5f0f\u516c\u5bd3", "order_time": ["2019-01-17 01:31:43"], "total_order": 1, "hotel_value": ["4.8"], "hotel_price": ["344"]}, "14626708": {"hotel_name": "\u676d\u5dde\u4e50\u5bb6\u9152\u5e97\u5f0f\u516c\u5bd3\u4e07\u901a\u4e2d\u5fc3\u5e97", "order_time": ["2019-01-17 01:31:51"], "total_order": 1, "hotel_value": ["4.8"], "hotel_price": ["218"]}, "24125350": {"hotel_name": "\u676d\u5ddeVLINE \u6c38\u83b1", "order_time": ["2019-01-17 01:33:47"], "total_order": 1, "hotel_value": ["4.9"], "hotel_price": ["523"]}, "697892": {"hotel_name": "\u6c49\u5ead\u9152\u5e97(\u676d\u5dde\u864e\u8dd1\u8def\u5e97)", "order_time": ["2019-01-17 01:33:52"], "total_order": 1, "hotel_value": ["4.2"], "hotel_price": ["113"]}, "987333": {"hotel_name": "\u676d\u5dde\u73af\u6e56\u5927\u9152\u5e97", "order_time": ["2019-01-17 01:33:56", "2019-01-17 01:42:42"], "total_order": 2, "hotel_value": ["4.1", "4.1"], "hotel_price": ["139", "139"]}, "2359344": {"hotel_name": "\u676d\u5dde\u94b1\u5eb7\u7cbe\u54c1\u9152\u5e97", "order_time": ["2019-01-17 01:33:56"], "total_order": 1, "hotel_value": ["4.5"], "hotel_price": ["213"]}, "1641511": {"hotel_name": "\u5168\u5b63\u9152\u5e97(\u676d\u5dde\u897f\u6e56\u65ad\u6865\u5e97)", "order_time": ["2019-01-17 01:33:56"], "total_order": 1, "hotel_value": ["4.8"], "hotel_price": ["342"]}, "5911956": {"hotel_name": "\u9526\u6c5f\u4e4b\u661f\u98ce\u5c1a(\u676d\u5dde\u4e0b\u6c99\u9ad8\u6c99\u8def\u5730\u94c1\u7ad9\u5e97)", "order_time": ["2019-01-17 01:33:56"], "total_order": 1, "hotel_value": ["4.7"], "hotel_price": ["199"]}, "6512979": {"hotel_name": "\u676d\u5dde\u82f1\u51a0\u6e29\u5fb7\u59c6\u9152\u5e97", "order_time": ["2019-01-17 01:33:56"], "total_order": 1, "hotel_value": ["4.7"], "hotel_price": ["601"]}, "15879176": {"hotel_name": "\u676d\u5dde\u9047\u67d2\u9152\u5e97", "order_time": ["2019-01-17 01:33:56"], "total_order": 1, "hotel_value": ["4.6"], "hotel_price": ["164"]}, "1470603": {"hotel_name": "\u4e45\u6816\u00b7\u676d\u5dde\u6e38\u5b50\u5ea6\u5047\u516c\u5bd3(\u706b\u8f66\u4e1c\u7ad9\u5e97)", "order_time": ["2019-01-17 01:33:56"], "total_order": 1, "hotel_value": ["4.1"], "hotel_price": ["163"]}, "2919626": {"hotel_name": "\u676d\u5dde\u4e3d\u6676\u7f8e\u5e90\u9152\u5e97", "order_time": ["2019-01-17 01:33:56"], "total_order": 1, "hotel_value": ["4.7"], "hotel_price": ["742"]}, "15018501": {"hotel_name": "\u683c\u96f7\u65af\u7cbe\u9009\u9152\u5e97(\u676d\u5dde\u897f\u6eaa\u7d2b\u91d1\u6e2f\u5e97)", "order_time": ["2019-01-17 01:33:56"], "total_order": 1, "hotel_value": ["4.8"], "hotel_price": ["299"]}, "11188530": {"hotel_name": "\u676d\u5dde\u56db\u5b63\u5e7f\u573a\u9152\u5e97", "order_time": ["2019-01-17 01:33:56"], "total_order": 1, "hotel_value": ["4.6"], "hotel_price": ["257"]}, "23852507": {"hotel_name": "\u676d\u5dde\u5fc6\u897f\u6eaa\u9152\u5e97", "order_time": ["2019-01-17 01:34:00"], "total_order": 1, "hotel_value": ["4.6"], "hotel_price": ["262"]}, "18089247": {"hotel_name": "7\u5929\u4f18\u54c1\u9152\u5e97(\u676d\u5dde\u4e5d\u5821\u5ba2\u8fd0\u4e2d\u5fc3\u7269\u7f8e\u5e97)", "order_time": ["2019-01-17 01:34:01"], "total_order": 1, "hotel_value": ["4.6"], "hotel_price": ["139"]}, "1015618": {"hotel_name": "\u65b0\u5b87\u9152\u5e97(\u676d\u5dde\u9ec4\u9f99\u5e97)", "order_time": ["2019-01-17 01:34:02"], "total_order": 1, "hotel_value": ["4.4"], "hotel_price": ["272"]}, "11477208": {"hotel_name": "\u5982\u5bb6\u7cbe\u9009\u9152\u5e97(\u676d\u5dde\u56db\u5b63\u9752\u79cb\u6d9b\u5317\u5e97)", "order_time": ["2019-01-17 01:34:06"], "total_order": 1, "hotel_value": ["4.7"], "hotel_price": ["265"]}, "384987": {"hotel_name": "\u5982\u5bb6\u5546\u65c5\u9152\u5e97(\u676d\u5dde\u897f\u6e56\u65ad\u6865\u4fdd\u4ff6\u8def\u5e97\uff09", "order_time": ["2019-01-17 01:35:55"], "total_order": 1, "hotel_value": ["4.7"], "hotel_price": ["215"]}, "6066213": {"hotel_name": "\u7ef4\u4e5f\u7eb3\u56fd\u9645\u9152\u5e97(\u676d\u5dde\u706b\u8f66\u4e1c\u7ad9\u5e97)", "order_time": ["2019-01-17 01:36:00"], "total_order": 1, "hotel_value": ["4.8"], "hotel_price": ["341"]}, "4310921": {"hotel_name": "\u4e34\u5b89\u78a7\u6d77\u5bbe\u9986", "order_time": ["2019-01-17 01:39:16", "2019-01-17 01:37:06"], "total_order": 2, "hotel_value": ["4.6", "4.6"], "hotel_price": ["246", "246"]}, "28670261": {"hotel_name": "\u676d\u5dde\u94b1\u5858\u7f8e\u7235\u9152\u5e97", "order_time": ["2019-01-17 01:38:08"], "total_order": 1, "hotel_value": ["4.9"], "hotel_price": ["546"]}, "1838752": {"hotel_name": "\u676d\u5dde\u8427\u5c71\u673a\u573a\u822a\u5cf0\u5bbe\u9986", "order_time": ["2019-01-17 01:38:13"], "total_order": 1, "hotel_value": ["4.0"], "hotel_price": ["147"]}, "6691058": {"hotel_name": "\u97e9\u5c1a\u521b\u610f\u9152\u5e97(\u676d\u5dde\u5b8b\u57ce\u7f8e\u9662\u5e97)", "order_time": ["2019-01-17 01:38:15"], "total_order": 1, "hotel_value": ["4.7"], "hotel_price": ["213"]}, "6303681": {"hotel_name": "\u6613\u7533\u9152\u5e97(\u676d\u5dde\u7701\u513f\u4fdd\u5e97)", "order_time": ["2019-01-17 01:38:20"], "total_order": 1, "hotel_value": ["4.1"], "hotel_price": ["163"]}, "2348028": {"hotel_name": "\u5168\u5b63\u9152\u5e97(\u676d\u5dde\u6f6e\u738b\u8def\u5e97)", "order_time": ["2019-01-17 01:38:21"], "total_order": 1, "hotel_value": ["4.8"], "hotel_price": ["303"]}, "1326656": {"hotel_name": "\u676d\u5dde\u4e00\u4f4f\u4e00\u5bbf\u5feb\u6377\u9152\u5e97", "order_time": ["2019-01-17 01:38:22"], "total_order": 1, "hotel_value": ["3.7"], "hotel_price": ["88"]}, "3629449": {"hotel_name": "\u7396\u95f4\u5802\u5ea6\u5047\u517b\u751f\u5ba2\u6808(\u676d\u5dde\u7075\u9690\u7985\u7f18\u5e97)", "order_time": ["2019-01-17 01:38:26"], "total_order": 1, "hotel_value": ["4.9"], "hotel_price": ["389"]}, "25883924": {"hotel_name": "\u9752\u76ae\u6811\u9152\u5e97(\u676d\u5dde\u4e0b\u6c99\u4f20\u5a92\u5b66\u9662\u5e97)", "order_time": ["2019-01-17 01:38:29"], "total_order": 1, "hotel_value": [0], "hotel_price": ["109"]}, "481216": {"hotel_name": "\u5e03\u4e01\u9152\u5e97(\u676d\u5dde\u897f\u6e56\u89e3\u653e\u8def\u5e97)", "order_time": ["2019-01-17 01:38:36"], "total_order": 1, "hotel_value": ["4.0"], "hotel_price": ["73"]}, "5702234": {"hotel_name": "\u660a\u9890\u9152\u5e97(\u676d\u5dde\u8f6c\u5858\u897f\u6e56\u7f8e\u9662\u5e97)", "order_time": ["2019-01-17 01:40:18"], "total_order": 1, "hotel_value": ["4.6"], "hotel_price": ["349"]}, "6300295": {"hotel_name": "\u676d\u5dde\u51e4\u6816\u5927\u9152\u5e97", "order_time": ["2019-01-17 01:40:22"], "total_order": 1, "hotel_value": ["4.5"], "hotel_price": ["212"]}, "1120496": {"hotel_name": "\u5168\u5b63\u9152\u5e97(\u676d\u5dde\u8427\u5c71\u673a\u573a\u5927\u9053\u5e97)", "order_time": ["2019-01-17 01:40:27"], "total_order": 1, "hotel_value": ["4.8"], "hotel_price": ["265"]}, "4732938": {"hotel_name": "\u676d\u5dde\u5e05\u65fa\u5feb\u6377\u5bbe\u9986", "order_time": ["2019-01-17 01:40:33"], "total_order": 1, "hotel_value": ["4.4"], "hotel_price": ["102"]}, "1071630": {"hotel_name": "\u5e03\u4e01\u9152\u5e97(\u676d\u5dde\u6c88\u534a\u8def\u6e56\u5dde\u8857\u5927\u5b66\u57ce\u5e97)", "order_time": ["2019-01-17 01:40:39"], "total_order": 1, "hotel_value": ["4.2"], "hotel_price": ["93"]}, "1769658": {"hotel_name": "\u676d\u5dde\u4e91\u5c4b\u8ff7\u4f60\u9152\u5e97", "order_time": ["2019-01-17 01:40:41"], "total_order": 1, "hotel_value": ["3.7"], "hotel_price": ["84"]}, "1714924": {"hotel_name": "\u676d\u5dde\u74f6\u7a91\u56fd\u8c6a\u5546\u52a1\u5bbe\u9986", "order_time": ["2019-01-17 01:41:06"], "total_order": 1, "hotel_value": ["3.7"], "hotel_price": ["88"]}, "4971923": {"hotel_name": "\u6854\u5b50\u9152\u5e97\u7cbe\u9009(\u676d\u5dde\u4e5d\u5821\u5ba2\u8fd0\u4e2d\u5fc3\u5e97)", "order_time": ["2019-01-17 01:42:27"], "total_order": 1, "hotel_value": ["4.9"], "hotel_price": ["341"]}, "6226102": {"hotel_name": "\u676d\u5dde\u76c8\u60a6\u516c\u5bd3", "order_time": ["2019-01-17 01:42:28"], "total_order": 1, "hotel_value": ["4.5"], "hotel_price": ["146"]}, "24034320": {"hotel_name": "\u5168\u5b63\u9152\u5e97(\u676d\u5dde\u6e58\u6e56\u4e07\u8fbe\u4e2d\u8def\u5e97)", "order_time": ["2019-01-17 01:42:32"], "total_order": 1, "hotel_value": ["4.8"], "hotel_price": ["227"]}, "1441545": {"hotel_name": "\u901f8\u9152\u5e97(\u676d\u5dde\u897f\u6e56\u9752\u5e74\u8def\u5e97)", "order_time": ["2019-01-17 01:42:38"], "total_order": 1, "hotel_value": ["3.7"], "hotel_price": ["88"]}, "18055416": {"hotel_name": "\u7ef4\u4e9a\u65af\u9152\u5e97(\u676d\u5dde\u9f99\u9996\u4e0b\u6c99\u5e97)", "order_time": ["2019-01-17 01:42:39"], "total_order": 1, "hotel_value": ["4.4"], "hotel_price": ["184"]}, "3290057": {"hotel_name": "\u676d\u5dde\u666f\u6f9c\u7cbe\u54c1\u9152\u5e97", "order_time": ["2019-01-17 01:42:39"], "total_order": 1, "hotel_value": ["4.3"], "hotel_price": ["234"]}, "19679560": {"hotel_name": "\u6d3e\u67cf\u00b7\u4e91\u9152\u5e97(\u676d\u5dde\u6c7d\u8f66\u897f\u7ad9\u897f\u6eaa\u6e7f\u5730\u5e97)", "order_time": ["2019-01-17 01:42:42"], "total_order": 1, "hotel_value": ["4.6"], "hotel_price": ["102"]}, "25643744": {"hotel_name": "\u5357\u516e\u9152\u5e97\u5f0f\u516c\u5bd3(\u676d\u5dde\u68a6\u60f3\u5c0f\u9547\u5e97)", "order_time": ["2019-01-17 01:42:48"], "total_order": 1, "hotel_value": ["4.1"], "hotel_price": ["143"]}, "11085643": {"hotel_name": "\u676d\u5dde\u5370\u00b7\u94c2\u987f\u5370\u9152\u5e97", "order_time": ["2019-01-17 01:44:33"], "total_order": 1, "hotel_value": ["4.6"], "hotel_price": ["392"]}, "1430706": {"hotel_name": "\u676d\u5dde\u4e1c\u65b9\u5bd3\u820d\u00b7\u9ec4\u9f99\u996d\u5e97", "order_time": ["2019-01-17 01:44:36"], "total_order": 1, "hotel_value": ["4.7"], "hotel_price": ["766"]}, "2987720": {"hotel_name": "\u5e03\u4e01\u9152\u5e97(\u676d\u5dde\u8f6c\u5858\u97f3\u4e50\u5b66\u9662\u8c61\u5c71\u7f8e\u9662\u5e97)", "order_time": ["2019-01-17 01:44:47"], "total_order": 1, "hotel_value": ["4.2"], "hotel_price": ["142"]}}}