{"\u5f00\u59cb\u8bb0\u5f55\u65f6\u95f4": "2019-01-27 03:53:24", "\u7ed3\u675f\u8bb0\u5f55\u65f6\u95f4": "2019-01-27 04:53:24", "\u8ba2\u5355\u603b\u589e\u91cf": 51, "item": {"848702": {"hotel_name": "\u5982\u5bb6\u5feb\u6377\u9152\u5e97(\u676d\u5dde\u897f\u6e56\u9ec4\u9f99\u65c5\u6e38\u96c6\u6563\u4e2d\u5fc3\u5e97)", "order_time": ["2019-01-27 03:57:37"], "total_order": 1, "hotel_value": ["4.3"], "hotel_price": ["144"]}, "23742028": {"hotel_name": "\u676d\u5dde\u8bd7\u60a6\u9601\u91d1\u94c2\u6e7e\u6c5f\u666f\u516c\u5bd3", "order_time": ["2019-01-27 03:57:39"], "total_order": 1, "hotel_value": ["4.4"], "hotel_price": ["256"]}, "468863": {"hotel_name": "\u676d\u5dde\u5546\u4e1a\u5927\u53a6", "order_time": ["2019-01-27 03:57:39"], "total_order": 1, "hotel_value": ["4.6"], "hotel_price": ["243"]}, "3796922": {"hotel_name": "\u5168\u5b63\u9152\u5e97(\u676d\u5dde\u6ee8\u6c5f\u6c5f\u5357\u5927\u9053\u5e97)", "order_time": ["2019-01-27 03:57:58"], "total_order": 1, "hotel_value": ["4.8"], "hotel_price": ["360"]}, "1485627": {"hotel_name": "\u6c49\u5ead\u9152\u5e97(\u676d\u5dde\u8f6c\u5858\u7f8e\u9662\u5e97)", "order_time": ["2019-01-27 04:01:37"], "total_order": 1, "hotel_value": ["4.3"], "hotel_price": ["170"]}, "1746418": {"hotel_name": "\u5168\u5b63\u9152\u5e97(\u676d\u5dde\u6b66\u6797\u5e7f\u573a\u6587\u6656\u5927\u53a6\u5e97)", "order_time": ["2019-01-27 04:03:33"], "total_order": 1, "hotel_value": ["4.7"], "hotel_price": ["265"]}, "1385291": {"hotel_name": "\u4e09\u78a7(3B)\u9152\u5e97\u00b7\u676d\u5dde\u6052\u9686\u5e97", "order_time": ["2019-01-27 04:03:38"], "total_order": 1, "hotel_value": ["4.8"], "hotel_price": ["275"]}, "1435048": {"hotel_name": "\u676d\u5dde\u6717\u9038\u8f69\u9152\u5e97", "order_time": ["2019-01-27 04:03:40"], "total_order": 1, "hotel_value": ["4.3"], "hotel_price": ["173"]}, "5419431": {"hotel_name": "\u548c\u9890\u9152\u5e97(\u676d\u5dde\u706b\u8f66\u4e1c\u7ad9\u4e1c\u5e7f\u573a\u5e97)", "order_time": ["2019-01-27 04:05:34"], "total_order": 1, "hotel_value": ["4.7"], "hotel_price": ["269"]}, "28669564": {"hotel_name": "\u676d\u5dde\u798f\u5143\u9152\u5e97", "order_time": ["2019-01-27 04:05:36"], "total_order": 1, "hotel_value": ["4.8"], "hotel_price": ["285"]}, "816706": {"hotel_name": "\u676d\u5dde\u51ef\u666f\u5047\u65e5\u9152\u5e97", "order_time": ["2019-01-27 04:05:40"], "total_order": 1, "hotel_value": ["4.2"], "hotel_price": ["116"]}, "445465": {"hotel_name": "\u676d\u5dde\u7c73\u5170\u6d32\u9645\u9152\u5e97", "order_time": ["2019-01-27 04:07:33", "2019-01-27 04:17:35"], "total_order": 2, "hotel_value": ["4.4", "4.4"], "hotel_price": ["271", "271"]}, "661130": {"hotel_name": "\u676d\u5dde\u81f4\u5c1a\u9152\u5e97(\u539f\u53e4\u5496\u7cbe\u54c1\u9152\u5e97)", "order_time": ["2019-01-27 04:07:38"], "total_order": 1, "hotel_value": ["4.5"], "hotel_price": ["164"]}, "481296": {"hotel_name": "\u5e03\u4e01\u9152\u5e97(\u676d\u5dde\u7ecd\u5174\u8def\u548c\u5e73\u56fd\u9645\u4f1a\u5c55\u4e2d\u5fc3\u5e97)", "order_time": ["2019-01-27 04:09:39"], "total_order": 1, "hotel_value": ["4.2"], "hotel_price": ["79"]}, "13798494": {"hotel_name": "\u7f8e\u8c6a\u4e3d\u81f4\u9152\u5e97(\u676d\u5dde\u897f\u6e56\u9ec4\u9f99\u4f53\u80b2\u4e2d\u5fc3\u65d7\u8230\u5e97)", "order_time": ["2019-01-27 04:13:34"], "total_order": 1, "hotel_value": ["4.8"], "hotel_price": ["374"]}, "6955815": {"hotel_name": "\u9e97\u67ab\u9152\u5e97(\u676d\u5dde\u8427\u5c71\u56fd\u9645\u673a\u573a\u5e97)", "order_time": ["2019-01-27 04:13:35"], "total_order": 1, "hotel_value": ["4.7"], "hotel_price": ["218"]}, "1569806": {"hotel_name": "\u5982\u5bb6\u5feb\u6377\u9152\u5e97(\u676d\u5dde\u897f\u6e56\u5e97)", "order_time": ["2019-01-27 04:15:34"], "total_order": 1, "hotel_value": ["4.6"], "hotel_price": ["153"]}, "6043796": {"hotel_name": "\u676d\u5dde\u6657\u96c5\u5c0f\u7b51\u5047\u65e5\u6c11\u5bbf", "order_time": ["2019-01-27 04:17:36"], "total_order": 1, "hotel_value": ["4.8"], "hotel_price": ["290"]}, "2941474": {"hotel_name": "\u745e\u9e92\u7cbe\u9009\u9152\u5e97(\u676d\u5dde\u7d2b\u91d1\u6e2f\u5e97)", "order_time": ["2019-01-27 04:19:36"], "total_order": 1, "hotel_value": ["4.2"], "hotel_price": ["153"]}, "532994": {"hotel_name": "\u676d\u5dde\u4e1c\u822a\u4e91\u9038\u9152\u5e97", "order_time": ["2019-01-27 04:19:37"], "total_order": 1, "hotel_value": ["4.7"], "hotel_price": ["507"]}, "6066213": {"hotel_name": "\u7ef4\u4e5f\u7eb3\u56fd\u9645\u9152\u5e97(\u676d\u5dde\u706b\u8f66\u4e1c\u7ad9\u5e97)", "order_time": ["2019-01-27 04:19:37"], "total_order": 1, "hotel_value": ["4.8"], "hotel_price": ["264"]}, "25827398": {"hotel_name": "\u67cf\u7f8e\u4e91\u5c45\u57ce\u5e02\u670d\u52a1\u516c\u5bd3(\u676d\u5dde\u667a\u6167\u4e4b\u95e8\u5e97)", "order_time": ["2019-01-27 04:21:35"], "total_order": 1, "hotel_value": ["4.8"], "hotel_price": ["265"]}, "479445": {"hotel_name": "\u676d\u5dde\u745e\u83b1\u514b\u65af\u5927\u9152\u5e97", "order_time": ["2019-01-27 04:37:35", "2019-01-27 04:23:34"], "total_order": 2, "hotel_value": ["4.2", "4.2"], "hotel_price": ["232", "232"]}, "346313": {"hotel_name": "\u676d\u5dde\u53cb\u597d\u996d\u5e97", "order_time": ["2019-01-27 04:23:34"], "total_order": 1, "hotel_value": ["4.6"], "hotel_price": ["431"]}, "2104662": {"hotel_name": "\u901f8\u9152\u5e97(\u676d\u5dde\u6ee8\u76db\u8def\u94b1\u5858\u6c5f\u5e97)", "order_time": ["2019-01-27 04:25:34"], "total_order": 1, "hotel_value": ["4.0"], "hotel_price": ["190"]}, "6303681": {"hotel_name": "\u6613\u7533\u9152\u5e97(\u676d\u5dde\u7701\u513f\u4fdd\u5e97)", "order_time": ["2019-01-27 04:25:37"], "total_order": 1, "hotel_value": ["4.2"], "hotel_price": ["163"]}, "1225852": {"hotel_name": "\u676d\u5dde\u6b4c\u591a\u9152\u5e97", "order_time": ["2019-01-27 04:27:34"], "total_order": 1, "hotel_value": ["4.2"], "hotel_price": ["114"]}, "4346626": {"hotel_name": "\u5347\u817e\u9152\u5e97(\u676d\u5dde\u706b\u8f66\u4e1c\u7ad9\u5e97)", "order_time": ["2019-01-27 04:29:37"], "total_order": 1, "hotel_value": ["4.2"], "hotel_price": ["183"]}, "900012": {"hotel_name": "Q\u52a0\u00b7\u7ea2\u83b1\u9152\u5e97(\u676d\u5dde\u8427\u5c71\u56fd\u9645\u673a\u573a\u5e97)", "order_time": ["2019-01-27 04:31:35"], "total_order": 1, "hotel_value": ["4.6"], "hotel_price": ["162"]}, "435439": {"hotel_name": "\u676d\u5dde\u897f\u6e56\u6162\u4eab\u4e3b\u9898\u9152\u5e97", "order_time": ["2019-01-27 04:33:33"], "total_order": 1, "hotel_value": ["4.7"], "hotel_price": ["276"]}, "1569807": {"hotel_name": "\u5982\u5bb6\u5feb\u6377\u9152\u5e97(\u676d\u5dde\u8427\u5c71\u8427\u7ecd\u8def\u6c7d\u8f66\u603b\u7ad9\u5e97)", "order_time": ["2019-01-27 04:33:41"], "total_order": 1, "hotel_value": ["4.6"], "hotel_price": ["113"]}, "897853": {"hotel_name": "\u676d\u5dde\u6eaa\u4e0a\u532f\u9152\u5e97", "order_time": ["2019-01-27 04:35:34"], "total_order": 1, "hotel_value": ["4.4"], "hotel_price": ["367"]}, "6330255": {"hotel_name": "\u91d1\u9a6c\u4e3d\u666f\u9152\u5e97(\u676d\u5dde\u94b1\u6c5f\u4e16\u7eaa\u57ce\u5e97)", "order_time": ["2019-01-27 04:35:36"], "total_order": 1, "hotel_value": ["4.3"], "hotel_price": ["240"]}, "443762": {"hotel_name": "\u676d\u5dde\u94f6\u6c5f\u5bbe\u9986", "order_time": ["2019-01-27 04:37:34"], "total_order": 1, "hotel_value": ["4.8"], "hotel_price": ["299"]}, "1727764": {"hotel_name": "\u676d\u5dde\u897f\u6e56\u6587\u5316\u5e7f\u573a\u4e9a\u6735\u9152\u5e97", "order_time": ["2019-01-27 04:37:37"], "total_order": 1, "hotel_value": ["4.8"], "hotel_price": ["532"]}, "1071761": {"hotel_name": "\u5e03\u4e01\u9152\u5e97(\u676d\u5dde\u897f\u6e56\u6b66\u6797\u95e8\u5e97)", "order_time": ["2019-01-27 04:37:38"], "total_order": 1, "hotel_value": ["3.6"], "hotel_price": ["85"]}, "5911956": {"hotel_name": "\u9526\u6c5f\u4e4b\u661f\u98ce\u5c1a(\u676d\u5dde\u4e0b\u6c99\u9ad8\u6c99\u8def\u5730\u94c1\u7ad9\u5e97)", "order_time": ["2019-01-27 04:39:33"], "total_order": 1, "hotel_value": ["4.7"], "hotel_price": ["159"]}, "20173190": {"hotel_name": "\u676d\u5dde\u661f\u5c1a\u5ba2\u6808", "order_time": ["2019-01-27 04:39:35"], "total_order": 1, "hotel_value": ["4.7"], "hotel_price": ["43"]}, "5377968": {"hotel_name": "\u5f00\u5143\u66fc\u5c45\u00b7\u676d\u5dde\u4e34\u5e73\u5730\u94c1\u7ad9\u5e97", "order_time": ["2019-01-27 04:39:36"], "total_order": 1, "hotel_value": ["4.7"], "hotel_price": ["276"]}, "975700": {"hotel_name": "\u5168\u5b63\u9152\u5e97(\u676d\u5dde\u6ee8\u6c5f\u5e97)", "order_time": ["2019-01-27 04:41:34"], "total_order": 1, "hotel_value": ["4.7"], "hotel_price": ["306"]}, "855204": {"hotel_name": "\u5343\u5c9b\u6e56\u661f\u5c9b\u5370\u8c61\u5ea6\u5047\u9152\u5e97(\u539f\u94b1\u5858\u661f\u5c9b\u5ea6\u5047\u6751)", "order_time": ["2019-01-27 04:41:40"], "total_order": 1, "hotel_value": ["4.6"], "hotel_price": ["198"]}, "481212": {"hotel_name": "\u9526\u6c5f\u90fd\u57ce\u9152\u5e97(\u676d\u5dde\u897f\u6e56\u6587\u5316\u5e7f\u573a\u5e97)", "order_time": ["2019-01-27 04:43:35"], "total_order": 1, "hotel_value": ["4.7"], "hotel_price": ["269"]}, "435427": {"hotel_name": "\u676d\u5dde\u94f6\u9686\u541b\u4ead\u9152\u5e97", "order_time": ["2019-01-27 04:43:36"], "total_order": 1, "hotel_value": ["4.5"], "hotel_price": ["396"]}, "439972": {"hotel_name": "\u5343\u5c9b\u6e56\u82b1\u56ed\u996d\u5e97", "order_time": ["2019-01-27 04:43:40"], "total_order": 1, "hotel_value": ["4.7"], "hotel_price": ["133"]}, "1640619": {"hotel_name": "\u7d22\u7279\u6765\u6587\u827a\u9152\u5e97(\u676d\u5dde\u897f\u6e56\u89e3\u653e\u8def\u5e97)", "order_time": ["2019-01-27 04:45:34"], "total_order": 1, "hotel_value": ["4.8"], "hotel_price": ["185"]}, "1569813": {"hotel_name": "\u5982\u5bb6\u5feb\u6377\u9152\u5e97(\u676d\u5dde\u706b\u8f66\u4e1c\u7ad9\u548c\u5e73\u4f1a\u5c55\u4e2d\u5fc3\u671d\u6656\u8def\u5e97)", "order_time": ["2019-01-27 04:45:37"], "total_order": 1, "hotel_value": ["4.7"], "hotel_price": ["119"]}, "450880": {"hotel_name": "\u676d\u5dde\u6377\u7279\u6f2b\u5927\u9152\u5e97", "order_time": ["2019-01-27 04:47:33"], "total_order": 1, "hotel_value": ["4.5"], "hotel_price": ["327"]}, "6413900": {"hotel_name": "\u4e91\u5bbf\u516c\u5bd3\u5f0f\u9152\u5e97(\u676d\u5dde\u57ce\u897f\u94f6\u6cf0\u5e97)", "order_time": ["2019-01-27 04:49:37"], "total_order": 1, "hotel_value": ["4.5"], "hotel_price": ["131"]}, "5903375": {"hotel_name": "\u8d5e\u6210\u5bbe\u9986(\u676d\u5dde\u56fd\u9645\u5e97)", "order_time": ["2019-01-27 04:51:33"], "total_order": 1, "hotel_value": ["4.7"], "hotel_price": ["309"]}}}