{"\u5f00\u59cb\u8bb0\u5f55\u65f6\u95f4": "2019-01-06 13:56:22", "\u7ed3\u675f\u8bb0\u5f55\u65f6\u95f4": "2019-01-06 14:56:22", "\u8ba2\u5355\u603b\u589e\u91cf": 451, "item": {"7524794": {"hotel_name": "\u676d\u5dde\u821c\u5730\u4e09\u548c\u56ed\u9152\u5e97", "order_time": ["2019-01-06 13:58:32"], "total_order": 1, "hotel_value": ["4.7"], "hotel_price": ["163"]}, "11188530": {"hotel_name": "\u676d\u5dde\u56db\u5b63\u5e7f\u573a\u9152\u5e97", "order_time": ["2019-01-06 13:58:32"], "total_order": 1, "hotel_value": ["4.6"], "hotel_price": ["258"]}, "5342157": {"hotel_name": "\u5168\u5b63\u9152\u5e97(\u676d\u5dde\u56db\u5b63\u9752\u79cb\u6d9b\u8def\u5e97)", "order_time": ["2019-01-06 13:58:32"], "total_order": 1, "hotel_value": ["4.6"], "hotel_price": ["254"]}, "2650467": {"hotel_name": "\u676d\u5dde\u9ea6\u6d6a\u4e3b\u9898\u6c11\u5bbf", "order_time": ["2019-01-06 13:58:32"], "total_order": 1, "hotel_value": ["4.9"], "hotel_price": ["315"]}, "532994": {"hotel_name": "\u676d\u5dde\u4e1c\u822a\u4e91\u9038\u9152\u5e97", "order_time": ["2019-01-06 13:58:32"], "total_order": 1, "hotel_value": ["4.7"], "hotel_price": ["478"]}, "792763": {"hotel_name": "\u6d59\u6c5f\u94c1\u9053\u5927\u53a6\u57ce\u5e02\u5e7f\u573a\u5927\u9152\u5e97", "order_time": ["2019-01-06 13:58:32"], "total_order": 1, "hotel_value": ["4.3"], "hotel_price": ["202"]}, "1740659": {"hotel_name": "\u676d\u5dde\u7f8e\u62c9\u601d\u65f6\u5c1a\u7cbe\u54c1\u9152\u5e97", "order_time": ["2019-01-06 13:58:32"], "total_order": 1, "hotel_value": ["4.2"], "hotel_price": ["135"]}, "1435183": {"hotel_name": "\u676d\u5dde\u6c47\u548c\u541b\u4ead\u9152\u5e97", "order_time": ["2019-01-06 13:58:33"], "total_order": 1, "hotel_value": ["4.7"], "hotel_price": ["399"]}, "13798494": {"hotel_name": "\u7f8e\u8c6a\u4e3d\u81f4\u9152\u5e97(\u676d\u5dde\u897f\u6e56\u9ec4\u9f99\u4f53\u80b2\u4e2d\u5fc3\u65d7\u8230\u5e97)", "order_time": ["2019-01-06 13:58:33"], "total_order": 1, "hotel_value": ["4.8"], "hotel_price": ["468"]}, "21812546": {"hotel_name": "\u676d\u5dde\u7965\u751f\u99a8\u9038\u9152\u5e97", "order_time": ["2019-01-06 13:58:33"], "total_order": 1, "hotel_value": ["4.5"], "hotel_price": ["253"]}, "7214719": {"hotel_name": "\u676d\u5dde\u6eaa\u4e2d\u6eaa\u5ea6\u5047\u9152\u5e97", "order_time": ["2019-01-06 13:58:33"], "total_order": 1, "hotel_value": ["4.8"], "hotel_price": ["1035"]}, "987338": {"hotel_name": "\u676d\u5dde\u4e2d\u73af\u7cbe\u54c1\u9152\u5e97", "order_time": ["2019-01-06 13:58:33"], "total_order": 1, "hotel_value": ["4.5"], "hotel_price": ["129"]}, "1114589": {"hotel_name": "\u676d\u5dde\u7eff\u57ce\u5c0a\u84dd\u94b1\u6c5f\u8c6a\u534e\u7cbe\u9009\u9152\u5e97", "order_time": ["2019-01-06 13:58:33"], "total_order": 1, "hotel_value": ["4.7"], "hotel_price": ["1214"]}, "20615630": {"hotel_name": "\u676d\u5dde\u8427\u5c71\u673a\u573a\u4e9a\u6735\u9152\u5e97", "order_time": ["2019-01-06 13:58:33"], "total_order": 1, "hotel_value": ["4.8"], "hotel_price": ["444"]}, "7018515": {"hotel_name": "\u676d\u5dde\u67cf\u9526\u82b1\u56ed\u9152\u5e97", "order_time": ["2019-01-06 13:58:33"], "total_order": 1, "hotel_value": ["4.4"], "hotel_price": ["340"]}, "20173190": {"hotel_name": "\u676d\u5dde\u661f\u5c1a\u5ba2\u6808", "order_time": ["2019-01-06 13:58:33"], "total_order": 1, "hotel_value": ["4.7"], "hotel_price": ["38"]}, "435431": {"hotel_name": "\u676d\u5dde\u5e7f\u573a\u541b\u4ead\u9152\u5e97", "order_time": ["2019-01-06 13:58:33"], "total_order": 1, "hotel_value": ["4.5"], "hotel_price": ["399"]}, "5678956": {"hotel_name": "\u676d\u5dde\u6cdb\u6d77\u9493\u9c7c\u53f0\u9152\u5e97", "order_time": ["2019-01-06 13:58:34"], "total_order": 1, "hotel_value": ["4.8"], "hotel_price": ["1196"]}, "481249": {"hotel_name": "\u5e03\u4e01\u9152\u5e97(\u676d\u5dde\u897f\u6e56\u5357\u5b8b\u5fa1\u8857\u5e97)", "order_time": ["2019-01-06 13:58:34", "2019-01-06 14:10:33"], "total_order": 2, "hotel_value": ["3.9", "3.9"], "hotel_price": ["62", "62"]}, "4852148": {"hotel_name": "\u6021\u83b1\u9152\u5e97(\u676d\u5dde\u661f\u5149\u5927\u9053\u7cbe\u54c1\u5e97)", "order_time": ["2019-01-06 13:58:34", "2019-01-06 14:10:33"], "total_order": 2, "hotel_value": ["4.2", "4.2"], "hotel_price": ["259", "259"]}, "18473810": {"hotel_name": "\u5168\u5b63\u9152\u5e97(\u676d\u5dde\u94b1\u6c5f\u4e16\u7eaa\u57ce\u5e97)", "order_time": ["2019-01-06 13:58:34"], "total_order": 1, "hotel_value": ["4.8"], "hotel_price": ["362"]}, "2309169": {"hotel_name": "7\u5929\u8fde\u9501\u9152\u5e97(\u676d\u5dde\u8427\u5c71\u673a\u573a\u5e97)", "order_time": ["2019-01-06 13:58:34"], "total_order": 1, "hotel_value": ["4.0"], "hotel_price": ["151"]}, "1535524": {"hotel_name": "\u6c49\u5ead\u9152\u5e97(\u676d\u5dde\u4e0b\u6c99\u5927\u5b66\u57ce\u5e97)", "order_time": ["2019-01-06 13:58:34"], "total_order": 1, "hotel_value": ["4.5"], "hotel_price": ["172"]}, "2916683": {"hotel_name": "\u5982\u5bb6\u5feb\u6377\u9152\u5e97(\u676d\u5dde\u706b\u8f66\u4e1c\u7ad9\u897f\u5e7f\u573a\u5e97)", "order_time": ["2019-01-06 13:58:35", "2019-01-06 14:12:32", "2019-01-06 14:46:33"], "total_order": 3, "hotel_value": ["4.2", "4.2", "4.2"], "hotel_price": ["130", "130", "130"]}, "1540003": {"hotel_name": "\u676d\u5dde\u7f57\u73ca\u5a1c\u5927\u9152\u5e97", "order_time": ["2019-01-06 13:58:35"], "total_order": 1, "hotel_value": ["4.2"], "hotel_price": ["262"]}, "435354": {"hotel_name": "\u5343\u5c9b\u6e56\u7eff\u57ce\u5ea6\u5047\u9152\u5e97", "order_time": ["2019-01-06 13:58:36"], "total_order": 1, "hotel_value": ["4.8"], "hotel_price": ["388"]}, "435356": {"hotel_name": "\u5343\u5c9b\u6e56\u6e29\u99a8\u5c9b\u8776\u6765\u6e56\u666f\u5ea6\u5047\u9152\u5e97(\u539f\u6d59\u65c5\u5ea6\u5047\u9152\u5e97)", "order_time": ["2019-01-06 13:58:36"], "total_order": 1, "hotel_value": ["4.8"], "hotel_price": ["311"]}, "1631395": {"hotel_name": "\u6ea2\u4e50\u8fde\u9501\u9152\u5e97(\u5efa\u5fb7\u745e\u5929\u5e97)", "order_time": ["2019-01-06 13:58:38"], "total_order": 1, "hotel_value": ["3.9"], "hotel_price": ["172"]}, "22250401": {"hotel_name": "\u4e34\u5b89\u5de6\u5cb8\u82b1\u6816\u6c11\u5bbf", "order_time": ["2019-01-06 13:58:38"], "total_order": 1, "hotel_value": ["4.9"], "hotel_price": ["670"]}, "900012": {"hotel_name": "Q\u52a0\u00b7\u7ea2\u83b1\u9152\u5e97(\u676d\u5dde\u8427\u5c71\u56fd\u9645\u673a\u573a\u5e97)", "order_time": ["2019-01-06 14:14:31", "2019-01-06 14:00:32"], "total_order": 2, "hotel_value": ["4.6", "4.6"], "hotel_price": ["162", "162"]}, "848702": {"hotel_name": "\u5982\u5bb6\u5feb\u6377\u9152\u5e97(\u676d\u5dde\u897f\u6e56\u9ec4\u9f99\u65c5\u6e38\u96c6\u6563\u4e2d\u5fc3\u5e97)", "order_time": ["2019-01-06 14:44:32", "2019-01-06 14:00:32"], "total_order": 2, "hotel_value": ["4.3", "4.3"], "hotel_price": ["112", "112"]}, "445394": {"hotel_name": "\u676d\u5dde\u897f\u6e56\u56fd\u5bbe\u9986\u00b7\u897f\u6e56\u7b2c\u4e00\u540d\u56ed", "order_time": ["2019-01-06 14:00:32"], "total_order": 1, "hotel_value": ["4.8"], "hotel_price": ["1001"]}, "441372": {"hotel_name": "\u676d\u5dde\u4e94\u6d0b\u5bbe\u9986", "order_time": ["2019-01-06 14:00:32"], "total_order": 1, "hotel_value": ["4.8"], "hotel_price": ["355"]}, "369764": {"hotel_name": "\u676d\u5dde\u5f00\u5143\u540d\u90fd\u5927\u9152\u5e97", "order_time": ["2019-01-06 14:00:32"], "total_order": 1, "hotel_value": ["4.8"], "hotel_price": ["559"]}, "2330618": {"hotel_name": "\u6021\u83b1\u9152\u5e97(\u676d\u5dde\u897f\u6e56\u6e56\u6ee8\u5e97)", "order_time": ["2019-01-06 14:00:32"], "total_order": 1, "hotel_value": ["4.2"], "hotel_price": ["108"]}, "21147783": {"hotel_name": "\u676d\u5dde\u8629\u83f2\u91d1\u94c2\u6e7e\u6c5f\u666f\u516c\u5bd3", "order_time": ["2019-01-06 14:00:32"], "total_order": 1, "hotel_value": ["4.6"], "hotel_price": ["285"]}, "1205226": {"hotel_name": "\u676d\u5dde\u534e\u8fb0\u00b7\u5723\u5e0c\u7f57\u9152\u5e97", "order_time": ["2019-01-06 14:00:32"], "total_order": 1, "hotel_value": ["4.5"], "hotel_price": ["271"]}, "1183817": {"hotel_name": "\u676d\u5dde\u897f\u6e56\u7075\u9690\u9999\u6a1f\u4e91\u820d\u6c11\u5bbf", "order_time": ["2019-01-06 14:00:32"], "total_order": 1, "hotel_value": ["4.9"], "hotel_price": ["569"]}, "1416035": {"hotel_name": "\u676d\u5dde\u9ad8\u626c\u56fd\u9645\u5927\u9152\u5e97", "order_time": ["2019-01-06 14:00:33"], "total_order": 1, "hotel_value": ["3.9"], "hotel_price": ["318"]}, "10558548": {"hotel_name": "\u676d\u5dde\u5370\u6cf0\u6664\u58eb\u00b7\u5ead\u60a6\u9152\u5e97", "order_time": ["2019-01-06 14:00:33"], "total_order": 1, "hotel_value": ["4.7"], "hotel_price": ["289"]}, "435439": {"hotel_name": "\u676d\u5dde\u897f\u6e56\u6162\u4eab\u4e3b\u9898\u9152\u5e97", "order_time": ["2019-01-06 14:00:33"], "total_order": 1, "hotel_value": ["4.7"], "hotel_price": ["276"]}, "442268": {"hotel_name": "\u6d59\u6c5f\u5927\u9152\u5e97", "order_time": ["2019-01-06 14:00:33"], "total_order": 1, "hotel_value": ["4.7"], "hotel_price": ["560"]}, "24125350": {"hotel_name": "\u676d\u5ddeVLINE \u6c38\u83b1", "order_time": ["2019-01-06 14:00:33"], "total_order": 1, "hotel_value": ["4.8"], "hotel_price": ["335"]}, "12135133": {"hotel_name": "\u676d\u5dde\u94b1\u6c5f\u4e16\u7eaa\u57ce\u5e0c\u5c14\u987f\u6b22\u670b\u9152\u5e97", "order_time": ["2019-01-06 14:00:33"], "total_order": 1, "hotel_value": ["4.8"], "hotel_price": ["499"]}, "6405946": {"hotel_name": "\u9526\u6c5f\u90fd\u57ce\u9152\u5e97(\u676d\u5dde\u706b\u8f66\u4e1c\u7ad9\u5e97)", "order_time": ["2019-01-06 14:00:33"], "total_order": 1, "hotel_value": ["4.7"], "hotel_price": ["306"]}, "3735209": {"hotel_name": "\u676d\u5dde\u6c34\u58a8\u84c9\u5e84\u827a\u672f\u4e3b\u9898\u9152\u5e97", "order_time": ["2019-01-06 14:00:33"], "total_order": 1, "hotel_value": ["4.7"], "hotel_price": ["805"]}, "634844": {"hotel_name": "\u676d\u5dde\u57ce\u5e02\u82b1\u56ed\u9152\u5e97", "order_time": ["2019-01-06 14:00:33"], "total_order": 1, "hotel_value": ["4.5"], "hotel_price": ["294"]}, "433830": {"hotel_name": "\u683c\u6797\u8c6a\u6cf0(\u676d\u5dde\u897f\u6e56\u5927\u9053\u5357\u5b8b\u5fa1\u8857\u5e97)", "order_time": ["2019-01-06 14:54:35", "2019-01-06 14:00:33"], "total_order": 2, "hotel_value": ["4.1", "4.1"], "hotel_price": ["96", "96"]}, "6869423": {"hotel_name": "\u676d\u5dde\u65b0\u5ead\u9152\u5e97", "order_time": ["2019-01-06 14:00:33"], "total_order": 1, "hotel_value": ["4.6"], "hotel_price": ["169"]}, "20026225": {"hotel_name": "\u676d\u5dde\u6b66\u6797\u666f\u57df\u5ead\u56ed\u9152\u5e97", "order_time": ["2019-01-06 14:00:33"], "total_order": 1, "hotel_value": ["4.8"], "hotel_price": ["298"]}, "19587103": {"hotel_name": "\u7ef4\u4e5f\u7eb3\u9152\u5e97(\u676d\u5dde\u897f\u6e56\u5e86\u6625\u8def\u5e97)", "order_time": ["2019-01-06 14:00:33"], "total_order": 1, "hotel_value": ["4.4"], "hotel_price": ["282"]}, "21148818": {"hotel_name": "\u676d\u5dde\u99a8\u4e50\u5c45\u9152\u5e97", "order_time": ["2019-01-06 14:00:33"], "total_order": 1, "hotel_value": ["4.6"], "hotel_price": ["180"]}, "850001": {"hotel_name": "\u676d\u5dde\u805a\u4e30\u56ed\u5bbe\u9986", "order_time": ["2019-01-06 14:00:34"], "total_order": 1, "hotel_value": ["4.4"], "hotel_price": ["95"]}, "3245183": {"hotel_name": "\u5357\u6b4c\u5ea6\u5047\u9152\u5e97\u516c\u5bd3(\u676d\u5dde\u4e0b\u6c99\u548c\u8fbe\u57ce\u5e97)", "order_time": ["2019-01-06 14:00:34"], "total_order": 1, "hotel_value": ["4.4"], "hotel_price": ["205"]}, "2313428": {"hotel_name": "\u5982\u5bb6\u5feb\u6377\u9152\u5e97(\u676d\u5dde\u8f6c\u5858\u7f8e\u9662\u5357\u8857\u4e2d\u56fd\u7f8e\u9662\u5e97)", "order_time": ["2019-01-06 14:32:34", "2019-01-06 14:00:34"], "total_order": 2, "hotel_value": ["4.5", "4.5"], "hotel_price": ["177", "177"]}, "632027": {"hotel_name": "\u676d\u5dde\u767e\u76db\u6c47\u91d1\u5927\u9152\u5e97", "order_time": ["2019-01-06 14:00:34"], "total_order": 1, "hotel_value": ["4.4"], "hotel_price": ["307"]}, "19588832": {"hotel_name": "\u676d\u5dde\u9752\u84b2\u9152\u5e97\u516c\u5bd3", "order_time": ["2019-01-06 14:00:34"], "total_order": 1, "hotel_value": ["4.5"], "hotel_price": ["180"]}, "1051157": {"hotel_name": "\u676d\u5dde\u827e\u6765\u5ba2\u5ba2\u623f", "order_time": ["2019-01-06 14:00:37"], "total_order": 1, "hotel_value": ["3.9"], "hotel_price": ["108"]}, "19614141": {"hotel_name": "\u676d\u5dde\u4e34\u5b89\u4e07\u8c6a\u9152\u5e97", "order_time": ["2019-01-06 14:00:41"], "total_order": 1, "hotel_value": ["4.5"], "hotel_price": ["650"]}, "28680094": {"hotel_name": "\u4e34\u5b89\u5c71\u6816\u6cc9\u9690\u6c11\u5bbf", "order_time": ["2019-01-06 14:00:42"], "total_order": 1, "hotel_value": [0], "hotel_price": ["336"]}, "2359344": {"hotel_name": "\u676d\u5dde\u94b1\u5eb7\u7cbe\u54c1\u9152\u5e97", "order_time": ["2019-01-06 14:52:34", "2019-01-06 14:20:35", "2019-01-06 14:02:31"], "total_order": 3, "hotel_value": ["4.5", "4.5", "4.5"], "hotel_price": ["213", "213", "213"]}, "8719620": {"hotel_name": "\u827e\u7b51\u827a\u672f\u9152\u5e97(\u897f\u6e56\u5e97)", "order_time": ["2019-01-06 14:28:34", "2019-01-06 14:02:31"], "total_order": 2, "hotel_value": ["4.6", "4.6"], "hotel_price": ["197", "197"]}, "15024790": {"hotel_name": "\u676d\u5dde\u73cf\u54c1\u8bbe\u8ba1\u5e08\u9152\u5e97", "order_time": ["2019-01-06 14:02:31"], "total_order": 1, "hotel_value": ["4.7"], "hotel_price": ["329"]}, "25906076": {"hotel_name": "\u661f\u57ce\u7a7a\u7985\u7cbe\u54c1\u793e\u4ea4\u9752\u5e74\u65c5\u793e(\u676d\u5dde\u897f\u6e56\u5a7a\u6c5f\u8def\u5730\u94c1\u7ad9\u5e97)", "order_time": ["2019-01-06 14:02:31"], "total_order": 1, "hotel_value": ["4.8"], "hotel_price": ["58"]}, "434140": {"hotel_name": "\u676d\u5dde\u6cd5\u4e91\u5b89\u7f26", "order_time": ["2019-01-06 14:02:31"], "total_order": 1, "hotel_value": ["4.7"], "hotel_price": ["4518"]}, "732096": {"hotel_name": "\u676d\u5dde\u5343\u79a7\u5ea6\u5047\u9152\u5e97", "order_time": ["2019-01-06 14:02:31"], "total_order": 1, "hotel_value": ["4.7"], "hotel_price": ["755"]}, "2986577": {"hotel_name": "\u676d\u5dde\u9886\u519b\u541b\u60a6\u9152\u5e97\u516c\u5bd3", "order_time": ["2019-01-06 14:02:31"], "total_order": 1, "hotel_value": ["4.6"], "hotel_price": ["466"]}, "4498707": {"hotel_name": "\u676d\u5dde\u57ce\u4e2d\u9999\u683c\u91cc\u62c9\u5927\u9152\u5e97", "order_time": ["2019-01-06 14:10:32", "2019-01-06 14:02:31"], "total_order": 2, "hotel_value": ["4.7", "4.7"], "hotel_price": ["1236", "1236"]}, "9846795": {"hotel_name": "\u9890\u7b51\u00b7\u676d\u5dde\u4f3c\u6c34\u6d41\u5e74\u8bb0\u5fc6\u6c11\u5bbf", "order_time": ["2019-01-06 14:02:32"], "total_order": 1, "hotel_value": ["4.8"], "hotel_price": ["142"]}, "533822": {"hotel_name": "\u676d\u5dde\u7fe1\u4e3d\u5927\u9152\u5e97", "order_time": ["2019-01-06 14:02:32"], "total_order": 1, "hotel_value": ["4.5"], "hotel_price": ["450"]}, "1251562": {"hotel_name": "\u6854\u5b50\u9152\u5e97\u00b7\u7cbe\u9009(\u676d\u5dde\u6b66\u6797\u95e8\u5730\u94c1\u7ad9\u5e97)", "order_time": ["2019-01-06 14:02:32"], "total_order": 1, "hotel_value": ["4.8"], "hotel_price": ["303"]}, "1770768": {"hotel_name": "\u5bcc\u9633\u5982\u60a6\u5546\u52a1\u9152\u5e97", "order_time": ["2019-01-06 14:02:32", "2019-01-06 14:08:34"], "total_order": 2, "hotel_value": ["4.9", "4.9"], "hotel_price": ["121", "121"]}, "7302456": {"hotel_name": "\u676d\u5dde\u5e7f\u5168\u6587\u5316\u9152\u5e97", "order_time": ["2019-01-06 14:02:32"], "total_order": 1, "hotel_value": ["4.6"], "hotel_price": ["138"]}, "5244505": {"hotel_name": "\u676d\u5dde\u8377\u65b9\u56fd\u9645\u9752\u5e74\u65c5\u820d", "order_time": ["2019-01-06 14:14:33", "2019-01-06 14:02:33"], "total_order": 2, "hotel_value": ["4.4", "4.4"], "hotel_price": ["51", "52"]}, "481226": {"hotel_name": "\u5e03\u4e01\u9152\u5e97(\u676d\u5dde\u9ec4\u9f99\u4f53\u80b2\u4e2d\u5fc3\u9ec4\u59d1\u5c71\u8def\u5e97)", "order_time": ["2019-01-06 14:02:33"], "total_order": 1, "hotel_value": ["4.2"], "hotel_price": ["87"]}, "1086131": {"hotel_name": "\u5982\u5bb6\u5feb\u6377\u9152\u5e97(\u676d\u5dde\u4e34\u5e73\u94f6\u6cf0\u57ce\u5730\u94c1\u7ad9\u5e97)", "order_time": ["2019-01-06 14:02:33"], "total_order": 1, "hotel_value": ["4.4"], "hotel_price": ["139"]}, "3750539": {"hotel_name": "\u60528\u8fde\u9501\u9152\u5e97(\u676d\u5dde\u4e0b\u6c99\u4f20\u5a92\u5e97)", "order_time": ["2019-01-06 14:02:33"], "total_order": 1, "hotel_value": ["4.3"], "hotel_price": ["80"]}, "1431130": {"hotel_name": "99\u65c5\u9986\u8fde\u9501(\u676d\u5dde\u6c7d\u8f66\u5317\u7ad9\u5e97)", "order_time": ["2019-01-06 14:02:33"], "total_order": 1, "hotel_value": ["3.4"], "hotel_price": ["84"]}, "534051": {"hotel_name": "\u6d59\u6c5f\u5ea6\u8c6a\u5927\u9152\u5e97", "order_time": ["2019-01-06 14:02:33"], "total_order": 1, "hotel_value": ["4.5"], "hotel_price": ["274"]}, "23564770": {"hotel_name": "\u676d\u5dde\u5446\u5446\u9152\u5e97\u5f0f\u516c\u5bd3", "order_time": ["2019-01-06 14:02:34"], "total_order": 1, "hotel_value": ["4.7"], "hotel_price": ["185"]}, "1569820": {"hotel_name": "\u5982\u5bb6\u5feb\u6377\u9152\u5e97(\u676d\u5dde\u4e94\u5e38\u5927\u9053\u897f\u6eaa\u6e7f\u5730\u5370\u8c61\u57ce\u5e97)", "order_time": ["2019-01-06 14:02:34"], "total_order": 1, "hotel_value": ["4.5"], "hotel_price": ["105"]}, "4444489": {"hotel_name": "\u82b1\u7b51\u00b7\u676d\u5dde\u8d8a\u4e0a\u4e91\u820d\u7cbe\u54c1\u6c11\u5bbf", "order_time": ["2019-01-06 14:02:34"], "total_order": 1, "hotel_value": ["4.7"], "hotel_price": ["275"]}, "1535526": {"hotel_name": "\u6c49\u5ead\u9152\u5e97(\u676d\u5dde\u8427\u5c71\u673a\u573a\u5e97)", "order_time": ["2019-01-06 14:10:32", "2019-01-06 14:04:32"], "total_order": 2, "hotel_value": ["4.3", "4.3"], "hotel_price": ["169", "169"]}, "4328052": {"hotel_name": "\u676d\u5dde\u53bb\u7b51\u9152\u5e97\u516c\u5bd3(\u539f\u6770\u5ea7\u81fb\u54c1\u9152\u5e97\u516c\u5bd3)", "order_time": ["2019-01-06 14:04:32"], "total_order": 1, "hotel_value": ["4.2"], "hotel_price": ["232"]}, "15709207": {"hotel_name": "\u676d\u5dde\u672a\u6765\u79d1\u6280\u57ce\u4e9a\u6735S\u9152\u5e97", "order_time": ["2019-01-06 14:04:33"], "total_order": 1, "hotel_value": ["4.8"], "hotel_price": ["506"]}, "369759": {"hotel_name": "\u676d\u5dde\u6d77\u5916\u6d77\u7687\u51a0\u5927\u9152\u5e97", "order_time": ["2019-01-06 14:04:33"], "total_order": 1, "hotel_value": ["4.8"], "hotel_price": ["530"]}, "5975316": {"hotel_name": "\u676d\u5dde\u9ea6\u5c16\u9752\u5e74\u6587\u827a\u9152\u5e97", "order_time": ["2019-01-06 14:04:33"], "total_order": 1, "hotel_value": ["4.7"], "hotel_price": ["354"]}, "1441150": {"hotel_name": "\u5982\u5bb6\u5feb\u6377\u9152\u5e97(\u676d\u5dde\u897f\u6e56\u89e3\u653e\u8def\u5efa\u56fd\u8def\u5e97)", "order_time": ["2019-01-06 14:04:34"], "total_order": 1, "hotel_value": ["4.5"], "hotel_price": ["155"]}, "1441801": {"hotel_name": "\u5982\u5bb6\u5feb\u6377\u9152\u5e97(\u676d\u5dde\u897f\u6e56\u5357\u5b8b\u5fa1\u8857\u5b9a\u5b89\u8def\u5730\u94c1\u7ad9\u5e97)", "order_time": ["2019-01-06 14:04:34", "2019-01-06 14:40:33"], "total_order": 2, "hotel_value": ["4.3", "4.3"], "hotel_price": ["89", "89"]}, "5226275": {"hotel_name": "\u6816\u6cca\u9152\u5e97(\u676d\u5dde\u897f\u6eaa\u5370\u8c61\u57ce\u5e97)", "order_time": ["2019-01-06 14:04:34"], "total_order": 1, "hotel_value": ["4.6"], "hotel_price": ["211"]}, "1709968": {"hotel_name": "\u676d\u5dde\u6ee8\u6c5f\u68a6\u5c14\u5047\u65e5\u9152\u5e97", "order_time": ["2019-01-06 14:04:34"], "total_order": 1, "hotel_value": ["4.1"], "hotel_price": ["281"]}, "441170": {"hotel_name": "\u676d\u5dde\u6eaa\u5c1a\u9152\u5e97", "order_time": ["2019-01-06 14:04:34"], "total_order": 1, "hotel_value": ["4.3"], "hotel_price": ["217"]}, "1569818": {"hotel_name": "\u5982\u5bb6\u5feb\u6377\u9152\u5e97(\u676d\u5dde\u8427\u5c71\u901a\u60e0\u5317\u8def\u65b0\u519c\u90fd\u5e97)", "order_time": ["2019-01-06 14:04:34", "2019-01-06 14:46:33"], "total_order": 2, "hotel_value": ["4.4", "4.4"], "hotel_price": ["130", "130"]}, "26618172": {"hotel_name": "\u676d\u5dde\u4edf\u5bfb\u5ba2\u6808", "order_time": ["2019-01-06 14:04:34", "2019-01-06 14:26:33"], "total_order": 2, "hotel_value": ["4.9", "4.9"], "hotel_price": ["223", "223"]}, "2644410": {"hotel_name": "\u676d\u5dde\u5c1a\u5b87\u9152\u5e97", "order_time": ["2019-01-06 14:04:35", "2019-01-06 14:14:36"], "total_order": 2, "hotel_value": ["4.4", "4.4"], "hotel_price": ["69", "69"]}, "7490944": {"hotel_name": "\u5343\u5c9b\u6e56\u4f2f\u745e\u7279\u6e29\u6cc9\u5ea6\u5047\u9152\u5e97", "order_time": ["2019-01-06 14:04:39"], "total_order": 1, "hotel_value": ["4.7"], "hotel_price": ["370"]}, "709093": {"hotel_name": "\u4e34\u5b89\u6e4d\u53e3\u4f17\u5b89\u6c21\u6e29\u6cc9\u5ea6\u5047\u9152\u5e97", "order_time": ["2019-01-06 14:04:40"], "total_order": 1, "hotel_value": ["4.6"], "hotel_price": ["1332"]}, "1198775": {"hotel_name": "\u6850\u5e90\u4ebf\u5bb6\u5546\u52a1\u5bbe\u9986", "order_time": ["2019-01-06 14:04:40"], "total_order": 1, "hotel_value": ["3.9"], "hotel_price": ["88"]}, "1120483": {"hotel_name": "\u90fd\u5e02\u4e91\u7aef\u9152\u5e97(\u676d\u5dde\u897f\u6e56\u4e3b\u9898\u5e97)", "order_time": ["2019-01-06 14:06:33"], "total_order": 1, "hotel_value": ["4.1"], "hotel_price": ["124"]}, "1709318": {"hotel_name": "\u676d\u5dde\u60a6\u80dc\u9152\u5e97", "order_time": ["2019-01-06 14:06:33"], "total_order": 1, "hotel_value": ["4.3"], "hotel_price": ["89"]}, "26363232": {"hotel_name": "\u676d\u5dde\u5b9d\u5fc6\u5927\u9152\u5e97", "order_time": ["2019-01-06 14:06:34"], "total_order": 1, "hotel_value": ["4.7"], "hotel_price": ["214"]}, "346300": {"hotel_name": "\u676d\u5ddeJW\u4e07\u8c6a\u9152\u5e97", "order_time": ["2019-01-06 14:48:33", "2019-01-06 14:06:34"], "total_order": 2, "hotel_value": ["4.7", "4.7"], "hotel_price": ["933", "933"]}, "13831962": {"hotel_name": "\u676d\u5dde\u534e\u76db\u8fbe\u96f7\u8fea\u68ee\u5e7f\u573a\u9152\u5e97", "order_time": ["2019-01-06 14:06:34"], "total_order": 1, "hotel_value": ["4.8"], "hotel_price": ["588"]}, "375377": {"hotel_name": "\u676d\u5dde\u7231\u4e01\u5821\u5047\u65e5\u9152\u5e97", "order_time": ["2019-01-06 14:06:34"], "total_order": 1, "hotel_value": ["4.4"], "hotel_price": ["297"]}, "739280": {"hotel_name": "\u676d\u5ddeEAC\u6b27\u7f8e\u4e2d\u5fc3\u56fd\u9645\u9152\u5e97\u516c\u5bd3", "order_time": ["2019-01-06 14:06:34"], "total_order": 1, "hotel_value": ["4.6"], "hotel_price": ["322"]}, "4650286": {"hotel_name": "\u676d\u5dde\u70ed\u5e26\u96e8\u6797\u5047\u65e5\u9152\u5e97", "order_time": ["2019-01-06 14:06:35"], "total_order": 1, "hotel_value": ["4.1"], "hotel_price": ["133"]}, "1307664": {"hotel_name": "\u676d\u5dde\u8212\u7c73\u9152\u5e97", "order_time": ["2019-01-06 14:06:35"], "total_order": 1, "hotel_value": ["4.3"], "hotel_price": ["90"]}, "481282": {"hotel_name": "\u5e03\u4e01\u9152\u5e97(\u676d\u5dde\u91d1\u57ce\u8def\u676d\u5dde\u4e50\u56ed\u5e97)", "order_time": ["2019-01-06 14:06:37"], "total_order": 1, "hotel_value": ["3.8"], "hotel_price": ["103"]}, "8057853": {"hotel_name": "\u676d\u5dde\u4f0a\u6cfd\u745e\u5c14\u9152\u5e97\u516c\u5bd3", "order_time": ["2019-01-06 14:06:38"], "total_order": 1, "hotel_value": ["4.7"], "hotel_price": ["226"]}, "7801978": {"hotel_name": "\u5168\u5b63\u9152\u5e97(\u676d\u5dde\u897f\u6e56\u5e73\u6d77\u8def\u5e97)", "order_time": ["2019-01-06 14:06:38"], "total_order": 1, "hotel_value": ["4.8"], "hotel_price": ["254"]}, "1461231": {"hotel_name": "\u5982\u5bb6\u5feb\u6377\u9152\u5e97(\u4e34\u5b89\u94b1\u738b\u8857\u4e07\u534e\u5e7f\u573a\u5e97)", "order_time": ["2019-01-06 14:06:39"], "total_order": 1, "hotel_value": ["4.3"], "hotel_price": ["98"]}, "483795": {"hotel_name": "\u661f\u7a0b\u9152\u5e97(\u676d\u5dde\u4e2d\u5927\u94f6\u6cf0\u57ce\u5e97)", "order_time": ["2019-01-06 14:08:33"], "total_order": 1, "hotel_value": ["4.4"], "hotel_price": ["245"]}, "5798061": {"hotel_name": "\u9526\u6c5f\u4e4b\u661f\u54c1\u5c1a(\u676d\u5dde\u6ee8\u6c5f\u5927\u5b66\u57ce\u6d66\u6cbf\u5730\u94c1\u7ad9\u9152\u5e97)", "order_time": ["2019-01-06 14:08:33"], "total_order": 1, "hotel_value": ["4.6"], "hotel_price": ["237"]}, "15215652": {"hotel_name": "Q\u52a0\u00b7\u7ea2\u83b1\u9152\u5e97(\u676d\u5dde\u8427\u5c71\u56fd\u9645\u673a\u573a\u4e1c\u5927\u95e8\u5e97)", "order_time": ["2019-01-06 14:08:33", "2019-01-06 14:10:31"], "total_order": 2, "hotel_value": ["4.8", "4.8"], "hotel_price": ["204", "204"]}, "25555974": {"hotel_name": "\u676d\u5dde\u541b\u7f18\u9152\u5e97\u5f0f\u516c\u5bd3", "order_time": ["2019-01-06 14:48:34", "2019-01-06 14:08:34"], "total_order": 2, "hotel_value": ["4.6", "4.6"], "hotel_price": ["187", "187"]}, "25395519": {"hotel_name": "\u676d\u5dde\u7f8e\u4f4f\u8513\u6854\u00b7\u5370\u8c61\u9152\u5e97", "order_time": ["2019-01-06 14:08:34"], "total_order": 1, "hotel_value": ["4.8"], "hotel_price": ["184"]}, "7142560": {"hotel_name": "\u5168\u5b63\u9152\u5e97(\u676d\u5dde\u4e5d\u5821\u5ba2\u8fd0\u4e2d\u5fc3\u5e97)", "order_time": ["2019-01-06 14:08:34"], "total_order": 1, "hotel_value": ["4.9"], "hotel_price": ["264"]}, "1571312": {"hotel_name": "\u676d\u5dde\u551b\u514b\u98ce\u9152\u5e97\u516c\u5bd3", "order_time": ["2019-01-06 14:08:34"], "total_order": 1, "hotel_value": ["4.3"], "hotel_price": ["175"]}, "1192445": {"hotel_name": "\u5982\u5bb6\u5feb\u6377\u9152\u5e97(\u676d\u5dde\u897f\u6e56\u5e86\u6625\u8def\u5e97)", "order_time": ["2019-01-06 14:08:34"], "total_order": 1, "hotel_value": ["4.4"], "hotel_price": ["137"]}, "1413913": {"hotel_name": "\u5168\u5b63\u9152\u5e97(\u676d\u5dde\u6b66\u6797\u95e8\u5e97)", "order_time": ["2019-01-06 14:08:34"], "total_order": 1, "hotel_value": ["4.7"], "hotel_price": ["217"]}, "6477665": {"hotel_name": "\u5357\u82d1e\u5bb6\u9152\u5e97\u676d\u5dde\u4e34\u5e73\u5546\u8d38\u57ce\u5e97", "order_time": ["2019-01-06 14:08:36"], "total_order": 1, "hotel_value": ["4.1"], "hotel_price": ["131"]}, "396984": {"hotel_name": "\u676d\u5dde\u8309\u8389\u82b1\u56fd\u9645\u5927\u9152\u5e97", "order_time": ["2019-01-06 14:08:36"], "total_order": 1, "hotel_value": ["3.9"], "hotel_price": ["269"]}, "2858131": {"hotel_name": "\u676d\u5dde\u9f0e\u9038\u5ba2\u623f", "order_time": ["2019-01-06 14:08:37"], "total_order": 1, "hotel_value": ["4.0"], "hotel_price": ["101"]}, "2944246": {"hotel_name": "\u5434\u5c71\u5c45(\u676d\u5dde\u6cb3\u574a\u8857\u5e97)", "order_time": ["2019-01-06 14:10:31"], "total_order": 1, "hotel_value": ["4.6"], "hotel_price": ["279"]}, "445476": {"hotel_name": "\u676d\u5dde\u4ec1\u548c\u996d\u5e97", "order_time": ["2019-01-06 14:10:32"], "total_order": 1, "hotel_value": ["4.6"], "hotel_price": ["358"]}, "8654640": {"hotel_name": "\u676d\u5dde\u8427\u5c71\u56fd\u9645\u673a\u573a\u91d1\u9a6c\u6e2f\u666f\u9152\u5e97", "order_time": ["2019-01-06 14:10:32"], "total_order": 1, "hotel_value": ["4.5"], "hotel_price": ["283"]}, "433845": {"hotel_name": "\u5982\u5bb6\u5feb\u6377\u9152\u5e97(\u676d\u5dde\u897f\u6e56\u5357\u5b8b\u5fa1\u8857\u4e2d\u5fc3\u5e97)", "order_time": ["2019-01-06 14:10:32"], "total_order": 1, "hotel_value": ["4.5"], "hotel_price": ["84"]}, "987333": {"hotel_name": "\u676d\u5dde\u73af\u6e56\u5927\u9152\u5e97", "order_time": ["2019-01-06 14:10:32"], "total_order": 1, "hotel_value": ["4.1"], "hotel_price": ["140"]}, "23710119": {"hotel_name": "\u676d\u5dde\u897f\u6eaa\u4e03\u820d\u9152\u5e97", "order_time": ["2019-01-06 14:10:32", "2019-01-06 14:14:33"], "total_order": 2, "hotel_value": ["5.0", "5.0"], "hotel_price": ["140", "140"]}, "1462568": {"hotel_name": "\u5982\u5bb6\u5feb\u6377\u9152\u5e97(\u676d\u5dde\u83ab\u5e72\u5c71\u8def\u5e97)", "order_time": ["2019-01-06 14:10:32"], "total_order": 1, "hotel_value": ["4.5"], "hotel_price": ["113"]}, "14262662": {"hotel_name": "\u7ef4\u4e5f\u7eb3\u56fd\u9645\u9152\u5e97(\u676d\u5dde\u4e0b\u6c99\u5927\u5b66\u57ce\u5e97)", "order_time": ["2019-01-06 14:10:32"], "total_order": 1, "hotel_value": ["4.8"], "hotel_price": ["279"]}, "1441545": {"hotel_name": "\u901f8\u9152\u5e97(\u676d\u5dde\u897f\u6e56\u9752\u5e74\u8def\u5e97)", "order_time": ["2019-01-06 14:10:33", "2019-01-06 14:50:34"], "total_order": 2, "hotel_value": ["3.7", "3.7"], "hotel_price": ["93", "93"]}, "1646880": {"hotel_name": "\u676d\u5dde\u66fc\u7235\u7cbe\u54c1\u9152\u5e97", "order_time": ["2019-01-06 14:10:33", "2019-01-06 14:20:35"], "total_order": 2, "hotel_value": ["3.7", "3.7"], "hotel_price": ["115", "115"]}, "1628144": {"hotel_name": "\u5370\u6708\u5bbe\u9986(\u676d\u5dde\u57ce\u7ad9\u5fa1\u8857\u5e97)", "order_time": ["2019-01-06 14:10:33"], "total_order": 1, "hotel_value": ["4.2"], "hotel_price": ["139"]}, "1630669": {"hotel_name": "\u676d\u5dde\u4e09\u9f99\u5927\u9152\u5e97", "order_time": ["2019-01-06 14:10:33", "2019-01-06 14:22:32"], "total_order": 2, "hotel_value": ["4.4", "4.4"], "hotel_price": ["92", "92"]}, "1373730": {"hotel_name": "\u676d\u5dde\u67cf\u6f9c\u9152\u5e97\u516c\u5bd3", "order_time": ["2019-01-06 14:10:33"], "total_order": 1, "hotel_value": ["4.6"], "hotel_price": ["212"]}, "1616893": {"hotel_name": "\u676d\u5dde\u96c5\u5ead\u7cbe\u54c1\u9152\u5e97", "order_time": ["2019-01-06 14:10:33"], "total_order": 1, "hotel_value": ["4.3"], "hotel_price": ["267"]}, "474088": {"hotel_name": "\u6c49\u5ead\u9152\u5e97(\u676d\u5dde\u897f\u6e56\u9ec4\u9f99\u7075\u9690\u5bfa\u9f99\u4e95\u8def\u5e97)", "order_time": ["2019-01-06 14:10:33"], "total_order": 1, "hotel_value": ["4.1"], "hotel_price": ["136"]}, "1740423": {"hotel_name": "\u6c49\u9a6c\u7cbe\u54c1\u9152\u5e97(\u676d\u5dde\u5927\u5173\u6c34\u6676\u57ce\u5e97)(\u539f\u5927\u5173\u65d7\u8230\u5e97)", "order_time": ["2019-01-06 14:10:33"], "total_order": 1, "hotel_value": ["4.0"], "hotel_price": ["146"]}, "697884": {"hotel_name": "\u6c49\u5ead\u9152\u5e97(\u676d\u5dde\u897f\u6e56\u65ad\u6865\u4fdd\u4ff6\u8def\u9152\u5e97)", "order_time": ["2019-01-06 14:10:33", "2019-01-06 14:14:33"], "total_order": 2, "hotel_value": ["4.3", "4.3"], "hotel_price": ["135", "135"]}, "5527908": {"hotel_name": "\u676d\u5dde\u7235\u4f18\u82b1\u56ed\u9152\u5e97", "order_time": ["2019-01-06 14:10:33"], "total_order": 1, "hotel_value": ["4.7"], "hotel_price": ["203"]}, "697733": {"hotel_name": "\u6c49\u5ead\u9152\u5e97\uff08\u676d\u5dde\u6587\u4e00\u8def\u7fe0\u82d1\u5e97\uff09\uff08\u539f\u7fe0\u82d1\u5e97)", "order_time": ["2019-01-06 14:10:33"], "total_order": 1, "hotel_value": ["4.2"], "hotel_price": ["172"]}, "1640488": {"hotel_name": "7\u5929\u8fde\u9501\u9152\u5e97(\u676d\u5dde\u57ce\u7ad9\u706b\u8f66\u7ad9\u5e97)", "order_time": ["2019-01-06 14:10:33", "2019-01-06 14:14:33"], "total_order": 2, "hotel_value": ["4.0", "4.0"], "hotel_price": ["100", "100"]}, "20024644": {"hotel_name": "\u676d\u5dde\u5143\u6735\u5546\u52a1\u9152\u5e97", "order_time": ["2019-01-06 14:10:33"], "total_order": 1, "hotel_value": ["4.6"], "hotel_price": ["131"]}, "816235": {"hotel_name": "\u676d\u5dde\u683c\u5b50\u5ba2\u6808", "order_time": ["2019-01-06 14:10:33"], "total_order": 1, "hotel_value": ["4.5"], "hotel_price": ["168"]}, "10920264": {"hotel_name": "\u676d\u5dde\u70ab\u9890\u5927\u9152\u5e97", "order_time": ["2019-01-06 14:10:33"], "total_order": 1, "hotel_value": ["4.5"], "hotel_price": ["213"]}, "17266046": {"hotel_name": "Zsmart\u667a\u5c1a\u9152\u5e97(\u676d\u5dde\u672a\u6765\u79d1\u6280\u57ce\u5e97)", "order_time": ["2019-01-06 14:10:33"], "total_order": 1, "hotel_value": ["4.7"], "hotel_price": ["160"]}, "1734172": {"hotel_name": "\u6d59\u6c5f\u6c47\u5b87\u534e\u946b\u5927\u9152\u5e97(\u676d\u5dde\u706b\u8f66\u5357\u7ad9\u5e97)", "order_time": ["2019-01-06 14:10:33"], "total_order": 1, "hotel_value": ["4.2"], "hotel_price": ["211"]}, "1720151": {"hotel_name": "\u676d\u5dde\u83b2\u82b1\u5bbe\u9986", "order_time": ["2019-01-06 14:10:33"], "total_order": 1, "hotel_value": ["4.6"], "hotel_price": ["427"]}, "8300536": {"hotel_name": "\u676d\u5dde\u4e91\u6816\u7fe1\u5c14\u9152\u5e97", "order_time": ["2019-01-06 14:10:33"], "total_order": 1, "hotel_value": ["4.5"], "hotel_price": ["360"]}, "5245596": {"hotel_name": "\u676d\u5dde\u6c5f\u5357\u9a7f\u56fd\u9645\u9752\u5e74\u65c5\u820d", "order_time": ["2019-01-06 14:10:33"], "total_order": 1, "hotel_value": ["4.4"], "hotel_price": ["90"]}, "25662266": {"hotel_name": "\u676d\u5dde\u4f18\u9009\u670d\u52a1\u5f0f\u516c\u5bd3", "order_time": ["2019-01-06 14:10:33"], "total_order": 1, "hotel_value": ["4.9"], "hotel_price": ["242"]}, "1051204": {"hotel_name": "\u5e03\u4e01\u4e25\u9009\u9152\u5e97(\u676d\u5dde\u4e0b\u6c99\u5e97)", "order_time": ["2019-01-06 14:10:33", "2019-01-06 14:14:33", "2019-01-06 14:50:34"], "total_order": 3, "hotel_value": ["4.3", "4.3", "4.3"], "hotel_price": ["94", "94", "94"]}, "19624311": {"hotel_name": "\u83b1\u5ead\u9152\u5e97(\u676d\u5dde\u8427\u5c71\u673a\u573a\u5e97)", "order_time": ["2019-01-06 14:10:33"], "total_order": 1, "hotel_value": ["4.4"], "hotel_price": ["140"]}, "1071771": {"hotel_name": "\u5e03\u4e01\u9152\u5e97(\u676d\u5dde\u4e0a\u5858\u8def\u6d59\u5de5\u5927\u5e97)", "order_time": ["2019-01-06 14:10:33"], "total_order": 1, "hotel_value": ["4.0"], "hotel_price": ["129"]}, "1458297": {"hotel_name": "\u676d\u5dde\u6d77\u5723\u4e3b\u9898\u9152\u5e97", "order_time": ["2019-01-06 14:10:33"], "total_order": 1, "hotel_value": ["3.9"], "hotel_price": ["110"]}, "1582759": {"hotel_name": "\u5982\u5bb6\u9a7f\u5c45\u9152\u5e97(\u676d\u5dde\u5e73\u6d77\u897f\u6e56\u9f99\u7fd4\u6865\u5e97)", "order_time": ["2019-01-06 14:10:36", "2019-01-06 14:42:37"], "total_order": 2, "hotel_value": ["4.1", "4.1"], "hotel_price": ["122", "122"]}, "6254733": {"hotel_name": "\u676d\u5ddetakeanap\u772f\u4e00\u4f1a\u4f4f\u5bbf", "order_time": ["2019-01-06 14:22:33", "2019-01-06 14:18:32", "2019-01-06 14:12:31"], "total_order": 3, "hotel_value": ["4.0", "4.0", "4.0"], "hotel_price": ["135", "144", "144"]}, "25590027": {"hotel_name": "\u676d\u5dde\u7a7a\u6e2f\u5047\u65e5\u9152\u5e97", "order_time": ["2019-01-06 14:12:31"], "total_order": 1, "hotel_value": ["4.7"], "hotel_price": ["489"]}, "8296858": {"hotel_name": "\u676d\u5dde\u4e0b\u6c99\u4e9a\u6735\u9152\u5e97", "order_time": ["2019-01-06 14:12:31"], "total_order": 1, "hotel_value": ["4.8"], "hotel_price": ["385"]}, "375374": {"hotel_name": "\u676d\u5dde\u7ef4\u666f\u56fd\u9645\u5927\u9152\u5e97", "order_time": ["2019-01-06 14:12:32"], "total_order": 1, "hotel_value": ["4.5"], "hotel_price": ["420"]}, "1705004": {"hotel_name": "\u676d\u5dde\u661f\u5149\u7535\u5f71\u4e3b\u9898\u9152\u5e97", "order_time": ["2019-01-06 14:12:32"], "total_order": 1, "hotel_value": ["4.5"], "hotel_price": ["362"]}, "6000722": {"hotel_name": "\u6e38\u4fa0\u5ba2\u6c11\u5bbf(\u676d\u5dde\u8fd0\u6cb3\u522b\u9662\u5e97)", "order_time": ["2019-01-06 14:12:32"], "total_order": 1, "hotel_value": ["4.9"], "hotel_price": ["449"]}, "18562203": {"hotel_name": "\u676d\u5dde\u9f99\u6e56\u7687\u51a0\u5047\u65e5\u9152\u5e97", "order_time": ["2019-01-06 14:12:32"], "total_order": 1, "hotel_value": ["4.7"], "hotel_price": ["756"]}, "479153": {"hotel_name": "\u9526\u6c5f\u90fd\u57ce\u9152\u5e97(\u676d\u5dde\u62f1\u5885\u4e07\u8fbe\u5e7f\u573a\u5e97)", "order_time": ["2019-01-06 14:12:32"], "total_order": 1, "hotel_value": ["4.7"], "hotel_price": ["284"]}, "3796922": {"hotel_name": "\u5168\u5b63\u9152\u5e97(\u676d\u5dde\u6ee8\u6c5f\u6c5f\u5357\u5927\u9053\u5e97)", "order_time": ["2019-01-06 14:12:32", "2019-01-06 14:36:31"], "total_order": 2, "hotel_value": ["4.8", "4.8"], "hotel_price": ["400", "417"]}, "346307": {"hotel_name": "\u676d\u5dde\u4e2d\u7ef4\u6b4c\u5fb7\u5927\u9152\u5e97", "order_time": ["2019-01-06 14:12:32"], "total_order": 1, "hotel_value": ["4.7"], "hotel_price": ["567"]}, "467422": {"hotel_name": "\u676d\u5dde\u4e3d\u6b63\u95e8\u5927\u9152\u5e97", "order_time": ["2019-01-06 14:12:32"], "total_order": 1, "hotel_value": ["4.4"], "hotel_price": ["177"]}, "1536682": {"hotel_name": "\u676d\u5dde\u9ec4\u9f99\u4e9a\u6735\u9152\u5e97", "order_time": ["2019-01-06 14:12:32"], "total_order": 1, "hotel_value": ["4.7"], "hotel_price": ["495"]}, "1461643": {"hotel_name": "\u83ab\u6cf0268(\u676d\u5dde\u897f\u6e56\u5357\u5b8b\u5fa1\u8857\u6b65\u884c\u8857\u5e97)", "order_time": ["2019-01-06 14:12:32"], "total_order": 1, "hotel_value": ["4.5"], "hotel_price": ["106"]}, "4592508": {"hotel_name": "\u6d59\u6c5f\u97f3\u4e50\u5b66\u9662\u56fd\u9645\u4ea4\u6d41\u4e2d\u5fc3", "order_time": ["2019-01-06 14:12:38"], "total_order": 1, "hotel_value": ["4.8"], "hotel_price": ["280"]}, "6549612": {"hotel_name": "\u5343\u5c9b\u6e56\u9e3f\u5ef7\u56fd\u9645\u9152\u5e97", "order_time": ["2019-01-06 14:12:39"], "total_order": 1, "hotel_value": ["4.7"], "hotel_price": ["246"]}, "11513241": {"hotel_name": "\u4e34\u5b89\u7c73\u6b27\u57ce\u5e02\u9152\u5e97", "order_time": ["2019-01-06 14:12:39"], "total_order": 1, "hotel_value": ["4.3"], "hotel_price": ["295"]}, "2140652": {"hotel_name": "\u5143\u548c\u57ce\u5e02\u4e4b\u661f\u9152\u5e97(\u676d\u5dde\u897f\u57ce\u5e97)", "order_time": ["2019-01-06 14:14:31"], "total_order": 1, "hotel_value": ["4.4"], "hotel_price": ["174"]}, "5673297": {"hotel_name": "\u676d\u5dde\u94b1\u6c5f\u65b0\u57ce\u4e07\u8c6a\u9152\u5e97", "order_time": ["2019-01-06 14:20:35", "2019-01-06 14:14:31"], "total_order": 2, "hotel_value": ["4.7", "4.7"], "hotel_price": ["1108", "1108"]}, "19610638": {"hotel_name": "\u676d\u5dde\u8fd0\u6cb3\u5e0c\u5c14\u987f\u6b22\u670b\u9152\u5e97", "order_time": ["2019-01-06 14:14:31"], "total_order": 1, "hotel_value": ["4.7"], "hotel_price": ["409"]}, "18438687": {"hotel_name": "\u5965\u5170\u57ce\u5b63\u9152\u5e97(\u676d\u5dde\u8427\u5c71\u4eba\u6c11\u5e7f\u573a\u5e97)", "order_time": ["2019-01-06 14:14:31"], "total_order": 1, "hotel_value": ["4.8"], "hotel_price": ["194"]}, "27863591": {"hotel_name": "\u7f8e\u8c6a\u4e3d\u81f4\u9152\u5e97(\u676d\u5dde\u8427\u5c71\u673a\u573a\u5e97)", "order_time": ["2019-01-06 14:14:32"], "total_order": 1, "hotel_value": ["5.0"], "hotel_price": ["302"]}, "369772": {"hotel_name": "\u676d\u5dde\u6e29\u5fb7\u59c6\u81f3\u5c0a\u8c6a\u5ef7\u5927\u9152\u5e97", "order_time": ["2019-01-06 14:14:32", "2019-01-06 14:28:33"], "total_order": 2, "hotel_value": ["4.7", "4.7"], "hotel_price": ["825", "825"]}, "6639337": {"hotel_name": "\u683c\u5948\u9152\u5e97(\u676d\u5dde\u8f6c\u5858\u7f8e\u9662\u5e97)", "order_time": ["2019-01-06 14:14:32"], "total_order": 1, "hotel_value": ["4.7"], "hotel_price": ["234"]}, "6458096": {"hotel_name": "\u767b\u5df4\u56fd\u9645\u8fde\u9501\u5ba2\u6808\u676d\u5dde\u897f\u6e56\u5e97", "order_time": ["2019-01-06 14:14:32"], "total_order": 1, "hotel_value": ["4.7"], "hotel_price": ["39"]}, "445502": {"hotel_name": "\u676d\u5dde\u4f0a\u9e9f\u9152\u5e97\u5f0f\u516c\u5bd3", "order_time": ["2019-01-06 14:14:32", "2019-01-06 14:18:32"], "total_order": 2, "hotel_value": ["4.2", "4.2"], "hotel_price": ["196", "196"]}, "542732": {"hotel_name": "\u4e14\u5ba2\u9152\u5e97\u5f0f\u516c\u5bd3(\u676d\u5dde\u661f\u5149\u5927\u9053\u5e97)", "order_time": ["2019-01-06 14:14:32", "2019-01-06 14:16:35"], "total_order": 2, "hotel_value": ["4.4", "4.4"], "hotel_price": ["202", "202"]}, "1770072": {"hotel_name": "\u5982\u5bb6\u5feb\u6377\u9152\u5e97(\u676d\u5dde\u6ee8\u6c5f\u5929\u8857\u661f\u5149\u5927\u9053\u5e97)", "order_time": ["2019-01-06 14:14:32", "2019-01-06 14:36:32"], "total_order": 2, "hotel_value": ["4.1", "4.1"], "hotel_price": ["196", "196"]}, "15084882": {"hotel_name": "Zsmart\u667a\u5c1a\u9152\u5e97(\u676d\u5dde\u6d59\u4e8c\u89e3\u653e\u8def\u5e97)", "order_time": ["2019-01-06 14:14:33"], "total_order": 1, "hotel_value": ["4.5"], "hotel_price": ["137"]}, "7355048": {"hotel_name": "\u51e0\u7c73\u9ad8\u7ea7\u9152\u5e97\u5f0f\u516c\u5bd3(\u676d\u5dde\u963f\u91cc\u5df4\u5df4\u6d77\u521b\u56ed\u5e97)(\u539f\u51e0\u7c73\u516c\u793e)", "order_time": ["2019-01-06 14:14:33"], "total_order": 1, "hotel_value": ["4.4"], "hotel_price": ["267"]}, "433861": {"hotel_name": "\u5982\u5bb6\u5feb\u6377\u9152\u5e97(\u676d\u5dde\u51e4\u8d77\u8def\u4e1d\u7ef8\u57ce\u4e2d\u6cb3\u5317\u8def\u5730\u94c1\u7ad9\u5e97)", "order_time": ["2019-01-06 14:14:33"], "total_order": 1, "hotel_value": ["4.3"], "hotel_price": ["98"]}, "23631444": {"hotel_name": "\u6021\u83b1\u7cbe\u54c1\u9152\u5e97(\u676d\u5dde\u94b1\u6c5f\u65b0\u57ce\u590d\u5174\u8def)", "order_time": ["2019-01-06 14:14:33"], "total_order": 1, "hotel_value": ["4.8"], "hotel_price": ["222"]}, "1207531": {"hotel_name": "\u676d\u5dde\u9510\u67cf\u6c40\u9152\u5e97(\u539f\u7ea6\u514b\u9152\u5e97\u8fde\u9501(\u676d\u5dde\u826f\u6e1a\u5e97))", "order_time": ["2019-01-06 14:14:33", "2019-01-06 14:40:34"], "total_order": 2, "hotel_value": ["4.1", "4.1"], "hotel_price": ["152", "152"]}, "1061856": {"hotel_name": "\u676d\u5dde\u6728\u5170\u9053\u9752\u5e74\u65c5\u820d", "order_time": ["2019-01-06 14:14:33"], "total_order": 1, "hotel_value": ["4.4"], "hotel_price": ["38"]}, "1371667": {"hotel_name": "\u676d\u5dde\u683c\u60a6\u81fb\u54c1\u9152\u5e97", "order_time": ["2019-01-06 14:14:34"], "total_order": 1, "hotel_value": ["4.0"], "hotel_price": ["143"]}, "27941785": {"hotel_name": "\u676d\u5dde\u8317\u5c1a\u5546\u52a1\u9152\u5e97", "order_time": ["2019-01-06 14:14:34"], "total_order": 1, "hotel_value": [0], "hotel_price": ["138"]}, "6593708": {"hotel_name": "\u676d\u5dde\u5e73\u767d\u6c11\u5bbf", "order_time": ["2019-01-06 14:14:34"], "total_order": 1, "hotel_value": ["4.6"], "hotel_price": ["182"]}, "2636634": {"hotel_name": "\u676d\u5dde\u767d\u683c\u9152\u5e97", "order_time": ["2019-01-06 14:14:35"], "total_order": 1, "hotel_value": ["4.4"], "hotel_price": ["324"]}, "5377968": {"hotel_name": "\u5f00\u5143\u66fc\u5c45\u00b7\u676d\u5dde\u4e34\u5e73\u5730\u94c1\u7ad9\u5e97", "order_time": ["2019-01-06 14:16:34"], "total_order": 1, "hotel_value": ["4.8"], "hotel_price": ["264"]}, "1641511": {"hotel_name": "\u5168\u5b63\u9152\u5e97(\u676d\u5dde\u897f\u6e56\u65ad\u6865\u5e97)", "order_time": ["2019-01-06 14:16:34"], "total_order": 1, "hotel_value": ["4.8"], "hotel_price": ["294"]}, "6285093": {"hotel_name": "\u676d\u5dde\u6b27\u4e9a\u7f8e\u56fd\u9645\u5927\u9152\u5e97", "order_time": ["2019-01-06 14:16:35"], "total_order": 1, "hotel_value": ["4.6"], "hotel_price": ["370"]}, "6403568": {"hotel_name": "\u676d\u5dde\u60a6\u535a\u516c\u9986\u7cbe\u9009\u9152\u5e97", "order_time": ["2019-01-06 14:16:35", "2019-01-06 14:54:34"], "total_order": 2, "hotel_value": ["4.5", "4.5"], "hotel_price": ["244", "279"]}, "1569741": {"hotel_name": "\u5982\u5bb6\u5feb\u6377\u9152\u5e97(\u676d\u5dde\u706b\u8f66\u4e1c\u7ad9\u79cb\u6d9b\u5317\u8def\u5e97)", "order_time": ["2019-01-06 14:16:35"], "total_order": 1, "hotel_value": ["4.4"], "hotel_price": ["89"]}, "23765828": {"hotel_name": "\u676d\u5dde\u4e07\u529b\u9152\u5e97", "order_time": ["2019-01-06 14:16:35"], "total_order": 1, "hotel_value": ["4.7"], "hotel_price": ["222"]}, "1551114": {"hotel_name": "\u676d\u5dde\u8427\u5c71\u57ce\u5e02\u9152\u5e97", "order_time": ["2019-01-06 14:16:35"], "total_order": 1, "hotel_value": ["4.6"], "hotel_price": ["270"]}, "1768939": {"hotel_name": "\u676d\u5dde\u559c\u5f97\u5b9d\u5927\u9152\u5e97", "order_time": ["2019-01-06 14:16:36"], "total_order": 1, "hotel_value": ["3.4"], "hotel_price": ["129"]}, "15851274": {"hotel_name": "\u676d\u5dde\u60e0\u5a77\u590d\u5f0f", "order_time": ["2019-01-06 14:16:38"], "total_order": 1, "hotel_value": [0], "hotel_price": ["299"]}, "8517703": {"hotel_name": "\u676d\u5dde\u6ee8\u6c5f\u4e9a\u6735S\u7f51\u6613\u4e25\u9009\u9152\u5e97", "order_time": ["2019-01-06 14:20:34", "2019-01-06 14:18:31"], "total_order": 2, "hotel_value": ["4.7", "4.7"], "hotel_price": ["551", "551"]}, "435419": {"hotel_name": "\u676d\u5dde\u6e56\u6ee8\u541b\u4ead\u9152\u5e97", "order_time": ["2019-01-06 14:18:31"], "total_order": 1, "hotel_value": ["4.4"], "hotel_price": ["248"]}, "433750": {"hotel_name": "\u4e66\u9999\u4e16\u5bb6\u9152\u5e97(\u676d\u5dde\u897f\u6e56\u6b66\u6797\u5e7f\u573a\u6d59\u5927\u5e97)", "order_time": ["2019-01-06 14:18:31"], "total_order": 1, "hotel_value": ["4.8"], "hotel_price": ["317"]}, "426643": {"hotel_name": "\u676d\u5dde\u745e\u8c6a\u4e2d\u5fc3\u9152\u5e97", "order_time": ["2019-01-06 14:18:31"], "total_order": 1, "hotel_value": ["4.5"], "hotel_price": ["418"]}, "435427": {"hotel_name": "\u676d\u5dde\u94f6\u9686\u541b\u4ead\u9152\u5e97", "order_time": ["2019-01-06 14:18:31"], "total_order": 1, "hotel_value": ["4.5"], "hotel_price": ["389"]}, "445494": {"hotel_name": "\u676d\u5dde\u548c\u4e3d\u7cbe\u54c1\u9152\u5e97", "order_time": ["2019-01-06 14:18:31"], "total_order": 1, "hotel_value": ["4.4"], "hotel_price": ["189"]}, "1225852": {"hotel_name": "\u676d\u5dde\u6b4c\u591a\u9152\u5e97", "order_time": ["2019-01-06 14:18:32"], "total_order": 1, "hotel_value": ["4.2"], "hotel_price": ["129"]}, "11185085": {"hotel_name": "\u676d\u5dde\u897f\u6eaa\u7d20\u4e0a\u9152\u5e97", "order_time": ["2019-01-06 14:18:32"], "total_order": 1, "hotel_value": ["4.7"], "hotel_price": ["554"]}, "6066213": {"hotel_name": "\u7ef4\u4e5f\u7eb3\u56fd\u9645\u9152\u5e97(\u676d\u5dde\u706b\u8f66\u4e1c\u7ad9\u5e97)", "order_time": ["2019-01-06 14:18:32"], "total_order": 1, "hotel_value": ["4.8"], "hotel_price": ["341"]}, "1372253": {"hotel_name": "\u676d\u5dde\u767e\u5229\u6c99\u6e56\u7554\u9152\u5e97", "order_time": ["2019-01-06 14:18:32"], "total_order": 1, "hotel_value": ["4.3"], "hotel_price": ["221"]}, "434627": {"hotel_name": "\u676d\u5dde\u6613\u878d\u9152\u5e97", "order_time": ["2019-01-06 14:18:32"], "total_order": 1, "hotel_value": ["4.6"], "hotel_price": ["163"]}, "4545340": {"hotel_name": "\u6c49\u5ead\u9152\u5e97(\u676d\u5dde\u4e0b\u6c99\u5b66\u6b63\u8857\u5e97)", "order_time": ["2019-01-06 14:18:33"], "total_order": 1, "hotel_value": ["4.3"], "hotel_price": ["166"]}, "2599400": {"hotel_name": "\u676d\u5dde\u65b9\u5174\u7cbe\u54c1\u9152\u5e97", "order_time": ["2019-01-06 14:18:34"], "total_order": 1, "hotel_value": ["4.5"], "hotel_price": ["94"]}, "2167350": {"hotel_name": "\u676d\u5dde\u54c1\u5bb6\u5047\u65e5\u9152\u5e97", "order_time": ["2019-01-06 14:18:34"], "total_order": 1, "hotel_value": ["4.5"], "hotel_price": ["87"]}, "1718441": {"hotel_name": "\u676d\u5dde\u5b8f\u660c\u5546\u52a1\u5927\u9152\u5e97", "order_time": ["2019-01-06 14:18:34"], "total_order": 1, "hotel_value": ["3.7"], "hotel_price": ["188"]}, "1071757": {"hotel_name": "\u5e03\u4e01\u9152\u5e97(\u676d\u5dde\u897f\u6e56\u6b66\u6797\u5e7f\u573a\u6c88\u5858\u6865\u5730\u94c1\u7ad9\u5e97)", "order_time": ["2019-01-06 14:18:34"], "total_order": 1, "hotel_value": ["3.8"], "hotel_price": ["74"]}, "13991881": {"hotel_name": "\u676d\u5dde\u5b89\u5fc3\u9152\u5e97\u5f0f\u516c\u5bd3", "order_time": ["2019-01-06 14:18:35"], "total_order": 1, "hotel_value": ["4.9"], "hotel_price": ["253"]}, "23677049": {"hotel_name": "\u68a6\u60f3\u676d\u5dde\u9752\u5e74\u65c5\u793e", "order_time": ["2019-01-06 14:18:35"], "total_order": 1, "hotel_value": [0], "hotel_price": ["41"]}, "3003036": {"hotel_name": "\u6590\u6587\u91ce\u5962\u9152\u5e97(\u5929\u76ee\u5c71\u4e0a\u5ba2\u5802\u5e97)", "order_time": ["2019-01-06 14:50:41", "2019-01-06 14:18:40"], "total_order": 2, "hotel_value": ["4.6", "4.6"], "hotel_price": ["396", "396"]}, "8063890": {"hotel_name": "\u676d\u5dde\u5b63\u9686\u9152\u5e97\u5f0f\u516c\u5bd3(\u5b9d\u9f99\u5e97)", "order_time": ["2019-01-06 14:20:34"], "total_order": 1, "hotel_value": ["4.4"], "hotel_price": ["233"]}, "369769": {"hotel_name": "\u676d\u5dde\u541b\u60a6\u9152\u5e97(\u539f\u51ef\u60a6\u9152\u5e97)", "order_time": ["2019-01-06 14:20:34", "2019-01-06 14:38:32"], "total_order": 2, "hotel_value": ["4.5", "4.5"], "hotel_price": ["1298", "1298"]}, "9211800": {"hotel_name": "\u9526\u6c5f\u90fd\u57ce\u9152\u5e97(\u676d\u5dde\u4e0b\u6c99\u91d1\u6c99\u6e56\u5e97)", "order_time": ["2019-01-06 14:20:34"], "total_order": 1, "hotel_value": ["4.8"], "hotel_price": ["311"]}, "2987720": {"hotel_name": "\u5e03\u4e01\u9152\u5e97(\u676d\u5dde\u8f6c\u5858\u97f3\u4e50\u5b66\u9662\u8c61\u5c71\u7f8e\u9662\u5e97)", "order_time": ["2019-01-06 14:20:35"], "total_order": 1, "hotel_value": ["4.2"], "hotel_price": ["105"]}, "22681909": {"hotel_name": "\u676d\u5dde\u5c71\u6da7\u6708\u8272\u6c11\u5bbf\u9152\u5e97", "order_time": ["2019-01-06 14:20:36"], "total_order": 1, "hotel_value": ["4.7"], "hotel_price": ["143"]}, "28126739": {"hotel_name": "\u676d\u5dde\u67f4\u5bd3\u4e0b\u6c99\u9f99\u6e56\u5929\u8857\u670d\u52a1\u516c\u5bd3", "order_time": ["2019-01-06 14:20:36"], "total_order": 1, "hotel_value": ["4.8"], "hotel_price": ["203"]}, "25504944": {"hotel_name": "\u676d\u5dde\u5408\u5bbf\u9752\u5e74\u65c5\u820d", "order_time": ["2019-01-06 14:20:37"], "total_order": 1, "hotel_value": ["5.0"], "hotel_price": ["75"]}, "4498719": {"hotel_name": "\u871c\u9690\u9152\u5e97(\u676d\u5dde\u7985\u548c\u6e90\u5e97)", "order_time": ["2019-01-06 14:20:37"], "total_order": 1, "hotel_value": ["4.7"], "hotel_price": ["598"]}, "6239825": {"hotel_name": "\u676d\u5dde\u534e\u654f\u7cbe\u54c1\u9152\u5e97", "order_time": ["2019-01-06 14:20:37"], "total_order": 1, "hotel_value": ["4.0"], "hotel_price": ["159"]}, "435398": {"hotel_name": "\u5343\u5c9b\u6e56\u5f00\u5143\u5ea6\u5047\u6751", "order_time": ["2019-01-06 14:20:43", "2019-01-06 14:40:37"], "total_order": 2, "hotel_value": ["4.8", "4.8"], "hotel_price": ["446", "446"]}, "346320": {"hotel_name": "\u5343\u5c9b\u6e56\u6d32\u9645\u5ea6\u5047\u9152\u5e97", "order_time": ["2019-01-06 14:20:43", "2019-01-06 14:34:37"], "total_order": 2, "hotel_value": ["4.8", "4.8"], "hotel_price": ["799", "799"]}, "1684968": {"hotel_name": "\u6c49\u5ead\u9152\u5e97(\u5343\u5c9b\u6e56\u5e7f\u573a\u5e97)", "order_time": ["2019-01-06 14:20:43"], "total_order": 1, "hotel_value": ["4.6"], "hotel_price": ["108"]}, "435383": {"hotel_name": "\u676d\u5dde\u9a6c\u53ef\u6ce2\u7f57\u5047\u65e5\u9152\u5e97", "order_time": ["2019-01-06 14:22:31"], "total_order": 1, "hotel_value": ["4.8"], "hotel_price": ["399"]}, "1119324": {"hotel_name": "\u84dd\u5ead\u9152\u5e97\u516c\u5bd3(\u676d\u5dde\u661f\u5149\u5927\u9053\u5e97)", "order_time": ["2019-01-06 14:22:31"], "total_order": 1, "hotel_value": ["4.2"], "hotel_price": ["224"]}, "445356": {"hotel_name": "\u6d59\u6c5f\u5927\u5b66\u5706\u6b63\u00b7\u542f\u771f\u9152\u5e97", "order_time": ["2019-01-06 14:22:31"], "total_order": 1, "hotel_value": ["4.7"], "hotel_price": ["423"]}, "1217305": {"hotel_name": "\u4e94\u6d0b\u516c\u9986(\u676d\u5dde\u897f\u6e56\u5e97)", "order_time": ["2019-01-06 14:22:31"], "total_order": 1, "hotel_value": ["4.5"], "hotel_price": ["153"]}, "606358": {"hotel_name": "\u676d\u5dde\u5bcc\u90a6\u56fd\u9645\u5927\u9152\u5e97", "order_time": ["2019-01-06 14:22:31"], "total_order": 1, "hotel_value": ["4.5"], "hotel_price": ["350"]}, "26485843": {"hotel_name": "\u676d\u5dde\u897f\u6eaa\u68a6\u60f3\u7f8e\u5c45\u9152\u5e97", "order_time": ["2019-01-06 14:22:31"], "total_order": 1, "hotel_value": ["4.8"], "hotel_price": ["341"]}, "5464135": {"hotel_name": "\u5982\u5bb6\u5feb\u6377\u9152\u5e97(\u676d\u5dde\u706b\u8f66\u4e1c\u7ad9\u5230\u8fbe\u5927\u5385\u5e97)", "order_time": ["2019-01-06 14:32:33", "2019-01-06 14:36:31", "2019-01-06 14:22:32"], "total_order": 3, "hotel_value": ["4.3", "4.3", "4.3"], "hotel_price": ["161", "161", "161"]}, "2941474": {"hotel_name": "\u745e\u9e92\u7cbe\u9009\u9152\u5e97(\u676d\u5dde\u7d2b\u91d1\u6e2f\u5e97)", "order_time": ["2019-01-06 14:22:32"], "total_order": 1, "hotel_value": ["4.2"], "hotel_price": ["173"]}, "481216": {"hotel_name": "\u5e03\u4e01\u9152\u5e97(\u676d\u5dde\u897f\u6e56\u89e3\u653e\u8def\u5e97)", "order_time": ["2019-01-06 14:22:33"], "total_order": 1, "hotel_value": ["4.1"], "hotel_price": ["74"]}, "1470603": {"hotel_name": "\u4e45\u6816\u00b7\u676d\u5dde\u6e38\u5b50\u5ea6\u5047\u516c\u5bd3(\u706b\u8f66\u4e1c\u7ad9\u5e97)", "order_time": ["2019-01-06 14:22:35"], "total_order": 1, "hotel_value": ["4.1"], "hotel_price": ["124"]}, "5567135": {"hotel_name": "\u6850\u5e90\u6d77\u6c47\u540d\u90fd\u5927\u9152\u5e97", "order_time": ["2019-01-06 14:22:38"], "total_order": 1, "hotel_value": ["4.4"], "hotel_price": ["236"]}, "1855990": {"hotel_name": "\u4e34\u5b89\u7f57\u96c5\u98ce\u60c5\u9152\u5e97", "order_time": ["2019-01-06 14:22:39"], "total_order": 1, "hotel_value": ["4.0"], "hotel_price": ["95"]}, "4381889": {"hotel_name": "\u5168\u5b63\u9152\u5e97(\u676d\u5dde\u8427\u5c71\u673a\u573a\u5e97)", "order_time": ["2019-01-06 14:24:32", "2019-01-06 14:28:34"], "total_order": 2, "hotel_value": ["4.7", "4.7"], "hotel_price": ["294", "294"]}, "22579824": {"hotel_name": "\u62dc\u767b\u516c\u5bd3\u00b7\u676d\u5dde\u4e16\u8302\u4e4b\u897f\u6e56\u5e97", "order_time": ["2019-01-06 14:24:32"], "total_order": 1, "hotel_value": ["4.7"], "hotel_price": ["298"]}, "1394016": {"hotel_name": "\u676d\u5dde\u4e09\u534e\u5feb\u6377\u9152\u5e97", "order_time": ["2019-01-06 14:24:33", "2019-01-06 14:38:32"], "total_order": 2, "hotel_value": ["4.4", "4.4"], "hotel_price": ["144", "144"]}, "660305": {"hotel_name": "\u7ef4\u4e5f\u7eb3\u9152\u5e97(\u676d\u5dde\u5bcc\u9633\u5e97)(\u539f\u7687\u5bb6\u5927\u9152\u5e97)", "order_time": ["2019-01-06 14:24:33"], "total_order": 1, "hotel_value": ["4.9"], "hotel_price": ["228"]}, "1387285": {"hotel_name": "\u676d\u5dde\u7231\u52a0\u9152\u5e97\u5858\u6816\u6816\u534e\u5e97", "order_time": ["2019-01-06 14:24:35"], "total_order": 1, "hotel_value": ["4.2"], "hotel_price": ["92"]}, "1593908": {"hotel_name": "\u676d\u5dde\u6fb3\u8fea\u65af\u5927\u9152\u5e97", "order_time": ["2019-01-06 14:24:35"], "total_order": 1, "hotel_value": ["4.1"], "hotel_price": ["144"]}, "1658311": {"hotel_name": "\u676d\u5dde\u84dd\u5ba2\u5bab\u5546\u52a1\u9152\u5e97", "order_time": ["2019-01-06 14:24:36"], "total_order": 1, "hotel_value": ["3.9"], "hotel_price": ["111"]}, "18437851": {"hotel_name": "\u676d\u5dde\u8fdc\u5bb6\u9152\u5e97\u5f0f\u516c\u5bd3", "order_time": ["2019-01-06 14:24:36"], "total_order": 1, "hotel_value": ["4.3"], "hotel_price": ["224"]}, "434835": {"hotel_name": "\u676d\u5dde\u5723\u7687\u5723\u54c1\u5c1a\u9152\u5e97", "order_time": ["2019-01-06 14:24:36"], "total_order": 1, "hotel_value": ["3.8"], "hotel_price": ["132"]}, "1406637": {"hotel_name": "\u4e34\u5b89\u9999\u683c\u91cc\u5927\u9152\u5e97", "order_time": ["2019-01-06 14:24:37"], "total_order": 1, "hotel_value": ["4.0"], "hotel_price": ["350"]}, "446952": {"hotel_name": "\u676d\u5dde\u6d77\u5916\u6d77\u56fd\u9645\u9152\u5e97", "order_time": ["2019-01-06 14:26:31"], "total_order": 1, "hotel_value": ["4.7"], "hotel_price": ["294"]}, "8040154": {"hotel_name": "\u5f00\u5143\u9890\u5c45\u00b7\u676d\u5dde\u897f\u6eaa\u65e0\u8fdc\u5f17\u5c4a\u9152\u5e97", "order_time": ["2019-01-06 14:26:31"], "total_order": 1, "hotel_value": ["4.8"], "hotel_price": ["696"]}, "438730": {"hotel_name": "\u5f00\u5143\u66fc\u5c45\u00b7\u676d\u5dde\u548c\u5e73\u4f1a\u5c55\u4e2d\u5fc3\u5e97(\u539f\u6c49\u9ad8\u7cbe\u54c1\u9152\u5e97)", "order_time": ["2019-01-06 14:26:31"], "total_order": 1, "hotel_value": ["4.4"], "hotel_price": ["229"]}, "435380": {"hotel_name": "\u5b9c\u5fc5\u601d\u9152\u5e97(\u676d\u5dde\u897f\u6e56\u5357\u5b8b\u5fa1\u8857\u5e97)", "order_time": ["2019-01-06 14:26:32", "2019-01-06 14:42:35"], "total_order": 2, "hotel_value": ["4.2", "4.2"], "hotel_price": ["114", "114"]}, "916788": {"hotel_name": "\u676d\u5dde\u6dfb\u6cc9\u9152\u5e97\u5f0f\u516c\u5bd3", "order_time": ["2019-01-06 14:26:32", "2019-01-06 14:30:32"], "total_order": 2, "hotel_value": ["4.2", "4.2"], "hotel_price": ["154", "154"]}, "9214167": {"hotel_name": "\u676d\u5dde\u4e50\u5bb6\u6d77\u8fd0\u56fd\u9645\u516c\u5bd3\u9152\u5e97", "order_time": ["2019-01-06 14:26:32", "2019-01-06 14:28:33"], "total_order": 2, "hotel_value": ["4.9", "4.9"], "hotel_price": ["250", "250"]}, "1640647": {"hotel_name": "\u6d59\u6c5f\u5047\u65e5\u4e4b\u661f\u9152\u5e97(\u676d\u5dde\u706b\u8f66\u4e1c\u7ad9\u5e97)\u539f(\u676d\u5dde\u6587\u6656\u5e97)", "order_time": ["2019-01-06 14:26:32"], "total_order": 1, "hotel_value": ["4.2"], "hotel_price": ["107"]}, "799140": {"hotel_name": "\u676d\u5dde\u901a\u60e0\u4e16\u7eaa\u9152\u5e97", "order_time": ["2019-01-06 14:26:33"], "total_order": 1, "hotel_value": ["4.4"], "hotel_price": ["120"]}, "4731745": {"hotel_name": "\u676d\u5dde\u65f6\u5149\u65c5\u820d", "order_time": ["2019-01-06 14:26:33"], "total_order": 1, "hotel_value": ["4.4"], "hotel_price": ["110"]}, "1630082": {"hotel_name": "\u6d77\u53cb\u9152\u5e97(\u676d\u5dde\u897f\u6e56\u4f53\u80b2\u573a\u8def\u5e97)", "order_time": ["2019-01-06 14:46:34", "2019-01-06 14:26:34"], "total_order": 2, "hotel_value": ["4.2", "4.2"], "hotel_price": ["91", "91"]}, "8558894": {"hotel_name": "\u676d\u5dde\u6816\u4e91\u6c11\u5bbf", "order_time": ["2019-01-06 14:26:34"], "total_order": 1, "hotel_value": ["4.7"], "hotel_price": ["369"]}, "1071704": {"hotel_name": "\u5e03\u4e01\u9152\u5e97(\u676d\u5dde\u5b66\u9662\u8def\u5730\u94c1\u7ad9\u53e3\u5e97)", "order_time": ["2019-01-06 14:26:34"], "total_order": 1, "hotel_value": ["4.0"], "hotel_price": ["82"]}, "25643368": {"hotel_name": "\u676d\u5dde\u7b80\u7231\u7cbe\u54c1\u6c11\u5bbf", "order_time": ["2019-01-06 14:26:34"], "total_order": 1, "hotel_value": ["4.8"], "hotel_price": ["194"]}, "21790075": {"hotel_name": "\u676d\u5dde\u4f9d\u5c71\u5546\u52a1\u9152\u5e97", "order_time": ["2019-01-06 14:28:34"], "total_order": 1, "hotel_value": ["4.6"], "hotel_price": ["132"]}, "11402625": {"hotel_name": "\u676d\u5dde\u897f\u5b50\u6e56\u6c11\u5bbf", "order_time": ["2019-01-06 14:28:34"], "total_order": 1, "hotel_value": ["4.5"], "hotel_price": ["255"]}, "3030804": {"hotel_name": "\u676d\u5dde\u5609\u60a6\u9152\u5e97(\u539f\u767e\u60a6\u5546\u52a1\u9152\u5e97)", "order_time": ["2019-01-06 14:28:34"], "total_order": 1, "hotel_value": ["4.6"], "hotel_price": ["337"]}, "22944427": {"hotel_name": "\u9b54\u65b9\u516c\u5bd3(\u676d\u5dde\u706b\u8f66\u4e1c\u7ad9\u5e97)", "order_time": ["2019-01-06 14:28:34"], "total_order": 1, "hotel_value": ["4.4"], "hotel_price": ["161"]}, "440541": {"hotel_name": "\u5f00\u5143\u66fc\u5c45\u9152\u5e97(\u676d\u5dde\u541b\u6e56\u5e97)", "order_time": ["2019-01-06 14:28:34"], "total_order": 1, "hotel_value": ["4.3"], "hotel_price": ["272"]}, "10842554": {"hotel_name": "\u676d\u5dde\u67cf\u7f8e\u4e91\u5c45\u667a\u80fd\u516c\u5bd3\u9152\u5e97", "order_time": ["2019-01-06 14:28:35"], "total_order": 1, "hotel_value": ["4.7"], "hotel_price": ["207"]}, "878807": {"hotel_name": "\u5982\u5bb6\u5feb\u6377\u9152\u5e97(\u676d\u5dde\u56db\u5b63\u9752\u670d\u88c5\u5e02\u573a\u5e86\u6625\u4e1c\u8def\u5e97)", "order_time": ["2019-01-06 14:28:40"], "total_order": 1, "hotel_value": ["4.7"], "hotel_price": ["144"]}, "1582397": {"hotel_name": "\u548c\u5b5a\u7cbe\u820d(\u676d\u5dde\u897f\u6e56\u5e97)", "order_time": ["2019-01-06 14:30:32"], "total_order": 1, "hotel_value": ["4.8"], "hotel_price": ["725"]}, "8599137": {"hotel_name": "\u7ef4\u4e5f\u7eb3\u56fd\u9645\u9152\u5e97(\u676d\u5dde\u65b0\u5929\u5730\u94f6\u6cf0\u5e97)", "order_time": ["2019-01-06 14:30:32"], "total_order": 1, "hotel_value": ["4.8"], "hotel_price": ["316"]}, "9549267": {"hotel_name": "\u6c38\u5229\u6d3b\u7985\u9152\u5e97(\u676d\u5dde\u4eba\u6c11\u5e7f\u573a\u5e97)", "order_time": ["2019-01-06 14:30:33"], "total_order": 1, "hotel_value": ["4.6"], "hotel_price": ["257"]}, "16066929": {"hotel_name": "\u6cf0\u6664\u58eb\u57ce\u5b63\u9152\u5e97(\u676d\u5dde\u4e0b\u57ce\u65b0\u5929\u5730\u5e97)", "order_time": ["2019-01-06 14:30:33"], "total_order": 1, "hotel_value": ["4.6"], "hotel_price": ["287"]}, "2213728": {"hotel_name": "\u5e03\u4e01\u9152\u5e97(\u676d\u5dde\u6b66\u6797\u5e7f\u573a\u673a\u573a\u5927\u5df4\u7ad9\u5e97)", "order_time": ["2019-01-06 14:30:34"], "total_order": 1, "hotel_value": ["4.6"], "hotel_price": ["118"]}, "1767054": {"hotel_name": "\u676d\u5dde\u7f51\u5bbf\u9152\u5e97(\u676d\u5dde\u7f51\u5546\u8def\u5e97)(\u539f\u65b0\u9e3f\u5bbe\u5927\u9152\u5e97)", "order_time": ["2019-01-06 14:30:34"], "total_order": 1, "hotel_value": ["4.0"], "hotel_price": ["182"]}, "1048310": {"hotel_name": "\u5efa\u5fb7\u7c73\u5170\u7231\u5de2\u9152\u5e97", "order_time": ["2019-01-06 14:30:39"], "total_order": 1, "hotel_value": ["4.3"], "hotel_price": ["140"]}, "6072343": {"hotel_name": "Q\u52a0\u00b7\u676d\u5dde\u5370\u60a6\u9152\u5e97", "order_time": ["2019-01-06 14:32:32"], "total_order": 1, "hotel_value": ["4.5"], "hotel_price": ["124"]}, "5312959": {"hotel_name": "7\u5929\u8fde\u9501\u9152\u5e97(\u676d\u5dde\u4e07\u8fbe\u5e7f\u573a\u5e97)", "order_time": ["2019-01-06 14:32:32"], "total_order": 1, "hotel_value": ["4.5"], "hotel_price": ["169"]}, "1210163": {"hotel_name": "\u676d\u5dde\u6e7e\u5927\u9152\u5e97", "order_time": ["2019-01-06 14:32:33"], "total_order": 1, "hotel_value": ["4.4"], "hotel_price": ["322"]}, "23919771": {"hotel_name": "\u676d\u5dde\u7ec4\u6b4c\u516c\u5bd3(\u4e0b\u6c99\u9f99\u6e56\u5929\u8857\u5e97)", "order_time": ["2019-01-06 14:32:33"], "total_order": 1, "hotel_value": ["4.7"], "hotel_price": ["296"]}, "1485627": {"hotel_name": "\u6c49\u5ead\u9152\u5e97(\u676d\u5dde\u8f6c\u5858\u7f8e\u9662\u5e97)", "order_time": ["2019-01-06 14:32:33"], "total_order": 1, "hotel_value": ["4.3"], "hotel_price": ["185"]}, "1764472": {"hotel_name": "\u661f\u7a0b\u9152\u5e97(\u676d\u5dde\u548c\u5e73\u4f1a\u5c55\u4e2d\u5fc3\u5e97)(\u539f\u5929\u4e3d\u5546\u52a1\u9152\u5e97)", "order_time": ["2019-01-06 14:32:33"], "total_order": 1, "hotel_value": ["4.2"], "hotel_price": ["167"]}, "25369531": {"hotel_name": "\u57ce\u5e02\u4fbf\u6377\u9152\u5e97(\u676d\u5dde\u4e01\u6865\u5e97)", "order_time": ["2019-01-06 14:32:34"], "total_order": 1, "hotel_value": ["4.7"], "hotel_price": ["141"]}, "6117746": {"hotel_name": "\u676d\u5dde\u540e\u8857\u4e3b\u9898\u9152\u5e97", "order_time": ["2019-01-06 14:32:34"], "total_order": 1, "hotel_value": ["4.3"], "hotel_price": ["134"]}, "28557269": {"hotel_name": "\u7ec4\u6b4c\u516c\u5bd3(\u676d\u5dde\u667a\u6167\u4e4b\u95e8\u5e97)", "order_time": ["2019-01-06 14:32:34"], "total_order": 1, "hotel_value": [0], "hotel_price": ["302"]}, "1768987": {"hotel_name": "\u676d\u5dde\u8427\u5357\u5546\u52a1\u9152\u5e97", "order_time": ["2019-01-06 14:32:35"], "total_order": 1, "hotel_value": ["4.1"], "hotel_price": ["135"]}, "18090861": {"hotel_name": "\u676d\u5dde\u94c2\u4eab\u9152\u5e97", "order_time": ["2019-01-06 14:34:31"], "total_order": 1, "hotel_value": ["4.8"], "hotel_price": ["362"]}, "6338305": {"hotel_name": "\u676d\u5dde\u8fdc\u6d0b\u56fd\u91d1\u58f9\u53f7\u884c\u653f\u516c\u5bd3", "order_time": ["2019-01-06 14:34:32"], "total_order": 1, "hotel_value": ["4.4"], "hotel_price": ["202"]}, "4388226": {"hotel_name": "\u7f8e\u4e50\u6c40\u9752\u5e74\u65c5\u820d(\u897f\u6e56\u5e97)(\u539fJS\u5bbf\u7f8e\u516c\u9986\u9152\u5e97)", "order_time": ["2019-01-06 14:34:32"], "total_order": 1, "hotel_value": ["4.4"], "hotel_price": ["49"]}, "7124667": {"hotel_name": "\u9038\u8377\u7cbe\u54c1\u9152\u5e97(\u676d\u5dde\u4e5d\u5821\u5ba2\u8fd0\u4e2d\u5fc3\u5e97)", "order_time": ["2019-01-06 14:34:33"], "total_order": 1, "hotel_value": ["4.6"], "hotel_price": ["188"]}, "1536661": {"hotel_name": "\u5f00\u745e\u7cbe\u54c1\u9152\u5e97\u6e58\u6e56\u5e97", "order_time": ["2019-01-06 14:34:33"], "total_order": 1, "hotel_value": ["4.0"], "hotel_price": ["143"]}, "1380652": {"hotel_name": "\u6d77\u53cb\u5ba2\u6808(\u676d\u5dde\u57ce\u7ad9\u6c5f\u57ce\u8def\u5e97)", "order_time": ["2019-01-06 14:34:34"], "total_order": 1, "hotel_value": ["3.9"], "hotel_price": ["75"]}, "1342937": {"hotel_name": "\u676d\u5dde\u8c6a\u82d1\u5546\u52a1\u5bbe\u9986", "order_time": ["2019-01-06 14:34:34"], "total_order": 1, "hotel_value": ["4.2"], "hotel_price": ["113"]}, "8427151": {"hotel_name": "\u676d\u5dde\u4f18\u5bb6\u516c\u5bd3", "order_time": ["2019-01-06 14:34:34"], "total_order": 1, "hotel_value": ["5.0"], "hotel_price": ["221"]}, "1645937": {"hotel_name": "\u5efa\u5fb7\u8587\u7231\u9152\u5e97", "order_time": ["2019-01-06 14:34:36"], "total_order": 1, "hotel_value": ["4.1"], "hotel_price": ["102"]}, "1460299": {"hotel_name": "\u827a\u5de2\u7a7a\u95f4\u4e3b\u9898\u9152\u5e97(\u5efa\u5fb7\u56fd\u4fe1\u8def\u5e97)", "order_time": ["2019-01-06 14:34:37"], "total_order": 1, "hotel_value": ["4.3"], "hotel_price": ["89"]}, "24052669": {"hotel_name": "\u6854\u5b50\u6c34\u6676\u9152\u5e97(\u676d\u5dde\u963f\u91cc\u672a\u6765\u79d1\u6280\u57ce\u5e97)", "order_time": ["2019-01-06 14:36:31"], "total_order": 1, "hotel_value": ["4.7"], "hotel_price": ["382"]}, "1343023": {"hotel_name": "\u901f8\u9152\u5e97(\u676d\u5dde\u5357\u5b8b\u5fa1\u8857\u5e97)", "order_time": ["2019-01-06 14:36:31"], "total_order": 1, "hotel_value": ["4.1"], "hotel_price": ["74"]}, "11276921": {"hotel_name": "\u676d\u5dde\u4eca\u4e18\u77f3\u91cc\u6c11\u5bbf", "order_time": ["2019-01-06 14:36:31"], "total_order": 1, "hotel_value": ["4.9"], "hotel_price": ["270"]}, "1720362": {"hotel_name": "\u676d\u5dde\u4e09\u7231\u9152\u5e97", "order_time": ["2019-01-06 14:36:32"], "total_order": 1, "hotel_value": ["4.6"], "hotel_price": ["117"]}, "5911956": {"hotel_name": "\u9526\u6c5f\u4e4b\u661f\u98ce\u5c1a(\u676d\u5dde\u4e0b\u6c99\u9ad8\u6c99\u8def\u5730\u94c1\u7ad9\u5e97)", "order_time": ["2019-01-06 14:36:32"], "total_order": 1, "hotel_value": ["4.7"], "hotel_price": ["159"]}, "1717677": {"hotel_name": "\u676d\u5dde\u5b9d\u5584\u5bbe\u9986", "order_time": ["2019-01-06 14:36:32"], "total_order": 1, "hotel_value": ["4.5"], "hotel_price": ["313"]}, "1630754": {"hotel_name": "\u6d59\u6c5f\u5927\u5b66\u5706\u6b63\u00b7\u826e\u79cb\u5bbe\u9986", "order_time": ["2019-01-06 14:36:32"], "total_order": 1, "hotel_value": ["4.4"], "hotel_price": ["137"]}, "3033641": {"hotel_name": "\u676d\u5dde\u540c\u4eba\u7cbe\u534e\u9152\u5e97", "order_time": ["2019-01-06 14:36:32"], "total_order": 1, "hotel_value": ["4.4"], "hotel_price": ["233"]}, "1048266": {"hotel_name": "\u6021\u83b1\u7cbe\u54c1\u9152\u5e97(\u676d\u5dde\u9ad8\u6c99\u8def\u5730\u94c1\u5e97)", "order_time": ["2019-01-06 14:36:32"], "total_order": 1, "hotel_value": ["4.5"], "hotel_price": ["140"]}, "4030369": {"hotel_name": "\u676d\u5dde\u8fd0\u6cb3\u5951\u5f17\u5229\u9152\u5e97", "order_time": ["2019-01-06 14:36:32"], "total_order": 1, "hotel_value": ["4.7"], "hotel_price": ["801"]}, "434057": {"hotel_name": "\u676d\u5dde\u666e\u91d1\u5927\u9152\u5e97", "order_time": ["2019-01-06 14:36:32"], "total_order": 1, "hotel_value": ["4.3"], "hotel_price": ["102"]}, "6826662": {"hotel_name": "\u5982\u5bb6\u6d3e\u67cf\u00b7\u4e91\u9152\u5e97(\u676d\u5dde\u706b\u8f66\u4e1c\u7ad9\u5230\u8fbe\u5927\u5385\u897f\u5e7f\u573a\u5e97)", "order_time": ["2019-01-06 14:36:32"], "total_order": 1, "hotel_value": ["4.0"], "hotel_price": ["136"]}, "443829": {"hotel_name": "\u676d\u5dde\u987a\u660c\u5927\u9152\u5e97", "order_time": ["2019-01-06 14:36:32"], "total_order": 1, "hotel_value": ["4.4"], "hotel_price": ["358"]}, "1766945": {"hotel_name": "\u676d\u5dde\u9f0e\u6da6\u5feb\u6377\u9152\u5e97", "order_time": ["2019-01-06 14:36:34"], "total_order": 1, "hotel_value": ["4.0"], "hotel_price": ["117"]}, "1925758": {"hotel_name": "\u4e34\u5b89\u4ea4\u901a\u7687\u51a0\u5047\u65e5\u9152\u5e97", "order_time": ["2019-01-06 14:36:39"], "total_order": 1, "hotel_value": ["4.3"], "hotel_price": ["368"]}, "9187106": {"hotel_name": "\u4e34\u5b89\u5317\u4e0a\u90a3\u5e74\u6c11\u5bbf", "order_time": ["2019-01-06 14:36:40"], "total_order": 1, "hotel_value": ["4.8"], "hotel_price": ["637"]}, "11062138": {"hotel_name": "\u5efa\u5fb7\u6d59\u91cc\u00b7\u9047\u89c1\u7cbe\u54c1\u6c11\u5bbf", "order_time": ["2019-01-06 14:36:40"], "total_order": 1, "hotel_value": ["4.7"], "hotel_price": ["342"]}, "1002070": {"hotel_name": "\u4e34\u5b89\u76f8\u9047\u519c\u5bb6\u4e50", "order_time": ["2019-01-06 14:36:40"], "total_order": 1, "hotel_value": ["4.5"], "hotel_price": ["81"]}, "23798813": {"hotel_name": "\u5168\u5b63\u9152\u5e97(\u676d\u5dde\u897f\u6eaa\u6d77\u6e2f\u57ce\u5e97)", "order_time": ["2019-01-06 14:38:32"], "total_order": 1, "hotel_value": ["4.9"], "hotel_price": ["221"]}, "19682799": {"hotel_name": "\u534e\u7f8e\u8fbe\u5b89\u53ef\u9152\u5e97\uff08\u676d\u5dde\u94f6\u9686\u767e\u8d27\u5e97\uff09", "order_time": ["2019-01-06 14:42:35", "2019-01-06 14:38:32"], "total_order": 2, "hotel_value": ["4.7", "4.7"], "hotel_price": ["298", "298"]}, "13967844": {"hotel_name": "\u676d\u5dde\u5bf9\u8c61\u5bb6\u9752\u5e74\u65c5\u793e\u5927\u798f\u6e05\u5df7\u5e97", "order_time": ["2019-01-06 14:38:33"], "total_order": 1, "hotel_value": ["4.6"], "hotel_price": ["50"]}, "2364610": {"hotel_name": "\u5982\u5bb6\u5feb\u6377\u9152\u5e97(\u676d\u5dde\u897f\u6e56\u65b0\u5e97)", "order_time": ["2019-01-06 14:38:33"], "total_order": 1, "hotel_value": ["4.4"], "hotel_price": ["139"]}, "13306015": {"hotel_name": "\u676d\u5dde\u9e23\u60a6\u516c\u5bd3", "order_time": ["2019-01-06 14:38:33"], "total_order": 1, "hotel_value": ["4.9"], "hotel_price": ["245"]}, "16189850": {"hotel_name": "\u897f\u7f18\u7cbe\u9009\u9152\u5e97(\u676d\u5dde\u963f\u91cc\u5df4\u5df4\u897f\u6eaa\u6e7f\u5730\u5e97)(\u539f\u897f\u6eaa\u56ed\u533a\u5e97)", "order_time": ["2019-01-06 14:38:33"], "total_order": 1, "hotel_value": ["4.7"], "hotel_price": ["201"]}, "6453723": {"hotel_name": "\u676d\u5ddeMr.\u91d1\u7cbe\u54c1\u6c11\u5bbf", "order_time": ["2019-01-06 14:38:34"], "total_order": 1, "hotel_value": ["4.6"], "hotel_price": ["185"]}, "1243279": {"hotel_name": "\u676d\u5dde\u548c\u4e3d\u81fb\u54c1\u9152\u5e97", "order_time": ["2019-01-06 14:38:34"], "total_order": 1, "hotel_value": ["3.9"], "hotel_price": ["142"]}, "6542551": {"hotel_name": "\u6850\u5e90\u96f2\u9038\u7cbe\u54c1\u9152\u5e97", "order_time": ["2019-01-06 14:38:40"], "total_order": 1, "hotel_value": ["4.6"], "hotel_price": ["212"]}, "5896522": {"hotel_name": "\u6850\u5e90\u5546\u82d1\u7cbe\u54c1\u9152\u5e97\uff08\u676d\u5546\u9662\u5e97\uff09", "order_time": ["2019-01-06 14:38:40"], "total_order": 1, "hotel_value": ["4.3"], "hotel_price": ["133"]}, "1351226": {"hotel_name": "\u4e94\u6d0b\u4e4b\u661f\u9152\u5e97\u8fde\u9501(\u676d\u5dde\u6d59\u4e00\u5e97)(\u539f\u5efa\u56fd\u8def\u5e97)", "order_time": ["2019-01-06 14:40:32"], "total_order": 1, "hotel_value": ["4.7"], "hotel_price": ["156"]}, "6005857": {"hotel_name": "\u676d\u5dde\u7b80\u5bbf\u9152\u5e97", "order_time": ["2019-01-06 14:40:32"], "total_order": 1, "hotel_value": ["4.3"], "hotel_price": ["75"]}, "6129708": {"hotel_name": "\u676d\u5dde\u5b9d\u76db\u9053\u8c37\u9152\u5e97", "order_time": ["2019-01-06 14:40:33"], "total_order": 1, "hotel_value": ["4.7"], "hotel_price": ["443"]}, "1766311": {"hotel_name": "\u676d\u5dde\u963f\u8010\u65af\u9152\u5e97", "order_time": ["2019-01-06 14:40:34"], "total_order": 1, "hotel_value": ["4.1"], "hotel_price": ["105"]}, "5112056": {"hotel_name": "\u676d\u5dde\u9526\u4e0a\u82b1\u56ed\u7cbe\u54c1\u5ba2\u6808", "order_time": ["2019-01-06 14:40:34"], "total_order": 1, "hotel_value": ["4.6"], "hotel_price": ["94"]}, "1911856": {"hotel_name": "\u676d\u5dde\u5982\u5a1f\u5feb\u6377\u9152\u5e97", "order_time": ["2019-01-06 14:40:35"], "total_order": 1, "hotel_value": ["4.0"], "hotel_price": ["103"]}, "6273863": {"hotel_name": "\u676d\u5dde\u8d1d\u857e\u6c11\u5bbf", "order_time": ["2019-01-06 14:40:36"], "total_order": 1, "hotel_value": ["4.9"], "hotel_price": ["298"]}, "6797781": {"hotel_name": "\u676d\u5dde\u5c71\u539f\u5bbe\u9986", "order_time": ["2019-01-06 14:40:36"], "total_order": 1, "hotel_value": ["3.7"], "hotel_price": ["98"]}, "1326580": {"hotel_name": "\u676d\u5dde\u91d1\u8fea\u5feb\u6377\u9152\u5e97", "order_time": ["2019-01-06 14:40:36"], "total_order": 1, "hotel_value": ["4.4"], "hotel_price": ["131"]}, "1607035": {"hotel_name": "\u6850\u5e90\u8fbe\u66fc\u9152\u5e97", "order_time": ["2019-01-06 14:40:39"], "total_order": 1, "hotel_value": ["4.7"], "hotel_price": ["283"]}, "975689": {"hotel_name": "\u57ce\u5e02\u4fbf\u6377\u9152\u5e97(\u676d\u5dde\u897f\u6e56\u5357\u5b8b\u5fa1\u8857\u5e97)", "order_time": ["2019-01-06 14:42:35"], "total_order": 1, "hotel_value": ["4.0"], "hotel_price": ["101"]}, "1531848": {"hotel_name": "\u676d\u5dde\u4fee\u820d\u5065\u5eb7\u9152\u5e97", "order_time": ["2019-01-06 14:42:35"], "total_order": 1, "hotel_value": ["4.5"], "hotel_price": ["370"]}, "1356228": {"hotel_name": "\u9510\u601d\u7279\u6c7d\u8f66\u9152\u5e97(\u676d\u5dde\u8427\u7136\u4e1c\u8def\u4e16\u7eaa\u8054\u534e\u5e97)", "order_time": ["2019-01-06 14:42:36"], "total_order": 1, "hotel_value": ["4.5"], "hotel_price": ["101"]}, "428266": {"hotel_name": "\u6c49\u5ead\u9152\u5e97(\u676d\u5dde\u897f\u6e56\u89e3\u653e\u8def\u5e97)", "order_time": ["2019-01-06 14:42:36"], "total_order": 1, "hotel_value": ["4.2"], "hotel_price": ["119"]}, "1352847": {"hotel_name": "\u7384\u9f99\u9152\u5e97\u5f0f\u516c\u5bd3(\u676d\u5dde\u6ee8\u6c5f\u661f\u5149\u5927\u9053\u5e97)", "order_time": ["2019-01-06 14:42:37"], "total_order": 1, "hotel_value": ["4.0"], "hotel_price": ["196"]}, "1460918": {"hotel_name": "\u5982\u5bb6\u5feb\u6377\u9152\u5e97(\u676d\u5dde\u5bcc\u9633\u6069\u6ce2\u5e7f\u573a\u6842\u82b1\u8def\u5e97)", "order_time": ["2019-01-06 14:42:37"], "total_order": 1, "hotel_value": ["4.6"], "hotel_price": ["98"]}, "1306673": {"hotel_name": "\u676d\u5dde\u99a8\u4f3c\u5bb6\u5feb\u6377\u9152\u5e97", "order_time": ["2019-01-06 14:42:37"], "total_order": 1, "hotel_value": ["4.0"], "hotel_price": ["88"]}, "5797030": {"hotel_name": "\u676d\u5dde\u51e4\u51f0\u827a\u9986\u9152\u5e97", "order_time": ["2019-01-06 14:44:31"], "total_order": 1, "hotel_value": ["4.7"], "hotel_price": ["606"]}, "1569808": {"hotel_name": "\u5982\u5bb6\u5feb\u6377\u9152\u5e97(\u676d\u5dde\u6ee8\u6c5f\u6ee8\u6587\u8def\u767d\u9a6c\u6e56\u5927\u5b66\u57ce\u5e97)", "order_time": ["2019-01-06 14:44:32"], "total_order": 1, "hotel_value": ["4.2"], "hotel_price": ["141"]}, "6201555": {"hotel_name": "\u676d\u5dde\u6b66\u6797\u56fd\u9645\u9752\u5e74\u65c5\u820d", "order_time": ["2019-01-06 14:44:33"], "total_order": 1, "hotel_value": ["4.6"], "hotel_price": ["39"]}, "426638": {"hotel_name": "\u676d\u5dde\u7389\u7687\u5c71\u5e84", "order_time": ["2019-01-06 14:46:32"], "total_order": 1, "hotel_value": ["4.7"], "hotel_price": ["250"]}, "975714": {"hotel_name": "\u5168\u5b63\u9152\u5e97(\u676d\u5dde\u897f\u6e56\u89e3\u653e\u8def\u5e97)", "order_time": ["2019-01-06 14:46:32"], "total_order": 1, "hotel_value": ["4.8"], "hotel_price": ["245"]}, "660298": {"hotel_name": "\u5bcc\u9633\u56fd\u9645\u8d38\u6613\u4e2d\u5fc3\u5927\u9152\u5e97", "order_time": ["2019-01-06 14:46:33"], "total_order": 1, "hotel_value": ["4.9"], "hotel_price": ["498"]}, "2313472": {"hotel_name": "\u5168\u5b63\u9152\u5e97(\u676d\u5dde\u4e0b\u6c99\u7ecf\u6d4e\u5f00\u53d1\u533a\u5e97)", "order_time": ["2019-01-06 14:46:33"], "total_order": 1, "hotel_value": ["4.8"], "hotel_price": ["245"]}, "1119603": {"hotel_name": "\u5168\u5b63\u9152\u5e97(\u676d\u5dde\u897f\u6eaa\u6587\u4e09\u897f\u8def\u5e97)(\u539f\u85d5\u82b1\u6d32\u5047\u65e5\u9152\u5e97)", "order_time": ["2019-01-06 14:46:33"], "total_order": 1, "hotel_value": ["4.8"], "hotel_price": ["294"]}, "5995076": {"hotel_name": "\u6c49\u5ead\u9152\u5e97(\u676d\u5dde\u56db\u5b63\u9752\u51ef\u65cb\u8def\u5e97)", "order_time": ["2019-01-06 14:46:33"], "total_order": 1, "hotel_value": ["4.7"], "hotel_price": ["181"]}, "6763288": {"hotel_name": "\u676d\u5dde\u6b27\u5e06\u5546\u52a1\u9152\u5e97", "order_time": ["2019-01-06 14:46:33"], "total_order": 1, "hotel_value": ["4.1"], "hotel_price": ["152"]}, "1764576": {"hotel_name": "\u676d\u5dde\u946b\u8000\u5047\u65e5\u9152\u5e97", "order_time": ["2019-01-06 14:46:33"], "total_order": 1, "hotel_value": ["3.3"], "hotel_price": ["131"]}, "391739": {"hotel_name": "\u5357\u82d1e\u5bb6(\u676d\u5dde\u5efa\u8bbe\u4e09\u8def\u5730\u94c1\u7ad9\u5e97)", "order_time": ["2019-01-06 14:46:33"], "total_order": 1, "hotel_value": ["3.9"], "hotel_price": ["159"]}, "1379923": {"hotel_name": "\u676d\u5dde\u676d\u5c1a\u5546\u52a1\u9152\u5e97", "order_time": ["2019-01-06 14:46:33"], "total_order": 1, "hotel_value": ["4.0"], "hotel_price": ["166"]}, "15226665": {"hotel_name": "\u676d\u5dde\u5143\u68ee\u6cf0\u9752\u5e74\u65c5\u820d", "order_time": ["2019-01-06 14:46:34"], "total_order": 1, "hotel_value": ["4.5"], "hotel_price": ["54"]}, "1629830": {"hotel_name": "\u676d\u5dde\u559c\u60a6\u5feb\u6377\u9152\u5e97", "order_time": ["2019-01-06 14:46:36"], "total_order": 1, "hotel_value": ["4.1"], "hotel_price": ["102"]}, "6848896": {"hotel_name": "\u6850\u5e90\u9759\u5e90\u6f9c\u6805\u6c11\u5bbf", "order_time": ["2019-01-06 14:46:40"], "total_order": 1, "hotel_value": ["4.9"], "hotel_price": ["1280"]}, "1426918": {"hotel_name": "\u6850\u5e90\u6885\u6797\u5c45\u6c11\u5bbf", "order_time": ["2019-01-06 14:46:40"], "total_order": 1, "hotel_value": ["4.8"], "hotel_price": ["256"]}, "392627": {"hotel_name": "\u5343\u5c9b\u6e56\u559c\u6765\u767b\u5ea6\u5047\u9152\u5e97", "order_time": ["2019-01-06 14:46:40"], "total_order": 1, "hotel_value": ["4.7"], "hotel_price": ["758"]}, "1701123": {"hotel_name": "\u4e34\u5b89\u91d1\u8f89\u5927\u9152\u5e97", "order_time": ["2019-01-06 14:46:41"], "total_order": 1, "hotel_value": ["4.1"], "hotel_price": ["138"]}, "1379513": {"hotel_name": "\u6850\u5e90\u6d77\u9038\u5bbe\u9986", "order_time": ["2019-01-06 14:46:42"], "total_order": 1, "hotel_value": ["4.3"], "hotel_price": ["74"]}, "469216": {"hotel_name": "\u5168\u5b63\u9152\u5e97(\u676d\u5dde\u6b66\u6797\u5e7f\u573a\u5317\u5e97)", "order_time": ["2019-01-06 14:48:34"], "total_order": 1, "hotel_value": ["4.9"], "hotel_price": ["254"]}, "11893739": {"hotel_name": "\u676d\u5dde\u60528\u8fde\u9501\u9152\u5e97\u65b0\u519c\u90fd\u5e97", "order_time": ["2019-01-06 14:48:35"], "total_order": 1, "hotel_value": ["4.5"], "hotel_price": ["153"]}, "4545671": {"hotel_name": "\u676d\u5dde\u8717\u725b\u00b7\u540e\u575e\u5ba2\u6808", "order_time": ["2019-01-06 14:48:36"], "total_order": 1, "hotel_value": ["4.4"], "hotel_price": ["162"]}, "1000434": {"hotel_name": "\u5343\u5c9b\u6e56\u79c0\u6c34\u5ea6\u5047\u516c\u5bd3", "order_time": ["2019-01-06 14:48:40"], "total_order": 1, "hotel_value": ["4.6"], "hotel_price": ["106"]}, "441253": {"hotel_name": "\u676d\u5dde\u897f\u6eaa\u5bbe\u9986", "order_time": ["2019-01-06 14:50:32"], "total_order": 1, "hotel_value": ["4.7"], "hotel_price": ["788"]}, "858415": {"hotel_name": "\u676d\u5dde\u897f\u6eaa\u82b1\u95f4\u5802", "order_time": ["2019-01-06 14:50:32"], "total_order": 1, "hotel_value": ["4.5"], "hotel_price": ["549"]}, "434289": {"hotel_name": "\u676d\u5dde\u7d22\u83f2\u4e9a\u5927\u9152\u5e97", "order_time": ["2019-01-06 14:50:33"], "total_order": 1, "hotel_value": ["4.5"], "hotel_price": ["239"]}, "441382": {"hotel_name": "\u6d59\u6c5f\u7d2b\u6676\u5927\u9152\u5e97", "order_time": ["2019-01-06 14:50:33"], "total_order": 1, "hotel_value": ["4.4"], "hotel_price": ["288"]}, "1709985": {"hotel_name": "\u676d\u5dde\u7231\u5561\u5c14\u5546\u52a1\u9152\u5e97", "order_time": ["2019-01-06 14:50:33"], "total_order": 1, "hotel_value": ["4.5"], "hotel_price": ["290"]}, "5419431": {"hotel_name": "\u548c\u9890\u9152\u5e97(\u676d\u5dde\u706b\u8f66\u4e1c\u7ad9\u4e1c\u5e7f\u573a\u5e97)", "order_time": ["2019-01-06 14:50:33"], "total_order": 1, "hotel_value": ["4.7"], "hotel_price": ["229"]}, "6041781": {"hotel_name": "\u901f8\u9152\u5e97(\u676d\u5dde\u4e34\u5e73\u5730\u94c1\u7ad9\u5e97)", "order_time": ["2019-01-06 14:50:33"], "total_order": 1, "hotel_value": ["4.5"], "hotel_price": ["144"]}, "6512979": {"hotel_name": "\u676d\u5dde\u82f1\u51a0\u6e29\u5fb7\u59c6\u9152\u5e97", "order_time": ["2019-01-06 14:50:34"], "total_order": 1, "hotel_value": ["4.7"], "hotel_price": ["1213"]}, "5248274": {"hotel_name": "7\u5929\u8fde\u9501\u9152\u5e97(\u676d\u5dde\u4e34\u5e73\u94f6\u6cf0\u5e97)", "order_time": ["2019-01-06 14:50:34"], "total_order": 1, "hotel_value": ["4.2"], "hotel_price": ["89"]}, "23225601": {"hotel_name": "\u6854\u5b50\u9152\u5e97\u7cbe\u9009(\u676d\u5dde\u672a\u6765\u79d1\u6280\u57ce\u676d\u5e08\u5927\u5e97)", "order_time": ["2019-01-06 14:50:35"], "total_order": 1, "hotel_value": ["4.8"], "hotel_price": ["304"]}, "5160188": {"hotel_name": "\u676d\u5dde\u9752\u5885\u00b7\u9690\u6797\u6c11\u5bbf", "order_time": ["2019-01-06 14:50:35"], "total_order": 1, "hotel_value": ["4.1"], "hotel_price": ["154"]}, "28140175": {"hotel_name": "\u676d\u5dde\u5317\u6b27\u8f7b\u5c45\u516c\u5bd3", "order_time": ["2019-01-06 14:50:35"], "total_order": 1, "hotel_value": ["5.0"], "hotel_price": ["159"]}, "1630680": {"hotel_name": "\u6d77\u53cb\u9152\u5e97(\u676d\u5dde\u706b\u8f66\u4e1c\u7ad9\u673a\u573a\u8def\u5e97)", "order_time": ["2019-01-06 14:50:35"], "total_order": 1, "hotel_value": ["4.3"], "hotel_price": ["93"]}, "900100": {"hotel_name": "\u676d\u5dde\u96cf\u83ca\u9752\u5e74\u65c5\u820d", "order_time": ["2019-01-06 14:50:35"], "total_order": 1, "hotel_value": ["4.5"], "hotel_price": ["45"]}, "17919036": {"hotel_name": "\u676d\u5dde\u6021\u5c1a\u5bbe\u9986", "order_time": ["2019-01-06 14:50:35"], "total_order": 1, "hotel_value": ["4.8"], "hotel_price": ["80"]}, "5247222": {"hotel_name": "\u676d\u5dde\u54c1\u9510\u521b\u610f\u9152\u5e97", "order_time": ["2019-01-06 14:50:35"], "total_order": 1, "hotel_value": ["4.4"], "hotel_price": ["123"]}, "1071683": {"hotel_name": "\u5e03\u4e01\u9152\u5e97\u676d\u5dde\u897f\u6e56\u6cb3\u574a\u8857\u9f13\u697c\u7f8e\u98df\u8857\u5e97", "order_time": ["2019-01-06 14:50:36"], "total_order": 1, "hotel_value": ["4.3"], "hotel_price": ["50"]}, "474513": {"hotel_name": "\u597d\u5bb6\u5feb\u6377\u9152\u5e97(\u676d\u5dde\u6587\u4e09\u8def\u5e97)", "order_time": ["2019-01-06 14:50:36"], "total_order": 1, "hotel_value": ["3.8"], "hotel_price": ["89"]}, "953993": {"hotel_name": "\u9a7f\u96f2\u7cbe\u54c1\u8fde\u9501\u5ba2\u6808(\u4e34\u5b89\u5927\u660e\u5c71\u5cea\u6da7\u5e97)", "order_time": ["2019-01-06 14:50:40"], "total_order": 1, "hotel_value": ["4.5"], "hotel_price": ["256"]}, "346302": {"hotel_name": "\u676d\u5dde\u897f\u6eaa\u559c\u6765\u767b\u5ea6\u5047\u5927\u9152\u5e97", "order_time": ["2019-01-06 14:52:35"], "total_order": 1, "hotel_value": ["4.6"], "hotel_price": ["915"]}, "5341383": {"hotel_name": "\u676d\u5dde\u946b\u6021\u9152\u5e97", "order_time": ["2019-01-06 14:52:35"], "total_order": 1, "hotel_value": ["4.7"], "hotel_price": ["382"]}, "2249065": {"hotel_name": "\u5357\u82d1e\u5bb6\u7cbe\u9009\u9152\u5e97(\u676d\u5dde\u6587\u4e00\u8def\u5e97)", "order_time": ["2019-01-06 14:54:34"], "total_order": 1, "hotel_value": ["4.6"], "hotel_price": ["261"]}, "19881466": {"hotel_name": "wepai\u516c\u5bd3(\u676d\u5dde\u672a\u6765\u79d1\u6280\u57ce\u5730\u94c1\u53e3\u7ad9\u5e97)", "order_time": ["2019-01-06 14:54:38"], "total_order": 1, "hotel_value": ["4.6"], "hotel_price": ["128"]}, "1386853": {"hotel_name": "\u5e03\u4e01\u9152\u5e97(\u676d\u5dde\u897f\u6e56\u6cb3\u574a\u8857\u706b\u8f66\u57ce\u7ad9\u5e97)", "order_time": ["2019-01-06 14:54:38"], "total_order": 1, "hotel_value": ["3.8"], "hotel_price": ["81"]}}}