{"\u5f00\u59cb\u8bb0\u5f55\u65f6\u95f4": "2019-01-10 02:19:59", "\u7ed3\u675f\u8bb0\u5f55\u65f6\u95f4": "2019-01-10 03:33:03", "\u8ba2\u5355\u603b\u589e\u91cf": 186, "item": {"435383": {"hotel_name": "\u676d\u5dde\u9a6c\u53ef\u6ce2\u7f57\u5047\u65e5\u9152\u5e97", "order_time": ["2019-01-10 02:52:44", "2019-01-10 02:55:22", "2019-01-10 02:22:31"], "total_order": 3, "hotel_value": ["4.8", "4.8", "4.8"], "hotel_price": ["470", "399", "399"]}, "346311": {"hotel_name": "\u676d\u5dde\u9a6c\u53ef\u6ce2\u7f57\u6ee8\u6e56\u9152\u5e97", "order_time": ["2019-01-10 02:22:31"], "total_order": 1, "hotel_value": ["4.7"], "hotel_price": ["352"]}, "10558548": {"hotel_name": "\u676d\u5dde\u5370\u6cf0\u6664\u58eb\u00b7\u5ead\u60a6\u9152\u5e97", "order_time": ["2019-01-10 02:22:31"], "total_order": 1, "hotel_value": ["4.7"], "hotel_price": ["299"]}, "7828854": {"hotel_name": "\u676d\u5dde\u4e2d\u7ef4\u9999\u6ea2\u5927\u9152\u5e97", "order_time": ["2019-01-10 02:22:31"], "total_order": 1, "hotel_value": ["4.7"], "hotel_price": ["498"]}, "435439": {"hotel_name": "\u676d\u5dde\u897f\u6e56\u6162\u4eab\u4e3b\u9898\u9152\u5e97", "order_time": ["2019-01-10 02:22:31"], "total_order": 1, "hotel_value": ["4.7"], "hotel_price": ["399"]}, "346316": {"hotel_name": "\u6d59\u6c5f\u996d\u5e97", "order_time": ["2019-01-10 02:22:31"], "total_order": 1, "hotel_value": ["4.8"], "hotel_price": ["499"]}, "429778": {"hotel_name": "\u676d\u5dde\u4e2d\u5c71\u56fd\u9645\u5927\u9152\u5e97", "order_time": ["2019-01-10 02:22:31"], "total_order": 1, "hotel_value": ["4.5"], "hotel_price": ["342"]}, "5903375": {"hotel_name": "\u8d5e\u6210\u5bbe\u9986(\u676d\u5dde\u56fd\u9645\u5e97)", "order_time": ["2019-01-10 02:22:31"], "total_order": 1, "hotel_value": ["4.7"], "hotel_price": ["397"]}, "5918673": {"hotel_name": "\u6d59\u6c5f\u897f\u6e56\u5c71\u5e84", "order_time": ["2019-01-10 02:22:31"], "total_order": 1, "hotel_value": ["4.8"], "hotel_price": ["958"]}, "1435183": {"hotel_name": "\u676d\u5dde\u6c47\u548c\u541b\u4ead\u9152\u5e97", "order_time": ["2019-01-10 02:35:41", "2019-01-10 02:22:31"], "total_order": 2, "hotel_value": ["4.7", "4.7"], "hotel_price": ["439", "419"]}, "375371": {"hotel_name": "\u6d59\u6c5f\u7ef4\u591a\u5229\u4e9a\u4e3d\u5609\u9152\u5e97", "order_time": ["2019-01-10 02:22:31"], "total_order": 1, "hotel_value": ["4.6"], "hotel_price": ["353"]}, "664277": {"hotel_name": "\u676d\u5dde\u5927\u534e\u996d\u5e97", "order_time": ["2019-01-10 02:55:22", "2019-01-10 02:22:31"], "total_order": 2, "hotel_value": ["4.8", "4.8"], "hotel_price": ["898", "898"]}, "5240879": {"hotel_name": "\u676d\u5dde\u745e\u7acb\u6c5f\u6cb3\u6c47\u9152\u5e97", "order_time": ["2019-01-10 02:22:31"], "total_order": 1, "hotel_value": ["4.7"], "hotel_price": ["619"]}, "450915": {"hotel_name": "\u676d\u5dde\u4e09\u53f0\u5c71\u5e84", "order_time": ["2019-01-10 02:22:31"], "total_order": 1, "hotel_value": ["4.8"], "hotel_price": ["628"]}, "5704766": {"hotel_name": "\u676d\u5dde\u8776\u6765\u96c5\u8c37\u6cc9\u5c71\u5e84", "order_time": ["2019-01-10 02:22:31"], "total_order": 1, "hotel_value": ["4.8"], "hotel_price": ["942"]}, "435427": {"hotel_name": "\u676d\u5dde\u94f6\u9686\u541b\u4ead\u9152\u5e97", "order_time": ["2019-01-10 02:23:09"], "total_order": 1, "hotel_value": ["4.5"], "hotel_price": ["389"]}, "435431": {"hotel_name": "\u676d\u5dde\u5e7f\u573a\u541b\u4ead\u9152\u5e97", "order_time": ["2019-01-10 02:23:09"], "total_order": 1, "hotel_value": ["4.5"], "hotel_price": ["434"]}, "4727648": {"hotel_name": "\u676d\u5dde\u4e2d\u6d32\u5927\u9152\u5e97", "order_time": ["2019-01-10 02:23:09"], "total_order": 1, "hotel_value": ["4.2"], "hotel_price": ["365"]}, "1251562": {"hotel_name": "\u6854\u5b50\u9152\u5e97\u00b7\u7cbe\u9009(\u676d\u5dde\u6b66\u6797\u95e8\u5730\u94c1\u7ad9\u5e97)", "order_time": ["2019-01-10 02:55:25", "2019-01-10 02:23:09"], "total_order": 2, "hotel_value": ["4.8", "4.8"], "hotel_price": ["303", "303"]}, "845722": {"hotel_name": "\u676d\u5dde\u91d1\u6eaa\u5c71\u5e84", "order_time": ["2019-01-10 02:23:09"], "total_order": 1, "hotel_value": ["4.7"], "hotel_price": ["753"]}, "2944246": {"hotel_name": "\u5434\u5c71\u5c45(\u676d\u5dde\u6cb3\u574a\u8857\u5e97)", "order_time": ["2019-01-10 02:23:10"], "total_order": 1, "hotel_value": ["4.6"], "hotel_price": ["299"]}, "443744": {"hotel_name": "\u676d\u5dde\u534e\u8fb0\u94f6\u5ea7\u9152\u5e97", "order_time": ["2019-01-10 02:23:10"], "total_order": 1, "hotel_value": ["4.6"], "hotel_price": ["318"]}, "19868068": {"hotel_name": "\u6854\u5b50\u7cbe\u9009\u9152\u5e97(\u676d\u5dde\u9ec4\u9f99\u4f53\u80b2\u4e2d\u5fc3\u5e97)", "order_time": ["2019-01-10 02:23:10"], "total_order": 1, "hotel_value": ["4.7"], "hotel_price": ["266"]}, "708088": {"hotel_name": "\u676d\u5dde\u534e\u8fb0\u51e4\u5ead\u5927\u9152\u5e97", "order_time": ["2019-01-10 02:23:10"], "total_order": 1, "hotel_value": ["4.5"], "hotel_price": ["256"]}, "1207757": {"hotel_name": "\u676d\u5dde\u77f3\u7965\u745e\u83b1\u514b\u65af\u5927\u9152\u5e97", "order_time": ["2019-01-10 02:23:10"], "total_order": 1, "hotel_value": ["4.5"], "hotel_price": ["318"]}, "450880": {"hotel_name": "\u676d\u5dde\u6377\u7279\u6f2b\u5927\u9152\u5e97", "order_time": ["2019-01-10 02:23:10"], "total_order": 1, "hotel_value": ["4.5"], "hotel_price": ["318"]}, "23234139": {"hotel_name": "\u676d\u5dde\u7fa4\u5c9b\u9152\u5e97\u5f0f\u516c\u5bd3", "order_time": ["2019-01-10 02:23:10"], "total_order": 1, "hotel_value": ["4.7"], "hotel_price": ["233"]}, "375377": {"hotel_name": "\u676d\u5dde\u7231\u4e01\u5821\u5047\u65e5\u9152\u5e97", "order_time": ["2019-01-10 02:23:10"], "total_order": 1, "hotel_value": ["4.4"], "hotel_price": ["297"]}, "10581721": {"hotel_name": "\u676d\u5dde\u91d1\u6c99\u6e56\u4e9a\u6735\u9152\u5e97", "order_time": ["2019-01-10 02:23:10"], "total_order": 1, "hotel_value": ["4.9"], "hotel_price": ["413"]}, "25805025": {"hotel_name": "\u9014\u5ba2\u00b7\u5c1a\u90bb\u9152\u5e97(\u676d\u5dde\u706b\u8f66\u4e1c\u7ad9\u5e97)", "order_time": ["2019-01-10 02:23:10"], "total_order": 1, "hotel_value": ["4.6"], "hotel_price": ["200"]}, "4969411": {"hotel_name": "\u7f8e\u8c6a\u96c5\u81f4\u9152\u5e97(\u676d\u5dde\u897f\u6e56\u5e97)", "order_time": ["2019-01-10 02:23:10"], "total_order": 1, "hotel_value": ["4.7"], "hotel_price": ["556"]}, "662385": {"hotel_name": "\u9886\u5c1a\u81fb\u54c1\u9152\u5e97(\u676d\u5dde\u94b1\u6c5f\u65b0\u57ce\u6c7d\u8f66\u5357\u7ad9\u5e97)", "order_time": ["2019-01-10 02:23:10"], "total_order": 1, "hotel_value": ["4.4"], "hotel_price": ["241"]}, "1120532": {"hotel_name": "\u676d\u5dde\u5434\u5c71\u54c1\u60a6\u8c6a\u534e\u7cbe\u9009\u9152\u5e97", "order_time": ["2019-01-10 02:23:10"], "total_order": 1, "hotel_value": ["4.6"], "hotel_price": ["578"]}, "445494": {"hotel_name": "\u676d\u5dde\u548c\u4e3d\u7cbe\u54c1\u9152\u5e97", "order_time": ["2019-01-10 02:23:10"], "total_order": 1, "hotel_value": ["4.4"], "hotel_price": ["186"]}, "987326": {"hotel_name": "\u676d\u5dde\u6e05\u6cb3\u9152\u5e97(\u897f\u6e56\u6cb3\u574a\u8857\u5e97)", "order_time": ["2019-01-10 02:23:10"], "total_order": 1, "hotel_value": ["4.6"], "hotel_price": ["158"]}, "11085643": {"hotel_name": "\u676d\u5dde\u5370\u00b7\u94c2\u987f\u5370\u9152\u5e97", "order_time": ["2019-01-10 02:23:10"], "total_order": 1, "hotel_value": ["4.6"], "hotel_price": ["339"]}, "17934698": {"hotel_name": "\u96c5\u81f4\u00b7\u68a6\u6eaa\u5c71\u5e84(\u676d\u5dde\u4e5d\u6eaa\u5e97)", "order_time": ["2019-01-10 02:23:10"], "total_order": 1, "hotel_value": ["4.8"], "hotel_price": ["988"]}, "1119502": {"hotel_name": "\u6a61\u679c\u9152\u5e97(\u676d\u5dde\u6d59\u5927\u7d2b\u91d1\u6e2f\u5e97)", "order_time": ["2019-01-10 02:23:10"], "total_order": 1, "hotel_value": ["4.4"], "hotel_price": ["256"]}, "847320": {"hotel_name": "\u676d\u5dde\u661f\u90fd\u5bbe\u9986", "order_time": ["2019-01-10 02:23:10"], "total_order": 1, "hotel_value": ["4.5"], "hotel_price": ["498"]}, "1120496": {"hotel_name": "\u5168\u5b63\u9152\u5e97(\u676d\u5dde\u8427\u5c71\u673a\u573a\u5927\u9053\u5e97)", "order_time": ["2019-01-10 02:23:10"], "total_order": 1, "hotel_value": ["4.8"], "hotel_price": ["294"]}, "1768942": {"hotel_name": "\u676d\u5dde\u8336\u9999\u4e3d\u820d\u5ea6\u5047\u6c11\u5bbf", "order_time": ["2019-01-10 02:23:10"], "total_order": 1, "hotel_value": ["4.9"], "hotel_price": ["370"]}, "3362123": {"hotel_name": "\u5982\u5bb6\u7cbe\u9009\u9152\u5e97(\u676d\u5dde\u56db\u5b63\u9752\u670d\u88c5\u5e02\u573a\u5e86\u83f1\u8def\u5730\u94c1\u7ad9\u5e97)", "order_time": ["2019-01-10 02:23:10"], "total_order": 1, "hotel_value": ["4.8"], "hotel_price": ["259"]}, "1192445": {"hotel_name": "\u5982\u5bb6\u5feb\u6377\u9152\u5e97(\u676d\u5dde\u897f\u6e56\u5e86\u6625\u8def\u5e97)", "order_time": ["2019-01-10 02:23:10"], "total_order": 1, "hotel_value": ["4.4"], "hotel_price": ["128"]}, "845369": {"hotel_name": "\u676d\u5dde\u65b0\u65b0\u996d\u5e97", "order_time": ["2019-01-10 03:19:06", "2019-01-10 02:23:12"], "total_order": 2, "hotel_value": ["4.8", "4.8"], "hotel_price": ["799", "799"]}, "23928456": {"hotel_name": "\u676d\u5dde\u94b1\u6c5f\u65b0\u57ce\u94b1\u6c5f\u8def\u4e9a\u6735\u9152\u5e97", "order_time": ["2019-01-10 02:23:14"], "total_order": 1, "hotel_value": ["4.8"], "hotel_price": ["420"]}, "3030804": {"hotel_name": "\u676d\u5dde\u5609\u60a6\u9152\u5e97(\u539f\u767e\u60a6\u5546\u52a1\u9152\u5e97)", "order_time": ["2019-01-10 02:23:17"], "total_order": 1, "hotel_value": ["4.7"], "hotel_price": ["338"]}, "1471978": {"hotel_name": "\u83ab\u6cf0168(\u676d\u5dde\u897f\u6e56\u89e3\u653e\u8def\u5e97)", "order_time": ["2019-01-10 02:33:03", "2019-01-10 02:23:25"], "total_order": 2, "hotel_value": ["4.4", "4.4"], "hotel_price": ["106", "106"]}, "468530": {"hotel_name": "\u6d3e\u9152\u5e97(\u676d\u5dde\u4e0b\u6c99\u5927\u5b66\u57ce\u6587\u6d77\u5357\u8def\u5730\u94c1\u7ad9\u5e97)(\u539f\u795e\u79d8\u6811\u5546\u52a1\u9152\u5e97)", "order_time": ["2019-01-10 02:23:31"], "total_order": 1, "hotel_value": ["4.4"], "hotel_price": ["139"]}, "2175332": {"hotel_name": "\u676d\u5dde\u4f73\u4e4b\u88d5\u9152\u5e97", "order_time": ["2019-01-10 02:25:38"], "total_order": 1, "hotel_value": ["4.5"], "hotel_price": ["152"]}, "1434281": {"hotel_name": "\u5047\u65e5\u4e4b\u661f\u9152\u5e97(\u676d\u5dde\u8f6c\u5858\u7f8e\u9662\u5e97)(\u539f\u4e4b\u6c5f\u5e97)", "order_time": ["2019-01-10 02:25:44"], "total_order": 1, "hotel_value": ["4.3"], "hotel_price": ["182"]}, "1640438": {"hotel_name": "7\u5929\u8fde\u9501\u9152\u5e97(\u676d\u5dde\u6b66\u6797\u5e7f\u573a\u673a\u573a\u5927\u5df4\u7ad9\u5e97)", "order_time": ["2019-01-10 02:25:46"], "total_order": 1, "hotel_value": ["4.1"], "hotel_price": ["129"]}, "11408031": {"hotel_name": "\u676d\u5dde\u671b\u4eac\u9152\u5e97", "order_time": ["2019-01-10 02:25:49"], "total_order": 1, "hotel_value": ["3.1"], "hotel_price": ["206"]}, "16112716": {"hotel_name": "\u676d\u5dde\u5c0f\u6ee1\u516c\u5bd3", "order_time": ["2019-01-10 02:26:39"], "total_order": 1, "hotel_value": [0], "hotel_price": ["220"]}, "4065630": {"hotel_name": "\u9526\u8fb0\u7389\u6816\u9152\u5e97(\u676d\u5dde\u897f\u6e56\u9ec4\u9f99\u4f53\u80b2\u4e2d\u5fc3\u5e97)(\u539f\u897f\u6e56\u5317\u7ebf\u9ec4\u9f99\u5e97)", "order_time": ["2019-01-10 02:28:02"], "total_order": 1, "hotel_value": ["4.8"], "hotel_price": ["320"]}, "5245355": {"hotel_name": "\u676d\u5dde\u8f69\u9e4f\u7cbe\u9009\u9152\u5e97", "order_time": ["2019-01-10 02:28:03"], "total_order": 1, "hotel_value": ["4.0"], "hotel_price": ["90"]}, "5430929": {"hotel_name": "\u7d20\u820d\u7cbe\u54c1\u9152\u5e97(\u676d\u5dde\u897f\u6eaa\u5e97)", "order_time": ["2019-01-10 02:30:35"], "total_order": 1, "hotel_value": ["4.5"], "hotel_price": ["251"]}, "433845": {"hotel_name": "\u5982\u5bb6\u5feb\u6377\u9152\u5e97(\u676d\u5dde\u897f\u6e56\u5357\u5b8b\u5fa1\u8857\u4e2d\u5fc3\u5e97)", "order_time": ["2019-01-10 03:28:52", "2019-01-10 03:16:39", "2019-01-10 02:38:05", "2019-01-10 02:30:36"], "total_order": 4, "hotel_value": ["4.5", "4.5", "4.5", "4.5"], "hotel_price": ["91", "91", "91", "91"]}, "839544": {"hotel_name": "\u676d\u5dde\u96f7\u8fea\u68ee\u94c2\u4e3d\u5927\u996d\u5e97", "order_time": ["2019-01-10 02:30:38"], "total_order": 1, "hotel_value": ["4.9"], "hotel_price": ["718"]}, "8654640": {"hotel_name": "\u676d\u5dde\u8427\u5c71\u56fd\u9645\u673a\u573a\u91d1\u9a6c\u6e2f\u666f\u9152\u5e97", "order_time": ["2019-01-10 02:30:40"], "total_order": 1, "hotel_value": ["4.5"], "hotel_price": ["283"]}, "8599137": {"hotel_name": "\u7ef4\u4e5f\u7eb3\u56fd\u9645\u9152\u5e97(\u676d\u5dde\u65b0\u5929\u5730\u94f6\u6cf0\u5e97)", "order_time": ["2019-01-10 02:30:45"], "total_order": 1, "hotel_value": ["4.8"], "hotel_price": ["369"]}, "1390433": {"hotel_name": "\u5982\u5bb6\u5feb\u6377\u9152\u5e97(\u676d\u5dde\u706b\u8f66\u4e1c\u7ad9\u95f8\u5f04\u53e3\u5730\u94c1\u7ad9\u5e97)", "order_time": ["2019-01-10 02:30:50"], "total_order": 1, "hotel_value": ["4.2"], "hotel_price": ["106"]}, "1766311": {"hotel_name": "\u676d\u5dde\u963f\u8010\u65af\u9152\u5e97", "order_time": ["2019-01-10 02:30:54"], "total_order": 1, "hotel_value": ["4.1"], "hotel_price": ["104"]}, "697756": {"hotel_name": "\u6c49\u5ead\u9152\u5e97(\u676d\u5dde\u6587\u65b0\u5730\u94c1\u7ad9\u5e97)", "order_time": ["2019-01-10 02:30:56"], "total_order": 1, "hotel_value": ["4.3"], "hotel_price": ["178"]}, "1763653": {"hotel_name": "\u676d\u5dde\u5b87\u4f73\u5047\u65e5\u9152\u5e97", "order_time": ["2019-01-10 02:30:56"], "total_order": 1, "hotel_value": ["4.1"], "hotel_price": ["159"]}, "1007105": {"hotel_name": "YHOTEL-\u676d\u5dde\u9752\u5e74\u4f1a\u9752\u5e74\u65c5\u820d", "order_time": ["2019-01-10 02:30:56"], "total_order": 1, "hotel_value": ["4.2"], "hotel_price": ["45"]}, "1489079": {"hotel_name": "\u5357\u82d1e\u5bb6(\u676d\u5dde\u706b\u8f66\u7ad9\u5730\u94c1\u7ad9\u5e97)(\u539f\u65f6\u4fe1\u5546\u52a1\u9152\u5e97)", "order_time": ["2019-01-10 02:31:01"], "total_order": 1, "hotel_value": ["4.5"], "hotel_price": ["112"]}, "433941": {"hotel_name": "\u5357\u82d1e\u5bb6\u7cbe\u9009\u9152\u5e97(\u676d\u5dde\u897f\u6e56\u5e86\u6625\u5e97)", "order_time": ["2019-01-10 02:32:59"], "total_order": 1, "hotel_value": ["4.4"], "hotel_price": ["220"]}, "530342": {"hotel_name": "\u676d\u5dde\u66d9\u6c5f\u5927\u9152\u5e97", "order_time": ["2019-01-10 02:33:13"], "total_order": 1, "hotel_value": ["4.7"], "hotel_price": ["426"]}, "1197823": {"hotel_name": "\u676d\u5dde\u8427\u5c71\u673a\u573a\u822a\u946b\u5927\u9152\u5e97(\u539f\u822a\u90fd\u5927\u9152\u5e97)", "order_time": ["2019-01-10 02:33:25"], "total_order": 1, "hotel_value": ["3.1"], "hotel_price": ["137"]}, "1466803": {"hotel_name": "\u676d\u5dde\u4e07\u987a\u5546\u52a1\u9152\u5e97", "order_time": ["2019-01-10 02:33:31"], "total_order": 1, "hotel_value": ["4.9"], "hotel_price": ["129"]}, "1704987": {"hotel_name": "\u6d59\u6c5f\u4f20\u5a92\u5b66\u9662\u56fd\u9645\u4ea4\u6d41\u4e2d\u5fc3", "order_time": ["2019-01-10 02:38:02", "2019-01-10 02:35:32"], "total_order": 2, "hotel_value": ["4.4", "4.4"], "hotel_price": ["214", "214"]}, "12276273": {"hotel_name": "\u676d\u5dde\u8317\u767d\u5c71\u5885", "order_time": ["2019-01-10 02:35:32"], "total_order": 1, "hotel_value": ["4.9"], "hotel_price": ["688"]}, "6066000": {"hotel_name": "\u676d\u5dde\u67cf\u60a6\u9152\u5e97", "order_time": ["2019-01-10 02:35:33"], "total_order": 1, "hotel_value": ["4.8"], "hotel_price": ["1643"]}, "25369531": {"hotel_name": "\u57ce\u5e02\u4fbf\u6377\u9152\u5e97(\u676d\u5dde\u4e01\u6865\u5e97)", "order_time": ["2019-01-10 02:35:34"], "total_order": 1, "hotel_value": ["4.7"], "hotel_price": ["148"]}, "1307663": {"hotel_name": "\u701a\u601d\u5feb\u6377\u9152\u5e97(\u676d\u5dde\u9f99\u6e56\u5929\u8857\u5927\u5b66\u57ce\u5e97)", "order_time": ["2019-01-10 02:35:34"], "total_order": 1, "hotel_value": ["4.2"], "hotel_price": ["98"]}, "8194094": {"hotel_name": "\u683c\u96f7\u65af\u7cbe\u9009\u9152\u5e97(\u676d\u5dde\u897f\u6eaa\u5e97)", "order_time": ["2019-01-10 02:35:35"], "total_order": 1, "hotel_value": ["4.8"], "hotel_price": ["310"]}, "384987": {"hotel_name": "\u5982\u5bb6\u5546\u65c5\u9152\u5e97(\u676d\u5dde\u897f\u6e56\u65ad\u6865\u4fdd\u4ff6\u8def\u5e97\uff09", "order_time": ["2019-01-10 02:35:36"], "total_order": 1, "hotel_value": ["4.7"], "hotel_price": ["215"]}, "11303948": {"hotel_name": "\u7f51\u5bbf\u9152\u5e97(\u676d\u5dde\u65b0\u6d32\u82b1\u82d1\u5e97)", "order_time": ["2019-01-10 02:35:41", "2019-01-10 03:21:44"], "total_order": 2, "hotel_value": ["4.3", "4.3"], "hotel_price": ["106", "106"]}, "28640983": {"hotel_name": "\u676d\u5dde\u7c73\u9601\u670d\u52a1\u516c\u5bd3", "order_time": ["2019-01-10 02:35:54"], "total_order": 1, "hotel_value": [0], "hotel_price": ["238"]}, "6110235": {"hotel_name": "\u676d\u5dde\u671b\u8fbe\u65af\u9752\u5e74\u65c5\u820d", "order_time": ["2019-01-10 02:38:03"], "total_order": 1, "hotel_value": ["4.7"], "hotel_price": ["45"]}, "532738": {"hotel_name": "\u676d\u5dde\u541b\u5c1a\u9152\u5e97", "order_time": ["2019-01-10 02:38:03"], "total_order": 1, "hotel_value": ["4.5"], "hotel_price": ["316"]}, "18533076": {"hotel_name": "\u676d\u5dde\u4f18\u5c4b\u7f8e\u5bbf\u661f\u5149\u5927\u9053\u670d\u52a1\u516c\u5bd3", "order_time": ["2019-01-10 02:38:07"], "total_order": 1, "hotel_value": ["4.8"], "hotel_price": ["287"]}, "6447471": {"hotel_name": "\u661f\u57ce\u592a\u7a7a\u8231\u7cbe\u54c1\u9752\u5e74\u65c5\u820d(\u676d\u5dde\u897f\u6e56\u9f99\u7fd4\u6865\u5730\u94c1\u7ad9\u5e97)", "order_time": ["2019-01-10 02:38:07"], "total_order": 1, "hotel_value": ["4.5"], "hotel_price": ["54"]}, "11476963": {"hotel_name": "\u676d\u5dde\u8fce\u4e9a\u9152\u5e97", "order_time": ["2019-01-10 02:38:08"], "total_order": 1, "hotel_value": ["4.5"], "hotel_price": ["180"]}, "1183796": {"hotel_name": "\u676d\u5dde\u897f\u57ce\u7eaa\u5f52\u6765\u9152\u5e97\u5f0f\u516c\u5bd3", "order_time": ["2019-01-10 02:38:10"], "total_order": 1, "hotel_value": ["4.4"], "hotel_price": ["192"]}, "5377968": {"hotel_name": "\u5f00\u5143\u66fc\u5c45\u00b7\u676d\u5dde\u4e34\u5e73\u5730\u94c1\u7ad9\u5e97", "order_time": ["2019-01-10 02:38:12"], "total_order": 1, "hotel_value": ["4.8"], "hotel_price": ["276"]}, "443725": {"hotel_name": "\u676d\u5dde\u82b1\u5bb6\u5c71\u5e84", "order_time": ["2019-01-10 02:40:38", "2019-01-10 02:38:13"], "total_order": 2, "hotel_value": ["4.8", "4.8"], "hotel_price": ["754", "754"]}, "698212": {"hotel_name": "\u9526\u6c5f\u4e4b\u661f(\u676d\u5dde\u4e0b\u6c99\u5927\u5b66\u57ce\u6587\u6cfd\u8def\u5730\u94c1\u7ad9\u5e97)", "order_time": ["2019-01-10 02:38:25"], "total_order": 1, "hotel_value": ["4.5"], "hotel_price": ["122"]}, "7659996": {"hotel_name": "\u676d\u5dde\u9886\u822a\u9152\u5e97", "order_time": ["2019-01-10 02:38:26"], "total_order": 1, "hotel_value": ["4.4"], "hotel_price": ["222"]}, "5099530": {"hotel_name": "Zhotels\u667a\u5c1a\u9152\u5e97(\u676d\u5dde\u9ec4\u9f99\u5e97)", "order_time": ["2019-01-10 02:40:31"], "total_order": 1, "hotel_value": ["4.6"], "hotel_price": ["184"]}, "5099816": {"hotel_name": "\u6d59\u6c5f\u541b\u5c1a\u996d\u5e97", "order_time": ["2019-01-10 02:40:36"], "total_order": 1, "hotel_value": ["4.6"], "hotel_price": ["367"]}, "7285989": {"hotel_name": "\u676d\u5dde\u5f15\u85e4\u9152\u5e97\u5f0f\u516c\u5bd3", "order_time": ["2019-01-10 02:40:42"], "total_order": 1, "hotel_value": ["4.9"], "hotel_price": ["208"]}, "13828117": {"hotel_name": "\u6816\u8bed\u592a\u7a7a\u9152\u5e97(\u676d\u5dde\u6d59\u5927\u7d2b\u91d1\u6e2f\u5e97)", "order_time": ["2019-01-10 02:40:42"], "total_order": 1, "hotel_value": ["4.6"], "hotel_price": ["48"]}, "6254733": {"hotel_name": "\u676d\u5ddetakeanap\u772f\u4e00\u4f1a\u4f4f\u5bbf", "order_time": ["2019-01-10 02:40:44"], "total_order": 1, "hotel_value": ["4.0"], "hotel_price": ["235"]}, "441372": {"hotel_name": "\u676d\u5dde\u4e94\u6d0b\u5bbe\u9986", "order_time": ["2019-01-10 02:40:46"], "total_order": 1, "hotel_value": ["4.8"], "hotel_price": ["778"]}, "2305024": {"hotel_name": "\u676d\u5dde\u7c73\u8bfa\u98ce\u60c5\u9152\u5e97", "order_time": ["2019-01-10 02:40:59"], "total_order": 1, "hotel_value": ["3.9"], "hotel_price": ["184"]}, "1740628": {"hotel_name": "\u9526\u6c5f\u4e4b\u661f\u54c1\u5c1a(\u676d\u5dde\u897f\u6e56\u5ef6\u5b89\u8def\u5e97)(\u539f\u7cbe\u54c14s\u7248\u5ef6\u5b89\u8def\u5546\u4e1a\u8857\u5e97)", "order_time": ["2019-01-10 02:42:53"], "total_order": 1, "hotel_value": ["4.5"], "hotel_price": ["157"]}, "23123419": {"hotel_name": "\u676d\u5dde\u91d1\u00b7\u67cf\u6f9c\u9152\u5e97\u5f0f\u516c\u5bd3", "order_time": ["2019-01-10 02:42:57"], "total_order": 1, "hotel_value": ["4.8"], "hotel_price": ["291"]}, "19682799": {"hotel_name": "\u534e\u7f8e\u8fbe\u5b89\u53ef\u9152\u5e97\uff08\u676d\u5dde\u94f6\u9686\u767e\u8d27\u5e97\uff09", "order_time": ["2019-01-10 02:43:02"], "total_order": 1, "hotel_value": ["4.7"], "hotel_price": ["298"]}, "21344917": {"hotel_name": "\u676d\u5dde\u4f18\u5c4b\u7f8e\u5bbf\u897f\u6eaa\u94f6\u6cf0\u670d\u52a1\u516c\u5bd3", "order_time": ["2019-01-10 02:43:08"], "total_order": 1, "hotel_value": ["4.8"], "hotel_price": ["278"]}, "1658311": {"hotel_name": "\u676d\u5dde\u84dd\u5ba2\u5bab\u5546\u52a1\u9152\u5e97", "order_time": ["2019-01-10 02:43:21"], "total_order": 1, "hotel_value": ["4.0"], "hotel_price": ["111"]}, "4381889": {"hotel_name": "\u5168\u5b63\u9152\u5e97(\u676d\u5dde\u8427\u5c71\u673a\u573a\u5e97)", "order_time": ["2019-01-10 02:45:17"], "total_order": 1, "hotel_value": ["4.7"], "hotel_price": ["294"]}, "434391": {"hotel_name": "\u676d\u5dde\u7c73\u5170\u82b1\u56ed\u9152\u5e97", "order_time": ["2019-01-10 02:55:25", "2019-01-10 02:45:27", "2019-01-10 03:19:11"], "total_order": 3, "hotel_value": ["4.2", "4.2", "4.2"], "hotel_price": ["255", "255", "255"]}, "378513": {"hotel_name": "\u745e\u90fd\u5609\u91cc\u9152\u5e97(\u676d\u5dde\u897f\u6e56\u6587\u5316\u5e7f\u573a\u5e97)", "order_time": ["2019-01-10 02:45:40"], "total_order": 1, "hotel_value": ["4.3"], "hotel_price": ["238"]}, "845754": {"hotel_name": "\u6d59\u6c5f\u6b4c\u5c71\u54c1\u60a6\u5927\u9152\u5e97", "order_time": ["2019-01-10 02:47:46"], "total_order": 1, "hotel_value": ["4.6"], "hotel_price": ["512"]}, "4498707": {"hotel_name": "\u676d\u5dde\u57ce\u4e2d\u9999\u683c\u91cc\u62c9\u5927\u9152\u5e97", "order_time": ["2019-01-10 02:47:48"], "total_order": 1, "hotel_value": ["4.7"], "hotel_price": ["1257"]}, "1727965": {"hotel_name": "\u676d\u5dde\u6e58\u820d\u7cbe\u54c1\u9152\u5e97", "order_time": ["2019-01-10 02:48:04"], "total_order": 1, "hotel_value": ["4.0"], "hotel_price": ["208"]}, "1025273": {"hotel_name": "\u676d\u5dde\u5609\u767b\u5546\u52a1\u9152\u5e97", "order_time": ["2019-01-10 02:48:07"], "total_order": 1, "hotel_value": ["4.4"], "hotel_price": ["184"]}, "1217643": {"hotel_name": "\u676d\u5dde\u8c6a\u96e8\u5047\u65e5\u9152\u5e97", "order_time": ["2019-01-10 02:55:29", "2019-01-10 02:48:07"], "total_order": 2, "hotel_value": ["4.2", "4.2"], "hotel_price": ["102", "102"]}, "1483757": {"hotel_name": "\u6a58\u679c\u9152\u5e97\u5f0f\u516c\u5bd3(\u676d\u5dde\u57ce\u897f\u94f6\u6cf0\u5e97)(\u539f\u897f\u57ce\u7eaa\u5e97)", "order_time": ["2019-01-10 02:48:10"], "total_order": 1, "hotel_value": ["4.4"], "hotel_price": ["226"]}, "3003036": {"hotel_name": "\u6590\u6587\u91ce\u5962\u9152\u5e97(\u5929\u76ee\u5c71\u4e0a\u5ba2\u5802\u5e97)", "order_time": ["2019-01-10 02:56:34", "2019-01-10 02:49:00"], "total_order": 2, "hotel_value": ["4.6", "4.6"], "hotel_price": ["396", "396"]}, "6732769": {"hotel_name": "\u676d\u5dde\u6ee8\u6c5f\u4e16\u878d\u827e\u7f8e\u9152\u5e97", "order_time": ["2019-01-10 02:50:21"], "total_order": 1, "hotel_value": ["4.6"], "hotel_price": ["888"]}, "10555258": {"hotel_name": "\u676d\u5dde\u897f\u7c73\u9152\u5e97\u5f0f\u516c\u5bd3\u897f\u57ce\u7eaa\u5e97", "order_time": ["2019-01-10 02:50:25"], "total_order": 1, "hotel_value": ["4.7"], "hotel_price": ["163"]}, "1535526": {"hotel_name": "\u6c49\u5ead\u9152\u5e97(\u676d\u5dde\u8427\u5c71\u673a\u573a\u5e97)", "order_time": ["2019-01-10 02:50:33"], "total_order": 1, "hotel_value": ["4.3"], "hotel_price": ["169"]}, "12628160": {"hotel_name": "\u676d\u5dde\u8f69\u69ad\u9152\u5e97", "order_time": ["2019-01-10 02:50:34"], "total_order": 1, "hotel_value": ["4.0"], "hotel_price": ["122"]}, "8529721": {"hotel_name": "\u9526\u6c5f\u4e4b\u661f(\u676d\u5dde\u6e56\u6ee8\u5e97)", "order_time": ["2019-01-10 03:21:49", "2019-01-10 02:52:42", "2019-01-10 03:16:40"], "total_order": 3, "hotel_value": ["4.4", "4.4", "4.4"], "hotel_price": ["166", "166", "166"]}, "369772": {"hotel_name": "\u676d\u5dde\u6e29\u5fb7\u59c6\u81f3\u5c0a\u8c6a\u5ef7\u5927\u9152\u5e97", "order_time": ["2019-01-10 03:21:35", "2019-01-10 02:52:43"], "total_order": 2, "hotel_value": ["4.7", "4.7"], "hotel_price": ["897", "897"]}, "1217305": {"hotel_name": "\u4e94\u6d0b\u516c\u9986(\u676d\u5dde\u897f\u6e56\u5e97)", "order_time": ["2019-01-10 02:52:53"], "total_order": 1, "hotel_value": ["4.5"], "hotel_price": ["153"]}, "15084882": {"hotel_name": "Zsmart\u667a\u5c1a\u9152\u5e97(\u676d\u5dde\u6d59\u4e8c\u89e3\u653e\u8def\u5e97)", "order_time": ["2019-01-10 02:52:57"], "total_order": 1, "hotel_value": ["4.6"], "hotel_price": ["129"]}, "2257865": {"hotel_name": "\u676d\u5dde\u5982\u5bbe\u5047\u65e5\u9152\u5e97", "order_time": ["2019-01-10 02:53:29"], "total_order": 1, "hotel_value": ["2.9"], "hotel_price": ["135"]}, "1462568": {"hotel_name": "\u5982\u5bb6\u5feb\u6377\u9152\u5e97(\u676d\u5dde\u83ab\u5e72\u5c71\u8def\u5e97)", "order_time": ["2019-01-10 02:55:27"], "total_order": 1, "hotel_value": ["4.5"], "hotel_price": ["113"]}, "440546": {"hotel_name": "\u676d\u5dde\u767e\u745e\u8fd0\u6cb3\u5927\u996d\u5e97", "order_time": ["2019-01-10 02:56:33"], "total_order": 1, "hotel_value": ["4.4"], "hotel_price": ["399"]}, "12438781": {"hotel_name": "\u6b22\u5885\u00b7\u5ea6\u5047\u522b\u9662(\u5927\u6148\u5ca9\u5e97)", "order_time": ["2019-01-10 02:56:34"], "total_order": 1, "hotel_value": ["5.0"], "hotel_price": ["367"]}, "16069504": {"hotel_name": "\u676d\u5dde\u826f\u795d\u00b7\u4e91\u9e64\u5c71\u5c45", "order_time": ["2019-01-10 02:58:13"], "total_order": 1, "hotel_value": ["4.9"], "hotel_price": ["408"]}, "21826634": {"hotel_name": "\u5982\u5bb6\u9152\u5e97(\u676d\u5dde\u5e73\u6d77\u897f\u6e56\u9f99\u7fd4\u6865\u5e97)", "order_time": ["2019-01-10 03:00:07"], "total_order": 1, "hotel_value": ["4.2"], "hotel_price": ["151"]}, "1225852": {"hotel_name": "\u676d\u5dde\u6b4c\u591a\u9152\u5e97", "order_time": ["2019-01-10 03:00:09"], "total_order": 1, "hotel_value": ["4.2"], "hotel_price": ["124"]}, "13658529": {"hotel_name": "\u676d\u5dde\u7f8e\u4f4f\u8fb0\u601d\u9152\u5e97", "order_time": ["2019-01-10 03:00:16"], "total_order": 1, "hotel_value": ["4.6"], "hotel_price": ["117"]}, "17512490": {"hotel_name": "\u56fd\u5f69\u5927\u9152\u5e97(\u676d\u5dde\u897f\u6e56\u9ec4\u9f99\u5e97)", "order_time": ["2019-01-10 03:02:39"], "total_order": 1, "hotel_value": ["4.6"], "hotel_price": ["305"]}, "6112512": {"hotel_name": "Zsmart\u667a\u5c1a\u9152\u5e97(\u676d\u5dde\u897f\u6eaa\u7d2b\u91d1\u6e2f\u5e97)(\u539f\u57ce\u897f\u94f6\u6cf0\u5e97)", "order_time": ["2019-01-10 03:05:07"], "total_order": 1, "hotel_value": ["4.6"], "hotel_price": ["194"]}, "19624311": {"hotel_name": "\u83b1\u5ead\u9152\u5e97(\u676d\u5dde\u8427\u5c71\u673a\u573a\u5e97)", "order_time": ["2019-01-10 03:05:17"], "total_order": 1, "hotel_value": ["4.5"], "hotel_price": ["174"]}, "897853": {"hotel_name": "\u676d\u5dde\u6eaa\u4e0a\u532f\u9152\u5e97", "order_time": ["2019-01-10 03:05:41"], "total_order": 1, "hotel_value": ["4.4"], "hotel_price": ["570"]}, "11243784": {"hotel_name": "\u676d\u5dde\u5bcc\u9633\u5b9d\u9f99\u827a\u60a6\u9152\u5e97", "order_time": ["2019-01-10 03:07:27"], "total_order": 1, "hotel_value": ["4.7"], "hotel_price": ["245"]}, "1580694": {"hotel_name": "\u5982\u5bb6\u5feb\u6377\u9152\u5e97(\u676d\u5dde\u83ab\u5e72\u5c71\u8def\u7f8e\u90fd\u5e7f\u573a\u5e97)", "order_time": ["2019-01-10 03:07:28"], "total_order": 1, "hotel_value": ["4.4"], "hotel_price": ["95"]}, "2313483": {"hotel_name": "\u6c49\u5ead\u9152\u5e97(\u676d\u5dde\u897f\u6eaa\u6587\u4e09\u897f\u8def\u5e97)", "order_time": ["2019-01-10 03:07:34"], "total_order": 1, "hotel_value": ["4.4"], "hotel_price": ["185"]}, "24872808": {"hotel_name": "\u4e9a\u83f2\u9152\u5e97(\u676d\u5dde\u706b\u8f66\u5357\u7ad9\u5e97)", "order_time": ["2019-01-10 03:07:37"], "total_order": 1, "hotel_value": ["4.7"], "hotel_price": ["87"]}, "1569813": {"hotel_name": "\u5982\u5bb6\u5feb\u6377\u9152\u5e97(\u676d\u5dde\u706b\u8f66\u4e1c\u7ad9\u548c\u5e73\u4f1a\u5c55\u4e2d\u5fc3\u671d\u6656\u8def\u5e97)", "order_time": ["2019-01-10 03:07:44"], "total_order": 1, "hotel_value": ["4.7"], "hotel_price": ["105"]}, "28140175": {"hotel_name": "\u676d\u5dde\u5317\u6b27\u8f7b\u5c45\u516c\u5bd3", "order_time": ["2019-01-10 03:07:49"], "total_order": 1, "hotel_value": ["5.0"], "hotel_price": ["159"]}, "11411039": {"hotel_name": "\u676d\u5dde\u5e03\u4e01\u9152\u5e97\u4e09\u58a9\u6765\u4ec1\u8857\u58a9\u83b3\u5bb6\u56ed\u5e97", "order_time": ["2019-01-10 03:07:56"], "total_order": 1, "hotel_value": ["4.3"], "hotel_price": ["115"]}, "8602465": {"hotel_name": "\u676d\u5dde\u6ee8\u6c5f\u5e0c\u5c14\u987f\u6b22\u670b\u9152\u5e97", "order_time": ["2019-01-10 03:09:44"], "total_order": 1, "hotel_value": ["4.8"], "hotel_price": ["478"]}, "16482265": {"hotel_name": "\u676d\u5dde\u4f70\u5bcc\u7cbe\u54c1\u9152\u5e97", "order_time": ["2019-01-10 03:09:48", "2019-01-10 03:26:31"], "total_order": 2, "hotel_value": ["4.6", "4.6"], "hotel_price": ["184", "184"]}, "15979359": {"hotel_name": "\u676d\u5dde\u53cb\u5bb6\u6c11\u5bbf(\u5929\u76ee\u5c71\u8def\u5206\u5e97)", "order_time": ["2019-01-10 03:10:35"], "total_order": 1, "hotel_value": [0], "hotel_price": ["239"]}, "26665803": {"hotel_name": "\u676d\u5dde\u5965\u57ce\u51ef\u8c6a\u5927\u9152\u5e97", "order_time": ["2019-01-10 03:12:04"], "total_order": 1, "hotel_value": ["5.0"], "hotel_price": ["558"]}, "479445": {"hotel_name": "\u676d\u5dde\u745e\u83b1\u514b\u65af\u5927\u9152\u5e97", "order_time": ["2019-01-10 03:12:20"], "total_order": 1, "hotel_value": ["4.2"], "hotel_price": ["199"]}, "1767054": {"hotel_name": "\u676d\u5dde\u7f51\u5bbf\u9152\u5e97(\u676d\u5dde\u7f51\u5546\u8def\u5e97)(\u539f\u65b0\u9e3f\u5bbe\u5927\u9152\u5e97)", "order_time": ["2019-01-10 03:12:23"], "total_order": 1, "hotel_value": ["4.0"], "hotel_price": ["184"]}, "906393": {"hotel_name": "\u676d\u5dde\u6c6a\u661f\u7403\u9752\u5e74\u65c5\u820d", "order_time": ["2019-01-10 03:12:25"], "total_order": 1, "hotel_value": ["4.5"], "hotel_price": ["27"]}, "4535728": {"hotel_name": "\u7ea2\u8857\u81ea\u52a9\u516c\u5bd3(\u676d\u5dde\u706b\u8f66\u4e1c\u7ad9\u5e97)", "order_time": ["2019-01-10 03:14:19"], "total_order": 1, "hotel_value": ["4.3"], "hotel_price": ["130"]}, "2160982": {"hotel_name": "\u676d\u5dde\u661f\u65c5\u592a\u7a7a\u8231\u9152\u5e97", "order_time": ["2019-01-10 03:14:30"], "total_order": 1, "hotel_value": ["4.6"], "hotel_price": ["44"]}, "1728139": {"hotel_name": "\u676d\u5dde\u65b0\u9038\u5ea6\u5047\u9152\u5e97(\u539f\u676d\u5dde\u65b0\u9038\u5047\u65e5\u9152\u5e97)", "order_time": ["2019-01-10 03:14:33"], "total_order": 1, "hotel_value": ["4.2"], "hotel_price": ["135"]}, "1002247": {"hotel_name": "\u676d\u5dde\u9f99\u69bb\u516c\u5bd3\u9152\u5e97", "order_time": ["2019-01-10 03:14:49"], "total_order": 1, "hotel_value": ["4.4"], "hotel_price": ["332"]}, "542732": {"hotel_name": "\u4e14\u5ba2\u9152\u5e97\u5f0f\u516c\u5bd3(\u676d\u5dde\u661f\u5149\u5927\u9053\u5e97)", "order_time": ["2019-01-10 03:16:48"], "total_order": 1, "hotel_value": ["4.4"], "hotel_price": ["232"]}, "23099484": {"hotel_name": "\u676d\u5dde\u5965\u4f53\u4e2d\u5fc3\u548c\u660c\u5e0c\u5c14\u987f\u6b22\u670b\u9152\u5e97", "order_time": ["2019-01-10 03:19:00"], "total_order": 1, "hotel_value": ["4.8"], "hotel_price": ["527"]}, "447016": {"hotel_name": "\u676d\u5dde\u7687\u51a0\u5927\u9152\u5e97", "order_time": ["2019-01-10 03:19:09"], "total_order": 1, "hotel_value": ["4.1"], "hotel_price": ["268"]}, "1386817": {"hotel_name": "\u6d77\u53cb\u9152\u5e97(\u676d\u5dde\u897f\u6e56\u5e86\u6625\u8def\u5e97)(\u539f\u8c6a\u535a\u5047\u65e5\u9152\u5e97)", "order_time": ["2019-01-10 03:19:26"], "total_order": 1, "hotel_value": ["4.0"], "hotel_price": ["111"]}, "435371": {"hotel_name": "\u676d\u5dde\u5927\u53a6", "order_time": ["2019-01-10 03:21:33"], "total_order": 1, "hotel_value": ["4.7"], "hotel_price": ["560"]}, "21147783": {"hotel_name": "\u676d\u5dde\u8629\u83f2\u91d1\u94c2\u6e7e\u6c5f\u666f\u516c\u5bd3", "order_time": ["2019-01-10 03:21:38"], "total_order": 1, "hotel_value": ["4.5"], "hotel_price": ["296"]}, "1685053": {"hotel_name": "\u6850\u5e90\u5149\u5178\u5927\u9152\u5e97", "order_time": ["2019-01-10 03:22:50"], "total_order": 1, "hotel_value": ["4.7"], "hotel_price": ["207"]}, "435419": {"hotel_name": "\u676d\u5dde\u6e56\u6ee8\u541b\u4ead\u9152\u5e97", "order_time": ["2019-01-10 03:24:02"], "total_order": 1, "hotel_value": ["4.4"], "hotel_price": ["248"]}, "4064726": {"hotel_name": "\u676d\u5dde\u84dd\u81e3\u5927\u9152\u5e97", "order_time": ["2019-01-10 03:24:08"], "total_order": 1, "hotel_value": ["4.3"], "hotel_price": ["301"]}, "1351226": {"hotel_name": "\u4e94\u6d0b\u4e4b\u661f\u9152\u5e97\u8fde\u9501(\u676d\u5dde\u6d59\u4e00\u5e97)(\u539f\u5efa\u56fd\u8def\u5e97)", "order_time": ["2019-01-10 03:24:10"], "total_order": 1, "hotel_value": ["4.7"], "hotel_price": ["156"]}, "3290057": {"hotel_name": "\u676d\u5dde\u666f\u6f9c\u7cbe\u54c1\u9152\u5e97", "order_time": ["2019-01-10 03:24:20"], "total_order": 1, "hotel_value": ["4.3"], "hotel_price": ["163"]}, "14076694": {"hotel_name": "\u676d\u5dde\u5c0a\u5c1a\u7cbe\u54c1\u9152\u5e97", "order_time": ["2019-01-10 03:26:50"], "total_order": 1, "hotel_value": ["4.5"], "hotel_price": ["116"]}, "15951429": {"hotel_name": "\u676d\u5dde\u6854\u5c1a\u9152\u5e97", "order_time": ["2019-01-10 03:29:01"], "total_order": 1, "hotel_value": ["4.5"], "hotel_price": ["111"]}, "2001772": {"hotel_name": "\u676d\u5dde\u7070\u767d\u91cc\u5171\u4eab\u5ba2\u6808", "order_time": ["2019-01-10 03:29:11"], "total_order": 1, "hotel_value": ["4.5"], "hotel_price": ["160"]}, "375375": {"hotel_name": "\u676d\u5dde\u84dd\u5929\u6e05\u6c34\u6e7e\u56fd\u9645\u5927\u9152\u5e97", "order_time": ["2019-01-10 03:31:16"], "total_order": 1, "hotel_value": ["4.6"], "hotel_price": ["398"]}, "6870278": {"hotel_name": "\u676d\u5dde\u6cc9\u8f89\u5bbe\u9986\u56fd\u9645\u673a\u573a\u5e97", "order_time": ["2019-01-10 03:31:33"], "total_order": 1, "hotel_value": ["4.2"], "hotel_price": ["113"]}}}