{"\u5f00\u59cb\u8bb0\u5f55\u65f6\u95f4": "2019-01-18 11:53:26", "\u7ed3\u675f\u8bb0\u5f55\u65f6\u95f4": "2019-01-18 12:53:26", "\u8ba2\u5355\u603b\u589e\u91cf": 538, "item": {"876549": {"hotel_name": "\u6e38\u5b50\u9152\u5e97\u5f0f\u516c\u5bd3(\u676d\u5dde\u897f\u6e56\u4e1c\u65b9\u91d1\u5ea7\u5e97)", "order_time": ["2019-01-18 11:55:38"], "total_order": 1, "hotel_value": ["4.4"], "hotel_price": ["283"]}, "792763": {"hotel_name": "\u6d59\u6c5f\u94c1\u9053\u5927\u53a6\u57ce\u5e02\u5e7f\u573a\u5927\u9152\u5e97", "order_time": ["2019-01-18 11:55:38", "2019-01-18 12:09:43"], "total_order": 2, "hotel_value": ["4.3", "4.3"], "hotel_price": ["170", "170"]}, "6066213": {"hotel_name": "\u7ef4\u4e5f\u7eb3\u56fd\u9645\u9152\u5e97(\u676d\u5dde\u706b\u8f66\u4e1c\u7ad9\u5e97)", "order_time": ["2019-01-18 11:55:38", "2019-01-18 12:19:40"], "total_order": 2, "hotel_value": ["4.8", "4.8"], "hotel_price": ["295", "295"]}, "445476": {"hotel_name": "\u676d\u5dde\u4ec1\u548c\u996d\u5e97", "order_time": ["2019-01-18 11:55:38", "2019-01-18 12:47:41", "2019-01-18 12:09:42"], "total_order": 3, "hotel_value": ["4.6", "4.6", "4.6"], "hotel_price": ["358", "358", "358"]}, "858415": {"hotel_name": "\u676d\u5dde\u897f\u6eaa\u82b1\u95f4\u5802", "order_time": ["2019-01-18 12:19:40", "2019-01-18 11:55:39"], "total_order": 2, "hotel_value": ["4.5", "4.5"], "hotel_price": ["839", "868"]}, "6512979": {"hotel_name": "\u676d\u5dde\u82f1\u51a0\u6e29\u5fb7\u59c6\u9152\u5e97", "order_time": ["2019-01-18 11:55:39"], "total_order": 1, "hotel_value": ["4.7"], "hotel_price": ["601"]}, "1351226": {"hotel_name": "\u4e94\u6d0b\u4e4b\u661f\u9152\u5e97\u8fde\u9501(\u676d\u5dde\u6d59\u4e00\u5e97)(\u539f\u5efa\u56fd\u8def\u5e97)", "order_time": ["2019-01-18 11:55:40"], "total_order": 1, "hotel_value": ["4.7"], "hotel_price": ["156"]}, "18078321": {"hotel_name": "\u676d\u5dde\u4f59\u676d\u4e07\u4e3d\u9152\u5e97", "order_time": ["2019-01-18 11:55:40"], "total_order": 1, "hotel_value": ["4.5"], "hotel_price": ["788"]}, "664277": {"hotel_name": "\u676d\u5dde\u5927\u534e\u996d\u5e97", "order_time": ["2019-01-18 11:55:40"], "total_order": 1, "hotel_value": ["4.8"], "hotel_price": ["998"]}, "23099484": {"hotel_name": "\u676d\u5dde\u5965\u4f53\u4e2d\u5fc3\u548c\u660c\u5e0c\u5c14\u987f\u6b22\u670b\u9152\u5e97", "order_time": ["2019-01-18 11:55:40"], "total_order": 1, "hotel_value": ["4.8"], "hotel_price": ["440"]}, "13798494": {"hotel_name": "\u7f8e\u8c6a\u4e3d\u81f4\u9152\u5e97(\u676d\u5dde\u897f\u6e56\u9ec4\u9f99\u4f53\u80b2\u4e2d\u5fc3\u65d7\u8230\u5e97)", "order_time": ["2019-01-18 12:15:39", "2019-01-18 11:55:40"], "total_order": 2, "hotel_value": ["4.8", "4.8"], "hotel_price": ["489", "489"]}, "435427": {"hotel_name": "\u676d\u5dde\u94f6\u9686\u541b\u4ead\u9152\u5e97", "order_time": ["2019-01-18 11:55:40"], "total_order": 1, "hotel_value": ["4.5"], "hotel_price": ["396"]}, "446938": {"hotel_name": "\u676d\u5dde\u7389\u6cc9\u996d\u5e97", "order_time": ["2019-01-18 11:55:41"], "total_order": 1, "hotel_value": ["4.4"], "hotel_price": ["418"]}, "8053309": {"hotel_name": "\u6668\u67ab\u81fb\u54c1\u9152\u5e97(\u676d\u5dde\u8427\u5c71\u4eba\u6c11\u5e7f\u573a\u5e97)", "order_time": ["2019-01-18 11:55:41", "2019-01-18 12:41:39"], "total_order": 2, "hotel_value": ["4.7", "4.7"], "hotel_price": ["246", "246"]}, "443788": {"hotel_name": "\u548c\u9890\u9152\u5e97(\u676d\u5dde\u897f\u6e56\u89e3\u653e\u8def\u5e97)", "order_time": ["2019-01-18 11:55:41"], "total_order": 1, "hotel_value": ["4.7"], "hotel_price": ["267"]}, "890332": {"hotel_name": "\u4e94\u6d0b\u516c\u9986(\u676d\u5dde\u6cb3\u574a\u8857\u706b\u8f66\u57ce\u7ad9\u5e97)", "order_time": ["2019-01-18 11:55:42"], "total_order": 1, "hotel_value": ["4.6"], "hotel_price": ["208"]}, "1217305": {"hotel_name": "\u4e94\u6d0b\u516c\u9986(\u676d\u5dde\u897f\u6e56\u5e97)", "order_time": ["2019-01-18 11:55:42"], "total_order": 1, "hotel_value": ["4.5"], "hotel_price": ["193"]}, "375374": {"hotel_name": "\u676d\u5dde\u7ef4\u666f\u56fd\u9645\u5927\u9152\u5e97", "order_time": ["2019-01-18 11:55:43", "2019-01-18 12:13:41", "2019-01-18 12:03:39"], "total_order": 3, "hotel_value": ["4.5", "4.5", "4.5"], "hotel_price": ["420", "420", "420"]}, "1184374": {"hotel_name": "\u676d\u5dde\u6e05\u51e1\u5c45\u9152\u5e97", "order_time": ["2019-01-18 11:55:43"], "total_order": 1, "hotel_value": ["4.6"], "hotel_price": ["136"]}, "25662266": {"hotel_name": "\u676d\u5dde\u4f18\u9009\u670d\u52a1\u5f0f\u516c\u5bd3", "order_time": ["2019-01-18 11:55:45", "2019-01-18 12:07:42"], "total_order": 2, "hotel_value": ["4.9", "4.9"], "hotel_price": ["265", "265"]}, "1194007": {"hotel_name": "\u676d\u5dde\u53e4\u85e4\u9ad8\u7ea7\u516c\u5bd3\u9152\u5e97", "order_time": ["2019-01-18 12:01:45", "2019-01-18 11:55:45"], "total_order": 2, "hotel_value": ["4.6", "4.6"], "hotel_price": ["193", "193"]}, "1380303": {"hotel_name": "\u5982\u5bb6\u5feb\u6377\u9152\u5e97(\u676d\u5dde\u5efa\u56fd\u5357\u8def\u6cb3\u574a\u8857\u5e97)", "order_time": ["2019-01-18 11:55:46"], "total_order": 1, "hotel_value": ["4.4"], "hotel_price": ["132"]}, "19845829": {"hotel_name": "\u6854\u5b50\u6c34\u6676\u9152\u5e97(\u676d\u5dde\u4e91\u6816\u5c0f\u9547\u4f1a\u5c55\u4e2d\u5fc3\u5e97)", "order_time": ["2019-01-18 12:21:43", "2019-01-18 11:55:47"], "total_order": 2, "hotel_value": ["4.8", "4.8"], "hotel_price": ["446", "446"]}, "6656987": {"hotel_name": "Zsmart\u667a\u5c1a\u9152\u5e97(\u676d\u5dde\u897f\u6e56\u6d59\u4e00\u5e97)", "order_time": ["2019-01-18 11:55:47"], "total_order": 1, "hotel_value": ["4.6"], "hotel_price": ["174"]}, "1307664": {"hotel_name": "\u676d\u5dde\u8212\u7c73\u9152\u5e97", "order_time": ["2019-01-18 11:55:47"], "total_order": 1, "hotel_value": ["4.3"], "hotel_price": ["124"]}, "5728762": {"hotel_name": "\u7f8e\u9526\u4e2d\u798f\u7cbe\u54c1\u9152\u5e97(\u676d\u5dde\u897f\u6e56\u5e97)", "order_time": ["2019-01-18 11:55:47"], "total_order": 1, "hotel_value": ["4.4"], "hotel_price": ["170"]}, "14626708": {"hotel_name": "\u676d\u5dde\u4e50\u5bb6\u9152\u5e97\u5f0f\u516c\u5bd3\u4e07\u901a\u4e2d\u5fc3\u5e97", "order_time": ["2019-01-18 11:55:56"], "total_order": 1, "hotel_value": ["4.8"], "hotel_price": ["238"]}, "1640028": {"hotel_name": "\u6c49\u5ead\u9152\u5e97(\u676d\u5dde\u706b\u8f66\u4e1c\u7ad9\u897f\u5e7f\u573a\u5e97)", "order_time": ["2019-01-18 11:55:56"], "total_order": 1, "hotel_value": ["4.5"], "hotel_price": ["246"]}, "4852475": {"hotel_name": "\u5343\u5c9b\u6e56\u7eff\u57ce\u84dd\u6e7e\u5ea6\u5047\u9152\u5e97", "order_time": ["2019-01-18 11:56:10"], "total_order": 1, "hotel_value": ["4.8"], "hotel_price": ["199"]}, "19614141": {"hotel_name": "\u676d\u5dde\u4e34\u5b89\u4e07\u8c6a\u9152\u5e97", "order_time": ["2019-01-18 11:56:11"], "total_order": 1, "hotel_value": ["4.5"], "hotel_price": ["650"]}, "1630332": {"hotel_name": "\u4e34\u5b89\u8339\u5bb6\u5ba2\u6808", "order_time": ["2019-01-18 11:56:16"], "total_order": 1, "hotel_value": ["2.5"], "hotel_price": ["78"]}, "895709": {"hotel_name": "\u676d\u5dde\u5fb7\u80dc\u745e\u83b1\u514b\u65af\u5927\u9152\u5e97", "order_time": ["2019-01-18 11:57:38"], "total_order": 1, "hotel_value": ["4.4"], "hotel_price": ["263"]}, "5175773": {"hotel_name": "\u9886\u519b\u9152\u5e97\u516c\u5bd3(\u676d\u5dde\u4e07\u8c61\u57ce\u5e97)", "order_time": ["2019-01-18 11:57:38"], "total_order": 1, "hotel_value": ["4.7"], "hotel_price": ["362"]}, "6260755": {"hotel_name": "\u6854\u5b50\u9152\u5e97\u7cbe\u9009(\u676d\u5dde\u548c\u5e73\u4f1a\u5c55\u4e2d\u5fc3\u5e97)", "order_time": ["2019-01-18 11:57:39"], "total_order": 1, "hotel_value": ["4.8"], "hotel_price": ["284"]}, "847320": {"hotel_name": "\u676d\u5dde\u661f\u90fd\u5bbe\u9986", "order_time": ["2019-01-18 11:57:39"], "total_order": 1, "hotel_value": ["4.6"], "hotel_price": ["498"]}, "1273504": {"hotel_name": "\u676d\u5dde\u51e4\u8d77\u996d\u5e97", "order_time": ["2019-01-18 11:57:39", "2019-01-18 12:01:44"], "total_order": 2, "hotel_value": ["4.6", "4.6"], "hotel_price": ["423", "423"]}, "443744": {"hotel_name": "\u676d\u5dde\u534e\u8fb0\u94f6\u5ea7\u9152\u5e97", "order_time": ["2019-01-18 12:05:39", "2019-01-18 11:57:39"], "total_order": 2, "hotel_value": ["4.6", "4.6"], "hotel_price": ["279", "299"]}, "15974168": {"hotel_name": "\u676d\u5dde\u91d1\u6c99\u6e56\u535a\u4e50\u8bd7\u670d\u52a1\u516c\u5bd3", "order_time": ["2019-01-18 11:57:39"], "total_order": 1, "hotel_value": ["4.7"], "hotel_price": ["217"]}, "22673561": {"hotel_name": "\u5168\u5b63\u9152\u5e97(\u676d\u5dde\u94b1\u6c5f\u65b0\u57ce\u94b1\u6f6e\u8def\u5e97)", "order_time": ["2019-01-18 11:57:40"], "total_order": 1, "hotel_value": ["4.8"], "hotel_price": ["294"]}, "6395948": {"hotel_name": "\u676d\u5dde\u4e1c\u65b9\u5a01\u5c3c\u65af\u56fd\u9645\u5927\u9152\u5e97", "order_time": ["2019-01-18 11:57:40"], "total_order": 1, "hotel_value": ["4.3"], "hotel_price": ["331"]}, "373059": {"hotel_name": "\u676d\u5dde\u9ec4\u9f99\u996d\u5e97", "order_time": ["2019-01-18 11:57:40"], "total_order": 1, "hotel_value": ["4.9"], "hotel_price": ["958"]}, "369775": {"hotel_name": "\u676d\u5dde\u9999\u683c\u91cc\u62c9\u996d\u5e97", "order_time": ["2019-01-18 11:57:40"], "total_order": 1, "hotel_value": ["4.5"], "hotel_price": ["879"]}, "435380": {"hotel_name": "\u5b9c\u5fc5\u601d\u9152\u5e97(\u676d\u5dde\u897f\u6e56\u5357\u5b8b\u5fa1\u8857\u5e97)", "order_time": ["2019-01-18 11:57:40"], "total_order": 1, "hotel_value": ["4.2"], "hotel_price": ["119"]}, "1326656": {"hotel_name": "\u676d\u5dde\u4e00\u4f4f\u4e00\u5bbf\u5feb\u6377\u9152\u5e97", "order_time": ["2019-01-18 11:57:41"], "total_order": 1, "hotel_value": ["3.7"], "hotel_price": ["98"]}, "12779723": {"hotel_name": "\u676d\u5dde\u8702\u7a9d\u9152\u5e97\uff08\u897f\u6e56\u5357\u7ebf\u5357\u661f\u6865\u7ad9\u5730\u94c1\u5e97\uff09", "order_time": ["2019-01-18 11:57:41"], "total_order": 1, "hotel_value": ["4.7"], "hotel_price": ["59"]}, "19624311": {"hotel_name": "\u83b1\u5ead\u9152\u5e97(\u676d\u5dde\u8427\u5c71\u673a\u573a\u5e97)", "order_time": ["2019-01-18 11:57:41"], "total_order": 1, "hotel_value": ["4.5"], "hotel_price": ["140"]}, "1709962": {"hotel_name": "\u667a\u9890\u5c1a\u54c1\u9152\u5e97(\u676d\u5dde\u94b1\u6c5f\u65b0\u57ce\u5e97)(\u539f\u7f24\u7eb7\u4e94\u6d32\u5c1a\u54c1\u9152\u5e97)", "order_time": ["2019-01-18 11:57:41"], "total_order": 1, "hotel_value": ["4.6"], "hotel_price": ["282"]}, "8523963": {"hotel_name": "\u6f2b\u65f6\u5149\u9152\u5e97\u5f0f\u516c\u5bd3(\u676d\u5dde\u57ce\u897f\u94f6\u6cf0\u5e97)", "order_time": ["2019-01-18 11:57:42"], "total_order": 1, "hotel_value": ["4.7"], "hotel_price": ["253"]}, "8654640": {"hotel_name": "\u676d\u5dde\u8427\u5c71\u56fd\u9645\u673a\u573a\u91d1\u9a6c\u6e2f\u666f\u9152\u5e97", "order_time": ["2019-01-18 12:21:42", "2019-01-18 11:57:42"], "total_order": 2, "hotel_value": ["4.5", "4.5"], "hotel_price": ["363", "654"]}, "1536682": {"hotel_name": "\u676d\u5dde\u9ec4\u9f99\u4e9a\u6735\u9152\u5e97", "order_time": ["2019-01-18 11:57:42"], "total_order": 1, "hotel_value": ["4.7"], "hotel_price": ["483"]}, "2916683": {"hotel_name": "\u5982\u5bb6\u5feb\u6377\u9152\u5e97(\u676d\u5dde\u706b\u8f66\u4e1c\u7ad9\u897f\u5e7f\u573a\u5e97)", "order_time": ["2019-01-18 12:47:41", "2019-01-18 11:57:42"], "total_order": 2, "hotel_value": ["4.2", "4.2"], "hotel_price": ["203", "203"]}, "434289": {"hotel_name": "\u676d\u5dde\u7d22\u83f2\u4e9a\u5927\u9152\u5e97", "order_time": ["2019-01-18 11:57:42"], "total_order": 1, "hotel_value": ["4.5"], "hotel_price": ["259"]}, "6129708": {"hotel_name": "\u676d\u5dde\u5b9d\u76db\u9053\u8c37\u9152\u5e97", "order_time": ["2019-01-18 11:57:42"], "total_order": 1, "hotel_value": ["4.7"], "hotel_price": ["399"]}, "1621618": {"hotel_name": "\u5bcc\u9633\u4e1c\u65b9\u8302\u5f00\u5143\u540d\u90fd\u5927\u9152\u5e97", "order_time": ["2019-01-18 11:57:42", "2019-01-18 12:03:41"], "total_order": 2, "hotel_value": ["4.7", "4.7"], "hotel_price": ["438", "438"]}, "5726617": {"hotel_name": "\u7267\u6668\u9152\u5e97(\u676d\u5dde\u548c\u8fbe\u81ea\u7531\u6e2f\u5e97)", "order_time": ["2019-01-18 11:57:43"], "total_order": 1, "hotel_value": ["4.5"], "hotel_price": ["211"]}, "434057": {"hotel_name": "\u676d\u5dde\u666e\u91d1\u5927\u9152\u5e97", "order_time": ["2019-01-18 11:57:43"], "total_order": 1, "hotel_value": ["4.3"], "hotel_price": ["123"]}, "15215652": {"hotel_name": "Q\u52a0\u00b7\u7ea2\u83b1\u9152\u5e97(\u676d\u5dde\u8427\u5c71\u56fd\u9645\u673a\u573a\u4e1c\u5927\u95e8\u5e97)", "order_time": ["2019-01-18 11:57:45"], "total_order": 1, "hotel_value": ["4.8"], "hotel_price": ["204"]}, "1306723": {"hotel_name": "\u676d\u5dde\u6fb3\u67ab\u5feb\u6377\u9152\u5e97", "order_time": ["2019-01-18 11:57:45"], "total_order": 1, "hotel_value": ["4.0"], "hotel_price": ["108"]}, "1441801": {"hotel_name": "\u5982\u5bb6\u5feb\u6377\u9152\u5e97(\u676d\u5dde\u897f\u6e56\u5357\u5b8b\u5fa1\u8857\u5b9a\u5b89\u8def\u5730\u94c1\u7ad9\u5e97)", "order_time": ["2019-01-18 11:57:45"], "total_order": 1, "hotel_value": ["4.3"], "hotel_price": ["161"]}, "1646880": {"hotel_name": "\u676d\u5dde\u66fc\u7235\u7cbe\u54c1\u9152\u5e97", "order_time": ["2019-01-18 11:57:45"], "total_order": 1, "hotel_value": ["3.7"], "hotel_price": ["169"]}, "2213728": {"hotel_name": "\u5e03\u4e01\u9152\u5e97(\u676d\u5dde\u6b66\u6797\u5e7f\u573a\u673a\u573a\u5927\u5df4\u7ad9\u5e97)", "order_time": ["2019-01-18 11:57:45"], "total_order": 1, "hotel_value": ["4.6"], "hotel_price": ["129"]}, "373220": {"hotel_name": "\u676d\u5dde\u5965\u514b\u4f0d\u5fb7\u56fd\u9645\u9152\u5e97\u516c\u5bd3", "order_time": ["2019-01-18 12:47:41", "2019-01-18 11:57:46"], "total_order": 2, "hotel_value": ["4.5", "4.5"], "hotel_price": ["657", "657"]}, "434391": {"hotel_name": "\u676d\u5dde\u7c73\u5170\u82b1\u56ed\u9152\u5e97", "order_time": ["2019-01-18 11:57:46", "2019-01-18 12:01:41"], "total_order": 2, "hotel_value": ["4.2", "4.2"], "hotel_price": ["258", "258"]}, "3361389": {"hotel_name": "\u5982\u5bb6\u5feb\u6377\u9152\u5e97(\u676d\u5dde\u94b1\u6c5f\u65b0\u57ce\u666f\u82b3\u5730\u94c1\u7ad9\u5e97)", "order_time": ["2019-01-18 11:57:46"], "total_order": 1, "hotel_value": ["4.5"], "hotel_price": ["161"]}, "14014113": {"hotel_name": "\u548c\u5b63\u9ad8\u7ea7\u9152\u5e97\u5f0f\u516c\u5bd3(\u676d\u5dde\u6d59\u5546\u5e97)(\u539f\u676d\u5dde\u6d59\u5546\u5e97)", "order_time": ["2019-01-18 11:57:48"], "total_order": 1, "hotel_value": ["4.7"], "hotel_price": ["191"]}, "3327550": {"hotel_name": "\u676d\u5dde\u4e1c\u95e8\u5bbe\u9986", "order_time": ["2019-01-18 11:57:49"], "total_order": 1, "hotel_value": ["3.4"], "hotel_price": ["108"]}, "1058113": {"hotel_name": "\u676d\u5dde\u9ed1\u751c\u9752\u5e74\u65c5\u820d", "order_time": ["2019-01-18 11:57:53"], "total_order": 1, "hotel_value": ["4.4"], "hotel_price": ["35"]}, "8558911": {"hotel_name": "\u676d\u5dde\u667a\u661f\u9752\u5e74\u65c5\u820d", "order_time": ["2019-01-18 11:57:53"], "total_order": 1, "hotel_value": ["4.6"], "hotel_price": ["45"]}, "1640537": {"hotel_name": "7\u5929\u8fde\u9501\u9152\u5e97(\u676d\u5dde\u706b\u8f66\u4e1c\u7ad9\u5e97)", "order_time": ["2019-01-18 11:57:53", "2019-01-18 12:11:47"], "total_order": 2, "hotel_value": ["4.1", "4.1"], "hotel_price": ["139", "139"]}, "435354": {"hotel_name": "\u5343\u5c9b\u6e56\u7eff\u57ce\u5ea6\u5047\u9152\u5e97", "order_time": ["2019-01-18 11:57:54", "2019-01-18 12:47:50"], "total_order": 2, "hotel_value": ["4.8", "4.8"], "hotel_price": ["388", "388"]}, "4436365": {"hotel_name": "\u5343\u5c9b\u6e56\u6021\u9014\u6e56\u666f\u9152\u5e97", "order_time": ["2019-01-18 11:58:02"], "total_order": 1, "hotel_value": ["4.7"], "hotel_price": ["151"]}, "13831962": {"hotel_name": "\u676d\u5dde\u534e\u76db\u8fbe\u96f7\u8fea\u68ee\u5e7f\u573a\u9152\u5e97", "order_time": ["2019-01-18 11:59:38"], "total_order": 1, "hotel_value": ["4.8"], "hotel_price": ["528"]}, "6041781": {"hotel_name": "\u901f8\u9152\u5e97(\u676d\u5dde\u4e34\u5e73\u5730\u94c1\u7ad9\u5e97)", "order_time": ["2019-01-18 11:59:38"], "total_order": 1, "hotel_value": ["4.5"], "hotel_price": ["144"]}, "6285093": {"hotel_name": "\u676d\u5dde\u6b27\u4e9a\u7f8e\u56fd\u9645\u5927\u9152\u5e97", "order_time": ["2019-01-18 11:59:38"], "total_order": 1, "hotel_value": ["4.6"], "hotel_price": ["370"]}, "442246": {"hotel_name": "\u676d\u5dde\u5929\u5143\u5927\u53a6", "order_time": ["2019-01-18 11:59:38", "2019-01-18 12:41:39"], "total_order": 2, "hotel_value": ["4.8", "4.8"], "hotel_price": ["498", "498"]}, "1674636": {"hotel_name": "\u676d\u5dde\u897f\u6eaa\u8c37\u541b\u4ead\u9152\u5e97", "order_time": ["2019-01-18 11:59:38"], "total_order": 1, "hotel_value": ["4.7"], "hotel_price": ["579"]}, "371172": {"hotel_name": "\u676d\u5dde\u897f\u6eaa\u5929\u5802\u897f\u8f69\u9152\u5e97", "order_time": ["2019-01-18 11:59:39"], "total_order": 1, "hotel_value": ["4.7"], "hotel_price": ["596"]}, "22550186": {"hotel_name": "\u5c45\u897f\u6e56\u9152\u5e97(\u676d\u5dde\u6c5f\u5357\u5927\u9053\u5e97)", "order_time": ["2019-01-18 11:59:39"], "total_order": 1, "hotel_value": ["4.7"], "hotel_price": ["337"]}, "24049411": {"hotel_name": "\u676d\u5dde\u81f4\u6052\u7cbe\u54c1\u9152\u5e97", "order_time": ["2019-01-18 11:59:40"], "total_order": 1, "hotel_value": ["4.8"], "hotel_price": ["161"]}, "474091": {"hotel_name": "\u7d2b\u4e91\u996d\u5e97(\u676d\u5dde\u897f\u6e56\u9ec4\u9f99\u5e97)(\u539f\u4e16\u8d38\u9ec4\u9f99\u5e97)", "order_time": ["2019-01-18 11:59:40", "2019-01-18 12:17:40"], "total_order": 2, "hotel_value": ["4.7", "4.7"], "hotel_price": ["358", "358"]}, "1273467": {"hotel_name": "\u676d\u5dde\u838e\u739b\u548c\u8fbe\u670d\u52a1\u5f0f\u516c\u5bd3", "order_time": ["2019-01-18 11:59:40"], "total_order": 1, "hotel_value": ["4.7"], "hotel_price": ["508"]}, "437663": {"hotel_name": "\u676d\u5dde\u897f\u6e56\u51e4\u8d77\u8def\u4e9a\u6735\u8f7b\u5c45\u9152\u5e97", "order_time": ["2019-01-18 11:59:40"], "total_order": 1, "hotel_value": ["4.8"], "hotel_price": ["340"]}, "1119324": {"hotel_name": "\u84dd\u5ead\u9152\u5e97\u516c\u5bd3(\u676d\u5dde\u661f\u5149\u5927\u9053\u5e97)", "order_time": ["2019-01-18 11:59:41"], "total_order": 1, "hotel_value": ["4.2"], "hotel_price": ["224"]}, "994347": {"hotel_name": "\u676d\u5dde\u4e03\u8bda\u5546\u52a1\u9152\u5e97", "order_time": ["2019-01-18 11:59:42"], "total_order": 1, "hotel_value": ["4.3"], "hotel_price": ["114"]}, "1051228": {"hotel_name": "\u5e03\u4e01\u9152\u5e97(\u676d\u5dde\u897f\u6e56\u5927\u9053\u5e97)", "order_time": ["2019-01-18 11:59:42"], "total_order": 1, "hotel_value": ["4.2"], "hotel_price": ["84"]}, "5099530": {"hotel_name": "Zhotels\u667a\u5c1a\u9152\u5e97(\u676d\u5dde\u9ec4\u9f99\u5e97)", "order_time": ["2019-01-18 11:59:43"], "total_order": 1, "hotel_value": ["4.6"], "hotel_price": ["177"]}, "16974789": {"hotel_name": "\u5982\u5bb6\u9a7f\u5c45\u9152\u5e97(\u676d\u5dde\u6b66\u6797\u5e7f\u573a\u6c88\u5858\u6865\u5730\u94c1\u7ad9\u5e97)", "order_time": ["2019-01-18 11:59:44", "2019-01-18 12:17:42"], "total_order": 2, "hotel_value": ["4.7", "4.7"], "hotel_price": ["191", "191"]}, "435867": {"hotel_name": "\u6d59\u6c5f\u5929\u90fd\u57ce\u9152\u5e97", "order_time": ["2019-01-18 11:59:44"], "total_order": 1, "hotel_value": ["4.8"], "hotel_price": ["540"]}, "2590782": {"hotel_name": "\u676d\u5dde\u672a\u6765\u79d1\u6280\u57ce\u6728\u83b2\u5e84\u9152\u5e97", "order_time": ["2019-01-18 11:59:49"], "total_order": 1, "hotel_value": ["4.7"], "hotel_price": ["460"]}, "21814790": {"hotel_name": "\u4e34\u5b89\u661f\u91ce\u6c11\u5bbf", "order_time": ["2019-01-18 12:00:09"], "total_order": 1, "hotel_value": ["4.9"], "hotel_price": ["457"]}, "28130230": {"hotel_name": "\u4e94\u60a6\u666f\u533a\u8fde\u9501\u9152\u5e97(\u4e34\u5b89\u5927\u660e\u5c71\u666f\u533a\u5e97)", "order_time": ["2019-01-18 12:00:14"], "total_order": 1, "hotel_value": ["4.9"], "hotel_price": ["133"]}, "8872873": {"hotel_name": "\u9a7f\u96f2\u7cbe\u54c1\u5ba2\u6808(\u6850\u5e90\u96f2\u6816\u96c5\u820d\u5e97)", "order_time": ["2019-01-18 12:00:15"], "total_order": 1, "hotel_value": ["4.6"], "hotel_price": ["258"]}, "445394": {"hotel_name": "\u676d\u5dde\u897f\u6e56\u56fd\u5bbe\u9986\u00b7\u897f\u6e56\u7b2c\u4e00\u540d\u56ed", "order_time": ["2019-01-18 12:47:41", "2019-01-18 12:01:41"], "total_order": 2, "hotel_value": ["4.8", "4.8"], "hotel_price": ["2126", "2126"]}, "24122623": {"hotel_name": "\u676d\u5dde\u4e2d\u8c6a\u56fd\u9645\u5927\u9152\u5e97", "order_time": ["2019-01-18 12:01:41"], "total_order": 1, "hotel_value": ["4.5"], "hotel_price": ["356"]}, "845369": {"hotel_name": "\u676d\u5dde\u65b0\u65b0\u996d\u5e97", "order_time": ["2019-01-18 12:01:41"], "total_order": 1, "hotel_value": ["4.8"], "hotel_price": ["859"]}, "6639337": {"hotel_name": "\u683c\u5948\u9152\u5e97(\u676d\u5dde\u8f6c\u5858\u7f8e\u9662\u5e97)", "order_time": ["2019-01-18 12:01:42"], "total_order": 1, "hotel_value": ["4.7"], "hotel_price": ["327"]}, "1461982": {"hotel_name": "\u5982\u5bb6\u5feb\u6377\u9152\u5e97(\u676d\u5dde\u897f\u6e56\u89e3\u653e\u8def\u6e56\u6ee8\u94f6\u6cf0\u5e97)", "order_time": ["2019-01-18 12:01:43"], "total_order": 1, "hotel_value": ["4.3"], "hotel_price": ["161"]}, "1817120": {"hotel_name": "\u6854\u5b50\u6c34\u6676\u9152\u5e97(\u676d\u5dde\u897f\u6e56\u5e97)", "order_time": ["2019-01-18 12:01:43"], "total_order": 1, "hotel_value": ["4.9"], "hotel_price": ["474"]}, "17055275": {"hotel_name": "\u676d\u5dde\u897f\u6e56\u7f8e\u5c45\u9152\u5e97", "order_time": ["2019-01-18 12:01:44"], "total_order": 1, "hotel_value": ["4.7"], "hotel_price": ["389"]}, "608589": {"hotel_name": "\u80dc\u9ad8\u56fd\u9645\u9152\u5e97(\u676d\u5dde\u5bcc\u9633\u94f6\u6cf0\u5e97)(\u539f\u8000\u90fd\u5fb7\u60a6\u5e97)", "order_time": ["2019-01-18 12:01:45"], "total_order": 1, "hotel_value": ["4.7"], "hotel_price": ["261"]}, "7124667": {"hotel_name": "\u9038\u8377\u7cbe\u54c1\u9152\u5e97(\u676d\u5dde\u4e5d\u5821\u5ba2\u8fd0\u4e2d\u5fc3\u5e97)", "order_time": ["2019-01-18 12:01:45"], "total_order": 1, "hotel_value": ["4.6"], "hotel_price": ["238"]}, "1489932": {"hotel_name": "\u676d\u5dde\u65b0\u9038\u9152\u5e97", "order_time": ["2019-01-18 12:01:45"], "total_order": 1, "hotel_value": ["4.8"], "hotel_price": ["333"]}, "1100458": {"hotel_name": "\u5982\u5bb6\u5feb\u6377\u9152\u5e97(\u676d\u5dde\u897f\u6e56\u65ad\u6865\u5e97)", "order_time": ["2019-01-18 12:01:45"], "total_order": 1, "hotel_value": ["4.3"], "hotel_price": ["154"]}, "481249": {"hotel_name": "\u5e03\u4e01\u9152\u5e97(\u676d\u5dde\u897f\u6e56\u5357\u5b8b\u5fa1\u8857\u5e97)", "order_time": ["2019-01-18 12:01:46"], "total_order": 1, "hotel_value": ["3.9"], "hotel_price": ["93"]}, "1409243": {"hotel_name": "\u5982\u5bb6\u5546\u65c5\u9152\u5e97(\u676d\u5dde\u6b66\u6797\u5e7f\u573a\u4f53\u80b2\u573a\u8def\u5e97)", "order_time": ["2019-01-18 12:01:48"], "total_order": 1, "hotel_value": ["4.8"], "hotel_price": ["206"]}, "23562151": {"hotel_name": "\u676d\u5dde\u591a\u7f26\u00b7\u7530\u5c9b\u7f8e\u5bd3\u9152\u5e97", "order_time": ["2019-01-18 12:01:48", "2019-01-18 12:25:40"], "total_order": 2, "hotel_value": ["4.9", "4.9"], "hotel_price": ["197", "197"]}, "5451901": {"hotel_name": "\u676d\u5dde\u6ee8\u6c5f\u94f6\u6cf0\u559c\u6765\u767b\u5927\u9152\u5e97", "order_time": ["2019-01-18 12:02:04", "2019-01-18 12:05:54"], "total_order": 2, "hotel_value": ["4.7", "4.7"], "hotel_price": ["888", "888"]}, "654745": {"hotel_name": "\u6850\u5e90\u4e16\u8d38\u5927\u9152\u5e97", "order_time": ["2019-01-18 12:02:05"], "total_order": 1, "hotel_value": ["4.7"], "hotel_price": ["387"]}, "684429": {"hotel_name": "\u676d\u5dde\u6d66\u4eac\u82b1\u56ed\u9152\u5e97", "order_time": ["2019-01-18 12:03:39"], "total_order": 1, "hotel_value": ["4.6"], "hotel_price": ["298"]}, "385111": {"hotel_name": "\u676d\u5dde\u897f\u6eaa\u60a6\u6995\u5e84", "order_time": ["2019-01-18 12:03:39"], "total_order": 1, "hotel_value": ["4.7"], "hotel_price": ["2978"]}, "346302": {"hotel_name": "\u676d\u5dde\u897f\u6eaa\u559c\u6765\u767b\u5ea6\u5047\u5927\u9152\u5e97", "order_time": ["2019-01-18 12:03:39"], "total_order": 1, "hotel_value": ["4.6"], "hotel_price": ["921"]}, "445319": {"hotel_name": "\u676d\u5dde\u8d6b\u7eb3\u9152\u5e97", "order_time": ["2019-01-18 12:03:40"], "total_order": 1, "hotel_value": ["4.5"], "hotel_price": ["257"]}, "427907": {"hotel_name": "\u5982\u5bb6\u7cbe\u9009\u9152\u5e97(\u676d\u5dde\u897f\u6e56\u5434\u5c71\u5e7f\u573a\u6cb3\u574a\u8857\u5e97)", "order_time": ["2019-01-18 12:03:40"], "total_order": 1, "hotel_value": ["4.7"], "hotel_price": ["256"]}, "25805025": {"hotel_name": "\u9014\u5ba2\u00b7\u5c1a\u90bb\u9152\u5e97(\u676d\u5dde\u706b\u8f66\u4e1c\u7ad9\u5e97)", "order_time": ["2019-01-18 12:03:40"], "total_order": 1, "hotel_value": ["4.6"], "hotel_price": ["232"]}, "7514954": {"hotel_name": "\u9526\u6c5f\u4e4b\u661f\u98ce\u5c1a(\u676d\u5dde\u4f59\u676d\u7ecf\u6d4e\u5f00\u53d1\u533a\u5e97)", "order_time": ["2019-01-18 12:03:40"], "total_order": 1, "hotel_value": ["4.7"], "hotel_price": ["158"]}, "369721": {"hotel_name": "\u676d\u5dde\u7d22\u83f2\u7279\u897f\u6e56\u5927\u9152\u5e97", "order_time": ["2019-01-18 12:03:41", "2019-01-18 12:11:41"], "total_order": 2, "hotel_value": ["4.6", "4.6"], "hotel_price": ["958", "958"]}, "479445": {"hotel_name": "\u676d\u5dde\u745e\u83b1\u514b\u65af\u5927\u9152\u5e97", "order_time": ["2019-01-18 12:03:41"], "total_order": 1, "hotel_value": ["4.2"], "hotel_price": ["204"]}, "441382": {"hotel_name": "\u6d59\u6c5f\u7d2b\u6676\u5927\u9152\u5e97", "order_time": ["2019-01-18 12:03:41", "2019-01-18 12:17:43"], "total_order": 2, "hotel_value": ["4.4", "4.4"], "hotel_price": ["288", "288"]}, "739280": {"hotel_name": "\u676d\u5ddeEAC\u6b27\u7f8e\u4e2d\u5fc3\u56fd\u9645\u9152\u5e97\u516c\u5bd3", "order_time": ["2019-01-18 12:03:41"], "total_order": 1, "hotel_value": ["4.6"], "hotel_price": ["327"]}, "5678956": {"hotel_name": "\u676d\u5dde\u6cdb\u6d77\u9493\u9c7c\u53f0\u9152\u5e97", "order_time": ["2019-01-18 12:03:41"], "total_order": 1, "hotel_value": ["4.8"], "hotel_price": ["1138"]}, "1709318": {"hotel_name": "\u676d\u5dde\u60a6\u80dc\u9152\u5e97", "order_time": ["2019-01-18 12:03:43"], "total_order": 1, "hotel_value": ["4.3"], "hotel_price": ["74"]}, "20173190": {"hotel_name": "\u676d\u5dde\u661f\u5c1a\u5ba2\u6808", "order_time": ["2019-01-18 12:03:43"], "total_order": 1, "hotel_value": ["4.7"], "hotel_price": ["48"]}, "920905": {"hotel_name": "\u676d\u5dde\u7075\u9690\u95f2\u4ead\u5ba2\u6808(\u539f\u95f2\u5ead\u7279\u8272\u5ba2\u6808)", "order_time": ["2019-01-18 12:03:43"], "total_order": 1, "hotel_value": ["4.7"], "hotel_price": ["242"]}, "446952": {"hotel_name": "\u676d\u5dde\u6d77\u5916\u6d77\u56fd\u9645\u9152\u5e97", "order_time": ["2019-01-18 12:03:43", "2019-01-18 12:17:42"], "total_order": 2, "hotel_value": ["4.7", "4.7"], "hotel_price": ["294", "294"]}, "458500": {"hotel_name": "\u676d\u5dde\u4e5d\u91cc\u4e91\u677e\u5ea6\u5047\u9152\u5e97", "order_time": ["2019-01-18 12:03:44"], "total_order": 1, "hotel_value": ["4.8"], "hotel_price": ["1329"]}, "481278": {"hotel_name": "\u5e03\u4e01\u9152\u5e97(\u676d\u5dde\u6ee8\u6c5f\u6ee8\u5eb7\u8def\u957f\u6cb3\u5e97)", "order_time": ["2019-01-18 12:03:46"], "total_order": 1, "hotel_value": ["3.3"], "hotel_price": ["106"]}, "434906": {"hotel_name": "\u6021\u83b1\u9152\u5e97(\u676d\u5dde\u8427\u5c71\u5e02\u5fc3\u5317\u8def\u5e97)", "order_time": ["2019-01-18 12:03:46"], "total_order": 1, "hotel_value": ["4.0"], "hotel_price": ["170"]}, "19853759": {"hotel_name": "\u534e\u9a7f\u9152\u5e97(\u676d\u5dde\u661f\u6865\u5e97)", "order_time": ["2019-01-18 12:03:47"], "total_order": 1, "hotel_value": ["4.7"], "hotel_price": ["139"]}, "27843779": {"hotel_name": "\u676d\u5ddeLA Campus\u827a\u672f\u9152\u5e97", "order_time": ["2019-01-18 12:03:48"], "total_order": 1, "hotel_value": ["4.9"], "hotel_price": ["232"]}, "6322165": {"hotel_name": "\u676d\u5dde\u897f\u5b50\u56fd\u9645\u987a\u96c5\u9152\u5e97", "order_time": ["2019-01-18 12:03:50"], "total_order": 1, "hotel_value": ["4.4"], "hotel_price": ["288"]}, "1480587": {"hotel_name": "99\u65c5\u9986\u8fde\u9501(\u676d\u5dde\u6b66\u6797\u5e7f\u573a\u5e97)", "order_time": ["2019-01-18 12:03:50"], "total_order": 1, "hotel_value": ["3.8"], "hotel_price": ["84"]}, "1631885": {"hotel_name": "\u676d\u5dde\u7396\u76db\u5bbe\u9986", "order_time": ["2019-01-18 12:03:57", "2019-01-18 12:21:46"], "total_order": 2, "hotel_value": ["4.1", "4.1"], "hotel_price": ["74", "74"]}, "346320": {"hotel_name": "\u5343\u5c9b\u6e56\u6d32\u9645\u5ea6\u5047\u9152\u5e97", "order_time": ["2019-01-18 12:04:05"], "total_order": 1, "hotel_value": ["4.8"], "hotel_price": ["763"]}, "378858": {"hotel_name": "\u676d\u5dde\u6d32\u9645\u9152\u5e97", "order_time": ["2019-01-18 12:35:48", "2019-01-18 12:04:08"], "total_order": 2, "hotel_value": ["4.7", "4.7"], "hotel_price": ["1340", "1318"]}, "5757338": {"hotel_name": "\u5343\u5c9b\u6e56\u6587\u6e0a\u72ee\u57ce\u827a\u5bbf", "order_time": ["2019-01-18 12:04:10"], "total_order": 1, "hotel_value": ["4.5"], "hotel_price": ["192"]}, "6280589": {"hotel_name": "\u676d\u5dde\u660e\u8c6a\u56fd\u9645\u9152\u5e97", "order_time": ["2019-01-18 12:05:39"], "total_order": 1, "hotel_value": ["4.7"], "hotel_price": ["858"]}, "1640438": {"hotel_name": "7\u5929\u8fde\u9501\u9152\u5e97(\u676d\u5dde\u6b66\u6797\u5e7f\u573a\u673a\u573a\u5927\u5df4\u7ad9\u5e97)", "order_time": ["2019-01-18 12:05:39", "2019-01-18 12:15:41"], "total_order": 2, "hotel_value": ["4.1", "4.1"], "hotel_price": ["122", "122"]}, "441253": {"hotel_name": "\u676d\u5dde\u897f\u6eaa\u5bbe\u9986", "order_time": ["2019-01-18 12:05:40"], "total_order": 1, "hotel_value": ["4.7"], "hotel_price": ["788"]}, "1888093": {"hotel_name": "\u676d\u5dde\u60a6\u6cfd\u9152\u5e97", "order_time": ["2019-01-18 12:05:41"], "total_order": 1, "hotel_value": ["4.2"], "hotel_price": ["183"]}, "976281": {"hotel_name": "\u676d\u5dde\u77f3\u5858\u745e\u83b1\u514b\u65af\u5927\u9152\u5e97", "order_time": ["2019-01-18 12:05:42"], "total_order": 1, "hotel_value": ["4.2"], "hotel_price": ["247"]}, "4732938": {"hotel_name": "\u676d\u5dde\u5e05\u65fa\u5feb\u6377\u5bbe\u9986", "order_time": ["2019-01-18 12:05:43"], "total_order": 1, "hotel_value": ["4.4"], "hotel_price": ["102"]}, "1306677": {"hotel_name": "\u676d\u5dde\u7f57\u62c9\u98ce\u60c5\u5047\u65e5\u9152\u5e97", "order_time": ["2019-01-18 12:05:43"], "total_order": 1, "hotel_value": ["4.2"], "hotel_price": ["97"]}, "697546": {"hotel_name": "\u6c49\u5ead\u9152\u5e97(\u676d\u5dde\u5927\u60a6\u57ce\u5e97)", "order_time": ["2019-01-18 12:05:44"], "total_order": 1, "hotel_value": ["4.1"], "hotel_price": ["199"]}, "5247247": {"hotel_name": "7\u5929\u4f18\u54c1\u9152\u5e97(\u676d\u5dde\u897f\u6e56\u6587\u5316\u5e7f\u573a\u5730\u94c1\u7ad9\u5e97)", "order_time": ["2019-01-18 12:05:45"], "total_order": 1, "hotel_value": ["4.4"], "hotel_price": ["149"]}, "1136988": {"hotel_name": "\u676d\u5dde\u96c5\u51a0\u516c\u5bd3\u9152\u5e97", "order_time": ["2019-01-18 12:05:45"], "total_order": 1, "hotel_value": ["4.3"], "hotel_price": ["157"]}, "1358760": {"hotel_name": "\u676d\u5dde\u6cca\u9716\u9ad8\u7ea7\u9152\u5e97\u516c\u5bd3", "order_time": ["2019-01-18 12:05:45"], "total_order": 1, "hotel_value": ["4.6"], "hotel_price": ["183"]}, "5930966": {"hotel_name": "\u5927\u536b\u9152\u5e97\u5f0f\u516c\u5bd3(\u6850\u5e90\u5229\u65f6\u767e\u8d27\u5e97)(\u539f\u83b9\u5149\u9152\u5e97\u5f0f\u516c\u5bd3)", "order_time": ["2019-01-18 12:05:56"], "total_order": 1, "hotel_value": ["4.5"], "hotel_price": ["213"]}, "5272337": {"hotel_name": "\u4e34\u5b89\u6c50\u5561\u9152\u5e97", "order_time": ["2019-01-18 12:06:03"], "total_order": 1, "hotel_value": ["4.1"], "hotel_price": ["114"]}, "28670261": {"hotel_name": "\u676d\u5dde\u94b1\u5858\u7f8e\u7235\u9152\u5e97", "order_time": ["2019-01-18 12:07:39"], "total_order": 1, "hotel_value": ["4.9"], "hotel_price": ["546"]}, "2514433": {"hotel_name": "\u548c\u9890\u9152\u5e97(\u676d\u5dde\u6ee8\u6c5f\u5e97)", "order_time": ["2019-01-18 12:07:39"], "total_order": 1, "hotel_value": ["4.7"], "hotel_price": ["267"]}, "13828117": {"hotel_name": "\u6816\u8bed\u592a\u7a7a\u9152\u5e97(\u676d\u5dde\u6d59\u5927\u7d2b\u91d1\u6e2f\u5e97)", "order_time": ["2019-01-18 12:07:39"], "total_order": 1, "hotel_value": ["4.7"], "hotel_price": ["68"]}, "1563081": {"hotel_name": "\u676d\u5dde\u9f0e\u65fa\u5bbe\u9986", "order_time": ["2019-01-18 12:07:39"], "total_order": 1, "hotel_value": ["4.4"], "hotel_price": ["274"]}, "1343023": {"hotel_name": "\u901f8\u9152\u5e97(\u676d\u5dde\u5357\u5b8b\u5fa1\u8857\u5e97)", "order_time": ["2019-01-18 12:07:39"], "total_order": 1, "hotel_value": ["4.1"], "hotel_price": ["94"]}, "2313472": {"hotel_name": "\u5168\u5b63\u9152\u5e97(\u676d\u5dde\u4e0b\u6c99\u7ecf\u6d4e\u5f00\u53d1\u533a\u5e97)", "order_time": ["2019-01-18 12:07:40"], "total_order": 1, "hotel_value": ["4.8"], "hotel_price": ["275"]}, "5244505": {"hotel_name": "\u676d\u5dde\u8377\u65b9\u56fd\u9645\u9752\u5e74\u65c5\u820d", "order_time": ["2019-01-18 12:07:40"], "total_order": 1, "hotel_value": ["4.4"], "hotel_price": ["68"]}, "14175471": {"hotel_name": "\u676d\u5dde\u6ee8\u6c5f\u827a\u73fa\u9152\u5e97", "order_time": ["2019-01-18 12:07:41"], "total_order": 1, "hotel_value": ["4.6"], "hotel_price": ["518"]}, "19732611": {"hotel_name": "\u676d\u5dde\u5343\u8d8a\u541b\u4ead\u9152\u5e97", "order_time": ["2019-01-18 12:07:41", "2019-01-18 12:13:41"], "total_order": 2, "hotel_value": ["4.6", "4.6"], "hotel_price": ["1085", "1085"]}, "5246187": {"hotel_name": "\u676d\u5dde\u4e34\u5e73\u4eba\u6c11\u5927\u9053\u4e9a\u6735\u9152\u5e97", "order_time": ["2019-01-18 12:07:41"], "total_order": 1, "hotel_value": ["4.7"], "hotel_price": ["275"]}, "4521866": {"hotel_name": "\u84dd\u5f64\u8bed\u9152\u5e97(\u676d\u5dde\u8fd0\u6cb3\u5e97)", "order_time": ["2019-01-18 12:07:42"], "total_order": 1, "hotel_value": ["4.5"], "hotel_price": ["336"]}, "482455": {"hotel_name": "\u73af\u5c9b\u5bbe\u9986(\u676d\u5dde\u897f\u6e56\u5e97)", "order_time": ["2019-01-18 12:07:42"], "total_order": 1, "hotel_value": ["4.2"], "hotel_price": ["183"]}, "7344772": {"hotel_name": "7\u5929\u8fde\u9501\u9152\u5e97(\u676d\u5dde\u8427\u5c71\u56fd\u9645\u673a\u573a\u897f\u5927\u95e8\u5e97)", "order_time": ["2019-01-18 12:07:43"], "total_order": 1, "hotel_value": ["4.6"], "hotel_price": ["158"]}, "1623229": {"hotel_name": "\u676d\u5dde\u51ef\u4f26\u5047\u65e5\u9152\u5e97", "order_time": ["2019-01-18 12:07:43"], "total_order": 1, "hotel_value": ["3.7"], "hotel_price": ["139"]}, "481296": {"hotel_name": "\u5e03\u4e01\u9152\u5e97(\u676d\u5dde\u7ecd\u5174\u8def\u548c\u5e73\u56fd\u9645\u4f1a\u5c55\u4e2d\u5fc3\u5e97)", "order_time": ["2019-01-18 12:07:44"], "total_order": 1, "hotel_value": ["4.2"], "hotel_price": ["98"]}, "6756238": {"hotel_name": "\u676d\u5dde\u6885\u5f00\u5c0f\u7b51\u5ba2\u6808", "order_time": ["2019-01-18 12:07:44"], "total_order": 1, "hotel_value": ["4.9"], "hotel_price": ["239"]}, "4727883": {"hotel_name": "\u676d\u5dde\u4e91\u4eae\u5bbe\u9986", "order_time": ["2019-01-18 12:07:44"], "total_order": 1, "hotel_value": ["4.2"], "hotel_price": ["93"]}, "5094831": {"hotel_name": "\u676d\u5dde\u968f\u5bd3\u9752\u5e74\u9152\u5e97(\u539fUN\u7cbe\u54c1\u9152\u5e97)", "order_time": ["2019-01-18 12:07:45"], "total_order": 1, "hotel_value": ["4.2"], "hotel_price": ["163"]}, "815794": {"hotel_name": "\u676d\u5dde\u5fc3\u5bbf\u4e3b\u9898\u9152\u5e97", "order_time": ["2019-01-18 12:07:45"], "total_order": 1, "hotel_value": ["4.1"], "hotel_price": ["129"]}, "4310495": {"hotel_name": "\u676d\u5dde\u67ab\u6797\u665a\u7cbe\u54c1\u9152\u5e97", "order_time": ["2019-01-18 12:07:45"], "total_order": 1, "hotel_value": ["3.9"], "hotel_price": ["140"]}, "438435": {"hotel_name": "\u683c\u6797\u8c6a\u6cf0(\u676d\u5dde\u706b\u8f66\u4e1c\u7ad9\u5e97)", "order_time": ["2019-01-18 12:15:42", "2019-01-18 12:07:45"], "total_order": 2, "hotel_value": ["4.1", "4.1"], "hotel_price": ["124", "124"]}, "2305024": {"hotel_name": "\u676d\u5dde\u7c73\u8bfa\u98ce\u60c5\u9152\u5e97", "order_time": ["2019-01-18 12:07:46"], "total_order": 1, "hotel_value": ["3.9"], "hotel_price": ["138"]}, "1301892": {"hotel_name": "\u676d\u5dde\u7532\u4e59\u4e19\u4e01\u65f6\u5c1a\u9152\u5e97", "order_time": ["2019-01-18 12:07:46"], "total_order": 1, "hotel_value": ["4.4"], "hotel_price": ["239"]}, "23225601": {"hotel_name": "\u6854\u5b50\u9152\u5e97\u7cbe\u9009(\u676d\u5dde\u672a\u6765\u79d1\u6280\u57ce\u676d\u5e08\u5927\u5e97)", "order_time": ["2019-01-18 12:07:46"], "total_order": 1, "hotel_value": ["4.7"], "hotel_price": ["398"]}, "1349076": {"hotel_name": "\u676d\u5dde\u7a7a\u6e2f\u5929\u73b2\u5ba2\u623f", "order_time": ["2019-01-18 12:07:48"], "total_order": 1, "hotel_value": ["3.4"], "hotel_price": ["115"]}, "1249734": {"hotel_name": "\u676d\u5dde\u5353\u76db\u4e3d\u666f\u9152\u5e97", "order_time": ["2019-01-18 12:09:42"], "total_order": 1, "hotel_value": ["4.3"], "hotel_price": ["253"]}, "1919449": {"hotel_name": "\u676d\u5dde\u6d59\u822a\u6e56\u6ee8\u9152\u5e97", "order_time": ["2019-01-18 12:09:42"], "total_order": 1, "hotel_value": ["4.2"], "hotel_price": ["84"]}, "5990628": {"hotel_name": "\u5e0c\u5cb8\u9152\u5e97(\u676d\u5dde\u8427\u5c71\u673a\u573a\u5e97)", "order_time": ["2019-01-18 12:09:42"], "total_order": 1, "hotel_value": ["4.6"], "hotel_price": ["197"]}, "816819": {"hotel_name": "\u676d\u5dde\u94b1\u4e30\u9152\u5e97", "order_time": ["2019-01-18 12:09:42", "2019-01-18 12:13:42"], "total_order": 2, "hotel_value": ["4.3", "4.3"], "hotel_price": ["210", "210"]}, "1838752": {"hotel_name": "\u676d\u5dde\u8427\u5c71\u673a\u573a\u822a\u5cf0\u5bbe\u9986", "order_time": ["2019-01-18 12:09:42"], "total_order": 1, "hotel_value": ["4.0"], "hotel_price": ["147"]}, "4535728": {"hotel_name": "\u7ea2\u8857\u81ea\u52a9\u516c\u5bd3(\u676d\u5dde\u706b\u8f66\u4e1c\u7ad9\u5e97)", "order_time": ["2019-01-18 12:09:43"], "total_order": 1, "hotel_value": ["4.3"], "hotel_price": ["234"]}, "440730": {"hotel_name": "\u676d\u5dde\u91d1\u9a6c\u996d\u5e97", "order_time": ["2019-01-18 12:09:43"], "total_order": 1, "hotel_value": ["4.8"], "hotel_price": ["500"]}, "438730": {"hotel_name": "\u5f00\u5143\u66fc\u5c45\u00b7\u676d\u5dde\u548c\u5e73\u4f1a\u5c55\u4e2d\u5fc3\u5e97(\u539f\u6c49\u9ad8\u7cbe\u54c1\u9152\u5e97)", "order_time": ["2019-01-18 12:09:44"], "total_order": 1, "hotel_value": ["4.4"], "hotel_price": ["279"]}, "1686958": {"hotel_name": "\u676d\u5dde\u6816\u6e2f\u57ce\u5e02\u827a\u672f\u9152\u5e97", "order_time": ["2019-01-18 12:49:42", "2019-01-18 12:09:45"], "total_order": 2, "hotel_value": ["5.0", "5.0"], "hotel_price": ["134", "134"]}, "1569818": {"hotel_name": "\u5982\u5bb6\u5feb\u6377\u9152\u5e97(\u676d\u5dde\u8427\u5c71\u901a\u60e0\u5317\u8def\u65b0\u519c\u90fd\u5e97)", "order_time": ["2019-01-18 12:09:47"], "total_order": 1, "hotel_value": ["4.4"], "hotel_price": ["143"]}, "697892": {"hotel_name": "\u6c49\u5ead\u9152\u5e97(\u676d\u5dde\u864e\u8dd1\u8def\u5e97)", "order_time": ["2019-01-18 12:09:47"], "total_order": 1, "hotel_value": ["4.2"], "hotel_price": ["132"]}, "1304879": {"hotel_name": "\u676d\u5dde\u53e4\u7eb3\u7cbe\u54c1\u9152\u5e97", "order_time": ["2019-01-18 12:09:47", "2019-01-18 12:27:40"], "total_order": 2, "hotel_value": ["4.6", "4.6"], "hotel_price": ["98", "98"]}, "17589640": {"hotel_name": "\u676d\u5dde\u9f13\u97f5\u56fd\u9645\u9752\u5e74\u65c5\u820d\u897f\u6e56\u7075\u9690\u5bfa\u5e97", "order_time": ["2019-01-18 12:17:46", "2019-01-18 12:09:50"], "total_order": 2, "hotel_value": ["4.7", "4.7"], "hotel_price": ["28", "28"]}, "898069": {"hotel_name": "\u676d\u5dde\u5b59\u5bb6\u9152\u5e97\u5f0f\u516c\u5bd3", "order_time": ["2019-01-18 12:09:51"], "total_order": 1, "hotel_value": ["3.3"], "hotel_price": ["98"]}, "11478766": {"hotel_name": "\u62dc\u767b\u516c\u5bd3\u00b7\u676d\u5dde\u5370\u5e97", "order_time": ["2019-01-18 12:11:40"], "total_order": 1, "hotel_value": ["4.6"], "hotel_price": ["281"]}, "6110235": {"hotel_name": "\u676d\u5dde\u671b\u8fbe\u65af\u9752\u5e74\u65c5\u820d", "order_time": ["2019-01-18 12:11:40"], "total_order": 1, "hotel_value": ["4.7"], "hotel_price": ["53"]}, "4498707": {"hotel_name": "\u676d\u5dde\u57ce\u4e2d\u9999\u683c\u91cc\u62c9\u5927\u9152\u5e97", "order_time": ["2019-01-18 12:11:41", "2019-01-18 12:27:39"], "total_order": 2, "hotel_value": ["4.7", "4.7"], "hotel_price": ["1468", "1468"]}, "15338847": {"hotel_name": "\u5b89\u6bcd\u9152\u5e97(\u676d\u5dde\u4e91\u6816\u5c0f\u9547\u5e97)", "order_time": ["2019-01-18 12:11:41"], "total_order": 1, "hotel_value": ["4.8"], "hotel_price": ["259"]}, "445197": {"hotel_name": "\u676d\u5dde\u8427\u5c71\u56fd\u9645\u673a\u573a\u8776\u6765\u5927\u9152\u5e97(\u539f\u6d59\u65c5\u5927\u9152\u5e97)", "order_time": ["2019-01-18 12:47:41", "2019-01-18 12:11:41"], "total_order": 2, "hotel_value": ["4.7", "4.7"], "hotel_price": ["613", "613"]}, "1434281": {"hotel_name": "\u5047\u65e5\u4e4b\u661f\u9152\u5e97(\u676d\u5dde\u8f6c\u5858\u7f8e\u9662\u5e97)(\u539f\u4e4b\u6c5f\u5e97)", "order_time": ["2019-01-18 12:11:42", "2019-01-18 12:35:39"], "total_order": 2, "hotel_value": ["4.3", "4.3"], "hotel_price": ["233", "233"]}, "1441545": {"hotel_name": "\u901f8\u9152\u5e97(\u676d\u5dde\u897f\u6e56\u9752\u5e74\u8def\u5e97)", "order_time": ["2019-01-18 12:11:43"], "total_order": 1, "hotel_value": ["3.7"], "hotel_price": ["98"]}, "8023384": {"hotel_name": "\u676d\u5dde\u521b\u6167\u56ed\u5bbe\u9986", "order_time": ["2019-01-18 12:11:44"], "total_order": 1, "hotel_value": ["4.3"], "hotel_price": ["201"]}, "8057587": {"hotel_name": "\u676d\u5dde\u6b27\u805a\u9152\u5e97\u5f0f\u516c\u5bd3", "order_time": ["2019-01-18 12:49:42", "2019-01-18 12:11:44"], "total_order": 2, "hotel_value": ["4.2", "4.2"], "hotel_price": ["163", "163"]}, "1071704": {"hotel_name": "\u5e03\u4e01\u9152\u5e97(\u676d\u5dde\u5b66\u9662\u8def\u5730\u94c1\u7ad9\u53e3\u5e97)", "order_time": ["2019-01-18 12:11:45"], "total_order": 1, "hotel_value": ["4.0"], "hotel_price": ["114"]}, "1334263": {"hotel_name": "\u8fe6\u5f97\u98ce\u5c1a\u8fde\u9501\u9152\u5e97(\u676d\u5dde\u4e2d\u5c71\u5e97)", "order_time": ["2019-01-18 12:11:45"], "total_order": 1, "hotel_value": ["4.3"], "hotel_price": ["83"]}, "17534101": {"hotel_name": "\u676d\u5dde\u4f18\u5c4b\u7f8e\u5bbf\u963f\u91cc\u897f\u6eaa\u670d\u52a1\u516c\u5bd3", "order_time": ["2019-01-18 12:11:46"], "total_order": 1, "hotel_value": ["4.7"], "hotel_price": ["190"]}, "2086858": {"hotel_name": "\u676d\u5dde\u8d2f\u9e9f\u5047\u65e5\u9152\u5e97", "order_time": ["2019-01-18 12:11:48"], "total_order": 1, "hotel_value": ["4.1"], "hotel_price": ["125"]}, "23225046": {"hotel_name": "\u676d\u5dde\u6c38\u660e\u6c11\u5bbf", "order_time": ["2019-01-18 12:11:51"], "total_order": 1, "hotel_value": [0], "hotel_price": ["204"]}, "21674174": {"hotel_name": "\u676d\u5dde\u7d20\u679c\u9752\u5e74\u65c5\u820d", "order_time": ["2019-01-18 12:11:51"], "total_order": 1, "hotel_value": ["4.6"], "hotel_price": ["41"]}, "1071975": {"hotel_name": "\u5e03\u4e01\u9152\u5e97(\u676d\u5dde\u897f\u6e56\u82cf\u5824\u864e\u8dd1\u8def\u56db\u773c\u4e95\u5e97)", "order_time": ["2019-01-18 12:11:51"], "total_order": 1, "hotel_value": ["4.2"], "hotel_price": ["94"]}, "481284": {"hotel_name": "\u5e03\u4e01\u9152\u5e97(\u676d\u5dde\u8427\u5c71\u5e02\u5fc3\u5317\u8def\u5e97)", "order_time": ["2019-01-18 12:11:51"], "total_order": 1, "hotel_value": ["4.2"], "hotel_price": ["114"]}, "19881466": {"hotel_name": "wepai\u516c\u5bd3(\u676d\u5dde\u672a\u6765\u79d1\u6280\u57ce\u5730\u94c1\u53e3\u7ad9\u5e97)", "order_time": ["2019-01-18 12:11:51", "2019-01-18 12:13:53"], "total_order": 2, "hotel_value": ["4.6", "4.6"], "hotel_price": ["140", "140"]}, "481238": {"hotel_name": "\u5e03\u4e01\u9152\u5e97(\u676d\u5dde\u8427\u5c71\u56fd\u9645\u535a\u89c8\u4e2d\u5fc3\u5e97)", "order_time": ["2019-01-18 12:11:51"], "total_order": 1, "hotel_value": ["4.6"], "hotel_price": ["132"]}, "1386853": {"hotel_name": "\u5e03\u4e01\u9152\u5e97(\u676d\u5dde\u897f\u6e56\u6cb3\u574a\u8857\u706b\u8f66\u57ce\u7ad9\u5e97)", "order_time": ["2019-01-18 12:11:51"], "total_order": 1, "hotel_value": ["3.8"], "hotel_price": ["89"]}, "18075426": {"hotel_name": "\u676d\u5dde\u6c38\u5229\u65c5\u9986", "order_time": ["2019-01-18 12:11:51"], "total_order": 1, "hotel_value": [0], "hotel_price": ["48"]}, "439970": {"hotel_name": "\u5343\u5c9b\u6e56\u996d\u5e97", "order_time": ["2019-01-18 12:11:55"], "total_order": 1, "hotel_value": ["4.8"], "hotel_price": ["198"]}, "3003036": {"hotel_name": "\u6590\u6587\u91ce\u5962\u9152\u5e97(\u5929\u76ee\u5c71\u4e0a\u5ba2\u5802\u5e97)", "order_time": ["2019-01-18 12:11:55"], "total_order": 1, "hotel_value": ["4.6"], "hotel_price": ["489"]}, "709093": {"hotel_name": "\u4e34\u5b89\u6e4d\u53e3\u4f17\u5b89\u6c21\u6e29\u6cc9\u5ea6\u5047\u9152\u5e97", "order_time": ["2019-01-18 12:49:48", "2019-01-18 12:19:49", "2019-01-18 12:11:55", "2019-01-18 12:15:54"], "total_order": 4, "hotel_value": ["4.6", "4.6", "4.6", "4.6"], "hotel_price": ["2280", "2280", "2280", "2280"]}, "6330924": {"hotel_name": "\u5343\u5c9b\u6e56\u4e07\u6c34\u5fc6\u5bb6\u5bbe\u9986", "order_time": ["2019-01-18 12:11:55"], "total_order": 1, "hotel_value": ["4.6"], "hotel_price": ["158"]}, "2981969": {"hotel_name": "\u6c49\u5ead\u9152\u5e97(\u5efa\u5fb7\u65b0\u5b89\u6c5f\u65b0\u5e97)", "order_time": ["2019-01-18 12:11:55"], "total_order": 1, "hotel_value": ["4.3"], "hotel_price": ["161"]}, "11303948": {"hotel_name": "\u7f51\u5bbf\u9152\u5e97(\u676d\u5dde\u65b0\u6d32\u82b1\u82d1\u5e97)", "order_time": ["2019-01-18 12:13:40", "2019-01-18 12:19:40"], "total_order": 2, "hotel_value": ["4.3", "4.3"], "hotel_price": ["106", "106"]}, "1569804": {"hotel_name": "\u8bfa\u8bda\u9152\u5e97(\u676d\u5dde\u94b1\u6c5f\u4e16\u7eaa\u57ce\u5e97)", "order_time": ["2019-01-18 12:13:40"], "total_order": 1, "hotel_value": ["4.4"], "hotel_price": ["129"]}, "1294655": {"hotel_name": "\u6c49\u6c40\u7cbe\u54c1\u9152\u5e97(\u676d\u5dde\u94b1\u6c5f\u65b0\u57ce\u56db\u5b63\u9752\u5e97)", "order_time": ["2019-01-18 12:13:40"], "total_order": 1, "hotel_value": ["4.4"], "hotel_price": ["189"]}, "15717253": {"hotel_name": "\u661f\u57ce\u68ee\u65c5\u7cbe\u54c1\u9752\u5e74\u65c5\u820d\uff08\u676d\u5dde\u6c88\u5858\u6865\u5730\u94c1\u7ad9\u5e97\uff09\uff08\u539f\u676d\u5dde\u897f\u6e56\u68ee\u65c5\u7cbe\u54c1\u9752\u5e74\u65c5\u793e\uff09", "order_time": ["2019-01-18 12:13:40"], "total_order": 1, "hotel_value": ["4.7"], "hotel_price": ["57"]}, "2091497": {"hotel_name": "\u676d\u5dde\u51ef\u57ce\u5feb\u6377\u9152\u5e97", "order_time": ["2019-01-18 12:13:40"], "total_order": 1, "hotel_value": ["4.5"], "hotel_price": ["116"]}, "5464135": {"hotel_name": "\u5982\u5bb6\u5feb\u6377\u9152\u5e97(\u676d\u5dde\u706b\u8f66\u4e1c\u7ad9\u5230\u8fbe\u5927\u5385\u5e97)", "order_time": ["2019-01-18 12:13:41"], "total_order": 1, "hotel_value": ["4.3"], "hotel_price": ["274"]}, "697583": {"hotel_name": "\u6c49\u5ead\u9152\u5e97(\u676d\u5dde\u897f\u6e56\u6587\u5316\u5e7f\u573a\u5e97)", "order_time": ["2019-01-18 12:13:41"], "total_order": 1, "hotel_value": ["4.4"], "hotel_price": ["246"]}, "3033206": {"hotel_name": "\u676d\u5dde\u5982\u5fc6\u7cbe\u54c1\u9152\u5e97", "order_time": ["2019-01-18 12:13:41", "2019-01-18 12:41:41"], "total_order": 2, "hotel_value": ["3.9", "3.9"], "hotel_price": ["128", "128"]}, "26221735": {"hotel_name": "\u676d\u5dde\u79c0\u9152\u5e97", "order_time": ["2019-01-18 12:13:41", "2019-01-18 12:23:39"], "total_order": 2, "hotel_value": ["4.8", "4.8"], "hotel_price": ["396", "396"]}, "5246996": {"hotel_name": "\u676d\u5dde\u8c61\u9662\u9752\u5e74\u65c5\u820d", "order_time": ["2019-01-18 12:13:42"], "total_order": 1, "hotel_value": ["4.6"], "hotel_price": ["60"]}, "9217184": {"hotel_name": "\u7d2b\u4e4b\u9152\u5e97(\u676d\u5dde\u5b8b\u57ce\u7f8e\u9662\u5e97)", "order_time": ["2019-01-18 12:13:45"], "total_order": 1, "hotel_value": ["4.4"], "hotel_price": ["193"]}, "6815224": {"hotel_name": "\u676d\u5dde\u6cca\u6797\u7cbe\u54c1\u9152\u5e97(\u539f\u6c38\u987a\u5047\u65e5\u9152\u5e97)", "order_time": ["2019-01-18 12:13:45"], "total_order": 1, "hotel_value": ["4.0"], "hotel_price": ["153"]}, "28525226": {"hotel_name": "\u676d\u5dde\u7d20\u683c\u7cbe\u54c1\u9152\u5e97", "order_time": ["2019-01-18 12:13:46"], "total_order": 1, "hotel_value": [0], "hotel_price": ["200"]}, "5377116": {"hotel_name": "\u676d\u5dde\u8c6a\u6e90\u9152\u5e97", "order_time": ["2019-01-18 12:13:47"], "total_order": 1, "hotel_value": ["4.6"], "hotel_price": ["131"]}, "1302624": {"hotel_name": "\u676d\u5dde\u6c83\u676d\u65c5\u9986", "order_time": ["2019-01-18 12:13:50"], "total_order": 1, "hotel_value": ["3.1"], "hotel_price": ["73"]}, "8602465": {"hotel_name": "\u676d\u5dde\u6ee8\u6c5f\u5e0c\u5c14\u987f\u6b22\u670b\u9152\u5e97", "order_time": ["2019-01-18 12:15:39"], "total_order": 1, "hotel_value": ["4.8"], "hotel_price": ["478"]}, "6254733": {"hotel_name": "\u676d\u5ddetakeanap\u772f\u4e00\u4f1a\u4f4f\u5bbf", "order_time": ["2019-01-18 12:15:39"], "total_order": 1, "hotel_value": ["4.0"], "hotel_price": ["155"]}, "975695": {"hotel_name": "\u6c49\u5ead\u9152\u5e97(\u676d\u5dde\u6b66\u6797\u95e8\u5e97)", "order_time": ["2019-01-18 12:15:39"], "total_order": 1, "hotel_value": ["4.4"], "hotel_price": ["219"]}, "4328052": {"hotel_name": "\u676d\u5dde\u53bb\u7b51\u9152\u5e97\u516c\u5bd3(\u539f\u6770\u5ea7\u81fb\u54c1\u9152\u5e97\u516c\u5bd3)", "order_time": ["2019-01-18 12:15:39"], "total_order": 1, "hotel_value": ["4.3"], "hotel_price": ["247"]}, "1413865": {"hotel_name": "\u5982\u5bb6\u5feb\u6377\u9152\u5e97(\u676d\u5dde\u6b66\u6797\u5e7f\u573a\u5ef6\u5b89\u8def\u5e97)", "order_time": ["2019-01-18 12:15:39"], "total_order": 1, "hotel_value": ["4.4"], "hotel_price": ["151"]}, "7214719": {"hotel_name": "\u676d\u5dde\u6eaa\u4e2d\u6eaa\u5ea6\u5047\u9152\u5e97", "order_time": ["2019-01-18 12:15:39"], "total_order": 1, "hotel_value": ["4.8"], "hotel_price": ["1239"]}, "469780": {"hotel_name": "\u676d\u5dde\u4e2d\u8c6a\u5927\u9152\u5e97", "order_time": ["2019-01-18 12:15:39"], "total_order": 1, "hotel_value": ["4.3"], "hotel_price": ["349"]}, "5952597": {"hotel_name": "\u676d\u5dde\u4e09\u652f\u6c11\u5bbf", "order_time": ["2019-01-18 12:15:39"], "total_order": 1, "hotel_value": ["4.7"], "hotel_price": ["292"]}, "18046591": {"hotel_name": "\u676d\u5dde\u897f\u6e56\u6e56\u6ee8\u4e9a\u6735\u9152\u5e97(\u539f\u51e4\u8d77\u8def\u4e9a\u6735\u9152\u5e97)", "order_time": ["2019-01-18 12:45:39", "2019-01-18 12:27:40", "2019-01-18 12:15:40"], "total_order": 3, "hotel_value": ["4.8", "4.8", "4.8"], "hotel_price": ["539", "539", "542"]}, "21160216": {"hotel_name": "\u676d\u5dde\u6816\u9e7f\u57ce\u5e02\u827a\u672f\u9152\u5e97", "order_time": ["2019-01-18 12:31:41", "2019-01-18 12:15:40"], "total_order": 2, "hotel_value": ["4.8", "4.8"], "hotel_price": ["225", "225"]}, "7082048": {"hotel_name": "\u676d\u5dde\u6816\u5cb8\u9152\u5e97", "order_time": ["2019-01-18 12:15:40"], "total_order": 1, "hotel_value": ["4.8"], "hotel_price": ["470"]}, "6072343": {"hotel_name": "Q\u52a0\u00b7\u676d\u5dde\u5370\u60a6\u9152\u5e97", "order_time": ["2019-01-18 12:25:39", "2019-01-18 12:15:41"], "total_order": 2, "hotel_value": ["4.5", "4.5"], "hotel_price": ["126", "126"]}, "2650467": {"hotel_name": "\u676d\u5dde\u9ea6\u6d6a\u4e3b\u9898\u6c11\u5bbf", "order_time": ["2019-01-18 12:15:41"], "total_order": 1, "hotel_value": ["4.9"], "hotel_price": ["460"]}, "4505423": {"hotel_name": "\u676d\u5dde\u5fc3\u9685\u9152\u5e97", "order_time": ["2019-01-18 12:15:42"], "total_order": 1, "hotel_value": ["4.8"], "hotel_price": ["563"]}, "28624899": {"hotel_name": "\u676d\u5dde\u9f99\u4e4b\u60a6\u9152\u5e97", "order_time": ["2019-01-18 12:15:42"], "total_order": 1, "hotel_value": [0], "hotel_price": ["214"]}, "532341": {"hotel_name": "\u5343\u5c9b\u6e56\u6885\u5730\u4e9a\u541b\u6f9c\u5ea6\u5047\u9152\u5e97", "order_time": ["2019-01-18 12:15:54"], "total_order": 1, "hotel_value": ["4.8"], "hotel_price": ["399"]}, "435356": {"hotel_name": "\u5343\u5c9b\u6e56\u6e29\u99a8\u5c9b\u8776\u6765\u6e56\u666f\u5ea6\u5047\u9152\u5e97(\u539f\u6d59\u65c5\u5ea6\u5047\u9152\u5e97)", "order_time": ["2019-01-18 12:15:54"], "total_order": 1, "hotel_value": ["4.8"], "hotel_price": ["529"]}, "15838655": {"hotel_name": "\u6850\u5e90\u65af\u7ef4\u767b\u5ea6\u5047\u516c\u5bd3(\u4e07\u661f\u60a6\u57ce)", "order_time": ["2019-01-18 12:15:54"], "total_order": 1, "hotel_value": ["4.5"], "hotel_price": ["143"]}, "4618107": {"hotel_name": "\u6850\u5e90\u5343\u5343\u6c11\u5bbf(\u539f\u7476\u7433\u519c\u5bb6\u4e50)", "order_time": ["2019-01-18 12:15:56"], "total_order": 1, "hotel_value": ["4.9"], "hotel_price": ["123"]}, "21753656": {"hotel_name": "\u5343\u5c9b\u6e56\u7d2b\u7f57\u5170\u6e56\u8f69\u9152\u5e97", "order_time": ["2019-01-18 12:15:58"], "total_order": 1, "hotel_value": ["4.6"], "hotel_price": ["78"]}, "378512": {"hotel_name": "\u676d\u5dde\u8d39\u5c14\u66fc\u94c2\u91d1\u5927\u9152\u5e97(\u539f\u767e\u745e\u56fd\u9645\u5927\u9152\u5e97)", "order_time": ["2019-01-18 12:17:40"], "total_order": 1, "hotel_value": ["4.4"], "hotel_price": ["348"]}, "608656": {"hotel_name": "\u65b0\u5f00\u5143\u5927\u9152\u5e97(\u676d\u5dde\u897f\u6e56\u5e97)", "order_time": ["2019-01-18 12:17:40"], "total_order": 1, "hotel_value": ["4.2"], "hotel_price": ["358"]}, "8901107": {"hotel_name": "\u9526\u6c5f\u90fd\u57ce\u9152\u5e97(\u676d\u5dde\u4e0b\u6c99\u5e97)", "order_time": ["2019-01-18 12:17:41"], "total_order": 1, "hotel_value": ["4.8"], "hotel_price": ["266"]}, "435419": {"hotel_name": "\u676d\u5dde\u6e56\u6ee8\u541b\u4ead\u9152\u5e97", "order_time": ["2019-01-18 12:17:41"], "total_order": 1, "hotel_value": ["4.4"], "hotel_price": ["248"]}, "346313": {"hotel_name": "\u676d\u5dde\u53cb\u597d\u996d\u5e97", "order_time": ["2019-01-18 12:17:41"], "total_order": 1, "hotel_value": ["4.6"], "hotel_price": ["431"]}, "28487297": {"hotel_name": "\u676d\u5dde\u5f00\u5143\u68ee\u6cca\u5ea6\u5047\u9152\u5e97", "order_time": ["2019-01-18 12:17:41"], "total_order": 1, "hotel_value": [0], "hotel_price": ["940"]}, "369772": {"hotel_name": "\u676d\u5dde\u6e29\u5fb7\u59c6\u81f3\u5c0a\u8c6a\u5ef7\u5927\u9152\u5e97", "order_time": ["2019-01-18 12:23:40", "2019-01-18 12:17:41", "2019-01-18 12:49:40", "2019-01-18 12:31:42"], "total_order": 4, "hotel_value": ["4.7", "4.7", "4.7", "4.7"], "hotel_price": ["906", "906", "906", "906"]}, "926519": {"hotel_name": "\u676d\u5dde\u4e34\u6c5f\u82b1\u56ed\u5ea6\u5047\u9152\u5e97(\u539f\u4e2d\u56fd\u5175\u5668\u88c5\u5907\u96c6\u56e2\u676d\u5dde\u7597\u517b\u9662)", "order_time": ["2019-01-18 12:17:41"], "total_order": 1, "hotel_value": ["4.5"], "hotel_price": ["273"]}, "987317": {"hotel_name": "\u676d\u5dde\u7396\u4e45\u5370\u8c61\u4e3b\u9898\u9152\u5e97(\u539f\u7231\u5de2\u4e3b\u9898\u9152\u5e97)", "order_time": ["2019-01-18 12:17:42"], "total_order": 1, "hotel_value": ["4.8"], "hotel_price": ["185"]}, "1380132": {"hotel_name": "\u83ab\u6cf0168(\u676d\u5dde\u4e94\u5e38\u5927\u9053\u897f\u6eaa\u6e7f\u5730\u5e97)", "order_time": ["2019-01-18 12:17:42"], "total_order": 1, "hotel_value": ["4.3"], "hotel_price": ["125"]}, "26691561": {"hotel_name": "Zsmart\u667a\u5c1a\u9152\u5e97(\u676d\u5dde\u94b1\u6c5f\u4e16\u7eaa\u57ce\u5e97)", "order_time": ["2019-01-18 12:17:43"], "total_order": 1, "hotel_value": ["4.7"], "hotel_price": ["199"]}, "1734172": {"hotel_name": "\u6d59\u6c5f\u6c47\u5b87\u534e\u946b\u5927\u9152\u5e97(\u676d\u5dde\u706b\u8f66\u5357\u7ad9\u5e97)", "order_time": ["2019-01-18 12:17:43"], "total_order": 1, "hotel_value": ["4.2"], "hotel_price": ["216"]}, "4444489": {"hotel_name": "\u82b1\u7b51\u00b7\u676d\u5dde\u8d8a\u4e0a\u4e91\u820d\u7cbe\u54c1\u6c11\u5bbf", "order_time": ["2019-01-18 12:17:43"], "total_order": 1, "hotel_value": ["4.8"], "hotel_price": ["281"]}, "17324402": {"hotel_name": "\u676d\u5ddeWO\u00b7\u7a9dHotel", "order_time": ["2019-01-18 12:17:43"], "total_order": 1, "hotel_value": ["4.7"], "hotel_price": ["322"]}, "21147374": {"hotel_name": "\u676d\u5dde\u67da\u5b50\u521b\u610f\u9152\u5e97", "order_time": ["2019-01-18 12:31:44", "2019-01-18 12:17:44"], "total_order": 2, "hotel_value": ["4.6", "4.6"], "hotel_price": ["153", "153"]}, "8625795": {"hotel_name": "\u676d\u5dde\u4e1c\u521d\u5bbe\u9986", "order_time": ["2019-01-18 12:17:44"], "total_order": 1, "hotel_value": ["4.4"], "hotel_price": ["222"]}, "449786": {"hotel_name": "Zsmart\u667a\u5c1a\u9152\u5e97(\u676d\u5dde\u897f\u6e56\u6cb3\u574a\u8857\u5e97)(\u539f\u6d77\u5cb8\u5047\u65e5\u9152\u5e97)", "order_time": ["2019-01-18 12:17:44"], "total_order": 1, "hotel_value": ["4.3"], "hotel_price": ["174"]}, "1768946": {"hotel_name": "\u676d\u5dde\u897f\u6e56\u8fdc\u8fd1\u5ba2\u6808\uff08\u676d\u5dde\u96f7\u5cf0\u5854\u5e97\uff09", "order_time": ["2019-01-18 12:17:46"], "total_order": 1, "hotel_value": ["4.8"], "hotel_price": ["272"]}, "469261": {"hotel_name": "\u6d59\u6c5f\u7ea2\u697c\u56fd\u9645\u996d\u5e97", "order_time": ["2019-01-18 12:17:52"], "total_order": 1, "hotel_value": ["4.4"], "hotel_price": ["208"]}, "3246317": {"hotel_name": "7\u5929\u8fde\u9501\u9152\u5e97(\u6850\u5e90\u5927\u53a6\u5e97)", "order_time": ["2019-01-18 12:17:53"], "total_order": 1, "hotel_value": ["4.3"], "hotel_price": ["107"]}, "2160982": {"hotel_name": "\u676d\u5dde\u661f\u65c5\u592a\u7a7a\u8231\u9152\u5e97", "order_time": ["2019-01-18 12:45:39", "2019-01-18 12:19:39"], "total_order": 2, "hotel_value": ["4.6", "4.6"], "hotel_price": ["49", "49"]}, "6405946": {"hotel_name": "\u9526\u6c5f\u90fd\u57ce\u9152\u5e97(\u676d\u5dde\u706b\u8f66\u4e1c\u7ad9\u5e97)", "order_time": ["2019-01-18 12:19:39"], "total_order": 1, "hotel_value": ["4.7"], "hotel_price": ["334"]}, "1441282": {"hotel_name": "\u5982\u5bb6\u5feb\u6377\u9152\u5e97(\u676d\u5dde\u897f\u6e56\u9ec4\u9f99\u4e07\u79d1\u4e2d\u5fc3\u6587\u4e09\u8def\u5e97)", "order_time": ["2019-01-18 12:19:39"], "total_order": 1, "hotel_value": ["4.6"], "hotel_price": ["246"]}, "4650286": {"hotel_name": "\u676d\u5dde\u70ed\u5e26\u96e8\u6797\u5047\u65e5\u9152\u5e97", "order_time": ["2019-01-18 12:19:39"], "total_order": 1, "hotel_value": ["4.1"], "hotel_price": ["125"]}, "23710119": {"hotel_name": "\u676d\u5dde\u897f\u6eaa\u4e03\u820d\u9152\u5e97", "order_time": ["2019-01-18 12:19:39"], "total_order": 1, "hotel_value": ["5.0"], "hotel_price": ["276"]}, "13874441": {"hotel_name": "\u676d\u5dde\u777f\u6c83\u667a\u6167\u9152\u5e97", "order_time": ["2019-01-18 12:35:38", "2019-01-18 12:19:39"], "total_order": 2, "hotel_value": ["4.8", "4.8"], "hotel_price": ["352", "352"]}, "19610638": {"hotel_name": "\u676d\u5dde\u8fd0\u6cb3\u5e0c\u5c14\u987f\u6b22\u670b\u9152\u5e97", "order_time": ["2019-01-18 12:19:40"], "total_order": 1, "hotel_value": ["4.8"], "hotel_price": ["409"]}, "445465": {"hotel_name": "\u676d\u5dde\u7c73\u5170\u6d32\u9645\u9152\u5e97", "order_time": ["2019-01-18 12:19:40"], "total_order": 1, "hotel_value": ["4.4"], "hotel_price": ["282"]}, "5287334": {"hotel_name": "\u540c\u60a6\u9152\u5e97(\u676d\u5dde\u963f\u91cc\u5df4\u5df4\u897f\u6eaa\u56ed\u533a\u5e97)", "order_time": ["2019-01-18 12:19:41"], "total_order": 1, "hotel_value": ["4.5"], "hotel_price": ["310"]}, "481226": {"hotel_name": "\u5e03\u4e01\u9152\u5e97(\u676d\u5dde\u9ec4\u9f99\u4f53\u80b2\u4e2d\u5fc3\u9ec4\u59d1\u5c71\u8def\u5e97)", "order_time": ["2019-01-18 12:19:41"], "total_order": 1, "hotel_value": ["4.3"], "hotel_price": ["82"]}, "23930186": {"hotel_name": "\u4e2a\u5c14\u9ad8\u5bbf(\u676d\u5dde\u897f\u6e56\u5e97)", "order_time": ["2019-01-18 12:19:41"], "total_order": 1, "hotel_value": ["4.7"], "hotel_price": ["53"]}, "1056284": {"hotel_name": "\u676d\u5dde\u666f\u817e\u9152\u5e97", "order_time": ["2019-01-18 12:19:41"], "total_order": 1, "hotel_value": ["4.0"], "hotel_price": ["194"]}, "7517518": {"hotel_name": "\u5357\u82d1e\u5bb6(\u676d\u5dde\u706b\u8f66\u4e1c\u7ad9\u4e1c\u5e7f\u573a\u5e97)", "order_time": ["2019-01-18 12:19:42"], "total_order": 1, "hotel_value": ["3.9"], "hotel_price": ["184"]}, "391738": {"hotel_name": "\u676d\u5dde\u65b0\u745e\u4e30\u683c\u7433\u9152\u5e97", "order_time": ["2019-01-18 12:19:43"], "total_order": 1, "hotel_value": ["4.6"], "hotel_price": ["199"]}, "1289878": {"hotel_name": "\u5e03\u4e01\u9152\u5e97(\u676d\u5dde\u706b\u8f66\u57ce\u7ad9\u6e05\u6cb3\u574a\u53e4\u8857\u5e97)", "order_time": ["2019-01-18 12:19:50"], "total_order": 1, "hotel_value": ["4.2"], "hotel_price": ["75"]}, "11155180": {"hotel_name": "\u9526\u6c5f\u90fd\u57ce(\u676d\u5dde\u9ec4\u9f99\u4f53\u80b2\u4e2d\u5fc3\u6587\u4e09\u8def\u5e97)", "order_time": ["2019-01-18 12:21:39"], "total_order": 1, "hotel_value": ["4.8"], "hotel_price": ["399"]}, "6066000": {"hotel_name": "\u676d\u5dde\u67cf\u60a6\u9152\u5e97", "order_time": ["2019-01-18 12:21:40"], "total_order": 1, "hotel_value": ["4.8"], "hotel_price": ["1540"]}, "14262762": {"hotel_name": "\u676d\u5dde\u4e34\u5e73\u7f8e\u5c45\u9152\u5e97", "order_time": ["2019-01-18 12:21:43"], "total_order": 1, "hotel_value": ["4.6"], "hotel_price": ["280"]}, "1768953": {"hotel_name": "\u676d\u5dde\u6c83\u5c45\u5feb\u6377\u9152\u5e97", "order_time": ["2019-01-18 12:21:44"], "total_order": 1, "hotel_value": ["4.1"], "hotel_price": ["103"]}, "24631732": {"hotel_name": "\u676d\u5dde\u5b9d\u5b9d\u9752\u5e74\u65c5\u820d", "order_time": ["2019-01-18 12:21:45", "2019-01-18 12:31:44"], "total_order": 2, "hotel_value": ["4.8", "4.8"], "hotel_price": ["55", "55"]}, "6705438": {"hotel_name": "\u676d\u5dde\u5fc6\u6377\u5927\u9152\u5e97", "order_time": ["2019-01-18 12:21:46"], "total_order": 1, "hotel_value": ["4.6"], "hotel_price": ["179"]}, "1630782": {"hotel_name": "\u676d\u5dde\u82e5\u96c5\u5ead\u9662\u5ea6\u5047\u6c11\u5bbf", "order_time": ["2019-01-18 12:21:47"], "total_order": 1, "hotel_value": ["4.8"], "hotel_price": ["268"]}, "12127640": {"hotel_name": "\u8bfa\u8bda\u9152\u5e97(\u676d\u5dde\u706b\u8f66\u5357\u7ad9\u897f\u5e7f\u573a\u5e97)", "order_time": ["2019-01-18 12:21:47"], "total_order": 1, "hotel_value": ["4.7"], "hotel_price": ["137"]}, "11212429": {"hotel_name": "\u676d\u5dde\u4e1c\u7ad9\u667a\u9009\u5047\u65e5\u9152\u5e97", "order_time": ["2019-01-18 12:27:39", "2019-01-18 12:23:39"], "total_order": 2, "hotel_value": ["4.8", "4.8"], "hotel_price": ["400", "400"]}, "6447471": {"hotel_name": "\u661f\u57ce\u592a\u7a7a\u8231\u7cbe\u54c1\u9752\u5e74\u65c5\u820d(\u676d\u5dde\u897f\u6e56\u9f99\u7fd4\u6865\u5730\u94c1\u7ad9\u5e97)", "order_time": ["2019-01-18 12:23:39"], "total_order": 1, "hotel_value": ["4.5"], "hotel_price": ["62"]}, "1602701": {"hotel_name": "\u676d\u5dde\u897f\u6e56\u5c71\u95f4\u5c0f\u9690\u7cbe\u54c1\u6c11\u5bbf", "order_time": ["2019-01-18 12:23:39"], "total_order": 1, "hotel_value": ["4.8"], "hotel_price": ["196"]}, "816763": {"hotel_name": "\u548c\u9890\u81f3\u683c\u9152\u5e97(\u676d\u5dde\u706b\u8f66\u4e1c\u7ad9\u897f\u5e7f\u573a\u5e97)", "order_time": ["2019-01-18 12:23:39"], "total_order": 1, "hotel_value": ["4.6"], "hotel_price": ["281"]}, "1709721": {"hotel_name": "\u676d\u5dde\u54c1\u6c5f\u5546\u52a1\u9152\u5e97", "order_time": ["2019-01-18 12:23:39"], "total_order": 1, "hotel_value": ["4.5"], "hotel_price": ["226"]}, "10492541": {"hotel_name": "\u7ef4\u4e5f\u7eb3\u56fd\u9645\u9152\u5e97(\u676d\u5dde\u8f6c\u5858\u7f8e\u9662\u5e97)", "order_time": ["2019-01-18 12:23:40", "2019-01-18 12:31:41"], "total_order": 2, "hotel_value": ["4.9", "4.9"], "hotel_price": ["276", "276"]}, "1470603": {"hotel_name": "\u4e45\u6816\u00b7\u676d\u5dde\u6e38\u5b50\u5ea6\u5047\u516c\u5bd3(\u706b\u8f66\u4e1c\u7ad9\u5e97)", "order_time": ["2019-01-18 12:23:40"], "total_order": 1, "hotel_value": ["4.1"], "hotel_price": ["203"]}, "2359344": {"hotel_name": "\u676d\u5dde\u94b1\u5eb7\u7cbe\u54c1\u9152\u5e97", "order_time": ["2019-01-18 12:23:40"], "total_order": 1, "hotel_value": ["4.5"], "hotel_price": ["211"]}, "5795110": {"hotel_name": "\u676d\u5ddeL\u9152\u5e97", "order_time": ["2019-01-18 12:23:41", "2019-01-18 12:47:41"], "total_order": 2, "hotel_value": ["4.7", "4.7"], "hotel_price": ["302", "302"]}, "435449": {"hotel_name": "\u6d59\u6c5f\u4e16\u8d38\u541b\u6f9c\u5927\u996d\u5e97", "order_time": ["2019-01-18 12:23:41"], "total_order": 1, "hotel_value": ["4.8"], "hotel_price": ["708"]}, "2600366": {"hotel_name": "\u5168\u5b63\u9152\u5e97(\u676d\u5dde\u706b\u8f66\u4e1c\u7ad9\u5e97)", "order_time": ["2019-01-18 12:23:41"], "total_order": 1, "hotel_value": ["4.7"], "hotel_price": ["389"]}, "15709207": {"hotel_name": "\u676d\u5dde\u672a\u6765\u79d1\u6280\u57ce\u4e9a\u6735S\u9152\u5e97", "order_time": ["2019-01-18 12:23:41"], "total_order": 1, "hotel_value": ["4.8"], "hotel_price": ["470"]}, "987333": {"hotel_name": "\u676d\u5dde\u73af\u6e56\u5927\u9152\u5e97", "order_time": ["2019-01-18 12:23:42"], "total_order": 1, "hotel_value": ["4.1"], "hotel_price": ["186"]}, "481260": {"hotel_name": "\u5e03\u4e01\u9152\u5e97(\u676d\u5dde\u6587\u4e09\u8def\u5929\u82d1\u5927\u53a6\u5e97)", "order_time": ["2019-01-18 12:23:43"], "total_order": 1, "hotel_value": ["4.3"], "hotel_price": ["140"]}, "15848889": {"hotel_name": "\u676d\u5dde\u4f59\u7fd4\u9152\u5e97", "order_time": ["2019-01-18 12:23:45"], "total_order": 1, "hotel_value": ["4.2"], "hotel_price": ["153"]}, "3764546": {"hotel_name": "\u676d\u5dde\u6d77\u8c5a\u604b\u4e3b\u9898\u9152\u5e97", "order_time": ["2019-01-18 12:23:45"], "total_order": 1, "hotel_value": ["4.1"], "hotel_price": ["136"]}, "1336708": {"hotel_name": "\u676d\u5dde\u8317\u820d\u9152\u5e97", "order_time": ["2019-01-18 12:23:46"], "total_order": 1, "hotel_value": ["4.2"], "hotel_price": ["163"]}, "11259791": {"hotel_name": "\u676d\u5dde\u7b2c\u4e8c\u5bb6\u9752\u5e74\u65c5\u820d", "order_time": ["2019-01-18 12:23:47"], "total_order": 1, "hotel_value": ["4.3"], "hotel_price": ["39"]}, "9239310": {"hotel_name": "\u676d\u5dde\u8001\u725b\u65c5\u9986", "order_time": ["2019-01-18 12:23:58"], "total_order": 1, "hotel_value": ["3.5"], "hotel_price": ["111"]}, "1011051": {"hotel_name": "\u5343\u5c9b\u6e56\u6e29\u99a8\u5c9b\u81f4\u96c5\u7cbe\u9009\u9152\u5e97", "order_time": ["2019-01-18 12:24:00"], "total_order": 1, "hotel_value": ["4.8"], "hotel_price": ["385"]}, "914555": {"hotel_name": "\u676d\u5dde\u5e7f\u94f6\u5927\u9152\u5e97", "order_time": ["2019-01-18 12:25:38", "2019-01-18 12:29:38"], "total_order": 2, "hotel_value": ["4.4", "4.4"], "hotel_price": ["320", "320"]}, "2104662": {"hotel_name": "\u901f8\u9152\u5e97(\u676d\u5dde\u6ee8\u76db\u8def\u94b1\u5858\u6c5f\u5e97)", "order_time": ["2019-01-18 12:45:39", "2019-01-18 12:25:38"], "total_order": 2, "hotel_value": ["4.1", "4.1"], "hotel_price": ["218", "218"]}, "445426": {"hotel_name": "\u676d\u5dde\u897f\u6e56\u5e86\u6625CitiGO\u6b22\u9601\u9152\u5e97", "order_time": ["2019-01-18 12:25:39"], "total_order": 1, "hotel_value": ["4.7"], "hotel_price": ["350"]}, "634844": {"hotel_name": "\u676d\u5dde\u57ce\u5e02\u82b1\u56ed\u9152\u5e97", "order_time": ["2019-01-18 12:51:40", "2019-01-18 12:25:39"], "total_order": 2, "hotel_value": ["4.5", "4.5"], "hotel_price": ["296", "296"]}, "5650982": {"hotel_name": "\u676d\u5dde\u5510\u5ead\u9152\u5e97", "order_time": ["2019-01-18 12:25:40", "2019-01-18 12:39:43"], "total_order": 2, "hotel_value": ["4.4", "4.4"], "hotel_price": ["119", "119"]}, "454987": {"hotel_name": "\u676d\u5dde\u8309\u8389\u82b1\u5927\u9152\u5e97", "order_time": ["2019-01-18 12:25:40"], "total_order": 1, "hotel_value": ["4.3"], "hotel_price": ["230"]}, "6799454": {"hotel_name": "Q\u52a0\u00b7\u676d\u5dde\u676d\u97f5\u5ba2\u6808", "order_time": ["2019-01-18 12:25:41"], "total_order": 1, "hotel_value": ["4.6"], "hotel_price": ["165"]}, "6054922": {"hotel_name": "\u676d\u5dde\u94b1\u5858\u541b\u5ef7\u9152\u5e97", "order_time": ["2019-01-18 12:25:41"], "total_order": 1, "hotel_value": ["4.3"], "hotel_price": ["350"]}, "434835": {"hotel_name": "\u676d\u5dde\u5723\u7687\u5723\u54c1\u5c1a\u9152\u5e97", "order_time": ["2019-01-18 12:25:41"], "total_order": 1, "hotel_value": ["3.7"], "hotel_price": ["170"]}, "23745078": {"hotel_name": "\u8fdf\u8fdf\u9886\u519b\u9152\u5e97\u5f0f\u516c\u5bd3(\u676d\u5dde\u5370\u5e97)", "order_time": ["2019-01-18 12:25:41"], "total_order": 1, "hotel_value": ["4.9"], "hotel_price": ["358"]}, "1768915": {"hotel_name": "\u676d\u5dde\u767e\u601d\u7279\u5047\u65e5\u9152\u5e97", "order_time": ["2019-01-18 12:25:41"], "total_order": 1, "hotel_value": ["3.7"], "hotel_price": ["105"]}, "1764566": {"hotel_name": "\u676d\u5dde\u5c1a\u54c8\u5feb\u6377\u9152\u5e97", "order_time": ["2019-01-18 12:25:41"], "total_order": 1, "hotel_value": ["3.6"], "hotel_price": ["158"]}, "10231682": {"hotel_name": "\u676d\u5dde\u4f59\u676d\u4f59\u4eba\u9152\u5e97\u5f0f\u516c\u5bd3(\u963f\u91cc\u5df4\u5df4\u5e97)", "order_time": ["2019-01-18 12:25:44"], "total_order": 1, "hotel_value": ["4.8"], "hotel_price": ["193"]}, "986770": {"hotel_name": "\u4e45\u6816\u00b7\u9f99\u548c\u67d3\u9999\u5ba2\u6808(\u676d\u5dde\u52a8\u7269\u56ed\u5e97)", "order_time": ["2019-01-18 12:25:44"], "total_order": 1, "hotel_value": ["4.6"], "hotel_price": ["138"]}, "21333011": {"hotel_name": "\u6cca\u96c5\u9152\u5e97\u5f0f\u516c\u5bd3(\u676d\u5dde\u672a\u6765\u79d1\u6280\u57ce\u5e97)", "order_time": ["2019-01-18 12:25:44"], "total_order": 1, "hotel_value": ["4.6"], "hotel_price": ["220"]}, "2644410": {"hotel_name": "\u676d\u5dde\u5c1a\u5b87\u9152\u5e97", "order_time": ["2019-01-18 12:25:46"], "total_order": 1, "hotel_value": ["4.4"], "hotel_price": ["129"]}, "663012": {"hotel_name": "\u6850\u5e90\u94bb\u6212\u7cbe\u54c1\u9152\u5e97", "order_time": ["2019-01-18 12:25:58"], "total_order": 1, "hotel_value": ["4.4"], "hotel_price": ["292"]}, "848702": {"hotel_name": "\u5982\u5bb6\u5feb\u6377\u9152\u5e97(\u676d\u5dde\u897f\u6e56\u9ec4\u9f99\u65c5\u6e38\u96c6\u6563\u4e2d\u5fc3\u5e97)", "order_time": ["2019-01-18 12:27:39"], "total_order": 1, "hotel_value": ["4.3"], "hotel_price": ["127"]}, "1931337": {"hotel_name": "\u4f51\u9014\u4e3b\u9898\u9152\u5e97(\u676d\u5dde\u6d59\u6c5f\u4f20\u5a92\u5b66\u9662\u5e97)", "order_time": ["2019-01-18 12:39:42", "2019-01-18 12:27:39"], "total_order": 2, "hotel_value": ["4.4", "4.4"], "hotel_price": ["131", "131"]}, "8558935": {"hotel_name": "\u676d\u5dde\u5955\u5c45\u897f\u5b50\u56fd\u9645\u516c\u5bd3", "order_time": ["2019-01-18 12:27:41"], "total_order": 1, "hotel_value": ["4.8"], "hotel_price": ["302"]}, "18428819": {"hotel_name": "\u676d\u5dde\u5b9c\u5c45\u5b9c\u820d\u6c11\u5bbf", "order_time": ["2019-01-18 12:27:41"], "total_order": 1, "hotel_value": ["4.6"], "hotel_price": ["482"]}, "1461643": {"hotel_name": "\u83ab\u6cf0268(\u676d\u5dde\u897f\u6e56\u5357\u5b8b\u5fa1\u8857\u6b65\u884c\u8857\u5e97)", "order_time": ["2019-01-18 12:27:41"], "total_order": 1, "hotel_value": ["4.5"], "hotel_price": ["186"]}, "3667073": {"hotel_name": "\u5bcc\u9a7f\u5546\u65c5\u9152\u5e97(\u676d\u5dde\u897f\u6e56\u5e97)", "order_time": ["2019-01-18 12:27:41"], "total_order": 1, "hotel_value": ["4.4"], "hotel_price": ["194"]}, "27852788": {"hotel_name": "\u7ef4\u4e5f\u7eb3\u56fd\u9645\u9152\u5e97(\u676d\u5dde\u535a\u5965\u4e2d\u5fc3\u5e97)", "order_time": ["2019-01-18 12:45:42", "2019-01-18 12:27:41"], "total_order": 2, "hotel_value": ["4.8", "4.8"], "hotel_price": ["299", "299"]}, "1071699": {"hotel_name": "\u5e03\u4e01\u9152\u5e97(\u676d\u5dde\u5929\u76ee\u5c71\u8def\u9ec4\u9f99\u5e97)", "order_time": ["2019-01-18 12:27:42"], "total_order": 1, "hotel_value": ["4.1"], "hotel_price": ["94"]}, "24037153": {"hotel_name": "\u676d\u5dde\u4e07\u94c2\u9152\u5e97", "order_time": ["2019-01-18 12:27:44"], "total_order": 1, "hotel_value": ["4.2"], "hotel_price": ["113"]}, "995379": {"hotel_name": "\u676d\u5dde\u8776\u6765\u671b\u6e56\u5bbe\u9986", "order_time": ["2019-01-18 12:29:39"], "total_order": 1, "hotel_value": ["4.7"], "hotel_price": ["769"]}, "916788": {"hotel_name": "\u676d\u5dde\u6dfb\u6cc9\u9152\u5e97\u5f0f\u516c\u5bd3", "order_time": ["2019-01-18 12:29:39"], "total_order": 1, "hotel_value": ["4.2"], "hotel_price": ["223"]}, "2330618": {"hotel_name": "\u6021\u83b1\u9152\u5e97(\u676d\u5dde\u897f\u6e56\u6e56\u6ee8\u5e97)", "order_time": ["2019-01-18 12:29:39", "2019-01-18 12:37:38"], "total_order": 2, "hotel_value": ["4.2", "4.2"], "hotel_price": ["148", "148"]}, "13318715": {"hotel_name": "\u676d\u5dde\u672a\u6765\u79d1\u6280\u57ce\u4e9a\u6735\u8f7b\u5c45\u9152\u5e97", "order_time": ["2019-01-18 12:29:39"], "total_order": 1, "hotel_value": ["4.8"], "hotel_price": ["350"]}, "2993092": {"hotel_name": "\u676d\u5dde\u5411\u592a\u9633\u9752\u5e74\u65c5\u793e", "order_time": ["2019-01-18 12:29:42"], "total_order": 1, "hotel_value": ["4.3"], "hotel_price": ["37"]}, "1604380": {"hotel_name": "\u676d\u5dde\u6653\u56ed\u5f80\u4e8b\u5ba2\u6808", "order_time": ["2019-01-18 12:29:43"], "total_order": 1, "hotel_value": ["4.6"], "hotel_price": ["58"]}, "2303849": {"hotel_name": "7\u5929\u8fde\u9501\u9152\u5e97(\u676d\u5dde\u9ad8\u6c99\u5730\u94c1\u7ad9\u5e97)", "order_time": ["2019-01-18 12:29:43"], "total_order": 1, "hotel_value": ["4.3"], "hotel_price": ["138"]}, "1630845": {"hotel_name": "\u676d\u5dde\u7075\u677e\u5c71\u5e84", "order_time": ["2019-01-18 12:29:44"], "total_order": 1, "hotel_value": ["3.8"], "hotel_price": ["180"]}, "4334526": {"hotel_name": "\u8d1d\u58f3\u9152\u5e97 (\u676d\u5dde\u4e0b\u6c99\u5f00\u53d1\u533a\u5b66\u6b63\u8857\u5e97)", "order_time": ["2019-01-18 12:29:44"], "total_order": 1, "hotel_value": ["3.8"], "hotel_price": ["129"]}, "1349084": {"hotel_name": "\u676d\u5dde\u56fd\u676d\u65c5\u9986", "order_time": ["2019-01-18 12:29:46"], "total_order": 1, "hotel_value": ["4.0"], "hotel_price": ["131"]}, "23687000": {"hotel_name": "\u676d\u5dde\u9752\u74f7\u9152\u5e97\u5f0f\u516c\u5bd3(6\u53f7\u5927\u8857\u5206\u5e97)", "order_time": ["2019-01-18 12:29:47"], "total_order": 1, "hotel_value": [0], "hotel_price": ["263"]}, "1069428": {"hotel_name": "\u946b\u6982\u5ff5\u9152\u5e97(\u676d\u5dde\u6b66\u6797\u5e7f\u573a\u5e97)", "order_time": ["2019-01-18 12:35:38", "2019-01-18 12:31:41"], "total_order": 2, "hotel_value": ["4.3", "4.3"], "hotel_price": ["198", "198"]}, "17512490": {"hotel_name": "\u56fd\u5f69\u5927\u9152\u5e97(\u676d\u5dde\u897f\u6e56\u9ec4\u9f99\u5e97)", "order_time": ["2019-01-18 12:37:38", "2019-01-18 12:31:42"], "total_order": 2, "hotel_value": ["4.6", "4.6"], "hotel_price": ["313", "313"]}, "25906076": {"hotel_name": "\u661f\u57ce\u7a7a\u7985\u7cbe\u54c1\u793e\u4ea4\u9752\u5e74\u65c5\u793e(\u676d\u5dde\u897f\u6e56\u5a7a\u6c5f\u8def\u5730\u94c1\u7ad9\u5e97)", "order_time": ["2019-01-18 12:31:43"], "total_order": 1, "hotel_value": ["4.8"], "hotel_price": ["53"]}, "445494": {"hotel_name": "\u676d\u5dde\u548c\u4e3d\u7cbe\u54c1\u9152\u5e97", "order_time": ["2019-01-18 12:31:43"], "total_order": 1, "hotel_value": ["4.4"], "hotel_price": ["189"]}, "1071771": {"hotel_name": "\u5e03\u4e01\u9152\u5e97(\u676d\u5dde\u4e0a\u5858\u8def\u6d59\u5de5\u5927\u5e97)", "order_time": ["2019-01-18 12:31:43"], "total_order": 1, "hotel_value": ["4.0"], "hotel_price": ["139"]}, "1766311": {"hotel_name": "\u676d\u5dde\u963f\u8010\u65af\u9152\u5e97", "order_time": ["2019-01-18 12:31:44"], "total_order": 1, "hotel_value": ["4.2"], "hotel_price": ["123"]}, "1305930": {"hotel_name": "\u676d\u5dde\u666f\u50cf\u6c11\u5bbf", "order_time": ["2019-01-18 12:31:45"], "total_order": 1, "hotel_value": ["4.6"], "hotel_price": ["433"]}, "17337896": {"hotel_name": "\u5343\u5c9b\u6e56\u53cb\u5170\u6c11\u5bbf", "order_time": ["2019-01-18 12:31:51"], "total_order": 1, "hotel_value": ["4.6"], "hotel_price": ["90"]}, "4038988": {"hotel_name": "\u676d\u5dde\u90fd\u5e9cok\u5927\u9152\u5e97", "order_time": ["2019-01-18 12:33:39"], "total_order": 1, "hotel_value": ["4.2"], "hotel_price": ["220"]}, "24044385": {"hotel_name": "\u676d\u5dde\u897f\u5b50\u6a31\u6843\u9152\u5e97", "order_time": ["2019-01-18 12:33:39"], "total_order": 1, "hotel_value": ["4.6"], "hotel_price": ["195"]}, "426105": {"hotel_name": "\u676d\u5dde\u7eb3\u5fb7\u81ea\u7531\u9152\u5e97", "order_time": ["2019-01-18 12:33:40"], "total_order": 1, "hotel_value": ["4.6"], "hotel_price": ["369"]}, "15717128": {"hotel_name": "\u676d\u5dde\u5b89\u60a6\u9152\u5e97", "order_time": ["2019-01-18 12:33:42"], "total_order": 1, "hotel_value": ["4.4"], "hotel_price": ["183"]}, "8192846": {"hotel_name": "\u676d\u5dde\u81ea\u7136\u9192\u9752\u5e74\u65c5\u820d", "order_time": ["2019-01-18 12:33:43"], "total_order": 1, "hotel_value": ["4.6"], "hotel_price": ["60"]}, "6719075": {"hotel_name": "\u676d\u5dde\u5178\u5bb6\u9152\u5e97", "order_time": ["2019-01-18 12:33:43"], "total_order": 1, "hotel_value": ["4.3"], "hotel_price": ["102"]}, "5237948": {"hotel_name": "\u676d\u5dde\u8679\u96e8\u5927\u9152\u5e97", "order_time": ["2019-01-18 12:33:43"], "total_order": 1, "hotel_value": ["4.0"], "hotel_price": ["103"]}, "1629960": {"hotel_name": "\u5357\u82d1e\u5bb6(\u897f\u6e56\u5357\u5b8b\u5fa1\u8857\u5e97)(\u539f\u6f2b\u6e56\u5047\u65e5\u9152\u5e97)", "order_time": ["2019-01-18 12:35:38"], "total_order": 1, "hotel_value": ["4.1"], "hotel_price": ["140"]}, "346311": {"hotel_name": "\u676d\u5dde\u9a6c\u53ef\u6ce2\u7f57\u6ee8\u6e56\u9152\u5e97", "order_time": ["2019-01-18 12:35:38", "2019-01-18 12:43:40"], "total_order": 2, "hotel_value": ["4.7", "4.7"], "hotel_price": ["408", "408"]}, "6300295": {"hotel_name": "\u676d\u5dde\u51e4\u6816\u5927\u9152\u5e97", "order_time": ["2019-01-18 12:35:38"], "total_order": 1, "hotel_value": ["4.5"], "hotel_price": ["222"]}, "4980727": {"hotel_name": "\u6854\u5b50\u9152\u5e97\u7cbe\u9009(\u676d\u5dde\u6587\u4e00\u897f\u8def\u5e97)", "order_time": ["2019-01-18 12:35:38"], "total_order": 1, "hotel_value": ["4.8"], "hotel_price": ["484"]}, "26544424": {"hotel_name": "Dreamer\u8ffd\u68a6\u56fd\u9645\u516c\u5bd3(\u676d\u5dde\u7406\u60f3\u94f6\u6cf0\u57ce\u5e97)", "order_time": ["2019-01-18 12:51:40", "2019-01-18 12:35:39"], "total_order": 2, "hotel_value": ["4.9", "4.9"], "hotel_price": ["222", "222"]}, "5160188": {"hotel_name": "\u676d\u5dde\u9752\u5885\u00b7\u9690\u6797\u6c11\u5bbf", "order_time": ["2019-01-18 12:35:39"], "total_order": 1, "hotel_value": ["4.2"], "hotel_price": ["202"]}, "1441150": {"hotel_name": "\u5982\u5bb6\u5feb\u6377\u9152\u5e97(\u676d\u5dde\u897f\u6e56\u89e3\u653e\u8def\u5efa\u56fd\u8def\u5e97)", "order_time": ["2019-01-18 12:35:39"], "total_order": 1, "hotel_value": ["4.5"], "hotel_price": ["153"]}, "1702388": {"hotel_name": "\u676d\u5dde\u767e\u5408\u82b1\u9152\u5e97\u66d9\u5149\u8def\u5e97", "order_time": ["2019-01-18 12:35:39"], "total_order": 1, "hotel_value": ["4.2"], "hotel_price": ["240"]}, "447288": {"hotel_name": "\u676d\u5dde\u5fd7\u6210\u5927\u9152\u5e97", "order_time": ["2019-01-18 12:35:40"], "total_order": 1, "hotel_value": ["4.2"], "hotel_price": ["372"]}, "6081063": {"hotel_name": "\u676d\u5dde\u99a8\u5883\u754c\u9152\u5e97\u516c\u5bd3", "order_time": ["2019-01-18 12:35:40"], "total_order": 1, "hotel_value": ["4.5"], "hotel_price": ["228"]}, "10833937": {"hotel_name": "\u676d\u5dde\u4f18\u5c4b\u7f8e\u5bbf\u79ef\u5bb6\u4e2d\u533b\u836f\u5927\u5b66\u670d\u52a1\u516c\u5bd3", "order_time": ["2019-01-18 12:35:40", "2019-01-18 12:37:40"], "total_order": 2, "hotel_value": ["4.7", "4.7"], "hotel_price": ["268", "268"]}, "1740510": {"hotel_name": "\u676d\u5dde\u94c2\u91d1\u81fb\u54c1\u9152\u5e97", "order_time": ["2019-01-18 12:35:40"], "total_order": 1, "hotel_value": ["4.3"], "hotel_price": ["196"]}, "17539273": {"hotel_name": "\u676d\u5dde\u94b1\u6c5f\u65b0\u57ce\u7f8e\u5c45\u9152\u5e97", "order_time": ["2019-01-18 12:35:41"], "total_order": 1, "hotel_value": ["4.5"], "hotel_price": ["323"]}, "445490": {"hotel_name": "\u676d\u5dde\u5b54\u96c0\u5927\u9152\u5e97", "order_time": ["2019-01-18 12:35:41"], "total_order": 1, "hotel_value": ["4.1"], "hotel_price": ["342"]}, "1307933": {"hotel_name": "\u676d\u5dde\u4f9d\u6657\u65c5\u9986", "order_time": ["2019-01-18 12:35:47"], "total_order": 1, "hotel_value": [0], "hotel_price": ["123"]}, "2888698": {"hotel_name": "\u5343\u5c9b\u6e56\u91d1\u79cb\u56ed\u9152\u5e97", "order_time": ["2019-01-18 12:35:49"], "total_order": 1, "hotel_value": ["4.0"], "hotel_price": ["93"]}, "1580234": {"hotel_name": "\u5efa\u5fb7\u65b0\u53f6\u7fe0\u7af9\u82d1\u9910\u9986\u519c\u5bb6\u4e50", "order_time": ["2019-01-18 12:35:54"], "total_order": 1, "hotel_value": ["3.9"], "hotel_price": ["100"]}, "26447340": {"hotel_name": "\u676d\u5dde\u65b0\u5929\u5730\u4e07\u67ab\u9152\u5e97", "order_time": ["2019-01-18 12:37:38"], "total_order": 1, "hotel_value": ["4.8"], "hotel_price": ["410"]}, "21754019": {"hotel_name": "\u676d\u5dde\u7a7a\u6e2f\u91d1\u5ea7\u9152\u5e97", "order_time": ["2019-01-18 12:37:38"], "total_order": 1, "hotel_value": ["4.8"], "hotel_price": ["212"]}, "697592": {"hotel_name": "\u6c49\u5ead\u9152\u5e97(\u676d\u5dde\u6b66\u6797\u8def\u4e2d\u5fc3\u5e97)", "order_time": ["2019-01-18 12:37:38"], "total_order": 1, "hotel_value": ["4.4"], "hotel_price": ["170"]}, "2043280": {"hotel_name": "\u676d\u5dde\u76db\u6cf0\u5f00\u5143\u540d\u90fd\u5927\u9152\u5e97", "order_time": ["2019-01-18 12:37:38"], "total_order": 1, "hotel_value": ["4.8"], "hotel_price": ["546"]}, "1705004": {"hotel_name": "\u676d\u5dde\u661f\u5149\u7535\u5f71\u4e3b\u9898\u9152\u5e97", "order_time": ["2019-01-18 12:37:38"], "total_order": 1, "hotel_value": ["4.6"], "hotel_price": ["373"]}, "4399270": {"hotel_name": "\u676d\u5dde\u91d1\u5ef7\u9152\u5e97", "order_time": ["2019-01-18 12:37:39"], "total_order": 1, "hotel_value": ["4.4"], "hotel_price": ["210"]}, "1434311": {"hotel_name": "\u676d\u5dde\u9c9c\u5c4b\u60df\u66fc\u9152\u5e97", "order_time": ["2019-01-18 12:37:41"], "total_order": 1, "hotel_value": ["4.5"], "hotel_price": ["182"]}, "1462909": {"hotel_name": "\u676d\u5dde\u7f8e\u4f26\u5927\u9152\u5e97", "order_time": ["2019-01-18 12:45:43", "2019-01-18 12:37:41"], "total_order": 2, "hotel_value": ["3.4", "3.4"], "hotel_price": ["138", "138"]}, "6131526": {"hotel_name": "\u676d\u5dde\u60c5\u66fc\u7cbe\u54c1\u9152\u5e97", "order_time": ["2019-01-18 12:37:41"], "total_order": 1, "hotel_value": ["4.0"], "hotel_price": ["163"]}, "1206187": {"hotel_name": "\u676d\u5dde\u8f69\u6743\u9152\u5e97", "order_time": ["2019-01-18 12:37:41"], "total_order": 1, "hotel_value": ["4.0"], "hotel_price": ["193"]}, "1271005": {"hotel_name": "\u676d\u5dde\u5927\u82b1\u6865\u5047\u65e5\u9152\u5e97", "order_time": ["2019-01-18 12:37:43"], "total_order": 1, "hotel_value": ["4.3"], "hotel_price": ["143"]}, "28362501": {"hotel_name": "\u676d\u5dde\u8f6c\u5858\u7f8e\u9662\u4e9a\u6735\u9152\u5e97", "order_time": ["2019-01-18 12:39:41"], "total_order": 1, "hotel_value": ["4.9"], "hotel_price": ["459"]}, "968489": {"hotel_name": "\u6c49\u5ead\u9152\u5e97(\u676d\u5dde\u6b66\u6797\u5e7f\u573a\u5e97)", "order_time": ["2019-01-18 12:39:42"], "total_order": 1, "hotel_value": ["4.6"], "hotel_price": ["218"]}, "23799727": {"hotel_name": "\u676d\u5dde\u6816\u5bd3\u516c\u5bd3", "order_time": ["2019-01-18 12:39:42"], "total_order": 1, "hotel_value": ["4.8"], "hotel_price": ["241"]}, "1640647": {"hotel_name": "\u6d59\u6c5f\u5047\u65e5\u4e4b\u661f\u9152\u5e97(\u676d\u5dde\u706b\u8f66\u4e1c\u7ad9\u5e97)\u539f(\u676d\u5dde\u6587\u6656\u5e97)", "order_time": ["2019-01-18 12:39:44"], "total_order": 1, "hotel_value": ["4.2"], "hotel_price": ["133"]}, "1343405": {"hotel_name": "\u676d\u5dde\u9177\u9177\u65c5\u5e97", "order_time": ["2019-01-18 12:39:46"], "total_order": 1, "hotel_value": ["3.6"], "hotel_price": ["118"]}, "5567135": {"hotel_name": "\u6850\u5e90\u6d77\u6c47\u540d\u90fd\u5927\u9152\u5e97", "order_time": ["2019-01-18 12:39:50"], "total_order": 1, "hotel_value": ["4.4"], "hotel_price": ["253"]}, "1685053": {"hotel_name": "\u6850\u5e90\u5149\u5178\u5927\u9152\u5e97", "order_time": ["2019-01-18 12:39:51"], "total_order": 1, "hotel_value": ["4.7"], "hotel_price": ["238"]}, "5772038": {"hotel_name": "\u5efa\u5fb7\u65b0\u5b89\u5c45\u540d\u4eba\u9152\u5e97", "order_time": ["2019-01-18 12:39:51"], "total_order": 1, "hotel_value": ["4.7"], "hotel_price": ["372"]}, "4378023": {"hotel_name": "\u5efa\u5fb7\u7687\u7235\u7cbe\u54c1\u9152\u5e97", "order_time": ["2019-01-18 12:39:51"], "total_order": 1, "hotel_value": ["4.4"], "hotel_price": ["250"]}, "8601140": {"hotel_name": "\u676d\u5dde\u667a\u9890\u5c1a\u54c1\u9152\u5e97(\u4e0b\u6c99\u91d1\u6c99\u6e56\u5e97)", "order_time": ["2019-01-18 12:45:39", "2019-01-18 12:41:39"], "total_order": 2, "hotel_value": ["4.7", "4.7"], "hotel_price": ["252", "252"]}, "18438687": {"hotel_name": "\u5965\u5170\u57ce\u5b63\u9152\u5e97(\u676d\u5dde\u8427\u5c71\u4eba\u6c11\u5e7f\u573a\u5e97)", "order_time": ["2019-01-18 12:41:39", "2019-01-18 12:51:39"], "total_order": 2, "hotel_value": ["4.8", "4.8"], "hotel_price": ["221", "221"]}, "3690288": {"hotel_name": "\u676d\u5dde\u897f\u6e56\u7389\u53e4\u8def\u4e9a\u6735S\u5434\u9152\u5e97", "order_time": ["2019-01-18 12:41:39"], "total_order": 1, "hotel_value": ["4.8"], "hotel_price": ["504"]}, "7351560": {"hotel_name": "\u676d\u5dde\u6797\u5c45\u7cbe\u54c1\u9152\u5e97", "order_time": ["2019-01-18 12:41:39"], "total_order": 1, "hotel_value": ["4.7"], "hotel_price": ["423"]}, "6403568": {"hotel_name": "\u676d\u5dde\u60a6\u535a\u516c\u9986\u7cbe\u9009\u9152\u5e97", "order_time": ["2019-01-18 12:41:40"], "total_order": 1, "hotel_value": ["4.5"], "hotel_price": ["251"]}, "697756": {"hotel_name": "\u6c49\u5ead\u9152\u5e97(\u676d\u5dde\u6587\u65b0\u5730\u94c1\u7ad9\u5e97)", "order_time": ["2019-01-18 12:41:41"], "total_order": 1, "hotel_value": ["4.3"], "hotel_price": ["218"]}, "1630794": {"hotel_name": "\u676d\u5dde\u51cc\u4e91\u822a\u7a7a\u5927\u9152\u5e97", "order_time": ["2019-01-18 12:41:41"], "total_order": 1, "hotel_value": ["4.2"], "hotel_price": ["143"]}, "1308259": {"hotel_name": "\u676d\u5dde\u67e0\u83b1\u5546\u52a1\u9152\u5e97", "order_time": ["2019-01-18 12:41:41"], "total_order": 1, "hotel_value": ["4.4"], "hotel_price": ["94"]}, "2303628": {"hotel_name": "99\u65c5\u9986\u8fde\u9501(\u676d\u5dde\u4e54\u53f8\u5730\u94c1\u7ad9\u5e97)", "order_time": ["2019-01-18 12:41:42"], "total_order": 1, "hotel_value": ["4.0"], "hotel_price": ["104"]}, "1744488": {"hotel_name": "\u5c1a\u4f18\u5ba2\u5feb\u6377\u9152\u5e97(\u676d\u5dde\u4e0b\u6c99\u5e97)", "order_time": ["2019-01-18 12:43:43"], "total_order": 1, "hotel_value": ["4.4"], "hotel_price": ["162"]}, "5237921": {"hotel_name": "\u676d\u5dde\u65b0\u82d1\u7cbe\u54c1\u9152\u5e97(\u539f\u5feb\u4e50\u5bb6\u56ed\u9152\u5e97\u5c0f\u548c\u5c71\u5e97)", "order_time": ["2019-01-18 12:43:43"], "total_order": 1, "hotel_value": ["4.5"], "hotel_price": ["163"]}, "1768926": {"hotel_name": "\u676d\u5dde\u5178\u5510\u9152\u5e97\u5f0f\u516c\u5bd3", "order_time": ["2019-01-18 12:43:43"], "total_order": 1, "hotel_value": ["4.7"], "hotel_price": ["201"]}, "1120065": {"hotel_name": "\u5c0a\u51ef\u7cbe\u54c1\u9152\u5e97(\u676d\u5dde\u95f2\u6797\u5e97)", "order_time": ["2019-01-18 12:43:43"], "total_order": 1, "hotel_value": ["4.6"], "hotel_price": ["182"]}, "11240366": {"hotel_name": "\u71d5\u5de2\u6c11\u5bbf(\u676d\u5dde\u60528\u8054\u76df\u5e97)(\u539f\u60528\u8fde\u9501\u9152\u5e97\u897f\u6e56\u5e97)", "order_time": ["2019-01-18 12:43:44"], "total_order": 1, "hotel_value": ["4.7"], "hotel_price": ["134"]}, "1629988": {"hotel_name": "\u676d\u5dde\u5168\u798f\u4e50\u5047\u65e5\u9152\u5e97", "order_time": ["2019-01-18 12:43:45"], "total_order": 1, "hotel_value": ["4.0"], "hotel_price": ["124"]}, "6981223": {"hotel_name": "\u676d\u5dde\u6109\u5bb6\u9152\u5e97", "order_time": ["2019-01-18 12:43:47"], "total_order": 1, "hotel_value": ["4.0"], "hotel_price": ["153"]}, "18514500": {"hotel_name": "\u676d\u5dde\u897f\u6e56\u6f2b\u5c45\u5ba2\u6808(\u51af\u5bb6\u6751\u5206\u5e97)", "order_time": ["2019-01-18 12:43:48"], "total_order": 1, "hotel_value": [0], "hotel_price": ["198"]}, "1640426": {"hotel_name": "7\u5929\u8fde\u9501\u9152\u5e97(\u676d\u5dde\u897f\u6e56\u6e56\u6ee8\u5e97)", "order_time": ["2019-01-18 12:45:38"], "total_order": 1, "hotel_value": ["4.3"], "hotel_price": ["169"]}, "447016": {"hotel_name": "\u676d\u5dde\u7687\u51a0\u5927\u9152\u5e97", "order_time": ["2019-01-18 12:45:39"], "total_order": 1, "hotel_value": ["4.2"], "hotel_price": ["238"]}, "8558912": {"hotel_name": "\u676d\u5dde\u60c5\u8bd7\u9152\u5e97", "order_time": ["2019-01-18 12:45:39"], "total_order": 1, "hotel_value": ["4.8"], "hotel_price": ["712"]}, "1210163": {"hotel_name": "\u676d\u5dde\u6e7e\u5927\u9152\u5e97", "order_time": ["2019-01-18 12:45:39"], "total_order": 1, "hotel_value": ["4.4"], "hotel_price": ["237"]}, "26665803": {"hotel_name": "\u676d\u5dde\u5965\u57ce\u51ef\u8c6a\u5927\u9152\u5e97", "order_time": ["2019-01-18 12:45:40"], "total_order": 1, "hotel_value": ["5.0"], "hotel_price": ["558"]}, "1337081": {"hotel_name": "\u676d\u5dde\u5f90\u5143\u7eb3\u5927\u9152\u5e97", "order_time": ["2019-01-18 12:45:40"], "total_order": 1, "hotel_value": ["4.0"], "hotel_price": ["194"]}, "1625068": {"hotel_name": "\u6052\u4f73\u7cbe\u54c1\u9152\u5e97(\u676d\u5dde\u6b66\u6797\u8def\u5e97)", "order_time": ["2019-01-18 12:45:40"], "total_order": 1, "hotel_value": ["4.4"], "hotel_price": ["163"]}, "661130": {"hotel_name": "\u676d\u5dde\u81f4\u5c1a\u9152\u5e97(\u539f\u53e4\u5496\u7cbe\u54c1\u9152\u5e97)", "order_time": ["2019-01-18 12:45:41"], "total_order": 1, "hotel_value": ["4.5"], "hotel_price": ["168"]}, "994755": {"hotel_name": "\u60528\u8fde\u9501\u9152\u5e97(\u676d\u5dde\u8427\u5c71\u74dc\u6ca5\u5e97)", "order_time": ["2019-01-18 12:45:42"], "total_order": 1, "hotel_value": ["4.4"], "hotel_price": ["113"]}, "19599055": {"hotel_name": "\u676d\u5dde\u987e\u732b\u5b81\u9152\u5e97", "order_time": ["2019-01-18 12:45:44"], "total_order": 1, "hotel_value": ["4.5"], "hotel_price": ["269"]}, "1000434": {"hotel_name": "\u5343\u5c9b\u6e56\u79c0\u6c34\u5ea6\u5047\u516c\u5bd3", "order_time": ["2019-01-18 12:45:47"], "total_order": 1, "hotel_value": ["4.6"], "hotel_price": ["106"]}, "25644107": {"hotel_name": "\u6591\u6593\u5bb6\u6c11\u5bbf(\u676d\u5dde\u897f\u6e56\u5e97)", "order_time": ["2019-01-18 12:47:40"], "total_order": 1, "hotel_value": ["4.9"], "hotel_price": ["218"]}, "10555264": {"hotel_name": "\u676d\u5dde\u6c50\u7cd6\u6c11\u5bbf", "order_time": ["2019-01-18 12:47:41"], "total_order": 1, "hotel_value": ["4.9"], "hotel_price": ["403"]}, "426781": {"hotel_name": "\u6d59\u6c5f\u65b0\u4e16\u7eaa\u5927\u9152\u5e97", "order_time": ["2019-01-18 12:47:41"], "total_order": 1, "hotel_value": ["4.5"], "hotel_price": ["330"]}, "443717": {"hotel_name": "\u676d\u5dde\u4f0a\u7f8e\u5927\u9152\u5e97", "order_time": ["2019-01-18 12:47:41"], "total_order": 1, "hotel_value": ["4.3"], "hotel_price": ["262"]}, "419382": {"hotel_name": "\u676d\u5dde\u826f\u6e1a\u541b\u6f9c\u5ea6\u5047\u9152\u5e97", "order_time": ["2019-01-18 12:47:41"], "total_order": 1, "hotel_value": ["4.8"], "hotel_price": ["812"]}, "441372": {"hotel_name": "\u676d\u5dde\u4e94\u6d0b\u5bbe\u9986", "order_time": ["2019-01-18 12:47:41"], "total_order": 1, "hotel_value": ["4.8"], "hotel_price": ["348"]}, "6111700": {"hotel_name": "\u676d\u5dde\u9752\u4e4b\u83b2\u00b7\u5170\u67ab\u7cbe\u54c1\u6c11\u5bbf", "order_time": ["2019-01-18 12:47:41"], "total_order": 1, "hotel_value": ["4.7"], "hotel_price": ["53"]}, "1579914": {"hotel_name": "\u80af\u4e01\u9152\u5e97\u5f0f\u516c\u5bd3(\u676d\u5dde\u6ee8\u6c5f\u661f\u5149\u5e97)", "order_time": ["2019-01-18 12:47:41"], "total_order": 1, "hotel_value": ["4.5"], "hotel_price": ["252"]}, "8698406": {"hotel_name": "\u676d\u5dde\u541b\u8d38\u9152\u5e97\u5f0f\u516c\u5bd3", "order_time": ["2019-01-18 12:47:41"], "total_order": 1, "hotel_value": ["4.7"], "hotel_price": ["292"]}, "8558952": {"hotel_name": "\u676d\u5dde\u5a1c\u8fe6\u9152\u5e97\u5f0f\u516c\u5bd3", "order_time": ["2019-01-18 12:47:42"], "total_order": 1, "hotel_value": ["4.7"], "hotel_price": ["237"]}, "15308511": {"hotel_name": "\u7ef4\u4e5f\u7eb3\u56fd\u9645\u9152\u5e97(\u676d\u5dde\u672a\u6765\u79d1\u6280\u57ce\u5e97)", "order_time": ["2019-01-18 12:47:42"], "total_order": 1, "hotel_value": ["4.7"], "hotel_price": ["405"]}, "7954944": {"hotel_name": "\u676d\u5dde\u4e09\u4e95\u5bb6\u56ed\u516c\u5bd3", "order_time": ["2019-01-18 12:47:43"], "total_order": 1, "hotel_value": ["4.6"], "hotel_price": ["488"]}, "8558927": {"hotel_name": "\u676d\u5dde\u6885\u82d1\u60a6\u5c45\u9152\u5e97(\u5e08\u8303\u5927\u5b66\u5e97)", "order_time": ["2019-01-18 12:47:44"], "total_order": 1, "hotel_value": ["4.5"], "hotel_price": ["428"]}, "10900614": {"hotel_name": "\u5343\u5c9b\u6e56\u4edf\u964c\u95f4\u00b7\u8f7b\u5962\u5ea6\u5047\u9152\u5e97", "order_time": ["2019-01-18 12:47:50"], "total_order": 1, "hotel_value": ["4.9"], "hotel_price": ["519"]}, "1007009": {"hotel_name": "\u4e34\u5b89\u5927\u660e\u5c71\u5706\u6708\u5c71\u5e84", "order_time": ["2019-01-18 12:47:52"], "total_order": 1, "hotel_value": ["4.2"], "hotel_price": ["94"]}, "2344678": {"hotel_name": "\u5343\u5c9b\u6e56\u6797\u4e1a\u5927\u9152\u5e97", "order_time": ["2019-01-18 12:47:52"], "total_order": 1, "hotel_value": ["4.4"], "hotel_price": ["107"]}, "9628576": {"hotel_name": "\u676d\u5dde\u65b0\u534esoho\u9152\u5e97", "order_time": ["2019-01-18 12:49:40"], "total_order": 1, "hotel_value": ["4.6"], "hotel_price": ["202"]}, "1252124": {"hotel_name": "\u676d\u5dde\u535a\u5ead\u9152\u5e97", "order_time": ["2019-01-18 12:49:41"], "total_order": 1, "hotel_value": ["3.8"], "hotel_price": ["151"]}, "14419334": {"hotel_name": "\u5f00\u5143\u66fc\u5c45\u00b7\u676d\u5dde\u826f\u6e1a\u5e97", "order_time": ["2019-01-18 12:49:41"], "total_order": 1, "hotel_value": ["4.7"], "hotel_price": ["492"]}, "8868319": {"hotel_name": "\u676d\u5dde\u5c0f\u8336\u59d1\u5a18\u5858\u6816\u6545\u4e8b\u9986\u6c11\u5bbf", "order_time": ["2019-01-18 12:49:42"], "total_order": 1, "hotel_value": ["4.8"], "hotel_price": ["448"]}, "1458215": {"hotel_name": "\u676d\u5dde\u65af\u7ef4\u7279\u6982\u5ff5\u9152\u5e97", "order_time": ["2019-01-18 12:49:42"], "total_order": 1, "hotel_value": ["4.3"], "hotel_price": ["123"]}, "2916258": {"hotel_name": "\u6850\u5e90\u5927\u5947\u5c71\u5c71\u6c34\u519c\u5bb6", "order_time": ["2019-01-18 12:49:47"], "total_order": 1, "hotel_value": ["4.7"], "hotel_price": ["137"]}, "1926570": {"hotel_name": "\u676d\u5dde\u6c34\u6676\u67e0\u6aac\u9152\u5e97\u5f0f\u516c\u5bd3", "order_time": ["2019-01-18 12:51:40"], "total_order": 1, "hotel_value": ["4.4"], "hotel_price": ["232"]}, "6970191": {"hotel_name": "\u6c49\u5ead\u9152\u5e97(\u676d\u5dde\u6b66\u6797\u95e8\u6e56\u5885\u5357\u8def\u5e97)", "order_time": ["2019-01-18 12:51:40"], "total_order": 1, "hotel_value": ["4.7"], "hotel_price": ["208"]}, "1629926": {"hotel_name": "\u676d\u5dde\u5353\u5c1a\u7cbe\u54c1\u9152\u5e97", "order_time": ["2019-01-18 12:51:41"], "total_order": 1, "hotel_value": ["4.4"], "hotel_price": ["183"]}, "1764576": {"hotel_name": "\u676d\u5dde\u946b\u8000\u5047\u65e5\u9152\u5e97", "order_time": ["2019-01-18 12:51:41"], "total_order": 1, "hotel_value": ["3.3"], "hotel_price": ["146"]}, "8057853": {"hotel_name": "\u676d\u5dde\u4f0a\u6cfd\u745e\u5c14\u9152\u5e97\u516c\u5bd3", "order_time": ["2019-01-18 12:51:41"], "total_order": 1, "hotel_value": ["4.7"], "hotel_price": ["252"]}, "1770080": {"hotel_name": "\u676d\u5dde\u7f8e\u83b2\u5546\u52a1\u9152\u5e97", "order_time": ["2019-01-18 12:51:42"], "total_order": 1, "hotel_value": ["4.3"], "hotel_price": ["127"]}, "2592653": {"hotel_name": "Zsmart\u667a\u5c1a\u9152\u5e97(\u676d\u5dde\u897f\u6e56\u6e56\u6ee8\u94f6\u6cf0\u5e97)", "order_time": ["2019-01-18 12:51:42"], "total_order": 1, "hotel_value": ["4.3"], "hotel_price": ["163"]}, "22244679": {"hotel_name": "\u676d\u5dde\u7c73\u67da\u9752\u5e74\u516c\u5bd3", "order_time": ["2019-01-18 12:51:43"], "total_order": 1, "hotel_value": ["4.2"], "hotel_price": ["286"]}, "28680094": {"hotel_name": "\u4e34\u5b89\u5c71\u6816\u6cc9\u9690\u6c11\u5bbf", "order_time": ["2019-01-18 12:51:47"], "total_order": 1, "hotel_value": [0], "hotel_price": ["465"]}}}