{"\u5f00\u59cb\u8bb0\u5f55\u65f6\u95f4": "2019-01-05 05:54:23", "\u7ed3\u675f\u8bb0\u5f55\u65f6\u95f4": "2019-01-05 06:54:23", "\u8ba2\u5355\u603b\u589e\u91cf": 93, "item": {"4715303": {"hotel_name": "\u676d\u5dde\u82cd\u5c71\u7cbe\u54c1\u9152\u5e97", "order_time": ["2019-01-05 05:58:32"], "total_order": 1, "hotel_value": ["4.3"], "hotel_price": ["163"]}, "13874441": {"hotel_name": "\u676d\u5dde\u777f\u6c83\u667a\u6167\u9152\u5e97", "order_time": ["2019-01-05 05:58:33"], "total_order": 1, "hotel_value": ["4.8"], "hotel_price": ["357"]}, "1120483": {"hotel_name": "\u90fd\u5e02\u4e91\u7aef\u9152\u5e97(\u676d\u5dde\u897f\u6e56\u4e3b\u9898\u5e97)", "order_time": ["2019-01-05 05:58:33"], "total_order": 1, "hotel_value": ["4.1"], "hotel_price": ["149"]}, "8602465": {"hotel_name": "\u676d\u5dde\u6ee8\u6c5f\u5e0c\u5c14\u987f\u6b22\u670b\u9152\u5e97", "order_time": ["2019-01-05 06:00:32"], "total_order": 1, "hotel_value": ["4.8"], "hotel_price": ["478"]}, "445356": {"hotel_name": "\u6d59\u6c5f\u5927\u5b66\u5706\u6b63\u00b7\u542f\u771f\u9152\u5e97", "order_time": ["2019-01-05 06:00:32", "2019-01-05 06:06:34"], "total_order": 2, "hotel_value": ["4.7", "4.7"], "hotel_price": ["299", "299"]}, "15974168": {"hotel_name": "\u676d\u5dde\u91d1\u6c99\u6e56\u535a\u4e50\u8bd7\u670d\u52a1\u516c\u5bd3", "order_time": ["2019-01-05 06:00:33"], "total_order": 1, "hotel_value": ["4.7"], "hotel_price": ["226"]}, "4727648": {"hotel_name": "\u676d\u5dde\u4e2d\u6d32\u5927\u9152\u5e97", "order_time": ["2019-01-05 06:04:33"], "total_order": 1, "hotel_value": ["4.2"], "hotel_price": ["356"]}, "6066000": {"hotel_name": "\u676d\u5dde\u67cf\u60a6\u9152\u5e97", "order_time": ["2019-01-05 06:04:33", "2019-01-05 06:06:35"], "total_order": 2, "hotel_value": ["4.8", "4.8"], "hotel_price": ["1640", "1640"]}, "1307664": {"hotel_name": "\u676d\u5dde\u8212\u7c73\u9152\u5e97", "order_time": ["2019-01-05 06:04:34"], "total_order": 1, "hotel_value": ["4.3"], "hotel_price": ["144"]}, "1583168": {"hotel_name": "\u5982\u5bb6\u5feb\u6377\u9152\u5e97(\u676d\u5dde\u4e0b\u6c99\u6587\u6e0a\u8def\u4f20\u5a92\u5b66\u9662\u5e97)", "order_time": ["2019-01-05 06:12:34", "2019-01-05 06:06:34", "2019-01-05 06:46:34", "2019-01-05 06:42:35", "2019-01-05 06:50:37"], "total_order": 5, "hotel_value": ["4.6", "4.6", "4.6", "4.6", "4.6"], "hotel_price": ["161", "161", "161", "161", "161"]}, "10218355": {"hotel_name": "\u5fc6\u6cca.\u57ce\u5e02\u827a\u672f\u9152\u5e97(\u676d\u5dde\u6b66\u6797\u95e8\u5e97)", "order_time": ["2019-01-05 06:06:34"], "total_order": 1, "hotel_value": ["4.8"], "hotel_price": ["499"]}, "2304289": {"hotel_name": "7\u5929\u8fde\u9501\u9152\u5e97(\u676d\u5dde\u6c7d\u8f66\u5357\u7ad9\u5a7a\u6c5f\u8def\u5730\u94c1\u7ad9\u5e97)", "order_time": ["2019-01-05 06:08:34"], "total_order": 1, "hotel_value": ["4.2"], "hotel_price": ["157"]}, "5244505": {"hotel_name": "\u676d\u5dde\u8377\u65b9\u56fd\u9645\u9752\u5e74\u65c5\u820d", "order_time": ["2019-01-05 06:08:34"], "total_order": 1, "hotel_value": ["4.4"], "hotel_price": ["56"]}, "474370": {"hotel_name": "\u5982\u5bb6\u6d3e\u67cf\u00b7\u4e91\u9152\u5e97(\u676d\u5dde\u6cb3\u574a\u8857\u5e97)", "order_time": ["2019-01-05 06:08:34"], "total_order": 1, "hotel_value": ["4.2"], "hotel_price": ["115"]}, "436137": {"hotel_name": "\u676d\u5dde\u534e\u8fb0\u56fd\u9645\u996d\u5e97", "order_time": ["2019-01-05 06:10:33"], "total_order": 1, "hotel_value": ["4.7"], "hotel_price": ["312"]}, "1394016": {"hotel_name": "\u676d\u5dde\u4e09\u534e\u5feb\u6377\u9152\u5e97", "order_time": ["2019-01-05 06:10:33"], "total_order": 1, "hotel_value": ["4.4"], "hotel_price": ["162"]}, "5911956": {"hotel_name": "\u9526\u6c5f\u4e4b\u661f\u98ce\u5c1a(\u676d\u5dde\u4e0b\u6c99\u9ad8\u6c99\u8def\u5730\u94c1\u7ad9\u5e97)", "order_time": ["2019-01-05 06:10:35"], "total_order": 1, "hotel_value": ["4.7"], "hotel_price": ["199"]}, "17376688": {"hotel_name": "\u676d\u5dde\u8427\u5c71\u4e2d\u8d62\u5e0c\u5c14\u987f\u9152\u5e97", "order_time": ["2019-01-05 06:12:34"], "total_order": 1, "hotel_value": ["4.8"], "hotel_price": ["798"]}, "6041781": {"hotel_name": "\u901f8\u9152\u5e97(\u676d\u5dde\u4e34\u5e73\u5730\u94c1\u7ad9\u5e97)", "order_time": ["2019-01-05 06:12:34"], "total_order": 1, "hotel_value": ["4.5"], "hotel_price": ["154"]}, "4732938": {"hotel_name": "\u676d\u5dde\u5e05\u65fa\u5feb\u6377\u5bbe\u9986", "order_time": ["2019-01-05 06:12:35"], "total_order": 1, "hotel_value": ["4.4"], "hotel_price": ["102"]}, "1728082": {"hotel_name": "\u676d\u5dde\u8427\u5c71\u9756\u6c5f\u5bbe\u9986", "order_time": ["2019-01-05 06:12:36"], "total_order": 1, "hotel_value": ["4.5"], "hotel_price": ["215"]}, "7801978": {"hotel_name": "\u5168\u5b63\u9152\u5e97(\u676d\u5dde\u897f\u6e56\u5e73\u6d77\u8def\u5e97)", "order_time": ["2019-01-05 06:12:40"], "total_order": 1, "hotel_value": ["4.8"], "hotel_price": ["282"]}, "6168560": {"hotel_name": "\u676d\u5dde\u65b0\u4e5d\u9f99\u9152\u5e97", "order_time": ["2019-01-05 06:14:33"], "total_order": 1, "hotel_value": ["4.7"], "hotel_price": ["318"]}, "708189": {"hotel_name": "\u676d\u5dde\u745e\u5c45\u9152\u5e97", "order_time": ["2019-01-05 06:14:33"], "total_order": 1, "hotel_value": ["4.4"], "hotel_price": ["258"]}, "2313316": {"hotel_name": "\u5982\u5bb6\u5feb\u6377\u9152\u5e97(\u676d\u5dde\u706b\u8f66\u4e1c\u7ad9\u897f\u5e7f\u573a\u65b0\u98ce\u8def\u5e97)", "order_time": ["2019-01-05 06:14:34"], "total_order": 1, "hotel_value": ["4.5"], "hotel_price": ["113"]}, "8558927": {"hotel_name": "\u676d\u5dde\u6885\u82d1\u60a6\u5c45\u9152\u5e97(\u5e08\u8303\u5927\u5b66\u5e97)", "order_time": ["2019-01-05 06:14:34", "2019-01-05 06:38:35"], "total_order": 2, "hotel_value": ["4.5", "4.5"], "hotel_price": ["402", "402"]}, "1379923": {"hotel_name": "\u676d\u5dde\u676d\u5c1a\u5546\u52a1\u9152\u5e97", "order_time": ["2019-01-05 06:14:35", "2019-01-05 06:24:35"], "total_order": 2, "hotel_value": ["4.0", "4.0"], "hotel_price": ["159", "159"]}, "13828117": {"hotel_name": "\u6816\u8bed\u592a\u7a7a\u9152\u5e97(\u676d\u5dde\u6d59\u5927\u7d2b\u91d1\u6e2f\u5e97)", "order_time": ["2019-01-05 06:16:33"], "total_order": 1, "hotel_value": ["4.6"], "hotel_price": ["77"]}, "346313": {"hotel_name": "\u676d\u5dde\u53cb\u597d\u996d\u5e97", "order_time": ["2019-01-05 06:16:34"], "total_order": 1, "hotel_value": ["4.6"], "hotel_price": ["438"]}, "440546": {"hotel_name": "\u676d\u5dde\u767e\u745e\u8fd0\u6cb3\u5927\u996d\u5e97", "order_time": ["2019-01-05 06:16:41", "2019-01-05 06:26:39"], "total_order": 2, "hotel_value": ["4.4", "4.4"], "hotel_price": ["400", "400"]}, "839544": {"hotel_name": "\u676d\u5dde\u96f7\u8fea\u68ee\u94c2\u4e3d\u5927\u996d\u5e97", "order_time": ["2019-01-05 06:18:38"], "total_order": 1, "hotel_value": ["4.9"], "hotel_price": ["718"]}, "8654528": {"hotel_name": "\u676d\u5dde\u8427\u5c71\u4eba\u6c11\u5e7f\u573a\u4e9a\u6735\u9152\u5e97", "order_time": ["2019-01-05 06:18:39"], "total_order": 1, "hotel_value": ["4.9"], "hotel_price": ["351"]}, "427855": {"hotel_name": "\u5982\u5bb6\u5feb\u6377\u9152\u5e97(\u676d\u5dde\u897f\u6e56\u4fdd\u4ff6\u8def\u5e97)", "order_time": ["2019-01-05 06:18:40"], "total_order": 1, "hotel_value": ["4.3"], "hotel_price": ["104"]}, "1215786": {"hotel_name": "\u676d\u5dde\u5b63\u8f69\u9152\u5e97", "order_time": ["2019-01-05 06:20:37"], "total_order": 1, "hotel_value": ["4.4"], "hotel_price": ["196"]}, "8529721": {"hotel_name": "\u9526\u6c5f\u4e4b\u661f(\u676d\u5dde\u6e56\u6ee8\u5e97)", "order_time": ["2019-01-05 06:22:33"], "total_order": 1, "hotel_value": ["4.4"], "hotel_price": ["212"]}, "435419": {"hotel_name": "\u676d\u5dde\u6e56\u6ee8\u541b\u4ead\u9152\u5e97", "order_time": ["2019-01-05 06:22:33"], "total_order": 1, "hotel_value": ["4.4"], "hotel_price": ["248"]}, "7276739": {"hotel_name": "\u5168\u5b63\u9152\u5e97(\u676d\u5dde\u94b1\u6c5f\u65b0\u57ce\u65b0\u5858\u8def\u5e97)", "order_time": ["2019-01-05 06:22:33", "2019-01-05 06:50:36"], "total_order": 2, "hotel_value": ["4.8", "4.8"], "hotel_price": ["339", "339"]}, "906393": {"hotel_name": "\u676d\u5dde\u6c6a\u661f\u7403\u9752\u5e74\u65c5\u820d", "order_time": ["2019-01-05 06:22:34"], "total_order": 1, "hotel_value": ["4.4"], "hotel_price": ["36"]}, "1249093": {"hotel_name": "\u676d\u5dde\u7c73\u5170\u56db\u5b63\u9152\u5e97", "order_time": ["2019-01-05 06:22:34"], "total_order": 1, "hotel_value": ["4.3"], "hotel_price": ["193"]}, "1289470": {"hotel_name": "\u6c49\u5ead\u9152\u5e97(\u676d\u5dde\u4fdd\u4ff6\u5317\u8def\u5e97)", "order_time": ["2019-01-05 06:22:35", "2019-01-05 06:28:36"], "total_order": 2, "hotel_value": ["4.2", "4.2"], "hotel_price": ["161", "161"]}, "346311": {"hotel_name": "\u676d\u5dde\u9a6c\u53ef\u6ce2\u7f57\u6ee8\u6e56\u9152\u5e97", "order_time": ["2019-01-05 06:36:48", "2019-01-05 06:24:32"], "total_order": 2, "hotel_value": ["4.7", "4.7"], "hotel_price": ["408", "480"]}, "6811751": {"hotel_name": "\u6854\u5b50\u6c34\u6676\u9152\u5e97(\u676d\u5dde\u6b66\u6797\u5e7f\u573a\u5730\u94c1\u7ad9\u5e97)(\u539f\u6b66\u6797\u5e7f\u573a\u94f6\u6cf0\u5e97)", "order_time": ["2019-01-05 06:24:33"], "total_order": 1, "hotel_value": ["4.8"], "hotel_price": ["398"]}, "435427": {"hotel_name": "\u676d\u5dde\u94f6\u9686\u541b\u4ead\u9152\u5e97", "order_time": ["2019-01-05 06:24:34"], "total_order": 1, "hotel_value": ["4.5"], "hotel_price": ["389"]}, "1472274": {"hotel_name": "\u6854\u5b50\u9152\u5e97\u7cbe\u9009(\u676d\u5dde\u6587\u4e09\u8def\u4e07\u5858\u5e97)", "order_time": ["2019-01-05 06:24:36"], "total_order": 1, "hotel_value": ["4.9"], "hotel_price": ["307"]}, "16974789": {"hotel_name": "\u5982\u5bb6\u9a7f\u5c45\u9152\u5e97(\u676d\u5dde\u6b66\u6797\u5e7f\u573a\u6c88\u5858\u6865\u5730\u94c1\u7ad9\u5e97)", "order_time": ["2019-01-05 06:26:35"], "total_order": 1, "hotel_value": ["4.7"], "hotel_price": ["155"]}, "481247": {"hotel_name": "\u5e03\u4e01\u9152\u5e97(\u676d\u5dde\u6ee8\u6c5f\u9ad8\u6559\u56ed\u5e97)", "order_time": ["2019-01-05 06:26:36"], "total_order": 1, "hotel_value": ["3.6"], "hotel_price": ["100"]}, "8354591": {"hotel_name": "\u676d\u5dde\u84dd\u83b2\u82b1\u5f00\u00b7\u4e91\u6c34\u9a7f\u6c11\u5bbf", "order_time": ["2019-01-05 06:26:38"], "total_order": 1, "hotel_value": ["4.4"], "hotel_price": ["212"]}, "19610638": {"hotel_name": "\u676d\u5dde\u8fd0\u6cb3\u5e0c\u5c14\u987f\u6b22\u670b\u9152\u5e97", "order_time": ["2019-01-05 06:26:39"], "total_order": 1, "hotel_value": ["4.8"], "hotel_price": ["409"]}, "1485627": {"hotel_name": "\u6c49\u5ead\u9152\u5e97(\u676d\u5dde\u8f6c\u5858\u7f8e\u9662\u5e97)", "order_time": ["2019-01-05 06:28:34"], "total_order": 1, "hotel_value": ["4.3"], "hotel_price": ["241"]}, "25883924": {"hotel_name": "\u9752\u76ae\u6811\u9152\u5e97(\u676d\u5dde\u4e0b\u6c99\u4f20\u5a92\u5b66\u9662\u5e97)", "order_time": ["2019-01-05 06:28:37"], "total_order": 1, "hotel_value": [0], "hotel_price": ["152"]}, "22467411": {"hotel_name": "\u6591\u6593\u5bb6\u516c\u5bd3(\u676d\u5dde\u963f\u91cc\u5df4\u5df4\u672a\u6765\u79d1\u6280\u57ce\u5e97)", "order_time": ["2019-01-05 06:30:33"], "total_order": 1, "hotel_value": ["4.9"], "hotel_price": ["265"]}, "1232349": {"hotel_name": "\u676d\u5dde\u4e94\u90fd\u5bbe\u9986", "order_time": ["2019-01-05 06:30:35"], "total_order": 1, "hotel_value": [0], "hotel_price": ["83"]}, "1377385": {"hotel_name": "\u60528\u8fde\u9501\u9152\u5e97(\u6850\u5e90\u8fce\u6625\u5357\u8def\u5e97)", "order_time": ["2019-01-05 06:30:41"], "total_order": 1, "hotel_value": ["4.2"], "hotel_price": ["98"]}, "1441689": {"hotel_name": "\u6c49\u5ead\u9152\u5e97(\u676d\u5dde\u897f\u6e56\u6cb3\u574a\u8857\u65b0\u5e97)(\u539f\u897f\u6e56\u5434\u5c71\u5e7f\u573a\u5e97)", "order_time": ["2019-01-05 06:32:32"], "total_order": 1, "hotel_value": ["4.4"], "hotel_price": ["166"]}, "848702": {"hotel_name": "\u5982\u5bb6\u5feb\u6377\u9152\u5e97(\u676d\u5dde\u897f\u6e56\u9ec4\u9f99\u65c5\u6e38\u96c6\u6563\u4e2d\u5fc3\u5e97)", "order_time": ["2019-01-05 06:32:32"], "total_order": 1, "hotel_value": ["4.3"], "hotel_price": ["210"]}, "378858": {"hotel_name": "\u676d\u5dde\u6d32\u9645\u9152\u5e97", "order_time": ["2019-01-05 06:32:32"], "total_order": 1, "hotel_value": ["4.7"], "hotel_price": ["1259"]}, "8148033": {"hotel_name": "\u8bfa\u8bda\u9152\u5e97(\u676d\u5dde\u4e50\u56ed\u6e58\u6e56\u5730\u94c1\u7ad9\u5e97)", "order_time": ["2019-01-05 06:32:33"], "total_order": 1, "hotel_value": ["4.5"], "hotel_price": ["259"]}, "1770072": {"hotel_name": "\u5982\u5bb6\u5feb\u6377\u9152\u5e97(\u676d\u5dde\u6ee8\u6c5f\u5929\u8857\u661f\u5149\u5927\u9053\u5e97)", "order_time": ["2019-01-05 06:32:34"], "total_order": 1, "hotel_value": ["4.1"], "hotel_price": ["192"]}, "429778": {"hotel_name": "\u676d\u5dde\u4e2d\u5c71\u56fd\u9645\u5927\u9152\u5e97", "order_time": ["2019-01-05 06:34:33"], "total_order": 1, "hotel_value": ["4.5"], "hotel_price": ["273"]}, "995379": {"hotel_name": "\u676d\u5dde\u8776\u6765\u671b\u6e56\u5bbe\u9986", "order_time": ["2019-01-05 06:34:33"], "total_order": 1, "hotel_value": ["4.8"], "hotel_price": ["798"]}, "445394": {"hotel_name": "\u676d\u5dde\u897f\u6e56\u56fd\u5bbe\u9986\u00b7\u897f\u6e56\u7b2c\u4e00\u540d\u56ed", "order_time": ["2019-01-05 06:34:34"], "total_order": 1, "hotel_value": ["4.8"], "hotel_price": ["1580"]}, "6562141": {"hotel_name": "\u676d\u5dde\u9cb8\u6b4c\u9752\u5e74\u9a7f\u6808", "order_time": ["2019-01-05 06:36:42"], "total_order": 1, "hotel_value": ["4.5"], "hotel_price": ["111"]}, "2006023": {"hotel_name": "\u676d\u5dde\u683c\u6851\u82b1\u81fb\u54c1\u9152\u5e97", "order_time": ["2019-01-05 06:38:33"], "total_order": 1, "hotel_value": ["4.5"], "hotel_price": ["282"]}, "2942080": {"hotel_name": "\u676d\u5dde\u660e\u8f89\u5546\u52a1\u9152\u5e97", "order_time": ["2019-01-05 06:38:34"], "total_order": 1, "hotel_value": ["4.3"], "hotel_price": ["152"]}, "6286465": {"hotel_name": "\u5343\u5c9b\u6e56\u9082\u9005\u65f6\u5149\u5168\u6e56\u666f\u5ea6\u5047\u522b\u5885", "order_time": ["2019-01-05 06:38:43"], "total_order": 1, "hotel_value": ["4.0"], "hotel_price": ["2550"]}, "1709318": {"hotel_name": "\u676d\u5dde\u60a6\u80dc\u9152\u5e97", "order_time": ["2019-01-05 06:40:33"], "total_order": 1, "hotel_value": ["4.3"], "hotel_price": ["74"]}, "445319": {"hotel_name": "\u676d\u5dde\u8d6b\u7eb3\u9152\u5e97", "order_time": ["2019-01-05 06:42:33"], "total_order": 1, "hotel_value": ["4.5"], "hotel_price": ["257"]}, "369772": {"hotel_name": "\u676d\u5dde\u6e29\u5fb7\u59c6\u81f3\u5c0a\u8c6a\u5ef7\u5927\u9152\u5e97", "order_time": ["2019-01-05 06:42:34"], "total_order": 1, "hotel_value": ["4.7"], "hotel_price": ["966"]}, "635274": {"hotel_name": "\u676d\u5dde\u7d2b\u91d1\u6e2f\u56fd\u9645\u996d\u5e97", "order_time": ["2019-01-05 06:42:35"], "total_order": 1, "hotel_value": ["4.5"], "hotel_price": ["399"]}, "9549267": {"hotel_name": "\u6c38\u5229\u6d3b\u7985\u9152\u5e97(\u676d\u5dde\u4eba\u6c11\u5e7f\u573a\u5e97)", "order_time": ["2019-01-05 06:42:35"], "total_order": 1, "hotel_value": ["4.6"], "hotel_price": ["267"]}, "10555258": {"hotel_name": "\u676d\u5dde\u897f\u7c73\u9152\u5e97\u5f0f\u516c\u5bd3\u897f\u57ce\u7eaa\u5e97", "order_time": ["2019-01-05 06:44:35"], "total_order": 1, "hotel_value": ["4.8"], "hotel_price": ["242"]}, "479445": {"hotel_name": "\u676d\u5dde\u745e\u83b1\u514b\u65af\u5927\u9152\u5e97", "order_time": ["2019-01-05 06:46:33"], "total_order": 1, "hotel_value": ["4.2"], "hotel_price": ["199"]}, "1597708": {"hotel_name": "\u6d59\u6c5f\u6f6e\u738b\u5927\u9152\u5e97", "order_time": ["2019-01-05 06:46:33"], "total_order": 1, "hotel_value": ["4.4"], "hotel_price": ["163"]}, "1441150": {"hotel_name": "\u5982\u5bb6\u5feb\u6377\u9152\u5e97(\u676d\u5dde\u897f\u6e56\u89e3\u653e\u8def\u5efa\u56fd\u8def\u5e97)", "order_time": ["2019-01-05 06:46:34"], "total_order": 1, "hotel_value": ["4.5"], "hotel_price": ["139"]}, "1302445": {"hotel_name": "\u676d\u5dde\u897f\u6eaa\u7eb3\u5fb7\u6da6\u6cfd\u56ed\u5ea6\u5047\u9152\u5e97", "order_time": ["2019-01-05 06:48:43"], "total_order": 1, "hotel_value": ["4.6"], "hotel_price": ["193"]}, "19732611": {"hotel_name": "\u676d\u5dde\u5343\u8d8a\u541b\u4ead\u9152\u5e97", "order_time": ["2019-01-05 06:48:44"], "total_order": 1, "hotel_value": ["4.6"], "hotel_price": ["503"]}, "23673949": {"hotel_name": "\u6854\u5b50\u9152\u5e97\u00b7\u7cbe\u9009(\u676d\u5dde\u6c5f\u5357\u5927\u9053\u9f99\u6e56\u5929\u8857\u5e97)", "order_time": ["2019-01-05 06:48:44"], "total_order": 1, "hotel_value": ["4.8"], "hotel_price": ["331"]}, "1702388": {"hotel_name": "\u676d\u5dde\u767e\u5408\u82b1\u9152\u5e97\u66d9\u5149\u8def\u5e97", "order_time": ["2019-01-05 06:48:46"], "total_order": 1, "hotel_value": ["4.2"], "hotel_price": ["242"]}, "3734519": {"hotel_name": "\u676d\u5dde\u4ec1\u5a01\u516c\u5bd3\u5f0f\u9152\u5e97(\u539f\u6728\u6728\u9152\u5e97)", "order_time": ["2019-01-05 06:48:46"], "total_order": 1, "hotel_value": ["4.1"], "hotel_price": ["124"]}, "435354": {"hotel_name": "\u5343\u5c9b\u6e56\u7eff\u57ce\u5ea6\u5047\u9152\u5e97", "order_time": ["2019-01-05 06:50:45"], "total_order": 1, "hotel_value": ["4.8"], "hotel_price": ["388"]}, "1434344": {"hotel_name": "\u5e03\u4e01\u9152\u5e97(\u676d\u5dde\u4e07\u5858\u8def\u534e\u661f\u65f6\u4ee3\u5e7f\u573a\u5e97)", "order_time": ["2019-01-05 06:52:35"], "total_order": 1, "hotel_value": ["4.0"], "hotel_price": ["125"]}}}