{"\u5f00\u59cb\u8bb0\u5f55\u65f6\u95f4": "2019-01-06 08:55:59", "\u7ed3\u675f\u8bb0\u5f55\u65f6\u95f4": "2019-01-06 09:55:59", "\u8ba2\u5355\u603b\u589e\u91cf": 371, "item": {"11085643": {"hotel_name": "\u676d\u5dde\u5370\u00b7\u94c2\u987f\u5370\u9152\u5e97", "order_time": ["2019-01-06 08:58:08"], "total_order": 1, "hotel_value": ["4.6"], "hotel_price": ["299"]}, "11538334": {"hotel_name": "\u676d\u5dde\u5965\u4f53\u534e\u7f8e\u8fbe\u5b89\u53ef\u9152\u5e97\uff08\u94b1\u6c5f\u4e16\u7eaa\u57ce\u5e97\uff09", "order_time": ["2019-01-06 08:58:08"], "total_order": 1, "hotel_value": ["4.7"], "hotel_price": ["429"]}, "5903375": {"hotel_name": "\u8d5e\u6210\u5bbe\u9986(\u676d\u5dde\u56fd\u9645\u5e97)", "order_time": ["2019-01-06 08:58:09"], "total_order": 1, "hotel_value": ["4.7"], "hotel_price": ["296"]}, "6447471": {"hotel_name": "\u661f\u57ce\u592a\u7a7a\u8231\u7cbe\u54c1\u9752\u5e74\u65c5\u820d(\u676d\u5dde\u897f\u6e56\u9f99\u7fd4\u6865\u5730\u94c1\u7ad9\u5e97)", "order_time": ["2019-01-06 08:58:09"], "total_order": 1, "hotel_value": ["4.5"], "hotel_price": ["54"]}, "1334263": {"hotel_name": "\u8fe6\u5f97\u98ce\u5c1a\u8fde\u9501\u9152\u5e97(\u676d\u5dde\u4e2d\u5c71\u5e97)", "order_time": ["2019-01-06 08:58:09"], "total_order": 1, "hotel_value": ["4.3"], "hotel_price": ["75"]}, "479153": {"hotel_name": "\u9526\u6c5f\u90fd\u57ce\u9152\u5e97(\u676d\u5dde\u62f1\u5885\u4e07\u8fbe\u5e7f\u573a\u5e97)", "order_time": ["2019-01-06 08:58:10"], "total_order": 1, "hotel_value": ["4.7"], "hotel_price": ["284"]}, "1462863": {"hotel_name": "\u676d\u5dde\u5929\u9005\u9152\u5e97", "order_time": ["2019-01-06 08:58:10"], "total_order": 1, "hotel_value": ["4.5"], "hotel_price": ["143"]}, "453487": {"hotel_name": "\u5168\u5b63\u9152\u5e97(\u676d\u5dde\u897f\u6e56\u5e97)", "order_time": ["2019-01-06 08:58:11", "2019-01-06 09:06:08"], "total_order": 2, "hotel_value": ["4.8", "4.8"], "hotel_price": ["241", "241"]}, "433750": {"hotel_name": "\u4e66\u9999\u4e16\u5bb6\u9152\u5e97(\u676d\u5dde\u897f\u6e56\u6b66\u6797\u5e7f\u573a\u6d59\u5927\u5e97)", "order_time": ["2019-01-06 08:58:11"], "total_order": 1, "hotel_value": ["4.8"], "hotel_price": ["317"]}, "426643": {"hotel_name": "\u676d\u5dde\u745e\u8c6a\u4e2d\u5fc3\u9152\u5e97", "order_time": ["2019-01-06 08:58:11"], "total_order": 1, "hotel_value": ["4.5"], "hotel_price": ["418"]}, "5702234": {"hotel_name": "\u660a\u9890\u9152\u5e97(\u676d\u5dde\u8f6c\u5858\u897f\u6e56\u7f8e\u9662\u5e97)", "order_time": ["2019-01-06 08:58:11"], "total_order": 1, "hotel_value": ["4.6"], "hotel_price": ["235"]}, "15084882": {"hotel_name": "Zsmart\u667a\u5c1a\u9152\u5e97(\u676d\u5dde\u6d59\u4e8c\u89e3\u653e\u8def\u5e97)", "order_time": ["2019-01-06 08:58:11"], "total_order": 1, "hotel_value": ["4.5"], "hotel_price": ["125"]}, "532341": {"hotel_name": "\u5343\u5c9b\u6e56\u6885\u5730\u4e9a\u541b\u6f9c\u5ea6\u5047\u9152\u5e97", "order_time": ["2019-01-06 08:58:12", "2019-01-06 09:12:15"], "total_order": 2, "hotel_value": ["4.8", "4.8"], "hotel_price": ["399", "399"]}, "1611249": {"hotel_name": "\u5168\u5b63\u9152\u5e97(\u676d\u5dde\u4e2d\u6cb3\u5317\u8def\u5e97)", "order_time": ["2019-01-06 09:00:10"], "total_order": 1, "hotel_value": ["4.8"], "hotel_price": ["234"]}, "430457": {"hotel_name": "\u676d\u5dde\u56fd\u9645\u5047\u65e5\u9152\u5e97", "order_time": ["2019-01-06 09:00:10"], "total_order": 1, "hotel_value": ["4.4"], "hotel_price": ["552"]}, "5797030": {"hotel_name": "\u676d\u5dde\u51e4\u51f0\u827a\u9986\u9152\u5e97", "order_time": ["2019-01-06 09:00:10"], "total_order": 1, "hotel_value": ["4.7"], "hotel_price": ["606"]}, "6066213": {"hotel_name": "\u7ef4\u4e5f\u7eb3\u56fd\u9645\u9152\u5e97(\u676d\u5dde\u706b\u8f66\u4e1c\u7ad9\u5e97)", "order_time": ["2019-01-06 09:28:10", "2019-01-06 09:00:11", "2019-01-06 09:14:10"], "total_order": 3, "hotel_value": ["4.8", "4.8", "4.8"], "hotel_price": ["341", "341", "341"]}, "1740546": {"hotel_name": "\u676d\u5dde\u548c\u5e73\u996d\u5e97", "order_time": ["2019-01-06 09:00:11"], "total_order": 1, "hotel_value": ["4.5"], "hotel_price": ["298"]}, "426105": {"hotel_name": "\u676d\u5dde\u7eb3\u5fb7\u81ea\u7531\u9152\u5e97", "order_time": ["2019-01-06 09:00:11"], "total_order": 1, "hotel_value": ["4.6"], "hotel_price": ["309"]}, "474064": {"hotel_name": "\u7ef4\u4e5f\u7eb3\u56fd\u9645\u9152\u5e97(\u676d\u5dde\u6e58\u6e56\u5e97)", "order_time": ["2019-01-06 09:00:11"], "total_order": 1, "hotel_value": ["4.7"], "hotel_price": ["279"]}, "1770768": {"hotel_name": "\u5bcc\u9633\u5982\u60a6\u5546\u52a1\u9152\u5e97", "order_time": ["2019-01-06 09:00:12"], "total_order": 1, "hotel_value": ["4.9"], "hotel_price": ["121"]}, "445197": {"hotel_name": "\u676d\u5dde\u8427\u5c71\u56fd\u9645\u673a\u573a\u8776\u6765\u5927\u9152\u5e97(\u539f\u6d59\u65c5\u5927\u9152\u5e97)", "order_time": ["2019-01-06 09:00:12"], "total_order": 1, "hotel_value": ["4.7"], "hotel_price": ["613"]}, "1768147": {"hotel_name": "\u676d\u5dde\u552f\u84dd\u5546\u52a1\u9152\u5e97", "order_time": ["2019-01-06 09:00:13"], "total_order": 1, "hotel_value": ["4.0"], "hotel_price": ["164"]}, "481296": {"hotel_name": "\u5e03\u4e01\u9152\u5e97(\u676d\u5dde\u7ecd\u5174\u8def\u548c\u5e73\u56fd\u9645\u4f1a\u5c55\u4e2d\u5fc3\u5e97)", "order_time": ["2019-01-06 09:26:12", "2019-01-06 09:00:14"], "total_order": 2, "hotel_value": ["4.1", "4.1"], "hotel_price": ["76", "76"]}, "346316": {"hotel_name": "\u6d59\u6c5f\u996d\u5e97", "order_time": ["2019-01-06 09:02:09"], "total_order": 1, "hotel_value": ["4.8"], "hotel_price": ["399"]}, "1302445": {"hotel_name": "\u676d\u5dde\u897f\u6eaa\u7eb3\u5fb7\u6da6\u6cfd\u56ed\u5ea6\u5047\u9152\u5e97", "order_time": ["2019-01-06 09:02:09"], "total_order": 1, "hotel_value": ["4.6"], "hotel_price": ["243"]}, "375371": {"hotel_name": "\u6d59\u6c5f\u7ef4\u591a\u5229\u4e9a\u4e3d\u5609\u9152\u5e97", "order_time": ["2019-01-06 09:02:09"], "total_order": 1, "hotel_value": ["4.6"], "hotel_price": ["300"]}, "1441689": {"hotel_name": "\u6c49\u5ead\u9152\u5e97(\u676d\u5dde\u897f\u6e56\u6cb3\u574a\u8857\u65b0\u5e97)(\u539f\u897f\u6e56\u5434\u5c71\u5e7f\u573a\u5e97)", "order_time": ["2019-01-06 09:02:09", "2019-01-06 09:40:11", "2019-01-06 09:34:09"], "total_order": 3, "hotel_value": ["4.4", "4.5", "4.5"], "hotel_price": ["111", "120", "120"]}, "16189850": {"hotel_name": "\u897f\u7f18\u7cbe\u9009\u9152\u5e97(\u676d\u5dde\u963f\u91cc\u5df4\u5df4\u897f\u6eaa\u6e7f\u5730\u5e97)(\u539f\u897f\u6eaa\u56ed\u533a\u5e97)", "order_time": ["2019-01-06 09:02:11"], "total_order": 1, "hotel_value": ["4.7"], "hotel_price": ["201"]}, "1720424": {"hotel_name": "\u5f00\u5143\u66fc\u5c45\u00b7\u676d\u5dde\u706b\u8f66\u5357\u7ad9\u5e97", "order_time": ["2019-01-06 09:02:11", "2019-01-06 09:52:10"], "total_order": 2, "hotel_value": ["4.7", "4.7"], "hotel_price": ["245", "245"]}, "1061856": {"hotel_name": "\u676d\u5dde\u6728\u5170\u9053\u9752\u5e74\u65c5\u820d", "order_time": ["2019-01-06 09:02:11"], "total_order": 1, "hotel_value": ["4.4"], "hotel_price": ["38"]}, "17973495": {"hotel_name": "\u676d\u5dde\u60a0\u4ef0\u6c11\u5bbf", "order_time": ["2019-01-06 09:02:12"], "total_order": 1, "hotel_value": ["4.9"], "hotel_price": ["244"]}, "920959": {"hotel_name": "\u676d\u5dde\u6021\u96c5\u5c45\u9752\u5e74\u65c5\u820d", "order_time": ["2019-01-06 09:02:13"], "total_order": 1, "hotel_value": ["4.4"], "hotel_price": ["75"]}, "433966": {"hotel_name": "\u5343\u5c9b\u6e56\u6da6\u548c\u5efa\u56fd\u5ea6\u5047\u9152\u5e97", "order_time": ["2019-01-06 09:02:17"], "total_order": 1, "hotel_value": ["4.8"], "hotel_price": ["399"]}, "5673297": {"hotel_name": "\u676d\u5dde\u94b1\u6c5f\u65b0\u57ce\u4e07\u8c6a\u9152\u5e97", "order_time": ["2019-01-06 09:04:09"], "total_order": 1, "hotel_value": ["4.7"], "hotel_price": ["1108"]}, "6314578": {"hotel_name": "\u676d\u5dde\u6b22\u5ead\u4e24\u76f8\u5b9c\u7cbe\u54c1\u6c11\u5bbf", "order_time": ["2019-01-06 09:04:09"], "total_order": 1, "hotel_value": ["4.7"], "hotel_price": ["151"]}, "1569818": {"hotel_name": "\u5982\u5bb6\u5feb\u6377\u9152\u5e97(\u676d\u5dde\u8427\u5c71\u901a\u60e0\u5317\u8def\u65b0\u519c\u90fd\u5e97)", "order_time": ["2019-01-06 09:04:10", "2019-01-06 09:42:09"], "total_order": 2, "hotel_value": ["4.4", "4.4"], "hotel_price": ["130", "130"]}, "1352761": {"hotel_name": "\u5982\u5bb6\u5feb\u6377\u9152\u5e97(\u676d\u5dde\u897f\u6e56\u89e3\u653e\u8def\u4f51\u5723\u89c2\u8def\u5e97)", "order_time": ["2019-01-06 09:04:11"], "total_order": 1, "hotel_value": ["4.4"], "hotel_price": ["142"]}, "1071761": {"hotel_name": "\u5e03\u4e01\u9152\u5e97(\u676d\u5dde\u897f\u6e56\u6b66\u6797\u95e8\u5e97)", "order_time": ["2019-01-06 09:04:11"], "total_order": 1, "hotel_value": ["3.6"], "hotel_price": ["85"]}, "1228847": {"hotel_name": "\u676d\u5dde\u4fdd\u5143\u5bbe\u9986", "order_time": ["2019-01-06 09:04:11"], "total_order": 1, "hotel_value": ["4.2"], "hotel_price": ["112"]}, "6407397": {"hotel_name": "\u676d\u5dde\u8427\u5c71\u65b0\u4e91\u5c1a\u5546\u52a1\u9152\u5e97", "order_time": ["2019-01-06 09:04:13"], "total_order": 1, "hotel_value": ["4.8"], "hotel_price": ["103"]}, "1630873": {"hotel_name": "\u6c49\u5ead\u9152\u5e97(\u676d\u5dde\u6b66\u6797\u5e7f\u573a\u897f\u5e97)", "order_time": ["2019-01-06 09:06:08"], "total_order": 1, "hotel_value": ["4.2"], "hotel_price": ["153"]}, "10558548": {"hotel_name": "\u676d\u5dde\u5370\u6cf0\u6664\u58eb\u00b7\u5ead\u60a6\u9152\u5e97", "order_time": ["2019-01-06 09:06:09"], "total_order": 1, "hotel_value": ["4.7"], "hotel_price": ["289"]}, "435439": {"hotel_name": "\u676d\u5dde\u897f\u6e56\u6162\u4eab\u4e3b\u9898\u9152\u5e97", "order_time": ["2019-01-06 09:06:09"], "total_order": 1, "hotel_value": ["4.7"], "hotel_price": ["276"]}, "23225601": {"hotel_name": "\u6854\u5b50\u9152\u5e97\u7cbe\u9009(\u676d\u5dde\u672a\u6765\u79d1\u6280\u57ce\u676d\u5e08\u5927\u5e97)", "order_time": ["2019-01-06 09:18:11", "2019-01-06 09:06:09"], "total_order": 2, "hotel_value": ["4.8", "4.8"], "hotel_price": ["304", "304"]}, "1006951": {"hotel_name": "\u968f\u5bd3\u9752\u5e74\u9152\u5e97(\u676d\u5dde\u4f51\u820d\u5e97)", "order_time": ["2019-01-06 09:06:09"], "total_order": 1, "hotel_value": ["4.3"], "hotel_price": ["105"]}, "1628144": {"hotel_name": "\u5370\u6708\u5bbe\u9986(\u676d\u5dde\u57ce\u7ad9\u5fa1\u8857\u5e97)", "order_time": ["2019-01-06 09:06:10"], "total_order": 1, "hotel_value": ["4.2"], "hotel_price": ["150"]}, "1764634": {"hotel_name": "\u676d\u5dde\u6587\u534f\u5bbe\u9986", "order_time": ["2019-01-06 09:06:10"], "total_order": 1, "hotel_value": ["4.5"], "hotel_price": ["96"]}, "1706257": {"hotel_name": "\u676d\u5dde\u4e54\u53f8\u56fd\u9645\u5927\u9152\u5e97", "order_time": ["2019-01-06 09:42:11", "2019-01-06 09:06:10"], "total_order": 2, "hotel_value": ["3.9", "3.9"], "hotel_price": ["136", "136"]}, "25228903": {"hotel_name": "Q\u52a0\u00b7\u60a6\u5bb6\u9152\u5e97(\u676d\u5dde\u672a\u6765\u79d1\u6280\u57ce\u5e97)", "order_time": ["2019-01-06 09:18:12", "2019-01-06 09:06:11"], "total_order": 2, "hotel_value": ["4.9", "4.9"], "hotel_price": ["125", "125"]}, "816763": {"hotel_name": "\u548c\u9890\u81f3\u683c\u9152\u5e97(\u676d\u5dde\u706b\u8f66\u4e1c\u7ad9\u897f\u5e7f\u573a\u5e97)", "order_time": ["2019-01-06 09:38:09", "2019-01-06 09:34:08", "2019-01-06 09:30:12", "2019-01-06 09:08:11"], "total_order": 4, "hotel_value": ["4.6", "4.6", "4.6", "4.6"], "hotel_price": ["249", "249", "249", "249"]}, "730097": {"hotel_name": "\u676d\u5dde\u534e\u8fb0\u5370\u8c61\u9152\u5e97", "order_time": ["2019-01-06 09:08:11"], "total_order": 1, "hotel_value": ["4.2"], "hotel_price": ["156"]}, "4498707": {"hotel_name": "\u676d\u5dde\u57ce\u4e2d\u9999\u683c\u91cc\u62c9\u5927\u9152\u5e97", "order_time": ["2019-01-06 09:08:11"], "total_order": 1, "hotel_value": ["4.7"], "hotel_price": ["1236"]}, "429719": {"hotel_name": "\u6d59\u6c5f\u6885\u5730\u4e9a\u5bbe\u9986", "order_time": ["2019-01-06 09:08:12", "2019-01-06 09:26:09"], "total_order": 2, "hotel_value": ["4.7", "4.7"], "hotel_price": ["389", "389"]}, "23798813": {"hotel_name": "\u5168\u5b63\u9152\u5e97(\u676d\u5dde\u897f\u6eaa\u6d77\u6e2f\u57ce\u5e97)", "order_time": ["2019-01-06 09:08:12"], "total_order": 1, "hotel_value": ["4.9"], "hotel_price": ["241"]}, "10480597": {"hotel_name": "\u676d\u5dde\u672a\u95fb\u5c0f\u7b51", "order_time": ["2019-01-06 09:08:13", "2019-01-06 09:20:10"], "total_order": 2, "hotel_value": ["4.8", "4.8"], "hotel_price": ["298", "298"]}, "1485449": {"hotel_name": "\u6c49\u5ead\u9152\u5e97(\u676d\u5dde\u79cb\u6d9b\u5317\u8def\u5e97)", "order_time": ["2019-01-06 09:08:13"], "total_order": 1, "hotel_value": ["4.3"], "hotel_price": ["152"]}, "445496": {"hotel_name": "\u897f\u6e56\u67d2\u53f7\u9152\u5e97\u5f0f\u516c\u5bd3(\u676d\u5dde\u897f\u6e56\u5e97)", "order_time": ["2019-01-06 09:08:13"], "total_order": 1, "hotel_value": ["4.5"], "hotel_price": ["220"]}, "1306723": {"hotel_name": "\u676d\u5dde\u6fb3\u67ab\u5feb\u6377\u9152\u5e97", "order_time": ["2019-01-06 09:08:13", "2019-01-06 09:16:11"], "total_order": 2, "hotel_value": ["4.0", "4.0"], "hotel_price": ["84", "84"]}, "19732611": {"hotel_name": "\u676d\u5dde\u5343\u8d8a\u541b\u4ead\u9152\u5e97", "order_time": ["2019-01-06 09:08:14"], "total_order": 1, "hotel_value": ["4.6"], "hotel_price": ["503"]}, "1462903": {"hotel_name": "\u676d\u5dde\u5361\u5c14\u8299\u9152\u5e97(\u539f\u74ef\u6c5f\u9152\u5e97)", "order_time": ["2019-01-06 09:08:14"], "total_order": 1, "hotel_value": ["4.5"], "hotel_price": ["198"]}, "1349076": {"hotel_name": "\u676d\u5dde\u7a7a\u6e2f\u5929\u73b2\u5ba2\u623f", "order_time": ["2019-01-06 09:08:15", "2019-01-06 09:32:12"], "total_order": 2, "hotel_value": ["3.4", "3.4"], "hotel_price": ["105", "105"]}, "469261": {"hotel_name": "\u6d59\u6c5f\u7ea2\u697c\u56fd\u9645\u996d\u5e97", "order_time": ["2019-01-06 09:08:17"], "total_order": 1, "hotel_value": ["4.4"], "hotel_price": ["208"]}, "1641511": {"hotel_name": "\u5168\u5b63\u9152\u5e97(\u676d\u5dde\u897f\u6e56\u65ad\u6865\u5e97)", "order_time": ["2019-01-06 09:10:11"], "total_order": 1, "hotel_value": ["4.8"], "hotel_price": ["288"]}, "5159992": {"hotel_name": "\u676d\u5dde\u6e05\u5883\u00b7\u897f\u6eaa\u6c11\u5bbf", "order_time": ["2019-01-06 09:10:12"], "total_order": 1, "hotel_value": ["4.8"], "hotel_price": ["249"]}, "1007479": {"hotel_name": "\u676d\u5dde\u65b0\u4e34\u5e73\u5bbe\u9986", "order_time": ["2019-01-06 09:10:12"], "total_order": 1, "hotel_value": ["4.6"], "hotel_price": ["233"]}, "447201": {"hotel_name": "\u6d59\u6c5f\u4e09\u7acb\u5f00\u5143\u540d\u90fd\u5927\u9152\u5e97", "order_time": ["2019-01-06 09:10:12"], "total_order": 1, "hotel_value": ["4.7"], "hotel_price": ["473"]}, "1740628": {"hotel_name": "\u9526\u6c5f\u4e4b\u661f\u54c1\u5c1a(\u676d\u5dde\u897f\u6e56\u5ef6\u5b89\u8def\u5e97)(\u539f\u7cbe\u54c14s\u7248\u5ef6\u5b89\u8def\u5546\u4e1a\u8857\u5e97)", "order_time": ["2019-01-06 09:10:12"], "total_order": 1, "hotel_value": ["4.5"], "hotel_price": ["202"]}, "1343023": {"hotel_name": "\u901f8\u9152\u5e97(\u676d\u5dde\u5357\u5b8b\u5fa1\u8857\u5e97)", "order_time": ["2019-01-06 09:24:11", "2019-01-06 09:10:12"], "total_order": 2, "hotel_value": ["4.1", "4.1"], "hotel_price": ["74", "74"]}, "975714": {"hotel_name": "\u5168\u5b63\u9152\u5e97(\u676d\u5dde\u897f\u6e56\u89e3\u653e\u8def\u5e97)", "order_time": ["2019-01-06 09:10:12"], "total_order": 1, "hotel_value": ["4.8"], "hotel_price": ["245"]}, "445490": {"hotel_name": "\u676d\u5dde\u5b54\u96c0\u5927\u9152\u5e97", "order_time": ["2019-01-06 09:10:12"], "total_order": 1, "hotel_value": ["4.2"], "hotel_price": ["337"]}, "15879176": {"hotel_name": "\u676d\u5dde\u9047\u67d2\u9152\u5e97", "order_time": ["2019-01-06 09:10:13"], "total_order": 1, "hotel_value": ["4.6"], "hotel_price": ["164"]}, "15117260": {"hotel_name": "\u676d\u5dde\u6587\u534e\u666f\u6f9c\u5927\u9152\u5e97", "order_time": ["2019-01-06 09:10:13"], "total_order": 1, "hotel_value": ["4.5"], "hotel_price": ["322"]}, "8140087": {"hotel_name": "\u9038\u81f4\u9152\u5e97(\u676d\u5dde\u56db\u5b63\u9752\u94b1\u6c5f\u65b0\u57ce\u5e97)", "order_time": ["2019-01-06 09:22:11", "2019-01-06 09:10:13"], "total_order": 2, "hotel_value": ["4.7", "4.7"], "hotel_price": ["246", "246"]}, "1441150": {"hotel_name": "\u5982\u5bb6\u5feb\u6377\u9152\u5e97(\u676d\u5dde\u897f\u6e56\u89e3\u653e\u8def\u5efa\u56fd\u8def\u5e97)", "order_time": ["2019-01-06 09:18:11", "2019-01-06 09:10:13"], "total_order": 2, "hotel_value": ["4.5", "4.5"], "hotel_price": ["155", "155"]}, "369772": {"hotel_name": "\u676d\u5dde\u6e29\u5fb7\u59c6\u81f3\u5c0a\u8c6a\u5ef7\u5927\u9152\u5e97", "order_time": ["2019-01-06 09:50:09", "2019-01-06 09:18:10", "2019-01-06 09:26:08", "2019-01-06 09:10:13"], "total_order": 4, "hotel_value": ["4.7", "4.7", "4.7", "4.7"], "hotel_price": ["825", "825", "825", "825"]}, "1640647": {"hotel_name": "\u6d59\u6c5f\u5047\u65e5\u4e4b\u661f\u9152\u5e97(\u676d\u5dde\u706b\u8f66\u4e1c\u7ad9\u5e97)\u539f(\u676d\u5dde\u6587\u6656\u5e97)", "order_time": ["2019-01-06 09:10:13"], "total_order": 1, "hotel_value": ["4.2"], "hotel_price": ["98"]}, "23563928": {"hotel_name": "\u676d\u5dde\u5fc3\u60a6\u6c11\u5bbf", "order_time": ["2019-01-06 09:10:14"], "total_order": 1, "hotel_value": ["4.9"], "hotel_price": ["172"]}, "993785": {"hotel_name": "\u6850\u5e90\u9f99\u541f\u5c45\u6c11\u5bbf", "order_time": ["2019-01-06 09:10:17"], "total_order": 1, "hotel_value": ["4.6"], "hotel_price": ["143"]}, "2916683": {"hotel_name": "\u5982\u5bb6\u5feb\u6377\u9152\u5e97(\u676d\u5dde\u706b\u8f66\u4e1c\u7ad9\u897f\u5e7f\u573a\u5e97)", "order_time": ["2019-01-06 09:12:09"], "total_order": 1, "hotel_value": ["4.2"], "hotel_price": ["129"]}, "369764": {"hotel_name": "\u676d\u5dde\u5f00\u5143\u540d\u90fd\u5927\u9152\u5e97", "order_time": ["2019-01-06 09:12:10"], "total_order": 1, "hotel_value": ["4.8"], "hotel_price": ["559"]}, "916788": {"hotel_name": "\u676d\u5dde\u6dfb\u6cc9\u9152\u5e97\u5f0f\u516c\u5bd3", "order_time": ["2019-01-06 09:12:10"], "total_order": 1, "hotel_value": ["4.2"], "hotel_price": ["154"]}, "533822": {"hotel_name": "\u676d\u5dde\u7fe1\u4e3d\u5927\u9152\u5e97", "order_time": ["2019-01-06 09:12:11"], "total_order": 1, "hotel_value": ["4.5"], "hotel_price": ["436"]}, "2252834": {"hotel_name": "\u676d\u5dde\u5948\u65af\u5546\u52a1\u9152\u5e97", "order_time": ["2019-01-06 09:12:11"], "total_order": 1, "hotel_value": ["4.1"], "hotel_price": ["178"]}, "1425337": {"hotel_name": "\u5982\u5bb6\u5feb\u6377\u9152\u5e97(\u676d\u5dde\u8427\u5c71\u91d1\u57ce\u8def\u4eba\u6c11\u5e7f\u573a\u5730\u94c1\u7ad9\u5e97)", "order_time": ["2019-01-06 09:12:12"], "total_order": 1, "hotel_value": ["4.2"], "hotel_price": ["110"]}, "19588832": {"hotel_name": "\u676d\u5dde\u9752\u84b2\u9152\u5e97\u516c\u5bd3", "order_time": ["2019-01-06 09:12:13"], "total_order": 1, "hotel_value": ["4.5"], "hotel_price": ["180"]}, "709093": {"hotel_name": "\u4e34\u5b89\u6e4d\u53e3\u4f17\u5b89\u6c21\u6e29\u6cc9\u5ea6\u5047\u9152\u5e97", "order_time": ["2019-01-06 09:12:16", "2019-01-06 09:52:15"], "total_order": 2, "hotel_value": ["4.6", "4.6"], "hotel_price": ["1298", "1332"]}, "1535545": {"hotel_name": "\u6c49\u5ead\u9152\u5e97(\u5efa\u5fb7\u65b0\u5b89\u6c5f\u76db\u5fb7\u56fd\u9645\u5e7f\u573a\u5e97)(\u539f\u65b0\u5b89\u6c5f\u5e97)", "order_time": ["2019-01-06 09:12:17"], "total_order": 1, "hotel_value": ["4.2"], "hotel_price": ["125"]}, "445494": {"hotel_name": "\u676d\u5dde\u548c\u4e3d\u7cbe\u54c1\u9152\u5e97", "order_time": ["2019-01-06 09:14:08"], "total_order": 1, "hotel_value": ["4.4"], "hotel_price": ["189"]}, "998309": {"hotel_name": "\u5982\u5bb6\u5feb\u6377\u9152\u5e97(\u676d\u5dde\u897f\u6e56\u5357\u5b8b\u5fa1\u8857\u9f13\u697c\u5e97)(\u539f\u897f\u6e56\u6cb3\u574a\u8857\u5e97)", "order_time": ["2019-01-06 09:14:09"], "total_order": 1, "hotel_value": ["4.3"], "hotel_price": ["93"]}, "445502": {"hotel_name": "\u676d\u5dde\u4f0a\u9e9f\u9152\u5e97\u5f0f\u516c\u5bd3", "order_time": ["2019-01-06 09:14:09", "2019-01-06 09:18:11"], "total_order": 2, "hotel_value": ["4.2", "4.2"], "hotel_price": ["196", "196"]}, "13931388": {"hotel_name": "\u676d\u5dde\u60a6\u65c5\u9152\u5e97\u5f0f\u516c\u5bd3\u963f\u91cc\u5df4\u5df4\u6d77\u521b\u56ed\u5e97", "order_time": ["2019-01-06 09:14:09"], "total_order": 1, "hotel_value": ["4.9"], "hotel_price": ["268"]}, "15154181": {"hotel_name": "\u57ce\u5bb6\u516c\u5bd3(\u676d\u5dde\u8f6c\u5858\u7f8e\u9662\u5e97)", "order_time": ["2019-01-06 09:14:09"], "total_order": 1, "hotel_value": ["4.7"], "hotel_price": ["179"]}, "662429": {"hotel_name": "\u5168\u5b63\u9152\u5e97(\u676d\u5dde\u661f\u5149\u5927\u9053\u5e97)", "order_time": ["2019-01-06 09:14:09"], "total_order": 1, "hotel_value": ["4.8"], "hotel_price": ["297"]}, "1346930": {"hotel_name": "\u676d\u5dde\u5143\u90fd\u7cbe\u54c1\u9152\u5e97", "order_time": ["2019-01-06 09:14:10"], "total_order": 1, "hotel_value": ["4.2"], "hotel_price": ["167"]}, "1218334": {"hotel_name": "\u676d\u5dde\u7389\u6995\u897f\u5e90\u7cbe\u54c1\u5ea6\u5047\u9152\u5e97", "order_time": ["2019-01-06 09:14:10"], "total_order": 1, "hotel_value": ["4.8"], "hotel_price": ["328"]}, "434057": {"hotel_name": "\u676d\u5dde\u666e\u91d1\u5927\u9152\u5e97", "order_time": ["2019-01-06 09:14:10"], "total_order": 1, "hotel_value": ["4.3"], "hotel_price": ["102"]}, "441133": {"hotel_name": "\u80dc\u9ad8\u9152\u5e97(\u676d\u5dde\u8fd0\u6cb3\u6c7d\u8f66\u5317\u7ad9\u5e97)", "order_time": ["2019-01-06 09:14:10"], "total_order": 1, "hotel_value": ["4.5"], "hotel_price": ["143"]}, "19624311": {"hotel_name": "\u83b1\u5ead\u9152\u5e97(\u676d\u5dde\u8427\u5c71\u673a\u573a\u5e97)", "order_time": ["2019-01-06 09:42:10", "2019-01-06 09:14:10"], "total_order": 2, "hotel_value": ["4.4", "4.4"], "hotel_price": ["140", "140"]}, "1768953": {"hotel_name": "\u676d\u5dde\u6c83\u5c45\u5feb\u6377\u9152\u5e97", "order_time": ["2019-01-06 09:24:13", "2019-01-06 09:14:10"], "total_order": 2, "hotel_value": ["4.1", "4.1"], "hotel_price": ["72", "72"]}, "1484250": {"hotel_name": "\u901f8\u9152\u5e97(\u676d\u5dde\u65b0\u534e\u8def\u5e97)", "order_time": ["2019-01-06 09:14:11"], "total_order": 1, "hotel_value": ["3.4"], "hotel_price": ["95"]}, "1583087": {"hotel_name": "\u666f\u5bd3\u9152\u5e97(\u676d\u5dde\u6b66\u6797\u5e7f\u573a\u6e56\u5885\u5357\u8def\u4fe1\u4e49\u574a\u5e97)", "order_time": ["2019-01-06 09:14:11"], "total_order": 1, "hotel_value": ["4.6"], "hotel_price": ["182"]}, "6257036": {"hotel_name": "\u8bfa\u8bda\u9152\u5e97(\u676d\u5dde\u706b\u8f66\u5357\u7ad9\u901a\u60e0\u8def\u5e97)", "order_time": ["2019-01-06 09:14:12"], "total_order": 1, "hotel_value": ["4.5"], "hotel_price": ["90"]}, "8656747": {"hotel_name": "\u6850\u5e90\u672a\u8fdf\u7cbe\u54c1\u6c11\u5bbf", "order_time": ["2019-01-06 09:14:13"], "total_order": 1, "hotel_value": ["4.8"], "hotel_price": ["758"]}, "11275571": {"hotel_name": "\u676d\u5dde\u666f\u6f9c\u00b7\u4e91\u53f0\u5370\u8c61\u9152\u5e97", "order_time": ["2019-01-06 09:16:09"], "total_order": 1, "hotel_value": ["4.6"], "hotel_price": ["489"]}, "12779723": {"hotel_name": "\u676d\u5dde\u8702\u7a9d\u9152\u5e97\uff08\u897f\u6e56\u5357\u7ebf\u5357\u661f\u6865\u7ad9\u5730\u94c1\u5e97\uff09", "order_time": ["2019-01-06 09:16:09"], "total_order": 1, "hotel_value": ["4.7"], "hotel_price": ["68"]}, "799298": {"hotel_name": "\u7ef4\u4e5f\u7eb3\u9152\u5e97(\u676d\u5dde\u4f59\u676d\u4e34\u5e73\u5e97)", "order_time": ["2019-01-06 09:22:11", "2019-01-06 09:16:10"], "total_order": 2, "hotel_value": ["4.8", "4.8"], "hotel_price": ["228", "228"]}, "1709962": {"hotel_name": "\u667a\u9890\u5c1a\u54c1\u9152\u5e97(\u676d\u5dde\u94b1\u6c5f\u65b0\u57ce\u5e97)(\u539f\u7f24\u7eb7\u4e94\u6d32\u5c1a\u54c1\u9152\u5e97)", "order_time": ["2019-01-06 09:16:11"], "total_order": 1, "hotel_value": ["4.6"], "hotel_price": ["262"]}, "917437": {"hotel_name": "\u676d\u5dde\u540c\u5802\u9752\u5e74\u65c5\u820d", "order_time": ["2019-01-06 09:16:12"], "total_order": 1, "hotel_value": ["4.2"], "hotel_price": ["45"]}, "435354": {"hotel_name": "\u5343\u5c9b\u6e56\u7eff\u57ce\u5ea6\u5047\u9152\u5e97", "order_time": ["2019-01-06 09:16:14"], "total_order": 1, "hotel_value": ["4.8"], "hotel_price": ["388"]}, "15215652": {"hotel_name": "Q\u52a0\u00b7\u7ea2\u83b1\u9152\u5e97(\u676d\u5dde\u8427\u5c71\u56fd\u9645\u673a\u573a\u4e1c\u5927\u95e8\u5e97)", "order_time": ["2019-01-06 09:18:10"], "total_order": 1, "hotel_value": ["4.8"], "hotel_price": ["204"]}, "8517703": {"hotel_name": "\u676d\u5dde\u6ee8\u6c5f\u4e9a\u6735S\u7f51\u6613\u4e25\u9009\u9152\u5e97", "order_time": ["2019-01-06 09:18:10"], "total_order": 1, "hotel_value": ["4.7"], "hotel_price": ["551"]}, "4422618": {"hotel_name": "\u676d\u5dde\u4e2d\u8c6a\u00b7\u57ce\u5e02\u6797\u820d\u9152\u5e97", "order_time": ["2019-01-06 09:18:11"], "total_order": 1, "hotel_value": ["4.4"], "hotel_price": ["210"]}, "434289": {"hotel_name": "\u676d\u5dde\u7d22\u83f2\u4e9a\u5927\u9152\u5e97", "order_time": ["2019-01-06 09:18:11"], "total_order": 1, "hotel_value": ["4.5"], "hotel_price": ["239"]}, "987333": {"hotel_name": "\u676d\u5dde\u73af\u6e56\u5927\u9152\u5e97", "order_time": ["2019-01-06 09:18:11"], "total_order": 1, "hotel_value": ["4.1"], "hotel_price": ["140"]}, "26363232": {"hotel_name": "\u676d\u5dde\u5b9d\u5fc6\u5927\u9152\u5e97", "order_time": ["2019-01-06 09:18:11"], "total_order": 1, "hotel_value": ["4.7"], "hotel_price": ["214"]}, "19587103": {"hotel_name": "\u7ef4\u4e5f\u7eb3\u9152\u5e97(\u676d\u5dde\u897f\u6e56\u5e86\u6625\u8def\u5e97)", "order_time": ["2019-01-06 09:50:10", "2019-01-06 09:18:11"], "total_order": 2, "hotel_value": ["4.4", "4.4"], "hotel_price": ["282", "282"]}, "6550036": {"hotel_name": "\u676d\u5ddeJD\u94c2\u8c6a\u9152\u5e97(\u8427\u5c71\u673a\u573a\u5e97)", "order_time": ["2019-01-06 09:18:11"], "total_order": 1, "hotel_value": ["4.4"], "hotel_price": ["181"]}, "1406726": {"hotel_name": "\u83ab\u6cf0168(\u676d\u5dde\u706b\u8f66\u4e1c\u7ad9\u5929\u57ce\u8def\u5e97)", "order_time": ["2019-01-06 09:18:11"], "total_order": 1, "hotel_value": ["4.5"], "hotel_price": ["125"]}, "18056672": {"hotel_name": "\u4e07\u8c6a\u884c\u653f\u516c\u5bd3(\u676d\u5dde\u963f\u91cc\u5df4\u5df4\u672a\u6765\u79d1\u6280\u57ce\u56ed\u533a\u5e97)", "order_time": ["2019-01-06 09:18:12"], "total_order": 1, "hotel_value": ["4.6"], "hotel_price": ["561"]}, "25557135": {"hotel_name": "\u5947\u9047\u6d3e\u9152\u5e97(\u676d\u5dde\u6d66\u6cbf\u8def\u5e97)", "order_time": ["2019-01-06 09:18:13"], "total_order": 1, "hotel_value": ["5.0"], "hotel_price": ["348"]}, "8837305": {"hotel_name": "\u5343\u5c9b\u6e56\u5343\u5e06\u5bbe\u9986", "order_time": ["2019-01-06 09:18:20"], "total_order": 1, "hotel_value": ["4.5"], "hotel_price": ["93"]}, "437043": {"hotel_name": "\u6850\u5e90\u5f00\u5143\u540d\u90fd\u5927\u9152\u5e97", "order_time": ["2019-01-06 09:18:20"], "total_order": 1, "hotel_value": ["4.8"], "hotel_price": ["388"]}, "443818": {"hotel_name": "\u676d\u5dde\u541b\u9601\u7cbe\u54c1\u9152\u5e97", "order_time": ["2019-01-06 09:20:09"], "total_order": 1, "hotel_value": ["4.4"], "hotel_price": ["163"]}, "11303948": {"hotel_name": "\u7f51\u5bbf\u9152\u5e97(\u676d\u5dde\u65b0\u6d32\u82b1\u82d1\u5e97)", "order_time": ["2019-01-06 09:32:10", "2019-01-06 09:20:09"], "total_order": 2, "hotel_value": ["4.2", "4.2"], "hotel_price": ["106", "106"]}, "346313": {"hotel_name": "\u676d\u5dde\u53cb\u597d\u996d\u5e97", "order_time": ["2019-01-06 09:24:11", "2019-01-06 09:20:10"], "total_order": 2, "hotel_value": ["4.6", "4.6"], "hotel_price": ["428", "428"]}, "433941": {"hotel_name": "\u5357\u82d1e\u5bb6\u7cbe\u9009\u9152\u5e97(\u676d\u5dde\u897f\u6e56\u5e86\u6625\u5e97)", "order_time": ["2019-01-06 09:20:10"], "total_order": 1, "hotel_value": ["4.4"], "hotel_price": ["232"]}, "2313472": {"hotel_name": "\u5168\u5b63\u9152\u5e97(\u676d\u5dde\u4e0b\u6c99\u7ecf\u6d4e\u5f00\u53d1\u533a\u5e97)", "order_time": ["2019-01-06 09:20:10"], "total_order": 1, "hotel_value": ["4.8"], "hotel_price": ["240"]}, "1441801": {"hotel_name": "\u5982\u5bb6\u5feb\u6377\u9152\u5e97(\u676d\u5dde\u897f\u6e56\u5357\u5b8b\u5fa1\u8857\u5b9a\u5b89\u8def\u5730\u94c1\u7ad9\u5e97)", "order_time": ["2019-01-06 09:46:11", "2019-01-06 09:20:10"], "total_order": 2, "hotel_value": ["4.3", "4.3"], "hotel_price": ["87", "87"]}, "1709447": {"hotel_name": "\u676d\u5dde\u6b27\u8bfa\u81fb\u54c1\u9152\u5e97", "order_time": ["2019-01-06 09:52:12", "2019-01-06 09:20:10"], "total_order": 2, "hotel_value": ["4.1", "4.1"], "hotel_price": ["183", "183"]}, "25369531": {"hotel_name": "\u57ce\u5e02\u4fbf\u6377\u9152\u5e97(\u676d\u5dde\u4e01\u6865\u5e97)", "order_time": ["2019-01-06 09:20:11"], "total_order": 1, "hotel_value": ["4.7"], "hotel_price": ["130"]}, "481216": {"hotel_name": "\u5e03\u4e01\u9152\u5e97(\u676d\u5dde\u897f\u6e56\u89e3\u653e\u8def\u5e97)", "order_time": ["2019-01-06 09:30:13", "2019-01-06 09:20:11"], "total_order": 2, "hotel_value": ["4.1", "4.1"], "hotel_price": ["74", "74"]}, "6010041": {"hotel_name": "\u5357\u4e4b\u9152\u5e97\u5f0f\u516c\u5bd3(\u676d\u5dde\u963f\u91cc\u5df4\u5df4\u897f\u6eaa\u5e97)", "order_time": ["2019-01-06 09:20:11"], "total_order": 1, "hotel_value": ["4.5"], "hotel_price": ["173"]}, "435383": {"hotel_name": "\u676d\u5dde\u9a6c\u53ef\u6ce2\u7f57\u5047\u65e5\u9152\u5e97", "order_time": ["2019-01-06 09:22:10", "2019-01-06 09:24:10"], "total_order": 2, "hotel_value": ["4.8", "4.8"], "hotel_price": ["399", "399"]}, "5245171": {"hotel_name": "\u676d\u5dde\u767e\u4e4b\u5f15\u9886\u9152\u5e97", "order_time": ["2019-01-06 09:22:11"], "total_order": 1, "hotel_value": ["4.3"], "hotel_price": ["90"]}, "8602333": {"hotel_name": "\u676d\u5dde\u8fc8\u6602\u9152\u5e97\u6d59\u5927\u7d2b\u91d1\u6e2f\u5e97", "order_time": ["2019-01-06 09:22:11"], "total_order": 1, "hotel_value": ["4.2"], "hotel_price": ["124"]}, "481231": {"hotel_name": "\u9526\u6c5f\u4e4b\u661f(\u8427\u5c71\u676d\u5dde\u4e50\u56ed\u5e97)", "order_time": ["2019-01-06 09:22:12"], "total_order": 1, "hotel_value": ["4.5"], "hotel_price": ["109"]}, "13571735": {"hotel_name": "\u5357\u516e\u9152\u5e97\u5f0f\u516c\u5bd3(\u676d\u5dde\u963f\u91cc\u5df4\u5df4\u897f\u6eaa\u5e97)", "order_time": ["2019-01-06 09:22:12"], "total_order": 1, "hotel_value": ["4.7"], "hotel_price": ["174"]}, "1630696": {"hotel_name": "\u6021\u83b1\u9152\u5e97(\u676d\u5dde\u706b\u8f66\u4e1c\u7ad9\u79cb\u6d9b\u5317\u8def\u5e97)", "order_time": ["2019-01-06 09:22:13"], "total_order": 1, "hotel_value": ["4.4"], "hotel_price": ["104"]}, "441504": {"hotel_name": "\u6d59\u6c5f\u6587\u534e\u5927\u9152\u5e97", "order_time": ["2019-01-06 09:24:10"], "total_order": 1, "hotel_value": ["4.5"], "hotel_price": ["286"]}, "438261": {"hotel_name": "\u7ef4\u4e5f\u7eb3\u56fd\u9645\u9152\u5e97(\u676d\u5dde\u6b66\u6797\u5e7f\u573a\u5e97)", "order_time": ["2019-01-06 09:24:11"], "total_order": 1, "hotel_value": ["4.8"], "hotel_price": ["239"]}, "1475978": {"hotel_name": "\u6f2b\u5fc3\u9152\u5e97(\u676d\u5dde\u94b1\u6c5f\u65b0\u57ce\u5e86\u6625\u8def\u5e97)", "order_time": ["2019-01-06 09:24:11", "2019-01-06 09:48:11"], "total_order": 2, "hotel_value": ["4.8", "4.8"], "hotel_price": ["341", "341"]}, "427835": {"hotel_name": "\u5982\u5bb6\u7cbe\u9009\u9152\u5e97(\u676d\u5dde\u897f\u6e56\u6587\u5316\u5e7f\u573a\u5730\u94c1\u7ad9\u5e97)", "order_time": ["2019-01-06 09:24:11"], "total_order": 1, "hotel_value": ["4.7"], "hotel_price": ["222"]}, "803006": {"hotel_name": "\u4e94\u6d0b\u4e4b\u661f\u9152\u5e97(\u676d\u5dde\u897f\u6e56\u5e97)", "order_time": ["2019-01-06 09:24:13"], "total_order": 1, "hotel_value": ["4.7"], "hotel_price": ["152"]}, "434835": {"hotel_name": "\u676d\u5dde\u5723\u7687\u5723\u54c1\u5c1a\u9152\u5e97", "order_time": ["2019-01-06 09:24:13"], "total_order": 1, "hotel_value": ["3.8"], "hotel_price": ["132"]}, "20024644": {"hotel_name": "\u676d\u5dde\u5143\u6735\u5546\u52a1\u9152\u5e97", "order_time": ["2019-01-06 09:24:13"], "total_order": 1, "hotel_value": ["4.6"], "hotel_price": ["131"]}, "5237948": {"hotel_name": "\u676d\u5dde\u8679\u96e8\u5927\u9152\u5e97", "order_time": ["2019-01-06 09:24:13", "2019-01-06 09:50:11"], "total_order": 2, "hotel_value": ["3.8", "3.8"], "hotel_price": ["102", "102"]}, "4732938": {"hotel_name": "\u676d\u5dde\u5e05\u65fa\u5feb\u6377\u5bbe\u9986", "order_time": ["2019-01-06 09:26:09", "2019-01-06 09:36:14"], "total_order": 2, "hotel_value": ["4.4", "4.4"], "hotel_price": ["102", "102"]}, "1220663": {"hotel_name": "\u676d\u5dde\u66fc\u9706\u7cbe\u54c1\u5546\u52a1\u9152\u5e97", "order_time": ["2019-01-06 09:26:09"], "total_order": 1, "hotel_value": ["4.7"], "hotel_price": ["163"]}, "443717": {"hotel_name": "\u676d\u5dde\u4f0a\u7f8e\u5927\u9152\u5e97", "order_time": ["2019-01-06 09:26:09"], "total_order": 1, "hotel_value": ["4.3"], "hotel_price": ["250"]}, "26221735": {"hotel_name": "\u676d\u5dde\u79c0\u9152\u5e97", "order_time": ["2019-01-06 09:26:09"], "total_order": 1, "hotel_value": ["4.8"], "hotel_price": ["379"]}, "534051": {"hotel_name": "\u6d59\u6c5f\u5ea6\u8c6a\u5927\u9152\u5e97", "order_time": ["2019-01-06 09:26:09"], "total_order": 1, "hotel_value": ["4.5"], "hotel_price": ["274"]}, "7276739": {"hotel_name": "\u5168\u5b63\u9152\u5e97(\u676d\u5dde\u94b1\u6c5f\u65b0\u57ce\u65b0\u5858\u8def\u5e97)", "order_time": ["2019-01-06 09:26:09"], "total_order": 1, "hotel_value": ["4.8"], "hotel_price": ["272"]}, "1535526": {"hotel_name": "\u6c49\u5ead\u9152\u5e97(\u676d\u5dde\u8427\u5c71\u673a\u573a\u5e97)", "order_time": ["2019-01-06 09:26:09"], "total_order": 1, "hotel_value": ["4.3"], "hotel_price": ["161"]}, "697880": {"hotel_name": "\u6c49\u5ead\u9152\u5e97(\u676d\u5dde\u897f\u6e56\u6cb3\u574a\u8857\u6c5f\u57ce\u8def\u5e97)", "order_time": ["2019-01-06 09:26:09"], "total_order": 1, "hotel_value": ["4.2"], "hotel_price": ["103"]}, "1760187": {"hotel_name": "\u5168\u5b63\u9152\u5e97(\u676d\u5dde\u897f\u6e56\u51e4\u8d77\u8def\u5e97)", "order_time": ["2019-01-06 09:26:09"], "total_order": 1, "hotel_value": ["4.8"], "hotel_price": ["238"]}, "920905": {"hotel_name": "\u676d\u5dde\u7075\u9690\u95f2\u4ead\u5ba2\u6808(\u539f\u95f2\u5ead\u7279\u8272\u5ba2\u6808)", "order_time": ["2019-01-06 09:26:10"], "total_order": 1, "hotel_value": ["4.7"], "hotel_price": ["125"]}, "850001": {"hotel_name": "\u676d\u5dde\u805a\u4e30\u56ed\u5bbe\u9986", "order_time": ["2019-01-06 09:26:10"], "total_order": 1, "hotel_value": ["4.4"], "hotel_price": ["116"]}, "26557592": {"hotel_name": "\u7ef4\u4e5f\u7eb3\u56fd\u9645\u9152\u5e97(\u676d\u5dde\u4f59\u676d\u9ad8\u94c1\u7ad9\u5e97)", "order_time": ["2019-01-06 09:26:12"], "total_order": 1, "hotel_value": [0], "hotel_price": ["292"]}, "438045": {"hotel_name": "\u5343\u5c9b\u6e56\u671b\u5c9b\u5ea6\u5047\u9152\u5e97", "order_time": ["2019-01-06 09:26:14"], "total_order": 1, "hotel_value": ["4.5"], "hotel_price": ["134"]}, "8923565": {"hotel_name": "Zsmart\u667a\u5c1a\u9152\u5e97(\u676d\u5dde\u65b0\u5929\u5730\u94f6\u6cf0\u5e97)(\u539f\u57ce\u5317\u65b0\u5929\u5730\u5e97)", "order_time": ["2019-01-06 09:26:15", "2019-01-06 09:44:18"], "total_order": 2, "hotel_value": ["4.7", "4.7"], "hotel_price": ["208", "208"]}, "1925758": {"hotel_name": "\u4e34\u5b89\u4ea4\u901a\u7687\u51a0\u5047\u65e5\u9152\u5e97", "order_time": ["2019-01-06 09:26:15"], "total_order": 1, "hotel_value": ["4.3"], "hotel_price": ["368"]}, "914113": {"hotel_name": "\u5343\u5c9b\u6e56\u5564\u9152\u5047\u65e5\u9152\u5e97", "order_time": ["2019-01-06 09:26:15"], "total_order": 1, "hotel_value": ["4.4"], "hotel_price": ["156"]}, "2160982": {"hotel_name": "\u676d\u5dde\u661f\u65c5\u592a\u7a7a\u8231\u9152\u5e97", "order_time": ["2019-01-06 09:28:10"], "total_order": 1, "hotel_value": ["4.6"], "hotel_price": ["44"]}, "1531848": {"hotel_name": "\u676d\u5dde\u4fee\u820d\u5065\u5eb7\u9152\u5e97", "order_time": ["2019-01-06 09:28:10"], "total_order": 1, "hotel_value": ["4.5"], "hotel_price": ["371"]}, "1640009": {"hotel_name": "\u9526\u6c5f\u4e4b\u661f\u54c1\u5c1a(\u676d\u5dde\u897f\u6e56\u5927\u9053\u5357\u5b8b\u5fa1\u8857\u5e97)", "order_time": ["2019-01-06 09:28:10"], "total_order": 1, "hotel_value": ["4.6"], "hotel_price": ["152"]}, "1462130": {"hotel_name": "\u5982\u5bb6\u5feb\u6377\u9152\u5e97(\u676d\u5dde\u897f\u6eaa\u6e7f\u5730\u5e97)", "order_time": ["2019-01-06 09:28:11"], "total_order": 1, "hotel_value": ["4.3"], "hotel_price": ["106"]}, "9628576": {"hotel_name": "\u676d\u5dde\u65b0\u534esoho\u9152\u5e97", "order_time": ["2019-01-06 09:28:11"], "total_order": 1, "hotel_value": ["4.5"], "hotel_price": ["183"]}, "1640462": {"hotel_name": "\u5982\u5bb6\u5feb\u6377\u9152\u5e97(\u676d\u5dde\u6cb3\u574a\u8857\u57ce\u7ad9\u5730\u94c1\u7ad9\u5e97)", "order_time": ["2019-01-06 09:28:11"], "total_order": 1, "hotel_value": ["4.3"], "hotel_price": ["105"]}, "11055802": {"hotel_name": "\u5bcc\u9633\u7ef4\u9038\u7eb3\u9152\u5e97", "order_time": ["2019-01-06 09:28:11"], "total_order": 1, "hotel_value": ["4.6"], "hotel_price": ["250"]}, "2290436": {"hotel_name": "\u83ab\u6cf0168(\u676d\u5dde\u706b\u8f66\u4e1c\u7ad9\u95f8\u5f04\u53e3\u5730\u94c1\u7ad9\u5e97)", "order_time": ["2019-01-06 09:28:12"], "total_order": 1, "hotel_value": ["4.3"], "hotel_price": ["105"]}, "481242": {"hotel_name": "\u5e03\u4e01\u9152\u5e97(\u676d\u5dde\u897f\u6e56\u51e4\u8d77\u8def\u5e97)", "order_time": ["2019-01-06 09:28:12"], "total_order": 1, "hotel_value": ["4.2"], "hotel_price": ["92"]}, "8558927": {"hotel_name": "\u676d\u5dde\u6885\u82d1\u60a6\u5c45\u9152\u5e97(\u5e08\u8303\u5927\u5b66\u5e97)", "order_time": ["2019-01-06 09:38:12", "2019-01-06 09:28:12"], "total_order": 2, "hotel_value": ["4.5", "4.5"], "hotel_price": ["388", "388"]}, "15166731": {"hotel_name": "\u676d\u5dde\u665f\u6cfd\u9152\u5e97", "order_time": ["2019-01-06 09:28:14"], "total_order": 1, "hotel_value": ["4.7"], "hotel_price": ["233"]}, "26544424": {"hotel_name": "Dreamer\u8ffd\u68a6\u56fd\u9645\u516c\u5bd3(\u676d\u5dde\u7406\u60f3\u94f6\u6cf0\u57ce\u5e97)", "order_time": ["2019-01-06 09:30:12"], "total_order": 1, "hotel_value": ["4.9"], "hotel_price": ["200"]}, "8904186": {"hotel_name": "\u67cf\u8bd7\u9152\u5e97(\u676d\u5dde501\u57ce\u5e02\u5e7f\u573a\u5e97)", "order_time": ["2019-01-06 09:30:12"], "total_order": 1, "hotel_value": ["4.6"], "hotel_price": ["282"]}, "1351226": {"hotel_name": "\u4e94\u6d0b\u4e4b\u661f\u9152\u5e97\u8fde\u9501(\u676d\u5dde\u6d59\u4e00\u5e97)(\u539f\u5efa\u56fd\u8def\u5e97)", "order_time": ["2019-01-06 09:30:12", "2019-01-06 09:48:11"], "total_order": 2, "hotel_value": ["4.7", "4.7"], "hotel_price": ["156", "156"]}, "688776": {"hotel_name": "\u676d\u5dde\u6d77\u5916\u6d77\u7eb3\u5ddd\u5927\u9152\u5e97", "order_time": ["2019-01-06 09:30:13"], "total_order": 1, "hotel_value": ["4.8"], "hotel_price": ["288"]}, "3705897": {"hotel_name": "\u676d\u5dde\u5510\u5b89\u5047\u65e5\u9152\u5e97", "order_time": ["2019-01-06 09:30:14"], "total_order": 1, "hotel_value": ["4.3"], "hotel_price": ["111"]}, "1294655": {"hotel_name": "\u6c49\u6c40\u7cbe\u54c1\u9152\u5e97(\u676d\u5dde\u94b1\u6c5f\u65b0\u57ce\u56db\u5b63\u9752\u5e97)", "order_time": ["2019-01-06 09:32:09"], "total_order": 1, "hotel_value": ["4.4"], "hotel_price": ["179"]}, "6708135": {"hotel_name": "\u676d\u5dde\u4f18\u5c4b\u7f8e\u5bbf\u672a\u6765\u79d1\u6280\u57ce\u670d\u52a1\u516c\u5bd3", "order_time": ["2019-01-06 09:32:09"], "total_order": 1, "hotel_value": ["4.8"], "hotel_price": ["247"]}, "440773": {"hotel_name": "\u676d\u5dde\u65b0\u5ef6\u5b89\u996d\u5e97", "order_time": ["2019-01-06 09:32:09", "2019-01-06 09:50:09"], "total_order": 2, "hotel_value": ["4.5", "4.5"], "hotel_price": ["238", "238"]}, "26691561": {"hotel_name": "Zsmart\u667a\u5c1a\u9152\u5e97(\u676d\u5dde\u94b1\u6c5f\u4e16\u7eaa\u57ce\u5e97)", "order_time": ["2019-01-06 09:32:10"], "total_order": 1, "hotel_value": ["4.6"], "hotel_price": ["163"]}, "2702688": {"hotel_name": "\u83ab\u6cf0168(\u676d\u5dde\u4e07\u8fbe\u5e7f\u573a\u6c7d\u8f66\u5317\u7ad9\u5e97)", "order_time": ["2019-01-06 09:32:10"], "total_order": 1, "hotel_value": ["4.6"], "hotel_price": ["134"]}, "2993092": {"hotel_name": "\u676d\u5dde\u5411\u592a\u9633\u9752\u5e74\u65c5\u793e", "order_time": ["2019-01-06 09:32:11"], "total_order": 1, "hotel_value": ["4.3"], "hotel_price": ["47"]}, "9217184": {"hotel_name": "\u7d2b\u4e4b\u9152\u5e97(\u676d\u5dde\u5b8b\u57ce\u7f8e\u9662\u5e97)", "order_time": ["2019-01-06 09:32:12"], "total_order": 1, "hotel_value": ["4.4"], "hotel_price": ["215"]}, "391739": {"hotel_name": "\u5357\u82d1e\u5bb6(\u676d\u5dde\u5efa\u8bbe\u4e09\u8def\u5730\u94c1\u7ad9\u5e97)", "order_time": ["2019-01-06 09:32:12"], "total_order": 1, "hotel_value": ["3.9"], "hotel_price": ["159"]}, "1051223": {"hotel_name": "\u5e03\u4e01\u9152\u5e97(\u676d\u5dde\u897f\u6e56\u5434\u5c71\u5e7f\u573a\u5e97)", "order_time": ["2019-01-06 09:32:13"], "total_order": 1, "hotel_value": ["4.0"], "hotel_price": ["65"]}, "25297981": {"hotel_name": "\u676d\u5dde\u7396\u73a5\u516c\u820d", "order_time": ["2019-01-06 09:32:13"], "total_order": 1, "hotel_value": ["4.8"], "hotel_price": ["68"]}, "23741506": {"hotel_name": "\u503e\u5883\u5343\u5c9b\u6e56\u6c11\u5bbf", "order_time": ["2019-01-06 09:32:18"], "total_order": 1, "hotel_value": ["4.9"], "hotel_price": ["192"]}, "6811751": {"hotel_name": "\u6854\u5b50\u6c34\u6676\u9152\u5e97(\u676d\u5dde\u6b66\u6797\u5e7f\u573a\u5730\u94c1\u7ad9\u5e97)(\u539f\u6b66\u6797\u5e7f\u573a\u94f6\u6cf0\u5e97)", "order_time": ["2019-01-06 09:34:08"], "total_order": 1, "hotel_value": ["4.8"], "hotel_price": ["398"]}, "6254733": {"hotel_name": "\u676d\u5ddetakeanap\u772f\u4e00\u4f1a\u4f4f\u5bbf", "order_time": ["2019-01-06 09:46:10", "2019-01-06 09:34:09"], "total_order": 2, "hotel_value": ["4.0", "4.0"], "hotel_price": ["135", "135"]}, "530342": {"hotel_name": "\u676d\u5dde\u66d9\u6c5f\u5927\u9152\u5e97", "order_time": ["2019-01-06 09:34:09"], "total_order": 1, "hotel_value": ["4.7"], "hotel_price": ["380"]}, "4381889": {"hotel_name": "\u5168\u5b63\u9152\u5e97(\u676d\u5dde\u8427\u5c71\u673a\u573a\u5e97)", "order_time": ["2019-01-06 09:34:09"], "total_order": 1, "hotel_value": ["4.7"], "hotel_price": ["294"]}, "469216": {"hotel_name": "\u5168\u5b63\u9152\u5e97(\u676d\u5dde\u6b66\u6797\u5e7f\u573a\u5317\u5e97)", "order_time": ["2019-01-06 09:34:09"], "total_order": 1, "hotel_value": ["4.9"], "hotel_price": ["254"]}, "522060": {"hotel_name": "\u676d\u5dde\u96f7\u9cb8\u5927\u9152\u5e97", "order_time": ["2019-01-06 09:34:10"], "total_order": 1, "hotel_value": ["4.2"], "hotel_price": ["206"]}, "1770978": {"hotel_name": "\u67f3\u6210\u5546\u52a1\u9152\u5e97(\u676d\u5dde\u5317\u666f\u56ed\u5e97)", "order_time": ["2019-01-06 09:34:11"], "total_order": 1, "hotel_value": ["4.5"], "hotel_price": ["112"]}, "22776106": {"hotel_name": "\u9014\u7a9d\u4e3b\u9898\u516c\u5bd3(\u676d\u5dde\u4e2d\u533b\u836f\u5927\u5b66\u5730\u94c1\u7ad9\u5e97)(\u539f\u897f\u6e56\u7b2c\u4e8c\u4e2d\u5b66\u5e97)", "order_time": ["2019-01-06 09:34:11"], "total_order": 1, "hotel_value": ["4.8"], "hotel_price": ["192"]}, "1604380": {"hotel_name": "\u676d\u5dde\u6653\u56ed\u5f80\u4e8b\u5ba2\u6808", "order_time": ["2019-01-06 09:34:11"], "total_order": 1, "hotel_value": ["4.5"], "hotel_price": ["58"]}, "6112145": {"hotel_name": "\u5168\u5b63\u9152\u5e97(\u676d\u5dde\u94b1\u6c5f\u65b0\u57ce\u5e97)", "order_time": ["2019-01-06 09:34:15", "2019-01-06 09:38:15"], "total_order": 2, "hotel_value": ["4.8", "4.8"], "hotel_price": ["309", "309"]}, "1465147": {"hotel_name": "\u676d\u5dde\u6d59\u5546\u5927\u9152\u5e97", "order_time": ["2019-01-06 09:36:12"], "total_order": 1, "hotel_value": ["4.1"], "hotel_price": ["209"]}, "793239": {"hotel_name": "\u676d\u5dde\u5929\u6d77\u5bbe\u9986", "order_time": ["2019-01-06 09:36:12"], "total_order": 1, "hotel_value": ["4.2"], "hotel_price": ["136"]}, "17173948": {"hotel_name": "\u897f\u6e56\u7eff\u76ae\u9ad8\u94c1\u7cbe\u54c1\u9752\u5e74\u65c5\u793e(\u676d\u5dde\u897f\u6e56\u6587\u5316\u5e7f\u573a\u5730\u94c1\u7ad9\u5e97)", "order_time": ["2019-01-06 09:36:12"], "total_order": 1, "hotel_value": ["4.7"], "hotel_price": ["50"]}, "1569806": {"hotel_name": "\u5982\u5bb6\u5feb\u6377\u9152\u5e97(\u676d\u5dde\u897f\u6e56\u5e97)", "order_time": ["2019-01-06 09:36:13"], "total_order": 1, "hotel_value": ["4.6"], "hotel_price": ["122"]}, "3090538": {"hotel_name": "\u68b5\u4e91\u5ba2\u6808(\u676d\u5dde\u897f\u6e56\u5e97)", "order_time": ["2019-01-06 09:36:13"], "total_order": 1, "hotel_value": ["4.8"], "hotel_price": ["373"]}, "13478076": {"hotel_name": "\u7ef4\u4e5f\u7eb33\u597d\u9152\u5e97(\u676d\u5dde\u94b1\u6c5f\u4e16\u7eaa\u57ce\u5e97)", "order_time": ["2019-01-06 09:36:14"], "total_order": 1, "hotel_value": ["4.4"], "hotel_price": ["257"]}, "8526972": {"hotel_name": "\u5fb7\u6c47\u7cbe\u54c1\u9152\u5e97(\u676d\u5dde\u56db\u5b63\u9752\u670d\u88c5\u5e02\u573a\u6c7d\u8f66\u5357\u7ad9\u5e97)", "order_time": ["2019-01-06 09:36:14"], "total_order": 1, "hotel_value": ["4.3"], "hotel_price": ["126"]}, "1343091": {"hotel_name": "\u5efa\u5fb7\u7c73\u5170\u98ce\u5c1a\u9152\u5e97", "order_time": ["2019-01-06 09:36:19"], "total_order": 1, "hotel_value": ["4.6"], "hotel_price": ["142"]}, "445330": {"hotel_name": "\u676d\u5dde\u7f8e\u94ed\u9152\u5e97", "order_time": ["2019-01-06 09:54:09", "2019-01-06 09:38:10"], "total_order": 2, "hotel_value": ["4.4", "4.4"], "hotel_price": ["198", "198"]}, "433830": {"hotel_name": "\u683c\u6797\u8c6a\u6cf0(\u676d\u5dde\u897f\u6e56\u5927\u9053\u5357\u5b8b\u5fa1\u8857\u5e97)", "order_time": ["2019-01-06 09:38:11"], "total_order": 1, "hotel_value": ["4.1"], "hotel_price": ["96"]}, "816235": {"hotel_name": "\u676d\u5dde\u683c\u5b50\u5ba2\u6808", "order_time": ["2019-01-06 09:38:11"], "total_order": 1, "hotel_value": ["4.5"], "hotel_price": ["168"]}, "1304879": {"hotel_name": "\u676d\u5dde\u53e4\u7eb3\u7cbe\u54c1\u9152\u5e97", "order_time": ["2019-01-06 09:38:12"], "total_order": 1, "hotel_value": ["4.6"], "hotel_price": ["103"]}, "5650982": {"hotel_name": "\u676d\u5dde\u5510\u5ead\u9152\u5e97", "order_time": ["2019-01-06 09:38:12"], "total_order": 1, "hotel_value": ["4.4"], "hotel_price": ["66"]}, "897960": {"hotel_name": "\u4e34\u5b89\u534e\u5a05\u5feb\u6377\u9152\u5e97", "order_time": ["2019-01-06 09:38:17"], "total_order": 1, "hotel_value": ["4.6"], "hotel_price": ["74"]}, "668576": {"hotel_name": "\u65b0\u5f00\u5143\u5927\u9152\u5e97(\u676d\u5dde\u590d\u5174\u5e97)", "order_time": ["2019-01-06 09:40:10"], "total_order": 1, "hotel_value": ["4.3"], "hotel_price": ["409"]}, "1404642": {"hotel_name": "\u94c2\u60a6\u84dd\u6e7e\u9152\u5e97(\u676d\u5dde\u4e4b\u6c5f\u5b8b\u57ce\u7f8e\u9662\u5e97)", "order_time": ["2019-01-06 09:40:10"], "total_order": 1, "hotel_value": ["4.4"], "hotel_price": ["182"]}, "14248272": {"hotel_name": "\u5982\u5bb6\u7cbe\u9009(\u676d\u5dde\u56db\u5b63\u9752\u670d\u88c5\u5e02\u573a\u6e05\u6c5f\u8def\u5e97)", "order_time": ["2019-01-06 09:40:10"], "total_order": 1, "hotel_value": ["4.8"], "hotel_price": ["242"]}, "2143371": {"hotel_name": "\u5982\u5bb6\u5feb\u6377\u9152\u5e97(\u676d\u5dde\u897f\u6e56\u666f\u533a\u864e\u8dd1\u8def\u96f7\u5cf0\u5854\u5e97)", "order_time": ["2019-01-06 09:40:10"], "total_order": 1, "hotel_value": ["4.6"], "hotel_price": ["89"]}, "13874441": {"hotel_name": "\u676d\u5dde\u777f\u6c83\u667a\u6167\u9152\u5e97", "order_time": ["2019-01-06 09:40:11"], "total_order": 1, "hotel_value": ["4.8"], "hotel_price": ["332"]}, "445319": {"hotel_name": "\u676d\u5dde\u8d6b\u7eb3\u9152\u5e97", "order_time": ["2019-01-06 09:40:12"], "total_order": 1, "hotel_value": ["4.5"], "hotel_price": ["257"]}, "8057853": {"hotel_name": "\u676d\u5dde\u4f0a\u6cfd\u745e\u5c14\u9152\u5e97\u516c\u5bd3", "order_time": ["2019-01-06 09:40:13"], "total_order": 1, "hotel_value": ["4.7"], "hotel_price": ["226"]}, "816706": {"hotel_name": "\u676d\u5dde\u51ef\u666f\u5047\u65e5\u9152\u5e97", "order_time": ["2019-01-06 09:40:13"], "total_order": 1, "hotel_value": ["4.2"], "hotel_price": ["97"]}, "2660487": {"hotel_name": "\u676d\u5dde\u539f\u7814\u658b\u8336\u56ed\u6c11\u5bbf", "order_time": ["2019-01-06 09:40:14"], "total_order": 1, "hotel_value": ["4.7"], "hotel_price": ["264"]}, "1476031": {"hotel_name": "\u5bcc\u9633\u7c73\u5170\u5bbe\u9986", "order_time": ["2019-01-06 09:40:15"], "total_order": 1, "hotel_value": ["4.1"], "hotel_price": ["93"]}, "5990628": {"hotel_name": "\u5e0c\u5cb8\u9152\u5e97(\u676d\u5dde\u8427\u5c71\u673a\u573a\u5e97)", "order_time": ["2019-01-06 09:42:09"], "total_order": 1, "hotel_value": ["4.6"], "hotel_price": ["236"]}, "22549156": {"hotel_name": "\u676d\u5ddeeagle\u7535\u7ade\u9152\u5e97\u5f0f\u516c\u5bd3", "order_time": ["2019-01-06 09:42:09"], "total_order": 1, "hotel_value": ["4.8"], "hotel_price": ["261"]}, "5917820": {"hotel_name": "\u897f\u5bd3\u670d\u52a1\u516c\u5bd3(\u897f\u6eaa\u6e7f\u5730\u5e97)", "order_time": ["2019-01-06 09:42:09"], "total_order": 1, "hotel_value": ["4.6"], "hotel_price": ["222"]}, "428266": {"hotel_name": "\u6c49\u5ead\u9152\u5e97(\u676d\u5dde\u897f\u6e56\u89e3\u653e\u8def\u5e97)", "order_time": ["2019-01-06 09:42:09"], "total_order": 1, "hotel_value": ["4.2"], "hotel_price": ["117"]}, "1025273": {"hotel_name": "\u676d\u5dde\u5609\u767b\u5546\u52a1\u9152\u5e97", "order_time": ["2019-01-06 09:42:09"], "total_order": 1, "hotel_value": ["4.4"], "hotel_price": ["184"]}, "697882": {"hotel_name": "\u6c49\u5ead\u9152\u5e97(\u676d\u5dde\u897f\u6e56\u5357\u5b8b\u5fa1\u8857\u5e97)", "order_time": ["2019-01-06 09:42:09"], "total_order": 1, "hotel_value": ["4.3"], "hotel_price": ["132"]}, "6119379": {"hotel_name": "\u4e0d\u820d\u827a\u672f\u9152\u5e97(\u676d\u5dde\u897f\u6e56\u5e97)", "order_time": ["2019-01-06 09:42:09"], "total_order": 1, "hotel_value": ["4.6"], "hotel_price": ["157"]}, "458500": {"hotel_name": "\u676d\u5dde\u4e5d\u91cc\u4e91\u677e\u5ea6\u5047\u9152\u5e97", "order_time": ["2019-01-06 09:42:10"], "total_order": 1, "hotel_value": ["4.7"], "hotel_price": ["1286"]}, "6107007": {"hotel_name": "\u676d\u5dde\u7687\u9038\u5ead\u9662\u9152\u5e97", "order_time": ["2019-01-06 09:42:10"], "total_order": 1, "hotel_value": ["4.6"], "hotel_price": ["499"]}, "346302": {"hotel_name": "\u676d\u5dde\u897f\u6eaa\u559c\u6765\u767b\u5ea6\u5047\u5927\u9152\u5e97", "order_time": ["2019-01-06 09:42:10"], "total_order": 1, "hotel_value": ["4.6"], "hotel_price": ["915"]}, "1764444": {"hotel_name": "\u5982\u5bb6\u7cbe\u9009\u9152\u5e97(\u676d\u5dde\u6ee8\u6c5f\u661f\u5149\u5927\u9053\u9f99\u6e56\u5929\u8857\u5e97)", "order_time": ["2019-01-06 09:44:13", "2019-01-06 09:42:10"], "total_order": 2, "hotel_value": ["4.7", "4.7"], "hotel_price": ["267", "267"]}, "22562197": {"hotel_name": "\u9ea6\u745e\u5947\u8f7b\u5962\u516c\u5bd3\u5f0f\u9152\u5e97(\u676d\u5dde\u963f\u91cc\u5df4\u5df4\u6d77\u521b\u56ed\u5e97)", "order_time": ["2019-01-06 09:42:11"], "total_order": 1, "hotel_value": ["4.9"], "hotel_price": ["284"]}, "3033206": {"hotel_name": "\u676d\u5dde\u5982\u5fc6\u7cbe\u54c1\u9152\u5e97", "order_time": ["2019-01-06 09:42:11"], "total_order": 1, "hotel_value": ["3.9"], "hotel_price": ["135"]}, "1640547": {"hotel_name": "\u5e03\u4e01\u9152\u5e97(\u676d\u5dde\u6d59\u5927\u7d2b\u91d1\u6e2f\u4e8c\u5e97)", "order_time": ["2019-01-06 09:42:11"], "total_order": 1, "hotel_value": ["4.3"], "hotel_price": ["159"]}, "5812704": {"hotel_name": "\u676d\u5dde\u676d\u5d07\u7cbe\u54c1\u9152\u5e97", "order_time": ["2019-01-06 09:42:11"], "total_order": 1, "hotel_value": ["4.3"], "hotel_price": ["80"]}, "1056284": {"hotel_name": "\u676d\u5dde\u666f\u817e\u9152\u5e97", "order_time": ["2019-01-06 09:42:11"], "total_order": 1, "hotel_value": ["4.0"], "hotel_price": ["136"]}, "993577": {"hotel_name": "\u676d\u5dde\u56de\u79be\u6d59\u4fe1\u5927\u9152\u5e97", "order_time": ["2019-01-06 09:42:11"], "total_order": 1, "hotel_value": ["4.6"], "hotel_price": ["144"]}, "6863870": {"hotel_name": "\u676d\u5dde\u69b4\u83b2e\u5bb6\u9152\u5e97", "order_time": ["2019-01-06 09:42:11"], "total_order": 1, "hotel_value": ["4.4"], "hotel_price": ["152"]}, "16019893": {"hotel_name": "\u5c1a\u5ba2\u4f18\u54c1\u9152\u5e97(\u676d\u5dde\u8427\u5c71\u673a\u573a\u897f\u5927\u95e8\u5e97)(\u539f\u7ea2\u5c71\u519c\u573a\u5e97)", "order_time": ["2019-01-06 09:42:11"], "total_order": 1, "hotel_value": ["4.7"], "hotel_price": ["199"]}, "12127640": {"hotel_name": "\u8bfa\u8bda\u9152\u5e97(\u676d\u5dde\u706b\u8f66\u5357\u7ad9\u897f\u5e7f\u573a\u5e97)", "order_time": ["2019-01-06 09:42:11"], "total_order": 1, "hotel_value": ["4.7"], "hotel_price": ["133"]}, "23710119": {"hotel_name": "\u676d\u5dde\u897f\u6eaa\u4e03\u820d\u9152\u5e97", "order_time": ["2019-01-06 09:42:11"], "total_order": 1, "hotel_value": ["5.0"], "hotel_price": ["140"]}, "6453723": {"hotel_name": "\u676d\u5ddeMr.\u91d1\u7cbe\u54c1\u6c11\u5bbf", "order_time": ["2019-01-06 09:42:11"], "total_order": 1, "hotel_value": ["4.6"], "hotel_price": ["185"]}, "474351": {"hotel_name": "\u676d\u5dde\u4e1c\u65b9\u91d1\u5ea7\u516c\u5bd3\u9152\u5e97", "order_time": ["2019-01-06 09:42:11"], "total_order": 1, "hotel_value": ["4.5"], "hotel_price": ["350"]}, "8558974": {"hotel_name": "\u9f50\u5bb6\u81fb\u54c1\u9152\u5e97(\u676d\u5dde\u6b66\u6797\u5e7f\u573a\u673a\u573a\u5927\u5df4\u5e97)", "order_time": ["2019-01-06 09:42:11"], "total_order": 1, "hotel_value": ["4.1"], "hotel_price": ["133"]}, "1308309": {"hotel_name": "\u5e03\u4e01\u7cbe\u9009\u9152\u5e97(\u676d\u5dde\u821f\u5c71\u4e1c\u8def\u6811\u4eba\u5927\u5b66\u5e97)", "order_time": ["2019-01-06 09:42:11"], "total_order": 1, "hotel_value": ["4.6"], "hotel_price": ["179"]}, "1326656": {"hotel_name": "\u676d\u5dde\u4e00\u4f4f\u4e00\u5bbf\u5feb\u6377\u9152\u5e97", "order_time": ["2019-01-06 09:42:11"], "total_order": 1, "hotel_value": ["3.7"], "hotel_price": ["80"]}, "1817120": {"hotel_name": "\u6854\u5b50\u6c34\u6676\u9152\u5e97(\u676d\u5dde\u897f\u6e56\u5e97)", "order_time": ["2019-01-06 09:42:11"], "total_order": 1, "hotel_value": ["4.9"], "hotel_price": ["408"]}, "1462173": {"hotel_name": "\u5e03\u4e01\u9152\u5e97(\u676d\u5dde\u897f\u6e56\u6d59\u4e00\u5e86\u6625\u5e97)", "order_time": ["2019-01-06 09:42:12"], "total_order": 1, "hotel_value": ["3.1"], "hotel_price": ["106"]}, "4029869": {"hotel_name": "\u676d\u5dde\u5706\u68a6\u5546\u52a1\u5bbe\u9986", "order_time": ["2019-01-06 09:42:12"], "total_order": 1, "hotel_value": ["4.6"], "hotel_price": ["123"]}, "1769840": {"hotel_name": "\u676d\u5dde\u7eff\u85e4\u5047\u65e5\u9152\u5e97", "order_time": ["2019-01-06 09:42:12"], "total_order": 1, "hotel_value": ["3.2"], "hotel_price": ["94"]}, "1592921": {"hotel_name": "\u676d\u5dde\u5929\u6c34\u5546\u52a1\u9152\u5e97", "order_time": ["2019-01-06 09:42:13"], "total_order": 1, "hotel_value": ["3.7"], "hotel_price": ["94"]}, "1629830": {"hotel_name": "\u676d\u5dde\u559c\u60a6\u5feb\u6377\u9152\u5e97", "order_time": ["2019-01-06 09:42:13"], "total_order": 1, "hotel_value": ["4.1"], "hotel_price": ["102"]}, "15161206": {"hotel_name": "\u7f8e\u8c6a\u9152\u5e97(\u676d\u5dde\u6d59\u5927\u897f\u6eaa\u7d2b\u91d1\u6e2f\u65d7\u8230\u5e97)", "order_time": ["2019-01-06 09:44:10"], "total_order": 1, "hotel_value": ["4.8"], "hotel_price": ["288"]}, "4980727": {"hotel_name": "\u6854\u5b50\u9152\u5e97\u7cbe\u9009(\u676d\u5dde\u6587\u4e00\u897f\u8def\u5e97)", "order_time": ["2019-01-06 09:44:10"], "total_order": 1, "hotel_value": ["4.8"], "hotel_price": ["282"]}, "19868068": {"hotel_name": "\u6854\u5b50\u7cbe\u9009\u9152\u5e97(\u676d\u5dde\u9ec4\u9f99\u4f53\u80b2\u4e2d\u5fc3\u5e97)", "order_time": ["2019-01-06 09:44:10"], "total_order": 1, "hotel_value": ["4.7"], "hotel_price": ["303"]}, "15951429": {"hotel_name": "\u676d\u5dde\u6854\u5c1a\u9152\u5e97", "order_time": ["2019-01-06 09:44:12"], "total_order": 1, "hotel_value": ["4.5"], "hotel_price": ["131"]}, "8559047": {"hotel_name": "\u676d\u5dde\u4f9d\u7136\u5546\u52a1\u9152\u5e97", "order_time": ["2019-01-06 09:44:13"], "total_order": 1, "hotel_value": ["4.6"], "hotel_price": ["131"]}, "1425414": {"hotel_name": "99\u4f18\u9009\u9152\u5e97(\u676d\u5dde\u8427\u5c71\u673a\u573a\u5e97)", "order_time": ["2019-01-06 09:44:13"], "total_order": 1, "hotel_value": ["4.4"], "hotel_price": ["106"]}, "987432": {"hotel_name": "\u5b9c\u5fc5\u601d\u9152\u5e97(\u676d\u5dde\u897f\u6e56\u5e86\u6625\u8def\u5e97)", "order_time": ["2019-01-06 09:44:18"], "total_order": 1, "hotel_value": ["4.5"], "hotel_price": ["222"]}, "654745": {"hotel_name": "\u6850\u5e90\u4e16\u8d38\u5927\u9152\u5e97", "order_time": ["2019-01-06 09:44:18"], "total_order": 1, "hotel_value": ["4.7"], "hotel_price": ["332"]}, "6285093": {"hotel_name": "\u676d\u5dde\u6b27\u4e9a\u7f8e\u56fd\u9645\u5927\u9152\u5e97", "order_time": ["2019-01-06 09:46:10"], "total_order": 1, "hotel_value": ["4.6"], "hotel_price": ["370"]}, "6970191": {"hotel_name": "\u6c49\u5ead\u9152\u5e97(\u676d\u5dde\u6b66\u6797\u95e8\u6e56\u5885\u5357\u8def\u5e97)", "order_time": ["2019-01-06 09:46:10"], "total_order": 1, "hotel_value": ["4.7"], "hotel_price": ["153"]}, "6823018": {"hotel_name": "\u5168\u5b63\u9152\u5e97(\u676d\u5dde\u94b1\u6c5f\u65b0\u57ce\u590d\u5174\u8def\u5e97)", "order_time": ["2019-01-06 09:46:10"], "total_order": 1, "hotel_value": ["4.8"], "hotel_price": ["254"]}, "3364450": {"hotel_name": "\u6c49\u5ead\u9152\u5e97(\u676d\u5dde\u6ee8\u6587\u8def\u5e97)", "order_time": ["2019-01-06 09:46:10"], "total_order": 1, "hotel_value": ["4.6"], "hotel_price": ["220"]}, "1367170": {"hotel_name": "\u676d\u5dde\u6f2b\u679c\u4e3b\u9898\u9152\u5e97", "order_time": ["2019-01-06 09:46:11"], "total_order": 1, "hotel_value": ["4.8"], "hotel_price": ["179"]}, "1246188": {"hotel_name": "\u676d\u5dde\u5e84\u95f2\u548c\u5927\u9152\u5e97", "order_time": ["2019-01-06 09:46:11"], "total_order": 1, "hotel_value": ["4.5"], "hotel_price": ["129"]}, "848712": {"hotel_name": "\u5982\u5bb6\u5feb\u6377\u9152\u5e97\uff08\u676d\u5dde\u6587\u4e8c\u8def\u5b66\u9662\u8def\u5730\u94c1\u7ad9\u5e97\uff09", "order_time": ["2019-01-06 09:46:11"], "total_order": 1, "hotel_value": ["4.5"], "hotel_price": ["113"]}, "481278": {"hotel_name": "\u5e03\u4e01\u9152\u5e97(\u676d\u5dde\u6ee8\u6c5f\u6ee8\u5eb7\u8def\u957f\u6cb3\u5e97)", "order_time": ["2019-01-06 09:46:11"], "total_order": 1, "hotel_value": ["3.3"], "hotel_price": ["100"]}, "12629618": {"hotel_name": "\u676d\u5dde\u7c73\u7c89loft\u516c\u5bd3\u9152\u5e97(\u897f\u6eaa\u6e7f\u5730\u6d77\u521b\u56ed\u5e97)", "order_time": ["2019-01-06 09:46:11"], "total_order": 1, "hotel_value": ["4.7"], "hotel_price": ["226"]}, "697583": {"hotel_name": "\u6c49\u5ead\u9152\u5e97(\u676d\u5dde\u897f\u6e56\u6587\u5316\u5e7f\u573a\u5e97)", "order_time": ["2019-01-06 09:46:12"], "total_order": 1, "hotel_value": ["4.4"], "hotel_price": ["137"]}, "1933414": {"hotel_name": "\u676d\u5dde\u8bda\u8fbe\u5927\u9152\u5e97", "order_time": ["2019-01-06 09:46:13"], "total_order": 1, "hotel_value": ["4.1"], "hotel_price": ["89"]}, "729940": {"hotel_name": "\u676d\u5dde\u8702\u5de2\u5546\u52a1\u9152\u5e97", "order_time": ["2019-01-06 09:46:13"], "total_order": 1, "hotel_value": ["4.5"], "hotel_price": ["84"]}, "15083387": {"hotel_name": "\u676d\u5dde\u897f\u6e56\u5e73\u6d77\u8def\u4e9a\u6735\u9152\u5e97", "order_time": ["2019-01-06 09:48:10"], "total_order": 1, "hotel_value": ["4.8"], "hotel_price": ["459"]}, "6041781": {"hotel_name": "\u901f8\u9152\u5e97(\u676d\u5dde\u4e34\u5e73\u5730\u94c1\u7ad9\u5e97)", "order_time": ["2019-01-06 09:48:10"], "total_order": 1, "hotel_value": ["4.5"], "hotel_price": ["144"]}, "5246187": {"hotel_name": "\u676d\u5dde\u4e34\u5e73\u4eba\u6c11\u5927\u9053\u4e9a\u6735\u9152\u5e97", "order_time": ["2019-01-06 09:48:10"], "total_order": 1, "hotel_value": ["4.7"], "hotel_price": ["263"]}, "469207": {"hotel_name": "\u676d\u5dde\u7b2c\u4e00\u4e16\u754c\u4f11\u95f2\u9152\u5e97(\u539f\u5b8b\u57ce\u5343\u53e4\u60c5\u4e3b\u9898\u9152\u5e97\u676d\u5dde\u6e58\u6e56\u5e97)", "order_time": ["2019-01-06 09:48:10"], "total_order": 1, "hotel_value": ["4.4"], "hotel_price": ["230"]}, "13828117": {"hotel_name": "\u6816\u8bed\u592a\u7a7a\u9152\u5e97(\u676d\u5dde\u6d59\u5927\u7d2b\u91d1\u6e2f\u5e97)", "order_time": ["2019-01-06 09:48:10"], "total_order": 1, "hotel_value": ["4.6"], "hotel_price": ["73"]}, "890332": {"hotel_name": "\u4e94\u6d0b\u516c\u9986(\u676d\u5dde\u6cb3\u574a\u8857\u706b\u8f66\u57ce\u7ad9\u5e97)", "order_time": ["2019-01-06 09:48:11"], "total_order": 1, "hotel_value": ["4.6"], "hotel_price": ["123"]}, "474066": {"hotel_name": "\u676d\u5dde\u83f2\u65af\u6cf0\u5c14SPA\u4e3b\u9898\u9152\u5e97", "order_time": ["2019-01-06 09:48:11"], "total_order": 1, "hotel_value": ["4.2"], "hotel_price": ["138"]}, "25906076": {"hotel_name": "\u661f\u57ce\u7a7a\u7985\u7cbe\u54c1\u793e\u4ea4\u9752\u5e74\u65c5\u793e(\u676d\u5dde\u897f\u6e56\u5a7a\u6c5f\u8def\u5730\u94c1\u7ad9\u5e97)", "order_time": ["2019-01-06 09:48:11"], "total_order": 1, "hotel_value": ["4.8"], "hotel_price": ["58"]}, "4727648": {"hotel_name": "\u676d\u5dde\u4e2d\u6d32\u5927\u9152\u5e97", "order_time": ["2019-01-06 09:48:11"], "total_order": 1, "hotel_value": ["4.2"], "hotel_price": ["365"]}, "533903": {"hotel_name": "\u676d\u5dde\u6d77\u5916\u6d77\u901a\u4fe1\u5927\u53a6", "order_time": ["2019-01-06 09:48:11"], "total_order": 1, "hotel_value": ["4.8"], "hotel_price": ["284"]}, "1394016": {"hotel_name": "\u676d\u5dde\u4e09\u534e\u5feb\u6377\u9152\u5e97", "order_time": ["2019-01-06 09:48:12"], "total_order": 1, "hotel_value": ["4.4"], "hotel_price": ["160"]}, "1252124": {"hotel_name": "\u676d\u5dde\u535a\u5ead\u9152\u5e97", "order_time": ["2019-01-06 09:48:12"], "total_order": 1, "hotel_value": ["3.8"], "hotel_price": ["85"]}, "1067112": {"hotel_name": "\u5982\u5bb6\u5feb\u6377\u9152\u5e97(\u676d\u5dde\u706b\u8f66\u4e1c\u7ad9\u5929\u57ce\u8def\u5e97)", "order_time": ["2019-01-06 09:48:12"], "total_order": 1, "hotel_value": ["4.5"], "hotel_price": ["106"]}, "1640488": {"hotel_name": "7\u5929\u8fde\u9501\u9152\u5e97(\u676d\u5dde\u57ce\u7ad9\u706b\u8f66\u7ad9\u5e97)", "order_time": ["2019-01-06 09:48:12"], "total_order": 1, "hotel_value": ["4.0"], "hotel_price": ["100"]}, "6081028": {"hotel_name": "\u676d\u5dde\u6e2f\u6c47\u5927\u9152\u5e97", "order_time": ["2019-01-06 09:48:12"], "total_order": 1, "hotel_value": ["4.7"], "hotel_price": ["214"]}, "1353465": {"hotel_name": "\u676d\u5dde\u673a\u573a\u5efa\u6c5f\u65c5\u9986", "order_time": ["2019-01-06 09:48:14"], "total_order": 1, "hotel_value": ["3.7"], "hotel_price": ["99"]}, "2312953": {"hotel_name": "\u676d\u5dde\u6c5f\u98ce\u65c5\u9986", "order_time": ["2019-01-06 09:48:14"], "total_order": 1, "hotel_value": ["3.1"], "hotel_price": ["107"]}, "1378691": {"hotel_name": "\u5343\u5c9b\u6e56\u60a6\u6e56\u5ea6\u5047\u516c\u5bd3", "order_time": ["2019-01-06 09:48:19"], "total_order": 1, "hotel_value": ["4.5"], "hotel_price": ["95"]}, "1645937": {"hotel_name": "\u5efa\u5fb7\u8587\u7231\u9152\u5e97", "order_time": ["2019-01-06 09:48:19"], "total_order": 1, "hotel_value": ["4.1"], "hotel_price": ["102"]}, "22467411": {"hotel_name": "\u6591\u6593\u5bb6\u516c\u5bd3(\u676d\u5dde\u963f\u91cc\u5df4\u5df4\u672a\u6765\u79d1\u6280\u57ce\u5e97)", "order_time": ["2019-01-06 09:50:09"], "total_order": 1, "hotel_value": ["4.9"], "hotel_price": ["242"]}, "24044385": {"hotel_name": "\u676d\u5dde\u897f\u5b50\u6a31\u6843\u9152\u5e97", "order_time": ["2019-01-06 09:50:09"], "total_order": 1, "hotel_value": ["4.7"], "hotel_price": ["195"]}, "684429": {"hotel_name": "\u676d\u5dde\u6d66\u4eac\u82b1\u56ed\u9152\u5e97", "order_time": ["2019-01-06 09:50:09"], "total_order": 1, "hotel_value": ["4.6"], "hotel_price": ["298"]}, "18516707": {"hotel_name": "\u676d\u5dde\u9ea6\u5bb6\u9152\u5e97", "order_time": ["2019-01-06 09:50:09"], "total_order": 1, "hotel_value": ["4.8"], "hotel_price": ["218"]}, "5721244": {"hotel_name": "\u5982\u5bb6\u7cbe\u9009\u9152\u5e97(\u676d\u5dde\u94b1\u6c5f\u4e16\u7eaa\u65b0\u57ce\u676d\u6d77\u8def\u5e97)", "order_time": ["2019-01-06 09:50:10"], "total_order": 1, "hotel_value": ["4.8"], "hotel_price": ["262"]}, "2305024": {"hotel_name": "\u676d\u5dde\u7c73\u8bfa\u98ce\u60c5\u9152\u5e97", "order_time": ["2019-01-06 09:50:11"], "total_order": 1, "hotel_value": ["3.9"], "hotel_price": ["137"]}, "1348996": {"hotel_name": "\u676d\u5dde\u9ece\u660e\u5ba2\u623f", "order_time": ["2019-01-06 09:50:12"], "total_order": 1, "hotel_value": ["3.5"], "hotel_price": ["75"]}, "12481022": {"hotel_name": "\u676d\u5dde\u9189\u7231\u4e3b\u9898\u9152\u5e97", "order_time": ["2019-01-06 09:50:17"], "total_order": 1, "hotel_value": ["4.6"], "hotel_price": ["158"]}, "28130230": {"hotel_name": "\u4e94\u60a6\u666f\u533a\u8fde\u9501\u9152\u5e97(\u4e34\u5b89\u5927\u660e\u5c71\u666f\u533a\u5e97)", "order_time": ["2019-01-06 09:50:18"], "total_order": 1, "hotel_value": ["4.9"], "hotel_price": ["112"]}, "15062842": {"hotel_name": "\u6021\u83b1\u7cbe\u54c1\u9152\u5e97(\u676d\u5dde\u4e5d\u5821\u5ba2\u8fd0\u4e2d\u5fc3\u5e97)", "order_time": ["2019-01-06 09:52:09"], "total_order": 1, "hotel_value": ["4.6"], "hotel_price": ["213"]}, "847320": {"hotel_name": "\u676d\u5dde\u661f\u90fd\u5bbe\u9986", "order_time": ["2019-01-06 09:52:10"], "total_order": 1, "hotel_value": ["4.5"], "hotel_price": ["458"]}, "19610638": {"hotel_name": "\u676d\u5dde\u8fd0\u6cb3\u5e0c\u5c14\u987f\u6b22\u670b\u9152\u5e97", "order_time": ["2019-01-06 09:52:10"], "total_order": 1, "hotel_value": ["4.7"], "hotel_price": ["409"]}, "4026151": {"hotel_name": "\u5982\u5bb6\u7cbe\u9009\u9152\u5e97(\u676d\u5dde\u897f\u6e56\u89e3\u653e\u8def\u5e97)", "order_time": ["2019-01-06 09:52:10"], "total_order": 1, "hotel_value": ["4.8"], "hotel_price": ["237"]}, "3638715": {"hotel_name": "\u676d\u5dde\u8fd0\u6cb3\u5858\u6816\u96f7\u8fea\u68ee\u5e84\u56ed", "order_time": ["2019-01-06 09:52:11"], "total_order": 1, "hotel_value": ["4.7"], "hotel_price": ["576"]}, "1934129": {"hotel_name": "\u676d\u5dde\u9752\u74f7\u00b7\u7cbe\u54c1\u9152\u5e97\u5f0f\u516c\u5bd3", "order_time": ["2019-01-06 09:52:12"], "total_order": 1, "hotel_value": ["4.3"], "hotel_price": ["179"]}, "6682695": {"hotel_name": "\u676d\u5dde\u5170\u4ead\u98ce\u5c1a\u9152\u5e97", "order_time": ["2019-01-06 09:52:16"], "total_order": 1, "hotel_value": ["4.6"], "hotel_price": ["111"]}, "1744136": {"hotel_name": "\u6696\u5885\u9152\u5e97(\u676d\u5dde\u897f\u6e56\u5e86\u6625\u8def\u5e97)", "order_time": ["2019-01-06 09:54:09"], "total_order": 1, "hotel_value": ["4.6"], "hotel_price": ["192"]}, "3030804": {"hotel_name": "\u676d\u5dde\u5609\u60a6\u9152\u5e97(\u539f\u767e\u60a6\u5546\u52a1\u9152\u5e97)", "order_time": ["2019-01-06 09:54:10"], "total_order": 1, "hotel_value": ["4.6"], "hotel_price": ["337"]}, "1536661": {"hotel_name": "\u5f00\u745e\u7cbe\u54c1\u9152\u5e97\u6e58\u6e56\u5e97", "order_time": ["2019-01-06 09:54:10"], "total_order": 1, "hotel_value": ["4.0"], "hotel_price": ["143"]}, "1048266": {"hotel_name": "\u6021\u83b1\u7cbe\u54c1\u9152\u5e97(\u676d\u5dde\u9ad8\u6c99\u8def\u5730\u94c1\u5e97)", "order_time": ["2019-01-06 09:54:10"], "total_order": 1, "hotel_value": ["4.5"], "hotel_price": ["140"]}, "4399270": {"hotel_name": "\u676d\u5dde\u91d1\u5ef7\u9152\u5e97", "order_time": ["2019-01-06 09:54:10"], "total_order": 1, "hotel_value": ["4.4"], "hotel_price": ["193"]}, "1441545": {"hotel_name": "\u901f8\u9152\u5e97(\u676d\u5dde\u897f\u6e56\u9752\u5e74\u8def\u5e97)", "order_time": ["2019-01-06 09:54:10"], "total_order": 1, "hotel_value": ["3.7"], "hotel_price": ["93"]}, "427883": {"hotel_name": "\u5982\u5bb6\u5feb\u6377\u9152\u5e97(\u676d\u5dde\u9ec4\u9f99\u9890\u9ad8\u5e7f\u573a\u5e97)", "order_time": ["2019-01-06 09:54:10"], "total_order": 1, "hotel_value": ["4.3"], "hotel_price": ["106"]}, "6304122": {"hotel_name": "\u676d\u5dde\u805a\u53a6\u00b7\u672a\u6765\u5927\u9152\u5e97", "order_time": ["2019-01-06 09:54:11"], "total_order": 1, "hotel_value": ["4.3"], "hotel_price": ["238"]}, "1244127": {"hotel_name": "\u683c\u6797\u8054\u76df\u9152\u5e97(\u676d\u5dde\u4e0b\u6c99\u4f20\u5a92\u5b66\u9662\u5e97)", "order_time": ["2019-01-06 09:54:11"], "total_order": 1, "hotel_value": ["4.2"], "hotel_price": ["79"]}, "2626694": {"hotel_name": "\u676d\u5dde\u798f\u901a\u5546\u52a1\u9152\u5e97", "order_time": ["2019-01-06 09:54:11"], "total_order": 1, "hotel_value": ["2.0"], "hotel_price": ["150"]}, "989137": {"hotel_name": "\u676d\u5dde\u996d\u7c73\u7c92\u5bbe\u9986", "order_time": ["2019-01-06 09:54:11"], "total_order": 1, "hotel_value": ["4.3"], "hotel_price": ["138"]}, "10898290": {"hotel_name": "\u5343\u5c9b\u6e56\u9633\u5149\u6c34\u5cb8\u5ea6\u5047\u516c\u5bd3", "order_time": ["2019-01-06 09:54:15"], "total_order": 1, "hotel_value": ["4.6"], "hotel_price": ["112"]}}}