{"\u5f00\u59cb\u8bb0\u5f55\u65f6\u95f4": "2019-01-17 05:08:53", "\u7ed3\u675f\u8bb0\u5f55\u65f6\u95f4": "2019-01-17 06:16:05", "\u8ba2\u5355\u603b\u589e\u91cf": 148, "item": {"23099484": {"hotel_name": "\u676d\u5dde\u5965\u4f53\u4e2d\u5fc3\u548c\u660c\u5e0c\u5c14\u987f\u6b22\u670b\u9152\u5e97", "order_time": ["2019-01-17 05:11:53"], "total_order": 1, "hotel_value": ["4.8"], "hotel_price": ["440"]}, "19570819": {"hotel_name": "\u676d\u5dde\u4e91\u6816\u5ba2\u6808", "order_time": ["2019-01-17 05:14:24"], "total_order": 1, "hotel_value": ["4.5"], "hotel_price": ["287"]}, "23799727": {"hotel_name": "\u676d\u5dde\u6816\u5bd3\u516c\u5bd3", "order_time": ["2019-01-17 05:18:54"], "total_order": 1, "hotel_value": ["4.8"], "hotel_price": ["195"]}, "1071693": {"hotel_name": "Zsmart\u667a\u5c1a\u9152\u5e97(\u676d\u5dde\u9ec4\u9f99\u6559\u5de5\u8def\u5e97)", "order_time": ["2019-01-17 05:18:59"], "total_order": 1, "hotel_value": ["4.5"], "hotel_price": ["160"]}, "1466803": {"hotel_name": "\u676d\u5dde\u4e07\u987a\u5546\u52a1\u9152\u5e97", "order_time": ["2019-01-17 05:19:05"], "total_order": 1, "hotel_value": ["4.5"], "hotel_price": ["129"]}, "697589": {"hotel_name": "\u6c49\u5ead\u9152\u5e97(\u676d\u5dde\u671d\u6656\u5e97)", "order_time": ["2019-01-17 05:20:56"], "total_order": 1, "hotel_value": ["4.4"], "hotel_price": ["170"]}, "15901870": {"hotel_name": "\u676d\u5dde\u597d\u65f6\u8fd0\u541b\u4ead\u9152\u5e97", "order_time": ["2019-01-17 05:20:57"], "total_order": 1, "hotel_value": ["4.6"], "hotel_price": ["280"]}, "371172": {"hotel_name": "\u676d\u5dde\u897f\u6eaa\u5929\u5802\u897f\u8f69\u9152\u5e97", "order_time": ["2019-01-17 05:21:00"], "total_order": 1, "hotel_value": ["4.7"], "hotel_price": ["563"]}, "16083550": {"hotel_name": "\u676d\u5dde\u6c34\u4e00\u7a0b\u9752\u5e74\u65c5\u820d", "order_time": ["2019-01-17 05:23:40"], "total_order": 1, "hotel_value": ["4.1"], "hotel_price": ["47"]}, "1727764": {"hotel_name": "\u676d\u5dde\u897f\u6e56\u6587\u5316\u5e7f\u573a\u4e9a\u6735\u9152\u5e97", "order_time": ["2019-01-17 05:25:32"], "total_order": 1, "hotel_value": ["4.8"], "hotel_price": ["532"]}, "10920264": {"hotel_name": "\u676d\u5dde\u70ab\u9890\u5927\u9152\u5e97", "order_time": ["2019-01-17 05:27:45"], "total_order": 1, "hotel_value": ["4.5"], "hotel_price": ["222"]}, "25216803": {"hotel_name": "\u676d\u5dde\u4f0a\u5361\u516c\u5bd3", "order_time": ["2019-01-17 05:27:51", "2019-01-17 05:30:09"], "total_order": 2, "hotel_value": ["4.9", "4.9"], "hotel_price": ["273", "273"]}, "2364610": {"hotel_name": "\u5982\u5bb6\u5feb\u6377\u9152\u5e97(\u676d\u5dde\u897f\u6e56\u65b0\u5e97)", "order_time": ["2019-01-17 05:27:54"], "total_order": 1, "hotel_value": ["4.4"], "hotel_price": ["214"]}, "6550036": {"hotel_name": "\u676d\u5ddeJD\u94c2\u8c6a\u9152\u5e97(\u8427\u5c71\u673a\u573a\u5e97)", "order_time": ["2019-01-17 05:30:05"], "total_order": 1, "hotel_value": ["4.4"], "hotel_price": ["181"]}, "481249": {"hotel_name": "\u5e03\u4e01\u9152\u5e97(\u676d\u5dde\u897f\u6e56\u5357\u5b8b\u5fa1\u8857\u5e97)", "order_time": ["2019-01-17 05:30:09"], "total_order": 1, "hotel_value": ["3.9"], "hotel_price": ["67"]}, "1205226": {"hotel_name": "\u676d\u5dde\u534e\u8fb0\u00b7\u5723\u5e0c\u7f57\u9152\u5e97", "order_time": ["2019-01-17 05:30:12"], "total_order": 1, "hotel_value": ["4.5"], "hotel_price": ["271"]}, "1196587": {"hotel_name": "\u676d\u5dde\u4e94\u946b\u5bbe\u9986", "order_time": ["2019-01-17 05:30:12"], "total_order": 1, "hotel_value": ["4.3"], "hotel_price": ["161"]}, "373062": {"hotel_name": "\u676d\u5dde\u9f99\u79a7\u798f\u670b\u559c\u6765\u767b\u9152\u5e97", "order_time": ["2019-01-17 05:30:12"], "total_order": 1, "hotel_value": ["4.3"], "hotel_price": ["593"]}, "1413913": {"hotel_name": "\u5168\u5b63\u9152\u5e97(\u676d\u5dde\u6b66\u6797\u95e8\u5e97)", "order_time": ["2019-01-17 05:30:12"], "total_order": 1, "hotel_value": ["4.7"], "hotel_price": ["265"]}, "2916683": {"hotel_name": "\u5982\u5bb6\u5feb\u6377\u9152\u5e97(\u676d\u5dde\u706b\u8f66\u4e1c\u7ad9\u897f\u5e7f\u573a\u5e97)", "order_time": ["2019-01-17 05:30:12"], "total_order": 1, "hotel_value": ["4.2"], "hotel_price": ["180"]}, "433845": {"hotel_name": "\u5982\u5bb6\u5feb\u6377\u9152\u5e97(\u676d\u5dde\u897f\u6e56\u5357\u5b8b\u5fa1\u8857\u4e2d\u5fc3\u5e97)", "order_time": ["2019-01-17 05:30:12"], "total_order": 1, "hotel_value": ["4.5"], "hotel_price": ["113"]}, "1611249": {"hotel_name": "\u5168\u5b63\u9152\u5e97(\u676d\u5dde\u4e2d\u6cb3\u5317\u8def\u5e97)", "order_time": ["2019-01-17 05:30:12"], "total_order": 1, "hotel_value": ["4.8"], "hotel_price": ["294"]}, "3796922": {"hotel_name": "\u5168\u5b63\u9152\u5e97(\u676d\u5dde\u6ee8\u6c5f\u6c5f\u5357\u5927\u9053\u5e97)", "order_time": ["2019-01-17 05:30:12"], "total_order": 1, "hotel_value": ["4.8"], "hotel_price": ["626"]}, "6168560": {"hotel_name": "\u676d\u5dde\u65b0\u4e5d\u9f99\u9152\u5e97", "order_time": ["2019-01-17 05:30:12"], "total_order": 1, "hotel_value": ["4.7"], "hotel_price": ["318"]}, "434635": {"hotel_name": "\u676d\u5dde\u4f17\u5b89\u534e\u7eb3\u5047\u65e5\u5927\u9152\u5e97", "order_time": ["2019-01-17 05:30:12"], "total_order": 1, "hotel_value": ["4.6"], "hotel_price": ["278"]}, "24539865": {"hotel_name": "\u676d\u5dde\u534e\u9876\u56fd\u9645\u5927\u9152\u5e97", "order_time": ["2019-01-17 05:30:12"], "total_order": 1, "hotel_value": ["4.7"], "hotel_price": ["332"]}, "1119603": {"hotel_name": "\u5168\u5b63\u9152\u5e97(\u676d\u5dde\u897f\u6eaa\u6587\u4e09\u897f\u8def\u5e97)(\u539f\u85d5\u82b1\u6d32\u5047\u65e5\u9152\u5e97)", "order_time": ["2019-01-17 05:30:12"], "total_order": 1, "hotel_value": ["4.8"], "hotel_price": ["389"]}, "7276739": {"hotel_name": "\u5168\u5b63\u9152\u5e97(\u676d\u5dde\u94b1\u6c5f\u65b0\u57ce\u65b0\u5858\u8def\u5e97)", "order_time": ["2019-01-17 05:30:12"], "total_order": 1, "hotel_value": ["4.8"], "hotel_price": ["370"]}, "1430706": {"hotel_name": "\u676d\u5dde\u4e1c\u65b9\u5bd3\u820d\u00b7\u9ec4\u9f99\u996d\u5e97", "order_time": ["2019-01-17 05:30:12"], "total_order": 1, "hotel_value": ["4.7"], "hotel_price": ["766"]}, "634844": {"hotel_name": "\u676d\u5dde\u57ce\u5e02\u82b1\u56ed\u9152\u5e97", "order_time": ["2019-01-17 05:30:13"], "total_order": 1, "hotel_value": ["4.5"], "hotel_price": ["296"]}, "8053309": {"hotel_name": "\u6668\u67ab\u81fb\u54c1\u9152\u5e97(\u676d\u5dde\u8427\u5c71\u4eba\u6c11\u5e7f\u573a\u5e97)", "order_time": ["2019-01-17 05:30:13"], "total_order": 1, "hotel_value": ["4.7"], "hotel_price": ["246"]}, "2313472": {"hotel_name": "\u5168\u5b63\u9152\u5e97(\u676d\u5dde\u4e0b\u6c99\u7ecf\u6d4e\u5f00\u53d1\u533a\u5e97)", "order_time": ["2019-01-17 05:30:13"], "total_order": 1, "hotel_value": ["4.8"], "hotel_price": ["322"]}, "6970191": {"hotel_name": "\u6c49\u5ead\u9152\u5e97(\u676d\u5dde\u6b66\u6797\u95e8\u6e56\u5885\u5357\u8def\u5e97)", "order_time": ["2019-01-17 05:30:13"], "total_order": 1, "hotel_value": ["4.7"], "hotel_price": ["199"]}, "1749157": {"hotel_name": "\u5168\u5b63\u9152\u5e97(\u676d\u5dde\u5357\u5c71\u8def\u603b\u5e97)", "order_time": ["2019-01-17 05:30:13"], "total_order": 1, "hotel_value": ["4.8"], "hotel_price": ["398"]}, "472889": {"hotel_name": "\u676d\u5dde\u5b9d\u76db\u6c34\u535a\u56ed\u5927\u9152\u5e97", "order_time": ["2019-01-17 05:30:13"], "total_order": 1, "hotel_value": ["4.8"], "hotel_price": ["576"]}, "11930365": {"hotel_name": "\u683c\u96f7\u65af\u7cbe\u9009\u9152\u5e97(\u676d\u5dde\u91d1\u6c99\u6e56\u5e97)", "order_time": ["2019-01-17 05:30:13"], "total_order": 1, "hotel_value": ["4.8"], "hotel_price": ["291"]}, "5464135": {"hotel_name": "\u5982\u5bb6\u5feb\u6377\u9152\u5e97(\u676d\u5dde\u706b\u8f66\u4e1c\u7ad9\u5230\u8fbe\u5927\u5385\u5e97)", "order_time": ["2019-01-17 05:30:13"], "total_order": 1, "hotel_value": ["4.3"], "hotel_price": ["218"]}, "9316584": {"hotel_name": "\u676d\u5dde\u6ee8\u6c5f\u6ee8\u6587\u8def\u4e9a\u6735\u9152\u5e97", "order_time": ["2019-01-17 05:30:13"], "total_order": 1, "hotel_value": ["4.6"], "hotel_price": ["416"]}, "987432": {"hotel_name": "\u5b9c\u5fc5\u601d\u9152\u5e97(\u676d\u5dde\u897f\u6e56\u5e86\u6625\u8def\u5e97)", "order_time": ["2019-01-17 05:30:13"], "total_order": 1, "hotel_value": ["4.5"], "hotel_price": ["294"]}, "7142560": {"hotel_name": "\u5168\u5b63\u9152\u5e97(\u676d\u5dde\u4e5d\u5821\u5ba2\u8fd0\u4e2d\u5fc3\u5e97)", "order_time": ["2019-01-17 05:30:13"], "total_order": 1, "hotel_value": ["4.8"], "hotel_price": ["294"]}, "659230": {"hotel_name": "\u60528\u8fde\u9501\u9152\u5e97(\u676d\u5dde\u8427\u5c71\u673a\u573a\u5e97)", "order_time": ["2019-01-17 05:32:21"], "total_order": 1, "hotel_value": ["4.3"], "hotel_price": ["133"]}, "6307537": {"hotel_name": "\u5343\u5c9b\u6e56\u5cf0\u6cf0\u541b\u4ead\u9152\u5e97", "order_time": ["2019-01-17 06:02:43", "2019-01-17 05:32:44"], "total_order": 2, "hotel_value": ["4.8", "4.8"], "hotel_price": ["258", "258"]}, "435383": {"hotel_name": "\u676d\u5dde\u9a6c\u53ef\u6ce2\u7f57\u5047\u65e5\u9152\u5e97", "order_time": ["2019-01-17 05:33:48"], "total_order": 1, "hotel_value": ["4.8"], "hotel_price": ["589"]}, "346311": {"hotel_name": "\u676d\u5dde\u9a6c\u53ef\u6ce2\u7f57\u6ee8\u6e56\u9152\u5e97", "order_time": ["2019-01-17 05:33:48"], "total_order": 1, "hotel_value": ["4.7"], "hotel_price": ["355"]}, "7828854": {"hotel_name": "\u676d\u5dde\u4e2d\u7ef4\u9999\u6ea2\u5927\u9152\u5e97", "order_time": ["2019-01-17 05:56:56", "2019-01-17 05:33:48"], "total_order": 2, "hotel_value": ["4.7", "4.7"], "hotel_price": ["558", "474"]}, "435439": {"hotel_name": "\u676d\u5dde\u897f\u6e56\u6162\u4eab\u4e3b\u9898\u9152\u5e97", "order_time": ["2019-01-17 05:33:48"], "total_order": 1, "hotel_value": ["4.7"], "hotel_price": ["429"]}, "346316": {"hotel_name": "\u6d59\u6c5f\u996d\u5e97", "order_time": ["2019-01-17 05:33:48"], "total_order": 1, "hotel_value": ["4.8"], "hotel_price": ["408"]}, "5918673": {"hotel_name": "\u6d59\u6c5f\u897f\u6e56\u5c71\u5e84", "order_time": ["2019-01-17 05:33:48"], "total_order": 1, "hotel_value": ["4.8"], "hotel_price": ["958"]}, "429778": {"hotel_name": "\u676d\u5dde\u4e2d\u5c71\u56fd\u9645\u5927\u9152\u5e97", "order_time": ["2019-01-17 05:33:48"], "total_order": 1, "hotel_value": ["4.5"], "hotel_price": ["342"]}, "10558548": {"hotel_name": "\u676d\u5dde\u5370\u6cf0\u6664\u58eb\u00b7\u5ead\u60a6\u9152\u5e97", "order_time": ["2019-01-17 05:33:48"], "total_order": 1, "hotel_value": ["4.7"], "hotel_price": ["358"]}, "5903375": {"hotel_name": "\u8d5e\u6210\u5bbe\u9986(\u676d\u5dde\u56fd\u9645\u5e97)", "order_time": ["2019-01-17 05:33:48"], "total_order": 1, "hotel_value": ["4.7"], "hotel_price": ["399"]}, "429719": {"hotel_name": "\u6d59\u6c5f\u6885\u5730\u4e9a\u5bbe\u9986", "order_time": ["2019-01-17 05:33:48"], "total_order": 1, "hotel_value": ["4.7"], "hotel_price": ["1199"]}, "11212429": {"hotel_name": "\u676d\u5dde\u4e1c\u7ad9\u667a\u9009\u5047\u65e5\u9152\u5e97", "order_time": ["2019-01-17 05:33:48"], "total_order": 1, "hotel_value": ["4.8"], "hotel_price": ["400"]}, "442268": {"hotel_name": "\u6d59\u6c5f\u5927\u9152\u5e97", "order_time": ["2019-01-17 05:43:00", "2019-01-17 05:33:48"], "total_order": 2, "hotel_value": ["4.7", "4.7"], "hotel_price": ["590", "590"]}, "5240879": {"hotel_name": "\u676d\u5dde\u745e\u7acb\u6c5f\u6cb3\u6c47\u9152\u5e97", "order_time": ["2019-01-17 05:33:48"], "total_order": 1, "hotel_value": ["4.7"], "hotel_price": ["616"]}, "436215": {"hotel_name": "\u8776\u6765\u6d59\u6c5f\u5bbe\u9986", "order_time": ["2019-01-17 05:33:49"], "total_order": 1, "hotel_value": ["4.8"], "hotel_price": ["558"]}, "664277": {"hotel_name": "\u676d\u5dde\u5927\u534e\u996d\u5e97", "order_time": ["2019-01-17 05:33:49"], "total_order": 1, "hotel_value": ["4.8"], "hotel_price": ["898"]}, "1435183": {"hotel_name": "\u676d\u5dde\u6c47\u548c\u541b\u4ead\u9152\u5e97", "order_time": ["2019-01-17 05:34:34"], "total_order": 1, "hotel_value": ["4.7"], "hotel_price": ["406"]}, "1211301": {"hotel_name": "\u9c9c\u5c4b\u5546\u65c5\u9152\u5e97(\u676d\u5dde\u9ec4\u9f99\u4e07\u5858\u5e97)", "order_time": ["2019-01-17 05:34:40"], "total_order": 1, "hotel_value": ["4.6"], "hotel_price": ["240"]}, "1434432": {"hotel_name": "\u683c\u6797\u8c6a\u6cf0(\u676d\u5dde\u534a\u5c71\u56fd\u5bb6\u68ee\u6797\u516c\u56ed\u77f3\u6865\u5e97)", "order_time": ["2019-01-17 05:41:41", "2019-01-17 05:39:22", "2019-01-17 05:46:18"], "total_order": 3, "hotel_value": ["4.2", "4.2", "4.2"], "hotel_price": ["194", "194", "194"]}, "441504": {"hotel_name": "\u6d59\u6c5f\u6587\u534e\u5927\u9152\u5e97", "order_time": ["2019-01-17 05:41:28"], "total_order": 1, "hotel_value": ["4.5"], "hotel_price": ["299"]}, "3030804": {"hotel_name": "\u676d\u5dde\u5609\u60a6\u9152\u5e97(\u539f\u767e\u60a6\u5546\u52a1\u9152\u5e97)", "order_time": ["2019-01-17 05:41:33"], "total_order": 1, "hotel_value": ["4.6"], "hotel_price": ["338"]}, "1406726": {"hotel_name": "\u83ab\u6cf0168(\u676d\u5dde\u706b\u8f66\u4e1c\u7ad9\u5929\u57ce\u8def\u5e97)", "order_time": ["2019-01-17 05:41:41"], "total_order": 1, "hotel_value": ["4.5"], "hotel_price": ["134"]}, "1210163": {"hotel_name": "\u676d\u5dde\u6e7e\u5927\u9152\u5e97", "order_time": ["2019-01-17 05:45:56"], "total_order": 1, "hotel_value": ["4.4"], "hotel_price": ["233"]}, "481203": {"hotel_name": "\u5e03\u4e01\u4e25\u9009\u9152\u5e97(\u676d\u5dde\u6b66\u6797\u897f\u6e56\u6587\u5316\u5e7f\u573a\u5730\u94c1\u7ad9\u5e97)", "order_time": ["2019-01-17 05:46:00"], "total_order": 1, "hotel_value": ["4.3"], "hotel_price": ["119"]}, "542732": {"hotel_name": "\u4e14\u5ba2\u9152\u5e97\u5f0f\u516c\u5bd3(\u676d\u5dde\u661f\u5149\u5927\u9053\u5e97)", "order_time": ["2019-01-17 05:46:00"], "total_order": 1, "hotel_value": ["4.4"], "hotel_price": ["232"]}, "15235323": {"hotel_name": "\u676d\u5dde\u7687\u5ef7\u9152\u5e97", "order_time": ["2019-01-17 05:46:08"], "total_order": 1, "hotel_value": ["4.7"], "hotel_price": ["190"]}, "1727981": {"hotel_name": "\u676d\u5dde\u8427\u5c71\u534e\u8363\u5546\u65c5\u9152\u5e97", "order_time": ["2019-01-17 05:46:08"], "total_order": 1, "hotel_value": ["4.3"], "hotel_price": ["173"]}, "6125233": {"hotel_name": "\u901f8\u9152\u5e97(\u676d\u5dde\u77f3\u6865\u534a\u5c71\u5e97)", "order_time": ["2019-01-17 05:46:08"], "total_order": 1, "hotel_value": ["4.1"], "hotel_price": ["183"]}, "427887": {"hotel_name": "\u5982\u5bb6\u5feb\u6377\u9152\u5e97(\u676d\u5dde\u706b\u8f66\u57ce\u7ad9\u6e05\u6cb3\u574a\u53e4\u8857\u5e97)", "order_time": ["2019-01-17 05:46:08"], "total_order": 1, "hotel_value": ["4.4"], "hotel_price": ["80"]}, "1779801": {"hotel_name": "\u676d\u5dde\u5b9c.\u8309\u8389\u516c\u9986", "order_time": ["2019-01-17 05:46:08"], "total_order": 1, "hotel_value": ["4.3"], "hotel_price": ["386"]}, "24631732": {"hotel_name": "\u676d\u5dde\u5b9d\u5b9d\u9752\u5e74\u65c5\u820d", "order_time": ["2019-01-17 06:08:23", "2019-01-17 05:46:08"], "total_order": 2, "hotel_value": ["4.8", "4.8"], "hotel_price": ["50", "50"]}, "2599400": {"hotel_name": "\u676d\u5dde\u65b9\u5174\u7cbe\u54c1\u9152\u5e97", "order_time": ["2019-01-17 05:46:08"], "total_order": 1, "hotel_value": ["4.5"], "hotel_price": ["94"]}, "1768078": {"hotel_name": "\u676d\u5dde\u6e58\u60c5\u5546\u52a1\u9152\u5e97", "order_time": ["2019-01-17 05:46:08"], "total_order": 1, "hotel_value": ["4.4"], "hotel_price": ["133"]}, "2224028": {"hotel_name": "\u676d\u5dde\u5fc6\u90a6\u7cbe\u54c1\u9152\u5e97", "order_time": ["2019-01-17 05:46:08"], "total_order": 1, "hotel_value": ["4.3"], "hotel_price": ["174"]}, "1582759": {"hotel_name": "\u5982\u5bb6\u9a7f\u5c45\u9152\u5e97(\u676d\u5dde\u5e73\u6d77\u897f\u6e56\u9f99\u7fd4\u6865\u5e97)", "order_time": ["2019-01-17 05:46:08"], "total_order": 1, "hotel_value": ["4.0"], "hotel_price": ["132"]}, "1727903": {"hotel_name": "\u676d\u5dde\u7ef4\u4f17\u9152\u5e97\u5f0f\u516c\u5bd3", "order_time": ["2019-01-17 05:46:08"], "total_order": 1, "hotel_value": ["4.3"], "hotel_price": ["258"]}, "17971378": {"hotel_name": "\u676d\u5dde\u6f2b\u6708\u5ead\u6c11\u5bbf", "order_time": ["2019-01-17 05:46:08"], "total_order": 1, "hotel_value": ["4.9"], "hotel_price": ["215"]}, "17974158": {"hotel_name": "\u67cf\u66fc\u9152\u5e97(\u676d\u5dde\u897f\u6e56\u5ef6\u5b89\u8def\u6e56\u6ee8\u94f6\u6cf0\u5e97)", "order_time": ["2019-01-17 05:46:08"], "total_order": 1, "hotel_value": ["4.2"], "hotel_price": ["218"]}, "900094": {"hotel_name": "Zsmart\u667a\u5c1a\u9152\u5e97(\u676d\u5dde\u897f\u6e56\u5e86\u6625\u8def\u5e97)", "order_time": ["2019-01-17 05:46:08"], "total_order": 1, "hotel_value": ["4.3"], "hotel_price": ["178"]}, "1591528": {"hotel_name": "\u679c\u4e01\u9152\u5e97\u5f0f\u516c\u5bd3(\u676d\u5dde\u661f\u5149\u5927\u9053\u5e97)", "order_time": ["2019-01-17 05:46:08"], "total_order": 1, "hotel_value": ["4.1"], "hotel_price": ["252"]}, "13304028": {"hotel_name": "\u676d\u5dde\u5965\u5f97\u9152\u5e97", "order_time": ["2019-01-17 05:46:18"], "total_order": 1, "hotel_value": ["4.4"], "hotel_price": ["232"]}, "5408192": {"hotel_name": "\u676d\u5dde\u6708\u8377\u5370\u8c61\u7cbe\u54c1\u9152\u5e97", "order_time": ["2019-01-17 05:46:18"], "total_order": 1, "hotel_value": ["4.5"], "hotel_price": ["262"]}, "1771817": {"hotel_name": "\u676d\u5dde\u96c5\u5ba2\u5feb\u6377\u9152\u5e97", "order_time": ["2019-01-17 05:46:18"], "total_order": 1, "hotel_value": ["4.1"], "hotel_price": ["103"]}, "813068": {"hotel_name": "\u6c49\u5ead\u9152\u5e97(\u676d\u5dde\u4e1c\u65b0\u8def\u5e97)", "order_time": ["2019-01-17 05:46:18"], "total_order": 1, "hotel_value": ["4.4"], "hotel_price": ["161"]}, "1769001": {"hotel_name": "\u676d\u5dde\u8427\u5c71\u673a\u573a\u5927\u9152\u5e97", "order_time": ["2019-01-17 05:46:18"], "total_order": 1, "hotel_value": ["4.0"], "hotel_price": ["143"]}, "19477779": {"hotel_name": "\u5f00\u5143\u66fc\u5c45\u00b7\u676d\u5dde\u74dc\u6ca5\u5e97", "order_time": ["2019-01-17 05:46:18"], "total_order": 1, "hotel_value": ["4.8"], "hotel_price": ["393"]}, "14014113": {"hotel_name": "\u548c\u5b63\u9ad8\u7ea7\u9152\u5e97\u5f0f\u516c\u5bd3(\u676d\u5dde\u6d59\u5546\u5e97)(\u539f\u676d\u5dde\u6d59\u5546\u5e97)", "order_time": ["2019-01-17 05:46:18"], "total_order": 1, "hotel_value": ["4.7"], "hotel_price": ["182"]}, "1479671": {"hotel_name": "\u676d\u5dde\u5174\u57ce\u65c5\u9986", "order_time": ["2019-01-17 05:48:13"], "total_order": 1, "hotel_value": ["3.5"], "hotel_price": ["78"]}, "993577": {"hotel_name": "\u676d\u5dde\u56de\u79be\u6d59\u4fe1\u5927\u9152\u5e97", "order_time": ["2019-01-17 05:48:16"], "total_order": 1, "hotel_value": ["4.6"], "hotel_price": ["144"]}, "1007105": {"hotel_name": "YHOTEL-\u676d\u5dde\u9752\u5e74\u4f1a\u9752\u5e74\u65c5\u820d", "order_time": ["2019-01-17 05:55:02", "2019-01-17 05:48:20"], "total_order": 2, "hotel_value": ["4.2", "4.2"], "hotel_price": ["45", "45"]}, "15974168": {"hotel_name": "\u676d\u5dde\u91d1\u6c99\u6e56\u535a\u4e50\u8bd7\u670d\u52a1\u516c\u5bd3", "order_time": ["2019-01-17 05:50:24"], "total_order": 1, "hotel_value": ["4.7"], "hotel_price": ["217"]}, "435449": {"hotel_name": "\u6d59\u6c5f\u4e16\u8d38\u541b\u6f9c\u5927\u996d\u5e97", "order_time": ["2019-01-17 05:50:30"], "total_order": 1, "hotel_value": ["4.8"], "hotel_price": ["708"]}, "446921": {"hotel_name": "\u676d\u5dde\u7c73\u5170\u98ce\u5c1a\u9152\u5e97(\u539f\u676d\u5dde\u7c73\u5170\u5bcc\u9a7f\u65f6\u5c1a\u9152\u5e97)", "order_time": ["2019-01-17 05:52:40"], "total_order": 1, "hotel_value": ["4.4"], "hotel_price": ["228"]}, "26887319": {"hotel_name": "\u676d\u5dde\u4e34\u5e73\u7406\u60f3\u94f6\u6cf0\u57ce\u6296\u820d\u9152\u5e97", "order_time": ["2019-01-17 05:52:53"], "total_order": 1, "hotel_value": ["4.8"], "hotel_price": ["230"]}, "434906": {"hotel_name": "\u6021\u83b1\u9152\u5e97(\u676d\u5dde\u8427\u5c71\u5e02\u5fc3\u5317\u8def\u5e97)", "order_time": ["2019-01-17 05:52:57", "2019-01-17 05:54:55"], "total_order": 2, "hotel_value": ["4.0", "4.0"], "hotel_price": ["170", "170"]}, "1285167": {"hotel_name": "\u676d\u5dde\u6cd5\u5965\u7cbe\u54c1\u9152\u5e97", "order_time": ["2019-01-17 05:53:04"], "total_order": 1, "hotel_value": ["4.7"], "hotel_price": ["109"]}, "1640009": {"hotel_name": "\u9526\u6c5f\u4e4b\u661f\u54c1\u5c1a(\u676d\u5dde\u897f\u6e56\u5927\u9053\u5357\u5b8b\u5fa1\u8857\u5e97)", "order_time": ["2019-01-17 05:59:12"], "total_order": 1, "hotel_value": ["4.6"], "hotel_price": ["160"]}, "6501449": {"hotel_name": "\u5982\u5bb6\u5546\u65c5\u9152\u5e97(\u676d\u5dde\u94b1\u6c5f\u65b0\u57ce\u5929\u8679\u5e7f\u573a\u5e97)", "order_time": ["2019-01-17 06:01:31"], "total_order": 1, "hotel_value": ["4.6"], "hotel_price": ["218"]}, "22467411": {"hotel_name": "\u6591\u6593\u5bb6\u516c\u5bd3(\u676d\u5dde\u963f\u91cc\u5df4\u5df4\u672a\u6765\u79d1\u6280\u57ce\u5e97)", "order_time": ["2019-01-17 06:01:36"], "total_order": 1, "hotel_value": ["4.9"], "hotel_price": ["265"]}, "1709968": {"hotel_name": "\u676d\u5dde\u6ee8\u6c5f\u68a6\u5c14\u5047\u65e5\u9152\u5e97", "order_time": ["2019-01-17 06:01:41"], "total_order": 1, "hotel_value": ["4.1"], "hotel_price": ["281"]}, "435398": {"hotel_name": "\u5343\u5c9b\u6e56\u5f00\u5143\u5ea6\u5047\u6751", "order_time": ["2019-01-17 06:02:43"], "total_order": 1, "hotel_value": ["4.8"], "hotel_price": ["446"]}, "435356": {"hotel_name": "\u5343\u5c9b\u6e56\u6e29\u99a8\u5c9b\u8776\u6765\u6e56\u666f\u5ea6\u5047\u9152\u5e97(\u539f\u6d59\u65c5\u5ea6\u5047\u9152\u5e97)", "order_time": ["2019-01-17 06:02:43"], "total_order": 1, "hotel_value": ["4.8"], "hotel_price": ["319"]}, "8148763": {"hotel_name": "\u5343\u5c9b\u6e56\u5b89\u9e93\u9152\u5e97", "order_time": ["2019-01-17 06:11:19", "2019-01-17 06:02:43"], "total_order": 2, "hotel_value": ["4.8", "4.8"], "hotel_price": ["1955", "1955"]}, "433966": {"hotel_name": "\u5343\u5c9b\u6e56\u6da6\u548c\u5efa\u56fd\u5ea6\u5047\u9152\u5e97", "order_time": ["2019-01-17 06:02:43"], "total_order": 1, "hotel_value": ["4.8"], "hotel_price": ["399"]}, "5515002": {"hotel_name": "\u5343\u5c9b\u6e56\u5f00\u5143\u66fc\u5c45\u9152\u5e97", "order_time": ["2019-01-17 06:02:43"], "total_order": 1, "hotel_value": ["4.8"], "hotel_price": ["232"]}, "7490944": {"hotel_name": "\u5343\u5c9b\u6e56\u4f2f\u745e\u7279\u6e29\u6cc9\u5ea6\u5047\u9152\u5e97", "order_time": ["2019-01-17 06:02:43"], "total_order": 1, "hotel_value": ["4.7"], "hotel_price": ["439"]}, "2256940": {"hotel_name": "\u6850\u5e90\u5bcc\u6625\u6c5f\u52b1\u9a8f\u9152\u5e97", "order_time": ["2019-01-17 06:02:43"], "total_order": 1, "hotel_value": ["4.7"], "hotel_price": ["730"]}, "439970": {"hotel_name": "\u5343\u5c9b\u6e56\u996d\u5e97", "order_time": ["2019-01-17 06:02:43"], "total_order": 1, "hotel_value": ["4.8"], "hotel_price": ["198"]}, "469261": {"hotel_name": "\u6d59\u6c5f\u7ea2\u697c\u56fd\u9645\u996d\u5e97", "order_time": ["2019-01-17 06:02:43"], "total_order": 1, "hotel_value": ["4.4"], "hotel_price": ["208"]}, "6827965": {"hotel_name": "\u5343\u5c9b\u6e56\u9633\u5149\u5927\u9152\u5e97", "order_time": ["2019-01-17 06:02:43"], "total_order": 1, "hotel_value": ["4.8"], "hotel_price": ["389"]}, "1196543": {"hotel_name": "\u4e34\u5b89\u65af\u7ef4\u767b\u5ea6\u5047\u516c\u5bd3(\u6c7d\u8f66\u4e1c\u7ad9)", "order_time": ["2019-01-17 06:02:43"], "total_order": 1, "hotel_value": ["4.4"], "hotel_price": ["160"]}, "425022": {"hotel_name": "\u5343\u5c9b\u9f99\u5ead\u5f00\u5143\u5927\u9152\u5e97", "order_time": ["2019-01-17 06:02:43"], "total_order": 1, "hotel_value": ["4.7"], "hotel_price": ["286"]}, "10898290": {"hotel_name": "\u5343\u5c9b\u6e56\u9633\u5149\u6c34\u5cb8\u5ea6\u5047\u516c\u5bd3", "order_time": ["2019-01-17 06:02:43"], "total_order": 1, "hotel_value": ["4.6"], "hotel_price": ["118"]}, "924211": {"hotel_name": "\u5343\u5c9b\u6e56\u9f0e\u548c\u5ea6\u5047\u516c\u5bd3\u9152\u5e97", "order_time": ["2019-01-17 06:02:43"], "total_order": 1, "hotel_value": ["4.6"], "hotel_price": ["116"]}, "8656747": {"hotel_name": "\u6850\u5e90\u672a\u8fdf\u7cbe\u54c1\u6c11\u5bbf", "order_time": ["2019-01-17 06:02:43"], "total_order": 1, "hotel_value": ["4.8"], "hotel_price": ["1180"]}, "3003036": {"hotel_name": "\u6590\u6587\u91ce\u5962\u9152\u5e97(\u5929\u76ee\u5c71\u4e0a\u5ba2\u5802\u5e97)", "order_time": ["2019-01-17 06:02:43"], "total_order": 1, "hotel_value": ["4.6"], "hotel_price": ["396"]}, "5099512": {"hotel_name": "\u5343\u5c9b\u6e56\u6587\u6e0a\u72ee\u57ce\u94c2\u745e\u9152\u5e97", "order_time": ["2019-01-17 06:02:43"], "total_order": 1, "hotel_value": ["4.8"], "hotel_price": ["486"]}, "5567135": {"hotel_name": "\u6850\u5e90\u6d77\u6c47\u540d\u90fd\u5927\u9152\u5e97", "order_time": ["2019-01-17 06:02:43"], "total_order": 1, "hotel_value": ["4.4"], "hotel_price": ["236"]}, "15027135": {"hotel_name": "\u5343\u5c9b\u6e56\u5f00\u5143\u9890\u5c45\u9152\u5e97", "order_time": ["2019-01-17 06:02:43"], "total_order": 1, "hotel_value": ["4.8"], "hotel_price": ["236"]}, "434275": {"hotel_name": "\u4e34\u5b89\u6e56\u7554\u7ae5\u8bdd\u9152\u5e97", "order_time": ["2019-01-17 06:02:43"], "total_order": 1, "hotel_value": ["4.3"], "hotel_price": ["339"]}, "659216": {"hotel_name": "\u6850\u5e90\u6d77\u535a\u5927\u9152\u5e97", "order_time": ["2019-01-17 06:02:43"], "total_order": 1, "hotel_value": ["4.7"], "hotel_price": ["478"]}, "449620": {"hotel_name": "\u5343\u5c9b\u6e56\u6d59\u65c5\u540d\u5ead\u9152\u5e97", "order_time": ["2019-01-17 06:02:44"], "total_order": 1, "hotel_value": ["4.7"], "hotel_price": ["179"]}, "2514433": {"hotel_name": "\u548c\u9890\u9152\u5e97(\u676d\u5dde\u6ee8\u6c5f\u5e97)", "order_time": ["2019-01-17 06:03:46"], "total_order": 1, "hotel_value": ["4.7"], "hotel_price": ["269"]}, "4535728": {"hotel_name": "\u7ea2\u8857\u81ea\u52a9\u516c\u5bd3(\u676d\u5dde\u706b\u8f66\u4e1c\u7ad9\u5e97)", "order_time": ["2019-01-17 06:03:49"], "total_order": 1, "hotel_value": ["4.3"], "hotel_price": ["164"]}, "3153923": {"hotel_name": "\u676d\u5dde\u57ce\u5317\u745e\u83b1\u514b\u65af\u5927\u9152\u5e97", "order_time": ["2019-01-17 06:04:14"], "total_order": 1, "hotel_value": ["4.5"], "hotel_price": ["361"]}, "369769": {"hotel_name": "\u676d\u5dde\u541b\u60a6\u9152\u5e97(\u539f\u51ef\u60a6\u9152\u5e97)", "order_time": ["2019-01-17 06:05:58"], "total_order": 1, "hotel_value": ["4.5"], "hotel_price": ["1426"]}, "4038988": {"hotel_name": "\u676d\u5dde\u90fd\u5e9cok\u5927\u9152\u5e97", "order_time": ["2019-01-17 06:06:00"], "total_order": 1, "hotel_value": ["4.3"], "hotel_price": ["200"]}, "9549267": {"hotel_name": "\u6c38\u5229\u6d3b\u7985\u9152\u5e97(\u676d\u5dde\u4eba\u6c11\u5e7f\u573a\u5e97)", "order_time": ["2019-01-17 06:06:20"], "total_order": 1, "hotel_value": ["4.5"], "hotel_price": ["263"]}, "8523963": {"hotel_name": "\u6f2b\u65f6\u5149\u9152\u5e97\u5f0f\u516c\u5bd3(\u676d\u5dde\u57ce\u897f\u94f6\u6cf0\u5e97)", "order_time": ["2019-01-17 06:08:02"], "total_order": 1, "hotel_value": ["4.7"], "hotel_price": ["190"]}, "22013541": {"hotel_name": "\u676d\u5dde\u672a\u6765\u79d1\u6280\u57ceCitiGO \u6b22\u9601\u9152\u5e97", "order_time": ["2019-01-17 06:08:05"], "total_order": 1, "hotel_value": ["4.8"], "hotel_price": ["276"]}, "434391": {"hotel_name": "\u676d\u5dde\u7c73\u5170\u82b1\u56ed\u9152\u5e97", "order_time": ["2019-01-17 06:08:10"], "total_order": 1, "hotel_value": ["4.2"], "hotel_price": ["258"]}, "2143371": {"hotel_name": "\u5982\u5bb6\u5feb\u6377\u9152\u5e97(\u676d\u5dde\u897f\u6e56\u666f\u533a\u864e\u8dd1\u8def\u96f7\u5cf0\u5854\u5e97)", "order_time": ["2019-01-17 06:10:19"], "total_order": 1, "hotel_value": ["4.6"], "hotel_price": ["116"]}, "1000434": {"hotel_name": "\u5343\u5c9b\u6e56\u79c0\u6c34\u5ea6\u5047\u516c\u5bd3", "order_time": ["2019-01-17 06:11:19"], "total_order": 1, "hotel_value": ["4.6"], "hotel_price": ["106"]}, "8615504": {"hotel_name": "\u6850\u5e90\u4f9d\u4e91\u5c0f\u820d", "order_time": ["2019-01-17 06:11:26"], "total_order": 1, "hotel_value": ["4.8"], "hotel_price": ["164"]}, "17581203": {"hotel_name": "\u676d\u5dde\u5fa1\u4e91\u00b7\u9ec4\u9f99\u996d\u5e97", "order_time": ["2019-01-17 06:12:20"], "total_order": 1, "hotel_value": ["4.8"], "hotel_price": ["398"]}, "5911956": {"hotel_name": "\u9526\u6c5f\u4e4b\u661f\u98ce\u5c1a(\u676d\u5dde\u4e0b\u6c99\u9ad8\u6c99\u8def\u5730\u94c1\u7ad9\u5e97)", "order_time": ["2019-01-17 06:14:35"], "total_order": 1, "hotel_value": ["4.7"], "hotel_price": ["199"]}, "1472021": {"hotel_name": "\u5982\u5bb6\u5feb\u6377\u9152\u5e97(\u676d\u5dde\u897f\u6e56\u5ef6\u5b89\u8def\u9f99\u7fd4\u5730\u94c1\u7ad9\u5e97)", "order_time": ["2019-01-17 06:14:37"], "total_order": 1, "hotel_value": ["4.4"], "hotel_price": ["140"]}}}