{"\u5f00\u59cb\u8bb0\u5f55\u65f6\u95f4": "2019-01-13 05:12:54", "\u7ed3\u675f\u8bb0\u5f55\u65f6\u95f4": "2019-01-13 06:16:28", "\u8ba2\u5355\u603b\u589e\u91cf": 116, "item": {"445465": {"hotel_name": "\u676d\u5dde\u7c73\u5170\u6d32\u9645\u9152\u5e97", "order_time": ["2019-01-13 05:15:09"], "total_order": 1, "hotel_value": ["4.4"], "hotel_price": ["282"]}, "22944427": {"hotel_name": "\u9b54\u65b9\u516c\u5bd3(\u676d\u5dde\u706b\u8f66\u4e1c\u7ad9\u5e97)", "order_time": ["2019-01-13 05:15:12"], "total_order": 1, "hotel_value": ["4.4"], "hotel_price": ["164"]}, "1251562": {"hotel_name": "\u6854\u5b50\u9152\u5e97\u00b7\u7cbe\u9009(\u676d\u5dde\u6b66\u6797\u95e8\u5730\u94c1\u7ad9\u5e97)", "order_time": ["2019-01-13 05:15:13"], "total_order": 1, "hotel_value": ["4.8"], "hotel_price": ["303"]}, "1441282": {"hotel_name": "\u5982\u5bb6\u5feb\u6377\u9152\u5e97(\u676d\u5dde\u897f\u6e56\u9ec4\u9f99\u4e07\u79d1\u4e2d\u5fc3\u6587\u4e09\u8def\u5e97)", "order_time": ["2019-01-13 05:15:15"], "total_order": 1, "hotel_value": ["4.6"], "hotel_price": ["132"]}, "12629618": {"hotel_name": "\u676d\u5dde\u7c73\u7c89loft\u516c\u5bd3\u9152\u5e97(\u897f\u6eaa\u6e7f\u5730\u6d77\u521b\u56ed\u5e97)", "order_time": ["2019-01-13 05:17:16"], "total_order": 1, "hotel_value": ["4.7"], "hotel_price": ["173"]}, "435439": {"hotel_name": "\u676d\u5dde\u897f\u6e56\u6162\u4eab\u4e3b\u9898\u9152\u5e97", "order_time": ["2019-01-13 05:19:17"], "total_order": 1, "hotel_value": ["4.7"], "hotel_price": ["276"]}, "12779723": {"hotel_name": "\u676d\u5dde\u8702\u7a9d\u9152\u5e97\uff08\u897f\u6e56\u5357\u7ebf\u5357\u661f\u6865\u7ad9\u5730\u94c1\u5e97\uff09", "order_time": ["2019-01-13 05:19:20", "2019-01-13 05:33:45"], "total_order": 2, "hotel_value": ["4.7", "4.7"], "hotel_price": ["59", "59"]}, "11303948": {"hotel_name": "\u7f51\u5bbf\u9152\u5e97(\u676d\u5dde\u65b0\u6d32\u82b1\u82d1\u5e97)", "order_time": ["2019-01-13 05:21:19"], "total_order": 1, "hotel_value": ["4.3"], "hotel_price": ["106"]}, "5975316": {"hotel_name": "\u676d\u5dde\u9ea6\u5c16\u9752\u5e74\u6587\u827a\u9152\u5e97", "order_time": ["2019-01-13 05:21:19"], "total_order": 1, "hotel_value": ["4.7"], "hotel_price": ["360"]}, "426058": {"hotel_name": "\u5343\u5c9b\u6e56\u6d77\u5916\u6d77\u5047\u65e5\u9152\u5e97", "order_time": ["2019-01-13 05:21:43"], "total_order": 1, "hotel_value": ["4.7"], "hotel_price": ["256"]}, "23706926": {"hotel_name": "\u6850\u5e90\u79a7\u745e\u8fbe\u9152\u5e97", "order_time": ["2019-01-13 05:21:43"], "total_order": 1, "hotel_value": ["4.9"], "hotel_price": ["425"]}, "18047364": {"hotel_name": "\u5343\u5c9b\u6e56\u89c2\u6c9a\u5ea6\u5047\u6c11\u5bbf", "order_time": ["2019-01-13 05:21:43"], "total_order": 1, "hotel_value": ["4.8"], "hotel_price": ["662"]}, "17286099": {"hotel_name": "\u5efa\u5fb7\u4e91\u6f2b\u677e\u95f4\u5ea6\u5047\u7cbe\u54c1\u6c11\u5bbf", "order_time": ["2019-01-13 05:21:43"], "total_order": 1, "hotel_value": ["4.9"], "hotel_price": ["959"]}, "1378691": {"hotel_name": "\u5343\u5c9b\u6e56\u60a6\u6e56\u5ea6\u5047\u516c\u5bd3", "order_time": ["2019-01-13 05:21:43"], "total_order": 1, "hotel_value": ["4.5"], "hotel_price": ["95"]}, "23741506": {"hotel_name": "\u503e\u5883\u5343\u5c9b\u6e56\u6c11\u5bbf", "order_time": ["2019-01-13 05:21:43"], "total_order": 1, "hotel_value": ["4.9"], "hotel_price": ["193"]}, "1406637": {"hotel_name": "\u4e34\u5b89\u9999\u683c\u91cc\u5927\u9152\u5e97", "order_time": ["2019-01-13 05:21:43"], "total_order": 1, "hotel_value": ["4.0"], "hotel_price": ["350"]}, "473262": {"hotel_name": "\u5343\u5c9b\u6e56\u534a\u5c9b\u65f6\u5149\u5ea6\u5047\u516c\u5bd3", "order_time": ["2019-01-13 05:21:43"], "total_order": 1, "hotel_value": ["4.6"], "hotel_price": ["259"]}, "19614141": {"hotel_name": "\u676d\u5dde\u4e34\u5b89\u4e07\u8c6a\u9152\u5e97", "order_time": ["2019-01-13 05:21:43"], "total_order": 1, "hotel_value": ["4.5"], "hotel_price": ["650"]}, "23738324": {"hotel_name": "\u5efa\u5fb7\u767d\u679c\u8f7b\u5962\u9152\u5e97", "order_time": ["2019-01-13 05:21:43"], "total_order": 1, "hotel_value": ["4.7"], "hotel_price": ["242"]}, "6435282": {"hotel_name": "\u5168\u5b63\u9152\u5e97(\u5343\u5c9b\u6e56\u666f\u533a\u5e97)", "order_time": ["2019-01-13 05:21:44"], "total_order": 1, "hotel_value": ["4.8"], "hotel_price": ["199"]}, "1015033": {"hotel_name": "\u5982\u5bb6\u5feb\u6377\u9152\u5e97(\u676d\u5dde\u5343\u5c9b\u6e56\u5e7f\u573a\u5e97)", "order_time": ["2019-01-13 05:21:44"], "total_order": 1, "hotel_value": ["4.5"], "hotel_price": ["84"]}, "1377385": {"hotel_name": "\u60528\u8fde\u9501\u9152\u5e97(\u6850\u5e90\u8fce\u6625\u5357\u8def\u5e97)", "order_time": ["2019-01-13 05:21:44"], "total_order": 1, "hotel_value": ["4.2"], "hotel_price": ["90"]}, "12438781": {"hotel_name": "\u6b22\u5885\u00b7\u5ea6\u5047\u522b\u9662(\u5927\u6148\u5ca9\u5e97)", "order_time": ["2019-01-13 05:21:44"], "total_order": 1, "hotel_value": ["5.0"], "hotel_price": ["367"]}, "746185": {"hotel_name": "\u4e34\u5b89\u6c50\u5561\u683c\u96c5\u9152\u5e97", "order_time": ["2019-01-13 05:21:44"], "total_order": 1, "hotel_value": ["4.4"], "hotel_price": ["134"]}, "5007125": {"hotel_name": "\u5343\u5c9b\u6e5636\u90fd\u4e61\u5bbf\u5ea6\u5047\u9152\u5e97(\u539f36\u90fd\u4e61\u5bbf\u00b7\u6728\u5c4b\u9152\u5e97)", "order_time": ["2019-01-13 05:21:44"], "total_order": 1, "hotel_value": ["4.9"], "hotel_price": ["230"]}, "7858358": {"hotel_name": "\u4e34\u5b89\u6851\u7af9\u4e00\u5885\u6c11\u5bbf", "order_time": ["2019-01-13 05:21:44"], "total_order": 1, "hotel_value": ["4.8"], "hotel_price": ["238"]}, "11218143": {"hotel_name": "\u4e34\u5b89\u672b\u9601\u6c11\u5bbf", "order_time": ["2019-01-13 05:21:44"], "total_order": 1, "hotel_value": ["4.9"], "hotel_price": ["560"]}, "481260": {"hotel_name": "\u5e03\u4e01\u9152\u5e97(\u676d\u5dde\u6587\u4e09\u8def\u5929\u82d1\u5927\u53a6\u5e97)", "order_time": ["2019-01-13 05:21:45"], "total_order": 1, "hotel_value": ["4.3"], "hotel_price": ["129"]}, "19868068": {"hotel_name": "\u6854\u5b50\u7cbe\u9009\u9152\u5e97(\u676d\u5dde\u9ec4\u9f99\u4f53\u80b2\u4e2d\u5fc3\u5e97)", "order_time": ["2019-01-13 05:25:26"], "total_order": 1, "hotel_value": ["4.7"], "hotel_price": ["247"]}, "697583": {"hotel_name": "\u6c49\u5ead\u9152\u5e97(\u676d\u5dde\u897f\u6e56\u6587\u5316\u5e7f\u573a\u5e97)", "order_time": ["2019-01-13 05:25:34"], "total_order": 1, "hotel_value": ["4.4"], "hotel_price": ["143"]}, "17581203": {"hotel_name": "\u676d\u5dde\u5fa1\u4e91\u00b7\u9ec4\u9f99\u996d\u5e97", "order_time": ["2019-01-13 05:25:39", "2019-01-13 05:33:45", "2019-01-13 05:40:21"], "total_order": 3, "hotel_value": ["4.8", "4.8", "4.8"], "hotel_price": ["426", "426", "426"]}, "435354": {"hotel_name": "\u5343\u5c9b\u6e56\u7eff\u57ce\u5ea6\u5047\u9152\u5e97", "order_time": ["2019-01-13 05:28:11", "2019-01-13 05:26:34"], "total_order": 2, "hotel_value": ["4.8", "4.8"], "hotel_price": ["388", "388"]}, "438098": {"hotel_name": "\u676d\u5dde\u9a6c\u53ef\u6ce2\u7f57\u82b1\u56ed\u9152\u5e97", "order_time": ["2019-01-13 05:27:34"], "total_order": 1, "hotel_value": ["4.6"], "hotel_price": ["309"]}, "4030369": {"hotel_name": "\u676d\u5dde\u8fd0\u6cb3\u5951\u5f17\u5229\u9152\u5e97", "order_time": ["2019-01-13 05:27:40"], "total_order": 1, "hotel_value": ["4.7"], "hotel_price": ["801"]}, "435427": {"hotel_name": "\u676d\u5dde\u94f6\u9686\u541b\u4ead\u9152\u5e97", "order_time": ["2019-01-13 05:55:31", "2019-01-13 05:31:26"], "total_order": 2, "hotel_value": ["4.5", "4.5"], "hotel_price": ["396", "396"]}, "24125350": {"hotel_name": "\u676d\u5ddeVLINE \u6c38\u83b1", "order_time": ["2019-01-13 05:31:35", "2019-01-13 05:46:58"], "total_order": 2, "hotel_value": ["4.9", "4.9"], "hotel_price": ["333", "333"]}, "26618172": {"hotel_name": "\u676d\u5dde\u4edf\u5bfb\u5ba2\u6808", "order_time": ["2019-01-13 05:31:52"], "total_order": 1, "hotel_value": ["4.9"], "hotel_price": ["199"]}, "6270929": {"hotel_name": "\u6021\u83b1\u9152\u5e97(\u676d\u5dde\u6c5f\u5357\u5927\u9053\u94b1\u5858\u6c5f\u5927\u6865\u5e97)", "order_time": ["2019-01-13 05:33:37"], "total_order": 1, "hotel_value": ["4.3"], "hotel_price": ["208"]}, "21129052": {"hotel_name": "\u676d\u5dde\u96c5\u6cca\u9152\u5e97", "order_time": ["2019-01-13 05:35:55"], "total_order": 1, "hotel_value": ["4.7"], "hotel_price": ["283"]}, "803006": {"hotel_name": "\u4e94\u6d0b\u4e4b\u661f\u9152\u5e97(\u676d\u5dde\u897f\u6e56\u5e97)", "order_time": ["2019-01-13 05:35:56"], "total_order": 1, "hotel_value": ["4.7"], "hotel_price": ["164"]}, "5721244": {"hotel_name": "\u5982\u5bb6\u7cbe\u9009\u9152\u5e97(\u676d\u5dde\u94b1\u6c5f\u4e16\u7eaa\u65b0\u57ce\u676d\u6d77\u8def\u5e97)", "order_time": ["2019-01-13 05:35:56"], "total_order": 1, "hotel_value": ["4.8"], "hotel_price": ["298"]}, "434289": {"hotel_name": "\u676d\u5dde\u7d22\u83f2\u4e9a\u5927\u9152\u5e97", "order_time": ["2019-01-13 05:38:12"], "total_order": 1, "hotel_value": ["4.5"], "hotel_price": ["290"]}, "12664177": {"hotel_name": "\u676d\u5dde\u69b4\u83b2\u7cd6\u679c\u7cbe\u9009\u9152\u5e97", "order_time": ["2019-01-13 05:38:29"], "total_order": 1, "hotel_value": ["4.0"], "hotel_price": ["205"]}, "1689376": {"hotel_name": "\u6d59\u6c5f\u5f71\u65f6\u4ee3\u9152\u5e97", "order_time": ["2019-01-13 05:40:28"], "total_order": 1, "hotel_value": ["4.3"], "hotel_price": ["212"]}, "2381713": {"hotel_name": "\u7ef4\u4e5f\u7eb3\u667a\u597d\u9152\u5e97(\u676d\u5dde\u4e49\u84ec\u4e2d\u8def\u5e97)", "order_time": ["2019-01-13 05:40:34"], "total_order": 1, "hotel_value": ["4.8"], "hotel_price": ["202"]}, "1715854": {"hotel_name": "\u676d\u5dde\u968f\u7f18\u5feb\u6377\u9152\u5e97", "order_time": ["2019-01-13 05:40:45"], "total_order": 1, "hotel_value": [0], "hotel_price": ["78"]}, "6336031": {"hotel_name": "\u6854\u5b50\u6c34\u6676\u9152\u5e97(\u676d\u5dde\u94b1\u6c5f\u65b0\u57ce\u8fd1\u6c5f\u5e97)", "order_time": ["2019-01-13 05:42:37"], "total_order": 1, "hotel_value": ["4.9"], "hotel_price": ["398"]}, "25504944": {"hotel_name": "\u676d\u5dde\u5408\u5bbf\u9752\u5e74\u65c5\u820d", "order_time": ["2019-01-13 05:42:53"], "total_order": 1, "hotel_value": ["5.0"], "hotel_price": ["78"]}, "1504196": {"hotel_name": "\u676d\u5dde\u6770\u4f73\u5ba2\u623f", "order_time": ["2019-01-13 05:43:11"], "total_order": 1, "hotel_value": [0], "hotel_price": ["108"]}, "17512490": {"hotel_name": "\u56fd\u5f69\u5927\u9152\u5e97(\u676d\u5dde\u897f\u6e56\u9ec4\u9f99\u5e97)", "order_time": ["2019-01-13 05:44:46"], "total_order": 1, "hotel_value": ["4.6"], "hotel_price": ["282"]}, "1461643": {"hotel_name": "\u83ab\u6cf0268(\u676d\u5dde\u897f\u6e56\u5357\u5b8b\u5fa1\u8857\u6b65\u884c\u8857\u5e97)", "order_time": ["2019-01-13 05:44:51"], "total_order": 1, "hotel_value": ["4.5"], "hotel_price": ["123"]}, "16113766": {"hotel_name": "\u676d\u5dde\u738b\u73b2\u4ed9\u9152\u5e97\u5f0f\u516c\u5bd3", "order_time": ["2019-01-13 05:45:18"], "total_order": 1, "hotel_value": [0], "hotel_price": ["277"]}, "1441689": {"hotel_name": "\u6c49\u5ead\u9152\u5e97(\u676d\u5dde\u897f\u6e56\u6cb3\u574a\u8857\u65b0\u5e97)(\u539f\u897f\u6e56\u5434\u5c71\u5e7f\u573a\u5e97)", "order_time": ["2019-01-13 05:46:55"], "total_order": 1, "hotel_value": ["4.5"], "hotel_price": ["132"]}, "1709721": {"hotel_name": "\u676d\u5dde\u54c1\u6c5f\u5546\u52a1\u9152\u5e97", "order_time": ["2019-01-13 05:46:55"], "total_order": 1, "hotel_value": ["4.5"], "hotel_price": ["226"]}, "1220663": {"hotel_name": "\u676d\u5dde\u66fc\u9706\u7cbe\u54c1\u5546\u52a1\u9152\u5e97", "order_time": ["2019-01-13 05:46:55"], "total_order": 1, "hotel_value": ["4.7"], "hotel_price": ["167"]}, "6732769": {"hotel_name": "\u676d\u5dde\u6ee8\u6c5f\u4e16\u878d\u827e\u7f8e\u9152\u5e97", "order_time": ["2019-01-13 05:46:56"], "total_order": 1, "hotel_value": ["4.6"], "hotel_price": ["798"]}, "19626880": {"hotel_name": "\u676d\u5dde\u9038\u6797\u9152\u5e97", "order_time": ["2019-01-13 05:46:56"], "total_order": 1, "hotel_value": ["4.6"], "hotel_price": ["255"]}, "17376688": {"hotel_name": "\u676d\u5dde\u8427\u5c71\u4e2d\u8d62\u5e0c\u5c14\u987f\u9152\u5e97", "order_time": ["2019-01-13 05:46:58"], "total_order": 1, "hotel_value": ["4.8"], "hotel_price": ["798"]}, "427835": {"hotel_name": "\u5982\u5bb6\u7cbe\u9009\u9152\u5e97(\u676d\u5dde\u897f\u6e56\u6587\u5316\u5e7f\u573a\u5730\u94c1\u7ad9\u5e97)", "order_time": ["2019-01-13 06:04:19", "2019-01-13 05:46:58"], "total_order": 2, "hotel_value": ["4.7", "4.7"], "hotel_price": ["215", "215"]}, "426638": {"hotel_name": "\u676d\u5dde\u7389\u7687\u5c71\u5e84", "order_time": ["2019-01-13 05:46:58"], "total_order": 1, "hotel_value": ["4.7"], "hotel_price": ["250"]}, "441437": {"hotel_name": "\u676d\u5dde\u6700\u4f73\u897f\u65b9\u6885\u82d1\u5bbe\u9986", "order_time": ["2019-01-13 05:46:58"], "total_order": 1, "hotel_value": ["4.7"], "hotel_price": ["380"]}, "839544": {"hotel_name": "\u676d\u5dde\u96f7\u8fea\u68ee\u94c2\u4e3d\u5927\u996d\u5e97", "order_time": ["2019-01-13 05:46:58"], "total_order": 1, "hotel_value": ["4.9"], "hotel_price": ["15976"]}, "15879176": {"hotel_name": "\u676d\u5dde\u9047\u67d2\u9152\u5e97", "order_time": ["2019-01-13 05:46:58"], "total_order": 1, "hotel_value": ["4.6"], "hotel_price": ["164"]}, "2919626": {"hotel_name": "\u676d\u5dde\u4e3d\u6676\u7f8e\u5e90\u9152\u5e97", "order_time": ["2019-01-13 05:46:58"], "total_order": 1, "hotel_value": ["4.7"], "hotel_price": ["784"]}, "8056982": {"hotel_name": "\u676d\u5dde\u4ece\u6765\u00b7\u897f\u6e56\u9662\u5b50", "order_time": ["2019-01-13 05:46:58"], "total_order": 1, "hotel_value": ["4.9"], "hotel_price": ["526"]}, "21754019": {"hotel_name": "\u676d\u5dde\u7a7a\u6e2f\u91d1\u5ea7\u9152\u5e97", "order_time": ["2019-01-13 05:46:58"], "total_order": 1, "hotel_value": ["4.8"], "hotel_price": ["233"]}, "23798813": {"hotel_name": "\u5168\u5b63\u9152\u5e97(\u676d\u5dde\u897f\u6eaa\u6d77\u6e2f\u57ce\u5e97)", "order_time": ["2019-01-13 05:46:58"], "total_order": 1, "hotel_value": ["4.8"], "hotel_price": ["243"]}, "1500943": {"hotel_name": "\u5982\u5bb6\u5feb\u6377\u9152\u5e97(\u676d\u5dde\u897f\u6e56\u94f6\u6cf0\u5e97)", "order_time": ["2019-01-13 05:46:58"], "total_order": 1, "hotel_value": ["4.3"], "hotel_price": ["125"]}, "987333": {"hotel_name": "\u676d\u5dde\u73af\u6e56\u5927\u9152\u5e97", "order_time": ["2019-01-13 05:46:58"], "total_order": 1, "hotel_value": ["4.1"], "hotel_price": ["139"]}, "11188530": {"hotel_name": "\u676d\u5dde\u56db\u5b63\u5e7f\u573a\u9152\u5e97", "order_time": ["2019-01-13 05:46:58"], "total_order": 1, "hotel_value": ["4.6"], "hotel_price": ["258"]}, "1563566": {"hotel_name": "\u676d\u5dde\u73d1\u749f\u5fc3\u60c5\u6c11\u5bbf-\u6797\u8bed", "order_time": ["2019-01-13 05:46:58"], "total_order": 1, "hotel_value": ["4.9"], "hotel_price": ["320"]}, "965294": {"hotel_name": "\u5e7f\u666f\u9152\u5e97(\u676d\u5dde\u8427\u5c71\u56fd\u9645\u673a\u573a\u5e97)", "order_time": ["2019-01-13 05:46:58"], "total_order": 1, "hotel_value": ["4.2"], "hotel_price": ["154"]}, "532994": {"hotel_name": "\u676d\u5dde\u4e1c\u822a\u4e91\u9038\u9152\u5e97", "order_time": ["2019-01-13 05:46:58"], "total_order": 1, "hotel_value": ["4.7"], "hotel_price": ["478"]}, "15018501": {"hotel_name": "\u683c\u96f7\u65af\u7cbe\u9009\u9152\u5e97(\u676d\u5dde\u897f\u6eaa\u7d2b\u91d1\u6e2f\u5e97)", "order_time": ["2019-01-13 05:46:58"], "total_order": 1, "hotel_value": ["4.8"], "hotel_price": ["299"]}, "8697995": {"hotel_name": "\u676d\u5dde\u6ee8\u6c5f\u6c5f\u9675\u8def\u4e9a\u6735\u9152\u5e97", "order_time": ["2019-01-13 05:46:58"], "total_order": 1, "hotel_value": ["4.8"], "hotel_price": ["508"]}, "517461": {"hotel_name": "\u676d\u5dde\u91d1\u9a6c\u56fd\u9645\u9152\u5e97", "order_time": ["2019-01-13 05:46:58"], "total_order": 1, "hotel_value": ["4.6"], "hotel_price": ["372"]}, "11185085": {"hotel_name": "\u676d\u5dde\u897f\u6eaa\u7d20\u4e0a\u9152\u5e97", "order_time": ["2019-01-13 05:49:13"], "total_order": 1, "hotel_value": ["4.7"], "hotel_price": ["554"]}, "7517518": {"hotel_name": "\u5357\u82d1e\u5bb6(\u676d\u5dde\u706b\u8f66\u4e1c\u7ad9\u4e1c\u5e7f\u573a\u5e97)", "order_time": ["2019-01-13 05:49:26"], "total_order": 1, "hotel_value": ["3.9"], "hotel_price": ["172"]}, "6122930": {"hotel_name": "\u9a7f\u6377\u5ea6\u5047\u8fde\u9501\u9152\u5e97\u4e34\u5b89\u5927\u660e\u5c71\u5e97", "order_time": ["2019-01-13 05:49:54"], "total_order": 1, "hotel_value": ["4.5"], "hotel_price": ["277"]}, "378858": {"hotel_name": "\u676d\u5dde\u6d32\u9645\u9152\u5e97", "order_time": ["2019-01-13 05:52:01"], "total_order": 1, "hotel_value": ["4.7"], "hotel_price": ["1166"]}, "1119324": {"hotel_name": "\u84dd\u5ead\u9152\u5e97\u516c\u5bd3(\u676d\u5dde\u661f\u5149\u5927\u9053\u5e97)", "order_time": ["2019-01-13 05:53:24"], "total_order": 1, "hotel_value": ["4.2"], "hotel_price": ["224"]}, "443717": {"hotel_name": "\u676d\u5dde\u4f0a\u7f8e\u5927\u9152\u5e97", "order_time": ["2019-01-13 05:53:26"], "total_order": 1, "hotel_value": ["4.3"], "hotel_price": ["272"]}, "12603969": {"hotel_name": "\u676d\u5dde\u9f99\u4e95\u4f0d\u634c\u8c6a\u534e\u6c11\u5bbf", "order_time": ["2019-01-13 05:55:54"], "total_order": 1, "hotel_value": ["4.9"], "hotel_price": ["388"]}, "1071761": {"hotel_name": "\u5e03\u4e01\u9152\u5e97(\u676d\u5dde\u897f\u6e56\u6b66\u6797\u95e8\u5e97)", "order_time": ["2019-01-13 05:55:55"], "total_order": 1, "hotel_value": ["3.6"], "hotel_price": ["89"]}, "3246317": {"hotel_name": "7\u5929\u8fde\u9501\u9152\u5e97(\u6850\u5e90\u5927\u53a6\u5e97)", "order_time": ["2019-01-13 05:56:31"], "total_order": 1, "hotel_value": ["4.3"], "hotel_price": ["97"]}, "27863591": {"hotel_name": "\u7f8e\u8c6a\u4e3d\u81f4\u9152\u5e97(\u676d\u5dde\u8427\u5c71\u673a\u573a\u5e97)", "order_time": ["2019-01-13 05:57:34"], "total_order": 1, "hotel_value": ["4.9"], "hotel_price": ["291"]}, "4729847": {"hotel_name": "\u5efa\u5fb7\u5e02\u597d\u671b\u89d2\u5bbe\u9986", "order_time": ["2019-01-13 05:58:42"], "total_order": 1, "hotel_value": ["4.9"], "hotel_price": ["92"]}, "8517703": {"hotel_name": "\u676d\u5dde\u6ee8\u6c5f\u4e9a\u6735S\u7f51\u6613\u4e25\u9009\u9152\u5e97", "order_time": ["2019-01-13 06:08:44", "2019-01-13 06:02:08"], "total_order": 2, "hotel_value": ["4.7", "4.7"], "hotel_price": ["551", "551"]}, "10218355": {"hotel_name": "\u5fc6\u6cca.\u57ce\u5e02\u827a\u672f\u9152\u5e97(\u676d\u5dde\u6b66\u6797\u95e8\u5e97)", "order_time": ["2019-01-13 06:02:13"], "total_order": 1, "hotel_value": ["4.8"], "hotel_price": ["499"]}, "26447340": {"hotel_name": "\u676d\u5dde\u65b0\u5929\u5730\u4e07\u67ab\u9152\u5e97", "order_time": ["2019-01-13 06:04:27"], "total_order": 1, "hotel_value": ["4.7"], "hotel_price": ["446"]}, "5244505": {"hotel_name": "\u676d\u5dde\u8377\u65b9\u56fd\u9645\u9752\u5e74\u65c5\u820d", "order_time": ["2019-01-13 06:04:29"], "total_order": 1, "hotel_value": ["4.4"], "hotel_price": ["55"]}, "385111": {"hotel_name": "\u676d\u5dde\u897f\u6eaa\u60a6\u6995\u5e84", "order_time": ["2019-01-13 06:04:30"], "total_order": 1, "hotel_value": ["4.7"], "hotel_price": ["2549"]}, "13878566": {"hotel_name": "\u676d\u5dde\u62f1\u5885\u667a\u9009\u5047\u65e5\u9152\u5e97", "order_time": ["2019-01-13 06:04:31"], "total_order": 1, "hotel_value": ["4.6"], "hotel_price": ["408"]}, "437170": {"hotel_name": "\u5168\u5b63\u9152\u5e97(\u676d\u5dde\u706b\u8f66\u4e1c\u7ad9\u5929\u57ce\u8def\u5e97)", "order_time": ["2019-01-13 06:04:39"], "total_order": 1, "hotel_value": ["4.7"], "hotel_price": ["246"]}, "17055275": {"hotel_name": "\u676d\u5dde\u897f\u6e56\u7f8e\u5c45\u9152\u5e97", "order_time": ["2019-01-13 06:06:26"], "total_order": 1, "hotel_value": ["4.7"], "hotel_price": ["294"]}, "2303628": {"hotel_name": "99\u65c5\u9986\u8fde\u9501(\u676d\u5dde\u4e54\u53f8\u5730\u94c1\u7ad9\u5e97)", "order_time": ["2019-01-13 06:06:54"], "total_order": 1, "hotel_value": ["4.0"], "hotel_price": ["104"]}, "425608": {"hotel_name": "\u676d\u5dde\u897f\u6eaa\u60a6\u693f\u5ea6\u5047\u9152\u5e97", "order_time": ["2019-01-13 06:08:37"], "total_order": 1, "hotel_value": ["4.5"], "hotel_price": ["818"]}, "7936304": {"hotel_name": "\u676d\u5dde\u8427\u5c71\u6697\u9999\u745e\u83b1\u514b\u65af\u5927\u9152\u5e97", "order_time": ["2019-01-13 06:08:41"], "total_order": 1, "hotel_value": ["4.5"], "hotel_price": ["350"]}, "968479": {"hotel_name": "\u6c49\u5ead\u9152\u5e97(\u676d\u5dde\u94b1\u6c5f\u5e02\u573a\u5e97)", "order_time": ["2019-01-13 06:08:45"], "total_order": 1, "hotel_value": ["4.2"], "hotel_price": ["151"]}, "1472274": {"hotel_name": "\u6854\u5b50\u9152\u5e97\u7cbe\u9009(\u676d\u5dde\u6587\u4e09\u8def\u4e07\u5858\u5e97)", "order_time": ["2019-01-13 06:08:48"], "total_order": 1, "hotel_value": ["4.9"], "hotel_price": ["303"]}, "1470603": {"hotel_name": "\u4e45\u6816\u00b7\u676d\u5dde\u6e38\u5b50\u5ea6\u5047\u516c\u5bd3(\u706b\u8f66\u4e1c\u7ad9\u5e97)", "order_time": ["2019-01-13 06:10:43"], "total_order": 1, "hotel_value": ["4.1"], "hotel_price": ["133"]}, "890287": {"hotel_name": "\u5982\u5bb6\u9152\u5e97(\u676d\u5dde\u897f\u6e56\u666f\u533a\u864e\u8dd1\u8def\u82cf\u5824\u5e97)", "order_time": ["2019-01-13 06:12:46"], "total_order": 1, "hotel_value": ["4.5"], "hotel_price": ["104"]}, "433750": {"hotel_name": "\u4e66\u9999\u4e16\u5bb6\u9152\u5e97(\u676d\u5dde\u897f\u6e56\u6b66\u6797\u5e7f\u573a\u6d59\u5927\u5e97)", "order_time": ["2019-01-13 06:14:54"], "total_order": 1, "hotel_value": ["4.8"], "hotel_price": ["317"]}, "17173948": {"hotel_name": "\u897f\u6e56\u7eff\u76ae\u9ad8\u94c1\u7cbe\u54c1\u9752\u5e74\u65c5\u793e(\u676d\u5dde\u897f\u6e56\u6587\u5316\u5e7f\u573a\u5730\u94c1\u7ad9\u5e97)", "order_time": ["2019-01-13 06:14:59"], "total_order": 1, "hotel_value": ["4.7"], "hotel_price": ["52"]}, "15083387": {"hotel_name": "\u676d\u5dde\u897f\u6e56\u5e73\u6d77\u8def\u4e9a\u6735\u9152\u5e97", "order_time": ["2019-01-13 06:15:02"], "total_order": 1, "hotel_value": ["4.8"], "hotel_price": ["459"]}, "1205226": {"hotel_name": "\u676d\u5dde\u534e\u8fb0\u00b7\u5723\u5e0c\u7f57\u9152\u5e97", "order_time": ["2019-01-13 06:15:06"], "total_order": 1, "hotel_value": ["4.5"], "hotel_price": ["271"]}, "993650": {"hotel_name": "\u9999\u6811\u4e4b\u5bb6\u5546\u52a1\u9152\u5e97(\u676d\u5dde\u79cb\u6d9b\u5317\u8def\u5e97)", "order_time": ["2019-01-13 06:15:09"], "total_order": 1, "hotel_value": ["4.0"], "hotel_price": ["131"]}, "1462173": {"hotel_name": "\u5e03\u4e01\u9152\u5e97(\u676d\u5dde\u897f\u6e56\u6d59\u4e00\u5e86\u6625\u5e97)", "order_time": ["2019-01-13 06:15:20"], "total_order": 1, "hotel_value": ["3.1"], "hotel_price": ["119"]}}}