{"\u5f00\u59cb\u8bb0\u5f55\u65f6\u95f4": "2019-01-08 01:58:27", "\u7ed3\u675f\u8bb0\u5f55\u65f6\u95f4": "2019-01-08 02:58:27", "\u8ba2\u5355\u603b\u589e\u91cf": 179, "item": {"429778": {"hotel_name": "\u676d\u5dde\u4e2d\u5c71\u56fd\u9645\u5927\u9152\u5e97", "order_time": ["2019-01-08 02:00:37"], "total_order": 1, "hotel_value": ["4.5"], "hotel_price": ["273"]}, "6232941": {"hotel_name": "\u676d\u5dde\u6b8a\u80dc\u9f99\u4e95\u9152\u5e97", "order_time": ["2019-01-08 02:00:38"], "total_order": 1, "hotel_value": ["4.7"], "hotel_price": ["746"]}, "1462130": {"hotel_name": "\u5982\u5bb6\u5feb\u6377\u9152\u5e97(\u676d\u5dde\u897f\u6eaa\u6e7f\u5730\u5e97)", "order_time": ["2019-01-08 02:00:38"], "total_order": 1, "hotel_value": ["4.3"], "hotel_price": ["106"]}, "3690288": {"hotel_name": "\u676d\u5dde\u897f\u6e56\u7389\u53e4\u8def\u4e9a\u6735S\u5434\u9152\u5e97", "order_time": ["2019-01-08 02:00:39"], "total_order": 1, "hotel_value": ["4.8"], "hotel_price": ["504"]}, "6801996": {"hotel_name": "\u6d77\u53cb\u9152\u5e97(\u676d\u5dde\u4e34\u5e73\u4e1c\u6e56\u4e2d\u8def\u5e97)(\u539f\u6ee8\u6cb3\u5feb\u6377\u9152\u5e97)", "order_time": ["2019-01-08 02:00:40"], "total_order": 1, "hotel_value": ["4.3"], "hotel_price": ["101"]}, "4650286": {"hotel_name": "\u676d\u5dde\u70ed\u5e26\u96e8\u6797\u5047\u65e5\u9152\u5e97", "order_time": ["2019-01-08 02:00:40"], "total_order": 1, "hotel_value": ["4.1"], "hotel_price": ["125"]}, "4648666": {"hotel_name": "\u676d\u5dde\u897f\u5170\u98ce\u5c1a\u9152\u5e97", "order_time": ["2019-01-08 02:00:40"], "total_order": 1, "hotel_value": ["4.5"], "hotel_price": ["133"]}, "441504": {"hotel_name": "\u6d59\u6c5f\u6587\u534e\u5927\u9152\u5e97", "order_time": ["2019-01-08 02:00:40"], "total_order": 1, "hotel_value": ["4.5"], "hotel_price": ["286"]}, "22467411": {"hotel_name": "\u6591\u6593\u5bb6\u516c\u5bd3(\u676d\u5dde\u963f\u91cc\u5df4\u5df4\u672a\u6765\u79d1\u6280\u57ce\u5e97)", "order_time": ["2019-01-08 02:02:37"], "total_order": 1, "hotel_value": ["4.9"], "hotel_price": ["242"]}, "1210163": {"hotel_name": "\u676d\u5dde\u6e7e\u5927\u9152\u5e97", "order_time": ["2019-01-08 02:02:37"], "total_order": 1, "hotel_value": ["4.4"], "hotel_price": ["233"]}, "21812546": {"hotel_name": "\u676d\u5dde\u7965\u751f\u99a8\u9038\u9152\u5e97", "order_time": ["2019-01-08 02:02:38"], "total_order": 1, "hotel_value": ["4.5"], "hotel_price": ["332"]}, "3997628": {"hotel_name": "\u6854\u5b50\u6c34\u6676\u9152\u5e97(\u676d\u5dde\u706b\u8f66\u4e1c\u7ad9\u5e97)", "order_time": ["2019-01-08 02:02:38"], "total_order": 1, "hotel_value": ["4.8"], "hotel_price": ["398"]}, "792763": {"hotel_name": "\u6d59\u6c5f\u94c1\u9053\u5927\u53a6\u57ce\u5e02\u5e7f\u573a\u5927\u9152\u5e97", "order_time": ["2019-01-08 02:02:38"], "total_order": 1, "hotel_value": ["4.3"], "hotel_price": ["202"]}, "1740423": {"hotel_name": "\u6c49\u9a6c\u7cbe\u54c1\u9152\u5e97(\u676d\u5dde\u5927\u5173\u6c34\u6676\u57ce\u5e97)(\u539f\u5927\u5173\u65d7\u8230\u5e97)", "order_time": ["2019-01-08 02:02:39"], "total_order": 1, "hotel_value": ["4.0"], "hotel_price": ["146"]}, "906393": {"hotel_name": "\u676d\u5dde\u6c6a\u661f\u7403\u9752\u5e74\u65c5\u820d", "order_time": ["2019-01-08 02:02:39"], "total_order": 1, "hotel_value": ["4.5"], "hotel_price": ["30"]}, "447201": {"hotel_name": "\u6d59\u6c5f\u4e09\u7acb\u5f00\u5143\u540d\u90fd\u5927\u9152\u5e97", "order_time": ["2019-01-08 02:04:38"], "total_order": 1, "hotel_value": ["4.7"], "hotel_price": ["482"]}, "8654640": {"hotel_name": "\u676d\u5dde\u8427\u5c71\u56fd\u9645\u673a\u573a\u91d1\u9a6c\u6e2f\u666f\u9152\u5e97", "order_time": ["2019-01-08 02:04:38"], "total_order": 1, "hotel_value": ["4.5"], "hotel_price": ["283"]}, "24539865": {"hotel_name": "\u676d\u5dde\u534e\u9876\u56fd\u9645\u5927\u9152\u5e97", "order_time": ["2019-01-08 02:04:38"], "total_order": 1, "hotel_value": ["4.8"], "hotel_price": ["329"]}, "426105": {"hotel_name": "\u676d\u5dde\u7eb3\u5fb7\u81ea\u7531\u9152\u5e97", "order_time": ["2019-01-08 02:40:37", "2019-01-08 02:04:38"], "total_order": 2, "hotel_value": ["4.6", "4.6"], "hotel_price": ["369", "369"]}, "373062": {"hotel_name": "\u676d\u5dde\u9f99\u79a7\u798f\u670b\u559c\u6765\u767b\u9152\u5e97", "order_time": ["2019-01-08 02:04:39"], "total_order": 1, "hotel_value": ["4.3"], "hotel_price": ["605"]}, "1536682": {"hotel_name": "\u676d\u5dde\u9ec4\u9f99\u4e9a\u6735\u9152\u5e97", "order_time": ["2019-01-08 02:04:39"], "total_order": 1, "hotel_value": ["4.7"], "hotel_price": ["670"]}, "445340": {"hotel_name": "\u676d\u5dde\u4e07\u534e\u56fd\u9645\u9152\u5e97", "order_time": ["2019-01-08 02:04:39"], "total_order": 1, "hotel_value": ["4.6"], "hotel_price": ["328"]}, "24084055": {"hotel_name": "\u4e91\u9ca4\u9152\u5e97(\u676d\u5dde\u6052\u946b\u5927\u53a6\u5e97)", "order_time": ["2019-01-08 02:04:39"], "total_order": 1, "hotel_value": ["4.7"], "hotel_price": ["292"]}, "1306677": {"hotel_name": "\u676d\u5dde\u7f57\u62c9\u98ce\u60c5\u5047\u65e5\u9152\u5e97", "order_time": ["2019-01-08 02:04:40"], "total_order": 1, "hotel_value": ["4.2"], "hotel_price": ["87"]}, "1244127": {"hotel_name": "\u683c\u6797\u8054\u76df\u9152\u5e97(\u676d\u5dde\u4e0b\u6c99\u4f20\u5a92\u5b66\u9662\u5e97)", "order_time": ["2019-01-08 02:04:40"], "total_order": 1, "hotel_value": ["4.2"], "hotel_price": ["81"]}, "14175471": {"hotel_name": "\u676d\u5dde\u6ee8\u6c5f\u827a\u73fa\u9152\u5e97", "order_time": ["2019-01-08 02:50:38", "2019-01-08 02:06:38"], "total_order": 2, "hotel_value": ["4.6", "4.6"], "hotel_price": ["498", "498"]}, "3291977": {"hotel_name": "\u676d\u5dde\u91ce\u98ce\u541b\u4ead\u9152\u5e97", "order_time": ["2019-01-08 02:06:38"], "total_order": 1, "hotel_value": ["4.7"], "hotel_price": ["593"]}, "5673297": {"hotel_name": "\u676d\u5dde\u94b1\u6c5f\u65b0\u57ce\u4e07\u8c6a\u9152\u5e97", "order_time": ["2019-01-08 02:06:38"], "total_order": 1, "hotel_value": ["4.7"], "hotel_price": ["1259"]}, "438261": {"hotel_name": "\u7ef4\u4e5f\u7eb3\u56fd\u9645\u9152\u5e97(\u676d\u5dde\u6b66\u6797\u5e7f\u573a\u5e97)", "order_time": ["2019-01-08 02:06:38"], "total_order": 1, "hotel_value": ["4.8"], "hotel_price": ["239"]}, "1709854": {"hotel_name": "\u676d\u5dde\u6d77\u7eb3\u767e\u5ddd\u4f11\u95f2\u4e3b\u9898\u9152\u5e97", "order_time": ["2019-01-08 02:46:38", "2019-01-08 02:06:39"], "total_order": 2, "hotel_value": ["4.6", "4.6"], "hotel_price": ["211", "211"]}, "1066112": {"hotel_name": "\u676d\u5dde\u5929\u66fc\u56fd\u9645\u5927\u9152\u5e97", "order_time": ["2019-01-08 02:06:40"], "total_order": 1, "hotel_value": ["4.3"], "hotel_price": ["249"]}, "4630227": {"hotel_name": "\u676d\u5dde\u676d\u6cf0\u5047\u65e5\u9152\u5e97", "order_time": ["2019-01-08 02:06:40"], "total_order": 1, "hotel_value": ["4.0"], "hotel_price": ["90"]}, "5383955": {"hotel_name": "\u676d\u5dde\u964c\u964c\u8fde\u9501\u9152\u5e97", "order_time": ["2019-01-08 02:06:44"], "total_order": 1, "hotel_value": ["3.5"], "hotel_price": ["139"]}, "12132893": {"hotel_name": "\u6854\u5b50\u7cbe\u9009(\u676d\u5dde\u6ee8\u6c5f\u5927\u5b66\u57ce\u5e97)", "order_time": ["2019-01-08 02:08:37"], "total_order": 1, "hotel_value": ["4.8"], "hotel_price": ["294"]}, "22673561": {"hotel_name": "\u5168\u5b63\u9152\u5e97(\u676d\u5dde\u94b1\u6c5f\u65b0\u57ce\u94b1\u6f6e\u8def\u5e97)", "order_time": ["2019-01-08 02:08:38"], "total_order": 1, "hotel_value": ["4.8"], "hotel_price": ["265"]}, "1336797": {"hotel_name": "\u9526\u6c5f\u4e4b\u661f(\u676d\u5dde\u8427\u5c71\u56fd\u9645\u673a\u573a\u5e97)", "order_time": ["2019-01-08 02:08:38"], "total_order": 1, "hotel_value": ["4.4"], "hotel_price": ["171"]}, "1727764": {"hotel_name": "\u676d\u5dde\u897f\u6e56\u6587\u5316\u5e7f\u573a\u4e9a\u6735\u9152\u5e97", "order_time": ["2019-01-08 02:08:38"], "total_order": 1, "hotel_value": ["4.8"], "hotel_price": ["532"]}, "5567135": {"hotel_name": "\u6850\u5e90\u6d77\u6c47\u540d\u90fd\u5927\u9152\u5e97", "order_time": ["2019-01-08 02:08:46"], "total_order": 1, "hotel_value": ["4.4"], "hotel_price": ["236"]}, "7490944": {"hotel_name": "\u5343\u5c9b\u6e56\u4f2f\u745e\u7279\u6e29\u6cc9\u5ea6\u5047\u9152\u5e97", "order_time": ["2019-01-08 02:08:46"], "total_order": 1, "hotel_value": ["4.7"], "hotel_price": ["370"]}, "25805025": {"hotel_name": "\u9014\u5ba2\u00b7\u5c1a\u90bb\u9152\u5e97(\u676d\u5dde\u706b\u8f66\u4e1c\u7ad9\u5e97)", "order_time": ["2019-01-08 02:10:36"], "total_order": 1, "hotel_value": ["4.6"], "hotel_price": ["225"]}, "23673949": {"hotel_name": "\u6854\u5b50\u9152\u5e97\u00b7\u7cbe\u9009(\u676d\u5dde\u6c5f\u5357\u5927\u9053\u9f99\u6e56\u5929\u8857\u5e97)", "order_time": ["2019-01-08 02:10:36"], "total_order": 1, "hotel_value": ["4.8"], "hotel_price": ["418"]}, "369759": {"hotel_name": "\u676d\u5dde\u6d77\u5916\u6d77\u7687\u51a0\u5927\u9152\u5e97", "order_time": ["2019-01-08 02:10:37", "2019-01-08 02:30:39"], "total_order": 2, "hotel_value": ["4.8", "4.8"], "hotel_price": ["530", "530"]}, "6080950": {"hotel_name": "\u676d\u5dde\u79ef\u5bb6loft\u9152\u5e97\u5f0f\u516c\u5bd3", "order_time": ["2019-01-08 02:10:37"], "total_order": 1, "hotel_value": ["4.2"], "hotel_price": ["197"]}, "9543222": {"hotel_name": "\u676d\u5dde\u6816\u820d\u4e91\u95f4\u9152\u5e97\u5f0f\u516c\u5bd3", "order_time": ["2019-01-08 02:10:38"], "total_order": 1, "hotel_value": ["4.8"], "hotel_price": ["179"]}, "435398": {"hotel_name": "\u5343\u5c9b\u6e56\u5f00\u5143\u5ea6\u5047\u6751", "order_time": ["2019-01-08 02:10:44"], "total_order": 1, "hotel_value": ["4.8"], "hotel_price": ["446"]}, "654745": {"hotel_name": "\u6850\u5e90\u4e16\u8d38\u5927\u9152\u5e97", "order_time": ["2019-01-08 02:10:45"], "total_order": 1, "hotel_value": ["4.7"], "hotel_price": ["350"]}, "732096": {"hotel_name": "\u676d\u5dde\u5343\u79a7\u5ea6\u5047\u9152\u5e97", "order_time": ["2019-01-08 02:12:37"], "total_order": 1, "hotel_value": ["4.7"], "hotel_price": ["626"]}, "6458057": {"hotel_name": "\u676d\u5dde\u6d59\u5927\u5706\u6b63\u542f\u771f\u6c34\u6676\u9152\u5e97", "order_time": ["2019-01-08 02:12:37"], "total_order": 1, "hotel_value": ["4.8"], "hotel_price": ["286"]}, "25229703": {"hotel_name": "\u676d\u5dde\u897f\u5b50\u91cc\u00b7\u827a\u672f\u9152\u5e97", "order_time": ["2019-01-08 02:12:37"], "total_order": 1, "hotel_value": ["4.7"], "hotel_price": ["293"]}, "2313483": {"hotel_name": "\u6c49\u5ead\u9152\u5e97(\u676d\u5dde\u897f\u6eaa\u6587\u4e09\u897f\u8def\u5e97)", "order_time": ["2019-01-08 02:12:39"], "total_order": 1, "hotel_value": ["4.4"], "hotel_price": ["183"]}, "13967844": {"hotel_name": "\u676d\u5dde\u5bf9\u8c61\u5bb6\u9752\u5e74\u65c5\u793e\u5927\u798f\u6e05\u5df7\u5e97", "order_time": ["2019-01-08 02:12:39", "2019-01-08 02:56:38"], "total_order": 2, "hotel_value": ["4.6", "4.6"], "hotel_price": ["52", "52"]}, "1114589": {"hotel_name": "\u676d\u5dde\u7eff\u57ce\u5c0a\u84dd\u94b1\u6c5f\u8c6a\u534e\u7cbe\u9009\u9152\u5e97", "order_time": ["2019-01-08 02:50:38", "2019-01-08 02:14:36"], "total_order": 2, "hotel_value": ["4.7", "4.7"], "hotel_price": ["1224", "1224"]}, "8943343": {"hotel_name": "\u676d\u5dde\u6052\u5bd3\u667a\u80fd\u9152\u5e97\u5f0f\u516c\u5bd3", "order_time": ["2019-01-08 02:14:36"], "total_order": 1, "hotel_value": ["4.7"], "hotel_price": ["240"]}, "7828854": {"hotel_name": "\u676d\u5dde\u4e2d\u7ef4\u9999\u6ea2\u5927\u9152\u5e97", "order_time": ["2019-01-08 02:14:37", "2019-01-08 02:34:37"], "total_order": 2, "hotel_value": ["4.7", "4.7"], "hotel_price": ["474", "474"]}, "793239": {"hotel_name": "\u676d\u5dde\u5929\u6d77\u5bbe\u9986", "order_time": ["2019-01-08 02:14:38"], "total_order": 1, "hotel_value": ["4.2"], "hotel_price": ["136"]}, "24125350": {"hotel_name": "\u676d\u5ddeVLINE \u6c38\u83b1", "order_time": ["2019-01-08 02:14:38"], "total_order": 1, "hotel_value": ["4.9"], "hotel_price": ["354"]}, "375374": {"hotel_name": "\u676d\u5dde\u7ef4\u666f\u56fd\u9645\u5927\u9152\u5e97", "order_time": ["2019-01-08 02:16:40"], "total_order": 1, "hotel_value": ["4.5"], "hotel_price": ["397"]}, "17512490": {"hotel_name": "\u56fd\u5f69\u5927\u9152\u5e97(\u676d\u5dde\u897f\u6e56\u9ec4\u9f99\u5e97)", "order_time": ["2019-01-08 02:16:41"], "total_order": 1, "hotel_value": ["4.6"], "hotel_price": ["305"]}, "24872808": {"hotel_name": "\u4e9a\u83f2\u9152\u5e97(\u676d\u5dde\u706b\u8f66\u5357\u7ad9\u5e97)", "order_time": ["2019-01-08 02:16:42"], "total_order": 1, "hotel_value": ["4.7"], "hotel_price": ["87"]}, "1462839": {"hotel_name": "\u7231\u5de2\u4e3b\u9898\u9152\u5e97(\u676d\u5dde\u4e0b\u6c99\u5e97)", "order_time": ["2019-01-08 02:16:42"], "total_order": 1, "hotel_value": ["4.4"], "hotel_price": ["137"]}, "11303948": {"hotel_name": "\u7f51\u5bbf\u9152\u5e97(\u676d\u5dde\u65b0\u6d32\u82b1\u82d1\u5e97)", "order_time": ["2019-01-08 02:18:37"], "total_order": 1, "hotel_value": ["4.2"], "hotel_price": ["106"]}, "435383": {"hotel_name": "\u676d\u5dde\u9a6c\u53ef\u6ce2\u7f57\u5047\u65e5\u9152\u5e97", "order_time": ["2019-01-08 02:38:38", "2019-01-08 02:18:38", "2019-01-08 02:54:38"], "total_order": 3, "hotel_value": ["4.8", "4.8", "4.8"], "hotel_price": ["399", "399", "399"]}, "5903375": {"hotel_name": "\u8d5e\u6210\u5bbe\u9986(\u676d\u5dde\u56fd\u9645\u5e97)", "order_time": ["2019-01-08 02:20:37"], "total_order": 1, "hotel_value": ["4.7"], "hotel_price": ["299"]}, "28582184": {"hotel_name": "\u676d\u5dde\u9510\u4e3d\u9152\u5e97", "order_time": ["2019-01-08 02:20:37"], "total_order": 1, "hotel_value": [0], "hotel_price": ["200"]}, "1307663": {"hotel_name": "\u701a\u601d\u5feb\u6377\u9152\u5e97(\u676d\u5dde\u9f99\u6e56\u5929\u8857\u5927\u5b66\u57ce\u5e97)", "order_time": ["2019-01-08 02:20:38"], "total_order": 1, "hotel_value": ["4.2"], "hotel_price": ["95"]}, "1067813": {"hotel_name": "\u897f\u6e56\u4e4b\u6625\u5047\u65e5\u9152\u5e97(\u676d\u5dde\u65b0\u5858\u5e97)", "order_time": ["2019-01-08 02:20:38"], "total_order": 1, "hotel_value": ["3.9"], "hotel_price": ["117"]}, "1306723": {"hotel_name": "\u676d\u5dde\u6fb3\u67ab\u5feb\u6377\u9152\u5e97", "order_time": ["2019-01-08 02:20:38"], "total_order": 1, "hotel_value": ["4.0"], "hotel_price": ["72"]}, "19626880": {"hotel_name": "\u676d\u5dde\u9038\u6797\u9152\u5e97", "order_time": ["2019-01-08 02:20:38"], "total_order": 1, "hotel_value": ["4.6"], "hotel_price": ["258"]}, "1194007": {"hotel_name": "\u676d\u5dde\u53e4\u85e4\u9ad8\u7ea7\u516c\u5bd3\u9152\u5e97", "order_time": ["2019-01-08 02:20:38"], "total_order": 1, "hotel_value": ["4.6"], "hotel_price": ["193"]}, "437043": {"hotel_name": "\u6850\u5e90\u5f00\u5143\u540d\u90fd\u5927\u9152\u5e97", "order_time": ["2019-01-08 02:32:41", "2019-01-08 02:40:42", "2019-01-08 02:20:42"], "total_order": 3, "hotel_value": ["4.8", "4.8", "4.8"], "hotel_price": ["388", "388", "388"]}, "6005857": {"hotel_name": "\u676d\u5dde\u7b80\u5bbf\u9152\u5e97", "order_time": ["2019-01-08 02:22:38"], "total_order": 1, "hotel_value": ["4.3"], "hotel_price": ["69"]}, "6458096": {"hotel_name": "\u767b\u5df4\u56fd\u9645\u8fde\u9501\u5ba2\u6808\u676d\u5dde\u897f\u6e56\u5e97", "order_time": ["2019-01-08 02:22:39"], "total_order": 1, "hotel_value": ["4.7"], "hotel_price": ["39"]}, "1217305": {"hotel_name": "\u4e94\u6d0b\u516c\u9986(\u676d\u5dde\u897f\u6e56\u5e97)", "order_time": ["2019-01-08 02:24:38"], "total_order": 1, "hotel_value": ["4.5"], "hotel_price": ["153"]}, "435371": {"hotel_name": "\u676d\u5dde\u5927\u53a6", "order_time": ["2019-01-08 02:24:38"], "total_order": 1, "hotel_value": ["4.7"], "hotel_price": ["560"]}, "1343023": {"hotel_name": "\u901f8\u9152\u5e97(\u676d\u5dde\u5357\u5b8b\u5fa1\u8857\u5e97)", "order_time": ["2019-01-08 02:24:38"], "total_order": 1, "hotel_value": ["4.1"], "hotel_price": ["74"]}, "346316": {"hotel_name": "\u6d59\u6c5f\u996d\u5e97", "order_time": ["2019-01-08 02:24:38"], "total_order": 1, "hotel_value": ["4.8"], "hotel_price": ["408"]}, "445465": {"hotel_name": "\u676d\u5dde\u7c73\u5170\u6d32\u9645\u9152\u5e97", "order_time": ["2019-01-08 02:24:38"], "total_order": 1, "hotel_value": ["4.4"], "hotel_price": ["282"]}, "18473810": {"hotel_name": "\u5168\u5b63\u9152\u5e97(\u676d\u5dde\u94b1\u6c5f\u4e16\u7eaa\u57ce\u5e97)", "order_time": ["2019-01-08 02:24:39"], "total_order": 1, "hotel_value": ["4.7"], "hotel_price": ["371"]}, "2916683": {"hotel_name": "\u5982\u5bb6\u5feb\u6377\u9152\u5e97(\u676d\u5dde\u706b\u8f66\u4e1c\u7ad9\u897f\u5e7f\u573a\u5e97)", "order_time": ["2019-01-08 02:24:39"], "total_order": 1, "hotel_value": ["4.2"], "hotel_price": ["130"]}, "8053309": {"hotel_name": "\u6668\u67ab\u81fb\u54c1\u9152\u5e97(\u676d\u5dde\u8427\u5c71\u4eba\u6c11\u5e7f\u573a\u5e97)", "order_time": ["2019-01-08 02:24:39"], "total_order": 1, "hotel_value": ["4.7"], "hotel_price": ["240"]}, "6285093": {"hotel_name": "\u676d\u5dde\u6b27\u4e9a\u7f8e\u56fd\u9645\u5927\u9152\u5e97", "order_time": ["2019-01-08 02:24:39"], "total_order": 1, "hotel_value": ["4.6"], "hotel_price": ["370"]}, "2043280": {"hotel_name": "\u676d\u5dde\u76db\u6cf0\u5f00\u5143\u540d\u90fd\u5927\u9152\u5e97", "order_time": ["2019-01-08 02:50:38", "2019-01-08 02:24:39"], "total_order": 2, "hotel_value": ["4.8", "4.8"], "hotel_price": ["609", "609"]}, "2600366": {"hotel_name": "\u5168\u5b63\u9152\u5e97(\u676d\u5dde\u706b\u8f66\u4e1c\u7ad9\u5e97)", "order_time": ["2019-01-08 02:24:39"], "total_order": 1, "hotel_value": ["4.7"], "hotel_price": ["338"]}, "430457": {"hotel_name": "\u676d\u5dde\u56fd\u9645\u5047\u65e5\u9152\u5e97", "order_time": ["2019-01-08 02:24:39"], "total_order": 1, "hotel_value": ["4.4"], "hotel_price": ["621"]}, "427835": {"hotel_name": "\u5982\u5bb6\u7cbe\u9009\u9152\u5e97(\u676d\u5dde\u897f\u6e56\u6587\u5316\u5e7f\u573a\u5730\u94c1\u7ad9\u5e97)", "order_time": ["2019-01-08 02:24:39"], "total_order": 1, "hotel_value": ["4.7"], "hotel_price": ["216"]}, "453487": {"hotel_name": "\u5168\u5b63\u9152\u5e97(\u676d\u5dde\u897f\u6e56\u5e97)", "order_time": ["2019-01-08 02:24:39"], "total_order": 1, "hotel_value": ["4.8"], "hotel_price": ["267"]}, "606358": {"hotel_name": "\u676d\u5dde\u5bcc\u90a6\u56fd\u9645\u5927\u9152\u5e97", "order_time": ["2019-01-08 02:24:39"], "total_order": 1, "hotel_value": ["4.5"], "hotel_price": ["392"]}, "634844": {"hotel_name": "\u676d\u5dde\u57ce\u5e02\u82b1\u56ed\u9152\u5e97", "order_time": ["2019-01-08 02:24:39"], "total_order": 1, "hotel_value": ["4.5"], "hotel_price": ["294"]}, "6146038": {"hotel_name": "\u5fc6\u6816\u751f\u6001\u827a\u672f\u9152\u5e97(\u676d\u5dde\u963f\u91cc\u5df4\u5df4\u897f\u6eaa\u5e97)", "order_time": ["2019-01-08 02:24:39"], "total_order": 1, "hotel_value": ["4.7"], "hotel_price": ["297"]}, "24049411": {"hotel_name": "\u676d\u5dde\u81f4\u6052\u7cbe\u54c1\u9152\u5e97", "order_time": ["2019-01-08 02:24:39"], "total_order": 1, "hotel_value": ["4.8"], "hotel_price": ["170"]}, "1749157": {"hotel_name": "\u5168\u5b63\u9152\u5e97(\u676d\u5dde\u5357\u5c71\u8def\u603b\u5e97)", "order_time": ["2019-01-08 02:24:39"], "total_order": 1, "hotel_value": ["4.8"], "hotel_price": ["282"]}, "468863": {"hotel_name": "\u676d\u5dde\u5546\u4e1a\u5927\u53a6", "order_time": ["2019-01-08 02:24:39"], "total_order": 1, "hotel_value": ["4.6"], "hotel_price": ["289"]}, "1413913": {"hotel_name": "\u5168\u5b63\u9152\u5e97(\u676d\u5dde\u6b66\u6797\u95e8\u5e97)", "order_time": ["2019-01-08 02:24:39"], "total_order": 1, "hotel_value": ["4.7"], "hotel_price": ["241"]}, "378514": {"hotel_name": "\u676d\u5dde\u534e\u7f8e\u8fbe\u9152\u5e97", "order_time": ["2019-01-08 02:24:39"], "total_order": 1, "hotel_value": ["4.3"], "hotel_price": ["540"]}, "808875": {"hotel_name": "\u676d\u5dde\u6240\u7f57\u95e8\u9152\u5e97(\u539f\u4e03\u60a6\u81fb\u54c1\u9152\u5e97)", "order_time": ["2019-01-08 02:24:39"], "total_order": 1, "hotel_value": ["4.5"], "hotel_price": ["146"]}, "1471878": {"hotel_name": "\u6d59\u6c5f\u5047\u65e5\u4e4b\u661f\u9152\u5e97(\u676d\u5dde\u603b\u90e8\u4fe1\u4e49\u574a\u5e97)", "order_time": ["2019-01-08 02:24:39"], "total_order": 1, "hotel_value": ["4.7"], "hotel_price": ["138"]}, "9316584": {"hotel_name": "\u676d\u5dde\u6ee8\u6c5f\u6ee8\u6587\u8def\u4e9a\u6735\u9152\u5e97", "order_time": ["2019-01-08 02:24:39"], "total_order": 1, "hotel_value": ["4.6"], "hotel_price": ["416"]}, "3638969": {"hotel_name": "\u676d\u5dde\u897f\u6eaa\u7d2b\u91d1\u6e2f\u4e9a\u6735\u9152\u5e97", "order_time": ["2019-01-08 02:24:39"], "total_order": 1, "hotel_value": ["4.8"], "hotel_price": ["471"]}, "6082590": {"hotel_name": "\u5168\u5b63\u9152\u5e97(\u676d\u5dde\u897f\u6eaa\u94f6\u6cf0\u5e97)", "order_time": ["2019-01-08 02:24:39"], "total_order": 1, "hotel_value": ["4.8"], "hotel_price": ["371"]}, "5519175": {"hotel_name": "\u5168\u5b63\u9152\u5e97(\u676d\u5dde\u897f\u6eaa\u5e97)", "order_time": ["2019-01-08 02:24:39"], "total_order": 1, "hotel_value": ["4.8"], "hotel_price": ["314"]}, "6129708": {"hotel_name": "\u676d\u5dde\u5b9d\u76db\u9053\u8c37\u9152\u5e97", "order_time": ["2019-01-08 02:24:39"], "total_order": 1, "hotel_value": ["4.7"], "hotel_price": ["399"]}, "11930365": {"hotel_name": "\u683c\u96f7\u65af\u7cbe\u9009\u9152\u5e97(\u676d\u5dde\u91d1\u6c99\u6e56\u5e97)", "order_time": ["2019-01-08 02:24:39"], "total_order": 1, "hotel_value": ["4.8"], "hotel_price": ["292"]}, "4399270": {"hotel_name": "\u676d\u5dde\u91d1\u5ef7\u9152\u5e97", "order_time": ["2019-01-08 02:24:39"], "total_order": 1, "hotel_value": ["4.4"], "hotel_price": ["193"]}, "6723786": {"hotel_name": "\u676d\u5dde\u76db\u4e50\u9152\u5e97", "order_time": ["2019-01-08 02:24:41"], "total_order": 1, "hotel_value": ["3.2"], "hotel_price": ["137"]}, "4852148": {"hotel_name": "\u6021\u83b1\u9152\u5e97(\u676d\u5dde\u661f\u5149\u5927\u9053\u7cbe\u54c1\u5e97)", "order_time": ["2019-01-08 02:26:39"], "total_order": 1, "hotel_value": ["4.2"], "hotel_price": ["271"]}, "6260755": {"hotel_name": "\u6854\u5b50\u9152\u5e97\u7cbe\u9009(\u676d\u5dde\u548c\u5e73\u4f1a\u5c55\u4e2d\u5fc3\u5e97)", "order_time": ["2019-01-08 02:26:39"], "total_order": 1, "hotel_value": ["4.8"], "hotel_price": ["280"]}, "27863591": {"hotel_name": "\u7f8e\u8c6a\u4e3d\u81f4\u9152\u5e97(\u676d\u5dde\u8427\u5c71\u673a\u573a\u5e97)", "order_time": ["2019-01-08 02:26:39"], "total_order": 1, "hotel_value": ["5.0"], "hotel_price": ["302"]}, "8057853": {"hotel_name": "\u676d\u5dde\u4f0a\u6cfd\u745e\u5c14\u9152\u5e97\u516c\u5bd3", "order_time": ["2019-01-08 02:26:41"], "total_order": 1, "hotel_value": ["4.7"], "hotel_price": ["226"]}, "1748617": {"hotel_name": "\u676d\u5dde\u8377\u98ce\u6816\u8bed\u4e3b\u9898\u9152\u5e97", "order_time": ["2019-01-08 02:26:41"], "total_order": 1, "hotel_value": ["4.6"], "hotel_price": ["145"]}, "26691561": {"hotel_name": "Zsmart\u667a\u5c1a\u9152\u5e97(\u676d\u5dde\u94b1\u6c5f\u4e16\u7eaa\u57ce\u5e97)", "order_time": ["2019-01-08 02:28:36"], "total_order": 1, "hotel_value": ["4.6"], "hotel_price": ["183"]}, "375371": {"hotel_name": "\u6d59\u6c5f\u7ef4\u591a\u5229\u4e9a\u4e3d\u5609\u9152\u5e97", "order_time": ["2019-01-08 02:28:36"], "total_order": 1, "hotel_value": ["4.6"], "hotel_price": ["299"]}, "1709721": {"hotel_name": "\u676d\u5dde\u54c1\u6c5f\u5546\u52a1\u9152\u5e97", "order_time": ["2019-01-08 02:28:36"], "total_order": 1, "hotel_value": ["4.5"], "hotel_price": ["226"]}, "1048266": {"hotel_name": "\u6021\u83b1\u7cbe\u54c1\u9152\u5e97(\u676d\u5dde\u9ad8\u6c99\u8def\u5730\u94c1\u5e97)", "order_time": ["2019-01-08 02:28:37"], "total_order": 1, "hotel_value": ["4.5"], "hotel_price": ["140"]}, "1709814": {"hotel_name": "\u676d\u5dde\u84dd\u83b2\u82b1\u5f00\u00b7\u6eaa\u4e0a", "order_time": ["2019-01-08 02:30:39"], "total_order": 1, "hotel_value": ["4.8"], "hotel_price": ["193"]}, "28362501": {"hotel_name": "\u676d\u5dde\u8f6c\u5858\u7f8e\u9662\u4e9a\u6735\u9152\u5e97", "order_time": ["2019-01-08 02:50:39", "2019-01-08 02:30:39"], "total_order": 2, "hotel_value": ["4.9", "4.9"], "hotel_price": ["424", "424"]}, "2305814": {"hotel_name": "7\u5929\u8fde\u9501\u9152\u5e97(\u676d\u5dde\u4e0b\u6c99\u5927\u5b66\u57ce\u9f99\u6e56\u5929\u8857\u5e97)(\u539f\u9ad8\u6c99\u5546\u4e1a\u8857\u5e97)", "order_time": ["2019-01-08 02:30:39"], "total_order": 1, "hotel_value": ["4.5"], "hotel_price": ["109"]}, "479445": {"hotel_name": "\u676d\u5dde\u745e\u83b1\u514b\u65af\u5927\u9152\u5e97", "order_time": ["2019-01-08 02:30:40"], "total_order": 1, "hotel_value": ["4.2"], "hotel_price": ["199"]}, "1569741": {"hotel_name": "\u5982\u5bb6\u5feb\u6377\u9152\u5e97(\u676d\u5dde\u706b\u8f66\u4e1c\u7ad9\u79cb\u6d9b\u5317\u8def\u5e97)", "order_time": ["2019-01-08 02:32:37"], "total_order": 1, "hotel_value": ["4.4"], "hotel_price": ["89"]}, "669370": {"hotel_name": "\u676d\u5dde\u548c\u8fbe\u5e0c\u5c14\u987f\u9038\u6797\u9152\u5e97", "order_time": ["2019-01-08 02:32:37"], "total_order": 1, "hotel_value": ["4.6"], "hotel_price": ["656"]}, "2271804": {"hotel_name": "\u676d\u5dde\u5c45\u4ed5\u5feb\u6377\u9152\u5e97", "order_time": ["2019-01-08 02:32:41"], "total_order": 1, "hotel_value": ["3.6"], "hotel_price": ["139"]}, "662816": {"hotel_name": "\u4e34\u5b89\u5341\u95e8\u5ce1\u5927\u9152\u5e97", "order_time": ["2019-01-08 02:32:41"], "total_order": 1, "hotel_value": ["4.3"], "hotel_price": ["259"]}, "4456965": {"hotel_name": "\u4e34\u5b89\u4e91\u76f8\u89c1\u6c11\u5bbf", "order_time": ["2019-01-08 02:32:41"], "total_order": 1, "hotel_value": ["4.8"], "hotel_price": ["554"]}, "346320": {"hotel_name": "\u5343\u5c9b\u6e56\u6d32\u9645\u5ea6\u5047\u9152\u5e97", "order_time": ["2019-01-08 02:32:41"], "total_order": 1, "hotel_value": ["4.8"], "hotel_price": ["799"]}, "19614141": {"hotel_name": "\u676d\u5dde\u4e34\u5b89\u4e07\u8c6a\u9152\u5e97", "order_time": ["2019-01-08 02:32:41"], "total_order": 1, "hotel_value": ["4.5"], "hotel_price": ["650"]}, "369687": {"hotel_name": "\u5343\u5c9b\u6e56\u6ee8\u6c5f\u5e0c\u5c14\u987f\u5ea6\u5047\u9152\u5e97", "order_time": ["2019-01-08 02:32:41"], "total_order": 1, "hotel_value": ["4.8"], "hotel_price": ["756"]}, "392627": {"hotel_name": "\u5343\u5c9b\u6e56\u559c\u6765\u767b\u5ea6\u5047\u9152\u5e97", "order_time": ["2019-01-08 02:32:41"], "total_order": 1, "hotel_value": ["4.7"], "hotel_price": ["758"]}, "1925758": {"hotel_name": "\u4e34\u5b89\u4ea4\u901a\u7687\u51a0\u5047\u65e5\u9152\u5e97", "order_time": ["2019-01-08 02:32:41"], "total_order": 1, "hotel_value": ["4.3"], "hotel_price": ["383"]}, "1225178": {"hotel_name": "\u4e34\u5b89\u797a\u6b23\u5927\u9152\u5e97", "order_time": ["2019-01-08 02:32:41"], "total_order": 1, "hotel_value": ["4.4"], "hotel_price": ["260"]}, "1406637": {"hotel_name": "\u4e34\u5b89\u9999\u683c\u91cc\u5927\u9152\u5e97", "order_time": ["2019-01-08 02:32:41"], "total_order": 1, "hotel_value": ["4.0"], "hotel_price": ["353"]}, "4378023": {"hotel_name": "\u5efa\u5fb7\u7687\u7235\u7cbe\u54c1\u9152\u5e97", "order_time": ["2019-01-08 02:32:41"], "total_order": 1, "hotel_value": ["4.4"], "hotel_price": ["206"]}, "426058": {"hotel_name": "\u5343\u5c9b\u6e56\u6d77\u5916\u6d77\u5047\u65e5\u9152\u5e97", "order_time": ["2019-01-08 02:32:41"], "total_order": 1, "hotel_value": ["4.7"], "hotel_price": ["256"]}, "17286099": {"hotel_name": "\u5efa\u5fb7\u4e91\u6f2b\u677e\u95f4\u5ea6\u5047\u7cbe\u54c1\u6c11\u5bbf", "order_time": ["2019-01-08 02:32:41"], "total_order": 1, "hotel_value": ["4.9"], "hotel_price": ["959"]}, "12601869": {"hotel_name": "\u4e34\u5b89\u82e5\u9690\u516b\u54c1\u6c11\u5bbf", "order_time": ["2019-01-08 02:32:41"], "total_order": 1, "hotel_value": ["4.9"], "hotel_price": ["880"]}, "369772": {"hotel_name": "\u676d\u5dde\u6e29\u5fb7\u59c6\u81f3\u5c0a\u8c6a\u5ef7\u5927\u9152\u5e97", "order_time": ["2019-01-08 02:34:37"], "total_order": 1, "hotel_value": ["4.7"], "hotel_price": ["875"]}, "9217184": {"hotel_name": "\u7d2b\u4e4b\u9152\u5e97(\u676d\u5dde\u5b8b\u57ce\u7f8e\u9662\u5e97)", "order_time": ["2019-01-08 02:34:37"], "total_order": 1, "hotel_value": ["4.4"], "hotel_price": ["153"]}, "739280": {"hotel_name": "\u676d\u5ddeEAC\u6b27\u7f8e\u4e2d\u5fc3\u56fd\u9645\u9152\u5e97\u516c\u5bd3", "order_time": ["2019-01-08 02:34:37"], "total_order": 1, "hotel_value": ["4.6"], "hotel_price": ["339"]}, "6041781": {"hotel_name": "\u901f8\u9152\u5e97(\u676d\u5dde\u4e34\u5e73\u5730\u94c1\u7ad9\u5e97)", "order_time": ["2019-01-08 02:34:38"], "total_order": 1, "hotel_value": ["4.5"], "hotel_price": ["154"]}, "1569813": {"hotel_name": "\u5982\u5bb6\u5feb\u6377\u9152\u5e97(\u676d\u5dde\u706b\u8f66\u4e1c\u7ad9\u548c\u5e73\u4f1a\u5c55\u4e2d\u5fc3\u671d\u6656\u8def\u5e97)", "order_time": ["2019-01-08 02:34:38"], "total_order": 1, "hotel_value": ["4.7"], "hotel_price": ["105"]}, "4498707": {"hotel_name": "\u676d\u5dde\u57ce\u4e2d\u9999\u683c\u91cc\u62c9\u5927\u9152\u5e97", "order_time": ["2019-01-08 02:36:38"], "total_order": 1, "hotel_value": ["4.7"], "hotel_price": ["1236"]}, "442246": {"hotel_name": "\u676d\u5dde\u5929\u5143\u5927\u53a6", "order_time": ["2019-01-08 02:36:38"], "total_order": 1, "hotel_value": ["4.8"], "hotel_price": ["556"]}, "6733292": {"hotel_name": "\u676d\u5dde\u5609\u676d\u7cbe\u54c1\u9152\u5e97", "order_time": ["2019-01-08 02:36:42"], "total_order": 1, "hotel_value": ["4.3"], "hotel_price": ["95"]}, "373059": {"hotel_name": "\u676d\u5dde\u9ec4\u9f99\u996d\u5e97", "order_time": ["2019-01-08 02:38:37"], "total_order": 1, "hotel_value": ["4.9"], "hotel_price": ["898"]}, "435434": {"hotel_name": "\u676d\u5dde\u827a\u8054\u541b\u4ead\u9152\u5e97", "order_time": ["2019-01-08 02:38:38"], "total_order": 1, "hotel_value": ["4.7"], "hotel_price": ["469"]}, "5074583": {"hotel_name": "\u676d\u5dde\u6c38\u6069\u5546\u52a1\u9152\u5e97", "order_time": ["2019-01-08 02:40:40"], "total_order": 1, "hotel_value": ["3.8"], "hotel_price": ["180"]}, "1640363": {"hotel_name": "\u901f8\u9152\u5e97(\u676d\u5dde\u6b66\u6797\u5e7f\u573a\u5730\u94c1\u7ad9\u5e97)", "order_time": ["2019-01-08 02:40:40"], "total_order": 1, "hotel_value": ["4.0"], "hotel_price": ["98"]}, "1709790": {"hotel_name": "\u676d\u5dde\u83b2\u9047\u9152\u5e97", "order_time": ["2019-01-08 02:42:38"], "total_order": 1, "hotel_value": ["4.7"], "hotel_price": ["428"]}, "2650467": {"hotel_name": "\u676d\u5dde\u9ea6\u6d6a\u4e3b\u9898\u6c11\u5bbf", "order_time": ["2019-01-08 02:42:38"], "total_order": 1, "hotel_value": ["4.9"], "hotel_price": ["291"]}, "5704766": {"hotel_name": "\u676d\u5dde\u8776\u6765\u96c5\u8c37\u6cc9\u5c71\u5e84", "order_time": ["2019-01-08 02:42:38"], "total_order": 1, "hotel_value": ["4.8"], "hotel_price": ["942"]}, "425020": {"hotel_name": "\u676d\u5dde\u7eb3\u5fb7\u5927\u9152\u5e97", "order_time": ["2019-01-08 02:42:38"], "total_order": 1, "hotel_value": ["4.6"], "hotel_price": ["449"]}, "6301125": {"hotel_name": "\u676d\u5dde\u4ed6\u5979\u4e3b\u9898\u9152\u5e97", "order_time": ["2019-01-08 02:42:42"], "total_order": 1, "hotel_value": ["4.2"], "hotel_price": ["134"]}, "6818045": {"hotel_name": "7\u5929\u4f18\u54c1\u9152\u5e97(\u676d\u5dde\u897f\u6e56\u65ad\u6865\u6d59\u5927\u5e97)", "order_time": ["2019-01-08 02:44:39"], "total_order": 1, "hotel_value": ["4.6"], "hotel_price": ["144"]}, "6085327": {"hotel_name": "\u6c49\u9ad8\u5fbd\u9601\u9a7f\u6808(\u676d\u5dde\u548c\u5e73\u4f1a\u5c55\u4e2d\u5fc3\u5e97)", "order_time": ["2019-01-08 02:44:39"], "total_order": 1, "hotel_value": ["4.2"], "hotel_price": ["107"]}, "1768994": {"hotel_name": "\u6c49\u5ead\u9152\u5e97(\u676d\u5dde\u706b\u8f66\u5357\u7ad9\u5e97)", "order_time": ["2019-01-08 02:44:39"], "total_order": 1, "hotel_value": ["4.7"], "hotel_price": ["129"]}, "25650649": {"hotel_name": "\u676d\u5dde\u672a\u6765\u79d1\u6280\u57ce\u83dc\u9e1f\u516c\u5bd3", "order_time": ["2019-01-08 02:44:42"], "total_order": 1, "hotel_value": [0], "hotel_price": ["96"]}, "433941": {"hotel_name": "\u5357\u82d1e\u5bb6\u7cbe\u9009\u9152\u5e97(\u676d\u5dde\u897f\u6e56\u5e86\u6625\u5e97)", "order_time": ["2019-01-08 02:46:37"], "total_order": 1, "hotel_value": ["4.4"], "hotel_price": ["232"]}, "1640351": {"hotel_name": "\u897f\u897f\u91cc\u7cbe\u54c1\u9152\u5e97\uff08\u676d\u5dde\u897f\u6e56\u6b66\u6797\u5e7f\u573a\u5e97\uff09", "order_time": ["2019-01-08 02:46:38"], "total_order": 1, "hotel_value": ["4.1"], "hotel_price": ["127"]}, "2987072": {"hotel_name": "\u60a6\u80dc\u9152\u5e97(\u676d\u5dde\u897f\u6e56\u5927\u9053\u5e97)", "order_time": ["2019-01-08 02:48:39"], "total_order": 1, "hotel_value": ["4.4"], "hotel_price": ["83"]}, "369764": {"hotel_name": "\u676d\u5dde\u5f00\u5143\u540d\u90fd\u5927\u9152\u5e97", "order_time": ["2019-01-08 02:48:39"], "total_order": 1, "hotel_value": ["4.8"], "hotel_price": ["559"]}, "1071677": {"hotel_name": "\u5e03\u4e01\u9152\u5e97(\u676d\u5dde\u6587\u4e00\u8def\u7701\u7acb\u540c\u5fb7\u533b\u9662\u53e4\u7fe0\u8def\u53e3\u5e97)", "order_time": ["2019-01-08 02:48:40"], "total_order": 1, "hotel_value": ["3.8"], "hotel_price": ["90"]}, "2644410": {"hotel_name": "\u676d\u5dde\u5c1a\u5b87\u9152\u5e97", "order_time": ["2019-01-08 02:48:42"], "total_order": 1, "hotel_value": ["4.4"], "hotel_price": ["74"]}, "1100458": {"hotel_name": "\u5982\u5bb6\u5feb\u6377\u9152\u5e97(\u676d\u5dde\u897f\u6e56\u65ad\u6865\u5e97)", "order_time": ["2019-01-08 02:52:38"], "total_order": 1, "hotel_value": ["4.3"], "hotel_price": ["114"]}, "26227562": {"hotel_name": "\u676d\u5dde\u4f18\u5c4b\u7f8e\u5bbf\u4e0b\u6c99\u9f99\u6e56\u5929\u8857\u670d\u52a1\u516c\u5bd3", "order_time": ["2019-01-08 02:52:39"], "total_order": 1, "hotel_value": ["4.7"], "hotel_price": ["233"]}, "369769": {"hotel_name": "\u676d\u5dde\u541b\u60a6\u9152\u5e97(\u539f\u51ef\u60a6\u9152\u5e97)", "order_time": ["2019-01-08 02:54:38"], "total_order": 1, "hotel_value": ["4.5"], "hotel_price": ["1546"]}, "6821370": {"hotel_name": "\u676d\u5dde\u5fc6\u884c\u516c\u9986\uff08\u6c49\u5cf0\u5e97\uff09", "order_time": ["2019-01-08 02:54:40"], "total_order": 1, "hotel_value": ["4.3"], "hotel_price": ["309"]}, "441410": {"hotel_name": "\u676d\u5dde\u65b0\u4fa8\u996d\u5e97", "order_time": ["2019-01-08 02:56:36"], "total_order": 1, "hotel_value": ["4.6"], "hotel_price": ["399"]}, "890332": {"hotel_name": "\u4e94\u6d0b\u516c\u9986(\u676d\u5dde\u6cb3\u574a\u8857\u706b\u8f66\u57ce\u7ad9\u5e97)", "order_time": ["2019-01-08 02:56:37"], "total_order": 1, "hotel_value": ["4.6"], "hotel_price": ["138"]}}}