{"\u5f00\u59cb\u8bb0\u5f55\u65f6\u95f4": "2019-01-27 10:22:16", "\u7ed3\u675f\u8bb0\u5f55\u65f6\u95f4": "2019-01-27 11:22:16", "\u8ba2\u5355\u603b\u589e\u91cf": 504, "item": {"7053341": {"hotel_name": "\u676d\u5dde\u897f\u6e56\u7075\u9690\u00b7\u6d6e\u751f\u5802\u7f8e\u5bb9\u517b\u751f\u5ba2\u6808", "order_time": ["2019-01-27 10:24:26"], "total_order": 1, "hotel_value": ["4.9"], "hotel_price": ["602"]}, "1582397": {"hotel_name": "\u548c\u5b5a\u7cbe\u820d(\u676d\u5dde\u897f\u6e56\u5e97)", "order_time": ["2019-01-27 10:24:26"], "total_order": 1, "hotel_value": ["4.8"], "hotel_price": ["709"]}, "1746418": {"hotel_name": "\u5168\u5b63\u9152\u5e97(\u676d\u5dde\u6b66\u6797\u5e7f\u573a\u6587\u6656\u5927\u53a6\u5e97)", "order_time": ["2019-01-27 10:24:26"], "total_order": 1, "hotel_value": ["4.7"], "hotel_price": ["294"]}, "11275571": {"hotel_name": "\u676d\u5dde\u666f\u6f9c\u00b7\u4e91\u53f0\u5370\u8c61\u9152\u5e97", "order_time": ["2019-01-27 10:24:26"], "total_order": 1, "hotel_value": ["4.6"], "hotel_price": ["565"]}, "435439": {"hotel_name": "\u676d\u5dde\u897f\u6e56\u6162\u4eab\u4e3b\u9898\u9152\u5e97", "order_time": ["2019-01-27 10:24:27"], "total_order": 1, "hotel_value": ["4.7"], "hotel_price": ["291"]}, "27863591": {"hotel_name": "\u7f8e\u8c6a\u4e3d\u81f4\u9152\u5e97(\u676d\u5dde\u8427\u5c71\u673a\u573a\u5e97)", "order_time": ["2019-01-27 10:24:27"], "total_order": 1, "hotel_value": ["4.8"], "hotel_price": ["270"]}, "8296858": {"hotel_name": "\u676d\u5dde\u4e0b\u6c99\u4e9a\u6735\u9152\u5e97", "order_time": ["2019-01-27 10:24:27"], "total_order": 1, "hotel_value": ["4.8"], "hotel_price": ["358"]}, "429778": {"hotel_name": "\u676d\u5dde\u4e2d\u5c71\u56fd\u9645\u5927\u9152\u5e97", "order_time": ["2019-01-27 10:24:27"], "total_order": 1, "hotel_value": ["4.5"], "hotel_price": ["273"]}, "428510": {"hotel_name": "\u676d\u5dde\u9038\u9152\u5e97", "order_time": ["2019-01-27 10:24:27"], "total_order": 1, "hotel_value": ["4.7"], "hotel_price": ["698"]}, "8050951": {"hotel_name": "\u676d\u5dde\u4ed3\u4e7e\u5c45\u96f7\u8fea\u68ee\u9890\u5885\u9152\u5e97", "order_time": ["2019-01-27 10:24:28"], "total_order": 1, "hotel_value": ["4.7"], "hotel_price": ["520"]}, "11210869": {"hotel_name": "\u676d\u5dde\u9a7bHotel\u9152\u5e97", "order_time": ["2019-01-27 10:24:28"], "total_order": 1, "hotel_value": ["4.7"], "hotel_price": ["430"]}, "3045082": {"hotel_name": "\u6c49\u5ead\u9152\u5e97(\u676d\u5dde\u897f\u6e56\u89e3\u767e\u5e97)", "order_time": ["2019-01-27 10:48:27", "2019-01-27 10:24:28"], "total_order": 2, "hotel_value": ["4.3", "4.3"], "hotel_price": ["161", "161"]}, "670047": {"hotel_name": "\u5168\u5b63\u9152\u5e97(\u676d\u5dde\u897f\u6e56\u6d63\u7eb1\u8def\u5e97)", "order_time": ["2019-01-27 10:24:30"], "total_order": 1, "hotel_value": ["4.8"], "hotel_price": ["294"]}, "1441689": {"hotel_name": "\u6c49\u5ead\u9152\u5e97(\u676d\u5dde\u897f\u6e56\u6cb3\u574a\u8857\u65b0\u5e97)(\u539f\u897f\u6e56\u5434\u5c71\u5e7f\u573a\u5e97)", "order_time": ["2019-01-27 10:24:30"], "total_order": 1, "hotel_value": ["4.5"], "hotel_price": ["153"]}, "419382": {"hotel_name": "\u676d\u5dde\u826f\u6e1a\u541b\u6f9c\u5ea6\u5047\u9152\u5e97", "order_time": ["2019-01-27 10:24:30"], "total_order": 1, "hotel_value": ["4.8"], "hotel_price": ["1158"]}, "660303": {"hotel_name": "\u5bcc\u9633\u9f99\u6d66\u5927\u9152\u5e97(\u539f\u9f99\u5c71\u996d\u5e97)", "order_time": ["2019-01-27 10:24:30"], "total_order": 1, "hotel_value": ["4.5"], "hotel_price": ["266"]}, "5704766": {"hotel_name": "\u676d\u5dde\u8776\u6765\u96c5\u8c37\u6cc9\u5c71\u5e84", "order_time": ["2019-01-27 10:24:31"], "total_order": 1, "hotel_value": ["4.8"], "hotel_price": ["973"]}, "1336797": {"hotel_name": "\u9526\u6c5f\u4e4b\u661f(\u676d\u5dde\u8427\u5c71\u56fd\u9645\u673a\u573a\u5e97)", "order_time": ["2019-01-27 10:24:32"], "total_order": 1, "hotel_value": ["4.4"], "hotel_price": ["189"]}, "1581888": {"hotel_name": "\u676d\u5dde\u8427\u5c71\u8317\u53ef\u540d\u5bbe\u9986", "order_time": ["2019-01-27 10:24:32"], "total_order": 1, "hotel_value": ["4.4"], "hotel_price": ["215"]}, "1441150": {"hotel_name": "\u5982\u5bb6\u5feb\u6377\u9152\u5e97(\u676d\u5dde\u897f\u6e56\u89e3\u653e\u8def\u5efa\u56fd\u8def\u5e97)", "order_time": ["2019-01-27 10:24:32", "2019-01-27 10:30:34"], "total_order": 2, "hotel_value": ["4.5", "4.5"], "hotel_price": ["171", "171"]}, "18056672": {"hotel_name": "\u4e07\u8c6a\u884c\u653f\u516c\u5bd3(\u676d\u5dde\u963f\u91cc\u5df4\u5df4\u672a\u6765\u79d1\u6280\u57ce\u56ed\u533a\u5e97)", "order_time": ["2019-01-27 10:24:33"], "total_order": 1, "hotel_value": ["4.6"], "hotel_price": ["500"]}, "16974789": {"hotel_name": "\u5982\u5bb6\u9a7f\u5c45\u9152\u5e97(\u676d\u5dde\u6b66\u6797\u5e7f\u573a\u6c88\u5858\u6865\u5730\u94c1\u7ad9\u5e97)", "order_time": ["2019-01-27 10:24:33"], "total_order": 1, "hotel_value": ["4.7"], "hotel_price": ["159"]}, "2893557": {"hotel_name": "\u4e45\u6816\u00b7\u7eaf\u7231\u4e3b\u9898\u9152\u5e97(\u676d\u5dde\u9f99\u7fd4\u6865\u5730\u94c1\u7ad9\u5e97)", "order_time": ["2019-01-27 10:24:34"], "total_order": 1, "hotel_value": ["4.6"], "hotel_price": ["184"]}, "8654640": {"hotel_name": "\u676d\u5dde\u8427\u5c71\u56fd\u9645\u673a\u573a\u91d1\u9a6c\u6e2f\u666f\u9152\u5e97", "order_time": ["2019-01-27 10:24:34", "2019-01-27 10:48:26"], "total_order": 2, "hotel_value": ["4.5", "4.5"], "hotel_price": ["386", "386"]}, "26428969": {"hotel_name": "\u676d\u5ddeGo Home\u6c11\u5bbf", "order_time": ["2019-01-27 10:24:37"], "total_order": 1, "hotel_value": ["4.9"], "hotel_price": ["156"]}, "994347": {"hotel_name": "\u676d\u5dde\u4e03\u8bda\u5546\u52a1\u9152\u5e97", "order_time": ["2019-01-27 10:24:37"], "total_order": 1, "hotel_value": ["4.3"], "hotel_price": ["93"]}, "1051370": {"hotel_name": "\u5e03\u4e01\u9152\u5e97(\u676d\u5dde\u4e5d\u5821\u5ba2\u8fd0\u4e2d\u5fc3\u5e97)", "order_time": ["2019-01-27 10:24:37"], "total_order": 1, "hotel_value": ["4.0"], "hotel_price": ["106"]}, "2883896": {"hotel_name": "\u79d8\u5cb8\u60c5\u8da3\u9152\u5e97(\u676d\u5dde\u57ce\u897f\u94f6\u6cf0\u5e97)", "order_time": ["2019-01-27 10:24:38"], "total_order": 1, "hotel_value": ["4.0"], "hotel_price": ["183"]}, "4066743": {"hotel_name": "\u676d\u5dde\u8d22\u901a\u9152\u5e97", "order_time": ["2019-01-27 10:24:43"], "total_order": 1, "hotel_value": ["4.3"], "hotel_price": ["94"]}, "25827673": {"hotel_name": "\u676d\u5dde\u6c90\u6c90\u9038\u5c45\u6c11\u5bbf", "order_time": ["2019-01-27 10:52:31", "2019-01-27 10:24:48"], "total_order": 2, "hotel_value": ["4.7", "4.7"], "hotel_price": ["257", "257"]}, "439970": {"hotel_name": "\u5343\u5c9b\u6e56\u996d\u5e97", "order_time": ["2019-01-27 10:24:50"], "total_order": 1, "hotel_value": ["4.8"], "hotel_price": ["198"]}, "425022": {"hotel_name": "\u5343\u5c9b\u9f99\u5ead\u5f00\u5143\u5927\u9152\u5e97", "order_time": ["2019-01-27 10:24:50"], "total_order": 1, "hotel_value": ["4.7"], "hotel_price": ["268"]}, "1377385": {"hotel_name": "\u60528\u8fde\u9501\u9152\u5e97(\u6850\u5e90\u8fce\u6625\u5357\u8def\u5e97)", "order_time": ["2019-01-27 10:24:51"], "total_order": 1, "hotel_value": ["4.3"], "hotel_price": ["90"]}, "987338": {"hotel_name": "\u676d\u5dde\u4e2d\u73af\u7cbe\u54c1\u9152\u5e97", "order_time": ["2019-01-27 10:26:27"], "total_order": 1, "hotel_value": ["4.5"], "hotel_price": ["140"]}, "439197": {"hotel_name": "\u7eff\u57ce\u00b7\u676d\u5dde\u73ab\u7470\u56ed\u5ea6\u5047\u9152\u5e97", "order_time": ["2019-01-27 10:26:27"], "total_order": 1, "hotel_value": ["4.9"], "hotel_price": ["976"]}, "21812546": {"hotel_name": "\u676d\u5dde\u7965\u751f\u99a8\u9038\u9152\u5e97", "order_time": ["2019-01-27 10:26:27"], "total_order": 1, "hotel_value": ["4.5"], "hotel_price": ["286"]}, "434391": {"hotel_name": "\u676d\u5dde\u7c73\u5170\u82b1\u56ed\u9152\u5e97", "order_time": ["2019-01-27 10:26:27"], "total_order": 1, "hotel_value": ["4.2"], "hotel_price": ["258"]}, "481207": {"hotel_name": "\u9526\u6c5f\u4e4b\u661f(\u676d\u5dde\u897f\u6e56\u65ad\u6865\u5e97)", "order_time": ["2019-01-27 10:26:27"], "total_order": 1, "hotel_value": ["4.1"], "hotel_price": ["132"]}, "437838": {"hotel_name": "\u676d\u5dde\u7ea2\u661f\u6587\u5316\u5927\u9152\u5e97(\u539f\u7ea2\u661f\u6587\u5316\u5927\u53a6)", "order_time": ["2019-01-27 10:26:27"], "total_order": 1, "hotel_value": ["4.4"], "hotel_price": ["261"]}, "28362501": {"hotel_name": "\u676d\u5dde\u8f6c\u5858\u7f8e\u9662\u4e9a\u6735\u9152\u5e97", "order_time": ["2019-01-27 10:26:27"], "total_order": 1, "hotel_value": ["4.9"], "hotel_price": ["341"]}, "23673949": {"hotel_name": "\u6854\u5b50\u9152\u5e97\u00b7\u7cbe\u9009(\u676d\u5dde\u6c5f\u5357\u5927\u9053\u9f99\u6e56\u5929\u8857\u5e97)", "order_time": ["2019-01-27 10:26:28"], "total_order": 1, "hotel_value": ["4.8"], "hotel_price": ["303"]}, "21124661": {"hotel_name": "\u676d\u5dde\u56fd\u5c55\u535a\u4e50\u8bd7\u670d\u52a1\u516c\u5bd3", "order_time": ["2019-01-27 10:46:27", "2019-01-27 10:26:28"], "total_order": 2, "hotel_value": ["4.5", "4.5"], "hotel_price": ["174", "174"]}, "443744": {"hotel_name": "\u676d\u5dde\u534e\u8fb0\u94f6\u5ea7\u9152\u5e97", "order_time": ["2019-01-27 10:26:28"], "total_order": 1, "hotel_value": ["4.6"], "hotel_price": ["299"]}, "443788": {"hotel_name": "\u548c\u9890\u9152\u5e97(\u676d\u5dde\u897f\u6e56\u89e3\u653e\u8def\u5e97)", "order_time": ["2019-01-27 10:26:29"], "total_order": 1, "hotel_value": ["4.7"], "hotel_price": ["269"]}, "2143371": {"hotel_name": "\u5982\u5bb6\u5feb\u6377\u9152\u5e97(\u676d\u5dde\u897f\u6e56\u666f\u533a\u864e\u8dd1\u8def\u96f7\u5cf0\u5854\u5e97)", "order_time": ["2019-01-27 10:26:30"], "total_order": 1, "hotel_value": ["4.6"], "hotel_price": ["113"]}, "1640537": {"hotel_name": "7\u5929\u8fde\u9501\u9152\u5e97(\u676d\u5dde\u706b\u8f66\u4e1c\u7ad9\u5e97)", "order_time": ["2019-01-27 11:20:30", "2019-01-27 10:26:30"], "total_order": 2, "hotel_value": ["4.0", "4.0"], "hotel_price": ["129", "129"]}, "890287": {"hotel_name": "\u5982\u5bb6\u9152\u5e97(\u676d\u5dde\u897f\u6e56\u666f\u533a\u864e\u8dd1\u8def\u82cf\u5824\u5e97)", "order_time": ["2019-01-27 10:26:31"], "total_order": 1, "hotel_value": ["4.5"], "hotel_price": ["123"]}, "375374": {"hotel_name": "\u676d\u5dde\u7ef4\u666f\u56fd\u9645\u5927\u9152\u5e97", "order_time": ["2019-01-27 10:26:31"], "total_order": 1, "hotel_value": ["4.5"], "hotel_price": ["300"]}, "474064": {"hotel_name": "\u7ef4\u4e5f\u7eb3\u56fd\u9645\u9152\u5e97(\u676d\u5dde\u6e58\u6e56\u5e97)", "order_time": ["2019-01-27 10:26:32", "2019-01-27 10:48:30"], "total_order": 2, "hotel_value": ["4.7", "4.7"], "hotel_price": ["318", "318"]}, "1983596": {"hotel_name": "\u5c1a\u5ba2\u4f18\u8fde\u9501\u9152\u5e97(\u676d\u5dde\u8427\u5c71\u56fd\u9645\u673a\u573a\u5e97)", "order_time": ["2019-01-27 10:26:32"], "total_order": 1, "hotel_value": ["4.2"], "hotel_price": ["147"]}, "1640647": {"hotel_name": "\u6d59\u6c5f\u5047\u65e5\u4e4b\u661f\u9152\u5e97(\u676d\u5dde\u706b\u8f66\u4e1c\u7ad9\u5e97)\u539f(\u676d\u5dde\u6587\u6656\u5e97)", "order_time": ["2019-01-27 10:40:31", "2019-01-27 10:26:33"], "total_order": 2, "hotel_value": ["4.2", "4.2"], "hotel_price": ["113", "123"]}, "3030804": {"hotel_name": "\u676d\u5dde\u5609\u60a6\u9152\u5e97(\u539f\u767e\u60a6\u5546\u52a1\u9152\u5e97)", "order_time": ["2019-01-27 10:26:35"], "total_order": 1, "hotel_value": ["4.6"], "hotel_price": ["338"]}, "369687": {"hotel_name": "\u5343\u5c9b\u6e56\u6ee8\u6c5f\u5e0c\u5c14\u987f\u5ea6\u5047\u9152\u5e97", "order_time": ["2019-01-27 10:26:54"], "total_order": 1, "hotel_value": ["4.8"], "hotel_price": ["612"]}, "19549347": {"hotel_name": "\u4e34\u5b89\u5c71\u884c\u8005\u6c11\u5bbf", "order_time": ["2019-01-27 10:26:56", "2019-01-27 10:48:44"], "total_order": 2, "hotel_value": ["4.8", "4.8"], "hotel_price": ["434", "434"]}, "792763": {"hotel_name": "\u6d59\u6c5f\u94c1\u9053\u5927\u53a6\u57ce\u5e02\u5e7f\u573a\u5927\u9152\u5e97", "order_time": ["2019-01-27 10:28:26"], "total_order": 1, "hotel_value": ["4.3"], "hotel_price": ["210"]}, "6232941": {"hotel_name": "\u676d\u5dde\u6b8a\u80dc\u9f99\u4e95\u9152\u5e97", "order_time": ["2019-01-27 10:52:26", "2019-01-27 10:28:26"], "total_order": 2, "hotel_value": ["4.7", "4.7"], "hotel_price": ["739", "739"]}, "436215": {"hotel_name": "\u8776\u6765\u6d59\u6c5f\u5bbe\u9986", "order_time": ["2019-01-27 10:28:27"], "total_order": 1, "hotel_value": ["4.8"], "hotel_price": ["622"]}, "435434": {"hotel_name": "\u676d\u5dde\u827a\u8054\u541b\u4ead\u9152\u5e97", "order_time": ["2019-01-27 10:28:29"], "total_order": 1, "hotel_value": ["4.7"], "hotel_price": ["282"]}, "5678956": {"hotel_name": "\u676d\u5dde\u6cdb\u6d77\u9493\u9c7c\u53f0\u9152\u5e97", "order_time": ["2019-01-27 10:28:29", "2019-01-27 10:56:26", "2019-01-27 11:12:29", "2019-01-27 10:34:27"], "total_order": 4, "hotel_value": ["4.8", "4.8", "4.8", "4.8"], "hotel_price": ["909", "909", "909", "909"]}, "373059": {"hotel_name": "\u676d\u5dde\u9ec4\u9f99\u996d\u5e97", "order_time": ["2019-01-27 10:28:29", "2019-01-27 10:36:30"], "total_order": 2, "hotel_value": ["4.9", "4.9"], "hotel_price": ["896", "896"]}, "732096": {"hotel_name": "\u676d\u5dde\u5343\u79a7\u5ea6\u5047\u9152\u5e97", "order_time": ["2019-01-27 10:28:29"], "total_order": 1, "hotel_value": ["4.7"], "hotel_price": ["650"]}, "346311": {"hotel_name": "\u676d\u5dde\u9a6c\u53ef\u6ce2\u7f57\u6ee8\u6e56\u9152\u5e97", "order_time": ["2019-01-27 10:28:29", "2019-01-27 11:16:29", "2019-01-27 10:30:29"], "total_order": 3, "hotel_value": ["4.7", "4.7", "4.7"], "hotel_price": ["301", "301", "301"]}, "8719620": {"hotel_name": "\u827e\u7b51\u827a\u672f\u9152\u5e97(\u897f\u6e56\u5e97)", "order_time": ["2019-01-27 10:28:29"], "total_order": 1, "hotel_value": ["4.5"], "hotel_price": ["283"]}, "1727764": {"hotel_name": "\u676d\u5dde\u897f\u6e56\u6587\u5316\u5e7f\u573a\u4e9a\u6735\u9152\u5e97", "order_time": ["2019-01-27 10:28:30"], "total_order": 1, "hotel_value": ["4.8"], "hotel_price": ["532"]}, "445587": {"hotel_name": "\u5bcc\u6625\u5c71\u5c45\u5ea6\u5047\u6751", "order_time": ["2019-01-27 10:28:30"], "total_order": 1, "hotel_value": ["4.8"], "hotel_price": ["2438"]}, "2987072": {"hotel_name": "\u60a6\u80dc\u9152\u5e97(\u676d\u5dde\u897f\u6e56\u5927\u9053\u5e97)", "order_time": ["2019-01-27 10:28:32"], "total_order": 1, "hotel_value": ["4.4"], "hotel_price": ["88"]}, "1702968": {"hotel_name": "\u676d\u5dde\u51e4\u7687\u96c5\u5cb8\u56fd\u9645\u5047\u65e5\u9152\u5e97", "order_time": ["2019-01-27 10:28:32"], "total_order": 1, "hotel_value": ["4.1"], "hotel_price": ["237"]}, "1300281": {"hotel_name": "\u5168\u5b63\u9152\u5e97(\u676d\u5dde\u94b1\u6c5f\u65b0\u57ce\u6c7d\u8f66\u5357\u7ad9\u5e97)", "order_time": ["2019-01-27 10:28:33"], "total_order": 1, "hotel_value": ["4.8"], "hotel_price": ["275"]}, "5341383": {"hotel_name": "\u676d\u5dde\u946b\u6021\u9152\u5e97", "order_time": ["2019-01-27 10:28:35"], "total_order": 1, "hotel_value": ["4.7"], "hotel_price": ["370"]}, "10683773": {"hotel_name": "\u676d\u5dde\u7518\u68e0\u5c0f\u9662", "order_time": ["2019-01-27 10:28:36"], "total_order": 1, "hotel_value": ["5.0"], "hotel_price": ["439"]}, "2381866": {"hotel_name": "\u676d\u5dde\u6625\u8baf\u7687\u51a0\u5927\u9152\u5e97", "order_time": ["2019-01-27 10:28:36"], "total_order": 1, "hotel_value": ["4.5"], "hotel_price": ["208"]}, "28757264": {"hotel_name": "\u6469\u515c\u516c\u5bd3(\u676d\u5dde\u8fd0\u6cb3\u4e50\u5824\u6e2f\u5e97)", "order_time": ["2019-01-27 10:28:37", "2019-01-27 10:56:30"], "total_order": 2, "hotel_value": ["4.9", "4.9"], "hotel_price": ["170", "170"]}, "697857": {"hotel_name": "\u6c49\u5ead\u9152\u5e97(\u676d\u5dde\u6d59\u5927\u7d2b\u91d1\u6e2f\u5e97)", "order_time": ["2019-01-27 10:28:37"], "total_order": 1, "hotel_value": ["4.3"], "hotel_price": ["121"]}, "6286465": {"hotel_name": "\u5343\u5c9b\u6e56\u9082\u9005\u65f6\u5149\u5168\u6e56\u666f\u5ea6\u5047\u522b\u5885", "order_time": ["2019-01-27 10:28:48"], "total_order": 1, "hotel_value": ["4.0"], "hotel_price": ["2352"]}, "435354": {"hotel_name": "\u5343\u5c9b\u6e56\u7eff\u57ce\u5ea6\u5047\u9152\u5e97", "order_time": ["2019-01-27 10:28:49"], "total_order": 1, "hotel_value": ["4.8"], "hotel_price": ["388"]}, "5159242": {"hotel_name": "\u4e34\u5b89\u534e\u60a6\u677e\u6cc9\u5ea6\u5047\u9152\u5e97", "order_time": ["2019-01-27 10:52:35", "2019-01-27 10:28:50"], "total_order": 2, "hotel_value": ["4.4", "4.4"], "hotel_price": ["319", "319"]}, "6413900": {"hotel_name": "\u4e91\u5bbf\u516c\u5bd3\u5f0f\u9152\u5e97(\u676d\u5dde\u57ce\u897f\u94f6\u6cf0\u5e97)", "order_time": ["2019-01-27 10:36:29", "2019-01-27 10:30:29"], "total_order": 2, "hotel_value": ["4.5", "4.5"], "hotel_price": ["131", "131"]}, "1740546": {"hotel_name": "\u676d\u5dde\u548c\u5e73\u996d\u5e97", "order_time": ["2019-01-27 10:42:27", "2019-01-27 10:30:31"], "total_order": 2, "hotel_value": ["4.5", "4.5"], "hotel_price": ["298", "298"]}, "23877188": {"hotel_name": "\u676d\u5dde\u96c5\u8bd7\u9601\u6765\u798f\u58eb\u4e2d\u5fc3\u670d\u52a1\u516c\u5bd3", "order_time": ["2019-01-27 10:30:31"], "total_order": 1, "hotel_value": ["4.6"], "hotel_price": ["859"]}, "1529351": {"hotel_name": "\u676d\u5dde\u8717\u725b\u9152\u5e97", "order_time": ["2019-01-27 10:30:33"], "total_order": 1, "hotel_value": ["4.6"], "hotel_price": ["115"]}, "18533076": {"hotel_name": "\u676d\u5dde\u4f18\u5c4b\u7f8e\u5bbf\u661f\u5149\u5927\u9053\u670d\u52a1\u516c\u5bd3", "order_time": ["2019-01-27 10:30:33"], "total_order": 1, "hotel_value": ["4.7"], "hotel_price": ["274"]}, "433830": {"hotel_name": "\u683c\u6797\u8c6a\u6cf0(\u676d\u5dde\u897f\u6e56\u5927\u9053\u5357\u5b8b\u5fa1\u8857\u5e97)", "order_time": ["2019-01-27 11:16:30", "2019-01-27 10:30:34", "2019-01-27 10:44:28"], "total_order": 3, "hotel_value": ["4.1", "4.1", "4.1"], "hotel_price": ["98", "98", "98"]}, "6066213": {"hotel_name": "\u7ef4\u4e5f\u7eb3\u56fd\u9645\u9152\u5e97(\u676d\u5dde\u706b\u8f66\u4e1c\u7ad9\u5e97)", "order_time": ["2019-01-27 10:48:27", "2019-01-27 10:44:26", "2019-01-27 10:30:34"], "total_order": 3, "hotel_value": ["4.8", "4.8", "4.8"], "hotel_price": ["264", "264", "264"]}, "11478766": {"hotel_name": "\u62dc\u767b\u516c\u5bd3\u00b7\u676d\u5dde\u5370\u5e97", "order_time": ["2019-01-27 10:30:34"], "total_order": 1, "hotel_value": ["4.6"], "hotel_price": ["290"]}, "1441282": {"hotel_name": "\u5982\u5bb6\u5feb\u6377\u9152\u5e97(\u676d\u5dde\u897f\u6e56\u9ec4\u9f99\u4e07\u79d1\u4e2d\u5fc3\u6587\u4e09\u8def\u5e97)", "order_time": ["2019-01-27 10:30:36"], "total_order": 1, "hotel_value": ["4.6"], "hotel_price": ["128"]}, "24238713": {"hotel_name": "\u676d\u5dde\u82a5\u5f25\u65c5\u820d", "order_time": ["2019-01-27 10:30:40"], "total_order": 1, "hotel_value": ["4.2"], "hotel_price": ["183"]}, "2660487": {"hotel_name": "\u676d\u5dde\u539f\u7814\u658b\u8336\u56ed\u6c11\u5bbf", "order_time": ["2019-01-27 10:30:40"], "total_order": 1, "hotel_value": ["4.7"], "hotel_price": ["288"]}, "25643744": {"hotel_name": "\u5357\u516e\u9152\u5e97\u5f0f\u516c\u5bd3(\u676d\u5dde\u68a6\u60f3\u5c0f\u9547\u5e97)", "order_time": ["2019-01-27 10:30:41"], "total_order": 1, "hotel_value": ["4.1"], "hotel_price": ["163"]}, "1249178": {"hotel_name": "\u676d\u5dde\u6653\u5170\u65c5\u9986", "order_time": ["2019-01-27 10:30:42"], "total_order": 1, "hotel_value": [0], "hotel_price": ["83"]}, "898082": {"hotel_name": "\u676d\u5dde\u65b9\u6cf0\u5feb\u6377\u9152\u5e97", "order_time": ["2019-01-27 10:30:42"], "total_order": 1, "hotel_value": ["4.4"], "hotel_price": ["102"]}, "1293344": {"hotel_name": "\u676d\u5dde\u6625\u98ce\u65c5\u9986", "order_time": ["2019-01-27 10:30:50"], "total_order": 1, "hotel_value": ["3.8"], "hotel_price": ["28"]}, "15338847": {"hotel_name": "\u5b89\u6bcd\u9152\u5e97(\u676d\u5dde\u4e91\u6816\u5c0f\u9547\u5e97)", "order_time": ["2019-01-27 10:32:27", "2019-01-27 11:02:27"], "total_order": 2, "hotel_value": ["4.7", "4.7"], "hotel_price": ["259", "259"]}, "6019989": {"hotel_name": "\u676d\u5dde\u7d2b\u91d1\u6e2f\u901a\u5143\u9152\u5e97", "order_time": ["2019-01-27 10:32:27"], "total_order": 1, "hotel_value": ["4.6"], "hotel_price": ["298"]}, "7082048": {"hotel_name": "\u676d\u5dde\u6816\u5cb8\u9152\u5e97", "order_time": ["2019-01-27 10:32:27"], "total_order": 1, "hotel_value": ["4.8"], "hotel_price": ["386"]}, "346313": {"hotel_name": "\u676d\u5dde\u53cb\u597d\u996d\u5e97", "order_time": ["2019-01-27 10:32:27", "2019-01-27 10:40:28"], "total_order": 2, "hotel_value": ["4.6", "4.6"], "hotel_price": ["431", "431"]}, "5099530": {"hotel_name": "Zhotels\u667a\u5c1a\u9152\u5e97(\u676d\u5dde\u9ec4\u9f99\u5e97)", "order_time": ["2019-01-27 10:32:28"], "total_order": 1, "hotel_value": ["4.6"], "hotel_price": ["152"]}, "1120496": {"hotel_name": "\u5168\u5b63\u9152\u5e97(\u676d\u5dde\u8427\u5c71\u673a\u573a\u5927\u9053\u5e97)", "order_time": ["2019-01-27 11:18:27", "2019-01-27 10:32:29"], "total_order": 2, "hotel_value": ["4.8", "4.8"], "hotel_price": ["313", "294"]}, "473569": {"hotel_name": "\u5b8b\u57ce\u5343\u53e4\u60c5\u4e3b\u9898\u9152\u5e97(\u676d\u5dde\u897f\u6e56\u5e97)", "order_time": ["2019-01-27 10:32:29", "2019-01-27 11:04:30", "2019-01-27 10:36:31"], "total_order": 3, "hotel_value": ["4.6", "4.6", "4.6"], "hotel_price": ["304", "304", "304"]}, "25644107": {"hotel_name": "\u6591\u6593\u5bb6\u6c11\u5bbf(\u676d\u5dde\u897f\u6e56\u5e97)", "order_time": ["2019-01-27 10:32:29"], "total_order": 1, "hotel_value": ["4.9"], "hotel_price": ["241"]}, "15879176": {"hotel_name": "\u676d\u5dde\u9047\u67d2\u9152\u5e97", "order_time": ["2019-01-27 10:32:30"], "total_order": 1, "hotel_value": ["4.6"], "hotel_price": ["154"]}, "435431": {"hotel_name": "\u676d\u5ddePagoda Hotels\u541b\u4ead\u8bbe\u8ba1\u9152\u5e97", "order_time": ["2019-01-27 10:32:30"], "total_order": 1, "hotel_value": ["4.5"], "hotel_price": ["549"]}, "468530": {"hotel_name": "\u6d3e\u9152\u5e97(\u676d\u5dde\u4e0b\u6c99\u5927\u5b66\u57ce\u6587\u6d77\u5357\u8def\u5730\u94c1\u7ad9\u5e97)(\u539f\u795e\u79d8\u6811\u5546\u52a1\u9152\u5e97)", "order_time": ["2019-01-27 10:32:31"], "total_order": 1, "hotel_value": ["4.5"], "hotel_price": ["136"]}, "1137316": {"hotel_name": "\u676d\u5dde\u82cd\u7075\u516c\u5bd3\u5f0f\u9152\u5e97", "order_time": ["2019-01-27 10:54:29", "2019-01-27 10:32:31"], "total_order": 2, "hotel_value": ["4.0", "4.0"], "hotel_price": ["183", "183"]}, "474377": {"hotel_name": "\u6021\u83b1\u9152\u5e97(\u676d\u5dde\u6ee8\u5eb7\u8def\u5e97)", "order_time": ["2019-01-27 10:36:33", "2019-01-27 10:32:32"], "total_order": 2, "hotel_value": ["4.0", "4.0"], "hotel_price": ["218", "218"]}, "1355002": {"hotel_name": "\u66fc\u9640\u6797\u00b7\u4e91\u8c37\u82b1\u56ed\u5ba2\u6808(\u676d\u5dde\u96f7\u5cf0\u5854\u5e97)", "order_time": ["2019-01-27 10:32:35", "2019-01-27 10:56:30"], "total_order": 2, "hotel_value": ["4.8", "4.8"], "hotel_price": ["259", "259"]}, "2699285": {"hotel_name": "\u676d\u5dde\u7a9d\u7a9d\u9752\u5e74\u65c5\u820d(\u539f\u718a\u732b\u9752\u5e74\u65c5\u820d)", "order_time": ["2019-01-27 10:32:35"], "total_order": 1, "hotel_value": ["4.8"], "hotel_price": ["53"]}, "8681253": {"hotel_name": "\u676d\u5dde\u534e\u9a7f\u9152\u5e97\u5e02\u5fc3\u5e7f\u573a\u5e97", "order_time": ["2019-01-27 10:32:35"], "total_order": 1, "hotel_value": ["4.3"], "hotel_price": ["104"]}, "1770098": {"hotel_name": "\u5e03\u4e01\u9152\u5e97(\u676d\u5dde\u8fd0\u6cb3\u5927\u5173\u82d1\u8def\u5e97)(\u539f\u4e07\u7231\u5546\u52a1\u9152\u5e97)", "order_time": ["2019-01-27 10:32:35"], "total_order": 1, "hotel_value": ["4.4"], "hotel_price": ["137"]}, "987319": {"hotel_name": "\u6d77\u53cb\u9152\u5e97(\u676d\u5dde\u897f\u6e56\u5927\u9053\u5e97)", "order_time": ["2019-01-27 10:32:35"], "total_order": 1, "hotel_value": ["4.0"], "hotel_price": ["113"]}, "1703330": {"hotel_name": "\u676d\u5dde\u9605\u5885\u00b7\u9526\u91cc\u6c11\u5bbf", "order_time": ["2019-01-27 10:32:35"], "total_order": 1, "hotel_value": ["4.5"], "hotel_price": ["214"]}, "1535291": {"hotel_name": "\u6d77\u53cb\u9152\u5e97(\u676d\u5dde\u5ba2\u8fd0\u4e2d\u5fc3\u5e97)", "order_time": ["2019-01-27 10:32:35"], "total_order": 1, "hotel_value": ["4.2"], "hotel_price": ["117"]}, "986770": {"hotel_name": "\u4e45\u6816\u00b7\u9f99\u548c\u67d3\u9999\u5ba2\u6808(\u676d\u5dde\u52a8\u7269\u56ed\u5e97)", "order_time": ["2019-01-27 10:32:35"], "total_order": 1, "hotel_value": ["4.6"], "hotel_price": ["108"]}, "1298096": {"hotel_name": "\u676d\u5dde\u9752\u9038\u5047\u65e5\u6c11\u5bbf", "order_time": ["2019-01-27 10:32:35"], "total_order": 1, "hotel_value": ["4.9"], "hotel_price": ["193"]}, "992192": {"hotel_name": "\u676d\u5dde\u534a\u4ea9\u65b9\u5858\u5ba2\u6808", "order_time": ["2019-01-27 10:32:35"], "total_order": 1, "hotel_value": ["4.7"], "hotel_price": ["252"]}, "16012000": {"hotel_name": "\u8fdf\u8fdf\u5ead\u9662(\u676d\u5dde\u767d\u9a6c\u6e56\u5e97)", "order_time": ["2019-01-27 10:32:35"], "total_order": 1, "hotel_value": ["4.7"], "hotel_price": ["292"]}, "4728998": {"hotel_name": "\u676d\u5dde\u6d59\u8c6a\u5546\u52a1\u9152\u5e97", "order_time": ["2019-01-27 10:32:35"], "total_order": 1, "hotel_value": ["4.5"], "hotel_price": ["118"]}, "28024350": {"hotel_name": "\u676d\u5dde\u9752\u6728\u7f8e\u5e84\u516c\u5bd3", "order_time": ["2019-01-27 10:32:35"], "total_order": 1, "hotel_value": ["4.8"], "hotel_price": ["258"]}, "1709548": {"hotel_name": "\u676d\u5dde\u6ee8\u6c5f\u68ee\u6d69\u56fd\u9645\u9152\u5e97", "order_time": ["2019-01-27 10:32:35"], "total_order": 1, "hotel_value": ["3.9"], "hotel_price": ["228"]}, "481239": {"hotel_name": "\u5e03\u4e01\u9152\u5e97(\u676d\u5dde\u706b\u8f66\u4e1c\u7ad9\u6d59\u5927\u534e\u5bb6\u6c60\u826e\u5c71\u897f\u8def\u5e97)", "order_time": ["2019-01-27 10:32:35"], "total_order": 1, "hotel_value": ["4.5"], "hotel_price": ["94"]}, "1586642": {"hotel_name": "\u8bfa\u8bda\u5bbe\u5bb6\u9152\u5e97(\u676d\u5dde\u706b\u8f66\u5357\u7ad9\u5e97)", "order_time": ["2019-01-27 10:32:35"], "total_order": 1, "hotel_value": ["4.4"], "hotel_price": ["208"]}, "1630680": {"hotel_name": "\u6d77\u53cb\u9152\u5e97(\u676d\u5dde\u706b\u8f66\u4e1c\u7ad9\u673a\u573a\u8def\u5e97)", "order_time": ["2019-01-27 10:32:35"], "total_order": 1, "hotel_value": ["4.4"], "hotel_price": ["107"]}, "22821304": {"hotel_name": "\u676d\u5dde\u7f18\u68a6\u827a\u672f\u9152\u5e97", "order_time": ["2019-01-27 10:32:35"], "total_order": 1, "hotel_value": ["4.7"], "hotel_price": ["212"]}, "438232": {"hotel_name": "\u676d\u5dde\u534e\u5317\u996d\u5e97(\u6d59\u6c5f\u7701\u519b\u533a\u7b2c\u4e00\u62db\u5f85\u6240)", "order_time": ["2019-01-27 10:34:27"], "total_order": 1, "hotel_value": ["4.3"], "hotel_price": ["418"]}, "447201": {"hotel_name": "\u6d59\u6c5f\u4e09\u7acb\u5f00\u5143\u540d\u90fd\u5927\u9152\u5e97", "order_time": ["2019-01-27 10:34:28"], "total_order": 1, "hotel_value": ["4.7"], "hotel_price": ["480"]}, "14419334": {"hotel_name": "\u5f00\u5143\u66fc\u5c45\u00b7\u676d\u5dde\u826f\u6e1a\u5e97", "order_time": ["2019-01-27 10:34:29"], "total_order": 1, "hotel_value": ["4.7"], "hotel_price": ["350"]}, "2944246": {"hotel_name": "\u5434\u5c71\u5c45(\u676d\u5dde\u6cb3\u574a\u8857\u5e97)", "order_time": ["2019-01-27 10:34:29"], "total_order": 1, "hotel_value": ["4.6"], "hotel_price": ["329"]}, "1609652": {"hotel_name": "\u676d\u5dde\u5858\u6816\u5bbe\u9986", "order_time": ["2019-01-27 10:34:29"], "total_order": 1, "hotel_value": ["4.4"], "hotel_price": ["128"]}, "5911956": {"hotel_name": "\u9526\u6c5f\u4e4b\u661f\u98ce\u5c1a(\u676d\u5dde\u4e0b\u6c99\u9ad8\u6c99\u8def\u5730\u94c1\u7ad9\u5e97)", "order_time": ["2019-01-27 10:34:29"], "total_order": 1, "hotel_value": ["4.7"], "hotel_price": ["159"]}, "1048266": {"hotel_name": "\u6021\u83b1\u7cbe\u54c1\u9152\u5e97(\u676d\u5dde\u9ad8\u6c99\u8def\u5730\u94c1\u5e97)", "order_time": ["2019-01-27 10:34:30"], "total_order": 1, "hotel_value": ["4.5"], "hotel_price": ["105"]}, "17492208": {"hotel_name": "\u6f2b\u5fc3\u676d\u5dde\u897f\u6e56\u6b66\u6797\u5e7f\u573a\u9152\u5e97", "order_time": ["2019-01-27 10:34:30"], "total_order": 1, "hotel_value": ["4.7"], "hotel_price": ["307"]}, "4648666": {"hotel_name": "\u676d\u5dde\u897f\u5170\u98ce\u5c1a\u9152\u5e97", "order_time": ["2019-01-27 10:34:31"], "total_order": 1, "hotel_value": ["4.5"], "hotel_price": ["133"]}, "1535522": {"hotel_name": "\u6c49\u5ead\u9152\u5e97(\u676d\u5dde\u4e5d\u5821\u5730\u94c1\u7ad9\u5e97)", "order_time": ["2019-01-27 10:34:31"], "total_order": 1, "hotel_value": ["4.5"], "hotel_price": ["199"]}, "965294": {"hotel_name": "\u5e7f\u666f\u9152\u5e97(\u676d\u5dde\u8427\u5c71\u56fd\u9645\u673a\u573a\u5e97)", "order_time": ["2019-01-27 10:34:32", "2019-01-27 11:06:27"], "total_order": 2, "hotel_value": ["4.2", "4.2"], "hotel_price": ["148", "148"]}, "8496133": {"hotel_name": "\u57ce\u5bb6\u7cbe\u9009\u516c\u5bd3(\u676d\u5dde\u897f\u6eaa\u5e97)", "order_time": ["2019-01-27 10:34:35"], "total_order": 1, "hotel_value": ["4.6"], "hotel_price": ["253"]}, "5244503": {"hotel_name": "\u676d\u5dde\u6709\u95f4\u623f\u5b50\u5ba2\u6808", "order_time": ["2019-01-27 10:34:40"], "total_order": 1, "hotel_value": ["4.8"], "hotel_price": ["503"]}, "1674636": {"hotel_name": "\u676d\u5dde\u897f\u6eaa\u8c37\u541b\u4ead\u9152\u5e97", "order_time": ["2019-01-27 10:34:41"], "total_order": 1, "hotel_value": ["4.7"], "hotel_price": ["548"]}, "11408058": {"hotel_name": "\u676d\u5dde\u5343\u5c9b\u6e56\u7fe1\u7fe0\u5c9b\u4e34\u6e56\u522b\u5885", "order_time": ["2019-01-27 10:34:51"], "total_order": 1, "hotel_value": ["4.8"], "hotel_price": ["2265"]}, "2324606": {"hotel_name": "\u676d\u5dde\u8212\u4e4b\u5723\u96c5\u5546\u52a1\u9152\u5e97", "order_time": ["2019-01-27 10:34:51"], "total_order": 1, "hotel_value": ["4.5"], "hotel_price": ["328"]}, "1461231": {"hotel_name": "\u5982\u5bb6\u5feb\u6377\u9152\u5e97(\u4e34\u5b89\u94b1\u738b\u8857\u4e07\u534e\u5e7f\u573a\u5e97)", "order_time": ["2019-01-27 10:34:52"], "total_order": 1, "hotel_value": ["4.2"], "hotel_price": ["99"]}, "23938608": {"hotel_name": "\u6850\u5e90\u5728\u6c34\u4e00\u65b9\u96c6\u88c5\u7bb1\u6c11\u5bbf", "order_time": ["2019-01-27 10:34:53"], "total_order": 1, "hotel_value": [0], "hotel_price": ["348"]}, "5126953": {"hotel_name": "\u676d\u5dde\u84dd\u94bb\u56fd\u9645\u57ce\u5821\u9152\u5e97", "order_time": ["2019-01-27 10:36:29"], "total_order": 1, "hotel_value": ["4.7"], "hotel_price": ["263"]}, "1119502": {"hotel_name": "\u6a61\u679c\u9152\u5e97(\u676d\u5dde\u6d59\u5927\u7d2b\u91d1\u6e2f\u5e97)", "order_time": ["2019-01-27 10:36:29"], "total_order": 1, "hotel_value": ["4.5"], "hotel_price": ["219"]}, "15974168": {"hotel_name": "\u676d\u5dde\u91d1\u6c99\u6e56\u535a\u4e50\u8bd7\u670d\u52a1\u516c\u5bd3", "order_time": ["2019-01-27 10:36:29", "2019-01-27 11:10:27"], "total_order": 2, "hotel_value": ["4.7", "4.7"], "hotel_price": ["239", "239"]}, "433845": {"hotel_name": "\u5982\u5bb6\u5feb\u6377\u9152\u5e97(\u676d\u5dde\u897f\u6e56\u5357\u5b8b\u5fa1\u8857\u4e2d\u5fc3\u5e97)", "order_time": ["2019-01-27 10:36:29", "2019-01-27 11:16:29", "2019-01-27 11:10:27"], "total_order": 3, "hotel_value": ["4.5", "4.5", "4.5"], "hotel_price": ["132", "169", "169"]}, "697592": {"hotel_name": "\u6c49\u5ead\u9152\u5e97(\u676d\u5dde\u6b66\u6797\u8def\u4e2d\u5fc3\u5e97)", "order_time": ["2019-01-27 10:36:29", "2019-01-27 10:52:28"], "total_order": 2, "hotel_value": ["4.4", "4.4"], "hotel_price": ["118", "118"]}, "2313316": {"hotel_name": "\u5982\u5bb6\u5feb\u6377\u9152\u5e97(\u676d\u5dde\u706b\u8f66\u4e1c\u7ad9\u897f\u5e7f\u573a\u65b0\u98ce\u8def\u5e97)", "order_time": ["2019-01-27 10:36:29"], "total_order": 1, "hotel_value": ["4.5"], "hotel_price": ["151"]}, "844856": {"hotel_name": "\u676d\u5dde\u897f\u6e56\u67f3\u83ba\u91cc\u9152\u5e97(\u539f\u67f3\u83ba\u5bbe\u9986)", "order_time": ["2019-01-27 10:36:29", "2019-01-27 11:08:28"], "total_order": 2, "hotel_value": ["4.8", "4.8"], "hotel_price": ["1100", "1100"]}, "3997628": {"hotel_name": "\u6854\u5b50\u6c34\u6676\u9152\u5e97(\u676d\u5dde\u706b\u8f66\u4e1c\u7ad9\u5e97)", "order_time": ["2019-01-27 10:36:30"], "total_order": 1, "hotel_value": ["4.8"], "hotel_price": ["378"]}, "1727626": {"hotel_name": "\u7d20\u820d\u7cbe\u54c1\u9152\u5e97(\u676d\u5dde\u8fd0\u6cb3\u603b\u90e8\u5e97)", "order_time": ["2019-01-27 10:36:30", "2019-01-27 10:44:26"], "total_order": 2, "hotel_value": ["4.5", "4.5"], "hotel_price": ["210", "210"]}, "1563566": {"hotel_name": "\u676d\u5dde\u73d1\u749f\u5fc3\u60c5\u6c11\u5bbf-\u6797\u8bed", "order_time": ["2019-01-27 10:36:31"], "total_order": 1, "hotel_value": ["4.8"], "hotel_price": ["320"]}, "1624570": {"hotel_name": "\u676d\u5dde\u5bcc\u6052\u7cbe\u54c1\u9152\u5e97(\u539f\u5bcc\u6052\u5047\u65e5\u9152\u5e97)", "order_time": ["2019-01-27 10:36:31"], "total_order": 1, "hotel_value": ["4.4"], "hotel_price": ["99"]}, "1406726": {"hotel_name": "\u83ab\u6cf0168(\u676d\u5dde\u706b\u8f66\u4e1c\u7ad9\u5929\u57ce\u8def\u5e97)", "order_time": ["2019-01-27 10:46:29", "2019-01-27 10:36:31"], "total_order": 2, "hotel_value": ["4.5", "4.5"], "hotel_price": ["134", "134"]}, "3745822": {"hotel_name": "\u5929\u4f26\u7cbe\u54c1\u9152\u5e97(\u676d\u5dde\u897f\u6e56\u5e97)", "order_time": ["2019-01-27 10:36:32"], "total_order": 1, "hotel_value": ["4.6"], "hotel_price": ["516"]}, "840634": {"hotel_name": "\u897f\u6e56\u67d2\u53f7\u9152\u5e97\u5f0f\u516c\u5bd3(\u676d\u5dde\u6cb3\u574a\u8857\u5e97)", "order_time": ["2019-01-27 11:00:27", "2019-01-27 10:36:32"], "total_order": 2, "hotel_value": ["4.4", "4.4"], "hotel_price": ["212", "212"]}, "21801376": {"hotel_name": "\u6dd8\u7c73\u516c\u5bd3(\u676d\u5dde\u963f\u91cc\u5df4\u5df4\u6d77\u521b\u56ed\u5e97)", "order_time": ["2019-01-27 10:36:33"], "total_order": 1, "hotel_value": ["4.8"], "hotel_price": ["174"]}, "2614477": {"hotel_name": "\u676d\u5dde\u65af\u7ef4\u767b\u5ea6\u5047\u516c\u5bd3(\u7f8e\u548c\u9662)", "order_time": ["2019-01-27 10:36:34"], "total_order": 1, "hotel_value": ["4.6"], "hotel_price": ["280"]}, "445179": {"hotel_name": "\u676d\u5dde\u51ef\u745e\u5927\u9152\u5e97", "order_time": ["2019-01-27 10:36:34"], "total_order": 1, "hotel_value": ["4.1"], "hotel_price": ["240"]}, "430945": {"hotel_name": "\u676d\u5dde\u7b2c\u4e00\u4e16\u754c\u5927\u9152\u5e97", "order_time": ["2019-01-27 10:38:26"], "total_order": 1, "hotel_value": ["4.7"], "hotel_price": ["652"]}, "7045791": {"hotel_name": "\u676d\u5dde\u7ef4\u7eb3\u7cbe\u54c1\u5546\u52a1\u9152\u5e97", "order_time": ["2019-01-27 10:38:28"], "total_order": 1, "hotel_value": ["4.3"], "hotel_price": ["252"]}, "2941474": {"hotel_name": "\u745e\u9e92\u7cbe\u9009\u9152\u5e97(\u676d\u5dde\u7d2b\u91d1\u6e2f\u5e97)", "order_time": ["2019-01-27 10:38:29"], "total_order": 1, "hotel_value": ["4.2"], "hotel_price": ["153"]}, "20173190": {"hotel_name": "\u676d\u5dde\u661f\u5c1a\u5ba2\u6808", "order_time": ["2019-01-27 10:38:31"], "total_order": 1, "hotel_value": ["4.7"], "hotel_price": ["43"]}, "10231682": {"hotel_name": "\u676d\u5dde\u4f59\u676d\u4f59\u4eba\u9152\u5e97\u5f0f\u516c\u5bd3(\u963f\u91cc\u5df4\u5df4\u5e97)", "order_time": ["2019-01-27 10:38:32"], "total_order": 1, "hotel_value": ["4.8"], "hotel_price": ["242"]}, "1425337": {"hotel_name": "\u5982\u5bb6\u5feb\u6377\u9152\u5e97(\u676d\u5dde\u8427\u5c71\u91d1\u57ce\u8def\u4eba\u6c11\u5e7f\u573a\u5730\u94c1\u7ad9\u5e97)", "order_time": ["2019-01-27 10:38:32"], "total_order": 1, "hotel_value": ["4.2"], "hotel_price": ["132"]}, "2150251": {"hotel_name": "\u6d77\u53cb\u9152\u5e97(\u676d\u5dde\u897f\u6e56\u5357\u5b8b\u5fa1\u8857\u5e97)", "order_time": ["2019-01-27 10:38:33"], "total_order": 1, "hotel_value": ["4.0"], "hotel_price": ["85"]}, "1629966": {"hotel_name": "\u60a6\u80dc\u9152\u5e97(\u676d\u5dde\u6e05\u6cf0\u8857\u5e97)", "order_time": ["2019-01-27 10:38:35"], "total_order": 1, "hotel_value": ["4.1"], "hotel_price": ["118"]}, "1051223": {"hotel_name": "\u5e03\u4e01\u9152\u5e97(\u676d\u5dde\u897f\u6e56\u5434\u5c71\u5e7f\u573a\u5e97)", "order_time": ["2019-01-27 10:38:38", "2019-01-27 10:50:29", "2019-01-27 11:14:31"], "total_order": 3, "hotel_value": ["4.1", "4.1", "4.1"], "hotel_price": ["65", "75", "75"]}, "378858": {"hotel_name": "\u676d\u5dde\u6d32\u9645\u9152\u5e97", "order_time": ["2019-01-27 10:38:42"], "total_order": 1, "hotel_value": ["4.7"], "hotel_price": ["1084"]}, "608656": {"hotel_name": "\u65b0\u5f00\u5143\u5927\u9152\u5e97(\u676d\u5dde\u897f\u6e56\u5e97)", "order_time": ["2019-01-27 10:46:27", "2019-01-27 10:40:28"], "total_order": 2, "hotel_value": ["4.2", "4.2"], "hotel_price": ["358", "358"]}, "435427": {"hotel_name": "\u676d\u5dde\u94f6\u9686\u541b\u4ead\u9152\u5e97", "order_time": ["2019-01-27 10:40:28"], "total_order": 1, "hotel_value": ["4.5"], "hotel_price": ["396"]}, "697870": {"hotel_name": "\u6c49\u5ead\u9152\u5e97(\u676d\u5dde\u897f\u6e56\u5e97)", "order_time": ["2019-01-27 10:40:28"], "total_order": 1, "hotel_value": ["4.4"], "hotel_price": ["227"]}, "975714": {"hotel_name": "\u5168\u5b63\u9152\u5e97(\u676d\u5dde\u897f\u6e56\u89e3\u653e\u8def\u5e97)", "order_time": ["2019-01-27 10:40:29"], "total_order": 1, "hotel_value": ["4.8"], "hotel_price": ["294"]}, "6836912": {"hotel_name": "\u676d\u5dde\u76db\u5bb6\u7cbe\u54c1\u9152\u5e97", "order_time": ["2019-01-27 10:40:29"], "total_order": 1, "hotel_value": ["4.6"], "hotel_price": ["90"]}, "7214719": {"hotel_name": "\u676d\u5dde\u6eaa\u4e2d\u6eaa\u5ea6\u5047\u9152\u5e97", "order_time": ["2019-01-27 10:40:29"], "total_order": 1, "hotel_value": ["4.8"], "hotel_price": ["1239"]}, "11930365": {"hotel_name": "\u683c\u96f7\u65af\u7cbe\u9009\u9152\u5e97(\u676d\u5dde\u91d1\u6c99\u6e56\u5e97)", "order_time": ["2019-01-27 10:40:30"], "total_order": 1, "hotel_value": ["4.8"], "hotel_price": ["292"]}, "5387411": {"hotel_name": "\u5b8b\u97f5\u827a\u5885\u7cbe\u54c1\u9152\u5e97(\u676d\u5dde\u9f13\u697c\u6cb3\u574a\u8857\u5e97)", "order_time": ["2019-01-27 10:40:30"], "total_order": 1, "hotel_value": ["4.6"], "hotel_price": ["206"]}, "435383": {"hotel_name": "\u676d\u5dde\u9a6c\u53ef\u6ce2\u7f57\u5047\u65e5\u9152\u5e97", "order_time": ["2019-01-27 11:02:41", "2019-01-27 10:42:29", "2019-01-27 11:02:27", "2019-01-27 10:42:51", "2019-01-27 10:40:31", "2019-01-27 10:42:49", "2019-01-27 10:54:27", "2019-01-27 10:42:50"], "total_order": 8, "hotel_value": ["4.8", "4.8", "4.8", "4.8", "4.8", "4.8", "4.8", "4.8"], "hotel_price": ["400", "400", "471", "471", "471", "400", "400", "471"]}, "7828854": {"hotel_name": "\u676d\u5dde\u4e2d\u7ef4\u9999\u6ea2\u5927\u9152\u5e97", "order_time": ["2019-01-27 11:16:29", "2019-01-27 10:40:31"], "total_order": 2, "hotel_value": ["4.7", "4.7"], "hotel_price": ["423", "423"]}, "4626535": {"hotel_name": "\u676d\u5dde\u65e9\u5b89\u4e91\u5c45\u9152\u5e97\u5f0f\u516c\u5bd3(\u539f\u6591\u514b\u9152\u5e97)", "order_time": ["2019-01-27 10:40:31"], "total_order": 1, "hotel_value": ["4.6"], "hotel_price": ["302"]}, "5519611": {"hotel_name": "\u5168\u5b63\u9152\u5e97(\u676d\u5dde\u91ce\u751f\u52a8\u7269\u56ed\u5e97)", "order_time": ["2019-01-27 10:40:32"], "total_order": 1, "hotel_value": ["4.8"], "hotel_price": ["248"]}, "4496580": {"hotel_name": "\u676d\u5dde\u9f99\u95e8\u9a7f\u96f7\u8fea\u68ee\u5e84\u56ed", "order_time": ["2019-01-27 10:40:32"], "total_order": 1, "hotel_value": ["4.5"], "hotel_price": ["449"]}, "1630794": {"hotel_name": "\u676d\u5dde\u51cc\u4e91\u822a\u7a7a\u5927\u9152\u5e97", "order_time": ["2019-01-27 10:40:32"], "total_order": 1, "hotel_value": ["4.2"], "hotel_price": ["143"]}, "906393": {"hotel_name": "\u676d\u5dde\u6c6a\u661f\u7403\u9752\u5e74\u65c5\u820d", "order_time": ["2019-01-27 10:42:30", "2019-01-27 10:50:29", "2019-01-27 10:40:32"], "total_order": 3, "hotel_value": ["4.5", "4.5", "4.5"], "hotel_price": ["30", "30", "30"]}, "1767881": {"hotel_name": "\u5965\u83f2\u65af\u5bbe\u9986(\u676d\u5dde\u53e4\u58a9\u5e97)", "order_time": ["2019-01-27 10:40:36"], "total_order": 1, "hotel_value": ["3.4"], "hotel_price": ["98"]}, "987326": {"hotel_name": "\u676d\u5dde\u6e05\u6cb3\u9152\u5e97(\u897f\u6e56\u6cb3\u574a\u8857\u5e97)", "order_time": ["2019-01-27 10:42:26"], "total_order": 1, "hotel_value": ["4.7"], "hotel_price": ["219"]}, "12432980": {"hotel_name": "\u676d\u5dde\u6c34\u535a\u56ed\u00b7\u9053\u8c37\u9152\u5e97", "order_time": ["2019-01-27 10:42:26"], "total_order": 1, "hotel_value": ["4.7"], "hotel_price": ["498"]}, "4805765": {"hotel_name": "\u897f\u6e56\u9690\u5e90\u9152\u5e97(\u676d\u5dde\u96f7\u950b\u5854\u5e97)", "order_time": ["2019-01-27 10:42:26"], "total_order": 1, "hotel_value": ["4.8"], "hotel_price": ["383"]}, "6041781": {"hotel_name": "\u901f8\u9152\u5e97(\u676d\u5dde\u4e34\u5e73\u5730\u94c1\u7ad9\u5e97)", "order_time": ["2019-01-27 10:42:27"], "total_order": 1, "hotel_value": ["4.5"], "hotel_price": ["134"]}, "15812141": {"hotel_name": "\u7ef4\u4e5f\u7eb3\u56fd\u9645\u9152\u5e97(\u676d\u5dde\u4e5d\u5821\u5ba2\u8fd0\u4e2d\u5fc3\u5e97)", "order_time": ["2019-01-27 10:42:33"], "total_order": 1, "hotel_value": ["4.6"], "hotel_price": ["292"]}, "1919735": {"hotel_name": "\u676d\u5dde\u9131\u6e56\u5bbe\u9986", "order_time": ["2019-01-27 10:42:34"], "total_order": 1, "hotel_value": ["4.7"], "hotel_price": ["84"]}, "1607035": {"hotel_name": "\u6850\u5e90\u8fbe\u66fc\u9152\u5e97", "order_time": ["2019-01-27 10:42:41", "2019-01-27 11:00:38"], "total_order": 2, "hotel_value": ["4.7", "4.7"], "hotel_price": ["288", "288"]}, "24768246": {"hotel_name": "\u676d\u5dde\u672a\u6765\u79d1\u6280\u57ce\u6d77\u521b\u56ed\u4e9a\u6735\u9152\u5e97", "order_time": ["2019-01-27 10:44:26"], "total_order": 1, "hotel_value": ["4.8"], "hotel_price": ["422"]}, "890332": {"hotel_name": "\u4e94\u6d0b\u516c\u9986(\u676d\u5dde\u6cb3\u574a\u8857\u706b\u8f66\u57ce\u7ad9\u5e97)", "order_time": ["2019-01-27 10:44:27"], "total_order": 1, "hotel_value": ["4.6"], "hotel_price": ["168"]}, "1378661": {"hotel_name": "\u676d\u5dde\u9690\u9685\u9152\u5e97", "order_time": ["2019-01-27 10:44:27"], "total_order": 1, "hotel_value": ["4.6"], "hotel_price": ["189"]}, "1119859": {"hotel_name": "\u676d\u5dde\u6eaa\u4e0a\u4e91\u95f4\u5ea6\u5047\u9152\u5e97", "order_time": ["2019-01-27 10:44:27"], "total_order": 1, "hotel_value": ["5.0"], "hotel_price": ["756"]}, "427924": {"hotel_name": "\u5982\u5bb6\u5feb\u6377\u9152\u5e97(\u676d\u5dde\u6b66\u6797\u5e7f\u573a\u5730\u94c1\u7ad9\u5e97)", "order_time": ["2019-01-27 11:08:28", "2019-01-27 10:44:28"], "total_order": 2, "hotel_value": ["4.4", "4.4"], "hotel_price": ["144", "144"]}, "8670135": {"hotel_name": "\u9756\u6c5f\u5927\u9152\u5e97(\u676d\u5dde\u8427\u5c71\u673a\u573a\u5e97)", "order_time": ["2019-01-27 10:44:28"], "total_order": 1, "hotel_value": ["4.6"], "hotel_price": ["241"]}, "11910136": {"hotel_name": "\u671b\u666f\u9152\u5e97(\u676d\u5dde\u4e2d\u5927\u94f6\u6cf0\u6811\u5170\u5e97)", "order_time": ["2019-01-27 10:44:28"], "total_order": 1, "hotel_value": ["4.4"], "hotel_price": ["217"]}, "2303849": {"hotel_name": "7\u5929\u8fde\u9501\u9152\u5e97(\u676d\u5dde\u9ad8\u6c99\u5730\u94c1\u7ad9\u5e97)", "order_time": ["2019-01-27 10:44:29"], "total_order": 1, "hotel_value": ["4.4"], "hotel_price": ["112"]}, "1374100": {"hotel_name": "\u676d\u5dde\u6700\u5fc6\u57ce\u5e02\u9152\u5e97", "order_time": ["2019-01-27 10:52:28", "2019-01-27 11:18:28", "2019-01-27 10:44:29"], "total_order": 3, "hotel_value": ["3.9", "3.9", "3.9"], "hotel_price": ["168", "168", "168"]}, "445351": {"hotel_name": "\u676d\u5dde\u516d\u901a\u5bbe\u9986", "order_time": ["2019-01-27 10:44:29"], "total_order": 1, "hotel_value": ["4.9"], "hotel_price": ["1699"]}, "8558911": {"hotel_name": "\u676d\u5dde\u667a\u661f\u9752\u5e74\u65c5\u820d", "order_time": ["2019-01-27 10:44:31"], "total_order": 1, "hotel_value": ["4.6"], "hotel_price": ["45"]}, "1475970": {"hotel_name": "\u676d\u5dde\u4eb2\u4eb2\u5bb6\u56ed\u82ad\u4e50\u5feb\u6377\u9152\u5e97", "order_time": ["2019-01-27 10:44:31"], "total_order": 1, "hotel_value": ["4.1"], "hotel_price": ["97"]}, "8558928": {"hotel_name": "\u7a9d\u53cb\u9152\u5e97\u5f0f\u516c\u5bd3(\u676d\u5dde\u897f\u6eaa\u5e97)", "order_time": ["2019-01-27 10:44:32"], "total_order": 1, "hotel_value": ["4.4"], "hotel_price": ["183"]}, "8054493": {"hotel_name": "\u676d\u5dde\u9752\u68b5\u548c\u6eaa\u5c0f\u9662", "order_time": ["2019-01-27 10:44:32"], "total_order": 1, "hotel_value": ["4.7"], "hotel_price": ["377"]}, "13411951": {"hotel_name": "\u676d\u5dde\u5eb7\u5eb7\u8c37\u516c\u5bd3\u9152\u5e97", "order_time": ["2019-01-27 10:44:32"], "total_order": 1, "hotel_value": ["3.3"], "hotel_price": ["259"]}, "858415": {"hotel_name": "\u676d\u5dde\u897f\u6eaa\u82b1\u95f4\u5802", "order_time": ["2019-01-27 10:46:27"], "total_order": 1, "hotel_value": ["4.5"], "hotel_price": ["666"]}, "25805025": {"hotel_name": "\u9014\u5ba2\u00b7\u5c1a\u90bb\u9152\u5e97(\u676d\u5dde\u706b\u8f66\u4e1c\u7ad9\u5e97)", "order_time": ["2019-01-27 10:46:27"], "total_order": 1, "hotel_value": ["4.7"], "hotel_price": ["240"]}, "12091571": {"hotel_name": "\u676d\u5dde\u67da\u5b50\u6c11\u5bbf", "order_time": ["2019-01-27 10:46:27"], "total_order": 1, "hotel_value": ["4.6"], "hotel_price": ["195"]}, "6405946": {"hotel_name": "\u9526\u6c5f\u90fd\u57ce\u9152\u5e97(\u676d\u5dde\u706b\u8f66\u4e1c\u7ad9\u5e97)", "order_time": ["2019-01-27 10:46:28"], "total_order": 1, "hotel_value": ["4.7"], "hotel_price": ["334"]}, "517461": {"hotel_name": "\u676d\u5dde\u91d1\u9a6c\u56fd\u9645\u9152\u5e97", "order_time": ["2019-01-27 10:46:28"], "total_order": 1, "hotel_value": ["4.6"], "hotel_price": ["339"]}, "444021": {"hotel_name": "\u7ef4\u4e5f\u7eb3\u9152\u5e97(\u676d\u5dde\u8427\u5c71\u673a\u573a\u5e97)", "order_time": ["2019-01-27 10:58:27", "2019-01-27 11:02:27", "2019-01-27 10:46:29"], "total_order": 3, "hotel_value": ["4.8", "4.8", "4.8"], "hotel_price": ["276", "276", "276"]}, "1326656": {"hotel_name": "\u676d\u5dde\u4e00\u4f4f\u4e00\u5bbf\u5feb\u6377\u9152\u5e97", "order_time": ["2019-01-27 10:46:30", "2019-01-27 10:56:28", "2019-01-27 11:04:32"], "total_order": 3, "hotel_value": ["3.7", "3.7", "3.7"], "hotel_price": ["88", "88", "88"]}, "14248272": {"hotel_name": "\u5982\u5bb6\u7cbe\u9009(\u676d\u5dde\u56db\u5b63\u9752\u670d\u88c5\u5e02\u573a\u6e05\u6c5f\u8def\u5e97)", "order_time": ["2019-01-27 10:46:32"], "total_order": 1, "hotel_value": ["4.8"], "hotel_price": ["228"]}, "426638": {"hotel_name": "\u676d\u5dde\u7389\u7687\u5c71\u5e84", "order_time": ["2019-01-27 10:46:45"], "total_order": 1, "hotel_value": ["4.7"], "hotel_price": ["579"]}, "2372880": {"hotel_name": "\u4e34\u5b89\u6c34\u4e91\u95f4\u4e61\u6751\u5ba2\u6808", "order_time": ["2019-01-27 10:46:45"], "total_order": 1, "hotel_value": ["4.2"], "hotel_price": ["134"]}, "1709985": {"hotel_name": "\u676d\u5dde\u7231\u5561\u5c14\u5546\u52a1\u9152\u5e97", "order_time": ["2019-01-27 10:48:26"], "total_order": 1, "hotel_value": ["4.5"], "hotel_price": ["290"]}, "1217305": {"hotel_name": "\u4e94\u6d0b\u516c\u9986(\u676d\u5dde\u897f\u6e56\u5e97)", "order_time": ["2019-01-27 10:54:27", "2019-01-27 10:48:26", "2019-01-27 11:00:27"], "total_order": 3, "hotel_value": ["4.5", "4.5", "4.5"], "hotel_price": ["173", "173", "173"]}, "445479": {"hotel_name": "\u676d\u5dde\u534e\u4fa8\u996d\u5e97", "order_time": ["2019-01-27 10:48:26"], "total_order": 1, "hotel_value": ["4.2"], "hotel_price": ["319"]}, "532788": {"hotel_name": "\u7f57\u83b1\u590f\u6735\u00b7\u676d\u5dde\u6e56\u8fb9\u90a8\u9152\u5e97", "order_time": ["2019-01-27 10:48:26"], "total_order": 1, "hotel_value": ["4.7"], "hotel_price": ["1667"]}, "19868068": {"hotel_name": "\u6854\u5b50\u7cbe\u9009\u9152\u5e97(\u676d\u5dde\u9ec4\u9f99\u4f53\u80b2\u4e2d\u5fc3\u5e97)", "order_time": ["2019-01-27 10:48:26"], "total_order": 1, "hotel_value": ["4.7"], "hotel_price": ["270"]}, "6543591": {"hotel_name": "\u676d\u5dde\u805a\u745e\u5546\u52a1\u9152\u5e97", "order_time": ["2019-01-27 10:48:26"], "total_order": 1, "hotel_value": ["4.4"], "hotel_price": ["164"]}, "1343023": {"hotel_name": "\u901f8\u9152\u5e97(\u676d\u5dde\u5357\u5b8b\u5fa1\u8857\u5e97)", "order_time": ["2019-01-27 10:48:26"], "total_order": 1, "hotel_value": ["4.1"], "hotel_price": ["74"]}, "6110235": {"hotel_name": "\u676d\u5dde\u671b\u8fbe\u65af\u9752\u5e74\u65c5\u820d", "order_time": ["2019-01-27 10:48:26"], "total_order": 1, "hotel_value": ["4.7"], "hotel_price": ["45"]}, "1709339": {"hotel_name": "\u676d\u5dde\u5929\u5730\u4eba\u5927\u9152\u5e97", "order_time": ["2019-01-27 10:48:26"], "total_order": 1, "hotel_value": ["4.6"], "hotel_price": ["203"]}, "6305523": {"hotel_name": "\u676d\u5dde\u5170\u7d20\u6c11\u5bbf", "order_time": ["2019-01-27 10:48:26"], "total_order": 1, "hotel_value": ["4.9"], "hotel_price": ["224"]}, "24122623": {"hotel_name": "\u676d\u5dde\u4e2d\u8c6a\u56fd\u9645\u5927\u9152\u5e97", "order_time": ["2019-01-27 10:48:26"], "total_order": 1, "hotel_value": ["4.4"], "hotel_price": ["367"]}, "6107007": {"hotel_name": "\u676d\u5dde\u7687\u9038\u5ead\u9662\u9152\u5e97", "order_time": ["2019-01-27 10:52:26", "2019-01-27 10:48:26"], "total_order": 2, "hotel_value": ["4.6", "4.6"], "hotel_price": ["499", "499"]}, "1461982": {"hotel_name": "\u5982\u5bb6\u5feb\u6377\u9152\u5e97(\u676d\u5dde\u897f\u6e56\u89e3\u653e\u8def\u6e56\u6ee8\u94f6\u6cf0\u5e97)", "order_time": ["2019-01-27 10:48:27"], "total_order": 1, "hotel_value": ["4.3"], "hotel_price": ["132"]}, "1378526": {"hotel_name": "\u5982\u5bb6\u5feb\u6377\u9152\u5e97(\u676d\u5dde\u9ec4\u9f99\u7389\u53e4\u8def\u5e97)", "order_time": ["2019-01-27 10:48:27"], "total_order": 1, "hotel_value": ["4.4"], "hotel_price": ["114"]}, "1334657": {"hotel_name": "\u683c\u6797\u8c6a\u6cf0(\u676d\u5dde\u897f\u6e56\u96f7\u5cf0\u5854\u5e97)", "order_time": ["2019-01-27 10:48:27"], "total_order": 1, "hotel_value": ["4.1"], "hotel_price": ["180"]}, "425608": {"hotel_name": "\u676d\u5dde\u897f\u6eaa\u60a6\u693f\u5ea6\u5047\u9152\u5e97", "order_time": ["2019-01-27 10:48:27"], "total_order": 1, "hotel_value": ["4.5"], "hotel_price": ["818"]}, "4026151": {"hotel_name": "\u5982\u5bb6\u7cbe\u9009\u9152\u5e97(\u676d\u5dde\u897f\u6e56\u89e3\u653e\u8def\u5e97)", "order_time": ["2019-01-27 10:48:27"], "total_order": 1, "hotel_value": ["4.8"], "hotel_price": ["269"]}, "15084882": {"hotel_name": "Zsmart\u667a\u5c1a\u9152\u5e97(\u676d\u5dde\u6d59\u4e8c\u89e3\u653e\u8def\u5e97)", "order_time": ["2019-01-27 10:48:28"], "total_order": 1, "hotel_value": ["4.5"], "hotel_price": ["121"]}, "533748": {"hotel_name": "\u5982\u5bb6\u5feb\u6377\u9152\u5e97(\u676d\u5dde\u897f\u6e56\u79d1\u6280\u56ed\u4e09\u58a9\u632f\u534e\u8def\u5e97)", "order_time": ["2019-01-27 10:48:28"], "total_order": 1, "hotel_value": ["4.4"], "hotel_price": ["161"]}, "4545671": {"hotel_name": "\u676d\u5dde\u8717\u725b\u00b7\u540e\u575e\u5ba2\u6808", "order_time": ["2019-01-27 10:48:29"], "total_order": 1, "hotel_value": ["4.4"], "hotel_price": ["125"]}, "13658529": {"hotel_name": "\u676d\u5dde\u7f8e\u4f4f\u8fb0\u601d\u9152\u5e97", "order_time": ["2019-01-27 10:48:30"], "total_order": 1, "hotel_value": ["4.6"], "hotel_price": ["127"]}, "5728762": {"hotel_name": "\u7f8e\u9526\u4e2d\u798f\u7cbe\u54c1\u9152\u5e97(\u676d\u5dde\u897f\u6e56\u5e97)", "order_time": ["2019-01-27 10:48:30"], "total_order": 1, "hotel_value": ["4.4"], "hotel_price": ["139"]}, "1441134": {"hotel_name": "\u827a\u5de2\u7a7a\u95f4\u4e3b\u9898\u9152\u5e97(\u5efa\u5fb7\u65b0\u5b89\u8def\u5e97)", "order_time": ["2019-01-27 10:48:42"], "total_order": 1, "hotel_value": ["4.3"], "hotel_price": ["101"]}, "1569806": {"hotel_name": "\u5982\u5bb6\u5feb\u6377\u9152\u5e97(\u676d\u5dde\u897f\u6e56\u5e97)", "order_time": ["2019-01-27 10:50:26"], "total_order": 1, "hotel_value": ["4.6"], "hotel_price": ["153"]}, "2175332": {"hotel_name": "\u676d\u5dde\u4f73\u4e4b\u88d5\u9152\u5e97", "order_time": ["2019-01-27 10:50:26"], "total_order": 1, "hotel_value": ["4.5"], "hotel_price": ["179"]}, "19626880": {"hotel_name": "\u676d\u5dde\u9038\u6797\u9152\u5e97", "order_time": ["2019-01-27 10:50:27"], "total_order": 1, "hotel_value": ["4.6"], "hotel_price": ["260"]}, "6270929": {"hotel_name": "\u6021\u83b1\u7cbe\u54c1\u9152\u5e97(\u676d\u5dde\u6c5f\u5357\u5927\u9053\u94b1\u5858\u6c5f\u5927\u6865\u5e97)", "order_time": ["2019-01-27 10:50:27"], "total_order": 1, "hotel_value": ["4.3"], "hotel_price": ["227"]}, "26887319": {"hotel_name": "\u676d\u5dde\u4e34\u5e73\u7406\u60f3\u94f6\u6cf0\u57ce\u6296\u820d\u9152\u5e97", "order_time": ["2019-01-27 10:50:28"], "total_order": 1, "hotel_value": ["4.8"], "hotel_price": ["230"]}, "542732": {"hotel_name": "\u4e14\u5ba2\u9152\u5e97\u5f0f\u516c\u5bd3(\u676d\u5dde\u661f\u5149\u5927\u9053\u5e97)", "order_time": ["2019-01-27 10:50:30"], "total_order": 1, "hotel_value": ["4.3"], "hotel_price": ["219"]}, "21129052": {"hotel_name": "\u676d\u5dde\u96c5\u6cca\u9152\u5e97", "order_time": ["2019-01-27 10:50:30"], "total_order": 1, "hotel_value": ["4.7"], "hotel_price": ["262"]}, "1768953": {"hotel_name": "\u676d\u5dde\u6c83\u5c45\u5feb\u6377\u9152\u5e97", "order_time": ["2019-01-27 10:50:32"], "total_order": 1, "hotel_value": ["4.0"], "hotel_price": ["75"]}, "1408402": {"hotel_name": "\u4e34\u5b89\u5927\u660e\u5c71\u91ce\u5473\u697c", "order_time": ["2019-01-27 10:50:38"], "total_order": 1, "hotel_value": ["4.9"], "hotel_price": ["282"]}, "1434281": {"hotel_name": "\u5047\u65e5\u4e4b\u661f\u9152\u5e97(\u676d\u5dde\u8f6c\u5858\u7f8e\u9662\u5e97)(\u539f\u4e4b\u6c5f\u5e97)", "order_time": ["2019-01-27 11:04:31", "2019-01-27 10:52:26"], "total_order": 2, "hotel_value": ["4.3", "4.3"], "hotel_price": ["197", "197"]}, "8904186": {"hotel_name": "\u67cf\u8bd7\u9152\u5e97(\u676d\u5dde501\u57ce\u5e02\u5e7f\u573a\u5e97)", "order_time": ["2019-01-27 10:52:26"], "total_order": 1, "hotel_value": ["4.6"], "hotel_price": ["272"]}, "8194094": {"hotel_name": "\u683c\u96f7\u65af\u7cbe\u9009\u9152\u5e97(\u676d\u5dde\u897f\u6eaa\u5e97)", "order_time": ["2019-01-27 10:52:26"], "total_order": 1, "hotel_value": ["4.8"], "hotel_price": ["312"]}, "5379441": {"hotel_name": "\u676d\u5dde\u5723\u5ef7\u9152\u5e97", "order_time": ["2019-01-27 10:52:27"], "total_order": 1, "hotel_value": ["4.2"], "hotel_price": ["193"]}, "848712": {"hotel_name": "\u5982\u5bb6\u5feb\u6377\u9152\u5e97\uff08\u676d\u5dde\u6587\u4e8c\u8def\u5b66\u9662\u8def\u5730\u94c1\u7ad9\u5e97\uff09", "order_time": ["2019-01-27 10:52:27"], "total_order": 1, "hotel_value": ["4.5"], "hotel_price": ["135"]}, "1708243": {"hotel_name": "\u676d\u5dde\u6f2b\u7eaf\u56fd\u9645\u9152\u5e97", "order_time": ["2019-01-27 10:52:28"], "total_order": 1, "hotel_value": ["4.7"], "hotel_price": ["230"]}, "1071699": {"hotel_name": "\u5e03\u4e01\u9152\u5e97(\u676d\u5dde\u5929\u76ee\u5c71\u8def\u9ec4\u9f99\u5e97)", "order_time": ["2019-01-27 10:52:28"], "total_order": 1, "hotel_value": ["4.1"], "hotel_price": ["95"]}, "1216584": {"hotel_name": "\u676d\u5dde\u6606\u9f99\u5ea6\u5047\u6751", "order_time": ["2019-01-27 10:52:29"], "total_order": 1, "hotel_value": ["4.1"], "hotel_price": ["264"]}, "1007105": {"hotel_name": "YHOTEL-\u676d\u5dde\u9752\u5e74\u4f1a\u9752\u5e74\u65c5\u820d", "order_time": ["2019-01-27 10:52:29"], "total_order": 1, "hotel_value": ["4.2"], "hotel_price": ["45"]}, "5380027": {"hotel_name": "\u676d\u5dde\u8427\u5c71\u6210\u745e\u5546\u52a1\u9152\u5e97", "order_time": ["2019-01-27 10:52:29"], "total_order": 1, "hotel_value": ["4.4"], "hotel_price": ["94"]}, "5246731": {"hotel_name": "\u676d\u5dde\u94f6\u5e06\u5927\u9152\u5e97", "order_time": ["2019-01-27 10:52:29"], "total_order": 1, "hotel_value": ["3.8"], "hotel_price": ["125"]}, "1288289": {"hotel_name": "\u676d\u5dde\u89c2\u6e56\u5047\u65e5\u9152\u5e97", "order_time": ["2019-01-27 10:52:30"], "total_order": 1, "hotel_value": ["4.3"], "hotel_price": ["108"]}, "2889342": {"hotel_name": "\u676d\u5dde\u4f17\u8f69\u5047\u65e5\u9152\u5e97", "order_time": ["2019-01-27 10:52:30"], "total_order": 1, "hotel_value": ["4.2"], "hotel_price": ["167"]}, "24455134": {"hotel_name": "\u60528\u8fde\u9501\u9152\u5e97(\u676d\u5dde\u4e34\u5e73\u5f71\u57ce\u94f6\u6cf0\u5e97)", "order_time": ["2019-01-27 10:52:30"], "total_order": 1, "hotel_value": ["4.8"], "hotel_price": ["113"]}, "2086858": {"hotel_name": "\u676d\u5dde\u8d2f\u9e9f\u5047\u65e5\u9152\u5e97", "order_time": ["2019-01-27 10:52:30"], "total_order": 1, "hotel_value": ["4.1"], "hotel_price": ["133"]}, "4690412": {"hotel_name": "\u5979\u8bf4\u7cbe\u54c1\u6c11\u5bbf(\u676d\u5dde\u897f\u6e56\u5e97)", "order_time": ["2019-01-27 10:52:31"], "total_order": 1, "hotel_value": ["4.4"], "hotel_price": ["164"]}, "532341": {"hotel_name": "\u5343\u5c9b\u6e56\u6885\u5730\u4e9a\u541b\u6f9c\u5ea6\u5047\u9152\u5e97", "order_time": ["2019-01-27 10:52:37"], "total_order": 1, "hotel_value": ["4.8"], "hotel_price": ["488"]}, "1082339": {"hotel_name": "\u4e34\u5b89\u5929\u76ee\u5c71\u6c34\u82d1", "order_time": ["2019-01-27 10:52:38"], "total_order": 1, "hotel_value": ["4.4"], "hotel_price": ["145"]}, "438261": {"hotel_name": "\u7ef4\u4e5f\u7eb3\u56fd\u9645\u9152\u5e97(\u676d\u5dde\u6b66\u6797\u5e7f\u573a\u5e97)", "order_time": ["2019-01-27 10:54:27"], "total_order": 1, "hotel_value": ["4.8"], "hotel_price": ["236"]}, "816763": {"hotel_name": "\u548c\u9890\u81f3\u683c\u9152\u5e97(\u676d\u5dde\u706b\u8f66\u4e1c\u7ad9\u897f\u5e7f\u573a\u5e97)", "order_time": ["2019-01-27 10:54:27"], "total_order": 1, "hotel_value": ["4.6"], "hotel_price": ["279"]}, "3292058": {"hotel_name": "\u534e\u91cc\u9152\u5e97(\u676d\u5dde\u897f\u6eaa\u6e7f\u5730\u5e97)", "order_time": ["2019-01-27 10:54:27"], "total_order": 1, "hotel_value": ["4.5"], "hotel_price": ["418"]}, "1702248": {"hotel_name": "\u6d59\u6c5f\u91d1\u90fd\u5bbe\u9986", "order_time": ["2019-01-27 10:54:27"], "total_order": 1, "hotel_value": ["4.5"], "hotel_price": ["318"]}, "445197": {"hotel_name": "\u676d\u5dde\u8427\u5c71\u56fd\u9645\u673a\u573a\u8776\u6765\u5927\u9152\u5e97(\u539f\u6d59\u65c5\u5927\u9152\u5e97)", "order_time": ["2019-01-27 10:54:27"], "total_order": 1, "hotel_value": ["4.8"], "hotel_price": ["613"]}, "21826634": {"hotel_name": "\u5982\u5bb6\u9152\u5e97(\u676d\u5dde\u5e73\u6d77\u897f\u6e56\u9f99\u7fd4\u6865\u5e97)", "order_time": ["2019-01-27 10:54:28"], "total_order": 1, "hotel_value": ["4.2"], "hotel_price": ["161"]}, "469216": {"hotel_name": "\u5168\u5b63\u9152\u5e97(\u676d\u5dde\u6b66\u6797\u5e7f\u573a\u5317\u5e97)", "order_time": ["2019-01-27 10:54:28"], "total_order": 1, "hotel_value": ["4.9"], "hotel_price": ["275"]}, "1352847": {"hotel_name": "\u7384\u9f99\u9152\u5e97\u5f0f\u516c\u5bd3(\u676d\u5dde\u6ee8\u6c5f\u661f\u5149\u5927\u9053\u5e97)", "order_time": ["2019-01-27 10:54:29", "2019-01-27 11:20:29"], "total_order": 2, "hotel_value": ["3.9", "3.9"], "hotel_price": ["150", "150"]}, "2992337": {"hotel_name": "\u676d\u5dde\u8bd7\u60a6\u9601\u897f\u5b50\u56fd\u9645\u516c\u5bd3", "order_time": ["2019-01-27 10:54:29"], "total_order": 1, "hotel_value": ["4.5"], "hotel_price": ["237"]}, "697551": {"hotel_name": "\u6c49\u5ead\u9152\u5e97(\u676d\u5dde\u6c7d\u8f66\u5317\u7ad9\u5e97)", "order_time": ["2019-01-27 11:16:31", "2019-01-27 10:54:30"], "total_order": 2, "hotel_value": ["4.2", "4.2"], "hotel_price": ["123", "123"]}, "3266418": {"hotel_name": "\u676d\u5dde\u6cf0\u8bda\u5927\u9152\u5e97", "order_time": ["2019-01-27 10:54:31"], "total_order": 1, "hotel_value": ["4.1"], "hotel_price": ["103"]}, "1185422": {"hotel_name": "\u676d\u5dde\u7b11\u7b11\u9752\u5e74\u65c5\u793e", "order_time": ["2019-01-27 10:54:32"], "total_order": 1, "hotel_value": ["4.5"], "hotel_price": ["48"]}, "435449": {"hotel_name": "\u6d59\u6c5f\u4e16\u8d38\u541b\u6f9c\u5927\u996d\u5e97", "order_time": ["2019-01-27 10:56:26"], "total_order": 1, "hotel_value": ["4.8"], "hotel_price": ["708"]}, "25694708": {"hotel_name": "\u5965\u5170\u57ce\u5b63\u9152\u5e97(\u676d\u5dde\u4e34\u5e73\u94f6\u6cf0\u57ce\u5e97)(\u539f\u4e16\u7eaa\u5927\u9053\u5e97)", "order_time": ["2019-01-27 10:56:27"], "total_order": 1, "hotel_value": ["4.9"], "hotel_price": ["220"]}, "1640009": {"hotel_name": "\u9526\u6c5f\u4e4b\u661f\u54c1\u5c1a(\u676d\u5dde\u897f\u6e56\u5927\u9053\u5357\u5b8b\u5fa1\u8857\u5e97)", "order_time": ["2019-01-27 10:56:27"], "total_order": 1, "hotel_value": ["4.5"], "hotel_price": ["140"]}, "6112917": {"hotel_name": "\u676d\u5dde\u548c\u987a\u65b0\u4e9a\u6d32\u7f8e\u5b66\u7cbe\u54c1\u9152\u5e97", "order_time": ["2019-01-27 10:56:28"], "total_order": 1, "hotel_value": ["4.7"], "hotel_price": ["292"]}, "6863870": {"hotel_name": "\u676d\u5dde\u69b4\u83b2e\u5bb6\u9152\u5e97", "order_time": ["2019-01-27 10:56:29"], "total_order": 1, "hotel_value": ["4.4"], "hotel_price": ["153"]}, "1769693": {"hotel_name": "\u901f8\u9152\u5e97(\u676d\u5dde\u4eb2\u4eb2\u5bb6\u56ed\u5e97)", "order_time": ["2019-01-27 10:56:29"], "total_order": 1, "hotel_value": ["3.3"], "hotel_price": ["151"]}, "17589640": {"hotel_name": "\u676d\u5dde\u9f13\u97f5\u56fd\u9645\u9752\u5e74\u65c5\u820d\u897f\u6e56\u7075\u9690\u5bfa\u5e97", "order_time": ["2019-01-27 10:56:30"], "total_order": 1, "hotel_value": ["4.7"], "hotel_price": ["48"]}, "1353517": {"hotel_name": "\u676d\u5dde\u9e4f\u8fdc\u9152\u5e97\u5ba2\u623f", "order_time": ["2019-01-27 10:56:33"], "total_order": 1, "hotel_value": ["3.6"], "hotel_price": ["103"]}, "10900614": {"hotel_name": "\u5343\u5c9b\u6e56\u4edf\u964c\u95f4\u00b7\u8f7b\u5962\u5ea6\u5047\u9152\u5e97", "order_time": ["2019-01-27 10:56:36"], "total_order": 1, "hotel_value": ["4.9"], "hotel_price": ["499"]}, "428489": {"hotel_name": "\u65af\u7ef4\u767b\u00b7\u7cbe\u54c1\u5ea6\u5047\u6751(\u5343\u5c9b\u6e56\u7fe1\u7fe0\u5c9b\u5e97)", "order_time": ["2019-01-27 10:56:36"], "total_order": 1, "hotel_value": ["4.8"], "hotel_price": ["2178"]}, "6435282": {"hotel_name": "\u5168\u5b63\u9152\u5e97(\u5343\u5c9b\u6e56\u666f\u533a\u5e97)", "order_time": ["2019-01-27 10:56:36"], "total_order": 1, "hotel_value": ["4.8"], "hotel_price": ["199"]}, "6122930": {"hotel_name": "\u9a7f\u6377\u5ea6\u5047\u8fde\u9501\u9152\u5e97\u4e34\u5b89\u5927\u660e\u5c71\u5e97", "order_time": ["2019-01-27 10:56:36"], "total_order": 1, "hotel_value": ["4.5"], "hotel_price": ["272"]}, "8606057": {"hotel_name": "\u6df3\u5b89\u53bf\u5343\u5c9b\u6e56\u4e00\u7ebf\u6e56\u666f\u5ea6\u5047\u516c\u5bd3", "order_time": ["2019-01-27 10:56:37"], "total_order": 1, "hotel_value": ["4.8"], "hotel_price": ["133"]}, "1061052": {"hotel_name": "\u6c49\u5ead\u9152\u5e97(\u676d\u5dde\u706b\u8f66\u4e1c\u7ad9\u5e97)", "order_time": ["2019-01-27 10:58:26"], "total_order": 1, "hotel_value": ["4.2"], "hotel_price": ["199"]}, "441253": {"hotel_name": "\u676d\u5dde\u897f\u6eaa\u5bbe\u9986", "order_time": ["2019-01-27 10:58:26"], "total_order": 1, "hotel_value": ["4.7"], "hotel_price": ["788"]}, "11155180": {"hotel_name": "\u9526\u6c5f\u90fd\u57ce(\u676d\u5dde\u9ec4\u9f99\u4f53\u80b2\u4e2d\u5fc3\u6587\u4e09\u8def\u5e97)", "order_time": ["2019-01-27 10:58:26"], "total_order": 1, "hotel_value": ["4.8"], "hotel_price": ["399"]}, "9214167": {"hotel_name": "\u676d\u5dde\u4e50\u5bb6\u6d77\u8fd0\u56fd\u9645\u516c\u5bd3\u9152\u5e97", "order_time": ["2019-01-27 10:58:26"], "total_order": 1, "hotel_value": ["4.9"], "hotel_price": ["191"]}, "666972": {"hotel_name": "\u901f8\u9152\u5e97(\u676d\u5dde\u8427\u5c71\u56fd\u9645\u673a\u573a\u5e97)", "order_time": ["2019-01-27 10:58:26"], "total_order": 1, "hotel_value": ["4.2"], "hotel_price": ["143"]}, "5975316": {"hotel_name": "\u676d\u5dde\u9ea6\u5c16\u9752\u5e74\u6587\u827a\u9152\u5e97", "order_time": ["2019-01-27 10:58:27"], "total_order": 1, "hotel_value": ["4.7"], "hotel_price": ["376"]}, "847346": {"hotel_name": "\u5409\u6cf0\u7cbe\u54c1\u8fde\u9501\u9152\u5e97(\u676d\u5dde\u706b\u8f66\u4e1c\u7ad9\u5e97)(\u539f\u826e\u5c71\u897f\u8def\u6d59\u6c5f\u5927\u5b66\u5e97)", "order_time": ["2019-01-27 10:58:27"], "total_order": 1, "hotel_value": ["4.6"], "hotel_price": ["254"]}, "1067202": {"hotel_name": "\u65b0\u5b87\u9152\u5e97(\u676d\u5dde\u534e\u5bb6\u6c60\u5e97)", "order_time": ["2019-01-27 10:58:27"], "total_order": 1, "hotel_value": ["4.4"], "hotel_price": ["123"]}, "1430706": {"hotel_name": "\u676d\u5dde\u4e1c\u65b9\u5bd3\u820d\u00b7\u9ec4\u9f99\u996d\u5e97", "order_time": ["2019-01-27 10:58:27"], "total_order": 1, "hotel_value": ["4.6"], "hotel_price": ["689"]}, "19588832": {"hotel_name": "\u676d\u5dde\u9752\u84b2\u9152\u5e97\u516c\u5bd3", "order_time": ["2019-01-27 10:58:27"], "total_order": 1, "hotel_value": ["4.5"], "hotel_price": ["168"]}, "11509223": {"hotel_name": "\u676d\u5dde\u5168\u60a6\u827a\u672f\u9152\u5e97", "order_time": ["2019-01-27 10:58:28"], "total_order": 1, "hotel_value": ["4.6"], "hotel_price": ["250"]}, "1616893": {"hotel_name": "\u676d\u5dde\u96c5\u5ead\u7cbe\u54c1\u9152\u5e97", "order_time": ["2019-01-27 10:58:28"], "total_order": 1, "hotel_value": ["4.3"], "hotel_price": ["259"]}, "1740423": {"hotel_name": "\u6c49\u9a6c\u7cbe\u54c1\u9152\u5e97(\u676d\u5dde\u5927\u5173\u6c34\u6676\u57ce\u5e97)(\u539f\u5927\u5173\u65d7\u8230\u5e97)", "order_time": ["2019-01-27 10:58:28"], "total_order": 1, "hotel_value": ["4.0"], "hotel_price": ["162"]}, "9217184": {"hotel_name": "\u7d2b\u4e4b\u9152\u5e97(\u676d\u5dde\u5b8b\u57ce\u7f8e\u9662\u5e97)", "order_time": ["2019-01-27 10:58:28"], "total_order": 1, "hotel_value": ["4.4"], "hotel_price": ["204"]}, "4035129": {"hotel_name": "\u6d77\u53cb\u826f\u54c1\u9152\u5e97(\u676d\u5dde\u57ce\u7ad9\u5e97)", "order_time": ["2019-01-27 10:58:29"], "total_order": 1, "hotel_value": ["4.5"], "hotel_price": ["125"]}, "697756": {"hotel_name": "\u6c49\u5ead\u9152\u5e97(\u676d\u5dde\u6587\u65b0\u5730\u94c1\u7ad9\u5e97)", "order_time": ["2019-01-27 10:58:29"], "total_order": 1, "hotel_value": ["4.3"], "hotel_price": ["151"]}, "6490488": {"hotel_name": "\u676d\u5dde\u4e91\u6811\u9152\u5e97", "order_time": ["2019-01-27 10:58:29"], "total_order": 1, "hotel_value": ["4.6"], "hotel_price": ["611"]}, "816288": {"hotel_name": "\u676d\u5dde\u91d1\u8000\u5bbe\u9986", "order_time": ["2019-01-27 10:58:35"], "total_order": 1, "hotel_value": ["4.6"], "hotel_price": ["93"]}, "5930966": {"hotel_name": "\u5927\u536b\u9152\u5e97\u5f0f\u516c\u5bd3(\u6850\u5e90\u5229\u65f6\u767e\u8d27\u5e97)(\u539f\u83b9\u5149\u9152\u5e97\u5f0f\u516c\u5bd3)", "order_time": ["2019-01-27 10:58:37"], "total_order": 1, "hotel_value": ["4.5"], "hotel_price": ["173"]}, "5515002": {"hotel_name": "\u5343\u5c9b\u6e56\u5f00\u5143\u66fc\u5c45\u9152\u5e97", "order_time": ["2019-01-27 10:58:38"], "total_order": 1, "hotel_value": ["4.8"], "hotel_price": ["232"]}, "8602333": {"hotel_name": "\u676d\u5dde\u8fc8\u6602\u9152\u5e97\u6d59\u5927\u7d2b\u91d1\u6e2f\u5e97", "order_time": ["2019-01-27 11:00:27"], "total_order": 1, "hotel_value": ["4.2"], "hotel_price": ["94"]}, "968489": {"hotel_name": "\u6c49\u5ead\u9152\u5e97(\u676d\u5dde\u6b66\u6797\u5e7f\u573a\u5e97)", "order_time": ["2019-01-27 11:00:27"], "total_order": 1, "hotel_value": ["4.6"], "hotel_price": ["161"]}, "2313472": {"hotel_name": "\u5168\u5b63\u9152\u5e97(\u676d\u5dde\u4e0b\u6c99\u7ecf\u6d4e\u5f00\u53d1\u533a\u5e97)", "order_time": ["2019-01-27 11:00:27"], "total_order": 1, "hotel_value": ["4.8"], "hotel_price": ["256"]}, "369775": {"hotel_name": "\u676d\u5dde\u9999\u683c\u91cc\u62c9\u996d\u5e97", "order_time": ["2019-01-27 11:00:27"], "total_order": 1, "hotel_value": ["4.5"], "hotel_price": ["761"]}, "433712": {"hotel_name": "\u4e94\u6d0b\u5ba2\u6808(\u676d\u5dde\u5357\u5b8b\u5fa1\u8857\u5e97)", "order_time": ["2019-01-27 11:00:27"], "total_order": 1, "hotel_value": ["4.6"], "hotel_price": ["143"]}, "987432": {"hotel_name": "\u5b9c\u5fc5\u601d\u9152\u5e97(\u676d\u5dde\u897f\u6e56\u5e86\u6625\u8def\u5e97)", "order_time": ["2019-01-27 11:00:28"], "total_order": 1, "hotel_value": ["4.5"], "hotel_price": ["237"]}, "839544": {"hotel_name": "\u676d\u5dde\u96f7\u8fea\u68ee\u94c2\u4e3d\u5927\u996d\u5e97", "order_time": ["2019-01-27 11:00:28"], "total_order": 1, "hotel_value": ["4.9"], "hotel_price": ["718"]}, "1580694": {"hotel_name": "\u5982\u5bb6\u5feb\u6377\u9152\u5e97(\u676d\u5dde\u83ab\u5e72\u5c71\u8def\u7f8e\u90fd\u5e7f\u573a\u5e97)", "order_time": ["2019-01-27 11:00:28"], "total_order": 1, "hotel_value": ["4.4"], "hotel_price": ["107"]}, "12408268": {"hotel_name": "\u676d\u5dde\u65e7\u9605\u96c6\u5ba2\u6808", "order_time": ["2019-01-27 11:00:29"], "total_order": 1, "hotel_value": ["4.9"], "hotel_price": ["322"]}, "1768939": {"hotel_name": "\u676d\u5dde\u559c\u5f97\u5b9d\u5927\u9152\u5e97", "order_time": ["2019-01-27 11:00:30"], "total_order": 1, "hotel_value": ["3.4"], "hotel_price": ["137"]}, "1678976": {"hotel_name": "\u676d\u5dde\u5927\u8317\u6f1f\u5546\u52a1\u9152\u5e97", "order_time": ["2019-01-27 11:00:31"], "total_order": 1, "hotel_value": ["4.3"], "hotel_price": ["138"]}, "18067453": {"hotel_name": "\u676d\u5dde\u805a\u9f99\u9152\u5e97", "order_time": ["2019-01-27 11:00:31"], "total_order": 1, "hotel_value": ["4.5"], "hotel_price": ["182"]}, "6541413": {"hotel_name": "\u6850\u5e90\u676d\u9756\u96c5\u5c45", "order_time": ["2019-01-27 11:00:39"], "total_order": 1, "hotel_value": ["4.9"], "hotel_price": ["91"]}, "2257936": {"hotel_name": "\u4e34\u5b89\u4e0a\u519c\u5bb6\u2022\u4eb2\u6c34\u5ba2\u6808", "order_time": ["2019-01-27 11:00:41"], "total_order": 1, "hotel_value": ["4.7"], "hotel_price": ["115"]}, "1273467": {"hotel_name": "\u676d\u5dde\u838e\u739b\u548c\u8fbe\u670d\u52a1\u5f0f\u516c\u5bd3", "order_time": ["2019-01-27 11:02:27", "2019-01-27 11:08:28"], "total_order": 2, "hotel_value": ["4.8", "4.8"], "hotel_price": ["508", "508"]}, "5519175": {"hotel_name": "\u5168\u5b63\u9152\u5e97(\u676d\u5dde\u897f\u6eaa\u5e97)", "order_time": ["2019-01-27 11:02:27"], "total_order": 1, "hotel_value": ["4.8"], "hotel_price": ["288"]}, "10230015": {"hotel_name": "\u4e91\u6c49\u9152\u5e97(\u676d\u5dde\u4eba\u6c11\u5e7f\u573a\u5730\u94c1\u7ad9\u5e97)", "order_time": ["2019-01-27 11:02:28"], "total_order": 1, "hotel_value": ["4.6"], "hotel_price": ["202"]}, "5175773": {"hotel_name": "\u9886\u519b\u9152\u5e97\u516c\u5bd3(\u676d\u5dde\u4e07\u8c61\u57ce\u5e97)", "order_time": ["2019-01-27 11:20:29", "2019-01-27 11:02:28"], "total_order": 2, "hotel_value": ["4.7", "4.7"], "hotel_price": ["362", "362"]}, "5384845": {"hotel_name": "\u676d\u5dde\u4f55\u6770\u9152\u5e97", "order_time": ["2019-01-27 11:14:29", "2019-01-27 11:02:28", "2019-01-27 11:08:29"], "total_order": 3, "hotel_value": ["4.4", "4.4", "4.4"], "hotel_price": ["149", "149", "149"]}, "1640671": {"hotel_name": "\u6d59\u6c5f\u5927\u5b66\u5706\u6b63\u00b7\u795e\u519c\u5bbe\u9986", "order_time": ["2019-01-27 11:02:28"], "total_order": 1, "hotel_value": ["4.5"], "hotel_price": ["173"]}, "1349076": {"hotel_name": "\u676d\u5dde\u7a7a\u6e2f\u5929\u73b2\u5ba2\u623f", "order_time": ["2019-01-27 11:02:28"], "total_order": 1, "hotel_value": ["3.4"], "hotel_price": ["112"]}, "435356": {"hotel_name": "\u5343\u5c9b\u6e56\u6e29\u99a8\u5c9b\u8776\u6765\u6e56\u666f\u5ea6\u5047\u9152\u5e97(\u539f\u6d59\u65c5\u5ea6\u5047\u9152\u5e97)", "order_time": ["2019-01-27 11:02:36"], "total_order": 1, "hotel_value": ["4.8"], "hotel_price": ["356"]}, "896740": {"hotel_name": "\u5343\u5c9b\u6e56\u534e\u5ead\u9152\u5e97", "order_time": ["2019-01-27 11:02:38"], "total_order": 1, "hotel_value": ["4.2"], "hotel_price": ["79"]}, "5419431": {"hotel_name": "\u548c\u9890\u9152\u5e97(\u676d\u5dde\u706b\u8f66\u4e1c\u7ad9\u4e1c\u5e7f\u573a\u5e97)", "order_time": ["2019-01-27 11:04:30"], "total_order": 1, "hotel_value": ["4.7"], "hotel_price": ["269"]}, "1471978": {"hotel_name": "\u83ab\u6cf0168(\u676d\u5dde\u897f\u6e56\u89e3\u653e\u8def\u5e97)", "order_time": ["2019-01-27 11:04:31"], "total_order": 1, "hotel_value": ["4.4"], "hotel_price": ["113"]}, "1380303": {"hotel_name": "\u5982\u5bb6\u5feb\u6377\u9152\u5e97(\u676d\u5dde\u5efa\u56fd\u5357\u8def\u6cb3\u574a\u8857\u5e97)", "order_time": ["2019-01-27 11:12:29", "2019-01-27 11:04:31"], "total_order": 2, "hotel_value": ["4.5", "4.5"], "hotel_price": ["113", "113"]}, "25740035": {"hotel_name": "\u676d\u5dde\u53f6\u5b50\u65f6\u5149\u827a\u672f\u9152\u5e97", "order_time": ["2019-01-27 11:04:31"], "total_order": 1, "hotel_value": ["4.9"], "hotel_price": ["222"]}, "1612319": {"hotel_name": "\u6d59\u6c5f\u5e86\u534e\u996d\u5e97", "order_time": ["2019-01-27 11:04:32"], "total_order": 1, "hotel_value": ["4.7"], "hotel_price": ["368"]}, "1569815": {"hotel_name": "\u5982\u5bb6\u5feb\u6377\u9152\u5e97(\u676d\u5dde\u6c88\u534a\u8def\u5317\u666f\u56ed\u5e97)", "order_time": ["2019-01-27 11:04:32"], "total_order": 1, "hotel_value": ["4.4"], "hotel_price": ["113"]}, "1727981": {"hotel_name": "\u676d\u5dde\u8427\u5c71\u534e\u8363\u5546\u65c5\u9152\u5e97", "order_time": ["2019-01-27 11:04:32"], "total_order": 1, "hotel_value": ["4.3"], "hotel_price": ["174"]}, "2644410": {"hotel_name": "\u676d\u5dde\u5c1a\u5b87\u9152\u5e97", "order_time": ["2019-01-27 11:04:34"], "total_order": 1, "hotel_value": ["4.4"], "hotel_price": ["134"]}, "6935045": {"hotel_name": "\u676d\u5ddeLAB\u57ce\u5e02\u82b1\u56ed\u9152\u5e97", "order_time": ["2019-01-27 11:04:34"], "total_order": 1, "hotel_value": ["4.9"], "hotel_price": ["259"]}, "23855223": {"hotel_name": "\u541b\u8d38\u9152\u5e97\u5f0f\u516c\u5bd3(\u676d\u5dde\u91d1\u6c99\u6e56\u5e97)", "order_time": ["2019-01-27 11:06:27"], "total_order": 1, "hotel_value": ["4.8"], "hotel_price": ["279"]}, "445494": {"hotel_name": "\u676d\u5dde\u548c\u4e3d\u7cbe\u54c1\u9152\u5e97", "order_time": ["2019-01-27 11:06:27"], "total_order": 1, "hotel_value": ["4.4"], "hotel_price": ["193"]}, "848702": {"hotel_name": "\u5982\u5bb6\u5feb\u6377\u9152\u5e97(\u676d\u5dde\u897f\u6e56\u9ec4\u9f99\u65c5\u6e38\u96c6\u6563\u4e2d\u5fc3\u5e97)", "order_time": ["2019-01-27 11:06:27"], "total_order": 1, "hotel_value": ["4.3"], "hotel_price": ["144"]}, "12132893": {"hotel_name": "\u6854\u5b50\u7cbe\u9009(\u676d\u5dde\u6ee8\u6c5f\u5927\u5b66\u57ce\u5e97)", "order_time": ["2019-01-27 11:06:27"], "total_order": 1, "hotel_value": ["4.8"], "hotel_price": ["252"]}, "6512979": {"hotel_name": "\u676d\u5dde\u82f1\u51a0\u6e29\u5fb7\u59c6\u9152\u5e97", "order_time": ["2019-01-27 11:06:28"], "total_order": 1, "hotel_value": ["4.7"], "hotel_price": ["567"]}, "446938": {"hotel_name": "\u676d\u5dde\u7389\u6cc9\u996d\u5e97", "order_time": ["2019-01-27 11:06:28"], "total_order": 1, "hotel_value": ["4.4"], "hotel_price": ["217"]}, "662429": {"hotel_name": "\u5168\u5b63\u9152\u5e97(\u676d\u5dde\u661f\u5149\u5927\u9053\u5e97)", "order_time": ["2019-01-27 11:06:28"], "total_order": 1, "hotel_value": ["4.8"], "hotel_price": ["307"]}, "1640028": {"hotel_name": "\u6c49\u5ead\u9152\u5e97(\u676d\u5dde\u706b\u8f66\u4e1c\u7ad9\u897f\u5e7f\u573a\u5e97)", "order_time": ["2019-01-27 11:06:28", "2019-01-27 11:14:29"], "total_order": 2, "hotel_value": ["4.5", "4.5"], "hotel_price": ["227", "227"]}, "6112145": {"hotel_name": "\u5168\u5b63\u9152\u5e97(\u676d\u5dde\u94b1\u6c5f\u65b0\u57ce\u5e97)", "order_time": ["2019-01-27 11:06:28"], "total_order": 1, "hotel_value": ["4.8"], "hotel_price": ["351"]}, "6435823": {"hotel_name": "\u676d\u5dde\u4e1c\u8fd0\u7cbe\u54c1\u9152\u5e97", "order_time": ["2019-01-27 11:06:28"], "total_order": 1, "hotel_value": ["4.2"], "hotel_price": ["143"]}, "1434348": {"hotel_name": "\u9a7f\u8fbe\u7cbe\u54c1\u9152\u5e97", "order_time": ["2019-01-27 11:06:29"], "total_order": 1, "hotel_value": ["3.7"], "hotel_price": ["138"]}, "1061856": {"hotel_name": "\u676d\u5dde\u6728\u5170\u9053\u9752\u5e74\u65c5\u820d", "order_time": ["2019-01-27 11:06:30"], "total_order": 1, "hotel_value": ["4.4"], "hotel_price": ["36"]}, "1071704": {"hotel_name": "\u5e03\u4e01\u9152\u5e97(\u676d\u5dde\u5b66\u9662\u8def\u5730\u94c1\u7ad9\u53e3\u5e97)", "order_time": ["2019-01-27 11:06:30"], "total_order": 1, "hotel_value": ["4.0"], "hotel_price": ["84"]}, "1500943": {"hotel_name": "\u5982\u5bb6\u5feb\u6377\u9152\u5e97(\u676d\u5dde\u897f\u6e56\u94f6\u6cf0\u5e97)", "order_time": ["2019-01-27 11:08:28"], "total_order": 1, "hotel_value": ["4.3"], "hotel_price": ["125"]}, "6447471": {"hotel_name": "\u661f\u57ce\u592a\u7a7a\u8231\u7cbe\u54c1\u9752\u5e74\u65c5\u820d(\u676d\u5dde\u897f\u6e56\u9f99\u7fd4\u6865\u5730\u94c1\u7ad9\u5e97)", "order_time": ["2019-01-27 11:14:28", "2019-01-27 11:08:28"], "total_order": 2, "hotel_value": ["4.5", "4.5"], "hotel_price": ["57", "57"]}, "914555": {"hotel_name": "\u676d\u5dde\u5e7f\u94f6\u5927\u9152\u5e97", "order_time": ["2019-01-27 11:08:28"], "total_order": 1, "hotel_value": ["4.4"], "hotel_price": ["348"]}, "1218334": {"hotel_name": "\u676d\u5dde\u7389\u6995\u897f\u5e90\u7cbe\u54c1\u5ea6\u5047\u9152\u5e97", "order_time": ["2019-01-27 11:08:28"], "total_order": 1, "hotel_value": ["4.8"], "hotel_price": ["328"]}, "467422": {"hotel_name": "\u676d\u5dde\u4e3d\u6b63\u95e8\u5927\u9152\u5e97", "order_time": ["2019-01-27 11:08:28"], "total_order": 1, "hotel_value": ["4.4"], "hotel_price": ["167"]}, "8901107": {"hotel_name": "\u9526\u6c5f\u90fd\u57ce\u9152\u5e97(\u676d\u5dde\u4e0b\u6c99\u5e97)", "order_time": ["2019-01-27 11:08:28"], "total_order": 1, "hotel_value": ["4.8"], "hotel_price": ["228"]}, "346302": {"hotel_name": "\u676d\u5dde\u897f\u6eaa\u559c\u6765\u767b\u5ea6\u5047\u5927\u9152\u5e97", "order_time": ["2019-01-27 11:08:28"], "total_order": 1, "hotel_value": ["4.6"], "hotel_price": ["849"]}, "445476": {"hotel_name": "\u676d\u5dde\u4ec1\u548c\u996d\u5e97", "order_time": ["2019-01-27 11:20:28", "2019-01-27 11:14:28", "2019-01-27 11:08:28"], "total_order": 3, "hotel_value": ["4.6", "4.6", "4.6"], "hotel_price": ["328", "328", "328"]}, "6112512": {"hotel_name": "Zsmart\u667a\u5c1a\u9152\u5e97(\u676d\u5dde\u897f\u6eaa\u7d2b\u91d1\u6e2f\u5e97)(\u539f\u57ce\u897f\u94f6\u6cf0\u5e97)", "order_time": ["2019-01-27 11:08:28"], "total_order": 1, "hotel_value": ["4.6"], "hotel_price": ["196"]}, "1583168": {"hotel_name": "\u5982\u5bb6\u5feb\u6377\u9152\u5e97(\u676d\u5dde\u4e0b\u6c99\u6587\u6e0a\u8def\u4f20\u5a92\u5b66\u9662\u5e97)", "order_time": ["2019-01-27 11:08:29"], "total_order": 1, "hotel_value": ["4.6"], "hotel_price": ["127"]}, "1071768": {"hotel_name": "\u5e03\u4e01\u9152\u5e97(\u676d\u5dde\u897f\u6e56\u4e2d\u5c71\u5317\u8def\u5730\u94c1\u7ad9\u5e97)", "order_time": ["2019-01-27 11:08:29"], "total_order": 1, "hotel_value": ["3.7"], "hotel_price": ["79"]}, "6168560": {"hotel_name": "\u676d\u5dde\u65b0\u4e5d\u9f99\u9152\u5e97", "order_time": ["2019-01-27 11:08:30"], "total_order": 1, "hotel_value": ["4.7"], "hotel_price": ["298"]}, "1764372": {"hotel_name": "\u676d\u5dde\u5510\u5b89\u5370\u8c61\u65f6\u5c1a\u9152\u5e97", "order_time": ["2019-01-27 11:08:30"], "total_order": 1, "hotel_value": ["4.3"], "hotel_price": ["139"]}, "1071683": {"hotel_name": "\u5e03\u4e01\u9152\u5e97\u676d\u5dde\u897f\u6e56\u6cb3\u574a\u8857\u9f13\u697c\u7f8e\u98df\u8857\u5e97", "order_time": ["2019-01-27 11:08:31"], "total_order": 1, "hotel_value": ["4.3"], "hotel_price": ["87"]}, "1645937": {"hotel_name": "\u5efa\u5fb7\u8587\u7231\u9152\u5e97", "order_time": ["2019-01-27 11:08:36"], "total_order": 1, "hotel_value": ["4.1"], "hotel_price": ["103"]}, "1640438": {"hotel_name": "7\u5929\u8fde\u9501\u9152\u5e97(\u676d\u5dde\u6b66\u6797\u5e7f\u573a\u673a\u573a\u5927\u5df4\u7ad9\u5e97)", "order_time": ["2019-01-27 11:10:27"], "total_order": 1, "hotel_value": ["4.2"], "hotel_price": ["122"]}, "2160982": {"hotel_name": "\u676d\u5dde\u661f\u65c5\u592a\u7a7a\u8231\u9152\u5e97", "order_time": ["2019-01-27 11:10:27"], "total_order": 1, "hotel_value": ["4.7"], "hotel_price": ["48"]}, "384916": {"hotel_name": "\u676d\u5dde\u56fd\u8d38\u4e16\u5609\u9152\u5e97", "order_time": ["2019-01-27 11:10:29"], "total_order": 1, "hotel_value": ["3.9"], "hotel_price": ["236"]}, "5377892": {"hotel_name": "\u676d\u5dde\u901a\u5b9d\u5927\u9152\u5e97", "order_time": ["2019-01-27 11:10:29"], "total_order": 1, "hotel_value": ["4.6"], "hotel_price": ["134"]}, "1763372": {"hotel_name": "\u6d77\u53cb\u9152\u5e97(\u676d\u5dde\u77f3\u6865\u8def\u5e97)", "order_time": ["2019-01-27 11:10:29"], "total_order": 1, "hotel_value": ["4.1"], "hotel_price": ["117"]}, "1767802": {"hotel_name": "\u676d\u5dde\u679c\u6377\u7cbe\u54c1\u9152\u5e97", "order_time": ["2019-01-27 11:10:29"], "total_order": 1, "hotel_value": ["4.2"], "hotel_price": ["94"]}, "1017435": {"hotel_name": "\u5e03\u4e01\u9152\u5e97(\u676d\u5dde\u56db\u5b63\u9752\u670d\u88c5\u5e02\u573a\u79cb\u6d9b\u8def\u5e97)", "order_time": ["2019-01-27 11:10:30"], "total_order": 1, "hotel_value": ["3.7"], "hotel_price": ["81"]}, "16078771": {"hotel_name": "\u676d\u5dde\u4e91\u96c6\u820d\u9752\u5e74\u65c5\u820d", "order_time": ["2019-01-27 11:10:30", "2019-01-27 11:12:31"], "total_order": 2, "hotel_value": ["4.5", "4.5"], "hotel_price": ["32", "32"]}, "2305024": {"hotel_name": "\u676d\u5dde\u7c73\u8bfa\u98ce\u60c5\u9152\u5e97", "order_time": ["2019-01-27 11:10:30"], "total_order": 1, "hotel_value": ["3.9"], "hotel_price": ["138"]}, "10898290": {"hotel_name": "\u5343\u5c9b\u6e56\u9633\u5149\u6c34\u5cb8\u5ea6\u5047\u516c\u5bd3", "order_time": ["2019-01-27 11:10:32"], "total_order": 1, "hotel_value": ["4.6"], "hotel_price": ["118"]}, "2397851": {"hotel_name": "\u5343\u5c9b\u6e56\u5353\u5e9c\u5ea6\u5047\u516c\u5bd3", "order_time": ["2019-01-27 11:10:32"], "total_order": 1, "hotel_value": ["4.2"], "hotel_price": ["84"]}, "709093": {"hotel_name": "\u4e34\u5b89\u6e4d\u53e3\u4f17\u5b89\u6c21\u6e29\u6cc9\u5ea6\u5047\u9152\u5e97", "order_time": ["2019-01-27 11:10:32"], "total_order": 1, "hotel_value": ["4.6"], "hotel_price": ["3346"]}, "6109807": {"hotel_name": "\u676d\u5dde\u5a73\u9601\u6c11\u5bbf", "order_time": ["2019-01-27 11:12:28"], "total_order": 1, "hotel_value": ["4.9"], "hotel_price": ["329"]}, "6870262": {"hotel_name": "\u676d\u5dde\u94b1\u738b\u5bbe\u9986", "order_time": ["2019-01-27 11:12:28"], "total_order": 1, "hotel_value": ["4.8"], "hotel_price": ["333"]}, "435371": {"hotel_name": "\u676d\u5dde\u5927\u53a6", "order_time": ["2019-01-27 11:12:29"], "total_order": 1, "hotel_value": ["4.7"], "hotel_price": ["560"]}, "6691058": {"hotel_name": "\u97e9\u5c1a\u521b\u610f\u9152\u5e97(\u676d\u5dde\u5b8b\u57ce\u7f8e\u9662\u5e97)", "order_time": ["2019-01-27 11:12:29", "2019-01-27 11:14:30"], "total_order": 2, "hotel_value": ["4.7", "4.7"], "hotel_price": ["183", "183"]}, "1306723": {"hotel_name": "\u676d\u5dde\u6fb3\u67ab\u5feb\u6377\u9152\u5e97", "order_time": ["2019-01-27 11:12:29"], "total_order": 1, "hotel_value": ["4.0"], "hotel_price": ["79"]}, "25883924": {"hotel_name": "\u9752\u76ae\u6811\u9152\u5e97(\u676d\u5dde\u4e0b\u6c99\u4f20\u5a92\u5b66\u9662\u5e97)", "order_time": ["2019-01-27 11:12:30"], "total_order": 1, "hotel_value": [0], "hotel_price": ["119"]}, "1071630": {"hotel_name": "\u5e03\u4e01\u9152\u5e97(\u676d\u5dde\u6c88\u534a\u8def\u6e56\u5dde\u8857\u5927\u5b66\u57ce\u5e97)", "order_time": ["2019-01-27 11:12:33"], "total_order": 1, "hotel_value": ["4.2"], "hotel_price": ["93"]}, "1740628": {"hotel_name": "\u9526\u6c5f\u4e4b\u661f\u54c1\u5c1a(\u676d\u5dde\u897f\u6e56\u5ef6\u5b89\u8def\u5e97)(\u539f\u7cbe\u54c14s\u7248\u5ef6\u5b89\u8def\u5546\u4e1a\u8857\u5e97)", "order_time": ["2019-01-27 11:14:28"], "total_order": 1, "hotel_value": ["4.5"], "hotel_price": ["160"]}, "28022412": {"hotel_name": "\u676d\u5dde\u9e1f\u513f\u57ce\u5e02\u516c\u5bd3", "order_time": ["2019-01-27 11:14:29"], "total_order": 1, "hotel_value": ["4.9"], "hotel_price": ["223"]}, "469630": {"hotel_name": "\u676d\u5dde\u96c5\u670b\u7cbe\u54c1\u9152\u5e97", "order_time": ["2019-01-27 11:14:29"], "total_order": 1, "hotel_value": ["3.9"], "hotel_price": ["98"]}, "438435": {"hotel_name": "\u683c\u6797\u8c6a\u6cf0(\u676d\u5dde\u706b\u8f66\u4e1c\u7ad9\u5e97)", "order_time": ["2019-01-27 11:14:30"], "total_order": 1, "hotel_value": ["4.1"], "hotel_price": ["144"]}, "6301125": {"hotel_name": "\u676d\u5dde\u4ed6\u5979\u4e3b\u9898\u9152\u5e97", "order_time": ["2019-01-27 11:14:30"], "total_order": 1, "hotel_value": ["4.2"], "hotel_price": ["141"]}, "1565167": {"hotel_name": "\u5982\u5bb6\u8054\u76df\u00b7\u534e\u9a7f\u9152\u5e97(\u676d\u5dde\u671d\u6656\u5e97)(\u539f\u6b27\u8c6a\u5feb\u6377\u9152\u5e97)", "order_time": ["2019-01-27 11:14:30"], "total_order": 1, "hotel_value": ["4.0"], "hotel_price": ["135"]}, "6671762": {"hotel_name": "\u6850\u5e90\u51cc\u6c5f\u9152\u5e97\u5f0f\u516c\u5bd3", "order_time": ["2019-01-27 11:14:35"], "total_order": 1, "hotel_value": ["4.6"], "hotel_price": ["193"]}, "1535523": {"hotel_name": "\u6021\u83b1\u7cbe\u54c1\u9152\u5e97(\u676d\u5dde\u4e34\u5e73\u5730\u94c1\u7ad9\u5e97)", "order_time": ["2019-01-27 11:16:29"], "total_order": 1, "hotel_value": ["4.7"], "hotel_price": ["171"]}, "1302445": {"hotel_name": "\u676d\u5dde\u897f\u6eaa\u7eb3\u5fb7\u6da6\u6cfd\u56ed\u5ea6\u5047\u9152\u5e97", "order_time": ["2019-01-27 11:16:29"], "total_order": 1, "hotel_value": ["4.7"], "hotel_price": ["243"]}, "1619719": {"hotel_name": "\u6854\u5b50\u6c34\u6676\u9152\u5e97(\u676d\u5dde\u6c5f\u9675\u8def\u5730\u94c1\u7ad9\u5e97)(\u539f\u661f\u5149\u5927\u9053\u5e97)", "order_time": ["2019-01-27 11:16:29"], "total_order": 1, "hotel_value": ["4.9"], "hotel_price": ["427"]}, "5160188": {"hotel_name": "\u676d\u5dde\u9752\u5885\u00b7\u9690\u6797\u6c11\u5bbf", "order_time": ["2019-01-27 11:16:30"], "total_order": 1, "hotel_value": ["4.3"], "hotel_price": ["154"]}, "987333": {"hotel_name": "\u676d\u5dde\u73af\u6e56\u5927\u9152\u5e97", "order_time": ["2019-01-27 11:16:30"], "total_order": 1, "hotel_value": ["4.1"], "hotel_price": ["149"]}, "1307663": {"hotel_name": "\u701a\u601d\u5feb\u6377\u9152\u5e97(\u676d\u5dde\u9f99\u6e56\u5929\u8857\u5927\u5b66\u57ce\u5e97)", "order_time": ["2019-01-27 11:16:30"], "total_order": 1, "hotel_value": ["4.2"], "hotel_price": ["77"]}, "1067112": {"hotel_name": "\u5982\u5bb6\u5feb\u6377\u9152\u5e97(\u676d\u5dde\u706b\u8f66\u4e1c\u7ad9\u5929\u57ce\u8def\u5e97)", "order_time": ["2019-01-27 11:16:30"], "total_order": 1, "hotel_value": ["4.5"], "hotel_price": ["151"]}, "697573": {"hotel_name": "\u6c49\u5ead\u9152\u5e97(\u676d\u5dde\u8427\u5c71\u4eba\u6c11\u5e7f\u573a\u5e97)(\u539f\u8427\u5c71\u5e02\u5fc3\u8def\u5e97)", "order_time": ["2019-01-27 11:16:30"], "total_order": 1, "hotel_value": ["4.2"], "hotel_price": ["171"]}, "11443676": {"hotel_name": "\u676d\u5dde\u4e45\u6816\u9152\u5e97", "order_time": ["2019-01-27 11:16:31"], "total_order": 1, "hotel_value": ["4.4"], "hotel_price": ["138"]}, "1458510": {"hotel_name": "\u676d\u5dde\u7559\u604b\u65c5\u9986", "order_time": ["2019-01-27 11:16:34"], "total_order": 1, "hotel_value": ["4.5"], "hotel_price": ["60"]}, "3638969": {"hotel_name": "\u676d\u5dde\u897f\u6eaa\u7d2b\u91d1\u6e2f\u4e9a\u6735\u9152\u5e97", "order_time": ["2019-01-27 11:18:27"], "total_order": 1, "hotel_value": ["4.7"], "hotel_price": ["444"]}, "7827532": {"hotel_name": "\u5982\u5bb6\u5546\u65c5\u9152\u5e97(\u676d\u5dde\u6587\u4e8c\u8def\u6c88\u5858\u6865\u5730\u94c1\u7ad9\u5e97)(\u539f\u676d\u5dde\u6587\u4e8c\u8def\u83ab\u5e72\u5c71\u8def\u535a\u5e93\u4e66\u57ce\u5e97)", "order_time": ["2019-01-27 11:18:28"], "total_order": 1, "hotel_value": ["4.7"], "hotel_price": ["187"]}, "1441545": {"hotel_name": "\u901f8\u9152\u5e97(\u676d\u5dde\u897f\u6e56\u9752\u5e74\u8def\u5e97)", "order_time": ["2019-01-27 11:18:28"], "total_order": 1, "hotel_value": ["3.7"], "hotel_price": ["88"]}, "3361389": {"hotel_name": "\u5982\u5bb6\u5feb\u6377\u9152\u5e97(\u676d\u5dde\u94b1\u6c5f\u65b0\u57ce\u666f\u82b3\u5730\u94c1\u7ad9\u5e97)", "order_time": ["2019-01-27 11:18:28"], "total_order": 1, "hotel_value": ["4.5"], "hotel_price": ["180"]}, "481242": {"hotel_name": "\u5e03\u4e01\u9152\u5e97(\u676d\u5dde\u897f\u6e56\u51e4\u8d77\u8def\u5e97)", "order_time": ["2019-01-27 11:18:30"], "total_order": 1, "hotel_value": ["4.2"], "hotel_price": ["83"]}, "392627": {"hotel_name": "\u5343\u5c9b\u6e56\u559c\u6765\u767b\u5ea6\u5047\u9152\u5e97", "order_time": ["2019-01-27 11:18:33"], "total_order": 1, "hotel_value": ["4.7"], "hotel_price": ["665"]}, "659216": {"hotel_name": "\u6850\u5e90\u6d77\u535a\u5927\u9152\u5e97", "order_time": ["2019-01-27 11:18:33"], "total_order": 1, "hotel_value": ["4.7"], "hotel_price": ["410"]}, "1007009": {"hotel_name": "\u4e34\u5b89\u5927\u660e\u5c71\u5706\u6708\u5c71\u5e84", "order_time": ["2019-01-27 11:18:33"], "total_order": 1, "hotel_value": ["4.2"], "hotel_price": ["103"]}, "668576": {"hotel_name": "\u65b0\u5f00\u5143\u5927\u9152\u5e97(\u676d\u5dde\u590d\u5174\u5e97)", "order_time": ["2019-01-27 11:20:28"], "total_order": 1, "hotel_value": ["4.3"], "hotel_price": ["373"]}, "6270640": {"hotel_name": "\u6854\u5b50\u6c34\u6676\u9152\u5e97(\u676d\u5dde\u94b1\u6c5f\u65b0\u57ce\u5e86\u83f1\u8def\u5730\u94c1\u7ad9\u5e97)(\u539f\u5e86\u6625\u4e1c\u8def\u5e86\u83f1\u8def\u5730\u94c1\u7ad9\u5e97)", "order_time": ["2019-01-27 11:20:28"], "total_order": 1, "hotel_value": ["4.8"], "hotel_price": ["342"]}, "12250288": {"hotel_name": "\u676d\u5dde\u897f\u820d\u9152\u5e97(\u539f\u4e91\u6736\u9152\u5e97)", "order_time": ["2019-01-27 11:20:28"], "total_order": 1, "hotel_value": ["4.5"], "hotel_price": ["144"]}, "7004664": {"hotel_name": "\u676d\u5dde\u5858\u6816\u61ff\u820d\u9152\u5e97", "order_time": ["2019-01-27 11:20:28"], "total_order": 1, "hotel_value": ["4.8"], "hotel_price": ["381"]}, "445465": {"hotel_name": "\u676d\u5dde\u7c73\u5170\u6d32\u9645\u9152\u5e97", "order_time": ["2019-01-27 11:20:28"], "total_order": 1, "hotel_value": ["4.4"], "hotel_price": ["271"]}, "1051228": {"hotel_name": "\u5e03\u4e01\u9152\u5e97(\u676d\u5dde\u897f\u6e56\u5927\u9053\u5e97)", "order_time": ["2019-01-27 11:20:30"], "total_order": 1, "hotel_value": ["4.2"], "hotel_price": ["84"]}, "6257036": {"hotel_name": "\u8bfa\u8bda\u9152\u5e97(\u676d\u5dde\u706b\u8f66\u5357\u7ad9\u901a\u60e0\u8def\u5e97)", "order_time": ["2019-01-27 11:20:30"], "total_order": 1, "hotel_value": ["4.5"], "hotel_price": ["81"]}, "10219331": {"hotel_name": "\u676d\u5dde\u84dd\u5ead\u516c\u5bd3\u5f0f\u9152\u5e97(\u516b\u65b9\u57ce\u5e97)", "order_time": ["2019-01-27 11:20:30"], "total_order": 1, "hotel_value": ["4.6"], "hotel_price": ["193"]}, "1769001": {"hotel_name": "\u676d\u5dde\u8427\u5c71\u673a\u573a\u5927\u9152\u5e97", "order_time": ["2019-01-27 11:20:30"], "total_order": 1, "hotel_value": ["4.0"], "hotel_price": ["164"]}, "1449510": {"hotel_name": "\u676d\u5dde\u897f\u6e56\u96e8\u5fc6\u6674\u7cbe\u54c1\u6c11\u5bbf", "order_time": ["2019-01-27 11:20:31"], "total_order": 1, "hotel_value": ["4.5"], "hotel_price": ["44"]}, "1011051": {"hotel_name": "\u5343\u5c9b\u6e56\u6e29\u99a8\u5c9b\u81f4\u96c5\u827a\u672f\u9152\u5e97", "order_time": ["2019-01-27 11:20:32"], "total_order": 1, "hotel_value": ["4.8"], "hotel_price": ["384"]}}}