{"\u5f00\u59cb\u8bb0\u5f55\u65f6\u95f4": "2019-01-20 23:04:10", "\u7ed3\u675f\u8bb0\u5f55\u65f6\u95f4": "2019-01-21 00:04:10", "\u8ba2\u5355\u603b\u589e\u91cf": 538, "item": {"1621618": {"hotel_name": "\u5bcc\u9633\u4e1c\u65b9\u8302\u5f00\u5143\u540d\u90fd\u5927\u9152\u5e97", "order_time": ["2019-01-20 23:06:21"], "total_order": 1, "hotel_value": ["4.7"], "hotel_price": ["418"]}, "987326": {"hotel_name": "\u676d\u5dde\u6e05\u6cb3\u9152\u5e97(\u897f\u6e56\u6cb3\u574a\u8857\u5e97)", "order_time": ["2019-01-20 23:06:22"], "total_order": 1, "hotel_value": ["4.7"], "hotel_price": ["178"]}, "17589343": {"hotel_name": "\u6854\u5b50\u9152\u5e97\u00b7\u7cbe\u9009(\u676d\u5dde\u706b\u8f66\u7ad9\u6cb3\u574a\u8857\u5e97)", "order_time": ["2019-01-20 23:18:24", "2019-01-20 23:06:22"], "total_order": 2, "hotel_value": ["4.8", "4.8"], "hotel_price": ["284", "284"]}, "8602465": {"hotel_name": "\u676d\u5dde\u6ee8\u6c5f\u5e0c\u5c14\u987f\u6b22\u670b\u9152\u5e97", "order_time": ["2019-01-20 23:06:24"], "total_order": 1, "hotel_value": ["4.8"], "hotel_price": ["478"]}, "5240879": {"hotel_name": "\u676d\u5dde\u745e\u7acb\u6c5f\u6cb3\u6c47\u9152\u5e97", "order_time": ["2019-01-20 23:06:24"], "total_order": 1, "hotel_value": ["4.7"], "hotel_price": ["619"]}, "1207757": {"hotel_name": "\u676d\u5dde\u77f3\u7965\u745e\u83b1\u514b\u65af\u5927\u9152\u5e97", "order_time": ["2019-01-20 23:06:24"], "total_order": 1, "hotel_value": ["4.5"], "hotel_price": ["295"]}, "1461982": {"hotel_name": "\u5982\u5bb6\u5feb\u6377\u9152\u5e97(\u676d\u5dde\u897f\u6e56\u89e3\u653e\u8def\u6e56\u6ee8\u94f6\u6cf0\u5e97)", "order_time": ["2019-01-20 23:06:25"], "total_order": 1, "hotel_value": ["4.3"], "hotel_price": ["112"]}, "18473810": {"hotel_name": "\u5168\u5b63\u9152\u5e97(\u676d\u5dde\u94b1\u6c5f\u4e16\u7eaa\u57ce\u5e97)", "order_time": ["2019-01-20 23:06:26"], "total_order": 1, "hotel_value": ["4.8"], "hotel_price": ["303"]}, "6869423": {"hotel_name": "\u676d\u5dde\u65b0\u5ead\u9152\u5e97", "order_time": ["2019-01-20 23:06:27"], "total_order": 1, "hotel_value": ["4.6"], "hotel_price": ["193"]}, "13878561": {"hotel_name": "\u676d\u5dde\u62f1\u5885\u5047\u65e5\u9152\u5e97", "order_time": ["2019-01-20 23:08:33", "2019-01-20 23:06:27"], "total_order": 2, "hotel_value": ["4.6", "4.6"], "hotel_price": ["558", "558"]}, "6345374": {"hotel_name": "\u6d77\u7f8e\u8c6a\u9152\u5e97(\u676d\u5dde\u767d\u9a6c\u6e56\u5e97)", "order_time": ["2019-01-20 23:06:28"], "total_order": 1, "hotel_value": ["4.1"], "hotel_price": ["207"]}, "435867": {"hotel_name": "\u6d59\u6c5f\u5929\u90fd\u57ce\u9152\u5e97", "order_time": ["2019-01-20 23:06:28"], "total_order": 1, "hotel_value": ["4.8"], "hotel_price": ["513"]}, "801282": {"hotel_name": "\u676d\u5dde\u6d59\u52e4\u897f\u6eaa\u5bbe\u9986", "order_time": ["2019-01-20 23:06:29"], "total_order": 1, "hotel_value": ["4.2"], "hotel_price": ["274"]}, "19880822": {"hotel_name": "\u676d\u5dde\u94b1\u5858\u6c5f\u7554\u57ce\u5e02\u9152\u5e97", "order_time": ["2019-01-20 23:06:29"], "total_order": 1, "hotel_value": ["4.9"], "hotel_price": ["277"]}, "1770053": {"hotel_name": "\u901f8\u9152\u5e97(\u676d\u5dde\u4e0b\u6c99\u91d1\u6c99\u5e97)", "order_time": ["2019-01-20 23:30:25", "2019-01-20 23:06:30"], "total_order": 2, "hotel_value": ["4.0", "4.0"], "hotel_price": ["113", "113"]}, "2987072": {"hotel_name": "\u60a6\u80dc\u9152\u5e97(\u676d\u5dde\u897f\u6e56\u5927\u9053\u5e97)", "order_time": ["2019-01-20 23:06:30", "2019-01-20 23:36:22"], "total_order": 2, "hotel_value": ["4.4", "4.4"], "hotel_price": ["119", "119"]}, "1071771": {"hotel_name": "\u5e03\u4e01\u9152\u5e97(\u676d\u5dde\u4e0a\u5858\u8def\u6d59\u5de5\u5927\u5e97)", "order_time": ["2019-01-20 23:06:30"], "total_order": 1, "hotel_value": ["4.0"], "hotel_price": ["139"]}, "5378472": {"hotel_name": "\u676d\u5dde\u67d4\u5a34\u9152\u5e97", "order_time": ["2019-01-20 23:06:45"], "total_order": 1, "hotel_value": ["4.7"], "hotel_price": ["103"]}, "435354": {"hotel_name": "\u5343\u5c9b\u6e56\u7eff\u57ce\u5ea6\u5047\u9152\u5e97", "order_time": ["2019-01-20 23:06:58"], "total_order": 1, "hotel_value": ["4.8"], "hotel_price": ["388"]}, "3796922": {"hotel_name": "\u5168\u5b63\u9152\u5e97(\u676d\u5dde\u6ee8\u6c5f\u6c5f\u5357\u5927\u9053\u5e97)", "order_time": ["2019-01-20 23:07:03"], "total_order": 1, "hotel_value": ["4.8"], "hotel_price": ["389"]}, "19614141": {"hotel_name": "\u676d\u5dde\u4e34\u5b89\u4e07\u8c6a\u9152\u5e97", "order_time": ["2019-01-20 23:07:05"], "total_order": 1, "hotel_value": ["4.5"], "hotel_price": ["650"]}, "2981969": {"hotel_name": "\u6c49\u5ead\u9152\u5e97(\u5efa\u5fb7\u65b0\u5b89\u6c5f\u65b0\u5e97)", "order_time": ["2019-01-20 23:07:05"], "total_order": 1, "hotel_value": ["4.3"], "hotel_price": ["161"]}, "435419": {"hotel_name": "\u676d\u5dde\u6e56\u6ee8\u541b\u4ead\u9152\u5e97", "order_time": ["2019-01-20 23:07:15"], "total_order": 1, "hotel_value": ["4.4"], "hotel_price": ["259"]}, "435439": {"hotel_name": "\u676d\u5dde\u897f\u6e56\u6162\u4eab\u4e3b\u9898\u9152\u5e97", "order_time": ["2019-01-20 23:08:22"], "total_order": 1, "hotel_value": ["4.7"], "hotel_price": ["276"]}, "447016": {"hotel_name": "\u676d\u5dde\u7687\u51a0\u5927\u9152\u5e97", "order_time": ["2019-01-20 23:08:22", "2019-01-20 23:22:24"], "total_order": 2, "hotel_value": ["4.2", "4.2"], "hotel_price": ["238", "238"]}, "468863": {"hotel_name": "\u676d\u5dde\u5546\u4e1a\u5927\u53a6", "order_time": ["2019-01-20 23:08:22"], "total_order": 1, "hotel_value": ["4.6"], "hotel_price": ["271"]}, "6280589": {"hotel_name": "\u676d\u5dde\u660e\u8c6a\u56fd\u9645\u9152\u5e97", "order_time": ["2019-01-20 23:08:22"], "total_order": 1, "hotel_value": ["4.7"], "hotel_price": ["598"]}, "11478766": {"hotel_name": "\u62dc\u767b\u516c\u5bd3\u00b7\u676d\u5dde\u5370\u5e97", "order_time": ["2019-01-20 23:08:22"], "total_order": 1, "hotel_value": ["4.6"], "hotel_price": ["296"]}, "1569806": {"hotel_name": "\u5982\u5bb6\u5feb\u6377\u9152\u5e97(\u676d\u5dde\u897f\u6e56\u5e97)", "order_time": ["2019-01-20 23:08:23", "2019-01-20 23:18:23"], "total_order": 2, "hotel_value": ["4.6", "4.6"], "hotel_price": ["135", "135"]}, "25590027": {"hotel_name": "\u676d\u5dde\u7a7a\u6e2f\u5047\u65e5\u9152\u5e97", "order_time": ["2019-01-20 23:58:22", "2019-01-20 23:08:24", "2019-01-20 23:26:22"], "total_order": 3, "hotel_value": ["4.7", "4.7", "4.7"], "hotel_price": ["459", "459", "459"]}, "346339": {"hotel_name": "\u6d59\u6c5f\u897f\u5b50\u5bbe\u9986\u00b7\u6c6a\u5e84", "order_time": ["2019-01-20 23:08:24"], "total_order": 1, "hotel_value": ["4.8"], "hotel_price": ["979"]}, "5673297": {"hotel_name": "\u676d\u5dde\u94b1\u6c5f\u65b0\u57ce\u4e07\u8c6a\u9152\u5e97", "order_time": ["2019-01-20 23:08:24"], "total_order": 1, "hotel_value": ["4.7"], "hotel_price": ["1131"]}, "849909": {"hotel_name": "\u676d\u5dde\u94b1\u6c5f\u65b0\u57ce\u4e07\u6021\u9152\u5e97", "order_time": ["2019-01-20 23:08:24"], "total_order": 1, "hotel_value": ["4.5"], "hotel_price": ["581"]}, "434391": {"hotel_name": "\u676d\u5dde\u7c73\u5170\u82b1\u56ed\u9152\u5e97", "order_time": ["2019-01-20 23:08:24"], "total_order": 1, "hotel_value": ["4.2"], "hotel_price": ["206"]}, "23855223": {"hotel_name": "\u541b\u8d38\u9152\u5e97\u5f0f\u516c\u5bd3(\u676d\u5dde\u91d1\u6c99\u6e56\u5e97)", "order_time": ["2019-01-20 23:08:25"], "total_order": 1, "hotel_value": ["4.7"], "hotel_price": ["318"]}, "1441282": {"hotel_name": "\u5982\u5bb6\u5feb\u6377\u9152\u5e97(\u676d\u5dde\u897f\u6e56\u9ec4\u9f99\u4e07\u79d1\u4e2d\u5fc3\u6587\u4e09\u8def\u5e97)", "order_time": ["2019-01-21 00:00:22", "2019-01-20 23:08:25"], "total_order": 2, "hotel_value": ["4.6", "4.6"], "hotel_price": ["122", "132"]}, "1220663": {"hotel_name": "\u676d\u5dde\u66fc\u9706\u7cbe\u54c1\u5546\u52a1\u9152\u5e97", "order_time": ["2019-01-20 23:08:25"], "total_order": 1, "hotel_value": ["4.7"], "hotel_price": ["155"]}, "7285989": {"hotel_name": "\u676d\u5dde\u5f15\u85e4\u9152\u5e97\u5f0f\u516c\u5bd3", "order_time": ["2019-01-20 23:08:26"], "total_order": 1, "hotel_value": ["4.9"], "hotel_price": ["178"]}, "1273467": {"hotel_name": "\u676d\u5dde\u838e\u739b\u548c\u8fbe\u670d\u52a1\u5f0f\u516c\u5bd3", "order_time": ["2019-01-20 23:08:26", "2019-01-20 23:50:21"], "total_order": 2, "hotel_value": ["4.8", "4.8"], "hotel_price": ["508", "508"]}, "1426909": {"hotel_name": "\u676d\u5dde\u91ce\u6709\u8513\u8349\u7cbe\u54c1\u6c11\u5bbf", "order_time": ["2019-01-20 23:08:26", "2019-01-20 23:22:24"], "total_order": 2, "hotel_value": ["4.6", "4.6"], "hotel_price": ["319", "319"]}, "28362501": {"hotel_name": "\u676d\u5dde\u8f6c\u5858\u7f8e\u9662\u4e9a\u6735\u9152\u5e97", "order_time": ["2019-01-20 23:08:27"], "total_order": 1, "hotel_value": ["4.9"], "hotel_price": ["361"]}, "4339349": {"hotel_name": "Q\u52a0\u00b7\u676d\u5dde\u7b80\u00b7\u5c1a\u5ba2\u6808", "order_time": ["2019-01-20 23:08:27"], "total_order": 1, "hotel_value": ["4.7"], "hotel_price": ["173"]}, "1480693": {"hotel_name": "\u676d\u5dde\u8212\u5bb6\u5feb\u6377\u9152\u5e97", "order_time": ["2019-01-20 23:08:39"], "total_order": 1, "hotel_value": ["4.1"], "hotel_price": ["103"]}, "11374879": {"hotel_name": "\u4e34\u5b89\u4e91\u7199\u6c11\u5bbf", "order_time": ["2019-01-20 23:08:59", "2019-01-20 23:28:33"], "total_order": 2, "hotel_value": ["4.8", "4.8"], "hotel_price": ["748", "918"]}, "15974168": {"hotel_name": "\u676d\u5dde\u91d1\u6c99\u6e56\u535a\u4e50\u8bd7\u670d\u52a1\u516c\u5bd3", "order_time": ["2019-01-20 23:10:24"], "total_order": 1, "hotel_value": ["4.7"], "hotel_price": ["217"]}, "445394": {"hotel_name": "\u676d\u5dde\u897f\u6e56\u56fd\u5bbe\u9986\u00b7\u897f\u6e56\u7b2c\u4e00\u540d\u56ed", "order_time": ["2019-01-20 23:10:24", "2019-01-20 23:54:22"], "total_order": 2, "hotel_value": ["4.8", "4.8"], "hotel_price": ["1003", "1003"]}, "1386593": {"hotel_name": "\u676d\u5dde\u4e1c\u65b9\u9a7f\u6982\u5ff5\u9152\u5e97", "order_time": ["2019-01-20 23:10:24"], "total_order": 1, "hotel_value": ["4.6"], "hotel_price": ["133"]}, "634844": {"hotel_name": "\u676d\u5dde\u57ce\u5e02\u82b1\u56ed\u9152\u5e97", "order_time": ["2019-01-20 23:10:24"], "total_order": 1, "hotel_value": ["4.5"], "hotel_price": ["312"]}, "27863591": {"hotel_name": "\u7f8e\u8c6a\u4e3d\u81f4\u9152\u5e97(\u676d\u5dde\u8427\u5c71\u673a\u573a\u5e97)", "order_time": ["2019-01-20 23:10:25"], "total_order": 1, "hotel_value": ["4.8"], "hotel_price": ["278"]}, "1326656": {"hotel_name": "\u676d\u5dde\u4e00\u4f4f\u4e00\u5bbf\u5feb\u6377\u9152\u5e97", "order_time": ["2019-01-20 23:10:26"], "total_order": 1, "hotel_value": ["3.7"], "hotel_price": ["98"]}, "1768147": {"hotel_name": "\u676d\u5dde\u552f\u84dd\u5546\u52a1\u9152\u5e97", "order_time": ["2019-01-20 23:10:26"], "total_order": 1, "hotel_value": ["3.9"], "hotel_price": ["150"]}, "441170": {"hotel_name": "\u676d\u5dde\u6eaa\u5c1a\u9152\u5e97", "order_time": ["2019-01-20 23:10:27"], "total_order": 1, "hotel_value": ["4.3"], "hotel_price": ["217"]}, "5726617": {"hotel_name": "\u7267\u6668\u9152\u5e97(\u676d\u5dde\u548c\u8fbe\u81ea\u7531\u6e2f\u5e97)", "order_time": ["2019-01-20 23:26:27", "2019-01-20 23:10:27"], "total_order": 2, "hotel_value": ["4.5", "4.5"], "hotel_price": ["201", "201"]}, "435383": {"hotel_name": "\u676d\u5dde\u9a6c\u53ef\u6ce2\u7f57\u5047\u65e5\u9152\u5e97", "order_time": ["2019-01-20 23:24:23", "2019-01-20 23:20:22", "2019-01-20 23:13:06", "2019-01-20 23:10:27"], "total_order": 4, "hotel_value": ["4.8", "4.8", "4.8", "4.8"], "hotel_price": ["400", "471", "400", "400"]}, "7828854": {"hotel_name": "\u676d\u5dde\u4e2d\u7ef4\u9999\u6ea2\u5927\u9152\u5e97", "order_time": ["2019-01-20 23:10:27"], "total_order": 1, "hotel_value": ["4.7"], "hotel_price": ["423"]}, "19626880": {"hotel_name": "\u676d\u5dde\u9038\u6797\u9152\u5e97", "order_time": ["2019-01-20 23:10:27"], "total_order": 1, "hotel_value": ["4.6"], "hotel_price": ["255"]}, "1441689": {"hotel_name": "\u6c49\u5ead\u9152\u5e97(\u676d\u5dde\u897f\u6e56\u6cb3\u574a\u8857\u65b0\u5e97)(\u539f\u897f\u6e56\u5434\u5c71\u5e7f\u573a\u5e97)", "order_time": ["2019-01-20 23:10:27"], "total_order": 1, "hotel_value": ["4.5"], "hotel_price": ["135"]}, "445465": {"hotel_name": "\u676d\u5dde\u7c73\u5170\u6d32\u9645\u9152\u5e97", "order_time": ["2019-01-20 23:10:28", "2019-01-20 23:16:25", "2019-01-20 23:14:28"], "total_order": 3, "hotel_value": ["4.4", "4.4", "4.4"], "hotel_price": ["282", "282", "282"]}, "10230015": {"hotel_name": "\u4e91\u6c49\u9152\u5e97(\u676d\u5dde\u4eba\u6c11\u5e7f\u573a\u5730\u94c1\u7ad9\u5e97)", "order_time": ["2019-01-20 23:10:28", "2019-01-20 23:22:24"], "total_order": 2, "hotel_value": ["4.6", "4.6"], "hotel_price": ["198", "198"]}, "19588832": {"hotel_name": "\u676d\u5dde\u9752\u84b2\u9152\u5e97\u516c\u5bd3", "order_time": ["2019-01-20 23:10:28"], "total_order": 1, "hotel_value": ["4.5"], "hotel_price": ["183"]}, "23225601": {"hotel_name": "\u6854\u5b50\u9152\u5e97\u7cbe\u9009(\u676d\u5dde\u672a\u6765\u79d1\u6280\u57ce\u676d\u5e08\u5927\u5e97)", "order_time": ["2019-01-20 23:10:29"], "total_order": 1, "hotel_value": ["4.8"], "hotel_price": ["379"]}, "7067860": {"hotel_name": "\u8bfa\u8bda\u9152\u5e97(\u676d\u5dde\u56fd\u9645\u535a\u89c8\u4e2d\u5fc3\u5e97)(\u539f\u8427\u5c71\u7ecf\u6d4e\u5f00\u53d1\u533a\u5e97)", "order_time": ["2019-01-20 23:10:29"], "total_order": 1, "hotel_value": ["4.3"], "hotel_price": ["164"]}, "474088": {"hotel_name": "\u6c49\u5ead\u9152\u5e97(\u676d\u5dde\u897f\u6e56\u9ec4\u9f99\u7075\u9690\u5bfa\u9f99\u4e95\u8def\u5e97)", "order_time": ["2019-01-20 23:10:29"], "total_order": 1, "hotel_value": ["4.2"], "hotel_price": ["151"]}, "1452125": {"hotel_name": "\u676d\u5dde\u9ec4\u9f99\u667a\u9009\u5047\u65e5\u9152\u5e97", "order_time": ["2019-01-20 23:10:29"], "total_order": 1, "hotel_value": ["4.6"], "hotel_price": ["429"]}, "9217184": {"hotel_name": "\u7d2b\u4e4b\u9152\u5e97(\u676d\u5dde\u5b8b\u57ce\u7f8e\u9662\u5e97)", "order_time": ["2019-01-20 23:10:29"], "total_order": 1, "hotel_value": ["4.4"], "hotel_price": ["164"]}, "3746082": {"hotel_name": "\u676d\u5dde\u8212\u6cca\u8c6a\u5927\u9152\u5e97", "order_time": ["2019-01-20 23:10:30"], "total_order": 1, "hotel_value": ["4.6"], "hotel_price": ["422"]}, "1484630": {"hotel_name": "\u676d\u5dde\u9038\u884c\u9152\u5e97\u5f0f\u516c\u5bd3", "order_time": ["2019-01-20 23:10:31"], "total_order": 1, "hotel_value": ["4.4"], "hotel_price": ["188"]}, "17324402": {"hotel_name": "\u676d\u5ddeWO\u00b7\u7a9dHotel", "order_time": ["2019-01-20 23:10:31"], "total_order": 1, "hotel_value": ["4.7"], "hotel_price": ["252"]}, "5650982": {"hotel_name": "\u676d\u5dde\u5510\u5ead\u9152\u5e97", "order_time": ["2019-01-20 23:10:31"], "total_order": 1, "hotel_value": ["4.4"], "hotel_price": ["134"]}, "1629799": {"hotel_name": "\u676d\u5dde\u91cc\u7ea6\u51e0\u6728\u5ba2\u6808(\u539f\u91cc\u7ea6\u8f7b\u5c45\u9152\u5e97\u897f\u6e56\u5e97)", "order_time": ["2019-01-20 23:10:31"], "total_order": 1, "hotel_value": ["3.8"], "hotel_price": ["116"]}, "22681909": {"hotel_name": "\u676d\u5dde\u5c71\u6da7\u6708\u8272\u6c11\u5bbf\u9152\u5e97", "order_time": ["2019-01-20 23:10:32"], "total_order": 1, "hotel_value": ["4.5"], "hotel_price": ["90"]}, "427924": {"hotel_name": "\u5982\u5bb6\u5feb\u6377\u9152\u5e97(\u676d\u5dde\u6b66\u6797\u5e7f\u573a\u5730\u94c1\u7ad9\u5e97)", "order_time": ["2019-01-20 23:10:32"], "total_order": 1, "hotel_value": ["4.4"], "hotel_price": ["199"]}, "5341383": {"hotel_name": "\u676d\u5dde\u946b\u6021\u9152\u5e97", "order_time": ["2019-01-20 23:12:31", "2019-01-20 23:10:32"], "total_order": 2, "hotel_value": ["4.7", "4.7"], "hotel_price": ["370", "370"]}, "25883924": {"hotel_name": "\u9752\u76ae\u6811\u9152\u5e97(\u676d\u5dde\u4e0b\u6c99\u4f20\u5a92\u5b66\u9662\u5e97)", "order_time": ["2019-01-20 23:10:33"], "total_order": 1, "hotel_value": [0], "hotel_price": ["119"]}, "669370": {"hotel_name": "\u676d\u5dde\u548c\u8fbe\u5e0c\u5c14\u987f\u9038\u6797\u9152\u5e97", "order_time": ["2019-01-20 23:10:36"], "total_order": 1, "hotel_value": ["4.6"], "hotel_price": ["722"]}, "1537332": {"hotel_name": "\u975e\u7e41\u57ce\u54c1\u9152\u5e97(\u5343\u5c9b\u6e56\u5e97)", "order_time": ["2019-01-20 23:22:36", "2019-01-20 23:10:51"], "total_order": 2, "hotel_value": ["4.7", "4.7"], "hotel_price": ["120", "120"]}, "1004281": {"hotel_name": "\u4e34\u5b89\u5927\u660e\u5c71\u5c0f\u6865\u6d41\u6c34\u519c\u5bb6", "order_time": ["2019-01-20 23:26:37", "2019-01-20 23:10:51", "2019-01-20 23:52:31"], "total_order": 3, "hotel_value": ["4.8", "4.8", "4.8"], "hotel_price": ["107", "107", "107"]}, "1431807": {"hotel_name": "\u6850\u5e90\u5bcc\u6625\u6c5f\u9f99\u6e7e\u9152\u5e97", "order_time": ["2019-01-20 23:10:52"], "total_order": 1, "hotel_value": ["4.2"], "hotel_price": ["135"]}, "607717": {"hotel_name": "\u5efa\u5fb7\u534a\u5c9b\u51ef\u8c6a\u5927\u9152\u5e97", "order_time": ["2019-01-20 23:10:55"], "total_order": 1, "hotel_value": ["4.8"], "hotel_price": ["441"]}, "5896522": {"hotel_name": "\u6850\u5e90\u5546\u82d1\u7cbe\u54c1\u9152\u5e97\uff08\u676d\u5546\u9662\u5e97\uff09", "order_time": ["2019-01-20 23:10:55"], "total_order": 1, "hotel_value": ["4.3"], "hotel_price": ["133"]}, "1082182": {"hotel_name": "\u6850\u5e90\u96f7\u8fea\u68ee\u5ea6\u5047\u9152\u5e97", "order_time": ["2019-01-20 23:10:55", "2019-01-20 23:14:42"], "total_order": 2, "hotel_value": ["4.8", "4.8"], "hotel_price": ["518", "518"]}, "8719620": {"hotel_name": "\u827e\u7b51\u827a\u672f\u9152\u5e97(\u897f\u6e56\u5e97)", "order_time": ["2019-01-20 23:12:24"], "total_order": 1, "hotel_value": ["4.5"], "hotel_price": ["222"]}, "426781": {"hotel_name": "\u6d59\u6c5f\u65b0\u4e16\u7eaa\u5927\u9152\u5e97", "order_time": ["2019-01-20 23:12:24", "2019-01-20 23:52:24"], "total_order": 2, "hotel_value": ["4.5", "4.5"], "hotel_price": ["373", "373"]}, "1709808": {"hotel_name": "\u676d\u5dde\u4e34\u5e73\u5927\u9152\u5e97", "order_time": ["2019-01-20 23:12:25"], "total_order": 1, "hotel_value": ["4.7"], "hotel_price": ["284"]}, "25229703": {"hotel_name": "\u676d\u5dde\u897f\u5b50\u91cc\u00b7\u827a\u672f\u9152\u5e97", "order_time": ["2019-01-20 23:12:27"], "total_order": 1, "hotel_value": ["4.7"], "hotel_price": ["261"]}, "3045082": {"hotel_name": "\u6c49\u5ead\u9152\u5e97(\u676d\u5dde\u897f\u6e56\u89e3\u767e\u5e97)", "order_time": ["2019-01-20 23:12:27"], "total_order": 1, "hotel_value": ["4.3"], "hotel_price": ["127"]}, "21788699": {"hotel_name": "\u60a6\u65c5\u9152\u5e97\u5f0f\u516c\u5bd3(\u676d\u5dde\u4e1c\u7ad9\u5e97)", "order_time": ["2019-01-20 23:12:28"], "total_order": 1, "hotel_value": ["4.7"], "hotel_price": ["180"]}, "1211301": {"hotel_name": "\u9c9c\u5c4b\u5546\u65c5\u9152\u5e97(\u676d\u5dde\u9ec4\u9f99\u4e07\u5858\u5e97)", "order_time": ["2019-01-20 23:12:28"], "total_order": 1, "hotel_value": ["4.7"], "hotel_price": ["243"]}, "7687669": {"hotel_name": "\u7267\u6668\u9152\u5e97(\u676d\u5dde\u6ee8\u6c5f\u5e97)(\u539f\u676d\u5dde\u7267\u6668\u7cbe\u9009\u9152\u5e97)", "order_time": ["2019-01-20 23:12:28"], "total_order": 1, "hotel_value": ["4.4"], "hotel_price": ["302"]}, "10581721": {"hotel_name": "\u676d\u5dde\u91d1\u6c99\u6e56\u4e9a\u6735\u9152\u5e97", "order_time": ["2019-01-20 23:12:28"], "total_order": 1, "hotel_value": ["4.9"], "hotel_price": ["413"]}, "470874": {"hotel_name": "\u676d\u5dde\u5170\u5361\u7cbe\u54c1\u9152\u5e97", "order_time": ["2019-01-20 23:12:30"], "total_order": 1, "hotel_value": ["4.5"], "hotel_price": ["431"]}, "6453723": {"hotel_name": "\u676d\u5ddeMr.\u91d1\u7cbe\u54c1\u6c11\u5bbf", "order_time": ["2019-01-20 23:12:31"], "total_order": 1, "hotel_value": ["4.6"], "hotel_price": ["225"]}, "1354962": {"hotel_name": "\u76ca\u6735\u9152\u5e97(\u676d\u5dde\u8427\u5c71\u5e97)", "order_time": ["2019-01-20 23:12:31"], "total_order": 1, "hotel_value": ["4.3"], "hotel_price": ["198"]}, "2313316": {"hotel_name": "\u5982\u5bb6\u5feb\u6377\u9152\u5e97(\u676d\u5dde\u706b\u8f66\u4e1c\u7ad9\u897f\u5e7f\u573a\u65b0\u98ce\u8def\u5e97)", "order_time": ["2019-01-20 23:12:31"], "total_order": 1, "hotel_value": ["4.5"], "hotel_price": ["170"]}, "1409998": {"hotel_name": "\u6d77\u53cb\u9152\u5e97(\u676d\u5dde\u6c5f\u5357\u5927\u9053\u5b9d\u9f99\u57ce\u5e97)(\u539f\u5143\u5bbf\u5370\u8c61\u9152\u5e97\u7701\u513f\u4fdd\u5e97)", "order_time": ["2019-01-20 23:12:31", "2019-01-20 23:30:26"], "total_order": 2, "hotel_value": ["4.1", "4.1"], "hotel_price": ["159", "159"]}, "1771817": {"hotel_name": "\u676d\u5dde\u96c5\u5ba2\u5feb\u6377\u9152\u5e97", "order_time": ["2019-01-20 23:12:32"], "total_order": 1, "hotel_value": ["4.1"], "hotel_price": ["103"]}, "1006951": {"hotel_name": "\u968f\u5bd3\u9752\u5e74\u9152\u5e97(\u676d\u5dde\u4f51\u820d\u5e97)", "order_time": ["2019-01-20 23:12:33"], "total_order": 1, "hotel_value": ["4.4"], "hotel_price": ["99"]}, "850004": {"hotel_name": "\u5982\u5bb6\u5feb\u6377\u9152\u5e97(\u676d\u5dde\u706b\u8f66\u4e1c\u7ad9\u6d59\u5927\u534e\u5bb6\u6c60\u826e\u5c71\u897f\u8def\u5e97)", "order_time": ["2019-01-20 23:12:33"], "total_order": 1, "hotel_value": ["4.5"], "hotel_price": ["113"]}, "924211": {"hotel_name": "\u5343\u5c9b\u6e56\u9f0e\u548c\u5ea6\u5047\u516c\u5bd3\u9152\u5e97", "order_time": ["2019-01-20 23:12:42"], "total_order": 1, "hotel_value": ["4.6"], "hotel_price": ["116"]}, "2260063": {"hotel_name": "\u4e91\u5bbf\u516c\u5bd3\u5f0f\u9152\u5e97(\u676d\u5dde\u897f\u6e56\u5e97)", "order_time": ["2019-01-20 23:46:23", "2019-01-20 23:12:45"], "total_order": 2, "hotel_value": ["4.7", "4.7"], "hotel_price": ["215", "215"]}, "6863961": {"hotel_name": "\u6850\u5e90\u971e\u5ba2\u5546\u52a1\u5bbe\u9986", "order_time": ["2019-01-20 23:12:52"], "total_order": 1, "hotel_value": ["4.0"], "hotel_price": ["198"]}, "12132893": {"hotel_name": "\u6854\u5b50\u7cbe\u9009(\u676d\u5dde\u6ee8\u6c5f\u5927\u5b66\u57ce\u5e97)", "order_time": ["2019-01-20 23:14:24"], "total_order": 1, "hotel_value": ["4.8"], "hotel_price": ["275"]}, "1640009": {"hotel_name": "\u9526\u6c5f\u4e4b\u661f\u54c1\u5c1a(\u676d\u5dde\u897f\u6e56\u5927\u9053\u5357\u5b8b\u5fa1\u8857\u5e97)", "order_time": ["2019-01-21 00:00:22", "2019-01-20 23:14:25", "2019-01-20 23:28:23", "2019-01-20 23:16:24"], "total_order": 4, "hotel_value": ["4.6", "4.6", "4.6", "4.6"], "hotel_price": ["137", "137", "137", "139"]}, "900012": {"hotel_name": "Q\u52a0\u00b7\u7ea2\u83b1\u9152\u5e97(\u676d\u5dde\u8427\u5c71\u56fd\u9645\u673a\u573a\u5e97)", "order_time": ["2019-01-20 23:14:25"], "total_order": 1, "hotel_value": ["4.6"], "hotel_price": ["162"]}, "4852148": {"hotel_name": "\u6021\u83b1\u7cbe\u54c1\u9152\u5e97(\u676d\u5dde\u661f\u5149\u5927\u9053\u5e97)", "order_time": ["2019-01-20 23:14:25"], "total_order": 1, "hotel_value": ["4.2"], "hotel_price": ["294"]}, "445494": {"hotel_name": "\u676d\u5dde\u548c\u4e3d\u7cbe\u54c1\u9152\u5e97", "order_time": ["2019-01-20 23:14:26"], "total_order": 1, "hotel_value": ["4.4"], "hotel_price": ["200"]}, "1709962": {"hotel_name": "\u667a\u9890\u5c1a\u54c1\u9152\u5e97(\u676d\u5dde\u94b1\u6c5f\u65b0\u57ce\u5e97)(\u539f\u7f24\u7eb7\u4e94\u6d32\u5c1a\u54c1\u9152\u5e97)", "order_time": ["2019-01-20 23:14:27"], "total_order": 1, "hotel_value": ["4.6"], "hotel_price": ["262"]}, "439847": {"hotel_name": "\u676d\u5dde\u91d1\u82d1\u5bbe\u9986", "order_time": ["2019-01-20 23:14:27"], "total_order": 1, "hotel_value": ["4.3"], "hotel_price": ["194"]}, "858415": {"hotel_name": "\u676d\u5dde\u897f\u6eaa\u82b1\u95f4\u5802", "order_time": ["2019-01-20 23:14:28"], "total_order": 1, "hotel_value": ["4.5"], "hotel_price": ["569"]}, "8869778": {"hotel_name": "\u676d\u5dde\u51e1\u820d\u8bbe\u8ba1\u5e08\u9152\u5e97", "order_time": ["2019-01-20 23:14:28"], "total_order": 1, "hotel_value": ["4.8"], "hotel_price": ["224"]}, "441372": {"hotel_name": "\u676d\u5dde\u4e94\u6d0b\u5bbe\u9986", "order_time": ["2019-01-20 23:40:21", "2019-01-20 23:14:28"], "total_order": 2, "hotel_value": ["4.8", "4.8"], "hotel_price": ["348", "547"]}, "670047": {"hotel_name": "\u5168\u5b63\u9152\u5e97(\u676d\u5dde\u897f\u6e56\u6d63\u7eb1\u8def\u5e97)", "order_time": ["2019-01-20 23:14:28"], "total_order": 1, "hotel_value": ["4.8"], "hotel_price": ["313"]}, "1615454": {"hotel_name": "\u676d\u5dde\u559c\u66fc\u591a\u5546\u52a1\u9152\u5e97", "order_time": ["2019-01-20 23:14:29"], "total_order": 1, "hotel_value": ["4.0"], "hotel_price": ["220"]}, "13967844": {"hotel_name": "\u676d\u5dde\u5bf9\u8c61\u5bb6\u9752\u5e74\u65c5\u793e\u5927\u798f\u6e05\u5df7\u5e97", "order_time": ["2019-01-20 23:14:30"], "total_order": 1, "hotel_value": ["4.6"], "hotel_price": ["49"]}, "6836912": {"hotel_name": "\u676d\u5dde\u76db\u5bb6\u7cbe\u54c1\u9152\u5e97", "order_time": ["2019-01-20 23:14:30"], "total_order": 1, "hotel_value": ["4.6"], "hotel_price": ["98"]}, "816802": {"hotel_name": "\u676d\u5dde\u8bfa\u4e01\u987f\u5047\u65e5\u9152\u5e97", "order_time": ["2019-01-20 23:14:32"], "total_order": 1, "hotel_value": ["4.4"], "hotel_price": ["193"]}, "1217305": {"hotel_name": "\u4e94\u6d0b\u516c\u9986(\u676d\u5dde\u897f\u6e56\u5e97)", "order_time": ["2019-01-20 23:34:25", "2019-01-20 23:14:33"], "total_order": 2, "hotel_value": ["4.5", "4.5"], "hotel_price": ["158", "158"]}, "481242": {"hotel_name": "\u5e03\u4e01\u9152\u5e97(\u676d\u5dde\u897f\u6e56\u51e4\u8d77\u8def\u5e97)", "order_time": ["2019-01-20 23:14:39"], "total_order": 1, "hotel_value": ["4.2"], "hotel_price": ["114"]}, "799298": {"hotel_name": "\u7ef4\u4e5f\u7eb3\u9152\u5e97(\u676d\u5dde\u4f59\u676d\u4e34\u5e73\u5e97)", "order_time": ["2019-01-20 23:14:41"], "total_order": 1, "hotel_value": ["4.8"], "hotel_price": ["228"]}, "346320": {"hotel_name": "\u5343\u5c9b\u6e56\u6d32\u9645\u5ea6\u5047\u9152\u5e97", "order_time": ["2019-01-20 23:14:41", "2019-01-20 23:26:34"], "total_order": 2, "hotel_value": ["4.8", "4.8"], "hotel_price": ["733", "733"]}, "1704980": {"hotel_name": "\u5efa\u5fb7\u5982\u9890\u7cbe\u9009\u9152\u5e97(\u539f\u65b0\u4e1c\u65b9\u5546\u52a1\u9152\u5e97)", "order_time": ["2019-01-20 23:14:42"], "total_order": 1, "hotel_value": ["4.5"], "hotel_price": ["250"]}, "469216": {"hotel_name": "\u5168\u5b63\u9152\u5e97(\u676d\u5dde\u6b66\u6797\u5e7f\u573a\u5317\u5e97)", "order_time": ["2019-01-20 23:14:44"], "total_order": 1, "hotel_value": ["4.8"], "hotel_price": ["303"]}, "890332": {"hotel_name": "\u4e94\u6d0b\u516c\u9986(\u676d\u5dde\u6cb3\u574a\u8857\u706b\u8f66\u57ce\u7ad9\u5e97)", "order_time": ["2019-01-20 23:16:23", "2019-01-20 23:24:25"], "total_order": 2, "hotel_value": ["4.6", "4.6"], "hotel_price": ["142", "142"]}, "14248272": {"hotel_name": "\u5982\u5bb6\u7cbe\u9009(\u676d\u5dde\u56db\u5b63\u9752\u670d\u88c5\u5e02\u573a\u6e05\u6c5f\u8def\u5e97)", "order_time": ["2019-01-20 23:16:23"], "total_order": 1, "hotel_value": ["4.8"], "hotel_price": ["199"]}, "839544": {"hotel_name": "\u676d\u5dde\u96f7\u8fea\u68ee\u94c2\u4e3d\u5927\u996d\u5e97", "order_time": ["2019-01-20 23:16:23"], "total_order": 1, "hotel_value": ["4.9"], "hotel_price": ["718"]}, "975704": {"hotel_name": "\u5168\u5b63\u9152\u5e97(\u676d\u5dde\u9ec4\u9f99\u5e97)", "order_time": ["2019-01-20 23:50:22", "2019-01-20 23:16:24"], "total_order": 2, "hotel_value": ["4.8", "4.8"], "hotel_price": ["275", "275"]}, "2303628": {"hotel_name": "99\u65c5\u9986\u8fde\u9501(\u676d\u5dde\u4e54\u53f8\u5730\u94c1\u7ad9\u5e97)", "order_time": ["2019-01-20 23:16:26"], "total_order": 1, "hotel_value": ["4.1"], "hotel_price": ["104"]}, "19614305": {"hotel_name": "\u67cf\u66fc\u9152\u5e97(\u676d\u5dde\u4eba\u6c11\u8def\u5730\u94c1\u7ad9\u5e97)", "order_time": ["2019-01-20 23:16:26"], "total_order": 1, "hotel_value": ["4.4"], "hotel_price": ["159"]}, "1453082": {"hotel_name": "\u676d\u5dde\u9f99\u9f0e\u5927\u9152\u5e97", "order_time": ["2019-01-20 23:16:26"], "total_order": 1, "hotel_value": ["4.5"], "hotel_price": ["130"]}, "24768246": {"hotel_name": "\u676d\u5dde\u672a\u6765\u79d1\u6280\u57ce\u6d77\u521b\u56ed\u4e9a\u6735\u9152\u5e97", "order_time": ["2019-01-20 23:16:26"], "total_order": 1, "hotel_value": ["4.8"], "hotel_price": ["513"]}, "1625068": {"hotel_name": "\u6052\u4f73\u7cbe\u54c1\u9152\u5e97(\u676d\u5dde\u6b66\u6797\u8def\u5e97)", "order_time": ["2019-01-20 23:16:26"], "total_order": 1, "hotel_value": ["4.4"], "hotel_price": ["133"]}, "2095639": {"hotel_name": "\u676d\u5dde\u5d07\u51ef\u5927\u9152\u5e97", "order_time": ["2019-01-20 23:16:27"], "total_order": 1, "hotel_value": ["3.6"], "hotel_price": ["199"]}, "26621907": {"hotel_name": "\u676d\u5dde\u94b1\u6f6e\u660e\u6708\u516c\u5bd3", "order_time": ["2019-01-20 23:16:29"], "total_order": 1, "hotel_value": [0], "hotel_price": ["159"]}, "18450402": {"hotel_name": "\u676d\u5dde\u8317\u83b1\u5546\u52a1\u9152\u5e97", "order_time": ["2019-01-20 23:16:29", "2019-01-20 23:28:24"], "total_order": 2, "hotel_value": ["4.5", "4.5"], "hotel_price": ["171", "171"]}, "1462863": {"hotel_name": "\u676d\u5dde\u5929\u9005\u9152\u5e97", "order_time": ["2019-01-20 23:18:22"], "total_order": 1, "hotel_value": ["4.5"], "hotel_price": ["128"]}, "21747700": {"hotel_name": "\u676d\u5dde\u4f18\u5c4b\u7f8e\u5bbf\u706b\u8f66\u4e1c\u7ad9\u5929\u57ce\u8def\u670d\u52a1\u516c\u5bd3", "order_time": ["2019-01-20 23:18:22", "2019-01-20 23:24:26"], "total_order": 2, "hotel_value": ["4.7", "4.7"], "hotel_price": ["186", "186"]}, "15083387": {"hotel_name": "\u676d\u5dde\u897f\u6e56\u5e73\u6d77\u8def\u4e9a\u6735\u9152\u5e97", "order_time": ["2019-01-20 23:18:22"], "total_order": 1, "hotel_value": ["4.8"], "hotel_price": ["459"]}, "1229386": {"hotel_name": "\u6d59\u6c5f\u5927\u5b66\u5706\u6b63\u00b7\u897f\u6eaa\u5bbe\u9986", "order_time": ["2019-01-20 23:18:22"], "total_order": 1, "hotel_value": ["4.6"], "hotel_price": ["287"]}, "2919626": {"hotel_name": "\u676d\u5dde\u4e3d\u6676\u7f8e\u5e90\u9152\u5e97", "order_time": ["2019-01-20 23:18:23"], "total_order": 1, "hotel_value": ["4.7"], "hotel_price": ["742"]}, "438261": {"hotel_name": "\u7ef4\u4e5f\u7eb3\u56fd\u9645\u9152\u5e97(\u676d\u5dde\u6b66\u6797\u5e7f\u573a\u5e97)", "order_time": ["2019-01-20 23:18:23"], "total_order": 1, "hotel_value": ["4.8"], "hotel_price": ["268"]}, "6799454": {"hotel_name": "Q\u52a0\u00b7\u676d\u5dde\u676d\u97f5\u5ba2\u6808", "order_time": ["2019-01-20 23:18:23"], "total_order": 1, "hotel_value": ["4.6"], "hotel_price": ["102"]}, "19632358": {"hotel_name": "\u67cf\u8bd7\u9152\u5e97(\u676d\u5dde\u94b1\u5858\u6c5f\u91d1\u94c2\u6e7e\u5e97)", "order_time": ["2019-01-20 23:18:24"], "total_order": 1, "hotel_value": ["4.6"], "hotel_price": ["907"]}, "438232": {"hotel_name": "\u676d\u5dde\u534e\u5317\u996d\u5e97(\u6d59\u6c5f\u7701\u519b\u533a\u7b2c\u4e00\u62db\u5f85\u6240)", "order_time": ["2019-01-20 23:18:24"], "total_order": 1, "hotel_value": ["4.3"], "hotel_price": ["418"]}, "914847": {"hotel_name": "\u676d\u5dde\u5a01\u5ec9\u7684\u592a\u5983\u7cd6\u9152\u5e97", "order_time": ["2019-01-20 23:18:24"], "total_order": 1, "hotel_value": ["4.6"], "hotel_price": ["175"]}, "10833937": {"hotel_name": "\u676d\u5dde\u4f18\u5c4b\u7f8e\u5bbf\u79ef\u5bb6\u4e2d\u533b\u836f\u5927\u5b66\u670d\u52a1\u516c\u5bd3", "order_time": ["2019-01-20 23:18:25"], "total_order": 1, "hotel_value": ["4.7"], "hotel_price": ["211"]}, "6111577": {"hotel_name": "\u676d\u5dde\u7389\u5ead\u81fb\u54c1\u9152\u5e97", "order_time": ["2019-01-20 23:18:26"], "total_order": 1, "hotel_value": ["4.7"], "hotel_price": ["179"]}, "6666007": {"hotel_name": "\u676d\u5dde\u5c71\u5439\u6c11\u5bbf", "order_time": ["2019-01-20 23:18:27", "2019-01-20 23:20:29"], "total_order": 2, "hotel_value": ["4.9", "4.9"], "hotel_price": ["403", "403"]}, "443814": {"hotel_name": "\u676d\u5dde\u94c2\u5bab\u9152\u5e97", "order_time": ["2019-01-20 23:18:27"], "total_order": 1, "hotel_value": ["4.4"], "hotel_price": ["198"]}, "1748617": {"hotel_name": "\u676d\u5dde\u8377\u98ce\u6816\u8bed\u4e3b\u9898\u9152\u5e97", "order_time": ["2019-01-20 23:18:29"], "total_order": 1, "hotel_value": ["4.6"], "hotel_price": ["148"]}, "27843779": {"hotel_name": "\u676d\u5ddeLA Campus\u827a\u672f\u9152\u5e97", "order_time": ["2019-01-20 23:18:29"], "total_order": 1, "hotel_value": ["4.9"], "hotel_price": ["188"]}, "4630227": {"hotel_name": "\u676d\u5dde\u676d\u6cf0\u5047\u65e5\u9152\u5e97", "order_time": ["2019-01-21 00:02:23", "2019-01-20 23:18:31"], "total_order": 2, "hotel_value": ["4.0", "4.0"], "hotel_price": ["79", "79"]}, "21132414": {"hotel_name": "\u676d\u5dde\u94c2\u6717\u7cbe\u54c1\u9152\u5e97", "order_time": ["2019-01-20 23:18:31"], "total_order": 1, "hotel_value": ["3.9"], "hotel_price": ["218"]}, "437043": {"hotel_name": "\u6850\u5e90\u5f00\u5143\u540d\u90fd\u5927\u9152\u5e97", "order_time": ["2019-01-20 23:18:32"], "total_order": 1, "hotel_value": ["4.7"], "hotel_price": ["388"]}, "1972726": {"hotel_name": "\u6850\u5e90\u6c5f\u60a6\u84dd\u5ef7\u9152\u5e97", "order_time": ["2019-01-20 23:18:32"], "total_order": 1, "hotel_value": ["4.4"], "hotel_price": ["97"]}, "1374166": {"hotel_name": "\u676d\u5dde\u6e56\u5c1a\u5047\u65e5\u9152\u5e97", "order_time": ["2019-01-20 23:36:26", "2019-01-20 23:18:34"], "total_order": 2, "hotel_value": ["2.3", "2.3"], "hotel_price": ["197", "197"]}, "1704987": {"hotel_name": "\u6d59\u6c5f\u4f20\u5a92\u5b66\u9662\u56fd\u9645\u4ea4\u6d41\u4e2d\u5fc3", "order_time": ["2019-01-20 23:20:22"], "total_order": 1, "hotel_value": ["4.4"], "hotel_price": ["214"]}, "6472029": {"hotel_name": "\u676d\u5dde\u65e9\u5b89\u4e91\u5c45\u9152\u5e97\u5f0f\u516c\u5bd3(\u8fdc\u6d0b\u516c\u9986\u5e97)", "order_time": ["2019-01-20 23:20:22"], "total_order": 1, "hotel_value": ["4.5"], "hotel_price": ["190"]}, "2313472": {"hotel_name": "\u5168\u5b63\u9152\u5e97(\u676d\u5dde\u4e0b\u6c99\u7ecf\u6d4e\u5f00\u53d1\u533a\u5e97)", "order_time": ["2019-01-20 23:20:23"], "total_order": 1, "hotel_value": ["4.8"], "hotel_price": ["389"]}, "12135133": {"hotel_name": "\u676d\u5dde\u94b1\u6c5f\u4e16\u7eaa\u57ce\u5e0c\u5c14\u987f\u6b22\u670b\u9152\u5e97", "order_time": ["2019-01-20 23:20:23"], "total_order": 1, "hotel_value": ["4.8"], "hotel_price": ["469"]}, "371172": {"hotel_name": "\u676d\u5dde\u897f\u6eaa\u5929\u5802\u897f\u8f69\u9152\u5e97", "order_time": ["2019-01-20 23:20:23"], "total_order": 1, "hotel_value": ["4.7"], "hotel_price": ["614"]}, "5704766": {"hotel_name": "\u676d\u5dde\u8776\u6765\u96c5\u8c37\u6cc9\u5c71\u5e84", "order_time": ["2019-01-20 23:20:24"], "total_order": 1, "hotel_value": ["4.8"], "hotel_price": ["28888"]}, "434635": {"hotel_name": "\u676d\u5dde\u4f17\u5b89\u534e\u7eb3\u5047\u65e5\u5927\u9152\u5e97", "order_time": ["2019-01-20 23:20:24"], "total_order": 1, "hotel_value": ["4.6"], "hotel_price": ["257"]}, "1580527": {"hotel_name": "\u71d5\u9685\u5c0f\u7b51(\u676d\u5dde\u897f\u6e56\u5e97)", "order_time": ["2019-01-20 23:20:25"], "total_order": 1, "hotel_value": ["4.5"], "hotel_price": ["97"]}, "6383584": {"hotel_name": "\u67cf\u84dd\u7cbe\u54c1\u9152\u5e97(\u676d\u5dde\u897f\u6eaa\u5370\u8c61\u57ce\u5e97)", "order_time": ["2019-01-20 23:20:25"], "total_order": 1, "hotel_value": ["4.5"], "hotel_price": ["199"]}, "23742028": {"hotel_name": "\u676d\u5dde\u8bd7\u60a6\u9601\u91d1\u94c2\u6e7e\u6c5f\u666f\u516c\u5bd3", "order_time": ["2019-01-20 23:20:25"], "total_order": 1, "hotel_value": ["4.3"], "hotel_price": ["749"]}, "1894646": {"hotel_name": "\u676d\u5dde\u534e\u5e1d\u6e2f\u00b7\u60a6\u4ead\u6982\u5ff5\u9152\u5e97(\u539f\u534e\u5e1d\u6e2f\u5bbe\u9986)", "order_time": ["2019-01-20 23:20:28"], "total_order": 1, "hotel_value": ["4.7"], "hotel_price": ["234"]}, "434835": {"hotel_name": "\u676d\u5dde\u5723\u7687\u5723\u54c1\u5c1a\u9152\u5e97", "order_time": ["2019-01-20 23:20:28"], "total_order": 1, "hotel_value": ["3.7"], "hotel_price": ["132"]}, "1641916": {"hotel_name": "\u676d\u5dde\u9752\u5ead\u56fd\u9645\u9752\u5e74\u65c5\u820d", "order_time": ["2019-01-20 23:20:29"], "total_order": 1, "hotel_value": ["4.4"], "hotel_price": ["60"]}, "4715303": {"hotel_name": "\u676d\u5dde\u82cd\u5c71\u7cbe\u54c1\u9152\u5e97", "order_time": ["2019-01-20 23:20:31"], "total_order": 1, "hotel_value": ["4.3"], "hotel_price": ["171"]}, "1840500": {"hotel_name": "\u676d\u5dde\u7f18\u6b23\u7f18\u65c5\u9986", "order_time": ["2019-01-20 23:44:28", "2019-01-20 23:20:34"], "total_order": 2, "hotel_value": ["4.0", "4.0"], "hotel_price": ["98", "98"]}, "1120512": {"hotel_name": "\u676d\u5dde\u51ef\u5982\u5546\u52a1\u9152\u5e97", "order_time": ["2019-01-20 23:20:37"], "total_order": 1, "hotel_value": ["3.0"], "hotel_price": ["88"]}, "373059": {"hotel_name": "\u676d\u5dde\u9ec4\u9f99\u996d\u5e97", "order_time": ["2019-01-20 23:22:23"], "total_order": 1, "hotel_value": ["4.9"], "hotel_price": ["898"]}, "1710007": {"hotel_name": "\u5e03\u6d1b\u9152\u5e97\u5f0f\u516c\u5bd3(\u676d\u5dde\u6ee8\u6c5f\u661f\u5149\u5927\u9053\u5e97)", "order_time": ["2019-01-20 23:22:24"], "total_order": 1, "hotel_value": ["4.3"], "hotel_price": ["202"]}, "684429": {"hotel_name": "\u676d\u5dde\u6d66\u4eac\u82b1\u56ed\u9152\u5e97", "order_time": ["2019-01-20 23:22:24"], "total_order": 1, "hotel_value": ["4.6"], "hotel_price": ["298"]}, "666972": {"hotel_name": "\u901f8\u9152\u5e97(\u676d\u5dde\u8427\u5c71\u56fd\u9645\u673a\u573a\u5e97)", "order_time": ["2019-01-20 23:22:25"], "total_order": 1, "hotel_value": ["4.2"], "hotel_price": ["174"]}, "1766311": {"hotel_name": "\u676d\u5dde\u963f\u8010\u65af\u9152\u5e97", "order_time": ["2019-01-20 23:22:27"], "total_order": 1, "hotel_value": ["4.1"], "hotel_price": ["103"]}, "23412996": {"hotel_name": "\u676d\u5dde\u73ba\u4f18\u5c45\u516c\u5bd3", "order_time": ["2019-01-20 23:22:29"], "total_order": 1, "hotel_value": ["4.5"], "hotel_price": ["198"]}, "1434210": {"hotel_name": "\u676d\u5dde\u5c45\u4ed5\u8d1d\u58f3\u9152\u5e97", "order_time": ["2019-01-20 23:22:30"], "total_order": 1, "hotel_value": ["4.3"], "hotel_price": ["93"]}, "26451843": {"hotel_name": "\u676d\u5dde\u4f18\u66fc\u4e3b\u9898\u9152\u5e97", "order_time": ["2019-01-20 23:22:30"], "total_order": 1, "hotel_value": [0], "hotel_price": ["138"]}, "992192": {"hotel_name": "\u676d\u5dde\u534a\u4ea9\u65b9\u5858\u5ba2\u6808", "order_time": ["2019-01-20 23:22:30"], "total_order": 1, "hotel_value": ["4.7"], "hotel_price": ["252"]}, "1244405": {"hotel_name": "\u683c\u6797\u8054\u76df\u9152\u5e97(\u676d\u5dde\u5ba2\u8fd0\u4e2d\u5fc3\u7ad9\u5e97)", "order_time": ["2019-01-20 23:22:32"], "total_order": 1, "hotel_value": ["4.0"], "hotel_price": ["134"]}, "1225178": {"hotel_name": "\u4e34\u5b89\u797a\u6b23\u5927\u9152\u5e97", "order_time": ["2019-01-20 23:22:36"], "total_order": 1, "hotel_value": ["4.4"], "hotel_price": ["236"]}, "26221735": {"hotel_name": "\u676d\u5dde\u79c0\u9152\u5e97", "order_time": ["2019-01-20 23:24:24", "2019-01-20 23:28:23", "2019-01-20 23:40:24"], "total_order": 3, "hotel_value": ["4.9", "4.9", "4.9"], "hotel_price": ["345", "345", "345"]}, "15709207": {"hotel_name": "\u676d\u5dde\u672a\u6765\u79d1\u6280\u57ce\u4e9a\u6735S\u9152\u5e97", "order_time": ["2019-01-20 23:24:25"], "total_order": 1, "hotel_value": ["4.8"], "hotel_price": ["433"]}, "453424": {"hotel_name": "\u676d\u5dde\u9999\u6ea2\u6d63\u7eb1\u5bbe\u9986", "order_time": ["2019-01-20 23:24:25"], "total_order": 1, "hotel_value": ["4.6"], "hotel_price": ["269"]}, "848702": {"hotel_name": "\u5982\u5bb6\u5feb\u6377\u9152\u5e97(\u676d\u5dde\u897f\u6e56\u9ec4\u9f99\u65c5\u6e38\u96c6\u6563\u4e2d\u5fc3\u5e97)", "order_time": ["2019-01-20 23:24:25"], "total_order": 1, "hotel_value": ["4.3"], "hotel_price": ["135"]}, "6395948": {"hotel_name": "\u676d\u5dde\u4e1c\u65b9\u5a01\u5c3c\u65af\u56fd\u9645\u5927\u9152\u5e97", "order_time": ["2019-01-20 23:24:25"], "total_order": 1, "hotel_value": ["4.3"], "hotel_price": ["331"]}, "2091497": {"hotel_name": "\u676d\u5dde\u51ef\u57ce\u5feb\u6377\u9152\u5e97", "order_time": ["2019-01-20 23:24:25"], "total_order": 1, "hotel_value": ["4.5"], "hotel_price": ["79"]}, "438098": {"hotel_name": "\u676d\u5dde\u9a6c\u53ef\u6ce2\u7f57\u82b1\u56ed\u9152\u5e97", "order_time": ["2019-01-20 23:24:26"], "total_order": 1, "hotel_value": ["4.6"], "hotel_price": ["309"]}, "4976154": {"hotel_name": "\u5168\u5b63\u9152\u5e97(\u676d\u5dde\u8427\u5c71\u4eba\u6c11\u5e7f\u573a\u5e97)", "order_time": ["2019-01-20 23:32:24", "2019-01-20 23:24:26"], "total_order": 2, "hotel_value": ["4.9", "4.9"], "hotel_price": ["313", "313"]}, "469207": {"hotel_name": "\u676d\u5dde\u7b2c\u4e00\u4e16\u754c\u4f11\u95f2\u9152\u5e97(\u539f\u5b8b\u57ce\u5343\u53e4\u60c5\u4e3b\u9898\u9152\u5e97\u676d\u5dde\u6e58\u6e56\u5e97)", "order_time": ["2019-01-20 23:24:26"], "total_order": 1, "hotel_value": ["4.4"], "hotel_price": ["230"]}, "6705438": {"hotel_name": "\u676d\u5dde\u5fc6\u6377\u5927\u9152\u5e97", "order_time": ["2019-01-20 23:24:26"], "total_order": 1, "hotel_value": ["4.6"], "hotel_price": ["179"]}, "4732938": {"hotel_name": "\u676d\u5dde\u5e05\u65fa\u5feb\u6377\u5bbe\u9986", "order_time": ["2019-01-20 23:24:27"], "total_order": 1, "hotel_value": ["4.4"], "hotel_price": ["124"]}, "912340": {"hotel_name": "\u83ab\u6cf0168(\u676d\u5dde\u4e50\u56ed\u6e58\u6e56\u5730\u94c1\u7ad9\u5e97)", "order_time": ["2019-01-20 23:24:28"], "total_order": 1, "hotel_value": ["4.5"], "hotel_price": ["107"]}, "19570410": {"hotel_name": "\u676d\u5dde\u4e4c\u6258\u90a6\u57ce\u5b63\u9152\u5e97", "order_time": ["2019-01-20 23:24:29"], "total_order": 1, "hotel_value": ["3.9"], "hotel_price": ["244"]}, "1709968": {"hotel_name": "\u676d\u5dde\u6ee8\u6c5f\u68a6\u5c14\u5047\u65e5\u9152\u5e97", "order_time": ["2019-01-20 23:24:30"], "total_order": 1, "hotel_value": ["4.1"], "hotel_price": ["281"]}, "2215574": {"hotel_name": "\u9526\u5bab\u9152\u5e97(\u676d\u5dde\u9e3f\u5174\u5e97)", "order_time": ["2019-01-20 23:24:30"], "total_order": 1, "hotel_value": ["4.2"], "hotel_price": ["194"]}, "6836889": {"hotel_name": "\u676d\u5dde\u4e45\u4f73\u7cbe\u9009\u9152\u5e97", "order_time": ["2019-01-20 23:24:31"], "total_order": 1, "hotel_value": ["4.0"], "hotel_price": ["164"]}, "5376802": {"hotel_name": "\u540c\u6210\u4e4b\u7ea6\u9152\u5e97(\u676d\u5dde\u4f59\u676d\u5e97)(\u539f\u79b9\u822a\u8def\u5e97)", "order_time": ["2019-01-20 23:24:33"], "total_order": 1, "hotel_value": [0], "hotel_price": ["168"]}, "1071975": {"hotel_name": "\u5e03\u4e01\u9152\u5e97(\u676d\u5dde\u897f\u6e56\u82cf\u5824\u864e\u8dd1\u8def\u56db\u773c\u4e95\u5e97)", "order_time": ["2019-01-20 23:24:34"], "total_order": 1, "hotel_value": ["4.2"], "hotel_price": ["94"]}, "975714": {"hotel_name": "\u5168\u5b63\u9152\u5e97(\u676d\u5dde\u897f\u6e56\u89e3\u653e\u8def\u5e97)", "order_time": ["2019-01-20 23:26:21"], "total_order": 1, "hotel_value": ["4.8"], "hotel_price": ["275"]}, "21124661": {"hotel_name": "\u676d\u5dde\u56fd\u5c55\u535a\u4e50\u8bd7\u670d\u52a1\u516c\u5bd3", "order_time": ["2019-01-20 23:26:21", "2019-01-20 23:28:22"], "total_order": 2, "hotel_value": ["4.5", "4.5"], "hotel_price": ["185", "185"]}, "1404642": {"hotel_name": "\u94c2\u60a6\u84dd\u6e7e\u9152\u5e97(\u676d\u5dde\u4e4b\u6c5f\u5b8b\u57ce\u7f8e\u9662\u5e97)", "order_time": ["2019-01-20 23:26:21"], "total_order": 1, "hotel_value": ["4.4"], "hotel_price": ["191"]}, "7074849": {"hotel_name": "\u65b0\u7d2b\u7f57\u5170\u827a\u672f\u9152\u5e97(\u676d\u5dde\u897f\u6e56\u94f6\u6cf0\u5e97)", "order_time": ["2019-01-20 23:26:21"], "total_order": 1, "hotel_value": ["4.6"], "hotel_price": ["154"]}, "6543591": {"hotel_name": "\u676d\u5dde\u805a\u745e\u5546\u52a1\u9152\u5e97", "order_time": ["2019-01-20 23:26:22"], "total_order": 1, "hotel_value": ["4.4"], "hotel_price": ["164"]}, "697857": {"hotel_name": "\u6c49\u5ead\u9152\u5e97(\u676d\u5dde\u6d59\u5927\u7d2b\u91d1\u6e2f\u5e97)", "order_time": ["2019-01-20 23:26:23"], "total_order": 1, "hotel_value": ["4.2"], "hotel_price": ["156"]}, "4528754": {"hotel_name": "\u5bcc\u9633\u4e1c\u65b9\u8302\u91d1\u78a7\u6e7e\u5927\u9152\u5e97", "order_time": ["2019-01-20 23:26:23"], "total_order": 1, "hotel_value": ["4.6"], "hotel_price": ["246"]}, "1749157": {"hotel_name": "\u5168\u5b63\u9152\u5e97(\u676d\u5dde\u5357\u5c71\u8def\u603b\u5e97)", "order_time": ["2019-01-20 23:26:23"], "total_order": 1, "hotel_value": ["4.8"], "hotel_price": ["341"]}, "14626708": {"hotel_name": "\u676d\u5dde\u4e50\u5bb6\u9152\u5e97\u5f0f\u516c\u5bd3\u4e07\u901a\u4e2d\u5fc3\u5e97", "order_time": ["2019-01-20 23:26:23"], "total_order": 1, "hotel_value": ["4.8"], "hotel_price": ["193"]}, "1380132": {"hotel_name": "\u83ab\u6cf0168(\u676d\u5dde\u4e94\u5e38\u5927\u9053\u897f\u6eaa\u6e7f\u5730\u5e97)", "order_time": ["2019-01-20 23:26:23"], "total_order": 1, "hotel_value": ["4.3"], "hotel_price": ["123"]}, "1630669": {"hotel_name": "\u676d\u5dde\u4e09\u9f99\u5927\u9152\u5e97", "order_time": ["2019-01-20 23:26:23"], "total_order": 1, "hotel_value": ["4.4"], "hotel_price": ["184"]}, "6041781": {"hotel_name": "\u901f8\u9152\u5e97(\u676d\u5dde\u4e34\u5e73\u5730\u94c1\u7ad9\u5e97)", "order_time": ["2019-01-20 23:26:23"], "total_order": 1, "hotel_value": ["4.5"], "hotel_price": ["174"]}, "1306723": {"hotel_name": "\u676d\u5dde\u6fb3\u67ab\u5feb\u6377\u9152\u5e97", "order_time": ["2019-01-20 23:26:24"], "total_order": 1, "hotel_value": ["4.0"], "hotel_price": ["80"]}, "6435823": {"hotel_name": "\u676d\u5dde\u4e1c\u8fd0\u7cbe\u54c1\u9152\u5e97", "order_time": ["2019-01-20 23:26:24"], "total_order": 1, "hotel_value": ["4.2"], "hotel_price": ["135"]}, "23755173": {"hotel_name": "\u5408\u5bbf\u57ce\u5e02\u827a\u672f\u516c\u5bd3(\u676d\u5dde\u963f\u91cc\u5df4\u5df4\u6d77\u521b\u56ed\u5e97)(\u539f\u6b22\u820d\u57ce\u5e02\u827a\u672f\u516c\u5bd3)", "order_time": ["2019-01-20 23:26:25"], "total_order": 1, "hotel_value": ["4.8"], "hotel_price": ["218"]}, "438435": {"hotel_name": "\u683c\u6797\u8c6a\u6cf0(\u676d\u5dde\u706b\u8f66\u4e1c\u7ad9\u5e97)", "order_time": ["2019-01-20 23:26:26"], "total_order": 1, "hotel_value": ["4.1"], "hotel_price": ["119"]}, "1349076": {"hotel_name": "\u676d\u5dde\u7a7a\u6e2f\u5929\u73b2\u5ba2\u623f", "order_time": ["2019-01-20 23:26:27"], "total_order": 1, "hotel_value": ["3.4"], "hotel_price": ["100"]}, "5648664": {"hotel_name": "\u676d\u5dde\u7d2b\u6770\u5546\u52a1\u9152\u5e97", "order_time": ["2019-01-20 23:26:29"], "total_order": 1, "hotel_value": ["4.1"], "hotel_price": ["119"]}, "26367161": {"hotel_name": "\u68a6\u60f3\u5c0f\u9547\u6c11\u5bbf(\u676d\u5dde\u4ed3\u6ea2\u7eff\u82d1\u5e97)", "order_time": ["2019-01-20 23:26:29"], "total_order": 1, "hotel_value": ["4.3"], "hotel_price": ["119"]}, "378858": {"hotel_name": "\u676d\u5dde\u6d32\u9645\u9152\u5e97", "order_time": ["2019-01-20 23:34:29", "2019-01-20 23:46:27", "2019-01-20 23:26:33"], "total_order": 3, "hotel_value": ["4.7", "4.7", "4.7"], "hotel_price": ["1084", "1084", "1084"]}, "21814790": {"hotel_name": "\u4e34\u5b89\u661f\u91ce\u6c11\u5bbf", "order_time": ["2019-01-20 23:36:34", "2019-01-20 23:26:36"], "total_order": 2, "hotel_value": ["4.9", "4.9"], "hotel_price": ["376", "376"]}, "709093": {"hotel_name": "\u4e34\u5b89\u6e4d\u53e3\u4f17\u5b89\u6c21\u6e29\u6cc9\u5ea6\u5047\u9152\u5e97", "order_time": ["2019-01-20 23:26:37", "2019-01-20 23:30:33"], "total_order": 2, "hotel_value": ["4.6", "4.6"], "hotel_price": ["3346", "3346"]}, "28669564": {"hotel_name": "\u676d\u5dde\u798f\u5143\u9152\u5e97", "order_time": ["2019-01-20 23:28:22"], "total_order": 1, "hotel_value": ["5.0"], "hotel_price": ["288"]}, "453487": {"hotel_name": "\u5168\u5b63\u9152\u5e97(\u676d\u5dde\u897f\u6e56\u5e97)", "order_time": ["2019-01-20 23:28:22"], "total_order": 1, "hotel_value": ["4.8"], "hotel_price": ["322"]}, "430484": {"hotel_name": "\u676d\u5dde\u6d77\u5916\u6d77\u5047\u65e5\u9152\u5e97", "order_time": ["2019-01-20 23:28:23"], "total_order": 1, "hotel_value": ["4.5"], "hotel_price": ["309"]}, "975708": {"hotel_name": "\u5168\u5b63\u9152\u5e97(\u676d\u5dde\u897f\u6e56\u7f8e\u9662\u5e97)", "order_time": ["2019-01-20 23:28:25"], "total_order": 1, "hotel_value": ["4.8"], "hotel_price": ["275"]}, "6429557": {"hotel_name": "\u676d\u5dde\u5ff5\u676d\u7cbe\u54c1\u9152\u5e97", "order_time": ["2019-01-20 23:28:25"], "total_order": 1, "hotel_value": ["4.6"], "hotel_price": ["99"]}, "1630863": {"hotel_name": "\u4e91\u9876\u4e4b\u661f\u676d\u5dde\u5e97", "order_time": ["2019-01-20 23:28:25"], "total_order": 1, "hotel_value": ["4.1"], "hotel_price": ["154"]}, "697841": {"hotel_name": "\u6c49\u5ead\u9152\u5e97(\u676d\u5dde\u9ec4\u9f99\u5e97)", "order_time": ["2019-01-20 23:28:25"], "total_order": 1, "hotel_value": ["4.4"], "hotel_price": ["151"]}, "481231": {"hotel_name": "\u9526\u6c5f\u4e4b\u661f(\u8427\u5c71\u676d\u5dde\u4e50\u56ed\u5e97)", "order_time": ["2019-01-20 23:28:25"], "total_order": 1, "hotel_value": ["4.4"], "hotel_price": ["99"]}, "4388226": {"hotel_name": "\u7f8e\u4e50\u6c40\u9752\u5e74\u65c5\u820d(\u897f\u6e56\u5e97)(\u539fJS\u5bbf\u7f8e\u516c\u9986\u9152\u5e97)", "order_time": ["2019-01-20 23:28:25"], "total_order": 1, "hotel_value": ["4.4"], "hotel_price": ["47"]}, "6615289": {"hotel_name": "\u676d\u5dde\u60a0\u7136\u5c0f\u8c37\u00b7\u5fae\u98ce\u5ba2\u6808", "order_time": ["2019-01-20 23:28:25"], "total_order": 1, "hotel_value": ["4.8"], "hotel_price": ["207"]}, "15717128": {"hotel_name": "\u676d\u5dde\u5b89\u60a6\u9152\u5e97", "order_time": ["2019-01-20 23:28:26"], "total_order": 1, "hotel_value": ["4.4"], "hotel_price": ["183"]}, "1763372": {"hotel_name": "\u6d77\u53cb\u9152\u5e97(\u676d\u5dde\u77f3\u6865\u8def\u5e97)", "order_time": ["2019-01-20 23:28:26"], "total_order": 1, "hotel_value": ["4.1"], "hotel_price": ["142"]}, "697573": {"hotel_name": "\u6c49\u5ead\u9152\u5e97(\u676d\u5dde\u8427\u5c71\u4eba\u6c11\u5e7f\u573a\u5e97)(\u539f\u8427\u5c71\u5e02\u5fc3\u8def\u5e97)", "order_time": ["2019-01-20 23:28:26"], "total_order": 1, "hotel_value": ["4.2"], "hotel_price": ["180"]}, "1640647": {"hotel_name": "\u6d59\u6c5f\u5047\u65e5\u4e4b\u661f\u9152\u5e97(\u676d\u5dde\u706b\u8f66\u4e1c\u7ad9\u5e97)\u539f(\u676d\u5dde\u6587\u6656\u5e97)", "order_time": ["2019-01-20 23:28:26"], "total_order": 1, "hotel_value": ["4.2"], "hotel_price": ["116"]}, "900103": {"hotel_name": "\u676d\u5dde\u5982\u91ce\u6c11\u5bbf", "order_time": ["2019-01-20 23:30:23"], "total_order": 1, "hotel_value": ["4.8"], "hotel_price": ["304"]}, "1619719": {"hotel_name": "\u6854\u5b50\u6c34\u6676\u9152\u5e97(\u676d\u5dde\u6c5f\u9675\u8def\u5730\u94c1\u7ad9\u5e97)(\u539f\u661f\u5149\u5927\u9053\u5e97)", "order_time": ["2019-01-20 23:30:23"], "total_order": 1, "hotel_value": ["4.9"], "hotel_price": ["427"]}, "445476": {"hotel_name": "\u676d\u5dde\u4ec1\u548c\u996d\u5e97", "order_time": ["2019-01-20 23:30:24"], "total_order": 1, "hotel_value": ["4.6"], "hotel_price": ["278"]}, "965294": {"hotel_name": "\u5e7f\u666f\u9152\u5e97(\u676d\u5dde\u8427\u5c71\u56fd\u9645\u673a\u573a\u5e97)", "order_time": ["2019-01-20 23:30:24"], "total_order": 1, "hotel_value": ["4.2"], "hotel_price": ["137"]}, "1100458": {"hotel_name": "\u5982\u5bb6\u5feb\u6377\u9152\u5e97(\u676d\u5dde\u897f\u6e56\u65ad\u6865\u5e97)", "order_time": ["2019-01-20 23:30:24"], "total_order": 1, "hotel_value": ["4.3"], "hotel_price": ["132"]}, "12628160": {"hotel_name": "\u676d\u5dde\u8f69\u69ad\u9152\u5e97", "order_time": ["2019-01-20 23:30:25"], "total_order": 1, "hotel_value": ["4.0"], "hotel_price": ["138"]}, "1764472": {"hotel_name": "\u661f\u7a0b\u9152\u5e97(\u676d\u5dde\u548c\u5e73\u4f1a\u5c55\u4e2d\u5fc3\u5e97)(\u539f\u5929\u4e3d\u5546\u52a1\u9152\u5e97)", "order_time": ["2019-01-20 23:30:25"], "total_order": 1, "hotel_value": ["4.2"], "hotel_price": ["197"]}, "1705000": {"hotel_name": "\u676d\u5dde\u4e9a\u4f26\u5927\u9152\u5e97", "order_time": ["2019-01-20 23:30:26"], "total_order": 1, "hotel_value": ["4.2"], "hotel_price": ["173"]}, "697884": {"hotel_name": "\u6c49\u5ead\u9152\u5e97(\u676d\u5dde\u897f\u6e56\u65ad\u6865\u4fdd\u4ff6\u8def\u9152\u5e97)", "order_time": ["2019-01-20 23:30:26"], "total_order": 1, "hotel_value": ["4.3"], "hotel_price": ["161"]}, "1768122": {"hotel_name": "\u5bcc\u9633\u4e07\u80fd\u5927\u9152\u5e97", "order_time": ["2019-01-21 00:00:24", "2019-01-20 23:30:27"], "total_order": 2, "hotel_value": ["3.9", "3.9"], "hotel_price": ["118", "118"]}, "6442162": {"hotel_name": "\u676d\u5dde\u9ad8\u5ead\u9152\u5e97", "order_time": ["2019-01-20 23:52:24", "2019-01-20 23:30:27"], "total_order": 2, "hotel_value": ["4.6", "4.6"], "hotel_price": ["88", "88"]}, "19678663": {"hotel_name": "\u534e\u8c37\u9152\u5e97\u5f0f\u516c\u5bd3(\u676d\u5dde\u963f\u91cc\u5df4\u5df4EFC\u91d1\u878d\u4e2d\u5fc3\u5e97)", "order_time": ["2019-01-20 23:30:27"], "total_order": 1, "hotel_value": ["4.7"], "hotel_price": ["290"]}, "660305": {"hotel_name": "\u7ef4\u4e5f\u7eb3\u9152\u5e97(\u676d\u5dde\u5bcc\u9633\u5e97)(\u539f\u7687\u5bb6\u5927\u9152\u5e97)", "order_time": ["2019-01-20 23:30:31"], "total_order": 1, "hotel_value": ["4.9"], "hotel_price": ["256"]}, "15161206": {"hotel_name": "\u7f8e\u8c6a\u9152\u5e97(\u676d\u5dde\u6d59\u5927\u897f\u6eaa\u7d2b\u91d1\u6e2f\u65d7\u8230\u5e97)", "order_time": ["2019-01-20 23:32:22"], "total_order": 1, "hotel_value": ["4.8"], "hotel_price": ["272"]}, "435371": {"hotel_name": "\u676d\u5dde\u5927\u53a6", "order_time": ["2019-01-20 23:32:22"], "total_order": 1, "hotel_value": ["4.7"], "hotel_price": ["560"]}, "18516707": {"hotel_name": "\u676d\u5dde\u9ea6\u5bb6\u9152\u5e97", "order_time": ["2019-01-20 23:32:22"], "total_order": 1, "hotel_value": ["4.8"], "hotel_price": ["229"]}, "1709339": {"hotel_name": "\u676d\u5dde\u5929\u5730\u4eba\u5927\u9152\u5e97", "order_time": ["2019-01-20 23:32:22"], "total_order": 1, "hotel_value": ["4.6"], "hotel_price": ["216"]}, "419382": {"hotel_name": "\u676d\u5dde\u826f\u6e1a\u541b\u6f9c\u5ea6\u5047\u9152\u5e97", "order_time": ["2019-01-20 23:32:23"], "total_order": 1, "hotel_value": ["4.8"], "hotel_price": ["713"]}, "22013541": {"hotel_name": "\u676d\u5dde\u672a\u6765\u79d1\u6280\u57ceCitiGO \u6b22\u9601\u9152\u5e97", "order_time": ["2019-01-20 23:32:24"], "total_order": 1, "hotel_value": ["4.8"], "hotel_price": ["276"]}, "968489": {"hotel_name": "\u6c49\u5ead\u9152\u5e97(\u676d\u5dde\u6b66\u6797\u5e7f\u573a\u5e97)", "order_time": ["2019-01-20 23:32:24"], "total_order": 1, "hotel_value": ["4.6"], "hotel_price": ["170"]}, "7276739": {"hotel_name": "\u5168\u5b63\u9152\u5e97(\u676d\u5dde\u94b1\u6c5f\u65b0\u57ce\u65b0\u5858\u8def\u5e97)", "order_time": ["2019-01-20 23:32:24"], "total_order": 1, "hotel_value": ["4.8"], "hotel_price": ["341"]}, "1415106": {"hotel_name": "\u676d\u5dde\u91d1\u8fc8\u7eb3\u5927\u9152\u5e97", "order_time": ["2019-01-20 23:32:25"], "total_order": 1, "hotel_value": ["4.2"], "hotel_price": ["306"]}, "474024": {"hotel_name": "\u676d\u5dde\u660e\u65e5\u5bbe\u9986", "order_time": ["2019-01-20 23:32:25"], "total_order": 1, "hotel_value": ["3.9"], "hotel_price": ["256"]}, "1504899": {"hotel_name": "\u676d\u5dde\u96c5\u5c1a\u5bbe\u9986", "order_time": ["2019-01-20 23:32:26"], "total_order": 1, "hotel_value": ["4.4"], "hotel_price": ["127"]}, "8331709": {"hotel_name": "\u676d\u5dde\u5409\u60a6\u9ad8\u7ea7\u516c\u5bd3\u5f0f\u9152\u5e97", "order_time": ["2019-01-20 23:32:26"], "total_order": 1, "hotel_value": ["4.8"], "hotel_price": ["174"]}, "17589640": {"hotel_name": "\u676d\u5dde\u9f13\u97f5\u56fd\u9645\u9752\u5e74\u65c5\u820d\u897f\u6e56\u7075\u9690\u5bfa\u5e97", "order_time": ["2019-01-20 23:32:27"], "total_order": 1, "hotel_value": ["4.7"], "hotel_price": ["24"]}, "6656987": {"hotel_name": "Zsmart\u667a\u5c1a\u9152\u5e97(\u676d\u5dde\u897f\u6e56\u6d59\u4e00\u5e97)", "order_time": ["2019-01-20 23:32:27"], "total_order": 1, "hotel_value": ["4.6"], "hotel_price": ["189"]}, "1120217": {"hotel_name": "\u676d\u5dde\u4f18\u6a59\u4e3b\u9898\u8fde\u9501\u9152\u5e97", "order_time": ["2019-01-20 23:32:27"], "total_order": 1, "hotel_value": ["4.2"], "hotel_price": ["114"]}, "22562197": {"hotel_name": "\u9ea6\u745e\u5947\u8f7b\u5962\u516c\u5bd3\u5f0f\u9152\u5e97(\u676d\u5dde\u963f\u91cc\u5df4\u5df4\u6d77\u521b\u56ed\u5e97)", "order_time": ["2019-01-20 23:32:28"], "total_order": 1, "hotel_value": ["4.9"], "hotel_price": ["312"]}, "4334526": {"hotel_name": "\u8d1d\u58f3\u9152\u5e97 (\u676d\u5dde\u4e0b\u6c99\u5f00\u53d1\u533a\u5b66\u6b63\u8857\u5e97)", "order_time": ["2019-01-20 23:32:28"], "total_order": 1, "hotel_value": ["3.8"], "hotel_price": ["109"]}, "4971923": {"hotel_name": "\u6854\u5b50\u9152\u5e97\u7cbe\u9009(\u676d\u5dde\u4e5d\u5821\u5ba2\u8fd0\u4e2d\u5fc3\u5e97)", "order_time": ["2019-01-20 23:34:22"], "total_order": 1, "hotel_value": ["4.9"], "hotel_price": ["341"]}, "6550036": {"hotel_name": "\u676d\u5ddeJD\u94c2\u8c6a\u9152\u5e97(\u8427\u5c71\u673a\u573a\u5e97)", "order_time": ["2019-01-20 23:34:23"], "total_order": 1, "hotel_value": ["4.4"], "hotel_price": ["184"]}, "11910136": {"hotel_name": "\u671b\u666f\u9152\u5e97(\u676d\u5dde\u4e2d\u5927\u94f6\u6cf0\u6811\u5170\u5e97)", "order_time": ["2019-01-20 23:34:23"], "total_order": 1, "hotel_value": ["4.4"], "hotel_price": ["217"]}, "13658017": {"hotel_name": "\u676d\u5dde\u5ead\u6cca\u57ce\u5e02\u9152\u5e97", "order_time": ["2019-01-20 23:34:24"], "total_order": 1, "hotel_value": ["4.6"], "hotel_price": ["262"]}, "1740659": {"hotel_name": "\u676d\u5dde\u7f8e\u62c9\u601d\u65f6\u5c1a\u7cbe\u54c1\u9152\u5e97", "order_time": ["2019-01-20 23:34:27"], "total_order": 1, "hotel_value": ["4.2"], "hotel_price": ["184"]}, "6549612": {"hotel_name": "\u5343\u5c9b\u6e56\u9e3f\u5ef7\u56fd\u9645\u9152\u5e97", "order_time": ["2019-01-20 23:34:27"], "total_order": 1, "hotel_value": ["4.7"], "hotel_price": ["229"]}, "4378023": {"hotel_name": "\u5efa\u5fb7\u7687\u7235\u7cbe\u54c1\u9152\u5e97", "order_time": ["2019-01-20 23:34:29"], "total_order": 1, "hotel_value": ["4.4"], "hotel_price": ["206"]}, "449727": {"hotel_name": "\u5343\u5c9b\u6e56\u4e3d\u666f\u9152\u5e97", "order_time": ["2019-01-20 23:34:29"], "total_order": 1, "hotel_value": ["4.4"], "hotel_price": ["113"]}, "5464135": {"hotel_name": "\u5982\u5bb6\u5feb\u6377\u9152\u5e97(\u676d\u5dde\u706b\u8f66\u4e1c\u7ad9\u5230\u8fbe\u5927\u5385\u5e97)", "order_time": ["2019-01-20 23:36:20"], "total_order": 1, "hotel_value": ["4.3"], "hotel_price": ["265"]}, "473569": {"hotel_name": "\u5b8b\u57ce\u5343\u53e4\u60c5\u4e3b\u9898\u9152\u5e97(\u676d\u5dde\u897f\u6e56\u5e97)", "order_time": ["2019-01-20 23:36:20", "2019-01-20 23:50:22"], "total_order": 2, "hotel_value": ["4.6", "4.6"], "hotel_price": ["490", "490"]}, "1302445": {"hotel_name": "\u676d\u5dde\u897f\u6eaa\u7eb3\u5fb7\u6da6\u6cfd\u56ed\u5ea6\u5047\u9152\u5e97", "order_time": ["2019-01-20 23:36:20"], "total_order": 1, "hotel_value": ["4.7"], "hotel_price": ["243"]}, "1249734": {"hotel_name": "\u676d\u5dde\u5353\u76db\u4e3d\u666f\u9152\u5e97", "order_time": ["2019-01-20 23:36:20"], "total_order": 1, "hotel_value": ["4.3"], "hotel_price": ["253"]}, "425608": {"hotel_name": "\u676d\u5dde\u897f\u6eaa\u60a6\u693f\u5ea6\u5047\u9152\u5e97", "order_time": ["2019-01-20 23:36:20"], "total_order": 1, "hotel_value": ["4.5"], "hotel_price": ["958"]}, "435380": {"hotel_name": "\u5b9c\u5fc5\u601d\u9152\u5e97(\u676d\u5dde\u897f\u6e56\u5357\u5b8b\u5fa1\u8857\u5e97)", "order_time": ["2019-01-20 23:36:20"], "total_order": 1, "hotel_value": ["4.2"], "hotel_price": ["119"]}, "697892": {"hotel_name": "\u6c49\u5ead\u9152\u5e97(\u676d\u5dde\u864e\u8dd1\u8def\u5e97)", "order_time": ["2019-01-20 23:36:20"], "total_order": 1, "hotel_value": ["4.2"], "hotel_price": ["113"]}, "1709318": {"hotel_name": "\u676d\u5dde\u60a6\u80dc\u9152\u5e97", "order_time": ["2019-01-20 23:36:20"], "total_order": 1, "hotel_value": ["4.3"], "hotel_price": ["88"]}, "13828117": {"hotel_name": "\u6816\u8bed\u592a\u7a7a\u9152\u5e97(\u676d\u5dde\u6d59\u5927\u7d2b\u91d1\u6e2f\u5e97)", "order_time": ["2019-01-20 23:36:20"], "total_order": 1, "hotel_value": ["4.7"], "hotel_price": ["57"]}, "12091571": {"hotel_name": "\u676d\u5dde\u67da\u5b50\u6c11\u5bbf", "order_time": ["2019-01-20 23:36:20"], "total_order": 1, "hotel_value": ["4.6"], "hotel_price": ["186"]}, "22467411": {"hotel_name": "\u6591\u6593\u5bb6\u516c\u5bd3(\u676d\u5dde\u963f\u91cc\u5df4\u5df4\u672a\u6765\u79d1\u6280\u57ce\u5e97)", "order_time": ["2019-01-20 23:36:20"], "total_order": 1, "hotel_value": ["4.9"], "hotel_price": ["261"]}, "1225852": {"hotel_name": "\u676d\u5dde\u6b4c\u591a\u9152\u5e97", "order_time": ["2019-01-20 23:36:20"], "total_order": 1, "hotel_value": ["4.2"], "hotel_price": ["129"]}, "28487297": {"hotel_name": "\u676d\u5dde\u5f00\u5143\u68ee\u6cca\u5ea6\u5047\u9152\u5e97", "order_time": ["2019-01-20 23:36:20"], "total_order": 1, "hotel_value": [0], "hotel_price": ["850"]}, "24052669": {"hotel_name": "\u6854\u5b50\u6c34\u6676\u9152\u5e97(\u676d\u5dde\u963f\u91cc\u672a\u6765\u79d1\u6280\u57ce\u5e97)", "order_time": ["2019-01-20 23:36:21"], "total_order": 1, "hotel_value": ["4.7"], "hotel_price": ["408"]}, "5911956": {"hotel_name": "\u9526\u6c5f\u4e4b\u661f\u98ce\u5c1a(\u676d\u5dde\u4e0b\u6c99\u9ad8\u6c99\u8def\u5730\u94c1\u7ad9\u5e97)", "order_time": ["2019-01-20 23:36:21"], "total_order": 1, "hotel_value": ["4.7"], "hotel_price": ["150"]}, "1535523": {"hotel_name": "\u6021\u83b1\u7cbe\u54c1\u9152\u5e97(\u676d\u5dde\u4e34\u5e73\u5730\u94c1\u7ad9\u5e97)", "order_time": ["2019-01-20 23:36:21"], "total_order": 1, "hotel_value": ["4.7"], "hotel_price": ["199"]}, "375374": {"hotel_name": "\u676d\u5dde\u7ef4\u666f\u56fd\u9645\u5927\u9152\u5e97", "order_time": ["2019-01-20 23:58:23", "2019-01-20 23:36:21"], "total_order": 2, "hotel_value": ["4.5", "4.5"], "hotel_price": ["420", "420"]}, "1708243": {"hotel_name": "\u676d\u5dde\u6f2b\u7eaf\u56fd\u9645\u9152\u5e97", "order_time": ["2019-01-20 23:36:21"], "total_order": 1, "hotel_value": ["4.7"], "hotel_price": ["206"]}, "534263": {"hotel_name": "\u676d\u5dde\u6885\u5b50\u9752\u9152\u5e97", "order_time": ["2019-01-20 23:36:21"], "total_order": 1, "hotel_value": ["4.5"], "hotel_price": ["359"]}, "1441150": {"hotel_name": "\u5982\u5bb6\u5feb\u6377\u9152\u5e97(\u676d\u5dde\u897f\u6e56\u89e3\u653e\u8def\u5efa\u56fd\u8def\u5e97)", "order_time": ["2019-01-20 23:36:22"], "total_order": 1, "hotel_value": ["4.5"], "hotel_price": ["171"]}, "443829": {"hotel_name": "\u676d\u5dde\u987a\u660c\u5927\u9152\u5e97", "order_time": ["2019-01-20 23:36:22"], "total_order": 1, "hotel_value": ["4.3"], "hotel_price": ["358"]}, "1540003": {"hotel_name": "\u676d\u5dde\u7f57\u73ca\u5a1c\u5927\u9152\u5e97", "order_time": ["2019-01-20 23:36:22"], "total_order": 1, "hotel_value": ["4.2"], "hotel_price": ["242"]}, "378514": {"hotel_name": "\u676d\u5dde\u534e\u7f8e\u8fbe\u9152\u5e97", "order_time": ["2019-01-20 23:36:22"], "total_order": 1, "hotel_value": ["4.3"], "hotel_price": ["590"]}, "661130": {"hotel_name": "\u676d\u5dde\u81f4\u5c1a\u9152\u5e97(\u539f\u53e4\u5496\u7cbe\u54c1\u9152\u5e97)", "order_time": ["2019-01-20 23:36:22"], "total_order": 1, "hotel_value": ["4.5"], "hotel_price": ["164"]}, "6520459": {"hotel_name": "\u676d\u5dde\u78a7\u6d77\u4e91\u5929\u5bbe\u9986", "order_time": ["2019-01-20 23:36:23"], "total_order": 1, "hotel_value": ["4.4"], "hotel_price": ["203"]}, "813055": {"hotel_name": "\u5982\u5bb6\u5feb\u6377\u9152\u5e97(\u676d\u5dde\u6b66\u6797\u5e7f\u573a\u4e2d\u6cb3\u5317\u8def\u5730\u94c1\u7ad9\u5e97)", "order_time": ["2019-01-20 23:36:24"], "total_order": 1, "hotel_value": ["4.7"], "hotel_price": ["170"]}, "1462839": {"hotel_name": "\u7231\u5de2\u4e3b\u9898\u9152\u5e97(\u676d\u5dde\u4e0b\u6c99\u5e97)", "order_time": ["2019-01-20 23:36:25"], "total_order": 1, "hotel_value": ["4.4"], "hotel_price": ["138"]}, "481296": {"hotel_name": "\u5e03\u4e01\u9152\u5e97(\u676d\u5dde\u7ecd\u5174\u8def\u548c\u5e73\u56fd\u9645\u4f1a\u5c55\u4e2d\u5fc3\u5e97)", "order_time": ["2019-01-20 23:36:26"], "total_order": 1, "hotel_value": ["4.2"], "hotel_price": ["142"]}, "1460299": {"hotel_name": "\u827a\u5de2\u7a7a\u95f4\u4e3b\u9898\u9152\u5e97(\u5efa\u5fb7\u56fd\u4fe1\u8def\u5e97)", "order_time": ["2019-01-20 23:36:34", "2019-01-20 23:42:27"], "total_order": 2, "hotel_value": ["4.3", "4.3"], "hotel_price": ["116", "116"]}, "454987": {"hotel_name": "\u676d\u5dde\u8309\u8389\u82b1\u5927\u9152\u5e97", "order_time": ["2019-01-20 23:38:23"], "total_order": 1, "hotel_value": ["4.3"], "hotel_price": ["217"]}, "1466274": {"hotel_name": "\u83ab\u6cf0168(\u676d\u5dde\u9ec4\u9f99\u6559\u5de5\u8def\u5e97)", "order_time": ["2019-01-20 23:38:23"], "total_order": 1, "hotel_value": ["4.4"], "hotel_price": ["151"]}, "6305523": {"hotel_name": "\u676d\u5dde\u5170\u7d20\u6c11\u5bbf", "order_time": ["2019-01-20 23:38:23"], "total_order": 1, "hotel_value": ["4.9"], "hotel_price": ["202"]}, "12779723": {"hotel_name": "\u676d\u5dde\u8702\u7a9d\u9152\u5e97\uff08\u897f\u6e56\u5357\u7ebf\u5357\u661f\u6865\u7ad9\u5730\u94c1\u5e97\uff09", "order_time": ["2019-01-20 23:38:23"], "total_order": 1, "hotel_value": ["4.6"], "hotel_price": ["68"]}, "6168560": {"hotel_name": "\u676d\u5dde\u65b0\u4e5d\u9f99\u9152\u5e97", "order_time": ["2019-01-20 23:38:24"], "total_order": 1, "hotel_value": ["4.7"], "hotel_price": ["298"]}, "608589": {"hotel_name": "\u80dc\u9ad8\u56fd\u9645\u9152\u5e97(\u676d\u5dde\u5bcc\u9633\u94f6\u6cf0\u5e97)(\u539f\u8000\u90fd\u5fb7\u60a6\u5e97)", "order_time": ["2019-01-20 23:38:24"], "total_order": 1, "hotel_value": ["4.7"], "hotel_price": ["242"]}, "1472274": {"hotel_name": "\u6854\u5b50\u9152\u5e97\u7cbe\u9009(\u676d\u5dde\u6587\u4e09\u8def\u4e07\u5858\u5e97)", "order_time": ["2019-01-20 23:38:24", "2019-01-20 23:54:23"], "total_order": 2, "hotel_value": ["4.9", "4.9"], "hotel_price": ["322", "322"]}, "993650": {"hotel_name": "\u9999\u6811\u4e4b\u5bb6\u5546\u52a1\u9152\u5e97(\u676d\u5dde\u79cb\u6d9b\u5317\u8def\u5e97)", "order_time": ["2019-01-20 23:38:24"], "total_order": 1, "hotel_value": ["4.0"], "hotel_price": ["139"]}, "12511346": {"hotel_name": "\u676d\u5dde\u79c0\u8fb0\u9152\u5e97\u516c\u5bd3", "order_time": ["2019-01-20 23:38:24"], "total_order": 1, "hotel_value": ["4.9"], "hotel_price": ["232"]}, "975700": {"hotel_name": "\u5168\u5b63\u9152\u5e97(\u676d\u5dde\u6ee8\u6c5f\u5e97)", "order_time": ["2019-01-20 23:38:25"], "total_order": 1, "hotel_value": ["4.7"], "hotel_price": ["341"]}, "1460918": {"hotel_name": "\u5982\u5bb6\u5feb\u6377\u9152\u5e97(\u676d\u5dde\u5bcc\u9633\u6069\u6ce2\u5e7f\u573a\u6842\u82b1\u8def\u5e97)", "order_time": ["2019-01-20 23:38:26"], "total_order": 1, "hotel_value": ["4.6"], "hotel_price": ["144"]}, "18089247": {"hotel_name": "7\u5929\u4f18\u54c1\u9152\u5e97(\u676d\u5dde\u4e5d\u5821\u5ba2\u8fd0\u4e2d\u5fc3\u7269\u7f8e\u5e97)", "order_time": ["2019-01-20 23:38:26"], "total_order": 1, "hotel_value": ["4.6"], "hotel_price": ["147"]}, "11055802": {"hotel_name": "\u5bcc\u9633\u7ef4\u9038\u7eb3\u9152\u5e97", "order_time": ["2019-01-20 23:38:28"], "total_order": 1, "hotel_value": ["4.6"], "hotel_price": ["262"]}, "1378732": {"hotel_name": "\u5343\u5c9b\u6e56\u4e09\u5341\u516d\u90fd\u5c71\u90fd\u9152\u5e97", "order_time": ["2019-01-20 23:38:28"], "total_order": 1, "hotel_value": ["4.3"], "hotel_price": ["111"]}, "14088313": {"hotel_name": "\u5efa\u5fb7\u5bcc\u6625\u5f00\u5143\u82b3\u8349\u5730\u4e61\u6751\u9152\u5e97", "order_time": ["2019-01-20 23:38:28"], "total_order": 1, "hotel_value": ["4.7"], "hotel_price": ["590"]}, "2644410": {"hotel_name": "\u676d\u5dde\u5c1a\u5b87\u9152\u5e97", "order_time": ["2019-01-20 23:38:28"], "total_order": 1, "hotel_value": ["4.4"], "hotel_price": ["89"]}, "1380398": {"hotel_name": "\u5982\u5bb6\u5546\u65c5\u9152\u5e97(\u676d\u5dde\u94b1\u6c5f\u65b0\u57ce\u56db\u5b63\u9752\u670d\u88c5\u5e02\u573a\u5e97)", "order_time": ["2019-01-20 23:40:22"], "total_order": 1, "hotel_value": ["4.7"], "hotel_price": ["179"]}, "6935074": {"hotel_name": "\u676d\u5dde\u5728\u6c34\u4e00\u65b9\u5047\u65e5\u65c5\u5e97", "order_time": ["2019-01-20 23:40:22"], "total_order": 1, "hotel_value": ["4.4"], "hotel_price": ["171"]}, "1745412": {"hotel_name": "7\u5929\u8fde\u9501\u9152\u5e97(\u676d\u5dde\u4e0b\u6c99\u5e97)", "order_time": ["2019-01-20 23:40:23"], "total_order": 1, "hotel_value": ["4.5"], "hotel_price": ["157"]}, "15065627": {"hotel_name": "\u676d\u5dde\u521b\u8c37\u9152\u5e97", "order_time": ["2019-01-20 23:40:23"], "total_order": 1, "hotel_value": ["4.6"], "hotel_price": ["263"]}, "6826662": {"hotel_name": "\u5982\u5bb6\u6d3e\u67cf\u00b7\u4e91\u9152\u5e97(\u676d\u5dde\u706b\u8f66\u4e1c\u7ad9\u5230\u8fbe\u5927\u5385\u897f\u5e7f\u573a\u5e97)", "order_time": ["2019-01-20 23:40:23"], "total_order": 1, "hotel_value": ["4.0"], "hotel_price": ["265"]}, "23631444": {"hotel_name": "\u6021\u83b1\u7cbe\u54c1\u9152\u5e97(\u676d\u5dde\u94b1\u6c5f\u65b0\u57ce\u590d\u5174\u8def)", "order_time": ["2019-01-20 23:40:23"], "total_order": 1, "hotel_value": ["4.6"], "hotel_price": ["170"]}, "1769658": {"hotel_name": "\u676d\u5dde\u4e91\u5c4b\u8ff7\u4f60\u9152\u5e97", "order_time": ["2019-01-20 23:40:23"], "total_order": 1, "hotel_value": ["3.7"], "hotel_price": ["84"]}, "17971378": {"hotel_name": "\u676d\u5dde\u6f2b\u6708\u5ead\u6c11\u5bbf", "order_time": ["2019-01-20 23:40:24"], "total_order": 1, "hotel_value": ["4.9"], "hotel_price": ["209"]}, "1195937": {"hotel_name": "\u676d\u5dde\u9a7f\u5b89\u9152\u5e97", "order_time": ["2019-01-20 23:40:24"], "total_order": 1, "hotel_value": ["3.8"], "hotel_price": ["112"]}, "898287": {"hotel_name": "\u676d\u5dde\u827e\u5361\u5047\u65e5\u9152\u5e97", "order_time": ["2019-01-20 23:56:26", "2019-01-20 23:40:24"], "total_order": 2, "hotel_value": ["4.4", "4.4"], "hotel_price": ["88", "88"]}, "1336838": {"hotel_name": "\u6021\u83b1\u9152\u5e97(\u676d\u5dde\u6ee8\u6c5f\u4e1c\u4fe1\u5927\u9053\u5e97)", "order_time": ["2019-01-20 23:54:23", "2019-01-20 23:40:24"], "total_order": 2, "hotel_value": ["3.9", "3.9"], "hotel_price": ["161", "161"]}, "8558886": {"hotel_name": "\u676d\u5dde\u6210\u8f89\u5546\u52a1\u9152\u5e97", "order_time": ["2019-01-20 23:40:24"], "total_order": 1, "hotel_value": ["4.5"], "hotel_price": ["81"]}, "1934129": {"hotel_name": "\u676d\u5dde\u9752\u74f7\u00b7\u7cbe\u54c1\u9152\u5e97\u5f0f\u516c\u5bd3", "order_time": ["2019-01-20 23:40:25"], "total_order": 1, "hotel_value": ["4.3"], "hotel_price": ["183"]}, "1440375": {"hotel_name": "\u5343\u5c9b\u6e56\u5170\u5ead\u5bbe\u9986", "order_time": ["2019-01-20 23:40:26"], "total_order": 1, "hotel_value": ["4.7"], "hotel_price": ["9"]}, "5379849": {"hotel_name": "\u676d\u5dde\u5bcc\u9633\u541b\u60a6\u5bbe\u9986", "order_time": ["2019-01-20 23:40:27"], "total_order": 1, "hotel_value": ["4.5"], "hotel_price": ["68"]}, "5099530": {"hotel_name": "Zhotels\u667a\u5c1a\u9152\u5e97(\u676d\u5dde\u9ec4\u9f99\u5e97)", "order_time": ["2019-01-20 23:42:22"], "total_order": 1, "hotel_value": ["4.6"], "hotel_price": ["152"]}, "445211": {"hotel_name": "\u676d\u5dde\u6d77\u5916\u6d77\u767e\u7eb3\u5927\u9152\u5e97", "order_time": ["2019-01-20 23:42:22"], "total_order": 1, "hotel_value": ["4.6"], "hotel_price": ["393"]}, "26544424": {"hotel_name": "Dreamer\u8ffd\u68a6\u56fd\u9645\u516c\u5bd3(\u676d\u5dde\u7406\u60f3\u94f6\u6cf0\u57ce\u5e97)", "order_time": ["2019-01-20 23:42:22"], "total_order": 1, "hotel_value": ["4.9"], "hotel_price": ["202"]}, "8943343": {"hotel_name": "\u676d\u5dde\u6052\u5bd3\u667a\u80fd\u9152\u5e97\u5f0f\u516c\u5bd3", "order_time": ["2019-01-20 23:42:23"], "total_order": 1, "hotel_value": ["4.7"], "hotel_price": ["240"]}, "6628992": {"hotel_name": "\u676d\u5dde\u96c5\u9002\u4e3b\u9898\u6c11\u5bbf", "order_time": ["2019-01-20 23:42:24", "2019-01-20 23:44:25"], "total_order": 2, "hotel_value": ["4.8", "4.8"], "hotel_price": ["342", "342"]}, "427883": {"hotel_name": "\u5982\u5bb6\u5feb\u6377\u9152\u5e97(\u676d\u5dde\u9ec4\u9f99\u9890\u9ad8\u5e7f\u573a\u5e97)", "order_time": ["2019-01-20 23:42:25"], "total_order": 1, "hotel_value": ["4.3"], "hotel_price": ["123"]}, "1774777": {"hotel_name": "\u5343\u5c9b\u6e56\u5fc6\u6e56\u5ea6\u5047\u516c\u5bd3", "order_time": ["2019-01-20 23:42:29"], "total_order": 1, "hotel_value": ["4.7"], "hotel_price": ["95"]}, "16482265": {"hotel_name": "\u676d\u5dde\u4f70\u5bcc\u7cbe\u54c1\u9152\u5e97", "order_time": ["2019-01-20 23:44:22"], "total_order": 1, "hotel_value": ["4.6"], "hotel_price": ["184"]}, "1926570": {"hotel_name": "\u676d\u5dde\u6c34\u6676\u67e0\u6aac\u9152\u5e97\u5f0f\u516c\u5bd3", "order_time": ["2019-01-20 23:44:22"], "total_order": 1, "hotel_value": ["4.4"], "hotel_price": ["237"]}, "13798494": {"hotel_name": "\u7f8e\u8c6a\u4e3d\u81f4\u9152\u5e97(\u676d\u5dde\u897f\u6e56\u9ec4\u9f99\u4f53\u80b2\u4e2d\u5fc3\u65d7\u8230\u5e97)", "order_time": ["2019-01-20 23:44:23"], "total_order": 1, "hotel_value": ["4.8"], "hotel_price": ["468"]}, "21928405": {"hotel_name": "\u514b\u62c9\u548c\u5b63\u9152\u5e97\u5f0f\u516c\u5bd3(\u676d\u5dde\u4e1c\u7ad9\u5e97)", "order_time": ["2019-01-20 23:44:24"], "total_order": 1, "hotel_value": ["4.6"], "hotel_price": ["192"]}, "8599137": {"hotel_name": "\u7ef4\u4e5f\u7eb3\u56fd\u9645\u9152\u5e97(\u676d\u5dde\u65b0\u5929\u5730\u94f6\u6cf0\u5e97)", "order_time": ["2019-01-20 23:44:24"], "total_order": 1, "hotel_value": ["4.8"], "hotel_price": ["306"]}, "1768027": {"hotel_name": "\u676d\u5dde\u4e1c\u56ed\u5047\u65e5\u9152\u5e97", "order_time": ["2019-01-20 23:44:25"], "total_order": 1, "hotel_value": ["4.2"], "hotel_price": ["175"]}, "1768953": {"hotel_name": "\u676d\u5dde\u6c83\u5c45\u5feb\u6377\u9152\u5e97", "order_time": ["2019-01-20 23:44:26"], "total_order": 1, "hotel_value": ["4.1"], "hotel_price": ["83"]}, "1629909": {"hotel_name": "E\u5bb6\u9152\u5e97\u5f0f\u516c\u5bd3(\u676d\u5dde\u897f\u6e56\u5e97)", "order_time": ["2019-01-20 23:44:29"], "total_order": 1, "hotel_value": ["4.1"], "hotel_price": ["145"]}, "8602333": {"hotel_name": "\u676d\u5dde\u8fc8\u6602\u9152\u5e97\u6d59\u5927\u7d2b\u91d1\u6e2f\u5e97", "order_time": ["2019-01-21 00:00:22", "2019-01-20 23:46:20"], "total_order": 2, "hotel_value": ["4.2", "4.2"], "hotel_price": ["98", "124"]}, "1372253": {"hotel_name": "\u676d\u5dde\u767e\u5229\u6c99\u6e56\u7554\u9152\u5e97", "order_time": ["2019-01-20 23:46:21"], "total_order": 1, "hotel_value": ["4.4"], "hotel_price": ["254"]}, "434057": {"hotel_name": "\u676d\u5dde\u666e\u91d1\u5927\u9152\u5e97", "order_time": ["2019-01-20 23:46:22"], "total_order": 1, "hotel_value": ["4.3"], "hotel_price": ["123"]}, "1292590": {"hotel_name": "\u676d\u5dde\u7c73\u5357\u4fbf\u6377\u9152\u5e97(\u539f\u5bcc\u9633\u95fb\u83b1\u5bbe\u9986)", "order_time": ["2019-01-20 23:46:23"], "total_order": 1, "hotel_value": ["4.6"], "hotel_price": ["128"]}, "6005857": {"hotel_name": "\u676d\u5dde\u7b80\u5bbf\u9152\u5e97", "order_time": ["2019-01-20 23:46:24"], "total_order": 1, "hotel_value": ["4.3"], "hotel_price": ["89"]}, "13658529": {"hotel_name": "\u676d\u5dde\u7f8e\u4f4f\u8fb0\u601d\u9152\u5e97", "order_time": ["2019-01-20 23:46:24"], "total_order": 1, "hotel_value": ["4.6"], "hotel_price": ["154"]}, "1051337": {"hotel_name": "\u5e03\u4e01\u9152\u5e97(\u676d\u5dde\u897f\u6e56\u65ad\u6865\u5e97)", "order_time": ["2019-01-20 23:46:26"], "total_order": 1, "hotel_value": ["3.8"], "hotel_price": ["115"]}, "697589": {"hotel_name": "\u6c49\u5ead\u9152\u5e97(\u676d\u5dde\u671d\u6656\u5e97)", "order_time": ["2019-01-20 23:48:23"], "total_order": 1, "hotel_value": ["4.4"], "hotel_price": ["180"]}, "6146038": {"hotel_name": "\u5fc6\u6816\u751f\u6001\u827a\u672f\u9152\u5e97(\u676d\u5dde\u963f\u91cc\u5df4\u5df4\u897f\u6eaa\u5e97)", "order_time": ["2019-01-20 23:48:24"], "total_order": 1, "hotel_value": ["4.7"], "hotel_price": ["297"]}, "6314578": {"hotel_name": "\u676d\u5dde\u6b22\u5ead\u4e24\u76f8\u5b9c\u7cbe\u54c1\u6c11\u5bbf", "order_time": ["2019-01-20 23:48:24"], "total_order": 1, "hotel_value": ["4.7"], "hotel_price": ["127"]}, "8042018": {"hotel_name": "\u5962\u91ce\u4e00\u5b85(\u676d\u5dde\u96f7\u5cf0\u5854\u5e97)", "order_time": ["2019-01-20 23:48:24"], "total_order": 1, "hotel_value": ["4.9"], "hotel_price": ["533"]}, "6254733": {"hotel_name": "\u676d\u5ddetakeanap\u772f\u4e00\u4f1a\u4f4f\u5bbf", "order_time": ["2019-01-20 23:48:24"], "total_order": 1, "hotel_value": ["4.0"], "hotel_price": ["140"]}, "5527908": {"hotel_name": "\u676d\u5dde\u7235\u4f18\u82b1\u56ed\u9152\u5e97", "order_time": ["2019-01-20 23:48:24"], "total_order": 1, "hotel_value": ["4.7"], "hotel_price": ["349"]}, "1352842": {"hotel_name": "\u7384\u9f99\u9152\u5e97\u5f0f\u516c\u5bd3(\u676d\u5dde\u6ee8\u6c5f\u9ad8\u6559\u56ed\u5e97)", "order_time": ["2019-01-20 23:48:24"], "total_order": 1, "hotel_value": ["4.2"], "hotel_price": ["165"]}, "1480587": {"hotel_name": "99\u65c5\u9986\u8fde\u9501(\u676d\u5dde\u6b66\u6797\u5e7f\u573a\u5e97)", "order_time": ["2019-01-20 23:48:25"], "total_order": 1, "hotel_value": ["3.8"], "hotel_price": ["84"]}, "11508315": {"hotel_name": "\u676d\u5dde\u8427\u5c71\u8fb0\u60a6\u5bbe\u9986", "order_time": ["2019-01-20 23:48:28"], "total_order": 1, "hotel_value": ["3.8"], "hotel_price": ["100"]}, "846444": {"hotel_name": "\u4e34\u5b89\u9c7c\u4e50\u5c71\u623f", "order_time": ["2019-01-20 23:48:32"], "total_order": 1, "hotel_value": ["5.0"], "hotel_price": ["1216"]}, "916788": {"hotel_name": "\u676d\u5dde\u6dfb\u6cc9\u9152\u5e97\u5f0f\u516c\u5bd3", "order_time": ["2019-01-20 23:50:21"], "total_order": 1, "hotel_value": ["4.2"], "hotel_price": ["189"]}, "7366137": {"hotel_name": "\u676d\u5dde\u67ff\u6811\u7cbe\u54c1\u6c11\u5bbf", "order_time": ["2019-01-20 23:50:21"], "total_order": 1, "hotel_value": ["4.8"], "hotel_price": ["367"]}, "1119502": {"hotel_name": "\u6a61\u679c\u9152\u5e97(\u676d\u5dde\u6d59\u5927\u7d2b\u91d1\u6e2f\u5e97)", "order_time": ["2019-01-20 23:50:21"], "total_order": 1, "hotel_value": ["4.4"], "hotel_price": ["219"]}, "10218355": {"hotel_name": "\u5fc6\u6cca.\u57ce\u5e02\u827a\u672f\u9152\u5e97(\u676d\u5dde\u6b66\u6797\u95e8\u5e97)", "order_time": ["2019-01-20 23:50:22"], "total_order": 1, "hotel_value": ["4.8"], "hotel_price": ["478"]}, "430945": {"hotel_name": "\u676d\u5dde\u7b2c\u4e00\u4e16\u754c\u5927\u9152\u5e97", "order_time": ["2019-01-20 23:50:22"], "total_order": 1, "hotel_value": ["4.7"], "hotel_price": ["652"]}, "6066213": {"hotel_name": "\u7ef4\u4e5f\u7eb3\u56fd\u9645\u9152\u5e97(\u676d\u5dde\u706b\u8f66\u4e1c\u7ad9\u5e97)", "order_time": ["2019-01-20 23:50:22"], "total_order": 1, "hotel_value": ["4.8"], "hotel_price": ["339"]}, "6823018": {"hotel_name": "\u5168\u5b63\u9152\u5e97(\u676d\u5dde\u94b1\u6c5f\u65b0\u57ce\u590d\u5174\u8def\u5e97)", "order_time": ["2019-01-20 23:50:22"], "total_order": 1, "hotel_value": ["4.8"], "hotel_price": ["275"]}, "5519611": {"hotel_name": "\u5168\u5b63\u9152\u5e97(\u676d\u5dde\u91ce\u751f\u52a8\u7269\u56ed\u5e97)", "order_time": ["2019-01-20 23:50:22"], "total_order": 1, "hotel_value": ["4.8"], "hotel_price": ["294"]}, "2012405": {"hotel_name": "\u676d\u5dde\u9752\u8336\u4e3b\u9898\u6c11\u5bbf\u5ba2\u6808", "order_time": ["2019-01-20 23:50:22"], "total_order": 1, "hotel_value": ["4.7"], "hotel_price": ["168"]}, "4535728": {"hotel_name": "\u7ea2\u8857\u81ea\u52a9\u516c\u5bd3(\u676d\u5dde\u706b\u8f66\u4e1c\u7ad9\u5e97)", "order_time": ["2019-01-20 23:50:22"], "total_order": 1, "hotel_value": ["4.3"], "hotel_price": ["155"]}, "1192445": {"hotel_name": "\u5982\u5bb6\u5feb\u6377\u9152\u5e97(\u676d\u5dde\u897f\u6e56\u5e86\u6625\u8def\u5e97)", "order_time": ["2019-01-20 23:50:23"], "total_order": 1, "hotel_value": ["4.4"], "hotel_price": ["142"]}, "7936304": {"hotel_name": "\u676d\u5dde\u8427\u5c71\u6697\u9999\u745e\u83b1\u514b\u65af\u5927\u9152\u5e97", "order_time": ["2019-01-20 23:50:23"], "total_order": 1, "hotel_value": ["4.5"], "hotel_price": ["350"]}, "17492208": {"hotel_name": "\u6f2b\u5fc3\u676d\u5dde\u897f\u6e56\u6b66\u6797\u5e7f\u573a\u9152\u5e97", "order_time": ["2019-01-20 23:50:23"], "total_order": 1, "hotel_value": ["4.7"], "hotel_price": ["343"]}, "14419334": {"hotel_name": "\u5f00\u5143\u66fc\u5c45\u00b7\u676d\u5dde\u826f\u6e1a\u5e97", "order_time": ["2019-01-20 23:50:23"], "total_order": 1, "hotel_value": ["4.7"], "hotel_price": ["350"]}, "446952": {"hotel_name": "\u676d\u5dde\u6d77\u5916\u6d77\u56fd\u9645\u9152\u5e97", "order_time": ["2019-01-20 23:50:23"], "total_order": 1, "hotel_value": ["4.7"], "hotel_price": ["342"]}, "4727648": {"hotel_name": "\u676d\u5dde\u4e2d\u6d32\u5927\u9152\u5e97", "order_time": ["2019-01-20 23:50:23"], "total_order": 1, "hotel_value": ["4.2"], "hotel_price": ["268"]}, "3361389": {"hotel_name": "\u5982\u5bb6\u5feb\u6377\u9152\u5e97(\u676d\u5dde\u94b1\u6c5f\u65b0\u57ce\u666f\u82b3\u5730\u94c1\u7ad9\u5e97)", "order_time": ["2019-01-20 23:50:23"], "total_order": 1, "hotel_value": ["4.5"], "hotel_price": ["166"]}, "1640402": {"hotel_name": "\u6d77\u53cb\u9152\u5e97(\u676d\u5dde\u706b\u8f66\u4e1c\u7ad9\u897f\u5e7f\u573a\u5e97)", "order_time": ["2019-01-20 23:50:24"], "total_order": 1, "hotel_value": ["4.0"], "hotel_price": ["109"]}, "815794": {"hotel_name": "\u676d\u5dde\u5fc3\u5bbf\u4e3b\u9898\u9152\u5e97", "order_time": ["2019-01-20 23:50:24"], "total_order": 1, "hotel_value": ["4.1"], "hotel_price": ["129"]}, "2637991": {"hotel_name": "\u676d\u5dde\u9999\u6c40\u5ba2\u6808", "order_time": ["2019-01-20 23:50:24"], "total_order": 1, "hotel_value": ["4.8"], "hotel_price": ["268"]}, "1630696": {"hotel_name": "\u6021\u83b1\u9152\u5e97(\u676d\u5dde\u706b\u8f66\u4e1c\u7ad9\u79cb\u6d9b\u5317\u8def\u5e97)", "order_time": ["2019-01-20 23:50:24"], "total_order": 1, "hotel_value": ["4.4"], "hotel_price": ["109"]}, "1104805": {"hotel_name": "\u9886\u5c1a\u81fb\u54c1\u9152\u5e97(\u676d\u5dde\u94b1\u6c5f\u65b0\u57ce\u5e97)", "order_time": ["2019-01-20 23:50:24"], "total_order": 1, "hotel_value": ["4.3"], "hotel_price": ["314"]}, "436445": {"hotel_name": "\u6c49\u5ead\u9152\u5e97(\u5343\u5c9b\u6e56\u4e2d\u5fc3\u7801\u5934\u5e97)", "order_time": ["2019-01-20 23:50:32"], "total_order": 1, "hotel_value": ["4.6"], "hotel_price": ["113"]}, "4732910": {"hotel_name": "\u676d\u5dde\u73fa\u9038\u4e3b\u9898\u9152\u5e97", "order_time": ["2019-01-20 23:52:24"], "total_order": 1, "hotel_value": ["4.2"], "hotel_price": ["200"]}, "5757338": {"hotel_name": "\u5343\u5c9b\u6e56\u6587\u6e0a\u72ee\u57ce\u827a\u5bbf", "order_time": ["2019-01-20 23:52:31"], "total_order": 1, "hotel_value": ["4.5"], "hotel_price": ["192"]}, "1304879": {"hotel_name": "\u676d\u5dde\u53e4\u7eb3\u7cbe\u54c1\u9152\u5e97", "order_time": ["2019-01-20 23:54:22"], "total_order": 1, "hotel_value": ["4.6"], "hotel_price": ["113"]}, "878807": {"hotel_name": "\u5982\u5bb6\u5feb\u6377\u9152\u5e97(\u676d\u5dde\u56db\u5b63\u9752\u670d\u88c5\u5e02\u573a\u5e86\u6625\u4e1c\u8def\u5e97)", "order_time": ["2019-01-20 23:54:23"], "total_order": 1, "hotel_value": ["4.7"], "hotel_price": ["161"]}, "11408031": {"hotel_name": "\u676d\u5dde\u671b\u4eac\u9152\u5e97", "order_time": ["2019-01-20 23:54:23"], "total_order": 1, "hotel_value": ["3.1"], "hotel_price": ["169"]}, "1931337": {"hotel_name": "\u4f51\u9014\u4e3b\u9898\u9152\u5e97(\u676d\u5dde\u6d59\u6c5f\u4f20\u5a92\u5b66\u9662\u5e97)", "order_time": ["2019-01-20 23:54:23"], "total_order": 1, "hotel_value": ["4.4"], "hotel_price": ["81"]}, "6837328": {"hotel_name": "\u676d\u5dde\u5fb7\u7684\u9152\u5e97", "order_time": ["2019-01-20 23:54:23"], "total_order": 1, "hotel_value": ["4.4"], "hotel_price": ["180"]}, "5495311": {"hotel_name": "\u4e45\u6816\u00b7\u676d\u5dde\u897f\u6e56\u7b49\u4e00\u4e2a\u4eba\u5ba2\u6808(\u96f7\u5cf0\u5854\u5e97)", "order_time": ["2019-01-20 23:54:23"], "total_order": 1, "hotel_value": ["4.7"], "hotel_price": ["260"]}, "24631732": {"hotel_name": "\u676d\u5dde\u5b9d\u5b9d\u9752\u5e74\u65c5\u820d", "order_time": ["2019-01-20 23:54:24"], "total_order": 1, "hotel_value": ["4.8"], "hotel_price": ["299"]}, "1571312": {"hotel_name": "\u676d\u5dde\u551b\u514b\u98ce\u9152\u5e97\u516c\u5bd3", "order_time": ["2019-01-20 23:54:24"], "total_order": 1, "hotel_value": ["4.3"], "hotel_price": ["152"]}, "1915400": {"hotel_name": "\u676d\u5dde\u94f6\u6cb3\u6c47", "order_time": ["2019-01-20 23:56:23"], "total_order": 1, "hotel_value": ["4.7"], "hotel_price": ["424"]}, "5990628": {"hotel_name": "\u5e0c\u5cb8\u9152\u5e97(\u676d\u5dde\u8427\u5c71\u673a\u573a\u5e97)", "order_time": ["2019-01-20 23:56:23"], "total_order": 1, "hotel_value": ["4.6"], "hotel_price": ["248"]}, "28531877": {"hotel_name": "\u60a6\u65c5\u516c\u5bd3(\u676d\u5dde\u4e34\u5e73\u94f6\u6cf0\u57ce\u5e97)", "order_time": ["2019-01-20 23:56:24"], "total_order": 1, "hotel_value": ["5.0"], "hotel_price": ["190"]}, "19624311": {"hotel_name": "\u83b1\u5ead\u9152\u5e97(\u676d\u5dde\u8427\u5c71\u673a\u573a\u5e97)", "order_time": ["2019-01-20 23:56:24"], "total_order": 1, "hotel_value": ["4.5"], "hotel_price": ["190"]}, "449198": {"hotel_name": "\u5b9c\u5fc5\u601d\u5c1a\u54c1\u9152\u5e97(\u676d\u5dde\u6f6e\u738b\u8def\u5e97)", "order_time": ["2019-01-20 23:56:24"], "total_order": 1, "hotel_value": ["4.6"], "hotel_price": ["265"]}, "1337081": {"hotel_name": "\u676d\u5dde\u5f90\u5143\u7eb3\u5927\u9152\u5e97", "order_time": ["2019-01-20 23:56:24"], "total_order": 1, "hotel_value": ["4.0"], "hotel_price": ["194"]}, "1744488": {"hotel_name": "\u5c1a\u4f18\u5ba2\u5feb\u6377\u9152\u5e97(\u676d\u5dde\u4e0b\u6c99\u5e97)", "order_time": ["2019-01-20 23:56:25"], "total_order": 1, "hotel_value": ["4.4"], "hotel_price": ["152"]}, "6030292": {"hotel_name": "\u676d\u5dde\u66fc\u79be\u5ba2\u6808", "order_time": ["2019-01-20 23:56:25"], "total_order": 1, "hotel_value": ["4.6"], "hotel_price": ["194"]}, "3750539": {"hotel_name": "\u60528\u8fde\u9501\u9152\u5e97(\u676d\u5dde\u4e0b\u6c99\u4f20\u5a92\u5e97)", "order_time": ["2019-01-20 23:56:25"], "total_order": 1, "hotel_value": ["4.3"], "hotel_price": ["83"]}, "375377": {"hotel_name": "\u676d\u5dde\u7231\u4e01\u5821\u5047\u65e5\u9152\u5e97", "order_time": ["2019-01-20 23:58:22"], "total_order": 1, "hotel_value": ["4.4"], "hotel_price": ["297"]}, "433845": {"hotel_name": "\u5982\u5bb6\u5feb\u6377\u9152\u5e97(\u676d\u5dde\u897f\u6e56\u5357\u5b8b\u5fa1\u8857\u4e2d\u5fc3\u5e97)", "order_time": ["2019-01-20 23:58:23"], "total_order": 1, "hotel_value": ["4.5"], "hotel_price": ["113"]}, "11188530": {"hotel_name": "\u676d\u5dde\u56db\u5b63\u5e7f\u573a\u9152\u5e97", "order_time": ["2019-01-20 23:58:23"], "total_order": 1, "hotel_value": ["4.6"], "hotel_price": ["266"]}, "1740546": {"hotel_name": "\u676d\u5dde\u548c\u5e73\u996d\u5e97", "order_time": ["2019-01-20 23:58:23"], "total_order": 1, "hotel_value": ["4.5"], "hotel_price": ["298"]}, "6085327": {"hotel_name": "\u6c49\u9ad8\u5fbd\u9601\u9a7f\u6808(\u676d\u5dde\u548c\u5e73\u4f1a\u5c55\u4e2d\u5fc3\u5e97)", "order_time": ["2019-01-20 23:58:23"], "total_order": 1, "hotel_value": ["4.2"], "hotel_price": ["98"]}, "1569813": {"hotel_name": "\u5982\u5bb6\u5feb\u6377\u9152\u5e97(\u676d\u5dde\u706b\u8f66\u4e1c\u7ad9\u548c\u5e73\u4f1a\u5c55\u4e2d\u5fc3\u671d\u6656\u8def\u5e97)", "order_time": ["2019-01-20 23:58:23"], "total_order": 1, "hotel_value": ["4.7"], "hotel_price": ["151"]}, "21802293": {"hotel_name": "\u81f4\u5bb6\u516c\u5bd3(\u676d\u5dde\u963f\u91cc\u5df4\u5df4\u6d77\u521b\u56ed\u5e97)", "order_time": ["2019-01-20 23:58:25"], "total_order": 1, "hotel_value": ["5.0"], "hotel_price": ["255"]}, "4066743": {"hotel_name": "\u676d\u5dde\u8d22\u901a\u9152\u5e97", "order_time": ["2019-01-20 23:58:26"], "total_order": 1, "hotel_value": ["4.3"], "hotel_price": ["99"]}, "1293189": {"hotel_name": "\u676d\u5dde\u94b1\u6c5f\u6e90\u65c5\u9986", "order_time": ["2019-01-20 23:58:26"], "total_order": 1, "hotel_value": ["2.9"], "hotel_price": ["95"]}, "1307410": {"hotel_name": "\u676d\u5dde\u4e1c\u8fd0\u5feb\u6377\u9152\u5e97", "order_time": ["2019-01-20 23:58:26"], "total_order": 1, "hotel_value": ["3.1"], "hotel_price": ["118"]}, "369775": {"hotel_name": "\u676d\u5dde\u9999\u683c\u91cc\u62c9\u996d\u5e97", "order_time": ["2019-01-21 00:00:22"], "total_order": 1, "hotel_value": ["4.5"], "hotel_price": ["768"]}, "28096894": {"hotel_name": "\u676d\u5dde\u6728\u5b88\u897f\u6eaa\u9152\u5e97", "order_time": ["2019-01-21 00:00:22"], "total_order": 1, "hotel_value": [0], "hotel_price": ["2053"]}, "6260755": {"hotel_name": "\u6854\u5b50\u9152\u5e97\u7cbe\u9009(\u676d\u5dde\u548c\u5e73\u4f1a\u5c55\u4e2d\u5fc3\u5e97)", "order_time": ["2019-01-21 00:00:22"], "total_order": 1, "hotel_value": ["4.8"], "hotel_price": ["270"]}, "1434281": {"hotel_name": "\u5047\u65e5\u4e4b\u661f\u9152\u5e97(\u676d\u5dde\u8f6c\u5858\u7f8e\u9662\u5e97)(\u539f\u4e4b\u6c5f\u5e97)", "order_time": ["2019-01-21 00:00:22"], "total_order": 1, "hotel_value": ["4.3"], "hotel_price": ["161"]}, "1461643": {"hotel_name": "\u83ab\u6cf0268(\u676d\u5dde\u897f\u6e56\u5357\u5b8b\u5fa1\u8857\u6b65\u884c\u8857\u5e97)", "order_time": ["2019-01-21 00:00:22"], "total_order": 1, "hotel_value": ["4.5"], "hotel_price": ["132"]}, "1705009": {"hotel_name": "\u676d\u5dde\u897f\u6e56\u8336\u5885", "order_time": ["2019-01-21 00:00:22"], "total_order": 1, "hotel_value": ["4.8"], "hotel_price": ["388"]}, "1817120": {"hotel_name": "\u6854\u5b50\u6c34\u6676\u9152\u5e97(\u676d\u5dde\u897f\u6e56\u5e97)", "order_time": ["2019-01-21 00:00:22"], "total_order": 1, "hotel_value": ["4.9"], "hotel_price": ["408"]}, "6107007": {"hotel_name": "\u676d\u5dde\u7687\u9038\u5ead\u9662\u9152\u5e97", "order_time": ["2019-01-21 00:00:22"], "total_order": 1, "hotel_value": ["4.6"], "hotel_price": ["499"]}, "369719": {"hotel_name": "\u676d\u5dde\u6b66\u6797\u4e07\u6021\u9152\u5e97", "order_time": ["2019-01-21 00:00:22"], "total_order": 1, "hotel_value": ["4.7"], "hotel_price": ["756"]}, "5246996": {"hotel_name": "\u676d\u5dde\u8c61\u9662\u9752\u5e74\u65c5\u820d", "order_time": ["2019-01-21 00:00:22"], "total_order": 1, "hotel_value": ["4.6"], "hotel_price": ["43"]}, "847346": {"hotel_name": "\u5409\u6cf0\u7cbe\u54c1\u8fde\u9501\u9152\u5e97(\u676d\u5dde\u706b\u8f66\u4e1c\u7ad9\u5e97)(\u539f\u826e\u5c71\u897f\u8def\u6d59\u6c5f\u5927\u5b66\u5e97)", "order_time": ["2019-01-21 00:00:22"], "total_order": 1, "hotel_value": ["4.6"], "hotel_price": ["198"]}, "4498892": {"hotel_name": "\u66fc\u9640\u6797\u5ea6\u5047\u6c11\u5bbf\uff08\u676d\u5dde\u897f\u6e56\u7389\u7687\u5c71\u5e97\uff09", "order_time": ["2019-01-21 00:00:22"], "total_order": 1, "hotel_value": ["4.8"], "hotel_price": ["268"]}, "8289960": {"hotel_name": "\u676d\u5dde\u6709\u4e00\u5c45\u5ea6\u5047\u522b\u5885\u9152\u5e97", "order_time": ["2019-01-21 00:00:22"], "total_order": 1, "hotel_value": ["4.9"], "hotel_price": ["316"]}, "5377968": {"hotel_name": "\u5f00\u5143\u66fc\u5c45\u00b7\u676d\u5dde\u4e34\u5e73\u5730\u94c1\u7ad9\u5e97", "order_time": ["2019-01-21 00:00:22"], "total_order": 1, "hotel_value": ["4.8"], "hotel_price": ["276"]}, "436176": {"hotel_name": "\u676d\u5dde\u6d77\u534e\u5927\u9152\u5e97", "order_time": ["2019-01-21 00:00:22"], "total_order": 1, "hotel_value": ["4.4"], "hotel_price": ["440"]}, "17581203": {"hotel_name": "\u676d\u5dde\u5fa1\u4e91\u00b7\u9ec4\u9f99\u996d\u5e97", "order_time": ["2019-01-21 00:00:22", "2019-01-21 00:02:22"], "total_order": 2, "hotel_value": ["4.8", "4.8"], "hotel_price": ["398", "398"]}, "445179": {"hotel_name": "\u676d\u5dde\u51ef\u745e\u5927\u9152\u5e97", "order_time": ["2019-01-21 00:00:22"], "total_order": 1, "hotel_value": ["4.1"], "hotel_price": ["240"]}, "1052571": {"hotel_name": "\u676d\u5dde\u4e07\u5546\u56fd\u9645\u9152\u5e97", "order_time": ["2019-01-21 00:00:22"], "total_order": 1, "hotel_value": ["4.5"], "hotel_price": ["303"]}, "6690019": {"hotel_name": "\u676d\u5dde\u897f\u53a2\u6c11\u5bbf", "order_time": ["2019-01-21 00:00:22"], "total_order": 1, "hotel_value": ["4.9"], "hotel_price": ["254"]}, "15215652": {"hotel_name": "Q\u52a0\u00b7\u7ea2\u83b1\u9152\u5e97(\u676d\u5dde\u8427\u5c71\u56fd\u9645\u673a\u573a\u4e1c\u5927\u95e8\u5e97)", "order_time": ["2019-01-21 00:00:22"], "total_order": 1, "hotel_value": ["4.8"], "hotel_price": ["208"]}, "19868068": {"hotel_name": "\u6854\u5b50\u7cbe\u9009\u9152\u5e97(\u676d\u5dde\u9ec4\u9f99\u4f53\u80b2\u4e2d\u5fc3\u5e97)", "order_time": ["2019-01-21 00:00:22"], "total_order": 1, "hotel_value": ["4.7"], "hotel_price": ["257"]}, "5244505": {"hotel_name": "\u676d\u5dde\u8377\u65b9\u56fd\u9645\u9752\u5e74\u65c5\u820d", "order_time": ["2019-01-21 00:00:22"], "total_order": 1, "hotel_value": ["4.4"], "hotel_price": ["55"]}, "9549267": {"hotel_name": "\u6c38\u5229\u6d3b\u7985\u9152\u5e97(\u676d\u5dde\u4eba\u6c11\u5e7f\u573a\u5e97)", "order_time": ["2019-01-21 00:00:23"], "total_order": 1, "hotel_value": ["4.5"], "hotel_price": ["263"]}, "1770768": {"hotel_name": "\u5bcc\u9633\u5982\u60a6\u5546\u52a1\u9152\u5e97", "order_time": ["2019-01-21 00:00:23"], "total_order": 1, "hotel_value": ["4.9"], "hotel_price": ["128"]}, "10492541": {"hotel_name": "\u7ef4\u4e5f\u7eb3\u56fd\u9645\u9152\u5e97(\u676d\u5dde\u8f6c\u5858\u7f8e\u9662\u5e97)", "order_time": ["2019-01-21 00:00:23"], "total_order": 1, "hotel_value": ["4.9"], "hotel_price": ["252"]}, "22776106": {"hotel_name": "\u9014\u7a9d\u4e3b\u9898\u516c\u5bd3(\u676d\u5dde\u4e2d\u533b\u836f\u5927\u5b66\u5730\u94c1\u7ad9\u5e97)(\u539f\u897f\u6e56\u7b2c\u4e8c\u4e2d\u5b66\u5e97)", "order_time": ["2019-01-21 00:00:23"], "total_order": 1, "hotel_value": ["4.3"], "hotel_price": ["198"]}, "15164289": {"hotel_name": "\u676d\u5dde\u666f\u81f4\u516c\u5bd3\u5f0f\u9152\u5e97", "order_time": ["2019-01-21 00:00:24"], "total_order": 1, "hotel_value": ["4.6"], "hotel_price": ["242"]}, "13307620": {"hotel_name": "\u676d\u5dde\u81f3\u544a.\u4e91\u5915\u5bb6\u6ee8\u6c5f\u5168\u666f\u516c\u5bd3", "order_time": ["2019-01-21 00:00:24"], "total_order": 1, "hotel_value": ["4.8"], "hotel_price": ["399"]}, "1346792": {"hotel_name": "\u9526\u6c5f\u4e4b\u661f(\u676d\u5dde\u4e0b\u6c99\u5927\u5b66\u57ce\u9ad8\u6c99\u5546\u4e1a\u8857\u5e97)", "order_time": ["2019-01-21 00:00:24"], "total_order": 1, "hotel_value": ["4.6"], "hotel_price": ["169"]}, "28302283": {"hotel_name": "\u676d\u5dde\u666f\u745e\u9152\u5e97", "order_time": ["2019-01-21 00:00:24"], "total_order": 1, "hotel_value": ["5.0"], "hotel_price": ["257"]}, "11443676": {"hotel_name": "\u676d\u5dde\u4e45\u6816\u9152\u5e97", "order_time": ["2019-01-21 00:00:24"], "total_order": 1, "hotel_value": ["4.4"], "hotel_price": ["165"]}, "1185001": {"hotel_name": "\u676d\u5dde\u91d1\u591c\u5feb\u6377\u9152\u5e97", "order_time": ["2019-01-21 00:00:24"], "total_order": 1, "hotel_value": ["4.0"], "hotel_price": ["123"]}, "481247": {"hotel_name": "\u5e03\u4e01\u9152\u5e97(\u676d\u5dde\u6ee8\u6c5f\u9ad8\u6559\u56ed\u5e97)", "order_time": ["2019-01-21 00:00:25"], "total_order": 1, "hotel_value": ["3.6"], "hotel_price": ["94"]}, "1629926": {"hotel_name": "\u676d\u5dde\u5353\u5c1a\u7cbe\u54c1\u9152\u5e97", "order_time": ["2019-01-21 00:00:25"], "total_order": 1, "hotel_value": ["4.4"], "hotel_price": ["173"]}, "1434204": {"hotel_name": "99\u65c5\u9986\u8fde\u9501(\u676d\u5dde\u706b\u8f66\u4e1c\u7ad9\u666f\u82b3\u5e97)", "order_time": ["2019-01-21 00:00:26"], "total_order": 1, "hotel_value": ["4.0"], "hotel_price": ["89"]}, "6719575": {"hotel_name": "\u676d\u5dde\u6b27\u5c1a\u9152\u5e97\u5f0f\u516c\u5bd3", "order_time": ["2019-01-21 00:00:27"], "total_order": 1, "hotel_value": ["4.4"], "hotel_price": ["113"]}, "4852475": {"hotel_name": "\u5343\u5c9b\u6e56\u7eff\u57ce\u84dd\u6e7e\u5ea6\u5047\u9152\u5e97", "order_time": ["2019-01-21 00:00:31"], "total_order": 1, "hotel_value": ["4.8"], "hotel_price": ["199"]}, "433966": {"hotel_name": "\u5343\u5c9b\u6e56\u6da6\u548c\u5efa\u56fd\u5ea6\u5047\u9152\u5e97", "order_time": ["2019-01-21 00:00:31"], "total_order": 1, "hotel_value": ["4.8"], "hotel_price": ["399"]}, "3003036": {"hotel_name": "\u6590\u6587\u91ce\u5962\u9152\u5e97(\u5929\u76ee\u5c71\u4e0a\u5ba2\u5802\u5e97)", "order_time": ["2019-01-21 00:00:31"], "total_order": 1, "hotel_value": ["4.6"], "hotel_price": ["396"]}, "5126953": {"hotel_name": "\u676d\u5dde\u84dd\u94bb\u56fd\u9645\u57ce\u5821\u9152\u5e97", "order_time": ["2019-01-21 00:02:22"], "total_order": 1, "hotel_value": ["4.7"], "hotel_price": ["263"]}, "433750": {"hotel_name": "\u4e66\u9999\u4e16\u5bb6\u9152\u5e97(\u676d\u5dde\u897f\u6e56\u6b66\u6797\u5e7f\u573a\u6d59\u5927\u5e97)", "order_time": ["2019-01-21 00:02:22"], "total_order": 1, "hotel_value": ["4.8"], "hotel_price": ["317"]}, "1306677": {"hotel_name": "\u676d\u5dde\u7f57\u62c9\u98ce\u60c5\u5047\u65e5\u9152\u5e97", "order_time": ["2019-01-21 00:02:22"], "total_order": 1, "hotel_value": ["4.2"], "hotel_price": ["95"]}, "1343023": {"hotel_name": "\u901f8\u9152\u5e97(\u676d\u5dde\u5357\u5b8b\u5fa1\u8857\u5e97)", "order_time": ["2019-01-21 00:02:22"], "total_order": 1, "hotel_value": ["4.1"], "hotel_price": ["74"]}, "1702362": {"hotel_name": "\u5bcc\u9633\u4e16\u8c6a\u5047\u65e5\u9152\u5e97", "order_time": ["2019-01-21 00:02:23"], "total_order": 1, "hotel_value": ["4.1"], "hotel_price": ["158"]}, "11444329": {"hotel_name": "\u676d\u5dde\u82b1\u7530\u5bbe\u9986(\u706b\u8f66\u4e1c\u7ad9\u5e97)", "order_time": ["2019-01-21 00:02:23"], "total_order": 1, "hotel_value": ["4.5"], "hotel_price": ["58"]}, "1213941": {"hotel_name": "\u676d\u5dde\u826f\u6e1a\u5927\u9152\u5e97", "order_time": ["2019-01-21 00:02:23"], "total_order": 1, "hotel_value": ["4.2"], "hotel_price": ["203"]}, "1577967": {"hotel_name": "99\u65c5\u9986\u8fde\u9501\u676d\u5dde\u6c7d\u8f66\u5357\u7ad9\u56db\u5b63\u9752\u670d\u88c5\u5e02\u573a\u5e97", "order_time": ["2019-01-21 00:02:23"], "total_order": 1, "hotel_value": ["4.0"], "hotel_price": ["94"]}, "914070": {"hotel_name": "\u676d\u5dde\u8d22\u6797\u5bbe\u9986", "order_time": ["2019-01-21 00:02:23"], "total_order": 1, "hotel_value": ["3.8"], "hotel_price": ["259"]}, "987460": {"hotel_name": "\u676d\u5dde\u5df4\u5c14\u5e72\u5ba2\u6808", "order_time": ["2019-01-21 00:02:23"], "total_order": 1, "hotel_value": ["4.5"], "hotel_price": ["93"]}, "19845829": {"hotel_name": "\u6854\u5b50\u6c34\u6676\u9152\u5e97(\u676d\u5dde\u4e91\u6816\u5c0f\u9547\u4f1a\u5c55\u4e2d\u5fc3\u5e97)", "order_time": ["2019-01-21 00:02:23"], "total_order": 1, "hotel_value": ["4.8"], "hotel_price": ["664"]}, "10921433": {"hotel_name": "\u676d\u5dde\u8bbe\u8ba1\u5e08\u5317\u6b27\u98ce\u60c5\u4e4b\u5bb6\u9152\u5e97\u5f0f\u516c\u5bd3", "order_time": ["2019-01-21 00:02:23"], "total_order": 1, "hotel_value": ["4.9"], "hotel_price": ["219"]}, "816706": {"hotel_name": "\u676d\u5dde\u51ef\u666f\u5047\u65e5\u9152\u5e97", "order_time": ["2019-01-21 00:02:23"], "total_order": 1, "hotel_value": ["4.2"], "hotel_price": ["90"]}, "1475976": {"hotel_name": "\u676d\u5dde\u4f59\u676d\u897f\u56ed\u5bbe\u9986", "order_time": ["2019-01-21 00:02:23"], "total_order": 1, "hotel_value": ["4.2"], "hotel_price": ["128"]}, "663070": {"hotel_name": "\u5bcc\u9633\u4e91\u68ee\u6c34\u575e\u5c71\u5e84", "order_time": ["2019-01-21 00:02:23"], "total_order": 1, "hotel_value": ["4.4"], "hotel_price": ["295"]}, "1519312": {"hotel_name": "\u676d\u5dde\u679c\u6d3e\u9152\u5e97", "order_time": ["2019-01-21 00:02:23"], "total_order": 1, "hotel_value": ["3.8"], "hotel_price": ["99"]}, "1462909": {"hotel_name": "\u676d\u5dde\u7f8e\u4f26\u5927\u9152\u5e97", "order_time": ["2019-01-21 00:02:23"], "total_order": 1, "hotel_value": ["3.4"], "hotel_price": ["218"]}, "5245171": {"hotel_name": "\u676d\u5dde\u767e\u4e4b\u5f15\u9886\u9152\u5e97", "order_time": ["2019-01-21 00:02:23"], "total_order": 1, "hotel_value": ["4.3"], "hotel_price": ["111"]}, "18075426": {"hotel_name": "\u676d\u5dde\u6c38\u5229\u65c5\u9986", "order_time": ["2019-01-21 00:02:26"], "total_order": 1, "hotel_value": [0], "hotel_price": ["48"]}, "457317": {"hotel_name": "\u4e34\u5b89\u8537\u8587\u82b1\u56ed\u9152\u5e97", "order_time": ["2019-01-21 00:02:31"], "total_order": 1, "hotel_value": ["3.9"], "hotel_price": ["230"]}}}