{"\u5f00\u59cb\u8bb0\u5f55\u65f6\u95f4": "2019-01-20 08:32:55", "\u7ed3\u675f\u8bb0\u5f55\u65f6\u95f4": "2019-01-20 09:32:55", "\u8ba2\u5355\u603b\u589e\u91cf": 353, "item": {"435354": {"hotel_name": "\u5343\u5c9b\u6e56\u7eff\u57ce\u5ea6\u5047\u9152\u5e97", "order_time": ["2019-01-20 08:33:51"], "total_order": 1, "hotel_value": ["4.8"], "hotel_price": ["388"]}, "435383": {"hotel_name": "\u676d\u5dde\u9a6c\u53ef\u6ce2\u7f57\u5047\u65e5\u9152\u5e97", "order_time": ["2019-01-20 08:37:14", "2019-01-20 08:35:05"], "total_order": 2, "hotel_value": ["4.8", "4.8"], "hotel_price": ["400", "400"]}, "429778": {"hotel_name": "\u676d\u5dde\u4e2d\u5c71\u56fd\u9645\u5927\u9152\u5e97", "order_time": ["2019-01-20 08:35:05"], "total_order": 1, "hotel_value": ["4.5"], "hotel_price": ["273"]}, "816763": {"hotel_name": "\u548c\u9890\u81f3\u683c\u9152\u5e97(\u676d\u5dde\u706b\u8f66\u4e1c\u7ad9\u897f\u5e7f\u573a\u5e97)", "order_time": ["2019-01-20 08:53:09", "2019-01-20 08:35:05"], "total_order": 2, "hotel_value": ["4.6", "4.6"], "hotel_price": ["263", "263"]}, "1926570": {"hotel_name": "\u676d\u5dde\u6c34\u6676\u67e0\u6aac\u9152\u5e97\u5f0f\u516c\u5bd3", "order_time": ["2019-01-20 08:35:08"], "total_order": 1, "hotel_value": ["4.4"], "hotel_price": ["237"]}, "1217305": {"hotel_name": "\u4e94\u6d0b\u516c\u9986(\u676d\u5dde\u897f\u6e56\u5e97)", "order_time": ["2019-01-20 08:35:09", "2019-01-20 08:55:08"], "total_order": 2, "hotel_value": ["4.5", "4.5"], "hotel_price": ["153", "153"]}, "4528754": {"hotel_name": "\u5bcc\u9633\u4e1c\u65b9\u8302\u91d1\u78a7\u6e7e\u5927\u9152\u5e97", "order_time": ["2019-01-20 08:35:11"], "total_order": 1, "hotel_value": ["4.6"], "hotel_price": ["240"]}, "1640426": {"hotel_name": "7\u5929\u8fde\u9501\u9152\u5e97(\u676d\u5dde\u897f\u6e56\u6e56\u6ee8\u5e97)", "order_time": ["2019-01-20 08:35:12", "2019-01-20 09:21:07"], "total_order": 2, "hotel_value": ["4.3", "4.3"], "hotel_price": ["159", "159"]}, "5451901": {"hotel_name": "\u676d\u5dde\u6ee8\u6c5f\u94f6\u6cf0\u559c\u6765\u767b\u5927\u9152\u5e97", "order_time": ["2019-01-20 09:23:14", "2019-01-20 08:35:41", "2019-01-20 08:37:32"], "total_order": 3, "hotel_value": ["4.7", "4.7", "4.7"], "hotel_price": ["888", "888", "888"]}, "378858": {"hotel_name": "\u676d\u5dde\u6d32\u9645\u9152\u5e97", "order_time": ["2019-01-20 08:37:32", "2019-01-20 08:35:41"], "total_order": 2, "hotel_value": ["4.7", "4.7"], "hotel_price": ["1084", "1084"]}, "6110235": {"hotel_name": "\u676d\u5dde\u671b\u8fbe\u65af\u9752\u5e74\u65c5\u820d", "order_time": ["2019-01-20 08:37:05", "2019-01-20 08:53:09"], "total_order": 2, "hotel_value": ["4.7", "4.7"], "hotel_price": ["45", "45"]}, "1351226": {"hotel_name": "\u4e94\u6d0b\u4e4b\u661f\u9152\u5e97\u8fde\u9501(\u676d\u5dde\u6d59\u4e00\u5e97)(\u539f\u5efa\u56fd\u8def\u5e97)", "order_time": ["2019-01-20 08:37:06"], "total_order": 1, "hotel_value": ["4.7"], "hotel_price": ["156"]}, "26221735": {"hotel_name": "\u676d\u5dde\u79c0\u9152\u5e97", "order_time": ["2019-01-20 08:37:07", "2019-01-20 08:51:09"], "total_order": 2, "hotel_value": ["4.9", "4.9"], "hotel_price": ["393", "393"]}, "22013541": {"hotel_name": "\u676d\u5dde\u672a\u6765\u79d1\u6280\u57ceCitiGO \u6b22\u9601\u9152\u5e97", "order_time": ["2019-01-20 08:37:07"], "total_order": 1, "hotel_value": ["4.8"], "hotel_price": ["276"]}, "1251562": {"hotel_name": "\u6854\u5b50\u9152\u5e97\u00b7\u7cbe\u9009(\u676d\u5dde\u6b66\u6797\u95e8\u5730\u94c1\u7ad9\u5e97)", "order_time": ["2019-01-20 08:37:09"], "total_order": 1, "hotel_value": ["4.8"], "hotel_price": ["303"]}, "1764606": {"hotel_name": "\u676d\u5dde\u671d\u6656\u9152\u5e97", "order_time": ["2019-01-20 08:37:10"], "total_order": 1, "hotel_value": ["4.4"], "hotel_price": ["168"]}, "6469116": {"hotel_name": "\u676d\u5dde\u6708\u7687\u665f\u56fd\u9645\u9152\u5e97", "order_time": ["2019-01-20 08:37:11"], "total_order": 1, "hotel_value": ["4.7"], "hotel_price": ["310"]}, "1462903": {"hotel_name": "\u676d\u5dde\u5361\u5c14\u8299\u9152\u5e97(\u539f\u74ef\u6c5f\u9152\u5e97)", "order_time": ["2019-01-20 08:37:12"], "total_order": 1, "hotel_value": ["4.5"], "hotel_price": ["253"]}, "1646880": {"hotel_name": "\u676d\u5dde\u66fc\u7235\u7cbe\u54c1\u9152\u5e97", "order_time": ["2019-01-20 08:37:12"], "total_order": 1, "hotel_value": ["3.7"], "hotel_price": ["142"]}, "24034320": {"hotel_name": "\u5168\u5b63\u9152\u5e97(\u676d\u5dde\u6e58\u6e56\u4e07\u8fbe\u4e2d\u8def\u5e97)", "order_time": ["2019-01-20 08:37:13"], "total_order": 1, "hotel_value": ["4.8"], "hotel_price": ["227"]}, "1629926": {"hotel_name": "\u676d\u5dde\u5353\u5c1a\u7cbe\u54c1\u9152\u5e97", "order_time": ["2019-01-20 08:37:15"], "total_order": 1, "hotel_value": ["4.4"], "hotel_price": ["173"]}, "654650": {"hotel_name": "\u6850\u5e90\u6850\u665f\u5927\u9152\u5e97", "order_time": ["2019-01-20 08:37:33"], "total_order": 1, "hotel_value": ["4.7"], "hotel_price": ["184"]}, "684429": {"hotel_name": "\u676d\u5dde\u6d66\u4eac\u82b1\u56ed\u9152\u5e97", "order_time": ["2019-01-20 08:39:08"], "total_order": 1, "hotel_value": ["4.6"], "hotel_price": ["298"]}, "437170": {"hotel_name": "\u5168\u5b63\u9152\u5e97(\u676d\u5dde\u706b\u8f66\u4e1c\u7ad9\u5929\u57ce\u8def\u5e97)", "order_time": ["2019-01-20 08:39:10"], "total_order": 1, "hotel_value": ["4.7"], "hotel_price": ["275"]}, "5702234": {"hotel_name": "\u660a\u9890\u9152\u5e97(\u676d\u5dde\u8f6c\u5858\u897f\u6e56\u7f8e\u9662\u5e97)", "order_time": ["2019-01-20 08:39:11"], "total_order": 1, "hotel_value": ["4.6"], "hotel_price": ["250"]}, "426638": {"hotel_name": "\u676d\u5dde\u7389\u7687\u5c71\u5e84", "order_time": ["2019-01-20 08:39:12"], "total_order": 1, "hotel_value": ["4.7"], "hotel_price": ["300"]}, "19626880": {"hotel_name": "\u676d\u5dde\u9038\u6797\u9152\u5e97", "order_time": ["2019-01-20 08:39:12"], "total_order": 1, "hotel_value": ["4.6"], "hotel_price": ["260"]}, "1249734": {"hotel_name": "\u676d\u5dde\u5353\u76db\u4e3d\u666f\u9152\u5e97", "order_time": ["2019-01-20 08:39:12", "2019-01-20 08:43:10"], "total_order": 2, "hotel_value": ["4.3", "4.3"], "hotel_price": ["253", "253"]}, "427863": {"hotel_name": "\u5982\u5bb6\u5feb\u6377\u9152\u5e97(\u676d\u5dde\u6cb3\u574a\u8857\u9f13\u697c\u7f8e\u98df\u8857\u5e97)", "order_time": ["2019-01-20 08:39:13"], "total_order": 1, "hotel_value": ["4.4"], "hotel_price": ["120"]}, "1374100": {"hotel_name": "\u676d\u5dde\u6700\u5fc6\u57ce\u5e02\u9152\u5e97", "order_time": ["2019-01-20 08:39:15"], "total_order": 1, "hotel_value": ["3.9"], "hotel_price": ["178"]}, "22823368": {"hotel_name": "\u661f\u5c1a\u5ba2\u6808(\u676d\u5dde\u963f\u91cc\u5df4\u5df4\u5e97)", "order_time": ["2019-01-20 08:39:16"], "total_order": 1, "hotel_value": ["4.5"], "hotel_price": ["154"]}, "6447471": {"hotel_name": "\u661f\u57ce\u592a\u7a7a\u8231\u7cbe\u54c1\u9752\u5e74\u65c5\u820d(\u676d\u5dde\u897f\u6e56\u9f99\u7fd4\u6865\u5730\u94c1\u7ad9\u5e97)", "order_time": ["2019-01-20 08:39:17", "2019-01-20 09:01:08"], "total_order": 2, "hotel_value": ["4.5", "4.5"], "hotel_price": ["57", "57"]}, "6470493": {"hotel_name": "\u676d\u5dde\u6e58\u5c1a\u4e3b\u9898\u9152\u5e97", "order_time": ["2019-01-20 08:39:18"], "total_order": 1, "hotel_value": ["3.7"], "hotel_price": ["116"]}, "762740": {"hotel_name": "\u535a\u51ef\u897f\u6e56\u9152\u5e97(\u676d\u5dde\u6e56\u6ee8\u5e97)", "order_time": ["2019-01-20 08:39:18"], "total_order": 1, "hotel_value": ["4.2"], "hotel_price": ["142"]}, "5384875": {"hotel_name": "\u676d\u5dde\u66ae\u8272\u5047\u65e5\u9152\u5e97", "order_time": ["2019-01-20 08:39:19"], "total_order": 1, "hotel_value": ["4.2"], "hotel_price": ["78"]}, "1353524": {"hotel_name": "\u676d\u5dde\u8def\u5ba2\u5feb\u6377\u9152\u5e97", "order_time": ["2019-01-20 08:39:29"], "total_order": 1, "hotel_value": ["4.4"], "hotel_price": ["94"]}, "5240879": {"hotel_name": "\u676d\u5dde\u745e\u7acb\u6c5f\u6cb3\u6c47\u9152\u5e97", "order_time": ["2019-01-20 08:41:08"], "total_order": 1, "hotel_value": ["4.7"], "hotel_price": ["599"]}, "427835": {"hotel_name": "\u5982\u5bb6\u7cbe\u9009\u9152\u5e97(\u676d\u5dde\u897f\u6e56\u6587\u5316\u5e7f\u573a\u5730\u94c1\u7ad9\u5e97)", "order_time": ["2019-01-20 09:03:08", "2019-01-20 08:41:08"], "total_order": 2, "hotel_value": ["4.7", "4.7"], "hotel_price": ["234", "234"]}, "28362501": {"hotel_name": "\u676d\u5dde\u8f6c\u5858\u7f8e\u9662\u4e9a\u6735\u9152\u5e97", "order_time": ["2019-01-20 08:41:09"], "total_order": 1, "hotel_value": ["4.9"], "hotel_price": ["357"]}, "12132893": {"hotel_name": "\u6854\u5b50\u7cbe\u9009(\u676d\u5dde\u6ee8\u6c5f\u5927\u5b66\u57ce\u5e97)", "order_time": ["2019-01-20 08:41:09"], "total_order": 1, "hotel_value": ["4.8"], "hotel_price": ["306"]}, "1569741": {"hotel_name": "\u5982\u5bb6\u5feb\u6377\u9152\u5e97(\u676d\u5dde\u706b\u8f66\u4e1c\u7ad9\u79cb\u6d9b\u5317\u8def\u5e97)", "order_time": ["2019-01-20 08:55:10", "2019-01-20 08:41:10"], "total_order": 2, "hotel_value": ["4.4", "4.4"], "hotel_price": ["123", "123"]}, "1619719": {"hotel_name": "\u6854\u5b50\u6c34\u6676\u9152\u5e97(\u676d\u5dde\u6c5f\u9675\u8def\u5730\u94c1\u7ad9\u5e97)(\u539f\u661f\u5149\u5927\u9053\u5e97)", "order_time": ["2019-01-20 08:41:12"], "total_order": 1, "hotel_value": ["4.9"], "hotel_price": ["474"]}, "987317": {"hotel_name": "\u676d\u5dde\u7396\u4e45\u5370\u8c61\u4e3b\u9898\u9152\u5e97", "order_time": ["2019-01-20 08:41:13"], "total_order": 1, "hotel_value": ["4.8"], "hotel_price": ["201"]}, "6544537": {"hotel_name": "\u968f\u5bd3\u9752\u5e74\u516c\u5bd3\u9152\u5e97(\u676d\u5dde\u4e0b\u6c99\u9ad8\u6559\u56ed\u4f20\u5a92\u5b66\u9662\u5e97)", "order_time": ["2019-01-20 08:41:16"], "total_order": 1, "hotel_value": ["4.3"], "hotel_price": ["100"]}, "1739860": {"hotel_name": "\u676d\u5dde\u81f4\u8fdc\u5927\u9152\u5e97", "order_time": ["2019-01-20 08:41:19"], "total_order": 1, "hotel_value": ["4.2"], "hotel_price": ["372"]}, "12489622": {"hotel_name": "\u676d\u5dde\u559c\u60a6\u57ce\u5e02\u827a\u672f\u516c\u5bd3", "order_time": ["2019-01-20 08:41:19"], "total_order": 1, "hotel_value": ["4.7"], "hotel_price": ["312"]}, "17888754": {"hotel_name": "\u676d\u5dde\u91d1\u4e0d\u6362\u9152\u5e97", "order_time": ["2019-01-20 08:41:21"], "total_order": 1, "hotel_value": ["4.7"], "hotel_price": ["115"]}, "474708": {"hotel_name": "\u5e03\u4e01\u9152\u5e97(\u676d\u5dde\u897f\u6e56\u6b66\u6797\u5e7f\u573a\u5e97)", "order_time": ["2019-01-20 08:41:27"], "total_order": 1, "hotel_value": ["4.0"], "hotel_price": ["90"]}, "15879176": {"hotel_name": "\u676d\u5dde\u9047\u67d2\u9152\u5e97", "order_time": ["2019-01-20 09:01:06", "2019-01-20 08:43:08"], "total_order": 2, "hotel_value": ["4.6", "4.6"], "hotel_price": ["173", "173"]}, "914847": {"hotel_name": "\u676d\u5dde\u5a01\u5ec9\u7684\u592a\u5983\u7cd6\u9152\u5e97", "order_time": ["2019-01-20 08:43:10"], "total_order": 1, "hotel_value": ["4.6"], "hotel_price": ["212"]}, "987432": {"hotel_name": "\u5b9c\u5fc5\u601d\u9152\u5e97(\u676d\u5dde\u897f\u6e56\u5e86\u6625\u8def\u5e97)", "order_time": ["2019-01-20 08:43:11"], "total_order": 1, "hotel_value": ["4.5"], "hotel_price": ["237"]}, "987326": {"hotel_name": "\u676d\u5dde\u6e05\u6cb3\u9152\u5e97(\u897f\u6e56\u6cb3\u574a\u8857\u5e97)", "order_time": ["2019-01-20 08:43:11"], "total_order": 1, "hotel_value": ["4.7"], "hotel_price": ["179"]}, "1472274": {"hotel_name": "\u6854\u5b50\u9152\u5e97\u7cbe\u9009(\u676d\u5dde\u6587\u4e09\u8def\u4e07\u5858\u5e97)", "order_time": ["2019-01-20 08:43:12"], "total_order": 1, "hotel_value": ["4.9"], "hotel_price": ["297"]}, "1471978": {"hotel_name": "\u83ab\u6cf0168(\u676d\u5dde\u897f\u6e56\u89e3\u653e\u8def\u5e97)", "order_time": ["2019-01-20 08:43:13"], "total_order": 1, "hotel_value": ["4.4"], "hotel_price": ["123"]}, "481203": {"hotel_name": "\u5e03\u4e01\u4e25\u9009\u9152\u5e97(\u676d\u5dde\u6b66\u6797\u897f\u6e56\u6587\u5316\u5e7f\u573a\u5730\u94c1\u7ad9\u5e97)", "order_time": ["2019-01-20 08:43:13"], "total_order": 1, "hotel_value": ["4.3"], "hotel_price": ["114"]}, "1551709": {"hotel_name": "\u5357\u82d1e\u5bb6(\u676d\u5dde\u4e1c\u51a0\u8def\u9ad8\u6559\u56ed\u533a\u5e97)", "order_time": ["2019-01-20 08:43:15"], "total_order": 1, "hotel_value": ["4.0"], "hotel_price": ["113"]}, "481278": {"hotel_name": "\u5e03\u4e01\u9152\u5e97(\u676d\u5dde\u6ee8\u6c5f\u6ee8\u5eb7\u8def\u957f\u6cb3\u5e97)", "order_time": ["2019-01-20 08:43:15"], "total_order": 1, "hotel_value": ["3.3"], "hotel_price": ["106"]}, "1007105": {"hotel_name": "YHOTEL-\u676d\u5dde\u9752\u5e74\u4f1a\u9752\u5e74\u65c5\u820d", "order_time": ["2019-01-20 08:43:15"], "total_order": 1, "hotel_value": ["4.2"], "hotel_price": ["45"]}, "20173190": {"hotel_name": "\u676d\u5dde\u661f\u5c1a\u5ba2\u6808", "order_time": ["2019-01-20 08:43:16"], "total_order": 1, "hotel_value": ["4.7"], "hotel_price": ["42"]}, "900012": {"hotel_name": "Q\u52a0\u00b7\u7ea2\u83b1\u9152\u5e97(\u676d\u5dde\u8427\u5c71\u56fd\u9645\u673a\u573a\u5e97)", "order_time": ["2019-01-20 08:45:07"], "total_order": 1, "hotel_value": ["4.6"], "hotel_price": ["162"]}, "7808829": {"hotel_name": "\u676d\u5dde\u5b63\u9038\u8bbe\u8ba1\u7cbe\u54c1\u9152\u5e97", "order_time": ["2019-01-20 08:45:07"], "total_order": 1, "hotel_value": ["4.8"], "hotel_price": ["333"]}, "8529721": {"hotel_name": "\u9526\u6c5f\u4e4b\u661f(\u676d\u5dde\u6e56\u6ee8\u5e97)", "order_time": ["2019-01-20 08:45:07"], "total_order": 1, "hotel_value": ["4.4"], "hotel_price": ["178"]}, "474088": {"hotel_name": "\u6c49\u5ead\u9152\u5e97(\u676d\u5dde\u897f\u6e56\u9ec4\u9f99\u7075\u9690\u5bfa\u9f99\u4e95\u8def\u5e97)", "order_time": ["2019-01-20 08:59:11", "2019-01-20 08:45:07"], "total_order": 2, "hotel_value": ["4.2", "4.2"], "hotel_price": ["151", "151"]}, "23710119": {"hotel_name": "\u676d\u5dde\u897f\u6eaa\u4e03\u820d\u9152\u5e97", "order_time": ["2019-01-20 08:45:08"], "total_order": 1, "hotel_value": ["5.0"], "hotel_price": ["276"]}, "1768147": {"hotel_name": "\u676d\u5dde\u552f\u84dd\u5546\u52a1\u9152\u5e97", "order_time": ["2019-01-20 08:45:09"], "total_order": 1, "hotel_value": ["3.9"], "hotel_price": ["164"]}, "6082590": {"hotel_name": "\u5168\u5b63\u9152\u5e97(\u676d\u5dde\u897f\u6eaa\u94f6\u6cf0\u5e97)", "order_time": ["2019-01-20 08:45:09"], "total_order": 1, "hotel_value": ["4.8"], "hotel_price": ["313"]}, "1378703": {"hotel_name": "\u5168\u5b63\u9152\u5e97(\u676d\u5dde\u9ec4\u9f99\u65f6\u4ee3\u5e7f\u573a\u5e97)(\u539f\u56fd\u529b\u5927\u9152\u5e97)", "order_time": ["2019-01-20 08:45:09"], "total_order": 1, "hotel_value": ["4.6"], "hotel_price": ["275"]}, "698212": {"hotel_name": "\u9526\u6c5f\u4e4b\u661f(\u676d\u5dde\u4e0b\u6c99\u5927\u5b66\u57ce\u6587\u6cfd\u8def\u5730\u94c1\u7ad9\u5e97)", "order_time": ["2019-01-20 08:45:10"], "total_order": 1, "hotel_value": ["4.5"], "hotel_price": ["129"]}, "2313316": {"hotel_name": "\u5982\u5bb6\u5feb\u6377\u9152\u5e97(\u676d\u5dde\u706b\u8f66\u4e1c\u7ad9\u897f\u5e7f\u573a\u65b0\u98ce\u8def\u5e97)", "order_time": ["2019-01-20 09:21:07", "2019-01-20 08:45:10", "2019-01-20 08:47:07"], "total_order": 3, "hotel_value": ["4.5", "4.5", "4.5"], "hotel_price": ["125", "125", "125"]}, "1630669": {"hotel_name": "\u676d\u5dde\u4e09\u9f99\u5927\u9152\u5e97", "order_time": ["2019-01-20 08:45:11"], "total_order": 1, "hotel_value": ["4.4"], "hotel_price": ["184"]}, "697592": {"hotel_name": "\u6c49\u5ead\u9152\u5e97(\u676d\u5dde\u6b66\u6797\u8def\u4e2d\u5fc3\u5e97)", "order_time": ["2019-01-20 09:13:08", "2019-01-20 08:45:12"], "total_order": 2, "hotel_value": ["4.4", "4.4"], "hotel_price": ["135", "135"]}, "1346930": {"hotel_name": "\u676d\u5dde\u5143\u90fd\u7cbe\u54c1\u9152\u5e97", "order_time": ["2019-01-20 08:45:15"], "total_order": 1, "hotel_value": ["4.2"], "hotel_price": ["155"]}, "2312736": {"hotel_name": "\u5bcc\u9633\u6717\u5ead\u5bbe\u9986", "order_time": ["2019-01-20 08:45:15"], "total_order": 1, "hotel_value": ["4.3"], "hotel_price": ["103"]}, "375377": {"hotel_name": "\u676d\u5dde\u7231\u4e01\u5821\u5047\u65e5\u9152\u5e97", "order_time": ["2019-01-20 08:47:07"], "total_order": 1, "hotel_value": ["4.4"], "hotel_price": ["297"]}, "6254733": {"hotel_name": "\u676d\u5ddetakeanap\u772f\u4e00\u4f1a\u4f4f\u5bbf", "order_time": ["2019-01-20 08:59:10", "2019-01-20 08:47:07", "2019-01-20 09:09:06"], "total_order": 3, "hotel_value": ["4.0", "4.0", "4.0"], "hotel_price": ["135", "135", "135"]}, "987338": {"hotel_name": "\u676d\u5dde\u4e2d\u73af\u7cbe\u54c1\u9152\u5e97", "order_time": ["2019-01-20 08:47:07"], "total_order": 1, "hotel_value": ["4.5"], "hotel_price": ["184"]}, "1462894": {"hotel_name": "\u5982\u5bb6\u5feb\u6377\u9152\u5e97(\u676d\u5dde\u4e0b\u6c99\u9ad8\u6c99\u5730\u94c1\u7ad9\u5e97)", "order_time": ["2019-01-20 08:47:08", "2019-01-20 09:27:10"], "total_order": 2, "hotel_value": ["4.6", "4.6"], "hotel_price": ["142", "142"]}, "1472021": {"hotel_name": "\u5982\u5bb6\u5feb\u6377\u9152\u5e97(\u676d\u5dde\u897f\u6e56\u5ef6\u5b89\u8def\u9f99\u7fd4\u5730\u94c1\u7ad9\u5e97)", "order_time": ["2019-01-20 08:47:08"], "total_order": 1, "hotel_value": ["4.4"], "hotel_price": ["122"]}, "6783472": {"hotel_name": "\u676d\u5dde\u679c\u5b50\u7ea2\u521b\u610f\u9152\u5e97", "order_time": ["2019-01-20 08:47:09"], "total_order": 1, "hotel_value": ["4.5"], "hotel_price": ["163"]}, "1211301": {"hotel_name": "\u9c9c\u5c4b\u5546\u65c5\u9152\u5e97(\u676d\u5dde\u9ec4\u9f99\u4e07\u5858\u5e97)", "order_time": ["2019-01-20 08:47:12"], "total_order": 1, "hotel_value": ["4.7"], "hotel_price": ["240"]}, "6485543": {"hotel_name": "\u6d59\u6c5f\u8679\u732b\u5170\u5154\u9152\u5e97", "order_time": ["2019-01-20 08:47:13"], "total_order": 1, "hotel_value": ["4.4"], "hotel_price": ["199"]}, "1460299": {"hotel_name": "\u827a\u5de2\u7a7a\u95f4\u4e3b\u9898\u9152\u5e97(\u5efa\u5fb7\u56fd\u4fe1\u8def\u5e97)", "order_time": ["2019-01-20 08:47:24"], "total_order": 1, "hotel_value": ["4.3"], "hotel_price": ["89"]}, "5535420": {"hotel_name": "\u4e34\u5b89\u4e09\u6e21\u5ea6\u5047\u6c11\u5bbf", "order_time": ["2019-01-20 08:47:27"], "total_order": 1, "hotel_value": ["4.8"], "hotel_price": ["643"]}, "709093": {"hotel_name": "\u4e34\u5b89\u6e4d\u53e3\u4f17\u5b89\u6c21\u6e29\u6cc9\u5ea6\u5047\u9152\u5e97", "order_time": ["2019-01-20 08:47:27"], "total_order": 1, "hotel_value": ["4.6"], "hotel_price": ["3348"]}, "1607035": {"hotel_name": "\u6850\u5e90\u8fbe\u66fc\u9152\u5e97", "order_time": ["2019-01-20 08:47:27"], "total_order": 1, "hotel_value": ["4.7"], "hotel_price": ["283"]}, "438045": {"hotel_name": "\u5343\u5c9b\u6e56\u671b\u5c9b\u5ea6\u5047\u9152\u5e97", "order_time": ["2019-01-20 08:47:28"], "total_order": 1, "hotel_value": ["4.5"], "hotel_price": ["138"]}, "1294655": {"hotel_name": "\u6c49\u6c40\u7cbe\u54c1\u9152\u5e97(\u676d\u5dde\u94b1\u6c5f\u65b0\u57ce\u56db\u5b63\u9752\u5e97)", "order_time": ["2019-01-20 08:49:07"], "total_order": 1, "hotel_value": ["4.4"], "hotel_price": ["185"]}, "20024644": {"hotel_name": "\u676d\u5dde\u5143\u6735\u5546\u52a1\u9152\u5e97", "order_time": ["2019-01-20 08:49:08"], "total_order": 1, "hotel_value": ["4.6"], "hotel_price": ["134"]}, "975714": {"hotel_name": "\u5168\u5b63\u9152\u5e97(\u676d\u5dde\u897f\u6e56\u89e3\u653e\u8def\u5e97)", "order_time": ["2019-01-20 08:49:09"], "total_order": 1, "hotel_value": ["4.8"], "hotel_price": ["275"]}, "8558912": {"hotel_name": "\u676d\u5dde\u60c5\u8bd7\u9152\u5e97", "order_time": ["2019-01-20 08:49:09"], "total_order": 1, "hotel_value": ["4.8"], "hotel_price": ["599"]}, "18046591": {"hotel_name": "\u676d\u5dde\u897f\u6e56\u6e56\u6ee8\u4e9a\u6735\u9152\u5e97(\u539f\u51e4\u8d77\u8def\u4e9a\u6735\u9152\u5e97)", "order_time": ["2019-01-20 08:49:09"], "total_order": 1, "hotel_value": ["4.8"], "hotel_price": ["496"]}, "1461982": {"hotel_name": "\u5982\u5bb6\u5feb\u6377\u9152\u5e97(\u676d\u5dde\u897f\u6e56\u89e3\u653e\u8def\u6e56\u6ee8\u94f6\u6cf0\u5e97)", "order_time": ["2019-01-20 08:49:09"], "total_order": 1, "hotel_value": ["4.3"], "hotel_price": ["127"]}, "15308511": {"hotel_name": "\u7ef4\u4e5f\u7eb3\u56fd\u9645\u9152\u5e97(\u676d\u5dde\u672a\u6765\u79d1\u6280\u57ce\u5e97)", "order_time": ["2019-01-20 08:49:09"], "total_order": 1, "hotel_value": ["4.7"], "hotel_price": ["380"]}, "1229388": {"hotel_name": "\u6d59\u6c5f\u5927\u5b66\u5706\u6b63\u00b7\u7075\u5cf0\u5c71\u5e84", "order_time": ["2019-01-20 08:49:10"], "total_order": 1, "hotel_value": ["4.5"], "hotel_price": ["258"]}, "1465147": {"hotel_name": "\u676d\u5dde\u6d59\u5546\u5927\u9152\u5e97", "order_time": ["2019-01-20 08:49:10"], "total_order": 1, "hotel_value": ["4.1"], "hotel_price": ["209"]}, "994347": {"hotel_name": "\u676d\u5dde\u4e03\u8bda\u5546\u52a1\u9152\u5e97", "order_time": ["2019-01-20 08:49:11"], "total_order": 1, "hotel_value": ["4.3"], "hotel_price": ["93"]}, "1086144": {"hotel_name": "\u5982\u5bb6\u5feb\u6377\u9152\u5e97(\u676d\u5dde\u89e3\u653e\u8def\u5e86\u6625\u95e8\u5927\u5b66\u8def\u5e97)", "order_time": ["2019-01-20 08:49:11"], "total_order": 1, "hotel_value": ["4.2"], "hotel_price": ["120"]}, "7142560": {"hotel_name": "\u5168\u5b63\u9152\u5e97(\u676d\u5dde\u4e5d\u5821\u5ba2\u8fd0\u4e2d\u5fc3\u5e97)", "order_time": ["2019-01-20 08:49:11"], "total_order": 1, "hotel_value": ["4.8"], "hotel_price": ["275"]}, "23706926": {"hotel_name": "\u6850\u5e90\u79a7\u745e\u8fbe\u9152\u5e97", "order_time": ["2019-01-20 08:49:27"], "total_order": 1, "hotel_value": ["4.9"], "hotel_price": ["500"]}, "19919990": {"hotel_name": "\u4e34\u5b89\u66fc\u9640\u7f57\u6c11\u5bbf", "order_time": ["2019-01-20 08:49:31"], "total_order": 1, "hotel_value": ["4.9"], "hotel_price": ["366"]}, "993650": {"hotel_name": "\u9999\u6811\u4e4b\u5bb6\u5546\u52a1\u9152\u5e97(\u676d\u5dde\u79cb\u6d9b\u5317\u8def\u5e97)", "order_time": ["2019-01-20 08:51:07"], "total_order": 1, "hotel_value": ["4.0"], "hotel_price": ["107"]}, "441382": {"hotel_name": "\u6d59\u6c5f\u7d2b\u6676\u5927\u9152\u5e97", "order_time": ["2019-01-20 08:51:07"], "total_order": 1, "hotel_value": ["4.4"], "hotel_price": ["288"]}, "3799082": {"hotel_name": "\u5982\u5bb6\u5feb\u6377\u9152\u5e97(\u676d\u5dde\u8427\u5c71\u56fd\u9645\u673a\u573a\u5e97)", "order_time": ["2019-01-20 08:51:07"], "total_order": 1, "hotel_value": ["4.6"], "hotel_price": ["189"]}, "1640009": {"hotel_name": "\u9526\u6c5f\u4e4b\u661f\u54c1\u5c1a(\u676d\u5dde\u897f\u6e56\u5927\u9053\u5357\u5b8b\u5fa1\u8857\u5e97)", "order_time": ["2019-01-20 09:13:07", "2019-01-20 08:51:09"], "total_order": 2, "hotel_value": ["4.6", "4.6"], "hotel_price": ["140", "140"]}, "24859053": {"hotel_name": "Q\u52a0\u00b7\u5ea6\u7f8e\u9152\u5e97(\u676d\u5dde\u94b1\u6c5f\u65b0\u57ce\u6c7d\u8f66\u5357\u7ad9\u5e97)", "order_time": ["2019-01-20 08:51:10"], "total_order": 1, "hotel_value": ["4.7"], "hotel_price": ["200"]}, "697586": {"hotel_name": "\u6c49\u5ead\u9152\u5e97(\u676d\u5dde\u79cb\u6d9b\u8def\u5e97)", "order_time": ["2019-01-20 08:51:11"], "total_order": 1, "hotel_value": ["4.4"], "hotel_price": ["180"]}, "1640363": {"hotel_name": "\u901f8\u9152\u5e97(\u676d\u5dde\u6b66\u6797\u5e7f\u573a\u5730\u94c1\u7ad9\u5e97)", "order_time": ["2019-01-20 08:51:11"], "total_order": 1, "hotel_value": ["4.0"], "hotel_price": ["133"]}, "2160982": {"hotel_name": "\u676d\u5dde\u661f\u65c5\u592a\u7a7a\u8231\u9152\u5e97", "order_time": ["2019-01-20 09:21:06", "2019-01-20 08:53:08"], "total_order": 2, "hotel_value": ["4.7", "4.7"], "hotel_price": ["49", "49"]}, "19610638": {"hotel_name": "\u676d\u5dde\u8fd0\u6cb3\u5e0c\u5c14\u987f\u6b22\u670b\u9152\u5e97", "order_time": ["2019-01-20 08:53:08"], "total_order": 1, "hotel_value": ["4.7"], "hotel_price": ["409"]}, "23742028": {"hotel_name": "\u676d\u5dde\u8bd7\u60a6\u9601\u91d1\u94c2\u6e7e\u6c5f\u666f\u516c\u5bd3", "order_time": ["2019-01-20 08:53:10"], "total_order": 1, "hotel_value": ["4.3"], "hotel_price": ["263"]}, "1071271": {"hotel_name": "\u5e03\u4e01\u9152\u5e97(\u676d\u5dde\u840d\u6c34\u8857\u57ce\u897f\u94f6\u6cf0\u57ce\u5e97)", "order_time": ["2019-01-20 08:53:10"], "total_order": 1, "hotel_value": ["4.3"], "hotel_price": ["97"]}, "906393": {"hotel_name": "\u676d\u5dde\u6c6a\u661f\u7403\u9752\u5e74\u65c5\u820d", "order_time": ["2019-01-20 08:53:11"], "total_order": 1, "hotel_value": ["4.5"], "hotel_price": ["30"]}, "1769001": {"hotel_name": "\u676d\u5dde\u8427\u5c71\u673a\u573a\u5927\u9152\u5e97", "order_time": ["2019-01-20 09:29:08", "2019-01-20 08:53:12"], "total_order": 2, "hotel_value": ["4.0", "4.0"], "hotel_price": ["153", "153"]}, "2224028": {"hotel_name": "\u676d\u5dde\u5fc6\u90a6\u7cbe\u54c1\u9152\u5e97", "order_time": ["2019-01-20 08:53:12"], "total_order": 1, "hotel_value": ["4.3"], "hotel_price": ["183"]}, "28126739": {"hotel_name": "\u676d\u5dde\u67f4\u5bd3\u4e0b\u6c99\u9f99\u6e56\u5929\u8857\u670d\u52a1\u516c\u5bd3", "order_time": ["2019-01-20 08:53:13"], "total_order": 1, "hotel_value": ["4.8"], "hotel_price": ["203"]}, "846901": {"hotel_name": "\u676d\u5dde\u5c1a\u5ba2\u7cbe\u81f4\u9152\u5e97\u706b\u8f66\u5357\u7ad9\u5e97", "order_time": ["2019-01-20 09:15:09", "2019-01-20 08:53:13"], "total_order": 2, "hotel_value": ["3.9", "3.9"], "hotel_price": ["91", "91"]}, "8558885": {"hotel_name": "\u676d\u5dde\u5357\u9633\u5927\u9152\u5e97", "order_time": ["2019-01-20 08:53:14"], "total_order": 1, "hotel_value": ["3.6"], "hotel_price": ["120"]}, "1195278": {"hotel_name": "\u676d\u5dde\u671b\u6708\u65c5\u9986", "order_time": ["2019-01-20 08:53:15"], "total_order": 1, "hotel_value": ["2.9"], "hotel_price": ["98"]}, "26623130": {"hotel_name": "\u4ec1\u8302\u6c11\u5bbf", "order_time": ["2019-01-20 08:53:15"], "total_order": 1, "hotel_value": [0], "hotel_price": ["298"]}, "1410405": {"hotel_name": "\u83ab\u6cf0168(\u676d\u5dde\u6b66\u6797\u5e7f\u573a\u5730\u94c1\u7ad9\u676d\u5dde\u65e5\u62a5\u5e97)", "order_time": ["2019-01-20 08:53:16", "2019-01-20 09:11:12"], "total_order": 2, "hotel_value": ["4.4", "4.4"], "hotel_price": ["117", "117"]}, "5377968": {"hotel_name": "\u5f00\u5143\u66fc\u5c45\u00b7\u676d\u5dde\u4e34\u5e73\u5730\u94c1\u7ad9\u5e97", "order_time": ["2019-01-20 08:55:07"], "total_order": 1, "hotel_value": ["4.7"], "hotel_price": ["276"]}, "1406726": {"hotel_name": "\u83ab\u6cf0168(\u676d\u5dde\u706b\u8f66\u4e1c\u7ad9\u5929\u57ce\u8def\u5e97)", "order_time": ["2019-01-20 08:55:07"], "total_order": 1, "hotel_value": ["4.5"], "hotel_price": ["134"]}, "396971": {"hotel_name": "\u676d\u5dde\u7ea2\u697c\u5927\u9152\u5e97", "order_time": ["2019-01-20 08:55:08", "2019-01-20 09:19:08"], "total_order": 2, "hotel_value": ["4.3", "4.3"], "hotel_price": ["279", "279"]}, "3033641": {"hotel_name": "\u676d\u5dde\u540c\u4eba\u7cbe\u534e\u9152\u5e97", "order_time": ["2019-01-20 08:55:09"], "total_order": 1, "hotel_value": ["4.4"], "hotel_price": ["222"]}, "1569813": {"hotel_name": "\u5982\u5bb6\u5feb\u6377\u9152\u5e97(\u676d\u5dde\u706b\u8f66\u4e1c\u7ad9\u548c\u5e73\u4f1a\u5c55\u4e2d\u5fc3\u671d\u6656\u8def\u5e97)", "order_time": ["2019-01-20 08:55:09"], "total_order": 1, "hotel_value": ["4.7"], "hotel_price": ["142"]}, "14262662": {"hotel_name": "\u7ef4\u4e5f\u7eb3\u56fd\u9645\u9152\u5e97(\u676d\u5dde\u4e0b\u6c99\u5927\u5b66\u57ce\u5e97)", "order_time": ["2019-01-20 08:55:09"], "total_order": 1, "hotel_value": ["4.8"], "hotel_price": ["270"]}, "14953140": {"hotel_name": "\u676d\u5dde\u7231\u5c1a\u5bd3loft\u9152\u5e97\u516c\u5bd3(\u963f\u91cc\u5df4\u5df4\u6d77\u521b\u56ed\u5e97)", "order_time": ["2019-01-20 08:55:11"], "total_order": 1, "hotel_value": ["4.3"], "hotel_price": ["232"]}, "481296": {"hotel_name": "\u5e03\u4e01\u9152\u5e97(\u676d\u5dde\u7ecd\u5174\u8def\u548c\u5e73\u56fd\u9645\u4f1a\u5c55\u4e2d\u5fc3\u5e97)", "order_time": ["2019-01-20 08:55:13"], "total_order": 1, "hotel_value": ["4.2"], "hotel_price": ["97"]}, "5226190": {"hotel_name": "\u67f3\u6816\u6c11\u5bbf(\u4e34\u5b89\u6cb3\u6865\u53e4\u9547\u5e97)", "order_time": ["2019-01-20 08:55:17"], "total_order": 1, "hotel_value": ["4.7"], "hotel_price": ["155"]}, "373062": {"hotel_name": "\u676d\u5dde\u9f99\u79a7\u798f\u670b\u559c\u6765\u767b\u9152\u5e97", "order_time": ["2019-01-20 08:57:09"], "total_order": 1, "hotel_value": ["4.3"], "hotel_price": ["593"]}, "1470603": {"hotel_name": "\u4e45\u6816\u00b7\u676d\u5dde\u6e38\u5b50\u5ea6\u5047\u516c\u5bd3(\u706b\u8f66\u4e1c\u7ad9\u5e97)", "order_time": ["2019-01-20 08:57:09"], "total_order": 1, "hotel_value": ["4.1"], "hotel_price": ["163"]}, "13307620": {"hotel_name": "\u676d\u5dde\u81f3\u544a.\u4e91\u5915\u5bb6\u6ee8\u6c5f\u5168\u666f\u516c\u5bd3", "order_time": ["2019-01-20 08:57:12"], "total_order": 1, "hotel_value": ["4.8"], "hotel_price": ["379"]}, "1640537": {"hotel_name": "7\u5929\u8fde\u9501\u9152\u5e97(\u676d\u5dde\u706b\u8f66\u4e1c\u7ad9\u5e97)", "order_time": ["2019-01-20 08:57:14"], "total_order": 1, "hotel_value": ["4.1"], "hotel_price": ["119"]}, "7214719": {"hotel_name": "\u676d\u5dde\u6eaa\u4e2d\u6eaa\u5ea6\u5047\u9152\u5e97", "order_time": ["2019-01-20 08:59:09"], "total_order": 1, "hotel_value": ["4.8"], "hotel_price": ["1656"]}, "1629960": {"hotel_name": "\u5357\u82d1e\u5bb6(\u897f\u6e56\u5357\u5b8b\u5fa1\u8857\u5e97)(\u539f\u6f2b\u6e56\u5047\u65e5\u9152\u5e97)", "order_time": ["2019-01-20 08:59:10"], "total_order": 1, "hotel_value": ["4.1"], "hotel_price": ["80"]}, "6403568": {"hotel_name": "\u676d\u5dde\u60a6\u535a\u516c\u9986\u7cbe\u9009\u9152\u5e97", "order_time": ["2019-01-20 08:59:10"], "total_order": 1, "hotel_value": ["4.5"], "hotel_price": ["251"]}, "1413913": {"hotel_name": "\u5168\u5b63\u9152\u5e97(\u676d\u5dde\u6b66\u6797\u95e8\u5e97)", "order_time": ["2019-01-20 08:59:10"], "total_order": 1, "hotel_value": ["4.7"], "hotel_price": ["246"]}, "481249": {"hotel_name": "\u5e03\u4e01\u9152\u5e97(\u676d\u5dde\u897f\u6e56\u5357\u5b8b\u5fa1\u8857\u5e97)", "order_time": ["2019-01-20 08:59:11"], "total_order": 1, "hotel_value": ["3.9"], "hotel_price": ["67"]}, "1246188": {"hotel_name": "\u676d\u5dde\u5e84\u95f2\u548c\u5927\u9152\u5e97", "order_time": ["2019-01-20 08:59:11"], "total_order": 1, "hotel_value": ["4.5"], "hotel_price": ["129"]}, "3245183": {"hotel_name": "\u5357\u6b4c\u5ea6\u5047\u9152\u5e97\u516c\u5bd3(\u676d\u5dde\u4e0b\u6c99\u548c\u8fbe\u57ce\u5e97)", "order_time": ["2019-01-20 08:59:12"], "total_order": 1, "hotel_value": ["4.4"], "hotel_price": ["196"]}, "6343609": {"hotel_name": "\u676d\u5dde\u4e91\u4e0a\u5802\u827a\u672f\u9152\u5e97", "order_time": ["2019-01-20 08:59:13"], "total_order": 1, "hotel_value": ["4.7"], "hotel_price": ["204"]}, "2942080": {"hotel_name": "\u676d\u5dde\u660e\u8f89\u5546\u52a1\u9152\u5e97", "order_time": ["2019-01-20 08:59:13"], "total_order": 1, "hotel_value": ["4.2"], "hotel_price": ["153"]}, "19517372": {"hotel_name": "\u676d\u5dde\u5e90\u5883\u897f\u6eaa\u9152\u5e97", "order_time": ["2019-01-20 08:59:14"], "total_order": 1, "hotel_value": ["4.8"], "hotel_price": ["756"]}, "6405946": {"hotel_name": "\u9526\u6c5f\u90fd\u57ce\u9152\u5e97(\u676d\u5dde\u706b\u8f66\u4e1c\u7ad9\u5e97)", "order_time": ["2019-01-20 08:59:14"], "total_order": 1, "hotel_value": ["4.7"], "hotel_price": ["334"]}, "25633202": {"hotel_name": "\u676d\u5dde\u5bb6\u604b\u9752\u5e74\u65c5\u820d", "order_time": ["2019-01-20 08:59:15"], "total_order": 1, "hotel_value": ["4.7"], "hotel_price": ["48"]}, "2916683": {"hotel_name": "\u5982\u5bb6\u5feb\u6377\u9152\u5e97(\u676d\u5dde\u706b\u8f66\u4e1c\u7ad9\u897f\u5e7f\u573a\u5e97)", "order_time": ["2019-01-20 09:01:07"], "total_order": 1, "hotel_value": ["4.2"], "hotel_price": ["186"]}, "4535728": {"hotel_name": "\u7ea2\u8857\u81ea\u52a9\u516c\u5bd3(\u676d\u5dde\u706b\u8f66\u4e1c\u7ad9\u5e97)", "order_time": ["2019-01-20 09:01:07"], "total_order": 1, "hotel_value": ["4.3"], "hotel_price": ["150"]}, "1768499": {"hotel_name": "\u676d\u5dde\u5a01\u5c1488\u5feb\u6377\u9152\u5e97", "order_time": ["2019-01-20 09:01:07"], "total_order": 1, "hotel_value": ["3.9"], "hotel_price": ["88"]}, "6043796": {"hotel_name": "\u676d\u5dde\u6657\u96c5\u5c0f\u7b51\u5047\u65e5\u6c11\u5bbf", "order_time": ["2019-01-20 09:01:08"], "total_order": 1, "hotel_value": ["4.8"], "hotel_price": ["243"]}, "4686433": {"hotel_name": "\u676d\u5dde\u7535\u5f71\u4e3b\u9898\u670d\u52a1\u5f0f\u516c\u5bd3", "order_time": ["2019-01-20 09:01:08"], "total_order": 1, "hotel_value": ["4.6"], "hotel_price": ["237"]}, "6331655": {"hotel_name": "\u4e2d\u5170\u9152\u5e97(\u676d\u5dde\u897f\u6e56\u5e97)", "order_time": ["2019-01-20 09:01:10"], "total_order": 1, "hotel_value": ["4.3"], "hotel_price": ["154"]}, "28705984": {"hotel_name": "\u676d\u5dde\u541b\u9038\u5c45\u9152\u5e97", "order_time": ["2019-01-20 09:01:10"], "total_order": 1, "hotel_value": [0], "hotel_price": ["163"]}, "346320": {"hotel_name": "\u5343\u5c9b\u6e56\u6d32\u9645\u5ea6\u5047\u9152\u5e97", "order_time": ["2019-01-20 09:01:19"], "total_order": 1, "hotel_value": ["4.8"], "hotel_price": ["763"]}, "437043": {"hotel_name": "\u6850\u5e90\u5f00\u5143\u540d\u90fd\u5927\u9152\u5e97", "order_time": ["2019-01-20 09:01:19"], "total_order": 1, "hotel_value": ["4.7"], "hotel_price": ["388"]}, "1052571": {"hotel_name": "\u676d\u5dde\u4e07\u5546\u56fd\u9645\u9152\u5e97", "order_time": ["2019-01-20 09:03:09"], "total_order": 1, "hotel_value": ["4.5"], "hotel_price": ["304"]}, "975695": {"hotel_name": "\u6c49\u5ead\u9152\u5e97(\u676d\u5dde\u6b66\u6797\u95e8\u5e97)", "order_time": ["2019-01-20 09:03:10"], "total_order": 1, "hotel_value": ["4.4"], "hotel_price": ["170"]}, "481231": {"hotel_name": "\u9526\u6c5f\u4e4b\u661f(\u8427\u5c71\u676d\u5dde\u4e50\u56ed\u5e97)", "order_time": ["2019-01-20 09:07:09", "2019-01-20 09:15:11", "2019-01-20 09:03:10"], "total_order": 3, "hotel_value": ["4.4", "4.4", "4.4"], "hotel_price": ["99", "99", "99"]}, "1055037": {"hotel_name": "\u676d\u5dde\u5bcc\u5ead\u7cbe\u54c1\u9152\u5e97", "order_time": ["2019-01-20 09:03:10"], "total_order": 1, "hotel_value": ["4.4"], "hotel_price": ["129"]}, "1308259": {"hotel_name": "\u676d\u5dde\u67e0\u83b1\u5546\u52a1\u9152\u5e97", "order_time": ["2019-01-20 09:03:11"], "total_order": 1, "hotel_value": ["4.4"], "hotel_price": ["94"]}, "19588832": {"hotel_name": "\u676d\u5dde\u9752\u84b2\u9152\u5e97\u516c\u5bd3", "order_time": ["2019-01-20 09:03:11"], "total_order": 1, "hotel_value": ["4.5"], "hotel_price": ["183"]}, "13497597": {"hotel_name": "\u676d\u5dde\u54f2\u5bd3ZU\u9152\u5e97\u5f0f\u516c\u5bd3\u548c\u8fbe\u57ce\u5e97", "order_time": ["2019-01-20 09:03:11"], "total_order": 1, "hotel_value": ["2.8"], "hotel_price": ["258"]}, "876685": {"hotel_name": "\u676d\u5dde\u4e2d\u58a9\u7cbe\u54c1\u9152\u5e97(\u539f\u6c49\u9a6c\u7cbe\u54c1\u9152\u5e97)", "order_time": ["2019-01-20 09:03:12"], "total_order": 1, "hotel_value": ["4.0"], "hotel_price": ["168"]}, "987460": {"hotel_name": "\u676d\u5dde\u5df4\u5c14\u5e72\u5ba2\u6808", "order_time": ["2019-01-20 09:03:13"], "total_order": 1, "hotel_value": ["4.5"], "hotel_price": ["93"]}, "1433943": {"hotel_name": "\u5efa\u5fb7\u4e07\u6a58\u5c71\u5927\u9152\u5e97", "order_time": ["2019-01-20 09:03:16"], "total_order": 1, "hotel_value": ["4.6"], "hotel_price": ["133"]}, "1621618": {"hotel_name": "\u5bcc\u9633\u4e1c\u65b9\u8302\u5f00\u5143\u540d\u90fd\u5927\u9152\u5e97", "order_time": ["2019-01-20 09:05:07"], "total_order": 1, "hotel_value": ["4.7"], "hotel_price": ["418"]}, "8296858": {"hotel_name": "\u676d\u5dde\u4e0b\u6c99\u4e9a\u6735\u9152\u5e97", "order_time": ["2019-01-20 09:27:08", "2019-01-20 09:05:07"], "total_order": 2, "hotel_value": ["4.8", "4.8"], "hotel_price": ["404", "404"]}, "13828117": {"hotel_name": "\u6816\u8bed\u592a\u7a7a\u9152\u5e97(\u676d\u5dde\u6d59\u5927\u7d2b\u91d1\u6e2f\u5e97)", "order_time": ["2019-01-20 09:21:06", "2019-01-20 09:05:08"], "total_order": 2, "hotel_value": ["4.7", "4.7"], "hotel_price": ["57", "57"]}, "2379321": {"hotel_name": "\u6734\u749e\u5ba2\u6808(\u676d\u5dde\u7075\u9690\u5e97)", "order_time": ["2019-01-20 09:05:08"], "total_order": 1, "hotel_value": ["4.9"], "hotel_price": ["279"]}, "1569808": {"hotel_name": "\u5982\u5bb6\u5feb\u6377\u9152\u5e97(\u676d\u5dde\u6ee8\u6c5f\u6ee8\u6587\u8def\u767d\u9a6c\u6e56\u5927\u5b66\u57ce\u5e97)", "order_time": ["2019-01-20 09:05:08"], "total_order": 1, "hotel_value": ["4.2"], "hotel_price": ["159"]}, "1007479": {"hotel_name": "\u676d\u5dde\u65b0\u4e34\u5e73\u5bbe\u9986", "order_time": ["2019-01-20 09:05:08"], "total_order": 1, "hotel_value": ["4.6"], "hotel_price": ["223"]}, "6818045": {"hotel_name": "7\u5929\u4f18\u54c1\u9152\u5e97(\u676d\u5dde\u897f\u6e56\u65ad\u6865\u6d59\u5927\u5e97)", "order_time": ["2019-01-20 09:05:08"], "total_order": 1, "hotel_value": ["4.7"], "hotel_price": ["161"]}, "697589": {"hotel_name": "\u6c49\u5ead\u9152\u5e97(\u676d\u5dde\u671d\u6656\u5e97)", "order_time": ["2019-01-20 09:05:09"], "total_order": 1, "hotel_value": ["4.4"], "hotel_price": ["142"]}, "1387285": {"hotel_name": "\u676d\u5dde\u7231\u52a0\u9152\u5e97\u5858\u6816\u6816\u534e\u5e97", "order_time": ["2019-01-20 09:05:09"], "total_order": 1, "hotel_value": ["4.2"], "hotel_price": ["93"]}, "4545671": {"hotel_name": "\u676d\u5dde\u8717\u725b\u00b7\u540e\u575e\u5ba2\u6808", "order_time": ["2019-01-20 09:05:10"], "total_order": 1, "hotel_value": ["4.4"], "hotel_price": ["120"]}, "799140": {"hotel_name": "\u676d\u5dde\u901a\u60e0\u4e16\u7eaa\u9152\u5e97", "order_time": ["2019-01-20 09:05:11"], "total_order": 1, "hotel_value": ["4.4"], "hotel_price": ["112"]}, "8601140": {"hotel_name": "\u676d\u5dde\u667a\u9890\u5c1a\u54c1\u9152\u5e97(\u4e0b\u6c99\u91d1\u6c99\u6e56\u5e97)", "order_time": ["2019-01-20 09:07:07"], "total_order": 1, "hotel_value": ["4.7"], "hotel_price": ["215"]}, "4381889": {"hotel_name": "\u5168\u5b63\u9152\u5e97(\u676d\u5dde\u8427\u5c71\u673a\u573a\u5e97)", "order_time": ["2019-01-20 09:07:07"], "total_order": 1, "hotel_value": ["4.7"], "hotel_price": ["294"]}, "608589": {"hotel_name": "\u80dc\u9ad8\u56fd\u9645\u9152\u5e97(\u676d\u5dde\u5bcc\u9633\u94f6\u6cf0\u5e97)(\u539f\u8000\u90fd\u5fb7\u60a6\u5e97)", "order_time": ["2019-01-20 09:07:08"], "total_order": 1, "hotel_value": ["4.7"], "hotel_price": ["242"]}, "438261": {"hotel_name": "\u7ef4\u4e5f\u7eb3\u56fd\u9645\u9152\u5e97(\u676d\u5dde\u6b66\u6797\u5e7f\u573a\u5e97)", "order_time": ["2019-01-20 09:07:08"], "total_order": 1, "hotel_value": ["4.8"], "hotel_price": ["268"]}, "1728139": {"hotel_name": "\u676d\u5dde\u65b0\u9038\u5ea6\u5047\u9152\u5e97(\u539f\u676d\u5dde\u65b0\u9038\u5047\u65e5\u9152\u5e97)", "order_time": ["2019-01-20 09:07:08"], "total_order": 1, "hotel_value": ["4.2"], "hotel_price": ["144"]}, "3667073": {"hotel_name": "\u5bcc\u9a7f\u5546\u65c5\u9152\u5e97(\u676d\u5dde\u897f\u6e56\u5e97)", "order_time": ["2019-01-20 09:07:08"], "total_order": 1, "hotel_value": ["4.4"], "hotel_price": ["174"]}, "23225601": {"hotel_name": "\u6854\u5b50\u9152\u5e97\u7cbe\u9009(\u676d\u5dde\u672a\u6765\u79d1\u6280\u57ce\u676d\u5e08\u5927\u5e97)", "order_time": ["2019-01-20 09:07:08", "2019-01-20 09:19:09"], "total_order": 2, "hotel_value": ["4.7", "4.7"], "hotel_price": ["379", "379"]}, "1416216": {"hotel_name": "\u5982\u5bb6\u5feb\u6377\u9152\u5e97(\u676d\u5dde\u4e2d\u5c71\u5317\u8def\u51e4\u8d77\u8def\u5730\u94c1\u7ad9\u5e97)", "order_time": ["2019-01-20 09:07:09"], "total_order": 1, "hotel_value": ["4.6"], "hotel_price": ["132"]}, "1640647": {"hotel_name": "\u6d59\u6c5f\u5047\u65e5\u4e4b\u661f\u9152\u5e97(\u676d\u5dde\u706b\u8f66\u4e1c\u7ad9\u5e97)\u539f(\u676d\u5dde\u6587\u6656\u5e97)", "order_time": ["2019-01-20 09:07:09"], "total_order": 1, "hotel_value": ["4.2"], "hotel_price": ["113"]}, "1306723": {"hotel_name": "\u676d\u5dde\u6fb3\u67ab\u5feb\u6377\u9152\u5e97", "order_time": ["2019-01-20 09:07:09"], "total_order": 1, "hotel_value": ["4.0"], "hotel_price": ["79"]}, "1071771": {"hotel_name": "\u5e03\u4e01\u9152\u5e97(\u676d\u5dde\u4e0a\u5858\u8def\u6d59\u5de5\u5927\u5e97)", "order_time": ["2019-01-20 09:07:09"], "total_order": 1, "hotel_value": ["4.0"], "hotel_price": ["136"]}, "5999374": {"hotel_name": "\u676d\u5dde\u66fc\u8fb0\u7cbe\u54c1\u9152\u5e97", "order_time": ["2019-01-20 09:07:09"], "total_order": 1, "hotel_value": ["4.3"], "hotel_price": ["199"]}, "2007367": {"hotel_name": "\u676d\u5dde\u5b9d\u9f99\u4e3b\u9898\u9152\u5e97", "order_time": ["2019-01-20 09:07:09"], "total_order": 1, "hotel_value": ["3.3"], "hotel_price": ["112"]}, "24238713": {"hotel_name": "\u676d\u5dde\u82a5\u5f25\u65c5\u820d", "order_time": ["2019-01-20 09:07:11"], "total_order": 1, "hotel_value": ["4.1"], "hotel_price": ["183"]}, "5112056": {"hotel_name": "\u676d\u5dde\u9526\u4e0a\u82b1\u56ed\u7cbe\u54c1\u5ba2\u6808", "order_time": ["2019-01-20 09:07:11"], "total_order": 1, "hotel_value": ["4.6"], "hotel_price": ["93"]}, "7827532": {"hotel_name": "\u5982\u5bb6\u5546\u65c5\u9152\u5e97(\u676d\u5dde\u6587\u4e8c\u8def\u6c88\u5858\u6865\u5730\u94c1\u7ad9\u5e97)(\u539f\u676d\u5dde\u6587\u4e8c\u8def\u83ab\u5e72\u5c71\u8def\u535a\u5e93\u4e66\u57ce\u5e97)", "order_time": ["2019-01-20 09:09:06"], "total_order": 1, "hotel_value": ["4.8"], "hotel_price": ["180"]}, "4328052": {"hotel_name": "\u676d\u5dde\u53bb\u7b51\u9152\u5e97\u516c\u5bd3(\u539f\u6770\u5ea7\u81fb\u54c1\u9152\u5e97\u516c\u5bd3)", "order_time": ["2019-01-20 09:09:07"], "total_order": 1, "hotel_value": ["4.3"], "hotel_price": ["240"]}, "474012": {"hotel_name": "\u676d\u5dde\u6b4c\u6c5f\u7ef4\u5609\u5927\u9152\u5e97", "order_time": ["2019-01-20 09:09:07"], "total_order": 1, "hotel_value": ["4.4"], "hotel_price": ["379"]}, "18562203": {"hotel_name": "\u676d\u5dde\u9f99\u6e56\u7687\u51a0\u5047\u65e5\u9152\u5e97", "order_time": ["2019-01-20 09:09:08"], "total_order": 1, "hotel_value": ["4.7"], "hotel_price": ["756"]}, "375374": {"hotel_name": "\u676d\u5dde\u7ef4\u666f\u56fd\u9645\u5927\u9152\u5e97", "order_time": ["2019-01-20 09:09:09"], "total_order": 1, "hotel_value": ["4.5"], "hotel_price": ["420"]}, "920932": {"hotel_name": "\u676d\u5dde\u7075\u9690\u5510\u671d\u5ba2\u6808", "order_time": ["2019-01-20 09:09:10"], "total_order": 1, "hotel_value": ["4.3"], "hotel_price": ["50"]}, "1709318": {"hotel_name": "\u676d\u5dde\u60a6\u80dc\u9152\u5e97", "order_time": ["2019-01-20 09:11:09"], "total_order": 1, "hotel_value": ["4.3"], "hotel_price": ["84"]}, "6413900": {"hotel_name": "\u4e91\u5bbf\u516c\u5bd3\u5f0f\u9152\u5e97(\u676d\u5dde\u57ce\u897f\u94f6\u6cf0\u5e97)", "order_time": ["2019-01-20 09:11:10", "2019-01-20 09:15:08"], "total_order": 2, "hotel_value": ["4.5", "4.5"], "hotel_price": ["149", "164"]}, "25644365": {"hotel_name": "\u6854\u5b50\u7cbe\u9009\u9152\u5e97(\u676d\u5dde\u672a\u6765\u79d1\u6280\u57ce\u68a6\u60f3\u5c0f\u9547\u5e97)", "order_time": ["2019-01-20 09:11:10"], "total_order": 1, "hotel_value": ["4.9"], "hotel_price": ["273"]}, "6429579": {"hotel_name": "\u65b0\u7586\u676d\u5dde\u7597\u517b\u9662\u5bcc\u6625\u5c71\u5e84", "order_time": ["2019-01-20 09:11:10"], "total_order": 1, "hotel_value": ["4.7"], "hotel_price": ["159"]}, "1349041": {"hotel_name": "\u676d\u5dde\u597d\u5f97\u6765\u5ba2\u623f", "order_time": ["2019-01-20 09:11:15"], "total_order": 1, "hotel_value": ["4.2"], "hotel_price": ["84"]}, "481284": {"hotel_name": "\u5e03\u4e01\u9152\u5e97(\u676d\u5dde\u8427\u5c71\u5e02\u5fc3\u5317\u8def\u5e97)", "order_time": ["2019-01-20 09:11:15"], "total_order": 1, "hotel_value": ["4.2"], "hotel_price": ["114"]}, "444021": {"hotel_name": "\u7ef4\u4e5f\u7eb3\u9152\u5e97(\u676d\u5dde\u8427\u5c71\u673a\u573a\u5e97)", "order_time": ["2019-01-20 09:13:07"], "total_order": 1, "hotel_value": ["4.8"], "hotel_price": ["264"]}, "1192445": {"hotel_name": "\u5982\u5bb6\u5feb\u6377\u9152\u5e97(\u676d\u5dde\u897f\u6e56\u5e86\u6625\u8def\u5e97)", "order_time": ["2019-01-20 09:13:08"], "total_order": 1, "hotel_value": ["4.4"], "hotel_price": ["126"]}, "5282670": {"hotel_name": "\u548c\u9890\u9152\u5e97(\u676d\u5dde\u56db\u5b63\u9752\u79cb\u6d9b\u5317\u8def\u5e97)", "order_time": ["2019-01-20 09:13:08"], "total_order": 1, "hotel_value": ["4.6"], "hotel_price": ["227"]}, "1471878": {"hotel_name": "\u6d59\u6c5f\u5047\u65e5\u4e4b\u661f\u9152\u5e97(\u676d\u5dde\u603b\u90e8\u4fe1\u4e49\u574a\u5e97)", "order_time": ["2019-01-20 09:13:08"], "total_order": 1, "hotel_value": ["4.7"], "hotel_price": ["144"]}, "369775": {"hotel_name": "\u676d\u5dde\u9999\u683c\u91cc\u62c9\u996d\u5e97", "order_time": ["2019-01-20 09:13:08"], "total_order": 1, "hotel_value": ["4.5"], "hotel_price": ["761"]}, "8901107": {"hotel_name": "\u9526\u6c5f\u90fd\u57ce\u9152\u5e97(\u676d\u5dde\u4e0b\u6c99\u5e97)", "order_time": ["2019-01-20 09:13:08"], "total_order": 1, "hotel_value": ["4.8"], "hotel_price": ["266"]}, "670047": {"hotel_name": "\u5168\u5b63\u9152\u5e97(\u676d\u5dde\u897f\u6e56\u6d63\u7eb1\u8def\u5e97)", "order_time": ["2019-01-20 09:19:08", "2019-01-20 09:13:08"], "total_order": 2, "hotel_value": ["4.8", "4.8"], "hotel_price": ["341", "341"]}, "776943": {"hotel_name": "\u676d\u5dde\u5143\u745e\u57ce\u5e02\u82b1\u56ed\u9152\u5e97", "order_time": ["2019-01-20 09:13:09"], "total_order": 1, "hotel_value": ["4.6"], "hotel_price": ["411"]}, "4984473": {"hotel_name": "\u676d\u5dde\u5e1d\u666f\u5927\u9152\u5e97", "order_time": ["2019-01-20 09:13:09"], "total_order": 1, "hotel_value": ["4.6"], "hotel_price": ["437"]}, "25395519": {"hotel_name": "\u676d\u5dde\u7f8e\u4f4f\u8513\u6854\u00b7\u5370\u8c61\u9152\u5e97", "order_time": ["2019-01-20 09:13:09"], "total_order": 1, "hotel_value": ["4.6"], "hotel_price": ["143"]}, "12511346": {"hotel_name": "\u676d\u5dde\u79c0\u8fb0\u9152\u5e97\u516c\u5bd3", "order_time": ["2019-01-20 09:13:09"], "total_order": 1, "hotel_value": ["4.9"], "hotel_price": ["204"]}, "1669820": {"hotel_name": "\u7384\u9f99\u9152\u5e97\u5f0f\u516c\u5bd3(\u676d\u5dde\u661f\u8000\u57ce\u5e97)", "order_time": ["2019-01-20 09:13:09"], "total_order": 1, "hotel_value": ["4.1"], "hotel_price": ["235"]}, "2364610": {"hotel_name": "\u5982\u5bb6\u5feb\u6377\u9152\u5e97(\u676d\u5dde\u897f\u6e56\u65b0\u5e97)", "order_time": ["2019-01-20 09:13:09"], "total_order": 1, "hotel_value": ["4.4"], "hotel_price": ["171"]}, "1764634": {"hotel_name": "\u676d\u5dde\u6587\u534f\u5bbe\u9986", "order_time": ["2019-01-20 09:13:10"], "total_order": 1, "hotel_value": ["4.5"], "hotel_price": ["135"]}, "14171701": {"hotel_name": "\u676d\u5dde\u6162\u751f\u6d3b\u9152\u5e97\u516c\u5bd3", "order_time": ["2019-01-20 09:13:10"], "total_order": 1, "hotel_value": ["4.4"], "hotel_price": ["153"]}, "1453082": {"hotel_name": "\u676d\u5dde\u9f99\u9f0e\u5927\u9152\u5e97", "order_time": ["2019-01-20 09:13:11"], "total_order": 1, "hotel_value": ["4.5"], "hotel_price": ["140"]}, "446921": {"hotel_name": "\u676d\u5dde\u7c73\u5170\u98ce\u5c1a\u9152\u5e97(\u539f\u676d\u5dde\u7c73\u5170\u5bcc\u9a7f\u65f6\u5c1a\u9152\u5e97)", "order_time": ["2019-01-20 09:15:09"], "total_order": 1, "hotel_value": ["4.4"], "hotel_price": ["228"]}, "2301984": {"hotel_name": "7\u5929\u8fde\u9501\u9152\u5e97(\u676d\u5dde\u6c7d\u8f66\u5317\u7ad9\u4e07\u8fbe\u5e7f\u573a\u5e97)", "order_time": ["2019-01-20 09:15:09"], "total_order": 1, "hotel_value": ["4.5"], "hotel_price": ["158"]}, "6299592": {"hotel_name": "Q\u52a0\u00b7\u676d\u5dde\u542f\u90b8\u6c11\u5bbf", "order_time": ["2019-01-20 09:15:10"], "total_order": 1, "hotel_value": ["4.7"], "hotel_price": ["163"]}, "6829037": {"hotel_name": "\u676d\u5dde\u7eff\u8896\u6c11\u5bbf", "order_time": ["2019-01-20 09:15:12", "2019-01-20 09:19:12"], "total_order": 2, "hotel_value": ["5.0", "5.0"], "hotel_price": ["432", "432"]}, "2619539": {"hotel_name": "\u676d\u5dde\u559c\u820d\u7cbe\u54c1\u9152\u5e97", "order_time": ["2019-01-20 09:15:12"], "total_order": 1, "hotel_value": ["4.9"], "hotel_price": ["545"]}, "468863": {"hotel_name": "\u676d\u5dde\u5546\u4e1a\u5927\u53a6", "order_time": ["2019-01-20 09:17:08"], "total_order": 1, "hotel_value": ["4.6"], "hotel_price": ["243"]}, "447016": {"hotel_name": "\u676d\u5dde\u7687\u51a0\u5927\u9152\u5e97", "order_time": ["2019-01-20 09:17:08"], "total_order": 1, "hotel_value": ["4.2"], "hotel_price": ["238"]}, "1481533": {"hotel_name": "\u676d\u5dde\u5fae\u98ce\u5c71\u8c37\u7cbe\u54c1\u6c11\u5bbf", "order_time": ["2019-01-20 09:17:08"], "total_order": 1, "hotel_value": ["4.9"], "hotel_price": ["162"]}, "6109807": {"hotel_name": "\u676d\u5dde\u5a73\u9601\u6c11\u5bbf", "order_time": ["2019-01-20 09:17:08"], "total_order": 1, "hotel_value": ["4.9"], "hotel_price": ["328"]}, "15018501": {"hotel_name": "\u683c\u96f7\u65af\u7cbe\u9009\u9152\u5e97(\u676d\u5dde\u897f\u6eaa\u7d2b\u91d1\u6e2f\u5e97)", "order_time": ["2019-01-20 09:17:09"], "total_order": 1, "hotel_value": ["4.8"], "hotel_price": ["282"]}, "1838752": {"hotel_name": "\u676d\u5dde\u8427\u5c71\u673a\u573a\u822a\u5cf0\u5bbe\u9986", "order_time": ["2019-01-20 09:17:09"], "total_order": 1, "hotel_value": ["4.0"], "hotel_price": ["147"]}, "346307": {"hotel_name": "\u676d\u5dde\u4e2d\u7ef4\u6b4c\u5fb7\u5927\u9152\u5e97", "order_time": ["2019-01-20 09:17:09"], "total_order": 1, "hotel_value": ["4.7"], "hotel_price": ["576"]}, "481226": {"hotel_name": "\u5e03\u4e01\u9152\u5e97(\u676d\u5dde\u9ec4\u9f99\u4f53\u80b2\u4e2d\u5fc3\u9ec4\u59d1\u5c71\u8def\u5e97)", "order_time": ["2019-01-20 09:17:10"], "total_order": 1, "hotel_value": ["4.3"], "hotel_price": ["96"]}, "10609413": {"hotel_name": "\u7ef4\u4e5f\u7eb3\u56fd\u9645\u9152\u5e97(\u676d\u5dde\u706b\u8f66\u5357\u7ad9\u5e97)", "order_time": ["2019-01-20 09:17:11"], "total_order": 1, "hotel_value": ["4.7"], "hotel_price": ["256"]}, "1170433": {"hotel_name": "\u676d\u5dde\u8fbe\u820d\u827a\u672f\u6c11\u5bbf(\u539f\u8fbe\u820d\u827a\u672f\u9152\u5e97)", "order_time": ["2019-01-20 09:17:12"], "total_order": 1, "hotel_value": ["4.3"], "hotel_price": ["193"]}, "445330": {"hotel_name": "\u676d\u5dde\u7f8e\u94ed\u9152\u5e97", "order_time": ["2019-01-20 09:19:07"], "total_order": 1, "hotel_value": ["4.4"], "hotel_price": ["193"]}, "24400168": {"hotel_name": "\u676d\u5dde\u666f\u948a\u9152\u5e97", "order_time": ["2019-01-20 09:19:07"], "total_order": 1, "hotel_value": ["4.9"], "hotel_price": ["373"]}, "12091571": {"hotel_name": "\u676d\u5dde\u67da\u5b50\u6c11\u5bbf", "order_time": ["2019-01-20 09:19:07"], "total_order": 1, "hotel_value": ["4.6"], "hotel_price": ["232"]}, "1343023": {"hotel_name": "\u901f8\u9152\u5e97(\u676d\u5dde\u5357\u5b8b\u5fa1\u8857\u5e97)", "order_time": ["2019-01-20 09:19:07", "2019-01-20 09:25:08"], "total_order": 2, "hotel_value": ["4.1", "4.1"], "hotel_price": ["74", "74"]}, "20244730": {"hotel_name": "\u676d\u5dde\u4f4f\u5457\u9152\u5e97\u516c\u5bd3", "order_time": ["2019-01-20 09:19:08"], "total_order": 1, "hotel_value": ["4.8"], "hotel_price": ["232"]}, "11443676": {"hotel_name": "\u676d\u5dde\u4e45\u6816\u9152\u5e97", "order_time": ["2019-01-20 09:19:09"], "total_order": 1, "hotel_value": ["4.4"], "hotel_price": ["138"]}, "994230": {"hotel_name": "\u676d\u5dde\u97e9\u5c1a\u5feb\u6377\u9152\u5e97", "order_time": ["2019-01-20 09:19:09"], "total_order": 1, "hotel_value": ["3.8"], "hotel_price": ["109"]}, "1888093": {"hotel_name": "\u676d\u5dde\u60a6\u6cfd\u9152\u5e97", "order_time": ["2019-01-20 09:19:10", "2019-01-20 09:29:08"], "total_order": 2, "hotel_value": ["4.2", "4.2"], "hotel_price": ["164", "164"]}, "1536661": {"hotel_name": "\u5f00\u745e\u7cbe\u54c1\u9152\u5e97\u6e58\u6e56\u5e97", "order_time": ["2019-01-20 09:19:10"], "total_order": 1, "hotel_value": ["4.0"], "hotel_price": ["153"]}, "19881466": {"hotel_name": "wepai\u516c\u5bd3(\u676d\u5dde\u672a\u6765\u79d1\u6280\u57ce\u5730\u94c1\u53e3\u7ad9\u5e97)", "order_time": ["2019-01-20 09:19:13"], "total_order": 1, "hotel_value": ["4.6"], "hotel_price": ["134"]}, "1270950": {"hotel_name": "\u9e97\u67ab\u9152\u5e97(\u676d\u5dde\u897f\u6e56\u6e56\u6ee8\u5e97)", "order_time": ["2019-01-20 09:21:06"], "total_order": 1, "hotel_value": ["4.4"], "hotel_price": ["256"]}, "23817618": {"hotel_name": "\u676d\u5dde\u68a6\u60f3\u5c0f\u9547\u6c11\u5bbf", "order_time": ["2019-01-20 09:21:07"], "total_order": 1, "hotel_value": ["4.7"], "hotel_price": ["129"]}, "1462568": {"hotel_name": "\u5982\u5bb6\u5feb\u6377\u9152\u5e97(\u676d\u5dde\u83ab\u5e72\u5c71\u8def\u5e97)", "order_time": ["2019-01-20 09:21:07"], "total_order": 1, "hotel_value": ["4.5"], "hotel_price": ["113"]}, "3364450": {"hotel_name": "\u6c49\u5ead\u9152\u5e97(\u676d\u5dde\u6ee8\u6587\u8def\u5e97)", "order_time": ["2019-01-20 09:21:07"], "total_order": 1, "hotel_value": ["4.6"], "hotel_price": ["218"]}, "474066": {"hotel_name": "\u676d\u5dde\u83f2\u65af\u6cf0\u5c14SPA\u4e3b\u9898\u9152\u5e97", "order_time": ["2019-01-20 09:21:07"], "total_order": 1, "hotel_value": ["4.2"], "hotel_price": ["138"]}, "8558927": {"hotel_name": "\u676d\u5dde\u6885\u82d1\u60a6\u5c45\u9152\u5e97(\u5e08\u8303\u5927\u5b66\u5e97)", "order_time": ["2019-01-20 09:21:09"], "total_order": 1, "hotel_value": ["4.5"], "hotel_price": ["411"]}, "975687": {"hotel_name": "\u6d77\u53cb\u9152\u5e97(\u676d\u5dde\u897f\u6e56\u4fdd\u4ff6\u5e97)", "order_time": ["2019-01-20 09:21:09"], "total_order": 1, "hotel_value": ["4.2"], "hotel_price": ["94"]}, "1461231": {"hotel_name": "\u5982\u5bb6\u5feb\u6377\u9152\u5e97(\u4e34\u5b89\u94b1\u738b\u8857\u4e07\u534e\u5e7f\u573a\u5e97)", "order_time": ["2019-01-20 09:21:14"], "total_order": 1, "hotel_value": ["4.2"], "hotel_price": ["113"]}, "5099816": {"hotel_name": "\u6d59\u6c5f\u541b\u5c1a\u996d\u5e97", "order_time": ["2019-01-20 09:23:08"], "total_order": 1, "hotel_value": ["4.6"], "hotel_price": ["367"]}, "8063890": {"hotel_name": "\u676d\u5dde\u5b63\u9686\u9152\u5e97\u5f0f\u516c\u5bd3(\u5b9d\u9f99\u5e97)", "order_time": ["2019-01-20 09:23:08"], "total_order": 1, "hotel_value": ["4.4"], "hotel_price": ["227"]}, "8558935": {"hotel_name": "\u676d\u5dde\u5955\u5c45\u897f\u5b50\u56fd\u9645\u516c\u5bd3", "order_time": ["2019-01-20 09:23:08"], "total_order": 1, "hotel_value": ["4.8"], "hotel_price": ["292"]}, "441253": {"hotel_name": "\u676d\u5dde\u897f\u6eaa\u5bbe\u9986", "order_time": ["2019-01-20 09:23:08"], "total_order": 1, "hotel_value": ["4.7"], "hotel_price": ["788"]}, "26445649": {"hotel_name": "\u676d\u5dde\u7eb3\u6f9c\u516c\u5bd3", "order_time": ["2019-01-20 09:23:08"], "total_order": 1, "hotel_value": ["4.9"], "hotel_price": ["263"]}, "1434281": {"hotel_name": "\u5047\u65e5\u4e4b\u661f\u9152\u5e97(\u676d\u5dde\u8f6c\u5858\u7f8e\u9662\u5e97)(\u539f\u4e4b\u6c5f\u5e97)", "order_time": ["2019-01-20 09:23:08"], "total_order": 1, "hotel_value": ["4.3"], "hotel_price": ["236"]}, "1430706": {"hotel_name": "\u676d\u5dde\u4e1c\u65b9\u5bd3\u820d\u00b7\u9ec4\u9f99\u996d\u5e97", "order_time": ["2019-01-20 09:23:08"], "total_order": 1, "hotel_value": ["4.6"], "hotel_price": ["709"]}, "6112512": {"hotel_name": "Zsmart\u667a\u5c1a\u9152\u5e97(\u676d\u5dde\u897f\u6eaa\u7d2b\u91d1\u6e2f\u5e97)(\u539f\u57ce\u897f\u94f6\u6cf0\u5e97)", "order_time": ["2019-01-20 09:23:08"], "total_order": 1, "hotel_value": ["4.6"], "hotel_price": ["193"]}, "975718": {"hotel_name": "\u5168\u5b63\u9152\u5e97(\u676d\u5dde\u6587\u4e09\u8def\u5e97)", "order_time": ["2019-01-20 09:23:08"], "total_order": 1, "hotel_value": ["4.8"], "hotel_price": ["284"]}, "1740546": {"hotel_name": "\u676d\u5dde\u548c\u5e73\u996d\u5e97", "order_time": ["2019-01-20 09:31:07", "2019-01-20 09:23:08"], "total_order": 2, "hotel_value": ["4.5", "4.5"], "hotel_price": ["298", "298"]}, "2043280": {"hotel_name": "\u676d\u5dde\u76db\u6cf0\u5f00\u5143\u540d\u90fd\u5927\u9152\u5e97", "order_time": ["2019-01-20 09:23:08"], "total_order": 1, "hotel_value": ["4.8"], "hotel_price": ["563"]}, "849909": {"hotel_name": "\u676d\u5dde\u94b1\u6c5f\u65b0\u57ce\u4e07\u6021\u9152\u5e97", "order_time": ["2019-01-20 09:23:08"], "total_order": 1, "hotel_value": ["4.5"], "hotel_price": ["581"]}, "1210163": {"hotel_name": "\u676d\u5dde\u6e7e\u5927\u9152\u5e97", "order_time": ["2019-01-20 09:23:08"], "total_order": 1, "hotel_value": ["4.4"], "hotel_price": ["233"]}, "739280": {"hotel_name": "\u676d\u5ddeEAC\u6b27\u7f8e\u4e2d\u5fc3\u56fd\u9645\u9152\u5e97\u516c\u5bd3", "order_time": ["2019-01-20 09:23:08"], "total_order": 1, "hotel_value": ["4.6"], "hotel_price": ["327"]}, "2600366": {"hotel_name": "\u5168\u5b63\u9152\u5e97(\u676d\u5dde\u706b\u8f66\u4e1c\u7ad9\u5e97)", "order_time": ["2019-01-20 09:23:08"], "total_order": 1, "hotel_value": ["4.7"], "hotel_price": ["360"]}, "7524794": {"hotel_name": "\u676d\u5dde\u821c\u5730\u4e09\u548c\u56ed\u9152\u5e97", "order_time": ["2019-01-20 09:23:08"], "total_order": 1, "hotel_value": ["4.7"], "hotel_price": ["163"]}, "481207": {"hotel_name": "\u9526\u6c5f\u4e4b\u661f(\u676d\u5dde\u897f\u6e56\u65ad\u6865\u5e97)", "order_time": ["2019-01-20 09:23:08"], "total_order": 1, "hotel_value": ["4.1"], "hotel_price": ["122"]}, "2175332": {"hotel_name": "\u676d\u5dde\u4f73\u4e4b\u88d5\u9152\u5e97", "order_time": ["2019-01-20 09:23:08"], "total_order": 1, "hotel_value": ["4.5"], "hotel_price": ["179"]}, "2313472": {"hotel_name": "\u5168\u5b63\u9152\u5e97(\u676d\u5dde\u4e0b\u6c99\u7ecf\u6d4e\u5f00\u53d1\u533a\u5e97)", "order_time": ["2019-01-20 09:23:09"], "total_order": 1, "hotel_value": ["4.8"], "hotel_price": ["322"]}, "1640488": {"hotel_name": "7\u5929\u8fde\u9501\u9152\u5e97(\u676d\u5dde\u57ce\u7ad9\u706b\u8f66\u7ad9\u5e97)", "order_time": ["2019-01-20 09:23:09"], "total_order": 1, "hotel_value": ["4.0"], "hotel_price": ["109"]}, "26557592": {"hotel_name": "\u7ef4\u4e5f\u7eb3\u56fd\u9645\u9152\u5e97(\u676d\u5dde\u4f59\u676d\u9ad8\u94c1\u7ad9\u5e97)", "order_time": ["2019-01-20 09:23:09"], "total_order": 1, "hotel_value": ["5.0"], "hotel_price": ["223"]}, "1380303": {"hotel_name": "\u5982\u5bb6\u5feb\u6377\u9152\u5e97(\u676d\u5dde\u5efa\u56fd\u5357\u8def\u6cb3\u574a\u8857\u5e97)", "order_time": ["2019-01-20 09:23:09"], "total_order": 1, "hotel_value": ["4.4"], "hotel_price": ["107"]}, "1623229": {"hotel_name": "\u676d\u5dde\u51ef\u4f26\u5047\u65e5\u9152\u5e97", "order_time": ["2019-01-20 09:23:09"], "total_order": 1, "hotel_value": ["3.7"], "hotel_price": ["139"]}, "5812704": {"hotel_name": "\u676d\u5dde\u676d\u5d07\u7cbe\u54c1\u9152\u5e97", "order_time": ["2019-01-20 09:23:10"], "total_order": 1, "hotel_value": ["4.3"], "hotel_price": ["114"]}, "16078771": {"hotel_name": "\u676d\u5dde\u4e91\u96c6\u820d\u9752\u5e74\u65c5\u820d", "order_time": ["2019-01-20 09:23:11"], "total_order": 1, "hotel_value": ["4.4"], "hotel_price": ["37"]}, "6756238": {"hotel_name": "\u676d\u5dde\u6885\u5f00\u5c0f\u7b51\u5ba2\u6808", "order_time": ["2019-01-20 09:23:11"], "total_order": 1, "hotel_value": ["4.9"], "hotel_price": ["229"]}, "24272705": {"hotel_name": "\u5efa\u5fb7\u666f\u60a6\u9152\u5e97", "order_time": ["2019-01-20 09:23:15"], "total_order": 1, "hotel_value": ["4.5"], "hotel_price": ["108"]}, "8606057": {"hotel_name": "\u6df3\u5b89\u53bf\u5343\u5c9b\u6e56\u4e00\u7ebf\u6e56\u666f\u5ea6\u5047\u516c\u5bd3", "order_time": ["2019-01-20 09:23:18"], "total_order": 1, "hotel_value": ["4.8"], "hotel_price": ["133"]}, "21754019": {"hotel_name": "\u676d\u5dde\u7a7a\u6e2f\u91d1\u5ea7\u9152\u5e97", "order_time": ["2019-01-20 09:25:07"], "total_order": 1, "hotel_value": ["4.8"], "hotel_price": ["212"]}, "5673297": {"hotel_name": "\u676d\u5dde\u94b1\u6c5f\u65b0\u57ce\u4e07\u8c6a\u9152\u5e97", "order_time": ["2019-01-20 09:25:07"], "total_order": 1, "hotel_value": ["4.7"], "hotel_price": ["1067"]}, "890287": {"hotel_name": "\u5982\u5bb6\u9152\u5e97(\u676d\u5dde\u897f\u6e56\u666f\u533a\u864e\u8dd1\u8def\u82cf\u5824\u5e97)", "order_time": ["2019-01-20 09:25:07"], "total_order": 1, "hotel_value": ["4.5"], "hotel_price": ["113"]}, "445394": {"hotel_name": "\u676d\u5dde\u897f\u6e56\u56fd\u5bbe\u9986\u00b7\u897f\u6e56\u7b2c\u4e00\u540d\u56ed", "order_time": ["2019-01-20 09:25:07"], "total_order": 1, "hotel_value": ["4.8"], "hotel_price": ["1003"]}, "8194094": {"hotel_name": "\u683c\u96f7\u65af\u7cbe\u9009\u9152\u5e97(\u676d\u5dde\u897f\u6eaa\u5e97)", "order_time": ["2019-01-20 09:25:07"], "total_order": 1, "hotel_value": ["4.8"], "hotel_price": ["312"]}, "6815224": {"hotel_name": "\u676d\u5dde\u6cca\u6797\u7cbe\u54c1\u9152\u5e97(\u539f\u6c38\u987a\u5047\u65e5\u9152\u5e97)", "order_time": ["2019-01-20 09:25:11"], "total_order": 1, "hotel_value": ["4.0"], "hotel_price": ["153"]}, "1500943": {"hotel_name": "\u5982\u5bb6\u5feb\u6377\u9152\u5e97(\u676d\u5dde\u897f\u6e56\u94f6\u6cf0\u5e97)", "order_time": ["2019-01-20 09:27:08"], "total_order": 1, "hotel_value": ["4.3"], "hotel_price": ["125"]}, "662385": {"hotel_name": "\u9886\u5c1a\u81fb\u54c1\u9152\u5e97(\u676d\u5dde\u94b1\u6c5f\u65b0\u57ce\u6c7d\u8f66\u5357\u7ad9\u5e97)", "order_time": ["2019-01-20 09:27:08"], "total_order": 1, "hotel_value": ["4.4"], "hotel_price": ["245"]}, "1734283": {"hotel_name": "\u6d59\u6c5f\u6587\u6e90\u5bbe\u9986", "order_time": ["2019-01-20 09:27:08"], "total_order": 1, "hotel_value": ["4.4"], "hotel_price": ["210"]}, "1569815": {"hotel_name": "\u5982\u5bb6\u5feb\u6377\u9152\u5e97(\u676d\u5dde\u6c88\u534a\u8def\u5317\u666f\u56ed\u5e97)", "order_time": ["2019-01-20 09:27:08"], "total_order": 1, "hotel_value": ["4.4"], "hotel_price": ["113"]}, "9628576": {"hotel_name": "\u676d\u5dde\u65b0\u534esoho\u9152\u5e97", "order_time": ["2019-01-20 09:27:09"], "total_order": 1, "hotel_value": ["4.6"], "hotel_price": ["213"]}, "1461643": {"hotel_name": "\u83ab\u6cf0268(\u676d\u5dde\u897f\u6e56\u5357\u5b8b\u5fa1\u8857\u6b65\u884c\u8857\u5e97)", "order_time": ["2019-01-20 09:27:09"], "total_order": 1, "hotel_value": ["4.5"], "hotel_price": ["110"]}, "12049906": {"hotel_name": "\u676d\u5dde\u5927\u4f3d\u9152\u5e97", "order_time": ["2019-01-20 09:27:09"], "total_order": 1, "hotel_value": ["4.6"], "hotel_price": ["168"]}, "987319": {"hotel_name": "\u6d77\u53cb\u9152\u5e97(\u676d\u5dde\u897f\u6e56\u5927\u9053\u5e97)", "order_time": ["2019-01-20 09:27:09"], "total_order": 1, "hotel_value": ["4.0"], "hotel_price": ["94"]}, "7981703": {"hotel_name": "\u9526\u6c5f\u4e4b\u661f\u54c1\u5c1a(\u676d\u5dde\u4e54\u53f8\u5357\u5730\u94c1\u7ad9\u5e97)", "order_time": ["2019-01-20 09:27:09"], "total_order": 1, "hotel_value": ["4.7"], "hotel_price": ["179"]}, "433861": {"hotel_name": "\u5982\u5bb6\u5feb\u6377\u9152\u5e97(\u676d\u5dde\u51e4\u8d77\u8def\u4e1d\u7ef8\u57ce\u4e2d\u6cb3\u5317\u8def\u5730\u94c1\u7ad9\u5e97)", "order_time": ["2019-01-20 09:27:10"], "total_order": 1, "hotel_value": ["4.3"], "hotel_price": ["123"]}, "24631732": {"hotel_name": "\u676d\u5dde\u5b9d\u5b9d\u9752\u5e74\u65c5\u820d", "order_time": ["2019-01-20 09:27:10"], "total_order": 1, "hotel_value": ["4.8"], "hotel_price": ["50"]}, "27941785": {"hotel_name": "\u676d\u5dde\u8317\u5c1a\u5546\u52a1\u9152\u5e97", "order_time": ["2019-01-20 09:27:10"], "total_order": 1, "hotel_value": ["4.9"], "hotel_price": ["133"]}, "10492541": {"hotel_name": "\u7ef4\u4e5f\u7eb3\u56fd\u9645\u9152\u5e97(\u676d\u5dde\u8f6c\u5858\u7f8e\u9662\u5e97)", "order_time": ["2019-01-20 09:27:10"], "total_order": 1, "hotel_value": ["4.9"], "hotel_price": ["289"]}, "1386853": {"hotel_name": "\u5e03\u4e01\u9152\u5e97(\u676d\u5dde\u897f\u6e56\u6cb3\u574a\u8857\u706b\u8f66\u57ce\u7ad9\u5e97)", "order_time": ["2019-01-20 09:27:11"], "total_order": 1, "hotel_value": ["3.8"], "hotel_price": ["96"]}, "481216": {"hotel_name": "\u5e03\u4e01\u9152\u5e97(\u676d\u5dde\u897f\u6e56\u89e3\u653e\u8def\u5e97)", "order_time": ["2019-01-20 09:27:11"], "total_order": 1, "hotel_value": ["4.1"], "hotel_price": ["84"]}, "28022412": {"hotel_name": "\u676d\u5dde\u9e1f\u513f\u57ce\u5e02\u516c\u5bd3", "order_time": ["2019-01-20 09:27:11"], "total_order": 1, "hotel_value": ["4.9"], "hotel_price": ["223"]}, "1900944": {"hotel_name": "\u5343\u5c9b\u6e56\u5927\u6c5f\u5357\u9152\u5e97", "order_time": ["2019-01-20 09:27:15"], "total_order": 1, "hotel_value": ["4.2"], "hotel_price": ["95"]}, "4498707": {"hotel_name": "\u676d\u5dde\u57ce\u4e2d\u9999\u683c\u91cc\u62c9\u5927\u9152\u5e97", "order_time": ["2019-01-20 09:29:05"], "total_order": 1, "hotel_value": ["4.7"], "hotel_price": ["1296"]}, "5721244": {"hotel_name": "\u5982\u5bb6\u7cbe\u9009\u9152\u5e97(\u676d\u5dde\u94b1\u6c5f\u4e16\u7eaa\u65b0\u57ce\u676d\u6d77\u8def\u5e97)", "order_time": ["2019-01-20 09:29:06"], "total_order": 1, "hotel_value": ["4.8"], "hotel_price": ["298"]}, "4971923": {"hotel_name": "\u6854\u5b50\u9152\u5e97\u7cbe\u9009(\u676d\u5dde\u4e5d\u5821\u5ba2\u8fd0\u4e2d\u5fc3\u5e97)", "order_time": ["2019-01-20 09:29:06"], "total_order": 1, "hotel_value": ["4.9"], "hotel_price": ["341"]}, "1709339": {"hotel_name": "\u676d\u5dde\u5929\u5730\u4eba\u5927\u9152\u5e97", "order_time": ["2019-01-20 09:29:06"], "total_order": 1, "hotel_value": ["4.6"], "hotel_price": ["216"]}, "22562197": {"hotel_name": "\u9ea6\u745e\u5947\u8f7b\u5962\u516c\u5bd3\u5f0f\u9152\u5e97(\u676d\u5dde\u963f\u91cc\u5df4\u5df4\u6d77\u521b\u56ed\u5e97)", "order_time": ["2019-01-20 09:29:07"], "total_order": 1, "hotel_value": ["4.9"], "hotel_price": ["432"]}, "2699285": {"hotel_name": "\u676d\u5dde\u7a9d\u7a9d\u9752\u5e74\u65c5\u820d(\u539f\u718a\u732b\u9752\u5e74\u65c5\u820d)", "order_time": ["2019-01-20 09:29:07"], "total_order": 1, "hotel_value": ["4.8"], "hotel_price": ["56"]}, "433712": {"hotel_name": "\u4e94\u6d0b\u5ba2\u6808(\u676d\u5dde\u5357\u5b8b\u5fa1\u8857\u5e97)", "order_time": ["2019-01-20 09:31:07"], "total_order": 1, "hotel_value": ["4.6"], "hotel_price": ["108"]}, "445442": {"hotel_name": "\u676d\u5dde\u4e94\u6d0b\u5047\u65e5\u9152\u5e97", "order_time": ["2019-01-20 09:31:07"], "total_order": 1, "hotel_value": ["4.5"], "hotel_price": ["398"]}, "1674636": {"hotel_name": "\u676d\u5dde\u897f\u6eaa\u8c37\u541b\u4ead\u9152\u5e97", "order_time": ["2019-01-20 09:31:07"], "total_order": 1, "hotel_value": ["4.7"], "hotel_price": ["548"]}, "1577227": {"hotel_name": "\u676d\u5dde\u4e00\u8272\u5c71\u5885", "order_time": ["2019-01-20 09:31:07"], "total_order": 1, "hotel_value": ["4.8"], "hotel_price": ["486"]}, "1334048": {"hotel_name": "\u676d\u5dde\u7d2b\u5e84\u5feb\u6377\u9152\u5e97", "order_time": ["2019-01-20 09:31:08"], "total_order": 1, "hotel_value": ["4.1"], "hotel_price": ["163"]}, "965526": {"hotel_name": "\u676d\u5dde\u6b65\u540c\u9a7f\u9752\u5e74\u65c5\u820d", "order_time": ["2019-01-20 09:31:09"], "total_order": 1, "hotel_value": ["4.3"], "hotel_price": ["35"]}, "482687": {"hotel_name": "\u6c49\u5ead\u9152\u5e97(\u4e34\u5b89\u5e97)", "order_time": ["2019-01-20 09:31:14"], "total_order": 1, "hotel_value": [0], "hotel_price": ["127"]}}}