{"\u5f00\u59cb\u8bb0\u5f55\u65f6\u95f4": "2019-01-12 09:03:46", "\u7ed3\u675f\u8bb0\u5f55\u65f6\u95f4": "2019-01-12 10:08:10", "\u8ba2\u5355\u603b\u589e\u91cf": 507, "item": {"1120496": {"hotel_name": "\u5168\u5b63\u9152\u5e97(\u676d\u5dde\u8427\u5c71\u673a\u573a\u5927\u9053\u5e97)", "order_time": ["2019-01-12 09:43:46", "2019-01-12 09:06:27"], "total_order": 2, "hotel_value": ["4.8", "4.8"], "hotel_price": ["275", "275"]}, "1817120": {"hotel_name": "\u6854\u5b50\u6c34\u6676\u9152\u5e97(\u676d\u5dde\u897f\u6e56\u5e97)", "order_time": ["2019-01-12 09:06:28"], "total_order": 1, "hotel_value": ["4.9"], "hotel_price": ["503"]}, "448770": {"hotel_name": "\u676d\u5dde\u534e\u60a6\u56fd\u9645\u9152\u5e97", "order_time": ["2019-01-12 09:08:56", "2019-01-12 09:06:29"], "total_order": 2, "hotel_value": ["4.2", "4.2"], "hotel_price": ["324", "324"]}, "445394": {"hotel_name": "\u676d\u5dde\u897f\u6e56\u56fd\u5bbe\u9986\u00b7\u897f\u6e56\u7b2c\u4e00\u540d\u56ed", "order_time": ["2019-01-12 09:37:30", "2019-01-12 09:06:31", "2019-01-12 09:41:49"], "total_order": 3, "hotel_value": ["4.8", "4.8", "4.8"], "hotel_price": ["1173", "1173", "1173"]}, "419382": {"hotel_name": "\u676d\u5dde\u826f\u6e1a\u541b\u6f9c\u5ea6\u5047\u9152\u5e97", "order_time": ["2019-01-12 09:06:31"], "total_order": 1, "hotel_value": ["4.8"], "hotel_price": ["918"]}, "2298396": {"hotel_name": "\u676d\u5dde\u5929\u6e05\u57ce\u5e02\u9152\u5e97", "order_time": ["2019-01-12 09:29:27", "2019-01-12 09:06:32", "2019-01-12 09:15:58"], "total_order": 3, "hotel_value": ["4.3", "4.3", "4.3"], "hotel_price": ["178", "178", "178"]}, "10920264": {"hotel_name": "\u676d\u5dde\u70ab\u9890\u5927\u9152\u5e97", "order_time": ["2019-01-12 09:06:35"], "total_order": 1, "hotel_value": ["4.5"], "hotel_price": ["232"]}, "2313472": {"hotel_name": "\u5168\u5b63\u9152\u5e97(\u676d\u5dde\u4e0b\u6c99\u7ecf\u6d4e\u5f00\u53d1\u533a\u5e97)", "order_time": ["2019-01-12 09:06:35", "2019-01-12 09:50:26"], "total_order": 2, "hotel_value": ["4.8", "4.8"], "hotel_price": ["313", "313"]}, "474091": {"hotel_name": "\u7d2b\u4e91\u996d\u5e97(\u676d\u5dde\u897f\u6e56\u9ec4\u9f99\u5e97)(\u539f\u4e16\u8d38\u9ec4\u9f99\u5e97)", "order_time": ["2019-01-12 09:06:36"], "total_order": 1, "hotel_value": ["4.7"], "hotel_price": ["294"]}, "6082590": {"hotel_name": "\u5168\u5b63\u9152\u5e97(\u676d\u5dde\u897f\u6eaa\u94f6\u6cf0\u5e97)", "order_time": ["2019-01-12 09:06:36"], "total_order": 1, "hotel_value": ["4.8"], "hotel_price": ["417"]}, "435371": {"hotel_name": "\u676d\u5dde\u5927\u53a6", "order_time": ["2019-01-12 09:06:37", "2019-01-12 09:29:21"], "total_order": 2, "hotel_value": ["4.7", "4.7"], "hotel_price": ["560", "560"]}, "12049906": {"hotel_name": "\u676d\u5dde\u5927\u4f3d\u9152\u5e97", "order_time": ["2019-01-12 09:06:40"], "total_order": 1, "hotel_value": ["4.6"], "hotel_price": ["183"]}, "1770053": {"hotel_name": "\u901f8\u9152\u5e97(\u676d\u5dde\u4e0b\u6c99\u91d1\u6c99\u5e97)", "order_time": ["2019-01-12 09:06:41"], "total_order": 1, "hotel_value": ["4.0"], "hotel_price": ["143"]}, "2140652": {"hotel_name": "\u5143\u548c\u57ce\u5e02\u4e4b\u661f\u9152\u5e97(\u676d\u5dde\u897f\u57ce\u5e97)", "order_time": ["2019-01-12 09:06:44"], "total_order": 1, "hotel_value": ["4.3"], "hotel_price": ["205"]}, "1768953": {"hotel_name": "\u676d\u5dde\u6c83\u5c45\u5feb\u6377\u9152\u5e97", "order_time": ["2019-01-12 09:06:44"], "total_order": 1, "hotel_value": ["4.1"], "hotel_price": ["126"]}, "1640619": {"hotel_name": "\u7d22\u7279\u6765\u6587\u827a\u9152\u5e97(\u676d\u5dde\u897f\u6e56\u89e3\u653e\u8def\u5e97)", "order_time": ["2019-01-12 09:06:46"], "total_order": 1, "hotel_value": ["4.8"], "hotel_price": ["203"]}, "1458510": {"hotel_name": "\u676d\u5dde\u7559\u604b\u65c5\u9986", "order_time": ["2019-01-12 09:07:01"], "total_order": 1, "hotel_value": ["4.5"], "hotel_price": ["79"]}, "26227562": {"hotel_name": "\u676d\u5dde\u4f18\u5c4b\u7f8e\u5bbf\u4e0b\u6c99\u9f99\u6e56\u5929\u8857\u670d\u52a1\u516c\u5bd3", "order_time": ["2019-01-12 09:08:42"], "total_order": 1, "hotel_value": ["4.7"], "hotel_price": ["269"]}, "845754": {"hotel_name": "\u6d59\u6c5f\u6b4c\u5c71\u54c1\u60a6\u5927\u9152\u5e97", "order_time": ["2019-01-12 09:08:42"], "total_order": 1, "hotel_value": ["4.6"], "hotel_price": ["512"]}, "684429": {"hotel_name": "\u676d\u5dde\u6d66\u4eac\u82b1\u56ed\u9152\u5e97", "order_time": ["2019-01-12 09:08:43", "2019-01-12 09:31:22", "2019-01-12 09:24:44"], "total_order": 3, "hotel_value": ["4.6", "4.6", "4.6"], "hotel_price": ["298", "298", "298"]}, "21812546": {"hotel_name": "\u676d\u5dde\u7965\u751f\u99a8\u9038\u9152\u5e97", "order_time": ["2019-01-12 09:08:43"], "total_order": 1, "hotel_value": ["4.5"], "hotel_price": ["346"]}, "10558548": {"hotel_name": "\u676d\u5dde\u5370\u6cf0\u6664\u58eb\u00b7\u5ead\u60a6\u9152\u5e97", "order_time": ["2019-01-12 09:08:45"], "total_order": 1, "hotel_value": ["4.7"], "hotel_price": ["310"]}, "7828854": {"hotel_name": "\u676d\u5dde\u4e2d\u7ef4\u9999\u6ea2\u5927\u9152\u5e97", "order_time": ["2019-01-12 09:08:45"], "total_order": 1, "hotel_value": ["4.7"], "hotel_price": ["423"]}, "445351": {"hotel_name": "\u676d\u5dde\u516d\u901a\u5bbe\u9986", "order_time": ["2019-01-12 09:08:45"], "total_order": 1, "hotel_value": ["4.9"], "hotel_price": ["390"]}, "426643": {"hotel_name": "\u676d\u5dde\u745e\u8c6a\u4e2d\u5fc3\u9152\u5e97", "order_time": ["2019-01-12 09:08:45"], "total_order": 1, "hotel_value": ["4.4"], "hotel_price": ["386"]}, "8602465": {"hotel_name": "\u676d\u5dde\u6ee8\u6c5f\u5e0c\u5c14\u987f\u6b22\u670b\u9152\u5e97", "order_time": ["2019-01-12 09:08:45"], "total_order": 1, "hotel_value": ["4.8"], "hotel_price": ["478"]}, "445476": {"hotel_name": "\u676d\u5dde\u4ec1\u548c\u996d\u5e97", "order_time": ["2019-01-12 09:08:47", "2019-01-12 09:17:58", "2019-01-12 09:20:07"], "total_order": 3, "hotel_value": ["4.6", "4.6", "4.6"], "hotel_price": ["358", "358", "358"]}, "2305814": {"hotel_name": "7\u5929\u8fde\u9501\u9152\u5e97(\u676d\u5dde\u4e0b\u6c99\u5927\u5b66\u57ce\u9f99\u6e56\u5929\u8857\u5e97)(\u539f\u9ad8\u6c99\u5546\u4e1a\u8857\u5e97)", "order_time": ["2019-01-12 09:08:48"], "total_order": 1, "hotel_value": ["4.5"], "hotel_price": ["141"]}, "1336797": {"hotel_name": "\u9526\u6c5f\u4e4b\u661f(\u676d\u5dde\u8427\u5c71\u56fd\u9645\u673a\u573a\u5e97)", "order_time": ["2019-01-12 09:08:50"], "total_order": 1, "hotel_value": ["4.4"], "hotel_price": ["199"]}, "17512490": {"hotel_name": "\u56fd\u5f69\u5927\u9152\u5e97(\u676d\u5dde\u897f\u6e56\u9ec4\u9f99\u5e97)", "order_time": ["2019-01-12 09:48:21", "2019-01-12 09:08:51"], "total_order": 2, "hotel_value": ["4.6", "4.6"], "hotel_price": ["313", "313"]}, "895709": {"hotel_name": "\u676d\u5dde\u5fb7\u80dc\u745e\u83b1\u514b\u65af\u5927\u9152\u5e97", "order_time": ["2019-01-12 09:08:51"], "total_order": 1, "hotel_value": ["4.4"], "hotel_price": ["263"]}, "660298": {"hotel_name": "\u5bcc\u9633\u56fd\u9645\u8d38\u6613\u4e2d\u5fc3\u5927\u9152\u5e97", "order_time": ["2019-01-12 09:08:51"], "total_order": 1, "hotel_value": ["4.9"], "hotel_price": ["498"]}, "21826634": {"hotel_name": "\u5982\u5bb6\u9152\u5e97(\u676d\u5dde\u5e73\u6d77\u897f\u6e56\u9f99\u7fd4\u6865\u5e97)", "order_time": ["2019-01-12 09:41:46", "2019-01-12 09:08:53"], "total_order": 2, "hotel_value": ["4.2", "4.2"], "hotel_price": ["260", "275"]}, "6072343": {"hotel_name": "Q\u52a0\u00b7\u676d\u5dde\u5370\u60a6\u9152\u5e97", "order_time": ["2019-01-12 09:08:54"], "total_order": 1, "hotel_value": ["4.5"], "hotel_price": ["135"]}, "1193904": {"hotel_name": "\u676d\u5dde\u745e\u9e92\u56fd\u9645\u9152\u5e97", "order_time": ["2019-01-12 09:08:55"], "total_order": 1, "hotel_value": ["3.9"], "hotel_price": ["198"]}, "697890": {"hotel_name": "\u6c49\u5ead\u9152\u5e97(\u676d\u5dde\u706b\u8f66\u57ce\u7ad9\u5e97)", "order_time": ["2019-01-12 09:08:56", "2019-01-12 09:27:12"], "total_order": 2, "hotel_value": ["4.3", "4.3"], "hotel_price": ["161", "161"]}, "5721244": {"hotel_name": "\u5982\u5bb6\u7cbe\u9009\u9152\u5e97(\u676d\u5dde\u94b1\u6c5f\u4e16\u7eaa\u65b0\u57ce\u676d\u6d77\u8def\u5e97)", "order_time": ["2019-01-12 09:08:56", "2019-01-12 09:15:55"], "total_order": 2, "hotel_value": ["4.8", "4.8"], "hotel_price": ["298", "298"]}, "7936304": {"hotel_name": "\u676d\u5dde\u8427\u5c71\u6697\u9999\u745e\u83b1\u514b\u65af\u5927\u9152\u5e97", "order_time": ["2019-01-12 09:08:57"], "total_order": 1, "hotel_value": ["4.5"], "hotel_price": ["350"]}, "976281": {"hotel_name": "\u676d\u5dde\u77f3\u5858\u745e\u83b1\u514b\u65af\u5927\u9152\u5e97", "order_time": ["2019-01-12 09:08:58"], "total_order": 1, "hotel_value": ["4.2"], "hotel_price": ["248"]}, "1406726": {"hotel_name": "\u83ab\u6cf0168(\u676d\u5dde\u706b\u8f66\u4e1c\u7ad9\u5929\u57ce\u8def\u5e97)", "order_time": ["2019-01-12 09:08:58", "2019-01-12 09:18:05"], "total_order": 2, "hotel_value": ["4.5", "4.5"], "hotel_price": ["144", "144"]}, "1380398": {"hotel_name": "\u5982\u5bb6\u5546\u65c5\u9152\u5e97(\u676d\u5dde\u94b1\u6c5f\u65b0\u57ce\u56db\u5b63\u9752\u670d\u88c5\u5e02\u573a\u5e97)", "order_time": ["2019-01-12 09:08:59"], "total_order": 1, "hotel_value": ["4.7"], "hotel_price": ["242"]}, "6705438": {"hotel_name": "\u676d\u5dde\u5fc6\u6377\u5927\u9152\u5e97", "order_time": ["2019-01-12 09:08:59"], "total_order": 1, "hotel_value": ["4.6"], "hotel_price": ["179"]}, "17376688": {"hotel_name": "\u676d\u5dde\u8427\u5c71\u4e2d\u8d62\u5e0c\u5c14\u987f\u9152\u5e97", "order_time": ["2019-01-12 09:08:59"], "total_order": 1, "hotel_value": ["4.8"], "hotel_price": ["798"]}, "4648666": {"hotel_name": "\u676d\u5dde\u897f\u5170\u98ce\u5c1a\u9152\u5e97", "order_time": ["2019-01-12 09:09:00"], "total_order": 1, "hotel_value": ["4.5"], "hotel_price": ["153"]}, "1551114": {"hotel_name": "\u676d\u5dde\u8427\u5c71\u57ce\u5e02\u9152\u5e97", "order_time": ["2019-01-12 09:09:01"], "total_order": 1, "hotel_value": ["4.6"], "hotel_price": ["267"]}, "437838": {"hotel_name": "\u676d\u5dde\u7ea2\u661f\u6587\u5316\u5927\u9152\u5e97(\u539f\u7ea2\u661f\u6587\u5316\u5927\u53a6)", "order_time": ["2019-01-12 09:09:04"], "total_order": 1, "hotel_value": ["4.4"], "hotel_price": ["261"]}, "697880": {"hotel_name": "\u6c49\u5ead\u9152\u5e97(\u676d\u5dde\u897f\u6e56\u6cb3\u574a\u8857\u6c5f\u57ce\u8def\u5e97)", "order_time": ["2019-01-12 09:09:05"], "total_order": 1, "hotel_value": ["4.1"], "hotel_price": ["151"]}, "28140175": {"hotel_name": "\u676d\u5dde\u5317\u6b27\u8f7b\u5c45\u516c\u5bd3", "order_time": ["2019-01-12 09:09:08"], "total_order": 1, "hotel_value": ["5.0"], "hotel_price": ["183"]}, "438435": {"hotel_name": "\u683c\u6797\u8c6a\u6cf0(\u676d\u5dde\u706b\u8f66\u4e1c\u7ad9\u5e97)", "order_time": ["2019-01-12 09:09:08"], "total_order": 1, "hotel_value": ["4.1"], "hotel_price": ["124"]}, "25690163": {"hotel_name": "\u676d\u5dde\u4f73\u51ef\u81fb\u54c1\u9152\u5e97", "order_time": ["2019-01-12 09:09:17"], "total_order": 1, "hotel_value": [0], "hotel_price": ["118"]}, "17173710": {"hotel_name": "\u676d\u5ddeiFU\u9152\u5e97", "order_time": ["2019-01-12 09:09:20"], "total_order": 1, "hotel_value": ["4.8"], "hotel_price": ["111"]}, "5640669": {"hotel_name": "\u676d\u5dde\u4f18\u80dc\u5927\u9152\u5e97", "order_time": ["2019-01-12 09:09:27"], "total_order": 1, "hotel_value": [0], "hotel_price": ["82"]}, "16083550": {"hotel_name": "\u676d\u5dde\u6c34\u4e00\u7a0b\u9752\u5e74\u65c5\u820d", "order_time": ["2019-01-12 09:09:33"], "total_order": 1, "hotel_value": ["4.1"], "hotel_price": ["47"]}, "435354": {"hotel_name": "\u5343\u5c9b\u6e56\u7eff\u57ce\u5ea6\u5047\u9152\u5e97", "order_time": ["2019-01-12 09:10:05"], "total_order": 1, "hotel_value": ["4.8"], "hotel_price": ["398"]}, "607717": {"hotel_name": "\u5efa\u5fb7\u534a\u5c9b\u51ef\u8c6a\u5927\u9152\u5e97", "order_time": ["2019-01-12 09:10:07"], "total_order": 1, "hotel_value": ["4.8"], "hotel_price": ["441"]}, "6655929": {"hotel_name": "\u6021\u83b1\u7cbe\u54c1\u9152\u5e97(\u676d\u5dde\u8427\u5c71\u94f6\u9686\u767e\u8d27\u5e02\u5fc3\u4e2d\u8def\u5e97)", "order_time": ["2019-01-12 09:15:45", "2019-01-12 09:11:07"], "total_order": 2, "hotel_value": ["4.4", "4.4"], "hotel_price": ["222", "222"]}, "1217305": {"hotel_name": "\u4e94\u6d0b\u516c\u9986(\u676d\u5dde\u897f\u6e56\u5e97)", "order_time": ["2019-01-12 09:11:08"], "total_order": 1, "hotel_value": ["4.5"], "hotel_price": ["221"]}, "8558928": {"hotel_name": "\u7a9d\u53cb\u9152\u5e97\u5f0f\u516c\u5bd3(\u676d\u5dde\u897f\u6eaa\u5e97)", "order_time": ["2019-01-12 09:11:09", "2019-01-12 09:33:27", "2019-01-12 09:37:29"], "total_order": 3, "hotel_value": ["4.4", "4.4", "4.4"], "hotel_price": ["253", "253", "253"]}, "446938": {"hotel_name": "\u676d\u5dde\u7389\u6cc9\u996d\u5e97", "order_time": ["2019-01-12 09:11:10"], "total_order": 1, "hotel_value": ["4.4"], "hotel_price": ["217"]}, "435383": {"hotel_name": "\u676d\u5dde\u9a6c\u53ef\u6ce2\u7f57\u5047\u65e5\u9152\u5e97", "order_time": ["2019-01-12 09:11:10"], "total_order": 1, "hotel_value": ["4.8"], "hotel_price": ["399"]}, "19626880": {"hotel_name": "\u676d\u5dde\u9038\u6797\u9152\u5e97", "order_time": ["2019-01-12 09:11:11"], "total_order": 1, "hotel_value": ["4.6"], "hotel_price": ["295"]}, "5387411": {"hotel_name": "\u5b8b\u97f5\u827a\u5885\u7cbe\u54c1\u9152\u5e97(\u676d\u5dde\u9f13\u697c\u6cb3\u574a\u8857\u5e97)", "order_time": ["2019-01-12 09:11:12"], "total_order": 1, "hotel_value": ["4.6"], "hotel_price": ["202"]}, "6512979": {"hotel_name": "\u676d\u5dde\u82f1\u51a0\u6e29\u5fb7\u59c6\u9152\u5e97", "order_time": ["2019-01-12 09:15:53", "2019-01-12 09:11:13"], "total_order": 2, "hotel_value": ["4.7", "4.7"], "hotel_price": ["668", "668"]}, "446921": {"hotel_name": "\u676d\u5dde\u7c73\u5170\u98ce\u5c1a\u9152\u5e97(\u539f\u676d\u5dde\u7c73\u5170\u5bcc\u9a7f\u65f6\u5c1a\u9152\u5e97)", "order_time": ["2019-01-12 09:11:13"], "total_order": 1, "hotel_value": ["4.4"], "hotel_price": ["253"]}, "1624570": {"hotel_name": "\u676d\u5dde\u5bcc\u6052\u7cbe\u54c1\u9152\u5e97(\u539f\u5bcc\u6052\u5047\u65e5\u9152\u5e97)", "order_time": ["2019-01-12 09:11:15", "2019-01-12 10:04:30"], "total_order": 2, "hotel_value": ["4.4", "4.4"], "hotel_price": ["99", "99"]}, "1581888": {"hotel_name": "\u676d\u5dde\u8427\u5c71\u8317\u53ef\u540d\u5bbe\u9986", "order_time": ["2019-01-12 09:24:42", "2019-01-12 09:11:17", "2019-01-12 09:27:01"], "total_order": 3, "hotel_value": ["4.4", "4.4", "4.4"], "hotel_price": ["215", "215", "215"]}, "965294": {"hotel_name": "\u5e7f\u666f\u9152\u5e97(\u676d\u5dde\u8427\u5c71\u56fd\u9645\u673a\u573a\u5e97)", "order_time": ["2019-01-12 09:11:17", "2019-01-12 09:15:44"], "total_order": 2, "hotel_value": ["4.2", "4.2"], "hotel_price": ["159", "159"]}, "8394198": {"hotel_name": "\u676d\u5dde\u85cf\u84dd\u9a7f\u6c11\u5bbf", "order_time": ["2019-01-12 09:43:52", "2019-01-12 09:52:32", "2019-01-12 09:11:19"], "total_order": 3, "hotel_value": ["4.8", "4.8", "4.8"], "hotel_price": ["173", "173", "173"]}, "533903": {"hotel_name": "\u676d\u5dde\u6d77\u5916\u6d77\u901a\u4fe1\u5927\u53a6", "order_time": ["2019-01-12 09:11:19"], "total_order": 1, "hotel_value": ["4.8"], "hotel_price": ["287"]}, "1770072": {"hotel_name": "\u5982\u5bb6\u5feb\u6377\u9152\u5e97(\u676d\u5dde\u6ee8\u6c5f\u5929\u8857\u661f\u5149\u5927\u9053\u5e97)", "order_time": ["2019-01-12 09:11:22"], "total_order": 1, "hotel_value": ["4.1"], "hotel_price": ["197"]}, "1306677": {"hotel_name": "\u676d\u5dde\u7f57\u62c9\u98ce\u60c5\u5047\u65e5\u9152\u5e97", "order_time": ["2019-01-12 09:11:22"], "total_order": 1, "hotel_value": ["4.2"], "hotel_price": ["164"]}, "27863591": {"hotel_name": "\u7f8e\u8c6a\u4e3d\u81f4\u9152\u5e97(\u676d\u5dde\u8427\u5c71\u673a\u573a\u5e97)", "order_time": ["2019-01-12 09:11:22"], "total_order": 1, "hotel_value": ["4.9"], "hotel_price": ["296"]}, "994347": {"hotel_name": "\u676d\u5dde\u4e03\u8bda\u5546\u52a1\u9152\u5e97", "order_time": ["2019-01-12 09:11:25"], "total_order": 1, "hotel_value": ["4.3"], "hotel_price": ["102"]}, "848707": {"hotel_name": "\u5982\u5bb6\u5feb\u6377\u9152\u5e97(\u676d\u5dde\u5929\u76ee\u5c71\u8def\u897f\u6eaa\u5e97)", "order_time": ["2019-01-12 09:11:25"], "total_order": 1, "hotel_value": ["4.6"], "hotel_price": ["142"]}, "1717775": {"hotel_name": "\u676d\u5dde\u5fb7\u76db\u5bbe\u9986", "order_time": ["2019-01-12 09:11:26"], "total_order": 1, "hotel_value": ["4.6"], "hotel_price": ["248"]}, "4035129": {"hotel_name": "\u6d77\u53cb\u826f\u54c1\u9152\u5e97(\u676d\u5dde\u57ce\u7ad9\u5e97)", "order_time": ["2019-01-12 09:11:28"], "total_order": 1, "hotel_value": ["4.5"], "hotel_price": ["180"]}, "1768147": {"hotel_name": "\u676d\u5dde\u552f\u84dd\u5546\u52a1\u9152\u5e97", "order_time": ["2019-01-12 09:11:30"], "total_order": 1, "hotel_value": ["4.0"], "hotel_price": ["164"]}, "469240": {"hotel_name": "\u4e34\u5b89\u5927\u660e\u5c71\u5c0f\u660e\u5bb6\u5ba2\u6808(\u539f\u5927\u660e\u5c71\u5e84)", "order_time": ["2019-01-12 09:12:23"], "total_order": 1, "hotel_value": ["4.8"], "hotel_price": ["1000"]}, "1640009": {"hotel_name": "\u9526\u6c5f\u4e4b\u661f\u54c1\u5c1a(\u676d\u5dde\u897f\u6e56\u5927\u9053\u5357\u5b8b\u5fa1\u8857\u5e97)", "order_time": ["2019-01-12 09:13:26"], "total_order": 1, "hotel_value": ["4.6"], "hotel_price": ["206"]}, "1749157": {"hotel_name": "\u5168\u5b63\u9152\u5e97(\u676d\u5dde\u5357\u5c71\u8def\u603b\u5e97)", "order_time": ["2019-01-12 09:13:27"], "total_order": 1, "hotel_value": ["4.8"], "hotel_price": ["478"]}, "1210163": {"hotel_name": "\u676d\u5dde\u6e7e\u5927\u9152\u5e97", "order_time": ["2019-01-12 09:13:28"], "total_order": 1, "hotel_value": ["4.4"], "hotel_price": ["233"]}, "1531848": {"hotel_name": "\u676d\u5dde\u4fee\u820d\u5065\u5eb7\u9152\u5e97", "order_time": ["2019-01-12 09:13:28"], "total_order": 1, "hotel_value": ["4.5"], "hotel_price": ["370"]}, "440773": {"hotel_name": "\u676d\u5dde\u65b0\u5ef6\u5b89\u996d\u5e97", "order_time": ["2019-01-12 09:13:31", "2019-01-12 09:24:37"], "total_order": 2, "hotel_value": ["4.5", "4.5"], "hotel_price": ["236", "236"]}, "26447340": {"hotel_name": "\u676d\u5dde\u65b0\u5929\u5730\u4e07\u67ab\u9152\u5e97", "order_time": ["2019-01-12 09:13:32"], "total_order": 1, "hotel_value": ["4.7"], "hotel_price": ["446"]}, "375374": {"hotel_name": "\u676d\u5dde\u7ef4\u666f\u56fd\u9645\u5927\u9152\u5e97", "order_time": ["2019-01-12 09:13:35"], "total_order": 1, "hotel_value": ["4.5"], "hotel_price": ["420"]}, "4498707": {"hotel_name": "\u676d\u5dde\u57ce\u4e2d\u9999\u683c\u91cc\u62c9\u5927\u9152\u5e97", "order_time": ["2019-01-12 09:13:38"], "total_order": 1, "hotel_value": ["4.7"], "hotel_price": ["1409"]}, "433845": {"hotel_name": "\u5982\u5bb6\u5feb\u6377\u9152\u5e97(\u676d\u5dde\u897f\u6e56\u5357\u5b8b\u5fa1\u8857\u4e2d\u5fc3\u5e97)", "order_time": ["2019-01-12 09:13:39", "2019-01-12 09:58:38", "2019-01-12 09:41:47"], "total_order": 3, "hotel_value": ["4.5", "4.5", "4.5"], "hotel_price": ["170", "170", "170"]}, "427855": {"hotel_name": "\u5982\u5bb6\u5feb\u6377\u9152\u5e97(\u676d\u5dde\u897f\u6e56\u4fdd\u4ff6\u8def\u5e97)", "order_time": ["2019-01-12 09:13:40"], "total_order": 1, "hotel_value": ["4.4"], "hotel_price": ["148"]}, "1489932": {"hotel_name": "\u676d\u5dde\u65b0\u9038\u9152\u5e97", "order_time": ["2019-01-12 09:13:40"], "total_order": 1, "hotel_value": ["4.8"], "hotel_price": ["311"]}, "21124661": {"hotel_name": "\u676d\u5dde\u56fd\u5c55\u535a\u4e50\u8bd7\u670d\u52a1\u516c\u5bd3", "order_time": ["2019-01-12 09:13:41"], "total_order": 1, "hotel_value": ["4.5"], "hotel_price": ["271"]}, "2213728": {"hotel_name": "\u5e03\u4e01\u9152\u5e97(\u676d\u5dde\u6b66\u6797\u5e7f\u573a\u673a\u573a\u5927\u5df4\u7ad9\u5e97)", "order_time": ["2019-01-12 09:29:29", "2019-01-12 09:13:43", "2019-01-12 09:27:05"], "total_order": 3, "hotel_value": ["4.6", "4.6", "4.6"], "hotel_price": ["104", "104", "104"]}, "1640363": {"hotel_name": "\u901f8\u9152\u5e97(\u676d\u5dde\u6b66\u6797\u5e7f\u573a\u5730\u94c1\u7ad9\u5e97)", "order_time": ["2019-01-12 09:13:44"], "total_order": 1, "hotel_value": ["4.0"], "hotel_price": ["113"]}, "11443676": {"hotel_name": "\u676d\u5dde\u4e45\u6816\u9152\u5e97", "order_time": ["2019-01-12 09:13:51"], "total_order": 1, "hotel_value": ["4.4"], "hotel_price": ["156"]}, "5451901": {"hotel_name": "\u676d\u5dde\u6ee8\u6c5f\u94f6\u6cf0\u559c\u6765\u767b\u5927\u9152\u5e97", "order_time": ["2019-01-12 09:14:13", "2019-01-12 09:49:17"], "total_order": 2, "hotel_value": ["4.7", "4.7"], "hotel_price": ["888", "888"]}, "2981969": {"hotel_name": "\u6c49\u5ead\u9152\u5e97(\u5efa\u5fb7\u65b0\u5b89\u6c5f\u65b0\u5e97)", "order_time": ["2019-01-12 09:14:17"], "total_order": 1, "hotel_value": ["4.3"], "hotel_price": ["180"]}, "1602701": {"hotel_name": "\u676d\u5dde\u897f\u6e56\u5c71\u95f4\u5c0f\u9690\u7cbe\u54c1\u6c11\u5bbf", "order_time": ["2019-01-12 09:15:43"], "total_order": 1, "hotel_value": ["4.8"], "hotel_price": ["263"]}, "6066000": {"hotel_name": "\u676d\u5dde\u67cf\u60a6\u9152\u5e97", "order_time": ["2019-01-12 09:15:43"], "total_order": 1, "hotel_value": ["4.8"], "hotel_price": ["1746"]}, "5099816": {"hotel_name": "\u6d59\u6c5f\u541b\u5c1a\u996d\u5e97", "order_time": ["2019-01-12 09:52:32", "2019-01-12 09:15:44"], "total_order": 2, "hotel_value": ["4.6", "4.6"], "hotel_price": ["367", "367"]}, "21754019": {"hotel_name": "\u676d\u5dde\u7a7a\u6e2f\u91d1\u5ea7\u9152\u5e97", "order_time": ["2019-01-12 09:15:44"], "total_order": 1, "hotel_value": ["4.8"], "hotel_price": ["213"]}, "445356": {"hotel_name": "\u6d59\u6c5f\u5927\u5b66\u5706\u6b63\u00b7\u542f\u771f\u9152\u5e97", "order_time": ["2019-01-12 09:15:45"], "total_order": 1, "hotel_value": ["4.7"], "hotel_price": ["450"]}, "12779723": {"hotel_name": "\u676d\u5dde\u8702\u7a9d\u9152\u5e97\uff08\u897f\u6e56\u5357\u7ebf\u5357\u661f\u6865\u7ad9\u5730\u94c1\u5e97\uff09", "order_time": ["2019-01-12 10:06:44", "2019-01-12 09:15:45"], "total_order": 2, "hotel_value": ["4.7", "4.7"], "hotel_price": ["59", "59"]}, "8719620": {"hotel_name": "\u827e\u7b51\u827a\u672f\u9152\u5e97(\u897f\u6e56\u5e97)", "order_time": ["2019-01-12 09:15:45"], "total_order": 1, "hotel_value": ["4.5"], "hotel_price": ["477"]}, "1727626": {"hotel_name": "\u7d20\u820d\u7cbe\u54c1\u9152\u5e97(\u676d\u5dde\u8fd0\u6cb3\u5e97)", "order_time": ["2019-01-12 09:41:54", "2019-01-12 09:15:46"], "total_order": 2, "hotel_value": ["4.5", "4.5"], "hotel_price": ["214", "214"]}, "436137": {"hotel_name": "\u676d\u5dde\u534e\u8fb0\u56fd\u9645\u996d\u5e97", "order_time": ["2019-01-12 09:15:46"], "total_order": 1, "hotel_value": ["4.7"], "hotel_price": ["348"]}, "1441801": {"hotel_name": "\u5982\u5bb6\u5feb\u6377\u9152\u5e97(\u676d\u5dde\u897f\u6e56\u5357\u5b8b\u5fa1\u8857\u5b9a\u5b89\u8def\u5730\u94c1\u7ad9\u5e97)", "order_time": ["2019-01-12 09:15:46"], "total_order": 1, "hotel_value": ["4.3"], "hotel_price": ["179"]}, "987333": {"hotel_name": "\u676d\u5dde\u73af\u6e56\u5927\u9152\u5e97", "order_time": ["2019-01-12 09:15:49"], "total_order": 1, "hotel_value": ["4.1"], "hotel_price": ["167"]}, "8654640": {"hotel_name": "\u676d\u5dde\u8427\u5c71\u56fd\u9645\u673a\u573a\u91d1\u9a6c\u6e2f\u666f\u9152\u5e97", "order_time": ["2019-01-12 09:15:51", "2019-01-12 09:33:26"], "total_order": 2, "hotel_value": ["4.5", "4.5"], "hotel_price": ["283", "283"]}, "369759": {"hotel_name": "\u676d\u5dde\u6d77\u5916\u6d77\u7687\u51a0\u5927\u9152\u5e97", "order_time": ["2019-01-12 09:15:51"], "total_order": 1, "hotel_value": ["4.8"], "hotel_price": ["530"]}, "2160982": {"hotel_name": "\u676d\u5dde\u661f\u65c5\u592a\u7a7a\u8231\u9152\u5e97", "order_time": ["2019-01-12 09:15:52"], "total_order": 1, "hotel_value": ["4.6"], "hotel_price": ["63"]}, "11212429": {"hotel_name": "\u676d\u5dde\u4e1c\u7ad9\u667a\u9009\u5047\u65e5\u9152\u5e97", "order_time": ["2019-01-12 09:15:52", "2019-01-12 09:41:49", "2019-01-12 09:58:32"], "total_order": 3, "hotel_value": ["4.8", "4.8", "4.8"], "hotel_price": ["395", "395", "395"]}, "435419": {"hotel_name": "\u676d\u5dde\u6e56\u6ee8\u541b\u4ead\u9152\u5e97", "order_time": ["2019-01-12 09:29:14", "2019-01-12 09:56:29", "2019-01-12 10:02:27", "2019-01-12 09:15:52", "2019-01-12 09:48:11"], "total_order": 5, "hotel_value": ["4.4", "4.4", "4.4", "4.4", "4.4"], "hotel_price": ["248", "248", "248", "248", "248"]}, "5519611": {"hotel_name": "\u5168\u5b63\u9152\u5e97(\u676d\u5dde\u91ce\u751f\u52a8\u7269\u56ed\u5e97)", "order_time": ["2019-01-12 09:15:53"], "total_order": 1, "hotel_value": ["4.8"], "hotel_price": ["446"]}, "8558923": {"hotel_name": "\u676d\u5dde\u767e\u5ba2\u4f73\u9152\u5e97", "order_time": ["2019-01-12 09:15:55"], "total_order": 1, "hotel_value": ["4.0"], "hotel_price": ["104"]}, "11651636": {"hotel_name": "\u6f2b\u5fc3\u9152\u5e97(\u676d\u5dde\u6d59\u5927\u57ce\u897f\u94f6\u6cf0\u57ce\u5e97)(\u539f\u897f\u6eaa\u7d2b\u91d1\u6e2f\u5e97)", "order_time": ["2019-01-12 09:15:57"], "total_order": 1, "hotel_value": ["4.9"], "hotel_price": ["341"]}, "1380132": {"hotel_name": "\u83ab\u6cf0168(\u676d\u5dde\u4e94\u5e38\u5927\u9053\u897f\u6eaa\u6e7f\u5730\u5e97)", "order_time": ["2019-01-12 09:15:58"], "total_order": 1, "hotel_value": ["4.3"], "hotel_price": ["123"]}, "1569820": {"hotel_name": "\u5982\u5bb6\u5feb\u6377\u9152\u5e97(\u676d\u5dde\u4e94\u5e38\u5927\u9053\u897f\u6eaa\u6e7f\u5730\u5370\u8c61\u57ce\u5e97)", "order_time": ["2019-01-12 09:15:58", "2019-01-12 09:58:45"], "total_order": 2, "hotel_value": ["4.5", "4.5"], "hotel_price": ["132", "132"]}, "1326656": {"hotel_name": "\u676d\u5dde\u4e00\u4f4f\u4e00\u5bbf\u5feb\u6377\u9152\u5e97", "order_time": ["2019-01-12 09:15:59"], "total_order": 1, "hotel_value": ["3.7"], "hotel_price": ["98"]}, "13571735": {"hotel_name": "\u5357\u516e\u9152\u5e97\u5f0f\u516c\u5bd3(\u676d\u5dde\u963f\u91cc\u5df4\u5df4\u897f\u6eaa\u5e97)", "order_time": ["2019-01-12 09:16:02"], "total_order": 1, "hotel_value": ["4.7"], "hotel_price": ["218"]}, "1551709": {"hotel_name": "\u5357\u82d1e\u5bb6(\u676d\u5dde\u4e1c\u51a0\u8def\u9ad8\u6559\u56ed\u533a\u5e97)", "order_time": ["2019-01-12 09:16:03"], "total_order": 1, "hotel_value": ["3.9"], "hotel_price": ["128"]}, "1769001": {"hotel_name": "\u676d\u5dde\u8427\u5c71\u673a\u573a\u5927\u9152\u5e97", "order_time": ["2019-01-12 09:16:06"], "total_order": 1, "hotel_value": ["4.0"], "hotel_price": ["153"]}, "847320": {"hotel_name": "\u676d\u5dde\u661f\u90fd\u5bbe\u9986", "order_time": ["2019-01-12 09:17:55"], "total_order": 1, "hotel_value": ["4.5"], "hotel_price": ["498"]}, "1343023": {"hotel_name": "\u901f8\u9152\u5e97(\u676d\u5dde\u5357\u5b8b\u5fa1\u8857\u5e97)", "order_time": ["2019-01-12 09:17:56"], "total_order": 1, "hotel_value": ["4.1"], "hotel_price": ["94"]}, "5379441": {"hotel_name": "\u676d\u5dde\u5723\u5ef7\u9152\u5e97", "order_time": ["2019-01-12 09:18:03"], "total_order": 1, "hotel_value": ["4.2"], "hotel_price": ["143"]}, "2987720": {"hotel_name": "\u5e03\u4e01\u9152\u5e97(\u676d\u5dde\u8f6c\u5858\u97f3\u4e50\u5b66\u9662\u8c61\u5c71\u7f8e\u9662\u5e97)", "order_time": ["2019-01-12 09:18:07"], "total_order": 1, "hotel_value": ["4.2"], "hotel_price": ["123"]}, "17311308": {"hotel_name": "\u66fc\u4ead\u9152\u5e97(\u676d\u5dde\u897f\u6e56\u9ec4\u9f99\u5e97)", "order_time": ["2019-01-12 09:18:10"], "total_order": 1, "hotel_value": ["4.6"], "hotel_price": ["236"]}, "1071713": {"hotel_name": "\u5e03\u4e01\u9152\u5e97(\u676d\u5dde\u897f\u57ce\u5e7f\u573a\u6587\u4e00\u897f\u8def\u5e97)", "order_time": ["2019-01-12 09:18:10"], "total_order": 1, "hotel_value": ["3.9"], "hotel_price": ["112"]}, "1471063": {"hotel_name": "\u676d\u5dde\u84dd\u5929\u5bbe\u9986", "order_time": ["2019-01-12 09:18:15"], "total_order": 1, "hotel_value": ["4.4"], "hotel_price": ["80"]}, "28022412": {"hotel_name": "\u676d\u5dde\u9e1f\u513f\u57ce\u5e02\u516c\u5bd3", "order_time": ["2019-01-12 09:18:16"], "total_order": 1, "hotel_value": ["4.8"], "hotel_price": ["323"]}, "1416216": {"hotel_name": "\u5982\u5bb6\u5feb\u6377\u9152\u5e97(\u676d\u5dde\u4e2d\u5c71\u5317\u8def\u51e4\u8d77\u8def\u5730\u94c1\u7ad9\u5e97)", "order_time": ["2019-01-12 09:18:16"], "total_order": 1, "hotel_value": ["4.5"], "hotel_price": ["142"]}, "481239": {"hotel_name": "\u5e03\u4e01\u9152\u5e97(\u676d\u5dde\u706b\u8f66\u4e1c\u7ad9\u826e\u5c71\u897f\u8def\u5e97)", "order_time": ["2019-01-12 09:18:20"], "total_order": 1, "hotel_value": ["4.4"], "hotel_price": ["110"]}, "975708": {"hotel_name": "\u5168\u5b63\u9152\u5e97(\u676d\u5dde\u897f\u6e56\u7f8e\u9662\u5e97)", "order_time": ["2019-01-12 09:18:29"], "total_order": 1, "hotel_value": ["4.8"], "hotel_price": ["408"]}, "21735355": {"hotel_name": "\u5343\u5c9b\u6e56\u7476\u987a\u6c11\u5bbf", "order_time": ["2019-01-12 09:18:49"], "total_order": 1, "hotel_value": ["4.9"], "hotel_price": ["97"]}, "1607610": {"hotel_name": "\u676d\u5dde\u5a01\u65af\u5e0c\u987f\u5927\u9152\u5e97", "order_time": ["2019-01-12 09:20:00", "2019-01-12 09:33:27"], "total_order": 2, "hotel_value": ["4.2", "4.2"], "hotel_price": ["243", "243"]}, "1372253": {"hotel_name": "\u676d\u5dde\u767e\u5229\u6c99\u6e56\u7554\u9152\u5e97", "order_time": ["2019-01-12 09:20:01"], "total_order": 1, "hotel_value": ["4.4"], "hotel_price": ["230"]}, "3799082": {"hotel_name": "\u5982\u5bb6\u5feb\u6377\u9152\u5e97(\u676d\u5dde\u8427\u5c71\u56fd\u9645\u673a\u573a\u5e97)", "order_time": ["2019-01-12 09:20:04"], "total_order": 1, "hotel_value": ["4.6"], "hotel_price": ["189"]}, "1466274": {"hotel_name": "\u83ab\u6cf0168(\u676d\u5dde\u9ec4\u9f99\u6559\u5de5\u8def\u5e97)", "order_time": ["2019-01-12 09:20:04"], "total_order": 1, "hotel_value": ["4.4"], "hotel_price": ["130"]}, "346302": {"hotel_name": "\u676d\u5dde\u897f\u6eaa\u559c\u6765\u767b\u5ea6\u5047\u5927\u9152\u5e97", "order_time": ["2019-01-12 09:41:49", "2019-01-12 09:20:07"], "total_order": 2, "hotel_value": ["4.6", "4.6"], "hotel_price": ["849", "849"]}, "1441150": {"hotel_name": "\u5982\u5bb6\u5feb\u6377\u9152\u5e97(\u676d\u5dde\u897f\u6e56\u89e3\u653e\u8def\u5efa\u56fd\u8def\u5e97)", "order_time": ["2019-01-12 09:20:11"], "total_order": 1, "hotel_value": ["4.5"], "hotel_price": ["153"]}, "15879176": {"hotel_name": "\u676d\u5dde\u9047\u67d2\u9152\u5e97", "order_time": ["2019-01-12 09:20:11"], "total_order": 1, "hotel_value": ["4.6"], "hotel_price": ["164"]}, "1629960": {"hotel_name": "\u5357\u82d1e\u5bb6(\u897f\u6e56\u5357\u5b8b\u5fa1\u8857\u5e97)(\u539f\u6f2b\u6e56\u5047\u65e5\u9152\u5e97)", "order_time": ["2019-01-12 09:20:12"], "total_order": 1, "hotel_value": ["4.1"], "hotel_price": ["84"]}, "2313316": {"hotel_name": "\u5982\u5bb6\u5feb\u6377\u9152\u5e97(\u676d\u5dde\u706b\u8f66\u4e1c\u7ad9\u897f\u5e7f\u573a\u65b0\u98ce\u8def\u5e97)", "order_time": ["2019-01-12 09:20:12"], "total_order": 1, "hotel_value": ["4.5"], "hotel_price": ["145"]}, "21790075": {"hotel_name": "\u676d\u5dde\u4f9d\u5c71\u5546\u52a1\u9152\u5e97", "order_time": ["2019-01-12 09:20:13"], "total_order": 1, "hotel_value": ["4.6"], "hotel_price": ["124"]}, "15717128": {"hotel_name": "\u676d\u5dde\u5b89\u60a6\u9152\u5e97", "order_time": ["2019-01-12 09:20:15"], "total_order": 1, "hotel_value": ["4.4"], "hotel_price": ["183"]}, "1504080": {"hotel_name": "\u5982\u5bb6\u5feb\u6377\u9152\u5e97(\u676d\u5dde\u6e56\u5885\u5357\u8def\u80dc\u5229\u6cb3\u7f8e\u98df\u8857\u5e97)(\u539f\u4fe1\u4e49\u574a\u5e97)", "order_time": ["2019-01-12 09:20:15"], "total_order": 1, "hotel_value": ["4.4"], "hotel_price": ["123"]}, "6442162": {"hotel_name": "\u676d\u5dde\u9ad8\u5ead\u9152\u5e97", "order_time": ["2019-01-12 09:20:22"], "total_order": 1, "hotel_value": ["4.7"], "hotel_price": ["170"]}, "987343": {"hotel_name": "\u676d\u5dde\u4e0d\u6b62\u82b1\u5e97\u8bbe\u8ba1\u9152\u5e97(\u539f\u540d\u8c6a\u5047\u65e5\u9152\u5e97)", "order_time": ["2019-01-12 09:27:41", "2019-01-12 09:56:56", "2019-01-12 09:20:28"], "total_order": 3, "hotel_value": ["4.7", "4.7", "4.7"], "hotel_price": ["94", "94", "94"]}, "1720975": {"hotel_name": "\u676d\u5dde\u6816\u9690\u5ba2\u6808", "order_time": ["2019-01-12 09:20:33"], "total_order": 1, "hotel_value": ["4.7"], "hotel_price": ["392"]}, "9201602": {"hotel_name": "\u9890\u7b51\u00b7\u676d\u5dde\u4f3c\u6c34\u6d41\u5e74\u96c5\u820d\u6c11\u5bbf", "order_time": ["2019-01-12 09:20:41"], "total_order": 1, "hotel_value": ["4.8"], "hotel_price": ["198"]}, "453424": {"hotel_name": "\u676d\u5dde\u9999\u6ea2\u6d63\u7eb1\u5bbe\u9986", "order_time": ["2019-01-12 09:22:13"], "total_order": 1, "hotel_value": ["4.6"], "hotel_price": ["220"]}, "1119502": {"hotel_name": "\u6a61\u679c\u9152\u5e97(\u676d\u5dde\u6d59\u5927\u7d2b\u91d1\u6e2f\u5e97)", "order_time": ["2019-01-12 09:22:13", "2019-01-12 09:31:20"], "total_order": 2, "hotel_value": ["4.4", "4.4"], "hotel_price": ["217", "217"]}, "11427230": {"hotel_name": "\u5982\u5bb6\u7cbe\u9009\u9152\u5e97(\u676d\u5dde\u6587\u4e00\u897f\u8def\u897f\u6eaa\u94f6\u6cf0\u57ce\u5e97)", "order_time": ["2019-01-12 09:22:15"], "total_order": 1, "hotel_value": ["4.8"], "hotel_price": ["292"]}, "5419431": {"hotel_name": "\u548c\u9890\u9152\u5e97(\u676d\u5dde\u706b\u8f66\u4e1c\u7ad9\u4e1c\u5e7f\u573a\u5e97)", "order_time": ["2019-01-12 10:04:28", "2019-01-12 09:22:18"], "total_order": 2, "hotel_value": ["4.7", "4.7"], "hotel_price": ["288", "288"]}, "697549": {"hotel_name": "\u6c49\u5ead\u9152\u5e97(\u676d\u5dde\u6587\u4e00\u8def\u5e97)", "order_time": ["2019-01-12 09:22:22"], "total_order": 1, "hotel_value": ["4.5"], "hotel_price": ["199"]}, "1763372": {"hotel_name": "\u6d77\u53cb\u9152\u5e97(\u676d\u5dde\u77f3\u6865\u8def\u5e97)", "order_time": ["2019-01-12 09:22:33"], "total_order": 1, "hotel_value": ["4.1"], "hotel_price": ["123"]}, "28139256": {"hotel_name": "\u676d\u5dde\u540d\u5ea7\u5546\u52a1\u9152\u5e97", "order_time": ["2019-01-12 09:22:34"], "total_order": 1, "hotel_value": [0], "hotel_price": ["118"]}, "1630680": {"hotel_name": "\u6d77\u53cb\u9152\u5e97(\u676d\u5dde\u706b\u8f66\u4e1c\u7ad9\u673a\u573a\u8def\u5e97)", "order_time": ["2019-01-12 09:22:36"], "total_order": 1, "hotel_value": ["4.4"], "hotel_price": ["113"]}, "1058113": {"hotel_name": "\u676d\u5dde\u9ed1\u751c\u9752\u5e74\u65c5\u820d", "order_time": ["2019-01-12 09:22:36"], "total_order": 1, "hotel_value": ["4.3"], "hotel_price": ["33"]}, "1461231": {"hotel_name": "\u5982\u5bb6\u5feb\u6377\u9152\u5e97(\u4e34\u5b89\u94b1\u738b\u8857\u4e07\u534e\u5e7f\u573a\u5e97)", "order_time": ["2019-01-12 09:23:23"], "total_order": 1, "hotel_value": ["4.2"], "hotel_price": ["186"]}, "1685053": {"hotel_name": "\u6850\u5e90\u5149\u5178\u5927\u9152\u5e97", "order_time": ["2019-01-12 09:23:31"], "total_order": 1, "hotel_value": ["4.7"], "hotel_price": ["238"]}, "1379583": {"hotel_name": "\u6850\u5e90\u5174\u8fbe\u5546\u52a1\u5bbe\u9986", "order_time": ["2019-01-12 09:23:33"], "total_order": 1, "hotel_value": ["4.7"], "hotel_price": ["133"]}, "441504": {"hotel_name": "\u6d59\u6c5f\u6587\u534e\u5927\u9152\u5e97", "order_time": ["2019-01-12 09:24:36", "2019-01-12 09:39:36"], "total_order": 2, "hotel_value": ["4.5", "4.5"], "hotel_price": ["296", "296"]}, "2143051": {"hotel_name": "\u5fc6\u6cca\u57ce\u5e02\u00b7\u827a\u672f\u9152\u5e97(\u676d\u5dde\u897f\u6eaa\u6d59\u5927\u7d2b\u91d1\u6e2f\u5e97)", "order_time": ["2019-01-12 09:24:38"], "total_order": 1, "hotel_value": ["4.9"], "hotel_price": ["375"]}, "11188530": {"hotel_name": "\u676d\u5dde\u56db\u5b63\u5e7f\u573a\u9152\u5e97", "order_time": ["2019-01-12 09:39:33", "2019-01-12 09:33:21", "2019-01-12 09:24:44"], "total_order": 3, "hotel_value": ["4.6", "4.6", "4.6"], "hotel_price": ["296", "296", "296"]}, "5246996": {"hotel_name": "\u676d\u5dde\u8c61\u9662\u9752\u5e74\u65c5\u820d", "order_time": ["2019-01-12 09:24:46"], "total_order": 1, "hotel_value": ["4.6"], "hotel_price": ["61"]}, "12511346": {"hotel_name": "\u676d\u5dde\u79c0\u8fb0\u9152\u5e97\u516c\u5bd3", "order_time": ["2019-01-12 09:24:46"], "total_order": 1, "hotel_value": ["4.9"], "hotel_price": ["312"]}, "430484": {"hotel_name": "\u676d\u5dde\u6d77\u5916\u6d77\u5047\u65e5\u9152\u5e97", "order_time": ["2019-01-12 09:24:46"], "total_order": 1, "hotel_value": ["4.5"], "hotel_price": ["309"]}, "5798061": {"hotel_name": "\u9526\u6c5f\u4e4b\u661f\u54c1\u5c1a(\u676d\u5dde\u6ee8\u6c5f\u5927\u5b66\u57ce\u6d66\u6cbf\u5730\u94c1\u7ad9\u9152\u5e97)", "order_time": ["2019-01-12 09:24:56"], "total_order": 1, "hotel_value": ["4.6"], "hotel_price": ["275"]}, "6407446": {"hotel_name": "\u676d\u5dde\u516b\u5a07\u548c\u4e09\u7c73\u7684\u6c11\u5bbf", "order_time": ["2019-01-12 09:24:56"], "total_order": 1, "hotel_value": ["4.8"], "hotel_price": ["83"]}, "1412725": {"hotel_name": "\u676d\u5dde\u6d77\u4e2d\u738b\u81f3\u8bda\u5546\u52a1\u9152\u5e97", "order_time": ["2019-01-12 09:25:03"], "total_order": 1, "hotel_value": ["4.2"], "hotel_price": ["164"]}, "1631838": {"hotel_name": "\u676d\u5dde\u798f\u4e30\u5bbe\u9986", "order_time": ["2019-01-12 09:25:05"], "total_order": 1, "hotel_value": ["4.5"], "hotel_price": ["101"]}, "654745": {"hotel_name": "\u6850\u5e90\u4e16\u8d38\u5927\u9152\u5e97", "order_time": ["2019-01-12 09:25:50"], "total_order": 1, "hotel_value": ["4.7"], "hotel_price": ["370"]}, "425022": {"hotel_name": "\u5343\u5c9b\u9f99\u5ead\u5f00\u5143\u5927\u9152\u5e97", "order_time": ["2019-01-12 09:25:59"], "total_order": 1, "hotel_value": ["4.7"], "hotel_price": ["338"]}, "434289": {"hotel_name": "\u676d\u5dde\u7d22\u83f2\u4e9a\u5927\u9152\u5e97", "order_time": ["2019-01-12 09:27:00"], "total_order": 1, "hotel_value": ["4.5"], "hotel_price": ["374"]}, "1704987": {"hotel_name": "\u6d59\u6c5f\u4f20\u5a92\u5b66\u9662\u56fd\u9645\u4ea4\u6d41\u4e2d\u5fc3", "order_time": ["2019-01-12 09:27:00"], "total_order": 1, "hotel_value": ["4.4"], "hotel_price": ["214"]}, "3799354": {"hotel_name": "\u676d\u5dde\u9a7f\u9526\u7cbe\u54c1\u9152\u5e97(\u539f\u676d\u5dde\u6cca\u5b81\u9a7f\u9526\u9152\u5e97)", "order_time": ["2019-01-12 09:27:01"], "total_order": 1, "hotel_value": ["4.6"], "hotel_price": ["262"]}, "6110235": {"hotel_name": "\u676d\u5dde\u671b\u8fbe\u65af\u9752\u5e74\u65c5\u820d", "order_time": ["2019-01-12 09:27:04", "2019-01-12 09:29:16"], "total_order": 2, "hotel_value": ["4.7", "4.7"], "hotel_price": ["52", "52"]}, "987317": {"hotel_name": "\u676d\u5dde\u7396\u4e45\u5370\u8c61\u4e3b\u9898\u9152\u5e97(\u539f\u7231\u5de2\u4e3b\u9898\u9152\u5e97)", "order_time": ["2019-01-12 09:27:05"], "total_order": 1, "hotel_value": ["4.8"], "hotel_price": ["227"]}, "1462863": {"hotel_name": "\u676d\u5dde\u5929\u9005\u9152\u5e97", "order_time": ["2019-01-12 09:27:05"], "total_order": 1, "hotel_value": ["4.5"], "hotel_price": ["243"]}, "2313483": {"hotel_name": "\u6c49\u5ead\u9152\u5e97(\u676d\u5dde\u897f\u6eaa\u6587\u4e09\u897f\u8def\u5e97)", "order_time": ["2019-01-12 09:27:05"], "total_order": 1, "hotel_value": ["4.4"], "hotel_price": ["189"]}, "1674636": {"hotel_name": "\u676d\u5dde\u897f\u6eaa\u8c37\u541b\u4ead\u9152\u5e97", "order_time": ["2019-01-12 09:27:06"], "total_order": 1, "hotel_value": ["4.7"], "hotel_price": ["538"]}, "1302445": {"hotel_name": "\u676d\u5dde\u897f\u6eaa\u7eb3\u5fb7\u6da6\u6cfd\u56ed\u5ea6\u5047\u9152\u5e97", "order_time": ["2019-01-12 09:27:06"], "total_order": 1, "hotel_value": ["4.7"], "hotel_price": ["287"]}, "23225601": {"hotel_name": "\u6854\u5b50\u9152\u5e97\u7cbe\u9009(\u676d\u5dde\u672a\u6765\u79d1\u6280\u57ce\u676d\u5e08\u5927\u5e97)", "order_time": ["2019-01-12 10:02:43", "2019-01-12 09:41:55", "2019-01-12 09:27:07"], "total_order": 3, "hotel_value": ["4.8", "4.8", "4.8"], "hotel_price": ["322", "322", "322"]}, "442246": {"hotel_name": "\u676d\u5dde\u5929\u5143\u5927\u53a6", "order_time": ["2019-01-12 09:27:07"], "total_order": 1, "hotel_value": ["4.8"], "hotel_price": ["569"]}, "1069428": {"hotel_name": "\u946b\u6982\u5ff5\u9152\u5e97(\u676d\u5dde\u6b66\u6797\u5e7f\u573a\u5e97)", "order_time": ["2019-01-12 09:27:08"], "total_order": 1, "hotel_value": ["4.3"], "hotel_price": ["198"]}, "15330553": {"hotel_name": "\u4e91\u5bbf\u516c\u5bd3\u5f0f\u9152\u5e97(\u676d\u5dde\u963f\u91cc\u5df4\u5df4EFC\u5e97)", "order_time": ["2019-01-12 09:27:08"], "total_order": 1, "hotel_value": ["4.8"], "hotel_price": ["258"]}, "7074849": {"hotel_name": "\u65b0\u7d2b\u7f57\u5170\u827a\u672f\u9152\u5e97(\u676d\u5dde\u897f\u6e56\u94f6\u6cf0\u5e97)", "order_time": ["2019-01-12 09:27:09"], "total_order": 1, "hotel_value": ["4.5"], "hotel_price": ["198"]}, "975714": {"hotel_name": "\u5168\u5b63\u9152\u5e97(\u676d\u5dde\u897f\u6e56\u89e3\u653e\u8def\u5e97)", "order_time": ["2019-01-12 10:00:35", "2019-01-12 09:27:10"], "total_order": 2, "hotel_value": ["4.8", "4.8"], "hotel_price": ["360", "360"]}, "346339": {"hotel_name": "\u6d59\u6c5f\u897f\u5b50\u5bbe\u9986\u00b7\u6c6a\u5e84", "order_time": ["2019-01-12 09:27:11"], "total_order": 1, "hotel_value": ["4.8"], "hotel_price": ["933"]}, "6254733": {"hotel_name": "\u676d\u5ddetakeanap\u772f\u4e00\u4f1a\u4f4f\u5bbf", "order_time": ["2019-01-12 09:27:12"], "total_order": 1, "hotel_value": ["4.0"], "hotel_price": ["255"]}, "993650": {"hotel_name": "\u9999\u6811\u4e4b\u5bb6\u5546\u52a1\u9152\u5e97(\u676d\u5dde\u79cb\u6d9b\u5317\u8def\u5e97)", "order_time": ["2019-01-12 09:27:14"], "total_order": 1, "hotel_value": ["4.0"], "hotel_price": ["131"]}, "1471978": {"hotel_name": "\u83ab\u6cf0168(\u676d\u5dde\u897f\u6e56\u89e3\u653e\u8def\u5e97)", "order_time": ["2019-01-12 09:27:14", "2019-01-12 10:06:54"], "total_order": 2, "hotel_value": ["4.4", "4.4"], "hotel_price": ["132", "132"]}, "848712": {"hotel_name": "\u5982\u5bb6\u5feb\u6377\u9152\u5e97\uff08\u676d\u5dde\u6587\u4e8c\u8def\u5b66\u9662\u8def\u5730\u94c1\u7ad9\u5e97\uff09", "order_time": ["2019-01-12 09:27:14", "2019-01-12 10:06:54"], "total_order": 2, "hotel_value": ["4.5", "4.5"], "hotel_price": ["179", "179"]}, "2309169": {"hotel_name": "7\u5929\u8fde\u9501\u9152\u5e97(\u676d\u5dde\u8427\u5c71\u673a\u573a\u5e97)", "order_time": ["2019-01-12 09:27:16"], "total_order": 1, "hotel_value": ["4.0"], "hotel_price": ["178"]}, "5226446": {"hotel_name": "\u676d\u5dde\u84dd\u5c7f\u9ea6\u7530\u5ba2\u6808", "order_time": ["2019-01-12 09:27:18"], "total_order": 1, "hotel_value": ["4.8"], "hotel_price": ["191"]}, "19610638": {"hotel_name": "\u676d\u5dde\u8fd0\u6cb3\u5e0c\u5c14\u987f\u6b22\u670b\u9152\u5e97", "order_time": ["2019-01-12 09:27:18"], "total_order": 1, "hotel_value": ["4.8"], "hotel_price": ["409"]}, "2637991": {"hotel_name": "\u676d\u5dde\u9999\u6c40\u5ba2\u6808", "order_time": ["2019-01-12 09:27:19"], "total_order": 1, "hotel_value": ["4.8"], "hotel_price": ["295"]}, "19679560": {"hotel_name": "\u6d3e\u67cf\u00b7\u4e91\u9152\u5e97(\u676d\u5dde\u6c7d\u8f66\u897f\u7ad9\u897f\u6eaa\u6e7f\u5730\u5e97)", "order_time": ["2019-01-12 09:27:23"], "total_order": 1, "hotel_value": ["4.6"], "hotel_price": ["101"]}, "1067112": {"hotel_name": "\u5982\u5bb6\u5feb\u6377\u9152\u5e97(\u676d\u5dde\u706b\u8f66\u4e1c\u7ad9\u5929\u57ce\u8def\u5e97)", "order_time": ["2019-01-12 09:27:24"], "total_order": 1, "hotel_value": ["4.5"], "hotel_price": ["188"]}, "5384875": {"hotel_name": "\u676d\u5dde\u66ae\u8272\u5047\u65e5\u9152\u5e97", "order_time": ["2019-01-12 09:27:25"], "total_order": 1, "hotel_value": ["4.2"], "hotel_price": ["88"]}, "1197823": {"hotel_name": "\u676d\u5dde\u8427\u5c71\u673a\u573a\u822a\u946b\u5927\u9152\u5e97(\u539f\u822a\u90fd\u5927\u9152\u5e97)", "order_time": ["2019-01-12 09:27:26"], "total_order": 1, "hotel_value": ["3.1"], "hotel_price": ["138"]}, "1181617": {"hotel_name": "\u676d\u5dde\u7956\u739b\u5feb\u6377\u9152\u5e97", "order_time": ["2019-01-12 09:27:28"], "total_order": 1, "hotel_value": ["3.9"], "hotel_price": ["58"]}, "2612098": {"hotel_name": "\u676d\u5dde\u83dc\u9e1f\u9152\u5e97", "order_time": ["2019-01-12 09:27:31"], "total_order": 1, "hotel_value": ["4.4"], "hotel_price": ["184"]}, "608656": {"hotel_name": "\u65b0\u5f00\u5143\u5927\u9152\u5e97(\u676d\u5dde\u897f\u6e56\u5e97)", "order_time": ["2019-01-12 09:29:17", "2019-01-12 09:41:53"], "total_order": 2, "hotel_value": ["4.2", "4.2"], "hotel_price": ["358", "358"]}, "6129708": {"hotel_name": "\u676d\u5dde\u5b9d\u76db\u9053\u8c37\u9152\u5e97", "order_time": ["2019-01-12 09:29:19"], "total_order": 1, "hotel_value": ["4.7"], "hotel_price": ["399"]}, "1838752": {"hotel_name": "\u676d\u5dde\u8427\u5c71\u673a\u573a\u822a\u5cf0\u5bbe\u9986", "order_time": ["2019-01-12 09:29:23"], "total_order": 1, "hotel_value": ["4.0"], "hotel_price": ["147"]}, "1709318": {"hotel_name": "\u676d\u5dde\u60a6\u80dc\u9152\u5e97", "order_time": ["2019-01-12 09:29:29"], "total_order": 1, "hotel_value": ["4.3"], "hotel_price": ["74"]}, "23916941": {"hotel_name": "\u676d\u5dde\u8dc3\u5c45\u9152\u5e97", "order_time": ["2019-01-12 09:29:34"], "total_order": 1, "hotel_value": ["4.8"], "hotel_price": ["198"]}, "440700": {"hotel_name": "\u676d\u5dde\u897f\u6eaa\u5929\u5802\u5e03\u9c81\u514b\u9152\u5e97", "order_time": ["2019-01-12 09:29:35"], "total_order": 1, "hotel_value": ["4.2"], "hotel_price": ["327"]}, "3997628": {"hotel_name": "\u6854\u5b50\u6c34\u6676\u9152\u5e97(\u676d\u5dde\u706b\u8f66\u4e1c\u7ad9\u5e97)", "order_time": ["2019-01-12 09:31:17"], "total_order": 1, "hotel_value": ["4.8"], "hotel_price": ["398"]}, "4535728": {"hotel_name": "\u7ea2\u8857\u81ea\u52a9\u516c\u5bd3(\u676d\u5dde\u706b\u8f66\u4e1c\u7ad9\u5e97)", "order_time": ["2019-01-12 09:46:02", "2019-01-12 09:31:19"], "total_order": 2, "hotel_value": ["4.3", "4.3"], "hotel_price": ["159", "159"]}, "530342": {"hotel_name": "\u676d\u5dde\u66d9\u6c5f\u5927\u9152\u5e97", "order_time": ["2019-01-12 09:31:21"], "total_order": 1, "hotel_value": ["4.7"], "hotel_price": ["380"]}, "1722379": {"hotel_name": "\u676d\u5dde\u7ef4\u4eac\u9152\u5e97(\u539f\u5730\u652f\u9152\u5e97)", "order_time": ["2019-01-12 09:31:23"], "total_order": 1, "hotel_value": ["4.1"], "hotel_price": ["122"]}, "1067202": {"hotel_name": "\u65b0\u5b87\u9152\u5e97(\u676d\u5dde\u534e\u5bb6\u6c60\u5e97)", "order_time": ["2019-01-12 09:31:28"], "total_order": 1, "hotel_value": ["4.5"], "hotel_price": ["123"]}, "468530": {"hotel_name": "\u6d3e\u9152\u5e97(\u676d\u5dde\u4e0b\u6c99\u5927\u5b66\u57ce\u6587\u6d77\u5357\u8def\u5730\u94c1\u7ad9\u5e97)(\u539f\u795e\u79d8\u6811\u5546\u52a1\u9152\u5e97)", "order_time": ["2019-01-12 09:31:30"], "total_order": 1, "hotel_value": ["4.5"], "hotel_price": ["147"]}, "1306723": {"hotel_name": "\u676d\u5dde\u6fb3\u67ab\u5feb\u6377\u9152\u5e97", "order_time": ["2019-01-12 09:31:32", "2019-01-12 10:06:54"], "total_order": 2, "hotel_value": ["4.0", "4.0"], "hotel_price": ["129", "129"]}, "427888": {"hotel_name": "\u5982\u5bb6\u5feb\u6377\u9152\u5e97(\u676d\u5dde\u6b66\u6797\u5e7f\u573a\u6c88\u5858\u6865\u5730\u94c1\u7ad9\u6587\u6656\u8def\u5e97)", "order_time": ["2019-01-12 09:31:32"], "total_order": 1, "hotel_value": ["4.6"], "hotel_price": ["135"]}, "1740423": {"hotel_name": "\u6c49\u9a6c\u7cbe\u54c1\u9152\u5e97(\u676d\u5dde\u5927\u5173\u6c34\u6676\u57ce\u5e97)(\u539f\u5927\u5173\u65d7\u8230\u5e97)", "order_time": ["2019-01-12 09:31:34"], "total_order": 1, "hotel_value": ["4.0"], "hotel_price": ["200"]}, "920957": {"hotel_name": "\u676d\u5dde\u5982\u6765\u5fc3\u7075\u5ba2\u6808", "order_time": ["2019-01-12 09:31:44", "2019-01-12 09:37:51"], "total_order": 2, "hotel_value": ["4.6", "4.6"], "hotel_price": ["247", "247"]}, "8558844": {"hotel_name": "\u676d\u5dde\u6b22\u5ead\u65f6\u5149\u7cbe\u54c1\u5ba2\u6808", "order_time": ["2019-01-12 09:31:44"], "total_order": 1, "hotel_value": ["4.7"], "hotel_price": ["244"]}, "26485358": {"hotel_name": "\u676d\u5ddeDAY DAY UP\u6c11\u5bbf", "order_time": ["2019-01-12 09:31:54"], "total_order": 1, "hotel_value": [0], "hotel_price": ["112"]}, "6241438": {"hotel_name": "\u676d\u5ddeFamily\u5c1a\u5ba2\u9752\u5e74\u65c5\u793e", "order_time": ["2019-01-12 09:32:10"], "total_order": 1, "hotel_value": ["4.3"], "hotel_price": ["38"]}, "5704766": {"hotel_name": "\u676d\u5dde\u8776\u6765\u96c5\u8c37\u6cc9\u5c71\u5e84", "order_time": ["2019-01-12 09:33:21"], "total_order": 1, "hotel_value": ["4.8"], "hotel_price": ["1059"]}, "16974789": {"hotel_name": "\u5982\u5bb6\u9a7f\u5c45\u9152\u5e97(\u676d\u5dde\u6b66\u6797\u5e7f\u573a\u6c88\u5858\u6865\u5730\u94c1\u7ad9\u5e97)", "order_time": ["2019-01-12 09:33:22", "2019-01-12 09:54:41"], "total_order": 2, "hotel_value": ["4.7", "4.7"], "hotel_price": ["175", "175"]}, "975704": {"hotel_name": "\u5168\u5b63\u9152\u5e97(\u676d\u5dde\u9ec4\u9f99\u5e97)", "order_time": ["2019-01-12 09:46:05", "2019-01-12 09:33:30"], "total_order": 2, "hotel_value": ["4.8", "4.8"], "hotel_price": ["389", "389"]}, "4528754": {"hotel_name": "\u5bcc\u9633\u4e1c\u65b9\u8302\u91d1\u78a7\u6e7e\u5927\u9152\u5e97", "order_time": ["2019-01-12 09:33:30"], "total_order": 1, "hotel_value": ["4.6"], "hotel_price": ["240"]}, "4399270": {"hotel_name": "\u676d\u5dde\u91d1\u5ef7\u9152\u5e97", "order_time": ["2019-01-12 09:33:31"], "total_order": 1, "hotel_value": ["4.4"], "hotel_price": ["210"]}, "1100458": {"hotel_name": "\u5982\u5bb6\u5feb\u6377\u9152\u5e97(\u676d\u5dde\u897f\u6e56\u65ad\u6865\u5e97)", "order_time": ["2019-01-12 09:33:31"], "total_order": 1, "hotel_value": ["4.3"], "hotel_price": ["132"]}, "15717253": {"hotel_name": "\u661f\u57ce\u68ee\u65c5\u7cbe\u54c1\u9752\u5e74\u65c5\u820d\uff08\u676d\u5dde\u6c88\u5858\u6865\u5730\u94c1\u7ad9\u5e97\uff09\uff08\u539f\u676d\u5dde\u897f\u6e56\u68ee\u65c5\u7cbe\u54c1\u9752\u5e74\u65c5\u793e\uff09", "order_time": ["2019-01-12 09:56:36", "2019-01-12 09:54:48", "2019-01-12 09:33:33"], "total_order": 3, "hotel_value": ["4.7", "4.7", "4.7"], "hotel_price": ["53", "53", "61"]}, "22823368": {"hotel_name": "\u661f\u5c1a\u5ba2\u6808(\u676d\u5dde\u963f\u91cc\u5df4\u5df4\u5e97)", "order_time": ["2019-01-12 09:33:35"], "total_order": 1, "hotel_value": ["4.4"], "hotel_price": ["105"]}, "1764566": {"hotel_name": "\u676d\u5dde\u5c1a\u54c8\u5feb\u6377\u9152\u5e97", "order_time": ["2019-01-12 09:54:52", "2019-01-12 09:33:41"], "total_order": 2, "hotel_value": ["3.6", "3.6"], "hotel_price": ["158", "158"]}, "19853759": {"hotel_name": "\u534e\u9a7f\u9152\u5e97(\u676d\u5dde\u661f\u6865\u5e97)", "order_time": ["2019-01-12 09:33:42"], "total_order": 1, "hotel_value": ["4.7"], "hotel_price": ["142"]}, "1507835": {"hotel_name": "\u676d\u5dde\u68a6\u51ef\u5bbe\u9986", "order_time": ["2019-01-12 09:33:48"], "total_order": 1, "hotel_value": ["4.3"], "hotel_price": ["153"]}, "1640647": {"hotel_name": "\u6d59\u6c5f\u5047\u65e5\u4e4b\u661f\u9152\u5e97(\u676d\u5dde\u706b\u8f66\u4e1c\u7ad9\u5e97)\u539f(\u676d\u5dde\u6587\u6656\u5e97)", "order_time": ["2019-01-12 09:33:52"], "total_order": 1, "hotel_value": ["4.2"], "hotel_price": ["135"]}, "445465": {"hotel_name": "\u676d\u5dde\u7c73\u5170\u6d32\u9645\u9152\u5e97", "order_time": ["2019-01-12 09:35:31", "2019-01-12 10:02:33"], "total_order": 2, "hotel_value": ["4.4", "4.4"], "hotel_price": ["282", "282"]}, "10581721": {"hotel_name": "\u676d\u5dde\u91d1\u6c99\u6e56\u4e9a\u6735\u9152\u5e97", "order_time": ["2019-01-12 09:35:31"], "total_order": 1, "hotel_value": ["4.9"], "hotel_price": ["413"]}, "445494": {"hotel_name": "\u676d\u5dde\u548c\u4e3d\u7cbe\u54c1\u9152\u5e97", "order_time": ["2019-01-12 09:35:31"], "total_order": 1, "hotel_value": ["4.4"], "hotel_price": ["189"]}, "4727648": {"hotel_name": "\u676d\u5dde\u4e2d\u6d32\u5927\u9152\u5e97", "order_time": ["2019-01-12 09:35:32"], "total_order": 1, "hotel_value": ["4.2"], "hotel_price": ["365"]}, "1768942": {"hotel_name": "\u676d\u5dde\u8336\u9999\u4e3d\u820d\u5ea6\u5047\u6c11\u5bbf", "order_time": ["2019-01-12 09:35:33"], "total_order": 1, "hotel_value": ["4.9"], "hotel_price": ["370"]}, "5650982": {"hotel_name": "\u676d\u5dde\u5510\u5ead\u9152\u5e97", "order_time": ["2019-01-12 09:35:41", "2019-01-12 09:52:47"], "total_order": 2, "hotel_value": ["4.4", "4.4"], "hotel_price": ["78", "78"]}, "5247247": {"hotel_name": "7\u5929\u4f18\u54c1\u9152\u5e97(\u676d\u5dde\u897f\u6e56\u6587\u5316\u5e7f\u573a\u5730\u94c1\u7ad9\u5e97)", "order_time": ["2019-01-12 09:35:42"], "total_order": 1, "hotel_value": ["4.4"], "hotel_price": ["189"]}, "3639690": {"hotel_name": "\u676d\u5dde\u897f\u6e56\u7eff\u677e\u77f3\u7cbe\u54c1\u5ba2\u6808", "order_time": ["2019-01-12 09:35:52"], "total_order": 1, "hotel_value": ["4.7"], "hotel_price": ["223"]}, "1630691": {"hotel_name": "\u6021\u83b1\u9152\u5e97(\u676d\u5dde\u706b\u8f66\u4e1c\u7ad9\u4e09\u91cc\u4ead\u5e97)", "order_time": ["2019-01-12 09:35:55"], "total_order": 1, "hotel_value": ["4.1"], "hotel_price": ["155"]}, "435449": {"hotel_name": "\u6d59\u6c5f\u4e16\u8d38\u541b\u6f9c\u5927\u996d\u5e97", "order_time": ["2019-01-12 09:37:28"], "total_order": 1, "hotel_value": ["4.8"], "hotel_price": ["708"]}, "469780": {"hotel_name": "\u676d\u5dde\u4e2d\u8c6a\u5927\u9152\u5e97", "order_time": ["2019-01-12 09:37:31"], "total_order": 1, "hotel_value": ["4.3"], "hotel_price": ["378"]}, "1192445": {"hotel_name": "\u5982\u5bb6\u5feb\u6377\u9152\u5e97(\u676d\u5dde\u897f\u6e56\u5e86\u6625\u8def\u5e97)", "order_time": ["2019-01-12 09:37:38"], "total_order": 1, "hotel_value": ["4.4"], "hotel_price": ["119"]}, "1194007": {"hotel_name": "\u676d\u5dde\u53e4\u85e4\u9ad8\u7ea7\u516c\u5bd3\u9152\u5e97", "order_time": ["2019-01-12 09:37:39"], "total_order": 1, "hotel_value": ["4.6"], "hotel_price": ["223"]}, "1452125": {"hotel_name": "\u676d\u5dde\u9ec4\u9f99\u667a\u9009\u5047\u65e5\u9152\u5e97", "order_time": ["2019-01-12 09:37:39"], "total_order": 1, "hotel_value": ["4.6"], "hotel_price": ["429"]}, "1006951": {"hotel_name": "\u968f\u5bd3\u9752\u5e74\u9152\u5e97(\u676d\u5dde\u4f51\u820d\u5e97)", "order_time": ["2019-01-12 09:37:39"], "total_order": 1, "hotel_value": ["4.3"], "hotel_price": ["154"]}, "1441545": {"hotel_name": "\u901f8\u9152\u5e97(\u676d\u5dde\u897f\u6e56\u9752\u5e74\u8def\u5e97)", "order_time": ["2019-01-12 09:37:40", "2019-01-12 10:00:40"], "total_order": 2, "hotel_value": ["3.7", "3.7"], "hotel_price": ["99", "99"]}, "19857550": {"hotel_name": "\u5357\u516e\u9152\u5e97\u5f0f\u516c\u5bd3(\u676d\u5dde\u706b\u8f66\u4e1c\u7ad9\u5e97)", "order_time": ["2019-01-12 09:37:41"], "total_order": 1, "hotel_value": ["4.4"], "hotel_price": ["192"]}, "975693": {"hotel_name": "\u6d77\u53cb\u9152\u5e97(\u676d\u5dde\u9ec4\u9f99\u5e97)", "order_time": ["2019-01-12 09:37:48"], "total_order": 1, "hotel_value": ["4.0"], "hotel_price": ["113"]}, "18437851": {"hotel_name": "\u676d\u5dde\u8fdc\u5bb6\u9152\u5e97\u5f0f\u516c\u5bd3", "order_time": ["2019-01-12 09:37:48"], "total_order": 1, "hotel_value": ["4.4"], "hotel_price": ["298"]}, "635274": {"hotel_name": "\u676d\u5dde\u7d2b\u91d1\u6e2f\u56fd\u9645\u996d\u5e97", "order_time": ["2019-01-12 09:39:35"], "total_order": 1, "hotel_value": ["4.5"], "hotel_price": ["399"]}, "670047": {"hotel_name": "\u5168\u5b63\u9152\u5e97(\u676d\u5dde\u897f\u6e56\u6d63\u7eb1\u8def\u5e97)", "order_time": ["2019-01-12 09:39:35"], "total_order": 1, "hotel_value": ["4.8"], "hotel_price": ["332"]}, "445442": {"hotel_name": "\u676d\u5dde\u4e94\u6d0b\u5047\u65e5\u9152\u5e97", "order_time": ["2019-01-12 09:39:37"], "total_order": 1, "hotel_value": ["4.6"], "hotel_price": ["398"]}, "1764509": {"hotel_name": "\u6d77\u53cb\u9152\u5e97(\u676d\u5dde\u6ee8\u6c5f\u9f99\u6e56\u5929\u8857\u6c5f\u5357\u5927\u9053\u5e97)(\u539f\u745e\u60a6\u5546\u52a1\u9152\u5e97)", "order_time": ["2019-01-12 09:39:37"], "total_order": 1, "hotel_value": ["4.4"], "hotel_price": ["180"]}, "6458096": {"hotel_name": "\u767b\u5df4\u56fd\u9645\u8fde\u9501\u5ba2\u6808\u676d\u5dde\u897f\u6e56\u5e97", "order_time": ["2019-01-12 09:39:38"], "total_order": 1, "hotel_value": ["4.7"], "hotel_price": ["55"]}, "6827965": {"hotel_name": "\u5343\u5c9b\u6e56\u9633\u5149\u5927\u9152\u5e97", "order_time": ["2019-01-12 09:40:32"], "total_order": 1, "hotel_value": ["4.8"], "hotel_price": ["447"]}, "433966": {"hotel_name": "\u5343\u5c9b\u6e56\u6da6\u548c\u5efa\u56fd\u5ea6\u5047\u9152\u5e97", "order_time": ["2019-01-12 09:40:33"], "total_order": 1, "hotel_value": ["4.8"], "hotel_price": ["449"]}, "1378691": {"hotel_name": "\u5343\u5c9b\u6e56\u60a6\u6e56\u5ea6\u5047\u516c\u5bd3", "order_time": ["2019-01-12 09:40:33"], "total_order": 1, "hotel_value": ["4.5"], "hotel_price": ["95"]}, "1082182": {"hotel_name": "\u6850\u5e90\u96f7\u8fea\u68ee\u5ea6\u5047\u9152\u5e97", "order_time": ["2019-01-12 09:40:35"], "total_order": 1, "hotel_value": ["4.8"], "hotel_price": ["786"]}, "1195003": {"hotel_name": "\u5fc6\u5bbf\u4f3d\u516c\u5bd3(\u676d\u5dde\u6d59\u5927\u7d2b\u91d1\u6e2f\u57ce\u897f\u94f6\u6cf0\u5e97)(\u539f\u4f0a\u6765\u6e29\u9152\u5e97\u5f0f\u516c\u5bd3)", "order_time": ["2019-01-12 09:41:46"], "total_order": 1, "hotel_value": ["4.2"], "hotel_price": ["195"]}, "532738": {"hotel_name": "\u676d\u5dde\u541b\u5c1a\u9152\u5e97", "order_time": ["2019-01-12 09:41:47"], "total_order": 1, "hotel_value": ["4.5"], "hotel_price": ["309"]}, "438261": {"hotel_name": "\u7ef4\u4e5f\u7eb3\u56fd\u9645\u9152\u5e97(\u676d\u5dde\u6b66\u6797\u5e7f\u573a\u5e97)", "order_time": ["2019-01-12 09:41:50"], "total_order": 1, "hotel_value": ["4.8"], "hotel_price": ["283"]}, "3361389": {"hotel_name": "\u5982\u5bb6\u5feb\u6377\u9152\u5e97(\u676d\u5dde\u94b1\u6c5f\u65b0\u57ce\u666f\u82b3\u5730\u94c1\u7ad9\u5e97)", "order_time": ["2019-01-12 09:41:51"], "total_order": 1, "hotel_value": ["4.5"], "hotel_price": ["189"]}, "12113191": {"hotel_name": "\u9a7f\u5ead\u9152\u5e97(\u676d\u5dde\u963f\u91cc\u672a\u6765\u79d1\u6280\u57ce\u5e97)", "order_time": ["2019-01-12 09:41:51"], "total_order": 1, "hotel_value": ["4.5"], "hotel_price": ["141"]}, "25590027": {"hotel_name": "\u676d\u5dde\u7a7a\u6e2f\u5047\u65e5\u9152\u5e97", "order_time": ["2019-01-12 09:41:55"], "total_order": 1, "hotel_value": ["4.7"], "hotel_price": ["489"]}, "1434281": {"hotel_name": "\u5047\u65e5\u4e4b\u661f\u9152\u5e97(\u676d\u5dde\u8f6c\u5858\u7f8e\u9662\u5e97)(\u539f\u4e4b\u6c5f\u5e97)", "order_time": ["2019-01-12 09:41:55"], "total_order": 1, "hotel_value": ["4.3"], "hotel_price": ["290"]}, "5387899": {"hotel_name": "\u676d\u5dde\u65b0\u5dde\u5bbe\u9986", "order_time": ["2019-01-12 09:41:55"], "total_order": 1, "hotel_value": ["4.7"], "hotel_price": ["473"]}, "1769658": {"hotel_name": "\u676d\u5dde\u4e91\u5c4b\u8ff7\u4f60\u9152\u5e97", "order_time": ["2019-01-12 10:00:47", "2019-01-12 09:41:56"], "total_order": 2, "hotel_value": ["3.7", "3.7"], "hotel_price": ["94", "94"]}, "438730": {"hotel_name": "\u5f00\u5143\u66fc\u5c45\u00b7\u676d\u5dde\u548c\u5e73\u4f1a\u5c55\u4e2d\u5fc3\u5e97(\u539f\u6c49\u9ad8\u7cbe\u54c1\u9152\u5e97)", "order_time": ["2019-01-12 09:41:56"], "total_order": 1, "hotel_value": ["4.4"], "hotel_price": ["239"]}, "5282670": {"hotel_name": "\u548c\u9890\u9152\u5e97(\u676d\u5dde\u56db\u5b63\u9752\u79cb\u6d9b\u5317\u8def\u5e97)", "order_time": ["2019-01-12 09:41:57"], "total_order": 1, "hotel_value": ["4.7"], "hotel_price": ["227"]}, "25228903": {"hotel_name": "Q\u52a0\u00b7\u60a6\u5bb6\u9152\u5e97(\u676d\u5dde\u672a\u6765\u79d1\u6280\u57ce\u5e97)", "order_time": ["2019-01-12 09:41:58"], "total_order": 1, "hotel_value": ["4.9"], "hotel_price": ["127"]}, "7302456": {"hotel_name": "\u676d\u5dde\u5e7f\u5168\u6587\u5316\u9152\u5e97", "order_time": ["2019-01-12 09:41:59"], "total_order": 1, "hotel_value": ["4.6"], "hotel_price": ["156"]}, "481203": {"hotel_name": "\u5e03\u4e01\u4e25\u9009\u9152\u5e97(\u676d\u5dde\u6b66\u6797\u897f\u6e56\u6587\u5316\u5e7f\u573a\u5730\u94c1\u7ad9\u5e97)", "order_time": ["2019-01-12 09:58:44", "2019-01-12 09:42:00"], "total_order": 2, "hotel_value": ["4.3", "4.3"], "hotel_price": ["124", "124"]}, "6207978": {"hotel_name": "\u9890\u7b51\u00b7\u676d\u5dde\u4f3c\u6c34\u6d41\u5e74\u6c11\u5bbf", "order_time": ["2019-01-12 09:42:00", "2019-01-12 09:52:53"], "total_order": 2, "hotel_value": ["4.8", "4.8"], "hotel_price": ["198", "202"]}, "6863870": {"hotel_name": "\u676d\u5dde\u69b4\u83b2e\u5bb6\u9152\u5e97", "order_time": ["2019-01-12 09:42:02"], "total_order": 1, "hotel_value": ["4.4"], "hotel_price": ["163"]}, "9118652": {"hotel_name": "\u676d\u5dde\u9890\u6797\u9152\u5e97", "order_time": ["2019-01-12 09:42:02"], "total_order": 1, "hotel_value": ["4.6"], "hotel_price": ["312"]}, "1067813": {"hotel_name": "\u897f\u6e56\u4e4b\u6625\u5047\u65e5\u9152\u5e97(\u676d\u5dde\u65b0\u5858\u5e97)", "order_time": ["2019-01-12 09:42:04"], "total_order": 1, "hotel_value": ["3.9"], "hotel_price": ["139"]}, "1770978": {"hotel_name": "\u67f3\u6210\u5546\u52a1\u9152\u5e97(\u676d\u5dde\u5317\u666f\u56ed\u5e97)", "order_time": ["2019-01-12 09:42:06"], "total_order": 1, "hotel_value": ["4.5"], "hotel_price": ["114"]}, "8920841": {"hotel_name": "\u676d\u5dde\u91d1\u8fea\u5927\u9152\u5e97", "order_time": ["2019-01-12 09:42:07"], "total_order": 1, "hotel_value": ["4.5"], "hotel_price": ["239"]}, "15697376": {"hotel_name": "\u73d1\u60a6\u9690\u6816\u9152\u5e97(\u676d\u5dde\u8f6c\u5858\u7f8e\u9662\u5e97)", "order_time": ["2019-01-12 09:42:09"], "total_order": 1, "hotel_value": ["4.5"], "hotel_price": ["332"]}, "3803713": {"hotel_name": "\u5e03\u4e01\u9152\u5e97(\u676d\u5dde\u897f\u6eaa\u6e7f\u5730\u5c0f\u548c\u5c71\u9ad8\u6559\u56ed\u4e8c\u5e97 )", "order_time": ["2019-01-12 09:42:10"], "total_order": 1, "hotel_value": ["4.2"], "hotel_price": ["138"]}, "1071761": {"hotel_name": "\u5e03\u4e01\u9152\u5e97(\u676d\u5dde\u897f\u6e56\u6b66\u6797\u95e8\u5e97)", "order_time": ["2019-01-12 09:42:12"], "total_order": 1, "hotel_value": ["3.6"], "hotel_price": ["89"]}, "920936": {"hotel_name": "\u676d\u5dde\u66fc\u6b8a\u5ea6\u5047\u6c11\u5bbf", "order_time": ["2019-01-12 09:42:19"], "total_order": 1, "hotel_value": ["4.5"], "hotel_price": ["294"]}, "3291977": {"hotel_name": "\u676d\u5dde\u91ce\u98ce\u541b\u4ead\u9152\u5e97", "order_time": ["2019-01-12 09:43:46"], "total_order": 1, "hotel_value": ["4.7"], "hotel_price": ["593"]}, "5702234": {"hotel_name": "\u660a\u9890\u9152\u5e97(\u676d\u5dde\u8f6c\u5858\u897f\u6e56\u7f8e\u9662\u5e97)", "order_time": ["2019-01-12 09:43:47", "2019-01-12 09:52:38", "2019-01-12 09:48:09"], "total_order": 3, "hotel_value": ["4.6", "4.6", "4.6"], "hotel_price": ["331", "331", "331"]}, "450915": {"hotel_name": "\u676d\u5dde\u4e09\u53f0\u5c71\u5e84", "order_time": ["2019-01-12 09:48:11", "2019-01-12 09:52:30", "2019-01-12 09:43:49"], "total_order": 3, "hotel_value": ["4.8", "4.8", "4.8"], "hotel_price": ["585", "585", "585"]}, "968489": {"hotel_name": "\u6c49\u5ead\u9152\u5e97(\u676d\u5dde\u6b66\u6797\u5e7f\u573a\u5e97)", "order_time": ["2019-01-12 09:43:49"], "total_order": 1, "hotel_value": ["4.6"], "hotel_price": ["218"]}, "10217498": {"hotel_name": "\u676d\u5dde\u4e91\u9038\u9152\u5e97\u5f0f\u516c\u5bd3", "order_time": ["2019-01-12 09:43:51"], "total_order": 1, "hotel_value": ["4.7"], "hotel_price": ["767"]}, "1630863": {"hotel_name": "\u4e91\u9876\u4e4b\u661f\u676d\u5dde\u5e97", "order_time": ["2019-01-12 09:44:01"], "total_order": 1, "hotel_value": ["4.1"], "hotel_price": ["134"]}, "5995076": {"hotel_name": "\u6c49\u5ead\u9152\u5e97(\u676d\u5dde\u56db\u5b63\u9752\u51ef\u65cb\u8def\u5e97)", "order_time": ["2019-01-12 09:44:01"], "total_order": 1, "hotel_value": ["4.7"], "hotel_price": ["189"]}, "1728139": {"hotel_name": "\u676d\u5dde\u65b0\u9038\u5ea6\u5047\u9152\u5e97(\u539f\u676d\u5dde\u65b0\u9038\u5047\u65e5\u9152\u5e97)", "order_time": ["2019-01-12 09:50:39", "2019-01-12 09:44:02"], "total_order": 2, "hotel_value": ["4.2", "4.2"], "hotel_price": ["162", "162"]}, "4509958": {"hotel_name": "\u676d\u5dde\u9526\u7ee3\u5047\u65e5\u9152\u5e97", "order_time": ["2019-01-12 09:44:11"], "total_order": 1, "hotel_value": ["4.4"], "hotel_price": ["238"]}, "2918400": {"hotel_name": "\u676d\u5dde\u9690\u9038\u9152\u5e97", "order_time": ["2019-01-12 09:44:21"], "total_order": 1, "hotel_value": ["4.4"], "hotel_price": ["183"]}, "4728768": {"hotel_name": "\u676d\u5dde\u6c38\u534e\u5bbe\u9986", "order_time": ["2019-01-12 09:44:28"], "total_order": 1, "hotel_value": ["3.9"], "hotel_price": ["158"]}, "6112145": {"hotel_name": "\u5168\u5b63\u9152\u5e97(\u676d\u5dde\u94b1\u6c5f\u65b0\u57ce\u5e97)", "order_time": ["2019-01-12 09:44:41"], "total_order": 1, "hotel_value": ["4.8"], "hotel_price": ["398"]}, "11275571": {"hotel_name": "\u676d\u5dde\u666f\u6f9c\u00b7\u4e91\u53f0\u5370\u8c61\u9152\u5e97", "order_time": ["2019-01-12 09:45:53"], "total_order": 1, "hotel_value": ["4.6"], "hotel_price": ["489"]}, "23099484": {"hotel_name": "\u676d\u5dde\u5965\u4f53\u4e2d\u5fc3\u548c\u660c\u5e0c\u5c14\u987f\u6b22\u670b\u9152\u5e97", "order_time": ["2019-01-12 09:45:56"], "total_order": 1, "hotel_value": ["4.8"], "hotel_price": ["440"]}, "2916683": {"hotel_name": "\u5982\u5bb6\u5feb\u6377\u9152\u5e97(\u676d\u5dde\u706b\u8f66\u4e1c\u7ad9\u897f\u5e7f\u573a\u5e97)", "order_time": ["2019-01-12 09:45:56"], "total_order": 1, "hotel_value": ["4.2"], "hotel_price": ["169"]}, "1251562": {"hotel_name": "\u6854\u5b50\u9152\u5e97\u00b7\u7cbe\u9009(\u676d\u5dde\u6b66\u6797\u95e8\u5730\u94c1\u7ad9\u5e97)", "order_time": ["2019-01-12 09:45:59"], "total_order": 1, "hotel_value": ["4.8"], "hotel_price": ["303"]}, "20173190": {"hotel_name": "\u676d\u5dde\u661f\u5c1a\u5ba2\u6808", "order_time": ["2019-01-12 09:46:04"], "total_order": 1, "hotel_value": ["4.7"], "hotel_price": ["48"]}, "1246188": {"hotel_name": "\u676d\u5dde\u5e84\u95f2\u548c\u5927\u9152\u5e97", "order_time": ["2019-01-12 09:46:07"], "total_order": 1, "hotel_value": ["4.5"], "hotel_price": ["147"]}, "1066112": {"hotel_name": "\u676d\u5dde\u5929\u66fc\u56fd\u9645\u5927\u9152\u5e97", "order_time": ["2019-01-12 09:46:08"], "total_order": 1, "hotel_value": ["4.3"], "hotel_price": ["282"]}, "1727965": {"hotel_name": "\u676d\u5dde\u6e58\u820d\u7cbe\u54c1\u9152\u5e97", "order_time": ["2019-01-12 09:46:08"], "total_order": 1, "hotel_value": ["4.0"], "hotel_price": ["199"]}, "1305930": {"hotel_name": "\u676d\u5dde\u666f\u50cf\u6c11\u5bbf", "order_time": ["2019-01-12 09:46:09"], "total_order": 1, "hotel_value": ["4.6"], "hotel_price": ["302"]}, "897853": {"hotel_name": "\u676d\u5dde\u6eaa\u4e0a\u532f\u9152\u5e97", "order_time": ["2019-01-12 09:46:11"], "total_order": 1, "hotel_value": ["4.4"], "hotel_price": ["367"]}, "1409998": {"hotel_name": "\u6d77\u53cb\u9152\u5e97(\u676d\u5dde\u6c5f\u5357\u5927\u9053\u5b9d\u9f99\u57ce\u5e97)(\u539f\u5143\u5bbf\u5370\u8c61\u9152\u5e97\u7701\u513f\u4fdd\u5e97)", "order_time": ["2019-01-12 09:46:14"], "total_order": 1, "hotel_value": ["4.1"], "hotel_price": ["199"]}, "18089247": {"hotel_name": "7\u5929\u4f18\u54c1\u9152\u5e97(\u676d\u5dde\u4e5d\u5821\u5ba2\u8fd0\u4e2d\u5fc3\u7269\u7f8e\u5e97)", "order_time": ["2019-01-12 09:46:16"], "total_order": 1, "hotel_value": ["4.6"], "hotel_price": ["159"]}, "1051370": {"hotel_name": "\u5e03\u4e01\u9152\u5e97(\u676d\u5dde\u4e5d\u5821\u5ba2\u8fd0\u4e2d\u5fc3\u5e97)", "order_time": ["2019-01-12 09:46:49"], "total_order": 1, "hotel_value": ["4.0"], "hotel_price": ["111"]}, "15027135": {"hotel_name": "\u5343\u5c9b\u6e56\u5f00\u5143\u9890\u5c45\u9152\u5e97", "order_time": ["2019-01-12 09:46:52"], "total_order": 1, "hotel_value": ["4.8"], "hotel_price": ["323"]}, "26691561": {"hotel_name": "Zsmart\u667a\u5c1a\u9152\u5e97(\u676d\u5dde\u94b1\u6c5f\u4e16\u7eaa\u57ce\u5e97)", "order_time": ["2019-01-12 09:47:11"], "total_order": 1, "hotel_value": ["4.7"], "hotel_price": ["187"]}, "808875": {"hotel_name": "\u676d\u5dde\u6240\u7f57\u95e8\u9152\u5e97(\u539f\u4e03\u60a6\u81fb\u54c1\u9152\u5e97)", "order_time": ["2019-01-12 09:48:08"], "total_order": 1, "hotel_value": ["4.5"], "hotel_price": ["157"]}, "19453156": {"hotel_name": "\u676d\u5dde\u5370\u5f52\u9014\u6c5f\u666f\u516c\u5bd3", "order_time": ["2019-01-12 09:48:11"], "total_order": 1, "hotel_value": ["4.8"], "hotel_price": ["326"]}, "914555": {"hotel_name": "\u676d\u5dde\u5e7f\u94f6\u5927\u9152\u5e97", "order_time": ["2019-01-12 09:48:12", "2019-01-12 10:00:35"], "total_order": 2, "hotel_value": ["4.4", "4.4"], "hotel_price": ["348", "348"]}, "6112512": {"hotel_name": "Zsmart\u667a\u5c1a\u9152\u5e97(\u676d\u5dde\u897f\u6eaa\u7d2b\u91d1\u6e2f\u5e97)(\u539f\u57ce\u897f\u94f6\u6cf0\u5e97)", "order_time": ["2019-01-12 09:48:14"], "total_order": 1, "hotel_value": ["4.6"], "hotel_price": ["241"]}, "474518": {"hotel_name": "\u897f\u6e56\u67d2\u53f7\u9152\u5e97\u5f0f\u516c\u5bd3(\u676d\u5dde\u661f\u5149\u5e97)", "order_time": ["2019-01-12 09:48:14"], "total_order": 1, "hotel_value": ["4.5"], "hotel_price": ["225"]}, "8171366": {"hotel_name": "\u676d\u5dde\u7fe0\u61ac\u7cbe\u54c1\u6c11\u5bbf", "order_time": ["2019-01-12 09:48:15"], "total_order": 1, "hotel_value": ["4.7"], "hotel_price": ["236"]}, "666972": {"hotel_name": "\u901f8\u9152\u5e97(\u676d\u5dde\u8427\u5c71\u56fd\u9645\u673a\u573a\u5e97)", "order_time": ["2019-01-12 09:48:16"], "total_order": 1, "hotel_value": ["4.2"], "hotel_price": ["146"]}, "6869189": {"hotel_name": "\u676d\u5dde\u4e91\u9ca4\u9152\u5e97", "order_time": ["2019-01-12 09:48:16"], "total_order": 1, "hotel_value": ["4.6"], "hotel_price": ["303"]}, "7687669": {"hotel_name": "\u7267\u6668\u9152\u5e97(\u676d\u5dde\u6ee8\u6c5f\u5e97)(\u539f\u676d\u5dde\u7267\u6668\u7cbe\u9009\u9152\u5e97)", "order_time": ["2019-01-12 09:48:16"], "total_order": 1, "hotel_value": ["4.4"], "hotel_price": ["306"]}, "697592": {"hotel_name": "\u6c49\u5ead\u9152\u5e97(\u676d\u5dde\u6b66\u6797\u8def\u4e2d\u5fc3\u5e97)", "order_time": ["2019-01-12 09:48:19"], "total_order": 1, "hotel_value": ["4.4"], "hotel_price": ["179"]}, "18409642": {"hotel_name": "\u5982\u5bb6\u9a7f\u5c45\u9152\u5e97(\u676d\u5dde\u6587\u4e8c\u8def\u5b66\u9662\u8def\u5730\u94c1\u7ad9\u5e97)", "order_time": ["2019-01-12 09:48:19"], "total_order": 1, "hotel_value": ["4.5"], "hotel_price": ["170"]}, "6109807": {"hotel_name": "\u676d\u5dde\u5a73\u9601\u6c11\u5bbf", "order_time": ["2019-01-12 09:48:19"], "total_order": 1, "hotel_value": ["4.9"], "hotel_price": ["322"]}, "6818073": {"hotel_name": "\u4e91\u4e2d\u5c45\u6c11\u5bbf(\u676d\u5dde\u897f\u6e56\u9f99\u4e95\u5e97)", "order_time": ["2019-01-12 09:48:24"], "total_order": 1, "hotel_value": ["4.9"], "hotel_price": ["631"]}, "7858358": {"hotel_name": "\u4e34\u5b89\u6851\u7af9\u4e00\u5885\u6c11\u5bbf", "order_time": ["2019-01-12 09:49:19"], "total_order": 1, "hotel_value": ["4.8"], "hotel_price": ["1274"]}, "2104662": {"hotel_name": "\u901f8\u9152\u5e97(\u676d\u5dde\u6ee8\u76db\u8def\u94b1\u5858\u6c5f\u5e97)", "order_time": ["2019-01-12 09:50:29"], "total_order": 1, "hotel_value": ["4.1"], "hotel_price": ["203"]}, "433830": {"hotel_name": "\u683c\u6797\u8c6a\u6cf0(\u676d\u5dde\u897f\u6e56\u5927\u9053\u5357\u5b8b\u5fa1\u8857\u5e97)", "order_time": ["2019-01-12 09:50:29"], "total_order": 1, "hotel_value": ["4.1"], "hotel_price": ["146"]}, "1485627": {"hotel_name": "\u6c49\u5ead\u9152\u5e97(\u676d\u5dde\u8f6c\u5858\u7f8e\u9662\u5e97)", "order_time": ["2019-01-12 09:50:32"], "total_order": 1, "hotel_value": ["4.3"], "hotel_price": ["265"]}, "7276739": {"hotel_name": "\u5168\u5b63\u9152\u5e97(\u676d\u5dde\u94b1\u6c5f\u65b0\u57ce\u65b0\u5858\u8def\u5e97)", "order_time": ["2019-01-12 09:50:34", "2019-01-12 09:52:38"], "total_order": 2, "hotel_value": ["4.8", "4.8"], "hotel_price": ["360", "360"]}, "1630754": {"hotel_name": "\u6d59\u6c5f\u5927\u5b66\u5706\u6b63\u00b7\u826e\u79cb\u5bbe\u9986", "order_time": ["2019-01-12 09:50:34"], "total_order": 1, "hotel_value": ["4.4"], "hotel_price": ["107"]}, "1769063": {"hotel_name": "\u676d\u5dde\u6da6\u8fbe\u56fd\u9645\u5927\u9152\u5e97", "order_time": ["2019-01-12 09:50:36"], "total_order": 1, "hotel_value": ["4.6"], "hotel_price": ["261"]}, "445496": {"hotel_name": "\u897f\u6e56\u67d2\u53f7\u9152\u5e97\u5f0f\u516c\u5bd3(\u676d\u5dde\u897f\u6e56\u5e97)", "order_time": ["2019-01-12 09:50:36"], "total_order": 1, "hotel_value": ["4.5"], "hotel_price": ["355"]}, "17492208": {"hotel_name": "\u6f2b\u5fc3\u9152\u5e97(\u676d\u5dde\u897f\u6e56\u6b66\u6797\u5e7f\u573a\u5e97)", "order_time": ["2019-01-12 09:50:36"], "total_order": 1, "hotel_value": ["4.7"], "hotel_price": ["427"]}, "1462839": {"hotel_name": "\u7231\u5de2\u4e3b\u9898\u9152\u5e97(\u676d\u5dde\u4e0b\u6c99\u5e97)", "order_time": ["2019-01-12 09:50:38"], "total_order": 1, "hotel_value": ["4.4"], "hotel_price": ["238"]}, "6304122": {"hotel_name": "\u676d\u5dde\u805a\u53a6\u00b7\u672a\u6765\u5927\u9152\u5e97", "order_time": ["2019-01-12 09:50:40"], "total_order": 1, "hotel_value": ["4.4"], "hotel_price": ["237"]}, "1740510": {"hotel_name": "\u676d\u5dde\u94c2\u91d1\u81fb\u54c1\u9152\u5e97", "order_time": ["2019-01-12 09:50:40"], "total_order": 1, "hotel_value": ["4.3"], "hotel_price": ["196"]}, "434627": {"hotel_name": "\u676d\u5dde\u6613\u878d\u9152\u5e97", "order_time": ["2019-01-12 09:50:44"], "total_order": 1, "hotel_value": ["4.6"], "hotel_price": ["243"]}, "17353285": {"hotel_name": "\u676d\u5dde\u5341\u8d24\u9152\u5e97\u516c\u5bd3", "order_time": ["2019-01-12 09:50:44"], "total_order": 1, "hotel_value": ["4.8"], "hotel_price": ["193"]}, "709093": {"hotel_name": "\u4e34\u5b89\u6e4d\u53e3\u4f17\u5b89\u6c21\u6e29\u6cc9\u5ea6\u5047\u9152\u5e97", "order_time": ["2019-01-12 09:51:12"], "total_order": 1, "hotel_value": ["4.6"], "hotel_price": ["2230"]}, "8923565": {"hotel_name": "Zsmart\u667a\u5c1a\u9152\u5e97(\u676d\u5dde\u65b0\u5929\u5730\u94f6\u6cf0\u5e97)(\u539f\u57ce\u5317\u65b0\u5929\u5730\u5e97)", "order_time": ["2019-01-12 09:51:19"], "total_order": 1, "hotel_value": ["4.7"], "hotel_price": ["263"]}, "7490944": {"hotel_name": "\u5343\u5c9b\u6e56\u4f2f\u745e\u7279\u6e29\u6cc9\u5ea6\u5047\u9152\u5e97", "order_time": ["2019-01-12 09:51:20"], "total_order": 1, "hotel_value": ["4.7"], "hotel_price": ["600"]}, "3246317": {"hotel_name": "7\u5929\u8fde\u9501\u9152\u5e97(\u6850\u5e90\u5927\u53a6\u5e97)", "order_time": ["2019-01-12 09:51:22"], "total_order": 1, "hotel_value": ["4.3"], "hotel_price": ["107"]}, "375375": {"hotel_name": "\u676d\u5dde\u84dd\u5929\u6e05\u6c34\u6e7e\u56fd\u9645\u5927\u9152\u5e97", "order_time": ["2019-01-12 09:52:31"], "total_order": 1, "hotel_value": ["4.6"], "hotel_price": ["398"]}, "481249": {"hotel_name": "\u5e03\u4e01\u9152\u5e97(\u676d\u5dde\u897f\u6e56\u5357\u5b8b\u5fa1\u8857\u5e97)", "order_time": ["2019-01-12 09:52:41", "2019-01-12 09:54:45"], "total_order": 2, "hotel_value": ["3.9", "3.9"], "hotel_price": ["93", "93"]}, "1623229": {"hotel_name": "\u676d\u5dde\u51ef\u4f26\u5047\u65e5\u9152\u5e97", "order_time": ["2019-01-12 09:52:44"], "total_order": 1, "hotel_value": ["3.7"], "hotel_price": ["139"]}, "1425337": {"hotel_name": "\u5982\u5bb6\u5feb\u6377\u9152\u5e97(\u676d\u5dde\u8427\u5c71\u91d1\u57ce\u8def\u4eba\u6c11\u5e7f\u573a\u5730\u94c1\u7ad9\u5e97)", "order_time": ["2019-01-12 09:52:49"], "total_order": 1, "hotel_value": ["4.2"], "hotel_price": ["132"]}, "5074583": {"hotel_name": "\u676d\u5dde\u6c38\u6069\u5546\u52a1\u9152\u5e97", "order_time": ["2019-01-12 09:52:51"], "total_order": 1, "hotel_value": ["3.9"], "hotel_price": ["176"]}, "2303628": {"hotel_name": "99\u65c5\u9986\u8fde\u9501(\u676d\u5dde\u4e54\u53f8\u5730\u94c1\u7ad9\u5e97)", "order_time": ["2019-01-12 09:52:55"], "total_order": 1, "hotel_value": ["4.0"], "hotel_price": ["104"]}, "1292590": {"hotel_name": "\u676d\u5dde\u7c73\u5357\u4fbf\u6377\u9152\u5e97(\u539f\u5bcc\u9633\u95fb\u83b1\u5bbe\u9986)", "order_time": ["2019-01-12 09:52:58"], "total_order": 1, "hotel_value": ["4.5"], "hotel_price": ["123"]}, "1357759": {"hotel_name": "\u676d\u5dde\u6d6a\u6f2b\u5c0f\u7b51", "order_time": ["2019-01-12 09:53:02"], "total_order": 1, "hotel_value": [0], "hotel_price": ["70"]}, "1080315": {"hotel_name": "\u676d\u5dde\u666f\u7ef4\u65c5\u9986", "order_time": ["2019-01-12 09:53:03"], "total_order": 1, "hotel_value": ["4.1"], "hotel_price": ["104"]}, "1343091": {"hotel_name": "\u5efa\u5fb7\u7c73\u5170\u98ce\u5c1a\u9152\u5e97", "order_time": ["2019-01-12 09:53:15"], "total_order": 1, "hotel_value": ["4.5"], "hotel_price": ["134"]}, "481226": {"hotel_name": "\u5e03\u4e01\u9152\u5e97(\u676d\u5dde\u9ec4\u9f99\u4f53\u80b2\u4e2d\u5fc3\u9ec4\u59d1\u5c71\u8def\u5e97)", "order_time": ["2019-01-12 09:54:34"], "total_order": 1, "hotel_value": ["4.2"], "hotel_price": ["92"]}, "7045791": {"hotel_name": "\u676d\u5dde\u7ef4\u7eb3\u7cbe\u54c1\u5546\u52a1\u9152\u5e97", "order_time": ["2019-01-12 09:54:43"], "total_order": 1, "hotel_value": ["4.3"], "hotel_price": ["222"]}, "434057": {"hotel_name": "\u676d\u5dde\u666e\u91d1\u5927\u9152\u5e97", "order_time": ["2019-01-12 09:54:44"], "total_order": 1, "hotel_value": ["4.3"], "hotel_price": ["103"]}, "3033641": {"hotel_name": "\u676d\u5dde\u540c\u4eba\u7cbe\u534e\u9152\u5e97", "order_time": ["2019-01-12 09:54:44"], "total_order": 1, "hotel_value": ["4.4"], "hotel_price": ["250"]}, "799140": {"hotel_name": "\u676d\u5dde\u901a\u60e0\u4e16\u7eaa\u9152\u5e97", "order_time": ["2019-01-12 09:54:51"], "total_order": 1, "hotel_value": ["4.4"], "hotel_price": ["112"]}, "22693278": {"hotel_name": "\u7ef4\u4e5f\u7eb3\u56fd\u9645\u9152\u5e97(\u676d\u5dde\u706b\u8f66\u897f\u7ad9\u5e97)", "order_time": ["2019-01-12 09:54:51"], "total_order": 1, "hotel_value": ["4.9"], "hotel_price": ["336"]}, "1828609": {"hotel_name": "\u676d\u5dde\u4f70\u5e74\u7ff0\u5ead\u9152\u5e97\u5f0f\u516c\u5bd3", "order_time": ["2019-01-12 09:54:54"], "total_order": 1, "hotel_value": ["4.8"], "hotel_price": ["262"]}, "23742028": {"hotel_name": "\u676d\u5dde\u8bd7\u60a6\u9601\u91d1\u94c2\u6e7e\u6c5f\u666f\u516c\u5bd3", "order_time": ["2019-01-12 09:56:37"], "total_order": 1, "hotel_value": ["4.3"], "hotel_price": ["325"]}, "469640": {"hotel_name": "\u676d\u5dde\u897f\u897f\u91cc\u9152\u5e97", "order_time": ["2019-01-12 09:56:39"], "total_order": 1, "hotel_value": ["3.9"], "hotel_price": ["180"]}, "5728762": {"hotel_name": "\u7f8e\u9526\u4e2d\u798f\u7cbe\u54c1\u9152\u5e97(\u676d\u5dde\u897f\u6e56\u5e97)", "order_time": ["2019-01-12 09:56:41"], "total_order": 1, "hotel_value": ["4.4"], "hotel_price": ["175"]}, "6312293": {"hotel_name": "\u676d\u5dde\u52a0\u5dde\u5feb\u6377\u9152\u5e97", "order_time": ["2019-01-12 09:56:43"], "total_order": 1, "hotel_value": ["4.0"], "hotel_price": ["113"]}, "1440576": {"hotel_name": "\u676d\u5dde\u62c8\u82b1\u7cbe\u820d(\u7075\u9690\u5e97)", "order_time": ["2019-01-12 09:56:50"], "total_order": 1, "hotel_value": ["4.6"], "hotel_price": ["453"]}, "6723815": {"hotel_name": "\u676d\u5dde\u6dfb\u946b\u5bbe\u9986(\u539f\u9f0e\u60a6\u5bbe\u9986)", "order_time": ["2019-01-12 09:56:50"], "total_order": 1, "hotel_value": ["4.5"], "hotel_price": ["123"]}, "18070175": {"hotel_name": "\u676d\u5dde\u6789\u5c71\u6c11\u5bbf", "order_time": ["2019-01-12 09:57:01"], "total_order": 1, "hotel_value": ["4.8"], "hotel_price": ["134"]}, "18562203": {"hotel_name": "\u676d\u5dde\u9f99\u6e56\u7687\u51a0\u5047\u65e5\u9152\u5e97", "order_time": ["2019-01-12 09:58:30"], "total_order": 1, "hotel_value": ["4.7"], "hotel_price": ["702"]}, "434391": {"hotel_name": "\u676d\u5dde\u7c73\u5170\u82b1\u56ed\u9152\u5e97", "order_time": ["2019-01-12 09:58:31"], "total_order": 1, "hotel_value": ["4.2"], "hotel_price": ["258"]}, "4030369": {"hotel_name": "\u676d\u5dde\u8fd0\u6cb3\u5951\u5f17\u5229\u9152\u5e97", "order_time": ["2019-01-12 09:58:31"], "total_order": 1, "hotel_value": ["4.7"], "hotel_price": ["801"]}, "739280": {"hotel_name": "\u676d\u5ddeEAC\u6b27\u7f8e\u4e2d\u5fc3\u56fd\u9645\u9152\u5e97\u516c\u5bd3", "order_time": ["2019-01-12 10:06:45", "2019-01-12 09:58:31"], "total_order": 2, "hotel_value": ["4.6", "4.6"], "hotel_price": ["327", "327"]}, "776943": {"hotel_name": "\u676d\u5dde\u5143\u745e\u57ce\u5e02\u82b1\u56ed\u9152\u5e97", "order_time": ["2019-01-12 10:06:47", "2019-01-12 09:58:31"], "total_order": 2, "hotel_value": ["4.6", "4.6"], "hotel_price": ["401", "401"]}, "15084882": {"hotel_name": "Zsmart\u667a\u5c1a\u9152\u5e97(\u676d\u5dde\u6d59\u4e8c\u89e3\u653e\u8def\u5e97)", "order_time": ["2019-01-12 09:58:37"], "total_order": 1, "hotel_value": ["4.6"], "hotel_price": ["138"]}, "443788": {"hotel_name": "\u548c\u9890\u9152\u5e97(\u676d\u5dde\u897f\u6e56\u89e3\u653e\u8def\u5e97)", "order_time": ["2019-01-12 09:58:37", "2019-01-12 10:06:58"], "total_order": 2, "hotel_value": ["4.7", "4.7"], "hotel_price": ["269", "269"]}, "1461643": {"hotel_name": "\u83ab\u6cf0268(\u676d\u5dde\u897f\u6e56\u5357\u5b8b\u5fa1\u8857\u6b65\u884c\u8857\u5e97)", "order_time": ["2019-01-12 10:06:50", "2019-01-12 09:58:38"], "total_order": 2, "hotel_value": ["4.5", "4.5"], "hotel_price": ["152", "152"]}, "19624311": {"hotel_name": "\u83b1\u5ead\u9152\u5e97(\u676d\u5dde\u8427\u5c71\u673a\u573a\u5e97)", "order_time": ["2019-01-12 09:58:45"], "total_order": 1, "hotel_value": ["4.5"], "hotel_price": ["174"]}, "11911576": {"hotel_name": "\u7206\u7c73\u82b1\u5f71\u9662\u9152\u5e97(\u676d\u5dde\u4e5d\u5821\u5927\u6865\u4e0b\u6c99\u8def\u5e97)", "order_time": ["2019-01-12 09:58:55"], "total_order": 1, "hotel_value": ["3.9"], "hotel_price": ["103"]}, "439970": {"hotel_name": "\u5343\u5c9b\u6e56\u996d\u5e97", "order_time": ["2019-01-12 10:03:13", "2019-01-12 09:59:26"], "total_order": 2, "hotel_value": ["4.8", "4.8"], "hotel_price": ["218", "218"]}, "1196543": {"hotel_name": "\u4e34\u5b89\u65af\u7ef4\u767b\u5ea6\u5047\u516c\u5bd3(\u6c7d\u8f66\u4e1c\u7ad9)", "order_time": ["2019-01-12 09:59:26"], "total_order": 1, "hotel_value": ["4.4"], "hotel_price": ["226"]}, "1619719": {"hotel_name": "\u6854\u5b50\u6c34\u6676\u9152\u5e97(\u676d\u5dde\u6c5f\u9675\u8def\u5730\u94c1\u7ad9\u5e97)(\u539f\u661f\u5149\u5927\u9053\u5e97)", "order_time": ["2019-01-12 10:00:31"], "total_order": 1, "hotel_value": ["4.9"], "hotel_price": ["455"]}, "1569808": {"hotel_name": "\u5982\u5bb6\u5feb\u6377\u9152\u5e97(\u676d\u5dde\u6ee8\u6c5f\u6ee8\u6587\u8def\u767d\u9a6c\u6e56\u5927\u5b66\u57ce\u5e97)", "order_time": ["2019-01-12 10:00:38"], "total_order": 1, "hotel_value": ["4.2"], "hotel_price": ["212"]}, "6447471": {"hotel_name": "\u661f\u57ce\u592a\u7a7a\u8231\u7cbe\u54c1\u9752\u5e74\u65c5\u820d(\u676d\u5dde\u897f\u6e56\u9f99\u7fd4\u6865\u5730\u94c1\u7ad9\u5e97)", "order_time": ["2019-01-12 10:04:29", "2019-01-12 10:00:41"], "total_order": 2, "hotel_value": ["4.5", "4.5"], "hotel_price": ["62", "62"]}, "6019989": {"hotel_name": "\u676d\u5dde\u7d2b\u91d1\u6e2f\u901a\u5143\u9152\u5e97", "order_time": ["2019-01-12 10:00:42"], "total_order": 1, "hotel_value": ["4.6"], "hotel_price": ["368"]}, "1458297": {"hotel_name": "\u676d\u5dde\u6d77\u5723\u4e3b\u9898\u9152\u5e97", "order_time": ["2019-01-12 10:00:43"], "total_order": 1, "hotel_value": ["3.9"], "hotel_price": ["115"]}, "900094": {"hotel_name": "Zsmart\u667a\u5c1a\u9152\u5e97(\u676d\u5dde\u897f\u6e56\u5e86\u6625\u8def\u5e97)", "order_time": ["2019-01-12 10:00:46"], "total_order": 1, "hotel_value": ["4.3"], "hotel_price": ["178"]}, "2578925": {"hotel_name": "\u676d\u5dde\u51e4\u57ce\u5bbe\u9986", "order_time": ["2019-01-12 10:00:49"], "total_order": 1, "hotel_value": ["4.2"], "hotel_price": ["193"]}, "5377892": {"hotel_name": "\u676d\u5dde\u901a\u5b9d\u5927\u9152\u5e97", "order_time": ["2019-01-12 10:01:06"], "total_order": 1, "hotel_value": ["4.1"], "hotel_price": ["143"]}, "850001": {"hotel_name": "\u676d\u5dde\u805a\u4e30\u56ed\u5bbe\u9986", "order_time": ["2019-01-12 10:02:28"], "total_order": 1, "hotel_value": ["4.4"], "hotel_price": ["112"]}, "697892": {"hotel_name": "\u6c49\u5ead\u9152\u5e97(\u676d\u5dde\u864e\u8dd1\u8def\u5e97)", "order_time": ["2019-01-12 10:02:30"], "total_order": 1, "hotel_value": ["4.2"], "hotel_price": ["123"]}, "995379": {"hotel_name": "\u676d\u5dde\u8776\u6765\u671b\u6e56\u5bbe\u9986", "order_time": ["2019-01-12 10:02:31"], "total_order": 1, "hotel_value": ["4.8"], "hotel_price": ["1198"]}, "426105": {"hotel_name": "\u676d\u5dde\u7eb3\u5fb7\u81ea\u7531\u9152\u5e97", "order_time": ["2019-01-12 10:02:31"], "total_order": 1, "hotel_value": ["4.6"], "hotel_price": ["309"]}, "2259030": {"hotel_name": "\u4e91\u5bbf\u516c\u5bd3\u5f0f\u9152\u5e97(\u676d\u5dde\u897f\u6e56\u97f3\u4e50\u55b7\u6cc9\u5e97)", "order_time": ["2019-01-12 10:02:39"], "total_order": 1, "hotel_value": ["4.6"], "hotel_price": ["737"]}, "5812704": {"hotel_name": "\u676d\u5dde\u676d\u5d07\u7cbe\u54c1\u9152\u5e97", "order_time": ["2019-01-12 10:02:40"], "total_order": 1, "hotel_value": ["4.3"], "hotel_price": ["114"]}, "25740035": {"hotel_name": "\u676d\u5dde\u53f6\u5b50\u65f6\u5149\u827a\u672f\u9152\u5e97", "order_time": ["2019-01-12 10:02:40"], "total_order": 1, "hotel_value": ["4.9"], "hotel_price": ["242"]}, "1409561": {"hotel_name": "\u676d\u5dde\u9526\u8bda\u91c7\u8377\u5927\u9152\u5e97", "order_time": ["2019-01-12 10:02:41"], "total_order": 1, "hotel_value": ["4.2"], "hotel_price": ["192"]}, "1308259": {"hotel_name": "\u676d\u5dde\u67e0\u83b1\u5546\u52a1\u9152\u5e97", "order_time": ["2019-01-12 10:02:51"], "total_order": 1, "hotel_value": ["4.3"], "hotel_price": ["163"]}, "1086144": {"hotel_name": "\u5982\u5bb6\u5feb\u6377\u9152\u5e97(\u676d\u5dde\u89e3\u653e\u8def\u5e86\u6625\u95e8\u5927\u5b66\u8def\u5e97)", "order_time": ["2019-01-12 10:03:10"], "total_order": 1, "hotel_value": ["4.2"], "hotel_price": ["120"]}, "532341": {"hotel_name": "\u5343\u5c9b\u6e56\u6885\u5730\u4e9a\u541b\u6f9c\u5ea6\u5047\u9152\u5e97", "order_time": ["2019-01-12 10:03:22"], "total_order": 1, "hotel_value": ["4.8"], "hotel_price": ["568"]}, "441372": {"hotel_name": "\u676d\u5dde\u4e94\u6d0b\u5bbe\u9986", "order_time": ["2019-01-12 10:04:24"], "total_order": 1, "hotel_value": ["4.8"], "hotel_price": ["348"]}, "21330586": {"hotel_name": "\u58f9\u5bb6\u5885\u9152\u5e97\u5f0f\u516c\u5bd3(\u676d\u5dde\u8302\u5fa1\u5c45\u5e97)", "order_time": ["2019-01-12 10:04:26"], "total_order": 1, "hotel_value": ["4.7"], "hotel_price": ["410"]}, "1669820": {"hotel_name": "\u7384\u9f99\u9152\u5e97\u5f0f\u516c\u5bd3(\u676d\u5dde\u661f\u8000\u57ce\u5e97)", "order_time": ["2019-01-12 10:04:27"], "total_order": 1, "hotel_value": ["4.1"], "hotel_price": ["235"]}, "440045": {"hotel_name": "\u676d\u5dde\u4e4b\u6c5f\u996d\u5e97", "order_time": ["2019-01-12 10:04:28"], "total_order": 1, "hotel_value": ["4.5"], "hotel_price": ["479"]}, "1211581": {"hotel_name": "\u6d59\u6c5f\u5229\u534e\u5047\u65e5\u9152\u5e97", "order_time": ["2019-01-12 10:04:38"], "total_order": 1, "hotel_value": ["3.2"], "hotel_price": ["200"]}, "6785432": {"hotel_name": "\u676d\u5dde\u7ef4\u90fd\u6e2f\u5bbe\u9986", "order_time": ["2019-01-12 10:04:42"], "total_order": 1, "hotel_value": ["3.8"], "hotel_price": ["108"]}, "914956": {"hotel_name": "\u676d\u5dde\u9752\u5de2\u5ba2\u6808", "order_time": ["2019-01-12 10:04:49"], "total_order": 1, "hotel_value": ["4.4"], "hotel_price": ["59"]}, "4852475": {"hotel_name": "\u5343\u5c9b\u6e56\u7eff\u57ce\u84dd\u6e7e\u5ea6\u5047\u9152\u5e97", "order_time": ["2019-01-12 10:05:31"], "total_order": 1, "hotel_value": ["4.8"], "hotel_price": ["176"]}, "691591": {"hotel_name": "\u5343\u5c9b\u6e56\u9526\u5349\u4e3b\u9898\u9152\u5e97", "order_time": ["2019-01-12 10:05:36"], "total_order": 1, "hotel_value": ["4.4"], "hotel_price": ["78"]}, "1005880": {"hotel_name": "\u4e34\u5b89\u5927\u660e\u5c71\u98de\u6765\u5ba2\u6808", "order_time": ["2019-01-12 10:05:45"], "total_order": 1, "hotel_value": ["4.4"], "hotel_price": ["115"]}, "445340": {"hotel_name": "\u676d\u5dde\u4e07\u534e\u56fd\u9645\u9152\u5e97", "order_time": ["2019-01-12 10:06:42"], "total_order": 1, "hotel_value": ["4.6"], "hotel_price": ["328"]}, "1770228": {"hotel_name": "\u5982\u5bb6\u6d3e\u67cf\u00b7\u4e91\u9152\u5e97\uff08\u676d\u5dde\u897f\u6e56\u6d59\u5927\u8def\u5e97\uff09", "order_time": ["2019-01-12 10:06:48"], "total_order": 1, "hotel_value": ["4.0"], "hotel_price": ["130"]}, "15812141": {"hotel_name": "\u7ef4\u4e5f\u7eb3\u56fd\u9645\u9152\u5e97(\u676d\u5dde\u4e5d\u5821\u5ba2\u8fd0\u4e2d\u5fc3\u5e97)", "order_time": ["2019-01-12 10:06:50"], "total_order": 1, "hotel_value": ["4.6"], "hotel_price": ["289"]}, "6303681": {"hotel_name": "\u6613\u7533\u9152\u5e97(\u676d\u5dde\u7701\u513f\u4fdd\u5e97)", "order_time": ["2019-01-12 10:06:51"], "total_order": 1, "hotel_value": ["4.1"], "hotel_price": ["163"]}, "6201555": {"hotel_name": "\u676d\u5dde\u6b66\u6797\u56fd\u9645\u9752\u5e74\u65c5\u820d", "order_time": ["2019-01-12 10:06:52"], "total_order": 1, "hotel_value": ["4.6"], "hotel_price": ["45"]}, "530329": {"hotel_name": "\u676d\u5dde\u51ef\u8c6a\u5927\u9152\u5e97", "order_time": ["2019-01-12 10:06:52"], "total_order": 1, "hotel_value": ["4.7"], "hotel_price": ["290"]}, "1380303": {"hotel_name": "\u5982\u5bb6\u5feb\u6377\u9152\u5e97(\u676d\u5dde\u5efa\u56fd\u5357\u8def\u6cb3\u574a\u8857\u5e97)", "order_time": ["2019-01-12 10:06:52"], "total_order": 1, "hotel_value": ["4.4"], "hotel_price": ["123"]}, "1048266": {"hotel_name": "\u6021\u83b1\u7cbe\u54c1\u9152\u5e97(\u676d\u5dde\u9ad8\u6c99\u8def\u5730\u94c1\u5e97)", "order_time": ["2019-01-12 10:06:54"], "total_order": 1, "hotel_value": ["4.5"], "hotel_price": ["195"]}, "28362501": {"hotel_name": "\u676d\u5dde\u8f6c\u5858\u7f8e\u9662\u4e9a\u6735\u9152\u5e97", "order_time": ["2019-01-12 10:06:58"], "total_order": 1, "hotel_value": ["4.9"], "hotel_price": ["424"]}, "1768122": {"hotel_name": "\u5bcc\u9633\u4e07\u80fd\u5927\u9152\u5e97", "order_time": ["2019-01-12 10:07:02"], "total_order": 1, "hotel_value": ["3.9"], "hotel_price": ["118"]}, "26428969": {"hotel_name": "\u676d\u5ddeGo Home\u6c11\u5bbf", "order_time": ["2019-01-12 10:07:03"], "total_order": 1, "hotel_value": ["4.9"], "hotel_price": ["183"]}}}