{"\u5f00\u59cb\u8bb0\u5f55\u65f6\u95f4": "2019-01-16 17:40:19", "\u7ed3\u675f\u8bb0\u5f55\u65f6\u95f4": "2019-01-16 18:40:19", "\u8ba2\u5355\u603b\u589e\u91cf": 319, "item": {"346248": {"hotel_name": "\u53a6\u95e8\u6cf0\u8c37\u9152\u5e97", "order_time": ["2019-01-16 17:54:45", "2019-01-16 17:45:12", "2019-01-16 18:39:16", "2019-01-16 17:41:27", "2019-01-16 18:16:39", "2019-01-16 18:08:35"], "total_order": 6, "hotel_value": ["4.7", "4.7", "4.7", "4.7", "4.7", "4.7"], "hotel_price": ["398", "398", "398", "398", "398", "398"]}, "5247286": {"hotel_name": "\u53a6\u95e8\u5fc3\u6e56\u5c1a\u5ba2\u5802\u6c11\u5bbf(\u539f\u53a6\u5927\u5c1a\u5ba2\u5802\u5ba2\u6808)", "order_time": ["2019-01-16 17:42:37"], "total_order": 1, "hotel_value": ["4.7"], "hotel_price": ["408"]}, "434956": {"hotel_name": "\u53a6\u95e8\u767d\u9e6d\u5bbe\u9986", "order_time": ["2019-01-16 17:42:39"], "total_order": 1, "hotel_value": ["4.5"], "hotel_price": ["186"]}, "12624286": {"hotel_name": "\u9a7f\u8d77\u9152\u5e97\uff08\u53a6\u95e8\u5317\u7ad9\u5e97\uff09", "order_time": ["2019-01-16 17:42:39"], "total_order": 1, "hotel_value": ["4.6"], "hotel_price": ["159"]}, "5028626": {"hotel_name": "\u53a6\u95e8\u9493\u00b7\u7eaf\u6d77\u8f7b\u5962\u9a7f\u9986", "order_time": ["2019-01-16 17:42:39"], "total_order": 1, "hotel_value": ["4.9"], "hotel_price": ["208"]}, "472361": {"hotel_name": "\u53a6\u95e8\u660e\u73e0\u6d77\u6e7e\u5927\u9152\u5e97", "order_time": ["2019-01-16 17:42:39", "2019-01-16 17:46:47"], "total_order": 2, "hotel_value": ["4.5", "4.5"], "hotel_price": ["342", "342"]}, "4614134": {"hotel_name": "\u53a6\u95e8\u6cd5\u5c14\u8d5b\u7687\u5bb6\u5ea6\u5047\u522b\u5885", "order_time": ["2019-01-16 17:42:39"], "total_order": 1, "hotel_value": ["4.9"], "hotel_price": ["140"]}, "419463": {"hotel_name": "\u53a6\u95e8\u534e\u4fa8\u5927\u53a6", "order_time": ["2019-01-16 17:42:40", "2019-01-16 18:18:37", "2019-01-16 18:12:36"], "total_order": 3, "hotel_value": ["4.7", "4.7", "4.7"], "hotel_price": ["298", "298", "298"]}, "346273": {"hotel_name": "\u53a6\u95e8\u78d0\u57fa\u5e0c\u5c14\u987f\u9152\u5e97", "order_time": ["2019-01-16 17:42:41"], "total_order": 1, "hotel_value": ["4.6"], "hotel_price": ["767"]}, "14261979": {"hotel_name": "\u53a6\u95e8\u7075\u73b2\u5927\u9152\u5e97", "order_time": ["2019-01-16 17:42:41"], "total_order": 1, "hotel_value": ["4.5"], "hotel_price": ["402"]}, "440464": {"hotel_name": "\u590f\u5546\u6021\u7fd4\u9152\u5e97(\u53a6\u95e8\u4e2d\u5c71\u8def\u534e\u90fd\u5e97)", "order_time": ["2019-01-16 17:42:45"], "total_order": 1, "hotel_value": ["4.6"], "hotel_price": ["294"]}, "10834030": {"hotel_name": "\u53a6\u95e8\u60a6\u6765\u6d77\u666f\u9152\u5e97(\u539f\u60a6\u6765\u522b\u5885\u9152\u5e97)", "order_time": ["2019-01-16 17:42:45"], "total_order": 1, "hotel_value": ["4.7"], "hotel_price": ["382"]}, "4825266": {"hotel_name": "\u53a6\u95e8\u7ea2\u53f6\u7cbe\u54c1\u9152\u5e97\u516c\u5bd3", "order_time": ["2019-01-16 17:42:47"], "total_order": 1, "hotel_value": ["4.4"], "hotel_price": ["135"]}, "2082804": {"hotel_name": "\u53a6\u95e8\u6da6\u7965\u9686\u7cbe\u54c1\u9152\u5e97", "order_time": ["2019-01-16 17:42:50"], "total_order": 1, "hotel_value": ["4.3"], "hotel_price": ["119"]}, "429225": {"hotel_name": "\u53a6\u95e8\u9e6d\u6c5f\u5bbe\u9986", "order_time": ["2019-01-16 17:42:53"], "total_order": 1, "hotel_value": ["4.8"], "hotel_price": ["525"]}, "431965": {"hotel_name": "\u53a6\u95e8\u7f8e\u4ed1\u7693\u6656\u9152\u5e97", "order_time": ["2019-01-16 17:42:53"], "total_order": 1, "hotel_value": ["4.7"], "hotel_price": ["198"]}, "436708": {"hotel_name": "\u53a6\u95e8\u91d1\u540e\u9152\u5e97", "order_time": ["2019-01-16 17:42:53"], "total_order": 1, "hotel_value": ["4.6"], "hotel_price": ["216"]}, "11161289": {"hotel_name": "\u53a6\u95e8\u82b1\u90b8\u7cbe\u54c1\u6c11\u5bbf", "order_time": ["2019-01-16 17:42:58"], "total_order": 1, "hotel_value": ["4.9"], "hotel_price": ["316"]}, "13605468": {"hotel_name": "\u9f13\u6d6a\u5c7f\u5f7c\u5cb8\u62fe\u5149\u65c5\u9986", "order_time": ["2019-01-16 17:43:03", "2019-01-16 17:48:35"], "total_order": 2, "hotel_value": ["4.8", "4.8"], "hotel_price": ["241", "241"]}, "1562601": {"hotel_name": "\u53a6\u95e8\u82b1\u5f00\u6f2b\u57ce\u751f\u6d3b\u65c5\u5c45\u9986", "order_time": ["2019-01-16 17:44:37"], "total_order": 1, "hotel_value": ["4.9"], "hotel_price": ["185"]}, "4496383": {"hotel_name": "\u53a6\u95e8\u6162\u751f\u6d3b\u00b7\u4e0a\u91ce\u5ba2\u6808", "order_time": ["2019-01-16 17:44:40"], "total_order": 1, "hotel_value": ["4.9"], "hotel_price": ["134"]}, "19019972": {"hotel_name": "\u53a6\u95e8\u5ea6\u7f8e\u00b7\u4e0e\u7af9\u77f3\u8bbe\u8ba1\u578b\u522b\u5885", "order_time": ["2019-01-16 17:44:40", "2019-01-16 18:12:37"], "total_order": 2, "hotel_value": ["5.0", "5.0"], "hotel_price": ["258", "258"]}, "3925042": {"hotel_name": "\u53a6\u95e8\u540d\u95e8\u76db\u4e16\u00b7\u6587\u5316\u9152\u5e97", "order_time": ["2019-01-16 17:44:40"], "total_order": 1, "hotel_value": ["4.8"], "hotel_price": ["185"]}, "469816": {"hotel_name": "\u53a6\u95e8\u5723\u5e0c\u7f57\u9152\u5e97", "order_time": ["2019-01-16 17:44:40"], "total_order": 1, "hotel_value": ["4.4"], "hotel_price": ["266"]}, "708068": {"hotel_name": "\u53a6\u95e8\u6162\u751f\u6d3b\u00b7\u65b0\u5bbf\u522b\u9662", "order_time": ["2019-01-16 17:44:40"], "total_order": 1, "hotel_value": ["4.9"], "hotel_price": ["259"]}, "2301312": {"hotel_name": "\u57ce\u5e02\u4fbf\u6377\u9152\u5e97(\u53a6\u95e8\u79be\u7965\u897f\u8def\u5e97)", "order_time": ["2019-01-16 17:44:41"], "total_order": 1, "hotel_value": ["4.3"], "hotel_price": ["150"]}, "2299990": {"hotel_name": "\u53a6\u95e8\u60a6\u60a6\u946b\u9152\u5e97", "order_time": ["2019-01-16 17:44:41"], "total_order": 1, "hotel_value": ["4.7"], "hotel_price": ["121"]}, "6763972": {"hotel_name": "\u53a6\u95e8\u5317\u7ad9\u66fc\u5df4\u9152\u5e97", "order_time": ["2019-01-16 17:44:44"], "total_order": 1, "hotel_value": ["4.7"], "hotel_price": ["173"]}, "1787526": {"hotel_name": "\u53a6\u95e8\u9690\u897f\u6c11\u5bbf", "order_time": ["2019-01-16 17:44:48"], "total_order": 1, "hotel_value": ["4.8"], "hotel_price": ["191"]}, "1211268": {"hotel_name": "\u53a6\u95e8\u6e56\u91cc\u9890\u8c6a\u9152\u5e97", "order_time": ["2019-01-16 17:44:48"], "total_order": 1, "hotel_value": ["4.7"], "hotel_price": ["458"]}, "4307939": {"hotel_name": "\u6d3e\u9152\u5e97(\u53a6\u95e8\u706b\u8f66\u7ad9\u5e97)", "order_time": ["2019-01-16 17:44:50"], "total_order": 1, "hotel_value": ["4.3"], "hotel_price": ["119"]}, "6336638": {"hotel_name": "\u53a6\u95e8\u897f\u8fb9\u820d\u5ba2\u6808", "order_time": ["2019-01-16 17:44:59"], "total_order": 1, "hotel_value": ["4.9"], "hotel_price": ["144"]}, "6112181": {"hotel_name": "\u53a6\u95e8\u6c38\u4e3d\u8fbe\u4e3d\u5448\u9152\u5e97", "order_time": ["2019-01-16 17:45:12", "2019-01-16 18:39:16"], "total_order": 2, "hotel_value": ["4.8", "4.8"], "hotel_price": ["398", "398"]}, "10201435": {"hotel_name": "\u53a6\u95e8\u4f70\u7fd4\u4e94\u901a\u9152\u5e97", "order_time": ["2019-01-16 17:45:12", "2019-01-16 18:39:16"], "total_order": 2, "hotel_value": ["4.7", "4.7"], "hotel_price": ["779", "779"]}, "21332906": {"hotel_name": "\u53a6\u95e8\u65af\u7ef4\u767b\u5ea6\u5047\u9152\u5e97(\u678b\u6e56\u8f66\u7ad9\u4f18\u671b\u5e97)", "order_time": ["2019-01-16 17:58:38", "2019-01-16 17:46:39"], "total_order": 2, "hotel_value": ["4.8", "4.8"], "hotel_price": ["227", "227"]}, "5435657": {"hotel_name": "\u9f13\u6d6a\u5c7f\u5706\u6c99\u6d32\u4e3b\u9898\u522b\u5885", "order_time": ["2019-01-16 17:46:40"], "total_order": 1, "hotel_value": ["4.9"], "hotel_price": ["177"]}, "6456842": {"hotel_name": "\u53a6\u95e8\u6709\u68f5\u6811\u8bbe\u8ba1\u5e08\u9152\u5e97\u73af\u5c9b\u8def\u5e97", "order_time": ["2019-01-16 17:46:42"], "total_order": 1, "hotel_value": ["4.8"], "hotel_price": ["362"]}, "392553": {"hotel_name": "\u6210\u65c5\u6676\u8d5e\u9152\u5e97(\u53a6\u95e8\u67ab\u60a6\u5e97)(\u539f\u67ab\u60a6\u5927\u9152\u5e97)", "order_time": ["2019-01-16 17:46:44"], "total_order": 1, "hotel_value": ["4.7"], "hotel_price": ["322"]}, "8615916": {"hotel_name": "\u53a6\u95e8\u84dd\u8272\u6d77\u5cb8\u9152\u5e97", "order_time": ["2019-01-16 17:46:45"], "total_order": 1, "hotel_value": ["4.6"], "hotel_price": ["183"]}, "346264": {"hotel_name": "\u53a6\u95e8\u827e\u7f8e\u9152\u5e97", "order_time": ["2019-01-16 17:46:47"], "total_order": 1, "hotel_value": ["4.7"], "hotel_price": ["699"]}, "392629": {"hotel_name": "\u53a6\u95e8\u5e90\u5c71\u5927\u9152\u5e97", "order_time": ["2019-01-16 17:46:47"], "total_order": 1, "hotel_value": ["4.2"], "hotel_price": ["298"]}, "1583166": {"hotel_name": "\u5982\u5bb6\u5feb\u6377\u9152\u5e97(\u53a6\u95e8\u4e2d\u5c71\u8def\u6b65\u884c\u8857\u5e97)", "order_time": ["2019-01-16 17:46:47"], "total_order": 1, "hotel_value": ["4.5"], "hotel_price": ["152"]}, "11828465": {"hotel_name": "\u53a6\u95e8\u66fe\u539d\u57b5\u91d1\u5c0f\u59d0\u6ee8\u6d77\u5ba2\u6808", "order_time": ["2019-01-16 17:46:47"], "total_order": 1, "hotel_value": ["4.8"], "hotel_price": ["88"]}, "1389209": {"hotel_name": "\u9526\u6c5f\u4e4b\u661f\u54c1\u5c1a(\u53a6\u95e8\u96c6\u7f8e\u5927\u5b66\u56fd\u8d38\u5e97)", "order_time": ["2019-01-16 17:46:48"], "total_order": 1, "hotel_value": ["4.6"], "hotel_price": ["219"]}, "1707615": {"hotel_name": "\u53a6\u95e8\u7231\u5c1a\u4f18\u9a7f\u9152\u5e97", "order_time": ["2019-01-16 17:46:48"], "total_order": 1, "hotel_value": ["4.4"], "hotel_price": ["109"]}, "6511790": {"hotel_name": "\u53a6\u95e8\u822a\u5929\u516c\u5bd3\u673a\u573a\u5e97", "order_time": ["2019-01-16 17:46:48"], "total_order": 1, "hotel_value": ["4.5"], "hotel_price": ["113"]}, "1549905": {"hotel_name": "\u53a6\u95e8\u534a\u5c9b\u58f9\u53f7\u9152\u5e97", "order_time": ["2019-01-16 17:46:49"], "total_order": 1, "hotel_value": ["4.5"], "hotel_price": ["88"]}, "11372511": {"hotel_name": "\u53a6\u95e8\u6f2b\u5ead\u65f6\u5149\u5ba2\u6808", "order_time": ["2019-01-16 17:46:53"], "total_order": 1, "hotel_value": ["4.8"], "hotel_price": ["103"]}, "2106785": {"hotel_name": "\u53a6\u95e8\u6c38\u6210\u5bbe\u9986", "order_time": ["2019-01-16 17:46:59"], "total_order": 1, "hotel_value": ["4.1"], "hotel_price": ["91"]}, "5980197": {"hotel_name": "\u53a6\u95e8\u534a\u5c71\u4e34\u6d77\u82b1\u56ed\u6c11\u5bbf", "order_time": ["2019-01-16 17:47:01"], "total_order": 1, "hotel_value": ["4.8"], "hotel_price": ["84"]}, "5373865": {"hotel_name": "\u5168\u5b63\u9152\u5e97(\u53a6\u95e8\u5927\u5b66\u5e97)", "order_time": ["2019-01-16 18:02:50", "2019-01-16 17:48:37"], "total_order": 2, "hotel_value": ["4.7", "4.7"], "hotel_price": ["332", "332"]}, "444706": {"hotel_name": "\u590f\u5546\u00b7\u6021\u5ead\u5546\u52a1\u9152\u5e97(\u53a6\u95e8\u706b\u8f66\u7ad9\u79be\u7965\u5e97)", "order_time": ["2019-01-16 17:48:37"], "total_order": 1, "hotel_value": ["4.5"], "hotel_price": ["126"]}, "22817797": {"hotel_name": "\u53a6\u95e8SM\u57ce\u5e02\u5e7f\u573a\u5e0c\u5c14\u987f\u6b22\u670b\u9152\u5e97", "order_time": ["2019-01-16 17:48:38", "2019-01-16 18:12:36"], "total_order": 2, "hotel_value": ["4.5", "4.5"], "hotel_price": ["492", "492"]}, "433735": {"hotel_name": "\u5b9c\u5fc5\u601d\u5c1a\u54c1\u9152\u5e97(\u53a6\u95e8\u4e2d\u5c71\u8def\u6b65\u884c\u8857\u5e97)", "order_time": ["2019-01-16 17:48:41"], "total_order": 1, "hotel_value": ["4.7"], "hotel_price": ["257"]}, "375292": {"hotel_name": "\u53a6\u95e8\u4eac\u95fd\u4e2d\u5fc3\u9152\u5e97", "order_time": ["2019-01-16 17:48:41"], "total_order": 1, "hotel_value": ["4.8"], "hotel_price": ["550"]}, "427947": {"hotel_name": "\u53a6\u95e8\u56fd\u9645\u4f1a\u8bae\u4e2d\u5fc3\u9152\u5e97", "order_time": ["2019-01-16 17:48:41"], "total_order": 1, "hotel_value": ["4.8"], "hotel_price": ["749"]}, "1620068": {"hotel_name": "\u53a6\u95e8\u5317\u7ad9\u4e5d\u5ea6\u4e09\u5c71\u5e84", "order_time": ["2019-01-16 17:48:42"], "total_order": 1, "hotel_value": ["4.7"], "hotel_price": ["153"]}, "800277": {"hotel_name": "7\u5929\u8fde\u9501\u9152\u5e97(\u53a6\u95e8\u540c\u5b89\u6c7d\u8f66\u7ad9\u5e97)", "order_time": ["2019-01-16 17:48:42"], "total_order": 1, "hotel_value": ["4.3"], "hotel_price": ["106"]}, "8506987": {"hotel_name": "\u53a6\u95e8\u5723\u6dd8\u6c99\u9152\u5e97", "order_time": ["2019-01-16 17:48:43"], "total_order": 1, "hotel_value": ["4.4"], "hotel_price": ["193"]}, "26341130": {"hotel_name": "\u53a6\u95e8Sky High\u4e91\u5c1a\u5929\u9645\u9152\u5e97", "order_time": ["2019-01-16 17:48:44"], "total_order": 1, "hotel_value": ["5.0"], "hotel_price": ["1360"]}, "1860967": {"hotel_name": "\u5fc3\u8fdc\u9152\u5e97(\u53a6\u95e8\u96c6\u7f8e\u5927\u5b66\u5e97)", "order_time": ["2019-01-16 17:48:44"], "total_order": 1, "hotel_value": ["4.5"], "hotel_price": ["149"]}, "2310179": {"hotel_name": "\u53a6\u95e8\u66fc\u53ef\u8fde\u9501\u9152\u5e97", "order_time": ["2019-01-16 17:48:44", "2019-01-16 17:54:50"], "total_order": 2, "hotel_value": ["3.9", "3.9"], "hotel_price": ["85", "85"]}, "481710": {"hotel_name": "\u9526\u6c5f\u4e4b\u661f(\u53a6\u95e8\u706b\u8f66\u7ad9\u5e97)(\u539f\u4e1c\u6d66\u8def\u5e97)", "order_time": ["2019-01-16 17:48:46"], "total_order": 1, "hotel_value": ["4.4"], "hotel_price": ["113"]}, "419537": {"hotel_name": "\u53a6\u95e8\u822a\u7a7a\u91d1\u96c1\u9152\u5e97", "order_time": ["2019-01-16 17:48:48"], "total_order": 1, "hotel_value": ["4.9"], "hotel_price": ["658"]}, "6599741": {"hotel_name": "\u6854\u5b50\u9152\u5e97\u00b7\u7cbe\u9009(\u53a6\u95e8\u4e2d\u5c71\u8def\u8f6e\u6e21\u7801\u5934\u5e97)(\u539f\u4e2d\u5c71\u8def\u6b65\u884c\u8857\u5e97)", "order_time": ["2019-01-16 17:48:48"], "total_order": 1, "hotel_value": ["4.8"], "hotel_price": ["313"]}, "6841235": {"hotel_name": "\u53a6\u95e8\u6f58\u591a\u62c9\u6d77\u666f\u9152\u5e97\u516c\u5bd3", "order_time": ["2019-01-16 17:48:53", "2019-01-16 18:10:42"], "total_order": 2, "hotel_value": ["4.7", "4.7"], "hotel_price": ["427", "427"]}, "4510014": {"hotel_name": "\u53a6\u95e8\u5927\u5b66\u73ba\u83b1\u65af\u6d77\u666f\u516c\u5bd3(\u539f\u5929\u73ba\u6d77\u666f\u516c\u5bd3)", "order_time": ["2019-01-16 17:48:54"], "total_order": 1, "hotel_value": ["4.6"], "hotel_price": ["383"]}, "1735109": {"hotel_name": "\u53a6\u95e8\u5e0c\u9601\u82b1\u56ed\u9152\u5e97(\u539f\u5e0c\u9601\u9152\u5e97)", "order_time": ["2019-01-16 17:50:40"], "total_order": 1, "hotel_value": ["4.7"], "hotel_price": ["257"]}, "1118729": {"hotel_name": "\u5982\u5bb6\u5feb\u6377\u9152\u5e97(\u53a6\u95e8\u4ed9\u5cb3\u8def\u6c5f\u5934\u5e97)", "order_time": ["2019-01-16 17:50:41"], "total_order": 1, "hotel_value": ["4.4"], "hotel_price": ["161"]}, "690163": {"hotel_name": "\u5168\u5b63\u9152\u5e97(\u53a6\u95e8\u673a\u573a\u6e56\u91cc\u5927\u9053\u5e97)", "order_time": ["2019-01-16 17:50:42"], "total_order": 1, "hotel_value": ["4.8"], "hotel_price": ["313"]}, "435605": {"hotel_name": "\u53a6\u95e8\u76db\u4e4b\u4e61\u6e29\u6cc9\u6e21\u5047\u6751", "order_time": ["2019-01-16 17:50:43"], "total_order": 1, "hotel_value": ["4.6"], "hotel_price": ["568"]}, "1386469": {"hotel_name": "\u5982\u5bb6\u5feb\u6377\u9152\u5e97(\u53a6\u95e8\u96c6\u7f8e\u5927\u5b66\u5e97)", "order_time": ["2019-01-16 17:50:44"], "total_order": 1, "hotel_value": ["4.4"], "hotel_price": ["147"]}, "607428": {"hotel_name": "\u53a6\u95e8\u5a01\u5c3c\u65af\u5927\u9152\u5e97", "order_time": ["2019-01-16 17:50:44"], "total_order": 1, "hotel_value": ["4.2"], "hotel_price": ["270"]}, "9118583": {"hotel_name": "\u53a6\u95e8\u9999\u683c\u91cc\u62c9\u5927\u9152\u5e97", "order_time": ["2019-01-16 17:54:43", "2019-01-16 17:50:46"], "total_order": 2, "hotel_value": ["4.6", "4.6"], "hotel_price": ["933", "933"]}, "369748": {"hotel_name": "\u53a6\u95e8\u6d77\u6e2f\u82f1\u8fea\u683c\u9152\u5e97", "order_time": ["2019-01-16 17:50:46"], "total_order": 1, "hotel_value": ["4.7"], "hotel_price": ["802"]}, "28525229": {"hotel_name": "\u53a6\u95e8\u96c5\u7434\u4f73\u5c45\u516c\u5bd3", "order_time": ["2019-01-16 17:50:46"], "total_order": 1, "hotel_value": ["4.9"], "hotel_price": ["101"]}, "6262851": {"hotel_name": "\u53a6\u95e8\u98de\u5bbf\u8fde\u9501\u5b89\u59ae\u00b7\u6735\u62c9\u5e84\u56ed", "order_time": ["2019-01-16 17:50:49", "2019-01-16 17:54:40"], "total_order": 2, "hotel_value": ["4.7", "4.7"], "hotel_price": ["125", "125"]}, "1374551": {"hotel_name": "\u53a6\u95e8\u96c4\u6e90\u5546\u52a1\u9152\u5e97", "order_time": ["2019-01-16 17:50:50"], "total_order": 1, "hotel_value": ["4.0"], "hotel_price": ["180"]}, "8569035": {"hotel_name": "\u53a6\u95e8\u9e6d\u987a\u5feb\u6377\u9152\u5e97\u706b\u8f66\u7ad9\u5e97", "order_time": ["2019-01-16 17:50:50"], "total_order": 1, "hotel_value": ["3.9"], "hotel_price": ["100"]}, "1011241": {"hotel_name": "\u53a6\u95e8\u548c\u7766\u5c45\u65c5\u9986", "order_time": ["2019-01-16 18:02:52", "2019-01-16 17:51:01"], "total_order": 2, "hotel_value": ["3.9", "3.9"], "hotel_price": ["86", "86"]}, "1430145": {"hotel_name": "\u53a6\u95e8\u827e\u5de2\u4e3b\u9898\u5ba2\u6808", "order_time": ["2019-01-16 17:51:05"], "total_order": 1, "hotel_value": ["5.0"], "hotel_price": ["123"]}, "8568943": {"hotel_name": "\u53a6\u95e8\u6c90\u9752\u67ab\u5916\u6d77\u96c5\u5885\u522b\u5885", "order_time": ["2019-01-16 17:52:34"], "total_order": 1, "hotel_value": ["4.6"], "hotel_price": ["164"]}, "1541934": {"hotel_name": "\u53a6\u95e8\u68b5\u5c45\u00b7\u9759\u5fc3\u522b\u9662", "order_time": ["2019-01-16 17:52:36"], "total_order": 1, "hotel_value": ["4.9"], "hotel_price": ["253"]}, "5304807": {"hotel_name": "\u826f\u5885\u00b7\u4e91\u5ead\u758f\u9662(\u53a6\u95e8\u66fe\u539d\u57b5\u5e97)", "order_time": ["2019-01-16 17:52:37"], "total_order": 1, "hotel_value": ["4.9"], "hotel_price": ["843"]}, "1405990": {"hotel_name": "\u901f8\u9152\u5e97(\u53a6\u95e8\u706b\u8f66\u7ad9\u5e97)", "order_time": ["2019-01-16 17:52:39"], "total_order": 1, "hotel_value": ["4.3"], "hotel_price": ["142"]}, "2074390": {"hotel_name": "\u53a6\u95e8\u5317\u7ad9\u5b89\u6021\u5c45\u5ba2\u6808", "order_time": ["2019-01-16 17:52:47"], "total_order": 1, "hotel_value": ["4.7"], "hotel_price": ["83"]}, "11523322": {"hotel_name": "\u826f\u5885\u00b7\u4e91\u5ead\u9047\u89c1\u5ba2\u6808(\u53a6\u95e8\u66fe\u539d\u57b5\u5e97)", "order_time": ["2019-01-16 17:52:48"], "total_order": 1, "hotel_value": ["5.0"], "hotel_price": ["116"]}, "2306365": {"hotel_name": "7\u5929\u8fde\u9501\u9152\u5e97(\u53a6\u95e8\u9f13\u6d6a\u5c7f\u6d77\u6ca7\u7801\u5934\u5e97)", "order_time": ["2019-01-16 18:18:38", "2019-01-16 17:52:53"], "total_order": 2, "hotel_value": ["4.3", "4.3"], "hotel_price": ["150", "150"]}, "6407574": {"hotel_name": "\u53a6\u95e8\u9a6c\u514b\u5ba2\u6808", "order_time": ["2019-01-16 17:52:56"], "total_order": 1, "hotel_value": ["4.7"], "hotel_price": ["118"]}, "1603567": {"hotel_name": "\u53a6\u95e8\u7121\u4e8c\u00b7\u767d\u5c7f\u8bbe\u8ba1\u578b\u5ea6\u5047\u7f8e\u5885", "order_time": ["2019-01-16 17:54:39"], "total_order": 1, "hotel_value": ["5.0"], "hotel_price": ["266"]}, "392554": {"hotel_name": "\u53a6\u95e8\u91d1\u745e\u4f73\u6cf0\u9152\u5e97(\u539f\u91d1\u5df4\u5170\u9152\u5e97)", "order_time": ["2019-01-16 17:54:42"], "total_order": 1, "hotel_value": ["4.5"], "hotel_price": ["299"]}, "21790917": {"hotel_name": "\u826f\u5885\u00b7\u4e91\u5ead\u65f6\u5149(\u53a6\u95e8\u66fe\u539d\u57b5\u5e97)", "order_time": ["2019-01-16 17:54:42"], "total_order": 1, "hotel_value": ["4.9"], "hotel_price": ["152"]}, "21124626": {"hotel_name": "\u53a6\u95e8\u4e07\u749f\u8f69\u9152\u5e97", "order_time": ["2019-01-16 17:54:42"], "total_order": 1, "hotel_value": ["4.7"], "hotel_price": ["239"]}, "27833083": {"hotel_name": "\u53a6\u95e8\u968f\u5fc3\u9601\u516c\u5bd3", "order_time": ["2019-01-16 18:26:43", "2019-01-16 17:54:42", "2019-01-16 18:12:40", "2019-01-16 18:00:38"], "total_order": 4, "hotel_value": ["4.8", "4.8", "4.8", "4.8"], "hotel_price": ["140", "140", "149", "149"]}, "443061": {"hotel_name": "\u53a6\u95e8HUESyard\u4f11\u601d\u9662\u5b50\u522b\u5885", "order_time": ["2019-01-16 17:54:44"], "total_order": 1, "hotel_value": ["4.9"], "hotel_price": ["380"]}, "25633183": {"hotel_name": "\u5fc3\u8fdc\u9152\u5e97(\u53a6\u95e8\u8f6e\u6e21\u4e2d\u5c71\u8def\u6b65\u884c\u8857\u5e97)", "order_time": ["2019-01-16 17:54:44", "2019-01-16 17:56:48"], "total_order": 2, "hotel_value": ["4.4", "4.4"], "hotel_price": ["227", "227"]}, "12780885": {"hotel_name": "\u53a6\u95e8\u7121\u4e8c\u00b7\u90a3\u6240\u9152\u5e97", "order_time": ["2019-01-16 17:54:44"], "total_order": 1, "hotel_value": ["4.9"], "hotel_price": ["310"]}, "858889": {"hotel_name": "\u53a6\u95e8\u4e5d\u95f4\u5802\u8bbe\u8ba1\u5e08\u6c11\u5bbf(\u539f\u53a6\u95e8\u4e09\u6708\u5ba2\u6808)", "order_time": ["2019-01-16 17:54:44"], "total_order": 1, "hotel_value": ["4.8"], "hotel_price": ["116"]}, "435290": {"hotel_name": "\u53a6\u95e8\u6625\u5149\u9152\u5e97", "order_time": ["2019-01-16 17:54:46"], "total_order": 1, "hotel_value": ["4.7"], "hotel_price": ["280"]}, "5840745": {"hotel_name": "\u53a6\u95e8\u5317\u7ad9\u9752\u9038\u9152\u5e97", "order_time": ["2019-01-16 17:54:46"], "total_order": 1, "hotel_value": ["4.3"], "hotel_price": ["183"]}, "6414490": {"hotel_name": "\u9f13\u6d6a\u5c7f\u5c0f\u6843\u6e90\u65c5\u9986(\u539f\u7231\u4e3d\u4e1d\u65c5\u9986)", "order_time": ["2019-01-16 17:54:56"], "total_order": 1, "hotel_value": ["4.3"], "hotel_price": ["35"]}, "21747591": {"hotel_name": "\u53a6\u95e8\u94c2\u65af\u516c\u5bd3\u5f0f\u9152\u5e97", "order_time": ["2019-01-16 17:55:20"], "total_order": 1, "hotel_value": ["4.5"], "hotel_price": ["208"]}, "346262": {"hotel_name": "\u53a6\u95e8\u5a01\u65af\u6c40\u9152\u5e97", "order_time": ["2019-01-16 17:56:38"], "total_order": 1, "hotel_value": ["4.5"], "hotel_price": ["946"]}, "15841262": {"hotel_name": "\u53a6\u95e8\u8c6a\u5ef7\u5ea6\u5047\u522b\u5885", "order_time": ["2019-01-16 17:56:38"], "total_order": 1, "hotel_value": ["4.9"], "hotel_price": ["171"]}, "26420349": {"hotel_name": "\u53a6\u95e8\u9038\u5ba2\u5ea6\u5047\u522b\u5885", "order_time": ["2019-01-16 17:56:38"], "total_order": 1, "hotel_value": ["5.0"], "hotel_price": ["218"]}, "686333": {"hotel_name": "\u53a6\u95e8\u6eaa\u5885", "order_time": ["2019-01-16 17:56:38"], "total_order": 1, "hotel_value": ["4.9"], "hotel_price": ["240"]}, "346269": {"hotel_name": "\u53a6\u95e8\u6e90\u660c\u51ef\u5bbe\u65af\u57fa\u5927\u9152\u5e97", "order_time": ["2019-01-16 17:56:39"], "total_order": 1, "hotel_value": ["4.7"], "hotel_price": ["898"]}, "425692": {"hotel_name": "\u53a6\u95e8\u6d77\u60a6\u5c71\u5e84\u9152\u5e97", "order_time": ["2019-01-16 17:56:39"], "total_order": 1, "hotel_value": ["4.8"], "hotel_price": ["813"]}, "1477849": {"hotel_name": "\u9752\u5e74\u9633\u5149\u9152\u5e97(\u53a6\u95e8\u6d77\u5929\u5feb\u6377\u5e97)", "order_time": ["2019-01-16 17:56:40"], "total_order": 1, "hotel_value": ["4.7"], "hotel_price": ["140"]}, "2101828": {"hotel_name": "\u53a6\u95e8\u69ad\u540e\u9152\u5e97", "order_time": ["2019-01-16 18:18:40", "2019-01-16 17:56:40"], "total_order": 2, "hotel_value": ["4.7", "4.7"], "hotel_price": ["196", "196"]}, "2937051": {"hotel_name": "\u53a6\u95e8\u9047\u7f8e\u00b7\u6cca\u5c7f\u6d77\u6e7e\u5ea6\u5047\u522b\u5885", "order_time": ["2019-01-16 17:56:40"], "total_order": 1, "hotel_value": ["4.7"], "hotel_price": ["268"]}, "452567": {"hotel_name": "\u53a6\u95e8\u6162\u751f\u6d3b\u00b7\u82ad\u5398\u6d77\u5cb8\u5ea6\u5047\u9152\u5e97(\u539f\u9f13\u6d6a\u5c7f\u82ad\u5398\u6d77\u5cb8\u6d77\u666f\u9152\u5e97)", "order_time": ["2019-01-16 17:56:41"], "total_order": 1, "hotel_value": ["4.9"], "hotel_price": ["559"]}, "2300982": {"hotel_name": "7\u5929\u8fde\u9501\u9152\u5e97(\u53a6\u95e8\u706b\u8f66\u7ad9\u6e56\u6ee8\u5357\u8def\u4e2d\u5c71\u533b\u9662\u5e97)", "order_time": ["2019-01-16 17:56:46"], "total_order": 1, "hotel_value": ["4.4"], "hotel_price": ["149"]}, "800402": {"hotel_name": "\u53a6\u95e8\u8363\u6e90\u4e3b\u9898\u9152\u5e97", "order_time": ["2019-01-16 17:56:46"], "total_order": 1, "hotel_value": ["4.9"], "hotel_price": ["134"]}, "12051857": {"hotel_name": "\u53a6\u95e8\u6d6a\u6f2b\u65f6\u4ee3\u5ba2\u6808", "order_time": ["2019-01-16 18:18:45", "2019-01-16 17:56:47"], "total_order": 2, "hotel_value": ["4.6", "4.6"], "hotel_price": ["59", "89"]}, "1055853": {"hotel_name": "\u57ce\u5e02\u4fbf\u6377\u9152\u5e97(\u53a6\u95e8\u96c6\u7f8e\u5927\u5b66\u5e97)", "order_time": ["2019-01-16 17:56:47"], "total_order": 1, "hotel_value": ["4.5"], "hotel_price": ["169"]}, "451156": {"hotel_name": "\u9f13\u6d6a\u5c7f\u53a6\u6808\u56db\u5b63\u661f\u7a7a\u9152\u5e97", "order_time": ["2019-01-16 17:56:55"], "total_order": 1, "hotel_value": ["4.0"], "hotel_price": ["128"]}, "795585": {"hotel_name": "\u53a6\u95e8\u8bda\u90fd\u5546\u52a1\u5bbe\u9986", "order_time": ["2019-01-16 17:56:58"], "total_order": 1, "hotel_value": ["4.2"], "hotel_price": ["112"]}, "6284392": {"hotel_name": "\u9f13\u6d6a\u5c7f\u5fd8\u5c18\u5c45\u65c5\u9986(\u539f\u57ce\u5c7f\u6708\u5149\u5ea6\u5047\u65c5\u9986)", "order_time": ["2019-01-16 17:56:58"], "total_order": 1, "hotel_value": ["4.7"], "hotel_price": ["230"]}, "2241046": {"hotel_name": "\u4e2d\u5357\u6e7e\u9152\u5e97(\u53a6\u95e8\u4e2d\u5c71\u8def\u5e97)", "order_time": ["2019-01-16 17:57:20"], "total_order": 1, "hotel_value": ["4.0"], "hotel_price": ["112"]}, "1808673": {"hotel_name": "\u53a6\u95e8\u957f\u57ce\u5bbe\u9986", "order_time": ["2019-01-16 17:58:40"], "total_order": 1, "hotel_value": ["4.5"], "hotel_price": ["303"]}, "2380650": {"hotel_name": "\u683c\u6797\u8054\u76df\u9152\u5e97(\u53a6\u95e8\u704c\u53e3\u5e97)", "order_time": ["2019-01-16 17:58:47"], "total_order": 1, "hotel_value": ["4.3"], "hotel_price": ["178"]}, "26448227": {"hotel_name": "\u53a6\u95e8\u5317\u5c9b\u6c11\u5bbf", "order_time": ["2019-01-16 17:58:54"], "total_order": 1, "hotel_value": [0], "hotel_price": ["106"]}, "1815575": {"hotel_name": "\u53a6\u95e8\u4e00\u54c1\u00b7\u6734\u5bbf(\u539f\u6f2b\u6d77\u5c45\u5ba2\u6808)", "order_time": ["2019-01-16 18:00:39"], "total_order": 1, "hotel_value": ["4.9"], "hotel_price": ["134"]}, "457043": {"hotel_name": "\u9752\u5e74\u9633\u5149\u9152\u5e97(\u53a6\u95e8\u4e2d\u5c71\u8def\u5e97)(\u539f\u540e\u6ee8\u4e2a\u6027\u5e97)", "order_time": ["2019-01-16 18:00:39"], "total_order": 1, "hotel_value": ["4.7"], "hotel_price": ["122"]}, "5788864": {"hotel_name": "\u53a6\u95e8\u5eb7\u83b1\u5fb7\u9152\u5e97", "order_time": ["2019-01-16 18:00:40"], "total_order": 1, "hotel_value": ["4.7"], "hotel_price": ["1421"]}, "375295": {"hotel_name": "\u53a6\u95e8\u7fd4\u9e6d\u56fd\u9645\u5927\u9152\u5e97", "order_time": ["2019-01-16 18:00:40"], "total_order": 1, "hotel_value": ["4.4"], "hotel_price": ["291"]}, "1583164": {"hotel_name": "\u5982\u5bb6\u5feb\u6377\u9152\u5e97(\u53a6\u95e8\u53a6\u5927\u5357\u666e\u9640\u5bfa\u5e97)", "order_time": ["2019-01-16 18:00:43"], "total_order": 1, "hotel_value": ["4.3"], "hotel_price": ["151"]}, "3293024": {"hotel_name": "\u53a6\u95e8\u8239\u5c4b\u8001\u522b\u5885\u5bb6\u5ead\u65c5\u9986", "order_time": ["2019-01-16 18:00:46"], "total_order": 1, "hotel_value": ["4.7"], "hotel_price": ["170"]}, "6681665": {"hotel_name": "\u53a6\u95e8\u7231\u683c\u5170\u5ea6\u5047\u5e84\u56ed", "order_time": ["2019-01-16 18:00:48"], "total_order": 1, "hotel_value": ["4.8"], "hotel_price": ["153"]}, "1715589": {"hotel_name": "\u4f73\u6a59\u9152\u5e97(\u53a6\u95e8\u83b2\u82b1\u5e97)", "order_time": ["2019-01-16 18:32:46", "2019-01-16 18:00:48"], "total_order": 2, "hotel_value": ["4.4", "4.4"], "hotel_price": ["154", "154"]}, "474564": {"hotel_name": "\u53a6\u95e8\u4e88\u8f69\u9152\u5e97", "order_time": ["2019-01-16 18:00:49", "2019-01-16 18:10:48"], "total_order": 2, "hotel_value": ["4.6", "4.6"], "hotel_price": ["151", "151"]}, "1893345": {"hotel_name": "\u53a6\u95e8\u81f4\u5bb6\u7cbe\u54c1\u9152\u5e97", "order_time": ["2019-01-16 18:00:51"], "total_order": 1, "hotel_value": ["4.3"], "hotel_price": ["95"]}, "2892440": {"hotel_name": "\u53a6\u95e8\u666f\u5f18\u7cbe\u54c1\u9152\u5e97", "order_time": ["2019-01-16 18:00:52"], "total_order": 1, "hotel_value": ["4.2"], "hotel_price": ["194"]}, "447297": {"hotel_name": "\u53a6\u95e8\u660e\u53d1\u56fd\u9645\u5927\u9152\u5e97", "order_time": ["2019-01-16 18:02:38"], "total_order": 1, "hotel_value": ["4.6"], "hotel_price": ["463"]}, "21124605": {"hotel_name": "\u53a6\u95e8\u6d6a\u6f2b\u9a7f\u7ad9\u5ea6\u5047\u516c\u5bd3", "order_time": ["2019-01-16 18:02:50"], "total_order": 1, "hotel_value": ["4.7"], "hotel_price": ["141"]}, "24412604": {"hotel_name": "\u53a6\u95e8\u5357\u5b87\u516c\u5bd3", "order_time": ["2019-01-16 18:02:52"], "total_order": 1, "hotel_value": ["4.7"], "hotel_price": ["154"]}, "1338720": {"hotel_name": "\u53a6\u95e8\u6f2b\u5ead\u8f69\u6d6a\u6f2b\u4e3b\u9898\u5ba2\u6808(\u539f\u51b0\u6cb3\u4e16\u7eaa\u5ba2\u6808)", "order_time": ["2019-01-16 18:02:52"], "total_order": 1, "hotel_value": ["4.8"], "hotel_price": ["121"]}, "1687472": {"hotel_name": "\u53a6\u95e8\u7231\u5c1a\u7cbe\u54c1\u9152\u5e97", "order_time": ["2019-01-16 18:02:52"], "total_order": 1, "hotel_value": ["3.4"], "hotel_price": ["178"]}, "3461706": {"hotel_name": "\u53a6\u95e8\u65b0\u9633\u5149\u516c\u5bd3", "order_time": ["2019-01-16 18:02:52"], "total_order": 1, "hotel_value": ["4.5"], "hotel_price": ["79"]}, "858847": {"hotel_name": "\u53a6\u95e8\u6d1b\u53ef\u53ef\u5ea6\u5047\u522b\u5885(\u539f\u661f\u6995\u5ba2\u6808)", "order_time": ["2019-01-16 18:02:52"], "total_order": 1, "hotel_value": ["4.7"], "hotel_price": ["95"]}, "1871480": {"hotel_name": "\u53a6\u95e8\u91d1\u5546\u8c6a\u5bbe\u9986", "order_time": ["2019-01-16 18:02:52"], "total_order": 1, "hotel_value": ["4.2"], "hotel_price": ["114"]}, "1755351": {"hotel_name": "\u53a6\u95e8\u805a\u8d24\u516c\u5bd3", "order_time": ["2019-01-16 18:02:52"], "total_order": 1, "hotel_value": ["4.4"], "hotel_price": ["82"]}, "1648603": {"hotel_name": "\u6b23\u6b23\u516c\u5bd3(\u53a6\u95e8\u673a\u573a\u5e97)", "order_time": ["2019-01-16 18:02:52"], "total_order": 1, "hotel_value": ["4.4"], "hotel_price": ["104"]}, "730108": {"hotel_name": "\u9f13\u6d6a\u5c7f\u9b54\u5ead\u522b\u82d1\u65c5\u9986(\u539f\u9f13\u6d6a\u5c7f\u9f99\u5c71\u82d1\u5496\u5561\u65c5\u9986)", "order_time": ["2019-01-16 18:02:52", "2019-01-16 18:36:52"], "total_order": 2, "hotel_value": ["4.8", "4.8"], "hotel_price": ["382", "382"]}, "15612784": {"hotel_name": "\u53a6\u95e8\u805a\u946b\u5ba2\u6808", "order_time": ["2019-01-16 18:02:52"], "total_order": 1, "hotel_value": ["4.5"], "hotel_price": ["103"]}, "14123638": {"hotel_name": "\u53a6\u95e8\u540c\u5b89\u540d\u53cb\u5927\u9152\u5e97", "order_time": ["2019-01-16 18:02:52"], "total_order": 1, "hotel_value": ["4.1"], "hotel_price": ["131"]}, "26624853": {"hotel_name": "\u53a6\u95e8\u66fe\u539d\u57b5\u65f6\u5149\u6f2b\u6b47\u6c11\u5bbf", "order_time": ["2019-01-16 18:02:52"], "total_order": 1, "hotel_value": ["4.9"], "hotel_price": ["105"]}, "1522791": {"hotel_name": "\u53a6\u95e8\u968f\u7f18\u5ba2\u6808\uff08\u539f\u5170\u4ead\u5ba2\u6808\uff09", "order_time": ["2019-01-16 18:02:52"], "total_order": 1, "hotel_value": ["4.7"], "hotel_price": ["83"]}, "375290": {"hotel_name": "\u53a6\u95e8\u5149\u5927\u9152\u5e97", "order_time": ["2019-01-16 18:02:53"], "total_order": 1, "hotel_value": ["4.4"], "hotel_price": ["199"]}, "436737": {"hotel_name": "\u53a6\u95e8\u9f13\u6d6a\u5c7f\u60a6\u7cbe\u54c1\u9152\u5e97", "order_time": ["2019-01-16 18:03:00"], "total_order": 1, "hotel_value": ["4.5"], "hotel_price": ["138"]}, "21785723": {"hotel_name": "\u53a6\u95e8\u5e02\u53a6\u5927\u590f\u69bb\u5ea6\u5047\u522b\u5885", "order_time": ["2019-01-16 18:03:13"], "total_order": 1, "hotel_value": ["4.9"], "hotel_price": ["30"]}, "4601806": {"hotel_name": "\u53a6\u95e8\u5927\u5b66\u5929\u73ba\u6d77\u666f\u516c\u5bd3(\u539f\u53a6\u5927\u4e16\u8302\u6d77\u5ce1\u53cc\u5b50\u5854\u6d77\u666f\u9152\u5e97)", "order_time": ["2019-01-16 18:04:37"], "total_order": 1, "hotel_value": ["4.5"], "hotel_price": ["403"]}, "1207050": {"hotel_name": "\u5982\u5bb6\u5feb\u6377\u9152\u5e97(\u53a6\u95e8\u4f1a\u5c55\u4e2d\u5fc3\u83b2\u524d\u897f\u8def\u5e97)", "order_time": ["2019-01-16 18:04:37"], "total_order": 1, "hotel_value": ["4.7"], "hotel_price": ["123"]}, "6554578": {"hotel_name": "\u53a6\u95e8\u76db\u6377\u8f6f\u4ef6\u56ed\u670d\u52a1\u516c\u5bd3", "order_time": ["2019-01-16 18:04:38"], "total_order": 1, "hotel_value": ["4.6"], "hotel_price": ["696"]}, "1047946": {"hotel_name": "\u53a6\u95e8\u91d1\u7396\u9152\u5e97", "order_time": ["2019-01-16 18:04:40"], "total_order": 1, "hotel_value": ["4.5"], "hotel_price": ["261"]}, "1926659": {"hotel_name": "\u53a6\u95e8\u5eb7\u6052\u6021\u666f\u9152\u5e97", "order_time": ["2019-01-16 18:04:41"], "total_order": 1, "hotel_value": ["4.1"], "hotel_price": ["101"]}, "12622395": {"hotel_name": "\u53a6\u95e8\u71d5\u6816\u8bbe\u8ba1\u6c11\u5bbf", "order_time": ["2019-01-16 18:04:45"], "total_order": 1, "hotel_value": ["4.9"], "hotel_price": ["159"]}, "4328226": {"hotel_name": "\u6ee1\u6ee1\u5ba2\u6808(\u53a6\u95e8\u673a\u573a\u5e97)", "order_time": ["2019-01-16 18:04:54"], "total_order": 1, "hotel_value": ["4.6"], "hotel_price": ["96"]}, "438586": {"hotel_name": "\u53a6\u95e8\u5c71\u6c34\u4e3d\u666f\u5927\u9152\u5e97", "order_time": ["2019-01-16 18:06:38"], "total_order": 1, "hotel_value": ["4.4"], "hotel_price": ["380"]}, "700166": {"hotel_name": "\u53a6\u95e8\u534e\u7f8e\u6930\u6797\u9152\u5e97(\u539fCOCO\u6930\u6797\u7cbe\u54c1\u9152\u5e97)", "order_time": ["2019-01-16 18:06:43"], "total_order": 1, "hotel_value": ["4.2"], "hotel_price": ["279"]}, "5312033": {"hotel_name": "\u53a6\u95e8\u6c38\u4e30\u6d77\u6d0b\u5ba2\u6808", "order_time": ["2019-01-16 18:06:43"], "total_order": 1, "hotel_value": ["4.6"], "hotel_price": ["155"]}, "1893981": {"hotel_name": "\u53a6\u95e8\u9510\u00b7\u67cf\u8335\u9152\u5e97", "order_time": ["2019-01-16 18:06:43"], "total_order": 1, "hotel_value": ["4.4"], "hotel_price": ["142"]}, "481144": {"hotel_name": "\u53a6\u95e8\u6069\u7c89\u9152\u5e97(\u539f\u4e30\u6021\u9152\u5e97)", "order_time": ["2019-01-16 18:06:44"], "total_order": 1, "hotel_value": ["4.3"], "hotel_price": ["106"]}, "1389218": {"hotel_name": "\u53a6\u95e8\u5eb7\u96c5\u9152\u5e97", "order_time": ["2019-01-16 18:06:44", "2019-01-16 18:08:52"], "total_order": 2, "hotel_value": ["4.5", "4.5"], "hotel_price": ["127", "127"]}, "440903": {"hotel_name": "\u5b9c\u5fc5\u601d\u9152\u5e97(\u53a6\u95e8\u706b\u8f66\u7ad9\u9152\u5e97)", "order_time": ["2019-01-16 18:06:45"], "total_order": 1, "hotel_value": ["4.3"], "hotel_price": ["227"]}, "1990013": {"hotel_name": "\u53a6\u95e8\u5317\u7ad9\u6e29\u99a8\u96c5\u9601\u5bbe\u9986", "order_time": ["2019-01-16 18:06:45"], "total_order": 1, "hotel_value": ["4.7"], "hotel_price": ["98"]}, "6485447": {"hotel_name": "\u5b9c\u5c1a\u9152\u5e97(\u53a6\u95e8\u673a\u573a\u706b\u70ac\u56ed\u5730\u94c1\u7ad9\u5e97)", "order_time": ["2019-01-16 18:32:41", "2019-01-16 18:12:45", "2019-01-16 18:06:50"], "total_order": 3, "hotel_value": ["4.6", "4.6", "4.6"], "hotel_price": ["373", "373", "373"]}, "4825239": {"hotel_name": "\u53a6\u95e8\u5317\u7ad9\u5317\u7eac\u5ba2\u6808", "order_time": ["2019-01-16 18:07:01"], "total_order": 1, "hotel_value": ["3.8"], "hotel_price": ["76"]}, "23625312": {"hotel_name": "\u53a6\u95e8\u4e91\u820d\u96c5\u5c45\u516c\u5bd3", "order_time": ["2019-01-16 18:08:36"], "total_order": 1, "hotel_value": ["4.7"], "hotel_price": ["121"]}, "436700": {"hotel_name": "\u4ea6\u9014\u9152\u5e97(\u53a6\u95e8\u4f1a\u5c55\u4e2d\u5fc3\u52a0\u5dde\u5546\u4e1a\u5e7f\u573a\u5e97)", "order_time": ["2019-01-16 18:08:39"], "total_order": 1, "hotel_value": ["4.2"], "hotel_price": ["150"]}, "3777473": {"hotel_name": "\u53a6\u95e8\u9e7f\u91cc\u6c11\u5bbf", "order_time": ["2019-01-16 18:08:43"], "total_order": 1, "hotel_value": ["4.9"], "hotel_price": ["106"]}, "1941826": {"hotel_name": "\u9f13\u6d6a\u5c7f\u9f99\u95fb\u5c45\u65c5\u9986", "order_time": ["2019-01-16 18:08:49"], "total_order": 1, "hotel_value": ["4.5"], "hotel_price": ["178"]}, "19853957": {"hotel_name": "\u9038\u6cca\u5b87\u516c\u5bd3(\u53a6\u95e8\u673a\u573a\u5e97)", "order_time": ["2019-01-16 18:10:37"], "total_order": 1, "hotel_value": ["4.7"], "hotel_price": ["125"]}, "436585": {"hotel_name": "\u53a6\u95e8\u65af\u7ef4\u767b\u5ea6\u5047\u516c\u5bd3(\u4e07\u8fbe\u5e7f\u573a)", "order_time": ["2019-01-16 18:10:48"], "total_order": 1, "hotel_value": ["4.0"], "hotel_price": ["153"]}, "2297567": {"hotel_name": "\u65af\u94c2\u745e\u57ce\u5e02\u9152\u5e97(\u53a6\u95e8\u4e2d\u5c71\u516c\u56ed\u5730\u94c1\u7ad9\u5e97)(\u539f\u4e2d\u5c71\u8def\u6b65\u884c\u8857\u5e97)", "order_time": ["2019-01-16 18:12:36"], "total_order": 1, "hotel_value": ["4.7"], "hotel_price": ["98"]}, "5449230": {"hotel_name": "\u53a6\u95e8\u4e00\u683c\u6d77\u666f\u5ea6\u5047\u9a7f\u6808", "order_time": ["2019-01-16 18:18:37", "2019-01-16 18:12:36"], "total_order": 2, "hotel_value": ["4.9", "4.9"], "hotel_price": ["169", "169"]}, "926626": {"hotel_name": "\u53a6\u95e8\u6885\u56ed\u9152\u5e97", "order_time": ["2019-01-16 18:12:39"], "total_order": 1, "hotel_value": ["4.5"], "hotel_price": ["216"]}, "669139": {"hotel_name": "\u53a6\u95e8\u4eac\u50ce\u9890\u8c6a\u9152\u5e97", "order_time": ["2019-01-16 18:18:41", "2019-01-16 18:12:40"], "total_order": 2, "hotel_value": ["4.6", "4.6"], "hotel_price": ["393", "393"]}, "2382169": {"hotel_name": "\u53a6\u95e8\u7687\u90fd\u5546\u52a1\u9152\u5e97", "order_time": ["2019-01-16 18:12:49"], "total_order": 1, "hotel_value": ["3.8"], "hotel_price": ["131"]}, "771600": {"hotel_name": "\u53a6\u95e8\u6676\u88d5\u5546\u52a1\u9152\u5e97", "order_time": ["2019-01-16 18:14:38"], "total_order": 1, "hotel_value": ["4.1"], "hotel_price": ["110"]}, "28709456": {"hotel_name": "\u53a6\u95e8\u76d8\u6263\u76f8\u5c71\u6c11\u5bbf", "order_time": ["2019-01-16 18:14:38"], "total_order": 1, "hotel_value": [0], "hotel_price": ["266"]}, "1317936": {"hotel_name": "\u6d77\u53cb\u826f\u54c1\u9152\u5e97(\u53a6\u95e8\u660e\u53d1\u5e7f\u573a\u5e97)", "order_time": ["2019-01-16 18:14:38"], "total_order": 1, "hotel_value": ["4.2"], "hotel_price": ["119"]}, "3450733": {"hotel_name": "\u53a6\u95e8\u4e94\u7f18\u6e7e\u65f6\u5149\u516c\u5bd3", "order_time": ["2019-01-16 18:14:39"], "total_order": 1, "hotel_value": ["4.8"], "hotel_price": ["193"]}, "440696": {"hotel_name": "\u53a6\u95e8\u9f13\u6d6a\u6e7e\u5927\u9152\u5e97", "order_time": ["2019-01-16 18:14:39"], "total_order": 1, "hotel_value": ["4.5"], "hotel_price": ["486"]}, "1183055": {"hotel_name": "\u53a6\u95e8\u946b\u535a\u96c5\u5927\u9152\u5e97(\u539f\u7687\u5ef7\u9152\u5e97)", "order_time": ["2019-01-16 18:14:39"], "total_order": 1, "hotel_value": ["4.1"], "hotel_price": ["240"]}, "1766513": {"hotel_name": "\u53a6\u95e8\u8363\u51ef\u4f18\u4f73\u6c11\u5bbf", "order_time": ["2019-01-16 18:14:39"], "total_order": 1, "hotel_value": ["4.9"], "hotel_price": ["179"]}, "435137": {"hotel_name": "\u53a6\u95e8\u7ef4\u6d1b\u62c9\u5927\u9152\u5e97", "order_time": ["2019-01-16 18:14:40"], "total_order": 1, "hotel_value": ["4.1"], "hotel_price": ["152"]}, "2214161": {"hotel_name": "\u6d6a\u6f2b\u90fd\u5e02\u8fde\u9501\u9152\u5e97(\u53a6\u95e8SM\u4eca\u53f6\u5e97)", "order_time": ["2019-01-16 18:14:40"], "total_order": 1, "hotel_value": ["4.5"], "hotel_price": ["112"]}, "6511409": {"hotel_name": "\u53a6\u95e8\u76d8\u6263\u00b7\u6f2b\u5ea6House", "order_time": ["2019-01-16 18:14:41"], "total_order": 1, "hotel_value": ["4.8"], "hotel_price": ["247"]}, "4041978": {"hotel_name": "\u901f8\u9152\u5e97\uff08\u53a6\u95e8\u673a\u573a\u6e56\u91cc\u5927\u9053\u5e97\uff09", "order_time": ["2019-01-16 18:14:41"], "total_order": 1, "hotel_value": ["4.3"], "hotel_price": ["177"]}, "436703": {"hotel_name": "\u53a6\u95e8\u674f\u535a\u6e7e(\u5929\u6c90)\u6e29\u6cc9\u5ea6\u5047\u6751", "order_time": ["2019-01-16 18:14:41"], "total_order": 1, "hotel_value": ["4.2"], "hotel_price": ["486"]}, "481752": {"hotel_name": "\u9526\u6c5f\u4e4b\u661f(\u53a6\u95e8\u673a\u573a\u533a\u653f\u5e9c\u5e97)", "order_time": ["2019-01-16 18:14:42"], "total_order": 1, "hotel_value": ["4.2"], "hotel_price": ["159"]}, "795560": {"hotel_name": "\u5fc3\u8fdc\u5c1a\u54c1\u9152\u5e97(\u53a6\u95e8\u96c6\u7f8e\u5b66\u6751\u5e97)", "order_time": ["2019-01-16 18:14:42"], "total_order": 1, "hotel_value": ["4.8"], "hotel_price": ["165"]}, "23806720": {"hotel_name": "\u53a6\u95e8HITEL\u9152\u5e97", "order_time": ["2019-01-16 18:14:42"], "total_order": 1, "hotel_value": ["4.8"], "hotel_price": ["342"]}, "458760": {"hotel_name": "\u827e\u601d\u987f\u9152\u5e97(\u53a6\u95e8\u4e2d\u5c71\u8def\u7f8e\u6e56\u5206\u5e97)", "order_time": ["2019-01-16 18:14:42"], "total_order": 1, "hotel_value": ["4.7"], "hotel_price": ["183"]}, "4041819": {"hotel_name": "\u5bb6\u5bb6\u4e50\u9152\u5e97\uff08\u53a6\u95e8\u4e2d\u5c71\u8def\u6b65\u884c\u8857\u5e97\uff09", "order_time": ["2019-01-16 18:14:42"], "total_order": 1, "hotel_value": ["4.4"], "hotel_price": ["185"]}, "1861818": {"hotel_name": "\u53a6\u95e8\u62fe\u634c\u95f4\u00b7\u89c5\u89c1\u827a\u672f\u7a7a\u95f4\u5ba2\u6808", "order_time": ["2019-01-16 18:14:42"], "total_order": 1, "hotel_value": ["4.8"], "hotel_price": ["193"]}, "932019": {"hotel_name": "\u5982\u5bb6\u5feb\u6377\u9152\u5e97(\u53a6\u95e8\u83b2\u5cb3\u8def\u677e\u67cf\u6587\u5316\u827a\u672f\u4e2d\u5fc3\u5e97)", "order_time": ["2019-01-16 18:14:42"], "total_order": 1, "hotel_value": ["4.3"], "hotel_price": ["111"]}, "2088412": {"hotel_name": "\u9526\u6c5f\u4e4b\u661f(\u53a6\u95e8\u4f1a\u5c55\u4e2d\u5fc3\u73af\u5c9b\u8def\u5e97)", "order_time": ["2019-01-16 18:14:42", "2019-01-16 18:20:48"], "total_order": 2, "hotel_value": ["4.4", "4.4"], "hotel_price": ["239", "239"]}, "1906769": {"hotel_name": "\u53a6\u95e8\u5fc3\u5bbf\u96c5\u7b51\u9152\u5e97\uff08\u539f\u7396\u70b9\u5bbe\u9986\uff09", "order_time": ["2019-01-16 18:14:44"], "total_order": 1, "hotel_value": ["4.3"], "hotel_price": ["123"]}, "8568992": {"hotel_name": "\u53a6\u95e8\u5c7f\u60a6\u65c5\u5bbf", "order_time": ["2019-01-16 18:14:45"], "total_order": 1, "hotel_value": ["4.7"], "hotel_price": ["173"]}, "1498996": {"hotel_name": "\u53a6\u95e8\u6e2f\u6e7e\u4e4b\u661f\u5ba2\u6808", "order_time": ["2019-01-16 18:14:45"], "total_order": 1, "hotel_value": ["4.9"], "hotel_price": ["95"]}, "28134136": {"hotel_name": "\u53a6\u95e8\u8f6c\u89d2\u5c4b\u6c11\u5bbf", "order_time": ["2019-01-16 18:14:45"], "total_order": 1, "hotel_value": ["4.9"], "hotel_price": ["105"]}, "1857599": {"hotel_name": "\u590f\u5546\u00b7\u6021\u5ead\u5feb\u6377\u9152\u5e97(\u53a6\u95e8\u96c6\u7f8e\u674f\u6797\u5e97)", "order_time": ["2019-01-16 18:14:46"], "total_order": 1, "hotel_value": ["4.2"], "hotel_price": ["135"]}, "5218216": {"hotel_name": "\u53a6\u95e8\u539f\u7d20\u5ba2\u6808", "order_time": ["2019-01-16 18:14:52"], "total_order": 1, "hotel_value": ["4.6"], "hotel_price": ["133"]}, "387242": {"hotel_name": "\u53a6\u95e8\u4e1c\u5357\u4e9a\u5927\u9152\u5e97", "order_time": ["2019-01-16 18:16:40"], "total_order": 1, "hotel_value": ["4.5"], "hotel_price": ["312"]}, "6512986": {"hotel_name": "\u53a6\u95e8\u4e4c\u5ae3\u539d\u5ba2\u6808", "order_time": ["2019-01-16 18:16:43"], "total_order": 1, "hotel_value": ["4.9"], "hotel_price": ["153"]}, "1183066": {"hotel_name": "\u53a6\u95e8\u534e\u8212\u9152\u5e97", "order_time": ["2019-01-16 18:16:43"], "total_order": 1, "hotel_value": ["4.3"], "hotel_price": ["283"]}, "8393169": {"hotel_name": "\u53a6\u95e8\u6728\u4e0b\u751f\u6d3b\u5ba2\u6808(\u539f\u4e50\u5bb6\u5496\u5561\u9662\u7cbe\u54c1\u6c11\u5bbf)", "order_time": ["2019-01-16 18:16:48"], "total_order": 1, "hotel_value": ["4.7"], "hotel_price": ["143"]}, "15717523": {"hotel_name": "\u53a6\u95e8\u6155\u749f\u5ea6\u5047\u9152\u5e97", "order_time": ["2019-01-16 18:17:07"], "total_order": 1, "hotel_value": ["3.5"], "hotel_price": ["156"]}, "17329532": {"hotel_name": "\u53a6\u95e8\u91d1\u623f\u5b50\u4e5d\u9a7f\u7ad9", "order_time": ["2019-01-16 18:17:07"], "total_order": 1, "hotel_value": ["4.4"], "hotel_price": ["79"]}, "1857673": {"hotel_name": "\u53a6\u95e8\u5317\u7ad9\u53e4\u5fb7\u5ba2\u6808", "order_time": ["2019-01-16 18:17:07", "2019-01-16 18:33:05"], "total_order": 2, "hotel_value": ["4.5", "4.5"], "hotel_price": ["70", "70"]}, "6117726": {"hotel_name": "\u8d1d\u591a\u62c9\u4e3b\u9898\u9152\u5e97(\u53a6\u95e8\u706b\u8f66\u7ad9\u5e97)", "order_time": ["2019-01-16 18:18:39"], "total_order": 1, "hotel_value": ["4.5"], "hotel_price": ["146"]}, "2303530": {"hotel_name": "\u53a6\u95e8\u4e09\u8054\u5bbe\u9986", "order_time": ["2019-01-16 18:18:46"], "total_order": 1, "hotel_value": ["4.6"], "hotel_price": ["116"]}, "8523234": {"hotel_name": "\u53a6\u95e8\u661f\u6708\u6d32\u9152\u5e97", "order_time": ["2019-01-16 18:18:48"], "total_order": 1, "hotel_value": ["4.5"], "hotel_price": ["182"]}, "19615105": {"hotel_name": "\u53a6\u95e8\u60a0\u60a0\u592a\u7a7a\u8231\u5ba2\u6808(\u539f\u60a0\u7136\u81ea\u5f97\u65c5\u9986)", "order_time": ["2019-01-16 18:18:48"], "total_order": 1, "hotel_value": ["4.7"], "hotel_price": ["50"]}, "1860911": {"hotel_name": "\u53a6\u95e8\u540d\u5178\u7cbe\u54c1\u9152\u5e97(\u540c\u5b89\u5e97)", "order_time": ["2019-01-16 18:18:52"], "total_order": 1, "hotel_value": ["4.5"], "hotel_price": ["153"]}, "16152504": {"hotel_name": "\u53a6\u95e8\u72ec\u7acb\u53d1\u82bd\u7f8e\u5b66\u6c11\u5bbf", "order_time": ["2019-01-16 18:18:55"], "total_order": 1, "hotel_value": [0], "hotel_price": ["398"]}, "795575": {"hotel_name": "\u53a6\u95e8\u6e58\u79b9\u9152\u5e97", "order_time": ["2019-01-16 18:19:00"], "total_order": 1, "hotel_value": ["3.4"], "hotel_price": ["128"]}, "1406225": {"hotel_name": "\u53a6\u95e8\u6211\u5609\u5c14\u7cbe\u54c1\u9152\u5e97", "order_time": ["2019-01-16 18:20:47"], "total_order": 1, "hotel_value": ["4.0"], "hotel_price": ["274"]}, "13820471": {"hotel_name": "\u4f4f\u6b23\u7cbe\u54c1\u9152\u5e97(\u53a6\u95e8\u706b\u8f66\u7ad9\u5e97)(\u539f\u65b0\u4f4f\u6b23\u7cbe\u54c1\u9152\u5e97)", "order_time": ["2019-01-16 18:20:50"], "total_order": 1, "hotel_value": ["4.4"], "hotel_price": ["124"]}, "6037199": {"hotel_name": "\u8046\u611f\u9152\u5e97(\u9f13\u6d6a\u5c7f\u5fb7\u56fd\u9886\u4e8b\u9986\u5e97)", "order_time": ["2019-01-16 18:28:42", "2019-01-16 18:22:39"], "total_order": 2, "hotel_value": ["4.9", "4.9"], "hotel_price": ["3389", "3389"]}, "1314948": {"hotel_name": "\u5168\u5b63\u9152\u5e97(\u53a6\u95e8\u4f1a\u5c55\u4e2d\u5fc3\u83b2\u524d\u4e1c\u8def\u5e97)(\u539f\u4e9a\u4e01\u6e7e\u4e3b\u9898\u9152\u5e97)", "order_time": ["2019-01-16 18:22:40"], "total_order": 1, "hotel_value": ["4.8"], "hotel_price": ["408"]}, "825894": {"hotel_name": "\u53a6\u95e8\u66fe\u539d\u57b5\u5df4\u6e1d\u5c9bAngel\u6c11\u5bbf", "order_time": ["2019-01-16 18:22:44"], "total_order": 1, "hotel_value": ["4.9"], "hotel_price": ["93"]}, "1541979": {"hotel_name": "\u53a6\u95e8\u6708\u5149\u5ca9\u82b1\u56ed\u522b\u5885", "order_time": ["2019-01-16 18:22:44"], "total_order": 1, "hotel_value": ["4.4"], "hotel_price": ["103"]}, "1478830": {"hotel_name": "\u53a6\u95e8\u9f13\u6d6a\u5c7f\u5c0f\u8309\u8389\u65c5\u9986", "order_time": ["2019-01-16 18:22:55"], "total_order": 1, "hotel_value": ["4.7"], "hotel_price": ["152"]}, "911268": {"hotel_name": "\u53a6\u95e8\u7389\u5170\u9999\u516c\u5bd3", "order_time": ["2019-01-16 18:23:15"], "total_order": 1, "hotel_value": ["4.9"], "hotel_price": ["130"]}, "440782": {"hotel_name": "\u53a6\u95e8\u65fa\u8f89\u9152\u5e97", "order_time": ["2019-01-16 18:24:36"], "total_order": 1, "hotel_value": ["4.8"], "hotel_price": ["178"]}, "22804277": {"hotel_name": "\u6854\u5b50\u9152\u5e97\u7cbe\u9009(\u53a6\u95e8\u4f1a\u5c55\u4e2d\u5fc3\u89c2\u97f3\u5c71\u5e97)", "order_time": ["2019-01-16 18:24:37"], "total_order": 1, "hotel_value": ["4.8"], "hotel_price": ["408"]}, "21624149": {"hotel_name": "\u53a6\u95e8\u53a6\u5929\u7f8e\u5bbf\u5ba2\u6808", "order_time": ["2019-01-16 18:24:37"], "total_order": 1, "hotel_value": ["4.9"], "hotel_price": ["105"]}, "3658324": {"hotel_name": "\u9f13\u6d6a\u5c7f\u6d45\u590f\u65c5\u9986", "order_time": ["2019-01-16 18:24:38"], "total_order": 1, "hotel_value": ["4.6"], "hotel_price": ["96"]}, "3181385": {"hotel_name": "7\u5929\u4f18\u54c1\u9152\u5e97(\u53a6\u95e8\u5c06\u519b\u7960\u5730\u94c1\u7ad9\u5e97)", "order_time": ["2019-01-16 18:24:45"], "total_order": 1, "hotel_value": ["4.5"], "hotel_price": ["147"]}, "1742980": {"hotel_name": "\u4f73\u6a59\u5feb\u6377\u9152\u5e97\uff08\u53a6\u95e8\u706b\u8f66\u7ad9\u5e97\uff09", "order_time": ["2019-01-16 18:24:46"], "total_order": 1, "hotel_value": ["4.1"], "hotel_price": ["83"]}, "8568978": {"hotel_name": "\u53a6\u95e8\u5317\u7ad9\u6708\u5149\u5ba2\u6808", "order_time": ["2019-01-16 18:24:47"], "total_order": 1, "hotel_value": ["4.6"], "hotel_price": ["93"]}, "1338674": {"hotel_name": "\u53a6\u95e8\u5bf9\u5cb8\u5ba2\u6808", "order_time": ["2019-01-16 18:24:51"], "total_order": 1, "hotel_value": ["4.8"], "hotel_price": ["114"]}, "21146652": {"hotel_name": "\u53a6\u95e8\u4e45\u7a9d\u5ba2\u6808", "order_time": ["2019-01-16 18:24:55"], "total_order": 1, "hotel_value": ["4.5"], "hotel_price": ["68"]}, "474586": {"hotel_name": "\u5982\u5bb6\u8054\u76df\u00b7\u53a6\u95e8\u6591\u6593\u9152\u5e97(\u539f\u91d1\u5e1d\u9152\u5e97)", "order_time": ["2019-01-16 18:26:39"], "total_order": 1, "hotel_value": ["4.8"], "hotel_price": ["254"]}, "7123043": {"hotel_name": "\u53a6\u95e8\u9e6d\u6c5f\u00b7\u4f72\u5bb6\u9152\u5e97", "order_time": ["2019-01-16 18:26:44"], "total_order": 1, "hotel_value": ["4.7"], "hotel_price": ["1510"]}, "428302": {"hotel_name": "\u53a6\u95e8\u706b\u8f66\u7ad9\u4e9a\u6735\u8f7b\u5c45\u9152\u5e97", "order_time": ["2019-01-16 18:26:45"], "total_order": 1, "hotel_value": ["4.9"], "hotel_price": ["431"]}, "6842546": {"hotel_name": "\u53a6\u95e8\u6d77\u60a6\u6e7e\u5ea6\u5047\u522b\u5885", "order_time": ["2019-01-16 18:27:15"], "total_order": 1, "hotel_value": ["4.9"], "hotel_price": ["369"]}, "12522024": {"hotel_name": "\u53a6\u95e8\u5927\u5b66\u5fc3\u65c5\u6d77\u666f\u9152\u5e97\u5f0f\u516c\u5bd3(\u539f\u4e16\u8302\u53cc\u5b50\u5854\u53a6\u5927\u6d77\u666f\u9152\u5e97)", "order_time": ["2019-01-16 18:28:37"], "total_order": 1, "hotel_value": ["4.7"], "hotel_price": ["394"]}, "782154": {"hotel_name": "\u53a6\u95e8\u9752\u5e74\u9633\u5149\u7cbe\u54c1\u5546\u52a1\u9152\u5e97(\u677e\u67cf\u6c7d\u8f66\u5e97)", "order_time": ["2019-01-16 18:28:40"], "total_order": 1, "hotel_value": ["4.5"], "hotel_price": ["147"]}, "6736731": {"hotel_name": "\u5e0c\u5cb8\u9152\u5e97(\u53a6\u95e8\u706b\u8f66\u7ad9\u5e97)(\u539f\u5357\u65b9\u996d\u5e97)", "order_time": ["2019-01-16 18:28:41"], "total_order": 1, "hotel_value": ["4.9"], "hotel_price": ["240"]}, "439457": {"hotel_name": "\u53a6\u95e8\u6676\u73d1\u5927\u9152\u5e97", "order_time": ["2019-01-16 18:28:41"], "total_order": 1, "hotel_value": ["4.3"], "hotel_price": ["288"]}, "4640529": {"hotel_name": "\u53a6\u95e8\u82b1\u5f00\u8317\u54c1\u5ba2\u6808", "order_time": ["2019-01-16 18:28:42"], "total_order": 1, "hotel_value": ["4.9"], "hotel_price": ["129"]}, "1541918": {"hotel_name": "\u53a6\u95e8\u6d77\u65c5\u6559\u5e08\u9152\u5e97", "order_time": ["2019-01-16 18:28:42", "2019-01-16 18:38:43"], "total_order": 2, "hotel_value": ["4.5", "4.5"], "hotel_price": ["268", "268"]}, "434318": {"hotel_name": "\u53a6\u95e8\u9f13\u6d6a\u5c7f\u9f13\u6d6a\u522b\u5885\u9152\u5e97", "order_time": ["2019-01-16 18:28:42"], "total_order": 1, "hotel_value": ["4.6"], "hotel_price": ["498"]}, "1529369": {"hotel_name": "\u5361\u6885\u8389\u4e9a\u65c5\u9986(\u53a6\u95e8\u4f17\u820d\u5e97(\u539f\u90bb\u6d77\u5c45\u5ba2\u6808)", "order_time": ["2019-01-16 18:28:43"], "total_order": 1, "hotel_value": ["4.9"], "hotel_price": ["186"]}, "5245642": {"hotel_name": "\u53a6\u95e8\u9890\u5bb6\u5bbe\u9986", "order_time": ["2019-01-16 18:28:54"], "total_order": 1, "hotel_value": ["4.1"], "hotel_price": ["93"]}, "1549581": {"hotel_name": "\u53a6\u95e8\u7121\u4e8c\u00b7\u4e16\u5916\u8bbe\u8ba1\u578b\u5ea6\u5047\u522b\u5885", "order_time": ["2019-01-16 18:30:38"], "total_order": 1, "hotel_value": ["4.9"], "hotel_price": ["358"]}, "4691070": {"hotel_name": "\u4e91\u7965\u516c\u5bd3(\u53a6\u95e8\u673a\u573a\u5e97)", "order_time": ["2019-01-16 18:30:43"], "total_order": 1, "hotel_value": ["4.1"], "hotel_price": ["76"]}, "11159573": {"hotel_name": "\u53a6\u95e8\u98de\u5bbf\u8fde\u9501\u4e3d\u820d\u00b7\u6735\u62c9\u5e84\u56ed", "order_time": ["2019-01-16 18:30:43"], "total_order": 1, "hotel_value": ["4.9"], "hotel_price": ["149"]}, "6470572": {"hotel_name": "\u53a6\u95e8\u6709\u95f4\u623f\u5b50\u8bbe\u8ba1\u5e08\u6c11\u5bbf", "order_time": ["2019-01-16 18:30:48"], "total_order": 1, "hotel_value": ["4.6"], "hotel_price": ["203"]}, "845483": {"hotel_name": "\u6cca\u6377\u65f6\u5c1a\u9152\u5e97(\u53a6\u95e8\u6d77\u5929\u5e97)", "order_time": ["2019-01-16 18:30:48"], "total_order": 1, "hotel_value": ["3.9"], "hotel_price": ["146"]}, "5982442": {"hotel_name": "\u53a6\u95e8\u52aa\u52aa\u9752\u5e74\u65c5\u820d", "order_time": ["2019-01-16 18:30:51"], "total_order": 1, "hotel_value": ["4.7"], "hotel_price": ["94"]}, "23928100": {"hotel_name": "\u53a6\u95e8\u91d1\u7f07\u4e3d\u4e1d\u6c11\u5bbf", "order_time": ["2019-01-16 18:30:54"], "total_order": 1, "hotel_value": ["4.5"], "hotel_price": ["210"]}, "15056038": {"hotel_name": "\u53a6\u95e8\u65fa\u65fa\u5ba2\u6808", "order_time": ["2019-01-16 18:30:59"], "total_order": 1, "hotel_value": [0], "hotel_price": ["61"]}, "736171": {"hotel_name": "\u53a6\u95e8L7\u7cbe\u54c1\u9152\u5e97", "order_time": ["2019-01-16 18:32:41"], "total_order": 1, "hotel_value": ["4.3"], "hotel_price": ["112"]}, "4542456": {"hotel_name": "\u53a6\u95e8\u5409\u946b\u516c\u5bd3", "order_time": ["2019-01-16 18:32:57"], "total_order": 1, "hotel_value": ["4.3"], "hotel_price": ["76"]}, "26621557": {"hotel_name": "\u53a6\u5927\u7f8e\u4eba\u9c7c\u6c11\u5bbf", "order_time": ["2019-01-16 18:32:58"], "total_order": 1, "hotel_value": [0], "hotel_price": ["99"]}, "13946670": {"hotel_name": "\u53a6\u95e8\u6e56\u91cc\u533a\u4e30\u4e50\u56ed\u516c\u5bd3", "order_time": ["2019-01-16 18:32:59"], "total_order": 1, "hotel_value": ["4.1"], "hotel_price": ["83"]}, "734162": {"hotel_name": "\u53a6\u95e8\u5929\u5143\u541b\u9686\u5927\u9152\u5e97", "order_time": ["2019-01-16 18:34:35"], "total_order": 1, "hotel_value": ["4.4"], "hotel_price": ["298"]}, "1485274": {"hotel_name": "\u53a6\u95e8\u590f\u82b1\u5982\u96ea\u6c11\u5bbf(\u539f\u9ec4\u539d\u6d77\u666f\u65c5\u793e)", "order_time": ["2019-01-16 18:36:47", "2019-01-16 18:34:37"], "total_order": 2, "hotel_value": ["4.9", "4.9"], "hotel_price": ["100", "105"]}, "2040417": {"hotel_name": "7\u5929\u4f18\u54c1\u9152\u5e97(\u53a6\u95e8\u673a\u573a\u6bbf\u524d\u5730\u94c1\u7ad9\u5e97)", "order_time": ["2019-01-16 18:34:40"], "total_order": 1, "hotel_value": ["4.7"], "hotel_price": ["171"]}, "11648449": {"hotel_name": "\u53a6\u95e8\u7d20\u516e.\u6d77\u8fb9\u5ea6\u5047\u5ba2\u6808(\u539f\u897f\u95e8\u753a\u7cbe\u54c1\u6c11\u5bbf)", "order_time": ["2019-01-16 18:34:44"], "total_order": 1, "hotel_value": [0], "hotel_price": ["58"]}, "22815891": {"hotel_name": "\u9177\u9e6d\u9177\u5feb\u6377\u9152\u5e97(\u53a6\u95e8\u4e4c\u6d82\u5546\u4e1a\u8857\u5e97)", "order_time": ["2019-01-16 18:34:58"], "total_order": 1, "hotel_value": ["4.4"], "hotel_price": ["109"]}, "3201487": {"hotel_name": "\u9f13\u6d6a\u5c7f\u79c1\u5c7f\u5496\u5561\u65c5\u9986", "order_time": ["2019-01-16 18:36:55"], "total_order": 1, "hotel_value": ["4.4"], "hotel_price": ["124"]}, "1669784": {"hotel_name": "\u541b\u8fbe\u516c\u5bd3(\u53a6\u95e8\u9ad8\u5d0e\u673a\u573a\u5e97)", "order_time": ["2019-01-16 18:36:58"], "total_order": 1, "hotel_value": ["4.4"], "hotel_price": ["109"]}, "5724702": {"hotel_name": "\u51e4\u51f0\u5c45\u9152\u5e97(\u9f13\u6d6a\u5c7f\u65e5\u5149\u5ca9\u5e97)", "order_time": ["2019-01-16 18:37:15"], "total_order": 1, "hotel_value": ["4.9"], "hotel_price": ["327"]}, "6746006": {"hotel_name": "\u53a6\u95e8\u66fe\u539d\u57b5\u8fe6\u9005\u96c5\u5c45", "order_time": ["2019-01-16 18:38:38"], "total_order": 1, "hotel_value": ["4.8"], "hotel_price": ["139"]}, "4494388": {"hotel_name": "\u9f13\u6d6a\u5c7f\u989c\u5915\u65c5\u9986(\u539f\u7d2b\u6728\u9999\u5c45\u5ba2\u6808)", "order_time": ["2019-01-16 18:38:41"], "total_order": 1, "hotel_value": ["4.7"], "hotel_price": ["887"]}, "3178165": {"hotel_name": "\u53a6\u95e8\u68a6\u5e7b\u6d77\u6e7e\u9152\u5e97", "order_time": ["2019-01-16 18:38:43"], "total_order": 1, "hotel_value": ["4.6"], "hotel_price": ["285"]}, "29401348": {"hotel_name": "\u9f13\u6d6a\u5c7f\u9014\u7a9d\u5047\u65e5\u5e84\u56ed", "order_time": ["2019-01-16 18:38:43"], "total_order": 1, "hotel_value": [0], "hotel_price": ["168"]}, "2042480": {"hotel_name": "7\u5929\u8fde\u9501\u9152\u5e97(\u53a6\u95e8\u9f13\u6d6a\u5c7f\u7801\u5934\u5e97)", "order_time": ["2019-01-16 18:38:43"], "total_order": 1, "hotel_value": ["3.9"], "hotel_price": ["160"]}, "2304549": {"hotel_name": "99\u65c5\u9986\u8fde\u9501(\u53a6\u95e8SM\u4e4c\u77f3\u6d66\u5730\u94c1\u7ad9\u5e97)", "order_time": ["2019-01-16 18:38:47"], "total_order": 1, "hotel_value": ["4.1"], "hotel_price": ["142"]}, "1916465": {"hotel_name": "\u53a6\u95e8\u68a6\u5ead\u5feb\u6377\u9152\u5e97", "order_time": ["2019-01-16 18:38:48"], "total_order": 1, "hotel_value": ["4.4"], "hotel_price": ["89"]}, "1212911": {"hotel_name": "\u53a6\u95e8\u5317\u7ad9\u7ad9\u53f0\u5c0f\u9662(\u539f\u5317\u7ad9101\u9a7f\u7ad9)", "order_time": ["2019-01-16 18:38:54"], "total_order": 1, "hotel_value": ["4.8"], "hotel_price": ["68"]}, "1682829": {"hotel_name": "\u53a6\u95e8\u53a6\u5927\u6b27\u6d77\u9601\u5ea6\u5047\u5c4b", "order_time": ["2019-01-16 18:39:00"], "total_order": 1, "hotel_value": ["5.0"], "hotel_price": ["124"]}}}