{"\u5f00\u59cb\u8bb0\u5f55\u65f6\u95f4": "2019-01-13 14:44:04", "\u7ed3\u675f\u8bb0\u5f55\u65f6\u95f4": "2019-01-13 15:44:04", "\u8ba2\u5355\u603b\u589e\u91cf": 294, "item": {"11089626": {"hotel_name": "\u53a6\u95e8\u5c14\u7fd4\u9152\u5e97", "order_time": ["2019-01-13 14:46:23"], "total_order": 1, "hotel_value": ["4.5"], "hotel_price": ["352"]}, "6662105": {"hotel_name": "\u53a6\u95e8\u6816\u5c45\u5ba2\u6808", "order_time": ["2019-01-13 14:46:26", "2019-01-13 15:10:20"], "total_order": 2, "hotel_value": ["5.0", "5.0"], "hotel_price": ["98", "98"]}, "22421704": {"hotel_name": "\u5168\u5b63\u9152\u5e97(\u53a6\u95e8\u4e2d\u5c71\u8def\u6b65\u884c\u8857\u601d\u660e\u5357\u8def\u5e97)", "order_time": ["2019-01-13 14:46:27"], "total_order": 1, "hotel_value": ["4.8"], "hotel_price": ["408"]}, "434812": {"hotel_name": "\u53a6\u95e8\u65e5\u6708\u8c37\u6e29\u6cc9\u6e21\u5047\u6751", "order_time": ["2019-01-13 14:46:27", "2019-01-13 14:54:24"], "total_order": 2, "hotel_value": ["4.7", "4.7"], "hotel_price": ["858", "858"]}, "795560": {"hotel_name": "\u5fc3\u8fdc\u5c1a\u54c1\u9152\u5e97(\u53a6\u95e8\u96c6\u7f8e\u5b66\u6751\u5e97)", "order_time": ["2019-01-13 14:46:27"], "total_order": 1, "hotel_value": ["4.8"], "hotel_price": ["182"]}, "346248": {"hotel_name": "\u53a6\u95e8\u6cf0\u8c37\u9152\u5e97", "order_time": ["2019-01-13 14:46:29"], "total_order": 1, "hotel_value": ["4.7"], "hotel_price": ["398"]}, "6023163": {"hotel_name": "\u53a6\u95e8\u5c1a\u5fb7\u8363\u9152\u5e97", "order_time": ["2019-01-13 14:46:29"], "total_order": 1, "hotel_value": ["4.5"], "hotel_price": ["151"]}, "385412": {"hotel_name": "\u53a6\u95e8\u5317\u6d77\u6e7e\u60e0\u9f99\u4e07\u8fbe\u5609\u534e\u9152\u5e97", "order_time": ["2019-01-13 14:46:32"], "total_order": 1, "hotel_value": ["4.8"], "hotel_price": ["742"]}, "12877648": {"hotel_name": "\u53a6\u95e8\u66fe\u539d\u57b5\u9690\u5c45\u8f7b\u5962\u6c11\u5bbf", "order_time": ["2019-01-13 14:46:34", "2019-01-13 14:48:35"], "total_order": 2, "hotel_value": ["4.6", "4.6"], "hotel_price": ["164", "164"]}, "17086184": {"hotel_name": "\u53a6\u95e8\u7fd4\u90fd\u4e50\u5546\u52a1\u9152\u5e97", "order_time": ["2019-01-13 14:46:34"], "total_order": 1, "hotel_value": ["4.6"], "hotel_price": ["140"]}, "12091233": {"hotel_name": "\u53a6\u95e8\u6816\u9690\u5ea6\u5047\u6c11\u5bbf", "order_time": ["2019-01-13 14:46:36"], "total_order": 1, "hotel_value": ["5.0"], "hotel_price": ["183"]}, "1886704": {"hotel_name": "\u53a6\u95e8\u5982\u610f\u96c5\u5c45\u9152\u5e97\u516c\u5bd3", "order_time": ["2019-01-13 14:46:51"], "total_order": 1, "hotel_value": [0], "hotel_price": ["100"]}, "1766513": {"hotel_name": "\u53a6\u95e8\u8363\u51ef\u4f18\u4f73\u6c11\u5bbf", "order_time": ["2019-01-13 15:38:22", "2019-01-13 15:10:24", "2019-01-13 14:48:22"], "total_order": 3, "hotel_value": ["4.9", "4.9", "4.9"], "hotel_price": ["179", "179", "179"]}, "2187819": {"hotel_name": "\u53a6\u95e8\u9f13\u6d6a\u5c7f\u7f18\u4e2d\u56ed\u4f11\u95f2\u5ea6\u5047\u522b\u5885", "order_time": ["2019-01-13 14:48:24"], "total_order": 1, "hotel_value": ["4.6"], "hotel_price": ["255"]}, "8615916": {"hotel_name": "\u53a6\u95e8\u84dd\u8272\u6d77\u5cb8\u9152\u5e97", "order_time": ["2019-01-13 14:48:25", "2019-01-13 14:58:25", "2019-01-13 15:06:22"], "total_order": 3, "hotel_value": ["4.6", "4.6", "4.6"], "hotel_price": ["164", "164", "164"]}, "2176031": {"hotel_name": "\u9f13\u6d6a\u5c7f\u6c90\u5fc3\u5c45\u65c5\u9986", "order_time": ["2019-01-13 14:48:27"], "total_order": 1, "hotel_value": ["4.9"], "hotel_price": ["164"]}, "2088412": {"hotel_name": "\u9526\u6c5f\u4e4b\u661f(\u53a6\u95e8\u4f1a\u5c55\u4e2d\u5fc3\u73af\u5c9b\u8def\u5e97)", "order_time": ["2019-01-13 14:48:30"], "total_order": 1, "hotel_value": ["4.4"], "hotel_price": ["244"]}, "1876398": {"hotel_name": "\u53a6\u95e8\u9e6d\u5c9b\u00b7\u4e91\u6816\u6c11\u5bbf", "order_time": ["2019-01-13 14:48:31"], "total_order": 1, "hotel_value": ["5.0"], "hotel_price": ["165"]}, "1405385": {"hotel_name": "\u6c49\u5ead\u9152\u5e97(\u53a6\u95e8\u96c6\u7f8e\u5927\u5b66\u5317\u5e97)", "order_time": ["2019-01-13 14:48:31"], "total_order": 1, "hotel_value": ["4.4"], "hotel_price": ["161"]}, "441571": {"hotel_name": "\u53a6\u95e8\u60a6\u5ead\u9152\u5e97", "order_time": ["2019-01-13 14:48:32"], "total_order": 1, "hotel_value": ["4.1"], "hotel_price": ["168"]}, "878866": {"hotel_name": "\u53a6\u95e8\u94f6\u6d32\u65c5\u9986", "order_time": ["2019-01-13 14:48:33"], "total_order": 1, "hotel_value": ["4.5"], "hotel_price": ["121"]}, "1715589": {"hotel_name": "\u4f73\u6a59\u9152\u5e97(\u53a6\u95e8\u83b2\u82b1\u5e97)", "order_time": ["2019-01-13 14:48:34"], "total_order": 1, "hotel_value": ["4.4"], "hotel_price": ["134"]}, "8363593": {"hotel_name": "\u82b1\u7f8e\u65f6\u7f8e\u666f\u9152\u5e97\uff08\u53a6\u95e8\u89c2\u97f3\u5c71\u5e97\uff09", "order_time": ["2019-01-13 14:48:34", "2019-01-13 15:42:25"], "total_order": 2, "hotel_value": ["4.7", "4.7"], "hotel_price": ["199", "199"]}, "2304549": {"hotel_name": "99\u65c5\u9986\u8fde\u9501(\u53a6\u95e8SM\u4e4c\u77f3\u6d66\u5730\u94c1\u7ad9\u5e97)", "order_time": ["2019-01-13 14:48:35"], "total_order": 1, "hotel_value": ["4.1"], "hotel_price": ["114"]}, "11683122": {"hotel_name": "\u53a6\u95e8\u4e50\u5c7f\u4f11\u95f2\u5ba2\u6808(\u539f\u6d77\u9047\u82b1\u56ed\u522b\u5885)", "order_time": ["2019-01-13 14:48:35"], "total_order": 1, "hotel_value": ["4.8"], "hotel_price": ["84"]}, "479044": {"hotel_name": "\u53a6\u95e8\u78a7\u5bab\u9152\u5e97", "order_time": ["2019-01-13 14:50:23", "2019-01-13 15:32:22", "2019-01-13 15:22:27"], "total_order": 3, "hotel_value": ["4.2", "4.2", "4.2"], "hotel_price": ["202", "202", "202"]}, "2300982": {"hotel_name": "7\u5929\u8fde\u9501\u9152\u5e97(\u53a6\u95e8\u706b\u8f66\u7ad9\u6e56\u6ee8\u5357\u8def\u4e2d\u5c71\u533b\u9662\u5e97)", "order_time": ["2019-01-13 14:50:26"], "total_order": 1, "hotel_value": ["4.4"], "hotel_price": ["149"]}, "514344": {"hotel_name": "\u53a6\u95e8\u94c2\u5c14\u6e7e\u9152\u5e97", "order_time": ["2019-01-13 14:50:27"], "total_order": 1, "hotel_value": ["4.1"], "hotel_price": ["98"]}, "425692": {"hotel_name": "\u53a6\u95e8\u6d77\u60a6\u5c71\u5e84\u9152\u5e97", "order_time": ["2019-01-13 14:50:28", "2019-01-13 14:56:34"], "total_order": 2, "hotel_value": ["4.8", "4.8"], "hotel_price": ["813", "813"]}, "10556585": {"hotel_name": "\u53a6\u95e8\u4e91\u4e5f\u9152\u5e97", "order_time": ["2019-01-13 14:50:29"], "total_order": 1, "hotel_value": ["4.8"], "hotel_price": ["454"]}, "5979739": {"hotel_name": "\u53a6\u95e8\u4e2d\u5c71\u6545\u4e8b\u65c5\u820d", "order_time": ["2019-01-13 14:50:31", "2019-01-13 15:02:31"], "total_order": 2, "hotel_value": ["4.8", "4.8"], "hotel_price": ["133", "133"]}, "469850": {"hotel_name": "\u7ef4\u4e5f\u7eb3\u9152\u5e97(\u53a6\u95e8\u706b\u8f66\u7ad9\u5e97)(\u539f\u51ef\u65af\u9152\u5e97)", "order_time": ["2019-01-13 14:50:33"], "total_order": 1, "hotel_value": ["4.7"], "hotel_price": ["263"]}, "447260": {"hotel_name": "\u590f\u5546\u00b7\u6021\u5ead\u5feb\u6377\u9152\u5e97(\u53a6\u95e8\u4e1c\u6e21\u90ae\u8f6e\u4e2d\u5fc3\u53a6\u9f13\u7801\u5934\u5e97)", "order_time": ["2019-01-13 14:50:33"], "total_order": 1, "hotel_value": ["4.1"], "hotel_price": ["136"]}, "1478157": {"hotel_name": "\u53a6\u95e8\u9f13\u6d6a\u5c7f\u8ff7\u5c7f\u65c5\u9986", "order_time": ["2019-01-13 14:50:34"], "total_order": 1, "hotel_value": ["4.7"], "hotel_price": ["128"]}, "1637232": {"hotel_name": "\u53a6\u95e8\u4e8c\u638c\u67dc\u5ba2\u6808", "order_time": ["2019-01-13 14:50:36"], "total_order": 1, "hotel_value": ["4.3"], "hotel_price": ["113"]}, "453281": {"hotel_name": "\u53a6\u95e8\u71d5\u5b50\u575e\u5ba2\u6808", "order_time": ["2019-01-13 14:50:38"], "total_order": 1, "hotel_value": ["4.7"], "hotel_price": ["145"]}, "1881773": {"hotel_name": "\u53a6\u95e8\u534a\u5c9b\u4e4b\u590f\u4e3b\u9898\u5ea6\u5047\u5c4b", "order_time": ["2019-01-13 14:50:40"], "total_order": 1, "hotel_value": ["4.7"], "hotel_price": ["68"]}, "6341267": {"hotel_name": "\u53a6\u95e8\u9ea6\u53cc\u6d01\u9152\u5e97", "order_time": ["2019-01-13 14:50:44"], "total_order": 1, "hotel_value": ["4.5"], "hotel_price": ["168"]}, "5978847": {"hotel_name": "\u6e2f\u6e7e\u6d77\u666f\u522b\u82d1(\u53a6\u95e8\u53a6\u5927\u5e97)", "order_time": ["2019-01-13 14:50:44", "2019-01-13 15:28:44"], "total_order": 2, "hotel_value": ["4.9", "4.9"], "hotel_price": ["79", "79"]}, "436737": {"hotel_name": "\u53a6\u95e8\u9f13\u6d6a\u5c7f\u60a6\u7cbe\u54c1\u9152\u5e97", "order_time": ["2019-01-13 14:50:49"], "total_order": 1, "hotel_value": ["4.5"], "hotel_price": ["126"]}, "858999": {"hotel_name": "\u53a6\u95e8\u7965\u4e91\u4f70\u4f73\u5ba2\u6808(\u539fPaPa\uff07s\u4e3b\u9898\u5ba2\u6808)", "order_time": ["2019-01-13 14:52:23"], "total_order": 1, "hotel_value": ["4.7"], "hotel_price": ["255"]}, "23623292": {"hotel_name": "\u53a6\u95e8\u4e09\u4e2a\u53a6\u5927\u4eba\u4e0e\u521d\u6c11\u5bbf", "order_time": ["2019-01-13 14:52:24", "2019-01-13 15:00:21"], "total_order": 2, "hotel_value": ["4.8", "4.8"], "hotel_price": ["185", "185"]}, "428654": {"hotel_name": "\u53a6\u95e8\u541b\u6cf0\u9152\u5e97", "order_time": ["2019-01-13 14:52:24"], "total_order": 1, "hotel_value": ["4.5"], "hotel_price": ["499"]}, "1245093": {"hotel_name": "\u53a6\u95e8\u8463\u5c0f\u59d0\u6f6e\u6c50\u522b\u5885", "order_time": ["2019-01-13 14:52:25", "2019-01-13 15:14:23"], "total_order": 2, "hotel_value": ["4.8", "4.8"], "hotel_price": ["79", "79"]}, "5806184": {"hotel_name": "\u9177\u6d3e\u9152\u5e97(\u53a6\u95e8\u706b\u8f66\u7ad9\u68a7\u6751\u6c7d\u8f66\u7ad9\u5e97)", "order_time": ["2019-01-13 14:52:25", "2019-01-13 14:58:21"], "total_order": 2, "hotel_value": ["4.3", "4.3"], "hotel_price": ["103", "103"]}, "6512986": {"hotel_name": "\u53a6\u95e8\u4e4c\u5ae3\u539d\u5ba2\u6808", "order_time": ["2019-01-13 14:52:27", "2019-01-13 15:28:28"], "total_order": 2, "hotel_value": ["4.8", "4.8"], "hotel_price": ["108", "108"]}, "458319": {"hotel_name": "\u9752\u5e74\u9633\u5149\u9152\u5e97(\u53a6\u95e8\u706b\u8f66\u7ad9\u6587\u7076\u5e97)", "order_time": ["2019-01-13 14:52:28"], "total_order": 1, "hotel_value": ["4.5"], "hotel_price": ["134"]}, "5073003": {"hotel_name": "\u53a6\u95e8\u4e07\u8fbe\u60a6\u57ce\u9152\u5e97\u516c\u5bd3", "order_time": ["2019-01-13 14:52:28"], "total_order": 1, "hotel_value": ["4.5"], "hotel_price": ["157"]}, "448912": {"hotel_name": "\u5982\u5bb6\u5feb\u6377\u9152\u5e97(\u53a6\u95e8\u706b\u8f66\u7ad9\u6e56\u6ee8\u4e1c\u8def\u9e3f\u8fd0\u5927\u53a6\u5e97)", "order_time": ["2019-01-13 14:52:28", "2019-01-13 15:02:29"], "total_order": 2, "hotel_value": ["4.3", "4.3"], "hotel_price": ["138", "138"]}, "15878927": {"hotel_name": "\u53a6\u95e8\u5929\u5408\u4eba\u5bb6\u516c\u5bd3", "order_time": ["2019-01-13 14:52:29"], "total_order": 1, "hotel_value": ["4.8"], "hotel_price": ["130"]}, "6052144": {"hotel_name": "\u53a6\u95e8\u66fe\u73e0\u6e2f\u57ce\u5821\u5e84\u56ed", "order_time": ["2019-01-13 14:52:30"], "total_order": 1, "hotel_value": ["4.8"], "hotel_price": ["94"]}, "448649": {"hotel_name": "\u53a6\u95e8\u4e9a\u6d32\u6d77\u6e7e\u5927\u9152\u5e97", "order_time": ["2019-01-13 14:52:30"], "total_order": 1, "hotel_value": ["4.4"], "hotel_price": ["285"]}, "447146": {"hotel_name": "\u5982\u5bb6\u5546\u65c5\u9152\u5e97(\u53a6\u95e8\u6e56\u6ee8\u5357\u8def\u767d\u9e6d\u6d32\u516c\u56ed\u5e97)", "order_time": ["2019-01-13 14:52:31"], "total_order": 1, "hotel_value": ["4.8"], "hotel_price": ["265"]}, "12780885": {"hotel_name": "\u53a6\u95e8\u7121\u4e8c\u00b7\u90a3\u6240\u9152\u5e97", "order_time": ["2019-01-13 14:52:31", "2019-01-13 15:02:23"], "total_order": 2, "hotel_value": ["4.9", "4.9"], "hotel_price": ["350", "350"]}, "2869634": {"hotel_name": "\u53a6\u95e8\u53a6\u5927\u661f\u6d77\u9601\u7cbe\u54c1\u5ba2\u6808(\u539f\u6d77\u97f5\u9601\u5ea6\u5047\u5c4b)", "order_time": ["2019-01-13 14:52:31"], "total_order": 1, "hotel_value": ["4.8"], "hotel_price": ["94"]}, "4435448": {"hotel_name": "\u53a6\u95e8\u9752\u5c7f\u6c11\u5bbf", "order_time": ["2019-01-13 14:52:34"], "total_order": 1, "hotel_value": ["4.9"], "hotel_price": ["124"]}, "11648449": {"hotel_name": "\u53a6\u95e8\u7d20\u516e.\u6d77\u8fb9\u5ea6\u5047\u5ba2\u6808(\u539f\u897f\u95e8\u753a\u7cbe\u54c1\u6c11\u5bbf)", "order_time": ["2019-01-13 14:52:36"], "total_order": 1, "hotel_value": [0], "hotel_price": ["69"]}, "439405": {"hotel_name": "\u9f13\u6d6a\u5c7f\u4e91\u9645\u5ba2\u6808", "order_time": ["2019-01-13 14:52:42"], "total_order": 1, "hotel_value": ["5.0"], "hotel_price": ["360"]}, "1498669": {"hotel_name": "\u53a6\u95e8\u5317\u7ad9\u548c\u798f\u5ba2\u6808", "order_time": ["2019-01-13 14:52:43", "2019-01-13 15:04:42"], "total_order": 2, "hotel_value": ["4.9", "4.9"], "hotel_price": ["78", "78"]}, "6273849": {"hotel_name": "\u53a6\u95e8\u5929\u9716\u5ea6\u5047\u5c71\u5e84", "order_time": ["2019-01-13 14:53:10"], "total_order": 1, "hotel_value": ["4.7"], "hotel_price": ["879"]}, "470600": {"hotel_name": "\u53a6\u95e8\u9f13\u6d6a\u5c7f\u56fd\u738b\u76d2\u5b50\u5ea6\u5047\u5c4b", "order_time": ["2019-01-13 15:06:23", "2019-01-13 14:54:22"], "total_order": 2, "hotel_value": ["4.6", "4.6"], "hotel_price": ["107", "107"]}, "848496": {"hotel_name": "\u53a6\u95e8\u542c\u6d77\u5c0f\u7b51\u5ba2\u6808", "order_time": ["2019-01-13 14:54:22"], "total_order": 1, "hotel_value": ["4.9"], "hotel_price": ["69"]}, "2297831": {"hotel_name": "\u5168\u5b63\u9152\u5e97(\u53a6\u95e8\u4e2d\u5c71\u8def\u6b65\u884c\u8857\u5e97)", "order_time": ["2019-01-13 14:54:23", "2019-01-13 15:20:26"], "total_order": 2, "hotel_value": ["4.8", "4.8"], "hotel_price": ["313", "313"]}, "23625312": {"hotel_name": "\u53a6\u95e8\u4e91\u820d\u96c5\u5c45\u516c\u5bd3", "order_time": ["2019-01-13 14:54:24"], "total_order": 1, "hotel_value": ["4.7"], "hotel_price": ["129"]}, "6599741": {"hotel_name": "\u6854\u5b50\u9152\u5e97\u00b7\u7cbe\u9009(\u53a6\u95e8\u4e2d\u5c71\u8def\u8f6e\u6e21\u7801\u5934\u5e97)(\u539f\u4e2d\u5c71\u8def\u6b65\u884c\u8857\u5e97)", "order_time": ["2019-01-13 14:54:25"], "total_order": 1, "hotel_value": ["4.8"], "hotel_price": ["322"]}, "483477": {"hotel_name": "\u7f57\u671b\u00b7\u53a6\u95e8\u9f13\u6d6a\u5c7f\u5317\u5c7f\u9152\u5e97", "order_time": ["2019-01-13 14:54:26", "2019-01-13 15:26:21"], "total_order": 2, "hotel_value": ["4.6", "4.6"], "hotel_price": ["402", "402"]}, "12624286": {"hotel_name": "\u9a7f\u8d77\u9152\u5e97\uff08\u53a6\u95e8\u5317\u7ad9\u5e97\uff09", "order_time": ["2019-01-13 14:54:26", "2019-01-13 15:26:21"], "total_order": 2, "hotel_value": ["4.6", "4.6"], "hotel_price": ["154", "154"]}, "4122689": {"hotel_name": "\u53a6\u95e8\u8fb9\u9645\u9152\u5e97", "order_time": ["2019-01-13 14:54:26"], "total_order": 1, "hotel_value": ["4.6"], "hotel_price": ["222"]}, "12250282": {"hotel_name": "\u53a6\u95e8\u6e29\u5c3c\u65af\u00b7\u542c\u5fc3\u9662\u5c71\u5c45\u5ea6\u5047\u522b\u5885", "order_time": ["2019-01-13 14:54:26"], "total_order": 1, "hotel_value": ["4.9"], "hotel_price": ["489"]}, "800402": {"hotel_name": "\u53a6\u95e8\u8363\u6e90\u4e3b\u9898\u9152\u5e97", "order_time": ["2019-01-13 14:54:26"], "total_order": 1, "hotel_value": ["4.9"], "hotel_price": ["144"]}, "8568987": {"hotel_name": "\u5e0c\u5cb8\u00b7\u8f7b\u96c5\u9152\u5e97(\u9f13\u6d6a\u5c7f\u5d69\u5c7f\u7801\u5934\u5e97)", "order_time": ["2019-01-13 14:54:26"], "total_order": 1, "hotel_value": ["4.8"], "hotel_price": ["192"]}, "457043": {"hotel_name": "\u9752\u5e74\u9633\u5149\u9152\u5e97(\u53a6\u95e8\u4e2d\u5c71\u8def\u5e97)(\u539f\u540e\u6ee8\u4e2a\u6027\u5e97)", "order_time": ["2019-01-13 14:54:27"], "total_order": 1, "hotel_value": ["4.7"], "hotel_price": ["137"]}, "22762359": {"hotel_name": "\u53a6\u95e8\u9e6d\u5bbf\u516c\u5bd3", "order_time": ["2019-01-13 14:54:28"], "total_order": 1, "hotel_value": ["4.7"], "hotel_price": ["104"]}, "1314936": {"hotel_name": "\u83ab\u6cf0268(\u53a6\u95e8\u706b\u8f66\u7ad9\u5e97)", "order_time": ["2019-01-13 14:54:28"], "total_order": 1, "hotel_value": ["4.3"], "hotel_price": ["170"]}, "2290014": {"hotel_name": "\u53a6\u95e8\u541b\u6021\u9152\u5e97", "order_time": ["2019-01-13 15:30:26", "2019-01-13 14:54:29"], "total_order": 2, "hotel_value": ["4.7", "4.7"], "hotel_price": ["256", "256"]}, "1741647": {"hotel_name": "\u53a6\u95e8\u6f2b\u6e21\u6734\u820d\u8bbe\u8ba1\u578b\u6c11\u5bbf", "order_time": ["2019-01-13 14:54:31", "2019-01-13 15:08:30"], "total_order": 2, "hotel_value": ["5.0", "5.0"], "hotel_price": ["212", "252"]}, "436735": {"hotel_name": "\u753b\u5eca\u65c5\u9986(\u9f13\u6d6a\u5c7f\u83ab\u5948\u82b1\u56ed\u5e97)(\u539f\u6bd3\u56ed\u9986)", "order_time": ["2019-01-13 14:54:33", "2019-01-13 15:10:50", "2019-01-13 15:12:33"], "total_order": 3, "hotel_value": ["4.9", "4.9", "4.9"], "hotel_price": ["419", "419", "419"]}, "13434824": {"hotel_name": "\u53a6\u95e8\u5bb6\u516c\u5bd3", "order_time": ["2019-01-13 14:54:34"], "total_order": 1, "hotel_value": ["4.7"], "hotel_price": ["65"]}, "1478830": {"hotel_name": "\u53a6\u95e8\u9f13\u6d6a\u5c7f\u5c0f\u8309\u8389\u65c5\u9986", "order_time": ["2019-01-13 14:54:35", "2019-01-13 15:34:25"], "total_order": 2, "hotel_value": ["4.7", "4.7"], "hotel_price": ["175", "175"]}, "15042696": {"hotel_name": "\u53a6\u95e8\u9f13\u6d6a\u5c7f\u5306\u5306\u90a3\u5e74\u7cbe\u54c1\u5ba2\u6808", "order_time": ["2019-01-13 14:55:05"], "total_order": 1, "hotel_value": ["3.8"], "hotel_price": ["128"]}, "6037199": {"hotel_name": "\u8046\u611f\u9152\u5e97(\u9f13\u6d6a\u5c7f\u5fb7\u56fd\u9886\u4e8b\u9986\u5e97)", "order_time": ["2019-01-13 14:56:23"], "total_order": 1, "hotel_value": ["4.9"], "hotel_price": ["688"]}, "6736731": {"hotel_name": "\u5e0c\u5cb8\u9152\u5e97(\u53a6\u95e8\u706b\u8f66\u7ad9\u5e97)(\u539f\u5357\u65b9\u996d\u5e97)", "order_time": ["2019-01-13 14:56:25"], "total_order": 1, "hotel_value": ["4.9"], "hotel_price": ["280"]}, "1541934": {"hotel_name": "\u53a6\u95e8\u68b5\u5c45\u00b7\u9759\u5fc3\u522b\u9662", "order_time": ["2019-01-13 14:56:29"], "total_order": 1, "hotel_value": ["4.9"], "hotel_price": ["203"]}, "1613814": {"hotel_name": "\u7231\u83f2\u513f\u5ea6\u5047\u9152\u5e97(\u53a6\u95e8\u9f13\u6d6a\u5c7f1930\u5e97)", "order_time": ["2019-01-13 14:56:34"], "total_order": 1, "hotel_value": ["4.6"], "hotel_price": ["376"]}, "8923315": {"hotel_name": "\u53a6\u95e8\u4e00\u8bfa\u5bb6\u65c5\u9986", "order_time": ["2019-01-13 14:56:34"], "total_order": 1, "hotel_value": ["4.4"], "hotel_price": ["95"]}, "8393169": {"hotel_name": "\u53a6\u95e8\u6728\u4e0b\u751f\u6d3b\u5ba2\u6808(\u539f\u4e50\u5bb6\u5496\u5561\u9662\u7cbe\u54c1\u6c11\u5bbf)", "order_time": ["2019-01-13 14:56:36"], "total_order": 1, "hotel_value": ["4.7"], "hotel_price": ["133"]}, "1575044": {"hotel_name": "\u53a6\u95e8\u8d1d\u591a\u62c9\u7cbe\u54c1\u9152\u5e97(\u539f\u6052\u9890\u5bbe\u9986)", "order_time": ["2019-01-13 14:56:44"], "total_order": 1, "hotel_value": ["4.3"], "hotel_price": ["134"]}, "28134136": {"hotel_name": "\u53a6\u95e8\u8f6c\u89d2\u5c4b\u6c11\u5bbf", "order_time": ["2019-01-13 14:58:22"], "total_order": 1, "hotel_value": ["4.9"], "hotel_price": ["102"]}, "1207050": {"hotel_name": "\u5982\u5bb6\u5feb\u6377\u9152\u5e97(\u53a6\u95e8\u4f1a\u5c55\u4e2d\u5fc3\u83b2\u524d\u897f\u8def\u5e97)", "order_time": ["2019-01-13 14:58:23"], "total_order": 1, "hotel_value": ["4.7"], "hotel_price": ["132"]}, "13912439": {"hotel_name": "\u53a6\u95e8\u6620\u96ea\u8f7b\u5962\u9152\u5e97", "order_time": ["2019-01-13 15:18:24", "2019-01-13 14:58:24"], "total_order": 2, "hotel_value": ["4.9", "4.9"], "hotel_price": ["188", "188"]}, "467630": {"hotel_name": "\u53a6\u95e8\u9f13\u6d6a\u5c7f\u4e00\u89c1\u82b1\u56ed\u8001\u522b\u5885", "order_time": ["2019-01-13 14:58:24"], "total_order": 1, "hotel_value": ["4.7"], "hotel_price": ["236"]}, "436728": {"hotel_name": "\u53a6\u95e8\u9f13\u6d6a\u5c7f\u82b1\u4e4b\u58f0\u65c5\u9986", "order_time": ["2019-01-13 14:58:25"], "total_order": 1, "hotel_value": ["4.5"], "hotel_price": ["181"]}, "1389206": {"hotel_name": "\u9526\u6c5f\u4e4b\u661f(\u53a6\u95e8\u79be\u7965\u897f\u8def\u767d\u9e6d\u6d32\u5e97)", "order_time": ["2019-01-13 14:58:29"], "total_order": 1, "hotel_value": ["4.4"], "hotel_price": ["129"]}, "26420349": {"hotel_name": "\u53a6\u95e8\u9038\u5ba2\u5ea6\u5047\u522b\u5885", "order_time": ["2019-01-13 14:58:35"], "total_order": 1, "hotel_value": ["5.0"], "hotel_price": ["158"]}, "28709195": {"hotel_name": "\u53a6\u95e8\u96e8\u5df7\u6c11\u5bbf", "order_time": ["2019-01-13 14:58:36"], "total_order": 1, "hotel_value": [0], "hotel_price": ["521"]}, "744314": {"hotel_name": "\u5982\u5bb6\u5feb\u6377\u9152\u5e97(\u53a6\u95e8\u4e2d\u5c71\u8def\u6b65\u884c\u8857\u9547\u6d77\u8def\u5730\u94c1\u7ad9\u5e97)", "order_time": ["2019-01-13 14:58:40"], "total_order": 1, "hotel_value": ["4.4"], "hotel_price": ["161"]}, "701742": {"hotel_name": "\u901f8\u9152\u5e97(\u53a6\u95e8\u4e2d\u5c71\u8def\u53a6\u95e8\u5927\u5b66\u5e97)", "order_time": ["2019-01-13 15:36:28", "2019-01-13 15:00:21"], "total_order": 2, "hotel_value": ["4.6", "4.6"], "hotel_price": ["181", "181"]}, "437588": {"hotel_name": "\u9f13\u6d6a\u5c7f\u65e5\u5149\u6d77\u5cb8\u522b\u5885\u9152\u5e97", "order_time": ["2019-01-13 15:00:22"], "total_order": 1, "hotel_value": ["4.8"], "hotel_price": ["178"]}, "2233112": {"hotel_name": "\u53a6\u95e8\u4e1c\u8fb0\u5927\u9152\u5e97", "order_time": ["2019-01-13 15:38:23", "2019-01-13 15:00:23"], "total_order": 2, "hotel_value": ["4.2", "4.2"], "hotel_price": ["182", "182"]}, "1648310": {"hotel_name": "\u53a6\u95e8\u5764\u57ce\u6c64\u5cb8\u6e29\u6cc9\u5ea6\u5047\u6751", "order_time": ["2019-01-13 15:00:23"], "total_order": 1, "hotel_value": ["4.5"], "hotel_price": ["499"]}, "2535597": {"hotel_name": "\u901f\u65f6\u4ee3\u7cbe\u54c1\u5ba2\u6808(\u53a6\u95e8\u4e2d\u5c71\u8def\u5e97)", "order_time": ["2019-01-13 15:00:25"], "total_order": 1, "hotel_value": ["4.3"], "hotel_price": ["96"]}, "2101828": {"hotel_name": "\u53a6\u95e8\u69ad\u540e\u9152\u5e97", "order_time": ["2019-01-13 15:00:26"], "total_order": 1, "hotel_value": ["4.8"], "hotel_price": ["196"]}, "6442457": {"hotel_name": "\u9f13\u6d6a\u5c7f\u6709\u68f5\u6811\u00b7\u65e0\u5c9a\u9152\u5e97", "order_time": ["2019-01-13 15:00:26"], "total_order": 1, "hotel_value": ["4.8"], "hotel_price": ["1088"]}, "1669085": {"hotel_name": "\u53a6\u95e8\u6d77\u68e0\u5ea6\u5047\u5c4b", "order_time": ["2019-01-13 15:00:26"], "total_order": 1, "hotel_value": ["5.0"], "hotel_price": ["117"]}, "11477564": {"hotel_name": "\u53a6\u95e8\u9047\u7f8e\u00b7\u6da6\u56ed\u7cbe\u54c1\u5ea6\u5047\u6c11\u5bbf", "order_time": ["2019-01-13 15:00:27"], "total_order": 1, "hotel_value": ["4.8"], "hotel_price": ["280"]}, "12522024": {"hotel_name": "\u53a6\u95e8\u5927\u5b66\u5fc3\u65c5\u6d77\u666f\u9152\u5e97\u5f0f\u516c\u5bd3(\u539f\u4e16\u8302\u53cc\u5b50\u5854\u53a6\u5927\u6d77\u666f\u9152\u5e97)", "order_time": ["2019-01-13 15:00:29"], "total_order": 1, "hotel_value": ["4.7"], "hotel_price": ["330"]}, "512888": {"hotel_name": "\u53a6\u95e8\u7fd4\u5b89\u9890\u8c6a\u9152\u5e97", "order_time": ["2019-01-13 15:00:29"], "total_order": 1, "hotel_value": ["4.7"], "hotel_price": ["409"]}, "16085960": {"hotel_name": "\u53a6\u95e8\u5e0c\u60a6\u516c\u5bd3\u9152\u5e97", "order_time": ["2019-01-13 15:00:31"], "total_order": 1, "hotel_value": ["4.8"], "hotel_price": ["153"]}, "2157026": {"hotel_name": "\u53a6\u95e8\u559c\u591a\u5c4b\u9152\u5e97", "order_time": ["2019-01-13 15:00:47"], "total_order": 1, "hotel_value": ["4.6"], "hotel_price": ["77"]}, "2313328": {"hotel_name": "\u5982\u5bb6\u5feb\u6377\u9152\u5e97(\u53a6\u95e8\u673a\u573a\u9a6c\u5785\u5e97)", "order_time": ["2019-01-13 15:02:23"], "total_order": 1, "hotel_value": ["4.5"], "hotel_price": ["161"]}, "1540062": {"hotel_name": "\u4e45\u6816\u00b7\u9f13\u6d6a\u5c7f\u6d77\u5cb8\u82b1\u65c5\u9986", "order_time": ["2019-01-13 15:02:24"], "total_order": 1, "hotel_value": ["4.9"], "hotel_price": ["149"]}, "1860898": {"hotel_name": "\u901f8\u9152\u5e97(\u53a6\u95e8\u540c\u5b89\u5e97)", "order_time": ["2019-01-13 15:02:27"], "total_order": 1, "hotel_value": ["4.3"], "hotel_price": ["159"]}, "11372511": {"hotel_name": "\u53a6\u95e8\u6f2b\u5ead\u65f6\u5149\u5ba2\u6808(\u539f\u53a6\u95e8\u9189\u5fd8\u5c45\u5ba2\u6808)", "order_time": ["2019-01-13 15:02:32"], "total_order": 1, "hotel_value": ["4.8"], "hotel_price": ["123"]}, "1893295": {"hotel_name": "\u53a6\u95e8\u83b2\u5bcc\u5546\u52a1\u9152\u5e97", "order_time": ["2019-01-13 15:02:34"], "total_order": 1, "hotel_value": ["4.0"], "hotel_price": ["105"]}, "4680954": {"hotel_name": "\u53a6\u95e8\u5fae\u7231\u56fd\u5b66\u9152\u5e97", "order_time": ["2019-01-13 15:02:35"], "total_order": 1, "hotel_value": ["4.4"], "hotel_price": ["292"]}, "2301140": {"hotel_name": "\u53a6\u95e8\u7f8e\u6676\u9152\u5e97", "order_time": ["2019-01-13 15:02:36"], "total_order": 1, "hotel_value": ["4.2"], "hotel_price": ["182"]}, "24618876": {"hotel_name": "\u53a6\u95e8\u9f13\u6d6a\u5c7fLEJOS\u680e\u5883\u5ea6\u5047\u522b\u5885", "order_time": ["2019-01-13 15:06:23", "2019-01-13 15:04:42"], "total_order": 2, "hotel_value": ["4.8", "4.8"], "hotel_price": ["490", "490"]}, "17293040": {"hotel_name": "\u53a6\u95e8\u5982\u58a8\u8bbe\u8ba1\u578b\u5ea6\u5047\u522b\u5885", "order_time": ["2019-01-13 15:06:23"], "total_order": 1, "hotel_value": ["4.9"], "hotel_price": ["279"]}, "427072": {"hotel_name": "\u5ead\u82d1\u9152\u5e97(\u53a6\u95e8\u83b2\u82b1\u8def\u53e3\u5730\u94c1\u7ad9\u5e97)", "order_time": ["2019-01-13 15:06:23"], "total_order": 1, "hotel_value": ["4.7"], "hotel_price": ["200"]}, "11288821": {"hotel_name": "\u53a6\u95e8\u5929\u7136\u5c45\u5feb\u6377\u9152\u5e97", "order_time": ["2019-01-13 15:06:26"], "total_order": 1, "hotel_value": ["4.8"], "hotel_price": ["103"]}, "5850603": {"hotel_name": "\u53a6\u95e8\u5370\u8c61\u6d77\u6e7e\u5ea6\u5047\u522b\u5885", "order_time": ["2019-01-13 15:06:29"], "total_order": 1, "hotel_value": ["4.9"], "hotel_price": ["155"]}, "387242": {"hotel_name": "\u53a6\u95e8\u4e1c\u5357\u4e9a\u5927\u9152\u5e97", "order_time": ["2019-01-13 15:06:29"], "total_order": 1, "hotel_value": ["4.5"], "hotel_price": ["299"]}, "2310179": {"hotel_name": "\u53a6\u95e8\u66fc\u53ef\u8fde\u9501\u9152\u5e97", "order_time": ["2019-01-13 15:06:32", "2019-01-13 15:22:43"], "total_order": 2, "hotel_value": ["3.8", "3.8"], "hotel_price": ["80", "80"]}, "1341569": {"hotel_name": "\u53a6\u95e8\u9f13\u6d6a\u5c7f\u9ec4\u80dc\u8bb0\u65c5\u9986", "order_time": ["2019-01-13 15:06:41"], "total_order": 1, "hotel_value": ["4.7"], "hotel_price": ["276"]}, "6842747": {"hotel_name": "\u53a6\u95e8\u9752\u6625\u65f6\u5149\u5ba2\u6808", "order_time": ["2019-01-13 15:07:03"], "total_order": 1, "hotel_value": ["4.3"], "hotel_price": ["118"]}, "1314948": {"hotel_name": "\u5168\u5b63\u9152\u5e97(\u53a6\u95e8\u4f1a\u5c55\u4e2d\u5fc3\u83b2\u524d\u4e1c\u8def\u5e97)(\u539f\u4e9a\u4e01\u6e7e\u4e3b\u9898\u9152\u5e97)", "order_time": ["2019-01-13 15:08:25"], "total_order": 1, "hotel_value": ["4.8"], "hotel_price": ["322"]}, "929561": {"hotel_name": "\u53a6\u95e8\u53cb\u4e30\u6e56\u666f\u9152\u5e97", "order_time": ["2019-01-13 15:08:34"], "total_order": 1, "hotel_value": ["4.4"], "hotel_price": ["298"]}, "14524625": {"hotel_name": "\u53a6\u95e8\u66fe\u539d\u57b5\u6e05\u98ce\u5c0f\u7b51\u5ba2\u6808\uff08\u539f\u6709\u9e7f\u6765\u6c11\u5bbf\uff09", "order_time": ["2019-01-13 15:08:39"], "total_order": 1, "hotel_value": ["4.7"], "hotel_price": ["57"]}, "2301881": {"hotel_name": "\u53a6\u95e8\u91d1\u6a59\u4e16\u7eaa\u9152\u5e97", "order_time": ["2019-01-13 15:08:48"], "total_order": 1, "hotel_value": ["3.8"], "hotel_price": ["138"]}, "6456842": {"hotel_name": "\u53a6\u95e8\u6709\u68f5\u6811\u8bbe\u8ba1\u5e08\u9152\u5e97\u73af\u5c9b\u8def\u5e97", "order_time": ["2019-01-13 15:10:20"], "total_order": 1, "hotel_value": ["4.8"], "hotel_price": ["263"]}, "22766983": {"hotel_name": "\u9e97\u67ab\u9152\u5e97(\u53a6\u95e8\u4e2d\u5c71\u8def\u6b65\u884c\u8857\u5e97)", "order_time": ["2019-01-13 15:10:21"], "total_order": 1, "hotel_value": ["4.7"], "hotel_price": ["268"]}, "23571482": {"hotel_name": "\u53a6\u95e8\u5e78\u798f\u65f6\u5149\u516c\u5bd3", "order_time": ["2019-01-13 15:26:26", "2019-01-13 15:10:24", "2019-01-13 15:32:26"], "total_order": 3, "hotel_value": ["4.9", "4.9", "4.9"], "hotel_price": ["104", "104", "104"]}, "25123229": {"hotel_name": "\u53a6\u95e8\u5ba2\u8c08\u6c11\u5bbf", "order_time": ["2019-01-13 15:10:26"], "total_order": 1, "hotel_value": ["5.0"], "hotel_price": ["168"]}, "2043594": {"hotel_name": "7\u5929\u8fde\u9501\u9152\u5e97(\u53a6\u95e8\u53f0\u6e7e\u8857\u5e97)", "order_time": ["2019-01-13 15:10:26"], "total_order": 1, "hotel_value": ["4.4"], "hotel_price": ["99"]}, "451156": {"hotel_name": "\u9f13\u6d6a\u5c7f\u53a6\u6808\u56db\u5b63\u661f\u7a7a\u9152\u5e97", "order_time": ["2019-01-13 15:10:27"], "total_order": 1, "hotel_value": ["4.0"], "hotel_price": ["114"]}, "2300428": {"hotel_name": "\u53a6\u95e8\u4e03\u661f\u8fde\u9501\u9152\u5e97", "order_time": ["2019-01-13 15:10:29"], "total_order": 1, "hotel_value": ["4.1"], "hotel_price": ["87"]}, "2304360": {"hotel_name": "\u6613\u4f70\u8fde\u9501\u65c5\u5e97(\u53a6\u95e8\u706b\u8f66\u7ad9\u56fd\u8d38\u5e97)", "order_time": ["2019-01-13 15:10:30"], "total_order": 1, "hotel_value": ["3.4"], "hotel_price": ["80"]}, "6594443": {"hotel_name": "\u53a6\u95e8\u7559\u767d\u6c11\u5bbf", "order_time": ["2019-01-13 15:10:31"], "total_order": 1, "hotel_value": ["4.9"], "hotel_price": ["162"]}, "6414490": {"hotel_name": "\u9f13\u6d6a\u5c7f\u5c0f\u6843\u6e90\u65c5\u9986(\u539f\u7231\u4e3d\u4e1d\u65c5\u9986)", "order_time": ["2019-01-13 15:10:36"], "total_order": 1, "hotel_value": ["4.3"], "hotel_price": ["40"]}, "15849666": {"hotel_name": "\u5168\u5b63\u9152\u5e97(\u53a6\u95e8\u5317\u7ad9\u674f\u6797\u6e7e\u8def\u5e97)", "order_time": ["2019-01-13 15:12:26"], "total_order": 1, "hotel_value": ["4.7"], "hotel_price": ["246"]}, "447297": {"hotel_name": "\u53a6\u95e8\u660e\u53d1\u56fd\u9645\u5927\u9152\u5e97", "order_time": ["2019-01-13 15:12:29"], "total_order": 1, "hotel_value": ["4.6"], "hotel_price": ["463"]}, "1227390": {"hotel_name": "886\u7cbe\u54c1\u9152\u5e97(\u53a6\u95e8\u6d77\u6ca7\u533a\u653f\u5e9c\u5e97)", "order_time": ["2019-01-13 15:12:29"], "total_order": 1, "hotel_value": ["4.1"], "hotel_price": ["171"]}, "1410376": {"hotel_name": "\u82b1\u5ead\u65c5\u9986(\u9f13\u6d6a\u5c7f\u5b89\u6d77\u82b1\u56ed\u5e97)", "order_time": ["2019-01-13 15:12:31"], "total_order": 1, "hotel_value": ["4.6"], "hotel_price": ["155"]}, "1906769": {"hotel_name": "\u53a6\u95e8\u5fc3\u5bbf\u96c5\u7b51\u9152\u5e97\uff08\u539f\u7396\u70b9\u5bbe\u9986\uff09", "order_time": ["2019-01-13 15:12:32"], "total_order": 1, "hotel_value": ["4.3"], "hotel_price": ["123"]}, "2300412": {"hotel_name": "7\u5929\u8fde\u9501\u9152\u5e97(\u53a6\u95e8\u540c\u5b89\u65b9\u7279\u68a6\u5e7b\u738b\u56fd\u5e97)", "order_time": ["2019-01-13 15:12:36"], "total_order": 1, "hotel_value": ["4.3"], "hotel_price": ["128"]}, "22823029": {"hotel_name": "\u53a6\u95e8\u6cf0\u5730\u4e07\u8c6a\u9152\u5e97", "order_time": ["2019-01-13 15:14:22"], "total_order": 1, "hotel_value": ["4.4"], "hotel_price": ["793"]}, "437770": {"hotel_name": "\u53a6\u95e8\u79be\u6b63\u5927\u9152\u5e97", "order_time": ["2019-01-13 15:14:26"], "total_order": 1, "hotel_value": ["4.2"], "hotel_price": ["146"]}, "1860280": {"hotel_name": "\u6021\u83b1\u9152\u5e97(\u53a6\u95e8\u96c6\u7f8e\u5b66\u6751\u5e97)", "order_time": ["2019-01-13 15:20:28", "2019-01-13 15:14:29"], "total_order": 2, "hotel_value": ["4.5", "4.5"], "hotel_price": ["123", "123"]}, "813295": {"hotel_name": "\u53a6\u95e8\u674f\u82b1\u6751\u9152\u5e97", "order_time": ["2019-01-13 15:14:33"], "total_order": 1, "hotel_value": ["3.5"], "hotel_price": ["226"]}, "8656624": {"hotel_name": "\u5168\u5b63\u9152\u5e97(\u53a6\u95e8\u96c6\u7f8e\u5b66\u6751\u5e97)(\u539f\u8d22\u7a0e\u5bbe\u9986)", "order_time": ["2019-01-13 15:20:26", "2019-01-13 15:16:21"], "total_order": 2, "hotel_value": ["4.7", "4.7"], "hotel_price": ["284", "284"]}, "9149539": {"hotel_name": "\u5b9c\u5c1a\u9152\u5e97(\u53a6\u95e8\u4e2d\u5c71\u8def\u6b65\u884c\u8857\u5e97)", "order_time": ["2019-01-13 15:16:21"], "total_order": 1, "hotel_value": ["4.6"], "hotel_price": ["226"]}, "6420073": {"hotel_name": "\u5929\u4e00\u5ba2\u6808(\u53a6\u95e8\u4e2d\u5c71\u8def\u6b65\u884c\u8857\u5e97)", "order_time": ["2019-01-13 15:18:29", "2019-01-13 15:16:21"], "total_order": 2, "hotel_value": ["4.7", "4.7"], "hotel_price": ["262", "262"]}, "4817706": {"hotel_name": "\u53a6\u95e8\u4e09\u4e2a\u53a6\u5927\u4ebakiwi\u6c11\u5bbf", "order_time": ["2019-01-13 15:16:22"], "total_order": 1, "hotel_value": ["4.9"], "hotel_price": ["277"]}, "2906054": {"hotel_name": "\u53a6\u95e8\u67ab\u548c\u6e90\u9152\u5e97", "order_time": ["2019-01-13 15:16:22"], "total_order": 1, "hotel_value": ["4.5"], "hotel_price": ["199"]}, "1730297": {"hotel_name": "\u53a6\u95e8\u9f13\u6d6a\u5c7f\u7434\u6d77\u5e84\u56ed\u6d77\u666f\u9152\u5e97", "order_time": ["2019-01-13 15:16:22"], "total_order": 1, "hotel_value": ["4.6"], "hotel_price": ["380"]}, "4640529": {"hotel_name": "\u53a6\u95e8\u82b1\u5f00\u8317\u54c1\u5ba2\u6808", "order_time": ["2019-01-13 15:16:22"], "total_order": 1, "hotel_value": ["4.9"], "hotel_price": ["129"]}, "479354": {"hotel_name": "\u5bb6\u548c\u6625\u5929\u7cbe\u54c1\u9152\u5e97(\u53a6\u95e8\u673a\u573a\u5e97)", "order_time": ["2019-01-13 15:16:22"], "total_order": 1, "hotel_value": ["4.5"], "hotel_price": ["178"]}, "6247525": {"hotel_name": "\u53a6\u95e8\u96c6\u7f8e\u5927\u5b66\u4e9a\u6735\u9152\u5e97(\u539f\u96c6\u5927\u5bbe\u9986)", "order_time": ["2019-01-13 15:16:23", "2019-01-13 15:26:22"], "total_order": 2, "hotel_value": ["4.9", "4.9"], "hotel_price": ["360", "360"]}, "22804277": {"hotel_name": "\u6854\u5b50\u9152\u5e97\u7cbe\u9009(\u53a6\u95e8\u4f1a\u5c55\u4e2d\u5fc3\u89c2\u97f3\u5c71\u5e97)", "order_time": ["2019-01-13 15:16:23"], "total_order": 1, "hotel_value": ["4.8"], "hotel_price": ["284"]}, "5548882": {"hotel_name": "\u53a6\u95e8\u6d77\u65c5\u6e29\u5fb7\u59c6\u81f3\u5c0a\u9152\u5e97", "order_time": ["2019-01-13 15:16:31"], "total_order": 1, "hotel_value": ["4.7"], "hotel_price": ["522"]}, "12673289": {"hotel_name": "\u53a6\u95e8\u6d77\u6ca7\u878d\u4fe1\u534e\u9091\u9152\u5e97", "order_time": ["2019-01-13 15:16:31"], "total_order": 1, "hotel_value": ["4.7"], "hotel_price": ["793"]}, "435030": {"hotel_name": "\u53a6\u95e8\u9f13\u6d6a\u5c7f\u6797\u6c0f\u5e9c\u516c\u9986\u9152\u5e97", "order_time": ["2019-01-13 15:16:31"], "total_order": 1, "hotel_value": ["4.8"], "hotel_price": ["998"]}, "717916": {"hotel_name": "\u53a6\u95e8\u6717\u8c6a\u9152\u5e97", "order_time": ["2019-01-13 15:16:31"], "total_order": 1, "hotel_value": ["4.6"], "hotel_price": ["744"]}, "7277750": {"hotel_name": "\u53a6\u95e8\u6b63\u5143\u5e0c\u5c14\u987f\u9038\u6797\u9152\u5e97", "order_time": ["2019-01-13 15:16:31"], "total_order": 1, "hotel_value": ["4.7"], "hotel_price": ["630"]}, "392629": {"hotel_name": "\u53a6\u95e8\u5e90\u5c71\u5927\u9152\u5e97", "order_time": ["2019-01-13 15:16:31"], "total_order": 1, "hotel_value": ["4.2"], "hotel_price": ["298"]}, "2298562": {"hotel_name": "\u9526\u6c5f\u4e4b\u661f(\u53a6\u95e8\u5927\u5b66\u4e2d\u5c71\u8def\u5e97)", "order_time": ["2019-01-13 15:16:31"], "total_order": 1, "hotel_value": ["4.5"], "hotel_price": ["189"]}, "1591229": {"hotel_name": "\u753b\u5eca\u65c5\u9986(\u53a6\u95e8\u9f13\u6d6a\u5c7f\u6d77\u68e0\u5e97)", "order_time": ["2019-01-13 15:16:57"], "total_order": 1, "hotel_value": ["4.8"], "hotel_price": ["263"]}, "2145638": {"hotel_name": "\u53a6\u95e8\u5609\u836b\u96c5\u5c45\u9152\u5e97(\u539f\u5c31\u662f\u4e3a\u4f60\u4e3b\u9898\u8fde\u9501\u9152\u5e97)", "order_time": ["2019-01-13 15:18:27"], "total_order": 1, "hotel_value": ["4.5"], "hotel_price": ["184"]}, "1183602": {"hotel_name": "\u516b\u82f1\u91cc\u9152\u5e97(\u53a6\u95e8\u4e2d\u5c71\u8def\u5e97)", "order_time": ["2019-01-13 15:18:28"], "total_order": 1, "hotel_value": ["4.7"], "hotel_price": ["126"]}, "472361": {"hotel_name": "\u53a6\u95e8\u660e\u73e0\u6d77\u6e7e\u5927\u9152\u5e97", "order_time": ["2019-01-13 15:18:29"], "total_order": 1, "hotel_value": ["4.5"], "hotel_price": ["342"]}, "13876731": {"hotel_name": "\u53a6\u95e8\u6765\u4f4fkokomo\u5ba2\u6808", "order_time": ["2019-01-13 15:18:33"], "total_order": 1, "hotel_value": ["4.9"], "hotel_price": ["174"]}, "8523234": {"hotel_name": "\u53a6\u95e8\u661f\u6708\u6d32\u9152\u5e97", "order_time": ["2019-01-13 15:18:33"], "total_order": 1, "hotel_value": ["4.5"], "hotel_price": ["184"]}, "4389410": {"hotel_name": "\u53a6\u95e8\u6e56\u91cc\u96c5\u5c45\u516c\u5bd3", "order_time": ["2019-01-13 15:18:33", "2019-01-13 15:34:30"], "total_order": 2, "hotel_value": ["4.4", "4.5"], "hotel_price": ["101", "101"]}, "2361567": {"hotel_name": "\u53a6\u95e8\u6234\u65af\u6c40\u9152\u5e97", "order_time": ["2019-01-13 15:18:35"], "total_order": 1, "hotel_value": ["3.8"], "hotel_price": ["150"]}, "17086567": {"hotel_name": "\u53a6\u95e8\u5927\u767d\u4e4b\u5bb6\u4e91\u5c45\u516c\u5bd3", "order_time": ["2019-01-13 15:18:35"], "total_order": 1, "hotel_value": ["4.3"], "hotel_price": ["153"]}, "1434905": {"hotel_name": "\u9752\u5e74\u9633\u5149\u9152\u5e97(\u53a6\u95e8\u8f6e\u6e21\u5e97)", "order_time": ["2019-01-13 15:18:50"], "total_order": 1, "hotel_value": ["4.5"], "hotel_price": ["114"]}, "2914952": {"hotel_name": "\u53a6\u95e8\u5927\u5b66\u51ef\u5c14\u987f\u6d77\u666f\u516c\u5bd3(\u539f\u53a6\u5927\u4e16\u8302\u6d77\u5ce1\u9152\u5e97\u516c\u5bd3)", "order_time": ["2019-01-13 15:20:22"], "total_order": 1, "hotel_value": ["4.4"], "hotel_price": ["293"]}, "1768712": {"hotel_name": "\u53a6\u95e8\u9014\u5e84\u7cbe\u54c1\u9152\u5e97", "order_time": ["2019-01-13 15:20:23"], "total_order": 1, "hotel_value": ["4.7"], "hotel_price": ["148"]}, "5788864": {"hotel_name": "\u53a6\u95e8\u5eb7\u83b1\u5fb7\u9152\u5e97", "order_time": ["2019-01-13 15:20:23"], "total_order": 1, "hotel_value": ["4.7"], "hotel_price": ["1678"]}, "4814798": {"hotel_name": "\u53a6\u95e8\u9f13\u6d6a\u5c7f\u6162\u5c4b\u5ea6\u5047\u522b\u5885", "order_time": ["2019-01-13 15:20:25"], "total_order": 1, "hotel_value": ["4.7"], "hotel_price": ["362"]}, "1419294": {"hotel_name": "\u9526\u6c5f\u4e4b\u661f(\u53a6\u95e8\u5317\u7ad9\u5609\u5e9a\u4f53\u80b2\u9986\u5e97)", "order_time": ["2019-01-13 15:20:25"], "total_order": 1, "hotel_value": ["4.5"], "hotel_price": ["167"]}, "2624108": {"hotel_name": "\u53a6\u95e8\u5e0c\u5c14\u987f\u9038\u6797\u9152\u5e97", "order_time": ["2019-01-13 15:20:27"], "total_order": 1, "hotel_value": ["4.7"], "hotel_price": ["630"]}, "1738310": {"hotel_name": "\u53a6\u95e8\u9752\u5e74\u9633\u5149\u7cbe\u54c1\u5546\u52a1\u9152\u5e97(\u678b\u6e56\u5e97)", "order_time": ["2019-01-13 15:20:27"], "total_order": 1, "hotel_value": ["4.4"], "hotel_price": ["192"]}, "2083381": {"hotel_name": "\u53a6\u95e8\u534a\u5761\u5c0f\u7b51", "order_time": ["2019-01-13 15:20:28"], "total_order": 1, "hotel_value": ["4.7"], "hotel_price": ["84"]}, "1728375": {"hotel_name": "\u6768\u6843\u9662\u5b50\u65c5\u9986(\u9f13\u6d6a\u5c7f\u590d\u5174\u53e4\u5821\u5e97)", "order_time": ["2019-01-13 15:20:30"], "total_order": 1, "hotel_value": ["4.8"], "hotel_price": ["295"]}, "5053649": {"hotel_name": "\u53a6\u95e8\u5927\u5b66\u5962\u534e\u9152\u5e97\u516c\u5bd3(\u539f\u94c2\u66fc\u5929\u79a7\u6d77\u666f\u9152\u5e97\u516c\u5bd3)", "order_time": ["2019-01-13 15:20:31"], "total_order": 1, "hotel_value": ["4.6"], "hotel_price": ["349"]}, "5982442": {"hotel_name": "\u53a6\u95e8\u52aa\u52aa\u9752\u5e74\u65c5\u820d", "order_time": ["2019-01-13 15:20:35"], "total_order": 1, "hotel_value": ["4.7"], "hotel_price": ["56"]}, "717597": {"hotel_name": "\u53a6\u95e8\u5fa1\u79c1\u5885\u4eb2\u5b50\u5ea6\u5047\u522b\u5885", "order_time": ["2019-01-13 15:20:37"], "total_order": 1, "hotel_value": ["4.7"], "hotel_price": ["318"]}, "3181385": {"hotel_name": "7\u5929\u4f18\u54c1\u9152\u5e97(\u53a6\u95e8\u5c06\u519b\u7960\u5730\u94c1\u7ad9\u5e97)", "order_time": ["2019-01-13 15:22:28"], "total_order": 1, "hotel_value": ["4.5"], "hotel_price": ["137"]}, "8925443": {"hotel_name": "\u53a6\u95e8\u5927\u5b66\u666f\u60a6\u6d77\u666f\u9152\u5e97\u516c\u5bd3", "order_time": ["2019-01-13 15:22:28"], "total_order": 1, "hotel_value": ["4.8"], "hotel_price": ["470"]}, "6609857": {"hotel_name": "\u53a6\u95e8\u8299\u84c9\u9601\u9152\u5e97", "order_time": ["2019-01-13 15:26:28", "2019-01-13 15:22:30"], "total_order": 2, "hotel_value": ["4.9", "4.9"], "hotel_price": ["133", "133"]}, "1199043": {"hotel_name": "\u53a6\u95e8\u5929\u60a6\u5ba2\u6808", "order_time": ["2019-01-13 15:22:34"], "total_order": 1, "hotel_value": ["4.9"], "hotel_price": ["83"]}, "1055853": {"hotel_name": "\u57ce\u5e02\u4fbf\u6377\u9152\u5e97(\u53a6\u95e8\u96c6\u7f8e\u5927\u5b66\u5e97)", "order_time": ["2019-01-13 15:22:43"], "total_order": 1, "hotel_value": ["4.5"], "hotel_price": ["168"]}, "2605823": {"hotel_name": "\u6613\u4f70\u8fde\u9501\u65c5\u5e97(\u53a6\u95e8\u4e1c\u6e21\u7801\u5934\u6e56\u91cc\u6b65\u884c\u8857\u5e97)", "order_time": ["2019-01-13 15:22:43"], "total_order": 1, "hotel_value": ["3.9"], "hotel_price": ["92"]}, "1485274": {"hotel_name": "\u53a6\u95e8\u590f\u82b1\u5982\u96ea\u6c11\u5bbf(\u539f\u9ec4\u539d\u6d77\u666f\u65c5\u793e)", "order_time": ["2019-01-13 15:22:43"], "total_order": 1, "hotel_value": ["4.9"], "hotel_price": ["100"]}, "825894": {"hotel_name": "\u53a6\u95e8\u66fe\u539d\u57b5\u5df4\u6e1d\u5c9bAngel\u6c11\u5bbf", "order_time": ["2019-01-13 15:22:43"], "total_order": 1, "hotel_value": ["4.9"], "hotel_price": ["133"]}, "26405159": {"hotel_name": "\u8ff9\u58a8\u4e5d\u95f4\u623f(\u53a6\u95e8\u5d69\u5c7f\u7801\u5934\u5e97)", "order_time": ["2019-01-13 15:22:43"], "total_order": 1, "hotel_value": ["5.0"], "hotel_price": ["238"]}, "1860967": {"hotel_name": "\u5fc3\u8fdc\u9152\u5e97(\u53a6\u95e8\u96c6\u7f8e\u5927\u5b66\u5e97)", "order_time": ["2019-01-13 15:24:25", "2019-01-13 15:38:23"], "total_order": 2, "hotel_value": ["4.5", "4.5"], "hotel_price": ["149", "123"]}, "426864": {"hotel_name": "\u53a6\u95e8\u9f13\u6d6a\u5c7f\u6d77\u4e0a\u82b1\u56ed\u9152\u5e97", "order_time": ["2019-01-13 15:24:29"], "total_order": 1, "hotel_value": ["4.4"], "hotel_price": ["696"]}, "14996652": {"hotel_name": "\u53a6\u95e8\u9c7c\u5c45\u6d77\u666f\u6c11\u5bbf", "order_time": ["2019-01-13 15:24:29"], "total_order": 1, "hotel_value": ["4.8"], "hotel_price": ["201"]}, "4424430": {"hotel_name": "\u53a6\u95e8\u60a6\u7f8e\u65f6\u5149\u6c11\u5bbf(\u539f\u6d77\u6d6a\u60c5\u7f18\u5ba2\u6808)", "order_time": ["2019-01-13 15:24:39"], "total_order": 1, "hotel_value": ["4.9"], "hotel_price": ["105"]}, "1466355": {"hotel_name": "\u53a6\u95e8\u524d\u7530\u9752\u5e74\u65c5\u820d", "order_time": ["2019-01-13 15:24:43"], "total_order": 1, "hotel_value": ["4.0"], "hotel_price": ["44"]}, "6112181": {"hotel_name": "\u53a6\u95e8\u6c38\u4e3d\u8fbe\u4e3d\u5448\u9152\u5e97", "order_time": ["2019-01-13 15:25:14", "2019-01-13 15:32:55", "2019-01-13 15:28:23"], "total_order": 3, "hotel_value": ["4.8", "4.8", "4.8"], "hotel_price": ["398", "398", "398"]}, "13985423": {"hotel_name": "\u53a6\u95e8\u4e00\u5e2d\u00b7\u9752\u5ddd\u6d77\u666f\u9a7f\u6808", "order_time": ["2019-01-13 15:29:06", "2019-01-13 15:26:24"], "total_order": 2, "hotel_value": ["4.9", "4.9"], "hotel_price": ["154", "154"]}, "3742602": {"hotel_name": "\u53a6\u95e8\u5927\u5b66\u6d77\u5ce1\u5ea6\u56db\u5b63\u9152\u5e97\u516c\u5bd3", "order_time": ["2019-01-13 15:26:24"], "total_order": 1, "hotel_value": ["4.5"], "hotel_price": ["332"]}, "11406968": {"hotel_name": "\u53a6\u95e8\u6c34\u4e91\u95f4\u6c11\u5bbf(\u539f\u5357\u56fd\u89c2\u6d77\u5c45)", "order_time": ["2019-01-13 15:26:25"], "total_order": 1, "hotel_value": ["4.9"], "hotel_price": ["177"]}, "6955152": {"hotel_name": "\u53a6\u95e8\u541b\u96c5\u65f6\u5c1a\u9152\u5e97(\u539f\u4e98\u91d1\u9152\u5e97)", "order_time": ["2019-01-13 15:34:31", "2019-01-13 15:26:32"], "total_order": 2, "hotel_value": ["4.8", "4.8"], "hotel_price": ["74", "74"]}, "8568978": {"hotel_name": "\u53a6\u95e8\u5317\u7ad9\u6708\u5149\u5ba2\u6808", "order_time": ["2019-01-13 15:26:33"], "total_order": 1, "hotel_value": ["4.6"], "hotel_price": ["83"]}, "6232787": {"hotel_name": "\u53a6\u95e8\u84dd\u5c71\u8d8a\u9152\u5e97", "order_time": ["2019-01-13 15:28:24"], "total_order": 1, "hotel_value": ["4.8"], "hotel_price": ["398"]}, "5028626": {"hotel_name": "\u53a6\u95e8\u9493\u00b7\u7eaf\u6d77\u8f7b\u5962\u9a7f\u9986", "order_time": ["2019-01-13 15:28:24"], "total_order": 1, "hotel_value": ["4.9"], "hotel_price": ["208"]}, "346267": {"hotel_name": "\u53a6\u95e8\u5e1d\u5143\u7ef4\u591a\u5229\u4e9a\u5927\u9152\u5e97", "order_time": ["2019-01-13 15:28:26"], "total_order": 1, "hotel_value": ["4.5"], "hotel_price": ["548"]}, "1551675": {"hotel_name": "\u53a6\u95e8\u67e0\u6aac\u516c\u5bd3(\u539f\u5982\u610f\u65c5\u9986)", "order_time": ["2019-01-13 15:28:28"], "total_order": 1, "hotel_value": ["4.9"], "hotel_price": ["92"]}, "443333": {"hotel_name": "\u9752\u5e74\u9633\u5149\u8fde\u9501\u9152\u5e97(\u53a6\u95e8\u65b9\u7279\u68a6\u5e7b\u540c\u5b89\u5e97)(\u539f\u540c\u5b89\u5e97)", "order_time": ["2019-01-13 15:28:30"], "total_order": 1, "hotel_value": ["4.5"], "hotel_price": ["116"]}, "2297567": {"hotel_name": "\u65af\u94c2\u745e\u57ce\u5e02\u9152\u5e97(\u53a6\u95e8\u4e2d\u5c71\u516c\u56ed\u5730\u94c1\u7ad9\u5e97)(\u539f\u4e2d\u5c71\u8def\u6b65\u884c\u8857\u5e97)", "order_time": ["2019-01-13 15:30:26"], "total_order": 1, "hotel_value": ["4.7"], "hotel_price": ["98"]}, "7861971": {"hotel_name": "\u53a6\u95e8\u9f13\u6d6a\u5c7f\u5c0f\u5c9b\u98ce\u60c5\u65c5\u9986", "order_time": ["2019-01-13 15:30:28"], "total_order": 1, "hotel_value": ["4.8"], "hotel_price": ["164"]}, "1938588": {"hotel_name": "\u53a6\u95e8OTS\u8bbe\u8ba1\u578b\u6c11\u5bbf", "order_time": ["2019-01-13 15:30:30"], "total_order": 1, "hotel_value": ["4.9"], "hotel_price": ["184"]}, "436725": {"hotel_name": "\u6768\u6843\u9662\u5b50\u65c5\u9986(\u9f13\u6d6a\u5c7f\u5b89\u6d77\u82b1\u56ed\u5e97)", "order_time": ["2019-01-13 15:30:30"], "total_order": 1, "hotel_value": ["4.7"], "hotel_price": ["298"]}, "1118729": {"hotel_name": "\u5982\u5bb6\u5feb\u6377\u9152\u5e97(\u53a6\u95e8\u4ed9\u5cb3\u8def\u6c5f\u5934\u5e97)", "order_time": ["2019-01-13 15:30:31"], "total_order": 1, "hotel_value": ["4.4"], "hotel_price": ["151"]}, "1195853": {"hotel_name": "\u53a6\u95e8\u610f\u4f73\u9152\u5e97", "order_time": ["2019-01-13 15:30:33"], "total_order": 1, "hotel_value": ["4.4"], "hotel_price": ["94"]}, "1916465": {"hotel_name": "\u53a6\u95e8\u68a6\u5ead\u5feb\u6377\u9152\u5e97", "order_time": ["2019-01-13 15:30:37"], "total_order": 1, "hotel_value": ["4.4"], "hotel_price": ["89"]}, "11894002": {"hotel_name": "\u53a6\u95e81\u53f7\u516c\u793e", "order_time": ["2019-01-13 15:30:40"], "total_order": 1, "hotel_value": ["4.5"], "hotel_price": ["81"]}, "6763972": {"hotel_name": "\u53a6\u95e8\u5317\u7ad9\u66fc\u5df4\u9152\u5e97", "order_time": ["2019-01-13 15:30:43"], "total_order": 1, "hotel_value": ["4.7"], "hotel_price": ["180"]}, "8568983": {"hotel_name": "\u53a6\u95e8\u5317\u7ad9\u6591\u9a6c\u7cbe\u54c1\u5ba2\u6808", "order_time": ["2019-01-13 15:30:54"], "total_order": 1, "hotel_value": ["4.7"], "hotel_price": ["131"]}, "1389218": {"hotel_name": "\u53a6\u95e8\u5eb7\u96c5\u9152\u5e97", "order_time": ["2019-01-13 15:32:23"], "total_order": 1, "hotel_value": ["4.5"], "hotel_price": ["127"]}, "440903": {"hotel_name": "\u5b9c\u5fc5\u601d\u9152\u5e97(\u53a6\u95e8\u706b\u8f66\u7ad9\u9152\u5e97)", "order_time": ["2019-01-13 15:32:30"], "total_order": 1, "hotel_value": ["4.3"], "hotel_price": ["208"]}, "1617016": {"hotel_name": "\u53a6\u95e8\u67da\u5b50\u90a6\u9152\u5e97\u516c\u5bd3", "order_time": ["2019-01-13 15:32:33"], "total_order": 1, "hotel_value": ["4.4"], "hotel_price": ["164"]}, "1073553": {"hotel_name": "\u53a6\u95e8\u9f13\u6d6a\u5c7f77\u53f7\u82b1\u56ed\u5ea6\u5047\u522b\u5885", "order_time": ["2019-01-13 15:34:23"], "total_order": 1, "hotel_value": ["4.4"], "hotel_price": ["113"]}, "2277879": {"hotel_name": "\u53a6\u95e8\u53a6\u5927\u73ca\u745a\u6d77\u7cbe\u54c1\u5ba2\u6808", "order_time": ["2019-01-13 15:34:35"], "total_order": 1, "hotel_value": ["4.7"], "hotel_price": ["39"]}, "436585": {"hotel_name": "\u53a6\u95e8\u65af\u7ef4\u767b\u5ea6\u5047\u516c\u5bd3(\u4e07\u8fbe\u5e7f\u573a)", "order_time": ["2019-01-13 15:34:43"], "total_order": 1, "hotel_value": ["4.0"], "hotel_price": ["153"]}, "15841262": {"hotel_name": "\u53a6\u95e8\u8c6a\u5ef7\u5ea6\u5047\u522b\u5885", "order_time": ["2019-01-13 15:36:28"], "total_order": 1, "hotel_value": ["4.9"], "hotel_price": ["171"]}, "4633047": {"hotel_name": "\u53a6\u95e8\u91d1\u65e5\u94f6\u6d77\u84dd\u6234\u65af\u9152\u5e97", "order_time": ["2019-01-13 15:38:29"], "total_order": 1, "hotel_value": ["4.4"], "hotel_price": ["298"]}, "2299892": {"hotel_name": "\u590f\u5546\u00b7\u6021\u5ead\u5546\u52a1\u9152\u5e97(\u53a6\u95e8\u7fd4\u5c0a\u5e97)", "order_time": ["2019-01-13 15:38:30"], "total_order": 1, "hotel_value": ["4.3"], "hotel_price": ["348"]}, "2125318": {"hotel_name": "\u5de2\u53cb\u9152\u5e97(\u53a6\u95e8\u706b\u8f66\u7ad9\u5e97)", "order_time": ["2019-01-13 15:38:30"], "total_order": 1, "hotel_value": ["4.7"], "hotel_price": ["104"]}, "4495790": {"hotel_name": "\u53a6\u95e8\u98de\u5bbf\u8fde\u9501\u9a91\u58eb\u8d35\u65cf\u5e84\u56ed", "order_time": ["2019-01-13 15:38:33"], "total_order": 1, "hotel_value": ["4.5"], "hotel_price": ["115"]}, "976805": {"hotel_name": "\u53a6\u95e8\u5fb7\u7c73\u5b89\u5ba2\u6808", "order_time": ["2019-01-13 15:38:45"], "total_order": 1, "hotel_value": ["4.9"], "hotel_price": ["154"]}, "11435838": {"hotel_name": "\u53a6\u95e8queen\u00b7\u606f\u6d77\u00b7\u8bbe\u8ba1\u5e08\u6c11\u5bbf", "order_time": ["2019-01-13 15:38:45"], "total_order": 1, "hotel_value": ["4.8"], "hotel_price": ["160"]}, "26622278": {"hotel_name": "\u4e2d\u5c71\u8def\u4f1f\u4f26\u522b\u5885", "order_time": ["2019-01-13 15:38:48"], "total_order": 1, "hotel_value": [0], "hotel_price": ["163"]}, "483805": {"hotel_name": "\u53a6\u95e8\u6ee8\u5317\u9890\u8c6a\u9152\u5e97", "order_time": ["2019-01-13 15:40:26"], "total_order": 1, "hotel_value": ["4.8"], "hotel_price": ["458"]}, "440397": {"hotel_name": "\u7231\u4e01\u5821\u9152\u5e97(\u53a6\u95e8\u53a6\u9f13\u7801\u5934\u5e97)(\u539f\u9890\u9526\u9152\u5e97)", "order_time": ["2019-01-13 15:40:26"], "total_order": 1, "hotel_value": ["4.6"], "hotel_price": ["104"]}, "11454237": {"hotel_name": "\u53a6\u95e8\u5019\u9e1f\u5bb6\u56ed\u4e3b\u9898\u516c\u9986", "order_time": ["2019-01-13 15:40:28"], "total_order": 1, "hotel_value": ["4.0"], "hotel_price": ["171"]}, "932008": {"hotel_name": "\u8003\u62c9\u9752\u5e74\u65c5\u820d(\u53a6\u95e8\u4e2d\u5c71\u8def\u6b65\u884c\u8857\u5e97)", "order_time": ["2019-01-13 15:40:28"], "total_order": 1, "hotel_value": ["4.5"], "hotel_price": ["49"]}, "1523052": {"hotel_name": "\u9f13\u6d6a\u5c7f\u7eb8\u9e22\u65c5\u9986", "order_time": ["2019-01-13 15:40:31"], "total_order": 1, "hotel_value": ["4.7"], "hotel_price": ["169"]}, "448874": {"hotel_name": "\u53a6\u95e8\u91d1\u8272\u56db\u5b63\u9152\u5e97(\u539f\u6cc9\u5b63\u9152\u5e97)", "order_time": ["2019-01-13 15:40:32"], "total_order": 1, "hotel_value": ["4.2"], "hotel_price": ["264"]}, "1417342": {"hotel_name": "\u53a6\u95e8\u7231\u7b51\u65f6\u5c1a\u7cbe\u54c1\u60c5\u4fa3\u4e3b\u9898\u9152\u5e97", "order_time": ["2019-01-13 15:40:34"], "total_order": 1, "hotel_value": ["4.5"], "hotel_price": ["174"]}, "1405990": {"hotel_name": "\u901f8\u9152\u5e97(\u53a6\u95e8\u706b\u8f66\u7ad9\u5e97)", "order_time": ["2019-01-13 15:40:42"], "total_order": 1, "hotel_value": ["4.3"], "hotel_price": ["142"]}, "3693365": {"hotel_name": "\u53a6\u95e8\u805a\u6cc9\u7f1892\u6c11\u5bbf", "order_time": ["2019-01-13 15:40:44"], "total_order": 1, "hotel_value": ["4.6"], "hotel_price": ["135"]}, "708155": {"hotel_name": "\u53a6\u95e8\u6162\u751f\u6d3b\u00b7\u4e50\u5929\u5ba2\u6808", "order_time": ["2019-01-13 15:42:25"], "total_order": 1, "hotel_value": ["4.8"], "hotel_price": ["109"]}}}