{"\u5f00\u59cb\u8bb0\u5f55\u65f6\u95f4": "2019-01-14 05:46:55", "\u7ed3\u675f\u8bb0\u5f55\u65f6\u95f4": "2019-01-14 06:46:55", "\u8ba2\u5355\u603b\u589e\u91cf": 44, "item": {"443333": {"hotel_name": "\u9752\u5e74\u9633\u5149\u8fde\u9501\u9152\u5e97(\u53a6\u95e8\u65b9\u7279\u68a6\u5e7b\u540c\u5b89\u5e97)(\u539f\u540c\u5b89\u5e97)", "order_time": ["2019-01-14 05:49:24"], "total_order": 1, "hotel_value": ["4.5"], "hotel_price": ["116"]}, "2300469": {"hotel_name": "7\u5929\u8fde\u9501\u9152\u5e97(\u53a6\u95e8\u91d1\u5c1a\u5e97)", "order_time": ["2019-01-14 05:49:25"], "total_order": 1, "hotel_value": ["4.6"], "hotel_price": ["138"]}, "688819": {"hotel_name": "\u53a6\u95e8\u9f13\u6d6a\u5c7f\u9526\u7965\u5bb6\u5ead\u65c5\u9986", "order_time": ["2019-01-14 05:51:45"], "total_order": 1, "hotel_value": ["4.4"], "hotel_price": ["123"]}, "435290": {"hotel_name": "\u53a6\u95e8\u6625\u5149\u9152\u5e97", "order_time": ["2019-01-14 05:55:17"], "total_order": 1, "hotel_value": ["4.7"], "hotel_price": ["277"]}, "1860898": {"hotel_name": "\u901f8\u9152\u5e97(\u53a6\u95e8\u540c\u5b89\u5e97)", "order_time": ["2019-01-14 05:59:21"], "total_order": 1, "hotel_value": ["4.3"], "hotel_price": ["159"]}, "1876398": {"hotel_name": "\u53a6\u95e8\u9e6d\u5c9b\u00b7\u4e91\u6816\u6c11\u5bbf", "order_time": ["2019-01-14 05:59:25"], "total_order": 1, "hotel_value": ["5.0"], "hotel_price": ["136"]}, "4691070": {"hotel_name": "\u4e91\u7965\u516c\u5bd3(\u53a6\u95e8\u673a\u573a\u5e97)", "order_time": ["2019-01-14 05:59:33"], "total_order": 1, "hotel_value": ["4.1"], "hotel_price": ["76"]}, "437446": {"hotel_name": "\u53a6\u95e8\u4f70\u7fd4\u8f6f\u4ef6\u56ed\u9152\u5e97", "order_time": ["2019-01-14 06:03:23"], "total_order": 1, "hotel_value": ["4.7"], "hotel_price": ["380"]}, "1535357": {"hotel_name": "\u6d77\u53cb\u9152\u5e97(\u53a6\u95e8\u706b\u8f66\u7ad9\u5e97)", "order_time": ["2019-01-14 06:03:25"], "total_order": 1, "hotel_value": ["4.4"], "hotel_price": ["142"]}, "2971473": {"hotel_name": "\u53a6\u95e8\u7f57\u66fc\u6735\u62c9\u57ce\u5821\u5e84\u56ed", "order_time": ["2019-01-14 06:03:30"], "total_order": 1, "hotel_value": ["4.7"], "hotel_price": ["191"]}, "419386": {"hotel_name": "\u53a6\u95e8\u91d1\u5a01\u5927\u9152\u5e97", "order_time": ["2019-01-14 06:07:11"], "total_order": 1, "hotel_value": ["4.6"], "hotel_price": ["326"]}, "429062": {"hotel_name": "\u53a6\u95e8\u7c73\u4ed1\u9152\u5e97", "order_time": ["2019-01-14 06:11:20"], "total_order": 1, "hotel_value": ["4.6"], "hotel_price": ["159"]}, "26448227": {"hotel_name": "\u53a6\u95e8\u5317\u5c9b\u6c11\u5bbf", "order_time": ["2019-01-14 06:11:36"], "total_order": 1, "hotel_value": [0], "hotel_price": ["106"]}, "3802030": {"hotel_name": "\u53a6\u95e8\u53ef\u5c45\u9152\u5e97", "order_time": ["2019-01-14 06:13:16"], "total_order": 1, "hotel_value": ["4.6"], "hotel_price": ["171"]}, "2233112": {"hotel_name": "\u53a6\u95e8\u4e1c\u8fb0\u5927\u9152\u5e97", "order_time": ["2019-01-14 06:13:34"], "total_order": 1, "hotel_value": ["4.2"], "hotel_price": ["182"]}, "28525229": {"hotel_name": "\u53a6\u95e8\u96c5\u7434\u4f73\u5c45\u516c\u5bd3", "order_time": ["2019-01-14 06:15:17"], "total_order": 1, "hotel_value": ["4.9"], "hotel_price": ["101"]}, "429225": {"hotel_name": "\u53a6\u95e8\u9e6d\u6c5f\u5bbe\u9986", "order_time": ["2019-01-14 06:15:24"], "total_order": 1, "hotel_value": ["4.8"], "hotel_price": ["525"]}, "2030776": {"hotel_name": "\u53a6\u95e8\u66fe\u539d\u57b5\u63fd\u6d77\u542c\u98ce\u7cbe\u54c1\u6c11\u5bbf", "order_time": ["2019-01-14 06:19:23", "2019-01-14 06:21:16"], "total_order": 2, "hotel_value": ["4.6", "4.6"], "hotel_price": ["40", "40"]}, "15717242": {"hotel_name": "\u53a6\u95e8\u9e6d\u5c9b\u6234\u65af\u9152\u5e97", "order_time": ["2019-01-14 06:21:16", "2019-01-14 06:27:12"], "total_order": 2, "hotel_value": ["4.5", "4.5"], "hotel_price": ["211", "211"]}, "431557": {"hotel_name": "\u901f8\u9152\u5e97(\u53a6\u95e8\u4e2d\u5c71\u8def\u8f6e\u6e21\u5e97)", "order_time": ["2019-01-14 06:23:41", "2019-01-14 06:21:16"], "total_order": 2, "hotel_value": ["4.4", "4.4"], "hotel_price": ["133", "133"]}, "4814804": {"hotel_name": "\u6c49\u5ead\u9152\u5e97(\u53a6\u95e8\u4f1a\u5c55\u4e2d\u5fc3\u5e97)(\u539f\u5fb7\u5c45\u5bbe\u9986)", "order_time": ["2019-01-14 06:23:13"], "total_order": 1, "hotel_value": ["4.6"], "hotel_price": ["186"]}, "3243942": {"hotel_name": "\u4f0a\u79be\u9152\u5e97(\u53a6\u95e8\u4e2d\u5c71\u8def\u6b65\u884c\u8857\u5e97)", "order_time": ["2019-01-14 06:25:10"], "total_order": 1, "hotel_value": ["4.7"], "hotel_price": ["189"]}, "444772": {"hotel_name": "\u590f\u5546\u00b7\u6021\u5ead\u5feb\u6377\u9152\u5e97(\u53a6\u95e8\u706b\u8f66\u7ad9\u6c47\u6210\u5e97)", "order_time": ["2019-01-14 06:25:25"], "total_order": 1, "hotel_value": ["4.5"], "hotel_price": ["98"]}, "2298885": {"hotel_name": "\u53a6\u95e8\u9f13\u6d6a\u5c7f\u6d77\u534e\u5ea6\u5047\u5c4b", "order_time": ["2019-01-14 06:25:56"], "total_order": 1, "hotel_value": ["5.0"], "hotel_price": ["187"]}, "23623292": {"hotel_name": "\u53a6\u95e8\u4e09\u4e2a\u53a6\u5927\u4eba\u4e0e\u521d\u6c11\u5bbf", "order_time": ["2019-01-14 06:27:21"], "total_order": 1, "hotel_value": ["4.6"], "hotel_price": ["185"]}, "425692": {"hotel_name": "\u53a6\u95e8\u6d77\u60a6\u5c71\u5e84\u9152\u5e97", "order_time": ["2019-01-14 06:29:14", "2019-01-14 06:33:26"], "total_order": 2, "hotel_value": ["4.8", "4.8"], "hotel_price": ["813", "813"]}, "431965": {"hotel_name": "\u53a6\u95e8\u7f8e\u4ed1\u7693\u6656\u9152\u5e97", "order_time": ["2019-01-14 06:29:17"], "total_order": 1, "hotel_value": ["4.7"], "hotel_price": ["198"]}, "483805": {"hotel_name": "\u53a6\u95e8\u6ee8\u5317\u9890\u8c6a\u9152\u5e97", "order_time": ["2019-01-14 06:33:13"], "total_order": 1, "hotel_value": ["4.8"], "hotel_price": ["458"]}, "2000401": {"hotel_name": "\u5586\u5561\u9152\u5e97(\u53a6\u95e8\u9f13\u6d6a\u5c7f\u4e2d\u5c71\u8def\u7b2c\u4e00\u7801\u5934\u5e97)", "order_time": ["2019-01-14 06:33:18"], "total_order": 1, "hotel_value": ["4.7"], "hotel_price": ["193"]}, "6834337": {"hotel_name": "\u53a6\u95e8\u7d20\u820d\u5c0f\u7b51\u6c11\u5bbf(\u539f\u53a6\u95e8\u53a6\u6d6a\u6e7e\u95fd\u820d)", "order_time": ["2019-01-14 06:33:37"], "total_order": 1, "hotel_value": [0], "hotel_price": ["88"]}, "750174": {"hotel_name": "\u683c\u6797\u8c6a\u6cf0(\u53a6\u95e8\u5927\u5b66\u5e97)", "order_time": ["2019-01-14 06:35:13"], "total_order": 1, "hotel_value": ["4.2"], "hotel_price": ["98"]}, "472361": {"hotel_name": "\u53a6\u95e8\u660e\u73e0\u6d77\u6e7e\u5927\u9152\u5e97", "order_time": ["2019-01-14 06:35:26"], "total_order": 1, "hotel_value": ["4.5"], "hotel_price": ["342"]}, "6355587": {"hotel_name": "\u590f\u5546\u6021\u7fd4\u5047\u65e5\u9152\u5e97(\u53a6\u95e8\u706b\u8f66\u7ad9\u5e97)", "order_time": ["2019-01-14 06:37:15"], "total_order": 1, "hotel_value": ["4.8"], "hotel_price": ["198"]}, "2315604": {"hotel_name": "\u82b1\u5ead\u65c5\u9986(\u53a6\u95e8\u9f13\u6d6a\u5c7f\u7a1a\u68a6\u5e97)", "order_time": ["2019-01-14 06:39:13"], "total_order": 1, "hotel_value": ["4.8"], "hotel_price": ["232"]}, "397577": {"hotel_name": "\u53a6\u95e8\u5b9d\u9f99\u94c2\u5c14\u66fc\u5927\u9152\u5e97", "order_time": ["2019-01-14 06:43:22", "2019-01-14 06:39:19"], "total_order": 2, "hotel_value": ["4.7", "4.7"], "hotel_price": ["676", "676"]}, "9149539": {"hotel_name": "\u5b9c\u5c1a\u9152\u5e97(\u53a6\u95e8\u4e2d\u5c71\u8def\u6b65\u884c\u8857\u5e97)", "order_time": ["2019-01-14 06:41:12"], "total_order": 1, "hotel_value": ["4.6"], "hotel_price": ["263"]}, "11314729": {"hotel_name": "\u53a6\u95e8\u5a1c\u4e00\u4f73\u540e\u9662\u6d77\u8fb9\u5ea6\u5047\u5ba2\u6808", "order_time": ["2019-01-14 06:43:21"], "total_order": 1, "hotel_value": ["4.8"], "hotel_price": ["85"]}, "1493067": {"hotel_name": "\u53a6\u95e8\u6d77\u683c\u683c\u5ba2\u6808", "order_time": ["2019-01-14 06:43:34"], "total_order": 1, "hotel_value": ["4.8"], "hotel_price": ["84"]}, "701742": {"hotel_name": "\u901f8\u9152\u5e97(\u53a6\u95e8\u4e2d\u5c71\u8def\u53a6\u95e8\u5927\u5b66\u5e97)", "order_time": ["2019-01-14 06:45:19"], "total_order": 1, "hotel_value": ["4.6"], "hotel_price": ["135"]}}}