{"\u5f00\u59cb\u8bb0\u5f55\u65f6\u95f4": "2019-01-12 19:11:12", "\u7ed3\u675f\u8bb0\u5f55\u65f6\u95f4": "2019-01-12 20:11:12", "\u8ba2\u5355\u603b\u589e\u91cf": 300, "item": {"1641097": {"hotel_name": "\u9f13\u6d6a\u5c7f\u56db\u5b63\u82b1\u65c5\u9986(\u539f\u521d\u590f\u65c5\u9986)", "order_time": ["2019-01-12 19:13:30"], "total_order": 1, "hotel_value": ["4.9"], "hotel_price": ["163"]}, "433735": {"hotel_name": "\u5b9c\u5fc5\u601d\u5c1a\u54c1\u9152\u5e97(\u53a6\u95e8\u4e2d\u5c71\u8def\u6b65\u884c\u8857\u5e97)", "order_time": ["2019-01-12 19:43:34", "2019-01-12 19:13:31"], "total_order": 2, "hotel_value": ["4.7", "4.7"], "hotel_price": ["339", "339"]}, "2315604": {"hotel_name": "\u82b1\u5ead\u65c5\u9986(\u53a6\u95e8\u9f13\u6d6a\u5c7f\u7a1a\u68a6\u5e97)", "order_time": ["2019-01-12 19:13:33"], "total_order": 1, "hotel_value": ["4.8"], "hotel_price": ["232"]}, "429460": {"hotel_name": "\u57ce\u9645\u5546\u52a1\u9152\u5e97(\u53a6\u95e8\u777f\u5f18\u57ce\u9645\u4e2d\u5c71\u8def\u5e97)", "order_time": ["2019-01-12 19:13:33"], "total_order": 1, "hotel_value": ["4.1"], "hotel_price": ["91"]}, "429652": {"hotel_name": "\u590f\u5546\u00b7\u6021\u5ead\u5feb\u6377\u9152\u5e97(\u53a6\u95e8\u4e2d\u5c71\u8def\u767d\u5170\u5e97)", "order_time": ["2019-01-12 19:13:34"], "total_order": 1, "hotel_value": ["4.4"], "hotel_price": ["134"]}, "2294909": {"hotel_name": "\u53a6\u95e8\u51cc\u6ce2\u6e7e\u9152\u5e97(\u53a6\u5927\u7fd4\u5b89\u6821\u533a\u5e97)", "order_time": ["2019-01-12 19:13:34", "2019-01-12 19:41:37"], "total_order": 2, "hotel_value": ["4.1", "4.1"], "hotel_price": ["232", "232"]}, "21160125": {"hotel_name": "\u6021\u7a0b\u9152\u5e97(\u53a6\u95e8\u4e2d\u5c71\u8def\u5e97)", "order_time": ["2019-01-12 19:13:36"], "total_order": 1, "hotel_value": ["4.7"], "hotel_price": ["358"]}, "435472": {"hotel_name": "\u53a6\u95e8\u674f\u6797\u6e7e\u5927\u9152\u5e97", "order_time": ["2019-01-12 19:13:40"], "total_order": 1, "hotel_value": ["4.6"], "hotel_price": ["358"]}, "2289274": {"hotel_name": "\u53a6\u95e8\u5f52\u5c71\u9759\u5fc3\u6c11\u5bbf(\u539f\u738b\u5e9c\u82b1\u56ed\u522b\u5885)", "order_time": ["2019-01-12 19:13:42"], "total_order": 1, "hotel_value": ["4.8"], "hotel_price": ["145"]}, "1419294": {"hotel_name": "\u9526\u6c5f\u4e4b\u661f(\u53a6\u95e8\u5317\u7ad9\u5609\u5e9a\u4f53\u80b2\u9986\u5e97)", "order_time": ["2019-01-12 19:13:42"], "total_order": 1, "hotel_value": ["4.5"], "hotel_price": ["219"]}, "6483107": {"hotel_name": "\u53a6\u95e8\u6234\u66fc\u65af\u7cbe\u54c1\u9152\u5e97", "order_time": ["2019-01-12 19:14:21", "2019-01-12 19:45:30"], "total_order": 2, "hotel_value": ["4.6", "4.6"], "hotel_price": ["251", "178"]}, "5903250": {"hotel_name": "\u53a6\u95e8\u6e29\u838e\u516c\u4e3b\u57ce\u5821\u5e84\u56ed", "order_time": ["2019-01-12 19:15:31"], "total_order": 1, "hotel_value": ["4.8"], "hotel_price": ["249"]}, "6112181": {"hotel_name": "\u53a6\u95e8\u6c38\u4e3d\u8fbe\u4e3d\u5448\u9152\u5e97", "order_time": ["2019-01-12 19:19:31", "2019-01-12 19:15:32"], "total_order": 2, "hotel_value": ["4.8", "4.8"], "hotel_price": ["439", "439"]}, "926626": {"hotel_name": "\u53a6\u95e8\u6885\u56ed\u9152\u5e97", "order_time": ["2019-01-12 19:25:35", "2019-01-12 19:15:33", "2019-01-12 19:27:29"], "total_order": 3, "hotel_value": ["4.5", "4.5", "4.5"], "hotel_price": ["216", "216", "216"]}, "425692": {"hotel_name": "\u53a6\u95e8\u6d77\u60a6\u5c71\u5e84\u9152\u5e97", "order_time": ["2019-01-12 19:49:31", "2019-01-12 19:15:34"], "total_order": 2, "hotel_value": ["4.8", "4.8"], "hotel_price": ["979", "979"]}, "427947": {"hotel_name": "\u53a6\u95e8\u56fd\u9645\u4f1a\u8bae\u4e2d\u5fc3\u9152\u5e97", "order_time": ["2019-01-12 19:15:34", "2019-01-12 19:25:39"], "total_order": 2, "hotel_value": ["4.8", "4.8"], "hotel_price": ["596", "596"]}, "448649": {"hotel_name": "\u53a6\u95e8\u4e9a\u6d32\u6d77\u6e7e\u5927\u9152\u5e97", "order_time": ["2019-01-12 19:15:36"], "total_order": 1, "hotel_value": ["4.4"], "hotel_price": ["264"]}, "375295": {"hotel_name": "\u53a6\u95e8\u7fd4\u9e6d\u56fd\u9645\u5927\u9152\u5e97", "order_time": ["2019-01-12 19:41:33", "2019-01-12 19:15:37", "2019-01-12 19:27:35", "2019-01-12 19:31:36"], "total_order": 4, "hotel_value": ["4.4", "4.4", "4.4", "4.4"], "hotel_price": ["317", "317", "317", "317"]}, "3716537": {"hotel_name": "\u9752\u6728\u7cbe\u54c1\u516c\u5bd3(\u53a6\u95e8\u4e94\u7f18\u6e7e\u5e97)", "order_time": ["2019-01-12 19:15:39"], "total_order": 1, "hotel_value": ["4.7"], "hotel_price": ["208"]}, "2152627": {"hotel_name": "\u7f8e\u8c6a\u9152\u5e97(\u53a6\u95e8\u5e97)", "order_time": ["2019-01-12 19:15:40"], "total_order": 1, "hotel_value": ["4.7"], "hotel_price": ["293"]}, "12622395": {"hotel_name": "\u53a6\u95e8\u71d5\u6816\u8bbe\u8ba1\u6c11\u5bbf", "order_time": ["2019-01-12 19:15:40"], "total_order": 1, "hotel_value": ["4.9"], "hotel_price": ["188"]}, "2290174": {"hotel_name": "\u53a6\u95e8\u6676\u90a6\u5927\u9152\u5e97", "order_time": ["2019-01-12 19:15:41"], "total_order": 1, "hotel_value": ["3.9"], "hotel_price": ["246"]}, "4311628": {"hotel_name": "\u65b0\u53cb\u8c0a\u9152\u5e97\u5f0f\u516c\u5bd3(\u53a6\u95e8\u673a\u573a\u5e97)", "order_time": ["2019-01-12 19:15:41"], "total_order": 1, "hotel_value": ["4.3"], "hotel_price": ["117"]}, "12794277": {"hotel_name": "\u96e8\u679c\u9152\u5e97\u5f0f\u516c\u5bd3(\u53a6\u95e8\u4e07\u8fbe\u5e97)", "order_time": ["2019-01-12 19:15:41"], "total_order": 1, "hotel_value": ["4.6"], "hotel_price": ["171"]}, "932008": {"hotel_name": "\u8003\u62c9\u9752\u5e74\u65c5\u820d(\u53a6\u95e8\u4e2d\u5c71\u8def\u6b65\u884c\u8857\u5e97)", "order_time": ["2019-01-12 19:15:43"], "total_order": 1, "hotel_value": ["4.5"], "hotel_price": ["51"]}, "1843842": {"hotel_name": "\u53a6\u95e8\u9f99\u6d32\u4e3b\u9898\u9152\u5e97(\u539f\u9f99\u5dde\u5546\u52a1\u9152\u5e97)", "order_time": ["2019-01-12 19:15:46"], "total_order": 1, "hotel_value": ["4.5"], "hotel_price": ["191"]}, "1389218": {"hotel_name": "\u53a6\u95e8\u5eb7\u96c5\u9152\u5e97", "order_time": ["2019-01-12 19:15:53"], "total_order": 1, "hotel_value": ["4.5"], "hotel_price": ["221"]}, "1338662": {"hotel_name": "e\u4f73\u8fde\u9501\u9152\u5e97(\u53a6\u95e8\u603b\u5e97)", "order_time": ["2019-01-12 19:15:56"], "total_order": 1, "hotel_value": ["4.2"], "hotel_price": ["143"]}, "474550": {"hotel_name": "\u53a6\u95e8\u9f13\u6d6a\u5c7f\u7d2b\u8272\u9752\u9e1f\u65c5\u9986", "order_time": ["2019-01-12 19:16:01"], "total_order": 1, "hotel_value": ["4.1"], "hotel_price": ["85"]}, "1371594": {"hotel_name": "\u6021\u6d77\u9601\u9152\u5e97(\u53a6\u95e8\u4e2d\u5c71\u6b65\u884c\u8857\u5e97)(\u539f\u6021\u6d77\u9601\u6587\u5316\u9152\u5e97)", "order_time": ["2019-01-12 19:16:14"], "total_order": 1, "hotel_value": ["4.5"], "hotel_price": ["204"]}, "8974594": {"hotel_name": "\u53a6\u95e8\u73ba\u4e30\u9152\u5e97", "order_time": ["2019-01-12 19:17:32"], "total_order": 1, "hotel_value": ["4.6"], "hotel_price": ["187"]}, "346257": {"hotel_name": "\u53a6\u95e8\u6d77\u666f\u5343\u79a7\u5927\u9152\u5e97", "order_time": ["2019-01-12 19:21:34", "2019-01-12 19:27:35", "2019-01-12 19:17:36"], "total_order": 3, "hotel_value": ["4.5", "4.5", "4.5"], "hotel_price": ["590", "590", "590"]}, "2338764": {"hotel_name": "\u53a6\u95e8\u7eb3\u5ba2\u56fd\u9645\u9752\u5e74\u65c5\u820d", "order_time": ["2019-01-12 19:17:40"], "total_order": 1, "hotel_value": ["4.5"], "hotel_price": ["34"]}, "929583": {"hotel_name": "\u5982\u5bb6\u5feb\u6377\u9152\u5e97(\u53a6\u95e8\u706b\u8f66\u7ad9\u5e7f\u573a\u5e97)", "order_time": ["2019-01-12 19:17:41"], "total_order": 1, "hotel_value": ["4.5"], "hotel_price": ["161"]}, "21124626": {"hotel_name": "\u53a6\u95e8\u4e07\u749f\u8f69\u9152\u5e97", "order_time": ["2019-01-12 19:27:33", "2019-01-12 19:35:37", "2019-01-12 19:17:41"], "total_order": 3, "hotel_value": ["4.7", "4.7", "4.7"], "hotel_price": ["211", "211", "211"]}, "6511790": {"hotel_name": "\u53a6\u95e8\u822a\u5929\u516c\u5bd3\u673a\u573a\u5e97", "order_time": ["2019-01-12 19:17:42"], "total_order": 1, "hotel_value": ["4.5"], "hotel_price": ["99"]}, "1073776": {"hotel_name": "\u53a6\u95e8\u84dd\u8272\u6d77\u5cb8\u5546\u52a1\u9152\u5e97(\u96c6\u7f8e\u5e97)", "order_time": ["2019-01-12 19:17:44"], "total_order": 1, "hotel_value": ["3.9"], "hotel_price": ["198"]}, "1535354": {"hotel_name": "\u6d77\u53cb\u9152\u5e97(\u53a6\u95e8\u96c6\u7f8e\u5b66\u6751\u5e97)", "order_time": ["2019-01-12 19:17:45"], "total_order": 1, "hotel_value": ["4.3"], "hotel_price": ["151"]}, "1047946": {"hotel_name": "\u53a6\u95e8\u91d1\u7396\u9152\u5e97", "order_time": ["2019-01-12 19:17:49"], "total_order": 1, "hotel_value": ["4.5"], "hotel_price": ["270"]}, "2303547": {"hotel_name": "\u53a6\u95e8\u5bcc\u4e3d\u767b\u6d77\u666f\u5ea6\u5047\u9152\u5e97", "order_time": ["2019-01-12 19:17:49"], "total_order": 1, "hotel_value": ["4.4"], "hotel_price": ["274"]}, "2361567": {"hotel_name": "\u53a6\u95e8\u6234\u65af\u6c40\u9152\u5e97", "order_time": ["2019-01-12 19:17:57"], "total_order": 1, "hotel_value": ["3.8"], "hotel_price": ["131"]}, "8363593": {"hotel_name": "\u82b1\u7f8e\u65f6\u7f8e\u666f\u9152\u5e97\uff08\u53a6\u95e8\u89c2\u97f3\u5c71\u5e97\uff09", "order_time": ["2019-01-12 19:19:29"], "total_order": 1, "hotel_value": ["4.8"], "hotel_price": ["198"]}, "470600": {"hotel_name": "\u53a6\u95e8\u9f13\u6d6a\u5c7f\u56fd\u738b\u76d2\u5b50\u5ea6\u5047\u5c4b", "order_time": ["2019-01-12 19:19:29"], "total_order": 1, "hotel_value": ["4.6"], "hotel_price": ["157"]}, "14771083": {"hotel_name": "\u53a6\u95e8\u5370\u8c61\u9152\u5e97\u516c\u5bd3", "order_time": ["2019-01-12 19:19:30"], "total_order": 1, "hotel_value": ["4.6"], "hotel_price": ["232"]}, "823738": {"hotel_name": "\u753b\u5eca\u9152\u5e97(\u9f13\u6d6a\u5c7f\u6545\u9a7f\u6d77\u666f\u5e97)", "order_time": ["2019-01-12 19:19:30"], "total_order": 1, "hotel_value": ["4.9"], "hotel_price": ["558"]}, "23625312": {"hotel_name": "\u53a6\u95e8\u4e91\u820d\u96c5\u5c45\u516c\u5bd3", "order_time": ["2019-01-12 19:19:30"], "total_order": 1, "hotel_value": ["4.7"], "hotel_price": ["136"]}, "445336": {"hotel_name": "\u5b9c\u5c1a\u9152\u5e97(\u53a6\u95e8\u706b\u8f66\u7ad9\u5e97)", "order_time": ["2019-01-12 19:19:31"], "total_order": 1, "hotel_value": ["4.8"], "hotel_price": ["292"]}, "10201435": {"hotel_name": "\u53a6\u95e8\u4f70\u7fd4\u4e94\u901a\u9152\u5e97", "order_time": ["2019-01-12 19:19:31"], "total_order": 1, "hotel_value": ["4.7"], "hotel_price": ["609"]}, "429622": {"hotel_name": "\u53a6\u95e8\u7261\u4e39\u56fd\u9645\u5927\u9152\u5e97", "order_time": ["2019-01-12 19:19:32"], "total_order": 1, "hotel_value": ["4.8"], "hotel_price": ["569"]}, "436632": {"hotel_name": "\u53a6\u95e8\u4e07\u4f73\u4e1c\u65b9\u9152\u5e97", "order_time": ["2019-01-12 19:19:32", "2019-01-12 19:59:32", "2019-01-12 19:39:33", "2019-01-12 19:21:38", "2019-01-12 19:43:37"], "total_order": 5, "hotel_value": ["4.4", "4.4", "4.4", "4.4", "4.4"], "hotel_price": ["182", "182", "182", "182", "182"]}, "3450733": {"hotel_name": "\u53a6\u95e8\u4e94\u7f18\u6e7e\u65f6\u5149\u516c\u5bd3", "order_time": ["2019-01-12 19:19:32", "2019-01-12 19:39:33"], "total_order": 2, "hotel_value": ["4.8", "4.8"], "hotel_price": ["231", "231"]}, "1904341": {"hotel_name": "7\u5929\u4f18\u54c1\u9152\u5e97(\u53a6\u95e8\u4e2d\u5c71\u8def\u6b65\u884c\u8857\u5e97)", "order_time": ["2019-01-12 19:19:32", "2019-01-12 19:39:33", "2019-01-12 19:49:45"], "total_order": 3, "hotel_value": ["4.1", "4.1", "4.1"], "hotel_price": ["170", "170", "170"]}, "1065306": {"hotel_name": "\u9f13\u6d6a\u5c7f\u516d\u60a6\u6d77\u666f\u9152\u5e97(\u539f\u516d\u60a6\u82b1\u56ed\u9152\u5e97)", "order_time": ["2019-01-12 19:19:34"], "total_order": 1, "hotel_value": ["4.7"], "hotel_price": ["388"]}, "771600": {"hotel_name": "\u53a6\u95e8\u6676\u88d5\u5546\u52a1\u9152\u5e97", "order_time": ["2019-01-12 19:19:40"], "total_order": 1, "hotel_value": ["4.1"], "hotel_price": ["110"]}, "13819476": {"hotel_name": "\u6a59\u5b50\u516c\u5bd3(\u53a6\u95e8\u6e56\u91cc\u4e07\u8fbe\u5e97)", "order_time": ["2019-01-12 19:19:48"], "total_order": 1, "hotel_value": ["3.2"], "hotel_price": ["159"]}, "438496": {"hotel_name": "\u53a6\u95e8\u6e29\u6cc9\u6234\u65af\u9152\u5e97", "order_time": ["2019-01-12 19:19:57"], "total_order": 1, "hotel_value": ["4.4"], "hotel_price": ["255"]}, "12627281": {"hotel_name": "\u53a6\u95e8\u524d\u6d77\u00b7\u97f5\u56ed\u5ea6\u5047\u522b\u5885", "order_time": ["2019-01-12 19:20:01"], "total_order": 1, "hotel_value": ["4.9"], "hotel_price": ["388"]}, "1861818": {"hotel_name": "\u53a6\u95e8\u62fe\u634c\u95f4\u00b7\u89c5\u89c1\u827a\u672f\u7a7a\u95f4\u5ba2\u6808", "order_time": ["2019-01-12 19:21:32"], "total_order": 1, "hotel_value": ["4.8"], "hotel_price": ["258"]}, "932019": {"hotel_name": "\u5982\u5bb6\u5feb\u6377\u9152\u5e97(\u53a6\u95e8\u83b2\u5cb3\u8def\u677e\u67cf\u6587\u5316\u827a\u672f\u4e2d\u5fc3\u5e97)", "order_time": ["2019-01-12 19:21:32", "2019-01-12 20:01:34"], "total_order": 2, "hotel_value": ["4.3", "4.3"], "hotel_price": ["186", "186"]}, "1603567": {"hotel_name": "\u53a6\u95e8\u7121\u4e8c\u00b7\u767d\u5c7f\u8bbe\u8ba1\u578b\u5ea6\u5047\u7f8e\u5885", "order_time": ["2019-01-12 19:21:37", "2019-01-12 19:25:38", "2019-01-12 19:29:37"], "total_order": 3, "hotel_value": ["5.0", "5.0", "5.0"], "hotel_price": ["299", "299", "299"]}, "21132146": {"hotel_name": "\u5929\u57fa\u5fa1\u5ead\u9152\u5e97(\u53a6\u95e8\u83b2\u5742\u5730\u94c1\u7ad9\u5e97)", "order_time": ["2019-01-12 19:21:37"], "total_order": 1, "hotel_value": ["4.8"], "hotel_price": ["271"]}, "1883002": {"hotel_name": "\u5982\u5bb6\u5feb\u6377\u9152\u5e97(\u53a6\u95e8\u4f1a\u5c55\u4e2d\u5fc3\u89c2\u97f3\u5c71\u6d77\u666f\u5e97)(\u539f\u73af\u5c9b\u8def\u89c2\u97f3\u5c71\u4f1a\u5c55\u6d77\u666f\u5e97)", "order_time": ["2019-01-12 19:21:37"], "total_order": 1, "hotel_value": ["4.4"], "hotel_price": ["189"]}, "4814804": {"hotel_name": "\u6c49\u5ead\u9152\u5e97(\u53a6\u95e8\u4f1a\u5c55\u4e2d\u5fc3\u5e97)(\u539f\u5fb7\u5c45\u5bbe\u9986)", "order_time": ["2019-01-12 19:21:39"], "total_order": 1, "hotel_value": ["4.6"], "hotel_price": ["218"]}, "434318": {"hotel_name": "\u53a6\u95e8\u9f13\u6d6a\u5c7f\u9f13\u6d6a\u522b\u5885\u9152\u5e97", "order_time": ["2019-01-12 19:21:39", "2019-01-12 19:31:34"], "total_order": 2, "hotel_value": ["4.6", "4.6"], "hotel_price": ["598", "598"]}, "1070340": {"hotel_name": "\u53a6\u95e8\u6162\u751f\u6d3b\u00b7\u897f\u96c5\u56fe\u6d77\u8fb9\u5ea6\u5047\u65c5\u9986", "order_time": ["2019-01-12 19:23:30"], "total_order": 1, "hotel_value": ["4.9"], "hotel_price": ["266"]}, "9149539": {"hotel_name": "\u5b9c\u5c1a\u9152\u5e97(\u53a6\u95e8\u4e2d\u5c71\u8def\u6b65\u884c\u8857\u5e97)", "order_time": ["2019-01-12 19:49:37", "2019-01-12 19:23:31"], "total_order": 2, "hotel_value": ["4.6", "4.6"], "hotel_price": ["256", "256"]}, "22766983": {"hotel_name": "\u9e97\u67ab\u9152\u5e97(\u53a6\u95e8\u4e2d\u5c71\u8def\u6b65\u884c\u8857\u5e97)", "order_time": ["2019-01-12 19:23:32"], "total_order": 1, "hotel_value": ["4.7"], "hotel_price": ["282"]}, "28565834": {"hotel_name": "\u53a6\u95e8\u559c\u7f8e\u7f8e\u5c45\u9152\u5e97", "order_time": ["2019-01-12 19:23:32"], "total_order": 1, "hotel_value": ["5.0"], "hotel_price": ["371"]}, "19853957": {"hotel_name": "\u9038\u6cca\u5b87\u516c\u5bd3(\u53a6\u95e8\u673a\u573a\u5e97)", "order_time": ["2019-01-12 20:03:37", "2019-01-12 19:23:33"], "total_order": 2, "hotel_value": ["4.7", "4.7"], "hotel_price": ["125", "125"]}, "2301441": {"hotel_name": "\u975e\u7e41\u57ce\u54c1\u9152\u5e97(\u53a6\u95e8\u96c6\u7f8e\u5927\u5b66\u5e97)", "order_time": ["2019-01-12 19:41:32", "2019-01-12 19:23:36"], "total_order": 2, "hotel_value": ["4.7", "4.7"], "hotel_price": ["267", "267"]}, "481752": {"hotel_name": "\u9526\u6c5f\u4e4b\u661f(\u53a6\u95e8\u673a\u573a\u533a\u653f\u5e9c\u5e97)", "order_time": ["2019-01-12 19:23:37"], "total_order": 1, "hotel_value": ["4.2"], "hotel_price": ["159"]}, "6085631": {"hotel_name": "\u53a6\u95e8\u5bb8\u6d32\u6d32\u9645\u9152\u5e97", "order_time": ["2019-01-12 19:23:38"], "total_order": 1, "hotel_value": ["4.7"], "hotel_price": ["944"]}, "11686178": {"hotel_name": "\u53a6\u95e8\u6d77\u6ca7\u65b0\u9633886\u7cbe\u54c1\u9152\u5e97", "order_time": ["2019-01-12 19:23:44"], "total_order": 1, "hotel_value": ["4.3"], "hotel_price": ["145"]}, "19570404": {"hotel_name": "\u53a6\u95e8\u4e00\u5bb6\u5c45\u7cbe\u54c1\u5ba2\u6808", "order_time": ["2019-01-12 19:23:49"], "total_order": 1, "hotel_value": ["5.0"], "hotel_price": ["103"]}, "1478157": {"hotel_name": "\u53a6\u95e8\u9f13\u6d6a\u5c7f\u8ff7\u5c7f\u65c5\u9986", "order_time": ["2019-01-12 19:23:49"], "total_order": 1, "hotel_value": ["4.7"], "hotel_price": ["128"]}, "1742963": {"hotel_name": "\u53a6\u95e8\u9f13\u6d6a\u5c7f\u4e91\u8ba9\u5ba2\u6808(\u539f\u6f2b\u5b85\u65c5\u9986)", "order_time": ["2019-01-12 19:23:49"], "total_order": 1, "hotel_value": ["4.9"], "hotel_price": ["93"]}, "1860911": {"hotel_name": "\u53a6\u95e8\u540d\u5178\u7cbe\u54c1\u9152\u5e97(\u540c\u5b89\u5e97)", "order_time": ["2019-01-12 19:23:49"], "total_order": 1, "hotel_value": ["4.5"], "hotel_price": ["153"]}, "26622348": {"hotel_name": "\u56db\u5b63\u516c\u5bd3\u673a\u573a\u5e97(\u9ad8\u5d0e\u5357\u4e94\u8def\u5206\u5e97)", "order_time": ["2019-01-12 19:23:49"], "total_order": 1, "hotel_value": [0], "hotel_price": ["118"]}, "3031676": {"hotel_name": "\u53a6\u95e8\u946b\u60a6\u5bbe\u9986", "order_time": ["2019-01-12 19:23:49"], "total_order": 1, "hotel_value": ["4.0"], "hotel_price": ["83"]}, "3201487": {"hotel_name": "\u9f13\u6d6a\u5c7f\u79c1\u5c7f\u5496\u5561\u65c5\u9986", "order_time": ["2019-01-12 19:23:49"], "total_order": 1, "hotel_value": ["4.4"], "hotel_price": ["101"]}, "2488027": {"hotel_name": "\u53a6\u5927\u9999\u8549\u6797\u6c11\u5bbf", "order_time": ["2019-01-12 19:23:49"], "total_order": 1, "hotel_value": ["4.8"], "hotel_price": ["84"]}, "2308660": {"hotel_name": "\u53a6\u95e8\u5982\u9e4f\u5bbe\u9986", "order_time": ["2019-01-12 19:23:49"], "total_order": 1, "hotel_value": ["3.2"], "hotel_price": ["108"]}, "1722290": {"hotel_name": "\u53a6\u95e8\u9633\u5149\u6c99\u6ee9\u5ba2\u6808", "order_time": ["2019-01-12 19:23:49"], "total_order": 1, "hotel_value": ["4.9"], "hotel_price": ["103"]}, "1719563": {"hotel_name": "\u53a6\u95e8\u5bbf\u6d77\u6c11\u5bbf(\u539f\u5019\u6f6e\u5c0f\u7b51\u5ba2\u6808)", "order_time": ["2019-01-12 19:24:08"], "total_order": 1, "hotel_value": [0], "hotel_price": ["181"]}, "22815891": {"hotel_name": "\u9177\u9e6d\u9177\u5feb\u6377\u9152\u5e97(\u53a6\u95e8\u4e4c\u6d82\u5546\u4e1a\u8857\u5e97)", "order_time": ["2019-01-12 19:24:08"], "total_order": 1, "hotel_value": ["4.6"], "hotel_price": ["131"]}, "1678210": {"hotel_name": "\u53a6\u95e8\u53a6\u5927\u851a\u84dd\u6d77\u5cb8\u5ba2\u6808", "order_time": ["2019-01-12 19:24:08"], "total_order": 1, "hotel_value": ["4.6"], "hotel_price": ["101"]}, "1086014": {"hotel_name": "\u53a6\u95e8\u6995\u6811\u4e0b\u5496\u5561\u65c5\u9986", "order_time": ["2019-01-12 19:24:08"], "total_order": 1, "hotel_value": ["4.5"], "hotel_price": ["138"]}, "20054442": {"hotel_name": "\u53a6\u95e8\u9ad8\u5d0e\u996d\u5e97", "order_time": ["2019-01-12 19:24:08"], "total_order": 1, "hotel_value": ["4.1"], "hotel_price": ["107"]}, "1352907": {"hotel_name": "\u53a6\u95e8\u9f13\u6d6a\u5c7f\u98ce\u67dc\u98df\u5ba2\u6808", "order_time": ["2019-01-12 19:24:11", "2019-01-12 19:42:08"], "total_order": 2, "hotel_value": ["4.8", "4.8"], "hotel_price": ["231", "231"]}, "375290": {"hotel_name": "\u53a6\u95e8\u5149\u5927\u9152\u5e97", "order_time": ["2019-01-12 19:25:33"], "total_order": 1, "hotel_value": ["4.4"], "hotel_price": ["226"]}, "8011458": {"hotel_name": "\u53a6\u95e8\u5317\u7ad92048\u7cbe\u54c1\u9152\u5e97", "order_time": ["2019-01-12 19:25:34"], "total_order": 1, "hotel_value": ["4.7"], "hotel_price": ["288"]}, "27833083": {"hotel_name": "\u53a6\u95e8\u968f\u5fc3\u9601\u516c\u5bd3", "order_time": ["2019-01-12 19:25:34"], "total_order": 1, "hotel_value": ["4.8"], "hotel_price": ["160"]}, "11824869": {"hotel_name": "\u53a6\u95e8\u7f57\u66fc\u534e\u5ead\u5ea6\u5047\u57ce\u5821\u5e84\u56ed", "order_time": ["2019-01-12 19:25:34"], "total_order": 1, "hotel_value": ["4.9"], "hotel_price": ["148"]}, "21332906": {"hotel_name": "\u53a6\u95e8\u65af\u7ef4\u767b\u5ea6\u5047\u9152\u5e97(\u678b\u6e56\u8f66\u7ad9\u4f18\u671b\u5e97)", "order_time": ["2019-01-12 19:25:35", "2019-01-12 19:43:34"], "total_order": 2, "hotel_value": ["4.8", "4.8"], "hotel_price": ["262", "262"]}, "457043": {"hotel_name": "\u9752\u5e74\u9633\u5149\u9152\u5e97(\u53a6\u95e8\u4e2d\u5c71\u8def\u5e97)(\u539f\u540e\u6ee8\u4e2a\u6027\u5e97)", "order_time": ["2019-01-12 19:25:36"], "total_order": 1, "hotel_value": ["4.7"], "hotel_price": ["137"]}, "1816339": {"hotel_name": "\u6c49\u5ead\u9152\u5e97(\u53a6\u95e8\u4e2d\u5c71\u8def\u6b65\u884c\u8857\u5e97)", "order_time": ["2019-01-12 19:25:36"], "total_order": 1, "hotel_value": ["4.5"], "hotel_price": ["189"]}, "397577": {"hotel_name": "\u53a6\u95e8\u5b9d\u9f99\u94c2\u5c14\u66fc\u5927\u9152\u5e97", "order_time": ["2019-01-12 19:25:36", "2019-01-12 19:37:54"], "total_order": 2, "hotel_value": ["4.7", "4.7"], "hotel_price": ["746", "746"]}, "419873": {"hotel_name": "\u53a6\u95e8\u5929\u9e45\u5927\u9152\u5e97", "order_time": ["2019-01-12 19:25:36"], "total_order": 1, "hotel_value": ["4.6"], "hotel_price": ["361"]}, "375297": {"hotel_name": "\u53a6\u95e8\u9a6c\u54e5\u5b5b\u7f57\u4e1c\u65b9\u5927\u9152\u5e97", "order_time": ["2019-01-12 19:25:37"], "total_order": 1, "hotel_value": ["4.6"], "hotel_price": ["662"]}, "14261979": {"hotel_name": "\u53a6\u95e8\u7075\u73b2\u5927\u9152\u5e97", "order_time": ["2019-01-12 19:25:37"], "total_order": 1, "hotel_value": ["4.5"], "hotel_price": ["402"]}, "346248": {"hotel_name": "\u53a6\u95e8\u6cf0\u8c37\u9152\u5e97", "order_time": ["2019-01-12 19:25:39"], "total_order": 1, "hotel_value": ["4.7"], "hotel_price": ["398"]}, "1195853": {"hotel_name": "\u53a6\u95e8\u610f\u4f73\u9152\u5e97", "order_time": ["2019-01-12 19:25:41"], "total_order": 1, "hotel_value": ["4.4"], "hotel_price": ["95"]}, "1715589": {"hotel_name": "\u4f73\u6a59\u9152\u5e97(\u53a6\u95e8\u83b2\u82b1\u5e97)", "order_time": ["2019-01-12 19:25:44"], "total_order": 1, "hotel_value": ["4.4"], "hotel_price": ["184"]}, "1199959": {"hotel_name": "\u5982\u5bb6\u5feb\u6377\u9152\u5e97(\u53a6\u95e8\u53a6\u79be\u8def\u767d\u9e6d\u6d32\u8def\u5e97)", "order_time": ["2019-01-12 19:45:40", "2019-01-12 19:25:44"], "total_order": 2, "hotel_value": ["4.2", "4.2"], "hotel_price": ["123", "123"]}, "2277879": {"hotel_name": "\u53a6\u95e8\u53a6\u5927\u73ca\u745a\u6d77\u7cbe\u54c1\u5ba2\u6808", "order_time": ["2019-01-12 19:35:43", "2019-01-12 19:25:46"], "total_order": 2, "hotel_value": ["4.7", "4.7"], "hotel_price": ["64", "69"]}, "2059187": {"hotel_name": "\u53a6\u95e8\u53a6\u90fd\u5047\u65e5\u9152\u5e97", "order_time": ["2019-01-12 19:25:46"], "total_order": 1, "hotel_value": ["3.8"], "hotel_price": ["178"]}, "4960975": {"hotel_name": "\u548c\u9890\u9152\u5e97(\u53a6\u95e8\u4e2d\u5c71\u8def\u6b65\u884c\u8857\u5e97)", "order_time": ["2019-01-12 19:27:30"], "total_order": 1, "hotel_value": ["4.7"], "hotel_price": ["274"]}, "6052144": {"hotel_name": "\u53a6\u95e8\u66fe\u73e0\u6e2f\u57ce\u5821\u5e84\u56ed", "order_time": ["2019-01-12 19:27:32"], "total_order": 1, "hotel_value": ["4.8"], "hotel_price": ["169"]}, "1510164": {"hotel_name": "\u53a6\u95e8\u66fe\u83f2\u513f\u82b1\u56ed\u9152\u5e97(\u539f\u7ea2\u7d20\u5ea6\u5047\u522b\u5885)", "order_time": ["2019-01-12 19:27:37", "2019-01-12 19:32:02"], "total_order": 2, "hotel_value": ["4.8", "4.8"], "hotel_price": ["178", "178"]}, "1719842": {"hotel_name": "\u53a6\u95e821\u533a\u521b\u610f\u9152\u5e97(\u539f\u548c\u681121\u533a\u521b\u610f\u9152\u5e97)", "order_time": ["2019-01-12 19:27:38"], "total_order": 1, "hotel_value": ["4.2"], "hotel_price": ["96"]}, "5324761": {"hotel_name": "\u53a6\u95e8\u798f\u5b89\u516c\u5bd3", "order_time": ["2019-01-12 19:27:40"], "total_order": 1, "hotel_value": ["4.5"], "hotel_price": ["93"]}, "6511085": {"hotel_name": "\u901f8\u9152\u5e97(\u53a6\u95e8\u706b\u8f66\u7ad9\u83b2\u524d\u897f\u8def\u5e97)", "order_time": ["2019-01-12 19:27:43"], "total_order": 1, "hotel_value": ["4.1"], "hotel_price": ["107"]}, "5482771": {"hotel_name": "\u89c1\u6c50\u00b7\u4e00\u5e2d\u8bbe\u8ba1\u5e08\u7f8e\u5bbf", "order_time": ["2019-01-12 19:29:29"], "total_order": 1, "hotel_value": ["5.0"], "hotel_price": ["285"]}, "6839393": {"hotel_name": "\u5bb6\u5bb6\u4e50\u9152\u5e97\uff08\u53a6\u95e8\u4e2d\u5c71\u8def\u5347\u5e73\u5e97\uff09", "order_time": ["2019-01-12 19:29:31"], "total_order": 1, "hotel_value": ["4.4"], "hotel_price": ["157"]}, "2301227": {"hotel_name": "\u9526\u6c5f\u4e4b\u661f(\u53a6\u95e8\u674f\u6797\u5e97)", "order_time": ["2019-01-12 19:29:31"], "total_order": 1, "hotel_value": ["4.5"], "hotel_price": ["189"]}, "1405425": {"hotel_name": "\u53a6\u95e8\u5174\u6052\u5927\u9152\u5e97", "order_time": ["2019-01-12 19:29:31"], "total_order": 1, "hotel_value": ["4.5"], "hotel_price": ["470"]}, "2058271": {"hotel_name": "\u53a6\u95e8\u4e0d\u820d\u539d\u8fc7\u5ba2\u6808", "order_time": ["2019-01-12 19:29:33"], "total_order": 1, "hotel_value": ["4.9"], "hotel_price": ["166"]}, "15717242": {"hotel_name": "\u53a6\u95e8\u9e6d\u5c9b\u6234\u65af\u9152\u5e97", "order_time": ["2019-01-12 19:29:34", "2019-01-12 19:35:30"], "total_order": 2, "hotel_value": ["4.5", "4.5"], "hotel_price": ["456", "456"]}, "878866": {"hotel_name": "\u53a6\u95e8\u94f6\u6d32\u65c5\u9986", "order_time": ["2019-01-12 19:29:35"], "total_order": 1, "hotel_value": ["4.5"], "hotel_price": ["139"]}, "428315": {"hotel_name": "\u5982\u5bb6\u5feb\u6377\u9152\u5e97(\u53a6\u95e8\u6587\u56ed\u8def\u6587\u7076\u5730\u94c1\u7ad9\u5e97)", "order_time": ["2019-01-12 19:29:36", "2019-01-12 19:41:39"], "total_order": 2, "hotel_value": ["4.4", "4.4"], "hotel_price": ["109", "109"]}, "6819686": {"hotel_name": "\u53a6\u95e8\u6162\u751f\u6d3b\u00b7\u51e1\u6734\u5ea6\u5047\u522b\u5885", "order_time": ["2019-01-12 19:29:38"], "total_order": 1, "hotel_value": ["4.9"], "hotel_price": ["259"]}, "1417342": {"hotel_name": "\u53a6\u95e8\u7231\u7b51\u65f6\u5c1a\u7cbe\u54c1\u60c5\u4fa3\u4e3b\u9898\u9152\u5e97", "order_time": ["2019-01-12 19:29:39", "2019-01-12 19:35:37"], "total_order": 2, "hotel_value": ["4.5", "4.5"], "hotel_price": ["200", "200"]}, "1727667": {"hotel_name": "\u53a6\u95e8\u9f13\u6d6a\u5c7f\u9e93\u610f\u601d\u8001\u522b\u5885\u5ea6\u5047\u9152\u5e97", "order_time": ["2019-01-12 19:29:41"], "total_order": 1, "hotel_value": ["4.6"], "hotel_price": ["311"]}, "1771637": {"hotel_name": "\u53a6\u95e8\u6d77\u5854\u4e4b\u661f\u6d77\u8fb9\u4e3b\u9898\u5ba2\u6808", "order_time": ["2019-01-12 19:29:43"], "total_order": 1, "hotel_value": ["4.8"], "hotel_price": ["93"]}, "5240630": {"hotel_name": "\u53a6\u95e8\u5df4\u5398\u5c9b\u5ea6\u5047\u5c4b", "order_time": ["2019-01-12 19:33:43", "2019-01-12 19:29:43"], "total_order": 2, "hotel_value": ["4.8", "4.8"], "hotel_price": ["80", "80"]}, "773817": {"hotel_name": "\u53a6\u95e8\u5317\u7ad9\u4e09\u53f7\u516c\u9986", "order_time": ["2019-01-12 19:29:44"], "total_order": 1, "hotel_value": ["4.6"], "hotel_price": ["62"]}, "2308064": {"hotel_name": "\u53a6\u95e8\u5317\u7ad9\u7f57\u8513\u5c0f\u6808", "order_time": ["2019-01-12 19:29:46"], "total_order": 1, "hotel_value": ["4.6"], "hotel_price": ["78"]}, "436737": {"hotel_name": "\u53a6\u95e8\u9f13\u6d6a\u5c7f\u60a6\u7cbe\u54c1\u9152\u5e97", "order_time": ["2019-01-12 19:37:52", "2019-01-12 19:29:52"], "total_order": 2, "hotel_value": ["4.5", "4.5"], "hotel_price": ["126", "126"]}, "1768152": {"hotel_name": "\u5357\u71d5\u539d\u6c11\u5bbf(\u53a6\u95e8\u65e5\u6708\u8c37\u6e29\u6cc9\u5e97)(\u539f\u4e00\u54c1\u6c64\u5bb6\u5ead\u65c5\u9986)", "order_time": ["2019-01-12 19:29:55"], "total_order": 1, "hotel_value": ["4.8"], "hotel_price": ["135"]}, "26407280": {"hotel_name": "\u53a6\u95e8\u5c7f\u4e0a\u522b\u539d\u5ba2\u6808", "order_time": ["2019-01-12 19:29:55"], "total_order": 1, "hotel_value": ["4.9"], "hotel_price": ["58"]}, "18467278": {"hotel_name": "\u53a6\u95e8\u9047\u4e66\u623f\u5ba2\u6808", "order_time": ["2019-01-12 19:29:57"], "total_order": 1, "hotel_value": [0], "hotel_price": ["238"]}, "468485": {"hotel_name": "\u53a6\u95e8\u6e2f\u6e7e\u5927\u9152\u5e97", "order_time": ["2019-01-12 19:31:34"], "total_order": 1, "hotel_value": ["4.5"], "hotel_price": ["299"]}, "3925042": {"hotel_name": "\u53a6\u95e8\u540d\u95e8\u76db\u4e16\u00b7\u6587\u5316\u9152\u5e97", "order_time": ["2019-01-12 19:39:32", "2019-01-12 19:31:34"], "total_order": 2, "hotel_value": ["4.8", "4.8"], "hotel_price": ["218", "218"]}, "11893099": {"hotel_name": "\u53a6\u95e8\u4e00\u5b85\u8bbe\u8ba1\u5e08\u6c11\u5bbf", "order_time": ["2019-01-12 19:31:35"], "total_order": 1, "hotel_value": ["4.2"], "hotel_price": ["312"]}, "369748": {"hotel_name": "\u53a6\u95e8\u6d77\u6e2f\u82f1\u8fea\u683c\u9152\u5e97", "order_time": ["2019-01-12 19:31:36"], "total_order": 1, "hotel_value": ["4.7"], "hotel_price": ["849"]}, "473274": {"hotel_name": "\u53a6\u95e8\u65e5\u4e1c\u82b1\u56ed\u9152\u5e97(\u81ea\u9a7e\u8f66\u4e3b\u9898\u9152\u5e97)", "order_time": ["2019-01-12 19:31:36"], "total_order": 1, "hotel_value": ["4.5"], "hotel_price": ["280"]}, "437446": {"hotel_name": "\u53a6\u95e8\u4f70\u7fd4\u8f6f\u4ef6\u56ed\u9152\u5e97", "order_time": ["2019-01-12 19:31:37"], "total_order": 1, "hotel_value": ["4.7"], "hotel_price": ["446"]}, "2300476": {"hotel_name": "7\u5929\u4f18\u54c1\u9152\u5e97(\u53a6\u95e8\u673a\u573a\u5e97)", "order_time": ["2019-01-12 19:31:38"], "total_order": 1, "hotel_value": ["4.6"], "hotel_price": ["199"]}, "744314": {"hotel_name": "\u5982\u5bb6\u5feb\u6377\u9152\u5e97(\u53a6\u95e8\u4e2d\u5c71\u8def\u6b65\u884c\u8857\u9547\u6d77\u8def\u5730\u94c1\u7ad9\u5e97)", "order_time": ["2019-01-12 19:31:39"], "total_order": 1, "hotel_value": ["4.4"], "hotel_price": ["169"]}, "1733907": {"hotel_name": "\u53a6\u95e8\u8363\u8a89\u56fd\u9645\u9152\u5e97", "order_time": ["2019-01-12 19:31:39"], "total_order": 1, "hotel_value": ["4.7"], "hotel_price": ["688"]}, "1298769": {"hotel_name": "\u53a6\u95e8\u5df4\u514b\u62c9\u6982\u5ff5\u9152\u5e97", "order_time": ["2019-01-12 19:31:41"], "total_order": 1, "hotel_value": ["4.6"], "hotel_price": ["259"]}, "6882800": {"hotel_name": "\u53a6\u95e8\u5e02\u601d\u6f6e\u4e3b\u9898\u5ba2\u6808", "order_time": ["2019-01-12 19:31:44"], "total_order": 1, "hotel_value": ["4.6"], "hotel_price": ["118"]}, "2299730": {"hotel_name": "\u946b\u540d\u82d1\u9152\u5e97(\u53a6\u95e8\u6587\u5316\u827a\u672f\u4e2d\u5fc3\u5e97)", "order_time": ["2019-01-12 19:33:32"], "total_order": 1, "hotel_value": ["4.5"], "hotel_price": ["107"]}, "2290014": {"hotel_name": "\u53a6\u95e8\u541b\u6021\u9152\u5e97", "order_time": ["2019-01-12 19:33:34", "2019-01-12 19:43:36"], "total_order": 2, "hotel_value": ["4.7", "4.7"], "hotel_price": ["269", "269"]}, "5979992": {"hotel_name": "\u53a6\u95e8\u5c71\u5c7f\u6d77\u7cbe\u54c1\u5ba2\u6808", "order_time": ["2019-01-12 19:33:35"], "total_order": 1, "hotel_value": ["4.8"], "hotel_price": ["138"]}, "1728118": {"hotel_name": "\u53a6\u95e8\u5c71\u6c34\u5bbe\u9986", "order_time": ["2019-01-12 19:33:38"], "total_order": 1, "hotel_value": ["4.3"], "hotel_price": ["223"]}, "385412": {"hotel_name": "\u53a6\u95e8\u5317\u6d77\u6e7e\u60e0\u9f99\u4e07\u8fbe\u5609\u534e\u9152\u5e97", "order_time": ["2019-01-12 19:33:43"], "total_order": 1, "hotel_value": ["4.8"], "hotel_price": ["750"]}, "440397": {"hotel_name": "\u7231\u4e01\u5821\u9152\u5e97(\u53a6\u95e8\u53a6\u9f13\u7801\u5934\u5e97)(\u539f\u9890\u9526\u9152\u5e97)", "order_time": ["2019-01-12 19:35:32"], "total_order": 1, "hotel_value": ["4.6"], "hotel_price": ["104"]}, "6531873": {"hotel_name": "\u53a6\u95e8\u6469\u767b\u4e16\u5bb6\u8fde\u9501\u9152\u5e97\u706b\u8f66\u7ad9\u5e97", "order_time": ["2019-01-12 19:35:33"], "total_order": 1, "hotel_value": ["4.7"], "hotel_price": ["150"]}, "434801": {"hotel_name": "\u53a6\u95e8\u51ef\u88d5\u7f8e\u7235\u9152\u5e97", "order_time": ["2019-01-12 20:01:43", "2019-01-12 19:35:33"], "total_order": 2, "hotel_value": ["4.5", "4.5"], "hotel_price": ["519", "519"]}, "4041819": {"hotel_name": "\u5bb6\u5bb6\u4e50\u9152\u5e97\uff08\u53a6\u95e8\u4e2d\u5c71\u8def\u6b65\u884c\u8857\u5e97\uff09", "order_time": ["2019-01-12 19:36:09"], "total_order": 1, "hotel_value": ["4.4"], "hotel_price": ["218"]}, "467630": {"hotel_name": "\u53a6\u95e8\u9f13\u6d6a\u5c7f\u4e00\u89c1\u82b1\u56ed\u8001\u522b\u5885", "order_time": ["2019-01-12 19:37:30"], "total_order": 1, "hotel_value": ["4.7"], "hotel_price": ["236"]}, "5639861": {"hotel_name": "\u53a6\u95e8\u66fe\u539d\u57b5\u63fd\u6d77\u542c\u98ce\u56fd\u9645\u9752\u5e74\u65c5\u820d", "order_time": ["2019-01-12 19:37:30"], "total_order": 1, "hotel_value": ["4.7"], "hotel_price": ["50"]}, "1541934": {"hotel_name": "\u53a6\u95e8\u68b5\u5c45\u00b7\u9759\u5fc3\u522b\u9662", "order_time": ["2019-01-12 19:37:33"], "total_order": 1, "hotel_value": ["4.9"], "hotel_price": ["212"]}, "6779273": {"hotel_name": "\u53a6\u95e8\u5317\u7ad9\u7f8e\u81f4\u9999\u5885\u5ba2\u6808", "order_time": ["2019-01-12 19:37:35"], "total_order": 1, "hotel_value": ["4.6"], "hotel_price": ["133"]}, "437770": {"hotel_name": "\u53a6\u95e8\u79be\u6b63\u5927\u9152\u5e97", "order_time": ["2019-01-12 19:41:30", "2019-01-12 19:37:36"], "total_order": 2, "hotel_value": ["4.2", "4.2"], "hotel_price": ["138", "138"]}, "5661481": {"hotel_name": "\u53a6\u95e8\u65fa\u5bb6\u5ba2\u6808(\u539f\u65fa\u5bb6\u5bbe\u9986)", "order_time": ["2019-01-12 19:37:44"], "total_order": 1, "hotel_value": ["4.7"], "hotel_price": ["70"]}, "6865406": {"hotel_name": "\u53a6\u95e8\u91d1\u6c47\u5cf0\u5546\u52a1\u5bbe\u9986", "order_time": ["2019-01-12 19:37:46"], "total_order": 1, "hotel_value": ["4.7"], "hotel_price": ["164"]}, "1245093": {"hotel_name": "\u53a6\u95e8\u8463\u5c0f\u59d0\u6f6e\u6c50\u522b\u5885", "order_time": ["2019-01-12 19:39:33"], "total_order": 1, "hotel_value": ["4.8"], "hotel_price": ["103"]}, "11089626": {"hotel_name": "\u53a6\u95e8\u5c14\u7fd4\u9152\u5e97", "order_time": ["2019-01-12 19:39:33"], "total_order": 1, "hotel_value": ["4.5"], "hotel_price": ["379"]}, "443638": {"hotel_name": "\u53a6\u95e8\u91d1\u6865\u82b1\u56ed\u9152\u5e97", "order_time": ["2019-01-12 19:49:45", "2019-01-12 19:39:33"], "total_order": 2, "hotel_value": ["4.5", "4.5"], "hotel_price": ["292", "292"]}, "346260": {"hotel_name": "\u53a6\u95e8\u745e\u9890\u5927\u9152\u5e97", "order_time": ["2019-01-12 19:39:35"], "total_order": 1, "hotel_value": ["4.7"], "hotel_price": ["869"]}, "5757188": {"hotel_name": "\u53a6\u95e8\u5927\u5b66\u9f13\u6d6a\u6e7e\u6d77\u666f\u516c\u5bd3(\u539f\u53a6\u5927\u4e16\u8302\u53cc\u5b50\u5854\u597d\u7720\u9152\u5e97\u516c\u5bd3)", "order_time": ["2019-01-12 19:39:35"], "total_order": 1, "hotel_value": ["4.7"], "hotel_price": ["453"]}, "22804277": {"hotel_name": "\u6854\u5b50\u9152\u5e97\u7cbe\u9009(\u53a6\u95e8\u4f1a\u5c55\u4e2d\u5fc3\u89c2\u97f3\u5c71\u5e97)", "order_time": ["2019-01-12 19:39:37"], "total_order": 1, "hotel_value": ["4.8"], "hotel_price": ["322"]}, "14123638": {"hotel_name": "\u53a6\u95e8\u540c\u5b89\u540d\u53cb\u5927\u9152\u5e97", "order_time": ["2019-01-12 19:39:38"], "total_order": 1, "hotel_value": ["4.1"], "hotel_price": ["153"]}, "1684319": {"hotel_name": "7\u5929\u8fde\u9501\u9152\u5e97(\u53a6\u95e8SM\u57ce\u5e02\u5e7f\u573a\u5e97)", "order_time": ["2019-01-12 19:39:39"], "total_order": 1, "hotel_value": ["4.0"], "hotel_price": ["157"]}, "436721": {"hotel_name": "\u53a6\u95e8\u9f13\u6d6a\u5c7f\u4e03\u91cc\u9999\u820d\u65c5\u9986", "order_time": ["2019-01-12 19:39:42"], "total_order": 1, "hotel_value": ["4.4"], "hotel_price": ["370"]}, "1933976": {"hotel_name": "\u9f13\u6d6a\u5c7f\u5e7d\u7fd4\u65c5\u9986", "order_time": ["2019-01-12 19:39:43"], "total_order": 1, "hotel_value": ["4.5"], "hotel_price": ["93"]}, "11372511": {"hotel_name": "\u53a6\u95e8\u6f2b\u5ead\u65f6\u5149\u5ba2\u6808(\u539f\u53a6\u95e8\u9189\u5fd8\u5c45\u5ba2\u6808)", "order_time": ["2019-01-12 19:39:51"], "total_order": 1, "hotel_value": ["4.8"], "hotel_price": ["143"]}, "5282077": {"hotel_name": "\u53a6\u95e8\u71d5\u6eaa\u9ad8\u7aef\u6c11\u5bbf", "order_time": ["2019-01-12 19:41:30"], "total_order": 1, "hotel_value": ["4.9"], "hotel_price": ["231"]}, "28024075": {"hotel_name": "\u53a6\u95e8\u73af\u5c9b\u8def\u4e9a\u6735S\u5ea6\u5047\u9152\u5e97", "order_time": ["2019-01-12 19:41:30"], "total_order": 1, "hotel_value": ["4.8"], "hotel_price": ["626"]}, "858889": {"hotel_name": "\u53a6\u95e8\u4e5d\u95f4\u5802\u8bbe\u8ba1\u5e08\u6c11\u5bbf(\u539f\u53a6\u95e8\u4e09\u6708\u5ba2\u6808)", "order_time": ["2019-01-12 19:41:31"], "total_order": 1, "hotel_value": ["4.8"], "hotel_price": ["143"]}, "4041978": {"hotel_name": "\u901f8\u9152\u5e97\uff08\u53a6\u95e8\u673a\u573a\u6e56\u91cc\u5927\u9053\u5e97\uff09", "order_time": ["2019-01-12 19:41:31"], "total_order": 1, "hotel_value": ["4.3"], "hotel_price": ["187"]}, "1248911": {"hotel_name": "\u53a6\u95e8\u9f13\u6d6a\u5c7f\u67d4\u8f6f\u65f6\u5149\u5ea6\u5047\u6d0b\u623f", "order_time": ["2019-01-12 19:41:39"], "total_order": 1, "hotel_value": ["4.8"], "hotel_price": ["233"]}, "2605823": {"hotel_name": "\u6613\u4f70\u8fde\u9501\u65c5\u5e97(\u53a6\u95e8\u4e1c\u6e21\u7801\u5934\u6e56\u91cc\u6b65\u884c\u8857\u5e97)", "order_time": ["2019-01-12 19:41:40"], "total_order": 1, "hotel_value": ["3.9"], "hotel_price": ["92"]}, "1689468": {"hotel_name": "\u53a6\u95e821\u2103\u5170\u5361\u5ea6\u5047\u5c4b", "order_time": ["2019-01-12 19:41:46"], "total_order": 1, "hotel_value": ["4.7"], "hotel_price": ["71"]}, "521079": {"hotel_name": "\u53a6\u95e8\u9999\u8349\u56ed\u9152\u5e97", "order_time": ["2019-01-12 19:43:34"], "total_order": 1, "hotel_value": ["4.8"], "hotel_price": ["345"]}, "15899938": {"hotel_name": "\u53a6\u95e8\u6e90\u9999\u9601\u5ba2\u6808", "order_time": ["2019-01-12 19:43:57", "2019-01-12 19:45:54"], "total_order": 2, "hotel_value": ["3.5", "3.5"], "hotel_price": ["106", "106"]}, "1669085": {"hotel_name": "\u53a6\u95e8\u6d77\u68e0\u5ea6\u5047\u5c4b", "order_time": ["2019-01-12 19:47:44", "2019-01-12 19:45:32"], "total_order": 2, "hotel_value": ["5.0", "5.0"], "hotel_price": ["161", "161"]}, "1389209": {"hotel_name": "\u9526\u6c5f\u4e4b\u661f\u54c1\u5c1a(\u53a6\u95e8\u96c6\u7f8e\u5927\u5b66\u56fd\u8d38\u5e97)", "order_time": ["2019-01-12 19:45:34"], "total_order": 1, "hotel_value": ["4.6"], "hotel_price": ["219"]}, "1183602": {"hotel_name": "\u516b\u82f1\u91cc\u9152\u5e97(\u53a6\u95e8\u4e2d\u5c71\u8def\u5e97)", "order_time": ["2019-01-12 19:45:37"], "total_order": 1, "hotel_value": ["4.7"], "hotel_price": ["118"]}, "14152793": {"hotel_name": "\u53a6\u95e8\u65f6\u5c1a\u65c5\u9986(\u673a\u573a\u5e97)", "order_time": ["2019-01-12 19:45:40"], "total_order": 1, "hotel_value": ["4.7"], "hotel_price": ["88"]}, "6336638": {"hotel_name": "\u53a6\u95e8\u897f\u8fb9\u820d\u5ba2\u6808", "order_time": ["2019-01-12 19:45:40"], "total_order": 1, "hotel_value": ["4.9"], "hotel_price": ["168"]}, "2157026": {"hotel_name": "\u53a6\u95e8\u559c\u591a\u5c4b\u9152\u5e97", "order_time": ["2019-01-12 19:45:41"], "total_order": 1, "hotel_value": ["4.6"], "hotel_price": ["128"]}, "1933572": {"hotel_name": "\u53a6\u95e8\u4e3d\u8c6a\u9152\u5e97", "order_time": ["2019-01-12 19:45:41"], "total_order": 1, "hotel_value": ["4.2"], "hotel_price": ["95"]}, "4825843": {"hotel_name": "\u53a6\u95e8\u949f\u5b85\u8475\u82b1\u5ba2\u6808", "order_time": ["2019-01-12 19:45:42"], "total_order": 1, "hotel_value": ["3.9"], "hotel_price": ["98"]}, "2303793": {"hotel_name": "\u53a6\u95e8\u946b\u5b89\u5b9a\u65c5\u9986(\u539f\u5b89\u5b9a\u9152\u5e97(\u53a6\u95e8\u4e2d\u5c71\u8def\u5e97))", "order_time": ["2019-01-12 19:45:50"], "total_order": 1, "hotel_value": ["4.3"], "hotel_price": ["123"]}, "2241046": {"hotel_name": "\u4e2d\u5357\u6e7e\u9152\u5e97(\u53a6\u95e8\u4e2d\u5c71\u8def\u5e97)", "order_time": ["2019-01-12 19:46:05", "2019-01-12 20:02:12"], "total_order": 2, "hotel_value": ["4.0", "4.0"], "hotel_price": ["138", "138"]}, "481710": {"hotel_name": "\u9526\u6c5f\u4e4b\u661f(\u53a6\u95e8\u706b\u8f66\u7ad9\u5e97)(\u539f\u4e1c\u6d66\u8def\u5e97)", "order_time": ["2019-01-12 19:47:32"], "total_order": 1, "hotel_value": ["4.4"], "hotel_price": ["124"]}, "1788826": {"hotel_name": "\u53a6\u95e8\u9f13\u6d6a\u5c7f\u9ec4\u516c\u9986", "order_time": ["2019-01-12 19:47:35"], "total_order": 1, "hotel_value": ["4.5"], "hotel_price": ["173"]}, "2310246": {"hotel_name": "\u53a6\u95e8\u4e1c\u57ce\u6e7e\u5feb\u6377\u9152\u5e97", "order_time": ["2019-01-12 19:47:39"], "total_order": 1, "hotel_value": ["3.8"], "hotel_price": ["140"]}, "443333": {"hotel_name": "\u9752\u5e74\u9633\u5149\u8fde\u9501\u9152\u5e97(\u53a6\u95e8\u65b9\u7279\u68a6\u5e7b\u540c\u5b89\u5e97)(\u539f\u540c\u5b89\u5e97)", "order_time": ["2019-01-12 19:47:39"], "total_order": 1, "hotel_value": ["4.5"], "hotel_price": ["135"]}, "5312033": {"hotel_name": "\u53a6\u95e8\u6c38\u4e30\u6d77\u6d0b\u5ba2\u6808", "order_time": ["2019-01-12 19:47:41"], "total_order": 1, "hotel_value": ["4.6"], "hotel_price": ["194"]}, "444772": {"hotel_name": "\u590f\u5546\u00b7\u6021\u5ead\u5feb\u6377\u9152\u5e97(\u53a6\u95e8\u706b\u8f66\u7ad9\u6c47\u6210\u5e97)", "order_time": ["2019-01-12 19:47:42"], "total_order": 1, "hotel_value": ["4.5"], "hotel_price": ["105"]}, "11288820": {"hotel_name": "\u53a6\u95e8\u7231\u4e3d\u4e1d\u6d77\u666f\u5e84\u56ed\uff08\u539f\u53a6\u95e8\u66fe\u539d\u57b5\u4f18\u89c5\u5ba2\u6808\uff09", "order_time": ["2019-01-12 19:48:00"], "total_order": 1, "hotel_value": ["4.9"], "hotel_price": ["147"]}, "2914952": {"hotel_name": "\u53a6\u95e8\u5927\u5b66\u51ef\u5c14\u987f\u6d77\u666f\u516c\u5bd3(\u539f\u53a6\u5927\u4e16\u8302\u6d77\u5ce1\u9152\u5e97\u516c\u5bd3)", "order_time": ["2019-01-12 20:03:34", "2019-01-12 19:49:33"], "total_order": 2, "hotel_value": ["4.4", "4.4"], "hotel_price": ["533", "533"]}, "438257": {"hotel_name": "\u53a6\u95e8\u946b\u540d\u95e8\u82b1\u56ed\u9152\u5e97(\u539f\u5361\u5c14\u66fc\u9152\u5e97)", "order_time": ["2019-01-12 19:49:34"], "total_order": 1, "hotel_value": ["4.3"], "hotel_price": ["231"]}, "777325": {"hotel_name": "\u53a6\u95e8\u5929\u6d77\u82b1\u56ed\u9152\u5e97", "order_time": ["2019-01-12 19:49:34"], "total_order": 1, "hotel_value": ["4.5"], "hotel_price": ["280"]}, "1815575": {"hotel_name": "\u53a6\u95e8\u4e00\u54c1\u00b7\u6734\u5bbf(\u539f\u6f2b\u6d77\u5c45\u5ba2\u6808)", "order_time": ["2019-01-12 19:49:47"], "total_order": 1, "hotel_value": ["4.9"], "hotel_price": ["214"]}, "1893981": {"hotel_name": "\u53a6\u95e8\u9510\u00b7\u67cf\u8335\u9152\u5e97", "order_time": ["2019-01-12 19:49:47"], "total_order": 1, "hotel_value": ["4.4"], "hotel_price": ["182"]}, "2300982": {"hotel_name": "7\u5929\u8fde\u9501\u9152\u5e97(\u53a6\u95e8\u706b\u8f66\u7ad9\u6e56\u6ee8\u5357\u8def\u4e2d\u5c71\u533b\u9662\u5e97)", "order_time": ["2019-01-12 19:49:47"], "total_order": 1, "hotel_value": ["4.4"], "hotel_price": ["149"]}, "1315375": {"hotel_name": "\u53a6\u95e8\u82cf\u56ed\u00b7\u5929\u5c71\u6cc9\u9152\u5e97", "order_time": ["2019-01-12 19:51:29"], "total_order": 1, "hotel_value": ["4.5"], "hotel_price": ["140"]}, "12229646": {"hotel_name": "\u6613\u4f70\u8fde\u9501\u65c5\u5e97(\u53a6\u95e8\u706b\u8f66\u7ad9\u6e56\u6ee8\u4e1c\u8def\u5e97)", "order_time": ["2019-01-12 19:51:30"], "total_order": 1, "hotel_value": ["4.0"], "hotel_price": ["104"]}, "426864": {"hotel_name": "\u53a6\u95e8\u9f13\u6d6a\u5c7f\u6d77\u4e0a\u82b1\u56ed\u9152\u5e97", "order_time": ["2019-01-12 19:51:33"], "total_order": 1, "hotel_value": ["4.4"], "hotel_price": ["689"]}, "346267": {"hotel_name": "\u53a6\u95e8\u5e1d\u5143\u7ef4\u591a\u5229\u4e9a\u5927\u9152\u5e97", "order_time": ["2019-01-12 19:51:34"], "total_order": 1, "hotel_value": ["4.5"], "hotel_price": ["536"]}, "450155": {"hotel_name": "\u5982\u5bb6\u5feb\u6377\u9152\u5e97(\u53a6\u95e8\u4e2d\u5c71\u8def\u6e56\u6ee8\u897f\u8def\u5e97)", "order_time": ["2019-01-12 19:53:33"], "total_order": 1, "hotel_value": ["4.2"], "hotel_price": ["139"]}, "898495": {"hotel_name": "\u6c49\u5ead\u9152\u5e97(\u53a6\u95e8\u79be\u7965\u897f\u8def\u79be\u7965\u5546\u57ce\u5e97)(\u539f\u6e56\u6ee8\u4e2d\u8def\u5e97)", "order_time": ["2019-01-12 19:53:35"], "total_order": 1, "hotel_value": ["4.4"], "hotel_price": ["132"]}, "1486929": {"hotel_name": "\u6c49\u5ead\u4f18\u4f73\u9152\u5e97(\u53a6\u95e8\u4e2d\u5c71\u8def\u6b65\u884c\u8857\u5e97)", "order_time": ["2019-01-12 19:53:35"], "total_order": 1, "hotel_value": ["4.7"], "hotel_price": ["331"]}, "1010492": {"hotel_name": "\u53a6\u95e8\u55bb\u8272\u5ea6\u5047\u522b\u82d1", "order_time": ["2019-01-12 19:53:39"], "total_order": 1, "hotel_value": ["4.9"], "hotel_price": ["249"]}, "6516890": {"hotel_name": "\u5168\u5b63\u9152\u5e97(\u53a6\u95e8SM\u5e7f\u573a\u677e\u67cf\u5e97)", "order_time": ["2019-01-12 19:53:39"], "total_order": 1, "hotel_value": ["4.8"], "hotel_price": ["351"]}, "5297546": {"hotel_name": "\u53a6\u95e8\u590f\u6cab\u5ea6\u5047\u9152\u5e97", "order_time": ["2019-01-12 19:53:40"], "total_order": 1, "hotel_value": ["4.8"], "hotel_price": ["229"]}, "1510329": {"hotel_name": "\u53a6\u95e8\u541b\u96c5\u5047\u65e5\u9152\u5e97", "order_time": ["2019-01-12 19:53:41"], "total_order": 1, "hotel_value": ["4.8"], "hotel_price": ["81"]}, "26624853": {"hotel_name": "\u53a6\u95e8\u66fe\u539d\u57b5\u65f6\u5149\u6f2b\u6b47\u6c11\u5bbf", "order_time": ["2019-01-12 19:53:48"], "total_order": 1, "hotel_value": ["4.9"], "hotel_price": ["137"]}, "8591137": {"hotel_name": "\u53a6\u95e8\u6765\u4e5f\u5ba2\u6808", "order_time": ["2019-01-12 19:54:01"], "total_order": 1, "hotel_value": ["3.8"], "hotel_price": ["64"]}, "440696": {"hotel_name": "\u53a6\u95e8\u9f13\u6d6a\u6e7e\u5927\u9152\u5e97", "order_time": ["2019-01-12 19:55:32"], "total_order": 1, "hotel_value": ["4.5"], "hotel_price": ["486"]}, "392554": {"hotel_name": "\u53a6\u95e8\u91d1\u745e\u4f73\u6cf0\u9152\u5e97(\u539f\u91d1\u5df4\u5170\u9152\u5e97)", "order_time": ["2019-01-12 19:55:33"], "total_order": 1, "hotel_value": ["4.5"], "hotel_price": ["299"]}, "2097550": {"hotel_name": "\u53a6\u95e8\u6d6a\u6f2b\u90fd\u5e02\u9152\u5e97", "order_time": ["2019-01-12 19:55:44"], "total_order": 1, "hotel_value": ["4.0"], "hotel_price": ["121"]}, "1247067": {"hotel_name": "\u53a6\u95e8\u5341\u56db\u4efd\u5ba2\u6808", "order_time": ["2019-01-12 19:57:38"], "total_order": 1, "hotel_value": ["4.9"], "hotel_price": ["121"]}, "2101828": {"hotel_name": "\u53a6\u95e8\u69ad\u540e\u9152\u5e97", "order_time": ["2019-01-12 19:57:39"], "total_order": 1, "hotel_value": ["4.8"], "hotel_price": ["196"]}, "1199043": {"hotel_name": "\u53a6\u95e8\u5929\u60a6\u5ba2\u6808", "order_time": ["2019-01-12 20:01:39", "2019-01-12 19:57:40"], "total_order": 2, "hotel_value": ["4.9", "4.9"], "hotel_price": ["84", "84"]}, "7365574": {"hotel_name": "\u53a6\u95e8708090\u5bb6\u5ead\u5ba2\u6808", "order_time": ["2019-01-12 19:58:08"], "total_order": 1, "hotel_value": [0], "hotel_price": ["131"]}, "1730041": {"hotel_name": "\u9f13\u6d6a\u5c7f\u6e29\u838e\u516c\u9986", "order_time": ["2019-01-12 19:58:09"], "total_order": 1, "hotel_value": [0], "hotel_price": ["237"]}, "6955152": {"hotel_name": "\u53a6\u95e8\u541b\u96c5\u65f6\u5c1a\u9152\u5e97(\u539f\u4e98\u91d1\u9152\u5e97)", "order_time": ["2019-01-12 19:59:38"], "total_order": 1, "hotel_value": ["4.8"], "hotel_price": ["81"]}, "23886316": {"hotel_name": "\u53a6\u95e8\u66fe\u5c0f\u59d0\u7684\u6c11\u5bbf", "order_time": ["2019-01-12 19:59:38"], "total_order": 1, "hotel_value": ["4.8"], "hotel_price": ["248"]}, "436711": {"hotel_name": "\u53a6\u95e8\u9f13\u6d6a\u5c7f\u6caa\u5c7f\u65c5\u9986", "order_time": ["2019-01-12 19:59:39"], "total_order": 1, "hotel_value": ["5.0"], "hotel_price": ["241"]}, "5237453": {"hotel_name": "\u53a6\u95e8\u97f3\u4e50\u5c9b\u9152\u5e97", "order_time": ["2019-01-12 19:59:40"], "total_order": 1, "hotel_value": ["4.6"], "hotel_price": ["380"]}, "1406475": {"hotel_name": "\u53a6\u95e8886\u7cbe\u54c1\u9152\u5e97", "order_time": ["2019-01-12 19:59:41"], "total_order": 1, "hotel_value": ["3.7"], "hotel_price": ["165"]}, "1676000": {"hotel_name": "\u53a6\u95e8\u5c31\u638c\u706f\u5ba2\u6808", "order_time": ["2019-01-12 19:59:53"], "total_order": 1, "hotel_value": ["2.9"], "hotel_price": ["149"]}, "4372602": {"hotel_name": "\u53a6\u95e8\u4e3d\u98ce\u9152\u5e97", "order_time": ["2019-01-12 19:59:54"], "total_order": 1, "hotel_value": ["3.9"], "hotel_price": ["125"]}, "26557640": {"hotel_name": "\u826f\u5885\u00b7\u66fc\u4e3d\u5609\u5ea6\u5047\u522b\u5885(\u53a6\u95e8\u66fe\u539d\u57b5\u5e97)", "order_time": ["2019-01-12 20:01:30"], "total_order": 1, "hotel_value": ["5.0"], "hotel_price": ["224"]}, "15905055": {"hotel_name": "\u5b9c\u5c1a\u9152\u5e97(\u53a6\u95e8\u4f1a\u5c55\u4e2d\u5fc3\u897f\u6797\u5e97)", "order_time": ["2019-01-12 20:01:30"], "total_order": 1, "hotel_value": ["4.7"], "hotel_price": ["233"]}, "436726": {"hotel_name": "\u53a6\u95e8\u9f13\u6d6a\u5c7f\u5370\u8c61\u95fd\u5357\u6c11\u4fd7\u5ba2\u6808", "order_time": ["2019-01-12 20:01:37"], "total_order": 1, "hotel_value": ["4.7"], "hotel_price": ["183"]}, "15343255": {"hotel_name": "\u6e05\u67ab\u5c0f\u7b51\u5ba2\u6808(\u53a6\u95e8\u5317\u7ad9\u5e97)", "order_time": ["2019-01-12 20:01:37"], "total_order": 1, "hotel_value": ["4.7"], "hotel_price": ["116"]}, "1434905": {"hotel_name": "\u9752\u5e74\u9633\u5149\u9152\u5e97(\u53a6\u95e8\u8f6e\u6e21\u5e97)", "order_time": ["2019-01-12 20:01:37"], "total_order": 1, "hotel_value": ["4.5"], "hotel_price": ["124"]}, "2251394": {"hotel_name": "\u53a6\u95e8A\u5ba2\u8231", "order_time": ["2019-01-12 20:01:39"], "total_order": 1, "hotel_value": ["4.7"], "hotel_price": ["232"]}, "13975396": {"hotel_name": "\u53a6\u95e8\u96f6\u8ddd\u79bb\u5ba2\u6808(\u539f\u53a6\u95e8\u66fe\u539d\u57b5\u4e0d\u89c1\u4e0d\u6563\u5ba2\u6808)", "order_time": ["2019-01-12 20:01:45"], "total_order": 1, "hotel_value": ["5.0"], "hotel_price": ["103"]}, "1669784": {"hotel_name": "\u541b\u8fbe\u516c\u5bd3(\u53a6\u95e8\u9ad8\u5d0e\u673a\u573a\u5e97)", "order_time": ["2019-01-12 20:01:49"], "total_order": 1, "hotel_value": ["4.4"], "hotel_price": ["115"]}, "1776057": {"hotel_name": "\u5929\u5929\u516c\u5bd3(\u53a6\u95e8\u673a\u573a\u5e97)", "order_time": ["2019-01-12 20:01:51"], "total_order": 1, "hotel_value": ["4.2"], "hotel_price": ["121"]}, "2303499": {"hotel_name": "\u53a6\u95e8\u9f13\u6d6a\u5c7f\u6c5d\u5357\u6d77\u666f\u522b\u58851935\u6c11\u56fd\u9a7b\u7f8e\u5927\u4f7f\u5e97", "order_time": ["2019-01-12 20:03:35"], "total_order": 1, "hotel_value": ["4.7"], "hotel_price": ["398"]}, "6420073": {"hotel_name": "\u5929\u4e00\u5ba2\u6808(\u53a6\u95e8\u4e2d\u5c71\u8def\u6b65\u884c\u8857\u5e97)", "order_time": ["2019-01-12 20:03:36"], "total_order": 1, "hotel_value": ["4.7"], "hotel_price": ["262"]}, "26556315": {"hotel_name": "\u9f13\u6d6a\u5c7f\u62fe\u672b\u65c5\u9986", "order_time": ["2019-01-12 20:03:37", "2019-01-12 20:05:37"], "total_order": 2, "hotel_value": ["4.9", "4.9"], "hotel_price": ["208", "208"]}, "480520": {"hotel_name": "\u590f\u5546\u00b7\u6021\u5ead\u5feb\u6377\u9152\u5e97(\u83b2\u524d\u897f\u8def\u5e97)", "order_time": ["2019-01-12 20:03:41"], "total_order": 1, "hotel_value": ["4.0"], "hotel_price": ["112"]}, "1524607": {"hotel_name": "\u53a6\u95e8\u5317\u7ad9\u96c5\u5c45\u4e50\u5bbe\u9986", "order_time": ["2019-01-12 20:03:46"], "total_order": 1, "hotel_value": ["3.8"], "hotel_price": ["102"]}, "1406089": {"hotel_name": "\u53a6\u95e8\u96c6\u7f8e\u674f\u9716\u5bbe\u9986", "order_time": ["2019-01-12 20:03:46"], "total_order": 1, "hotel_value": ["4.1"], "hotel_price": ["133"]}, "2040417": {"hotel_name": "7\u5929\u4f18\u54c1\u9152\u5e97(\u53a6\u95e8\u673a\u573a\u6bbf\u524d\u5730\u94c1\u7ad9\u5e97)", "order_time": ["2019-01-12 20:05:31"], "total_order": 1, "hotel_value": ["4.7"], "hotel_price": ["200"]}, "443061": {"hotel_name": "\u53a6\u95e8HUESyard\u4f11\u601d\u9662\u5b50\u522b\u5885", "order_time": ["2019-01-12 20:05:32"], "total_order": 1, "hotel_value": ["4.9"], "hotel_price": ["380"]}, "1314936": {"hotel_name": "\u83ab\u6cf0268(\u53a6\u95e8\u706b\u8f66\u7ad9\u5e97)", "order_time": ["2019-01-12 20:05:34"], "total_order": 1, "hotel_value": ["4.3"], "hotel_price": ["186"]}, "1861717": {"hotel_name": "\u53a6\u95e8\u7ea2\u67ab\u9152\u5e97", "order_time": ["2019-01-12 20:05:38"], "total_order": 1, "hotel_value": ["4.3"], "hotel_price": ["155"]}, "11407983": {"hotel_name": "\u53a6\u95e8\u56ed\u535a\u4e4b\u5bb6\u4f4f\u5bbf", "order_time": ["2019-01-12 20:05:53"], "total_order": 1, "hotel_value": ["4.8"], "hotel_price": ["107"]}}}