{"\u5f00\u59cb\u8bb0\u5f55\u65f6\u95f4": "2019-01-26 00:47:12", "\u7ed3\u675f\u8bb0\u5f55\u65f6\u95f4": "2019-01-26 01:47:12", "\u8ba2\u5355\u603b\u589e\u91cf": 258, "item": {"436708": {"hotel_name": "\u53a6\u95e8\u91d1\u540e\u9152\u5e97", "order_time": ["2019-01-26 00:49:36"], "total_order": 1, "hotel_value": ["4.6"], "hotel_price": ["288"]}, "27938575": {"hotel_name": "\u53a6\u95e8\u6d77\u4e1d\u827a\u672f\u54c1\u4e2d\u5fc3\u4f70\u7fd4\u7428\u70c1\u9152\u5e97", "order_time": ["2019-01-26 00:49:36", "2019-01-26 01:21:37", "2019-01-26 01:15:29"], "total_order": 3, "hotel_value": ["4.8", "4.8", "4.8"], "hotel_price": ["408", "408", "408"]}, "3716537": {"hotel_name": "\u9752\u6728\u7cbe\u54c1\u516c\u5bd3(\u53a6\u95e8\u4e94\u7f18\u6e7e\u5e97)", "order_time": ["2019-01-26 00:49:38"], "total_order": 1, "hotel_value": ["4.7"], "hotel_price": ["228"]}, "1738310": {"hotel_name": "\u53a6\u95e8\u9752\u5e74\u9633\u5149\u7cbe\u54c1\u5546\u52a1\u9152\u5e97(\u678b\u6e56\u5e97)", "order_time": ["2019-01-26 00:49:38"], "total_order": 1, "hotel_value": ["4.4"], "hotel_price": ["211"]}, "470603": {"hotel_name": "\u53a6\u95e8\u745e\u63d0\u62c9\u9152\u5e97", "order_time": ["2019-01-26 00:49:39"], "total_order": 1, "hotel_value": ["4.5"], "hotel_price": ["299"]}, "428302": {"hotel_name": "\u53a6\u95e8\u706b\u8f66\u7ad9\u4e9a\u6735\u8f7b\u5c45\u9152\u5e97", "order_time": ["2019-01-26 01:41:32", "2019-01-26 00:49:44", "2019-01-26 01:35:46"], "total_order": 3, "hotel_value": ["4.9", "4.9", "4.9"], "hotel_price": ["459", "459", "459"]}, "6420073": {"hotel_name": "\u5929\u4e00\u5ba2\u6808(\u53a6\u95e8\u4e2d\u5c71\u8def\u6b65\u884c\u8857\u5e97)", "order_time": ["2019-01-26 00:49:45"], "total_order": 1, "hotel_value": ["4.6"], "hotel_price": ["262"]}, "434956": {"hotel_name": "\u53a6\u95e8\u767d\u9e6d\u5bbe\u9986", "order_time": ["2019-01-26 00:49:46"], "total_order": 1, "hotel_value": ["4.5"], "hotel_price": ["188"]}, "455314": {"hotel_name": "\u53a6\u95e8\u9f13\u6d6a\u5c7f\u590d\u5174\u5341\u53f7\u65c5\u9986", "order_time": ["2019-01-26 00:49:51"], "total_order": 1, "hotel_value": ["4.4"], "hotel_price": ["304"]}, "6731656": {"hotel_name": "\u53a6\u95e8\u5916\u6e21\u53a6\u98ce\u8f7b\u5c45", "order_time": ["2019-01-26 00:49:59"], "total_order": 1, "hotel_value": ["4.7"], "hotel_price": ["223"]}, "10201435": {"hotel_name": "\u53a6\u95e8\u4f70\u7fd4\u4e94\u901a\u9152\u5e97", "order_time": ["2019-01-26 00:50:09"], "total_order": 1, "hotel_value": ["4.7"], "hotel_price": ["609"]}, "12092426": {"hotel_name": "\u53a6\u95e8\u91d1\u5c0f\u59d0\u522b\u9662(\u539f\u9999\u683c\u91cc\u5885\u5ea6\u5047\u5e84\u56ed)", "order_time": ["2019-01-26 00:51:32"], "total_order": 1, "hotel_value": ["4.9"], "hotel_price": ["193"]}, "346271": {"hotel_name": "\u53a6\u95e8\u559c\u6765\u767b\u9152\u5e97", "order_time": ["2019-01-26 00:51:36"], "total_order": 1, "hotel_value": ["4.5"], "hotel_price": ["716"]}, "425692": {"hotel_name": "\u53a6\u95e8\u6d77\u60a6\u5c71\u5e84\u9152\u5e97", "order_time": ["2019-01-26 00:51:37", "2019-01-26 01:03:38", "2019-01-26 01:07:33", "2019-01-26 01:17:37"], "total_order": 4, "hotel_value": ["4.8", "4.8", "4.8", "4.8"], "hotel_price": ["1062", "1062", "1062", "1062"]}, "22421704": {"hotel_name": "\u5168\u5b63\u9152\u5e97(\u53a6\u95e8\u4e2d\u5c71\u8def\u6b65\u884c\u8857\u601d\u660e\u5357\u8def\u5e97)", "order_time": ["2019-01-26 00:51:38"], "total_order": 1, "hotel_value": ["4.8"], "hotel_price": ["474"]}, "436703": {"hotel_name": "\u53a6\u95e8\u674f\u535a\u6e7e(\u5929\u6c90)\u6e29\u6cc9\u5ea6\u5047\u6751", "order_time": ["2019-01-26 00:51:40"], "total_order": 1, "hotel_value": ["4.2"], "hotel_price": ["539"]}, "469850": {"hotel_name": "\u7ef4\u4e5f\u7eb3\u9152\u5e97(\u53a6\u95e8\u706b\u8f66\u7ad9\u5e97)(\u539f\u51ef\u65af\u9152\u5e97)", "order_time": ["2019-01-26 00:51:41"], "total_order": 1, "hotel_value": ["4.7"], "hotel_price": ["295"]}, "447297": {"hotel_name": "\u53a6\u95e8\u660e\u53d1\u56fd\u9645\u5927\u9152\u5e97", "order_time": ["2019-01-26 00:55:38", "2019-01-26 00:51:41"], "total_order": 2, "hotel_value": ["4.6", "4.6"], "hotel_price": ["463", "463"]}, "346267": {"hotel_name": "\u53a6\u95e8\u5e1d\u5143\u7ef4\u591a\u5229\u4e9a\u5927\u9152\u5e97", "order_time": ["2019-01-26 00:51:47"], "total_order": 1, "hotel_value": ["4.5"], "hotel_price": ["536"]}, "346269": {"hotel_name": "\u53a6\u95e8\u6e90\u660c\u51ef\u5bbe\u65af\u57fa\u5927\u9152\u5e97", "order_time": ["2019-01-26 00:51:48", "2019-01-26 00:55:36"], "total_order": 2, "hotel_value": ["4.7", "4.7"], "hotel_price": ["898", "898"]}, "6129425": {"hotel_name": "\u6021\u6d77\u9601\u9152\u5e97(\u53a6\u95e8SM\u57ce\u5e02\u4e4c\u77f3\u6d66\u5730\u94c1\u7ad9\u5e97\uff09", "order_time": ["2019-01-26 01:21:40", "2019-01-26 00:53:36"], "total_order": 2, "hotel_value": ["4.6", "4.6"], "hotel_price": ["228", "228"]}, "28525229": {"hotel_name": "\u53a6\u95e8\u96c5\u7434\u4f73\u5c45\u516c\u5bd3", "order_time": ["2019-01-26 00:53:38"], "total_order": 1, "hotel_value": ["4.9"], "hotel_price": ["112"]}, "771600": {"hotel_name": "\u53a6\u95e8\u6676\u88d5\u5546\u52a1\u9152\u5e97", "order_time": ["2019-01-26 00:53:39"], "total_order": 1, "hotel_value": ["4.1"], "hotel_price": ["96"]}, "4629197": {"hotel_name": "\u9f13\u6d6a\u5c7f\u8611\u83c7\u5496\u5561\u65c5\u9986", "order_time": ["2019-01-26 00:53:40"], "total_order": 1, "hotel_value": ["4.5"], "hotel_price": ["508"]}, "436711": {"hotel_name": "\u53a6\u95e8\u9f13\u6d6a\u5c7f\u6caa\u5c7f\u65c5\u9986", "order_time": ["2019-01-26 01:17:40", "2019-01-26 00:53:40"], "total_order": 2, "hotel_value": ["4.9", "4.9"], "hotel_price": ["244", "244"]}, "1214196": {"hotel_name": "\u7f57\u9a6c\u5047\u65e5\u9152\u5e97(\u53a6\u95e8\u7fd4\u5b89\u5e97)", "order_time": ["2019-01-26 00:53:49"], "total_order": 1, "hotel_value": ["4.3"], "hotel_price": ["178"]}, "2297567": {"hotel_name": "\u65af\u94c2\u745e\u57ce\u5e02\u9152\u5e97(\u53a6\u95e8\u4e2d\u5c71\u516c\u56ed\u5730\u94c1\u7ad9\u5e97)(\u539f\u4e2d\u5c71\u8def\u6b65\u884c\u8857\u5e97)", "order_time": ["2019-01-26 00:53:50"], "total_order": 1, "hotel_value": ["4.7"], "hotel_price": ["128"]}, "4041978": {"hotel_name": "\u901f8\u9152\u5e97\uff08\u53a6\u95e8\u673a\u573a\u6e56\u91cc\u5927\u9053\u5e97\uff09", "order_time": ["2019-01-26 00:53:53"], "total_order": 1, "hotel_value": ["4.3"], "hotel_price": ["177"]}, "691140": {"hotel_name": "\u53a6\u95e8\u9a7f\u4f11\u5546\u52a1\u9152\u5e97", "order_time": ["2019-01-26 00:53:56"], "total_order": 1, "hotel_value": ["3.6"], "hotel_price": ["135"]}, "458319": {"hotel_name": "\u9752\u5e74\u9633\u5149\u9152\u5e97(\u53a6\u95e8\u706b\u8f66\u7ad9\u6587\u7076\u5e97)", "order_time": ["2019-01-26 00:55:34"], "total_order": 1, "hotel_value": ["4.5"], "hotel_price": ["134"]}, "5028626": {"hotel_name": "\u53a6\u95e8\u9493\u00b7\u7eaf\u6d77\u8f7b\u5962\u9a7f\u9986", "order_time": ["2019-01-26 00:55:34"], "total_order": 1, "hotel_value": ["4.9"], "hotel_price": ["298"]}, "385412": {"hotel_name": "\u53a6\u95e8\u5317\u6d77\u6e7e\u60e0\u9f99\u4e07\u8fbe\u5609\u534e\u9152\u5e97", "order_time": ["2019-01-26 00:55:36", "2019-01-26 00:59:36"], "total_order": 2, "hotel_value": ["4.8", "4.8"], "hotel_price": ["750", "750"]}, "15717242": {"hotel_name": "\u53a6\u95e8\u9e6d\u5c9b\u6234\u65af\u9152\u5e97", "order_time": ["2019-01-26 00:55:36"], "total_order": 1, "hotel_value": ["4.6"], "hotel_price": ["249"]}, "1386469": {"hotel_name": "\u5982\u5bb6\u5feb\u6377\u9152\u5e97(\u53a6\u95e8\u96c6\u7f8e\u5927\u5b66\u5e97)", "order_time": ["2019-01-26 00:55:37"], "total_order": 1, "hotel_value": ["4.4"], "hotel_price": ["147"]}, "1985198": {"hotel_name": "\u6c49\u5ead\u9152\u5e97(\u53a6\u95e8\u540c\u5b89\u533a\u653f\u5e9c\u5e97)", "order_time": ["2019-01-26 00:55:38", "2019-01-26 01:05:39"], "total_order": 2, "hotel_value": ["4.6", "4.6"], "hotel_price": ["153", "153"]}, "437770": {"hotel_name": "\u53a6\u95e8\u79be\u6b63\u5927\u9152\u5e97", "order_time": ["2019-01-26 00:55:38"], "total_order": 1, "hotel_value": ["4.2"], "hotel_price": ["146"]}, "25805759": {"hotel_name": "\u65af\u7ef4\u767b\u5ea6\u5047\u516c\u5bd3(\u53a6\u95e8\u5927\u5b66\u5e97)", "order_time": ["2019-01-26 00:55:39"], "total_order": 1, "hotel_value": ["4.9"], "hotel_price": ["730"]}, "2280697": {"hotel_name": "\u53a6\u95e8\u77f3\u5bbf\u6d77\u666f\u6c11\u5bbf", "order_time": ["2019-01-26 00:55:40"], "total_order": 1, "hotel_value": ["4.7"], "hotel_price": ["237"]}, "2297831": {"hotel_name": "\u5168\u5b63\u9152\u5e97(\u53a6\u95e8\u4e2d\u5c71\u8def\u6b65\u884c\u8857\u5e97)", "order_time": ["2019-01-26 00:55:41"], "total_order": 1, "hotel_value": ["4.8"], "hotel_price": ["427"]}, "1575123": {"hotel_name": "\u827e\u601d\u987f\u9152\u5e97(\u53a6\u95e8\u706b\u8f66\u7ad9\u5e97)", "order_time": ["2019-01-26 00:55:45"], "total_order": 1, "hotel_value": ["4.8"], "hotel_price": ["298"]}, "1929448": {"hotel_name": "\u53a6\u95e8\u6da6\u60a6\u4e30\u9152\u5e97", "order_time": ["2019-01-26 00:55:45"], "total_order": 1, "hotel_value": ["4.1"], "hotel_price": ["174"]}, "2135250": {"hotel_name": "\u4f0a\u4eba\u6d77\u65c5\u9986(\u53a6\u95e8\u9f13\u6d6a\u5c7f\u99a8\u7f18\u9601\u5e97)", "order_time": ["2019-01-26 00:55:48"], "total_order": 1, "hotel_value": ["4.6"], "hotel_price": ["198"]}, "23858080": {"hotel_name": "\u53a6\u95e8\u4f73\u9038\u5e0c\u5c14\u987f\u683c\u82ae\u7cbe\u9009\u9152\u5e97", "order_time": ["2019-01-26 00:55:52"], "total_order": 1, "hotel_value": ["4.8"], "hotel_price": ["876"]}, "1390437": {"hotel_name": "\u53a6\u95e8\u539f\u820d\u6d77\u8fb9\u5ba2\u6808", "order_time": ["2019-01-26 01:03:50", "2019-01-26 00:56:02"], "total_order": 2, "hotel_value": ["4.2", "4.2"], "hotel_price": ["133", "133"]}, "6112181": {"hotel_name": "\u53a6\u95e8\u6c38\u4e3d\u8fbe\u4e3d\u5448\u9152\u5e97", "order_time": ["2019-01-26 00:56:16", "2019-01-26 01:24:12"], "total_order": 2, "hotel_value": ["4.8", "4.8"], "hotel_price": ["759", "759"]}, "346248": {"hotel_name": "\u53a6\u95e8\u6cf0\u8c37\u9152\u5e97", "order_time": ["2019-01-26 01:24:13", "2019-01-26 00:56:16"], "total_order": 2, "hotel_value": ["4.7", "4.7"], "hotel_price": ["398", "398"]}, "469816": {"hotel_name": "\u53a6\u95e8\u5723\u5e0c\u7f57\u9152\u5e97", "order_time": ["2019-01-26 00:57:32"], "total_order": 1, "hotel_value": ["4.4"], "hotel_price": ["266"]}, "392553": {"hotel_name": "\u6210\u65c5\u6676\u8d5e\u9152\u5e97(\u53a6\u95e8\u67ab\u60a6\u5e97)(\u539f\u67ab\u60a6\u5927\u9152\u5e97)", "order_time": ["2019-01-26 00:57:32"], "total_order": 1, "hotel_value": ["4.7"], "hotel_price": ["321"]}, "5790240": {"hotel_name": "\u5168\u5b63\u9152\u5e97(\u53a6\u95e8\u673a\u573a\u6210\u529f\u5927\u9053\u5e97)", "order_time": ["2019-01-26 00:57:33"], "total_order": 1, "hotel_value": ["4.7"], "hotel_price": ["322"]}, "375297": {"hotel_name": "\u53a6\u95e8\u9a6c\u54e5\u5b5b\u7f57\u4e1c\u65b9\u5927\u9152\u5e97", "order_time": ["2019-01-26 01:25:30", "2019-01-26 01:39:40", "2019-01-26 00:57:34"], "total_order": 3, "hotel_value": ["4.6", "4.6", "4.6"], "hotel_price": ["665", "665", "665"]}, "5548882": {"hotel_name": "\u53a6\u95e8\u6d77\u65c5\u6e29\u5fb7\u59c6\u81f3\u5c0a\u9152\u5e97", "order_time": ["2019-01-26 01:31:41", "2019-01-26 01:19:45", "2019-01-26 00:57:34"], "total_order": 3, "hotel_value": ["4.7", "4.7", "4.7"], "hotel_price": ["522", "522", "522"]}, "428660": {"hotel_name": "\u53a6\u95e8\u9890\u749f\u82b1\u56ed\u9152\u5e97(\u539f\u65b0\u52a0\u5761\u9152\u5e97)", "order_time": ["2019-01-26 01:15:29", "2019-01-26 00:57:34"], "total_order": 2, "hotel_value": ["4.6", "4.6"], "hotel_price": ["668", "668"]}, "375295": {"hotel_name": "\u53a6\u95e8\u7fd4\u9e6d\u56fd\u9645\u5927\u9152\u5e97", "order_time": ["2019-01-26 00:57:37"], "total_order": 1, "hotel_value": ["4.4"], "hotel_price": ["757"]}, "6232787": {"hotel_name": "\u53a6\u95e8\u84dd\u5c71\u8d8a\u9152\u5e97", "order_time": ["2019-01-26 01:19:39", "2019-01-26 00:57:38"], "total_order": 2, "hotel_value": ["4.7", "4.7"], "hotel_price": ["398", "398"]}, "1719842": {"hotel_name": "\u53a6\u95e821\u533a\u521b\u610f\u9152\u5e97(\u539f\u548c\u681121\u533a\u521b\u610f\u9152\u5e97)", "order_time": ["2019-01-26 00:57:39"], "total_order": 1, "hotel_value": ["4.2"], "hotel_price": ["96"]}, "1480877": {"hotel_name": "\u53a6\u95e8\u9752\u5e74\u9633\u5149\u9152\u5e97(\u52a0\u5dde\u5e7f\u573a\u5e97)", "order_time": ["2019-01-26 00:57:40"], "total_order": 1, "hotel_value": ["4.4"], "hotel_price": ["190"]}, "2784822": {"hotel_name": "\u53a6\u95e8\u6613\u5c45\u516c\u5bd3", "order_time": ["2019-01-26 00:57:55"], "total_order": 1, "hotel_value": ["4.4"], "hotel_price": ["74"]}, "481710": {"hotel_name": "\u9526\u6c5f\u4e4b\u661f(\u53a6\u95e8\u706b\u8f66\u7ad9\u5e97)(\u539f\u4e1c\u6d66\u8def\u5e97)", "order_time": ["2019-01-26 00:59:30"], "total_order": 1, "hotel_value": ["4.4"], "hotel_price": ["145"]}, "458760": {"hotel_name": "\u827e\u601d\u987f\u9152\u5e97(\u53a6\u95e8\u4e2d\u5c71\u8def\u7f8e\u6e56\u5206\u5e97)", "order_time": ["2019-01-26 00:59:34"], "total_order": 1, "hotel_value": ["4.7"], "hotel_price": ["192"]}, "23806720": {"hotel_name": "\u53a6\u95e8HITEL\u9152\u5e97", "order_time": ["2019-01-26 00:59:34"], "total_order": 1, "hotel_value": ["4.9"], "hotel_price": ["466"]}, "2600928": {"hotel_name": "\u5fc3\u8fdc\u9152\u5e97(\u53a6\u95e8\u674f\u6797\u5e97)", "order_time": ["2019-01-26 00:59:36"], "total_order": 1, "hotel_value": ["4.4"], "hotel_price": ["159"]}, "457043": {"hotel_name": "\u9752\u5e74\u9633\u5149\u9152\u5e97(\u53a6\u95e8\u4e2d\u5c71\u8def\u5e97)(\u539f\u540e\u6ee8\u4e2a\u6027\u5e97)", "order_time": ["2019-01-26 00:59:37"], "total_order": 1, "hotel_value": ["4.7"], "hotel_price": ["141"]}, "1498669": {"hotel_name": "\u53a6\u95e8\u5317\u7ad9\u548c\u798f\u5ba2\u6808", "order_time": ["2019-01-26 00:59:43"], "total_order": 1, "hotel_value": ["4.9"], "hotel_price": ["86"]}, "438496": {"hotel_name": "\u53a6\u95e8\u6e29\u6cc9\u6234\u65af\u9152\u5e97", "order_time": ["2019-01-26 01:01:43", "2019-01-26 01:23:35"], "total_order": 2, "hotel_value": ["4.4", "4.4"], "hotel_price": ["240", "240"]}, "1613814": {"hotel_name": "\u7231\u83f2\u513f\u5ea6\u5047\u9152\u5e97(\u53a6\u95e8\u9f13\u6d6a\u5c7f1930\u5e97)", "order_time": ["2019-01-26 01:05:37", "2019-01-26 01:01:45"], "total_order": 2, "hotel_value": ["4.6", "4.6"], "hotel_price": ["558", "558"]}, "2169704": {"hotel_name": "\u53a6\u95e8\u5927\u5b6693\u5b66\u820d\u5ba2\u6808", "order_time": ["2019-01-26 01:01:49"], "total_order": 1, "hotel_value": ["4.7"], "hotel_price": ["93"]}, "11213386": {"hotel_name": "\u53a6\u95e8\u62fe\u5149\u81fb\u54c1\u8f7b\u5962\u9a7f\u6808(\u539f\u62fe\u5149\u9a7f\u6808)", "order_time": ["2019-01-26 01:01:51"], "total_order": 1, "hotel_value": ["4.9"], "hotel_price": ["226"]}, "448663": {"hotel_name": "\u53a6\u95e8\u60a6\u534e\u9152\u5e97", "order_time": ["2019-01-26 01:01:51", "2019-01-26 01:27:39", "2019-01-26 01:15:29"], "total_order": 3, "hotel_value": ["4.8", "4.8", "4.8"], "hotel_price": ["499", "499", "499"]}, "795641": {"hotel_name": "\u53a6\u95e8\u4e91\u9876\u7cbe\u54c1\u516c\u5bd3", "order_time": ["2019-01-26 01:02:08"], "total_order": 1, "hotel_value": ["4.1"], "hotel_price": ["162"]}, "11236140": {"hotel_name": "\u53a6\u95e8\u5bbf\u5fc3\u820d\u5ba2\u6808", "order_time": ["2019-01-26 01:02:23"], "total_order": 1, "hotel_value": ["4.7"], "hotel_price": ["159"]}, "3803569": {"hotel_name": "\u53a6\u95e8\u7121\u4e8c\u00b7\u9690\u820d\u8f7b\u5962\u6d77\u666f\u5ea6\u5047\u7f8e\u5885", "order_time": ["2019-01-26 01:03:31"], "total_order": 1, "hotel_value": ["4.9"], "hotel_price": ["1388"]}, "15849666": {"hotel_name": "\u5168\u5b63\u9152\u5e97(\u53a6\u95e8\u5317\u7ad9\u674f\u6797\u6e7e\u8def\u5e97)", "order_time": ["2019-01-26 01:03:34"], "total_order": 1, "hotel_value": ["4.7"], "hotel_price": ["294"]}, "717916": {"hotel_name": "\u53a6\u95e8\u6717\u8c6a\u9152\u5e97", "order_time": ["2019-01-26 01:03:34"], "total_order": 1, "hotel_value": ["4.6"], "hotel_price": ["744"]}, "6485412": {"hotel_name": "\u53a6\u95e8\u4e94\u7f18\u6e7e\u51ef\u60a6\u9152\u5e97", "order_time": ["2019-01-26 01:03:35"], "total_order": 1, "hotel_value": ["4.8"], "hotel_price": ["790"]}, "397577": {"hotel_name": "\u53a6\u95e8\u5b9d\u9f99\u94c2\u5c14\u66fc\u5927\u9152\u5e97", "order_time": ["2019-01-26 01:03:35"], "total_order": 1, "hotel_value": ["4.7"], "hotel_price": ["746"]}, "1788826": {"hotel_name": "\u53a6\u95e8\u9f13\u6d6a\u5c7f\u9ec4\u516c\u9986", "order_time": ["2019-01-26 01:03:36"], "total_order": 1, "hotel_value": ["4.5"], "hotel_price": ["314"]}, "427542": {"hotel_name": "\u53a6\u95e8\u822a\u7a7a\u5bbe\u9986", "order_time": ["2019-01-26 01:03:36"], "total_order": 1, "hotel_value": ["4.7"], "hotel_price": ["328"]}, "445336": {"hotel_name": "\u5b9c\u5c1a\u9152\u5e97(\u53a6\u95e8\u706b\u8f66\u7ad9\u5e97)", "order_time": ["2019-01-26 01:03:37"], "total_order": 1, "hotel_value": ["4.8"], "hotel_price": ["265"]}, "669139": {"hotel_name": "\u53a6\u95e8\u4eac\u50ce\u9890\u8c6a\u9152\u5e97", "order_time": ["2019-01-26 01:03:38", "2019-01-26 01:13:38"], "total_order": 2, "hotel_value": ["4.6", "4.6"], "hotel_price": ["393", "393"]}, "1214333": {"hotel_name": "\u6709\u68f5\u6811\u5ead\u9662\u65c5\u9986(\u53a6\u95e8\u65e5\u6708\u8c37\u6e29\u6cc9\u5e97)", "order_time": ["2019-01-26 01:03:44"], "total_order": 1, "hotel_value": ["4.5"], "hotel_price": ["183"]}, "4337027": {"hotel_name": "\u9f13\u6d6a\u5c7f\u6e7e\u666f\u65c5\u9986", "order_time": ["2019-01-26 01:03:45"], "total_order": 1, "hotel_value": ["4.5"], "hotel_price": ["323"]}, "5372616": {"hotel_name": "\u53a6\u95e8\u817e\u534e\u7cbe\u54c1\u9152\u5e97", "order_time": ["2019-01-26 01:05:35"], "total_order": 1, "hotel_value": ["4.4"], "hotel_price": ["223"]}, "6033919": {"hotel_name": "\u5361\u8428\u6d77\u8d1d\u9152\u5e97(\u9f13\u6d6a\u5c7f\u6d77\u5e95\u4e16\u754c\u5e97)", "order_time": ["2019-01-26 01:05:37"], "total_order": 1, "hotel_value": ["4.5"], "hotel_price": ["253"]}, "2279530": {"hotel_name": "\u53a6\u95e8\u5982\u5f52\u5c0f\u7b51", "order_time": ["2019-01-26 01:05:38"], "total_order": 1, "hotel_value": ["4.7"], "hotel_price": ["103"]}, "535867": {"hotel_name": "\u53a6\u95e8\u9f13\u6d6a\u5c7f\u5bab\u4fdd\u7b2c\u9152\u5e97", "order_time": ["2019-01-26 01:05:39"], "total_order": 1, "hotel_value": ["4.2"], "hotel_price": ["368"]}, "6109242": {"hotel_name": "\u53a6\u95e8\u53a6\u5927\u8239\u8bf4\u5ea6\u5047\u522b\u5885", "order_time": ["2019-01-26 01:05:43"], "total_order": 1, "hotel_value": ["4.8"], "hotel_price": ["242"]}, "13838033": {"hotel_name": "\u53a6\u95e8\u7fe1\u7fe0\u6e7e\u516c\u5bd3", "order_time": ["2019-01-26 01:05:46"], "total_order": 1, "hotel_value": ["4.8"], "hotel_price": ["248"]}, "11682257": {"hotel_name": "\u53a6\u95e8\u4f73\u6e90\u516c\u5bd3\u673a\u573a\u5e97", "order_time": ["2019-01-26 01:05:49"], "total_order": 1, "hotel_value": ["4.9"], "hotel_price": ["79"]}, "1906769": {"hotel_name": "\u53a6\u95e8\u5fc3\u5bbf\u96c5\u7b51\u9152\u5e97\uff08\u539f\u7396\u70b9\u5bbe\u9986\uff09", "order_time": ["2019-01-26 01:07:32"], "total_order": 1, "hotel_value": ["4.3"], "hotel_price": ["99"]}, "1314936": {"hotel_name": "\u83ab\u6cf0268(\u53a6\u95e8\u706b\u8f66\u7ad9\u5e97)", "order_time": ["2019-01-26 01:07:34"], "total_order": 1, "hotel_value": ["4.3"], "hotel_price": ["185"]}, "3925042": {"hotel_name": "\u53a6\u95e8\u540d\u95e8\u76db\u4e16\u00b7\u6587\u5316\u9152\u5e97", "order_time": ["2019-01-26 01:07:35"], "total_order": 1, "hotel_value": ["4.8"], "hotel_price": ["198"]}, "419537": {"hotel_name": "\u53a6\u95e8\u822a\u7a7a\u91d1\u96c1\u9152\u5e97", "order_time": ["2019-01-26 01:07:38"], "total_order": 1, "hotel_value": ["4.9"], "hotel_price": ["658"]}, "450155": {"hotel_name": "\u5982\u5bb6\u5feb\u6377\u9152\u5e97(\u53a6\u95e8\u4e2d\u5c71\u8def\u6e56\u6ee8\u897f\u8def\u5e97)", "order_time": ["2019-01-26 01:07:39"], "total_order": 1, "hotel_value": ["4.2"], "hotel_price": ["155"]}, "4340519": {"hotel_name": "\u53a6\u95e8\u90a3\u6d77\u5ba2\u6808", "order_time": ["2019-01-26 01:07:42"], "total_order": 1, "hotel_value": ["4.8"], "hotel_price": ["133"]}, "2338764": {"hotel_name": "\u53a6\u95e8\u7eb3\u5ba2\u56fd\u9645\u9752\u5e74\u65c5\u820d", "order_time": ["2019-01-26 01:07:42"], "total_order": 1, "hotel_value": ["4.5"], "hotel_price": ["40"]}, "17908349": {"hotel_name": "\u53a6\u95e8\u9047\u7f8e\u00b7\u57b5\u90b8\u9152\u5e97", "order_time": ["2019-01-26 01:07:45"], "total_order": 1, "hotel_value": ["4.9"], "hotel_price": ["291"]}, "14519556": {"hotel_name": "\u53a6\u95e8amoystay\u666e\u901a\u516c\u5bd3", "order_time": ["2019-01-26 01:08:08"], "total_order": 1, "hotel_value": [0], "hotel_price": ["318"]}, "7861971": {"hotel_name": "\u53a6\u95e8\u9f13\u6d6a\u5c7f\u5c0f\u5c9b\u98ce\u60c5\u65c5\u9986", "order_time": ["2019-01-26 01:09:35"], "total_order": 1, "hotel_value": ["4.7"], "hotel_price": ["315"]}, "1729077": {"hotel_name": "\u559c\u6797\u9601\u5ea6\u5047\u65c5\u9986(\u9f13\u6d6a\u5c7f\u4e16\u754c\u6587\u5316\u9057\u4ea7\u5e97)", "order_time": ["2019-01-26 01:09:39"], "total_order": 1, "hotel_value": ["4.7"], "hotel_price": ["410"]}, "898514": {"hotel_name": "\u6c49\u5ead\u9152\u5e97(\u53a6\u95e8\u673a\u573a\u5e97)", "order_time": ["2019-01-26 01:09:41"], "total_order": 1, "hotel_value": ["4.4"], "hotel_price": ["207"]}, "6246343": {"hotel_name": "\u53a6\u95e8\u6162\u751f\u6d3b\u00b7\u6696\u5357\u7f8e\u5885", "order_time": ["2019-01-26 01:09:46"], "total_order": 1, "hotel_value": ["4.9"], "hotel_price": ["379"]}, "1860898": {"hotel_name": "\u901f8\u9152\u5e97(\u53a6\u95e8\u540c\u5b89\u5e97)", "order_time": ["2019-01-26 01:09:48"], "total_order": 1, "hotel_value": ["4.2"], "hotel_price": ["167"]}, "11372511": {"hotel_name": "\u53a6\u95e8\u6f2b\u5ead\u65f6\u5149\u5ba2\u6808", "order_time": ["2019-01-26 01:09:51"], "total_order": 1, "hotel_value": ["4.8"], "hotel_price": ["163"]}, "747025": {"hotel_name": "\u53a6\u95e8\u82f1\u58eb\u8fbe\u9152\u5e97", "order_time": ["2019-01-26 01:09:56"], "total_order": 1, "hotel_value": ["3.8"], "hotel_price": ["124"]}, "26556315": {"hotel_name": "\u9f13\u6d6a\u5c7f\u62fe\u672b\u65c5\u9986", "order_time": ["2019-01-26 01:10:12"], "total_order": 1, "hotel_value": ["4.9"], "hotel_price": ["408"]}, "5247286": {"hotel_name": "\u53a6\u95e8\u5fc3\u6e56\u5c1a\u5ba2\u5802\u6c11\u5bbf(\u539f\u53a6\u5927\u5c1a\u5ba2\u5802\u5ba2\u6808)", "order_time": ["2019-01-26 01:11:29"], "total_order": 1, "hotel_value": ["4.7"], "hotel_price": ["288"]}, "2301848": {"hotel_name": "7\u5929\u4f18\u54c1\u9152\u5e97(\u53a6\u95e8\u673a\u573a\u7fd4\u9e6d\u5e97)", "order_time": ["2019-01-26 01:11:29"], "total_order": 1, "hotel_value": ["4.7"], "hotel_price": ["138"]}, "428893": {"hotel_name": "\u53a6\u95e8\u5bbe\u9986", "order_time": ["2019-01-26 01:11:32"], "total_order": 1, "hotel_value": ["4.8"], "hotel_price": ["406"]}, "392554": {"hotel_name": "\u53a6\u95e8\u91d1\u745e\u4f73\u6cf0\u9152\u5e97(\u539f\u91d1\u5df4\u5170\u9152\u5e97)", "order_time": ["2019-01-26 01:11:35"], "total_order": 1, "hotel_value": ["4.5"], "hotel_price": ["299"]}, "13912439": {"hotel_name": "\u53a6\u95e8\u6620\u96ea\u8f7b\u5962\u9152\u5e97", "order_time": ["2019-01-26 01:11:46", "2019-01-26 01:13:31"], "total_order": 2, "hotel_value": ["4.9", "4.9"], "hotel_price": ["270", "270"]}, "1742958": {"hotel_name": "\u53a6\u95e8\u9f13\u6d6a\u5c7f\u68a6\u7f18\u53e4\u539d\u590d\u53e4\u65c5\u9986", "order_time": ["2019-01-26 01:11:47"], "total_order": 1, "hotel_value": ["4.9"], "hotel_price": ["64"]}, "17248082": {"hotel_name": "\u9f13\u6d6a\u5c7f\u90a3\u4e9b\u5e74\u4e00\u820d\u6c11\u5bbf", "order_time": ["2019-01-26 01:12:09"], "total_order": 1, "hotel_value": ["4.8"], "hotel_price": ["320"]}, "2304885": {"hotel_name": "7\u5929\u8fde\u9501\u9152\u5e97(\u53a6\u95e8\u5927\u5b66\u5357\u666e\u9640\u5e97)", "order_time": ["2019-01-26 01:13:32"], "total_order": 1, "hotel_value": ["4.4"], "hotel_price": ["200"]}, "5788864": {"hotel_name": "\u53a6\u95e8\u5eb7\u83b1\u5fb7\u9152\u5e97", "order_time": ["2019-01-26 01:21:35", "2019-01-26 01:13:39"], "total_order": 2, "hotel_value": ["4.7", "4.7"], "hotel_price": ["1888", "1888"]}, "1543882": {"hotel_name": "\u53a6\u95e8\u66fe\u539d\u57b5\u8349\u5b57\u5934\u5ba2\u6808(\u539f\u8349\u5b57\u5934\u5496\u5561\u4e3b\u9898\u5ba2\u6808)", "order_time": ["2019-01-26 01:14:00"], "total_order": 1, "hotel_value": ["4.8"], "hotel_price": ["79"]}, "1735109": {"hotel_name": "\u53a6\u95e8\u5e0c\u9601\u82b1\u56ed\u9152\u5e97(\u539f\u5e0c\u9601\u9152\u5e97)", "order_time": ["2019-01-26 01:15:36"], "total_order": 1, "hotel_value": ["4.7"], "hotel_price": ["276"]}, "440397": {"hotel_name": "\u7231\u4e01\u5821\u9152\u5e97(\u53a6\u95e8\u53a6\u9f13\u7801\u5934\u5e97)(\u539f\u9890\u9526\u9152\u5e97)", "order_time": ["2019-01-26 01:31:43", "2019-01-26 01:15:37", "2019-01-26 01:21:47"], "total_order": 3, "hotel_value": ["4.6", "4.6", "4.6"], "hotel_price": ["99", "99", "99"]}, "346257": {"hotel_name": "\u53a6\u95e8\u6d77\u666f\u5343\u79a7\u5927\u9152\u5e97", "order_time": ["2019-01-26 01:21:35", "2019-01-26 01:15:41"], "total_order": 2, "hotel_value": ["4.5", "4.5"], "hotel_price": ["590", "590"]}, "701742": {"hotel_name": "\u901f8\u9152\u5e97(\u53a6\u95e8\u4e2d\u5c71\u8def\u53a6\u95e8\u5927\u5b66\u5e97)", "order_time": ["2019-01-26 01:17:34"], "total_order": 1, "hotel_value": ["4.6"], "hotel_price": ["254"]}, "790389": {"hotel_name": "\u53a6\u95e8\u65f6\u4ee3\u96c5\u5c45\u9152\u5e97", "order_time": ["2019-01-26 01:17:38"], "total_order": 1, "hotel_value": ["4.6"], "hotel_price": ["239"]}, "440782": {"hotel_name": "\u53a6\u95e8\u65fa\u8f89\u9152\u5e97", "order_time": ["2019-01-26 01:45:38", "2019-01-26 01:17:38"], "total_order": 2, "hotel_value": ["4.8", "4.8"], "hotel_price": ["188", "188"]}, "2101828": {"hotel_name": "\u53a6\u95e8\u69ad\u540e\u9152\u5e97", "order_time": ["2019-01-26 01:17:38"], "total_order": 1, "hotel_value": ["4.7"], "hotel_price": ["216"]}, "15899701": {"hotel_name": "\u6854\u5b50\u9152\u5e97\u7cbe\u9009(\u53a6\u95e8\u673a\u573a\u6210\u529f\u5927\u9053\u5e97)", "order_time": ["2019-01-26 01:17:38"], "total_order": 1, "hotel_value": ["4.7"], "hotel_price": ["370"]}, "2301441": {"hotel_name": "\u975e\u7e41\u57ce\u54c1\u9152\u5e97(\u53a6\u95e8\u96c6\u7f8e\u5927\u5b66\u5e97)", "order_time": ["2019-01-26 01:17:43"], "total_order": 1, "hotel_value": ["4.7"], "hotel_price": ["158"]}, "4614034": {"hotel_name": "\u53a6\u95e8\u60a6\u6d77\u4f34\u5c71\u522b\u9662", "order_time": ["2019-01-26 01:17:43"], "total_order": 1, "hotel_value": ["4.6"], "hotel_price": ["877"]}, "440483": {"hotel_name": "\u777f\u5f18\u5510\u4ee3\u5c14\u9152\u5e97(\u53a6\u95e8\u65b0\u8f6e\u6e21\u7801\u5934\u5e97)", "order_time": ["2019-01-26 01:17:43"], "total_order": 1, "hotel_value": ["4.2"], "hotel_price": ["237"]}, "6685467": {"hotel_name": "\u53a6\u95e8\u60a6\u6cca\u9152\u5e97", "order_time": ["2019-01-26 01:17:43"], "total_order": 1, "hotel_value": ["4.5"], "hotel_price": ["263"]}, "432697": {"hotel_name": "\u6d77\u53cb\u9152\u5e97(\u53a6\u95e8\u4e07\u8c61\u57ce\u5e97)(\u539f\u91d1\u699c\u897f\u8def\u5e97)", "order_time": ["2019-01-26 01:17:43"], "total_order": 1, "hotel_value": ["4.3"], "hotel_price": ["123"]}, "6180614": {"hotel_name": "\u98de\u5bbf\u8fde\u9501\u53a6\u95e8\u9f13\u6d6a\u5c7f\u67ab\u4e39\u5e84\u56ed(\u539f\u5ae3\u7136\u5c0f\u5c4b\u65c5\u9986)", "order_time": ["2019-01-26 01:17:43"], "total_order": 1, "hotel_value": ["4.9"], "hotel_price": ["571"]}, "7498277": {"hotel_name": "\u53a6\u95e8\u4e0d\u539d\u516c\u5bd3", "order_time": ["2019-01-26 01:17:43"], "total_order": 1, "hotel_value": ["4.8"], "hotel_price": ["218"]}, "1910473": {"hotel_name": "7\u5929\u8fde\u9501\u9152\u5e97(\u53a6\u95e8\u83b2\u82b1\u5e7f\u573a\u5415\u539d\u5730\u94c1\u7ad9\u5e97)", "order_time": ["2019-01-26 01:17:43"], "total_order": 1, "hotel_value": ["4.2"], "hotel_price": ["146"]}, "847315": {"hotel_name": "\u5982\u5bb6\u5feb\u6377\u9152\u5e97(\u53a6\u95e8\u52b3\u52a8\u529b\u5927\u53a6\u83b2\u82b1\u5730\u94c1\u7ad9\u5e97)\uff08\u539f\u957f\u9752\u8def\u52b3\u52a8\u529b\u5927\u53a6\u5e97\uff09", "order_time": ["2019-01-26 01:17:43"], "total_order": 1, "hotel_value": ["4.3"], "hotel_price": ["142"]}, "898132": {"hotel_name": "\u53a6\u95e8\u4e2d\u5fc3\u667a\u9009\u5047\u65e5\u9152\u5e97", "order_time": ["2019-01-26 01:17:43"], "total_order": 1, "hotel_value": ["4.1"], "hotel_price": ["489"]}, "5467669": {"hotel_name": "\u53a6\u95e8\u5b9c\u9014\u7cbe\u54c1\u9152\u5e97", "order_time": ["2019-01-26 01:17:43"], "total_order": 1, "hotel_value": ["4.7"], "hotel_price": ["162"]}, "2599676": {"hotel_name": "\u53a6\u95e8\u897f\u66fc\u9633\u65c5\u9986", "order_time": ["2019-01-26 01:17:43"], "total_order": 1, "hotel_value": ["4.6"], "hotel_price": ["114"]}, "468128": {"hotel_name": "\u53a6\u95e8\u5170\u6842\u574a\u82b1\u56ed\u9152\u5e97", "order_time": ["2019-01-26 01:17:43"], "total_order": 1, "hotel_value": ["4.5"], "hotel_price": ["193"]}, "1485274": {"hotel_name": "\u53a6\u95e8\u590f\u82b1\u5982\u96ea\u6c11\u5bbf(\u539f\u9ec4\u539d\u6d77\u666f\u65c5\u793e)", "order_time": ["2019-01-26 01:17:44"], "total_order": 1, "hotel_value": ["4.9"], "hotel_price": ["100"]}, "6474024": {"hotel_name": "\u53a6\u95e8\u78a7\u83e1\u96c5\u820d", "order_time": ["2019-01-26 01:17:44"], "total_order": 1, "hotel_value": ["4.9"], "hotel_price": ["183"]}, "3000081": {"hotel_name": "\u53a6\u95e8\u7ea2\u8272\u5bb6\u65cf\u5ea6\u5047\u522b\u5885", "order_time": ["2019-01-26 01:17:44"], "total_order": 1, "hotel_value": ["4.8"], "hotel_price": ["164"]}, "22823142": {"hotel_name": "\u53a6\u95e8\u6cf0\u5730\u4e07\u6021\u9152\u5e97", "order_time": ["2019-01-26 01:17:44"], "total_order": 1, "hotel_value": ["4.0"], "hotel_price": ["486"]}, "1551675": {"hotel_name": "\u53a6\u95e8\u67e0\u6aac\u516c\u5bd3(\u539f\u5982\u610f\u65c5\u9986)", "order_time": ["2019-01-26 01:17:44"], "total_order": 1, "hotel_value": ["4.9"], "hotel_price": ["91"]}, "1473703": {"hotel_name": "\u53a6\u95e8LOFT\u56fd\u9645\u9752\u5e74\u65c5\u820d", "order_time": ["2019-01-26 01:17:44"], "total_order": 1, "hotel_value": ["4.6"], "hotel_price": ["33"]}, "11016275": {"hotel_name": "\u53a6\u95e8\u66fe\u539d\u57b5\u84dd\u6d77\u522b\u82d1\u5ba2\u6808", "order_time": ["2019-01-26 01:17:44"], "total_order": 1, "hotel_value": ["4.9"], "hotel_price": ["139"]}, "2565236": {"hotel_name": "\u53a6\u95e8\u53ef\u4ee5\u4f4f\u751f\u6d3b\u65c5\u820d", "order_time": ["2019-01-26 01:17:44"], "total_order": 1, "hotel_value": ["4.8"], "hotel_price": ["342"]}, "6118144": {"hotel_name": "\u53a6\u95e8\u540c\u5b89\u7f8e\u4f26\u98ce\u5c1a\u9152\u5e97", "order_time": ["2019-01-26 01:17:44"], "total_order": 1, "hotel_value": ["3.8"], "hotel_price": ["197"]}, "6341267": {"hotel_name": "\u53a6\u95e8\u9ea6\u53cc\u6d01\u9152\u5e97", "order_time": ["2019-01-26 01:17:44"], "total_order": 1, "hotel_value": ["4.5"], "hotel_price": ["168"]}, "11500242": {"hotel_name": "\u53a6\u95e8\u90a3\u5c71\u90a3\u6d77\u5ea6\u5047\u6d77\u666f\u522b\u5885(\u539f\u5929\u6cc9\u6e7e\u6d77\u666f\u522b\u5885)", "order_time": ["2019-01-26 01:17:44"], "total_order": 1, "hotel_value": ["4.9"], "hotel_price": ["198"]}, "1519470": {"hotel_name": "\u53a6\u95e8\u66fe\u539d\u57b5\u9093\u59d0\u5bb6\u5ead\u9662\u5ba2\u6808", "order_time": ["2019-01-26 01:17:44"], "total_order": 1, "hotel_value": ["4.8"], "hotel_price": ["166"]}, "14996652": {"hotel_name": "\u53a6\u95e8\u9c7c\u5c45\u6d77\u666f\u6c11\u5bbf", "order_time": ["2019-01-26 01:17:44"], "total_order": 1, "hotel_value": ["4.8"], "hotel_price": ["166"]}, "2251394": {"hotel_name": "\u53a6\u95e8A\u5ba2\u8231", "order_time": ["2019-01-26 01:17:44"], "total_order": 1, "hotel_value": ["4.7"], "hotel_price": ["183"]}, "3066100": {"hotel_name": "\u53a6\u95e8\u9605\u6c5f\u9152\u5e97", "order_time": ["2019-01-26 01:17:46"], "total_order": 1, "hotel_value": ["4.0"], "hotel_price": ["88"]}, "1812446": {"hotel_name": "\u53a6\u95e8\u9e6d\u5c9b16\u53f7\u6d77\u666f\u5ba2\u6808(\u539f\u770b\u6d77\u5496\u5561\u5ea6\u5047\u5c4b)", "order_time": ["2019-01-26 01:17:46"], "total_order": 1, "hotel_value": ["4.6"], "hotel_price": ["333"]}, "1728988": {"hotel_name": "\u9f13\u6d6a\u5c7f\u964c\u4e0a\u5885\u65c5\u9986", "order_time": ["2019-01-26 01:17:46"], "total_order": 1, "hotel_value": ["4.7"], "hotel_price": ["346"]}, "4309689": {"hotel_name": "\u53a6\u95e8\u540c\u501a\u659c\u9633\u5ba2\u6808", "order_time": ["2019-01-26 01:17:46"], "total_order": 1, "hotel_value": ["3.1"], "hotel_price": ["80"]}, "16102713": {"hotel_name": "\u53a6\u95e8\u672a\u6210\u5e74\u7684\u9c7c\u590d\u5f0f\u516c\u5bd3", "order_time": ["2019-01-26 01:17:46"], "total_order": 1, "hotel_value": [0], "hotel_price": ["499"]}, "1227424": {"hotel_name": "\u53a6\u95e8\u827e\u96c5\u4e3b\u9898\u9152\u5e97", "order_time": ["2019-01-26 01:18:00"], "total_order": 1, "hotel_value": ["4.7"], "hotel_price": ["136"]}, "1554777": {"hotel_name": "\u53a6\u95e8\u5317\u7ad9\u5e78\u798f\u4eba\u5bb6\u5ba2\u6808", "order_time": ["2019-01-26 01:18:00"], "total_order": 1, "hotel_value": ["4.4"], "hotel_price": ["83"]}, "5244447": {"hotel_name": "\u53a6\u95e8\u6c49\u4e34\u5546\u52a1\u9152\u5e97", "order_time": ["2019-01-26 01:18:00"], "total_order": 1, "hotel_value": ["4.2"], "hotel_price": ["133"]}, "12059408": {"hotel_name": "\u53a6\u95e8\u8bfa\u4e00\u9152\u5e97(\u6587\u5316\u827a\u672f\u4e2d\u5fc3\u5e97)", "order_time": ["2019-01-26 01:18:00"], "total_order": 1, "hotel_value": ["3.7"], "hotel_price": ["98"]}, "21146652": {"hotel_name": "\u53a6\u95e8\u4e45\u7a9d\u5ba2\u6808", "order_time": ["2019-01-26 01:18:00"], "total_order": 1, "hotel_value": ["4.7"], "hotel_price": ["88"]}, "1734590": {"hotel_name": "\u53a6\u95e8\u6cca\u7231\u6e2f\u6e7e\u6d77\u8fb9\u5ba2\u6808", "order_time": ["2019-01-26 01:18:00"], "total_order": 1, "hotel_value": ["4.8"], "hotel_price": ["144"]}, "1591229": {"hotel_name": "\u753b\u5eca\u65c5\u9986(\u53a6\u95e8\u9f13\u6d6a\u5c7f\u6d77\u68e0\u5e97)", "order_time": ["2019-01-26 01:18:00"], "total_order": 1, "hotel_value": ["4.8"], "hotel_price": ["348"]}, "1807300": {"hotel_name": "\u53a6\u95e8\u9e6d\u99a8\u5ba2\u6808", "order_time": ["2019-01-26 01:18:00"], "total_order": 1, "hotel_value": ["4.7"], "hotel_price": ["103"]}, "6807371": {"hotel_name": "\u53a6\u95e8\u8def\u5ba2Lotel\u82b1\u5c0f\u697cHANA\u6c11\u5bbf(\u539f\u5170\u59d0\u59d0126\u5ba2\u6808)", "order_time": ["2019-01-26 01:18:00"], "total_order": 1, "hotel_value": ["5.0"], "hotel_price": ["123"]}, "666255": {"hotel_name": "\u5bb6\u548c\u6625\u5929\u9152\u5e97(\u53a6\u95e8\u6d77\u6ca7\u5e97)", "order_time": ["2019-01-26 01:19:34"], "total_order": 1, "hotel_value": ["4.2"], "hotel_price": ["113"]}, "441273": {"hotel_name": "\u9510\u601d\u7279\u00b7\u9038\u81f4\u9152\u5e97(\u53a6\u95e8\u4e2d\u5c71\u8def\u5e97)", "order_time": ["2019-01-26 01:19:41"], "total_order": 1, "hotel_value": ["4.8"], "hotel_price": ["198"]}, "13434824": {"hotel_name": "\u53a6\u95e8\u5bb6\u516c\u5bd3", "order_time": ["2019-01-26 01:19:45"], "total_order": 1, "hotel_value": ["4.7"], "hotel_price": ["64"]}, "1848647": {"hotel_name": "\u4e07\u798f\u516c\u5bd3(\u53a6\u95e8\u673a\u573a\u5e97)", "order_time": ["2019-01-26 01:19:51"], "total_order": 1, "hotel_value": ["4.3"], "hotel_price": ["103"]}, "23625312": {"hotel_name": "\u53a6\u95e8\u4e91\u820d\u96c5\u5c45\u516c\u5bd3", "order_time": ["2019-01-26 01:21:36"], "total_order": 1, "hotel_value": ["4.8"], "hotel_price": ["140"]}, "457612": {"hotel_name": "\u53a6\u95e8\u4e94\u7f18\u6c34\u4e61\u9152\u5e97", "order_time": ["2019-01-26 01:21:42"], "total_order": 1, "hotel_value": ["4.9"], "hotel_price": ["888"]}, "823738": {"hotel_name": "\u753b\u5eca\u9152\u5e97(\u9f13\u6d6a\u5c7f\u6545\u9a7f\u6d77\u666f\u5e97)", "order_time": ["2019-01-26 01:21:43"], "total_order": 1, "hotel_value": ["4.9"], "hotel_price": ["588"]}, "1071154": {"hotel_name": "\u53a6\u95e8\u6881\u91ce\u5546\u52a1\u9152\u5e97", "order_time": ["2019-01-26 01:21:50"], "total_order": 1, "hotel_value": ["4.7"], "hotel_price": ["217"]}, "532309": {"hotel_name": "\u9f13\u6d6a\u5c7f\u4e91\u9014\u65c5\u9986", "order_time": ["2019-01-26 01:23:29"], "total_order": 1, "hotel_value": ["4.9"], "hotel_price": ["298"]}, "21624149": {"hotel_name": "\u53a6\u95e8\u53a6\u5929\u7f8e\u5bbf\u5ba2\u6808", "order_time": ["2019-01-26 01:23:39"], "total_order": 1, "hotel_value": ["4.9"], "hotel_price": ["105"]}, "5315943": {"hotel_name": "\u53a6\u95e8\u6b23\u4e16\u5bb6\u9152\u5e97\u516c\u5bd3", "order_time": ["2019-01-26 01:23:51"], "total_order": 1, "hotel_value": ["3.0"], "hotel_price": ["89"]}, "1230104": {"hotel_name": "\u53a6\u95e8\u63a2\u7d22\u9152\u5e97", "order_time": ["2019-01-26 01:25:30"], "total_order": 1, "hotel_value": ["4.5"], "hotel_price": ["419"]}, "392629": {"hotel_name": "\u53a6\u95e8\u5e90\u5c71\u5927\u9152\u5e97", "order_time": ["2019-01-26 01:25:35"], "total_order": 1, "hotel_value": ["4.2"], "hotel_price": ["298"]}, "4960975": {"hotel_name": "\u548c\u9890\u9152\u5e97(\u53a6\u95e8\u4e2d\u5c71\u8def\u6b65\u884c\u8857\u5e97)", "order_time": ["2019-01-26 01:25:36"], "total_order": 1, "hotel_value": ["4.6"], "hotel_price": ["288"]}, "6516890": {"hotel_name": "\u5168\u5b63\u9152\u5e97(\u53a6\u95e8SM\u5e7f\u573a\u677e\u67cf\u5e97)", "order_time": ["2019-01-26 01:25:39"], "total_order": 1, "hotel_value": ["4.8"], "hotel_price": ["370"]}, "700177": {"hotel_name": "\u5c1a\u5ba2\u4f18\u7cbe\u9009\u9152\u5e97(\u53a6\u95e8\u51ef\u6021\u4f1a\u5c55\u4e2d\u5fc3\u5e97)", "order_time": ["2019-01-26 01:25:47"], "total_order": 1, "hotel_value": ["4.6"], "hotel_price": ["184"]}, "5104169": {"hotel_name": "\u53a6\u95e8\u5c24\u5ba2\u00b7\u6cca\u91d1\u96c5\u5885\u6c11\u5bbf(\u539f\u4f18\u5ba2\u65c5\u9986)", "order_time": ["2019-01-26 01:27:36"], "total_order": 1, "hotel_value": ["4.9"], "hotel_price": ["145"]}, "28565834": {"hotel_name": "\u53a6\u95e8\u559c\u7f8e\u7f8e\u5c45\u9152\u5e97", "order_time": ["2019-01-26 01:41:34", "2019-01-26 01:27:39"], "total_order": 2, "hotel_value": ["4.8", "4.8"], "hotel_price": ["406", "406"]}, "11380162": {"hotel_name": "\u8ff9\u58a8\u6587\u5316\u5ba2\u6808(\u53a6\u95e8\u5317\u7ad9\u5e97)(\u539f\u6d77\u6c50\u522b\u9662)", "order_time": ["2019-01-26 01:27:41"], "total_order": 1, "hotel_value": ["4.8"], "hotel_price": ["106"]}, "1504688": {"hotel_name": "\u53a6\u95e8\u4e1c\u65b9\u540d\u6bbf\u9152\u5e97", "order_time": ["2019-01-26 01:42:08", "2019-01-26 01:28:11"], "total_order": 2, "hotel_value": ["4.0", "4.0"], "hotel_price": ["243", "243"]}, "521079": {"hotel_name": "\u53a6\u95e8\u9999\u8349\u56ed\u9152\u5e97", "order_time": ["2019-01-26 01:29:39"], "total_order": 1, "hotel_value": ["4.8"], "hotel_price": ["345"]}, "375294": {"hotel_name": "\u53a6\u95e8\u534e\u7f8e\u8fbe\u957f\u5347\u5927\u9152\u5e97", "order_time": ["2019-01-26 01:29:39"], "total_order": 1, "hotel_value": ["4.4"], "hotel_price": ["400"]}, "848496": {"hotel_name": "\u53a6\u95e8\u542c\u6d77\u5c0f\u7b51\u5ba2\u6808", "order_time": ["2019-01-26 01:29:46"], "total_order": 1, "hotel_value": ["4.9"], "hotel_price": ["94"]}, "21124626": {"hotel_name": "\u53a6\u95e8\u4e07\u749f\u8f69\u9152\u5e97", "order_time": ["2019-01-26 01:29:53"], "total_order": 1, "hotel_value": ["4.7"], "hotel_price": ["306"]}, "15708322": {"hotel_name": "\u53a6\u95e8\u4e09\u4ed3\u9152\u5e97", "order_time": ["2019-01-26 01:30:12"], "total_order": 1, "hotel_value": ["4.7"], "hotel_price": ["200"]}, "2157026": {"hotel_name": "\u53a6\u95e8\u559c\u591a\u5c4b\u9152\u5e97", "order_time": ["2019-01-26 01:31:36"], "total_order": 1, "hotel_value": ["4.7"], "hotel_price": ["88"]}, "1535936": {"hotel_name": "\u6c49\u5ead\u9152\u5e97(\u53a6\u95e8\u4f1a\u5c55\u4e2d\u5fc3\u83b2\u524d\u897f\u8def\u5e97)", "order_time": ["2019-01-26 01:33:30"], "total_order": 1, "hotel_value": ["4.3"], "hotel_price": ["158"]}, "25665606": {"hotel_name": "\u53a6\u95e8\u7a7a\u6e2f\u667a\u9009\u5047\u65e5\u9152\u5e97", "order_time": ["2019-01-26 01:33:34"], "total_order": 1, "hotel_value": [0], "hotel_price": ["409"]}, "346264": {"hotel_name": "\u53a6\u95e8\u827e\u7f8e\u9152\u5e97", "order_time": ["2019-01-26 01:33:35"], "total_order": 1, "hotel_value": ["4.7"], "hotel_price": ["788"]}, "4439627": {"hotel_name": "\u53a6\u95e8\u5df4\u6e1d\u5c9b\u5ea6\u5047\u522b\u5885", "order_time": ["2019-01-26 01:33:36"], "total_order": 1, "hotel_value": ["4.8"], "hotel_price": ["295"]}, "1298704": {"hotel_name": "\u53a6\u95e8\u7f8e\u83f1\u6e7e\u9152\u5e97(\u539f\u4f1a\u5c55\u7f8e\u6797\u6e7e\u9152\u5e97)", "order_time": ["2019-01-26 01:33:37"], "total_order": 1, "hotel_value": ["4.4"], "hotel_price": ["350"]}, "8615916": {"hotel_name": "\u53a6\u95e8\u84dd\u8272\u6d77\u5cb8\u9152\u5e97", "order_time": ["2019-01-26 01:33:38"], "total_order": 1, "hotel_value": ["4.6"], "hotel_price": ["191"]}, "1199959": {"hotel_name": "\u5982\u5bb6\u5feb\u6377\u9152\u5e97(\u53a6\u95e8\u53a6\u79be\u8def\u767d\u9e6d\u6d32\u8def\u5e97)", "order_time": ["2019-01-26 01:33:39"], "total_order": 1, "hotel_value": ["4.2"], "hotel_price": ["114"]}, "4041819": {"hotel_name": "\u5bb6\u5bb6\u4e50\u9152\u5e97\uff08\u53a6\u95e8\u4e2d\u5c71\u8def\u6b65\u884c\u8857\u5e97\uff09", "order_time": ["2019-01-26 01:33:39"], "total_order": 1, "hotel_value": ["4.4"], "hotel_price": ["241"]}, "1406082": {"hotel_name": "\u53a6\u95e8\u8c37\u8010\u9152\u5e97(\u539f\u5174\u4e07\u666f\u9152\u5e97)", "order_time": ["2019-01-26 01:33:51"], "total_order": 1, "hotel_value": ["4.3"], "hotel_price": ["113"]}, "11216536": {"hotel_name": "\u53a6\u95e8\u5fc3\u6e56\u60a6\u7a7a\u95f4\u6c11\u5bbf", "order_time": ["2019-01-26 01:35:34"], "total_order": 1, "hotel_value": ["4.7"], "hotel_price": ["248"]}, "2152633": {"hotel_name": "\u53a6\u95e8\u540c\u5b89\u5bbe\u9986", "order_time": ["2019-01-26 01:35:34"], "total_order": 1, "hotel_value": ["4.1"], "hotel_price": ["148"]}, "2088412": {"hotel_name": "\u9526\u6c5f\u4e4b\u661f(\u53a6\u95e8\u4f1a\u5c55\u4e2d\u5fc3\u73af\u5c9b\u8def\u5e97)", "order_time": ["2019-01-26 01:35:37"], "total_order": 1, "hotel_value": ["4.4"], "hotel_price": ["227"]}, "439833": {"hotel_name": "\u53a6\u95e8\u9f13\u6d6a\u5c7f\u6728\u9999\u5c45\u7cbe\u54c1\u6d77\u666f\u522b\u5885", "order_time": ["2019-01-26 01:35:39"], "total_order": 1, "hotel_value": ["4.7"], "hotel_price": ["254"]}, "1719563": {"hotel_name": "\u53a6\u95e8\u5bbf\u6d77\u6c11\u5bbf(\u539f\u5019\u6f6e\u5c0f\u7b51\u5ba2\u6808)", "order_time": ["2019-01-26 01:35:47"], "total_order": 1, "hotel_value": ["5.0"], "hotel_price": ["258"]}, "1289514": {"hotel_name": "\u53a6\u95e8\u62fe\u5fc6\u5ba2\u6808(\u539f\u66fe\u539d\u57b5\u51ef\u8482\u732b\u4e3b\u9898\u5ba2\u6808)", "order_time": ["2019-01-26 01:35:48"], "total_order": 1, "hotel_value": ["5.0"], "hotel_price": ["142"]}, "5660414": {"hotel_name": "\u7231\u7434\u6d77\u5ba2\u6808(\u53a6\u95e8\u9ec4\u539d\u5e97)", "order_time": ["2019-01-26 01:36:02"], "total_order": 1, "hotel_value": ["3.7"], "hotel_price": ["67"]}, "483838": {"hotel_name": "\u53a6\u95e8\u7a7a\u6e2f\u4f70\u7fd4\u82b1\u56ed\u9152\u5e97", "order_time": ["2019-01-26 01:37:36"], "total_order": 1, "hotel_value": ["4.5"], "hotel_price": ["292"]}, "6543852": {"hotel_name": "\u53a6\u95e8\u98de\u5bbf\u8fde\u9501\u5c3c\u65af\u00b7\u6735\u62c9Nice Dora\u5e84\u56ed", "order_time": ["2019-01-26 01:37:41"], "total_order": 1, "hotel_value": ["4.9"], "hotel_price": ["369"]}, "2298885": {"hotel_name": "\u53a6\u95e8\u9f13\u6d6a\u5c7f\u6d77\u534e\u5ea6\u5047\u5c4b", "order_time": ["2019-01-26 01:37:42"], "total_order": 1, "hotel_value": ["4.9"], "hotel_price": ["401"]}, "5091134": {"hotel_name": "\u53a6\u95e8\u4e2d\u5c1a\u623f\u8f66\u516c\u56ed\u9152\u5e97", "order_time": ["2019-01-26 01:37:49"], "total_order": 1, "hotel_value": ["4.5"], "hotel_price": ["282"]}, "926806": {"hotel_name": "\u53a6\u95e8\u4eac\u534e\u5927\u9152\u5e97", "order_time": ["2019-01-26 01:37:54"], "total_order": 1, "hotel_value": ["4.6"], "hotel_price": ["390"]}, "19735131": {"hotel_name": "\u53a6\u95e8\u6cab\u5bd3\u9152\u5e97\u5f0f\u516c\u5bd3", "order_time": ["2019-01-26 01:39:32"], "total_order": 1, "hotel_value": ["4.8"], "hotel_price": ["127"]}, "4311628": {"hotel_name": "\u65b0\u53cb\u8c0a\u9152\u5e97\u5f0f\u516c\u5bd3(\u53a6\u95e8\u673a\u573a\u5e97)", "order_time": ["2019-01-26 01:39:34"], "total_order": 1, "hotel_value": ["4.3"], "hotel_price": ["126"]}, "23623292": {"hotel_name": "\u53a6\u95e8\u4e09\u4e2a\u53a6\u5927\u4eba\u4e0e\u521d\u6c11\u5bbf", "order_time": ["2019-01-26 01:39:41"], "total_order": 1, "hotel_value": ["4.5"], "hotel_price": ["387"]}, "858889": {"hotel_name": "\u53a6\u95e8\u4e5d\u95f4\u5802\u8bbe\u8ba1\u5e08\u6c11\u5bbf(\u539f\u53a6\u95e8\u4e09\u6708\u5ba2\u6808)", "order_time": ["2019-01-26 01:39:42"], "total_order": 1, "hotel_value": ["4.8"], "hotel_price": ["143"]}, "1195853": {"hotel_name": "\u53a6\u95e8\u610f\u4f73\u9152\u5e97", "order_time": ["2019-01-26 01:41:32"], "total_order": 1, "hotel_value": ["4.4"], "hotel_price": ["103"]}, "448703": {"hotel_name": "\u53a6\u95e8\u4e50\u96c5\u65e0\u57a0\u9152\u5e97", "order_time": ["2019-01-26 01:41:33"], "total_order": 1, "hotel_value": ["4.6"], "hotel_price": ["599"]}, "1857599": {"hotel_name": "\u590f\u5546\u00b7\u6021\u5ead\u5feb\u6377\u9152\u5e97(\u53a6\u95e8\u96c6\u7f8e\u674f\u6797\u5e97)", "order_time": ["2019-01-26 01:43:34"], "total_order": 1, "hotel_value": ["4.2"], "hotel_price": ["135"]}, "778876": {"hotel_name": "\u98de\u5bbf\u8fde\u9501\u53a6\u95e8\u8499\u5a1c\u5e84\u56ed(\u539f\u83dc\u4e0d\u5728\u5ba2\u6808)", "order_time": ["2019-01-26 01:43:45"], "total_order": 1, "hotel_value": ["4.8"], "hotel_price": ["324"]}, "6247525": {"hotel_name": "\u53a6\u95e8\u96c6\u7f8e\u5927\u5b66\u4e9a\u6735\u9152\u5e97(\u539f\u96c6\u5927\u5bbe\u9986)", "order_time": ["2019-01-26 01:45:32"], "total_order": 1, "hotel_value": ["4.9"], "hotel_price": ["360"]}, "6820630": {"hotel_name": "\u53a6\u95e8\u90a3\u53a2\u6d77\u666f\u5ea6\u5047\u6c11\u5bbf", "order_time": ["2019-01-26 01:45:32"], "total_order": 1, "hotel_value": ["4.7"], "hotel_price": ["898"]}, "5669929": {"hotel_name": "\u53a6\u95e8\u5341\u91cc\u6d77\u5cb8\u5ea6\u5047\u5c4b", "order_time": ["2019-01-26 01:45:37"], "total_order": 1, "hotel_value": ["4.8"], "hotel_price": ["218"]}, "6259728": {"hotel_name": "\u82b1\u754c\u9152\u5e97(\u53a6\u95e8\u83b2\u82b1\u5e97)", "order_time": ["2019-01-26 01:45:40"], "total_order": 1, "hotel_value": ["4.4"], "hotel_price": ["281"]}}}