{"\u5f00\u59cb\u8bb0\u5f55\u65f6\u95f4": "2019-01-15 16:54:33", "\u7ed3\u675f\u8bb0\u5f55\u65f6\u95f4": "2019-01-15 17:54:33", "\u8ba2\u5355\u603b\u589e\u91cf": 318, "item": {"346269": {"hotel_name": "\u53a6\u95e8\u6e90\u660c\u51ef\u5bbe\u65af\u57fa\u5927\u9152\u5e97", "order_time": ["2019-01-15 16:56:51"], "total_order": 1, "hotel_value": ["4.7"], "hotel_price": ["898"]}, "898495": {"hotel_name": "\u6c49\u5ead\u9152\u5e97(\u53a6\u95e8\u79be\u7965\u897f\u8def\u79be\u7965\u5546\u57ce\u5e97)(\u539f\u6e56\u6ee8\u4e2d\u8def\u5e97)", "order_time": ["2019-01-15 16:56:53"], "total_order": 1, "hotel_value": ["4.4"], "hotel_price": ["142"]}, "15849666": {"hotel_name": "\u5168\u5b63\u9152\u5e97(\u53a6\u95e8\u5317\u7ad9\u674f\u6797\u6e7e\u8def\u5e97)", "order_time": ["2019-01-15 16:56:55"], "total_order": 1, "hotel_value": ["4.7"], "hotel_price": ["284"]}, "1535935": {"hotel_name": "\u6c49\u5ead\u9152\u5e97(\u53a6\u95e8\u96c6\u7f8e\u5b66\u6751\u5e97)", "order_time": ["2019-01-15 16:56:55"], "total_order": 1, "hotel_value": ["4.5"], "hotel_price": ["218"]}, "13985423": {"hotel_name": "\u53a6\u95e8\u4e00\u5e2d\u00b7\u9752\u5ddd\u6d77\u666f\u9a7f\u6808", "order_time": ["2019-01-15 16:56:57"], "total_order": 1, "hotel_value": ["4.9"], "hotel_price": ["154"]}, "5806184": {"hotel_name": "\u9177\u6d3e\u9152\u5e97(\u53a6\u95e8\u706b\u8f66\u7ad9\u68a7\u6751\u6c7d\u8f66\u7ad9\u5e97)", "order_time": ["2019-01-15 16:56:57"], "total_order": 1, "hotel_value": ["4.3"], "hotel_price": ["103"]}, "427501": {"hotel_name": "\u53a6\u95e8\u9187\u6d77\u5cb8\u7cbe\u54c1\u9152\u5e97", "order_time": ["2019-01-15 16:56:57"], "total_order": 1, "hotel_value": ["4.9"], "hotel_price": ["474"]}, "7861971": {"hotel_name": "\u53a6\u95e8\u9f13\u6d6a\u5c7f\u5c0f\u5c9b\u98ce\u60c5\u65c5\u9986", "order_time": ["2019-01-15 16:56:58"], "total_order": 1, "hotel_value": ["4.8"], "hotel_price": ["137"]}, "1541934": {"hotel_name": "\u53a6\u95e8\u68b5\u5c45\u00b7\u9759\u5fc3\u522b\u9662", "order_time": ["2019-01-15 17:32:53", "2019-01-15 16:56:58"], "total_order": 2, "hotel_value": ["4.9", "4.9"], "hotel_price": ["254", "334"]}, "2042480": {"hotel_name": "7\u5929\u8fde\u9501\u9152\u5e97(\u53a6\u95e8\u9f13\u6d6a\u5c7f\u7801\u5934\u5e97)", "order_time": ["2019-01-15 16:57:00"], "total_order": 1, "hotel_value": ["3.9"], "hotel_price": ["138"]}, "6118955": {"hotel_name": "\u53a6\u95e8\u827e\u5c14\u65af\u5ea6\u5047\u5e84\u56ed", "order_time": ["2019-01-15 17:04:52", "2019-01-15 16:57:01"], "total_order": 2, "hotel_value": ["4.9", "4.9"], "hotel_price": ["126", "126"]}, "27938575": {"hotel_name": "\u53a6\u95e8\u6d77\u4e1d\u827a\u672f\u54c1\u4e2d\u5fc3\u4f70\u7fd4\u7428\u70c1\u9152\u5e97", "order_time": ["2019-01-15 16:57:01", "2019-01-15 17:00:56"], "total_order": 2, "hotel_value": ["4.8", "4.8"], "hotel_price": ["408", "408"]}, "428660": {"hotel_name": "\u53a6\u95e8\u9890\u749f\u82b1\u56ed\u9152\u5e97(\u539f\u65b0\u52a0\u5761\u9152\u5e97)", "order_time": ["2019-01-15 16:57:01"], "total_order": 1, "hotel_value": ["4.6"], "hotel_price": ["158"]}, "436737": {"hotel_name": "\u53a6\u95e8\u9f13\u6d6a\u5c7f\u60a6\u7cbe\u54c1\u9152\u5e97", "order_time": ["2019-01-15 17:05:14", "2019-01-15 17:03:07", "2019-01-15 16:57:17"], "total_order": 3, "hotel_value": ["4.5", "4.5", "4.5"], "hotel_price": ["126", "126", "126"]}, "1480877": {"hotel_name": "\u53a6\u95e8\u9752\u5e74\u9633\u5149\u9152\u5e97(\u52a0\u5dde\u5e7f\u573a\u5e97)", "order_time": ["2019-01-15 16:57:18", "2019-01-15 17:15:00", "2019-01-15 17:02:55"], "total_order": 3, "hotel_value": ["4.4", "4.4", "4.4"], "hotel_price": ["171", "171", "171"]}, "435290": {"hotel_name": "\u53a6\u95e8\u6625\u5149\u9152\u5e97", "order_time": ["2019-01-15 16:58:52"], "total_order": 1, "hotel_value": ["4.7"], "hotel_price": ["277"]}, "27833083": {"hotel_name": "\u53a6\u95e8\u968f\u5fc3\u9601\u516c\u5bd3", "order_time": ["2019-01-15 16:58:53"], "total_order": 1, "hotel_value": ["4.8"], "hotel_price": ["151"]}, "5304807": {"hotel_name": "\u826f\u5885\u00b7\u4e91\u5ead\u758f\u9662(\u53a6\u95e8\u66fe\u539d\u57b5\u5e97)", "order_time": ["2019-01-15 16:58:57"], "total_order": 1, "hotel_value": ["4.9"], "hotel_price": ["180"]}, "470603": {"hotel_name": "\u53a6\u95e8\u745e\u63d0\u62c9\u9152\u5e97", "order_time": ["2019-01-15 16:58:58"], "total_order": 1, "hotel_value": ["4.5"], "hotel_price": ["299"]}, "23625312": {"hotel_name": "\u53a6\u95e8\u4e91\u820d\u96c5\u5c45\u516c\u5bd3", "order_time": ["2019-01-15 16:58:58"], "total_order": 1, "hotel_value": ["4.7"], "hotel_price": ["122"]}, "419386": {"hotel_name": "\u53a6\u95e8\u91d1\u5a01\u5927\u9152\u5e97", "order_time": ["2019-01-15 16:58:58"], "total_order": 1, "hotel_value": ["4.6"], "hotel_price": ["323"]}, "1405990": {"hotel_name": "\u901f8\u9152\u5e97(\u53a6\u95e8\u706b\u8f66\u7ad9\u5e97)", "order_time": ["2019-01-15 16:58:58"], "total_order": 1, "hotel_value": ["4.3"], "hotel_price": ["142"]}, "426864": {"hotel_name": "\u53a6\u95e8\u9f13\u6d6a\u5c7f\u6d77\u4e0a\u82b1\u56ed\u9152\u5e97", "order_time": ["2019-01-15 16:58:58"], "total_order": 1, "hotel_value": ["4.4"], "hotel_price": ["690"]}, "6763972": {"hotel_name": "\u53a6\u95e8\u5317\u7ad9\u66fc\u5df4\u9152\u5e97", "order_time": ["2019-01-15 16:58:59"], "total_order": 1, "hotel_value": ["4.7"], "hotel_price": ["173"]}, "6512986": {"hotel_name": "\u53a6\u95e8\u4e4c\u5ae3\u539d\u5ba2\u6808", "order_time": ["2019-01-15 16:58:59"], "total_order": 1, "hotel_value": ["4.9"], "hotel_price": ["153"]}, "457043": {"hotel_name": "\u9752\u5e74\u9633\u5149\u9152\u5e97(\u53a6\u95e8\u4e2d\u5c71\u8def\u5e97)(\u539f\u540e\u6ee8\u4e2a\u6027\u5e97)", "order_time": ["2019-01-15 16:58:59"], "total_order": 1, "hotel_value": ["4.7"], "hotel_price": ["131"]}, "486020": {"hotel_name": "\u53a6\u95e8\u4e07\u4f73\u4e91\u9876\u5ea6\u5047\u9152\u5e97", "order_time": ["2019-01-15 16:58:59"], "total_order": 1, "hotel_value": ["4.5"], "hotel_price": ["238"]}, "1540062": {"hotel_name": "\u4e45\u6816\u00b7\u9f13\u6d6a\u5c7f\u6d77\u5cb8\u82b1\u65c5\u9986", "order_time": ["2019-01-15 16:59:00"], "total_order": 1, "hotel_value": ["4.9"], "hotel_price": ["126"]}, "926626": {"hotel_name": "\u53a6\u95e8\u6885\u56ed\u9152\u5e97", "order_time": ["2019-01-15 16:59:01"], "total_order": 1, "hotel_value": ["4.5"], "hotel_price": ["298"]}, "1623412": {"hotel_name": "\u6c49\u5ead\u9152\u5e97(\u53a6\u95e8\u767d\u9e6d\u6d32\u8def\u5e97)", "order_time": ["2019-01-15 16:59:01"], "total_order": 1, "hotel_value": ["4.0"], "hotel_price": ["142"]}, "1726924": {"hotel_name": "\u53a6\u95e8\u9f13\u6d6a\u5c7f\u4e07\u6c34\u5343\u5c71\u5ea6\u5047\u5c71\u5e84", "order_time": ["2019-01-15 16:59:01"], "total_order": 1, "hotel_value": ["4.4"], "hotel_price": ["290"]}, "4034369": {"hotel_name": "\u4e07\u4ec1\u9152\u5e97(\u53a6\u95e8\u4e2d\u5c71\u8def\u5e97)", "order_time": ["2019-01-15 16:59:09"], "total_order": 1, "hotel_value": ["3.5"], "hotel_price": ["79"]}, "1338634": {"hotel_name": "\u53a6\u95e8\u6c40\u5dde\u62db\u5f85\u6240", "order_time": ["2019-01-15 16:59:21"], "total_order": 1, "hotel_value": ["3.4"], "hotel_price": ["96"]}, "1477032": {"hotel_name": "\u53a6\u95e8\u6d77\u8fb9\u6021\u666f\u5ba2\u6808", "order_time": ["2019-01-15 16:59:26"], "total_order": 1, "hotel_value": ["3.9"], "hotel_price": ["108"]}, "2297831": {"hotel_name": "\u5168\u5b63\u9152\u5e97(\u53a6\u95e8\u4e2d\u5c71\u8def\u6b65\u884c\u8857\u5e97)", "order_time": ["2019-01-15 17:00:50"], "total_order": 1, "hotel_value": ["4.8"], "hotel_price": ["351"]}, "431965": {"hotel_name": "\u53a6\u95e8\u7f8e\u4ed1\u7693\u6656\u9152\u5e97", "order_time": ["2019-01-15 17:00:52"], "total_order": 1, "hotel_value": ["4.7"], "hotel_price": ["198"]}, "385412": {"hotel_name": "\u53a6\u95e8\u5317\u6d77\u6e7e\u60e0\u9f99\u4e07\u8fbe\u5609\u534e\u9152\u5e97", "order_time": ["2019-01-15 17:00:53"], "total_order": 1, "hotel_value": ["4.8"], "hotel_price": ["750"]}, "346267": {"hotel_name": "\u53a6\u95e8\u5e1d\u5143\u7ef4\u591a\u5229\u4e9a\u5927\u9152\u5e97", "order_time": ["2019-01-15 17:00:53"], "total_order": 1, "hotel_value": ["4.5"], "hotel_price": ["548"]}, "19517458": {"hotel_name": "\u53a6\u95e8\u601d\u5c7f\u9e6d", "order_time": ["2019-01-15 17:00:57"], "total_order": 1, "hotel_value": ["4.6"], "hotel_price": ["98"]}, "28134136": {"hotel_name": "\u53a6\u95e8\u8f6c\u89d2\u5c4b\u6c11\u5bbf", "order_time": ["2019-01-15 17:00:59"], "total_order": 1, "hotel_value": ["4.9"], "hotel_price": ["105"]}, "1386469": {"hotel_name": "\u5982\u5bb6\u5feb\u6377\u9152\u5e97(\u53a6\u95e8\u96c6\u7f8e\u5927\u5b66\u5e97)", "order_time": ["2019-01-15 17:01:01"], "total_order": 1, "hotel_value": ["4.4"], "hotel_price": ["132"]}, "532309": {"hotel_name": "\u9f13\u6d6a\u5c7f\u4e91\u9014\u65c5\u9986", "order_time": ["2019-01-15 17:01:01"], "total_order": 1, "hotel_value": ["4.9"], "hotel_price": ["129"]}, "6843796": {"hotel_name": "\u9f13\u6d6a\u5c7f\u52a0\u5dde\u522b\u9662", "order_time": ["2019-01-15 17:01:02"], "total_order": 1, "hotel_value": ["4.1"], "hotel_price": ["180"]}, "4606388": {"hotel_name": "\u53a6\u95e8\u6d77\u5c1a\u98ce\u60c5\u5ba2\u6808", "order_time": ["2019-01-15 17:01:02"], "total_order": 1, "hotel_value": ["4.9"], "hotel_price": ["87"]}, "2308662": {"hotel_name": "\u53a6\u95e8\u9f13\u6d6a\u5c7f\u9f99\u5934\u65c5\u793e", "order_time": ["2019-01-15 17:01:08"], "total_order": 1, "hotel_value": ["4.3"], "hotel_price": ["113"]}, "1229105": {"hotel_name": "\u53a6\u95e8\u9f13\u6d6a\u5c7f\u5916\u5a46\u7684\u6f8e\u6e56\u6e7e\u65c5\u9986", "order_time": ["2019-01-15 17:01:19"], "total_order": 1, "hotel_value": ["4.2"], "hotel_price": ["183"]}, "1227390": {"hotel_name": "886\u7cbe\u54c1\u9152\u5e97(\u53a6\u95e8\u6d77\u6ca7\u533a\u653f\u5e9c\u5e97)", "order_time": ["2019-01-15 17:02:53"], "total_order": 1, "hotel_value": ["4.1"], "hotel_price": ["162"]}, "419881": {"hotel_name": "\u6700\u4f73\u897f\u65b9\u53a6\u95e8\u5b8f\u90fd\u9152\u5e97", "order_time": ["2019-01-15 17:02:54"], "total_order": 1, "hotel_value": ["4.8"], "hotel_price": ["658"]}, "698202": {"hotel_name": "\u548c\u9890\u9152\u5e97(\u53a6\u95e8\u4e2d\u5c71\u8def\u6d77\u666f\u5e97)", "order_time": ["2019-01-15 17:02:54"], "total_order": 1, "hotel_value": ["4.7"], "hotel_price": ["293"]}, "1247067": {"hotel_name": "\u53a6\u95e8\u5341\u56db\u4efd\u5ba2\u6808", "order_time": ["2019-01-15 17:48:54", "2019-01-15 17:02:55"], "total_order": 2, "hotel_value": ["4.9", "4.9"], "hotel_price": ["121", "121"]}, "1729077": {"hotel_name": "\u559c\u6797\u9601\u5ea6\u5047\u65c5\u9986(\u9f13\u6d6a\u5c7f\u4e16\u754c\u6587\u5316\u9057\u4ea7\u5e97)", "order_time": ["2019-01-15 17:02:56"], "total_order": 1, "hotel_value": ["4.7"], "hotel_price": ["548"]}, "1938588": {"hotel_name": "\u53a6\u95e8OTS\u8bbe\u8ba1\u578b\u6c11\u5bbf", "order_time": ["2019-01-15 17:02:57"], "total_order": 1, "hotel_value": ["4.9"], "hotel_price": ["183"]}, "369750": {"hotel_name": "\u53a6\u95e8\u6cdb\u592a\u5e73\u6d0b\u5927\u9152\u5e97", "order_time": ["2019-01-15 17:02:58"], "total_order": 1, "hotel_value": ["4.6"], "hotel_price": ["600"]}, "2097550": {"hotel_name": "\u53a6\u95e8\u6d6a\u6f2b\u90fd\u5e02\u9152\u5e97", "order_time": ["2019-01-15 17:03:01"], "total_order": 1, "hotel_value": ["4.0"], "hotel_price": ["121"]}, "3688726": {"hotel_name": "\u53a6\u95e8\u53a6\u5927\u522b\u6811\u4e00\u9601\u7cbe\u54c1\u5ba2\u6808(\u539f\u53a6\u95e8\u5927\u5b66\u522b\u6811\u4e00\u9601\u5bb6\u5ead\u65c5\u9986)", "order_time": ["2019-01-15 17:03:03"], "total_order": 1, "hotel_value": ["4.8"], "hotel_price": ["114"]}, "1719842": {"hotel_name": "\u53a6\u95e821\u533a\u521b\u610f\u9152\u5e97(\u539f\u548c\u681121\u533a\u521b\u610f\u9152\u5e97)", "order_time": ["2019-01-15 17:03:08"], "total_order": 1, "hotel_value": ["4.2"], "hotel_price": ["96"]}, "1183602": {"hotel_name": "\u516b\u82f1\u91cc\u9152\u5e97(\u53a6\u95e8\u4e2d\u5c71\u8def\u5e97)", "order_time": ["2019-01-15 17:03:08"], "total_order": 1, "hotel_value": ["4.7"], "hotel_price": ["126"]}, "6112181": {"hotel_name": "\u53a6\u95e8\u6c38\u4e3d\u8fbe\u4e3d\u5448\u9152\u5e97", "order_time": ["2019-01-15 17:04:50"], "total_order": 1, "hotel_value": ["4.8"], "hotel_price": ["439"]}, "443333": {"hotel_name": "\u9752\u5e74\u9633\u5149\u8fde\u9501\u9152\u5e97(\u53a6\u95e8\u65b9\u7279\u68a6\u5e7b\u540c\u5b89\u5e97)(\u539f\u540c\u5b89\u5e97)", "order_time": ["2019-01-15 17:44:52", "2019-01-15 17:04:51"], "total_order": 2, "hotel_value": ["4.5", "4.5"], "hotel_price": ["116", "116"]}, "1551675": {"hotel_name": "\u53a6\u95e8\u67e0\u6aac\u516c\u5bd3(\u539f\u5982\u610f\u65c5\u9986)", "order_time": ["2019-01-15 17:04:53"], "total_order": 1, "hotel_value": ["4.9"], "hotel_price": ["92"]}, "2157026": {"hotel_name": "\u53a6\u95e8\u559c\u591a\u5c4b\u9152\u5e97", "order_time": ["2019-01-15 17:04:54"], "total_order": 1, "hotel_value": ["4.6"], "hotel_price": ["92"]}, "28525229": {"hotel_name": "\u53a6\u95e8\u96c5\u7434\u4f73\u5c45\u516c\u5bd3", "order_time": ["2019-01-15 17:04:58"], "total_order": 1, "hotel_value": ["4.9"], "hotel_price": ["101"]}, "25633183": {"hotel_name": "\u5fc3\u8fdc\u9152\u5e97(\u53a6\u95e8\u8f6e\u6e21\u4e2d\u5c71\u8def\u6b65\u884c\u8857\u5e97)", "order_time": ["2019-01-15 17:04:59"], "total_order": 1, "hotel_value": ["4.4"], "hotel_price": ["191"]}, "1645144": {"hotel_name": "\u4e91\u4e0a\u56db\u5b63\u8fde\u9501\u9152\u5e97(\u53a6\u95e8\u73c0\u83f2\u82b1\u56ed\u5e97)", "order_time": ["2019-01-15 17:05:01"], "total_order": 1, "hotel_value": ["4.2"], "hotel_price": ["98"]}, "2308728": {"hotel_name": "\u53a6\u95e8\u5357\u6e56\u9e6d\u98de\u56fd\u9645\u9752\u5e74\u65c5\u820d", "order_time": ["2019-01-15 17:46:59", "2019-01-15 17:05:02"], "total_order": 2, "hotel_value": ["4.2", "4.2"], "hotel_price": ["55", "55"]}, "437471": {"hotel_name": "\u53a6\u95e8\u9f13\u6d6a\u5c7f\u60a6\u60c5\u6e2f\u9152\u5e97", "order_time": ["2019-01-15 17:09:04", "2019-01-15 17:05:03", "2019-01-15 17:11:04"], "total_order": 3, "hotel_value": ["4.4", "4.4", "4.4"], "hotel_price": ["111", "111", "111"]}, "23946623": {"hotel_name": "\u53a6\u95e8\u8d77\u8dd1\u7ebf\u5ba2\u6808", "order_time": ["2019-01-15 17:05:04"], "total_order": 1, "hotel_value": ["4.9"], "hotel_price": ["103"]}, "13989777": {"hotel_name": "\u6f58\u591a\u62c9\u6d77\u666f\u5ba2\u6808(\u53a6\u95e8\u4e2d\u5c71\u8def\u6b65\u884c\u8857\u5e97)", "order_time": ["2019-01-15 17:33:04", "2019-01-15 17:05:04", "2019-01-15 17:41:02"], "total_order": 3, "hotel_value": ["4.8", "4.8", "4.8"], "hotel_price": ["104", "104", "104"]}, "11052008": {"hotel_name": "\u53a6\u95e8\u5343\u767e\u5ea6\u5ba2\u6808", "order_time": ["2019-01-15 17:05:05"], "total_order": 1, "hotel_value": ["4.9"], "hotel_price": ["196"]}, "2294237": {"hotel_name": "\u53a6\u95e8\u6c34\u679c\u5047\u65e5\u9152\u5e97", "order_time": ["2019-01-15 17:05:05"], "total_order": 1, "hotel_value": ["4.2"], "hotel_price": ["123"]}, "2301140": {"hotel_name": "\u53a6\u95e8\u7f8e\u6676\u9152\u5e97", "order_time": ["2019-01-15 17:05:06"], "total_order": 1, "hotel_value": ["4.2"], "hotel_price": ["269"]}, "26407280": {"hotel_name": "\u53a6\u95e8\u5c7f\u4e0a\u522b\u539d\u5ba2\u6808", "order_time": ["2019-01-15 17:05:17"], "total_order": 1, "hotel_value": ["4.9"], "hotel_price": ["58"]}, "14248831": {"hotel_name": "\u5357\u8f69\u9601\u5ba2\u6808\uff08\u53a6\u95e8\u4e2d\u5c71\u8def\u5e97\uff09", "order_time": ["2019-01-15 17:05:21"], "total_order": 1, "hotel_value": ["4.6"], "hotel_price": ["79"]}, "4960975": {"hotel_name": "\u548c\u9890\u9152\u5e97(\u53a6\u95e8\u4e2d\u5c71\u8def\u6b65\u884c\u8857\u5e97)", "order_time": ["2019-01-15 17:06:52"], "total_order": 1, "hotel_value": ["4.7"], "hotel_price": ["274"]}, "4439579": {"hotel_name": "\u524d\u7530\u6e7e\u7cbe\u54c1\u5ba2\u6808(\u53a6\u95e8\u66fe\u539d\u57b5\u5e97)", "order_time": ["2019-01-15 17:06:53"], "total_order": 1, "hotel_value": ["4.7"], "hotel_price": ["108"]}, "425692": {"hotel_name": "\u53a6\u95e8\u6d77\u60a6\u5c71\u5e84\u9152\u5e97", "order_time": ["2019-01-15 17:06:54"], "total_order": 1, "hotel_value": ["4.8"], "hotel_price": ["813"]}, "4029539": {"hotel_name": "\u53a6\u95e8\u98de\u5bbf\u8fde\u9501\u53cc\u5b50\u5885\u7687\u5bb6\u5ea6\u5047\u5e84\u56ed", "order_time": ["2019-01-15 17:06:54"], "total_order": 1, "hotel_value": ["4.7"], "hotel_price": ["171"]}, "434812": {"hotel_name": "\u53a6\u95e8\u65e5\u6708\u8c37\u6e29\u6cc9\u6e21\u5047\u6751", "order_time": ["2019-01-15 17:06:54"], "total_order": 1, "hotel_value": ["4.7"], "hotel_price": ["908"]}, "6842747": {"hotel_name": "\u53a6\u95e8\u9752\u6625\u65f6\u5149\u5ba2\u6808", "order_time": ["2019-01-15 17:06:58"], "total_order": 1, "hotel_value": ["4.3"], "hotel_price": ["113"]}, "858889": {"hotel_name": "\u53a6\u95e8\u4e5d\u95f4\u5802\u8bbe\u8ba1\u5e08\u6c11\u5bbf(\u539f\u53a6\u95e8\u4e09\u6708\u5ba2\u6808)", "order_time": ["2019-01-15 17:06:58"], "total_order": 1, "hotel_value": ["4.8"], "hotel_price": ["116"]}, "6341267": {"hotel_name": "\u53a6\u95e8\u9ea6\u53cc\u6d01\u9152\u5e97", "order_time": ["2019-01-15 17:06:59"], "total_order": 1, "hotel_value": ["4.5"], "hotel_price": ["168"]}, "2582476": {"hotel_name": "99\u65c5\u9986\u8fde\u9501(\u53a6\u95e8\u5367\u9f99\u6653\u57ce\u5e97)", "order_time": ["2019-01-15 17:06:59"], "total_order": 1, "hotel_value": ["4.3"], "hotel_price": ["69"]}, "1714585": {"hotel_name": "\u53a6\u95e8\u5ea6\u00b7\u56db\u5b63\u6d77\u5cb8\u9152\u5e97", "order_time": ["2019-01-15 17:07:01", "2019-01-15 17:24:56"], "total_order": 2, "hotel_value": ["4.6", "4.6"], "hotel_price": ["129", "129"]}, "23623292": {"hotel_name": "\u53a6\u95e8\u4e09\u4e2a\u53a6\u5927\u4eba\u4e0e\u521d\u6c11\u5bbf", "order_time": ["2019-01-15 17:07:05"], "total_order": 1, "hotel_value": ["4.6"], "hotel_price": ["793"]}, "669139": {"hotel_name": "\u53a6\u95e8\u4eac\u50ce\u9890\u8c6a\u9152\u5e97", "order_time": ["2019-01-15 17:07:05"], "total_order": 1, "hotel_value": ["4.6"], "hotel_price": ["393"]}, "1929448": {"hotel_name": "\u53a6\u95e8\u6da6\u60a6\u4e30\u9152\u5e97", "order_time": ["2019-01-15 17:07:07"], "total_order": 1, "hotel_value": ["4.1"], "hotel_price": ["164"]}, "2624108": {"hotel_name": "\u53a6\u95e8\u5e0c\u5c14\u987f\u9038\u6797\u9152\u5e97", "order_time": ["2019-01-15 17:07:24", "2019-01-15 17:43:29"], "total_order": 2, "hotel_value": ["4.7", "4.7"], "hotel_price": ["746", "746"]}, "5435657": {"hotel_name": "\u9f13\u6d6a\u5c7f\u5706\u6c99\u6d32\u4e3b\u9898\u522b\u5885", "order_time": ["2019-01-15 17:08:54"], "total_order": 1, "hotel_value": ["4.9"], "hotel_price": ["177"]}, "11154787": {"hotel_name": "\u53a6\u95e8\u66fe\u539d\u57b5\u8fe6\u9005\u6e90\u7d20\u8f7b\u5962\u6c11\u5bbf", "order_time": ["2019-01-15 17:08:54"], "total_order": 1, "hotel_value": ["4.8"], "hotel_price": ["116"]}, "1804365": {"hotel_name": "\u6d6a\u6f2b\u90fd\u5e02\u8fde\u9501\u9152\u5e97(\u53a6\u95e8\u706b\u8f66\u7ad9\u6d0b\u5b8f\u603b\u5e97)(\u539f\u6d0b\u5b8f\u5bbe\u9986)", "order_time": ["2019-01-15 17:08:57"], "total_order": 1, "hotel_value": ["4.3"], "hotel_price": ["108"]}, "4359404": {"hotel_name": "\u53a6\u95e8\u7d20\u8317\u5ba2\u6808", "order_time": ["2019-01-15 17:08:57"], "total_order": 1, "hotel_value": ["4.8"], "hotel_price": ["88"]}, "6530325": {"hotel_name": "\u53a6\u95e8\u5c71\u6d77\u89c2\u8d30\u53f7\u9662", "order_time": ["2019-01-15 17:08:58"], "total_order": 1, "hotel_value": ["4.7"], "hotel_price": ["688"]}, "2298562": {"hotel_name": "\u9526\u6c5f\u4e4b\u661f(\u53a6\u95e8\u5927\u5b66\u4e2d\u5c71\u8def\u5e97)", "order_time": ["2019-01-15 17:08:59"], "total_order": 1, "hotel_value": ["4.5"], "hotel_price": ["189"]}, "483805": {"hotel_name": "\u53a6\u95e8\u6ee8\u5317\u9890\u8c6a\u9152\u5e97", "order_time": ["2019-01-15 17:16:55", "2019-01-15 17:08:59"], "total_order": 2, "hotel_value": ["4.8", "4.8"], "hotel_price": ["458", "458"]}, "512888": {"hotel_name": "\u53a6\u95e8\u7fd4\u5b89\u9890\u8c6a\u9152\u5e97", "order_time": ["2019-01-15 17:09:01"], "total_order": 1, "hotel_value": ["4.7"], "hotel_price": ["1199"]}, "6551033": {"hotel_name": "\u683c\u6797\u8054\u76df(\u53a6\u95e8\u706b\u8f66\u7ad9\u4f53\u80b2\u4e2d\u5fc3\u5e97)", "order_time": ["2019-01-15 17:09:03"], "total_order": 1, "hotel_value": ["4.3"], "hotel_price": ["132"]}, "845501": {"hotel_name": "\u53a6\u95e8\u822b\u9633\u5927\u9152\u5e97", "order_time": ["2019-01-15 17:09:11", "2019-01-15 17:21:08", "2019-01-15 17:43:07", "2019-01-15 17:46:57"], "total_order": 4, "hotel_value": ["4.2", "4.2", "4.2", "4.2"], "hotel_price": ["290", "337", "337", "337"]}, "2241046": {"hotel_name": "\u4e2d\u5357\u6e7e\u9152\u5e97(\u53a6\u95e8\u4e2d\u5c71\u8def\u5e97)", "order_time": ["2019-01-15 17:09:38"], "total_order": 1, "hotel_value": ["4.0"], "hotel_price": ["112"]}, "346248": {"hotel_name": "\u53a6\u95e8\u6cf0\u8c37\u9152\u5e97", "order_time": ["2019-01-15 17:10:52", "2019-01-15 17:16:50", "2019-01-15 17:11:38", "2019-01-15 17:11:33"], "total_order": 4, "hotel_value": ["4.7", "4.7", "4.7", "4.7"], "hotel_price": ["398", "398", "398", "398"]}, "387242": {"hotel_name": "\u53a6\u95e8\u4e1c\u5357\u4e9a\u5927\u9152\u5e97", "order_time": ["2019-01-15 17:10:53"], "total_order": 1, "hotel_value": ["4.5"], "hotel_price": ["312"]}, "8615916": {"hotel_name": "\u53a6\u95e8\u84dd\u8272\u6d77\u5cb8\u9152\u5e97", "order_time": ["2019-01-15 17:10:54"], "total_order": 1, "hotel_value": ["4.6"], "hotel_price": ["183"]}, "470600": {"hotel_name": "\u53a6\u95e8\u9f13\u6d6a\u5c7f\u56fd\u738b\u76d2\u5b50\u5ea6\u5047\u5c4b", "order_time": ["2019-01-15 17:10:55", "2019-01-15 17:40:58"], "total_order": 2, "hotel_value": ["4.6", "4.6"], "hotel_price": ["96", "96"]}, "10201435": {"hotel_name": "\u53a6\u95e8\u4f70\u7fd4\u4e94\u901a\u9152\u5e97", "order_time": ["2019-01-15 17:10:56"], "total_order": 1, "hotel_value": ["4.7"], "hotel_price": ["1059"]}, "771600": {"hotel_name": "\u53a6\u95e8\u6676\u88d5\u5546\u52a1\u9152\u5e97", "order_time": ["2019-01-15 17:11:00"], "total_order": 1, "hotel_value": ["4.1"], "hotel_price": ["110"]}, "6616548": {"hotel_name": "\u53a6\u95e8\u98de\u5bbf\u8fde\u9501\u9999\u5885\u00b7\u6735\u62c9Fra.Villa Dora\u5e84\u56ed", "order_time": ["2019-01-15 17:11:04"], "total_order": 1, "hotel_value": ["4.7"], "hotel_price": ["257"]}, "11372511": {"hotel_name": "\u53a6\u95e8\u6f2b\u5ead\u65f6\u5149\u5ba2\u6808", "order_time": ["2019-01-15 17:11:05"], "total_order": 1, "hotel_value": ["4.8"], "hotel_price": ["153"]}, "1990013": {"hotel_name": "\u53a6\u95e8\u5317\u7ad9\u6e29\u99a8\u96c5\u9601\u5bbe\u9986", "order_time": ["2019-01-15 17:11:08"], "total_order": 1, "hotel_value": ["4.7"], "hotel_price": ["68"]}, "1468391": {"hotel_name": "\u53a6\u95e8\u53cc\u534e\u5174\u5bbe\u9986", "order_time": ["2019-01-15 17:11:09"], "total_order": 1, "hotel_value": ["4.3"], "hotel_price": ["143"]}, "1405425": {"hotel_name": "\u53a6\u95e8\u5174\u6052\u5927\u9152\u5e97", "order_time": ["2019-01-15 17:12:51"], "total_order": 1, "hotel_value": ["4.5"], "hotel_price": ["273"]}, "1228138": {"hotel_name": "\u5982\u5bb6\u5feb\u6377\u9152\u5e97(\u53a6\u95e8\u4f53\u80b2\u4e2d\u5fc3\u69df\u6994\u8def\u6e56\u666f\u5e97)", "order_time": ["2019-01-15 17:12:52"], "total_order": 1, "hotel_value": ["4.4"], "hotel_price": ["118"]}, "436724": {"hotel_name": "\u53a6\u95e8\u9f13\u6d6a\u5c7f\u65d7\u5c71\u4e00\u53f7\u516c\u9986", "order_time": ["2019-01-15 17:12:55"], "total_order": 1, "hotel_value": ["4.7"], "hotel_price": ["232"]}, "375293": {"hotel_name": "\u53a6\u95e8\u95fd\u5357\u5927\u9152\u5e97", "order_time": ["2019-01-15 17:13:03"], "total_order": 1, "hotel_value": ["4.6"], "hotel_price": ["358"]}, "17384857": {"hotel_name": "\u53a6\u95e8\u7f8e\u9014\u96c5\u820d\u5546\u52a1\u9152\u5e97", "order_time": ["2019-01-15 17:13:05"], "total_order": 1, "hotel_value": ["4.0"], "hotel_price": ["153"]}, "1212911": {"hotel_name": "\u53a6\u95e8\u5317\u7ad9\u7ad9\u53f0\u5c0f\u9662(\u539f\u5317\u7ad9101\u9a7f\u7ad9)", "order_time": ["2019-01-15 17:13:08"], "total_order": 1, "hotel_value": ["4.8"], "hotel_price": ["56"]}, "15898659": {"hotel_name": "\u53a6\u95e8\u6ee8\u6ee8\u516c\u5bd3", "order_time": ["2019-01-15 17:13:26"], "total_order": 1, "hotel_value": [0], "hotel_price": ["103"]}, "26576625": {"hotel_name": "\u53a6\u95e8\u4e3d\u90fd\u516c\u5bd3", "order_time": ["2019-01-15 17:14:51"], "total_order": 1, "hotel_value": ["4.8"], "hotel_price": ["131"]}, "392554": {"hotel_name": "\u53a6\u95e8\u91d1\u745e\u4f73\u6cf0\u9152\u5e97(\u539f\u91d1\u5df4\u5170\u9152\u5e97)", "order_time": ["2019-01-15 17:14:52"], "total_order": 1, "hotel_value": ["4.5"], "hotel_price": ["299"]}, "8656624": {"hotel_name": "\u5168\u5b63\u9152\u5e97(\u53a6\u95e8\u96c6\u7f8e\u5b66\u6751\u5e97)(\u539f\u8d22\u7a0e\u5bbe\u9986)", "order_time": ["2019-01-15 17:14:54"], "total_order": 1, "hotel_value": ["4.8"], "hotel_price": ["284"]}, "2310246": {"hotel_name": "\u53a6\u95e8\u4e1c\u57ce\u6e7e\u5feb\u6377\u9152\u5e97", "order_time": ["2019-01-15 17:14:55"], "total_order": 1, "hotel_value": ["3.7"], "hotel_price": ["93"]}, "1861818": {"hotel_name": "\u53a6\u95e8\u62fe\u634c\u95f4\u00b7\u89c5\u89c1\u827a\u672f\u7a7a\u95f4\u5ba2\u6808", "order_time": ["2019-01-15 17:14:57"], "total_order": 1, "hotel_value": ["4.8"], "hotel_price": ["193"]}, "2135250": {"hotel_name": "\u4f0a\u4eba\u6d77\u65c5\u9986(\u53a6\u95e8\u9f13\u6d6a\u5c7f\u99a8\u7f18\u9601\u5e97)", "order_time": ["2019-01-15 17:14:58"], "total_order": 1, "hotel_value": ["4.6"], "hotel_price": ["162"]}, "24034391": {"hotel_name": "\u53a6\u95e8\u6c34\u6728\u6d77\u666f\u9152\u5e97", "order_time": ["2019-01-15 17:21:01", "2019-01-15 17:14:59"], "total_order": 2, "hotel_value": ["4.7", "4.7"], "hotel_price": ["227", "227"]}, "6955152": {"hotel_name": "\u53a6\u95e8\u541b\u96c5\u65f6\u5c1a\u9152\u5e97(\u539f\u4e98\u91d1\u9152\u5e97)", "order_time": ["2019-01-15 17:15:02"], "total_order": 1, "hotel_value": ["4.8"], "hotel_price": ["75"]}, "21430224": {"hotel_name": "\u53a6\u95e8\u5e02\u65c5\u7f8e\u9152\u5e97(\u53a6\u5927\u5357\u666e\u9640\u5e97)", "order_time": ["2019-01-15 17:15:04"], "total_order": 1, "hotel_value": ["4.2"], "hotel_price": ["98"]}, "1018033": {"hotel_name": "\u53a6\u95e8\u5317\u7ad9\u5947\u65fa\u65c5\u9986", "order_time": ["2019-01-15 17:15:17"], "total_order": 1, "hotel_value": ["4.7"], "hotel_price": ["83"]}, "2101828": {"hotel_name": "\u53a6\u95e8\u69ad\u540e\u9152\u5e97", "order_time": ["2019-01-15 17:16:51", "2019-01-15 17:24:50"], "total_order": 2, "hotel_value": ["4.8", "4.8"], "hotel_price": ["196", "196"]}, "13912439": {"hotel_name": "\u53a6\u95e8\u6620\u96ea\u8f7b\u5962\u9152\u5e97", "order_time": ["2019-01-15 17:24:50", "2019-01-15 17:16:52"], "total_order": 2, "hotel_value": ["4.9", "4.9"], "hotel_price": ["188", "188"]}, "804367": {"hotel_name": "\u548c\u9890\u9152\u5e97(\u53a6\u95e8\u706b\u8f66\u7ad9\u83b2\u82b1\u8def\u53e3\u5730\u94c1\u7ad9\u5e97)", "order_time": ["2019-01-15 17:16:53"], "total_order": 1, "hotel_value": ["4.8"], "hotel_price": ["245"]}, "1419294": {"hotel_name": "\u9526\u6c5f\u4e4b\u661f(\u53a6\u95e8\u5317\u7ad9\u5609\u5e9a\u4f53\u80b2\u9986\u5e97)", "order_time": ["2019-01-15 17:16:53"], "total_order": 1, "hotel_value": ["4.5"], "hotel_price": ["167"]}, "1857599": {"hotel_name": "\u590f\u5546\u00b7\u6021\u5ead\u5feb\u6377\u9152\u5e97(\u53a6\u95e8\u96c6\u7f8e\u674f\u6797\u5e97)", "order_time": ["2019-01-15 17:16:53"], "total_order": 1, "hotel_value": ["4.2"], "hotel_price": ["135"]}, "480520": {"hotel_name": "\u590f\u5546\u00b7\u6021\u5ead\u5feb\u6377\u9152\u5e97(\u83b2\u524d\u897f\u8def\u5e97)", "order_time": ["2019-01-15 17:35:00", "2019-01-15 17:45:02", "2019-01-15 17:16:53"], "total_order": 3, "hotel_value": ["4.0", "4.0", "4.0"], "hotel_price": ["79", "79", "79"]}, "708165": {"hotel_name": "\u53a6\u95e8\u8def\u5ba2Lotel\u00b7\u542c\u6d9b\u5c0f\u7b51\u6d77\u666f\u5ba2\u6808", "order_time": ["2019-01-15 17:16:59"], "total_order": 1, "hotel_value": ["4.3"], "hotel_price": ["248"]}, "1771637": {"hotel_name": "\u53a6\u95e8\u6d77\u5854\u4e4b\u661f\u6d77\u8fb9\u4e3b\u9898\u5ba2\u6808", "order_time": ["2019-01-15 17:17:04"], "total_order": 1, "hotel_value": ["4.8"], "hotel_price": ["93"]}, "3632720": {"hotel_name": "\u9f13\u6d6a\u5c7f\u672a\u95fb\u82b1\u540d\u65c5\u9986", "order_time": ["2019-01-15 17:17:04"], "total_order": 1, "hotel_value": ["4.8"], "hotel_price": ["78"]}, "6516890": {"hotel_name": "\u5168\u5b63\u9152\u5e97(\u53a6\u95e8SM\u5e7f\u573a\u677e\u67cf\u5e97)", "order_time": ["2019-01-15 17:22:51", "2019-01-15 17:26:58", "2019-01-15 17:17:14"], "total_order": 3, "hotel_value": ["4.8", "4.8", "4.8"], "hotel_price": ["379", "379", "379"]}, "11089626": {"hotel_name": "\u53a6\u95e8\u5c14\u7fd4\u9152\u5e97", "order_time": ["2019-01-15 17:29:29", "2019-01-15 17:17:31"], "total_order": 2, "hotel_value": ["4.5", "4.5"], "hotel_price": ["358", "358"]}, "790389": {"hotel_name": "\u53a6\u95e8\u65f6\u4ee3\u96c5\u5c45\u9152\u5e97", "order_time": ["2019-01-15 17:18:51"], "total_order": 1, "hotel_value": ["4.6"], "hotel_price": ["232"]}, "5028626": {"hotel_name": "\u53a6\u95e8\u9493\u00b7\u7eaf\u6d77\u8f7b\u5962\u9a7f\u9986", "order_time": ["2019-01-15 17:18:52"], "total_order": 1, "hotel_value": ["4.9"], "hotel_price": ["208"]}, "823738": {"hotel_name": "\u753b\u5eca\u9152\u5e97(\u9f13\u6d6a\u5c7f\u6545\u9a7f\u6d77\u666f\u5e97)", "order_time": ["2019-01-15 17:18:52"], "total_order": 1, "hotel_value": ["4.9"], "hotel_price": ["268"]}, "1830099": {"hotel_name": "\u7231\u4e01\u5821\u8fde\u9501\u9152\u5e97(\u53a6\u95e8\u4f1a\u5c55\u5e97)", "order_time": ["2019-01-15 17:18:52"], "total_order": 1, "hotel_value": ["4.4"], "hotel_price": ["188"]}, "479354": {"hotel_name": "\u5bb6\u548c\u6625\u5929\u7cbe\u54c1\u9152\u5e97(\u53a6\u95e8\u673a\u573a\u5e97)", "order_time": ["2019-01-15 17:18:52"], "total_order": 1, "hotel_value": ["4.5"], "hotel_price": ["178"]}, "26557640": {"hotel_name": "\u826f\u5885\u00b7\u66fc\u4e3d\u5609\u5ea6\u5047\u522b\u5885(\u53a6\u95e8\u66fe\u539d\u57b5\u5e97)", "order_time": ["2019-01-15 17:18:52"], "total_order": 1, "hotel_value": ["5.0"], "hotel_price": ["189"]}, "2304450": {"hotel_name": "7\u5929\u8fde\u9501\u9152\u5e97(\u53a6\u95e8\u706b\u8f66\u7ad9\u5e97)", "order_time": ["2019-01-15 17:18:53"], "total_order": 1, "hotel_value": ["4.3"], "hotel_price": ["98"]}, "6477755": {"hotel_name": "\u53a6\u95e8\u9f13\u6d6a\u5c7f\u8336\u8bed\u65f6\u5149\u94a2\u7434\u65c5\u9986", "order_time": ["2019-01-15 17:19:01"], "total_order": 1, "hotel_value": ["4.8"], "hotel_price": ["78"]}, "467630": {"hotel_name": "\u53a6\u95e8\u9f13\u6d6a\u5c7f\u4e00\u89c1\u82b1\u56ed\u8001\u522b\u5885", "order_time": ["2019-01-15 17:38:55", "2019-01-15 17:19:07"], "total_order": 2, "hotel_value": ["4.7", "4.7"], "hotel_price": ["238", "238"]}, "440782": {"hotel_name": "\u53a6\u95e8\u65fa\u8f89\u9152\u5e97", "order_time": ["2019-01-15 17:24:59", "2019-01-15 17:19:07"], "total_order": 2, "hotel_value": ["4.8", "4.8"], "hotel_price": ["253", "253"]}, "2074390": {"hotel_name": "\u53a6\u95e8\u5317\u7ad9\u5b89\u6021\u5c45\u5ba2\u6808", "order_time": ["2019-01-15 17:19:13"], "total_order": 1, "hotel_value": ["4.7"], "hotel_price": ["83"]}, "12787513": {"hotel_name": "\u9f13\u6d6a\u5c7f\u79c1\u4eab\u4e0d\u540c\u65c5\u9986", "order_time": ["2019-01-15 17:19:15"], "total_order": 1, "hotel_value": ["4.8"], "hotel_price": ["157"]}, "1613814": {"hotel_name": "\u7231\u83f2\u513f\u5ea6\u5047\u9152\u5e97(\u53a6\u95e8\u9f13\u6d6a\u5c7f1930\u5e97)", "order_time": ["2019-01-15 17:24:50", "2019-01-15 17:20:50"], "total_order": 2, "hotel_value": ["4.6", "4.6"], "hotel_price": ["278", "288"]}, "1346900": {"hotel_name": "\u53a6\u95e88090\u9152\u5e97", "order_time": ["2019-01-15 17:20:52"], "total_order": 1, "hotel_value": ["4.3"], "hotel_price": ["223"]}, "436632": {"hotel_name": "\u53a6\u95e8\u4e07\u4f73\u4e1c\u65b9\u9152\u5e97", "order_time": ["2019-01-15 17:20:52"], "total_order": 1, "hotel_value": ["4.4"], "hotel_price": ["182"]}, "438496": {"hotel_name": "\u53a6\u95e8\u6e29\u6cc9\u6234\u65af\u9152\u5e97", "order_time": ["2019-01-15 17:29:09", "2019-01-15 17:20:52"], "total_order": 2, "hotel_value": ["4.4", "4.4"], "hotel_price": ["235", "235"]}, "8974594": {"hotel_name": "\u53a6\u95e8\u73ba\u4e30\u9152\u5e97", "order_time": ["2019-01-15 17:20:53"], "total_order": 1, "hotel_value": ["4.6"], "hotel_price": ["171"]}, "440464": {"hotel_name": "\u590f\u5546\u6021\u7fd4\u9152\u5e97(\u53a6\u95e8\u4e2d\u5c71\u8def\u534e\u90fd\u5e97)", "order_time": ["2019-01-15 17:20:55"], "total_order": 1, "hotel_value": ["4.6"], "hotel_price": ["294"]}, "1549905": {"hotel_name": "\u53a6\u95e8\u534a\u5c9b\u58f9\u53f7\u9152\u5e97", "order_time": ["2019-01-15 17:20:58"], "total_order": 1, "hotel_value": ["4.5"], "hotel_price": ["102"]}, "15899701": {"hotel_name": "\u6854\u5b50\u9152\u5e97\u7cbe\u9009(\u53a6\u95e8\u673a\u573a\u6210\u529f\u5927\u9053\u5e97)", "order_time": ["2019-01-15 17:20:59"], "total_order": 1, "hotel_value": ["4.8"], "hotel_price": ["341"]}, "444706": {"hotel_name": "\u590f\u5546\u00b7\u6021\u5ead\u5546\u52a1\u9152\u5e97(\u53a6\u95e8\u706b\u8f66\u7ad9\u79be\u7965\u5e97)", "order_time": ["2019-01-15 17:21:01"], "total_order": 1, "hotel_value": ["4.5"], "hotel_price": ["131"]}, "1637244": {"hotel_name": "\u53a6\u95e8\u7396\u7396\u6d77\u5cb8\u5ba2\u6808", "order_time": ["2019-01-15 17:21:10"], "total_order": 1, "hotel_value": ["4.3"], "hotel_price": ["107"]}, "11669342": {"hotel_name": "\u53a6\u95e8\u5fc6\u5bb6\u5c0f\u9a7b\u5ba2\u6808", "order_time": ["2019-01-15 17:21:11"], "total_order": 1, "hotel_value": ["4.8"], "hotel_price": ["79"]}, "11089797": {"hotel_name": "\u53a6\u95e8\u5927\u5b66\u8d77\u70b9\u9152\u5e97\u516c\u5bd3(\u539f\u53a6\u95e8\u5927\u5b66\u4e16\u8302\u6d77\u5ce1\u8d77\u70b9\u9152\u5e97\u516c\u5bd3)", "order_time": ["2019-01-15 17:22:51"], "total_order": 1, "hotel_value": ["4.6"], "hotel_price": ["307"]}, "1420252": {"hotel_name": "\u53a6\u95e8\u4e00\u89c1\u6c11\u5bbf", "order_time": ["2019-01-15 17:22:51"], "total_order": 1, "hotel_value": ["5.0"], "hotel_price": ["1262"]}, "21332906": {"hotel_name": "\u53a6\u95e8\u65af\u7ef4\u767b\u5ea6\u5047\u9152\u5e97(\u678b\u6e56\u8f66\u7ad9\u4f18\u671b\u5e97)", "order_time": ["2019-01-15 17:30:51", "2019-01-15 17:22:53"], "total_order": 2, "hotel_value": ["4.8", "4.8"], "hotel_price": ["183", "183"]}, "1766513": {"hotel_name": "\u53a6\u95e8\u8363\u51ef\u4f18\u4f73\u6c11\u5bbf", "order_time": ["2019-01-15 17:22:54"], "total_order": 1, "hotel_value": ["4.9"], "hotel_price": ["140"]}, "2300476": {"hotel_name": "7\u5929\u4f18\u54c1\u9152\u5e97(\u53a6\u95e8\u673a\u573a\u5e97)", "order_time": ["2019-01-15 17:22:54"], "total_order": 1, "hotel_value": ["4.6"], "hotel_price": ["209"]}, "6609857": {"hotel_name": "\u53a6\u95e8\u8299\u84c9\u9601\u9152\u5e97", "order_time": ["2019-01-15 17:22:57"], "total_order": 1, "hotel_value": ["4.9"], "hotel_price": ["166"]}, "1860898": {"hotel_name": "\u901f8\u9152\u5e97(\u53a6\u95e8\u540c\u5b89\u5e97)", "order_time": ["2019-01-15 17:22:59"], "total_order": 1, "hotel_value": ["4.3"], "hotel_price": ["158"]}, "12091233": {"hotel_name": "\u53a6\u95e8\u6816\u9690\u5ea6\u5047\u6c11\u5bbf", "order_time": ["2019-01-15 17:23:00"], "total_order": 1, "hotel_value": ["5.0"], "hotel_price": ["194"]}, "1710611": {"hotel_name": "\u53a6\u95e8\u53a6\u5927\u73af\u5c9b\u6d77\u5e06\u5ba2\u6808", "order_time": ["2019-01-15 17:23:02", "2019-01-15 17:39:09"], "total_order": 2, "hotel_value": ["4.9", "4.9"], "hotel_price": ["50", "50"]}, "1882711": {"hotel_name": "\u8001\u8857\u9752\u5e74\u65c5\u820d(\u53a6\u95e8\u5927\u5b66\u4e2d\u5c71\u8def\u8f6e\u6e21\u5e97)(\u539f\u6c34\u4ed9\u65c5\u793e)", "order_time": ["2019-01-15 17:23:02"], "total_order": 1, "hotel_value": ["4.7"], "hotel_price": ["47"]}, "1857673": {"hotel_name": "\u53a6\u95e8\u5317\u7ad9\u53e4\u5fb7\u5ba2\u6808", "order_time": ["2019-01-15 17:23:11"], "total_order": 1, "hotel_value": ["4.5"], "hotel_price": ["70"]}, "1857702": {"hotel_name": "\u53a6\u95e8\u5317\u7ad9\u534e\u6fe0\u56db\u5b63\u9152\u5e97", "order_time": ["2019-01-15 17:24:53"], "total_order": 1, "hotel_value": ["4.2"], "hotel_price": ["173"]}, "5482771": {"hotel_name": "\u89c1\u6c50\u00b7\u4e00\u5e2d\u8bbe\u8ba1\u5e08\u7f8e\u5bbf", "order_time": ["2019-01-15 17:24:59"], "total_order": 1, "hotel_value": ["5.0"], "hotel_price": ["212"]}, "2611150": {"hotel_name": "\u4f73\u6a59\u9152\u5e97(\u53a6\u95e8\u678b\u6e56\u8f66\u7ad9\u5e97)", "order_time": ["2019-01-15 17:24:59"], "total_order": 1, "hotel_value": ["4.2"], "hotel_price": ["83"]}, "21344089": {"hotel_name": "\u53a6\u95e8\u82b1\u679c\u5bbf(\u6d77\u539d)\u751f\u6d3b\u9986", "order_time": ["2019-01-15 17:25:02"], "total_order": 1, "hotel_value": ["4.9"], "hotel_price": ["214"]}, "2361567": {"hotel_name": "\u53a6\u95e8\u6234\u65af\u6c40\u9152\u5e97", "order_time": ["2019-01-15 17:25:02", "2019-01-15 17:31:00"], "total_order": 2, "hotel_value": ["3.8", "3.8"], "hotel_price": ["131", "131"]}, "1998645": {"hotel_name": "\u503e\u5bbf\u5ba2\u6808(\u53a6\u95e8\u66fe\u539d\u57b5\u53a6\u5927\u5e97)(\u539f\u6d77\u89d210\u53f7\u4e3b\u9898\u5ba2\u6808)", "order_time": ["2019-01-15 17:25:04"], "total_order": 1, "hotel_value": ["4.2"], "hotel_price": ["163"]}, "483838": {"hotel_name": "\u53a6\u95e8\u7a7a\u6e2f\u4f70\u7fd4\u82b1\u56ed\u9152\u5e97", "order_time": ["2019-01-15 17:26:52"], "total_order": 1, "hotel_value": ["4.5"], "hotel_price": ["292"]}, "11016275": {"hotel_name": "\u53a6\u95e8\u66fe\u539d\u57b5\u84dd\u6d77\u522b\u82d1\u5ba2\u6808", "order_time": ["2019-01-15 17:26:59"], "total_order": 1, "hotel_value": ["4.9"], "hotel_price": ["116"]}, "16018902": {"hotel_name": "\u53a6\u95e8\u8c6b\u805a\u53cb\u996d\u5e97", "order_time": ["2019-01-15 17:27:06"], "total_order": 1, "hotel_value": ["3.4"], "hotel_price": ["123"]}, "3658292": {"hotel_name": "\u5e02\u4e95\u59d1\u5a18\u6c11\u5bbf\uff08\u53a6\u95e8\u73af\u5c9b\u8def\u5e97\uff09", "order_time": ["2019-01-15 17:27:18"], "total_order": 1, "hotel_value": ["4.2"], "hotel_price": ["153"]}, "3034067": {"hotel_name": "\u53a6\u95e8\u5317\u7ad9\u798f\u8fce\u5ba2\u6808", "order_time": ["2019-01-15 17:27:18"], "total_order": 1, "hotel_value": ["4.3"], "hotel_price": ["81"]}, "2941876": {"hotel_name": "\u53a6\u95e8\u7231\u5c4b\u5409\u5c4b\u4e3b\u9898\u5ba2\u6808", "order_time": ["2019-01-15 17:27:18"], "total_order": 1, "hotel_value": ["4.7"], "hotel_price": ["118"]}, "2908100": {"hotel_name": "\u53a6\u95e8\u7559\u4e0b\u9752\u5e74\u65c5\u820d", "order_time": ["2019-01-15 17:27:18"], "total_order": 1, "hotel_value": ["4.3"], "hotel_price": ["35"]}, "436722": {"hotel_name": "\u53a6\u95e8\u9f13\u6d6a\u5c7f\u4f9d\u4f73\u9a7f\u6808\u5370\u8c61\u5e97", "order_time": ["2019-01-15 17:27:18"], "total_order": 1, "hotel_value": ["4.1"], "hotel_price": ["103"]}, "19867396": {"hotel_name": "\u6211\u5728\u53a6\u95e8\u5929\u6c14\u6674\u8bbe\u8ba1\u516c\u5bd3", "order_time": ["2019-01-15 17:27:24"], "total_order": 1, "hotel_value": [0], "hotel_price": ["205"]}, "11159573": {"hotel_name": "\u53a6\u95e8\u98de\u5bbf\u8fde\u9501\u4e3d\u820d\u00b7\u6735\u62c9\u5e84\u56ed", "order_time": ["2019-01-15 17:27:30", "2019-01-15 17:39:27"], "total_order": 2, "hotel_value": ["4.9", "4.9"], "hotel_price": ["149", "149"]}, "2301312": {"hotel_name": "\u57ce\u5e02\u4fbf\u6377\u9152\u5e97(\u53a6\u95e8\u79be\u7965\u897f\u8def\u5e97)", "order_time": ["2019-01-15 17:28:58"], "total_order": 1, "hotel_value": ["4.3"], "hotel_price": ["150"]}, "472361": {"hotel_name": "\u53a6\u95e8\u660e\u73e0\u6d77\u6e7e\u5927\u9152\u5e97", "order_time": ["2019-01-15 17:53:01", "2019-01-15 17:33:07", "2019-01-15 17:48:55", "2019-01-15 17:29:00"], "total_order": 4, "hotel_value": ["4.5", "4.5", "4.5", "4.5"], "hotel_price": ["342", "342", "342", "342"]}, "1575123": {"hotel_name": "\u827e\u601d\u987f\u9152\u5e97(\u53a6\u95e8\u706b\u8f66\u7ad9\u5e97)", "order_time": ["2019-01-15 17:29:01"], "total_order": 1, "hotel_value": ["4.8"], "hotel_price": ["247"]}, "1893295": {"hotel_name": "\u53a6\u95e8\u83b2\u5bcc\u5546\u52a1\u9152\u5e97", "order_time": ["2019-01-15 17:53:00", "2019-01-15 17:29:04"], "total_order": 2, "hotel_value": ["4.0", "4.0"], "hotel_price": ["105", "105"]}, "2140140": {"hotel_name": "\u53a6\u95e8\u8fdc\u4e1c\u4e4b\u661f\u9152\u5e97", "order_time": ["2019-01-15 17:29:05"], "total_order": 1, "hotel_value": ["3.9"], "hotel_price": ["158"]}, "6976013": {"hotel_name": "\u53a6\u95e8\u66fe\u539d\u57b5\u5f52\u5885\u65b0\u5ba2\u6808", "order_time": ["2019-01-15 17:29:09"], "total_order": 1, "hotel_value": ["4.3"], "hotel_price": ["123"]}, "434956": {"hotel_name": "\u53a6\u95e8\u767d\u9e6d\u5bbe\u9986", "order_time": ["2019-01-15 17:30:51"], "total_order": 1, "hotel_value": ["4.5"], "hotel_price": ["297"]}, "734162": {"hotel_name": "\u53a6\u95e8\u5929\u5143\u541b\u9686\u5927\u9152\u5e97", "order_time": ["2019-01-15 17:30:53"], "total_order": 1, "hotel_value": ["4.4"], "hotel_price": ["298"]}, "436700": {"hotel_name": "\u4ea6\u9014\u9152\u5e97(\u53a6\u95e8\u4f1a\u5c55\u4e2d\u5fc3\u52a0\u5dde\u5546\u4e1a\u5e7f\u573a\u5e97)", "order_time": ["2019-01-15 17:30:53"], "total_order": 1, "hotel_value": ["4.2"], "hotel_price": ["150"]}, "1314936": {"hotel_name": "\u83ab\u6cf0268(\u53a6\u95e8\u706b\u8f66\u7ad9\u5e97)", "order_time": ["2019-01-15 17:30:53"], "total_order": 1, "hotel_value": ["4.3"], "hotel_price": ["151"]}, "1486929": {"hotel_name": "\u6c49\u5ead\u4f18\u4f73\u9152\u5e97(\u53a6\u95e8\u4e2d\u5c71\u8def\u6b65\u884c\u8857\u5e97)", "order_time": ["2019-01-15 17:30:54"], "total_order": 1, "hotel_value": ["4.7"], "hotel_price": ["297"]}, "8523234": {"hotel_name": "\u53a6\u95e8\u661f\u6708\u6d32\u9152\u5e97", "order_time": ["2019-01-15 17:31:00"], "total_order": 1, "hotel_value": ["4.5"], "hotel_price": ["154"]}, "437770": {"hotel_name": "\u53a6\u95e8\u79be\u6b63\u5927\u9152\u5e97", "order_time": ["2019-01-15 17:32:52", "2019-01-15 17:36:55"], "total_order": 2, "hotel_value": ["4.2", "4.2"], "hotel_price": ["146", "146"]}, "2301832": {"hotel_name": "7\u5929\u8fde\u9501\u9152\u5e97(\u53a6\u95e8\u4e2d\u5c71\u8def\u8f6e\u6e21\u5e97)", "order_time": ["2019-01-15 17:32:52"], "total_order": 1, "hotel_value": ["4.1"], "hotel_price": ["135"]}, "2301848": {"hotel_name": "7\u5929\u4f18\u54c1\u9152\u5e97(\u53a6\u95e8\u673a\u573a\u7fd4\u9e6d\u5e97)", "order_time": ["2019-01-15 17:32:53"], "total_order": 1, "hotel_value": ["4.7"], "hotel_price": ["168"]}, "6511409": {"hotel_name": "\u53a6\u95e8\u76d8\u6263\u00b7\u6f2b\u5ea6House", "order_time": ["2019-01-15 17:32:53"], "total_order": 1, "hotel_value": ["4.8"], "hotel_price": ["234"]}, "898645": {"hotel_name": "\u6c49\u5ead\u9152\u5e97(\u53a6\u95e8\u79be\u7965\u897f\u8def\u5e97)", "order_time": ["2019-01-15 17:32:54"], "total_order": 1, "hotel_value": ["4.5"], "hotel_price": ["170"]}, "438586": {"hotel_name": "\u53a6\u95e8\u5c71\u6c34\u4e3d\u666f\u5927\u9152\u5e97", "order_time": ["2019-01-15 17:32:55"], "total_order": 1, "hotel_value": ["4.4"], "hotel_price": ["380"]}, "438748": {"hotel_name": "\u53a6\u95e8\u6210\u529f\u5927\u9152\u5e97", "order_time": ["2019-01-15 17:32:57"], "total_order": 1, "hotel_value": ["4.2"], "hotel_price": ["266"]}, "11523322": {"hotel_name": "\u826f\u5885\u00b7\u4e91\u5ead\u9047\u89c1\u5ba2\u6808(\u53a6\u95e8\u66fe\u539d\u57b5\u5e97)", "order_time": ["2019-01-15 17:32:57", "2019-01-15 17:39:11", "2019-01-15 17:35:06"], "total_order": 3, "hotel_value": ["5.0", "5.0", "5.0"], "hotel_price": ["116", "116", "116"]}, "789775": {"hotel_name": "\u5408\u4f73\u9152\u5e97(\u53a6\u95e8\u5c06\u519b\u7960\u5730\u94c1\u7ad9\u5e97)", "order_time": ["2019-01-15 17:32:58"], "total_order": 1, "hotel_value": ["4.6"], "hotel_price": ["163"]}, "1410376": {"hotel_name": "\u82b1\u5ead\u65c5\u9986(\u9f13\u6d6a\u5c7f\u5b89\u6d77\u82b1\u56ed\u5e97)", "order_time": ["2019-01-15 17:32:58"], "total_order": 1, "hotel_value": ["4.6"], "hotel_price": ["221"]}, "2304549": {"hotel_name": "99\u65c5\u9986\u8fde\u9501(\u53a6\u95e8SM\u4e4c\u77f3\u6d66\u5730\u94c1\u7ad9\u5e97)", "order_time": ["2019-01-15 17:33:02"], "total_order": 1, "hotel_value": ["4.1"], "hotel_price": ["104"]}, "13820471": {"hotel_name": "\u4f4f\u6b23\u7cbe\u54c1\u9152\u5e97(\u53a6\u95e8\u706b\u8f66\u7ad9\u5e97)(\u539f\u65b0\u4f4f\u6b23\u7cbe\u54c1\u9152\u5e97)", "order_time": ["2019-01-15 17:33:05"], "total_order": 1, "hotel_value": ["4.4"], "hotel_price": ["143"]}, "2298885": {"hotel_name": "\u53a6\u95e8\u9f13\u6d6a\u5c7f\u6d77\u534e\u5ea6\u5047\u5c4b", "order_time": ["2019-01-15 17:33:05"], "total_order": 1, "hotel_value": ["5.0"], "hotel_price": ["166"]}, "533287": {"hotel_name": "\u6da6\u5ead\u7cbe\u54c1\u9152\u5e97(\u53a6\u95e8\u53a6\u9f13\u7801\u5934\u5357\u5c71\u5e97)", "order_time": ["2019-01-15 17:33:11"], "total_order": 1, "hotel_value": ["4.3"], "hotel_price": ["248"]}, "898514": {"hotel_name": "\u6c49\u5ead\u9152\u5e97(\u53a6\u95e8\u673a\u573a\u5e97)", "order_time": ["2019-01-15 17:33:14"], "total_order": 1, "hotel_value": ["4.4"], "hotel_price": ["170"]}, "2152633": {"hotel_name": "\u53a6\u95e8\u540c\u5b89\u5bbe\u9986", "order_time": ["2019-01-15 17:33:14"], "total_order": 1, "hotel_value": ["4.1"], "hotel_price": ["148"]}, "19581706": {"hotel_name": "\u53a6\u95e8\u65af\u67cf\u6797\u9152\u5e97", "order_time": ["2019-01-15 17:33:17"], "total_order": 1, "hotel_value": ["4.4"], "hotel_price": ["91"]}, "18519831": {"hotel_name": "\u53a6\u95e8\u7559\u4e0b\u5ba2\u6808", "order_time": ["2019-01-15 17:33:24"], "total_order": 1, "hotel_value": ["4.9"], "hotel_price": ["78"]}, "6312273": {"hotel_name": "\u53a6\u95e8\u671b\u6d77\u697c\u5ea6\u5047\u522b\u5885", "order_time": ["2019-01-15 17:34:51"], "total_order": 1, "hotel_value": ["4.9"], "hotel_price": ["98"]}, "28709456": {"hotel_name": "\u53a6\u95e8\u76d8\u6263\u76f8\u5c71\u6c11\u5bbf", "order_time": ["2019-01-15 17:34:54"], "total_order": 1, "hotel_value": [0], "hotel_price": ["266"]}, "1760902": {"hotel_name": "\u53a6\u95e8\u4e07\u4f73\u56fd\u9645\u9152\u5e97", "order_time": ["2019-01-15 17:34:57"], "total_order": 1, "hotel_value": ["4.6"], "hotel_price": ["432"]}, "514344": {"hotel_name": "\u53a6\u95e8\u94c2\u5c14\u6e7e\u9152\u5e97", "order_time": ["2019-01-15 17:34:58"], "total_order": 1, "hotel_value": ["4.1"], "hotel_price": ["118"]}, "436726": {"hotel_name": "\u53a6\u95e8\u9f13\u6d6a\u5c7f\u5370\u8c61\u95fd\u5357\u6c11\u4fd7\u5ba2\u6808", "order_time": ["2019-01-15 17:34:58"], "total_order": 1, "hotel_value": ["4.7"], "hotel_price": ["151"]}, "1408438": {"hotel_name": "\u53a6\u95e8\u5ea6\u5c1a\u8bbe\u8ba1\u578b\u6c11\u5bbf", "order_time": ["2019-01-15 17:35:01", "2019-01-15 17:38:52"], "total_order": 2, "hotel_value": ["5.0", "5.0"], "hotel_price": ["178", "178"]}, "15039820": {"hotel_name": "\u53a6\u95e81956\u751f\u6d3b\u6c11\u5bbf(\u539f\u6e90\u6cc9\u6c11\u5bbf)", "order_time": ["2019-01-15 17:35:09"], "total_order": 1, "hotel_value": [0], "hotel_price": ["199"]}, "11824869": {"hotel_name": "\u53a6\u95e8\u7f57\u66fc\u534e\u5ead\u5ea6\u5047\u57ce\u5821\u5e84\u56ed", "order_time": ["2019-01-15 17:38:56", "2019-01-15 17:35:10", "2019-01-15 17:46:50", "2019-01-15 17:42:56"], "total_order": 4, "hotel_value": ["4.9", "4.9", "4.9", "4.9"], "hotel_price": ["163", "163", "163", "163"]}, "2535597": {"hotel_name": "\u901f\u65f6\u4ee3\u7cbe\u54c1\u5ba2\u6808(\u53a6\u95e8\u4e2d\u5c71\u8def\u5e97)", "order_time": ["2019-01-15 17:36:51"], "total_order": 1, "hotel_value": ["4.3"], "hotel_price": ["96"]}, "6928840": {"hotel_name": "\u53a6\u95e8\u4f73\u56ed\u516c\u5bd3", "order_time": ["2019-01-15 17:37:12"], "total_order": 1, "hotel_value": ["3.5"], "hotel_price": ["96"]}, "1614257": {"hotel_name": "\u53a6\u95e8\u5317\u7ad9\u535a\u96c5\u9752\u5e74\u516c\u5bd3", "order_time": ["2019-01-15 17:37:16"], "total_order": 1, "hotel_value": ["3.6"], "hotel_price": ["82"]}, "1522806": {"hotel_name": "\u53a6\u95e8\u4e91\u6d77\u7cbe\u54c1\u5ea6\u5047\u5c4b", "order_time": ["2019-01-15 17:37:16"], "total_order": 1, "hotel_value": ["4.9"], "hotel_price": ["85"]}, "1562651": {"hotel_name": "\u5ef6\u9e6d\u5bbe\u9986(\u53a6\u95e8\u4e2d\u5c71\u8def\u5e97)", "order_time": ["2019-01-15 17:37:17"], "total_order": 1, "hotel_value": ["4.3"], "hotel_price": ["116"]}, "840189": {"hotel_name": "\u53a6\u95e8\u5317\u7ad9\u5f52\u7136\u5ba2\u6808", "order_time": ["2019-01-15 17:37:17"], "total_order": 1, "hotel_value": ["4.3"], "hotel_price": ["95"]}, "26620728": {"hotel_name": "\u53a6\u95e8\u7f8e\u5b9c\u5bb6\u516c\u5bd3(\u91d1\u949f\u8def\u5206\u5e97)", "order_time": ["2019-01-15 17:37:22"], "total_order": 1, "hotel_value": [0], "hotel_price": ["173"]}, "11406968": {"hotel_name": "\u53a6\u95e8\u6c34\u4e91\u95f4\u6c11\u5bbf(\u539f\u5357\u56fd\u89c2\u6d77\u5c45)", "order_time": ["2019-01-15 17:38:48"], "total_order": 1, "hotel_value": ["4.9"], "hotel_price": ["307"]}, "5028414": {"hotel_name": "\u826f\u5885\u00b7\u6e29\u5ea6\u5ea6\u5047\u522b\u5885(\u53a6\u95e8\u66fe\u539d\u57b5\u5e97)", "order_time": ["2019-01-15 17:38:50"], "total_order": 1, "hotel_value": ["4.8"], "hotel_price": ["187"]}, "1498669": {"hotel_name": "\u53a6\u95e8\u5317\u7ad9\u548c\u798f\u5ba2\u6808", "order_time": ["2019-01-15 17:38:55"], "total_order": 1, "hotel_value": ["4.9"], "hotel_price": ["89"]}, "1815575": {"hotel_name": "\u53a6\u95e8\u4e00\u54c1\u00b7\u6734\u5bbf(\u539f\u6f2b\u6d77\u5c45\u5ba2\u6808)", "order_time": ["2019-01-15 17:38:57"], "total_order": 1, "hotel_value": ["4.9"], "hotel_price": ["134"]}, "608369": {"hotel_name": "\u53a6\u95e8\u540c\u5b89\u5e1d\u4e50\u9152\u5e97", "order_time": ["2019-01-15 17:38:57"], "total_order": 1, "hotel_value": ["4.1"], "hotel_price": ["253"]}, "436728": {"hotel_name": "\u53a6\u95e8\u9f13\u6d6a\u5c7f\u82b1\u4e4b\u58f0\u65c5\u9986", "order_time": ["2019-01-15 17:38:58"], "total_order": 1, "hotel_value": ["4.5"], "hotel_price": ["163"]}, "6510448": {"hotel_name": "\u53a6\u95e8\u4e09\u4e2a\u53a6\u5927\u4eba\u4e03\u5f26\u5c45\u6c11\u5bbf", "order_time": ["2019-01-15 17:38:58"], "total_order": 1, "hotel_value": ["4.9"], "hotel_price": ["183"]}, "1073553": {"hotel_name": "\u53a6\u95e8\u9f13\u6d6a\u5c7f77\u53f7\u82b1\u56ed\u5ea6\u5047\u522b\u5885", "order_time": ["2019-01-15 17:39:27"], "total_order": 1, "hotel_value": ["4.4"], "hotel_price": ["118"]}, "15717242": {"hotel_name": "\u53a6\u95e8\u9e6d\u5c9b\u6234\u65af\u9152\u5e97", "order_time": ["2019-01-15 17:40:54"], "total_order": 1, "hotel_value": ["4.5"], "hotel_price": ["211"]}, "11212802": {"hotel_name": "\u9f13\u6d6a\u5c7f8\u82f1\u91cc\u65f6\u5149\u5ba2\u6808", "order_time": ["2019-01-15 17:40:56"], "total_order": 1, "hotel_value": ["4.7"], "hotel_price": ["202"]}, "428893": {"hotel_name": "\u53a6\u95e8\u5bbe\u9986", "order_time": ["2019-01-15 17:42:58"], "total_order": 1, "hotel_value": ["4.8"], "hotel_price": ["406"]}, "1893345": {"hotel_name": "\u53a6\u95e8\u81f4\u5bb6\u7cbe\u54c1\u9152\u5e97", "order_time": ["2019-01-15 17:43:12"], "total_order": 1, "hotel_value": ["4.3"], "hotel_price": ["95"]}, "448663": {"hotel_name": "\u53a6\u95e8\u60a6\u534e\u9152\u5e97", "order_time": ["2019-01-15 17:44:55"], "total_order": 1, "hotel_value": ["4.8"], "hotel_price": ["499"]}, "22804277": {"hotel_name": "\u6854\u5b50\u9152\u5e97\u7cbe\u9009(\u53a6\u95e8\u4f1a\u5c55\u4e2d\u5fc3\u89c2\u97f3\u5c71\u5e97)", "order_time": ["2019-01-15 17:44:56"], "total_order": 1, "hotel_value": ["4.8"], "hotel_price": ["360"]}, "6246815": {"hotel_name": "\u6c49\u5ead\u9152\u5e97(\u53a6\u95e8\u4e2d\u5c71\u8def\u6b65\u884c\u8857\u5927\u540c\u8def\u5e97)", "order_time": ["2019-01-15 17:44:56"], "total_order": 1, "hotel_value": ["4.4"], "hotel_price": ["180"]}, "1315375": {"hotel_name": "\u53a6\u95e8\u82cf\u56ed\u00b7\u5929\u5c71\u6cc9\u9152\u5e97", "order_time": ["2019-01-15 17:44:57"], "total_order": 1, "hotel_value": ["4.5"], "hotel_price": ["149"]}, "23237811": {"hotel_name": "\u53a6\u95e8\u5357\u56fd\u76f8\u601d\u5802", "order_time": ["2019-01-15 17:44:59"], "total_order": 1, "hotel_value": ["4.9"], "hotel_price": ["267"]}, "5248531": {"hotel_name": "\u53a6\u95e8\u9752\u5e74\u5ba2\u6808\u65b9\u7279\u5e97", "order_time": ["2019-01-15 17:45:09"], "total_order": 1, "hotel_value": ["4.3"], "hotel_price": ["103"]}, "2362312": {"hotel_name": "\u53a6\u95e8\u94ed\u5a01\u771f\u8bda\u5bbe\u9986", "order_time": ["2019-01-15 17:45:10"], "total_order": 1, "hotel_value": ["4.1"], "hotel_price": ["110"]}, "435472": {"hotel_name": "\u53a6\u95e8\u674f\u6797\u6e7e\u5927\u9152\u5e97", "order_time": ["2019-01-15 17:46:50"], "total_order": 1, "hotel_value": ["4.6"], "hotel_price": ["368"]}, "6037199": {"hotel_name": "\u8046\u611f\u9152\u5e97(\u9f13\u6d6a\u5c7f\u5fb7\u56fd\u9886\u4e8b\u9986\u5e97)", "order_time": ["2019-01-15 17:46:51"], "total_order": 1, "hotel_value": ["4.9"], "hotel_price": ["2858"]}, "428700": {"hotel_name": "\u5982\u5bb6\u5feb\u6377\u9152\u5e97(\u53a6\u95e8\u4e1c\u6e21\u9f13\u6d6a\u5c7f\u7801\u5934\u5e97)(\u539f\u4e1c\u6e21\u90ae\u8f6e\u4e2d\u5fc3\u53a6\u9f13\u7801\u5934\u5e97)", "order_time": ["2019-01-15 17:46:54"], "total_order": 1, "hotel_value": ["4.2"], "hotel_price": ["110"]}, "2088412": {"hotel_name": "\u9526\u6c5f\u4e4b\u661f(\u53a6\u95e8\u4f1a\u5c55\u4e2d\u5fc3\u73af\u5c9b\u8def\u5e97)", "order_time": ["2019-01-15 17:46:57"], "total_order": 1, "hotel_value": ["4.4"], "hotel_price": ["239"]}, "4389410": {"hotel_name": "\u53a6\u95e8\u6e56\u91cc\u96c5\u5c45\u516c\u5bd3", "order_time": ["2019-01-15 17:46:58"], "total_order": 1, "hotel_value": ["4.5"], "hotel_price": ["101"]}, "5830921": {"hotel_name": "\u53a6\u95e8\u5f7c\u5f97\u6f58\u5ba2\u6808\uff08\u539f\u4e2d\u5c71\u964c\u5ba2\u65c5\u9986\uff09", "order_time": ["2019-01-15 17:47:01"], "total_order": 1, "hotel_value": ["4.8"], "hotel_price": ["151"]}, "11021977": {"hotel_name": "\u53a6\u95e8oneday\u5c9b\u5c7f\u8bbe\u8ba1\u5e08\u6c11\u5bbf", "order_time": ["2019-01-15 17:47:18"], "total_order": 1, "hotel_value": ["4.8"], "hotel_price": ["298"]}, "5980230": {"hotel_name": "\u53a6\u95e8\u9f13\u6d6a\u5c7f\u542c\u96e8\u8f69\u7cbe\u54c1\u5ba2\u6808\u5927\u5b66\u751f\u521b\u4e1a\u57fa\u5730\u5e97", "order_time": ["2019-01-15 17:48:52", "2019-01-15 17:52:57"], "total_order": 2, "hotel_value": ["4.8", "4.8"], "hotel_price": ["103", "103"]}, "419463": {"hotel_name": "\u53a6\u95e8\u534e\u4fa8\u5927\u53a6", "order_time": ["2019-01-15 17:48:58"], "total_order": 1, "hotel_value": ["4.7"], "hotel_price": ["298"]}, "17329532": {"hotel_name": "\u53a6\u95e8\u91d1\u623f\u5b50\u4e5d\u9a7f\u7ad9", "order_time": ["2019-01-15 17:49:03"], "total_order": 1, "hotel_value": ["4.4"], "hotel_price": ["79"]}, "6118144": {"hotel_name": "\u53a6\u95e8\u540c\u5b89\u7f8e\u4f26\u98ce\u5c1a\u9152\u5e97", "order_time": ["2019-01-15 17:50:52"], "total_order": 1, "hotel_value": ["3.8"], "hotel_price": ["197"]}, "1838916": {"hotel_name": "7\u5929\u8fde\u9501\u9152\u5e97(\u53a6\u95e8\u706b\u8f66\u7ad9\u53a6\u79be\u8def\u5e97)", "order_time": ["2019-01-15 17:50:52"], "total_order": 1, "hotel_value": ["4.3"], "hotel_price": ["156"]}, "2362494": {"hotel_name": "\u53a6\u95e8\u701a\u90fd\u5546\u52a1\u5bbe\u9986(\u539f\u96c5\u6cca\u5bbe\u9986)", "order_time": ["2019-01-15 17:51:01"], "total_order": 1, "hotel_value": ["3.8"], "hotel_price": ["145"]}, "5678520": {"hotel_name": "\u53a6\u95e8\u5e03\u62c9\u5fb7\u5ea6\u5047\u522b\u5885", "order_time": ["2019-01-15 17:53:00"], "total_order": 1, "hotel_value": ["4.7"], "hotel_price": ["550"]}, "19570404": {"hotel_name": "\u53a6\u95e8\u4e00\u5bb6\u5c45\u7cbe\u54c1\u5ba2\u6808", "order_time": ["2019-01-15 17:53:06"], "total_order": 1, "hotel_value": ["5.0"], "hotel_price": ["103"]}, "474586": {"hotel_name": "\u5982\u5bb6\u8054\u76df\u00b7\u53a6\u95e8\u6591\u6593\u9152\u5e97(\u539f\u91d1\u5e1d\u9152\u5e97)", "order_time": ["2019-01-15 17:53:11"], "total_order": 1, "hotel_value": ["4.8"], "hotel_price": ["254"]}}}