{"\u5f00\u59cb\u8bb0\u5f55\u65f6\u95f4": "2019-01-07 15:59:10", "\u7ed3\u675f\u8bb0\u5f55\u65f6\u95f4": "2019-01-07 16:59:10", "\u8ba2\u5355\u603b\u589e\u91cf": 315, "item": {"1551675": {"hotel_name": "\u53a6\u95e8\u67e0\u6aac\u516c\u5bd3(\u539f\u5982\u610f\u65c5\u9986)", "order_time": ["2019-01-07 16:01:16"], "total_order": 1, "hotel_value": ["4.9"], "hotel_price": ["87"]}, "1741647": {"hotel_name": "\u53a6\u95e8\u6f2b\u6e21\u6734\u820d\u8bbe\u8ba1\u578b\u6c11\u5bbf", "order_time": ["2019-01-07 16:01:16"], "total_order": 1, "hotel_value": ["5.0"], "hotel_price": ["283"]}, "1613814": {"hotel_name": "\u7231\u83f2\u513f\u5ea6\u5047\u9152\u5e97(\u53a6\u95e8\u9f13\u6d6a\u5c7f1930\u5e97)", "order_time": ["2019-01-07 16:01:16"], "total_order": 1, "hotel_value": ["4.6"], "hotel_price": ["396"]}, "823738": {"hotel_name": "\u753b\u5eca\u9152\u5e97(\u9f13\u6d6a\u5c7f\u6545\u9a7f\u6d77\u666f\u5e97)", "order_time": ["2019-01-07 16:01:16"], "total_order": 1, "hotel_value": ["4.9"], "hotel_price": ["268"]}, "890106": {"hotel_name": "\u53a6\u95e8\u4e3d\u65af\u6d77\u666f\u9152\u5e97", "order_time": ["2019-01-07 16:01:16"], "total_order": 1, "hotel_value": ["4.7"], "hotel_price": ["278"]}, "1714585": {"hotel_name": "\u53a6\u95e8\u5ea6\u00b7\u56db\u5b63\u6d77\u5cb8\u9152\u5e97", "order_time": ["2019-01-07 16:01:16"], "total_order": 1, "hotel_value": ["4.6"], "hotel_price": ["129"]}, "428660": {"hotel_name": "\u53a6\u95e8\u9890\u749f\u82b1\u56ed\u9152\u5e97(\u539f\u65b0\u52a0\u5761\u9152\u5e97)", "order_time": ["2019-01-07 16:01:17", "2019-01-07 16:05:17"], "total_order": 2, "hotel_value": ["4.6", "4.6"], "hotel_price": ["129", "129"]}, "27722076": {"hotel_name": "\u4e00\u683c\u4e34\u516e\u7f8e\u5bbf(\u53a6\u95e8\u5927\u5b66\u5e97)", "order_time": ["2019-01-07 16:01:17"], "total_order": 1, "hotel_value": ["4.9"], "hotel_price": ["794"]}, "8974594": {"hotel_name": "\u53a6\u95e8\u73ba\u4e30\u9152\u5e97", "order_time": ["2019-01-07 16:01:17"], "total_order": 1, "hotel_value": ["4.6"], "hotel_price": ["174"]}, "437770": {"hotel_name": "\u53a6\u95e8\u79be\u6b63\u5927\u9152\u5e97", "order_time": ["2019-01-07 16:01:17"], "total_order": 1, "hotel_value": ["4.2"], "hotel_price": ["150"]}, "1486948": {"hotel_name": "\u6c49\u5ead\u9152\u5e97(\u53a6\u95e8\u4e2d\u5c71\u8def\u8f6e\u6e21\u5e97)", "order_time": ["2019-01-07 16:01:17"], "total_order": 1, "hotel_value": ["4.4"], "hotel_price": ["146"]}, "1893981": {"hotel_name": "\u53a6\u95e8\u9510\u00b7\u67cf\u8335\u9152\u5e97", "order_time": ["2019-01-07 16:01:17"], "total_order": 1, "hotel_value": ["4.4"], "hotel_price": ["144"]}, "375295": {"hotel_name": "\u53a6\u95e8\u7fd4\u9e6d\u56fd\u9645\u5927\u9152\u5e97", "order_time": ["2019-01-07 16:01:17", "2019-01-07 16:03:18"], "total_order": 2, "hotel_value": ["4.4", "4.4"], "hotel_price": ["299", "299"]}, "2297567": {"hotel_name": "\u65af\u94c2\u745e\u57ce\u5e02\u9152\u5e97(\u53a6\u95e8\u4e2d\u5c71\u516c\u56ed\u5730\u94c1\u7ad9\u5e97)(\u539f\u4e2d\u5c71\u8def\u6b65\u884c\u8857\u5e97)", "order_time": ["2019-01-07 16:01:17"], "total_order": 1, "hotel_value": ["4.7"], "hotel_price": ["98"]}, "8656624": {"hotel_name": "\u5168\u5b63\u9152\u5e97(\u53a6\u95e8\u96c6\u7f8e\u5b66\u6751\u5e97)(\u539f\u8d22\u7a0e\u5bbe\u9986)", "order_time": ["2019-01-07 16:01:17"], "total_order": 1, "hotel_value": ["4.7"], "hotel_price": ["278"]}, "11828465": {"hotel_name": "\u53a6\u95e8\u66fe\u539d\u57b5\u91d1\u5c0f\u59d0\u6ee8\u6d77\u5ba2\u6808", "order_time": ["2019-01-07 16:01:17"], "total_order": 1, "hotel_value": ["4.8"], "hotel_price": ["85"]}, "825894": {"hotel_name": "\u53a6\u95e8\u66fe\u539d\u57b5\u5df4\u6e1d\u5c9bAngel\u6c11\u5bbf", "order_time": ["2019-01-07 16:01:17"], "total_order": 1, "hotel_value": ["4.9"], "hotel_price": ["120"]}, "1065306": {"hotel_name": "\u9f13\u6d6a\u5c7f\u516d\u60a6\u6d77\u666f\u9152\u5e97(\u539f\u516d\u60a6\u82b1\u56ed\u9152\u5e97)", "order_time": ["2019-01-07 16:01:18"], "total_order": 1, "hotel_value": ["4.7"], "hotel_price": ["238"]}, "5498792": {"hotel_name": "\u53a6\u95e8\u6816\u57ce\u5ea6\u5047\u827a\u672f\u9152\u5e97", "order_time": ["2019-01-07 16:01:18"], "total_order": 1, "hotel_value": ["4.9"], "hotel_price": ["188"]}, "1416247": {"hotel_name": "\u53a6\u95e8\u5317\u7ad9\u661f\u671f\u516b\u4e3b\u9898\u5ba2\u6808", "order_time": ["2019-01-07 16:01:18"], "total_order": 1, "hotel_value": ["4.4"], "hotel_price": ["81"]}, "419873": {"hotel_name": "\u53a6\u95e8\u5929\u9e45\u5927\u9152\u5e97", "order_time": ["2019-01-07 16:03:16"], "total_order": 1, "hotel_value": ["4.6"], "hotel_price": ["363"]}, "431965": {"hotel_name": "\u53a6\u95e8\u7f8e\u4ed1\u7693\u6656\u9152\u5e97", "order_time": ["2019-01-07 16:09:24", "2019-01-07 16:03:16"], "total_order": 2, "hotel_value": ["4.7", "4.7"], "hotel_price": ["219", "219"]}, "6599741": {"hotel_name": "\u6854\u5b50\u9152\u5e97\u00b7\u7cbe\u9009(\u53a6\u95e8\u4e2d\u5c71\u8def\u8f6e\u6e21\u7801\u5934\u5e97)(\u539f\u4e2d\u5c71\u8def\u6b65\u884c\u8857\u5e97)", "order_time": ["2019-01-07 16:47:16", "2019-01-07 16:03:16"], "total_order": 2, "hotel_value": ["4.8", "4.8"], "hotel_price": ["351", "351"]}, "744314": {"hotel_name": "\u5982\u5bb6\u5feb\u6377\u9152\u5e97(\u53a6\u95e8\u4e2d\u5c71\u8def\u6b65\u884c\u8857\u9547\u6d77\u8def\u5730\u94c1\u7ad9\u5e97)", "order_time": ["2019-01-07 16:47:16", "2019-01-07 16:03:16"], "total_order": 2, "hotel_value": ["4.4", "4.4"], "hotel_price": ["139", "139"]}, "6609857": {"hotel_name": "\u53a6\u95e8\u8299\u84c9\u9601\u9152\u5e97", "order_time": ["2019-01-07 16:43:17", "2019-01-07 16:03:16"], "total_order": 2, "hotel_value": ["4.9", "4.9"], "hotel_price": ["189", "189"]}, "1728375": {"hotel_name": "\u6768\u6843\u9662\u5b50\u65c5\u9986(\u9f13\u6d6a\u5c7f\u590d\u5174\u53e4\u5821\u5e97)", "order_time": ["2019-01-07 16:03:16"], "total_order": 1, "hotel_value": ["4.8"], "hotel_price": ["280"]}, "1591229": {"hotel_name": "\u753b\u5eca\u65c5\u9986(\u53a6\u95e8\u9f13\u6d6a\u5c7f\u6d77\u68e0\u5e97)(\u539f\u6d77\u4e4b\u84dd\u5ea6\u5047\u5c0f\u5885)", "order_time": ["2019-01-07 16:05:17", "2019-01-07 16:03:16"], "total_order": 2, "hotel_value": ["4.8", "4.8"], "hotel_price": ["151", "151"]}, "1211268": {"hotel_name": "\u53a6\u95e8\u6e56\u91cc\u9890\u8c6a\u9152\u5e97", "order_time": ["2019-01-07 16:47:16", "2019-01-07 16:03:17"], "total_order": 2, "hotel_value": ["4.7", "4.7"], "hotel_price": ["458", "458"]}, "1230104": {"hotel_name": "\u53a6\u95e8\u63a2\u7d22\u9152\u5e97", "order_time": ["2019-01-07 16:03:17"], "total_order": 1, "hotel_value": ["4.5"], "hotel_price": ["437"]}, "2190174": {"hotel_name": "\u53a6\u95e8\u65e9\u5b89\u00b7\u9f13\u6d6a\u5c7f\u65c5\u9986", "order_time": ["2019-01-07 16:03:18"], "total_order": 1, "hotel_value": ["4.6"], "hotel_price": ["143"]}, "346260": {"hotel_name": "\u53a6\u95e8\u745e\u9890\u5927\u9152\u5e97", "order_time": ["2019-01-07 16:03:18", "2019-01-07 16:07:17"], "total_order": 2, "hotel_value": ["4.7", "4.7"], "hotel_price": ["799", "799"]}, "346273": {"hotel_name": "\u53a6\u95e8\u78d0\u57fa\u5e0c\u5c14\u987f\u9152\u5e97", "order_time": ["2019-01-07 16:03:18"], "total_order": 1, "hotel_value": ["4.6"], "hotel_price": ["767"]}, "6037199": {"hotel_name": "\u8046\u611f\u9152\u5e97(\u9f13\u6d6a\u5c7f\u5fb7\u56fd\u9886\u4e8b\u9986\u5e97)", "order_time": ["2019-01-07 16:05:17"], "total_order": 1, "hotel_value": ["4.9"], "hotel_price": ["689"]}, "6894170": {"hotel_name": "Q\u52a0\u00b7\u53a6\u95e8\u6f2b\u6e21\u96c5\u81f4\u5ba2\u6808", "order_time": ["2019-01-07 16:05:17"], "total_order": 1, "hotel_value": ["4.8"], "hotel_price": ["54"]}, "4494388": {"hotel_name": "\u9f13\u6d6a\u5c7f\u989c\u5915\u65c5\u9986(\u539f\u7d2b\u6728\u9999\u5c45\u5ba2\u6808)", "order_time": ["2019-01-07 16:05:17"], "total_order": 1, "hotel_value": ["4.7"], "hotel_price": ["148"]}, "445336": {"hotel_name": "\u5b9c\u5c1a\u9152\u5e97(\u53a6\u95e8\u706b\u8f66\u7ad9\u5e97)", "order_time": ["2019-01-07 16:05:17"], "total_order": 1, "hotel_value": ["4.8"], "hotel_price": ["263"]}, "6259728": {"hotel_name": "\u82b1\u754c\u9152\u5e97(\u53a6\u95e8\u83b2\u82b1\u5e97)", "order_time": ["2019-01-07 16:05:17"], "total_order": 1, "hotel_value": ["4.4"], "hotel_price": ["263"]}, "708137": {"hotel_name": "\u53a6\u95e8\u5885\u5c7f\u7cbe\u54c1\u6c11\u5bbf", "order_time": ["2019-01-07 16:05:17"], "total_order": 1, "hotel_value": ["4.9"], "hotel_price": ["163"]}, "437446": {"hotel_name": "\u53a6\u95e8\u4f70\u7fd4\u8f6f\u4ef6\u56ed\u9152\u5e97", "order_time": ["2019-01-07 16:05:17"], "total_order": 1, "hotel_value": ["4.7"], "hotel_price": ["380"]}, "369750": {"hotel_name": "\u53a6\u95e8\u6cdb\u592a\u5e73\u6d0b\u5927\u9152\u5e97", "order_time": ["2019-01-07 16:05:17"], "total_order": 1, "hotel_value": ["4.6"], "hotel_price": ["600"]}, "6247525": {"hotel_name": "\u53a6\u95e8\u96c6\u7f8e\u5927\u5b66\u4e9a\u6735\u9152\u5e97(\u539f\u96c6\u5927\u5bbe\u9986)", "order_time": ["2019-01-07 16:05:17"], "total_order": 1, "hotel_value": ["4.9"], "hotel_price": ["360"]}, "9118583": {"hotel_name": "\u53a6\u95e8\u9999\u683c\u91cc\u62c9\u5927\u9152\u5e97", "order_time": ["2019-01-07 16:05:17"], "total_order": 1, "hotel_value": ["4.7"], "hotel_price": ["932"]}, "1406188": {"hotel_name": "\u53a6\u95e8\u6b23\u4e91\u5cf0\u9152\u5e97", "order_time": ["2019-01-07 16:05:18"], "total_order": 1, "hotel_value": ["3.8"], "hotel_price": ["123"]}, "2386210": {"hotel_name": "\u53a6\u95e8\u5fae\u539f\u5bbf Vi Hotel", "order_time": ["2019-01-07 16:05:18"], "total_order": 1, "hotel_value": ["4.6"], "hotel_price": ["374"]}, "1073749": {"hotel_name": "\u822a\u6210\u7cbe\u54c1\u9152\u5e97(\u53a6\u95e8\u673a\u573a\u81ea\u8d38\u533a\u5e97)", "order_time": ["2019-01-07 16:05:18"], "total_order": 1, "hotel_value": ["4.2"], "hotel_price": ["185"]}, "432094": {"hotel_name": "\u53a6\u95e8\u7f8e\u4ed1\u65b9\u4e4b\u7f18\u9152\u5e97", "order_time": ["2019-01-07 16:09:24", "2019-01-07 16:05:18"], "total_order": 2, "hotel_value": ["4.7", "4.7"], "hotel_price": ["188", "188"]}, "11888775": {"hotel_name": "\u53a6\u95e8\u66fe\u539d\u57b5\u6d77\u5cb8\u82b1\u5f00\u5ba2\u6808", "order_time": ["2019-01-07 16:05:18"], "total_order": 1, "hotel_value": ["4.6"], "hotel_price": ["57"]}, "346257": {"hotel_name": "\u53a6\u95e8\u6d77\u666f\u5343\u79a7\u5927\u9152\u5e97", "order_time": ["2019-01-07 16:05:18"], "total_order": 1, "hotel_value": ["4.5"], "hotel_price": ["590"]}, "425692": {"hotel_name": "\u53a6\u95e8\u6d77\u60a6\u5c71\u5e84\u9152\u5e97", "order_time": ["2019-01-07 16:17:16", "2019-01-07 16:07:17"], "total_order": 2, "hotel_value": ["4.8", "4.8"], "hotel_price": ["882", "882"]}, "23860879": {"hotel_name": "\u53a6\u95e8\u4e50\u4e91\u68da\u5ea6\u5047\u5c4b", "order_time": ["2019-01-07 16:07:17"], "total_order": 1, "hotel_value": ["4.8"], "hotel_price": ["168"]}, "5790240": {"hotel_name": "\u5168\u5b63\u9152\u5e97(\u53a6\u95e8\u673a\u573a\u6210\u529f\u5927\u9053\u5e97)", "order_time": ["2019-01-07 16:07:17"], "total_order": 1, "hotel_value": ["4.7"], "hotel_price": ["272"]}, "898495": {"hotel_name": "\u6c49\u5ead\u9152\u5e97(\u53a6\u95e8\u79be\u7965\u897f\u8def\u79be\u7965\u5546\u57ce\u5e97)(\u539f\u6e56\u6ee8\u4e2d\u8def\u5e97)", "order_time": ["2019-01-07 16:07:17"], "total_order": 1, "hotel_value": ["4.4"], "hotel_price": ["114"]}, "346269": {"hotel_name": "\u53a6\u95e8\u6e90\u660c\u51ef\u5bbe\u65af\u57fa\u5927\u9152\u5e97", "order_time": ["2019-01-07 16:07:17"], "total_order": 1, "hotel_value": ["4.7"], "hotel_price": ["897"]}, "4122689": {"hotel_name": "\u53a6\u95e8\u8fb9\u9645\u9152\u5e97", "order_time": ["2019-01-07 16:07:18"], "total_order": 1, "hotel_value": ["4.6"], "hotel_price": ["307"]}, "6662105": {"hotel_name": "\u53a6\u95e8\u6816\u5c45\u5ba2\u6808", "order_time": ["2019-01-07 16:07:18"], "total_order": 1, "hotel_value": ["5.0"], "hotel_price": ["98"]}, "848496": {"hotel_name": "\u53a6\u95e8\u542c\u6d77\u5c0f\u7b51\u5ba2\u6808", "order_time": ["2019-01-07 16:07:18"], "total_order": 1, "hotel_value": ["4.9"], "hotel_price": ["61"]}, "11052008": {"hotel_name": "\u53a6\u95e8\u5343\u767e\u5ea6\u5ba2\u6808", "order_time": ["2019-01-07 16:07:18"], "total_order": 1, "hotel_value": ["4.9"], "hotel_price": ["154"]}, "795585": {"hotel_name": "\u53a6\u95e8\u8bda\u90fd\u5546\u52a1\u5bbe\u9986", "order_time": ["2019-01-07 16:07:18", "2019-01-07 16:39:17"], "total_order": 2, "hotel_value": ["4.2", "4.2"], "hotel_price": ["96", "96"]}, "1893295": {"hotel_name": "\u53a6\u95e8\u83b2\u5bcc\u5546\u52a1\u9152\u5e97", "order_time": ["2019-01-07 16:07:18"], "total_order": 1, "hotel_value": ["4.0"], "hotel_price": ["104"]}, "1803138": {"hotel_name": "\u53a6\u95e8\u661f\u9645\u592a\u7a7a\u8231\u9752\u65c5", "order_time": ["2019-01-07 16:07:18"], "total_order": 1, "hotel_value": ["4.9"], "hotel_price": ["48"]}, "6150133": {"hotel_name": "\u53a6\u95e8\u6c38\u6cf0\u5bb6\u5feb\u6377\u9152\u5e97", "order_time": ["2019-01-07 16:07:18"], "total_order": 1, "hotel_value": ["4.0"], "hotel_price": ["119"]}, "1485461": {"hotel_name": "\u53a6\u95e8\u6d77\u8fb9\u542c\u6d6a\u5ba2\u6808", "order_time": ["2019-01-07 16:07:18"], "total_order": 1, "hotel_value": ["4.4"], "hotel_price": ["79"]}, "2187819": {"hotel_name": "\u53a6\u95e8\u9f13\u6d6a\u5c7f\u7f18\u4e2d\u56ed\u4f11\u95f2\u5ea6\u5047\u522b\u5885", "order_time": ["2019-01-07 16:09:19"], "total_order": 1, "hotel_value": ["4.6"], "hotel_price": ["173"]}, "6052144": {"hotel_name": "\u53a6\u95e8\u66fe\u73e0\u6e2f\u57ce\u5821\u5e84\u56ed", "order_time": ["2019-01-07 16:09:19"], "total_order": 1, "hotel_value": ["4.8"], "hotel_price": ["122"]}, "1730297": {"hotel_name": "\u53a6\u95e8\u9f13\u6d6a\u5c7f\u7434\u6d77\u5e84\u56ed\u6d77\u666f\u9152\u5e97", "order_time": ["2019-01-07 16:09:19"], "total_order": 1, "hotel_value": ["4.6"], "hotel_price": ["288"]}, "2869634": {"hotel_name": "\u53a6\u95e8\u53a6\u5927\u661f\u6d77\u9601\u7cbe\u54c1\u5ba2\u6808(\u539f\u6d77\u97f5\u9601\u5ea6\u5047\u5c4b)", "order_time": ["2019-01-07 16:09:20"], "total_order": 1, "hotel_value": ["4.8"], "hotel_price": ["85"]}, "479354": {"hotel_name": "\u5bb6\u548c\u6625\u5929\u7cbe\u54c1\u9152\u5e97(\u53a6\u95e8\u673a\u573a\u5e97)", "order_time": ["2019-01-07 16:09:20", "2019-01-07 16:29:16"], "total_order": 2, "hotel_value": ["4.5", "4.5"], "hotel_price": ["196", "196"]}, "436700": {"hotel_name": "\u4ea6\u9014\u9152\u5e97(\u53a6\u95e8\u4f1a\u5c55\u4e2d\u5fc3\u52a0\u5dde\u5546\u4e1a\u5e7f\u573a\u5e97)", "order_time": ["2019-01-07 16:09:20"], "total_order": 1, "hotel_value": ["4.2"], "hotel_price": ["182"]}, "1586584": {"hotel_name": "\u53a6\u95e8\u5c45\u7f18\u5ba2\u6808", "order_time": ["2019-01-07 16:09:20"], "total_order": 1, "hotel_value": ["4.8"], "hotel_price": ["68"]}, "2157026": {"hotel_name": "\u53a6\u95e8\u559c\u591a\u5c4b\u9152\u5e97", "order_time": ["2019-01-07 16:09:20"], "total_order": 1, "hotel_value": ["4.6"], "hotel_price": ["74"]}, "11154787": {"hotel_name": "\u53a6\u95e8\u66fe\u539d\u57b5\u8fe6\u9005\u6e90\u7d20\u8f7b\u5962\u6c11\u5bbf", "order_time": ["2019-01-07 16:19:16", "2019-01-07 16:09:20"], "total_order": 2, "hotel_value": ["4.8", "4.8"], "hotel_price": ["101", "101"]}, "4614034": {"hotel_name": "\u53a6\u95e8\u60a6\u6d77\u4f34\u5c71\u522b\u9662", "order_time": ["2019-01-07 16:09:20", "2019-01-07 16:15:17"], "total_order": 2, "hotel_value": ["4.6", "4.6"], "hotel_price": ["182", "182"]}, "11454237": {"hotel_name": "\u53a6\u95e8\u5019\u9e1f\u5bb6\u56ed\u4e3b\u9898\u516c\u9986", "order_time": ["2019-01-07 16:09:21"], "total_order": 1, "hotel_value": ["4.0"], "hotel_price": ["175"]}, "4590989": {"hotel_name": "\u53a6\u95e8\u4e94\u7f15\u9633\u5149\u5546\u52a1\u5bbe\u9986", "order_time": ["2019-01-07 16:09:21"], "total_order": 1, "hotel_value": ["4.1"], "hotel_price": ["106"]}, "1338751": {"hotel_name": "\u53a6\u95e8\u5965\u65af\u6d77\u666f\u9152\u5e97", "order_time": ["2019-01-07 16:09:21"], "total_order": 1, "hotel_value": ["3.4"], "hotel_price": ["95"]}, "1762526": {"hotel_name": "\u53a6\u95e8\u5170\u7434\u53e4\u539d\u9152\u5e97", "order_time": ["2019-01-07 16:09:21"], "total_order": 1, "hotel_value": ["4.6"], "hotel_price": ["257"]}, "447308": {"hotel_name": "\u9014\u7a9d\u5047\u65e5\u9152\u5e97(\u53a6\u95e8\u9f13\u6d6a\u5c7f\u5e97)(\u539f\u9f13\u6d6a\u5c7f\u7f8e\u65e5\u9633\u5149\u65c5\u9986)", "order_time": ["2019-01-07 16:09:21"], "total_order": 1, "hotel_value": ["4.7"], "hotel_price": ["187"]}, "4389410": {"hotel_name": "\u53a6\u95e8\u6e56\u91cc\u96c5\u5c45\u516c\u5bd3", "order_time": ["2019-01-07 16:09:21"], "total_order": 1, "hotel_value": ["4.4"], "hotel_price": ["94"]}, "1316473": {"hotel_name": "\u53a6\u95e8\u66fe\u5927\u5496\u5ba2\u6808", "order_time": ["2019-01-07 16:09:21"], "total_order": 1, "hotel_value": ["4.5"], "hotel_price": ["75"]}, "858847": {"hotel_name": "\u53a6\u95e8\u6d1b\u53ef\u53ef\u5ea6\u5047\u522b\u5885(\u539f\u661f\u6995\u5ba2\u6808)", "order_time": ["2019-01-07 16:09:21"], "total_order": 1, "hotel_value": ["4.7"], "hotel_price": ["95"]}, "8569035": {"hotel_name": "\u53a6\u95e8\u9e6d\u987a\u5feb\u6377\u9152\u5e97\u706b\u8f66\u7ad9\u5e97", "order_time": ["2019-01-07 16:09:21"], "total_order": 1, "hotel_value": ["3.9"], "hotel_price": ["94"]}, "11686178": {"hotel_name": "\u53a6\u95e8\u6d77\u6ca7\u65b0\u9633886\u7cbe\u54c1\u9152\u5e97", "order_time": ["2019-01-07 16:09:21"], "total_order": 1, "hotel_value": ["4.3"], "hotel_price": ["150"]}, "2299573": {"hotel_name": "\u53a6\u95e8\u805a\u84c9\u9152\u5e97", "order_time": ["2019-01-07 16:09:21"], "total_order": 1, "hotel_value": ["3.1"], "hotel_price": ["155"]}, "11648449": {"hotel_name": "\u53a6\u95e8\u7d20\u516e.\u6d77\u8fb9\u5ea6\u5047\u5ba2\u6808(\u539f\u897f\u95e8\u753a\u7cbe\u54c1\u6c11\u5bbf)", "order_time": ["2019-01-07 16:09:21", "2019-01-07 16:23:18"], "total_order": 2, "hotel_value": [0, 0], "hotel_price": ["63", "63"]}, "1933572": {"hotel_name": "\u53a6\u95e8\u4e3d\u8c6a\u9152\u5e97", "order_time": ["2019-01-07 16:09:21"], "total_order": 1, "hotel_value": ["4.2"], "hotel_price": ["99"]}, "5694937": {"hotel_name": "\u53a6\u95e8\u6c90\u5149\u96c5\u820d", "order_time": ["2019-01-07 16:09:21"], "total_order": 1, "hotel_value": ["4.9"], "hotel_price": ["248"]}, "1447130": {"hotel_name": "\u53a6\u95e8\u592a\u7a7a\u8231\u516c\u5bd3\u9152\u5e97", "order_time": ["2019-01-07 16:09:22", "2019-01-07 16:25:18"], "total_order": 2, "hotel_value": ["4.2", "4.2"], "hotel_price": ["34", "34"]}, "1346900": {"hotel_name": "\u53a6\u95e88090\u9152\u5e97", "order_time": ["2019-01-07 16:09:22"], "total_order": 1, "hotel_value": ["4.3"], "hotel_price": ["203"]}, "6112181": {"hotel_name": "\u53a6\u95e8\u6c38\u4e3d\u8fbe\u4e3d\u5448\u9152\u5e97", "order_time": ["2019-01-07 16:09:24", "2019-01-07 16:41:17"], "total_order": 2, "hotel_value": ["4.8", "4.8"], "hotel_price": ["439", "439"]}, "429225": {"hotel_name": "\u53a6\u95e8\u9e6d\u6c5f\u5bbe\u9986", "order_time": ["2019-01-07 16:09:24", "2019-01-07 16:11:17"], "total_order": 2, "hotel_value": ["4.8", "4.8"], "hotel_price": ["525", "525"]}, "346248": {"hotel_name": "\u53a6\u95e8\u6cf0\u8c37\u9152\u5e97", "order_time": ["2019-01-07 16:09:24"], "total_order": 1, "hotel_value": ["4.7"], "hotel_price": ["398"]}, "10201435": {"hotel_name": "\u53a6\u95e8\u4f70\u7fd4\u4e94\u901a\u9152\u5e97", "order_time": ["2019-01-07 16:09:24"], "total_order": 1, "hotel_value": ["4.7"], "hotel_price": ["609"]}, "467592": {"hotel_name": "\u53a6\u95e8\u7f8e\u4ed1\u91d1\u60a6\u9152\u5e97", "order_time": ["2019-01-07 16:09:24"], "total_order": 1, "hotel_value": ["4.7"], "hotel_price": ["178"]}, "7123043": {"hotel_name": "\u53a6\u95e8\u9e6d\u6c5f\u00b7\u4f72\u5bb6\u9152\u5e97", "order_time": ["2019-01-07 16:09:24"], "total_order": 1, "hotel_value": ["4.7"], "hotel_price": ["639"]}, "8370082": {"hotel_name": "\u53a6\u95e8\u9f13\u6d6a\u5c7f\u67cf\u6587\u718a\u9152\u5e97", "order_time": ["2019-01-07 16:09:24"], "total_order": 1, "hotel_value": ["4.8"], "hotel_price": ["346"]}, "22817797": {"hotel_name": "\u53a6\u95e8SM\u57ce\u5e02\u5e7f\u573a\u5e0c\u5c14\u987f\u6b22\u670b\u9152\u5e97", "order_time": ["2019-01-07 16:09:24"], "total_order": 1, "hotel_value": ["4.5"], "hotel_price": ["548"]}, "28134136": {"hotel_name": "\u53a6\u95e8\u8f6c\u89d2\u5c4b\u6c11\u5bbf", "order_time": ["2019-01-07 16:11:17"], "total_order": 1, "hotel_value": ["4.9"], "hotel_price": ["94"]}, "19678980": {"hotel_name": "\u53a6\u95e8\u74e6\u6e90\u7d20\u7cbe\u54c1\u5ba2\u6808", "order_time": ["2019-01-07 16:11:18"], "total_order": 1, "hotel_value": ["4.9"], "hotel_price": ["105"]}, "1183055": {"hotel_name": "\u53a6\u95e8\u946b\u535a\u96c5\u5927\u9152\u5e97(\u539f\u7687\u5ef7\u9152\u5e97)", "order_time": ["2019-01-07 16:11:18"], "total_order": 1, "hotel_value": ["4.2"], "hotel_price": ["233"]}, "15718121": {"hotel_name": "\u53a6\u95e8\u66fe\u539d\u57b5\u4e00\u683c\u6816\u5bbf", "order_time": ["2019-01-07 16:43:16", "2019-01-07 16:11:18"], "total_order": 2, "hotel_value": ["4.9", "4.9"], "hotel_price": ["198", "198"]}, "431557": {"hotel_name": "\u901f8\u9152\u5e97(\u53a6\u95e8\u4e2d\u5c71\u8def\u8f6e\u6e21\u5e97)", "order_time": ["2019-01-07 16:11:18"], "total_order": 1, "hotel_value": ["4.4"], "hotel_price": ["130"]}, "6477755": {"hotel_name": "\u53a6\u95e8\u9f13\u6d6a\u5c7f\u8336\u8bed\u65f6\u5149\u94a2\u7434\u65c5\u9986", "order_time": ["2019-01-07 16:11:18"], "total_order": 1, "hotel_value": ["4.7"], "hotel_price": ["72"]}, "11019053": {"hotel_name": "\u53a6\u95e8\u5c45\u4e45\u5c71\u6d77\u539f\u5bbf", "order_time": ["2019-01-07 16:11:18"], "total_order": 1, "hotel_value": ["4.9"], "hotel_price": ["420"]}, "5372834": {"hotel_name": "\u53a6\u95e8\u4f73\u5bb6\u65c5\u9986", "order_time": ["2019-01-07 16:11:19"], "total_order": 1, "hotel_value": [0], "hotel_price": ["80"]}, "8419373": {"hotel_name": "\u5ead\u82d1\u9152\u5e97(\u53a6\u95e8\u4e2d\u5c71\u8def\u8f6e\u6e21\u5e97)", "order_time": ["2019-01-07 16:13:16"], "total_order": 1, "hotel_value": ["4.7"], "hotel_price": ["148"]}, "436729": {"hotel_name": "\u4e2d\u5fb7\u8bb0\u5ea6\u5047\u522b\u5885(\u53a6\u95e8\u9f13\u6d6a\u5c7f\u9ec4\u5bb6\u82b1\u56ed\u5e97)", "order_time": ["2019-01-07 16:13:16"], "total_order": 1, "hotel_value": ["4.6"], "hotel_price": ["389"]}, "457612": {"hotel_name": "\u53a6\u95e8\u4e94\u7f18\u6c34\u4e61\u9152\u5e97", "order_time": ["2019-01-07 16:13:16"], "total_order": 1, "hotel_value": ["4.9"], "hotel_price": ["669"]}, "2574650": {"hotel_name": "\u53a6\u95e8\u5c1a\u798f\u7f18\u6c11\u5bbf", "order_time": ["2019-01-07 16:13:16"], "total_order": 1, "hotel_value": ["4.8"], "hotel_price": ["75"]}, "4606388": {"hotel_name": "\u53a6\u95e8\u6d77\u5c1a\u98ce\u60c5\u5ba2\u6808", "order_time": ["2019-01-07 16:29:17", "2019-01-07 16:13:16"], "total_order": 2, "hotel_value": ["4.9", "4.9"], "hotel_price": ["69", "69"]}, "6246815": {"hotel_name": "\u6c49\u5ead\u9152\u5e97(\u53a6\u95e8\u4e2d\u5c71\u8def\u6b65\u884c\u8857\u5927\u540c\u8def\u5e97)", "order_time": ["2019-01-07 16:13:16"], "total_order": 1, "hotel_value": ["4.4"], "hotel_price": ["172"]}, "436711": {"hotel_name": "\u53a6\u95e8\u9f13\u6d6a\u5c7f\u6caa\u5c7f\u65c5\u9986", "order_time": ["2019-01-07 16:13:17"], "total_order": 1, "hotel_value": ["5.0"], "hotel_price": ["158"]}, "2241046": {"hotel_name": "\u4e2d\u5357\u6e7e\u9152\u5e97(\u53a6\u95e8\u4e2d\u5c71\u8def\u5e97)", "order_time": ["2019-01-07 16:19:21", "2019-01-07 16:13:19"], "total_order": 2, "hotel_value": ["4.0", "4.0"], "hotel_price": ["117", "117"]}, "27938575": {"hotel_name": "\u53a6\u95e8\u6d77\u4e1d\u827a\u672f\u54c1\u4e2d\u5fc3\u4f70\u7fd4\u7428\u70c1\u9152\u5e97", "order_time": ["2019-01-07 16:15:17"], "total_order": 1, "hotel_value": ["4.8"], "hotel_price": ["408"]}, "2301441": {"hotel_name": "\u975e\u7e41\u57ce\u54c1\u9152\u5e97(\u53a6\u95e8\u96c6\u7f8e\u5927\u5b66\u5e97)", "order_time": ["2019-01-07 16:15:17"], "total_order": 1, "hotel_value": ["4.7"], "hotel_price": ["170"]}, "4311628": {"hotel_name": "\u65b0\u53cb\u8c0a\u9152\u5e97\u5f0f\u516c\u5bd3(\u53a6\u95e8\u673a\u573a\u5e97)", "order_time": ["2019-01-07 16:15:17"], "total_order": 1, "hotel_value": ["4.3"], "hotel_price": ["118"]}, "6312273": {"hotel_name": "\u53a6\u95e8\u671b\u6d77\u697c\u5ea6\u5047\u522b\u5885", "order_time": ["2019-01-07 16:15:17"], "total_order": 1, "hotel_value": ["4.9"], "hotel_price": ["98"]}, "1755351": {"hotel_name": "\u53a6\u95e8\u805a\u8d24\u516c\u5bd3", "order_time": ["2019-01-07 16:15:18"], "total_order": 1, "hotel_value": ["4.4"], "hotel_price": ["82"]}, "6470572": {"hotel_name": "\u53a6\u95e8\u6709\u95f4\u623f\u5b50\u8bbe\u8ba1\u5e08\u6c11\u5bbf", "order_time": ["2019-01-07 16:15:20"], "total_order": 1, "hotel_value": ["4.6"], "hotel_price": ["193"]}, "11469147": {"hotel_name": "\u53a6\u95e8\u7231\u4e01\u5821\u56fd\u9645\u8fde\u9501\u9152\u5e97(\u706b\u8f66\u7ad9\u516c\u5bd3\u5e97)", "order_time": ["2019-01-07 16:17:16"], "total_order": 1, "hotel_value": ["4.5"], "hotel_price": ["77"]}, "1603567": {"hotel_name": "\u53a6\u95e8\u7121\u4e8c\u00b7\u767d\u5c7f\u8bbe\u8ba1\u578b\u5ea6\u5047\u7f8e\u5885", "order_time": ["2019-01-07 16:17:16"], "total_order": 1, "hotel_value": ["5.0"], "hotel_price": ["266"]}, "5282077": {"hotel_name": "\u53a6\u95e8\u71d5\u6eaa\u9ad8\u7aef\u6c11\u5bbf", "order_time": ["2019-01-07 16:17:17"], "total_order": 1, "hotel_value": ["4.9"], "hotel_price": ["280"]}, "13732555": {"hotel_name": "\u53a6\u95e8\u516b\u516b\u7cbe\u54c1\u9152\u5e97", "order_time": ["2019-01-07 16:17:17"], "total_order": 1, "hotel_value": ["4.5"], "hotel_price": ["150"]}, "447260": {"hotel_name": "\u590f\u5546\u00b7\u6021\u5ead\u5feb\u6377\u9152\u5e97(\u53a6\u95e8\u4e1c\u6e21\u90ae\u8f6e\u4e2d\u5fc3\u53a6\u9f13\u7801\u5934\u5e97)", "order_time": ["2019-01-07 16:17:17"], "total_order": 1, "hotel_value": ["4.1"], "hotel_price": ["136"]}, "5324761": {"hotel_name": "\u53a6\u95e8\u798f\u5b89\u516c\u5bd3", "order_time": ["2019-01-07 16:17:17"], "total_order": 1, "hotel_value": ["4.6"], "hotel_price": ["78"]}, "10220748": {"hotel_name": "\u5e0c\u5cb8\u9152\u5e97(\u53a6\u95e8\u673a\u573a\u678b\u6e56\u5ba2\u8fd0\u4e2d\u5fc3\u5e97)", "order_time": ["2019-01-07 16:19:16"], "total_order": 1, "hotel_value": ["4.7"], "hotel_price": ["271"]}, "28565834": {"hotel_name": "\u53a6\u95e8\u559c\u7f8e\u7f8e\u5c45\u9152\u5e97", "order_time": ["2019-01-07 16:19:16"], "total_order": 1, "hotel_value": ["5.0"], "hotel_price": ["389"]}, "12084605": {"hotel_name": "\u53a6\u95e8\u96c5\u5b50\u8f69\u7cbe\u54c1\u8fde\u9501\u9152\u5e97", "order_time": ["2019-01-07 16:19:16", "2019-01-07 16:37:16", "2019-01-07 16:33:17"], "total_order": 3, "hotel_value": ["4.9", "4.9", "4.9"], "hotel_price": ["124", "124", "124"]}, "4359404": {"hotel_name": "\u53a6\u95e8\u7d20\u8317\u5ba2\u6808", "order_time": ["2019-01-07 16:19:16", "2019-01-07 16:43:17"], "total_order": 2, "hotel_value": ["4.8", "4.8"], "hotel_price": ["95", "95"]}, "1692058": {"hotel_name": "\u53a6\u95e8\u53a6\u5927\u59d1\u5a18\u7cbe\u54c1\u5ba2\u6808", "order_time": ["2019-01-07 16:19:16"], "total_order": 1, "hotel_value": ["4.8"], "hotel_price": ["154"]}, "1207050": {"hotel_name": "\u5982\u5bb6\u5feb\u6377\u9152\u5e97(\u53a6\u95e8\u4f1a\u5c55\u4e2d\u5fc3\u83b2\u524d\u897f\u8def\u5e97)", "order_time": ["2019-01-07 16:19:16"], "total_order": 1, "hotel_value": ["4.7"], "hotel_price": ["106"]}, "4041819": {"hotel_name": "\u5bb6\u5bb6\u4e50\u9152\u5e97\uff08\u53a6\u95e8\u4e2d\u5c71\u8def\u6b65\u884c\u8857\u5e97\uff09", "order_time": ["2019-01-07 16:19:16"], "total_order": 1, "hotel_value": ["4.4"], "hotel_price": ["132"]}, "1073571": {"hotel_name": "\u53a6\u95e8\u9f13\u6d6a\u5c7f\u7231\u5728\u5929\u4f7f\u5927\u5c4b", "order_time": ["2019-01-07 16:19:16"], "total_order": 1, "hotel_value": ["4.9"], "hotel_price": ["241"]}, "15880660": {"hotel_name": "\u5927\u849c\u9152\u5e97(\u53a6\u95e8\u706b\u8f66\u7ad9\u5e97)", "order_time": ["2019-01-07 16:19:17"], "total_order": 1, "hotel_value": ["4.3"], "hotel_price": ["94"]}, "15849666": {"hotel_name": "\u5168\u5b63\u9152\u5e97(\u53a6\u95e8\u5317\u7ad9\u674f\u6797\u6e7e\u8def\u5e97)", "order_time": ["2019-01-07 16:19:17"], "total_order": 1, "hotel_value": ["4.7"], "hotel_price": ["284"]}, "1406089": {"hotel_name": "\u53a6\u95e8\u96c6\u7f8e\u674f\u9716\u5bbe\u9986", "order_time": ["2019-01-07 16:19:18"], "total_order": 1, "hotel_value": ["3.9"], "hotel_price": ["108"]}, "14524625": {"hotel_name": "\u53a6\u95e8\u66fe\u539d\u57b5\u6e05\u98ce\u5c0f\u7b51\u5ba2\u6808\uff08\u539f\u6709\u9e7f\u6765\u6c11\u5bbf\uff09", "order_time": ["2019-01-07 16:19:19"], "total_order": 1, "hotel_value": ["4.7"], "hotel_price": ["64"]}, "387246": {"hotel_name": "\u53a6\u95e8\u5982\u662f\u9152\u5e97\u4f1a\u5c55\u5e97", "order_time": ["2019-01-07 16:21:18", "2019-01-07 16:25:16"], "total_order": 2, "hotel_value": ["4.7", "4.7"], "hotel_price": ["343", "343"]}, "432895": {"hotel_name": "\u82cf\u6258\u4e9a(\u9f13\u6d6a\u5c7f\u5de2\u5ead1919\u5e97)", "order_time": ["2019-01-07 16:21:18"], "total_order": 1, "hotel_value": ["4.8"], "hotel_price": ["289"]}, "929561": {"hotel_name": "\u53a6\u95e8\u53cb\u4e30\u6e56\u666f\u9152\u5e97", "order_time": ["2019-01-07 16:21:18"], "total_order": 1, "hotel_value": ["4.4"], "hotel_price": ["298"]}, "1529369": {"hotel_name": "\u5361\u6885\u8389\u4e9a\u65c5\u9986(\u53a6\u95e8\u4f17\u820d\u5e97(\u539f\u90bb\u6d77\u5c45\u5ba2\u6808)", "order_time": ["2019-01-07 16:21:19"], "total_order": 1, "hotel_value": ["4.9"], "hotel_price": ["160"]}, "1738310": {"hotel_name": "\u53a6\u95e8\u9752\u5e74\u9633\u5149\u7cbe\u54c1\u5546\u52a1\u9152\u5e97(\u678b\u6e56\u5e97)", "order_time": ["2019-01-07 16:21:19"], "total_order": 1, "hotel_value": ["4.4"], "hotel_price": ["192"]}, "2769695": {"hotel_name": "\u4e03\u96f6\u516b\u96f6\u65f6\u5c1a\u4e3b\u9898\u9152\u5e97(\u53a6\u95e8\u4e07\u8fbe\u5e97)", "order_time": ["2019-01-07 16:21:19"], "total_order": 1, "hotel_value": ["4.5"], "hotel_price": ["161"]}, "5236986": {"hotel_name": "\u53a6\u95e8\u5929\u6155\u4ea8\u8fbe\u9152\u5e97(\u539f\u6e7e\u4ed4\u5927\u9152\u5e97)", "order_time": ["2019-01-07 16:23:16"], "total_order": 1, "hotel_value": ["4.6"], "hotel_price": ["337"]}, "2305465": {"hotel_name": "\u901f8\u9152\u5e97(\u53a6\u95e8\u540c\u5b89\u540c\u96c6\u5317\u8def\u5e97)", "order_time": ["2019-01-07 16:23:17"], "total_order": 1, "hotel_value": ["3.8"], "hotel_price": ["133"]}, "1583166": {"hotel_name": "\u5982\u5bb6\u5feb\u6377\u9152\u5e97(\u53a6\u95e8\u4e2d\u5c71\u8def\u6b65\u884c\u8857\u5e97)", "order_time": ["2019-01-07 16:57:20", "2019-01-07 16:23:20", "2019-01-07 16:53:19"], "total_order": 3, "hotel_value": ["4.5", "4.5", "4.5"], "hotel_price": ["130", "130", "130"]}, "1047946": {"hotel_name": "\u53a6\u95e8\u91d1\u7396\u9152\u5e97", "order_time": ["2019-01-07 16:25:16"], "total_order": 1, "hotel_value": ["4.5"], "hotel_price": ["260"]}, "1830099": {"hotel_name": "\u7231\u4e01\u5821\u8fde\u9501\u9152\u5e97(\u53a6\u95e8\u4f1a\u5c55\u5e97)", "order_time": ["2019-01-07 16:25:16"], "total_order": 1, "hotel_value": ["4.4"], "hotel_price": ["189"]}, "1575123": {"hotel_name": "\u827e\u601d\u987f\u9152\u5e97(\u53a6\u95e8\u706b\u8f66\u7ad9\u5e97)", "order_time": ["2019-01-07 16:25:16"], "total_order": 1, "hotel_value": ["4.8"], "hotel_price": ["179"]}, "2294909": {"hotel_name": "\u53a6\u95e8\u51cc\u6ce2\u6e7e\u9152\u5e97(\u53a6\u5927\u7fd4\u5b89\u6821\u533a\u5e97)", "order_time": ["2019-01-07 16:25:16"], "total_order": 1, "hotel_value": ["4.1"], "hotel_price": ["220"]}, "6511409": {"hotel_name": "\u53a6\u95e8\u76d8\u6263\u00b7\u6f2b\u5ea6House", "order_time": ["2019-01-07 16:25:16"], "total_order": 1, "hotel_value": ["4.8"], "hotel_price": ["247"]}, "481752": {"hotel_name": "\u9526\u6c5f\u4e4b\u661f(\u53a6\u95e8\u673a\u573a\u533a\u653f\u5e9c\u5e97)", "order_time": ["2019-01-07 16:25:17"], "total_order": 1, "hotel_value": ["4.3"], "hotel_price": ["162"]}, "483838": {"hotel_name": "\u53a6\u95e8\u7a7a\u6e2f\u4f70\u7fd4\u82b1\u56ed\u9152\u5e97", "order_time": ["2019-01-07 16:47:16", "2019-01-07 16:25:17"], "total_order": 2, "hotel_value": ["4.5", "4.5"], "hotel_price": ["352", "352"]}, "5850603": {"hotel_name": "\u53a6\u95e8\u5370\u8c61\u6d77\u6e7e\u5ea6\u5047\u522b\u5885", "order_time": ["2019-01-07 16:25:17"], "total_order": 1, "hotel_value": ["4.9"], "hotel_price": ["160"]}, "2305392": {"hotel_name": "\u53a6\u95e8\u9f13\u6d6a\u5c7f\u9e6d\u98de\u56fd\u9645\u9752\u5e74\u65c5\u820d", "order_time": ["2019-01-07 16:25:17"], "total_order": 1, "hotel_value": ["4.4"], "hotel_price": ["64"]}, "832611": {"hotel_name": "\u53a6\u95e8\u7c73\u6d1b\u65c5\u9986", "order_time": ["2019-01-07 16:25:18"], "total_order": 1, "hotel_value": ["4.9"], "hotel_price": ["184"]}, "929699": {"hotel_name": "\u53a6\u95e8\u6c81\u82d1\u9152\u5e97(\u539f\u9e6d\u7965\u9152\u5e97)", "order_time": ["2019-01-07 16:25:19"], "total_order": 1, "hotel_value": ["4.0"], "hotel_price": ["131"]}, "2134577": {"hotel_name": "\u53a6\u95e8\u9f13\u6d6a\u5c7f\u7eaf\u79c1\u90b8\u65c5\u9986", "order_time": ["2019-01-07 16:27:20"], "total_order": 1, "hotel_value": ["4.4"], "hotel_price": ["97"]}, "4337027": {"hotel_name": "\u9f13\u6d6a\u5c7f\u6e7e\u666f\u65c5\u9986", "order_time": ["2019-01-07 16:27:21"], "total_order": 1, "hotel_value": ["4.5"], "hotel_price": ["184"]}, "1318017": {"hotel_name": "\u53a6\u95e8\u56fd\u9645\u9752\u5e74\u65c5\u820d", "order_time": ["2019-01-07 16:29:16"], "total_order": 1, "hotel_value": ["4.6"], "hotel_price": ["67"]}, "6023163": {"hotel_name": "\u53a6\u95e8\u5c1a\u5fb7\u8363\u9152\u5e97", "order_time": ["2019-01-07 16:29:16"], "total_order": 1, "hotel_value": ["4.5"], "hotel_price": ["153"]}, "4814794": {"hotel_name": "\u53a6\u95e8\u6625\u57ce\u9152\u5e97(\u8f6e\u6e21\u5e97)", "order_time": ["2019-01-07 16:29:16"], "total_order": 1, "hotel_value": ["3.5"], "hotel_price": ["115"]}, "2303499": {"hotel_name": "\u53a6\u95e8\u9f13\u6d6a\u5c7f\u6c5d\u5357\u6d77\u666f\u522b\u58851935\u6c11\u56fd\u9a7b\u7f8e\u5927\u4f7f\u5e97", "order_time": ["2019-01-07 16:29:16"], "total_order": 1, "hotel_value": ["4.7"], "hotel_price": ["392"]}, "2303094": {"hotel_name": "\u53a6\u95e8\u7389\u9f99\u9152\u5e97", "order_time": ["2019-01-07 16:31:17", "2019-01-07 16:29:17"], "total_order": 2, "hotel_value": ["4.3", "4.3"], "hotel_price": ["140", "140"]}, "2971473": {"hotel_name": "\u53a6\u95e8\u7f57\u66fc\u6735\u62c9\u57ce\u5821\u5e84\u56ed", "order_time": ["2019-01-07 16:29:17"], "total_order": 1, "hotel_value": ["4.7"], "hotel_price": ["142"]}, "6882800": {"hotel_name": "\u53a6\u95e8\u5e02\u601d\u6f6e\u4e3b\u9898\u5ba2\u6808", "order_time": ["2019-01-07 16:29:18", "2019-01-07 16:53:16"], "total_order": 2, "hotel_value": ["4.6", "4.6"], "hotel_price": ["92", "92"]}, "1549905": {"hotel_name": "\u53a6\u95e8\u534a\u5c9b\u58f9\u53f7\u9152\u5e97", "order_time": ["2019-01-07 16:31:16"], "total_order": 1, "hotel_value": ["4.5"], "hotel_price": ["88"]}, "15708322": {"hotel_name": "\u53a6\u95e8\u4e09\u4ed3\u9152\u5e97", "order_time": ["2019-01-07 16:31:16"], "total_order": 1, "hotel_value": ["4.7"], "hotel_price": ["195"]}, "392554": {"hotel_name": "\u53a6\u95e8\u91d1\u745e\u4f73\u6cf0\u9152\u5e97(\u539f\u91d1\u5df4\u5170\u9152\u5e97)", "order_time": ["2019-01-07 16:31:16"], "total_order": 1, "hotel_value": ["4.5"], "hotel_price": ["299"]}, "1420252": {"hotel_name": "\u53a6\u95e8\u4e00\u89c1\u6c11\u5bbf", "order_time": ["2019-01-07 16:31:16"], "total_order": 1, "hotel_value": ["5.0"], "hotel_price": ["640"]}, "2290014": {"hotel_name": "\u53a6\u95e8\u541b\u6021\u9152\u5e97", "order_time": ["2019-01-07 16:43:17", "2019-01-07 16:31:16"], "total_order": 2, "hotel_value": ["4.7", "4.7"], "hotel_price": ["236", "236"]}, "1374267": {"hotel_name": "\u9526\u6c5f\u4e4b\u661f(\u53a6\u95e8\u9a6c\u5df7\u5e97)", "order_time": ["2019-01-07 16:31:16"], "total_order": 1, "hotel_value": ["4.3"], "hotel_price": ["244"]}, "778876": {"hotel_name": "\u98de\u5bbf\u8fde\u9501\u53a6\u95e8\u8499\u5a1c\u5e84\u56ed(\u539f\u83dc\u4e0d\u5728\u5ba2\u6808)", "order_time": ["2019-01-07 16:31:17"], "total_order": 1, "hotel_value": ["4.8"], "hotel_price": ["148"]}, "1591429": {"hotel_name": "\u53a6\u95e8\u6021\u5fc3\u5c4b\u5ba2\u6808(\u539f\u53a6\u5927\u68a7\u6850\u4e3b\u9898\u5ba2\u6808)", "order_time": ["2019-01-07 16:31:17"], "total_order": 1, "hotel_value": ["4.9"], "hotel_price": ["100"]}, "21764649": {"hotel_name": "\u53a6\u95e8lailai\u7684\u9752\u65c5", "order_time": ["2019-01-07 16:31:17"], "total_order": 1, "hotel_value": ["4.5"], "hotel_price": ["61"]}, "11809149": {"hotel_name": "\u53a6\u5927\u5ff5\u5ff5\u4e0d\u820d\u6c11\u5bbf", "order_time": ["2019-01-07 16:31:18"], "total_order": 1, "hotel_value": ["4.1"], "hotel_price": ["89"]}, "1646749": {"hotel_name": "\u53a6\u95e8\u89e3\u5fe7\u65c5\u820d(\u539f\u53a6\u5927\u8db4\u8db4\u8d70\u9752\u5e74\u65c5\u820d)", "order_time": ["2019-01-07 16:31:18"], "total_order": 1, "hotel_value": ["4.1"], "hotel_price": ["36"]}, "1524607": {"hotel_name": "\u53a6\u95e8\u5317\u7ad9\u96c5\u5c45\u4e50\u5bbe\u9986", "order_time": ["2019-01-07 16:31:18"], "total_order": 1, "hotel_value": ["3.8"], "hotel_price": ["102"]}, "2251186": {"hotel_name": "\u5343\u5c7f\u00b7\u53a6\u95e8\u5174\u9605\u5bbe\u9986", "order_time": ["2019-01-07 16:31:19"], "total_order": 1, "hotel_value": ["3.6"], "hotel_price": ["79"]}, "1086014": {"hotel_name": "\u53a6\u95e8\u6995\u6811\u4e0b\u5496\u5561\u65c5\u9986", "order_time": ["2019-01-07 16:31:20"], "total_order": 1, "hotel_value": ["4.5"], "hotel_price": ["125"]}, "481144": {"hotel_name": "\u53a6\u95e8\u6069\u7c89\u9152\u5e97(\u539f\u4e30\u6021\u9152\u5e97)", "order_time": ["2019-01-07 16:33:16"], "total_order": 1, "hotel_value": ["4.3"], "hotel_price": ["106"]}, "1389206": {"hotel_name": "\u9526\u6c5f\u4e4b\u661f(\u53a6\u95e8\u79be\u7965\u897f\u8def\u767d\u9e6d\u6d32\u5e97)", "order_time": ["2019-01-07 16:35:17", "2019-01-07 16:33:16"], "total_order": 2, "hotel_value": ["4.4", "4.4"], "hotel_price": ["129", "129"]}, "5607442": {"hotel_name": "\u53a6\u95e8oneday\u8584\u8377\u8bbe\u8ba1\u5e08\u6c11\u5bbf", "order_time": ["2019-01-07 16:33:18"], "total_order": 1, "hotel_value": ["4.7"], "hotel_price": ["382"]}, "21785548": {"hotel_name": "\u53a6\u95e8\u749e\u5c1a\u9152\u5e97", "order_time": ["2019-01-07 16:33:20"], "total_order": 1, "hotel_value": ["4.8"], "hotel_price": ["1662"]}, "2298885": {"hotel_name": "\u53a6\u95e8\u9f13\u6d6a\u5c7f\u6d77\u534e\u5ea6\u5047\u5c4b", "order_time": ["2019-01-07 16:33:20"], "total_order": 1, "hotel_value": ["5.0"], "hotel_price": ["187"]}, "22804277": {"hotel_name": "\u6854\u5b50\u9152\u5e97\u7cbe\u9009(\u53a6\u95e8\u4f1a\u5c55\u4e2d\u5fc3\u89c2\u97f3\u5c71\u5e97)", "order_time": ["2019-01-07 16:35:16"], "total_order": 1, "hotel_value": ["4.8"], "hotel_price": ["369"]}, "1606947": {"hotel_name": "\u53a6\u95e8\u827a\u5885\u5bb6\u7cbe\u54c1\u6c11\u5bbf", "order_time": ["2019-01-07 16:35:16"], "total_order": 1, "hotel_value": ["4.7"], "hotel_price": ["222"]}, "2040417": {"hotel_name": "7\u5929\u4f18\u54c1\u9152\u5e97(\u53a6\u95e8\u673a\u573a\u6bbf\u524d\u5730\u94c1\u7ad9\u5e97)", "order_time": ["2019-01-07 16:35:16"], "total_order": 1, "hotel_value": ["4.7"], "hotel_price": ["153"]}, "392553": {"hotel_name": "\u6210\u65c5\u6676\u8d5e\u9152\u5e97(\u53a6\u95e8\u67ab\u60a6\u5e97)(\u539f\u67ab\u60a6\u5927\u9152\u5e97)", "order_time": ["2019-01-07 16:35:16"], "total_order": 1, "hotel_value": ["4.7"], "hotel_price": ["428"]}, "1417330": {"hotel_name": "\u53a6\u95e8\u4e2d\u5c71\u5bbe\u9986", "order_time": ["2019-01-07 16:35:17"], "total_order": 1, "hotel_value": ["4.4"], "hotel_price": ["111"]}, "1430042": {"hotel_name": "\u53a6\u95e8\u4e8c\u8f7b\u996d\u5e97", "order_time": ["2019-01-07 16:35:17"], "total_order": 1, "hotel_value": ["4.1"], "hotel_price": ["101"]}, "1055853": {"hotel_name": "\u57ce\u5e02\u4fbf\u6377\u9152\u5e97(\u53a6\u95e8\u96c6\u7f8e\u5927\u5b66\u5e97)", "order_time": ["2019-01-07 16:35:17"], "total_order": 1, "hotel_value": ["4.5"], "hotel_price": ["166"]}, "15717242": {"hotel_name": "\u53a6\u95e8\u9e6d\u5c9b\u6234\u65af\u9152\u5e97", "order_time": ["2019-01-07 16:35:17"], "total_order": 1, "hotel_value": ["4.5"], "hotel_price": ["211"]}, "12627281": {"hotel_name": "\u53a6\u95e8\u524d\u6d77\u00b7\u97f5\u56ed\u5ea6\u5047\u522b\u5885", "order_time": ["2019-01-07 16:35:17"], "total_order": 1, "hotel_value": ["4.9"], "hotel_price": ["461"]}, "4356306": {"hotel_name": "\u9f13\u6d6a\u5c7f\u5b9d\u77f3\u5170\u65c5\u9986", "order_time": ["2019-01-07 16:35:17"], "total_order": 1, "hotel_value": ["4.3"], "hotel_price": ["106"]}, "2593672": {"hotel_name": "\u592a\u7a7a\u8231\u9152\u5e97\uff08\u53a6\u95e8\u4e2d\u5c71\u8def\u8f6e\u6e21\u5e97\uff09", "order_time": ["2019-01-07 16:37:15"], "total_order": 1, "hotel_value": ["4.3"], "hotel_price": ["49"]}, "443061": {"hotel_name": "\u53a6\u95e8HUESyard\u4f11\u601d\u9662\u5b50\u522b\u5885", "order_time": ["2019-01-07 16:37:15"], "total_order": 1, "hotel_value": ["4.9"], "hotel_price": ["380"]}, "2937051": {"hotel_name": "\u53a6\u95e8\u9047\u7f8e\u00b7\u6cca\u5c7f\u6d77\u6e7e\u5ea6\u5047\u522b\u5885", "order_time": ["2019-01-07 16:37:16"], "total_order": 1, "hotel_value": ["4.7"], "hotel_price": ["268"]}, "4439579": {"hotel_name": "\u524d\u7530\u6e7e\u7cbe\u54c1\u5ba2\u6808(\u53a6\u95e8\u66fe\u539d\u57b5\u5e97)", "order_time": ["2019-01-07 16:39:15", "2019-01-07 16:37:16"], "total_order": 2, "hotel_value": ["4.7", "4.7"], "hotel_price": ["95", "95"]}, "6150330": {"hotel_name": "\u8bd7\u516c\u5bd3(\u53a6\u95e8\u673a\u573a\u5e97)", "order_time": ["2019-01-07 16:37:16"], "total_order": 1, "hotel_value": ["4.2"], "hotel_price": ["105"]}, "438908": {"hotel_name": "\u5982\u5bb6\u5feb\u6377\u9152\u5e97(\u601d\u660e\u5357\u8def\u53a6\u95e8\u5927\u5b66\u5e97)(\u539f\u6210\u529f\u5927\u9053\u53a6\u5927\u6d77\u666f\u5e97)", "order_time": ["2019-01-07 16:37:16"], "total_order": 1, "hotel_value": ["4.3"], "hotel_price": ["113"]}, "1857599": {"hotel_name": "\u590f\u5546\u00b7\u6021\u5ead\u5feb\u6377\u9152\u5e97(\u53a6\u95e8\u96c6\u7f8e\u674f\u6797\u5e97)", "order_time": ["2019-01-07 16:37:16"], "total_order": 1, "hotel_value": ["4.2"], "hotel_price": ["135"]}, "15957192": {"hotel_name": "\u53a6\u95e8\u6e21\u53e3\u6c11\u5bbf(\u5c90\u5c71\u8def\u53e3\u5e97)", "order_time": ["2019-01-07 16:37:17"], "total_order": 1, "hotel_value": [0], "hotel_price": ["161"]}, "447297": {"hotel_name": "\u53a6\u95e8\u660e\u53d1\u56fd\u9645\u5927\u9152\u5e97", "order_time": ["2019-01-07 16:39:15"], "total_order": 1, "hotel_value": ["4.6"], "hotel_price": ["478"]}, "8568992": {"hotel_name": "\u53a6\u95e8\u5c7f\u60a6\u65c5\u5bbf", "order_time": ["2019-01-07 16:39:16"], "total_order": 1, "hotel_value": ["4.8"], "hotel_price": ["116"]}, "1248982": {"hotel_name": "\u53a6\u95e8\u66fe\u539d\u5b89\u58f9\u5c45hotel", "order_time": ["2019-01-07 16:39:16"], "total_order": 1, "hotel_value": ["4.7"], "hotel_price": ["139"]}, "16011608": {"hotel_name": "\u53a6\u95e8\u6f2b\u5c45\u516c\u5bd3", "order_time": ["2019-01-07 16:39:16"], "total_order": 1, "hotel_value": ["4.7"], "hotel_price": ["99"]}, "6336638": {"hotel_name": "\u53a6\u95e8\u897f\u8fb9\u820d\u5ba2\u6808", "order_time": ["2019-01-07 16:39:17"], "total_order": 1, "hotel_value": ["4.9"], "hotel_price": ["136"]}, "21145945": {"hotel_name": "\u53a6\u95e8\u7fd4\u4e91\u56db\u5b63\u9152\u5e97", "order_time": ["2019-01-07 16:39:17"], "total_order": 1, "hotel_value": ["3.8"], "hotel_price": ["204"]}, "430060": {"hotel_name": "\u53a6\u95e8\u671b\u6d77\u5bbe\u9986", "order_time": ["2019-01-07 16:39:17"], "total_order": 1, "hotel_value": ["4.2"], "hotel_price": ["110"]}, "512888": {"hotel_name": "\u53a6\u95e8\u7fd4\u5b89\u9890\u8c6a\u9152\u5e97", "order_time": ["2019-01-07 16:39:17"], "total_order": 1, "hotel_value": ["4.7"], "hotel_price": ["449"]}, "2310179": {"hotel_name": "\u6613\u4f70\u8fde\u9501\u65c5\u5e97(\u53a6\u95e8\u8f6e\u6e21\u79be\u7965\u897f\u8def\u5e97)", "order_time": ["2019-01-07 16:39:17"], "total_order": 1, "hotel_value": ["3.8"], "hotel_price": ["85"]}, "1484713": {"hotel_name": "\u53a6\u95e8\u9f13\u6d6a\u5c7f\u9ed1\u6a80\u9152\u5e97", "order_time": ["2019-01-07 16:39:17"], "total_order": 1, "hotel_value": ["4.8"], "hotel_price": ["287"]}, "11893099": {"hotel_name": "\u53a6\u95e8\u4e00\u5b85\u8bbe\u8ba1\u5e08\u6c11\u5bbf", "order_time": ["2019-01-07 16:41:16"], "total_order": 1, "hotel_value": ["4.2"], "hotel_price": ["202"]}, "435290": {"hotel_name": "\u53a6\u95e8\u6625\u5149\u9152\u5e97", "order_time": ["2019-01-07 16:45:17", "2019-01-07 16:41:16"], "total_order": 2, "hotel_value": ["4.7", "4.7"], "hotel_price": ["283", "283"]}, "1405953": {"hotel_name": "\u53a6\u95e8\u7231\u4e01\u5821\u56fd\u9645\u9152\u5e97(\u539f\u4f1a\u5c55\u4e2d\u5fc3\u7231\u4e01\u5821\u56fd\u9645\u9152\u5e97)", "order_time": ["2019-01-07 16:41:16"], "total_order": 1, "hotel_value": ["4.4"], "hotel_price": ["199"]}, "438257": {"hotel_name": "\u53a6\u95e8\u946b\u540d\u95e8\u82b1\u56ed\u9152\u5e97(\u539f\u5361\u5c14\u66fc\u9152\u5e97)", "order_time": ["2019-01-07 16:41:16"], "total_order": 1, "hotel_value": ["4.3"], "hotel_price": ["231"]}, "428315": {"hotel_name": "\u5982\u5bb6\u5feb\u6377\u9152\u5e97(\u53a6\u95e8\u6587\u56ed\u8def\u6587\u7076\u5730\u94c1\u7ad9\u5e97)", "order_time": ["2019-01-07 16:41:16"], "total_order": 1, "hotel_value": ["4.4"], "hotel_price": ["106"]}, "21344089": {"hotel_name": "\u53a6\u95e8\u82b1\u679c\u5bbf(\u6d77\u539d)\u751f\u6d3b\u9986", "order_time": ["2019-01-07 16:41:16"], "total_order": 1, "hotel_value": ["4.8"], "hotel_price": ["214"]}, "440782": {"hotel_name": "\u53a6\u95e8\u65fa\u8f89\u9152\u5e97", "order_time": ["2019-01-07 16:49:18", "2019-01-07 16:41:16"], "total_order": 2, "hotel_value": ["4.8", "4.8"], "hotel_price": ["154", "154"]}, "2611150": {"hotel_name": "\u4f73\u6a59\u9152\u5e97(\u53a6\u95e8\u678b\u6e56\u8f66\u7ad9\u5e97)", "order_time": ["2019-01-07 16:41:17"], "total_order": 1, "hotel_value": ["4.2"], "hotel_price": ["83"]}, "3066100": {"hotel_name": "\u53a6\u95e8\u9605\u6c5f\u9152\u5e97", "order_time": ["2019-01-07 16:41:17"], "total_order": 1, "hotel_value": ["4.0"], "hotel_price": ["105"]}, "691746": {"hotel_name": "\u53a6\u95e8\u76f8\u7ea6\u5ba2\u6808", "order_time": ["2019-01-07 16:41:19"], "total_order": 1, "hotel_value": ["4.9"], "hotel_price": ["270"]}, "375294": {"hotel_name": "\u53a6\u95e8\u534e\u7f8e\u8fbe\u957f\u5347\u5927\u9152\u5e97", "order_time": ["2019-01-07 16:43:16"], "total_order": 1, "hotel_value": ["4.4"], "hotel_price": ["439"]}, "2043594": {"hotel_name": "7\u5929\u8fde\u9501\u9152\u5e97(\u53a6\u95e8\u53f0\u6e7e\u8857\u5e97)", "order_time": ["2019-01-07 16:43:17"], "total_order": 1, "hotel_value": ["4.4"], "hotel_price": ["99"]}, "789775": {"hotel_name": "\u5408\u4f73\u9152\u5e97(\u53a6\u95e8\u5c06\u519b\u7960\u5730\u94c1\u7ad9\u5e97)", "order_time": ["2019-01-07 16:43:17"], "total_order": 1, "hotel_value": ["4.6"], "hotel_price": ["163"]}, "28525229": {"hotel_name": "\u53a6\u95e8\u96c5\u7434\u4f73\u5c45\u516c\u5bd3", "order_time": ["2019-01-07 16:43:17"], "total_order": 1, "hotel_value": ["5.0"], "hotel_price": ["112"]}, "3784147": {"hotel_name": "\u53a6\u95e8\u5e0c\u8d24\u8317\u9662\u6d77\u666f\u5ba2\u6808", "order_time": ["2019-01-07 16:43:18"], "total_order": 1, "hotel_value": ["4.8"], "hotel_price": ["71"]}, "1430145": {"hotel_name": "\u53a6\u95e8\u827e\u5de2\u4e3b\u9898\u5ba2\u6808", "order_time": ["2019-01-07 16:43:18"], "total_order": 1, "hotel_value": [0], "hotel_price": ["80"]}, "2944536": {"hotel_name": "\u53a6\u95e8\u6e05\u99a8\u516c\u5bd3", "order_time": ["2019-01-07 16:43:18"], "total_order": 1, "hotel_value": ["4.0"], "hotel_price": ["84"]}, "2361567": {"hotel_name": "\u53a6\u95e8\u6234\u65af\u6c40\u9152\u5e97", "order_time": ["2019-01-07 16:43:18"], "total_order": 1, "hotel_value": ["3.8"], "hotel_price": ["131"]}, "1451686": {"hotel_name": "\u53a6\u95e8\u9038\u8f69\u51fa\u79df\u623f", "order_time": ["2019-01-07 16:43:19"], "total_order": 1, "hotel_value": [0], "hotel_price": ["83"]}, "6483590": {"hotel_name": "\u53a6\u95e8\u5fbd\u5bbf", "order_time": ["2019-01-07 16:45:17"], "total_order": 1, "hotel_value": ["4.8"], "hotel_price": ["197"]}, "771600": {"hotel_name": "\u53a6\u95e8\u6676\u88d5\u5546\u52a1\u9152\u5e97", "order_time": ["2019-01-07 16:45:17"], "total_order": 1, "hotel_value": ["4.1"], "hotel_price": ["110"]}, "2030776": {"hotel_name": "\u53a6\u95e8\u66fe\u539d\u57b5\u63fd\u6d77\u542c\u98ce\u7cbe\u54c1\u6c11\u5bbf", "order_time": ["2019-01-07 16:45:18"], "total_order": 1, "hotel_value": ["4.6"], "hotel_price": ["35"]}, "12297322": {"hotel_name": "\u53a6\u95e8\u7f8e\u597d\u5982\u5bb6\u65c5\u793e", "order_time": ["2019-01-07 16:45:18"], "total_order": 1, "hotel_value": [0], "hotel_price": ["63"]}, "1893345": {"hotel_name": "\u53a6\u95e8\u81f4\u5bb6\u7cbe\u54c1\u9152\u5e97", "order_time": ["2019-01-07 16:53:17", "2019-01-07 16:45:19"], "total_order": 2, "hotel_value": ["4.2", "4.2"], "hotel_price": ["100", "100"]}, "1199959": {"hotel_name": "\u5982\u5bb6\u5feb\u6377\u9152\u5e97(\u53a6\u95e8\u53a6\u79be\u8def\u767d\u9e6d\u6d32\u8def\u5e97)", "order_time": ["2019-01-07 16:47:16"], "total_order": 1, "hotel_value": ["4.2"], "hotel_price": ["106"]}, "5788864": {"hotel_name": "\u53a6\u95e8\u5eb7\u83b1\u5fb7\u9152\u5e97", "order_time": ["2019-01-07 16:47:16"], "total_order": 1, "hotel_value": ["4.7"], "hotel_price": ["1538"]}, "21425273": {"hotel_name": "\u9f13\u6d6a\u5c7f\u559c\u60a6\u5ea6\u5047\u65c5\u9986", "order_time": ["2019-01-07 16:47:16"], "total_order": 1, "hotel_value": ["4.9"], "hotel_price": ["232"]}, "5467669": {"hotel_name": "\u53a6\u95e8\u5b9c\u9014\u7cbe\u54c1\u9152\u5e97", "order_time": ["2019-01-07 16:47:16"], "total_order": 1, "hotel_value": ["4.7"], "hotel_price": ["160"]}, "23944026": {"hotel_name": "\u9f13\u6d6a\u5c7f\u7231\u5c7f\u65c5\u9986", "order_time": ["2019-01-07 16:47:20", "2019-01-07 16:49:22"], "total_order": 2, "hotel_value": ["4.7", "4.7"], "hotel_price": ["282", "282"]}, "437353": {"hotel_name": "\u53a6\u95e8\u5929\u5929\u5047\u671f\u56fd\u9645\u5927\u9152\u5e97", "order_time": ["2019-01-07 16:49:19"], "total_order": 1, "hotel_value": ["4.3"], "hotel_price": ["234"]}, "2264665": {"hotel_name": "\u53a6\u95e8\u4f1a\u5c55\u5b87\u835e\u522b\u5885(\u539f\u5c0f\u95f4\u7530\u820d\u5ba2\u6808)", "order_time": ["2019-01-07 16:49:19"], "total_order": 1, "hotel_value": ["4.4"], "hotel_price": ["286"]}, "858999": {"hotel_name": "\u53a6\u95e8\u7965\u4e91\u4f70\u4f73\u5ba2\u6808(\u539fPaPa\uff07s\u4e3b\u9898\u5ba2\u6808)", "order_time": ["2019-01-07 16:51:15"], "total_order": 1, "hotel_value": ["4.7"], "hotel_price": ["253"]}, "5757188": {"hotel_name": "\u53a6\u95e8\u5927\u5b66\u9f13\u6d6a\u6e7e\u6d77\u666f\u516c\u5bd3(\u539f\u53a6\u5927\u4e16\u8302\u53cc\u5b50\u5854\u597d\u7720\u9152\u5e97\u516c\u5bd3)", "order_time": ["2019-01-07 16:51:16"], "total_order": 1, "hotel_value": ["4.7"], "hotel_price": ["345"]}, "3178165": {"hotel_name": "\u53a6\u95e8\u68a6\u5e7b\u6d77\u6e7e\u9152\u5e97", "order_time": ["2019-01-07 16:51:16"], "total_order": 1, "hotel_value": ["4.5"], "hotel_price": ["361"]}, "702372": {"hotel_name": "\u9f99\u51c0\u53a6\u95e8\u9152\u5e97", "order_time": ["2019-01-07 16:51:16"], "total_order": 1, "hotel_value": ["4.5"], "hotel_price": ["304"]}, "2303456": {"hotel_name": "\u9f13\u6d6a\u5c7f\u739b\u96c5\u6f58\u5ea6\u5047\u65c5\u9986", "order_time": ["2019-01-07 16:51:17"], "total_order": 1, "hotel_value": ["4.7"], "hotel_price": ["62"]}, "2300476": {"hotel_name": "7\u5929\u4f18\u54c1\u9152\u5e97(\u53a6\u95e8\u673a\u573a\u5e97)", "order_time": ["2019-01-07 16:53:16"], "total_order": 1, "hotel_value": ["4.6"], "hotel_price": ["209"]}, "1543547": {"hotel_name": "\u53a6\u95e8\u66fe\u539d\u57b5\u543e\u6797\u5ba2\u6808", "order_time": ["2019-01-07 16:53:16"], "total_order": 1, "hotel_value": ["4.9"], "hotel_price": ["129"]}, "1775387": {"hotel_name": "\u53a6\u95e8\u5e38\u9752\u9152\u5e97", "order_time": ["2019-01-07 16:53:16"], "total_order": 1, "hotel_value": ["4.7"], "hotel_price": ["104"]}, "480488": {"hotel_name": "\u53a6\u95e8\u5c1a\u8c6a\u9152\u5e97", "order_time": ["2019-01-07 16:53:17"], "total_order": 1, "hotel_value": ["3.9"], "hotel_price": ["293"]}, "1746353": {"hotel_name": "\u53a6\u95e8\u5927\u5b66\u56fd\u9645\u5b66\u672f\u4ea4\u6d41\u4e2d\u5fc3", "order_time": ["2019-01-07 16:53:18"], "total_order": 1, "hotel_value": ["4.3"], "hotel_price": ["1020"]}, "6842546": {"hotel_name": "\u53a6\u95e8\u6d77\u60a6\u6e7e\u5ea6\u5047\u522b\u5885", "order_time": ["2019-01-07 16:55:16"], "total_order": 1, "hotel_value": ["4.9"], "hotel_price": ["296"]}, "15683944": {"hotel_name": "\u53a6\u95e8\u5927\u5b66\u5fd7\u51ef\u4e4b\u5bb6\u5ba2\u6808", "order_time": ["2019-01-07 16:55:17"], "total_order": 1, "hotel_value": ["4.9"], "hotel_price": ["107"]}, "11380162": {"hotel_name": "\u8ff9\u58a8\u6587\u5316\u5ba2\u6808(\u53a6\u95e8\u5317\u7ad9\u5e97)(\u539f\u6d77\u6c50\u522b\u9662)", "order_time": ["2019-01-07 16:55:17"], "total_order": 1, "hotel_value": ["4.8"], "hotel_price": ["90"]}, "2302233": {"hotel_name": "\u65b0\u4e00\u5929S\u9152\u5e97(\u53a6\u95e8\u5d69\u5c7f\u7801\u5934\u5e97)", "order_time": ["2019-01-07 16:55:17"], "total_order": 1, "hotel_value": ["4.4"], "hotel_price": ["188"]}, "6616548": {"hotel_name": "\u53a6\u95e8\u98de\u5bbf\u8fde\u9501\u9999\u5885\u00b7\u6735\u62c9Fra.Villa Dora\u5e84\u56ed", "order_time": ["2019-01-07 16:55:17"], "total_order": 1, "hotel_value": ["4.7"], "hotel_price": ["227"]}, "1771637": {"hotel_name": "\u53a6\u95e8\u6d77\u5854\u4e4b\u661f\u6d77\u8fb9\u4e3b\u9898\u5ba2\u6808", "order_time": ["2019-01-07 16:55:18"], "total_order": 1, "hotel_value": ["4.7"], "hotel_price": ["93"]}, "11368377": {"hotel_name": "\u53a6\u95e8\u521d\u5c45\u5ba2\u6808\u5b59\u539d\u5e97", "order_time": ["2019-01-07 16:55:18"], "total_order": 1, "hotel_value": ["4.6"], "hotel_price": ["80"]}, "700170": {"hotel_name": "\u541b\u5e1d\u6e7e\u9152\u5e97(\u53a6\u95e8\u5927\u5b66\u5e97)", "order_time": ["2019-01-07 16:57:16"], "total_order": 1, "hotel_value": ["4.5"], "hotel_price": ["191"]}, "5073003": {"hotel_name": "\u53a6\u95e8\u4e07\u8fbe\u60a6\u57ce\u9152\u5e97\u516c\u5bd3", "order_time": ["2019-01-07 16:57:16"], "total_order": 1, "hotel_value": ["4.5"], "hotel_price": ["168"]}, "2301848": {"hotel_name": "7\u5929\u4f18\u54c1\u9152\u5e97(\u53a6\u95e8\u673a\u573a\u7fd4\u9e6d\u5e97)", "order_time": ["2019-01-07 16:57:17"], "total_order": 1, "hotel_value": ["4.6"], "hotel_price": ["152"]}, "472361": {"hotel_name": "\u53a6\u95e8\u660e\u73e0\u6d77\u6e7e\u5927\u9152\u5e97", "order_time": ["2019-01-07 16:57:17"], "total_order": 1, "hotel_value": ["4.5"], "hotel_price": ["358"]}, "1768712": {"hotel_name": "\u53a6\u95e8\u9014\u5e84\u7cbe\u54c1\u9152\u5e97", "order_time": ["2019-01-07 16:57:17"], "total_order": 1, "hotel_value": ["4.6"], "hotel_price": ["148"]}, "2363786": {"hotel_name": "\u4e00\u683c\u00b7\u5de2\u5bbf(\u53a6\u95e8\u66fe\u539d\u57b5\u5e97)", "order_time": ["2019-01-07 16:57:17"], "total_order": 1, "hotel_value": ["4.9"], "hotel_price": ["132"]}, "2297831": {"hotel_name": "\u5168\u5b63\u9152\u5e97(\u53a6\u95e8\u4e2d\u5c71\u8def\u6b65\u884c\u8857\u5e97)", "order_time": ["2019-01-07 16:57:17"], "total_order": 1, "hotel_value": ["4.8"], "hotel_price": ["300"]}, "5840745": {"hotel_name": "\u53a6\u95e8\u5317\u7ad9\u9752\u9038\u9152\u5e97", "order_time": ["2019-01-07 16:57:17"], "total_order": 1, "hotel_value": ["4.3"], "hotel_price": ["206"]}, "25805759": {"hotel_name": "\u65af\u7ef4\u767b\u5ea6\u5047\u516c\u5bd3(\u53a6\u95e8\u5927\u5b66\u5e97)", "order_time": ["2019-01-07 16:57:17"], "total_order": 1, "hotel_value": ["4.9"], "hotel_price": ["383"]}, "7277750": {"hotel_name": "\u53a6\u95e8\u6b63\u5143\u5e0c\u5c14\u987f\u9038\u6797\u9152\u5e97", "order_time": ["2019-01-07 16:57:17"], "total_order": 1, "hotel_value": ["4.7"], "hotel_price": ["576"]}, "2301227": {"hotel_name": "\u9526\u6c5f\u4e4b\u661f(\u53a6\u95e8\u674f\u6797\u5e97)", "order_time": ["2019-01-07 16:57:17"], "total_order": 1, "hotel_value": ["4.5"], "hotel_price": ["169"]}, "2233112": {"hotel_name": "\u53a6\u95e8\u4e1c\u8fb0\u5927\u9152\u5e97", "order_time": ["2019-01-07 16:57:17"], "total_order": 1, "hotel_value": ["4.2"], "hotel_price": ["182"]}, "12052834": {"hotel_name": "\u53a6\u95e8oneday\u6d77\u7720\u8bbe\u8ba1\u5e08\u9152\u5e97", "order_time": ["2019-01-07 16:57:17"], "total_order": 1, "hotel_value": ["4.6"], "hotel_price": ["256"]}, "1535936": {"hotel_name": "\u6c49\u5ead\u9152\u5e97(\u53a6\u95e8\u4f1a\u5c55\u4e2d\u5fc3\u83b2\u524d\u897f\u8def\u5e97)", "order_time": ["2019-01-07 16:57:18"], "total_order": 1, "hotel_value": ["4.3"], "hotel_price": ["142"]}, "6485447": {"hotel_name": "\u5b9c\u5c1a\u9152\u5e97(\u53a6\u95e8\u673a\u573a\u706b\u70ac\u56ed\u5730\u94c1\u7ad9\u5e97)", "order_time": ["2019-01-07 16:57:18"], "total_order": 1, "hotel_value": ["4.6"], "hotel_price": ["279"]}, "4399158": {"hotel_name": "\u53a6\u95e8\u5ba2\u5bb6\u522b\u9662", "order_time": ["2019-01-07 16:57:18"], "total_order": 1, "hotel_value": ["4.8"], "hotel_price": ["75"]}, "1289514": {"hotel_name": "\u53a6\u95e8\u62fe\u5fc6\u5ba2\u6808(\u539f\u66fe\u539d\u57b5\u51ef\u8482\u732b\u4e3b\u9898\u5ba2\u6808)", "order_time": ["2019-01-07 16:57:21"], "total_order": 1, "hotel_value": [0], "hotel_price": ["100"]}}}