{"\u5f00\u59cb\u8bb0\u5f55\u65f6\u95f4": "2019-01-06 16:57:51", "\u7ed3\u675f\u8bb0\u5f55\u65f6\u95f4": "2019-01-06 17:57:51", "\u8ba2\u5355\u603b\u589e\u91cf": 315, "item": {"804367": {"hotel_name": "\u548c\u9890\u9152\u5e97(\u53a6\u95e8\u706b\u8f66\u7ad9\u83b2\u82b1\u8def\u53e3\u5730\u94c1\u7ad9\u5e97)", "order_time": ["2019-01-06 16:59:57"], "total_order": 1, "hotel_value": ["4.8"], "hotel_price": ["245"]}, "425692": {"hotel_name": "\u53a6\u95e8\u6d77\u60a6\u5c71\u5e84\u9152\u5e97", "order_time": ["2019-01-06 16:59:57"], "total_order": 1, "hotel_value": ["4.8"], "hotel_price": ["882"]}, "439833": {"hotel_name": "\u53a6\u95e8\u9f13\u6d6a\u5c7f\u6728\u9999\u5c45\u7cbe\u54c1\u6d77\u666f\u522b\u5885", "order_time": ["2019-01-06 16:59:57"], "total_order": 1, "hotel_value": ["4.7"], "hotel_price": ["222"]}, "440903": {"hotel_name": "\u5b9c\u5fc5\u601d\u9152\u5e97(\u53a6\u95e8\u706b\u8f66\u7ad9\u9152\u5e97)", "order_time": ["2019-01-06 16:59:57"], "total_order": 1, "hotel_value": ["4.3"], "hotel_price": ["201"]}, "434956": {"hotel_name": "\u53a6\u95e8\u767d\u9e6d\u5bbe\u9986", "order_time": ["2019-01-06 16:59:57"], "total_order": 1, "hotel_value": ["4.5"], "hotel_price": ["186"]}, "8370082": {"hotel_name": "\u53a6\u95e8\u9f13\u6d6a\u5c7f\u67cf\u6587\u718a\u9152\u5e97", "order_time": ["2019-01-06 16:59:58"], "total_order": 1, "hotel_value": ["4.8"], "hotel_price": ["658"]}, "22817797": {"hotel_name": "\u53a6\u95e8SM\u57ce\u5e02\u5e7f\u573a\u5e0c\u5c14\u987f\u6b22\u670b\u9152\u5e97", "order_time": ["2019-01-06 16:59:58"], "total_order": 1, "hotel_value": ["4.5"], "hotel_price": ["482"]}, "436704": {"hotel_name": "\u53a6\u95e8\u6162\u751f\u6d3b\u00b7\u96c5\u539d\u522b\u9662", "order_time": ["2019-01-06 16:59:58"], "total_order": 1, "hotel_value": ["4.9"], "hotel_price": ["249"]}, "2304450": {"hotel_name": "7\u5929\u8fde\u9501\u9152\u5e97(\u53a6\u95e8\u706b\u8f66\u7ad9\u5e97)", "order_time": ["2019-01-06 16:59:58"], "total_order": 1, "hotel_value": ["4.4"], "hotel_price": ["101"]}, "2152627": {"hotel_name": "\u7f8e\u8c6a\u9152\u5e97(\u53a6\u95e8\u5e97)", "order_time": ["2019-01-06 16:59:58"], "total_order": 1, "hotel_value": ["4.7"], "hotel_price": ["293"]}, "6746006": {"hotel_name": "\u53a6\u95e8\u66fe\u539d\u57b5\u8fe6\u9005\u96c5\u5c45", "order_time": ["2019-01-06 17:31:57", "2019-01-06 16:59:58"], "total_order": 2, "hotel_value": ["4.8", "4.8"], "hotel_price": ["89", "89"]}, "23571482": {"hotel_name": "\u53a6\u95e8\u5e78\u798f\u65f6\u5149\u516c\u5bd3", "order_time": ["2019-01-06 16:59:58", "2019-01-06 17:33:56"], "total_order": 2, "hotel_value": ["4.8", "4.8"], "hotel_price": ["104", "113"]}, "2313328": {"hotel_name": "\u5982\u5bb6\u5feb\u6377\u9152\u5e97(\u53a6\u95e8\u673a\u573a\u9a6c\u5785\u5e97)", "order_time": ["2019-01-06 17:09:57", "2019-01-06 16:59:58"], "total_order": 2, "hotel_value": ["4.5", "4.5"], "hotel_price": ["139", "139"]}, "448912": {"hotel_name": "\u5982\u5bb6\u5feb\u6377\u9152\u5e97(\u53a6\u95e8\u706b\u8f66\u7ad9\u6e56\u6ee8\u4e1c\u8def\u9e3f\u8fd0\u5927\u53a6\u5e97)", "order_time": ["2019-01-06 16:59:58"], "total_order": 1, "hotel_value": ["4.3"], "hotel_price": ["130"]}, "23238710": {"hotel_name": "\u53a6\u95e8\u541b\u69ad\u00b7\u52ff\u820d\u5ba2\u6808", "order_time": ["2019-01-06 16:59:59"], "total_order": 1, "hotel_value": ["4.9"], "hotel_price": ["238"]}, "27938575": {"hotel_name": "\u53a6\u95e8\u6d77\u4e1d\u827a\u672f\u54c1\u4e2d\u5fc3\u4f70\u7fd4\u7428\u70c1\u9152\u5e97", "order_time": ["2019-01-06 17:00:00"], "total_order": 1, "hotel_value": ["4.8"], "hotel_price": ["408"]}, "6486006": {"hotel_name": "\u53a6\u95e8\u6e56\u6ee8\u9996\u5e9c\u4e16\u8302\u777f\u9009\u9152\u5e97", "order_time": ["2019-01-06 17:00:00"], "total_order": 1, "hotel_value": ["4.6"], "hotel_price": ["296"]}, "11021977": {"hotel_name": "\u53a6\u95e8oneday\u5c9b\u5c7f\u8bbe\u8ba1\u5e08\u6c11\u5bbf", "order_time": ["2019-01-06 17:00:00"], "total_order": 1, "hotel_value": ["4.8"], "hotel_price": ["298"]}, "1488640": {"hotel_name": "\u53a6\u95e8\u5317\u7ad9\u5317\u6781\u661f\u5ba2\u6808", "order_time": ["2019-01-06 17:00:01"], "total_order": 1, "hotel_value": ["4.7"], "hotel_price": ["101"]}, "23625312": {"hotel_name": "\u53a6\u95e8\u4e91\u820d\u96c5\u5c45\u516c\u5bd3", "order_time": ["2019-01-06 17:55:57", "2019-01-06 17:01:58"], "total_order": 2, "hotel_value": ["4.7", "4.7"], "hotel_price": ["126", "126"]}, "419881": {"hotel_name": "\u6700\u4f73\u897f\u65b9\u53a6\u95e8\u5b8f\u90fd\u9152\u5e97", "order_time": ["2019-01-06 17:01:58"], "total_order": 1, "hotel_value": ["4.8"], "hotel_price": ["598"]}, "1603567": {"hotel_name": "\u53a6\u95e8\u7121\u4e8c\u00b7\u767d\u5c7f\u8bbe\u8ba1\u578b\u5ea6\u5047\u7f8e\u5885", "order_time": ["2019-01-06 17:01:58"], "total_order": 1, "hotel_value": ["5.0"], "hotel_price": ["266"]}, "19019972": {"hotel_name": "\u53a6\u95e8\u5ea6\u7f8e\u00b7\u4e0e\u7af9\u77f3\u8bbe\u8ba1\u578b\u522b\u5885", "order_time": ["2019-01-06 17:01:58"], "total_order": 1, "hotel_value": ["5.0"], "hotel_price": ["258"]}, "2869634": {"hotel_name": "\u53a6\u95e8\u53a6\u5927\u661f\u6d77\u9601\u7cbe\u54c1\u5ba2\u6808(\u539f\u6d77\u97f5\u9601\u5ea6\u5047\u5c4b)", "order_time": ["2019-01-06 17:01:58"], "total_order": 1, "hotel_value": ["4.8"], "hotel_price": ["85"]}, "23623292": {"hotel_name": "\u53a6\u95e8\u4e09\u4e2a\u53a6\u5927\u4eba\u4e0e\u521d\u6c11\u5bbf", "order_time": ["2019-01-06 17:01:58"], "total_order": 1, "hotel_value": ["4.9"], "hotel_price": ["185"]}, "346273": {"hotel_name": "\u53a6\u95e8\u78d0\u57fa\u5e0c\u5c14\u987f\u9152\u5e97", "order_time": ["2019-01-06 17:01:58"], "total_order": 1, "hotel_value": ["4.6"], "hotel_price": ["767"]}, "431557": {"hotel_name": "\u901f8\u9152\u5e97(\u53a6\u95e8\u4e2d\u5c71\u8def\u8f6e\u6e21\u5e97)", "order_time": ["2019-01-06 17:01:58"], "total_order": 1, "hotel_value": ["4.4"], "hotel_price": ["130"]}, "10201435": {"hotel_name": "\u53a6\u95e8\u4f70\u7fd4\u4e94\u901a\u9152\u5e97", "order_time": ["2019-01-06 17:01:58", "2019-01-06 17:04:01"], "total_order": 2, "hotel_value": ["4.7", "4.7"], "hotel_price": ["609", "609"]}, "11019026": {"hotel_name": "\u53a6\u95e8\u4e9a\u820d\u5c1a\u82d1", "order_time": ["2019-01-06 17:01:58"], "total_order": 1, "hotel_value": ["4.9"], "hotel_price": ["141"]}, "346257": {"hotel_name": "\u53a6\u95e8\u6d77\u666f\u5343\u79a7\u5927\u9152\u5e97", "order_time": ["2019-01-06 17:01:58"], "total_order": 1, "hotel_value": ["4.5"], "hotel_price": ["590"]}, "6950453": {"hotel_name": "\u53a6\u95e8\u6f2b\u57ce\u82b1\u6d77\u5ba2\u6808", "order_time": ["2019-01-06 17:01:58"], "total_order": 1, "hotel_value": ["4.9"], "hotel_price": ["100"]}, "2301848": {"hotel_name": "7\u5929\u4f18\u54c1\u9152\u5e97(\u53a6\u95e8\u673a\u573a\u7fd4\u9e6d\u5e97)", "order_time": ["2019-01-06 17:29:56", "2019-01-06 17:01:58"], "total_order": 2, "hotel_value": ["4.6", "4.6"], "hotel_price": ["152", "152"]}, "1247067": {"hotel_name": "\u53a6\u95e8\u5341\u56db\u4efd\u5ba2\u6808", "order_time": ["2019-01-06 17:01:58"], "total_order": 1, "hotel_value": ["4.9"], "hotel_price": ["119"]}, "1098200": {"hotel_name": "\u5982\u5bb6\u9152\u5e97(\u53a6\u95e8SM\u5e7f\u573a\u4e4c\u77f3\u6d66\u5730\u94c1\u7ad9\u5e97)", "order_time": ["2019-01-06 17:01:59"], "total_order": 1, "hotel_value": ["4.0"], "hotel_price": ["139"]}, "1620068": {"hotel_name": "\u53a6\u95e8\u5317\u7ad9\u4e5d\u5ea6\u4e09\u5c71\u5e84", "order_time": ["2019-01-06 17:01:59"], "total_order": 1, "hotel_value": ["4.7"], "hotel_price": ["140"]}, "1591429": {"hotel_name": "\u53a6\u95e8\u6021\u5fc3\u5c4b\u5ba2\u6808(\u539f\u53a6\u5927\u68a7\u6850\u4e3b\u9898\u5ba2\u6808)", "order_time": ["2019-01-06 17:01:59"], "total_order": 1, "hotel_value": ["4.9"], "hotel_price": ["85"]}, "15880660": {"hotel_name": "\u5927\u849c\u9152\u5e97(\u53a6\u95e8\u706b\u8f66\u7ad9\u5e97)", "order_time": ["2019-01-06 17:01:59"], "total_order": 1, "hotel_value": ["4.3"], "hotel_price": ["94"]}, "4691070": {"hotel_name": "\u4e91\u7965\u516c\u5bd3(\u53a6\u95e8\u673a\u573a\u5e97)", "order_time": ["2019-01-06 17:02:00"], "total_order": 1, "hotel_value": ["4.1"], "hotel_price": ["67"]}, "392553": {"hotel_name": "\u6210\u65c5\u6676\u8d5e\u9152\u5e97(\u53a6\u95e8\u67ab\u60a6\u5e97)(\u539f\u67ab\u60a6\u5927\u9152\u5e97)", "order_time": ["2019-01-06 17:03:57"], "total_order": 1, "hotel_value": ["4.7"], "hotel_price": ["428"]}, "2297567": {"hotel_name": "\u65af\u94c2\u745e\u57ce\u5e02\u9152\u5e97(\u53a6\u95e8\u4e2d\u5c71\u516c\u56ed\u5730\u94c1\u7ad9\u5e97)(\u539f\u4e2d\u5c71\u8def\u6b65\u884c\u8857\u5e97)", "order_time": ["2019-01-06 17:03:57"], "total_order": 1, "hotel_value": ["4.7"], "hotel_price": ["98"]}, "429225": {"hotel_name": "\u53a6\u95e8\u9e6d\u6c5f\u5bbe\u9986", "order_time": ["2019-01-06 17:33:57", "2019-01-06 17:03:58", "2019-01-06 17:21:58", "2019-01-06 17:04:01"], "total_order": 4, "hotel_value": ["4.8", "4.8", "4.8", "4.8"], "hotel_price": ["525", "525", "525", "525"]}, "2624108": {"hotel_name": "\u53a6\u95e8\u5e0c\u5c14\u987f\u9038\u6797\u9152\u5e97", "order_time": ["2019-01-06 17:03:58"], "total_order": 1, "hotel_value": ["4.7"], "hotel_price": ["595"]}, "3742602": {"hotel_name": "\u53a6\u95e8\u5927\u5b66\u6d77\u5ce1\u5ea6\u56db\u5b63\u9152\u5e97\u516c\u5bd3", "order_time": ["2019-01-06 17:03:58"], "total_order": 1, "hotel_value": ["4.5"], "hotel_price": ["350"]}, "15718121": {"hotel_name": "\u53a6\u95e8\u66fe\u539d\u57b5\u4e00\u683c\u6816\u5bbf", "order_time": ["2019-01-06 17:03:58"], "total_order": 1, "hotel_value": ["4.9"], "hotel_price": ["198"]}, "27722076": {"hotel_name": "\u4e00\u683c\u4e34\u516e\u7f8e\u5bbf(\u53a6\u95e8\u5927\u5b66\u5e97)", "order_time": ["2019-01-06 17:03:58"], "total_order": 1, "hotel_value": ["4.9"], "hotel_price": ["971"]}, "369750": {"hotel_name": "\u53a6\u95e8\u6cdb\u592a\u5e73\u6d0b\u5927\u9152\u5e97", "order_time": ["2019-01-06 17:03:58"], "total_order": 1, "hotel_value": ["4.6"], "hotel_price": ["599"]}, "5373865": {"hotel_name": "\u5168\u5b63\u9152\u5e97(\u53a6\u95e8\u5927\u5b66\u5e97)", "order_time": ["2019-01-06 17:03:58", "2019-01-06 17:11:56"], "total_order": 2, "hotel_value": ["4.7", "4.7"], "hotel_price": ["305", "305"]}, "512888": {"hotel_name": "\u53a6\u95e8\u7fd4\u5b89\u9890\u8c6a\u9152\u5e97", "order_time": ["2019-01-06 17:03:58", "2019-01-06 17:15:56", "2019-01-06 17:11:55"], "total_order": 3, "hotel_value": ["4.7", "4.7", "4.7"], "hotel_price": ["297", "297", "297"]}, "8419373": {"hotel_name": "\u5ead\u82d1\u9152\u5e97(\u53a6\u95e8\u4e2d\u5c71\u8def\u8f6e\u6e21\u5e97)", "order_time": ["2019-01-06 17:03:58"], "total_order": 1, "hotel_value": ["4.7"], "hotel_price": ["148"]}, "2301227": {"hotel_name": "\u9526\u6c5f\u4e4b\u661f(\u53a6\u95e8\u674f\u6797\u5e97)", "order_time": ["2019-01-06 17:03:58"], "total_order": 1, "hotel_value": ["4.5"], "hotel_price": ["169"]}, "532309": {"hotel_name": "\u9f13\u6d6a\u5c7f\u4e91\u9014\u65c5\u9986", "order_time": ["2019-01-06 17:03:58"], "total_order": 1, "hotel_value": ["4.9"], "hotel_price": ["135"]}, "1318017": {"hotel_name": "\u53a6\u95e8\u56fd\u9645\u9752\u5e74\u65c5\u820d", "order_time": ["2019-01-06 17:03:59"], "total_order": 1, "hotel_value": ["4.6"], "hotel_price": ["71"]}, "1510329": {"hotel_name": "\u53a6\u95e8\u541b\u96c5\u5047\u65e5\u9152\u5e97", "order_time": ["2019-01-06 17:15:57", "2019-01-06 17:07:56", "2019-01-06 17:03:59"], "total_order": 3, "hotel_value": ["4.8", "4.8", "4.8"], "hotel_price": ["110", "110", "110"]}, "2289274": {"hotel_name": "\u53a6\u95e8\u5f52\u5c71\u9759\u5fc3\u6c11\u5bbf(\u539f\u738b\u5e9c\u82b1\u56ed\u522b\u5885)", "order_time": ["2019-01-06 17:03:59"], "total_order": 1, "hotel_value": ["4.8"], "hotel_price": ["163"]}, "14574158": {"hotel_name": "\u53a6\u95e8\u9f13\u6d6a\u5c7f\u4e91\u65f6\u5149\u5ba2\u6808", "order_time": ["2019-01-06 17:03:59"], "total_order": 1, "hotel_value": ["4.8"], "hotel_price": ["133"]}, "6112181": {"hotel_name": "\u53a6\u95e8\u6c38\u4e3d\u8fbe\u4e3d\u5448\u9152\u5e97", "order_time": ["2019-01-06 17:27:57", "2019-01-06 17:41:57", "2019-01-06 17:04:01"], "total_order": 3, "hotel_value": ["4.8", "4.8", "4.8"], "hotel_price": ["458", "458", "458"]}, "346248": {"hotel_name": "\u53a6\u95e8\u6cf0\u8c37\u9152\u5e97", "order_time": ["2019-01-06 17:39:56", "2019-01-06 17:04:01"], "total_order": 2, "hotel_value": ["4.7", "4.7"], "hotel_price": ["398", "398"]}, "431965": {"hotel_name": "\u53a6\u95e8\u7f8e\u4ed1\u7693\u6656\u9152\u5e97", "order_time": ["2019-01-06 17:27:57", "2019-01-06 17:35:56", "2019-01-06 17:13:56", "2019-01-06 17:04:01"], "total_order": 4, "hotel_value": ["4.7", "4.7", "4.7", "4.7"], "hotel_price": ["198", "198", "198", "198"]}, "397577": {"hotel_name": "\u53a6\u95e8\u5b9d\u9f99\u94c2\u5c14\u66fc\u5927\u9152\u5e97", "order_time": ["2019-01-06 17:05:56", "2019-01-06 17:25:56"], "total_order": 2, "hotel_value": ["4.7", "4.7"], "hotel_price": ["637", "637"]}, "1728837": {"hotel_name": "\u6768\u6843\u9662\u5b50\u65c5\u9986(\u9f13\u6d6a\u5c7f\u4e2d\u534e\u7ea2\u58a8\u5e97)", "order_time": ["2019-01-06 17:05:56"], "total_order": 1, "hotel_value": ["4.8"], "hotel_price": ["276"]}, "1195853": {"hotel_name": "\u53a6\u95e8\u610f\u4f73\u9152\u5e97", "order_time": ["2019-01-06 17:05:56", "2019-01-06 17:15:59"], "total_order": 2, "hotel_value": ["4.4", "4.4"], "hotel_price": ["99", "99"]}, "2040417": {"hotel_name": "7\u5929\u4f18\u54c1\u9152\u5e97(\u53a6\u95e8\u673a\u573a\u6bbf\u524d\u5730\u94c1\u7ad9\u5e97)", "order_time": ["2019-01-06 17:05:56"], "total_order": 1, "hotel_value": ["4.7"], "hotel_price": ["134"]}, "436632": {"hotel_name": "\u53a6\u95e8\u4e07\u4f73\u4e1c\u65b9\u9152\u5e97", "order_time": ["2019-01-06 17:05:56"], "total_order": 1, "hotel_value": ["4.4"], "hotel_price": ["175"]}, "1583165": {"hotel_name": "\u5982\u5bb6\u5feb\u6377\u9152\u5e97(\u53a6\u95e8\u8f6e\u6e21\u4e2d\u5c71\u8def\u6b65\u884c\u8857\u5e97)", "order_time": ["2019-01-06 17:05:56"], "total_order": 1, "hotel_value": ["4.2"], "hotel_price": ["130"]}, "13605468": {"hotel_name": "\u9f13\u6d6a\u5c7f\u5f7c\u5cb8\u62fe\u5149\u65c5\u9986", "order_time": ["2019-01-06 17:05:56"], "total_order": 1, "hotel_value": ["4.8"], "hotel_price": ["122"]}, "428893": {"hotel_name": "\u53a6\u95e8\u5bbe\u9986", "order_time": ["2019-01-06 17:05:57"], "total_order": 1, "hotel_value": ["4.8"], "hotel_price": ["394"]}, "1346900": {"hotel_name": "\u53a6\u95e88090\u9152\u5e97", "order_time": ["2019-01-06 17:05:58"], "total_order": 1, "hotel_value": ["4.3"], "hotel_price": ["203"]}, "1070340": {"hotel_name": "\u53a6\u95e8\u6162\u751f\u6d3b\u00b7\u897f\u96c5\u56fe\u6d77\u8fb9\u5ea6\u5047\u65c5\u9986", "order_time": ["2019-01-06 17:07:56"], "total_order": 1, "hotel_value": ["4.9"], "hotel_price": ["356"]}, "387242": {"hotel_name": "\u53a6\u95e8\u4e1c\u5357\u4e9a\u5927\u9152\u5e97", "order_time": ["2019-01-06 17:07:56"], "total_order": 1, "hotel_value": ["4.5"], "hotel_price": ["314"]}, "5806184": {"hotel_name": "\u9177\u6d3e\u9152\u5e97(\u53a6\u95e8\u706b\u8f66\u7ad9\u68a7\u6751\u6c7d\u8f66\u7ad9\u5e97)", "order_time": ["2019-01-06 17:07:56", "2019-01-06 17:21:57"], "total_order": 2, "hotel_value": ["4.3", "4.3"], "hotel_price": ["113", "113"]}, "428315": {"hotel_name": "\u5982\u5bb6\u5feb\u6377\u9152\u5e97(\u53a6\u95e8\u6587\u56ed\u8def\u6587\u7076\u5730\u94c1\u7ad9\u5e97)", "order_time": ["2019-01-06 17:07:56"], "total_order": 1, "hotel_value": ["4.4"], "hotel_price": ["106"]}, "1816339": {"hotel_name": "\u6c49\u5ead\u9152\u5e97(\u53a6\u95e8\u4e2d\u5c71\u8def\u6b65\u884c\u8857\u5e97)", "order_time": ["2019-01-06 17:07:56"], "total_order": 1, "hotel_value": ["4.5"], "hotel_price": ["172"]}, "473274": {"hotel_name": "\u53a6\u95e8\u65e5\u4e1c\u82b1\u56ed\u9152\u5e97(\u81ea\u9a7e\u8f66\u4e3b\u9898\u9152\u5e97)", "order_time": ["2019-01-06 17:07:56"], "total_order": 1, "hotel_value": ["4.5"], "hotel_price": ["280"]}, "2302833": {"hotel_name": "7\u5929\u8fde\u9501\u9152\u5e97(\u53a6\u95e8\u5317\u7ad9\u96c6\u7f8e\u5927\u5b66\u5e97)", "order_time": ["2019-01-06 17:07:57"], "total_order": 1, "hotel_value": ["4.5"], "hotel_price": ["126"]}, "15683944": {"hotel_name": "\u53a6\u95e8\u5927\u5b66\u5fd7\u51ef\u4e4b\u5bb6\u5ba2\u6808", "order_time": ["2019-01-06 17:07:57"], "total_order": 1, "hotel_value": ["4.9"], "hotel_price": ["103"]}, "1227390": {"hotel_name": "886\u7cbe\u54c1\u9152\u5e97(\u53a6\u95e8\u6d77\u6ca7\u533a\u653f\u5e9c\u5e97)", "order_time": ["2019-01-06 17:07:57"], "total_order": 1, "hotel_value": ["4.1"], "hotel_price": ["171"]}, "4606388": {"hotel_name": "\u53a6\u95e8\u6d77\u5c1a\u98ce\u60c5\u5ba2\u6808", "order_time": ["2019-01-06 17:07:57", "2019-01-06 17:09:59"], "total_order": 2, "hotel_value": ["4.9", "4.9"], "hotel_price": ["69", "69"]}, "1609610": {"hotel_name": "\u53a6\u95e8\u65e0\u8fdc\u5f17\u5c4a\u6c11\u5bbf", "order_time": ["2019-01-06 17:07:57"], "total_order": 1, "hotel_value": ["4.6"], "hotel_price": ["194"]}, "452602": {"hotel_name": "\u53a6\u95e8\u90b1\u5341\u4e8c\u5b85(\u539f\u4e54\u6cbb\u8001\u522b\u5885)", "order_time": ["2019-01-06 17:07:58"], "total_order": 1, "hotel_value": ["4.8"], "hotel_price": ["214"]}, "1318117": {"hotel_name": "\u53a6\u95e8\u5bb8\u6b23\u5982\u610f\u5ba2\u623f", "order_time": ["2019-01-06 17:07:58"], "total_order": 1, "hotel_value": ["4.6"], "hotel_price": ["101"]}, "6530325": {"hotel_name": "\u53a6\u95e8\u5c71\u6d77\u89c2\u8d30\u53f7\u9662", "order_time": ["2019-01-06 17:51:56", "2019-01-06 17:09:57"], "total_order": 2, "hotel_value": ["4.7", "4.7"], "hotel_price": ["688", "688"]}, "5028626": {"hotel_name": "\u53a6\u95e8\u9493\u00b7\u7eaf\u6d77\u8f7b\u5962\u9a7f\u9986", "order_time": ["2019-01-06 17:09:57"], "total_order": 1, "hotel_value": ["4.9"], "hotel_price": ["208"]}, "8569035": {"hotel_name": "\u53a6\u95e8\u9e6d\u987a\u5feb\u6377\u9152\u5e97\u706b\u8f66\u7ad9\u5e97", "order_time": ["2019-01-06 17:09:57"], "total_order": 1, "hotel_value": ["3.9"], "hotel_price": ["94"]}, "6483107": {"hotel_name": "\u53a6\u95e8\u6234\u66fc\u65af\u7cbe\u54c1\u9152\u5e97", "order_time": ["2019-01-06 17:09:57"], "total_order": 1, "hotel_value": ["4.6"], "hotel_price": ["170"]}, "392629": {"hotel_name": "\u53a6\u95e8\u5e90\u5c71\u5927\u9152\u5e97", "order_time": ["2019-01-06 17:09:57", "2019-01-06 17:21:57"], "total_order": 2, "hotel_value": ["4.2", "4.2"], "hotel_price": ["298", "298"]}, "428302": {"hotel_name": "\u53a6\u95e8\u706b\u8f66\u7ad9\u4e9a\u6735\u8f7b\u5c45\u9152\u5e97", "order_time": ["2019-01-06 17:09:57"], "total_order": 1, "hotel_value": ["4.9"], "hotel_price": ["385"]}, "3461706": {"hotel_name": "\u53a6\u95e8\u65b0\u9633\u5149\u516c\u5bd3", "order_time": ["2019-01-06 17:09:59"], "total_order": 1, "hotel_value": ["4.5"], "hotel_price": ["79"]}, "4041978": {"hotel_name": "\u901f8\u9152\u5e97\uff08\u53a6\u95e8\u673a\u573a\u6e56\u91cc\u5927\u9053\u5e97\uff09", "order_time": ["2019-01-06 17:25:56", "2019-01-06 17:11:56"], "total_order": 2, "hotel_value": ["4.3", "4.3"], "hotel_price": ["162", "162"]}, "479354": {"hotel_name": "\u5bb6\u548c\u6625\u5929\u7cbe\u54c1\u9152\u5e97(\u53a6\u95e8\u673a\u573a\u5e97)", "order_time": ["2019-01-06 17:11:56"], "total_order": 1, "hotel_value": ["4.5"], "hotel_price": ["196"]}, "13732555": {"hotel_name": "\u53a6\u95e8\u516b\u516b\u7cbe\u54c1\u9152\u5e97", "order_time": ["2019-01-06 17:39:57", "2019-01-06 17:11:56"], "total_order": 2, "hotel_value": ["4.5", "4.5"], "hotel_price": ["163", "163"]}, "27833083": {"hotel_name": "\u53a6\u95e8\u968f\u5fc3\u9601\u516c\u5bd3", "order_time": ["2019-01-06 17:11:56"], "total_order": 1, "hotel_value": ["4.8"], "hotel_price": ["143"]}, "1933572": {"hotel_name": "\u53a6\u95e8\u4e3d\u8c6a\u9152\u5e97", "order_time": ["2019-01-06 17:11:56"], "total_order": 1, "hotel_value": ["4.2"], "hotel_price": ["106"]}, "6118404": {"hotel_name": "\u98de\u5bbf\u8fde\u9501\u53a6\u95e8\u9f13\u6d6a\u5c7f\u767d\u9732\u5e84\u56ed", "order_time": ["2019-01-06 17:11:56"], "total_order": 1, "hotel_value": ["4.8"], "hotel_price": ["333"]}, "3802030": {"hotel_name": "\u53a6\u95e8\u53ef\u5c45\u9152\u5e97", "order_time": ["2019-01-06 17:15:56", "2019-01-06 17:11:56"], "total_order": 2, "hotel_value": ["4.6", "4.6"], "hotel_price": ["163", "163"]}, "5639861": {"hotel_name": "\u53a6\u95e8\u66fe\u539d\u57b5\u63fd\u6d77\u542c\u98ce\u56fd\u9645\u9752\u5e74\u65c5\u820d", "order_time": ["2019-01-06 17:11:56"], "total_order": 1, "hotel_value": ["4.7"], "hotel_price": ["38"]}, "1684319": {"hotel_name": "7\u5929\u8fde\u9501\u9152\u5e97(\u53a6\u95e8SM\u57ce\u5e02\u5e7f\u573a\u5e97)", "order_time": ["2019-01-06 17:11:56"], "total_order": 1, "hotel_value": ["4.0"], "hotel_price": ["124"]}, "346269": {"hotel_name": "\u53a6\u95e8\u6e90\u660c\u51ef\u5bbe\u65af\u57fa\u5927\u9152\u5e97", "order_time": ["2019-01-06 17:17:57", "2019-01-06 17:11:57"], "total_order": 2, "hotel_value": ["4.7", "4.7"], "hotel_price": ["892", "892"]}, "1451709": {"hotel_name": "\u53a6\u95e8\u5ead\u4e3d\u666f\u4fbf\u6377\u516c\u5bd3", "order_time": ["2019-01-06 17:19:57", "2019-01-06 17:11:57"], "total_order": 2, "hotel_value": ["4.7", "4.7"], "hotel_price": ["116", "116"]}, "15052788": {"hotel_name": "\u53a6\u95e8\u822c\u82e5\u706f\u5149\u5ba2\u6808", "order_time": ["2019-01-06 17:11:57"], "total_order": 1, "hotel_value": ["4.1"], "hotel_price": ["198"]}, "436725": {"hotel_name": "\u6768\u6843\u9662\u5b50\u65c5\u9986(\u9f13\u6d6a\u5c7f\u5b89\u6d77\u82b1\u56ed\u5e97)", "order_time": ["2019-01-06 17:11:57"], "total_order": 1, "hotel_value": ["4.7"], "hotel_price": ["297"]}, "1498669": {"hotel_name": "\u53a6\u95e8\u5317\u7ad9\u548c\u798f\u5ba2\u6808", "order_time": ["2019-01-06 17:11:58", "2019-01-06 17:21:58"], "total_order": 2, "hotel_value": ["4.9", "4.9"], "hotel_price": ["76", "76"]}, "997807": {"hotel_name": "\u53a6\u95e8\u5fc6\u6d32\u5bbe\u9986", "order_time": ["2019-01-06 17:11:58"], "total_order": 1, "hotel_value": ["4.2"], "hotel_price": ["119"]}, "708155": {"hotel_name": "\u53a6\u95e8\u6162\u751f\u6d3b\u00b7\u4e50\u5929\u5ba2\u6808", "order_time": ["2019-01-06 17:13:56"], "total_order": 1, "hotel_value": ["4.8"], "hotel_price": ["94"]}, "467630": {"hotel_name": "\u53a6\u95e8\u9f13\u6d6a\u5c7f\u4e00\u89c1\u82b1\u56ed\u8001\u522b\u5885", "order_time": ["2019-01-06 17:13:56"], "total_order": 1, "hotel_value": ["4.7"], "hotel_price": ["238"]}, "6037199": {"hotel_name": "\u8046\u611f\u9152\u5e97(\u9f13\u6d6a\u5c7f\u5fb7\u56fd\u9886\u4e8b\u9986\u5e97)", "order_time": ["2019-01-06 17:13:56"], "total_order": 1, "hotel_value": ["4.9"], "hotel_price": ["689"]}, "438496": {"hotel_name": "\u53a6\u95e8\u6e29\u6cc9\u6234\u65af\u9152\u5e97", "order_time": ["2019-01-06 17:13:56"], "total_order": 1, "hotel_value": ["4.4"], "hotel_price": ["249"]}, "2233112": {"hotel_name": "\u53a6\u95e8\u4e1c\u8fb0\u5927\u9152\u5e97", "order_time": ["2019-01-06 17:55:56", "2019-01-06 17:13:56"], "total_order": 2, "hotel_value": ["4.2", "4.2"], "hotel_price": ["195", "195"]}, "19735131": {"hotel_name": "\u53a6\u95e8\u6cab\u5bd3\u9152\u5e97\u5f0f\u516c\u5bd3", "order_time": ["2019-01-06 17:13:56"], "total_order": 1, "hotel_value": ["4.8"], "hotel_price": ["121"]}, "929673": {"hotel_name": "\u5168\u5b63\u9152\u5e97(\u53a6\u95e8\u660e\u53d1\u5e7f\u573a\u5e97)", "order_time": ["2019-01-06 17:13:56"], "total_order": 1, "hotel_value": ["4.6"], "hotel_price": ["322"]}, "825894": {"hotel_name": "\u53a6\u95e8\u66fe\u539d\u57b5\u5df4\u6e1d\u5c9bAngel\u6c11\u5bbf", "order_time": ["2019-01-06 17:13:56"], "total_order": 1, "hotel_value": ["4.9"], "hotel_price": ["120"]}, "698202": {"hotel_name": "\u548c\u9890\u9152\u5e97(\u53a6\u95e8\u4e2d\u5c71\u8def\u6d77\u666f\u5e97)", "order_time": ["2019-01-06 17:13:56"], "total_order": 1, "hotel_value": ["4.7"], "hotel_price": ["293"]}, "2290174": {"hotel_name": "\u53a6\u95e8\u6676\u90a6\u5927\u9152\u5e97", "order_time": ["2019-01-06 17:13:56"], "total_order": 1, "hotel_value": ["3.9"], "hotel_price": ["203"]}, "12092426": {"hotel_name": "\u53a6\u95e8\u91d1\u5c0f\u59d0\u522b\u9662(\u539f\u9999\u683c\u91cc\u5885\u5ea6\u5047\u5e84\u56ed)", "order_time": ["2019-01-06 17:13:57"], "total_order": 1, "hotel_value": ["4.9"], "hotel_price": ["101"]}, "5482771": {"hotel_name": "\u89c1\u6c50\u00b7\u4e00\u5e2d\u8bbe\u8ba1\u5e08\u7f8e\u5bbf", "order_time": ["2019-01-06 17:13:57"], "total_order": 1, "hotel_value": ["5.0"], "hotel_price": ["144"]}, "1876398": {"hotel_name": "\u53a6\u95e8\u9e6d\u5c9b\u00b7\u4e91\u6816\u6c11\u5bbf", "order_time": ["2019-01-06 17:13:57"], "total_order": 1, "hotel_value": ["5.0"], "hotel_price": ["165"]}, "11016275": {"hotel_name": "\u53a6\u95e8\u66fe\u539d\u57b5\u84dd\u6d77\u522b\u82d1\u5ba2\u6808", "order_time": ["2019-01-06 17:13:57"], "total_order": 1, "hotel_value": ["4.9"], "hotel_price": ["136"]}, "2125318": {"hotel_name": "\u5de2\u53cb\u9152\u5e97(\u53a6\u95e8\u706b\u8f66\u7ad9\u5e97)", "order_time": ["2019-01-06 17:13:57"], "total_order": 1, "hotel_value": ["4.7"], "hotel_price": ["114"]}, "5372616": {"hotel_name": "\u53a6\u95e8\u817e\u534e\u7cbe\u54c1\u9152\u5e97", "order_time": ["2019-01-06 17:13:57"], "total_order": 1, "hotel_value": ["4.4"], "hotel_price": ["209"]}, "6023163": {"hotel_name": "\u53a6\u95e8\u5c1a\u5fb7\u8363\u9152\u5e97", "order_time": ["2019-01-06 17:13:57", "2019-01-06 17:17:56"], "total_order": 2, "hotel_value": ["4.5", "4.5"], "hotel_price": ["157", "157"]}, "6652320": {"hotel_name": "\u53a6\u95e8\u5170\u82b3\u91cc\u7cbe\u54c1\u6c11\u5bbf", "order_time": ["2019-01-06 17:13:57"], "total_order": 1, "hotel_value": ["4.9"], "hotel_price": ["232"]}, "346262": {"hotel_name": "\u53a6\u95e8\u5a01\u65af\u6c40\u9152\u5e97", "order_time": ["2019-01-06 17:13:57"], "total_order": 1, "hotel_value": ["4.5"], "hotel_price": ["828"]}, "7934581": {"hotel_name": "\u53a6\u95e8\u6d77\u6ca7\u6e7e\u4e9a\u6735\u9152\u5e97", "order_time": ["2019-01-06 17:13:57", "2019-01-06 17:31:57"], "total_order": 2, "hotel_value": ["4.8", "4.8"], "hotel_price": ["339", "339"]}, "22421704": {"hotel_name": "\u5168\u5b63\u9152\u5e97(\u53a6\u95e8\u4e2d\u5c71\u8def\u6b65\u884c\u8857\u601d\u660e\u5357\u8def\u5e97)", "order_time": ["2019-01-06 17:13:57"], "total_order": 1, "hotel_value": ["4.8"], "hotel_price": ["362"]}, "12229646": {"hotel_name": "\u6613\u4f70\u8fde\u9501\u65c5\u5e97(\u53a6\u95e8\u706b\u8f66\u7ad9\u6e56\u6ee8\u4e1c\u8def\u5e97)", "order_time": ["2019-01-06 17:13:58"], "total_order": 1, "hotel_value": ["4.1"], "hotel_price": ["83"]}, "1420252": {"hotel_name": "\u53a6\u95e8\u4e00\u89c1\u6c11\u5bbf", "order_time": ["2019-01-06 17:13:58"], "total_order": 1, "hotel_value": ["5.0"], "hotel_price": ["322"]}, "1417330": {"hotel_name": "\u53a6\u95e8\u4e2d\u5c71\u5bbe\u9986", "order_time": ["2019-01-06 17:13:58"], "total_order": 1, "hotel_value": ["4.4"], "hotel_price": ["143"]}, "5297546": {"hotel_name": "\u53a6\u95e8\u590f\u6cab\u5ea6\u5047\u9152\u5e97", "order_time": ["2019-01-06 17:15:55"], "total_order": 1, "hotel_value": ["4.8"], "hotel_price": ["173"]}, "419873": {"hotel_name": "\u53a6\u95e8\u5929\u9e45\u5927\u9152\u5e97", "order_time": ["2019-01-06 17:15:55"], "total_order": 1, "hotel_value": ["4.6"], "hotel_price": ["361"]}, "438908": {"hotel_name": "\u5982\u5bb6\u5feb\u6377\u9152\u5e97(\u601d\u660e\u5357\u8def\u53a6\u95e8\u5927\u5b66\u5e97)(\u539f\u6210\u529f\u5927\u9053\u53a6\u5927\u6d77\u666f\u5e97)", "order_time": ["2019-01-06 17:41:56", "2019-01-06 17:15:56"], "total_order": 2, "hotel_value": ["4.3", "4.3"], "hotel_price": ["114", "114"]}, "5840745": {"hotel_name": "\u53a6\u95e8\u5317\u7ad9\u9752\u9038\u9152\u5e97", "order_time": ["2019-01-06 17:15:56"], "total_order": 1, "hotel_value": ["4.3"], "hotel_price": ["210"]}, "3450733": {"hotel_name": "\u53a6\u95e8\u4e94\u7f18\u6e7e\u65f6\u5149\u516c\u5bd3", "order_time": ["2019-01-06 17:15:56"], "total_order": 1, "hotel_value": ["4.8"], "hotel_price": ["183"]}, "1314936": {"hotel_name": "\u83ab\u6cf0268(\u53a6\u95e8\u706b\u8f66\u7ad9\u5e97)", "order_time": ["2019-01-06 17:15:56"], "total_order": 1, "hotel_value": ["4.3"], "hotel_price": ["147"]}, "6477755": {"hotel_name": "\u53a6\u95e8\u9f13\u6d6a\u5c7f\u8336\u8bed\u65f6\u5149\u94a2\u7434\u65c5\u9986", "order_time": ["2019-01-06 17:15:56"], "total_order": 1, "hotel_value": ["4.7"], "hotel_price": ["72"]}, "1535354": {"hotel_name": "\u6d77\u53cb\u9152\u5e97(\u53a6\u95e8\u96c6\u7f8e\u5b66\u6751\u5e97)", "order_time": ["2019-01-06 17:15:56"], "total_order": 1, "hotel_value": ["4.3"], "hotel_price": ["120"]}, "457043": {"hotel_name": "\u9752\u5e74\u9633\u5149\u9152\u5e97(\u53a6\u95e8\u4e2d\u5c71\u8def\u5e97)(\u539f\u540e\u6ee8\u4e2a\u6027\u5e97)", "order_time": ["2019-01-06 17:31:58", "2019-01-06 17:15:57"], "total_order": 2, "hotel_value": ["4.7", "4.7"], "hotel_price": ["137", "137"]}, "2241046": {"hotel_name": "\u4e2d\u5357\u6e7e\u9152\u5e97(\u53a6\u95e8\u4e2d\u5c71\u8def\u5e97)", "order_time": ["2019-01-06 17:16:00"], "total_order": 1, "hotel_value": ["4.0"], "hotel_price": ["123"]}, "3178165": {"hotel_name": "\u53a6\u95e8\u68a6\u5e7b\u6d77\u6e7e\u9152\u5e97", "order_time": ["2019-01-06 17:17:56"], "total_order": 1, "hotel_value": ["4.5"], "hotel_price": ["228"]}, "6150133": {"hotel_name": "\u53a6\u95e8\u6c38\u6cf0\u5bb6\u5feb\u6377\u9152\u5e97", "order_time": ["2019-01-06 17:17:56"], "total_order": 1, "hotel_value": ["4.0"], "hotel_price": ["119"]}, "12522024": {"hotel_name": "\u53a6\u95e8\u5927\u5b66\u5fc3\u65c5\u6d77\u666f\u9152\u5e97\u5f0f\u516c\u5bd3(\u539f\u4e16\u8302\u53cc\u5b50\u5854\u53a6\u5927\u6d77\u666f\u9152\u5e97)", "order_time": ["2019-01-06 17:17:56"], "total_order": 1, "hotel_value": ["4.6"], "hotel_price": ["317"]}, "21790917": {"hotel_name": "\u826f\u5885\u00b7\u4e91\u5ead\u65f6\u5149(\u53a6\u95e8\u66fe\u539d\u57b5\u5e97)", "order_time": ["2019-01-06 17:17:57", "2019-01-06 17:37:56"], "total_order": 2, "hotel_value": ["4.9", "4.9"], "hotel_price": ["123", "123"]}, "926626": {"hotel_name": "\u53a6\u95e8\u6885\u56ed\u9152\u5e97", "order_time": ["2019-01-06 17:17:57"], "total_order": 1, "hotel_value": ["4.5"], "hotel_price": ["199"]}, "21430224": {"hotel_name": "\u53a6\u95e8\u5e02\u65c5\u7f8e\u9152\u5e97(\u53a6\u5927\u5357\u666e\u9640\u5e97)", "order_time": ["2019-01-06 17:33:57", "2019-01-06 17:17:57"], "total_order": 2, "hotel_value": ["4.2", "4.2"], "hotel_price": ["98", "98"]}, "14123638": {"hotel_name": "\u53a6\u95e8\u540c\u5b89\u540d\u53cb\u5927\u9152\u5e97", "order_time": ["2019-01-06 17:17:58"], "total_order": 1, "hotel_value": ["4.1"], "hotel_price": ["153"]}, "436737": {"hotel_name": "\u53a6\u95e8\u9f13\u6d6a\u5c7f\u60a6\u7cbe\u54c1\u9152\u5e97", "order_time": ["2019-01-06 17:17:58"], "total_order": 1, "hotel_value": ["4.5"], "hotel_price": ["126"]}, "12131828": {"hotel_name": "\u53a6\u95e8\u5c71\u8c46\u51e0\u9752\u5e74\u9a7f\u7ad9", "order_time": ["2019-01-06 17:17:59", "2019-01-06 17:25:58"], "total_order": 2, "hotel_value": ["4.7", "4.7"], "hotel_price": ["42", "42"]}, "1766513": {"hotel_name": "\u53a6\u95e8\u8363\u51ef\u4f18\u4f73\u6c11\u5bbf", "order_time": ["2019-01-06 17:19:56"], "total_order": 1, "hotel_value": ["4.9"], "hotel_price": ["183"]}, "5980230": {"hotel_name": "\u53a6\u95e8\u9f13\u6d6a\u5c7f\u542c\u96e8\u8f69\u7cbe\u54c1\u5ba2\u6808\u5927\u5b66\u751f\u521b\u4e1a\u57fa\u5730\u5e97", "order_time": ["2019-01-06 17:19:56"], "total_order": 1, "hotel_value": ["4.8"], "hotel_price": ["92"]}, "24034391": {"hotel_name": "\u53a6\u95e8\u6c34\u6728\u6d77\u666f\u9152\u5e97", "order_time": ["2019-01-06 17:19:56", "2019-01-06 17:39:56"], "total_order": 2, "hotel_value": ["4.7", "4.7"], "hotel_price": ["227", "227"]}, "2214161": {"hotel_name": "\u6d6a\u6f2b\u90fd\u5e02\u8fde\u9501\u9152\u5e97(\u53a6\u95e8SM\u4eca\u53f6\u5e97)", "order_time": ["2019-01-06 17:19:56"], "total_order": 1, "hotel_value": ["4.6"], "hotel_price": ["102"]}, "929605": {"hotel_name": "\u53a6\u95e8\u9752\u5e74\u9633\u5149\u9152\u5e97(\u4e1c\u6e21\u53a6\u9f13\u90ae\u8f6e\u7801\u5934\u5e97)", "order_time": ["2019-01-06 17:19:57"], "total_order": 1, "hotel_value": ["4.2"], "hotel_price": ["129"]}, "2338764": {"hotel_name": "\u53a6\u95e8\u7eb3\u5ba2\u56fd\u9645\u9752\u5e74\u65c5\u820d", "order_time": ["2019-01-06 17:19:57"], "total_order": 1, "hotel_value": ["4.6"], "hotel_price": ["30"]}, "436711": {"hotel_name": "\u53a6\u95e8\u9f13\u6d6a\u5c7f\u6caa\u5c7f\u65c5\u9986", "order_time": ["2019-01-06 17:19:57"], "total_order": 1, "hotel_value": ["5.0"], "hotel_price": ["158"]}, "1386469": {"hotel_name": "\u5982\u5bb6\u5feb\u6377\u9152\u5e97(\u53a6\u95e8\u96c6\u7f8e\u5927\u5b66\u5e97)", "order_time": ["2019-01-06 17:19:58"], "total_order": 1, "hotel_value": ["4.4"], "hotel_price": ["114"]}, "26557640": {"hotel_name": "\u53a6\u95e8\u66fc\u4e3d\u5609\u5ea6\u5047\u522b\u5885", "order_time": ["2019-01-06 17:21:57"], "total_order": 1, "hotel_value": ["5.0"], "hotel_price": ["158"]}, "6129425": {"hotel_name": "\u6021\u6d77\u9601\u9152\u5e97(\u53a6\u95e8SM\u57ce\u5e02\u4e4c\u77f3\u6d66\u5730\u94c1\u7ad9\u5e97\uff09", "order_time": ["2019-01-06 17:21:57"], "total_order": 1, "hotel_value": ["4.6"], "hotel_price": ["148"]}, "5830921": {"hotel_name": "\u53a6\u95e8\u5f7c\u5f97\u6f58\u5ba2\u6808\uff08\u539f\u4e2d\u5c71\u964c\u5ba2\u65c5\u9986\uff09", "order_time": ["2019-01-06 17:21:58"], "total_order": 1, "hotel_value": ["4.8"], "hotel_price": ["140"]}, "6475520": {"hotel_name": "\u53a6\u95e8\u5b9a\u683c\u5ea6\u5047\u522b\u5885", "order_time": ["2019-01-06 17:21:58"], "total_order": 1, "hotel_value": ["4.8"], "hotel_price": ["168"]}, "739556": {"hotel_name": "\u53a6\u95e8\u604b\u604b\u6d77\u6e7e\u5ea6\u5047\u9152\u5e97", "order_time": ["2019-01-06 17:29:56", "2019-01-06 17:25:56", "2019-01-06 17:23:57"], "total_order": 3, "hotel_value": ["4.4", "4.4", "4.4"], "hotel_price": ["191", "191", "191"]}, "428297": {"hotel_name": "\u5982\u5bb6\u9152\u5e97(\u53a6\u95e8\u96c6\u7f8e\u674f\u6797\u897f\u8def\u5e97)", "order_time": ["2019-01-06 17:23:57"], "total_order": 1, "hotel_value": ["4.8"], "hotel_price": ["172"]}, "346260": {"hotel_name": "\u53a6\u95e8\u745e\u9890\u5927\u9152\u5e97", "order_time": ["2019-01-06 17:23:58"], "total_order": 1, "hotel_value": ["4.7"], "hotel_price": ["799"]}, "3181385": {"hotel_name": "7\u5929\u4f18\u54c1\u9152\u5e97(\u53a6\u95e8\u5c06\u519b\u7960\u5730\u94c1\u7ad9\u5e97)", "order_time": ["2019-01-06 17:23:58"], "total_order": 1, "hotel_value": ["4.5"], "hotel_price": ["124"]}, "1317936": {"hotel_name": "\u6d77\u53cb\u826f\u54c1\u9152\u5e97(\u53a6\u95e8\u660e\u53d1\u5e7f\u573a\u5e97)", "order_time": ["2019-01-06 17:39:56", "2019-01-06 17:23:58"], "total_order": 2, "hotel_value": ["4.3", "4.3"], "hotel_price": ["144", "144"]}, "2298885": {"hotel_name": "\u53a6\u95e8\u9f13\u6d6a\u5c7f\u6d77\u534e\u5ea6\u5047\u5c4b", "order_time": ["2019-01-06 17:25:58", "2019-01-06 17:23:59"], "total_order": 2, "hotel_value": ["5.0", "5.0"], "hotel_price": ["294", "294"]}, "1768712": {"hotel_name": "\u53a6\u95e8\u9014\u5e84\u7cbe\u54c1\u9152\u5e97", "order_time": ["2019-01-06 17:25:56"], "total_order": 1, "hotel_value": ["4.6"], "hotel_price": ["148"]}, "1787526": {"hotel_name": "\u53a6\u95e8\u9690\u897f\u6c11\u5bbf", "order_time": ["2019-01-06 17:25:56"], "total_order": 1, "hotel_value": ["4.9"], "hotel_price": ["183"]}, "2492767": {"hotel_name": "\u53a6\u95e8\u9999\u514b\u65af\u9152\u5e97", "order_time": ["2019-01-06 17:25:56"], "total_order": 1, "hotel_value": ["4.7"], "hotel_price": ["158"]}, "6894170": {"hotel_name": "Q\u52a0\u00b7\u53a6\u95e8\u6f2b\u6e21\u96c5\u81f4\u5ba2\u6808", "order_time": ["2019-01-06 17:25:56"], "total_order": 1, "hotel_value": ["4.8"], "hotel_price": ["54"]}, "1775387": {"hotel_name": "\u53a6\u95e8\u5e38\u9752\u9152\u5e97", "order_time": ["2019-01-06 17:25:57"], "total_order": 1, "hotel_value": ["4.7"], "hotel_price": ["104"]}, "6014373": {"hotel_name": "\u53a6\u95e8\u98de\u5bbf\u8fde\u9501\u7231\u5a1c\u897f\u57ce\u5821\u5e84\u56ed", "order_time": ["2019-01-06 17:25:57"], "total_order": 1, "hotel_value": ["4.8"], "hotel_price": ["125"]}, "435605": {"hotel_name": "\u53a6\u95e8\u76db\u4e4b\u4e61\u6e29\u6cc9\u6e21\u5047\u6751", "order_time": ["2019-01-06 17:25:58"], "total_order": 1, "hotel_value": ["4.6"], "hotel_price": ["536"]}, "2277879": {"hotel_name": "\u53a6\u95e8\u53a6\u5927\u73ca\u745a\u6d77\u7cbe\u54c1\u5ba2\u6808", "order_time": ["2019-01-06 17:25:58"], "total_order": 1, "hotel_value": ["4.8"], "hotel_price": ["41"]}, "1583164": {"hotel_name": "\u5982\u5bb6\u5feb\u6377\u9152\u5e97(\u53a6\u95e8\u53a6\u5927\u5357\u666e\u9640\u5bfa\u5e97)", "order_time": ["2019-01-06 17:27:57", "2019-01-06 17:49:57"], "total_order": 2, "hotel_value": ["4.3", "4.3"], "hotel_price": ["164", "164"]}, "2082804": {"hotel_name": "\u53a6\u95e8\u6da6\u7965\u9686\u7cbe\u54c1\u9152\u5e97", "order_time": ["2019-01-06 17:27:57"], "total_order": 1, "hotel_value": ["4.3"], "hotel_price": ["158"]}, "12059408": {"hotel_name": "\u53a6\u95e8\u8bfa\u4e00\u9152\u5e97(\u6587\u5316\u827a\u672f\u4e2d\u5fc3\u5e97)", "order_time": ["2019-01-06 17:27:58"], "total_order": 1, "hotel_value": ["3.7"], "hotel_price": ["87"]}, "5979845": {"hotel_name": "\u9633\u5149\u6d77\u97f5\u7cbe\u54c1\u5ba2\u6808(\u53a6\u95e8\u66fe\u539d\u57b5\u5e97)", "order_time": ["2019-01-06 17:27:59"], "total_order": 1, "hotel_value": ["4.8"], "hotel_price": ["88"]}, "467685": {"hotel_name": "\u53a6\u95e8\u767d\u9e6d\u6d32\u5927\u9152\u5e97", "order_time": ["2019-01-06 17:29:55"], "total_order": 1, "hotel_value": ["4.2"], "hotel_price": ["356"]}, "4041819": {"hotel_name": "\u5bb6\u5bb6\u4e50\u9152\u5e97\uff08\u53a6\u95e8\u4e2d\u5c71\u8def\u6b65\u884c\u8857\u5e97\uff09", "order_time": ["2019-01-06 17:29:56", "2019-01-06 17:33:56"], "total_order": 2, "hotel_value": ["4.4", "4.4"], "hotel_price": ["173", "173"]}, "2802506": {"hotel_name": "\u82b1\u754c\u9152\u5e97(\u53a6\u95e8\u4e2d\u5c71\u8def\u5e97)(\u539f\u8f6e\u6e21\u5e97\uff09)", "order_time": ["2019-01-06 17:29:56"], "total_order": 1, "hotel_value": ["4.6"], "hotel_price": ["269"]}, "15878927": {"hotel_name": "\u53a6\u95e8\u5929\u5408\u4eba\u5bb6\u516c\u5bd3", "order_time": ["2019-01-06 17:29:56"], "total_order": 1, "hotel_value": ["4.8"], "hotel_price": ["110"]}, "12084605": {"hotel_name": "\u53a6\u95e8\u96c5\u5b50\u8f69\u7cbe\u54c1\u8fde\u9501\u9152\u5e97", "order_time": ["2019-01-06 17:29:56"], "total_order": 1, "hotel_value": ["4.9"], "hotel_price": ["124"]}, "3777473": {"hotel_name": "\u53a6\u95e8\u9e7f\u91cc\u6c11\u5bbf", "order_time": ["2019-01-06 17:29:56"], "total_order": 1, "hotel_value": ["4.9"], "hotel_price": ["106"]}, "392554": {"hotel_name": "\u53a6\u95e8\u91d1\u745e\u4f73\u6cf0\u9152\u5e97(\u539f\u91d1\u5df4\u5170\u9152\u5e97)", "order_time": ["2019-01-06 17:29:56"], "total_order": 1, "hotel_value": ["4.5"], "hotel_price": ["299"]}, "800113": {"hotel_name": "\u53a6\u95e8\u4f51\u5b89\u65c5\u9986", "order_time": ["2019-01-06 17:29:57", "2019-01-06 17:47:57", "2019-01-06 17:33:56"], "total_order": 3, "hotel_value": ["4.6", "4.6", "4.6"], "hotel_price": ["73", "73", "73"]}, "6420073": {"hotel_name": "\u5929\u4e00\u5ba2\u6808(\u53a6\u95e8\u4e2d\u5c71\u8def\u6b65\u884c\u8857\u5e97)", "order_time": ["2019-01-06 17:31:57"], "total_order": 1, "hotel_value": ["4.7"], "hotel_price": ["262"]}, "480520": {"hotel_name": "\u590f\u5546\u00b7\u6021\u5ead\u5feb\u6377\u9152\u5e97(\u83b2\u524d\u897f\u8def\u5e97)", "order_time": ["2019-01-06 17:31:57"], "total_order": 1, "hotel_value": ["3.9"], "hotel_price": ["98"]}, "4307939": {"hotel_name": "\u6d3e\u9152\u5e97(\u53a6\u95e8\u706b\u8f66\u7ad9\u5e97)", "order_time": ["2019-01-06 17:31:58"], "total_order": 1, "hotel_value": ["4.3"], "hotel_price": ["109"]}, "1856716": {"hotel_name": "\u53a6\u95e8\u9e6d\u5c9b49\u53f7\u522b\u5885", "order_time": ["2019-01-06 17:33:56"], "total_order": 1, "hotel_value": ["4.8"], "hotel_price": ["246"]}, "428654": {"hotel_name": "\u53a6\u95e8\u541b\u6cf0\u9152\u5e97", "order_time": ["2019-01-06 17:33:56"], "total_order": 1, "hotel_value": ["4.5"], "hotel_price": ["499"]}, "14996652": {"hotel_name": "\u53a6\u95e8\u9c7c\u5c45\u6d77\u666f\u6c11\u5bbf", "order_time": ["2019-01-06 17:33:56"], "total_order": 1, "hotel_value": ["4.8"], "hotel_price": ["144"]}, "6262851": {"hotel_name": "\u53a6\u95e8\u98de\u5bbf\u8fde\u9501\u5b89\u59ae\u00b7\u6735\u62c9\u5e84\u56ed", "order_time": ["2019-01-06 17:33:56"], "total_order": 1, "hotel_value": ["4.7"], "hotel_price": ["130"]}, "1510164": {"hotel_name": "\u53a6\u95e8\u66fe\u83f2\u513f\u82b1\u56ed\u9152\u5e97(\u539f\u7ea2\u7d20\u5ea6\u5047\u522b\u5885)", "order_time": ["2019-01-06 17:33:57"], "total_order": 1, "hotel_value": ["4.9"], "hotel_price": ["143"]}, "1430042": {"hotel_name": "\u53a6\u95e8\u4e8c\u8f7b\u996d\u5e97", "order_time": ["2019-01-06 17:33:57"], "total_order": 1, "hotel_value": ["4.1"], "hotel_price": ["101"]}, "2042480": {"hotel_name": "7\u5929\u8fde\u9501\u9152\u5e97(\u53a6\u95e8\u9f13\u6d6a\u5c7f\u7801\u5934\u5e97)", "order_time": ["2019-01-06 17:35:56"], "total_order": 1, "hotel_value": ["4.0"], "hotel_price": ["138"]}, "436728": {"hotel_name": "\u53a6\u95e8\u9f13\u6d6a\u5c7f\u82b1\u4e4b\u58f0\u65c5\u9986", "order_time": ["2019-01-06 17:35:56"], "total_order": 1, "hotel_value": ["4.5"], "hotel_price": ["163"]}, "2310246": {"hotel_name": "\u53a6\u95e8\u4e1c\u57ce\u6e7e\u5feb\u6377\u9152\u5e97", "order_time": ["2019-01-06 17:35:56"], "total_order": 1, "hotel_value": ["3.8"], "hotel_price": ["94"]}, "1410376": {"hotel_name": "\u82b1\u5ead\u65c5\u9986(\u9f13\u6d6a\u5c7f\u5b89\u6d77\u82b1\u56ed\u5e97)", "order_time": ["2019-01-06 17:35:57"], "total_order": 1, "hotel_value": ["4.6"], "hotel_price": ["189"]}, "2300486": {"hotel_name": "7\u5929\u8fde\u9501\u9152\u5e97(\u53a6\u95e8\u53a6\u9f13\u6e38\u8f6e\u7801\u5934\u5e97)", "order_time": ["2019-01-06 17:35:57"], "total_order": 1, "hotel_value": ["4.2"], "hotel_price": ["101"]}, "4410258": {"hotel_name": "\u9f13\u6d6a\u5c7f\u4e91\u5c0f\u7b51\u65c5\u9986", "order_time": ["2019-01-06 17:35:57"], "total_order": 1, "hotel_value": ["4.9"], "hotel_price": ["99"]}, "1484713": {"hotel_name": "\u53a6\u95e8\u9f13\u6d6a\u5c7f\u9ed1\u6a80\u9152\u5e97", "order_time": ["2019-01-06 17:35:58"], "total_order": 1, "hotel_value": ["4.8"], "hotel_price": ["287"]}, "4122689": {"hotel_name": "\u53a6\u95e8\u8fb9\u9645\u9152\u5e97", "order_time": ["2019-01-06 17:37:56"], "total_order": 1, "hotel_value": ["4.6"], "hotel_price": ["277"]}, "436735": {"hotel_name": "\u753b\u5eca\u65c5\u9986(\u9f13\u6d6a\u5c7f\u83ab\u5948\u82b1\u56ed\u5e97)(\u539f\u6bd3\u56ed\u9986)", "order_time": ["2019-01-06 17:37:56"], "total_order": 1, "hotel_value": ["4.9"], "hotel_price": ["428"]}, "1389209": {"hotel_name": "\u9526\u6c5f\u4e4b\u661f\u54c1\u5c1a(\u53a6\u95e8\u96c6\u7f8e\u5927\u5b66\u56fd\u8d38\u5e97)", "order_time": ["2019-01-06 17:37:56"], "total_order": 1, "hotel_value": ["4.6"], "hotel_price": ["199"]}, "6474024": {"hotel_name": "\u53a6\u95e8\u78a7\u83e1\u96c5\u820d", "order_time": ["2019-01-06 17:37:57"], "total_order": 1, "hotel_value": ["4.9"], "hotel_price": ["123"]}, "1642582": {"hotel_name": "\u53a6\u95e8\u9017\u9635\u9752\u5e74\u65c5\u820d", "order_time": ["2019-01-06 17:37:58"], "total_order": 1, "hotel_value": ["4.6"], "hotel_price": ["34"]}, "435030": {"hotel_name": "\u53a6\u95e8\u9f13\u6d6a\u5c7f\u6797\u6c0f\u5e9c\u516c\u9986\u9152\u5e97", "order_time": ["2019-01-06 17:39:56"], "total_order": 1, "hotel_value": ["4.8"], "hotel_price": ["988"]}, "2299990": {"hotel_name": "\u53a6\u95e8\u60a6\u60a6\u946b\u9152\u5e97", "order_time": ["2019-01-06 17:47:57", "2019-01-06 17:39:57"], "total_order": 2, "hotel_value": ["4.7", "4.7"], "hotel_price": ["104", "104"]}, "447308": {"hotel_name": "\u9014\u7a9d\u5047\u65e5\u9152\u5e97(\u53a6\u95e8\u9f13\u6d6a\u5c7f\u5e97)(\u539f\u9f13\u6d6a\u5c7f\u7f8e\u65e5\u9633\u5149\u65c5\u9986)", "order_time": ["2019-01-06 17:39:57"], "total_order": 1, "hotel_value": ["4.7"], "hotel_price": ["159"]}, "2382169": {"hotel_name": "\u53a6\u95e8\u7687\u90fd\u5546\u52a1\u9152\u5e97", "order_time": ["2019-01-06 17:39:58"], "total_order": 1, "hotel_value": ["3.8"], "hotel_price": ["124"]}, "1730041": {"hotel_name": "\u9f13\u6d6a\u5c7f\u6e29\u838e\u516c\u9986", "order_time": ["2019-01-06 17:40:01"], "total_order": 1, "hotel_value": [0], "hotel_price": ["197"]}, "668482": {"hotel_name": "\u53a6\u95e8\u5a01\u65af\u5854\u6d77\u666f\u9152\u5e97", "order_time": ["2019-01-06 17:41:56"], "total_order": 1, "hotel_value": ["3.8"], "hotel_price": ["134"]}, "8568943": {"hotel_name": "\u53a6\u95e8\u6c90\u9752\u67ab\u5916\u6d77\u96c5\u5885\u522b\u5885", "order_time": ["2019-01-06 17:41:56"], "total_order": 1, "hotel_value": ["4.7"], "hotel_price": ["148"]}, "1803138": {"hotel_name": "\u53a6\u95e8\u661f\u9645\u592a\u7a7a\u8231\u9752\u65c5", "order_time": ["2019-01-06 17:41:57"], "total_order": 1, "hotel_value": ["5.0"], "hotel_price": ["48"]}, "5237453": {"hotel_name": "\u53a6\u95e8\u97f3\u4e50\u5c9b\u9152\u5e97", "order_time": ["2019-01-06 17:41:57"], "total_order": 1, "hotel_value": ["4.6"], "hotel_price": ["351"]}, "2300476": {"hotel_name": "7\u5929\u4f18\u54c1\u9152\u5e97(\u53a6\u95e8\u673a\u573a\u5e97)", "order_time": ["2019-01-06 17:41:58"], "total_order": 1, "hotel_value": ["4.6"], "hotel_price": ["209"]}, "1990013": {"hotel_name": "\u53a6\u95e8\u5317\u7ad9\u6e29\u99a8\u96c5\u9601\u5bbe\u9986", "order_time": ["2019-01-06 17:41:58"], "total_order": 1, "hotel_value": ["4.7"], "hotel_price": ["64"]}, "8656624": {"hotel_name": "\u5168\u5b63\u9152\u5e97(\u53a6\u95e8\u96c6\u7f8e\u5b66\u6751\u5e97)(\u539f\u8d22\u7a0e\u5bbe\u9986)", "order_time": ["2019-01-06 17:41:58"], "total_order": 1, "hotel_value": ["4.7"], "hotel_price": ["278"]}, "1707615": {"hotel_name": "\u53a6\u95e8\u7231\u5c1a\u4f18\u9a7f\u9152\u5e97", "order_time": ["2019-01-06 17:41:58"], "total_order": 1, "hotel_value": ["4.4"], "hotel_price": ["109"]}, "2304389": {"hotel_name": "\u9038\u6ed4\u8fde\u9501\u9152\u5e97(\u53a6\u95e8\u83b2\u82b1\u5317\u8def\u5e97)", "order_time": ["2019-01-06 17:41:58"], "total_order": 1, "hotel_value": ["3.8"], "hotel_price": ["85"]}, "28525229": {"hotel_name": "\u53a6\u95e8\u96c5\u7434\u4f73\u5c45\u516c\u5bd3", "order_time": ["2019-01-06 17:43:56"], "total_order": 1, "hotel_value": ["5.0"], "hotel_price": ["105"]}, "1910051": {"hotel_name": "\u53a6\u95e8\u65b0\u9f99\u95e8\u5bbe\u9986", "order_time": ["2019-01-06 17:43:57"], "total_order": 1, "hotel_value": ["4.2"], "hotel_price": ["98"]}, "481408": {"hotel_name": "\u53a6\u95e8\u9f13\u6d6a\u5c7f\u5357\u74dc\u77f3\u5ba2\u6808", "order_time": ["2019-01-06 17:45:57"], "total_order": 1, "hotel_value": ["4.8"], "hotel_price": ["133"]}, "431131": {"hotel_name": "\u53a6\u95e8\u6bd5\u601d\u7279\u9152\u5e97", "order_time": ["2019-01-06 17:45:58"], "total_order": 1, "hotel_value": ["4.6"], "hotel_price": ["331"]}, "1815575": {"hotel_name": "\u53a6\u95e8\u4e00\u54c1\u00b7\u6734\u5bbf(\u539f\u6f2b\u6d77\u5c45\u5ba2\u6808)", "order_time": ["2019-01-06 17:45:58"], "total_order": 1, "hotel_value": ["4.9"], "hotel_price": ["137"]}, "1416247": {"hotel_name": "\u53a6\u95e8\u5317\u7ad9\u661f\u671f\u516b\u4e3b\u9898\u5ba2\u6808", "order_time": ["2019-01-06 17:45:59"], "total_order": 1, "hotel_value": ["4.4"], "hotel_price": ["81"]}, "26448227": {"hotel_name": "\u53a6\u95e8\u5317\u5c9b\u6c11\u5bbf", "order_time": ["2019-01-06 17:45:59"], "total_order": 1, "hotel_value": [0], "hotel_price": ["90"]}, "2906054": {"hotel_name": "\u53a6\u95e8\u67ab\u548c\u6e90\u9152\u5e97", "order_time": ["2019-01-06 17:47:56"], "total_order": 1, "hotel_value": ["4.5"], "hotel_price": ["238"]}, "6246815": {"hotel_name": "\u6c49\u5ead\u9152\u5e97(\u53a6\u95e8\u4e2d\u5c71\u8def\u6b65\u884c\u8857\u5927\u540c\u8def\u5e97)", "order_time": ["2019-01-06 17:47:57"], "total_order": 1, "hotel_value": ["4.4"], "hotel_price": ["172"]}, "5850603": {"hotel_name": "\u53a6\u95e8\u5370\u8c61\u6d77\u6e7e\u5ea6\u5047\u522b\u5885", "order_time": ["2019-01-06 17:47:57"], "total_order": 1, "hotel_value": ["4.9"], "hotel_price": ["199"]}, "1741647": {"hotel_name": "\u53a6\u95e8\u66fe\u539d\u57b5\u7fa4\u661f\u5c0f\u7b51\u5ba2\u6808", "order_time": ["2019-01-06 17:47:57", "2019-01-06 17:53:57"], "total_order": 2, "hotel_value": ["5.0", "5.0"], "hotel_price": ["223", "223"]}, "12183206": {"hotel_name": "\u53a6\u95e8\u4e03\u661f\u8fde\u9501\u9152\u5e97\u678b\u6e56\u5ba2\u8fd0\u4e2d\u5fc3\u91d1\u5c71\u5e97", "order_time": ["2019-01-06 17:49:56"], "total_order": 1, "hotel_value": ["4.5"], "hotel_price": ["146"]}, "445258": {"hotel_name": "\u5982\u662f\u9152\u5e97(\u53a6\u95e8\u4e3b\u9898\u58f9\u53f7\u5e97)", "order_time": ["2019-01-06 17:49:56"], "total_order": 1, "hotel_value": ["4.8"], "hotel_price": ["249"]}, "4614134": {"hotel_name": "\u53a6\u95e8\u6cd5\u5c14\u8d5b\u7687\u5bb6\u5ea6\u5047\u522b\u5885", "order_time": ["2019-01-06 17:49:56"], "total_order": 1, "hotel_value": ["4.9"], "hotel_price": ["140"]}, "5979992": {"hotel_name": "\u53a6\u95e8\u5c71\u5c7f\u6d77\u7cbe\u54c1\u5ba2\u6808", "order_time": ["2019-01-06 17:55:56", "2019-01-06 17:49:56"], "total_order": 2, "hotel_value": ["4.8", "4.8"], "hotel_price": ["100", "100"]}, "1073749": {"hotel_name": "\u822a\u6210\u7cbe\u54c1\u9152\u5e97(\u53a6\u95e8\u673a\u573a\u81ea\u8d38\u533a\u5e97)", "order_time": ["2019-01-06 17:49:56"], "total_order": 1, "hotel_value": ["4.2"], "hotel_price": ["187"]}, "11479450": {"hotel_name": "\u53a6\u95e8\u7761\u5fb7\u9999\u9152\u5e97\u516c\u5bd3", "order_time": ["2019-01-06 17:49:56"], "total_order": 1, "hotel_value": ["4.7"], "hotel_price": ["150"]}, "3658324": {"hotel_name": "\u9f13\u6d6a\u5c7f\u6d45\u590f\u65c5\u9986", "order_time": ["2019-01-06 17:49:56"], "total_order": 1, "hotel_value": ["4.6"], "hotel_price": ["96"]}, "443333": {"hotel_name": "\u9752\u5e74\u9633\u5149\u8fde\u9501\u9152\u5e97(\u53a6\u95e8\u65b9\u7279\u68a6\u5e7b\u540c\u5b89\u5e97)(\u539f\u540c\u5b89\u5e97)", "order_time": ["2019-01-06 17:49:56"], "total_order": 1, "hotel_value": ["4.5"], "hotel_price": ["116"]}, "5312033": {"hotel_name": "\u53a6\u95e8\u6c38\u4e30\u6d77\u6d0b\u5ba2\u6808", "order_time": ["2019-01-06 17:49:56"], "total_order": 1, "hotel_value": ["4.6"], "hotel_price": ["151"]}, "26420349": {"hotel_name": "\u53a6\u95e8\u9038\u5ba2\u5ea6\u5047\u522b\u5885", "order_time": ["2019-01-06 17:49:56"], "total_order": 1, "hotel_value": ["5.0"], "hotel_price": ["158"]}, "750174": {"hotel_name": "\u683c\u6797\u8c6a\u6cf0(\u53a6\u95e8\u5927\u5b66\u5e97)", "order_time": ["2019-01-06 17:49:57"], "total_order": 1, "hotel_value": ["4.2"], "hotel_price": ["98"]}, "375297": {"hotel_name": "\u53a6\u95e8\u9a6c\u54e5\u5b5b\u7f57\u4e1c\u65b9\u5927\u9152\u5e97", "order_time": ["2019-01-06 17:49:57"], "total_order": 1, "hotel_value": ["4.6"], "hotel_price": ["599"]}, "1742958": {"hotel_name": "\u53a6\u95e8\u9f13\u6d6a\u5c7f\u68a6\u7f18\u53e4\u539d\u590d\u53e4\u65c5\u9986", "order_time": ["2019-01-06 17:49:57"], "total_order": 1, "hotel_value": ["4.9"], "hotel_price": ["61"]}, "431584": {"hotel_name": "\u53a6\u95e8\u7261\u4e39\u4e07\u9e4f\u5bbe\u9986", "order_time": ["2019-01-06 17:51:55"], "total_order": 1, "hotel_value": ["4.7"], "hotel_price": ["299"]}, "23886316": {"hotel_name": "\u53a6\u95e8\u66fe\u5c0f\u59d0\u7684\u6c11\u5bbf", "order_time": ["2019-01-06 17:51:56"], "total_order": 1, "hotel_value": ["4.8"], "hotel_price": ["220"]}, "430060": {"hotel_name": "\u53a6\u95e8\u671b\u6d77\u5bbe\u9986", "order_time": ["2019-01-06 17:51:57"], "total_order": 1, "hotel_value": ["4.2"], "hotel_price": ["110"]}, "6117726": {"hotel_name": "\u8d1d\u591a\u62c9\u4e3b\u9898\u9152\u5e97(\u53a6\u95e8\u706b\u8f66\u7ad9\u5e97)", "order_time": ["2019-01-06 17:51:57"], "total_order": 1, "hotel_value": ["4.5"], "hotel_price": ["178"]}, "1299817": {"hotel_name": "\u5408\u4f73\u9152\u5e97(\u53a6\u95e8\u673a\u573a\u5e97)", "order_time": ["2019-01-06 17:51:57"], "total_order": 1, "hotel_value": ["4.0"], "hotel_price": ["190"]}, "6262520": {"hotel_name": "\u4fa3\u5148\u68ee\u5ba2\u6808(\u53a6\u95e8\u4e2d\u5c71\u8def\u5e97)", "order_time": ["2019-01-06 17:51:57"], "total_order": 1, "hotel_value": ["3.7"], "hotel_price": ["92"]}, "2308660": {"hotel_name": "\u53a6\u95e8\u5982\u9e4f\u5bbe\u9986", "order_time": ["2019-01-06 17:51:57"], "total_order": 1, "hotel_value": ["3.2"], "hotel_price": ["97"]}, "21124626": {"hotel_name": "\u53a6\u95e8\u4e07\u749f\u8f69\u9152\u5e97", "order_time": ["2019-01-06 17:53:56"], "total_order": 1, "hotel_value": ["4.7"], "hotel_price": ["203"]}, "13985423": {"hotel_name": "\u53a6\u95e8\u4e00\u5e2d\u00b7\u9752\u5ddd\u6d77\u666f\u9a7f\u6808", "order_time": ["2019-01-06 17:53:57"], "total_order": 1, "hotel_value": ["4.9"], "hotel_price": ["122"]}, "5205455": {"hotel_name": "Zsmart\u667a\u5c1a\u9152\u5e97(\u53a6\u95e8\u706b\u8f66\u7ad9\u83b2\u5742\u5730\u94c1\u7ad9\u5e97)", "order_time": ["2019-01-06 17:53:57"], "total_order": 1, "hotel_value": ["4.4"], "hotel_price": ["174"]}, "20054442": {"hotel_name": "\u53a6\u95e8\u9ad8\u5d0e\u996d\u5e97", "order_time": ["2019-01-06 17:53:59"], "total_order": 1, "hotel_value": ["4.1"], "hotel_price": ["101"]}, "441273": {"hotel_name": "\u9510\u601d\u7279\u00b7\u9038\u81f4\u9152\u5e97(\u53a6\u95e8\u4e2d\u5c71\u8def\u5e97)", "order_time": ["2019-01-06 17:55:56"], "total_order": 1, "hotel_value": ["4.8"], "hotel_price": ["184"]}, "6069131": {"hotel_name": "\u53a6\u95e8\u5317\u7ad9\u9047\u89c1\u5ba2\u6808", "order_time": ["2019-01-06 17:55:56"], "total_order": 1, "hotel_value": ["4.7"], "hotel_price": ["98"]}, "10906517": {"hotel_name": "\u53a6\u95e8\u9e6d\u5c9b\u522b\u82d1\u6d77\u8fb9\u5ea6\u5047\u522b\u5885", "order_time": ["2019-01-06 17:55:56"], "total_order": 1, "hotel_value": ["4.9"], "hotel_price": ["112"]}, "2297831": {"hotel_name": "\u5168\u5b63\u9152\u5e97(\u53a6\u95e8\u4e2d\u5c71\u8def\u6b65\u884c\u8857\u5e97)", "order_time": ["2019-01-06 17:55:56"], "total_order": 1, "hotel_value": ["4.8"], "hotel_price": ["307"]}, "23806720": {"hotel_name": "\u53a6\u95e8HITEL\u9152\u5e97", "order_time": ["2019-01-06 17:55:56"], "total_order": 1, "hotel_value": ["4.8"], "hotel_price": ["364"]}, "11477564": {"hotel_name": "\u53a6\u95e8\u9047\u7f8e\u00b7\u6da6\u56ed\u7cbe\u54c1\u5ea6\u5047\u6c11\u5bbf", "order_time": ["2019-01-06 17:55:56"], "total_order": 1, "hotel_value": ["4.8"], "hotel_price": ["263"]}, "11686178": {"hotel_name": "\u53a6\u95e8\u6d77\u6ca7\u65b0\u9633886\u7cbe\u54c1\u9152\u5e97", "order_time": ["2019-01-06 17:55:56"], "total_order": 1, "hotel_value": ["4.3"], "hotel_price": ["150"]}, "467612": {"hotel_name": "\u53a6\u95e8\u9f13\u6d6a\u5c7f\u8292\u679c\u6811\u65c5\u9986", "order_time": ["2019-01-06 17:55:58"], "total_order": 1, "hotel_value": ["4.9"], "hotel_price": ["99"]}, "21764649": {"hotel_name": "\u53a6\u95e8lailai\u7684\u9752\u65c5", "order_time": ["2019-01-06 17:55:58"], "total_order": 1, "hotel_value": ["4.5"], "hotel_price": ["61"]}, "832592": {"hotel_name": "\u53a6\u95e8\u6021\u5fc3\u516c\u5bd3", "order_time": ["2019-01-06 17:56:00"], "total_order": 1, "hotel_value": [0], "hotel_price": ["60"]}}}