{"\u5f00\u59cb\u8bb0\u5f55\u65f6\u95f4": "2019-01-12 12:31:48", "\u7ed3\u675f\u8bb0\u5f55\u65f6\u95f4": "2019-01-12 13:31:48", "\u8ba2\u5355\u603b\u589e\u91cf": 302, "item": {"438257": {"hotel_name": "\u53a6\u95e8\u946b\u540d\u95e8\u82b1\u56ed\u9152\u5e97(\u539f\u5361\u5c14\u66fc\u9152\u5e97)", "order_time": ["2019-01-12 12:34:06"], "total_order": 1, "hotel_value": ["4.3"], "hotel_price": ["231"]}, "428302": {"hotel_name": "\u53a6\u95e8\u706b\u8f66\u7ad9\u4e9a\u6735\u8f7b\u5c45\u9152\u5e97", "order_time": ["2019-01-12 12:34:07"], "total_order": 1, "hotel_value": ["4.9"], "hotel_price": ["375"]}, "2152627": {"hotel_name": "\u7f8e\u8c6a\u9152\u5e97(\u53a6\u95e8\u5e97)", "order_time": ["2019-01-12 12:34:07"], "total_order": 1, "hotel_value": ["4.7"], "hotel_price": ["293"]}, "12250282": {"hotel_name": "\u53a6\u95e8\u6e29\u5c3c\u65af\u00b7\u542c\u5fc3\u9662\u5c71\u5c45\u5ea6\u5047\u522b\u5885", "order_time": ["2019-01-12 12:34:08"], "total_order": 1, "hotel_value": ["4.9"], "hotel_price": ["552"]}, "429062": {"hotel_name": "\u53a6\u95e8\u7c73\u4ed1\u9152\u5e97", "order_time": ["2019-01-12 12:34:08", "2019-01-12 12:38:12"], "total_order": 2, "hotel_value": ["4.6", "4.6"], "hotel_price": ["171", "171"]}, "435472": {"hotel_name": "\u53a6\u95e8\u674f\u6797\u6e7e\u5927\u9152\u5e97", "order_time": ["2019-01-12 12:34:08"], "total_order": 1, "hotel_value": ["4.6"], "hotel_price": ["358"]}, "2300476": {"hotel_name": "7\u5929\u4f18\u54c1\u9152\u5e97(\u53a6\u95e8\u673a\u573a\u5e97)", "order_time": ["2019-01-12 12:34:10"], "total_order": 1, "hotel_value": ["4.6"], "hotel_price": ["209"]}, "1002498": {"hotel_name": "\u53a6\u95e8\u753b\u6d77\u7b80\u5c45\u5ba2\u6808", "order_time": ["2019-01-12 12:34:10"], "total_order": 1, "hotel_value": ["4.9"], "hotel_price": ["97"]}, "346269": {"hotel_name": "\u53a6\u95e8\u6e90\u660c\u51ef\u5bbe\u65af\u57fa\u5927\u9152\u5e97", "order_time": ["2019-01-12 13:00:07", "2019-01-12 12:34:12"], "total_order": 2, "hotel_value": ["4.7", "4.7"], "hotel_price": ["913", "913"]}, "440464": {"hotel_name": "\u590f\u5546\u6021\u7fd4\u9152\u5e97(\u53a6\u95e8\u4e2d\u5c71\u8def\u534e\u90fd\u5e97)", "order_time": ["2019-01-12 12:34:12"], "total_order": 1, "hotel_value": ["4.6"], "hotel_price": ["294"]}, "12084605": {"hotel_name": "\u53a6\u95e8\u96c5\u5b50\u8f69\u7cbe\u54c1\u8fde\u9501\u9152\u5e97", "order_time": ["2019-01-12 12:34:13"], "total_order": 1, "hotel_value": ["4.9"], "hotel_price": ["119"]}, "15878927": {"hotel_name": "\u53a6\u95e8\u5929\u5408\u4eba\u5bb6\u516c\u5bd3", "order_time": ["2019-01-12 12:50:05", "2019-01-12 12:34:14"], "total_order": 2, "hotel_value": ["4.8", "4.8"], "hotel_price": ["116", "116"]}, "2297831": {"hotel_name": "\u5168\u5b63\u9152\u5e97(\u53a6\u95e8\u4e2d\u5c71\u8def\u6b65\u884c\u8857\u5e97)", "order_time": ["2019-01-12 12:34:15", "2019-01-12 12:50:07"], "total_order": 2, "hotel_value": ["4.8", "4.8"], "hotel_price": ["398", "398"]}, "12183206": {"hotel_name": "\u53a6\u95e8\u4e03\u661f\u8fde\u9501\u9152\u5e97\u678b\u6e56\u5ba2\u8fd0\u4e2d\u5fc3\u91d1\u5c71\u5e97", "order_time": ["2019-01-12 12:34:15"], "total_order": 1, "hotel_value": ["4.5"], "hotel_price": ["146"]}, "1390368": {"hotel_name": "\u53a6\u95e8\u56db\u5e74\u4e09\u73ed\u6d77\u666f\u5ba2\u6808", "order_time": ["2019-01-12 12:34:16"], "total_order": 1, "hotel_value": ["4.8"], "hotel_price": ["83"]}, "666255": {"hotel_name": "\u5bb6\u548c\u6625\u5929\u9152\u5e97(\u53a6\u95e8\u6d77\u6ca7\u5e97)", "order_time": ["2019-01-12 12:34:17"], "total_order": 1, "hotel_value": ["4.1"], "hotel_price": ["133"]}, "2310246": {"hotel_name": "\u53a6\u95e8\u4e1c\u57ce\u6e7e\u5feb\u6377\u9152\u5e97", "order_time": ["2019-01-12 12:34:17"], "total_order": 1, "hotel_value": ["3.8"], "hotel_price": ["121"]}, "1741443": {"hotel_name": "\u53a6\u95e8\u9f13\u6d6a\u5c7f\u9633\u5149\u4e45\u4e45\u65c5\u9986", "order_time": ["2019-01-12 12:34:29"], "total_order": 1, "hotel_value": ["4.1"], "hotel_price": ["164"]}, "847315": {"hotel_name": "\u5982\u5bb6\u5feb\u6377\u9152\u5e97(\u53a6\u95e8\u52b3\u52a8\u529b\u5927\u53a6\u83b2\u82b1\u5730\u94c1\u7ad9\u5e97)\uff08\u539f\u957f\u9752\u8def\u52b3\u52a8\u529b\u5927\u53a6\u5e97\uff09", "order_time": ["2019-01-12 12:36:06"], "total_order": 1, "hotel_value": ["4.3"], "hotel_price": ["142"]}, "6819686": {"hotel_name": "\u53a6\u95e8\u6162\u751f\u6d3b\u00b7\u51e1\u6734\u5ea6\u5047\u522b\u5885", "order_time": ["2019-01-12 12:36:07"], "total_order": 1, "hotel_value": ["4.9"], "hotel_price": ["276"]}, "468485": {"hotel_name": "\u53a6\u95e8\u6e2f\u6e7e\u5927\u9152\u5e97", "order_time": ["2019-01-12 12:36:07"], "total_order": 1, "hotel_value": ["4.5"], "hotel_price": ["299"]}, "1540062": {"hotel_name": "\u4e45\u6816\u00b7\u9f13\u6d6a\u5c7f\u6d77\u5cb8\u82b1\u65c5\u9986", "order_time": ["2019-01-12 13:02:05", "2019-01-12 12:36:07"], "total_order": 2, "hotel_value": ["4.9", "4.9"], "hotel_price": ["176", "176"]}, "5205455": {"hotel_name": "Zsmart\u667a\u5c1a\u9152\u5e97(\u53a6\u95e8\u706b\u8f66\u7ad9\u83b2\u5742\u5730\u94c1\u7ad9\u5e97)", "order_time": ["2019-01-12 12:36:08"], "total_order": 1, "hotel_value": ["4.4"], "hotel_price": ["151"]}, "533304": {"hotel_name": "\u68a6\u60f3\u5bb6\u7cbe\u54c1\u4e3b\u9898\u9152\u5e97(\u53a6\u95e8SM\u57ce\u5e02\u5e7f\u573a\u5e97)", "order_time": ["2019-01-12 12:36:10"], "total_order": 1, "hotel_value": ["4.2"], "hotel_price": ["202"]}, "1768712": {"hotel_name": "\u53a6\u95e8\u9014\u5e84\u7cbe\u54c1\u9152\u5e97", "order_time": ["2019-01-12 12:36:11"], "total_order": 1, "hotel_value": ["4.6"], "hotel_price": ["228"]}, "12796559": {"hotel_name": "\u9f13\u6d6a\u5c7f\u8bb8\u5bb6\u56ed\u65c5\u9986", "order_time": ["2019-01-12 12:36:12"], "total_order": 1, "hotel_value": ["4.8"], "hotel_price": ["440"]}, "4496383": {"hotel_name": "\u53a6\u95e8\u6162\u751f\u6d3b\u00b7\u4e0a\u91ce\u5ba2\u6808", "order_time": ["2019-01-12 12:36:12"], "total_order": 1, "hotel_value": ["4.9"], "hotel_price": ["118"]}, "717316": {"hotel_name": "\u9f13\u6d6a\u5c7f\u7434\u6021\u522b\u5885", "order_time": ["2019-01-12 12:36:13"], "total_order": 1, "hotel_value": ["4.7"], "hotel_price": ["261"]}, "1417342": {"hotel_name": "\u53a6\u95e8\u7231\u7b51\u65f6\u5c1a\u7cbe\u54c1\u60c5\u4fa3\u4e3b\u9898\u9152\u5e97", "order_time": ["2019-01-12 12:36:13"], "total_order": 1, "hotel_value": ["4.5"], "hotel_price": ["207"]}, "23858080": {"hotel_name": "\u53a6\u95e8\u4f73\u9038\u5e0c\u5c14\u987f\u683c\u82ae\u7cbe\u9009\u9152\u5e97", "order_time": ["2019-01-12 12:54:12", "2019-01-12 12:36:13", "2019-01-12 13:08:13"], "total_order": 3, "hotel_value": ["4.7", "4.7", "4.7"], "hotel_price": ["876", "876", "876"]}, "858999": {"hotel_name": "\u53a6\u95e8\u7965\u4e91\u4f70\u4f73\u5ba2\u6808(\u539fPaPa\uff07s\u4e3b\u9898\u5ba2\u6808)", "order_time": ["2019-01-12 12:36:13"], "total_order": 1, "hotel_value": ["4.7"], "hotel_price": ["255"]}, "479354": {"hotel_name": "\u5bb6\u548c\u6625\u5929\u7cbe\u54c1\u9152\u5e97(\u53a6\u95e8\u673a\u573a\u5e97)", "order_time": ["2019-01-12 12:36:14"], "total_order": 1, "hotel_value": ["4.5"], "hotel_price": ["178"]}, "1477849": {"hotel_name": "\u9752\u5e74\u9633\u5149\u9152\u5e97(\u53a6\u95e8\u6d77\u5929\u5feb\u6377\u5e97)", "order_time": ["2019-01-12 12:36:14"], "total_order": 1, "hotel_value": ["4.7"], "hotel_price": ["150"]}, "4601806": {"hotel_name": "\u53a6\u95e8\u5927\u5b66\u5929\u73ba\u6d77\u666f\u516c\u5bd3(\u539f\u53a6\u5927\u4e16\u8302\u6d77\u5ce1\u53cc\u5b50\u5854\u6d77\u666f\u9152\u5e97)", "order_time": ["2019-01-12 12:36:14"], "total_order": 1, "hotel_value": ["4.5"], "hotel_price": ["562"]}, "1543547": {"hotel_name": "\u53a6\u95e8\u66fe\u539d\u57b5\u543e\u6797\u5ba2\u6808", "order_time": ["2019-01-12 12:36:19"], "total_order": 1, "hotel_value": ["4.9"], "hotel_price": ["236"]}, "15708276": {"hotel_name": "\u53a6\u95e8\u6d77\u4e2d\u6751\u5ba2\u6808", "order_time": ["2019-01-12 12:36:21"], "total_order": 1, "hotel_value": ["4.6"], "hotel_price": ["84"]}, "4645488": {"hotel_name": "\u53a6\u95e8\u4f1f\u4f26\u4e3b\u9898\u522b\u5885\u5ba2\u6808", "order_time": ["2019-01-12 12:36:23"], "total_order": 1, "hotel_value": ["4.5"], "hotel_price": ["283"]}, "1405990": {"hotel_name": "\u901f8\u9152\u5e97(\u53a6\u95e8\u706b\u8f66\u7ad9\u5e97)", "order_time": ["2019-01-12 12:36:23", "2019-01-12 12:40:15"], "total_order": 2, "hotel_value": ["4.3", "4.3"], "hotel_price": ["142", "142"]}, "6483107": {"hotel_name": "\u53a6\u95e8\u6234\u66fc\u65af\u7cbe\u54c1\u9152\u5e97", "order_time": ["2019-01-12 12:36:23"], "total_order": 1, "hotel_value": ["4.6"], "hotel_price": ["164"]}, "1893266": {"hotel_name": "\u53a6\u95e8\u6765\u60a6\u9152\u5e97", "order_time": ["2019-01-12 12:36:25"], "total_order": 1, "hotel_value": ["4.5"], "hotel_price": ["163"]}, "1741647": {"hotel_name": "\u53a6\u95e8\u6f2b\u6e21\u6734\u820d\u8bbe\u8ba1\u578b\u6c11\u5bbf", "order_time": ["2019-01-12 12:36:25"], "total_order": 1, "hotel_value": ["5.0"], "hotel_price": ["212"]}, "6429615": {"hotel_name": "\u53a6\u95e8\u683c\u6797\u82d1\u9152\u5e97", "order_time": ["2019-01-12 12:36:26"], "total_order": 1, "hotel_value": ["4.8"], "hotel_price": ["232"]}, "1909688": {"hotel_name": "\u53a6\u95e8\u8212\u99a8\u53cb\u9152\u5e97", "order_time": ["2019-01-12 12:36:33"], "total_order": 1, "hotel_value": [0], "hotel_price": ["188"]}, "11407983": {"hotel_name": "\u53a6\u95e8\u56ed\u535a\u4e4b\u5bb6\u4f4f\u5bbf", "order_time": ["2019-01-12 12:36:35"], "total_order": 1, "hotel_value": ["4.8"], "hotel_price": ["107"]}, "6599741": {"hotel_name": "\u6854\u5b50\u9152\u5e97\u00b7\u7cbe\u9009(\u53a6\u95e8\u4e2d\u5c71\u8def\u8f6e\u6e21\u7801\u5934\u5e97)(\u539f\u4e2d\u5c71\u8def\u6b65\u884c\u8857\u5e97)", "order_time": ["2019-01-12 12:42:08", "2019-01-12 12:38:05"], "total_order": 2, "hotel_value": ["4.8", "4.8"], "hotel_price": ["408", "408"]}, "11236140": {"hotel_name": "\u53a6\u95e8\u5bbf\u5fc3\u820d\u5ba2\u6808", "order_time": ["2019-01-12 12:38:06"], "total_order": 1, "hotel_value": ["4.7"], "hotel_price": ["154"]}, "1760902": {"hotel_name": "\u53a6\u95e8\u4e07\u4f73\u56fd\u9645\u9152\u5e97", "order_time": ["2019-01-12 12:38:08"], "total_order": 1, "hotel_value": ["4.6"], "hotel_price": ["432"]}, "346262": {"hotel_name": "\u53a6\u95e8\u5a01\u65af\u6c40\u9152\u5e97", "order_time": ["2019-01-12 12:38:08"], "total_order": 1, "hotel_value": ["4.5"], "hotel_price": ["828"]}, "392629": {"hotel_name": "\u53a6\u95e8\u5e90\u5c71\u5927\u9152\u5e97", "order_time": ["2019-01-12 12:38:08"], "total_order": 1, "hotel_value": ["4.2"], "hotel_price": ["298"]}, "24034391": {"hotel_name": "\u53a6\u95e8\u6c34\u6728\u6d77\u666f\u9152\u5e97", "order_time": ["2019-01-12 12:38:08"], "total_order": 1, "hotel_value": ["4.7"], "hotel_price": ["279"]}, "932019": {"hotel_name": "\u5982\u5bb6\u5feb\u6377\u9152\u5e97(\u53a6\u95e8\u83b2\u5cb3\u8def\u677e\u67cf\u6587\u5316\u827a\u672f\u4e2d\u5fc3\u5e97)", "order_time": ["2019-01-12 12:38:09"], "total_order": 1, "hotel_value": ["4.3"], "hotel_price": ["136"]}, "17099052": {"hotel_name": "\u9f13\u6d6a\u5c7f\u6625\u8349\u82ac\u82b3\u5ea6\u5047\u522b\u5885", "order_time": ["2019-01-12 12:38:09"], "total_order": 1, "hotel_value": ["4.9"], "hotel_price": ["743"]}, "436632": {"hotel_name": "\u53a6\u95e8\u4e07\u4f73\u4e1c\u65b9\u9152\u5e97", "order_time": ["2019-01-12 12:38:09"], "total_order": 1, "hotel_value": ["4.4"], "hotel_price": ["182"]}, "669139": {"hotel_name": "\u53a6\u95e8\u4eac\u50ce\u9890\u8c6a\u9152\u5e97", "order_time": ["2019-01-12 12:38:10", "2019-01-12 12:48:16"], "total_order": 2, "hotel_value": ["4.6", "4.6"], "hotel_price": ["398", "398"]}, "26343870": {"hotel_name": "\u9f13\u6d6a\u6e7e\u516c\u5bd3(\u53a6\u95e8\u673a\u573a\u5e97)", "order_time": ["2019-01-12 12:38:11"], "total_order": 1, "hotel_value": ["4.9"], "hotel_price": ["253"]}, "425692": {"hotel_name": "\u53a6\u95e8\u6d77\u60a6\u5c71\u5e84\u9152\u5e97", "order_time": ["2019-01-12 12:46:12", "2019-01-12 12:38:12"], "total_order": 2, "hotel_value": ["4.8", "4.8"], "hotel_price": ["979", "979"]}, "428660": {"hotel_name": "\u53a6\u95e8\u9890\u749f\u82b1\u56ed\u9152\u5e97(\u539f\u65b0\u52a0\u5761\u9152\u5e97)", "order_time": ["2019-01-12 12:38:12"], "total_order": 1, "hotel_value": ["4.6"], "hotel_price": ["598"]}, "467592": {"hotel_name": "\u53a6\u95e8\u7f8e\u4ed1\u91d1\u60a6\u9152\u5e97", "order_time": ["2019-01-12 12:38:12"], "total_order": 1, "hotel_value": ["4.7"], "hotel_price": ["178"]}, "25805759": {"hotel_name": "\u65af\u7ef4\u767b\u5ea6\u5047\u516c\u5bd3(\u53a6\u95e8\u5927\u5b66\u5e97)", "order_time": ["2019-01-12 12:38:13", "2019-01-12 12:48:14"], "total_order": 2, "hotel_value": ["4.9", "4.9"], "hotel_price": ["468", "468"]}, "1314936": {"hotel_name": "\u83ab\u6cf0268(\u53a6\u95e8\u706b\u8f66\u7ad9\u5e97)", "order_time": ["2019-01-12 12:38:14"], "total_order": 1, "hotel_value": ["4.3"], "hotel_price": ["151"]}, "443333": {"hotel_name": "\u9752\u5e74\u9633\u5149\u8fde\u9501\u9152\u5e97(\u53a6\u95e8\u65b9\u7279\u68a6\u5e7b\u540c\u5b89\u5e97)(\u539f\u540c\u5b89\u5e97)", "order_time": ["2019-01-12 12:38:14"], "total_order": 1, "hotel_value": ["4.5"], "hotel_price": ["135"]}, "1227390": {"hotel_name": "886\u7cbe\u54c1\u9152\u5e97(\u53a6\u95e8\u6d77\u6ca7\u533a\u653f\u5e9c\u5e97)", "order_time": ["2019-01-12 12:38:14"], "total_order": 1, "hotel_value": ["4.1"], "hotel_price": ["171"]}, "514344": {"hotel_name": "\u53a6\u95e8\u94c2\u5c14\u6e7e\u9152\u5e97", "order_time": ["2019-01-12 12:38:15"], "total_order": 1, "hotel_value": ["4.1"], "hotel_price": ["118"]}, "6512986": {"hotel_name": "\u53a6\u95e8\u4e4c\u5ae3\u539d\u5ba2\u6808", "order_time": ["2019-01-12 12:38:16"], "total_order": 1, "hotel_value": ["4.8"], "hotel_price": ["183"]}, "4497014": {"hotel_name": "\u53a6\u95e8\u4e3d\u601d\u5361\u6d77\u666f\u5ea6\u5047\u5ba2\u6808", "order_time": ["2019-01-12 12:38:24"], "total_order": 1, "hotel_value": ["4.8"], "hotel_price": ["174"]}, "1730041": {"hotel_name": "\u9f13\u6d6a\u5c7f\u6e29\u838e\u516c\u9986", "order_time": ["2019-01-12 12:38:48"], "total_order": 1, "hotel_value": [0], "hotel_price": ["237"]}, "21160125": {"hotel_name": "\u6021\u7a0b\u9152\u5e97(\u53a6\u95e8\u4e2d\u5c71\u8def\u5e97)", "order_time": ["2019-01-12 12:40:06"], "total_order": 1, "hotel_value": ["4.7"], "hotel_price": ["358"]}, "436729": {"hotel_name": "\u4e2d\u5fb7\u8bb0\u5ea6\u5047\u522b\u5885(\u53a6\u95e8\u9f13\u6d6a\u5c7f\u9ec4\u5bb6\u82b1\u56ed\u5e97)", "order_time": ["2019-01-12 12:40:06"], "total_order": 1, "hotel_value": ["4.6"], "hotel_price": ["598"]}, "2290174": {"hotel_name": "\u53a6\u95e8\u6676\u90a6\u5927\u9152\u5e97", "order_time": ["2019-01-12 12:40:10"], "total_order": 1, "hotel_value": ["3.9"], "hotel_price": ["246"]}, "27938575": {"hotel_name": "\u53a6\u95e8\u6d77\u4e1d\u827a\u672f\u54c1\u4e2d\u5fc3\u4f70\u7fd4\u7428\u70c1\u9152\u5e97", "order_time": ["2019-01-12 12:40:12"], "total_order": 1, "hotel_value": ["4.7"], "hotel_price": ["408"]}, "433735": {"hotel_name": "\u5b9c\u5fc5\u601d\u5c1a\u54c1\u9152\u5e97(\u53a6\u95e8\u4e2d\u5c71\u8def\u6b65\u884c\u8857\u5e97)", "order_time": ["2019-01-12 12:40:13"], "total_order": 1, "hotel_value": ["4.7"], "hotel_price": ["322"]}, "19678980": {"hotel_name": "\u53a6\u95e8\u74e6\u6e90\u7d20\u7cbe\u54c1\u5ba2\u6808", "order_time": ["2019-01-12 12:40:14"], "total_order": 1, "hotel_value": ["4.9"], "hotel_price": ["134"]}, "11089626": {"hotel_name": "\u53a6\u95e8\u5c14\u7fd4\u9152\u5e97", "order_time": ["2019-01-12 12:40:14"], "total_order": 1, "hotel_value": ["4.5"], "hotel_price": ["352"]}, "771600": {"hotel_name": "\u53a6\u95e8\u6676\u88d5\u5546\u52a1\u9152\u5e97", "order_time": ["2019-01-12 12:40:15"], "total_order": 1, "hotel_value": ["4.1"], "hotel_price": ["96"]}, "1804365": {"hotel_name": "\u6d6a\u6f2b\u90fd\u5e02\u8fde\u9501\u9152\u5e97(\u53a6\u95e8\u706b\u8f66\u7ad9\u6d0b\u5b8f\u603b\u5e97)(\u539f\u6d0b\u5b8f\u5bbe\u9986)", "order_time": ["2019-01-12 12:40:15"], "total_order": 1, "hotel_value": ["4.3"], "hotel_price": ["155"]}, "848515": {"hotel_name": "\u53a6\u95e8\u9752\u82b1\u74f7\u5ea6\u5047\u5c4b(\u539f\u98ce\u60c5\u6d77\u6e7e\u5ba2\u6808)", "order_time": ["2019-01-12 12:40:17", "2019-01-12 13:04:09"], "total_order": 2, "hotel_value": ["4.8", "4.8"], "hotel_price": ["93", "93"]}, "12787513": {"hotel_name": "\u9f13\u6d6a\u5c7f\u79c1\u4eab\u4e0d\u540c\u65c5\u9986", "order_time": ["2019-01-12 12:40:22"], "total_order": 1, "hotel_value": ["4.8"], "hotel_price": ["164"]}, "26448227": {"hotel_name": "\u53a6\u95e8\u5317\u5c9b\u6c11\u5bbf", "order_time": ["2019-01-12 12:40:31"], "total_order": 1, "hotel_value": [0], "hotel_price": ["108"]}, "730108": {"hotel_name": "\u9f13\u6d6a\u5c7f\u9b54\u5ead\u522b\u82d1\u65c5\u9986(\u539f\u9f13\u6d6a\u5c7f\u9f99\u5c71\u82d1\u5496\u5561\u65c5\u9986)", "order_time": ["2019-01-12 12:40:49"], "total_order": 1, "hotel_value": ["4.8"], "hotel_price": ["288"]}, "10201435": {"hotel_name": "\u53a6\u95e8\u4f70\u7fd4\u4e94\u901a\u9152\u5e97", "order_time": ["2019-01-12 12:42:04"], "total_order": 1, "hotel_value": ["4.7"], "hotel_price": ["609"]}, "23860879": {"hotel_name": "\u53a6\u95e8\u4e50\u4e91\u68da\u5ea6\u5047\u5c4b", "order_time": ["2019-01-12 12:42:05"], "total_order": 1, "hotel_value": ["4.8"], "hotel_price": ["241"]}, "3925042": {"hotel_name": "\u53a6\u95e8\u540d\u95e8\u76db\u4e16\u00b7\u6587\u5316\u9152\u5e97", "order_time": ["2019-01-12 12:42:07"], "total_order": 1, "hotel_value": ["4.8"], "hotel_price": ["218"]}, "790389": {"hotel_name": "\u53a6\u95e8\u65f6\u4ee3\u96c5\u5c45\u9152\u5e97", "order_time": ["2019-01-12 12:42:09"], "total_order": 1, "hotel_value": ["4.6"], "hotel_price": ["232"]}, "988894": {"hotel_name": "\u548c\u9890\u9152\u5e97(\u53a6\u95e8\u5927\u5b66\u7eff\u6676\u5e97)", "order_time": ["2019-01-12 12:42:09"], "total_order": 1, "hotel_value": ["4.5"], "hotel_price": ["264"]}, "5282077": {"hotel_name": "\u53a6\u95e8\u71d5\u6eaa\u9ad8\u7aef\u6c11\u5bbf", "order_time": ["2019-01-12 12:42:09"], "total_order": 1, "hotel_value": ["4.9"], "hotel_price": ["322"]}, "346257": {"hotel_name": "\u53a6\u95e8\u6d77\u666f\u5343\u79a7\u5927\u9152\u5e97", "order_time": ["2019-01-12 12:42:10"], "total_order": 1, "hotel_value": ["4.5"], "hotel_price": ["590"]}, "1551675": {"hotel_name": "\u53a6\u95e8\u67e0\u6aac\u516c\u5bd3(\u539f\u5982\u610f\u65c5\u9986)", "order_time": ["2019-01-12 12:42:12"], "total_order": 1, "hotel_value": ["4.9"], "hotel_price": ["96"]}, "428893": {"hotel_name": "\u53a6\u95e8\u5bbe\u9986", "order_time": ["2019-01-12 12:42:14"], "total_order": 1, "hotel_value": ["4.8"], "hotel_price": ["430"]}, "436715": {"hotel_name": "\u9f13\u6d6a\u5c7f\u674e\u5bb6\u5e84\u9152\u5e97", "order_time": ["2019-01-12 12:42:14"], "total_order": 1, "hotel_value": ["4.9"], "hotel_price": ["926"]}, "6085631": {"hotel_name": "\u53a6\u95e8\u5bb8\u6d32\u6d32\u9645\u9152\u5e97", "order_time": ["2019-01-12 12:42:14"], "total_order": 1, "hotel_value": ["4.7"], "hotel_price": ["944"]}, "5979762": {"hotel_name": "\u53a6\u95e8\u5927\u5b66\u4e91\u4e0a\u6d77\u5c45", "order_time": ["2019-01-12 12:42:14"], "total_order": 1, "hotel_value": ["4.8"], "hotel_price": ["459"]}, "1645144": {"hotel_name": "\u4e91\u4e0a\u56db\u5b63\u8fde\u9501\u9152\u5e97(\u53a6\u95e8\u73c0\u83f2\u82b1\u56ed\u5e97)", "order_time": ["2019-01-12 12:52:12", "2019-01-12 12:42:15"], "total_order": 2, "hotel_value": ["4.3", "4.3"], "hotel_price": ["98", "98"]}, "6551033": {"hotel_name": "\u683c\u6797\u8054\u76df(\u53a6\u95e8\u706b\u8f66\u7ad9\u4f53\u80b2\u4e2d\u5fc3\u5e97)", "order_time": ["2019-01-12 12:42:17"], "total_order": 1, "hotel_value": ["4.3"], "hotel_price": ["139"]}, "28558978": {"hotel_name": "\u53a6\u95e8\u5fc6\u79cb\u68a6\u516c\u5bd3", "order_time": ["2019-01-12 12:42:22"], "total_order": 1, "hotel_value": ["5.0"], "hotel_price": ["183"]}, "1486948": {"hotel_name": "\u6c49\u5ead\u9152\u5e97(\u53a6\u95e8\u4e2d\u5c71\u8def\u8f6e\u6e21\u5e97)", "order_time": ["2019-01-12 12:44:07", "2019-01-12 12:46:07"], "total_order": 2, "hotel_value": ["4.4", "4.4"], "hotel_price": ["189", "189"]}, "1486929": {"hotel_name": "\u6c49\u5ead\u4f18\u4f73\u9152\u5e97(\u53a6\u95e8\u4e2d\u5c71\u8def\u6b65\u884c\u8857\u5e97)", "order_time": ["2019-01-12 12:44:09", "2019-01-12 12:46:06"], "total_order": 2, "hotel_value": ["4.7", "4.7"], "hotel_price": ["297", "297"]}, "346248": {"hotel_name": "\u53a6\u95e8\u6cf0\u8c37\u9152\u5e97", "order_time": ["2019-01-12 12:52:10", "2019-01-12 12:44:10"], "total_order": 2, "hotel_value": ["4.7", "4.7"], "hotel_price": ["398", "398"]}, "13732555": {"hotel_name": "\u53a6\u95e8\u516b\u516b\u7cbe\u54c1\u9152\u5e97", "order_time": ["2019-01-12 12:44:12"], "total_order": 1, "hotel_value": ["4.5"], "hotel_price": ["183"]}, "1018033": {"hotel_name": "\u53a6\u95e8\u5317\u7ad9\u5947\u65fa\u65c5\u9986", "order_time": ["2019-01-12 12:44:12"], "total_order": 1, "hotel_value": ["4.7"], "hotel_price": ["83"]}, "1541934": {"hotel_name": "\u53a6\u95e8\u68b5\u5c45\u00b7\u9759\u5fc3\u522b\u9662", "order_time": ["2019-01-12 12:44:14"], "total_order": 1, "hotel_value": ["4.9"], "hotel_price": ["205"]}, "1347276": {"hotel_name": "\u53a6\u95e8\u68a6\u60f3\u4e4b\u57ce\u9152\u5e97", "order_time": ["2019-01-12 12:44:16"], "total_order": 1, "hotel_value": ["4.9"], "hotel_price": ["186"]}, "11648449": {"hotel_name": "\u53a6\u95e8\u7d20\u516e.\u6d77\u8fb9\u5ea6\u5047\u5ba2\u6808(\u539f\u897f\u95e8\u753a\u7cbe\u54c1\u6c11\u5bbf)", "order_time": ["2019-01-12 12:44:19"], "total_order": 1, "hotel_value": [0], "hotel_price": ["84"]}, "1055853": {"hotel_name": "\u57ce\u5e02\u4fbf\u6377\u9152\u5e97(\u53a6\u95e8\u96c6\u7f8e\u5927\u5b66\u5e97)", "order_time": ["2019-01-12 12:44:27"], "total_order": 1, "hotel_value": ["4.5"], "hotel_price": ["168"]}, "15957130": {"hotel_name": "\u53a6\u95e8\u4e91\u4e03\u6c11\u5bbf", "order_time": ["2019-01-12 12:44:29"], "total_order": 1, "hotel_value": [0], "hotel_price": ["339"]}, "440903": {"hotel_name": "\u5b9c\u5fc5\u601d\u9152\u5e97(\u53a6\u95e8\u706b\u8f66\u7ad9\u9152\u5e97)", "order_time": ["2019-01-12 12:46:08"], "total_order": 1, "hotel_value": ["4.3"], "hotel_price": ["227"]}, "346260": {"hotel_name": "\u53a6\u95e8\u745e\u9890\u5927\u9152\u5e97", "order_time": ["2019-01-12 12:46:09"], "total_order": 1, "hotel_value": ["4.7"], "hotel_price": ["869"]}, "385412": {"hotel_name": "\u53a6\u95e8\u5317\u6d77\u6e7e\u60e0\u9f99\u4e07\u8fbe\u5609\u534e\u9152\u5e97", "order_time": ["2019-01-12 12:46:09"], "total_order": 1, "hotel_value": ["4.8"], "hotel_price": ["750"]}, "448912": {"hotel_name": "\u5982\u5bb6\u5feb\u6377\u9152\u5e97(\u53a6\u95e8\u706b\u8f66\u7ad9\u6e56\u6ee8\u4e1c\u8def\u9e3f\u8fd0\u5927\u53a6\u5e97)", "order_time": ["2019-01-12 12:58:23", "2019-01-12 12:46:11"], "total_order": 2, "hotel_value": ["4.3", "4.3"], "hotel_price": ["135", "135"]}, "5924369": {"hotel_name": "\u53a6\u95e8\u6f58\u591a\u62c9\u57ce\u5821\u5e84\u56ed", "order_time": ["2019-01-12 12:46:14"], "total_order": 1, "hotel_value": ["4.9"], "hotel_price": ["178"]}, "1648310": {"hotel_name": "\u53a6\u95e8\u5764\u57ce\u6c64\u5cb8\u6e29\u6cc9\u5ea6\u5047\u6751", "order_time": ["2019-01-12 12:46:15"], "total_order": 1, "hotel_value": ["4.5"], "hotel_price": ["562"]}, "1498996": {"hotel_name": "\u53a6\u95e8\u6e2f\u6e7e\u4e4b\u661f\u5ba2\u6808", "order_time": ["2019-01-12 12:46:15"], "total_order": 1, "hotel_value": ["4.9"], "hotel_price": ["90"]}, "23625312": {"hotel_name": "\u53a6\u95e8\u4e91\u820d\u96c5\u5c45\u516c\u5bd3", "order_time": ["2019-01-12 12:46:18"], "total_order": 1, "hotel_value": ["4.7"], "hotel_price": ["136"]}, "2074390": {"hotel_name": "\u53a6\u95e8\u5317\u7ad9\u5b89\u6021\u5c45\u5ba2\u6808", "order_time": ["2019-01-12 12:46:18"], "total_order": 1, "hotel_value": ["4.7"], "hotel_price": ["83"]}, "1771637": {"hotel_name": "\u53a6\u95e8\u6d77\u5854\u4e4b\u661f\u6d77\u8fb9\u4e3b\u9898\u5ba2\u6808", "order_time": ["2019-01-12 12:46:19"], "total_order": 1, "hotel_value": ["4.8"], "hotel_price": ["93"]}, "2871244": {"hotel_name": "\u53a6\u95e8\u9f13\u6d6a\u5c7f\u82b1\u95f4\u6811\u91cc\u5ead\u9662\u5ba2\u6808", "order_time": ["2019-01-12 12:46:22"], "total_order": 1, "hotel_value": ["4.7"], "hotel_price": ["184"]}, "1860280": {"hotel_name": "\u6021\u83b1\u9152\u5e97(\u53a6\u95e8\u96c6\u7f8e\u5b66\u6751\u5e97)", "order_time": ["2019-01-12 12:46:28"], "total_order": 1, "hotel_value": ["4.5"], "hotel_price": ["142"]}, "431965": {"hotel_name": "\u53a6\u95e8\u7f8e\u4ed1\u7693\u6656\u9152\u5e97", "order_time": ["2019-01-12 12:46:41"], "total_order": 1, "hotel_value": ["4.7"], "hotel_price": ["198"]}, "5850603": {"hotel_name": "\u53a6\u95e8\u5370\u8c61\u6d77\u6e7e\u5ea6\u5047\u522b\u5885", "order_time": ["2019-01-12 12:46:44"], "total_order": 1, "hotel_value": ["4.9"], "hotel_price": ["139"]}, "2233112": {"hotel_name": "\u53a6\u95e8\u4e1c\u8fb0\u5927\u9152\u5e97", "order_time": ["2019-01-12 12:48:05"], "total_order": 1, "hotel_value": ["4.2"], "hotel_price": ["182"]}, "25633183": {"hotel_name": "\u5fc3\u8fdc\u9152\u5e97(\u53a6\u95e8\u8f6e\u6e21\u4e2d\u5c71\u8def\u6b65\u884c\u8857\u5e97)", "order_time": ["2019-01-12 12:48:05"], "total_order": 1, "hotel_value": ["4.2"], "hotel_price": ["192"]}, "1641097": {"hotel_name": "\u9f13\u6d6a\u5c7f\u56db\u5b63\u82b1\u65c5\u9986(\u539f\u521d\u590f\u65c5\u9986)", "order_time": ["2019-01-12 12:48:07"], "total_order": 1, "hotel_value": ["4.9"], "hotel_price": ["179"]}, "6470572": {"hotel_name": "\u53a6\u95e8\u6709\u95f4\u623f\u5b50\u8bbe\u8ba1\u5e08\u6c11\u5bbf", "order_time": ["2019-01-12 12:48:08"], "total_order": 1, "hotel_value": ["4.6"], "hotel_price": ["204"]}, "5980230": {"hotel_name": "\u53a6\u95e8\u9f13\u6d6a\u5c7f\u542c\u96e8\u8f69\u7cbe\u54c1\u5ba2\u6808\u5927\u5b66\u751f\u521b\u4e1a\u57fa\u5730\u5e97", "order_time": ["2019-01-12 13:12:14", "2019-01-12 13:00:08", "2019-01-12 12:54:14", "2019-01-12 12:48:08"], "total_order": 4, "hotel_value": ["4.8", "4.8", "4.8", "4.8"], "hotel_price": ["95", "95", "95", "95"]}, "2000401": {"hotel_name": "\u5586\u5561\u9152\u5e97(\u53a6\u95e8\u9f13\u6d6a\u5c7f\u4e2d\u5c71\u8def\u7b2c\u4e00\u7801\u5934\u5e97)", "order_time": ["2019-01-12 12:48:08"], "total_order": 1, "hotel_value": ["4.7"], "hotel_price": ["208"]}, "4437721": {"hotel_name": "\u53a6\u95e8\u7231\u7b51\u6d77\u666f\u7cbe\u54c1\u4e3b\u9898\u9152\u5e97", "order_time": ["2019-01-12 12:48:08"], "total_order": 1, "hotel_value": ["4.5"], "hotel_price": ["310"]}, "451156": {"hotel_name": "\u9f13\u6d6a\u5c7f\u53a6\u6808\u56db\u5b63\u661f\u7a7a\u9152\u5e97", "order_time": ["2019-01-12 12:48:11"], "total_order": 1, "hotel_value": ["4.0"], "hotel_price": ["114"]}, "976678": {"hotel_name": "\u5982\u5bb6\u7cbe\u9009\u9152\u5e97(\u53a6\u95e8\u83b2\u5742\u660e\u53d1\u5546\u4e1a\u5e7f\u573a\u5e97)", "order_time": ["2019-01-12 12:48:12"], "total_order": 1, "hotel_value": ["4.7"], "hotel_price": ["284"]}, "23571482": {"hotel_name": "\u53a6\u95e8\u5e78\u798f\u65f6\u5149\u516c\u5bd3", "order_time": ["2019-01-12 13:10:12", "2019-01-12 12:48:13"], "total_order": 2, "hotel_value": ["4.9", "4.9"], "hotel_price": ["130", "130"]}, "2892636": {"hotel_name": "\u53a6\u95e8\u53c1\u62fe\u53c1\u53f7\u5ba2\u6808(\u539f\u6162\u751f\u6d3b\u65b0\u5bbf\u5ba2\u6808)", "order_time": ["2019-01-12 12:48:13"], "total_order": 1, "hotel_value": ["4.9"], "hotel_price": ["138"]}, "1583129": {"hotel_name": "\u5982\u5bb6\u5feb\u6377\u9152\u5e97\uff08\u53a6\u95e8\u4e00\u4e2d\u5c06\u519b\u7960\u5730\u94c1\u7ad9\u5e97\uff09", "order_time": ["2019-01-12 12:48:15"], "total_order": 1, "hotel_value": ["4.5"], "hotel_price": ["132"]}, "1787526": {"hotel_name": "\u53a6\u95e8\u9690\u897f\u6c11\u5bbf", "order_time": ["2019-01-12 12:48:16"], "total_order": 1, "hotel_value": ["4.9"], "hotel_price": ["234"]}, "2301848": {"hotel_name": "7\u5929\u4f18\u54c1\u9152\u5e97(\u53a6\u95e8\u673a\u573a\u7fd4\u9e6d\u5e97)", "order_time": ["2019-01-12 12:48:20"], "total_order": 1, "hotel_value": ["4.6"], "hotel_price": ["169"]}, "1510164": {"hotel_name": "\u53a6\u95e8\u66fe\u83f2\u513f\u82b1\u56ed\u9152\u5e97(\u539f\u7ea2\u7d20\u5ea6\u5047\u522b\u5885)", "order_time": ["2019-01-12 12:48:21"], "total_order": 1, "hotel_value": ["4.9"], "hotel_price": ["201"]}, "22766983": {"hotel_name": "\u9e97\u67ab\u9152\u5e97(\u53a6\u95e8\u4e2d\u5c71\u8def\u6b65\u884c\u8857\u5e97)", "order_time": ["2019-01-12 12:50:07"], "total_order": 1, "hotel_value": ["4.7"], "hotel_price": ["282"]}, "458319": {"hotel_name": "\u9752\u5e74\u9633\u5149\u9152\u5e97(\u53a6\u95e8\u706b\u8f66\u7ad9\u6587\u7076\u5e97)", "order_time": ["2019-01-12 12:50:07"], "total_order": 1, "hotel_value": ["4.5"], "hotel_price": ["134"]}, "1799733": {"hotel_name": "\u53a6\u95e8\u9f13\u6d6a\u5c7f\u4e01\u9999\u82b1\u56ed\u65c5\u9986", "order_time": ["2019-01-12 12:50:08"], "total_order": 1, "hotel_value": ["4.8"], "hotel_price": ["369"]}, "15718121": {"hotel_name": "\u53a6\u95e8\u66fe\u539d\u57b5\u4e00\u683c\u6816\u5bbf", "order_time": ["2019-01-12 12:50:09"], "total_order": 1, "hotel_value": ["4.9"], "hotel_price": ["255"]}, "8568987": {"hotel_name": "\u5e0c\u5cb8\u00b7\u8f7b\u96c5\u9152\u5e97(\u9f13\u6d6a\u5c7f\u5d69\u5c7f\u7801\u5934\u5e97)", "order_time": ["2019-01-12 12:50:10"], "total_order": 1, "hotel_value": ["4.8"], "hotel_price": ["182"]}, "369748": {"hotel_name": "\u53a6\u95e8\u6d77\u6e2f\u82f1\u8fea\u683c\u9152\u5e97", "order_time": ["2019-01-12 12:50:10"], "total_order": 1, "hotel_value": ["4.7"], "hotel_price": ["849"]}, "6112181": {"hotel_name": "\u53a6\u95e8\u6c38\u4e3d\u8fbe\u4e3d\u5448\u9152\u5e97", "order_time": ["2019-01-12 12:50:12"], "total_order": 1, "hotel_value": ["4.8"], "hotel_price": ["439"]}, "926626": {"hotel_name": "\u53a6\u95e8\u6885\u56ed\u9152\u5e97", "order_time": ["2019-01-12 12:50:13"], "total_order": 1, "hotel_value": ["4.5"], "hotel_price": ["216"]}, "1714745": {"hotel_name": "\u82b1\u7b51\u00b7\u53a6\u95e8\u68a6\u697c\u5ba2\u6808", "order_time": ["2019-01-12 12:50:15"], "total_order": 1, "hotel_value": ["4.7"], "hotel_price": ["215"]}, "436708": {"hotel_name": "\u53a6\u95e8\u91d1\u540e\u9152\u5e97", "order_time": ["2019-01-12 13:02:11", "2019-01-12 13:10:05", "2019-01-12 12:50:22", "2019-01-12 12:52:05", "2019-01-12 13:06:11"], "total_order": 5, "hotel_value": ["4.6", "4.6", "4.6", "4.6", "4.6"], "hotel_price": ["226", "226", "226", "226", "226"]}, "789775": {"hotel_name": "\u5408\u4f73\u9152\u5e97(\u53a6\u95e8\u5c06\u519b\u7960\u5730\u94c1\u7ad9\u5e97)", "order_time": ["2019-01-12 12:52:05"], "total_order": 1, "hotel_value": ["4.6"], "hotel_price": ["163"]}, "5435657": {"hotel_name": "\u9f13\u6d6a\u5c7f\u5706\u6c99\u6d32\u4e3b\u9898\u522b\u5885", "order_time": ["2019-01-12 12:52:06"], "total_order": 1, "hotel_value": ["4.9"], "hotel_price": ["203"]}, "28565834": {"hotel_name": "\u53a6\u95e8\u559c\u7f8e\u7f8e\u5c45\u9152\u5e97", "order_time": ["2019-01-12 12:52:07"], "total_order": 1, "hotel_value": ["5.0"], "hotel_price": ["371"]}, "472361": {"hotel_name": "\u53a6\u95e8\u660e\u73e0\u6d77\u6e7e\u5927\u9152\u5e97", "order_time": ["2019-01-12 13:16:12", "2019-01-12 12:52:08"], "total_order": 2, "hotel_value": ["4.5", "4.5"], "hotel_price": ["342", "342"]}, "1230104": {"hotel_name": "\u53a6\u95e8\u63a2\u7d22\u9152\u5e97", "order_time": ["2019-01-12 12:52:08"], "total_order": 1, "hotel_value": ["4.5"], "hotel_price": ["433"]}, "434801": {"hotel_name": "\u53a6\u95e8\u51ef\u88d5\u7f8e\u7235\u9152\u5e97", "order_time": ["2019-01-12 13:06:11", "2019-01-12 12:52:12"], "total_order": 2, "hotel_value": ["4.5", "4.5"], "hotel_price": ["519", "519"]}, "11159573": {"hotel_name": "\u53a6\u95e8\u98de\u5bbf\u8fde\u9501\u4e3d\u820d\u00b7\u6735\u62c9\u5e84\u56ed", "order_time": ["2019-01-12 12:52:13"], "total_order": 1, "hotel_value": ["4.9"], "hotel_price": ["177"]}, "779669": {"hotel_name": "\u6d77\u53cb\u826f\u54c1\u9152\u5e97(\u53a6\u95e8SM\u5e7f\u573a\u53f0\u6e7e\u8857\u5e97)", "order_time": ["2019-01-12 12:52:14"], "total_order": 1, "hotel_value": ["4.4"], "hotel_price": ["149"]}, "22566380": {"hotel_name": "\u53a6\u95e8\u9752\u6728\u6a7c\u5bbf\u9752\u5e74\u65c5\u820d", "order_time": ["2019-01-12 12:52:23"], "total_order": 1, "hotel_value": ["4.7"], "hotel_price": ["75"]}, "436737": {"hotel_name": "\u53a6\u95e8\u9f13\u6d6a\u5c7f\u60a6\u7cbe\u54c1\u9152\u5e97", "order_time": ["2019-01-12 13:04:21", "2019-01-12 12:52:28"], "total_order": 2, "hotel_value": ["4.5", "4.5"], "hotel_price": ["138", "138"]}, "1856716": {"hotel_name": "\u53a6\u95e8\u9e6d\u5c9b49\u53f7\u522b\u5885", "order_time": ["2019-01-12 12:56:24", "2019-01-12 12:54:06"], "total_order": 2, "hotel_value": ["4.8", "4.8"], "hotel_price": ["256", "256"]}, "2290014": {"hotel_name": "\u53a6\u95e8\u541b\u6021\u9152\u5e97", "order_time": ["2019-01-12 13:08:06", "2019-01-12 12:54:10", "2019-01-12 13:22:04"], "total_order": 3, "hotel_value": ["4.7", "4.7", "4.7"], "hotel_price": ["259", "259", "259"]}, "440397": {"hotel_name": "\u7231\u4e01\u5821\u9152\u5e97(\u53a6\u95e8\u53a6\u9f13\u7801\u5934\u5e97)(\u539f\u9890\u9526\u9152\u5e97)", "order_time": ["2019-01-12 12:54:13"], "total_order": 1, "hotel_value": ["4.6"], "hotel_price": ["104"]}, "7808924": {"hotel_name": "\u53a6\u95e8\u5317\u7ad9\u5357\u57ce\u5c0f\u82d1", "order_time": ["2019-01-12 12:54:19"], "total_order": 1, "hotel_value": ["4.8"], "hotel_price": ["87"]}, "1522806": {"hotel_name": "\u53a6\u95e8\u4e91\u6d77\u7cbe\u54c1\u5ea6\u5047\u5c4b", "order_time": ["2019-01-12 12:54:26"], "total_order": 1, "hotel_value": ["4.9"], "hotel_price": ["105"]}, "375295": {"hotel_name": "\u53a6\u95e8\u7fd4\u9e6d\u56fd\u9645\u5927\u9152\u5e97", "order_time": ["2019-01-12 12:56:11"], "total_order": 1, "hotel_value": ["4.4"], "hotel_price": ["317"]}, "2304885": {"hotel_name": "7\u5929\u8fde\u9501\u9152\u5e97(\u53a6\u95e8\u5927\u5b66\u5357\u666e\u9640\u5e97)", "order_time": ["2019-01-12 12:56:12"], "total_order": 1, "hotel_value": ["4.4"], "hotel_price": ["199"]}, "1183602": {"hotel_name": "\u516b\u82f1\u91cc\u9152\u5e97(\u53a6\u95e8\u4e2d\u5c71\u8def\u5e97)", "order_time": ["2019-01-12 12:56:13"], "total_order": 1, "hotel_value": ["4.7"], "hotel_price": ["135"]}, "436734": {"hotel_name": "\u53a6\u95e8\u9f13\u6d6a\u5c7f\u90a3\u5b85\u9152\u5e97", "order_time": ["2019-01-12 12:56:15"], "total_order": 1, "hotel_value": ["4.6"], "hotel_price": ["753"]}, "929583": {"hotel_name": "\u5982\u5bb6\u5feb\u6377\u9152\u5e97(\u53a6\u95e8\u706b\u8f66\u7ad9\u5e7f\u573a\u5e97)", "order_time": ["2019-01-12 12:56:16"], "total_order": 1, "hotel_value": ["4.5"], "hotel_price": ["161"]}, "2056377": {"hotel_name": "\u53a6\u95e8\u5929\u4f7f\u6d77\u6e7e\u4f1a\u5c55\u9152\u5e97", "order_time": ["2019-01-12 12:56:18"], "total_order": 1, "hotel_value": ["4.4"], "hotel_price": ["193"]}, "7840524": {"hotel_name": "\u53a6\u95e8\u5317\u7ad9\u79c1\u5954\u5ba2\u6808", "order_time": ["2019-01-12 12:56:20"], "total_order": 1, "hotel_value": ["4.7"], "hotel_price": ["103"]}, "4964443": {"hotel_name": "\u56fd\u738b\u76d2\u5b50\u5ea6\u5047\u5c4b(\u9f13\u6d6a\u5c7f\u54c8\u5c3c\u5e97)", "order_time": ["2019-01-12 12:56:20", "2019-01-12 13:04:17"], "total_order": 2, "hotel_value": ["4.7", "4.7"], "hotel_price": ["189", "189"]}, "839432": {"hotel_name": "\u6f2b\u8d70\u5ba2\u6808(\u53a6\u95e8\u4e8c\u5e97)", "order_time": ["2019-01-12 12:56:20"], "total_order": 1, "hotel_value": ["4.5"], "hotel_price": ["113"]}, "6696948": {"hotel_name": "\u53a6\u95e8\u6850\u7a0b\u590d\u5f0f\u516c\u5bd3\u9152\u5e97", "order_time": ["2019-01-12 12:56:22"], "total_order": 1, "hotel_value": ["4.7"], "hotel_price": ["220"]}, "1066354": {"hotel_name": "\u6613\u4f70\u8fde\u9501\u65c5\u5e97(\u53a6\u95e8\u6d77\u5bcc\u5e97)", "order_time": ["2019-01-12 12:56:24"], "total_order": 1, "hotel_value": ["4.0"], "hotel_price": ["95"]}, "1065306": {"hotel_name": "\u9f13\u6d6a\u5c7f\u516d\u60a6\u6d77\u666f\u9152\u5e97(\u539f\u516d\u60a6\u82b1\u56ed\u9152\u5e97)", "order_time": ["2019-01-12 12:58:04"], "total_order": 1, "hotel_value": ["4.7"], "hotel_price": ["382"]}, "1549581": {"hotel_name": "\u53a6\u95e8\u7121\u4e8c\u00b7\u4e16\u5916\u8bbe\u8ba1\u578b\u5ea6\u5047\u522b\u5885", "order_time": ["2019-01-12 12:58:04"], "total_order": 1, "hotel_value": ["4.9"], "hotel_price": ["378"]}, "1247067": {"hotel_name": "\u53a6\u95e8\u5341\u56db\u4efd\u5ba2\u6808", "order_time": ["2019-01-12 12:58:06"], "total_order": 1, "hotel_value": ["4.9"], "hotel_price": ["150"]}, "1719842": {"hotel_name": "\u53a6\u95e821\u533a\u521b\u610f\u9152\u5e97(\u539f\u548c\u681121\u533a\u521b\u610f\u9152\u5e97)", "order_time": ["2019-01-12 12:58:10"], "total_order": 1, "hotel_value": ["4.2"], "hotel_price": ["96"]}, "483838": {"hotel_name": "\u53a6\u95e8\u7a7a\u6e2f\u4f70\u7fd4\u82b1\u56ed\u9152\u5e97", "order_time": ["2019-01-12 12:58:14", "2019-01-12 13:02:07"], "total_order": 2, "hotel_value": ["4.5", "4.5"], "hotel_price": ["292", "292"]}, "2599676": {"hotel_name": "\u53a6\u95e8\u897f\u66fc\u9633\u65c5\u9986", "order_time": ["2019-01-12 12:58:16"], "total_order": 1, "hotel_value": ["4.6"], "hotel_price": ["104"]}, "1292954": {"hotel_name": "\u53a6\u95e8\u4e00\u820d\u6d77\u666f\u667a\u80fd\u6c11\u5bbf", "order_time": ["2019-01-12 12:58:16"], "total_order": 1, "hotel_value": ["4.7"], "hotel_price": ["276"]}, "2083381": {"hotel_name": "\u53a6\u95e8\u534a\u5761\u5c0f\u7b51", "order_time": ["2019-01-12 12:58:18"], "total_order": 1, "hotel_value": ["4.7"], "hotel_price": ["84"]}, "6865406": {"hotel_name": "\u53a6\u95e8\u91d1\u6c47\u5cf0\u5546\u52a1\u5bbe\u9986", "order_time": ["2019-01-12 12:58:22"], "total_order": 1, "hotel_value": ["4.7"], "hotel_price": ["164"]}, "6841235": {"hotel_name": "\u53a6\u95e8\u6f58\u591a\u62c9\u6d77\u666f\u9152\u5e97\u516c\u5bd3", "order_time": ["2019-01-12 12:58:24"], "total_order": 1, "hotel_value": ["4.7"], "hotel_price": ["410"]}, "1211268": {"hotel_name": "\u53a6\u95e8\u6e56\u91cc\u9890\u8c6a\u9152\u5e97", "order_time": ["2019-01-12 12:58:24"], "total_order": 1, "hotel_value": ["4.7"], "hotel_price": ["458"]}, "5304879": {"hotel_name": "\u53a6\u95e8\u826f\u6816\u6c11\u5bbf", "order_time": ["2019-01-12 12:58:29"], "total_order": 1, "hotel_value": ["4.6"], "hotel_price": ["158"]}, "5660213": {"hotel_name": "\u53a6\u95e8\u827e\u7b51\u9152\u5e97\u516c\u5bd3", "order_time": ["2019-01-12 12:58:29"], "total_order": 1, "hotel_value": ["4.7"], "hotel_price": ["200"]}, "2301832": {"hotel_name": "7\u5929\u8fde\u9501\u9152\u5e97(\u53a6\u95e8\u4e2d\u5c71\u8def\u8f6e\u6e21\u5e97)", "order_time": ["2019-01-12 12:58:31"], "total_order": 1, "hotel_value": ["4.2"], "hotel_price": ["126"]}, "4041819": {"hotel_name": "\u5bb6\u5bb6\u4e50\u9152\u5e97\uff08\u53a6\u95e8\u4e2d\u5c71\u8def\u6b65\u884c\u8857\u5e97\uff09", "order_time": ["2019-01-12 12:58:45"], "total_order": 1, "hotel_value": ["4.4"], "hotel_price": ["218"]}, "2513527": {"hotel_name": "\u53a6\u95e8\u66fe\u539d\u57b5\u82b1\u8bed\u5ead\u7cbe\u54c1\u5ba2\u6808", "order_time": ["2019-01-12 12:58:45", "2019-01-12 13:10:43"], "total_order": 2, "hotel_value": ["4.7", "4.7"], "hotel_price": ["123", "123"]}, "10906517": {"hotel_name": "\u53a6\u95e8\u9e6d\u5c9b\u522b\u82d1\u6d77\u8fb9\u5ea6\u5047\u522b\u5885", "order_time": ["2019-01-12 13:00:06"], "total_order": 1, "hotel_value": ["4.9"], "hotel_price": ["132"]}, "1730297": {"hotel_name": "\u53a6\u95e8\u9f13\u6d6a\u5c7f\u7434\u6d77\u5e84\u56ed\u6d77\u666f\u9152\u5e97", "order_time": ["2019-01-12 13:00:08"], "total_order": 1, "hotel_value": ["4.6"], "hotel_price": ["418"]}, "486065": {"hotel_name": "\u6da6\u5ead\u7cbe\u54c1\u9152\u5e97(\u53a6\u95e8\u90ae\u8f6e\u7801\u5934\u4f53\u80b2\u4e2d\u5fc3\u5e97)", "order_time": ["2019-01-12 13:00:08"], "total_order": 1, "hotel_value": ["4.4"], "hotel_price": ["184"]}, "6955152": {"hotel_name": "\u53a6\u95e8\u541b\u96c5\u65f6\u5c1a\u9152\u5e97(\u539f\u4e98\u91d1\u9152\u5e97)", "order_time": ["2019-01-12 13:00:13", "2019-01-12 13:02:16"], "total_order": 2, "hotel_value": ["4.8", "4.8"], "hotel_price": ["81", "81"]}, "1742980": {"hotel_name": "\u4f73\u6a59\u5feb\u6377\u9152\u5e97\uff08\u53a6\u95e8\u706b\u8f66\u7ad9\u5e97\uff09", "order_time": ["2019-01-12 13:00:26"], "total_order": 1, "hotel_value": ["4.1"], "hotel_price": ["153"]}, "2303793": {"hotel_name": "\u53a6\u95e8\u946b\u5b89\u5b9a\u65c5\u9986(\u539f\u5b89\u5b9a\u9152\u5e97(\u53a6\u95e8\u4e2d\u5c71\u8def\u5e97))", "order_time": ["2019-01-12 13:00:27"], "total_order": 1, "hotel_value": ["4.3"], "hotel_price": ["103"]}, "6247696": {"hotel_name": "\u53a6\u95e8\u5357\u57ce\u65c5\u793e", "order_time": ["2019-01-12 13:00:30"], "total_order": 1, "hotel_value": [0], "hotel_price": ["78"]}, "11159817": {"hotel_name": "\u53a6\u95e8\u516b\u6708\u7396\u6c11\u5bbf", "order_time": ["2019-01-12 13:00:51"], "total_order": 1, "hotel_value": ["4.6"], "hotel_price": ["139"]}, "428654": {"hotel_name": "\u53a6\u95e8\u541b\u6cf0\u9152\u5e97", "order_time": ["2019-01-12 13:02:06", "2019-01-12 13:18:11"], "total_order": 2, "hotel_value": ["4.5", "4.5"], "hotel_price": ["506", "506"]}, "346273": {"hotel_name": "\u53a6\u95e8\u78d0\u57fa\u5e0c\u5c14\u987f\u9152\u5e97", "order_time": ["2019-01-12 13:02:07"], "total_order": 1, "hotel_value": ["4.6"], "hotel_price": ["919"]}, "6662105": {"hotel_name": "\u53a6\u95e8\u6816\u5c45\u5ba2\u6808", "order_time": ["2019-01-12 13:02:09"], "total_order": 1, "hotel_value": ["5.0"], "hotel_price": ["98"]}, "4629287": {"hotel_name": "\u53a6\u95e8\u6d77\u897f\u6d77\u8fb9\u5ea6\u5047\u5ba2\u6808", "order_time": ["2019-01-12 13:02:10"], "total_order": 1, "hotel_value": ["4.8"], "hotel_price": ["161"]}, "4960975": {"hotel_name": "\u548c\u9890\u9152\u5e97(\u53a6\u95e8\u4e2d\u5c71\u8def\u6b65\u884c\u8857\u5e97)", "order_time": ["2019-01-12 13:02:11"], "total_order": 1, "hotel_value": ["4.7"], "hotel_price": ["274"]}, "375297": {"hotel_name": "\u53a6\u95e8\u9a6c\u54e5\u5b5b\u7f57\u4e1c\u65b9\u5927\u9152\u5e97", "order_time": ["2019-01-12 13:02:13"], "total_order": 1, "hotel_value": ["4.6"], "hotel_price": ["662"]}, "1451709": {"hotel_name": "\u53a6\u95e8\u5ead\u4e3d\u666f\u4fbf\u6377\u516c\u5bd3", "order_time": ["2019-01-12 13:02:16"], "total_order": 1, "hotel_value": ["4.7"], "hotel_price": ["118"]}, "2298734": {"hotel_name": "\u9526\u6c5f\u4e4b\u661f(\u53a6\u95e8\u96c6\u7f8e\u5b66\u6751\u5e97)", "order_time": ["2019-01-12 13:02:17", "2019-01-12 13:10:07"], "total_order": 2, "hotel_value": ["4.4", "4.4"], "hotel_price": ["209", "209"]}, "2079596": {"hotel_name": "\u53a6\u95e8\u9e3f\u7fd4\u5546\u52a1\u9152\u5e97", "order_time": ["2019-01-12 13:02:19"], "total_order": 1, "hotel_value": ["4.2"], "hotel_price": ["144"]}, "2304550": {"hotel_name": "\u53a6\u95e8\u7b7c\u7b5c\u4e66\u9662\u4ea4\u6d41\u4e2d\u5fc3", "order_time": ["2019-01-12 13:02:19"], "total_order": 1, "hotel_value": ["4.4"], "hotel_price": ["390"]}, "1582688": {"hotel_name": "\u53a6\u95e8\u7c73\u6b27\u98ce\u60c5\u4e3b\u9898\u9152\u5e97(\u89c2\u97f3\u5c71\u6d77\u666f\u5e97)", "order_time": ["2019-01-12 13:02:52"], "total_order": 1, "hotel_value": ["4.5"], "hotel_price": ["270"]}, "469816": {"hotel_name": "\u53a6\u95e8\u5723\u5e0c\u7f57\u9152\u5e97", "order_time": ["2019-01-12 13:04:04"], "total_order": 1, "hotel_value": ["4.4"], "hotel_price": ["288"]}, "6554578": {"hotel_name": "\u53a6\u95e8\u76db\u6377\u8f6f\u4ef6\u56ed\u670d\u52a1\u516c\u5bd3", "order_time": ["2019-01-12 13:04:05"], "total_order": 1, "hotel_value": ["4.6"], "hotel_price": ["467"]}, "6511790": {"hotel_name": "\u53a6\u95e8\u822a\u5929\u516c\u5bd3\u673a\u573a\u5e97", "order_time": ["2019-01-12 13:04:06"], "total_order": 1, "hotel_value": ["4.5"], "hotel_price": ["93"]}, "1473703": {"hotel_name": "\u53a6\u95e8LOFT\u56fd\u9645\u9752\u5e74\u65c5\u820d", "order_time": ["2019-01-12 13:04:06"], "total_order": 1, "hotel_value": ["4.6"], "hotel_price": ["35"]}, "2315604": {"hotel_name": "\u82b1\u5ead\u65c5\u9986(\u53a6\u95e8\u9f13\u6d6a\u5c7f\u7a1a\u68a6\u5e97)", "order_time": ["2019-01-12 13:04:09"], "total_order": 1, "hotel_value": ["4.8"], "hotel_price": ["232"]}, "8568992": {"hotel_name": "\u53a6\u95e8\u5c7f\u60a6\u65c5\u5bbf", "order_time": ["2019-01-12 13:04:10"], "total_order": 1, "hotel_value": ["4.8"], "hotel_price": ["193"]}, "2305465": {"hotel_name": "\u901f8\u9152\u5e97(\u53a6\u95e8\u540c\u5b89\u540c\u96c6\u5317\u8def\u5e97)", "order_time": ["2019-01-12 13:04:11"], "total_order": 1, "hotel_value": ["3.8"], "hotel_price": ["140"]}, "5724702": {"hotel_name": "\u51e4\u51f0\u5c45\u9152\u5e97(\u9f13\u6d6a\u5c7f\u65e5\u5149\u5ca9\u5e97)", "order_time": ["2019-01-12 13:04:15"], "total_order": 1, "hotel_value": ["4.9"], "hotel_price": ["543"]}, "474586": {"hotel_name": "\u5982\u5bb6\u8054\u76df\u00b7\u53a6\u95e8\u6591\u6593\u9152\u5e97(\u539f\u91d1\u5e1d\u9152\u5e97)", "order_time": ["2019-01-12 13:04:18", "2019-01-12 13:16:08"], "total_order": 2, "hotel_value": ["4.8", "4.8"], "hotel_price": ["305", "305"]}, "6052144": {"hotel_name": "\u53a6\u95e8\u66fe\u73e0\u6e2f\u57ce\u5821\u5e84\u56ed", "order_time": ["2019-01-12 13:06:09", "2019-01-12 13:10:12"], "total_order": 2, "hotel_value": ["4.8", "4.8"], "hotel_price": ["169", "169"]}, "2187819": {"hotel_name": "\u53a6\u95e8\u9f13\u6d6a\u5c7f\u7f18\u4e2d\u56ed\u4f11\u95f2\u5ea6\u5047\u522b\u5885", "order_time": ["2019-01-12 13:06:10"], "total_order": 1, "hotel_value": ["4.6"], "hotel_price": ["148"]}, "11017203": {"hotel_name": "\u53a6\u95e8\u6654\u754c\u5ea6\u5047\u522b\u5885\u66fe\u539d\u57b5\u5e97", "order_time": ["2019-01-12 13:06:12"], "total_order": 1, "hotel_value": ["4.6"], "hotel_price": ["284"]}, "1299817": {"hotel_name": "\u5408\u4f73\u9152\u5e97(\u53a6\u95e8\u673a\u573a\u5e97)", "order_time": ["2019-01-12 13:06:15"], "total_order": 1, "hotel_value": ["4.0"], "hotel_price": ["204"]}, "2298925": {"hotel_name": "\u53a6\u95e8\u7d2b\u91d1\u5bbe\u9986", "order_time": ["2019-01-12 13:06:15"], "total_order": 1, "hotel_value": ["4.2"], "hotel_price": ["270"]}, "2702202": {"hotel_name": "\u5361\u6885\u8389\u4e9a\u5ba2\u6808(\u53a6\u95e8\u66fe\u539d\u57b5\u5e97)", "order_time": ["2019-01-12 13:06:20"], "total_order": 1, "hotel_value": ["4.6"], "hotel_price": ["96"]}, "6976013": {"hotel_name": "\u53a6\u95e8\u66fe\u539d\u57b5\u5f52\u5885\u65b0\u5ba2\u6808", "order_time": ["2019-01-12 13:06:24"], "total_order": 1, "hotel_value": ["4.3"], "hotel_price": ["173"]}, "19735131": {"hotel_name": "\u53a6\u95e8\u6cab\u5bd3\u9152\u5e97\u5f0f\u516c\u5bd3", "order_time": ["2019-01-12 13:08:06"], "total_order": 1, "hotel_value": ["4.8"], "hotel_price": ["117"]}, "2043594": {"hotel_name": "7\u5929\u8fde\u9501\u9152\u5e97(\u53a6\u95e8\u53f0\u6e7e\u8857\u5e97)", "order_time": ["2019-01-12 13:08:06"], "total_order": 1, "hotel_value": ["4.4"], "hotel_price": ["159"]}, "5788864": {"hotel_name": "\u53a6\u95e8\u5eb7\u83b1\u5fb7\u9152\u5e97", "order_time": ["2019-01-12 13:08:07"], "total_order": 1, "hotel_value": ["4.7"], "hotel_price": ["1771"]}, "700170": {"hotel_name": "\u541b\u5e1d\u6e7e\u9152\u5e97(\u53a6\u95e8\u5927\u5b66\u5e97)", "order_time": ["2019-01-12 13:08:13"], "total_order": 1, "hotel_value": ["4.5"], "hotel_price": ["194"]}, "3632720": {"hotel_name": "\u9f13\u6d6a\u5c7f\u672a\u95fb\u82b1\u540d\u65c5\u9986", "order_time": ["2019-01-12 13:08:15"], "total_order": 1, "hotel_value": ["4.8"], "hotel_price": ["114"]}, "5248597": {"hotel_name": "\u53a6\u95e8\u6c99\u5761\u5c3e\u9690\u5ba4\u6444\u5f71\u65c5\u9986", "order_time": ["2019-01-12 13:08:15"], "total_order": 1, "hotel_value": ["4.5"], "hotel_price": ["69"]}, "700166": {"hotel_name": "\u53a6\u95e8\u534e\u7f8e\u6930\u6797\u9152\u5e97(\u539fCOCO\u6930\u6797\u7cbe\u54c1\u9152\u5e97)", "order_time": ["2019-01-12 13:08:17"], "total_order": 1, "hotel_value": ["4.2"], "hotel_price": ["282"]}, "5449230": {"hotel_name": "\u53a6\u95e8\u4e00\u683c\u6d77\u666f\u5ea6\u5047\u9a7f\u6808", "order_time": ["2019-01-12 13:26:10", "2019-01-12 13:16:06", "2019-01-12 13:10:05"], "total_order": 3, "hotel_value": ["4.9", "4.9", "4.9"], "hotel_price": ["229", "229", "229"]}, "419463": {"hotel_name": "\u53a6\u95e8\u534e\u4fa8\u5927\u53a6", "order_time": ["2019-01-12 13:10:05"], "total_order": 1, "hotel_value": ["4.7"], "hotel_price": ["298"]}, "1639388": {"hotel_name": "\u4e03\u946b\u5929\u9152\u5e97(\u53a6\u95e8\u673a\u573a\u5e97)", "order_time": ["2019-01-12 13:10:05"], "total_order": 1, "hotel_value": ["4.4"], "hotel_price": ["144"]}, "486719": {"hotel_name": "\u53a6\u95e8\u827e\u5c3c\u00b7\u58f9\u6c34\u6e7e\u5ea6\u5047\u9152\u5e97(\u539f\u5929\u6717\u58f9\u6c34\u6e7e\u9152\u5e97)", "order_time": ["2019-01-12 13:10:06"], "total_order": 1, "hotel_value": ["4.4"], "hotel_price": ["406"]}, "7277750": {"hotel_name": "\u53a6\u95e8\u6b63\u5143\u5e0c\u5c14\u987f\u9038\u6797\u9152\u5e97", "order_time": ["2019-01-12 13:10:13"], "total_order": 1, "hotel_value": ["4.7"], "hotel_price": ["572"]}, "436735": {"hotel_name": "\u753b\u5eca\u65c5\u9986(\u9f13\u6d6a\u5c7f\u83ab\u5948\u82b1\u56ed\u5e97)(\u539f\u6bd3\u56ed\u9986)", "order_time": ["2019-01-12 13:10:43"], "total_order": 1, "hotel_value": ["4.9"], "hotel_price": ["458"]}, "1775387": {"hotel_name": "\u53a6\u95e8\u5e38\u9752\u9152\u5e97", "order_time": ["2019-01-12 13:12:07"], "total_order": 1, "hotel_value": ["4.6"], "hotel_price": ["144"]}, "4359404": {"hotel_name": "\u53a6\u95e8\u7d20\u8317\u5ba2\u6808", "order_time": ["2019-01-12 13:12:08"], "total_order": 1, "hotel_value": ["4.8"], "hotel_price": ["95"]}, "14996652": {"hotel_name": "\u53a6\u95e8\u9c7c\u5c45\u6d77\u666f\u6c11\u5bbf", "order_time": ["2019-01-12 13:12:09"], "total_order": 1, "hotel_value": ["4.8"], "hotel_price": ["144"]}, "4337027": {"hotel_name": "\u9f13\u6d6a\u5c7f\u6e7e\u666f\u65c5\u9986", "order_time": ["2019-01-12 13:12:13"], "total_order": 1, "hotel_value": ["4.5"], "hotel_price": ["153"]}, "440483": {"hotel_name": "\u777f\u5f18\u5510\u4ee3\u5c14\u9152\u5e97(\u53a6\u95e8\u65b0\u8f6e\u6e21\u7801\u5934\u5e97)", "order_time": ["2019-01-12 13:12:15"], "total_order": 1, "hotel_value": ["4.2"], "hotel_price": ["203"]}, "1405442": {"hotel_name": "\u53a6\u95e8\u4f50\u6d77\u4f1a\u5c55\u9152\u5e97", "order_time": ["2019-01-12 13:12:17"], "total_order": 1, "hotel_value": ["3.7"], "hotel_price": ["188"]}, "2277879": {"hotel_name": "\u53a6\u95e8\u53a6\u5927\u73ca\u745a\u6d77\u7cbe\u54c1\u5ba2\u6808", "order_time": ["2019-01-12 13:12:21"], "total_order": 1, "hotel_value": ["4.7"], "hotel_price": ["79"]}, "19853957": {"hotel_name": "\u9038\u6cca\u5b87\u516c\u5bd3(\u53a6\u95e8\u673a\u573a\u5e97)", "order_time": ["2019-01-12 13:14:09"], "total_order": 1, "hotel_value": ["4.7"], "hotel_price": ["115"]}, "6355587": {"hotel_name": "\u590f\u5546\u6021\u7fd4\u5047\u65e5\u9152\u5e97(\u53a6\u95e8\u706b\u8f66\u7ad9\u5e97)", "order_time": ["2019-01-12 13:14:10"], "total_order": 1, "hotel_value": ["4.8"], "hotel_price": ["295"]}, "1613814": {"hotel_name": "\u7231\u83f2\u513f\u5ea6\u5047\u9152\u5e97(\u53a6\u95e8\u9f13\u6d6a\u5c7f1930\u5e97)", "order_time": ["2019-01-12 13:14:17"], "total_order": 1, "hotel_value": ["4.6"], "hotel_price": ["268"]}, "11264775": {"hotel_name": "\u53a6\u95e8\u5de2\u5f97\u671b\u5355\u8eab\u516c\u5bd3", "order_time": ["2019-01-12 13:14:35"], "total_order": 1, "hotel_value": ["4.8"], "hotel_price": ["198"]}, "1594372": {"hotel_name": "\u53a6\u95e8\u8bfa\u4e9a\u831c\u5ba2\u6808(\u539f\u4e91\u8212\u6d77\u8fb9\u5ea6\u5047\u5ba2\u6808)", "order_time": ["2019-01-12 13:14:37"], "total_order": 1, "hotel_value": ["3.6"], "hotel_price": ["138"]}, "1535937": {"hotel_name": "\u6c49\u5ead\u9152\u5e97(\u53a6\u95e8\u660e\u53d1\u5e7f\u573a\u5e97)", "order_time": ["2019-01-12 13:16:09"], "total_order": 1, "hotel_value": ["4.2"], "hotel_price": ["161"]}, "4424430": {"hotel_name": "\u53a6\u95e8\u60a6\u7f8e\u65f6\u5149\u6c11\u5bbf(\u539f\u6d77\u6d6a\u60c5\u7f18\u5ba2\u6808)", "order_time": ["2019-01-12 13:16:18"], "total_order": 1, "hotel_value": ["4.9"], "hotel_price": ["105"]}, "2611150": {"hotel_name": "\u4f73\u6a59\u9152\u5e97(\u53a6\u95e8\u678b\u6e56\u8f66\u7ad9\u5e97)", "order_time": ["2019-01-12 13:18:08", "2019-01-12 13:16:24"], "total_order": 2, "hotel_value": ["4.2", "4.2"], "hotel_price": ["92", "92"]}, "28024075": {"hotel_name": "\u53a6\u95e8\u73af\u5c9b\u8def\u4e9a\u6735S\u5ea6\u5047\u9152\u5e97", "order_time": ["2019-01-12 13:18:14"], "total_order": 1, "hotel_value": ["4.8"], "hotel_price": ["626"]}, "6485447": {"hotel_name": "\u5b9c\u5c1a\u9152\u5e97(\u53a6\u95e8\u673a\u573a\u706b\u70ac\u56ed\u5730\u94c1\u7ad9\u5e97)", "order_time": ["2019-01-12 13:18:14"], "total_order": 1, "hotel_value": ["4.6"], "hotel_price": ["249"]}, "2308660": {"hotel_name": "\u53a6\u95e8\u5982\u9e4f\u5bbe\u9986", "order_time": ["2019-01-12 13:18:23"], "total_order": 1, "hotel_value": ["3.2"], "hotel_price": ["108"]}, "21764649": {"hotel_name": "\u53a6\u95e8lailai\u7684\u9752\u65c5", "order_time": ["2019-01-12 13:18:25"], "total_order": 1, "hotel_value": ["4.5"], "hotel_price": ["55"]}, "2298885": {"hotel_name": "\u53a6\u95e8\u9f13\u6d6a\u5c7f\u6d77\u534e\u5ea6\u5047\u5c4b", "order_time": ["2019-01-12 13:18:43"], "total_order": 1, "hotel_value": ["5.0"], "hotel_price": ["225"]}, "2101828": {"hotel_name": "\u53a6\u95e8\u69ad\u540e\u9152\u5e97", "order_time": ["2019-01-12 13:20:06"], "total_order": 1, "hotel_value": ["4.8"], "hotel_price": ["196"]}, "1583162": {"hotel_name": "\u5982\u5bb6\u5546\u65c5\u9152\u5e97(\u53a6\u95e8\u4f1a\u5c55\u4e2d\u5fc3\u52a0\u5dde\u5546\u4e1a\u5e7f\u573a\u5e97)", "order_time": ["2019-01-12 13:28:09", "2019-01-12 13:22:04"], "total_order": 2, "hotel_value": ["4.8", "4.8"], "hotel_price": ["280", "280"]}, "1575123": {"hotel_name": "\u827e\u601d\u987f\u9152\u5e97(\u53a6\u95e8\u706b\u8f66\u7ad9\u5e97)", "order_time": ["2019-01-12 13:22:10"], "total_order": 1, "hotel_value": ["4.8"], "hotel_price": ["217"]}, "23944026": {"hotel_name": "\u9f13\u6d6a\u5c7f\u7231\u5c7f\u65c5\u9986", "order_time": ["2019-01-12 13:26:32"], "total_order": 1, "hotel_value": ["4.7"], "hotel_price": ["272"]}, "440782": {"hotel_name": "\u53a6\u95e8\u65fa\u8f89\u9152\u5e97", "order_time": ["2019-01-12 13:30:07"], "total_order": 1, "hotel_value": ["4.8"], "hotel_price": ["213"]}}}