{"\u5f00\u59cb\u8bb0\u5f55\u65f6\u95f4": "2019-01-17 18:45:51", "\u7ed3\u675f\u8bb0\u5f55\u65f6\u95f4": "2019-01-17 19:45:51", "\u8ba2\u5355\u603b\u589e\u91cf": 389, "item": {"436734": {"hotel_name": "\u53a6\u95e8\u9f13\u6d6a\u5c7f\u90a3\u5b85\u9152\u5e97", "order_time": ["2019-01-17 18:48:08"], "total_order": 1, "hotel_value": ["4.6"], "hotel_price": ["583"]}, "11164973": {"hotel_name": "\u53a6\u95e8\u8317\u00b7\u7d20hotel(\u539f\u827a\u5bbf\u5bb6hotel)", "order_time": ["2019-01-17 18:48:09"], "total_order": 1, "hotel_value": ["4.7"], "hotel_price": ["100"]}, "375292": {"hotel_name": "\u53a6\u95e8\u4eac\u95fd\u4e2d\u5fc3\u9152\u5e97", "order_time": ["2019-01-17 18:48:10", "2019-01-17 18:58:15"], "total_order": 2, "hotel_value": ["4.8", "4.8"], "hotel_price": ["550", "550"]}, "483838": {"hotel_name": "\u53a6\u95e8\u7a7a\u6e2f\u4f70\u7fd4\u82b1\u56ed\u9152\u5e97", "order_time": ["2019-01-17 18:48:10"], "total_order": 1, "hotel_value": ["4.5"], "hotel_price": ["292"]}, "1760902": {"hotel_name": "\u53a6\u95e8\u4e07\u4f73\u56fd\u9645\u9152\u5e97", "order_time": ["2019-01-17 18:48:10"], "total_order": 1, "hotel_value": ["4.6"], "hotel_price": ["423"]}, "472361": {"hotel_name": "\u53a6\u95e8\u660e\u73e0\u6d77\u6e7e\u5927\u9152\u5e97", "order_time": ["2019-01-17 18:48:10"], "total_order": 1, "hotel_value": ["4.5"], "hotel_price": ["342"]}, "438586": {"hotel_name": "\u53a6\u95e8\u5c71\u6c34\u4e3d\u666f\u5927\u9152\u5e97", "order_time": ["2019-01-17 18:48:10"], "total_order": 1, "hotel_value": ["4.4"], "hotel_price": ["380"]}, "375296": {"hotel_name": "\u53a6\u95e8\u65e5\u822a\u9152\u5e97", "order_time": ["2019-01-17 18:48:11", "2019-01-17 18:56:16"], "total_order": 2, "hotel_value": ["4.6", "4.6"], "hotel_price": ["756", "756"]}, "12624286": {"hotel_name": "\u9a7f\u8d77\u9152\u5e97\uff08\u53a6\u95e8\u5317\u7ad9\u5e97\uff09", "order_time": ["2019-01-17 18:48:12"], "total_order": 1, "hotel_value": ["4.6"], "hotel_price": ["159"]}, "12250282": {"hotel_name": "\u53a6\u95e8\u6e29\u5c3c\u65af\u00b7\u542c\u5fc3\u9662\u5c71\u5c45\u5ea6\u5047\u522b\u5885", "order_time": ["2019-01-17 18:48:13"], "total_order": 1, "hotel_value": ["4.9"], "hotel_price": ["489"]}, "702372": {"hotel_name": "\u9f99\u51c0\u53a6\u95e8\u9152\u5e97", "order_time": ["2019-01-17 18:48:13", "2019-01-17 18:52:10"], "total_order": 2, "hotel_value": ["4.5", "4.5"], "hotel_price": ["326", "326"]}, "1787526": {"hotel_name": "\u53a6\u95e8\u9690\u897f\u6c11\u5bbf", "order_time": ["2019-01-17 18:48:13"], "total_order": 1, "hotel_value": ["4.8"], "hotel_price": ["197"]}, "437446": {"hotel_name": "\u53a6\u95e8\u4f70\u7fd4\u8f6f\u4ef6\u56ed\u9152\u5e97", "order_time": ["2019-01-17 18:48:13"], "total_order": 1, "hotel_value": ["4.7"], "hotel_price": ["2880"]}, "744314": {"hotel_name": "\u5982\u5bb6\u5feb\u6377\u9152\u5e97(\u53a6\u95e8\u4e2d\u5c71\u8def\u6b65\u884c\u8857\u9547\u6d77\u8def\u5730\u94c1\u7ad9\u5e97)", "order_time": ["2019-01-17 18:48:14"], "total_order": 1, "hotel_value": ["4.4"], "hotel_price": ["170"]}, "458319": {"hotel_name": "\u9752\u5e74\u9633\u5149\u9152\u5e97(\u53a6\u95e8\u706b\u8f66\u7ad9\u6587\u7076\u5e97)", "order_time": ["2019-01-17 18:48:14"], "total_order": 1, "hotel_value": ["4.5"], "hotel_price": ["134"]}, "1386469": {"hotel_name": "\u5982\u5bb6\u5feb\u6377\u9152\u5e97(\u53a6\u95e8\u96c6\u7f8e\u5927\u5b66\u5e97)", "order_time": ["2019-01-17 18:48:14"], "total_order": 1, "hotel_value": ["4.4"], "hotel_price": ["142"]}, "6882800": {"hotel_name": "\u53a6\u95e8\u5e02\u601d\u6f6e\u4e3b\u9898\u5ba2\u6808", "order_time": ["2019-01-17 18:48:16"], "total_order": 1, "hotel_value": ["4.6"], "hotel_price": ["98"]}, "3925042": {"hotel_name": "\u53a6\u95e8\u540d\u95e8\u76db\u4e16\u00b7\u6587\u5316\u9152\u5e97", "order_time": ["2019-01-17 18:48:17"], "total_order": 1, "hotel_value": ["4.8"], "hotel_price": ["185"]}, "11725294": {"hotel_name": "\u53a6\u95e8\u5c1a\u5ead\u9152\u5e97\u516c\u5bd3", "order_time": ["2019-01-17 18:48:17"], "total_order": 1, "hotel_value": ["4.8"], "hotel_price": ["231"]}, "467592": {"hotel_name": "\u53a6\u95e8\u7f8e\u4ed1\u91d1\u60a6\u9152\u5e97", "order_time": ["2019-01-17 18:48:18"], "total_order": 1, "hotel_value": ["4.7"], "hotel_price": ["178"]}, "22817797": {"hotel_name": "\u53a6\u95e8SM\u57ce\u5e02\u5e7f\u573a\u5e0c\u5c14\u987f\u6b22\u670b\u9152\u5e97", "order_time": ["2019-01-17 18:48:18"], "total_order": 1, "hotel_value": ["4.5"], "hotel_price": ["508"]}, "482751": {"hotel_name": "\u53a6\u95e8\u9f13\u6d6a\u5c7f\u78d0\u8bfa\u5047\u65e5\u9152\u5e97", "order_time": ["2019-01-17 18:48:18"], "total_order": 1, "hotel_value": ["4.8"], "hotel_price": ["567"]}, "11511638": {"hotel_name": "\u53a6\u95e8\u5929\u6717\u7cbe\u54c1\u9152\u5e97\u516c\u5bd3", "order_time": ["2019-01-17 18:48:19"], "total_order": 1, "hotel_value": ["4.6"], "hotel_price": ["158"]}, "12051857": {"hotel_name": "\u53a6\u95e8\u6d6a\u6f2b\u65f6\u4ee3\u5ba2\u6808", "order_time": ["2019-01-17 18:48:20"], "total_order": 1, "hotel_value": ["4.6"], "hotel_price": ["71"]}, "929710": {"hotel_name": "\u53a6\u95e8\u516b\u5c71\u9152\u5e97", "order_time": ["2019-01-17 18:48:21"], "total_order": 1, "hotel_value": ["4.1"], "hotel_price": ["171"]}, "11052008": {"hotel_name": "\u53a6\u95e8\u5343\u767e\u5ea6\u5ba2\u6808", "order_time": ["2019-01-17 18:48:23"], "total_order": 1, "hotel_value": ["4.9"], "hotel_price": ["179"]}, "8568978": {"hotel_name": "\u53a6\u95e8\u5317\u7ad9\u6708\u5149\u5ba2\u6808", "order_time": ["2019-01-17 19:24:30", "2019-01-17 18:48:25"], "total_order": 2, "hotel_value": ["4.6", "4.6"], "hotel_price": ["108", "108"]}, "1480877": {"hotel_name": "\u53a6\u95e8\u9752\u5e74\u9633\u5149\u9152\u5e97(\u52a0\u5dde\u5e7f\u573a\u5e97)", "order_time": ["2019-01-17 18:48:28", "2019-01-17 18:54:14"], "total_order": 2, "hotel_value": ["4.4", "4.4"], "hotel_price": ["163", "163"]}, "5482771": {"hotel_name": "\u89c1\u6c50\u00b7\u4e00\u5e2d\u8bbe\u8ba1\u5e08\u7f8e\u5bbf", "order_time": ["2019-01-17 18:56:12", "2019-01-17 18:48:29"], "total_order": 2, "hotel_value": ["5.0", "5.0"], "hotel_price": ["223", "223"]}, "790582": {"hotel_name": "\u590f\u5546\u6021\u7fd4\u9152\u5e97(\u53a6\u95e8\u706b\u8f66\u7ad9\u5357\u6e56\u5e97)", "order_time": ["2019-01-17 18:48:29"], "total_order": 1, "hotel_value": ["4.6"], "hotel_price": ["298"]}, "9149539": {"hotel_name": "\u5b9c\u5c1a\u9152\u5e97(\u53a6\u95e8\u4e2d\u5c71\u8def\u6b65\u884c\u8857\u5e97)", "order_time": ["2019-01-17 18:48:29"], "total_order": 1, "hotel_value": ["4.6"], "hotel_price": ["263"]}, "1741443": {"hotel_name": "\u53a6\u95e8\u9f13\u6d6a\u5c7f\u9633\u5149\u4e45\u4e45\u65c5\u9986", "order_time": ["2019-01-17 18:48:32"], "total_order": 1, "hotel_value": ["4.1"], "hotel_price": ["132"]}, "1682829": {"hotel_name": "\u53a6\u95e8\u53a6\u5927\u6b27\u6d77\u9601\u5ea6\u5047\u5c4b", "order_time": ["2019-01-17 18:48:34", "2019-01-17 19:00:32", "2019-01-17 19:36:19"], "total_order": 3, "hotel_value": ["5.0", "5.0", "5.0"], "hotel_price": ["154", "154", "154"]}, "1729077": {"hotel_name": "\u559c\u6797\u9601\u5ea6\u5047\u65c5\u9986(\u9f13\u6d6a\u5c7f\u4e16\u754c\u6587\u5316\u9057\u4ea7\u5e97)", "order_time": ["2019-01-17 18:50:11"], "total_order": 1, "hotel_value": ["4.7"], "hotel_price": ["410"]}, "6561615": {"hotel_name": "\u53a6\u95e8\u96c6\u7f8e\u5609\u4e3d\u5546\u52a1\u5bbe\u9986", "order_time": ["2019-01-17 18:50:12"], "total_order": 1, "hotel_value": ["4.6"], "hotel_price": ["133"]}, "23623292": {"hotel_name": "\u53a6\u95e8\u4e09\u4e2a\u53a6\u5927\u4eba\u4e0e\u521d\u6c11\u5bbf", "order_time": ["2019-01-17 18:50:12"], "total_order": 1, "hotel_value": ["4.6"], "hotel_price": ["194"]}, "428654": {"hotel_name": "\u53a6\u95e8\u541b\u6cf0\u9152\u5e97", "order_time": ["2019-01-17 18:50:12"], "total_order": 1, "hotel_value": ["4.5"], "hotel_price": ["499"]}, "23238710": {"hotel_name": "\u53a6\u95e8\u541b\u69ad\u00b7\u52ff\u820d\u5ba2\u6808", "order_time": ["2019-01-17 18:50:12"], "total_order": 1, "hotel_value": ["4.9"], "hotel_price": ["238"]}, "6486006": {"hotel_name": "\u53a6\u95e8\u6e56\u6ee8\u9996\u5e9c\u4e16\u8302\u777f\u9009\u9152\u5e97", "order_time": ["2019-01-17 18:50:12"], "total_order": 1, "hotel_value": ["4.6"], "hotel_price": ["302"]}, "346260": {"hotel_name": "\u53a6\u95e8\u745e\u9890\u5927\u9152\u5e97", "order_time": ["2019-01-17 18:50:13", "2019-01-17 18:52:13"], "total_order": 2, "hotel_value": ["4.7", "4.7"], "hotel_price": ["949", "949"]}, "1389209": {"hotel_name": "\u9526\u6c5f\u4e4b\u661f\u54c1\u5c1a(\u53a6\u95e8\u96c6\u7f8e\u5927\u5b66\u56fd\u8d38\u5e97)", "order_time": ["2019-01-17 18:50:14"], "total_order": 1, "hotel_value": ["4.6"], "hotel_price": ["199"]}, "4614034": {"hotel_name": "\u53a6\u95e8\u60a6\u6d77\u4f34\u5c71\u522b\u9662", "order_time": ["2019-01-17 18:50:14"], "total_order": 1, "hotel_value": ["4.6"], "hotel_price": ["161"]}, "392554": {"hotel_name": "\u53a6\u95e8\u91d1\u745e\u4f73\u6cf0\u9152\u5e97(\u539f\u91d1\u5df4\u5170\u9152\u5e97)", "order_time": ["2019-01-17 18:50:16"], "total_order": 1, "hotel_value": ["4.5"], "hotel_price": ["299"]}, "2040417": {"hotel_name": "7\u5929\u4f18\u54c1\u9152\u5e97(\u53a6\u95e8\u673a\u573a\u6bbf\u524d\u5730\u94c1\u7ad9\u5e97)", "order_time": ["2019-01-17 18:50:17"], "total_order": 1, "hotel_value": ["4.7"], "hotel_price": ["168"]}, "1583129": {"hotel_name": "\u5982\u5bb6\u5feb\u6377\u9152\u5e97\uff08\u53a6\u95e8\u4e00\u4e2d\u5c06\u519b\u7960\u5730\u94c1\u7ad9\u5e97\uff09", "order_time": ["2019-01-17 18:50:17"], "total_order": 1, "hotel_value": ["4.5"], "hotel_price": ["132"]}, "858889": {"hotel_name": "\u53a6\u95e8\u4e5d\u95f4\u5802\u8bbe\u8ba1\u5e08\u6c11\u5bbf(\u539f\u53a6\u95e8\u4e09\u6708\u5ba2\u6808)", "order_time": ["2019-01-17 18:50:18"], "total_order": 1, "hotel_value": ["4.8"], "hotel_price": ["116"]}, "7934581": {"hotel_name": "\u53a6\u95e8\u6d77\u6ca7\u6e7e\u4e9a\u6735\u9152\u5e97", "order_time": ["2019-01-17 18:50:19"], "total_order": 1, "hotel_value": ["4.8"], "hotel_price": ["339"]}, "6232787": {"hotel_name": "\u53a6\u95e8\u84dd\u5c71\u8d8a\u9152\u5e97", "order_time": ["2019-01-17 19:00:16", "2019-01-17 18:50:20", "2019-01-17 19:34:08"], "total_order": 3, "hotel_value": ["4.7", "4.7", "4.7"], "hotel_price": ["398", "398", "398"]}, "6125570": {"hotel_name": "\u53a6\u95e8\u60a0\u95f2\u5c0f\u5c4b\u5ba2\u6808", "order_time": ["2019-01-17 18:50:22"], "total_order": 1, "hotel_value": ["4.6"], "hotel_price": ["141"]}, "800402": {"hotel_name": "\u53a6\u95e8\u8363\u6e90\u4e3b\u9898\u9152\u5e97", "order_time": ["2019-01-17 18:50:22"], "total_order": 1, "hotel_value": ["4.9"], "hotel_price": ["134"]}, "4815899": {"hotel_name": "\u9e6d\u987a\u5bbe\u9986(\u53a6\u95e8\u706b\u8f66\u7ad9\u5e97)", "order_time": ["2019-01-17 18:50:24"], "total_order": 1, "hotel_value": ["3.1"], "hotel_price": ["89"]}, "2282501": {"hotel_name": "\u53a6\u95e8\u4e2d\u5c71\u540e\u8857\u5ea6\u5047\u65c5\u9986", "order_time": ["2019-01-17 18:50:25"], "total_order": 1, "hotel_value": ["4.5"], "hotel_price": ["79"]}, "1439096": {"hotel_name": "\u53a6\u95e8\u8212\u5fc3\u516c\u5bd3", "order_time": ["2019-01-17 19:42:25", "2019-01-17 18:50:25"], "total_order": 2, "hotel_value": ["4.6", "4.6"], "hotel_price": ["61", "61"]}, "25805759": {"hotel_name": "\u65af\u7ef4\u767b\u5ea6\u5047\u516c\u5bd3(\u53a6\u95e8\u5927\u5b66\u5e97)", "order_time": ["2019-01-17 18:52:07"], "total_order": 1, "hotel_value": ["4.9"], "hotel_price": ["372"]}, "5373865": {"hotel_name": "\u5168\u5b63\u9152\u5e97(\u53a6\u95e8\u5927\u5b66\u5e97)", "order_time": ["2019-01-17 18:52:07"], "total_order": 1, "hotel_value": ["4.7"], "hotel_price": ["351"]}, "5806184": {"hotel_name": "\u9177\u6d3e\u9152\u5e97(\u53a6\u95e8\u706b\u8f66\u7ad9\u68a7\u6751\u6c7d\u8f66\u7ad9\u5e97)", "order_time": ["2019-01-17 18:52:10", "2019-01-17 19:26:16", "2019-01-17 19:10:11"], "total_order": 3, "hotel_value": ["4.3", "4.3", "4.3"], "hotel_price": ["103", "103", "103"]}, "436700": {"hotel_name": "\u4ea6\u9014\u9152\u5e97(\u53a6\u95e8\u4f1a\u5c55\u4e2d\u5fc3\u52a0\u5dde\u5546\u4e1a\u5e7f\u573a\u5e97)", "order_time": ["2019-01-17 18:52:10"], "total_order": 1, "hotel_value": ["4.2"], "hotel_price": ["150"]}, "1808673": {"hotel_name": "\u53a6\u95e8\u957f\u57ce\u5bbe\u9986", "order_time": ["2019-01-17 18:52:11"], "total_order": 1, "hotel_value": ["4.5"], "hotel_price": ["303"]}, "1715589": {"hotel_name": "\u4f73\u6a59\u9152\u5e97(\u53a6\u95e8\u83b2\u82b1\u5e97)", "order_time": ["2019-01-17 18:52:12"], "total_order": 1, "hotel_value": ["4.4"], "hotel_price": ["184"]}, "1314948": {"hotel_name": "\u5168\u5b63\u9152\u5e97(\u53a6\u95e8\u4f1a\u5c55\u4e2d\u5fc3\u83b2\u524d\u4e1c\u8def\u5e97)(\u539f\u4e9a\u4e01\u6e7e\u4e3b\u9898\u9152\u5e97)", "order_time": ["2019-01-17 18:52:13"], "total_order": 1, "hotel_value": ["4.8"], "hotel_price": ["408"]}, "440782": {"hotel_name": "\u53a6\u95e8\u65fa\u8f89\u9152\u5e97", "order_time": ["2019-01-17 18:52:14", "2019-01-17 19:02:09"], "total_order": 2, "hotel_value": ["4.8", "4.8"], "hotel_price": ["218", "218"]}, "533304": {"hotel_name": "\u68a6\u60f3\u5bb6\u7cbe\u54c1\u4e3b\u9898\u9152\u5e97(\u53a6\u95e8SM\u57ce\u5e02\u5e7f\u573a\u5e97)", "order_time": ["2019-01-17 18:52:14"], "total_order": 1, "hotel_value": ["4.2"], "hotel_price": ["192"]}, "1195853": {"hotel_name": "\u53a6\u95e8\u610f\u4f73\u9152\u5e97", "order_time": ["2019-01-17 18:52:15"], "total_order": 1, "hotel_value": ["4.4"], "hotel_price": ["83"]}, "23625312": {"hotel_name": "\u53a6\u95e8\u4e91\u820d\u96c5\u5c45\u516c\u5bd3", "order_time": ["2019-01-17 18:52:15"], "total_order": 1, "hotel_value": ["4.7"], "hotel_price": ["128"]}, "6112181": {"hotel_name": "\u53a6\u95e8\u6c38\u4e3d\u8fbe\u4e3d\u5448\u9152\u5e97", "order_time": ["2019-01-17 18:52:49", "2019-01-17 18:52:15", "2019-01-17 18:52:35", "2019-01-17 18:52:48"], "total_order": 4, "hotel_value": ["4.8", "4.8", "4.8", "4.8"], "hotel_price": ["439", "439", "439", "439"]}, "1990013": {"hotel_name": "\u53a6\u95e8\u5317\u7ad9\u6e29\u99a8\u96c5\u9601\u5bbe\u9986", "order_time": ["2019-01-17 18:52:16"], "total_order": 1, "hotel_value": ["4.7"], "hotel_price": ["72"]}, "4601806": {"hotel_name": "\u53a6\u95e8\u5927\u5b66\u5929\u73ba\u6d77\u666f\u516c\u5bd3(\u539f\u53a6\u5927\u4e16\u8302\u6d77\u5ce1\u53cc\u5b50\u5854\u6d77\u666f\u9152\u5e97)", "order_time": ["2019-01-17 18:52:17"], "total_order": 1, "hotel_value": ["4.5"], "hotel_price": ["446"]}, "4041819": {"hotel_name": "\u5bb6\u5bb6\u4e50\u9152\u5e97\uff08\u53a6\u95e8\u4e2d\u5c71\u8def\u6b65\u884c\u8857\u5e97\uff09", "order_time": ["2019-01-17 18:52:18"], "total_order": 1, "hotel_value": ["4.4"], "hotel_price": ["193"]}, "11019592": {"hotel_name": "\u98de\u5bbf\u8fde\u9501\u53a6\u95e8\u9999\u69ad\u6735\u62c9\u5e84\u56ed", "order_time": ["2019-01-17 18:52:19"], "total_order": 1, "hotel_value": ["4.9"], "hotel_price": ["134"]}, "13970717": {"hotel_name": "\u53a6\u95e8\u5411\u5f80\u7684\u5ba2\u6808", "order_time": ["2019-01-17 18:52:21"], "total_order": 1, "hotel_value": ["4.8"], "hotel_price": ["72"]}, "1766513": {"hotel_name": "\u53a6\u95e8\u8363\u51ef\u4f18\u4f73\u6c11\u5bbf", "order_time": ["2019-01-17 18:52:25"], "total_order": 1, "hotel_value": ["4.9"], "hotel_price": ["179"]}, "441279": {"hotel_name": "\u5982\u5bb6\u5feb\u6377\u9152\u5e97\u83b2\u5742\u5730\u94c1\u7ad9\u5e97\uff08\u539f\u53a6\u95e8\u83b2\u5742\u56fd\u8d38\u65b0\u666f\u5e97\uff09", "order_time": ["2019-01-17 18:52:26"], "total_order": 1, "hotel_value": ["4.4"], "hotel_price": ["134"]}, "691140": {"hotel_name": "\u53a6\u95e8\u9a7f\u4f11\u5546\u52a1\u9152\u5e97", "order_time": ["2019-01-17 18:52:35"], "total_order": 1, "hotel_value": ["3.6"], "hotel_price": ["136"]}, "434801": {"hotel_name": "\u53a6\u95e8\u51ef\u88d5\u7f8e\u7235\u9152\u5e97", "order_time": ["2019-01-17 18:54:08", "2019-01-17 19:30:14"], "total_order": 2, "hotel_value": ["4.5", "4.5"], "hotel_price": ["499", "499"]}, "385412": {"hotel_name": "\u53a6\u95e8\u5317\u6d77\u6e7e\u60e0\u9f99\u4e07\u8fbe\u5609\u534e\u9152\u5e97", "order_time": ["2019-01-17 18:56:16", "2019-01-17 18:54:09"], "total_order": 2, "hotel_value": ["4.8", "4.8"], "hotel_price": ["750", "750"]}, "369748": {"hotel_name": "\u53a6\u95e8\u6d77\u6e2f\u82f1\u8fea\u683c\u9152\u5e97", "order_time": ["2019-01-17 18:54:09"], "total_order": 1, "hotel_value": ["4.7"], "hotel_price": ["802"]}, "533287": {"hotel_name": "\u6da6\u5ead\u7cbe\u54c1\u9152\u5e97(\u53a6\u95e8\u53a6\u9f13\u7801\u5934\u5357\u5c71\u5e97)", "order_time": ["2019-01-17 18:54:09"], "total_order": 1, "hotel_value": ["4.3"], "hotel_price": ["248"]}, "1728375": {"hotel_name": "\u6768\u6843\u9662\u5b50\u65c5\u9986(\u9f13\u6d6a\u5c7f\u590d\u5174\u53e4\u5821\u5e97)", "order_time": ["2019-01-17 18:54:11"], "total_order": 1, "hotel_value": ["4.8"], "hotel_price": ["268"]}, "5599310": {"hotel_name": "\u53a6\u95e8\u4e9a\u9601\u9152\u5e97", "order_time": ["2019-01-17 18:54:11"], "total_order": 1, "hotel_value": ["4.7"], "hotel_price": ["192"]}, "1549905": {"hotel_name": "\u53a6\u95e8\u534a\u5c9b\u58f9\u53f7\u9152\u5e97", "order_time": ["2019-01-17 18:54:11"], "total_order": 1, "hotel_value": ["4.5"], "hotel_price": ["97"]}, "23571482": {"hotel_name": "\u53a6\u95e8\u5e78\u798f\u65f6\u5149\u516c\u5bd3", "order_time": ["2019-01-17 18:54:12"], "total_order": 1, "hotel_value": ["4.8"], "hotel_price": ["104"]}, "5840745": {"hotel_name": "\u53a6\u95e8\u5317\u7ad9\u9752\u9038\u9152\u5e97", "order_time": ["2019-01-17 18:54:12"], "total_order": 1, "hotel_value": ["4.3"], "hotel_price": ["183"]}, "457043": {"hotel_name": "\u9752\u5e74\u9633\u5149\u9152\u5e97(\u53a6\u95e8\u4e2d\u5c71\u8def\u5e97)(\u539f\u540e\u6ee8\u4e2a\u6027\u5e97)", "order_time": ["2019-01-17 19:20:11", "2019-01-17 18:54:12"], "total_order": 2, "hotel_value": ["4.7", "4.7"], "hotel_price": ["131", "131"]}, "6118955": {"hotel_name": "\u53a6\u95e8\u827e\u5c14\u65af\u5ea6\u5047\u5e84\u56ed", "order_time": ["2019-01-17 18:54:12"], "total_order": 1, "hotel_value": ["4.9"], "hotel_price": ["126"]}, "26576625": {"hotel_name": "\u53a6\u95e8\u4e3d\u90fd\u516c\u5bd3", "order_time": ["2019-01-17 19:10:12", "2019-01-17 19:12:14", "2019-01-17 18:54:12"], "total_order": 3, "hotel_value": ["4.8", "4.8", "4.8"], "hotel_price": ["129", "129", "129"]}, "397577": {"hotel_name": "\u53a6\u95e8\u5b9d\u9f99\u94c2\u5c14\u66fc\u5927\u9152\u5e97", "order_time": ["2019-01-17 19:36:14", "2019-01-17 18:54:13", "2019-01-17 19:38:14"], "total_order": 3, "hotel_value": ["4.7", "4.7", "4.7"], "hotel_price": ["700", "700", "700"]}, "1230104": {"hotel_name": "\u53a6\u95e8\u63a2\u7d22\u9152\u5e97", "order_time": ["2019-01-17 18:54:13", "2019-01-17 19:34:15"], "total_order": 2, "hotel_value": ["4.5", "4.5"], "hotel_price": ["439", "439"]}, "2088412": {"hotel_name": "\u9526\u6c5f\u4e4b\u661f(\u53a6\u95e8\u4f1a\u5c55\u4e2d\u5fc3\u73af\u5c9b\u8def\u5e97)", "order_time": ["2019-01-17 18:54:13"], "total_order": 1, "hotel_value": ["4.4"], "hotel_price": ["239"]}, "2098288": {"hotel_name": "\u53a6\u95e8\u84dd\u8272\u6d77\u5cb8\u5546\u52a1\u9152\u5e97(\u6d77\u6ca7\u5e97)", "order_time": ["2019-01-17 18:54:13"], "total_order": 1, "hotel_value": ["3.6"], "hotel_price": ["208"]}, "1857702": {"hotel_name": "\u53a6\u95e8\u5317\u7ad9\u534e\u6fe0\u56db\u5b63\u9152\u5e97", "order_time": ["2019-01-17 18:54:14"], "total_order": 1, "hotel_value": ["4.2"], "hotel_price": ["234"]}, "4510014": {"hotel_name": "\u53a6\u95e8\u5927\u5b66\u73ba\u83b1\u65af\u6d77\u666f\u516c\u5bd3(\u539f\u5929\u73ba\u6d77\u666f\u516c\u5bd3)", "order_time": ["2019-01-17 18:54:14"], "total_order": 1, "hotel_value": ["4.6"], "hotel_price": ["339"]}, "23860879": {"hotel_name": "\u53a6\u95e8\u4e50\u4e91\u68da\u5ea6\u5047\u5c4b", "order_time": ["2019-01-17 18:54:16"], "total_order": 1, "hotel_value": ["4.8"], "hotel_price": ["338"]}, "669139": {"hotel_name": "\u53a6\u95e8\u4eac\u50ce\u9890\u8c6a\u9152\u5e97", "order_time": ["2019-01-17 18:54:16", "2019-01-17 19:10:11"], "total_order": 2, "hotel_value": ["4.6", "4.6"], "hotel_price": ["393", "393"]}, "13912439": {"hotel_name": "\u53a6\u95e8\u6620\u96ea\u8f7b\u5962\u9152\u5e97", "order_time": ["2019-01-17 18:54:16"], "total_order": 1, "hotel_value": ["4.9"], "hotel_price": ["176"]}, "823738": {"hotel_name": "\u753b\u5eca\u9152\u5e97(\u9f13\u6d6a\u5c7f\u6545\u9a7f\u6d77\u666f\u5e97)", "order_time": ["2019-01-17 18:54:16", "2019-01-17 19:04:14"], "total_order": 2, "hotel_value": ["4.9", "4.9"], "hotel_price": ["528", "528"]}, "346264": {"hotel_name": "\u53a6\u95e8\u827e\u7f8e\u9152\u5e97", "order_time": ["2019-01-17 18:54:17", "2019-01-17 18:56:14"], "total_order": 2, "hotel_value": ["4.7", "4.7"], "hotel_price": ["698", "698"]}, "14261979": {"hotel_name": "\u53a6\u95e8\u7075\u73b2\u5927\u9152\u5e97", "order_time": ["2019-01-17 18:56:15", "2019-01-17 18:54:17"], "total_order": 2, "hotel_value": ["4.6", "4.6"], "hotel_price": ["399", "399"]}, "1227390": {"hotel_name": "886\u7cbe\u54c1\u9152\u5e97(\u53a6\u95e8\u6d77\u6ca7\u533a\u653f\u5e9c\u5e97)", "order_time": ["2019-01-17 18:54:18"], "total_order": 1, "hotel_value": ["4.1"], "hotel_price": ["162"]}, "2309440": {"hotel_name": "\u6613\u4f70\u8fde\u9501\u65c5\u5e97(\u53a6\u95e8\u6c5f\u5934\u540e\u57d4\u5e97)", "order_time": ["2019-01-17 18:54:19"], "total_order": 1, "hotel_value": ["3.3"], "hotel_price": ["87"]}, "21145945": {"hotel_name": "\u53a6\u95e8\u7fd4\u4e91\u56db\u5b63\u9152\u5e97", "order_time": ["2019-01-17 18:54:20"], "total_order": 1, "hotel_value": ["4.0"], "hotel_price": ["202"]}, "13838033": {"hotel_name": "\u53a6\u95e8\u7fe1\u7fe0\u6e7e\u516c\u5bd3", "order_time": ["2019-01-17 18:54:22"], "total_order": 1, "hotel_value": ["4.8"], "hotel_price": ["178"]}, "14248831": {"hotel_name": "\u5357\u8f69\u9601\u5ba2\u6808\uff08\u53a6\u95e8\u4e2d\u5c71\u8def\u5e97\uff09", "order_time": ["2019-01-17 18:54:35"], "total_order": 1, "hotel_value": ["4.6"], "hotel_price": ["73"]}, "2492767": {"hotel_name": "\u53a6\u95e8\u9999\u514b\u65af\u9152\u5e97", "order_time": ["2019-01-17 18:54:39"], "total_order": 1, "hotel_value": ["4.7"], "hotel_price": ["155"]}, "8656624": {"hotel_name": "\u5168\u5b63\u9152\u5e97(\u53a6\u95e8\u96c6\u7f8e\u5b66\u6751\u5e97)(\u539f\u8d22\u7a0e\u5bbe\u9986)", "order_time": ["2019-01-17 18:56:11"], "total_order": 1, "hotel_value": ["4.8"], "hotel_price": ["284"]}, "10201435": {"hotel_name": "\u53a6\u95e8\u4f70\u7fd4\u4e94\u901a\u9152\u5e97", "order_time": ["2019-01-17 18:56:13"], "total_order": 1, "hotel_value": ["4.7"], "hotel_price": ["699"]}, "27938575": {"hotel_name": "\u53a6\u95e8\u6d77\u4e1d\u827a\u672f\u54c1\u4e2d\u5fc3\u4f70\u7fd4\u7428\u70c1\u9152\u5e97", "order_time": ["2019-01-17 18:56:13"], "total_order": 1, "hotel_value": ["4.8"], "hotel_price": ["408"]}, "2305465": {"hotel_name": "\u901f8\u9152\u5e97(\u53a6\u95e8\u540c\u5b89\u540c\u96c6\u5317\u8def\u5e97)", "order_time": ["2019-01-17 18:56:14"], "total_order": 1, "hotel_value": ["3.9"], "hotel_price": ["140"]}, "929583": {"hotel_name": "\u5982\u5bb6\u5feb\u6377\u9152\u5e97(\u53a6\u95e8\u706b\u8f66\u7ad9\u5e7f\u573a\u5e97)", "order_time": ["2019-01-17 18:56:14"], "total_order": 1, "hotel_value": ["4.5"], "hotel_price": ["161"]}, "431557": {"hotel_name": "\u901f8\u9152\u5e97(\u53a6\u95e8\u4e2d\u5c71\u8def\u8f6e\u6e21\u5e97)", "order_time": ["2019-01-17 18:56:15"], "total_order": 1, "hotel_value": ["4.4"], "hotel_price": ["133"]}, "472358": {"hotel_name": "\u53a6\u95e8\u6e29\u5c3c\u65af\u4f9d\u8bfa\u6d77\u6d77\u666f\u5ea6\u5047\u522b\u5885", "order_time": ["2019-01-17 18:56:15"], "total_order": 1, "hotel_value": ["4.9"], "hotel_price": ["524"]}, "1881773": {"hotel_name": "\u53a6\u95e8\u534a\u5c9b\u4e4b\u590f\u4e3b\u9898\u5ea6\u5047\u5c4b", "order_time": ["2019-01-17 18:56:17"], "total_order": 1, "hotel_value": ["4.7"], "hotel_price": ["69"]}, "448912": {"hotel_name": "\u5982\u5bb6\u5feb\u6377\u9152\u5e97(\u53a6\u95e8\u706b\u8f66\u7ad9\u6e56\u6ee8\u4e1c\u8def\u9e3f\u8fd0\u5927\u53a6\u5e97)", "order_time": ["2019-01-17 18:56:20"], "total_order": 1, "hotel_value": ["4.3"], "hotel_price": ["135"]}, "2302233": {"hotel_name": "\u65b0\u4e00\u5929S\u9152\u5e97(\u53a6\u95e8\u5d69\u5c7f\u7801\u5934\u5e97)", "order_time": ["2019-01-17 18:56:31"], "total_order": 1, "hotel_value": ["4.4"], "hotel_price": ["153"]}, "11089797": {"hotel_name": "\u53a6\u95e8\u5927\u5b66\u8d77\u70b9\u9152\u5e97\u516c\u5bd3(\u539f\u53a6\u95e8\u5927\u5b66\u4e16\u8302\u6d77\u5ce1\u8d77\u70b9\u9152\u5e97\u516c\u5bd3)", "order_time": ["2019-01-17 18:56:31"], "total_order": 1, "hotel_value": ["4.6"], "hotel_price": ["272"]}, "6842747": {"hotel_name": "\u53a6\u95e8\u9752\u6625\u65f6\u5149\u5ba2\u6808", "order_time": ["2019-01-17 19:04:38", "2019-01-17 18:56:50"], "total_order": 2, "hotel_value": ["4.3", "4.3"], "hotel_price": ["118", "118"]}, "703570": {"hotel_name": "\u53a6\u95e8\u79b9\u6d32\u5609\u7f8e\u4f26\u9152\u5e97\u516c\u5bd3", "order_time": ["2019-01-17 18:56:50"], "total_order": 1, "hotel_value": ["4.6"], "hotel_price": ["470"]}, "1733885": {"hotel_name": "\u53a6\u95e8\u4e00\u683c\u00b7\u5982\u6ea2\u9152\u5e97", "order_time": ["2019-01-17 18:56:51"], "total_order": 1, "hotel_value": ["4.6"], "hotel_price": ["139"]}, "2582476": {"hotel_name": "99\u65c5\u9986\u8fde\u9501(\u53a6\u95e8\u5367\u9f99\u6653\u57ce\u5e97)", "order_time": ["2019-01-17 19:06:17", "2019-01-17 18:58:09"], "total_order": 2, "hotel_value": ["4.3", "4.3"], "hotel_price": ["79", "79"]}, "5768651": {"hotel_name": "\u53a6\u95e8\u9047\u7f8e\u00b7\u6ca7\u6d77\u4e00\u5885", "order_time": ["2019-01-17 18:58:09"], "total_order": 1, "hotel_value": ["4.8"], "hotel_price": ["196"]}, "15899701": {"hotel_name": "\u6854\u5b50\u9152\u5e97\u7cbe\u9009(\u53a6\u95e8\u673a\u573a\u6210\u529f\u5927\u9053\u5e97)", "order_time": ["2019-01-17 18:58:10"], "total_order": 1, "hotel_value": ["4.8"], "hotel_price": ["398"]}, "5677728": {"hotel_name": "\u53a6\u95e8\u5df4\u6d1b\u514b\u8f7b\u5962\u9a7f\u6808", "order_time": ["2019-01-17 18:58:11"], "total_order": 1, "hotel_value": ["4.9"], "hotel_price": ["89"]}, "777325": {"hotel_name": "\u53a6\u95e8\u5929\u6d77\u82b1\u56ed\u9152\u5e97", "order_time": ["2019-01-17 18:58:12"], "total_order": 1, "hotel_value": ["4.5"], "hotel_price": ["280"]}, "1410376": {"hotel_name": "\u82b1\u5ead\u65c5\u9986(\u9f13\u6d6a\u5c7f\u5b89\u6d77\u82b1\u56ed\u5e97)", "order_time": ["2019-01-17 19:18:09", "2019-01-17 18:58:15"], "total_order": 2, "hotel_value": ["4.6", "4.6"], "hotel_price": ["194", "194"]}, "2303094": {"hotel_name": "\u53a6\u95e8\u7389\u9f99\u9152\u5e97", "order_time": ["2019-01-17 18:58:20"], "total_order": 1, "hotel_value": ["4.2"], "hotel_price": ["108"]}, "6819997": {"hotel_name": "\u53a6\u95e8\u901f\u516b\u9152\u5e97\u6d77\u6ca7\u897f\u96c5\u56fe\u5e97", "order_time": ["2019-01-17 18:58:20"], "total_order": 1, "hotel_value": ["3.9"], "hotel_price": ["149"]}, "19581706": {"hotel_name": "\u53a6\u95e8\u65af\u67cf\u6797\u9152\u5e97", "order_time": ["2019-01-17 18:58:45"], "total_order": 1, "hotel_value": ["4.4"], "hotel_price": ["91"]}, "6594443": {"hotel_name": "\u53a6\u95e8\u7559\u767d\u6c11\u5bbf", "order_time": ["2019-01-17 18:58:47"], "total_order": 1, "hotel_value": ["4.9"], "hotel_price": ["198"]}, "1641097": {"hotel_name": "\u9f13\u6d6a\u5c7f\u56db\u5b63\u82b1\u65c5\u9986(\u539f\u521d\u590f\u65c5\u9986)", "order_time": ["2019-01-17 19:00:09"], "total_order": 1, "hotel_value": ["4.8"], "hotel_price": ["133"]}, "12091233": {"hotel_name": "\u53a6\u95e8\u6816\u9690\u5ea6\u5047\u6c11\u5bbf", "order_time": ["2019-01-17 19:00:12"], "total_order": 1, "hotel_value": ["5.0"], "hotel_price": ["196"]}, "23944026": {"hotel_name": "\u9f13\u6d6a\u5c7f\u7231\u5c7f\u65c5\u9986", "order_time": ["2019-01-17 19:00:12"], "total_order": 1, "hotel_value": ["4.7"], "hotel_price": ["208"]}, "1788826": {"hotel_name": "\u53a6\u95e8\u9f13\u6d6a\u5c7f\u9ec4\u516c\u9986", "order_time": ["2019-01-17 19:00:13"], "total_order": 1, "hotel_value": ["4.5"], "hotel_price": ["220"]}, "480963": {"hotel_name": "\u53a6\u95e8\u68a6\u9192\u6e7e\u5ba2\u6808", "order_time": ["2019-01-17 19:00:14", "2019-01-17 19:04:09"], "total_order": 2, "hotel_value": ["4.9", "4.9"], "hotel_price": ["89", "89"]}, "2030776": {"hotel_name": "\u53a6\u95e8\u66fe\u539d\u57b5\u63fd\u6d77\u542c\u98ce\u7cbe\u54c1\u6c11\u5bbf", "order_time": ["2019-01-17 19:00:17"], "total_order": 1, "hotel_value": ["4.7"], "hotel_price": ["40"]}, "750174": {"hotel_name": "\u683c\u6797\u8c6a\u6cf0(\u53a6\u95e8\u5927\u5b66\u5e97)", "order_time": ["2019-01-17 19:32:16", "2019-01-17 19:00:19"], "total_order": 2, "hotel_value": ["4.2", "4.2"], "hotel_price": ["155", "155"]}, "11372511": {"hotel_name": "\u53a6\u95e8\u6f2b\u5ead\u65f6\u5149\u5ba2\u6808", "order_time": ["2019-01-17 19:02:18", "2019-01-17 19:00:20"], "total_order": 2, "hotel_value": ["4.8", "4.8"], "hotel_price": ["123", "123"]}, "2611150": {"hotel_name": "\u4f73\u6a59\u9152\u5e97(\u53a6\u95e8\u678b\u6e56\u8f66\u7ad9\u5e97)", "order_time": ["2019-01-17 19:20:21", "2019-01-17 19:00:20"], "total_order": 2, "hotel_value": ["4.2", "4.2"], "hotel_price": ["119", "119"]}, "521077": {"hotel_name": "\u53a6\u95e8\u66fe\u539d\u57b5\u57b5\u5885\u6d77\u8fb9\u5ba2\u6808", "order_time": ["2019-01-17 19:00:24"], "total_order": 1, "hotel_value": ["4.6"], "hotel_price": ["99"]}, "346248": {"hotel_name": "\u53a6\u95e8\u6cf0\u8c37\u9152\u5e97", "order_time": ["2019-01-17 19:00:24"], "total_order": 1, "hotel_value": ["4.7"], "hotel_price": ["398"]}, "1985198": {"hotel_name": "\u6c49\u5ead\u9152\u5e97(\u53a6\u95e8\u540c\u5b89\u533a\u653f\u5e9c\u5e97)", "order_time": ["2019-01-17 19:00:29"], "total_order": 1, "hotel_value": ["4.6"], "hotel_price": ["180"]}, "470600": {"hotel_name": "\u53a6\u95e8\u9f13\u6d6a\u5c7f\u56fd\u738b\u76d2\u5b50\u5ea6\u5047\u5c4b", "order_time": ["2019-01-17 19:02:10"], "total_order": 1, "hotel_value": ["4.6"], "hotel_price": ["127"]}, "27722076": {"hotel_name": "\u4e00\u683c\u00b7\u4e34\u516e\u7f8e\u5bbf(\u53a6\u95e8\u5927\u5b66\u5e97)", "order_time": ["2019-01-17 19:02:11"], "total_order": 1, "hotel_value": ["4.9"], "hotel_price": ["234"]}, "1738310": {"hotel_name": "\u53a6\u95e8\u9752\u5e74\u9633\u5149\u7cbe\u54c1\u5546\u52a1\u9152\u5e97(\u678b\u6e56\u5e97)", "order_time": ["2019-01-17 19:02:15"], "total_order": 1, "hotel_value": ["4.4"], "hotel_price": ["192"]}, "2361567": {"hotel_name": "\u53a6\u95e8\u6234\u65af\u6c40\u9152\u5e97", "order_time": ["2019-01-17 19:02:16", "2019-01-17 19:44:17"], "total_order": 2, "hotel_value": ["3.8", "3.8"], "hotel_price": ["131", "131"]}, "11380162": {"hotel_name": "\u8ff9\u58a8\u6587\u5316\u5ba2\u6808(\u53a6\u95e8\u5317\u7ad9\u5e97)(\u539f\u6d77\u6c50\u522b\u9662)", "order_time": ["2019-01-17 19:02:17"], "total_order": 1, "hotel_value": ["4.8"], "hotel_price": ["106"]}, "813295": {"hotel_name": "\u53a6\u95e8\u674f\u82b1\u6751\u9152\u5e97", "order_time": ["2019-01-17 19:02:19"], "total_order": 1, "hotel_value": ["3.5"], "hotel_price": ["236"]}, "4615254": {"hotel_name": "\u9f13\u6d6a\u5c7f\u4e91\u54c1\u9152\u5e97", "order_time": ["2019-01-17 19:02:21"], "total_order": 1, "hotel_value": ["4.8"], "hotel_price": ["314"]}, "1406475": {"hotel_name": "\u53a6\u95e8886\u7cbe\u54c1\u9152\u5e97", "order_time": ["2019-01-17 19:02:28"], "total_order": 1, "hotel_value": ["3.7"], "hotel_price": ["135"]}, "2862304": {"hotel_name": "\u9f13\u6d6a\u5c7f\u60df\u6709\u65f6\u5149", "order_time": ["2019-01-17 19:04:08"], "total_order": 1, "hotel_value": ["4.9"], "hotel_price": ["138"]}, "5660541": {"hotel_name": "\u53a6\u95e8\u5317\u7ad9\u5fae\u7b11\u5ba2\u6808", "order_time": ["2019-01-17 19:04:08", "2019-01-17 19:08:14"], "total_order": 2, "hotel_value": ["4.8", "4.8"], "hotel_price": ["106", "106"]}, "1730297": {"hotel_name": "\u53a6\u95e8\u9f13\u6d6a\u5c7f\u7434\u6d77\u5e84\u56ed\u6d77\u666f\u9152\u5e97", "order_time": ["2019-01-17 19:04:14"], "total_order": 1, "hotel_value": ["4.6"], "hotel_price": ["288"]}, "432895": {"hotel_name": "\u82cf\u6258\u4e9a(\u9f13\u6d6a\u5c7f\u5de2\u5ead1919\u5e97)", "order_time": ["2019-01-17 19:04:14"], "total_order": 1, "hotel_value": ["4.8"], "hotel_price": ["368"]}, "14996654": {"hotel_name": "\u53a6\u95e8\u5317\u7ad9\u4e3d\u81f4\u7cbe\u54c1\u9152\u5e97", "order_time": ["2019-01-17 19:04:15"], "total_order": 1, "hotel_value": ["4.5"], "hotel_price": ["133"]}, "2565236": {"hotel_name": "\u53a6\u95e8\u53ef\u4ee5\u4f4f\u751f\u6d3b\u65c5\u820d", "order_time": ["2019-01-17 19:04:15"], "total_order": 1, "hotel_value": ["4.8"], "hotel_price": ["258"]}, "375295": {"hotel_name": "\u53a6\u95e8\u7fd4\u9e6d\u56fd\u9645\u5927\u9152\u5e97", "order_time": ["2019-01-17 19:04:17"], "total_order": 1, "hotel_value": ["4.4"], "hotel_price": ["290"]}, "5788864": {"hotel_name": "\u53a6\u95e8\u5eb7\u83b1\u5fb7\u9152\u5e97", "order_time": ["2019-01-17 19:04:17"], "total_order": 1, "hotel_value": ["4.7"], "hotel_price": ["1655"]}, "1861720": {"hotel_name": "\u53a6\u95e8\u6b23\u4e07\u4ea8\u5feb\u6377\u9152\u5e97", "order_time": ["2019-01-17 19:04:19"], "total_order": 1, "hotel_value": ["4.3"], "hotel_price": ["111"]}, "1408507": {"hotel_name": "\u53a6\u95e8\u94f6\u9f99\u57ce\u9645\u9152\u5e97", "order_time": ["2019-01-17 19:04:27"], "total_order": 1, "hotel_value": ["4.1"], "hotel_price": ["146"]}, "1710611": {"hotel_name": "\u53a6\u95e8\u53a6\u5927\u73af\u5c9b\u6d77\u5e06\u5ba2\u6808", "order_time": ["2019-01-17 19:04:28"], "total_order": 1, "hotel_value": ["4.9"], "hotel_price": ["50"]}, "2311586": {"hotel_name": "\u53a6\u95e8\u6ee8\u6d77\u65c5\u9986", "order_time": ["2019-01-17 19:04:47"], "total_order": 1, "hotel_value": ["3.8"], "hotel_price": ["88"]}, "1247067": {"hotel_name": "\u53a6\u95e8\u5341\u56db\u4efd\u5ba2\u6808", "order_time": ["2019-01-17 19:06:10"], "total_order": 1, "hotel_value": ["4.9"], "hotel_price": ["121"]}, "2362043": {"hotel_name": "\u53a6\u95e8\u9f13\u6d6a\u5c7f\u4ed6\u57ce\u58f9\u60a6\u5ead\u9662\u6d77\u666f\u522b\u5885", "order_time": ["2019-01-17 19:06:10"], "total_order": 1, "hotel_value": ["4.8"], "hotel_price": ["319"]}, "4439579": {"hotel_name": "\u524d\u7530\u6e7e\u7cbe\u54c1\u5ba2\u6808(\u53a6\u95e8\u66fe\u539d\u57b5\u5e97)", "order_time": ["2019-01-17 19:06:11"], "total_order": 1, "hotel_value": ["4.7"], "hotel_price": ["135"]}, "443061": {"hotel_name": "\u53a6\u95e8HUESyard\u4f11\u601d\u9662\u5b50\u522b\u5885", "order_time": ["2019-01-17 19:06:11"], "total_order": 1, "hotel_value": ["4.9"], "hotel_price": ["380"]}, "443333": {"hotel_name": "\u9752\u5e74\u9633\u5149\u8fde\u9501\u9152\u5e97(\u53a6\u95e8\u65b9\u7279\u68a6\u5e7b\u540c\u5b89\u5e97)(\u539f\u540c\u5b89\u5e97)", "order_time": ["2019-01-17 19:06:11"], "total_order": 1, "hotel_value": ["4.5"], "hotel_price": ["116"]}, "21124626": {"hotel_name": "\u53a6\u95e8\u4e07\u749f\u8f69\u9152\u5e97", "order_time": ["2019-01-17 19:06:15"], "total_order": 1, "hotel_value": ["4.7"], "hotel_price": ["249"]}, "926850": {"hotel_name": "\u53a6\u95e8\u96c5\u5bbf\u5feb\u6377\u9152\u5e97(\u4e1c\u6e21\u90ae\u8f6e\u4e2d\u5fc3\u53a6\u9f13\u7801\u5934\u5e97)", "order_time": ["2019-01-17 19:06:17"], "total_order": 1, "hotel_value": ["4.3"], "hotel_price": ["123"]}, "4389410": {"hotel_name": "\u53a6\u95e8\u6e56\u91cc\u96c5\u5c45\u516c\u5bd3", "order_time": ["2019-01-17 19:06:17"], "total_order": 1, "hotel_value": ["4.6"], "hotel_price": ["95"]}, "514344": {"hotel_name": "\u53a6\u95e8\u94c2\u5c14\u6e7e\u9152\u5e97", "order_time": ["2019-01-17 19:08:09"], "total_order": 1, "hotel_value": ["4.1"], "hotel_price": ["118"]}, "1606947": {"hotel_name": "\u53a6\u95e8\u827a\u5885\u5bb6\u7cbe\u54c1\u6c11\u5bbf", "order_time": ["2019-01-17 19:08:10"], "total_order": 1, "hotel_value": ["4.8"], "hotel_price": ["195"]}, "898514": {"hotel_name": "\u6c49\u5ead\u9152\u5e97(\u53a6\u95e8\u673a\u573a\u5e97)", "order_time": ["2019-01-17 19:08:10"], "total_order": 1, "hotel_value": ["4.4"], "hotel_price": ["170"]}, "19517458": {"hotel_name": "\u53a6\u95e8\u601d\u5c7f\u9e6d", "order_time": ["2019-01-17 19:08:10", "2019-01-17 19:26:22"], "total_order": 2, "hotel_value": ["4.6", "4.6"], "hotel_price": ["98", "98"]}, "3802030": {"hotel_name": "\u53a6\u95e8\u53ef\u5c45\u9152\u5e97", "order_time": ["2019-01-17 19:08:15"], "total_order": 1, "hotel_value": ["4.6"], "hotel_price": ["176"]}, "447146": {"hotel_name": "\u5982\u5bb6\u5546\u65c5\u9152\u5e97(\u53a6\u95e8\u6e56\u6ee8\u5357\u8def\u767d\u9e6d\u6d32\u516c\u56ed\u5e97)", "order_time": ["2019-01-17 19:08:15"], "total_order": 1, "hotel_value": ["4.8"], "hotel_price": ["265"]}, "11154781": {"hotel_name": "\u53a6\u95e8\u66fe\u539d\u57b5\u54c1\u97f5\u65e0\u58f0\u7d20\u96c5\u522b\u82d1", "order_time": ["2019-01-17 19:08:16"], "total_order": 1, "hotel_value": ["4.9"], "hotel_price": ["179"]}, "1727185": {"hotel_name": "\u9f13\u6d6a\u5c7f\u4e09\u5341\u5e74\u4ee3\u5ea6\u5047\u522b\u5885", "order_time": ["2019-01-17 19:08:23"], "total_order": 1, "hotel_value": ["4.8"], "hotel_price": ["300"]}, "6069131": {"hotel_name": "\u53a6\u95e8\u5317\u7ad9\u9047\u89c1\u5ba2\u6808", "order_time": ["2019-01-17 19:08:38"], "total_order": 1, "hotel_value": ["4.7"], "hotel_price": ["98"]}, "4817706": {"hotel_name": "\u53a6\u95e8\u4e09\u4e2a\u53a6\u5927\u4ebakiwi\u6c11\u5bbf", "order_time": ["2019-01-17 19:10:08"], "total_order": 1, "hotel_value": ["4.9"], "hotel_price": ["232"]}, "1070340": {"hotel_name": "\u53a6\u95e8\u6162\u751f\u6d3b\u00b7\u897f\u96c5\u56fe\u6d77\u8fb9\u5ea6\u5047\u65c5\u9986", "order_time": ["2019-01-17 19:10:12"], "total_order": 1, "hotel_value": ["4.9"], "hotel_price": ["229"]}, "2157026": {"hotel_name": "\u53a6\u95e8\u559c\u591a\u5c4b\u9152\u5e97", "order_time": ["2019-01-17 19:32:17", "2019-01-17 19:10:13"], "total_order": 2, "hotel_value": ["4.6", "4.6"], "hotel_price": ["92", "92"]}, "800277": {"hotel_name": "7\u5929\u8fde\u9501\u9152\u5e97(\u53a6\u95e8\u540c\u5b89\u6c7d\u8f66\u7ad9\u5e97)", "order_time": ["2019-01-17 19:10:13", "2019-01-17 19:40:16"], "total_order": 2, "hotel_value": ["4.3", "4.3"], "hotel_price": ["106", "106"]}, "666255": {"hotel_name": "\u5bb6\u548c\u6625\u5929\u9152\u5e97(\u53a6\u95e8\u6d77\u6ca7\u5e97)", "order_time": ["2019-01-17 19:34:16", "2019-01-17 19:10:13"], "total_order": 2, "hotel_value": ["4.2", "4.2"], "hotel_price": ["113", "113"]}, "6551033": {"hotel_name": "\u683c\u6797\u8054\u76df(\u53a6\u95e8\u706b\u8f66\u7ad9\u4f53\u80b2\u4e2d\u5fc3\u5e97)", "order_time": ["2019-01-17 19:10:15"], "total_order": 1, "hotel_value": ["4.3"], "hotel_price": ["119"]}, "4814794": {"hotel_name": "\u53a6\u95e8\u6625\u57ce\u9152\u5e97(\u8f6e\u6e21\u5e97)", "order_time": ["2019-01-17 19:10:18"], "total_order": 1, "hotel_value": ["3.5"], "hotel_price": ["115"]}, "15058677": {"hotel_name": "\u53a6\u95e8\u5317\u7ad9\u4e3d\u81f4\u7cbe\u54c1\u5ba2\u6808", "order_time": ["2019-01-17 19:10:31"], "total_order": 1, "hotel_value": [0], "hotel_price": ["138"]}, "1477849": {"hotel_name": "\u9752\u5e74\u9633\u5149\u9152\u5e97(\u53a6\u95e8\u6d77\u5929\u5feb\u6377\u5e97)", "order_time": ["2019-01-17 19:12:09"], "total_order": 1, "hotel_value": ["4.7"], "hotel_price": ["124"]}, "1830099": {"hotel_name": "\u7231\u4e01\u5821\u8fde\u9501\u9152\u5e97(\u53a6\u95e8\u4f1a\u5c55\u5e97)", "order_time": ["2019-01-17 19:12:13"], "total_order": 1, "hotel_value": ["4.4"], "hotel_price": ["189"]}, "3181385": {"hotel_name": "7\u5929\u4f18\u54c1\u9152\u5e97(\u53a6\u95e8\u5c06\u519b\u7960\u5730\u94c1\u7ad9\u5e97)", "order_time": ["2019-01-17 19:12:16"], "total_order": 1, "hotel_value": ["4.5"], "hotel_price": ["149"]}, "14996652": {"hotel_name": "\u53a6\u95e8\u9c7c\u5c45\u6d77\u666f\u6c11\u5bbf", "order_time": ["2019-01-17 19:12:18", "2019-01-17 19:32:17"], "total_order": 2, "hotel_value": ["4.8", "4.8"], "hotel_price": ["201", "201"]}, "425692": {"hotel_name": "\u53a6\u95e8\u6d77\u60a6\u5c71\u5e84\u9152\u5e97", "order_time": ["2019-01-17 19:12:24"], "total_order": 1, "hotel_value": ["4.8"], "hotel_price": ["813"]}, "5694937": {"hotel_name": "\u53a6\u95e8\u6c90\u5149\u96c5\u820d", "order_time": ["2019-01-17 19:12:48"], "total_order": 1, "hotel_value": ["4.9"], "hotel_price": ["148"]}, "6247525": {"hotel_name": "\u53a6\u95e8\u96c6\u7f8e\u5927\u5b66\u4e9a\u6735\u9152\u5e97(\u539f\u96c6\u5927\u5bbe\u9986)", "order_time": ["2019-01-17 19:14:08", "2019-01-17 19:20:14"], "total_order": 2, "hotel_value": ["4.9", "4.9"], "hotel_price": ["428", "428"]}, "2298562": {"hotel_name": "\u9526\u6c5f\u4e4b\u661f(\u53a6\u95e8\u5927\u5b66\u4e2d\u5c71\u8def\u5e97)", "order_time": ["2019-01-17 19:14:10"], "total_order": 1, "hotel_value": ["4.5"], "hotel_price": ["189"]}, "1583164": {"hotel_name": "\u5982\u5bb6\u5feb\u6377\u9152\u5e97(\u53a6\u95e8\u53a6\u5927\u5357\u666e\u9640\u5bfa\u5e97)", "order_time": ["2019-01-17 19:14:10"], "total_order": 1, "hotel_value": ["4.3"], "hotel_price": ["195"]}, "6485565": {"hotel_name": "\u9f13\u6d6a\u5c7f\u4e00\u7b51\u82b1\u56ed\u522b\u5885", "order_time": ["2019-01-17 19:14:10"], "total_order": 1, "hotel_value": ["4.6"], "hotel_price": ["177"]}, "1603567": {"hotel_name": "\u53a6\u95e8\u7121\u4e8c\u00b7\u767d\u5c7f\u8bbe\u8ba1\u578b\u5ea6\u5047\u7f8e\u5885", "order_time": ["2019-01-17 19:14:11"], "total_order": 1, "hotel_value": ["4.9"], "hotel_price": ["266"]}, "6554578": {"hotel_name": "\u53a6\u95e8\u76db\u6377\u8f6f\u4ef6\u56ed\u670d\u52a1\u516c\u5bd3", "order_time": ["2019-01-17 19:14:14"], "total_order": 1, "hotel_value": ["4.6"], "hotel_price": ["583"]}, "1299817": {"hotel_name": "\u5408\u4f73\u9152\u5e97(\u53a6\u95e8\u673a\u573a\u5e97)", "order_time": ["2019-01-17 19:14:14"], "total_order": 1, "hotel_value": ["4.0"], "hotel_price": ["205"]}, "11236140": {"hotel_name": "\u53a6\u95e8\u5bbf\u5fc3\u820d\u5ba2\u6808", "order_time": ["2019-01-17 19:14:14"], "total_order": 1, "hotel_value": ["4.7"], "hotel_price": ["107"]}, "448649": {"hotel_name": "\u53a6\u95e8\u4e9a\u6d32\u6d77\u6e7e\u5927\u9152\u5e97", "order_time": ["2019-01-17 19:14:16"], "total_order": 1, "hotel_value": ["4.4"], "hotel_price": ["240"]}, "2297567": {"hotel_name": "\u65af\u94c2\u745e\u57ce\u5e02\u9152\u5e97(\u53a6\u95e8\u4e2d\u5c71\u516c\u56ed\u5730\u94c1\u7ad9\u5e97)(\u539f\u4e2d\u5c71\u8def\u6b65\u884c\u8857\u5e97)", "order_time": ["2019-01-17 19:14:16"], "total_order": 1, "hotel_value": ["4.7"], "hotel_price": ["128"]}, "790389": {"hotel_name": "\u53a6\u95e8\u65f6\u4ee3\u96c5\u5c45\u9152\u5e97", "order_time": ["2019-01-17 19:14:16"], "total_order": 1, "hotel_value": ["4.6"], "hotel_price": ["232"]}, "479354": {"hotel_name": "\u5bb6\u548c\u6625\u5929\u7cbe\u54c1\u9152\u5e97(\u53a6\u95e8\u673a\u573a\u5e97)", "order_time": ["2019-01-17 19:14:16", "2019-01-17 19:28:16"], "total_order": 2, "hotel_value": ["4.5", "4.5"], "hotel_price": ["229", "229"]}, "988894": {"hotel_name": "\u548c\u9890\u9152\u5e97(\u53a6\u95e8\u5927\u5b66\u7eff\u6676\u5e97)", "order_time": ["2019-01-17 19:24:13", "2019-01-17 19:14:16"], "total_order": 2, "hotel_value": ["4.5", "4.5"], "hotel_price": ["269", "269"]}, "5983425": {"hotel_name": "\u53a6\u95e8\u9e3f\u5c71\u5982\u9a7f\u5ba2\u6808", "order_time": ["2019-01-17 19:14:17"], "total_order": 1, "hotel_value": ["4.7"], "hotel_price": ["175"]}, "3293024": {"hotel_name": "\u53a6\u95e8\u8239\u5c4b\u8001\u522b\u5885\u5bb6\u5ead\u65c5\u9986", "order_time": ["2019-01-17 19:28:18", "2019-01-17 19:14:18"], "total_order": 2, "hotel_value": ["4.7", "4.7"], "hotel_price": ["170", "170"]}, "1803138": {"hotel_name": "\u53a6\u95e8\u661f\u9645\u592a\u7a7a\u8231\u9752\u65c5", "order_time": ["2019-01-17 19:14:20"], "total_order": 1, "hotel_value": ["4.9"], "hotel_price": ["45"]}, "427947": {"hotel_name": "\u53a6\u95e8\u56fd\u9645\u4f1a\u8bae\u4e2d\u5fc3\u9152\u5e97", "order_time": ["2019-01-17 19:16:10"], "total_order": 1, "hotel_value": ["4.8"], "hotel_price": ["596"]}, "470603": {"hotel_name": "\u53a6\u95e8\u745e\u63d0\u62c9\u9152\u5e97", "order_time": ["2019-01-17 19:16:11"], "total_order": 1, "hotel_value": ["4.5"], "hotel_price": ["399"]}, "483805": {"hotel_name": "\u53a6\u95e8\u6ee8\u5317\u9890\u8c6a\u9152\u5e97", "order_time": ["2019-01-17 19:16:11"], "total_order": 1, "hotel_value": ["4.8"], "hotel_price": ["488"]}, "6129425": {"hotel_name": "\u6021\u6d77\u9601\u9152\u5e97(\u53a6\u95e8SM\u57ce\u5e02\u4e4c\u77f3\u6d66\u5730\u94c1\u7ad9\u5e97\uff09", "order_time": ["2019-01-17 19:16:12"], "total_order": 1, "hotel_value": ["4.6"], "hotel_price": ["198"]}, "1904341": {"hotel_name": "7\u5929\u4f18\u54c1\u9152\u5e97(\u53a6\u95e8\u4e2d\u5c71\u8def\u6b65\u884c\u8857\u5e97)", "order_time": ["2019-01-17 19:16:13"], "total_order": 1, "hotel_value": ["4.1"], "hotel_price": ["160"]}, "22823142": {"hotel_name": "\u53a6\u95e8\u6cf0\u5730\u4e07\u6021\u9152\u5e97", "order_time": ["2019-01-17 19:16:16"], "total_order": 1, "hotel_value": ["4.0"], "hotel_price": ["525"]}, "6336638": {"hotel_name": "\u53a6\u95e8\u897f\u8fb9\u820d\u5ba2\u6808", "order_time": ["2019-01-17 19:16:16"], "total_order": 1, "hotel_value": ["4.9"], "hotel_price": ["152"]}, "2305392": {"hotel_name": "\u53a6\u95e8\u9f13\u6d6a\u5c7f\u9e6d\u98de\u56fd\u9645\u9752\u5e74\u65c5\u820d", "order_time": ["2019-01-17 19:16:17"], "total_order": 1, "hotel_value": ["4.4"], "hotel_price": ["168"]}, "430060": {"hotel_name": "\u53a6\u95e8\u671b\u6d77\u5bbe\u9986", "order_time": ["2019-01-17 19:16:18"], "total_order": 1, "hotel_value": ["4.2"], "hotel_price": ["110"]}, "11686178": {"hotel_name": "\u53a6\u95e8\u6d77\u6ca7\u65b0\u9633886\u7cbe\u54c1\u9152\u5e97", "order_time": ["2019-01-17 19:16:24"], "total_order": 1, "hotel_value": ["4.3"], "hotel_price": ["194"]}, "4374922": {"hotel_name": "\u53a6\u95e8\u53a6\u9756\u516c\u5bd3", "order_time": ["2019-01-17 19:16:28"], "total_order": 1, "hotel_value": ["3.9"], "hotel_price": ["168"]}, "21332906": {"hotel_name": "\u53a6\u95e8\u65af\u7ef4\u767b\u5ea6\u5047\u9152\u5e97(\u678b\u6e56\u8f66\u7ad9\u4f18\u671b\u5e97)", "order_time": ["2019-01-17 19:16:42", "2019-01-17 19:24:42"], "total_order": 2, "hotel_value": ["4.8", "4.8"], "hotel_price": ["238", "238"]}, "346269": {"hotel_name": "\u53a6\u95e8\u6e90\u660c\u51ef\u5bbe\u65af\u57fa\u5927\u9152\u5e97", "order_time": ["2019-01-17 19:18:08", "2019-01-17 19:30:12", "2019-01-17 19:42:09", "2019-01-17 19:26:18"], "total_order": 4, "hotel_value": ["4.7", "4.7", "4.7", "4.7"], "hotel_price": ["913", "913", "913", "913"]}, "1707615": {"hotel_name": "\u53a6\u95e8\u7231\u5c1a\u4f18\u9a7f\u9152\u5e97", "order_time": ["2019-01-17 19:18:09"], "total_order": 1, "hotel_value": ["4.5"], "hotel_price": ["109"]}, "1775387": {"hotel_name": "\u53a6\u95e8\u5e38\u9752\u9152\u5e97", "order_time": ["2019-01-17 19:18:09"], "total_order": 1, "hotel_value": ["4.6"], "hotel_price": ["104"]}, "13732555": {"hotel_name": "\u53a6\u95e8\u516b\u516b\u7cbe\u54c1\u9152\u5e97", "order_time": ["2019-01-17 19:18:10"], "total_order": 1, "hotel_value": ["4.5"], "hotel_price": ["163"]}, "1314936": {"hotel_name": "\u83ab\u6cf0268(\u53a6\u95e8\u706b\u8f66\u7ad9\u5e97)", "order_time": ["2019-01-17 19:18:11", "2019-01-17 19:28:12"], "total_order": 2, "hotel_value": ["4.3", "4.3"], "hotel_price": ["185", "185"]}, "1419294": {"hotel_name": "\u9526\u6c5f\u4e4b\u661f(\u53a6\u95e8\u5317\u7ad9\u5609\u5e9a\u4f53\u80b2\u9986\u5e97)", "order_time": ["2019-01-17 19:18:11"], "total_order": 1, "hotel_value": ["4.5"], "hotel_price": ["177"]}, "1815575": {"hotel_name": "\u53a6\u95e8\u4e00\u54c1\u00b7\u6734\u5bbf(\u539f\u6f2b\u6d77\u5c45\u5ba2\u6808)", "order_time": ["2019-01-17 19:18:11"], "total_order": 1, "hotel_value": ["4.9"], "hotel_price": ["124"]}, "387242": {"hotel_name": "\u53a6\u95e8\u4e1c\u5357\u4e9a\u5927\u9152\u5e97", "order_time": ["2019-01-17 19:18:15"], "total_order": 1, "hotel_value": ["4.5"], "hotel_price": ["299"]}, "427542": {"hotel_name": "\u53a6\u95e8\u822a\u7a7a\u5bbe\u9986", "order_time": ["2019-01-17 19:18:16"], "total_order": 1, "hotel_value": ["4.7"], "hotel_price": ["418"]}, "428731": {"hotel_name": "\u78a7\u6d77\u84dd\u6e7e\u9152\u5e97(\u53a6\u95e8\u4f1a\u5c55\u5e97)", "order_time": ["2019-01-17 19:18:18"], "total_order": 1, "hotel_value": ["3.9"], "hotel_price": ["212"]}, "1729745": {"hotel_name": "\u53a6\u95e8\u9f13\u6d6a\u5c7f\u5b89\u742a\u513f\u65c5\u9986", "order_time": ["2019-01-17 19:18:24"], "total_order": 1, "hotel_value": ["4.8"], "hotel_price": ["303"]}, "5980230": {"hotel_name": "\u53a6\u95e8\u9f13\u6d6a\u5c7f\u542c\u96e8\u8f69\u7cbe\u54c1\u5ba2\u6808\u5927\u5b66\u751f\u521b\u4e1a\u57fa\u5730\u5e97", "order_time": ["2019-01-17 19:20:11"], "total_order": 1, "hotel_value": ["4.8"], "hotel_price": ["103"]}, "25665606": {"hotel_name": "\u53a6\u95e8\u7a7a\u6e2f\u667a\u9009\u5047\u65e5\u9152\u5e97", "order_time": ["2019-01-17 19:20:12"], "total_order": 1, "hotel_value": [0], "hotel_price": ["409"]}, "6516890": {"hotel_name": "\u5168\u5b63\u9152\u5e97(\u53a6\u95e8SM\u5e7f\u573a\u677e\u67cf\u5e97)", "order_time": ["2019-01-17 19:20:12", "2019-01-17 19:32:08"], "total_order": 2, "hotel_value": ["4.8", "4.8"], "hotel_price": ["398", "427"]}, "1405425": {"hotel_name": "\u53a6\u95e8\u5174\u6052\u5927\u9152\u5e97", "order_time": ["2019-01-17 19:20:18"], "total_order": 1, "hotel_value": ["4.5"], "hotel_price": ["463"]}, "6510448": {"hotel_name": "\u53a6\u95e8\u4e09\u4e2a\u53a6\u5927\u4eba\u4e03\u5f26\u5c45\u6c11\u5bbf", "order_time": ["2019-01-17 19:20:19"], "total_order": 1, "hotel_value": ["4.9"], "hotel_price": ["199"]}, "21430224": {"hotel_name": "\u53a6\u95e8\u5e02\u65c5\u7f8e\u9152\u5e97(\u53a6\u5927\u5357\u666e\u9640\u5e97)", "order_time": ["2019-01-17 19:20:21"], "total_order": 1, "hotel_value": ["4.1"], "hotel_price": ["103"]}, "4034369": {"hotel_name": "\u4e07\u4ec1\u9152\u5e97(\u53a6\u95e8\u4e2d\u5c71\u8def\u5e97)", "order_time": ["2019-01-17 19:22:22"], "total_order": 1, "hotel_value": ["3.5"], "hotel_price": ["79"]}, "436737": {"hotel_name": "\u53a6\u95e8\u9f13\u6d6a\u5c7f\u60a6\u7cbe\u54c1\u9152\u5e97", "order_time": ["2019-01-17 19:22:30"], "total_order": 1, "hotel_value": ["4.5"], "hotel_price": ["126"]}, "11536253": {"hotel_name": "\u53a6\u95e8\u6765\u5fc5\u5c45\u9152\u5e97", "order_time": ["2019-01-17 19:42:27", "2019-01-17 19:22:30"], "total_order": 2, "hotel_value": ["4.8", "4.8"], "hotel_price": ["53", "69"]}, "6842546": {"hotel_name": "\u53a6\u95e8\u6d77\u60a6\u6e7e\u5ea6\u5047\u522b\u5885", "order_time": ["2019-01-17 19:22:41"], "total_order": 1, "hotel_value": ["4.9"], "hotel_price": ["352"]}, "6442457": {"hotel_name": "\u9f13\u6d6a\u5c7f\u6709\u68f5\u6811\u00b7\u65e0\u5c9a\u9152\u5e97", "order_time": ["2019-01-17 19:22:42"], "total_order": 1, "hotel_value": ["4.8"], "hotel_price": ["293"]}, "5028626": {"hotel_name": "\u53a6\u95e8\u9493\u00b7\u7eaf\u6d77\u8f7b\u5962\u9a7f\u9986", "order_time": ["2019-01-17 19:24:13", "2019-01-17 19:32:10"], "total_order": 2, "hotel_value": ["4.9", "4.9"], "hotel_price": ["298", "298"]}, "2636318": {"hotel_name": "\u53a6\u95e8\u9f13\u6d6a\u5c7f\u4e91\u4e4b\u6668\u6d77\u666f\u82b1\u56ed\u9152\u5e97", "order_time": ["2019-01-17 19:24:18"], "total_order": 1, "hotel_value": ["4.5"], "hotel_price": ["298"]}, "6531873": {"hotel_name": "\u53a6\u95e8\u6469\u767b\u4e16\u5bb6\u8fde\u9501\u9152\u5e97\u706b\u8f66\u7ad9\u5e97", "order_time": ["2019-01-17 19:24:19"], "total_order": 1, "hotel_value": ["4.7"], "hotel_price": ["131"]}, "4815087": {"hotel_name": "\u53a6\u95e8\u9f13\u6d6a\u5c7f\u6f2b\u6f2b\u60a0\u60a0\u65c5\u9986", "order_time": ["2019-01-17 19:24:22"], "total_order": 1, "hotel_value": ["4.8"], "hotel_price": ["263"]}, "9197590": {"hotel_name": "\u53a6\u95e8\u4e00\u5929\u4f18\u54c1\u9152\u5e97(\u539f\u4e1c\u4ead\u65c5\u793e)", "order_time": ["2019-01-17 19:24:25"], "total_order": 1, "hotel_value": ["4.4"], "hotel_price": ["128"]}, "467612": {"hotel_name": "\u53a6\u95e8\u9f13\u6d6a\u5c7f\u8292\u679c\u6811\u65c5\u9986", "order_time": ["2019-01-17 19:26:15"], "total_order": 1, "hotel_value": ["4.9"], "hotel_price": ["65"]}, "3777473": {"hotel_name": "\u53a6\u95e8\u9e7f\u91cc\u6c11\u5bbf", "order_time": ["2019-01-17 19:26:16"], "total_order": 1, "hotel_value": ["4.9"], "hotel_price": ["118"]}, "439457": {"hotel_name": "\u53a6\u95e8\u6676\u73d1\u5927\u9152\u5e97", "order_time": ["2019-01-17 19:26:20"], "total_order": 1, "hotel_value": ["4.3"], "hotel_price": ["331"]}, "12092426": {"hotel_name": "\u53a6\u95e8\u91d1\u5c0f\u59d0\u522b\u9662(\u539f\u9999\u683c\u91cc\u5885\u5ea6\u5047\u5e84\u56ed)", "order_time": ["2019-01-17 19:26:22"], "total_order": 1, "hotel_value": ["4.9"], "hotel_price": ["121"]}, "11479450": {"hotel_name": "\u53a6\u95e8\u7761\u5fb7\u9999\u9152\u5e97\u516c\u5bd3", "order_time": ["2019-01-17 19:26:25"], "total_order": 1, "hotel_value": ["4.7"], "hotel_price": ["153"]}, "1316473": {"hotel_name": "\u53a6\u95e8\u66fe\u5927\u5496\u5ba2\u6808", "order_time": ["2019-01-17 19:26:25"], "total_order": 1, "hotel_value": ["4.5"], "hotel_price": ["75"]}, "26624853": {"hotel_name": "\u53a6\u95e8\u66fe\u539d\u57b5\u65f6\u5149\u6f2b\u6b47\u6c11\u5bbf", "order_time": ["2019-01-17 19:26:26"], "total_order": 1, "hotel_value": ["4.9"], "hotel_price": ["73"]}, "2338764": {"hotel_name": "\u53a6\u95e8\u7eb3\u5ba2\u56fd\u9645\u9752\u5e74\u65c5\u820d", "order_time": ["2019-01-17 19:26:28"], "total_order": 1, "hotel_value": ["4.5"], "hotel_price": ["24"]}, "5979739": {"hotel_name": "\u53a6\u95e8\u4e2d\u5c71\u6545\u4e8b\u65c5\u820d", "order_time": ["2019-01-17 19:28:09"], "total_order": 1, "hotel_value": ["4.8"], "hotel_price": ["393"]}, "1583166": {"hotel_name": "\u5982\u5bb6\u5feb\u6377\u9152\u5e97(\u53a6\u95e8\u4e2d\u5c71\u8def\u6b65\u884c\u8857\u5e97)", "order_time": ["2019-01-17 19:36:09", "2019-01-17 19:28:09"], "total_order": 2, "hotel_value": ["4.5", "4.5"], "hotel_price": ["161", "161"]}, "1541979": {"hotel_name": "\u53a6\u95e8\u6708\u5149\u5ca9\u82b1\u56ed\u522b\u5885", "order_time": ["2019-01-17 19:28:10"], "total_order": 1, "hotel_value": ["4.4"], "hotel_price": ["103"]}, "1741647": {"hotel_name": "\u53a6\u95e8\u6f2b\u6e21\u6734\u820d\u8bbe\u8ba1\u578b\u6c11\u5bbf", "order_time": ["2019-01-17 19:28:11"], "total_order": 1, "hotel_value": ["5.0"], "hotel_price": ["212"]}, "804367": {"hotel_name": "\u548c\u9890\u9152\u5e97(\u53a6\u95e8\u706b\u8f66\u7ad9\u83b2\u82b1\u8def\u53e3\u5730\u94c1\u7ad9\u5e97)", "order_time": ["2019-01-17 19:28:11"], "total_order": 1, "hotel_value": ["4.8"], "hotel_price": ["245"]}, "4645488": {"hotel_name": "\u53a6\u95e8\u4f1f\u4f26\u4e3b\u9898\u522b\u5885\u5ba2\u6808", "order_time": ["2019-01-17 19:28:11"], "total_order": 1, "hotel_value": ["4.5"], "hotel_price": ["113"]}, "1248982": {"hotel_name": "\u53a6\u95e8\u66fe\u539d\u5b89\u58f9\u5c45hotel", "order_time": ["2019-01-17 19:28:11"], "total_order": 1, "hotel_value": ["4.7"], "hotel_price": ["130"]}, "1417342": {"hotel_name": "\u53a6\u95e8\u7231\u7b51\u65f6\u5c1a\u7cbe\u54c1\u60c5\u4fa3\u4e3b\u9898\u9152\u5e97", "order_time": ["2019-01-17 19:28:11"], "total_order": 1, "hotel_value": ["4.5"], "hotel_price": ["183"]}, "28525229": {"hotel_name": "\u53a6\u95e8\u96c5\u7434\u4f73\u5c45\u516c\u5bd3", "order_time": ["2019-01-17 19:28:11"], "total_order": 1, "hotel_value": ["4.9"], "hotel_price": ["101"]}, "429460": {"hotel_name": "\u57ce\u9645\u5546\u52a1\u9152\u5e97(\u53a6\u95e8\u777f\u5f18\u57ce\u9645\u4e2d\u5c71\u8def\u5e97)", "order_time": ["2019-01-17 19:28:11"], "total_order": 1, "hotel_value": ["4.1"], "hotel_price": ["91"]}, "1733907": {"hotel_name": "\u53a6\u95e8\u8363\u8a89\u56fd\u9645\u9152\u5e97", "order_time": ["2019-01-17 19:28:12"], "total_order": 1, "hotel_value": ["4.7"], "hotel_price": ["568"]}, "6839393": {"hotel_name": "\u5bb6\u5bb6\u4e50\u9152\u5e97\uff08\u53a6\u95e8\u4e2d\u5c71\u8def\u5347\u5e73\u5e97\uff09", "order_time": ["2019-01-17 19:28:12"], "total_order": 1, "hotel_value": ["4.4"], "hotel_price": ["112"]}, "469850": {"hotel_name": "\u7ef4\u4e5f\u7eb3\u9152\u5e97(\u53a6\u95e8\u706b\u8f66\u7ad9\u5e97)(\u539f\u51ef\u65af\u9152\u5e97)", "order_time": ["2019-01-17 19:28:12"], "total_order": 1, "hotel_value": ["4.7"], "hotel_price": ["268"]}, "6512986": {"hotel_name": "\u53a6\u95e8\u4e4c\u5ae3\u539d\u5ba2\u6808", "order_time": ["2019-01-17 19:28:12"], "total_order": 1, "hotel_value": ["4.9"], "hotel_price": ["153"]}, "2561902": {"hotel_name": "\u53a6\u95e8\u7231\u83b1\u9152\u5e97\u516c\u5bd3", "order_time": ["2019-01-17 19:28:12"], "total_order": 1, "hotel_value": ["4.7"], "hotel_price": ["194"]}, "387246": {"hotel_name": "\u53a6\u95e8\u5982\u662f\u9152\u5e97\u4f1a\u5c55\u5e97", "order_time": ["2019-01-17 19:28:12"], "total_order": 1, "hotel_value": ["4.7"], "hotel_price": ["340"]}, "438336": {"hotel_name": "\u53a6\u95e8\u5927\u4ebf\u9890\u8c6a\u9152\u5e97", "order_time": ["2019-01-17 19:28:12"], "total_order": 1, "hotel_value": ["4.4"], "hotel_price": ["194"]}, "6246815": {"hotel_name": "\u6c49\u5ead\u9152\u5e97(\u53a6\u95e8\u4e2d\u5c71\u8def\u6b65\u884c\u8857\u5927\u540c\u8def\u5e97)", "order_time": ["2019-01-17 19:28:13"], "total_order": 1, "hotel_value": ["4.4"], "hotel_price": ["180"]}, "5979992": {"hotel_name": "\u53a6\u95e8\u5c71\u5c7f\u6d77\u7cbe\u54c1\u5ba2\u6808", "order_time": ["2019-01-17 19:28:13"], "total_order": 1, "hotel_value": ["4.8"], "hotel_price": ["216"]}, "437770": {"hotel_name": "\u53a6\u95e8\u79be\u6b63\u5927\u9152\u5e97", "order_time": ["2019-01-17 19:28:13"], "total_order": 1, "hotel_value": ["4.2"], "hotel_price": ["138"]}, "12183206": {"hotel_name": "\u53a6\u95e8\u4e03\u661f\u8fde\u9501\u9152\u5e97\u678b\u6e56\u5ba2\u8fd0\u4e2d\u5fc3\u91d1\u5c71\u5e97", "order_time": ["2019-01-17 19:28:13"], "total_order": 1, "hotel_value": ["4.5"], "hotel_price": ["146"]}, "473274": {"hotel_name": "\u53a6\u95e8\u65e5\u4e1c\u82b1\u56ed\u9152\u5e97(\u81ea\u9a7e\u8f66\u4e3b\u9898\u9152\u5e97)", "order_time": ["2019-01-17 19:28:14"], "total_order": 1, "hotel_value": ["4.5"], "hotel_price": ["309"]}, "5757188": {"hotel_name": "\u53a6\u95e8\u5927\u5b66\u9f13\u6d6a\u6e7e\u6d77\u666f\u516c\u5bd3(\u539f\u53a6\u5927\u4e16\u8302\u53cc\u5b50\u5854\u597d\u7720\u9152\u5e97\u516c\u5bd3)", "order_time": ["2019-01-17 19:28:14"], "total_order": 1, "hotel_value": ["4.7"], "hotel_price": ["333"]}, "5548882": {"hotel_name": "\u53a6\u95e8\u6d77\u65c5\u6e29\u5fb7\u59c6\u81f3\u5c0a\u9152\u5e97", "order_time": ["2019-01-17 19:28:14"], "total_order": 1, "hotel_value": ["4.7"], "hotel_price": ["522"]}, "375297": {"hotel_name": "\u53a6\u95e8\u9a6c\u54e5\u5b5b\u7f57\u4e1c\u65b9\u5927\u9152\u5e97", "order_time": ["2019-01-17 19:28:14"], "total_order": 1, "hotel_value": ["4.6"], "hotel_price": ["753"]}, "717916": {"hotel_name": "\u53a6\u95e8\u6717\u8c6a\u9152\u5e97", "order_time": ["2019-01-17 19:28:14"], "total_order": 1, "hotel_value": ["4.6"], "hotel_price": ["744"]}, "15717242": {"hotel_name": "\u53a6\u95e8\u9e6d\u5c9b\u6234\u65af\u9152\u5e97", "order_time": ["2019-01-17 19:28:14"], "total_order": 1, "hotel_value": ["4.5"], "hotel_price": ["211"]}, "435030": {"hotel_name": "\u53a6\u95e8\u9f13\u6d6a\u5c7f\u6797\u6c0f\u5e9c\u516c\u9986\u9152\u5e97", "order_time": ["2019-01-17 19:28:14"], "total_order": 1, "hotel_value": ["4.8"], "hotel_price": ["988"]}, "1799733": {"hotel_name": "\u53a6\u95e8\u9f13\u6d6a\u5c7f\u4e01\u9999\u82b1\u56ed\u65c5\u9986", "order_time": ["2019-01-17 19:34:14", "2019-01-17 19:28:16"], "total_order": 2, "hotel_value": ["4.8", "4.8"], "hotel_price": ["356", "356"]}, "2145638": {"hotel_name": "\u53a6\u95e8\u5609\u836b\u96c5\u5c45\u9152\u5e97(\u539f\u5c31\u662f\u4e3a\u4f60\u4e3b\u9898\u8fde\u9501\u9152\u5e97)", "order_time": ["2019-01-17 19:28:17"], "total_order": 1, "hotel_value": ["4.6"], "hotel_price": ["184"]}, "4435448": {"hotel_name": "\u53a6\u95e8\u9752\u5c7f\u6c11\u5bbf", "order_time": ["2019-01-17 19:28:20"], "total_order": 1, "hotel_value": ["4.9"], "hotel_price": ["184"]}, "5981110": {"hotel_name": "\u53a6\u95e8\u56db\u5b63\u6d77\u6ee8\u5ea6\u5047\u516c\u5bd3", "order_time": ["2019-01-17 19:28:21"], "total_order": 1, "hotel_value": ["4.5"], "hotel_price": ["193"]}, "15878927": {"hotel_name": "\u53a6\u95e8\u5929\u5408\u4eba\u5bb6\u516c\u5bd3", "order_time": ["2019-01-17 19:28:25"], "total_order": 1, "hotel_value": ["4.8"], "hotel_price": ["117"]}, "6279138": {"hotel_name": "\u57ce\u5e02\u4fbf\u6377\u9152\u5e97(\u53a6\u95e8\u9f13\u6d6a\u5c7f\u5d69\u5c7f\u7801\u5934\u5e97 )", "order_time": ["2019-01-17 19:28:25"], "total_order": 1, "hotel_value": ["4.8"], "hotel_price": ["255"]}, "6819998": {"hotel_name": "\u53a6\u95e8\u91d1\u946b\u516c\u5bd3", "order_time": ["2019-01-17 19:28:31"], "total_order": 1, "hotel_value": [0], "hotel_price": ["110"]}, "2300476": {"hotel_name": "7\u5929\u4f18\u54c1\u9152\u5e97(\u53a6\u95e8\u673a\u573a\u5e97)", "order_time": ["2019-01-17 19:30:08"], "total_order": 1, "hotel_value": ["4.6"], "hotel_price": ["209"]}, "1055853": {"hotel_name": "\u57ce\u5e02\u4fbf\u6377\u9152\u5e97(\u53a6\u95e8\u96c6\u7f8e\u5927\u5b66\u5e97)", "order_time": ["2019-01-17 19:30:18"], "total_order": 1, "hotel_value": ["4.5"], "hotel_price": ["177"]}, "878866": {"hotel_name": "\u53a6\u95e8\u94f6\u6d32\u65c5\u9986", "order_time": ["2019-01-17 19:30:18"], "total_order": 1, "hotel_value": ["4.5"], "hotel_price": ["147"]}, "1066354": {"hotel_name": "\u6613\u4f70\u8fde\u9501\u65c5\u5e97(\u53a6\u95e8\u6d77\u5bcc\u5e97)", "order_time": ["2019-01-17 19:30:21"], "total_order": 1, "hotel_value": ["4.0"], "hotel_price": ["100"]}, "1815558": {"hotel_name": "\u53a6\u95e8\u827e\u5c1a97\u4e3b\u9898\u9a7f\u7ad9", "order_time": ["2019-01-17 19:30:24"], "total_order": 1, "hotel_value": ["4.2"], "hotel_price": ["114"]}, "458760": {"hotel_name": "\u827e\u601d\u987f\u9152\u5e97(\u53a6\u95e8\u4e2d\u5c71\u8def\u7f8e\u6e56\u5206\u5e97)", "order_time": ["2019-01-17 19:30:41"], "total_order": 1, "hotel_value": ["4.7"], "hotel_price": ["226"]}, "2294909": {"hotel_name": "\u53a6\u95e8\u51cc\u6ce2\u6e7e\u9152\u5e97(\u53a6\u5927\u7fd4\u5b89\u6821\u533a\u5e97)", "order_time": ["2019-01-17 19:32:10"], "total_order": 1, "hotel_value": ["4.1"], "hotel_price": ["232"]}, "1648310": {"hotel_name": "\u53a6\u95e8\u5764\u57ce\u6c64\u5cb8\u6e29\u6cc9\u5ea6\u5047\u6751", "order_time": ["2019-01-17 19:32:10"], "total_order": 1, "hotel_value": ["4.5"], "hotel_price": ["460"]}, "2364319": {"hotel_name": "\u53a6\u95e8\u7b2c\u4e00\u6e2f\u5ba2\u6808", "order_time": ["2019-01-17 19:32:10"], "total_order": 1, "hotel_value": ["4.6"], "hotel_price": ["84"]}, "21132146": {"hotel_name": "\u5929\u57fa\u5fa1\u5ead\u9152\u5e97(\u53a6\u95e8\u83b2\u5742\u5730\u94c1\u7ad9\u5e97)", "order_time": ["2019-01-17 19:32:11"], "total_order": 1, "hotel_value": ["4.8"], "hotel_price": ["168"]}, "7277750": {"hotel_name": "\u53a6\u95e8\u6b63\u5143\u5e0c\u5c14\u987f\u9038\u6797\u9152\u5e97", "order_time": ["2019-01-17 19:32:12"], "total_order": 1, "hotel_value": ["4.7"], "hotel_price": ["591"]}, "346267": {"hotel_name": "\u53a6\u95e8\u5e1d\u5143\u7ef4\u591a\u5229\u4e9a\u5927\u9152\u5e97", "order_time": ["2019-01-17 19:32:12"], "total_order": 1, "hotel_value": ["4.5"], "hotel_price": ["536"]}, "1315375": {"hotel_name": "\u53a6\u95e8\u82cf\u56ed\u00b7\u5929\u5c71\u6cc9\u9152\u5e97", "order_time": ["2019-01-17 19:32:12"], "total_order": 1, "hotel_value": ["4.5"], "hotel_price": ["145"]}, "17908349": {"hotel_name": "\u53a6\u95e8\u9047\u7f8e\u00b7\u57b5\u90b8\u9152\u5e97", "order_time": ["2019-01-17 19:32:15"], "total_order": 1, "hotel_value": ["4.9"], "hotel_price": ["248"]}, "5282077": {"hotel_name": "\u53a6\u95e8\u71d5\u6eaa\u9ad8\u7aef\u6c11\u5bbf", "order_time": ["2019-01-17 19:32:17"], "total_order": 1, "hotel_value": ["4.9"], "hotel_price": ["191"]}, "1620068": {"hotel_name": "\u53a6\u95e8\u5317\u7ad9\u4e5d\u5ea6\u4e09\u5c71\u5e84", "order_time": ["2019-01-17 19:34:13"], "total_order": 1, "hotel_value": ["4.7"], "hotel_price": ["153"]}, "1746353": {"hotel_name": "\u53a6\u95e8\u5927\u5b66\u56fd\u9645\u5b66\u672f\u4ea4\u6d41\u4e2d\u5fc3", "order_time": ["2019-01-17 19:34:15"], "total_order": 1, "hotel_value": ["4.3"], "hotel_price": ["540"]}, "4340519": {"hotel_name": "\u53a6\u95e8\u90a3\u6d77\u5ba2\u6808", "order_time": ["2019-01-17 19:34:16"], "total_order": 1, "hotel_value": ["4.7"], "hotel_price": ["75"]}, "5372616": {"hotel_name": "\u53a6\u95e8\u817e\u534e\u7cbe\u54c1\u9152\u5e97", "order_time": ["2019-01-17 19:34:17"], "total_order": 1, "hotel_value": ["4.4"], "hotel_price": ["223"]}, "1480274": {"hotel_name": "\u53a6\u95e8\u53a6\u5927\u4e50\u96c5\u5ea6\u5047\u522b\u5885", "order_time": ["2019-01-17 19:34:17"], "total_order": 1, "hotel_value": ["4.9"], "hotel_price": ["137"]}, "23841122": {"hotel_name": "\u53a6\u95e8\u8fe6\u9005\u00b7\u5019\u820d\u5ba2\u6808", "order_time": ["2019-01-17 19:36:09"], "total_order": 1, "hotel_value": ["4.9"], "hotel_price": ["104"]}, "419537": {"hotel_name": "\u53a6\u95e8\u822a\u7a7a\u91d1\u96c1\u9152\u5e97", "order_time": ["2019-01-17 19:36:11"], "total_order": 1, "hotel_value": ["4.9"], "hotel_price": ["658"]}, "6955152": {"hotel_name": "\u53a6\u95e8\u541b\u96c5\u65f6\u5c1a\u9152\u5e97(\u539f\u4e98\u91d1\u9152\u5e97)", "order_time": ["2019-01-17 19:36:17"], "total_order": 1, "hotel_value": ["4.8"], "hotel_price": ["75"]}, "2304389": {"hotel_name": "\u9038\u6ed4\u8fde\u9501\u9152\u5e97(\u53a6\u95e8\u83b2\u82b1\u5317\u8def\u5e97)", "order_time": ["2019-01-17 19:36:29"], "total_order": 1, "hotel_value": ["3.8"], "hotel_price": ["85"]}, "28558978": {"hotel_name": "\u53a6\u95e8\u5fc6\u79cb\u68a6\u516c\u5bd3", "order_time": ["2019-01-17 19:36:46"], "total_order": 1, "hotel_value": ["5.0"], "hotel_price": ["113"]}, "15849666": {"hotel_name": "\u5168\u5b63\u9152\u5e97(\u53a6\u95e8\u5317\u7ad9\u674f\u6797\u6e7e\u8def\u5e97)", "order_time": ["2019-01-17 19:38:11"], "total_order": 1, "hotel_value": ["4.7"], "hotel_price": ["313"]}, "1768712": {"hotel_name": "\u53a6\u95e8\u9014\u5e84\u7cbe\u54c1\u9152\u5e97", "order_time": ["2019-01-17 19:42:11", "2019-01-17 19:38:13"], "total_order": 2, "hotel_value": ["4.7", "4.7"], "hotel_price": ["148", "148"]}, "2624108": {"hotel_name": "\u53a6\u95e8\u5e0c\u5c14\u987f\u9038\u6797\u9152\u5e97", "order_time": ["2019-01-17 19:38:20"], "total_order": 1, "hotel_value": ["4.7"], "hotel_price": ["665"]}, "2941876": {"hotel_name": "\u53a6\u95e8\u7231\u5c4b\u5409\u5c4b\u4e3b\u9898\u5ba2\u6808", "order_time": ["2019-01-17 19:38:23"], "total_order": 1, "hotel_value": ["4.7"], "hotel_price": ["118"]}, "3000081": {"hotel_name": "\u53a6\u95e8\u7ea2\u8272\u5bb6\u65cf\u5ea6\u5047\u522b\u5885", "order_time": ["2019-01-17 19:40:12"], "total_order": 1, "hotel_value": ["4.8"], "hotel_price": ["127"]}, "429652": {"hotel_name": "\u590f\u5546\u00b7\u6021\u5ead\u5feb\u6377\u9152\u5e97(\u53a6\u95e8\u4e2d\u5c71\u8def\u767d\u5170\u5e97)", "order_time": ["2019-01-17 19:40:13"], "total_order": 1, "hotel_value": ["4.4"], "hotel_price": ["134"]}, "688819": {"hotel_name": "\u53a6\u95e8\u9f13\u6d6a\u5c7f\u9526\u7965\u5bb6\u5ead\u65c5\u9986", "order_time": ["2019-01-17 19:40:24"], "total_order": 1, "hotel_value": ["4.4"], "hotel_price": ["123"]}, "1906630": {"hotel_name": "\u8212\u96c5\u5bbe\u9986(\u53a6\u95e8\u4e2d\u5c71\u8def\u5e97)", "order_time": ["2019-01-17 19:40:25"], "total_order": 1, "hotel_value": ["3.1"], "hotel_price": ["88"]}, "6746006": {"hotel_name": "\u53a6\u95e8\u66fe\u539d\u57b5\u8fe6\u9005\u96c5\u5c45", "order_time": ["2019-01-17 19:42:07"], "total_order": 1, "hotel_value": ["4.8"], "hotel_price": ["109"]}, "976678": {"hotel_name": "\u5982\u5bb6\u7cbe\u9009\u9152\u5e97(\u53a6\u95e8\u83b2\u5742\u660e\u53d1\u5546\u4e1a\u5e7f\u573a\u5e97)", "order_time": ["2019-01-17 19:42:07"], "total_order": 1, "hotel_value": ["4.7"], "hotel_price": ["274"]}, "898495": {"hotel_name": "\u6c49\u5ead\u9152\u5e97(\u53a6\u95e8\u79be\u7965\u897f\u8def\u79be\u7965\u5546\u57ce\u5e97)(\u539f\u6e56\u6ee8\u4e2d\u8def\u5e97)", "order_time": ["2019-01-17 19:42:10"], "total_order": 1, "hotel_value": ["4.4"], "hotel_price": ["139"]}, "13983753": {"hotel_name": "\u53a6\u95e8\u5353\u5c0f\u82b1\u6c11\u5bbf-\u53a6\u95e8\u5e97", "order_time": ["2019-01-17 19:42:28"], "total_order": 1, "hotel_value": ["4.3"], "hotel_price": ["362"]}, "6976013": {"hotel_name": "\u53a6\u95e8\u66fe\u539d\u57b5\u5f52\u5885\u65b0\u5ba2\u6808", "order_time": ["2019-01-17 19:42:29"], "total_order": 1, "hotel_value": ["4.3"], "hotel_price": ["123"]}, "839464": {"hotel_name": "\u53a6\u95e8\u6728\u5bbf\u5ba2\u6808(\u539f\u6f2b\u8d70\u5ba2\u6808)", "order_time": ["2019-01-17 19:42:30"], "total_order": 1, "hotel_value": ["4.4"], "hotel_price": ["137"]}, "6470572": {"hotel_name": "\u53a6\u95e8\u6709\u95f4\u623f\u5b50\u8bbe\u8ba1\u5e08\u6c11\u5bbf", "order_time": ["2019-01-17 19:42:42"], "total_order": 1, "hotel_value": ["4.6"], "hotel_price": ["219"]}, "1504688": {"hotel_name": "\u53a6\u95e8\u4e1c\u65b9\u540d\u6bbf\u9152\u5e97", "order_time": ["2019-01-17 19:42:47"], "total_order": 1, "hotel_value": ["4.0"], "hotel_price": ["266"]}, "2331007": {"hotel_name": "\u781a\u6d77\u9152\u5e97(\u53a6\u95e8\u4f1a\u5c55\u89c2\u97f3\u5c71\u5e97)", "order_time": ["2019-01-17 19:44:25"], "total_order": 1, "hotel_value": ["4.3"], "hotel_price": ["217"]}}}