{"\u5f00\u59cb\u8bb0\u5f55\u65f6\u95f4": "2019-01-19 09:43:56", "\u7ed3\u675f\u8bb0\u5f55\u65f6\u95f4": "2019-01-19 10:43:56", "\u8ba2\u5355\u603b\u589e\u91cf": 357, "item": {"1613814": {"hotel_name": "\u7231\u83f2\u513f\u5ea6\u5047\u9152\u5e97(\u53a6\u95e8\u9f13\u6d6a\u5c7f1930\u5e97)", "order_time": ["2019-01-19 09:46:02"], "total_order": 1, "hotel_value": ["4.6"], "hotel_price": ["386"]}, "346248": {"hotel_name": "\u53a6\u95e8\u6cf0\u8c37\u9152\u5e97", "order_time": ["2019-01-19 09:46:02", "2019-01-19 10:08:25", "2019-01-19 09:50:09", "2019-01-19 09:54:05"], "total_order": 4, "hotel_value": ["4.7", "4.7", "4.7", "4.7"], "hotel_price": ["398", "398", "398", "398"]}, "22823142": {"hotel_name": "\u53a6\u95e8\u6cf0\u5730\u4e07\u6021\u9152\u5e97", "order_time": ["2019-01-19 09:48:05", "2019-01-19 09:46:03"], "total_order": 2, "hotel_value": ["4.0", "4.0"], "hotel_price": ["486", "486"]}, "1727667": {"hotel_name": "\u53a6\u95e8\u9f13\u6d6a\u5c7f\u9e93\u610f\u601d\u8001\u522b\u5885\u5ea6\u5047\u9152\u5e97", "order_time": ["2019-01-19 09:46:03"], "total_order": 1, "hotel_value": ["4.6"], "hotel_price": ["311"]}, "5768651": {"hotel_name": "\u53a6\u95e8\u9047\u7f8e\u00b7\u6ca7\u6d77\u4e00\u5885", "order_time": ["2019-01-19 09:46:03", "2019-01-19 10:40:20"], "total_order": 2, "hotel_value": ["4.8", "4.8"], "hotel_price": ["196", "196"]}, "435290": {"hotel_name": "\u53a6\u95e8\u6625\u5149\u9152\u5e97", "order_time": ["2019-01-19 09:46:03"], "total_order": 1, "hotel_value": ["4.7"], "hotel_price": ["278"]}, "1230104": {"hotel_name": "\u53a6\u95e8\u63a2\u7d22\u9152\u5e97", "order_time": ["2019-01-19 10:38:28", "2019-01-19 09:46:03"], "total_order": 2, "hotel_value": ["4.5", "4.5"], "hotel_price": ["439", "439"]}, "434812": {"hotel_name": "\u53a6\u95e8\u65e5\u6708\u8c37\u6e29\u6cc9\u6e21\u5047\u6751", "order_time": ["2019-01-19 09:46:03"], "total_order": 1, "hotel_value": ["4.7"], "hotel_price": ["1158"]}, "2391888": {"hotel_name": "\u826f\u5885\u00b7\u7f24\u7eb7\u82b1\u6d77\u5ea6\u5047\u5e84\u56ed(\u53a6\u95e8\u66fe\u539d\u57b5\u5e97)", "order_time": ["2019-01-19 09:46:03"], "total_order": 1, "hotel_value": ["4.8"], "hotel_price": ["165"]}, "437471": {"hotel_name": "\u53a6\u95e8\u9f13\u6d6a\u5c7f\u60a6\u60c5\u6e2f\u9152\u5e97", "order_time": ["2019-01-19 09:46:04"], "total_order": 1, "hotel_value": ["4.4"], "hotel_price": ["131"]}, "5677728": {"hotel_name": "\u53a6\u95e8\u5df4\u6d1b\u514b\u8f7b\u5962\u9a7f\u6808", "order_time": ["2019-01-19 09:46:04"], "total_order": 1, "hotel_value": ["4.9"], "hotel_price": ["126"]}, "1775387": {"hotel_name": "\u53a6\u95e8\u5e38\u9752\u9152\u5e97", "order_time": ["2019-01-19 09:46:05"], "total_order": 1, "hotel_value": ["4.6"], "hotel_price": ["111"]}, "375294": {"hotel_name": "\u53a6\u95e8\u534e\u7f8e\u8fbe\u957f\u5347\u5927\u9152\u5e97", "order_time": ["2019-01-19 09:46:05"], "total_order": 1, "hotel_value": ["4.4"], "hotel_price": ["400"]}, "28012135": {"hotel_name": "\u53a6\u95e8\u9038\u8f69\u516c\u5bd3\u673a\u573a\u5e97", "order_time": ["2019-01-19 09:46:05"], "total_order": 1, "hotel_value": [0], "hotel_price": ["113"]}, "467592": {"hotel_name": "\u53a6\u95e8\u7f8e\u4ed1\u91d1\u60a6\u9152\u5e97", "order_time": ["2019-01-19 09:48:02", "2019-01-19 09:50:09"], "total_order": 2, "hotel_value": ["4.7", "4.7"], "hotel_price": ["178", "178"]}, "7123043": {"hotel_name": "\u53a6\u95e8\u9e6d\u6c5f\u00b7\u4f72\u5bb6\u9152\u5e97", "order_time": ["2019-01-19 09:48:02", "2019-01-19 09:50:09"], "total_order": 2, "hotel_value": ["4.7", "4.7"], "hotel_price": ["629", "629"]}, "448649": {"hotel_name": "\u53a6\u95e8\u4e9a\u6d32\u6d77\u6e7e\u5927\u9152\u5e97", "order_time": ["2019-01-19 09:48:02", "2019-01-19 10:06:17"], "total_order": 2, "hotel_value": ["4.4", "4.4"], "hotel_price": ["256", "256"]}, "1540062": {"hotel_name": "\u4e45\u6816\u00b7\u9f13\u6d6a\u5c7f\u6d77\u5cb8\u82b1\u65c5\u9986", "order_time": ["2019-01-19 09:48:02"], "total_order": 1, "hotel_value": ["4.9"], "hotel_price": ["249"]}, "2302013": {"hotel_name": "\u9f13\u6d6a\u5c7f\u5c7f\u5cb8\u82b1\u5ea6\u5047\u65c5\u9986", "order_time": ["2019-01-19 09:48:02"], "total_order": 1, "hotel_value": ["4.3"], "hotel_price": ["113"]}, "1730297": {"hotel_name": "\u53a6\u95e8\u9f13\u6d6a\u5c7f\u7434\u6d77\u5e84\u56ed\u6d77\u666f\u9152\u5e97", "order_time": ["2019-01-19 09:48:03"], "total_order": 1, "hotel_value": ["4.6"], "hotel_price": ["618"]}, "3722586": {"hotel_name": "\u9f13\u6d6a\u5c7f\u4ea6\u9601\u5ea6\u5047\u522b\u5885", "order_time": ["2019-01-19 09:48:03"], "total_order": 1, "hotel_value": ["4.6"], "hotel_price": ["688"]}, "448912": {"hotel_name": "\u5982\u5bb6\u5feb\u6377\u9152\u5e97(\u53a6\u95e8\u706b\u8f66\u7ad9\u6e56\u6ee8\u4e1c\u8def\u9e3f\u8fd0\u5927\u53a6\u5e97)", "order_time": ["2019-01-19 09:52:06", "2019-01-19 09:48:03"], "total_order": 2, "hotel_value": ["4.3", "4.3"], "hotel_price": ["172", "172"]}, "1583163": {"hotel_name": "\u5982\u5bb6\u5feb\u6377\u9152\u5e97(\u53a6\u95e8\u540c\u5b89\u6c7d\u8f66\u7ad9\u5e97)", "order_time": ["2019-01-19 09:48:03"], "total_order": 1, "hotel_value": ["4.5"], "hotel_price": ["113"]}, "5205455": {"hotel_name": "Zsmart\u667a\u5c1a\u9152\u5e97(\u53a6\u95e8\u706b\u8f66\u7ad9\u83b2\u5742\u5730\u94c1\u7ad9\u5e97)", "order_time": ["2019-01-19 09:48:03"], "total_order": 1, "hotel_value": ["4.4"], "hotel_price": ["171"]}, "440464": {"hotel_name": "\u590f\u5546\u6021\u7fd4\u9152\u5e97(\u53a6\u95e8\u4e2d\u5c71\u8def\u534e\u90fd\u5e97)", "order_time": ["2019-01-19 09:48:03"], "total_order": 1, "hotel_value": ["4.6"], "hotel_price": ["294"]}, "24034391": {"hotel_name": "\u53a6\u95e8\u6c34\u6728\u6d77\u666f\u9152\u5e97", "order_time": ["2019-01-19 09:48:03", "2019-01-19 09:52:03"], "total_order": 2, "hotel_value": ["4.7", "4.7"], "hotel_price": ["276", "276"]}, "1207050": {"hotel_name": "\u5982\u5bb6\u5feb\u6377\u9152\u5e97(\u53a6\u95e8\u4f1a\u5c55\u4e2d\u5fc3\u83b2\u524d\u897f\u8def\u5e97)", "order_time": ["2019-01-19 09:48:04"], "total_order": 1, "hotel_value": ["4.7"], "hotel_price": ["132"]}, "858847": {"hotel_name": "\u53a6\u95e8\u6d1b\u53ef\u53ef\u5ea6\u5047\u522b\u5885(\u539f\u661f\u6995\u5ba2\u6808)", "order_time": ["2019-01-19 09:48:04"], "total_order": 1, "hotel_value": ["4.7"], "hotel_price": ["95"]}, "4817573": {"hotel_name": "\u53a6\u95e8\u9f13\u6d6a\u5c7fE\u5bb6\u5ba2\u6808", "order_time": ["2019-01-19 09:48:06"], "total_order": 1, "hotel_value": ["4.4"], "hotel_price": ["134"]}, "15979994": {"hotel_name": "\u53a6\u95e8\u5c0f\u6816\u4e4b\u5bb6\u7279\u8272\u6c11\u5bbf(\u5723\u5ca9\u8def\u53e3\u5206\u5e97)", "order_time": ["2019-01-19 09:48:07"], "total_order": 1, "hotel_value": [0], "hotel_price": ["358"]}, "8568943": {"hotel_name": "\u53a6\u95e8\u6c90\u9752\u67ab\u5916\u6d77\u96c5\u5885\u522b\u5885", "order_time": ["2019-01-19 09:50:03", "2019-01-19 09:54:05"], "total_order": 2, "hotel_value": ["4.7", "4.7"], "hotel_price": ["168", "168"]}, "419881": {"hotel_name": "\u6700\u4f73\u897f\u65b9\u53a6\u95e8\u5b8f\u90fd\u9152\u5e97", "order_time": ["2019-01-19 09:50:03"], "total_order": 1, "hotel_value": ["4.8"], "hotel_price": ["738"]}, "2301312": {"hotel_name": "\u57ce\u5e02\u4fbf\u6377\u9152\u5e97(\u53a6\u95e8\u79be\u7965\u897f\u8def\u5e97)", "order_time": ["2019-01-19 09:50:03"], "total_order": 1, "hotel_value": ["4.3"], "hotel_price": ["159"]}, "4510014": {"hotel_name": "\u53a6\u95e8\u5927\u5b66\u73ba\u83b1\u65af\u6d77\u666f\u516c\u5bd3(\u539f\u5929\u73ba\u6d77\u666f\u516c\u5bd3)", "order_time": ["2019-01-19 09:50:03"], "total_order": 1, "hotel_value": ["4.6"], "hotel_price": ["394"]}, "346264": {"hotel_name": "\u53a6\u95e8\u827e\u7f8e\u9152\u5e97", "order_time": ["2019-01-19 09:50:03"], "total_order": 1, "hotel_value": ["4.7"], "hotel_price": ["837"]}, "375295": {"hotel_name": "\u53a6\u95e8\u7fd4\u9e6d\u56fd\u9645\u5927\u9152\u5e97", "order_time": ["2019-01-19 09:50:03"], "total_order": 1, "hotel_value": ["4.4"], "hotel_price": ["290"]}, "346269": {"hotel_name": "\u53a6\u95e8\u6e90\u660c\u51ef\u5bbe\u65af\u57fa\u5927\u9152\u5e97", "order_time": ["2019-01-19 09:52:03", "2019-01-19 09:50:03"], "total_order": 2, "hotel_value": ["4.7", "4.7"], "hotel_price": ["913", "913"]}, "419537": {"hotel_name": "\u53a6\u95e8\u822a\u7a7a\u91d1\u96c1\u9152\u5e97", "order_time": ["2019-01-19 09:50:03"], "total_order": 1, "hotel_value": ["4.9"], "hotel_price": ["658"]}, "11164973": {"hotel_name": "\u53a6\u95e8\u8317\u00b7\u7d20hotel(\u539f\u827a\u5bbf\u5bb6hotel)", "order_time": ["2019-01-19 09:50:04"], "total_order": 1, "hotel_value": ["4.7"], "hotel_price": ["214"]}, "15878927": {"hotel_name": "\u53a6\u95e8\u5929\u5408\u4eba\u5bb6\u516c\u5bd3", "order_time": ["2019-01-19 09:50:04"], "total_order": 1, "hotel_value": ["4.8"], "hotel_price": ["121"]}, "2145638": {"hotel_name": "\u53a6\u95e8\u5609\u836b\u96c5\u5c45\u9152\u5e97(\u539f\u5c31\u662f\u4e3a\u4f60\u4e3b\u9898\u8fde\u9501\u9152\u5e97)", "order_time": ["2019-01-19 09:50:04"], "total_order": 1, "hotel_value": ["4.6"], "hotel_price": ["207"]}, "1804365": {"hotel_name": "\u6d6a\u6f2b\u90fd\u5e02\u8fde\u9501\u9152\u5e97(\u53a6\u95e8\u706b\u8f66\u7ad9\u6d0b\u5b8f\u603b\u5e97)(\u539f\u6d0b\u5b8f\u5bbe\u9986)", "order_time": ["2019-01-19 09:50:04"], "total_order": 1, "hotel_value": ["4.3"], "hotel_price": ["174"]}, "441279": {"hotel_name": "\u5982\u5bb6\u5feb\u6377\u9152\u5e97\u83b2\u5742\u5730\u94c1\u7ad9\u5e97\uff08\u539f\u53a6\u95e8\u83b2\u5742\u56fd\u8d38\u65b0\u666f\u5e97\uff09", "order_time": ["2019-01-19 09:50:05"], "total_order": 1, "hotel_value": ["4.4"], "hotel_price": ["134"]}, "24338582": {"hotel_name": "\u53a6\u95e8\u9e7f\u5bbf\u5bb6\u5ead\u65c5\u9986", "order_time": ["2019-01-19 09:50:05"], "total_order": 1, "hotel_value": ["4.9"], "hotel_price": ["110"]}, "11372511": {"hotel_name": "\u53a6\u95e8\u6f2b\u5ead\u65f6\u5149\u5ba2\u6808", "order_time": ["2019-01-19 09:50:05"], "total_order": 1, "hotel_value": ["4.8"], "hotel_price": ["163"]}, "2140140": {"hotel_name": "\u53a6\u95e8\u8fdc\u4e1c\u4e4b\u661f\u9152\u5e97", "order_time": ["2019-01-19 09:50:05"], "total_order": 1, "hotel_value": ["3.9"], "hotel_price": ["180"]}, "1314936": {"hotel_name": "\u83ab\u6cf0268(\u53a6\u95e8\u706b\u8f66\u7ad9\u5e97)", "order_time": ["2019-01-19 09:50:06", "2019-01-19 10:20:24"], "total_order": 2, "hotel_value": ["4.3", "4.3"], "hotel_price": ["185", "185"]}, "1669784": {"hotel_name": "\u541b\u8fbe\u516c\u5bd3(\u53a6\u95e8\u9ad8\u5d0e\u673a\u573a\u5e97)", "order_time": ["2019-01-19 09:50:06"], "total_order": 1, "hotel_value": ["4.4"], "hotel_price": ["114"]}, "1583164": {"hotel_name": "\u5982\u5bb6\u5feb\u6377\u9152\u5e97(\u53a6\u95e8\u53a6\u5927\u5357\u666e\u9640\u5bfa\u5e97)", "order_time": ["2019-01-19 09:50:07", "2019-01-19 10:26:22"], "total_order": 2, "hotel_value": ["4.3", "4.3"], "hotel_price": ["203", "203"]}, "6112181": {"hotel_name": "\u53a6\u95e8\u6c38\u4e3d\u8fbe\u4e3d\u5448\u9152\u5e97", "order_time": ["2019-01-19 09:52:02", "2019-01-19 09:50:09", "2019-01-19 10:18:26"], "total_order": 3, "hotel_value": ["4.8", "4.8", "4.8"], "hotel_price": ["559", "559", "559"]}, "429225": {"hotel_name": "\u53a6\u95e8\u9e6d\u6c5f\u5bbe\u9986", "order_time": ["2019-01-19 09:50:09"], "total_order": 1, "hotel_value": ["4.8"], "hotel_price": ["595"]}, "431965": {"hotel_name": "\u53a6\u95e8\u7f8e\u4ed1\u7693\u6656\u9152\u5e97", "order_time": ["2019-01-19 10:02:11", "2019-01-19 09:50:09"], "total_order": 2, "hotel_value": ["4.7", "4.7"], "hotel_price": ["328", "328"]}, "10201435": {"hotel_name": "\u53a6\u95e8\u4f70\u7fd4\u4e94\u901a\u9152\u5e97", "order_time": ["2019-01-19 09:50:09", "2019-01-19 09:56:06"], "total_order": 2, "hotel_value": ["4.7", "4.7"], "hotel_price": ["609", "609"]}, "890106": {"hotel_name": "\u53a6\u95e8\u4e3d\u65af\u6d77\u666f\u9152\u5e97", "order_time": ["2019-01-19 09:50:09", "2019-01-19 09:58:09"], "total_order": 2, "hotel_value": ["4.7", "4.7"], "hotel_price": ["278", "278"]}, "8370082": {"hotel_name": "\u53a6\u95e8\u9f13\u6d6a\u5c7f\u67cf\u6587\u718a\u9152\u5e97", "order_time": ["2019-01-19 09:50:09"], "total_order": 1, "hotel_value": ["4.8"], "hotel_price": ["698"]}, "432094": {"hotel_name": "\u53a6\u95e8\u7f8e\u4ed1\u65b9\u4e4b\u7f18\u9152\u5e97", "order_time": ["2019-01-19 10:08:25", "2019-01-19 09:50:09", "2019-01-19 09:58:09"], "total_order": 3, "hotel_value": ["4.7", "4.7", "4.7"], "hotel_price": ["212", "212", "212"]}, "429062": {"hotel_name": "\u53a6\u95e8\u7c73\u4ed1\u9152\u5e97", "order_time": ["2019-01-19 09:52:02", "2019-01-19 09:52:11", "2019-01-19 10:02:42", "2019-01-19 10:02:11", "2019-01-19 09:50:09"], "total_order": 5, "hotel_value": ["4.6", "4.6", "4.6", "4.6", "4.6"], "hotel_price": ["171", "171", "171", "171", "171"]}, "435472": {"hotel_name": "\u53a6\u95e8\u674f\u6797\u6e7e\u5927\u9152\u5e97", "order_time": ["2019-01-19 09:50:09", "2019-01-19 09:56:06"], "total_order": 2, "hotel_value": ["4.6", "4.6"], "hotel_price": ["358", "358"]}, "22817797": {"hotel_name": "\u53a6\u95e8SM\u57ce\u5e02\u5e7f\u573a\u5e0c\u5c14\u987f\u6b22\u670b\u9152\u5e97", "order_time": ["2019-01-19 09:50:09", "2019-01-19 09:54:05"], "total_order": 2, "hotel_value": ["4.4", "4.4"], "hotel_price": ["528", "548"]}, "436704": {"hotel_name": "\u53a6\u95e8\u6162\u751f\u6d3b\u00b7\u96c5\u539d\u522b\u9662", "order_time": ["2019-01-19 09:50:09", "2019-01-19 09:54:05"], "total_order": 2, "hotel_value": ["4.9", "4.9"], "hotel_price": ["339", "339"]}, "429622": {"hotel_name": "\u53a6\u95e8\u7261\u4e39\u56fd\u9645\u5927\u9152\u5e97", "order_time": ["2019-01-19 09:50:09"], "total_order": 1, "hotel_value": ["4.8"], "hotel_price": ["569"]}, "6119981": {"hotel_name": "\u53a6\u95e8\u9e6d\u6816\u5bb6\u5ead\u65c5\u9986", "order_time": ["2019-01-19 09:52:02"], "total_order": 1, "hotel_value": ["5.0"], "hotel_price": ["182"]}, "444706": {"hotel_name": "\u590f\u5546\u00b7\u6021\u5ead\u5546\u52a1\u9152\u5e97(\u53a6\u95e8\u706b\u8f66\u7ad9\u79be\u7965\u5e97)", "order_time": ["2019-01-19 09:52:02"], "total_order": 1, "hotel_value": ["4.5"], "hotel_price": ["140"]}, "12624286": {"hotel_name": "\u9a7f\u8d77\u9152\u5e97\uff08\u53a6\u95e8\u5317\u7ad9\u5e97\uff09", "order_time": ["2019-01-19 09:52:03", "2019-01-19 10:02:15"], "total_order": 2, "hotel_value": ["4.6", "4.6"], "hotel_price": ["179", "179"]}, "823738": {"hotel_name": "\u753b\u5eca\u9152\u5e97(\u9f13\u6d6a\u5c7f\u6545\u9a7f\u6d77\u666f\u5e97)", "order_time": ["2019-01-19 09:52:03"], "total_order": 1, "hotel_value": ["4.9"], "hotel_price": ["776"]}, "1575123": {"hotel_name": "\u827e\u601d\u987f\u9152\u5e97(\u53a6\u95e8\u706b\u8f66\u7ad9\u5e97)", "order_time": ["2019-01-19 09:52:03"], "total_order": 1, "hotel_value": ["4.8"], "hotel_price": ["386"]}, "425692": {"hotel_name": "\u53a6\u95e8\u6d77\u60a6\u5c71\u5e84\u9152\u5e97", "order_time": ["2019-01-19 10:14:28", "2019-01-19 09:52:03"], "total_order": 2, "hotel_value": ["4.8", "4.8"], "hotel_price": ["896", "896"]}, "1768712": {"hotel_name": "\u53a6\u95e8\u9014\u5e84\u7cbe\u54c1\u9152\u5e97", "order_time": ["2019-01-19 10:26:26", "2019-01-19 09:52:03"], "total_order": 2, "hotel_value": ["4.7", "4.7"], "hotel_price": ["168", "168"]}, "8506987": {"hotel_name": "\u53a6\u95e8\u5723\u6dd8\u6c99\u9152\u5e97", "order_time": ["2019-01-19 09:52:03"], "total_order": 1, "hotel_value": ["4.4"], "hotel_price": ["204"]}, "1055853": {"hotel_name": "\u57ce\u5e02\u4fbf\u6377\u9152\u5e97(\u53a6\u95e8\u96c6\u7f8e\u5927\u5b66\u5e97)", "order_time": ["2019-01-19 09:52:04"], "total_order": 1, "hotel_value": ["4.5"], "hotel_price": ["177"]}, "22762359": {"hotel_name": "\u53a6\u95e8\u9e6d\u5bbf\u516c\u5bd3", "order_time": ["2019-01-19 09:52:05"], "total_order": 1, "hotel_value": ["4.7"], "hotel_price": ["144"]}, "4496383": {"hotel_name": "\u53a6\u95e8\u6162\u751f\u6d3b\u00b7\u4e0a\u91ce\u5ba2\u6808", "order_time": ["2019-01-19 09:52:05", "2019-01-19 10:42:21"], "total_order": 2, "hotel_value": ["4.9", "4.9"], "hotel_price": ["129", "129"]}, "698202": {"hotel_name": "\u548c\u9890\u9152\u5e97(\u53a6\u95e8\u4e2d\u5c71\u8def\u6d77\u666f\u5e97)", "order_time": ["2019-01-19 09:52:05"], "total_order": 1, "hotel_value": ["4.7"], "hotel_price": ["339"]}, "1317940": {"hotel_name": "\u53a6\u95e8\u597d\u68a6\u5546\u52a1\u9152\u5e97", "order_time": ["2019-01-19 09:52:06"], "total_order": 1, "hotel_value": ["3.8"], "hotel_price": ["104"]}, "22821004": {"hotel_name": "\u53a6\u95e8\u9a6c\u5df7\u946b\u9686\u516c\u5bd3", "order_time": ["2019-01-19 09:52:08"], "total_order": 1, "hotel_value": [0], "hotel_price": ["89"]}, "11019026": {"hotel_name": "\u53a6\u95e8\u4e9a\u820d\u5c1a\u82d1", "order_time": ["2019-01-19 09:54:05"], "total_order": 1, "hotel_value": ["4.9"], "hotel_price": ["285"]}, "7277750": {"hotel_name": "\u53a6\u95e8\u6b63\u5143\u5e0c\u5c14\u987f\u9038\u6797\u9152\u5e97", "order_time": ["2019-01-19 10:12:27", "2019-01-19 10:04:16", "2019-01-19 09:54:06"], "total_order": 3, "hotel_value": ["4.7", "4.7", "4.7"], "hotel_price": ["590", "590", "590"]}, "431557": {"hotel_name": "\u901f8\u9152\u5e97(\u53a6\u95e8\u4e2d\u5c71\u8def\u8f6e\u6e21\u5e97)", "order_time": ["2019-01-19 09:54:06"], "total_order": 1, "hotel_value": ["4.4"], "hotel_price": ["169"]}, "5660541": {"hotel_name": "\u53a6\u95e8\u5317\u7ad9\u5fae\u7b11\u5ba2\u6808", "order_time": ["2019-01-19 09:54:06"], "total_order": 1, "hotel_value": ["4.8"], "hotel_price": ["106"]}, "21160125": {"hotel_name": "\u6021\u7a0b\u9152\u5e97(\u53a6\u95e8\u4e2d\u5c71\u8def\u5e97)", "order_time": ["2019-01-19 09:54:06"], "total_order": 1, "hotel_value": ["4.7"], "hotel_price": ["364"]}, "470600": {"hotel_name": "\u53a6\u95e8\u9f13\u6d6a\u5c7f\u56fd\u738b\u76d2\u5b50\u5ea6\u5047\u5c4b", "order_time": ["2019-01-19 09:54:06"], "total_order": 1, "hotel_value": ["4.6"], "hotel_price": ["219"]}, "467630": {"hotel_name": "\u53a6\u95e8\u9f13\u6d6a\u5c7f\u4e00\u89c1\u82b1\u56ed\u8001\u522b\u5885", "order_time": ["2019-01-19 09:54:06"], "total_order": 1, "hotel_value": ["4.7"], "hotel_price": ["458"]}, "346260": {"hotel_name": "\u53a6\u95e8\u745e\u9890\u5927\u9152\u5e97", "order_time": ["2019-01-19 09:54:07"], "total_order": 1, "hotel_value": ["4.7"], "hotel_price": ["1049"]}, "11686178": {"hotel_name": "\u53a6\u95e8\u6d77\u6ca7\u65b0\u9633886\u7cbe\u54c1\u9152\u5e97", "order_time": ["2019-01-19 09:54:08"], "total_order": 1, "hotel_value": ["4.3"], "hotel_price": ["158"]}, "5386927": {"hotel_name": "\u53a6\u95e8\u552f\u820d\u5ea6\u5047\u5c4b", "order_time": ["2019-01-19 09:54:09"], "total_order": 1, "hotel_value": ["4.7"], "hotel_price": ["186"]}, "6072091": {"hotel_name": "\u53a6\u95e8\u65e5\u946b\u9152\u5e97\u516c\u5bd3", "order_time": ["2019-01-19 09:54:09"], "total_order": 1, "hotel_value": ["4.4"], "hotel_price": ["160"]}, "2303499": {"hotel_name": "\u53a6\u95e8\u9f13\u6d6a\u5c7f\u6c5d\u5357\u6d77\u666f\u522b\u58851935\u6c11\u56fd\u9a7b\u7f8e\u5927\u4f7f\u5e97", "order_time": ["2019-01-19 09:54:11"], "total_order": 1, "hotel_value": ["4.6"], "hotel_price": ["530"]}, "1195853": {"hotel_name": "\u53a6\u95e8\u610f\u4f73\u9152\u5e97", "order_time": ["2019-01-19 09:56:05"], "total_order": 1, "hotel_value": ["4.4"], "hotel_price": ["94"]}, "23625312": {"hotel_name": "\u53a6\u95e8\u4e91\u820d\u96c5\u5c45\u516c\u5bd3", "order_time": ["2019-01-19 09:56:05"], "total_order": 1, "hotel_value": ["4.7"], "hotel_price": ["129"]}, "458760": {"hotel_name": "\u827e\u601d\u987f\u9152\u5e97(\u53a6\u95e8\u4e2d\u5c71\u8def\u7f8e\u6e56\u5206\u5e97)", "order_time": ["2019-01-19 09:56:05", "2019-01-19 09:58:11"], "total_order": 2, "hotel_value": ["4.7", "4.7"], "hotel_price": ["192", "192"]}, "6516890": {"hotel_name": "\u5168\u5b63\u9152\u5e97(\u53a6\u95e8SM\u5e7f\u573a\u677e\u67cf\u5e97)", "order_time": ["2019-01-19 09:56:05", "2019-01-19 10:36:23"], "total_order": 2, "hotel_value": ["4.8", "4.8"], "hotel_price": ["360", "360"]}, "2157026": {"hotel_name": "\u53a6\u95e8\u559c\u591a\u5c4b\u9152\u5e97", "order_time": ["2019-01-19 09:56:06"], "total_order": 1, "hotel_value": ["4.6"], "hotel_price": ["116"]}, "12622395": {"hotel_name": "\u53a6\u95e8\u71d5\u6816\u8bbe\u8ba1\u6c11\u5bbf", "order_time": ["2019-01-19 09:56:07"], "total_order": 1, "hotel_value": ["4.9"], "hotel_price": ["171"]}, "1374267": {"hotel_name": "\u9526\u6c5f\u4e4b\u661f(\u53a6\u95e8\u9a6c\u5df7\u5e97)", "order_time": ["2019-01-19 09:56:08"], "total_order": 1, "hotel_value": ["4.2"], "hotel_price": ["229"]}, "771600": {"hotel_name": "\u53a6\u95e8\u6676\u88d5\u5546\u52a1\u9152\u5e97", "order_time": ["2019-01-19 09:56:08"], "total_order": 1, "hotel_value": ["4.1"], "hotel_price": ["96"]}, "5028626": {"hotel_name": "\u53a6\u95e8\u9493\u00b7\u7eaf\u6d77\u8f7b\u5962\u9a7f\u9986", "order_time": ["2019-01-19 09:56:08", "2019-01-19 10:04:14"], "total_order": 2, "hotel_value": ["4.9", "4.9"], "hotel_price": ["308", "308"]}, "932019": {"hotel_name": "\u5982\u5bb6\u5feb\u6377\u9152\u5e97(\u53a6\u95e8\u83b2\u5cb3\u8def\u677e\u67cf\u6587\u5316\u827a\u672f\u4e2d\u5fc3\u5e97)", "order_time": ["2019-01-19 09:56:08"], "total_order": 1, "hotel_value": ["4.3"], "hotel_price": ["111"]}, "1389209": {"hotel_name": "\u9526\u6c5f\u4e4b\u661f\u54c1\u5c1a(\u53a6\u95e8\u96c6\u7f8e\u5927\u5b66\u56fd\u8d38\u5e97)", "order_time": ["2019-01-19 09:56:08"], "total_order": 1, "hotel_value": ["4.6"], "hotel_price": ["219"]}, "15717242": {"hotel_name": "\u53a6\u95e8\u9e6d\u5c9b\u6234\u65af\u9152\u5e97", "order_time": ["2019-01-19 09:56:09"], "total_order": 1, "hotel_value": ["4.6"], "hotel_price": ["230"]}, "1733907": {"hotel_name": "\u53a6\u95e8\u8363\u8a89\u56fd\u9645\u9152\u5e97", "order_time": ["2019-01-19 09:56:09"], "total_order": 1, "hotel_value": ["4.7"], "hotel_price": ["787"]}, "1417330": {"hotel_name": "\u53a6\u95e8\u4e2d\u5c71\u5bbe\u9986", "order_time": ["2019-01-19 09:56:10"], "total_order": 1, "hotel_value": ["4.4"], "hotel_price": ["126"]}, "2306322": {"hotel_name": "\u53a6\u95e8\u9f13\u6d6a\u5c7f\u9633\u5149\u58f9\u4f70\u53f7\u5ea6\u5047\u5c4b", "order_time": ["2019-01-19 09:56:13"], "total_order": 1, "hotel_value": ["4.3"], "hotel_price": ["150"]}, "708155": {"hotel_name": "\u53a6\u95e8\u6162\u751f\u6d3b\u00b7\u4e50\u5929\u5ba2\u6808", "order_time": ["2019-01-19 09:58:07"], "total_order": 1, "hotel_value": ["4.8"], "hotel_price": ["129"]}, "2310246": {"hotel_name": "\u53a6\u95e8\u4e1c\u57ce\u6e7e\u5feb\u6377\u9152\u5e97", "order_time": ["2019-01-19 09:58:07"], "total_order": 1, "hotel_value": ["3.7"], "hotel_price": ["121"]}, "6652320": {"hotel_name": "\u53a6\u95e8\u5170\u82b3\u91cc\u7cbe\u54c1\u6c11\u5bbf", "order_time": ["2019-01-19 09:58:08", "2019-01-19 10:22:19"], "total_order": 2, "hotel_value": ["4.8", "4.8"], "hotel_price": ["292", "292"]}, "2906054": {"hotel_name": "\u53a6\u95e8\u67ab\u548c\u6e90\u9152\u5e97", "order_time": ["2019-01-19 09:58:09"], "total_order": 1, "hotel_value": ["4.5"], "hotel_price": ["199"]}, "21332906": {"hotel_name": "\u53a6\u95e8\u65af\u7ef4\u767b\u5ea6\u5047\u9152\u5e97(\u678b\u6e56\u8f66\u7ad9\u4f18\u671b\u5e97)", "order_time": ["2019-01-19 09:58:09"], "total_order": 1, "hotel_value": ["4.8"], "hotel_price": ["227"]}, "1860898": {"hotel_name": "\u901f8\u9152\u5e97(\u53a6\u95e8\u540c\u5b89\u5e97)", "order_time": ["2019-01-19 09:58:09"], "total_order": 1, "hotel_value": ["4.3"], "hotel_price": ["167"]}, "436715": {"hotel_name": "\u9f13\u6d6a\u5c7f\u674e\u5bb6\u5e84\u9152\u5e97", "order_time": ["2019-01-19 09:58:10"], "total_order": 1, "hotel_value": ["4.9"], "hotel_price": ["831"]}, "6820630": {"hotel_name": "\u53a6\u95e8\u90a3\u53a2\u6d77\u666f\u5ea6\u5047\u6c11\u5bbf", "order_time": ["2019-01-19 09:58:10"], "total_order": 1, "hotel_value": ["4.7"], "hotel_price": ["898"]}, "1787526": {"hotel_name": "\u53a6\u95e8\u9690\u897f\u6c11\u5bbf", "order_time": ["2019-01-19 09:58:10"], "total_order": 1, "hotel_value": ["4.8"], "hotel_price": ["386"]}, "419463": {"hotel_name": "\u53a6\u95e8\u534e\u4fa8\u5927\u53a6", "order_time": ["2019-01-19 09:58:11"], "total_order": 1, "hotel_value": ["4.7"], "hotel_price": ["328"]}, "6442457": {"hotel_name": "\u9f13\u6d6a\u5c7f\u6709\u68f5\u6811\u00b7\u65e0\u5c9a\u9152\u5e97", "order_time": ["2019-01-19 09:58:11"], "total_order": 1, "hotel_value": ["4.8"], "hotel_price": ["345"]}, "19019972": {"hotel_name": "\u53a6\u95e8\u5ea6\u7f8e\u00b7\u4e0e\u7af9\u77f3\u8bbe\u8ba1\u578b\u522b\u5885", "order_time": ["2019-01-19 10:02:15", "2019-01-19 09:58:11"], "total_order": 2, "hotel_value": ["5.0", "5.0"], "hotel_price": ["318", "318"]}, "12794277": {"hotel_name": "\u96e8\u679c\u9152\u5e97\u5f0f\u516c\u5bd3(\u53a6\u95e8\u4e07\u8fbe\u5e97)", "order_time": ["2019-01-19 09:58:11"], "total_order": 1, "hotel_value": ["4.6"], "hotel_price": ["207"]}, "6477755": {"hotel_name": "\u53a6\u95e8\u9f13\u6d6a\u5c7f\u8336\u8bed\u65f6\u5149\u94a2\u7434\u65c5\u9986", "order_time": ["2019-01-19 09:58:11"], "total_order": 1, "hotel_value": ["4.8"], "hotel_price": ["98"]}, "2338764": {"hotel_name": "\u53a6\u95e8\u7eb3\u5ba2\u56fd\u9645\u9752\u5e74\u65c5\u820d", "order_time": ["2019-01-19 09:58:13"], "total_order": 1, "hotel_value": ["4.5"], "hotel_price": ["34"]}, "17338414": {"hotel_name": "\u53a6\u95e8\u6797\u68a7\u6850\u697c", "order_time": ["2019-01-19 09:58:14"], "total_order": 1, "hotel_value": ["4.8"], "hotel_price": ["850"]}, "483477": {"hotel_name": "\u7f57\u671b\u00b7\u53a6\u95e8\u9f13\u6d6a\u5c7f\u5317\u5c7f\u9152\u5e97", "order_time": ["2019-01-19 10:00:10"], "total_order": 1, "hotel_value": ["4.6"], "hotel_price": ["402"]}, "2088412": {"hotel_name": "\u9526\u6c5f\u4e4b\u661f(\u53a6\u95e8\u4f1a\u5c55\u4e2d\u5fc3\u73af\u5c9b\u8def\u5e97)", "order_time": ["2019-01-19 10:00:10", "2019-01-19 10:04:26"], "total_order": 2, "hotel_value": ["4.4", "4.4"], "hotel_price": ["239", "239"]}, "428893": {"hotel_name": "\u53a6\u95e8\u5bbe\u9986", "order_time": ["2019-01-19 10:00:11"], "total_order": 1, "hotel_value": ["4.8"], "hotel_price": ["406"]}, "27938575": {"hotel_name": "\u53a6\u95e8\u6d77\u4e1d\u827a\u672f\u54c1\u4e2d\u5fc3\u4f70\u7fd4\u7428\u70c1\u9152\u5e97", "order_time": ["2019-01-19 10:00:11"], "total_order": 1, "hotel_value": ["4.8"], "hotel_price": ["408"]}, "436726": {"hotel_name": "\u53a6\u95e8\u9f13\u6d6a\u5c7f\u5370\u8c61\u95fd\u5357\u6c11\u4fd7\u5ba2\u6808", "order_time": ["2019-01-19 10:00:11"], "total_order": 1, "hotel_value": ["4.7"], "hotel_price": ["223"]}, "1741995": {"hotel_name": "\u5982\u5bb6\u6d3e\u67cf\u00b7\u4e91\u9152\u5e97(\u53a6\u95e8\u53a6\u79be\u8def\u56fd\u8d38\u5e97)(\u539f\u4e9a\u66fc\u9152\u5e97)", "order_time": ["2019-01-19 10:00:12"], "total_order": 1, "hotel_value": ["4.1"], "hotel_price": ["132"]}, "1410376": {"hotel_name": "\u82b1\u5ead\u65c5\u9986(\u9f13\u6d6a\u5c7f\u5b89\u6d77\u82b1\u56ed\u5e97)", "order_time": ["2019-01-19 10:00:13"], "total_order": 1, "hotel_value": ["4.6"], "hotel_price": ["314"]}, "932008": {"hotel_name": "\u8003\u62c9\u9752\u5e74\u65c5\u820d(\u53a6\u95e8\u4e2d\u5c71\u8def\u6b65\u884c\u8857\u5e97)", "order_time": ["2019-01-19 10:00:14"], "total_order": 1, "hotel_value": ["4.5"], "hotel_price": ["49"]}, "929583": {"hotel_name": "\u5982\u5bb6\u5feb\u6377\u9152\u5e97(\u53a6\u95e8\u706b\u8f66\u7ad9\u5e7f\u573a\u5e97)", "order_time": ["2019-01-19 10:00:14"], "total_order": 1, "hotel_value": ["4.5"], "hotel_price": ["169"]}, "2300428": {"hotel_name": "\u53a6\u95e8\u4e03\u661f\u8fde\u9501\u9152\u5e97", "order_time": ["2019-01-19 10:00:15"], "total_order": 1, "hotel_value": ["4.1"], "hotel_price": ["91"]}, "1860967": {"hotel_name": "\u5fc3\u8fdc\u9152\u5e97(\u53a6\u95e8\u96c6\u7f8e\u5927\u5b66\u5e97)", "order_time": ["2019-01-19 10:10:45", "2019-01-19 10:00:20"], "total_order": 2, "hotel_value": ["4.5", "4.5"], "hotel_price": ["173", "173"]}, "12673289": {"hotel_name": "\u53a6\u95e8\u6d77\u6ca7\u878d\u4fe1\u534e\u9091\u9152\u5e97", "order_time": ["2019-01-19 10:02:11"], "total_order": 1, "hotel_value": ["4.7"], "hotel_price": ["793"]}, "6839393": {"hotel_name": "\u5bb6\u5bb6\u4e50\u9152\u5e97\uff08\u53a6\u95e8\u4e2d\u5c71\u8def\u5347\u5e73\u5e97\uff09", "order_time": ["2019-01-19 10:02:12"], "total_order": 1, "hotel_value": ["4.4"], "hotel_price": ["157"]}, "2305465": {"hotel_name": "\u901f8\u9152\u5e97(\u53a6\u95e8\u540c\u5b89\u540c\u96c6\u5317\u8def\u5e97)", "order_time": ["2019-01-19 10:02:14"], "total_order": 1, "hotel_value": ["3.9"], "hotel_price": ["140"]}, "481408": {"hotel_name": "\u53a6\u95e8\u9f13\u6d6a\u5c7f\u5357\u74dc\u77f3\u5ba2\u6808", "order_time": ["2019-01-19 10:02:14"], "total_order": 1, "hotel_value": ["4.8"], "hotel_price": ["166"]}, "437446": {"hotel_name": "\u53a6\u95e8\u4f70\u7fd4\u8f6f\u4ef6\u56ed\u9152\u5e97", "order_time": ["2019-01-19 10:02:14"], "total_order": 1, "hotel_value": ["4.7"], "hotel_price": ["380"]}, "8568987": {"hotel_name": "\u5e0c\u5cb8\u00b7\u8f7b\u96c5\u9152\u5e97(\u9f13\u6d6a\u5c7f\u5d69\u5c7f\u7801\u5934\u5e97)", "order_time": ["2019-01-19 10:02:16"], "total_order": 1, "hotel_value": ["4.8"], "hotel_price": ["202"]}, "470613": {"hotel_name": "\u53a6\u95e8\u65b0\u4e2d\u6797\u5927\u9152\u5e97", "order_time": ["2019-01-19 10:02:22"], "total_order": 1, "hotel_value": ["4.3"], "hotel_price": ["428"]}, "8974594": {"hotel_name": "\u53a6\u95e8\u73ba\u4e30\u9152\u5e97", "order_time": ["2019-01-19 10:14:28", "2019-01-19 10:20:24", "2019-01-19 10:04:14"], "total_order": 3, "hotel_value": ["4.6", "4.6", "4.6"], "hotel_price": ["181", "181", "181"]}, "6483590": {"hotel_name": "\u53a6\u95e8\u5fbd\u5bbf", "order_time": ["2019-01-19 10:24:55", "2019-01-19 10:04:21"], "total_order": 2, "hotel_value": ["4.8", "4.8"], "hotel_price": ["186", "186"]}, "531779": {"hotel_name": "\u9f13\u6d6a\u5c7f\u590d\u5174\u516c\u9986\u9152\u5e97", "order_time": ["2019-01-19 10:04:22"], "total_order": 1, "hotel_value": ["4.6"], "hotel_price": ["327"]}, "23237811": {"hotel_name": "\u53a6\u95e8\u5357\u56fd\u76f8\u601d\u5802", "order_time": ["2019-01-19 10:24:54", "2019-01-19 10:04:22"], "total_order": 2, "hotel_value": ["4.9", "4.9"], "hotel_price": ["484", "206"]}, "1247067": {"hotel_name": "\u53a6\u95e8\u5341\u56db\u4efd\u5ba2\u6808", "order_time": ["2019-01-19 10:06:27", "2019-01-19 10:04:23"], "total_order": 2, "hotel_value": ["4.9", "4.9"], "hotel_price": ["151", "151"]}, "1535357": {"hotel_name": "\u6d77\u53cb\u9152\u5e97(\u53a6\u95e8\u706b\u8f66\u7ad9\u5e97)", "order_time": ["2019-01-19 10:04:23"], "total_order": 1, "hotel_value": ["4.4"], "hotel_price": ["151"]}, "22421704": {"hotel_name": "\u5168\u5b63\u9152\u5e97(\u53a6\u95e8\u4e2d\u5c71\u8def\u6b65\u884c\u8857\u601d\u660e\u5357\u8def\u5e97)", "order_time": ["2019-01-19 10:04:26"], "total_order": 1, "hotel_value": ["4.8"], "hotel_price": ["417"]}, "437770": {"hotel_name": "\u53a6\u95e8\u79be\u6b63\u5927\u9152\u5e97", "order_time": ["2019-01-19 10:04:26", "2019-01-19 10:20:18"], "total_order": 2, "hotel_value": ["4.2", "4.2"], "hotel_price": ["146", "146"]}, "2305413": {"hotel_name": "\u53a6\u95e8\u4ead\u7f8e\u9152\u5e97\u516c\u5bd3", "order_time": ["2019-01-19 10:04:31"], "total_order": 1, "hotel_value": ["3.7"], "hotel_price": ["70"]}, "369750": {"hotel_name": "\u53a6\u95e8\u6cdb\u592a\u5e73\u6d0b\u5927\u9152\u5e97", "order_time": ["2019-01-19 10:06:19"], "total_order": 1, "hotel_value": ["4.6"], "hotel_price": ["700"]}, "898495": {"hotel_name": "\u6c49\u5ead\u9152\u5e97(\u53a6\u95e8\u79be\u7965\u897f\u8def\u79be\u7965\u5546\u57ce\u5e97)(\u539f\u6e56\u6ee8\u4e2d\u8def\u5e97)", "order_time": ["2019-01-19 10:06:19", "2019-01-19 10:12:24"], "total_order": 2, "hotel_value": ["4.4", "4.4"], "hotel_price": ["170", "170"]}, "6510448": {"hotel_name": "\u53a6\u95e8\u4e09\u4e2a\u53a6\u5927\u4eba\u4e03\u5f26\u5c45\u6c11\u5bbf", "order_time": ["2019-01-19 10:06:19"], "total_order": 1, "hotel_value": ["4.9"], "hotel_price": ["250"]}, "2125318": {"hotel_name": "\u5de2\u53cb\u9152\u5e97(\u53a6\u95e8\u706b\u8f66\u7ad9\u5e97)", "order_time": ["2019-01-19 10:06:24"], "total_order": 1, "hotel_value": ["4.7"], "hotel_price": ["124"]}, "25665606": {"hotel_name": "\u53a6\u95e8\u7a7a\u6e2f\u667a\u9009\u5047\u65e5\u9152\u5e97", "order_time": ["2019-01-19 10:06:27"], "total_order": 1, "hotel_value": [0], "hotel_price": ["409"]}, "6955152": {"hotel_name": "\u53a6\u95e8\u541b\u96c5\u65f6\u5c1a\u9152\u5e97(\u539f\u4e98\u91d1\u9152\u5e97)", "order_time": ["2019-01-19 10:06:27"], "total_order": 1, "hotel_value": ["4.8"], "hotel_price": ["84"]}, "512915": {"hotel_name": "\u53a6\u95e8\u4eca\u6653\u9152\u5e97", "order_time": ["2019-01-19 10:06:30"], "total_order": 1, "hotel_value": ["3.9"], "hotel_price": ["209"]}, "5599310": {"hotel_name": "\u53a6\u95e8\u4e9a\u9601\u9152\u5e97", "order_time": ["2019-01-19 10:06:33"], "total_order": 1, "hotel_value": ["4.7"], "hotel_price": ["213"]}, "448853": {"hotel_name": "\u53a6\u95e8\u5982\u4e61\u9152\u5e97", "order_time": ["2019-01-19 10:06:34", "2019-01-19 10:40:32"], "total_order": 2, "hotel_value": ["3.4", "3.4"], "hotel_price": ["138", "158"]}, "427947": {"hotel_name": "\u53a6\u95e8\u56fd\u9645\u4f1a\u8bae\u4e2d\u5fc3\u9152\u5e97", "order_time": ["2019-01-19 10:08:26", "2019-01-19 10:34:21", "2019-01-19 10:12:24"], "total_order": 3, "hotel_value": ["4.8", "4.8", "4.8"], "hotel_price": ["589", "589", "589"]}, "7934581": {"hotel_name": "\u53a6\u95e8\u6d77\u6ca7\u6e7e\u4e9a\u6735\u9152\u5e97", "order_time": ["2019-01-19 10:08:29"], "total_order": 1, "hotel_value": ["4.8"], "hotel_price": ["339"]}, "2300469": {"hotel_name": "7\u5929\u8fde\u9501\u9152\u5e97(\u53a6\u95e8\u91d1\u5c1a\u5e97)", "order_time": ["2019-01-19 10:08:32"], "total_order": 1, "hotel_value": ["4.6"], "hotel_price": ["209"]}, "11784776": {"hotel_name": "\u53a6\u95e8\u5e78\u798f\u6674\u6d77\u5496\u5561\u65c5\u9986", "order_time": ["2019-01-19 10:08:40"], "total_order": 1, "hotel_value": ["4.5"], "hotel_price": ["138"]}, "14223688": {"hotel_name": "\u53a6\u95e8\u6b27\u5566\u522b\u5885", "order_time": ["2019-01-19 10:08:46"], "total_order": 1, "hotel_value": [0], "hotel_price": ["198"]}, "11019053": {"hotel_name": "\u53a6\u95e8\u5c45\u4e45\u5c71\u6d77\u539f\u5bbf", "order_time": ["2019-01-19 10:10:19"], "total_order": 1, "hotel_value": ["4.9"], "hotel_price": ["390"]}, "28024075": {"hotel_name": "\u53a6\u95e8\u73af\u5c9b\u8def\u4e9a\u6735S\u5ea6\u5047\u9152\u5e97", "order_time": ["2019-01-19 10:10:19"], "total_order": 1, "hotel_value": ["4.9"], "hotel_price": ["698"]}, "1406188": {"hotel_name": "\u53a6\u95e8\u6b23\u4e91\u5cf0\u9152\u5e97", "order_time": ["2019-01-19 10:10:21"], "total_order": 1, "hotel_value": ["3.8"], "hotel_price": ["138"]}, "2869634": {"hotel_name": "\u53a6\u95e8\u53a6\u5927\u661f\u6d77\u9601\u7cbe\u54c1\u5ba2\u6808(\u539f\u6d77\u97f5\u9601\u5ea6\u5047\u5c4b)", "order_time": ["2019-01-19 10:10:21"], "total_order": 1, "hotel_value": ["4.8"], "hotel_price": ["117"]}, "8419373": {"hotel_name": "\u5ead\u82d1\u9152\u5e97(\u53a6\u95e8\u4e2d\u5c71\u8def\u8f6e\u6e21\u5e97)", "order_time": ["2019-01-19 10:10:25", "2019-01-19 10:18:21"], "total_order": 2, "hotel_value": ["4.8", "4.8"], "hotel_price": ["176", "176"]}, "431131": {"hotel_name": "\u53a6\u95e8\u6bd5\u601d\u7279\u9152\u5e97", "order_time": ["2019-01-19 10:10:26"], "total_order": 1, "hotel_value": ["4.6"], "hotel_price": ["358"]}, "2535597": {"hotel_name": "\u901f\u65f6\u4ee3\u7cbe\u54c1\u5ba2\u6808(\u53a6\u95e8\u4e2d\u5c71\u8def\u5e97)", "order_time": ["2019-01-19 10:10:26", "2019-01-19 10:16:18"], "total_order": 2, "hotel_value": ["4.2", "4.2"], "hotel_price": ["113", "113"]}, "2599676": {"hotel_name": "\u53a6\u95e8\u897f\u66fc\u9633\u65c5\u9986", "order_time": ["2019-01-19 10:10:30"], "total_order": 1, "hotel_value": ["4.6"], "hotel_price": ["104"]}, "3688726": {"hotel_name": "\u53a6\u95e8\u53a6\u5927\u522b\u6811\u4e00\u9601\u7cbe\u54c1\u5ba2\u6808(\u539f\u53a6\u95e8\u5927\u5b66\u522b\u6811\u4e00\u9601\u5bb6\u5ead\u65c5\u9986)", "order_time": ["2019-01-19 10:10:31"], "total_order": 1, "hotel_value": ["4.8"], "hotel_price": ["184"]}, "6511790": {"hotel_name": "\u53a6\u95e8\u822a\u5929\u516c\u5bd3\u673a\u573a\u5e97", "order_time": ["2019-01-19 10:12:25"], "total_order": 1, "hotel_value": ["4.5"], "hotel_price": ["105"]}, "346262": {"hotel_name": "\u53a6\u95e8\u5a01\u65af\u6c40\u9152\u5e97", "order_time": ["2019-01-19 10:12:27"], "total_order": 1, "hotel_value": ["4.5"], "hotel_price": ["828"]}, "448703": {"hotel_name": "\u53a6\u95e8\u4e50\u96c5\u65e0\u57a0\u9152\u5e97", "order_time": ["2019-01-19 10:12:28"], "total_order": 1, "hotel_value": ["4.6"], "hotel_price": ["599"]}, "1070340": {"hotel_name": "\u53a6\u95e8\u6162\u751f\u6d3b\u00b7\u897f\u96c5\u56fe\u6d77\u8fb9\u5ea6\u5047\u65c5\u9986", "order_time": ["2019-01-19 10:12:28"], "total_order": 1, "hotel_value": ["4.9"], "hotel_price": ["281"]}, "4614134": {"hotel_name": "\u53a6\u95e8\u6cd5\u5c14\u8d5b\u7687\u5bb6\u5ea6\u5047\u522b\u5885", "order_time": ["2019-01-19 10:12:30"], "total_order": 1, "hotel_value": ["4.9"], "hotel_price": ["195"]}, "2301566": {"hotel_name": "\u53a6\u95e8\u9f13\u6d6a\u5c7f\u9f99\u5934\u5c0f\u6728\u5c4b\u5bb6\u5ead\u65c5\u9986", "order_time": ["2019-01-19 10:12:51"], "total_order": 1, "hotel_value": ["4.7"], "hotel_price": ["153"]}, "27722076": {"hotel_name": "\u4e00\u683c\u00b7\u4e34\u516e\u7f8e\u5bbf(\u53a6\u95e8\u5927\u5b66\u5e97)", "order_time": ["2019-01-19 10:14:21"], "total_order": 1, "hotel_value": ["4.9"], "hotel_price": ["293"]}, "468485": {"hotel_name": "\u53a6\u95e8\u6e2f\u6e7e\u5927\u9152\u5e97", "order_time": ["2019-01-19 10:14:26"], "total_order": 1, "hotel_value": ["4.5"], "hotel_price": ["978"]}, "926626": {"hotel_name": "\u53a6\u95e8\u6885\u56ed\u9152\u5e97", "order_time": ["2019-01-19 10:16:19", "2019-01-19 10:14:26"], "total_order": 2, "hotel_value": ["4.5", "4.5"], "hotel_price": ["199", "199"]}, "4389410": {"hotel_name": "\u53a6\u95e8\u6e56\u91cc\u96c5\u5c45\u516c\u5bd3", "order_time": ["2019-01-19 10:14:27"], "total_order": 1, "hotel_value": ["4.6"], "hotel_price": ["95"]}, "486065": {"hotel_name": "\u6da6\u5ead\u7cbe\u54c1\u9152\u5e97(\u53a6\u95e8\u90ae\u8f6e\u7801\u5934\u4f53\u80b2\u4e2d\u5fc3\u5e97)", "order_time": ["2019-01-19 10:32:29", "2019-01-19 10:14:28"], "total_order": 2, "hotel_value": ["4.5", "4.5"], "hotel_price": ["184", "184"]}, "701742": {"hotel_name": "\u901f8\u9152\u5e97(\u53a6\u95e8\u4e2d\u5c71\u8def\u53a6\u95e8\u5927\u5b66\u5e97)", "order_time": ["2019-01-19 10:14:30", "2019-01-19 10:22:23"], "total_order": 2, "hotel_value": ["4.6", "4.6"], "hotel_price": ["200", "200"]}, "480520": {"hotel_name": "\u590f\u5546\u00b7\u6021\u5ead\u5feb\u6377\u9152\u5e97(\u83b2\u524d\u897f\u8def\u5e97)", "order_time": ["2019-01-19 10:14:31"], "total_order": 1, "hotel_value": ["4.0"], "hotel_price": ["96"]}, "6470572": {"hotel_name": "\u53a6\u95e8\u6709\u95f4\u623f\u5b50\u8bbe\u8ba1\u5e08\u6c11\u5bbf", "order_time": ["2019-01-19 10:14:31"], "total_order": 1, "hotel_value": ["4.6"], "hotel_price": ["230"]}, "11888775": {"hotel_name": "\u53a6\u95e8\u66fe\u539d\u57b5\u6d77\u5cb8\u82b1\u5f00\u5ba2\u6808", "order_time": ["2019-01-19 10:14:32"], "total_order": 1, "hotel_value": ["4.6"], "hotel_price": ["88"]}, "2306991": {"hotel_name": "\u53a6\u95e8\u60a0\u5c45\u9a7f\u7ad9\u9152\u5e97", "order_time": ["2019-01-19 10:14:33"], "total_order": 1, "hotel_value": ["4.0"], "hotel_price": ["98"]}, "1541934": {"hotel_name": "\u53a6\u95e8\u68b5\u5c45\u00b7\u9759\u5fc3\u522b\u9662", "order_time": ["2019-01-19 10:14:34"], "total_order": 1, "hotel_value": ["4.9"], "hotel_price": ["318"]}, "839432": {"hotel_name": "\u6f2b\u8d70\u5ba2\u6808(\u53a6\u95e8\u4e8c\u5e97)", "order_time": ["2019-01-19 10:14:36"], "total_order": 1, "hotel_value": ["4.5"], "hotel_price": ["113"]}, "1549581": {"hotel_name": "\u53a6\u95e8\u7121\u4e8c\u00b7\u4e16\u5916\u8bbe\u8ba1\u578b\u5ea6\u5047\u522b\u5885", "order_time": ["2019-01-19 10:16:20"], "total_order": 1, "hotel_value": ["4.9"], "hotel_price": ["558"]}, "845483": {"hotel_name": "\u6cca\u6377\u65f6\u5c1a\u9152\u5e97(\u53a6\u95e8\u6d77\u5929\u5e97)", "order_time": ["2019-01-19 10:16:30"], "total_order": 1, "hotel_value": ["3.8"], "hotel_price": ["138"]}, "4590989": {"hotel_name": "\u53a6\u95e8\u4e94\u7f15\u9633\u5149\u5546\u52a1\u5bbe\u9986", "order_time": ["2019-01-19 10:16:30"], "total_order": 1, "hotel_value": ["4.2"], "hotel_price": ["99"]}, "29490138": {"hotel_name": "\u53a6\u95e8\u96c0\u6995\u516c\u5bd3", "order_time": ["2019-01-19 10:16:33"], "total_order": 1, "hotel_value": [0], "hotel_price": ["139"]}, "795560": {"hotel_name": "\u5fc3\u8fdc\u5c1a\u54c1\u9152\u5e97(\u53a6\u95e8\u96c6\u7f8e\u5b66\u6751\u5e97)", "order_time": ["2019-01-19 10:16:39"], "total_order": 1, "hotel_value": ["4.8"], "hotel_price": ["165"]}, "1435101": {"hotel_name": "\u53a6\u95e8\u5317\u7ad9\u68a6\u53a6\u5ba2\u6808", "order_time": ["2019-01-19 10:16:42"], "total_order": 1, "hotel_value": ["4.5"], "hotel_price": ["68"]}, "428302": {"hotel_name": "\u53a6\u95e8\u706b\u8f66\u7ad9\u4e9a\u6735\u8f7b\u5c45\u9152\u5e97", "order_time": ["2019-01-19 10:18:19"], "total_order": 1, "hotel_value": ["4.9"], "hotel_price": ["385"]}, "450155": {"hotel_name": "\u5982\u5bb6\u5feb\u6377\u9152\u5e97(\u53a6\u95e8\u4e2d\u5c71\u8def\u6e56\u6ee8\u897f\u8def\u5e97)", "order_time": ["2019-01-19 10:18:21"], "total_order": 1, "hotel_value": ["4.2"], "hotel_price": ["151"]}, "2301441": {"hotel_name": "\u975e\u7e41\u57ce\u54c1\u9152\u5e97(\u53a6\u95e8\u96c6\u7f8e\u5927\u5b66\u5e97)", "order_time": ["2019-01-19 10:18:26"], "total_order": 1, "hotel_value": ["4.7"], "hotel_price": ["179"]}, "25633183": {"hotel_name": "\u5fc3\u8fdc\u9152\u5e97(\u53a6\u95e8\u8f6e\u6e21\u4e2d\u5c71\u8def\u6b65\u884c\u8857\u5e97)", "order_time": ["2019-01-19 10:18:27"], "total_order": 1, "hotel_value": ["4.5"], "hotel_price": ["227"]}, "702372": {"hotel_name": "\u9f99\u51c0\u53a6\u95e8\u9152\u5e97", "order_time": ["2019-01-19 10:18:27"], "total_order": 1, "hotel_value": ["4.5"], "hotel_price": ["303"]}, "750174": {"hotel_name": "\u683c\u6797\u8c6a\u6cf0(\u53a6\u95e8\u5927\u5b66\u5e97)", "order_time": ["2019-01-19 10:18:27"], "total_order": 1, "hotel_value": ["4.2"], "hotel_price": ["231"]}, "438496": {"hotel_name": "\u53a6\u95e8\u6e29\u6cc9\u6234\u65af\u9152\u5e97", "order_time": ["2019-01-19 10:18:27"], "total_order": 1, "hotel_value": ["4.4"], "hotel_price": ["234"]}, "643518": {"hotel_name": "\u53a6\u95e8\u9f13\u6d6a\u5c7f\u76d6\u9a70\u4f20\u5947\u4e3b\u9898\u7cbe\u54c1\u5ea6\u5047\u65c5\u9986", "order_time": ["2019-01-19 10:18:28"], "total_order": 1, "hotel_value": ["4.9"], "hotel_price": ["814"]}, "1771637": {"hotel_name": "\u53a6\u95e8\u6d77\u5854\u4e4b\u661f\u6d77\u8fb9\u4e3b\u9898\u5ba2\u6808", "order_time": ["2019-01-19 10:18:32"], "total_order": 1, "hotel_value": ["4.8"], "hotel_price": ["98"]}, "5980198": {"hotel_name": "\u53a6\u95e8\u66fe\u539d\u57b5\u60a6\u5c45\u5ba2\u6808", "order_time": ["2019-01-19 10:18:36"], "total_order": 1, "hotel_value": ["4.7"], "hotel_price": ["143"]}, "2647644": {"hotel_name": "\u53a6\u5927\u6587\u5fc3\u9601\u522b\u5885\u5ea6\u5047\u5c4b(\u53a6\u95e8\u66fe\u539d\u57b5\u5e97)", "order_time": ["2019-01-19 10:18:56"], "total_order": 1, "hotel_value": ["5.0"], "hotel_price": ["53"]}, "2298562": {"hotel_name": "\u9526\u6c5f\u4e4b\u661f(\u53a6\u95e8\u5927\u5b66\u4e2d\u5c71\u8def\u5e97)", "order_time": ["2019-01-19 10:20:17"], "total_order": 1, "hotel_value": ["4.5"], "hotel_price": ["189"]}, "387242": {"hotel_name": "\u53a6\u95e8\u4e1c\u5357\u4e9a\u5927\u9152\u5e97", "order_time": ["2019-01-19 10:20:17"], "total_order": 1, "hotel_value": ["4.5"], "hotel_price": ["328"]}, "346267": {"hotel_name": "\u53a6\u95e8\u5e1d\u5143\u7ef4\u591a\u5229\u4e9a\u5927\u9152\u5e97", "order_time": ["2019-01-19 10:20:17"], "total_order": 1, "hotel_value": ["4.5"], "hotel_price": ["536"]}, "23858080": {"hotel_name": "\u53a6\u95e8\u4f73\u9038\u5e0c\u5c14\u987f\u683c\u82ae\u7cbe\u9009\u9152\u5e97", "order_time": ["2019-01-19 10:20:17"], "total_order": 1, "hotel_value": ["4.7"], "hotel_price": ["967"]}, "445336": {"hotel_name": "\u5b9c\u5c1a\u9152\u5e97(\u53a6\u95e8\u706b\u8f66\u7ad9\u5e97)", "order_time": ["2019-01-19 10:20:18"], "total_order": 1, "hotel_value": ["4.8"], "hotel_price": ["265"]}, "6246815": {"hotel_name": "\u6c49\u5ead\u9152\u5e97(\u53a6\u95e8\u4e2d\u5c71\u8def\u6b65\u884c\u8857\u5927\u540c\u8def\u5e97)", "order_time": ["2019-01-19 10:20:18"], "total_order": 1, "hotel_value": ["4.4"], "hotel_price": ["246"]}, "898645": {"hotel_name": "\u6c49\u5ead\u9152\u5e97(\u53a6\u95e8\u79be\u7965\u897f\u8def\u5e97)", "order_time": ["2019-01-19 10:20:19"], "total_order": 1, "hotel_value": ["4.4"], "hotel_price": ["189"]}, "1904341": {"hotel_name": "7\u5929\u4f18\u54c1\u9152\u5e97(\u53a6\u95e8\u4e2d\u5c71\u8def\u6b65\u884c\u8857\u5e97)", "order_time": ["2019-01-19 10:20:20"], "total_order": 1, "hotel_value": ["4.1"], "hotel_price": ["170"]}, "1227390": {"hotel_name": "886\u7cbe\u54c1\u9152\u5e97(\u53a6\u95e8\u6d77\u6ca7\u533a\u653f\u5e9c\u5e97)", "order_time": ["2019-01-19 10:20:20"], "total_order": 1, "hotel_value": ["4.1"], "hotel_price": ["181"]}, "1346900": {"hotel_name": "\u53a6\u95e88090\u9152\u5e97", "order_time": ["2019-01-19 10:20:21"], "total_order": 1, "hotel_value": ["4.3"], "hotel_price": ["223"]}, "385412": {"hotel_name": "\u53a6\u95e8\u5317\u6d77\u6e7e\u60e0\u9f99\u4e07\u8fbe\u5609\u534e\u9152\u5e97", "order_time": ["2019-01-19 10:20:21"], "total_order": 1, "hotel_value": ["4.8"], "hotel_price": ["2000"]}, "1741647": {"hotel_name": "\u53a6\u95e8\u6f2b\u6e21\u6734\u820d\u8bbe\u8ba1\u578b\u6c11\u5bbf", "order_time": ["2019-01-19 10:20:23"], "total_order": 1, "hotel_value": ["5.0"], "hotel_price": ["242"]}, "2308064": {"hotel_name": "\u53a6\u95e8\u5317\u7ad9\u7f57\u8513\u5c0f\u6808", "order_time": ["2019-01-19 10:20:43"], "total_order": 1, "hotel_value": ["4.6"], "hotel_price": ["74"]}, "11406968": {"hotel_name": "\u53a6\u95e8\u6c34\u4e91\u95f4\u6c11\u5bbf(\u539f\u5357\u56fd\u89c2\u6d77\u5c45)", "order_time": ["2019-01-19 10:22:17"], "total_order": 1, "hotel_value": ["4.9"], "hotel_price": ["379"]}, "427501": {"hotel_name": "\u53a6\u95e8\u9187\u6d77\u5cb8\u7cbe\u54c1\u9152\u5e97", "order_time": ["2019-01-19 10:32:21", "2019-01-19 10:22:19"], "total_order": 2, "hotel_value": ["4.9", "4.9"], "hotel_price": ["122", "122"]}, "4601806": {"hotel_name": "\u53a6\u95e8\u5927\u5b66\u5929\u73ba\u6d77\u666f\u516c\u5bd3(\u539f\u53a6\u5927\u4e16\u8302\u6d77\u5ce1\u53cc\u5b50\u5854\u6d77\u666f\u9152\u5e97)", "order_time": ["2019-01-19 10:22:20"], "total_order": 1, "hotel_value": ["4.5"], "hotel_price": ["503"]}, "444772": {"hotel_name": "\u590f\u5546\u00b7\u6021\u5ead\u5feb\u6377\u9152\u5e97(\u53a6\u95e8\u706b\u8f66\u7ad9\u6c47\u6210\u5e97)", "order_time": ["2019-01-19 10:22:21"], "total_order": 1, "hotel_value": ["4.4"], "hotel_price": ["105"]}, "4614034": {"hotel_name": "\u53a6\u95e8\u60a6\u6d77\u4f34\u5c71\u522b\u9662", "order_time": ["2019-01-19 10:22:24"], "total_order": 1, "hotel_value": ["4.6"], "hotel_price": ["193"]}, "734162": {"hotel_name": "\u53a6\u95e8\u5929\u5143\u541b\u9686\u5927\u9152\u5e97", "order_time": ["2019-01-19 10:22:24"], "total_order": 1, "hotel_value": ["4.4"], "hotel_price": ["298"]}, "1406009": {"hotel_name": "\u53a6\u95e8\u9646\u5c9b\u9152\u5e97(\u4f1a\u5c55\u5e97)", "order_time": ["2019-01-19 10:22:24"], "total_order": 1, "hotel_value": ["4.4"], "hotel_price": ["231"]}, "700170": {"hotel_name": "\u541b\u5e1d\u6e7e\u9152\u5e97(\u53a6\u95e8\u5927\u5b66\u5e97)", "order_time": ["2019-01-19 10:22:25"], "total_order": 1, "hotel_value": ["4.5"], "hotel_price": ["178"]}, "1498996": {"hotel_name": "\u53a6\u95e8\u6e2f\u6e7e\u4e4b\u661f\u5ba2\u6808", "order_time": ["2019-01-19 10:22:27"], "total_order": 1, "hotel_value": ["4.9"], "hotel_price": ["95"]}, "2600928": {"hotel_name": "\u5fc3\u8fdc\u9152\u5e97(\u53a6\u95e8\u674f\u6797\u5e97)", "order_time": ["2019-01-19 10:22:27"], "total_order": 1, "hotel_value": ["4.4"], "hotel_price": ["144"]}, "5104169": {"hotel_name": "\u53a6\u95e8\u5c24\u5ba2\u00b7\u6cca\u91d1\u96c5\u5885\u6c11\u5bbf(\u539f\u4f18\u5ba2\u65c5\u9986)", "order_time": ["2019-01-19 10:22:31"], "total_order": 1, "hotel_value": ["4.8"], "hotel_price": ["140"]}, "2152627": {"hotel_name": "\u7f8e\u8c6a\u9152\u5e97(\u53a6\u95e8\u5e97)", "order_time": ["2019-01-19 10:22:31"], "total_order": 1, "hotel_value": ["4.7"], "hotel_price": ["278"]}, "444955": {"hotel_name": "\u590f\u5546\u00b7\u6021\u5ead\u5546\u52a1\u9152\u5e97(\u53a6\u95e8\u83b2\u82b1\u8def\u53e3\u5730\u94c1\u7ad9\u5e97)", "order_time": ["2019-01-19 10:22:32"], "total_order": 1, "hotel_value": ["4.4"], "hotel_price": ["204"]}, "1682829": {"hotel_name": "\u53a6\u95e8\u53a6\u5927\u6b27\u6d77\u9601\u5ea6\u5047\u5c4b", "order_time": ["2019-01-19 10:32:33", "2019-01-19 10:22:33"], "total_order": 2, "hotel_value": ["5.0", "5.0"], "hotel_price": ["453", "453"]}, "5926955": {"hotel_name": "\u53a6\u95e8\u7efc\u777f\u9152\u5e97", "order_time": ["2019-01-19 10:24:26"], "total_order": 1, "hotel_value": ["4.6"], "hotel_price": ["223"]}, "23571482": {"hotel_name": "\u53a6\u95e8\u5e78\u798f\u65f6\u5149\u516c\u5bd3", "order_time": ["2019-01-19 10:24:27"], "total_order": 1, "hotel_value": ["4.8"], "hotel_price": ["113"]}, "517083": {"hotel_name": "\u53a6\u95e8\u9f13\u6d6a\u5c7f\u56db\u89d2\u697c\u5bb6\u5ead\u65c5\u9986", "order_time": ["2019-01-19 10:24:39"], "total_order": 1, "hotel_value": ["4.6"], "hotel_price": ["164"]}, "439323": {"hotel_name": "\u9f13\u6d6a\u5c7f\u7231\u4e0a\u82b1\u56ed\u65c5\u9986", "order_time": ["2019-01-19 10:24:55"], "total_order": 1, "hotel_value": ["4.7"], "hotel_price": ["156"]}, "2380650": {"hotel_name": "\u683c\u6797\u8054\u76df\u9152\u5e97(\u53a6\u95e8\u704c\u53e3\u5e97)", "order_time": ["2019-01-19 10:24:55"], "total_order": 1, "hotel_value": ["4.3"], "hotel_price": ["221"]}, "4122689": {"hotel_name": "\u53a6\u95e8\u8fb9\u9645\u9152\u5e97", "order_time": ["2019-01-19 10:26:23"], "total_order": 1, "hotel_value": ["4.6"], "hotel_price": ["293"]}, "2270943": {"hotel_name": "7\u5929\u4f18\u54c1\u9152\u5e97(\u53a6\u95e8\u601d\u660e\u5357\u8def\u53a6\u95e8\u5927\u5b66\u5e97)", "order_time": ["2019-01-19 10:26:24"], "total_order": 1, "hotel_value": ["4.4"], "hotel_price": ["162"]}, "929673": {"hotel_name": "\u5168\u5b63\u9152\u5e97(\u53a6\u95e8\u660e\u53d1\u5e7f\u573a\u5e97)", "order_time": ["2019-01-19 10:26:25"], "total_order": 1, "hotel_value": ["4.6"], "hotel_price": ["360"]}, "708137": {"hotel_name": "\u53a6\u95e8\u5885\u5c7f\u7cbe\u54c1\u6c11\u5bbf", "order_time": ["2019-01-19 10:26:25"], "total_order": 1, "hotel_value": ["4.9"], "hotel_price": ["263"]}, "858999": {"hotel_name": "\u53a6\u95e8\u7965\u4e91\u4f70\u4f73\u5ba2\u6808(\u539fPaPa\uff07s\u4e3b\u9898\u5ba2\u6808)", "order_time": ["2019-01-19 10:26:26"], "total_order": 1, "hotel_value": ["4.6"], "hotel_price": ["88"]}, "23623292": {"hotel_name": "\u53a6\u95e8\u4e09\u4e2a\u53a6\u5927\u4eba\u4e0e\u521d\u6c11\u5bbf", "order_time": ["2019-01-19 10:26:26", "2019-01-19 10:42:24"], "total_order": 2, "hotel_value": ["4.6", "4.6"], "hotel_price": ["833", "833"]}, "441273": {"hotel_name": "\u9510\u601d\u7279\u00b7\u9038\u81f4\u9152\u5e97(\u53a6\u95e8\u4e2d\u5c71\u8def\u5e97)", "order_time": ["2019-01-19 10:26:26"], "total_order": 1, "hotel_value": ["4.8"], "hotel_price": ["195"]}, "1463860": {"hotel_name": "\u53a6\u95e8\u9f13\u6d6a\u5c7f\u54c6\u54c6\u9752\u5e74\u65c5\u820d", "order_time": ["2019-01-19 10:26:57"], "total_order": 1, "hotel_value": ["4.7"], "hotel_price": ["198"]}, "2030776": {"hotel_name": "\u53a6\u95e8\u66fe\u539d\u57b5\u63fd\u6d77\u542c\u98ce\u7cbe\u54c1\u6c11\u5bbf", "order_time": ["2019-01-19 10:28:24"], "total_order": 1, "hotel_value": ["4.7"], "hotel_price": ["49"]}, "708157": {"hotel_name": "\u53a6\u95e8\u76f8\u7ea6\u5ba2\u6808(\u6d77\u666f\u5e97)", "order_time": ["2019-01-19 10:28:24"], "total_order": 1, "hotel_value": ["4.9"], "hotel_price": ["156"]}, "1617016": {"hotel_name": "\u53a6\u95e8\u67da\u5b50\u90a6\u9152\u5e97\u516c\u5bd3", "order_time": ["2019-01-19 10:28:31"], "total_order": 1, "hotel_value": ["4.4"], "hotel_price": ["221"]}, "28710093": {"hotel_name": "\u53a6\u95e8\u9e6d\u5c9b\u6709\u7ea6\u522b\u5885", "order_time": ["2019-01-19 10:28:32"], "total_order": 1, "hotel_value": [0], "hotel_price": ["467"]}, "19581706": {"hotel_name": "\u53a6\u95e8\u65af\u67cf\u6797\u9152\u5e97", "order_time": ["2019-01-19 10:28:44"], "total_order": 1, "hotel_value": ["4.4"], "hotel_price": ["91"]}, "1669085": {"hotel_name": "\u4e00\u683c\u00b7\u6d77\u68e0\u7f8e\u5bbf(\u53a6\u95e8\u5927\u5b66\u5e97)", "order_time": ["2019-01-19 10:34:42", "2019-01-19 10:28:53"], "total_order": 2, "hotel_value": ["5.0", "5.0"], "hotel_price": ["246", "246"]}, "1535936": {"hotel_name": "\u6c49\u5ead\u9152\u5e97(\u53a6\u95e8\u4f1a\u5c55\u4e2d\u5fc3\u83b2\u524d\u897f\u8def\u5e97)", "order_time": ["2019-01-19 10:30:30"], "total_order": 1, "hotel_value": ["4.3"], "hotel_price": ["167"]}, "436734": {"hotel_name": "\u53a6\u95e8\u9f13\u6d6a\u5c7f\u90a3\u5b85\u9152\u5e97", "order_time": ["2019-01-19 10:30:34"], "total_order": 1, "hotel_value": ["4.6"], "hotel_price": ["753"]}, "6336638": {"hotel_name": "\u53a6\u95e8\u897f\u8fb9\u820d\u5ba2\u6808", "order_time": ["2019-01-19 10:30:39"], "total_order": 1, "hotel_value": ["4.9"], "hotel_price": ["256"]}, "1229340": {"hotel_name": "\u53a6\u95e8\u66fe\u539d\u57b5\u95fd\u5357\u5c0f\u9662\u5ba2\u6808", "order_time": ["2019-01-19 10:30:39"], "total_order": 1, "hotel_value": ["4.8"], "hotel_price": ["98"]}, "11893099": {"hotel_name": "\u53a6\u95e8\u4e00\u5b85\u8bbe\u8ba1\u5e08\u6c11\u5bbf", "order_time": ["2019-01-19 10:30:59"], "total_order": 1, "hotel_value": ["4.2"], "hotel_price": ["238"]}, "2300486": {"hotel_name": "7\u5929\u8fde\u9501\u9152\u5e97(\u53a6\u95e8\u53a6\u9f13\u6e38\u8f6e\u7801\u5934\u5e97)", "order_time": ["2019-01-19 10:32:23"], "total_order": 1, "hotel_value": ["4.1"], "hotel_price": ["127"]}, "17100829": {"hotel_name": "\u53a6\u95e8\u7f8e\u5b9c\u5bb6\u7cbe\u54c1\u9152\u5e97\u516c\u5bd3", "order_time": ["2019-01-19 10:32:23"], "total_order": 1, "hotel_value": ["4.2"], "hotel_price": ["193"]}, "1314948": {"hotel_name": "\u5168\u5b63\u9152\u5e97(\u53a6\u95e8\u4f1a\u5c55\u4e2d\u5fc3\u83b2\u524d\u4e1c\u8def\u5e97)(\u539f\u4e9a\u4e01\u6e7e\u4e3b\u9898\u9152\u5e97)", "order_time": ["2019-01-19 10:32:24"], "total_order": 1, "hotel_value": ["4.8"], "hotel_price": ["360"]}, "1877465": {"hotel_name": "\u53a6\u95e8\u6b23\u6765\u5bbe\u9986", "order_time": ["2019-01-19 10:32:38"], "total_order": 1, "hotel_value": ["4.1"], "hotel_price": ["103"]}, "26621104": {"hotel_name": "\u53a6\u5927\u6d77\u8fb9\u6c11\u5bbf(\u51c0\u5723\u5802\u5206\u5e97)", "order_time": ["2019-01-19 10:32:49"], "total_order": 1, "hotel_value": [0], "hotel_price": ["94"]}, "1098200": {"hotel_name": "\u5982\u5bb6\u9152\u5e97(\u53a6\u95e8SM\u5e7f\u573a\u4e4c\u77f3\u6d66\u5730\u94c1\u7ad9\u5e97)", "order_time": ["2019-01-19 10:34:16"], "total_order": 1, "hotel_value": ["3.7"], "hotel_price": ["180"]}, "2304450": {"hotel_name": "7\u5929\u8fde\u9501\u9152\u5e97(\u53a6\u95e8\u706b\u8f66\u7ad9\u5e97)", "order_time": ["2019-01-19 10:34:18"], "total_order": 1, "hotel_value": ["4.3"], "hotel_price": ["128"]}, "434318": {"hotel_name": "\u53a6\u95e8\u9f13\u6d6a\u5c7f\u9f13\u6d6a\u522b\u5885\u9152\u5e97", "order_time": ["2019-01-19 10:34:20"], "total_order": 1, "hotel_value": ["4.6"], "hotel_price": ["686"]}, "26576625": {"hotel_name": "\u53a6\u95e8\u4e3d\u90fd\u516c\u5bd3", "order_time": ["2019-01-19 10:34:21"], "total_order": 1, "hotel_value": ["4.8"], "hotel_price": ["129"]}, "1648603": {"hotel_name": "\u6b23\u6b23\u516c\u5bd3(\u53a6\u95e8\u673a\u573a\u5e97)", "order_time": ["2019-01-19 10:34:30"], "total_order": 1, "hotel_value": ["4.4"], "hotel_price": ["103"]}, "6486006": {"hotel_name": "\u53a6\u95e8\u6e56\u6ee8\u9996\u5e9c\u4e16\u8302\u777f\u9009\u9152\u5e97", "order_time": ["2019-01-19 10:36:20"], "total_order": 1, "hotel_value": ["4.6"], "hotel_price": ["317"]}, "22569916": {"hotel_name": "\u53a6\u95e8\u5feb\u4e50\u4e4b\u65c5\u4e3b\u9898\u516c\u5bd3", "order_time": ["2019-01-19 10:36:27"], "total_order": 1, "hotel_value": ["4.7"], "hotel_price": ["133"]}, "1742958": {"hotel_name": "\u53a6\u95e8\u9f13\u6d6a\u5c7f\u68a6\u7f18\u53e4\u539d\u590d\u53e4\u65c5\u9986", "order_time": ["2019-01-19 10:36:29"], "total_order": 1, "hotel_value": ["4.9"], "hotel_price": ["69"]}, "1599621": {"hotel_name": "\u53a6\u95e8\u9759\u77f3\u5ba2\u6808(\u539f\u82b1\u77f3\u5885\u5ba2\u6808)", "order_time": ["2019-01-19 10:36:32"], "total_order": 1, "hotel_value": ["4.4"], "hotel_price": ["278"]}, "5467669": {"hotel_name": "\u53a6\u95e8\u5b9c\u9014\u7cbe\u54c1\u9152\u5e97", "order_time": ["2019-01-19 10:36:32"], "total_order": 1, "hotel_value": ["4.7"], "hotel_price": ["667"]}, "5980230": {"hotel_name": "\u53a6\u95e8\u9f13\u6d6a\u5c7f\u542c\u96e8\u8f69\u7cbe\u54c1\u5ba2\u6808\u5927\u5b66\u751f\u521b\u4e1a\u57fa\u5730\u5e97", "order_time": ["2019-01-19 10:38:20"], "total_order": 1, "hotel_value": ["4.8"], "hotel_price": ["162"]}, "11154787": {"hotel_name": "\u53a6\u95e8\u66fe\u539d\u57b5\u8fe6\u9005\u6e90\u7d20\u8f7b\u5962\u6c11\u5bbf", "order_time": ["2019-01-19 10:38:22"], "total_order": 1, "hotel_value": ["4.8"], "hotel_price": ["166"]}, "514344": {"hotel_name": "\u53a6\u95e8\u94c2\u5c14\u6e7e\u9152\u5e97", "order_time": ["2019-01-19 10:38:22"], "total_order": 1, "hotel_value": ["4.1"], "hotel_price": ["112"]}, "28525229": {"hotel_name": "\u53a6\u95e8\u96c5\u7434\u4f73\u5c45\u516c\u5bd3", "order_time": ["2019-01-19 10:42:19", "2019-01-19 10:38:23"], "total_order": 2, "hotel_value": ["4.9", "4.9"], "hotel_price": ["101", "101"]}, "21344089": {"hotel_name": "\u53a6\u95e8\u82b1\u679c\u5bbf(\u6d77\u539d)\u751f\u6d3b\u9986", "order_time": ["2019-01-19 10:38:30"], "total_order": 1, "hotel_value": ["4.9"], "hotel_price": ["210"]}, "433735": {"hotel_name": "\u5b9c\u5fc5\u601d\u5c1a\u54c1\u9152\u5e97(\u53a6\u95e8\u4e2d\u5c71\u8def\u6b65\u884c\u8857\u5e97)", "order_time": ["2019-01-19 10:40:16"], "total_order": 1, "hotel_value": ["4.7"], "hotel_price": ["382"]}, "669139": {"hotel_name": "\u53a6\u95e8\u4eac\u50ce\u9890\u8c6a\u9152\u5e97", "order_time": ["2019-01-19 10:40:16"], "total_order": 1, "hotel_value": ["4.6"], "hotel_price": ["393"]}, "6052144": {"hotel_name": "\u53a6\u95e8\u66fe\u73e0\u6e2f\u57ce\u5821\u5e84\u56ed", "order_time": ["2019-01-19 10:40:16"], "total_order": 1, "hotel_value": ["4.8"], "hotel_price": ["249"]}, "438629": {"hotel_name": "\u53a6\u95e8\u91d1\u95e8\u6e7e\u5927\u9152\u5e97", "order_time": ["2019-01-19 10:40:23"], "total_order": 1, "hotel_value": ["4.8"], "hotel_price": ["429"]}, "18531564": {"hotel_name": "\u53a6\u95e8\u6155\u83b1Moonlight\u516c\u5bd3", "order_time": ["2019-01-19 10:40:24"], "total_order": 1, "hotel_value": ["4.9"], "hotel_price": ["267"]}, "29401348": {"hotel_name": "\u9f13\u6d6a\u5c7f\u9014\u7a9d\u5047\u65e5\u5e84\u56ed", "order_time": ["2019-01-19 10:40:24"], "total_order": 1, "hotel_value": [0], "hotel_price": ["199"]}, "1386469": {"hotel_name": "\u5982\u5bb6\u5feb\u6377\u9152\u5e97(\u53a6\u95e8\u96c6\u7f8e\u5927\u5b66\u5e97)", "order_time": ["2019-01-19 10:40:24"], "total_order": 1, "hotel_value": ["4.4"], "hotel_price": ["159"]}, "5879743": {"hotel_name": "\u53a6\u95e8\u65b0\u5929\u9e45\u57ce\u5821\u5e84\u56ed", "order_time": ["2019-01-19 10:40:25"], "total_order": 1, "hotel_value": ["4.8"], "hotel_price": ["273"]}, "2301140": {"hotel_name": "\u53a6\u95e8\u7f8e\u6676\u9152\u5e97", "order_time": ["2019-01-19 10:40:25"], "total_order": 1, "hotel_value": ["4.2"], "hotel_price": ["157"]}, "8569035": {"hotel_name": "\u53a6\u95e8\u9e6d\u987a\u5feb\u6377\u9152\u5e97\u706b\u8f66\u7ad9\u5e97", "order_time": ["2019-01-19 10:42:30", "2019-01-19 10:40:26"], "total_order": 2, "hotel_value": ["3.9", "3.9"], "hotel_price": ["112", "112"]}, "23239051": {"hotel_name": "\u53a6\u95e8\u5927\u9690\u7cbe\u54c1\u65c5\u5c45", "order_time": ["2019-01-19 10:40:26"], "total_order": 1, "hotel_value": ["4.9"], "hotel_price": ["248"]}, "730108": {"hotel_name": "\u9f13\u6d6a\u5c7f\u9b54\u5ead\u522b\u82d1\u65c5\u9986(\u539f\u9f13\u6d6a\u5c7f\u9f99\u5c71\u82d1\u5496\u5561\u65c5\u9986)", "order_time": ["2019-01-19 10:40:28"], "total_order": 1, "hotel_value": ["4.8"], "hotel_price": ["282"]}, "5981029": {"hotel_name": "\u53a6\u95e8\u5076\u9047\u5ba2\u6808\u9f13\u6d6a\u5c7f\u5e97", "order_time": ["2019-01-19 10:40:28"], "total_order": 1, "hotel_value": ["4.6"], "hotel_price": ["193"]}, "2290174": {"hotel_name": "\u53a6\u95e8\u6676\u90a6\u5927\u9152\u5e97", "order_time": ["2019-01-19 10:42:20"], "total_order": 1, "hotel_value": ["3.9"], "hotel_price": ["228"]}, "2214161": {"hotel_name": "\u6d6a\u6f2b\u90fd\u5e02\u8fde\u9501\u9152\u5e97(\u53a6\u95e8SM\u4eca\u53f6\u5e97)", "order_time": ["2019-01-19 10:42:20"], "total_order": 1, "hotel_value": ["4.5"], "hotel_price": ["152"]}, "4439579": {"hotel_name": "\u524d\u7530\u6e7e\u7cbe\u54c1\u5ba2\u6808(\u53a6\u95e8\u66fe\u539d\u57b5\u5e97)", "order_time": ["2019-01-19 10:42:25"], "total_order": 1, "hotel_value": ["4.7"], "hotel_price": ["108"]}, "392554": {"hotel_name": "\u53a6\u95e8\u91d1\u745e\u4f73\u6cf0\u9152\u5e97(\u539f\u91d1\u5df4\u5170\u9152\u5e97)", "order_time": ["2019-01-19 10:42:26"], "total_order": 1, "hotel_value": ["4.5"], "hotel_price": ["349"]}, "2513527": {"hotel_name": "\u53a6\u95e8\u66fe\u539d\u57b5\u82b1\u8bed\u5ead\u7cbe\u54c1\u5ba2\u6808", "order_time": ["2019-01-19 10:42:33"], "total_order": 1, "hotel_value": ["4.7"], "hotel_price": ["131"]}, "18460940": {"hotel_name": "\u53a6\u95e8\u94f6\u8272\u6d77\u5cb8\u9152\u5e97\u516c\u5bd3", "order_time": ["2019-01-19 10:42:39"], "total_order": 1, "hotel_value": [0], "hotel_price": ["299"]}, "8568983": {"hotel_name": "\u53a6\u95e8\u5317\u7ad9\u6591\u9a6c\u7cbe\u54c1\u5ba2\u6808", "order_time": ["2019-01-19 10:42:41"], "total_order": 1, "hotel_value": ["4.7"], "hotel_price": ["123"]}}}