{"\u5f00\u59cb\u8bb0\u5f55\u65f6\u95f4": "2019-01-23 13:15:02", "\u7ed3\u675f\u8bb0\u5f55\u65f6\u95f4": "2019-01-23 14:15:02", "\u8ba2\u5355\u603b\u589e\u91cf": 439, "item": {"470603": {"hotel_name": "\u53a6\u95e8\u745e\u63d0\u62c9\u9152\u5e97", "order_time": ["2019-01-23 13:17:26"], "total_order": 1, "hotel_value": ["4.5"], "hotel_price": ["299"]}, "28565834": {"hotel_name": "\u53a6\u95e8\u559c\u7f8e\u7f8e\u5c45\u9152\u5e97", "order_time": ["2019-01-23 13:17:27"], "total_order": 1, "hotel_value": ["4.8"], "hotel_price": ["399"]}, "6955152": {"hotel_name": "\u53a6\u95e8\u541b\u96c5\u65f6\u5c1a\u9152\u5e97(\u539f\u4e98\u91d1\u9152\u5e97)", "order_time": ["2019-01-23 13:17:27"], "total_order": 1, "hotel_value": ["4.8"], "hotel_price": ["74"]}, "2000401": {"hotel_name": "\u5586\u5561\u9152\u5e97(\u53a6\u95e8\u9f13\u6d6a\u5c7f\u4e2d\u5c71\u8def\u7b2c\u4e00\u7801\u5934\u5e97)", "order_time": ["2019-01-23 13:17:28", "2019-01-23 13:27:30"], "total_order": 2, "hotel_value": ["4.7", "4.7"], "hotel_price": ["208", "208"]}, "440782": {"hotel_name": "\u53a6\u95e8\u65fa\u8f89\u9152\u5e97", "order_time": ["2019-01-23 14:01:35", "2019-01-23 13:17:29"], "total_order": 2, "hotel_value": ["4.8", "4.8"], "hotel_price": ["188", "188"]}, "7934581": {"hotel_name": "\u53a6\u95e8\u6d77\u6ca7\u6e7e\u4e9a\u6735\u9152\u5e97", "order_time": ["2019-01-23 13:17:29"], "total_order": 1, "hotel_value": ["4.8"], "hotel_price": ["339"]}, "428893": {"hotel_name": "\u53a6\u95e8\u5bbe\u9986", "order_time": ["2019-01-23 13:49:28", "2019-01-23 13:17:29"], "total_order": 2, "hotel_value": ["4.8", "4.8"], "hotel_price": ["406", "406"]}, "2298562": {"hotel_name": "\u9526\u6c5f\u4e4b\u661f(\u53a6\u95e8\u5927\u5b66\u4e2d\u5c71\u8def\u5e97)", "order_time": ["2019-01-23 13:17:30", "2019-01-23 13:41:24"], "total_order": 2, "hotel_value": ["4.5", "4.5"], "hotel_price": ["169", "169"]}, "472358": {"hotel_name": "\u53a6\u95e8\u6e29\u5c3c\u65af\u4f9d\u8bfa\u6d77\u6d77\u666f\u5ea6\u5047\u522b\u5885", "order_time": ["2019-01-23 13:17:30"], "total_order": 1, "hotel_value": ["4.9"], "hotel_price": ["585"]}, "3000081": {"hotel_name": "\u53a6\u95e8\u7ea2\u8272\u5bb6\u65cf\u5ea6\u5047\u522b\u5885", "order_time": ["2019-01-23 13:17:32"], "total_order": 1, "hotel_value": ["4.8"], "hotel_price": ["126"]}, "14122680": {"hotel_name": "\u53a6\u95e8\u6d77\u4e0a\u7406\u60f3\u56fd\u73af\u5c7f\u5ea6\u5047\u522b\u5885", "order_time": ["2019-01-23 13:17:33"], "total_order": 1, "hotel_value": ["4.9"], "hotel_price": ["89"]}, "1535936": {"hotel_name": "\u6c49\u5ead\u9152\u5e97(\u53a6\u95e8\u4f1a\u5c55\u4e2d\u5fc3\u83b2\u524d\u897f\u8def\u5e97)", "order_time": ["2019-01-23 13:17:33"], "total_order": 1, "hotel_value": ["4.2"], "hotel_price": ["151"]}, "6355587": {"hotel_name": "\u590f\u5546\u6021\u7fd4\u5047\u65e5\u9152\u5e97(\u53a6\u95e8\u706b\u8f66\u7ad9\u5e97)", "order_time": ["2019-01-23 14:03:32", "2019-01-23 13:17:34", "2019-01-23 13:53:31"], "total_order": 3, "hotel_value": ["4.8", "4.8", "4.8"], "hotel_price": ["228", "228", "228"]}, "5757188": {"hotel_name": "\u53a6\u95e8\u5927\u5b66\u9f13\u6d6a\u6e7e\u6d77\u666f\u516c\u5bd3(\u539f\u53a6\u5927\u4e16\u8302\u53cc\u5b50\u5854\u597d\u7720\u9152\u5e97\u516c\u5bd3)", "order_time": ["2019-01-23 13:17:34", "2019-01-23 13:35:24"], "total_order": 2, "hotel_value": ["4.7", "4.7"], "hotel_price": ["343", "343"]}, "5979992": {"hotel_name": "\u53a6\u95e8\u5c71\u5c7f\u6d77\u7cbe\u54c1\u5ba2\u6808", "order_time": ["2019-01-23 13:17:36"], "total_order": 1, "hotel_value": ["4.8"], "hotel_price": ["131"]}, "1583162": {"hotel_name": "\u5982\u5bb6\u5546\u65c5\u9152\u5e97(\u53a6\u95e8\u4f1a\u5c55\u4e2d\u5fc3\u52a0\u5dde\u5546\u4e1a\u5e7f\u573a\u5e97)", "order_time": ["2019-01-23 13:17:36"], "total_order": 1, "hotel_value": ["4.8"], "hotel_price": ["280"]}, "448874": {"hotel_name": "\u53a6\u95e8\u91d1\u8272\u56db\u5b63\u9152\u5e97(\u539f\u6cc9\u5b63\u9152\u5e97)", "order_time": ["2019-01-23 13:17:36"], "total_order": 1, "hotel_value": ["4.2"], "hotel_price": ["234"]}, "14559437": {"hotel_name": "\u53a6\u95e8\u66fe\u539d\u57b5\u843d\u811a\u70b9\u5ba2\u6808", "order_time": ["2019-01-23 13:17:38"], "total_order": 1, "hotel_value": ["4.9"], "hotel_price": ["103"]}, "5656116": {"hotel_name": "\u53a6\u95e8\u56f4\u91cc\u516c\u5bd3", "order_time": ["2019-01-23 13:17:44"], "total_order": 1, "hotel_value": ["4.5"], "hotel_price": ["96"]}, "890106": {"hotel_name": "\u53a6\u95e8\u4e3d\u65af\u6d77\u666f\u9152\u5e97", "order_time": ["2019-01-23 13:18:02"], "total_order": 1, "hotel_value": ["4.7"], "hotel_price": ["278"]}, "15899701": {"hotel_name": "\u6854\u5b50\u9152\u5e97\u7cbe\u9009(\u53a6\u95e8\u673a\u573a\u6210\u529f\u5927\u9053\u5e97)", "order_time": ["2019-01-23 13:45:28", "2019-01-23 13:19:24"], "total_order": 2, "hotel_value": ["4.8", "4.8"], "hotel_price": ["294", "294"]}, "1641097": {"hotel_name": "\u9f13\u6d6a\u5c7f\u56db\u5b63\u82b1\u65c5\u9986(\u539f\u521d\u590f\u65c5\u9986)", "order_time": ["2019-01-23 13:21:53", "2019-01-23 13:19:24"], "total_order": 2, "hotel_value": ["4.8", "4.8"], "hotel_price": ["164", "182"]}, "2290014": {"hotel_name": "\u53a6\u95e8\u541b\u6021\u9152\u5e97", "order_time": ["2019-01-23 13:19:25"], "total_order": 1, "hotel_value": ["4.7"], "hotel_price": ["256"]}, "448649": {"hotel_name": "\u53a6\u95e8\u4e9a\u6d32\u6d77\u6e7e\u5927\u9152\u5e97", "order_time": ["2019-01-23 13:19:25"], "total_order": 1, "hotel_value": ["4.4"], "hotel_price": ["291"]}, "898495": {"hotel_name": "\u6c49\u5ead\u9152\u5e97(\u53a6\u95e8\u79be\u7965\u897f\u8def\u79be\u7965\u5546\u57ce\u5e97)(\u539f\u6e56\u6ee8\u4e2d\u8def\u5e97)", "order_time": ["2019-01-23 13:19:27"], "total_order": 1, "hotel_value": ["4.4"], "hotel_price": ["136"]}, "1639388": {"hotel_name": "\u4e03\u946b\u5929\u9152\u5e97(\u53a6\u95e8\u673a\u573a\u5e97)", "order_time": ["2019-01-23 13:19:27"], "total_order": 1, "hotel_value": ["4.4"], "hotel_price": ["126"]}, "23238710": {"hotel_name": "\u53a6\u95e8\u541b\u69ad\u00b7\u52ff\u820d\u5ba2\u6808", "order_time": ["2019-01-23 13:49:41", "2019-01-23 13:19:28"], "total_order": 2, "hotel_value": ["4.9", "4.9"], "hotel_price": ["320", "320"]}, "686333": {"hotel_name": "\u53a6\u95e8\u6eaa\u5885", "order_time": ["2019-01-23 13:19:29"], "total_order": 1, "hotel_value": ["4.9"], "hotel_price": ["273"]}, "6841235": {"hotel_name": "\u53a6\u95e8\u6f58\u591a\u62c9\u6d77\u666f\u9152\u5e97\u516c\u5bd3", "order_time": ["2019-01-23 13:55:28", "2019-01-23 13:19:31"], "total_order": 2, "hotel_value": ["4.7", "4.7"], "hotel_price": ["403", "403"]}, "5373865": {"hotel_name": "\u5168\u5b63\u9152\u5e97(\u53a6\u95e8\u5927\u5b66\u5e97)", "order_time": ["2019-01-23 13:19:31"], "total_order": 1, "hotel_value": ["4.7"], "hotel_price": ["322"]}, "28525229": {"hotel_name": "\u53a6\u95e8\u96c5\u7434\u4f73\u5c45\u516c\u5bd3", "order_time": ["2019-01-23 13:19:32"], "total_order": 1, "hotel_value": ["4.9"], "hotel_price": ["107"]}, "926806": {"hotel_name": "\u53a6\u95e8\u4eac\u534e\u5927\u9152\u5e97", "order_time": ["2019-01-23 14:07:32", "2019-01-23 13:19:36", "2019-01-23 13:59:34"], "total_order": 3, "hotel_value": ["4.6", "4.6", "4.6"], "hotel_price": ["390", "390", "390"]}, "736171": {"hotel_name": "\u53a6\u95e8L7\u7cbe\u54c1\u9152\u5e97", "order_time": ["2019-01-23 13:19:40"], "total_order": 1, "hotel_value": ["4.3"], "hotel_price": ["112"]}, "470600": {"hotel_name": "\u53a6\u95e8\u9f13\u6d6a\u5c7f\u56fd\u738b\u76d2\u5b50\u5ea6\u5047\u5c4b", "order_time": ["2019-01-23 13:19:43", "2019-01-23 13:31:22"], "total_order": 2, "hotel_value": ["4.7", "4.7"], "hotel_price": ["157", "104"]}, "2152633": {"hotel_name": "\u53a6\u95e8\u540c\u5b89\u5bbe\u9986", "order_time": ["2019-01-23 13:19:46"], "total_order": 1, "hotel_value": ["4.1"], "hotel_price": ["148"]}, "5979521": {"hotel_name": "\u53a6\u95e8\u53a6\u5927\u91d1\u8272\u6d77\u6e7e\u7cbe\u54c1\u5ba2\u6808", "order_time": ["2019-01-23 13:19:50"], "total_order": 1, "hotel_value": ["4.7"], "hotel_price": ["71"]}, "6112181": {"hotel_name": "\u53a6\u95e8\u6c38\u4e3d\u8fbe\u4e3d\u5448\u9152\u5e97", "order_time": ["2019-01-23 13:19:52"], "total_order": 1, "hotel_value": ["4.8"], "hotel_price": ["499"]}, "3688726": {"hotel_name": "\u53a6\u95e8\u53a6\u5927\u522b\u6811\u4e00\u9601\u7cbe\u54c1\u5ba2\u6808(\u539f\u53a6\u95e8\u5927\u5b66\u522b\u6811\u4e00\u9601\u5bb6\u5ead\u65c5\u9986)", "order_time": ["2019-01-23 14:03:36", "2019-01-23 13:21:27"], "total_order": 2, "hotel_value": ["4.8", "4.8"], "hotel_price": ["114", "114"]}, "346257": {"hotel_name": "\u53a6\u95e8\u6d77\u666f\u5343\u79a7\u5927\u9152\u5e97", "order_time": ["2019-01-23 14:07:31", "2019-01-23 13:21:28", "2019-01-23 13:55:30", "2019-01-23 13:57:42"], "total_order": 4, "hotel_value": ["4.5", "4.5", "4.5", "4.5"], "hotel_price": ["590", "590", "590", "590"]}, "4814798": {"hotel_name": "\u53a6\u95e8\u9f13\u6d6a\u5c7f\u6162\u5c4b\u5ea6\u5047\u522b\u5885", "order_time": ["2019-01-23 13:21:30"], "total_order": 1, "hotel_value": ["4.8"], "hotel_price": ["563"]}, "1405385": {"hotel_name": "\u6c49\u5ead\u9152\u5e97(\u53a6\u95e8\u96c6\u7f8e\u5927\u5b66\u5317\u5e97)", "order_time": ["2019-01-23 13:21:30"], "total_order": 1, "hotel_value": ["4.4"], "hotel_price": ["161"]}, "23571482": {"hotel_name": "\u53a6\u95e8\u5e78\u798f\u65f6\u5149\u516c\u5bd3", "order_time": ["2019-01-23 13:21:30"], "total_order": 1, "hotel_value": ["4.8"], "hotel_price": ["104"]}, "6021613": {"hotel_name": "\u53a6\u95e8\u5317\u7ad9\u65b0\u6982\u5ff5\u7cbe\u54c1\u5ba2\u6808(\u539f\u65b0\u6982\u5ff5\u9152\u5e97\u516c\u5bd3(\u5317\u7ad9\u5e97))", "order_time": ["2019-01-23 13:21:31"], "total_order": 1, "hotel_value": ["4.9"], "hotel_price": ["114"]}, "4016834": {"hotel_name": "\u53a6\u95e8\u4e34\u6c34\u6e7e\u5bbe\u9986", "order_time": ["2019-01-23 13:21:31"], "total_order": 1, "hotel_value": ["4.5"], "hotel_price": ["218"]}, "1410376": {"hotel_name": "\u82b1\u5ead\u65c5\u9986(\u9f13\u6d6a\u5c7f\u5b89\u6d77\u82b1\u56ed\u5e97)", "order_time": ["2019-01-23 13:21:33"], "total_order": 1, "hotel_value": ["4.6"], "hotel_price": ["221"]}, "436701": {"hotel_name": "\u90fd\u5e02\u7cbe\u54c1\u9152\u5e97(\u53a6\u95e8\u83b2\u82b1\u53e3\u5730\u94c1\u7ad9\u5e97)", "order_time": ["2019-01-23 13:21:34"], "total_order": 1, "hotel_value": ["4.4"], "hotel_price": ["115"]}, "1406188": {"hotel_name": "\u53a6\u95e8\u6b23\u4e91\u5cf0\u9152\u5e97", "order_time": ["2019-01-23 14:03:32", "2019-01-23 13:21:35"], "total_order": 2, "hotel_value": ["3.8", "3.8"], "hotel_price": ["138", "138"]}, "480963": {"hotel_name": "\u53a6\u95e8\u68a6\u9192\u6e7e\u5ba2\u6808", "order_time": ["2019-01-23 13:21:35"], "total_order": 1, "hotel_value": ["4.9"], "hotel_price": ["87"]}, "17470637": {"hotel_name": "\u53a6\u95e8\u516d\u60a6\u5ea6\u5047\u9152\u5e97(\u9f13\u6d6a\u5c7f\u522b\u5885\u5e97)", "order_time": ["2019-01-23 13:21:40"], "total_order": 1, "hotel_value": ["4.7"], "hotel_price": ["280"]}, "2531474": {"hotel_name": "\u53a6\u95e8\u559c\u5408\u5706\u5546\u52a1\u5bbe\u9986", "order_time": ["2019-01-23 13:21:49"], "total_order": 1, "hotel_value": ["3.9"], "hotel_price": ["118"]}, "2227031": {"hotel_name": "\u53a6\u95e8\u9f13\u6d6a\u5c7f\u7f8e\u534e\u5065\u5eb7\u517b\u751f\u5ea6\u5047\u4e2d\u5fc3", "order_time": ["2019-01-23 13:21:50"], "total_order": 1, "hotel_value": ["3.5"], "hotel_price": ["95"]}, "436182": {"hotel_name": "\u53a6\u95e8\u53e4\u6b4c\u4e66\u82d1\u5496\u5561\u65c5\u9986(\u539f\u4eac\u8fb0\u9152\u5e97)", "order_time": ["2019-01-23 13:23:25"], "total_order": 1, "hotel_value": ["4.5"], "hotel_price": ["290"]}, "25633183": {"hotel_name": "\u5fc3\u8fdc\u9152\u5e97(\u53a6\u95e8\u8f6e\u6e21\u4e2d\u5c71\u8def\u6b65\u884c\u8857\u5e97)", "order_time": ["2019-01-23 13:33:33", "2019-01-23 13:23:25"], "total_order": 2, "hotel_value": ["4.5", "4.5"], "hotel_price": ["191", "191"]}, "1535935": {"hotel_name": "\u6c49\u5ead\u9152\u5e97(\u53a6\u95e8\u96c6\u7f8e\u5b66\u6751\u5e97)", "order_time": ["2019-01-23 13:23:26"], "total_order": 1, "hotel_value": ["4.5"], "hotel_price": ["145"]}, "1002498": {"hotel_name": "\u53a6\u95e8\u753b\u6d77\u7b80\u5c45\u5ba2\u6808", "order_time": ["2019-01-23 13:23:28", "2019-01-23 14:03:36", "2019-01-23 14:09:34"], "total_order": 3, "hotel_value": ["4.9", "4.9", "4.9"], "hotel_price": ["119", "119", "119"]}, "375297": {"hotel_name": "\u53a6\u95e8\u9a6c\u54e5\u5b5b\u7f57\u4e1c\u65b9\u5927\u9152\u5e97", "order_time": ["2019-01-23 13:23:30"], "total_order": 1, "hotel_value": ["4.6"], "hotel_price": ["665"]}, "458319": {"hotel_name": "\u9752\u5e74\u9633\u5149\u9152\u5e97(\u53a6\u95e8\u706b\u8f66\u7ad9\u6587\u7076\u5e97)", "order_time": ["2019-01-23 13:23:34"], "total_order": 1, "hotel_value": ["4.5"], "hotel_price": ["134"]}, "447260": {"hotel_name": "\u590f\u5546\u00b7\u6021\u5ead\u5feb\u6377\u9152\u5e97(\u53a6\u95e8\u4e1c\u6e21\u90ae\u8f6e\u4e2d\u5fc3\u53a6\u9f13\u7801\u5934\u5e97)", "order_time": ["2019-01-23 13:23:34"], "total_order": 1, "hotel_value": ["4.2"], "hotel_price": ["136"]}, "1985198": {"hotel_name": "\u6c49\u5ead\u9152\u5e97(\u53a6\u95e8\u540c\u5b89\u533a\u653f\u5e9c\u5e97)", "order_time": ["2019-01-23 13:23:34", "2019-01-23 13:43:32"], "total_order": 2, "hotel_value": ["4.6", "4.6"], "hotel_price": ["151", "136"]}, "5724702": {"hotel_name": "\u51e4\u51f0\u5c45\u9152\u5e97(\u9f13\u6d6a\u5c7f\u65e5\u5149\u5ca9\u5e97)", "order_time": ["2019-01-23 13:23:35", "2019-01-23 13:51:29"], "total_order": 2, "hotel_value": ["4.9", "4.9"], "hotel_price": ["540", "540"]}, "11654273": {"hotel_name": "\u53a6\u95e8\u53c8\u89c1\u82b1\u6d77\u5ea6\u5047\u522b\u5885", "order_time": ["2019-01-23 13:45:37", "2019-01-23 13:53:34", "2019-01-23 13:23:36"], "total_order": 3, "hotel_value": ["4.9", "4.9", "4.9"], "hotel_price": ["171", "171", "171"]}, "698202": {"hotel_name": "\u548c\u9890\u9152\u5e97(\u53a6\u95e8\u4e2d\u5c71\u8def\u6d77\u666f\u5e97)", "order_time": ["2019-01-23 13:47:24", "2019-01-23 13:23:38", "2019-01-23 13:25:28"], "total_order": 3, "hotel_value": ["4.7", "4.7", "4.7"], "hotel_price": ["309", "309", "309"]}, "21146652": {"hotel_name": "\u53a6\u95e8\u4e45\u7a9d\u5ba2\u6808", "order_time": ["2019-01-23 13:57:46", "2019-01-23 13:23:43", "2019-01-23 13:29:41"], "total_order": 3, "hotel_value": ["4.7", "4.7", "4.7"], "hotel_price": ["88", "88", "88"]}, "1212911": {"hotel_name": "\u53a6\u95e8\u5317\u7ad9\u7ad9\u53f0\u5c0f\u9662(\u539f\u5317\u7ad9101\u9a7f\u7ad9)", "order_time": ["2019-01-23 13:23:45"], "total_order": 1, "hotel_value": ["4.8"], "hotel_price": ["74"]}, "14261979": {"hotel_name": "\u53a6\u95e8\u7075\u73b2\u5927\u9152\u5e97", "order_time": ["2019-01-23 13:49:25", "2019-01-23 13:29:39", "2019-01-23 13:23:46"], "total_order": 3, "hotel_value": ["4.5", "4.5", "4.5"], "hotel_price": ["399", "399", "399"]}, "1741647": {"hotel_name": "\u53a6\u95e8\u6f2b\u6e21\u6734\u820d\u8bbe\u8ba1\u578b\u6c11\u5bbf", "order_time": ["2019-01-23 13:25:27", "2019-01-23 14:13:28"], "total_order": 2, "hotel_value": ["5.0", "5.0"], "hotel_price": ["212", "212"]}, "988894": {"hotel_name": "\u548c\u9890\u9152\u5e97(\u53a6\u95e8\u5927\u5b66\u7eff\u6676\u5e97)", "order_time": ["2019-01-23 13:25:28"], "total_order": 1, "hotel_value": ["4.5"], "hotel_price": ["288"]}, "4614168": {"hotel_name": "\u53a6\u95e8\u7b2c\u4e00\u6e2f\u5ea6\u5047\u522b\u5885", "order_time": ["2019-01-23 13:25:30"], "total_order": 1, "hotel_value": ["4.6"], "hotel_price": ["158"]}, "512888": {"hotel_name": "\u53a6\u95e8\u7fd4\u5b89\u9890\u8c6a\u9152\u5e97", "order_time": ["2019-01-23 13:25:31", "2019-01-23 13:35:29", "2019-01-23 13:57:39"], "total_order": 3, "hotel_value": ["4.7", "4.7", "4.7"], "hotel_price": ["409", "409", "409"]}, "397577": {"hotel_name": "\u53a6\u95e8\u5b9d\u9f99\u94c2\u5c14\u66fc\u5927\u9152\u5e97", "order_time": ["2019-01-23 13:25:32"], "total_order": 1, "hotel_value": ["4.7"], "hotel_price": ["700"]}, "1641069": {"hotel_name": "\u53a6\u95e8\u9f13\u6d6a\u5c7f\u96c5\u7b51\u65c5\u9986", "order_time": ["2019-01-23 13:25:33"], "total_order": 1, "hotel_value": ["4.9"], "hotel_price": ["388"]}, "5104169": {"hotel_name": "\u53a6\u95e8\u5c24\u5ba2\u00b7\u6cca\u91d1\u96c5\u5885\u6c11\u5bbf(\u539f\u4f18\u5ba2\u65c5\u9986)", "order_time": ["2019-01-23 13:25:33"], "total_order": 1, "hotel_value": ["4.9"], "hotel_price": ["141"]}, "5669929": {"hotel_name": "\u53a6\u95e8\u5341\u91cc\u6d77\u5cb8\u5ea6\u5047\u5c4b", "order_time": ["2019-01-23 13:25:36"], "total_order": 1, "hotel_value": ["4.8"], "hotel_price": ["193"]}, "436738": {"hotel_name": "\u9f13\u6d6a\u5c7f\u6c38\u987a\u5ea6\u5047\u65c5\u9986(\u53a6\u95e8\u79d1\u6797\u65af\u5e97)", "order_time": ["2019-01-23 13:25:38"], "total_order": 1, "hotel_value": ["4.5"], "hotel_price": ["276"]}, "10201435": {"hotel_name": "\u53a6\u95e8\u4f70\u7fd4\u4e94\u901a\u9152\u5e97", "order_time": ["2019-01-23 13:26:08"], "total_order": 1, "hotel_value": ["4.7"], "hotel_price": ["609"]}, "17293040": {"hotel_name": "\u53a6\u95e8\u5982\u58a8\u8bbe\u8ba1\u578b\u5ea6\u5047\u522b\u5885", "order_time": ["2019-01-23 13:26:10"], "total_order": 1, "hotel_value": ["4.9"], "hotel_price": ["299"]}, "6279138": {"hotel_name": "\u57ce\u5e02\u4fbf\u6377\u9152\u5e97(\u53a6\u95e8\u9f13\u6d6a\u5c7f\u5d69\u5c7f\u7801\u5934\u5e97 )", "order_time": ["2019-01-23 13:27:28"], "total_order": 1, "hotel_value": ["4.8"], "hotel_price": ["244"]}, "483838": {"hotel_name": "\u53a6\u95e8\u7a7a\u6e2f\u4f70\u7fd4\u82b1\u56ed\u9152\u5e97", "order_time": ["2019-01-23 13:27:28"], "total_order": 1, "hotel_value": ["4.5"], "hotel_price": ["292"]}, "447297": {"hotel_name": "\u53a6\u95e8\u660e\u53d1\u56fd\u9645\u5927\u9152\u5e97", "order_time": ["2019-01-23 13:27:30"], "total_order": 1, "hotel_value": ["4.6"], "hotel_price": ["463"]}, "427947": {"hotel_name": "\u53a6\u95e8\u56fd\u9645\u4f1a\u8bae\u4e2d\u5fc3\u9152\u5e97", "order_time": ["2019-01-23 14:11:28", "2019-01-23 14:05:32", "2019-01-23 13:27:30"], "total_order": 3, "hotel_value": ["4.8", "4.8", "4.8"], "hotel_price": ["589", "589", "589"]}, "425692": {"hotel_name": "\u53a6\u95e8\u6d77\u60a6\u5c71\u5e84\u9152\u5e97", "order_time": ["2019-01-23 13:43:29", "2019-01-23 13:39:30", "2019-01-23 13:27:30"], "total_order": 3, "hotel_value": ["4.8", "4.8", "4.8"], "hotel_price": ["813", "813", "813"]}, "385412": {"hotel_name": "\u53a6\u95e8\u5317\u6d77\u6e7e\u60e0\u9f99\u4e07\u8fbe\u5609\u534e\u9152\u5e97", "order_time": ["2019-01-23 13:33:34", "2019-01-23 13:27:30"], "total_order": 2, "hotel_value": ["4.8", "4.8"], "hotel_price": ["750", "750"]}, "932008": {"hotel_name": "\u8003\u62c9\u9752\u5e74\u65c5\u820d(\u53a6\u95e8\u4e2d\u5c71\u8def\u6b65\u884c\u8857\u5e97)", "order_time": ["2019-01-23 13:27:35"], "total_order": 1, "hotel_value": ["4.5"], "hotel_price": ["62"]}, "4640529": {"hotel_name": "\u53a6\u95e8\u82b1\u5f00\u8317\u54c1\u5ba2\u6808", "order_time": ["2019-01-23 13:27:37"], "total_order": 1, "hotel_value": ["4.9"], "hotel_price": ["189"]}, "1728118": {"hotel_name": "\u53a6\u95e8\u5c71\u6c34\u5bbe\u9986", "order_time": ["2019-01-23 13:27:39"], "total_order": 1, "hotel_value": ["4.3"], "hotel_price": ["221"]}, "1583129": {"hotel_name": "\u5982\u5bb6\u5feb\u6377\u9152\u5e97\uff08\u53a6\u95e8\u4e00\u4e2d\u5c06\u519b\u7960\u5730\u94c1\u7ad9\u5e97\uff09", "order_time": ["2019-01-23 13:27:39"], "total_order": 1, "hotel_value": ["4.5"], "hotel_price": ["132"]}, "23946623": {"hotel_name": "\u53a6\u95e8\u8d77\u8dd1\u7ebf\u5ba2\u6808", "order_time": ["2019-01-23 13:27:41"], "total_order": 1, "hotel_value": ["4.9"], "hotel_price": ["103"]}, "6414490": {"hotel_name": "\u9f13\u6d6a\u5c7f\u5c0f\u6843\u6e90\u65c5\u9986(\u539f\u7231\u4e3d\u4e1d\u65c5\u9986)", "order_time": ["2019-01-23 13:27:46"], "total_order": 1, "hotel_value": ["4.3"], "hotel_price": ["35"]}, "11500565": {"hotel_name": "\u53a6\u95e8\u6f9c\u5ead\u5ba2\u6808", "order_time": ["2019-01-23 13:27:46"], "total_order": 1, "hotel_value": ["4.9"], "hotel_price": ["178"]}, "1729745": {"hotel_name": "\u53a6\u95e8\u9f13\u6d6a\u5c7f\u5b89\u742a\u513f\u65c5\u9986", "order_time": ["2019-01-23 13:27:47"], "total_order": 1, "hotel_value": ["4.8"], "hotel_price": ["163"]}, "2890185": {"hotel_name": "\u6021\u5bb6\u516c\u5bd3(\u53a6\u95e8\u673a\u573a\u5e97)", "order_time": ["2019-01-23 13:27:47"], "total_order": 1, "hotel_value": ["4.6"], "hotel_price": ["125"]}, "11683122": {"hotel_name": "\u53a6\u95e8\u4e50\u5c7f\u4f11\u95f2\u5ba2\u6808(\u539f\u6d77\u9047\u82b1\u56ed\u522b\u5885)", "order_time": ["2019-01-23 13:27:47"], "total_order": 1, "hotel_value": ["4.8"], "hotel_price": ["172"]}, "4337003": {"hotel_name": "\u53a6\u95e8\u963f\u725b\u54e5\u5ba2\u6808(\u539f\u4e00\u671f\u4e00\u4f1a\u4e3b\u9898\u5ba2\u6808)", "order_time": ["2019-01-23 13:27:47"], "total_order": 1, "hotel_value": ["4.4"], "hotel_price": ["83"]}, "2012734": {"hotel_name": "\u53a6\u95e8\u51e4\u7965\u5546\u52a1\u5bbe\u9986", "order_time": ["2019-01-23 13:27:47"], "total_order": 1, "hotel_value": ["4.4"], "hotel_price": ["105"]}, "6109242": {"hotel_name": "\u53a6\u95e8\u53a6\u5927\u8239\u8bf4\u5ea6\u5047\u522b\u5885", "order_time": ["2019-01-23 13:27:47"], "total_order": 1, "hotel_value": ["4.8"], "hotel_price": ["394"]}, "12131828": {"hotel_name": "\u53a6\u95e8\u5c71\u8c46\u51e0\u9752\u5e74\u9a7f\u7ad9", "order_time": ["2019-01-23 14:07:42", "2019-01-23 13:27:47"], "total_order": 2, "hotel_value": ["4.7", "4.7"], "hotel_price": ["70", "70"]}, "5979596": {"hotel_name": "\u53a6\u95e8\u9f13\u6d6a\u5c7f\u4e00\u4e00\u5ba2\u6808", "order_time": ["2019-01-23 13:27:49"], "total_order": 1, "hotel_value": ["4.4"], "hotel_price": ["90"]}, "14153275": {"hotel_name": "\u53a6\u95e8\u7d20\u5c45\u670d\u52a1\u5f0f\u516c\u5bd3(\u73b0\u4ee3\u57ce\u5e97)", "order_time": ["2019-01-23 13:27:54"], "total_order": 1, "hotel_value": ["4.4"], "hotel_price": ["262"]}, "1518540": {"hotel_name": "\u53a6\u95e8\u4e09\u4e2a\u53a6\u5927\u4eba\u00b7\u51e0\u7ef43\u53f7\u9662", "order_time": ["2019-01-23 13:28:09"], "total_order": 1, "hotel_value": ["4.8"], "hotel_price": ["228"]}, "346248": {"hotel_name": "\u53a6\u95e8\u6cf0\u8c37\u9152\u5e97", "order_time": ["2019-01-23 13:29:24", "2019-01-23 13:29:58"], "total_order": 2, "hotel_value": ["4.7", "4.7"], "hotel_price": ["398", "398"]}, "782154": {"hotel_name": "\u53a6\u95e8\u9752\u5e74\u9633\u5149\u7cbe\u54c1\u5546\u52a1\u9152\u5e97(\u677e\u67cf\u6c7d\u8f66\u5e97)", "order_time": ["2019-01-23 13:29:25"], "total_order": 1, "hotel_value": ["4.5"], "hotel_price": ["176"]}, "4439627": {"hotel_name": "\u53a6\u95e8\u5df4\u6e1d\u5c9b\u5ea6\u5047\u522b\u5885", "order_time": ["2019-01-23 13:29:25"], "total_order": 1, "hotel_value": ["4.8"], "hotel_price": ["188"]}, "375295": {"hotel_name": "\u53a6\u95e8\u7fd4\u9e6d\u56fd\u9645\u5927\u9152\u5e97", "order_time": ["2019-01-23 14:13:31", "2019-01-23 13:43:41", "2019-01-23 13:29:25"], "total_order": 3, "hotel_value": ["4.4", "4.4", "4.4"], "hotel_price": ["330", "330", "330"]}, "12624286": {"hotel_name": "\u9a7f\u8d77\u9152\u5e97\uff08\u53a6\u95e8\u5317\u7ad9\u5e97\uff09", "order_time": ["2019-01-23 13:29:27", "2019-01-23 13:31:29"], "total_order": 2, "hotel_value": ["4.6", "4.6"], "hotel_price": ["229", "158"]}, "5247286": {"hotel_name": "\u53a6\u95e8\u5fc3\u6e56\u5c1a\u5ba2\u5802\u6c11\u5bbf(\u539f\u53a6\u5927\u5c1a\u5ba2\u5802\u5ba2\u6808)", "order_time": ["2019-01-23 13:29:28"], "total_order": 1, "hotel_value": ["4.7"], "hotel_price": ["999"]}, "346260": {"hotel_name": "\u53a6\u95e8\u745e\u9890\u5927\u9152\u5e97", "order_time": ["2019-01-23 13:47:32", "2019-01-23 13:29:30"], "total_order": 2, "hotel_value": ["4.7", "4.7"], "hotel_price": ["799", "799"]}, "12548987": {"hotel_name": "\u53a6\u95e8\u6263\u5b50\u9152\u5e97", "order_time": ["2019-01-23 13:29:34"], "total_order": 1, "hotel_value": ["4.8"], "hotel_price": ["190"]}, "4495790": {"hotel_name": "\u53a6\u95e8\u98de\u5bbf\u8fde\u9501\u9a91\u58eb\u8d35\u65cf\u5e84\u56ed", "order_time": ["2019-01-23 13:29:36"], "total_order": 1, "hotel_value": ["4.5"], "hotel_price": ["134"]}, "2109201": {"hotel_name": "\u53a6\u95e8\u95fa\u5de2\u5ba2\u6808", "order_time": ["2019-01-23 14:09:38", "2019-01-23 13:31:21"], "total_order": 2, "hotel_value": ["4.9", "4.9"], "hotel_price": ["90", "90"]}, "5548882": {"hotel_name": "\u53a6\u95e8\u6d77\u65c5\u6e29\u5fb7\u59c6\u81f3\u5c0a\u9152\u5e97", "order_time": ["2019-01-23 13:33:26", "2019-01-23 13:31:24"], "total_order": 2, "hotel_value": ["4.7", "4.7"], "hotel_price": ["522", "522"]}, "11021977": {"hotel_name": "\u53a6\u95e8oneday\u5c9b\u5c7f\u8bbe\u8ba1\u5e08\u6c11\u5bbf", "order_time": ["2019-01-23 13:31:25"], "total_order": 1, "hotel_value": ["4.8"], "hotel_price": ["277"]}, "436734": {"hotel_name": "\u53a6\u95e8\u9f13\u6d6a\u5c7f\u90a3\u5b85\u9152\u5e97", "order_time": ["2019-01-23 13:31:27"], "total_order": 1, "hotel_value": ["4.6"], "hotel_price": ["737"]}, "1248911": {"hotel_name": "\u53a6\u95e8\u9f13\u6d6a\u5c7f\u67d4\u8f6f\u65f6\u5149\u5ea6\u5047\u6d0b\u623f", "order_time": ["2019-01-23 13:31:29"], "total_order": 1, "hotel_value": ["4.8"], "hotel_price": ["234"]}, "1016228": {"hotel_name": "\u53a6\u95e8\u98de\u5bbf\u8fde\u9501\u60c5\u4e1d\u00b7\u6735\u62c9\u5e84\u56ed", "order_time": ["2019-01-23 13:31:51"], "total_order": 1, "hotel_value": ["4.9"], "hotel_price": ["149"]}, "4439579": {"hotel_name": "\u524d\u7530\u6e7e\u7cbe\u54c1\u5ba2\u6808(\u53a6\u95e8\u66fe\u539d\u57b5\u5e97)", "order_time": ["2019-01-23 13:57:29", "2019-01-23 13:33:27"], "total_order": 2, "hotel_value": ["4.7", "4.7"], "hotel_price": ["108", "108"]}, "438257": {"hotel_name": "\u53a6\u95e8\u946b\u540d\u95e8\u82b1\u56ed\u9152\u5e97(\u539f\u5361\u5c14\u66fc\u9152\u5e97)", "order_time": ["2019-01-23 13:33:27"], "total_order": 1, "hotel_value": ["4.3"], "hotel_price": ["230"]}, "22942501": {"hotel_name": "\u53a6\u95e8\u73f5\u7f8e\u6d77\u5cb8\u9152\u5e97", "order_time": ["2019-01-23 13:33:30"], "total_order": 1, "hotel_value": ["4.8"], "hotel_price": ["468"]}, "1613814": {"hotel_name": "\u7231\u83f2\u513f\u5ea6\u5047\u9152\u5e97(\u53a6\u95e8\u9f13\u6d6a\u5c7f1930\u5e97)", "order_time": ["2019-01-23 13:33:30", "2019-01-23 14:07:58", "2019-01-23 14:09:56"], "total_order": 3, "hotel_value": ["4.6", "4.6", "4.6"], "hotel_price": ["456", "346", "346"]}, "1730297": {"hotel_name": "\u53a6\u95e8\u9f13\u6d6a\u5c7f\u7434\u6d77\u5e84\u56ed\u6d77\u666f\u9152\u5e97", "order_time": ["2019-01-23 13:39:27", "2019-01-23 13:33:30", "2019-01-23 13:51:29"], "total_order": 3, "hotel_value": ["4.6", "4.6", "4.6"], "hotel_price": ["518", "518", "518"]}, "929673": {"hotel_name": "\u5168\u5b63\u9152\u5e97(\u53a6\u95e8\u660e\u53d1\u5e7f\u573a\u5e97)", "order_time": ["2019-01-23 13:33:31"], "total_order": 1, "hotel_value": ["4.6"], "hotel_price": ["322"]}, "479499": {"hotel_name": "\u53a6\u95e8\u6a59\u623f\u6c11\u5bbf(\u539f\u7f57\u5e54\u6613\u5496\u5561\u65c5\u9986)", "order_time": ["2019-01-23 13:33:32"], "total_order": 1, "hotel_value": ["4.3"], "hotel_price": ["169"]}, "346269": {"hotel_name": "\u53a6\u95e8\u6e90\u660c\u51ef\u5bbe\u65af\u57fa\u5927\u9152\u5e97", "order_time": ["2019-01-23 13:33:34"], "total_order": 1, "hotel_value": ["4.7"], "hotel_price": ["898"]}, "2361567": {"hotel_name": "\u53a6\u95e8\u6234\u65af\u6c40\u9152\u5e97", "order_time": ["2019-01-23 13:33:34", "2019-01-23 13:37:37"], "total_order": 2, "hotel_value": ["3.8", "3.8"], "hotel_price": ["131", "131"]}, "473274": {"hotel_name": "\u53a6\u95e8\u65e5\u4e1c\u82b1\u56ed\u9152\u5e97(\u81ea\u9a7e\u8f66\u4e3b\u9898\u9152\u5e97)", "order_time": ["2019-01-23 13:33:34"], "total_order": 1, "hotel_value": ["4.5"], "hotel_price": ["280"]}, "2169704": {"hotel_name": "\u53a6\u95e8\u5927\u5b6693\u5b66\u820d\u5ba2\u6808", "order_time": ["2019-01-23 13:33:34"], "total_order": 1, "hotel_value": ["4.7"], "hotel_price": ["103"]}, "5241104": {"hotel_name": "\u53a6\u95e8\u98de\u5bbf\u8fde\u9501\u82f1\u4f26\u4f2f\u7235\u5e84\u56ed", "order_time": ["2019-01-23 13:33:39", "2019-01-23 14:07:41"], "total_order": 2, "hotel_value": ["4.8", "4.8"], "hotel_price": ["230", "230"]}, "832732": {"hotel_name": "\u53a6\u95e8\u6d77\u946b88\u89c2\u666f\u9152\u5e97", "order_time": ["2019-01-23 13:33:39"], "total_order": 1, "hotel_value": ["3.8"], "hotel_price": ["273"]}, "1316751": {"hotel_name": "\u6cca\u6377\u9152\u5e97(\u53a6\u95e8\u706b\u8f66\u7ad9\u5e97)", "order_time": ["2019-01-23 13:33:43"], "total_order": 1, "hotel_value": ["4.1"], "hotel_price": ["118"]}, "15880660": {"hotel_name": "\u5927\u849c\u9152\u5e97(\u53a6\u95e8\u706b\u8f66\u7ad9\u5e97)", "order_time": ["2019-01-23 13:33:47"], "total_order": 1, "hotel_value": ["4.3"], "hotel_price": ["133"]}, "4814804": {"hotel_name": "\u6c49\u5ead\u9152\u5e97(\u53a6\u95e8\u4f1a\u5c55\u4e2d\u5fc3\u5e97)(\u539f\u5fb7\u5c45\u5bbe\u9986)", "order_time": ["2019-01-23 13:35:23"], "total_order": 1, "hotel_value": ["4.6"], "hotel_price": ["189"]}, "2391888": {"hotel_name": "\u826f\u5885\u00b7\u7f24\u7eb7\u82b1\u6d77\u5ea6\u5047\u5e84\u56ed(\u53a6\u95e8\u66fe\u539d\u57b5\u5e97)", "order_time": ["2019-01-23 13:35:23"], "total_order": 1, "hotel_value": ["4.8"], "hotel_price": ["173"]}, "17908349": {"hotel_name": "\u53a6\u95e8\u9047\u7f8e\u00b7\u57b5\u90b8\u9152\u5e97", "order_time": ["2019-01-23 14:03:36", "2019-01-23 13:35:24"], "total_order": 2, "hotel_value": ["4.9", "4.9"], "hotel_price": ["304", "304"]}, "6736731": {"hotel_name": "\u5e0c\u5cb8\u9152\u5e97(\u53a6\u95e8\u706b\u8f66\u7ad9\u5e97)(\u539f\u5357\u65b9\u996d\u5e97)", "order_time": ["2019-01-23 13:35:24", "2019-01-23 13:45:34"], "total_order": 2, "hotel_value": ["4.9", "4.9"], "hotel_price": ["263", "263"]}, "6259728": {"hotel_name": "\u82b1\u754c\u9152\u5e97(\u53a6\u95e8\u83b2\u82b1\u5e97)", "order_time": ["2019-01-23 13:35:26"], "total_order": 1, "hotel_value": ["4.4"], "hotel_price": ["263"]}, "22766983": {"hotel_name": "\u9e97\u67ab\u9152\u5e97(\u53a6\u95e8\u4e2d\u5c71\u8def\u6b65\u884c\u8857\u5e97)", "order_time": ["2019-01-23 13:35:26", "2019-01-23 13:39:25"], "total_order": 2, "hotel_value": ["4.7", "4.7"], "hotel_price": ["275", "275"]}, "708137": {"hotel_name": "\u53a6\u95e8\u5885\u5c7f\u7cbe\u54c1\u6c11\u5bbf", "order_time": ["2019-01-23 13:35:27"], "total_order": 1, "hotel_value": ["4.9"], "hotel_price": ["292"]}, "1804365": {"hotel_name": "\u6d6a\u6f2b\u90fd\u5e02\u8fde\u9501\u9152\u5e97(\u53a6\u95e8\u706b\u8f66\u7ad9\u6d0b\u5b8f\u603b\u5e97)(\u539f\u6d0b\u5b8f\u5bbe\u9986)", "order_time": ["2019-01-23 13:35:27"], "total_order": 1, "hotel_value": ["4.3"], "hotel_price": ["111"]}, "1390368": {"hotel_name": "\u53a6\u95e8\u56db\u5e74\u4e09\u73ed\u6d77\u666f\u5ba2\u6808", "order_time": ["2019-01-23 13:35:29", "2019-01-23 14:13:34", "2019-01-23 13:57:30"], "total_order": 3, "hotel_value": ["4.8", "4.8", "4.8"], "hotel_price": ["80", "80", "80"]}, "1183602": {"hotel_name": "\u516b\u82f1\u91cc\u9152\u5e97(\u53a6\u95e8\u4e2d\u5c71\u8def\u5e97)", "order_time": ["2019-01-23 13:35:29"], "total_order": 1, "hotel_value": ["4.7"], "hotel_price": ["134"]}, "436721": {"hotel_name": "\u53a6\u95e8\u9f13\u6d6a\u5c7f\u4e03\u91cc\u9999\u820d\u65c5\u9986", "order_time": ["2019-01-23 13:35:29"], "total_order": 1, "hotel_value": ["4.4"], "hotel_price": ["370"]}, "1742980": {"hotel_name": "\u4f73\u6a59\u5feb\u6377\u9152\u5e97\uff08\u53a6\u95e8\u706b\u8f66\u7ad9\u5e97\uff09", "order_time": ["2019-01-23 13:35:29"], "total_order": 1, "hotel_value": ["4.1"], "hotel_price": ["83"]}, "19853957": {"hotel_name": "\u9038\u6cca\u5b87\u516c\u5bd3(\u53a6\u95e8\u673a\u573a\u5e97)", "order_time": ["2019-01-23 14:11:30", "2019-01-23 13:35:29", "2019-01-23 13:39:36"], "total_order": 3, "hotel_value": ["4.7", "4.7", "4.7"], "hotel_price": ["149", "149", "135"]}, "6486006": {"hotel_name": "\u53a6\u95e8\u6e56\u6ee8\u9996\u5e9c\u4e16\u8302\u777f\u9009\u9152\u5e97", "order_time": ["2019-01-23 13:35:30"], "total_order": 1, "hotel_value": ["4.6"], "hotel_price": ["285"]}, "481752": {"hotel_name": "\u9526\u6c5f\u4e4b\u661f(\u53a6\u95e8\u673a\u573a\u533a\u653f\u5e9c\u5e97)", "order_time": ["2019-01-23 13:35:31", "2019-01-23 14:09:31"], "total_order": 2, "hotel_value": ["4.2", "4.2"], "hotel_price": ["139", "139"]}, "2031707": {"hotel_name": "\u53a6\u95e8\u964c\u5ba2\u5fae\u9152\u5e97\uff08\u53a6\u5927\u5b66\u751f\u516c\u5bd3\u5e97\uff09", "order_time": ["2019-01-23 13:35:34"], "total_order": 1, "hotel_value": ["4.6"], "hotel_price": ["135"]}, "436711": {"hotel_name": "\u53a6\u95e8\u9f13\u6d6a\u5c7f\u6caa\u5c7f\u65c5\u9986", "order_time": ["2019-01-23 13:35:34", "2019-01-23 13:51:36"], "total_order": 2, "hotel_value": ["5.0", "5.0"], "hotel_price": ["369", "369"]}, "2284337": {"hotel_name": "\u53a6\u95e8\u6d77\u5de2\u9752\u5e74\u65c5\u9986", "order_time": ["2019-01-23 13:35:38"], "total_order": 1, "hotel_value": ["4.9"], "hotel_price": ["171"]}, "6336638": {"hotel_name": "\u53a6\u95e8\u897f\u8fb9\u820d\u5ba2\u6808", "order_time": ["2019-01-23 13:35:38"], "total_order": 1, "hotel_value": ["4.9"], "hotel_price": ["181"]}, "11090358": {"hotel_name": "\u53a6\u95e899\u65c5\u9986", "order_time": ["2019-01-23 13:35:38"], "total_order": 1, "hotel_value": ["4.6"], "hotel_price": ["83"]}, "4497014": {"hotel_name": "\u53a6\u95e8\u4e3d\u601d\u5361\u6d77\u666f\u5ea6\u5047\u5ba2\u6808", "order_time": ["2019-01-23 13:37:29"], "total_order": 1, "hotel_value": ["4.8"], "hotel_price": ["171"]}, "700170": {"hotel_name": "\u541b\u5e1d\u6e7e\u9152\u5e97(\u53a6\u95e8\u5927\u5b66\u5e97)", "order_time": ["2019-01-23 14:13:33", "2019-01-23 13:37:31", "2019-01-23 13:43:35", "2019-01-23 13:41:26"], "total_order": 4, "hotel_value": ["4.5", "4.5", "4.5", "4.5"], "hotel_price": ["191", "191", "191", "191"]}, "703570": {"hotel_name": "\u53a6\u95e8\u79b9\u6d32\u5609\u7f8e\u4f26\u9152\u5e97\u516c\u5bd3", "order_time": ["2019-01-23 13:37:32"], "total_order": 1, "hotel_value": ["4.6"], "hotel_price": ["432"]}, "2624108": {"hotel_name": "\u53a6\u95e8\u5e0c\u5c14\u987f\u9038\u6797\u9152\u5e97", "order_time": ["2019-01-23 13:37:33"], "total_order": 1, "hotel_value": ["4.7"], "hotel_price": ["665"]}, "2582476": {"hotel_name": "99\u65c5\u9986\u8fde\u9501(\u53a6\u95e8\u5367\u9f99\u6653\u57ce\u5e97)", "order_time": ["2019-01-23 13:37:38"], "total_order": 1, "hotel_value": ["4.3"], "hotel_price": ["79"]}, "428700": {"hotel_name": "\u5982\u5bb6\u5feb\u6377\u9152\u5e97(\u53a6\u95e8\u4e1c\u6e21\u9f13\u6d6a\u5c7f\u7801\u5934\u5e97)(\u539f\u4e1c\u6e21\u90ae\u8f6e\u4e2d\u5fc3\u53a6\u9f13\u7801\u5934\u5e97)", "order_time": ["2019-01-23 13:37:39"], "total_order": 1, "hotel_value": ["4.3"], "hotel_price": ["101"]}, "5072969": {"hotel_name": "\u53a6\u95e8\u8317\u5bbf\u5c71\u79cb\u6c11\u5bbf", "order_time": ["2019-01-23 13:37:55"], "total_order": 1, "hotel_value": [0], "hotel_price": ["153"]}, "479016": {"hotel_name": "\u53a6\u95e8\u79d8\u5bc6\u82b1\u56ed\u5ba2\u6808", "order_time": ["2019-01-23 14:01:33", "2019-01-23 13:37:57", "2019-01-23 13:49:54"], "total_order": 3, "hotel_value": ["4.9", "4.9", "4.9"], "hotel_price": ["94", "94", "94"]}, "8656624": {"hotel_name": "\u5168\u5b63\u9152\u5e97(\u53a6\u95e8\u96c6\u7f8e\u5b66\u6751\u5e97)(\u539f\u8d22\u7a0e\u5bbe\u9986)", "order_time": ["2019-01-23 13:39:25"], "total_order": 1, "hotel_value": ["4.7"], "hotel_price": ["293"]}, "10906517": {"hotel_name": "\u53a6\u95e8\u9e6d\u5c9b\u522b\u82d1\u6d77\u8fb9\u5ea6\u5047\u522b\u5885", "order_time": ["2019-01-23 13:39:25"], "total_order": 1, "hotel_value": ["4.8"], "hotel_price": ["141"]}, "2088412": {"hotel_name": "\u9526\u6c5f\u4e4b\u661f(\u53a6\u95e8\u4f1a\u5c55\u4e2d\u5fc3\u73af\u5c9b\u8def\u5e97)", "order_time": ["2019-01-23 14:09:28", "2019-01-23 13:39:25"], "total_order": 2, "hotel_value": ["4.4", "4.4"], "hotel_price": ["227", "227"]}, "2157026": {"hotel_name": "\u53a6\u95e8\u559c\u591a\u5c4b\u9152\u5e97", "order_time": ["2019-01-23 13:39:26"], "total_order": 1, "hotel_value": ["4.7"], "hotel_price": ["82"]}, "21124626": {"hotel_name": "\u53a6\u95e8\u4e07\u749f\u8f69\u9152\u5e97", "order_time": ["2019-01-23 13:39:27", "2019-01-23 13:45:36"], "total_order": 2, "hotel_value": ["4.7", "4.7"], "hotel_price": ["249", "249"]}, "1860898": {"hotel_name": "\u901f8\u9152\u5e97(\u53a6\u95e8\u540c\u5b89\u5e97)", "order_time": ["2019-01-23 13:39:28"], "total_order": 1, "hotel_value": ["4.2"], "hotel_price": ["167"]}, "436741": {"hotel_name": "\u53a6\u95e8\u9f13\u6d6a\u5c7f\u56db\u5b63\u5982\u6625\u9152\u5e97", "order_time": ["2019-01-23 13:39:32"], "total_order": 1, "hotel_value": ["4.4"], "hotel_price": ["298"]}, "1719842": {"hotel_name": "\u53a6\u95e821\u533a\u521b\u610f\u9152\u5e97(\u539f\u548c\u681121\u533a\u521b\u610f\u9152\u5e97)", "order_time": ["2019-01-23 14:03:37", "2019-01-23 13:39:33"], "total_order": 2, "hotel_value": ["4.2", "4.2"], "hotel_price": ["96", "96"]}, "2802506": {"hotel_name": "\u82b1\u754c\u9152\u5e97(\u53a6\u95e8\u4e2d\u5c71\u8def\u5e97)(\u539f\u8f6e\u6e21\u5e97\uff09)", "order_time": ["2019-01-23 13:39:34"], "total_order": 1, "hotel_value": ["4.6"], "hotel_price": ["293"]}, "346273": {"hotel_name": "\u53a6\u95e8\u78d0\u57fa\u5e0c\u5c14\u987f\u9152\u5e97", "order_time": ["2019-01-23 13:39:38"], "total_order": 1, "hotel_value": ["4.6"], "hotel_price": ["767"]}, "1591429": {"hotel_name": "\u53a6\u95e8\u6021\u5fc3\u5c4b\u5ba2\u6808(\u539f\u53a6\u5927\u68a7\u6850\u4e3b\u9898\u5ba2\u6808)", "order_time": ["2019-01-23 13:39:39"], "total_order": 1, "hotel_value": ["4.9"], "hotel_price": ["100"]}, "12622395": {"hotel_name": "\u53a6\u95e8\u71d5\u6816\u8bbe\u8ba1\u6c11\u5bbf", "order_time": ["2019-01-23 13:39:39"], "total_order": 1, "hotel_value": ["4.9"], "hotel_price": ["159"]}, "6246343": {"hotel_name": "\u53a6\u95e8\u6162\u751f\u6d3b\u00b7\u6696\u5357\u7f8e\u5885", "order_time": ["2019-01-23 13:39:40"], "total_order": 1, "hotel_value": ["4.9"], "hotel_price": ["219"]}, "6768590": {"hotel_name": "\u53a6\u95e8\u5065\u4f53\u65e0\u6781\u9152\u5e97\u4f1a\u6240", "order_time": ["2019-01-23 13:39:41"], "total_order": 1, "hotel_value": ["4.6"], "hotel_price": ["289"]}, "23238854": {"hotel_name": "\u53a6\u95e8\u82b3\u9890\u73af\u6d77\u5ea6\u5047\u522b\u5885", "order_time": ["2019-01-23 13:39:49"], "total_order": 1, "hotel_value": ["4.5"], "hotel_price": ["181"]}, "11069279": {"hotel_name": "\u53a6\u95e8\u6768\u96ea\u7684\u82b1\u8349\u751f\u6d3b\u6c11\u5bbf", "order_time": ["2019-01-23 13:40:03"], "total_order": 1, "hotel_value": [0], "hotel_price": ["288"]}, "13912439": {"hotel_name": "\u53a6\u95e8\u6620\u96ea\u8f7b\u5962\u9152\u5e97", "order_time": ["2019-01-23 13:40:04"], "total_order": 1, "hotel_value": ["4.9"], "hotel_price": ["306"]}, "1880917": {"hotel_name": "\u53a6\u95e8\u9f13\u6d6a\u5c7f\u8ff9\u58a8\u00b7\u4e5d\u95f4\u623f\u5ba2\u6808", "order_time": ["2019-01-23 13:40:06"], "total_order": 1, "hotel_value": ["4.3"], "hotel_price": ["138"]}, "8363593": {"hotel_name": "\u82b1\u7f8e\u65f6\u7f8e\u666f\u9152\u5e97\uff08\u53a6\u95e8\u89c2\u97f3\u5c71\u5e97\uff09", "order_time": ["2019-01-23 13:41:23"], "total_order": 1, "hotel_value": ["4.7"], "hotel_price": ["236"]}, "1603567": {"hotel_name": "\u53a6\u95e8\u7121\u4e8c\u00b7\u767d\u5c7f\u8bbe\u8ba1\u578b\u5ea6\u5047\u7f8e\u5885", "order_time": ["2019-01-23 13:41:26", "2019-01-23 14:01:26", "2019-01-23 14:13:34"], "total_order": 3, "hotel_value": ["5.0", "5.0", "5.0"], "hotel_price": ["296", "296", "296"]}, "11288824": {"hotel_name": "\u53a6\u95e8\u66fe\u539d\u57b5\u96e8\u6c90\u7af9\u5ba2\u6808", "order_time": ["2019-01-23 13:41:27"], "total_order": 1, "hotel_value": ["4.9"], "hotel_price": ["133"]}, "6485447": {"hotel_name": "\u5b9c\u5c1a\u9152\u5e97(\u53a6\u95e8\u673a\u573a\u706b\u70ac\u56ed\u5730\u94c1\u7ad9\u5e97)", "order_time": ["2019-01-23 14:03:37", "2019-01-23 13:41:28"], "total_order": 2, "hotel_value": ["4.6", "4.6"], "hotel_price": ["298", "298"]}, "5806184": {"hotel_name": "\u9177\u6d3e\u9152\u5e97(\u53a6\u95e8\u706b\u8f66\u7ad9\u68a7\u6751\u6c7d\u8f66\u7ad9\u5e97)", "order_time": ["2019-01-23 13:41:30"], "total_order": 1, "hotel_value": ["4.3"], "hotel_price": ["98"]}, "5639861": {"hotel_name": "\u53a6\u95e8\u66fe\u539d\u57b5\u63fd\u6d77\u542c\u98ce\u56fd\u9645\u9752\u5e74\u65c5\u820d", "order_time": ["2019-01-23 13:41:31"], "total_order": 1, "hotel_value": ["4.7"], "hotel_price": ["39"]}, "1620068": {"hotel_name": "\u53a6\u95e8\u5317\u7ad9\u4e5d\u5ea6\u4e09\u5c71\u5e84", "order_time": ["2019-01-23 13:41:32"], "total_order": 1, "hotel_value": ["4.7"], "hotel_price": ["153"]}, "11828465": {"hotel_name": "\u53a6\u95e8\u66fe\u539d\u57b5\u91d1\u5c0f\u59d0\u6ee8\u6d77\u5ba2\u6808", "order_time": ["2019-01-23 13:41:32"], "total_order": 1, "hotel_value": ["4.8"], "hotel_price": ["83"]}, "1745087": {"hotel_name": "\u53a6\u95e8\u91d1\u9601\u5ead\u5ba2\u6808", "order_time": ["2019-01-23 13:41:46"], "total_order": 1, "hotel_value": [0], "hotel_price": ["88"]}, "4122689": {"hotel_name": "\u53a6\u95e8\u8fb9\u9645\u9152\u5e97", "order_time": ["2019-01-23 14:03:28", "2019-01-23 13:43:27"], "total_order": 2, "hotel_value": ["4.6", "4.6"], "hotel_price": ["276", "276"]}, "428302": {"hotel_name": "\u53a6\u95e8\u706b\u8f66\u7ad9\u4e9a\u6735\u8f7b\u5c45\u9152\u5e97", "order_time": ["2019-01-23 13:43:28", "2019-01-23 13:53:28"], "total_order": 2, "hotel_value": ["4.9", "4.9"], "hotel_price": ["385", "385"]}, "1473703": {"hotel_name": "\u53a6\u95e8LOFT\u56fd\u9645\u9752\u5e74\u65c5\u820d", "order_time": ["2019-01-23 13:43:31"], "total_order": 1, "hotel_value": ["4.6"], "hotel_price": ["35"]}, "5788864": {"hotel_name": "\u53a6\u95e8\u5eb7\u83b1\u5fb7\u9152\u5e97", "order_time": ["2019-01-23 13:49:34", "2019-01-23 13:43:41"], "total_order": 2, "hotel_value": ["4.7", "4.7"], "hotel_price": ["1421", "1421"]}, "2290174": {"hotel_name": "\u53a6\u95e8\u6676\u90a6\u5927\u9152\u5e97", "order_time": ["2019-01-23 13:43:43"], "total_order": 1, "hotel_value": ["3.9"], "hotel_price": ["228"]}, "9149539": {"hotel_name": "\u5b9c\u5c1a\u9152\u5e97(\u53a6\u95e8\u4e2d\u5c71\u8def\u6b65\u884c\u8857\u5e97)", "order_time": ["2019-01-23 13:45:28"], "total_order": 1, "hotel_value": ["4.6"], "hotel_price": ["248"]}, "2906054": {"hotel_name": "\u53a6\u95e8\u67ab\u548c\u6e90\u9152\u5e97", "order_time": ["2019-01-23 13:45:28"], "total_order": 1, "hotel_value": ["4.5"], "hotel_price": ["199"]}, "434812": {"hotel_name": "\u53a6\u95e8\u65e5\u6708\u8c37\u6e29\u6cc9\u6e21\u5047\u6751", "order_time": ["2019-01-23 14:01:30", "2019-01-23 13:45:29"], "total_order": 2, "hotel_value": ["4.7", "4.7"], "hotel_price": ["1108", "1108"]}, "2362043": {"hotel_name": "\u53a6\u95e8\u9f13\u6d6a\u5c7f\u4ed6\u57ce\u58f9\u60a6\u5ead\u9662\u6d77\u666f\u522b\u5885", "order_time": ["2019-01-23 13:45:36", "2019-01-23 14:05:29"], "total_order": 2, "hotel_value": ["4.8", "4.8"], "hotel_price": ["319", "319"]}, "1255685": {"hotel_name": "\u53a6\u95e8\u8d35\u5bbe\u5546\u52a1\u516c\u5bd3", "order_time": ["2019-01-23 13:45:53"], "total_order": 1, "hotel_value": [0], "hotel_price": ["80"]}, "16116111": {"hotel_name": "\u53a6\u95e8\u5927\u767d\u5bab\u4ed178\u53f7\u666e\u901a\u516c\u5bd3", "order_time": ["2019-01-23 13:45:55"], "total_order": 1, "hotel_value": [0], "hotel_price": ["327"]}, "6842747": {"hotel_name": "\u53a6\u95e8\u9752\u6625\u65f6\u5149\u5ba2\u6808", "order_time": ["2019-01-23 13:47:26"], "total_order": 1, "hotel_value": ["4.3"], "hotel_price": ["113"]}, "1070340": {"hotel_name": "\u53a6\u95e8\u6162\u751f\u6d3b\u00b7\u897f\u96c5\u56fe\u6d77\u8fb9\u5ea6\u5047\u65c5\u9986", "order_time": ["2019-01-23 13:47:27"], "total_order": 1, "hotel_value": ["4.9"], "hotel_price": ["286"]}, "11236140": {"hotel_name": "\u53a6\u95e8\u5bbf\u5fc3\u820d\u5ba2\u6808", "order_time": ["2019-01-23 13:47:29"], "total_order": 1, "hotel_value": ["4.7"], "hotel_price": ["116"]}, "2914952": {"hotel_name": "\u53a6\u95e8\u5927\u5b66\u51ef\u5c14\u987f\u6d77\u666f\u516c\u5bd3(\u539f\u53a6\u5927\u4e16\u8302\u6d77\u5ce1\u9152\u5e97\u516c\u5bd3)", "order_time": ["2019-01-23 13:47:30"], "total_order": 1, "hotel_value": ["4.4"], "hotel_price": ["413"]}, "1098200": {"hotel_name": "\u5982\u5bb6\u9152\u5e97(\u53a6\u95e8SM\u5e7f\u573a\u4e4c\u77f3\u6d66\u5730\u94c1\u7ad9\u5e97)", "order_time": ["2019-01-23 13:47:31"], "total_order": 1, "hotel_value": ["3.8"], "hotel_price": ["161"]}, "1419294": {"hotel_name": "\u9526\u6c5f\u4e4b\u661f(\u53a6\u95e8\u5317\u7ad9\u5609\u5e9a\u4f53\u80b2\u9986\u5e97)", "order_time": ["2019-01-23 13:47:32"], "total_order": 1, "hotel_value": ["4.5"], "hotel_price": ["159"]}, "2535597": {"hotel_name": "\u901f\u65f6\u4ee3\u7cbe\u54c1\u5ba2\u6808(\u53a6\u95e8\u4e2d\u5c71\u8def\u5e97)", "order_time": ["2019-01-23 13:47:34"], "total_order": 1, "hotel_value": ["4.2"], "hotel_price": ["101"]}, "428315": {"hotel_name": "\u5982\u5bb6\u5feb\u6377\u9152\u5e97(\u53a6\u95e8\u6587\u56ed\u8def\u6587\u7076\u5730\u94c1\u7ad9\u5e97)", "order_time": ["2019-01-23 13:47:34"], "total_order": 1, "hotel_value": ["4.4"], "hotel_price": ["127"]}, "21927799": {"hotel_name": "\u53a6\u95e8\u9999\u53d9\u9152\u5e97", "order_time": ["2019-01-23 13:47:45"], "total_order": 1, "hotel_value": ["5.0"], "hotel_price": ["570"]}, "606881": {"hotel_name": "\u53a6\u95e8\u946b\u8a89\u9686\u5927\u9152\u5e97", "order_time": ["2019-01-23 13:47:47"], "total_order": 1, "hotel_value": ["4.3"], "hotel_price": ["314"]}, "440464": {"hotel_name": "\u590f\u5546\u6021\u7fd4\u9152\u5e97(\u53a6\u95e8\u4e2d\u5c71\u8def\u534e\u90fd\u5e97)", "order_time": ["2019-01-23 13:49:25"], "total_order": 1, "hotel_value": ["4.6"], "hotel_price": ["294"]}, "440903": {"hotel_name": "\u5b9c\u5fc5\u601d\u9152\u5e97(\u53a6\u95e8\u706b\u8f66\u7ad9\u9152\u5e97)", "order_time": ["2019-01-23 13:49:26"], "total_order": 1, "hotel_value": ["4.3"], "hotel_price": ["208"]}, "2043594": {"hotel_name": "7\u5929\u8fde\u9501\u9152\u5e97(\u53a6\u95e8\u53f0\u6e7e\u8857\u5e97)", "order_time": ["2019-01-23 13:49:26"], "total_order": 1, "hotel_value": ["4.4"], "hotel_price": ["99"]}, "419537": {"hotel_name": "\u53a6\u95e8\u822a\u7a7a\u91d1\u96c1\u9152\u5e97", "order_time": ["2019-01-23 14:09:30", "2019-01-23 13:49:27"], "total_order": 2, "hotel_value": ["4.9", "4.9"], "hotel_price": ["658", "658"]}, "427072": {"hotel_name": "\u5ead\u82d1\u9152\u5e97(\u53a6\u95e8\u83b2\u82b1\u8def\u53e3\u5730\u94c1\u7ad9\u5e97)", "order_time": ["2019-01-23 13:49:27"], "total_order": 1, "hotel_value": ["4.7"], "hotel_price": ["159"]}, "1247067": {"hotel_name": "\u53a6\u95e8\u5341\u56db\u4efd\u5ba2\u6808", "order_time": ["2019-01-23 13:49:28"], "total_order": 1, "hotel_value": ["4.9"], "hotel_price": ["121"]}, "6052144": {"hotel_name": "\u53a6\u95e8\u66fe\u73e0\u6e2f\u57ce\u5821\u5e84\u56ed", "order_time": ["2019-01-23 13:49:29"], "total_order": 1, "hotel_value": ["4.8"], "hotel_price": ["179"]}, "898510": {"hotel_name": "\u6c49\u5ead\u9152\u5e97(\u53a6\u95e8\u4e07\u8c61\u57ce\u5e97)(\u539f\u706b\u8f66\u7ad9\u5317\u5e7f\u573a\u91d1\u699c\u8def\u5e97)", "order_time": ["2019-01-23 13:49:29"], "total_order": 1, "hotel_value": ["4.4"], "hotel_price": ["196"]}, "4971778": {"hotel_name": "\u53a6\u95e8\u6162\u751f\u6d3b\u00b7\u4e50\u753a\u5ba2\u6808", "order_time": ["2019-01-23 13:49:31"], "total_order": 1, "hotel_value": ["4.9"], "hotel_price": ["113"]}, "5615856": {"hotel_name": "\u53a6\u95e8\u9605\u6d77\u5c45\u7eaf\u6d77\u666f\u5ba2\u6808", "order_time": ["2019-01-23 14:05:40", "2019-01-23 13:49:48"], "total_order": 2, "hotel_value": ["4.3", "4.3"], "hotel_price": ["193", "193"]}, "846968": {"hotel_name": "\u53a6\u95e8\u5317\u7ad9\u7ad9\u524d\u5ba2\u6808", "order_time": ["2019-01-23 13:49:59"], "total_order": 1, "hotel_value": ["4.5"], "hotel_price": ["78"]}, "26576625": {"hotel_name": "\u53a6\u95e8\u4e3d\u90fd\u516c\u5bd3", "order_time": ["2019-01-23 13:51:24"], "total_order": 1, "hotel_value": ["4.8"], "hotel_price": ["129"]}, "1346900": {"hotel_name": "\u53a6\u95e88090\u9152\u5e97", "order_time": ["2019-01-23 13:51:24"], "total_order": 1, "hotel_value": ["4.3"], "hotel_price": ["226"]}, "2042480": {"hotel_name": "7\u5929\u8fde\u9501\u9152\u5e97(\u53a6\u95e8\u9f13\u6d6a\u5c7f\u7801\u5934\u5e97)", "order_time": ["2019-01-23 13:51:25"], "total_order": 1, "hotel_value": ["3.9"], "hotel_price": ["138"]}, "1480877": {"hotel_name": "\u53a6\u95e8\u9752\u5e74\u9633\u5149\u9152\u5e97(\u52a0\u5dde\u5e7f\u573a\u5e97)", "order_time": ["2019-01-23 13:51:26"], "total_order": 1, "hotel_value": ["4.4"], "hotel_price": ["180"]}, "2101828": {"hotel_name": "\u53a6\u95e8\u69ad\u540e\u9152\u5e97", "order_time": ["2019-01-23 13:51:29"], "total_order": 1, "hotel_value": ["4.7"], "hotel_price": ["196"]}, "739556": {"hotel_name": "\u53a6\u95e8\u604b\u604b\u6d77\u6e7e\u5ea6\u5047\u9152\u5e97", "order_time": ["2019-01-23 13:51:31"], "total_order": 1, "hotel_value": ["4.4"], "hotel_price": ["191"]}, "15718121": {"hotel_name": "\u53a6\u95e8\u66fe\u539d\u57b5\u4e00\u683c\u6816\u5bbf", "order_time": ["2019-01-23 13:51:34"], "total_order": 1, "hotel_value": ["4.9"], "hotel_price": ["189"]}, "7808924": {"hotel_name": "\u53a6\u95e8\u5317\u7ad9\u5357\u57ce\u5c0f\u82d1", "order_time": ["2019-01-23 13:51:46"], "total_order": 1, "hotel_value": ["4.8"], "hotel_price": ["88"]}, "23625312": {"hotel_name": "\u53a6\u95e8\u4e91\u820d\u96c5\u5c45\u516c\u5bd3", "order_time": ["2019-01-23 13:53:23", "2019-01-23 14:07:27"], "total_order": 2, "hotel_value": ["4.8", "4.8"], "hotel_price": ["128", "128"]}, "1808673": {"hotel_name": "\u53a6\u95e8\u957f\u57ce\u5bbe\u9986", "order_time": ["2019-01-23 13:53:28"], "total_order": 1, "hotel_value": ["4.5"], "hotel_price": ["303"]}, "1727185": {"hotel_name": "\u9f13\u6d6a\u5c7f\u4e09\u5341\u5e74\u4ee3\u5ea6\u5047\u522b\u5885", "order_time": ["2019-01-23 13:53:29"], "total_order": 1, "hotel_value": ["4.8"], "hotel_price": ["413"]}, "6318530": {"hotel_name": "\u53a6\u95e8\u4e00\u8c6a\u9152\u5e97", "order_time": ["2019-01-23 13:53:37"], "total_order": 1, "hotel_value": ["4.3"], "hotel_price": ["118"]}, "2304572": {"hotel_name": "\u53a6\u95e8\u7a0e\u6e90\u5bbe\u9986", "order_time": ["2019-01-23 13:53:37"], "total_order": 1, "hotel_value": ["4.7"], "hotel_price": ["82"]}, "5660213": {"hotel_name": "\u53a6\u95e8\u827e\u7b51\u9152\u5e97\u516c\u5bd3", "order_time": ["2019-01-23 13:53:38"], "total_order": 1, "hotel_value": ["4.7"], "hotel_price": ["131"]}, "1554777": {"hotel_name": "\u53a6\u95e8\u5317\u7ad9\u5e78\u798f\u4eba\u5bb6\u5ba2\u6808", "order_time": ["2019-01-23 13:53:41"], "total_order": 1, "hotel_value": ["4.3"], "hotel_price": ["83"]}, "438496": {"hotel_name": "\u53a6\u95e8\u6e29\u6cc9\u6234\u65af\u9152\u5e97", "order_time": ["2019-01-23 13:53:48", "2019-01-23 14:13:37"], "total_order": 2, "hotel_value": ["4.4", "4.4"], "hotel_price": ["240", "240"]}, "1406104": {"hotel_name": "\u53a6\u95e8\u9cb8\u6edf\u5962\u4eab\u6c11\u5bbf(\u539f\u53a6\u95e8\u542c\u6d77\u8f69\u9152\u5e97)", "order_time": ["2019-01-23 13:54:07"], "total_order": 1, "hotel_value": [0], "hotel_price": ["212"]}, "2233112": {"hotel_name": "\u53a6\u95e8\u4e1c\u8fb0\u5927\u9152\u5e97", "order_time": ["2019-01-23 13:55:24"], "total_order": 1, "hotel_value": ["4.1"], "hotel_price": ["182"]}, "436632": {"hotel_name": "\u53a6\u95e8\u4e07\u4f73\u4e1c\u65b9\u9152\u5e97", "order_time": ["2019-01-23 13:55:24"], "total_order": 1, "hotel_value": ["4.4"], "hotel_price": ["173"]}, "2040417": {"hotel_name": "7\u5929\u4f18\u54c1\u9152\u5e97(\u53a6\u95e8\u673a\u573a\u6bbf\u524d\u5730\u94c1\u7ad9\u5e97)", "order_time": ["2019-01-23 13:55:26"], "total_order": 1, "hotel_value": ["4.7"], "hotel_price": ["148"]}, "2309440": {"hotel_name": "\u6613\u4f70\u8fde\u9501\u65c5\u5e97(\u53a6\u95e8\u6c5f\u5934\u540e\u57d4\u5e97)", "order_time": ["2019-01-23 13:55:27"], "total_order": 1, "hotel_value": ["3.3"], "hotel_price": ["72"]}, "1938588": {"hotel_name": "\u53a6\u95e8OTS\u8bbe\u8ba1\u578b\u6c11\u5bbf", "order_time": ["2019-01-23 13:57:33", "2019-01-23 13:55:27"], "total_order": 2, "hotel_value": ["4.9", "4.9"], "hotel_price": ["227", "227"]}, "27833083": {"hotel_name": "\u53a6\u95e8\u968f\u5fc3\u9601\u516c\u5bd3", "order_time": ["2019-01-23 13:55:28"], "total_order": 1, "hotel_value": ["4.8"], "hotel_price": ["149"]}, "29401348": {"hotel_name": "\u9f13\u6d6a\u5c7f\u9014\u7a9d\u5047\u65e5\u5e84\u56ed", "order_time": ["2019-01-23 13:55:28"], "total_order": 1, "hotel_value": ["5.0"], "hotel_price": ["178"]}, "22804277": {"hotel_name": "\u6854\u5b50\u9152\u5e97\u7cbe\u9009(\u53a6\u95e8\u4f1a\u5c55\u4e2d\u5fc3\u89c2\u97f3\u5c71\u5e97)", "order_time": ["2019-01-23 14:01:33", "2019-01-23 13:55:34"], "total_order": 2, "hotel_value": ["4.8", "4.8"], "hotel_price": ["322", "322"]}, "2270943": {"hotel_name": "7\u5929\u4f18\u54c1\u9152\u5e97(\u53a6\u95e8\u601d\u660e\u5357\u8def\u53a6\u95e8\u5927\u5b66\u5e97)", "order_time": ["2019-01-23 13:55:35"], "total_order": 1, "hotel_value": ["4.4"], "hotel_price": ["132"]}, "6262585": {"hotel_name": "\u6c90\u8317\u65c5\u9986\uff08\u53a6\u95e8\u65e5\u5149\u5ca9\u5e97\uff09", "order_time": ["2019-01-23 13:55:39"], "total_order": 1, "hotel_value": ["4.7"], "hotel_price": ["94"]}, "431131": {"hotel_name": "\u53a6\u95e8\u6bd5\u601d\u7279\u9152\u5e97", "order_time": ["2019-01-23 13:57:28", "2019-01-23 14:01:30"], "total_order": 2, "hotel_value": ["4.6", "4.6"], "hotel_price": ["368", "368"]}, "10556585": {"hotel_name": "\u53a6\u95e8\u4e91\u4e5f\u9152\u5e97", "order_time": ["2019-01-23 13:57:28", "2019-01-23 14:05:27"], "total_order": 2, "hotel_value": ["4.8", "4.8"], "hotel_price": ["454", "454"]}, "26557640": {"hotel_name": "\u826f\u5885\u00b7\u66fc\u4e3d\u5609\u5ea6\u5047\u522b\u5885(\u53a6\u95e8\u66fe\u539d\u57b5\u5e97)", "order_time": ["2019-01-23 13:57:28"], "total_order": 1, "hotel_value": ["5.0"], "hotel_price": ["224"]}, "926626": {"hotel_name": "\u53a6\u95e8\u6885\u56ed\u9152\u5e97", "order_time": ["2019-01-23 14:01:35", "2019-01-23 13:57:30"], "total_order": 2, "hotel_value": ["4.5", "4.5"], "hotel_price": ["209", "209"]}, "1727502": {"hotel_name": "\u53a6\u95e8\u9f13\u6d6a\u5c7f\u9f13\u5c71\u6816\u65c5\u9986", "order_time": ["2019-01-23 13:57:33"], "total_order": 1, "hotel_value": ["4.8"], "hotel_price": ["788"]}, "25805759": {"hotel_name": "\u65af\u7ef4\u767b\u5ea6\u5047\u516c\u5bd3(\u53a6\u95e8\u5927\u5b66\u5e97)", "order_time": ["2019-01-23 13:57:34"], "total_order": 1, "hotel_value": ["4.9"], "hotel_price": ["474"]}, "448703": {"hotel_name": "\u53a6\u95e8\u4e50\u96c5\u65e0\u57a0\u9152\u5e97", "order_time": ["2019-01-23 13:57:35"], "total_order": 1, "hotel_value": ["4.6"], "hotel_price": ["599"]}, "1860967": {"hotel_name": "\u5fc3\u8fdc\u9152\u5e97(\u53a6\u95e8\u96c6\u7f8e\u5927\u5b66\u5e97)", "order_time": ["2019-01-23 13:57:36"], "total_order": 1, "hotel_value": ["4.4"], "hotel_price": ["121"]}, "2304885": {"hotel_name": "7\u5929\u8fde\u9501\u9152\u5e97(\u53a6\u95e8\u5927\u5b66\u5357\u666e\u9640\u5e97)", "order_time": ["2019-01-23 13:57:36"], "total_order": 1, "hotel_value": ["4.4"], "hotel_price": ["159"]}, "427542": {"hotel_name": "\u53a6\u95e8\u822a\u7a7a\u5bbe\u9986", "order_time": ["2019-01-23 13:57:36"], "total_order": 1, "hotel_value": ["4.7"], "hotel_price": ["328"]}, "2030776": {"hotel_name": "\u53a6\u95e8\u66fe\u539d\u57b5\u63fd\u6d77\u542c\u98ce\u7cbe\u54c1\u6c11\u5bbf", "order_time": ["2019-01-23 13:57:41"], "total_order": 1, "hotel_value": ["4.7"], "hotel_price": ["44"]}, "22817797": {"hotel_name": "\u53a6\u95e8\u57ce\u5e02\u5e7f\u573a\u5e0c\u5c14\u987f\u6b22\u670b\u9152\u5e97", "order_time": ["2019-01-23 13:59:28"], "total_order": 1, "hotel_value": ["4.4"], "hotel_price": ["511"]}, "375291": {"hotel_name": "\u53a6\u95e8\u798f\u4f51\u5927\u996d\u5e97", "order_time": ["2019-01-23 13:59:28"], "total_order": 1, "hotel_value": ["4.2"], "hotel_price": ["320"]}, "432895": {"hotel_name": "\u82cf\u6258\u4e9a(\u9f13\u6d6a\u5c7f\u5de2\u5ead1919\u5e97)", "order_time": ["2019-01-23 13:59:32"], "total_order": 1, "hotel_value": ["4.8"], "hotel_price": ["428"]}, "1543547": {"hotel_name": "\u53a6\u95e8\u66fe\u539d\u57b5\u543e\u6797\u5ba2\u6808", "order_time": ["2019-01-23 13:59:32"], "total_order": 1, "hotel_value": ["4.9"], "hotel_price": ["149"]}, "438908": {"hotel_name": "\u5982\u5bb6\u5feb\u6377\u9152\u5e97(\u601d\u660e\u5357\u8def\u53a6\u95e8\u5927\u5b66\u5e97)(\u539f\u6210\u529f\u5927\u9053\u53a6\u5927\u6d77\u666f\u5e97)", "order_time": ["2019-01-23 13:59:35"], "total_order": 1, "hotel_value": ["4.4"], "hotel_price": ["127"]}, "25687714": {"hotel_name": "\u53a6\u95e8\u5b85\u8fd9\u91cc\u6c11\u5bbf", "order_time": ["2019-01-23 13:59:37"], "total_order": 1, "hotel_value": ["4.9"], "hotel_price": ["205"]}, "441279": {"hotel_name": "\u5982\u5bb6\u5feb\u6377\u9152\u5e97\u83b2\u5742\u5730\u94c1\u7ad9\u5e97\uff08\u539f\u53a6\u95e8\u83b2\u5742\u56fd\u8d38\u65b0\u666f\u5e97\uff09", "order_time": ["2019-01-23 14:01:28"], "total_order": 1, "hotel_value": ["4.4"], "hotel_price": ["128"]}, "10997308": {"hotel_name": "\u53a6\u95e8\u98de\u5bbf\u8fde\u9501\u5929\u7eaf\u793e\u5ea6\u5047\u522b\u5885", "order_time": ["2019-01-23 14:01:48"], "total_order": 1, "hotel_value": ["4.7"], "hotel_price": ["125"]}, "6516383": {"hotel_name": "\u53a6\u95e8\u6709\u5ea6\u522b\u9662", "order_time": ["2019-01-23 14:02:05"], "total_order": 1, "hotel_value": ["4.7"], "hotel_price": ["298"]}, "392554": {"hotel_name": "\u53a6\u95e8\u91d1\u745e\u4f73\u6cf0\u9152\u5e97(\u539f\u91d1\u5df4\u5170\u9152\u5e97)", "order_time": ["2019-01-23 14:03:28"], "total_order": 1, "hotel_value": ["4.5"], "hotel_price": ["299"]}, "8568987": {"hotel_name": "\u5e0c\u5cb8\u00b7\u8f7b\u96c5\u9152\u5e97(\u9f13\u6d6a\u5c7f\u5d69\u5c7f\u7801\u5934\u5e97)", "order_time": ["2019-01-23 14:03:34"], "total_order": 1, "hotel_value": ["4.8"], "hotel_price": ["192"]}, "3462555": {"hotel_name": "\u53a6\u95e8\u9f13\u6d6a\u5c7f\u62c9\u62c9\u8428\u5c14\u739b\u65c5\u9986", "order_time": ["2019-01-23 14:03:34"], "total_order": 1, "hotel_value": ["4.9"], "hotel_price": ["239"]}, "11725294": {"hotel_name": "\u53a6\u95e8\u5c1a\u5ead\u9152\u5e97\u516c\u5bd3", "order_time": ["2019-01-23 14:03:36"], "total_order": 1, "hotel_value": ["4.8"], "hotel_price": ["194"]}, "436726": {"hotel_name": "\u53a6\u95e8\u9f13\u6d6a\u5c7f\u5370\u8c61\u95fd\u5357\u6c11\u4fd7\u5ba2\u6808", "order_time": ["2019-01-23 14:03:36"], "total_order": 1, "hotel_value": ["4.7"], "hotel_price": ["202"]}, "17361950": {"hotel_name": "\u53a6\u95e8\u54c1\u60a6\u9152\u5e97", "order_time": ["2019-01-23 14:03:36"], "total_order": 1, "hotel_value": ["4.2"], "hotel_price": ["302"]}, "6150330": {"hotel_name": "\u8bd7\u516c\u5bd3(\u53a6\u95e8\u673a\u573a\u5e97)", "order_time": ["2019-01-23 14:03:36"], "total_order": 1, "hotel_value": ["4.2"], "hotel_price": ["105"]}, "1582688": {"hotel_name": "\u53a6\u95e8\u7c73\u6b27\u98ce\u60c5\u4e3b\u9898\u9152\u5e97(\u89c2\u97f3\u5c71\u6d77\u666f\u5e97)", "order_time": ["2019-01-23 14:03:36"], "total_order": 1, "hotel_value": ["4.5"], "hotel_price": ["230"]}, "4311628": {"hotel_name": "\u65b0\u53cb\u8c0a\u9152\u5e97\u5f0f\u516c\u5bd3(\u53a6\u95e8\u673a\u573a\u5e97)", "order_time": ["2019-01-23 14:03:36"], "total_order": 1, "hotel_value": ["4.3"], "hotel_price": ["117"]}, "4444481": {"hotel_name": "\u4f60\u597d\u53a6\u95e8\u667a\u80fd\u5bb6\u5ead\u65c5\u9986(\u4e2d\u5c71\u8def\u5e97)(\u539f\u5de6\u53f3\u5496\u5561\u65c5\u9986)", "order_time": ["2019-01-23 14:03:36"], "total_order": 1, "hotel_value": ["4.7"], "hotel_price": ["172"]}, "4389410": {"hotel_name": "\u53a6\u95e8\u6e56\u91cc\u96c5\u5c45\u516c\u5bd3", "order_time": ["2019-01-23 14:03:36"], "total_order": 1, "hotel_value": ["4.7"], "hotel_price": ["95"]}, "4357909": {"hotel_name": "\u53a6\u95e8\u98de\u5bbf\u8fde\u9501\u5df4\u62c9\u7c73\u57ce\u5821\u5e84\u56ed", "order_time": ["2019-01-23 14:03:36"], "total_order": 1, "hotel_value": ["4.8"], "hotel_price": ["161"]}, "533304": {"hotel_name": "\u68a6\u60f3\u5bb6\u7cbe\u54c1\u4e3b\u9898\u9152\u5e97(\u53a6\u95e8SM\u57ce\u5e02\u5e7f\u573a\u5e97)", "order_time": ["2019-01-23 14:03:36"], "total_order": 1, "hotel_value": ["4.3"], "hotel_price": ["192"]}, "5774684": {"hotel_name": "\u53a6\u95e8\u5c1a\u9526\u56ed\u9152\u5e97", "order_time": ["2019-01-23 14:03:37"], "total_order": 1, "hotel_value": ["4.2"], "hotel_price": ["125"]}, "436725": {"hotel_name": "\u6768\u6843\u9662\u5b50\u65c5\u9986(\u9f13\u6d6a\u5c7f\u5b89\u6d77\u82b1\u56ed\u5e97)", "order_time": ["2019-01-23 14:03:37"], "total_order": 1, "hotel_value": ["4.7"], "hotel_price": ["298"]}, "2225413": {"hotel_name": "\u901f8\u9152\u5e97(\u53a6\u95e8\u706b\u8f66\u7ad9\u5047\u65e5\u5546\u57ce\u5e97)", "order_time": ["2019-01-23 14:03:37"], "total_order": 1, "hotel_value": ["4.6"], "hotel_price": ["187"]}, "608369": {"hotel_name": "\u53a6\u95e8\u540c\u5b89\u5e1d\u4e50\u9152\u5e97", "order_time": ["2019-01-23 14:03:37"], "total_order": 1, "hotel_value": ["4.1"], "hotel_price": ["253"]}, "6551033": {"hotel_name": "\u683c\u6797\u8054\u76df(\u53a6\u95e8\u706b\u8f66\u7ad9\u4f53\u80b2\u4e2d\u5fc3\u5e97)", "order_time": ["2019-01-23 14:03:37"], "total_order": 1, "hotel_value": ["4.3"], "hotel_price": ["119"]}, "13605468": {"hotel_name": "\u9f13\u6d6a\u5c7f\u5f7c\u5cb8\u62fe\u5149\u65c5\u9986", "order_time": ["2019-01-23 14:03:37"], "total_order": 1, "hotel_value": ["4.8"], "hotel_price": ["136"]}, "444772": {"hotel_name": "\u590f\u5546\u00b7\u6021\u5ead\u5feb\u6377\u9152\u5e97(\u53a6\u95e8\u706b\u8f66\u7ad9\u6c47\u6210\u5e97)", "order_time": ["2019-01-23 14:03:37"], "total_order": 1, "hotel_value": ["4.4"], "hotel_price": ["108"]}, "6950453": {"hotel_name": "\u53a6\u95e8\u6f2b\u57ce\u82b1\u6d77\u5ba2\u6808", "order_time": ["2019-01-23 14:03:37"], "total_order": 1, "hotel_value": ["4.9"], "hotel_price": ["121"]}, "2298734": {"hotel_name": "\u9526\u6c5f\u4e4b\u661f(\u53a6\u95e8\u96c6\u7f8e\u5b66\u6751\u5e97)", "order_time": ["2019-01-23 14:03:37"], "total_order": 1, "hotel_value": ["4.4"], "hotel_price": ["159"]}, "2083381": {"hotel_name": "\u53a6\u95e8\u534a\u5761\u5c0f\u7b51", "order_time": ["2019-01-23 14:03:37"], "total_order": 1, "hotel_value": ["4.6"], "hotel_price": ["84"]}, "2302233": {"hotel_name": "\u65b0\u4e00\u5929S\u9152\u5e97(\u53a6\u95e8\u5d69\u5c7f\u7801\u5934\u5e97)", "order_time": ["2019-01-23 14:03:37"], "total_order": 1, "hotel_value": ["4.4"], "hotel_price": ["153"]}, "4424430": {"hotel_name": "\u53a6\u95e8\u60a6\u7f8e\u65f6\u5149\u6c11\u5bbf(\u539f\u6d77\u6d6a\u60c5\u7f18\u5ba2\u6808)", "order_time": ["2019-01-23 14:03:37"], "total_order": 1, "hotel_value": ["4.9"], "hotel_price": ["105"]}, "2367550": {"hotel_name": "\u53a6\u95e8\u5174\u5723\u4f18\u9009\u65c5\u9986", "order_time": ["2019-01-23 14:03:37"], "total_order": 1, "hotel_value": ["4.7"], "hotel_price": ["163"]}, "2513527": {"hotel_name": "\u53a6\u95e8\u66fe\u539d\u57b5\u82b1\u8bed\u5ead\u7cbe\u54c1\u5ba2\u6808", "order_time": ["2019-01-23 14:03:37"], "total_order": 1, "hotel_value": ["4.7"], "hotel_price": ["134"]}, "2599676": {"hotel_name": "\u53a6\u95e8\u897f\u66fc\u9633\u65c5\u9986", "order_time": ["2019-01-23 14:03:37"], "total_order": 1, "hotel_value": ["4.6"], "hotel_price": ["94"]}, "4825266": {"hotel_name": "\u53a6\u95e8\u7ea2\u53f6\u7cbe\u54c1\u9152\u5e97\u516c\u5bd3", "order_time": ["2019-01-23 14:03:37"], "total_order": 1, "hotel_value": ["4.5"], "hotel_price": ["141"]}, "447308": {"hotel_name": "\u9014\u7a9d\u5047\u65e5\u9152\u5e97(\u53a6\u95e8\u9f13\u6d6a\u5c7f\u5e97)(\u539f\u9f13\u6d6a\u5c7f\u7f8e\u65e5\u9633\u5149\u65c5\u9986)", "order_time": ["2019-01-23 14:03:37"], "total_order": 1, "hotel_value": ["4.6"], "hotel_price": ["248"]}, "8393169": {"hotel_name": "\u53a6\u95e8\u6728\u4e0b\u751f\u6d3b\u5ba2\u6808(\u539f\u4e50\u5bb6\u5496\u5561\u9662\u7cbe\u54c1\u6c11\u5bbf)", "order_time": ["2019-01-23 14:03:37"], "total_order": 1, "hotel_value": ["4.7"], "hotel_price": ["133"]}, "2135250": {"hotel_name": "\u4f0a\u4eba\u6d77\u65c5\u9986(\u53a6\u95e8\u9f13\u6d6a\u5c7f\u99a8\u7f18\u9601\u5e97)", "order_time": ["2019-01-23 14:03:37"], "total_order": 1, "hotel_value": ["4.6"], "hotel_price": ["154"]}, "2605823": {"hotel_name": "\u53a6\u95e8\u66fc\u53ef\u9152\u5e97", "order_time": ["2019-01-23 14:03:37"], "total_order": 1, "hotel_value": ["4.1"], "hotel_price": ["68"]}, "4034369": {"hotel_name": "\u4e07\u4ec1\u9152\u5e97(\u53a6\u95e8\u4e2d\u5c71\u8def\u5e97)", "order_time": ["2019-01-23 14:03:41"], "total_order": 1, "hotel_value": ["3.6"], "hotel_price": ["79"]}, "19479400": {"hotel_name": "\u53a6\u95e8\u4e94\u7f18\u5bbf\u516c\u5bd3", "order_time": ["2019-01-23 14:03:42"], "total_order": 1, "hotel_value": ["4.9"], "hotel_price": ["194"]}, "26448227": {"hotel_name": "\u53a6\u95e8\u5317\u5c9b\u6c11\u5bbf", "order_time": ["2019-01-23 14:03:44"], "total_order": 1, "hotel_value": [0], "hotel_price": ["102"]}, "17974023": {"hotel_name": "\u53a6\u95e8\u9ec4\u539d91\u5ba2\u6808", "order_time": ["2019-01-23 14:03:44"], "total_order": 1, "hotel_value": ["4.8"], "hotel_price": ["93"]}, "2306322": {"hotel_name": "\u53a6\u95e8\u9f13\u6d6a\u5c7f\u9633\u5149\u58f9\u4f70\u53f7\u5ea6\u5047\u5c4b", "order_time": ["2019-01-23 14:03:44"], "total_order": 1, "hotel_value": ["4.3"], "hotel_price": ["191"]}, "4313487": {"hotel_name": "\u53a6\u95e8\u5370\u8c61\u91cc\u4e3b\u9898\u7a7a\u95f4\u5ba2\u6808", "order_time": ["2019-01-23 14:03:44"], "total_order": 1, "hotel_value": ["4.6"], "hotel_price": ["93"]}, "3721473": {"hotel_name": "\u9f13\u6d6a\u5c7f\u843d\u6885\u8f69\u5bb6\u5ead\u65c5\u9986", "order_time": ["2019-01-23 14:03:44"], "total_order": 1, "hotel_value": ["4.5"], "hotel_price": ["118"]}, "2362312": {"hotel_name": "\u53a6\u95e8\u94ed\u5a01\u771f\u8bda\u5bbe\u9986", "order_time": ["2019-01-23 14:03:44"], "total_order": 1, "hotel_value": ["4.1"], "hotel_price": ["110"]}, "1804256": {"hotel_name": "\u9ad8\u5d0e\u516c\u5bd3(\u53a6\u95e8\u673a\u573a\u5e97)", "order_time": ["2019-01-23 14:03:44"], "total_order": 1, "hotel_value": ["4.1"], "hotel_price": ["111"]}, "438336": {"hotel_name": "\u53a6\u95e8\u5927\u4ebf\u9890\u8c6a\u9152\u5e97", "order_time": ["2019-01-23 14:03:44"], "total_order": 1, "hotel_value": ["4.3"], "hotel_price": ["372"]}, "1583639": {"hotel_name": "\u53a6\u95e8\u9f13\u6d6a\u5c7f\u8db3\u8ff9\u82b1\u5ead\u65c5\u9986", "order_time": ["2019-01-23 14:03:47"], "total_order": 1, "hotel_value": ["4.1"], "hotel_price": ["148"]}, "4337026": {"hotel_name": "\u53a6\u95e8\u5df7185\u5bb6\u5ead\u65c5\u9986", "order_time": ["2019-01-23 14:03:47"], "total_order": 1, "hotel_value": ["4.4"], "hotel_price": ["84"]}, "1789300": {"hotel_name": "\u53a6\u95e8\u53a6\u5927\u60a0\u60a0\u6653\u9a7b\u5ba2\u6808", "order_time": ["2019-01-23 14:03:47"], "total_order": 1, "hotel_value": ["4.8"], "hotel_price": ["49"]}, "5384351": {"hotel_name": "\u53a6\u95e8\u6765\u541b\u5bbe\u9986", "order_time": ["2019-01-23 14:03:47"], "total_order": 1, "hotel_value": [0], "hotel_price": ["106"]}, "11536253": {"hotel_name": "\u53a6\u95e8\u6765\u5fc5\u5c45\u9152\u5e97", "order_time": ["2019-01-23 14:03:48"], "total_order": 1, "hotel_value": ["4.8"], "hotel_price": ["108"]}, "4331864": {"hotel_name": "\u53a6\u95e8\u805a\u68a6\u7f18", "order_time": ["2019-01-23 14:03:58"], "total_order": 1, "hotel_value": ["3.7"], "hotel_price": ["78"]}, "4309689": {"hotel_name": "\u53a6\u95e8\u540c\u501a\u659c\u9633\u5ba2\u6808", "order_time": ["2019-01-23 14:03:58"], "total_order": 1, "hotel_value": ["3.1"], "hotel_price": ["66"]}, "5007593": {"hotel_name": "\u53a6\u95e8\u8fde\u4f73\u5ba2\u6808", "order_time": ["2019-01-23 14:03:58"], "total_order": 1, "hotel_value": ["4.8"], "hotel_price": ["305"]}, "11887954": {"hotel_name": "\u53a6\u95e8\u9a6c\u5df7\u7559\u9999\u5ba2\u6808", "order_time": ["2019-01-23 14:03:58"], "total_order": 1, "hotel_value": ["4.1"], "hotel_price": ["78"]}, "6273849": {"hotel_name": "\u53a6\u95e8\u5929\u9716\u5ea6\u5047\u5c71\u5e84", "order_time": ["2019-01-23 14:05:29"], "total_order": 1, "hotel_value": ["4.7"], "hotel_price": ["248"]}, "6129425": {"hotel_name": "\u6021\u6d77\u9601\u9152\u5e97(\u53a6\u95e8SM\u57ce\u5e02\u4e4c\u77f3\u6d66\u5730\u94c1\u7ad9\u5e97\uff09", "order_time": ["2019-01-23 14:05:31"], "total_order": 1, "hotel_value": ["4.6"], "hotel_price": ["198"]}, "11511638": {"hotel_name": "\u53a6\u95e8\u5929\u6717\u7cbe\u54c1\u9152\u5e97\u516c\u5bd3", "order_time": ["2019-01-23 14:05:38"], "total_order": 1, "hotel_value": ["4.6"], "hotel_price": ["191"]}, "2593403": {"hotel_name": "\u53a6\u95e88\u5206\u949f\u6d77\u8fb9\u5ba2\u6808", "order_time": ["2019-01-23 14:05:42"], "total_order": 1, "hotel_value": ["4.9"], "hotel_price": ["262"]}, "1742963": {"hotel_name": "\u53a6\u95e8\u9f13\u6d6a\u5c7f\u4e91\u8ba9\u5ba2\u6808(\u539f\u6f2b\u5b85\u65c5\u9986)", "order_time": ["2019-01-23 14:05:46"], "total_order": 1, "hotel_value": ["4.9"], "hotel_price": ["126"]}, "26616517": {"hotel_name": "\u53a6\u95e8\u6c49\u5ead\u4e16\u5bb6\u65c5\u9986", "order_time": ["2019-01-23 14:05:50"], "total_order": 1, "hotel_value": ["5.0"], "hotel_price": ["163"]}, "17077993": {"hotel_name": "\u53a6\u95e8\u4e07\u8c6a\u9152\u5e97\u53ca\u4f1a\u8bae\u4e2d\u5fc3", "order_time": ["2019-01-23 14:05:57", "2019-01-23 14:08:06"], "total_order": 2, "hotel_value": ["4.6", "4.6"], "hotel_price": ["1000", "1000"]}, "1504688": {"hotel_name": "\u53a6\u95e8\u4e1c\u65b9\u540d\u6bbf\u9152\u5e97", "order_time": ["2019-01-23 14:06:13"], "total_order": 1, "hotel_value": ["4.0"], "hotel_price": ["260"]}, "458760": {"hotel_name": "\u827e\u601d\u987f\u9152\u5e97(\u53a6\u95e8\u4e2d\u5c71\u8def\u7f8e\u6e56\u5206\u5e97)", "order_time": ["2019-01-23 14:07:25"], "total_order": 1, "hotel_value": ["4.7"], "hotel_price": ["173"]}, "23237811": {"hotel_name": "\u53a6\u95e8\u5357\u56fd\u76f8\u601d\u5802", "order_time": ["2019-01-23 14:07:28", "2019-01-23 14:09:56"], "total_order": 2, "hotel_value": ["4.9", "4.9"], "hotel_price": ["136", "136"]}, "23623292": {"hotel_name": "\u53a6\u95e8\u4e09\u4e2a\u53a6\u5927\u4eba\u4e0e\u521d\u6c11\u5bbf", "order_time": ["2019-01-23 14:07:30"], "total_order": 1, "hotel_value": ["4.5"], "hotel_price": ["185"]}, "23858080": {"hotel_name": "\u53a6\u95e8\u4f73\u9038\u5e0c\u5c14\u987f\u683c\u82ae\u7cbe\u9009\u9152\u5e97", "order_time": ["2019-01-23 14:07:30"], "total_order": 1, "hotel_value": ["4.7"], "hotel_price": ["897"]}, "419463": {"hotel_name": "\u53a6\u95e8\u534e\u4fa8\u5927\u53a6", "order_time": ["2019-01-23 14:07:31"], "total_order": 1, "hotel_value": ["4.7"], "hotel_price": ["328"]}, "1648310": {"hotel_name": "\u53a6\u95e8\u5764\u57ce\u6c64\u5cb8\u6e29\u6cc9\u5ea6\u5047\u6751", "order_time": ["2019-01-23 14:07:34"], "total_order": 1, "hotel_value": ["4.5"], "hotel_price": ["483"]}, "1386260": {"hotel_name": "\u53a6\u95e8\u66fe\u539d\u57b5\u843d\u96e8\u58f0\u9a7f\u6808", "order_time": ["2019-01-23 14:07:41"], "total_order": 1, "hotel_value": ["4.4"], "hotel_price": ["115"]}, "2277879": {"hotel_name": "\u53a6\u95e8\u53a6\u5927\u73ca\u745a\u6d77\u7cbe\u54c1\u5ba2\u6808", "order_time": ["2019-01-23 14:09:42"], "total_order": 1, "hotel_value": ["4.7"], "hotel_price": ["55"]}, "3803569": {"hotel_name": "\u53a6\u95e8\u7121\u4e8c\u00b7\u9690\u820d\u8f7b\u5962\u6d77\u666f\u5ea6\u5047\u7f8e\u5885", "order_time": ["2019-01-23 14:11:23"], "total_order": 1, "hotel_value": ["4.9"], "hotel_price": ["308"]}, "1347276": {"hotel_name": "\u53a6\u95e8\u68a6\u60f3\u4e4b\u57ce\u9152\u5e97", "order_time": ["2019-01-23 14:11:23"], "total_order": 1, "hotel_value": ["4.9"], "hotel_price": ["168"]}, "8568999": {"hotel_name": "\u53a6\u95e8\u4e00\u5ff5\u5ba2\u6808(\u539f\u65e0\u675f\u5ba2\u6808)", "order_time": ["2019-01-23 14:11:25"], "total_order": 1, "hotel_value": ["5.0"], "hotel_price": ["141"]}, "643518": {"hotel_name": "\u53a6\u95e8\u9f13\u6d6a\u5c7f\u76d6\u9a70\u4f20\u5947\u4e3b\u9898\u7cbe\u54c1\u5ea6\u5047\u65c5\u9986", "order_time": ["2019-01-23 14:11:26"], "total_order": 1, "hotel_value": ["4.9"], "hotel_price": ["307"]}, "800113": {"hotel_name": "\u53a6\u95e8\u4f51\u5b89\u65c5\u9986", "order_time": ["2019-01-23 14:11:29"], "total_order": 1, "hotel_value": ["4.6"], "hotel_price": ["77"]}, "3293024": {"hotel_name": "\u53a6\u95e8\u8239\u5c4b\u8001\u522b\u5885\u5bb6\u5ead\u65c5\u9986", "order_time": ["2019-01-23 14:11:31"], "total_order": 1, "hotel_value": ["4.7"], "hotel_price": ["400"]}, "26405159": {"hotel_name": "\u8ff9\u58a8\u4e5d\u95f4\u623f(\u53a6\u95e8\u5d69\u5c7f\u7801\u5934\u5e97)", "order_time": ["2019-01-23 14:11:33"], "total_order": 1, "hotel_value": ["5.0"], "hotel_price": ["168"]}, "26420349": {"hotel_name": "\u53a6\u95e8\u9038\u5ba2\u5ea6\u5047\u522b\u5885", "order_time": ["2019-01-23 14:11:41"], "total_order": 1, "hotel_value": ["4.9"], "hotel_price": ["1588"]}, "439323": {"hotel_name": "\u9f13\u6d6a\u5c7f\u7231\u4e0a\u82b1\u56ed\u65c5\u9986", "order_time": ["2019-01-23 14:13:28"], "total_order": 1, "hotel_value": ["4.7"], "hotel_price": ["232"]}, "470613": {"hotel_name": "\u53a6\u95e8\u65b0\u4e2d\u6797\u5927\u9152\u5e97", "order_time": ["2019-01-23 14:13:28"], "total_order": 1, "hotel_value": ["4.3"], "hotel_price": ["332"]}, "11016275": {"hotel_name": "\u53a6\u95e8\u66fe\u539d\u57b5\u84dd\u6d77\u522b\u82d1\u5ba2\u6808", "order_time": ["2019-01-23 14:13:31"], "total_order": 1, "hotel_value": ["4.9"], "hotel_price": ["129"]}, "6477755": {"hotel_name": "\u53a6\u95e8\u9f13\u6d6a\u5c7f\u8336\u8bed\u65f6\u5149\u94a2\u7434\u65c5\u9986", "order_time": ["2019-01-23 14:13:31"], "total_order": 1, "hotel_value": ["4.8"], "hotel_price": ["78"]}, "3178165": {"hotel_name": "\u53a6\u95e8\u68a6\u5e7b\u6d77\u6e7e\u9152\u5e97", "order_time": ["2019-01-23 14:13:33"], "total_order": 1, "hotel_value": ["4.6"], "hotel_price": ["208"]}, "10220748": {"hotel_name": "\u5e0c\u5cb8\u9152\u5e97(\u53a6\u95e8\u673a\u573a\u678b\u6e56\u5ba2\u8fd0\u4e2d\u5fc3\u5e97)", "order_time": ["2019-01-23 14:13:34"], "total_order": 1, "hotel_value": ["4.7"], "hotel_price": ["260"]}, "3000803": {"hotel_name": "\u53a6\u95e8\u82b1\u5f00\u8776\u82d1\u5ba2\u6808", "order_time": ["2019-01-23 14:13:35"], "total_order": 1, "hotel_value": ["4.9"], "hotel_price": ["129"]}, "15717242": {"hotel_name": "\u53a6\u95e8\u9e6d\u5c9b\u6234\u65af\u9152\u5e97", "order_time": ["2019-01-23 14:13:36"], "total_order": 1, "hotel_value": ["4.6"], "hotel_price": ["230"]}, "750174": {"hotel_name": "\u683c\u6797\u8c6a\u6cf0(\u53a6\u95e8\u5927\u5b66\u5e97)", "order_time": ["2019-01-23 14:13:37"], "total_order": 1, "hotel_value": ["4.2"], "hotel_price": ["136"]}}}