{"\u5f00\u59cb\u8bb0\u5f55\u65f6\u95f4": "2019-01-16 05:37:58", "\u7ed3\u675f\u8bb0\u5f55\u65f6\u95f4": "2019-01-16 06:37:58", "\u8ba2\u5355\u603b\u589e\u91cf": 54, "item": {"346248": {"hotel_name": "\u53a6\u95e8\u6cf0\u8c37\u9152\u5e97", "order_time": ["2019-01-16 05:38:58"], "total_order": 1, "hotel_value": ["4.7"], "hotel_price": ["398"]}, "6112181": {"hotel_name": "\u53a6\u95e8\u6c38\u4e3d\u8fbe\u4e3d\u5448\u9152\u5e97", "order_time": ["2019-01-16 05:38:58"], "total_order": 1, "hotel_value": ["4.8"], "hotel_price": ["398"]}, "429225": {"hotel_name": "\u53a6\u95e8\u9e6d\u6c5f\u5bbe\u9986", "order_time": ["2019-01-16 05:38:58"], "total_order": 1, "hotel_value": ["4.8"], "hotel_price": ["525"]}, "10201435": {"hotel_name": "\u53a6\u95e8\u4f70\u7fd4\u4e94\u901a\u9152\u5e97", "order_time": ["2019-01-16 05:38:58"], "total_order": 1, "hotel_value": ["4.7"], "hotel_price": ["708"]}, "431965": {"hotel_name": "\u53a6\u95e8\u7f8e\u4ed1\u7693\u6656\u9152\u5e97", "order_time": ["2019-01-16 05:38:58"], "total_order": 1, "hotel_value": ["4.7"], "hotel_price": ["198"]}, "467592": {"hotel_name": "\u53a6\u95e8\u7f8e\u4ed1\u91d1\u60a6\u9152\u5e97", "order_time": ["2019-01-16 05:38:58"], "total_order": 1, "hotel_value": ["4.7"], "hotel_price": ["178"]}, "890106": {"hotel_name": "\u53a6\u95e8\u4e3d\u65af\u6d77\u666f\u9152\u5e97", "order_time": ["2019-01-16 05:38:58"], "total_order": 1, "hotel_value": ["4.7"], "hotel_price": ["278"]}, "432094": {"hotel_name": "\u53a6\u95e8\u7f8e\u4ed1\u65b9\u4e4b\u7f18\u9152\u5e97", "order_time": ["2019-01-16 05:38:58"], "total_order": 1, "hotel_value": ["4.7"], "hotel_price": ["182"]}, "8370082": {"hotel_name": "\u53a6\u95e8\u9f13\u6d6a\u5c7f\u67cf\u6587\u718a\u9152\u5e97", "order_time": ["2019-01-16 05:38:58"], "total_order": 1, "hotel_value": ["4.8"], "hotel_price": ["389"]}, "436708": {"hotel_name": "\u53a6\u95e8\u91d1\u540e\u9152\u5e97", "order_time": ["2019-01-16 05:38:58"], "total_order": 1, "hotel_value": ["4.6"], "hotel_price": ["219"]}, "1914691": {"hotel_name": "\u53a6\u95e8\u7f57\u7ea6\u6d77\u6ee8\u6e29\u6cc9\u9152\u5e97", "order_time": ["2019-01-16 05:38:58"], "total_order": 1, "hotel_value": ["4.7"], "hotel_price": ["1064"]}, "429062": {"hotel_name": "\u53a6\u95e8\u7c73\u4ed1\u9152\u5e97", "order_time": ["2019-01-16 05:38:58"], "total_order": 1, "hotel_value": ["4.6"], "hotel_price": ["171"]}, "429622": {"hotel_name": "\u53a6\u95e8\u7261\u4e39\u56fd\u9645\u5927\u9152\u5e97", "order_time": ["2019-01-16 05:38:58"], "total_order": 1, "hotel_value": ["4.8"], "hotel_price": ["569"]}, "435472": {"hotel_name": "\u53a6\u95e8\u674f\u6797\u6e7e\u5927\u9152\u5e97", "order_time": ["2019-01-16 05:38:58"], "total_order": 1, "hotel_value": ["4.6"], "hotel_price": ["358"]}, "2492767": {"hotel_name": "\u53a6\u95e8\u9999\u514b\u65af\u9152\u5e97", "order_time": ["2019-01-16 05:38:58"], "total_order": 1, "hotel_value": ["4.7"], "hotel_price": ["209"]}, "435605": {"hotel_name": "\u53a6\u95e8\u76db\u4e4b\u4e61\u6e29\u6cc9\u6e21\u5047\u6751", "order_time": ["2019-01-16 05:40:18"], "total_order": 1, "hotel_value": ["4.6"], "hotel_price": ["568"]}, "435290": {"hotel_name": "\u53a6\u95e8\u6625\u5149\u9152\u5e97", "order_time": ["2019-01-16 05:42:15"], "total_order": 1, "hotel_value": ["4.7"], "hotel_price": ["280"]}, "346273": {"hotel_name": "\u53a6\u95e8\u78d0\u57fa\u5e0c\u5c14\u987f\u9152\u5e97", "order_time": ["2019-01-16 05:42:22"], "total_order": 1, "hotel_value": ["4.6"], "hotel_price": ["767"]}, "2593672": {"hotel_name": "\u592a\u7a7a\u8231\u9152\u5e97\uff08\u53a6\u95e8\u4e2d\u5c71\u8def\u8f6e\u6e21\u5e97\uff09", "order_time": ["2019-01-16 06:34:26", "2019-01-16 05:46:20"], "total_order": 2, "hotel_value": ["4.3", "4.3"], "hotel_price": ["54", "54"]}, "1768712": {"hotel_name": "\u53a6\u95e8\u9014\u5e84\u7cbe\u54c1\u9152\u5e97", "order_time": ["2019-01-16 05:50:21"], "total_order": 1, "hotel_value": ["4.7"], "hotel_price": ["148"]}, "1562601": {"hotel_name": "\u53a6\u95e8\u82b1\u5f00\u6f2b\u57ce\u751f\u6d3b\u65c5\u5c45\u9986", "order_time": ["2019-01-16 05:50:23"], "total_order": 1, "hotel_value": ["4.9"], "hotel_price": ["185"]}, "701742": {"hotel_name": "\u901f8\u9152\u5e97(\u53a6\u95e8\u4e2d\u5c71\u8def\u53a6\u95e8\u5927\u5b66\u5e97)", "order_time": ["2019-01-16 05:52:20"], "total_order": 1, "hotel_value": ["4.6"], "hotel_price": ["135"]}, "444706": {"hotel_name": "\u590f\u5546\u00b7\u6021\u5ead\u5546\u52a1\u9152\u5e97(\u53a6\u95e8\u706b\u8f66\u7ad9\u79be\u7965\u5e97)", "order_time": ["2019-01-16 05:54:21"], "total_order": 1, "hotel_value": ["4.5"], "hotel_price": ["141"]}, "2624108": {"hotel_name": "\u53a6\u95e8\u5e0c\u5c14\u987f\u9038\u6797\u9152\u5e97", "order_time": ["2019-01-16 05:54:26"], "total_order": 1, "hotel_value": ["4.7"], "hotel_price": ["568"]}, "437770": {"hotel_name": "\u53a6\u95e8\u79be\u6b63\u5927\u9152\u5e97", "order_time": ["2019-01-16 05:58:24", "2019-01-16 06:10:19"], "total_order": 2, "hotel_value": ["4.2", "4.2"], "hotel_price": ["146", "146"]}, "717916": {"hotel_name": "\u53a6\u95e8\u6717\u8c6a\u9152\u5e97", "order_time": ["2019-01-16 05:58:35"], "total_order": 1, "hotel_value": ["4.6"], "hotel_price": ["744"]}, "5926955": {"hotel_name": "\u53a6\u95e8\u7efc\u777f\u9152\u5e97", "order_time": ["2019-01-16 06:02:20"], "total_order": 1, "hotel_value": ["4.6"], "hotel_price": ["184"]}, "2303793": {"hotel_name": "\u53a6\u95e8\u946b\u5b89\u5b9a\u65c5\u9986(\u539f\u5b89\u5b9a\u9152\u5e97(\u53a6\u95e8\u4e2d\u5c71\u8def\u5e97))", "order_time": ["2019-01-16 06:02:29"], "total_order": 1, "hotel_value": ["4.3"], "hotel_price": ["103"]}, "3742602": {"hotel_name": "\u53a6\u95e8\u5927\u5b66\u6d77\u5ce1\u5ea6\u56db\u5b63\u9152\u5e97\u516c\u5bd3", "order_time": ["2019-01-16 06:04:19"], "total_order": 1, "hotel_value": ["4.5"], "hotel_price": ["312"]}, "1760902": {"hotel_name": "\u53a6\u95e8\u4e07\u4f73\u56fd\u9645\u9152\u5e97", "order_time": ["2019-01-16 06:04:20"], "total_order": 1, "hotel_value": ["4.6"], "hotel_price": ["432"]}, "2611150": {"hotel_name": "\u4f73\u6a59\u9152\u5e97(\u53a6\u95e8\u678b\u6e56\u8f66\u7ad9\u5e97)", "order_time": ["2019-01-16 06:04:25"], "total_order": 1, "hotel_value": ["4.2"], "hotel_price": ["83"]}, "2308064": {"hotel_name": "\u53a6\u95e8\u5317\u7ad9\u7f57\u8513\u5c0f\u6808", "order_time": ["2019-01-16 06:06:44"], "total_order": 1, "hotel_value": ["4.6"], "hotel_price": ["78"]}, "2941876": {"hotel_name": "\u53a6\u95e8\u7231\u5c4b\u5409\u5c4b\u4e3b\u9898\u5ba2\u6808", "order_time": ["2019-01-16 06:06:44"], "total_order": 1, "hotel_value": ["4.7"], "hotel_price": ["118"]}, "2908100": {"hotel_name": "\u53a6\u95e8\u7559\u4e0b\u9752\u5e74\u65c5\u820d", "order_time": ["2019-01-16 06:06:44"], "total_order": 1, "hotel_value": ["4.3"], "hotel_price": ["35"]}, "1416402": {"hotel_name": "\u53a6\u95e8\u5317\u7ad9\u9686\u5b89\u5ba2\u6808", "order_time": ["2019-01-16 06:06:44"], "total_order": 1, "hotel_value": ["4.7"], "hotel_price": ["78"]}, "436722": {"hotel_name": "\u53a6\u95e8\u9f13\u6d6a\u5c7f\u4f9d\u4f73\u9a7f\u6808\u5370\u8c61\u5e97", "order_time": ["2019-01-16 06:06:44"], "total_order": 1, "hotel_value": ["4.1"], "hotel_price": ["123"]}, "1554777": {"hotel_name": "\u53a6\u95e8\u5317\u7ad9\u5e78\u798f\u4eba\u5bb6\u5ba2\u6808", "order_time": ["2019-01-16 06:06:46"], "total_order": 1, "hotel_value": ["4.2"], "hotel_price": ["77"]}, "5076781": {"hotel_name": "\u53a6\u95e8\u5317\u7ad9\u971e\u68a7\u65c5\u9986", "order_time": ["2019-01-16 06:06:46"], "total_order": 1, "hotel_value": ["2.9"], "hotel_price": ["60"]}, "4335926": {"hotel_name": "\u8d35\u4e34\u5546\u52a1\u5bbe\u9986", "order_time": ["2019-01-16 06:06:46"], "total_order": 1, "hotel_value": ["4.3"], "hotel_price": ["91"]}, "839464": {"hotel_name": "\u53a6\u95e8\u6728\u5bbf\u5ba2\u6808(\u539f\u6f2b\u8d70\u5ba2\u6808)", "order_time": ["2019-01-16 06:06:46"], "total_order": 1, "hotel_value": ["4.4"], "hotel_price": ["93"]}, "2297567": {"hotel_name": "\u65af\u94c2\u745e\u57ce\u5e02\u9152\u5e97(\u53a6\u95e8\u4e2d\u5c71\u516c\u56ed\u5730\u94c1\u7ad9\u5e97)(\u539f\u4e2d\u5c71\u8def\u6b65\u884c\u8857\u5e97)", "order_time": ["2019-01-16 06:10:17"], "total_order": 1, "hotel_value": ["4.7"], "hotel_price": ["98"]}, "428108": {"hotel_name": "\u53a6\u95e8\u56fd\u9645\u4f1a\u5c55\u9152\u5e97", "order_time": ["2019-01-16 06:14:25"], "total_order": 1, "hotel_value": ["4.5"], "hotel_price": ["498"]}, "1804256": {"hotel_name": "\u9ad8\u5d0e\u516c\u5bd3(\u53a6\u95e8\u673a\u573a\u5e97)", "order_time": ["2019-01-16 06:14:36"], "total_order": 1, "hotel_value": ["4.1"], "hotel_price": ["111"]}, "375297": {"hotel_name": "\u53a6\u95e8\u9a6c\u54e5\u5b5b\u7f57\u4e1c\u65b9\u5927\u9152\u5e97", "order_time": ["2019-01-16 06:22:17"], "total_order": 1, "hotel_value": ["4.6"], "hotel_price": ["665"]}, "4439627": {"hotel_name": "\u53a6\u95e8\u5df4\u6e1d\u5c9b\u5ea6\u5047\u522b\u5885", "order_time": ["2019-01-16 06:22:24"], "total_order": 1, "hotel_value": ["4.8"], "hotel_price": ["120"]}, "509970": {"hotel_name": "\u53a6\u95e8\u9a8f\u8c6a\u4f1a", "order_time": ["2019-01-16 06:24:20"], "total_order": 1, "hotel_value": ["4.6"], "hotel_price": ["597"]}, "23571482": {"hotel_name": "\u53a6\u95e8\u5e78\u798f\u65f6\u5149\u516c\u5bd3", "order_time": ["2019-01-16 06:26:19"], "total_order": 1, "hotel_value": ["4.9"], "hotel_price": ["104"]}, "346269": {"hotel_name": "\u53a6\u95e8\u6e90\u660c\u51ef\u5bbe\u65af\u57fa\u5927\u9152\u5e97", "order_time": ["2019-01-16 06:26:21"], "total_order": 1, "hotel_value": ["4.7"], "hotel_price": ["857"]}, "1341569": {"hotel_name": "\u53a6\u95e8\u9f13\u6d6a\u5c7f\u9ec4\u80dc\u8bb0\u65c5\u9986", "order_time": ["2019-01-16 06:26:22"], "total_order": 1, "hotel_value": ["4.7"], "hotel_price": ["220"]}, "13950687": {"hotel_name": "\u53a6\u95e8\u8fdc\u65b9\u4ea6\u5bb6\u5ba2\u6808(\u73af\u5c9b\u5357\u8def\u8f85\u8def\u5206\u5e97)", "order_time": ["2019-01-16 06:32:39"], "total_order": 1, "hotel_value": [0], "hotel_price": ["198"]}, "4817706": {"hotel_name": "\u53a6\u95e8\u4e09\u4e2a\u53a6\u5927\u4ebakiwi\u6c11\u5bbf", "order_time": ["2019-01-16 06:34:23"], "total_order": 1, "hotel_value": ["4.9"], "hotel_price": ["295"]}, "1522806": {"hotel_name": "\u53a6\u95e8\u4e91\u6d77\u7cbe\u54c1\u5ea6\u5047\u5c4b", "order_time": ["2019-01-16 06:36:45"], "total_order": 1, "hotel_value": ["4.9"], "hotel_price": ["85"]}}}