{"\u5f00\u59cb\u8bb0\u5f55\u65f6\u95f4": "2019-01-19 11:53:32", "\u7ed3\u675f\u8bb0\u5f55\u65f6\u95f4": "2019-01-19 12:53:32", "\u8ba2\u5355\u603b\u589e\u91cf": 301, "item": {"6112181": {"hotel_name": "\u53a6\u95e8\u6c38\u4e3d\u8fbe\u4e3d\u5448\u9152\u5e97", "order_time": ["2019-01-19 11:54:04"], "total_order": 1, "hotel_value": ["4.8"], "hotel_price": ["559"]}, "1746353": {"hotel_name": "\u53a6\u95e8\u5927\u5b66\u56fd\u9645\u5b66\u672f\u4ea4\u6d41\u4e2d\u5fc3", "order_time": ["2019-01-19 11:55:40"], "total_order": 1, "hotel_value": ["4.3"], "hotel_price": ["540"]}, "369750": {"hotel_name": "\u53a6\u95e8\u6cdb\u592a\u5e73\u6d0b\u5927\u9152\u5e97", "order_time": ["2019-01-19 11:55:41", "2019-01-19 12:51:38"], "total_order": 2, "hotel_value": ["4.6", "4.6"], "hotel_price": ["700", "700"]}, "2305392": {"hotel_name": "\u53a6\u95e8\u9f13\u6d6a\u5c7f\u9e6d\u98de\u56fd\u9645\u9752\u5e74\u65c5\u820d", "order_time": ["2019-01-19 11:55:41"], "total_order": 1, "hotel_value": ["4.4"], "hotel_price": ["74"]}, "24034391": {"hotel_name": "\u53a6\u95e8\u6c34\u6728\u6d77\u666f\u9152\u5e97", "order_time": ["2019-01-19 11:55:41", "2019-01-19 12:01:40"], "total_order": 2, "hotel_value": ["4.7", "4.7"], "hotel_price": ["276", "276"]}, "1583166": {"hotel_name": "\u5982\u5bb6\u5feb\u6377\u9152\u5e97(\u53a6\u95e8\u4e2d\u5c71\u8def\u6b65\u884c\u8857\u5e97)", "order_time": ["2019-01-19 11:55:41", "2019-01-19 12:01:39"], "total_order": 2, "hotel_value": ["4.5", "4.5"], "hotel_price": ["186", "186"]}, "2152627": {"hotel_name": "\u7f8e\u8c6a\u9152\u5e97(\u53a6\u95e8\u5e97)", "order_time": ["2019-01-19 11:55:42", "2019-01-19 12:47:39", "2019-01-19 12:39:38"], "total_order": 3, "hotel_value": ["4.7", "4.7", "4.7"], "hotel_price": ["278", "278", "278"]}, "21160125": {"hotel_name": "\u6021\u7a0b\u9152\u5e97(\u53a6\u95e8\u4e2d\u5c71\u8def\u5e97)", "order_time": ["2019-01-19 11:55:42", "2019-01-19 12:37:39", "2019-01-19 12:43:39"], "total_order": 3, "hotel_value": ["4.7", "4.7", "4.7"], "hotel_price": ["364", "364", "364"]}, "1543547": {"hotel_name": "\u53a6\u95e8\u66fe\u539d\u57b5\u543e\u6797\u5ba2\u6808", "order_time": ["2019-01-19 11:55:42"], "total_order": 1, "hotel_value": ["4.9"], "hotel_price": ["195"]}, "26420349": {"hotel_name": "\u53a6\u95e8\u9038\u5ba2\u5ea6\u5047\u522b\u5885", "order_time": ["2019-01-19 11:55:42"], "total_order": 1, "hotel_value": ["5.0"], "hotel_price": ["174"]}, "437446": {"hotel_name": "\u53a6\u95e8\u4f70\u7fd4\u8f6f\u4ef6\u56ed\u9152\u5e97", "order_time": ["2019-01-19 11:55:42"], "total_order": 1, "hotel_value": ["4.7"], "hotel_price": ["380"]}, "428660": {"hotel_name": "\u53a6\u95e8\u9890\u749f\u82b1\u56ed\u9152\u5e97(\u539f\u65b0\u52a0\u5761\u9152\u5e97)", "order_time": ["2019-01-19 11:55:42"], "total_order": 1, "hotel_value": ["4.6"], "hotel_price": ["668"]}, "6119981": {"hotel_name": "\u53a6\u95e8\u9e6d\u6816\u5bb6\u5ead\u65c5\u9986", "order_time": ["2019-01-19 11:55:42"], "total_order": 1, "hotel_value": ["5.0"], "hotel_price": ["182"]}, "976678": {"hotel_name": "\u5982\u5bb6\u7cbe\u9009\u9152\u5e97(\u53a6\u95e8\u83b2\u5742\u660e\u53d1\u5546\u4e1a\u5e7f\u573a\u5e97)", "order_time": ["2019-01-19 11:55:42"], "total_order": 1, "hotel_value": ["4.7"], "hotel_price": ["274"]}, "5028626": {"hotel_name": "\u53a6\u95e8\u9493\u00b7\u7eaf\u6d77\u8f7b\u5962\u9a7f\u9986", "order_time": ["2019-01-19 11:55:42"], "total_order": 1, "hotel_value": ["4.9"], "hotel_price": ["298"]}, "1197008": {"hotel_name": "\u53a6\u95e8\u5317\u7ad9\u897f\u5cb8\u91d1\u9886\u5546\u52a1\u9152\u5e97", "order_time": ["2019-01-19 11:55:43"], "total_order": 1, "hotel_value": ["4.1"], "hotel_price": ["214"]}, "2152633": {"hotel_name": "\u53a6\u95e8\u540c\u5b89\u5bbe\u9986", "order_time": ["2019-01-19 11:55:43"], "total_order": 1, "hotel_value": ["4.1"], "hotel_price": ["153"]}, "375295": {"hotel_name": "\u53a6\u95e8\u7fd4\u9e6d\u56fd\u9645\u5927\u9152\u5e97", "order_time": ["2019-01-19 11:55:43"], "total_order": 1, "hotel_value": ["4.4"], "hotel_price": ["290"]}, "2278630": {"hotel_name": "\u53a6\u95e8\u5149\u76d0\u6c11\u5bbf(\u539f\u540e\u9662\u5496\u5561\u65c5\u9986)", "order_time": ["2019-01-19 11:55:43"], "total_order": 1, "hotel_value": ["4.4"], "hotel_price": ["123"]}, "717916": {"hotel_name": "\u53a6\u95e8\u6717\u8c6a\u9152\u5e97", "order_time": ["2019-01-19 11:55:44"], "total_order": 1, "hotel_value": ["4.6"], "hotel_price": ["744"]}, "385412": {"hotel_name": "\u53a6\u95e8\u5317\u6d77\u6e7e\u60e0\u9f99\u4e07\u8fbe\u5609\u534e\u9152\u5e97", "order_time": ["2019-01-19 11:55:44"], "total_order": 1, "hotel_value": ["4.8"], "hotel_price": ["2000"]}, "5980230": {"hotel_name": "\u53a6\u95e8\u9f13\u6d6a\u5c7f\u542c\u96e8\u8f69\u7cbe\u54c1\u5ba2\u6808\u5927\u5b66\u751f\u521b\u4e1a\u57fa\u5730\u5e97", "order_time": ["2019-01-19 12:03:39", "2019-01-19 12:45:39", "2019-01-19 11:55:44"], "total_order": 3, "hotel_value": ["4.8", "4.8", "4.8"], "hotel_price": ["162", "162", "162"]}, "28134136": {"hotel_name": "\u53a6\u95e8\u8f6c\u89d2\u5c4b\u6c11\u5bbf", "order_time": ["2019-01-19 11:55:45"], "total_order": 1, "hotel_value": ["4.9"], "hotel_price": ["107"]}, "451156": {"hotel_name": "\u9f13\u6d6a\u5c7f\u53a6\u6808\u56db\u5b63\u661f\u7a7a\u9152\u5e97", "order_time": ["2019-01-19 11:55:45"], "total_order": 1, "hotel_value": ["4.0"], "hotel_price": ["128"]}, "3777473": {"hotel_name": "\u53a6\u95e8\u9e7f\u91cc\u6c11\u5bbf", "order_time": ["2019-01-19 11:55:45"], "total_order": 1, "hotel_value": ["4.9"], "hotel_price": ["132"]}, "12051857": {"hotel_name": "\u53a6\u95e8\u6d6a\u6f2b\u65f6\u4ee3\u5ba2\u6808", "order_time": ["2019-01-19 11:55:45"], "total_order": 1, "hotel_value": ["4.6"], "hotel_price": ["62"]}, "11406968": {"hotel_name": "\u53a6\u95e8\u6c34\u4e91\u95f4\u6c11\u5bbf(\u539f\u5357\u56fd\u89c2\u6d77\u5c45)", "order_time": ["2019-01-19 11:57:38"], "total_order": 1, "hotel_value": ["4.9"], "hotel_price": ["288"]}, "346257": {"hotel_name": "\u53a6\u95e8\u6d77\u666f\u5343\u79a7\u5927\u9152\u5e97", "order_time": ["2019-01-19 11:57:38"], "total_order": 1, "hotel_value": ["4.5"], "hotel_price": ["590"]}, "1498669": {"hotel_name": "\u53a6\u95e8\u5317\u7ad9\u548c\u798f\u5ba2\u6808", "order_time": ["2019-01-19 12:49:44", "2019-01-19 11:57:38", "2019-01-19 12:03:41"], "total_order": 3, "hotel_value": ["4.9", "4.9", "4.9"], "hotel_price": ["112", "112", "108"]}, "5435657": {"hotel_name": "\u9f13\u6d6a\u5c7f\u5706\u6c99\u6d32\u4e3b\u9898\u522b\u5885", "order_time": ["2019-01-19 11:57:38"], "total_order": 1, "hotel_value": ["4.9"], "hotel_price": ["448"]}, "13985423": {"hotel_name": "\u53a6\u95e8\u4e00\u5e2d\u00b7\u9752\u5ddd\u6d77\u666f\u9a7f\u6808", "order_time": ["2019-01-19 11:57:38"], "total_order": 1, "hotel_value": ["4.9"], "hotel_price": ["224"]}, "27833083": {"hotel_name": "\u53a6\u95e8\u968f\u5fc3\u9601\u516c\u5bd3", "order_time": ["2019-01-19 11:57:38"], "total_order": 1, "hotel_value": ["4.8"], "hotel_price": ["149"]}, "1741647": {"hotel_name": "\u53a6\u95e8\u6f2b\u6e21\u6734\u820d\u8bbe\u8ba1\u578b\u6c11\u5bbf", "order_time": ["2019-01-19 11:57:39"], "total_order": 1, "hotel_value": ["5.0"], "hotel_price": ["242"]}, "1535935": {"hotel_name": "\u6c49\u5ead\u9152\u5e97(\u53a6\u95e8\u96c6\u7f8e\u5b66\u6751\u5e97)", "order_time": ["2019-01-19 11:57:39"], "total_order": 1, "hotel_value": ["4.5"], "hotel_price": ["180"]}, "427072": {"hotel_name": "\u5ead\u82d1\u9152\u5e97(\u53a6\u95e8\u83b2\u82b1\u8def\u53e3\u5730\u94c1\u7ad9\u5e97)", "order_time": ["2019-01-19 11:57:39"], "total_order": 1, "hotel_value": ["4.7"], "hotel_price": ["184"]}, "1730297": {"hotel_name": "\u53a6\u95e8\u9f13\u6d6a\u5c7f\u7434\u6d77\u5e84\u56ed\u6d77\u666f\u9152\u5e97", "order_time": ["2019-01-19 11:57:39"], "total_order": 1, "hotel_value": ["4.6"], "hotel_price": ["472"]}, "470600": {"hotel_name": "\u53a6\u95e8\u9f13\u6d6a\u5c7f\u56fd\u738b\u76d2\u5b50\u5ea6\u5047\u5c4b", "order_time": ["2019-01-19 11:57:39"], "total_order": 1, "hotel_value": ["4.6"], "hotel_price": ["107"]}, "514344": {"hotel_name": "\u53a6\u95e8\u94c2\u5c14\u6e7e\u9152\u5e97", "order_time": ["2019-01-19 11:57:40"], "total_order": 1, "hotel_value": ["4.1"], "hotel_price": ["112"]}, "25633183": {"hotel_name": "\u5fc3\u8fdc\u9152\u5e97(\u53a6\u95e8\u8f6e\u6e21\u4e2d\u5c71\u8def\u6b65\u884c\u8857\u5e97)", "order_time": ["2019-01-19 11:57:40"], "total_order": 1, "hotel_value": ["4.5"], "hotel_price": ["227"]}, "708137": {"hotel_name": "\u53a6\u95e8\u5885\u5c7f\u7cbe\u54c1\u6c11\u5bbf", "order_time": ["2019-01-19 11:57:40"], "total_order": 1, "hotel_value": ["4.9"], "hotel_price": ["263"]}, "4444481": {"hotel_name": "\u4f60\u597d\u53a6\u95e8\u667a\u80fd\u5bb6\u5ead\u65c5\u9986(\u4e2d\u5c71\u8def\u5e97)(\u539f\u5de6\u53f3\u5496\u5561\u65c5\u9986)", "order_time": ["2019-01-19 11:57:41", "2019-01-19 12:45:39"], "total_order": 2, "hotel_value": ["4.7", "4.7"], "hotel_price": ["161", "161"]}, "789775": {"hotel_name": "\u5408\u4f73\u9152\u5e97(\u53a6\u95e8\u5c06\u519b\u7960\u5730\u94c1\u7ad9\u5e97)", "order_time": ["2019-01-19 11:57:43"], "total_order": 1, "hotel_value": ["4.6"], "hotel_price": ["163"]}, "5304807": {"hotel_name": "\u826f\u5885\u00b7\u4e91\u5ead\u758f\u9662(\u53a6\u95e8\u66fe\u539d\u57b5\u5e97)", "order_time": ["2019-01-19 11:57:44"], "total_order": 1, "hotel_value": ["4.9"], "hotel_price": ["211"]}, "2304885": {"hotel_name": "7\u5929\u8fde\u9501\u9152\u5e97(\u53a6\u95e8\u5927\u5b66\u5357\u666e\u9640\u5e97)", "order_time": ["2019-01-19 11:59:38"], "total_order": 1, "hotel_value": ["4.4"], "hotel_price": ["190"]}, "1707615": {"hotel_name": "\u53a6\u95e8\u7231\u5c1a\u4f18\u9a7f\u9152\u5e97", "order_time": ["2019-01-19 11:59:39"], "total_order": 1, "hotel_value": ["4.5"], "hotel_price": ["109"]}, "1540062": {"hotel_name": "\u4e45\u6816\u00b7\u9f13\u6d6a\u5c7f\u6d77\u5cb8\u82b1\u65c5\u9986", "order_time": ["2019-01-19 11:59:39", "2019-01-19 12:13:38"], "total_order": 2, "hotel_value": ["4.9", "4.9"], "hotel_price": ["209", "209"]}, "21124626": {"hotel_name": "\u53a6\u95e8\u4e07\u749f\u8f69\u9152\u5e97", "order_time": ["2019-01-19 11:59:39"], "total_order": 1, "hotel_value": ["4.7"], "hotel_price": ["268"]}, "932019": {"hotel_name": "\u5982\u5bb6\u5feb\u6377\u9152\u5e97(\u53a6\u95e8\u83b2\u5cb3\u8def\u677e\u67cf\u6587\u5316\u827a\u672f\u4e2d\u5fc3\u5e97)", "order_time": ["2019-01-19 11:59:39", "2019-01-19 12:47:40"], "total_order": 2, "hotel_value": ["4.3", "4.3"], "hotel_price": ["111", "111"]}, "4122689": {"hotel_name": "\u53a6\u95e8\u8fb9\u9645\u9152\u5e97", "order_time": ["2019-01-19 11:59:40"], "total_order": 1, "hotel_value": ["4.6"], "hotel_price": ["293"]}, "435290": {"hotel_name": "\u53a6\u95e8\u6625\u5149\u9152\u5e97", "order_time": ["2019-01-19 12:03:39", "2019-01-19 11:59:40"], "total_order": 2, "hotel_value": ["4.7", "4.7"], "hotel_price": ["278", "278"]}, "6118404": {"hotel_name": "\u98de\u5bbf\u8fde\u9501\u53a6\u95e8\u9f13\u6d6a\u5c7f\u767d\u9732\u5e84\u56ed", "order_time": ["2019-01-19 11:59:40"], "total_order": 1, "hotel_value": ["4.8"], "hotel_price": ["448"]}, "1735109": {"hotel_name": "\u53a6\u95e8\u5e0c\u9601\u82b1\u56ed\u9152\u5e97(\u539f\u5e0c\u9601\u9152\u5e97)", "order_time": ["2019-01-19 12:05:38", "2019-01-19 11:59:41"], "total_order": 2, "hotel_value": ["4.7", "4.7"], "hotel_price": ["590", "590"]}, "2135250": {"hotel_name": "\u4f0a\u4eba\u6d77\u65c5\u9986(\u53a6\u95e8\u9f13\u6d6a\u5c7f\u99a8\u7f18\u9601\u5e97)", "order_time": ["2019-01-19 11:59:48"], "total_order": 1, "hotel_value": ["4.6"], "hotel_price": ["178"]}, "15734098": {"hotel_name": "\u826f\u5885\u00b7\u9752\u74e6\u6d77\u666f\u5c71\u5e84(\u53a6\u95e8\u66fe\u539d\u57b5\u5e97)", "order_time": ["2019-01-19 12:01:38"], "total_order": 1, "hotel_value": ["4.9"], "hotel_price": ["280"]}, "2593672": {"hotel_name": "\u592a\u7a7a\u8231\u9152\u5e97\uff08\u53a6\u95e8\u4e2d\u5c71\u8def\u8f6e\u6e21\u5e97\uff09", "order_time": ["2019-01-19 12:01:38", "2019-01-19 12:47:39"], "total_order": 2, "hotel_value": ["4.3", "4.3"], "hotel_price": ["59", "59"]}, "19853957": {"hotel_name": "\u9038\u6cca\u5b87\u516c\u5bd3(\u53a6\u95e8\u673a\u573a\u5e97)", "order_time": ["2019-01-19 12:01:38"], "total_order": 1, "hotel_value": ["4.7"], "hotel_price": ["135"]}, "434956": {"hotel_name": "\u53a6\u95e8\u767d\u9e6d\u5bbe\u9986", "order_time": ["2019-01-19 12:01:38", "2019-01-19 12:21:38", "2019-01-19 12:45:39", "2019-01-19 12:11:39"], "total_order": 4, "hotel_value": ["4.5", "4.5", "4.5", "4.5"], "hotel_price": ["188", "188", "188", "188"]}, "4614134": {"hotel_name": "\u53a6\u95e8\u6cd5\u5c14\u8d5b\u7687\u5bb6\u5ea6\u5047\u522b\u5885", "order_time": ["2019-01-19 12:01:39"], "total_order": 1, "hotel_value": ["4.9"], "hotel_price": ["195"]}, "441279": {"hotel_name": "\u5982\u5bb6\u5feb\u6377\u9152\u5e97\u83b2\u5742\u5730\u94c1\u7ad9\u5e97\uff08\u539f\u53a6\u95e8\u83b2\u5742\u56fd\u8d38\u65b0\u666f\u5e97\uff09", "order_time": ["2019-01-19 12:01:39"], "total_order": 1, "hotel_value": ["4.4"], "hotel_price": ["134"]}, "1486948": {"hotel_name": "\u6c49\u5ead\u9152\u5e97(\u53a6\u95e8\u4e2d\u5c71\u8def\u8f6e\u6e21\u5e97)", "order_time": ["2019-01-19 12:01:39"], "total_order": 1, "hotel_value": ["4.4"], "hotel_price": ["237"]}, "444772": {"hotel_name": "\u590f\u5546\u00b7\u6021\u5ead\u5feb\u6377\u9152\u5e97(\u53a6\u95e8\u706b\u8f66\u7ad9\u6c47\u6210\u5e97)", "order_time": ["2019-01-19 12:01:39"], "total_order": 1, "hotel_value": ["4.4"], "hotel_price": ["118"]}, "4510014": {"hotel_name": "\u53a6\u95e8\u5927\u5b66\u73ba\u83b1\u65af\u6d77\u666f\u516c\u5bd3(\u539f\u5929\u73ba\u6d77\u666f\u516c\u5bd3)", "order_time": ["2019-01-19 12:01:40"], "total_order": 1, "hotel_value": ["4.6"], "hotel_price": ["394"]}, "6551033": {"hotel_name": "\u683c\u6797\u8054\u76df(\u53a6\u95e8\u706b\u8f66\u7ad9\u4f53\u80b2\u4e2d\u5fc3\u5e97)", "order_time": ["2019-01-19 12:01:40"], "total_order": 1, "hotel_value": ["4.3"], "hotel_price": ["139"]}, "438586": {"hotel_name": "\u53a6\u95e8\u5c71\u6c34\u4e3d\u666f\u5927\u9152\u5e97", "order_time": ["2019-01-19 12:01:41"], "total_order": 1, "hotel_value": ["4.4"], "hotel_price": ["380"]}, "1766513": {"hotel_name": "\u53a6\u95e8\u8363\u51ef\u4f18\u4f73\u6c11\u5bbf", "order_time": ["2019-01-19 12:01:41"], "total_order": 1, "hotel_value": ["4.9"], "hotel_price": ["258"]}, "11019026": {"hotel_name": "\u53a6\u95e8\u4e9a\u820d\u5c1a\u82d1", "order_time": ["2019-01-19 12:01:41"], "total_order": 1, "hotel_value": ["4.9"], "hotel_price": ["285"]}, "2241046": {"hotel_name": "\u4e2d\u5357\u6e7e\u9152\u5e97(\u53a6\u95e8\u4e2d\u5c71\u8def\u5e97)", "order_time": ["2019-01-19 12:01:46", "2019-01-19 12:31:41"], "total_order": 2, "hotel_value": ["4.0", "4.0"], "hotel_price": ["133", "133"]}, "2030776": {"hotel_name": "\u53a6\u95e8\u66fe\u539d\u57b5\u63fd\u6d77\u542c\u98ce\u7cbe\u54c1\u6c11\u5bbf", "order_time": ["2019-01-19 12:03:39", "2019-01-19 12:47:40"], "total_order": 2, "hotel_value": ["4.7", "4.7"], "hotel_price": ["49", "49"]}, "1347276": {"hotel_name": "\u53a6\u95e8\u68a6\u60f3\u4e4b\u57ce\u9152\u5e97", "order_time": ["2019-01-19 12:03:39"], "total_order": 1, "hotel_value": ["4.9"], "hotel_price": ["186"]}, "1478830": {"hotel_name": "\u53a6\u95e8\u9f13\u6d6a\u5c7f\u5c0f\u8309\u8389\u65c5\u9986", "order_time": ["2019-01-19 12:03:39"], "total_order": 1, "hotel_value": ["4.7"], "hotel_price": ["175"]}, "1904341": {"hotel_name": "7\u5929\u4f18\u54c1\u9152\u5e97(\u53a6\u95e8\u4e2d\u5c71\u8def\u6b65\u884c\u8857\u5e97)", "order_time": ["2019-01-19 12:03:39"], "total_order": 1, "hotel_value": ["4.1"], "hotel_price": ["170"]}, "5774684": {"hotel_name": "\u53a6\u95e8\u5c1a\u9526\u56ed\u9152\u5e97", "order_time": ["2019-01-19 12:03:39"], "total_order": 1, "hotel_value": ["4.2"], "hotel_price": ["160"]}, "5979739": {"hotel_name": "\u53a6\u95e8\u4e2d\u5c71\u6545\u4e8b\u65c5\u820d", "order_time": ["2019-01-19 12:03:39"], "total_order": 1, "hotel_value": ["4.8"], "hotel_price": ["153"]}, "2600928": {"hotel_name": "\u5fc3\u8fdc\u9152\u5e97(\u53a6\u95e8\u674f\u6797\u5e97)", "order_time": ["2019-01-19 12:03:39"], "total_order": 1, "hotel_value": ["4.4"], "hotel_price": ["144"]}, "1230104": {"hotel_name": "\u53a6\u95e8\u63a2\u7d22\u9152\u5e97", "order_time": ["2019-01-19 12:03:40"], "total_order": 1, "hotel_value": ["4.5"], "hotel_price": ["439"]}, "2300486": {"hotel_name": "7\u5929\u8fde\u9501\u9152\u5e97(\u53a6\u95e8\u53a6\u9f13\u6e38\u8f6e\u7801\u5934\u5e97)", "order_time": ["2019-01-19 12:03:42"], "total_order": 1, "hotel_value": ["4.1"], "hotel_price": ["127"]}, "425692": {"hotel_name": "\u53a6\u95e8\u6d77\u60a6\u5c71\u5e84\u9152\u5e97", "order_time": ["2019-01-19 12:05:38"], "total_order": 1, "hotel_value": ["4.8"], "hotel_price": ["896"]}, "375292": {"hotel_name": "\u53a6\u95e8\u4eac\u95fd\u4e2d\u5fc3\u9152\u5e97", "order_time": ["2019-01-19 12:05:38"], "total_order": 1, "hotel_value": ["4.8"], "hotel_price": ["550"]}, "21332906": {"hotel_name": "\u53a6\u95e8\u65af\u7ef4\u767b\u5ea6\u5047\u9152\u5e97(\u678b\u6e56\u8f66\u7ad9\u4f18\u671b\u5e97)", "order_time": ["2019-01-19 12:05:38"], "total_order": 1, "hotel_value": ["4.8"], "hotel_price": ["253"]}, "988894": {"hotel_name": "\u548c\u9890\u9152\u5e97(\u53a6\u95e8\u5927\u5b66\u7eff\u6676\u5e97)", "order_time": ["2019-01-19 12:05:38"], "total_order": 1, "hotel_value": ["4.5"], "hotel_price": ["288"]}, "15899701": {"hotel_name": "\u6854\u5b50\u9152\u5e97\u7cbe\u9009(\u53a6\u95e8\u673a\u573a\u6210\u529f\u5927\u9053\u5e97)", "order_time": ["2019-01-19 12:05:38"], "total_order": 1, "hotel_value": ["4.8"], "hotel_price": ["313"]}, "1830099": {"hotel_name": "\u7231\u4e01\u5821\u8fde\u9501\u9152\u5e97(\u53a6\u95e8\u4f1a\u5c55\u5e97)", "order_time": ["2019-01-19 12:05:38"], "total_order": 1, "hotel_value": ["4.4"], "hotel_price": ["189"]}, "5548882": {"hotel_name": "\u53a6\u95e8\u6d77\u65c5\u6e29\u5fb7\u59c6\u81f3\u5c0a\u9152\u5e97", "order_time": ["2019-01-19 12:05:40"], "total_order": 1, "hotel_value": ["4.7"], "hotel_price": ["522"]}, "6842546": {"hotel_name": "\u53a6\u95e8\u6d77\u60a6\u6e7e\u5ea6\u5047\u522b\u5885", "order_time": ["2019-01-19 12:07:38", "2019-01-19 12:05:40"], "total_order": 2, "hotel_value": ["4.9", "4.9"], "hotel_price": ["1549", "1549"]}, "436708": {"hotel_name": "\u53a6\u95e8\u91d1\u540e\u9152\u5e97", "order_time": ["2019-01-19 12:05:40"], "total_order": 1, "hotel_value": ["4.6"], "hotel_price": ["288"]}, "448649": {"hotel_name": "\u53a6\u95e8\u4e9a\u6d32\u6d77\u6e7e\u5927\u9152\u5e97", "order_time": ["2019-01-19 12:05:40"], "total_order": 1, "hotel_value": ["4.4"], "hotel_price": ["320"]}, "929583": {"hotel_name": "\u5982\u5bb6\u5feb\u6377\u9152\u5e97(\u53a6\u95e8\u706b\u8f66\u7ad9\u5e7f\u573a\u5e97)", "order_time": ["2019-01-19 12:05:41"], "total_order": 1, "hotel_value": ["4.5"], "hotel_price": ["178"]}, "5903250": {"hotel_name": "\u53a6\u95e8\u6e29\u838e\u516c\u4e3b\u57ce\u5821\u5e84\u56ed", "order_time": ["2019-01-19 12:05:44"], "total_order": 1, "hotel_value": ["4.8"], "hotel_price": ["166"]}, "2362043": {"hotel_name": "\u53a6\u95e8\u9f13\u6d6a\u5c7f\u4ed6\u57ce\u58f9\u60a6\u5ead\u9662\u6d77\u666f\u522b\u5885", "order_time": ["2019-01-19 12:07:38"], "total_order": 1, "hotel_value": ["4.8"], "hotel_price": ["419"]}, "1639388": {"hotel_name": "\u4e03\u946b\u5929\u9152\u5e97(\u53a6\u95e8\u673a\u573a\u5e97)", "order_time": ["2019-01-19 12:07:38"], "total_order": 1, "hotel_value": ["4.4"], "hotel_price": ["144"]}, "4496383": {"hotel_name": "\u53a6\u95e8\u6162\u751f\u6d3b\u00b7\u4e0a\u91ce\u5ba2\u6808", "order_time": ["2019-01-19 12:07:38"], "total_order": 1, "hotel_value": ["4.9"], "hotel_price": ["129"]}, "1065306": {"hotel_name": "\u9f13\u6d6a\u5c7f\u516d\u60a6\u6d77\u666f\u9152\u5e97(\u539f\u516d\u60a6\u82b1\u56ed\u9152\u5e97)", "order_time": ["2019-01-19 12:07:38"], "total_order": 1, "hotel_value": ["4.7"], "hotel_price": ["862"]}, "12622395": {"hotel_name": "\u53a6\u95e8\u71d5\u6816\u8bbe\u8ba1\u6c11\u5bbf", "order_time": ["2019-01-19 12:07:39"], "total_order": 1, "hotel_value": ["4.9"], "hotel_price": ["171"]}, "448912": {"hotel_name": "\u5982\u5bb6\u5feb\u6377\u9152\u5e97(\u53a6\u95e8\u706b\u8f66\u7ad9\u6e56\u6ee8\u4e1c\u8def\u9e3f\u8fd0\u5927\u53a6\u5e97)", "order_time": ["2019-01-19 12:07:43"], "total_order": 1, "hotel_value": ["4.3"], "hotel_price": ["152"]}, "2290014": {"hotel_name": "\u53a6\u95e8\u541b\u6021\u9152\u5e97", "order_time": ["2019-01-19 12:09:39", "2019-01-19 12:13:38"], "total_order": 2, "hotel_value": ["4.7", "4.7"], "hotel_price": ["259", "259"]}, "1669085": {"hotel_name": "\u4e00\u683c\u00b7\u6d77\u68e0\u7f8e\u5bbf(\u53a6\u95e8\u5927\u5b66\u5e97)", "order_time": ["2019-01-19 12:09:43"], "total_order": 1, "hotel_value": ["5.0"], "hotel_price": ["246"]}, "419881": {"hotel_name": "\u6700\u4f73\u897f\u65b9\u53a6\u95e8\u5b8f\u90fd\u9152\u5e97", "order_time": ["2019-01-19 12:13:38"], "total_order": 1, "hotel_value": ["4.8"], "hotel_price": ["738"]}, "2363786": {"hotel_name": "\u4e00\u683c\u00b7\u5de2\u5bbf(\u53a6\u95e8\u66fe\u539d\u57b5\u5e97)", "order_time": ["2019-01-19 12:13:41"], "total_order": 1, "hotel_value": ["4.9"], "hotel_price": ["339"]}, "2297567": {"hotel_name": "\u65af\u94c2\u745e\u57ce\u5e02\u9152\u5e97(\u53a6\u95e8\u4e2d\u5c71\u516c\u56ed\u5730\u94c1\u7ad9\u5e97)(\u539f\u4e2d\u5c71\u8def\u6b65\u884c\u8857\u5e97)", "order_time": ["2019-01-19 12:23:38", "2019-01-19 12:21:38", "2019-01-19 12:45:39", "2019-01-19 12:31:38"], "total_order": 4, "hotel_value": ["4.7", "4.7", "4.7", "4.7"], "hotel_price": ["128", "128", "128", "128"]}, "12624286": {"hotel_name": "\u9a7f\u8d77\u9152\u5e97\uff08\u53a6\u95e8\u5317\u7ad9\u5e97\uff09", "order_time": ["2019-01-19 12:27:40", "2019-01-19 12:51:39"], "total_order": 2, "hotel_value": ["4.6", "4.6"], "hotel_price": ["179", "179"]}, "5663579": {"hotel_name": "\u53a6\u95e8\u6ee8\u6d77\u5ba2\u6808", "order_time": ["2019-01-19 12:27:40"], "total_order": 1, "hotel_value": [0], "hotel_price": ["70"]}, "1317940": {"hotel_name": "\u53a6\u95e8\u597d\u68a6\u5546\u52a1\u9152\u5e97", "order_time": ["2019-01-19 12:27:40"], "total_order": 1, "hotel_value": ["3.8"], "hotel_price": ["104"]}, "1730041": {"hotel_name": "\u9f13\u6d6a\u5c7f\u6e29\u838e\u516c\u9986", "order_time": ["2019-01-19 12:31:42"], "total_order": 1, "hotel_value": [0], "hotel_price": ["347"]}, "5104169": {"hotel_name": "\u53a6\u95e8\u5c24\u5ba2\u00b7\u6cca\u91d1\u96c5\u5885\u6c11\u5bbf(\u539f\u4f18\u5ba2\u65c5\u9986)", "order_time": ["2019-01-19 12:35:40"], "total_order": 1, "hotel_value": ["4.8"], "hotel_price": ["140"]}, "2125318": {"hotel_name": "\u5de2\u53cb\u9152\u5e97(\u53a6\u95e8\u706b\u8f66\u7ad9\u5e97)", "order_time": ["2019-01-19 12:45:39"], "total_order": 1, "hotel_value": ["4.7"], "hotel_price": ["132"]}, "6662105": {"hotel_name": "\u53a6\u95e8\u6816\u5c45\u5ba2\u6808", "order_time": ["2019-01-19 12:45:39"], "total_order": 1, "hotel_value": ["5.0"], "hotel_price": ["148"]}, "1507501": {"hotel_name": "\u53a6\u95e8\u672c\u6211\u9152\u5e97", "order_time": ["2019-01-19 12:45:39", "2019-01-19 12:49:44"], "total_order": 2, "hotel_value": ["4.6", "4.6"], "hotel_price": ["116", "116"]}, "346260": {"hotel_name": "\u53a6\u95e8\u745e\u9890\u5927\u9152\u5e97", "order_time": ["2019-01-19 12:45:39"], "total_order": 1, "hotel_value": ["4.7"], "hotel_price": ["1049"]}, "9118583": {"hotel_name": "\u53a6\u95e8\u9999\u683c\u91cc\u62c9\u5927\u9152\u5e97", "order_time": ["2019-01-19 12:45:39"], "total_order": 1, "hotel_value": ["4.6"], "hotel_price": ["991"]}, "346273": {"hotel_name": "\u53a6\u95e8\u78d0\u57fa\u5e0c\u5c14\u987f\u9152\u5e97", "order_time": ["2019-01-19 12:45:39"], "total_order": 1, "hotel_value": ["4.6"], "hotel_price": ["780"]}, "375297": {"hotel_name": "\u53a6\u95e8\u9a6c\u54e5\u5b5b\u7f57\u4e1c\u65b9\u5927\u9152\u5e97", "order_time": ["2019-01-19 12:45:39"], "total_order": 1, "hotel_value": ["4.6"], "hotel_price": ["665"]}, "7277750": {"hotel_name": "\u53a6\u95e8\u6b63\u5143\u5e0c\u5c14\u987f\u9038\u6797\u9152\u5e97", "order_time": ["2019-01-19 12:45:39"], "total_order": 1, "hotel_value": ["4.7"], "hotel_price": ["590"]}, "2611150": {"hotel_name": "\u4f73\u6a59\u9152\u5e97(\u53a6\u95e8\u678b\u6e56\u8f66\u7ad9\u5e97)", "order_time": ["2019-01-19 12:45:39"], "total_order": 1, "hotel_value": ["4.2"], "hotel_price": ["101"]}, "856544": {"hotel_name": "\u91d1\u6653\u9152\u5e97(\u53a6\u95e8\u5415\u539d\u5730\u94c1\u7ad9\u5e97)", "order_time": ["2019-01-19 12:45:39"], "total_order": 1, "hotel_value": ["4.5"], "hotel_price": ["153"]}, "2279530": {"hotel_name": "\u53a6\u95e8\u5982\u5f52\u5c0f\u7b51", "order_time": ["2019-01-19 12:45:39"], "total_order": 1, "hotel_value": ["4.7"], "hotel_price": ["103"]}, "427947": {"hotel_name": "\u53a6\u95e8\u56fd\u9645\u4f1a\u8bae\u4e2d\u5fc3\u9152\u5e97", "order_time": ["2019-01-19 12:45:39"], "total_order": 1, "hotel_value": ["4.8"], "hotel_price": ["589"]}, "1645144": {"hotel_name": "\u4e91\u4e0a\u56db\u5b63\u8fde\u9501\u9152\u5e97(\u53a6\u95e8\u73c0\u83f2\u82b1\u56ed\u5e97)", "order_time": ["2019-01-19 12:45:39"], "total_order": 1, "hotel_value": ["4.4"], "hotel_price": ["93"]}, "1118729": {"hotel_name": "\u5982\u5bb6\u5feb\u6377\u9152\u5e97(\u53a6\u95e8\u4ed9\u5cb3\u8def\u6c5f\u5934\u5e97)", "order_time": ["2019-01-19 12:45:39"], "total_order": 1, "hotel_value": ["4.4"], "hotel_price": ["169"]}, "6262851": {"hotel_name": "\u53a6\u95e8\u98de\u5bbf\u8fde\u9501\u5b89\u59ae\u00b7\u6735\u62c9\u5e84\u56ed", "order_time": ["2019-01-19 12:45:39"], "total_order": 1, "hotel_value": ["4.7"], "hotel_price": ["220"]}, "428893": {"hotel_name": "\u53a6\u95e8\u5bbe\u9986", "order_time": ["2019-01-19 12:51:39", "2019-01-19 12:45:39"], "total_order": 2, "hotel_value": ["4.8", "4.8"], "hotel_price": ["406", "406"]}, "669139": {"hotel_name": "\u53a6\u95e8\u4eac\u50ce\u9890\u8c6a\u9152\u5e97", "order_time": ["2019-01-19 12:45:39"], "total_order": 1, "hotel_value": ["4.6"], "hotel_price": ["393"]}, "27938575": {"hotel_name": "\u53a6\u95e8\u6d77\u4e1d\u827a\u672f\u54c1\u4e2d\u5fc3\u4f70\u7fd4\u7428\u70c1\u9152\u5e97", "order_time": ["2019-01-19 12:45:39"], "total_order": 1, "hotel_value": ["4.8"], "hotel_price": ["408"]}, "4614168": {"hotel_name": "\u53a6\u95e8\u7b2c\u4e00\u6e2f\u5ea6\u5047\u522b\u5885", "order_time": ["2019-01-19 12:45:39"], "total_order": 1, "hotel_value": ["4.6"], "hotel_price": ["243"]}, "6247525": {"hotel_name": "\u53a6\u95e8\u96c6\u7f8e\u5927\u5b66\u4e9a\u6735\u9152\u5e97(\u539f\u96c6\u5927\u5bbe\u9986)", "order_time": ["2019-01-19 12:45:39"], "total_order": 1, "hotel_value": ["4.9"], "hotel_price": ["371"]}, "1760902": {"hotel_name": "\u53a6\u95e8\u4e07\u4f73\u56fd\u9645\u9152\u5e97", "order_time": ["2019-01-19 12:45:39"], "total_order": 1, "hotel_value": ["4.6"], "hotel_price": ["423"]}, "1586686": {"hotel_name": "\u53a6\u95e8\u60a6\u8c6a\u9152\u5e97", "order_time": ["2019-01-19 12:45:39"], "total_order": 1, "hotel_value": ["4.5"], "hotel_price": ["216"]}, "1726924": {"hotel_name": "\u53a6\u95e8\u9f13\u6d6a\u5c7f\u4e07\u6c34\u5343\u5c71\u5ea6\u5047\u5c71\u5e84", "order_time": ["2019-01-19 12:45:39"], "total_order": 1, "hotel_value": ["4.4"], "hotel_price": ["290"]}, "2313183": {"hotel_name": "\u53a6\u95e8\u5317\u7ad9\u6d6a\u6f2b\u5c0f\u5c4b\u7cbe\u54c1\u5ba2\u6808", "order_time": ["2019-01-19 12:45:39"], "total_order": 1, "hotel_value": ["4.9"], "hotel_price": ["93"]}, "4815087": {"hotel_name": "\u53a6\u95e8\u9f13\u6d6a\u5c7f\u6f2b\u6f2b\u60a0\u60a0\u65c5\u9986", "order_time": ["2019-01-19 12:45:39"], "total_order": 1, "hotel_value": ["4.8"], "hotel_price": ["173"]}, "346269": {"hotel_name": "\u53a6\u95e8\u6e90\u660c\u51ef\u5bbe\u65af\u57fa\u5927\u9152\u5e97", "order_time": ["2019-01-19 12:45:39"], "total_order": 1, "hotel_value": ["4.7"], "hotel_price": ["913"]}, "486719": {"hotel_name": "\u53a6\u95e8\u827e\u5c3c\u00b7\u58f9\u6c34\u6e7e\u5ea6\u5047\u9152\u5e97(\u539f\u5929\u6717\u58f9\u6c34\u6e7e\u9152\u5e97)", "order_time": ["2019-01-19 12:45:39"], "total_order": 1, "hotel_value": ["4.4"], "hotel_price": ["443"]}, "23858080": {"hotel_name": "\u53a6\u95e8\u4f73\u9038\u5e0c\u5c14\u987f\u683c\u82ae\u7cbe\u9009\u9152\u5e97", "order_time": ["2019-01-19 12:45:39"], "total_order": 1, "hotel_value": ["4.7"], "hotel_price": ["967"]}, "6736731": {"hotel_name": "\u5e0c\u5cb8\u9152\u5e97(\u53a6\u95e8\u706b\u8f66\u7ad9\u5e97)(\u539f\u5357\u65b9\u996d\u5e97)", "order_time": ["2019-01-19 12:45:39"], "total_order": 1, "hotel_value": ["4.9"], "hotel_price": ["280"]}, "428315": {"hotel_name": "\u5982\u5bb6\u5feb\u6377\u9152\u5e97(\u53a6\u95e8\u6587\u56ed\u8def\u6587\u7076\u5730\u94c1\u7ad9\u5e97)", "order_time": ["2019-01-19 12:45:39"], "total_order": 1, "hotel_value": ["4.4"], "hotel_price": ["127"]}, "2535597": {"hotel_name": "\u901f\u65f6\u4ee3\u7cbe\u54c1\u5ba2\u6808(\u53a6\u95e8\u4e2d\u5c71\u8def\u5e97)", "order_time": ["2019-01-19 12:45:39"], "total_order": 1, "hotel_value": ["4.2"], "hotel_price": ["113"]}, "2301848": {"hotel_name": "7\u5929\u4f18\u54c1\u9152\u5e97(\u53a6\u95e8\u673a\u573a\u7fd4\u9e6d\u5e97)", "order_time": ["2019-01-19 12:45:39"], "total_order": 1, "hotel_value": ["4.7"], "hotel_price": ["168"]}, "1985198": {"hotel_name": "\u6c49\u5ead\u9152\u5e97(\u53a6\u95e8\u540c\u5b89\u533a\u653f\u5e9c\u5e97)", "order_time": ["2019-01-19 12:45:39"], "total_order": 1, "hotel_value": ["4.6"], "hotel_price": ["208"]}, "467685": {"hotel_name": "\u53a6\u95e8\u767d\u9e6d\u6d32\u5927\u9152\u5e97", "order_time": ["2019-01-19 12:45:39"], "total_order": 1, "hotel_value": ["4.2"], "hotel_price": ["342"]}, "436585": {"hotel_name": "\u53a6\u95e8\u65af\u7ef4\u767b\u5ea6\u5047\u516c\u5bd3(\u4e07\u8fbe\u5e7f\u573a)", "order_time": ["2019-01-19 12:45:39"], "total_order": 1, "hotel_value": ["4.0"], "hotel_price": ["176"]}, "28565834": {"hotel_name": "\u53a6\u95e8\u559c\u7f8e\u7f8e\u5c45\u9152\u5e97", "order_time": ["2019-01-19 12:45:39"], "total_order": 1, "hotel_value": ["4.9"], "hotel_price": ["383"]}, "431584": {"hotel_name": "\u53a6\u95e8\u7261\u4e39\u4e07\u9e4f\u5bbe\u9986", "order_time": ["2019-01-19 12:45:39"], "total_order": 1, "hotel_value": ["4.7"], "hotel_price": ["398"]}, "10220748": {"hotel_name": "\u5e0c\u5cb8\u9152\u5e97(\u53a6\u95e8\u673a\u573a\u678b\u6e56\u5ba2\u8fd0\u4e2d\u5fc3\u5e97)", "order_time": ["2019-01-19 12:45:39"], "total_order": 1, "hotel_value": ["4.7"], "hotel_price": ["300"]}, "447297": {"hotel_name": "\u53a6\u95e8\u660e\u53d1\u56fd\u9645\u5927\u9152\u5e97", "order_time": ["2019-01-19 12:45:39"], "total_order": 1, "hotel_value": ["4.6"], "hotel_price": ["463"]}, "22766983": {"hotel_name": "\u9e97\u67ab\u9152\u5e97(\u53a6\u95e8\u4e2d\u5c71\u8def\u6b65\u884c\u8857\u5e97)", "order_time": ["2019-01-19 12:45:39"], "total_order": 1, "hotel_value": ["4.7"], "hotel_price": ["290"]}, "4041819": {"hotel_name": "\u5bb6\u5bb6\u4e50\u9152\u5e97\uff08\u53a6\u95e8\u4e2d\u5c71\u8def\u6b65\u884c\u8857\u5e97\uff09", "order_time": ["2019-01-19 12:45:39"], "total_order": 1, "hotel_value": ["4.4"], "hotel_price": ["249"]}, "795560": {"hotel_name": "\u5fc3\u8fdc\u5c1a\u54c1\u9152\u5e97(\u53a6\u95e8\u96c6\u7f8e\u5b66\u6751\u5e97)", "order_time": ["2019-01-19 12:45:39"], "total_order": 1, "hotel_value": ["4.8"], "hotel_price": ["174"]}, "2000401": {"hotel_name": "\u5586\u5561\u9152\u5e97(\u53a6\u95e8\u9f13\u6d6a\u5c7f\u4e2d\u5c71\u8def\u7b2c\u4e00\u7801\u5934\u5e97)", "order_time": ["2019-01-19 12:45:39"], "total_order": 1, "hotel_value": ["4.7"], "hotel_price": ["202"]}, "6973720": {"hotel_name": "\u82b1\u7b51\u00b7\u9f13\u6d6a\u5c7f\u6d77\u97f5\u82b1\u56ed\u5ba2\u6808", "order_time": ["2019-01-19 12:45:39"], "total_order": 1, "hotel_value": ["4.8"], "hotel_price": ["430"]}, "1857702": {"hotel_name": "\u53a6\u95e8\u5317\u7ad9\u534e\u6fe0\u56db\u5b63\u9152\u5e97", "order_time": ["2019-01-19 12:45:39", "2019-01-19 12:47:40"], "total_order": 2, "hotel_value": ["4.2", "4.2"], "hotel_price": ["228", "228"]}, "1541944": {"hotel_name": "\u53a6\u95e8\u53a6\u5927\u5fc6\u6d77\u65f6\u5149\u5ba2\u6808", "order_time": ["2019-01-19 12:45:39"], "total_order": 1, "hotel_value": ["4.2"], "hotel_price": ["78"]}, "3178165": {"hotel_name": "\u53a6\u95e8\u68a6\u5e7b\u6d77\u6e7e\u9152\u5e97", "order_time": ["2019-01-19 12:45:39"], "total_order": 1, "hotel_value": ["4.5"], "hotel_price": ["191"]}, "2305465": {"hotel_name": "\u901f8\u9152\u5e97(\u53a6\u95e8\u540c\u5b89\u540c\u96c6\u5317\u8def\u5e97)", "order_time": ["2019-01-19 12:45:39"], "total_order": 1, "hotel_value": ["3.9"], "hotel_price": ["140"]}, "1857673": {"hotel_name": "\u53a6\u95e8\u5317\u7ad9\u53e4\u5fb7\u5ba2\u6808", "order_time": ["2019-01-19 12:45:39"], "total_order": 1, "hotel_value": ["4.5"], "hotel_price": ["70"]}, "1728118": {"hotel_name": "\u53a6\u95e8\u5c71\u6c34\u5bbe\u9986", "order_time": ["2019-01-19 12:51:39", "2019-01-19 12:45:39"], "total_order": 2, "hotel_value": ["4.3", "4.3"], "hotel_price": ["221", "221"]}, "436715": {"hotel_name": "\u9f13\u6d6a\u5c7f\u674e\u5bb6\u5e84\u9152\u5e97", "order_time": ["2019-01-19 12:45:39"], "total_order": 1, "hotel_value": ["4.9"], "hotel_price": ["831"]}, "431131": {"hotel_name": "\u53a6\u95e8\u6bd5\u601d\u7279\u9152\u5e97", "order_time": ["2019-01-19 12:45:39"], "total_order": 1, "hotel_value": ["4.6"], "hotel_price": ["358"]}, "428654": {"hotel_name": "\u53a6\u95e8\u541b\u6cf0\u9152\u5e97", "order_time": ["2019-01-19 12:45:39"], "total_order": 1, "hotel_value": ["4.5"], "hotel_price": ["499"]}, "1768712": {"hotel_name": "\u53a6\u95e8\u9014\u5e84\u7cbe\u54c1\u9152\u5e97", "order_time": ["2019-01-19 12:45:39"], "total_order": 1, "hotel_value": ["4.7"], "hotel_price": ["168"]}, "15841262": {"hotel_name": "\u53a6\u95e8\u8c6a\u5ef7\u5ea6\u5047\u522b\u5885", "order_time": ["2019-01-19 12:45:39"], "total_order": 1, "hotel_value": ["4.9"], "hotel_price": ["235"]}, "5979762": {"hotel_name": "\u53a6\u95e8\u5927\u5b66\u4e91\u4e0a\u6d77\u5c45", "order_time": ["2019-01-19 12:45:39"], "total_order": 1, "hotel_value": ["4.8"], "hotel_price": ["517"]}, "3802030": {"hotel_name": "\u53a6\u95e8\u53ef\u5c45\u9152\u5e97", "order_time": ["2019-01-19 12:45:39", "2019-01-19 12:49:43"], "total_order": 2, "hotel_value": ["4.6", "4.6"], "hotel_price": ["171", "171"]}, "2233112": {"hotel_name": "\u53a6\u95e8\u4e1c\u8fb0\u5927\u9152\u5e97", "order_time": ["2019-01-19 12:45:39"], "total_order": 1, "hotel_value": ["4.1"], "hotel_price": ["182"]}, "9149539": {"hotel_name": "\u5b9c\u5c1a\u9152\u5e97(\u53a6\u95e8\u4e2d\u5c71\u8def\u6b65\u884c\u8857\u5e97)", "order_time": ["2019-01-19 12:45:40"], "total_order": 1, "hotel_value": ["4.6"], "hotel_price": ["256"]}, "2301441": {"hotel_name": "\u975e\u7e41\u57ce\u54c1\u9152\u5e97(\u53a6\u95e8\u96c6\u7f8e\u5927\u5b66\u5e97)", "order_time": ["2019-01-19 12:45:40"], "total_order": 1, "hotel_value": ["4.7"], "hotel_price": ["179"]}, "8419373": {"hotel_name": "\u5ead\u82d1\u9152\u5e97(\u53a6\u95e8\u4e2d\u5c71\u8def\u8f6e\u6e21\u5e97)", "order_time": ["2019-01-19 12:45:40"], "total_order": 1, "hotel_value": ["4.8"], "hotel_price": ["176"]}, "8615916": {"hotel_name": "\u53a6\u95e8\u84dd\u8272\u6d77\u5cb8\u9152\u5e97", "order_time": ["2019-01-19 12:45:40", "2019-01-19 12:47:40"], "total_order": 2, "hotel_value": ["4.6", "4.6"], "hotel_price": ["191", "191"]}, "4041978": {"hotel_name": "\u901f8\u9152\u5e97\uff08\u53a6\u95e8\u673a\u573a\u6e56\u91cc\u5927\u9053\u5e97\uff09", "order_time": ["2019-01-19 12:45:40"], "total_order": 1, "hotel_value": ["4.3"], "hotel_price": ["133"]}, "15878927": {"hotel_name": "\u53a6\u95e8\u5929\u5408\u4eba\u5bb6\u516c\u5bd3", "order_time": ["2019-01-19 12:45:40"], "total_order": 1, "hotel_value": ["4.8"], "hotel_price": ["121"]}, "1405425": {"hotel_name": "\u53a6\u95e8\u5174\u6052\u5927\u9152\u5e97", "order_time": ["2019-01-19 12:45:40"], "total_order": 1, "hotel_value": ["4.5"], "hotel_price": ["273"]}, "1434905": {"hotel_name": "\u9752\u5e74\u9633\u5149\u9152\u5e97(\u53a6\u95e8\u8f6e\u6e21\u5e97)", "order_time": ["2019-01-19 12:45:40"], "total_order": 1, "hotel_value": ["4.5"], "hotel_price": ["112"]}, "26556315": {"hotel_name": "\u9f13\u6d6a\u5c7f\u62fe\u672b\u65c5\u9986", "order_time": ["2019-01-19 12:45:40"], "total_order": 1, "hotel_value": ["4.9"], "hotel_price": ["288"]}, "1938588": {"hotel_name": "\u53a6\u95e8OTS\u8bbe\u8ba1\u578b\u6c11\u5bbf", "order_time": ["2019-01-19 12:45:40"], "total_order": 1, "hotel_value": ["4.9"], "hotel_price": ["441"]}, "2040417": {"hotel_name": "7\u5929\u4f18\u54c1\u9152\u5e97(\u53a6\u95e8\u673a\u573a\u6bbf\u524d\u5730\u94c1\u7ad9\u5e97)", "order_time": ["2019-01-19 12:45:40"], "total_order": 1, "hotel_value": ["4.7"], "hotel_price": ["148"]}, "1510329": {"hotel_name": "\u53a6\u95e8\u541b\u96c5\u5047\u65e5\u9152\u5e97", "order_time": ["2019-01-19 12:49:45", "2019-01-19 12:45:40"], "total_order": 2, "hotel_value": ["4.7", "4.7"], "hotel_price": ["121", "121"]}, "23571482": {"hotel_name": "\u53a6\u95e8\u5e78\u798f\u65f6\u5149\u516c\u5bd3", "order_time": ["2019-01-19 12:45:40"], "total_order": 1, "hotel_value": ["4.8"], "hotel_price": ["113"]}, "6609857": {"hotel_name": "\u53a6\u95e8\u8299\u84c9\u9601\u9152\u5e97", "order_time": ["2019-01-19 12:45:40"], "total_order": 1, "hotel_value": ["4.9"], "hotel_price": ["759"]}, "19735131": {"hotel_name": "\u53a6\u95e8\u6cab\u5bd3\u9152\u5e97\u5f0f\u516c\u5bd3", "order_time": ["2019-01-19 12:45:40"], "total_order": 1, "hotel_value": ["4.8"], "hotel_price": ["124"]}, "27273749": {"hotel_name": "\u9f13\u6d6a\u5c7f\u82b1\u5ead\u00b7\u534a\u590f\u65c5\u9986", "order_time": ["2019-01-19 12:45:40"], "total_order": 1, "hotel_value": ["4.9"], "hotel_price": ["882"]}, "450155": {"hotel_name": "\u5982\u5bb6\u5feb\u6377\u9152\u5e97(\u53a6\u95e8\u4e2d\u5c71\u8def\u6e56\u6ee8\u897f\u8def\u5e97)", "order_time": ["2019-01-19 12:45:40"], "total_order": 1, "hotel_value": ["4.2"], "hotel_price": ["151"]}, "1727667": {"hotel_name": "\u53a6\u95e8\u9f13\u6d6a\u5c7f\u9e93\u610f\u601d\u8001\u522b\u5885\u5ea6\u5047\u9152\u5e97", "order_time": ["2019-01-19 12:45:40"], "total_order": 1, "hotel_value": ["4.6"], "hotel_price": ["311"]}, "5768651": {"hotel_name": "\u53a6\u95e8\u9047\u7f8e\u00b7\u6ca7\u6d77\u4e00\u5885", "order_time": ["2019-01-19 12:45:40"], "total_order": 1, "hotel_value": ["4.8"], "hotel_price": ["196"]}, "4016834": {"hotel_name": "\u53a6\u95e8\u4e34\u6c34\u6e7e\u5bbe\u9986", "order_time": ["2019-01-19 12:45:40"], "total_order": 1, "hotel_value": ["4.5"], "hotel_price": ["218"]}, "2301312": {"hotel_name": "\u57ce\u5e02\u4fbf\u6377\u9152\u5e97(\u53a6\u95e8\u79be\u7965\u897f\u8def\u5e97)", "order_time": ["2019-01-19 12:45:40"], "total_order": 1, "hotel_value": ["4.3"], "hotel_price": ["159"]}, "5850603": {"hotel_name": "\u53a6\u95e8\u5370\u8c61\u6d77\u6e7e\u5ea6\u5047\u522b\u5885", "order_time": ["2019-01-19 12:45:40"], "total_order": 1, "hotel_value": ["4.9"], "hotel_price": ["170"]}, "5386927": {"hotel_name": "\u53a6\u95e8\u552f\u820d\u5ea6\u5047\u5c4b", "order_time": ["2019-01-19 12:45:40"], "total_order": 1, "hotel_value": ["4.7"], "hotel_price": ["186"]}, "8011458": {"hotel_name": "\u53a6\u95e8\u5317\u7ad92048\u7cbe\u54c1\u9152\u5e97", "order_time": ["2019-01-19 12:45:40"], "total_order": 1, "hotel_value": ["4.7"], "hotel_price": ["208"]}, "6731656": {"hotel_name": "\u53a6\u95e8\u5916\u6e21\u53a6\u98ce\u8f7b\u5c45", "order_time": ["2019-01-19 12:45:40"], "total_order": 1, "hotel_value": ["4.7"], "hotel_price": ["223"]}, "1926659": {"hotel_name": "\u53a6\u95e8\u5eb7\u6052\u6021\u666f\u9152\u5e97", "order_time": ["2019-01-19 12:45:40"], "total_order": 1, "hotel_value": ["4.1"], "hotel_price": ["105"]}, "7810930": {"hotel_name": "\u53a6\u95e8\u53a6\u5927\u6c38\u667a\u5174\u5ba2\u6808", "order_time": ["2019-01-19 12:45:40"], "total_order": 1, "hotel_value": ["4.5"], "hotel_price": ["151"]}, "2309440": {"hotel_name": "\u6613\u4f70\u8fde\u9501\u65c5\u5e97(\u53a6\u95e8\u6c5f\u5934\u540e\u57d4\u5e97)", "order_time": ["2019-01-19 12:45:40"], "total_order": 1, "hotel_value": ["3.3"], "hotel_price": ["87"]}, "13820471": {"hotel_name": "\u4f4f\u6b23\u7cbe\u54c1\u9152\u5e97(\u53a6\u95e8\u706b\u8f66\u7ad9\u5e97)(\u539f\u65b0\u4f4f\u6b23\u7cbe\u54c1\u9152\u5e97)", "order_time": ["2019-01-19 12:45:40"], "total_order": 1, "hotel_value": ["4.4"], "hotel_price": ["133"]}, "2299730": {"hotel_name": "\u946b\u540d\u82d1\u9152\u5e97(\u53a6\u95e8\u6587\u5316\u827a\u672f\u4e2d\u5fc3\u5e97)", "order_time": ["2019-01-19 12:45:40"], "total_order": 1, "hotel_value": ["4.5"], "hotel_price": ["98"]}, "2310179": {"hotel_name": "\u53a6\u95e8\u66fc\u53ef\u8fde\u9501\u9152\u5e97", "order_time": ["2019-01-19 12:45:40"], "total_order": 1, "hotel_value": ["4.0"], "hotel_price": ["80"]}, "6512986": {"hotel_name": "\u53a6\u95e8\u4e4c\u5ae3\u539d\u5ba2\u6808", "order_time": ["2019-01-19 12:45:40"], "total_order": 1, "hotel_value": ["4.9"], "hotel_price": ["208"]}, "1860967": {"hotel_name": "\u5fc3\u8fdc\u9152\u5e97(\u53a6\u95e8\u96c6\u7f8e\u5927\u5b66\u5e97)", "order_time": ["2019-01-19 12:45:40"], "total_order": 1, "hotel_value": ["4.5"], "hotel_price": ["154"]}, "2301227": {"hotel_name": "\u9526\u6c5f\u4e4b\u661f(\u53a6\u95e8\u674f\u6797\u5e97)", "order_time": ["2019-01-19 12:45:40"], "total_order": 1, "hotel_value": ["4.5"], "hotel_price": ["169"]}, "2294909": {"hotel_name": "\u53a6\u95e8\u51cc\u6ce2\u6e7e\u9152\u5e97(\u53a6\u5927\u7fd4\u5b89\u6821\u533a\u5e97)", "order_time": ["2019-01-19 12:45:40"], "total_order": 1, "hotel_value": ["4.1"], "hotel_price": ["232"]}, "21430224": {"hotel_name": "\u53a6\u95e8\u5e02\u65c5\u7f8e\u9152\u5e97(\u53a6\u5927\u5357\u666e\u9640\u5e97)", "order_time": ["2019-01-19 12:45:40"], "total_order": 1, "hotel_value": ["4.1"], "hotel_price": ["115"]}, "1741738": {"hotel_name": "\u53a6\u95e8\u53a6\u5927\u6d77\u8dc3\u5c45\u6d77\u5c4b\u5ba2\u6808", "order_time": ["2019-01-19 12:45:40"], "total_order": 1, "hotel_value": ["4.5"], "hotel_price": ["118"]}, "1488631": {"hotel_name": "\u53a6\u95e8\u5317\u7ad9\u6e14\u4eba\u5ba2\u6808", "order_time": ["2019-01-19 12:45:40"], "total_order": 1, "hotel_value": ["4.7"], "hotel_price": ["67"]}, "12091233": {"hotel_name": "\u53a6\u95e8\u6816\u9690\u5ea6\u5047\u6c11\u5bbf", "order_time": ["2019-01-19 12:45:40"], "total_order": 1, "hotel_value": ["5.0"], "hotel_price": ["493"]}, "1314936": {"hotel_name": "\u83ab\u6cf0268(\u53a6\u95e8\u706b\u8f66\u7ad9\u5e97)", "order_time": ["2019-01-19 12:45:40"], "total_order": 1, "hotel_value": ["4.3"], "hotel_price": ["227"]}, "25123229": {"hotel_name": "\u53a6\u95e8\u5ba2\u8c08\u6c11\u5bbf", "order_time": ["2019-01-19 12:45:40"], "total_order": 1, "hotel_value": ["5.0"], "hotel_price": ["268"]}, "6949488": {"hotel_name": "\u53a6\u95e8\u5c0f\u5d9d\u597d\u4eab\u6765\u4f11\u95f2\u65c5\u9986", "order_time": ["2019-01-19 12:45:40"], "total_order": 1, "hotel_value": [0], "hotel_price": ["112"]}, "19678980": {"hotel_name": "\u53a6\u95e8\u74e6\u6e90\u7d20\u7cbe\u54c1\u5ba2\u6808", "order_time": ["2019-01-19 12:45:40"], "total_order": 1, "hotel_value": ["4.9"], "hotel_price": ["134"]}, "1714585": {"hotel_name": "\u53a6\u95e8\u5ea6\u00b7\u56db\u5b63\u6d77\u5cb8\u9152\u5e97", "order_time": ["2019-01-19 12:45:40"], "total_order": 1, "hotel_value": ["4.6"], "hotel_price": ["153"]}, "2310246": {"hotel_name": "\u53a6\u95e8\u4e1c\u57ce\u6e7e\u5feb\u6377\u9152\u5e97", "order_time": ["2019-01-19 12:45:40"], "total_order": 1, "hotel_value": ["3.7"], "hotel_price": ["121"]}, "26407280": {"hotel_name": "\u53a6\u95e8\u5c7f\u4e0a\u522b\u539d\u5ba2\u6808", "order_time": ["2019-01-19 12:45:40"], "total_order": 1, "hotel_value": ["4.9"], "hotel_price": ["58"]}, "23625312": {"hotel_name": "\u53a6\u95e8\u4e91\u820d\u96c5\u5c45\u516c\u5bd3", "order_time": ["2019-01-19 12:45:41", "2019-01-19 12:51:39"], "total_order": 2, "hotel_value": ["4.7", "4.7"], "hotel_price": ["136", "136"]}, "474586": {"hotel_name": "\u5982\u5bb6\u8054\u76df\u00b7\u53a6\u95e8\u6591\u6593\u9152\u5e97(\u539f\u91d1\u5e1d\u9152\u5e97)", "order_time": ["2019-01-19 12:45:41"], "total_order": 1, "hotel_value": ["4.8"], "hotel_price": ["263"]}, "6516890": {"hotel_name": "\u5168\u5b63\u9152\u5e97(\u53a6\u95e8SM\u5e7f\u573a\u677e\u67cf\u5e97)", "order_time": ["2019-01-19 12:45:41"], "total_order": 1, "hotel_value": ["4.8"], "hotel_price": ["379"]}, "26576625": {"hotel_name": "\u53a6\u95e8\u4e3d\u90fd\u516c\u5bd3", "order_time": ["2019-01-19 12:45:41"], "total_order": 1, "hotel_value": ["4.8"], "hotel_price": ["129"]}, "1838126": {"hotel_name": "\u53a6\u95e8\u53a6\u5927\u68a6\u6e90\u5ba2\u6808", "order_time": ["2019-01-19 12:45:41"], "total_order": 1, "hotel_value": ["4.9"], "hotel_price": ["139"]}, "11648449": {"hotel_name": "\u53a6\u95e8\u7d20\u516e.\u6d77\u8fb9\u5ea6\u5047\u5ba2\u6808(\u539f\u897f\u95e8\u753a\u7cbe\u54c1\u6c11\u5bbf)", "order_time": ["2019-01-19 12:45:41"], "total_order": 1, "hotel_value": [0], "hotel_price": ["89"]}, "1861720": {"hotel_name": "\u53a6\u95e8\u6b23\u4e07\u4ea8\u5feb\u6377\u9152\u5e97", "order_time": ["2019-01-19 12:45:41"], "total_order": 1, "hotel_value": ["4.3"], "hotel_price": ["133"]}, "11835156": {"hotel_name": "\u53a6\u95e8\u5706\u5706\u679c\u5ba2\u6808(\u539f\u6e29\u99a8\u5ba2\u6808)", "order_time": ["2019-01-19 12:45:41"], "total_order": 1, "hotel_value": [0], "hotel_price": ["128"]}, "6793389": {"hotel_name": "\u53a6\u95e8\u5929\u90fd\u5feb\u6377\u9152\u5e97", "order_time": ["2019-01-19 12:45:41"], "total_order": 1, "hotel_value": ["3.6"], "hotel_price": ["160"]}, "800110": {"hotel_name": "\u53a6\u95e8\u9f13\u6d6a\u5c7f\u4f0a\u4e9a\u65c5\u9986", "order_time": ["2019-01-19 12:45:42"], "total_order": 1, "hotel_value": ["4.3"], "hotel_price": ["174"]}, "445336": {"hotel_name": "\u5b9c\u5c1a\u9152\u5e97(\u53a6\u95e8\u706b\u8f66\u7ad9\u5e97)", "order_time": ["2019-01-19 12:47:38"], "total_order": 1, "hotel_value": ["4.8"], "hotel_price": ["265"]}, "437770": {"hotel_name": "\u53a6\u95e8\u79be\u6b63\u5927\u9152\u5e97", "order_time": ["2019-01-19 12:47:38"], "total_order": 1, "hotel_value": ["4.2"], "hotel_price": ["146"]}, "11894002": {"hotel_name": "\u53a6\u95e81\u53f7\u516c\u793e", "order_time": ["2019-01-19 12:47:39"], "total_order": 1, "hotel_value": ["4.8"], "hotel_price": ["103"]}, "13947777": {"hotel_name": "M10\u00b7\u6734\u5bbf\uff08\u53a6\u95e8\u4e2d\u5c71\u8def\u6b65\u884c\u8857\u5e97\uff09", "order_time": ["2019-01-19 12:47:39"], "total_order": 1, "hotel_value": ["4.9"], "hotel_price": ["60"]}, "468031": {"hotel_name": "\u53a6\u95e8\u9f13\u6d6a\u5c7f\u65e5\u5149\u5c0f\u7b51\u5bb6\u5ead\u65c5\u9986", "order_time": ["2019-01-19 12:47:39"], "total_order": 1, "hotel_value": ["4.3"], "hotel_price": ["246"]}, "5678520": {"hotel_name": "\u53a6\u95e8\u5e03\u62c9\u5fb7\u5ea6\u5047\u522b\u5885", "order_time": ["2019-01-19 12:47:39"], "total_order": 1, "hotel_value": ["4.7"], "hotel_price": ["570"]}, "5245811": {"hotel_name": "\u53a6\u95e8\u5317\u7ad9\u5047\u65e5\u9633\u5149\u9152\u5e97\u516c\u5bd3", "order_time": ["2019-01-19 12:47:39"], "total_order": 1, "hotel_value": ["3.8"], "hotel_price": ["128"]}, "17881548": {"hotel_name": "\u5927\u8c61\u6c11\u5bbf(\u53a6\u95e8\u706b\u8f66\u7ad9\u5e97)", "order_time": ["2019-01-19 12:47:40"], "total_order": 1, "hotel_value": ["4.7"], "hotel_price": ["376"]}, "1406082": {"hotel_name": "\u53a6\u95e8\u8c37\u8010\u9152\u5e97(\u539f\u5174\u4e07\u666f\u9152\u5e97)", "order_time": ["2019-01-19 12:47:40"], "total_order": 1, "hotel_value": ["4.3"], "hotel_price": ["113"]}, "771640": {"hotel_name": "\u8d1d\u58f3\u9152\u5e97(\u53a6\u95e8\u5927\u5b66\u5e97)", "order_time": ["2019-01-19 12:47:40"], "total_order": 1, "hotel_value": ["4.1"], "hotel_price": ["165"]}, "8569035": {"hotel_name": "\u53a6\u95e8\u9e6d\u987a\u5feb\u6377\u9152\u5e97\u706b\u8f66\u7ad9\u5e97", "order_time": ["2019-01-19 12:47:40"], "total_order": 1, "hotel_value": ["3.9"], "hotel_price": ["112"]}, "3688726": {"hotel_name": "\u53a6\u95e8\u53a6\u5927\u522b\u6811\u4e00\u9601\u7cbe\u54c1\u5ba2\u6808(\u539f\u53a6\u95e8\u5927\u5b66\u522b\u6811\u4e00\u9601\u5bb6\u5ead\u65c5\u9986)", "order_time": ["2019-01-19 12:47:40"], "total_order": 1, "hotel_value": ["4.8"], "hotel_price": ["184"]}, "6150133": {"hotel_name": "\u53a6\u95e8\u6c38\u6cf0\u5bb6\u5feb\u6377\u9152\u5e97", "order_time": ["2019-01-19 12:47:40"], "total_order": 1, "hotel_value": ["4.0"], "hotel_price": ["119"]}, "6599503": {"hotel_name": "\u53a6\u95e8\u7396\u5bab\u9601\u6c11\u5bbf", "order_time": ["2019-01-19 12:47:40"], "total_order": 1, "hotel_value": ["4.9"], "hotel_price": ["183"]}, "1018033": {"hotel_name": "\u53a6\u95e8\u5317\u7ad9\u5947\u65fa\u65c5\u9986", "order_time": ["2019-01-19 12:47:40"], "total_order": 1, "hotel_value": ["4.7"], "hotel_price": ["83"]}, "28756651": {"hotel_name": "\u53a6\u95e8\u660e\u6f3e\u8f7b\u5962\u5ea6\u5047\u522b\u5885", "order_time": ["2019-01-19 12:47:40"], "total_order": 1, "hotel_value": [0], "hotel_price": ["388"]}, "11159139": {"hotel_name": "\u53a6\u95e8\u60a6\u6d77\u5c45\u7cbe\u54c1\u6d77\u666f\u5ba2\u6808(\u539f\u4e91\u6d77\u96c5\u820d\u6d77\u666f\u5ba2\u6808)", "order_time": ["2019-01-19 12:47:40"], "total_order": 1, "hotel_value": ["4.8"], "hotel_price": ["45"]}, "15612784": {"hotel_name": "\u53a6\u95e8\u805a\u946b\u5ba2\u6808", "order_time": ["2019-01-19 12:47:40"], "total_order": 1, "hotel_value": ["4.5"], "hotel_price": ["103"]}, "2140140": {"hotel_name": "\u53a6\u95e8\u8fdc\u4e1c\u4e4b\u661f\u9152\u5e97", "order_time": ["2019-01-19 12:47:40"], "total_order": 1, "hotel_value": ["4.0"], "hotel_price": ["258"]}, "1468391": {"hotel_name": "\u53a6\u95e8\u53cc\u534e\u5174\u5bbe\u9986", "order_time": ["2019-01-19 12:47:40"], "total_order": 1, "hotel_value": ["4.3"], "hotel_price": ["91"]}, "3721473": {"hotel_name": "\u9f13\u6d6a\u5c7f\u843d\u6885\u8f69\u5bb6\u5ead\u65c5\u9986", "order_time": ["2019-01-19 12:47:40"], "total_order": 1, "hotel_value": ["4.5"], "hotel_price": ["164"]}, "2282501": {"hotel_name": "\u53a6\u95e8\u4e2d\u5c71\u540e\u8857\u5ea6\u5047\u65c5\u9986", "order_time": ["2019-01-19 12:47:41"], "total_order": 1, "hotel_value": ["4.5"], "hotel_price": ["136"]}, "5656116": {"hotel_name": "\u53a6\u95e8\u56f4\u91cc\u516c\u5bd3", "order_time": ["2019-01-19 12:47:41"], "total_order": 1, "hotel_value": ["4.5"], "hotel_price": ["95"]}, "2135037": {"hotel_name": "\u4f0a\u4eba\u6d77\u65c5\u9986(\u53a6\u95e8\u9f13\u6d6a\u5c7f\u798f\u5dde\u8def\u5e97)", "order_time": ["2019-01-19 12:47:42"], "total_order": 1, "hotel_value": ["4.7"], "hotel_price": ["196"]}, "11368377": {"hotel_name": "\u53a6\u95e8\u521d\u5c45\u5ba2\u6808\u5b59\u539d\u5e97", "order_time": ["2019-01-19 12:47:42"], "total_order": 1, "hotel_value": ["4.6"], "hotel_price": ["116"]}, "11019592": {"hotel_name": "\u98de\u5bbf\u8fde\u9501\u53a6\u95e8\u9999\u69ad\u6735\u62c9\u5e84\u56ed", "order_time": ["2019-01-19 12:49:43"], "total_order": 1, "hotel_value": ["4.9"], "hotel_price": ["219"]}, "1742980": {"hotel_name": "\u4f73\u6a59\u5feb\u6377\u9152\u5e97\uff08\u53a6\u95e8\u706b\u8f66\u7ad9\u5e97\uff09", "order_time": ["2019-01-19 12:49:43"], "total_order": 1, "hotel_value": ["4.1"], "hotel_price": ["83"]}, "2906054": {"hotel_name": "\u53a6\u95e8\u67ab\u548c\u6e90\u9152\u5e97", "order_time": ["2019-01-19 12:49:43"], "total_order": 1, "hotel_value": ["4.5"], "hotel_price": ["199"]}, "5788864": {"hotel_name": "\u53a6\u95e8\u5eb7\u83b1\u5fb7\u9152\u5e97", "order_time": ["2019-01-19 12:49:43"], "total_order": 1, "hotel_value": ["4.7"], "hotel_price": ["61272"]}, "434812": {"hotel_name": "\u53a6\u95e8\u65e5\u6708\u8c37\u6e29\u6cc9\u6e21\u5047\u6751", "order_time": ["2019-01-19 12:49:44"], "total_order": 1, "hotel_value": ["4.7"], "hotel_price": ["958"]}, "703570": {"hotel_name": "\u53a6\u95e8\u79b9\u6d32\u5609\u7f8e\u4f26\u9152\u5e97\u516c\u5bd3", "order_time": ["2019-01-19 12:49:44"], "total_order": 1, "hotel_value": ["4.6"], "hotel_price": ["440"]}, "702372": {"hotel_name": "\u9f99\u51c0\u53a6\u95e8\u9152\u5e97", "order_time": ["2019-01-19 12:49:44"], "total_order": 1, "hotel_value": ["4.5"], "hotel_price": ["303"]}, "5282077": {"hotel_name": "\u53a6\u95e8\u71d5\u6eaa\u9ad8\u7aef\u6c11\u5bbf", "order_time": ["2019-01-19 12:49:44"], "total_order": 1, "hotel_value": ["4.9"], "hotel_price": ["322"]}, "22569916": {"hotel_name": "\u53a6\u95e8\u5feb\u4e50\u4e4b\u65c5\u4e3b\u9898\u516c\u5bd3", "order_time": ["2019-01-19 12:49:44"], "total_order": 1, "hotel_value": ["4.7"], "hotel_price": ["278"]}, "5639861": {"hotel_name": "\u53a6\u95e8\u66fe\u539d\u57b5\u63fd\u6d77\u542c\u98ce\u56fd\u9645\u9752\u5e74\u65c5\u820d", "order_time": ["2019-01-19 12:49:45"], "total_order": 1, "hotel_value": ["4.7"], "hotel_price": ["48"]}, "1856716": {"hotel_name": "\u53a6\u95e8\u9e6d\u5c9b49\u53f7\u522b\u5885", "order_time": ["2019-01-19 12:49:45"], "total_order": 1, "hotel_value": ["4.7"], "hotel_price": ["236"]}, "2352863": {"hotel_name": "\u73af\u5c9b\u4f34\u6d77\u5ba2\u6808(\u53a6\u95e8\u53a6\u5927\u7cbe\u54c1\u5e97)(\u539f\u53a6\u5927\u82b1\u7530\u5c0f\u5c4b)", "order_time": ["2019-01-19 12:49:45"], "total_order": 1, "hotel_value": ["4.9"], "hotel_price": ["78"]}, "1399681": {"hotel_name": "\u53a6\u95e8\u6c90\u98ce\u5ba2\u6808(\u539f\u6cf0\u6f2b\u4f11\u95f2\u5ba2\u6808)", "order_time": ["2019-01-19 12:49:45"], "total_order": 1, "hotel_value": ["4.6"], "hotel_price": ["76"]}, "23885738": {"hotel_name": "\u53a6\u95e8\u5929\u6daf\u6bd4\u90bb\u5ba2\u6808", "order_time": ["2019-01-19 12:49:45"], "total_order": 1, "hotel_value": ["4.9"], "hotel_price": ["88"]}, "11090358": {"hotel_name": "\u53a6\u95e899\u65c5\u9986", "order_time": ["2019-01-19 12:49:45"], "total_order": 1, "hotel_value": ["4.6"], "hotel_price": ["83"]}, "11017203": {"hotel_name": "\u53a6\u95e8\u6654\u754c\u5ea6\u5047\u522b\u5885\u66fe\u539d\u57b5\u5e97", "order_time": ["2019-01-19 12:51:38"], "total_order": 1, "hotel_value": ["4.6"], "hotel_price": ["284"]}, "467612": {"hotel_name": "\u53a6\u95e8\u9f13\u6d6a\u5c7f\u8292\u679c\u6811\u65c5\u9986", "order_time": ["2019-01-19 12:51:39"], "total_order": 1, "hotel_value": ["4.9"], "hotel_price": ["146"]}, "1535354": {"hotel_name": "\u6d77\u53cb\u9152\u5e97(\u53a6\u95e8\u96c6\u7f8e\u5b66\u6751\u5e97)", "order_time": ["2019-01-19 12:51:39"], "total_order": 1, "hotel_value": ["4.3"], "hotel_price": ["151"]}, "929710": {"hotel_name": "\u53a6\u95e8\u516b\u5c71\u9152\u5e97", "order_time": ["2019-01-19 12:51:40"], "total_order": 1, "hotel_value": ["4.1"], "hotel_price": ["191"]}, "443061": {"hotel_name": "\u53a6\u95e8HUESyard\u4f11\u601d\u9662\u5b50\u522b\u5885", "order_time": ["2019-01-19 12:51:40"], "total_order": 1, "hotel_value": ["4.9"], "hotel_price": ["721"]}, "12229646": {"hotel_name": "\u6613\u4f70\u8fde\u9501\u65c5\u5e97(\u53a6\u95e8\u706b\u8f66\u7ad9\u6e56\u6ee8\u4e1c\u8def\u5e97)", "order_time": ["2019-01-19 12:51:40"], "total_order": 1, "hotel_value": ["4.0"], "hotel_price": ["104"]}, "1551085": {"hotel_name": "\u53a6\u95e8\u8d35\u5ba2\u6765\u9152\u5e97", "order_time": ["2019-01-19 12:51:41"], "total_order": 1, "hotel_value": ["3.8"], "hotel_price": ["87"]}}}