{"\u5f00\u59cb\u8bb0\u5f55\u65f6\u95f4": "2019-01-15 14:54:09", "\u7ed3\u675f\u8bb0\u5f55\u65f6\u95f4": "2019-01-15 15:54:09", "\u8ba2\u5355\u603b\u589e\u91cf": 316, "item": {"18516606": {"hotel_name": "\u53a6\u95e8\u71b9\u8fd1\u8bbe\u8ba1\u578b\u5ea6\u5047\u522b\u5885", "order_time": ["2019-01-15 14:54:44"], "total_order": 1, "hotel_value": ["4.9"], "hotel_price": ["180"]}, "11273652": {"hotel_name": "\u53a6\u95e8\u5fa1\u946b\u516c\u5bd3", "order_time": ["2019-01-15 14:54:44"], "total_order": 1, "hotel_value": ["4.7"], "hotel_price": ["118"]}, "4814798": {"hotel_name": "\u53a6\u95e8\u9f13\u6d6a\u5c7f\u6162\u5c4b\u5ea6\u5047\u522b\u5885", "order_time": ["2019-01-15 14:54:44"], "total_order": 1, "hotel_value": ["4.8"], "hotel_price": ["328"]}, "11159573": {"hotel_name": "\u53a6\u95e8\u98de\u5bbf\u8fde\u9501\u4e3d\u820d\u00b7\u6735\u62c9\u5e84\u56ed", "order_time": ["2019-01-15 14:54:44"], "total_order": 1, "hotel_value": ["4.9"], "hotel_price": ["149"]}, "1478399": {"hotel_name": "\u53a6\u95e8\u9f13\u6d6a\u5c7f\u5c0f\u767d\u5bab\u827a\u672f\u65c5\u9986", "order_time": ["2019-01-15 14:54:45"], "total_order": 1, "hotel_value": ["4.5"], "hotel_price": ["212"]}, "483838": {"hotel_name": "\u53a6\u95e8\u7a7a\u6e2f\u4f70\u7fd4\u82b1\u56ed\u9152\u5e97", "order_time": ["2019-01-15 14:56:29"], "total_order": 1, "hotel_value": ["4.5"], "hotel_price": ["292"]}, "27833083": {"hotel_name": "\u53a6\u95e8\u968f\u5fc3\u9601\u516c\u5bd3", "order_time": ["2019-01-15 14:56:29"], "total_order": 1, "hotel_value": ["4.8"], "hotel_price": ["140"]}, "890106": {"hotel_name": "\u53a6\u95e8\u4e3d\u65af\u6d77\u666f\u9152\u5e97", "order_time": ["2019-01-15 14:56:29"], "total_order": 1, "hotel_value": ["4.7"], "hotel_price": ["278"]}, "6118955": {"hotel_name": "\u53a6\u95e8\u827e\u5c14\u65af\u5ea6\u5047\u5e84\u56ed", "order_time": ["2019-01-15 14:56:30"], "total_order": 1, "hotel_value": ["4.9"], "hotel_price": ["126"]}, "4122689": {"hotel_name": "\u53a6\u95e8\u8fb9\u9645\u9152\u5e97", "order_time": ["2019-01-15 14:56:30"], "total_order": 1, "hotel_value": ["4.6"], "hotel_price": ["293"]}, "425692": {"hotel_name": "\u53a6\u95e8\u6d77\u60a6\u5c71\u5e84\u9152\u5e97", "order_time": ["2019-01-15 14:56:31"], "total_order": 1, "hotel_value": ["4.8"], "hotel_price": ["813"]}, "669139": {"hotel_name": "\u53a6\u95e8\u4eac\u50ce\u9890\u8c6a\u9152\u5e97", "order_time": ["2019-01-15 14:56:31"], "total_order": 1, "hotel_value": ["4.6"], "hotel_price": ["393"]}, "27938575": {"hotel_name": "\u53a6\u95e8\u6d77\u4e1d\u827a\u672f\u54c1\u4e2d\u5fc3\u4f70\u7fd4\u7428\u70c1\u9152\u5e97", "order_time": ["2019-01-15 14:56:31"], "total_order": 1, "hotel_value": ["4.8"], "hotel_price": ["408"]}, "11480187": {"hotel_name": "\u53a6\u95e8\u7261\u4e39\u6e2f\u90fd\u5927\u9152\u5e97", "order_time": ["2019-01-15 15:02:29", "2019-01-15 14:56:32"], "total_order": 2, "hotel_value": ["4.8", "4.8"], "hotel_price": ["676", "676"]}, "988894": {"hotel_name": "\u548c\u9890\u9152\u5e97(\u53a6\u95e8\u5927\u5b66\u7eff\u6676\u5e97)", "order_time": ["2019-01-15 14:56:32"], "total_order": 1, "hotel_value": ["4.5"], "hotel_price": ["288"]}, "2298734": {"hotel_name": "\u9526\u6c5f\u4e4b\u661f(\u53a6\u95e8\u96c6\u7f8e\u5b66\u6751\u5e97)", "order_time": ["2019-01-15 14:56:32"], "total_order": 1, "hotel_value": ["4.4"], "hotel_price": ["159"]}, "2367550": {"hotel_name": "\u53a6\u95e8\u5174\u5723\u4f18\u9009\u65c5\u9986", "order_time": ["2019-01-15 14:56:32"], "total_order": 1, "hotel_value": ["4.7"], "hotel_price": ["238"]}, "1318000": {"hotel_name": "\u8fce\u5bbe\u5bbe\u9986(\u53a6\u95e8\u8f6e\u6e21\u4e2d\u5c71\u5e97)", "order_time": ["2019-01-15 14:56:34"], "total_order": 1, "hotel_value": ["4.8"], "hotel_price": ["63"]}, "1018033": {"hotel_name": "\u53a6\u95e8\u5317\u7ad9\u5947\u65fa\u65c5\u9986", "order_time": ["2019-01-15 14:56:34"], "total_order": 1, "hotel_value": ["4.7"], "hotel_price": ["83"]}, "1338751": {"hotel_name": "\u53a6\u95e8\u5965\u65af\u6d77\u666f\u9152\u5e97", "order_time": ["2019-01-15 14:56:34"], "total_order": 1, "hotel_value": ["3.4"], "hotel_price": ["95"]}, "19579748": {"hotel_name": "\u53a6\u95e8\u5982\u5fc3\u5ea6\u5047\u522b\u82d1", "order_time": ["2019-01-15 14:56:34", "2019-01-15 15:16:41"], "total_order": 2, "hotel_value": ["4.9", "4.9"], "hotel_price": ["101", "101"]}, "6075104": {"hotel_name": "\u53a6\u95e8\u71d5\u00b7\u9752\u5e74\u65c5\u820d", "order_time": ["2019-01-15 14:56:34"], "total_order": 1, "hotel_value": ["4.7"], "hotel_price": ["53"]}, "2378739": {"hotel_name": "\u73af\u5c9b\u8def\u9633\u5149\u5c0f\u5c4b(\u53a6\u95e8\u66fe\u539d\u57b5\u5e97)(\u539f\u9e6d\u5c9b49\u53f7\u522b\u5885)", "order_time": ["2019-01-15 14:56:34"], "total_order": 1, "hotel_value": ["4.7"], "hotel_price": ["92"]}, "11480007": {"hotel_name": "\u53a6\u95e8\u66fe\u91cc\u516c\u9986", "order_time": ["2019-01-15 14:56:34"], "total_order": 1, "hotel_value": ["4.9"], "hotel_price": ["174"]}, "5073297": {"hotel_name": "\u53a6\u95e8\u65b0\u534f\u65c5\u9986", "order_time": ["2019-01-15 15:12:44", "2019-01-15 14:56:34"], "total_order": 2, "hotel_value": ["4.7", "4.7"], "hotel_price": ["113", "113"]}, "521077": {"hotel_name": "\u53a6\u95e8\u66fe\u539d\u57b5\u57b5\u5885\u6d77\u8fb9\u5ba2\u6808", "order_time": ["2019-01-15 14:56:34"], "total_order": 1, "hotel_value": ["4.6"], "hotel_price": ["70"]}, "1196997": {"hotel_name": "\u53a6\u95e8\u4e2d\u56ed\u5bbe\u9986", "order_time": ["2019-01-15 14:56:34"], "total_order": 1, "hotel_value": ["3.5"], "hotel_price": ["137"]}, "445604": {"hotel_name": "\u53a6\u95e8\u661f\u6708\u6d32\u540d\u5178\u9152\u5e97(\u539f\u672a\u6d3e\u540d\u5178\u9152\u5e97)", "order_time": ["2019-01-15 14:56:34"], "total_order": 1, "hotel_value": ["4.3"], "hotel_price": ["227"]}, "5656116": {"hotel_name": "\u53a6\u95e8\u56f4\u91cc\u516c\u5bd3", "order_time": ["2019-01-15 14:56:34"], "total_order": 1, "hotel_value": ["4.5"], "hotel_price": ["93"]}, "12131828": {"hotel_name": "\u53a6\u95e8\u5c71\u8c46\u51e0\u9752\u5e74\u9a7f\u7ad9", "order_time": ["2019-01-15 14:56:34"], "total_order": 1, "hotel_value": ["4.7"], "hotel_price": ["46"]}, "439405": {"hotel_name": "\u9f13\u6d6a\u5c7f\u4e91\u9645\u5ba2\u6808", "order_time": ["2019-01-15 14:56:39"], "total_order": 1, "hotel_value": ["5.0"], "hotel_price": ["491"]}, "12091233": {"hotel_name": "\u53a6\u95e8\u6816\u9690\u5ea6\u5047\u6c11\u5bbf", "order_time": ["2019-01-15 15:22:40", "2019-01-15 14:56:40"], "total_order": 2, "hotel_value": ["5.0", "5.0"], "hotel_price": ["194", "194"]}, "2302013": {"hotel_name": "\u9f13\u6d6a\u5c7f\u5c7f\u5cb8\u82b1\u5ea6\u5047\u65c5\u9986", "order_time": ["2019-01-15 14:56:42"], "total_order": 1, "hotel_value": ["4.3"], "hotel_price": ["113"]}, "4399158": {"hotel_name": "\u53a6\u95e8\u5ba2\u5bb6\u522b\u9662", "order_time": ["2019-01-15 14:56:42"], "total_order": 1, "hotel_value": ["4.8"], "hotel_price": ["67"]}, "2382631": {"hotel_name": "\u53a6\u95e8\u6e56\u8fb9\u5c0f\u5c45\u516c\u5bd3", "order_time": ["2019-01-15 14:56:43"], "total_order": 1, "hotel_value": ["4.2"], "hotel_price": ["93"]}, "1535356": {"hotel_name": "\u8bfa\u4e00\u9152\u5e97(\u53a6\u95e8\u660e\u53d1\u5e97)", "order_time": ["2019-01-15 14:56:43"], "total_order": 1, "hotel_value": ["3.7"], "hotel_price": ["108"]}, "11479450": {"hotel_name": "\u53a6\u95e8\u7761\u5fb7\u9999\u9152\u5e97\u516c\u5bd3", "order_time": ["2019-01-15 14:56:43"], "total_order": 1, "hotel_value": ["4.7"], "hotel_price": ["163"]}, "4590989": {"hotel_name": "\u53a6\u95e8\u4e94\u7f15\u9633\u5149\u5546\u52a1\u5bbe\u9986", "order_time": ["2019-01-15 15:44:41", "2019-01-15 14:56:43"], "total_order": 2, "hotel_value": ["4.2", "4.2"], "hotel_price": ["113", "100"]}, "6935963": {"hotel_name": "\u53a6\u95e8\u5f69\u4e91\u65c5\u793e", "order_time": ["2019-01-15 14:56:43"], "total_order": 1, "hotel_value": ["4.2"], "hotel_price": ["123"]}, "1929448": {"hotel_name": "\u53a6\u95e8\u6da6\u60a6\u4e30\u9152\u5e97", "order_time": ["2019-01-15 14:56:43"], "total_order": 1, "hotel_value": ["4.1"], "hotel_price": ["164"]}, "5769460": {"hotel_name": "\u53a6\u95e8\u5468\u6708\u4e3b\u9898\u5bbe\u9986", "order_time": ["2019-01-15 14:56:43"], "total_order": 1, "hotel_value": ["3.3"], "hotel_price": ["99"]}, "13637783": {"hotel_name": "\u53a6\u95e8\u5927\u767d\u4e4b\u5bb6\u65b0\u57ce\u5e97", "order_time": ["2019-01-15 14:56:43"], "total_order": 1, "hotel_value": ["4.3"], "hotel_price": ["183"]}, "1893345": {"hotel_name": "\u53a6\u95e8\u81f4\u5bb6\u7cbe\u54c1\u9152\u5e97", "order_time": ["2019-01-15 14:56:43"], "total_order": 1, "hotel_value": ["4.3"], "hotel_price": ["95"]}, "2308660": {"hotel_name": "\u53a6\u95e8\u5982\u9e4f\u5bbe\u9986", "order_time": ["2019-01-15 14:56:47"], "total_order": 1, "hotel_value": ["3.2"], "hotel_price": ["92"]}, "6510448": {"hotel_name": "\u53a6\u95e8\u4e09\u4e2a\u53a6\u5927\u4eba\u4e03\u5f26\u5c45\u6c11\u5bbf", "order_time": ["2019-01-15 14:56:54"], "total_order": 1, "hotel_value": ["4.9"], "hotel_price": ["183"]}, "2298885": {"hotel_name": "\u53a6\u95e8\u9f13\u6d6a\u5c7f\u6d77\u534e\u5ea6\u5047\u5c4b", "order_time": ["2019-01-15 14:57:00", "2019-01-15 15:12:31"], "total_order": 2, "hotel_value": ["5.0", "5.0"], "hotel_price": ["187", "187"]}, "429225": {"hotel_name": "\u53a6\u95e8\u9e6d\u6c5f\u5bbe\u9986", "order_time": ["2019-01-15 14:58:28"], "total_order": 1, "hotel_value": ["4.8"], "hotel_price": ["525"]}, "10201435": {"hotel_name": "\u53a6\u95e8\u4f70\u7fd4\u4e94\u901a\u9152\u5e97", "order_time": ["2019-01-15 14:58:28"], "total_order": 1, "hotel_value": ["4.7"], "hotel_price": ["779"]}, "28134136": {"hotel_name": "\u53a6\u95e8\u8f6c\u89d2\u5c4b\u6c11\u5bbf", "order_time": ["2019-01-15 14:58:28"], "total_order": 1, "hotel_value": ["4.9"], "hotel_price": ["105"]}, "434318": {"hotel_name": "\u53a6\u95e8\u9f13\u6d6a\u5c7f\u9f13\u6d6a\u522b\u5885\u9152\u5e97", "order_time": ["2019-01-15 14:58:29"], "total_order": 1, "hotel_value": ["4.6"], "hotel_price": ["498"]}, "6355587": {"hotel_name": "\u590f\u5546\u6021\u7fd4\u5047\u65e5\u9152\u5e97(\u53a6\u95e8\u706b\u8f66\u7ad9\u5e97)", "order_time": ["2019-01-15 14:58:29", "2019-01-15 15:28:33"], "total_order": 2, "hotel_value": ["4.8", "4.8"], "hotel_price": ["198", "198"]}, "483805": {"hotel_name": "\u53a6\u95e8\u6ee8\u5317\u9890\u8c6a\u9152\u5e97", "order_time": ["2019-01-15 14:58:30"], "total_order": 1, "hotel_value": ["4.8"], "hotel_price": ["458"]}, "346267": {"hotel_name": "\u53a6\u95e8\u5e1d\u5143\u7ef4\u591a\u5229\u4e9a\u5927\u9152\u5e97", "order_time": ["2019-01-15 14:58:30"], "total_order": 1, "hotel_value": ["4.5"], "hotel_price": ["548"]}, "4640529": {"hotel_name": "\u53a6\u95e8\u82b1\u5f00\u8317\u54c1\u5ba2\u6808", "order_time": ["2019-01-15 14:58:30"], "total_order": 1, "hotel_value": ["4.9"], "hotel_price": ["129"]}, "15899701": {"hotel_name": "\u6854\u5b50\u9152\u5e97\u7cbe\u9009(\u53a6\u95e8\u673a\u573a\u6210\u529f\u5927\u9053\u5e97)", "order_time": ["2019-01-15 14:58:30"], "total_order": 1, "hotel_value": ["4.8"], "hotel_price": ["303"]}, "2040417": {"hotel_name": "7\u5929\u4f18\u54c1\u9152\u5e97(\u53a6\u95e8\u673a\u573a\u6bbf\u524d\u5730\u94c1\u7ad9\u5e97)", "order_time": ["2019-01-15 14:58:31", "2019-01-15 15:00:28"], "total_order": 2, "hotel_value": ["4.7", "4.7"], "hotel_price": ["168", "168"]}, "2310246": {"hotel_name": "\u53a6\u95e8\u4e1c\u57ce\u6e7e\u5feb\u6377\u9152\u5e97", "order_time": ["2019-01-15 14:58:31"], "total_order": 1, "hotel_value": ["3.7"], "hotel_price": ["93"]}, "8974594": {"hotel_name": "\u53a6\u95e8\u73ba\u4e30\u9152\u5e97", "order_time": ["2019-01-15 14:58:31"], "total_order": 1, "hotel_value": ["4.6"], "hotel_price": ["171"]}, "436721": {"hotel_name": "\u53a6\u95e8\u9f13\u6d6a\u5c7f\u4e03\u91cc\u9999\u820d\u65c5\u9986", "order_time": ["2019-01-15 14:58:33"], "total_order": 1, "hotel_value": ["4.4"], "hotel_price": ["342"]}, "2593672": {"hotel_name": "\u592a\u7a7a\u8231\u9152\u5e97\uff08\u53a6\u95e8\u4e2d\u5c71\u8def\u8f6e\u6e21\u5e97\uff09", "order_time": ["2019-01-15 14:58:33"], "total_order": 1, "hotel_value": ["4.3"], "hotel_price": ["52"]}, "419463": {"hotel_name": "\u53a6\u95e8\u534e\u4fa8\u5927\u53a6", "order_time": ["2019-01-15 14:58:34"], "total_order": 1, "hotel_value": ["4.7"], "hotel_price": ["298"]}, "11523322": {"hotel_name": "\u826f\u5885\u00b7\u4e91\u5ead\u9047\u89c1\u5ba2\u6808(\u53a6\u95e8\u66fe\u539d\u57b5\u5e97)", "order_time": ["2019-01-15 14:58:35"], "total_order": 1, "hotel_value": ["5.0"], "hotel_price": ["116"]}, "437770": {"hotel_name": "\u53a6\u95e8\u79be\u6b63\u5927\u9152\u5e97", "order_time": ["2019-01-15 14:58:36"], "total_order": 1, "hotel_value": ["4.2"], "hotel_price": ["146"]}, "7081804": {"hotel_name": "\u53a6\u95e8\u6606\u820d\u8bbe\u8ba1\u9152\u5e97", "order_time": ["2019-01-15 14:58:37"], "total_order": 1, "hotel_value": ["4.8"], "hotel_price": ["660"]}, "23942133": {"hotel_name": "\u53a6\u95e8\u541b\u96c5\u8f7b\u5962\u9152\u5e97", "order_time": ["2019-01-15 15:00:27", "2019-01-15 15:12:29"], "total_order": 2, "hotel_value": ["4.6", "4.6"], "hotel_price": ["272", "272"]}, "346248": {"hotel_name": "\u53a6\u95e8\u6cf0\u8c37\u9152\u5e97", "order_time": ["2019-01-15 15:00:28"], "total_order": 1, "hotel_value": ["4.7"], "hotel_price": ["398"]}, "1540062": {"hotel_name": "\u4e45\u6816\u00b7\u9f13\u6d6a\u5c7f\u6d77\u5cb8\u82b1\u65c5\u9986", "order_time": ["2019-01-15 15:00:28"], "total_order": 1, "hotel_value": ["4.9"], "hotel_price": ["126"]}, "12092426": {"hotel_name": "\u53a6\u95e8\u91d1\u5c0f\u59d0\u522b\u9662(\u539f\u9999\u683c\u91cc\u5885\u5ea6\u5047\u5e84\u56ed)", "order_time": ["2019-01-15 15:00:30"], "total_order": 1, "hotel_value": ["4.9"], "hotel_price": ["131"]}, "375297": {"hotel_name": "\u53a6\u95e8\u9a6c\u54e5\u5b5b\u7f57\u4e1c\u65b9\u5927\u9152\u5e97", "order_time": ["2019-01-15 15:00:32"], "total_order": 1, "hotel_value": ["4.6"], "hotel_price": ["665"]}, "858889": {"hotel_name": "\u53a6\u95e8\u4e5d\u95f4\u5802\u8bbe\u8ba1\u5e08\u6c11\u5bbf(\u539f\u53a6\u95e8\u4e09\u6708\u5ba2\u6808)", "order_time": ["2019-01-15 15:18:30", "2019-01-15 15:00:32"], "total_order": 2, "hotel_value": ["4.8", "4.8"], "hotel_price": ["116", "116"]}, "21145945": {"hotel_name": "\u53a6\u95e8\u7fd4\u4e91\u56db\u5b63\u9152\u5e97", "order_time": ["2019-01-15 15:00:33"], "total_order": 1, "hotel_value": ["4.0"], "hotel_price": ["202"]}, "6530325": {"hotel_name": "\u53a6\u95e8\u5c71\u6d77\u89c2\u8d30\u53f7\u9662", "order_time": ["2019-01-15 15:00:34"], "total_order": 1, "hotel_value": ["4.7"], "hotel_price": ["688"]}, "782154": {"hotel_name": "\u53a6\u95e8\u9752\u5e74\u9633\u5149\u7cbe\u54c1\u5546\u52a1\u9152\u5e97(\u677e\u67cf\u6c7d\u8f66\u5e97)", "order_time": ["2019-01-15 15:00:34"], "total_order": 1, "hotel_value": ["4.5"], "hotel_price": ["176"]}, "5840745": {"hotel_name": "\u53a6\u95e8\u5317\u7ad9\u9752\u9038\u9152\u5e97", "order_time": ["2019-01-15 15:00:35"], "total_order": 1, "hotel_value": ["4.3"], "hotel_price": ["217"]}, "1247067": {"hotel_name": "\u53a6\u95e8\u5341\u56db\u4efd\u5ba2\u6808", "order_time": ["2019-01-15 15:00:35"], "total_order": 1, "hotel_value": ["4.9"], "hotel_price": ["121"]}, "447260": {"hotel_name": "\u590f\u5546\u00b7\u6021\u5ead\u5feb\u6377\u9152\u5e97(\u53a6\u95e8\u4e1c\u6e21\u90ae\u8f6e\u4e2d\u5fc3\u53a6\u9f13\u7801\u5934\u5e97)", "order_time": ["2019-01-15 15:00:38"], "total_order": 1, "hotel_value": ["4.1"], "hotel_price": ["136"]}, "1227390": {"hotel_name": "886\u7cbe\u54c1\u9152\u5e97(\u53a6\u95e8\u6d77\u6ca7\u533a\u653f\u5e9c\u5e97)", "order_time": ["2019-01-15 15:00:44"], "total_order": 1, "hotel_value": ["4.1"], "hotel_price": ["171"]}, "426864": {"hotel_name": "\u53a6\u95e8\u9f13\u6d6a\u5c7f\u6d77\u4e0a\u82b1\u56ed\u9152\u5e97", "order_time": ["2019-01-15 15:00:44"], "total_order": 1, "hotel_value": ["4.4"], "hotel_price": ["690"]}, "2297567": {"hotel_name": "\u65af\u94c2\u745e\u57ce\u5e02\u9152\u5e97(\u53a6\u95e8\u4e2d\u5c71\u516c\u56ed\u5730\u94c1\u7ad9\u5e97)(\u539f\u4e2d\u5c71\u8def\u6b65\u884c\u8857\u5e97)", "order_time": ["2019-01-15 15:00:47"], "total_order": 1, "hotel_value": ["4.7"], "hotel_price": ["128"]}, "483477": {"hotel_name": "\u7f57\u671b\u00b7\u53a6\u95e8\u9f13\u6d6a\u5c7f\u5317\u5c7f\u9152\u5e97", "order_time": ["2019-01-15 15:02:29"], "total_order": 1, "hotel_value": ["4.6"], "hotel_price": ["357"]}, "2937051": {"hotel_name": "\u53a6\u95e8\u9047\u7f8e\u00b7\u6cca\u5c7f\u6d77\u6e7e\u5ea6\u5047\u522b\u5885", "order_time": ["2019-01-15 15:02:29"], "total_order": 1, "hotel_value": ["4.7"], "hotel_price": ["268"]}, "21790917": {"hotel_name": "\u826f\u5885\u00b7\u4e91\u5ead\u65f6\u5149(\u53a6\u95e8\u66fe\u539d\u57b5\u5e97)", "order_time": ["2019-01-15 15:02:31"], "total_order": 1, "hotel_value": ["4.9"], "hotel_price": ["114"]}, "486719": {"hotel_name": "\u53a6\u95e8\u827e\u5c3c\u00b7\u58f9\u6c34\u6e7e\u5ea6\u5047\u9152\u5e97(\u539f\u5929\u6717\u58f9\u6c34\u6e7e\u9152\u5e97)", "order_time": ["2019-01-15 15:02:31"], "total_order": 1, "hotel_value": ["4.4"], "hotel_price": ["536"]}, "346262": {"hotel_name": "\u53a6\u95e8\u5a01\u65af\u6c40\u9152\u5e97", "order_time": ["2019-01-15 15:02:31"], "total_order": 1, "hotel_value": ["4.5"], "hotel_price": ["1128"]}, "1314936": {"hotel_name": "\u83ab\u6cf0268(\u53a6\u95e8\u706b\u8f66\u7ad9\u5e97)", "order_time": ["2019-01-15 15:06:28", "2019-01-15 15:02:32"], "total_order": 2, "hotel_value": ["4.3", "4.3"], "hotel_price": ["151", "151"]}, "431557": {"hotel_name": "\u901f8\u9152\u5e97(\u53a6\u95e8\u4e2d\u5c71\u8def\u8f6e\u6e21\u5e97)", "order_time": ["2019-01-15 15:06:30", "2019-01-15 15:02:34"], "total_order": 2, "hotel_value": ["4.4", "4.4"], "hotel_price": ["133", "133"]}, "2338764": {"hotel_name": "\u53a6\u95e8\u7eb3\u5ba2\u56fd\u9645\u9752\u5e74\u65c5\u820d", "order_time": ["2019-01-15 15:02:37"], "total_order": 1, "hotel_value": ["4.5"], "hotel_price": ["34"]}, "448912": {"hotel_name": "\u5982\u5bb6\u5feb\u6377\u9152\u5e97(\u53a6\u95e8\u706b\u8f66\u7ad9\u6e56\u6ee8\u4e1c\u8def\u9e3f\u8fd0\u5927\u53a6\u5e97)", "order_time": ["2019-01-15 15:02:40"], "total_order": 1, "hotel_value": ["4.3"], "hotel_price": ["138"]}, "2300428": {"hotel_name": "\u53a6\u95e8\u4e03\u661f\u8fde\u9501\u9152\u5e97", "order_time": ["2019-01-15 15:02:42"], "total_order": 1, "hotel_value": ["4.1"], "hotel_price": ["87"]}, "11648449": {"hotel_name": "\u53a6\u95e8\u7d20\u516e.\u6d77\u8fb9\u5ea6\u5047\u5ba2\u6808(\u539f\u897f\u95e8\u753a\u7cbe\u54c1\u6c11\u5bbf)", "order_time": ["2019-01-15 15:02:43"], "total_order": 1, "hotel_value": [0], "hotel_price": ["58"]}, "2074390": {"hotel_name": "\u53a6\u95e8\u5317\u7ad9\u5b89\u6021\u5c45\u5ba2\u6808", "order_time": ["2019-01-15 15:02:43"], "total_order": 1, "hotel_value": ["4.7"], "hotel_price": ["83"]}, "2363786": {"hotel_name": "\u4e00\u683c\u00b7\u5de2\u5bbf(\u53a6\u95e8\u66fe\u539d\u57b5\u5e97)", "order_time": ["2019-01-15 15:02:49"], "total_order": 1, "hotel_value": ["4.9"], "hotel_price": ["221"]}, "392554": {"hotel_name": "\u53a6\u95e8\u91d1\u745e\u4f73\u6cf0\u9152\u5e97(\u539f\u91d1\u5df4\u5170\u9152\u5e97)", "order_time": ["2019-01-15 15:04:30"], "total_order": 1, "hotel_value": ["4.5"], "hotel_price": ["299"]}, "428302": {"hotel_name": "\u53a6\u95e8\u706b\u8f66\u7ad9\u4e9a\u6735\u8f7b\u5c45\u9152\u5e97", "order_time": ["2019-01-15 15:04:34"], "total_order": 1, "hotel_value": ["4.8"], "hotel_price": ["385"]}, "346273": {"hotel_name": "\u53a6\u95e8\u78d0\u57fa\u5e0c\u5c14\u987f\u9152\u5e97", "order_time": ["2019-01-15 15:04:35"], "total_order": 1, "hotel_value": ["4.6"], "hotel_price": ["767"]}, "444706": {"hotel_name": "\u590f\u5546\u00b7\u6021\u5ead\u5546\u52a1\u9152\u5e97(\u53a6\u95e8\u706b\u8f66\u7ad9\u79be\u7965\u5e97)", "order_time": ["2019-01-15 15:04:35"], "total_order": 1, "hotel_value": ["4.5"], "hotel_price": ["131"]}, "2301312": {"hotel_name": "\u57ce\u5e02\u4fbf\u6377\u9152\u5e97(\u53a6\u95e8\u79be\u7965\u897f\u8def\u5e97)", "order_time": ["2019-01-15 15:04:36"], "total_order": 1, "hotel_value": ["4.3"], "hotel_price": ["150"]}, "1620068": {"hotel_name": "\u53a6\u95e8\u5317\u7ad9\u4e5d\u5ea6\u4e09\u5c71\u5e84", "order_time": ["2019-01-15 15:04:36", "2019-01-15 15:16:37"], "total_order": 2, "hotel_value": ["4.7", "4.7"], "hotel_price": ["153", "153"]}, "2310179": {"hotel_name": "\u53a6\u95e8\u66fc\u53ef\u8fde\u9501\u9152\u5e97", "order_time": ["2019-01-15 15:04:38"], "total_order": 1, "hotel_value": ["3.9"], "hotel_price": ["85"]}, "12627281": {"hotel_name": "\u53a6\u95e8\u524d\u6d77\u00b7\u97f5\u56ed\u5ea6\u5047\u522b\u5885", "order_time": ["2019-01-15 15:04:41"], "total_order": 1, "hotel_value": ["4.9"], "hotel_price": ["368"]}, "5978847": {"hotel_name": "\u6e2f\u6e7e\u6d77\u666f\u522b\u82d1(\u53a6\u95e8\u53a6\u5927\u5e97)", "order_time": ["2019-01-15 15:04:47"], "total_order": 1, "hotel_value": ["4.9"], "hotel_price": ["99"]}, "5386927": {"hotel_name": "\u53a6\u95e8\u552f\u820d\u5ea6\u5047\u5c4b", "order_time": ["2019-01-15 15:06:32"], "total_order": 1, "hotel_value": ["4.7"], "hotel_price": ["161"]}, "12787513": {"hotel_name": "\u9f13\u6d6a\u5c7f\u79c1\u4eab\u4e0d\u540c\u65c5\u9986", "order_time": ["2019-01-15 15:06:33"], "total_order": 1, "hotel_value": ["4.8"], "hotel_price": ["157"]}, "15849666": {"hotel_name": "\u5168\u5b63\u9152\u5e97(\u53a6\u95e8\u5317\u7ad9\u674f\u6797\u6e7e\u8def\u5e97)", "order_time": ["2019-01-15 15:06:34"], "total_order": 1, "hotel_value": ["4.7"], "hotel_price": ["284"]}, "28565834": {"hotel_name": "\u53a6\u95e8\u559c\u7f8e\u7f8e\u5c45\u9152\u5e97", "order_time": ["2019-01-15 15:06:34"], "total_order": 1, "hotel_value": ["5.0"], "hotel_price": ["382"]}, "1860967": {"hotel_name": "\u5fc3\u8fdc\u9152\u5e97(\u53a6\u95e8\u96c6\u7f8e\u5927\u5b66\u5e97)", "order_time": ["2019-01-15 15:06:35"], "total_order": 1, "hotel_value": ["4.5"], "hotel_price": ["126"]}, "428700": {"hotel_name": "\u5982\u5bb6\u5feb\u6377\u9152\u5e97(\u53a6\u95e8\u4e1c\u6e21\u9f13\u6d6a\u5c7f\u7801\u5934\u5e97)(\u539f\u4e1c\u6e21\u90ae\u8f6e\u4e2d\u5fc3\u53a6\u9f13\u7801\u5934\u5e97)", "order_time": ["2019-01-15 15:06:38"], "total_order": 1, "hotel_value": ["4.2"], "hotel_price": ["110"]}, "28676812": {"hotel_name": "\u53a6\u95e8MAGNA PARS\u6e56\u8fb9\u5ea6\u5047\u516c\u5bd3", "order_time": ["2019-01-15 15:06:40"], "total_order": 1, "hotel_value": [0], "hotel_price": ["218"]}, "2106785": {"hotel_name": "\u53a6\u95e8\u6c38\u6210\u5bbe\u9986", "order_time": ["2019-01-15 15:06:48"], "total_order": 1, "hotel_value": ["4.1"], "hotel_price": ["85"]}, "1637181": {"hotel_name": "\u53a6\u95e8\u5c0f\u94c1\u95e8\u7cbe\u54c1\u4e3b\u9898\u5ba2\u6808", "order_time": ["2019-01-15 15:06:50"], "total_order": 1, "hotel_value": ["3.8"], "hotel_price": ["62"]}, "5928027": {"hotel_name": "\u53a6\u95e8\u6c64\u6cc9\u94ed\u5c4b\u4f4f\u5bbf", "order_time": ["2019-01-15 15:07:09"], "total_order": 1, "hotel_value": ["4.8"], "hotel_price": ["148"]}, "1766513": {"hotel_name": "\u53a6\u95e8\u8363\u51ef\u4f18\u4f73\u6c11\u5bbf", "order_time": ["2019-01-15 15:26:36", "2019-01-15 15:08:30"], "total_order": 2, "hotel_value": ["4.9", "4.9"], "hotel_price": ["140", "140"]}, "1183066": {"hotel_name": "\u53a6\u95e8\u534e\u8212\u9152\u5e97", "order_time": ["2019-01-15 15:08:38"], "total_order": 1, "hotel_value": ["4.3"], "hotel_price": ["283"]}, "2279530": {"hotel_name": "\u53a6\u95e8\u5982\u5f52\u5c0f\u7b51", "order_time": ["2019-01-15 15:32:27", "2019-01-15 15:08:39"], "total_order": 2, "hotel_value": ["4.7", "4.7"], "hotel_price": ["94", "94"]}, "1199043": {"hotel_name": "\u53a6\u95e8\u5929\u60a6\u5ba2\u6808", "order_time": ["2019-01-15 15:08:43"], "total_order": 1, "hotel_value": ["4.9"], "hotel_price": ["83"]}, "5701956": {"hotel_name": "\u53a6\u95e8\u9038\u8f69\u516c\u5bd3", "order_time": ["2019-01-15 15:08:49"], "total_order": 1, "hotel_value": ["4.3"], "hotel_price": ["107"]}, "11500565": {"hotel_name": "\u826f\u5885\u00b7\u6f9c\u5ead\u5ea6\u5047\u522b\u5885(\u53a6\u95e8\u66fe\u539d\u57b5\u5e97)", "order_time": ["2019-01-15 15:10:25"], "total_order": 1, "hotel_value": ["4.9"], "hotel_price": ["474"]}, "1741995": {"hotel_name": "\u5982\u5bb6\u6d3e\u67cf\u00b7\u4e91\u9152\u5e97(\u53a6\u95e8\u53a6\u79be\u8def\u56fd\u8d38\u5e97)(\u539f\u4e9a\u66fc\u9152\u5e97)", "order_time": ["2019-01-15 15:10:26"], "total_order": 1, "hotel_value": ["4.1"], "hotel_price": ["125"]}, "6312273": {"hotel_name": "\u53a6\u95e8\u671b\u6d77\u697c\u5ea6\u5047\u522b\u5885", "order_time": ["2019-01-15 15:10:27"], "total_order": 1, "hotel_value": ["4.9"], "hotel_price": ["98"]}, "8568992": {"hotel_name": "\u53a6\u95e8\u5c7f\u60a6\u65c5\u5bbf", "order_time": ["2019-01-15 15:10:28"], "total_order": 1, "hotel_value": ["4.7"], "hotel_price": ["179"]}, "5435657": {"hotel_name": "\u9f13\u6d6a\u5c7f\u5706\u6c99\u6d32\u4e3b\u9898\u522b\u5885", "order_time": ["2019-01-15 15:10:29"], "total_order": 1, "hotel_value": ["4.9"], "hotel_price": ["177"]}, "11069276": {"hotel_name": "\u53a6\u95e8\u6c34\u6676\u6854\u5b50\u516c\u5bd3", "order_time": ["2019-01-15 15:10:29"], "total_order": 1, "hotel_value": ["4.5"], "hotel_price": ["161"]}, "1486948": {"hotel_name": "\u6c49\u5ead\u9152\u5e97(\u53a6\u95e8\u4e2d\u5c71\u8def\u8f6e\u6e21\u5e97)", "order_time": ["2019-01-15 15:10:32"], "total_order": 1, "hotel_value": ["4.4"], "hotel_price": ["199"]}, "1682829": {"hotel_name": "\u53a6\u95e8\u53a6\u5927\u6b27\u6d77\u9601\u5ea6\u5047\u5c4b", "order_time": ["2019-01-15 15:10:43"], "total_order": 1, "hotel_value": [0], "hotel_price": ["154"]}, "4041819": {"hotel_name": "\u5bb6\u5bb6\u4e50\u9152\u5e97\uff08\u53a6\u95e8\u4e2d\u5c71\u8def\u6b65\u884c\u8857\u5e97\uff09", "order_time": ["2019-01-15 15:12:28"], "total_order": 1, "hotel_value": ["4.4"], "hotel_price": ["193"]}, "1760902": {"hotel_name": "\u53a6\u95e8\u4e07\u4f73\u56fd\u9645\u9152\u5e97", "order_time": ["2019-01-15 15:12:29"], "total_order": 1, "hotel_value": ["4.6"], "hotel_price": ["423"]}, "6736731": {"hotel_name": "\u5e0c\u5cb8\u9152\u5e97(\u53a6\u95e8\u706b\u8f66\u7ad9\u5e97)(\u539f\u5357\u65b9\u996d\u5e97)", "order_time": ["2019-01-15 15:12:29"], "total_order": 1, "hotel_value": ["4.9"], "hotel_price": ["280"]}, "13985423": {"hotel_name": "\u53a6\u95e8\u4e00\u5e2d\u00b7\u9752\u5ddd\u6d77\u666f\u9a7f\u6808", "order_time": ["2019-01-15 15:12:30"], "total_order": 1, "hotel_value": ["4.9"], "hotel_price": ["144"]}, "467685": {"hotel_name": "\u53a6\u95e8\u767d\u9e6d\u6d32\u5927\u9152\u5e97", "order_time": ["2019-01-15 15:12:30"], "total_order": 1, "hotel_value": ["4.2"], "hotel_price": ["342"]}, "1876398": {"hotel_name": "\u53a6\u95e8\u9e6d\u5c9b\u00b7\u4e91\u6816\u6c11\u5bbf", "order_time": ["2019-01-15 15:12:30"], "total_order": 1, "hotel_value": ["5.0"], "hotel_price": ["184"]}, "346257": {"hotel_name": "\u53a6\u95e8\u6d77\u666f\u5343\u79a7\u5927\u9152\u5e97", "order_time": ["2019-01-15 15:12:32"], "total_order": 1, "hotel_value": ["4.5"], "hotel_price": ["590"]}, "5548882": {"hotel_name": "\u53a6\u95e8\u6d77\u65c5\u6e29\u5fb7\u59c6\u81f3\u5c0a\u9152\u5e97", "order_time": ["2019-01-15 15:12:32"], "total_order": 1, "hotel_value": ["4.7"], "hotel_price": ["522"]}, "800402": {"hotel_name": "\u53a6\u95e8\u8363\u6e90\u4e3b\u9898\u9152\u5e97", "order_time": ["2019-01-15 15:12:34"], "total_order": 1, "hotel_value": ["4.9"], "hotel_price": ["114"]}, "5639861": {"hotel_name": "\u53a6\u95e8\u66fe\u539d\u57b5\u63fd\u6d77\u542c\u98ce\u56fd\u9645\u9752\u5e74\u65c5\u820d", "order_time": ["2019-01-15 15:12:37"], "total_order": 1, "hotel_value": ["4.7"], "hotel_price": ["45"]}, "1541934": {"hotel_name": "\u53a6\u95e8\u68b5\u5c45\u00b7\u9759\u5fc3\u522b\u9662", "order_time": ["2019-01-15 15:12:38", "2019-01-15 15:34:28", "2019-01-15 15:30:35"], "total_order": 3, "hotel_value": ["4.9", "4.9", "4.9"], "hotel_price": ["203", "203", "203"]}, "1985198": {"hotel_name": "\u6c49\u5ead\u9152\u5e97(\u53a6\u95e8\u540c\u5b89\u533a\u653f\u5e9c\u5e97)", "order_time": ["2019-01-15 15:12:41"], "total_order": 1, "hotel_value": ["4.6"], "hotel_price": ["161"]}, "6117726": {"hotel_name": "\u8d1d\u591a\u62c9\u4e3b\u9898\u9152\u5e97(\u53a6\u95e8\u706b\u8f66\u7ad9\u5e97)", "order_time": ["2019-01-15 15:14:26"], "total_order": 1, "hotel_value": ["4.5"], "hotel_price": ["146"]}, "346260": {"hotel_name": "\u53a6\u95e8\u745e\u9890\u5927\u9152\u5e97", "order_time": ["2019-01-15 15:14:27"], "total_order": 1, "hotel_value": ["4.7"], "hotel_price": ["799"]}, "1230104": {"hotel_name": "\u53a6\u95e8\u63a2\u7d22\u9152\u5e97", "order_time": ["2019-01-15 15:14:28"], "total_order": 1, "hotel_value": ["4.5"], "hotel_price": ["433"]}, "21132146": {"hotel_name": "\u5929\u57fa\u5fa1\u5ead\u9152\u5e97(\u53a6\u95e8\u83b2\u5742\u5730\u94c1\u7ad9\u5e97)", "order_time": ["2019-01-15 15:14:28"], "total_order": 1, "hotel_value": ["4.8"], "hotel_price": ["128"]}, "21160125": {"hotel_name": "\u6021\u7a0b\u9152\u5e97(\u53a6\u95e8\u4e2d\u5c71\u8def\u5e97)", "order_time": ["2019-01-15 15:14:30"], "total_order": 1, "hotel_value": ["4.7"], "hotel_price": ["314"]}, "17908349": {"hotel_name": "\u53a6\u95e8\u9047\u7f8e\u00b7\u57b5\u90b8\u9152\u5e97", "order_time": ["2019-01-15 15:14:30"], "total_order": 1, "hotel_value": ["4.9"], "hotel_price": ["250"]}, "11216536": {"hotel_name": "\u53a6\u95e8\u5fc3\u6e56\u60a6\u7a7a\u95f4\u6c11\u5bbf", "order_time": ["2019-01-15 15:14:34"], "total_order": 1, "hotel_value": ["4.7"], "hotel_price": ["203"]}, "11511638": {"hotel_name": "\u53a6\u95e8\u5929\u6717\u7cbe\u54c1\u9152\u5e97\u516c\u5bd3", "order_time": ["2019-01-15 15:26:37", "2019-01-15 15:14:36"], "total_order": 2, "hotel_value": ["4.6", "4.6"], "hotel_price": ["143", "143"]}, "25665606": {"hotel_name": "\u53a6\u95e8\u7a7a\u6e2f\u667a\u9009\u5047\u65e5\u9152\u5e97", "order_time": ["2019-01-15 15:14:39", "2019-01-15 15:16:40"], "total_order": 2, "hotel_value": [0, 0], "hotel_price": ["409", "409"]}, "2135037": {"hotel_name": "\u4f0a\u4eba\u6d77\u65c5\u9986(\u53a6\u95e8\u9f13\u6d6a\u5c7f\u798f\u5dde\u8def\u5e97)", "order_time": ["2019-01-15 15:14:40"], "total_order": 1, "hotel_value": ["4.7"], "hotel_price": ["152"]}, "1071560": {"hotel_name": "\u53a6\u95e8\u5927\u4e91\u623f\u8f66", "order_time": ["2019-01-15 15:14:42"], "total_order": 1, "hotel_value": ["4.2"], "hotel_price": ["221"]}, "1583163": {"hotel_name": "\u5982\u5bb6\u5feb\u6377\u9152\u5e97(\u53a6\u95e8\u540c\u5b89\u6c7d\u8f66\u7ad9\u5e97)", "order_time": ["2019-01-15 15:14:42"], "total_order": 1, "hotel_value": ["4.5"], "hotel_price": ["113"]}, "2298925": {"hotel_name": "\u53a6\u95e8\u7d2b\u91d1\u5bbe\u9986", "order_time": ["2019-01-15 15:36:33", "2019-01-15 15:16:26"], "total_order": 2, "hotel_value": ["4.2", "4.2"], "hotel_price": ["373", "373"]}, "6129425": {"hotel_name": "\u6021\u6d77\u9601\u9152\u5e97(\u53a6\u95e8SM\u57ce\u5e02\u4e4c\u77f3\u6d66\u5730\u94c1\u7ad9\u5e97\uff09", "order_time": ["2019-01-15 15:16:26"], "total_order": 1, "hotel_value": ["4.6"], "hotel_price": ["198"]}, "4439627": {"hotel_name": "\u53a6\u95e8\u5df4\u6e1d\u5c9b\u5ea6\u5047\u522b\u5885", "order_time": ["2019-01-15 15:16:26"], "total_order": 1, "hotel_value": ["4.8"], "hotel_price": ["120"]}, "1860898": {"hotel_name": "\u901f8\u9152\u5e97(\u53a6\u95e8\u540c\u5b89\u5e97)", "order_time": ["2019-01-15 15:16:30"], "total_order": 1, "hotel_value": ["4.3"], "hotel_price": ["154"]}, "1410539": {"hotel_name": "\u53a6\u95e8\u53e4\u57ce\u5ba2\u6808", "order_time": ["2019-01-15 15:16:36"], "total_order": 1, "hotel_value": ["4.2"], "hotel_price": ["116"]}, "8970765": {"hotel_name": "\u53a6\u95e8\u9f13\u6d6a\u5c7f\u534a\u5c71\u4e5f\u6d77\u666f\u5ea6\u5047\u5c4b", "order_time": ["2019-01-15 15:16:38"], "total_order": 1, "hotel_value": ["4.8"], "hotel_price": ["171"]}, "5678520": {"hotel_name": "\u53a6\u95e8\u5e03\u62c9\u5fb7\u5ea6\u5047\u522b\u5885", "order_time": ["2019-01-15 15:16:38"], "total_order": 1, "hotel_value": ["4.7"], "hotel_price": ["550"]}, "1318017": {"hotel_name": "\u53a6\u95e8\u56fd\u9645\u9752\u5e74\u65c5\u820d", "order_time": ["2019-01-15 15:16:38"], "total_order": 1, "hotel_value": ["4.6"], "hotel_price": ["72"]}, "2380650": {"hotel_name": "\u683c\u6797\u8054\u76df\u9152\u5e97(\u53a6\u95e8\u704c\u53e3\u5e97)", "order_time": ["2019-01-15 15:16:38"], "total_order": 1, "hotel_value": ["4.3"], "hotel_price": ["168"]}, "2605823": {"hotel_name": "\u53a6\u95e8\u66fc\u53ef\u9152\u5e97", "order_time": ["2019-01-15 15:16:38"], "total_order": 1, "hotel_value": ["3.9"], "hotel_price": ["92"]}, "8568978": {"hotel_name": "\u53a6\u95e8\u5317\u7ad9\u6708\u5149\u5ba2\u6808", "order_time": ["2019-01-15 15:16:39"], "total_order": 1, "hotel_value": ["4.6"], "hotel_price": ["83"]}, "1405442": {"hotel_name": "\u53a6\u95e8\u4f50\u6d77\u4f1a\u5c55\u9152\u5e97", "order_time": ["2019-01-15 15:16:40"], "total_order": 1, "hotel_value": ["3.7"], "hotel_price": ["187"]}, "5377496": {"hotel_name": "\u53a6\u95e8\u5927\u5b66\u4e03\u514b\u62c9\u6d77\u666f\u516c\u5bd3", "order_time": ["2019-01-15 15:16:44"], "total_order": 1, "hotel_value": ["4.8"], "hotel_price": ["560"]}, "2582476": {"hotel_name": "99\u65c5\u9986\u8fde\u9501(\u53a6\u95e8\u5367\u9f99\u6653\u57ce\u5e97)", "order_time": ["2019-01-15 15:18:34"], "total_order": 1, "hotel_value": ["4.3"], "hotel_price": ["69"]}, "1682894": {"hotel_name": "\u53a6\u95e8\u7ea2\u8d1d\u58f3\u5ba2\u6808", "order_time": ["2019-01-15 15:19:02"], "total_order": 1, "hotel_value": ["4.8"], "hotel_price": ["133"]}, "6273849": {"hotel_name": "\u53a6\u95e8\u5929\u9716\u5ea6\u5047\u5c71\u5e84", "order_time": ["2019-01-15 15:19:06"], "total_order": 1, "hotel_value": ["4.7"], "hotel_price": ["879"]}, "387246": {"hotel_name": "\u53a6\u95e8\u5982\u662f\u9152\u5e97\u4f1a\u5c55\u5e97", "order_time": ["2019-01-15 15:20:28"], "total_order": 1, "hotel_value": ["4.7"], "hotel_price": ["340"]}, "26557640": {"hotel_name": "\u826f\u5885\u00b7\u66fc\u4e3d\u5609\u5ea6\u5047\u522b\u5885(\u53a6\u95e8\u66fe\u539d\u57b5\u5e97)", "order_time": ["2019-01-15 15:20:30"], "total_order": 1, "hotel_value": ["5.0"], "hotel_price": ["138"]}, "436728": {"hotel_name": "\u53a6\u95e8\u9f13\u6d6a\u5c7f\u82b1\u4e4b\u58f0\u65c5\u9986", "order_time": ["2019-01-15 15:20:32", "2019-01-15 15:40:30"], "total_order": 2, "hotel_value": ["4.5", "4.5"], "hotel_price": ["181", "181"]}, "10220748": {"hotel_name": "\u5e0c\u5cb8\u9152\u5e97(\u53a6\u95e8\u673a\u573a\u678b\u6e56\u5ba2\u8fd0\u4e2d\u5fc3\u5e97)", "order_time": ["2019-01-15 15:20:32"], "total_order": 1, "hotel_value": ["4.7"], "hotel_price": ["300"]}, "12256910": {"hotel_name": "\u53a6\u95e8\u82b1\u9752\u5bbf\u534a\u5c71\u82b1\u56ed\u7cbe\u54c1\u5ba2\u6808", "order_time": ["2019-01-15 15:20:33", "2019-01-15 15:42:33"], "total_order": 2, "hotel_value": ["4.9", "4.9"], "hotel_price": ["163", "163"]}, "2302833": {"hotel_name": "7\u5929\u8fde\u9501\u9152\u5e97(\u53a6\u95e8\u5317\u7ad9\u96c6\u7f8e\u5927\u5b66\u5e97)", "order_time": ["2019-01-15 15:20:33"], "total_order": 1, "hotel_value": ["4.5"], "hotel_price": ["139"]}, "2304360": {"hotel_name": "\u53a6\u95e8\u57ce\u5e02\u65f6\u95f4\u9152\u5e97", "order_time": ["2019-01-15 15:20:33"], "total_order": 1, "hotel_value": ["3.4"], "hotel_price": ["80"]}, "5979992": {"hotel_name": "\u53a6\u95e8\u5c71\u5c7f\u6d77\u7cbe\u54c1\u5ba2\u6808", "order_time": ["2019-01-15 15:22:28"], "total_order": 1, "hotel_value": ["4.8"], "hotel_price": ["91"]}, "739556": {"hotel_name": "\u53a6\u95e8\u604b\u604b\u6d77\u6e7e\u5ea6\u5047\u9152\u5e97", "order_time": ["2019-01-15 15:22:28"], "total_order": 1, "hotel_value": ["4.4"], "hotel_price": ["191"]}, "5980230": {"hotel_name": "\u53a6\u95e8\u9f13\u6d6a\u5c7f\u542c\u96e8\u8f69\u7cbe\u54c1\u5ba2\u6808\u5927\u5b66\u751f\u521b\u4e1a\u57fa\u5730\u5e97", "order_time": ["2019-01-15 15:22:30"], "total_order": 1, "hotel_value": ["4.8"], "hotel_price": ["103"]}, "1583164": {"hotel_name": "\u5982\u5bb6\u5feb\u6377\u9152\u5e97(\u53a6\u95e8\u53a6\u5927\u5357\u666e\u9640\u5bfa\u5e97)", "order_time": ["2019-01-15 15:22:31"], "total_order": 1, "hotel_value": ["4.3"], "hotel_price": ["161"]}, "1583129": {"hotel_name": "\u5982\u5bb6\u5feb\u6377\u9152\u5e97\uff08\u53a6\u95e8\u4e00\u4e2d\u5c06\u519b\u7960\u5730\u94c1\u7ad9\u5e97\uff09", "order_time": ["2019-01-15 15:22:33"], "total_order": 1, "hotel_value": ["4.5"], "hotel_price": ["132"]}, "2301441": {"hotel_name": "\u975e\u7e41\u57ce\u54c1\u9152\u5e97(\u53a6\u95e8\u96c6\u7f8e\u5927\u5b66\u5e97)", "order_time": ["2019-01-15 15:22:34"], "total_order": 1, "hotel_value": ["4.7"], "hotel_price": ["149"]}, "4815087": {"hotel_name": "\u53a6\u95e8\u9f13\u6d6a\u5c7f\u6f2b\u6f2b\u60a0\u60a0\u65c5\u9986", "order_time": ["2019-01-15 15:22:41"], "total_order": 1, "hotel_value": ["4.8"], "hotel_price": ["193"]}, "1416402": {"hotel_name": "\u53a6\u95e8\u5317\u7ad9\u9686\u5b89\u5ba2\u6808", "order_time": ["2019-01-15 15:22:56"], "total_order": 1, "hotel_value": ["4.7"], "hotel_price": ["78"]}, "486065": {"hotel_name": "\u6da6\u5ead\u7cbe\u54c1\u9152\u5e97(\u53a6\u95e8\u90ae\u8f6e\u7801\u5934\u4f53\u80b2\u4e2d\u5fc3\u5e97)", "order_time": ["2019-01-15 15:24:33"], "total_order": 1, "hotel_value": ["4.5"], "hotel_price": ["184"]}, "2298479": {"hotel_name": "\u6c49\u5ead\u9152\u5e97(\u53a6\u95e8\u540c\u5b89\u73af\u57ce\u5357\u8def\u5e97)", "order_time": ["2019-01-15 15:24:36"], "total_order": 1, "hotel_value": ["4.4"], "hotel_price": ["170"]}, "652036": {"hotel_name": "\u53a6\u95e8\u91d1\u7a57\u56ed\u6e29\u6cc9\u9152\u5e97", "order_time": ["2019-01-15 15:24:40"], "total_order": 1, "hotel_value": ["3.5"], "hotel_price": ["253"]}, "4656439": {"hotel_name": "\u8449\u820d\u82b1\u56ed\u522b\u5885(\u53a6\u95e8\u4e2d\u5c71\u8def\u5e97)(\u539f\u597d\u751f\u9152\u5e97)", "order_time": ["2019-01-15 15:26:29"], "total_order": 1, "hotel_value": ["4.9"], "hotel_price": ["502"]}, "8568987": {"hotel_name": "\u5e0c\u5cb8\u00b7\u8f7b\u96c5\u9152\u5e97(\u9f13\u6d6a\u5c7f\u5d69\u5c7f\u7801\u5934\u5e97)", "order_time": ["2019-01-15 15:26:30"], "total_order": 1, "hotel_value": ["4.8"], "hotel_price": ["172"]}, "1419294": {"hotel_name": "\u9526\u6c5f\u4e4b\u661f(\u53a6\u95e8\u5317\u7ad9\u5609\u5e9a\u4f53\u80b2\u9986\u5e97)", "order_time": ["2019-01-15 15:28:29", "2019-01-15 15:26:33"], "total_order": 2, "hotel_value": ["4.5", "4.5"], "hotel_price": ["167", "167"]}, "28525229": {"hotel_name": "\u53a6\u95e8\u96c5\u7434\u4f73\u5c45\u516c\u5bd3", "order_time": ["2019-01-15 15:44:44", "2019-01-15 15:26:33"], "total_order": 2, "hotel_value": ["4.9", "4.9"], "hotel_price": ["101", "101"]}, "3716537": {"hotel_name": "\u9752\u6728\u7cbe\u54c1\u516c\u5bd3(\u53a6\u95e8\u4e94\u7f18\u6e7e\u5e97)", "order_time": ["2019-01-15 15:26:33"], "total_order": 1, "hotel_value": ["4.7"], "hotel_price": ["210"]}, "6483107": {"hotel_name": "\u53a6\u95e8\u6234\u66fc\u65af\u7cbe\u54c1\u9152\u5e97", "order_time": ["2019-01-15 15:26:35"], "total_order": 1, "hotel_value": ["4.6"], "hotel_price": ["159"]}, "436741": {"hotel_name": "\u53a6\u95e8\u9f13\u6d6a\u5c7f\u56db\u5b63\u5982\u6625\u9152\u5e97", "order_time": ["2019-01-15 15:26:35"], "total_order": 1, "hotel_value": ["4.4"], "hotel_price": ["298"]}, "2299573": {"hotel_name": "\u53a6\u95e8\u805a\u84c9\u9152\u5e97", "order_time": ["2019-01-15 15:26:41"], "total_order": 1, "hotel_value": ["3.1"], "hotel_price": ["166"]}, "1990013": {"hotel_name": "\u53a6\u95e8\u5317\u7ad9\u6e29\u99a8\u96c5\u9601\u5bbe\u9986", "order_time": ["2019-01-15 15:26:44"], "total_order": 1, "hotel_value": ["4.7"], "hotel_price": ["68"]}, "511505": {"hotel_name": "\u53a6\u95e8\u7f8e\u4e3d\u534e\u5927\u9152\u5e97", "order_time": ["2019-01-15 15:28:29"], "total_order": 1, "hotel_value": ["4.4"], "hotel_price": ["407"]}, "15708322": {"hotel_name": "\u53a6\u95e8\u4e09\u4ed3\u9152\u5e97", "order_time": ["2019-01-15 15:28:30"], "total_order": 1, "hotel_value": ["4.7"], "hotel_price": ["194"]}, "1207050": {"hotel_name": "\u5982\u5bb6\u5feb\u6377\u9152\u5e97(\u53a6\u95e8\u4f1a\u5c55\u4e2d\u5fc3\u83b2\u524d\u897f\u8def\u5e97)", "order_time": ["2019-01-15 15:28:31"], "total_order": 1, "hotel_value": ["4.7"], "hotel_price": ["123"]}, "1338674": {"hotel_name": "\u53a6\u95e8\u5bf9\u5cb8\u5ba2\u6808", "order_time": ["2019-01-15 15:28:32"], "total_order": 1, "hotel_value": ["4.8"], "hotel_price": ["98"]}, "12250282": {"hotel_name": "\u53a6\u95e8\u6e29\u5c3c\u65af\u00b7\u542c\u5fc3\u9662\u5c71\u5c45\u5ea6\u5047\u522b\u5885", "order_time": ["2019-01-15 15:28:33"], "total_order": 1, "hotel_value": ["4.9"], "hotel_price": ["489"]}, "427072": {"hotel_name": "\u5ead\u82d1\u9152\u5e97(\u53a6\u95e8\u83b2\u82b1\u8def\u53e3\u5730\u94c1\u7ad9\u5e97)", "order_time": ["2019-01-15 15:28:34", "2019-01-15 15:34:31"], "total_order": 2, "hotel_value": ["4.7", "4.7"], "hotel_price": ["210", "210"]}, "898495": {"hotel_name": "\u6c49\u5ead\u9152\u5e97(\u53a6\u95e8\u79be\u7965\u897f\u8def\u79be\u7965\u5546\u57ce\u5e97)(\u539f\u6e56\u6ee8\u4e2d\u8def\u5e97)", "order_time": ["2019-01-15 15:28:35"], "total_order": 1, "hotel_value": ["4.4"], "hotel_price": ["142"]}, "23806720": {"hotel_name": "\u53a6\u95e8HITEL\u9152\u5e97", "order_time": ["2019-01-15 15:28:35"], "total_order": 1, "hotel_value": ["4.8"], "hotel_price": ["391"]}, "512888": {"hotel_name": "\u53a6\u95e8\u7fd4\u5b89\u9890\u8c6a\u9152\u5e97", "order_time": ["2019-01-15 15:28:35"], "total_order": 1, "hotel_value": ["4.7"], "hotel_price": ["1199"]}, "14152793": {"hotel_name": "\u53a6\u95e8\u65f6\u5c1a\u65c5\u9986(\u673a\u573a\u5e97)", "order_time": ["2019-01-15 15:28:46"], "total_order": 1, "hotel_value": ["4.7"], "hotel_price": ["88"]}, "1669784": {"hotel_name": "\u541b\u8fbe\u516c\u5bd3(\u53a6\u95e8\u9ad8\u5d0e\u673a\u573a\u5e97)", "order_time": ["2019-01-15 15:28:47"], "total_order": 1, "hotel_value": ["4.4"], "hotel_price": ["114"]}, "6119981": {"hotel_name": "\u53a6\u95e8\u9e6d\u6816\u5bb6\u5ead\u65c5\u9986", "order_time": ["2019-01-15 15:28:51", "2019-01-15 15:40:47"], "total_order": 2, "hotel_value": [0, 0], "hotel_price": ["168", "168"]}, "1586584": {"hotel_name": "\u53a6\u95e8\u5c45\u7f18\u5ba2\u6808", "order_time": ["2019-01-15 15:30:31"], "total_order": 1, "hotel_value": ["4.8"], "hotel_price": ["78"]}, "346271": {"hotel_name": "\u53a6\u95e8\u559c\u6765\u767b\u9152\u5e97", "order_time": ["2019-01-15 15:30:32"], "total_order": 1, "hotel_value": ["4.5"], "hotel_price": ["719"]}, "11824869": {"hotel_name": "\u53a6\u95e8\u7f57\u66fc\u534e\u5ead\u5ea6\u5047\u57ce\u5821\u5e84\u56ed", "order_time": ["2019-01-15 15:30:34"], "total_order": 1, "hotel_value": ["4.9"], "hotel_price": ["163"]}, "468128": {"hotel_name": "\u53a6\u95e8\u5170\u6842\u574a\u82b1\u56ed\u9152\u5e97", "order_time": ["2019-01-15 15:30:35"], "total_order": 1, "hotel_value": ["4.5"], "hotel_price": ["193"]}, "5237109": {"hotel_name": "\u53a6\u95e8\u73cd\u6ee8\u5927\u9152\u5e97", "order_time": ["2019-01-15 15:30:38"], "total_order": 1, "hotel_value": ["3.3"], "hotel_price": ["196"]}, "1730041": {"hotel_name": "\u9f13\u6d6a\u5c7f\u6e29\u838e\u516c\u9986", "order_time": ["2019-01-15 15:31:09"], "total_order": 1, "hotel_value": [0], "hotel_price": ["197"]}, "2031707": {"hotel_name": "\u53a6\u95e8\u964c\u5ba2\u5fae\u9152\u5e97\uff08\u53a6\u5927\u5b66\u751f\u516c\u5bd3\u5e97\uff09", "order_time": ["2019-01-15 15:32:26"], "total_order": 1, "hotel_value": ["4.6"], "hotel_price": ["135"]}, "795560": {"hotel_name": "\u5fc3\u8fdc\u5c1a\u54c1\u9152\u5e97(\u53a6\u95e8\u96c6\u7f8e\u5b66\u6751\u5e97)", "order_time": ["2019-01-15 15:32:29"], "total_order": 1, "hotel_value": ["4.8"], "hotel_price": ["174"]}, "702372": {"hotel_name": "\u9f99\u51c0\u53a6\u95e8\u9152\u5e97", "order_time": ["2019-01-15 15:32:29"], "total_order": 1, "hotel_value": ["4.5"], "hotel_price": ["312"]}, "14996654": {"hotel_name": "\u53a6\u95e8\u5317\u7ad9\u4e3d\u81f4\u7cbe\u54c1\u9152\u5e97", "order_time": ["2019-01-15 15:32:31"], "total_order": 1, "hotel_value": ["4.5"], "hotel_price": ["123"]}, "5788864": {"hotel_name": "\u53a6\u95e8\u5eb7\u83b1\u5fb7\u9152\u5e97", "order_time": ["2019-01-15 15:46:29", "2019-01-15 15:32:33"], "total_order": 2, "hotel_value": ["4.7", "4.7"], "hotel_price": ["1538", "1538"]}, "1707615": {"hotel_name": "\u53a6\u95e8\u7231\u5c1a\u4f18\u9a7f\u9152\u5e97", "order_time": ["2019-01-15 15:32:35"], "total_order": 1, "hotel_value": ["4.4"], "hotel_price": ["109"]}, "1860911": {"hotel_name": "\u53a6\u95e8\u540d\u5178\u7cbe\u54c1\u9152\u5e97(\u540c\u5b89\u5e97)", "order_time": ["2019-01-15 15:32:41"], "total_order": 1, "hotel_value": ["4.5"], "hotel_price": ["103"]}, "24910991": {"hotel_name": "\u53a6\u95e8\u6f2b\u6a3e\u91cc\u9152\u5e97", "order_time": ["2019-01-15 15:32:42"], "total_order": 1, "hotel_value": [0], "hotel_price": ["400"]}, "3688726": {"hotel_name": "\u53a6\u95e8\u53a6\u5927\u522b\u6811\u4e00\u9601\u7cbe\u54c1\u5ba2\u6808(\u539f\u53a6\u95e8\u5927\u5b66\u522b\u6811\u4e00\u9601\u5bb6\u5ead\u65c5\u9986)", "order_time": ["2019-01-15 15:32:42"], "total_order": 1, "hotel_value": ["4.8"], "hotel_price": ["114"]}, "1435101": {"hotel_name": "\u53a6\u95e8\u5317\u7ad9\u68a6\u53a6\u5ba2\u6808", "order_time": ["2019-01-15 15:32:50"], "total_order": 1, "hotel_value": ["4.5"], "hotel_price": ["68"]}, "1195853": {"hotel_name": "\u53a6\u95e8\u610f\u4f73\u9152\u5e97", "order_time": ["2019-01-15 15:34:34"], "total_order": 1, "hotel_value": ["4.4"], "hotel_price": ["81"]}, "2362494": {"hotel_name": "\u53a6\u95e8\u701a\u90fd\u5546\u52a1\u5bbe\u9986(\u539f\u96c5\u6cca\u5bbe\u9986)", "order_time": ["2019-01-15 15:34:38"], "total_order": 1, "hotel_value": ["3.8"], "hotel_price": ["138"]}, "5982442": {"hotel_name": "\u53a6\u95e8\u52aa\u52aa\u9752\u5e74\u65c5\u820d", "order_time": ["2019-01-15 15:34:40"], "total_order": 1, "hotel_value": ["4.7"], "hotel_price": ["56"]}, "24034391": {"hotel_name": "\u53a6\u95e8\u6c34\u6728\u6d77\u666f\u9152\u5e97", "order_time": ["2019-01-15 15:36:35"], "total_order": 1, "hotel_value": ["4.7"], "hotel_price": ["227"]}, "474586": {"hotel_name": "\u5982\u5bb6\u8054\u76df\u00b7\u53a6\u95e8\u6591\u6593\u9152\u5e97(\u539f\u91d1\u5e1d\u9152\u5e97)", "order_time": ["2019-01-15 15:36:35"], "total_order": 1, "hotel_value": ["4.8"], "hotel_price": ["254"]}, "5304807": {"hotel_name": "\u826f\u5885\u00b7\u4e91\u5ead\u758f\u9662(\u53a6\u95e8\u66fe\u539d\u57b5\u5e97)", "order_time": ["2019-01-15 15:36:35"], "total_order": 1, "hotel_value": ["4.9"], "hotel_price": ["150"]}, "11052008": {"hotel_name": "\u53a6\u95e8\u5343\u767e\u5ea6\u5ba2\u6808", "order_time": ["2019-01-15 15:36:41"], "total_order": 1, "hotel_value": ["4.9"], "hotel_price": ["196"]}, "16011608": {"hotel_name": "\u53a6\u95e8\u6f2b\u5c45\u516c\u5bd3", "order_time": ["2019-01-15 15:36:50"], "total_order": 1, "hotel_value": ["4.7"], "hotel_price": ["144"]}, "533287": {"hotel_name": "\u6da6\u5ead\u7cbe\u54c1\u9152\u5e97(\u53a6\u95e8\u53a6\u9f13\u7801\u5934\u5357\u5c71\u5e97)", "order_time": ["2019-01-15 15:38:36"], "total_order": 1, "hotel_value": ["4.3"], "hotel_price": ["248"]}, "19588228": {"hotel_name": "\u53a6\u95e8\u6c81\u56ed\u516c\u5bd3", "order_time": ["2019-01-15 15:38:48"], "total_order": 1, "hotel_value": ["4.9"], "hotel_price": ["63"]}, "1315375": {"hotel_name": "\u53a6\u95e8\u82cf\u56ed\u00b7\u5929\u5c71\u6cc9\u9152\u5e97", "order_time": ["2019-01-15 15:40:30"], "total_order": 1, "hotel_value": ["4.5"], "hotel_price": ["149"]}, "6150330": {"hotel_name": "\u8bd7\u516c\u5bd3(\u53a6\u95e8\u673a\u573a\u5e97)", "order_time": ["2019-01-15 15:40:31"], "total_order": 1, "hotel_value": ["4.2"], "hotel_price": ["95"]}, "436715": {"hotel_name": "\u9f13\u6d6a\u5c7f\u674e\u5bb6\u5e84\u9152\u5e97", "order_time": ["2019-01-15 15:40:33"], "total_order": 1, "hotel_value": ["4.9"], "hotel_price": ["737"]}, "441273": {"hotel_name": "\u9510\u601d\u7279\u00b7\u9038\u81f4\u9152\u5e97(\u53a6\u95e8\u4e2d\u5c71\u8def\u5e97)", "order_time": ["2019-01-15 15:40:33", "2019-01-15 15:50:33"], "total_order": 2, "hotel_value": ["4.8", "4.8"], "hotel_price": ["188", "188"]}, "428660": {"hotel_name": "\u53a6\u95e8\u9890\u749f\u82b1\u56ed\u9152\u5e97(\u539f\u65b0\u52a0\u5761\u9152\u5e97)", "order_time": ["2019-01-15 15:40:33"], "total_order": 1, "hotel_value": ["4.6"], "hotel_price": ["158"]}, "1549581": {"hotel_name": "\u53a6\u95e8\u7121\u4e8c\u00b7\u4e16\u5916\u8bbe\u8ba1\u578b\u5ea6\u5047\u522b\u5885", "order_time": ["2019-01-15 15:40:33"], "total_order": 1, "hotel_value": ["4.9"], "hotel_price": ["388"]}, "431131": {"hotel_name": "\u53a6\u95e8\u6bd5\u601d\u7279\u9152\u5e97", "order_time": ["2019-01-15 15:44:29", "2019-01-15 15:40:33"], "total_order": 2, "hotel_value": ["4.6", "4.6"], "hotel_price": ["331", "331"]}, "1787526": {"hotel_name": "\u53a6\u95e8\u9690\u897f\u6c11\u5bbf", "order_time": ["2019-01-15 15:40:33"], "total_order": 1, "hotel_value": ["4.8"], "hotel_price": ["191"]}, "701742": {"hotel_name": "\u901f8\u9152\u5e97(\u53a6\u95e8\u4e2d\u5c71\u8def\u53a6\u95e8\u5927\u5b66\u5e97)", "order_time": ["2019-01-15 15:40:33"], "total_order": 1, "hotel_value": ["4.6"], "hotel_price": ["145"]}, "6247525": {"hotel_name": "\u53a6\u95e8\u96c6\u7f8e\u5927\u5b66\u4e9a\u6735\u9152\u5e97(\u539f\u96c6\u5927\u5bbe\u9986)", "order_time": ["2019-01-15 15:40:33"], "total_order": 1, "hotel_value": ["4.9"], "hotel_price": ["428"]}, "4435448": {"hotel_name": "\u53a6\u95e8\u9752\u5c7f\u6c11\u5bbf", "order_time": ["2019-01-15 15:40:33"], "total_order": 1, "hotel_value": ["4.9"], "hotel_price": ["124"]}, "15717242": {"hotel_name": "\u53a6\u95e8\u9e6d\u5c9b\u6234\u65af\u9152\u5e97", "order_time": ["2019-01-15 15:40:34"], "total_order": 1, "hotel_value": ["4.5"], "hotel_price": ["211"]}, "1317936": {"hotel_name": "\u6d77\u53cb\u826f\u54c1\u9152\u5e97(\u53a6\u95e8\u660e\u53d1\u5e7f\u573a\u5e97)", "order_time": ["2019-01-15 15:40:35"], "total_order": 1, "hotel_value": ["4.2"], "hotel_price": ["135"]}, "6033919": {"hotel_name": "\u5361\u8428\u6d77\u8d1d\u9152\u5e97(\u9f13\u6d6a\u5c7f\u6d77\u5e95\u4e16\u754c\u5e97)", "order_time": ["2019-01-15 15:40:35"], "total_order": 1, "hotel_value": ["4.5"], "hotel_price": ["235"]}, "1451709": {"hotel_name": "\u53a6\u95e8\u5ead\u4e3d\u666f\u4fbf\u6377\u516c\u5bd3", "order_time": ["2019-01-15 15:40:37"], "total_order": 1, "hotel_value": ["4.7"], "hotel_price": ["118"]}, "2299730": {"hotel_name": "\u946b\u540d\u82d1\u9152\u5e97(\u53a6\u95e8\u6587\u5316\u827a\u672f\u4e2d\u5fc3\u5e97)", "order_time": ["2019-01-15 15:40:37"], "total_order": 1, "hotel_value": ["4.5"], "hotel_price": ["97"]}, "2512265": {"hotel_name": "\u53a6\u95e8\u5317\u7ad9\u5047\u65e5\u7cbe\u54c1\u5ba2\u6808", "order_time": ["2019-01-15 15:40:54"], "total_order": 1, "hotel_value": [0], "hotel_price": ["150"]}, "703570": {"hotel_name": "\u53a6\u95e8\u79b9\u6d32\u5609\u7f8e\u4f26\u9152\u5e97\u516c\u5bd3", "order_time": ["2019-01-15 15:42:30"], "total_order": 1, "hotel_value": ["4.6"], "hotel_price": ["430"]}, "1562601": {"hotel_name": "\u53a6\u95e8\u82b1\u5f00\u6f2b\u57ce\u751f\u6d3b\u65c5\u5c45\u9986", "order_time": ["2019-01-15 15:42:32"], "total_order": 1, "hotel_value": ["4.9"], "hotel_price": ["185"]}, "26556315": {"hotel_name": "\u9f13\u6d6a\u5c7f\u62fe\u672b\u65c5\u9986", "order_time": ["2019-01-15 15:42:33"], "total_order": 1, "hotel_value": ["4.9"], "hotel_price": ["256"]}, "1055853": {"hotel_name": "\u57ce\u5e02\u4fbf\u6377\u9152\u5e97(\u53a6\u95e8\u96c6\u7f8e\u5927\u5b66\u5e97)", "order_time": ["2019-01-15 15:42:35"], "total_order": 1, "hotel_value": ["4.5"], "hotel_price": ["169"]}, "22766983": {"hotel_name": "\u9e97\u67ab\u9152\u5e97(\u53a6\u95e8\u4e2d\u5c71\u8def\u6b65\u884c\u8857\u5e97)", "order_time": ["2019-01-15 15:44:29"], "total_order": 1, "hotel_value": ["4.7"], "hotel_price": ["268"]}, "10906517": {"hotel_name": "\u53a6\u95e8\u9e6d\u5c9b\u522b\u82d1\u6d77\u8fb9\u5ea6\u5047\u522b\u5885", "order_time": ["2019-01-15 15:44:30"], "total_order": 1, "hotel_value": ["4.8"], "hotel_price": ["141"]}, "2030776": {"hotel_name": "\u53a6\u95e8\u66fe\u539d\u57b5\u63fd\u6d77\u542c\u98ce\u7cbe\u54c1\u6c11\u5bbf", "order_time": ["2019-01-15 15:44:36"], "total_order": 1, "hotel_value": ["4.6"], "hotel_price": ["40"]}, "1599621": {"hotel_name": "\u53a6\u95e8\u9759\u77f3\u5ba2\u6808(\u539f\u82b1\u77f3\u5885\u5ba2\u6808)", "order_time": ["2019-01-15 15:44:37"], "total_order": 1, "hotel_value": ["4.4"], "hotel_price": ["163"]}, "15057390": {"hotel_name": "\u53a6\u95e8\u8ff7\u57ceOP\u516c\u5bd3", "order_time": ["2019-01-15 15:44:49"], "total_order": 1, "hotel_value": [0], "hotel_price": ["238"]}, "1768712": {"hotel_name": "\u53a6\u95e8\u9014\u5e84\u7cbe\u54c1\u9152\u5e97", "order_time": ["2019-01-15 15:46:26"], "total_order": 1, "hotel_value": ["4.7"], "hotel_price": ["148"]}, "11828465": {"hotel_name": "\u53a6\u95e8\u66fe\u539d\u57b5\u91d1\u5c0f\u59d0\u6ee8\u6d77\u5ba2\u6808", "order_time": ["2019-01-15 15:46:33"], "total_order": 1, "hotel_value": ["4.8"], "hotel_price": ["88"]}, "19479400": {"hotel_name": "\u53a6\u95e8\u4e94\u7f18\u5bbf\u516c\u5bd3", "order_time": ["2019-01-15 15:46:34"], "total_order": 1, "hotel_value": ["4.9"], "hotel_price": ["222"]}, "19626859": {"hotel_name": "\u968f\u5c45\u516c\u5bd3(\u53a6\u95e8\u5317\u7ad9\u534e\u5927\u5e97)", "order_time": ["2019-01-15 15:46:37"], "total_order": 1, "hotel_value": [0], "hotel_price": ["168"]}, "6696948": {"hotel_name": "\u53a6\u95e8\u6850\u7a0b\u590d\u5f0f\u516c\u5bd3\u9152\u5e97", "order_time": ["2019-01-15 15:46:53"], "total_order": 1, "hotel_value": ["4.7"], "hotel_price": ["201"]}, "5764803": {"hotel_name": "\u53a6\u95e8\u753b\u5eca\u65c5\u9986\u4e16\u5916\u6843\u6e90\u9986", "order_time": ["2019-01-15 15:47:07"], "total_order": 1, "hotel_value": ["4.9"], "hotel_price": ["178"]}, "2299892": {"hotel_name": "\u590f\u5546\u00b7\u6021\u5ead\u5546\u52a1\u9152\u5e97(\u53a6\u95e8\u7fd4\u5c0a\u5e97)", "order_time": ["2019-01-15 15:47:14"], "total_order": 1, "hotel_value": ["4.3"], "hotel_price": ["348"]}, "436711": {"hotel_name": "\u53a6\u95e8\u9f13\u6d6a\u5c7f\u6caa\u5c7f\u65c5\u9986", "order_time": ["2019-01-15 15:48:37"], "total_order": 1, "hotel_value": ["5.0"], "hotel_price": ["202"]}, "845501": {"hotel_name": "\u53a6\u95e8\u822b\u9633\u5927\u9152\u5e97", "order_time": ["2019-01-15 15:48:45"], "total_order": 1, "hotel_value": ["4.2"], "hotel_price": ["290"]}, "5236838": {"hotel_name": "\u53a6\u95e8\u65b0\u6e90\u5bbe\u9986", "order_time": ["2019-01-15 15:49:05"], "total_order": 1, "hotel_value": ["3.5"], "hotel_price": ["96"]}, "11089626": {"hotel_name": "\u53a6\u95e8\u5c14\u7fd4\u9152\u5e97", "order_time": ["2019-01-15 15:49:08"], "total_order": 1, "hotel_value": ["4.5"], "hotel_price": ["358"]}, "1473703": {"hotel_name": "\u53a6\u95e8LOFT\u56fd\u9645\u9752\u5e74\u65c5\u820d", "order_time": ["2019-01-15 15:50:26"], "total_order": 1, "hotel_value": ["4.6"], "hotel_price": ["35"]}, "6746006": {"hotel_name": "\u53a6\u95e8\u66fe\u539d\u57b5\u8fe6\u9005\u96c5\u5c45", "order_time": ["2019-01-15 15:50:28"], "total_order": 1, "hotel_value": ["4.8"], "hotel_price": ["139"]}, "1389209": {"hotel_name": "\u9526\u6c5f\u4e4b\u661f\u54c1\u5c1a(\u53a6\u95e8\u96c6\u7f8e\u5927\u5b66\u56fd\u8d38\u5e97)", "order_time": ["2019-01-15 15:50:28"], "total_order": 1, "hotel_value": ["4.6"], "hotel_price": ["199"]}, "10556585": {"hotel_name": "\u53a6\u95e8\u4e91\u4e5f\u9152\u5e97", "order_time": ["2019-01-15 15:50:28"], "total_order": 1, "hotel_value": ["4.8"], "hotel_price": ["454"]}, "432895": {"hotel_name": "\u82cf\u6258\u4e9a(\u9f13\u6d6a\u5c7f\u5de2\u5ead1919\u5e97)", "order_time": ["2019-01-15 15:50:28"], "total_order": 1, "hotel_value": ["4.8"], "hotel_price": ["289"]}, "439457": {"hotel_name": "\u53a6\u95e8\u6676\u73d1\u5927\u9152\u5e97", "order_time": ["2019-01-15 15:50:29"], "total_order": 1, "hotel_value": ["4.3"], "hotel_price": ["288"]}, "6246343": {"hotel_name": "\u53a6\u95e8\u6162\u751f\u6d3b\u00b7\u6696\u5357\u7f8e\u5885", "order_time": ["2019-01-15 15:50:31"], "total_order": 1, "hotel_value": ["4.9"], "hotel_price": ["230"]}, "6232787": {"hotel_name": "\u53a6\u95e8\u84dd\u5c71\u8d8a\u9152\u5e97", "order_time": ["2019-01-15 15:50:31"], "total_order": 1, "hotel_value": ["4.7"], "hotel_price": ["438"]}, "12780885": {"hotel_name": "\u53a6\u95e8\u7121\u4e8c\u00b7\u90a3\u6240\u9152\u5e97", "order_time": ["2019-01-15 15:50:32"], "total_order": 1, "hotel_value": ["4.9"], "hotel_price": ["350"]}, "12522024": {"hotel_name": "\u53a6\u95e8\u5927\u5b66\u5fc3\u65c5\u6d77\u666f\u9152\u5e97\u5f0f\u516c\u5bd3(\u539f\u4e16\u8302\u53cc\u5b50\u5854\u53a6\u5927\u6d77\u666f\u9152\u5e97)", "order_time": ["2019-01-15 15:50:33"], "total_order": 1, "hotel_value": ["4.7"], "hotel_price": ["394"]}, "438586": {"hotel_name": "\u53a6\u95e8\u5c71\u6c34\u4e3d\u666f\u5927\u9152\u5e97", "order_time": ["2019-01-15 15:50:33"], "total_order": 1, "hotel_value": ["4.4"], "hotel_price": ["380"]}, "6336638": {"hotel_name": "\u53a6\u95e8\u897f\u8fb9\u820d\u5ba2\u6808", "order_time": ["2019-01-15 15:50:36"], "total_order": 1, "hotel_value": ["4.9"], "hotel_price": ["94"]}, "509970": {"hotel_name": "\u53a6\u95e8\u9a8f\u8c6a\u4f1a", "order_time": ["2019-01-15 15:50:36"], "total_order": 1, "hotel_value": ["4.6"], "hotel_price": ["597"]}, "4092420": {"hotel_name": "\u9f13\u6d6a\u5c7f\u90a3\u5c9b\u90a3\u6d77\u5ea6\u5047\u65c5\u9986", "order_time": ["2019-01-15 15:50:36"], "total_order": 1, "hotel_value": ["4.8"], "hotel_price": ["298"]}, "470600": {"hotel_name": "\u53a6\u95e8\u9f13\u6d6a\u5c7f\u56fd\u738b\u76d2\u5b50\u5ea6\u5047\u5c4b", "order_time": ["2019-01-15 15:50:36"], "total_order": 1, "hotel_value": ["4.6"], "hotel_price": ["96"]}, "8363593": {"hotel_name": "\u82b1\u7f8e\u65f6\u7f8e\u666f\u9152\u5e97\uff08\u53a6\u95e8\u89c2\u97f3\u5c71\u5e97\uff09", "order_time": ["2019-01-15 15:50:37"], "total_order": 1, "hotel_value": ["4.7"], "hotel_price": ["208"]}, "6516890": {"hotel_name": "\u5168\u5b63\u9152\u5e97(\u53a6\u95e8SM\u5e7f\u573a\u677e\u67cf\u5e97)", "order_time": ["2019-01-15 15:50:37"], "total_order": 1, "hotel_value": ["4.8"], "hotel_price": ["379"]}, "1405990": {"hotel_name": "\u901f8\u9152\u5e97(\u53a6\u95e8\u706b\u8f66\u7ad9\u5e97)", "order_time": ["2019-01-15 15:50:38"], "total_order": 1, "hotel_value": ["4.3"], "hotel_price": ["142"]}, "9361749": {"hotel_name": "\u53a6\u95e8\u9f13\u6d6a\u5c7f\u5362\u5361\u56fd\u9645\u9752\u5e74\u65c5\u820d", "order_time": ["2019-01-15 15:50:41"], "total_order": 1, "hotel_value": ["4.4"], "hotel_price": ["70"]}, "1815575": {"hotel_name": "\u53a6\u95e8\u4e00\u54c1\u00b7\u6734\u5bbf(\u539f\u6f2b\u6d77\u5c45\u5ba2\u6808)", "order_time": ["2019-01-15 15:52:35"], "total_order": 1, "hotel_value": ["4.9"], "hotel_price": ["134"]}, "11500242": {"hotel_name": "\u53a6\u95e8\u90a3\u5c71\u90a3\u6d77\u5ea6\u5047\u6d77\u666f\u522b\u5885(\u539f\u5929\u6cc9\u6e7e\u6d77\u666f\u522b\u5885)", "order_time": ["2019-01-15 15:52:37"], "total_order": 1, "hotel_value": ["4.9"], "hotel_price": ["161"]}}}