{"\u5f00\u59cb\u8bb0\u5f55\u65f6\u95f4": "2019-01-25 13:45:14", "\u7ed3\u675f\u8bb0\u5f55\u65f6\u95f4": "2019-01-25 14:45:14", "\u8ba2\u5355\u603b\u589e\u91cf": 506, "item": {"23806720": {"hotel_name": "\u53a6\u95e8HITEL\u9152\u5e97", "order_time": ["2019-01-25 13:47:20"], "total_order": 1, "hotel_value": ["4.9"], "hotel_price": ["466"]}, "448703": {"hotel_name": "\u53a6\u95e8\u4e50\u96c5\u65e0\u57a0\u9152\u5e97", "order_time": ["2019-01-25 13:47:20"], "total_order": 1, "hotel_value": ["4.6"], "hotel_price": ["679"]}, "6112181": {"hotel_name": "\u53a6\u95e8\u6c38\u4e3d\u8fbe\u4e3d\u5448\u9152\u5e97", "order_time": ["2019-01-25 13:55:20", "2019-01-25 13:47:20"], "total_order": 2, "hotel_value": ["4.8", "4.8"], "hotel_price": ["509", "509"]}, "429062": {"hotel_name": "\u53a6\u95e8\u7c73\u4ed1\u9152\u5e97", "order_time": ["2019-01-25 13:47:20"], "total_order": 1, "hotel_value": ["4.6"], "hotel_price": ["146"]}, "22817797": {"hotel_name": "\u53a6\u95e8\u57ce\u5e02\u5e7f\u573a\u5e0c\u5c14\u987f\u6b22\u670b\u9152\u5e97", "order_time": ["2019-01-25 13:47:21", "2019-01-25 13:53:20"], "total_order": 2, "hotel_value": ["4.5", "4.5"], "hotel_price": ["528", "528"]}, "700170": {"hotel_name": "\u541b\u5e1d\u6e7e\u9152\u5e97(\u53a6\u95e8\u5927\u5b66\u5e97)", "order_time": ["2019-01-25 13:47:22"], "total_order": 1, "hotel_value": ["4.5"], "hotel_price": ["178"]}, "2042480": {"hotel_name": "7\u5929\u8fde\u9501\u9152\u5e97(\u53a6\u95e8\u9f13\u6d6a\u5c7f\u7801\u5934\u5e97)", "order_time": ["2019-01-25 13:47:22"], "total_order": 1, "hotel_value": ["3.9"], "hotel_price": ["160"]}, "669139": {"hotel_name": "\u53a6\u95e8\u4eac\u50ce\u9890\u8c6a\u9152\u5e97", "order_time": ["2019-01-25 14:13:21", "2019-01-25 13:47:22", "2019-01-25 14:05:20", "2019-01-25 14:09:23"], "total_order": 4, "hotel_value": ["4.6", "4.6", "4.6", "4.6"], "hotel_price": ["393", "393", "393", "393"]}, "346264": {"hotel_name": "\u53a6\u95e8\u827e\u7f8e\u9152\u5e97", "order_time": ["2019-01-25 13:47:22", "2019-01-25 13:51:20"], "total_order": 2, "hotel_value": ["4.7", "4.7"], "hotel_price": ["748", "748"]}, "5980230": {"hotel_name": "\u53a6\u95e8\u9f13\u6d6a\u5c7f\u542c\u96e8\u8f69\u7cbe\u54c1\u5ba2\u6808\u5927\u5b66\u751f\u521b\u4e1a\u57fa\u5730\u5e97", "order_time": ["2019-01-25 13:47:22"], "total_order": 1, "hotel_value": ["4.8"], "hotel_price": ["171"]}, "440397": {"hotel_name": "\u7231\u4e01\u5821\u9152\u5e97(\u53a6\u95e8\u53a6\u9f13\u7801\u5934\u5e97)(\u539f\u9890\u9526\u9152\u5e97)", "order_time": ["2019-01-25 13:47:22"], "total_order": 1, "hotel_value": ["4.6"], "hotel_price": ["99"]}, "1816339": {"hotel_name": "\u6c49\u5ead\u9152\u5e97(\u53a6\u95e8\u4e2d\u5c71\u8def\u6b65\u884c\u8857\u5e97)", "order_time": ["2019-01-25 13:47:23"], "total_order": 1, "hotel_value": ["4.5"], "hotel_price": ["246"]}, "419463": {"hotel_name": "\u53a6\u95e8\u534e\u4fa8\u5927\u53a6", "order_time": ["2019-01-25 13:47:23", "2019-01-25 14:39:23"], "total_order": 2, "hotel_value": ["4.7", "4.7"], "hotel_price": ["328", "328"]}, "1745087": {"hotel_name": "\u53a6\u95e8\u91d1\u9601\u5ead\u5ba2\u6808", "order_time": ["2019-01-25 14:17:23", "2019-01-25 13:47:26"], "total_order": 2, "hotel_value": [0, 0], "hotel_price": ["109", "109"]}, "2309440": {"hotel_name": "\u6613\u4f70\u8fde\u9501\u65c5\u5e97(\u53a6\u95e8\u6c5f\u5934\u540e\u57d4\u5e97)", "order_time": ["2019-01-25 13:47:27"], "total_order": 1, "hotel_value": ["3.3"], "hotel_price": ["72"]}, "479016": {"hotel_name": "\u53a6\u95e8\u79d8\u5bc6\u82b1\u56ed\u5ba2\u6808", "order_time": ["2019-01-25 13:47:28"], "total_order": 1, "hotel_value": ["4.9"], "hotel_price": ["114"]}, "6763972": {"hotel_name": "\u53a6\u95e8\u5317\u7ad9\u66fc\u5df4\u9152\u5e97", "order_time": ["2019-01-25 13:49:21"], "total_order": 1, "hotel_value": ["4.7"], "hotel_price": ["152"]}, "369750": {"hotel_name": "\u53a6\u95e8\u6cdb\u592a\u5e73\u6d0b\u5927\u9152\u5e97", "order_time": ["2019-01-25 13:49:21", "2019-01-25 14:13:21", "2019-01-25 14:09:23"], "total_order": 3, "hotel_value": ["4.6", "4.6", "4.6"], "hotel_price": ["599", "599", "599"]}, "346271": {"hotel_name": "\u53a6\u95e8\u559c\u6765\u767b\u9152\u5e97", "order_time": ["2019-01-25 13:49:21"], "total_order": 1, "hotel_value": ["4.5"], "hotel_price": ["726"]}, "431131": {"hotel_name": "\u53a6\u95e8\u6bd5\u601d\u7279\u9152\u5e97", "order_time": ["2019-01-25 14:29:20", "2019-01-25 14:13:21", "2019-01-25 13:49:22"], "total_order": 3, "hotel_value": ["4.6", "4.6", "4.6"], "hotel_price": ["358", "358", "358"]}, "483838": {"hotel_name": "\u53a6\u95e8\u7a7a\u6e2f\u4f70\u7fd4\u82b1\u56ed\u9152\u5e97", "order_time": ["2019-01-25 13:49:22", "2019-01-25 14:11:20", "2019-01-25 14:41:20"], "total_order": 3, "hotel_value": ["4.5", "4.5", "4.5"], "hotel_price": ["292", "331", "331"]}, "24034391": {"hotel_name": "\u53a6\u95e8\u6c34\u6728\u6d77\u666f\u9152\u5e97", "order_time": ["2019-01-25 13:49:23", "2019-01-25 14:15:23", "2019-01-25 14:07:21"], "total_order": 3, "hotel_value": ["4.7", "4.7", "4.7"], "hotel_price": ["271", "271", "266"]}, "457043": {"hotel_name": "\u9752\u5e74\u9633\u5149\u9152\u5e97(\u53a6\u95e8\u4e2d\u5c71\u8def\u5e97)(\u539f\u540e\u6ee8\u4e2a\u6027\u5e97)", "order_time": ["2019-01-25 13:49:23"], "total_order": 1, "hotel_value": ["4.7"], "hotel_price": ["140"]}, "1738310": {"hotel_name": "\u53a6\u95e8\u9752\u5e74\u9633\u5149\u7cbe\u54c1\u5546\u52a1\u9152\u5e97(\u678b\u6e56\u5e97)", "order_time": ["2019-01-25 13:49:24", "2019-01-25 13:57:21"], "total_order": 2, "hotel_value": ["4.4", "4.4"], "hotel_price": ["211", "211"]}, "23860879": {"hotel_name": "\u53a6\u95e8\u4e50\u4e91\u68da\u5ea6\u5047\u5c4b", "order_time": ["2019-01-25 13:49:24", "2019-01-25 14:09:27", "2019-01-25 14:01:25"], "total_order": 3, "hotel_value": ["4.8", "4.8", "4.8"], "hotel_price": ["260", "260", "260"]}, "21344089": {"hotel_name": "\u53a6\u95e8\u82b1\u679c\u5bbf(\u6d77\u539d)\u751f\u6d3b\u9986", "order_time": ["2019-01-25 13:49:25"], "total_order": 1, "hotel_value": ["4.9"], "hotel_price": ["210"]}, "514344": {"hotel_name": "\u53a6\u95e8\u94c2\u5c14\u6e7e\u9152\u5e97", "order_time": ["2019-01-25 13:49:25"], "total_order": 1, "hotel_value": ["4.1"], "hotel_price": ["118"]}, "25798878": {"hotel_name": "\u53a6\u95e8Night\u00b7\u91cc\u7ea6\u516c\u5bd3", "order_time": ["2019-01-25 13:49:26"], "total_order": 1, "hotel_value": ["4.5"], "hotel_price": ["183"]}, "12622395": {"hotel_name": "\u53a6\u95e8\u71d5\u6816\u8bbe\u8ba1\u6c11\u5bbf", "order_time": ["2019-01-25 14:33:29", "2019-01-25 14:09:23", "2019-01-25 14:27:20", "2019-01-25 13:49:26", "2019-01-25 14:21:19"], "total_order": 5, "hotel_value": ["4.9", "4.9", "4.9", "4.9", "4.9"], "hotel_price": ["188", "188", "274", "274", "274"]}, "12624286": {"hotel_name": "\u9a7f\u8d77\u9152\u5e97\uff08\u53a6\u95e8\u5317\u7ad9\u5e97\uff09", "order_time": ["2019-01-25 13:49:26", "2019-01-25 14:41:20", "2019-01-25 14:23:20", "2019-01-25 14:31:25"], "total_order": 4, "hotel_value": ["4.6", "4.6", "4.6", "4.6"], "hotel_price": ["176", "176", "176", "176"]}, "1389209": {"hotel_name": "\u9526\u6c5f\u4e4b\u661f\u54c1\u5c1a(\u53a6\u95e8\u96c6\u7f8e\u5927\u5b66\u56fd\u8d38\u5e97)", "order_time": ["2019-01-25 13:49:27"], "total_order": 1, "hotel_value": ["4.6"], "hotel_price": ["179"]}, "6129425": {"hotel_name": "\u6021\u6d77\u9601\u9152\u5e97(\u53a6\u95e8SM\u57ce\u5e02\u4e4c\u77f3\u6d66\u5730\u94c1\u7ad9\u5e97\uff09", "order_time": ["2019-01-25 14:17:24", "2019-01-25 13:49:27"], "total_order": 2, "hotel_value": ["4.6", "4.6"], "hotel_price": ["228", "228"]}, "2313183": {"hotel_name": "\u53a6\u95e8\u5317\u7ad9\u6d6a\u6f2b\u5c0f\u5c4b\u7cbe\u54c1\u5ba2\u6808", "order_time": ["2019-01-25 13:49:27"], "total_order": 1, "hotel_value": ["4.9"], "hotel_price": ["93"]}, "6247525": {"hotel_name": "\u53a6\u95e8\u96c6\u7f8e\u5927\u5b66\u4e9a\u6735\u9152\u5e97(\u539f\u96c6\u5927\u5bbe\u9986)", "order_time": ["2019-01-25 14:13:21", "2019-01-25 13:51:19"], "total_order": 2, "hotel_value": ["4.9", "4.9"], "hotel_price": ["431", "431"]}, "28024075": {"hotel_name": "\u53a6\u95e8\u73af\u5c9b\u8def\u4e9a\u6735S\u5ea6\u5047\u9152\u5e97", "order_time": ["2019-01-25 13:51:20", "2019-01-25 14:05:20", "2019-01-25 14:01:25", "2019-01-25 14:23:21"], "total_order": 4, "hotel_value": ["4.9", "4.9", "4.9", "4.9"], "hotel_price": ["672", "672", "672", "672"]}, "5482771": {"hotel_name": "\u89c1\u6c50\u00b7\u4e00\u5e2d\u8bbe\u8ba1\u5e08\u7f8e\u5bbf", "order_time": ["2019-01-25 13:51:20"], "total_order": 1, "hotel_value": ["5.0"], "hotel_price": ["273"]}, "11511638": {"hotel_name": "\u53a6\u95e8\u5929\u6717\u7cbe\u54c1\u9152\u5e97\u516c\u5bd3", "order_time": ["2019-01-25 13:51:20"], "total_order": 1, "hotel_value": ["4.6"], "hotel_price": ["166"]}, "6841235": {"hotel_name": "\u53a6\u95e8\u6f58\u591a\u62c9\u6d77\u666f\u9152\u5e97\u516c\u5bd3", "order_time": ["2019-01-25 14:15:23", "2019-01-25 13:51:20", "2019-01-25 14:03:19", "2019-01-25 13:59:19"], "total_order": 4, "hotel_value": ["4.7", "4.7", "4.7", "4.7"], "hotel_price": ["403", "403", "403", "403"]}, "2492767": {"hotel_name": "\u53a6\u95e8\u9999\u514b\u65af\u9152\u5e97", "order_time": ["2019-01-25 13:51:20"], "total_order": 1, "hotel_value": ["4.7"], "hotel_price": ["224"]}, "27938575": {"hotel_name": "\u53a6\u95e8\u6d77\u4e1d\u827a\u672f\u54c1\u4e2d\u5fc3\u4f70\u7fd4\u7428\u70c1\u9152\u5e97", "order_time": ["2019-01-25 14:39:23", "2019-01-25 14:27:22", "2019-01-25 14:09:23", "2019-01-25 14:15:24", "2019-01-25 13:51:21"], "total_order": 5, "hotel_value": ["4.8", "4.8", "4.8", "4.8", "4.8"], "hotel_price": ["408", "408", "408", "408", "408"]}, "6599741": {"hotel_name": "\u6854\u5b50\u9152\u5e97\u00b7\u7cbe\u9009(\u53a6\u95e8\u4e2d\u5c71\u8def\u8f6e\u6e21\u7801\u5934\u5e97)(\u539f\u4e2d\u5c71\u8def\u6b65\u884c\u8857\u5e97)", "order_time": ["2019-01-25 13:59:20", "2019-01-25 14:09:23", "2019-01-25 14:23:20", "2019-01-25 14:15:24", "2019-01-25 13:51:21"], "total_order": 5, "hotel_value": ["4.8", "4.8", "4.8", "4.8", "4.8"], "hotel_price": ["406", "406", "406", "406", "406"]}, "448663": {"hotel_name": "\u53a6\u95e8\u60a6\u534e\u9152\u5e97", "order_time": ["2019-01-25 13:51:21", "2019-01-25 14:09:23"], "total_order": 2, "hotel_value": ["4.8", "4.8"], "hotel_price": ["512", "512"]}, "739556": {"hotel_name": "\u53a6\u95e8\u604b\u604b\u6d77\u6e7e\u5ea6\u5047\u9152\u5e97", "order_time": ["2019-01-25 13:51:21"], "total_order": 1, "hotel_value": ["4.4"], "hotel_price": ["191"]}, "2298885": {"hotel_name": "\u53a6\u95e8\u9f13\u6d6a\u5c7f\u6d77\u534e\u5ea6\u5047\u5c4b", "order_time": ["2019-01-25 14:01:25", "2019-01-25 13:51:22"], "total_order": 2, "hotel_value": ["4.9", "4.9"], "hotel_price": ["455", "455"]}, "23238710": {"hotel_name": "\u53a6\u95e8\u541b\u69ad\u00b7\u52ff\u820d\u5ba2\u6808", "order_time": ["2019-01-25 13:51:22", "2019-01-25 13:57:22", "2019-01-25 14:25:21"], "total_order": 3, "hotel_value": ["4.9", "4.9", "4.9"], "hotel_price": ["228", "228", "268"]}, "1857599": {"hotel_name": "\u590f\u5546\u00b7\u6021\u5ead\u5feb\u6377\u9152\u5e97(\u53a6\u95e8\u96c6\u7f8e\u674f\u6797\u5e97)", "order_time": ["2019-01-25 13:51:22"], "total_order": 1, "hotel_value": ["4.2"], "hotel_price": ["135"]}, "21790917": {"hotel_name": "\u826f\u5885\u00b7\u4e91\u5ead\u65f6\u5149(\u53a6\u95e8\u66fe\u539d\u57b5\u5e97)", "order_time": ["2019-01-25 13:51:22"], "total_order": 1, "hotel_value": ["4.9"], "hotel_price": ["205"]}, "5449230": {"hotel_name": "\u53a6\u95e8\u4e00\u683c\u6d77\u666f\u5ea6\u5047\u9a7f\u6808", "order_time": ["2019-01-25 14:23:20", "2019-01-25 13:51:22"], "total_order": 2, "hotel_value": ["4.9", "4.9"], "hotel_price": ["459", "459"]}, "19019972": {"hotel_name": "\u53a6\u95e8\u5ea6\u7f8e\u00b7\u4e0e\u7af9\u77f3\u8bbe\u8ba1\u578b\u522b\u5885", "order_time": ["2019-01-25 14:21:19", "2019-01-25 13:51:22"], "total_order": 2, "hotel_value": ["5.0", "5.0"], "hotel_price": ["358", "468"]}, "2364329": {"hotel_name": "\u53a6\u95e8\u964c\u5ba2\u5fae\u9152\u5e97(\u66fe\u539d\u57b5\u5e97)", "order_time": ["2019-01-25 13:51:25"], "total_order": 1, "hotel_value": ["4.5"], "hotel_price": ["154"]}, "1317936": {"hotel_name": "\u6d77\u53cb\u826f\u54c1\u9152\u5e97(\u53a6\u95e8\u660e\u53d1\u5e7f\u573a\u5e97)", "order_time": ["2019-01-25 13:51:27"], "total_order": 1, "hotel_value": ["4.2"], "hotel_price": ["161"]}, "5859036": {"hotel_name": "\u53a6\u95e8\u6d77\u5c1a\u6b27\u5f0f\u5ea6\u5047\u5962\u5bbf(\u539f\u6d77\u5c1a\u56fd\u9645\u5ea6\u5047\u516c\u5bd3)", "order_time": ["2019-01-25 13:51:31"], "total_order": 1, "hotel_value": [0], "hotel_price": ["226"]}, "5764803": {"hotel_name": "\u53a6\u95e8\u753b\u5eca\u65c5\u9986\u4e16\u5916\u6843\u6e90\u9986", "order_time": ["2019-01-25 14:37:24", "2019-01-25 13:51:32"], "total_order": 2, "hotel_value": ["4.9", "4.9"], "hotel_price": ["208", "208"]}, "1606947": {"hotel_name": "\u53a6\u95e8\u827a\u5885\u5bb6\u7cbe\u54c1\u6c11\u5bbf", "order_time": ["2019-01-25 13:53:20"], "total_order": 1, "hotel_value": ["4.8"], "hotel_price": ["225"]}, "443061": {"hotel_name": "\u53a6\u95e8HUESyard\u4f11\u601d\u9662\u5b50\u522b\u5885", "order_time": ["2019-01-25 13:53:21"], "total_order": 1, "hotel_value": ["4.8"], "hotel_price": ["442"]}, "431584": {"hotel_name": "\u53a6\u95e8\u7261\u4e39\u4e07\u9e4f\u5bbe\u9986", "order_time": ["2019-01-25 13:53:22"], "total_order": 1, "hotel_value": ["4.7"], "hotel_price": ["398"]}, "2303547": {"hotel_name": "\u53a6\u95e8\u5bcc\u4e3d\u767b\u6d77\u666f\u5ea6\u5047\u9152\u5e97", "order_time": ["2019-01-25 13:53:22"], "total_order": 1, "hotel_value": ["4.4"], "hotel_price": ["350"]}, "1766513": {"hotel_name": "\u53a6\u95e8\u8363\u51ef\u4f18\u4f73\u6c11\u5bbf", "order_time": ["2019-01-25 14:05:21", "2019-01-25 13:53:22"], "total_order": 2, "hotel_value": ["4.8", "4.8"], "hotel_price": ["218", "218"]}, "1389206": {"hotel_name": "\u9526\u6c5f\u4e4b\u661f(\u53a6\u95e8\u79be\u7965\u897f\u8def\u767d\u9e6d\u6d32\u5e97)", "order_time": ["2019-01-25 13:53:22"], "total_order": 1, "hotel_value": ["4.4"], "hotel_price": ["149"]}, "521079": {"hotel_name": "\u53a6\u95e8\u9999\u8349\u56ed\u9152\u5e97", "order_time": ["2019-01-25 13:53:23", "2019-01-25 14:07:20"], "total_order": 2, "hotel_value": ["4.8", "4.8"], "hotel_price": ["369", "369"]}, "1065306": {"hotel_name": "\u9f13\u6d6a\u5c7f\u516d\u60a6\u6d77\u666f\u9152\u5e97(\u539f\u516d\u60a6\u82b1\u56ed\u9152\u5e97)", "order_time": ["2019-01-25 13:53:23"], "total_order": 1, "hotel_value": ["4.7"], "hotel_price": ["632"]}, "1731791": {"hotel_name": "\u53a6\u95e8\u8587\u9601\u65f6\u5c1a\u4e3b\u9898\u9152\u5e97", "order_time": ["2019-01-25 13:53:23"], "total_order": 1, "hotel_value": ["4.6"], "hotel_price": ["276"]}, "2338764": {"hotel_name": "\u53a6\u95e8\u7eb3\u5ba2\u56fd\u9645\u9752\u5e74\u65c5\u820d", "order_time": ["2019-01-25 13:53:23"], "total_order": 1, "hotel_value": ["4.5"], "hotel_price": ["45"]}, "1861720": {"hotel_name": "\u53a6\u95e8\u6b23\u4e07\u4ea8\u5feb\u6377\u9152\u5e97", "order_time": ["2019-01-25 13:53:23"], "total_order": 1, "hotel_value": ["4.3"], "hotel_price": ["121"]}, "2702202": {"hotel_name": "\u5361\u6885\u8389\u4e9a\u5ba2\u6808(\u53a6\u95e8\u66fe\u539d\u57b5\u5e97)", "order_time": ["2019-01-25 13:53:25"], "total_order": 1, "hotel_value": ["4.6"], "hotel_price": ["111"]}, "14437762": {"hotel_name": "\u53a6\u95e8\u9a6c\u65b0\u9152\u5e97\u516c\u5bd3", "order_time": ["2019-01-25 13:53:29"], "total_order": 1, "hotel_value": [0], "hotel_price": ["55"]}, "1405990": {"hotel_name": "\u901f8\u9152\u5e97(\u53a6\u95e8\u706b\u8f66\u7ad9\u5e97)", "order_time": ["2019-01-25 14:37:20", "2019-01-25 14:27:20", "2019-01-25 14:05:20", "2019-01-25 13:55:20"], "total_order": 4, "hotel_value": ["4.3", "4.3", "4.3", "4.3"], "hotel_price": ["179", "179", "179", "196"]}, "1760902": {"hotel_name": "\u53a6\u95e8\u4e07\u4f73\u56fd\u9645\u9152\u5e97", "order_time": ["2019-01-25 14:29:20", "2019-01-25 13:55:20", "2019-01-25 13:59:19"], "total_order": 3, "hotel_value": ["4.6", "4.6", "4.6"], "hotel_price": ["423", "423", "423"]}, "10906517": {"hotel_name": "\u53a6\u95e8\u9e6d\u5c9b\u522b\u82d1\u6d77\u8fb9\u5ea6\u5047\u522b\u5885", "order_time": ["2019-01-25 13:55:20"], "total_order": 1, "hotel_value": ["4.8"], "hotel_price": ["299"]}, "4389410": {"hotel_name": "\u53a6\u95e8\u6e56\u91cc\u96c5\u5c45\u516c\u5bd3", "order_time": ["2019-01-25 14:05:20", "2019-01-25 13:55:20"], "total_order": 2, "hotel_value": ["4.7", "4.7"], "hotel_price": ["95", "95"]}, "8974594": {"hotel_name": "\u53a6\u95e8\u73ba\u4e30\u9152\u5e97", "order_time": ["2019-01-25 13:55:20"], "total_order": 1, "hotel_value": ["4.6"], "hotel_price": ["187"]}, "19735131": {"hotel_name": "\u53a6\u95e8\u6cab\u5bd3\u9152\u5e97\u5f0f\u516c\u5bd3", "order_time": ["2019-01-25 13:55:20"], "total_order": 1, "hotel_value": ["4.8"], "hotel_price": ["127"]}, "4960975": {"hotel_name": "\u548c\u9890\u9152\u5e97(\u53a6\u95e8\u4e2d\u5c71\u8def\u6b65\u884c\u8857\u5e97)", "order_time": ["2019-01-25 13:55:20"], "total_order": 1, "hotel_value": ["4.6"], "hotel_price": ["288"]}, "474586": {"hotel_name": "\u5982\u5bb6\u8054\u76df\u00b7\u53a6\u95e8\u6591\u6593\u9152\u5e97(\u539f\u91d1\u5e1d\u9152\u5e97)", "order_time": ["2019-01-25 13:55:20"], "total_order": 1, "hotel_value": ["4.8"], "hotel_price": ["263"]}, "10201435": {"hotel_name": "\u53a6\u95e8\u4f70\u7fd4\u4e94\u901a\u9152\u5e97", "order_time": ["2019-01-25 13:55:20"], "total_order": 1, "hotel_value": ["4.7"], "hotel_price": ["609"]}, "432094": {"hotel_name": "\u53a6\u95e8\u7f8e\u4ed1\u65b9\u4e4b\u7f18\u9152\u5e97", "order_time": ["2019-01-25 13:55:20"], "total_order": 1, "hotel_value": ["4.7"], "hotel_price": ["188"]}, "6842747": {"hotel_name": "\u53a6\u95e8\u9752\u6625\u65f6\u5149\u5ba2\u6808", "order_time": ["2019-01-25 14:01:32", "2019-01-25 13:55:21"], "total_order": 2, "hotel_value": ["4.3", "4.3"], "hotel_price": ["148", "148"]}, "483477": {"hotel_name": "\u7f57\u671b\u00b7\u53a6\u95e8\u9f13\u6d6a\u5c7f\u5317\u5c7f\u9152\u5e97", "order_time": ["2019-01-25 14:01:26", "2019-01-25 13:55:21", "2019-01-25 14:09:23", "2019-01-25 14:25:21"], "total_order": 4, "hotel_value": ["4.6", "4.6", "4.6", "4.6"], "hotel_price": ["1040", "320", "320", "320"]}, "428893": {"hotel_name": "\u53a6\u95e8\u5bbe\u9986", "order_time": ["2019-01-25 14:39:23", "2019-01-25 13:55:21", "2019-01-25 14:09:23"], "total_order": 3, "hotel_value": ["4.8", "4.8", "4.8"], "hotel_price": ["406", "406", "406"]}, "6052144": {"hotel_name": "\u53a6\u95e8\u66fe\u73e0\u6e2f\u57ce\u5821\u5e84\u56ed", "order_time": ["2019-01-25 13:55:21"], "total_order": 1, "hotel_value": ["4.8"], "hotel_price": ["229"]}, "4971778": {"hotel_name": "\u53a6\u95e8\u6162\u751f\u6d3b\u00b7\u4e50\u753a\u5ba2\u6808", "order_time": ["2019-01-25 13:55:21"], "total_order": 1, "hotel_value": ["4.9"], "hotel_price": ["128"]}, "2304450": {"hotel_name": "7\u5929\u8fde\u9501\u9152\u5e97(\u53a6\u95e8\u706b\u8f66\u7ad9\u5e97)", "order_time": ["2019-01-25 13:55:21"], "total_order": 1, "hotel_value": ["4.3"], "hotel_price": ["136"]}, "1430042": {"hotel_name": "\u53a6\u95e8\u4e8c\u8f7b\u996d\u5e97", "order_time": ["2019-01-25 13:55:22"], "total_order": 1, "hotel_value": ["4.1"], "hotel_price": ["101"]}, "1686997": {"hotel_name": "\u53a6\u95e8\u98de\u5bbf\u8fde\u9501\u4f4f\u54ea\u513f\u5ea6\u5047\u522b\u5885", "order_time": ["2019-01-25 13:55:23"], "total_order": 1, "hotel_value": ["4.8"], "hotel_price": ["107"]}, "5435657": {"hotel_name": "\u9f13\u6d6a\u5c7f\u5706\u6c99\u6d32\u4e3b\u9898\u522b\u5885", "order_time": ["2019-01-25 13:55:29"], "total_order": 1, "hotel_value": ["4.9"], "hotel_price": ["168"]}, "8363593": {"hotel_name": "\u82b1\u7f8e\u65f6\u7f8e\u666f\u9152\u5e97\uff08\u53a6\u95e8\u89c2\u97f3\u5c71\u5e97\uff09", "order_time": ["2019-01-25 13:57:21"], "total_order": 1, "hotel_value": ["4.7"], "hotel_price": ["208"]}, "441273": {"hotel_name": "\u9510\u601d\u7279\u00b7\u9038\u81f4\u9152\u5e97(\u53a6\u95e8\u4e2d\u5c71\u8def\u5e97)", "order_time": ["2019-01-25 13:57:21"], "total_order": 1, "hotel_value": ["4.8"], "hotel_price": ["193"]}, "445336": {"hotel_name": "\u5b9c\u5c1a\u9152\u5e97(\u53a6\u95e8\u706b\u8f66\u7ad9\u5e97)", "order_time": ["2019-01-25 13:57:21", "2019-01-25 14:17:25", "2019-01-25 14:05:20", "2019-01-25 14:37:20"], "total_order": 4, "hotel_value": ["4.8", "4.8", "4.8", "4.8"], "hotel_price": ["265", "265", "265", "265"]}, "2301441": {"hotel_name": "\u975e\u7e41\u57ce\u54c1\u9152\u5e97(\u53a6\u95e8\u96c6\u7f8e\u5927\u5b66\u5e97)", "order_time": ["2019-01-25 13:57:21"], "total_order": 1, "hotel_value": ["4.7"], "hotel_price": ["158"]}, "2769695": {"hotel_name": "\u4e03\u96f6\u516b\u96f6\u65f6\u5c1a\u4e3b\u9898\u9152\u5e97(\u53a6\u95e8\u4e07\u8fbe\u5e97)", "order_time": ["2019-01-25 13:57:21"], "total_order": 1, "hotel_value": ["4.5"], "hotel_price": ["164"]}, "8370082": {"hotel_name": "\u53a6\u95e8\u9f13\u6d6a\u5c7f\u67cf\u6587\u718a\u9152\u5e97", "order_time": ["2019-01-25 13:57:22"], "total_order": 1, "hotel_value": ["4.8"], "hotel_price": ["756"]}, "4041978": {"hotel_name": "\u901f8\u9152\u5e97\uff08\u53a6\u95e8\u673a\u573a\u6e56\u91cc\u5927\u9053\u5e97\uff09", "order_time": ["2019-01-25 13:57:22"], "total_order": 1, "hotel_value": ["4.3"], "hotel_price": ["177"]}, "429652": {"hotel_name": "\u590f\u5546\u00b7\u6021\u5ead\u5feb\u6377\u9152\u5e97(\u53a6\u95e8\u4e2d\u5c71\u8def\u767d\u5170\u5e97)", "order_time": ["2019-01-25 14:03:20", "2019-01-25 13:57:22"], "total_order": 2, "hotel_value": ["4.4", "4.4"], "hotel_price": ["147", "147"]}, "4614034": {"hotel_name": "\u53a6\u95e8\u60a6\u6d77\u4f34\u5c71\u522b\u9662", "order_time": ["2019-01-25 13:57:22"], "total_order": 1, "hotel_value": ["4.6"], "hotel_price": ["203"]}, "432895": {"hotel_name": "\u82cf\u6258\u4e9a(\u9f13\u6d6a\u5c7f\u5de2\u5ead1919\u5e97)", "order_time": ["2019-01-25 13:57:23"], "total_order": 1, "hotel_value": ["4.8"], "hotel_price": ["306"]}, "14559437": {"hotel_name": "\u53a6\u95e8\u66fe\u539d\u57b5\u843d\u811a\u70b9\u5ba2\u6808", "order_time": ["2019-01-25 13:57:23", "2019-01-25 14:37:22"], "total_order": 2, "hotel_value": ["4.9", "4.9"], "hotel_price": ["103", "103"]}, "1730041": {"hotel_name": "\u9f13\u6d6a\u5c7f\u6e29\u838e\u516c\u9986", "order_time": ["2019-01-25 13:57:28"], "total_order": 1, "hotel_value": [0], "hotel_price": ["418"]}, "481144": {"hotel_name": "\u53a6\u95e8\u6069\u7c89\u9152\u5e97(\u539f\u4e30\u6021\u9152\u5e97)", "order_time": ["2019-01-25 13:59:20"], "total_order": 1, "hotel_value": ["4.3"], "hotel_price": ["108"]}, "467612": {"hotel_name": "\u53a6\u95e8\u9f13\u6d6a\u5c7f\u8292\u679c\u6811\u65c5\u9986", "order_time": ["2019-01-25 13:59:20"], "total_order": 1, "hotel_value": ["4.9"], "hotel_price": ["186"]}, "1419294": {"hotel_name": "\u9526\u6c5f\u4e4b\u661f(\u53a6\u95e8\u5317\u7ad9\u5609\u5e9a\u4f53\u80b2\u9986\u5e97)", "order_time": ["2019-01-25 13:59:20"], "total_order": 1, "hotel_value": ["4.5"], "hotel_price": ["167"]}, "1893981": {"hotel_name": "\u53a6\u95e8\u9510\u00b7\u67cf\u8335\u9152\u5e97", "order_time": ["2019-01-25 13:59:20"], "total_order": 1, "hotel_value": ["4.4"], "hotel_price": ["187"]}, "3803569": {"hotel_name": "\u53a6\u95e8\u7121\u4e8c\u00b7\u9690\u820d\u8f7b\u5962\u6d77\u666f\u5ea6\u5047\u7f8e\u5885", "order_time": ["2019-01-25 14:39:22", "2019-01-25 13:59:20"], "total_order": 2, "hotel_value": ["4.9", "4.9"], "hotel_price": ["598", "453"]}, "1195853": {"hotel_name": "\u53a6\u95e8\u610f\u4f73\u9152\u5e97", "order_time": ["2019-01-25 13:59:20"], "total_order": 1, "hotel_value": ["4.4"], "hotel_price": ["107"]}, "5241104": {"hotel_name": "\u53a6\u95e8\u98de\u5bbf\u8fde\u9501\u82f1\u4f26\u4f2f\u7235\u5e84\u56ed", "order_time": ["2019-01-25 13:59:21"], "total_order": 1, "hotel_value": ["4.8"], "hotel_price": ["259"]}, "479354": {"hotel_name": "\u5bb6\u548c\u6625\u5929\u7cbe\u54c1\u9152\u5e97(\u53a6\u95e8\u673a\u573a\u5e97)", "order_time": ["2019-01-25 13:59:21"], "total_order": 1, "hotel_value": ["4.5"], "hotel_price": ["178"]}, "5979992": {"hotel_name": "\u53a6\u95e8\u5c71\u5c7f\u6d77\u7cbe\u54c1\u5ba2\u6808", "order_time": ["2019-01-25 14:03:23", "2019-01-25 13:59:21"], "total_order": 2, "hotel_value": ["4.8", "4.8"], "hotel_price": ["119", "119"]}, "4359404": {"hotel_name": "\u53a6\u95e8\u7d20\u8317\u5ba2\u6808", "order_time": ["2019-01-25 13:59:22"], "total_order": 1, "hotel_value": ["4.8"], "hotel_price": ["95"]}, "6477755": {"hotel_name": "\u53a6\u95e8\u9f13\u6d6a\u5c7f\u8336\u8bed\u65f6\u5149\u94a2\u7434\u65c5\u9986", "order_time": ["2019-01-25 13:59:22"], "total_order": 1, "hotel_value": ["4.8"], "hotel_price": ["78"]}, "1742963": {"hotel_name": "\u53a6\u95e8\u9f13\u6d6a\u5c7f\u4e91\u8ba9\u5ba2\u6808(\u539f\u6f2b\u5b85\u65c5\u9986)", "order_time": ["2019-01-25 13:59:23"], "total_order": 1, "hotel_value": ["4.9"], "hotel_price": ["193"]}, "445332": {"hotel_name": "\u53a6\u95e8\u5357\u65b9\u9152\u5e97(\u4e2d\u5c71\u8def\u5e97)", "order_time": ["2019-01-25 13:59:23"], "total_order": 1, "hotel_value": ["3.5"], "hotel_price": ["143"]}, "1227424": {"hotel_name": "\u53a6\u95e8\u827e\u96c5\u4e3b\u9898\u9152\u5e97", "order_time": ["2019-01-25 13:59:23"], "total_order": 1, "hotel_value": ["4.7"], "hotel_price": ["155"]}, "1399681": {"hotel_name": "\u53a6\u95e8\u6c90\u98ce\u5ba2\u6808(\u539f\u6cf0\u6f2b\u4f11\u95f2\u5ba2\u6808)", "order_time": ["2019-01-25 13:59:23"], "total_order": 1, "hotel_value": ["4.6"], "hotel_price": ["90"]}, "2338825": {"hotel_name": "\u53a6\u95e8\u6d77\u6ca7\u5929\u7afa\u7f18\u5feb\u6377\u9152\u5e97", "order_time": ["2019-01-25 13:59:23"], "total_order": 1, "hotel_value": ["4.2"], "hotel_price": ["220"]}, "436737": {"hotel_name": "\u53a6\u95e8\u9f13\u6d6a\u5c7f\u60a6\u7cbe\u54c1\u9152\u5e97", "order_time": ["2019-01-25 13:59:23"], "total_order": 1, "hotel_value": ["4.5"], "hotel_price": ["161"]}, "7586195": {"hotel_name": "\u53a6\u95e8\u79c1\u5954\u5427\u65c5\u9986", "order_time": ["2019-01-25 13:59:23"], "total_order": 1, "hotel_value": ["4.7"], "hotel_price": ["372"]}, "2308660": {"hotel_name": "\u53a6\u95e8\u5982\u9e4f\u5bbe\u9986", "order_time": ["2019-01-25 13:59:23"], "total_order": 1, "hotel_value": ["3.2"], "hotel_price": ["92"]}, "2131870": {"hotel_name": "\u53a6\u95e8\u54e5\u5c14\u66fc\u9152\u5e97", "order_time": ["2019-01-25 13:59:23"], "total_order": 1, "hotel_value": ["4.4"], "hotel_price": ["89"]}, "23885738": {"hotel_name": "\u53a6\u95e8\u5929\u6daf\u6bd4\u90bb\u5ba2\u6808", "order_time": ["2019-01-25 13:59:23"], "total_order": 1, "hotel_value": ["4.9"], "hotel_price": ["88"]}, "5766823": {"hotel_name": "\u53a6\u95e8\u6d77\u8fb9\u98ce\u60c5\u5ba2\u6808", "order_time": ["2019-01-25 13:59:23"], "total_order": 1, "hotel_value": ["4.0"], "hotel_price": ["88"]}, "2504530": {"hotel_name": "\u53a6\u95e8\u5317\u7ad9\u99a8\u9601\u516c\u5bd3", "order_time": ["2019-01-25 13:59:23", "2019-01-25 14:33:31"], "total_order": 2, "hotel_value": ["4.6", "4.6"], "hotel_price": ["75", "75"]}, "2962654": {"hotel_name": "\u53a6\u95e8\u6d77\u541b\u5c9a\u6c11\u5bbf", "order_time": ["2019-01-25 13:59:23"], "total_order": 1, "hotel_value": ["4.3"], "hotel_price": ["104"]}, "2304360": {"hotel_name": "\u53a6\u95e8\u57ce\u5e02\u65f6\u95f4\u9152\u5e97", "order_time": ["2019-01-25 13:59:25"], "total_order": 1, "hotel_value": ["3.4"], "hotel_price": ["70"]}, "1518540": {"hotel_name": "\u53a6\u95e8\u4e09\u4e2a\u53a6\u5927\u4eba\u00b7\u51e0\u7ef43\u53f7\u9662", "order_time": ["2019-01-25 14:01:25"], "total_order": 1, "hotel_value": ["4.8"], "hotel_price": ["253"]}, "2313328": {"hotel_name": "\u5982\u5bb6\u5feb\u6377\u9152\u5e97(\u53a6\u95e8\u673a\u573a\u9a6c\u5785\u5e97)", "order_time": ["2019-01-25 14:01:25", "2019-01-25 14:15:24"], "total_order": 2, "hotel_value": ["4.5", "4.5"], "hotel_price": ["170", "170"]}, "441279": {"hotel_name": "\u5982\u5bb6\u5feb\u6377\u9152\u5e97\u83b2\u5742\u5730\u94c1\u7ad9\u5e97\uff08\u539f\u53a6\u95e8\u83b2\u5742\u56fd\u8d38\u65b0\u666f\u5e97\uff09", "order_time": ["2019-01-25 14:01:25"], "total_order": 1, "hotel_value": ["4.4"], "hotel_price": ["128"]}, "5669929": {"hotel_name": "\u53a6\u95e8\u5341\u91cc\u6d77\u5cb8\u5ea6\u5047\u5c4b", "order_time": ["2019-01-25 14:01:25"], "total_order": 1, "hotel_value": ["4.8"], "hotel_price": ["143"]}, "428108": {"hotel_name": "\u53a6\u95e8\u56fd\u9645\u4f1a\u5c55\u9152\u5e97", "order_time": ["2019-01-25 14:35:26", "2019-01-25 14:31:26", "2019-01-25 14:01:25", "2019-01-25 14:25:21"], "total_order": 4, "hotel_value": ["4.5", "4.5", "4.5", "4.5"], "hotel_price": ["468", "468", "468", "468"]}, "346267": {"hotel_name": "\u53a6\u95e8\u5e1d\u5143\u7ef4\u591a\u5229\u4e9a\u5927\u9152\u5e97", "order_time": ["2019-01-25 14:15:23", "2019-01-25 14:29:21", "2019-01-25 14:23:20", "2019-01-25 14:01:25"], "total_order": 4, "hotel_value": ["4.5", "4.5", "4.5", "4.5"], "hotel_price": ["536", "536", "536", "536"]}, "4029539": {"hotel_name": "\u53a6\u95e8\u98de\u5bbf\u8fde\u9501\u53cc\u5b50\u5885\u7687\u5bb6\u5ea6\u5047\u5e84\u56ed", "order_time": ["2019-01-25 14:01:25"], "total_order": 1, "hotel_value": ["4.7"], "hotel_price": ["250"]}, "15878927": {"hotel_name": "\u53a6\u95e8\u5929\u5408\u4eba\u5bb6\u516c\u5bd3", "order_time": ["2019-01-25 14:01:25"], "total_order": 1, "hotel_value": ["4.8"], "hotel_price": ["121"]}, "6736731": {"hotel_name": "\u5e0c\u5cb8\u9152\u5e97(\u53a6\u95e8\u706b\u8f66\u7ad9\u5e97)(\u539f\u5357\u65b9\u996d\u5e97)", "order_time": ["2019-01-25 14:01:25"], "total_order": 1, "hotel_value": ["4.9"], "hotel_price": ["263"]}, "750174": {"hotel_name": "\u683c\u6797\u8c6a\u6cf0(\u53a6\u95e8\u5927\u5b66\u5e97)", "order_time": ["2019-01-25 14:17:24", "2019-01-25 14:01:25"], "total_order": 2, "hotel_value": ["4.2", "4.2"], "hotel_price": ["191", "191"]}, "4510014": {"hotel_name": "\u53a6\u95e8\u5927\u5b66\u73ba\u83b1\u65af\u6d77\u666f\u516c\u5bd3(\u539f\u5929\u73ba\u6d77\u666f\u516c\u5bd3)", "order_time": ["2019-01-25 14:01:25"], "total_order": 1, "hotel_value": ["4.6"], "hotel_price": ["428"]}, "443638": {"hotel_name": "\u53a6\u95e8\u91d1\u6865\u82b1\u56ed\u9152\u5e97", "order_time": ["2019-01-25 14:01:25"], "total_order": 1, "hotel_value": ["4.5"], "hotel_price": ["382"]}, "1406009": {"hotel_name": "\u53a6\u95e8\u9646\u5c9b\u9152\u5e97(\u4f1a\u5c55\u5e97)", "order_time": ["2019-01-25 14:01:25"], "total_order": 1, "hotel_value": ["4.4"], "hotel_price": ["260"]}, "5757188": {"hotel_name": "\u53a6\u95e8\u5927\u5b66\u9f13\u6d6a\u6e7e\u6d77\u666f\u516c\u5bd3(\u539f\u53a6\u5927\u4e16\u8302\u53cc\u5b50\u5854\u597d\u7720\u9152\u5e97\u516c\u5bd3)", "order_time": ["2019-01-25 14:01:26"], "total_order": 1, "hotel_value": ["4.7"], "hotel_price": ["453"]}, "717916": {"hotel_name": "\u53a6\u95e8\u6717\u8c6a\u9152\u5e97", "order_time": ["2019-01-25 14:01:26"], "total_order": 1, "hotel_value": ["4.6"], "hotel_price": ["744"]}, "25109378": {"hotel_name": "\u53a6\u95e8IN\u4e91\u7aef\u5957\u623f\u516c\u5bd3", "order_time": ["2019-01-25 14:01:27"], "total_order": 1, "hotel_value": ["5.0"], "hotel_price": ["412"]}, "2297567": {"hotel_name": "\u65af\u94c2\u745e\u57ce\u5e02\u9152\u5e97(\u53a6\u95e8\u4e2d\u5c71\u516c\u56ed\u5730\u94c1\u7ad9\u5e97)(\u539f\u4e2d\u5c71\u8def\u6b65\u884c\u8857\u5e97)", "order_time": ["2019-01-25 14:01:27"], "total_order": 1, "hotel_value": ["4.7"], "hotel_price": ["128"]}, "1815207": {"hotel_name": "\u53a6\u95e8\u9f13\u6d6a\u5c7f\u6d77\u5c9b\u4e4b\u5bb6\u65c5\u9986", "order_time": ["2019-01-25 14:01:28"], "total_order": 1, "hotel_value": ["4.6"], "hotel_price": ["133"]}, "6511409": {"hotel_name": "\u53a6\u95e8\u76d8\u6263\u00b7\u6f2b\u5ea6House", "order_time": ["2019-01-25 14:01:32"], "total_order": 1, "hotel_value": ["4.8"], "hotel_price": ["319"]}, "11379436": {"hotel_name": "\u53a6\u95e8\u5927\u5b66\u6d6a\u5ba2\u6d77\u666f\u516c\u5bd3(\u539f\u53a6\u5927\u4e16\u8302\u53cc\u5b50\u5854\u6d6a\u5ba2\u6d77\u666f\u516c\u5bd3)", "order_time": ["2019-01-25 14:01:32"], "total_order": 1, "hotel_value": ["4.7"], "hotel_price": ["509"]}, "4357909": {"hotel_name": "\u53a6\u95e8\u98de\u5bbf\u8fde\u9501\u5df4\u62c9\u7c73\u57ce\u5821\u5e84\u56ed", "order_time": ["2019-01-25 14:01:32"], "total_order": 1, "hotel_value": ["4.8"], "hotel_price": ["196"]}, "9361749": {"hotel_name": "\u9f13\u6d6a\u5c7f\u8ff7\u9e7f\u5ea6\u5047\u5c4b", "order_time": ["2019-01-25 14:01:32"], "total_order": 1, "hotel_value": ["4.4"], "hotel_price": ["326"]}, "823738": {"hotel_name": "\u753b\u5eca\u9152\u5e97(\u9f13\u6d6a\u5c7f\u6545\u9a7f\u6d77\u666f\u5e97)", "order_time": ["2019-01-25 14:01:33"], "total_order": 1, "hotel_value": ["4.9"], "hotel_price": ["318"]}, "470600": {"hotel_name": "\u53a6\u95e8\u9f13\u6d6a\u5c7f\u56fd\u738b\u76d2\u5b50\u5ea6\u5047\u5c4b", "order_time": ["2019-01-25 14:11:21", "2019-01-25 14:03:19"], "total_order": 2, "hotel_value": ["4.7", "4.7"], "hotel_price": ["710", "710"]}, "13985423": {"hotel_name": "\u53a6\u95e8\u4e00\u5e2d\u00b7\u9752\u5ddd\u6d77\u666f\u9a7f\u6808", "order_time": ["2019-01-25 14:03:19"], "total_order": 1, "hotel_value": ["4.9"], "hotel_price": ["214"]}, "1788826": {"hotel_name": "\u53a6\u95e8\u9f13\u6d6a\u5c7f\u9ec4\u516c\u9986", "order_time": ["2019-01-25 14:03:19"], "total_order": 1, "hotel_value": ["4.5"], "hotel_price": ["353"]}, "26557640": {"hotel_name": "\u826f\u5885\u00b7\u66fc\u4e3d\u5609\u5ea6\u5047\u522b\u5885(\u53a6\u95e8\u66fe\u539d\u57b5\u5e97)", "order_time": ["2019-01-25 14:03:19"], "total_order": 1, "hotel_value": ["5.0"], "hotel_price": ["198"]}, "375291": {"hotel_name": "\u53a6\u95e8\u798f\u4f51\u5927\u996d\u5e97", "order_time": ["2019-01-25 14:21:21", "2019-01-25 14:03:20"], "total_order": 2, "hotel_value": ["4.2", "4.2"], "hotel_price": ["320", "320"]}, "3802030": {"hotel_name": "\u53a6\u95e8\u53ef\u5c45\u9152\u5e97", "order_time": ["2019-01-25 14:33:30", "2019-01-25 14:43:20", "2019-01-25 14:03:20"], "total_order": 3, "hotel_value": ["4.6", "4.6", "4.6"], "hotel_price": ["171", "171", "171"]}, "771600": {"hotel_name": "\u53a6\u95e8\u6676\u88d5\u5546\u52a1\u9152\u5e97", "order_time": ["2019-01-25 14:03:20"], "total_order": 1, "hotel_value": ["4.1"], "hotel_price": ["96"]}, "1603567": {"hotel_name": "\u53a6\u95e8\u7121\u4e8c\u00b7\u767d\u5c7f\u8bbe\u8ba1\u578b\u5ea6\u5047\u7f8e\u5885", "order_time": ["2019-01-25 14:03:21", "2019-01-25 14:13:20", "2019-01-25 14:29:21"], "total_order": 3, "hotel_value": ["5.0", "5.0", "5.0"], "hotel_price": ["296", "355", "355"]}, "419881": {"hotel_name": "\u6700\u4f73\u897f\u65b9\u53a6\u95e8\u5b8f\u90fd\u9152\u5e97", "order_time": ["2019-01-25 14:03:21"], "total_order": 1, "hotel_value": ["4.8"], "hotel_price": ["598"]}, "392553": {"hotel_name": "\u6210\u65c5\u6676\u8d5e\u9152\u5e97(\u53a6\u95e8\u67ab\u60a6\u5e97)(\u539f\u67ab\u60a6\u5927\u9152\u5e97)", "order_time": ["2019-01-25 14:03:21"], "total_order": 1, "hotel_value": ["4.7"], "hotel_price": ["357"]}, "1347276": {"hotel_name": "\u53a6\u95e8\u68a6\u60f3\u4e4b\u57ce\u9152\u5e97", "order_time": ["2019-01-25 14:03:21", "2019-01-25 14:29:21"], "total_order": 2, "hotel_value": ["4.9", "4.9"], "hotel_price": ["168", "168"]}, "1477849": {"hotel_name": "\u9752\u5e74\u9633\u5149\u9152\u5e97(\u53a6\u95e8\u6d77\u5929\u5feb\u6377\u5e97)", "order_time": ["2019-01-25 14:03:21"], "total_order": 1, "hotel_value": ["4.7"], "hotel_price": ["124"]}, "449121": {"hotel_name": "\u53a6\u95e8\u66fe\u539d\u57b5\u5357\u98ce\u65f6\u5149\u65c5\u9986", "order_time": ["2019-01-25 14:03:22"], "total_order": 1, "hotel_value": ["4.6"], "hotel_price": ["124"]}, "2577356": {"hotel_name": "\u53a6\u95e8\u91d1\u7a57\u5ba2\u6808", "order_time": ["2019-01-25 14:03:23"], "total_order": 1, "hotel_value": ["4.6"], "hotel_price": ["79"]}, "1817109": {"hotel_name": "\u53a6\u95e8\u9f13\u6d6a\u5c7f\u6021\u7136\u5c45\u65c5\u9986", "order_time": ["2019-01-25 14:03:23"], "total_order": 1, "hotel_value": ["4.8"], "hotel_price": ["218"]}, "13800643": {"hotel_name": "\u53a6\u95e87\u53f7\u5ba2\u6808", "order_time": ["2019-01-25 14:03:27"], "total_order": 1, "hotel_value": [0], "hotel_price": ["70"]}, "436728": {"hotel_name": "\u53a6\u95e8\u9f13\u6d6a\u5c7f\u82b1\u4e4b\u58f0\u65c5\u9986", "order_time": ["2019-01-25 14:05:20"], "total_order": 1, "hotel_value": ["4.6"], "hotel_price": ["289"]}, "375292": {"hotel_name": "\u53a6\u95e8\u4eac\u95fd\u4e2d\u5fc3\u9152\u5e97", "order_time": ["2019-01-25 14:05:20", "2019-01-25 14:39:23", "2019-01-25 14:09:23", "2019-01-25 14:43:21"], "total_order": 4, "hotel_value": ["4.8", "4.8", "4.8", "4.8"], "hotel_price": ["550", "550", "550", "550"]}, "433735": {"hotel_name": "\u5b9c\u5fc5\u601d\u5c1a\u54c1\u9152\u5e97(\u53a6\u95e8\u4e2d\u5c71\u8def\u6b65\u884c\u8857\u5e97)", "order_time": ["2019-01-25 14:33:30", "2019-01-25 14:05:20", "2019-01-25 14:09:23", "2019-01-25 14:21:21"], "total_order": 4, "hotel_value": ["4.7", "4.7", "4.7", "4.7"], "hotel_price": ["322", "322", "322", "322"]}, "8568983": {"hotel_name": "\u53a6\u95e8\u5317\u7ad9\u6591\u9a6c\u7cbe\u54c1\u5ba2\u6808", "order_time": ["2019-01-25 14:05:20"], "total_order": 1, "hotel_value": ["4.7"], "hotel_price": ["127"]}, "3688726": {"hotel_name": "\u53a6\u95e8\u53a6\u5927\u522b\u6811\u4e00\u9601\u7cbe\u54c1\u5ba2\u6808(\u539f\u53a6\u95e8\u5927\u5b66\u522b\u6811\u4e00\u9601\u5bb6\u5ead\u65c5\u9986)", "order_time": ["2019-01-25 14:05:20"], "total_order": 1, "hotel_value": ["4.8"], "hotel_price": ["141"]}, "2582476": {"hotel_name": "99\u65c5\u9986\u8fde\u9501(\u53a6\u95e8\u5367\u9f99\u6653\u57ce\u5e97)", "order_time": ["2019-01-25 14:05:21"], "total_order": 1, "hotel_value": ["4.3"], "hotel_price": ["89"]}, "1010492": {"hotel_name": "\u53a6\u95e8\u55bb\u8272\u5ea6\u5047\u522b\u82d1", "order_time": ["2019-01-25 14:05:21"], "total_order": 1, "hotel_value": ["4.9"], "hotel_price": ["406"]}, "447146": {"hotel_name": "\u5982\u5bb6\u5546\u65c5\u9152\u5e97(\u53a6\u95e8\u6e56\u6ee8\u5357\u8def\u767d\u9e6d\u6d32\u516c\u56ed\u5e97)", "order_time": ["2019-01-25 14:05:21"], "total_order": 1, "hotel_value": ["4.8"], "hotel_price": ["265"]}, "11372511": {"hotel_name": "\u53a6\u95e8\u6f2b\u5ead\u65f6\u5149\u5ba2\u6808", "order_time": ["2019-01-25 14:05:21", "2019-01-25 14:17:23"], "total_order": 2, "hotel_value": ["4.8", "4.8"], "hotel_price": ["677", "173"]}, "1856716": {"hotel_name": "\u53a6\u95e8\u9e6d\u5c9b49\u53f7\u522b\u5885", "order_time": ["2019-01-25 14:27:20", "2019-01-25 14:05:21"], "total_order": 2, "hotel_value": ["4.7", "4.7"], "hotel_price": ["236", "236"]}, "1771637": {"hotel_name": "\u53a6\u95e8\u6d77\u5854\u4e4b\u661f\u6d77\u8fb9\u4e3b\u9898\u5ba2\u6808", "order_time": ["2019-01-25 14:05:22"], "total_order": 1, "hotel_value": ["4.8"], "hotel_price": ["93"]}, "1741995": {"hotel_name": "\u5982\u5bb6\u6d3e\u67cf\u00b7\u4e91\u9152\u5e97(\u53a6\u95e8\u53a6\u79be\u8def\u56fd\u8d38\u5e97)(\u539f\u4e9a\u66fc\u9152\u5e97)", "order_time": ["2019-01-25 14:05:23"], "total_order": 1, "hotel_value": ["4.1"], "hotel_price": ["132"]}, "6543852": {"hotel_name": "\u53a6\u95e8\u98de\u5bbf\u8fde\u9501\u5c3c\u65af\u00b7\u6735\u62c9Nice Dora\u5e84\u56ed", "order_time": ["2019-01-25 14:05:23"], "total_order": 1, "hotel_value": ["4.9"], "hotel_price": ["286"]}, "6685467": {"hotel_name": "\u53a6\u95e8\u60a6\u6cca\u9152\u5e97", "order_time": ["2019-01-25 14:05:23"], "total_order": 1, "hotel_value": ["4.5"], "hotel_price": ["263"]}, "3289472": {"hotel_name": "\u53a6\u95e8\u5317\u7ad9\u597d\u671b\u89d2\u5ba2\u6808", "order_time": ["2019-01-25 14:05:23"], "total_order": 1, "hotel_value": ["4.8"], "hotel_price": ["84"]}, "6118955": {"hotel_name": "\u53a6\u95e8\u827e\u5c14\u65af\u5ea6\u5047\u5e84\u56ed", "order_time": ["2019-01-25 14:37:21", "2019-01-25 14:07:20"], "total_order": 2, "hotel_value": ["4.9", "4.9"], "hotel_price": ["178", "178"]}, "15718121": {"hotel_name": "\u53a6\u95e8\u66fe\u539d\u57b5\u4e00\u683c\u6816\u5bbf", "order_time": ["2019-01-25 14:07:20"], "total_order": 1, "hotel_value": ["4.9"], "hotel_price": ["417"]}, "3925042": {"hotel_name": "\u53a6\u95e8\u540d\u95e8\u76db\u4e16\u00b7\u6587\u5316\u9152\u5e97", "order_time": ["2019-01-25 14:07:20", "2019-01-25 14:09:23", "2019-01-25 14:35:27"], "total_order": 3, "hotel_value": ["4.8", "4.8", "4.8"], "hotel_price": ["209", "209", "209"]}, "17086184": {"hotel_name": "\u53a6\u95e8\u7fd4\u90fd\u4e50\u5546\u52a1\u9152\u5e97", "order_time": ["2019-01-25 14:07:20", "2019-01-25 14:35:27"], "total_order": 2, "hotel_value": ["4.5", "4.5"], "hotel_price": ["140", "140"]}, "5373865": {"hotel_name": "\u5168\u5b63\u9152\u5e97(\u53a6\u95e8\u5927\u5b66\u5e97)", "order_time": ["2019-01-25 14:07:21"], "total_order": 1, "hotel_value": ["4.7"], "hotel_price": ["341"]}, "6554578": {"hotel_name": "\u53a6\u95e8\u76db\u6377\u8f6f\u4ef6\u56ed\u670d\u52a1\u516c\u5bd3", "order_time": ["2019-01-25 14:13:20", "2019-01-25 14:07:21"], "total_order": 2, "hotel_value": ["4.6", "4.6"], "hotel_price": ["467", "467"]}, "7943326": {"hotel_name": "\u53a6\u95e8\u5317\u7ad9\u6625\u98ce\u91cc\u7cbe\u54c1\u5ba2\u6808", "order_time": ["2019-01-25 14:07:21"], "total_order": 1, "hotel_value": ["4.9"], "hotel_price": ["97"]}, "926626": {"hotel_name": "\u53a6\u95e8\u6885\u56ed\u9152\u5e97", "order_time": ["2019-01-25 14:17:23", "2019-01-25 14:07:21"], "total_order": 2, "hotel_value": ["4.5", "4.5"], "hotel_price": ["216", "216"]}, "3178165": {"hotel_name": "\u53a6\u95e8\u68a6\u5e7b\u6d77\u6e7e\u9152\u5e97", "order_time": ["2019-01-25 14:07:21"], "total_order": 1, "hotel_value": ["4.6"], "hotel_price": ["208"]}, "29401348": {"hotel_name": "\u9f13\u6d6a\u5c7f\u9014\u7a9d\u5047\u65e5\u5e84\u56ed", "order_time": ["2019-01-25 14:31:24", "2019-01-25 14:07:21"], "total_order": 2, "hotel_value": ["4.8", "4.8"], "hotel_price": ["172", "339"]}, "2280697": {"hotel_name": "\u53a6\u95e8\u77f3\u5bbf\u6d77\u666f\u6c11\u5bbf", "order_time": ["2019-01-25 14:07:22"], "total_order": 1, "hotel_value": ["4.7"], "hotel_price": ["205"]}, "5282077": {"hotel_name": "\u53a6\u95e8\u71d5\u6eaa\u9ad8\u7aef\u6c11\u5bbf", "order_time": ["2019-01-25 14:15:23", "2019-01-25 14:07:22"], "total_order": 2, "hotel_value": ["4.9", "4.9"], "hotel_price": ["322", "322"]}, "2018454": {"hotel_name": "\u53a6\u95e8\u9f13\u6d6a\u5c7f\u83b1\u8587\u5ea6\u5047\u65c5\u9986", "order_time": ["2019-01-25 14:07:22"], "total_order": 1, "hotel_value": ["4.5"], "hotel_price": ["201"]}, "25123229": {"hotel_name": "\u53a6\u95e8\u5ba2\u8c08\u6c11\u5bbf", "order_time": ["2019-01-25 14:07:22"], "total_order": 1, "hotel_value": ["5.0"], "hotel_price": ["388"]}, "12673289": {"hotel_name": "\u53a6\u95e8\u6d77\u6ca7\u878d\u4fe1\u534e\u9091\u9152\u5e97", "order_time": ["2019-01-25 14:09:23", "2019-01-25 14:21:20"], "total_order": 2, "hotel_value": ["4.7", "4.7"], "hotel_price": ["680", "680"]}, "431557": {"hotel_name": "\u901f8\u9152\u5e97(\u53a6\u95e8\u4e2d\u5c71\u8def\u8f6e\u6e21\u5e97)", "order_time": ["2019-01-25 14:09:23"], "total_order": 1, "hotel_value": ["4.4"], "hotel_price": ["205"]}, "453231": {"hotel_name": "\u745e\u820d\u9152\u5e97(\u53a6\u95e8\u4e2d\u5c71\u8def\u6597\u897f\u5e97)(\u539f\u597d\u53cb\u6c47\u5546\u52a1\u9152\u5e97)", "order_time": ["2019-01-25 14:09:23"], "total_order": 1, "hotel_value": ["4.8"], "hotel_price": ["446"]}, "26576625": {"hotel_name": "\u53a6\u95e8\u4e3d\u90fd\u516c\u5bd3", "order_time": ["2019-01-25 14:09:23"], "total_order": 1, "hotel_value": ["4.8"], "hotel_price": ["131"]}, "467630": {"hotel_name": "\u53a6\u95e8\u9f13\u6d6a\u5c7f\u4e00\u89c1\u82b1\u56ed\u8001\u522b\u5885", "order_time": ["2019-01-25 14:09:23"], "total_order": 1, "hotel_value": ["4.7"], "hotel_price": ["328"]}, "15734098": {"hotel_name": "\u826f\u5885\u00b7\u9752\u74e6\u6d77\u666f\u5c71\u5e84(\u53a6\u95e8\u66fe\u539d\u57b5\u5e97)", "order_time": ["2019-01-25 14:09:23"], "total_order": 1, "hotel_value": ["4.9"], "hotel_price": ["376"]}, "481408": {"hotel_name": "\u53a6\u95e8\u9f13\u6d6a\u5c7f\u5357\u74dc\u77f3\u5ba2\u6808", "order_time": ["2019-01-25 14:15:23", "2019-01-25 14:09:23"], "total_order": 2, "hotel_value": ["4.8", "4.8"], "hotel_price": ["229", "229"]}, "436735": {"hotel_name": "\u753b\u5eca\u65c5\u9986(\u9f13\u6d6a\u5c7f\u83ab\u5948\u82b1\u56ed\u5e97)(\u539f\u6bd3\u56ed\u9986)", "order_time": ["2019-01-25 14:09:23"], "total_order": 1, "hotel_value": ["4.9"], "hotel_price": ["719"]}, "17293040": {"hotel_name": "\u53a6\u95e8\u5982\u58a8\u8bbe\u8ba1\u578b\u5ea6\u5047\u522b\u5885", "order_time": ["2019-01-25 14:09:23"], "total_order": 1, "hotel_value": ["4.9"], "hotel_price": ["479"]}, "437588": {"hotel_name": "\u9f13\u6d6a\u5c7f\u65e5\u5149\u6d77\u5cb8\u522b\u5885\u9152\u5e97", "order_time": ["2019-01-25 14:09:23"], "total_order": 1, "hotel_value": ["4.8"], "hotel_price": ["559"]}, "22942501": {"hotel_name": "\u53a6\u95e8\u73f5\u7f8e\u6d77\u5cb8\u9152\u5e97", "order_time": ["2019-01-25 14:09:23"], "total_order": 1, "hotel_value": ["4.8"], "hotel_price": ["439"]}, "427947": {"hotel_name": "\u53a6\u95e8\u56fd\u9645\u4f1a\u8bae\u4e2d\u5fc3\u9152\u5e97", "order_time": ["2019-01-25 14:29:21", "2019-01-25 14:39:23", "2019-01-25 14:09:23", "2019-01-25 14:43:21"], "total_order": 4, "hotel_value": ["4.8", "4.8", "4.8", "4.8"], "hotel_price": ["589", "589", "589", "589"]}, "5548882": {"hotel_name": "\u53a6\u95e8\u6d77\u65c5\u6e29\u5fb7\u59c6\u81f3\u5c0a\u9152\u5e97", "order_time": ["2019-01-25 14:11:21", "2019-01-25 14:09:23", "2019-01-25 14:41:19"], "total_order": 3, "hotel_value": ["4.7", "4.7", "4.7"], "hotel_price": ["522", "522", "522"]}, "437446": {"hotel_name": "\u53a6\u95e8\u4f70\u7fd4\u8f6f\u4ef6\u56ed\u9152\u5e97", "order_time": ["2019-01-25 14:09:23", "2019-01-25 14:29:21", "2019-01-25 14:35:26"], "total_order": 3, "hotel_value": ["4.7", "4.7", "4.7"], "hotel_price": ["398", "398", "398"]}, "369748": {"hotel_name": "\u53a6\u95e8\u6d77\u6e2f\u82f1\u8fea\u683c\u9152\u5e97", "order_time": ["2019-01-25 14:09:23"], "total_order": 1, "hotel_value": ["4.7"], "hotel_price": ["1000"]}, "15841262": {"hotel_name": "\u53a6\u95e8\u8c6a\u5ef7\u5ea6\u5047\u522b\u5885", "order_time": ["2019-01-25 14:09:23"], "total_order": 1, "hotel_value": ["4.9"], "hotel_price": ["296"]}, "428660": {"hotel_name": "\u53a6\u95e8\u9890\u749f\u82b1\u56ed\u9152\u5e97(\u539f\u65b0\u52a0\u5761\u9152\u5e97)", "order_time": ["2019-01-25 14:21:21", "2019-01-25 14:09:23"], "total_order": 2, "hotel_value": ["4.6", "4.6"], "hotel_price": ["268", "268"]}, "435290": {"hotel_name": "\u53a6\u95e8\u6625\u5149\u9152\u5e97", "order_time": ["2019-01-25 14:37:21", "2019-01-25 14:31:26", "2019-01-25 14:09:23"], "total_order": 3, "hotel_value": ["4.7", "4.7", "4.7"], "hotel_price": ["262", "262", "262"]}, "1735109": {"hotel_name": "\u53a6\u95e8\u5e0c\u9601\u82b1\u56ed\u9152\u5e97(\u539f\u5e0c\u9601\u9152\u5e97)", "order_time": ["2019-01-25 14:09:23"], "total_order": 1, "hotel_value": ["4.7"], "hotel_price": ["276"]}, "1887337": {"hotel_name": "188\u9152\u5e97\u516c\u5bd3(\u53a6\u95e8\u4f1a\u5c55\u5e97)", "order_time": ["2019-01-25 14:09:23"], "total_order": 1, "hotel_value": ["4.2"], "hotel_price": ["165"]}, "8568992": {"hotel_name": "\u53a6\u95e8\u5c7f\u60a6\u65c5\u5bbf", "order_time": ["2019-01-25 14:09:23"], "total_order": 1, "hotel_value": ["4.8"], "hotel_price": ["221"]}, "6839393": {"hotel_name": "\u5bb6\u5bb6\u4e50\u9152\u5e97\uff08\u53a6\u95e8\u4e2d\u5c71\u8def\u5347\u5e73\u5e97\uff09", "order_time": ["2019-01-25 14:09:23"], "total_order": 1, "hotel_value": ["4.4"], "hotel_price": ["140"]}, "2308728": {"hotel_name": "\u53a6\u95e8\u5357\u6e56\u9e6d\u98de\u56fd\u9645\u9752\u5e74\u65c5\u820d", "order_time": ["2019-01-25 14:09:24"], "total_order": 1, "hotel_value": ["4.2"], "hotel_price": ["50"]}, "22823142": {"hotel_name": "\u53a6\u95e8\u6cf0\u5730\u4e07\u6021\u9152\u5e97", "order_time": ["2019-01-25 14:09:24", "2019-01-25 14:35:27"], "total_order": 2, "hotel_value": ["4.0", "4.0"], "hotel_price": ["486", "486"]}, "898645": {"hotel_name": "\u6c49\u5ead\u9152\u5e97(\u53a6\u95e8\u79be\u7965\u897f\u8def\u5e97)", "order_time": ["2019-01-25 14:39:22", "2019-01-25 14:11:20"], "total_order": 2, "hotel_value": ["4.4", "4.4"], "hotel_price": ["180", "180"]}, "15849666": {"hotel_name": "\u5168\u5b63\u9152\u5e97(\u53a6\u95e8\u5317\u7ad9\u674f\u6797\u6e7e\u8def\u5e97)", "order_time": ["2019-01-25 14:13:21", "2019-01-25 14:11:20"], "total_order": 2, "hotel_value": ["4.7", "4.7"], "hotel_price": ["303", "303"]}, "1645144": {"hotel_name": "\u4e91\u4e0a\u56db\u5b63\u8fde\u9501\u9152\u5e97(\u53a6\u95e8\u73c0\u83f2\u82b1\u56ed\u5e97)", "order_time": ["2019-01-25 14:11:20", "2019-01-25 14:31:25"], "total_order": 2, "hotel_value": ["4.6", "4.6"], "hotel_price": ["102", "102"]}, "428302": {"hotel_name": "\u53a6\u95e8\u706b\u8f66\u7ad9\u4e9a\u6735\u8f7b\u5c45\u9152\u5e97", "order_time": ["2019-01-25 14:11:21"], "total_order": 1, "hotel_value": ["4.9"], "hotel_price": ["385"]}, "1510329": {"hotel_name": "\u53a6\u95e8\u541b\u96c5\u5047\u65e5\u9152\u5e97", "order_time": ["2019-01-25 14:11:21"], "total_order": 1, "hotel_value": ["4.7"], "hotel_price": ["114"]}, "375294": {"hotel_name": "\u53a6\u95e8\u534e\u7f8e\u8fbe\u957f\u5347\u5927\u9152\u5e97", "order_time": ["2019-01-25 14:11:21"], "total_order": 1, "hotel_value": ["4.4"], "hotel_price": ["418"]}, "1741647": {"hotel_name": "\u53a6\u95e8\u6f2b\u6e21\u6734\u820d\u8bbe\u8ba1\u578b\u6c11\u5bbf", "order_time": ["2019-01-25 14:11:21"], "total_order": 1, "hotel_value": ["5.0"], "hotel_price": ["242"]}, "11893099": {"hotel_name": "\u53a6\u95e8\u4e00\u5b85\u8bbe\u8ba1\u5e08\u6c11\u5bbf", "order_time": ["2019-01-25 14:11:21"], "total_order": 1, "hotel_value": ["4.2"], "hotel_price": ["258"]}, "457612": {"hotel_name": "\u53a6\u95e8\u4e94\u7f18\u6c34\u4e61\u9152\u5e97", "order_time": ["2019-01-25 14:11:21", "2019-01-25 14:39:23"], "total_order": 2, "hotel_value": ["4.9", "4.9"], "hotel_price": ["666", "666"]}, "878866": {"hotel_name": "\u53a6\u95e8\u94f6\u6d32\u65c5\u9986", "order_time": ["2019-01-25 14:11:21"], "total_order": 1, "hotel_value": ["4.5"], "hotel_price": ["174"]}, "1284505": {"hotel_name": "\u82b1\u7b51\u00b7\u53a6\u95e8\u4e0d\u8c61\u975e\u5ba2\u6808", "order_time": ["2019-01-25 14:11:21"], "total_order": 1, "hotel_value": ["4.9"], "hotel_price": ["248"]}, "1807532": {"hotel_name": "\u53a6\u95e8\u66fe\u539d\u57b5\u4ed3\u91cc71\u53f7\u5ba2\u6808", "order_time": ["2019-01-25 14:11:22"], "total_order": 1, "hotel_value": ["4.6"], "hotel_price": ["52"]}, "2074390": {"hotel_name": "\u53a6\u95e8\u5317\u7ad9\u5b89\u6021\u5c45\u5ba2\u6808", "order_time": ["2019-01-25 14:25:20", "2019-01-25 14:11:22"], "total_order": 2, "hotel_value": ["4.7", "4.7"], "hotel_price": ["133", "133"]}, "11888775": {"hotel_name": "\u53a6\u95e8\u66fe\u539d\u57b5\u6d77\u5cb8\u82b1\u5f00\u5ba2\u6808", "order_time": ["2019-01-25 14:11:22"], "total_order": 1, "hotel_value": ["4.6"], "hotel_price": ["64"]}, "19581706": {"hotel_name": "\u53a6\u95e8\u65af\u67cf\u6797\u9152\u5e97", "order_time": ["2019-01-25 14:11:22"], "total_order": 1, "hotel_value": ["4.4"], "hotel_price": ["91"]}, "1843726": {"hotel_name": "\u53a6\u95e8\u9f13\u6d6a\u5c7f\u871c\u6e7e\u5c0f\u5c4b\u65c5\u9986", "order_time": ["2019-01-25 14:11:22"], "total_order": 1, "hotel_value": ["4.7"], "hotel_price": ["131"]}, "346257": {"hotel_name": "\u53a6\u95e8\u6d77\u666f\u5343\u79a7\u5927\u9152\u5e97", "order_time": ["2019-01-25 14:23:22", "2019-01-25 14:11:24"], "total_order": 2, "hotel_value": ["4.5", "4.5"], "hotel_price": ["590", "590"]}, "1410376": {"hotel_name": "\u82b1\u5ead\u65c5\u9986(\u9f13\u6d6a\u5c7f\u5b89\u6d77\u82b1\u56ed\u5e97)", "order_time": ["2019-01-25 14:13:20"], "total_order": 1, "hotel_value": ["4.6"], "hotel_price": ["239"]}, "425692": {"hotel_name": "\u53a6\u95e8\u6d77\u60a6\u5c71\u5e84\u9152\u5e97", "order_time": ["2019-01-25 14:33:29", "2019-01-25 14:13:20"], "total_order": 2, "hotel_value": ["4.8", "4.8"], "hotel_price": ["1062", "1062"]}, "375295": {"hotel_name": "\u53a6\u95e8\u7fd4\u9e6d\u56fd\u9645\u5927\u9152\u5e97", "order_time": ["2019-01-25 14:13:21", "2019-01-25 14:29:20", "2019-01-25 14:33:29"], "total_order": 3, "hotel_value": ["4.4", "4.4", "4.4"], "hotel_price": ["18888", "18888", "18888"]}, "375290": {"hotel_name": "\u53a6\u95e8\u5149\u5927\u9152\u5e97", "order_time": ["2019-01-25 14:13:21"], "total_order": 1, "hotel_value": ["4.4"], "hotel_price": ["235"]}, "988894": {"hotel_name": "\u548c\u9890\u9152\u5e97(\u53a6\u95e8\u5927\u5b66\u7eff\u6676\u5e97)", "order_time": ["2019-01-25 14:13:21"], "total_order": 1, "hotel_value": ["4.5"], "hotel_price": ["288"]}, "932019": {"hotel_name": "\u5982\u5bb6\u5feb\u6377\u9152\u5e97(\u53a6\u95e8\u83b2\u5cb3\u8def\u677e\u67cf\u6587\u5316\u827a\u672f\u4e2d\u5fc3\u5e97)", "order_time": ["2019-01-25 14:13:21", "2019-01-25 14:41:20"], "total_order": 2, "hotel_value": ["4.3", "4.3"], "hotel_price": ["122", "122"]}, "4825266": {"hotel_name": "\u53a6\u95e8\u7ea2\u53f6\u7cbe\u54c1\u9152\u5e97\u516c\u5bd3", "order_time": ["2019-01-25 14:13:22"], "total_order": 1, "hotel_value": ["4.5"], "hotel_price": ["163"]}, "744314": {"hotel_name": "\u5982\u5bb6\u5feb\u6377\u9152\u5e97(\u53a6\u95e8\u4e2d\u5c71\u8def\u6b65\u884c\u8857\u9547\u6d77\u8def\u5730\u94c1\u7ad9\u5e97)", "order_time": ["2019-01-25 14:13:22"], "total_order": 1, "hotel_value": ["4.4"], "hotel_price": ["208"]}, "7449273": {"hotel_name": "\u53a6\u95e8\u521d\u5c45Home Stay\u6c11\u5bbf", "order_time": ["2019-01-25 14:13:22"], "total_order": 1, "hotel_value": ["4.4"], "hotel_price": ["83"]}, "6118404": {"hotel_name": "\u98de\u5bbf\u8fde\u9501\u53a6\u95e8\u9f13\u6d6a\u5c7f\u767d\u9732\u5e84\u56ed", "order_time": ["2019-01-25 14:13:25"], "total_order": 1, "hotel_value": ["4.8"], "hotel_price": ["408"]}, "5788864": {"hotel_name": "\u53a6\u95e8\u5eb7\u83b1\u5fb7\u9152\u5e97", "order_time": ["2019-01-25 14:15:23"], "total_order": 1, "hotel_value": ["4.7"], "hotel_price": ["1888"]}, "375296": {"hotel_name": "\u53a6\u95e8\u65e5\u822a\u9152\u5e97", "order_time": ["2019-01-25 14:15:23"], "total_order": 1, "hotel_value": ["4.6"], "hotel_price": ["598"]}, "4496383": {"hotel_name": "\u53a6\u95e8\u6162\u751f\u6d3b\u00b7\u4e0a\u91ce\u5ba2\u6808", "order_time": ["2019-01-25 14:15:23"], "total_order": 1, "hotel_value": ["4.9"], "hotel_price": ["151"]}, "2043594": {"hotel_name": "7\u5929\u8fde\u9501\u9152\u5e97(\u53a6\u95e8\u53f0\u6e7e\u8857\u5e97)", "order_time": ["2019-01-25 14:27:21", "2019-01-25 14:15:24"], "total_order": 2, "hotel_value": ["4.4", "4.4"], "hotel_price": ["145", "145"]}, "1648310": {"hotel_name": "\u53a6\u95e8\u5764\u57ce\u6c64\u5cb8\u6e29\u6cc9\u5ea6\u5047\u6751", "order_time": ["2019-01-25 14:15:24"], "total_order": 1, "hotel_value": ["4.5"], "hotel_price": ["552"]}, "643518": {"hotel_name": "\u53a6\u95e8\u9f13\u6d6a\u5c7f\u76d6\u9a70\u4f20\u5947\u4e3b\u9898\u7cbe\u54c1\u5ea6\u5047\u65c5\u9986", "order_time": ["2019-01-25 14:15:25"], "total_order": 1, "hotel_value": ["4.9"], "hotel_price": ["261"]}, "6731656": {"hotel_name": "\u53a6\u95e8\u5916\u6e21\u53a6\u98ce\u8f7b\u5c45", "order_time": ["2019-01-25 14:15:25"], "total_order": 1, "hotel_value": ["4.7"], "hotel_price": ["223"]}, "21124626": {"hotel_name": "\u53a6\u95e8\u4e07\u749f\u8f69\u9152\u5e97", "order_time": ["2019-01-25 14:17:23"], "total_order": 1, "hotel_value": ["4.7"], "hotel_price": ["306"]}, "1047946": {"hotel_name": "\u53a6\u95e8\u91d1\u7396\u9152\u5e97", "order_time": ["2019-01-25 14:17:23"], "total_order": 1, "hotel_value": ["4.5"], "hotel_price": ["261"]}, "6571121": {"hotel_name": "\u53a6\u95e8\u4e00\u5e2d\u81fb\u54c1\u8f7b\u5962\u9a7f\u7ad9", "order_time": ["2019-01-25 14:17:23"], "total_order": 1, "hotel_value": ["4.9"], "hotel_price": ["264"]}, "440903": {"hotel_name": "\u5b9c\u5fc5\u601d\u9152\u5e97(\u53a6\u95e8\u706b\u8f66\u7ad9\u9152\u5e97)", "order_time": ["2019-01-25 14:17:23"], "total_order": 1, "hotel_value": ["4.3"], "hotel_price": ["227"]}, "22421704": {"hotel_name": "\u5168\u5b63\u9152\u5e97(\u53a6\u95e8\u4e2d\u5c71\u8def\u6b65\u884c\u8857\u601d\u660e\u5357\u8def\u5e97)", "order_time": ["2019-01-25 14:17:23"], "total_order": 1, "hotel_value": ["4.8"], "hotel_price": ["446"]}, "4439579": {"hotel_name": "\u524d\u7530\u6e7e\u7cbe\u54c1\u5ba2\u6808(\u53a6\u95e8\u66fe\u539d\u57b5\u5e97)", "order_time": ["2019-01-25 14:17:23"], "total_order": 1, "hotel_value": ["4.7"], "hotel_price": ["108"]}, "2300486": {"hotel_name": "7\u5929\u8fde\u9501\u9152\u5e97(\u53a6\u95e8\u53a6\u9f13\u6e38\u8f6e\u7801\u5934\u5e97)", "order_time": ["2019-01-25 14:17:24"], "total_order": 1, "hotel_value": ["4.2"], "hotel_price": ["127"]}, "385412": {"hotel_name": "\u53a6\u95e8\u5317\u6d77\u6e7e\u60e0\u9f99\u4e07\u8fbe\u5609\u534e\u9152\u5e97", "order_time": ["2019-01-25 14:17:24"], "total_order": 1, "hotel_value": ["4.8"], "hotel_price": ["750"]}, "1730297": {"hotel_name": "\u53a6\u95e8\u9f13\u6d6a\u5c7f\u7434\u6d77\u5e84\u56ed\u6d77\u666f\u9152\u5e97", "order_time": ["2019-01-25 14:17:24"], "total_order": 1, "hotel_value": ["4.6"], "hotel_price": ["518"]}, "1767972": {"hotel_name": "\u53a6\u95e8\u66fe\u539d\u57b5\u6162\u65c5\u884c\u5ba2\u6808", "order_time": ["2019-01-25 14:17:26"], "total_order": 1, "hotel_value": ["4.6"], "hotel_price": ["92"]}, "17338414": {"hotel_name": "\u53a6\u95e8\u6797\u68a7\u6850\u697c", "order_time": ["2019-01-25 14:19:20"], "total_order": 1, "hotel_value": ["4.8"], "hotel_price": ["850"]}, "2233112": {"hotel_name": "\u53a6\u95e8\u4e1c\u8fb0\u5927\u9152\u5e97", "order_time": ["2019-01-25 14:19:20"], "total_order": 1, "hotel_value": ["4.1"], "hotel_price": ["182"]}, "779669": {"hotel_name": "\u6d77\u53cb\u826f\u54c1\u9152\u5e97(\u53a6\u95e8SM\u5e7f\u573a\u53f0\u6e7e\u8857\u5e97)", "order_time": ["2019-01-25 14:19:20"], "total_order": 1, "hotel_value": ["4.4"], "hotel_price": ["129"]}, "1540062": {"hotel_name": "\u4e45\u6816\u00b7\u9f13\u6d6a\u5c7f\u6d77\u5cb8\u82b1\u65c5\u9986", "order_time": ["2019-01-25 14:19:20"], "total_order": 1, "hotel_value": ["4.9"], "hotel_price": ["239"]}, "2304549": {"hotel_name": "99\u65c5\u9986\u8fde\u9501(\u53a6\u95e8SM\u4e4c\u77f3\u6d66\u5730\u94c1\u7ad9\u5e97)", "order_time": ["2019-01-25 14:19:21"], "total_order": 1, "hotel_value": ["4.2"], "hotel_price": ["104"]}, "1338619": {"hotel_name": "\u53a6\u95e8\u73ab\u7470\u65c5\u793e", "order_time": ["2019-01-25 14:19:23"], "total_order": 1, "hotel_value": ["2.9"], "hotel_price": ["62"]}, "21332906": {"hotel_name": "\u53a6\u95e8\u65af\u7ef4\u767b\u5ea6\u5047\u9152\u5e97(\u678b\u6e56\u8f66\u7ad9\u4f18\u671b\u5e97)", "order_time": ["2019-01-25 14:21:19", "2019-01-25 14:31:25"], "total_order": 2, "hotel_value": ["4.8", "4.8"], "hotel_price": ["219", "219"]}, "375293": {"hotel_name": "\u53a6\u95e8\u95fd\u5357\u5927\u9152\u5e97", "order_time": ["2019-01-25 14:21:20"], "total_order": 1, "hotel_value": ["4.6"], "hotel_price": ["358"]}, "2600928": {"hotel_name": "\u5fc3\u8fdc\u9152\u5e97(\u53a6\u95e8\u674f\u6797\u5e97)", "order_time": ["2019-01-25 14:21:20"], "total_order": 1, "hotel_value": ["4.4"], "hotel_price": ["149"]}, "472361": {"hotel_name": "\u53a6\u95e8\u660e\u73e0\u6d77\u6e7e\u5927\u9152\u5e97", "order_time": ["2019-01-25 14:43:20", "2019-01-25 14:21:20"], "total_order": 2, "hotel_value": ["4.5", "4.5"], "hotel_price": ["342", "342"]}, "436724": {"hotel_name": "\u53a6\u95e8\u9f13\u6d6a\u5c7f\u65d7\u5c71\u4e00\u53f7\u516c\u9986", "order_time": ["2019-01-25 14:21:20"], "total_order": 1, "hotel_value": ["4.7"], "hotel_price": ["332"]}, "451156": {"hotel_name": "\u9f13\u6d6a\u5c7f\u53a6\u6808\u56db\u5b63\u661f\u7a7a\u9152\u5e97", "order_time": ["2019-01-25 14:41:19", "2019-01-25 14:21:20"], "total_order": 2, "hotel_value": ["4.0", "4.0"], "hotel_price": ["213", "213"]}, "2300982": {"hotel_name": "7\u5929\u8fde\u9501\u9152\u5e97(\u53a6\u95e8\u706b\u8f66\u7ad9\u6e56\u6ee8\u5357\u8def\u4e2d\u5c71\u533b\u9662\u5e97)", "order_time": ["2019-01-25 14:21:21"], "total_order": 1, "hotel_value": ["4.4"], "hotel_price": ["99"]}, "14523913": {"hotel_name": "\u53a6\u95e8\u66fe\u539d\u57b5\u5317\u82d1\u65b0\u5885\u6c11\u5bbf", "order_time": ["2019-01-25 14:21:21"], "total_order": 1, "hotel_value": ["4.8"], "hotel_price": ["273"]}, "6109242": {"hotel_name": "\u53a6\u95e8\u53a6\u5927\u8239\u8bf4\u5ea6\u5047\u522b\u5885", "order_time": ["2019-01-25 14:25:22", "2019-01-25 14:21:21"], "total_order": 2, "hotel_value": ["4.8", "4.8"], "hotel_price": ["494", "494"]}, "1423107": {"hotel_name": "\u4eb2\u7684\u5ba2\u6808\u00b7\u53a6\u95e8\u9648\u767d\u9a6c\u5e97(\u539f\u9648\u767d\u9a6c\u9152\u5427\u5ba2\u6808)", "order_time": ["2019-01-25 14:21:22"], "total_order": 1, "hotel_value": ["4.3"], "hotel_price": ["83"]}, "5072969": {"hotel_name": "\u53a6\u95e8\u8317\u5bbf\u5c71\u79cb\u6c11\u5bbf", "order_time": ["2019-01-25 14:21:22"], "total_order": 1, "hotel_value": [0], "hotel_price": ["158"]}, "4822376": {"hotel_name": "\u53a6\u95e8\u96c6\u5174\u65c5\u793e", "order_time": ["2019-01-25 14:21:23"], "total_order": 1, "hotel_value": ["3.8"], "hotel_price": ["57"]}, "5053649": {"hotel_name": "\u53a6\u95e8\u5927\u5b66\u5962\u534e\u9152\u5e97\u516c\u5bd3(\u539f\u94c2\u66fc\u5929\u79a7\u6d77\u666f\u9152\u5e97\u516c\u5bd3)", "order_time": ["2019-01-25 14:21:24"], "total_order": 1, "hotel_value": ["4.6"], "hotel_price": ["526"]}, "1639388": {"hotel_name": "\u4e03\u946b\u5929\u9152\u5e97(\u53a6\u95e8\u673a\u573a\u5e97)", "order_time": ["2019-01-25 14:23:20"], "total_order": 1, "hotel_value": ["4.4"], "hotel_price": ["144"]}, "452567": {"hotel_name": "\u53a6\u95e8\u6162\u751f\u6d3b\u00b7\u82ad\u5398\u6d77\u5cb8\u5ea6\u5047\u9152\u5e97(\u539f\u9f13\u6d6a\u5c7f\u82ad\u5398\u6d77\u5cb8\u6d77\u666f\u9152\u5e97)", "order_time": ["2019-01-25 14:23:20"], "total_order": 1, "hotel_value": ["4.9"], "hotel_price": ["746"]}, "2364319": {"hotel_name": "\u53a6\u95e8\u7b2c\u4e00\u6e2f\u5ba2\u6808", "order_time": ["2019-01-25 14:23:20"], "total_order": 1, "hotel_value": ["4.6"], "hotel_price": ["160"]}, "1018033": {"hotel_name": "\u53a6\u95e8\u5317\u7ad9\u5947\u65fa\u65c5\u9986", "order_time": ["2019-01-25 14:23:20"], "total_order": 1, "hotel_value": ["4.7"], "hotel_price": ["123"]}, "1575123": {"hotel_name": "\u827e\u601d\u987f\u9152\u5e97(\u53a6\u95e8\u706b\u8f66\u7ad9\u5e97)", "order_time": ["2019-01-25 14:39:23", "2019-01-25 14:23:20"], "total_order": 2, "hotel_value": ["4.8", "4.8"], "hotel_price": ["298", "298"]}, "1728837": {"hotel_name": "\u6768\u6843\u9662\u5b50\u65c5\u9986(\u9f13\u6d6a\u5c7f\u4e2d\u534e\u7ea2\u58a8\u5e97)", "order_time": ["2019-01-25 14:23:21"], "total_order": 1, "hotel_value": ["4.8"], "hotel_price": ["392"]}, "1807300": {"hotel_name": "\u53a6\u95e8\u9e6d\u99a8\u5ba2\u6808", "order_time": ["2019-01-25 14:23:21"], "total_order": 1, "hotel_value": ["4.7"], "hotel_price": ["103"]}, "8523234": {"hotel_name": "\u53a6\u95e8\u661f\u6708\u6d32\u9152\u5e97", "order_time": ["2019-01-25 14:23:21"], "total_order": 1, "hotel_value": ["4.5"], "hotel_price": ["212"]}, "3181385": {"hotel_name": "7\u5929\u4f18\u54c1\u9152\u5e97(\u53a6\u95e8\u5c06\u519b\u7960\u5730\u94c1\u7ad9\u5e97)", "order_time": ["2019-01-25 14:23:21"], "total_order": 1, "hotel_value": ["4.5"], "hotel_price": ["147"]}, "1877209": {"hotel_name": "\u53a6\u95e8\u6c34\u6676\u5ba2\u6808", "order_time": ["2019-01-25 14:23:22"], "total_order": 1, "hotel_value": ["4.0"], "hotel_price": ["94"]}, "7808924": {"hotel_name": "\u53a6\u95e8\u5317\u7ad9\u5357\u57ce\u5c0f\u82d1", "order_time": ["2019-01-25 14:23:22"], "total_order": 1, "hotel_value": ["4.8"], "hotel_price": ["93"]}, "1860181": {"hotel_name": "\u53a6\u95e8\u8c6a\u666f\u6d77\u5cb8\u5047\u65e5\u9152\u5e97", "order_time": ["2019-01-25 14:35:28", "2019-01-25 14:23:23"], "total_order": 2, "hotel_value": ["3.8", "3.8"], "hotel_price": ["167", "167"]}, "858999": {"hotel_name": "\u53a6\u95e8\u7965\u4e91\u4f70\u4f73\u5ba2\u6808(\u539fPaPa\uff07s\u4e3b\u9898\u5ba2\u6808)", "order_time": ["2019-01-25 14:25:21"], "total_order": 1, "hotel_value": ["4.6"], "hotel_price": ["121"]}, "2058271": {"hotel_name": "\u53a6\u95e8\u4e0d\u820d\u539d\u8fc7\u5ba2\u6808", "order_time": ["2019-01-25 14:25:21"], "total_order": 1, "hotel_value": ["4.9"], "hotel_price": ["198"]}, "1623412": {"hotel_name": "\u6c49\u5ead\u9152\u5e97(\u53a6\u95e8\u767d\u9e6d\u6d32\u8def\u5e97)", "order_time": ["2019-01-25 14:25:21"], "total_order": 1, "hotel_value": ["4.1"], "hotel_price": ["128"]}, "15717242": {"hotel_name": "\u53a6\u95e8\u9e6d\u5c9b\u6234\u65af\u9152\u5e97", "order_time": ["2019-01-25 14:25:21"], "total_order": 1, "hotel_value": ["4.6"], "hotel_price": ["249"]}, "19853957": {"hotel_name": "\u9038\u6cca\u5b87\u516c\u5bd3(\u53a6\u95e8\u673a\u573a\u5e97)", "order_time": ["2019-01-25 14:25:21"], "total_order": 1, "hotel_value": ["4.7"], "hotel_price": ["135"]}, "1486929": {"hotel_name": "\u6c49\u5ead\u4f18\u4f73\u9152\u5e97(\u53a6\u95e8\u4e2d\u5c71\u8def\u6b65\u884c\u8857\u5e97)", "order_time": ["2019-01-25 14:25:21"], "total_order": 1, "hotel_value": ["4.7"], "hotel_price": ["297"]}, "6075104": {"hotel_name": "\u53a6\u95e8\u71d5\u00b7\u9752\u5e74\u65c5\u820d", "order_time": ["2019-01-25 14:25:22"], "total_order": 1, "hotel_value": ["4.7"], "hotel_price": ["48"]}, "6894170": {"hotel_name": "Q\u52a0\u00b7\u53a6\u95e8\u6f2b\u6e21\u96c5\u81f4\u5ba2\u6808", "order_time": ["2019-01-25 14:27:20"], "total_order": 1, "hotel_value": ["4.8"], "hotel_price": ["58"]}, "2040417": {"hotel_name": "7\u5929\u4f18\u54c1\u9152\u5e97(\u53a6\u95e8\u673a\u573a\u6bbf\u524d\u5730\u94c1\u7ad9\u5e97)", "order_time": ["2019-01-25 14:27:20"], "total_order": 1, "hotel_value": ["4.7"], "hotel_price": ["148"]}, "2306365": {"hotel_name": "7\u5929\u8fde\u9501\u9152\u5e97(\u53a6\u95e8\u9f13\u6d6a\u5c7f\u6d77\u6ca7\u7801\u5934\u5e97)", "order_time": ["2019-01-25 14:27:20"], "total_order": 1, "hotel_value": ["4.3"], "hotel_price": ["132"]}, "8569035": {"hotel_name": "\u53a6\u95e8\u9e6d\u987a\u5feb\u6377\u9152\u5e97\u706b\u8f66\u7ad9\u5e97", "order_time": ["2019-01-25 14:27:21"], "total_order": 1, "hotel_value": ["3.9"], "hotel_price": ["106"]}, "5312033": {"hotel_name": "\u53a6\u95e8\u6c38\u4e30\u6d77\u6d0b\u5ba2\u6808", "order_time": ["2019-01-25 14:27:22"], "total_order": 1, "hotel_value": ["4.6"], "hotel_price": ["164"]}, "434435": {"hotel_name": "\u82b1\u7b51\u00b7\u53a6\u95e8\u4e09\u751f\u4e00\u5885\u6d77\u666f\u522b\u5885", "order_time": ["2019-01-25 14:27:22"], "total_order": 1, "hotel_value": ["4.9"], "hotel_price": ["238"]}, "929583": {"hotel_name": "\u5982\u5bb6\u5feb\u6377\u9152\u5e97(\u53a6\u95e8\u706b\u8f66\u7ad9\u5e7f\u573a\u5e97)", "order_time": ["2019-01-25 14:29:20"], "total_order": 1, "hotel_value": ["4.5"], "hotel_price": ["161"]}, "469816": {"hotel_name": "\u53a6\u95e8\u5723\u5e0c\u7f57\u9152\u5e97", "order_time": ["2019-01-25 14:29:21"], "total_order": 1, "hotel_value": ["4.4"], "hotel_price": ["288"]}, "708155": {"hotel_name": "\u53a6\u95e8\u6162\u751f\u6d3b\u00b7\u897f\u6960\u5ba2\u6808", "order_time": ["2019-01-25 14:29:21"], "total_order": 1, "hotel_value": ["4.8"], "hotel_price": ["139"]}, "23625312": {"hotel_name": "\u53a6\u95e8\u4e91\u820d\u96c5\u5c45\u516c\u5bd3", "order_time": ["2019-01-25 14:29:21"], "total_order": 1, "hotel_value": ["4.7"], "hotel_price": ["146"]}, "11216536": {"hotel_name": "\u53a6\u95e8\u5fc3\u6e56\u60a6\u7a7a\u95f4\u6c11\u5bbf", "order_time": ["2019-01-25 14:29:21"], "total_order": 1, "hotel_value": ["4.7"], "hotel_price": ["248"]}, "771610": {"hotel_name": "\u53a6\u95e8\u661f\u5149\u6d77\u6e7e\u9152\u5e97", "order_time": ["2019-01-25 14:29:21"], "total_order": 1, "hotel_value": ["4.4"], "hotel_price": ["292"]}, "6531873": {"hotel_name": "\u53a6\u95e8\u6469\u767b\u4e16\u5bb6\u8fde\u9501\u9152\u5e97\u706b\u8f66\u7ad9\u5e97", "order_time": ["2019-01-25 14:43:20", "2019-01-25 14:29:21"], "total_order": 2, "hotel_value": ["4.7", "4.7"], "hotel_price": ["108", "108"]}, "21124606": {"hotel_name": "\u53a6\u95e8\u4eab\u7b51\u6d77\u8fb9\u5ea6\u5047\u65c5\u9986", "order_time": ["2019-01-25 14:29:22"], "total_order": 1, "hotel_value": ["5.0"], "hotel_price": ["154"]}, "1554777": {"hotel_name": "\u53a6\u95e8\u5317\u7ad9\u5e78\u798f\u4eba\u5bb6\u5ba2\u6808", "order_time": ["2019-01-25 14:33:31", "2019-01-25 14:29:22"], "total_order": 2, "hotel_value": ["4.4", "4.4"], "hotel_price": ["83", "83"]}, "445604": {"hotel_name": "\u53a6\u95e8\u661f\u6708\u6d32\u540d\u5178\u9152\u5e97(\u539f\u672a\u6d3e\u540d\u5178\u9152\u5e97)", "order_time": ["2019-01-25 14:29:23"], "total_order": 1, "hotel_value": ["4.3"], "hotel_price": ["261"]}, "4815087": {"hotel_name": "\u53a6\u95e8\u9f13\u6d6a\u5c7f\u6f2b\u6f2b\u60a0\u60a0\u65c5\u9986", "order_time": ["2019-01-25 14:29:24"], "total_order": 1, "hotel_value": ["4.8"], "hotel_price": ["208"]}, "5028414": {"hotel_name": "\u826f\u5885\u00b7\u6e29\u5ea6\u5ea6\u5047\u522b\u5885(\u53a6\u95e8\u66fe\u539d\u57b5\u5e97)", "order_time": ["2019-01-25 14:31:24"], "total_order": 1, "hotel_value": ["4.9"], "hotel_price": ["258"]}, "2157026": {"hotel_name": "\u53a6\u95e8\u559c\u591a\u5c4b\u9152\u5e97", "order_time": ["2019-01-25 14:31:24", "2019-01-25 14:35:26"], "total_order": 2, "hotel_value": ["4.7", "4.7"], "hotel_price": ["88", "88"]}, "700179": {"hotel_name": "\u6cca\u65c5\u65f6\u5c1a\u9152\u5e97(\u53a6\u95e8\u4f1a\u5c55\u4e2d\u5fc3\u5e97)", "order_time": ["2019-01-25 14:31:25"], "total_order": 1, "hotel_value": ["4.0"], "hotel_price": ["182"]}, "1211268": {"hotel_name": "\u53a6\u95e8\u6e56\u91cc\u9890\u8c6a\u9152\u5e97", "order_time": ["2019-01-25 14:33:29", "2019-01-25 14:31:26"], "total_order": 2, "hotel_value": ["4.7", "4.7"], "hotel_price": ["458", "458"]}, "1787526": {"hotel_name": "\u53a6\u95e8\u9690\u897f\u6c11\u5bbf", "order_time": ["2019-01-25 14:31:26"], "total_order": 1, "hotel_value": ["4.7"], "hotel_price": ["241"]}, "346269": {"hotel_name": "\u53a6\u95e8\u6e90\u660c\u51ef\u5bbe\u65af\u57fa\u5927\u9152\u5e97", "order_time": ["2019-01-25 14:33:29"], "total_order": 1, "hotel_value": ["4.7"], "hotel_price": ["898"]}, "397577": {"hotel_name": "\u53a6\u95e8\u5b9d\u9f99\u94c2\u5c14\u66fc\u5927\u9152\u5e97", "order_time": ["2019-01-25 14:33:29"], "total_order": 1, "hotel_value": ["4.7"], "hotel_price": ["746"]}, "434801": {"hotel_name": "\u53a6\u95e8\u51ef\u88d5\u7f8e\u7235\u9152\u5e97", "order_time": ["2019-01-25 14:33:29"], "total_order": 1, "hotel_value": ["4.5"], "hotel_price": ["519"]}, "434812": {"hotel_name": "\u53a6\u95e8\u65e5\u6708\u8c37\u6e29\u6cc9\u6e21\u5047\u6751", "order_time": ["2019-01-25 14:33:29"], "total_order": 1, "hotel_value": ["4.7"], "hotel_price": ["1358"]}, "22766983": {"hotel_name": "\u9e97\u67ab\u9152\u5e97(\u53a6\u95e8\u4e2d\u5c71\u8def\u6b65\u884c\u8857\u5e97)", "order_time": ["2019-01-25 14:33:29"], "total_order": 1, "hotel_value": ["4.7"], "hotel_price": ["290"]}, "1728375": {"hotel_name": "\u6768\u6843\u9662\u5b50\u65c5\u9986(\u9f13\u6d6a\u5c7f\u590d\u5174\u53e4\u5821\u5e97)", "order_time": ["2019-01-25 14:33:29"], "total_order": 1, "hotel_value": ["4.8"], "hotel_price": ["283"]}, "929561": {"hotel_name": "\u53a6\u95e8\u53cb\u4e30\u6e56\u666f\u9152\u5e97", "order_time": ["2019-01-25 14:33:29"], "total_order": 1, "hotel_value": ["4.4"], "hotel_price": ["298"]}, "4122689": {"hotel_name": "\u53a6\u95e8\u8fb9\u9645\u9152\u5e97", "order_time": ["2019-01-25 14:33:29"], "total_order": 1, "hotel_value": ["4.6"], "hotel_price": ["222"]}, "2535597": {"hotel_name": "\u901f\u65f6\u4ee3\u7cbe\u54c1\u5ba2\u6808(\u53a6\u95e8\u4e2d\u5c71\u8def\u5e97)", "order_time": ["2019-01-25 14:33:29"], "total_order": 1, "hotel_value": ["4.2"], "hotel_price": ["113"]}, "428700": {"hotel_name": "\u5982\u5bb6\u5feb\u6377\u9152\u5e97(\u53a6\u95e8\u4e1c\u6e21\u9f13\u6d6a\u5c7f\u7801\u5934\u5e97)(\u539f\u4e1c\u6e21\u90ae\u8f6e\u4e2d\u5fc3\u53a6\u9f13\u7801\u5934\u5e97)", "order_time": ["2019-01-25 14:33:29"], "total_order": 1, "hotel_value": ["4.2"], "hotel_price": ["132"]}, "5639861": {"hotel_name": "\u53a6\u95e8\u66fe\u539d\u57b5\u63fd\u6d77\u542c\u98ce\u56fd\u9645\u9752\u5e74\u65c5\u820d", "order_time": ["2019-01-25 14:33:29"], "total_order": 1, "hotel_value": ["4.7"], "hotel_price": ["38"]}, "436726": {"hotel_name": "\u53a6\u95e8\u9f13\u6d6a\u5c7f\u5370\u8c61\u95fd\u5357\u6c11\u4fd7\u5ba2\u6808", "order_time": ["2019-01-25 14:33:29"], "total_order": 1, "hotel_value": ["4.7"], "hotel_price": ["132"]}, "385410": {"hotel_name": "\u53a6\u95e8\u6d77\u5cb8\u56fd\u9645\u9152\u5e97", "order_time": ["2019-01-25 14:33:30"], "total_order": 1, "hotel_value": ["4.4"], "hotel_price": ["298"]}, "5244123": {"hotel_name": "\u53a6\u95e8\u5362\u5361\u56fd\u9645\u9752\u5e74\u65c5\u820d", "order_time": ["2019-01-25 14:33:30", "2019-01-25 14:39:26"], "total_order": 2, "hotel_value": ["4.4", "4.4"], "hotel_price": ["258", "258"]}, "2305457": {"hotel_name": "\u53a6\u95e8\u9f13\u6d6a\u5c7f\u6c99\u9e25\u5c45\u5ba2\u6808", "order_time": ["2019-01-25 14:33:31"], "total_order": 1, "hotel_value": ["4.8"], "hotel_price": ["183"]}, "1298769": {"hotel_name": "\u53a6\u95e8\u5df4\u514b\u62c9\u6982\u5ff5\u9152\u5e97", "order_time": ["2019-01-25 14:35:26"], "total_order": 1, "hotel_value": ["4.6"], "hotel_price": ["151"]}, "2031707": {"hotel_name": "\u53a6\u95e8\u964c\u5ba2\u5fae\u9152\u5e97\uff08\u53a6\u5927\u5b66\u751f\u516c\u5bd3\u5e97\uff09", "order_time": ["2019-01-25 14:35:26"], "total_order": 1, "hotel_value": ["4.6"], "hotel_price": ["174"]}, "708159": {"hotel_name": "\u53a6\u95e8\u9f13\u6d6a\u5c7f\u963f\u9edb\u97f3\u4e50\u65c5\u9986", "order_time": ["2019-01-25 14:35:27"], "total_order": 1, "hotel_value": ["4.4"], "hotel_price": ["137"]}, "4645488": {"hotel_name": "\u53a6\u95e8\u4f1f\u4f26\u4e3b\u9898\u522b\u5885\u5ba2\u6808", "order_time": ["2019-01-25 14:35:27"], "total_order": 1, "hotel_value": ["4.5"], "hotel_price": ["153"]}, "18515029": {"hotel_name": "\u5927\u8c61\u6c11\u5bbf(\u53a6\u95e8\u53a6\u9f13\u7801\u5934\u5e97)", "order_time": ["2019-01-25 14:35:27"], "total_order": 1, "hotel_value": ["4.7"], "hotel_price": ["458"]}, "11019592": {"hotel_name": "\u98de\u5bbf\u8fde\u9501\u53a6\u95e8\u9999\u69ad\u6735\u62c9\u5e84\u56ed", "order_time": ["2019-01-25 14:35:27"], "total_order": 1, "hotel_value": ["4.9"], "hotel_price": ["232"]}, "1461631": {"hotel_name": "\u53a6\u95e8\u89c2\u6d77\u56ed\u5ba2\u6808(\u539f\u53a6\u95e8\u6d77\u8fb9\u7f18\u65c5\u9986)", "order_time": ["2019-01-25 14:35:28"], "total_order": 1, "hotel_value": ["4.8"], "hotel_price": ["99"]}, "25046953": {"hotel_name": "\u53a6\u95e8\u7fd4\u65fa\u6c11\u5bbf", "order_time": ["2019-01-25 14:35:29"], "total_order": 1, "hotel_value": ["5.0"], "hotel_price": ["68"]}, "4041819": {"hotel_name": "\u5bb6\u5bb6\u4e50\u9152\u5e97\uff08\u53a6\u95e8\u4e2d\u5c71\u8def\u6b65\u884c\u8857\u5e97\uff09", "order_time": ["2019-01-25 14:35:31"], "total_order": 1, "hotel_value": ["4.4"], "hotel_price": ["229"]}, "12092426": {"hotel_name": "\u53a6\u95e8\u91d1\u5c0f\u59d0\u522b\u9662(\u539f\u9999\u683c\u91cc\u5885\u5ea6\u5047\u5e84\u56ed)", "order_time": ["2019-01-25 14:37:20"], "total_order": 1, "hotel_value": ["4.9"], "hotel_price": ["162"]}, "445258": {"hotel_name": "\u5982\u662f\u9152\u5e97(\u53a6\u95e8\u4e3b\u9898\u58f9\u53f7\u5e97)", "order_time": ["2019-01-25 14:37:20"], "total_order": 1, "hotel_value": ["4.8"], "hotel_price": ["288"]}, "9118583": {"hotel_name": "\u53a6\u95e8\u9999\u683c\u91cc\u62c9\u5927\u9152\u5e97", "order_time": ["2019-01-25 14:37:21"], "total_order": 1, "hotel_value": ["4.7"], "hotel_price": ["933"]}, "436741": {"hotel_name": "\u53a6\u95e8\u9f13\u6d6a\u5c7f\u56db\u5b63\u5982\u6625\u9152\u5e97", "order_time": ["2019-01-25 14:37:21", "2019-01-25 14:43:21"], "total_order": 2, "hotel_value": ["4.4", "4.4"], "hotel_price": ["398", "398"]}, "11380162": {"hotel_name": "\u8ff9\u58a8\u6587\u5316\u5ba2\u6808(\u53a6\u95e8\u5317\u7ad9\u5e97)(\u539f\u6d77\u6c50\u522b\u9662)", "order_time": ["2019-01-25 14:37:21"], "total_order": 1, "hotel_value": ["4.8"], "hotel_price": ["106"]}, "2300476": {"hotel_name": "7\u5929\u4f18\u54c1\u9152\u5e97(\u53a6\u95e8\u673a\u573a\u5e97)", "order_time": ["2019-01-25 14:37:22"], "total_order": 1, "hotel_value": ["4.6"], "hotel_price": ["209"]}, "6882800": {"hotel_name": "\u53a6\u95e8\u5e02\u601d\u6f6e\u4e3b\u9898\u5ba2\u6808", "order_time": ["2019-01-25 14:37:22"], "total_order": 1, "hotel_value": ["4.6"], "hotel_price": ["138"]}, "1314936": {"hotel_name": "\u83ab\u6cf0268(\u53a6\u95e8\u706b\u8f66\u7ad9\u5e97)", "order_time": ["2019-01-25 14:37:22"], "total_order": 1, "hotel_value": ["4.3"], "hotel_price": ["185"]}, "1583162": {"hotel_name": "\u5982\u5bb6\u5546\u65c5\u9152\u5e97(\u53a6\u95e8\u4f1a\u5c55\u4e2d\u5fc3\u52a0\u5dde\u5546\u4e1a\u5e7f\u573a\u5e97)", "order_time": ["2019-01-25 14:39:22", "2019-01-25 14:43:20"], "total_order": 2, "hotel_value": ["4.8", "4.8"], "hotel_price": ["280", "280"]}, "898132": {"hotel_name": "\u53a6\u95e8\u4e2d\u5fc3\u667a\u9009\u5047\u65e5\u9152\u5e97", "order_time": ["2019-01-25 14:39:23"], "total_order": 1, "hotel_value": ["4.1"], "hotel_price": ["489"]}, "435030": {"hotel_name": "\u53a6\u95e8\u9f13\u6d6a\u5c7f\u6797\u6c0f\u5e9c\u516c\u9986\u9152\u5e97", "order_time": ["2019-01-25 14:41:20"], "total_order": 1, "hotel_value": ["4.8"], "hotel_price": ["1188"]}, "6355587": {"hotel_name": "\u590f\u5546\u6021\u7fd4\u5047\u65e5\u9152\u5e97(\u53a6\u95e8\u706b\u8f66\u7ad9\u5e97)", "order_time": ["2019-01-25 14:41:20"], "total_order": 1, "hotel_value": ["4.8"], "hotel_price": ["295"]}, "1857702": {"hotel_name": "\u53a6\u95e8\u5317\u7ad9\u534e\u6fe0\u56db\u5b63\u9152\u5e97", "order_time": ["2019-01-25 14:41:20"], "total_order": 1, "hotel_value": ["4.2"], "hotel_price": ["224"]}, "11500242": {"hotel_name": "\u53a6\u95e8\u90a3\u5c71\u90a3\u6d77\u5ea6\u5047\u6d77\u666f\u522b\u5885(\u539f\u5929\u6cc9\u6e7e\u6d77\u666f\u522b\u5885)", "order_time": ["2019-01-25 14:41:21"], "total_order": 1, "hotel_value": ["4.9"], "hotel_price": ["93"]}, "5981029": {"hotel_name": "\u53a6\u95e8\u5076\u9047\u5ba2\u6808\u9f13\u6d6a\u5c7f\u5e97", "order_time": ["2019-01-25 14:41:21"], "total_order": 1, "hotel_value": ["4.7"], "hotel_price": ["210"]}, "1113183": {"hotel_name": "\u53a6\u95e8\u9547\u6d77\u63a5\u5f85\u7ad9", "order_time": ["2019-01-25 14:41:21"], "total_order": 1, "hotel_value": ["3.8"], "hotel_price": ["124"]}, "1756972": {"hotel_name": "U-Door\u4e91\u6735\u8033\u6d77\u666f\u9a7f\u7ad9(\u539f\u53a6\u95e8\u5496\u5561\u65f6\u5149\u6d77\u666f\u9a7f\u6808)", "order_time": ["2019-01-25 14:41:21"], "total_order": 1, "hotel_value": ["4.5"], "hotel_price": ["197"]}, "486719": {"hotel_name": "\u53a6\u95e8\u827e\u5c3c\u00b7\u58f9\u6c34\u6e7e\u5ea6\u5047\u9152\u5e97(\u539f\u5929\u6717\u58f9\u6c34\u6e7e\u9152\u5e97)", "order_time": ["2019-01-25 14:41:21"], "total_order": 1, "hotel_value": ["4.4"], "hotel_price": ["550"]}, "1591342": {"hotel_name": "\u53a6\u95e8\u6d77\u4e4b\u60c5\u6d77\u666f\u5ba2\u6808(\u539f\u6d77\u4e4b\u60c5\u4e34\u6d77\u5ba2\u6808)", "order_time": ["2019-01-25 14:41:23"], "total_order": 1, "hotel_value": ["4.1"], "hotel_price": ["105"]}, "6232787": {"hotel_name": "\u53a6\u95e8\u84dd\u5c71\u8d8a\u9152\u5e97", "order_time": ["2019-01-25 14:43:19"], "total_order": 1, "hotel_value": ["4.7"], "hotel_price": ["458"]}, "1541918": {"hotel_name": "\u53a6\u95e8\u6d77\u65c5\u6559\u5e08\u9152\u5e97", "order_time": ["2019-01-25 14:43:19"], "total_order": 1, "hotel_value": ["4.5"], "hotel_price": ["296"]}, "6117726": {"hotel_name": "\u8d1d\u591a\u62c9\u4e3b\u9898\u9152\u5e97(\u53a6\u95e8\u706b\u8f66\u7ad9\u5e97)", "order_time": ["2019-01-25 14:43:20"], "total_order": 1, "hotel_value": ["4.5"], "hotel_price": ["131"]}, "6510448": {"hotel_name": "\u53a6\u95e8\u4e09\u4e2a\u53a6\u5927\u4eba\u4e03\u5f26\u5c45\u6c11\u5bbf", "order_time": ["2019-01-25 14:43:21"], "total_order": 1, "hotel_value": ["4.9"], "hotel_price": ["288"]}, "5979521": {"hotel_name": "\u53a6\u95e8\u53a6\u5927\u91d1\u8272\u6d77\u6e7e\u7cbe\u54c1\u5ba2\u6808", "order_time": ["2019-01-25 14:43:22"], "total_order": 1, "hotel_value": ["4.7"], "hotel_price": ["112"]}, "13868907": {"hotel_name": "\u53a6\u95e8\u66fe\u539d\u57b5\u6469\u767b\u4e16\u5bb6\u60c5\u4fa3\u5ba2\u6808", "order_time": ["2019-01-25 14:43:22"], "total_order": 1, "hotel_value": ["3.9"], "hotel_price": ["98"]}}}