{"\u5f00\u59cb\u8bb0\u5f55\u65f6\u95f4": "2019-01-23 03:13:04", "\u7ed3\u675f\u8bb0\u5f55\u65f6\u95f4": "2019-01-23 04:13:04", "\u8ba2\u5355\u603b\u589e\u91cf": 39, "item": {"1738310": {"hotel_name": "\u53a6\u95e8\u9752\u5e74\u9633\u5149\u7cbe\u54c1\u5546\u52a1\u9152\u5e97(\u678b\u6e56\u5e97)", "order_time": ["2019-01-23 03:15:36"], "total_order": 1, "hotel_value": ["4.4"], "hotel_price": ["192"]}, "392629": {"hotel_name": "\u53a6\u95e8\u5e90\u5c71\u5927\u9152\u5e97", "order_time": ["2019-01-23 03:17:34"], "total_order": 1, "hotel_value": ["4.2"], "hotel_price": ["298"]}, "7277750": {"hotel_name": "\u53a6\u95e8\u6b63\u5143\u5e0c\u5c14\u987f\u9038\u6797\u9152\u5e97", "order_time": ["2019-01-23 03:19:29"], "total_order": 1, "hotel_value": ["4.7"], "hotel_price": ["589"]}, "8568999": {"hotel_name": "\u53a6\u95e8\u4e00\u5ff5\u5ba2\u6808(\u539f\u65e0\u675f\u5ba2\u6808)", "order_time": ["2019-01-23 03:21:48"], "total_order": 1, "hotel_value": ["5.0"], "hotel_price": ["141"]}, "22421704": {"hotel_name": "\u5168\u5b63\u9152\u5e97(\u53a6\u95e8\u4e2d\u5c71\u8def\u6b65\u884c\u8857\u601d\u660e\u5357\u8def\u5e97)", "order_time": ["2019-01-23 03:23:28"], "total_order": 1, "hotel_value": ["4.8"], "hotel_price": ["341"]}, "1510329": {"hotel_name": "\u53a6\u95e8\u541b\u96c5\u5047\u65e5\u9152\u5e97", "order_time": ["2019-01-23 03:23:32"], "total_order": 1, "hotel_value": ["4.7"], "hotel_price": ["114"]}, "2229421": {"hotel_name": "\u5c71\u5c45\u5ba2\u6808(\u53a6\u95e8\u66fe\u539d\u57b5\u5e97)", "order_time": ["2019-01-23 03:23:37"], "total_order": 1, "hotel_value": ["4.7"], "hotel_price": ["88"]}, "932019": {"hotel_name": "\u5982\u5bb6\u5feb\u6377\u9152\u5e97(\u53a6\u95e8\u83b2\u5cb3\u8def\u677e\u67cf\u6587\u5316\u827a\u672f\u4e2d\u5fc3\u5e97)", "order_time": ["2019-01-23 03:25:22"], "total_order": 1, "hotel_value": ["4.3"], "hotel_price": ["111"]}, "1860898": {"hotel_name": "\u901f8\u9152\u5e97(\u53a6\u95e8\u540c\u5b89\u5e97)", "order_time": ["2019-01-23 03:27:32"], "total_order": 1, "hotel_value": ["4.2"], "hotel_price": ["167"]}, "8974594": {"hotel_name": "\u53a6\u95e8\u73ba\u4e30\u9152\u5e97", "order_time": ["2019-01-23 03:29:34"], "total_order": 1, "hotel_value": ["4.6"], "hotel_price": ["171"]}, "6232787": {"hotel_name": "\u53a6\u95e8\u84dd\u5c71\u8d8a\u9152\u5e97", "order_time": ["2019-01-23 03:31:23"], "total_order": 1, "hotel_value": ["4.7"], "hotel_price": ["398"]}, "346273": {"hotel_name": "\u53a6\u95e8\u78d0\u57fa\u5e0c\u5c14\u987f\u9152\u5e97", "order_time": ["2019-01-23 03:31:32"], "total_order": 1, "hotel_value": ["4.6"], "hotel_price": ["767"]}, "703570": {"hotel_name": "\u53a6\u95e8\u79b9\u6d32\u5609\u7f8e\u4f26\u9152\u5e97\u516c\u5bd3", "order_time": ["2019-01-23 03:31:34"], "total_order": 1, "hotel_value": ["4.6"], "hotel_price": ["432"]}, "1603567": {"hotel_name": "\u53a6\u95e8\u7121\u4e8c\u00b7\u767d\u5c7f\u8bbe\u8ba1\u578b\u5ea6\u5047\u7f8e\u5885", "order_time": ["2019-01-23 03:33:30"], "total_order": 1, "hotel_value": ["5.0"], "hotel_price": ["298"]}, "437770": {"hotel_name": "\u53a6\u95e8\u79be\u6b63\u5927\u9152\u5e97", "order_time": ["2019-01-23 03:35:34", "2019-01-23 03:57:30"], "total_order": 2, "hotel_value": ["4.2", "4.2"], "hotel_price": ["146", "146"]}, "445336": {"hotel_name": "\u5b9c\u5c1a\u9152\u5e97(\u53a6\u95e8\u706b\u8f66\u7ad9\u5e97)", "order_time": ["2019-01-23 03:37:29"], "total_order": 1, "hotel_value": ["4.8"], "hotel_price": ["265"]}, "602620": {"hotel_name": "\u53a6\u95e8\u7f57\u9a6c\u5047\u65e5\u6d77\u666f\u5ea6\u5047\u522b\u5885", "order_time": ["2019-01-23 03:37:45"], "total_order": 1, "hotel_value": ["4.8"], "hotel_price": ["259"]}, "3925042": {"hotel_name": "\u53a6\u95e8\u540d\u95e8\u76db\u4e16\u00b7\u6587\u5316\u9152\u5e97", "order_time": ["2019-01-23 03:43:31"], "total_order": 1, "hotel_value": ["4.8"], "hotel_price": ["189"]}, "1386469": {"hotel_name": "\u5982\u5bb6\u5feb\u6377\u9152\u5e97(\u53a6\u95e8\u96c6\u7f8e\u5927\u5b66\u5e97)", "order_time": ["2019-01-23 03:43:41"], "total_order": 1, "hotel_value": ["4.4"], "hotel_price": ["147"]}, "452567": {"hotel_name": "\u53a6\u95e8\u6162\u751f\u6d3b\u00b7\u82ad\u5398\u6d77\u5cb8\u5ea6\u5047\u9152\u5e97(\u539f\u9f13\u6d6a\u5c7f\u82ad\u5398\u6d77\u5cb8\u6d77\u666f\u9152\u5e97)", "order_time": ["2019-01-23 03:45:25"], "total_order": 1, "hotel_value": ["4.9"], "hotel_price": ["878"]}, "6247525": {"hotel_name": "\u53a6\u95e8\u96c6\u7f8e\u5927\u5b66\u4e9a\u6735\u9152\u5e97(\u539f\u96c6\u5927\u5bbe\u9986)", "order_time": ["2019-01-23 03:45:25"], "total_order": 1, "hotel_value": ["4.9"], "hotel_price": ["318"]}, "669139": {"hotel_name": "\u53a6\u95e8\u4eac\u50ce\u9890\u8c6a\u9152\u5e97", "order_time": ["2019-01-23 03:45:26"], "total_order": 1, "hotel_value": ["4.6"], "hotel_price": ["393"]}, "2012734": {"hotel_name": "\u53a6\u95e8\u51e4\u7965\u5546\u52a1\u5bbe\u9986", "order_time": ["2019-01-23 03:45:43"], "total_order": 1, "hotel_value": ["4.4"], "hotel_price": ["123"]}, "26556315": {"hotel_name": "\u9f13\u6d6a\u5c7f\u62fe\u672b\u65c5\u9986", "order_time": ["2019-01-23 03:48:04"], "total_order": 1, "hotel_value": ["4.9"], "hotel_price": ["328"]}, "435290": {"hotel_name": "\u53a6\u95e8\u6625\u5149\u9152\u5e97", "order_time": ["2019-01-23 03:49:30", "2019-01-23 03:53:27"], "total_order": 2, "hotel_value": ["4.7", "4.7"], "hotel_price": ["262", "262"]}, "7081804": {"hotel_name": "\u53a6\u95e8\u6606\u820d\u8bbe\u8ba1\u9152\u5e97", "order_time": ["2019-01-23 03:49:32"], "total_order": 1, "hotel_value": ["4.8"], "hotel_price": ["780"]}, "433735": {"hotel_name": "\u5b9c\u5fc5\u601d\u5c1a\u54c1\u9152\u5e97(\u53a6\u95e8\u4e2d\u5c71\u8def\u6b65\u884c\u8857\u5e97)", "order_time": ["2019-01-23 03:51:35"], "total_order": 1, "hotel_value": ["4.7"], "hotel_price": ["297"]}, "1876398": {"hotel_name": "\u53a6\u95e8\u9e6d\u5c9b\u00b7\u4e91\u6816\u6c11\u5bbf", "order_time": ["2019-01-23 03:53:30"], "total_order": 1, "hotel_value": ["5.0"], "hotel_price": ["307"]}, "771600": {"hotel_name": "\u53a6\u95e8\u6676\u88d5\u5546\u52a1\u9152\u5e97", "order_time": ["2019-01-23 03:55:25"], "total_order": 1, "hotel_value": ["4.1"], "hotel_price": ["110"]}, "479139": {"hotel_name": "7\u5929\u8fde\u9501\u9152\u5e97(\u53a6\u95e8\u706b\u8f66\u7ad9\u4e07\u8c61\u57ce\u5e97)", "order_time": ["2019-01-23 03:55:32"], "total_order": 1, "hotel_value": ["4.4"], "hotel_price": ["99"]}, "6112181": {"hotel_name": "\u53a6\u95e8\u6c38\u4e3d\u8fbe\u4e3d\u5448\u9152\u5e97", "order_time": ["2019-01-23 03:57:24"], "total_order": 1, "hotel_value": ["4.8"], "hotel_price": ["512"]}, "346267": {"hotel_name": "\u53a6\u95e8\u5e1d\u5143\u7ef4\u591a\u5229\u4e9a\u5927\u9152\u5e97", "order_time": ["2019-01-23 03:57:32"], "total_order": 1, "hotel_value": ["4.5"], "hotel_price": ["536"]}, "469816": {"hotel_name": "\u53a6\u95e8\u5723\u5e0c\u7f57\u9152\u5e97", "order_time": ["2019-01-23 04:01:31"], "total_order": 1, "hotel_value": ["4.4"], "hotel_price": ["266"]}, "6571121": {"hotel_name": "\u53a6\u95e8\u4e00\u5e2d\u81fb\u54c1\u8f7b\u5962\u9a7f\u7ad9", "order_time": ["2019-01-23 04:01:33"], "total_order": 1, "hotel_value": ["4.9"], "hotel_price": ["194"]}, "2290014": {"hotel_name": "\u53a6\u95e8\u541b\u6021\u9152\u5e97", "order_time": ["2019-01-23 04:03:25"], "total_order": 1, "hotel_value": ["4.7"], "hotel_price": ["256"]}, "3243942": {"hotel_name": "\u4f0a\u79be\u9152\u5e97(\u53a6\u95e8\u4e2d\u5c71\u8def\u6b65\u884c\u8857\u5e97)", "order_time": ["2019-01-23 04:07:26"], "total_order": 1, "hotel_value": ["4.7"], "hotel_price": ["216"]}, "2304450": {"hotel_name": "7\u5929\u8fde\u9501\u9152\u5e97(\u53a6\u95e8\u706b\u8f66\u7ad9\u5e97)", "order_time": ["2019-01-23 04:09:30"], "total_order": 1, "hotel_value": ["4.3"], "hotel_price": ["130"]}}}