{"\u5f00\u59cb\u8bb0\u5f55\u65f6\u95f4": "2019-01-18 14:43:02", "\u7ed3\u675f\u8bb0\u5f55\u65f6\u95f4": "2019-01-18 15:43:02", "\u8ba2\u5355\u603b\u589e\u91cf": 334, "item": {"3925042": {"hotel_name": "\u53a6\u95e8\u540d\u95e8\u76db\u4e16\u00b7\u6587\u5316\u9152\u5e97", "order_time": ["2019-01-18 14:45:10"], "total_order": 1, "hotel_value": ["4.8"], "hotel_price": ["216"]}, "1645144": {"hotel_name": "\u4e91\u4e0a\u56db\u5b63\u8fde\u9501\u9152\u5e97(\u53a6\u95e8\u73c0\u83f2\u82b1\u56ed\u5e97)", "order_time": ["2019-01-18 14:45:10"], "total_order": 1, "hotel_value": ["4.3"], "hotel_price": ["102"]}, "27938575": {"hotel_name": "\u53a6\u95e8\u6d77\u4e1d\u827a\u672f\u54c1\u4e2d\u5fc3\u4f70\u7fd4\u7428\u70c1\u9152\u5e97", "order_time": ["2019-01-18 14:45:11", "2019-01-18 15:01:10"], "total_order": 2, "hotel_value": ["4.8", "4.8"], "hotel_price": ["408", "408"]}, "5979762": {"hotel_name": "\u53a6\u95e8\u5927\u5b66\u4e91\u4e0a\u6d77\u5c45", "order_time": ["2019-01-18 14:45:11"], "total_order": 1, "hotel_value": ["4.8"], "hotel_price": ["511"]}, "2364319": {"hotel_name": "\u53a6\u95e8\u7b2c\u4e00\u6e2f\u5ba2\u6808", "order_time": ["2019-01-18 14:45:11"], "total_order": 1, "hotel_value": ["4.6"], "hotel_price": ["122"]}, "448663": {"hotel_name": "\u53a6\u95e8\u60a6\u534e\u9152\u5e97", "order_time": ["2019-01-18 14:45:12"], "total_order": 1, "hotel_value": ["4.8"], "hotel_price": ["593"]}, "5282077": {"hotel_name": "\u53a6\u95e8\u71d5\u6eaa\u9ad8\u7aef\u6c11\u5bbf", "order_time": ["2019-01-18 14:45:13", "2019-01-18 15:09:10"], "total_order": 2, "hotel_value": ["4.9", "4.9"], "hotel_price": ["322", "322"]}, "1410376": {"hotel_name": "\u82b1\u5ead\u65c5\u9986(\u9f13\u6d6a\u5c7f\u5b89\u6d77\u82b1\u56ed\u5e97)", "order_time": ["2019-01-18 14:45:13"], "total_order": 1, "hotel_value": ["4.6"], "hotel_price": ["201"]}, "26420349": {"hotel_name": "\u53a6\u95e8\u9038\u5ba2\u5ea6\u5047\u522b\u5885", "order_time": ["2019-01-18 14:45:13"], "total_order": 1, "hotel_value": ["5.0"], "hotel_price": ["218"]}, "4041978": {"hotel_name": "\u901f8\u9152\u5e97\uff08\u53a6\u95e8\u673a\u573a\u6e56\u91cc\u5927\u9053\u5e97\uff09", "order_time": ["2019-01-18 14:45:14", "2019-01-18 15:21:09"], "total_order": 2, "hotel_value": ["4.3", "4.3"], "hotel_price": ["133", "133"]}, "6839393": {"hotel_name": "\u5bb6\u5bb6\u4e50\u9152\u5e97\uff08\u53a6\u95e8\u4e2d\u5c71\u8def\u5347\u5e73\u5e97\uff09", "order_time": ["2019-01-18 14:45:14", "2019-01-18 15:11:13"], "total_order": 2, "hotel_value": ["4.4", "4.4"], "hotel_price": ["137", "137"]}, "4960975": {"hotel_name": "\u548c\u9890\u9152\u5e97(\u53a6\u95e8\u4e2d\u5c71\u8def\u6b65\u884c\u8857\u5e97)", "order_time": ["2019-01-18 14:45:15"], "total_order": 1, "hotel_value": ["4.7"], "hotel_price": ["274"]}, "5028626": {"hotel_name": "\u53a6\u95e8\u9493\u00b7\u7eaf\u6d77\u8f7b\u5962\u9a7f\u9986", "order_time": ["2019-01-18 14:55:09", "2019-01-18 14:45:15", "2019-01-18 14:51:09", "2019-01-18 15:07:09", "2019-01-18 15:15:12"], "total_order": 5, "hotel_value": ["4.9", "4.9", "4.9", "4.9", "4.9"], "hotel_price": ["208", "208", "208", "208", "208"]}, "1893295": {"hotel_name": "\u53a6\u95e8\u83b2\u5bcc\u5546\u52a1\u9152\u5e97", "order_time": ["2019-01-18 14:45:16"], "total_order": 1, "hotel_value": ["4.0"], "hotel_price": ["105"]}, "26448227": {"hotel_name": "\u53a6\u95e8\u5317\u5c9b\u6c11\u5bbf", "order_time": ["2019-01-18 15:21:11", "2019-01-18 14:45:21", "2019-01-18 15:13:11"], "total_order": 3, "hotel_value": [0, 0, 0], "hotel_price": ["106", "106", "106"]}, "375295": {"hotel_name": "\u53a6\u95e8\u7fd4\u9e6d\u56fd\u9645\u5927\u9152\u5e97", "order_time": ["2019-01-18 14:45:23"], "total_order": 1, "hotel_value": ["4.4"], "hotel_price": ["290"]}, "369748": {"hotel_name": "\u53a6\u95e8\u6d77\u6e2f\u82f1\u8fea\u683c\u9152\u5e97", "order_time": ["2019-01-18 14:45:23"], "total_order": 1, "hotel_value": ["4.7"], "hotel_price": ["942"]}, "1669784": {"hotel_name": "\u541b\u8fbe\u516c\u5bd3(\u53a6\u95e8\u9ad8\u5d0e\u673a\u573a\u5e97)", "order_time": ["2019-01-18 14:45:32"], "total_order": 1, "hotel_value": ["4.4"], "hotel_price": ["97"]}, "8370082": {"hotel_name": "\u53a6\u95e8\u9f13\u6d6a\u5c7f\u67cf\u6587\u718a\u9152\u5e97", "order_time": ["2019-01-18 14:47:10"], "total_order": 1, "hotel_value": ["4.8"], "hotel_price": ["509"]}, "392629": {"hotel_name": "\u53a6\u95e8\u5e90\u5c71\u5927\u9152\u5e97", "order_time": ["2019-01-18 14:47:11"], "total_order": 1, "hotel_value": ["4.2"], "hotel_price": ["356"]}, "440464": {"hotel_name": "\u590f\u5546\u6021\u7fd4\u9152\u5e97(\u53a6\u95e8\u4e2d\u5c71\u8def\u534e\u90fd\u5e97)", "order_time": ["2019-01-18 14:47:11"], "total_order": 1, "hotel_value": ["4.6"], "hotel_price": ["294"]}, "2233112": {"hotel_name": "\u53a6\u95e8\u4e1c\u8fb0\u5927\u9152\u5e97", "order_time": ["2019-01-18 15:05:10", "2019-01-18 14:47:11"], "total_order": 2, "hotel_value": ["4.1", "4.1"], "hotel_price": ["182", "182"]}, "419881": {"hotel_name": "\u6700\u4f73\u897f\u65b9\u53a6\u95e8\u5b8f\u90fd\u9152\u5e97", "order_time": ["2019-01-18 14:47:12"], "total_order": 1, "hotel_value": ["4.8"], "hotel_price": ["598"]}, "5669929": {"hotel_name": "\u53a6\u95e8\u5341\u91cc\u6d77\u5cb8\u5ea6\u5047\u5c4b", "order_time": ["2019-01-18 14:47:12"], "total_order": 1, "hotel_value": ["4.8"], "hotel_price": ["183"]}, "5304807": {"hotel_name": "\u826f\u5885\u00b7\u4e91\u5ead\u758f\u9662(\u53a6\u95e8\u66fe\u539d\u57b5\u5e97)", "order_time": ["2019-01-18 14:47:13"], "total_order": 1, "hotel_value": ["4.8"], "hotel_price": ["290"]}, "375291": {"hotel_name": "\u53a6\u95e8\u798f\u4f51\u5927\u996d\u5e97", "order_time": ["2019-01-18 14:47:13"], "total_order": 1, "hotel_value": ["4.2"], "hotel_price": ["326"]}, "2135037": {"hotel_name": "\u4f0a\u4eba\u6d77\u65c5\u9986(\u53a6\u95e8\u9f13\u6d6a\u5c7f\u798f\u5dde\u8def\u5e97)", "order_time": ["2019-01-18 14:47:13"], "total_order": 1, "hotel_value": ["4.7"], "hotel_price": ["164"]}, "427072": {"hotel_name": "\u5ead\u82d1\u9152\u5e97(\u53a6\u95e8\u83b2\u82b1\u8def\u53e3\u5730\u94c1\u7ad9\u5e97)", "order_time": ["2019-01-18 14:47:13"], "total_order": 1, "hotel_value": ["4.7"], "hotel_price": ["234"]}, "12624286": {"hotel_name": "\u9a7f\u8d77\u9152\u5e97\uff08\u53a6\u95e8\u5317\u7ad9\u5e97\uff09", "order_time": ["2019-01-18 15:23:15", "2019-01-18 15:41:10", "2019-01-18 15:17:09", "2019-01-18 15:33:11", "2019-01-18 14:47:14"], "total_order": 5, "hotel_value": ["4.6", "4.6", "4.6", "4.6", "4.6"], "hotel_price": ["159", "159", "159", "159", "159"]}, "1606947": {"hotel_name": "\u53a6\u95e8\u827a\u5885\u5bb6\u7cbe\u54c1\u6c11\u5bbf", "order_time": ["2019-01-18 14:47:15"], "total_order": 1, "hotel_value": ["4.8"], "hotel_price": ["143"]}, "6955152": {"hotel_name": "\u53a6\u95e8\u541b\u96c5\u65f6\u5c1a\u9152\u5e97(\u539f\u4e98\u91d1\u9152\u5e97)", "order_time": ["2019-01-18 14:47:15"], "total_order": 1, "hotel_value": ["4.8"], "hotel_price": ["84"]}, "5678520": {"hotel_name": "\u53a6\u95e8\u5e03\u62c9\u5fb7\u5ea6\u5047\u522b\u5885", "order_time": ["2019-01-18 14:47:16"], "total_order": 1, "hotel_value": ["4.7"], "hotel_price": ["250"]}, "1549905": {"hotel_name": "\u53a6\u95e8\u534a\u5c9b\u58f9\u53f7\u9152\u5e97", "order_time": ["2019-01-18 14:49:10"], "total_order": 1, "hotel_value": ["4.5"], "hotel_price": ["97"]}, "2226352": {"hotel_name": "\u53a6\u95e8\u9886\u822a\u4f1a\u76f4\u5347\u673a\u4e3b\u9898\u9152\u5e97", "order_time": ["2019-01-18 14:49:10"], "total_order": 1, "hotel_value": ["4.4"], "hotel_price": ["862"]}, "472358": {"hotel_name": "\u53a6\u95e8\u6e29\u5c3c\u65af\u4f9d\u8bfa\u6d77\u6d77\u666f\u5ea6\u5047\u522b\u5885", "order_time": ["2019-01-18 14:49:10"], "total_order": 1, "hotel_value": ["4.9"], "hotel_price": ["556"]}, "1914691": {"hotel_name": "\u53a6\u95e8\u7f57\u7ea6\u6d77\u6ee8\u6e29\u6cc9\u9152\u5e97", "order_time": ["2019-01-18 14:49:10"], "total_order": 1, "hotel_value": ["4.7"], "hotel_price": ["548"]}, "1073571": {"hotel_name": "\u53a6\u95e8\u9f13\u6d6a\u5c7f\u7231\u5728\u5929\u4f7f\u5927\u5c4b", "order_time": ["2019-01-18 14:49:10"], "total_order": 1, "hotel_value": ["4.9"], "hotel_price": ["688"]}, "669139": {"hotel_name": "\u53a6\u95e8\u4eac\u50ce\u9890\u8c6a\u9152\u5e97", "order_time": ["2019-01-18 14:49:11"], "total_order": 1, "hotel_value": ["4.6"], "hotel_price": ["393"]}, "6150330": {"hotel_name": "\u8bd7\u516c\u5bd3(\u53a6\u95e8\u673a\u573a\u5e97)", "order_time": ["2019-01-18 14:49:12"], "total_order": 1, "hotel_value": ["4.2"], "hotel_price": ["92"]}, "10906517": {"hotel_name": "\u53a6\u95e8\u9e6d\u5c9b\u522b\u82d1\u6d77\u8fb9\u5ea6\u5047\u522b\u5885", "order_time": ["2019-01-18 14:49:12"], "total_order": 1, "hotel_value": ["4.8"], "hotel_price": ["236"]}, "15849666": {"hotel_name": "\u5168\u5b63\u9152\u5e97(\u53a6\u95e8\u5317\u7ad9\u674f\u6797\u6e7e\u8def\u5e97)", "order_time": ["2019-01-18 14:49:12"], "total_order": 1, "hotel_value": ["4.7"], "hotel_price": ["322"]}, "346260": {"hotel_name": "\u53a6\u95e8\u745e\u9890\u5927\u9152\u5e97", "order_time": ["2019-01-18 14:49:13"], "total_order": 1, "hotel_value": ["4.7"], "hotel_price": ["1049"]}, "1599621": {"hotel_name": "\u53a6\u95e8\u9759\u77f3\u5ba2\u6808(\u539f\u82b1\u77f3\u5885\u5ba2\u6808)", "order_time": ["2019-01-18 14:49:14", "2019-01-18 14:55:10", "2019-01-18 15:13:11"], "total_order": 3, "hotel_value": ["4.4", "4.4", "4.4"], "hotel_price": ["163", "163", "163"]}, "1199043": {"hotel_name": "\u53a6\u95e8\u5929\u60a6\u5ba2\u6808", "order_time": ["2019-01-18 14:49:14"], "total_order": 1, "hotel_value": ["4.9"], "hotel_price": ["108"]}, "6246343": {"hotel_name": "\u53a6\u95e8\u6162\u751f\u6d3b\u00b7\u6696\u5357\u7f8e\u5885", "order_time": ["2019-01-18 14:49:15"], "total_order": 1, "hotel_value": ["4.9"], "hotel_price": ["269"]}, "3178165": {"hotel_name": "\u53a6\u95e8\u68a6\u5e7b\u6d77\u6e7e\u9152\u5e97", "order_time": ["2019-01-18 14:49:16"], "total_order": 1, "hotel_value": ["4.5"], "hotel_price": ["200"]}, "6842546": {"hotel_name": "\u53a6\u95e8\u6d77\u60a6\u6e7e\u5ea6\u5047\u522b\u5885", "order_time": ["2019-01-18 14:49:21"], "total_order": 1, "hotel_value": ["4.9"], "hotel_price": ["369"]}, "346267": {"hotel_name": "\u53a6\u95e8\u5e1d\u5143\u7ef4\u591a\u5229\u4e9a\u5927\u9152\u5e97", "order_time": ["2019-01-18 14:51:08"], "total_order": 1, "hotel_value": ["4.5"], "hotel_price": ["536"]}, "734162": {"hotel_name": "\u53a6\u95e8\u5929\u5143\u541b\u9686\u5927\u9152\u5e97", "order_time": ["2019-01-18 14:55:10", "2019-01-18 14:51:08"], "total_order": 2, "hotel_value": ["4.4", "4.4"], "hotel_price": ["321", "321"]}, "929673": {"hotel_name": "\u5168\u5b63\u9152\u5e97(\u53a6\u95e8\u660e\u53d1\u5e7f\u573a\u5e97)", "order_time": ["2019-01-18 14:51:08"], "total_order": 1, "hotel_value": ["4.6"], "hotel_price": ["379"]}, "458319": {"hotel_name": "\u9752\u5e74\u9633\u5149\u9152\u5e97(\u53a6\u95e8\u706b\u8f66\u7ad9\u6587\u7076\u5e97)", "order_time": ["2019-01-18 14:51:08"], "total_order": 1, "hotel_value": ["4.5"], "hotel_price": ["134"]}, "1741647": {"hotel_name": "\u53a6\u95e8\u6f2b\u6e21\u6734\u820d\u8bbe\u8ba1\u578b\u6c11\u5bbf", "order_time": ["2019-01-18 15:21:09", "2019-01-18 14:51:08"], "total_order": 2, "hotel_value": ["5.0", "5.0"], "hotel_price": ["242", "242"]}, "1857599": {"hotel_name": "\u590f\u5546\u00b7\u6021\u5ead\u5feb\u6377\u9152\u5e97(\u53a6\u95e8\u96c6\u7f8e\u674f\u6797\u5e97)", "order_time": ["2019-01-18 14:51:08"], "total_order": 1, "hotel_value": ["4.2"], "hotel_price": ["135"]}, "27833083": {"hotel_name": "\u53a6\u95e8\u968f\u5fc3\u9601\u516c\u5bd3", "order_time": ["2019-01-18 15:17:08", "2019-01-18 14:51:09"], "total_order": 2, "hotel_value": ["4.8", "4.8"], "hotel_price": ["153", "153"]}, "375297": {"hotel_name": "\u53a6\u95e8\u9a6c\u54e5\u5b5b\u7f57\u4e1c\u65b9\u5927\u9152\u5e97", "order_time": ["2019-01-18 15:01:10", "2019-01-18 14:51:09"], "total_order": 2, "hotel_value": ["4.6", "4.6"], "hotel_price": ["1108", "1108"]}, "436729": {"hotel_name": "\u4e2d\u5fb7\u8bb0\u5ea6\u5047\u522b\u5885(\u53a6\u95e8\u9f13\u6d6a\u5c7f\u9ec4\u5bb6\u82b1\u56ed\u5e97)", "order_time": ["2019-01-18 14:51:09"], "total_order": 1, "hotel_value": ["4.6"], "hotel_price": ["659"]}, "10834030": {"hotel_name": "\u53a6\u95e8\u60a6\u6765\u6d77\u666f\u9152\u5e97(\u539f\u60a6\u6765\u522b\u5885\u9152\u5e97)", "order_time": ["2019-01-18 14:51:09"], "total_order": 1, "hotel_value": ["4.7"], "hotel_price": ["411"]}, "21160125": {"hotel_name": "\u6021\u7a0b\u9152\u5e97(\u53a6\u95e8\u4e2d\u5c71\u8def\u5e97)", "order_time": ["2019-01-18 14:51:09"], "total_order": 1, "hotel_value": ["4.7"], "hotel_price": ["414"]}, "1641097": {"hotel_name": "\u9f13\u6d6a\u5c7f\u56db\u5b63\u82b1\u65c5\u9986(\u539f\u521d\u590f\u65c5\u9986)", "order_time": ["2019-01-18 14:51:09"], "total_order": 1, "hotel_value": ["4.8"], "hotel_price": ["100"]}, "431965": {"hotel_name": "\u53a6\u95e8\u7f8e\u4ed1\u7693\u6656\u9152\u5e97", "order_time": ["2019-01-18 14:51:09"], "total_order": 1, "hotel_value": ["4.7"], "hotel_price": ["248"]}, "467592": {"hotel_name": "\u53a6\u95e8\u7f8e\u4ed1\u91d1\u60a6\u9152\u5e97", "order_time": ["2019-01-18 14:51:09"], "total_order": 1, "hotel_value": ["4.7"], "hotel_price": ["178"]}, "708068": {"hotel_name": "\u53a6\u95e8\u6162\u751f\u6d3b\u00b7\u65b0\u5bbf\u522b\u9662", "order_time": ["2019-01-18 14:51:09"], "total_order": 1, "hotel_value": ["4.9"], "hotel_price": ["259"]}, "6247525": {"hotel_name": "\u53a6\u95e8\u96c6\u7f8e\u5927\u5b66\u4e9a\u6735\u9152\u5e97(\u539f\u96c6\u5927\u5bbe\u9986)", "order_time": ["2019-01-18 14:51:10"], "total_order": 1, "hotel_value": ["4.9"], "hotel_price": ["414"]}, "425692": {"hotel_name": "\u53a6\u95e8\u6d77\u60a6\u5c71\u5e84\u9152\u5e97", "order_time": ["2019-01-18 14:51:10", "2019-01-18 15:17:09", "2019-01-18 15:05:09"], "total_order": 3, "hotel_value": ["4.8", "4.8", "4.8"], "hotel_price": ["896", "896", "896"]}, "2303682": {"hotel_name": "\u53a6\u95e8\u9f13\u6d6a\u5c7f\u65ee\u65ef\u5c0f\u5c4b", "order_time": ["2019-01-18 14:51:12"], "total_order": 1, "hotel_value": ["4.4"], "hotel_price": ["163"]}, "23237811": {"hotel_name": "\u53a6\u95e8\u5357\u56fd\u76f8\u601d\u5802", "order_time": ["2019-01-18 14:53:11"], "total_order": 1, "hotel_value": ["4.9"], "hotel_price": ["375"]}, "11406968": {"hotel_name": "\u53a6\u95e8\u6c34\u4e91\u95f4\u6c11\u5bbf(\u539f\u5357\u56fd\u89c2\u6d77\u5c45)", "order_time": ["2019-01-18 14:53:11"], "total_order": 1, "hotel_value": ["4.9"], "hotel_price": ["226"]}, "5028414": {"hotel_name": "\u826f\u5885\u00b7\u6e29\u5ea6\u5ea6\u5047\u522b\u5885(\u53a6\u95e8\u66fe\u539d\u57b5\u5e97)", "order_time": ["2019-01-18 14:53:12"], "total_order": 1, "hotel_value": ["4.9"], "hotel_price": ["243"]}, "1603567": {"hotel_name": "\u53a6\u95e8\u7121\u4e8c\u00b7\u767d\u5c7f\u8bbe\u8ba1\u578b\u5ea6\u5047\u7f8e\u5885", "order_time": ["2019-01-18 14:53:12"], "total_order": 1, "hotel_value": ["4.9"], "hotel_price": ["296"]}, "926626": {"hotel_name": "\u53a6\u95e8\u6885\u56ed\u9152\u5e97", "order_time": ["2019-01-18 14:53:12"], "total_order": 1, "hotel_value": ["4.5"], "hotel_price": ["199"]}, "11089626": {"hotel_name": "\u53a6\u95e8\u5c14\u7fd4\u9152\u5e97", "order_time": ["2019-01-18 14:53:12", "2019-01-18 15:17:08"], "total_order": 2, "hotel_value": ["4.5", "4.5"], "hotel_price": ["352", "352"]}, "11894002": {"hotel_name": "\u53a6\u95e81\u53f7\u516c\u793e", "order_time": ["2019-01-18 14:53:13"], "total_order": 1, "hotel_value": ["4.7"], "hotel_price": ["59"]}, "2492767": {"hotel_name": "\u53a6\u95e8\u9999\u514b\u65af\u9152\u5e97", "order_time": ["2019-01-18 14:55:11", "2019-01-18 14:53:14"], "total_order": 2, "hotel_value": ["4.7", "4.7"], "hotel_price": ["186", "186"]}, "1314936": {"hotel_name": "\u83ab\u6cf0268(\u53a6\u95e8\u706b\u8f66\u7ad9\u5e97)", "order_time": ["2019-01-18 14:53:14"], "total_order": 1, "hotel_value": ["4.3"], "hotel_price": ["185"]}, "1815205": {"hotel_name": "\u53a6\u95e8\u9f13\u6d6a\u5c7f\u6d77\u575b72\u53f7\u65c5\u9986", "order_time": ["2019-01-18 14:53:14"], "total_order": 1, "hotel_value": ["4.9"], "hotel_price": ["204"]}, "28134136": {"hotel_name": "\u53a6\u95e8\u8f6c\u89d2\u5c4b\u6c11\u5bbf", "order_time": ["2019-01-18 14:53:14"], "total_order": 1, "hotel_value": ["4.9"], "hotel_price": ["145"]}, "480520": {"hotel_name": "\u590f\u5546\u00b7\u6021\u5ead\u5feb\u6377\u9152\u5e97(\u83b2\u524d\u897f\u8def\u5e97)", "order_time": ["2019-01-18 14:53:14"], "total_order": 1, "hotel_value": ["4.0"], "hotel_price": ["94"]}, "458760": {"hotel_name": "\u827e\u601d\u987f\u9152\u5e97(\u53a6\u95e8\u4e2d\u5c71\u8def\u7f8e\u6e56\u5206\u5e97)", "order_time": ["2019-01-18 14:53:14"], "total_order": 1, "hotel_value": ["4.7"], "hotel_price": ["211"]}, "700170": {"hotel_name": "\u541b\u5e1d\u6e7e\u9152\u5e97(\u53a6\u95e8\u5927\u5b66\u5e97)", "order_time": ["2019-01-18 15:11:13", "2019-01-18 14:53:15"], "total_order": 2, "hotel_value": ["4.5", "4.5"], "hotel_price": ["178", "178"]}, "434956": {"hotel_name": "\u53a6\u95e8\u767d\u9e6d\u5bbe\u9986", "order_time": ["2019-01-18 14:55:09"], "total_order": 1, "hotel_value": ["4.5"], "hotel_price": ["186"]}, "452602": {"hotel_name": "\u53a6\u95e8\u90b1\u5341\u4e8c\u5b85(\u539f\u4e54\u6cbb\u8001\u522b\u5885)", "order_time": ["2019-01-18 14:55:09", "2019-01-18 15:37:10"], "total_order": 2, "hotel_value": ["4.8", "4.8"], "hotel_price": ["248", "248"]}, "717916": {"hotel_name": "\u53a6\u95e8\u6717\u8c6a\u9152\u5e97", "order_time": ["2019-01-18 14:55:09", "2019-01-18 15:07:09"], "total_order": 2, "hotel_value": ["4.6", "4.6"], "hotel_price": ["744", "744"]}, "431557": {"hotel_name": "\u901f8\u9152\u5e97(\u53a6\u95e8\u4e2d\u5c71\u8def\u8f6e\u6e21\u5e97)", "order_time": ["2019-01-18 14:55:09"], "total_order": 1, "hotel_value": ["4.4"], "hotel_price": ["187"]}, "5806184": {"hotel_name": "\u9177\u6d3e\u9152\u5e97(\u53a6\u95e8\u706b\u8f66\u7ad9\u68a7\u6751\u6c7d\u8f66\u7ad9\u5e97)", "order_time": ["2019-01-18 14:55:10"], "total_order": 1, "hotel_value": ["4.3"], "hotel_price": ["129"]}, "1876398": {"hotel_name": "\u53a6\u95e8\u9e6d\u5c9b\u00b7\u4e91\u6816\u6c11\u5bbf", "order_time": ["2019-01-18 14:55:10"], "total_order": 1, "hotel_value": ["5.0"], "hotel_price": ["254"]}, "2301441": {"hotel_name": "\u975e\u7e41\u57ce\u54c1\u9152\u5e97(\u53a6\u95e8\u96c6\u7f8e\u5927\u5b66\u5e97)", "order_time": ["2019-01-18 14:55:10"], "total_order": 1, "hotel_value": ["4.7"], "hotel_price": ["158"]}, "1540062": {"hotel_name": "\u4e45\u6816\u00b7\u9f13\u6d6a\u5c7f\u6d77\u5cb8\u82b1\u65c5\u9986", "order_time": ["2019-01-18 14:55:10", "2019-01-18 15:15:11", "2019-01-18 15:05:09"], "total_order": 3, "hotel_value": ["4.9", "4.9", "4.9"], "hotel_price": ["158", "158", "158"]}, "346248": {"hotel_name": "\u53a6\u95e8\u6cf0\u8c37\u9152\u5e97", "order_time": ["2019-01-18 14:55:11"], "total_order": 1, "hotel_value": ["4.7"], "hotel_price": ["398"]}, "890106": {"hotel_name": "\u53a6\u95e8\u4e3d\u65af\u6d77\u666f\u9152\u5e97", "order_time": ["2019-01-18 14:55:11"], "total_order": 1, "hotel_value": ["4.7"], "hotel_price": ["278"]}, "5104169": {"hotel_name": "\u53a6\u95e8\u5c24\u5ba2\u00b7\u6cca\u91d1\u96c5\u5885\u6c11\u5bbf(\u539f\u4f18\u5ba2\u65c5\u9986)", "order_time": ["2019-01-18 14:55:11"], "total_order": 1, "hotel_value": ["4.8"], "hotel_price": ["140"]}, "436704": {"hotel_name": "\u53a6\u95e8\u6162\u751f\u6d3b\u00b7\u96c5\u539d\u522b\u9662", "order_time": ["2019-01-18 14:55:11"], "total_order": 1, "hotel_value": ["4.9"], "hotel_price": ["359"]}, "435290": {"hotel_name": "\u53a6\u95e8\u6625\u5149\u9152\u5e97", "order_time": ["2019-01-18 14:55:12"], "total_order": 1, "hotel_value": ["4.7"], "hotel_price": ["278"]}, "26405159": {"hotel_name": "\u8ff9\u58a8\u4e5d\u95f4\u623f(\u53a6\u95e8\u5d69\u5c7f\u7801\u5934\u5e97)", "order_time": ["2019-01-18 14:59:13", "2019-01-18 14:55:12"], "total_order": 2, "hotel_value": ["5.0", "5.0"], "hotel_price": ["194", "194"]}, "2539706": {"hotel_name": "\u53a6\u95e8\u56db\u6d77\u4e4b\u661f\u9152\u5e97", "order_time": ["2019-01-18 15:03:11", "2019-01-18 14:55:14"], "total_order": 2, "hotel_value": ["4.2", "4.2"], "hotel_price": ["173", "173"]}, "12780885": {"hotel_name": "\u53a6\u95e8\u7121\u4e8c\u00b7\u90a3\u6240\u9152\u5e97", "order_time": ["2019-01-18 14:55:14"], "total_order": 1, "hotel_value": ["4.9"], "hotel_price": ["350"]}, "1389206": {"hotel_name": "\u9526\u6c5f\u4e4b\u661f(\u53a6\u95e8\u79be\u7965\u897f\u8def\u767d\u9e6d\u6d32\u5e97)", "order_time": ["2019-01-18 14:57:10"], "total_order": 1, "hotel_value": ["4.4"], "hotel_price": ["139"]}, "428302": {"hotel_name": "\u53a6\u95e8\u706b\u8f66\u7ad9\u4e9a\u6735\u8f7b\u5c45\u9152\u5e97", "order_time": ["2019-01-18 14:57:11", "2019-01-18 14:59:12"], "total_order": 2, "hotel_value": ["4.9", "4.9"], "hotel_price": ["385", "385"]}, "392553": {"hotel_name": "\u6210\u65c5\u6676\u8d5e\u9152\u5e97(\u53a6\u95e8\u67ab\u60a6\u5e97)(\u539f\u67ab\u60a6\u5927\u9152\u5e97)", "order_time": ["2019-01-18 14:57:12"], "total_order": 1, "hotel_value": ["4.7"], "hotel_price": ["312"]}, "698202": {"hotel_name": "\u548c\u9890\u9152\u5e97(\u53a6\u95e8\u4e2d\u5c71\u8def\u6d77\u666f\u5e97)", "order_time": ["2019-01-18 14:57:12"], "total_order": 1, "hotel_value": ["4.7"], "hotel_price": ["321"]}, "12622395": {"hotel_name": "\u53a6\u95e8\u71d5\u6816\u8bbe\u8ba1\u6c11\u5bbf", "order_time": ["2019-01-18 14:57:12"], "total_order": 1, "hotel_value": ["4.9"], "hotel_price": ["311"]}, "1543547": {"hotel_name": "\u53a6\u95e8\u66fe\u539d\u57b5\u543e\u6797\u5ba2\u6808", "order_time": ["2019-01-18 14:57:12"], "total_order": 1, "hotel_value": ["4.9"], "hotel_price": ["186"]}, "449121": {"hotel_name": "\u53a6\u95e8\u66fe\u539d\u57b5\u5357\u98ce\u65f6\u5149\u65c5\u9986", "order_time": ["2019-01-18 14:57:12"], "total_order": 1, "hotel_value": ["4.6"], "hotel_price": ["144"]}, "1118729": {"hotel_name": "\u5982\u5bb6\u5feb\u6377\u9152\u5e97(\u53a6\u95e8\u4ed9\u5cb3\u8def\u6c5f\u5934\u5e97)", "order_time": ["2019-01-18 14:59:11"], "total_order": 1, "hotel_value": ["4.4"], "hotel_price": ["151"]}, "436708": {"hotel_name": "\u53a6\u95e8\u91d1\u540e\u9152\u5e97", "order_time": ["2019-01-18 14:59:11"], "total_order": 1, "hotel_value": ["4.6"], "hotel_price": ["259"]}, "419463": {"hotel_name": "\u53a6\u95e8\u534e\u4fa8\u5927\u53a6", "order_time": ["2019-01-18 14:59:11"], "total_order": 1, "hotel_value": ["4.7"], "hotel_price": ["298"]}, "2290014": {"hotel_name": "\u53a6\u95e8\u541b\u6021\u9152\u5e97", "order_time": ["2019-01-18 14:59:11"], "total_order": 1, "hotel_value": ["4.7"], "hotel_price": ["256"]}, "467685": {"hotel_name": "\u53a6\u95e8\u767d\u9e6d\u6d32\u5927\u9152\u5e97", "order_time": ["2019-01-18 14:59:11"], "total_order": 1, "hotel_value": ["4.2"], "hotel_price": ["342"]}, "1535937": {"hotel_name": "\u6c49\u5ead\u9152\u5e97(\u53a6\u95e8\u660e\u53d1\u5e7f\u573a\u5e97)", "order_time": ["2019-01-18 14:59:11"], "total_order": 1, "hotel_value": ["4.2"], "hotel_price": ["151"]}, "2298479": {"hotel_name": "\u6c49\u5ead\u9152\u5e97(\u53a6\u95e8\u540c\u5b89\u73af\u57ce\u5357\u8def\u5e97)", "order_time": ["2019-01-18 14:59:11"], "total_order": 1, "hotel_value": ["4.4"], "hotel_price": ["170"]}, "12052834": {"hotel_name": "\u53a6\u95e8oneday\u6d77\u7720\u8bbe\u8ba1\u5e08\u9152\u5e97", "order_time": ["2019-01-18 14:59:12"], "total_order": 1, "hotel_value": ["4.6"], "hotel_price": ["298"]}, "438748": {"hotel_name": "\u53a6\u95e8\u6210\u529f\u5927\u9152\u5e97", "order_time": ["2019-01-18 14:59:12"], "total_order": 1, "hotel_value": ["4.2"], "hotel_price": ["266"]}, "2279530": {"hotel_name": "\u53a6\u95e8\u5982\u5f52\u5c0f\u7b51", "order_time": ["2019-01-18 14:59:12"], "total_order": 1, "hotel_value": ["4.7"], "hotel_price": ["123"]}, "483805": {"hotel_name": "\u53a6\u95e8\u6ee8\u5317\u9890\u8c6a\u9152\u5e97", "order_time": ["2019-01-18 14:59:12"], "total_order": 1, "hotel_value": ["4.8"], "hotel_price": ["458"]}, "2301312": {"hotel_name": "\u57ce\u5e02\u4fbf\u6377\u9152\u5e97(\u53a6\u95e8\u79be\u7965\u897f\u8def\u5e97)", "order_time": ["2019-01-18 14:59:14"], "total_order": 1, "hotel_value": ["4.3"], "hotel_price": ["159"]}, "11372511": {"hotel_name": "\u53a6\u95e8\u6f2b\u5ead\u65f6\u5149\u5ba2\u6808", "order_time": ["2019-01-18 14:59:15", "2019-01-18 15:01:11"], "total_order": 2, "hotel_value": ["4.8", "4.8"], "hotel_price": ["133", "133"]}, "1710711": {"hotel_name": "\u53a6\u95e8\u8def\u5ba2Lotel\u53c1\u9ece\u6c11\u5bbf", "order_time": ["2019-01-18 14:59:18"], "total_order": 1, "hotel_value": ["4.8"], "hotel_price": ["174"]}, "427947": {"hotel_name": "\u53a6\u95e8\u56fd\u9645\u4f1a\u8bae\u4e2d\u5fc3\u9152\u5e97", "order_time": ["2019-01-18 15:01:10"], "total_order": 1, "hotel_value": ["4.8"], "hotel_price": ["589"]}, "346257": {"hotel_name": "\u53a6\u95e8\u6d77\u666f\u5343\u79a7\u5927\u9152\u5e97", "order_time": ["2019-01-18 15:25:10", "2019-01-18 15:01:10"], "total_order": 2, "hotel_value": ["4.5", "4.5"], "hotel_price": ["590", "590"]}, "346262": {"hotel_name": "\u53a6\u95e8\u5a01\u65af\u6c40\u9152\u5e97", "order_time": ["2019-01-18 15:01:10"], "total_order": 1, "hotel_value": ["4.5"], "hotel_price": ["828"]}, "436632": {"hotel_name": "\u53a6\u95e8\u4e07\u4f73\u4e1c\u65b9\u9152\u5e97", "order_time": ["2019-01-18 15:37:10", "2019-01-18 15:01:10"], "total_order": 2, "hotel_value": ["4.4", "4.4"], "hotel_price": ["182", "178"]}, "443638": {"hotel_name": "\u53a6\u95e8\u91d1\u6865\u82b1\u56ed\u9152\u5e97", "order_time": ["2019-01-18 15:01:10"], "total_order": 1, "hotel_value": ["4.5"], "hotel_price": ["292"]}, "21132146": {"hotel_name": "\u5929\u57fa\u5fa1\u5ead\u9152\u5e97(\u53a6\u95e8\u83b2\u5742\u5730\u94c1\u7ad9\u5e97)", "order_time": ["2019-01-18 15:01:10"], "total_order": 1, "hotel_value": ["4.8"], "hotel_price": ["163"]}, "2152633": {"hotel_name": "\u53a6\u95e8\u540c\u5b89\u5bbe\u9986", "order_time": ["2019-01-18 15:01:10"], "total_order": 1, "hotel_value": ["4.1"], "hotel_price": ["148"]}, "4640529": {"hotel_name": "\u53a6\u95e8\u82b1\u5f00\u8317\u54c1\u5ba2\u6808", "order_time": ["2019-01-18 15:01:11", "2019-01-18 15:37:10", "2019-01-18 15:25:10"], "total_order": 3, "hotel_value": ["4.9", "4.9", "4.9"], "hotel_price": ["159", "159", "169"]}, "512888": {"hotel_name": "\u53a6\u95e8\u7fd4\u5b89\u9890\u8c6a\u9152\u5e97", "order_time": ["2019-01-18 15:01:15"], "total_order": 1, "hotel_value": ["4.7"], "hotel_price": ["409"]}, "12140886": {"hotel_name": "\u53a6\u95e8\u9f13\u6d6a\u5c7f\u522b\u6837\u65c5\u9986", "order_time": ["2019-01-18 15:03:10"], "total_order": 1, "hotel_value": ["4.6"], "hotel_price": ["168"]}, "23625312": {"hotel_name": "\u53a6\u95e8\u4e91\u820d\u96c5\u5c45\u516c\u5bd3", "order_time": ["2019-01-18 15:03:11", "2019-01-18 15:09:09"], "total_order": 2, "hotel_value": ["4.7", "4.7"], "hotel_price": ["119", "126"]}, "1406009": {"hotel_name": "\u53a6\u95e8\u9646\u5c9b\u9152\u5e97(\u4f1a\u5c55\u5e97)", "order_time": ["2019-01-18 15:27:11", "2019-01-18 15:03:11"], "total_order": 2, "hotel_value": ["4.4", "4.4"], "hotel_price": ["231", "231"]}, "480963": {"hotel_name": "\u53a6\u95e8\u68a6\u9192\u6e7e\u5ba2\u6808", "order_time": ["2019-01-18 15:03:11"], "total_order": 1, "hotel_value": ["4.9"], "hotel_price": ["89"]}, "1498669": {"hotel_name": "\u53a6\u95e8\u5317\u7ad9\u548c\u798f\u5ba2\u6808", "order_time": ["2019-01-18 15:03:11", "2019-01-18 15:21:09"], "total_order": 2, "hotel_value": ["4.9", "4.9"], "hotel_price": ["85", "85"]}, "15718121": {"hotel_name": "\u53a6\u95e8\u66fe\u539d\u57b5\u4e00\u683c\u6816\u5bbf", "order_time": ["2019-01-18 15:03:11"], "total_order": 1, "hotel_value": ["4.9"], "hotel_price": ["189"]}, "428893": {"hotel_name": "\u53a6\u95e8\u5bbe\u9986", "order_time": ["2019-01-18 15:07:14", "2019-01-18 15:03:11"], "total_order": 2, "hotel_value": ["4.8", "4.8"], "hotel_price": ["406", "406"]}, "1613814": {"hotel_name": "\u7231\u83f2\u513f\u5ea6\u5047\u9152\u5e97(\u53a6\u95e8\u9f13\u6d6a\u5c7f1930\u5e97)", "order_time": ["2019-01-18 15:03:13"], "total_order": 1, "hotel_value": ["4.6"], "hotel_price": ["386"]}, "448874": {"hotel_name": "\u53a6\u95e8\u91d1\u8272\u56db\u5b63\u9152\u5e97(\u539f\u6cc9\u5b63\u9152\u5e97)", "order_time": ["2019-01-18 15:05:09"], "total_order": 1, "hotel_value": ["4.2"], "hotel_price": ["163"]}, "2301227": {"hotel_name": "\u9526\u6c5f\u4e4b\u661f(\u53a6\u95e8\u674f\u6797\u5e97)", "order_time": ["2019-01-18 15:05:09"], "total_order": 1, "hotel_value": ["4.5"], "hotel_price": ["169"]}, "1541918": {"hotel_name": "\u53a6\u95e8\u6d77\u65c5\u6559\u5e08\u9152\u5e97", "order_time": ["2019-01-18 15:05:09"], "total_order": 1, "hotel_value": ["4.5"], "hotel_price": ["268"]}, "23858080": {"hotel_name": "\u53a6\u95e8\u4f73\u9038\u5e0c\u5c14\u987f\u683c\u82ae\u7cbe\u9009\u9152\u5e97", "order_time": ["2019-01-18 15:05:09"], "total_order": 1, "hotel_value": ["4.7"], "hotel_price": ["897"]}, "703570": {"hotel_name": "\u53a6\u95e8\u79b9\u6d32\u5609\u7f8e\u4f26\u9152\u5e97\u516c\u5bd3", "order_time": ["2019-01-18 15:05:09"], "total_order": 1, "hotel_value": ["4.6"], "hotel_price": ["430"]}, "1728375": {"hotel_name": "\u6768\u6843\u9662\u5b50\u65c5\u9986(\u9f13\u6d6a\u5c7f\u590d\u5174\u53e4\u5821\u5e97)", "order_time": ["2019-01-18 15:05:10"], "total_order": 1, "hotel_value": ["4.8"], "hotel_price": ["423"]}, "1760902": {"hotel_name": "\u53a6\u95e8\u4e07\u4f73\u56fd\u9645\u9152\u5e97", "order_time": ["2019-01-18 15:05:10"], "total_order": 1, "hotel_value": ["4.6"], "hotel_price": ["423"]}, "19019972": {"hotel_name": "\u53a6\u95e8\u5ea6\u7f8e\u00b7\u4e0e\u7af9\u77f3\u8bbe\u8ba1\u578b\u522b\u5885", "order_time": ["2019-01-18 15:05:10"], "total_order": 1, "hotel_value": ["5.0"], "hotel_price": ["318"]}, "14261979": {"hotel_name": "\u53a6\u95e8\u7075\u73b2\u5927\u9152\u5e97", "order_time": ["2019-01-18 15:05:10"], "total_order": 1, "hotel_value": ["4.6"], "hotel_price": ["453"]}, "5073003": {"hotel_name": "\u53a6\u95e8\u4e07\u8fbe\u60a6\u57ce\u9152\u5e97\u516c\u5bd3", "order_time": ["2019-01-18 15:07:09"], "total_order": 1, "hotel_value": ["4.5"], "hotel_price": ["195"]}, "346269": {"hotel_name": "\u53a6\u95e8\u6e90\u660c\u51ef\u5bbe\u65af\u57fa\u5927\u9152\u5e97", "order_time": ["2019-01-18 15:07:09"], "total_order": 1, "hotel_value": ["4.7"], "hotel_price": ["898"]}, "5980197": {"hotel_name": "\u53a6\u95e8\u534a\u5c71\u4e34\u6d77\u82b1\u56ed\u6c11\u5bbf", "order_time": ["2019-01-18 15:13:10", "2019-01-18 15:07:09"], "total_order": 2, "hotel_value": ["4.8", "4.8"], "hotel_price": ["84", "84"]}, "24034391": {"hotel_name": "\u53a6\u95e8\u6c34\u6728\u6d77\u666f\u9152\u5e97", "order_time": ["2019-01-18 15:07:09"], "total_order": 1, "hotel_value": ["4.7"], "hotel_price": ["266"]}, "438586": {"hotel_name": "\u53a6\u95e8\u5c71\u6c34\u4e3d\u666f\u5927\u9152\u5e97", "order_time": ["2019-01-18 15:07:09"], "total_order": 1, "hotel_value": ["4.4"], "hotel_price": ["380"]}, "2624108": {"hotel_name": "\u53a6\u95e8\u5e0c\u5c14\u987f\u9038\u6797\u9152\u5e97", "order_time": ["2019-01-18 15:07:09"], "total_order": 1, "hotel_value": ["4.7"], "hotel_price": ["630"]}, "1098200": {"hotel_name": "\u5982\u5bb6\u9152\u5e97(\u53a6\u95e8SM\u5e7f\u573a\u4e4c\u77f3\u6d66\u5730\u94c1\u7ad9\u5e97)", "order_time": ["2019-01-18 15:07:11"], "total_order": 1, "hotel_value": ["3.7"], "hotel_price": ["161"]}, "6112181": {"hotel_name": "\u53a6\u95e8\u6c38\u4e3d\u8fbe\u4e3d\u5448\u9152\u5e97", "order_time": ["2019-01-18 15:09:09"], "total_order": 1, "hotel_value": ["4.8"], "hotel_price": ["549"]}, "858889": {"hotel_name": "\u53a6\u95e8\u4e5d\u95f4\u5802\u8bbe\u8ba1\u5e08\u6c11\u5bbf(\u539f\u53a6\u95e8\u4e09\u6708\u5ba2\u6808)", "order_time": ["2019-01-18 15:09:09"], "total_order": 1, "hotel_value": ["4.8"], "hotel_price": ["143"]}, "479354": {"hotel_name": "\u5bb6\u548c\u6625\u5929\u7cbe\u54c1\u9152\u5e97(\u53a6\u95e8\u673a\u573a\u5e97)", "order_time": ["2019-01-18 15:09:09"], "total_order": 1, "hotel_value": ["4.5"], "hotel_price": ["238"]}, "3462555": {"hotel_name": "\u53a6\u95e8\u9f13\u6d6a\u5c7f\u62c9\u62c9\u8428\u5c14\u739b\u65c5\u9986", "order_time": ["2019-01-18 15:09:09"], "total_order": 1, "hotel_value": ["4.9"], "hotel_price": ["158"]}, "2300469": {"hotel_name": "7\u5929\u8fde\u9501\u9152\u5e97(\u53a6\u95e8\u91d1\u5c1a\u5e97)", "order_time": ["2019-01-18 15:09:10"], "total_order": 1, "hotel_value": ["4.6"], "hotel_price": ["190"]}, "2308063": {"hotel_name": "\u53a6\u95e8\u9f13\u6d6a\u5c7f\u60a0\u5ead\u5c0f\u7b51\u65c5\u9986", "order_time": ["2019-01-18 15:09:10"], "total_order": 1, "hotel_value": ["4.4"], "hotel_price": ["136"]}, "2310179": {"hotel_name": "\u53a6\u95e8\u66fc\u53ef\u8fde\u9501\u9152\u5e97", "order_time": ["2019-01-18 15:09:10"], "total_order": 1, "hotel_value": ["3.9"], "hotel_price": ["85"]}, "878866": {"hotel_name": "\u53a6\u95e8\u94f6\u6d32\u65c5\u9986", "order_time": ["2019-01-18 15:09:11"], "total_order": 1, "hotel_value": ["4.5"], "hotel_price": ["147"]}, "8569035": {"hotel_name": "\u53a6\u95e8\u9e6d\u987a\u5feb\u6377\u9152\u5e97\u706b\u8f66\u7ad9\u5e97", "order_time": ["2019-01-18 15:09:11"], "total_order": 1, "hotel_value": ["3.9"], "hotel_price": ["112"]}, "28760755": {"hotel_name": "\u53a6\u95e8\u5927\u5b66\u4e00\u54c1\u6d77\u666f\u5ea6\u5047\u516c\u5bd3", "order_time": ["2019-01-18 15:09:11"], "total_order": 1, "hotel_value": [0], "hotel_price": ["450"]}, "6763972": {"hotel_name": "\u53a6\u95e8\u5317\u7ad9\u66fc\u5df4\u9152\u5e97", "order_time": ["2019-01-18 15:11:13"], "total_order": 1, "hotel_value": ["4.7"], "hotel_price": ["180"]}, "2042480": {"hotel_name": "7\u5929\u8fde\u9501\u9152\u5e97(\u53a6\u95e8\u9f13\u6d6a\u5c7f\u7801\u5934\u5e97)", "order_time": ["2019-01-18 15:11:13"], "total_order": 1, "hotel_value": ["3.9"], "hotel_price": ["170"]}, "1804365": {"hotel_name": "\u6d6a\u6f2b\u90fd\u5e02\u8fde\u9501\u9152\u5e97(\u53a6\u95e8\u706b\u8f66\u7ad9\u6d0b\u5b8f\u603b\u5e97)(\u539f\u6d0b\u5b8f\u5bbe\u9986)", "order_time": ["2019-01-18 15:11:13"], "total_order": 1, "hotel_value": ["4.3"], "hotel_price": ["127"]}, "800402": {"hotel_name": "\u53a6\u95e8\u8363\u6e90\u4e3b\u9898\u9152\u5e97", "order_time": ["2019-01-18 15:11:13"], "total_order": 1, "hotel_value": ["4.9"], "hotel_price": ["184"]}, "5639861": {"hotel_name": "\u53a6\u95e8\u66fe\u539d\u57b5\u63fd\u6d77\u542c\u98ce\u56fd\u9645\u9752\u5e74\u65c5\u820d", "order_time": ["2019-01-18 15:11:13"], "total_order": 1, "hotel_value": ["4.7"], "hotel_price": ["45"]}, "771600": {"hotel_name": "\u53a6\u95e8\u6676\u88d5\u5546\u52a1\u9152\u5e97", "order_time": ["2019-01-18 15:11:13"], "total_order": 1, "hotel_value": ["4.1"], "hotel_price": ["96"]}, "5774684": {"hotel_name": "\u53a6\u95e8\u5c1a\u9526\u56ed\u9152\u5e97", "order_time": ["2019-01-18 15:11:13"], "total_order": 1, "hotel_value": ["4.2"], "hotel_price": ["160"]}, "5548882": {"hotel_name": "\u53a6\u95e8\u6d77\u65c5\u6e29\u5fb7\u59c6\u81f3\u5c0a\u9152\u5e97", "order_time": ["2019-01-18 15:11:13"], "total_order": 1, "hotel_value": ["4.7"], "hotel_price": ["522"]}, "6599741": {"hotel_name": "\u6854\u5b50\u9152\u5e97\u00b7\u7cbe\u9009(\u53a6\u95e8\u4e2d\u5c71\u8def\u8f6e\u6e21\u7801\u5934\u5e97)(\u539f\u4e2d\u5c71\u8def\u6b65\u884c\u8857\u5e97)", "order_time": ["2019-01-18 15:11:13"], "total_order": 1, "hotel_value": ["4.8"], "hotel_price": ["406"]}, "23942133": {"hotel_name": "\u53a6\u95e8\u541b\u96c5\u8f7b\u5962\u9152\u5e97", "order_time": ["2019-01-18 15:11:13"], "total_order": 1, "hotel_value": ["4.6"], "hotel_price": ["318"]}, "5373865": {"hotel_name": "\u5168\u5b63\u9152\u5e97(\u53a6\u95e8\u5927\u5b66\u5e97)", "order_time": ["2019-01-18 15:11:13"], "total_order": 1, "hotel_value": ["4.7"], "hotel_price": ["379"]}, "29401348": {"hotel_name": "\u9f13\u6d6a\u5c7f\u9014\u7a9d\u5047\u65e5\u5e84\u56ed", "order_time": ["2019-01-18 15:11:14"], "total_order": 1, "hotel_value": [0], "hotel_price": ["199"]}, "2302226": {"hotel_name": "\u53a6\u95e8\u7fd4\u5bb6\u7cbe\u54c1\u9152\u5e97", "order_time": ["2019-01-18 15:11:15"], "total_order": 1, "hotel_value": ["4.0"], "hotel_price": ["173"]}, "4437721": {"hotel_name": "\u53a6\u95e8\u7231\u7b51\u6d77\u666f\u7cbe\u54c1\u4e3b\u9898\u9152\u5e97", "order_time": ["2019-01-18 15:13:10"], "total_order": 1, "hotel_value": ["4.5"], "hotel_price": ["282"]}, "839432": {"hotel_name": "\u6f2b\u8d70\u5ba2\u6808(\u53a6\u95e8\u4e8c\u5e97)", "order_time": ["2019-01-18 15:13:11"], "total_order": 1, "hotel_value": ["4.5"], "hotel_price": ["146"]}, "5677728": {"hotel_name": "\u53a6\u95e8\u5df4\u6d1b\u514b\u8f7b\u5962\u9a7f\u6808", "order_time": ["2019-01-18 15:13:11"], "total_order": 1, "hotel_value": ["4.9"], "hotel_price": ["126"]}, "1541934": {"hotel_name": "\u53a6\u95e8\u68b5\u5c45\u00b7\u9759\u5fc3\u522b\u9662", "order_time": ["2019-01-18 15:13:11", "2019-01-18 15:21:09"], "total_order": 2, "hotel_value": ["4.9", "4.9"], "hotel_price": ["318", "353"]}, "11019053": {"hotel_name": "\u53a6\u95e8\u5c45\u4e45\u5c71\u6d77\u539f\u5bbf", "order_time": ["2019-01-18 15:15:11"], "total_order": 1, "hotel_value": ["4.9"], "hotel_price": ["386"]}, "23860879": {"hotel_name": "\u53a6\u95e8\u4e50\u4e91\u68da\u5ea6\u5047\u5c4b", "order_time": ["2019-01-18 15:15:11"], "total_order": 1, "hotel_value": ["4.8"], "hotel_price": ["387"]}, "2338764": {"hotel_name": "\u53a6\u95e8\u7eb3\u5ba2\u56fd\u9645\u9752\u5e74\u65c5\u820d", "order_time": ["2019-01-18 15:15:11"], "total_order": 1, "hotel_value": ["4.5"], "hotel_price": ["29"]}, "12229646": {"hotel_name": "\u6613\u4f70\u8fde\u9501\u65c5\u5e97(\u53a6\u95e8\u706b\u8f66\u7ad9\u6e56\u6ee8\u4e1c\u8def\u5e97)", "order_time": ["2019-01-18 15:15:11"], "total_order": 1, "hotel_value": ["4.0"], "hotel_price": ["71"]}, "15708322": {"hotel_name": "\u53a6\u95e8\u4e09\u4ed3\u9152\u5e97", "order_time": ["2019-01-18 15:15:11"], "total_order": 1, "hotel_value": ["4.7"], "hotel_price": ["194"]}, "431082": {"hotel_name": "\u53a6\u95e8\u548c\u60a6\u9152\u5e97", "order_time": ["2019-01-18 15:15:12"], "total_order": 1, "hotel_value": ["4.2"], "hotel_price": ["392"]}, "15879594": {"hotel_name": "\u53a6\u95e8\u8fdc\u65b9\u7684\u5bb6\u7cbe\u54c1\u5ba2\u6808", "order_time": ["2019-01-18 15:15:12"], "total_order": 1, "hotel_value": ["4.7"], "hotel_price": ["120"]}, "1406475": {"hotel_name": "\u53a6\u95e8886\u7cbe\u54c1\u9152\u5e97", "order_time": ["2019-01-18 15:15:12"], "total_order": 1, "hotel_value": ["3.7"], "hotel_price": ["133"]}, "21124626": {"hotel_name": "\u53a6\u95e8\u4e07\u749f\u8f69\u9152\u5e97", "order_time": ["2019-01-18 15:15:12"], "total_order": 1, "hotel_value": ["4.7"], "hotel_price": ["306"]}, "2944536": {"hotel_name": "\u53a6\u95e8\u6e05\u99a8\u516c\u5bd3", "order_time": ["2019-01-18 15:15:13"], "total_order": 1, "hotel_value": ["4.0"], "hotel_price": ["93"]}, "1637181": {"hotel_name": "\u53a6\u95e8\u5c0f\u94c1\u95e8\u7cbe\u54c1\u4e3b\u9898\u5ba2\u6808", "order_time": ["2019-01-18 15:15:13"], "total_order": 1, "hotel_value": ["3.8"], "hotel_price": ["62"]}, "436737": {"hotel_name": "\u53a6\u95e8\u9f13\u6d6a\u5c7f\u60a6\u7cbe\u54c1\u9152\u5e97", "order_time": ["2019-01-18 15:15:14"], "total_order": 1, "hotel_value": ["4.5"], "hotel_price": ["126"]}, "6511790": {"hotel_name": "\u53a6\u95e8\u822a\u5929\u516c\u5bd3\u673a\u573a\u5e97", "order_time": ["2019-01-18 15:17:08"], "total_order": 1, "hotel_value": ["4.5"], "hotel_price": ["113"]}, "8568943": {"hotel_name": "\u53a6\u95e8\u6c90\u9752\u67ab\u5916\u6d77\u96c5\u5885\u522b\u5885", "order_time": ["2019-01-18 15:17:08"], "total_order": 1, "hotel_value": ["4.7"], "hotel_price": ["183"]}, "3450733": {"hotel_name": "\u53a6\u95e8\u4e94\u7f18\u6e7e\u65f6\u5149\u516c\u5bd3", "order_time": ["2019-01-18 15:17:08"], "total_order": 1, "hotel_value": ["4.8"], "hotel_price": ["223"]}, "21790917": {"hotel_name": "\u826f\u5885\u00b7\u4e91\u5ead\u65f6\u5149(\u53a6\u95e8\u66fe\u539d\u57b5\u5e97)", "order_time": ["2019-01-18 15:17:09"], "total_order": 1, "hotel_value": ["4.9"], "hotel_price": ["148"]}, "457612": {"hotel_name": "\u53a6\u95e8\u4e94\u7f18\u6c34\u4e61\u9152\u5e97", "order_time": ["2019-01-18 15:17:09"], "total_order": 1, "hotel_value": ["4.9"], "hotel_price": ["641"]}, "6232787": {"hotel_name": "\u53a6\u95e8\u84dd\u5c71\u8d8a\u9152\u5e97", "order_time": ["2019-01-18 15:37:10", "2019-01-18 15:17:09"], "total_order": 2, "hotel_value": ["4.7", "4.7"], "hotel_price": ["438", "438"]}, "1893981": {"hotel_name": "\u53a6\u95e8\u9510\u00b7\u67cf\u8335\u9152\u5e97", "order_time": ["2019-01-18 15:25:11", "2019-01-18 15:17:09"], "total_order": 2, "hotel_value": ["4.4", "4.4"], "hotel_price": ["153", "153"]}, "479139": {"hotel_name": "7\u5929\u8fde\u9501\u9152\u5e97(\u53a6\u95e8\u706b\u8f66\u7ad9\u4e07\u8c61\u57ce\u5e97)", "order_time": ["2019-01-18 15:17:10"], "total_order": 1, "hotel_value": ["4.4"], "hotel_price": ["99"]}, "3293024": {"hotel_name": "\u53a6\u95e8\u8239\u5c4b\u8001\u522b\u5885\u5bb6\u5ead\u65c5\u9986", "order_time": ["2019-01-18 15:17:10"], "total_order": 1, "hotel_value": ["4.7"], "hotel_price": ["170"]}, "448912": {"hotel_name": "\u5982\u5bb6\u5feb\u6377\u9152\u5e97(\u53a6\u95e8\u706b\u8f66\u7ad9\u6e56\u6ee8\u4e1c\u8def\u9e3f\u8fd0\u5927\u53a6\u5e97)", "order_time": ["2019-01-18 15:17:10", "2019-01-18 15:19:10"], "total_order": 2, "hotel_value": ["4.3", "4.3"], "hotel_price": ["163", "163"]}, "1229307": {"hotel_name": "\u53a6\u95e8\u9f13\u6d6a\u5c7f\u6709\u95f4\u5ba2\u6808", "order_time": ["2019-01-18 15:19:09"], "total_order": 1, "hotel_value": ["4.7"], "hotel_price": ["133"]}, "5980230": {"hotel_name": "\u53a6\u95e8\u9f13\u6d6a\u5c7f\u542c\u96e8\u8f69\u7cbe\u54c1\u5ba2\u6808\u5927\u5b66\u751f\u521b\u4e1a\u57fa\u5730\u5e97", "order_time": ["2019-01-18 15:19:09"], "total_order": 1, "hotel_value": ["4.8"], "hotel_price": ["123"]}, "1639388": {"hotel_name": "\u4e03\u946b\u5929\u9152\u5e97(\u53a6\u95e8\u673a\u573a\u5e97)", "order_time": ["2019-01-18 15:19:09"], "total_order": 1, "hotel_value": ["4.4"], "hotel_price": ["144"]}, "8419373": {"hotel_name": "\u5ead\u82d1\u9152\u5e97(\u53a6\u95e8\u4e2d\u5c71\u8def\u8f6e\u6e21\u5e97)", "order_time": ["2019-01-18 15:25:09", "2019-01-18 15:19:09"], "total_order": 2, "hotel_value": ["4.7", "4.7"], "hotel_price": ["146", "146"]}, "375294": {"hotel_name": "\u53a6\u95e8\u534e\u7f8e\u8fbe\u957f\u5347\u5927\u9152\u5e97", "order_time": ["2019-01-18 15:19:09"], "total_order": 1, "hotel_value": ["4.4"], "hotel_price": ["418"]}, "483477": {"hotel_name": "\u7f57\u671b\u00b7\u53a6\u95e8\u9f13\u6d6a\u5c7f\u5317\u5c7f\u9152\u5e97", "order_time": ["2019-01-18 15:19:10"], "total_order": 1, "hotel_value": ["4.6"], "hotel_price": ["402"]}, "1746353": {"hotel_name": "\u53a6\u95e8\u5927\u5b66\u56fd\u9645\u5b66\u672f\u4ea4\u6d41\u4e2d\u5fc3", "order_time": ["2019-01-18 15:19:10"], "total_order": 1, "hotel_value": ["4.3"], "hotel_price": ["1020"]}, "4424430": {"hotel_name": "\u53a6\u95e8\u60a6\u7f8e\u65f6\u5149\u6c11\u5bbf(\u539f\u6d77\u6d6a\u60c5\u7f18\u5ba2\u6808)", "order_time": ["2019-01-18 15:21:10", "2019-01-18 15:19:10"], "total_order": 2, "hotel_value": ["4.9", "4.9"], "hotel_price": ["105", "105"]}, "26622348": {"hotel_name": "\u56db\u5b63\u516c\u5bd3\u673a\u573a\u5e97(\u9ad8\u5d0e\u5357\u4e94\u8def\u5206\u5e97)", "order_time": ["2019-01-18 15:19:11"], "total_order": 1, "hotel_value": [0], "hotel_price": ["118"]}, "2284337": {"hotel_name": "\u53a6\u95e8\u6d77\u5de2\u9752\u5e74\u65c5\u9986", "order_time": ["2019-01-18 15:19:11"], "total_order": 1, "hotel_value": ["4.9"], "hotel_price": ["114"]}, "6894170": {"hotel_name": "Q\u52a0\u00b7\u53a6\u95e8\u6f2b\u6e21\u96c5\u81f4\u5ba2\u6808", "order_time": ["2019-01-18 15:21:09"], "total_order": 1, "hotel_value": ["4.8"], "hotel_price": ["58"]}, "443333": {"hotel_name": "\u9752\u5e74\u9633\u5149\u8fde\u9501\u9152\u5e97(\u53a6\u95e8\u65b9\u7279\u68a6\u5e7b\u540c\u5b89\u5e97)(\u539f\u540c\u5b89\u5e97)", "order_time": ["2019-01-18 15:21:09"], "total_order": 1, "hotel_value": ["4.5"], "hotel_price": ["135"]}, "6442457": {"hotel_name": "\u9f13\u6d6a\u5c7f\u6709\u68f5\u6811\u00b7\u65e0\u5c9a\u9152\u5e97", "order_time": ["2019-01-18 15:21:09"], "total_order": 1, "hotel_value": ["4.8"], "hotel_price": ["283"]}, "6052144": {"hotel_name": "\u53a6\u95e8\u66fe\u73e0\u6e2f\u57ce\u5821\u5e84\u56ed", "order_time": ["2019-01-18 15:21:09"], "total_order": 1, "hotel_value": ["4.8"], "hotel_price": ["249"]}, "28525229": {"hotel_name": "\u53a6\u95e8\u96c5\u7434\u4f73\u5c45\u516c\u5bd3", "order_time": ["2019-01-18 15:21:09"], "total_order": 1, "hotel_value": ["4.9"], "hotel_price": ["101"]}, "2043594": {"hotel_name": "7\u5929\u8fde\u9501\u9152\u5e97(\u53a6\u95e8\u53f0\u6e7e\u8857\u5e97)", "order_time": ["2019-01-18 15:21:09"], "total_order": 1, "hotel_value": ["4.4"], "hotel_price": ["145"]}, "3802030": {"hotel_name": "\u53a6\u95e8\u53ef\u5c45\u9152\u5e97", "order_time": ["2019-01-18 15:21:09"], "total_order": 1, "hotel_value": ["4.6"], "hotel_price": ["171"]}, "1346900": {"hotel_name": "\u53a6\u95e88090\u9152\u5e97", "order_time": ["2019-01-18 15:21:09"], "total_order": 1, "hotel_value": ["4.3"], "hotel_price": ["226"]}, "450155": {"hotel_name": "\u5982\u5bb6\u5feb\u6377\u9152\u5e97(\u53a6\u95e8\u4e2d\u5c71\u8def\u6e56\u6ee8\u897f\u8def\u5e97)", "order_time": ["2019-01-18 15:21:09", "2019-01-18 15:33:11"], "total_order": 2, "hotel_value": ["4.2", "4.2"], "hotel_price": ["139", "139"]}, "4340519": {"hotel_name": "\u53a6\u95e8\u90a3\u6d77\u5ba2\u6808", "order_time": ["2019-01-18 15:21:10", "2019-01-18 15:41:11"], "total_order": 2, "hotel_value": ["4.7", "4.7"], "hotel_price": ["75", "75"]}, "17892090": {"hotel_name": "\u9f13\u6d6a\u5c7f\u8d1d\u8717\u7cbe\u54c1\u6c11\u5bbf", "order_time": ["2019-01-18 15:21:10"], "total_order": 1, "hotel_value": ["4.7"], "hotel_price": ["203"]}, "6562108": {"hotel_name": "\u53a6\u95e8\u66fe\u539d\u57b5\u9690\u5e90\u4e61\u5885\u5ea6\u5047\u5ba2\u6808", "order_time": ["2019-01-18 15:21:10"], "total_order": 1, "hotel_value": ["4.6"], "hotel_price": ["194"]}, "3632720": {"hotel_name": "\u9f13\u6d6a\u5c7f\u672a\u95fb\u82b1\u540d\u65c5\u9986", "order_time": ["2019-01-18 15:21:10"], "total_order": 1, "hotel_value": ["4.8"], "hotel_price": ["68"]}, "521077": {"hotel_name": "\u53a6\u95e8\u66fe\u539d\u57b5\u57b5\u5885\u6d77\u8fb9\u5ba2\u6808", "order_time": ["2019-01-18 15:21:10"], "total_order": 1, "hotel_value": ["4.6"], "hotel_price": ["106"]}, "775202": {"hotel_name": "\u53a6\u95e8\u9f13\u6d6a\u5c7f\u5927\u5b85\u95e8\u5bb6\u5ead\u65c5\u9986", "order_time": ["2019-01-18 15:21:10"], "total_order": 1, "hotel_value": ["4.5"], "hotel_price": ["213"]}, "858847": {"hotel_name": "\u53a6\u95e8\u6d1b\u53ef\u53ef\u5ea6\u5047\u522b\u5885(\u539f\u661f\u6995\u5ba2\u6808)", "order_time": ["2019-01-18 15:21:11"], "total_order": 1, "hotel_value": ["4.7"], "hotel_price": ["147"]}, "1197008": {"hotel_name": "\u53a6\u95e8\u5317\u7ad9\u897f\u5cb8\u91d1\u9886\u5546\u52a1\u9152\u5e97", "order_time": ["2019-01-18 15:23:13"], "total_order": 1, "hotel_value": ["4.1"], "hotel_price": ["214"]}, "602620": {"hotel_name": "\u53a6\u95e8\u7f57\u9a6c\u5047\u65e5\u6d77\u666f\u5ea6\u5047\u522b\u5885", "order_time": ["2019-01-18 15:23:14"], "total_order": 1, "hotel_value": ["4.8"], "hotel_price": ["259"]}, "428315": {"hotel_name": "\u5982\u5bb6\u5feb\u6377\u9152\u5e97(\u53a6\u95e8\u6587\u56ed\u8def\u6587\u7076\u5730\u94c1\u7ad9\u5e97)", "order_time": ["2019-01-18 15:23:14"], "total_order": 1, "hotel_value": ["4.4"], "hotel_price": ["127"]}, "1860898": {"hotel_name": "\u901f8\u9152\u5e97(\u53a6\u95e8\u540c\u5b89\u5e97)", "order_time": ["2019-01-18 15:23:14"], "total_order": 1, "hotel_value": ["4.3"], "hotel_price": ["167"]}, "14523913": {"hotel_name": "\u53a6\u95e8\u66fe\u539d\u57b5\u5317\u82d1\u65b0\u5885\u6c11\u5bbf", "order_time": ["2019-01-18 15:23:14"], "total_order": 1, "hotel_value": ["4.8"], "hotel_price": ["153"]}, "11648449": {"hotel_name": "\u53a6\u95e8\u7d20\u516e.\u6d77\u8fb9\u5ea6\u5047\u5ba2\u6808(\u539f\u897f\u95e8\u753a\u7cbe\u54c1\u6c11\u5bbf)", "order_time": ["2019-01-18 15:29:10", "2019-01-18 15:23:14"], "total_order": 2, "hotel_value": [0, 0], "hotel_price": ["89", "89"]}, "480925": {"hotel_name": "\u53a6\u95e8\u6728\u739b\u65f6\u5c1a\u7cbe\u54c1\u9152\u5e97", "order_time": ["2019-01-18 15:23:14"], "total_order": 1, "hotel_value": ["4.1"], "hotel_price": ["183"]}, "6320225": {"hotel_name": "\u53a6\u95e8\u5c7f\u5cb8\u82b1\u5f00\u5ba2\u6808", "order_time": ["2019-01-18 15:23:15"], "total_order": 1, "hotel_value": ["4.8"], "hotel_price": ["99"]}, "26557640": {"hotel_name": "\u826f\u5885\u00b7\u66fc\u4e3d\u5609\u5ea6\u5047\u522b\u5885(\u53a6\u95e8\u66fe\u539d\u57b5\u5e97)", "order_time": ["2019-01-18 15:23:15"], "total_order": 1, "hotel_value": ["5.0"], "hotel_price": ["262"]}, "11824869": {"hotel_name": "\u53a6\u95e8\u7f57\u66fc\u534e\u5ead\u5ea6\u5047\u57ce\u5821\u5e84\u56ed", "order_time": ["2019-01-18 15:25:09", "2019-01-18 15:31:09"], "total_order": 2, "hotel_value": ["4.9", "4.9"], "hotel_price": ["213", "213"]}, "782154": {"hotel_name": "\u53a6\u95e8\u9752\u5e74\u9633\u5149\u7cbe\u54c1\u5546\u52a1\u9152\u5e97(\u677e\u67cf\u6c7d\u8f66\u5e97)", "order_time": ["2019-01-18 15:25:10"], "total_order": 1, "hotel_value": ["4.5"], "hotel_price": ["201"]}, "6531873": {"hotel_name": "\u53a6\u95e8\u6469\u767b\u4e16\u5bb6\u8fde\u9501\u9152\u5e97\u706b\u8f66\u7ad9\u5e97", "order_time": ["2019-01-18 15:25:11"], "total_order": 1, "hotel_value": ["4.7"], "hotel_price": ["108"]}, "2251186": {"hotel_name": "\u53a6\u95e8\u6b27\u8bd7\u66fc\u9152\u5e97(\u539f\u5174\u9605\u5bbe\u9986)", "order_time": ["2019-01-18 15:25:11"], "total_order": 1, "hotel_value": ["3.8"], "hotel_price": ["99"]}, "1848647": {"hotel_name": "\u4e07\u798f\u516c\u5bd3(\u53a6\u95e8\u673a\u573a\u5e97)", "order_time": ["2019-01-18 15:25:12"], "total_order": 1, "hotel_value": ["4.3"], "hotel_price": ["103"]}, "436711": {"hotel_name": "\u53a6\u95e8\u9f13\u6d6a\u5c7f\u6caa\u5c7f\u65c5\u9986", "order_time": ["2019-01-18 15:27:10"], "total_order": 1, "hotel_value": ["5.0"], "hotel_price": ["241"]}, "3000081": {"hotel_name": "\u53a6\u95e8\u7ea2\u8272\u5bb6\u65cf\u5ea6\u5047\u522b\u5885", "order_time": ["2019-01-18 15:27:10"], "total_order": 1, "hotel_value": ["4.8"], "hotel_price": ["164"]}, "4359404": {"hotel_name": "\u53a6\u95e8\u7d20\u8317\u5ba2\u6808", "order_time": ["2019-01-18 15:27:10"], "total_order": 1, "hotel_value": ["4.8"], "hotel_price": ["85"]}, "2611150": {"hotel_name": "\u4f73\u6a59\u9152\u5e97(\u53a6\u95e8\u678b\u6e56\u8f66\u7ad9\u5e97)", "order_time": ["2019-01-18 15:27:10"], "total_order": 1, "hotel_value": ["4.2"], "hotel_price": ["92"]}, "5850603": {"hotel_name": "\u53a6\u95e8\u5370\u8c61\u6d77\u6e7e\u5ea6\u5047\u522b\u5885", "order_time": ["2019-01-18 15:27:10", "2019-01-18 15:41:09"], "total_order": 2, "hotel_value": ["4.9", "4.9"], "hotel_price": ["173", "173"]}, "1583166": {"hotel_name": "\u5982\u5bb6\u5feb\u6377\u9152\u5e97(\u53a6\u95e8\u4e2d\u5c71\u8def\u6b65\u884c\u8857\u5e97)", "order_time": ["2019-01-18 15:31:10", "2019-01-18 15:27:10"], "total_order": 2, "hotel_value": ["4.5", "4.5"], "hotel_price": ["195", "199"]}, "1405922": {"hotel_name": "\u53a6\u95e8\u5174\u8363\u4e91\u5c45\u9152\u5e97", "order_time": ["2019-01-18 15:27:10"], "total_order": 1, "hotel_value": ["4.0"], "hotel_price": ["368"]}, "448649": {"hotel_name": "\u53a6\u95e8\u4e9a\u6d32\u6d77\u6e7e\u5927\u9152\u5e97", "order_time": ["2019-01-18 15:27:10"], "total_order": 1, "hotel_value": ["4.4"], "hotel_price": ["330"]}, "5788864": {"hotel_name": "\u53a6\u95e8\u5eb7\u83b1\u5fb7\u9152\u5e97", "order_time": ["2019-01-18 15:27:10"], "total_order": 1, "hotel_value": ["4.7"], "hotel_price": ["61272"]}, "436734": {"hotel_name": "\u53a6\u95e8\u9f13\u6d6a\u5c7f\u90a3\u5b85\u9152\u5e97", "order_time": ["2019-01-18 15:27:10"], "total_order": 1, "hotel_value": ["4.6"], "hotel_price": ["583"]}, "1523052": {"hotel_name": "\u9f13\u6d6a\u5c7f\u7eb8\u9e22\u65c5\u9986", "order_time": ["2019-01-18 15:27:10"], "total_order": 1, "hotel_value": ["4.7"], "hotel_price": ["704"]}, "2030776": {"hotel_name": "\u53a6\u95e8\u66fe\u539d\u57b5\u63fd\u6d77\u542c\u98ce\u7cbe\u54c1\u6c11\u5bbf", "order_time": ["2019-01-18 15:27:11"], "total_order": 1, "hotel_value": ["4.7"], "hotel_price": ["40"]}, "1386469": {"hotel_name": "\u5982\u5bb6\u5feb\u6377\u9152\u5e97(\u53a6\u95e8\u96c6\u7f8e\u5927\u5b66\u5e97)", "order_time": ["2019-01-18 15:27:14"], "total_order": 1, "hotel_value": ["4.4"], "hotel_price": ["161"]}, "481144": {"hotel_name": "\u53a6\u95e8\u6069\u7c89\u9152\u5e97(\u539f\u4e30\u6021\u9152\u5e97)", "order_time": ["2019-01-18 15:29:10"], "total_order": 1, "hotel_value": ["4.3"], "hotel_price": ["108"]}, "514344": {"hotel_name": "\u53a6\u95e8\u94c2\u5c14\u6e7e\u9152\u5e97", "order_time": ["2019-01-18 15:29:10"], "total_order": 1, "hotel_value": ["4.1"], "hotel_price": ["109"]}, "1405990": {"hotel_name": "\u901f8\u9152\u5e97(\u53a6\u95e8\u706b\u8f66\u7ad9\u5e97)", "order_time": ["2019-01-18 15:29:10"], "total_order": 1, "hotel_value": ["4.3"], "hotel_price": ["186"]}, "4814794": {"hotel_name": "\u53a6\u95e8\u6625\u57ce\u9152\u5e97(\u8f6e\u6e21\u5e97)", "order_time": ["2019-01-18 15:29:10"], "total_order": 1, "hotel_value": ["3.5"], "hotel_price": ["115"]}, "2304550": {"hotel_name": "\u53a6\u95e8\u7b7c\u7b5c\u4e66\u9662\u4ea4\u6d41\u4e2d\u5fc3", "order_time": ["2019-01-18 15:29:11"], "total_order": 1, "hotel_value": ["4.4"], "hotel_price": ["390"]}, "1815558": {"hotel_name": "\u53a6\u95e8\u827e\u5c1a97\u4e3b\u9898\u9a7f\u7ad9", "order_time": ["2019-01-18 15:29:11"], "total_order": 1, "hotel_value": ["4.2"], "hotel_price": ["134"]}, "6561615": {"hotel_name": "\u53a6\u95e8\u96c6\u7f8e\u5609\u4e3d\u5546\u52a1\u5bbe\u9986", "order_time": ["2019-01-18 15:31:09"], "total_order": 1, "hotel_value": ["4.6"], "hotel_price": ["138"]}, "434812": {"hotel_name": "\u53a6\u95e8\u65e5\u6708\u8c37\u6e29\u6cc9\u6e21\u5047\u6751", "order_time": ["2019-01-18 15:31:09"], "total_order": 1, "hotel_value": ["4.7"], "hotel_price": ["958"]}, "779669": {"hotel_name": "\u6d77\u53cb\u826f\u54c1\u9152\u5e97(\u53a6\u95e8SM\u5e7f\u573a\u53f0\u6e7e\u8857\u5e97)", "order_time": ["2019-01-18 15:31:10"], "total_order": 1, "hotel_value": ["4.4"], "hotel_price": ["139"]}, "4496383": {"hotel_name": "\u53a6\u95e8\u6162\u751f\u6d3b\u00b7\u4e0a\u91ce\u5ba2\u6808", "order_time": ["2019-01-18 15:31:10"], "total_order": 1, "hotel_value": ["4.9"], "hotel_price": ["191"]}, "730108": {"hotel_name": "\u9f13\u6d6a\u5c7f\u9b54\u5ead\u522b\u82d1\u65c5\u9986(\u539f\u9f13\u6d6a\u5c7f\u9f99\u5c71\u82d1\u5496\u5561\u65c5\u9986)", "order_time": ["2019-01-18 15:31:11"], "total_order": 1, "hotel_value": ["4.8"], "hotel_price": ["252"]}, "6530325": {"hotel_name": "\u53a6\u95e8\u5c71\u6d77\u89c2\u8d30\u53f7\u9662", "order_time": ["2019-01-18 15:31:13"], "total_order": 1, "hotel_value": ["4.7"], "hotel_price": ["588"]}, "438257": {"hotel_name": "\u53a6\u95e8\u946b\u540d\u95e8\u82b1\u56ed\u9152\u5e97(\u539f\u5361\u5c14\u66fc\u9152\u5e97)", "order_time": ["2019-01-18 15:33:11"], "total_order": 1, "hotel_value": ["4.3"], "hotel_price": ["231"]}, "4337031": {"hotel_name": "\u53a6\u95e8\u9f13\u6d6a\u5c7f\u7ea2\u5802\u65c5\u9986", "order_time": ["2019-01-18 15:33:12"], "total_order": 1, "hotel_value": ["4.2"], "hotel_price": ["226"]}, "5250100": {"hotel_name": "\u53a6\u95e8\u60a6\u6765\u767b\u65c5\u9986", "order_time": ["2019-01-18 15:33:12"], "total_order": 1, "hotel_value": ["3.7"], "hotel_price": ["98"]}, "608369": {"hotel_name": "\u53a6\u95e8\u540c\u5b89\u5e1d\u4e50\u9152\u5e97", "order_time": ["2019-01-18 15:35:10"], "total_order": 1, "hotel_value": ["4.1"], "hotel_price": ["253"]}, "6882800": {"hotel_name": "\u53a6\u95e8\u5e02\u601d\u6f6e\u4e3b\u9898\u5ba2\u6808", "order_time": ["2019-01-18 15:35:10"], "total_order": 1, "hotel_value": ["4.6"], "hotel_price": ["118"]}, "19517458": {"hotel_name": "\u53a6\u95e8\u601d\u5c7f\u9e6d", "order_time": ["2019-01-18 15:35:10"], "total_order": 1, "hotel_value": ["4.6"], "hotel_price": ["98"]}, "19678980": {"hotel_name": "\u53a6\u95e8\u74e6\u6e90\u7d20\u7cbe\u54c1\u5ba2\u6808", "order_time": ["2019-01-18 15:35:10"], "total_order": 1, "hotel_value": ["4.9"], "hotel_price": ["134"]}, "1707615": {"hotel_name": "\u53a6\u95e8\u7231\u5c1a\u4f18\u9a7f\u9152\u5e97", "order_time": ["2019-01-18 15:35:11"], "total_order": 1, "hotel_value": ["4.5"], "hotel_price": ["116"]}, "1405425": {"hotel_name": "\u53a6\u95e8\u5174\u6052\u5927\u9152\u5e97", "order_time": ["2019-01-18 15:37:10"], "total_order": 1, "hotel_value": ["4.5"], "hotel_price": ["273"]}, "17470637": {"hotel_name": "\u53a6\u95e8\u516d\u60a6\u5ea6\u5047\u9152\u5e97(\u9f13\u6d6a\u5c7f\u522b\u5885\u5e97)", "order_time": ["2019-01-18 15:37:10"], "total_order": 1, "hotel_value": ["4.7"], "hotel_price": ["283"]}, "1742980": {"hotel_name": "\u4f73\u6a59\u5feb\u6377\u9152\u5e97\uff08\u53a6\u95e8\u706b\u8f66\u7ad9\u5e97\uff09", "order_time": ["2019-01-18 15:37:11"], "total_order": 1, "hotel_value": ["4.1"], "hotel_price": ["103"]}, "2294237": {"hotel_name": "\u53a6\u95e8\u6c34\u679c\u5047\u65e5\u9152\u5e97", "order_time": ["2019-01-18 15:37:11"], "total_order": 1, "hotel_value": ["4.2"], "hotel_price": ["123"]}, "2582476": {"hotel_name": "99\u65c5\u9986\u8fde\u9501(\u53a6\u95e8\u5367\u9f99\u6653\u57ce\u5e97)", "order_time": ["2019-01-18 15:41:10"], "total_order": 1, "hotel_value": ["4.3"], "hotel_price": ["89"]}, "2304450": {"hotel_name": "7\u5929\u8fde\u9501\u9152\u5e97(\u53a6\u95e8\u706b\u8f66\u7ad9\u5e97)", "order_time": ["2019-01-18 15:41:11"], "total_order": 1, "hotel_value": ["4.3"], "hotel_price": ["126"]}, "1728250": {"hotel_name": "\u53a6\u95e8\u9f13\u6d6a\u5c7f\u6d77\u4e0a\u96c5\u5178\u5a1c\u9152\u5e97", "order_time": ["2019-01-18 15:41:11"], "total_order": 1, "hotel_value": ["4.4"], "hotel_price": ["392"]}, "6477755": {"hotel_name": "\u53a6\u95e8\u9f13\u6d6a\u5c7f\u8336\u8bed\u65f6\u5149\u94a2\u7434\u65c5\u9986", "order_time": ["2019-01-18 15:41:11"], "total_order": 1, "hotel_value": ["4.8"], "hotel_price": ["78"]}}}