{"\u5f00\u59cb\u8bb0\u5f55\u65f6\u95f4": "2019-01-14 01:46:10", "\u7ed3\u675f\u8bb0\u5f55\u65f6\u95f4": "2019-01-14 02:46:10", "\u8ba2\u5355\u603b\u589e\u91cf": 108, "item": {"2152627": {"hotel_name": "\u7f8e\u8c6a\u9152\u5e97(\u53a6\u95e8\u5e97)", "order_time": ["2019-01-14 01:48:27"], "total_order": 1, "hotel_value": ["4.7"], "hotel_price": ["289"]}, "7277750": {"hotel_name": "\u53a6\u95e8\u6b63\u5143\u5e0c\u5c14\u987f\u9038\u6797\u9152\u5e97", "order_time": ["2019-01-14 02:18:28", "2019-01-14 01:48:29", "2019-01-14 02:08:31"], "total_order": 3, "hotel_value": ["4.7", "4.7", "4.7"], "hotel_price": ["852", "852", "852"]}, "431965": {"hotel_name": "\u53a6\u95e8\u7f8e\u4ed1\u7693\u6656\u9152\u5e97", "order_time": ["2019-01-14 01:48:30"], "total_order": 1, "hotel_value": ["4.7"], "hotel_price": ["198"]}, "467592": {"hotel_name": "\u53a6\u95e8\u7f8e\u4ed1\u91d1\u60a6\u9152\u5e97", "order_time": ["2019-01-14 01:48:31"], "total_order": 1, "hotel_value": ["4.7"], "hotel_price": ["178"]}, "1860898": {"hotel_name": "\u901f8\u9152\u5e97(\u53a6\u95e8\u540c\u5b89\u5e97)", "order_time": ["2019-01-14 01:48:37", "2019-01-14 01:56:37", "2019-01-14 02:22:32"], "total_order": 3, "hotel_value": ["4.3", "4.3", "4.3"], "hotel_price": ["159", "159", "159"]}, "444772": {"hotel_name": "\u590f\u5546\u00b7\u6021\u5ead\u5feb\u6377\u9152\u5e97(\u53a6\u95e8\u706b\u8f66\u7ad9\u6c47\u6210\u5e97)", "order_time": ["2019-01-14 01:48:39"], "total_order": 1, "hotel_value": ["4.5"], "hotel_price": ["98"]}, "2229421": {"hotel_name": "\u5c71\u5c45\u5ba2\u6808(\u53a6\u95e8\u66fe\u539d\u57b5\u5e97)", "order_time": ["2019-01-14 01:48:59"], "total_order": 1, "hotel_value": ["4.7"], "hotel_price": ["85"]}, "1183602": {"hotel_name": "\u516b\u82f1\u91cc\u9152\u5e97(\u53a6\u95e8\u4e2d\u5c71\u8def\u5e97)", "order_time": ["2019-01-14 01:50:28"], "total_order": 1, "hotel_value": ["4.7"], "hotel_price": ["126"]}, "734162": {"hotel_name": "\u53a6\u95e8\u5929\u5143\u541b\u9686\u5927\u9152\u5e97", "order_time": ["2019-01-14 01:50:30", "2019-01-14 02:42:28"], "total_order": 2, "hotel_value": ["4.4", "4.4"], "hotel_price": ["321", "321"]}, "6118955": {"hotel_name": "\u53a6\u95e8\u827e\u5c14\u65af\u5ea6\u5047\u5e84\u56ed", "order_time": ["2019-01-14 01:50:35", "2019-01-14 02:22:30"], "total_order": 2, "hotel_value": ["4.9", "4.9"], "hotel_price": ["126", "126"]}, "375296": {"hotel_name": "\u53a6\u95e8\u65e5\u822a\u9152\u5e97", "order_time": ["2019-01-14 01:50:35"], "total_order": 1, "hotel_value": ["4.6"], "hotel_price": ["598"]}, "703570": {"hotel_name": "\u53a6\u95e8\u79b9\u6d32\u5609\u7f8e\u4f26\u9152\u5e97\u516c\u5bd3", "order_time": ["2019-01-14 01:50:36"], "total_order": 1, "hotel_value": ["4.6"], "hotel_price": ["442"]}, "1738310": {"hotel_name": "\u53a6\u95e8\u9752\u5e74\u9633\u5149\u7cbe\u54c1\u5546\u52a1\u9152\u5e97(\u678b\u6e56\u5e97)", "order_time": ["2019-01-14 01:50:41"], "total_order": 1, "hotel_value": ["4.4"], "hotel_price": ["192"]}, "429062": {"hotel_name": "\u53a6\u95e8\u7c73\u4ed1\u9152\u5e97", "order_time": ["2019-01-14 01:51:11"], "total_order": 1, "hotel_value": ["4.6"], "hotel_price": ["159"]}, "346264": {"hotel_name": "\u53a6\u95e8\u827e\u7f8e\u9152\u5e97", "order_time": ["2019-01-14 02:02:35", "2019-01-14 01:52:28"], "total_order": 2, "hotel_value": ["4.7", "4.7"], "hotel_price": ["662", "662"]}, "1906769": {"hotel_name": "\u53a6\u95e8\u5fc3\u5bbf\u96c5\u7b51\u9152\u5e97\uff08\u539f\u7396\u70b9\u5bbe\u9986\uff09", "order_time": ["2019-01-14 01:52:32"], "total_order": 1, "hotel_value": ["4.3"], "hotel_price": ["99"]}, "795560": {"hotel_name": "\u5fc3\u8fdc\u5c1a\u54c1\u9152\u5e97(\u53a6\u95e8\u96c6\u7f8e\u5b66\u6751\u5e97)", "order_time": ["2019-01-14 01:54:35"], "total_order": 1, "hotel_value": ["4.8"], "hotel_price": ["174"]}, "483838": {"hotel_name": "\u53a6\u95e8\u7a7a\u6e2f\u4f70\u7fd4\u82b1\u56ed\u9152\u5e97", "order_time": ["2019-01-14 01:54:36"], "total_order": 1, "hotel_value": ["4.5"], "hotel_price": ["292"]}, "5639861": {"hotel_name": "\u53a6\u95e8\u66fe\u539d\u57b5\u63fd\u6d77\u542c\u98ce\u56fd\u9645\u9752\u5e74\u65c5\u820d", "order_time": ["2019-01-14 01:56:35"], "total_order": 1, "hotel_value": ["4.7"], "hotel_price": ["38"]}, "2061115": {"hotel_name": "\u53a6\u95e8\u4e1c\u5c71\u5bbe\u9986", "order_time": ["2019-01-14 01:56:40"], "total_order": 1, "hotel_value": ["4.8"], "hotel_price": ["127"]}, "2785123": {"hotel_name": "\u53a6\u95e8\u53a6\u5927\u94ed\u73e0\u5ea6\u5047\u522b\u5885", "order_time": ["2019-01-14 01:57:00"], "total_order": 1, "hotel_value": ["4.9"], "hotel_price": ["123"]}, "686333": {"hotel_name": "\u53a6\u95e8\u6eaa\u5885", "order_time": ["2019-01-14 01:58:30"], "total_order": 1, "hotel_value": ["4.9"], "hotel_price": ["230"]}, "11370396": {"hotel_name": "\u53a6\u95e8\u805a\u946b\u8c6a\u534e\u516c\u5bd3", "order_time": ["2019-01-14 01:58:47"], "total_order": 1, "hotel_value": ["4.5"], "hotel_price": ["103"]}, "6609857": {"hotel_name": "\u53a6\u95e8\u8299\u84c9\u9601\u9152\u5e97", "order_time": ["2019-01-14 02:00:31"], "total_order": 1, "hotel_value": ["4.9"], "hotel_price": ["133"]}, "385412": {"hotel_name": "\u53a6\u95e8\u5317\u6d77\u6e7e\u60e0\u9f99\u4e07\u8fbe\u5609\u534e\u9152\u5e97", "order_time": ["2019-01-14 02:14:32", "2019-01-14 02:00:33"], "total_order": 2, "hotel_value": ["4.8", "4.8"], "hotel_price": ["742", "742"]}, "428660": {"hotel_name": "\u53a6\u95e8\u9890\u749f\u82b1\u56ed\u9152\u5e97(\u539f\u65b0\u52a0\u5761\u9152\u5e97)", "order_time": ["2019-01-14 02:06:29", "2019-01-14 02:00:37"], "total_order": 2, "hotel_value": ["4.6", "4.6"], "hotel_price": ["158", "158"]}, "443333": {"hotel_name": "\u9752\u5e74\u9633\u5149\u8fde\u9501\u9152\u5e97(\u53a6\u95e8\u65b9\u7279\u68a6\u5e7b\u540c\u5b89\u5e97)(\u539f\u540c\u5b89\u5e97)", "order_time": ["2019-01-14 02:00:46"], "total_order": 1, "hotel_value": ["4.5"], "hotel_price": ["116"]}, "2107711": {"hotel_name": "\u53a6\u95e8\u6211\u4f73\u5bbe\u9986", "order_time": ["2019-01-14 02:01:01"], "total_order": 1, "hotel_value": ["3.9"], "hotel_price": ["119"]}, "11686172": {"hotel_name": "\u53a6\u95e8\u84dd\u8d1d\u58f3\u5ba2\u6808", "order_time": ["2019-01-14 02:01:01"], "total_order": 1, "hotel_value": ["4.9"], "hotel_price": ["126"]}, "26622278": {"hotel_name": "\u4e2d\u5c71\u8def\u4f1f\u4f26\u522b\u5885", "order_time": ["2019-01-14 02:01:01"], "total_order": 1, "hotel_value": [0], "hotel_price": ["163"]}, "782249": {"hotel_name": "\u53a6\u95e8\u5929\u5929\u516c\u5bd3", "order_time": ["2019-01-14 02:01:01"], "total_order": 1, "hotel_value": ["4.2"], "hotel_price": ["86"]}, "6419253": {"hotel_name": "\u53a6\u95e8\u5317\u7ad9\u65c5\u9986", "order_time": ["2019-01-14 02:01:01"], "total_order": 1, "hotel_value": ["3.5"], "hotel_price": ["73"]}, "8568983": {"hotel_name": "\u53a6\u95e8\u5317\u7ad9\u6591\u9a6c\u7cbe\u54c1\u5ba2\u6808", "order_time": ["2019-01-14 02:01:01"], "total_order": 1, "hotel_value": ["4.7"], "hotel_price": ["127"]}, "8568970": {"hotel_name": "\u53a6\u95e8\u91d1\u798f\u516c\u5bd3", "order_time": ["2019-01-14 02:01:01"], "total_order": 1, "hotel_value": ["3.5"], "hotel_price": ["108"]}, "9361749": {"hotel_name": "\u53a6\u95e8\u9f13\u6d6a\u5c7f\u5362\u5361\u56fd\u9645\u9752\u5e74\u65c5\u820d", "order_time": ["2019-01-14 02:01:01"], "total_order": 1, "hotel_value": ["4.4"], "hotel_price": ["70"]}, "346248": {"hotel_name": "\u53a6\u95e8\u6cf0\u8c37\u9152\u5e97", "order_time": ["2019-01-14 02:01:07"], "total_order": 1, "hotel_value": ["4.7"], "hotel_price": ["398"]}, "3802030": {"hotel_name": "\u53a6\u95e8\u53ef\u5c45\u9152\u5e97", "order_time": ["2019-01-14 02:04:38", "2019-01-14 02:20:28"], "total_order": 2, "hotel_value": ["4.6", "4.6"], "hotel_price": ["171", "171"]}, "19588228": {"hotel_name": "\u53a6\u95e8\u6c81\u56ed\u516c\u5bd3", "order_time": ["2019-01-14 02:04:50"], "total_order": 1, "hotel_value": ["4.9"], "hotel_price": ["63"]}, "458319": {"hotel_name": "\u9752\u5e74\u9633\u5149\u9152\u5e97(\u53a6\u95e8\u706b\u8f66\u7ad9\u6587\u7076\u5e97)", "order_time": ["2019-01-14 02:08:27"], "total_order": 1, "hotel_value": ["4.5"], "hotel_price": ["134"]}, "1314936": {"hotel_name": "\u83ab\u6cf0268(\u53a6\u95e8\u706b\u8f66\u7ad9\u5e97)", "order_time": ["2019-01-14 02:28:33", "2019-01-14 02:08:31", "2019-01-14 02:18:28"], "total_order": 3, "hotel_value": ["4.3", "4.3", "4.3"], "hotel_price": ["151", "151", "151"]}, "2300428": {"hotel_name": "\u53a6\u95e8\u4e03\u661f\u8fde\u9501\u9152\u5e97", "order_time": ["2019-01-14 02:10:32"], "total_order": 1, "hotel_value": ["4.1"], "hotel_price": ["87"]}, "12624286": {"hotel_name": "\u9a7f\u8d77\u9152\u5e97\uff08\u53a6\u95e8\u5317\u7ad9\u5e97\uff09", "order_time": ["2019-01-14 02:10:34"], "total_order": 1, "hotel_value": ["4.6"], "hotel_price": ["159"]}, "397577": {"hotel_name": "\u53a6\u95e8\u5b9d\u9f99\u94c2\u5c14\u66fc\u5927\u9152\u5e97", "order_time": ["2019-01-14 02:12:36"], "total_order": 1, "hotel_value": ["4.7"], "hotel_price": ["676"]}, "3803569": {"hotel_name": "\u53a6\u95e8\u7121\u4e8c\u00b7\u9690\u820d\u8f7b\u5962\u6d77\u666f\u5ea6\u5047\u7f8e\u5885", "order_time": ["2019-01-14 02:12:42"], "total_order": 1, "hotel_value": ["4.9"], "hotel_price": ["308"]}, "1504688": {"hotel_name": "\u53a6\u95e8\u4e1c\u65b9\u540d\u6bbf\u9152\u5e97", "order_time": ["2019-01-14 02:13:11"], "total_order": 1, "hotel_value": ["4.0"], "hotel_price": ["314"]}, "2290014": {"hotel_name": "\u53a6\u95e8\u541b\u6021\u9152\u5e97", "order_time": ["2019-01-14 02:14:27"], "total_order": 1, "hotel_value": ["4.7"], "hotel_price": ["256"]}, "448703": {"hotel_name": "\u53a6\u95e8\u4e50\u96c5\u65e0\u57a0\u9152\u5e97", "order_time": ["2019-01-14 02:14:28"], "total_order": 1, "hotel_value": ["4.6"], "hotel_price": ["622"]}, "1730297": {"hotel_name": "\u53a6\u95e8\u9f13\u6d6a\u5c7f\u7434\u6d77\u5e84\u56ed\u6d77\u666f\u9152\u5e97", "order_time": ["2019-01-14 02:14:30"], "total_order": 1, "hotel_value": ["4.6"], "hotel_price": ["418"]}, "441279": {"hotel_name": "\u5982\u5bb6\u5feb\u6377\u9152\u5e97\u83b2\u5742\u5730\u94c1\u7ad9\u5e97\uff08\u539f\u53a6\u95e8\u83b2\u5742\u56fd\u8d38\u65b0\u666f\u5e97\uff09", "order_time": ["2019-01-14 02:14:33"], "total_order": 1, "hotel_value": ["4.4"], "hotel_price": ["134"]}, "1788826": {"hotel_name": "\u53a6\u95e8\u9f13\u6d6a\u5c7f\u9ec4\u516c\u9986", "order_time": ["2019-01-14 02:14:36"], "total_order": 1, "hotel_value": ["4.5"], "hotel_price": ["145"]}, "2593672": {"hotel_name": "\u592a\u7a7a\u8231\u9152\u5e97\uff08\u53a6\u95e8\u4e2d\u5c71\u8def\u8f6e\u6e21\u5e97\uff09", "order_time": ["2019-01-14 02:14:36"], "total_order": 1, "hotel_value": ["4.3"], "hotel_price": ["51"]}, "5701956": {"hotel_name": "\u53a6\u95e8\u9038\u8f69\u516c\u5bd3", "order_time": ["2019-01-14 02:14:47"], "total_order": 1, "hotel_value": ["4.3"], "hotel_price": ["113"]}, "436729": {"hotel_name": "\u4e2d\u5fb7\u8bb0\u5ea6\u5047\u522b\u5885(\u53a6\u95e8\u9f13\u6d6a\u5c7f\u9ec4\u5bb6\u82b1\u56ed\u5e97)", "order_time": ["2019-01-14 02:14:57"], "total_order": 1, "hotel_value": ["4.6"], "hotel_price": ["649"]}, "2769695": {"hotel_name": "\u4e03\u96f6\u516b\u96f6\u65f6\u5c1a\u4e3b\u9898\u9152\u5e97(\u53a6\u95e8\u4e07\u8fbe\u5e97)", "order_time": ["2019-01-14 02:16:37"], "total_order": 1, "hotel_value": ["4.5"], "hotel_price": ["178"]}, "2624108": {"hotel_name": "\u53a6\u95e8\u5e0c\u5c14\u987f\u9038\u6797\u9152\u5e97", "order_time": ["2019-01-14 02:22:34", "2019-01-14 02:18:28"], "total_order": 2, "hotel_value": ["4.7", "4.7"], "hotel_price": ["630", "630"]}, "428302": {"hotel_name": "\u53a6\u95e8\u706b\u8f66\u7ad9\u4e9a\u6735\u8f7b\u5c45\u9152\u5e97", "order_time": ["2019-01-14 02:20:32"], "total_order": 1, "hotel_value": ["4.8"], "hotel_price": ["385"]}, "483805": {"hotel_name": "\u53a6\u95e8\u6ee8\u5317\u9890\u8c6a\u9152\u5e97", "order_time": ["2019-01-14 02:20:36"], "total_order": 1, "hotel_value": ["4.8"], "hotel_price": ["458"]}, "1860936": {"hotel_name": "\u53a6\u95e8\u4e1c\u65b9\u6d77\u8c5a\u5546\u52a1\u9152\u5e97", "order_time": ["2019-01-14 02:22:44"], "total_order": 1, "hotel_value": ["3.7"], "hotel_price": ["121"]}, "3716537": {"hotel_name": "\u9752\u6728\u7cbe\u54c1\u516c\u5bd3(\u53a6\u95e8\u4e94\u7f18\u6e7e\u5e97)", "order_time": ["2019-01-14 02:24:39"], "total_order": 1, "hotel_value": ["4.7"], "hotel_price": ["202"]}, "5247286": {"hotel_name": "\u53a6\u95e8\u5fc3\u6e56\u5c1a\u5ba2\u5802\u6c11\u5bbf(\u539f\u53a6\u5927\u5c1a\u5ba2\u5802\u5ba2\u6808)", "order_time": ["2019-01-14 02:26:30", "2019-01-14 02:30:28", "2019-01-14 02:38:30", "2019-01-14 02:36:39"], "total_order": 4, "hotel_value": ["4.7", "4.7", "4.7", "4.7"], "hotel_price": ["218", "218", "218", "218"]}, "27833083": {"hotel_name": "\u53a6\u95e8\u968f\u5fc3\u9601\u516c\u5bd3", "order_time": ["2019-01-14 02:38:34", "2019-01-14 02:26:36"], "total_order": 2, "hotel_value": ["4.8", "4.8"], "hotel_price": ["140", "140"]}, "346267": {"hotel_name": "\u53a6\u95e8\u5e1d\u5143\u7ef4\u591a\u5229\u4e9a\u5927\u9152\u5e97", "order_time": ["2019-01-14 02:28:29"], "total_order": 1, "hotel_value": ["4.5"], "hotel_price": ["548"]}, "1405953": {"hotel_name": "\u53a6\u95e8\u7231\u4e01\u5821\u56fd\u9645\u9152\u5e97(\u539f\u4f1a\u5c55\u4e2d\u5fc3\u7231\u4e01\u5821\u56fd\u9645\u9152\u5e97)", "order_time": ["2019-01-14 02:28:37"], "total_order": 1, "hotel_value": ["4.4"], "hotel_price": ["199"]}, "4819306": {"hotel_name": "\u53a6\u95e8\u6613\u4f70\u8fde\u9501\u65c5\u5e97(\u706b\u8f66\u5317\u7ad9\u5e97)", "order_time": ["2019-01-14 02:28:48"], "total_order": 1, "hotel_value": ["3.9"], "hotel_price": ["90"]}, "10480601": {"hotel_name": "\u51af\u5927\u4edf-\u5c0f\u80a5\u732b\u7cbe\u54c1\u5e97", "order_time": ["2019-01-14 02:30:28", "2019-01-14 02:34:41"], "total_order": 2, "hotel_value": ["5.0", "5.0"], "hotel_price": ["128", "128"]}, "2303547": {"hotel_name": "\u53a6\u95e8\u5bcc\u4e3d\u767b\u6d77\u666f\u5ea6\u5047\u9152\u5e97", "order_time": ["2019-01-14 02:30:31"], "total_order": 1, "hotel_value": ["4.4"], "hotel_price": ["274"]}, "6355587": {"hotel_name": "\u590f\u5546\u6021\u7fd4\u5047\u65e5\u9152\u5e97(\u53a6\u95e8\u706b\u8f66\u7ad9\u5e97)", "order_time": ["2019-01-14 02:44:31", "2019-01-14 02:30:33"], "total_order": 2, "hotel_value": ["4.8", "4.8"], "hotel_price": ["198", "198"]}, "19019972": {"hotel_name": "\u53a6\u95e8\u5ea6\u7f8e\u00b7\u4e0e\u7af9\u77f3\u8bbe\u8ba1\u578b\u522b\u5885", "order_time": ["2019-01-14 02:30:35"], "total_order": 1, "hotel_value": ["4.9"], "hotel_price": ["278"]}, "483477": {"hotel_name": "\u7f57\u671b\u00b7\u53a6\u95e8\u9f13\u6d6a\u5c7f\u5317\u5c7f\u9152\u5e97", "order_time": ["2019-01-14 02:30:37"], "total_order": 1, "hotel_value": ["4.6"], "hotel_price": ["402"]}, "436721": {"hotel_name": "\u53a6\u95e8\u9f13\u6d6a\u5c7f\u4e03\u91cc\u9999\u820d\u65c5\u9986", "order_time": ["2019-01-14 02:32:32"], "total_order": 1, "hotel_value": ["4.4"], "hotel_price": ["370"]}, "419873": {"hotel_name": "\u53a6\u95e8\u5929\u9e45\u5927\u9152\u5e97", "order_time": ["2019-01-14 02:34:39"], "total_order": 1, "hotel_value": ["4.6"], "hotel_price": ["363"]}, "1405425": {"hotel_name": "\u53a6\u95e8\u5174\u6052\u5927\u9152\u5e97", "order_time": ["2019-01-14 02:34:42"], "total_order": 1, "hotel_value": ["4.5"], "hotel_price": ["273"]}, "848515": {"hotel_name": "\u53a6\u95e8\u9752\u82b1\u74f7\u5ea6\u5047\u5c4b(\u539f\u98ce\u60c5\u6d77\u6e7e\u5ba2\u6808)", "order_time": ["2019-01-14 02:36:32"], "total_order": 1, "hotel_value": ["4.8"], "hotel_price": ["99"]}, "1314948": {"hotel_name": "\u5168\u5b63\u9152\u5e97(\u53a6\u95e8\u4f1a\u5c55\u4e2d\u5fc3\u83b2\u524d\u4e1c\u8def\u5e97)(\u539f\u4e9a\u4e01\u6e7e\u4e3b\u9898\u9152\u5e97)", "order_time": ["2019-01-14 02:36:40"], "total_order": 1, "hotel_value": ["4.8"], "hotel_price": ["322"]}, "2871244": {"hotel_name": "\u53a6\u95e8\u9f13\u6d6a\u5c7f\u82b1\u95f4\u6811\u91cc\u5ead\u9662\u5ba2\u6808", "order_time": ["2019-01-14 02:36:58"], "total_order": 1, "hotel_value": ["4.7"], "hotel_price": ["114"]}, "6112181": {"hotel_name": "\u53a6\u95e8\u6c38\u4e3d\u8fbe\u4e3d\u5448\u9152\u5e97", "order_time": ["2019-01-14 02:39:05"], "total_order": 1, "hotel_value": ["4.8"], "hotel_price": ["398"]}, "3450733": {"hotel_name": "\u53a6\u95e8\u4e94\u7f18\u6e7e\u65f6\u5149\u516c\u5bd3", "order_time": ["2019-01-14 02:40:35"], "total_order": 1, "hotel_value": ["4.8"], "hotel_price": ["201"]}, "1857702": {"hotel_name": "\u53a6\u95e8\u5317\u7ad9\u534e\u6fe0\u56db\u5b63\u9152\u5e97", "order_time": ["2019-01-14 02:40:35"], "total_order": 1, "hotel_value": ["4.2"], "hotel_price": ["212"]}, "2300486": {"hotel_name": "7\u5929\u8fde\u9501\u9152\u5e97(\u53a6\u95e8\u53a6\u9f13\u6e38\u8f6e\u7801\u5934\u5e97)", "order_time": ["2019-01-14 02:40:37"], "total_order": 1, "hotel_value": ["4.2"], "hotel_price": ["106"]}, "1617016": {"hotel_name": "\u53a6\u95e8\u67da\u5b50\u90a6\u9152\u5e97\u516c\u5bd3", "order_time": ["2019-01-14 02:40:40"], "total_order": 1, "hotel_value": ["4.4"], "hotel_price": ["164"]}, "2298885": {"hotel_name": "\u53a6\u95e8\u9f13\u6d6a\u5c7f\u6d77\u534e\u5ea6\u5047\u5c4b", "order_time": ["2019-01-14 02:42:39"], "total_order": 1, "hotel_value": ["5.0"], "hotel_price": ["187"]}, "800380": {"hotel_name": "\u53a6\u95e8\u7f18\u6765\u5c45\u5bb6\u5ead\u65c5\u9986", "order_time": ["2019-01-14 02:42:48"], "total_order": 1, "hotel_value": ["4.6"], "hotel_price": ["153"]}, "23885738": {"hotel_name": "\u53a6\u95e8\u5929\u6daf\u6bd4\u90bb\u5ba2\u6808", "order_time": ["2019-01-14 02:42:48"], "total_order": 1, "hotel_value": ["4.9"], "hotel_price": ["81"]}, "4437761": {"hotel_name": "\u53a6\u95e8\u6781\u7b80\u5496\u5561\u65c5\u9986(\u539f151\u5ea6\u7070\u4e3b\u9898\u5ba2\u6808)", "order_time": ["2019-01-14 02:42:48"], "total_order": 1, "hotel_value": [0], "hotel_price": ["208"]}, "14153275": {"hotel_name": "\u53a6\u95e8\u7d20\u5c45\u670d\u52a1\u5f0f\u516c\u5bd3(\u73b0\u4ee3\u57ce\u5e97)", "order_time": ["2019-01-14 02:42:48"], "total_order": 1, "hotel_value": ["4.4"], "hotel_price": ["326"]}, "8568985": {"hotel_name": "\u53a6\u95e8\u653f\u548c\u516c\u5bd3", "order_time": ["2019-01-14 02:42:48"], "total_order": 1, "hotel_value": ["4.5"], "hotel_price": ["63"]}, "22942501": {"hotel_name": "\u53a6\u95e8\u73f5\u7f8e\u6d77\u5cb8\u9152\u5e97", "order_time": ["2019-01-14 02:44:28"], "total_order": 1, "hotel_value": ["4.7"], "hotel_price": ["448"]}, "375295": {"hotel_name": "\u53a6\u95e8\u7fd4\u9e6d\u56fd\u9645\u5927\u9152\u5e97", "order_time": ["2019-01-14 02:44:31"], "total_order": 1, "hotel_value": ["4.4"], "hotel_price": ["318"]}, "8587969": {"hotel_name": "\u53a6\u95e8\u5510\u4e50\u5c0f\u7b51(\u539f\u6021\u54c1\u5546\u65c5\u5bbe\u9986)", "order_time": ["2019-01-14 02:44:38"], "total_order": 1, "hotel_value": ["4.7"], "hotel_price": ["99"]}}}