{"\u5f00\u59cb\u8bb0\u5f55\u65f6\u95f4": "2019-01-18 08:43:33", "\u7ed3\u675f\u8bb0\u5f55\u65f6\u95f4": "2019-01-18 09:43:33", "\u8ba2\u5355\u603b\u589e\u91cf": 246, "item": {"448912": {"hotel_name": "\u5982\u5bb6\u5feb\u6377\u9152\u5e97(\u53a6\u95e8\u706b\u8f66\u7ad9\u6e56\u6ee8\u4e1c\u8def\u9e3f\u8fd0\u5927\u53a6\u5e97)", "order_time": ["2019-01-18 08:57:57", "2019-01-18 08:45:57"], "total_order": 2, "hotel_value": ["4.3", "4.3"], "hotel_price": ["146", "146"]}, "1803138": {"hotel_name": "\u53a6\u95e8\u661f\u9645\u592a\u7a7a\u8231\u9752\u65c5", "order_time": ["2019-01-18 08:45:57"], "total_order": 1, "hotel_value": ["4.9"], "hotel_price": ["54"]}, "419463": {"hotel_name": "\u53a6\u95e8\u534e\u4fa8\u5927\u53a6", "order_time": ["2019-01-18 09:19:54", "2019-01-18 08:45:58", "2019-01-18 08:56:05"], "total_order": 3, "hotel_value": ["4.7", "4.7", "4.7"], "hotel_price": ["298", "298", "298"]}, "392553": {"hotel_name": "\u6210\u65c5\u6676\u8d5e\u9152\u5e97(\u53a6\u95e8\u67ab\u60a6\u5e97)(\u539f\u67ab\u60a6\u5927\u9152\u5e97)", "order_time": ["2019-01-18 08:45:58"], "total_order": 1, "hotel_value": ["4.7"], "hotel_price": ["303"]}, "19678980": {"hotel_name": "\u53a6\u95e8\u74e6\u6e90\u7d20\u7cbe\u54c1\u5ba2\u6808", "order_time": ["2019-01-18 08:45:59"], "total_order": 1, "hotel_value": ["4.9"], "hotel_price": ["134"]}, "483838": {"hotel_name": "\u53a6\u95e8\u7a7a\u6e2f\u4f70\u7fd4\u82b1\u56ed\u9152\u5e97", "order_time": ["2019-01-18 08:46:00", "2019-01-18 08:54:01"], "total_order": 2, "hotel_value": ["4.5", "4.5"], "hotel_price": ["292", "292"]}, "346269": {"hotel_name": "\u53a6\u95e8\u6e90\u660c\u51ef\u5bbe\u65af\u57fa\u5927\u9152\u5e97", "order_time": ["2019-01-18 09:24:00", "2019-01-18 08:46:00", "2019-01-18 08:57:56"], "total_order": 3, "hotel_value": ["4.7", "4.7", "4.7"], "hotel_price": ["898", "898", "898"]}, "6681665": {"hotel_name": "\u53a6\u95e8\u7231\u683c\u5170\u5ea6\u5047\u5e84\u56ed", "order_time": ["2019-01-18 08:46:01"], "total_order": 1, "hotel_value": ["4.8"], "hotel_price": ["208"]}, "1405990": {"hotel_name": "\u901f8\u9152\u5e97(\u53a6\u95e8\u706b\u8f66\u7ad9\u5e97)", "order_time": ["2019-01-18 08:46:07"], "total_order": 1, "hotel_value": ["4.3"], "hotel_price": ["142"]}, "15899701": {"hotel_name": "\u6854\u5b50\u9152\u5e97\u7cbe\u9009(\u53a6\u95e8\u673a\u573a\u6210\u529f\u5927\u9053\u5e97)", "order_time": ["2019-01-18 09:17:52", "2019-01-18 08:47:52"], "total_order": 2, "hotel_value": ["4.8", "4.8"], "hotel_price": ["322", "313"]}, "436632": {"hotel_name": "\u53a6\u95e8\u4e07\u4f73\u4e1c\u65b9\u9152\u5e97", "order_time": ["2019-01-18 08:47:54"], "total_order": 1, "hotel_value": ["4.4"], "hotel_price": ["182"]}, "425692": {"hotel_name": "\u53a6\u95e8\u6d77\u60a6\u5c71\u5e84\u9152\u5e97", "order_time": ["2019-01-18 09:09:53", "2019-01-18 09:03:49", "2019-01-18 08:47:57", "2019-01-18 09:21:58"], "total_order": 4, "hotel_value": ["4.8", "4.8", "4.8", "4.8"], "hotel_price": ["896", "896", "896", "896"]}, "3293024": {"hotel_name": "\u53a6\u95e8\u8239\u5c4b\u8001\u522b\u5885\u5bb6\u5ead\u65c5\u9986", "order_time": ["2019-01-18 08:54:12", "2019-01-18 08:48:01"], "total_order": 2, "hotel_value": ["4.7", "4.7"], "hotel_price": ["170", "170"]}, "4337027": {"hotel_name": "\u9f13\u6d6a\u5c7f\u6e7e\u666f\u65c5\u9986", "order_time": ["2019-01-18 08:48:06"], "total_order": 1, "hotel_value": ["4.5"], "hotel_price": ["193"]}, "1086014": {"hotel_name": "\u53a6\u95e8\u6995\u6811\u4e0b\u5496\u5561\u65c5\u9986", "order_time": ["2019-01-18 08:48:22"], "total_order": 1, "hotel_value": ["4.5"], "hotel_price": ["138"]}, "1486948": {"hotel_name": "\u6c49\u5ead\u9152\u5e97(\u53a6\u95e8\u4e2d\u5c71\u8def\u8f6e\u6e21\u5e97)", "order_time": ["2019-01-18 08:49:53", "2019-01-18 09:13:50"], "total_order": 2, "hotel_value": ["4.4", "4.4"], "hotel_price": ["189", "189"]}, "2363786": {"hotel_name": "\u4e00\u683c\u00b7\u5de2\u5bbf(\u53a6\u95e8\u66fe\u539d\u57b5\u5e97)", "order_time": ["2019-01-18 08:49:54"], "total_order": 1, "hotel_value": ["4.9"], "hotel_price": ["246"]}, "431557": {"hotel_name": "\u901f8\u9152\u5e97(\u53a6\u95e8\u4e2d\u5c71\u8def\u8f6e\u6e21\u5e97)", "order_time": ["2019-01-18 08:51:48", "2019-01-18 08:56:15"], "total_order": 2, "hotel_value": ["4.4", "4.4"], "hotel_price": ["187", "187"]}, "6112181": {"hotel_name": "\u53a6\u95e8\u6c38\u4e3d\u8fbe\u4e3d\u5448\u9152\u5e97", "order_time": ["2019-01-18 08:51:49", "2019-01-18 09:37:59"], "total_order": 2, "hotel_value": ["4.8", "4.8"], "hotel_price": ["549", "549"]}, "437446": {"hotel_name": "\u53a6\u95e8\u4f70\u7fd4\u8f6f\u4ef6\u56ed\u9152\u5e97", "order_time": ["2019-01-18 08:51:49"], "total_order": 1, "hotel_value": ["4.7"], "hotel_price": ["400"]}, "436704": {"hotel_name": "\u53a6\u95e8\u6162\u751f\u6d3b\u00b7\u96c5\u539d\u522b\u9662", "order_time": ["2019-01-18 08:51:49"], "total_order": 1, "hotel_value": ["4.9"], "hotel_price": ["359"]}, "6485412": {"hotel_name": "\u53a6\u95e8\u4e94\u7f18\u6e7e\u51ef\u60a6\u9152\u5e97", "order_time": ["2019-01-18 09:01:52", "2019-01-18 08:51:49"], "total_order": 2, "hotel_value": ["4.7", "4.7"], "hotel_price": ["829", "829"]}, "1860967": {"hotel_name": "\u5fc3\u8fdc\u9152\u5e97(\u53a6\u95e8\u96c6\u7f8e\u5927\u5b66\u5e97)", "order_time": ["2019-01-18 08:51:50"], "total_order": 1, "hotel_value": ["4.5"], "hotel_price": ["121"]}, "385412": {"hotel_name": "\u53a6\u95e8\u5317\u6d77\u6e7e\u60e0\u9f99\u4e07\u8fbe\u5609\u534e\u9152\u5e97", "order_time": ["2019-01-18 08:51:59"], "total_order": 1, "hotel_value": ["4.8"], "hotel_price": ["750"]}, "1599621": {"hotel_name": "\u53a6\u95e8\u9759\u77f3\u5ba2\u6808(\u539f\u82b1\u77f3\u5885\u5ba2\u6808)", "order_time": ["2019-01-18 08:52:01"], "total_order": 1, "hotel_value": ["4.4"], "hotel_price": ["163"]}, "1734590": {"hotel_name": "\u53a6\u95e8\u6cca\u7231\u6e2f\u6e7e\u6d77\u8fb9\u5ba2\u6808", "order_time": ["2019-01-18 08:52:05"], "total_order": 1, "hotel_value": ["4.8"], "hotel_price": ["144"]}, "1540062": {"hotel_name": "\u4e45\u6816\u00b7\u9f13\u6d6a\u5c7f\u6d77\u5cb8\u82b1\u65c5\u9986", "order_time": ["2019-01-18 08:53:50", "2019-01-18 09:06:00"], "total_order": 2, "hotel_value": ["4.9", "4.9"], "hotel_price": ["162", "162"]}, "1070340": {"hotel_name": "\u53a6\u95e8\u6162\u751f\u6d3b\u00b7\u897f\u96c5\u56fe\u6d77\u8fb9\u5ea6\u5047\u65c5\u9986", "order_time": ["2019-01-18 08:53:50"], "total_order": 1, "hotel_value": ["4.9"], "hotel_price": ["266"]}, "429460": {"hotel_name": "\u57ce\u9645\u5546\u52a1\u9152\u5e97(\u53a6\u95e8\u777f\u5f18\u57ce\u9645\u4e2d\u5c71\u8def\u5e97)", "order_time": ["2019-01-18 08:53:53", "2019-01-18 09:00:11"], "total_order": 2, "hotel_value": ["4.1", "4.1"], "hotel_price": ["138", "138"]}, "1406009": {"hotel_name": "\u53a6\u95e8\u9646\u5c9b\u9152\u5e97(\u4f1a\u5c55\u5e97)", "order_time": ["2019-01-18 08:53:53", "2019-01-18 09:19:56"], "total_order": 2, "hotel_value": ["4.4", "4.4"], "hotel_price": ["231", "231"]}, "431965": {"hotel_name": "\u53a6\u95e8\u7f8e\u4ed1\u7693\u6656\u9152\u5e97", "order_time": ["2019-01-18 08:53:55", "2019-01-18 09:04:38", "2019-01-18 09:04:05"], "total_order": 3, "hotel_value": ["4.7", "4.7", "4.7"], "hotel_price": ["248", "248", "248"]}, "481144": {"hotel_name": "\u53a6\u95e8\u6069\u7c89\u9152\u5e97(\u539f\u4e30\u6021\u9152\u5e97)", "order_time": ["2019-01-18 08:53:56"], "total_order": 1, "hotel_value": ["4.3"], "hotel_price": ["108"]}, "6023163": {"hotel_name": "\u53a6\u95e8\u5c1a\u5fb7\u8363\u9152\u5e97", "order_time": ["2019-01-18 08:54:11"], "total_order": 1, "hotel_value": ["4.4"], "hotel_price": ["146"]}, "436735": {"hotel_name": "\u753b\u5eca\u65c5\u9986(\u9f13\u6d6a\u5c7f\u83ab\u5948\u82b1\u56ed\u5e97)(\u539f\u6bd3\u56ed\u9986)", "order_time": ["2019-01-18 08:54:33"], "total_order": 1, "hotel_value": ["4.9"], "hotel_price": ["458"]}, "27833083": {"hotel_name": "\u53a6\u95e8\u968f\u5fc3\u9601\u516c\u5bd3", "order_time": ["2019-01-18 09:13:54", "2019-01-18 08:55:50"], "total_order": 2, "hotel_value": ["4.8", "4.8"], "hotel_price": ["140", "140"]}, "750174": {"hotel_name": "\u683c\u6797\u8c6a\u6cf0(\u53a6\u95e8\u5927\u5b66\u5e97)", "order_time": ["2019-01-18 08:55:50"], "total_order": 1, "hotel_value": ["4.2"], "hotel_price": ["155"]}, "6118404": {"hotel_name": "\u98de\u5bbf\u8fde\u9501\u53a6\u95e8\u9f13\u6d6a\u5c7f\u767d\u9732\u5e84\u56ed", "order_time": ["2019-01-18 08:55:50"], "total_order": 1, "hotel_value": ["4.8"], "hotel_price": ["372"]}, "795560": {"hotel_name": "\u5fc3\u8fdc\u5c1a\u54c1\u9152\u5e97(\u53a6\u95e8\u96c6\u7f8e\u5b66\u6751\u5e97)", "order_time": ["2019-01-18 08:55:53"], "total_order": 1, "hotel_value": ["4.8"], "hotel_price": ["165"]}, "435472": {"hotel_name": "\u53a6\u95e8\u674f\u6797\u6e7e\u5927\u9152\u5e97", "order_time": ["2019-01-18 08:55:54"], "total_order": 1, "hotel_value": ["4.6"], "hotel_price": ["358"]}, "1071560": {"hotel_name": "\u53a6\u95e8\u5927\u4e91\u623f\u8f66", "order_time": ["2019-01-18 08:55:55", "2019-01-18 09:08:00"], "total_order": 2, "hotel_value": ["4.2", "4.2"], "hotel_price": ["263", "263"]}, "23625312": {"hotel_name": "\u53a6\u95e8\u4e91\u820d\u96c5\u5c45\u516c\u5bd3", "order_time": ["2019-01-18 08:55:57"], "total_order": 1, "hotel_value": ["4.7"], "hotel_price": ["119"]}, "11288824": {"hotel_name": "\u53a6\u95e8\u66fe\u539d\u57b5\u96e8\u6c90\u7af9\u5ba2\u6808", "order_time": ["2019-01-18 08:55:58"], "total_order": 1, "hotel_value": ["4.9"], "hotel_price": ["240"]}, "439323": {"hotel_name": "\u9f13\u6d6a\u5c7f\u7231\u4e0a\u82b1\u56ed\u65c5\u9986", "order_time": ["2019-01-18 08:55:58", "2019-01-18 09:15:53"], "total_order": 2, "hotel_value": ["4.7", "4.7"], "hotel_price": ["213", "213"]}, "11159573": {"hotel_name": "\u53a6\u95e8\u98de\u5bbf\u8fde\u9501\u4e3d\u820d\u00b7\u6735\u62c9\u5e84\u56ed", "order_time": ["2019-01-18 08:55:59"], "total_order": 1, "hotel_value": ["4.9"], "hotel_price": ["236"]}, "2280697": {"hotel_name": "\u53a6\u95e8\u77f3\u5bbf\u6d77\u666f\u6c11\u5bbf", "order_time": ["2019-01-18 08:55:59"], "total_order": 1, "hotel_value": ["4.7"], "hotel_price": ["233"]}, "926850": {"hotel_name": "\u53a6\u95e8\u96c5\u5bbf\u5feb\u6377\u9152\u5e97(\u4e1c\u6e21\u90ae\u8f6e\u4e2d\u5fc3\u53a6\u9f13\u7801\u5934\u5e97)", "order_time": ["2019-01-18 08:56:01"], "total_order": 1, "hotel_value": ["4.3"], "hotel_price": ["123"]}, "4960975": {"hotel_name": "\u548c\u9890\u9152\u5e97(\u53a6\u95e8\u4e2d\u5c71\u8def\u6b65\u884c\u8857\u5e97)", "order_time": ["2019-01-18 09:09:59", "2019-01-18 08:56:05"], "total_order": 2, "hotel_value": ["4.7", "4.7"], "hotel_price": ["274", "274"]}, "1583166": {"hotel_name": "\u5982\u5bb6\u5feb\u6377\u9152\u5e97(\u53a6\u95e8\u4e2d\u5c71\u8def\u6b65\u884c\u8857\u5e97)", "order_time": ["2019-01-18 08:56:11", "2019-01-18 09:05:58"], "total_order": 2, "hotel_value": ["4.5", "4.5"], "hotel_price": ["186", "186"]}, "1207050": {"hotel_name": "\u5982\u5bb6\u5feb\u6377\u9152\u5e97(\u53a6\u95e8\u4f1a\u5c55\u4e2d\u5fc3\u83b2\u524d\u897f\u8def\u5e97)", "order_time": ["2019-01-18 08:56:11"], "total_order": 1, "hotel_value": ["4.7"], "hotel_price": ["132"]}, "1417342": {"hotel_name": "\u53a6\u95e8\u7231\u7b51\u65f6\u5c1a\u7cbe\u54c1\u60c5\u4fa3\u4e3b\u9898\u9152\u5e97", "order_time": ["2019-01-18 08:57:51"], "total_order": 1, "hotel_value": ["4.5"], "hotel_price": ["203"]}, "701742": {"hotel_name": "\u901f8\u9152\u5e97(\u53a6\u95e8\u4e2d\u5c71\u8def\u53a6\u95e8\u5927\u5b66\u5e97)", "order_time": ["2019-01-18 08:57:53"], "total_order": 1, "hotel_value": ["4.6"], "hotel_price": ["190"]}, "436708": {"hotel_name": "\u53a6\u95e8\u91d1\u540e\u9152\u5e97", "order_time": ["2019-01-18 08:57:55"], "total_order": 1, "hotel_value": ["4.6"], "hotel_price": ["246"]}, "11893099": {"hotel_name": "\u53a6\u95e8\u4e00\u5b85\u8bbe\u8ba1\u5e08\u6c11\u5bbf", "order_time": ["2019-01-18 08:57:58"], "total_order": 1, "hotel_value": ["4.2"], "hotel_price": ["252"]}, "12183206": {"hotel_name": "\u53a6\u95e8\u4e03\u661f\u8fde\u9501\u9152\u5e97\u678b\u6e56\u5ba2\u8fd0\u4e2d\u5fc3\u91d1\u5c71\u5e97", "order_time": ["2019-01-18 08:57:59"], "total_order": 1, "hotel_value": ["4.5"], "hotel_price": ["146"]}, "431584": {"hotel_name": "\u53a6\u95e8\u7261\u4e39\u4e07\u9e4f\u5bbe\u9986", "order_time": ["2019-01-18 08:58:01"], "total_order": 1, "hotel_value": ["4.7"], "hotel_price": ["398"]}, "790389": {"hotel_name": "\u53a6\u95e8\u65f6\u4ee3\u96c5\u5c45\u9152\u5e97", "order_time": ["2019-01-18 08:58:05"], "total_order": 1, "hotel_value": ["4.6"], "hotel_price": ["232"]}, "2611002": {"hotel_name": "\u53a6\u95e8\u9999\u4e91\u96c6\u5ba2\u6808", "order_time": ["2019-01-18 08:58:09"], "total_order": 1, "hotel_value": ["3.7"], "hotel_price": ["208"]}, "7808924": {"hotel_name": "\u53a6\u95e8\u5317\u7ad9\u5357\u57ce\u5c0f\u82d1", "order_time": ["2019-01-18 08:58:12"], "total_order": 1, "hotel_value": ["4.8"], "hotel_price": ["87"]}, "1338634": {"hotel_name": "\u53a6\u95e8\u6c40\u5dde\u62db\u5f85\u6240", "order_time": ["2019-01-18 08:58:13"], "total_order": 1, "hotel_value": ["3.4"], "hotel_price": ["98"]}, "467592": {"hotel_name": "\u53a6\u95e8\u7f8e\u4ed1\u91d1\u60a6\u9152\u5e97", "order_time": ["2019-01-18 08:59:50"], "total_order": 1, "hotel_value": ["4.7"], "hotel_price": ["178"]}, "6510448": {"hotel_name": "\u53a6\u95e8\u4e09\u4e2a\u53a6\u5927\u4eba\u4e03\u5f26\u5c45\u6c11\u5bbf", "order_time": ["2019-01-18 08:59:54"], "total_order": 1, "hotel_value": ["4.9"], "hotel_price": ["250"]}, "929673": {"hotel_name": "\u5168\u5b63\u9152\u5e97(\u53a6\u95e8\u660e\u53d1\u5e7f\u573a\u5e97)", "order_time": ["2019-01-18 08:59:57"], "total_order": 1, "hotel_value": ["4.6"], "hotel_price": ["379"]}, "1583129": {"hotel_name": "\u5982\u5bb6\u5feb\u6377\u9152\u5e97\uff08\u53a6\u95e8\u4e00\u4e2d\u5c06\u519b\u7960\u5730\u94c1\u7ad9\u5e97\uff09", "order_time": ["2019-01-18 08:59:58"], "total_order": 1, "hotel_value": ["4.5"], "hotel_price": ["132"]}, "429652": {"hotel_name": "\u590f\u5546\u00b7\u6021\u5ead\u5feb\u6377\u9152\u5e97(\u53a6\u95e8\u4e2d\u5c71\u8def\u767d\u5170\u5e97)", "order_time": ["2019-01-18 08:59:59"], "total_order": 1, "hotel_value": ["4.4"], "hotel_price": ["134"]}, "6736731": {"hotel_name": "\u5e0c\u5cb8\u9152\u5e97(\u53a6\u95e8\u706b\u8f66\u7ad9\u5e97)(\u539f\u5357\u65b9\u996d\u5e97)", "order_time": ["2019-01-18 09:00:01"], "total_order": 1, "hotel_value": ["4.9"], "hotel_price": ["280"]}, "2624108": {"hotel_name": "\u53a6\u95e8\u5e0c\u5c14\u987f\u9038\u6797\u9152\u5e97", "order_time": ["2019-01-18 09:00:02"], "total_order": 1, "hotel_value": ["4.7"], "hotel_price": ["630"]}, "19853957": {"hotel_name": "\u9038\u6cca\u5b87\u516c\u5bd3(\u53a6\u95e8\u673a\u573a\u5e97)", "order_time": ["2019-01-18 09:00:04"], "total_order": 1, "hotel_value": ["4.7"], "hotel_price": ["130"]}, "10201435": {"hotel_name": "\u53a6\u95e8\u4f70\u7fd4\u4e94\u901a\u9152\u5e97", "order_time": ["2019-01-18 09:10:03", "2019-01-18 09:01:50"], "total_order": 2, "hotel_value": ["4.7", "4.7"], "hotel_price": ["699", "699"]}, "434956": {"hotel_name": "\u53a6\u95e8\u767d\u9e6d\u5bbe\u9986", "order_time": ["2019-01-18 09:01:51"], "total_order": 1, "hotel_value": ["4.5"], "hotel_price": ["186"]}, "428893": {"hotel_name": "\u53a6\u95e8\u5bbe\u9986", "order_time": ["2019-01-18 09:01:52"], "total_order": 1, "hotel_value": ["4.8"], "hotel_price": ["406"]}, "4971778": {"hotel_name": "\u53a6\u95e8\u6162\u751f\u6d3b\u00b7\u4e50\u753a\u5ba2\u6808", "order_time": ["2019-01-18 09:01:53"], "total_order": 1, "hotel_value": ["4.9"], "hotel_price": ["158"]}, "22766983": {"hotel_name": "\u9e97\u67ab\u9152\u5e97(\u53a6\u95e8\u4e2d\u5c71\u8def\u6b65\u884c\u8857\u5e97)", "order_time": ["2019-01-18 09:01:55", "2019-01-18 09:19:53", "2019-01-18 09:21:53"], "total_order": 3, "hotel_value": ["4.7", "4.7", "4.7"], "hotel_price": ["282", "282", "282"]}, "437588": {"hotel_name": "\u9f13\u6d6a\u5c7f\u65e5\u5149\u6d77\u5cb8\u522b\u5885\u9152\u5e97", "order_time": ["2019-01-18 09:01:59"], "total_order": 1, "hotel_value": ["4.8"], "hotel_price": ["179"]}, "1727502": {"hotel_name": "\u53a6\u95e8\u9f13\u6d6a\u5c7f\u9f13\u5c71\u6816\u65c5\u9986", "order_time": ["2019-01-18 09:02:00"], "total_order": 1, "hotel_value": ["4.8"], "hotel_price": ["420"]}, "8568978": {"hotel_name": "\u53a6\u95e8\u5317\u7ad9\u6708\u5149\u5ba2\u6808", "order_time": ["2019-01-18 09:02:06"], "total_order": 1, "hotel_value": ["4.6"], "hotel_price": ["108"]}, "6982153": {"hotel_name": "\u53a6\u95e8\u91d1\u90fd\u6d77\u666f\u516c\u5bd3\u5f0f\u9152\u5e97", "order_time": ["2019-01-18 09:02:16"], "total_order": 1, "hotel_value": [0], "hotel_price": ["256"]}, "1730041": {"hotel_name": "\u9f13\u6d6a\u5c7f\u6e29\u838e\u516c\u9986", "order_time": ["2019-01-18 09:02:24"], "total_order": 1, "hotel_value": [0], "hotel_price": ["347"]}, "2331007": {"hotel_name": "\u781a\u6d77\u9152\u5e97(\u53a6\u95e8\u4f1a\u5c55\u89c2\u97f3\u5c71\u5e97)", "order_time": ["2019-01-18 09:03:49"], "total_order": 1, "hotel_value": ["4.3"], "hotel_price": ["250"]}, "2040417": {"hotel_name": "7\u5929\u4f18\u54c1\u9152\u5e97(\u53a6\u95e8\u673a\u573a\u6bbf\u524d\u5730\u94c1\u7ad9\u5e97)", "order_time": ["2019-01-18 09:03:52"], "total_order": 1, "hotel_value": ["4.7"], "hotel_price": ["168"]}, "438496": {"hotel_name": "\u53a6\u95e8\u6e29\u6cc9\u6234\u65af\u9152\u5e97", "order_time": ["2019-01-18 09:18:05", "2019-01-18 09:03:52"], "total_order": 2, "hotel_value": ["4.4", "4.4"], "hotel_price": ["234", "234"]}, "419386": {"hotel_name": "\u53a6\u95e8\u91d1\u5a01\u5927\u9152\u5e97", "order_time": ["2019-01-18 09:03:55"], "total_order": 1, "hotel_value": ["4.6"], "hotel_price": ["348"]}, "25633183": {"hotel_name": "\u5fc3\u8fdc\u9152\u5e97(\u53a6\u95e8\u8f6e\u6e21\u4e2d\u5c71\u8def\u6b65\u884c\u8857\u5e97)", "order_time": ["2019-01-18 09:03:56"], "total_order": 1, "hotel_value": ["4.4"], "hotel_price": ["263"]}, "2152627": {"hotel_name": "\u7f8e\u8c6a\u9152\u5e97(\u53a6\u95e8\u5e97)", "order_time": ["2019-01-18 09:04:01"], "total_order": 1, "hotel_value": ["4.7"], "hotel_price": ["309"]}, "467630": {"hotel_name": "\u53a6\u95e8\u9f13\u6d6a\u5c7f\u4e00\u89c1\u82b1\u56ed\u8001\u522b\u5885", "order_time": ["2019-01-18 09:04:06"], "total_order": 1, "hotel_value": ["4.8"], "hotel_price": ["393"]}, "8363593": {"hotel_name": "\u82b1\u7f8e\u65f6\u7f8e\u666f\u9152\u5e97\uff08\u53a6\u95e8\u89c2\u97f3\u5c71\u5e97\uff09", "order_time": ["2019-01-18 09:04:07"], "total_order": 1, "hotel_value": ["4.7"], "hotel_price": ["256"]}, "21332906": {"hotel_name": "\u53a6\u95e8\u65af\u7ef4\u767b\u5ea6\u5047\u9152\u5e97(\u678b\u6e56\u8f66\u7ad9\u4f18\u671b\u5e97)", "order_time": ["2019-01-18 09:05:49"], "total_order": 1, "hotel_value": ["4.8"], "hotel_price": ["215"]}, "1876398": {"hotel_name": "\u53a6\u95e8\u9e6d\u5c9b\u00b7\u4e91\u6816\u6c11\u5bbf", "order_time": ["2019-01-18 09:05:50"], "total_order": 1, "hotel_value": ["5.0"], "hotel_price": ["254"]}, "346262": {"hotel_name": "\u53a6\u95e8\u5a01\u65af\u6c40\u9152\u5e97", "order_time": ["2019-01-18 09:05:52"], "total_order": 1, "hotel_value": ["4.5"], "hotel_price": ["828"]}, "1910473": {"hotel_name": "7\u5929\u8fde\u9501\u9152\u5e97(\u53a6\u95e8\u83b2\u82b1\u5e7f\u573a\u5415\u539d\u5730\u94c1\u7ad9\u5e97)", "order_time": ["2019-01-18 09:05:55"], "total_order": 1, "hotel_value": ["4.2"], "hotel_price": ["188"]}, "12622395": {"hotel_name": "\u53a6\u95e8\u71d5\u6816\u8bbe\u8ba1\u6c11\u5bbf", "order_time": ["2019-01-18 09:05:57"], "total_order": 1, "hotel_value": ["4.9"], "hotel_price": ["188"]}, "4041819": {"hotel_name": "\u5bb6\u5bb6\u4e50\u9152\u5e97\uff08\u53a6\u95e8\u4e2d\u5c71\u8def\u6b65\u884c\u8857\u5e97\uff09", "order_time": ["2019-01-18 09:05:58"], "total_order": 1, "hotel_value": ["4.4"], "hotel_price": ["168"]}, "932019": {"hotel_name": "\u5982\u5bb6\u5feb\u6377\u9152\u5e97(\u53a6\u95e8\u83b2\u5cb3\u8def\u677e\u67cf\u6587\u5316\u827a\u672f\u4e2d\u5fc3\u5e97)", "order_time": ["2019-01-18 09:05:58"], "total_order": 1, "hotel_value": ["4.3"], "hotel_price": ["111"]}, "2308728": {"hotel_name": "\u53a6\u95e8\u5357\u6e56\u9e6d\u98de\u56fd\u9645\u9752\u5e74\u65c5\u820d", "order_time": ["2019-01-18 09:06:01"], "total_order": 1, "hotel_value": ["4.2"], "hotel_price": ["55"]}, "2305392": {"hotel_name": "\u53a6\u95e8\u9f13\u6d6a\u5c7f\u9e6d\u98de\u56fd\u9645\u9752\u5e74\u65c5\u820d", "order_time": ["2019-01-18 09:06:02"], "total_order": 1, "hotel_value": ["4.4"], "hotel_price": ["74"]}, "4495790": {"hotel_name": "\u53a6\u95e8\u98de\u5bbf\u8fde\u9501\u9a91\u58eb\u8d35\u65cf\u5e84\u56ed", "order_time": ["2019-01-18 09:06:04"], "total_order": 1, "hotel_value": ["4.5"], "hotel_price": ["163"]}, "1914691": {"hotel_name": "\u53a6\u95e8\u7f57\u7ea6\u6d77\u6ee8\u6e29\u6cc9\u9152\u5e97", "order_time": ["2019-01-18 09:07:53"], "total_order": 1, "hotel_value": ["4.7"], "hotel_price": ["548"]}, "4814798": {"hotel_name": "\u53a6\u95e8\u9f13\u6d6a\u5c7f\u6162\u5c4b\u5ea6\u5047\u522b\u5885", "order_time": ["2019-01-18 09:07:54"], "total_order": 1, "hotel_value": ["4.8"], "hotel_price": ["329"]}, "1715589": {"hotel_name": "\u4f73\u6a59\u9152\u5e97(\u53a6\u95e8\u83b2\u82b1\u5e97)", "order_time": ["2019-01-18 09:08:19"], "total_order": 1, "hotel_value": ["4.4"], "hotel_price": ["144"]}, "1002498": {"hotel_name": "\u53a6\u95e8\u753b\u6d77\u7b80\u5c45\u5ba2\u6808", "order_time": ["2019-01-18 09:09:51", "2019-01-18 09:39:50", "2019-01-18 09:21:55"], "total_order": 3, "hotel_value": ["4.9", "4.9", "4.9"], "hotel_price": ["119", "119", "119"]}, "26420349": {"hotel_name": "\u53a6\u95e8\u9038\u5ba2\u5ea6\u5047\u522b\u5885", "order_time": ["2019-01-18 09:09:53"], "total_order": 1, "hotel_value": ["5.0"], "hotel_price": ["256"]}, "6483590": {"hotel_name": "\u53a6\u95e8\u5fbd\u5bbf", "order_time": ["2019-01-18 09:09:58", "2019-01-18 09:11:53"], "total_order": 2, "hotel_value": ["4.8", "4.8"], "hotel_price": ["213", "213"]}, "346248": {"hotel_name": "\u53a6\u95e8\u6cf0\u8c37\u9152\u5e97", "order_time": ["2019-01-18 09:10:02"], "total_order": 1, "hotel_value": ["4.7"], "hotel_price": ["398"]}, "11835156": {"hotel_name": "\u53a6\u95e8\u5706\u5706\u679c\u5ba2\u6808(\u539f\u6e29\u99a8\u5ba2\u6808)", "order_time": ["2019-01-18 09:10:27"], "total_order": 1, "hotel_value": [0], "hotel_price": ["128"]}, "878866": {"hotel_name": "\u53a6\u95e8\u94f6\u6d32\u65c5\u9986", "order_time": ["2019-01-18 09:11:53"], "total_order": 1, "hotel_value": ["4.5"], "hotel_price": ["144"]}, "346260": {"hotel_name": "\u53a6\u95e8\u745e\u9890\u5927\u9152\u5e97", "order_time": ["2019-01-18 09:41:56", "2019-01-18 09:11:55"], "total_order": 2, "hotel_value": ["4.7", "4.7"], "hotel_price": ["1049", "1049"]}, "2088412": {"hotel_name": "\u9526\u6c5f\u4e4b\u661f(\u53a6\u95e8\u4f1a\u5c55\u4e2d\u5fc3\u73af\u5c9b\u8def\u5e97)", "order_time": ["2019-01-18 09:11:56"], "total_order": 1, "hotel_value": ["4.4"], "hotel_price": ["239"]}, "2125318": {"hotel_name": "\u5de2\u53cb\u9152\u5e97(\u53a6\u95e8\u706b\u8f66\u7ad9\u5e97)", "order_time": ["2019-01-18 09:11:56"], "total_order": 1, "hotel_value": ["4.7"], "hotel_price": ["113"]}, "451156": {"hotel_name": "\u9f13\u6d6a\u5c7f\u53a6\u6808\u56db\u5b63\u661f\u7a7a\u9152\u5e97", "order_time": ["2019-01-18 09:11:59"], "total_order": 1, "hotel_value": ["4.0"], "hotel_price": ["141"]}, "436711": {"hotel_name": "\u53a6\u95e8\u9f13\u6d6a\u5c7f\u6caa\u5c7f\u65c5\u9986", "order_time": ["2019-01-18 09:25:58", "2019-01-18 09:12:00"], "total_order": 2, "hotel_value": ["5.0", "5.0"], "hotel_price": ["241", "241"]}, "753113": {"hotel_name": "\u53a6\u95e8520\u9a7f\u6808", "order_time": ["2019-01-18 09:12:12", "2019-01-18 09:16:07"], "total_order": 2, "hotel_value": ["4.6", "4.6"], "hotel_price": ["75", "75"]}, "5435657": {"hotel_name": "\u9f13\u6d6a\u5c7f\u5706\u6c99\u6d32\u4e3b\u9898\u522b\u5885", "order_time": ["2019-01-18 09:13:49"], "total_order": 1, "hotel_value": ["4.9"], "hotel_price": ["137"]}, "6551033": {"hotel_name": "\u683c\u6797\u8054\u76df(\u53a6\u95e8\u706b\u8f66\u7ad9\u4f53\u80b2\u4e2d\u5fc3\u5e97)", "order_time": ["2019-01-18 09:13:51"], "total_order": 1, "hotel_value": ["4.3"], "hotel_price": ["119"]}, "468485": {"hotel_name": "\u53a6\u95e8\u6e2f\u6e7e\u5927\u9152\u5e97", "order_time": ["2019-01-18 09:15:52", "2019-01-18 09:13:52"], "total_order": 2, "hotel_value": ["4.5", "4.5"], "hotel_price": ["408", "408"]}, "481710": {"hotel_name": "\u9526\u6c5f\u4e4b\u661f(\u53a6\u95e8\u706b\u8f66\u7ad9\u5e97)(\u539f\u4e1c\u6d66\u8def\u5e97)", "order_time": ["2019-01-18 09:13:54"], "total_order": 1, "hotel_value": ["4.4"], "hotel_price": ["145"]}, "444706": {"hotel_name": "\u590f\u5546\u00b7\u6021\u5ead\u5546\u52a1\u9152\u5e97(\u53a6\u95e8\u706b\u8f66\u7ad9\u79be\u7965\u5e97)", "order_time": ["2019-01-18 09:13:54"], "total_order": 1, "hotel_value": ["4.5"], "hotel_price": ["131"]}, "1669085": {"hotel_name": "\u4e00\u683c\u00b7\u6d77\u68e0\u7f8e\u5bbf(\u53a6\u95e8\u5927\u5b66\u5e97)", "order_time": ["2019-01-18 09:13:58", "2019-01-18 09:39:50"], "total_order": 2, "hotel_value": ["5.0", "5.0"], "hotel_price": ["201", "201"]}, "3327821": {"hotel_name": "\u53a6\u95e8\u8d1d\u591a\u62c9\u4e3b\u9898\u9152\u5e97", "order_time": ["2019-01-18 09:14:01"], "total_order": 1, "hotel_value": ["4.2"], "hotel_price": ["153"]}, "6844232": {"hotel_name": "\u53a6\u95e8\u5317\u7ad9\u624d\u5b50\u4f73\u4eba\u5ba2\u6808", "order_time": ["2019-01-18 09:14:15"], "total_order": 1, "hotel_value": [0], "hotel_price": ["63"]}, "437770": {"hotel_name": "\u53a6\u95e8\u79be\u6b63\u5927\u9152\u5e97", "order_time": ["2019-01-18 09:15:50"], "total_order": 1, "hotel_value": ["4.2"], "hotel_price": ["146"]}, "397577": {"hotel_name": "\u53a6\u95e8\u5b9d\u9f99\u94c2\u5c14\u66fc\u5927\u9152\u5e97", "order_time": ["2019-01-18 09:15:55"], "total_order": 1, "hotel_value": ["4.7"], "hotel_price": ["746"]}, "2169704": {"hotel_name": "\u53a6\u95e8\u5927\u5b6693\u5b66\u820d\u5ba2\u6808", "order_time": ["2019-01-18 09:15:55"], "total_order": 1, "hotel_value": ["4.7"], "hotel_price": ["93"]}, "427947": {"hotel_name": "\u53a6\u95e8\u56fd\u9645\u4f1a\u8bae\u4e2d\u5fc3\u9152\u5e97", "order_time": ["2019-01-18 09:15:55", "2019-01-18 09:21:58"], "total_order": 2, "hotel_value": ["4.8", "4.8"], "hotel_price": ["589", "589"]}, "1315375": {"hotel_name": "\u53a6\u95e8\u82cf\u56ed\u00b7\u5929\u5c71\u6cc9\u9152\u5e97", "order_time": ["2019-01-18 09:15:56"], "total_order": 1, "hotel_value": ["4.5"], "hotel_price": ["154"]}, "686159": {"hotel_name": "\u54c1\u90fd\u9152\u5e97(\u53a6\u95e8\u4e2d\u5c71\u8def\u5e97)", "order_time": ["2019-01-18 09:15:56"], "total_order": 1, "hotel_value": ["4.5"], "hotel_price": ["135"]}, "10997308": {"hotel_name": "\u53a6\u95e8\u98de\u5bbf\u8fde\u9501\u5929\u7eaf\u793e\u5ea6\u5047\u522b\u5885", "order_time": ["2019-01-18 09:16:12"], "total_order": 1, "hotel_value": ["4.7"], "hotel_price": ["134"]}, "12624286": {"hotel_name": "\u9a7f\u8d77\u9152\u5e97\uff08\u53a6\u95e8\u5317\u7ad9\u5e97\uff09", "order_time": ["2019-01-18 09:17:52"], "total_order": 1, "hotel_value": ["4.6"], "hotel_price": ["179"]}, "1299817": {"hotel_name": "\u5408\u4f73\u9152\u5e97(\u53a6\u95e8\u673a\u573a\u5e97)", "order_time": ["2019-01-18 09:17:57"], "total_order": 1, "hotel_value": ["4.0"], "hotel_price": ["205"]}, "2294909": {"hotel_name": "\u53a6\u95e8\u51cc\u6ce2\u6e7e\u9152\u5e97(\u53a6\u5927\u7fd4\u5b89\u6821\u533a\u5e97)", "order_time": ["2019-01-18 09:17:57"], "total_order": 1, "hotel_value": ["4.1"], "hotel_price": ["232"]}, "5669929": {"hotel_name": "\u53a6\u95e8\u5341\u91cc\u6d77\u5cb8\u5ea6\u5047\u5c4b", "order_time": ["2019-01-18 09:19:56", "2019-01-18 09:17:57"], "total_order": 2, "hotel_value": ["4.8", "4.8"], "hotel_price": ["183", "183"]}, "18467278": {"hotel_name": "\u53a6\u95e8\u9047\u4e66\u623f\u5ba2\u6808", "order_time": ["2019-01-18 09:18:14"], "total_order": 1, "hotel_value": [0], "hotel_price": ["328"]}, "12780885": {"hotel_name": "\u53a6\u95e8\u7121\u4e8c\u00b7\u90a3\u6240\u9152\u5e97", "order_time": ["2019-01-18 09:19:54"], "total_order": 1, "hotel_value": ["4.9"], "hotel_price": ["388"]}, "698202": {"hotel_name": "\u548c\u9890\u9152\u5e97(\u53a6\u95e8\u4e2d\u5c71\u8def\u6d77\u666f\u5e97)", "order_time": ["2019-01-18 09:19:54"], "total_order": 1, "hotel_value": ["4.7"], "hotel_price": ["321"]}, "443638": {"hotel_name": "\u53a6\u95e8\u91d1\u6865\u82b1\u56ed\u9152\u5e97", "order_time": ["2019-01-18 09:19:56"], "total_order": 1, "hotel_value": ["4.5"], "hotel_price": ["292"]}, "1488631": {"hotel_name": "\u53a6\u95e8\u5317\u7ad9\u6e14\u4eba\u5ba2\u6808", "order_time": ["2019-01-18 09:24:23", "2019-01-18 09:20:11"], "total_order": 2, "hotel_value": ["4.7", "4.7"], "hotel_price": ["68", "68"]}, "436721": {"hotel_name": "\u53a6\u95e8\u9f13\u6d6a\u5c7f\u4e03\u91cc\u9999\u820d\u65c5\u9986", "order_time": ["2019-01-18 09:20:12"], "total_order": 1, "hotel_value": ["4.4"], "hotel_price": ["342"]}, "8974594": {"hotel_name": "\u53a6\u95e8\u73ba\u4e30\u9152\u5e97", "order_time": ["2019-01-18 09:21:55"], "total_order": 1, "hotel_value": ["4.6"], "hotel_price": ["187"]}, "6870645": {"hotel_name": "\u53a6\u95e8\u91d1\u9e3f\u745e\u9152\u5e97\u673a\u573a\u5e97", "order_time": ["2019-01-18 09:28:03", "2019-01-18 09:21:57"], "total_order": 2, "hotel_value": ["4.4", "4.4"], "hotel_price": ["133", "133"]}, "4814803": {"hotel_name": "\u53a6\u95e8\u591c\u6cca\u4e3d\u6e7e\u9152\u5e97", "order_time": ["2019-01-18 09:21:57"], "total_order": 1, "hotel_value": ["4.1"], "hotel_price": ["162"]}, "2300428": {"hotel_name": "\u53a6\u95e8\u4e03\u661f\u8fde\u9501\u9152\u5e97", "order_time": ["2019-01-18 09:21:59"], "total_order": 1, "hotel_value": ["4.1"], "hotel_price": ["92"]}, "346257": {"hotel_name": "\u53a6\u95e8\u6d77\u666f\u5343\u79a7\u5927\u9152\u5e97", "order_time": ["2019-01-18 09:25:53", "2019-01-18 09:22:02"], "total_order": 2, "hotel_value": ["4.5", "4.5"], "hotel_price": ["590", "590"]}, "1419294": {"hotel_name": "\u9526\u6c5f\u4e4b\u661f(\u53a6\u95e8\u5317\u7ad9\u5609\u5e9a\u4f53\u80b2\u9986\u5e97)", "order_time": ["2019-01-18 09:22:02"], "total_order": 1, "hotel_value": ["4.5"], "hotel_price": ["261"]}, "2582476": {"hotel_name": "99\u65c5\u9986\u8fde\u9501(\u53a6\u95e8\u5367\u9f99\u6653\u57ce\u5e97)", "order_time": ["2019-01-18 09:22:10"], "total_order": 1, "hotel_value": ["4.3"], "hotel_price": ["79"]}, "800403": {"hotel_name": "\u53a6\u95e8\u9e6d\u56ed\u4e3b\u9898\u9152\u5e97", "order_time": ["2019-01-18 09:22:14"], "total_order": 1, "hotel_value": ["3.8"], "hotel_price": ["99"]}, "1669784": {"hotel_name": "\u541b\u8fbe\u516c\u5bd3(\u53a6\u95e8\u9ad8\u5d0e\u673a\u573a\u5e97)", "order_time": ["2019-01-18 09:22:23"], "total_order": 1, "hotel_value": ["4.4"], "hotel_price": ["97"]}, "4439579": {"hotel_name": "\u524d\u7530\u6e7e\u7cbe\u54c1\u5ba2\u6808(\u53a6\u95e8\u66fe\u539d\u57b5\u5e97)", "order_time": ["2019-01-18 09:23:55"], "total_order": 1, "hotel_value": ["4.7"], "hotel_price": ["132"]}, "26405159": {"hotel_name": "\u8ff9\u58a8\u4e5d\u95f4\u623f(\u53a6\u95e8\u5d69\u5c7f\u7801\u5934\u5e97)", "order_time": ["2019-01-18 09:23:58"], "total_order": 1, "hotel_value": ["5.0"], "hotel_price": ["194"]}, "6477755": {"hotel_name": "\u53a6\u95e8\u9f13\u6d6a\u5c7f\u8336\u8bed\u65f6\u5149\u94a2\u7434\u65c5\u9986", "order_time": ["2019-01-18 09:23:59"], "total_order": 1, "hotel_value": ["4.8"], "hotel_price": ["78"]}, "6839393": {"hotel_name": "\u5bb6\u5bb6\u4e50\u9152\u5e97\uff08\u53a6\u95e8\u4e2d\u5c71\u8def\u5347\u5e73\u5e97\uff09", "order_time": ["2019-01-18 09:24:09"], "total_order": 1, "hotel_value": ["4.4"], "hotel_price": ["137"]}, "6609857": {"hotel_name": "\u53a6\u95e8\u8299\u84c9\u9601\u9152\u5e97", "order_time": ["2019-01-18 09:24:14"], "total_order": 1, "hotel_value": ["4.9"], "hotel_price": ["221"]}, "782154": {"hotel_name": "\u53a6\u95e8\u9752\u5e74\u9633\u5149\u7cbe\u54c1\u5546\u52a1\u9152\u5e97(\u677e\u67cf\u6c7d\u8f66\u5e97)", "order_time": ["2019-01-18 09:25:52"], "total_order": 1, "hotel_value": ["4.5"], "hotel_price": ["201"]}, "5980230": {"hotel_name": "\u53a6\u95e8\u9f13\u6d6a\u5c7f\u542c\u96e8\u8f69\u7cbe\u54c1\u5ba2\u6808\u5927\u5b66\u751f\u521b\u4e1a\u57fa\u5730\u5e97", "order_time": ["2019-01-18 09:25:55"], "total_order": 1, "hotel_value": ["4.8"], "hotel_price": ["114"]}, "1857702": {"hotel_name": "\u53a6\u95e8\u5317\u7ad9\u534e\u6fe0\u56db\u5b63\u9152\u5e97", "order_time": ["2019-01-18 09:25:59"], "total_order": 1, "hotel_value": ["4.2"], "hotel_price": ["221"]}, "2364319": {"hotel_name": "\u53a6\u95e8\u7b2c\u4e00\u6e2f\u5ba2\u6808", "order_time": ["2019-01-18 09:25:59"], "total_order": 1, "hotel_value": ["4.6"], "hotel_price": ["88"]}, "1195853": {"hotel_name": "\u53a6\u95e8\u610f\u4f73\u9152\u5e97", "order_time": ["2019-01-18 09:26:09"], "total_order": 1, "hotel_value": ["4.4"], "hotel_price": ["95"]}, "1735109": {"hotel_name": "\u53a6\u95e8\u5e0c\u9601\u82b1\u56ed\u9152\u5e97(\u539f\u5e0c\u9601\u9152\u5e97)", "order_time": ["2019-01-18 09:27:54", "2019-01-18 09:33:57"], "total_order": 2, "hotel_value": ["4.7", "4.7"], "hotel_price": ["378", "378"]}, "467612": {"hotel_name": "\u53a6\u95e8\u9f13\u6d6a\u5c7f\u8292\u679c\u6811\u65c5\u9986", "order_time": ["2019-01-18 09:27:56"], "total_order": 1, "hotel_value": ["4.9"], "hotel_price": ["146"]}, "2301832": {"hotel_name": "7\u5929\u8fde\u9501\u9152\u5e97(\u53a6\u95e8\u4e2d\u5c71\u8def\u8f6e\u6e21\u5e97)", "order_time": ["2019-01-18 09:29:53"], "total_order": 1, "hotel_value": ["4.1"], "hotel_price": ["135"]}, "443061": {"hotel_name": "\u53a6\u95e8HUESyard\u4f11\u601d\u9662\u5b50\u522b\u5885", "order_time": ["2019-01-18 09:29:53"], "total_order": 1, "hotel_value": ["4.9"], "hotel_price": ["380"]}, "2300476": {"hotel_name": "7\u5929\u4f18\u54c1\u9152\u5e97(\u53a6\u95e8\u673a\u573a\u5e97)", "order_time": ["2019-01-18 09:29:58"], "total_order": 1, "hotel_value": ["4.6"], "hotel_price": ["209"]}, "1227390": {"hotel_name": "886\u7cbe\u54c1\u9152\u5e97(\u53a6\u95e8\u6d77\u6ca7\u533a\u653f\u5e9c\u5e97)", "order_time": ["2019-01-18 09:29:58"], "total_order": 1, "hotel_value": ["4.1"], "hotel_price": ["162"]}, "1710711": {"hotel_name": "\u53a6\u95e8\u8def\u5ba2Lotel\u53c1\u9ece\u6c11\u5bbf", "order_time": ["2019-01-18 09:30:13"], "total_order": 1, "hotel_value": ["4.8"], "hotel_price": ["174"]}, "28565834": {"hotel_name": "\u53a6\u95e8\u559c\u7f8e\u7f8e\u5c45\u9152\u5e97", "order_time": ["2019-01-18 09:31:52"], "total_order": 1, "hotel_value": ["4.9"], "hotel_price": ["371"]}, "6485565": {"hotel_name": "\u9f13\u6d6a\u5c7f\u4e00\u7b51\u82b1\u56ed\u522b\u5885", "order_time": ["2019-01-18 09:31:56"], "total_order": 1, "hotel_value": ["4.6"], "hotel_price": ["177"]}, "12092426": {"hotel_name": "\u53a6\u95e8\u91d1\u5c0f\u59d0\u522b\u9662(\u539f\u9999\u683c\u91cc\u5885\u5ea6\u5047\u5e84\u56ed)", "order_time": ["2019-01-18 09:31:57"], "total_order": 1, "hotel_value": ["4.9"], "hotel_price": ["151"]}, "435290": {"hotel_name": "\u53a6\u95e8\u6625\u5149\u9152\u5e97", "order_time": ["2019-01-18 09:33:49"], "total_order": 1, "hotel_value": ["4.7"], "hotel_price": ["278"]}, "448663": {"hotel_name": "\u53a6\u95e8\u60a6\u534e\u9152\u5e97", "order_time": ["2019-01-18 09:33:49"], "total_order": 1, "hotel_value": ["4.8"], "hotel_price": ["563"]}, "1804365": {"hotel_name": "\u6d6a\u6f2b\u90fd\u5e02\u8fde\u9501\u9152\u5e97(\u53a6\u95e8\u706b\u8f66\u7ad9\u6d0b\u5b8f\u603b\u5e97)(\u539f\u6d0b\u5b8f\u5bbe\u9986)", "order_time": ["2019-01-18 09:33:51"], "total_order": 1, "hotel_value": ["4.3"], "hotel_price": ["127"]}, "1183055": {"hotel_name": "\u53a6\u95e8\u946b\u535a\u96c5\u5927\u9152\u5e97(\u539f\u7687\u5ef7\u9152\u5e97)", "order_time": ["2019-01-18 09:33:53"], "total_order": 1, "hotel_value": ["4.1"], "hotel_price": ["240"]}, "375295": {"hotel_name": "\u53a6\u95e8\u7fd4\u9e6d\u56fd\u9645\u5927\u9152\u5e97", "order_time": ["2019-01-18 09:33:54"], "total_order": 1, "hotel_value": ["4.4"], "hotel_price": ["290"]}, "1199959": {"hotel_name": "\u5982\u5bb6\u5feb\u6377\u9152\u5e97(\u53a6\u95e8\u53a6\u79be\u8def\u767d\u9e6d\u6d32\u8def\u5e97)", "order_time": ["2019-01-18 09:33:55"], "total_order": 1, "hotel_value": ["4.2"], "hotel_price": ["114"]}, "427542": {"hotel_name": "\u53a6\u95e8\u822a\u7a7a\u5bbe\u9986", "order_time": ["2019-01-18 09:33:56"], "total_order": 1, "hotel_value": ["4.7"], "hotel_price": ["328"]}, "6731656": {"hotel_name": "\u53a6\u95e8\u5916\u6e21\u53a6\u98ce\u8f7b\u5c45", "order_time": ["2019-01-18 09:33:57"], "total_order": 1, "hotel_value": ["4.7"], "hotel_price": ["223"]}, "474586": {"hotel_name": "\u5982\u5bb6\u8054\u76df\u00b7\u53a6\u95e8\u6591\u6593\u9152\u5e97(\u539f\u91d1\u5e1d\u9152\u5e97)", "order_time": ["2019-01-18 09:34:04"], "total_order": 1, "hotel_value": ["4.8"], "hotel_price": ["263"]}, "1856716": {"hotel_name": "\u53a6\u95e8\u9e6d\u5c9b49\u53f7\u522b\u5885", "order_time": ["2019-01-18 09:34:04"], "total_order": 1, "hotel_value": ["4.8"], "hotel_price": ["236"]}, "509970": {"hotel_name": "\u53a6\u95e8\u9a8f\u8c6a\u4f1a", "order_time": ["2019-01-18 09:34:04"], "total_order": 1, "hotel_value": ["4.6"], "hotel_price": ["580"]}, "470600": {"hotel_name": "\u53a6\u95e8\u9f13\u6d6a\u5c7f\u56fd\u738b\u76d2\u5b50\u5ea6\u5047\u5c4b", "order_time": ["2019-01-18 09:35:53", "2019-01-18 09:34:04"], "total_order": 2, "hotel_value": ["4.6", "4.6"], "hotel_price": ["157", "157"]}, "12131828": {"hotel_name": "\u53a6\u95e8\u5c71\u8c46\u51e0\u9752\u5e74\u9a7f\u7ad9", "order_time": ["2019-01-18 09:34:05"], "total_order": 1, "hotel_value": ["4.7"], "hotel_price": ["56"]}, "7507315": {"hotel_name": "\u53a6\u95e8Today\u8bbe\u8ba1\u5e08\u7684\u5bb6\u516c\u5bd3", "order_time": ["2019-01-18 09:34:20"], "total_order": 1, "hotel_value": [0], "hotel_price": ["267"]}, "450155": {"hotel_name": "\u5982\u5bb6\u5feb\u6377\u9152\u5e97(\u53a6\u95e8\u4e2d\u5c71\u8def\u6e56\u6ee8\u897f\u8def\u5e97)", "order_time": ["2019-01-18 09:35:52"], "total_order": 1, "hotel_value": ["4.2"], "hotel_price": ["139"]}, "2492767": {"hotel_name": "\u53a6\u95e8\u9999\u514b\u65af\u9152\u5e97", "order_time": ["2019-01-18 09:35:55"], "total_order": 1, "hotel_value": ["4.7"], "hotel_price": ["186"]}, "452602": {"hotel_name": "\u53a6\u95e8\u90b1\u5341\u4e8c\u5b85(\u539f\u4e54\u6cbb\u8001\u522b\u5885)", "order_time": ["2019-01-18 09:35:58"], "total_order": 1, "hotel_value": ["4.8"], "hotel_price": ["248"]}, "1838520": {"hotel_name": "\u53a6\u95e8\u9f13\u6d6a\u5c7f\u6d6a\u6f2b\u753b\u82d1\u5ba2\u6808", "order_time": ["2019-01-18 09:36:20"], "total_order": 1, "hotel_value": ["4.5"], "hotel_price": ["123"]}, "6024174": {"hotel_name": "\u53a6\u95e8\u80a5\u5bb6\u9752\u5e74\u65c5\u820d", "order_time": ["2019-01-18 09:36:29"], "total_order": 1, "hotel_value": [0], "hotel_price": ["50"]}, "428302": {"hotel_name": "\u53a6\u95e8\u706b\u8f66\u7ad9\u4e9a\u6735\u8f7b\u5c45\u9152\u5e97", "order_time": ["2019-01-18 09:37:51"], "total_order": 1, "hotel_value": ["4.9"], "hotel_price": ["385"]}, "431131": {"hotel_name": "\u53a6\u95e8\u6bd5\u601d\u7279\u9152\u5e97", "order_time": ["2019-01-18 09:37:55"], "total_order": 1, "hotel_value": ["4.6"], "hotel_price": ["358"]}, "1768712": {"hotel_name": "\u53a6\u95e8\u9014\u5e84\u7cbe\u54c1\u9152\u5e97", "order_time": ["2019-01-18 09:37:55"], "total_order": 1, "hotel_value": ["4.7"], "hotel_price": ["158"]}, "512888": {"hotel_name": "\u53a6\u95e8\u7fd4\u5b89\u9890\u8c6a\u9152\u5e97", "order_time": ["2019-01-18 09:37:56"], "total_order": 1, "hotel_value": ["4.7"], "hotel_price": ["409"]}, "2302013": {"hotel_name": "\u9f13\u6d6a\u5c7f\u5c7f\u5cb8\u82b1\u5ea6\u5047\u65c5\u9986", "order_time": ["2019-01-18 09:38:03"], "total_order": 1, "hotel_value": ["4.3"], "hotel_price": ["138"]}, "13912439": {"hotel_name": "\u53a6\u95e8\u6620\u96ea\u8f7b\u5962\u9152\u5e97", "order_time": ["2019-01-18 09:39:50"], "total_order": 1, "hotel_value": ["4.9"], "hotel_price": ["236"]}, "436729": {"hotel_name": "\u4e2d\u5fb7\u8bb0\u5ea6\u5047\u522b\u5885(\u53a6\u95e8\u9f13\u6d6a\u5c7f\u9ec4\u5bb6\u82b1\u56ed\u5e97)", "order_time": ["2019-01-18 09:39:50"], "total_order": 1, "hotel_value": ["4.6"], "hotel_price": ["558"]}, "1730297": {"hotel_name": "\u53a6\u95e8\u9f13\u6d6a\u5c7f\u7434\u6d77\u5e84\u56ed\u6d77\u666f\u9152\u5e97", "order_time": ["2019-01-18 09:39:50"], "total_order": 1, "hotel_value": ["4.6"], "hotel_price": ["418"]}, "11288820": {"hotel_name": "\u53a6\u95e8\u7231\u4e3d\u4e1d\u6d77\u666f\u5e84\u56ed\uff08\u539f\u53a6\u95e8\u66fe\u539d\u57b5\u4f18\u89c5\u5ba2\u6808\uff09", "order_time": ["2019-01-18 09:40:00"], "total_order": 1, "hotel_value": ["4.9"], "hotel_price": ["173"]}, "21124606": {"hotel_name": "\u53a6\u95e8\u4eab\u7b51\u6d77\u8fb9\u5ea6\u5047\u65c5\u9986", "order_time": ["2019-01-18 09:40:09"], "total_order": 1, "hotel_value": ["5.0"], "hotel_price": ["174"]}, "5925070": {"hotel_name": "\u53a6\u95e8\u5fc6\u6d32\u5bbe\u9986\u540e\u57ed\u6eaa\u8def\u5e97", "order_time": ["2019-01-18 09:40:10"], "total_order": 1, "hotel_value": ["4.1"], "hotel_price": ["79"]}, "470613": {"hotel_name": "\u53a6\u95e8\u65b0\u4e2d\u6797\u5927\u9152\u5e97", "order_time": ["2019-01-18 09:40:27"], "total_order": 1, "hotel_value": ["4.3"], "hotel_price": ["428"]}, "428108": {"hotel_name": "\u53a6\u95e8\u56fd\u9645\u4f1a\u5c55\u9152\u5e97", "order_time": ["2019-01-18 09:41:55"], "total_order": 1, "hotel_value": ["4.5"], "hotel_price": ["612"]}, "4614168": {"hotel_name": "\u53a6\u95e8\u7b2c\u4e00\u6e2f\u5ea6\u5047\u522b\u5885", "order_time": ["2019-01-18 09:41:56"], "total_order": 1, "hotel_value": ["4.6"], "hotel_price": ["226"]}, "511505": {"hotel_name": "\u53a6\u95e8\u7f8e\u4e3d\u534e\u5927\u9152\u5e97", "order_time": ["2019-01-18 09:41:57"], "total_order": 1, "hotel_value": ["4.4"], "hotel_price": ["407"]}, "11154787": {"hotel_name": "\u53a6\u95e8\u66fe\u539d\u57b5\u8fe6\u9005\u6e90\u7d20\u8f7b\u5962\u6c11\u5bbf", "order_time": ["2019-01-18 09:41:57"], "total_order": 1, "hotel_value": ["4.8"], "hotel_price": ["218"]}, "444772": {"hotel_name": "\u590f\u5546\u00b7\u6021\u5ead\u5feb\u6377\u9152\u5e97(\u53a6\u95e8\u706b\u8f66\u7ad9\u6c47\u6210\u5e97)", "order_time": ["2019-01-18 09:41:58"], "total_order": 1, "hotel_value": ["4.4"], "hotel_price": ["98"]}, "2303456": {"hotel_name": "\u9f13\u6d6a\u5c7f\u739b\u96c5\u6f58\u5ea6\u5047\u65c5\u9986", "order_time": ["2019-01-18 09:42:00"], "total_order": 1, "hotel_value": ["4.7"], "hotel_price": ["76"]}, "1093427": {"hotel_name": "\u53a6\u95e8\u5fbd\u5bbf.\u7389\u4eac\u9606\u82d1\u5ba2\u6808", "order_time": ["2019-01-18 09:42:07"], "total_order": 1, "hotel_value": ["4.9"], "hotel_price": ["348"]}}}