{"\u5f00\u59cb\u8bb0\u5f55\u65f6\u95f4": "2019-01-08 21:38:23", "\u7ed3\u675f\u8bb0\u5f55\u65f6\u95f4": "2019-01-08 22:38:23", "\u8ba2\u5355\u603b\u589e\u91cf": 411, "item": {"4041978": {"hotel_name": "\u901f8\u9152\u5e97\uff08\u53a6\u95e8\u673a\u573a\u6e56\u91cc\u5927\u9053\u5e97\uff09", "order_time": ["2019-01-08 22:02:46", "2019-01-08 21:40:41"], "total_order": 2, "hotel_value": ["4.3", "4.3"], "hotel_price": ["133", "133"]}, "1510329": {"hotel_name": "\u53a6\u95e8\u541b\u96c5\u5047\u65e5\u9152\u5e97", "order_time": ["2019-01-08 21:54:45", "2019-01-08 21:40:41"], "total_order": 2, "hotel_value": ["4.8", "4.8"], "hotel_price": ["92", "92"]}, "1760902": {"hotel_name": "\u53a6\u95e8\u4e07\u4f73\u56fd\u9645\u9152\u5e97", "order_time": ["2019-01-08 21:48:42", "2019-01-08 21:40:42"], "total_order": 2, "hotel_value": ["4.6", "4.6"], "hotel_price": ["432", "432"]}, "4122689": {"hotel_name": "\u53a6\u95e8\u8fb9\u9645\u9152\u5e97", "order_time": ["2019-01-08 21:40:44", "2019-01-08 22:08:50"], "total_order": 2, "hotel_value": ["4.6", "4.6"], "hotel_price": ["307", "287"]}, "346257": {"hotel_name": "\u53a6\u95e8\u6d77\u666f\u5343\u79a7\u5927\u9152\u5e97", "order_time": ["2019-01-08 22:00:40", "2019-01-08 22:30:48", "2019-01-08 22:06:57", "2019-01-08 21:40:47"], "total_order": 4, "hotel_value": ["4.5", "4.5", "4.5", "4.5"], "hotel_price": ["590", "590", "590", "590"]}, "431965": {"hotel_name": "\u53a6\u95e8\u7f8e\u4ed1\u7693\u6656\u9152\u5e97", "order_time": ["2019-01-08 21:40:48"], "total_order": 1, "hotel_value": ["4.7"], "hotel_price": ["198"]}, "452567": {"hotel_name": "\u53a6\u95e8\u6162\u751f\u6d3b\u00b7\u82ad\u5398\u6d77\u5cb8\u5ea6\u5047\u9152\u5e97(\u539f\u9f13\u6d6a\u5c7f\u82ad\u5398\u6d77\u5cb8\u6d77\u666f\u9152\u5e97)", "order_time": ["2019-01-08 21:40:48"], "total_order": 1, "hotel_value": ["4.9"], "hotel_price": ["579"]}, "21132146": {"hotel_name": "\u5929\u57fa\u5fa1\u5ead\u9152\u5e97(\u53a6\u95e8\u83b2\u5742\u5730\u94c1\u7ad9\u5e97)", "order_time": ["2019-01-08 21:40:49"], "total_order": 1, "hotel_value": ["4.8"], "hotel_price": ["136"]}, "3293024": {"hotel_name": "\u53a6\u95e8\u8239\u5c4b\u8001\u522b\u5885\u5bb6\u5ead\u65c5\u9986", "order_time": ["2019-01-08 21:40:51"], "total_order": 1, "hotel_value": ["4.7"], "hotel_price": ["163"]}, "436727": {"hotel_name": "\u53a6\u95e8\u9f13\u6d6a\u5c7f\u7434\u7b19\u9152\u5e97", "order_time": ["2019-01-08 21:40:52"], "total_order": 1, "hotel_value": ["4.1"], "hotel_price": ["220"]}, "1183066": {"hotel_name": "\u53a6\u95e8\u534e\u8212\u9152\u5e97", "order_time": ["2019-01-08 21:40:53"], "total_order": 1, "hotel_value": ["4.3"], "hotel_price": ["283"]}, "669139": {"hotel_name": "\u53a6\u95e8\u4eac\u50ce\u9890\u8c6a\u9152\u5e97", "order_time": ["2019-01-08 21:40:55", "2019-01-08 21:44:47"], "total_order": 2, "hotel_value": ["4.7", "4.7"], "hotel_price": ["371", "371"]}, "5218216": {"hotel_name": "\u53a6\u95e8\u539f\u7d20\u5ba2\u6808", "order_time": ["2019-01-08 21:41:00"], "total_order": 1, "hotel_value": ["4.6"], "hotel_price": ["131"]}, "839304": {"hotel_name": "\u53a6\u95e8\u897f\u96c5\u56fe\u5ba2\u6808", "order_time": ["2019-01-08 21:41:00"], "total_order": 1, "hotel_value": ["4.9"], "hotel_price": ["92"]}, "23799612": {"hotel_name": "\u53a6\u95e8\u5df4\u9ece\u5ea6\u5047\u5c4b", "order_time": ["2019-01-08 21:41:00"], "total_order": 1, "hotel_value": ["5.0"], "hotel_price": ["84"]}, "1253260": {"hotel_name": "\u53a6\u95e8\u9f13\u6d6a\u5c7f\u5b50\u5b59\u6811\u8001\u522b\u5885", "order_time": ["2019-01-08 21:41:00", "2019-01-08 21:57:18"], "total_order": 2, "hotel_value": ["4.7", "4.7"], "hotel_price": ["215", "215"]}, "2142093": {"hotel_name": "\u53a6\u95e8\u4f9d\u5c71\u508d\u6d77\u5ba2\u6808", "order_time": ["2019-01-08 21:41:00"], "total_order": 1, "hotel_value": ["4.7"], "hotel_price": ["75"]}, "4819306": {"hotel_name": "\u53a6\u95e8\u6613\u4f70\u8fde\u9501\u65c5\u5e97(\u706b\u8f66\u5317\u7ad9\u5e97)", "order_time": ["2019-01-08 21:41:00"], "total_order": 1, "hotel_value": ["3.9"], "hotel_price": ["81"]}, "1541944": {"hotel_name": "\u53a6\u95e8\u53a6\u5927\u5fc6\u6d77\u65f6\u5149\u5ba2\u6808", "order_time": ["2019-01-08 21:41:00"], "total_order": 1, "hotel_value": ["4.2"], "hotel_price": ["63"]}, "2570470": {"hotel_name": "\u88d5\u946b\u516c\u5bd3(\u53a6\u95e8\u673a\u573a\u5e97)", "order_time": ["2019-01-08 21:41:00"], "total_order": 1, "hotel_value": ["4.1"], "hotel_price": ["78"]}, "1645144": {"hotel_name": "\u4e91\u4e0a\u56db\u5b63\u8fde\u9501\u9152\u5e97(\u53a6\u95e8\u73c0\u83f2\u82b1\u56ed\u5e97)", "order_time": ["2019-01-08 21:41:06"], "total_order": 1, "hotel_value": ["4.5"], "hotel_price": ["98"]}, "21124626": {"hotel_name": "\u53a6\u95e8\u4e07\u749f\u8f69\u9152\u5e97", "order_time": ["2019-01-08 21:41:18"], "total_order": 1, "hotel_value": ["4.7"], "hotel_price": ["219"]}, "635060": {"hotel_name": "\u9f13\u6d6a\u5c7f\u4e50\u4e4b\u97f5\u5ea6\u5047\u65c5\u9986(\u4e50\u5c7f\u4e50\u8da3\u65b0\u5e97)", "order_time": ["2019-01-08 21:42:42", "2019-01-08 21:46:48"], "total_order": 2, "hotel_value": ["4.9", "4.9"], "hotel_price": ["530", "530"]}, "4439627": {"hotel_name": "\u53a6\u95e8\u5df4\u6e1d\u5c9b\u5ea6\u5047\u522b\u5885", "order_time": ["2019-01-08 21:42:42"], "total_order": 1, "hotel_value": ["4.8"], "hotel_price": ["90"]}, "2304885": {"hotel_name": "7\u5929\u8fde\u9501\u9152\u5e97(\u53a6\u95e8\u5927\u5b66\u5357\u666e\u9640\u5e97)", "order_time": ["2019-01-08 21:42:42"], "total_order": 1, "hotel_value": ["4.4"], "hotel_price": ["147"]}, "2297831": {"hotel_name": "\u5168\u5b63\u9152\u5e97(\u53a6\u95e8\u4e2d\u5c71\u8def\u6b65\u884c\u8857\u5e97)", "order_time": ["2019-01-08 21:42:42"], "total_order": 1, "hotel_value": ["4.8"], "hotel_price": ["393"]}, "2280697": {"hotel_name": "\u53a6\u95e8\u77f3\u5bbf\u6d77\u666f\u6c11\u5bbf", "order_time": ["2019-01-08 21:42:44"], "total_order": 1, "hotel_value": ["4.7"], "hotel_price": ["134"]}, "12183206": {"hotel_name": "\u53a6\u95e8\u4e03\u661f\u8fde\u9501\u9152\u5e97\u678b\u6e56\u5ba2\u8fd0\u4e2d\u5fc3\u91d1\u5c71\u5e97", "order_time": ["2019-01-08 21:42:44"], "total_order": 1, "hotel_value": ["4.5"], "hotel_price": ["146"]}, "436700": {"hotel_name": "\u4ea6\u9014\u9152\u5e97(\u53a6\u95e8\u4f1a\u5c55\u4e2d\u5fc3\u52a0\u5dde\u5546\u4e1a\u5e7f\u573a\u5e97)", "order_time": ["2019-01-08 21:42:44"], "total_order": 1, "hotel_value": ["4.2"], "hotel_price": ["182"]}, "5724702": {"hotel_name": "\u51e4\u51f0\u5c45\u9152\u5e97(\u9f13\u6d6a\u5c7f\u65e5\u5149\u5ca9\u5e97)", "order_time": ["2019-01-08 21:42:45"], "total_order": 1, "hotel_value": ["4.9"], "hotel_price": ["540"]}, "4814798": {"hotel_name": "\u53a6\u95e8\u9f13\u6d6a\u5c7f\u6162\u5c4b\u5ea6\u5047\u522b\u5885", "order_time": ["2019-01-08 21:42:47"], "total_order": 1, "hotel_value": ["4.7"], "hotel_price": ["666"]}, "392629": {"hotel_name": "\u53a6\u95e8\u5e90\u5c71\u5927\u9152\u5e97", "order_time": ["2019-01-08 21:42:47"], "total_order": 1, "hotel_value": ["4.2"], "hotel_price": ["298"]}, "1315375": {"hotel_name": "\u53a6\u95e8\u82cf\u56ed\u00b7\u5929\u5c71\u6cc9\u9152\u5e97", "order_time": ["2019-01-08 21:42:48", "2019-01-08 22:02:44"], "total_order": 2, "hotel_value": ["4.5", "4.5"], "hotel_price": ["151", "151"]}, "23239051": {"hotel_name": "\u53a6\u95e8\u5927\u9690\u7cbe\u54c1\u65c5\u5c45", "order_time": ["2019-01-08 21:42:48"], "total_order": 1, "hotel_value": ["4.9"], "hotel_price": ["260"]}, "5574145": {"hotel_name": "\u53a6\u95e8\u8bfb\u65c5\u00b7\u6c50\u6c60\u8bbe\u8ba1\u578b\u5ea6\u5047\u522b\u5885", "order_time": ["2019-01-08 21:42:48"], "total_order": 1, "hotel_value": ["4.9"], "hotel_price": ["283"]}, "5599310": {"hotel_name": "\u53a6\u95e8\u4e9a\u9601\u9152\u5e97", "order_time": ["2019-01-08 21:42:48"], "total_order": 1, "hotel_value": ["4.7"], "hotel_price": ["192"]}, "25216959": {"hotel_name": "\u53a6\u95e8\u6c90\u5c45\u6c11\u5bbf", "order_time": ["2019-01-08 21:42:48"], "total_order": 1, "hotel_value": ["4.9"], "hotel_price": ["417"]}, "1728375": {"hotel_name": "\u6768\u6843\u9662\u5b50\u65c5\u9986(\u9f13\u6d6a\u5c7f\u590d\u5174\u53e4\u5821\u5e97)", "order_time": ["2019-01-08 21:42:48"], "total_order": 1, "hotel_value": ["4.8"], "hotel_price": ["280"]}, "2561902": {"hotel_name": "\u53a6\u95e8\u7231\u83b1\u9152\u5e97\u516c\u5bd3", "order_time": ["2019-01-08 21:42:48"], "total_order": 1, "hotel_value": ["4.7"], "hotel_price": ["183"]}, "2636318": {"hotel_name": "\u53a6\u95e8\u9f13\u6d6a\u5c7f\u4e91\u4e4b\u6668\u6d77\u666f\u82b1\u56ed\u9152\u5e97", "order_time": ["2019-01-08 21:42:48", "2019-01-08 22:26:41"], "total_order": 2, "hotel_value": ["4.5", "4.5"], "hotel_price": ["298", "298"]}, "486065": {"hotel_name": "\u6da6\u5ead\u7cbe\u54c1\u9152\u5e97(\u53a6\u95e8\u90ae\u8f6e\u7801\u5934\u4f53\u80b2\u4e2d\u5fc3\u5e97)", "order_time": ["2019-01-08 21:42:48"], "total_order": 1, "hotel_value": ["4.4"], "hotel_price": ["184"]}, "12092426": {"hotel_name": "\u53a6\u95e8\u91d1\u5c0f\u59d0\u522b\u9662(\u539f\u9999\u683c\u91cc\u5885\u5ea6\u5047\u5e84\u56ed)", "order_time": ["2019-01-08 21:42:48", "2019-01-08 22:32:42"], "total_order": 2, "hotel_value": ["4.9", "4.9"], "hotel_price": ["101", "101"]}, "1857599": {"hotel_name": "\u590f\u5546\u00b7\u6021\u5ead\u5feb\u6377\u9152\u5e97(\u53a6\u95e8\u96c6\u7f8e\u674f\u6797\u5e97)", "order_time": ["2019-01-08 21:42:49"], "total_order": 1, "hotel_value": ["4.2"], "hotel_price": ["135"]}, "1389206": {"hotel_name": "\u9526\u6c5f\u4e4b\u661f(\u53a6\u95e8\u79be\u7965\u897f\u8def\u767d\u9e6d\u6d32\u5e97)", "order_time": ["2019-01-08 21:42:49"], "total_order": 1, "hotel_value": ["4.4"], "hotel_price": ["111"]}, "1904341": {"hotel_name": "7\u5929\u4f18\u54c1\u9152\u5e97(\u53a6\u95e8\u4e2d\u5c71\u8def\u6b65\u884c\u8857\u5e97)", "order_time": ["2019-01-08 21:42:50"], "total_order": 1, "hotel_value": ["4.1"], "hotel_price": ["145"]}, "2297567": {"hotel_name": "\u65af\u94c2\u745e\u57ce\u5e02\u9152\u5e97(\u53a6\u95e8\u4e2d\u5c71\u516c\u56ed\u5730\u94c1\u7ad9\u5e97)(\u539f\u4e2d\u5c71\u8def\u6b65\u884c\u8857\u5e97)", "order_time": ["2019-01-08 21:42:51"], "total_order": 1, "hotel_value": ["4.7"], "hotel_price": ["128"]}, "472358": {"hotel_name": "\u53a6\u95e8\u6e29\u5c3c\u65af\u4f9d\u8bfa\u6d77\u6d77\u666f\u5ea6\u5047\u522b\u5885", "order_time": ["2019-01-08 21:42:51"], "total_order": 1, "hotel_value": ["4.9"], "hotel_price": ["349"]}, "12624286": {"hotel_name": "\u9a7f\u8d77\u9152\u5e97\uff08\u53a6\u95e8\u5317\u7ad9\u5e97\uff09", "order_time": ["2019-01-08 21:42:51"], "total_order": 1, "hotel_value": ["4.6"], "hotel_price": ["159"]}, "1916061": {"hotel_name": "\u540d\u5178\u5546\u65c5\u9152\u5e97(\u53a6\u95e8\u674f\u6797\u5e97)", "order_time": ["2019-01-08 21:42:52"], "total_order": 1, "hotel_value": ["4.1"], "hotel_price": ["233"]}, "6112181": {"hotel_name": "\u53a6\u95e8\u6c38\u4e3d\u8fbe\u4e3d\u5448\u9152\u5e97", "order_time": ["2019-01-08 21:56:57", "2019-01-08 21:50:47", "2019-01-08 21:42:52"], "total_order": 3, "hotel_value": ["4.8", "4.8", "4.8"], "hotel_price": ["439", "439", "439"]}, "480520": {"hotel_name": "\u590f\u5546\u00b7\u6021\u5ead\u5feb\u6377\u9152\u5e97(\u83b2\u524d\u897f\u8def\u5e97)", "order_time": ["2019-01-08 22:22:46", "2019-01-08 21:42:52", "2019-01-08 22:08:51"], "total_order": 3, "hotel_value": ["3.9", "3.9", "3.9"], "hotel_price": ["84", "93", "93"]}, "512888": {"hotel_name": "\u53a6\u95e8\u7fd4\u5b89\u9890\u8c6a\u9152\u5e97", "order_time": ["2019-01-08 21:42:53"], "total_order": 1, "hotel_value": ["4.7"], "hotel_price": ["1199"]}, "2169704": {"hotel_name": "\u53a6\u95e8\u5927\u5b6693\u5b66\u820d\u5ba2\u6808", "order_time": ["2019-01-08 21:42:53"], "total_order": 1, "hotel_value": ["4.7"], "hotel_price": ["78"]}, "480994": {"hotel_name": "\u53a6\u95e8\u84dd\u8272\u6d77\u9752\u5e74\u65c5\u820d", "order_time": ["2019-01-08 21:42:53"], "total_order": 1, "hotel_value": ["4.4"], "hotel_price": ["66"]}, "4307939": {"hotel_name": "\u6d3e\u9152\u5e97(\u53a6\u95e8\u706b\u8f66\u7ad9\u5e97)", "order_time": ["2019-01-08 21:42:54"], "total_order": 1, "hotel_value": ["4.3"], "hotel_price": ["95"]}, "445332": {"hotel_name": "\u53a6\u95e8\u5357\u65b9\u9152\u5e97(\u4e2d\u5c71\u8def\u5e97)", "order_time": ["2019-01-08 21:43:03"], "total_order": 1, "hotel_value": ["3.5"], "hotel_price": ["132"]}, "1728988": {"hotel_name": "\u9f13\u6d6a\u5c7f\u964c\u4e0a\u5885\u65c5\u9986", "order_time": ["2019-01-08 21:43:03"], "total_order": 1, "hotel_value": ["4.7"], "hotel_price": ["247"]}, "11090358": {"hotel_name": "\u53a6\u95e899\u65c5\u9986", "order_time": ["2019-01-08 21:43:03"], "total_order": 1, "hotel_value": ["4.6"], "hotel_price": ["80"]}, "1804256": {"hotel_name": "\u9ad8\u5d0e\u516c\u5bd3(\u53a6\u95e8\u673a\u573a\u5e97)", "order_time": ["2019-01-08 21:43:03"], "total_order": 1, "hotel_value": ["4.1"], "hotel_price": ["108"]}, "6819953": {"hotel_name": "\u53a6\u95e8\u5fc3\u76f8\u5370\u65c5\u9986", "order_time": ["2019-01-08 21:43:03"], "total_order": 1, "hotel_value": ["2.4"], "hotel_price": ["89"]}, "21736027": {"hotel_name": "\u53a6\u95e8\u4e91\u6c34\u95f4\u5ba2\u6808", "order_time": ["2019-01-08 21:43:04"], "total_order": 1, "hotel_value": ["4.9"], "hotel_price": ["90"]}, "11275899": {"hotel_name": "\u4e91\u5c4b\u522b\u9662", "order_time": ["2019-01-08 21:44:40"], "total_order": 1, "hotel_value": ["4.9"], "hotel_price": ["220"]}, "442964": {"hotel_name": "\u53a6\u95e8\u84dd\u6e7e\u534a\u5c9b\u9152\u5e97", "order_time": ["2019-01-08 21:44:41"], "total_order": 1, "hotel_value": ["4.0"], "hotel_price": ["268"]}, "5053649": {"hotel_name": "\u53a6\u95e8\u5927\u5b66\u5962\u534e\u9152\u5e97\u516c\u5bd3(\u539f\u94c2\u66fc\u5929\u79a7\u6d77\u666f\u9152\u5e97\u516c\u5bd3)", "order_time": ["2019-01-08 21:44:41"], "total_order": 1, "hotel_value": ["4.6"], "hotel_price": ["349"]}, "10906517": {"hotel_name": "\u53a6\u95e8\u9e6d\u5c9b\u522b\u82d1\u6d77\u8fb9\u5ea6\u5047\u522b\u5885", "order_time": ["2019-01-08 22:22:47", "2019-01-08 21:44:41"], "total_order": 2, "hotel_value": ["4.9", "4.9"], "hotel_price": ["103", "103"]}, "1575123": {"hotel_name": "\u827e\u601d\u987f\u9152\u5e97(\u53a6\u95e8\u706b\u8f66\u7ad9\u5e97)", "order_time": ["2019-01-08 21:44:41"], "total_order": 1, "hotel_value": ["4.8"], "hotel_price": ["245"]}, "11893099": {"hotel_name": "\u53a6\u95e8\u4e00\u5b85\u8bbe\u8ba1\u5e08\u6c11\u5bbf", "order_time": ["2019-01-08 21:44:42"], "total_order": 1, "hotel_value": ["4.2"], "hotel_price": ["233"]}, "483805": {"hotel_name": "\u53a6\u95e8\u6ee8\u5317\u9890\u8c6a\u9152\u5e97", "order_time": ["2019-01-08 21:44:42"], "total_order": 1, "hotel_value": ["4.8"], "hotel_price": ["458"]}, "750174": {"hotel_name": "\u683c\u6797\u8c6a\u6cf0(\u53a6\u95e8\u5927\u5b66\u5e97)", "order_time": ["2019-01-08 21:44:42"], "total_order": 1, "hotel_value": ["4.2"], "hotel_price": ["98"]}, "481710": {"hotel_name": "\u9526\u6c5f\u4e4b\u661f(\u53a6\u95e8\u706b\u8f66\u7ad9\u5e97)(\u539f\u4e1c\u6d66\u8def\u5e97)", "order_time": ["2019-01-08 21:44:42"], "total_order": 1, "hotel_value": ["4.4"], "hotel_price": ["106"]}, "1549581": {"hotel_name": "\u53a6\u95e8\u7121\u4e8c\u00b7\u4e16\u5916\u8bbe\u8ba1\u578b\u5ea6\u5047\u522b\u5885", "order_time": ["2019-01-08 21:44:43"], "total_order": 1, "hotel_value": ["4.9"], "hotel_price": ["458"]}, "431584": {"hotel_name": "\u53a6\u95e8\u7261\u4e39\u4e07\u9e4f\u5bbe\u9986", "order_time": ["2019-01-08 21:44:43"], "total_order": 1, "hotel_value": ["4.7"], "hotel_price": ["299"]}, "445336": {"hotel_name": "\u5b9c\u5c1a\u9152\u5e97(\u53a6\u95e8\u706b\u8f66\u7ad9\u5e97)", "order_time": ["2019-01-08 21:44:43"], "total_order": 1, "hotel_value": ["4.8"], "hotel_price": ["263"]}, "1787526": {"hotel_name": "\u53a6\u95e8\u9690\u897f\u6c11\u5bbf", "order_time": ["2019-01-08 21:44:43"], "total_order": 1, "hotel_value": ["4.9"], "hotel_price": ["183"]}, "795560": {"hotel_name": "\u5fc3\u8fdc\u5c1a\u54c1\u9152\u5e97(\u53a6\u95e8\u96c6\u7f8e\u5b66\u6751\u5e97)", "order_time": ["2019-01-08 21:44:44"], "total_order": 1, "hotel_value": ["4.8"], "hotel_price": ["180"]}, "2152627": {"hotel_name": "\u7f8e\u8c6a\u9152\u5e97(\u53a6\u95e8\u5e97)", "order_time": ["2019-01-08 21:44:44"], "total_order": 1, "hotel_value": ["4.7"], "hotel_price": ["353"]}, "15849666": {"hotel_name": "\u5168\u5b63\u9152\u5e97(\u53a6\u95e8\u5317\u7ad9\u674f\u6797\u6e7e\u8def\u5e97)", "order_time": ["2019-01-08 21:44:45"], "total_order": 1, "hotel_value": ["4.7"], "hotel_price": ["313"]}, "419537": {"hotel_name": "\u53a6\u95e8\u822a\u7a7a\u91d1\u96c1\u9152\u5e97", "order_time": ["2019-01-08 21:44:45"], "total_order": 1, "hotel_value": ["4.9"], "hotel_price": ["658"]}, "437446": {"hotel_name": "\u53a6\u95e8\u4f70\u7fd4\u8f6f\u4ef6\u56ed\u9152\u5e97", "order_time": ["2019-01-08 21:44:47"], "total_order": 1, "hotel_value": ["4.7"], "hotel_price": ["400"]}, "23623292": {"hotel_name": "\u53a6\u95e8\u4e09\u4e2a\u53a6\u5927\u4eba\u4e0e\u521d\u6c11\u5bbf", "order_time": ["2019-01-08 21:44:47"], "total_order": 1, "hotel_value": ["4.8"], "hotel_price": ["831"]}, "1227390": {"hotel_name": "886\u7cbe\u54c1\u9152\u5e97(\u53a6\u95e8\u6d77\u6ca7\u533a\u653f\u5e9c\u5e97)", "order_time": ["2019-01-08 21:44:47"], "total_order": 1, "hotel_value": ["4.1"], "hotel_price": ["170"]}, "468031": {"hotel_name": "\u53a6\u95e8\u9f13\u6d6a\u5c7f\u65e5\u5149\u5c0f\u7b51\u5bb6\u5ead\u65c5\u9986", "order_time": ["2019-01-08 21:44:54"], "total_order": 1, "hotel_value": ["4.3"], "hotel_price": ["83"]}, "2878018": {"hotel_name": "\u53a6\u95e8\u9f99\u7fd4\u4f4f\u5bbf", "order_time": ["2019-01-08 21:45:00"], "total_order": 1, "hotel_value": ["4.3"], "hotel_price": ["69"]}, "26407280": {"hotel_name": "\u53a6\u95e8\u5c7f\u4e0a\u522b\u539d\u5ba2\u6808", "order_time": ["2019-01-08 21:45:14", "2019-01-08 21:55:06"], "total_order": 2, "hotel_value": ["4.8", "4.8"], "hotel_price": ["50", "50"]}, "447146": {"hotel_name": "\u5982\u5bb6\u5546\u65c5\u9152\u5e97(\u53a6\u95e8\u6e56\u6ee8\u5357\u8def\u767d\u9e6d\u6d32\u516c\u56ed\u5e97)", "order_time": ["2019-01-08 21:53:03", "2019-01-08 21:46:40"], "total_order": 2, "hotel_value": ["4.8", "4.8"], "hotel_price": ["265", "265"]}, "790582": {"hotel_name": "\u590f\u5546\u6021\u7fd4\u9152\u5e97(\u53a6\u95e8\u706b\u8f66\u7ad9\u5357\u6e56\u5e97)", "order_time": ["2019-01-08 22:22:47", "2019-01-08 21:46:41"], "total_order": 2, "hotel_value": ["4.6", "4.6"], "hotel_price": ["298", "298"]}, "15717242": {"hotel_name": "\u53a6\u95e8\u9e6d\u5c9b\u6234\u65af\u9152\u5e97", "order_time": ["2019-01-08 21:46:44"], "total_order": 1, "hotel_value": ["4.5"], "hotel_price": ["211"]}, "1733907": {"hotel_name": "\u53a6\u95e8\u8363\u8a89\u56fd\u9645\u9152\u5e97", "order_time": ["2019-01-08 21:46:45"], "total_order": 1, "hotel_value": ["4.7"], "hotel_price": ["586"]}, "431082": {"hotel_name": "\u53a6\u95e8\u548c\u60a6\u9152\u5e97", "order_time": ["2019-01-08 21:46:47"], "total_order": 1, "hotel_value": ["4.2"], "hotel_price": ["370"]}, "346260": {"hotel_name": "\u53a6\u95e8\u745e\u9890\u5927\u9152\u5e97", "order_time": ["2019-01-08 21:46:47"], "total_order": 1, "hotel_value": ["4.7"], "hotel_price": ["798"]}, "434801": {"hotel_name": "\u53a6\u95e8\u51ef\u88d5\u7f8e\u7235\u9152\u5e97", "order_time": ["2019-01-08 21:52:44", "2019-01-08 21:46:47"], "total_order": 2, "hotel_value": ["4.5", "4.5"], "hotel_price": ["499", "499"]}, "385412": {"hotel_name": "\u53a6\u95e8\u5317\u6d77\u6e7e\u60e0\u9f99\u4e07\u8fbe\u5609\u534e\u9152\u5e97", "order_time": ["2019-01-08 22:10:43", "2019-01-08 22:08:46", "2019-01-08 21:46:47", "2019-01-08 21:56:45"], "total_order": 4, "hotel_value": ["4.8", "4.8", "4.8", "4.8"], "hotel_price": ["600", "600", "600", "600"]}, "1390368": {"hotel_name": "\u53a6\u95e8\u56db\u5e74\u4e09\u73ed\u6d77\u666f\u5ba2\u6808", "order_time": ["2019-01-08 21:46:48"], "total_order": 1, "hotel_value": ["4.8"], "hotel_price": ["80"]}, "1417330": {"hotel_name": "\u53a6\u95e8\u4e2d\u5c71\u5bbe\u9986", "order_time": ["2019-01-08 21:46:50"], "total_order": 1, "hotel_value": ["4.4"], "hotel_price": ["111"]}, "385410": {"hotel_name": "\u53a6\u95e8\u6d77\u5cb8\u56fd\u9645\u9152\u5e97", "order_time": ["2019-01-08 21:47:05"], "total_order": 1, "hotel_value": ["4.5"], "hotel_price": ["398"]}, "7861971": {"hotel_name": "\u53a6\u95e8\u9f13\u6d6a\u5c7f\u5c0f\u5c9b\u98ce\u60c5\u65c5\u9986", "order_time": ["2019-01-08 21:47:16"], "total_order": 1, "hotel_value": ["4.8"], "hotel_price": ["188"]}, "346248": {"hotel_name": "\u53a6\u95e8\u6cf0\u8c37\u9152\u5e97", "order_time": ["2019-01-08 21:54:43", "2019-01-08 21:48:40"], "total_order": 2, "hotel_value": ["4.7", "4.7"], "hotel_price": ["398", "398"]}, "19735131": {"hotel_name": "\u53a6\u95e8\u6cab\u5bd3\u9152\u5e97\u5f0f\u516c\u5bd3", "order_time": ["2019-01-08 21:48:41"], "total_order": 1, "hotel_value": ["4.8"], "hotel_price": ["114"]}, "22804277": {"hotel_name": "\u6854\u5b50\u9152\u5e97\u7cbe\u9009(\u53a6\u95e8\u4f1a\u5c55\u4e2d\u5fc3\u89c2\u97f3\u5c71\u5e97)", "order_time": ["2019-01-08 21:48:44"], "total_order": 1, "hotel_value": ["4.8"], "hotel_price": ["550"]}, "425692": {"hotel_name": "\u53a6\u95e8\u6d77\u60a6\u5c71\u5e84\u9152\u5e97", "order_time": ["2019-01-08 21:54:44", "2019-01-08 22:32:43", "2019-01-08 21:48:46"], "total_order": 3, "hotel_value": ["4.8", "4.8", "4.8"], "hotel_price": ["882", "882", "882"]}, "346271": {"hotel_name": "\u53a6\u95e8\u559c\u6765\u767b\u9152\u5e97", "order_time": ["2019-01-08 21:48:47", "2019-01-08 22:12:47"], "total_order": 2, "hotel_value": ["4.5", "4.5"], "hotel_price": ["809", "809"]}, "443061": {"hotel_name": "\u53a6\u95e8HUESyard\u4f11\u601d\u9662\u5b50\u522b\u5885", "order_time": ["2019-01-08 21:48:48"], "total_order": 1, "hotel_value": ["4.9"], "hotel_price": ["380"]}, "19517458": {"hotel_name": "\u53a6\u95e8\u601d\u5c7f\u9e6d", "order_time": ["2019-01-08 21:48:49"], "total_order": 1, "hotel_value": ["4.6"], "hotel_price": ["84"]}, "346262": {"hotel_name": "\u53a6\u95e8\u5a01\u65af\u6c40\u9152\u5e97", "order_time": ["2019-01-08 21:48:50"], "total_order": 1, "hotel_value": ["4.5"], "hotel_price": ["932"]}, "4439579": {"hotel_name": "\u524d\u7530\u6e7e\u7cbe\u54c1\u5ba2\u6808(\u53a6\u95e8\u66fe\u539d\u57b5\u5e97)", "order_time": ["2019-01-08 21:48:50", "2019-01-08 21:56:47"], "total_order": 2, "hotel_value": ["4.7", "4.7"], "hotel_price": ["86", "86"]}, "929561": {"hotel_name": "\u53a6\u95e8\u53cb\u4e30\u6e56\u666f\u9152\u5e97", "order_time": ["2019-01-08 21:48:52"], "total_order": 1, "hotel_value": ["4.4"], "hotel_price": ["328"]}, "1447130": {"hotel_name": "\u53a6\u95e8\u592a\u7a7a\u8231\u516c\u5bd3\u9152\u5e97", "order_time": ["2019-01-08 21:48:53"], "total_order": 1, "hotel_value": ["4.2"], "hotel_price": ["34"]}, "483838": {"hotel_name": "\u53a6\u95e8\u7a7a\u6e2f\u4f70\u7fd4\u82b1\u56ed\u9152\u5e97", "order_time": ["2019-01-08 21:49:00"], "total_order": 1, "hotel_value": ["4.5"], "hotel_price": ["312"]}, "5979762": {"hotel_name": "\u53a6\u95e8\u5927\u5b66\u4e91\u4e0a\u6d77\u5c45", "order_time": ["2019-01-08 21:50:41"], "total_order": 1, "hotel_value": ["4.8"], "hotel_price": ["453"]}, "438336": {"hotel_name": "\u53a6\u95e8\u5927\u4ebf\u9890\u8c6a\u9152\u5e97", "order_time": ["2019-01-08 21:50:43"], "total_order": 1, "hotel_value": ["4.4"], "hotel_price": ["283"]}, "1245093": {"hotel_name": "\u53a6\u95e8\u8463\u5c0f\u59d0\u6f6e\u6c50\u522b\u5885", "order_time": ["2019-01-08 21:50:47"], "total_order": 1, "hotel_value": ["4.8"], "hotel_price": ["88"]}, "2492767": {"hotel_name": "\u53a6\u95e8\u9999\u514b\u65af\u9152\u5e97", "order_time": ["2019-01-08 21:56:46", "2019-01-08 21:50:47"], "total_order": 2, "hotel_value": ["4.7", "4.7"], "hotel_price": ["138", "138"]}, "436724": {"hotel_name": "\u53a6\u95e8\u9f13\u6d6a\u5c7f\u65d7\u5c71\u4e00\u53f7\u516c\u9986", "order_time": ["2019-01-08 21:50:48"], "total_order": 1, "hotel_value": ["4.7"], "hotel_price": ["168"]}, "1314936": {"hotel_name": "\u83ab\u6cf0268(\u53a6\u95e8\u706b\u8f66\u7ad9\u5e97)", "order_time": ["2019-01-08 21:50:48"], "total_order": 1, "hotel_value": ["4.3"], "hotel_price": ["130"]}, "10997308": {"hotel_name": "\u53a6\u95e8\u98de\u5bbf\u8fde\u9501\u5929\u7eaf\u793e\u5ea6\u5047\u522b\u5885", "order_time": ["2019-01-08 21:50:49"], "total_order": 1, "hotel_value": ["4.7"], "hotel_price": ["95"]}, "2862304": {"hotel_name": "\u9f13\u6d6a\u5c7f\u60df\u6709\u65f6\u5149", "order_time": ["2019-01-08 21:50:50"], "total_order": 1, "hotel_value": ["4.9"], "hotel_price": ["131"]}, "1803138": {"hotel_name": "\u53a6\u95e8\u661f\u9645\u592a\u7a7a\u8231\u9752\u65c5", "order_time": ["2019-01-08 21:50:51"], "total_order": 1, "hotel_value": ["4.9"], "hotel_price": ["48"]}, "1741995": {"hotel_name": "\u5982\u5bb6\u6d3e\u67cf\u00b7\u4e91\u9152\u5e97(\u53a6\u95e8\u53a6\u79be\u8def\u56fd\u8d38\u5e97)(\u539f\u4e9a\u66fc\u9152\u5e97)", "order_time": ["2019-01-08 21:50:56"], "total_order": 1, "hotel_value": ["4.1"], "hotel_price": ["114"]}, "11523322": {"hotel_name": "\u826f\u5885\u00b7\u4e91\u5ead\u9047\u89c1\u5ba2\u6808(\u53a6\u95e8\u66fe\u539d\u57b5\u5e97)", "order_time": ["2019-01-08 21:50:59"], "total_order": 1, "hotel_value": [0], "hotel_price": ["115"]}, "1639388": {"hotel_name": "\u4e03\u946b\u5929\u9152\u5e97(\u53a6\u95e8\u673a\u573a\u5e97)", "order_time": ["2019-01-08 21:52:40"], "total_order": 1, "hotel_value": ["4.4"], "hotel_price": ["126"]}, "4495790": {"hotel_name": "\u53a6\u95e8\u98de\u5bbf\u8fde\u9501\u9a91\u58eb\u8d35\u65cf\u5e84\u56ed", "order_time": ["2019-01-08 21:52:43"], "total_order": 1, "hotel_value": ["4.6"], "hotel_price": ["113"]}, "26576625": {"hotel_name": "\u53a6\u95e8\u4e3d\u90fd\u516c\u5bd3", "order_time": ["2019-01-08 21:52:44", "2019-01-08 22:10:55", "2019-01-08 22:14:44"], "total_order": 3, "hotel_value": ["4.8", "4.8", "4.8"], "hotel_price": ["129", "129", "129"]}, "470600": {"hotel_name": "\u53a6\u95e8\u9f13\u6d6a\u5c7f\u56fd\u738b\u76d2\u5b50\u5ea6\u5047\u5c4b", "order_time": ["2019-01-08 21:52:44"], "total_order": 1, "hotel_value": ["4.6"], "hotel_price": ["107"]}, "6232787": {"hotel_name": "\u53a6\u95e8\u84dd\u5c71\u8d8a\u9152\u5e97", "order_time": ["2019-01-08 21:52:44"], "total_order": 1, "hotel_value": ["4.8"], "hotel_price": ["516"]}, "2382169": {"hotel_name": "\u53a6\u95e8\u7687\u90fd\u5546\u52a1\u9152\u5e97", "order_time": ["2019-01-08 21:52:44"], "total_order": 1, "hotel_value": ["3.8"], "hotel_price": ["124"]}, "11686178": {"hotel_name": "\u53a6\u95e8\u6d77\u6ca7\u65b0\u9633886\u7cbe\u54c1\u9152\u5e97", "order_time": ["2019-01-08 21:52:45"], "total_order": 1, "hotel_value": ["4.3"], "hotel_price": ["150"]}, "898645": {"hotel_name": "\u6c49\u5ead\u9152\u5e97(\u53a6\u95e8\u79be\u7965\u897f\u8def\u5e97)", "order_time": ["2019-01-08 21:52:45"], "total_order": 1, "hotel_value": ["4.5"], "hotel_price": ["159"]}, "12522024": {"hotel_name": "\u53a6\u95e8\u5927\u5b66\u5fc3\u65c5\u6d77\u666f\u9152\u5e97\u5f0f\u516c\u5bd3(\u539f\u4e16\u8302\u53cc\u5b50\u5854\u53a6\u5927\u6d77\u666f\u9152\u5e97)", "order_time": ["2019-01-08 21:52:46", "2019-01-08 22:30:43"], "total_order": 2, "hotel_value": ["4.7", "4.7"], "hotel_price": ["314", "314"]}, "17086184": {"hotel_name": "\u53a6\u95e8\u7fd4\u90fd\u4e50\u5546\u52a1\u9152\u5e97", "order_time": ["2019-01-08 21:52:50"], "total_order": 1, "hotel_value": ["4.6"], "hotel_price": ["137"]}, "4964443": {"hotel_name": "\u56fd\u738b\u76d2\u5b50\u5ea6\u5047\u5c4b(\u9f13\u6d6a\u5c7f\u54c8\u5c3c\u5e97)", "order_time": ["2019-01-08 21:52:50"], "total_order": 1, "hotel_value": ["4.7"], "hotel_price": ["150"]}, "11888775": {"hotel_name": "\u53a6\u95e8\u66fe\u539d\u57b5\u6d77\u5cb8\u82b1\u5f00\u5ba2\u6808", "order_time": ["2019-01-08 21:52:50"], "total_order": 1, "hotel_value": ["4.6"], "hotel_price": ["45"]}, "1575044": {"hotel_name": "\u53a6\u95e8\u8d1d\u591a\u62c9\u7cbe\u54c1\u9152\u5e97(\u539f\u6052\u9890\u5bbe\u9986)", "order_time": ["2019-01-08 21:52:51"], "total_order": 1, "hotel_value": ["4.4"], "hotel_price": ["170"]}, "6561615": {"hotel_name": "\u53a6\u95e8\u96c6\u7f8e\u5609\u4e3d\u5546\u52a1\u5bbe\u9986", "order_time": ["2019-01-08 21:52:52"], "total_order": 1, "hotel_value": ["4.6"], "hotel_price": ["169"]}, "4590989": {"hotel_name": "\u53a6\u95e8\u4e94\u7f15\u9633\u5149\u5546\u52a1\u5bbe\u9986", "order_time": ["2019-01-08 21:52:53"], "total_order": 1, "hotel_value": ["4.1"], "hotel_price": ["103"]}, "21333994": {"hotel_name": "\u53a6\u95e8\u56de\u5bb6\u516c\u5bd3", "order_time": ["2019-01-08 21:52:59"], "total_order": 1, "hotel_value": [0], "hotel_price": ["68"]}, "21148633": {"hotel_name": "\u53a6\u95e8\u4e50\u5c45\u516c\u5bd3", "order_time": ["2019-01-08 21:52:59"], "total_order": 1, "hotel_value": [0], "hotel_price": ["102"]}, "440483": {"hotel_name": "\u777f\u5f18\u5510\u4ee3\u5c14\u9152\u5e97(\u53a6\u95e8\u65b0\u8f6e\u6e21\u7801\u5934\u5e97)", "order_time": ["2019-01-08 21:53:02"], "total_order": 1, "hotel_value": ["4.2"], "hotel_price": ["316"]}, "428660": {"hotel_name": "\u53a6\u95e8\u9890\u749f\u82b1\u56ed\u9152\u5e97(\u539f\u65b0\u52a0\u5761\u9152\u5e97)", "order_time": ["2019-01-08 21:54:45"], "total_order": 1, "hotel_value": ["4.6"], "hotel_price": ["158"]}, "514344": {"hotel_name": "\u53a6\u95e8\u94c2\u5c14\u6e7e\u9152\u5e97", "order_time": ["2019-01-08 21:54:46", "2019-01-08 21:56:49"], "total_order": 2, "hotel_value": ["4.1", "4.1"], "hotel_price": ["118", "118"]}, "929583": {"hotel_name": "\u5982\u5bb6\u5feb\u6377\u9152\u5e97(\u53a6\u95e8\u706b\u8f66\u7ad9\u5e7f\u573a\u5e97)", "order_time": ["2019-01-08 21:54:47"], "total_order": 1, "hotel_value": ["4.5"], "hotel_price": ["137"]}, "1317936": {"hotel_name": "\u6d77\u53cb\u826f\u54c1\u9152\u5e97(\u53a6\u95e8\u660e\u53d1\u5e7f\u573a\u5e97)", "order_time": ["2019-01-08 21:54:51"], "total_order": 1, "hotel_value": ["4.3"], "hotel_price": ["106"]}, "2303456": {"hotel_name": "\u9f13\u6d6a\u5c7f\u739b\u96c5\u6f58\u5ea6\u5047\u65c5\u9986", "order_time": ["2019-01-08 21:54:52"], "total_order": 1, "hotel_value": ["4.7"], "hotel_price": ["62"]}, "1762526": {"hotel_name": "\u53a6\u95e8\u5170\u7434\u53e4\u539d\u9152\u5e97", "order_time": ["2019-01-08 21:54:53"], "total_order": 1, "hotel_value": ["4.6"], "hotel_price": ["239"]}, "6262585": {"hotel_name": "\u6c90\u8317\u65c5\u9986\uff08\u53a6\u95e8\u65e5\u5149\u5ca9\u5e97\uff09", "order_time": ["2019-01-08 21:54:53"], "total_order": 1, "hotel_value": ["4.8"], "hotel_price": ["116"]}, "1406475": {"hotel_name": "\u53a6\u95e8886\u7cbe\u54c1\u9152\u5e97", "order_time": ["2019-01-08 21:54:53"], "total_order": 1, "hotel_value": ["3.7"], "hotel_price": ["135"]}, "1338751": {"hotel_name": "\u53a6\u95e8\u5965\u65af\u6d77\u666f\u9152\u5e97", "order_time": ["2019-01-08 21:54:54"], "total_order": 1, "hotel_value": ["3.4"], "hotel_price": ["95"]}, "6284436": {"hotel_name": "\u53a6\u95e8\u4eb2\u5bb6\u56ed\u516c\u5bd3", "order_time": ["2019-01-08 21:55:00"], "total_order": 1, "hotel_value": ["4.3"], "hotel_price": ["72"]}, "5373002": {"hotel_name": "\u6d6a\u6f2b\u90fd\u5e02\u8fde\u9501\u9152\u5e97(\u53a6\u95e8\u4e2d\u5c71\u8def\u5e97)", "order_time": ["2019-01-08 21:55:08"], "total_order": 1, "hotel_value": ["4.5"], "hotel_price": ["92"]}, "8568992": {"hotel_name": "\u53a6\u95e8\u5c7f\u60a6\u65c5\u5bbf", "order_time": ["2019-01-08 21:56:42"], "total_order": 1, "hotel_value": ["4.8"], "hotel_price": ["166"]}, "2303682": {"hotel_name": "\u53a6\u95e8\u9f13\u6d6a\u5c7f\u65ee\u65ef\u5c0f\u5c4b", "order_time": ["2019-01-08 21:56:42"], "total_order": 1, "hotel_value": ["4.4"], "hotel_price": ["107"]}, "6273849": {"hotel_name": "\u53a6\u95e8\u5929\u9716\u5ea6\u5047\u5c71\u5e84", "order_time": ["2019-01-08 21:56:43"], "total_order": 1, "hotel_value": ["4.7"], "hotel_price": ["239"]}, "1938588": {"hotel_name": "\u53a6\u95e8OTS\u8bbe\u8ba1\u578b\u6c11\u5bbf", "order_time": ["2019-01-08 21:56:47"], "total_order": 1, "hotel_value": ["4.8"], "hotel_price": ["223"]}, "2111445": {"hotel_name": "\u53a6\u95e8\u9f13\u6d6a\u5c7f\u4e03\u5f69\u73b2\u73d1\u9601\u5bb6\u5ead\u65c5\u9986", "order_time": ["2019-01-08 21:56:48"], "total_order": 1, "hotel_value": ["4.6"], "hotel_price": ["231"]}, "4614034": {"hotel_name": "\u53a6\u95e8\u60a6\u6d77\u4f34\u5c71\u522b\u9662", "order_time": ["2019-01-08 21:56:55"], "total_order": 1, "hotel_value": ["4.6"], "hotel_price": ["161"]}, "5073297": {"hotel_name": "\u53a6\u95e8\u65b0\u534f\u65c5\u9986", "order_time": ["2019-01-08 21:56:55"], "total_order": 1, "hotel_value": ["4.7"], "hotel_price": ["89"]}, "2310246": {"hotel_name": "\u53a6\u95e8\u4e1c\u57ce\u6e7e\u5feb\u6377\u9152\u5e97", "order_time": ["2019-01-08 21:56:56"], "total_order": 1, "hotel_value": ["3.8"], "hotel_price": ["91"]}, "6005836": {"hotel_name": "\u53a6\u95e8\u6b66\u5937\u4e1c\u5ba2\u6808\u8d22\u7ecf\u5b66\u9662\u5e97", "order_time": ["2019-01-08 21:57:07"], "total_order": 1, "hotel_value": [0], "hotel_price": ["88"]}, "428893": {"hotel_name": "\u53a6\u95e8\u5bbe\u9986", "order_time": ["2019-01-08 21:57:17"], "total_order": 1, "hotel_value": ["4.8"], "hotel_price": ["488"]}, "1583165": {"hotel_name": "\u5982\u5bb6\u5feb\u6377\u9152\u5e97(\u53a6\u95e8\u8f6e\u6e21\u4e2d\u5c71\u8def\u6b65\u884c\u8857\u5e97)", "order_time": ["2019-01-08 21:58:41"], "total_order": 1, "hotel_value": ["4.2"], "hotel_price": ["147"]}, "2645250": {"hotel_name": "\u53a6\u95e8\u9f13\u6d6a\u5c7f\u4ed6\u57ce\u4e00\u6d77\u5ea6\u5047\u6d77\u666f\u522b\u5885", "order_time": ["2019-01-08 21:58:42"], "total_order": 1, "hotel_value": ["4.7"], "hotel_price": ["399"]}, "457612": {"hotel_name": "\u53a6\u95e8\u4e94\u7f18\u6c34\u4e61\u9152\u5e97", "order_time": ["2019-01-08 21:58:44"], "total_order": 1, "hotel_value": ["4.9"], "hotel_price": ["678"]}, "427501": {"hotel_name": "\u53a6\u95e8\u9187\u6d77\u5cb8\u7cbe\u54c1\u9152\u5e97", "order_time": ["2019-01-08 21:58:47"], "total_order": 1, "hotel_value": ["4.9"], "hotel_price": ["127"]}, "5028626": {"hotel_name": "\u53a6\u95e8\u9493\u00b7\u7eaf\u6d77\u8f7b\u5962\u9a7f\u9986", "order_time": ["2019-01-08 21:58:47"], "total_order": 1, "hotel_value": ["4.9"], "hotel_price": ["290"]}, "5980230": {"hotel_name": "\u53a6\u95e8\u9f13\u6d6a\u5c7f\u542c\u96e8\u8f69\u7cbe\u54c1\u5ba2\u6808\u5927\u5b66\u751f\u521b\u4e1a\u57fa\u5730\u5e97", "order_time": ["2019-01-08 21:58:48"], "total_order": 1, "hotel_value": ["4.8"], "hotel_price": ["103"]}, "879501": {"hotel_name": "\u53a6\u95e8\u53a6\u6d1b\u514b\u5496\u5561\u5885\u5ba2\u6808", "order_time": ["2019-01-08 21:58:50"], "total_order": 1, "hotel_value": ["4.4"], "hotel_price": ["110"]}, "1211268": {"hotel_name": "\u53a6\u95e8\u6e56\u91cc\u9890\u8c6a\u9152\u5e97", "order_time": ["2019-01-08 21:58:54"], "total_order": 1, "hotel_value": ["4.7"], "hotel_price": ["458"]}, "19615105": {"hotel_name": "\u53a6\u95e8\u60a0\u60a0\u592a\u7a7a\u8231\u5ba2\u6808(\u539f\u60a0\u7136\u81ea\u5f97\u65c5\u9986)", "order_time": ["2019-01-08 21:59:00"], "total_order": 1, "hotel_value": ["4.7"], "hotel_price": ["50"]}, "2574650": {"hotel_name": "\u53a6\u95e8\u5c1a\u798f\u7f18\u6c11\u5bbf", "order_time": ["2019-01-08 21:59:00"], "total_order": 1, "hotel_value": ["4.8"], "hotel_price": ["75"]}, "6551033": {"hotel_name": "\u683c\u6797\u8054\u76df(\u53a6\u95e8\u706b\u8f66\u7ad9\u4f53\u80b2\u4e2d\u5fc3\u5e97)", "order_time": ["2019-01-08 21:59:09"], "total_order": 1, "hotel_value": ["4.3"], "hotel_price": ["112"]}, "1371594": {"hotel_name": "\u6021\u6d77\u9601\u9152\u5e97(\u53a6\u95e8\u4e2d\u5c71\u6b65\u884c\u8857\u5e97)(\u539f\u6021\u6d77\u9601\u6587\u5316\u9152\u5e97)", "order_time": ["2019-01-08 21:59:16"], "total_order": 1, "hotel_value": ["4.5"], "hotel_price": ["148"]}, "6485447": {"hotel_name": "\u5b9c\u5c1a\u9152\u5e97(\u53a6\u95e8\u673a\u573a\u706b\u70ac\u56ed\u5730\u94c1\u7ad9\u5e97)", "order_time": ["2019-01-08 22:12:45", "2019-01-08 22:00:47"], "total_order": 2, "hotel_value": ["4.6", "4.6"], "hotel_price": ["249", "249"]}, "438748": {"hotel_name": "\u53a6\u95e8\u6210\u529f\u5927\u9152\u5e97", "order_time": ["2019-01-08 22:00:49"], "total_order": 1, "hotel_value": ["4.2"], "hotel_price": ["262"]}, "11052008": {"hotel_name": "\u53a6\u95e8\u5343\u767e\u5ea6\u5ba2\u6808", "order_time": ["2019-01-08 22:00:51"], "total_order": 1, "hotel_value": ["4.9"], "hotel_price": ["164"]}, "1485274": {"hotel_name": "\u53a6\u95e8\u590f\u82b1\u5982\u96ea\u6c11\u5bbf(\u539f\u9ec4\u539d\u6d77\u666f\u65c5\u793e)", "order_time": ["2019-01-08 22:00:52"], "total_order": 1, "hotel_value": ["4.9"], "hotel_price": ["78"]}, "17338414": {"hotel_name": "\u53a6\u95e8\u6797\u68a7\u6850\u697c", "order_time": ["2019-01-08 22:00:52"], "total_order": 1, "hotel_value": ["4.8"], "hotel_price": ["850"]}, "2304550": {"hotel_name": "\u53a6\u95e8\u7b7c\u7b5c\u4e66\u9662\u4ea4\u6d41\u4e2d\u5fc3", "order_time": ["2019-01-08 22:00:56"], "total_order": 1, "hotel_value": ["4.4"], "hotel_price": ["360"]}, "434956": {"hotel_name": "\u53a6\u95e8\u767d\u9e6d\u5bbe\u9986", "order_time": ["2019-01-08 22:02:38"], "total_order": 1, "hotel_value": ["4.5"], "hotel_price": ["188"]}, "419873": {"hotel_name": "\u53a6\u95e8\u5929\u9e45\u5927\u9152\u5e97", "order_time": ["2019-01-08 22:02:40"], "total_order": 1, "hotel_value": ["4.6"], "hotel_price": ["400"]}, "5926955": {"hotel_name": "\u53a6\u95e8\u7efc\u777f\u9152\u5e97", "order_time": ["2019-01-08 22:02:40"], "total_order": 1, "hotel_value": ["4.6"], "hotel_price": ["184"]}, "932019": {"hotel_name": "\u5982\u5bb6\u5feb\u6377\u9152\u5e97(\u53a6\u95e8\u83b2\u5cb3\u8def\u677e\u67cf\u6587\u5316\u827a\u672f\u4e2d\u5fc3\u5e97)", "order_time": ["2019-01-08 22:02:41", "2019-01-08 22:22:40"], "total_order": 2, "hotel_value": ["4.3", "4.3"], "hotel_price": ["93", "93"]}, "898495": {"hotel_name": "\u6c49\u5ead\u9152\u5e97(\u53a6\u95e8\u79be\u7965\u897f\u8def\u79be\u7965\u5546\u57ce\u5e97)(\u539f\u6e56\u6ee8\u4e2d\u8def\u5e97)", "order_time": ["2019-01-08 22:02:41", "2019-01-08 22:22:40", "2019-01-08 22:24:41"], "total_order": 3, "hotel_value": ["4.4", "4.4", "4.4"], "hotel_price": ["127", "127", "127"]}, "8419373": {"hotel_name": "\u5ead\u82d1\u9152\u5e97(\u53a6\u95e8\u4e2d\u5c71\u8def\u8f6e\u6e21\u5e97)", "order_time": ["2019-01-08 22:02:41"], "total_order": 1, "hotel_value": ["4.8"], "hotel_price": ["148"]}, "708137": {"hotel_name": "\u53a6\u95e8\u5885\u5c7f\u7cbe\u54c1\u6c11\u5bbf", "order_time": ["2019-01-08 22:02:41"], "total_order": 1, "hotel_value": ["4.9"], "hotel_price": ["163"]}, "717916": {"hotel_name": "\u53a6\u95e8\u6717\u8c6a\u9152\u5e97", "order_time": ["2019-01-08 22:02:42"], "total_order": 1, "hotel_value": ["4.6"], "hotel_price": ["1289"]}, "6736731": {"hotel_name": "\u5e0c\u5cb8\u9152\u5e97(\u53a6\u95e8\u706b\u8f66\u7ad9\u5e97)(\u539f\u5357\u65b9\u996d\u5e97)", "order_time": ["2019-01-08 22:02:42"], "total_order": 1, "hotel_value": ["4.9"], "hotel_price": ["268"]}, "708155": {"hotel_name": "\u53a6\u95e8\u6162\u751f\u6d3b\u00b7\u4e50\u5929\u5ba2\u6808", "order_time": ["2019-01-08 22:02:43"], "total_order": 1, "hotel_value": ["4.8"], "hotel_price": ["94"]}, "11019592": {"hotel_name": "\u98de\u5bbf\u8fde\u9501\u53a6\u95e8\u9999\u69ad\u6735\u62c9\u5e84\u56ed", "order_time": ["2019-01-08 22:02:44"], "total_order": 1, "hotel_value": ["4.9"], "hotel_price": ["177"]}, "17099052": {"hotel_name": "\u9f13\u6d6a\u5c7f\u6625\u8349\u82ac\u82b3\u5ea6\u5047\u522b\u5885", "order_time": ["2019-01-08 22:18:40", "2019-01-08 22:02:46"], "total_order": 2, "hotel_value": ["4.9", "4.9"], "hotel_price": ["528", "528"]}, "6955152": {"hotel_name": "\u53a6\u95e8\u541b\u96c5\u65f6\u5c1a\u9152\u5e97(\u539f\u4e98\u91d1\u9152\u5e97)", "order_time": ["2019-01-08 22:02:46"], "total_order": 1, "hotel_value": ["4.8"], "hotel_price": ["74"]}, "3802030": {"hotel_name": "\u53a6\u95e8\u53ef\u5c45\u9152\u5e97", "order_time": ["2019-01-08 22:02:46"], "total_order": 1, "hotel_value": ["4.6"], "hotel_price": ["171"]}, "436734": {"hotel_name": "\u53a6\u95e8\u9f13\u6d6a\u5c7f\u90a3\u5b85\u9152\u5e97", "order_time": ["2019-01-08 22:02:47"], "total_order": 1, "hotel_value": ["4.6"], "hotel_price": ["583"]}, "12059658": {"hotel_name": "\u601d\u5c7f\u7cbe\u54c1\u516c\u5bd3(\u53a6\u95e8\u4e2d\u5c71\u8def\u8f6e\u6e21\u5e97)", "order_time": ["2019-01-08 22:24:43", "2019-01-08 22:02:47"], "total_order": 2, "hotel_value": ["4.6", "4.6"], "hotel_price": ["111", "111"]}, "2306365": {"hotel_name": "7\u5929\u8fde\u9501\u9152\u5e97(\u53a6\u95e8\u9f13\u6d6a\u5c7f\u6d77\u6ca7\u7801\u5934\u5e97)", "order_time": ["2019-01-08 22:02:47"], "total_order": 1, "hotel_value": ["4.3"], "hotel_price": ["140"]}, "6543852": {"hotel_name": "\u53a6\u95e8\u98de\u5bbf\u8fde\u9501\u5c3c\u65af\u00b7\u6735\u62c9Nice Dora\u5e84\u56ed", "order_time": ["2019-01-08 22:02:49"], "total_order": 1, "hotel_value": ["4.9"], "hotel_price": ["187"]}, "997807": {"hotel_name": "\u53a6\u95e8\u5fc6\u6d32\u5bbe\u9986", "order_time": ["2019-01-08 22:02:50"], "total_order": 1, "hotel_value": ["4.2"], "hotel_price": ["92"]}, "3327821": {"hotel_name": "\u53a6\u95e8\u8d1d\u591a\u62c9\u4e3b\u9898\u9152\u5e97", "order_time": ["2019-01-08 22:02:51"], "total_order": 1, "hotel_value": ["4.2"], "hotel_price": ["179"]}, "2299990": {"hotel_name": "\u53a6\u95e8\u60a6\u60a6\u946b\u9152\u5e97", "order_time": ["2019-01-08 22:02:51", "2019-01-08 22:18:44"], "total_order": 2, "hotel_value": ["4.7", "4.7"], "hotel_price": ["118", "118"]}, "25109378": {"hotel_name": "\u53a6\u95e8IN\u4e91\u7aef\u5957\u623f\u516c\u5bd3", "order_time": ["2019-01-08 22:02:51"], "total_order": 1, "hotel_value": ["5.0"], "hotel_price": ["482"]}, "12091233": {"hotel_name": "\u53a6\u95e8\u6816\u9690\u5ea6\u5047\u6c11\u5bbf", "order_time": ["2019-01-08 22:02:55"], "total_order": 1, "hotel_value": [0], "hotel_price": ["178"]}, "11368377": {"hotel_name": "\u53a6\u95e8\u521d\u5c45\u5ba2\u6808\u5b59\u539d\u5e97", "order_time": ["2019-01-08 22:02:59"], "total_order": 1, "hotel_value": ["4.6"], "hotel_price": ["90"]}, "480963": {"hotel_name": "\u53a6\u95e8\u68a6\u9192\u6e7e\u5ba2\u6808", "order_time": ["2019-01-08 22:04:52", "2019-01-08 22:03:00"], "total_order": 2, "hotel_value": ["4.9", "4.9"], "hotel_price": ["89", "89"]}, "6412140": {"hotel_name": "\u53a6\u95e8\u5730\u4e2d\u6d77278\u53f7\u5ba2\u6808", "order_time": ["2019-01-08 22:03:09"], "total_order": 1, "hotel_value": ["4.5"], "hotel_price": ["108"]}, "438908": {"hotel_name": "\u5982\u5bb6\u5feb\u6377\u9152\u5e97(\u601d\u660e\u5357\u8def\u53a6\u95e8\u5927\u5b66\u5e97)(\u539f\u6210\u529f\u5927\u9053\u53a6\u5927\u6d77\u666f\u5e97)", "order_time": ["2019-01-08 22:04:42"], "total_order": 1, "hotel_value": ["4.3"], "hotel_price": ["114"]}, "804367": {"hotel_name": "\u548c\u9890\u9152\u5e97(\u53a6\u95e8\u706b\u8f66\u7ad9\u83b2\u82b1\u8def\u53e3\u5730\u94c1\u7ad9\u5e97)", "order_time": ["2019-01-08 22:04:42"], "total_order": 1, "hotel_value": ["4.8"], "hotel_price": ["264"]}, "858889": {"hotel_name": "\u53a6\u95e8\u4e5d\u95f4\u5802\u8bbe\u8ba1\u5e08\u6c11\u5bbf(\u539f\u53a6\u95e8\u4e09\u6708\u5ba2\u6808)", "order_time": ["2019-01-08 22:04:44"], "total_order": 1, "hotel_value": ["4.8"], "hotel_price": ["116"]}, "1910473": {"hotel_name": "7\u5929\u8fde\u9501\u9152\u5e97(\u53a6\u95e8\u83b2\u82b1\u5e7f\u573a\u5415\u539d\u5730\u94c1\u7ad9\u5e97)", "order_time": ["2019-01-08 22:04:50"], "total_order": 1, "hotel_value": ["4.2"], "hotel_price": ["136"]}, "2074390": {"hotel_name": "\u53a6\u95e8\u5317\u7ad9\u5b89\u6021\u5c45\u5ba2\u6808", "order_time": ["2019-01-08 22:04:50"], "total_order": 1, "hotel_value": ["4.7"], "hotel_price": ["83"]}, "1887337": {"hotel_name": "188\u9152\u5e97\u516c\u5bd3(\u53a6\u95e8\u4f1a\u5c55\u5e97)", "order_time": ["2019-01-08 22:04:52"], "total_order": 1, "hotel_value": ["4.2"], "hotel_price": ["165"]}, "2301441": {"hotel_name": "\u975e\u7e41\u57ce\u54c1\u9152\u5e97(\u53a6\u95e8\u96c6\u7f8e\u5927\u5b66\u5e97)", "order_time": ["2019-01-08 22:04:54"], "total_order": 1, "hotel_value": ["4.7"], "hotel_price": ["192"]}, "1949369": {"hotel_name": "\u53a6\u95e8\u5e02\u94f6\u6cb3\u5546\u52a1\u9152\u5e97", "order_time": ["2019-01-08 22:04:56"], "total_order": 1, "hotel_value": ["4.1"], "hotel_price": ["148"]}, "1707615": {"hotel_name": "\u53a6\u95e8\u7231\u5c1a\u4f18\u9a7f\u9152\u5e97", "order_time": ["2019-01-08 22:06:44"], "total_order": 1, "hotel_value": ["4.4"], "hotel_price": ["109"]}, "1518540": {"hotel_name": "\u53a6\u95e8\u4e09\u4e2a\u53a6\u5927\u4eba\u00b7\u51e0\u7ef43\u53f7\u9662", "order_time": ["2019-01-08 22:06:44"], "total_order": 1, "hotel_value": ["4.9"], "hotel_price": ["193"]}, "22766983": {"hotel_name": "\u9e97\u67ab\u9152\u5e97(\u53a6\u95e8\u4e2d\u5c71\u8def\u6b65\u884c\u8857\u5e97)", "order_time": ["2019-01-08 22:06:45"], "total_order": 1, "hotel_value": ["4.7"], "hotel_price": ["268"]}, "2290174": {"hotel_name": "\u53a6\u95e8\u6676\u90a6\u5927\u9152\u5e97", "order_time": ["2019-01-08 22:16:49", "2019-01-08 22:06:47"], "total_order": 2, "hotel_value": ["3.9", "3.9"], "hotel_price": ["230", "230"]}, "6150330": {"hotel_name": "\u8bd7\u516c\u5bd3(\u53a6\u95e8\u673a\u573a\u5e97)", "order_time": ["2019-01-08 22:06:47"], "total_order": 1, "hotel_value": ["4.2"], "hotel_price": ["102"]}, "6843796": {"hotel_name": "\u9f13\u6d6a\u5c7f\u52a0\u5dde\u522b\u9662", "order_time": ["2019-01-08 22:06:51"], "total_order": 1, "hotel_value": ["4.1"], "hotel_price": ["146"]}, "11089626": {"hotel_name": "\u53a6\u95e8\u5c14\u7fd4\u9152\u5e97", "order_time": ["2019-01-08 22:27:18", "2019-01-08 22:07:18"], "total_order": 2, "hotel_value": ["4.5", "4.5"], "hotel_price": ["358", "358"]}, "5607442": {"hotel_name": "\u53a6\u95e8oneday\u8584\u8377\u8bbe\u8ba1\u5e08\u6c11\u5bbf", "order_time": ["2019-01-08 22:18:53", "2019-01-08 22:07:18"], "total_order": 2, "hotel_value": ["4.7", "4.7"], "hotel_price": ["398", "398"]}, "5073003": {"hotel_name": "\u53a6\u95e8\u4e07\u8fbe\u60a6\u57ce\u9152\u5e97\u516c\u5bd3", "order_time": ["2019-01-08 22:08:43"], "total_order": 1, "hotel_value": ["4.5"], "hotel_price": ["168"]}, "1860967": {"hotel_name": "\u5fc3\u8fdc\u9152\u5e97(\u53a6\u95e8\u96c6\u7f8e\u5927\u5b66\u5e97)", "order_time": ["2019-01-08 22:08:44"], "total_order": 1, "hotel_value": ["4.5"], "hotel_price": ["122"]}, "6973720": {"hotel_name": "\u82b1\u7b51\u00b7\u9f13\u6d6a\u5c7f\u6d77\u97f5\u82b1\u56ed\u5ba2\u6808", "order_time": ["2019-01-08 22:08:50"], "total_order": 1, "hotel_value": ["4.8"], "hotel_price": ["420"]}, "444772": {"hotel_name": "\u590f\u5546\u00b7\u6021\u5ead\u5feb\u6377\u9152\u5e97(\u53a6\u95e8\u706b\u8f66\u7ad9\u6c47\u6210\u5e97)", "order_time": ["2019-01-08 22:08:52"], "total_order": 1, "hotel_value": ["4.5"], "hotel_price": ["98"]}, "2305699": {"hotel_name": "\u53a6\u95e8\u98de\u5bbf\u8fde\u9501\u4e3d\u838e\u5e84\u56ed", "order_time": ["2019-01-08 22:09:00"], "total_order": 1, "hotel_value": ["4.8"], "hotel_price": ["131"]}, "1730041": {"hotel_name": "\u9f13\u6d6a\u5c7f\u6e29\u838e\u516c\u9986", "order_time": ["2019-01-08 22:09:21"], "total_order": 1, "hotel_value": [0], "hotel_price": ["197"]}, "448663": {"hotel_name": "\u53a6\u95e8\u60a6\u534e\u9152\u5e97", "order_time": ["2019-01-08 22:10:41"], "total_order": 1, "hotel_value": ["4.8"], "hotel_price": ["512"]}, "440903": {"hotel_name": "\u5b9c\u5fc5\u601d\u9152\u5e97(\u53a6\u95e8\u706b\u8f66\u7ad9\u9152\u5e97)", "order_time": ["2019-01-08 22:10:42", "2019-01-08 22:14:49"], "total_order": 2, "hotel_value": ["4.3", "4.3"], "hotel_price": ["203", "203"]}, "1299817": {"hotel_name": "\u5408\u4f73\u9152\u5e97(\u53a6\u95e8\u673a\u573a\u5e97)", "order_time": ["2019-01-08 22:10:42"], "total_order": 1, "hotel_value": ["4.0"], "hotel_price": ["190"]}, "1405990": {"hotel_name": "\u901f8\u9152\u5e97(\u53a6\u95e8\u706b\u8f66\u7ad9\u5e97)", "order_time": ["2019-01-08 22:24:46", "2019-01-08 22:10:42"], "total_order": 2, "hotel_value": ["4.3", "4.3"], "hotel_price": ["145", "145"]}, "25634381": {"hotel_name": "\u53a6\u95e8\u5927\u5b66\u82b8\u8d6b\u6c11\u5bbf", "order_time": ["2019-01-08 22:10:42"], "total_order": 1, "hotel_value": ["4.9"], "hotel_price": ["292"]}, "28525229": {"hotel_name": "\u53a6\u95e8\u96c5\u7434\u4f73\u5c45\u516c\u5bd3", "order_time": ["2019-01-08 22:10:42"], "total_order": 1, "hotel_value": ["4.9"], "hotel_price": ["107"]}, "744314": {"hotel_name": "\u5982\u5bb6\u5feb\u6377\u9152\u5e97(\u53a6\u95e8\u4e2d\u5c71\u8def\u6b65\u884c\u8857\u9547\u6d77\u8def\u5730\u94c1\u7ad9\u5e97)", "order_time": ["2019-01-08 22:10:42"], "total_order": 1, "hotel_value": ["4.4"], "hotel_price": ["130"]}, "439323": {"hotel_name": "\u9f13\u6d6a\u5c7f\u7231\u4e0a\u82b1\u56ed\u65c5\u9986", "order_time": ["2019-01-08 22:10:42"], "total_order": 1, "hotel_value": ["4.7"], "hotel_price": ["167"]}, "898510": {"hotel_name": "\u6c49\u5ead\u9152\u5e97(\u53a6\u95e8\u4e07\u8c61\u57ce\u5e97)(\u539f\u706b\u8f66\u7ad9\u5317\u5e7f\u573a\u91d1\u699c\u8def\u5e97)", "order_time": ["2019-01-08 22:10:42"], "total_order": 1, "hotel_value": ["4.4"], "hotel_price": ["187"]}, "5788864": {"hotel_name": "\u53a6\u95e8\u5eb7\u83b1\u5fb7\u9152\u5e97", "order_time": ["2019-01-08 22:16:52", "2019-01-08 22:10:43"], "total_order": 2, "hotel_value": ["4.7", "4.7"], "hotel_price": ["1538", "1538"]}, "1623412": {"hotel_name": "\u6c49\u5ead\u9152\u5e97(\u53a6\u95e8\u767d\u9e6d\u6d32\u8def\u5e97)", "order_time": ["2019-01-08 22:10:44"], "total_order": 1, "hotel_value": ["4.0"], "hotel_price": ["105"]}, "2300412": {"hotel_name": "7\u5929\u8fde\u9501\u9152\u5e97(\u53a6\u95e8\u540c\u5b89\u65b9\u7279\u68a6\u5e7b\u738b\u56fd\u5e97)", "order_time": ["2019-01-08 22:10:49"], "total_order": 1, "hotel_value": ["4.4"], "hotel_price": ["122"]}, "1727667": {"hotel_name": "\u53a6\u95e8\u9f13\u6d6a\u5c7f\u9e93\u610f\u601d\u8001\u522b\u5885\u5ea6\u5047\u9152\u5e97", "order_time": ["2019-01-08 22:10:54", "2019-01-08 22:16:52"], "total_order": 2, "hotel_value": ["4.6", "4.6"], "hotel_price": ["203", "203"]}, "1646749": {"hotel_name": "\u53a6\u95e8\u89e3\u5fe7\u65c5\u820d(\u539f\u53a6\u5927\u8db4\u8db4\u8d70\u9752\u5e74\u65c5\u820d)", "order_time": ["2019-01-08 22:11:15"], "total_order": 1, "hotel_value": ["4.1"], "hotel_price": ["39"]}, "1540062": {"hotel_name": "\u4e45\u6816\u00b7\u9f13\u6d6a\u5c7f\u6d77\u5cb8\u82b1\u65c5\u9986", "order_time": ["2019-01-08 22:12:42"], "total_order": 1, "hotel_value": ["4.9"], "hotel_price": ["119"]}, "2363786": {"hotel_name": "\u4e00\u683c\u00b7\u5de2\u5bbf(\u53a6\u95e8\u66fe\u539d\u57b5\u5e97)", "order_time": ["2019-01-08 22:12:42"], "total_order": 1, "hotel_value": ["4.9"], "hotel_price": ["146"]}, "4041819": {"hotel_name": "\u5bb6\u5bb6\u4e50\u9152\u5e97\uff08\u53a6\u95e8\u4e2d\u5c71\u8def\u6b65\u884c\u8857\u5e97\uff09", "order_time": ["2019-01-08 22:12:43"], "total_order": 1, "hotel_value": ["4.4"], "hotel_price": ["200"]}, "4510014": {"hotel_name": "\u53a6\u95e8\u5927\u5b66\u73ba\u83b1\u65af\u6d77\u666f\u516c\u5bd3(\u539f\u5929\u73ba\u6d77\u666f\u516c\u5bd3)", "order_time": ["2019-01-08 22:12:43"], "total_order": 1, "hotel_value": ["4.6"], "hotel_price": ["340"]}, "6069131": {"hotel_name": "\u53a6\u95e8\u5317\u7ad9\u9047\u89c1\u5ba2\u6808", "order_time": ["2019-01-08 22:12:46"], "total_order": 1, "hotel_value": ["4.7"], "hotel_price": ["98"]}, "8506987": {"hotel_name": "\u53a6\u95e8\u5723\u6dd8\u6c99\u9152\u5e97", "order_time": ["2019-01-08 22:12:46"], "total_order": 1, "hotel_value": ["4.4"], "hotel_price": ["178"]}, "6033919": {"hotel_name": "\u5361\u8428\u6d77\u8d1d\u9152\u5e97(\u9f13\u6d6a\u5c7f\u6d77\u5e95\u4e16\u754c\u5e97)", "order_time": ["2019-01-08 22:12:47"], "total_order": 1, "hotel_value": ["4.5"], "hotel_price": ["273"]}, "387242": {"hotel_name": "\u53a6\u95e8\u4e1c\u5357\u4e9a\u5927\u9152\u5e97", "order_time": ["2019-01-08 22:12:47", "2019-01-08 22:20:41"], "total_order": 2, "hotel_value": ["4.5", "4.5"], "hotel_price": ["299", "299"]}, "346269": {"hotel_name": "\u53a6\u95e8\u6e90\u660c\u51ef\u5bbe\u65af\u57fa\u5927\u9152\u5e97", "order_time": ["2019-01-08 22:12:47", "2019-01-08 22:18:46"], "total_order": 2, "hotel_value": ["4.7", "4.7"], "hotel_price": ["967", "967"]}, "440696": {"hotel_name": "\u53a6\u95e8\u9f13\u6d6a\u6e7e\u5927\u9152\u5e97", "order_time": ["2019-01-08 22:12:48"], "total_order": 1, "hotel_value": ["4.5"], "hotel_price": ["522"]}, "929605": {"hotel_name": "\u53a6\u95e8\u9752\u5e74\u9633\u5149\u9152\u5e97(\u4e1c\u6e21\u53a6\u9f13\u90ae\u8f6e\u7801\u5934\u5e97)", "order_time": ["2019-01-08 22:12:48"], "total_order": 1, "hotel_value": ["4.2"], "hotel_price": ["134"]}, "2310179": {"hotel_name": "\u53a6\u95e8\u66fc\u53ef\u8fde\u9501\u9152\u5e97", "order_time": ["2019-01-08 22:12:49"], "total_order": 1, "hotel_value": ["3.8"], "hotel_price": ["75"]}, "443638": {"hotel_name": "\u53a6\u95e8\u91d1\u6865\u82b1\u56ed\u9152\u5e97", "order_time": ["2019-01-08 22:12:56"], "total_order": 1, "hotel_value": ["4.5"], "hotel_price": ["292"]}, "2304549": {"hotel_name": "99\u65c5\u9986\u8fde\u9501(\u53a6\u95e8SM\u4e4c\u77f3\u6d66\u5730\u94c1\u7ad9\u5e97)", "order_time": ["2019-01-08 22:12:57"], "total_order": 1, "hotel_value": ["4.1"], "hotel_price": ["109"]}, "1317886": {"hotel_name": "\u53a6\u95e8\u81ea\u7531\u7a7a\u95f4\u8fde\u9501\u9152\u5e97", "order_time": ["2019-01-08 22:14:43"], "total_order": 1, "hotel_value": ["4.1"], "hotel_price": ["206"]}, "4496383": {"hotel_name": "\u53a6\u95e8\u6162\u751f\u6d3b\u00b7\u4e0a\u91ce\u5ba2\u6808", "order_time": ["2019-01-08 22:14:45"], "total_order": 1, "hotel_value": ["4.9"], "hotel_price": ["94"]}, "1486929": {"hotel_name": "\u6c49\u5ead\u4f18\u4f73\u9152\u5e97(\u53a6\u95e8\u4e2d\u5c71\u8def\u6b65\u884c\u8857\u5e97)", "order_time": ["2019-01-08 22:14:46"], "total_order": 1, "hotel_value": ["4.7"], "hotel_price": ["263"]}, "5282077": {"hotel_name": "\u53a6\u95e8\u71d5\u6eaa\u9ad8\u7aef\u6c11\u5bbf", "order_time": ["2019-01-08 22:14:46"], "total_order": 1, "hotel_value": ["4.9"], "hotel_price": ["280"]}, "700179": {"hotel_name": "\u6cca\u65c5\u65f6\u5c1a\u9152\u5e97(\u53a6\u95e8\u4f1a\u5c55\u4e2d\u5fc3\u5e97)", "order_time": ["2019-01-08 22:14:53"], "total_order": 1, "hotel_value": ["4.0"], "hotel_price": ["182"]}, "964802": {"hotel_name": "\u6620\u50cf\u53a6\u95e8\u4e3b\u9898\u5ba2\u6808", "order_time": ["2019-01-08 22:14:56"], "total_order": 1, "hotel_value": ["4.5"], "hotel_price": ["151"]}, "19853957": {"hotel_name": "\u9038\u6cca\u5b87\u516c\u5bd3(\u53a6\u95e8\u673a\u573a\u5e97)", "order_time": ["2019-01-08 22:16:46"], "total_order": 1, "hotel_value": ["4.6"], "hotel_price": ["125"]}, "1860898": {"hotel_name": "\u901f8\u9152\u5e97(\u53a6\u95e8\u540c\u5b89\u5e97)", "order_time": ["2019-01-08 22:16:49", "2019-01-08 22:22:44"], "total_order": 2, "hotel_value": ["4.3", "4.3"], "hotel_price": ["167", "167"]}, "1478830": {"hotel_name": "\u53a6\u95e8\u9f13\u6d6a\u5c7f\u5c0f\u8309\u8389\u65c5\u9986", "order_time": ["2019-01-08 22:16:50", "2019-01-08 22:34:55"], "total_order": 2, "hotel_value": ["4.7", "4.7"], "hotel_price": ["152", "152"]}, "24034391": {"hotel_name": "\u53a6\u95e8\u6c34\u6728\u6d77\u666f\u9152\u5e97", "order_time": ["2019-01-08 22:20:44", "2019-01-08 22:30:43", "2019-01-08 22:16:51", "2019-01-08 22:26:45"], "total_order": 4, "hotel_value": ["4.6", "4.6", "4.6", "4.6"], "hotel_price": ["241", "241", "241", "241"]}, "6731656": {"hotel_name": "\u53a6\u95e8\u5916\u6e21\u53a6\u98ce\u8f7b\u5c45", "order_time": ["2019-01-08 22:16:52"], "total_order": 1, "hotel_value": ["4.7"], "hotel_price": ["209"]}, "2098288": {"hotel_name": "\u53a6\u95e8\u84dd\u8272\u6d77\u5cb8\u5546\u52a1\u9152\u5e97(\u6d77\u6ca7\u5e97)", "order_time": ["2019-01-08 22:16:56"], "total_order": 1, "hotel_value": ["3.6"], "hotel_price": ["198"]}, "5093340": {"hotel_name": "\u53a6\u95e8\u5317\u7ad9\u6d77\u6e7e\u7cbe\u54c1\u5ba2\u6808", "order_time": ["2019-01-08 22:17:10"], "total_order": 1, "hotel_value": ["4.7"], "hotel_price": ["98"]}, "8656624": {"hotel_name": "\u5168\u5b63\u9152\u5e97(\u53a6\u95e8\u96c6\u7f8e\u5b66\u6751\u5e97)(\u539f\u8d22\u7a0e\u5bbe\u9986)", "order_time": ["2019-01-08 22:18:40"], "total_order": 1, "hotel_value": ["4.7"], "hotel_price": ["279"]}, "346273": {"hotel_name": "\u53a6\u95e8\u78d0\u57fa\u5e0c\u5c14\u987f\u9152\u5e97", "order_time": ["2019-01-08 22:18:41"], "total_order": 1, "hotel_value": ["4.6"], "hotel_price": ["767"]}, "926806": {"hotel_name": "\u53a6\u95e8\u4eac\u534e\u5927\u9152\u5e97", "order_time": ["2019-01-08 22:18:44"], "total_order": 1, "hotel_value": ["4.6"], "hotel_price": ["396"]}, "6118404": {"hotel_name": "\u98de\u5bbf\u8fde\u9501\u53a6\u95e8\u9f13\u6d6a\u5c7f\u767d\u9732\u5e84\u56ed", "order_time": ["2019-01-08 22:18:45"], "total_order": 1, "hotel_value": ["4.8"], "hotel_price": ["229"]}, "426864": {"hotel_name": "\u53a6\u95e8\u9f13\u6d6a\u5c7f\u6d77\u4e0a\u82b1\u56ed\u9152\u5e97", "order_time": ["2019-01-08 22:18:45"], "total_order": 1, "hotel_value": ["4.4"], "hotel_price": ["690"]}, "1389218": {"hotel_name": "\u53a6\u95e8\u5eb7\u96c5\u9152\u5e97", "order_time": ["2019-01-08 22:18:45"], "total_order": 1, "hotel_value": ["4.5"], "hotel_price": ["152"]}, "481144": {"hotel_name": "\u53a6\u95e8\u6069\u7c89\u9152\u5e97(\u539f\u4e30\u6021\u9152\u5e97)", "order_time": ["2019-01-08 22:18:45"], "total_order": 1, "hotel_value": ["4.3"], "hotel_price": ["106"]}, "15248848": {"hotel_name": "\u53a6\u95e8\u5982\u5f52\u6d77\u5885\u5ba2\u6808", "order_time": ["2019-01-08 22:18:45"], "total_order": 1, "hotel_value": ["4.9"], "hotel_price": ["214"]}, "1230104": {"hotel_name": "\u53a6\u95e8\u63a2\u7d22\u9152\u5e97", "order_time": ["2019-01-08 22:18:46"], "total_order": 1, "hotel_value": ["4.5"], "hotel_price": ["437"]}, "2157026": {"hotel_name": "\u53a6\u95e8\u559c\u591a\u5c4b\u9152\u5e97", "order_time": ["2019-01-08 22:18:48"], "total_order": 1, "hotel_value": ["4.6"], "hotel_price": ["69"]}, "608369": {"hotel_name": "\u53a6\u95e8\u540c\u5b89\u5e1d\u4e50\u9152\u5e97", "order_time": ["2019-01-08 22:18:49"], "total_order": 1, "hotel_value": ["4.2"], "hotel_price": ["260"]}, "8923315": {"hotel_name": "\u53a6\u95e8\u4e00\u8bfa\u5bb6\u65c5\u9986", "order_time": ["2019-01-08 22:18:49"], "total_order": 1, "hotel_value": ["4.4"], "hotel_price": ["134"]}, "6594443": {"hotel_name": "\u53a6\u95e8\u7559\u767d\u6c11\u5bbf", "order_time": ["2019-01-08 22:18:50"], "total_order": 1, "hotel_value": ["4.9"], "hotel_price": ["168"]}, "428297": {"hotel_name": "\u5982\u5bb6\u9152\u5e97(\u53a6\u95e8\u96c6\u7f8e\u674f\u6797\u897f\u8def\u5e97)", "order_time": ["2019-01-08 22:18:50"], "total_order": 1, "hotel_value": ["4.7"], "hotel_price": ["195"]}, "17361950": {"hotel_name": "\u53a6\u95e8\u54c1\u60a6\u9152\u5e97", "order_time": ["2019-01-08 22:18:50"], "total_order": 1, "hotel_value": ["4.4"], "hotel_price": ["358"]}, "11021977": {"hotel_name": "\u53a6\u95e8oneday\u5c9b\u5c7f\u8bbe\u8ba1\u5e08\u6c11\u5bbf", "order_time": ["2019-01-08 22:18:52"], "total_order": 1, "hotel_value": ["4.8"], "hotel_price": ["456"]}, "1374267": {"hotel_name": "\u9526\u6c5f\u4e4b\u661f(\u53a6\u95e8\u9a6c\u5df7\u5e97)", "order_time": ["2019-01-08 22:18:52"], "total_order": 1, "hotel_value": ["4.3"], "hotel_price": ["206"]}, "13868957": {"hotel_name": "\u53a6\u95e8\u652f\u95f4\u8bbe\u8ba1\u6c11\u5bbf(\u539f\u9752\u9edb\u8bbe\u8ba1\u516c\u5bd3)", "order_time": ["2019-01-08 22:18:53"], "total_order": 1, "hotel_value": ["4.7"], "hotel_price": ["248"]}, "1768712": {"hotel_name": "\u53a6\u95e8\u9014\u5e84\u7cbe\u54c1\u9152\u5e97", "order_time": ["2019-01-08 22:20:40"], "total_order": 1, "hotel_value": ["4.6"], "hotel_price": ["148"]}, "431557": {"hotel_name": "\u901f8\u9152\u5e97(\u53a6\u95e8\u4e2d\u5c71\u8def\u8f6e\u6e21\u5e97)", "order_time": ["2019-01-08 22:30:41", "2019-01-08 22:20:41"], "total_order": 2, "hotel_value": ["4.4", "4.4"], "hotel_price": ["130", "130"]}, "6486006": {"hotel_name": "\u53a6\u95e8\u6e56\u6ee8\u9996\u5e9c\u4e16\u8302\u777f\u9009\u9152\u5e97", "order_time": ["2019-01-08 22:20:41"], "total_order": 1, "hotel_value": ["4.6"], "hotel_price": ["296"]}, "4633047": {"hotel_name": "\u53a6\u95e8\u91d1\u65e5\u94f6\u6d77\u84dd\u6234\u65af\u9152\u5e97", "order_time": ["2019-01-08 22:20:41", "2019-01-08 22:28:43"], "total_order": 2, "hotel_value": ["4.4", "4.4"], "hotel_price": ["298", "298"]}, "467685": {"hotel_name": "\u53a6\u95e8\u767d\u9e6d\u6d32\u5927\u9152\u5e97", "order_time": ["2019-01-08 22:20:41"], "total_order": 1, "hotel_value": ["4.2"], "hotel_price": ["352"]}, "427947": {"hotel_name": "\u53a6\u95e8\u56fd\u9645\u4f1a\u8bae\u4e2d\u5fc3\u9152\u5e97", "order_time": ["2019-01-08 22:20:41"], "total_order": 1, "hotel_value": ["4.8"], "hotel_price": ["674"]}, "428315": {"hotel_name": "\u5982\u5bb6\u5feb\u6377\u9152\u5e97(\u53a6\u95e8\u6587\u56ed\u8def\u6587\u7076\u5730\u94c1\u7ad9\u5e97)", "order_time": ["2019-01-08 22:20:45"], "total_order": 1, "hotel_value": ["4.4"], "hotel_price": ["97"]}, "443333": {"hotel_name": "\u9752\u5e74\u9633\u5149\u8fde\u9501\u9152\u5e97(\u53a6\u95e8\u65b9\u7279\u68a6\u5e7b\u540c\u5b89\u5e97)(\u539f\u540c\u5b89\u5e97)", "order_time": ["2019-01-08 22:20:46"], "total_order": 1, "hotel_value": ["4.5"], "hotel_price": ["116"]}, "832732": {"hotel_name": "\u53a6\u95e8\u6d77\u946b88\u89c2\u666f\u9152\u5e97", "order_time": ["2019-01-08 22:20:48"], "total_order": 1, "hotel_value": ["3.8"], "hotel_price": ["243"]}, "1768152": {"hotel_name": "\u5357\u71d5\u539d\u6c11\u5bbf(\u53a6\u95e8\u65e5\u6708\u8c37\u6e29\u6cc9\u5e97)(\u539f\u4e00\u54c1\u6c64\u5bb6\u5ead\u65c5\u9986)", "order_time": ["2019-01-08 22:20:59"], "total_order": 1, "hotel_value": ["4.8"], "hotel_price": ["132"]}, "2593672": {"hotel_name": "\u592a\u7a7a\u8231\u9152\u5e97\uff08\u53a6\u95e8\u4e2d\u5c71\u8def\u8f6e\u6e21\u5e97\uff09", "order_time": ["2019-01-08 22:21:03"], "total_order": 1, "hotel_value": ["4.3"], "hotel_price": ["49"]}, "5324761": {"hotel_name": "\u53a6\u95e8\u798f\u5b89\u516c\u5bd3", "order_time": ["2019-01-08 22:22:42"], "total_order": 1, "hotel_value": ["4.6"], "hotel_price": ["78"]}, "1641097": {"hotel_name": "\u9f13\u6d6a\u5c7f\u56db\u5b63\u82b1\u65c5\u9986(\u539f\u521d\u590f\u65c5\u9986)", "order_time": ["2019-01-08 22:22:42"], "total_order": 1, "hotel_value": ["4.9"], "hotel_price": ["87"]}, "6516890": {"hotel_name": "\u5168\u5b63\u9152\u5e97(\u53a6\u95e8SM\u5e7f\u573a\u677e\u67cf\u5e97)", "order_time": ["2019-01-08 22:22:47"], "total_order": 1, "hotel_value": ["4.8"], "hotel_price": ["379"]}, "16085960": {"hotel_name": "\u53a6\u95e8\u5e0c\u60a6\u516c\u5bd3\u9152\u5e97", "order_time": ["2019-01-08 22:22:49"], "total_order": 1, "hotel_value": ["4.8"], "hotel_price": ["144"]}, "8568978": {"hotel_name": "\u53a6\u95e8\u5317\u7ad9\u6708\u5149\u5ba2\u6808", "order_time": ["2019-01-08 22:22:51"], "total_order": 1, "hotel_value": ["4.6"], "hotel_price": ["93"]}, "4389410": {"hotel_name": "\u53a6\u95e8\u6e56\u91cc\u96c5\u5c45\u516c\u5bd3", "order_time": ["2019-01-08 22:22:52"], "total_order": 1, "hotel_value": ["4.4"], "hotel_price": ["94"]}, "28565834": {"hotel_name": "\u53a6\u95e8\u559c\u7f8e\u7f8e\u5c45\u9152\u5e97", "order_time": ["2019-01-08 22:32:41", "2019-01-08 22:24:40"], "total_order": 2, "hotel_value": ["5.0", "5.0"], "hotel_price": ["388", "388"]}, "17470637": {"hotel_name": "\u53a6\u95e8\u516d\u60a6\u5ea6\u5047\u9152\u5e97(\u9f13\u6d6a\u5c7f\u522b\u5885\u5e97)", "order_time": ["2019-01-08 22:24:41"], "total_order": 1, "hotel_value": ["4.7"], "hotel_price": ["295"]}, "2362494": {"hotel_name": "\u53a6\u95e8\u701a\u90fd\u5546\u52a1\u5bbe\u9986(\u539f\u96c5\u6cca\u5bbe\u9986)", "order_time": ["2019-01-08 22:24:41"], "total_order": 1, "hotel_value": ["3.8"], "hotel_price": ["131"]}, "1686997": {"hotel_name": "\u53a6\u95e8\u98de\u5bbf\u8fde\u9501\u4f4f\u54ea\u513f\u5ea6\u5047\u522b\u5885", "order_time": ["2019-01-08 22:24:45"], "total_order": 1, "hotel_value": ["4.8"], "hotel_price": ["72"]}, "5244123": {"hotel_name": "\u53a6\u95e8\u5362\u5361\u56fd\u9645\u9752\u5e74\u65c5\u820d", "order_time": ["2019-01-08 22:24:50"], "total_order": 1, "hotel_value": ["4.4"], "hotel_price": ["238"]}, "5615856": {"hotel_name": "\u53a6\u95e8\u9605\u6d77\u5c45\u7eaf\u6d77\u666f\u5ba2\u6808", "order_time": ["2019-01-08 22:24:55"], "total_order": 1, "hotel_value": ["4.3"], "hotel_price": ["148"]}, "17354669": {"hotel_name": "\u53a6\u95e8Amoyholiday\u516c\u5bd3", "order_time": ["2019-01-08 22:25:12"], "total_order": 1, "hotel_value": [0], "hotel_price": ["295"]}, "3777473": {"hotel_name": "\u53a6\u95e8\u9e7f\u91cc\u6c11\u5bbf", "order_time": ["2019-01-08 22:26:48"], "total_order": 1, "hotel_value": ["4.9"], "hotel_price": ["106"]}, "701742": {"hotel_name": "\u901f8\u9152\u5e97(\u53a6\u95e8\u4e2d\u5c71\u8def\u53a6\u95e8\u5927\u5b66\u5e97)", "order_time": ["2019-01-08 22:26:49"], "total_order": 1, "hotel_value": ["4.6"], "hotel_price": ["152"]}, "929710": {"hotel_name": "\u53a6\u95e8\u516b\u5c71\u9152\u5e97", "order_time": ["2019-01-08 22:26:51"], "total_order": 1, "hotel_value": ["4.1"], "hotel_price": ["165"]}, "436703": {"hotel_name": "\u53a6\u95e8\u674f\u535a\u6e7e(\u5929\u6c90)\u6e29\u6cc9\u5ea6\u5047\u6751", "order_time": ["2019-01-08 22:26:57"], "total_order": 1, "hotel_value": ["4.3"], "hotel_price": ["556"]}, "2303499": {"hotel_name": "\u53a6\u95e8\u9f13\u6d6a\u5c7f\u6c5d\u5357\u6d77\u666f\u522b\u58851935\u6c11\u56fd\u9a7b\u7f8e\u5927\u4f7f\u5e97", "order_time": ["2019-01-08 22:27:18"], "total_order": 1, "hotel_value": ["4.7"], "hotel_price": ["278"]}, "17248082": {"hotel_name": "\u9f13\u6d6a\u5c7f\u90a3\u4e9b\u5e74\u4e00\u820d\u6c11\u5bbf", "order_time": ["2019-01-08 22:27:18"], "total_order": 1, "hotel_value": ["4.8"], "hotel_price": ["206"]}, "1073458": {"hotel_name": "\u53a6\u95e8\u539f\u77f3\u6ee9\u9152\u5e97", "order_time": ["2019-01-08 22:27:18"], "total_order": 1, "hotel_value": ["4.7"], "hotel_price": ["566"]}, "1586686": {"hotel_name": "\u53a6\u95e8\u60a6\u8c6a\u9152\u5e97", "order_time": ["2019-01-08 22:27:18", "2019-01-08 22:33:24"], "total_order": 2, "hotel_value": ["4.5", "4.5"], "hotel_price": ["209", "209"]}, "4645488": {"hotel_name": "\u53a6\u95e8\u4f1f\u4f26\u4e3b\u9898\u522b\u5885\u5ba2\u6808", "order_time": ["2019-01-08 22:28:42"], "total_order": 1, "hotel_value": ["4.5"], "hotel_price": ["93"]}, "3658324": {"hotel_name": "\u9f13\u6d6a\u5c7f\u6d45\u590f\u65c5\u9986", "order_time": ["2019-01-08 22:28:47", "2019-01-08 22:30:54"], "total_order": 2, "hotel_value": ["4.7", "4.7"], "hotel_price": ["96", "96"]}, "2769695": {"hotel_name": "\u4e03\u96f6\u516b\u96f6\u65f6\u5c1a\u4e3b\u9898\u9152\u5e97(\u53a6\u95e8\u4e07\u8fbe\u5e97)", "order_time": ["2019-01-08 22:28:48"], "total_order": 1, "hotel_value": ["4.5"], "hotel_price": ["165"]}, "5312033": {"hotel_name": "\u53a6\u95e8\u6c38\u4e30\u6d77\u6d0b\u5ba2\u6808", "order_time": ["2019-01-08 22:28:52"], "total_order": 1, "hotel_value": ["4.6"], "hotel_price": ["151"]}, "2539706": {"hotel_name": "\u53a6\u95e8\u56db\u6d77\u4e4b\u661f\u9152\u5e97", "order_time": ["2019-01-08 22:30:42"], "total_order": 1, "hotel_value": ["4.2"], "hotel_price": ["146"]}, "6599741": {"hotel_name": "\u6854\u5b50\u9152\u5e97\u00b7\u7cbe\u9009(\u53a6\u95e8\u4e2d\u5c71\u8def\u8f6e\u6e21\u7801\u5934\u5e97)(\u539f\u4e2d\u5c71\u8def\u6b65\u884c\u8857\u5e97)", "order_time": ["2019-01-08 22:30:44"], "total_order": 1, "hotel_value": ["4.8"], "hotel_price": ["294"]}, "606881": {"hotel_name": "\u53a6\u95e8\u946b\u8a89\u9686\u5927\u9152\u5e97", "order_time": ["2019-01-08 22:30:47"], "total_order": 1, "hotel_value": ["4.3"], "hotel_price": ["292"]}, "15343255": {"hotel_name": "\u6e05\u67ab\u5c0f\u7b51\u5ba2\u6808(\u53a6\u95e8\u5317\u7ad9\u5e97)", "order_time": ["2019-01-08 22:30:49"], "total_order": 1, "hotel_value": ["4.7"], "hotel_price": ["94"]}, "2306991": {"hotel_name": "\u53a6\u95e8\u60a0\u5c45\u9a7f\u7ad9\u9152\u5e97", "order_time": ["2019-01-08 22:30:51"], "total_order": 1, "hotel_value": ["4.0"], "hotel_price": ["83"]}, "6870645": {"hotel_name": "\u53a6\u95e8\u91d1\u9e3f\u745e\u9152\u5e97\u673a\u573a\u5e97", "order_time": ["2019-01-08 22:31:01"], "total_order": 1, "hotel_value": ["4.4"], "hotel_price": ["129"]}, "1719909": {"hotel_name": "\u53a6\u95e8\u963f\u91cc\u5143\u5ba2\u6808", "order_time": ["2019-01-08 22:32:54"], "total_order": 1, "hotel_value": ["4.7"], "hotel_price": ["73"]}, "17384857": {"hotel_name": "\u53a6\u95e8\u7f8e\u9014\u96c5\u820d\u5546\u52a1\u9152\u5e97", "order_time": ["2019-01-08 22:32:55"], "total_order": 1, "hotel_value": ["4.0"], "hotel_price": ["148"]}, "1893266": {"hotel_name": "\u53a6\u95e8\u6765\u60a6\u9152\u5e97", "order_time": ["2019-01-08 22:32:57"], "total_order": 1, "hotel_value": ["4.5"], "hotel_price": ["159"]}, "1338619": {"hotel_name": "\u53a6\u95e8\u73ab\u7470\u65c5\u793e", "order_time": ["2019-01-08 22:33:15"], "total_order": 1, "hotel_value": ["2.9"], "hotel_price": ["55"]}, "11669350": {"hotel_name": "\u53a6\u95e8\u66fe\u539d\u57b5\u6d77\u5cb8\u8fb9\u5bb6\u5ead\u65c5\u9986", "order_time": ["2019-01-08 22:33:23"], "total_order": 1, "hotel_value": ["4.6"], "hotel_price": ["90"]}, "479139": {"hotel_name": "7\u5929\u8fde\u9501\u9152\u5e97(\u53a6\u95e8\u706b\u8f66\u7ad9\u4e07\u8c61\u57ce\u5e97)", "order_time": ["2019-01-08 22:34:44"], "total_order": 1, "hotel_value": ["4.4"], "hotel_price": ["123"]}, "1893295": {"hotel_name": "\u53a6\u95e8\u83b2\u5bcc\u5546\u52a1\u9152\u5e97", "order_time": ["2019-01-08 22:34:52"], "total_order": 1, "hotel_value": ["4.0"], "hotel_price": ["104"]}, "12090705": {"hotel_name": "\u53a6\u95e8\u68a6\u60f3\u6d77\u8fb9\u5ba2\u6808(\u539f\u53a6\u95e8\u53a6\u5927\u6d77\u7f18\u6e7e\u7cbe\u54c1\u5ba2\u6808)", "order_time": ["2019-01-08 22:35:18"], "total_order": 1, "hotel_value": [0], "hotel_price": ["72"]}, "2600928": {"hotel_name": "\u5fc3\u8fdc\u9152\u5e97(\u53a6\u95e8\u674f\u6797\u5e97)", "order_time": ["2019-01-08 22:36:42"], "total_order": 1, "hotel_value": ["4.4"], "hotel_price": ["139"]}, "1804365": {"hotel_name": "\u6d6a\u6f2b\u90fd\u5e02\u8fde\u9501\u9152\u5e97(\u53a6\u95e8\u706b\u8f66\u7ad9\u6d0b\u5b8f\u603b\u5e97)(\u539f\u6d0b\u5b8f\u5bbe\u9986)", "order_time": ["2019-01-08 22:36:42"], "total_order": 1, "hotel_value": ["4.3"], "hotel_price": ["108"]}, "6746006": {"hotel_name": "\u53a6\u95e8\u66fe\u539d\u57b5\u8fe6\u9005\u96c5\u5c45", "order_time": ["2019-01-08 22:36:42"], "total_order": 1, "hotel_value": ["4.8"], "hotel_price": ["106"]}, "1808673": {"hotel_name": "\u53a6\u95e8\u957f\u57ce\u5bbe\u9986", "order_time": ["2019-01-08 22:36:42"], "total_order": 1, "hotel_value": ["4.5"], "hotel_price": ["303"]}, "2300486": {"hotel_name": "7\u5929\u8fde\u9501\u9152\u5e97(\u53a6\u95e8\u53a6\u9f13\u6e38\u8f6e\u7801\u5934\u5e97)", "order_time": ["2019-01-08 22:36:43"], "total_order": 1, "hotel_value": ["4.2"], "hotel_price": ["101"]}, "6873138": {"hotel_name": "\u53a6\u95e8\u78a7\u6d77\u7ea2\u697c\u5ba2\u6808", "order_time": ["2019-01-08 22:36:43"], "total_order": 1, "hotel_value": ["4.9"], "hotel_price": ["125"]}, "1741647": {"hotel_name": "\u53a6\u95e8\u6f2b\u6e21\u6734\u820d\u8bbe\u8ba1\u578b\u6c11\u5bbf", "order_time": ["2019-01-08 22:36:43"], "total_order": 1, "hotel_value": ["5.0"], "hotel_price": ["193"]}, "1195853": {"hotel_name": "\u53a6\u95e8\u610f\u4f73\u9152\u5e97", "order_time": ["2019-01-08 22:36:43"], "total_order": 1, "hotel_value": ["4.4"], "hotel_price": ["89"]}, "1047946": {"hotel_name": "\u53a6\u95e8\u91d1\u7396\u9152\u5e97", "order_time": ["2019-01-08 22:36:43"], "total_order": 1, "hotel_value": ["4.5"], "hotel_price": ["260"]}, "700166": {"hotel_name": "\u53a6\u95e8\u534e\u7f8e\u6930\u6797\u9152\u5e97(\u539fCOCO\u6930\u6797\u7cbe\u54c1\u9152\u5e97)", "order_time": ["2019-01-08 22:36:44"], "total_order": 1, "hotel_value": ["4.2"], "hotel_price": ["314"]}, "5982442": {"hotel_name": "\u53a6\u95e8\u52aa\u52aa\u9752\u5e74\u65c5\u820d", "order_time": ["2019-01-08 22:36:51"], "total_order": 1, "hotel_value": ["4.7"], "hotel_price": ["52"]}, "4337031": {"hotel_name": "\u53a6\u95e8\u9f13\u6d6a\u5c7f\u7ea2\u5802\u65c5\u9986", "order_time": ["2019-01-08 22:36:52"], "total_order": 1, "hotel_value": ["4.2"], "hotel_price": ["226"]}, "1893981": {"hotel_name": "\u53a6\u95e8\u9510\u00b7\u67cf\u8335\u9152\u5e97", "order_time": ["2019-01-08 22:36:54"], "total_order": 1, "hotel_value": ["4.4"], "hotel_price": ["139"]}, "457043": {"hotel_name": "\u9752\u5e74\u9633\u5149\u9152\u5e97(\u53a6\u95e8\u4e2d\u5c71\u8def\u5e97)(\u539f\u540e\u6ee8\u4e2a\u6027\u5e97)", "order_time": ["2019-01-08 22:36:59"], "total_order": 1, "hotel_value": ["4.7"], "hotel_price": ["145"]}, "1316751": {"hotel_name": "\u6cca\u6377\u9152\u5e97(\u53a6\u95e8\u706b\u8f66\u7ad9\u5e97)", "order_time": ["2019-01-08 22:37:01"], "total_order": 1, "hotel_value": ["4.0"], "hotel_price": ["118"]}, "17329532": {"hotel_name": "\u53a6\u95e8\u91d1\u623f\u5b50\u4e5d\u9a7f\u7ad9", "order_time": ["2019-01-08 22:37:09"], "total_order": 1, "hotel_value": ["4.4"], "hotel_price": ["74"]}}}