{"\u5f00\u59cb\u8bb0\u5f55\u65f6\u95f4": "2019-01-16 09:38:44", "\u7ed3\u675f\u8bb0\u5f55\u65f6\u95f4": "2019-01-16 10:38:44", "\u8ba2\u5355\u603b\u589e\u91cf": 350, "item": {"708137": {"hotel_name": "\u53a6\u95e8\u5885\u5c7f\u7cbe\u54c1\u6c11\u5bbf", "order_time": ["2019-01-16 09:41:02"], "total_order": 1, "hotel_value": ["4.9"], "hotel_price": ["206"]}, "6420073": {"hotel_name": "\u5929\u4e00\u5ba2\u6808(\u53a6\u95e8\u4e2d\u5c71\u8def\u6b65\u884c\u8857\u5e97)", "order_time": ["2019-01-16 09:41:02"], "total_order": 1, "hotel_value": ["4.7"], "hotel_price": ["243"]}, "1498669": {"hotel_name": "\u53a6\u95e8\u5317\u7ad9\u548c\u798f\u5ba2\u6808", "order_time": ["2019-01-16 09:41:04"], "total_order": 1, "hotel_value": ["4.9"], "hotel_price": ["78"]}, "3925042": {"hotel_name": "\u53a6\u95e8\u540d\u95e8\u76db\u4e16\u00b7\u6587\u5316\u9152\u5e97", "order_time": ["2019-01-16 09:41:05"], "total_order": 1, "hotel_value": ["4.8"], "hotel_price": ["185"]}, "385410": {"hotel_name": "\u53a6\u95e8\u6d77\u5cb8\u56fd\u9645\u9152\u5e97", "order_time": ["2019-01-16 09:41:05"], "total_order": 1, "hotel_value": ["4.4"], "hotel_price": ["298"]}, "346260": {"hotel_name": "\u53a6\u95e8\u745e\u9890\u5927\u9152\u5e97", "order_time": ["2019-01-16 10:33:07", "2019-01-16 09:41:06"], "total_order": 2, "hotel_value": ["4.7", "4.7"], "hotel_price": ["1049", "949"]}, "397577": {"hotel_name": "\u53a6\u95e8\u5b9d\u9f99\u94c2\u5c14\u66fc\u5927\u9152\u5e97", "order_time": ["2019-01-16 10:05:02", "2019-01-16 09:41:06"], "total_order": 2, "hotel_value": ["4.7", "4.7"], "hotel_price": ["700", "700"]}, "823738": {"hotel_name": "\u753b\u5eca\u9152\u5e97(\u9f13\u6d6a\u5c7f\u6545\u9a7f\u6d77\u666f\u5e97)", "order_time": ["2019-01-16 09:41:06", "2019-01-16 09:49:07"], "total_order": 2, "hotel_value": ["4.9", "4.9"], "hotel_price": ["318", "318"]}, "1575123": {"hotel_name": "\u827e\u601d\u987f\u9152\u5e97(\u53a6\u95e8\u706b\u8f66\u7ad9\u5e97)", "order_time": ["2019-01-16 09:41:06"], "total_order": 1, "hotel_value": ["4.8"], "hotel_price": ["247"]}, "427947": {"hotel_name": "\u53a6\u95e8\u56fd\u9645\u4f1a\u8bae\u4e2d\u5fc3\u9152\u5e97", "order_time": ["2019-01-16 09:41:07"], "total_order": 1, "hotel_value": ["4.8"], "hotel_price": ["659"]}, "898495": {"hotel_name": "\u6c49\u5ead\u9152\u5e97(\u53a6\u95e8\u79be\u7965\u897f\u8def\u79be\u7965\u5546\u57ce\u5e97)(\u539f\u6e56\u6ee8\u4e2d\u8def\u5e97)", "order_time": ["2019-01-16 09:41:08"], "total_order": 1, "hotel_value": ["4.4"], "hotel_price": ["142"]}, "457043": {"hotel_name": "\u9752\u5e74\u9633\u5149\u9152\u5e97(\u53a6\u95e8\u4e2d\u5c71\u8def\u5e97)(\u539f\u540e\u6ee8\u4e2a\u6027\u5e97)", "order_time": ["2019-01-16 09:41:11"], "total_order": 1, "hotel_value": ["4.7"], "hotel_price": ["141"]}, "11089626": {"hotel_name": "\u53a6\u95e8\u5c14\u7fd4\u9152\u5e97", "order_time": ["2019-01-16 09:41:14"], "total_order": 1, "hotel_value": ["4.5"], "hotel_price": ["439"]}, "700179": {"hotel_name": "\u6cca\u65c5\u65f6\u5c1a\u9152\u5e97(\u53a6\u95e8\u4f1a\u5c55\u4e2d\u5fc3\u5e97)", "order_time": ["2019-01-16 09:41:15"], "total_order": 1, "hotel_value": ["3.9"], "hotel_price": ["188"]}, "375291": {"hotel_name": "\u53a6\u95e8\u798f\u4f51\u5927\u996d\u5e97", "order_time": ["2019-01-16 09:41:17"], "total_order": 1, "hotel_value": ["4.2"], "hotel_price": ["326"]}, "2294909": {"hotel_name": "\u53a6\u95e8\u51cc\u6ce2\u6e7e\u9152\u5e97(\u53a6\u5927\u7fd4\u5b89\u6821\u533a\u5e97)", "order_time": ["2019-01-16 09:41:20"], "total_order": 1, "hotel_value": ["4.1"], "hotel_price": ["232"]}, "431965": {"hotel_name": "\u53a6\u95e8\u7f8e\u4ed1\u7693\u6656\u9152\u5e97", "order_time": ["2019-01-16 09:49:06", "2019-01-16 10:01:06", "2019-01-16 09:43:03"], "total_order": 3, "hotel_value": ["4.7", "4.7", "4.7"], "hotel_price": ["176", "176", "176"]}, "429622": {"hotel_name": "\u53a6\u95e8\u7261\u4e39\u56fd\u9645\u5927\u9152\u5e97", "order_time": ["2019-01-16 09:43:03"], "total_order": 1, "hotel_value": ["4.8"], "hotel_price": ["569"]}, "346269": {"hotel_name": "\u53a6\u95e8\u6e90\u660c\u51ef\u5bbe\u65af\u57fa\u5927\u9152\u5e97", "order_time": ["2019-01-16 09:43:03"], "total_order": 1, "hotel_value": ["4.7"], "hotel_price": ["898"]}, "470600": {"hotel_name": "\u53a6\u95e8\u9f13\u6d6a\u5c7f\u56fd\u738b\u76d2\u5b50\u5ea6\u5047\u5c4b", "order_time": ["2019-01-16 09:43:04"], "total_order": 1, "hotel_value": ["4.6"], "hotel_price": ["107"]}, "5449230": {"hotel_name": "\u53a6\u95e8\u4e00\u683c\u6d77\u666f\u5ea6\u5047\u9a7f\u6808", "order_time": ["2019-01-16 09:43:04"], "total_order": 1, "hotel_value": ["4.9"], "hotel_price": ["169"]}, "8656624": {"hotel_name": "\u5168\u5b63\u9152\u5e97(\u53a6\u95e8\u96c6\u7f8e\u5b66\u6751\u5e97)(\u539f\u8d22\u7a0e\u5bbe\u9986)", "order_time": ["2019-01-16 09:43:06"], "total_order": 1, "hotel_value": ["4.8"], "hotel_price": ["284"]}, "27938575": {"hotel_name": "\u53a6\u95e8\u6d77\u4e1d\u827a\u672f\u54c1\u4e2d\u5fc3\u4f70\u7fd4\u7428\u70c1\u9152\u5e97", "order_time": ["2019-01-16 09:43:07"], "total_order": 1, "hotel_value": ["4.8"], "hotel_price": ["408"]}, "4439627": {"hotel_name": "\u53a6\u95e8\u5df4\u6e1d\u5c9b\u5ea6\u5047\u522b\u5885", "order_time": ["2019-01-16 09:43:09"], "total_order": 1, "hotel_value": ["4.8"], "hotel_price": ["120"]}, "2914952": {"hotel_name": "\u53a6\u95e8\u5927\u5b66\u51ef\u5c14\u987f\u6d77\u666f\u516c\u5bd3(\u539f\u53a6\u5927\u4e16\u8302\u6d77\u5ce1\u9152\u5e97\u516c\u5bd3)", "order_time": ["2019-01-16 09:43:09"], "total_order": 1, "hotel_value": ["4.4"], "hotel_price": ["303"]}, "6681665": {"hotel_name": "\u53a6\u95e8\u7231\u683c\u5170\u5ea6\u5047\u5e84\u56ed", "order_time": ["2019-01-16 09:43:11", "2019-01-16 10:27:07"], "total_order": 2, "hotel_value": ["4.8", "4.8"], "hotel_price": ["153", "153"]}, "6023163": {"hotel_name": "\u53a6\u95e8\u5c1a\u5fb7\u8363\u9152\u5e97", "order_time": ["2019-01-16 09:43:11", "2019-01-16 10:27:05"], "total_order": 2, "hotel_value": ["4.4", "4.4"], "hotel_price": ["151", "151"]}, "2301312": {"hotel_name": "\u57ce\u5e02\u4fbf\u6377\u9152\u5e97(\u53a6\u95e8\u79be\u7965\u897f\u8def\u5e97)", "order_time": ["2019-01-16 09:53:11", "2019-01-16 09:43:12", "2019-01-16 09:55:04"], "total_order": 3, "hotel_value": ["4.3", "4.3", "4.3"], "hotel_price": ["150", "150", "150"]}, "1227399": {"hotel_name": "\u5bb6\u5bb6\u4e50\u9152\u5e97(\u53a6\u95e8\u4e2d\u5c71\u8def\u9547\u90a6\u5e97)", "order_time": ["2019-01-16 09:43:12"], "total_order": 1, "hotel_value": ["4.3"], "hotel_price": ["118"]}, "1591429": {"hotel_name": "\u53a6\u95e8\u6021\u5fc3\u5c4b\u5ba2\u6808(\u539f\u53a6\u5927\u68a7\u6850\u4e3b\u9898\u5ba2\u6808)", "order_time": ["2019-01-16 10:31:14", "2019-01-16 09:43:15"], "total_order": 2, "hotel_value": ["4.9", "4.9"], "hotel_price": ["85", "85"]}, "2083381": {"hotel_name": "\u53a6\u95e8\u534a\u5761\u5c0f\u7b51", "order_time": ["2019-01-16 09:45:03"], "total_order": 1, "hotel_value": ["4.6"], "hotel_price": ["84"]}, "2152627": {"hotel_name": "\u7f8e\u8c6a\u9152\u5e97(\u53a6\u95e8\u5e97)", "order_time": ["2019-01-16 09:45:04"], "total_order": 1, "hotel_value": ["4.7"], "hotel_price": ["309"]}, "2290014": {"hotel_name": "\u53a6\u95e8\u541b\u6021\u9152\u5e97", "order_time": ["2019-01-16 09:45:04"], "total_order": 1, "hotel_value": ["4.7"], "hotel_price": ["256"]}, "346264": {"hotel_name": "\u53a6\u95e8\u827e\u7f8e\u9152\u5e97", "order_time": ["2019-01-16 09:45:05"], "total_order": 1, "hotel_value": ["4.7"], "hotel_price": ["721"]}, "375295": {"hotel_name": "\u53a6\u95e8\u7fd4\u9e6d\u56fd\u9645\u5927\u9152\u5e97", "order_time": ["2019-01-16 09:45:07"], "total_order": 1, "hotel_value": ["4.4"], "hotel_price": ["291"]}, "375297": {"hotel_name": "\u53a6\u95e8\u9a6c\u54e5\u5b5b\u7f57\u4e1c\u65b9\u5927\u9152\u5e97", "order_time": ["2019-01-16 09:45:07"], "total_order": 1, "hotel_value": ["4.6"], "hotel_price": ["665"]}, "6246343": {"hotel_name": "\u53a6\u95e8\u6162\u751f\u6d3b\u00b7\u6696\u5357\u7f8e\u5885", "order_time": ["2019-01-16 09:45:08"], "total_order": 1, "hotel_value": ["4.9"], "hotel_price": ["269"]}, "21332906": {"hotel_name": "\u53a6\u95e8\u65af\u7ef4\u767b\u5ea6\u5047\u9152\u5e97(\u678b\u6e56\u8f66\u7ad9\u4f18\u671b\u5e97)", "order_time": ["2019-01-16 09:45:08", "2019-01-16 09:51:03"], "total_order": 2, "hotel_value": ["4.8", "4.8"], "hotel_price": ["183", "183"]}, "5028626": {"hotel_name": "\u53a6\u95e8\u9493\u00b7\u7eaf\u6d77\u8f7b\u5962\u9a7f\u9986", "order_time": ["2019-01-16 09:45:08"], "total_order": 1, "hotel_value": ["4.9"], "hotel_price": ["298"]}, "474586": {"hotel_name": "\u5982\u5bb6\u8054\u76df\u00b7\u53a6\u95e8\u6591\u6593\u9152\u5e97(\u539f\u91d1\u5e1d\u9152\u5e97)", "order_time": ["2019-01-16 10:17:08", "2019-01-16 09:49:04", "2019-01-16 09:45:09"], "total_order": 3, "hotel_value": ["4.8", "4.8", "4.8"], "hotel_price": ["254", "254", "254"]}, "7123043": {"hotel_name": "\u53a6\u95e8\u9e6d\u6c5f\u00b7\u4f72\u5bb6\u9152\u5e97", "order_time": ["2019-01-16 09:45:09"], "total_order": 1, "hotel_value": ["4.7"], "hotel_price": ["1510"]}, "3802030": {"hotel_name": "\u53a6\u95e8\u53ef\u5c45\u9152\u5e97", "order_time": ["2019-01-16 10:21:05", "2019-01-16 10:05:05", "2019-01-16 09:45:09"], "total_order": 3, "hotel_value": ["4.6", "4.6", "4.6"], "hotel_price": ["171", "171", "171"]}, "440782": {"hotel_name": "\u53a6\u95e8\u65fa\u8f89\u9152\u5e97", "order_time": ["2019-01-16 09:45:10"], "total_order": 1, "hotel_value": ["4.8"], "hotel_price": ["165"]}, "1728118": {"hotel_name": "\u53a6\u95e8\u5c71\u6c34\u5bbe\u9986", "order_time": ["2019-01-16 10:33:09", "2019-01-16 09:45:13"], "total_order": 2, "hotel_value": ["4.3", "4.3"], "hotel_price": ["221", "221"]}, "1245093": {"hotel_name": "\u53a6\u95e8\u8463\u5c0f\u59d0\u6f6e\u6c50\u522b\u5885", "order_time": ["2019-01-16 09:45:14"], "total_order": 1, "hotel_value": ["4.7"], "hotel_price": ["98"]}, "5981110": {"hotel_name": "\u53a6\u95e8\u56db\u5b63\u6d77\u6ee8\u5ea6\u5047\u516c\u5bd3", "order_time": ["2019-01-16 09:45:29"], "total_order": 1, "hotel_value": ["4.5"], "hotel_price": ["171"]}, "1435101": {"hotel_name": "\u53a6\u95e8\u5317\u7ad9\u68a6\u53a6\u5ba2\u6808", "order_time": ["2019-01-16 09:45:31"], "total_order": 1, "hotel_value": ["4.5"], "hotel_price": ["68"]}, "436728": {"hotel_name": "\u53a6\u95e8\u9f13\u6d6a\u5c7f\u82b1\u4e4b\u58f0\u65c5\u9986", "order_time": ["2019-01-16 09:47:04"], "total_order": 1, "hotel_value": ["4.5"], "hotel_price": ["163"]}, "385412": {"hotel_name": "\u53a6\u95e8\u5317\u6d77\u6e7e\u60e0\u9f99\u4e07\u8fbe\u5609\u534e\u9152\u5e97", "order_time": ["2019-01-16 09:47:05"], "total_order": 1, "hotel_value": ["4.8"], "hotel_price": ["750"]}, "433735": {"hotel_name": "\u5b9c\u5fc5\u601d\u5c1a\u54c1\u9152\u5e97(\u53a6\u95e8\u4e2d\u5c71\u8def\u6b65\u884c\u8857\u5e97)", "order_time": ["2019-01-16 09:47:05"], "total_order": 1, "hotel_value": ["4.7"], "hotel_price": ["322"]}, "375292": {"hotel_name": "\u53a6\u95e8\u4eac\u95fd\u4e2d\u5fc3\u9152\u5e97", "order_time": ["2019-01-16 09:47:05"], "total_order": 1, "hotel_value": ["4.8"], "hotel_price": ["550"]}, "790582": {"hotel_name": "\u590f\u5546\u6021\u7fd4\u9152\u5e97(\u53a6\u95e8\u706b\u8f66\u7ad9\u5357\u6e56\u5e97)", "order_time": ["2019-01-16 09:47:06"], "total_order": 1, "hotel_value": ["4.6"], "hotel_price": ["298"]}, "1535936": {"hotel_name": "\u6c49\u5ead\u9152\u5e97(\u53a6\u95e8\u4f1a\u5c55\u4e2d\u5fc3\u83b2\u524d\u897f\u8def\u5e97)", "order_time": ["2019-01-16 09:47:08"], "total_order": 1, "hotel_value": ["4.3"], "hotel_price": ["151"]}, "6512986": {"hotel_name": "\u53a6\u95e8\u4e4c\u5ae3\u539d\u5ba2\u6808", "order_time": ["2019-01-16 09:47:09"], "total_order": 1, "hotel_value": ["4.9"], "hotel_price": ["153"]}, "2364319": {"hotel_name": "\u53a6\u95e8\u7b2c\u4e00\u6e2f\u5ba2\u6808", "order_time": ["2019-01-16 09:47:10"], "total_order": 1, "hotel_value": ["4.6"], "hotel_price": ["84"]}, "771600": {"hotel_name": "\u53a6\u95e8\u6676\u88d5\u5546\u52a1\u9152\u5e97", "order_time": ["2019-01-16 09:47:11"], "total_order": 1, "hotel_value": ["4.1"], "hotel_price": ["110"]}, "19579748": {"hotel_name": "\u53a6\u95e8\u5982\u5fc3\u5ea6\u5047\u522b\u82d1", "order_time": ["2019-01-16 09:47:11"], "total_order": 1, "hotel_value": ["4.9"], "hotel_price": ["106"]}, "6763972": {"hotel_name": "\u53a6\u95e8\u5317\u7ad9\u66fc\u5df4\u9152\u5e97", "order_time": ["2019-01-16 09:47:12"], "total_order": 1, "hotel_value": ["4.7"], "hotel_price": ["173"]}, "11511638": {"hotel_name": "\u53a6\u95e8\u5929\u6717\u7cbe\u54c1\u9152\u5e97\u516c\u5bd3", "order_time": ["2019-01-16 09:47:16"], "total_order": 1, "hotel_value": ["4.6"], "hotel_price": ["143"]}, "6551033": {"hotel_name": "\u683c\u6797\u8054\u76df(\u53a6\u95e8\u706b\u8f66\u7ad9\u4f53\u80b2\u4e2d\u5fc3\u5e97)", "order_time": ["2019-01-16 09:47:17"], "total_order": 1, "hotel_value": ["4.3"], "hotel_price": ["132"]}, "428297": {"hotel_name": "\u5982\u5bb6\u9152\u5e97(\u53a6\u95e8\u96c6\u7f8e\u674f\u6797\u897f\u8def\u5e97)", "order_time": ["2019-01-16 09:47:19", "2019-01-16 09:53:09"], "total_order": 2, "hotel_value": ["4.7", "4.7"], "hotel_price": ["195", "195"]}, "1719909": {"hotel_name": "\u53a6\u95e8\u963f\u91cc\u5143\u5ba2\u6808", "order_time": ["2019-01-16 09:47:20"], "total_order": 1, "hotel_value": ["4.7"], "hotel_price": ["78"]}, "4814803": {"hotel_name": "\u53a6\u95e8\u591c\u6cca\u4e3d\u6e7e\u9152\u5e97", "order_time": ["2019-01-16 09:47:20"], "total_order": 1, "hotel_value": ["4.1"], "hotel_price": ["162"]}, "2037107": {"hotel_name": "\u7231\u83f2\u513f\u5ea6\u5047\u9152\u5e97(\u9f13\u6d6a\u5c7f\u84dd\u5c7f\u5e97)", "order_time": ["2019-01-16 09:47:20"], "total_order": 1, "hotel_value": ["4.6"], "hotel_price": ["282"]}, "2309438": {"hotel_name": "\u91d1\u6749\u6811\u7cbe\u54c1\u9152\u5e97\uff08\u53a6\u95e8\u5609\u5e9a\u4f53\u80b2\u9986\u5e97\uff09", "order_time": ["2019-01-16 09:47:20"], "total_order": 1, "hotel_value": ["3.9"], "hotel_price": ["128"]}, "11368377": {"hotel_name": "\u53a6\u95e8\u521d\u5c45\u5ba2\u6808\u5b59\u539d\u5e97", "order_time": ["2019-01-16 09:47:20"], "total_order": 1, "hotel_value": ["4.6"], "hotel_price": ["99"]}, "11479450": {"hotel_name": "\u53a6\u95e8\u7761\u5fb7\u9999\u9152\u5e97\u516c\u5bd3", "order_time": ["2019-01-16 09:49:19", "2019-01-16 09:47:20"], "total_order": 2, "hotel_value": ["4.7", "4.7"], "hotel_price": ["163", "163"]}, "2277879": {"hotel_name": "\u53a6\u95e8\u53a6\u5927\u73ca\u745a\u6d77\u7cbe\u54c1\u5ba2\u6808", "order_time": ["2019-01-16 09:47:20"], "total_order": 1, "hotel_value": ["4.7"], "hotel_price": ["39"]}, "5982442": {"hotel_name": "\u53a6\u95e8\u52aa\u52aa\u9752\u5e74\u65c5\u820d", "order_time": ["2019-01-16 09:47:20"], "total_order": 1, "hotel_value": ["4.7"], "hotel_price": ["56"]}, "6475520": {"hotel_name": "\u53a6\u95e8\u5b9a\u683c\u5ea6\u5047\u522b\u5885", "order_time": ["2019-01-16 09:47:20"], "total_order": 1, "hotel_value": ["4.8"], "hotel_price": ["228"]}, "24338582": {"hotel_name": "\u53a6\u95e8\u9e7f\u5bbf\u5bb6\u5ead\u65c5\u9986", "order_time": ["2019-01-16 09:47:20"], "total_order": 1, "hotel_value": ["4.9"], "hotel_price": ["110"]}, "2301140": {"hotel_name": "\u53a6\u95e8\u7f8e\u6676\u9152\u5e97", "order_time": ["2019-01-16 09:47:20"], "total_order": 1, "hotel_value": ["4.2"], "hotel_price": ["110"]}, "6868144": {"hotel_name": "\u53a6\u95e8\u53a6\u7231\u9e3d\u5ba2\u6808", "order_time": ["2019-01-16 09:47:21"], "total_order": 1, "hotel_value": ["4.7"], "hotel_price": ["58"]}, "468031": {"hotel_name": "\u53a6\u95e8\u9f13\u6d6a\u5c7f\u65e5\u5149\u5c0f\u7b51\u5bb6\u5ead\u65c5\u9986", "order_time": ["2019-01-16 09:47:21"], "total_order": 1, "hotel_value": ["4.3"], "hotel_price": ["182"]}, "8504850": {"hotel_name": "\u53a6\u95e8THE ONE\u8354\u6e7e\u9152\u5e97\u516c\u5bd3", "order_time": ["2019-01-16 09:47:21"], "total_order": 1, "hotel_value": ["4.3"], "hotel_price": ["179"]}, "1877209": {"hotel_name": "\u53a6\u95e8\u6c34\u6676\u5ba2\u6808", "order_time": ["2019-01-16 09:47:29"], "total_order": 1, "hotel_value": ["4.0"], "hotel_price": ["94"]}, "419873": {"hotel_name": "\u53a6\u95e8\u5929\u9e45\u5927\u9152\u5e97", "order_time": ["2019-01-16 09:49:03"], "total_order": 1, "hotel_value": ["4.6"], "hotel_price": ["470"]}, "436735": {"hotel_name": "\u753b\u5eca\u65c5\u9986(\u9f13\u6d6a\u5c7f\u83ab\u5948\u82b1\u56ed\u5e97)(\u539f\u6bd3\u56ed\u9986)", "order_time": ["2019-01-16 09:49:03"], "total_order": 1, "hotel_value": ["4.9"], "hotel_price": ["549"]}, "26576625": {"hotel_name": "\u53a6\u95e8\u4e3d\u90fd\u516c\u5bd3", "order_time": ["2019-01-16 09:49:04"], "total_order": 1, "hotel_value": ["4.8"], "hotel_price": ["131"]}, "431131": {"hotel_name": "\u53a6\u95e8\u6bd5\u601d\u7279\u9152\u5e97", "order_time": ["2019-01-16 09:49:04"], "total_order": 1, "hotel_value": ["4.6"], "hotel_price": ["331"]}, "2301848": {"hotel_name": "7\u5929\u4f18\u54c1\u9152\u5e97(\u53a6\u95e8\u673a\u573a\u7fd4\u9e6d\u5e97)", "order_time": ["2019-01-16 09:49:05"], "total_order": 1, "hotel_value": ["4.7"], "hotel_price": ["155"]}, "434801": {"hotel_name": "\u53a6\u95e8\u51ef\u88d5\u7f8e\u7235\u9152\u5e97", "order_time": ["2019-01-16 09:49:06"], "total_order": 1, "hotel_value": ["4.5"], "hotel_price": ["499"]}, "890106": {"hotel_name": "\u53a6\u95e8\u4e3d\u65af\u6d77\u666f\u9152\u5e97", "order_time": ["2019-01-16 09:49:06"], "total_order": 1, "hotel_value": ["4.7"], "hotel_price": ["278"]}, "1507501": {"hotel_name": "\u53a6\u95e8\u672c\u6211\u9152\u5e97", "order_time": ["2019-01-16 09:49:06"], "total_order": 1, "hotel_value": ["4.6"], "hotel_price": ["98"]}, "988894": {"hotel_name": "\u548c\u9890\u9152\u5e97(\u53a6\u95e8\u5927\u5b66\u7eff\u6676\u5e97)", "order_time": ["2019-01-16 09:49:07"], "total_order": 1, "hotel_value": ["4.5"], "hotel_price": ["288"]}, "5304807": {"hotel_name": "\u826f\u5885\u00b7\u4e91\u5ead\u758f\u9662(\u53a6\u95e8\u66fe\u539d\u57b5\u5e97)", "order_time": ["2019-01-16 09:49:09", "2019-01-16 09:55:07"], "total_order": 2, "hotel_value": ["4.9", "4.9"], "hotel_price": ["150", "150"]}, "392554": {"hotel_name": "\u53a6\u95e8\u91d1\u745e\u4f73\u6cf0\u9152\u5e97(\u539f\u91d1\u5df4\u5170\u9152\u5e97)", "order_time": ["2019-01-16 09:49:09"], "total_order": 1, "hotel_value": ["4.5"], "hotel_price": ["299"]}, "635060": {"hotel_name": "\u9f13\u6d6a\u5c7f\u4e50\u4e4b\u97f5\u5ea6\u5047\u65c5\u9986(\u4e50\u5c7f\u4e50\u8da3\u65b0\u5e97)", "order_time": ["2019-01-16 09:49:11"], "total_order": 1, "hotel_value": ["4.9"], "hotel_price": ["530"]}, "481752": {"hotel_name": "\u9526\u6c5f\u4e4b\u661f(\u53a6\u95e8\u673a\u573a\u533a\u653f\u5e9c\u5e97)", "order_time": ["2019-01-16 10:03:09", "2019-01-16 09:49:11"], "total_order": 2, "hotel_value": ["4.2", "4.2"], "hotel_price": ["159", "159"]}, "436182": {"hotel_name": "\u53a6\u95e8\u53e4\u6b4c\u4e66\u82d1\u5496\u5561\u65c5\u9986(\u539f\u4eac\u8fb0\u9152\u5e97)", "order_time": ["2019-01-16 09:49:12"], "total_order": 1, "hotel_value": ["4.5"], "hotel_price": ["238"]}, "2310179": {"hotel_name": "\u53a6\u95e8\u66fc\u53ef\u8fde\u9501\u9152\u5e97", "order_time": ["2019-01-16 09:49:15"], "total_order": 1, "hotel_value": ["3.9"], "hotel_price": ["85"]}, "1682894": {"hotel_name": "\u53a6\u95e8\u7ea2\u8d1d\u58f3\u5ba2\u6808", "order_time": ["2019-01-16 09:49:30"], "total_order": 1, "hotel_value": ["4.8"], "hotel_price": ["133"]}, "6159853": {"hotel_name": "\u7231\u4e3d\u4e1d\u4e3b\u9898\u9152\u5e97(\u53a6\u95e8\u706b\u8f66\u7ad9\u5e97)", "order_time": ["2019-01-16 09:49:37"], "total_order": 1, "hotel_value": ["4.4"], "hotel_price": ["164"]}, "1316473": {"hotel_name": "\u53a6\u95e8\u66fe\u5927\u5496\u5ba2\u6808", "order_time": ["2019-01-16 09:49:38"], "total_order": 1, "hotel_value": ["4.5"], "hotel_price": ["75"]}, "1540062": {"hotel_name": "\u4e45\u6816\u00b7\u9f13\u6d6a\u5c7f\u6d77\u5cb8\u82b1\u65c5\u9986", "order_time": ["2019-01-16 09:51:01", "2019-01-16 10:01:26"], "total_order": 2, "hotel_value": ["4.9", "4.9"], "hotel_price": ["146", "146"]}, "8363593": {"hotel_name": "\u82b1\u7f8e\u65f6\u7f8e\u666f\u9152\u5e97\uff08\u53a6\u95e8\u89c2\u97f3\u5c71\u5e97\uff09", "order_time": ["2019-01-16 09:51:01"], "total_order": 1, "hotel_value": ["4.7"], "hotel_price": ["208"]}, "392629": {"hotel_name": "\u53a6\u95e8\u5e90\u5c71\u5927\u9152\u5e97", "order_time": ["2019-01-16 09:51:03"], "total_order": 1, "hotel_value": ["4.2"], "hotel_price": ["298"]}, "6609857": {"hotel_name": "\u53a6\u95e8\u8299\u84c9\u9601\u9152\u5e97", "order_time": ["2019-01-16 09:51:10", "2019-01-16 10:07:12"], "total_order": 2, "hotel_value": ["4.9", "4.9"], "hotel_price": ["148", "148"]}, "6118404": {"hotel_name": "\u98de\u5bbf\u8fde\u9501\u53a6\u95e8\u9f13\u6d6a\u5c7f\u767d\u9732\u5e84\u56ed", "order_time": ["2019-01-16 09:51:11"], "total_order": 1, "hotel_value": ["4.8"], "hotel_price": ["267"]}, "428274": {"hotel_name": "\u53a6\u95e8\u56fd\u9645\u4f1a\u5c55\u4e2d\u5fc3\u7f8e\u5c45\u9152\u5e97(\u539f\u5e7f\u83b1\u7f8e\u5c45\u9152\u5e97)", "order_time": ["2019-01-16 09:51:11"], "total_order": 1, "hotel_value": ["4.4"], "hotel_price": ["339"]}, "1405425": {"hotel_name": "\u53a6\u95e8\u5174\u6052\u5927\u9152\u5e97", "order_time": ["2019-01-16 09:51:12"], "total_order": 1, "hotel_value": ["4.5"], "hotel_price": ["273"]}, "6112181": {"hotel_name": "\u53a6\u95e8\u6c38\u4e3d\u8fbe\u4e3d\u5448\u9152\u5e97", "order_time": ["2019-01-16 09:51:12", "2019-01-16 10:27:01", "2019-01-16 10:29:02", "2019-01-16 10:07:10"], "total_order": 4, "hotel_value": ["4.8", "4.8", "4.8", "4.8"], "hotel_price": ["398", "398", "398", "398"]}, "467592": {"hotel_name": "\u53a6\u95e8\u7f8e\u4ed1\u91d1\u60a6\u9152\u5e97", "order_time": ["2019-01-16 09:51:12", "2019-01-16 09:55:09", "2019-01-16 09:51:45"], "total_order": 3, "hotel_value": ["4.7", "4.7", "4.7"], "hotel_price": ["178", "178", "178"]}, "2306991": {"hotel_name": "\u53a6\u95e8\u60a0\u5c45\u9a7f\u7ad9\u9152\u5e97", "order_time": ["2019-01-16 09:51:17"], "total_order": 1, "hotel_value": ["4.0"], "hotel_price": ["88"]}, "2303094": {"hotel_name": "\u53a6\u95e8\u7389\u9f99\u9152\u5e97", "order_time": ["2019-01-16 09:51:17"], "total_order": 1, "hotel_value": ["4.2"], "hotel_price": ["108"]}, "5599310": {"hotel_name": "\u53a6\u95e8\u4e9a\u9601\u9152\u5e97", "order_time": ["2019-01-16 09:53:02"], "total_order": 1, "hotel_value": ["4.7"], "hotel_price": ["192"]}, "6485447": {"hotel_name": "\u5b9c\u5c1a\u9152\u5e97(\u53a6\u95e8\u673a\u573a\u706b\u70ac\u56ed\u5730\u94c1\u7ad9\u5e97)", "order_time": ["2019-01-16 10:25:03", "2019-01-16 09:53:03"], "total_order": 2, "hotel_value": ["4.6", "4.6"], "hotel_price": ["249", "249"]}, "438629": {"hotel_name": "\u53a6\u95e8\u91d1\u95e8\u6e7e\u5927\u9152\u5e97", "order_time": ["2019-01-16 09:53:04"], "total_order": 1, "hotel_value": ["4.8"], "hotel_price": ["414"]}, "429652": {"hotel_name": "\u590f\u5546\u00b7\u6021\u5ead\u5feb\u6377\u9152\u5e97(\u53a6\u95e8\u4e2d\u5c71\u8def\u767d\u5170\u5e97)", "order_time": ["2019-01-16 09:53:06"], "total_order": 1, "hotel_value": ["4.4"], "hotel_price": ["184"]}, "439457": {"hotel_name": "\u53a6\u95e8\u6676\u73d1\u5927\u9152\u5e97", "order_time": ["2019-01-16 09:53:07"], "total_order": 1, "hotel_value": ["4.3"], "hotel_price": ["288"]}, "2042480": {"hotel_name": "7\u5929\u8fde\u9501\u9152\u5e97(\u53a6\u95e8\u9f13\u6d6a\u5c7f\u7801\u5934\u5e97)", "order_time": ["2019-01-16 10:07:09", "2019-01-16 09:53:07"], "total_order": 2, "hotel_value": ["3.9", "3.9"], "hotel_price": ["138", "138"]}, "12622395": {"hotel_name": "\u53a6\u95e8\u71d5\u6816\u8bbe\u8ba1\u6c11\u5bbf", "order_time": ["2019-01-16 09:53:08"], "total_order": 1, "hotel_value": ["4.9"], "hotel_price": ["224"]}, "6150330": {"hotel_name": "\u8bd7\u516c\u5bd3(\u53a6\u95e8\u673a\u573a\u5e97)", "order_time": ["2019-01-16 09:55:09", "2019-01-16 09:53:09"], "total_order": 2, "hotel_value": ["4.2", "4.2"], "hotel_price": ["105", "105"]}, "514344": {"hotel_name": "\u53a6\u95e8\u94c2\u5c14\u6e7e\u9152\u5e97", "order_time": ["2019-01-16 09:53:09"], "total_order": 1, "hotel_value": ["4.1"], "hotel_price": ["118"]}, "1562601": {"hotel_name": "\u53a6\u95e8\u82b1\u5f00\u6f2b\u57ce\u751f\u6d3b\u65c5\u5c45\u9986", "order_time": ["2019-01-16 09:53:09"], "total_order": 1, "hotel_value": ["4.9"], "hotel_price": ["185"]}, "666255": {"hotel_name": "\u5bb6\u548c\u6625\u5929\u9152\u5e97(\u53a6\u95e8\u6d77\u6ca7\u5e97)", "order_time": ["2019-01-16 09:53:09"], "total_order": 1, "hotel_value": ["4.2"], "hotel_price": ["113"]}, "779669": {"hotel_name": "\u6d77\u53cb\u826f\u54c1\u9152\u5e97(\u53a6\u95e8SM\u5e7f\u573a\u53f0\u6e7e\u8857\u5e97)", "order_time": ["2019-01-16 09:53:09"], "total_order": 1, "hotel_value": ["4.4"], "hotel_price": ["119"]}, "2109201": {"hotel_name": "\u53a6\u95e8\u95fa\u5de2\u5ba2\u6808", "order_time": ["2019-01-16 09:53:09"], "total_order": 1, "hotel_value": ["4.9"], "hotel_price": ["90"]}, "1714585": {"hotel_name": "\u53a6\u95e8\u5ea6\u00b7\u56db\u5b63\u6d77\u5cb8\u9152\u5e97", "order_time": ["2019-01-16 09:53:09"], "total_order": 1, "hotel_value": ["4.6"], "hotel_price": ["129"]}, "1727667": {"hotel_name": "\u53a6\u95e8\u9f13\u6d6a\u5c7f\u9e93\u610f\u601d\u8001\u522b\u5885\u5ea6\u5047\u9152\u5e97", "order_time": ["2019-01-16 09:53:09"], "total_order": 1, "hotel_value": ["4.6"], "hotel_price": ["194"]}, "1478830": {"hotel_name": "\u53a6\u95e8\u9f13\u6d6a\u5c7f\u5c0f\u8309\u8389\u65c5\u9986", "order_time": ["2019-01-16 09:53:09"], "total_order": 1, "hotel_value": ["4.7"], "hotel_price": ["152"]}, "2031707": {"hotel_name": "\u53a6\u95e8\u964c\u5ba2\u5fae\u9152\u5e97\uff08\u53a6\u5927\u5b66\u751f\u516c\u5bd3\u5e97\uff09", "order_time": ["2019-01-16 09:53:09"], "total_order": 1, "hotel_value": ["4.6"], "hotel_price": ["135"]}, "608369": {"hotel_name": "\u53a6\u95e8\u540c\u5b89\u5e1d\u4e50\u9152\u5e97", "order_time": ["2019-01-16 09:53:09"], "total_order": 1, "hotel_value": ["4.1"], "hotel_price": ["253"]}, "435137": {"hotel_name": "\u53a6\u95e8\u7ef4\u6d1b\u62c9\u5927\u9152\u5e97", "order_time": ["2019-01-16 09:53:09"], "total_order": 1, "hotel_value": ["4.1"], "hotel_price": ["152"]}, "856544": {"hotel_name": "\u91d1\u6653\u9152\u5e97(\u53a6\u95e8\u5415\u539d\u5730\u94c1\u7ad9\u5e97)", "order_time": ["2019-01-16 09:53:09"], "total_order": 1, "hotel_value": ["4.5"], "hotel_price": ["173"]}, "1607576": {"hotel_name": "\u53a6\u95e8\u6d6a\u7434\u91cc\u6d77\u5885\u5ba2\u6808", "order_time": ["2019-01-16 09:53:09"], "total_order": 1, "hotel_value": ["4.8"], "hotel_price": ["119"]}, "533304": {"hotel_name": "\u68a6\u60f3\u5bb6\u7cbe\u54c1\u4e3b\u9898\u9152\u5e97(\u53a6\u95e8SM\u57ce\u5e02\u5e7f\u573a\u5e97)", "order_time": ["2019-01-16 09:53:09"], "total_order": 1, "hotel_value": ["4.2"], "hotel_price": ["192"]}, "2302833": {"hotel_name": "7\u5929\u8fde\u9501\u9152\u5e97(\u53a6\u95e8\u5317\u7ad9\u96c6\u7f8e\u5927\u5b66\u5e97)", "order_time": ["2019-01-16 09:53:09"], "total_order": 1, "hotel_value": ["4.5"], "hotel_price": ["139"]}, "511581": {"hotel_name": "\u53a6\u95e8\u91d1\u6c99\u6e7e\u5bbe\u9986", "order_time": ["2019-01-16 09:53:09"], "total_order": 1, "hotel_value": ["4.5"], "hotel_price": ["323"]}, "2769695": {"hotel_name": "\u4e03\u96f6\u516b\u96f6\u65f6\u5c1a\u4e3b\u9898\u9152\u5e97(\u53a6\u95e8\u4e07\u8fbe\u5e97)", "order_time": ["2019-01-16 09:53:09"], "total_order": 1, "hotel_value": ["4.5"], "hotel_price": ["164"]}, "1684319": {"hotel_name": "7\u5929\u8fde\u9501\u9152\u5e97(\u53a6\u95e8SM\u57ce\u5e02\u5e7f\u573a\u5e97)", "order_time": ["2019-01-16 09:53:09"], "total_order": 1, "hotel_value": ["4.0"], "hotel_price": ["137"]}, "6262851": {"hotel_name": "\u53a6\u95e8\u98de\u5bbf\u8fde\u9501\u5b89\u59ae\u00b7\u6735\u62c9\u5e84\u56ed", "order_time": ["2019-01-16 09:53:09", "2019-01-16 10:11:11"], "total_order": 2, "hotel_value": ["4.7", "4.7"], "hotel_price": ["123", "125"]}, "5386927": {"hotel_name": "\u53a6\u95e8\u552f\u820d\u5ea6\u5047\u5c4b", "order_time": ["2019-01-16 09:53:09"], "total_order": 1, "hotel_value": ["4.7"], "hotel_price": ["183"]}, "17100829": {"hotel_name": "\u53a6\u95e8\u7f8e\u5b9c\u5bb6\u7cbe\u54c1\u9152\u5e97\u516c\u5bd3", "order_time": ["2019-01-16 10:07:13", "2019-01-16 09:53:09"], "total_order": 2, "hotel_value": ["4.2", "4.2"], "hotel_price": ["144", "144"]}, "2310246": {"hotel_name": "\u53a6\u95e8\u4e1c\u57ce\u6e7e\u5feb\u6377\u9152\u5e97", "order_time": ["2019-01-16 09:53:09", "2019-01-16 10:05:07"], "total_order": 2, "hotel_value": ["3.7", "3.7"], "hotel_price": ["93", "93"]}, "25633183": {"hotel_name": "\u5fc3\u8fdc\u9152\u5e97(\u53a6\u95e8\u8f6e\u6e21\u4e2d\u5c71\u8def\u6b65\u884c\u8857\u5e97)", "order_time": ["2019-01-16 10:21:06", "2019-01-16 09:53:09"], "total_order": 2, "hotel_value": ["4.4", "4.4"], "hotel_price": ["227", "227"]}, "1314936": {"hotel_name": "\u83ab\u6cf0268(\u53a6\u95e8\u706b\u8f66\u7ad9\u5e97)", "order_time": ["2019-01-16 10:09:08", "2019-01-16 09:59:07", "2019-01-16 09:53:09"], "total_order": 3, "hotel_value": ["4.3", "4.3", "4.3"], "hotel_price": ["170", "170", "170"]}, "6599741": {"hotel_name": "\u6854\u5b50\u9152\u5e97\u00b7\u7cbe\u9009(\u53a6\u95e8\u4e2d\u5c71\u8def\u8f6e\u6e21\u7801\u5934\u5e97)(\u539f\u4e2d\u5c71\u8def\u6b65\u884c\u8857\u5e97)", "order_time": ["2019-01-16 09:53:11"], "total_order": 1, "hotel_value": ["4.8"], "hotel_price": ["360"]}, "4337027": {"hotel_name": "\u9f13\u6d6a\u5c7f\u6e7e\u666f\u65c5\u9986", "order_time": ["2019-01-16 09:53:12"], "total_order": 1, "hotel_value": ["4.5"], "hotel_price": ["163"]}, "6531873": {"hotel_name": "\u53a6\u95e8\u6469\u767b\u4e16\u5bb6\u8fde\u9501\u9152\u5e97\u706b\u8f66\u7ad9\u5e97", "order_time": ["2019-01-16 10:23:13", "2019-01-16 09:53:13"], "total_order": 2, "hotel_value": ["4.7", "4.7"], "hotel_price": ["108", "108"]}, "4337031": {"hotel_name": "\u53a6\u95e8\u9f13\u6d6a\u5c7f\u7ea2\u5802\u65c5\u9986", "order_time": ["2019-01-16 09:53:15"], "total_order": 1, "hotel_value": ["4.2"], "hotel_price": ["226"]}, "22817797": {"hotel_name": "\u53a6\u95e8SM\u57ce\u5e02\u5e7f\u573a\u5e0c\u5c14\u987f\u6b22\u670b\u9152\u5e97", "order_time": ["2019-01-16 09:55:02"], "total_order": 1, "hotel_value": ["4.5"], "hotel_price": ["492"]}, "346273": {"hotel_name": "\u53a6\u95e8\u78d0\u57fa\u5e0c\u5c14\u987f\u9152\u5e97", "order_time": ["2019-01-16 10:05:02", "2019-01-16 09:55:07"], "total_order": 2, "hotel_value": ["4.6", "4.6"], "hotel_price": ["767", "767"]}, "28525229": {"hotel_name": "\u53a6\u95e8\u96c5\u7434\u4f73\u5c45\u516c\u5bd3", "order_time": ["2019-01-16 10:29:10", "2019-01-16 09:55:07"], "total_order": 2, "hotel_value": ["4.9", "4.9"], "hotel_price": ["101", "101"]}, "858999": {"hotel_name": "\u53a6\u95e8\u7965\u4e91\u4f70\u4f73\u5ba2\u6808(\u539fPaPa\uff07s\u4e3b\u9898\u5ba2\u6808)", "order_time": ["2019-01-16 09:55:08", "2019-01-16 10:31:10"], "total_order": 2, "hotel_value": ["4.6", "4.6"], "hotel_price": ["255", "255"]}, "789775": {"hotel_name": "\u5408\u4f73\u9152\u5e97(\u53a6\u95e8\u5c06\u519b\u7960\u5730\u94c1\u7ad9\u5e97)", "order_time": ["2019-01-16 09:55:09"], "total_order": 1, "hotel_value": ["4.6"], "hotel_price": ["163"]}, "5790240": {"hotel_name": "\u5168\u5b63\u9152\u5e97(\u53a6\u95e8\u673a\u573a\u6210\u529f\u5927\u9053\u5e97)", "order_time": ["2019-01-16 09:55:09", "2019-01-16 10:21:02"], "total_order": 2, "hotel_value": ["4.7", "4.7"], "hotel_price": ["313", "313"]}, "440903": {"hotel_name": "\u5b9c\u5fc5\u601d\u9152\u5e97(\u53a6\u95e8\u706b\u8f66\u7ad9\u9152\u5e97)", "order_time": ["2019-01-16 09:55:20"], "total_order": 1, "hotel_value": ["4.3"], "hotel_price": ["208"]}, "6284392": {"hotel_name": "\u9f13\u6d6a\u5c7f\u5fd8\u5c18\u5c45\u65c5\u9986(\u539f\u57ce\u5c7f\u6708\u5149\u5ea6\u5047\u65c5\u9986)", "order_time": ["2019-01-16 09:55:37"], "total_order": 1, "hotel_value": ["4.7"], "hotel_price": ["247"]}, "346248": {"hotel_name": "\u53a6\u95e8\u6cf0\u8c37\u9152\u5e97", "order_time": ["2019-01-16 10:21:04", "2019-01-16 10:01:06", "2019-01-16 10:25:04", "2019-01-16 10:17:03", "2019-01-16 10:35:00", "2019-01-16 09:57:02"], "total_order": 6, "hotel_value": ["4.7", "4.7", "4.7", "4.7", "4.7", "4.7"], "hotel_price": ["398", "398", "398", "398", "398", "398"]}, "440397": {"hotel_name": "\u7231\u4e01\u5821\u9152\u5e97(\u53a6\u95e8\u53a6\u9f13\u7801\u5934\u5e97)(\u539f\u9890\u9526\u9152\u5e97)", "order_time": ["2019-01-16 09:57:03"], "total_order": 1, "hotel_value": ["4.5"], "hotel_price": ["104"]}, "5980230": {"hotel_name": "\u53a6\u95e8\u9f13\u6d6a\u5c7f\u542c\u96e8\u8f69\u7cbe\u54c1\u5ba2\u6808\u5927\u5b66\u751f\u521b\u4e1a\u57fa\u5730\u5e97", "order_time": ["2019-01-16 09:57:04"], "total_order": 1, "hotel_value": ["4.8"], "hotel_price": ["95"]}, "427072": {"hotel_name": "\u5ead\u82d1\u9152\u5e97(\u53a6\u95e8\u83b2\u82b1\u8def\u53e3\u5730\u94c1\u7ad9\u5e97)", "order_time": ["2019-01-16 09:57:04"], "total_order": 1, "hotel_value": ["4.7"], "hotel_price": ["161"]}, "1230104": {"hotel_name": "\u53a6\u95e8\u63a2\u7d22\u9152\u5e97", "order_time": ["2019-01-16 10:21:06", "2019-01-16 09:57:05", "2019-01-16 10:07:04", "2019-01-16 10:01:05"], "total_order": 4, "hotel_value": ["4.5", "4.5", "4.5", "4.5"], "hotel_price": ["446", "449", "679", "538"]}, "19678980": {"hotel_name": "\u53a6\u95e8\u74e6\u6e90\u7d20\u7cbe\u54c1\u5ba2\u6808", "order_time": ["2019-01-16 09:57:07", "2019-01-16 10:31:05"], "total_order": 2, "hotel_value": ["4.9", "4.9"], "hotel_price": ["104", "104"]}, "1620068": {"hotel_name": "\u53a6\u95e8\u5317\u7ad9\u4e5d\u5ea6\u4e09\u5c71\u5e84", "order_time": ["2019-01-16 09:57:10"], "total_order": 1, "hotel_value": ["4.7"], "hotel_price": ["153"]}, "23237811": {"hotel_name": "\u53a6\u95e8\u5357\u56fd\u76f8\u601d\u5802", "order_time": ["2019-01-16 09:57:10"], "total_order": 1, "hotel_value": ["4.9"], "hotel_price": ["234"]}, "2561902": {"hotel_name": "\u53a6\u95e8\u7231\u83b1\u9152\u5e97\u516c\u5bd3", "order_time": ["2019-01-16 09:57:11", "2019-01-16 10:05:11"], "total_order": 2, "hotel_value": ["4.7", "4.7"], "hotel_price": ["193", "193"]}, "26341130": {"hotel_name": "\u53a6\u95e8Sky High\u4e91\u5c1a\u5929\u9645\u9152\u5e97", "order_time": ["2019-01-16 09:57:11"], "total_order": 1, "hotel_value": ["5.0"], "hotel_price": ["1360"]}, "25805759": {"hotel_name": "\u65af\u7ef4\u767b\u5ea6\u5047\u516c\u5bd3(\u53a6\u95e8\u5927\u5b66\u5e97)", "order_time": ["2019-01-16 09:57:18"], "total_order": 1, "hotel_value": ["4.9"], "hotel_price": ["381"]}, "1406009": {"hotel_name": "\u53a6\u95e8\u9646\u5c9b\u9152\u5e97(\u4f1a\u5c55\u5e97)", "order_time": ["2019-01-16 09:59:01"], "total_order": 1, "hotel_value": ["4.4"], "hotel_price": ["232"]}, "8568943": {"hotel_name": "\u53a6\u95e8\u6c90\u9752\u67ab\u5916\u6d77\u96c5\u5885\u522b\u5885", "order_time": ["2019-01-16 09:59:03"], "total_order": 1, "hotel_value": ["4.6"], "hotel_price": ["164"]}, "11236140": {"hotel_name": "\u53a6\u95e8\u5bbf\u5fc3\u820d\u5ba2\u6808", "order_time": ["2019-01-16 09:59:04"], "total_order": 1, "hotel_value": ["4.7"], "hotel_price": ["135"]}, "17293040": {"hotel_name": "\u53a6\u95e8\u5982\u58a8\u8bbe\u8ba1\u578b\u5ea6\u5047\u522b\u5885", "order_time": ["2019-01-16 09:59:04"], "total_order": 1, "hotel_value": ["4.9"], "hotel_price": ["206"]}, "453231": {"hotel_name": "\u745e\u820d\u9152\u5e97(\u53a6\u95e8\u4e2d\u5c71\u8def\u6597\u897f\u5e97)(\u539f\u597d\u53cb\u6c47\u5546\u52a1\u9152\u5e97)", "order_time": ["2019-01-16 09:59:07"], "total_order": 1, "hotel_value": ["4.8"], "hotel_price": ["249"]}, "467612": {"hotel_name": "\u53a6\u95e8\u9f13\u6d6a\u5c7f\u8292\u679c\u6811\u65c5\u9986", "order_time": ["2019-01-16 09:59:07"], "total_order": 1, "hotel_value": ["4.9"], "hotel_price": ["95"]}, "12250282": {"hotel_name": "\u53a6\u95e8\u6e29\u5c3c\u65af\u00b7\u542c\u5fc3\u9662\u5c71\u5c45\u5ea6\u5047\u522b\u5885", "order_time": ["2019-01-16 10:01:01"], "total_order": 1, "hotel_value": ["4.9"], "hotel_price": ["499"]}, "4122689": {"hotel_name": "\u53a6\u95e8\u8fb9\u9645\u9152\u5e97", "order_time": ["2019-01-16 10:01:02"], "total_order": 1, "hotel_value": ["4.6"], "hotel_price": ["318"]}, "5236986": {"hotel_name": "\u53a6\u95e8\u5929\u6155\u4ea8\u8fbe\u9152\u5e97(\u539f\u6e7e\u4ed4\u5927\u9152\u5e97)", "order_time": ["2019-01-16 10:01:02"], "total_order": 1, "hotel_value": ["4.6"], "hotel_price": ["339"]}, "1817109": {"hotel_name": "\u53a6\u95e8\u9f13\u6d6a\u5c7f\u6021\u7136\u5c45\u65c5\u9986", "order_time": ["2019-01-16 10:01:02"], "total_order": 1, "hotel_value": ["4.8"], "hotel_price": ["97"]}, "11212802": {"hotel_name": "\u9f13\u6d6a\u5c7f8\u82f1\u91cc\u65f6\u5149\u5ba2\u6808", "order_time": ["2019-01-16 10:01:03"], "total_order": 1, "hotel_value": ["4.7"], "hotel_price": ["202"]}, "15849666": {"hotel_name": "\u5168\u5b63\u9152\u5e97(\u53a6\u95e8\u5317\u7ad9\u674f\u6797\u6e7e\u8def\u5e97)", "order_time": ["2019-01-16 10:29:05", "2019-01-16 10:01:03"], "total_order": 2, "hotel_value": ["4.7", "4.7"], "hotel_price": ["313", "313"]}, "346271": {"hotel_name": "\u53a6\u95e8\u559c\u6765\u767b\u9152\u5e97", "order_time": ["2019-01-16 10:01:05"], "total_order": 1, "hotel_value": ["4.5"], "hotel_price": ["759"]}, "375293": {"hotel_name": "\u53a6\u95e8\u95fd\u5357\u5927\u9152\u5e97", "order_time": ["2019-01-16 10:01:06", "2019-01-16 10:09:05"], "total_order": 2, "hotel_value": ["4.6", "4.6"], "hotel_price": ["358", "358"]}, "5850603": {"hotel_name": "\u53a6\u95e8\u5370\u8c61\u6d77\u6e7e\u5ea6\u5047\u522b\u5885", "order_time": ["2019-01-16 10:01:06"], "total_order": 1, "hotel_value": ["4.9"], "hotel_price": ["170"]}, "12092426": {"hotel_name": "\u53a6\u95e8\u91d1\u5c0f\u59d0\u522b\u9662(\u539f\u9999\u683c\u91cc\u5885\u5ea6\u5047\u5e84\u56ed)", "order_time": ["2019-01-16 10:01:08"], "total_order": 1, "hotel_value": ["4.9"], "hotel_price": ["121"]}, "5983033": {"hotel_name": "\u53a6\u95e8\u53cc\u57ce\u8bb0\u5ea6\u5047\u5e84\u56ed", "order_time": ["2019-01-16 10:01:11"], "total_order": 1, "hotel_value": ["4.9"], "hotel_price": ["136"]}, "2097550": {"hotel_name": "\u53a6\u95e8\u6d6a\u6f2b\u90fd\u5e02\u9152\u5e97", "order_time": ["2019-01-16 10:23:18", "2019-01-16 10:01:13"], "total_order": 2, "hotel_value": ["4.0", "4.0"], "hotel_price": ["121", "121"]}, "1305979": {"hotel_name": "\u91d1\u5b9d\u5927\u9152\u5e97(\u53a6\u95e8\u4e1c\u6e21\u6e38\u8f6e\u4e2d\u5fc3\u53a6\u9f13\u7801\u5934\u5e97)", "order_time": ["2019-01-16 10:23:09", "2019-01-16 10:01:18"], "total_order": 2, "hotel_value": ["4.5", "4.5"], "hotel_price": ["260", "260"]}, "1641097": {"hotel_name": "\u9f13\u6d6a\u5c7f\u56db\u5b63\u82b1\u65c5\u9986(\u539f\u521d\u590f\u65c5\u9986)", "order_time": ["2019-01-16 10:03:04"], "total_order": 1, "hotel_value": ["4.9"], "hotel_price": ["98"]}, "6312273": {"hotel_name": "\u53a6\u95e8\u671b\u6d77\u697c\u5ea6\u5047\u522b\u5885", "order_time": ["2019-01-16 10:03:06"], "total_order": 1, "hotel_value": ["4.9"], "hotel_price": ["98"]}, "10201435": {"hotel_name": "\u53a6\u95e8\u4f70\u7fd4\u4e94\u901a\u9152\u5e97", "order_time": ["2019-01-16 10:17:38", "2019-01-16 10:17:44", "2019-01-16 10:03:07", "2019-01-16 10:17:46", "2019-01-16 10:25:04"], "total_order": 5, "hotel_value": ["4.7", "4.7", "4.7", "4.7", "4.7"], "hotel_price": ["779", "779", "779", "779", "779"]}, "1733907": {"hotel_name": "\u53a6\u95e8\u8363\u8a89\u56fd\u9645\u9152\u5e97", "order_time": ["2019-01-16 10:03:10"], "total_order": 1, "hotel_value": ["4.7"], "hotel_price": ["568"]}, "17908349": {"hotel_name": "\u53a6\u95e8\u9047\u7f8e\u00b7\u57b5\u90b8\u9152\u5e97", "order_time": ["2019-01-16 10:03:10"], "total_order": 1, "hotel_value": ["4.9"], "hotel_price": ["250"]}, "2135250": {"hotel_name": "\u4f0a\u4eba\u6d77\u65c5\u9986(\u53a6\u95e8\u9f13\u6d6a\u5c7f\u99a8\u7f18\u9601\u5e97)", "order_time": ["2019-01-16 10:09:07", "2019-01-16 10:03:11"], "total_order": 2, "hotel_value": ["4.6", "4.6"], "hotel_price": ["162", "162"]}, "26448227": {"hotel_name": "\u53a6\u95e8\u5317\u5c9b\u6c11\u5bbf", "order_time": ["2019-01-16 10:03:12"], "total_order": 1, "hotel_value": [0], "hotel_price": ["106"]}, "8568987": {"hotel_name": "\u5e0c\u5cb8\u00b7\u8f7b\u96c5\u9152\u5e97(\u9f13\u6d6a\u5c7f\u5d69\u5c7f\u7801\u5934\u5e97)", "order_time": ["2019-01-16 10:03:13"], "total_order": 1, "hotel_value": ["4.8"], "hotel_price": ["192"]}, "2697625": {"hotel_name": "\u53a6\u95e8\u66fe\u539d\u57b5\u629a\u6d77\u5c45\u5ba2\u6808(\u539f\u53a6\u95e8\u66fe\u539d\u57b5\u6e29\u96c5\u4e4b\u5bb6\u6c11\u5bbf)", "order_time": ["2019-01-16 10:03:19"], "total_order": 1, "hotel_value": ["5.0"], "hotel_price": ["138"]}, "6355587": {"hotel_name": "\u590f\u5546\u6021\u7fd4\u5047\u65e5\u9152\u5e97(\u53a6\u95e8\u706b\u8f66\u7ad9\u5e97)", "order_time": ["2019-01-16 10:03:21"], "total_order": 1, "hotel_value": ["4.8"], "hotel_price": ["198"]}, "2582476": {"hotel_name": "99\u65c5\u9986\u8fde\u9501(\u53a6\u95e8\u5367\u9f99\u6653\u57ce\u5e97)", "order_time": ["2019-01-16 10:03:29"], "total_order": 1, "hotel_value": ["4.3"], "hotel_price": ["79"]}, "4311628": {"hotel_name": "\u65b0\u53cb\u8c0a\u9152\u5e97\u5f0f\u516c\u5bd3(\u53a6\u95e8\u673a\u573a\u5e97)", "order_time": ["2019-01-16 10:03:29"], "total_order": 1, "hotel_value": ["4.3"], "hotel_price": ["117"]}, "9118583": {"hotel_name": "\u53a6\u95e8\u9999\u683c\u91cc\u62c9\u5927\u9152\u5e97", "order_time": ["2019-01-16 10:05:02"], "total_order": 1, "hotel_value": ["4.6"], "hotel_price": ["933"]}, "2030776": {"hotel_name": "\u53a6\u95e8\u66fe\u539d\u57b5\u63fd\u6d77\u542c\u98ce\u7cbe\u54c1\u6c11\u5bbf", "order_time": ["2019-01-16 10:05:12"], "total_order": 1, "hotel_value": ["4.6"], "hotel_price": ["40"]}, "467685": {"hotel_name": "\u53a6\u95e8\u767d\u9e6d\u6d32\u5927\u9152\u5e97", "order_time": ["2019-01-16 10:05:12", "2019-01-16 10:23:30"], "total_order": 2, "hotel_value": ["4.2", "4.2"], "hotel_price": ["462", "398"]}, "25109378": {"hotel_name": "\u53a6\u95e8IN\u4e91\u7aef\u5957\u623f\u516c\u5bd3", "order_time": ["2019-01-16 10:05:13"], "total_order": 1, "hotel_value": ["5.0"], "hotel_price": ["482"]}, "848515": {"hotel_name": "\u53a6\u95e8\u9752\u82b1\u74f7\u5ea6\u5047\u5c4b(\u539f\u98ce\u60c5\u6d77\u6e7e\u5ba2\u6808)", "order_time": ["2019-01-16 10:05:13"], "total_order": 1, "hotel_value": ["4.8"], "hotel_price": ["91"]}, "1349924": {"hotel_name": "\u53a6\u95e8\u946b\u8f69\u54f2\u9152\u5e97", "order_time": ["2019-01-16 10:05:22"], "total_order": 1, "hotel_value": ["4.6"], "hotel_price": ["93"]}, "6773261": {"hotel_name": "\u53a6\u95e8\u4e50\u5c45\u7cbe\u54c1\u5ba2\u6808", "order_time": ["2019-01-16 10:05:22"], "total_order": 1, "hotel_value": ["4.9"], "hotel_price": ["305"]}, "4029539": {"hotel_name": "\u53a6\u95e8\u98de\u5bbf\u8fde\u9501\u53cc\u5b50\u5885\u7687\u5bb6\u5ea6\u5047\u5e84\u56ed", "order_time": ["2019-01-16 10:07:05"], "total_order": 1, "hotel_value": ["4.7"], "hotel_price": ["171"]}, "434318": {"hotel_name": "\u53a6\u95e8\u9f13\u6d6a\u5c7f\u9f13\u6d6a\u522b\u5885\u9152\u5e97", "order_time": ["2019-01-16 10:07:11"], "total_order": 1, "hotel_value": ["4.6"], "hotel_price": ["498"]}, "21145945": {"hotel_name": "\u53a6\u95e8\u7fd4\u4e91\u56db\u5b63\u9152\u5e97", "order_time": ["2019-01-16 10:07:17"], "total_order": 1, "hotel_value": ["4.0"], "hotel_price": ["202"]}, "2945959": {"hotel_name": "\u53a6\u95e8\u76db\u9686\u9152\u5e97\u516c\u5bd3", "order_time": ["2019-01-16 10:07:35"], "total_order": 1, "hotel_value": ["3.7"], "hotel_price": ["138"]}, "5724702": {"hotel_name": "\u51e4\u51f0\u5c45\u9152\u5e97(\u9f13\u6d6a\u5c7f\u65e5\u5149\u5ca9\u5e97)", "order_time": ["2019-01-16 10:07:44"], "total_order": 1, "hotel_value": ["4.9"], "hotel_price": ["327"]}, "458319": {"hotel_name": "\u9752\u5e74\u9633\u5149\u9152\u5e97(\u53a6\u95e8\u706b\u8f66\u7ad9\u6587\u7076\u5e97)", "order_time": ["2019-01-16 10:09:03"], "total_order": 1, "hotel_value": ["4.5"], "hotel_price": ["134"]}, "6021613": {"hotel_name": "\u53a6\u95e8\u5317\u7ad9\u65b0\u6982\u5ff5\u7cbe\u54c1\u5ba2\u6808(\u539f\u65b0\u6982\u5ff5\u9152\u5e97\u516c\u5bd3(\u5317\u7ad9\u5e97))", "order_time": ["2019-01-16 10:09:05"], "total_order": 1, "hotel_value": ["4.9"], "hotel_price": ["90"]}, "1766513": {"hotel_name": "\u53a6\u95e8\u8363\u51ef\u4f18\u4f73\u6c11\u5bbf", "order_time": ["2019-01-16 10:09:08"], "total_order": 1, "hotel_value": ["4.9"], "hotel_price": ["179"]}, "22762359": {"hotel_name": "\u53a6\u95e8\u9e6d\u5bbf\u516c\u5bd3", "order_time": ["2019-01-16 10:09:08"], "total_order": 1, "hotel_value": ["4.7"], "hotel_price": ["134"]}, "21928681": {"hotel_name": "\u9014\u7a9d\u9152\u5e97(\u53a6\u95e8\u9ec4\u539d\u5e97)", "order_time": ["2019-01-16 10:09:13"], "total_order": 1, "hotel_value": ["4.4"], "hotel_price": ["143"]}, "771610": {"hotel_name": "\u53a6\u95e8\u661f\u5149\u6d77\u6e7e\u9152\u5e97", "order_time": ["2019-01-16 10:09:15"], "total_order": 1, "hotel_value": ["4.4"], "hotel_price": ["314"]}, "914092": {"hotel_name": "\u53a6\u95e8\u8bed\u83d3\u60a0\u95f2\u5c0f\u6808", "order_time": ["2019-01-16 10:09:20"], "total_order": 1, "hotel_value": ["4.6"], "hotel_price": ["85"]}, "700177": {"hotel_name": "\u5c1a\u5ba2\u4f18\u7cbe\u9009\u9152\u5e97(\u53a6\u95e8\u51ef\u6021\u4f1a\u5c55\u4e2d\u5fc3\u5e97)", "order_time": ["2019-01-16 10:11:06"], "total_order": 1, "hotel_value": ["4.6"], "hotel_price": ["180"]}, "1389218": {"hotel_name": "\u53a6\u95e8\u5eb7\u96c5\u9152\u5e97", "order_time": ["2019-01-16 10:23:26", "2019-01-16 10:11:06"], "total_order": 2, "hotel_value": ["4.5", "4.5"], "hotel_price": ["127", "165"]}, "2304885": {"hotel_name": "7\u5929\u8fde\u9501\u9152\u5e97(\u53a6\u95e8\u5927\u5b66\u5357\u666e\u9640\u5e97)", "order_time": ["2019-01-16 10:11:12"], "total_order": 1, "hotel_value": ["4.4"], "hotel_price": ["189"]}, "6843796": {"hotel_name": "\u9f13\u6d6a\u5c7f\u52a0\u5dde\u522b\u9662", "order_time": ["2019-01-16 10:11:16"], "total_order": 1, "hotel_value": ["4.1"], "hotel_price": ["191"]}, "2214161": {"hotel_name": "\u6d6a\u6f2b\u90fd\u5e02\u8fde\u9501\u9152\u5e97(\u53a6\u95e8SM\u4eca\u53f6\u5e97)", "order_time": ["2019-01-16 10:11:23"], "total_order": 1, "hotel_value": ["4.5"], "hotel_price": ["122"]}, "1710711": {"hotel_name": "\u53a6\u95e8\u8def\u5ba2Lotel\u53c1\u9ece\u6c11\u5bbf", "order_time": ["2019-01-16 10:11:27"], "total_order": 1, "hotel_value": ["4.8"], "hotel_price": ["105"]}, "1742980": {"hotel_name": "\u4f73\u6a59\u5feb\u6377\u9152\u5e97\uff08\u53a6\u95e8\u706b\u8f66\u7ad9\u5e97\uff09", "order_time": ["2019-01-16 10:11:33"], "total_order": 1, "hotel_value": ["4.1"], "hotel_price": ["83"]}, "6842546": {"hotel_name": "\u53a6\u95e8\u6d77\u60a6\u6e7e\u5ea6\u5047\u522b\u5885", "order_time": ["2019-01-16 10:11:43"], "total_order": 1, "hotel_value": ["4.9"], "hotel_price": ["369"]}, "428315": {"hotel_name": "\u5982\u5bb6\u5feb\u6377\u9152\u5e97(\u53a6\u95e8\u6587\u56ed\u8def\u6587\u7076\u5730\u94c1\u7ad9\u5e97)", "order_time": ["2019-01-16 10:15:04", "2019-01-16 10:13:02"], "total_order": 2, "hotel_value": ["4.4", "4.4"], "hotel_price": ["127", "127"]}, "481710": {"hotel_name": "\u9526\u6c5f\u4e4b\u661f(\u53a6\u95e8\u706b\u8f66\u7ad9\u5e97)(\u539f\u4e1c\u6d66\u8def\u5e97)", "order_time": ["2019-01-16 10:13:03"], "total_order": 1, "hotel_value": ["4.4"], "hotel_price": ["113"]}, "1065306": {"hotel_name": "\u9f13\u6d6a\u5c7f\u516d\u60a6\u6d77\u666f\u9152\u5e97(\u539f\u516d\u60a6\u82b1\u56ed\u9152\u5e97)", "order_time": ["2019-01-16 10:13:04"], "total_order": 1, "hotel_value": ["4.7"], "hotel_price": ["231"]}, "6485565": {"hotel_name": "\u9f13\u6d6a\u5c7f\u4e00\u7b51\u82b1\u56ed\u522b\u5885", "order_time": ["2019-01-16 10:13:05"], "total_order": 1, "hotel_value": ["4.6"], "hotel_price": ["181"]}, "443333": {"hotel_name": "\u9752\u5e74\u9633\u5149\u8fde\u9501\u9152\u5e97(\u53a6\u95e8\u65b9\u7279\u68a6\u5e7b\u540c\u5b89\u5e97)(\u539f\u540c\u5b89\u5e97)", "order_time": ["2019-01-16 10:13:08"], "total_order": 1, "hotel_value": ["4.5"], "hotel_price": ["116"]}, "419463": {"hotel_name": "\u53a6\u95e8\u534e\u4fa8\u5927\u53a6", "order_time": ["2019-01-16 10:13:16"], "total_order": 1, "hotel_value": ["4.7"], "hotel_price": ["298"]}, "1771637": {"hotel_name": "\u53a6\u95e8\u6d77\u5854\u4e4b\u661f\u6d77\u8fb9\u4e3b\u9898\u5ba2\u6808", "order_time": ["2019-01-16 10:13:16"], "total_order": 1, "hotel_value": ["4.8"], "hotel_price": ["76"]}, "1543567": {"hotel_name": "\u53a6\u95e8\u4f1a\u5c55\u6d77\u8fb9\u516c\u5bd3", "order_time": ["2019-01-16 10:13:43"], "total_order": 1, "hotel_value": ["3.7"], "hotel_price": ["188"]}, "1675204": {"hotel_name": "\u53a6\u95e8\u4e2d\u5c71\u7f8e\u5c45\u5ba2\u6808", "order_time": ["2019-01-16 10:13:45"], "total_order": 1, "hotel_value": ["4.6"], "hotel_price": ["118"]}, "2297567": {"hotel_name": "\u65af\u94c2\u745e\u57ce\u5e02\u9152\u5e97(\u53a6\u95e8\u4e2d\u5c71\u516c\u56ed\u5730\u94c1\u7ad9\u5e97)(\u539f\u4e2d\u5c71\u8def\u6b65\u884c\u8857\u5e97)", "order_time": ["2019-01-16 10:15:01"], "total_order": 1, "hotel_value": ["4.7"], "hotel_price": ["98"]}, "19853957": {"hotel_name": "\u9038\u6cca\u5b87\u516c\u5bd3(\u53a6\u95e8\u673a\u573a\u5e97)", "order_time": ["2019-01-16 10:15:02"], "total_order": 1, "hotel_value": ["4.7"], "hotel_price": ["125"]}, "428700": {"hotel_name": "\u5982\u5bb6\u5feb\u6377\u9152\u5e97(\u53a6\u95e8\u4e1c\u6e21\u9f13\u6d6a\u5c7f\u7801\u5934\u5e97)(\u539f\u4e1c\u6e21\u90ae\u8f6e\u4e2d\u5fc3\u53a6\u9f13\u7801\u5934\u5e97)", "order_time": ["2019-01-16 10:15:02"], "total_order": 1, "hotel_value": ["4.2"], "hotel_price": ["101"]}, "5806184": {"hotel_name": "\u9177\u6d3e\u9152\u5e97(\u53a6\u95e8\u706b\u8f66\u7ad9\u68a7\u6751\u6c7d\u8f66\u7ad9\u5e97)", "order_time": ["2019-01-16 10:15:05"], "total_order": 1, "hotel_value": ["4.3"], "hotel_price": ["103"]}, "1510329": {"hotel_name": "\u53a6\u95e8\u541b\u96c5\u5047\u65e5\u9152\u5e97", "order_time": ["2019-01-16 10:15:07"], "total_order": 1, "hotel_value": ["4.7"], "hotel_price": ["143"]}, "6483590": {"hotel_name": "\u53a6\u95e8\u5fbd\u5bbf", "order_time": ["2019-01-16 10:15:08"], "total_order": 1, "hotel_value": ["4.8"], "hotel_price": ["222"]}, "800402": {"hotel_name": "\u53a6\u95e8\u8363\u6e90\u4e3b\u9898\u9152\u5e97", "order_time": ["2019-01-16 10:19:05", "2019-01-16 10:15:12"], "total_order": 2, "hotel_value": ["4.9", "4.9"], "hotel_price": ["114", "114"]}, "1318017": {"hotel_name": "\u53a6\u95e8\u56fd\u9645\u9752\u5e74\u65c5\u820d", "order_time": ["2019-01-16 10:15:13"], "total_order": 1, "hotel_value": ["4.6"], "hotel_price": ["72"]}, "6935963": {"hotel_name": "\u53a6\u95e8\u5f69\u4e91\u65c5\u793e", "order_time": ["2019-01-16 10:15:15"], "total_order": 1, "hotel_value": ["4.2"], "hotel_price": ["123"]}, "1848647": {"hotel_name": "\u4e07\u798f\u516c\u5bd3(\u53a6\u95e8\u673a\u573a\u5e97)", "order_time": ["2019-01-16 10:15:28", "2019-01-16 10:25:26"], "total_order": 2, "hotel_value": ["4.3", "4.3"], "hotel_price": ["103", "103"]}, "2300469": {"hotel_name": "7\u5929\u8fde\u9501\u9152\u5e97(\u53a6\u95e8\u91d1\u5c1a\u5e97)", "order_time": ["2019-01-16 10:17:04"], "total_order": 1, "hotel_value": ["4.6"], "hotel_price": ["158"]}, "1493067": {"hotel_name": "\u53a6\u95e8\u6d77\u683c\u683c\u5ba2\u6808", "order_time": ["2019-01-16 10:17:23"], "total_order": 1, "hotel_value": ["4.8"], "hotel_price": ["72"]}, "717597": {"hotel_name": "\u53a6\u95e8\u5fa1\u79c1\u5885\u4eb2\u5b50\u5ea6\u5047\u522b\u5885", "order_time": ["2019-01-16 10:17:34"], "total_order": 1, "hotel_value": ["4.7"], "hotel_price": ["318"]}, "6882800": {"hotel_name": "\u53a6\u95e8\u5e02\u601d\u6f6e\u4e3b\u9898\u5ba2\u6808", "order_time": ["2019-01-16 10:17:35"], "total_order": 1, "hotel_value": ["4.6"], "hotel_price": ["98"]}, "1583166": {"hotel_name": "\u5982\u5bb6\u5feb\u6377\u9152\u5e97(\u53a6\u95e8\u4e2d\u5c71\u8def\u6b65\u884c\u8857\u5e97)", "order_time": ["2019-01-16 10:19:05"], "total_order": 1, "hotel_value": ["4.5"], "hotel_price": ["152"]}, "468485": {"hotel_name": "\u53a6\u95e8\u6e2f\u6e7e\u5927\u9152\u5e97", "order_time": ["2019-01-16 10:19:06"], "total_order": 1, "hotel_value": ["4.5"], "hotel_price": ["398"]}, "8419373": {"hotel_name": "\u5ead\u82d1\u9152\u5e97(\u53a6\u95e8\u4e2d\u5c71\u8def\u8f6e\u6e21\u5e97)", "order_time": ["2019-01-16 10:19:07"], "total_order": 1, "hotel_value": ["4.8"], "hotel_price": ["148"]}, "1741647": {"hotel_name": "\u53a6\u95e8\u6f2b\u6e21\u6734\u820d\u8bbe\u8ba1\u578b\u6c11\u5bbf", "order_time": ["2019-01-16 10:19:08"], "total_order": 1, "hotel_value": ["5.0"], "hotel_price": ["212"]}, "2304450": {"hotel_name": "7\u5929\u8fde\u9501\u9152\u5e97(\u53a6\u95e8\u706b\u8f66\u7ad9\u5e97)", "order_time": ["2019-01-16 10:19:11"], "total_order": 1, "hotel_value": ["4.3"], "hotel_price": ["106"]}, "1406475": {"hotel_name": "\u53a6\u95e8886\u7cbe\u54c1\u9152\u5e97", "order_time": ["2019-01-16 10:19:13"], "total_order": 1, "hotel_value": ["3.7"], "hotel_price": ["96"]}, "1904341": {"hotel_name": "7\u5929\u4f18\u54c1\u9152\u5e97(\u53a6\u95e8\u4e2d\u5c71\u8def\u6b65\u884c\u8857\u5e97)", "order_time": ["2019-01-16 10:21:06"], "total_order": 1, "hotel_value": ["4.1"], "hotel_price": ["160"]}, "444706": {"hotel_name": "\u590f\u5546\u00b7\u6021\u5ead\u5546\u52a1\u9152\u5e97(\u53a6\u95e8\u706b\u8f66\u7ad9\u79be\u7965\u5e97)", "order_time": ["2019-01-16 10:21:06"], "total_order": 1, "hotel_value": ["4.5"], "hotel_price": ["141"]}, "926850": {"hotel_name": "\u53a6\u95e8\u96c5\u5bbf\u5feb\u6377\u9152\u5e97(\u4e1c\u6e21\u90ae\u8f6e\u4e2d\u5fc3\u53a6\u9f13\u7801\u5934\u5e97)", "order_time": ["2019-01-16 10:21:09"], "total_order": 1, "hotel_value": ["4.3"], "hotel_price": ["128"]}, "1830099": {"hotel_name": "\u7231\u4e01\u5821\u8fde\u9501\u9152\u5e97(\u53a6\u95e8\u4f1a\u5c55\u5e97)", "order_time": ["2019-01-16 10:23:05"], "total_order": 1, "hotel_value": ["4.4"], "hotel_price": ["189"]}, "1207050": {"hotel_name": "\u5982\u5bb6\u5feb\u6377\u9152\u5e97(\u53a6\u95e8\u4f1a\u5c55\u4e2d\u5fc3\u83b2\u524d\u897f\u8def\u5e97)", "order_time": ["2019-01-16 10:23:08"], "total_order": 1, "hotel_value": ["4.7"], "hotel_price": ["132"]}, "23571482": {"hotel_name": "\u53a6\u95e8\u5e78\u798f\u65f6\u5149\u516c\u5bd3", "order_time": ["2019-01-16 10:23:10"], "total_order": 1, "hotel_value": ["4.8"], "hotel_price": ["104"]}, "453281": {"hotel_name": "\u53a6\u95e8\u71d5\u5b50\u575e\u5ba2\u6808", "order_time": ["2019-01-16 10:23:15"], "total_order": 1, "hotel_value": ["4.7"], "hotel_price": ["123"]}, "2593403": {"hotel_name": "\u53a6\u95e88\u5206\u949f\u6d77\u8fb9\u5ba2\u6808", "order_time": ["2019-01-16 10:23:35"], "total_order": 1, "hotel_value": ["4.8"], "hotel_price": ["292"]}, "5548882": {"hotel_name": "\u53a6\u95e8\u6d77\u65c5\u6e29\u5fb7\u59c6\u81f3\u5c0a\u9152\u5e97", "order_time": ["2019-01-16 10:25:02"], "total_order": 1, "hotel_value": ["4.7"], "hotel_price": ["522"]}, "6190806": {"hotel_name": "\u53a6\u95e8\u7d2b\u8f69\u516c\u5bd3", "order_time": ["2019-01-16 10:25:25"], "total_order": 1, "hotel_value": [0], "hotel_price": ["74"]}, "1338634": {"hotel_name": "\u53a6\u95e8\u6c40\u5dde\u62db\u5f85\u6240", "order_time": ["2019-01-16 10:25:25"], "total_order": 1, "hotel_value": ["3.4"], "hotel_price": ["96"]}, "1298610": {"hotel_name": "\u53a6\u95e8\u4e0a\u5858\u516c\u5bd3", "order_time": ["2019-01-16 10:25:26"], "total_order": 1, "hotel_value": ["3.6"], "hotel_price": ["58"]}, "7507315": {"hotel_name": "\u53a6\u95e8Today\u8bbe\u8ba1\u5e08\u7684\u5bb6\u516c\u5bd3", "order_time": ["2019-01-16 10:25:37"], "total_order": 1, "hotel_value": [0], "hotel_price": ["246"]}, "1727502": {"hotel_name": "\u53a6\u95e8\u9f13\u6d6a\u5c7f\u9f13\u5c71\u6816\u65c5\u9986", "order_time": ["2019-01-16 10:27:03"], "total_order": 1, "hotel_value": ["4.8"], "hotel_price": ["420"]}, "2300486": {"hotel_name": "7\u5929\u8fde\u9501\u9152\u5e97(\u53a6\u95e8\u53a6\u9f13\u6e38\u8f6e\u7801\u5934\u5e97)", "order_time": ["2019-01-16 10:27:12"], "total_order": 1, "hotel_value": ["4.2"], "hotel_price": ["126"]}, "1838916": {"hotel_name": "7\u5929\u8fde\u9501\u9152\u5e97(\u53a6\u95e8\u706b\u8f66\u7ad9\u53a6\u79be\u8def\u5e97)", "order_time": ["2019-01-16 10:27:12"], "total_order": 1, "hotel_value": ["4.3"], "hotel_price": ["156"]}, "2074390": {"hotel_name": "\u53a6\u95e8\u5317\u7ad9\u5b89\u6021\u5c45\u5ba2\u6808", "order_time": ["2019-01-16 10:27:14"], "total_order": 1, "hotel_value": ["4.7"], "hotel_price": ["83"]}, "1523052": {"hotel_name": "\u9f13\u6d6a\u5c7f\u7eb8\u9e22\u65c5\u9986", "order_time": ["2019-01-16 10:27:15"], "total_order": 1, "hotel_value": ["4.7"], "hotel_price": ["174"]}, "2301441": {"hotel_name": "\u975e\u7e41\u57ce\u54c1\u9152\u5e97(\u53a6\u95e8\u96c6\u7f8e\u5927\u5b66\u5e97)", "order_time": ["2019-01-16 10:29:06"], "total_order": 1, "hotel_value": ["4.7"], "hotel_price": ["176"]}, "27273749": {"hotel_name": "\u9f13\u6d6a\u5c7f\u82b1\u5ead\u00b7\u534a\u590f\u65c5\u9986", "order_time": ["2019-01-16 10:29:09"], "total_order": 1, "hotel_value": ["4.9"], "hotel_price": ["362"]}, "2140140": {"hotel_name": "\u53a6\u95e8\u8fdc\u4e1c\u4e4b\u661f\u9152\u5e97", "order_time": ["2019-01-16 10:29:11"], "total_order": 1, "hotel_value": ["3.9"], "hotel_price": ["158"]}, "2301227": {"hotel_name": "\u9526\u6c5f\u4e4b\u661f(\u53a6\u95e8\u674f\u6797\u5e97)", "order_time": ["2019-01-16 10:31:03"], "total_order": 1, "hotel_value": ["4.5"], "hotel_price": ["169"]}, "436711": {"hotel_name": "\u53a6\u95e8\u9f13\u6d6a\u5c7f\u6caa\u5c7f\u65c5\u9986", "order_time": ["2019-01-16 10:31:05"], "total_order": 1, "hotel_value": ["5.0"], "hotel_price": ["158"]}, "4814794": {"hotel_name": "\u53a6\u95e8\u6625\u57ce\u9152\u5e97(\u8f6e\u6e21\u5e97)", "order_time": ["2019-01-16 10:31:13"], "total_order": 1, "hotel_value": ["3.5"], "hotel_price": ["115"]}, "11372511": {"hotel_name": "\u53a6\u95e8\u6f2b\u5ead\u65f6\u5149\u5ba2\u6808", "order_time": ["2019-01-16 10:31:13"], "total_order": 1, "hotel_value": ["4.8"], "hotel_price": ["103"]}, "6976013": {"hotel_name": "\u53a6\u95e8\u66fe\u539d\u57b5\u5f52\u5885\u65b0\u5ba2\u6808", "order_time": ["2019-01-16 10:31:42"], "total_order": 1, "hotel_value": ["4.3"], "hotel_price": ["123"]}, "19735131": {"hotel_name": "\u53a6\u95e8\u6cab\u5bd3\u9152\u5e97\u5f0f\u516c\u5bd3", "order_time": ["2019-01-16 10:33:05"], "total_order": 1, "hotel_value": ["4.8"], "hotel_price": ["121"]}, "898510": {"hotel_name": "\u6c49\u5ead\u9152\u5e97(\u53a6\u95e8\u4e07\u8c61\u57ce\u5e97)(\u539f\u706b\u8f66\u7ad9\u5317\u5e7f\u573a\u91d1\u699c\u8def\u5e97)", "order_time": ["2019-01-16 10:33:07"], "total_order": 1, "hotel_value": ["4.3"], "hotel_price": ["218"]}, "4494388": {"hotel_name": "\u9f13\u6d6a\u5c7f\u989c\u5915\u65c5\u9986(\u539f\u7d2b\u6728\u9999\u5c45\u5ba2\u6808)", "order_time": ["2019-01-16 10:33:12"], "total_order": 1, "hotel_value": ["4.7"], "hotel_price": ["171"]}, "6894351": {"hotel_name": "\u4f55\u539d\u5ba2\u6808", "order_time": ["2019-01-16 10:33:18"], "total_order": 1, "hotel_value": ["4.4"], "hotel_price": ["113"]}, "1648603": {"hotel_name": "\u6b23\u6b23\u516c\u5bd3(\u53a6\u95e8\u673a\u573a\u5e97)", "order_time": ["2019-01-16 10:33:18"], "total_order": 1, "hotel_value": ["4.4"], "hotel_price": ["111"]}, "6736731": {"hotel_name": "\u5e0c\u5cb8\u9152\u5e97(\u53a6\u95e8\u706b\u8f66\u7ad9\u5e97)(\u539f\u5357\u65b9\u996d\u5e97)", "order_time": ["2019-01-16 10:35:02"], "total_order": 1, "hotel_value": ["4.9"], "hotel_price": ["280"]}, "448912": {"hotel_name": "\u5982\u5bb6\u5feb\u6377\u9152\u5e97(\u53a6\u95e8\u706b\u8f66\u7ad9\u6e56\u6ee8\u4e1c\u8def\u9e3f\u8fd0\u5927\u53a6\u5e97)", "order_time": ["2019-01-16 10:35:02"], "total_order": 1, "hotel_value": ["4.3"], "hotel_price": ["138"]}, "24618876": {"hotel_name": "\u53a6\u95e8\u9f13\u6d6a\u5c7fLEJOS\u680e\u5883\u5ea6\u5047\u522b\u5885", "order_time": ["2019-01-16 10:35:08"], "total_order": 1, "hotel_value": ["4.8"], "hotel_price": ["490"]}, "3688726": {"hotel_name": "\u53a6\u95e8\u53a6\u5927\u522b\u6811\u4e00\u9601\u7cbe\u54c1\u5ba2\u6808(\u539f\u53a6\u95e8\u5927\u5b66\u522b\u6811\u4e00\u9601\u5bb6\u5ead\u65c5\u9986)", "order_time": ["2019-01-16 10:35:14"], "total_order": 1, "hotel_value": ["4.8"], "hotel_price": ["114"]}, "2347636": {"hotel_name": "\u53a6\u95e8\u8001\u9662\u5b50\u9752\u5e74\u65c5\u793e", "order_time": ["2019-01-16 10:35:28"], "total_order": 1, "hotel_value": ["4.1"], "hotel_price": ["35"]}, "8568983": {"hotel_name": "\u53a6\u95e8\u5317\u7ad9\u6591\u9a6c\u7cbe\u54c1\u5ba2\u6808", "order_time": ["2019-01-16 10:35:31"], "total_order": 1, "hotel_value": ["4.7"], "hotel_price": ["123"]}, "19517458": {"hotel_name": "\u53a6\u95e8\u601d\u5c7f\u9e6d", "order_time": ["2019-01-16 10:37:09"], "total_order": 1, "hotel_value": ["4.6"], "hotel_price": ["98"]}}}