{"\u5f00\u59cb\u8bb0\u5f55\u65f6\u95f4": "2019-01-15 00:51:26", "\u7ed3\u675f\u8bb0\u5f55\u65f6\u95f4": "2019-01-15 01:51:26", "\u8ba2\u5355\u603b\u589e\u91cf": 239, "item": {"346248": {"hotel_name": "\u53a6\u95e8\u6cf0\u8c37\u9152\u5e97", "order_time": ["2019-01-15 00:53:42", "2019-01-15 01:10:28", "2019-01-15 01:27:48"], "total_order": 3, "hotel_value": ["4.7", "4.7", "4.7"], "hotel_price": ["398", "398", "398"]}, "436708": {"hotel_name": "\u53a6\u95e8\u91d1\u540e\u9152\u5e97", "order_time": ["2019-01-15 00:53:42"], "total_order": 1, "hotel_value": ["4.6"], "hotel_price": ["219"]}, "427501": {"hotel_name": "\u53a6\u95e8\u9187\u6d77\u5cb8\u7cbe\u54c1\u9152\u5e97", "order_time": ["2019-01-15 00:53:43"], "total_order": 1, "hotel_value": ["4.9"], "hotel_price": ["369"]}, "5980230": {"hotel_name": "\u53a6\u95e8\u9f13\u6d6a\u5c7f\u542c\u96e8\u8f69\u7cbe\u54c1\u5ba2\u6808\u5927\u5b66\u751f\u521b\u4e1a\u57fa\u5730\u5e97", "order_time": ["2019-01-15 00:53:43"], "total_order": 1, "hotel_value": ["4.8"], "hotel_price": ["95"]}, "436703": {"hotel_name": "\u53a6\u95e8\u674f\u535a\u6e7e(\u5929\u6c90)\u6e29\u6cc9\u5ea6\u5047\u6751", "order_time": ["2019-01-15 00:53:43"], "total_order": 1, "hotel_value": ["4.2"], "hotel_price": ["486"]}, "4437721": {"hotel_name": "\u53a6\u95e8\u7231\u7b51\u6d77\u666f\u7cbe\u54c1\u4e3b\u9898\u9152\u5e97", "order_time": ["2019-01-15 00:53:43"], "total_order": 1, "hotel_value": ["4.5"], "hotel_price": ["283"]}, "17099052": {"hotel_name": "\u9f13\u6d6a\u5c7f\u6625\u8349\u82ac\u82b3\u5ea6\u5047\u522b\u5885", "order_time": ["2019-01-15 00:53:43"], "total_order": 1, "hotel_value": ["4.9"], "hotel_price": ["528"]}, "789775": {"hotel_name": "\u5408\u4f73\u9152\u5e97(\u53a6\u95e8\u5c06\u519b\u7960\u5730\u94c1\u7ad9\u5e97)", "order_time": ["2019-01-15 00:53:43"], "total_order": 1, "hotel_value": ["4.6"], "hotel_price": ["163"]}, "11019053": {"hotel_name": "\u53a6\u95e8\u5c45\u4e45\u5c71\u6d77\u539f\u5bbf", "order_time": ["2019-01-15 00:53:43"], "total_order": 1, "hotel_value": ["4.9"], "hotel_price": ["503"]}, "1639388": {"hotel_name": "\u4e03\u946b\u5929\u9152\u5e97(\u53a6\u95e8\u673a\u573a\u5e97)", "order_time": ["2019-01-15 00:53:43"], "total_order": 1, "hotel_value": ["4.4"], "hotel_price": ["126"]}, "686333": {"hotel_name": "\u53a6\u95e8\u6eaa\u5885", "order_time": ["2019-01-15 00:53:43", "2019-01-15 01:13:47"], "total_order": 2, "hotel_value": ["4.9", "4.9"], "hotel_price": ["223", "223"]}, "23806720": {"hotel_name": "\u53a6\u95e8HITEL\u9152\u5e97", "order_time": ["2019-01-15 00:53:43"], "total_order": 1, "hotel_value": ["4.8"], "hotel_price": ["443"]}, "4041978": {"hotel_name": "\u901f8\u9152\u5e97\uff08\u53a6\u95e8\u673a\u573a\u6e56\u91cc\u5927\u9053\u5e97\uff09", "order_time": ["2019-01-15 00:53:43"], "total_order": 1, "hotel_value": ["4.3"], "hotel_price": ["133"]}, "1543547": {"hotel_name": "\u53a6\u95e8\u66fe\u539d\u57b5\u543e\u6797\u5ba2\u6808", "order_time": ["2019-01-15 00:53:43"], "total_order": 1, "hotel_value": ["4.9"], "hotel_price": ["106"]}, "11019026": {"hotel_name": "\u53a6\u95e8\u4e9a\u820d\u5c1a\u82d1", "order_time": ["2019-01-15 00:53:43"], "total_order": 1, "hotel_value": ["4.9"], "hotel_price": ["160"]}, "15878927": {"hotel_name": "\u53a6\u95e8\u5929\u5408\u4eba\u5bb6\u516c\u5bd3", "order_time": ["2019-01-15 00:53:43"], "total_order": 1, "hotel_value": ["4.8"], "hotel_price": ["130"]}, "5247286": {"hotel_name": "\u53a6\u95e8\u5fc3\u6e56\u5c1a\u5ba2\u5802\u6c11\u5bbf(\u539f\u53a6\u5927\u5c1a\u5ba2\u5802\u5ba2\u6808)", "order_time": ["2019-01-15 00:53:44"], "total_order": 1, "hotel_value": ["4.7"], "hotel_price": ["258"]}, "8974594": {"hotel_name": "\u53a6\u95e8\u73ba\u4e30\u9152\u5e97", "order_time": ["2019-01-15 00:53:44"], "total_order": 1, "hotel_value": ["4.6"], "hotel_price": ["171"]}, "1245093": {"hotel_name": "\u53a6\u95e8\u8463\u5c0f\u59d0\u6f6e\u6c50\u522b\u5885", "order_time": ["2019-01-15 01:21:45", "2019-01-15 00:53:44"], "total_order": 2, "hotel_value": ["4.7", "4.7"], "hotel_price": ["88", "88"]}, "8615916": {"hotel_name": "\u53a6\u95e8\u84dd\u8272\u6d77\u5cb8\u9152\u5e97", "order_time": ["2019-01-15 00:53:44"], "total_order": 1, "hotel_value": ["4.6"], "hotel_price": ["177"]}, "428108": {"hotel_name": "\u53a6\u95e8\u56fd\u9645\u4f1a\u5c55\u9152\u5e97", "order_time": ["2019-01-15 00:53:44"], "total_order": 1, "hotel_value": ["4.5"], "hotel_price": ["734"]}, "4041819": {"hotel_name": "\u5bb6\u5bb6\u4e50\u9152\u5e97\uff08\u53a6\u95e8\u4e2d\u5c71\u8def\u6b65\u884c\u8857\u5e97\uff09", "order_time": ["2019-01-15 00:53:44"], "total_order": 1, "hotel_value": ["4.4"], "hotel_price": ["227"]}, "4614134": {"hotel_name": "\u53a6\u95e8\u6cd5\u5c14\u8d5b\u7687\u5bb6\u5ea6\u5047\u522b\u5885", "order_time": ["2019-01-15 00:53:44", "2019-01-15 01:11:46"], "total_order": 2, "hotel_value": ["4.9", "4.9"], "hotel_price": ["140", "140"]}, "5482771": {"hotel_name": "\u89c1\u6c50\u00b7\u4e00\u5e2d\u8bbe\u8ba1\u5e08\u7f8e\u5bbf", "order_time": ["2019-01-15 00:53:44"], "total_order": 1, "hotel_value": ["5.0"], "hotel_price": ["174"]}, "436728": {"hotel_name": "\u53a6\u95e8\u9f13\u6d6a\u5c7f\u82b1\u4e4b\u58f0\u65c5\u9986", "order_time": ["2019-01-15 00:53:44"], "total_order": 1, "hotel_value": ["4.5"], "hotel_price": ["181"]}, "22804277": {"hotel_name": "\u6854\u5b50\u9152\u5e97\u7cbe\u9009(\u53a6\u95e8\u4f1a\u5c55\u4e2d\u5fc3\u89c2\u97f3\u5c71\u5e97)", "order_time": ["2019-01-15 00:53:44"], "total_order": 1, "hotel_value": ["4.8"], "hotel_price": ["322"]}, "1535935": {"hotel_name": "\u6c49\u5ead\u9152\u5e97(\u53a6\u95e8\u96c6\u7f8e\u5b66\u6751\u5e97)", "order_time": ["2019-01-15 00:53:44"], "total_order": 1, "hotel_value": ["4.5"], "hotel_price": ["177"]}, "369748": {"hotel_name": "\u53a6\u95e8\u6d77\u6e2f\u82f1\u8fea\u683c\u9152\u5e97", "order_time": ["2019-01-15 00:53:45"], "total_order": 1, "hotel_value": ["4.7"], "hotel_price": ["802"]}, "5028626": {"hotel_name": "\u53a6\u95e8\u9493\u00b7\u7eaf\u6d77\u8f7b\u5962\u9a7f\u9986", "order_time": ["2019-01-15 00:53:45", "2019-01-15 00:55:49"], "total_order": 2, "hotel_value": ["4.9", "4.9"], "hotel_price": ["208", "208"]}, "22942501": {"hotel_name": "\u53a6\u95e8\u73f5\u7f8e\u6d77\u5cb8\u9152\u5e97", "order_time": ["2019-01-15 00:53:47"], "total_order": 1, "hotel_value": ["4.7"], "hotel_price": ["448"]}, "481408": {"hotel_name": "\u53a6\u95e8\u9f13\u6d6a\u5c7f\u5357\u74dc\u77f3\u5ba2\u6808", "order_time": ["2019-01-15 00:53:47"], "total_order": 1, "hotel_value": ["4.8"], "hotel_price": ["136"]}, "1389206": {"hotel_name": "\u9526\u6c5f\u4e4b\u661f(\u53a6\u95e8\u79be\u7965\u897f\u8def\u767d\u9e6d\u6d32\u5e97)", "order_time": ["2019-01-15 00:53:48", "2019-01-15 00:57:46"], "total_order": 2, "hotel_value": ["4.4", "4.4"], "hotel_price": ["119", "119"]}, "467630": {"hotel_name": "\u53a6\u95e8\u9f13\u6d6a\u5c7f\u4e00\u89c1\u82b1\u56ed\u8001\u522b\u5885", "order_time": ["2019-01-15 00:53:52"], "total_order": 1, "hotel_value": ["4.8"], "hotel_price": ["279"]}, "5788864": {"hotel_name": "\u53a6\u95e8\u5eb7\u83b1\u5fb7\u9152\u5e97", "order_time": ["2019-01-15 01:05:47", "2019-01-15 01:35:51", "2019-01-15 00:53:55"], "total_order": 3, "hotel_value": ["4.7", "4.7", "4.7"], "hotel_price": ["1538", "1538", "1538"]}, "5769460": {"hotel_name": "\u53a6\u95e8\u5468\u6708\u4e3b\u9898\u5bbe\u9986", "order_time": ["2019-01-15 00:54:00"], "total_order": 1, "hotel_value": ["3.3"], "hotel_price": ["118"]}, "6696948": {"hotel_name": "\u53a6\u95e8\u6850\u7a0b\u590d\u5f0f\u516c\u5bd3\u9152\u5e97", "order_time": ["2019-01-15 00:54:04"], "total_order": 1, "hotel_value": ["4.7"], "hotel_price": ["201"]}, "2301227": {"hotel_name": "\u9526\u6c5f\u4e4b\u661f(\u53a6\u95e8\u674f\u6797\u5e97)", "order_time": ["2019-01-15 00:54:05"], "total_order": 1, "hotel_value": ["4.5"], "hotel_price": ["169"]}, "1405990": {"hotel_name": "\u901f8\u9152\u5e97(\u53a6\u95e8\u706b\u8f66\u7ad9\u5e97)", "order_time": ["2019-01-15 00:55:45"], "total_order": 1, "hotel_value": ["4.3"], "hotel_price": ["144"]}, "932008": {"hotel_name": "\u8003\u62c9\u9752\u5e74\u65c5\u820d(\u53a6\u95e8\u4e2d\u5c71\u8def\u6b65\u884c\u8857\u5e97)", "order_time": ["2019-01-15 00:55:45", "2019-01-15 01:05:50"], "total_order": 2, "hotel_value": ["4.5", "4.5"], "hotel_price": ["49", "49"]}, "21332906": {"hotel_name": "\u53a6\u95e8\u65af\u7ef4\u767b\u5ea6\u5047\u9152\u5e97(\u678b\u6e56\u8f66\u7ad9\u4f18\u671b\u5e97)", "order_time": ["2019-01-15 00:55:46"], "total_order": 1, "hotel_value": ["4.8"], "hotel_price": ["188"]}, "823738": {"hotel_name": "\u753b\u5eca\u9152\u5e97(\u9f13\u6d6a\u5c7f\u6545\u9a7f\u6d77\u666f\u5e97)", "order_time": ["2019-01-15 00:55:49"], "total_order": 1, "hotel_value": ["4.9"], "hotel_price": ["268"]}, "1207050": {"hotel_name": "\u5982\u5bb6\u5feb\u6377\u9152\u5e97(\u53a6\u95e8\u4f1a\u5c55\u4e2d\u5fc3\u83b2\u524d\u897f\u8def\u5e97)", "order_time": ["2019-01-15 00:55:54"], "total_order": 1, "hotel_value": ["4.7"], "hotel_price": ["132"]}, "441571": {"hotel_name": "\u53a6\u95e8\u60a6\u5ead\u9152\u5e97", "order_time": ["2019-01-15 01:21:47", "2019-01-15 00:55:56"], "total_order": 2, "hotel_value": ["4.1", "4.1"], "hotel_price": ["168", "168"]}, "1443568": {"hotel_name": "\u53a6\u95e8\u6dfc\u6dfc\u7cbe\u54c1\u9152\u5e97", "order_time": ["2019-01-15 00:55:58"], "total_order": 1, "hotel_value": ["3.6"], "hotel_price": ["162"]}, "1386469": {"hotel_name": "\u5982\u5bb6\u5feb\u6377\u9152\u5e97(\u53a6\u95e8\u96c6\u7f8e\u5927\u5b66\u5e97)", "order_time": ["2019-01-15 00:57:44"], "total_order": 1, "hotel_value": ["4.4"], "hotel_price": ["132"]}, "479139": {"hotel_name": "7\u5929\u8fde\u9501\u9152\u5e97(\u53a6\u95e8\u706b\u8f66\u7ad9\u4e07\u8c61\u57ce\u5e97)", "order_time": ["2019-01-15 00:57:44"], "total_order": 1, "hotel_value": ["4.4"], "hotel_price": ["139"]}, "2593672": {"hotel_name": "\u592a\u7a7a\u8231\u9152\u5e97\uff08\u53a6\u95e8\u4e2d\u5c71\u8def\u8f6e\u6e21\u5e97\uff09", "order_time": ["2019-01-15 00:57:46"], "total_order": 1, "hotel_value": ["4.3"], "hotel_price": ["54"]}, "22817797": {"hotel_name": "\u53a6\u95e8SM\u57ce\u5e02\u5e7f\u573a\u5e0c\u5c14\u987f\u6b22\u670b\u9152\u5e97", "order_time": ["2019-01-15 01:09:47", "2019-01-15 00:57:51"], "total_order": 2, "hotel_value": ["4.5", "4.5"], "hotel_price": ["508", "508"]}, "13985423": {"hotel_name": "\u53a6\u95e8\u4e00\u5e2d\u00b7\u9752\u5ddd\u6d77\u666f\u9a7f\u6808", "order_time": ["2019-01-15 00:58:00"], "total_order": 1, "hotel_value": ["4.9"], "hotel_price": ["124"]}, "8568987": {"hotel_name": "\u5e0c\u5cb8\u00b7\u8f7b\u96c5\u9152\u5e97(\u9f13\u6d6a\u5c7f\u5d69\u5c7f\u7801\u5934\u5e97)", "order_time": ["2019-01-15 00:58:01"], "total_order": 1, "hotel_value": ["4.8"], "hotel_price": ["172"]}, "1914691": {"hotel_name": "\u53a6\u95e8\u7f57\u7ea6\u6d77\u6ee8\u6e29\u6cc9\u9152\u5e97", "order_time": ["2019-01-15 00:59:43", "2019-01-15 01:03:43"], "total_order": 2, "hotel_value": ["4.7", "4.7"], "hotel_price": ["548", "548"]}, "2300476": {"hotel_name": "7\u5929\u4f18\u54c1\u9152\u5e97(\u53a6\u95e8\u673a\u573a\u5e97)", "order_time": ["2019-01-15 00:59:43"], "total_order": 1, "hotel_value": ["4.6"], "hotel_price": ["209"]}, "346273": {"hotel_name": "\u53a6\u95e8\u78d0\u57fa\u5e0c\u5c14\u987f\u9152\u5e97", "order_time": ["2019-01-15 00:59:45"], "total_order": 1, "hotel_value": ["4.6"], "hotel_price": ["767"]}, "27833083": {"hotel_name": "\u53a6\u95e8\u968f\u5fc3\u9601\u516c\u5bd3", "order_time": ["2019-01-15 00:59:49"], "total_order": 1, "hotel_value": ["4.8"], "hotel_price": ["140"]}, "473274": {"hotel_name": "\u53a6\u95e8\u65e5\u4e1c\u82b1\u56ed\u9152\u5e97(\u81ea\u9a7e\u8f66\u4e3b\u9898\u9152\u5e97)", "order_time": ["2019-01-15 00:59:50"], "total_order": 1, "hotel_value": ["4.5"], "hotel_price": ["280"]}, "6599741": {"hotel_name": "\u6854\u5b50\u9152\u5e97\u00b7\u7cbe\u9009(\u53a6\u95e8\u4e2d\u5c71\u8def\u8f6e\u6e21\u7801\u5934\u5e97)(\u539f\u4e2d\u5c71\u8def\u6b65\u884c\u8857\u5e97)", "order_time": ["2019-01-15 00:59:50"], "total_order": 1, "hotel_value": ["4.8"], "hotel_price": ["350"]}, "1606693": {"hotel_name": "\u5bab\u4fdd\u7b2c\u9152\u5e97(\u53a6\u95e8\u9f13\u6d6a\u5c7f\u9e7f\u7901\u8def5\u53f7\u5e97)", "order_time": ["2019-01-15 00:59:52"], "total_order": 1, "hotel_value": ["4.5"], "hotel_price": ["102"]}, "3462555": {"hotel_name": "\u53a6\u95e8\u9f13\u6d6a\u5c7f\u62c9\u62c9\u8428\u5c14\u739b\u65c5\u9986", "order_time": ["2019-01-15 00:59:54"], "total_order": 1, "hotel_value": ["4.9"], "hotel_price": ["131"]}, "16114257": {"hotel_name": "\u53a6\u95e8\u6709\u5bb6\u6c11\u5bbf", "order_time": ["2019-01-15 01:00:23"], "total_order": 1, "hotel_value": [0], "hotel_price": ["246"]}, "1860898": {"hotel_name": "\u901f8\u9152\u5e97(\u53a6\u95e8\u540c\u5b89\u5e97)", "order_time": ["2019-01-15 01:03:55", "2019-01-15 01:39:49", "2019-01-15 01:01:44", "2019-01-15 01:35:49", "2019-01-15 01:15:51"], "total_order": 5, "hotel_value": ["4.3", "4.3", "4.3", "4.3", "4.3"], "hotel_price": ["159", "159", "159", "159", "159"]}, "436711": {"hotel_name": "\u53a6\u95e8\u9f13\u6d6a\u5c7f\u6caa\u5c7f\u65c5\u9986", "order_time": ["2019-01-15 01:01:45"], "total_order": 1, "hotel_value": ["5.0"], "hotel_price": ["158"]}, "708068": {"hotel_name": "\u53a6\u95e8\u6162\u751f\u6d3b\u00b7\u65b0\u5bbf\u522b\u9662", "order_time": ["2019-01-15 01:01:46"], "total_order": 1, "hotel_value": ["4.9"], "hotel_price": ["209"]}, "25805759": {"hotel_name": "\u65af\u7ef4\u767b\u5ea6\u5047\u516c\u5bd3(\u53a6\u95e8\u5927\u5b66\u5e97)", "order_time": ["2019-01-15 01:01:50"], "total_order": 1, "hotel_value": ["4.9"], "hotel_price": ["410"]}, "2298885": {"hotel_name": "\u53a6\u95e8\u9f13\u6d6a\u5c7f\u6d77\u534e\u5ea6\u5047\u5c4b", "order_time": ["2019-01-15 01:34:07", "2019-01-15 01:10:04", "2019-01-15 01:02:00", "2019-01-15 01:16:21"], "total_order": 4, "hotel_value": ["5.0", "5.0", "5.0", "5.0"], "hotel_price": ["187", "187", "187", "187"]}, "1675204": {"hotel_name": "\u53a6\u95e8\u4e2d\u5c71\u7f8e\u5c45\u5ba2\u6808", "order_time": ["2019-01-15 01:02:26"], "total_order": 1, "hotel_value": ["4.6"], "hotel_price": ["118"]}, "10201435": {"hotel_name": "\u53a6\u95e8\u4f70\u7fd4\u4e94\u901a\u9152\u5e97", "order_time": ["2019-01-15 01:03:43", "2019-01-15 01:04:28"], "total_order": 2, "hotel_value": ["4.7", "4.7"], "hotel_price": ["668", "668"]}, "484118": {"hotel_name": "\u7f57\u671b\u00b7\u53a6\u95e8\u9f13\u6d6a\u5c7f\u7559\u4e0b\u7cbe\u54c1\u5ba2\u6808", "order_time": ["2019-01-15 01:13:52", "2019-01-15 01:03:45"], "total_order": 2, "hotel_value": ["4.5", "4.5"], "hotel_price": ["184", "184"]}, "12673289": {"hotel_name": "\u53a6\u95e8\u6d77\u6ca7\u878d\u4fe1\u534e\u9091\u9152\u5e97", "order_time": ["2019-01-15 01:03:48"], "total_order": 1, "hotel_value": ["4.7"], "hotel_price": ["793"]}, "346269": {"hotel_name": "\u53a6\u95e8\u6e90\u660c\u51ef\u5bbe\u65af\u57fa\u5927\u9152\u5e97", "order_time": ["2019-01-15 01:03:50", "2019-01-15 01:09:44"], "total_order": 2, "hotel_value": ["4.7", "4.7"], "hotel_price": ["898", "898"]}, "19517458": {"hotel_name": "\u53a6\u95e8\u601d\u5c7f\u9e6d", "order_time": ["2019-01-15 01:03:50"], "total_order": 1, "hotel_value": ["4.6"], "hotel_price": ["103"]}, "858980": {"hotel_name": "\u53a6\u95e8\u5cb8\u604b\u6d77\u666f\u5ea6\u5047\u522b\u5885", "order_time": ["2019-01-15 01:03:53"], "total_order": 1, "hotel_value": ["4.8"], "hotel_price": ["198"]}, "18515029": {"hotel_name": "\u5927\u8c61\u6c11\u5bbf(\u53a6\u95e8\u53a6\u9f13\u7801\u5934\u5e97)", "order_time": ["2019-01-15 01:03:53"], "total_order": 1, "hotel_value": ["4.6"], "hotel_price": ["452"]}, "1880959": {"hotel_name": "\u53a6\u95e8\u946b\u5982\u5bb6\u9152\u5e97", "order_time": ["2019-01-15 01:03:53"], "total_order": 1, "hotel_value": ["4.3"], "hotel_price": ["198"]}, "1968663": {"hotel_name": "\u53a6\u95e8\u7f8e\u7eb3\u591a\u5feb\u6377\u9152\u5e97", "order_time": ["2019-01-15 01:03:53"], "total_order": 1, "hotel_value": ["4.8"], "hotel_price": ["108"]}, "5104169": {"hotel_name": "\u53a6\u95e8\u5c24\u5ba2\u00b7\u6cca\u91d1\u96c5\u5885\u6c11\u5bbf(\u539f\u4f18\u5ba2\u65c5\u9986)", "order_time": ["2019-01-15 01:03:53"], "total_order": 1, "hotel_value": ["4.8"], "hotel_price": ["151"]}, "1755351": {"hotel_name": "\u53a6\u95e8\u805a\u8d24\u516c\u5bd3", "order_time": ["2019-01-15 01:03:53"], "total_order": 1, "hotel_value": ["4.4"], "hotel_price": ["87"]}, "1374714": {"hotel_name": "\u53a6\u95e8\u53a6\u5927\u91d1\u6d77\u6e7e\u5ba2\u6808", "order_time": ["2019-01-15 01:03:53"], "total_order": 1, "hotel_value": ["4.8"], "hotel_price": ["103"]}, "17384857": {"hotel_name": "\u53a6\u95e8\u7f8e\u9014\u96c5\u820d\u5546\u52a1\u9152\u5e97", "order_time": ["2019-01-15 01:03:53"], "total_order": 1, "hotel_value": ["4.0"], "hotel_price": ["158"]}, "11159139": {"hotel_name": "\u53a6\u95e8\u60a6\u6d77\u5c45\u7cbe\u54c1\u6d77\u666f\u5ba2\u6808(\u539f\u4e91\u6d77\u96c5\u820d\u6d77\u666f\u5ba2\u6808)", "order_time": ["2019-01-15 01:03:53"], "total_order": 1, "hotel_value": ["4.8"], "hotel_price": ["45"]}, "1522791": {"hotel_name": "\u53a6\u95e8\u968f\u7f18\u5ba2\u6808\uff08\u539f\u5170\u4ead\u5ba2\u6808\uff09", "order_time": ["2019-01-15 01:03:53"], "total_order": 1, "hotel_value": ["4.7"], "hotel_price": ["83"]}, "14524625": {"hotel_name": "\u53a6\u95e8\u66fe\u539d\u57b5\u6e05\u98ce\u5c0f\u7b51\u5ba2\u6808\uff08\u539f\u6709\u9e7f\u6765\u6c11\u5bbf\uff09", "order_time": ["2019-01-15 01:03:53"], "total_order": 1, "hotel_value": ["4.7"], "hotel_price": ["79"]}, "2097550": {"hotel_name": "\u53a6\u95e8\u6d6a\u6f2b\u90fd\u5e02\u9152\u5e97", "order_time": ["2019-01-15 01:03:53"], "total_order": 1, "hotel_value": ["4.0"], "hotel_price": ["121"]}, "1406089": {"hotel_name": "\u53a6\u95e8\u96c6\u7f8e\u674f\u9716\u5bbe\u9986", "order_time": ["2019-01-15 01:03:53"], "total_order": 1, "hotel_value": ["4.1"], "hotel_price": ["133"]}, "7449273": {"hotel_name": "\u53a6\u95e8\u521d\u5c45Home Stay\u6c11\u5bbf", "order_time": ["2019-01-15 01:03:53"], "total_order": 1, "hotel_value": ["4.4"], "hotel_price": ["83"]}, "6894351": {"hotel_name": "\u4f55\u539d\u5ba2\u6808", "order_time": ["2019-01-15 01:03:53"], "total_order": 1, "hotel_value": ["4.4"], "hotel_price": ["113"]}, "2088412": {"hotel_name": "\u9526\u6c5f\u4e4b\u661f(\u53a6\u95e8\u4f1a\u5c55\u4e2d\u5fc3\u73af\u5c9b\u8def\u5e97)", "order_time": ["2019-01-15 01:15:48", "2019-01-15 01:03:54", "2019-01-15 01:19:47"], "total_order": 3, "hotel_value": ["4.4", "4.4", "4.4"], "hotel_price": ["244", "244", "244"]}, "437770": {"hotel_name": "\u53a6\u95e8\u79be\u6b63\u5927\u9152\u5e97", "order_time": ["2019-01-15 01:03:55"], "total_order": 1, "hotel_value": ["4.2"], "hotel_price": ["146"]}, "800277": {"hotel_name": "7\u5929\u8fde\u9501\u9152\u5e97(\u53a6\u95e8\u540c\u5b89\u6c7d\u8f66\u7ad9\u5e97)", "order_time": ["2019-01-15 01:03:55"], "total_order": 1, "hotel_value": ["4.3"], "hotel_price": ["108"]}, "483838": {"hotel_name": "\u53a6\u95e8\u7a7a\u6e2f\u4f70\u7fd4\u82b1\u56ed\u9152\u5e97", "order_time": ["2019-01-15 01:15:46", "2019-01-15 01:05:44"], "total_order": 2, "hotel_value": ["4.5", "4.5"], "hotel_price": ["292", "292"]}, "2338764": {"hotel_name": "\u53a6\u95e8\u7eb3\u5ba2\u56fd\u9645\u9752\u5e74\u65c5\u820d", "order_time": ["2019-01-15 01:05:54"], "total_order": 1, "hotel_value": ["4.5"], "hotel_price": ["34"]}, "483805": {"hotel_name": "\u53a6\u95e8\u6ee8\u5317\u9890\u8c6a\u9152\u5e97", "order_time": ["2019-01-15 01:07:46"], "total_order": 1, "hotel_value": ["4.8"], "hotel_price": ["458"]}, "2298562": {"hotel_name": "\u9526\u6c5f\u4e4b\u661f(\u53a6\u95e8\u5927\u5b66\u4e2d\u5c71\u8def\u5e97)", "order_time": ["2019-01-15 01:07:47"], "total_order": 1, "hotel_value": ["4.5"], "hotel_price": ["189"]}, "2152627": {"hotel_name": "\u7f8e\u8c6a\u9152\u5e97(\u53a6\u95e8\u5e97)", "order_time": ["2019-01-15 01:17:45", "2019-01-15 01:07:50"], "total_order": 2, "hotel_value": ["4.7", "4.7"], "hotel_price": ["296", "296"]}, "419463": {"hotel_name": "\u53a6\u95e8\u534e\u4fa8\u5927\u53a6", "order_time": ["2019-01-15 01:07:50"], "total_order": 1, "hotel_value": ["4.7"], "hotel_price": ["298"]}, "21132146": {"hotel_name": "\u5929\u57fa\u5fa1\u5ead\u9152\u5e97(\u53a6\u95e8\u83b2\u5742\u5730\u94c1\u7ad9\u5e97)", "order_time": ["2019-01-15 01:08:04"], "total_order": 1, "hotel_value": ["4.8"], "hotel_price": ["123"]}, "6736731": {"hotel_name": "\u5e0c\u5cb8\u9152\u5e97(\u53a6\u95e8\u706b\u8f66\u7ad9\u5e97)(\u539f\u5357\u65b9\u996d\u5e97)", "order_time": ["2019-01-15 01:09:44", "2019-01-15 01:15:59"], "total_order": 2, "hotel_value": ["4.9", "4.9"], "hotel_price": ["280", "280"]}, "28525229": {"hotel_name": "\u53a6\u95e8\u96c5\u7434\u4f73\u5c45\u516c\u5bd3", "order_time": ["2019-01-15 01:09:45"], "total_order": 1, "hotel_value": ["4.9"], "hotel_price": ["101"]}, "392553": {"hotel_name": "\u6210\u65c5\u6676\u8d5e\u9152\u5e97(\u53a6\u95e8\u67ab\u60a6\u5e97)(\u539f\u67ab\u60a6\u5927\u9152\u5e97)", "order_time": ["2019-01-15 01:09:47"], "total_order": 1, "hotel_value": ["4.7"], "hotel_price": ["349"]}, "2300486": {"hotel_name": "7\u5929\u8fde\u9501\u9152\u5e97(\u53a6\u95e8\u53a6\u9f13\u6e38\u8f6e\u7801\u5934\u5e97)", "order_time": ["2019-01-15 01:09:56"], "total_order": 1, "hotel_value": ["4.2"], "hotel_price": ["116"]}, "5073297": {"hotel_name": "\u53a6\u95e8\u65b0\u534f\u65c5\u9986", "order_time": ["2019-01-15 01:09:59"], "total_order": 1, "hotel_value": ["4.7"], "hotel_price": ["113"]}, "6112181": {"hotel_name": "\u53a6\u95e8\u6c38\u4e3d\u8fbe\u4e3d\u5448\u9152\u5e97", "order_time": ["2019-01-15 01:10:28", "2019-01-15 01:29:52"], "total_order": 2, "hotel_value": ["4.8", "4.8"], "hotel_price": ["439", "439"]}, "429225": {"hotel_name": "\u53a6\u95e8\u9e6d\u6c5f\u5bbe\u9986", "order_time": ["2019-01-15 01:10:28"], "total_order": 1, "hotel_value": ["4.8"], "hotel_price": ["525"]}, "701742": {"hotel_name": "\u901f8\u9152\u5e97(\u53a6\u95e8\u4e2d\u5c71\u8def\u53a6\u95e8\u5927\u5b66\u5e97)", "order_time": ["2019-01-15 01:11:49"], "total_order": 1, "hotel_value": ["4.6"], "hotel_price": ["135"]}, "458760": {"hotel_name": "\u827e\u601d\u987f\u9152\u5e97(\u53a6\u95e8\u4e2d\u5c71\u8def\u7f8e\u6e56\u5206\u5e97)", "order_time": ["2019-01-15 01:11:49"], "total_order": 1, "hotel_value": ["4.7"], "hotel_price": ["173"]}, "1575123": {"hotel_name": "\u827e\u601d\u987f\u9152\u5e97(\u53a6\u95e8\u706b\u8f66\u7ad9\u5e97)", "order_time": ["2019-01-15 01:11:52"], "total_order": 1, "hotel_value": ["4.8"], "hotel_price": ["197"]}, "8363593": {"hotel_name": "\u82b1\u7f8e\u65f6\u7f8e\u666f\u9152\u5e97\uff08\u53a6\u95e8\u89c2\u97f3\u5c71\u5e97\uff09", "order_time": ["2019-01-15 01:11:58"], "total_order": 1, "hotel_value": ["4.7"], "hotel_price": ["229"]}, "2106785": {"hotel_name": "\u53a6\u95e8\u6c38\u6210\u5bbe\u9986", "order_time": ["2019-01-15 01:12:04"], "total_order": 1, "hotel_value": ["4.1"], "hotel_price": ["85"]}, "2282501": {"hotel_name": "\u53a6\u95e8\u4e2d\u5c71\u540e\u8857\u5ea6\u5047\u65c5\u9986", "order_time": ["2019-01-15 01:12:05"], "total_order": 1, "hotel_value": ["4.5"], "hotel_price": ["79"]}, "4815899": {"hotel_name": "\u9e6d\u987a\u5bbe\u9986(\u53a6\u95e8\u706b\u8f66\u7ad9\u5e97)", "order_time": ["2019-01-15 01:12:05"], "total_order": 1, "hotel_value": ["3.1"], "hotel_price": ["67"]}, "12046511": {"hotel_name": "\u53a6\u95e8\u4e91\u95f4\u5c0f\u6808", "order_time": ["2019-01-15 01:12:05"], "total_order": 1, "hotel_value": ["4.2"], "hotel_price": ["94"]}, "19437204": {"hotel_name": "\u53a6\u95e8\u91cc\u5df7\u6c11\u5bbf", "order_time": ["2019-01-15 01:12:05"], "total_order": 1, "hotel_value": ["4.7"], "hotel_price": ["289"]}, "15901234": {"hotel_name": "\u53a6\u95e8\u6816\u6d77\u82d1\u6c11\u5bbf", "order_time": ["2019-01-15 01:12:05"], "total_order": 1, "hotel_value": ["4.8"], "hotel_price": ["122"]}, "1447130": {"hotel_name": "\u53a6\u95e8\u592a\u7a7a\u8231\u516c\u5bd3\u9152\u5e97", "order_time": ["2019-01-15 01:12:05"], "total_order": 1, "hotel_value": ["4.3"], "hotel_price": ["37"]}, "1466355": {"hotel_name": "\u53a6\u95e8\u524d\u7530\u9752\u5e74\u65c5\u820d", "order_time": ["2019-01-15 01:12:05"], "total_order": 1, "hotel_value": ["4.0"], "hotel_price": ["44"]}, "1684892": {"hotel_name": "\u53a6\u95e8\u4e2d\u82d1\u9152\u5e97", "order_time": ["2019-01-15 01:12:05"], "total_order": 1, "hotel_value": ["4.3"], "hotel_price": ["117"]}, "5663579": {"hotel_name": "\u53a6\u95e8\u6ee8\u6d77\u5ba2\u6808", "order_time": ["2019-01-15 01:12:05"], "total_order": 1, "hotel_value": [0], "hotel_price": ["88"]}, "1417335": {"hotel_name": "\u53a6\u95e8\u9f13\u6d6a\u5c7f\u7075\u6e05\u7a9d\u5c45\u516c\u5bd3", "order_time": ["2019-01-15 01:12:05"], "total_order": 1, "hotel_value": ["4.4"], "hotel_price": ["153"]}, "23709193": {"hotel_name": "\u53a6\u95e8\u5415\u5c0f\u5c0f\u516c\u5bd3(\u91d1\u5c71\u8def\u5206\u5e97)", "order_time": ["2019-01-15 01:12:05"], "total_order": 1, "hotel_value": [0], "hotel_price": ["282"]}, "11894002": {"hotel_name": "\u53a6\u95e81\u53f7\u516c\u793e", "order_time": ["2019-01-15 01:12:05"], "total_order": 1, "hotel_value": ["4.6"], "hotel_price": ["103"]}, "3688726": {"hotel_name": "\u53a6\u95e8\u53a6\u5927\u522b\u6811\u4e00\u9601\u7cbe\u54c1\u5ba2\u6808(\u539f\u53a6\u95e8\u5927\u5b66\u522b\u6811\u4e00\u9601\u5bb6\u5ead\u65c5\u9986)", "order_time": ["2019-01-15 01:12:05"], "total_order": 1, "hotel_value": ["4.8"], "hotel_price": ["114"]}, "9118583": {"hotel_name": "\u53a6\u95e8\u9999\u683c\u91cc\u62c9\u5927\u9152\u5e97", "order_time": ["2019-01-15 01:13:45", "2019-01-15 01:45:46"], "total_order": 2, "hotel_value": ["4.6", "4.6"], "hotel_price": ["933", "933"]}, "6355587": {"hotel_name": "\u590f\u5546\u6021\u7fd4\u5047\u65e5\u9152\u5e97(\u53a6\u95e8\u706b\u8f66\u7ad9\u5e97)", "order_time": ["2019-01-15 01:13:46"], "total_order": 1, "hotel_value": ["4.8"], "hotel_price": ["198"]}, "1583162": {"hotel_name": "\u5982\u5bb6\u5546\u65c5\u9152\u5e97(\u53a6\u95e8\u4f1a\u5c55\u4e2d\u5fc3\u52a0\u5dde\u5546\u4e1a\u5e7f\u573a\u5e97)", "order_time": ["2019-01-15 01:37:48", "2019-01-15 01:13:47"], "total_order": 2, "hotel_value": ["4.8", "4.8"], "hotel_price": ["280", "280"]}, "2233112": {"hotel_name": "\u53a6\u95e8\u4e1c\u8fb0\u5927\u9152\u5e97", "order_time": ["2019-01-15 01:13:47"], "total_order": 1, "hotel_value": ["4.1"], "hotel_price": ["182"]}, "443333": {"hotel_name": "\u9752\u5e74\u9633\u5149\u8fde\u9501\u9152\u5e97(\u53a6\u95e8\u65b9\u7279\u68a6\u5e7b\u540c\u5b89\u5e97)(\u539f\u540c\u5b89\u5e97)", "order_time": ["2019-01-15 01:13:47"], "total_order": 1, "hotel_value": ["4.5"], "hotel_price": ["116"]}, "19019972": {"hotel_name": "\u53a6\u95e8\u5ea6\u7f8e\u00b7\u4e0e\u7af9\u77f3\u8bbe\u8ba1\u578b\u522b\u5885", "order_time": ["2019-01-15 01:13:48"], "total_order": 1, "hotel_value": ["5.0"], "hotel_price": ["238"]}, "22823029": {"hotel_name": "\u53a6\u95e8\u6cf0\u5730\u4e07\u8c6a\u9152\u5e97", "order_time": ["2019-01-15 01:13:48"], "total_order": 1, "hotel_value": ["4.4"], "hotel_price": ["793"]}, "1804365": {"hotel_name": "\u6d6a\u6f2b\u90fd\u5e02\u8fde\u9501\u9152\u5e97(\u53a6\u95e8\u706b\u8f66\u7ad9\u6d0b\u5b8f\u603b\u5e97)(\u539f\u6d0b\u5b8f\u5bbe\u9986)", "order_time": ["2019-01-15 01:13:50"], "total_order": 1, "hotel_value": ["4.3"], "hotel_price": ["127"]}, "5766823": {"hotel_name": "\u53a6\u95e8\u6d77\u8fb9\u98ce\u60c5\u5ba2\u6808", "order_time": ["2019-01-15 01:13:55"], "total_order": 1, "hotel_value": ["4.0"], "hotel_price": ["88"]}, "12787513": {"hotel_name": "\u9f13\u6d6a\u5c7f\u79c1\u4eab\u4e0d\u540c\u65c5\u9986", "order_time": ["2019-01-15 01:13:58"], "total_order": 1, "hotel_value": ["4.8"], "hotel_price": ["84"]}, "346264": {"hotel_name": "\u53a6\u95e8\u827e\u7f8e\u9152\u5e97", "order_time": ["2019-01-15 01:15:48"], "total_order": 1, "hotel_value": ["4.7"], "hotel_price": ["799"]}, "6486006": {"hotel_name": "\u53a6\u95e8\u6e56\u6ee8\u9996\u5e9c\u4e16\u8302\u777f\u9009\u9152\u5e97", "order_time": ["2019-01-15 01:15:52"], "total_order": 1, "hotel_value": ["4.6"], "hotel_price": ["302"]}, "11824877": {"hotel_name": "\u53a6\u95e8\u66fe\u539d\u57b5\u552f\u4f60\u6d77\u666f\u5ba2\u6808", "order_time": ["2019-01-15 01:16:03"], "total_order": 1, "hotel_value": ["4.4"], "hotel_price": ["83"]}, "385412": {"hotel_name": "\u53a6\u95e8\u5317\u6d77\u6e7e\u60e0\u9f99\u4e07\u8fbe\u5609\u534e\u9152\u5e97", "order_time": ["2019-01-15 01:17:43"], "total_order": 1, "hotel_value": ["4.8"], "hotel_price": ["750"]}, "15717242": {"hotel_name": "\u53a6\u95e8\u9e6d\u5c9b\u6234\u65af\u9152\u5e97", "order_time": ["2019-01-15 01:17:43"], "total_order": 1, "hotel_value": ["4.5"], "hotel_price": ["211"]}, "19678980": {"hotel_name": "\u53a6\u95e8\u74e6\u6e90\u7d20\u7cbe\u54c1\u5ba2\u6808", "order_time": ["2019-01-15 01:17:53"], "total_order": 1, "hotel_value": ["4.9"], "hotel_price": ["94"]}, "21924774": {"hotel_name": "\u53a6\u95e8\u5e02\u4e00\u516e\u6cab\u820d\u9152\u5e97", "order_time": ["2019-01-15 01:18:20"], "total_order": 1, "hotel_value": [0], "hotel_price": ["129"]}, "21160125": {"hotel_name": "\u6021\u7a0b\u9152\u5e97(\u53a6\u95e8\u4e2d\u5c71\u8def\u5e97)", "order_time": ["2019-01-15 01:19:44", "2019-01-15 01:22:06"], "total_order": 2, "hotel_value": ["4.7", "4.7"], "hotel_price": ["314", "314"]}, "438586": {"hotel_name": "\u53a6\u95e8\u5c71\u6c34\u4e3d\u666f\u5927\u9152\u5e97", "order_time": ["2019-01-15 01:19:49"], "total_order": 1, "hotel_value": ["4.4"], "hotel_price": ["380"]}, "6763972": {"hotel_name": "\u53a6\u95e8\u5317\u7ad9\u66fc\u5df4\u9152\u5e97", "order_time": ["2019-01-15 01:19:50"], "total_order": 1, "hotel_value": ["4.7"], "hotel_price": ["173"]}, "5850603": {"hotel_name": "\u53a6\u95e8\u5370\u8c61\u6d77\u6e7e\u5ea6\u5047\u522b\u5885", "order_time": ["2019-01-15 01:19:52"], "total_order": 1, "hotel_value": ["4.9"], "hotel_price": ["163"]}, "4439627": {"hotel_name": "\u53a6\u95e8\u5df4\u6e1d\u5c9b\u5ea6\u5047\u522b\u5885", "order_time": ["2019-01-15 01:19:53"], "total_order": 1, "hotel_value": ["4.8"], "hotel_price": ["120"]}, "481710": {"hotel_name": "\u9526\u6c5f\u4e4b\u661f(\u53a6\u95e8\u706b\u8f66\u7ad9\u5e97)(\u539f\u4e1c\u6d66\u8def\u5e97)", "order_time": ["2019-01-15 01:21:46"], "total_order": 1, "hotel_value": ["4.4"], "hotel_price": ["104"]}, "2302233": {"hotel_name": "\u65b0\u4e00\u5929S\u9152\u5e97(\u53a6\u95e8\u5d69\u5c7f\u7801\u5934\u5e97)", "order_time": ["2019-01-15 01:21:48"], "total_order": 1, "hotel_value": ["4.4"], "hotel_price": ["153"]}, "1405385": {"hotel_name": "\u6c49\u5ead\u9152\u5e97(\u53a6\u95e8\u96c6\u7f8e\u5927\u5b66\u5317\u5e97)", "order_time": ["2019-01-15 01:21:48"], "total_order": 1, "hotel_value": ["4.4"], "hotel_price": ["180"]}, "483477": {"hotel_name": "\u7f57\u671b\u00b7\u53a6\u95e8\u9f13\u6d6a\u5c7f\u5317\u5c7f\u9152\u5e97", "order_time": ["2019-01-15 01:23:46"], "total_order": 1, "hotel_value": ["4.6"], "hotel_price": ["402"]}, "1583129": {"hotel_name": "\u5982\u5bb6\u5feb\u6377\u9152\u5e97\uff08\u53a6\u95e8\u4e00\u4e2d\u5c06\u519b\u7960\u5730\u94c1\u7ad9\u5e97\uff09", "order_time": ["2019-01-15 01:23:47"], "total_order": 1, "hotel_value": ["4.5"], "hotel_price": ["132"]}, "6477755": {"hotel_name": "\u53a6\u95e8\u9f13\u6d6a\u5c7f\u8336\u8bed\u65f6\u5149\u94a2\u7434\u65c5\u9986", "order_time": ["2019-01-15 01:23:48"], "total_order": 1, "hotel_value": ["4.8"], "hotel_price": ["78"]}, "4311628": {"hotel_name": "\u65b0\u53cb\u8c0a\u9152\u5e97\u5f0f\u516c\u5bd3(\u53a6\u95e8\u673a\u573a\u5e97)", "order_time": ["2019-01-15 01:23:52"], "total_order": 1, "hotel_value": ["4.3"], "hotel_price": ["117"]}, "1637181": {"hotel_name": "\u53a6\u95e8\u5c0f\u94c1\u95e8\u7cbe\u54c1\u4e3b\u9898\u5ba2\u6808", "order_time": ["2019-01-15 01:24:09"], "total_order": 1, "hotel_value": ["3.8"], "hotel_price": ["62"]}, "434812": {"hotel_name": "\u53a6\u95e8\u65e5\u6708\u8c37\u6e29\u6cc9\u6e21\u5047\u6751", "order_time": ["2019-01-15 01:25:44"], "total_order": 1, "hotel_value": ["4.7"], "hotel_price": ["908"]}, "6117726": {"hotel_name": "\u8d1d\u591a\u62c9\u4e3b\u9898\u9152\u5e97(\u53a6\u95e8\u706b\u8f66\u7ad9\u5e97)", "order_time": ["2019-01-15 01:25:50"], "total_order": 1, "hotel_value": ["4.5"], "hotel_price": ["146"]}, "1406475": {"hotel_name": "\u53a6\u95e8886\u7cbe\u54c1\u9152\u5e97", "order_time": ["2019-01-15 01:25:56"], "total_order": 1, "hotel_value": ["3.7"], "hotel_price": ["96"]}, "2364319": {"hotel_name": "\u53a6\u95e8\u7b2c\u4e00\u6e2f\u5ba2\u6808", "order_time": ["2019-01-15 01:27:43"], "total_order": 1, "hotel_value": ["4.6"], "hotel_price": ["88"]}, "481752": {"hotel_name": "\u9526\u6c5f\u4e4b\u661f(\u53a6\u95e8\u673a\u573a\u533a\u653f\u5e9c\u5e97)", "order_time": ["2019-01-15 01:27:43"], "total_order": 1, "hotel_value": ["4.2"], "hotel_price": ["159"]}, "25667376": {"hotel_name": "\u9014\u7a9d\u5047\u65e5\u9152\u5e97(\u53a6\u95e8\u9f13\u6d6a\u5c7f\u5e97)", "order_time": ["2019-01-15 01:27:51"], "total_order": 1, "hotel_value": ["4.6"], "hotel_price": ["101"]}, "19857594": {"hotel_name": "\u53a6\u95e8\u5341\u4e8c\u820d\u6c11\u5bbf", "order_time": ["2019-01-15 01:27:56"], "total_order": 1, "hotel_value": ["4.9"], "hotel_price": ["133"]}, "13868907": {"hotel_name": "\u53a6\u95e8\u66fe\u539d\u57b5\u6469\u767b\u4e16\u5bb6\u60c5\u4fa3\u5ba2\u6808", "order_time": ["2019-01-15 01:28:03"], "total_order": 1, "hotel_value": ["3.9"], "hotel_price": ["98"]}, "10906517": {"hotel_name": "\u53a6\u95e8\u9e6d\u5c9b\u522b\u82d1\u6d77\u8fb9\u5ea6\u5047\u522b\u5885", "order_time": ["2019-01-15 01:29:45"], "total_order": 1, "hotel_value": ["4.8"], "hotel_price": ["141"]}, "6336638": {"hotel_name": "\u53a6\u95e8\u897f\u8fb9\u820d\u5ba2\u6808", "order_time": ["2019-01-15 01:29:58"], "total_order": 1, "hotel_value": ["4.9"], "hotel_price": ["94"]}, "3925042": {"hotel_name": "\u53a6\u95e8\u540d\u95e8\u76db\u4e16\u00b7\u6587\u5316\u9152\u5e97", "order_time": ["2019-01-15 01:31:45", "2019-01-15 01:39:47"], "total_order": 2, "hotel_value": ["4.8", "4.8"], "hotel_price": ["189", "189"]}, "795585": {"hotel_name": "\u53a6\u95e8\u8bda\u90fd\u5546\u52a1\u5bbe\u9986", "order_time": ["2019-01-15 01:31:47"], "total_order": 1, "hotel_value": ["4.2"], "hotel_price": ["103"]}, "23625312": {"hotel_name": "\u53a6\u95e8\u4e91\u820d\u96c5\u5c45\u516c\u5bd3", "order_time": ["2019-01-15 01:31:53"], "total_order": 1, "hotel_value": ["4.7"], "hotel_price": ["122"]}, "6312273": {"hotel_name": "\u53a6\u95e8\u671b\u6d77\u697c\u5ea6\u5047\u522b\u5885", "order_time": ["2019-01-15 01:31:54"], "total_order": 1, "hotel_value": ["4.9"], "hotel_price": ["98"]}, "17892090": {"hotel_name": "\u9f13\u6d6a\u5c7f\u8d1d\u8717\u7cbe\u54c1\u6c11\u5bbf", "order_time": ["2019-01-15 01:31:57"], "total_order": 1, "hotel_value": ["4.7"], "hotel_price": ["203"]}, "26621481": {"hotel_name": "\u53cc\u5b50\u5854\u6d77\u666f\u5957\u623f\u516c\u5bd3", "order_time": ["2019-01-15 01:32:05"], "total_order": 1, "hotel_value": [0], "hotel_price": ["394"]}, "3685750": {"hotel_name": "\u53a6\u95e8\u6d77\u5cb8\u5c0f\u5c9b\u5ba2\u6808", "order_time": ["2019-01-15 01:32:10"], "total_order": 1, "hotel_value": ["4.1"], "hotel_price": ["83"]}, "22766983": {"hotel_name": "\u9e97\u67ab\u9152\u5e97(\u53a6\u95e8\u4e2d\u5c71\u8def\u6b65\u884c\u8857\u5e97)", "order_time": ["2019-01-15 01:33:54"], "total_order": 1, "hotel_value": ["4.7"], "hotel_price": ["268"]}, "2331007": {"hotel_name": "\u781a\u6d77\u9152\u5e97(\u53a6\u95e8\u4f1a\u5c55\u89c2\u97f3\u5c71\u5e97)", "order_time": ["2019-01-15 01:35:51"], "total_order": 1, "hotel_value": ["4.3"], "hotel_price": ["228"]}, "4340519": {"hotel_name": "\u53a6\u95e8\u90a3\u6d77\u5ba2\u6808", "order_time": ["2019-01-15 01:35:53"], "total_order": 1, "hotel_value": ["4.7"], "hotel_price": ["75"]}, "4652460": {"hotel_name": "\u53a6\u95e8\u9a6c\u5df7\u6e29\u99a8\u516c\u5bd3", "order_time": ["2019-01-15 01:36:05"], "total_order": 1, "hotel_value": ["4.7"], "hotel_price": ["83"]}, "6041166": {"hotel_name": "\u53a6\u95e8\u7396\u6668\u516c\u5bd3\u9152\u5e97", "order_time": ["2019-01-15 01:36:06"], "total_order": 1, "hotel_value": ["3.3"], "hotel_price": ["128"]}, "14542724": {"hotel_name": "\u53a6\u95e8\u4e2d\u5c71\u767e\u798f\u4e3b\u9898\u5ba2\u6808", "order_time": ["2019-01-15 01:36:06"], "total_order": 1, "hotel_value": ["4.6"], "hotel_price": ["126"]}, "2174916": {"hotel_name": "\u9f13\u6d6a\u5c7f\u51e4\u82b1\u9601\u4e3b\u9898\u65c5\u9986", "order_time": ["2019-01-15 01:36:12"], "total_order": 1, "hotel_value": ["4.6"], "hotel_price": ["114"]}, "3716537": {"hotel_name": "\u9752\u6728\u7cbe\u54c1\u516c\u5bd3(\u53a6\u95e8\u4e94\u7f18\u6e7e\u5e97)", "order_time": ["2019-01-15 01:37:43"], "total_order": 1, "hotel_value": ["4.7"], "hotel_price": ["202"]}, "436729": {"hotel_name": "\u4e2d\u5fb7\u8bb0\u5ea6\u5047\u522b\u5885(\u53a6\u95e8\u9f13\u6d6a\u5c7f\u9ec4\u5bb6\u82b1\u56ed\u5e97)", "order_time": ["2019-01-15 01:37:45"], "total_order": 1, "hotel_value": ["4.6"], "hotel_price": ["389"]}, "23841122": {"hotel_name": "\u53a6\u95e8\u8fe6\u9005\u00b7\u5019\u820d\u5ba2\u6808", "order_time": ["2019-01-15 01:37:53"], "total_order": 1, "hotel_value": ["4.9"], "hotel_price": ["104"]}, "437353": {"hotel_name": "\u53a6\u95e8\u5929\u5929\u5047\u671f\u56fd\u9645\u5927\u9152\u5e97", "order_time": ["2019-01-15 01:37:58"], "total_order": 1, "hotel_value": ["4.3"], "hotel_price": ["234"]}, "479354": {"hotel_name": "\u5bb6\u548c\u6625\u5929\u7cbe\u54c1\u9152\u5e97(\u53a6\u95e8\u673a\u573a\u5e97)", "order_time": ["2019-01-15 01:39:45", "2019-01-15 01:45:49"], "total_order": 2, "hotel_value": ["4.5", "4.5"], "hotel_price": ["159", "159"]}, "15899701": {"hotel_name": "\u6854\u5b50\u9152\u5e97\u7cbe\u9009(\u53a6\u95e8\u673a\u573a\u6210\u529f\u5927\u9053\u5e97)", "order_time": ["2019-01-15 01:39:49"], "total_order": 1, "hotel_value": ["4.8"], "hotel_price": ["294"]}, "442964": {"hotel_name": "\u53a6\u95e8\u84dd\u6e7e\u534a\u5c9b\u9152\u5e97", "order_time": ["2019-01-15 01:39:51"], "total_order": 1, "hotel_value": ["4.1"], "hotel_price": ["267"]}, "23237813": {"hotel_name": "\u53a6\u95e8\u77e5\u5fc3\u9152\u5e97", "order_time": ["2019-01-15 01:39:55"], "total_order": 1, "hotel_value": ["4.4"], "hotel_price": ["194"]}, "443061": {"hotel_name": "\u53a6\u95e8HUESyard\u4f11\u601d\u9662\u5b50\u522b\u5885", "order_time": ["2019-01-15 01:39:58"], "total_order": 1, "hotel_value": ["4.9"], "hotel_price": ["380"]}, "1535936": {"hotel_name": "\u6c49\u5ead\u9152\u5e97(\u53a6\u95e8\u4f1a\u5c55\u4e2d\u5fc3\u83b2\u524d\u897f\u8def\u5e97)", "order_time": ["2019-01-15 01:41:45"], "total_order": 1, "hotel_value": ["4.3"], "hotel_price": ["157"]}, "12091233": {"hotel_name": "\u53a6\u95e8\u6816\u9690\u5ea6\u5047\u6c11\u5bbf", "order_time": ["2019-01-15 01:41:46"], "total_order": 1, "hotel_value": ["5.0"], "hotel_price": ["194"]}, "2043594": {"hotel_name": "7\u5929\u8fde\u9501\u9152\u5e97(\u53a6\u95e8\u53f0\u6e7e\u8857\u5e97)", "order_time": ["2019-01-15 01:41:47"], "total_order": 1, "hotel_value": ["4.4"], "hotel_price": ["99"]}, "1315375": {"hotel_name": "\u53a6\u95e8\u82cf\u56ed\u00b7\u5929\u5c71\u6cc9\u9152\u5e97", "order_time": ["2019-01-15 01:43:44"], "total_order": 1, "hotel_value": ["4.5"], "hotel_price": ["145"]}, "5599310": {"hotel_name": "\u53a6\u95e8\u4e9a\u9601\u9152\u5e97", "order_time": ["2019-01-15 01:43:44"], "total_order": 1, "hotel_value": ["4.7"], "hotel_price": ["192"]}, "17100829": {"hotel_name": "\u53a6\u95e8\u7f8e\u5b9c\u5bb6\u7cbe\u54c1\u9152\u5e97\u516c\u5bd3", "order_time": ["2019-01-15 01:45:43"], "total_order": 1, "hotel_value": ["4.2"], "hotel_price": ["144"]}, "6129425": {"hotel_name": "\u6021\u6d77\u9601\u9152\u5e97(\u53a6\u95e8SM\u57ce\u5e02\u4e4c\u77f3\u6d66\u5730\u94c1\u7ad9\u5e97\uff09", "order_time": ["2019-01-15 01:45:45"], "total_order": 1, "hotel_value": ["4.6"], "hotel_price": ["198"]}, "11893099": {"hotel_name": "\u53a6\u95e8\u4e00\u5b85\u8bbe\u8ba1\u5e08\u6c11\u5bbf", "order_time": ["2019-01-15 01:45:48"], "total_order": 1, "hotel_value": ["4.2"], "hotel_price": ["272"]}, "2301140": {"hotel_name": "\u53a6\u95e8\u7f8e\u6676\u9152\u5e97", "order_time": ["2019-01-15 01:45:49"], "total_order": 1, "hotel_value": ["4.2"], "hotel_price": ["110"]}, "6180614": {"hotel_name": "\u98de\u5bbf\u8fde\u9501\u53a6\u95e8\u9f13\u6d6a\u5c7f\u67ab\u4e39\u5e84\u56ed(\u539f\u5ae3\u7136\u5c0f\u5c4b\u65c5\u9986)", "order_time": ["2019-01-15 01:45:53"], "total_order": 1, "hotel_value": ["4.9"], "hotel_price": ["267"]}, "6681665": {"hotel_name": "\u53a6\u95e8\u7231\u683c\u5170\u5ea6\u5047\u5e84\u56ed", "order_time": ["2019-01-15 01:45:54"], "total_order": 1, "hotel_value": ["4.8"], "hotel_price": ["173"]}, "11288821": {"hotel_name": "\u53a6\u95e8\u5929\u7136\u5c45\u5feb\u6377\u9152\u5e97", "order_time": ["2019-01-15 01:45:57"], "total_order": 1, "hotel_value": ["4.8"], "hotel_price": ["103"]}, "1299817": {"hotel_name": "\u5408\u4f73\u9152\u5e97(\u53a6\u95e8\u673a\u573a\u5e97)", "order_time": ["2019-01-15 01:47:45"], "total_order": 1, "hotel_value": ["4.0"], "hotel_price": ["205"]}, "23858080": {"hotel_name": "\u53a6\u95e8\u4f73\u9038\u5e0c\u5c14\u987f\u683c\u82ae\u7cbe\u9009\u9152\u5e97", "order_time": ["2019-01-15 01:47:46"], "total_order": 1, "hotel_value": ["4.7"], "hotel_price": ["838"]}, "1419294": {"hotel_name": "\u9526\u6c5f\u4e4b\u661f(\u53a6\u95e8\u5317\u7ad9\u5609\u5e9a\u4f53\u80b2\u9986\u5e97)", "order_time": ["2019-01-15 01:47:48"], "total_order": 1, "hotel_value": ["4.5"], "hotel_price": ["167"]}, "440782": {"hotel_name": "\u53a6\u95e8\u65fa\u8f89\u9152\u5e97", "order_time": ["2019-01-15 01:47:50"], "total_order": 1, "hotel_value": ["4.8"], "hotel_price": ["178"]}, "2300469": {"hotel_name": "7\u5929\u8fde\u9501\u9152\u5e97(\u53a6\u95e8\u91d1\u5c1a\u5e97)", "order_time": ["2019-01-15 01:47:50"], "total_order": 1, "hotel_value": ["4.6"], "hotel_price": ["158"]}, "448874": {"hotel_name": "\u53a6\u95e8\u91d1\u8272\u56db\u5b63\u9152\u5e97(\u539f\u6cc9\u5b63\u9152\u5e97)", "order_time": ["2019-01-15 01:47:52"], "total_order": 1, "hotel_value": ["4.2"], "hotel_price": ["163"]}, "2104037": {"hotel_name": "\u53a6\u95e8\u5317\u7ad9\u7406\u5de5\u5ba2\u6808", "order_time": ["2019-01-15 01:48:03"], "total_order": 1, "hotel_value": ["4.5"], "hotel_price": ["69"]}, "434801": {"hotel_name": "\u53a6\u95e8\u51ef\u88d5\u7f8e\u7235\u9152\u5e97", "order_time": ["2019-01-15 01:49:51"], "total_order": 1, "hotel_value": ["4.5"], "hotel_price": ["499"]}, "12229646": {"hotel_name": "\u6613\u4f70\u8fde\u9501\u65c5\u5e97(\u53a6\u95e8\u706b\u8f66\u7ad9\u6e56\u6ee8\u4e1c\u8def\u5e97)", "order_time": ["2019-01-15 01:49:57"], "total_order": 1, "hotel_value": ["4.0"], "hotel_price": ["64"]}, "10834030": {"hotel_name": "\u53a6\u95e8\u60a6\u6765\u6d77\u666f\u9152\u5e97(\u539f\u60a6\u6765\u522b\u5885\u9152\u5e97)", "order_time": ["2019-01-15 01:50:02"], "total_order": 1, "hotel_value": ["4.7"], "hotel_price": ["382"]}}}