{"\u5f00\u59cb\u8bb0\u5f55\u65f6\u95f4": "2019-01-08 22:38:35", "\u7ed3\u675f\u8bb0\u5f55\u65f6\u95f4": "2019-01-08 23:38:35", "\u8ba2\u5355\u603b\u589e\u91cf": 358, "item": {"771600": {"hotel_name": "\u53a6\u95e8\u6676\u88d5\u5546\u52a1\u9152\u5e97", "order_time": ["2019-01-08 22:40:52"], "total_order": 1, "hotel_value": ["4.1"], "hotel_price": ["110"]}, "11288824": {"hotel_name": "\u53a6\u95e8\u66fe\u539d\u57b5\u96e8\u6c90\u7af9\u5ba2\u6808", "order_time": ["2019-01-08 22:40:53"], "total_order": 1, "hotel_value": ["4.9"], "hotel_price": ["139"]}, "7123043": {"hotel_name": "\u53a6\u95e8\u9e6d\u6c5f\u00b7\u4f72\u5bb6\u9152\u5e97", "order_time": ["2019-01-08 22:40:53"], "total_order": 1, "hotel_value": ["4.7"], "hotel_price": ["599"]}, "890106": {"hotel_name": "\u53a6\u95e8\u4e3d\u65af\u6d77\u666f\u9152\u5e97", "order_time": ["2019-01-08 22:40:53"], "total_order": 1, "hotel_value": ["4.7"], "hotel_price": ["278"]}, "419881": {"hotel_name": "\u6700\u4f73\u897f\u65b9\u53a6\u95e8\u5b8f\u90fd\u9152\u5e97", "order_time": ["2019-01-08 22:40:55"], "total_order": 1, "hotel_value": ["4.8"], "hotel_price": ["598"]}, "481408": {"hotel_name": "\u53a6\u95e8\u9f13\u6d6a\u5c7f\u5357\u74dc\u77f3\u5ba2\u6808", "order_time": ["2019-01-08 22:40:59"], "total_order": 1, "hotel_value": ["4.8"], "hotel_price": ["106"]}, "669139": {"hotel_name": "\u53a6\u95e8\u4eac\u50ce\u9890\u8c6a\u9152\u5e97", "order_time": ["2019-01-08 22:41:00"], "total_order": 1, "hotel_value": ["4.7"], "hotel_price": ["371"]}, "19735131": {"hotel_name": "\u53a6\u95e8\u6cab\u5bd3\u9152\u5e97\u5f0f\u516c\u5bd3", "order_time": ["2019-01-08 22:41:00"], "total_order": 1, "hotel_value": ["4.8"], "hotel_price": ["121"]}, "2588923": {"hotel_name": "\u9f13\u6d6a\u5c7f\u68a6\u5e84\u5ea6\u5047\u7f8e\u5bbf(\u539f\u9f13\u6d6a\u5c7f\u68a6\u5e84\u9152\u5e97)", "order_time": ["2019-01-08 22:41:00"], "total_order": 1, "hotel_value": ["4.9"], "hotel_price": ["262"]}, "452602": {"hotel_name": "\u53a6\u95e8\u90b1\u5341\u4e8c\u5b85(\u539f\u4e54\u6cbb\u8001\u522b\u5885)", "order_time": ["2019-01-08 22:41:01"], "total_order": 1, "hotel_value": ["4.8"], "hotel_price": ["214"]}, "932019": {"hotel_name": "\u5982\u5bb6\u5feb\u6377\u9152\u5e97(\u53a6\u95e8\u83b2\u5cb3\u8def\u677e\u67cf\u6587\u5316\u827a\u672f\u4e2d\u5fc3\u5e97)", "order_time": ["2019-01-08 22:41:01"], "total_order": 1, "hotel_value": ["4.3"], "hotel_price": ["93"]}, "2914952": {"hotel_name": "\u53a6\u95e8\u5927\u5b66\u51ef\u5c14\u987f\u6d77\u666f\u516c\u5bd3(\u539f\u53a6\u5927\u4e16\u8302\u6d77\u5ce1\u9152\u5e97\u516c\u5bd3)", "order_time": ["2019-01-08 22:41:02"], "total_order": 1, "hotel_value": ["4.4"], "hotel_price": ["305"]}, "1910473": {"hotel_name": "7\u5929\u8fde\u9501\u9152\u5e97(\u53a6\u95e8\u83b2\u82b1\u5e7f\u573a\u5415\u539d\u5730\u94c1\u7ad9\u5e97)", "order_time": ["2019-01-08 22:41:04"], "total_order": 1, "hotel_value": ["4.2"], "hotel_price": ["136"]}, "346260": {"hotel_name": "\u53a6\u95e8\u745e\u9890\u5927\u9152\u5e97", "order_time": ["2019-01-08 22:41:05"], "total_order": 1, "hotel_value": ["4.7"], "hotel_price": ["798"]}, "5028626": {"hotel_name": "\u53a6\u95e8\u9493\u00b7\u7eaf\u6d77\u8f7b\u5962\u9a7f\u9986", "order_time": ["2019-01-08 22:42:52"], "total_order": 1, "hotel_value": ["4.9"], "hotel_price": ["290"]}, "1648310": {"hotel_name": "\u53a6\u95e8\u5764\u57ce\u6c64\u5cb8\u6e29\u6cc9\u5ea6\u5047\u6751", "order_time": ["2019-01-08 22:56:57", "2019-01-08 22:42:53"], "total_order": 2, "hotel_value": ["4.5", "4.5"], "hotel_price": ["546", "546"]}, "1860898": {"hotel_name": "\u901f8\u9152\u5e97(\u53a6\u95e8\u540c\u5b89\u5e97)", "order_time": ["2019-01-08 22:42:54"], "total_order": 1, "hotel_value": ["4.3"], "hotel_price": ["167"]}, "1386469": {"hotel_name": "\u5982\u5bb6\u5feb\u6377\u9152\u5e97(\u53a6\u95e8\u96c6\u7f8e\u5927\u5b66\u5e97)", "order_time": ["2019-01-08 22:42:54"], "total_order": 1, "hotel_value": ["4.4"], "hotel_price": ["114"]}, "1799733": {"hotel_name": "\u53a6\u95e8\u9f13\u6d6a\u5c7f\u4e01\u9999\u82b1\u56ed\u65c5\u9986", "order_time": ["2019-01-08 22:42:55"], "total_order": 1, "hotel_value": ["4.8"], "hotel_price": ["366"]}, "419463": {"hotel_name": "\u53a6\u95e8\u534e\u4fa8\u5927\u53a6", "order_time": ["2019-01-08 22:42:55"], "total_order": 1, "hotel_value": ["4.7"], "hotel_price": ["298"]}, "22817797": {"hotel_name": "\u53a6\u95e8SM\u57ce\u5e02\u5e7f\u573a\u5e0c\u5c14\u987f\u6b22\u670b\u9152\u5e97", "order_time": ["2019-01-08 22:42:55"], "total_order": 1, "hotel_value": ["4.5"], "hotel_price": ["499"]}, "1857599": {"hotel_name": "\u590f\u5546\u00b7\u6021\u5ead\u5feb\u6377\u9152\u5e97(\u53a6\u95e8\u96c6\u7f8e\u674f\u6797\u5e97)", "order_time": ["2019-01-08 22:42:56"], "total_order": 1, "hotel_value": ["4.2"], "hotel_price": ["135"]}, "419873": {"hotel_name": "\u53a6\u95e8\u5929\u9e45\u5927\u9152\u5e97", "order_time": ["2019-01-08 23:21:00", "2019-01-08 22:42:57"], "total_order": 2, "hotel_value": ["4.6", "4.6"], "hotel_price": ["400", "400"]}, "1856716": {"hotel_name": "\u53a6\u95e8\u9e6d\u5c9b49\u53f7\u522b\u5885", "order_time": ["2019-01-08 22:42:57"], "total_order": 1, "hotel_value": ["4.8"], "hotel_price": ["266"]}, "26576625": {"hotel_name": "\u53a6\u95e8\u4e3d\u90fd\u516c\u5bd3", "order_time": ["2019-01-08 22:42:57"], "total_order": 1, "hotel_value": ["4.8"], "hotel_price": ["129"]}, "1228138": {"hotel_name": "\u5982\u5bb6\u5feb\u6377\u9152\u5e97(\u53a6\u95e8\u4f53\u80b2\u4e2d\u5fc3\u69df\u6994\u8def\u6e56\u666f\u5e97)", "order_time": ["2019-01-08 22:43:00"], "total_order": 1, "hotel_value": ["4.5"], "hotel_price": ["106"]}, "6894170": {"hotel_name": "Q\u52a0\u00b7\u53a6\u95e8\u6f2b\u6e21\u96c5\u81f4\u5ba2\u6808", "order_time": ["2019-01-08 22:43:01"], "total_order": 1, "hotel_value": ["4.8"], "hotel_price": ["47"]}, "385410": {"hotel_name": "\u53a6\u95e8\u6d77\u5cb8\u56fd\u9645\u9152\u5e97", "order_time": ["2019-01-08 22:43:01"], "total_order": 1, "hotel_value": ["4.5"], "hotel_price": ["398"]}, "12624286": {"hotel_name": "\u9a7f\u8d77\u9152\u5e97\uff08\u53a6\u95e8\u5317\u7ad9\u5e97\uff09", "order_time": ["2019-01-08 22:43:01"], "total_order": 1, "hotel_value": ["4.6"], "hotel_price": ["159"]}, "2101828": {"hotel_name": "\u53a6\u95e8\u69ad\u540e\u9152\u5e97", "order_time": ["2019-01-08 22:43:01"], "total_order": 1, "hotel_value": ["4.8"], "hotel_price": ["196"]}, "823738": {"hotel_name": "\u753b\u5eca\u9152\u5e97(\u9f13\u6d6a\u5c7f\u6545\u9a7f\u6d77\u666f\u5e97)", "order_time": ["2019-01-08 22:43:01"], "total_order": 1, "hotel_value": ["4.9"], "hotel_price": ["298"]}, "511581": {"hotel_name": "\u53a6\u95e8\u91d1\u6c99\u6e7e\u5bbe\u9986", "order_time": ["2019-01-08 22:43:04"], "total_order": 1, "hotel_value": ["4.5"], "hotel_price": ["400"]}, "15839451": {"hotel_name": "\u53a6\u95e8\u5c71\u6a2a\u4e00\u5bbf", "order_time": ["2019-01-08 22:43:06"], "total_order": 1, "hotel_value": ["4.5"], "hotel_price": ["150"]}, "13994689": {"hotel_name": "\u53a6\u95e8\u6d77\u90bb\u5ba2\u6808", "order_time": ["2019-01-08 22:43:10"], "total_order": 1, "hotel_value": [0], "hotel_price": ["101"]}, "6112181": {"hotel_name": "\u53a6\u95e8\u6c38\u4e3d\u8fbe\u4e3d\u5448\u9152\u5e97", "order_time": ["2019-01-08 22:58:52", "2019-01-08 22:43:11", "2019-01-08 23:08:50", "2019-01-08 23:06:53"], "total_order": 4, "hotel_value": ["4.8", "4.8", "4.8", "4.8"], "hotel_price": ["439", "439", "439", "439"]}, "8370082": {"hotel_name": "\u53a6\u95e8\u9f13\u6d6a\u5c7f\u67cf\u6587\u718a\u9152\u5e97", "order_time": ["2019-01-08 22:44:55"], "total_order": 1, "hotel_value": ["4.8"], "hotel_price": ["316"]}, "467592": {"hotel_name": "\u53a6\u95e8\u7f8e\u4ed1\u91d1\u60a6\u9152\u5e97", "order_time": ["2019-01-08 22:44:55"], "total_order": 1, "hotel_value": ["4.7"], "hotel_price": ["178"]}, "437446": {"hotel_name": "\u53a6\u95e8\u4f70\u7fd4\u8f6f\u4ef6\u56ed\u9152\u5e97", "order_time": ["2019-01-08 22:44:56", "2019-01-08 22:52:57"], "total_order": 2, "hotel_value": ["4.7", "4.7"], "hotel_price": ["400", "400"]}, "2364319": {"hotel_name": "\u53a6\u95e8\u7b2c\u4e00\u6e2f\u5ba2\u6808", "order_time": ["2019-01-08 22:44:57"], "total_order": 1, "hotel_value": ["4.6"], "hotel_price": ["84"]}, "13985423": {"hotel_name": "\u53a6\u95e8\u4e00\u5e2d\u00b7\u9752\u5ddd\u6d77\u666f\u9a7f\u6808", "order_time": ["2019-01-08 22:44:57"], "total_order": 1, "hotel_value": ["4.9"], "hotel_price": ["123"]}, "7277750": {"hotel_name": "\u53a6\u95e8\u6b63\u5143\u5e0c\u5c14\u987f\u9038\u6797\u9152\u5e97", "order_time": ["2019-01-08 22:50:59", "2019-01-08 22:44:57"], "total_order": 2, "hotel_value": ["4.7", "4.7"], "hotel_price": ["552", "552"]}, "4815087": {"hotel_name": "\u53a6\u95e8\u9f13\u6d6a\u5c7f\u6f2b\u6f2b\u60a0\u60a0\u65c5\u9986", "order_time": ["2019-01-08 22:44:58"], "total_order": 1, "hotel_value": ["4.8"], "hotel_price": ["150"]}, "448663": {"hotel_name": "\u53a6\u95e8\u60a6\u534e\u9152\u5e97", "order_time": ["2019-01-08 22:45:00"], "total_order": 1, "hotel_value": ["4.8"], "hotel_price": ["512"]}, "2363786": {"hotel_name": "\u4e00\u683c\u00b7\u5de2\u5bbf(\u53a6\u95e8\u66fe\u539d\u57b5\u5e97)", "order_time": ["2019-01-08 22:59:01", "2019-01-08 22:45:00"], "total_order": 2, "hotel_value": ["4.9", "4.9"], "hotel_price": ["146", "146"]}, "5053649": {"hotel_name": "\u53a6\u95e8\u5927\u5b66\u5962\u534e\u9152\u5e97\u516c\u5bd3(\u539f\u94c2\u66fc\u5929\u79a7\u6d77\u666f\u9152\u5e97\u516c\u5bd3)", "order_time": ["2019-01-08 22:45:00"], "total_order": 1, "hotel_value": ["4.6"], "hotel_price": ["349"]}, "1195853": {"hotel_name": "\u53a6\u95e8\u610f\u4f73\u9152\u5e97", "order_time": ["2019-01-08 22:45:02"], "total_order": 1, "hotel_value": ["4.4"], "hotel_price": ["89"]}, "1906769": {"hotel_name": "\u53a6\u95e8\u5fc3\u5bbf\u96c5\u7b51\u9152\u5e97\uff08\u539f\u7396\u70b9\u5bbe\u9986\uff09", "order_time": ["2019-01-08 22:45:02"], "total_order": 1, "hotel_value": ["4.3"], "hotel_price": ["123"]}, "436730": {"hotel_name": "\u753b\u5eca\u65c5\u9986(\u53a6\u95e8\u9f13\u6d6a\u5c7f\u6587\u827a\u590d\u5174\u9986)", "order_time": ["2019-01-08 22:45:02"], "total_order": 1, "hotel_value": ["4.9"], "hotel_price": ["305"]}, "12140886": {"hotel_name": "\u53a6\u95e8\u9f13\u6d6a\u5c7f\u522b\u6837\u65c5\u9986", "order_time": ["2019-01-08 22:45:03"], "total_order": 1, "hotel_value": ["4.6"], "hotel_price": ["141"]}, "23806720": {"hotel_name": "\u53a6\u95e8HITEL\u9152\u5e97", "order_time": ["2019-01-08 22:45:04"], "total_order": 1, "hotel_value": ["4.8"], "hotel_price": ["342"]}, "23858080": {"hotel_name": "\u53a6\u95e8\u4f73\u9038\u5e0c\u5c14\u987f\u683c\u82ae\u7cbe\u9009\u9152\u5e97", "order_time": ["2019-01-08 22:45:05"], "total_order": 1, "hotel_value": ["4.7"], "hotel_price": ["876"]}, "479139": {"hotel_name": "7\u5929\u8fde\u9501\u9152\u5e97(\u53a6\u95e8\u706b\u8f66\u7ad9\u4e07\u8c61\u57ce\u5e97)", "order_time": ["2019-01-08 22:45:05"], "total_order": 1, "hotel_value": ["4.4"], "hotel_price": ["123"]}, "1118729": {"hotel_name": "\u5982\u5bb6\u5feb\u6377\u9152\u5e97(\u53a6\u95e8\u4ed9\u5cb3\u8def\u6c5f\u5934\u5e97)", "order_time": ["2019-01-08 22:45:06"], "total_order": 1, "hotel_value": ["4.4"], "hotel_price": ["161"]}, "1318017": {"hotel_name": "\u53a6\u95e8\u56fd\u9645\u9752\u5e74\u65c5\u820d", "order_time": ["2019-01-08 22:45:06"], "total_order": 1, "hotel_value": ["4.6"], "hotel_price": ["72"]}, "2309438": {"hotel_name": "\u91d1\u6749\u6811\u7cbe\u54c1\u9152\u5e97\uff08\u53a6\u95e8\u5609\u5e9a\u4f53\u80b2\u9986\u5e97\uff09", "order_time": ["2019-01-08 22:45:19"], "total_order": 1, "hotel_value": ["3.9"], "hotel_price": ["121"]}, "425692": {"hotel_name": "\u53a6\u95e8\u6d77\u60a6\u5c71\u5e84\u9152\u5e97", "order_time": ["2019-01-08 22:46:51", "2019-01-08 22:56:54"], "total_order": 2, "hotel_value": ["4.8", "4.8"], "hotel_price": ["882", "882"]}, "375296": {"hotel_name": "\u53a6\u95e8\u65e5\u822a\u9152\u5e97", "order_time": ["2019-01-08 22:46:51"], "total_order": 1, "hotel_value": ["4.6"], "hotel_price": ["598"]}, "433735": {"hotel_name": "\u5b9c\u5fc5\u601d\u5c1a\u54c1\u9152\u5e97(\u53a6\u95e8\u4e2d\u5c71\u8def\u6b65\u884c\u8857\u5e97)", "order_time": ["2019-01-08 22:46:51"], "total_order": 1, "hotel_value": ["4.7"], "hotel_price": ["298"]}, "369750": {"hotel_name": "\u53a6\u95e8\u6cdb\u592a\u5e73\u6d0b\u5927\u9152\u5e97", "order_time": ["2019-01-08 22:46:51"], "total_order": 1, "hotel_value": ["4.6"], "hotel_price": ["600"]}, "6571121": {"hotel_name": "\u53a6\u95e8\u4e00\u5e2d\u81fb\u54c1\u8f7b\u5962\u9a7f\u7ad9", "order_time": ["2019-01-08 22:46:51"], "total_order": 1, "hotel_value": ["4.9"], "hotel_price": ["141"]}, "1417342": {"hotel_name": "\u53a6\u95e8\u7231\u7b51\u65f6\u5c1a\u7cbe\u54c1\u60c5\u4fa3\u4e3b\u9898\u9152\u5e97", "order_time": ["2019-01-08 22:46:52"], "total_order": 1, "hotel_value": ["4.4"], "hotel_price": ["170"]}, "439833": {"hotel_name": "\u53a6\u95e8\u9f13\u6d6a\u5c7f\u6728\u9999\u5c45\u7cbe\u54c1\u6d77\u666f\u522b\u5885", "order_time": ["2019-01-08 22:46:53"], "total_order": 1, "hotel_value": ["4.7"], "hotel_price": ["223"]}, "6129425": {"hotel_name": "\u6021\u6d77\u9601\u9152\u5e97(\u53a6\u95e8SM\u57ce\u5e02\u4e4c\u77f3\u6d66\u5730\u94c1\u7ad9\u5e97\uff09", "order_time": ["2019-01-08 22:46:53"], "total_order": 1, "hotel_value": ["4.6"], "hotel_price": ["193"]}, "28024075": {"hotel_name": "\u53a6\u95e8\u73af\u5c9b\u8def\u4e9a\u6735S\u5ea6\u5047\u9152\u5e97", "order_time": ["2019-01-08 22:46:54", "2019-01-08 22:55:17"], "total_order": 2, "hotel_value": ["5.0", "5.0"], "hotel_price": ["643", "643"]}, "28565834": {"hotel_name": "\u53a6\u95e8\u559c\u7f8e\u7f8e\u5c45\u9152\u5e97", "order_time": ["2019-01-08 22:46:54"], "total_order": 1, "hotel_value": ["5.0"], "hotel_price": ["388"]}, "23625312": {"hotel_name": "\u53a6\u95e8\u4e91\u820d\u96c5\u5c45\u516c\u5bd3", "order_time": ["2019-01-08 22:46:55"], "total_order": 1, "hotel_value": ["4.7"], "hotel_price": ["139"]}, "2492767": {"hotel_name": "\u53a6\u95e8\u9999\u514b\u65af\u9152\u5e97", "order_time": ["2019-01-08 22:46:56"], "total_order": 1, "hotel_value": ["4.7"], "hotel_price": ["138"]}, "440696": {"hotel_name": "\u53a6\u95e8\u9f13\u6d6a\u6e7e\u5927\u9152\u5e97", "order_time": ["2019-01-08 22:46:56"], "total_order": 1, "hotel_value": ["4.5"], "hotel_price": ["522"]}, "2599676": {"hotel_name": "\u53a6\u95e8\u897f\u66fc\u9633\u65c5\u9986", "order_time": ["2019-01-08 22:47:01"], "total_order": 1, "hotel_value": ["4.6"], "hotel_price": ["87"]}, "2308063": {"hotel_name": "\u53a6\u95e8\u9f13\u6d6a\u5c7f\u60a0\u5ead\u5c0f\u7b51\u65c5\u9986", "order_time": ["2019-01-08 22:47:01"], "total_order": 1, "hotel_value": ["4.4"], "hotel_price": ["136"]}, "1113183": {"hotel_name": "\u53a6\u95e8\u9547\u6d77\u63a5\u5f85\u7ad9", "order_time": ["2019-01-08 22:47:05"], "total_order": 1, "hotel_value": ["3.8"], "hotel_price": ["170"]}, "1227433": {"hotel_name": "\u53a6\u95e8\u6f2b\u8282\u594f\u5ba2\u6808(\u539f\u5357\u5c71\u5c0f\u7b51\u5ba2\u6808)", "order_time": ["2019-01-08 22:47:06"], "total_order": 1, "hotel_value": ["4.4"], "hotel_price": ["102"]}, "468031": {"hotel_name": "\u53a6\u95e8\u9f13\u6d6a\u5c7f\u65e5\u5149\u5c0f\u7b51\u5bb6\u5ead\u65c5\u9986", "order_time": ["2019-01-08 22:47:07"], "total_order": 1, "hotel_value": ["4.3"], "hotel_price": ["83"]}, "1920727": {"hotel_name": "\u53a6\u95e8\u5b8f\u987a\u798f\u5bbe\u9986(\u539f\u4f1a\u5bbe\u5bbe\u9986)", "order_time": ["2019-01-08 22:47:15"], "total_order": 1, "hotel_value": ["4.1"], "hotel_price": ["81"]}, "21736027": {"hotel_name": "\u53a6\u95e8\u4e91\u6c34\u95f4\u5ba2\u6808", "order_time": ["2019-01-08 22:47:15"], "total_order": 1, "hotel_value": ["4.9"], "hotel_price": ["150"]}, "17329532": {"hotel_name": "\u53a6\u95e8\u91d1\u623f\u5b50\u4e5d\u9a7f\u7ad9", "order_time": ["2019-01-08 22:57:15", "2019-01-08 22:47:15"], "total_order": 2, "hotel_value": ["4.4", "4.4"], "hotel_price": ["74", "74"]}, "18524572": {"hotel_name": "\u53a6\u95e8\u91d1\u623f\u5b50\u4e5d\u9a7f\u7ad9(\u57ce\u968d\u5e99\u5206\u5e97)", "order_time": ["2019-01-08 22:47:15"], "total_order": 1, "hotel_value": ["4.4"], "hotel_price": ["99"]}, "1857673": {"hotel_name": "\u53a6\u95e8\u5317\u7ad9\u53e4\u5fb7\u5ba2\u6808", "order_time": ["2019-01-08 22:47:17"], "total_order": 1, "hotel_value": ["4.4"], "hotel_price": ["63"]}, "346248": {"hotel_name": "\u53a6\u95e8\u6cf0\u8c37\u9152\u5e97", "order_time": ["2019-01-08 22:48:51", "2019-01-08 22:58:52", "2019-01-08 22:56:52"], "total_order": 3, "hotel_value": ["4.7", "4.7", "4.7"], "hotel_price": ["398", "398", "398"]}, "1603567": {"hotel_name": "\u53a6\u95e8\u7121\u4e8c\u00b7\u767d\u5c7f\u8bbe\u8ba1\u578b\u5ea6\u5047\u7f8e\u5885", "order_time": ["2019-01-08 22:48:52"], "total_order": 1, "hotel_value": ["4.9"], "hotel_price": ["266"]}, "19019972": {"hotel_name": "\u53a6\u95e8\u5ea6\u7f8e\u00b7\u4e0e\u7af9\u77f3\u8bbe\u8ba1\u578b\u522b\u5885", "order_time": ["2019-01-08 22:48:52"], "total_order": 1, "hotel_value": ["5.0"], "hotel_price": ["278"]}, "2301848": {"hotel_name": "7\u5929\u4f18\u54c1\u9152\u5e97(\u53a6\u95e8\u673a\u573a\u7fd4\u9e6d\u5e97)", "order_time": ["2019-01-08 22:48:52", "2019-01-08 23:32:59"], "total_order": 2, "hotel_value": ["4.6", "4.6"], "hotel_price": ["152", "152"]}, "607428": {"hotel_name": "\u53a6\u95e8\u5a01\u5c3c\u65af\u5927\u9152\u5e97", "order_time": ["2019-01-08 22:48:53", "2019-01-08 23:15:01"], "total_order": 2, "hotel_value": ["4.2", "4.2"], "hotel_price": ["270", "270"]}, "481144": {"hotel_name": "\u53a6\u95e8\u6069\u7c89\u9152\u5e97(\u539f\u4e30\u6021\u9152\u5e97)", "order_time": ["2019-01-08 22:48:56"], "total_order": 1, "hotel_value": ["4.3"], "hotel_price": ["106"]}, "1389209": {"hotel_name": "\u9526\u6c5f\u4e4b\u661f\u54c1\u5c1a(\u53a6\u95e8\u96c6\u7f8e\u5927\u5b66\u56fd\u8d38\u5e97)", "order_time": ["2019-01-08 22:48:57"], "total_order": 1, "hotel_value": ["4.6"], "hotel_price": ["189"]}, "1478830": {"hotel_name": "\u53a6\u95e8\u9f13\u6d6a\u5c7f\u5c0f\u8309\u8389\u65c5\u9986", "order_time": ["2019-01-08 22:48:59"], "total_order": 1, "hotel_value": ["4.7"], "hotel_price": ["152"]}, "4041978": {"hotel_name": "\u901f8\u9152\u5e97\uff08\u53a6\u95e8\u673a\u573a\u6e56\u91cc\u5927\u9053\u5e97\uff09", "order_time": ["2019-01-08 22:49:01"], "total_order": 1, "hotel_value": ["4.3"], "hotel_price": ["133"]}, "6656699": {"hotel_name": "\u53a6\u95e8\u67ab\u4e39\u767d\u9732\u5bab\u6d77\u666f\u5ea6\u5047\u5e84\u56ed", "order_time": ["2019-01-08 22:49:03"], "total_order": 1, "hotel_value": ["4.9"], "hotel_price": ["338"]}, "4590989": {"hotel_name": "\u53a6\u95e8\u4e94\u7f15\u9633\u5149\u5546\u52a1\u5bbe\u9986", "order_time": ["2019-01-08 22:49:08"], "total_order": 1, "hotel_value": ["4.1"], "hotel_price": ["103"]}, "1289514": {"hotel_name": "\u53a6\u95e8\u62fe\u5fc6\u5ba2\u6808(\u539f\u66fe\u539d\u57b5\u51ef\u8482\u732b\u4e3b\u9898\u5ba2\u6808)", "order_time": ["2019-01-08 22:49:12"], "total_order": 1, "hotel_value": [0], "hotel_price": ["124"]}, "6842546": {"hotel_name": "\u53a6\u95e8\u6d77\u60a6\u6e7e\u5ea6\u5047\u522b\u5885", "order_time": ["2019-01-08 23:29:22", "2019-01-08 22:49:22"], "total_order": 2, "hotel_value": ["4.9", "4.9"], "hotel_price": ["369", "369"]}, "467630": {"hotel_name": "\u53a6\u95e8\u9f13\u6d6a\u5c7f\u4e00\u89c1\u82b1\u56ed\u8001\u522b\u5885", "order_time": ["2019-01-08 22:49:22"], "total_order": 1, "hotel_value": ["4.8"], "hotel_price": ["256"]}, "428297": {"hotel_name": "\u5982\u5bb6\u9152\u5e97(\u53a6\u95e8\u96c6\u7f8e\u674f\u6797\u897f\u8def\u5e97)", "order_time": ["2019-01-08 22:49:31"], "total_order": 1, "hotel_value": ["4.7"], "hotel_price": ["195"]}, "5607442": {"hotel_name": "\u53a6\u95e8oneday\u8584\u8377\u8bbe\u8ba1\u5e08\u6c11\u5bbf", "order_time": ["2019-01-08 22:49:31"], "total_order": 1, "hotel_value": ["4.7"], "hotel_price": ["398"]}, "2270943": {"hotel_name": "7\u5929\u4f18\u54c1\u9152\u5e97(\u53a6\u95e8\u601d\u660e\u5357\u8def\u53a6\u95e8\u5927\u5b66\u5e97)", "order_time": ["2019-01-08 22:50:53", "2019-01-08 23:08:53"], "total_order": 2, "hotel_value": ["4.4", "4.4"], "hotel_price": ["152", "152"]}, "5599310": {"hotel_name": "\u53a6\u95e8\u4e9a\u9601\u9152\u5e97", "order_time": ["2019-01-08 22:50:55"], "total_order": 1, "hotel_value": ["4.7"], "hotel_price": ["192"]}, "8656624": {"hotel_name": "\u5168\u5b63\u9152\u5e97(\u53a6\u95e8\u96c6\u7f8e\u5b66\u6751\u5e97)(\u539f\u8d22\u7a0e\u5bbe\u9986)", "order_time": ["2019-01-08 22:50:56"], "total_order": 1, "hotel_value": ["4.7"], "hotel_price": ["279"]}, "21132146": {"hotel_name": "\u5929\u57fa\u5fa1\u5ead\u9152\u5e97(\u53a6\u95e8\u83b2\u5742\u5730\u94c1\u7ad9\u5e97)", "order_time": ["2019-01-08 22:50:59", "2019-01-08 23:04:54", "2019-01-08 22:56:59"], "total_order": 3, "hotel_value": ["4.8", "4.8", "4.8"], "hotel_price": ["136", "136", "136"]}, "3802030": {"hotel_name": "\u53a6\u95e8\u53ef\u5c45\u9152\u5e97", "order_time": ["2019-01-08 22:50:59"], "total_order": 1, "hotel_value": ["4.6"], "hotel_price": ["163"]}, "3450733": {"hotel_name": "\u53a6\u95e8\u4e94\u7f18\u6e7e\u65f6\u5149\u516c\u5bd3", "order_time": ["2019-01-08 22:50:59"], "total_order": 1, "hotel_value": ["4.8"], "hotel_price": ["183"]}, "5482771": {"hotel_name": "\u89c1\u6c50\u00b7\u4e00\u5e2d\u8bbe\u8ba1\u5e08\u7f8e\u5bbf", "order_time": ["2019-01-08 23:14:54", "2019-01-08 22:51:00"], "total_order": 2, "hotel_value": ["5.0", "5.0"], "hotel_price": ["152", "152"]}, "11159573": {"hotel_name": "\u53a6\u95e8\u98de\u5bbf\u8fde\u9501\u4e3d\u820d\u00b7\u6735\u62c9\u5e84\u56ed", "order_time": ["2019-01-08 22:51:02"], "total_order": 1, "hotel_value": ["4.9"], "hotel_price": ["150"]}, "434435": {"hotel_name": "\u53a6\u95e8\u4e09\u751f\u4e00\u5885\u6d77\u666f\u522b\u5885", "order_time": ["2019-01-08 22:51:03"], "total_order": 1, "hotel_value": ["4.9"], "hotel_price": ["156"]}, "431965": {"hotel_name": "\u53a6\u95e8\u7f8e\u4ed1\u7693\u6656\u9152\u5e97", "order_time": ["2019-01-08 22:51:17"], "total_order": 1, "hotel_value": ["4.7"], "hotel_price": ["198"]}, "15899701": {"hotel_name": "\u6854\u5b50\u9152\u5e97\u7cbe\u9009(\u53a6\u95e8\u673a\u573a\u6210\u529f\u5927\u9053\u5e97)", "order_time": ["2019-01-08 22:51:30"], "total_order": 1, "hotel_value": ["4.8"], "hotel_price": ["284"]}, "1245093": {"hotel_name": "\u53a6\u95e8\u8463\u5c0f\u59d0\u6f6e\u6c50\u522b\u5885", "order_time": ["2019-01-08 22:52:53"], "total_order": 1, "hotel_value": ["4.8"], "hotel_price": ["88"]}, "4614168": {"hotel_name": "\u53a6\u95e8\u7b2c\u4e00\u6e2f\u5ea6\u5047\u522b\u5885", "order_time": ["2019-01-08 22:52:54", "2019-01-08 23:27:01"], "total_order": 2, "hotel_value": ["4.6", "4.6"], "hotel_price": ["146", "146"]}, "1719842": {"hotel_name": "\u53a6\u95e821\u533a\u521b\u610f\u9152\u5e97(\u539f\u548c\u681121\u533a\u521b\u610f\u9152\u5e97)", "order_time": ["2019-01-08 22:52:56"], "total_order": 1, "hotel_value": ["4.2"], "hotel_price": ["93"]}, "375292": {"hotel_name": "\u53a6\u95e8\u4eac\u95fd\u4e2d\u5fc3\u9152\u5e97", "order_time": ["2019-01-08 22:52:57"], "total_order": 1, "hotel_value": ["4.8"], "hotel_price": ["550"]}, "22421704": {"hotel_name": "\u5168\u5b63\u9152\u5e97(\u53a6\u95e8\u4e2d\u5c71\u8def\u6b65\u884c\u8857\u601d\u660e\u5357\u8def\u5e97)", "order_time": ["2019-01-08 23:04:56", "2019-01-08 22:52:57"], "total_order": 2, "hotel_value": ["4.8", "4.8"], "hotel_price": ["339", "360"]}, "375295": {"hotel_name": "\u53a6\u95e8\u7fd4\u9e6d\u56fd\u9645\u5927\u9152\u5e97", "order_time": ["2019-01-08 22:52:59"], "total_order": 1, "hotel_value": ["4.4"], "hotel_price": ["372"]}, "397577": {"hotel_name": "\u53a6\u95e8\u5b9d\u9f99\u94c2\u5c14\u66fc\u5927\u9152\u5e97", "order_time": ["2019-01-08 22:52:59"], "total_order": 1, "hotel_value": ["4.7"], "hotel_price": ["933"]}, "19517458": {"hotel_name": "\u53a6\u95e8\u601d\u5c7f\u9e6d", "order_time": ["2019-01-08 22:53:01"], "total_order": 1, "hotel_value": ["4.6"], "hotel_price": ["84"]}, "800113": {"hotel_name": "\u53a6\u95e8\u4f51\u5b89\u65c5\u9986", "order_time": ["2019-01-08 22:53:01"], "total_order": 1, "hotel_value": ["4.6"], "hotel_price": ["73"]}, "22766983": {"hotel_name": "\u9e97\u67ab\u9152\u5e97(\u53a6\u95e8\u4e2d\u5c71\u8def\u6b65\u884c\u8857\u5e97)", "order_time": ["2019-01-08 22:53:02", "2019-01-08 23:10:55"], "total_order": 2, "hotel_value": ["4.7", "4.7"], "hotel_price": ["268", "268"]}, "6516383": {"hotel_name": "\u53a6\u95e8\u6709\u5ea6\u522b\u9662", "order_time": ["2019-01-08 22:53:03"], "total_order": 1, "hotel_value": ["4.8"], "hotel_price": ["245"]}, "438257": {"hotel_name": "\u53a6\u95e8\u946b\u540d\u95e8\u82b1\u56ed\u9152\u5e97(\u539f\u5361\u5c14\u66fc\u9152\u5e97)", "order_time": ["2019-01-08 22:53:03"], "total_order": 1, "hotel_value": ["4.3"], "hotel_price": ["231"]}, "1047946": {"hotel_name": "\u53a6\u95e8\u91d1\u7396\u9152\u5e97", "order_time": ["2019-01-08 22:53:03"], "total_order": 1, "hotel_value": ["4.5"], "hotel_price": ["260"]}, "11406968": {"hotel_name": "\u53a6\u95e8\u6c34\u4e91\u95f4\u6c11\u5bbf(\u539f\u5357\u56fd\u89c2\u6d77\u5c45)", "order_time": ["2019-01-08 22:53:03"], "total_order": 1, "hotel_value": ["4.9"], "hotel_price": ["137"]}, "435290": {"hotel_name": "\u53a6\u95e8\u6625\u5149\u9152\u5e97", "order_time": ["2019-01-08 22:59:01", "2019-01-08 22:54:53"], "total_order": 2, "hotel_value": ["4.7", "4.7"], "hotel_price": ["250", "250"]}, "13820471": {"hotel_name": "\u4f4f\u6b23\u7cbe\u54c1\u9152\u5e97(\u53a6\u95e8\u706b\u8f66\u7ad9\u5e97)(\u539f\u65b0\u4f4f\u6b23\u7cbe\u54c1\u9152\u5e97)", "order_time": ["2019-01-08 22:54:54"], "total_order": 1, "hotel_value": ["4.4"], "hotel_price": ["153"]}, "427947": {"hotel_name": "\u53a6\u95e8\u56fd\u9645\u4f1a\u8bae\u4e2d\u5fc3\u9152\u5e97", "order_time": ["2019-01-08 22:54:54"], "total_order": 1, "hotel_value": ["4.8"], "hotel_price": ["674"]}, "6150330": {"hotel_name": "\u8bd7\u516c\u5bd3(\u53a6\u95e8\u673a\u573a\u5e97)", "order_time": ["2019-01-08 22:54:55"], "total_order": 1, "hotel_value": ["4.2"], "hotel_price": ["102"]}, "5788864": {"hotel_name": "\u53a6\u95e8\u5eb7\u83b1\u5fb7\u9152\u5e97", "order_time": ["2019-01-08 22:54:56"], "total_order": 1, "hotel_value": ["4.7"], "hotel_price": ["1538"]}, "434801": {"hotel_name": "\u53a6\u95e8\u51ef\u88d5\u7f8e\u7235\u9152\u5e97", "order_time": ["2019-01-08 22:54:56"], "total_order": 1, "hotel_value": ["4.5"], "hotel_price": ["499"]}, "5548882": {"hotel_name": "\u53a6\u95e8\u6d77\u65c5\u6e29\u5fb7\u59c6\u81f3\u5c0a\u9152\u5e97", "order_time": ["2019-01-08 22:54:56"], "total_order": 1, "hotel_value": ["4.7"], "hotel_price": ["522"]}, "9118583": {"hotel_name": "\u53a6\u95e8\u9999\u683c\u91cc\u62c9\u5927\u9152\u5e97", "order_time": ["2019-01-08 22:54:56", "2019-01-08 23:24:59"], "total_order": 2, "hotel_value": ["4.7", "4.7"], "hotel_price": ["991", "991"]}, "3658324": {"hotel_name": "\u9f13\u6d6a\u5c7f\u6d45\u590f\u65c5\u9986", "order_time": ["2019-01-08 22:54:56"], "total_order": 1, "hotel_value": ["4.7"], "hotel_price": ["96"]}, "1211268": {"hotel_name": "\u53a6\u95e8\u6e56\u91cc\u9890\u8c6a\u9152\u5e97", "order_time": ["2019-01-08 22:54:59"], "total_order": 1, "hotel_value": ["4.7"], "hotel_price": ["458"]}, "27833083": {"hotel_name": "\u53a6\u95e8\u968f\u5fc3\u9601\u516c\u5bd3", "order_time": ["2019-01-08 22:54:59"], "total_order": 1, "hotel_value": ["4.8"], "hotel_price": ["131"]}, "448874": {"hotel_name": "\u53a6\u95e8\u91d1\u8272\u56db\u5b63\u9152\u5e97(\u539f\u6cc9\u5b63\u9152\u5e97)", "order_time": ["2019-01-08 22:55:00"], "total_order": 1, "hotel_value": ["4.2"], "hotel_price": ["234"]}, "1405990": {"hotel_name": "\u901f8\u9152\u5e97(\u53a6\u95e8\u706b\u8f66\u7ad9\u5e97)", "order_time": ["2019-01-08 22:55:02"], "total_order": 1, "hotel_value": ["4.3"], "hotel_price": ["145"]}, "898522": {"hotel_name": "\u6c49\u5ead\u9152\u5e97\uff08\u53a6\u95e8\u6587\u7076\u5730\u94c1\u7ad9\u5e97\uff09\uff08\u539f\u706b\u8f66\u7ad9\u6587\u7076\u5e97)", "order_time": ["2019-01-08 22:55:02"], "total_order": 1, "hotel_value": ["4.3"], "hotel_price": ["151"]}, "1317973": {"hotel_name": "\u53a6\u95e8\u534e\u8f89\u6d77\u5cb8\u5ba2\u6808", "order_time": ["2019-01-08 22:55:05"], "total_order": 1, "hotel_value": ["3.3"], "hotel_price": ["114"]}, "15878927": {"hotel_name": "\u53a6\u95e8\u5929\u5408\u4eba\u5bb6\u516c\u5bd3", "order_time": ["2019-01-08 22:55:17"], "total_order": 1, "hotel_value": ["4.8"], "hotel_price": ["116"]}, "1639388": {"hotel_name": "\u4e03\u946b\u5929\u9152\u5e97(\u53a6\u95e8\u673a\u573a\u5e97)", "order_time": ["2019-01-08 22:55:17"], "total_order": 1, "hotel_value": ["4.4"], "hotel_price": ["126"]}, "6341267": {"hotel_name": "\u53a6\u95e8\u9ea6\u53cc\u6d01\u9152\u5e97", "order_time": ["2019-01-08 22:56:56"], "total_order": 1, "hotel_value": ["4.5"], "hotel_price": ["159"]}, "4439627": {"hotel_name": "\u53a6\u95e8\u5df4\u6e1d\u5c9b\u5ea6\u5047\u522b\u5885", "order_time": ["2019-01-08 22:56:57"], "total_order": 1, "hotel_value": ["4.8"], "hotel_price": ["60"]}, "1183055": {"hotel_name": "\u53a6\u95e8\u946b\u535a\u96c5\u5927\u9152\u5e97(\u539f\u7687\u5ef7\u9152\u5e97)", "order_time": ["2019-01-08 22:56:57"], "total_order": 1, "hotel_value": ["4.2"], "hotel_price": ["285"]}, "1562601": {"hotel_name": "\u53a6\u95e8\u82b1\u5f00\u6f2b\u57ce\u751f\u6d3b\u65c5\u5c45\u9986", "order_time": ["2019-01-08 22:57:00"], "total_order": 1, "hotel_value": ["4.9"], "hotel_price": ["202"]}, "1183066": {"hotel_name": "\u53a6\u95e8\u534e\u8212\u9152\u5e97", "order_time": ["2019-01-08 22:57:01"], "total_order": 1, "hotel_value": ["4.3"], "hotel_price": ["283"]}, "480520": {"hotel_name": "\u590f\u5546\u00b7\u6021\u5ead\u5feb\u6377\u9152\u5e97(\u83b2\u524d\u897f\u8def\u5e97)", "order_time": ["2019-01-08 22:57:01"], "total_order": 1, "hotel_value": ["3.9"], "hotel_price": ["93"]}, "444955": {"hotel_name": "\u590f\u5546\u00b7\u6021\u5ead\u5546\u52a1\u9152\u5e97(\u53a6\u95e8\u83b2\u82b1\u8def\u53e3\u5730\u94c1\u7ad9\u5e97)", "order_time": ["2019-01-08 22:57:01"], "total_order": 1, "hotel_value": ["4.3"], "hotel_price": ["160"]}, "453281": {"hotel_name": "\u53a6\u95e8\u71d5\u5b50\u575e\u5ba2\u6808", "order_time": ["2019-01-08 22:57:04"], "total_order": 1, "hotel_value": ["4.7"], "hotel_price": ["88"]}, "4399158": {"hotel_name": "\u53a6\u95e8\u5ba2\u5bb6\u522b\u9662", "order_time": ["2019-01-08 22:57:05"], "total_order": 1, "hotel_value": ["4.8"], "hotel_price": ["68"]}, "4629197": {"hotel_name": "\u9f13\u6d6a\u5c7f\u8611\u83c7\u5496\u5561\u65c5\u9986", "order_time": ["2019-01-08 22:57:05"], "total_order": 1, "hotel_value": ["4.5"], "hotel_price": ["213"]}, "2298885": {"hotel_name": "\u53a6\u95e8\u9f13\u6d6a\u5c7f\u6d77\u534e\u5ea6\u5047\u5c4b", "order_time": ["2019-01-08 23:23:10", "2019-01-08 22:57:07"], "total_order": 2, "hotel_value": ["5.0", "5.0"], "hotel_price": ["186", "186"]}, "15343010": {"hotel_name": "\u53a6\u95e8\u54c9\u5ba2\u6808", "order_time": ["2019-01-08 22:57:16"], "total_order": 1, "hotel_value": ["4.9"], "hotel_price": ["72"]}, "21124626": {"hotel_name": "\u53a6\u95e8\u4e07\u749f\u8f69\u9152\u5e97", "order_time": ["2019-01-08 22:57:30"], "total_order": 1, "hotel_value": ["4.7"], "hotel_price": ["219"]}, "1830099": {"hotel_name": "\u7231\u4e01\u5821\u8fde\u9501\u9152\u5e97(\u53a6\u95e8\u4f1a\u5c55\u5e97)", "order_time": ["2019-01-08 22:58:52"], "total_order": 1, "hotel_value": ["4.4"], "hotel_price": ["199"]}, "1227390": {"hotel_name": "886\u7cbe\u54c1\u9152\u5e97(\u53a6\u95e8\u6d77\u6ca7\u533a\u653f\u5e9c\u5e97)", "order_time": ["2019-01-08 22:58:53"], "total_order": 1, "hotel_value": ["4.1"], "hotel_price": ["161"]}, "744314": {"hotel_name": "\u5982\u5bb6\u5feb\u6377\u9152\u5e97(\u53a6\u95e8\u4e2d\u5c71\u8def\u6b65\u884c\u8857\u9547\u6d77\u8def\u5730\u94c1\u7ad9\u5e97)", "order_time": ["2019-01-08 22:58:54"], "total_order": 1, "hotel_value": ["4.4"], "hotel_price": ["130"]}, "1480877": {"hotel_name": "\u53a6\u95e8\u9752\u5e74\u9633\u5149\u9152\u5e97(\u52a0\u5dde\u5e7f\u573a\u5e97)", "order_time": ["2019-01-08 23:05:01", "2019-01-08 22:58:57"], "total_order": 2, "hotel_value": ["4.3", "4.3"], "hotel_price": ["167", "167"]}, "1549581": {"hotel_name": "\u53a6\u95e8\u7121\u4e8c\u00b7\u4e16\u5916\u8bbe\u8ba1\u578b\u5ea6\u5047\u522b\u5885", "order_time": ["2019-01-08 22:58:59"], "total_order": 1, "hotel_value": ["4.9"], "hotel_price": ["458"]}, "2367550": {"hotel_name": "\u53a6\u95e8\u5174\u5723\u4f18\u9009\u65c5\u9986", "order_time": ["2019-01-08 22:59:00"], "total_order": 1, "hotel_value": ["4.7"], "hotel_price": ["159"]}, "445258": {"hotel_name": "\u5982\u662f\u9152\u5e97(\u53a6\u95e8\u4e3b\u9898\u58f9\u53f7\u5e97)", "order_time": ["2019-01-08 23:10:54", "2019-01-08 22:59:01"], "total_order": 2, "hotel_value": ["4.8", "4.8"], "hotel_price": ["286", "286"]}, "385412": {"hotel_name": "\u53a6\u95e8\u5317\u6d77\u6e7e\u60e0\u9f99\u4e07\u8fbe\u5609\u534e\u9152\u5e97", "order_time": ["2019-01-08 23:00:52"], "total_order": 1, "hotel_value": ["4.8"], "hotel_price": ["600"]}, "419537": {"hotel_name": "\u53a6\u95e8\u822a\u7a7a\u91d1\u96c1\u9152\u5e97", "order_time": ["2019-01-08 23:24:59", "2019-01-08 23:00:52"], "total_order": 2, "hotel_value": ["4.9", "4.9"], "hotel_price": ["658", "658"]}, "473274": {"hotel_name": "\u53a6\u95e8\u65e5\u4e1c\u82b1\u56ed\u9152\u5e97(\u81ea\u9a7e\u8f66\u4e3b\u9898\u9152\u5e97)", "order_time": ["2019-01-08 23:00:52"], "total_order": 1, "hotel_value": ["4.5"], "hotel_price": ["319"]}, "23942133": {"hotel_name": "\u53a6\u95e8\u541b\u96c5\u8f7b\u5962\u9152\u5e97", "order_time": ["2019-01-08 23:00:52", "2019-01-08 23:06:57"], "total_order": 2, "hotel_value": ["4.8", "4.8"], "hotel_price": ["258", "258"]}, "2043594": {"hotel_name": "7\u5929\u8fde\u9501\u9152\u5e97(\u53a6\u95e8\u53f0\u6e7e\u8857\u5e97)", "order_time": ["2019-01-08 23:00:54"], "total_order": 1, "hotel_value": ["4.4"], "hotel_price": ["147"]}, "8587969": {"hotel_name": "\u53a6\u95e8\u5510\u4e50\u5c0f\u7b51(\u539f\u6021\u54c1\u5546\u65c5\u5bbe\u9986)", "order_time": ["2019-01-08 23:00:56"], "total_order": 1, "hotel_value": ["4.7"], "hotel_price": ["87"]}, "6485447": {"hotel_name": "\u5b9c\u5c1a\u9152\u5e97(\u53a6\u95e8\u673a\u573a\u706b\u70ac\u56ed\u5730\u94c1\u7ad9\u5e97)", "order_time": ["2019-01-08 23:00:56"], "total_order": 1, "hotel_value": ["4.6"], "hotel_price": ["279"]}, "438336": {"hotel_name": "\u53a6\u95e8\u5927\u4ebf\u9890\u8c6a\u9152\u5e97", "order_time": ["2019-01-08 23:00:57", "2019-01-08 23:14:56", "2019-01-08 23:04:59"], "total_order": 3, "hotel_value": ["4.4", "4.4", "4.4"], "hotel_price": ["283", "283", "362"]}, "1406009": {"hotel_name": "\u53a6\u95e8\u9646\u5c9b\u9152\u5e97(\u4f1a\u5c55\u5e97)", "order_time": ["2019-01-08 23:00:57"], "total_order": 1, "hotel_value": ["4.4"], "hotel_price": ["260"]}, "436726": {"hotel_name": "\u53a6\u95e8\u9f13\u6d6a\u5c7f\u5370\u8c61\u95fd\u5357\u6c11\u4fd7\u5ba2\u6808", "order_time": ["2019-01-08 23:00:58"], "total_order": 1, "hotel_value": ["4.7"], "hotel_price": ["131"]}, "6069131": {"hotel_name": "\u53a6\u95e8\u5317\u7ad9\u9047\u89c1\u5ba2\u6808", "order_time": ["2019-01-08 23:00:58"], "total_order": 1, "hotel_value": ["4.7"], "hotel_price": ["109"]}, "6950453": {"hotel_name": "\u53a6\u95e8\u6f2b\u57ce\u82b1\u6d77\u5ba2\u6808", "order_time": ["2019-01-08 23:00:58"], "total_order": 1, "hotel_value": ["4.9"], "hotel_price": ["100"]}, "1073553": {"hotel_name": "\u53a6\u95e8\u9f13\u6d6a\u5c7f77\u53f7\u82b1\u56ed\u5ea6\u5047\u522b\u5885", "order_time": ["2019-01-08 23:00:58"], "total_order": 1, "hotel_value": ["4.4"], "hotel_price": ["143"]}, "5241104": {"hotel_name": "\u53a6\u95e8\u98de\u5bbf\u8fde\u9501\u82f1\u4f26\u4f2f\u7235\u5e84\u56ed", "order_time": ["2019-01-08 23:01:08"], "total_order": 1, "hotel_value": ["4.8"], "hotel_price": ["143"]}, "24936264": {"hotel_name": "\u53a6\u95e8\u7f18\u68a6\u5c45\u6c11\u5bbf", "order_time": ["2019-01-08 23:01:08"], "total_order": 1, "hotel_value": ["4.9"], "hotel_price": ["174"]}, "15683944": {"hotel_name": "\u53a6\u95e8\u5927\u5b66\u5fd7\u51ef\u4e4b\u5bb6\u5ba2\u6808", "order_time": ["2019-01-08 23:01:11"], "total_order": 1, "hotel_value": ["4.9"], "hotel_price": ["107"]}, "5660541": {"hotel_name": "\u53a6\u95e8\u5317\u7ad9\u5fae\u7b11\u5ba2\u6808", "order_time": ["2019-01-08 23:02:53"], "total_order": 1, "hotel_value": ["4.8"], "hotel_price": ["96"]}, "22804277": {"hotel_name": "\u6854\u5b50\u9152\u5e97\u7cbe\u9009(\u53a6\u95e8\u4f1a\u5c55\u4e2d\u5fc3\u89c2\u97f3\u5c71\u5e97)", "order_time": ["2019-01-08 23:02:53"], "total_order": 1, "hotel_value": ["4.8"], "hotel_price": ["550"]}, "2475059": {"hotel_name": "\u9f13\u6d6a\u5c7f\u7396\u8d30\u57ce\u5821\u522b\u5885\u5ea6\u5047\u9152\u5e97", "order_time": ["2019-01-08 23:02:53"], "total_order": 1, "hotel_value": ["4.8"], "hotel_price": ["292"]}, "1230104": {"hotel_name": "\u53a6\u95e8\u63a2\u7d22\u9152\u5e97", "order_time": ["2019-01-08 23:02:54"], "total_order": 1, "hotel_value": ["4.5"], "hotel_price": ["437"]}, "346269": {"hotel_name": "\u53a6\u95e8\u6e90\u660c\u51ef\u5bbe\u65af\u57fa\u5927\u9152\u5e97", "order_time": ["2019-01-08 23:02:54"], "total_order": 1, "hotel_value": ["4.7"], "hotel_price": ["1909"]}, "12046511": {"hotel_name": "\u53a6\u95e8\u4e91\u95f4\u5c0f\u6808", "order_time": ["2019-01-08 23:03:07"], "total_order": 1, "hotel_value": ["4.2"], "hotel_price": ["94"]}, "1510329": {"hotel_name": "\u53a6\u95e8\u541b\u96c5\u5047\u65e5\u9152\u5e97", "order_time": ["2019-01-08 23:04:55"], "total_order": 1, "hotel_value": ["4.8"], "hotel_price": ["92"]}, "481752": {"hotel_name": "\u9526\u6c5f\u4e4b\u661f(\u53a6\u95e8\u673a\u573a\u533a\u653f\u5e9c\u5e97)", "order_time": ["2019-01-08 23:14:56", "2019-01-08 23:04:59"], "total_order": 2, "hotel_value": ["4.2", "4.2"], "hotel_price": ["168", "168"]}, "6355587": {"hotel_name": "\u590f\u5546\u6021\u7fd4\u5047\u65e5\u9152\u5e97(\u53a6\u95e8\u706b\u8f66\u7ad9\u5e97)", "order_time": ["2019-01-08 23:05:01"], "total_order": 1, "hotel_value": ["4.8"], "hotel_price": ["228"]}, "1485274": {"hotel_name": "\u53a6\u95e8\u590f\u82b1\u5982\u96ea\u6c11\u5bbf(\u539f\u9ec4\u539d\u6d77\u666f\u65c5\u793e)", "order_time": ["2019-01-08 23:05:05"], "total_order": 1, "hotel_value": ["4.9"], "hotel_price": ["78"]}, "5701956": {"hotel_name": "\u53a6\u95e8\u9038\u8f69\u516c\u5bd3", "order_time": ["2019-01-08 23:05:11"], "total_order": 1, "hotel_value": ["4.3"], "hotel_price": ["107"]}, "12092426": {"hotel_name": "\u53a6\u95e8\u91d1\u5c0f\u59d0\u522b\u9662(\u539f\u9999\u683c\u91cc\u5885\u5ea6\u5047\u5e84\u56ed)", "order_time": ["2019-01-08 23:06:58"], "total_order": 1, "hotel_value": ["4.9"], "hotel_price": ["101"]}, "1315375": {"hotel_name": "\u53a6\u95e8\u82cf\u56ed\u00b7\u5929\u5c71\u6cc9\u9152\u5e97", "order_time": ["2019-01-08 23:06:59"], "total_order": 1, "hotel_value": ["4.5"], "hotel_price": ["151"]}, "5983514": {"hotel_name": "\u53a6\u95e8\u9f13\u6d6a\u5c7f\u6d77\u5c7f\u4e4b\u604b\u5ba2\u6808", "order_time": ["2019-01-08 23:07:18"], "total_order": 1, "hotel_value": ["4.6"], "hotel_price": ["482"]}, "6512986": {"hotel_name": "\u53a6\u95e8\u4e4c\u5ae3\u539d\u5ba2\u6808", "order_time": ["2019-01-08 23:08:53"], "total_order": 1, "hotel_value": ["4.7"], "hotel_price": ["109"]}, "988894": {"hotel_name": "\u548c\u9890\u9152\u5e97(\u53a6\u95e8\u5927\u5b66\u7eff\u6676\u5e97)", "order_time": ["2019-01-08 23:08:57"], "total_order": 1, "hotel_value": ["4.5"], "hotel_price": ["279"]}, "4656016": {"hotel_name": "\u53a6\u95e8\u5927\u5b66\u9e6d\u7720\u6d77\u666f\u9152\u5e97\u516c\u5bd3", "order_time": ["2019-01-08 23:08:58"], "total_order": 1, "hotel_value": ["4.7"], "hotel_price": ["292"]}, "11824877": {"hotel_name": "\u53a6\u95e8\u66fe\u539d\u57b5\u552f\u4f60\u6d77\u666f\u5ba2\u6808", "order_time": ["2019-01-08 23:09:05"], "total_order": 1, "hotel_value": ["4.4"], "hotel_price": ["75"]}, "11725294": {"hotel_name": "\u53a6\u95e8\u5c1a\u5ead\u9152\u5e97\u516c\u5bd3", "order_time": ["2019-01-08 23:09:07"], "total_order": 1, "hotel_value": ["4.8"], "hotel_price": ["179"]}, "11469147": {"hotel_name": "\u53a6\u95e8\u7231\u4e01\u5821\u56fd\u9645\u8fde\u9501\u9152\u5e97(\u706b\u8f66\u7ad9\u516c\u5bd3\u5e97)", "order_time": ["2019-01-08 23:10:53"], "total_order": 1, "hotel_value": ["4.5"], "hotel_price": ["77"]}, "690163": {"hotel_name": "\u5168\u5b63\u9152\u5e97(\u53a6\u95e8\u673a\u573a\u6e56\u91cc\u5927\u9053\u5e97)", "order_time": ["2019-01-08 23:10:54"], "total_order": 1, "hotel_value": ["4.8"], "hotel_price": ["284"]}, "782154": {"hotel_name": "\u53a6\u95e8\u9752\u5e74\u9633\u5149\u7cbe\u54c1\u5546\u52a1\u9152\u5e97(\u677e\u67cf\u6c7d\u8f66\u5e97)", "order_time": ["2019-01-08 23:10:57"], "total_order": 1, "hotel_value": ["4.5"], "hotel_price": ["147"]}, "708068": {"hotel_name": "\u53a6\u95e8\u6162\u751f\u6d3b\u00b7\u65b0\u5bbf\u522b\u9662", "order_time": ["2019-01-08 23:10:58"], "total_order": 1, "hotel_value": ["4.9"], "hotel_price": ["209"]}, "5981029": {"hotel_name": "\u53a6\u95e8\u5076\u9047\u5ba2\u6808\u9f13\u6d6a\u5c7f\u5e97", "order_time": ["2019-01-08 23:10:59"], "total_order": 1, "hotel_value": ["4.6"], "hotel_price": ["151"]}, "5790240": {"hotel_name": "\u5168\u5b63\u9152\u5e97(\u53a6\u95e8\u673a\u573a\u6210\u529f\u5927\u9053\u5e97)", "order_time": ["2019-01-08 23:14:57", "2019-01-08 23:11:01"], "total_order": 2, "hotel_value": ["4.7", "4.7"], "hotel_price": ["276", "276"]}, "2125318": {"hotel_name": "\u5de2\u53cb\u9152\u5e97(\u53a6\u95e8\u706b\u8f66\u7ad9\u5e97)", "order_time": ["2019-01-08 23:11:03"], "total_order": 1, "hotel_value": ["4.7"], "hotel_price": ["104"]}, "467685": {"hotel_name": "\u53a6\u95e8\u767d\u9e6d\u6d32\u5927\u9152\u5e97", "order_time": ["2019-01-08 23:12:51"], "total_order": 1, "hotel_value": ["4.2"], "hotel_price": ["352"]}, "387242": {"hotel_name": "\u53a6\u95e8\u4e1c\u5357\u4e9a\u5927\u9152\u5e97", "order_time": ["2019-01-08 23:12:51"], "total_order": 1, "hotel_value": ["4.5"], "hotel_price": ["299"]}, "1746353": {"hotel_name": "\u53a6\u95e8\u5927\u5b66\u56fd\u9645\u5b66\u672f\u4ea4\u6d41\u4e2d\u5fc3", "order_time": ["2019-01-08 23:12:52"], "total_order": 1, "hotel_value": ["4.3"], "hotel_price": ["540"]}, "2303499": {"hotel_name": "\u53a6\u95e8\u9f13\u6d6a\u5c7f\u6c5d\u5357\u6d77\u666f\u522b\u58851935\u6c11\u56fd\u9a7b\u7f8e\u5927\u4f7f\u5e97", "order_time": ["2019-01-08 23:12:53"], "total_order": 1, "hotel_value": ["4.7"], "hotel_price": ["278"]}, "1543547": {"hotel_name": "\u53a6\u95e8\u66fe\u539d\u57b5\u543e\u6797\u5ba2\u6808", "order_time": ["2019-01-08 23:12:53"], "total_order": 1, "hotel_value": ["4.9"], "hotel_price": ["129"]}, "1729077": {"hotel_name": "\u559c\u6797\u9601\u5ea6\u5047\u65c5\u9986(\u9f13\u6d6a\u5c7f\u4e16\u754c\u6587\u5316\u9057\u4ea7\u5e97)", "order_time": ["2019-01-08 23:12:56"], "total_order": 1, "hotel_value": ["4.7"], "hotel_price": ["338"]}, "470613": {"hotel_name": "\u53a6\u95e8\u65b0\u4e2d\u6797\u5927\u9152\u5e97", "order_time": ["2019-01-08 23:12:58"], "total_order": 1, "hotel_value": ["4.3"], "hotel_price": ["383"]}, "1477849": {"hotel_name": "\u9752\u5e74\u9633\u5149\u9152\u5e97(\u53a6\u95e8\u6d77\u5929\u5feb\u6377\u5e97)", "order_time": ["2019-01-08 23:12:58"], "total_order": 1, "hotel_value": ["4.7"], "hotel_price": ["114"]}, "5774835": {"hotel_name": "\u53a6\u95e8\u4e91\u6cca\u6e7e\u9152\u5e97", "order_time": ["2019-01-08 23:12:59"], "total_order": 1, "hotel_value": ["4.4"], "hotel_price": ["138"]}, "23237813": {"hotel_name": "\u53a6\u95e8\u77e5\u5fc3\u9152\u5e97", "order_time": ["2019-01-08 23:13:02"], "total_order": 1, "hotel_value": ["4.3"], "hotel_price": ["270"]}, "1730041": {"hotel_name": "\u9f13\u6d6a\u5c7f\u6e29\u838e\u516c\u9986", "order_time": ["2019-01-08 23:13:23"], "total_order": 1, "hotel_value": [0], "hotel_price": ["197"]}, "12090705": {"hotel_name": "\u53a6\u95e8\u68a6\u60f3\u6d77\u8fb9\u5ba2\u6808(\u539f\u53a6\u95e8\u53a6\u5927\u6d77\u7f18\u6e7e\u7cbe\u54c1\u5ba2\u6808)", "order_time": ["2019-01-08 23:13:34"], "total_order": 1, "hotel_value": [0], "hotel_price": ["72"]}, "1733907": {"hotel_name": "\u53a6\u95e8\u8363\u8a89\u56fd\u9645\u9152\u5e97", "order_time": ["2019-01-08 23:18:58", "2019-01-08 23:14:53"], "total_order": 2, "hotel_value": ["4.7", "4.7"], "hotel_price": ["668", "668"]}, "6652320": {"hotel_name": "\u53a6\u95e8\u5170\u82b3\u91cc\u7cbe\u54c1\u6c11\u5bbf", "order_time": ["2019-01-08 23:15:01"], "total_order": 1, "hotel_value": ["4.9"], "hotel_price": ["200"]}, "686159": {"hotel_name": "\u54c1\u90fd\u9152\u5e97(\u53a6\u95e8\u4e2d\u5c71\u8def\u5e97)", "order_time": ["2019-01-08 23:15:01"], "total_order": 1, "hotel_value": ["4.5"], "hotel_price": ["135"]}, "6511409": {"hotel_name": "\u53a6\u95e8\u76d8\u6263\u00b7\u6f2b\u5ea6House", "order_time": ["2019-01-08 23:15:01"], "total_order": 1, "hotel_value": ["4.8"], "hotel_price": ["247"]}, "1071560": {"hotel_name": "\u53a6\u95e8\u5927\u4e91\u623f\u8f66", "order_time": ["2019-01-08 23:15:01"], "total_order": 1, "hotel_value": ["4.2"], "hotel_price": ["221"]}, "5724702": {"hotel_name": "\u51e4\u51f0\u5c45\u9152\u5e97(\u9f13\u6d6a\u5c7f\u65e5\u5149\u5ca9\u5e97)", "order_time": ["2019-01-08 23:15:01"], "total_order": 1, "hotel_value": ["4.9"], "hotel_price": ["540"]}, "3777473": {"hotel_name": "\u53a6\u95e8\u9e7f\u91cc\u6c11\u5bbf", "order_time": ["2019-01-08 23:15:01"], "total_order": 1, "hotel_value": ["4.9"], "hotel_price": ["106"]}, "7586195": {"hotel_name": "\u53a6\u95e8\u79c1\u5954\u5427\u65c5\u9986", "order_time": ["2019-01-08 23:15:01"], "total_order": 1, "hotel_value": ["4.6"], "hotel_price": ["331"]}, "4034369": {"hotel_name": "\u4e07\u4ec1\u9152\u5e97(\u53a6\u95e8\u4e2d\u5c71\u8def\u5e97)", "order_time": ["2019-01-08 23:15:02"], "total_order": 1, "hotel_value": ["3.5"], "hotel_price": ["77"]}, "666255": {"hotel_name": "\u5bb6\u548c\u6625\u5929\u9152\u5e97(\u53a6\u95e8\u6d77\u6ca7\u5e97)", "order_time": ["2019-01-08 23:16:52"], "total_order": 1, "hotel_value": ["4.1"], "hotel_price": ["129"]}, "1583165": {"hotel_name": "\u5982\u5bb6\u5feb\u6377\u9152\u5e97(\u53a6\u95e8\u8f6e\u6e21\u4e2d\u5c71\u8def\u6b65\u884c\u8857\u5e97)", "order_time": ["2019-01-08 23:37:02", "2019-01-08 23:16:55"], "total_order": 2, "hotel_value": ["4.2", "4.2"], "hotel_price": ["147", "147"]}, "2539706": {"hotel_name": "\u53a6\u95e8\u56db\u6d77\u4e4b\u661f\u9152\u5e97", "order_time": ["2019-01-08 23:16:55"], "total_order": 1, "hotel_value": ["4.2"], "hotel_price": ["146"]}, "8568992": {"hotel_name": "\u53a6\u95e8\u5c7f\u60a6\u65c5\u5bbf", "order_time": ["2019-01-08 23:16:58"], "total_order": 1, "hotel_value": ["4.8"], "hotel_price": ["118"]}, "6511790": {"hotel_name": "\u53a6\u95e8\u822a\u5929\u516c\u5bd3\u673a\u573a\u5e97", "order_time": ["2019-01-08 23:16:58"], "total_order": 1, "hotel_value": ["4.5"], "hotel_price": ["101"]}, "6052144": {"hotel_name": "\u53a6\u95e8\u66fe\u73e0\u6e2f\u57ce\u5821\u5e84\u56ed", "order_time": ["2019-01-08 23:17:00"], "total_order": 1, "hotel_value": ["4.8"], "hotel_price": ["84"]}, "2040417": {"hotel_name": "7\u5929\u4f18\u54c1\u9152\u5e97(\u53a6\u95e8\u673a\u573a\u6bbf\u524d\u5730\u94c1\u7ad9\u5e97)", "order_time": ["2019-01-08 23:17:00"], "total_order": 1, "hotel_value": ["4.7"], "hotel_price": ["153"]}, "4435448": {"hotel_name": "\u53a6\u95e8\u9752\u5c7f\u6c11\u5bbf", "order_time": ["2019-01-08 23:17:01"], "total_order": 1, "hotel_value": ["4.9"], "hotel_price": ["159"]}, "1338662": {"hotel_name": "e\u4f73\u8fde\u9501\u9152\u5e97(\u53a6\u95e8\u603b\u5e97)", "order_time": ["2019-01-08 23:17:05"], "total_order": 1, "hotel_value": ["4.2"], "hotel_price": ["141"]}, "1990013": {"hotel_name": "\u53a6\u95e8\u5317\u7ad9\u6e29\u99a8\u96c5\u9601\u5bbe\u9986", "order_time": ["2019-01-08 23:17:07"], "total_order": 1, "hotel_value": ["4.7"], "hotel_price": ["64"]}, "2624108": {"hotel_name": "\u53a6\u95e8\u5e0c\u5c14\u987f\u9038\u6797\u9152\u5e97", "order_time": ["2019-01-08 23:24:57", "2019-01-08 23:18:54"], "total_order": 2, "hotel_value": ["4.7", "4.7"], "hotel_price": ["717", "717"]}, "6599741": {"hotel_name": "\u6854\u5b50\u9152\u5e97\u00b7\u7cbe\u9009(\u53a6\u95e8\u4e2d\u5c71\u8def\u8f6e\u6e21\u7801\u5934\u5e97)(\u539f\u4e2d\u5c71\u8def\u6b65\u884c\u8857\u5e97)", "order_time": ["2019-01-08 23:31:09", "2019-01-08 23:18:55"], "total_order": 2, "hotel_value": ["4.8", "4.8"], "hotel_price": ["436", "436"]}, "6023163": {"hotel_name": "\u53a6\u95e8\u5c1a\u5fb7\u8363\u9152\u5e97", "order_time": ["2019-01-08 23:19:00"], "total_order": 1, "hotel_value": ["4.4"], "hotel_price": ["207"]}, "2187819": {"hotel_name": "\u53a6\u95e8\u9f13\u6d6a\u5c7f\u7f18\u4e2d\u56ed\u4f11\u95f2\u5ea6\u5047\u522b\u5885", "order_time": ["2019-01-08 23:19:01"], "total_order": 1, "hotel_value": ["4.6"], "hotel_price": ["151"]}, "929583": {"hotel_name": "\u5982\u5bb6\u5feb\u6377\u9152\u5e97(\u53a6\u95e8\u706b\u8f66\u7ad9\u5e7f\u573a\u5e97)", "order_time": ["2019-01-08 23:20:56"], "total_order": 1, "hotel_value": ["4.5"], "hotel_price": ["137"]}, "1070340": {"hotel_name": "\u53a6\u95e8\u6162\u751f\u6d3b\u00b7\u897f\u96c5\u56fe\u6d77\u8fb9\u5ea6\u5047\u65c5\u9986", "order_time": ["2019-01-08 23:32:55", "2019-01-08 23:20:56"], "total_order": 2, "hotel_value": ["4.9", "4.9"], "hotel_price": ["236", "236"]}, "453231": {"hotel_name": "\u745e\u820d\u9152\u5e97(\u53a6\u95e8\u4e2d\u5c71\u8def\u6597\u897f\u5e97)(\u539f\u597d\u53cb\u6c47\u5546\u52a1\u9152\u5e97)", "order_time": ["2019-01-08 23:20:56"], "total_order": 1, "hotel_value": ["4.8"], "hotel_price": ["219"]}, "346267": {"hotel_name": "\u53a6\u95e8\u5e1d\u5143\u7ef4\u591a\u5229\u4e9a\u5927\u9152\u5e97", "order_time": ["2019-01-08 23:21:00"], "total_order": 1, "hotel_value": ["4.5"], "hotel_price": ["797"]}, "1583129": {"hotel_name": "\u5982\u5bb6\u5feb\u6377\u9152\u5e97\uff08\u53a6\u95e8\u4e00\u4e2d\u5c06\u519b\u7960\u5730\u94c1\u7ad9\u5e97\uff09", "order_time": ["2019-01-08 23:21:02"], "total_order": 1, "hotel_value": ["4.5"], "hotel_price": ["122"]}, "4494388": {"hotel_name": "\u9f13\u6d6a\u5c7f\u989c\u5915\u65c5\u9986(\u539f\u7d2b\u6728\u9999\u5c45\u5ba2\u6808)", "order_time": ["2019-01-08 23:21:04"], "total_order": 1, "hotel_value": ["4.7"], "hotel_price": ["148"]}, "1726924": {"hotel_name": "\u53a6\u95e8\u9f13\u6d6a\u5c7f\u4e07\u6c34\u5343\u5c71\u5ea6\u5047\u5c71\u5e84", "order_time": ["2019-01-08 23:21:05"], "total_order": 1, "hotel_value": ["4.4"], "hotel_price": ["173"]}, "1386260": {"hotel_name": "\u53a6\u95e8\u66fe\u539d\u57b5\u843d\u96e8\u58f0\u9a7f\u6808", "order_time": ["2019-01-08 23:21:13"], "total_order": 1, "hotel_value": ["4.5"], "hotel_price": ["111"]}, "5664709": {"hotel_name": "\u53a6\u95e8\u5e02\u745e\u7965\u516c\u5bd3", "order_time": ["2019-01-08 23:21:14"], "total_order": 1, "hotel_value": [0], "hotel_price": ["91"]}, "739981": {"hotel_name": "\u53a6\u95e8\u5357\u83b2\u5bbe\u9986", "order_time": ["2019-01-08 23:21:16"], "total_order": 1, "hotel_value": ["3.3"], "hotel_price": ["149"]}, "5245642": {"hotel_name": "\u53a6\u95e8\u9890\u5bb6\u5bbe\u9986", "order_time": ["2019-01-08 23:21:19"], "total_order": 1, "hotel_value": ["4.1"], "hotel_price": ["89"]}, "436738": {"hotel_name": "\u9f13\u6d6a\u5c7f\u6c38\u987a\u5ea6\u5047\u65c5\u9986(\u53a6\u95e8\u79d1\u6797\u65af\u5e97)", "order_time": ["2019-01-08 23:22:56"], "total_order": 1, "hotel_value": ["4.5"], "hotel_price": ["247"]}, "469850": {"hotel_name": "\u7ef4\u4e5f\u7eb3\u9152\u5e97(\u53a6\u95e8\u706b\u8f66\u7ad9\u5e97)(\u539f\u51ef\u65af\u9152\u5e97)", "order_time": ["2019-01-08 23:22:58"], "total_order": 1, "hotel_value": ["4.7"], "hotel_price": ["249"]}, "2152627": {"hotel_name": "\u7f8e\u8c6a\u9152\u5e97(\u53a6\u95e8\u5e97)", "order_time": ["2019-01-08 23:22:59", "2019-01-08 23:30:50"], "total_order": 2, "hotel_value": ["4.7", "4.7"], "hotel_price": ["353", "353"]}, "444772": {"hotel_name": "\u590f\u5546\u00b7\u6021\u5ead\u5feb\u6377\u9152\u5e97(\u53a6\u95e8\u706b\u8f66\u7ad9\u6c47\u6210\u5e97)", "order_time": ["2019-01-08 23:23:06"], "total_order": 1, "hotel_value": ["4.5"], "hotel_price": ["98"]}, "27273749": {"hotel_name": "\u9f13\u6d6a\u5c7f\u82b1\u5ead\u00b7\u534a\u590f\u65c5\u9986", "order_time": ["2019-01-08 23:23:07"], "total_order": 1, "hotel_value": ["4.9"], "hotel_price": ["232"]}, "1968663": {"hotel_name": "\u53a6\u95e8\u7f8e\u7eb3\u591a\u5feb\u6377\u9152\u5e97", "order_time": ["2019-01-08 23:23:19"], "total_order": 1, "hotel_value": ["4.8"], "hotel_price": ["103"]}, "19437204": {"hotel_name": "\u53a6\u95e8\u91cc\u5df7\u6c11\u5bbf", "order_time": ["2019-01-08 23:23:25"], "total_order": 1, "hotel_value": ["4.7"], "hotel_price": ["313"]}, "1733885": {"hotel_name": "\u53a6\u95e8\u4e00\u683c\u00b7\u5982\u6ea2\u9152\u5e97", "order_time": ["2019-01-08 23:23:27"], "total_order": 1, "hotel_value": ["4.7"], "hotel_price": ["139"]}, "2313328": {"hotel_name": "\u5982\u5bb6\u5feb\u6377\u9152\u5e97(\u53a6\u95e8\u673a\u573a\u9a6c\u5785\u5e97)", "order_time": ["2019-01-08 23:24:52"], "total_order": 1, "hotel_value": ["4.5"], "hotel_price": ["146"]}, "7081804": {"hotel_name": "\u53a6\u95e8\u6606\u820d\u8bbe\u8ba1\u9152\u5e97", "order_time": ["2019-01-08 23:24:52"], "total_order": 1, "hotel_value": ["4.8"], "hotel_price": ["698"]}, "2304450": {"hotel_name": "7\u5929\u8fde\u9501\u9152\u5e97(\u53a6\u95e8\u706b\u8f66\u7ad9\u5e97)", "order_time": ["2019-01-08 23:24:55"], "total_order": 1, "hotel_value": ["4.4"], "hotel_price": ["100"]}, "10480601": {"hotel_name": "\u51af\u5927\u4edf-\u5c0f\u80a5\u732b\u7cbe\u54c1\u5e97", "order_time": ["2019-01-08 23:24:56"], "total_order": 1, "hotel_value": ["5.0"], "hotel_price": ["136"]}, "1284505": {"hotel_name": "\u82b1\u7b51\u00b7\u53a6\u95e8\u4e0d\u8c61\u975e\u5ba2\u6808", "order_time": ["2019-01-08 23:24:58"], "total_order": 1, "hotel_value": ["4.9"], "hotel_price": ["168"]}, "1183602": {"hotel_name": "\u516b\u82f1\u91cc\u9152\u5e97(\u53a6\u95e8\u4e2d\u5c71\u8def\u5e97)", "order_time": ["2019-01-08 23:26:54"], "total_order": 1, "hotel_value": ["4.7"], "hotel_price": ["134"]}, "804367": {"hotel_name": "\u548c\u9890\u9152\u5e97(\u53a6\u95e8\u706b\u8f66\u7ad9\u83b2\u82b1\u8def\u53e3\u5730\u94c1\u7ad9\u5e97)", "order_time": ["2019-01-08 23:26:54"], "total_order": 1, "hotel_value": ["4.8"], "hotel_price": ["360"]}, "5979739": {"hotel_name": "\u53a6\u95e8\u4e2d\u5c71\u6545\u4e8b\u65c5\u820d", "order_time": ["2019-01-08 23:26:56"], "total_order": 1, "hotel_value": ["4.8"], "hotel_price": ["247"]}, "4814798": {"hotel_name": "\u53a6\u95e8\u9f13\u6d6a\u5c7f\u6162\u5c4b\u5ea6\u5047\u522b\u5885", "order_time": ["2019-01-08 23:27:01"], "total_order": 1, "hotel_value": ["4.7"], "hotel_price": ["504"]}, "13868957": {"hotel_name": "\u53a6\u95e8\u652f\u95f4\u8bbe\u8ba1\u6c11\u5bbf(\u539f\u9752\u9edb\u8bbe\u8ba1\u516c\u5bd3)", "order_time": ["2019-01-08 23:27:05"], "total_order": 1, "hotel_value": ["4.7"], "hotel_price": ["248"]}, "11019592": {"hotel_name": "\u98de\u5bbf\u8fde\u9501\u53a6\u95e8\u9999\u69ad\u6735\u62c9\u5e84\u56ed", "order_time": ["2019-01-08 23:27:06"], "total_order": 1, "hotel_value": ["4.9"], "hotel_price": ["177"]}, "13975396": {"hotel_name": "\u53a6\u95e8\u96f6\u8ddd\u79bb\u5ba2\u6808(\u539f\u53a6\u95e8\u66fe\u539d\u57b5\u4e0d\u89c1\u4e0d\u6563\u5ba2\u6808)", "order_time": ["2019-01-08 23:27:08"], "total_order": 1, "hotel_value": ["5.0"], "hotel_price": ["84"]}, "5615856": {"hotel_name": "\u53a6\u95e8\u9605\u6d77\u5c45\u7eaf\u6d77\u666f\u5ba2\u6808", "order_time": ["2019-01-08 23:27:08"], "total_order": 1, "hotel_value": ["4.3"], "hotel_price": ["148"]}, "24399322": {"hotel_name": "\u53a6\u95e8\u5317\u7ad9\u7e41\u5c18\u5c18\u516c\u5bd3", "order_time": ["2019-01-08 23:27:16"], "total_order": 1, "hotel_value": [0], "hotel_price": ["90"]}, "470600": {"hotel_name": "\u53a6\u95e8\u9f13\u6d6a\u5c7f\u56fd\u738b\u76d2\u5b50\u5ea6\u5047\u5c4b", "order_time": ["2019-01-08 23:28:52"], "total_order": 1, "hotel_value": ["4.6"], "hotel_price": ["107"]}, "375297": {"hotel_name": "\u53a6\u95e8\u9a6c\u54e5\u5b5b\u7f57\u4e1c\u65b9\u5927\u9152\u5e97", "order_time": ["2019-01-08 23:28:53"], "total_order": 1, "hotel_value": ["4.6"], "hotel_price": ["665"]}, "486020": {"hotel_name": "\u53a6\u95e8\u4e07\u4f73\u4e91\u9876\u5ea6\u5047\u9152\u5e97", "order_time": ["2019-01-08 23:28:55"], "total_order": 1, "hotel_value": ["4.5"], "hotel_price": ["388"]}, "6485565": {"hotel_name": "\u9f13\u6d6a\u5c7f\u4e00\u7b51\u82b1\u56ed\u522b\u5885", "order_time": ["2019-01-08 23:28:58"], "total_order": 1, "hotel_value": ["4.6"], "hotel_price": ["151"]}, "2301227": {"hotel_name": "\u9526\u6c5f\u4e4b\u661f(\u53a6\u95e8\u674f\u6797\u5e97)", "order_time": ["2019-01-08 23:28:59"], "total_order": 1, "hotel_value": ["4.5"], "hotel_price": ["193"]}, "23237811": {"hotel_name": "\u53a6\u95e8\u5357\u56fd\u76f8\u601d\u5802", "order_time": ["2019-01-08 23:29:00"], "total_order": 1, "hotel_value": ["4.9"], "hotel_price": ["144"]}, "1886704": {"hotel_name": "\u53a6\u95e8\u5982\u610f\u96c5\u5c45\u9152\u5e97\u516c\u5bd3", "order_time": ["2019-01-08 23:29:06"], "total_order": 1, "hotel_value": [0], "hotel_price": ["104"]}, "1874533": {"hotel_name": "\u53a6\u95e8\u4f55\u5fc5\u6700\u5ba2\u6808", "order_time": ["2019-01-08 23:29:06"], "total_order": 1, "hotel_value": ["4.0"], "hotel_price": ["67"]}, "1768152": {"hotel_name": "\u5357\u71d5\u539d\u6c11\u5bbf(\u53a6\u95e8\u65e5\u6708\u8c37\u6e29\u6cc9\u5e97)(\u539f\u4e00\u54c1\u6c64\u5bb6\u5ead\u65c5\u9986)", "order_time": ["2019-01-08 23:29:06"], "total_order": 1, "hotel_value": ["4.8"], "hotel_price": ["132"]}, "15248848": {"hotel_name": "\u53a6\u95e8\u5982\u5f52\u6d77\u5885\u5ba2\u6808", "order_time": ["2019-01-08 23:30:53"], "total_order": 1, "hotel_value": ["4.9"], "hotel_price": ["214"]}, "1518540": {"hotel_name": "\u53a6\u95e8\u4e09\u4e2a\u53a6\u5927\u4eba\u00b7\u51e0\u7ef43\u53f7\u9662", "order_time": ["2019-01-08 23:30:56"], "total_order": 1, "hotel_value": ["4.9"], "hotel_price": ["193"]}, "858999": {"hotel_name": "\u53a6\u95e8\u7965\u4e91\u4f70\u4f73\u5ba2\u6808(\u539fPaPa\uff07s\u4e3b\u9898\u5ba2\u6808)", "order_time": ["2019-01-08 23:30:57"], "total_order": 1, "hotel_value": ["4.7"], "hotel_price": ["253"]}, "392629": {"hotel_name": "\u53a6\u95e8\u5e90\u5c71\u5927\u9152\u5e97", "order_time": ["2019-01-08 23:30:58"], "total_order": 1, "hotel_value": ["4.2"], "hotel_price": ["298"]}, "6554578": {"hotel_name": "\u53a6\u95e8\u76db\u6377\u8f6f\u4ef6\u56ed\u670d\u52a1\u516c\u5bd3", "order_time": ["2019-01-08 23:30:58"], "total_order": 1, "hotel_value": ["4.6"], "hotel_price": ["466"]}, "438586": {"hotel_name": "\u53a6\u95e8\u5c71\u6c34\u4e3d\u666f\u5927\u9152\u5e97", "order_time": ["2019-01-08 23:30:58"], "total_order": 1, "hotel_value": ["4.4"], "hotel_price": ["374"]}, "5806184": {"hotel_name": "\u9177\u6d3e\u9152\u5e97(\u53a6\u95e8\u706b\u8f66\u7ad9\u68a7\u6751\u6c7d\u8f66\u7ad9\u5e97)", "order_time": ["2019-01-08 23:30:58", "2019-01-08 23:32:51"], "total_order": 2, "hotel_value": ["4.3", "4.3"], "hotel_price": ["107", "107"]}, "2229421": {"hotel_name": "\u5c71\u5c45\u5ba2\u6808(\u53a6\u95e8\u66fe\u539d\u57b5\u5e97)", "order_time": ["2019-01-08 23:31:01"], "total_order": 1, "hotel_value": ["4.7"], "hotel_price": ["66"]}, "6262585": {"hotel_name": "\u6c90\u8317\u65c5\u9986\uff08\u53a6\u95e8\u65e5\u5149\u5ca9\u5e97\uff09", "order_time": ["2019-01-08 23:31:03"], "total_order": 1, "hotel_value": ["4.8"], "hotel_price": ["116"]}, "440483": {"hotel_name": "\u777f\u5f18\u5510\u4ee3\u5c14\u9152\u5e97(\u53a6\u95e8\u65b0\u8f6e\u6e21\u7801\u5934\u5e97)", "order_time": ["2019-01-08 23:31:07"], "total_order": 1, "hotel_value": ["4.2"], "hotel_price": ["316"]}, "458319": {"hotel_name": "\u9752\u5e74\u9633\u5149\u9152\u5e97(\u53a6\u95e8\u706b\u8f66\u7ad9\u6587\u7076\u5e97)", "order_time": ["2019-01-08 23:31:09"], "total_order": 1, "hotel_value": ["4.5"], "hotel_price": ["134"]}, "747025": {"hotel_name": "\u53a6\u95e8\u82f1\u58eb\u8fbe\u9152\u5e97", "order_time": ["2019-01-08 23:31:11"], "total_order": 1, "hotel_value": ["3.8"], "hotel_price": ["107"]}, "2000401": {"hotel_name": "\u5586\u5561\u9152\u5e97(\u53a6\u95e8\u9f13\u6d6a\u5c7f\u4e2d\u5c71\u8def\u7b2c\u4e00\u7801\u5934\u5e97)", "order_time": ["2019-01-08 23:32:52"], "total_order": 1, "hotel_value": ["4.7"], "hotel_price": ["198"]}, "17908349": {"hotel_name": "\u53a6\u95e8\u9047\u7f8e\u00b7\u57b5\u90b8\u9152\u5e97", "order_time": ["2019-01-08 23:32:54"], "total_order": 1, "hotel_value": ["4.9"], "hotel_price": ["254"]}, "6736731": {"hotel_name": "\u5e0c\u5cb8\u9152\u5e97(\u53a6\u95e8\u706b\u8f66\u7ad9\u5e97)(\u539f\u5357\u65b9\u996d\u5e97)", "order_time": ["2019-01-08 23:32:56"], "total_order": 1, "hotel_value": ["4.9"], "hotel_price": ["268"]}, "434956": {"hotel_name": "\u53a6\u95e8\u767d\u9e6d\u5bbe\u9986", "order_time": ["2019-01-08 23:32:57"], "total_order": 1, "hotel_value": ["4.5"], "hotel_price": ["188"]}, "2152633": {"hotel_name": "\u53a6\u95e8\u540c\u5b89\u5bbe\u9986", "order_time": ["2019-01-08 23:32:57"], "total_order": 1, "hotel_value": ["4.1"], "hotel_price": ["264"]}, "11500565": {"hotel_name": "\u826f\u5885\u00b7\u6f9c\u5ead\u5ea6\u5047\u522b\u5885(\u53a6\u95e8\u66fe\u539d\u57b5\u5e97)", "order_time": ["2019-01-08 23:32:58"], "total_order": 1, "hotel_value": ["4.9"], "hotel_price": ["101"]}, "7861971": {"hotel_name": "\u53a6\u95e8\u9f13\u6d6a\u5c7f\u5c0f\u5c9b\u98ce\u60c5\u65c5\u9986", "order_time": ["2019-01-08 23:32:58"], "total_order": 1, "hotel_value": ["4.8"], "hotel_price": ["188"]}, "26556315": {"hotel_name": "\u9f13\u6d6a\u5c7f\u62fe\u672b\u65c5\u9986", "order_time": ["2019-01-08 23:32:58"], "total_order": 1, "hotel_value": ["4.9"], "hotel_price": ["224"]}, "1541979": {"hotel_name": "\u53a6\u95e8\u6708\u5149\u5ca9\u82b1\u56ed\u522b\u5885", "order_time": ["2019-01-08 23:32:59"], "total_order": 1, "hotel_value": ["4.4"], "hotel_price": ["103"]}, "19678980": {"hotel_name": "\u53a6\u95e8\u74e6\u6e90\u7d20\u7cbe\u54c1\u5ba2\u6808", "order_time": ["2019-01-08 23:33:01"], "total_order": 1, "hotel_value": ["4.9"], "hotel_price": ["134"]}, "6616548": {"hotel_name": "\u53a6\u95e8\u98de\u5bbf\u8fde\u9501\u9999\u5885\u00b7\u6735\u62c9Fra.Villa Dora\u5e84\u56ed", "order_time": ["2019-01-08 23:33:05"], "total_order": 1, "hotel_value": ["4.7"], "hotel_price": ["246"]}, "483805": {"hotel_name": "\u53a6\u95e8\u6ee8\u5317\u9890\u8c6a\u9152\u5e97", "order_time": ["2019-01-08 23:34:56"], "total_order": 1, "hotel_value": ["4.8"], "hotel_price": ["458"]}, "22942501": {"hotel_name": "\u53a6\u95e8\u73f5\u7f8e\u6d77\u5cb8\u9152\u5e97", "order_time": ["2019-01-08 23:34:57"], "total_order": 1, "hotel_value": ["4.7"], "hotel_price": ["660"]}, "6246815": {"hotel_name": "\u6c49\u5ead\u9152\u5e97(\u53a6\u95e8\u4e2d\u5c71\u8def\u6b65\u884c\u8857\u5927\u540c\u8def\u5e97)", "order_time": ["2019-01-08 23:34:58"], "total_order": 1, "hotel_value": ["4.4"], "hotel_price": ["172"]}, "11164973": {"hotel_name": "\u53a6\u95e8\u8317\u00b7\u7d20hotel(\u539f\u827a\u5bbf\u5bb6hotel)", "order_time": ["2019-01-08 23:34:58"], "total_order": 1, "hotel_value": ["4.7"], "hotel_price": ["93"]}, "346264": {"hotel_name": "\u53a6\u95e8\u827e\u7f8e\u9152\u5e97", "order_time": ["2019-01-08 23:34:58"], "total_order": 1, "hotel_value": ["4.7"], "hotel_price": ["685"]}, "4439579": {"hotel_name": "\u524d\u7530\u6e7e\u7cbe\u54c1\u5ba2\u6808(\u53a6\u95e8\u66fe\u539d\u57b5\u5e97)", "order_time": ["2019-01-08 23:34:58"], "total_order": 1, "hotel_value": ["4.7"], "hotel_price": ["86"]}, "2301312": {"hotel_name": "\u57ce\u5e02\u4fbf\u6377\u9152\u5e97(\u53a6\u95e8\u79be\u7965\u897f\u8def\u5e97)", "order_time": ["2019-01-08 23:35:01"], "total_order": 1, "hotel_value": ["4.3"], "hotel_price": ["150"]}, "2647644": {"hotel_name": "\u53a6\u5927\u6587\u5fc3\u9601\u522b\u5885\u5ea6\u5047\u5c4b(\u53a6\u95e8\u66fe\u539d\u57b5\u5e97)", "order_time": ["2019-01-08 23:35:27"], "total_order": 1, "hotel_value": ["5.0"], "hotel_price": ["33"]}, "1504688": {"hotel_name": "\u53a6\u95e8\u4e1c\u65b9\u540d\u6bbf\u9152\u5e97", "order_time": ["2019-01-08 23:35:34"], "total_order": 1, "hotel_value": ["4.0"], "hotel_price": ["337"]}, "700179": {"hotel_name": "\u6cca\u65c5\u65f6\u5c1a\u9152\u5e97(\u53a6\u95e8\u4f1a\u5c55\u4e2d\u5fc3\u5e97)", "order_time": ["2019-01-08 23:36:59"], "total_order": 1, "hotel_value": ["4.0"], "hotel_price": ["182"]}, "4629287": {"hotel_name": "\u53a6\u95e8\u6d77\u897f\u6d77\u8fb9\u5ea6\u5047\u5ba2\u6808", "order_time": ["2019-01-08 23:36:59"], "total_order": 1, "hotel_value": ["4.8"], "hotel_price": ["132"]}, "708157": {"hotel_name": "\u53a6\u95e8\u76f8\u7ea6\u5ba2\u6808(\u6d77\u666f\u5e97)", "order_time": ["2019-01-08 23:36:59"], "total_order": 1, "hotel_value": ["4.9"], "hotel_price": ["123"]}, "1405922": {"hotel_name": "\u53a6\u95e8\u5174\u8363\u4e91\u5c45\u9152\u5e97", "order_time": ["2019-01-08 23:37:00"], "total_order": 1, "hotel_value": ["4.1"], "hotel_price": ["368"]}, "6118404": {"hotel_name": "\u98de\u5bbf\u8fde\u9501\u53a6\u95e8\u9f13\u6d6a\u5c7f\u767d\u9732\u5e84\u56ed", "order_time": ["2019-01-08 23:37:00"], "total_order": 1, "hotel_value": ["4.8"], "hotel_price": ["229"]}, "2303682": {"hotel_name": "\u53a6\u95e8\u9f13\u6d6a\u5c7f\u65ee\u65ef\u5c0f\u5c4b", "order_time": ["2019-01-08 23:37:03"], "total_order": 1, "hotel_value": ["4.4"], "hotel_price": ["107"]}, "5980198": {"hotel_name": "\u53a6\u95e8\u66fe\u539d\u57b5\u60a6\u5c45\u5ba2\u6808", "order_time": ["2019-01-08 23:37:03"], "total_order": 1, "hotel_value": ["4.6"], "hotel_price": ["101"]}, "2600928": {"hotel_name": "\u5fc3\u8fdc\u9152\u5e97(\u53a6\u95e8\u674f\u6797\u5e97)", "order_time": ["2019-01-08 23:37:03"], "total_order": 1, "hotel_value": ["4.4"], "hotel_price": ["139"]}, "26485840": {"hotel_name": "\u53a6\u95e8\u5317\u7ad9\u9999\u69ad\u5170\u5fb7\u7cbe\u54c1\u6c11\u5bbf", "order_time": ["2019-01-08 23:37:10"], "total_order": 1, "hotel_value": ["5.0"], "hotel_price": ["73"]}, "1010492": {"hotel_name": "\u53a6\u95e8\u55bb\u8272\u5ea6\u5047\u522b\u82d1", "order_time": ["2019-01-08 23:37:16"], "total_order": 1, "hotel_value": ["4.9"], "hotel_price": ["170"]}}}