{"\u5f00\u59cb\u8bb0\u5f55\u65f6\u95f4": "2019-01-06 18:57:57", "\u7ed3\u675f\u8bb0\u5f55\u65f6\u95f4": "2019-01-06 19:57:57", "\u8ba2\u5355\u603b\u589e\u91cf": 319, "item": {"2624108": {"hotel_name": "\u53a6\u95e8\u5e0c\u5c14\u987f\u9038\u6797\u9152\u5e97", "order_time": ["2019-01-06 19:00:04"], "total_order": 1, "hotel_value": ["4.7"], "hotel_price": ["595"]}, "431557": {"hotel_name": "\u901f8\u9152\u5e97(\u53a6\u95e8\u4e2d\u5c71\u8def\u8f6e\u6e21\u5e97)", "order_time": ["2019-01-06 19:00:04"], "total_order": 1, "hotel_value": ["4.4"], "hotel_price": ["130"]}, "23623292": {"hotel_name": "\u53a6\u95e8\u4e09\u4e2a\u53a6\u5927\u4eba\u4e0e\u521d\u6c11\u5bbf", "order_time": ["2019-01-06 19:00:04"], "total_order": 1, "hotel_value": ["4.9"], "hotel_price": ["793"]}, "26557640": {"hotel_name": "\u53a6\u95e8\u66fc\u4e3d\u5609\u5ea6\u5047\u522b\u5885", "order_time": ["2019-01-06 19:00:04"], "total_order": 1, "hotel_value": ["5.0"], "hotel_price": ["148"]}, "375295": {"hotel_name": "\u53a6\u95e8\u7fd4\u9e6d\u56fd\u9645\u5927\u9152\u5e97", "order_time": ["2019-01-06 19:00:04", "2019-01-06 19:04:03"], "total_order": 2, "hotel_value": ["4.4", "4.4"], "hotel_price": ["299", "299"]}, "419537": {"hotel_name": "\u53a6\u95e8\u822a\u7a7a\u91d1\u96c1\u9152\u5e97", "order_time": ["2019-01-06 19:00:04", "2019-01-06 19:08:03", "2019-01-06 19:22:02"], "total_order": 3, "hotel_value": ["4.9", "4.9", "4.9"], "hotel_price": ["658", "658", "658"]}, "2492767": {"hotel_name": "\u53a6\u95e8\u9999\u514b\u65af\u9152\u5e97", "order_time": ["2019-01-06 19:00:05"], "total_order": 1, "hotel_value": ["4.7"], "hotel_price": ["157"]}, "419881": {"hotel_name": "\u6700\u4f73\u897f\u65b9\u53a6\u95e8\u5b8f\u90fd\u9152\u5e97", "order_time": ["2019-01-06 19:00:05"], "total_order": 1, "hotel_value": ["4.8"], "hotel_price": ["598"]}, "5924369": {"hotel_name": "\u53a6\u95e8\u6f58\u591a\u62c9\u57ce\u5821\u5e84\u56ed", "order_time": ["2019-01-06 19:00:05"], "total_order": 1, "hotel_value": ["4.9"], "hotel_price": ["189"]}, "4645488": {"hotel_name": "\u53a6\u95e8\u4f1f\u4f26\u4e3b\u9898\u522b\u5885\u5ba2\u6808", "order_time": ["2019-01-06 19:00:05"], "total_order": 1, "hotel_value": ["4.5"], "hotel_price": ["93"]}, "2539706": {"hotel_name": "\u53a6\u95e8\u56db\u6d77\u4e4b\u661f\u9152\u5e97", "order_time": ["2019-01-06 19:04:03", "2019-01-06 19:00:05"], "total_order": 2, "hotel_value": ["4.2", "4.2"], "hotel_price": ["173", "173"]}, "397577": {"hotel_name": "\u53a6\u95e8\u5b9d\u9f99\u94c2\u5c14\u66fc\u5927\u9152\u5e97", "order_time": ["2019-01-06 19:44:03", "2019-01-06 19:56:04", "2019-01-06 19:00:05"], "total_order": 3, "hotel_value": ["4.7", "4.7", "4.7"], "hotel_price": ["637", "637", "637"]}, "1916535": {"hotel_name": "\u4ebf\u5b9d\u9152\u5e97(\u53a6\u95e8\u706b\u8f66\u7ad9\u5e97)", "order_time": ["2019-01-06 19:00:05"], "total_order": 1, "hotel_value": ["4.3"], "hotel_price": ["173"]}, "479354": {"hotel_name": "\u5bb6\u548c\u6625\u5929\u7cbe\u54c1\u9152\u5e97(\u53a6\u95e8\u673a\u573a\u5e97)", "order_time": ["2019-01-06 19:02:02"], "total_order": 1, "hotel_value": ["4.5"], "hotel_price": ["196"]}, "19853957": {"hotel_name": "\u9038\u6cca\u5b87\u516c\u5bd3(\u53a6\u95e8\u673a\u573a\u5e97)", "order_time": ["2019-01-06 19:02:02"], "total_order": 1, "hotel_value": ["4.6"], "hotel_price": ["122"]}, "1405990": {"hotel_name": "\u901f8\u9152\u5e97(\u53a6\u95e8\u706b\u8f66\u7ad9\u5e97)", "order_time": ["2019-01-06 19:02:03"], "total_order": 1, "hotel_value": ["4.3"], "hotel_price": ["145"]}, "2331007": {"hotel_name": "\u781a\u6d77\u9152\u5e97(\u53a6\u95e8\u4f1a\u5c55\u89c2\u97f3\u5c71\u5e97)", "order_time": ["2019-01-06 19:02:03"], "total_order": 1, "hotel_value": ["4.3"], "hotel_price": ["350"]}, "432094": {"hotel_name": "\u53a6\u95e8\u7f8e\u4ed1\u65b9\u4e4b\u7f18\u9152\u5e97", "order_time": ["2019-01-06 19:02:03"], "total_order": 1, "hotel_value": ["4.7"], "hotel_price": ["188"]}, "436708": {"hotel_name": "\u53a6\u95e8\u91d1\u540e\u9152\u5e97", "order_time": ["2019-01-06 19:02:03"], "total_order": 1, "hotel_value": ["4.6"], "hotel_price": ["219"]}, "2363786": {"hotel_name": "\u4e00\u683c\u00b7\u5de2\u5bbf(\u53a6\u95e8\u66fe\u539d\u57b5\u5e97)", "order_time": ["2019-01-06 19:08:04", "2019-01-06 19:02:03"], "total_order": 2, "hotel_value": ["4.9", "4.9"], "hotel_price": ["154", "154"]}, "2304549": {"hotel_name": "99\u65c5\u9986\u8fde\u9501(\u53a6\u95e8SM\u4e4c\u77f3\u6d66\u5730\u94c1\u7ad9\u5e97)", "order_time": ["2019-01-06 19:02:03"], "total_order": 1, "hotel_value": ["4.1"], "hotel_price": ["112"]}, "1591342": {"hotel_name": "\u53a6\u95e8\u6d77\u4e4b\u60c5\u6d77\u666f\u5ba2\u6808(\u539f\u6d77\u4e4b\u60c5\u4e34\u6d77\u5ba2\u6808)", "order_time": ["2019-01-06 19:02:04"], "total_order": 1, "hotel_value": ["4.1"], "hotel_price": ["143"]}, "6118404": {"hotel_name": "\u98de\u5bbf\u8fde\u9501\u53a6\u95e8\u9f13\u6d6a\u5c7f\u767d\u9732\u5e84\u56ed", "order_time": ["2019-01-06 19:02:04"], "total_order": 1, "hotel_value": ["4.8"], "hotel_price": ["341"]}, "22817797": {"hotel_name": "\u53a6\u95e8SM\u57ce\u5e02\u5e7f\u573a\u5e0c\u5c14\u987f\u6b22\u670b\u9152\u5e97", "order_time": ["2019-01-06 19:14:05", "2019-01-06 19:04:02"], "total_order": 2, "hotel_value": ["4.5", "4.5"], "hotel_price": ["482", "482"]}, "2298925": {"hotel_name": "\u53a6\u95e8\u7d2b\u91d1\u5bbe\u9986", "order_time": ["2019-01-06 19:04:03"], "total_order": 1, "hotel_value": ["4.2"], "hotel_price": ["267"]}, "5806184": {"hotel_name": "\u9177\u6d3e\u9152\u5e97(\u53a6\u95e8\u706b\u8f66\u7ad9\u68a7\u6751\u6c7d\u8f66\u7ad9\u5e97)", "order_time": ["2019-01-06 19:04:03"], "total_order": 1, "hotel_value": ["4.3"], "hotel_price": ["113"]}, "4439627": {"hotel_name": "\u53a6\u95e8\u5df4\u6e1d\u5c9b\u5ea6\u5047\u522b\u5885", "order_time": ["2019-01-06 19:04:03"], "total_order": 1, "hotel_value": ["4.8"], "hotel_price": ["126"]}, "1214196": {"hotel_name": "\u7f57\u9a6c\u5047\u65e5\u9152\u5e97(\u53a6\u95e8\u7fd4\u5b89\u5e97)", "order_time": ["2019-01-06 19:04:04"], "total_order": 1, "hotel_value": ["4.2"], "hotel_price": ["179"]}, "4606388": {"hotel_name": "\u53a6\u95e8\u6d77\u5c1a\u98ce\u60c5\u5ba2\u6808", "order_time": ["2019-01-06 19:04:04"], "total_order": 1, "hotel_value": ["4.9"], "hotel_price": ["69"]}, "2309440": {"hotel_name": "\u6613\u4f70\u8fde\u9501\u65c5\u5e97(\u53a6\u95e8\u6c5f\u5934\u540e\u57d4\u5e97)", "order_time": ["2019-01-06 19:04:05"], "total_order": 1, "hotel_value": ["3.3"], "hotel_price": ["98"]}, "2937051": {"hotel_name": "\u53a6\u95e8\u9047\u7f8e\u00b7\u6cca\u5c7f\u6d77\u6e7e\u5ea6\u5047\u522b\u5885", "order_time": ["2019-01-06 19:06:03"], "total_order": 1, "hotel_value": ["4.7"], "hotel_price": ["268"]}, "12256910": {"hotel_name": "\u53a6\u95e8\u82b1\u9752\u5bbf\u534a\u5c71\u82b1\u56ed\u7cbe\u54c1\u5ba2\u6808", "order_time": ["2019-01-06 19:06:03"], "total_order": 1, "hotel_value": ["4.9"], "hotel_price": ["151"]}, "346264": {"hotel_name": "\u53a6\u95e8\u827e\u7f8e\u9152\u5e97", "order_time": ["2019-01-06 19:06:03"], "total_order": 1, "hotel_value": ["4.7"], "hotel_price": ["598"]}, "425692": {"hotel_name": "\u53a6\u95e8\u6d77\u60a6\u5c71\u5e84\u9152\u5e97", "order_time": ["2019-01-06 19:46:05", "2019-01-06 19:06:04", "2019-01-06 19:12:04"], "total_order": 3, "hotel_value": ["4.8", "4.8", "4.8"], "hotel_price": ["882", "882", "882"]}, "467592": {"hotel_name": "\u53a6\u95e8\u7f8e\u4ed1\u91d1\u60a6\u9152\u5e97", "order_time": ["2019-01-06 19:14:05", "2019-01-06 19:06:04"], "total_order": 2, "hotel_value": ["4.7", "4.7"], "hotel_price": ["178", "178"]}, "6247525": {"hotel_name": "\u53a6\u95e8\u96c6\u7f8e\u5927\u5b66\u4e9a\u6735\u9152\u5e97(\u539f\u96c6\u5927\u5bbe\u9986)", "order_time": ["2019-01-06 19:06:04"], "total_order": 1, "hotel_value": ["4.9"], "hotel_price": ["385"]}, "1406188": {"hotel_name": "\u53a6\u95e8\u6b23\u4e91\u5cf0\u9152\u5e97", "order_time": ["2019-01-06 19:06:04"], "total_order": 1, "hotel_value": ["3.8"], "hotel_price": ["141"]}, "2214161": {"hotel_name": "\u6d6a\u6f2b\u90fd\u5e02\u8fde\u9501\u9152\u5e97(\u53a6\u95e8SM\u4eca\u53f6\u5e97)", "order_time": ["2019-01-06 19:06:04"], "total_order": 1, "hotel_value": ["4.6"], "hotel_price": ["102"]}, "26576625": {"hotel_name": "\u53a6\u95e8\u4e3d\u90fd\u516c\u5bd3", "order_time": ["2019-01-06 19:06:05"], "total_order": 1, "hotel_value": ["4.8"], "hotel_price": ["125"]}, "1926681": {"hotel_name": "\u53a6\u95e8\u5eb7\u6052\u5efa\u7fa4\u9152\u5e97", "order_time": ["2019-01-06 19:06:05"], "total_order": 1, "hotel_value": ["3.5"], "hotel_price": ["108"]}, "2298734": {"hotel_name": "\u9526\u6c5f\u4e4b\u661f(\u53a6\u95e8\u96c6\u7f8e\u5b66\u6751\u5e97)", "order_time": ["2019-01-06 19:06:05"], "total_order": 1, "hotel_value": ["4.4"], "hotel_price": ["152"]}, "4500653": {"hotel_name": "\u53a6\u95e8\u5d69\u666f\u6c11\u5bbf", "order_time": ["2019-01-06 19:06:06"], "total_order": 1, "hotel_value": ["4.3"], "hotel_price": ["118"]}, "6247683": {"hotel_name": "\u53a6\u95e8\u96c6\u7f8e\u5e73\u5b89\u5ba2\u6808", "order_time": ["2019-01-06 19:06:06"], "total_order": 1, "hotel_value": [0], "hotel_price": ["63"]}, "27833083": {"hotel_name": "\u53a6\u95e8\u968f\u5fc3\u9601\u516c\u5bd3", "order_time": ["2019-01-06 19:14:04", "2019-01-06 19:24:04", "2019-01-06 19:08:03", "2019-01-06 19:46:06"], "total_order": 4, "hotel_value": ["4.8", "4.8", "4.8", "4.8"], "hotel_price": ["143", "143", "143", "143"]}, "428660": {"hotel_name": "\u53a6\u95e8\u9890\u749f\u82b1\u56ed\u9152\u5e97(\u539f\u65b0\u52a0\u5761\u9152\u5e97)", "order_time": ["2019-01-06 19:44:03", "2019-01-06 19:22:03", "2019-01-06 19:08:04"], "total_order": 3, "hotel_value": ["4.6", "4.6", "4.6"], "hotel_price": ["158", "158", "158"]}, "4614168": {"hotel_name": "\u53a6\u95e8\u7b2c\u4e00\u6e2f\u5ea6\u5047\u522b\u5885", "order_time": ["2019-01-06 19:08:04"], "total_order": 1, "hotel_value": ["4.6"], "hotel_price": ["81"]}, "27273749": {"hotel_name": "\u9f13\u6d6a\u5c7f\u82b1\u5ead\u00b7\u534a\u590f\u65c5\u9986", "order_time": ["2019-01-06 19:08:04"], "total_order": 1, "hotel_value": ["4.9"], "hotel_price": ["262"]}, "890106": {"hotel_name": "\u53a6\u95e8\u4e3d\u65af\u6d77\u666f\u9152\u5e97", "order_time": ["2019-01-06 19:08:05"], "total_order": 1, "hotel_value": ["4.7"], "hotel_price": ["278"]}, "6477755": {"hotel_name": "\u53a6\u95e8\u9f13\u6d6a\u5c7f\u8336\u8bed\u65f6\u5149\u94a2\u7434\u65c5\u9986", "order_time": ["2019-01-06 19:34:03", "2019-01-06 19:10:04"], "total_order": 2, "hotel_value": ["4.7", "4.7"], "hotel_price": ["72", "72"]}, "453231": {"hotel_name": "\u745e\u820d\u9152\u5e97(\u53a6\u95e8\u4e2d\u5c71\u8def\u6597\u897f\u5e97)(\u539f\u597d\u53cb\u6c47\u5546\u52a1\u9152\u5e97)", "order_time": ["2019-01-06 19:10:04"], "total_order": 1, "hotel_value": ["4.8"], "hotel_price": ["219"]}, "448663": {"hotel_name": "\u53a6\u95e8\u60a6\u534e\u9152\u5e97", "order_time": ["2019-01-06 19:10:05", "2019-01-06 19:46:05"], "total_order": 2, "hotel_value": ["4.8", "4.8"], "hotel_price": ["499", "499"]}, "1473703": {"hotel_name": "\u53a6\u95e8LOFT\u56fd\u9645\u9752\u5e74\u65c5\u820d", "order_time": ["2019-01-06 19:10:05"], "total_order": 1, "hotel_value": ["4.6"], "hotel_price": ["35"]}, "2000401": {"hotel_name": "\u5586\u5561\u9152\u5e97(\u53a6\u95e8\u9f13\u6d6a\u5c7f\u4e2d\u5c71\u8def\u7b2c\u4e00\u7801\u5934\u5e97)", "order_time": ["2019-01-06 19:10:05"], "total_order": 1, "hotel_value": ["4.7"], "hotel_price": ["210"]}, "790389": {"hotel_name": "\u53a6\u95e8\u65f6\u4ee3\u96c5\u5c45\u9152\u5e97", "order_time": ["2019-01-06 19:10:05", "2019-01-06 19:16:04"], "total_order": 2, "hotel_value": ["4.6", "4.6"], "hotel_price": ["169", "169"]}, "1389209": {"hotel_name": "\u9526\u6c5f\u4e4b\u661f\u54c1\u5c1a(\u53a6\u95e8\u96c6\u7f8e\u5927\u5b66\u56fd\u8d38\u5e97)", "order_time": ["2019-01-06 19:10:05"], "total_order": 1, "hotel_value": ["4.6"], "hotel_price": ["191"]}, "5073003": {"hotel_name": "\u53a6\u95e8\u4e07\u8fbe\u60a6\u57ce\u9152\u5e97\u516c\u5bd3", "order_time": ["2019-01-06 19:10:05"], "total_order": 1, "hotel_value": ["4.5"], "hotel_price": ["178"]}, "9118583": {"hotel_name": "\u53a6\u95e8\u9999\u683c\u91cc\u62c9\u5927\u9152\u5e97", "order_time": ["2019-01-06 19:10:05"], "total_order": 1, "hotel_value": ["4.7"], "hotel_price": ["932"]}, "2382631": {"hotel_name": "\u53a6\u95e8\u6e56\u8fb9\u5c0f\u5c45\u516c\u5bd3", "order_time": ["2019-01-06 19:10:06"], "total_order": 1, "hotel_value": ["4.3"], "hotel_price": ["80"]}, "5248612": {"hotel_name": "\u53a6\u95e8\u66fe\u539d\u57b5\u884c\u4e91\u5ba2\u6808", "order_time": ["2019-01-06 19:10:06"], "total_order": 1, "hotel_value": ["5.0"], "hotel_price": ["111"]}, "2298885": {"hotel_name": "\u53a6\u95e8\u9f13\u6d6a\u5c7f\u6d77\u534e\u5ea6\u5047\u5c4b", "order_time": ["2019-01-06 19:10:06", "2019-01-06 19:28:07"], "total_order": 2, "hotel_value": ["5.0", "5.0"], "hotel_price": ["225", "225"]}, "1466355": {"hotel_name": "\u53a6\u95e8\u524d\u7530\u9752\u5e74\u65c5\u820d", "order_time": ["2019-01-06 19:10:07"], "total_order": 1, "hotel_value": ["4.0"], "hotel_price": ["41"]}, "1318117": {"hotel_name": "\u53a6\u95e8\u5bb8\u6b23\u5982\u610f\u5ba2\u623f", "order_time": ["2019-01-06 19:10:07"], "total_order": 1, "hotel_value": ["4.6"], "hotel_price": ["128"]}, "6085631": {"hotel_name": "\u53a6\u95e8\u5bb8\u6d32\u6d32\u9645\u9152\u5e97", "order_time": ["2019-01-06 19:10:07", "2019-01-06 19:26:04"], "total_order": 2, "hotel_value": ["4.7", "4.7"], "hotel_price": ["1044", "1044"]}, "4398643": {"hotel_name": "\u53a6\u95e8\u8fde\u987a\u516c\u5bd3", "order_time": ["2019-01-06 19:10:07"], "total_order": 1, "hotel_value": ["4.7"], "hotel_price": ["72"]}, "10201435": {"hotel_name": "\u53a6\u95e8\u4f70\u7fd4\u4e94\u901a\u9152\u5e97", "order_time": ["2019-01-06 19:34:03", "2019-01-06 19:46:10", "2019-01-06 19:12:04"], "total_order": 3, "hotel_value": ["4.7", "4.7", "4.7"], "hotel_price": ["609", "609", "609"]}, "346248": {"hotel_name": "\u53a6\u95e8\u6cf0\u8c37\u9152\u5e97", "order_time": ["2019-01-06 19:12:04", "2019-01-06 19:30:04"], "total_order": 2, "hotel_value": ["4.7", "4.7"], "hotel_price": ["398", "398"]}, "428893": {"hotel_name": "\u53a6\u95e8\u5bbe\u9986", "order_time": ["2019-01-06 19:12:04"], "total_order": 1, "hotel_value": ["4.8"], "hotel_price": ["394"]}, "473274": {"hotel_name": "\u53a6\u95e8\u65e5\u4e1c\u82b1\u56ed\u9152\u5e97(\u81ea\u9a7e\u8f66\u4e3b\u9898\u9152\u5e97)", "order_time": ["2019-01-06 19:12:04"], "total_order": 1, "hotel_value": ["4.5"], "hotel_price": ["280"]}, "457612": {"hotel_name": "\u53a6\u95e8\u4e94\u7f18\u6c34\u4e61\u9152\u5e97", "order_time": ["2019-01-06 19:12:04"], "total_order": 1, "hotel_value": ["4.9"], "hotel_price": ["707"]}, "11406968": {"hotel_name": "\u53a6\u95e8\u6c34\u4e91\u95f4\u6c11\u5bbf(\u539f\u5357\u56fd\u89c2\u6d77\u5c45)", "order_time": ["2019-01-06 19:12:04"], "total_order": 1, "hotel_value": ["4.9"], "hotel_price": ["173"]}, "447297": {"hotel_name": "\u53a6\u95e8\u660e\u53d1\u56fd\u9645\u5927\u9152\u5e97", "order_time": ["2019-01-06 19:12:04"], "total_order": 1, "hotel_value": ["4.6"], "hotel_price": ["478"]}, "12522024": {"hotel_name": "\u53a6\u95e8\u5927\u5b66\u5fc3\u65c5\u6d77\u666f\u9152\u5e97\u5f0f\u516c\u5bd3(\u539f\u4e16\u8302\u53cc\u5b50\u5854\u53a6\u5927\u6d77\u666f\u9152\u5e97)", "order_time": ["2019-01-06 19:12:04"], "total_order": 1, "hotel_value": ["4.6"], "hotel_price": ["394"]}, "1883002": {"hotel_name": "\u5982\u5bb6\u5feb\u6377\u9152\u5e97(\u53a6\u95e8\u4f1a\u5c55\u4e2d\u5fc3\u89c2\u97f3\u5c71\u6d77\u666f\u5e97)(\u539f\u73af\u5c9b\u8def\u89c2\u97f3\u5c71\u4f1a\u5c55\u6d77\u666f\u5e97)", "order_time": ["2019-01-06 19:12:05"], "total_order": 1, "hotel_value": ["4.4"], "hotel_price": ["147"]}, "2042480": {"hotel_name": "7\u5929\u8fde\u9501\u9152\u5e97(\u53a6\u95e8\u9f13\u6d6a\u5c7f\u7801\u5934\u5e97)", "order_time": ["2019-01-06 19:12:05"], "total_order": 1, "hotel_value": ["4.0"], "hotel_price": ["135"]}, "2301832": {"hotel_name": "7\u5929\u8fde\u9501\u9152\u5e97(\u53a6\u95e8\u4e2d\u5c71\u8def\u8f6e\u6e21\u5e97)", "order_time": ["2019-01-06 19:12:05"], "total_order": 1, "hotel_value": ["4.2"], "hotel_price": ["120"]}, "4444481": {"hotel_name": "\u4f60\u597d\u53a6\u95e8\u667a\u80fd\u5bb6\u5ead\u65c5\u9986(\u4e2d\u5c71\u8def\u5e97)(\u539f\u5de6\u53f3\u5496\u5561\u65c5\u9986)", "order_time": ["2019-01-06 19:12:05"], "total_order": 1, "hotel_value": ["4.7"], "hotel_price": ["172"]}, "4424281": {"hotel_name": "\u53a6\u95e8\u6f58\u6735\u62c9\u6d77\u666f\u82d1\u5ba2\u6808(\u539f\u84dd\u8272\u5c0f\u5c4b\u5ba2\u6808)", "order_time": ["2019-01-06 19:12:06"], "total_order": 1, "hotel_value": ["4.9"], "hotel_price": ["108"]}, "5982442": {"hotel_name": "\u53a6\u95e8\u52aa\u52aa\u9752\u5e74\u65c5\u820d", "order_time": ["2019-01-06 19:12:06"], "total_order": 1, "hotel_value": ["4.7"], "hotel_price": ["52"]}, "2361567": {"hotel_name": "\u53a6\u95e8\u6234\u65af\u6c40\u9152\u5e97", "order_time": ["2019-01-06 19:12:06"], "total_order": 1, "hotel_value": ["3.8"], "hotel_price": ["126"]}, "6284436": {"hotel_name": "\u53a6\u95e8\u4eb2\u5bb6\u56ed\u516c\u5bd3", "order_time": ["2019-01-06 19:12:06"], "total_order": 1, "hotel_value": ["4.3"], "hotel_price": ["79"]}, "26622348": {"hotel_name": "\u56db\u5b63\u516c\u5bd3\u673a\u573a\u5e97(\u9ad8\u5d0e\u5357\u4e94\u8def\u5206\u5e97)", "order_time": ["2019-01-06 19:12:06"], "total_order": 1, "hotel_value": [0], "hotel_price": ["121"]}, "6476538": {"hotel_name": "\u53a6\u95e8\u5982\u5609\u5bbe\u9986", "order_time": ["2019-01-06 19:12:06"], "total_order": 1, "hotel_value": ["4.6"], "hotel_price": ["126"]}, "1349924": {"hotel_name": "\u53a6\u95e8\u946b\u8f69\u54f2\u9152\u5e97", "order_time": ["2019-01-06 19:12:06"], "total_order": 1, "hotel_value": ["4.6"], "hotel_price": ["96"]}, "4606077": {"hotel_name": "\u53a6\u95e8\u9f13\u6d6a\u5c7f\u99a8\u6d77\u9a7f\u5ba2\u6808", "order_time": ["2019-01-06 19:12:06"], "total_order": 1, "hotel_value": ["4.9"], "hotel_price": ["219"]}, "6516890": {"hotel_name": "\u5168\u5b63\u9152\u5e97(\u53a6\u95e8SM\u5e7f\u573a\u677e\u67cf\u5e97)", "order_time": ["2019-01-06 19:14:03"], "total_order": 1, "hotel_value": ["4.8"], "hotel_price": ["379"]}, "15878927": {"hotel_name": "\u53a6\u95e8\u5929\u5408\u4eba\u5bb6\u516c\u5bd3", "order_time": ["2019-01-06 19:14:03"], "total_order": 1, "hotel_value": ["4.8"], "hotel_price": ["110"]}, "445258": {"hotel_name": "\u5982\u662f\u9152\u5e97(\u53a6\u95e8\u4e3b\u9898\u58f9\u53f7\u5e97)", "order_time": ["2019-01-06 19:14:03"], "total_order": 1, "hotel_value": ["4.8"], "hotel_price": ["257"]}, "12092426": {"hotel_name": "\u53a6\u95e8\u91d1\u5c0f\u59d0\u522b\u9662(\u539f\u9999\u683c\u91cc\u5885\u5ea6\u5047\u5e84\u56ed)", "order_time": ["2019-01-06 19:14:03"], "total_order": 1, "hotel_value": ["4.9"], "hotel_price": ["101"]}, "1245093": {"hotel_name": "\u53a6\u95e8\u8463\u5c0f\u59d0\u6f6e\u6c50\u522b\u5885", "order_time": ["2019-01-06 19:14:04"], "total_order": 1, "hotel_value": ["4.9"], "hotel_price": ["88"]}, "434801": {"hotel_name": "\u53a6\u95e8\u51ef\u88d5\u7f8e\u7235\u9152\u5e97", "order_time": ["2019-01-06 19:14:04"], "total_order": 1, "hotel_value": ["4.5"], "hotel_price": ["559"]}, "2043594": {"hotel_name": "7\u5929\u8fde\u9501\u9152\u5e97(\u53a6\u95e8\u53f0\u6e7e\u8857\u5e97)", "order_time": ["2019-01-06 19:14:04", "2019-01-06 19:26:04", "2019-01-06 19:48:04"], "total_order": 3, "hotel_value": ["4.4", "4.4", "4.4"], "hotel_price": ["134", "134", "134"]}, "2802506": {"hotel_name": "\u82b1\u754c\u9152\u5e97(\u53a6\u95e8\u4e2d\u5c71\u8def\u5e97)(\u539f\u8f6e\u6e21\u5e97\uff09)", "order_time": ["2019-01-06 19:14:04"], "total_order": 1, "hotel_value": ["4.6"], "hotel_price": ["269"]}, "375290": {"hotel_name": "\u53a6\u95e8\u5149\u5927\u9152\u5e97", "order_time": ["2019-01-06 19:14:04"], "total_order": 1, "hotel_value": ["4.4"], "hotel_price": ["217"]}, "22823029": {"hotel_name": "\u53a6\u95e8\u6cf0\u5730\u4e07\u8c6a\u9152\u5e97", "order_time": ["2019-01-06 19:14:04"], "total_order": 1, "hotel_value": ["4.4"], "hotel_price": ["793"]}, "429225": {"hotel_name": "\u53a6\u95e8\u9e6d\u6c5f\u5bbe\u9986", "order_time": ["2019-01-06 19:14:05", "2019-01-06 19:30:04", "2019-01-06 19:32:07", "2019-01-06 19:34:03"], "total_order": 4, "hotel_value": ["4.8", "4.8", "4.8", "4.8"], "hotel_price": ["525", "525", "525", "525"]}, "825894": {"hotel_name": "\u53a6\u95e8\u66fe\u539d\u57b5\u5df4\u6e1d\u5c9bAngel\u6c11\u5bbf", "order_time": ["2019-01-06 19:14:05"], "total_order": 1, "hotel_value": ["4.9"], "hotel_price": ["120"]}, "1780735": {"hotel_name": "\u53a6\u95e8\u85cf\u9a6c\u5ba2\u6808", "order_time": ["2019-01-06 19:14:06"], "total_order": 1, "hotel_value": ["4.9"], "hotel_price": ["130"]}, "1403768": {"hotel_name": "\u53a6\u95e8\u5317\u7ad9\u5ead\u56ed\u5ba2\u6808", "order_time": ["2019-01-06 19:14:06"], "total_order": 1, "hotel_value": ["4.0"], "hotel_price": ["88"]}, "6554578": {"hotel_name": "\u53a6\u95e8\u76db\u6377\u8f6f\u4ef6\u56ed\u670d\u52a1\u516c\u5bd3", "order_time": ["2019-01-06 19:24:05", "2019-01-06 19:16:03"], "total_order": 2, "hotel_value": ["4.6", "4.6"], "hotel_price": ["465", "465"]}, "926626": {"hotel_name": "\u53a6\u95e8\u6885\u56ed\u9152\u5e97", "order_time": ["2019-01-06 19:16:03", "2019-01-06 19:36:02"], "total_order": 2, "hotel_value": ["4.5", "4.5"], "hotel_price": ["199", "199"]}, "7081804": {"hotel_name": "\u53a6\u95e8\u6606\u820d\u8bbe\u8ba1\u9152\u5e97", "order_time": ["2019-01-06 19:16:03"], "total_order": 1, "hotel_value": ["4.8"], "hotel_price": ["780"]}, "429652": {"hotel_name": "\u590f\u5546\u00b7\u6021\u5ead\u5feb\u6377\u9152\u5e97(\u53a6\u95e8\u4e2d\u5c71\u8def\u767d\u5170\u5e97)", "order_time": ["2019-01-06 19:16:03"], "total_order": 1, "hotel_value": ["4.4"], "hotel_price": ["122"]}, "5669929": {"hotel_name": "\u53a6\u95e8\u5341\u91cc\u6d77\u5cb8\u5ea6\u5047\u5c4b", "order_time": ["2019-01-06 19:34:03", "2019-01-06 19:16:03", "2019-01-06 19:52:03", "2019-01-06 19:48:04"], "total_order": 4, "hotel_value": ["4.8", "4.8", "4.8", "4.8"], "hotel_price": ["113", "113", "113", "123"]}, "6950453": {"hotel_name": "\u53a6\u95e8\u6f2b\u57ce\u82b1\u6d77\u5ba2\u6808", "order_time": ["2019-01-06 19:16:03"], "total_order": 1, "hotel_value": ["4.9"], "hotel_price": ["100"]}, "2056377": {"hotel_name": "\u53a6\u95e8\u5929\u4f7f\u6d77\u6e7e\u4f1a\u5c55\u9152\u5e97", "order_time": ["2019-01-06 19:16:04"], "total_order": 1, "hotel_value": ["4.4"], "hotel_price": ["194"]}, "698202": {"hotel_name": "\u548c\u9890\u9152\u5e97(\u53a6\u95e8\u4e2d\u5c71\u8def\u6d77\u666f\u5e97)", "order_time": ["2019-01-06 19:16:04"], "total_order": 1, "hotel_value": ["4.7"], "hotel_price": ["319"]}, "346269": {"hotel_name": "\u53a6\u95e8\u6e90\u660c\u51ef\u5bbe\u65af\u57fa\u5927\u9152\u5e97", "order_time": ["2019-01-06 19:16:04", "2019-01-06 19:48:05"], "total_order": 2, "hotel_value": ["4.7", "4.7"], "hotel_price": ["892", "892"]}, "346260": {"hotel_name": "\u53a6\u95e8\u745e\u9890\u5927\u9152\u5e97", "order_time": ["2019-01-06 19:28:03", "2019-01-06 19:16:04"], "total_order": 2, "hotel_value": ["4.7", "4.7"], "hotel_price": ["799", "799"]}, "346257": {"hotel_name": "\u53a6\u95e8\u6d77\u666f\u5343\u79a7\u5927\u9152\u5e97", "order_time": ["2019-01-06 19:16:04"], "total_order": 1, "hotel_value": ["4.5"], "hotel_price": ["590"]}, "480925": {"hotel_name": "\u53a6\u95e8\u6728\u739b\u65f6\u5c1a\u7cbe\u54c1\u9152\u5e97", "order_time": ["2019-01-06 19:16:04"], "total_order": 1, "hotel_value": ["4.1"], "hotel_price": ["173"]}, "2784822": {"hotel_name": "\u53a6\u95e8\u6613\u5c45\u516c\u5bd3", "order_time": ["2019-01-06 19:16:04"], "total_order": 1, "hotel_value": ["4.3"], "hotel_price": ["73"]}, "1742958": {"hotel_name": "\u53a6\u95e8\u9f13\u6d6a\u5c7f\u68a6\u7f18\u53e4\u539d\u590d\u53e4\u65c5\u9986", "order_time": ["2019-01-06 19:16:05"], "total_order": 1, "hotel_value": ["4.9"], "hotel_price": ["49"]}, "6511790": {"hotel_name": "\u53a6\u95e8\u822a\u5929\u516c\u5bd3\u673a\u573a\u5e97", "order_time": ["2019-01-06 19:16:05"], "total_order": 1, "hotel_value": ["4.5"], "hotel_price": ["103"]}, "1405953": {"hotel_name": "\u53a6\u95e8\u7231\u4e01\u5821\u56fd\u9645\u9152\u5e97(\u539f\u4f1a\u5c55\u4e2d\u5fc3\u7231\u4e01\u5821\u56fd\u9645\u9152\u5e97)", "order_time": ["2019-01-06 19:16:06"], "total_order": 1, "hotel_value": ["4.4"], "hotel_price": ["199"]}, "4041819": {"hotel_name": "\u5bb6\u5bb6\u4e50\u9152\u5e97\uff08\u53a6\u95e8\u4e2d\u5c71\u8def\u6b65\u884c\u8857\u5e97\uff09", "order_time": ["2019-01-06 19:38:03", "2019-01-06 19:18:02"], "total_order": 2, "hotel_value": ["4.4", "4.4"], "hotel_price": ["120", "120"]}, "375297": {"hotel_name": "\u53a6\u95e8\u9a6c\u54e5\u5b5b\u7f57\u4e1c\u65b9\u5927\u9152\u5e97", "order_time": ["2019-01-06 19:18:03"], "total_order": 1, "hotel_value": ["4.6"], "hotel_price": ["599"]}, "6973720": {"hotel_name": "\u82b1\u7b51\u00b7\u9f13\u6d6a\u5c7f\u6d77\u97f5\u82b1\u56ed\u5ba2\u6808", "order_time": ["2019-01-06 19:18:03"], "total_order": 1, "hotel_value": ["4.8"], "hotel_price": ["249"]}, "6470572": {"hotel_name": "\u53a6\u95e8\u6709\u95f4\u623f\u5b50\u8bbe\u8ba1\u5e08\u6c11\u5bbf", "order_time": ["2019-01-06 19:18:03"], "total_order": 1, "hotel_value": ["4.6"], "hotel_price": ["203"]}, "5467669": {"hotel_name": "\u53a6\u95e8\u5b9c\u9014\u7cbe\u54c1\u9152\u5e97", "order_time": ["2019-01-06 19:18:03"], "total_order": 1, "hotel_value": ["4.7"], "hotel_price": ["162"]}, "16011608": {"hotel_name": "\u53a6\u95e8\u6f2b\u5c45\u516c\u5bd3", "order_time": ["2019-01-06 19:18:03"], "total_order": 1, "hotel_value": ["4.7"], "hotel_price": ["99"]}, "481034": {"hotel_name": "\u53a6\u95e8\u6f2b\u5fc3\u5ea6\u5047\u5c4b", "order_time": ["2019-01-06 19:18:05"], "total_order": 1, "hotel_value": ["4.9"], "hotel_price": ["98"]}, "18467278": {"hotel_name": "\u53a6\u95e8\u9047\u4e66\u623f\u5ba2\u6808", "order_time": ["2019-01-06 19:18:05"], "total_order": 1, "hotel_value": [0], "hotel_price": ["143"]}, "392629": {"hotel_name": "\u53a6\u95e8\u5e90\u5c71\u5927\u9152\u5e97", "order_time": ["2019-01-06 19:20:04"], "total_order": 1, "hotel_value": ["4.2"], "hotel_price": ["298"]}, "1314936": {"hotel_name": "\u83ab\u6cf0268(\u53a6\u95e8\u706b\u8f66\u7ad9\u5e97)", "order_time": ["2019-01-06 19:20:04"], "total_order": 1, "hotel_value": ["4.3"], "hotel_price": ["130"]}, "533304": {"hotel_name": "\u68a6\u60f3\u5bb6\u7cbe\u54c1\u4e3b\u9898\u9152\u5e97(\u53a6\u95e8SM\u57ce\u5e02\u5e7f\u573a\u5e97)", "order_time": ["2019-01-06 19:20:04"], "total_order": 1, "hotel_value": ["4.2"], "hotel_price": ["178"]}, "2270943": {"hotel_name": "7\u5929\u4f18\u54c1\u9152\u5e97(\u53a6\u95e8\u601d\u660e\u5357\u8def\u53a6\u95e8\u5927\u5b66\u5e97)", "order_time": ["2019-01-06 19:20:04"], "total_order": 1, "hotel_value": ["4.4"], "hotel_price": ["137"]}, "4439579": {"hotel_name": "\u524d\u7530\u6e7e\u7cbe\u54c1\u5ba2\u6808(\u53a6\u95e8\u66fe\u539d\u57b5\u5e97)", "order_time": ["2019-01-06 19:20:05"], "total_order": 1, "hotel_value": ["4.7"], "hotel_price": ["86"]}, "1775387": {"hotel_name": "\u53a6\u95e8\u5e38\u9752\u9152\u5e97", "order_time": ["2019-01-06 19:20:05"], "total_order": 1, "hotel_value": ["4.7"], "hotel_price": ["104"]}, "3716537": {"hotel_name": "\u9752\u6728\u7cbe\u54c1\u516c\u5bd3(\u53a6\u95e8\u4e94\u7f18\u6e7e\u5e97)", "order_time": ["2019-01-06 19:20:05", "2019-01-06 19:50:03", "2019-01-06 19:26:04", "2019-01-06 19:48:04"], "total_order": 4, "hotel_value": ["4.7", "4.7", "4.7", "4.7"], "hotel_price": ["172", "172", "172", "172"]}, "2297831": {"hotel_name": "\u5168\u5b63\u9152\u5e97(\u53a6\u95e8\u4e2d\u5c71\u8def\u6b65\u884c\u8857\u5e97)", "order_time": ["2019-01-06 19:22:02"], "total_order": 1, "hotel_value": ["4.8"], "hotel_price": ["307"]}, "1808673": {"hotel_name": "\u53a6\u95e8\u957f\u57ce\u5bbe\u9986", "order_time": ["2019-01-06 19:22:02"], "total_order": 1, "hotel_value": ["4.5"], "hotel_price": ["326"]}, "1406475": {"hotel_name": "\u53a6\u95e8886\u7cbe\u54c1\u9152\u5e97", "order_time": ["2019-01-06 19:22:03"], "total_order": 1, "hotel_value": ["3.7"], "hotel_price": ["135"]}, "6571121": {"hotel_name": "\u53a6\u95e8\u4e00\u5e2d\u81fb\u54c1\u8f7b\u5962\u9a7f\u7ad9", "order_time": ["2019-01-06 19:22:03"], "total_order": 1, "hotel_value": ["4.9"], "hotel_price": ["160"]}, "6485412": {"hotel_name": "\u53a6\u95e8\u4e94\u7f18\u6e7e\u51ef\u60a6\u9152\u5e97", "order_time": ["2019-01-06 19:22:03", "2019-01-06 19:56:03"], "total_order": 2, "hotel_value": ["4.7", "4.7"], "hotel_price": ["790", "790"]}, "2152633": {"hotel_name": "\u53a6\u95e8\u540c\u5b89\u5bbe\u9986", "order_time": ["2019-01-06 19:22:03"], "total_order": 1, "hotel_value": ["4.1"], "hotel_price": ["148"]}, "6486006": {"hotel_name": "\u53a6\u95e8\u6e56\u6ee8\u9996\u5e9c\u4e16\u8302\u777f\u9009\u9152\u5e97", "order_time": ["2019-01-06 19:22:03"], "total_order": 1, "hotel_value": ["4.6"], "hotel_price": ["296"]}, "467685": {"hotel_name": "\u53a6\u95e8\u767d\u9e6d\u6d32\u5927\u9152\u5e97", "order_time": ["2019-01-06 19:34:03", "2019-01-06 19:22:03"], "total_order": 2, "hotel_value": ["4.2", "4.2"], "hotel_price": ["356", "356"]}, "1938588": {"hotel_name": "\u53a6\u95e8OTS\u8bbe\u8ba1\u578b\u6c11\u5bbf", "order_time": ["2019-01-06 19:22:03"], "total_order": 1, "hotel_value": ["4.8"], "hotel_price": ["216"]}, "2298479": {"hotel_name": "\u6c49\u5ead\u9152\u5e97(\u53a6\u95e8\u540c\u5b89\u73af\u57ce\u5357\u8def\u5e97)", "order_time": ["2019-01-06 19:44:03", "2019-01-06 19:22:03"], "total_order": 2, "hotel_value": ["4.4", "4.4"], "hotel_price": ["156", "156"]}, "6882800": {"hotel_name": "\u53a6\u95e8\u5e02\u601d\u6f6e\u4e3b\u9898\u5ba2\u6808", "order_time": ["2019-01-06 19:22:03"], "total_order": 1, "hotel_value": ["4.6"], "hotel_price": ["92"]}, "5981029": {"hotel_name": "\u53a6\u95e8\u5076\u9047\u5ba2\u6808\u9f13\u6d6a\u5c7f\u5e97", "order_time": ["2019-01-06 19:22:04"], "total_order": 1, "hotel_value": ["4.6"], "hotel_price": ["193"]}, "11682257": {"hotel_name": "\u53a6\u95e8\u4f73\u6e90\u516c\u5bd3\u673a\u573a\u5e97", "order_time": ["2019-01-06 19:22:04"], "total_order": 1, "hotel_value": ["4.9"], "hotel_price": ["87"]}, "4311628": {"hotel_name": "\u65b0\u53cb\u8c0a\u9152\u5e97\u5f0f\u516c\u5bd3(\u53a6\u95e8\u673a\u573a\u5e97)", "order_time": ["2019-01-06 19:22:04"], "total_order": 1, "hotel_value": ["4.3"], "hotel_price": ["118"]}, "5373002": {"hotel_name": "\u6d6a\u6f2b\u90fd\u5e02\u8fde\u9501\u9152\u5e97(\u53a6\u95e8\u4e2d\u5c71\u8def\u5e97)", "order_time": ["2019-01-06 19:22:05"], "total_order": 1, "hotel_value": ["4.5"], "hotel_price": ["92"]}, "4656016": {"hotel_name": "\u53a6\u95e8\u5927\u5b66\u9e6d\u7720\u6d77\u666f\u9152\u5e97\u516c\u5bd3", "order_time": ["2019-01-06 19:24:03"], "total_order": 1, "hotel_value": ["4.7"], "hotel_price": ["340"]}, "1389218": {"hotel_name": "\u53a6\u95e8\u5eb7\u96c5\u9152\u5e97", "order_time": ["2019-01-06 19:24:04"], "total_order": 1, "hotel_value": ["4.5"], "hotel_price": ["152"]}, "428700": {"hotel_name": "\u5982\u5bb6\u5feb\u6377\u9152\u5e97(\u53a6\u95e8\u4e1c\u6e21\u9f13\u6d6a\u5c7f\u7801\u5934\u5e97)(\u539f\u4e1c\u6e21\u90ae\u8f6e\u4e2d\u5fc3\u53a6\u9f13\u7801\u5934\u5e97)", "order_time": ["2019-01-06 19:24:04"], "total_order": 1, "hotel_value": ["4.2"], "hotel_price": ["114"]}, "1565521": {"hotel_name": "\u53a6\u95e8\u82b1\u4e0e\u65f6\u5149\u5ba2\u6808", "order_time": ["2019-01-06 19:24:04"], "total_order": 1, "hotel_value": ["4.9"], "hotel_price": ["88"]}, "1815575": {"hotel_name": "\u53a6\u95e8\u4e00\u54c1\u00b7\u6734\u5bbf(\u539f\u6f2b\u6d77\u5c45\u5ba2\u6808)", "order_time": ["2019-01-06 19:24:04"], "total_order": 1, "hotel_value": ["4.9"], "hotel_price": ["130"]}, "1904327": {"hotel_name": "\u53a6\u95e8\u6e05\u955c\u9152\u5e97", "order_time": ["2019-01-06 19:24:05"], "total_order": 1, "hotel_value": ["3.5"], "hotel_price": ["161"]}, "512888": {"hotel_name": "\u53a6\u95e8\u7fd4\u5b89\u9890\u8c6a\u9152\u5e97", "order_time": ["2019-01-06 19:26:04"], "total_order": 1, "hotel_value": ["4.7"], "hotel_price": ["297"]}, "3178165": {"hotel_name": "\u53a6\u95e8\u68a6\u5e7b\u6d77\u6e7e\u9152\u5e97", "order_time": ["2019-01-06 19:26:04"], "total_order": 1, "hotel_value": ["4.5"], "hotel_price": ["228"]}, "2302833": {"hotel_name": "7\u5929\u8fde\u9501\u9152\u5e97(\u53a6\u95e8\u5317\u7ad9\u96c6\u7f8e\u5927\u5b66\u5e97)", "order_time": ["2019-01-06 19:26:04"], "total_order": 1, "hotel_value": ["4.5"], "hotel_price": ["126"]}, "700170": {"hotel_name": "\u541b\u5e1d\u6e7e\u9152\u5e97(\u53a6\u95e8\u5927\u5b66\u5e97)", "order_time": ["2019-01-06 19:26:04"], "total_order": 1, "hotel_value": ["4.5"], "hotel_price": ["159"]}, "1070340": {"hotel_name": "\u53a6\u95e8\u6162\u751f\u6d3b\u00b7\u897f\u96c5\u56fe\u6d77\u8fb9\u5ea6\u5047\u65c5\u9986", "order_time": ["2019-01-06 19:26:04"], "total_order": 1, "hotel_value": ["4.9"], "hotel_price": ["356"]}, "5028414": {"hotel_name": "\u826f\u5885\u00b7\u6e29\u5ea6\u5ea6\u5047\u522b\u5885(\u53a6\u95e8\u66fe\u539d\u57b5\u5e97)", "order_time": ["2019-01-06 19:26:04"], "total_order": 1, "hotel_value": ["4.9"], "hotel_price": ["122"]}, "5840745": {"hotel_name": "\u53a6\u95e8\u5317\u7ad9\u9752\u9038\u9152\u5e97", "order_time": ["2019-01-06 19:26:04", "2019-01-06 19:54:03"], "total_order": 2, "hotel_value": ["4.3", "4.3"], "hotel_price": ["209", "209"]}, "28525229": {"hotel_name": "\u53a6\u95e8\u96c5\u7434\u4f73\u5c45\u516c\u5bd3", "order_time": ["2019-01-06 19:26:04"], "total_order": 1, "hotel_value": ["5.0"], "hotel_price": ["105"]}, "2074390": {"hotel_name": "\u53a6\u95e8\u5317\u7ad9\u5b89\u6021\u5c45\u5ba2\u6808", "order_time": ["2019-01-06 19:26:05"], "total_order": 1, "hotel_value": ["4.7"], "hotel_price": ["83"]}, "4399158": {"hotel_name": "\u53a6\u95e8\u5ba2\u5bb6\u522b\u9662", "order_time": ["2019-01-06 19:28:03", "2019-01-06 19:26:05"], "total_order": 2, "hotel_value": ["4.8", "4.8"], "hotel_price": ["75", "75"]}, "2362494": {"hotel_name": "\u53a6\u95e8\u701a\u90fd\u5546\u52a1\u5bbe\u9986(\u539f\u96c5\u6cca\u5bbe\u9986)", "order_time": ["2019-01-06 19:26:05"], "total_order": 1, "hotel_value": ["3.8"], "hotel_price": ["150"]}, "1669784": {"hotel_name": "\u541b\u8fbe\u516c\u5bd3(\u53a6\u95e8\u9ad8\u5d0e\u673a\u573a\u5e97)", "order_time": ["2019-01-06 19:26:05"], "total_order": 1, "hotel_value": ["4.4"], "hotel_price": ["115"]}, "898132": {"hotel_name": "\u53a6\u95e8\u4e2d\u5fc3\u667a\u9009\u5047\u65e5\u9152\u5e97", "order_time": ["2019-01-06 19:26:06"], "total_order": 1, "hotel_value": [0], "hotel_price": ["459"]}, "436737": {"hotel_name": "\u53a6\u95e8\u9f13\u6d6a\u5c7f\u60a6\u7cbe\u54c1\u9152\u5e97", "order_time": ["2019-01-06 19:30:05", "2019-01-06 19:48:06", "2019-01-06 19:26:06"], "total_order": 3, "hotel_value": ["4.5", "4.5", "4.5"], "hotel_price": ["126", "126", "126"]}, "484118": {"hotel_name": "\u7f57\u671b\u00b7\u53a6\u95e8\u9f13\u6d6a\u5c7f\u7559\u4e0b\u7cbe\u54c1\u5ba2\u6808", "order_time": ["2019-01-06 19:28:03"], "total_order": 1, "hotel_value": ["4.5"], "hotel_price": ["220"]}, "2299990": {"hotel_name": "\u53a6\u95e8\u60a6\u60a6\u946b\u9152\u5e97", "order_time": ["2019-01-06 19:28:03"], "total_order": 1, "hotel_value": ["4.7"], "hotel_price": ["103"]}, "431965": {"hotel_name": "\u53a6\u95e8\u7f8e\u4ed1\u7693\u6656\u9152\u5e97", "order_time": ["2019-01-06 19:34:03", "2019-01-06 19:28:04"], "total_order": 2, "hotel_value": ["4.7", "4.7"], "hotel_price": ["198", "198"]}, "514344": {"hotel_name": "\u53a6\u95e8\u94c2\u5c14\u6e7e\u9152\u5e97", "order_time": ["2019-01-06 19:30:04", "2019-01-06 19:28:04"], "total_order": 2, "hotel_value": ["4.1", "4.1"], "hotel_price": ["128", "128"]}, "4016834": {"hotel_name": "\u53a6\u95e8\u4e34\u6c34\u6e7e\u5bbe\u9986", "order_time": ["2019-01-06 19:28:04"], "total_order": 1, "hotel_value": ["4.5"], "hotel_price": ["217"]}, "3293024": {"hotel_name": "\u53a6\u95e8\u8239\u5c4b\u8001\u522b\u5885\u5bb6\u5ead\u65c5\u9986", "order_time": ["2019-01-06 19:32:03", "2019-01-06 19:28:04"], "total_order": 2, "hotel_value": ["4.7", "4.7"], "hotel_price": ["163", "163"]}, "4494388": {"hotel_name": "\u9f13\u6d6a\u5c7f\u989c\u5915\u65c5\u9986(\u539f\u7d2b\u6728\u9999\u5c45\u5ba2\u6808)", "order_time": ["2019-01-06 19:28:04"], "total_order": 1, "hotel_value": ["4.7"], "hotel_price": ["163"]}, "8974594": {"hotel_name": "\u53a6\u95e8\u73ba\u4e30\u9152\u5e97", "order_time": ["2019-01-06 19:34:04", "2019-01-06 19:28:04"], "total_order": 2, "hotel_value": ["4.6", "4.6"], "hotel_price": ["224", "224"]}, "11159139": {"hotel_name": "\u53a6\u95e8\u60a6\u6d77\u5c45\u7cbe\u54c1\u6d77\u666f\u5ba2\u6808(\u539f\u4e91\u6d77\u96c5\u820d\u6d77\u666f\u5ba2\u6808)", "order_time": ["2019-01-06 19:28:05"], "total_order": 1, "hotel_value": ["4.8"], "hotel_price": ["41"]}, "823738": {"hotel_name": "\u753b\u5eca\u9152\u5e97(\u9f13\u6d6a\u5c7f\u6545\u9a7f\u6d77\u666f\u5e97)", "order_time": ["2019-01-06 19:28:07"], "total_order": 1, "hotel_value": ["4.9"], "hotel_price": ["268"]}, "1904341": {"hotel_name": "7\u5929\u4f18\u54c1\u9152\u5e97(\u53a6\u95e8\u4e2d\u5c71\u8def\u6b65\u884c\u8857\u5e97)", "order_time": ["2019-01-06 19:30:03", "2019-01-06 19:42:04"], "total_order": 2, "hotel_value": ["4.1", "4.1"], "hotel_price": ["118", "118"]}, "2210292": {"hotel_name": "\u6d6a\u6f2b\u90fd\u5e02\u9152\u5e97\uff08\u53a6\u95e8\u96c6\u7f8e\u674f\u6797\u5e97\uff09", "order_time": ["2019-01-06 19:30:04"], "total_order": 1, "hotel_value": ["4.4"], "hotel_price": ["131"]}, "21624241": {"hotel_name": "\u53a6\u95e8\u5927\u5b66\u5fa1\u820d\u516c\u5bd3", "order_time": ["2019-01-06 19:30:05"], "total_order": 1, "hotel_value": ["4.9"], "hotel_price": ["471"]}, "1371594": {"hotel_name": "\u6021\u6d77\u9601\u9152\u5e97(\u53a6\u95e8\u4e2d\u5c71\u6b65\u884c\u8857\u5e97)(\u539f\u6021\u6d77\u9601\u6587\u5316\u9152\u5e97)", "order_time": ["2019-01-06 19:30:07"], "total_order": 1, "hotel_value": ["4.5"], "hotel_price": ["179"]}, "8568992": {"hotel_name": "\u53a6\u95e8\u5c7f\u60a6\u65c5\u5bbf", "order_time": ["2019-01-06 19:32:02"], "total_order": 1, "hotel_value": ["4.8"], "hotel_price": ["116"]}, "1550248": {"hotel_name": "\u53a6\u95e8\u84dd\u5c7f\u6d77\u666f\u6c11\u5bbf", "order_time": ["2019-01-06 19:32:02"], "total_order": 1, "hotel_value": ["4.7"], "hotel_price": ["422"]}, "1229307": {"hotel_name": "\u53a6\u95e8\u9f13\u6d6a\u5c7f\u6709\u95f4\u5ba2\u6808", "order_time": ["2019-01-06 19:32:02"], "total_order": 1, "hotel_value": ["4.7"], "hotel_price": ["133"]}, "5482771": {"hotel_name": "\u89c1\u6c50\u00b7\u4e00\u5e2d\u8bbe\u8ba1\u5e08\u7f8e\u5bbf", "order_time": ["2019-01-06 19:32:02"], "total_order": 1, "hotel_value": ["5.0"], "hotel_price": ["144"]}, "6118144": {"hotel_name": "\u53a6\u95e8\u540c\u5b89\u7f8e\u4f26\u98ce\u5c1a\u9152\u5e97", "order_time": ["2019-01-06 19:32:03"], "total_order": 1, "hotel_value": ["3.8"], "hotel_price": ["187"]}, "1535357": {"hotel_name": "\u6d77\u53cb\u9152\u5e97(\u53a6\u95e8\u706b\u8f66\u7ad9\u5e97)", "order_time": ["2019-01-06 19:32:04"], "total_order": 1, "hotel_value": ["4.4"], "hotel_price": ["144"]}, "1583166": {"hotel_name": "\u5982\u5bb6\u5feb\u6377\u9152\u5e97(\u53a6\u95e8\u4e2d\u5c71\u8def\u6b65\u884c\u8857\u5e97)", "order_time": ["2019-01-06 19:32:06"], "total_order": 1, "hotel_value": ["4.5"], "hotel_price": ["130"]}, "2301848": {"hotel_name": "7\u5929\u4f18\u54c1\u9152\u5e97(\u53a6\u95e8\u673a\u573a\u7fd4\u9e6d\u5e97)", "order_time": ["2019-01-06 19:34:04"], "total_order": 1, "hotel_value": ["4.6"], "hotel_price": ["152"]}, "2315604": {"hotel_name": "\u82b1\u5ead\u65c5\u9986(\u53a6\u95e8\u9f13\u6d6a\u5c7f\u7a1a\u68a6\u5e97)", "order_time": ["2019-01-06 19:36:03"], "total_order": 1, "hotel_value": ["4.8"], "hotel_price": ["250"]}, "4680954": {"hotel_name": "\u53a6\u95e8\u5fae\u7231\u56fd\u5b66\u9152\u5e97", "order_time": ["2019-01-06 19:36:03"], "total_order": 1, "hotel_value": ["4.4"], "hotel_price": ["292"]}, "1540062": {"hotel_name": "\u4e45\u6816\u00b7\u9f13\u6d6a\u5c7f\u6d77\u5cb8\u82b1\u65c5\u9986", "order_time": ["2019-01-06 19:38:03"], "total_order": 1, "hotel_value": ["4.9"], "hotel_price": ["119"]}, "4614134": {"hotel_name": "\u53a6\u95e8\u6cd5\u5c14\u8d5b\u7687\u5bb6\u5ea6\u5047\u522b\u5885", "order_time": ["2019-01-06 19:38:03"], "total_order": 1, "hotel_value": ["4.9"], "hotel_price": ["140"]}, "1405385": {"hotel_name": "\u6c49\u5ead\u9152\u5e97(\u53a6\u95e8\u96c6\u7f8e\u5927\u5b66\u5317\u5e97)", "order_time": ["2019-01-06 19:38:03"], "total_order": 1, "hotel_value": ["4.5"], "hotel_price": ["157"]}, "481752": {"hotel_name": "\u9526\u6c5f\u4e4b\u661f(\u53a6\u95e8\u673a\u573a\u533a\u653f\u5e9c\u5e97)", "order_time": ["2019-01-06 19:38:03"], "total_order": 1, "hotel_value": ["4.3"], "hotel_price": ["162"]}, "2176031": {"hotel_name": "\u9f13\u6d6a\u5c7f\u6c90\u5fc3\u5c45\u65c5\u9986", "order_time": ["2019-01-06 19:38:03"], "total_order": 1, "hotel_value": ["4.9"], "hotel_price": ["204"]}, "481408": {"hotel_name": "\u53a6\u95e8\u9f13\u6d6a\u5c7f\u5357\u74dc\u77f3\u5ba2\u6808", "order_time": ["2019-01-06 19:38:04"], "total_order": 1, "hotel_value": ["4.8"], "hotel_price": ["133"]}, "6616548": {"hotel_name": "\u53a6\u95e8\u98de\u5bbf\u8fde\u9501\u9999\u5885\u00b7\u6735\u62c9Fra.Villa Dora\u5e84\u56ed", "order_time": ["2019-01-06 19:38:04"], "total_order": 1, "hotel_value": ["4.7"], "hotel_price": ["236"]}, "6736731": {"hotel_name": "\u5e0c\u5cb8\u9152\u5e97(\u53a6\u95e8\u706b\u8f66\u7ad9\u5e97)(\u539f\u5357\u65b9\u996d\u5e97)", "order_time": ["2019-01-06 19:38:04"], "total_order": 1, "hotel_value": ["4.9"], "hotel_price": ["248"]}, "2251186": {"hotel_name": "\u5343\u5c7f\u00b7\u53a6\u95e8\u5174\u9605\u5bbe\u9986", "order_time": ["2019-01-06 19:38:05"], "total_order": 1, "hotel_value": ["3.6"], "hotel_price": ["81"]}, "15905055": {"hotel_name": "\u5b9c\u5c1a\u9152\u5e97(\u53a6\u95e8\u4f1a\u5c55\u4e2d\u5fc3\u897f\u6797\u5e97)", "order_time": ["2019-01-06 19:40:03"], "total_order": 1, "hotel_value": ["4.7"], "hotel_price": ["233"]}, "443638": {"hotel_name": "\u53a6\u95e8\u91d1\u6865\u82b1\u56ed\u9152\u5e97", "order_time": ["2019-01-06 19:42:04", "2019-01-06 19:40:03"], "total_order": 2, "hotel_value": ["4.5", "4.5"], "hotel_price": ["292", "292"]}, "480488": {"hotel_name": "\u53a6\u95e8\u5c1a\u8c6a\u9152\u5e97", "order_time": ["2019-01-06 19:40:04"], "total_order": 1, "hotel_value": ["3.9"], "hotel_price": ["308"]}, "6894351": {"hotel_name": "\u4f55\u539d\u5ba2\u6808", "order_time": ["2019-01-06 19:40:04"], "total_order": 1, "hotel_value": ["4.7"], "hotel_price": ["107"]}, "4444637": {"hotel_name": "\u9f13\u6d6a\u5c7f\u5c9b\u4e0a\u4e4b\u5bb6\u65c5\u9986", "order_time": ["2019-01-06 19:40:05"], "total_order": 1, "hotel_value": ["4.7"], "hotel_price": ["195"]}, "11212802": {"hotel_name": "\u9f13\u6d6a\u5c7f8\u82f1\u91cc\u65f6\u5149\u5ba2\u6808", "order_time": ["2019-01-06 19:42:04"], "total_order": 1, "hotel_value": ["4.7"], "hotel_price": ["178"]}, "898495": {"hotel_name": "\u6c49\u5ead\u9152\u5e97(\u53a6\u95e8\u79be\u7965\u897f\u8def\u79be\u7965\u5546\u57ce\u5e97)(\u539f\u6e56\u6ee8\u4e2d\u8def\u5e97)", "order_time": ["2019-01-06 19:42:04"], "total_order": 1, "hotel_value": ["4.4"], "hotel_price": ["118"]}, "606881": {"hotel_name": "\u53a6\u95e8\u946b\u8a89\u9686\u5927\u9152\u5e97", "order_time": ["2019-01-06 19:42:05"], "total_order": 1, "hotel_value": ["4.3"], "hotel_price": ["292"]}, "2241850": {"hotel_name": "\u53a6\u95e8\u9f13\u6d6a\u5c7f\u60a6\u666f\u96c5\u7b51\u5bb6\u5ead\u65c5\u9986", "order_time": ["2019-01-06 19:42:06"], "total_order": 1, "hotel_value": ["4.2"], "hotel_price": ["110"]}, "6510448": {"hotel_name": "\u53a6\u95e8\u4e09\u4e2a\u53a6\u5927\u4eba\u4e03\u5f26\u5c45\u6c11\u5bbf", "order_time": ["2019-01-06 19:44:02"], "total_order": 1, "hotel_value": ["4.9"], "hotel_price": ["183"]}, "385412": {"hotel_name": "\u53a6\u95e8\u5317\u6d77\u6e7e\u60e0\u9f99\u4e07\u8fbe\u5609\u534e\u9152\u5e97", "order_time": ["2019-01-06 19:44:03"], "total_order": 1, "hotel_value": ["4.8"], "hotel_price": ["750"]}, "346273": {"hotel_name": "\u53a6\u95e8\u78d0\u57fa\u5e0c\u5c14\u987f\u9152\u5e97", "order_time": ["2019-01-06 19:44:03"], "total_order": 1, "hotel_value": ["4.6"], "hotel_price": ["767"]}, "369748": {"hotel_name": "\u53a6\u95e8\u6d77\u6e2f\u82f1\u8fea\u683c\u9152\u5e97", "order_time": ["2019-01-06 19:44:03"], "total_order": 1, "hotel_value": ["4.7"], "hotel_price": ["930"]}, "739556": {"hotel_name": "\u53a6\u95e8\u604b\u604b\u6d77\u6e7e\u5ea6\u5047\u9152\u5e97", "order_time": ["2019-01-06 19:44:03"], "total_order": 1, "hotel_value": ["4.4"], "hotel_price": ["205"]}, "431131": {"hotel_name": "\u53a6\u95e8\u6bd5\u601d\u7279\u9152\u5e97", "order_time": ["2019-01-06 19:44:03"], "total_order": 1, "hotel_value": ["4.6"], "hotel_price": ["331"]}, "11686178": {"hotel_name": "\u53a6\u95e8\u6d77\u6ca7\u65b0\u9633886\u7cbe\u54c1\u9152\u5e97", "order_time": ["2019-01-06 19:44:03"], "total_order": 1, "hotel_value": ["4.3"], "hotel_price": ["150"]}, "1730297": {"hotel_name": "\u53a6\u95e8\u9f13\u6d6a\u5c7f\u7434\u6d77\u5e84\u56ed\u6d77\u666f\u9152\u5e97", "order_time": ["2019-01-06 19:44:03"], "total_order": 1, "hotel_value": ["4.6"], "hotel_price": ["288"]}, "5297546": {"hotel_name": "\u53a6\u95e8\u590f\u6cab\u5ea6\u5047\u9152\u5e97", "order_time": ["2019-01-06 19:44:03"], "total_order": 1, "hotel_value": ["4.8"], "hotel_price": ["173"]}, "11275899": {"hotel_name": "\u4e91\u5c4b\u522b\u9662", "order_time": ["2019-01-06 19:44:03"], "total_order": 1, "hotel_value": ["4.9"], "hotel_price": ["220"]}, "19517458": {"hotel_name": "\u53a6\u95e8\u601d\u5c7f\u9e6d", "order_time": ["2019-01-06 19:44:03"], "total_order": 1, "hotel_value": ["4.6"], "hotel_price": ["110"]}, "28024075": {"hotel_name": "\u53a6\u95e8\u73af\u5c9b\u8def\u4e9a\u6735S\u5ea6\u5047\u9152\u5e97", "order_time": ["2019-01-06 19:44:03"], "total_order": 1, "hotel_value": ["5.0"], "hotel_price": ["627"]}, "700179": {"hotel_name": "\u6cca\u65c5\u65f6\u5c1a\u9152\u5e97(\u53a6\u95e8\u4f1a\u5c55\u4e2d\u5fc3\u5e97)", "order_time": ["2019-01-06 19:44:04"], "total_order": 1, "hotel_value": ["4.0"], "hotel_price": ["182"]}, "1389206": {"hotel_name": "\u9526\u6c5f\u4e4b\u661f(\u53a6\u95e8\u79be\u7965\u897f\u8def\u767d\u9e6d\u6d32\u5e97)", "order_time": ["2019-01-06 19:44:04"], "total_order": 1, "hotel_value": ["4.4"], "hotel_price": ["123"]}, "1857702": {"hotel_name": "\u53a6\u95e8\u5317\u7ad9\u534e\u6fe0\u56db\u5b63\u9152\u5e97", "order_time": ["2019-01-06 19:44:04"], "total_order": 1, "hotel_value": ["4.2"], "hotel_price": ["198"]}, "1579167": {"hotel_name": "\u53a6\u95e8\u6816\u5cb8\u98ce\u60c5\u6d77\u666f\u5ba2\u6808(\u539f\u70ed\u5e26\u96e8\u6797\u5ba2\u6808)", "order_time": ["2019-01-06 19:44:04"], "total_order": 1, "hotel_value": ["4.8"], "hotel_price": ["99"]}, "11019026": {"hotel_name": "\u53a6\u95e8\u4e9a\u820d\u5c1a\u82d1", "order_time": ["2019-01-06 19:44:04"], "total_order": 1, "hotel_value": ["4.9"], "hotel_price": ["141"]}, "2941876": {"hotel_name": "\u53a6\u95e8\u7231\u5c4b\u5409\u5c4b\u4e3b\u9898\u5ba2\u6808", "order_time": ["2019-01-06 19:44:05"], "total_order": 1, "hotel_value": ["4.7"], "hotel_price": ["116"]}, "4334117": {"hotel_name": "\u53a6\u95e8\u5982\u9e3f\u65c5\u9986", "order_time": ["2019-01-06 19:44:05"], "total_order": 1, "hotel_value": [0], "hotel_price": ["84"]}, "16900384": {"hotel_name": "\u53a6\u95e8\u89c2\u6e56\u5c45\u6c11\u5bbf", "order_time": ["2019-01-06 19:44:05"], "total_order": 1, "hotel_value": ["5.0"], "hotel_price": ["339"]}, "12297322": {"hotel_name": "\u53a6\u95e8\u7f8e\u597d\u5982\u5bb6\u65c5\u793e", "order_time": ["2019-01-06 19:44:05"], "total_order": 1, "hotel_value": [0], "hotel_price": ["63"]}, "6952312": {"hotel_name": "\u6e2f\u5934\u4f4f\u5bbf", "order_time": ["2019-01-06 19:44:05"], "total_order": 1, "hotel_value": [0], "hotel_price": ["76"]}, "11460101": {"hotel_name": "\u53a6\u95e8\u5ca9\u5bbf\u5ea6\u5047\u9152\u5e97\u516c\u5bd3", "order_time": ["2019-01-06 19:44:05"], "total_order": 1, "hotel_value": ["4.5"], "hotel_price": ["279"]}, "12091233": {"hotel_name": "\u53a6\u95e8\u6816\u9690\u5ea6\u5047\u6c11\u5bbf(\u539f\u84dd\u6d77\u946b\u60a6\u5ba2\u6808)", "order_time": ["2019-01-06 19:44:05"], "total_order": 1, "hotel_value": [0], "hotel_price": ["179"]}, "5979992": {"hotel_name": "\u53a6\u95e8\u5c71\u5c7f\u6d77\u7cbe\u54c1\u5ba2\u6808", "order_time": ["2019-01-06 19:46:05"], "total_order": 1, "hotel_value": ["4.8"], "hotel_price": ["100"]}, "2367550": {"hotel_name": "\u53a6\u95e8\u5174\u5723\u4f18\u9009\u65c5\u9986", "order_time": ["2019-01-06 19:46:06"], "total_order": 1, "hotel_value": ["4.7"], "hotel_price": ["226"]}, "3722586": {"hotel_name": "\u9f13\u6d6a\u5c7f\u4ea6\u9601\u5ea6\u5047\u522b\u5885", "order_time": ["2019-01-06 19:46:07"], "total_order": 1, "hotel_value": ["4.6"], "hotel_price": ["498"]}, "6112181": {"hotel_name": "\u53a6\u95e8\u6c38\u4e3d\u8fbe\u4e3d\u5448\u9152\u5e97", "order_time": ["2019-01-06 19:52:03", "2019-01-06 19:46:10"], "total_order": 2, "hotel_value": ["4.8", "4.8"], "hotel_price": ["458", "458"]}, "1073458": {"hotel_name": "\u53a6\u95e8\u539f\u77f3\u6ee9\u9152\u5e97", "order_time": ["2019-01-06 19:48:04"], "total_order": 1, "hotel_value": ["4.7"], "hotel_price": ["456"]}, "1857599": {"hotel_name": "\u590f\u5546\u00b7\u6021\u5ead\u5feb\u6377\u9152\u5e97(\u53a6\u95e8\u96c6\u7f8e\u674f\u6797\u5e97)", "order_time": ["2019-01-06 19:48:04"], "total_order": 1, "hotel_value": ["4.2"], "hotel_price": ["135"]}, "440903": {"hotel_name": "\u5b9c\u5fc5\u601d\u9152\u5e97(\u53a6\u95e8\u706b\u8f66\u7ad9\u9152\u5e97)", "order_time": ["2019-01-06 19:48:04"], "total_order": 1, "hotel_value": ["4.3"], "hotel_price": ["201"]}, "2352863": {"hotel_name": "\u73af\u5c9b\u4f34\u6d77\u5ba2\u6808(\u53a6\u95e8\u53a6\u5927\u7cbe\u54c1\u5e97)(\u539f\u53a6\u5927\u82b1\u7530\u5c0f\u5c4b)", "order_time": ["2019-01-06 19:48:06"], "total_order": 1, "hotel_value": ["4.9"], "hotel_price": ["73"]}, "419386": {"hotel_name": "\u53a6\u95e8\u91d1\u5a01\u5927\u9152\u5e97", "order_time": ["2019-01-06 19:50:03"], "total_order": 1, "hotel_value": ["4.6"], "hotel_price": ["339"]}, "11288821": {"hotel_name": "\u53a6\u95e8\u5929\u7136\u5c45\u5feb\u6377\u9152\u5e97", "order_time": ["2019-01-06 19:50:03"], "total_order": 1, "hotel_value": ["4.8"], "hotel_price": ["116"]}, "6355587": {"hotel_name": "\u590f\u5546\u6021\u7fd4\u5047\u65e5\u9152\u5e97(\u53a6\u95e8\u706b\u8f66\u7ad9\u5e97)", "order_time": ["2019-01-06 19:52:03"], "total_order": 1, "hotel_value": ["4.8"], "hotel_price": ["198"]}, "428302": {"hotel_name": "\u53a6\u95e8\u706b\u8f66\u7ad9\u4e9a\u6735\u8f7b\u5c45\u9152\u5e97", "order_time": ["2019-01-06 19:52:03"], "total_order": 1, "hotel_value": ["4.9"], "hotel_price": ["385"]}, "701742": {"hotel_name": "\u901f8\u9152\u5e97(\u53a6\u95e8\u4e2d\u5c71\u8def\u53a6\u95e8\u5927\u5b66\u5e97)", "order_time": ["2019-01-06 19:52:03"], "total_order": 1, "hotel_value": ["4.6"], "hotel_price": ["145"]}, "15717242": {"hotel_name": "\u53a6\u95e8\u9e6d\u5c9b\u6234\u65af\u9152\u5e97", "order_time": ["2019-01-06 19:52:03"], "total_order": 1, "hotel_value": ["4.5"], "hotel_price": ["239"]}, "703570": {"hotel_name": "\u53a6\u95e8\u79b9\u6d32\u5609\u7f8e\u4f26\u9152\u5e97\u516c\u5bd3", "order_time": ["2019-01-06 19:52:03"], "total_order": 1, "hotel_value": ["4.6"], "hotel_price": ["433"]}, "6483590": {"hotel_name": "\u53a6\u95e8\u5fbd\u5bbf", "order_time": ["2019-01-06 19:52:03"], "total_order": 1, "hotel_value": ["4.8"], "hotel_price": ["197"]}, "436725": {"hotel_name": "\u6768\u6843\u9662\u5b50\u65c5\u9986(\u9f13\u6d6a\u5c7f\u5b89\u6d77\u82b1\u56ed\u5e97)", "order_time": ["2019-01-06 19:52:03"], "total_order": 1, "hotel_value": ["4.7"], "hotel_price": ["297"]}, "443333": {"hotel_name": "\u9752\u5e74\u9633\u5149\u8fde\u9501\u9152\u5e97(\u53a6\u95e8\u65b9\u7279\u68a6\u5e7b\u540c\u5b89\u5e97)(\u539f\u540c\u5b89\u5e97)", "order_time": ["2019-01-06 19:52:03"], "total_order": 1, "hotel_value": ["4.5"], "hotel_price": ["116"]}, "4357909": {"hotel_name": "\u53a6\u95e8\u98de\u5bbf\u8fde\u9501\u5df4\u62c9\u7c73\u57ce\u5821\u5e84\u56ed", "order_time": ["2019-01-06 19:52:03"], "total_order": 1, "hotel_value": ["4.8"], "hotel_price": ["167"]}, "23625312": {"hotel_name": "\u53a6\u95e8\u4e91\u820d\u96c5\u5c45\u516c\u5bd3", "order_time": ["2019-01-06 19:52:03"], "total_order": 1, "hotel_value": ["4.7"], "hotel_price": ["126"]}, "6312273": {"hotel_name": "\u53a6\u95e8\u671b\u6d77\u697c\u5ea6\u5047\u522b\u5885", "order_time": ["2019-01-06 19:52:04"], "total_order": 1, "hotel_value": ["4.9"], "hotel_price": ["98"]}, "10220748": {"hotel_name": "\u5e0c\u5cb8\u9152\u5e97(\u53a6\u95e8\u673a\u573a\u678b\u6e56\u5ba2\u8fd0\u4e2d\u5fc3\u5e97)", "order_time": ["2019-01-06 19:52:04"], "total_order": 1, "hotel_value": ["4.7"], "hotel_price": ["267"]}, "5372616": {"hotel_name": "\u53a6\u95e8\u817e\u534e\u7cbe\u54c1\u9152\u5e97", "order_time": ["2019-01-06 19:52:04"], "total_order": 1, "hotel_value": ["4.4"], "hotel_price": ["209"]}, "6955152": {"hotel_name": "\u53a6\u95e8\u541b\u96c5\u65f6\u5c1a\u9152\u5e97(\u539f\u4e98\u91d1\u9152\u5e97)", "order_time": ["2019-01-06 19:52:04"], "total_order": 1, "hotel_value": ["4.8"], "hotel_price": ["74"]}, "1641069": {"hotel_name": "\u53a6\u95e8\u9f13\u6d6a\u5c7f\u96c5\u7b51\u65c5\u9986", "order_time": ["2019-01-06 19:52:04"], "total_order": 1, "hotel_value": ["4.9"], "hotel_price": ["58"]}, "447308": {"hotel_name": "\u9014\u7a9d\u5047\u65e5\u9152\u5e97(\u53a6\u95e8\u9f13\u6d6a\u5c7f\u5e97)(\u539f\u9f13\u6d6a\u5c7f\u7f8e\u65e5\u9633\u5149\u65c5\u9986)", "order_time": ["2019-01-06 19:52:05"], "total_order": 1, "hotel_value": ["4.7"], "hotel_price": ["166"]}, "1755351": {"hotel_name": "\u53a6\u95e8\u805a\u8d24\u516c\u5bd3", "order_time": ["2019-01-06 19:52:06"], "total_order": 1, "hotel_value": ["4.4"], "hotel_price": ["82"]}, "1730041": {"hotel_name": "\u9f13\u6d6a\u5c7f\u6e29\u838e\u516c\u9986", "order_time": ["2019-01-06 19:52:08"], "total_order": 1, "hotel_value": [0], "hotel_price": ["197"]}, "434812": {"hotel_name": "\u53a6\u95e8\u65e5\u6708\u8c37\u6e29\u6cc9\u6e21\u5047\u6751", "order_time": ["2019-01-06 19:54:02"], "total_order": 1, "hotel_value": ["4.7"], "hotel_price": ["858"]}, "5980230": {"hotel_name": "\u53a6\u95e8\u9f13\u6d6a\u5c7f\u542c\u96e8\u8f69\u7cbe\u54c1\u5ba2\u6808\u5927\u5b66\u751f\u521b\u4e1a\u57fa\u5730\u5e97", "order_time": ["2019-01-06 19:54:03"], "total_order": 1, "hotel_value": ["4.8"], "hotel_price": ["92"]}, "11264775": {"hotel_name": "\u53a6\u95e8\u5de2\u5f97\u671b\u5355\u8eab\u516c\u5bd3", "order_time": ["2019-01-06 19:54:03"], "total_order": 1, "hotel_value": ["4.8"], "hotel_price": ["178"]}, "1199043": {"hotel_name": "\u53a6\u95e8\u5929\u60a6\u5ba2\u6808", "order_time": ["2019-01-06 19:56:04"], "total_order": 1, "hotel_value": ["4.9"], "hotel_price": ["98"]}, "18531564": {"hotel_name": "\u53a6\u95e8\u6155\u83b1Moonlight\u516c\u5bd3", "order_time": ["2019-01-06 19:56:04"], "total_order": 1, "hotel_value": ["4.9"], "hotel_price": ["220"]}, "6150330": {"hotel_name": "\u8bd7\u516c\u5bd3(\u53a6\u95e8\u673a\u573a\u5e97)", "order_time": ["2019-01-06 19:56:04"], "total_order": 1, "hotel_value": ["4.2"], "hotel_price": ["126"]}, "7810930": {"hotel_name": "\u53a6\u95e8\u53a6\u5927\u6c38\u667a\u5174\u5ba2\u6808", "order_time": ["2019-01-06 19:56:04"], "total_order": 1, "hotel_value": ["4.5"], "hotel_price": ["151"]}}}