{"\u5f00\u59cb\u8bb0\u5f55\u65f6\u95f4": "2019-01-22 07:17:03", "\u7ed3\u675f\u8bb0\u5f55\u65f6\u95f4": "2019-01-22 08:17:03", "\u8ba2\u5355\u603b\u589e\u91cf": 139, "item": {"2152627": {"hotel_name": "\u7f8e\u8c6a\u9152\u5e97(\u53a6\u95e8\u5e97)", "order_time": ["2019-01-22 07:19:09"], "total_order": 1, "hotel_value": ["4.7"], "hotel_price": ["298"]}, "28565834": {"hotel_name": "\u53a6\u95e8\u559c\u7f8e\u7f8e\u5c45\u9152\u5e97", "order_time": ["2019-01-22 07:25:11", "2019-01-22 07:19:10"], "total_order": 2, "hotel_value": ["4.8", "4.8"], "hotel_price": ["399", "399"]}, "6023163": {"hotel_name": "\u53a6\u95e8\u5c1a\u5fb7\u8363\u9152\u5e97", "order_time": ["2019-01-22 07:19:12"], "total_order": 1, "hotel_value": ["4.4"], "hotel_price": ["143"]}, "1904341": {"hotel_name": "7\u5929\u4f18\u54c1\u9152\u5e97(\u53a6\u95e8\u4e2d\u5c71\u8def\u6b65\u884c\u8857\u5e97)", "order_time": ["2019-01-22 07:19:14"], "total_order": 1, "hotel_value": ["4.1"], "hotel_price": ["141"]}, "5788864": {"hotel_name": "\u53a6\u95e8\u5eb7\u83b1\u5fb7\u9152\u5e97", "order_time": ["2019-01-22 07:19:29"], "total_order": 1, "hotel_value": ["4.7"], "hotel_price": ["1538"]}, "23860879": {"hotel_name": "\u53a6\u95e8\u4e50\u4e91\u68da\u5ea6\u5047\u5c4b", "order_time": ["2019-01-22 07:21:08"], "total_order": 1, "hotel_value": ["4.8"], "hotel_price": ["166"]}, "4960975": {"hotel_name": "\u548c\u9890\u9152\u5e97(\u53a6\u95e8\u4e2d\u5c71\u8def\u6b65\u884c\u8857\u5e97)", "order_time": ["2019-01-22 07:21:11"], "total_order": 1, "hotel_value": ["4.6"], "hotel_price": ["274"]}, "4337003": {"hotel_name": "\u53a6\u95e8\u963f\u725b\u54e5\u5ba2\u6808(\u539f\u4e00\u671f\u4e00\u4f1a\u4e3b\u9898\u5ba2\u6808)", "order_time": ["2019-01-22 07:21:16"], "total_order": 1, "hotel_value": ["4.4"], "hotel_price": ["83"]}, "511581": {"hotel_name": "\u53a6\u95e8\u91d1\u6c99\u6e7e\u5bbe\u9986", "order_time": ["2019-01-22 07:21:30"], "total_order": 1, "hotel_value": ["4.5"], "hotel_price": ["332"]}, "425692": {"hotel_name": "\u53a6\u95e8\u6d77\u60a6\u5c71\u5e84\u9152\u5e97", "order_time": ["2019-01-22 07:23:08"], "total_order": 1, "hotel_value": ["4.8"], "hotel_price": ["882"]}, "6763972": {"hotel_name": "\u53a6\u95e8\u5317\u7ad9\u66fc\u5df4\u9152\u5e97", "order_time": ["2019-01-22 07:23:11"], "total_order": 1, "hotel_value": ["4.7"], "hotel_price": ["168"]}, "12068114": {"hotel_name": "\u53a6\u95e8\u5927\u5b66\u68ee\u5c7f\u6d77\u666f\u516c\u5bd3", "order_time": ["2019-01-22 07:23:12"], "total_order": 1, "hotel_value": ["4.8"], "hotel_price": ["452"]}, "1860898": {"hotel_name": "\u901f8\u9152\u5e97(\u53a6\u95e8\u540c\u5b89\u5e97)", "order_time": ["2019-01-22 07:23:13"], "total_order": 1, "hotel_value": ["4.2"], "hotel_price": ["167"]}, "24338582": {"hotel_name": "\u53a6\u95e8\u9e7f\u5bbf\u5bb6\u5ead\u65c5\u9986", "order_time": ["2019-01-22 07:23:14"], "total_order": 1, "hotel_value": ["4.9"], "hotel_price": ["87"]}, "7123043": {"hotel_name": "\u53a6\u95e8\u9e6d\u6c5f\u00b7\u4f72\u5bb6\u9152\u5e97", "order_time": ["2019-01-22 07:23:24"], "total_order": 1, "hotel_value": ["4.7"], "hotel_price": ["699"]}, "1830099": {"hotel_name": "\u7231\u4e01\u5821\u8fde\u9501\u9152\u5e97(\u53a6\u95e8\u4f1a\u5c55\u5e97)", "order_time": ["2019-01-22 07:25:11"], "total_order": 1, "hotel_value": ["4.4"], "hotel_price": ["199"]}, "5236986": {"hotel_name": "\u53a6\u95e8\u5929\u6155\u4ea8\u8fbe\u9152\u5e97(\u539f\u6e7e\u4ed4\u5927\u9152\u5e97)", "order_time": ["2019-01-22 07:25:12"], "total_order": 1, "hotel_value": ["4.6"], "hotel_price": ["343"]}, "1803138": {"hotel_name": "\u53a6\u95e8\u661f\u9645\u592a\u7a7a\u8231\u9752\u65c5", "order_time": ["2019-01-22 07:25:22"], "total_order": 1, "hotel_value": ["4.9"], "hotel_price": ["45"]}, "4041819": {"hotel_name": "\u5bb6\u5bb6\u4e50\u9152\u5e97\uff08\u53a6\u95e8\u4e2d\u5c71\u8def\u6b65\u884c\u8857\u5e97\uff09", "order_time": ["2019-01-22 07:27:11"], "total_order": 1, "hotel_value": ["4.4"], "hotel_price": ["214"]}, "2313183": {"hotel_name": "\u53a6\u95e8\u5317\u7ad9\u6d6a\u6f2b\u5c0f\u5c4b\u7cbe\u54c1\u5ba2\u6808", "order_time": ["2019-01-22 07:27:12"], "total_order": 1, "hotel_value": ["4.9"], "hotel_price": ["93"]}, "2304360": {"hotel_name": "\u53a6\u95e8\u57ce\u5e02\u65f6\u95f4\u9152\u5e97", "order_time": ["2019-01-22 07:27:12"], "total_order": 1, "hotel_value": ["3.4"], "hotel_price": ["80"]}, "6746006": {"hotel_name": "\u53a6\u95e8\u66fe\u539d\u57b5\u8fe6\u9005\u96c5\u5c45", "order_time": ["2019-01-22 07:29:08"], "total_order": 1, "hotel_value": ["4.8"], "hotel_price": ["122"]}, "5247286": {"hotel_name": "\u53a6\u95e8\u5fc3\u6e56\u5c1a\u5ba2\u5802\u6c11\u5bbf(\u539f\u53a6\u5927\u5c1a\u5ba2\u5802\u5ba2\u6808)", "order_time": ["2019-01-22 07:29:08"], "total_order": 1, "hotel_value": ["4.7"], "hotel_price": ["438"]}, "1583166": {"hotel_name": "\u5982\u5bb6\u5feb\u6377\u9152\u5e97(\u53a6\u95e8\u4e2d\u5c71\u8def\u6b65\u884c\u8857\u5e97)", "order_time": ["2019-01-22 07:29:08", "2019-01-22 08:15:12"], "total_order": 2, "hotel_value": ["4.5", "4.5"], "hotel_price": ["161", "161"]}, "14996654": {"hotel_name": "\u53a6\u95e8\u5317\u7ad9\u4e3d\u81f4\u7cbe\u54c1\u9152\u5e97", "order_time": ["2019-01-22 07:29:10"], "total_order": 1, "hotel_value": ["4.5"], "hotel_price": ["123"]}, "434318": {"hotel_name": "\u53a6\u95e8\u9f13\u6d6a\u5c7f\u9f13\u6d6a\u522b\u5885\u9152\u5e97", "order_time": ["2019-01-22 07:29:12"], "total_order": 1, "hotel_value": ["4.6"], "hotel_price": ["498"]}, "5924369": {"hotel_name": "\u53a6\u95e8\u6f58\u591a\u62c9\u57ce\u5821\u5e84\u56ed", "order_time": ["2019-01-22 07:31:08"], "total_order": 1, "hotel_value": ["4.9"], "hotel_price": ["192"]}, "435472": {"hotel_name": "\u53a6\u95e8\u674f\u6797\u6e7e\u5927\u9152\u5e97", "order_time": ["2019-01-22 07:37:10", "2019-01-22 07:31:08"], "total_order": 2, "hotel_value": ["4.6", "4.6"], "hotel_price": ["358", "358"]}, "6599741": {"hotel_name": "\u6854\u5b50\u9152\u5e97\u00b7\u7cbe\u9009(\u53a6\u95e8\u4e2d\u5c71\u8def\u8f6e\u6e21\u7801\u5934\u5e97)(\u539f\u4e2d\u5c71\u8def\u6b65\u884c\u8857\u5e97)", "order_time": ["2019-01-22 07:39:09", "2019-01-22 07:31:09", "2019-01-22 07:35:08"], "total_order": 3, "hotel_value": ["4.8", "4.8", "4.8"], "hotel_price": ["342", "342", "342"]}, "483805": {"hotel_name": "\u53a6\u95e8\u6ee8\u5317\u9890\u8c6a\u9152\u5e97", "order_time": ["2019-01-22 07:31:09"], "total_order": 1, "hotel_value": ["4.8"], "hotel_price": ["458"]}, "346262": {"hotel_name": "\u53a6\u95e8\u5a01\u65af\u6c40\u9152\u5e97", "order_time": ["2019-01-22 07:31:09", "2019-01-22 08:01:09"], "total_order": 2, "hotel_value": ["4.5", "4.5"], "hotel_price": ["1039", "1039"]}, "19853957": {"hotel_name": "\u9038\u6cca\u5b87\u516c\u5bd3(\u53a6\u95e8\u673a\u573a\u5e97)", "order_time": ["2019-01-22 07:31:10"], "total_order": 1, "hotel_value": ["4.7"], "hotel_price": ["143"]}, "800277": {"hotel_name": "7\u5929\u8fde\u9501\u9152\u5e97(\u53a6\u95e8\u540c\u5b89\u6c7d\u8f66\u7ad9\u5e97)", "order_time": ["2019-01-22 07:31:10"], "total_order": 1, "hotel_value": ["4.3"], "hotel_price": ["108"]}, "4815087": {"hotel_name": "\u53a6\u95e8\u9f13\u6d6a\u5c7f\u6f2b\u6f2b\u60a0\u60a0\u65c5\u9986", "order_time": ["2019-01-22 07:31:11"], "total_order": 1, "hotel_value": ["4.8"], "hotel_price": ["283"]}, "1549905": {"hotel_name": "\u53a6\u95e8\u534a\u5c9b\u58f9\u53f7\u9152\u5e97", "order_time": ["2019-01-22 07:31:12", "2019-01-22 07:35:09"], "total_order": 2, "hotel_value": ["4.5", "4.5"], "hotel_price": ["79", "79"]}, "1493067": {"hotel_name": "\u53a6\u95e8\u6d77\u683c\u683c\u5ba2\u6808", "order_time": ["2019-01-22 07:31:13"], "total_order": 1, "hotel_value": ["4.9"], "hotel_price": ["84"]}, "369748": {"hotel_name": "\u53a6\u95e8\u6d77\u6e2f\u82f1\u8fea\u683c\u9152\u5e97", "order_time": ["2019-01-22 07:33:09"], "total_order": 1, "hotel_value": ["4.7"], "hotel_price": ["849"]}, "1227390": {"hotel_name": "886\u7cbe\u54c1\u9152\u5e97(\u53a6\u95e8\u6d77\u6ca7\u533a\u653f\u5e9c\u5e97)", "order_time": ["2019-01-22 07:33:09"], "total_order": 1, "hotel_value": ["4.1"], "hotel_price": ["162"]}, "438496": {"hotel_name": "\u53a6\u95e8\u6e29\u6cc9\u6234\u65af\u9152\u5e97", "order_time": ["2019-01-22 07:33:10"], "total_order": 1, "hotel_value": ["4.4"], "hotel_price": ["254"]}, "23942133": {"hotel_name": "\u53a6\u95e8\u541b\u96c5\u8f7b\u5962\u9152\u5e97", "order_time": ["2019-01-22 07:35:09"], "total_order": 1, "hotel_value": ["4.6"], "hotel_price": ["300"]}, "17338414": {"hotel_name": "\u53a6\u95e8\u6797\u68a7\u6850\u697c", "order_time": ["2019-01-22 07:35:09"], "total_order": 1, "hotel_value": ["4.8"], "hotel_price": ["850"]}, "1583129": {"hotel_name": "\u5982\u5bb6\u5feb\u6377\u9152\u5e97\uff08\u53a6\u95e8\u4e00\u4e2d\u5c06\u519b\u7960\u5730\u94c1\u7ad9\u5e97\uff09", "order_time": ["2019-01-22 07:35:09"], "total_order": 1, "hotel_value": ["4.5"], "hotel_price": ["132"]}, "1575123": {"hotel_name": "\u827e\u601d\u987f\u9152\u5e97(\u53a6\u95e8\u706b\u8f66\u7ad9\u5e97)", "order_time": ["2019-01-22 07:35:09"], "total_order": 1, "hotel_value": ["4.8"], "hotel_price": ["197"]}, "468485": {"hotel_name": "\u53a6\u95e8\u6e2f\u6e7e\u5927\u9152\u5e97", "order_time": ["2019-01-22 07:35:09"], "total_order": 1, "hotel_value": ["4.5"], "hotel_price": ["386"]}, "1305979": {"hotel_name": "\u91d1\u5b9d\u5927\u9152\u5e97(\u53a6\u95e8\u4e1c\u6e21\u6e38\u8f6e\u4e2d\u5fc3\u53a6\u9f13\u7801\u5934\u5e97)", "order_time": ["2019-01-22 07:35:10"], "total_order": 1, "hotel_value": ["4.5"], "hotel_price": ["260"]}, "5449230": {"hotel_name": "\u53a6\u95e8\u4e00\u683c\u6d77\u666f\u5ea6\u5047\u9a7f\u6808", "order_time": ["2019-01-22 07:37:09"], "total_order": 1, "hotel_value": ["4.9"], "hotel_price": ["299"]}, "441279": {"hotel_name": "\u5982\u5bb6\u5feb\u6377\u9152\u5e97\u83b2\u5742\u5730\u94c1\u7ad9\u5e97\uff08\u539f\u53a6\u95e8\u83b2\u5742\u56fd\u8d38\u65b0\u666f\u5e97\uff09", "order_time": ["2019-01-22 07:37:09"], "total_order": 1, "hotel_value": ["4.4"], "hotel_price": ["128"]}, "346248": {"hotel_name": "\u53a6\u95e8\u6cf0\u8c37\u9152\u5e97", "order_time": ["2019-01-22 07:37:10"], "total_order": 1, "hotel_value": ["4.7"], "hotel_price": ["398"]}, "448663": {"hotel_name": "\u53a6\u95e8\u60a6\u534e\u9152\u5e97", "order_time": ["2019-01-22 07:39:09"], "total_order": 1, "hotel_value": ["4.8"], "hotel_price": ["499"]}, "435290": {"hotel_name": "\u53a6\u95e8\u6625\u5149\u9152\u5e97", "order_time": ["2019-01-22 07:39:10"], "total_order": 1, "hotel_value": ["4.7"], "hotel_price": ["277"]}, "4614034": {"hotel_name": "\u53a6\u95e8\u60a6\u6d77\u4f34\u5c71\u522b\u9662", "order_time": ["2019-01-22 07:39:11"], "total_order": 1, "hotel_value": ["4.6"], "hotel_price": ["181"]}, "15251517": {"hotel_name": "\u53a6\u95e8\u6d35\u82b1\u91cc\u592a\u7a7a\u8231\u9752\u5e74\u65c5\u820d", "order_time": ["2019-01-22 07:39:12"], "total_order": 1, "hotel_value": ["4.6"], "hotel_price": ["115"]}, "473274": {"hotel_name": "\u53a6\u95e8\u65e5\u4e1c\u82b1\u56ed\u9152\u5e97(\u81ea\u9a7e\u8f66\u4e3b\u9898\u9152\u5e97)", "order_time": ["2019-01-22 07:39:12"], "total_order": 1, "hotel_value": ["4.5"], "hotel_price": ["280"]}, "431557": {"hotel_name": "\u901f8\u9152\u5e97(\u53a6\u95e8\u4e2d\u5c71\u8def\u8f6e\u6e21\u5e97)", "order_time": ["2019-01-22 07:39:12", "2019-01-22 07:59:09"], "total_order": 2, "hotel_value": ["4.4", "4.4"], "hotel_price": ["133", "133"]}, "8568943": {"hotel_name": "\u53a6\u95e8\u6c90\u9752\u67ab\u5916\u6d77\u96c5\u5885\u522b\u5885", "order_time": ["2019-01-22 07:41:09"], "total_order": 1, "hotel_value": ["4.7"], "hotel_price": ["173"]}, "21124626": {"hotel_name": "\u53a6\u95e8\u4e07\u749f\u8f69\u9152\u5e97", "order_time": ["2019-01-22 07:41:09"], "total_order": 1, "hotel_value": ["4.7"], "hotel_price": ["249"]}, "10201435": {"hotel_name": "\u53a6\u95e8\u4f70\u7fd4\u4e94\u901a\u9152\u5e97", "order_time": ["2019-01-22 07:41:09", "2019-01-22 07:43:08"], "total_order": 2, "hotel_value": ["4.7", "4.7"], "hotel_price": ["609", "609"]}, "375293": {"hotel_name": "\u53a6\u95e8\u95fd\u5357\u5927\u9152\u5e97", "order_time": ["2019-01-22 07:41:09"], "total_order": 1, "hotel_value": ["4.6"], "hotel_price": ["358"]}, "4337026": {"hotel_name": "\u53a6\u95e8\u5df7185\u5bb6\u5ead\u65c5\u9986", "order_time": ["2019-01-22 07:41:11"], "total_order": 1, "hotel_value": ["4.4"], "hotel_price": ["84"]}, "431965": {"hotel_name": "\u53a6\u95e8\u7f8e\u4ed1\u7693\u6656\u9152\u5e97", "order_time": ["2019-01-22 07:43:08"], "total_order": 1, "hotel_value": ["4.7"], "hotel_price": ["248"]}, "22762359": {"hotel_name": "\u53a6\u95e8\u9e6d\u5bbf\u516c\u5bd3", "order_time": ["2019-01-22 07:43:08"], "total_order": 1, "hotel_value": ["4.7"], "hotel_price": ["104"]}, "6129425": {"hotel_name": "\u6021\u6d77\u9601\u9152\u5e97(\u53a6\u95e8SM\u57ce\u5e02\u4e4c\u77f3\u6d66\u5730\u94c1\u7ad9\u5e97\uff09", "order_time": ["2019-01-22 07:49:11", "2019-01-22 07:43:09"], "total_order": 2, "hotel_value": ["4.6", "4.6"], "hotel_price": ["198", "198"]}, "1669085": {"hotel_name": "\u4e00\u683c\u00b7\u6d77\u68e0\u7f8e\u5bbf(\u53a6\u95e8\u5927\u5b66\u5e97)", "order_time": ["2019-01-22 07:43:10"], "total_order": 1, "hotel_value": ["5.0"], "hotel_price": ["391"]}, "27938575": {"hotel_name": "\u53a6\u95e8\u6d77\u4e1d\u827a\u672f\u54c1\u4e2d\u5fc3\u4f70\u7fd4\u7428\u70c1\u9152\u5e97", "order_time": ["2019-01-22 07:43:14"], "total_order": 1, "hotel_value": ["4.8"], "hotel_price": ["408"]}, "428700": {"hotel_name": "\u5982\u5bb6\u5feb\u6377\u9152\u5e97(\u53a6\u95e8\u4e1c\u6e21\u9f13\u6d6a\u5c7f\u7801\u5934\u5e97)(\u539f\u4e1c\u6e21\u90ae\u8f6e\u4e2d\u5fc3\u53a6\u9f13\u7801\u5934\u5e97)", "order_time": ["2019-01-22 07:45:08"], "total_order": 1, "hotel_value": ["4.3"], "hotel_price": ["101"]}, "1733885": {"hotel_name": "\u53a6\u95e8\u4e00\u683c\u00b7\u5982\u6ea2\u9152\u5e97", "order_time": ["2019-01-22 07:45:09"], "total_order": 1, "hotel_value": ["4.7"], "hotel_price": ["139"]}, "17470637": {"hotel_name": "\u53a6\u95e8\u516d\u60a6\u5ea6\u5047\u9152\u5e97(\u9f13\u6d6a\u5c7f\u522b\u5885\u5e97)", "order_time": ["2019-01-22 07:45:09"], "total_order": 1, "hotel_value": ["4.7"], "hotel_price": ["298"]}, "6935963": {"hotel_name": "\u53a6\u95e8\u5f69\u4e91\u65c5\u793e", "order_time": ["2019-01-22 07:45:10", "2019-01-22 07:47:09"], "total_order": 2, "hotel_value": ["4.2", "4.2"], "hotel_price": ["123", "123"]}, "19019972": {"hotel_name": "\u53a6\u95e8\u5ea6\u7f8e\u00b7\u4e0e\u7af9\u77f3\u8bbe\u8ba1\u578b\u522b\u5885", "order_time": ["2019-01-22 07:45:11"], "total_order": 1, "hotel_value": ["5.0"], "hotel_price": ["298"]}, "5470098": {"hotel_name": "\u53a6\u95e8\u5c0f\u5d9d\u5c9b\u707f\u5353\u4e4b\u65c5\u65c5\u9986", "order_time": ["2019-01-22 07:45:11"], "total_order": 1, "hotel_value": ["4.7"], "hotel_price": ["149"]}, "427947": {"hotel_name": "\u53a6\u95e8\u56fd\u9645\u4f1a\u8bae\u4e2d\u5fc3\u9152\u5e97", "order_time": ["2019-01-22 07:47:08"], "total_order": 1, "hotel_value": ["4.8"], "hotel_price": ["589"]}, "438908": {"hotel_name": "\u5982\u5bb6\u5feb\u6377\u9152\u5e97(\u601d\u660e\u5357\u8def\u53a6\u95e8\u5927\u5b66\u5e97)(\u539f\u6210\u529f\u5927\u9053\u53a6\u5927\u6d77\u666f\u5e97)", "order_time": ["2019-01-22 07:47:09"], "total_order": 1, "hotel_value": ["4.3"], "hotel_price": ["127"]}, "440903": {"hotel_name": "\u5b9c\u5fc5\u601d\u9152\u5e97(\u53a6\u95e8\u706b\u8f66\u7ad9\u9152\u5e97)", "order_time": ["2019-01-22 07:47:09"], "total_order": 1, "hotel_value": ["4.3"], "hotel_price": ["227"]}, "2308728": {"hotel_name": "\u53a6\u95e8\u5357\u6e56\u9e6d\u98de\u56fd\u9645\u9752\u5e74\u65c5\u820d", "order_time": ["2019-01-22 07:47:09"], "total_order": 1, "hotel_value": ["4.2"], "hotel_price": ["55"]}, "6955152": {"hotel_name": "\u53a6\u95e8\u541b\u96c5\u65f6\u5c1a\u9152\u5e97(\u539f\u4e98\u91d1\u9152\u5e97)", "order_time": ["2019-01-22 07:47:09"], "total_order": 1, "hotel_value": ["4.8"], "hotel_price": ["74"]}, "898495": {"hotel_name": "\u6c49\u5ead\u9152\u5e97(\u53a6\u95e8\u79be\u7965\u897f\u8def\u79be\u7965\u5546\u57ce\u5e97)(\u539f\u6e56\u6ee8\u4e2d\u8def\u5e97)", "order_time": ["2019-01-22 07:47:10"], "total_order": 1, "hotel_value": ["4.4"], "hotel_price": ["145"]}, "23946623": {"hotel_name": "\u53a6\u95e8\u8d77\u8dd1\u7ebf\u5ba2\u6808", "order_time": ["2019-01-22 07:49:10"], "total_order": 1, "hotel_value": ["4.9"], "hotel_price": ["103"]}, "6834337": {"hotel_name": "\u53a6\u95e8\u7d20\u820d\u5c0f\u7b51\u6c11\u5bbf(\u539f\u53a6\u95e8\u53a6\u6d6a\u6e7e\u95fd\u820d)", "order_time": ["2019-01-22 07:49:11"], "total_order": 1, "hotel_value": [0], "hotel_price": ["128"]}, "392629": {"hotel_name": "\u53a6\u95e8\u5e90\u5c71\u5927\u9152\u5e97", "order_time": ["2019-01-22 07:51:08"], "total_order": 1, "hotel_value": ["4.2"], "hotel_price": ["298"]}, "4041978": {"hotel_name": "\u901f8\u9152\u5e97\uff08\u53a6\u95e8\u673a\u573a\u6e56\u91cc\u5927\u9053\u5e97\uff09", "order_time": ["2019-01-22 07:51:09"], "total_order": 1, "hotel_value": ["4.3"], "hotel_price": ["133"]}, "6736731": {"hotel_name": "\u5e0c\u5cb8\u9152\u5e97(\u53a6\u95e8\u706b\u8f66\u7ad9\u5e97)(\u539f\u5357\u65b9\u996d\u5e97)", "order_time": ["2019-01-22 07:53:08", "2019-01-22 08:07:09"], "total_order": 2, "hotel_value": ["4.9", "4.9"], "hotel_price": ["263", "263"]}, "932019": {"hotel_name": "\u5982\u5bb6\u5feb\u6377\u9152\u5e97(\u53a6\u95e8\u83b2\u5cb3\u8def\u677e\u67cf\u6587\u5316\u827a\u672f\u4e2d\u5fc3\u5e97)", "order_time": ["2019-01-22 07:53:09"], "total_order": 1, "hotel_value": ["4.3"], "hotel_price": ["111"]}, "1098200": {"hotel_name": "\u5982\u5bb6\u9152\u5e97(\u53a6\u95e8SM\u5e7f\u573a\u4e4c\u77f3\u6d66\u5730\u94c1\u7ad9\u5e97)", "order_time": ["2019-01-22 07:55:09", "2019-01-22 07:53:09"], "total_order": 2, "hotel_value": ["3.8", "3.8"], "hotel_price": ["152", "152"]}, "750174": {"hotel_name": "\u683c\u6797\u8c6a\u6cf0(\u53a6\u95e8\u5927\u5b66\u5e97)", "order_time": ["2019-01-22 07:53:10"], "total_order": 1, "hotel_value": ["4.2"], "hotel_price": ["108"]}, "4510014": {"hotel_name": "\u53a6\u95e8\u5927\u5b66\u73ba\u83b1\u65af\u6d77\u666f\u516c\u5bd3(\u539f\u5929\u73ba\u6d77\u666f\u516c\u5bd3)", "order_time": ["2019-01-22 07:55:08"], "total_order": 1, "hotel_value": ["4.6"], "hotel_price": ["350"]}, "441273": {"hotel_name": "\u9510\u601d\u7279\u00b7\u9038\u81f4\u9152\u5e97(\u53a6\u95e8\u4e2d\u5c71\u8def\u5e97)", "order_time": ["2019-01-22 07:55:09"], "total_order": 1, "hotel_value": ["4.7"], "hotel_price": ["189"]}, "1816339": {"hotel_name": "\u6c49\u5ead\u9152\u5e97(\u53a6\u95e8\u4e2d\u5c71\u8def\u6b65\u884c\u8857\u5e97)", "order_time": ["2019-01-22 07:55:09"], "total_order": 1, "hotel_value": ["4.5"], "hotel_price": ["189"]}, "481752": {"hotel_name": "\u9526\u6c5f\u4e4b\u661f(\u53a6\u95e8\u673a\u573a\u533a\u653f\u5e9c\u5e97)", "order_time": ["2019-01-22 07:55:09"], "total_order": 1, "hotel_value": ["4.2"], "hotel_price": ["139"]}, "12229646": {"hotel_name": "\u6613\u4f70\u8fde\u9501\u65c5\u5e97(\u53a6\u95e8\u706b\u8f66\u7ad9\u6e56\u6ee8\u4e1c\u8def\u5e97)", "order_time": ["2019-01-22 07:55:09"], "total_order": 1, "hotel_value": ["4.0"], "hotel_price": ["64"]}, "17908349": {"hotel_name": "\u53a6\u95e8\u9047\u7f8e\u00b7\u57b5\u90b8\u9152\u5e97", "order_time": ["2019-01-22 07:57:08"], "total_order": 1, "hotel_value": ["4.9"], "hotel_price": ["248"]}, "12622395": {"hotel_name": "\u53a6\u95e8\u71d5\u6816\u8bbe\u8ba1\u6c11\u5bbf", "order_time": ["2019-01-22 07:57:09"], "total_order": 1, "hotel_value": ["4.9"], "hotel_price": ["159"]}, "4817706": {"hotel_name": "\u53a6\u95e8\u4e09\u4e2a\u53a6\u5927\u4ebakiwi\u6c11\u5bbf", "order_time": ["2019-01-22 07:57:09"], "total_order": 1, "hotel_value": ["4.9"], "hotel_price": ["196"]}, "1857599": {"hotel_name": "\u590f\u5546\u00b7\u6021\u5ead\u5feb\u6377\u9152\u5e97(\u53a6\u95e8\u96c6\u7f8e\u674f\u6797\u5e97)", "order_time": ["2019-01-22 07:57:10"], "total_order": 1, "hotel_value": ["4.2"], "hotel_price": ["135"]}, "2305465": {"hotel_name": "\u901f8\u9152\u5e97(\u53a6\u95e8\u540c\u5b89\u540c\u96c6\u5317\u8def\u5e97)", "order_time": ["2019-01-22 07:59:09"], "total_order": 1, "hotel_value": ["3.9"], "hotel_price": ["140"]}, "427542": {"hotel_name": "\u53a6\u95e8\u822a\u7a7a\u5bbe\u9986", "order_time": ["2019-01-22 07:59:09"], "total_order": 1, "hotel_value": ["4.7"], "hotel_price": ["328"]}, "858999": {"hotel_name": "\u53a6\u95e8\u7965\u4e91\u4f70\u4f73\u5ba2\u6808(\u539fPaPa\uff07s\u4e3b\u9898\u5ba2\u6808)", "order_time": ["2019-01-22 07:59:10"], "total_order": 1, "hotel_value": ["4.6"], "hotel_price": ["88"]}, "375296": {"hotel_name": "\u53a6\u95e8\u65e5\u822a\u9152\u5e97", "order_time": ["2019-01-22 08:01:09"], "total_order": 1, "hotel_value": ["4.6"], "hotel_price": ["598"]}, "11654273": {"hotel_name": "\u53a6\u95e8\u53c8\u89c1\u82b1\u6d77\u5ea6\u5047\u522b\u5885", "order_time": ["2019-01-22 08:01:09"], "total_order": 1, "hotel_value": ["4.9"], "hotel_price": ["171"]}, "10480601": {"hotel_name": "\u51af\u5927\u4edf-\u5c0f\u80a5\u732b\u7cbe\u54c1\u5e97", "order_time": ["2019-01-22 08:03:09"], "total_order": 1, "hotel_value": ["5.0"], "hotel_price": ["149"]}, "21332906": {"hotel_name": "\u53a6\u95e8\u65af\u7ef4\u767b\u5ea6\u5047\u9152\u5e97(\u678b\u6e56\u8f66\u7ad9\u4f18\u671b\u5e97)", "order_time": ["2019-01-22 08:03:09"], "total_order": 1, "hotel_value": ["4.8"], "hotel_price": ["202"]}, "6112181": {"hotel_name": "\u53a6\u95e8\u6c38\u4e3d\u8fbe\u4e3d\u5448\u9152\u5e97", "order_time": ["2019-01-22 08:03:09", "2019-01-22 08:13:08", "2019-01-22 08:15:11"], "total_order": 3, "hotel_value": ["4.8", "4.8", "4.8"], "hotel_price": ["479", "479", "479"]}, "468128": {"hotel_name": "\u53a6\u95e8\u5170\u6842\u574a\u82b1\u56ed\u9152\u5e97", "order_time": ["2019-01-22 08:03:10"], "total_order": 1, "hotel_value": ["4.5"], "hotel_price": ["139"]}, "2106785": {"hotel_name": "\u53a6\u95e8\u6c38\u6210\u5bbe\u9986", "order_time": ["2019-01-22 08:03:11"], "total_order": 1, "hotel_value": ["4.1"], "hotel_price": ["91"]}, "2380435": {"hotel_name": "\u53a6\u95e8\u84dd\u73ca\u745a\u5ba2\u6808(\u539f\u7231\u8309\u4f0a\u5ba2\u6808)", "order_time": ["2019-01-22 08:03:11"], "total_order": 1, "hotel_value": ["4.6"], "hotel_price": ["140"]}, "1583165": {"hotel_name": "\u5982\u5bb6\u5feb\u6377\u9152\u5e97(\u53a6\u95e8\u8f6e\u6e21\u4e2d\u5c71\u8def\u6b65\u884c\u8857\u5e97)", "order_time": ["2019-01-22 08:05:08"], "total_order": 1, "hotel_value": ["4.2"], "hotel_price": ["161"]}, "436632": {"hotel_name": "\u53a6\u95e8\u4e07\u4f73\u4e1c\u65b9\u9152\u5e97", "order_time": ["2019-01-22 08:05:08"], "total_order": 1, "hotel_value": ["4.4"], "hotel_price": ["173"]}, "5757188": {"hotel_name": "\u53a6\u95e8\u5927\u5b66\u9f13\u6d6a\u6e7e\u6d77\u666f\u516c\u5bd3(\u539f\u53a6\u5927\u4e16\u8302\u53cc\u5b50\u5854\u597d\u7720\u9152\u5e97\u516c\u5bd3)", "order_time": ["2019-01-22 08:05:09"], "total_order": 1, "hotel_value": ["4.7"], "hotel_price": ["393"]}, "2135037": {"hotel_name": "\u4f0a\u4eba\u6d77\u65c5\u9986(\u53a6\u95e8\u9f13\u6d6a\u5c7f\u798f\u5dde\u8def\u5e97)", "order_time": ["2019-01-22 08:05:09"], "total_order": 1, "hotel_value": ["4.7"], "hotel_price": ["189"]}, "2290014": {"hotel_name": "\u53a6\u95e8\u541b\u6021\u9152\u5e97", "order_time": ["2019-01-22 08:05:10", "2019-01-22 08:15:11"], "total_order": 2, "hotel_value": ["4.7", "4.7"], "hotel_price": ["256", "256"]}, "6531873": {"hotel_name": "\u53a6\u95e8\u6469\u767b\u4e16\u5bb6\u8fde\u9501\u9152\u5e97\u706b\u8f66\u7ad9\u5e97", "order_time": ["2019-01-22 08:05:10"], "total_order": 1, "hotel_value": ["4.7"], "hotel_price": ["108"]}, "17077993": {"hotel_name": "\u53a6\u95e8\u4e07\u8c6a\u9152\u5e97\u53ca\u4f1a\u8bae\u4e2d\u5fc3", "order_time": ["2019-01-22 08:05:12"], "total_order": 1, "hotel_value": ["4.6"], "hotel_price": ["1304"]}, "2294909": {"hotel_name": "\u53a6\u95e8\u51cc\u6ce2\u6e7e\u9152\u5e97(\u53a6\u5927\u7fd4\u5b89\u6821\u533a\u5e97)", "order_time": ["2019-01-22 08:07:10"], "total_order": 1, "hotel_value": ["4.1"], "hotel_price": ["232"]}, "4337027": {"hotel_name": "\u9f13\u6d6a\u5c7f\u6e7e\u666f\u65c5\u9986", "order_time": ["2019-01-22 08:09:10"], "total_order": 1, "hotel_value": ["4.5"], "hotel_price": ["233"]}, "795585": {"hotel_name": "\u53a6\u95e8\u8bda\u90fd\u5546\u52a1\u5bbe\u9986", "order_time": ["2019-01-22 08:09:10"], "total_order": 1, "hotel_value": ["4.2"], "hotel_price": ["112"]}, "1788826": {"hotel_name": "\u53a6\u95e8\u9f13\u6d6a\u5c7f\u9ec4\u516c\u9986", "order_time": ["2019-01-22 08:11:08"], "total_order": 1, "hotel_value": ["4.5"], "hotel_price": ["218"]}, "4656439": {"hotel_name": "\u8449\u820d\u82b1\u56ed\u522b\u5885(\u53a6\u95e8\u4e2d\u5c71\u8def\u5e97)(\u539f\u597d\u751f\u9152\u5e97)", "order_time": ["2019-01-22 08:11:09"], "total_order": 1, "hotel_value": ["4.9"], "hotel_price": ["392"]}, "470603": {"hotel_name": "\u53a6\u95e8\u745e\u63d0\u62c9\u9152\u5e97", "order_time": ["2019-01-22 08:11:09"], "total_order": 1, "hotel_value": ["4.5"], "hotel_price": ["299"]}, "2298562": {"hotel_name": "\u9526\u6c5f\u4e4b\u661f(\u53a6\u95e8\u5927\u5b66\u4e2d\u5c71\u8def\u5e97)", "order_time": ["2019-01-22 08:11:10"], "total_order": 1, "hotel_value": ["4.5"], "hotel_price": ["179"]}, "429225": {"hotel_name": "\u53a6\u95e8\u9e6d\u6c5f\u5bbe\u9986", "order_time": ["2019-01-22 08:13:08"], "total_order": 1, "hotel_value": ["4.8"], "hotel_price": ["765"]}, "5548882": {"hotel_name": "\u53a6\u95e8\u6d77\u65c5\u6e29\u5fb7\u59c6\u81f3\u5c0a\u9152\u5e97", "order_time": ["2019-01-22 08:13:08"], "total_order": 1, "hotel_value": ["4.7"], "hotel_price": ["522"]}, "521079": {"hotel_name": "\u53a6\u95e8\u9999\u8349\u56ed\u9152\u5e97", "order_time": ["2019-01-22 08:13:09"], "total_order": 1, "hotel_value": ["4.8"], "hotel_price": ["345"]}, "472361": {"hotel_name": "\u53a6\u95e8\u660e\u73e0\u6d77\u6e7e\u5927\u9152\u5e97", "order_time": ["2019-01-22 08:13:10"], "total_order": 1, "hotel_value": ["4.5"], "hotel_price": ["398"]}, "375295": {"hotel_name": "\u53a6\u95e8\u7fd4\u9e6d\u56fd\u9645\u5927\u9152\u5e97", "order_time": ["2019-01-22 08:15:11"], "total_order": 1, "hotel_value": ["4.4"], "hotel_price": ["290"]}}}