{"\u5f00\u59cb\u8bb0\u5f55\u65f6\u95f4": "2019-01-08 01:22:27", "\u7ed3\u675f\u8bb0\u5f55\u65f6\u95f4": "2019-01-08 02:22:27", "\u8ba2\u5355\u603b\u589e\u91cf": 183, "item": {"1579167": {"hotel_name": "\u53a6\u95e8\u6816\u5cb8\u98ce\u60c5\u6d77\u666f\u5ba2\u6808(\u539f\u70ed\u5e26\u96e8\u6797\u5ba2\u6808)", "order_time": ["2019-01-08 01:24:35"], "total_order": 1, "hotel_value": ["4.8"], "hotel_price": ["121"]}, "428654": {"hotel_name": "\u53a6\u95e8\u541b\u6cf0\u9152\u5e97", "order_time": ["2019-01-08 01:24:35"], "total_order": 1, "hotel_value": ["4.5"], "hotel_price": ["506"]}, "28565834": {"hotel_name": "\u53a6\u95e8\u559c\u7f8e\u7f8e\u5c45\u9152\u5e97", "order_time": ["2019-01-08 01:24:35", "2019-01-08 01:40:35"], "total_order": 2, "hotel_value": ["5.0", "5.0"], "hotel_price": ["375", "375"]}, "926626": {"hotel_name": "\u53a6\u95e8\u6885\u56ed\u9152\u5e97", "order_time": ["2019-01-08 01:24:35"], "total_order": 1, "hotel_value": ["4.5"], "hotel_price": ["199"]}, "392553": {"hotel_name": "\u6210\u65c5\u6676\u8d5e\u9152\u5e97(\u53a6\u95e8\u67ab\u60a6\u5e97)(\u539f\u67ab\u60a6\u5927\u9152\u5e97)", "order_time": ["2019-01-08 01:24:36"], "total_order": 1, "hotel_value": ["4.7"], "hotel_price": ["369"]}, "1857599": {"hotel_name": "\u590f\u5546\u00b7\u6021\u5ead\u5feb\u6377\u9152\u5e97(\u53a6\u95e8\u96c6\u7f8e\u674f\u6797\u5e97)", "order_time": ["2019-01-08 01:24:36"], "total_order": 1, "hotel_value": ["4.2"], "hotel_price": ["135"]}, "700179": {"hotel_name": "\u6cca\u65c5\u65f6\u5c1a\u9152\u5e97(\u53a6\u95e8\u4f1a\u5c55\u4e2d\u5fc3\u5e97)", "order_time": ["2019-01-08 01:44:34", "2019-01-08 01:24:38"], "total_order": 2, "hotel_value": ["4.0", "4.0"], "hotel_price": ["183", "183"]}, "14248831": {"hotel_name": "\u5357\u8f69\u9601\u5ba2\u6808\uff08\u53a6\u95e8\u4e2d\u5c71\u8def\u5e97\uff09", "order_time": ["2019-01-08 01:24:40"], "total_order": 1, "hotel_value": ["4.7"], "hotel_price": ["65"]}, "4614134": {"hotel_name": "\u53a6\u95e8\u6cd5\u5c14\u8d5b\u7687\u5bb6\u5ea6\u5047\u522b\u5885", "order_time": ["2019-01-08 01:26:33"], "total_order": 1, "hotel_value": ["4.9"], "hotel_price": ["125"]}, "23623292": {"hotel_name": "\u53a6\u95e8\u4e09\u4e2a\u53a6\u5927\u4eba\u4e0e\u521d\u6c11\u5bbf", "order_time": ["2019-01-08 01:26:33", "2019-01-08 01:42:33"], "total_order": 2, "hotel_value": ["4.8", "4.8"], "hotel_price": ["178", "178"]}, "2298562": {"hotel_name": "\u9526\u6c5f\u4e4b\u661f(\u53a6\u95e8\u5927\u5b66\u4e2d\u5c71\u8def\u5e97)", "order_time": ["2019-01-08 01:26:33"], "total_order": 1, "hotel_value": ["4.5"], "hotel_price": ["160"]}, "4680954": {"hotel_name": "\u53a6\u95e8\u5fae\u7231\u56fd\u5b66\u9152\u5e97", "order_time": ["2019-01-08 01:26:34"], "total_order": 1, "hotel_value": ["4.4"], "hotel_price": ["286"]}, "28521776": {"hotel_name": "\u53a6\u95e8\u4f18\u5bbf\u516c\u5bd3(\u524d\u57d4\u5065\u8eab\u516c\u56ed\u5206\u5e97)", "order_time": ["2019-01-08 01:26:35"], "total_order": 1, "hotel_value": [0], "hotel_price": ["197"]}, "2362043": {"hotel_name": "\u53a6\u95e8\u9f13\u6d6a\u5c7f\u4ed6\u57ce\u58f9\u60a6\u5ead\u9662\u6d77\u666f\u522b\u5885", "order_time": ["2019-01-08 01:28:32"], "total_order": 1, "hotel_value": ["4.8"], "hotel_price": ["328"]}, "346269": {"hotel_name": "\u53a6\u95e8\u6e90\u660c\u51ef\u5bbe\u65af\u57fa\u5927\u9152\u5e97", "order_time": ["2019-01-08 02:14:32", "2019-01-08 02:00:34", "2019-01-08 01:28:32", "2019-01-08 02:20:34", "2019-01-08 01:46:35"], "total_order": 5, "hotel_value": ["4.7", "4.7", "4.7", "4.7", "4.7"], "hotel_price": ["1015", "1015", "1015", "1015", "1015"]}, "6511409": {"hotel_name": "\u53a6\u95e8\u76d8\u6263\u00b7\u6f2b\u5ea6House", "order_time": ["2019-01-08 01:28:32"], "total_order": 1, "hotel_value": ["4.8"], "hotel_price": ["234"]}, "698202": {"hotel_name": "\u548c\u9890\u9152\u5e97(\u53a6\u95e8\u4e2d\u5c71\u8def\u6d77\u666f\u5e97)", "order_time": ["2019-01-08 01:28:33"], "total_order": 1, "hotel_value": ["4.7"], "hotel_price": ["293"]}, "1906769": {"hotel_name": "\u53a6\u95e8\u5fc3\u5bbf\u96c5\u7b51\u9152\u5e97\uff08\u539f\u7396\u70b9\u5bbe\u9986\uff09", "order_time": ["2019-01-08 01:28:33"], "total_order": 1, "hotel_value": ["4.3"], "hotel_price": ["99"]}, "701742": {"hotel_name": "\u901f8\u9152\u5e97(\u53a6\u95e8\u4e2d\u5c71\u8def\u53a6\u95e8\u5927\u5b66\u5e97)", "order_time": ["2019-01-08 01:28:33"], "total_order": 1, "hotel_value": ["4.6"], "hotel_price": ["145"]}, "436726": {"hotel_name": "\u53a6\u95e8\u9f13\u6d6a\u5c7f\u5370\u8c61\u95fd\u5357\u6c11\u4fd7\u5ba2\u6808", "order_time": ["2019-01-08 01:28:33"], "total_order": 1, "hotel_value": ["4.7"], "hotel_price": ["141"]}, "5788864": {"hotel_name": "\u53a6\u95e8\u5eb7\u83b1\u5fb7\u9152\u5e97", "order_time": ["2019-01-08 01:30:33"], "total_order": 1, "hotel_value": ["4.7"], "hotel_price": ["1538"]}, "5300843": {"hotel_name": "\u53a6\u95e8\u9f13\u6d6a\u5c7f\u5c0f\u5c9b\u5927\u7231\u5bb6\u5ead\u65c5\u9986", "order_time": ["2019-01-08 01:30:33"], "total_order": 1, "hotel_value": ["4.8"], "hotel_price": ["146"]}, "2297567": {"hotel_name": "\u65af\u94c2\u745e\u57ce\u5e02\u9152\u5e97(\u53a6\u95e8\u4e2d\u5c71\u516c\u56ed\u5730\u94c1\u7ad9\u5e97)(\u539f\u4e2d\u5c71\u8def\u6b65\u884c\u8857\u5e97)", "order_time": ["2019-01-08 02:14:32", "2019-01-08 01:36:33", "2019-01-08 01:30:33"], "total_order": 3, "hotel_value": ["4.7", "4.7", "4.7"], "hotel_price": ["98", "98", "98"]}, "469816": {"hotel_name": "\u53a6\u95e8\u5723\u5e0c\u7f57\u9152\u5e97", "order_time": ["2019-01-08 01:30:33"], "total_order": 1, "hotel_value": ["4.4"], "hotel_price": ["288"]}, "346271": {"hotel_name": "\u53a6\u95e8\u559c\u6765\u767b\u9152\u5e97", "order_time": ["2019-01-08 01:30:34"], "total_order": 1, "hotel_value": ["4.5"], "hotel_price": ["809"]}, "432895": {"hotel_name": "\u82cf\u6258\u4e9a(\u9f13\u6d6a\u5c7f\u5de2\u5ead1919\u5e97)", "order_time": ["2019-01-08 01:30:34"], "total_order": 1, "hotel_value": ["4.8"], "hotel_price": ["289"]}, "1486929": {"hotel_name": "\u6c49\u5ead\u4f18\u4f73\u9152\u5e97(\u53a6\u95e8\u4e2d\u5c71\u8def\u6b65\u884c\u8857\u5e97)", "order_time": ["2019-01-08 01:30:34"], "total_order": 1, "hotel_value": ["4.7"], "hotel_price": ["263"]}, "4041819": {"hotel_name": "\u5bb6\u5bb6\u4e50\u9152\u5e97\uff08\u53a6\u95e8\u4e2d\u5c71\u8def\u6b65\u884c\u8857\u5e97\uff09", "order_time": ["2019-01-08 01:32:33"], "total_order": 1, "hotel_value": ["4.4"], "hotel_price": ["132"]}, "11893099": {"hotel_name": "\u53a6\u95e8\u4e00\u5b85\u8bbe\u8ba1\u5e08\u6c11\u5bbf", "order_time": ["2019-01-08 01:32:34"], "total_order": 1, "hotel_value": ["4.2"], "hotel_price": ["228"]}, "24034391": {"hotel_name": "\u53a6\u95e8\u6c34\u6728\u6d77\u666f\u9152\u5e97", "order_time": ["2019-01-08 01:32:34"], "total_order": 1, "hotel_value": ["4.7"], "hotel_price": ["227"]}, "1727667": {"hotel_name": "\u53a6\u95e8\u9f13\u6d6a\u5c7f\u9e93\u610f\u601d\u8001\u522b\u5885\u5ea6\u5047\u9152\u5e97", "order_time": ["2019-01-08 01:32:34"], "total_order": 1, "hotel_value": ["4.6"], "hotel_price": ["234"]}, "6247525": {"hotel_name": "\u53a6\u95e8\u96c6\u7f8e\u5927\u5b66\u4e9a\u6735\u9152\u5e97(\u539f\u96c6\u5927\u5bbe\u9986)", "order_time": ["2019-01-08 01:32:34", "2019-01-08 02:10:32"], "total_order": 2, "hotel_value": ["4.9", "4.9"], "hotel_price": ["360", "360"]}, "1541979": {"hotel_name": "\u53a6\u95e8\u6708\u5149\u5ca9\u82b1\u56ed\u522b\u5885", "order_time": ["2019-01-08 01:52:33", "2019-01-08 01:34:33"], "total_order": 2, "hotel_value": ["4.4", "4.4"], "hotel_price": ["103", "103"]}, "431965": {"hotel_name": "\u53a6\u95e8\u7f8e\u4ed1\u7693\u6656\u9152\u5e97", "order_time": ["2019-01-08 01:34:34"], "total_order": 1, "hotel_value": ["4.7"], "hotel_price": ["198"]}, "2031707": {"hotel_name": "\u53a6\u95e8\u964c\u5ba2\u5fae\u9152\u5e97\uff08\u53a6\u5927\u5b66\u751f\u516c\u5bd3\u5e97\uff09", "order_time": ["2019-01-08 01:34:34"], "total_order": 1, "hotel_value": ["4.6"], "hotel_price": ["134"]}, "1714585": {"hotel_name": "\u53a6\u95e8\u5ea6\u00b7\u56db\u5b63\u6d77\u5cb8\u9152\u5e97", "order_time": ["2019-01-08 01:34:35"], "total_order": 1, "hotel_value": ["4.6"], "hotel_price": ["129"]}, "6763972": {"hotel_name": "\u53a6\u95e8\u5317\u7ad9\u66fc\u5df4\u9152\u5e97", "order_time": ["2019-01-08 01:34:35"], "total_order": 1, "hotel_value": ["4.7"], "hotel_price": ["169"]}, "929583": {"hotel_name": "\u5982\u5bb6\u5feb\u6377\u9152\u5e97(\u53a6\u95e8\u706b\u8f66\u7ad9\u5e7f\u573a\u5e97)", "order_time": ["2019-01-08 01:34:35"], "total_order": 1, "hotel_value": ["4.5"], "hotel_price": ["137"]}, "4444481": {"hotel_name": "\u4f60\u597d\u53a6\u95e8\u667a\u80fd\u5bb6\u5ead\u65c5\u9986(\u4e2d\u5c71\u8def\u5e97)(\u539f\u5de6\u53f3\u5496\u5561\u65c5\u9986)", "order_time": ["2019-01-08 01:34:35"], "total_order": 1, "hotel_value": ["4.7"], "hotel_price": ["161"]}, "428297": {"hotel_name": "\u5982\u5bb6\u9152\u5e97(\u53a6\u95e8\u96c6\u7f8e\u674f\u6797\u897f\u8def\u5e97)", "order_time": ["2019-01-08 01:34:35"], "total_order": 1, "hotel_value": ["4.7"], "hotel_price": ["172"]}, "6746006": {"hotel_name": "\u53a6\u95e8\u66fe\u539d\u57b5\u8fe6\u9005\u96c5\u5c45", "order_time": ["2019-01-08 01:34:35"], "total_order": 1, "hotel_value": ["4.8"], "hotel_price": ["102"]}, "1478830": {"hotel_name": "\u53a6\u95e8\u9f13\u6d6a\u5c7f\u5c0f\u8309\u8389\u65c5\u9986", "order_time": ["2019-01-08 01:34:35"], "total_order": 1, "hotel_value": ["4.7"], "hotel_price": ["152"]}, "444955": {"hotel_name": "\u590f\u5546\u00b7\u6021\u5ead\u5546\u52a1\u9152\u5e97(\u53a6\u95e8\u83b2\u82b1\u8def\u53e3\u5730\u94c1\u7ad9\u5e97)", "order_time": ["2019-01-08 01:34:35"], "total_order": 1, "hotel_value": ["4.3"], "hotel_price": ["151"]}, "666255": {"hotel_name": "\u5bb6\u548c\u6625\u5929\u9152\u5e97(\u53a6\u95e8\u6d77\u6ca7\u5e97)", "order_time": ["2019-01-08 01:34:35"], "total_order": 1, "hotel_value": ["4.1"], "hotel_price": ["133"]}, "2303499": {"hotel_name": "\u53a6\u95e8\u9f13\u6d6a\u5c7f\u6c5d\u5357\u6d77\u666f\u522b\u58851935\u6c11\u56fd\u9a7b\u7f8e\u5927\u4f7f\u5e97", "order_time": ["2019-01-08 01:34:35"], "total_order": 1, "hotel_value": ["4.7"], "hotel_price": ["245"]}, "12140886": {"hotel_name": "\u53a6\u95e8\u9f13\u6d6a\u5c7f\u522b\u6837\u65c5\u9986", "order_time": ["2019-01-08 01:34:35"], "total_order": 1, "hotel_value": ["4.6"], "hotel_price": ["158"]}, "5297546": {"hotel_name": "\u53a6\u95e8\u590f\u6cab\u5ea6\u5047\u9152\u5e97", "order_time": ["2019-01-08 01:34:35"], "total_order": 1, "hotel_value": ["4.8"], "hotel_price": ["173"]}, "19678980": {"hotel_name": "\u53a6\u95e8\u74e6\u6e90\u7d20\u7cbe\u54c1\u5ba2\u6808", "order_time": ["2019-01-08 01:34:35"], "total_order": 1, "hotel_value": ["4.9"], "hotel_price": ["134"]}, "11275899": {"hotel_name": "\u4e91\u5c4b\u522b\u9662", "order_time": ["2019-01-08 01:34:35"], "total_order": 1, "hotel_value": ["4.9"], "hotel_price": ["220"]}, "1098200": {"hotel_name": "\u5982\u5bb6\u9152\u5e97(\u53a6\u95e8SM\u5e7f\u573a\u4e4c\u77f3\u6d66\u5730\u94c1\u7ad9\u5e97)", "order_time": ["2019-01-08 01:34:35"], "total_order": 1, "hotel_value": ["4.0"], "hotel_price": ["139"]}, "800113": {"hotel_name": "\u53a6\u95e8\u4f51\u5b89\u65c5\u9986", "order_time": ["2019-01-08 01:34:35"], "total_order": 1, "hotel_value": ["4.6"], "hotel_price": ["73"]}, "2769695": {"hotel_name": "\u4e03\u96f6\u516b\u96f6\u65f6\u5c1a\u4e3b\u9898\u9152\u5e97(\u53a6\u95e8\u4e07\u8fbe\u5e97)", "order_time": ["2019-01-08 01:34:35"], "total_order": 1, "hotel_value": ["4.5"], "hotel_price": ["169"]}, "21746649": {"hotel_name": "\u53a6\u95e8\u5357\u5c71\u5c0f\u5bbf\u5ba2\u6808", "order_time": ["2019-01-08 01:34:35"], "total_order": 1, "hotel_value": ["4.6"], "hotel_price": ["98"]}, "6656699": {"hotel_name": "\u53a6\u95e8\u67ab\u4e39\u767d\u9732\u5bab\u6d77\u666f\u5ea6\u5047\u5e84\u56ed", "order_time": ["2019-01-08 01:34:35"], "total_order": 1, "hotel_value": ["4.9"], "hotel_price": ["338"]}, "2304450": {"hotel_name": "7\u5929\u8fde\u9501\u9152\u5e97(\u53a6\u95e8\u706b\u8f66\u7ad9\u5e97)", "order_time": ["2019-01-08 01:34:35"], "total_order": 1, "hotel_value": ["4.4"], "hotel_price": ["119"]}, "2302833": {"hotel_name": "7\u5929\u8fde\u9501\u9152\u5e97(\u53a6\u95e8\u5317\u7ad9\u96c6\u7f8e\u5927\u5b66\u5e97)", "order_time": ["2019-01-08 01:34:35"], "total_order": 1, "hotel_value": ["4.5"], "hotel_price": ["94"]}, "2300469": {"hotel_name": "7\u5929\u8fde\u9501\u9152\u5e97(\u53a6\u95e8\u91d1\u5c1a\u5e97)", "order_time": ["2019-01-08 01:34:35"], "total_order": 1, "hotel_value": ["4.6"], "hotel_price": ["131"]}, "4311628": {"hotel_name": "\u65b0\u53cb\u8c0a\u9152\u5e97\u5f0f\u516c\u5bd3(\u53a6\u95e8\u673a\u573a\u5e97)", "order_time": ["2019-01-08 01:34:35"], "total_order": 1, "hotel_value": ["4.3"], "hotel_price": ["118"]}, "13637783": {"hotel_name": "\u53a6\u95e8\u5927\u767d\u4e4b\u5bb6\u65b0\u57ce\u5e97", "order_time": ["2019-01-08 01:34:36"], "total_order": 1, "hotel_value": ["4.3"], "hotel_price": ["138"]}, "21332906": {"hotel_name": "\u53a6\u95e8\u65af\u7ef4\u767b\u5ea6\u5047\u9152\u5e97(\u678b\u6e56\u8f66\u7ad9\u4f18\u671b\u5e97)", "order_time": ["2019-01-08 01:36:33"], "total_order": 1, "hotel_value": ["4.8"], "hotel_price": ["188"]}, "481752": {"hotel_name": "\u9526\u6c5f\u4e4b\u661f(\u53a6\u95e8\u673a\u573a\u533a\u653f\u5e9c\u5e97)", "order_time": ["2019-01-08 01:36:34", "2019-01-08 02:06:34"], "total_order": 2, "hotel_value": ["4.2", "4.2"], "hotel_price": ["189", "189"]}, "1550248": {"hotel_name": "\u53a6\u95e8\u84dd\u5c7f\u6d77\u666f\u6c11\u5bbf", "order_time": ["2019-01-08 01:36:34"], "total_order": 1, "hotel_value": ["4.7"], "hotel_price": ["692"]}, "8569035": {"hotel_name": "\u53a6\u95e8\u9e6d\u987a\u5feb\u6377\u9152\u5e97\u706b\u8f66\u7ad9\u5e97", "order_time": ["2019-01-08 01:36:35"], "total_order": 1, "hotel_value": ["3.9"], "hotel_price": ["94"]}, "429062": {"hotel_name": "\u53a6\u95e8\u7c73\u4ed1\u9152\u5e97", "order_time": ["2019-01-08 01:38:32"], "total_order": 1, "hotel_value": ["4.6"], "hotel_price": ["159"]}, "392629": {"hotel_name": "\u53a6\u95e8\u5e90\u5c71\u5927\u9152\u5e97", "order_time": ["2019-01-08 01:38:33"], "total_order": 1, "hotel_value": ["4.2"], "hotel_price": ["298"]}, "429622": {"hotel_name": "\u53a6\u95e8\u7261\u4e39\u56fd\u9645\u5927\u9152\u5e97", "order_time": ["2019-01-08 01:56:35", "2019-01-08 01:40:34"], "total_order": 2, "hotel_value": ["4.8", "4.8"], "hotel_price": ["569", "569"]}, "2300476": {"hotel_name": "7\u5929\u4f18\u54c1\u9152\u5e97(\u53a6\u95e8\u673a\u573a\u5e97)", "order_time": ["2019-01-08 01:40:34"], "total_order": 1, "hotel_value": ["4.6"], "hotel_price": ["204"]}, "2241046": {"hotel_name": "\u4e2d\u5357\u6e7e\u9152\u5e97(\u53a6\u95e8\u4e2d\u5c71\u8def\u5e97)", "order_time": ["2019-01-08 01:40:40"], "total_order": 1, "hotel_value": ["4.0"], "hotel_price": ["117"]}, "7507315": {"hotel_name": "\u53a6\u95e8Today\u8bbe\u8ba1\u5e08\u7684\u5bb6\u516c\u5bd3", "order_time": ["2019-01-08 01:40:40"], "total_order": 1, "hotel_value": [0], "hotel_price": ["215"]}, "27938575": {"hotel_name": "\u53a6\u95e8\u6d77\u4e1d\u827a\u672f\u54c1\u4e2d\u5fc3\u4f70\u7fd4\u7428\u70c1\u9152\u5e97", "order_time": ["2019-01-08 01:42:33"], "total_order": 1, "hotel_value": ["4.8"], "hotel_price": ["408"]}, "6543852": {"hotel_name": "\u53a6\u95e8\u98de\u5bbf\u8fde\u9501\u5c3c\u65af\u00b7\u6735\u62c9Nice Dora\u5e84\u56ed", "order_time": ["2019-01-08 01:42:35"], "total_order": 1, "hotel_value": ["4.9"], "hotel_price": ["187"]}, "453231": {"hotel_name": "\u745e\u820d\u9152\u5e97(\u53a6\u95e8\u4e2d\u5c71\u8def\u6597\u897f\u5e97)(\u539f\u597d\u53cb\u6c47\u5546\u52a1\u9152\u5e97)", "order_time": ["2019-01-08 01:44:33"], "total_order": 1, "hotel_value": ["4.8"], "hotel_price": ["219"]}, "1914691": {"hotel_name": "\u53a6\u95e8\u7f57\u7ea6\u6d77\u6ee8\u6e29\u6cc9\u9152\u5e97", "order_time": ["2019-01-08 01:44:34"], "total_order": 1, "hotel_value": ["4.7"], "hotel_price": ["548"]}, "890106": {"hotel_name": "\u53a6\u95e8\u4e3d\u65af\u6d77\u666f\u9152\u5e97", "order_time": ["2019-01-08 01:46:34"], "total_order": 1, "hotel_value": ["4.7"], "hotel_price": ["278"]}, "2233112": {"hotel_name": "\u53a6\u95e8\u4e1c\u8fb0\u5927\u9152\u5e97", "order_time": ["2019-01-08 01:46:35"], "total_order": 1, "hotel_value": ["4.2"], "hotel_price": ["182"]}, "369750": {"hotel_name": "\u53a6\u95e8\u6cdb\u592a\u5e73\u6d0b\u5927\u9152\u5e97", "order_time": ["2019-01-08 01:46:35"], "total_order": 1, "hotel_value": ["4.6"], "hotel_price": ["600"]}, "346273": {"hotel_name": "\u53a6\u95e8\u78d0\u57fa\u5e0c\u5c14\u987f\u9152\u5e97", "order_time": ["2019-01-08 01:46:35", "2019-01-08 01:50:35"], "total_order": 2, "hotel_value": ["4.6", "4.6"], "hotel_price": ["767", "767"]}, "1728837": {"hotel_name": "\u6768\u6843\u9662\u5b50\u65c5\u9986(\u9f13\u6d6a\u5c7f\u4e2d\u534e\u7ea2\u58a8\u5e97)", "order_time": ["2019-01-08 02:08:33", "2019-01-08 01:46:36"], "total_order": 2, "hotel_value": ["4.8", "4.8"], "hotel_price": ["488", "488"]}, "4372602": {"hotel_name": "\u53a6\u95e8\u4e3d\u98ce\u9152\u5e97", "order_time": ["2019-01-08 01:46:38"], "total_order": 1, "hotel_value": ["3.9"], "hotel_price": ["112"]}, "14996654": {"hotel_name": "\u53a6\u95e8\u5317\u7ad9\u4e3d\u81f4\u7cbe\u54c1\u9152\u5e97", "order_time": ["2019-01-08 01:48:33"], "total_order": 1, "hotel_value": ["4.5"], "hotel_price": ["126"]}, "1760902": {"hotel_name": "\u53a6\u95e8\u4e07\u4f73\u56fd\u9645\u9152\u5e97", "order_time": ["2019-01-08 01:48:33"], "total_order": 1, "hotel_value": ["4.6"], "hotel_price": ["438"]}, "27833083": {"hotel_name": "\u53a6\u95e8\u968f\u5fc3\u9601\u516c\u5bd3", "order_time": ["2019-01-08 01:48:34"], "total_order": 1, "hotel_value": ["4.8"], "hotel_price": ["140"]}, "435137": {"hotel_name": "\u53a6\u95e8\u7ef4\u6d1b\u62c9\u5927\u9152\u5e97", "order_time": ["2019-01-08 01:48:34"], "total_order": 1, "hotel_value": ["4.1"], "hotel_price": ["152"]}, "7932428": {"hotel_name": "\u53a6\u95e8\u968f\u5c45\u590d\u5f0f\u516c\u5bd3", "order_time": ["2019-01-08 01:48:34"], "total_order": 1, "hotel_value": [0], "hotel_price": ["238"]}, "15039820": {"hotel_name": "\u53a6\u95e81956\u751f\u6d3b\u6c11\u5bbf(\u539f\u6e90\u6cc9\u6c11\u5bbf)", "order_time": ["2019-01-08 01:48:35"], "total_order": 1, "hotel_value": [0], "hotel_price": ["180"]}, "1405990": {"hotel_name": "\u901f8\u9152\u5e97(\u53a6\u95e8\u706b\u8f66\u7ad9\u5e97)", "order_time": ["2019-01-08 01:58:32", "2019-01-08 01:50:35"], "total_order": 2, "hotel_value": ["4.3", "4.3"], "hotel_price": ["145", "145"]}, "5482771": {"hotel_name": "\u89c1\u6c50\u00b7\u4e00\u5e2d\u8bbe\u8ba1\u5e08\u7f8e\u5bbf", "order_time": ["2019-01-08 01:50:35"], "total_order": 1, "hotel_value": ["5.0"], "hotel_price": ["144"]}, "6485447": {"hotel_name": "\u5b9c\u5c1a\u9152\u5e97(\u53a6\u95e8\u673a\u573a\u706b\u70ac\u56ed\u5730\u94c1\u7ad9\u5e97)", "order_time": ["2019-01-08 01:50:35"], "total_order": 1, "hotel_value": ["4.6"], "hotel_price": ["298"]}, "452602": {"hotel_name": "\u53a6\u95e8\u90b1\u5341\u4e8c\u5b85(\u539f\u4e54\u6cbb\u8001\u522b\u5885)", "order_time": ["2019-01-08 01:50:37"], "total_order": 1, "hotel_value": ["4.9"], "hotel_price": ["214"]}, "509970": {"hotel_name": "\u53a6\u95e8\u9a8f\u8c6a\u4f1a", "order_time": ["2019-01-08 01:50:37"], "total_order": 1, "hotel_value": ["4.7"], "hotel_price": ["619"]}, "1510329": {"hotel_name": "\u53a6\u95e8\u541b\u96c5\u5047\u65e5\u9152\u5e97", "order_time": ["2019-01-08 01:52:33", "2019-01-08 02:06:34", "2019-01-08 01:56:36"], "total_order": 3, "hotel_value": ["4.8", "4.8", "4.8"], "hotel_price": ["100", "100", "100"]}, "6955152": {"hotel_name": "\u53a6\u95e8\u541b\u96c5\u65f6\u5c1a\u9152\u5e97(\u539f\u4e98\u91d1\u9152\u5e97)", "order_time": ["2019-01-08 01:52:33", "2019-01-08 02:02:34"], "total_order": 2, "hotel_value": ["4.8", "4.8"], "hotel_price": ["74", "74"]}, "1183066": {"hotel_name": "\u53a6\u95e8\u534e\u8212\u9152\u5e97", "order_time": ["2019-01-08 01:54:36"], "total_order": 1, "hotel_value": ["4.3"], "hotel_price": ["261"]}, "6072091": {"hotel_name": "\u53a6\u95e8\u65e5\u946b\u9152\u5e97\u516c\u5bd3", "order_time": ["2019-01-08 01:54:36"], "total_order": 1, "hotel_value": ["4.4"], "hotel_price": ["142"]}, "467630": {"hotel_name": "\u53a6\u95e8\u9f13\u6d6a\u5c7f\u4e00\u89c1\u82b1\u56ed\u8001\u522b\u5885", "order_time": ["2019-01-08 01:54:36"], "total_order": 1, "hotel_value": ["4.8"], "hotel_price": ["266"]}, "5766186": {"hotel_name": "\u53a6\u95e8\u8bda\u6bc5\u5ba2\u6808", "order_time": ["2019-01-08 01:54:38"], "total_order": 1, "hotel_value": ["3.5"], "hotel_price": ["67"]}, "4640529": {"hotel_name": "\u53a6\u95e8\u82b1\u5f00\u8317\u54c1\u5ba2\u6808", "order_time": ["2019-01-08 01:56:34"], "total_order": 1, "hotel_value": ["4.9"], "hotel_price": ["129"]}, "1410376": {"hotel_name": "\u82b1\u5ead\u65c5\u9986(\u9f13\u6d6a\u5c7f\u5b89\u6d77\u82b1\u56ed\u5e97)", "order_time": ["2019-01-08 01:56:34"], "total_order": 1, "hotel_value": ["4.6"], "hotel_price": ["169"]}, "2363786": {"hotel_name": "\u4e00\u683c\u00b7\u5de2\u5bbf(\u53a6\u95e8\u66fe\u539d\u57b5\u5e97)", "order_time": ["2019-01-08 01:56:34"], "total_order": 1, "hotel_value": ["4.9"], "hotel_price": ["133"]}, "6486006": {"hotel_name": "\u53a6\u95e8\u6e56\u6ee8\u9996\u5e9c\u4e16\u8302\u777f\u9009\u9152\u5e97", "order_time": ["2019-01-08 01:56:35"], "total_order": 1, "hotel_value": ["4.6"], "hotel_price": ["296"]}, "3716537": {"hotel_name": "\u9752\u6728\u7cbe\u54c1\u516c\u5bd3(\u53a6\u95e8\u4e94\u7f18\u6e7e\u5e97)", "order_time": ["2019-01-08 01:56:35", "2019-01-08 02:06:34", "2019-01-08 02:00:33"], "total_order": 3, "hotel_value": ["4.7", "4.7", "4.7"], "hotel_price": ["192", "192", "192"]}, "6839393": {"hotel_name": "\u5bb6\u5bb6\u4e50\u9152\u5e97\uff08\u53a6\u95e8\u4e2d\u5c71\u8def\u5347\u5e73\u5e97\uff09", "order_time": ["2019-01-08 01:56:35"], "total_order": 1, "hotel_value": ["4.4"], "hotel_price": ["125"]}, "440483": {"hotel_name": "\u777f\u5f18\u5510\u4ee3\u5c14\u9152\u5e97(\u53a6\u95e8\u65b0\u8f6e\u6e21\u7801\u5934\u5e97)", "order_time": ["2019-01-08 01:56:35"], "total_order": 1, "hotel_value": ["4.2"], "hotel_price": ["200"]}, "1540062": {"hotel_name": "\u4e45\u6816\u00b7\u9f13\u6d6a\u5c7f\u6d77\u5cb8\u82b1\u65c5\u9986", "order_time": ["2019-01-08 01:56:35"], "total_order": 1, "hotel_value": ["4.9"], "hotel_price": ["139"]}, "429652": {"hotel_name": "\u590f\u5546\u00b7\u6021\u5ead\u5feb\u6377\u9152\u5e97(\u53a6\u95e8\u4e2d\u5c71\u8def\u767d\u5170\u5e97)", "order_time": ["2019-01-08 01:56:36"], "total_order": 1, "hotel_value": ["4.4"], "hotel_price": ["126"]}, "1549905": {"hotel_name": "\u53a6\u95e8\u534a\u5c9b\u58f9\u53f7\u9152\u5e97", "order_time": ["2019-01-08 01:56:36"], "total_order": 1, "hotel_value": ["4.5"], "hotel_price": ["88"]}, "11021977": {"hotel_name": "\u53a6\u95e8oneday\u5c9b\u5c7f\u8bbe\u8ba1\u5e08\u6c11\u5bbf", "order_time": ["2019-01-08 01:56:38"], "total_order": 1, "hotel_value": ["4.8"], "hotel_price": ["456"]}, "669139": {"hotel_name": "\u53a6\u95e8\u4eac\u50ce\u9890\u8c6a\u9152\u5e97", "order_time": ["2019-01-08 01:58:32"], "total_order": 1, "hotel_value": ["4.7"], "hotel_price": ["383"]}, "6246343": {"hotel_name": "\u53a6\u95e8\u6162\u751f\u6d3b\u00b7\u6696\u5357\u7f8e\u5885", "order_time": ["2019-01-08 02:00:33"], "total_order": 1, "hotel_value": ["4.9"], "hotel_price": ["219"]}, "438496": {"hotel_name": "\u53a6\u95e8\u6e29\u6cc9\u6234\u65af\u9152\u5e97", "order_time": ["2019-01-08 02:00:33"], "total_order": 1, "hotel_value": ["4.4"], "hotel_price": ["254"]}, "438586": {"hotel_name": "\u53a6\u95e8\u5c71\u6c34\u4e3d\u666f\u5927\u9152\u5e97", "order_time": ["2019-01-08 02:00:33"], "total_order": 1, "hotel_value": ["4.4"], "hotel_price": ["380"]}, "1298704": {"hotel_name": "\u53a6\u95e8\u7f8e\u83f1\u6e7e\u9152\u5e97(\u539f\u4f1a\u5c55\u7f8e\u6797\u6e7e\u9152\u5e97)", "order_time": ["2019-01-08 02:02:34"], "total_order": 1, "hotel_value": ["4.4"], "hotel_price": ["342"]}, "5247286": {"hotel_name": "\u53a6\u95e8\u5fc3\u6e56\u5c1a\u5ba2\u5802\u6c11\u5bbf(\u539f\u53a6\u5927\u5c1a\u5ba2\u5802\u5ba2\u6808)", "order_time": ["2019-01-08 02:02:34"], "total_order": 1, "hotel_value": ["4.7"], "hotel_price": ["209"]}, "1066354": {"hotel_name": "\u6613\u4f70\u8fde\u9501\u65c5\u5e97(\u53a6\u95e8\u6d77\u5bcc\u5e97)", "order_time": ["2019-01-08 02:02:35"], "total_order": 1, "hotel_value": ["4.0"], "hotel_price": ["95"]}, "429225": {"hotel_name": "\u53a6\u95e8\u9e6d\u6c5f\u5bbe\u9986", "order_time": ["2019-01-08 02:02:36"], "total_order": 1, "hotel_value": ["4.8"], "hotel_price": ["525"]}, "2301227": {"hotel_name": "\u9526\u6c5f\u4e4b\u661f(\u53a6\u95e8\u674f\u6797\u5e97)", "order_time": ["2019-01-08 02:04:35"], "total_order": 1, "hotel_value": ["4.5"], "hotel_price": ["163"]}, "447297": {"hotel_name": "\u53a6\u95e8\u660e\u53d1\u56fd\u9645\u5927\u9152\u5e97", "order_time": ["2019-01-08 02:04:35"], "total_order": 1, "hotel_value": ["4.6"], "hotel_price": ["473"]}, "1247067": {"hotel_name": "\u53a6\u95e8\u5341\u56db\u4efd\u5ba2\u6808", "order_time": ["2019-01-08 02:04:35"], "total_order": 1, "hotel_value": ["4.9"], "hotel_price": ["119"]}, "1406225": {"hotel_name": "\u53a6\u95e8\u6211\u5609\u5c14\u7cbe\u54c1\u9152\u5e97", "order_time": ["2019-01-08 02:06:34"], "total_order": 1, "hotel_value": ["4.0"], "hotel_price": ["277"]}, "1477849": {"hotel_name": "\u9752\u5e74\u9633\u5149\u9152\u5e97(\u53a6\u95e8\u6d77\u5929\u5feb\u6377\u5e97)", "order_time": ["2019-01-08 02:06:34"], "total_order": 1, "hotel_value": ["4.7"], "hotel_price": ["158"]}, "440696": {"hotel_name": "\u53a6\u95e8\u9f13\u6d6a\u6e7e\u5927\u9152\u5e97", "order_time": ["2019-01-08 02:06:34"], "total_order": 1, "hotel_value": ["4.5"], "hotel_price": ["522"]}, "448912": {"hotel_name": "\u5982\u5bb6\u5feb\u6377\u9152\u5e97(\u53a6\u95e8\u706b\u8f66\u7ad9\u6e56\u6ee8\u4e1c\u8def\u9e3f\u8fd0\u5927\u53a6\u5e97)", "order_time": ["2019-01-08 02:06:34"], "total_order": 1, "hotel_value": ["4.3"], "hotel_price": ["127"]}, "929605": {"hotel_name": "\u53a6\u95e8\u9752\u5e74\u9633\u5149\u9152\u5e97(\u4e1c\u6e21\u53a6\u9f13\u90ae\u8f6e\u7801\u5934\u5e97)", "order_time": ["2019-01-08 02:06:34"], "total_order": 1, "hotel_value": ["4.2"], "hotel_price": ["150"]}, "428315": {"hotel_name": "\u5982\u5bb6\u5feb\u6377\u9152\u5e97(\u53a6\u95e8\u6587\u56ed\u8def\u6587\u7076\u5730\u94c1\u7ad9\u5e97)", "order_time": ["2019-01-08 02:06:34"], "total_order": 1, "hotel_value": ["4.4"], "hotel_price": ["105"]}, "1207050": {"hotel_name": "\u5982\u5bb6\u5feb\u6377\u9152\u5e97(\u53a6\u95e8\u4f1a\u5c55\u4e2d\u5fc3\u83b2\u524d\u897f\u8def\u5e97)", "order_time": ["2019-01-08 02:06:34"], "total_order": 1, "hotel_value": ["4.7"], "hotel_price": ["114"]}, "23237811": {"hotel_name": "\u53a6\u95e8\u5357\u56fd\u76f8\u601d\u5802", "order_time": ["2019-01-08 02:06:34"], "total_order": 1, "hotel_value": ["4.9"], "hotel_price": ["153"]}, "1417342": {"hotel_name": "\u53a6\u95e8\u7231\u7b51\u65f6\u5c1a\u7cbe\u54c1\u60c5\u4fa3\u4e3b\u9898\u9152\u5e97", "order_time": ["2019-01-08 02:06:34"], "total_order": 1, "hotel_value": ["4.4"], "hotel_price": ["174"]}, "11824869": {"hotel_name": "\u53a6\u95e8\u7f57\u66fc\u534e\u5ead\u5ea6\u5047\u57ce\u5821\u5e84\u56ed", "order_time": ["2019-01-08 02:06:34"], "total_order": 1, "hotel_value": ["4.9"], "hotel_price": ["122"]}, "700170": {"hotel_name": "\u541b\u5e1d\u6e7e\u9152\u5e97(\u53a6\u95e8\u5927\u5b66\u5e97)", "order_time": ["2019-01-08 02:06:34"], "total_order": 1, "hotel_value": ["4.5"], "hotel_price": ["191"]}, "6262851": {"hotel_name": "\u53a6\u95e8\u98de\u5bbf\u8fde\u9501\u5b89\u59ae\u00b7\u6735\u62c9\u5e84\u56ed", "order_time": ["2019-01-08 02:06:34"], "total_order": 1, "hotel_value": ["4.7"], "hotel_price": ["130"]}, "6023163": {"hotel_name": "\u53a6\u95e8\u5c1a\u5fb7\u8363\u9152\u5e97", "order_time": ["2019-01-08 02:06:34"], "total_order": 1, "hotel_value": ["4.5"], "hotel_price": ["140"]}, "606881": {"hotel_name": "\u53a6\u95e8\u946b\u8a89\u9686\u5927\u9152\u5e97", "order_time": ["2019-01-08 02:06:34"], "total_order": 1, "hotel_value": ["4.3"], "hotel_price": ["270"]}, "1305979": {"hotel_name": "\u91d1\u5b9d\u5927\u9152\u5e97(\u53a6\u95e8\u4e1c\u6e21\u6e38\u8f6e\u4e2d\u5fc3\u53a6\u9f13\u7801\u5934\u5e97)", "order_time": ["2019-01-08 02:06:34"], "total_order": 1, "hotel_value": ["4.5"], "hotel_price": ["270"]}, "438336": {"hotel_name": "\u53a6\u95e8\u5927\u4ebf\u9890\u8c6a\u9152\u5e97", "order_time": ["2019-01-08 02:06:34"], "total_order": 1, "hotel_value": ["4.3"], "hotel_price": ["182"]}, "2042480": {"hotel_name": "7\u5929\u8fde\u9501\u9152\u5e97(\u53a6\u95e8\u9f13\u6d6a\u5c7f\u7801\u5934\u5e97)", "order_time": ["2019-01-08 02:06:34"], "total_order": 1, "hotel_value": ["4.0"], "hotel_price": ["135"]}, "1405385": {"hotel_name": "\u6c49\u5ead\u9152\u5e97(\u53a6\u95e8\u96c6\u7f8e\u5927\u5b66\u5317\u5e97)", "order_time": ["2019-01-08 02:06:34"], "total_order": 1, "hotel_value": ["4.5"], "hotel_price": ["153"]}, "26420349": {"hotel_name": "\u53a6\u95e8\u9038\u5ba2\u5ea6\u5047\u522b\u5885", "order_time": ["2019-01-08 02:06:34"], "total_order": 1, "hotel_value": ["5.0"], "hotel_price": ["158"]}, "4029539": {"hotel_name": "\u53a6\u95e8\u98de\u5bbf\u8fde\u9501\u53cc\u5b50\u5885\u7687\u5bb6\u5ea6\u5047\u5e84\u56ed", "order_time": ["2019-01-08 02:06:34"], "total_order": 1, "hotel_value": ["4.8"], "hotel_price": ["151"]}, "2043594": {"hotel_name": "7\u5929\u8fde\u9501\u9152\u5e97(\u53a6\u95e8\u53f0\u6e7e\u8857\u5e97)", "order_time": ["2019-01-08 02:06:34"], "total_order": 1, "hotel_value": ["4.4"], "hotel_price": ["147"]}, "3722586": {"hotel_name": "\u9f13\u6d6a\u5c7f\u4ea6\u9601\u5ea6\u5047\u522b\u5885", "order_time": ["2019-01-08 02:06:34"], "total_order": 1, "hotel_value": ["4.6"], "hotel_price": ["473"]}, "11089626": {"hotel_name": "\u53a6\u95e8\u5c14\u7fd4\u9152\u5e97", "order_time": ["2019-01-08 02:06:36"], "total_order": 1, "hotel_value": ["4.5"], "hotel_price": ["352"]}, "1417330": {"hotel_name": "\u53a6\u95e8\u4e2d\u5c71\u5bbe\u9986", "order_time": ["2019-01-08 02:08:33"], "total_order": 1, "hotel_value": ["4.4"], "hotel_price": ["111"]}, "13970717": {"hotel_name": "\u53a6\u95e8\u5411\u5f80\u7684\u5ba2\u6808", "order_time": ["2019-01-08 02:08:34"], "total_order": 1, "hotel_value": ["4.8"], "hotel_price": ["66"]}, "23942133": {"hotel_name": "\u53a6\u95e8\u541b\u96c5\u8f7b\u5962\u9152\u5e97", "order_time": ["2019-01-08 02:10:32"], "total_order": 1, "hotel_value": ["4.8"], "hotel_price": ["274"]}, "7277750": {"hotel_name": "\u53a6\u95e8\u6b63\u5143\u5e0c\u5c14\u987f\u9038\u6797\u9152\u5e97", "order_time": ["2019-01-08 02:10:32"], "total_order": 1, "hotel_value": ["4.7"], "hotel_price": ["570"]}, "2152633": {"hotel_name": "\u53a6\u95e8\u540c\u5b89\u5bbe\u9986", "order_time": ["2019-01-08 02:10:33"], "total_order": 1, "hotel_value": ["4.1"], "hotel_price": ["148"]}, "26551979": {"hotel_name": "\u53a6\u95e8\u5e02\u541b\u60a6\u7cbe\u54c1\u516c\u5bd3", "order_time": ["2019-01-08 02:10:36"], "total_order": 1, "hotel_value": [0], "hotel_price": ["108"]}, "436735": {"hotel_name": "\u753b\u5eca\u65c5\u9986(\u9f13\u6d6a\u5c7f\u83ab\u5948\u82b1\u56ed\u5e97)(\u539f\u6bd3\u56ed\u9986)", "order_time": ["2019-01-08 02:12:34"], "total_order": 1, "hotel_value": ["4.9"], "hotel_price": ["442"]}, "1535937": {"hotel_name": "\u6c49\u5ead\u9152\u5e97(\u53a6\u95e8\u660e\u53d1\u5e7f\u573a\u5e97)", "order_time": ["2019-01-08 02:12:34"], "total_order": 1, "hotel_value": ["4.2"], "hotel_price": ["116"]}, "6510448": {"hotel_name": "\u53a6\u95e8\u4e09\u4e2a\u53a6\u5927\u4eba\u4e03\u5f26\u5c45\u6c11\u5bbf", "order_time": ["2019-01-08 02:12:34"], "total_order": 1, "hotel_value": ["4.9"], "hotel_price": ["183"]}, "1346900": {"hotel_name": "\u53a6\u95e88090\u9152\u5e97", "order_time": ["2019-01-08 02:12:34"], "total_order": 1, "hotel_value": ["4.3"], "hotel_price": ["199"]}, "4817706": {"hotel_name": "\u53a6\u95e8\u4e09\u4e2a\u53a6\u5927\u4ebakiwi\u6c11\u5bbf", "order_time": ["2019-01-08 02:14:32"], "total_order": 1, "hotel_value": ["4.9"], "hotel_price": ["277"]}, "11674193": {"hotel_name": "\u53a6\u95e8\u5927\u5b66\u81f4\u6717\u6d77\u666f\u516c\u5bd3(\u539f\u4e16\u8302\u6d77\u5cb8\u5ea6\u5047\u9152\u5e97\u516c\u5bd3)", "order_time": ["2019-01-08 02:14:33"], "total_order": 1, "hotel_value": ["4.9"], "hotel_price": ["402"]}, "6571121": {"hotel_name": "\u53a6\u95e8\u4e00\u5e2d\u81fb\u54c1\u8f7b\u5962\u9a7f\u7ad9", "order_time": ["2019-01-08 02:14:33"], "total_order": 1, "hotel_value": ["4.9"], "hotel_price": ["144"]}, "438748": {"hotel_name": "\u53a6\u95e8\u6210\u529f\u5927\u9152\u5e97", "order_time": ["2019-01-08 02:14:34"], "total_order": 1, "hotel_value": ["4.2"], "hotel_price": ["262"]}, "1904341": {"hotel_name": "7\u5929\u4f18\u54c1\u9152\u5e97(\u53a6\u95e8\u4e2d\u5c71\u8def\u6b65\u884c\u8857\u5e97)", "order_time": ["2019-01-08 02:16:32"], "total_order": 1, "hotel_value": ["4.1"], "hotel_price": ["138"]}, "2298734": {"hotel_name": "\u9526\u6c5f\u4e4b\u661f(\u53a6\u95e8\u96c6\u7f8e\u5b66\u6751\u5e97)", "order_time": ["2019-01-08 02:16:34"], "total_order": 1, "hotel_value": ["4.4"], "hotel_price": ["149"]}, "1815857": {"hotel_name": "\u53a6\u95e8\u4f73\u50a2\u5feb\u6377\u9152\u5e97", "order_time": ["2019-01-08 02:18:33"], "total_order": 1, "hotel_value": ["3.9"], "hotel_price": ["105"]}, "1916061": {"hotel_name": "\u540d\u5178\u5546\u65c5\u9152\u5e97(\u53a6\u95e8\u674f\u6797\u5e97)", "order_time": ["2019-01-08 02:18:34"], "total_order": 1, "hotel_value": ["4.1"], "hotel_price": ["224"]}, "2074390": {"hotel_name": "\u53a6\u95e8\u5317\u7ad9\u5b89\u6021\u5c45\u5ba2\u6808", "order_time": ["2019-01-08 02:20:34"], "total_order": 1, "hotel_value": ["4.7"], "hotel_price": ["83"]}, "5764803": {"hotel_name": "\u53a6\u95e8\u753b\u5eca\u65c5\u9986\u4e16\u5916\u6843\u6e90\u9986", "order_time": ["2019-01-08 02:20:34"], "total_order": 1, "hotel_value": ["4.9"], "hotel_price": ["150"]}, "2303793": {"hotel_name": "\u53a6\u95e8\u946b\u5b89\u5b9a\u65c5\u9986(\u539f\u5b89\u5b9a\u9152\u5e97(\u53a6\u95e8\u4e2d\u5c71\u8def\u5e97))", "order_time": ["2019-01-08 02:20:36"], "total_order": 1, "hotel_value": ["4.3"], "hotel_price": ["103"]}}}