{"\u5f00\u59cb\u8bb0\u5f55\u65f6\u95f4": "2019-01-22 03:55:06", "\u7ed3\u675f\u8bb0\u5f55\u65f6\u95f4": "2019-01-22 04:55:06", "\u8ba2\u5355\u603b\u589e\u91cf": 35, "item": {"346271": {"hotel_name": "\u53a6\u95e8\u559c\u6765\u767b\u9152\u5e97", "order_time": ["2019-01-22 04:03:27"], "total_order": 1, "hotel_value": ["4.5"], "hotel_price": ["826"]}, "2561902": {"hotel_name": "\u53a6\u95e8\u7231\u83b1\u9152\u5e97\u516c\u5bd3", "order_time": ["2019-01-22 04:03:28"], "total_order": 1, "hotel_value": ["4.7"], "hotel_price": ["161"]}, "708068": {"hotel_name": "\u53a6\u95e8\u6162\u751f\u6d3b\u00b7\u65b0\u5bbf\u522b\u9662", "order_time": ["2019-01-22 04:03:38"], "total_order": 1, "hotel_value": ["4.9"], "hotel_price": ["309"]}, "13985423": {"hotel_name": "\u53a6\u95e8\u4e00\u5e2d\u00b7\u9752\u5ddd\u6d77\u666f\u9a7f\u6808", "order_time": ["2019-01-22 04:05:40"], "total_order": 1, "hotel_value": ["4.9"], "hotel_price": ["154"]}, "1916465": {"hotel_name": "\u53a6\u95e8\u68a6\u5ead\u5feb\u6377\u9152\u5e97", "order_time": ["2019-01-22 04:06:08"], "total_order": 1, "hotel_value": ["4.4"], "hotel_price": ["89"]}, "375295": {"hotel_name": "\u53a6\u95e8\u7fd4\u9e6d\u56fd\u9645\u5927\u9152\u5e97", "order_time": ["2019-01-22 04:07:34"], "total_order": 1, "hotel_value": ["4.4"], "hotel_price": ["290"]}, "789775": {"hotel_name": "\u5408\u4f73\u9152\u5e97(\u53a6\u95e8\u5c06\u519b\u7960\u5730\u94c1\u7ad9\u5e97)", "order_time": ["2019-01-22 04:07:35"], "total_order": 1, "hotel_value": ["4.6"], "hotel_price": ["163"]}, "2306991": {"hotel_name": "\u53a6\u95e8\u60a0\u5c45\u9a7f\u7ad9\u9152\u5e97", "order_time": ["2019-01-22 04:07:42"], "total_order": 1, "hotel_value": ["4.0"], "hotel_price": ["88"]}, "7123043": {"hotel_name": "\u53a6\u95e8\u9e6d\u6c5f\u00b7\u4f72\u5bb6\u9152\u5e97", "order_time": ["2019-01-22 04:09:26"], "total_order": 1, "hotel_value": ["4.7"], "hotel_price": ["699"]}, "428700": {"hotel_name": "\u5982\u5bb6\u5feb\u6377\u9152\u5e97(\u53a6\u95e8\u4e1c\u6e21\u9f13\u6d6a\u5c7f\u7801\u5934\u5e97)(\u539f\u4e1c\u6e21\u90ae\u8f6e\u4e2d\u5fc3\u53a6\u9f13\u7801\u5934\u5e97)", "order_time": ["2019-01-22 04:11:29"], "total_order": 1, "hotel_value": ["4.3"], "hotel_price": ["101"]}, "457043": {"hotel_name": "\u9752\u5e74\u9633\u5149\u9152\u5e97(\u53a6\u95e8\u4e2d\u5c71\u8def\u5e97)(\u539f\u540e\u6ee8\u4e2a\u6027\u5e97)", "order_time": ["2019-01-22 04:43:23", "2019-01-22 04:11:33"], "total_order": 2, "hotel_value": ["4.7", "4.7"], "hotel_price": ["141", "141"]}, "26420349": {"hotel_name": "\u53a6\u95e8\u9038\u5ba2\u5ea6\u5047\u522b\u5885", "order_time": ["2019-01-22 04:11:46"], "total_order": 1, "hotel_value": ["4.9"], "hotel_price": ["178"]}, "1510329": {"hotel_name": "\u53a6\u95e8\u541b\u96c5\u5047\u65e5\u9152\u5e97", "order_time": ["2019-01-22 04:13:35"], "total_order": 1, "hotel_value": ["4.7"], "hotel_price": ["114"]}, "1227399": {"hotel_name": "\u5bb6\u5bb6\u4e50\u9152\u5e97(\u53a6\u95e8\u4e2d\u5c71\u8def\u9547\u90a6\u5e97)", "order_time": ["2019-01-22 04:15:25"], "total_order": 1, "hotel_value": ["4.3"], "hotel_price": ["130"]}, "1926681": {"hotel_name": "\u53a6\u95e8\u5eb7\u6052\u5efa\u7fa4\u9152\u5e97", "order_time": ["2019-01-22 04:15:33"], "total_order": 1, "hotel_value": ["3.5"], "hotel_price": ["118"]}, "443333": {"hotel_name": "\u9752\u5e74\u9633\u5149\u8fde\u9501\u9152\u5e97(\u53a6\u95e8\u65b9\u7279\u68a6\u5e7b\u540c\u5b89\u5e97)(\u539f\u540c\u5b89\u5e97)", "order_time": ["2019-01-22 04:15:34"], "total_order": 1, "hotel_value": ["4.5"], "hotel_price": ["116"]}, "5769460": {"hotel_name": "\u53a6\u95e8\u5468\u6708\u4e3b\u9898\u5bbe\u9986", "order_time": ["2019-01-22 04:15:42"], "total_order": 1, "hotel_value": ["3.3"], "hotel_price": ["118"]}, "5979762": {"hotel_name": "\u53a6\u95e8\u5927\u5b66\u4e91\u4e0a\u6d77\u5c45", "order_time": ["2019-01-22 04:17:27"], "total_order": 1, "hotel_value": ["4.8"], "hotel_price": ["511"]}, "440464": {"hotel_name": "\u590f\u5546\u6021\u7fd4\u9152\u5e97(\u53a6\u95e8\u4e2d\u5c71\u8def\u534e\u90fd\u5e97)", "order_time": ["2019-01-22 04:17:33"], "total_order": 1, "hotel_value": ["4.6"], "hotel_price": ["294"]}, "2152633": {"hotel_name": "\u53a6\u95e8\u540c\u5b89\u5bbe\u9986", "order_time": ["2019-01-22 04:17:38"], "total_order": 1, "hotel_value": ["4.1"], "hotel_price": ["154"]}, "13912439": {"hotel_name": "\u53a6\u95e8\u6620\u96ea\u8f7b\u5962\u9152\u5e97", "order_time": ["2019-01-22 04:19:34"], "total_order": 1, "hotel_value": ["4.9"], "hotel_price": ["259"]}, "929699": {"hotel_name": "\u53a6\u95e8\u6c81\u82d1\u9152\u5e97(\u539f\u9e6d\u7965\u9152\u5e97)", "order_time": ["2019-01-22 04:19:47"], "total_order": 1, "hotel_value": ["4.0"], "hotel_price": ["108"]}, "1504688": {"hotel_name": "\u53a6\u95e8\u4e1c\u65b9\u540d\u6bbf\u9152\u5e97", "order_time": ["2019-01-22 04:22:07"], "total_order": 1, "hotel_value": ["4.0"], "hotel_price": ["312"]}, "346257": {"hotel_name": "\u53a6\u95e8\u6d77\u666f\u5343\u79a7\u5927\u9152\u5e97", "order_time": ["2019-01-22 04:23:28"], "total_order": 1, "hotel_value": ["4.5"], "hotel_price": ["590"]}, "346248": {"hotel_name": "\u53a6\u95e8\u6cf0\u8c37\u9152\u5e97", "order_time": ["2019-01-22 04:23:30"], "total_order": 1, "hotel_value": ["4.7"], "hotel_price": ["398"]}, "437770": {"hotel_name": "\u53a6\u95e8\u79be\u6b63\u5927\u9152\u5e97", "order_time": ["2019-01-22 04:23:39"], "total_order": 1, "hotel_value": ["4.2"], "hotel_price": ["146"]}, "434801": {"hotel_name": "\u53a6\u95e8\u51ef\u88d5\u7f8e\u7235\u9152\u5e97", "order_time": ["2019-01-22 04:25:35"], "total_order": 1, "hotel_value": ["4.5"], "hotel_price": ["499"]}, "2088412": {"hotel_name": "\u9526\u6c5f\u4e4b\u661f(\u53a6\u95e8\u4f1a\u5c55\u4e2d\u5fc3\u73af\u5c9b\u8def\u5e97)", "order_time": ["2019-01-22 04:31:28"], "total_order": 1, "hotel_value": ["4.4"], "hotel_price": ["227"]}, "1707615": {"hotel_name": "\u53a6\u95e8\u7231\u5c1a\u4f18\u9a7f\u9152\u5e97", "order_time": ["2019-01-22 04:33:26"], "total_order": 1, "hotel_value": ["4.5"], "hotel_price": ["109"]}, "717916": {"hotel_name": "\u53a6\u95e8\u6717\u8c6a\u9152\u5e97", "order_time": ["2019-01-22 04:33:32"], "total_order": 1, "hotel_value": ["4.6"], "hotel_price": ["799"]}, "474586": {"hotel_name": "\u5982\u5bb6\u8054\u76df\u00b7\u53a6\u95e8\u6591\u6593\u9152\u5e97(\u539f\u91d1\u5e1d\u9152\u5e97)", "order_time": ["2019-01-22 04:35:33"], "total_order": 1, "hotel_value": ["4.8"], "hotel_price": ["263"]}, "1518540": {"hotel_name": "\u53a6\u95e8\u4e09\u4e2a\u53a6\u5927\u4eba\u00b7\u51e0\u7ef43\u53f7\u9662", "order_time": ["2019-01-22 04:43:31"], "total_order": 1, "hotel_value": ["4.8"], "hotel_price": ["233"]}, "432094": {"hotel_name": "\u53a6\u95e8\u7f8e\u4ed1\u65b9\u4e4b\u7f18\u9152\u5e97", "order_time": ["2019-01-22 04:47:27"], "total_order": 1, "hotel_value": ["4.7"], "hotel_price": ["188"]}, "1195853": {"hotel_name": "\u53a6\u95e8\u610f\u4f73\u9152\u5e97", "order_time": ["2019-01-22 04:53:37"], "total_order": 1, "hotel_value": ["4.4"], "hotel_price": ["99"]}}}