{"\u5f00\u59cb\u8bb0\u5f55\u65f6\u95f4": "2019-01-16 21:41:04", "\u7ed3\u675f\u8bb0\u5f55\u65f6\u95f4": "2019-01-16 22:41:04", "\u8ba2\u5355\u603b\u589e\u91cf": 454, "item": {"467592": {"hotel_name": "\u53a6\u95e8\u7f8e\u4ed1\u91d1\u60a6\u9152\u5e97", "order_time": ["2019-01-16 21:47:29", "2019-01-16 21:43:21"], "total_order": 2, "hotel_value": ["4.7", "4.7"], "hotel_price": ["178", "178"]}, "6477755": {"hotel_name": "\u53a6\u95e8\u9f13\u6d6a\u5c7f\u8336\u8bed\u65f6\u5149\u94a2\u7434\u65c5\u9986", "order_time": ["2019-01-16 22:01:32", "2019-01-16 22:21:21", "2019-01-16 21:43:22"], "total_order": 3, "hotel_value": ["4.8", "4.8", "4.8"], "hotel_price": ["78", "78", "78"]}, "1540062": {"hotel_name": "\u4e45\u6816\u00b7\u9f13\u6d6a\u5c7f\u6d77\u5cb8\u82b1\u65c5\u9986", "order_time": ["2019-01-16 21:57:28", "2019-01-16 21:43:22"], "total_order": 2, "hotel_value": ["4.9", "4.9"], "hotel_price": ["109", "109"]}, "375293": {"hotel_name": "\u53a6\u95e8\u95fd\u5357\u5927\u9152\u5e97", "order_time": ["2019-01-16 21:43:24"], "total_order": 1, "hotel_value": ["4.6"], "hotel_price": ["358"]}, "11161289": {"hotel_name": "\u53a6\u95e8\u82b1\u90b8\u7cbe\u54c1\u6c11\u5bbf", "order_time": ["2019-01-16 21:43:27"], "total_order": 1, "hotel_value": ["4.9"], "hotel_price": ["316"]}, "1478830": {"hotel_name": "\u53a6\u95e8\u9f13\u6d6a\u5c7f\u5c0f\u8309\u8389\u65c5\u9986", "order_time": ["2019-01-16 21:43:28"], "total_order": 1, "hotel_value": ["4.7"], "hotel_price": ["152"]}, "7934581": {"hotel_name": "\u53a6\u95e8\u6d77\u6ca7\u6e7e\u4e9a\u6735\u9152\u5e97", "order_time": ["2019-01-16 21:43:29"], "total_order": 1, "hotel_value": ["4.8"], "hotel_price": ["339"]}, "472358": {"hotel_name": "\u53a6\u95e8\u6e29\u5c3c\u65af\u4f9d\u8bfa\u6d77\u6d77\u666f\u5ea6\u5047\u522b\u5885", "order_time": ["2019-01-16 21:43:30"], "total_order": 1, "hotel_value": ["4.9"], "hotel_price": ["365"]}, "425692": {"hotel_name": "\u53a6\u95e8\u6d77\u60a6\u5c71\u5e84\u9152\u5e97", "order_time": ["2019-01-16 21:43:32"], "total_order": 1, "hotel_value": ["4.8"], "hotel_price": ["813"]}, "428893": {"hotel_name": "\u53a6\u95e8\u5bbe\u9986", "order_time": ["2019-01-16 21:43:32"], "total_order": 1, "hotel_value": ["4.8"], "hotel_price": ["406"]}, "6485412": {"hotel_name": "\u53a6\u95e8\u4e94\u7f18\u6e7e\u51ef\u60a6\u9152\u5e97", "order_time": ["2019-01-16 21:43:32"], "total_order": 1, "hotel_value": ["4.7"], "hotel_price": ["826"]}, "2169704": {"hotel_name": "\u53a6\u95e8\u5927\u5b6693\u5b66\u820d\u5ba2\u6808", "order_time": ["2019-01-16 21:43:33"], "total_order": 1, "hotel_value": ["4.7"], "hotel_price": ["93"]}, "6551033": {"hotel_name": "\u683c\u6797\u8054\u76df(\u53a6\u95e8\u706b\u8f66\u7ad9\u4f53\u80b2\u4e2d\u5fc3\u5e97)", "order_time": ["2019-01-16 21:43:33"], "total_order": 1, "hotel_value": ["4.3"], "hotel_price": ["139"]}, "1762526": {"hotel_name": "\u53a6\u95e8\u5170\u7434\u53e4\u539d\u9152\u5e97", "order_time": ["2019-01-16 21:43:34"], "total_order": 1, "hotel_value": ["4.6"], "hotel_price": ["268"]}, "771640": {"hotel_name": "\u8d1d\u58f3\u9152\u5e97(\u53a6\u95e8\u5927\u5b66\u5e97)", "order_time": ["2019-01-16 21:43:35"], "total_order": 1, "hotel_value": ["4.1"], "hotel_price": ["241"]}, "1018033": {"hotel_name": "\u53a6\u95e8\u5317\u7ad9\u5947\u65fa\u65c5\u9986", "order_time": ["2019-01-16 21:43:37"], "total_order": 1, "hotel_value": ["4.7"], "hotel_price": ["83"]}, "1352907": {"hotel_name": "\u53a6\u95e8\u9f13\u6d6a\u5c7f\u98ce\u67dc\u98df\u5ba2\u6808", "order_time": ["2019-01-16 21:43:46"], "total_order": 1, "hotel_value": ["4.7"], "hotel_price": ["166"]}, "25046953": {"hotel_name": "\u53a6\u95e8\u7fd4\u65fa\u5bbe\u9986", "order_time": ["2019-01-16 21:43:47"], "total_order": 1, "hotel_value": ["5.0"], "hotel_price": ["68"]}, "21124606": {"hotel_name": "\u53a6\u95e8\u4eab\u7b51\u6d77\u8fb9\u5ea6\u5047\u65c5\u9986", "order_time": ["2019-01-16 21:43:49"], "total_order": 1, "hotel_value": ["5.0"], "hotel_price": ["134"]}, "23238710": {"hotel_name": "\u53a6\u95e8\u541b\u69ad\u00b7\u52ff\u820d\u5ba2\u6808", "order_time": ["2019-01-16 21:44:00", "2019-01-16 22:31:59"], "total_order": 2, "hotel_value": ["4.9", "4.9"], "hotel_price": ["220", "220"]}, "4814804": {"hotel_name": "\u6c49\u5ead\u9152\u5e97(\u53a6\u95e8\u4f1a\u5c55\u4e2d\u5fc3\u5e97)(\u539f\u5fb7\u5c45\u5bbe\u9986)", "order_time": ["2019-01-16 21:44:00"], "total_order": 1, "hotel_value": ["4.6"], "hotel_price": ["167"]}, "438748": {"hotel_name": "\u53a6\u95e8\u6210\u529f\u5927\u9152\u5e97", "order_time": ["2019-01-16 21:45:25"], "total_order": 1, "hotel_value": ["4.2"], "hotel_price": ["266"]}, "432895": {"hotel_name": "\u82cf\u6258\u4e9a(\u9f13\u6d6a\u5c7f\u5de2\u5ead1919\u5e97)", "order_time": ["2019-01-16 21:45:25"], "total_order": 1, "hotel_value": ["4.8"], "hotel_price": ["289"]}, "429225": {"hotel_name": "\u53a6\u95e8\u9e6d\u6c5f\u5bbe\u9986", "order_time": ["2019-01-16 21:45:25"], "total_order": 1, "hotel_value": ["4.8"], "hotel_price": ["525"]}, "432094": {"hotel_name": "\u53a6\u95e8\u7f8e\u4ed1\u65b9\u4e4b\u7f18\u9152\u5e97", "order_time": ["2019-01-16 21:45:25"], "total_order": 1, "hotel_value": ["4.7"], "hotel_price": ["182"]}, "346273": {"hotel_name": "\u53a6\u95e8\u78d0\u57fa\u5e0c\u5c14\u987f\u9152\u5e97", "order_time": ["2019-01-16 21:45:26"], "total_order": 1, "hotel_value": ["4.6"], "hotel_price": ["767"]}, "14261979": {"hotel_name": "\u53a6\u95e8\u7075\u73b2\u5927\u9152\u5e97", "order_time": ["2019-01-16 21:45:26"], "total_order": 1, "hotel_value": ["4.5"], "hotel_price": ["402"]}, "2313328": {"hotel_name": "\u5982\u5bb6\u5feb\u6377\u9152\u5e97(\u53a6\u95e8\u673a\u573a\u9a6c\u5785\u5e97)", "order_time": ["2019-01-16 21:45:27", "2019-01-16 21:51:29"], "total_order": 2, "hotel_value": ["4.5", "4.5"], "hotel_price": ["199", "199"]}, "514344": {"hotel_name": "\u53a6\u95e8\u94c2\u5c14\u6e7e\u9152\u5e97", "order_time": ["2019-01-16 21:45:27", "2019-01-16 22:19:28"], "total_order": 2, "hotel_value": ["4.1", "4.1"], "hotel_price": ["118", "118"]}, "28525229": {"hotel_name": "\u53a6\u95e8\u96c5\u7434\u4f73\u5c45\u516c\u5bd3", "order_time": ["2019-01-16 21:45:28"], "total_order": 1, "hotel_value": ["4.9"], "hotel_price": ["101"]}, "1916061": {"hotel_name": "\u540d\u5178\u5546\u65c5\u9152\u5e97(\u53a6\u95e8\u674f\u6797\u5e97)", "order_time": ["2019-01-16 21:45:30"], "total_order": 1, "hotel_value": ["4.1"], "hotel_price": ["230"]}, "1938588": {"hotel_name": "\u53a6\u95e8OTS\u8bbe\u8ba1\u578b\u6c11\u5bbf", "order_time": ["2019-01-16 21:45:30"], "total_order": 1, "hotel_value": ["4.9"], "hotel_price": ["153"]}, "1284505": {"hotel_name": "\u82b1\u7b51\u00b7\u53a6\u95e8\u4e0d\u8c61\u975e\u5ba2\u6808", "order_time": ["2019-01-16 22:23:29", "2019-01-16 21:45:31"], "total_order": 2, "hotel_value": ["4.9", "4.9"], "hotel_price": ["228", "228"]}, "2280697": {"hotel_name": "\u53a6\u95e8\u77f3\u5bbf\u6d77\u666f\u6c11\u5bbf", "order_time": ["2019-01-16 21:45:32"], "total_order": 1, "hotel_value": ["4.7"], "hotel_price": ["907"]}, "2890185": {"hotel_name": "\u6021\u5bb6\u516c\u5bd3(\u53a6\u95e8\u673a\u573a\u5e97)", "order_time": ["2019-01-16 22:20:00", "2019-01-16 21:45:44"], "total_order": 2, "hotel_value": ["4.6", "4.6"], "hotel_price": ["115", "110"]}, "2605823": {"hotel_name": "\u53a6\u95e8\u66fc\u53ef\u9152\u5e97", "order_time": ["2019-01-16 21:45:44"], "total_order": 1, "hotel_value": ["3.9"], "hotel_price": ["92"]}, "445336": {"hotel_name": "\u5b9c\u5c1a\u9152\u5e97(\u53a6\u95e8\u706b\u8f66\u7ad9\u5e97)", "order_time": ["2019-01-16 21:45:55"], "total_order": 1, "hotel_value": ["4.8"], "hotel_price": ["265"]}, "3925042": {"hotel_name": "\u53a6\u95e8\u540d\u95e8\u76db\u4e16\u00b7\u6587\u5316\u9152\u5e97", "order_time": ["2019-01-16 21:47:21"], "total_order": 1, "hotel_value": ["4.8"], "hotel_price": ["195"]}, "1065306": {"hotel_name": "\u9f13\u6d6a\u5c7f\u516d\u60a6\u6d77\u666f\u9152\u5e97(\u539f\u516d\u60a6\u82b1\u56ed\u9152\u5e97)", "order_time": ["2019-01-16 21:47:22", "2019-01-16 21:49:25"], "total_order": 2, "hotel_value": ["4.7", "4.7"], "hotel_price": ["231", "231"]}, "12092426": {"hotel_name": "\u53a6\u95e8\u91d1\u5c0f\u59d0\u522b\u9662(\u539f\u9999\u683c\u91cc\u5885\u5ea6\u5047\u5e84\u56ed)", "order_time": ["2019-01-16 21:47:22"], "total_order": 1, "hotel_value": ["4.9"], "hotel_price": ["118"]}, "4041819": {"hotel_name": "\u5bb6\u5bb6\u4e50\u9152\u5e97\uff08\u53a6\u95e8\u4e2d\u5c71\u8def\u6b65\u884c\u8857\u5e97\uff09", "order_time": ["2019-01-16 21:47:23"], "total_order": 1, "hotel_value": ["4.4"], "hotel_price": ["154"]}, "440397": {"hotel_name": "\u7231\u4e01\u5821\u9152\u5e97(\u53a6\u95e8\u53a6\u9f13\u7801\u5934\u5e97)(\u539f\u9890\u9526\u9152\u5e97)", "order_time": ["2019-01-16 21:47:23"], "total_order": 1, "hotel_value": ["4.5"], "hotel_price": ["99"]}, "15849666": {"hotel_name": "\u5168\u5b63\u9152\u5e97(\u53a6\u95e8\u5317\u7ad9\u674f\u6797\u6e7e\u8def\u5e97)", "order_time": ["2019-01-16 21:47:23"], "total_order": 1, "hotel_value": ["4.7"], "hotel_price": ["322"]}, "23625312": {"hotel_name": "\u53a6\u95e8\u4e91\u820d\u96c5\u5c45\u516c\u5bd3", "order_time": ["2019-01-16 21:47:25"], "total_order": 1, "hotel_value": ["4.7"], "hotel_price": ["148"]}, "15718121": {"hotel_name": "\u53a6\u95e8\u66fe\u539d\u57b5\u4e00\u683c\u6816\u5bbf", "order_time": ["2019-01-16 21:47:26", "2019-01-16 22:35:20"], "total_order": 2, "hotel_value": ["4.9", "4.9"], "hotel_price": ["227", "227"]}, "789775": {"hotel_name": "\u5408\u4f73\u9152\u5e97(\u53a6\u95e8\u5c06\u519b\u7960\u5730\u94c1\u7ad9\u5e97)", "order_time": ["2019-01-16 21:47:26"], "total_order": 1, "hotel_value": ["4.6"], "hotel_price": ["163"]}, "346248": {"hotel_name": "\u53a6\u95e8\u6cf0\u8c37\u9152\u5e97", "order_time": ["2019-01-16 21:47:28"], "total_order": 1, "hotel_value": ["4.7"], "hotel_price": ["398"]}, "436708": {"hotel_name": "\u53a6\u95e8\u91d1\u540e\u9152\u5e97", "order_time": ["2019-01-16 21:47:29"], "total_order": 1, "hotel_value": ["4.6"], "hotel_price": ["216"]}, "2290014": {"hotel_name": "\u53a6\u95e8\u541b\u6021\u9152\u5e97", "order_time": ["2019-01-16 21:47:29"], "total_order": 1, "hotel_value": ["4.7"], "hotel_price": ["286"]}, "419463": {"hotel_name": "\u53a6\u95e8\u534e\u4fa8\u5927\u53a6", "order_time": ["2019-01-16 21:47:29"], "total_order": 1, "hotel_value": ["4.7"], "hotel_price": ["298"]}, "2301832": {"hotel_name": "7\u5929\u8fde\u9501\u9152\u5e97(\u53a6\u95e8\u4e2d\u5c71\u8def\u8f6e\u6e21\u5e97)", "order_time": ["2019-01-16 21:47:29"], "total_order": 1, "hotel_value": ["4.1"], "hotel_price": ["135"]}, "2074390": {"hotel_name": "\u53a6\u95e8\u5317\u7ad9\u5b89\u6021\u5c45\u5ba2\u6808", "order_time": ["2019-01-16 21:47:35"], "total_order": 1, "hotel_value": ["4.7"], "hotel_price": ["83"]}, "2382169": {"hotel_name": "\u53a6\u95e8\u7687\u90fd\u5546\u52a1\u9152\u5e97", "order_time": ["2019-01-16 21:47:37"], "total_order": 1, "hotel_value": ["3.8"], "hotel_price": ["131"]}, "28089350": {"hotel_name": "\u53a6\u95e8\u732b\u5bbf\u5ba2\u6808", "order_time": ["2019-01-16 21:47:39"], "total_order": 1, "hotel_value": ["5.0"], "hotel_price": ["161"]}, "1735109": {"hotel_name": "\u53a6\u95e8\u5e0c\u9601\u82b1\u56ed\u9152\u5e97(\u539f\u5e0c\u9601\u9152\u5e97)", "order_time": ["2019-01-16 21:49:24"], "total_order": 1, "hotel_value": ["4.7"], "hotel_price": ["257"]}, "15899701": {"hotel_name": "\u6854\u5b50\u9152\u5e97\u7cbe\u9009(\u53a6\u95e8\u673a\u573a\u6210\u529f\u5927\u9053\u5e97)", "order_time": ["2019-01-16 21:49:24"], "total_order": 1, "hotel_value": ["4.8"], "hotel_price": ["360"]}, "2152627": {"hotel_name": "\u7f8e\u8c6a\u9152\u5e97(\u53a6\u95e8\u5e97)", "order_time": ["2019-01-16 21:49:24"], "total_order": 1, "hotel_value": ["4.7"], "hotel_price": ["436"]}, "2297567": {"hotel_name": "\u65af\u94c2\u745e\u57ce\u5e02\u9152\u5e97(\u53a6\u95e8\u4e2d\u5c71\u516c\u56ed\u5730\u94c1\u7ad9\u5e97)(\u539f\u4e2d\u5c71\u8def\u6b65\u884c\u8857\u5e97)", "order_time": ["2019-01-16 22:07:20", "2019-01-16 21:49:25"], "total_order": 2, "hotel_value": ["4.7", "4.7"], "hotel_price": ["98", "98"]}, "1730297": {"hotel_name": "\u53a6\u95e8\u9f13\u6d6a\u5c7f\u7434\u6d77\u5e84\u56ed\u6d77\u666f\u9152\u5e97", "order_time": ["2019-01-16 21:49:25"], "total_order": 1, "hotel_value": ["4.6"], "hotel_price": ["318"]}, "470603": {"hotel_name": "\u53a6\u95e8\u745e\u63d0\u62c9\u9152\u5e97", "order_time": ["2019-01-16 21:49:25"], "total_order": 1, "hotel_value": ["4.5"], "hotel_price": ["336"]}, "469816": {"hotel_name": "\u53a6\u95e8\u5723\u5e0c\u7f57\u9152\u5e97", "order_time": ["2019-01-16 21:49:25"], "total_order": 1, "hotel_value": ["4.4"], "hotel_price": ["266"]}, "2088412": {"hotel_name": "\u9526\u6c5f\u4e4b\u661f(\u53a6\u95e8\u4f1a\u5c55\u4e2d\u5fc3\u73af\u5c9b\u8def\u5e97)", "order_time": ["2019-01-16 21:49:26"], "total_order": 1, "hotel_value": ["4.4"], "hotel_price": ["244"]}, "1477849": {"hotel_name": "\u9752\u5e74\u9633\u5149\u9152\u5e97(\u53a6\u95e8\u6d77\u5929\u5feb\u6377\u5e97)", "order_time": ["2019-01-16 22:29:22", "2019-01-16 22:37:26", "2019-01-16 21:49:31"], "total_order": 3, "hotel_value": ["4.7", "4.7", "4.7"], "hotel_price": ["140", "140", "140"]}, "686159": {"hotel_name": "\u54c1\u90fd\u9152\u5e97(\u53a6\u95e8\u4e2d\u5c71\u8def\u5e97)", "order_time": ["2019-01-16 21:49:32"], "total_order": 1, "hotel_value": ["4.5"], "hotel_price": ["135"]}, "690163": {"hotel_name": "\u5168\u5b63\u9152\u5e97(\u53a6\u95e8\u673a\u573a\u6e56\u91cc\u5927\u9053\u5e97)", "order_time": ["2019-01-16 21:49:33"], "total_order": 1, "hotel_value": ["4.8"], "hotel_price": ["341"]}, "2302833": {"hotel_name": "7\u5929\u8fde\u9501\u9152\u5e97(\u53a6\u95e8\u5317\u7ad9\u96c6\u7f8e\u5927\u5b66\u5e97)", "order_time": ["2019-01-16 21:49:35"], "total_order": 1, "hotel_value": ["4.5"], "hotel_price": ["159"]}, "6955152": {"hotel_name": "\u53a6\u95e8\u541b\u96c5\u65f6\u5c1a\u9152\u5e97(\u539f\u4e98\u91d1\u9152\u5e97)", "order_time": ["2019-01-16 21:49:35"], "total_order": 1, "hotel_value": ["4.8"], "hotel_price": ["75"]}, "5982442": {"hotel_name": "\u53a6\u95e8\u52aa\u52aa\u9752\u5e74\u65c5\u820d", "order_time": ["2019-01-16 21:49:43"], "total_order": 1, "hotel_value": ["4.7"], "hotel_price": ["76"]}, "5241104": {"hotel_name": "\u53a6\u95e8\u98de\u5bbf\u8fde\u9501\u82f1\u4f26\u4f2f\u7235\u5e84\u56ed", "order_time": ["2019-01-16 22:05:40", "2019-01-16 21:49:43"], "total_order": 2, "hotel_value": ["4.8", "4.8"], "hotel_price": ["174", "174"]}, "16011608": {"hotel_name": "\u53a6\u95e8\u6f2b\u5c45\u516c\u5bd3", "order_time": ["2019-01-16 21:50:03"], "total_order": 1, "hotel_value": ["4.7"], "hotel_price": ["99"]}, "1405922": {"hotel_name": "\u53a6\u95e8\u5174\u8363\u4e91\u5c45\u9152\u5e97", "order_time": ["2019-01-16 21:51:25"], "total_order": 1, "hotel_value": ["4.0"], "hotel_price": ["368"]}, "1314948": {"hotel_name": "\u5168\u5b63\u9152\u5e97(\u53a6\u95e8\u4f1a\u5c55\u4e2d\u5fc3\u83b2\u524d\u4e1c\u8def\u5e97)(\u539f\u4e9a\u4e01\u6e7e\u4e3b\u9898\u9152\u5e97)", "order_time": ["2019-01-16 21:51:26"], "total_order": 1, "hotel_value": ["4.8"], "hotel_price": ["408"]}, "26576625": {"hotel_name": "\u53a6\u95e8\u4e3d\u90fd\u516c\u5bd3", "order_time": ["2019-01-16 21:51:26", "2019-01-16 21:53:24", "2019-01-16 21:57:23"], "total_order": 3, "hotel_value": ["4.8", "4.8", "4.8"], "hotel_price": ["129", "129", "129"]}, "22766983": {"hotel_name": "\u9e97\u67ab\u9152\u5e97(\u53a6\u95e8\u4e2d\u5c71\u8def\u6b65\u884c\u8857\u5e97)", "order_time": ["2019-01-16 21:51:26", "2019-01-16 22:11:25"], "total_order": 2, "hotel_value": ["4.7", "4.7"], "hotel_price": ["268", "268"]}, "1211268": {"hotel_name": "\u53a6\u95e8\u6e56\u91cc\u9890\u8c6a\u9152\u5e97", "order_time": ["2019-01-16 21:51:26"], "total_order": 1, "hotel_value": ["4.7"], "hotel_price": ["458"]}, "6118955": {"hotel_name": "\u53a6\u95e8\u827e\u5c14\u65af\u5ea6\u5047\u5e84\u56ed", "order_time": ["2019-01-16 21:51:26"], "total_order": 1, "hotel_value": ["4.9"], "hotel_price": ["126"]}, "12091233": {"hotel_name": "\u53a6\u95e8\u6816\u9690\u5ea6\u5047\u6c11\u5bbf", "order_time": ["2019-01-16 21:53:31", "2019-01-16 21:51:27", "2019-01-16 22:39:30"], "total_order": 3, "hotel_value": ["5.0", "5.0", "5.0"], "hotel_price": ["194", "194", "194"]}, "22817797": {"hotel_name": "\u53a6\u95e8SM\u57ce\u5e02\u5e7f\u573a\u5e0c\u5c14\u987f\u6b22\u670b\u9152\u5e97", "order_time": ["2019-01-16 21:51:27"], "total_order": 1, "hotel_value": ["4.5"], "hotel_price": ["492"]}, "375295": {"hotel_name": "\u53a6\u95e8\u7fd4\u9e6d\u56fd\u9645\u5927\u9152\u5e97", "order_time": ["2019-01-16 21:51:27"], "total_order": 1, "hotel_value": ["4.4"], "hotel_price": ["291"]}, "392553": {"hotel_name": "\u6210\u65c5\u6676\u8d5e\u9152\u5e97(\u53a6\u95e8\u67ab\u60a6\u5e97)(\u539f\u67ab\u60a6\u5927\u9152\u5e97)", "order_time": ["2019-01-16 21:51:28"], "total_order": 1, "hotel_value": ["4.7"], "hotel_price": ["322"]}, "2305465": {"hotel_name": "\u901f8\u9152\u5e97(\u53a6\u95e8\u540c\u5b89\u540c\u96c6\u5317\u8def\u5e97)", "order_time": ["2019-01-16 21:51:29"], "total_order": 1, "hotel_value": ["3.8"], "hotel_price": ["140"]}, "443333": {"hotel_name": "\u9752\u5e74\u9633\u5149\u8fde\u9501\u9152\u5e97(\u53a6\u95e8\u65b9\u7279\u68a6\u5e7b\u540c\u5b89\u5e97)(\u539f\u540c\u5b89\u5e97)", "order_time": ["2019-01-16 21:51:30"], "total_order": 1, "hotel_value": ["4.5"], "hotel_price": ["116"]}, "2611150": {"hotel_name": "\u4f73\u6a59\u9152\u5e97(\u53a6\u95e8\u678b\u6e56\u8f66\u7ad9\u5e97)", "order_time": ["2019-01-16 21:51:31"], "total_order": 1, "hotel_value": ["4.2"], "hotel_price": ["110"]}, "11019026": {"hotel_name": "\u53a6\u95e8\u4e9a\u820d\u5c1a\u82d1", "order_time": ["2019-01-16 21:51:32", "2019-01-16 22:37:25"], "total_order": 2, "hotel_value": ["4.9", "4.9"], "hotel_price": ["141", "141"]}, "4646830": {"hotel_name": "\u53a6\u95e8\u5bab\u5ef7\u58f9\u53f7\u5ea6\u5047\u522b\u5885", "order_time": ["2019-01-16 21:51:35"], "total_order": 1, "hotel_value": ["4.5"], "hotel_price": ["114"]}, "5979992": {"hotel_name": "\u53a6\u95e8\u5c71\u5c7f\u6d77\u7cbe\u54c1\u5ba2\u6808", "order_time": ["2019-01-16 21:53:24"], "total_order": 1, "hotel_value": ["4.8"], "hotel_price": ["77"]}, "431557": {"hotel_name": "\u901f8\u9152\u5e97(\u53a6\u95e8\u4e2d\u5c71\u8def\u8f6e\u6e21\u5e97)", "order_time": ["2019-01-16 22:01:27", "2019-01-16 21:53:25"], "total_order": 2, "hotel_value": ["4.4", "4.4"], "hotel_price": ["133", "133"]}, "1073553": {"hotel_name": "\u53a6\u95e8\u9f13\u6d6a\u5c7f77\u53f7\u82b1\u56ed\u5ea6\u5047\u522b\u5885", "order_time": ["2019-01-16 22:15:32", "2019-01-16 21:53:26"], "total_order": 2, "hotel_value": ["4.4", "4.4"], "hotel_price": ["110", "110"]}, "1199959": {"hotel_name": "\u5982\u5bb6\u5feb\u6377\u9152\u5e97(\u53a6\u95e8\u53a6\u79be\u8def\u767d\u9e6d\u6d32\u8def\u5e97)", "order_time": ["2019-01-16 21:53:28"], "total_order": 1, "hotel_value": ["4.2"], "hotel_price": ["114"]}, "481144": {"hotel_name": "\u53a6\u95e8\u6069\u7c89\u9152\u5e97(\u539f\u4e30\u6021\u9152\u5e97)", "order_time": ["2019-01-16 21:53:31"], "total_order": 1, "hotel_value": ["4.3"], "hotel_price": ["106"]}, "795575": {"hotel_name": "\u53a6\u95e8\u6e58\u79b9\u9152\u5e97", "order_time": ["2019-01-16 21:53:37"], "total_order": 1, "hotel_value": ["3.4"], "hotel_price": ["128"]}, "1524607": {"hotel_name": "\u53a6\u95e8\u5317\u7ad9\u96c5\u5c45\u4e50\u5bbe\u9986", "order_time": ["2019-01-16 21:53:38"], "total_order": 1, "hotel_value": ["3.8"], "hotel_price": ["102"]}, "1968663": {"hotel_name": "\u53a6\u95e8\u7f8e\u7eb3\u591a\u5feb\u6377\u9152\u5e97", "order_time": ["2019-01-16 21:53:46"], "total_order": 1, "hotel_value": ["4.8"], "hotel_price": ["108"]}, "5928027": {"hotel_name": "\u53a6\u95e8\u6c64\u6cc9\u94ed\u5c4b\u4f4f\u5bbf", "order_time": ["2019-01-16 21:53:59"], "total_order": 1, "hotel_value": ["4.8"], "hotel_price": ["148"]}, "468485": {"hotel_name": "\u53a6\u95e8\u6e2f\u6e7e\u5927\u9152\u5e97", "order_time": ["2019-01-16 21:55:24"], "total_order": 1, "hotel_value": ["4.5"], "hotel_price": ["408"]}, "419386": {"hotel_name": "\u53a6\u95e8\u91d1\u5a01\u5927\u9152\u5e97", "order_time": ["2019-01-16 21:55:24"], "total_order": 1, "hotel_value": ["4.6"], "hotel_price": ["323"]}, "1486948": {"hotel_name": "\u6c49\u5ead\u9152\u5e97(\u53a6\u95e8\u4e2d\u5c71\u8def\u8f6e\u6e21\u5e97)", "order_time": ["2019-01-16 22:09:27", "2019-01-16 21:55:26"], "total_order": 2, "hotel_value": ["4.4", "4.4"], "hotel_price": ["189", "189"]}, "1719842": {"hotel_name": "\u53a6\u95e821\u533a\u521b\u610f\u9152\u5e97(\u539f\u548c\u681121\u533a\u521b\u610f\u9152\u5e97)", "order_time": ["2019-01-16 21:55:27", "2019-01-16 22:35:26"], "total_order": 2, "hotel_value": ["4.2", "4.2"], "hotel_price": ["96", "96"]}, "1228138": {"hotel_name": "\u5982\u5bb6\u5feb\u6377\u9152\u5e97(\u53a6\u95e8\u4f53\u80b2\u4e2d\u5fc3\u69df\u6994\u8def\u6e56\u666f\u5e97)", "order_time": ["2019-01-16 21:55:27"], "total_order": 1, "hotel_value": ["4.4"], "hotel_price": ["118"]}, "6609857": {"hotel_name": "\u53a6\u95e8\u8299\u84c9\u9601\u9152\u5e97", "order_time": ["2019-01-16 21:55:27"], "total_order": 1, "hotel_value": ["4.9"], "hotel_price": ["154"]}, "708137": {"hotel_name": "\u53a6\u95e8\u5885\u5c7f\u7cbe\u54c1\u6c11\u5bbf", "order_time": ["2019-01-16 21:55:27"], "total_order": 1, "hotel_value": ["4.9"], "hotel_price": ["194"]}, "346257": {"hotel_name": "\u53a6\u95e8\u6d77\u666f\u5343\u79a7\u5927\u9152\u5e97", "order_time": ["2019-01-16 21:55:31", "2019-01-16 22:05:30"], "total_order": 2, "hotel_value": ["4.5", "4.5"], "hotel_price": ["590", "590"]}, "434801": {"hotel_name": "\u53a6\u95e8\u51ef\u88d5\u7f8e\u7235\u9152\u5e97", "order_time": ["2019-01-16 21:55:31"], "total_order": 1, "hotel_value": ["4.5"], "hotel_price": ["499"]}, "12229646": {"hotel_name": "\u6613\u4f70\u8fde\u9501\u65c5\u5e97(\u53a6\u95e8\u706b\u8f66\u7ad9\u6e56\u6ee8\u4e1c\u8def\u5e97)", "order_time": ["2019-01-16 22:29:35", "2019-01-16 21:55:32"], "total_order": 2, "hotel_value": ["4.0", "4.0"], "hotel_price": ["71", "71"]}, "448912": {"hotel_name": "\u5982\u5bb6\u5feb\u6377\u9152\u5e97(\u53a6\u95e8\u706b\u8f66\u7ad9\u6e56\u6ee8\u4e1c\u8def\u9e3f\u8fd0\u5927\u53a6\u5e97)", "order_time": ["2019-01-16 21:57:21", "2019-01-16 22:27:30"], "total_order": 2, "hotel_value": ["4.3", "4.3"], "hotel_price": ["138", "138"]}, "19735131": {"hotel_name": "\u53a6\u95e8\u6cab\u5bd3\u9152\u5e97\u5f0f\u516c\u5bd3", "order_time": ["2019-01-16 21:57:22"], "total_order": 1, "hotel_value": ["4.8"], "hotel_price": ["121"]}, "1510329": {"hotel_name": "\u53a6\u95e8\u541b\u96c5\u5047\u65e5\u9152\u5e97", "order_time": ["2019-01-16 21:57:22"], "total_order": 1, "hotel_value": ["4.7"], "hotel_price": ["119"]}, "1518540": {"hotel_name": "\u53a6\u95e8\u4e09\u4e2a\u53a6\u5927\u4eba\u00b7\u51e0\u7ef43\u53f7\u9662", "order_time": ["2019-01-16 21:57:22"], "total_order": 1, "hotel_value": ["4.9"], "hotel_price": ["193"]}, "6736731": {"hotel_name": "\u5e0c\u5cb8\u9152\u5e97(\u53a6\u95e8\u706b\u8f66\u7ad9\u5e97)(\u539f\u5357\u65b9\u996d\u5e97)", "order_time": ["2019-01-16 21:57:23", "2019-01-16 22:23:30"], "total_order": 2, "hotel_value": ["4.9", "4.9"], "hotel_price": ["278", "278"]}, "346264": {"hotel_name": "\u53a6\u95e8\u827e\u7f8e\u9152\u5e97", "order_time": ["2019-01-16 21:59:26", "2019-01-16 21:57:25"], "total_order": 2, "hotel_value": ["4.7", "4.7"], "hotel_price": ["721", "721"]}, "23942133": {"hotel_name": "\u53a6\u95e8\u541b\u96c5\u8f7b\u5962\u9152\u5e97", "order_time": ["2019-01-16 21:57:25"], "total_order": 1, "hotel_value": ["4.6"], "hotel_price": ["272"]}, "436724": {"hotel_name": "\u53a6\u95e8\u9f13\u6d6a\u5c7f\u65d7\u5c71\u4e00\u53f7\u516c\u9986", "order_time": ["2019-01-16 21:57:27"], "total_order": 1, "hotel_value": ["4.7"], "hotel_price": ["232"]}, "6355587": {"hotel_name": "\u590f\u5546\u6021\u7fd4\u5047\u65e5\u9152\u5e97(\u53a6\u95e8\u706b\u8f66\u7ad9\u5e97)", "order_time": ["2019-01-16 21:57:35"], "total_order": 1, "hotel_value": ["4.8"], "hotel_price": ["228"]}, "1787526": {"hotel_name": "\u53a6\u95e8\u9690\u897f\u6c11\u5bbf", "order_time": ["2019-01-16 22:25:26", "2019-01-16 21:57:40", "2019-01-16 22:01:25"], "total_order": 3, "hotel_value": ["4.8", "4.8", "4.8"], "hotel_price": ["191", "191", "191"]}, "2030776": {"hotel_name": "\u53a6\u95e8\u66fe\u539d\u57b5\u63fd\u6d77\u542c\u98ce\u7cbe\u54c1\u6c11\u5bbf", "order_time": ["2019-01-16 22:05:32", "2019-01-16 21:57:40"], "total_order": 2, "hotel_value": ["4.6", "4.6"], "hotel_price": ["40", "40"]}, "11089797": {"hotel_name": "\u53a6\u95e8\u5927\u5b66\u8d77\u70b9\u9152\u5e97\u516c\u5bd3(\u539f\u53a6\u95e8\u5927\u5b66\u4e16\u8302\u6d77\u5ce1\u8d77\u70b9\u9152\u5e97\u516c\u5bd3)", "order_time": ["2019-01-16 21:57:40"], "total_order": 1, "hotel_value": ["4.6"], "hotel_price": ["289"]}, "1480274": {"hotel_name": "\u53a6\u95e8\u53a6\u5927\u4e50\u96c5\u5ea6\u5047\u522b\u5885", "order_time": ["2019-01-16 22:03:32", "2019-01-16 21:57:41"], "total_order": 2, "hotel_value": ["4.9", "4.9"], "hotel_price": ["136", "136"]}, "2302226": {"hotel_name": "\u53a6\u95e8\u7fd4\u5bb6\u7cbe\u54c1\u9152\u5e97", "order_time": ["2019-01-16 21:57:46"], "total_order": 1, "hotel_value": ["4.0"], "hotel_price": ["173"]}, "437588": {"hotel_name": "\u9f13\u6d6a\u5c7f\u65e5\u5149\u6d77\u5cb8\u522b\u5885\u9152\u5e97", "order_time": ["2019-01-16 21:57:50"], "total_order": 1, "hotel_value": ["4.8"], "hotel_price": ["188"]}, "2971473": {"hotel_name": "\u53a6\u95e8\u7f57\u66fc\u6735\u62c9\u57ce\u5821\u5e84\u56ed", "order_time": ["2019-01-16 21:57:51"], "total_order": 1, "hotel_value": ["4.7"], "hotel_price": ["136"]}, "932019": {"hotel_name": "\u5982\u5bb6\u5feb\u6377\u9152\u5e97(\u53a6\u95e8\u83b2\u5cb3\u8def\u677e\u67cf\u6587\u5316\u827a\u672f\u4e2d\u5fc3\u5e97)", "order_time": ["2019-01-16 21:59:22"], "total_order": 1, "hotel_value": ["4.3"], "hotel_price": ["143"]}, "1183055": {"hotel_name": "\u53a6\u95e8\u946b\u535a\u96c5\u5927\u9152\u5e97(\u539f\u7687\u5ef7\u9152\u5e97)", "order_time": ["2019-01-16 22:05:27", "2019-01-16 21:59:23"], "total_order": 2, "hotel_value": ["4.1", "4.1"], "hotel_price": ["240", "240"]}, "443638": {"hotel_name": "\u53a6\u95e8\u91d1\u6865\u82b1\u56ed\u9152\u5e97", "order_time": ["2019-01-16 21:59:23"], "total_order": 1, "hotel_value": ["4.5"], "hotel_price": ["292"]}, "1583165": {"hotel_name": "\u5982\u5bb6\u5feb\u6377\u9152\u5e97(\u53a6\u95e8\u8f6e\u6e21\u4e2d\u5c71\u8def\u6b65\u884c\u8857\u5e97)", "order_time": ["2019-01-16 21:59:24"], "total_order": 1, "hotel_value": ["4.2"], "hotel_price": ["170"]}, "1860898": {"hotel_name": "\u901f8\u9152\u5e97(\u53a6\u95e8\u540c\u5b89\u5e97)", "order_time": ["2019-01-16 22:03:26", "2019-01-16 22:11:22", "2019-01-16 21:59:24"], "total_order": 3, "hotel_value": ["4.3", "4.3", "4.3"], "hotel_price": ["164", "167", "167"]}, "1535935": {"hotel_name": "\u6c49\u5ead\u9152\u5e97(\u53a6\u95e8\u96c6\u7f8e\u5b66\u6751\u5e97)", "order_time": ["2019-01-16 21:59:25", "2019-01-16 22:01:28"], "total_order": 2, "hotel_value": ["4.5", "4.5"], "hotel_price": ["199", "199"]}, "6023163": {"hotel_name": "\u53a6\u95e8\u5c1a\u5fb7\u8363\u9152\u5e97", "order_time": ["2019-01-16 21:59:27", "2019-01-16 22:35:22"], "total_order": 2, "hotel_value": ["4.4", "4.4"], "hotel_price": ["163", "163"]}, "23806720": {"hotel_name": "\u53a6\u95e8HITEL\u9152\u5e97", "order_time": ["2019-01-16 21:59:31"], "total_order": 1, "hotel_value": ["4.8"], "hotel_price": ["342"]}, "480925": {"hotel_name": "\u53a6\u95e8\u6728\u739b\u65f6\u5c1a\u7cbe\u54c1\u9152\u5e97", "order_time": ["2019-01-16 21:59:32"], "total_order": 1, "hotel_value": ["4.1"], "hotel_price": ["173"]}, "4822376": {"hotel_name": "\u53a6\u95e8\u96c6\u5174\u65c5\u793e", "order_time": ["2019-01-16 21:59:46"], "total_order": 1, "hotel_value": ["3.8"], "hotel_price": ["62"]}, "375297": {"hotel_name": "\u53a6\u95e8\u9a6c\u54e5\u5b5b\u7f57\u4e1c\u65b9\u5927\u9152\u5e97", "order_time": ["2019-01-16 22:15:24", "2019-01-16 22:01:24"], "total_order": 2, "hotel_value": ["4.6", "4.6"], "hotel_price": ["665", "665"]}, "479354": {"hotel_name": "\u5bb6\u548c\u6625\u5929\u7cbe\u54c1\u9152\u5e97(\u53a6\u95e8\u673a\u573a\u5e97)", "order_time": ["2019-01-16 22:01:24"], "total_order": 1, "hotel_value": ["4.5"], "hotel_price": ["178"]}, "436632": {"hotel_name": "\u53a6\u95e8\u4e07\u4f73\u4e1c\u65b9\u9152\u5e97", "order_time": ["2019-01-16 22:01:25", "2019-01-16 22:11:29"], "total_order": 2, "hotel_value": ["4.4", "4.4"], "hotel_price": ["182", "182"]}, "15708322": {"hotel_name": "\u53a6\u95e8\u4e09\u4ed3\u9152\u5e97", "order_time": ["2019-01-16 22:01:26"], "total_order": 1, "hotel_value": ["4.7"], "hotel_price": ["194"]}, "1073571": {"hotel_name": "\u53a6\u95e8\u9f13\u6d6a\u5c7f\u7231\u5728\u5929\u4f7f\u5927\u5c4b", "order_time": ["2019-01-16 22:01:28"], "total_order": 1, "hotel_value": ["4.9"], "hotel_price": ["631"]}, "436721": {"hotel_name": "\u53a6\u95e8\u9f13\u6d6a\u5c7f\u4e03\u91cc\u9999\u820d\u65c5\u9986", "order_time": ["2019-01-16 22:01:29", "2019-01-16 22:15:39"], "total_order": 2, "hotel_value": ["4.4", "4.4"], "hotel_price": ["342", "342"]}, "458319": {"hotel_name": "\u9752\u5e74\u9633\u5149\u9152\u5e97(\u53a6\u95e8\u706b\u8f66\u7ad9\u6587\u7076\u5e97)", "order_time": ["2019-01-16 22:01:30"], "total_order": 1, "hotel_value": ["4.5"], "hotel_price": ["134"]}, "606881": {"hotel_name": "\u53a6\u95e8\u946b\u8a89\u9686\u5927\u9152\u5e97", "order_time": ["2019-01-16 22:01:30"], "total_order": 1, "hotel_value": ["4.3"], "hotel_price": ["292"]}, "1183602": {"hotel_name": "\u516b\u82f1\u91cc\u9152\u5e97(\u53a6\u95e8\u4e2d\u5c71\u8def\u5e97)", "order_time": ["2019-01-16 22:01:31"], "total_order": 1, "hotel_value": ["4.7"], "hotel_price": ["132"]}, "6731656": {"hotel_name": "\u53a6\u95e8\u5916\u6e21\u53a6\u98ce\u8f7b\u5c45", "order_time": ["2019-01-16 22:01:32"], "total_order": 1, "hotel_value": ["4.7"], "hotel_price": ["209"]}, "5788864": {"hotel_name": "\u53a6\u95e8\u5eb7\u83b1\u5fb7\u9152\u5e97", "order_time": ["2019-01-16 22:01:33"], "total_order": 1, "hotel_value": ["4.7"], "hotel_price": ["1421"]}, "27273749": {"hotel_name": "\u9f13\u6d6a\u5c7f\u82b1\u5ead\u00b7\u534a\u590f\u65c5\u9986", "order_time": ["2019-01-16 22:01:33"], "total_order": 1, "hotel_value": ["4.9"], "hotel_price": ["184"]}, "1070340": {"hotel_name": "\u53a6\u95e8\u6162\u751f\u6d3b\u00b7\u897f\u96c5\u56fe\u6d77\u8fb9\u5ea6\u5047\u65c5\u9986", "order_time": ["2019-01-16 22:01:37"], "total_order": 1, "hotel_value": ["4.9"], "hotel_price": ["229"]}, "13970717": {"hotel_name": "\u53a6\u95e8\u5411\u5f80\u7684\u5ba2\u6808", "order_time": ["2019-01-16 22:01:37"], "total_order": 1, "hotel_value": ["4.8"], "hotel_price": ["72"]}, "13434824": {"hotel_name": "\u53a6\u95e8\u5bb6\u516c\u5bd3", "order_time": ["2019-01-16 22:01:38"], "total_order": 1, "hotel_value": ["4.7"], "hotel_price": ["65"]}, "6118404": {"hotel_name": "\u98de\u5bbf\u8fde\u9501\u53a6\u95e8\u9f13\u6d6a\u5c7f\u767d\u9732\u5e84\u56ed", "order_time": ["2019-01-16 22:01:42"], "total_order": 1, "hotel_value": ["4.8"], "hotel_price": ["267"]}, "19853957": {"hotel_name": "\u9038\u6cca\u5b87\u516c\u5bd3(\u53a6\u95e8\u673a\u573a\u5e97)", "order_time": ["2019-01-16 22:03:22"], "total_order": 1, "hotel_value": ["4.7"], "hotel_price": ["125"]}, "27833083": {"hotel_name": "\u53a6\u95e8\u968f\u5fc3\u9601\u516c\u5bd3", "order_time": ["2019-01-16 22:03:23"], "total_order": 1, "hotel_value": ["4.8"], "hotel_price": ["151"]}, "1346900": {"hotel_name": "\u53a6\u95e88090\u9152\u5e97", "order_time": ["2019-01-16 22:03:24"], "total_order": 1, "hotel_value": ["4.3"], "hotel_price": ["223"]}, "467612": {"hotel_name": "\u53a6\u95e8\u9f13\u6d6a\u5c7f\u8292\u679c\u6811\u65c5\u9986", "order_time": ["2019-01-16 22:03:24"], "total_order": 1, "hotel_value": ["4.9"], "hotel_price": ["95"]}, "436728": {"hotel_name": "\u53a6\u95e8\u9f13\u6d6a\u5c7f\u82b1\u4e4b\u58f0\u65c5\u9986", "order_time": ["2019-01-16 22:03:26"], "total_order": 1, "hotel_value": ["4.5"], "hotel_price": ["181"]}, "483805": {"hotel_name": "\u53a6\u95e8\u6ee8\u5317\u9890\u8c6a\u9152\u5e97", "order_time": ["2019-01-16 22:03:27"], "total_order": 1, "hotel_value": ["4.8"], "hotel_price": ["458"]}, "2313183": {"hotel_name": "\u53a6\u95e8\u5317\u7ad9\u6d6a\u6f2b\u5c0f\u5c4b\u7cbe\u54c1\u5ba2\u6808", "order_time": ["2019-01-16 22:03:30"], "total_order": 1, "hotel_value": ["4.9"], "hotel_price": ["93"]}, "346260": {"hotel_name": "\u53a6\u95e8\u745e\u9890\u5927\u9152\u5e97", "order_time": ["2019-01-16 22:03:30"], "total_order": 1, "hotel_value": ["4.7"], "hotel_price": ["949"]}, "6262585": {"hotel_name": "\u6c90\u8317\u65c5\u9986\uff08\u53a6\u95e8\u65e5\u5149\u5ca9\u5e97\uff09", "order_time": ["2019-01-16 22:03:34"], "total_order": 1, "hotel_value": ["4.8"], "hotel_price": ["123"]}, "2361567": {"hotel_name": "\u53a6\u95e8\u6234\u65af\u6c40\u9152\u5e97", "order_time": ["2019-01-16 22:03:38"], "total_order": 1, "hotel_value": ["3.8"], "hotel_price": ["188"]}, "1011241": {"hotel_name": "\u53a6\u95e8\u548c\u7766\u5c45\u65c5\u9986", "order_time": ["2019-01-16 22:03:57"], "total_order": 1, "hotel_value": ["3.9"], "hotel_price": ["86"]}, "532309": {"hotel_name": "\u9f13\u6d6a\u5c7f\u4e91\u9014\u65c5\u9986", "order_time": ["2019-01-16 22:05:23"], "total_order": 1, "hotel_value": ["4.9"], "hotel_price": ["701"]}, "427501": {"hotel_name": "\u53a6\u95e8\u9187\u6d77\u5cb8\u7cbe\u54c1\u9152\u5e97", "order_time": ["2019-01-16 22:05:25"], "total_order": 1, "hotel_value": ["4.9"], "hotel_price": ["664"]}, "702372": {"hotel_name": "\u9f99\u51c0\u53a6\u95e8\u9152\u5e97", "order_time": ["2019-01-16 22:05:25", "2019-01-16 22:21:21"], "total_order": 2, "hotel_value": ["4.5", "4.5"], "hotel_price": ["326", "326"]}, "438908": {"hotel_name": "\u5982\u5bb6\u5feb\u6377\u9152\u5e97(\u601d\u660e\u5357\u8def\u53a6\u95e8\u5927\u5b66\u5e97)(\u539f\u6210\u529f\u5927\u9053\u53a6\u5927\u6d77\u666f\u5e97)", "order_time": ["2019-01-16 22:05:29"], "total_order": 1, "hotel_value": ["4.3"], "hotel_price": ["118"]}, "29401348": {"hotel_name": "\u9f13\u6d6a\u5c7f\u9014\u7a9d\u5047\u65e5\u5e84\u56ed", "order_time": ["2019-01-16 22:05:29"], "total_order": 1, "hotel_value": [0], "hotel_price": ["168"]}, "1408507": {"hotel_name": "\u53a6\u95e8\u94f6\u9f99\u57ce\u9645\u9152\u5e97", "order_time": ["2019-01-16 22:05:31"], "total_order": 1, "hotel_value": ["4.1"], "hotel_price": ["146"]}, "10997308": {"hotel_name": "\u53a6\u95e8\u98de\u5bbf\u8fde\u9501\u5929\u7eaf\u793e\u5ea6\u5047\u522b\u5885", "order_time": ["2019-01-16 22:05:33"], "total_order": 1, "hotel_value": ["4.7"], "hotel_price": ["87"]}, "1933572": {"hotel_name": "\u53a6\u95e8\u4e3d\u8c6a\u9152\u5e97", "order_time": ["2019-01-16 22:05:35"], "total_order": 1, "hotel_value": ["4.2"], "hotel_price": ["94"]}, "2157099": {"hotel_name": "\u53a6\u95e8\u5b9c\u5bb6\u65c5\u9986", "order_time": ["2019-01-16 22:05:36"], "total_order": 1, "hotel_value": ["4.9"], "hotel_price": ["89"]}, "1929448": {"hotel_name": "\u53a6\u95e8\u6da6\u60a6\u4e30\u9152\u5e97", "order_time": ["2019-01-16 22:05:44"], "total_order": 1, "hotel_value": ["4.1"], "hotel_price": ["154"]}, "1603567": {"hotel_name": "\u53a6\u95e8\u7121\u4e8c\u00b7\u767d\u5c7f\u8bbe\u8ba1\u578b\u5ea6\u5047\u7f8e\u5885", "order_time": ["2019-01-16 22:07:20"], "total_order": 1, "hotel_value": ["5.0"], "hotel_price": ["266"]}, "782154": {"hotel_name": "\u53a6\u95e8\u9752\u5e74\u9633\u5149\u7cbe\u54c1\u5546\u52a1\u9152\u5e97(\u677e\u67cf\u6c7d\u8f66\u5e97)", "order_time": ["2019-01-16 22:07:20"], "total_order": 1, "hotel_value": ["4.5"], "hotel_price": ["147"]}, "6516890": {"hotel_name": "\u5168\u5b63\u9152\u5e97(\u53a6\u95e8SM\u5e7f\u573a\u677e\u67cf\u5e97)", "order_time": ["2019-01-16 22:07:21"], "total_order": 1, "hotel_value": ["4.8"], "hotel_price": ["427"]}, "21332906": {"hotel_name": "\u53a6\u95e8\u65af\u7ef4\u767b\u5ea6\u5047\u9152\u5e97(\u678b\u6e56\u8f66\u7ad9\u4f18\u671b\u5e97)", "order_time": ["2019-01-16 22:07:21"], "total_order": 1, "hotel_value": ["4.8"], "hotel_price": ["191"]}, "28565834": {"hotel_name": "\u53a6\u95e8\u559c\u7f8e\u7f8e\u5c45\u9152\u5e97", "order_time": ["2019-01-16 22:07:24"], "total_order": 1, "hotel_value": ["5.0"], "hotel_price": ["371"]}, "428660": {"hotel_name": "\u53a6\u95e8\u9890\u749f\u82b1\u56ed\u9152\u5e97(\u539f\u65b0\u52a0\u5761\u9152\u5e97)", "order_time": ["2019-01-16 22:07:24"], "total_order": 1, "hotel_value": ["4.6"], "hotel_price": ["168"]}, "2636318": {"hotel_name": "\u53a6\u95e8\u9f13\u6d6a\u5c7f\u4e91\u4e4b\u6668\u6d77\u666f\u82b1\u56ed\u9152\u5e97", "order_time": ["2019-01-16 22:17:24", "2019-01-16 22:07:25"], "total_order": 2, "hotel_value": ["4.5", "4.5"], "hotel_price": ["277", "277"]}, "5639861": {"hotel_name": "\u53a6\u95e8\u66fe\u539d\u57b5\u63fd\u6d77\u542c\u98ce\u56fd\u9645\u9752\u5e74\u65c5\u820d", "order_time": ["2019-01-16 22:07:25"], "total_order": 1, "hotel_value": ["4.7"], "hotel_price": ["46"]}, "6819686": {"hotel_name": "\u53a6\u95e8\u6162\u751f\u6d3b\u00b7\u51e1\u6734\u5ea6\u5047\u522b\u5885", "order_time": ["2019-01-16 22:07:25", "2019-01-16 22:19:28"], "total_order": 2, "hotel_value": ["4.9", "4.9"], "hotel_price": ["246", "276"]}, "436700": {"hotel_name": "\u4ea6\u9014\u9152\u5e97(\u53a6\u95e8\u4f1a\u5c55\u4e2d\u5fc3\u52a0\u5dde\u5546\u4e1a\u5e7f\u573a\u5e97)", "order_time": ["2019-01-16 22:07:27"], "total_order": 1, "hotel_value": ["4.2"], "hotel_price": ["150"]}, "426864": {"hotel_name": "\u53a6\u95e8\u9f13\u6d6a\u5c7f\u6d77\u4e0a\u82b1\u56ed\u9152\u5e97", "order_time": ["2019-01-16 22:07:27"], "total_order": 1, "hotel_value": ["4.4"], "hotel_price": ["690"]}, "444706": {"hotel_name": "\u590f\u5546\u00b7\u6021\u5ead\u5546\u52a1\u9152\u5e97(\u53a6\u95e8\u706b\u8f66\u7ad9\u79be\u7965\u5e97)", "order_time": ["2019-01-16 22:07:27"], "total_order": 1, "hotel_value": ["4.5"], "hotel_price": ["126"]}, "1606947": {"hotel_name": "\u53a6\u95e8\u827a\u5885\u5bb6\u7cbe\u54c1\u6c11\u5bbf", "order_time": ["2019-01-16 22:07:29"], "total_order": 1, "hotel_value": ["4.8"], "hotel_price": ["201"]}, "1529369": {"hotel_name": "\u5361\u6885\u8389\u4e9a\u65c5\u9986(\u53a6\u95e8\u4f17\u820d\u5e97(\u539f\u90bb\u6d77\u5c45\u5ba2\u6808)", "order_time": ["2019-01-16 22:07:30"], "total_order": 1, "hotel_value": ["4.9"], "hotel_price": ["124"]}, "12673289": {"hotel_name": "\u53a6\u95e8\u6d77\u6ca7\u878d\u4fe1\u534e\u9091\u9152\u5e97", "order_time": ["2019-01-16 22:27:30", "2019-01-16 22:39:24", "2019-01-16 22:07:31"], "total_order": 3, "hotel_value": ["4.7", "4.7", "4.7"], "hotel_price": ["793", "793", "793"]}, "1318017": {"hotel_name": "\u53a6\u95e8\u56fd\u9645\u9752\u5e74\u65c5\u820d", "order_time": ["2019-01-16 22:07:33"], "total_order": 1, "hotel_value": ["4.6"], "hotel_price": ["64"]}, "1815857": {"hotel_name": "\u53a6\u95e8\u4f73\u50a2\u5feb\u6377\u9152\u5e97", "order_time": ["2019-01-16 22:07:35"], "total_order": 1, "hotel_value": ["4.0"], "hotel_price": ["138"]}, "1371594": {"hotel_name": "\u6021\u6d77\u9601\u9152\u5e97(\u53a6\u95e8\u4e2d\u5c71\u6b65\u884c\u8857\u5e97)(\u539f\u6021\u6d77\u9601\u6587\u5316\u9152\u5e97)", "order_time": ["2019-01-16 22:07:44"], "total_order": 1, "hotel_value": ["4.5"], "hotel_price": ["161"]}, "19019972": {"hotel_name": "\u53a6\u95e8\u5ea6\u7f8e\u00b7\u4e0e\u7af9\u77f3\u8bbe\u8ba1\u578b\u522b\u5885", "order_time": ["2019-01-16 22:09:21"], "total_order": 1, "hotel_value": ["5.0"], "hotel_price": ["258"]}, "15878927": {"hotel_name": "\u53a6\u95e8\u5929\u5408\u4eba\u5bb6\u516c\u5bd3", "order_time": ["2019-01-16 22:09:21", "2019-01-16 22:37:25"], "total_order": 2, "hotel_value": ["4.8", "4.8"], "hotel_price": ["121", "121"]}, "12780885": {"hotel_name": "\u53a6\u95e8\u7121\u4e8c\u00b7\u90a3\u6240\u9152\u5e97", "order_time": ["2019-01-16 22:09:23"], "total_order": 1, "hotel_value": ["4.9"], "hotel_price": ["310"]}, "2301441": {"hotel_name": "\u975e\u7e41\u57ce\u54c1\u9152\u5e97(\u53a6\u95e8\u96c6\u7f8e\u5927\u5b66\u5e97)", "order_time": ["2019-01-16 22:09:24"], "total_order": 1, "hotel_value": ["4.7"], "hotel_price": ["151"]}, "4122689": {"hotel_name": "\u53a6\u95e8\u8fb9\u9645\u9152\u5e97", "order_time": ["2019-01-16 22:09:24"], "total_order": 1, "hotel_value": ["4.6"], "hotel_price": ["293"]}, "4590989": {"hotel_name": "\u53a6\u95e8\u4e94\u7f15\u9633\u5149\u5546\u52a1\u5bbe\u9986", "order_time": ["2019-01-16 22:09:25"], "total_order": 1, "hotel_value": ["4.2"], "hotel_price": ["92"]}, "8569035": {"hotel_name": "\u53a6\u95e8\u9e6d\u987a\u5feb\u6377\u9152\u5e97\u706b\u8f66\u7ad9\u5e97", "order_time": ["2019-01-16 22:09:25", "2019-01-16 22:11:34"], "total_order": 2, "hotel_value": ["3.9", "3.9"], "hotel_price": ["100", "100"]}, "346269": {"hotel_name": "\u53a6\u95e8\u6e90\u660c\u51ef\u5bbe\u65af\u57fa\u5927\u9152\u5e97", "order_time": ["2019-01-16 22:09:25", "2019-01-16 22:15:24", "2019-01-16 22:27:30"], "total_order": 3, "hotel_value": ["4.7", "4.7", "4.7"], "hotel_price": ["913", "913", "913"]}, "8568978": {"hotel_name": "\u53a6\u95e8\u5317\u7ad9\u6708\u5149\u5ba2\u6808", "order_time": ["2019-01-16 22:09:33"], "total_order": 1, "hotel_value": ["4.6"], "hotel_price": ["93"]}, "771600": {"hotel_name": "\u53a6\u95e8\u6676\u88d5\u5546\u52a1\u9152\u5e97", "order_time": ["2019-01-16 22:35:22", "2019-01-16 22:11:21"], "total_order": 2, "hotel_value": ["4.1", "4.1"], "hotel_price": ["110", "110"]}, "440782": {"hotel_name": "\u53a6\u95e8\u65fa\u8f89\u9152\u5e97", "order_time": ["2019-01-16 22:11:22", "2019-01-16 22:21:22"], "total_order": 2, "hotel_value": ["4.8", "4.8"], "hotel_price": ["178", "178"]}, "27704894": {"hotel_name": "\u53a6\u95e8\u4e0e\u767d\u6c11\u5bbf", "order_time": ["2019-01-16 22:11:23"], "total_order": 1, "hotel_value": ["4.9"], "hotel_price": ["250"]}, "481710": {"hotel_name": "\u9526\u6c5f\u4e4b\u661f(\u53a6\u95e8\u706b\u8f66\u7ad9\u5e97)(\u539f\u4e1c\u6d66\u8def\u5e97)", "order_time": ["2019-01-16 22:11:26"], "total_order": 1, "hotel_value": ["4.4"], "hotel_price": ["134"]}, "447146": {"hotel_name": "\u5982\u5bb6\u5546\u65c5\u9152\u5e97(\u53a6\u95e8\u6e56\u6ee8\u5357\u8def\u767d\u9e6d\u6d32\u516c\u56ed\u5e97)", "order_time": ["2019-01-16 22:11:26"], "total_order": 1, "hotel_value": ["4.8"], "hotel_price": ["265"]}, "1487378": {"hotel_name": "\u53a6\u95e8\u516d\u820d\u6d77\u8fb9\u5ba2\u6808", "order_time": ["2019-01-16 22:11:27"], "total_order": 1, "hotel_value": ["4.7"], "hotel_price": ["218"]}, "369748": {"hotel_name": "\u53a6\u95e8\u6d77\u6e2f\u82f1\u8fea\u683c\u9152\u5e97", "order_time": ["2019-01-16 22:11:28"], "total_order": 1, "hotel_value": ["4.7"], "hotel_price": ["802"]}, "3178165": {"hotel_name": "\u53a6\u95e8\u68a6\u5e7b\u6d77\u6e7e\u9152\u5e97", "order_time": ["2019-01-16 22:23:32", "2019-01-16 22:17:27", "2019-01-16 22:11:29"], "total_order": 3, "hotel_value": ["4.6", "4.6", "4.6"], "hotel_price": ["292", "292", "292"]}, "1639388": {"hotel_name": "\u4e03\u946b\u5929\u9152\u5e97(\u53a6\u95e8\u673a\u573a\u5e97)", "order_time": ["2019-01-16 22:11:30"], "total_order": 1, "hotel_value": ["4.4"], "hotel_price": ["126"]}, "1227399": {"hotel_name": "\u5bb6\u5bb6\u4e50\u9152\u5e97(\u53a6\u95e8\u4e2d\u5c71\u8def\u9547\u90a6\u5e97)", "order_time": ["2019-01-16 22:11:31"], "total_order": 1, "hotel_value": ["4.3"], "hotel_price": ["118"]}, "1715589": {"hotel_name": "\u4f73\u6a59\u9152\u5e97(\u53a6\u95e8\u83b2\u82b1\u5e97)", "order_time": ["2019-01-16 22:11:32"], "total_order": 1, "hotel_value": ["4.4"], "hotel_price": ["134"]}, "12877648": {"hotel_name": "\u53a6\u95e8\u66fe\u539d\u57b5\u9690\u5c45\u8f7b\u5962\u6c11\u5bbf", "order_time": ["2019-01-16 22:11:33", "2019-01-16 22:29:29"], "total_order": 2, "hotel_value": ["4.6", "4.6"], "hotel_price": ["277", "277"]}, "11725294": {"hotel_name": "\u53a6\u95e8\u5c1a\u5ead\u9152\u5e97\u516c\u5bd3", "order_time": ["2019-01-16 22:13:24"], "total_order": 1, "hotel_value": ["4.8"], "hotel_price": ["164"]}, "450155": {"hotel_name": "\u5982\u5bb6\u5feb\u6377\u9152\u5e97(\u53a6\u95e8\u4e2d\u5c71\u8def\u6e56\u6ee8\u897f\u8def\u5e97)", "order_time": ["2019-01-16 22:17:24", "2019-01-16 22:13:28"], "total_order": 2, "hotel_value": ["4.2", "4.2"], "hotel_price": ["139", "139"]}, "447260": {"hotel_name": "\u590f\u5546\u00b7\u6021\u5ead\u5feb\u6377\u9152\u5e97(\u53a6\u95e8\u4e1c\u6e21\u90ae\u8f6e\u4e2d\u5fc3\u53a6\u9f13\u7801\u5934\u5e97)", "order_time": ["2019-01-16 22:13:28"], "total_order": 1, "hotel_value": ["4.1"], "hotel_price": ["136"]}, "346262": {"hotel_name": "\u53a6\u95e8\u5a01\u65af\u6c40\u9152\u5e97", "order_time": ["2019-01-16 22:31:24", "2019-01-16 22:13:29"], "total_order": 2, "hotel_value": ["4.5", "4.5"], "hotel_price": ["933", "933"]}, "2042480": {"hotel_name": "7\u5929\u8fde\u9501\u9152\u5e97(\u53a6\u95e8\u9f13\u6d6a\u5c7f\u7801\u5934\u5e97)", "order_time": ["2019-01-16 22:13:30"], "total_order": 1, "hotel_value": ["3.9"], "hotel_price": ["160"]}, "392629": {"hotel_name": "\u53a6\u95e8\u5e90\u5c71\u5927\u9152\u5e97", "order_time": ["2019-01-16 22:13:38"], "total_order": 1, "hotel_value": ["4.2"], "hotel_price": ["298"]}, "1768712": {"hotel_name": "\u53a6\u95e8\u9014\u5e84\u7cbe\u54c1\u9152\u5e97", "order_time": ["2019-01-16 22:15:22"], "total_order": 1, "hotel_value": ["4.7"], "hotel_price": ["148"]}, "1543547": {"hotel_name": "\u53a6\u95e8\u66fe\u539d\u57b5\u543e\u6797\u5ba2\u6808", "order_time": ["2019-01-16 22:15:22"], "total_order": 1, "hotel_value": ["4.9"], "hotel_price": ["226"]}, "795560": {"hotel_name": "\u5fc3\u8fdc\u5c1a\u54c1\u9152\u5e97(\u53a6\u95e8\u96c6\u7f8e\u5b66\u6751\u5e97)", "order_time": ["2019-01-16 22:17:22", "2019-01-16 22:15:22", "2019-01-16 22:23:26"], "total_order": 3, "hotel_value": ["4.8", "4.8", "4.8"], "hotel_price": ["181", "181", "165"]}, "2152633": {"hotel_name": "\u53a6\u95e8\u540c\u5b89\u5bbe\u9986", "order_time": ["2019-01-16 22:15:22"], "total_order": 1, "hotel_value": ["4.1"], "hotel_price": ["148"]}, "21160125": {"hotel_name": "\u6021\u7a0b\u9152\u5e97(\u53a6\u95e8\u4e2d\u5c71\u8def\u5e97)", "order_time": ["2019-01-16 22:15:24"], "total_order": 1, "hotel_value": ["4.7"], "hotel_price": ["314"]}, "1317936": {"hotel_name": "\u6d77\u53cb\u826f\u54c1\u9152\u5e97(\u53a6\u95e8\u660e\u53d1\u5e7f\u573a\u5e97)", "order_time": ["2019-01-16 22:15:25"], "total_order": 1, "hotel_value": ["4.2"], "hotel_price": ["118"]}, "7861971": {"hotel_name": "\u53a6\u95e8\u9f13\u6d6a\u5c7f\u5c0f\u5c9b\u98ce\u60c5\u65c5\u9986", "order_time": ["2019-01-16 22:15:26"], "total_order": 1, "hotel_value": ["4.8"], "hotel_price": ["163"]}, "1733907": {"hotel_name": "\u53a6\u95e8\u8363\u8a89\u56fd\u9645\u9152\u5e97", "order_time": ["2019-01-16 22:15:26"], "total_order": 1, "hotel_value": ["4.7"], "hotel_price": ["568"]}, "17908349": {"hotel_name": "\u53a6\u95e8\u9047\u7f8e\u00b7\u57b5\u90b8\u9152\u5e97", "order_time": ["2019-01-16 22:15:27", "2019-01-16 22:21:21"], "total_order": 2, "hotel_value": ["4.9", "4.9"], "hotel_price": ["250", "250"]}, "6485565": {"hotel_name": "\u9f13\u6d6a\u5c7f\u4e00\u7b51\u82b1\u56ed\u522b\u5885", "order_time": ["2019-01-16 22:15:27"], "total_order": 1, "hotel_value": ["4.6"], "hotel_price": ["177"]}, "467630": {"hotel_name": "\u53a6\u95e8\u9f13\u6d6a\u5c7f\u4e00\u89c1\u82b1\u56ed\u8001\u522b\u5885", "order_time": ["2019-01-16 22:15:28"], "total_order": 1, "hotel_value": ["4.7"], "hotel_price": ["238"]}, "440464": {"hotel_name": "\u590f\u5546\u6021\u7fd4\u9152\u5e97(\u53a6\u95e8\u4e2d\u5c71\u8def\u534e\u90fd\u5e97)", "order_time": ["2019-01-16 22:15:28"], "total_order": 1, "hotel_value": ["4.6"], "hotel_price": ["294"]}, "5304807": {"hotel_name": "\u826f\u5885\u00b7\u4e91\u5ead\u758f\u9662(\u53a6\u95e8\u66fe\u539d\u57b5\u5e97)", "order_time": ["2019-01-16 22:15:30"], "total_order": 1, "hotel_value": ["4.9"], "hotel_price": ["843"]}, "1728250": {"hotel_name": "\u53a6\u95e8\u9f13\u6d6a\u5c7f\u6d77\u4e0a\u96c5\u5178\u5a1c\u9152\u5e97", "order_time": ["2019-01-16 22:15:32"], "total_order": 1, "hotel_value": ["4.4"], "hotel_price": ["392"]}, "1389209": {"hotel_name": "\u9526\u6c5f\u4e4b\u661f\u54c1\u5c1a(\u53a6\u95e8\u96c6\u7f8e\u5927\u5b66\u56fd\u8d38\u5e97)", "order_time": ["2019-01-16 22:15:32"], "total_order": 1, "hotel_value": ["4.6"], "hotel_price": ["219"]}, "2600928": {"hotel_name": "\u5fc3\u8fdc\u9152\u5e97(\u53a6\u95e8\u674f\u6797\u5e97)", "order_time": ["2019-01-16 22:15:32"], "total_order": 1, "hotel_value": ["4.5"], "hotel_price": ["139"]}, "6262851": {"hotel_name": "\u53a6\u95e8\u98de\u5bbf\u8fde\u9501\u5b89\u59ae\u00b7\u6735\u62c9\u5e84\u56ed", "order_time": ["2019-01-16 22:15:32", "2019-01-16 22:17:26"], "total_order": 2, "hotel_value": ["4.7", "4.7"], "hotel_price": ["125", "125"]}, "1298769": {"hotel_name": "\u53a6\u95e8\u5df4\u514b\u62c9\u6982\u5ff5\u9152\u5e97", "order_time": ["2019-01-16 22:15:33"], "total_order": 1, "hotel_value": ["4.6"], "hotel_price": ["142"]}, "1406082": {"hotel_name": "\u53a6\u95e8\u8c37\u8010\u9152\u5e97(\u539f\u5174\u4e07\u666f\u9152\u5e97)", "order_time": ["2019-01-16 22:15:34"], "total_order": 1, "hotel_value": ["4.3"], "hotel_price": ["101"]}, "1406475": {"hotel_name": "\u53a6\u95e8886\u7cbe\u54c1\u9152\u5e97", "order_time": ["2019-01-16 22:15:34"], "total_order": 1, "hotel_value": ["3.7"], "hotel_price": ["135"]}, "1807532": {"hotel_name": "\u53a6\u95e8\u66fe\u539d\u57b5\u4ed3\u91cc71\u53f7\u5ba2\u6808", "order_time": ["2019-01-16 22:15:37"], "total_order": 1, "hotel_value": ["4.6"], "hotel_price": ["52"]}, "2269009": {"hotel_name": "\u53a6\u95e8\u5929\u7fd4\u6e7e\u9152\u5e97", "order_time": ["2019-01-16 22:15:40"], "total_order": 1, "hotel_value": ["3.9"], "hotel_price": ["158"]}, "4335705": {"hotel_name": "\u53a6\u95e8\u9f13\u6d6a\u5c7f\u82b1\u4e0e\u53f6\u65c5\u9986(\u539f\u7231\u4e3d\u4e1d\u82b1\u56ed\u5e97)", "order_time": ["2019-01-16 22:15:46"], "total_order": 1, "hotel_value": ["4.5"], "hotel_price": ["241"]}, "428654": {"hotel_name": "\u53a6\u95e8\u541b\u6cf0\u9152\u5e97", "order_time": ["2019-01-16 22:17:22"], "total_order": 1, "hotel_value": ["4.5"], "hotel_price": ["499"]}, "2300428": {"hotel_name": "\u53a6\u95e8\u4e03\u661f\u8fde\u9501\u9152\u5e97", "order_time": ["2019-01-16 22:17:24"], "total_order": 1, "hotel_value": ["4.1"], "hotel_price": ["87"]}, "898645": {"hotel_name": "\u6c49\u5ead\u9152\u5e97(\u53a6\u95e8\u79be\u7965\u897f\u8def\u5e97)", "order_time": ["2019-01-16 22:17:24"], "total_order": 1, "hotel_value": ["4.5"], "hotel_price": ["170"]}, "428315": {"hotel_name": "\u5982\u5bb6\u5feb\u6377\u9152\u5e97(\u53a6\u95e8\u6587\u56ed\u8def\u6587\u7076\u5730\u94c1\u7ad9\u5e97)", "order_time": ["2019-01-16 22:17:24"], "total_order": 1, "hotel_value": ["4.4"], "hotel_price": ["114"]}, "479044": {"hotel_name": "\u53a6\u95e8\u78a7\u5bab\u9152\u5e97", "order_time": ["2019-01-16 22:17:24"], "total_order": 1, "hotel_value": ["4.2"], "hotel_price": ["208"]}, "6312273": {"hotel_name": "\u53a6\u95e8\u671b\u6d77\u697c\u5ea6\u5047\u522b\u5885", "order_time": ["2019-01-16 22:17:24"], "total_order": 1, "hotel_value": ["4.9"], "hotel_price": ["98"]}, "1817109": {"hotel_name": "\u53a6\u95e8\u9f13\u6d6a\u5c7f\u6021\u7136\u5c45\u65c5\u9986", "order_time": ["2019-01-16 22:17:24"], "total_order": 1, "hotel_value": ["4.8"], "hotel_price": ["99"]}, "2535597": {"hotel_name": "\u901f\u65f6\u4ee3\u7cbe\u54c1\u5ba2\u6808(\u53a6\u95e8\u4e2d\u5c71\u8def\u5e97)", "order_time": ["2019-01-16 22:17:24"], "total_order": 1, "hotel_value": ["4.3"], "hotel_price": ["99"]}, "8419373": {"hotel_name": "\u5ead\u82d1\u9152\u5e97(\u53a6\u95e8\u4e2d\u5c71\u8def\u8f6e\u6e21\u5e97)", "order_time": ["2019-01-16 22:17:24", "2019-01-16 22:23:22"], "total_order": 2, "hotel_value": ["4.8", "4.8"], "hotel_price": ["153", "153"]}, "898510": {"hotel_name": "\u6c49\u5ead\u9152\u5e97(\u53a6\u95e8\u4e07\u8c61\u57ce\u5e97)(\u539f\u706b\u8f66\u7ad9\u5317\u5e7f\u573a\u91d1\u699c\u8def\u5e97)", "order_time": ["2019-01-16 22:17:24"], "total_order": 1, "hotel_value": ["4.4"], "hotel_price": ["218"]}, "5297546": {"hotel_name": "\u53a6\u95e8\u590f\u6cab\u5ea6\u5047\u9152\u5e97", "order_time": ["2019-01-16 22:17:24"], "total_order": 1, "hotel_value": ["4.8"], "hotel_price": ["173"]}, "11069276": {"hotel_name": "\u53a6\u95e8\u6c34\u6676\u6854\u5b50\u516c\u5bd3", "order_time": ["2019-01-16 22:17:24"], "total_order": 1, "hotel_value": ["4.5"], "hotel_price": ["145"]}, "2301848": {"hotel_name": "7\u5929\u4f18\u54c1\u9152\u5e97(\u53a6\u95e8\u673a\u573a\u7fd4\u9e6d\u5e97)", "order_time": ["2019-01-16 22:17:24"], "total_order": 1, "hotel_value": ["4.7"], "hotel_price": ["150"]}, "6511409": {"hotel_name": "\u53a6\u95e8\u76d8\u6263\u00b7\u6f2b\u5ea6House", "order_time": ["2019-01-16 22:17:24"], "total_order": 1, "hotel_value": ["4.8"], "hotel_price": ["247"]}, "635060": {"hotel_name": "\u9f13\u6d6a\u5c7f\u4e50\u4e4b\u97f5\u5ea6\u5047\u65c5\u9986(\u4e50\u5c7f\u4e50\u8da3\u65b0\u5e97)", "order_time": ["2019-01-16 22:17:24"], "total_order": 1, "hotel_value": ["4.9"], "hotel_price": ["530"]}, "17470637": {"hotel_name": "\u53a6\u95e8\u516d\u60a6\u5ea6\u5047\u9152\u5e97(\u9f13\u6d6a\u5c7f\u522b\u5885\u5e97)", "order_time": ["2019-01-16 22:17:24"], "total_order": 1, "hotel_value": ["4.7"], "hotel_price": ["280"]}, "1549905": {"hotel_name": "\u53a6\u95e8\u534a\u5c9b\u58f9\u53f7\u9152\u5e97", "order_time": ["2019-01-16 22:17:24"], "total_order": 1, "hotel_value": ["4.5"], "hotel_price": ["102"]}, "2304450": {"hotel_name": "7\u5929\u8fde\u9501\u9152\u5e97(\u53a6\u95e8\u706b\u8f66\u7ad9\u5e97)", "order_time": ["2019-01-16 22:17:24", "2019-01-16 22:25:31"], "total_order": 2, "hotel_value": ["4.3", "4.3"], "hotel_price": ["168", "168"]}, "436701": {"hotel_name": "\u90fd\u5e02\u7cbe\u54c1\u9152\u5e97(\u53a6\u95e8\u83b2\u82b1\u53e3\u5730\u94c1\u7ad9\u5e97)", "order_time": ["2019-01-16 22:17:27"], "total_order": 1, "hotel_value": ["4.4"], "hotel_price": ["115"]}, "6118144": {"hotel_name": "\u53a6\u95e8\u540c\u5b89\u7f8e\u4f26\u98ce\u5c1a\u9152\u5e97", "order_time": ["2019-01-16 22:17:29"], "total_order": 1, "hotel_value": ["3.8"], "hotel_price": ["197"]}, "3181385": {"hotel_name": "7\u5929\u4f18\u54c1\u9152\u5e97(\u53a6\u95e8\u5c06\u519b\u7960\u5730\u94c1\u7ad9\u5e97)", "order_time": ["2019-01-16 22:17:29"], "total_order": 1, "hotel_value": ["4.5"], "hotel_price": ["147"]}, "447297": {"hotel_name": "\u53a6\u95e8\u660e\u53d1\u56fd\u9645\u5927\u9152\u5e97", "order_time": ["2019-01-16 22:17:30"], "total_order": 1, "hotel_value": ["4.6"], "hotel_price": ["463"]}, "4307939": {"hotel_name": "\u6d3e\u9152\u5e97(\u53a6\u95e8\u706b\u8f66\u7ad9\u5e97)", "order_time": ["2019-01-16 22:39:33", "2019-01-16 22:17:33"], "total_order": 2, "hotel_value": ["4.3", "4.3"], "hotel_price": ["109", "109"]}, "2599676": {"hotel_name": "\u53a6\u95e8\u897f\u66fc\u9633\u65c5\u9986", "order_time": ["2019-01-16 22:17:33"], "total_order": 1, "hotel_value": ["4.6"], "hotel_price": ["94"]}, "11124652": {"hotel_name": "\u53a6\u95e8\u6d77\u7acb\u95f4\u4f11\u95f2\u5ba2\u6808", "order_time": ["2019-01-16 22:17:35"], "total_order": 1, "hotel_value": ["4.9"], "hotel_price": ["103"]}, "717916": {"hotel_name": "\u53a6\u95e8\u6717\u8c6a\u9152\u5e97", "order_time": ["2019-01-16 22:19:21"], "total_order": 1, "hotel_value": ["4.6"], "hotel_price": ["744"]}, "17293040": {"hotel_name": "\u53a6\u95e8\u5982\u58a8\u8bbe\u8ba1\u578b\u5ea6\u5047\u522b\u5885", "order_time": ["2019-01-16 22:19:23"], "total_order": 1, "hotel_value": ["4.9"], "hotel_price": ["206"]}, "3450733": {"hotel_name": "\u53a6\u95e8\u4e94\u7f18\u6e7e\u65f6\u5149\u516c\u5bd3", "order_time": ["2019-01-16 22:19:24"], "total_order": 1, "hotel_value": ["4.8"], "hotel_price": ["193"]}, "1741995": {"hotel_name": "\u5982\u5bb6\u6d3e\u67cf\u00b7\u4e91\u9152\u5e97(\u53a6\u95e8\u53a6\u79be\u8def\u56fd\u8d38\u5e97)(\u539f\u4e9a\u66fc\u9152\u5e97)", "order_time": ["2019-01-16 22:19:27"], "total_order": 1, "hotel_value": ["4.1"], "hotel_price": ["124"]}, "5660541": {"hotel_name": "\u53a6\u95e8\u5317\u7ad9\u5fae\u7b11\u5ba2\u6808", "order_time": ["2019-01-16 22:19:27"], "total_order": 1, "hotel_value": ["4.8"], "hotel_price": ["108"]}, "1583163": {"hotel_name": "\u5982\u5bb6\u5feb\u6377\u9152\u5e97(\u53a6\u95e8\u540c\u5b89\u6c7d\u8f66\u7ad9\u5e97)", "order_time": ["2019-01-16 22:19:27"], "total_order": 1, "hotel_value": ["4.5"], "hotel_price": ["123"]}, "2125318": {"hotel_name": "\u5de2\u53cb\u9152\u5e97(\u53a6\u95e8\u706b\u8f66\u7ad9\u5e97)", "order_time": ["2019-01-16 22:19:27"], "total_order": 1, "hotel_value": ["4.7"], "hotel_price": ["95"]}, "428302": {"hotel_name": "\u53a6\u95e8\u706b\u8f66\u7ad9\u4e9a\u6735\u8f7b\u5c45\u9152\u5e97", "order_time": ["2019-01-16 22:19:28"], "total_order": 1, "hotel_value": ["4.9"], "hotel_price": ["385"]}, "6259728": {"hotel_name": "\u82b1\u754c\u9152\u5e97(\u53a6\u95e8\u83b2\u82b1\u5e97)", "order_time": ["2019-01-16 22:19:28"], "total_order": 1, "hotel_value": ["4.4"], "hotel_price": ["263"]}, "3462555": {"hotel_name": "\u53a6\u95e8\u9f13\u6d6a\u5c7f\u62c9\u62c9\u8428\u5c14\u739b\u65c5\u9986", "order_time": ["2019-01-16 22:19:28"], "total_order": 1, "hotel_value": ["4.9"], "hotel_price": ["131"]}, "23944026": {"hotel_name": "\u9f13\u6d6a\u5c7f\u7231\u5c7f\u65c5\u9986", "order_time": ["2019-01-16 22:19:30"], "total_order": 1, "hotel_value": ["4.7"], "hotel_price": ["208"]}, "480520": {"hotel_name": "\u590f\u5546\u00b7\u6021\u5ead\u5feb\u6377\u9152\u5e97(\u83b2\u524d\u897f\u8def\u5e97)", "order_time": ["2019-01-16 22:19:32"], "total_order": 1, "hotel_value": ["4.0"], "hotel_price": ["79"]}, "2362494": {"hotel_name": "\u53a6\u95e8\u701a\u90fd\u5546\u52a1\u5bbe\u9986(\u539f\u96c5\u6cca\u5bbe\u9986)", "order_time": ["2019-01-16 22:19:32"], "total_order": 1, "hotel_value": ["3.8"], "hotel_price": ["145"]}, "6554578": {"hotel_name": "\u53a6\u95e8\u76db\u6377\u8f6f\u4ef6\u56ed\u670d\u52a1\u516c\u5bd3", "order_time": ["2019-01-16 22:19:38", "2019-01-16 22:32:05"], "total_order": 2, "hotel_value": ["4.6", "4.6"], "hotel_price": ["583", "583"]}, "2383517": {"hotel_name": "\u5c0f\u80a5\u732b\u5ba2\u6808(\u53a6\u95e8\u73af\u5c9b\u8def\u5e97)", "order_time": ["2019-01-16 22:19:38"], "total_order": 1, "hotel_value": ["4.9"], "hotel_price": ["133"]}, "839464": {"hotel_name": "\u53a6\u95e8\u6728\u5bbf\u5ba2\u6808(\u539f\u6f2b\u8d70\u5ba2\u6808)", "order_time": ["2019-01-16 22:19:49"], "total_order": 1, "hotel_value": ["4.4"], "hotel_price": ["93"]}, "2626310": {"hotel_name": "\u53a6\u95e8\u5de6\u6797\u53f3\u820d\u4e3b\u9898\u5ba2\u6808", "order_time": ["2019-01-16 22:19:51"], "total_order": 1, "hotel_value": ["4.8"], "hotel_price": ["78"]}, "6407574": {"hotel_name": "\u53a6\u95e8\u9a6c\u514b\u5ba2\u6808", "order_time": ["2019-01-16 22:19:51"], "total_order": 1, "hotel_value": ["4.7"], "hotel_price": ["118"]}, "1439096": {"hotel_name": "\u53a6\u95e8\u8212\u5fc3\u516c\u5bd3", "order_time": ["2019-01-16 22:19:51"], "total_order": 1, "hotel_value": ["4.6"], "hotel_price": ["57"]}, "11090358": {"hotel_name": "\u53a6\u95e899\u65c5\u9986", "order_time": ["2019-01-16 22:19:51"], "total_order": 1, "hotel_value": ["4.6"], "hotel_price": ["83"]}, "1520420": {"hotel_name": "\u53a6\u95e8\u6d77\u89d2\u4e03\u53f7\u5ba2\u6808", "order_time": ["2019-01-16 22:19:51"], "total_order": 1, "hotel_value": ["4.6"], "hotel_price": ["80"]}, "1107087": {"hotel_name": "\u53a6\u95e8\u7269\u820d\u4e3b\u9898\u5ba2\u6808", "order_time": ["2019-01-16 22:19:51"], "total_order": 1, "hotel_value": ["4.8"], "hotel_price": ["153"]}, "11069277": {"hotel_name": "\u53a6\u95e8\u597d\u671b\u89d2\u5bb6\u5ead\u6c11\u5bbf", "order_time": ["2019-01-16 22:19:51"], "total_order": 1, "hotel_value": ["4.8"], "hotel_price": ["126"]}, "914092": {"hotel_name": "\u53a6\u95e8\u8bed\u83d3\u60a0\u95f2\u5c0f\u6808", "order_time": ["2019-01-16 22:19:51"], "total_order": 1, "hotel_value": ["4.6"], "hotel_price": ["85"]}, "1669085": {"hotel_name": "\u53a6\u95e8\u6d77\u68e0\u5ea6\u5047\u5c4b", "order_time": ["2019-01-16 22:19:59"], "total_order": 1, "hotel_value": ["5.0"], "hotel_price": ["326"]}, "717597": {"hotel_name": "\u53a6\u95e8\u5fa1\u79c1\u5885\u4eb2\u5b50\u5ea6\u5047\u522b\u5885", "order_time": ["2019-01-16 22:20:00"], "total_order": 1, "hotel_value": ["4.7"], "hotel_price": ["318"]}, "2386560": {"hotel_name": "\u53a6\u95e8\u559c\u7269\u5ba2\u6808", "order_time": ["2019-01-16 22:20:00"], "total_order": 1, "hotel_value": ["4.8"], "hotel_price": ["198"]}, "1733885": {"hotel_name": "\u53a6\u95e8\u4e00\u683c\u00b7\u5982\u6ea2\u9152\u5e97", "order_time": ["2019-01-16 22:20:00"], "total_order": 1, "hotel_value": ["4.6"], "hotel_price": ["139"]}, "24412604": {"hotel_name": "\u53a6\u95e8\u5357\u5b87\u516c\u5bd3", "order_time": ["2019-01-16 22:20:00"], "total_order": 1, "hotel_value": ["4.7"], "hotel_price": ["168"]}, "11569260": {"hotel_name": "\u53a6\u95e8\u5fc3\u8def\u82b1\u8bed\u5ba2\u6808", "order_time": ["2019-01-16 22:20:00"], "total_order": 1, "hotel_value": ["4.8"], "hotel_price": ["247"]}, "15042696": {"hotel_name": "\u53a6\u95e8\u9f13\u6d6a\u5c7f\u5306\u5306\u90a3\u5e74\u7cbe\u54c1\u5ba2\u6808", "order_time": ["2019-01-16 22:20:03"], "total_order": 1, "hotel_value": ["3.8"], "hotel_price": ["128"]}, "2298925": {"hotel_name": "\u53a6\u95e8\u7d2b\u91d1\u5bbe\u9986", "order_time": ["2019-01-16 22:21:24"], "total_order": 1, "hotel_value": ["4.2"], "hotel_price": ["373"]}, "6075104": {"hotel_name": "\u53a6\u95e8\u71d5\u00b7\u9752\u5e74\u65c5\u820d", "order_time": ["2019-01-16 22:21:26"], "total_order": 1, "hotel_value": ["4.7"], "hotel_price": ["53"]}, "2279530": {"hotel_name": "\u53a6\u95e8\u5982\u5f52\u5c0f\u7b51", "order_time": ["2019-01-16 22:29:35", "2019-01-16 22:21:27"], "total_order": 2, "hotel_value": ["4.7", "4.7"], "hotel_price": ["94", "94"]}, "28134136": {"hotel_name": "\u53a6\u95e8\u8f6c\u89d2\u5c4b\u6c11\u5bbf", "order_time": ["2019-01-16 22:21:27"], "total_order": 1, "hotel_value": ["4.9"], "hotel_price": ["105"]}, "511505": {"hotel_name": "\u53a6\u95e8\u7f8e\u4e3d\u534e\u5927\u9152\u5e97", "order_time": ["2019-01-16 22:21:29"], "total_order": 1, "hotel_value": ["4.4"], "hotel_price": ["407"]}, "5248612": {"hotel_name": "\u53a6\u95e8\u66fe\u539d\u57b5\u884c\u4e91\u5ba2\u6808", "order_time": ["2019-01-16 22:31:34", "2019-01-16 22:21:33"], "total_order": 2, "hotel_value": ["5.0", "5.0"], "hotel_price": ["473", "473"]}, "4814803": {"hotel_name": "\u53a6\u95e8\u591c\u6cca\u4e3d\u6e7e\u9152\u5e97", "order_time": ["2019-01-16 22:21:33"], "total_order": 1, "hotel_value": ["4.1"], "hotel_price": ["162"]}, "1066354": {"hotel_name": "\u6613\u4f70\u8fde\u9501\u65c5\u5e97(\u53a6\u95e8\u6d77\u5bcc\u5e97)", "order_time": ["2019-01-16 22:21:35"], "total_order": 1, "hotel_value": ["4.0"], "hotel_price": ["95"]}, "1519470": {"hotel_name": "\u53a6\u95e8\u66fe\u539d\u57b5\u9093\u59d0\u5bb6\u5ead\u9662\u5ba2\u6808", "order_time": ["2019-01-16 22:21:36", "2019-01-16 22:25:30"], "total_order": 2, "hotel_value": ["4.8", "4.8"], "hotel_price": ["131", "131"]}, "5449230": {"hotel_name": "\u53a6\u95e8\u4e00\u683c\u6d77\u666f\u5ea6\u5047\u9a7f\u6808", "order_time": ["2019-01-16 22:21:37"], "total_order": 1, "hotel_value": ["4.9"], "hotel_price": ["169"]}, "6485447": {"hotel_name": "\u5b9c\u5c1a\u9152\u5e97(\u53a6\u95e8\u673a\u573a\u706b\u70ac\u56ed\u5730\u94c1\u7ad9\u5e97)", "order_time": ["2019-01-16 22:23:25"], "total_order": 1, "hotel_value": ["4.6"], "hotel_price": ["638"]}, "445258": {"hotel_name": "\u5982\u662f\u9152\u5e97(\u53a6\u95e8\u4e3b\u9898\u58f9\u53f7\u5e97)", "order_time": ["2019-01-16 22:23:26"], "total_order": 1, "hotel_value": ["4.8"], "hotel_price": ["183"]}, "437770": {"hotel_name": "\u53a6\u95e8\u79be\u6b63\u5927\u9152\u5e97", "order_time": ["2019-01-16 22:23:26"], "total_order": 1, "hotel_value": ["4.2"], "hotel_price": ["146"]}, "4337031": {"hotel_name": "\u53a6\u95e8\u9f13\u6d6a\u5c7f\u7ea2\u5802\u65c5\u9986", "order_time": ["2019-01-16 22:23:26"], "total_order": 1, "hotel_value": ["4.2"], "hotel_price": ["226"]}, "21092310": {"hotel_name": "\u53a6\u95e8\u79e6\u7f8e\u534a\u5c9b\u6d77\u666f\u9152\u5e97\u5f0f\u516c\u5bd3", "order_time": ["2019-01-16 22:23:28"], "total_order": 1, "hotel_value": ["4.5"], "hotel_price": ["213"]}, "8504850": {"hotel_name": "\u53a6\u95e8THE ONE\u8354\u6e7e\u9152\u5e97\u516c\u5bd3", "order_time": ["2019-01-16 22:23:38", "2019-01-16 22:37:29"], "total_order": 2, "hotel_value": ["4.3", "4.3"], "hotel_price": ["188", "188"]}, "453231": {"hotel_name": "\u745e\u820d\u9152\u5e97(\u53a6\u95e8\u4e2d\u5c71\u8def\u6597\u897f\u5e97)(\u539f\u597d\u53cb\u6c47\u5546\u52a1\u9152\u5e97)", "order_time": ["2019-01-16 22:23:45"], "total_order": 1, "hotel_value": ["4.8"], "hotel_price": ["249"]}, "1727667": {"hotel_name": "\u53a6\u95e8\u9f13\u6d6a\u5c7f\u9e93\u610f\u601d\u8001\u522b\u5885\u5ea6\u5047\u9152\u5e97", "order_time": ["2019-01-16 22:25:21"], "total_order": 1, "hotel_value": ["4.6"], "hotel_price": ["214"]}, "6246815": {"hotel_name": "\u6c49\u5ead\u9152\u5e97(\u53a6\u95e8\u4e2d\u5c71\u8def\u6b65\u884c\u8857\u5927\u540c\u8def\u5e97)", "order_time": ["2019-01-16 22:25:23"], "total_order": 1, "hotel_value": ["4.4"], "hotel_price": ["170"]}, "1799733": {"hotel_name": "\u53a6\u95e8\u9f13\u6d6a\u5c7f\u4e01\u9999\u82b1\u56ed\u65c5\u9986", "order_time": ["2019-01-16 22:25:23", "2019-01-16 22:27:25", "2019-01-16 22:37:21"], "total_order": 3, "hotel_value": ["4.8", "4.8", "4.8"], "hotel_price": ["359", "359", "359"]}, "10556585": {"hotel_name": "\u53a6\u95e8\u4e91\u4e5f\u9152\u5e97", "order_time": ["2019-01-16 22:25:25"], "total_order": 1, "hotel_value": ["4.8"], "hotel_price": ["649"]}, "429652": {"hotel_name": "\u590f\u5546\u00b7\u6021\u5ead\u5feb\u6377\u9152\u5e97(\u53a6\u95e8\u4e2d\u5c71\u8def\u767d\u5170\u5e97)", "order_time": ["2019-01-16 22:27:27", "2019-01-16 22:25:28"], "total_order": 2, "hotel_value": ["4.4", "4.4"], "hotel_price": ["134", "134"]}, "3293024": {"hotel_name": "\u53a6\u95e8\u8239\u5c4b\u8001\u522b\u5885\u5bb6\u5ead\u65c5\u9986", "order_time": ["2019-01-16 22:25:28"], "total_order": 1, "hotel_value": ["4.7"], "hotel_price": ["170"]}, "26341130": {"hotel_name": "\u53a6\u95e8Sky High\u4e91\u5c1a\u5929\u9645\u9152\u5e97", "order_time": ["2019-01-16 22:25:29"], "total_order": 1, "hotel_value": ["5.0"], "hotel_price": ["1360"]}, "12084605": {"hotel_name": "\u53a6\u95e8\u96c5\u5b50\u8f69\u7cbe\u54c1\u8fde\u9501\u9152\u5e97", "order_time": ["2019-01-16 22:25:29"], "total_order": 1, "hotel_value": ["4.9"], "hotel_price": ["104"]}, "1405990": {"hotel_name": "\u901f8\u9152\u5e97(\u53a6\u95e8\u706b\u8f66\u7ad9\u5e97)", "order_time": ["2019-01-16 22:39:31", "2019-01-16 22:25:30"], "total_order": 2, "hotel_value": ["4.3", "4.3"], "hotel_price": ["181", "181"]}, "11021977": {"hotel_name": "\u53a6\u95e8oneday\u5c9b\u5c7f\u8bbe\u8ba1\u5e08\u6c11\u5bbf", "order_time": ["2019-01-16 22:25:57"], "total_order": 1, "hotel_value": ["4.8"], "hotel_price": ["298"]}, "911268": {"hotel_name": "\u53a6\u95e8\u7389\u5170\u9999\u516c\u5bd3", "order_time": ["2019-01-16 22:25:58"], "total_order": 1, "hotel_value": ["4.9"], "hotel_price": ["128"]}, "4092420": {"hotel_name": "\u9f13\u6d6a\u5c7f\u90a3\u5c9b\u90a3\u6d77\u5ea6\u5047\u65c5\u9986", "order_time": ["2019-01-16 22:27:23"], "total_order": 1, "hotel_value": ["4.8"], "hotel_price": ["168"]}, "15841262": {"hotel_name": "\u53a6\u95e8\u8c6a\u5ef7\u5ea6\u5047\u522b\u5885", "order_time": ["2019-01-16 22:27:23"], "total_order": 1, "hotel_value": ["4.9"], "hotel_price": ["171"]}, "6279138": {"hotel_name": "\u57ce\u5e02\u4fbf\u6377\u9152\u5e97(\u53a6\u95e8\u9f13\u6d6a\u5c7f\u5d69\u5c7f\u7801\u5934\u5e97 )", "order_time": ["2019-01-16 22:27:23"], "total_order": 1, "hotel_value": ["4.8"], "hotel_price": ["228"]}, "1314936": {"hotel_name": "\u83ab\u6cf0268(\u53a6\u95e8\u706b\u8f66\u7ad9\u5e97)", "order_time": ["2019-01-16 22:39:27", "2019-01-16 22:27:26"], "total_order": 2, "hotel_value": ["4.3", "4.3"], "hotel_price": ["170", "170"]}, "26556315": {"hotel_name": "\u9f13\u6d6a\u5c7f\u62fe\u672b\u65c5\u9986", "order_time": ["2019-01-16 22:27:27"], "total_order": 1, "hotel_value": ["4.9"], "hotel_price": ["793"]}, "17384857": {"hotel_name": "\u53a6\u95e8\u7f8e\u9014\u96c5\u820d\u5546\u52a1\u9152\u5e97", "order_time": ["2019-01-16 22:27:31"], "total_order": 1, "hotel_value": ["4.0"], "hotel_price": ["150"]}, "14524625": {"hotel_name": "\u53a6\u95e8\u66fe\u539d\u57b5\u6e05\u98ce\u5c0f\u7b51\u5ba2\u6808\uff08\u539f\u6709\u9e7f\u6765\u6c11\u5bbf\uff09", "order_time": ["2019-01-16 22:29:25"], "total_order": 1, "hotel_value": ["4.7"], "hotel_price": ["59"]}, "8393169": {"hotel_name": "\u53a6\u95e8\u6728\u4e0b\u751f\u6d3b\u5ba2\u6808(\u539f\u4e50\u5bb6\u5496\u5561\u9662\u7cbe\u54c1\u6c11\u5bbf)", "order_time": ["2019-01-16 22:29:29"], "total_order": 1, "hotel_value": ["4.7"], "hotel_price": ["453"]}, "2613677": {"hotel_name": "\u9f13\u6d6a\u5c7f\u6e21\u91ce\u5e84\u56ed(\u539f\u5fb7\u6797\u82d1\u4e8c\u4e2d\u5e97)", "order_time": ["2019-01-16 22:29:30"], "total_order": 1, "hotel_value": ["4.3"], "hotel_price": ["163"]}, "6819997": {"hotel_name": "\u53a6\u95e8\u901f\u516b\u9152\u5e97\u6d77\u6ca7\u897f\u96c5\u56fe\u5e97", "order_time": ["2019-01-16 22:29:32"], "total_order": 1, "hotel_value": ["3.9"], "hotel_price": ["148"]}, "11479450": {"hotel_name": "\u53a6\u95e8\u7761\u5fb7\u9999\u9152\u5e97\u516c\u5bd3", "order_time": ["2019-01-16 22:29:32"], "total_order": 1, "hotel_value": ["4.7"], "hotel_price": ["153"]}, "12250282": {"hotel_name": "\u53a6\u95e8\u6e29\u5c3c\u65af\u00b7\u542c\u5fc3\u9662\u5c71\u5c45\u5ea6\u5047\u522b\u5885", "order_time": ["2019-01-16 22:29:33"], "total_order": 1, "hotel_value": ["4.9"], "hotel_price": ["499"]}, "2140140": {"hotel_name": "\u53a6\u95e8\u8fdc\u4e1c\u4e4b\u661f\u9152\u5e97", "order_time": ["2019-01-16 22:29:35"], "total_order": 1, "hotel_value": ["3.9"], "hotel_price": ["258"]}, "2295721": {"hotel_name": "\u53a6\u95e8\u541b\u60a6\u8c6a\u9152\u5e97", "order_time": ["2019-01-16 22:29:35"], "total_order": 1, "hotel_value": ["4.2"], "hotel_price": ["121"]}, "700179": {"hotel_name": "\u6cca\u65c5\u65f6\u5c1a\u9152\u5e97(\u53a6\u95e8\u4f1a\u5c55\u4e2d\u5fc3\u5e97)", "order_time": ["2019-01-16 22:29:37"], "total_order": 1, "hotel_value": ["3.9"], "hotel_price": ["187"]}, "6341267": {"hotel_name": "\u53a6\u95e8\u9ea6\u53cc\u6d01\u9152\u5e97", "order_time": ["2019-01-16 22:29:48"], "total_order": 1, "hotel_value": ["4.5"], "hotel_price": ["168"]}, "1575123": {"hotel_name": "\u827e\u601d\u987f\u9152\u5e97(\u53a6\u95e8\u706b\u8f66\u7ad9\u5e97)", "order_time": ["2019-01-16 22:31:20"], "total_order": 1, "hotel_value": ["4.8"], "hotel_price": ["351"]}, "2593672": {"hotel_name": "\u592a\u7a7a\u8231\u9152\u5e97\uff08\u53a6\u95e8\u4e2d\u5c71\u8def\u8f6e\u6e21\u5e97\uff09", "order_time": ["2019-01-16 22:31:22"], "total_order": 1, "hotel_value": ["4.3"], "hotel_price": ["52"]}, "4337027": {"hotel_name": "\u9f13\u6d6a\u5c7f\u6e7e\u666f\u65c5\u9986", "order_time": ["2019-01-16 22:31:28"], "total_order": 1, "hotel_value": ["4.5"], "hotel_price": ["143"]}, "4814794": {"hotel_name": "\u53a6\u95e8\u6625\u57ce\u9152\u5e97(\u8f6e\u6e21\u5e97)", "order_time": ["2019-01-16 22:31:33"], "total_order": 1, "hotel_value": ["3.5"], "hotel_price": ["115"]}, "2301140": {"hotel_name": "\u53a6\u95e8\u7f8e\u6676\u9152\u5e97", "order_time": ["2019-01-16 22:31:34"], "total_order": 1, "hotel_value": ["4.2"], "hotel_price": ["137"]}, "6842546": {"hotel_name": "\u53a6\u95e8\u6d77\u60a6\u6e7e\u5ea6\u5047\u522b\u5885", "order_time": ["2019-01-16 22:31:59"], "total_order": 1, "hotel_value": ["4.9"], "hotel_price": ["369"]}, "21124626": {"hotel_name": "\u53a6\u95e8\u4e07\u749f\u8f69\u9152\u5e97", "order_time": ["2019-01-16 22:31:59"], "total_order": 1, "hotel_value": ["4.7"], "hotel_price": ["229"]}, "5790240": {"hotel_name": "\u5168\u5b63\u9152\u5e97(\u53a6\u95e8\u673a\u573a\u6210\u529f\u5927\u9053\u5e97)", "order_time": ["2019-01-16 22:31:59"], "total_order": 1, "hotel_value": ["4.7"], "hotel_price": ["313"]}, "2645250": {"hotel_name": "\u53a6\u95e8\u9f13\u6d6a\u5c7f\u4ed6\u57ce\u4e00\u6d77\u5ea6\u5047\u6d77\u666f\u522b\u5885", "order_time": ["2019-01-16 22:31:59"], "total_order": 1, "hotel_value": ["4.8"], "hotel_price": ["399"]}, "2298562": {"hotel_name": "\u9526\u6c5f\u4e4b\u661f(\u53a6\u95e8\u5927\u5b66\u4e2d\u5c71\u8def\u5e97)", "order_time": ["2019-01-16 22:33:24"], "total_order": 1, "hotel_value": ["4.5"], "hotel_price": ["189"]}, "6512986": {"hotel_name": "\u53a6\u95e8\u4e4c\u5ae3\u539d\u5ba2\u6808", "order_time": ["2019-01-16 22:33:25"], "total_order": 1, "hotel_value": ["4.9"], "hotel_price": ["153"]}, "1550248": {"hotel_name": "\u53a6\u95e8\u84dd\u5c7f\u6d77\u666f\u6c11\u5bbf", "order_time": ["2019-01-16 22:33:25", "2019-01-16 22:37:25"], "total_order": 2, "hotel_value": ["4.7", "4.7"], "hotel_price": ["362", "362"]}, "1857599": {"hotel_name": "\u590f\u5546\u00b7\u6021\u5ead\u5feb\u6377\u9152\u5e97(\u53a6\u95e8\u96c6\u7f8e\u674f\u6797\u5e97)", "order_time": ["2019-01-16 22:33:29"], "total_order": 1, "hotel_value": ["4.2"], "hotel_price": ["135"]}, "2157026": {"hotel_name": "\u53a6\u95e8\u559c\u591a\u5c4b\u9152\u5e97", "order_time": ["2019-01-16 22:33:29"], "total_order": 1, "hotel_value": ["4.6"], "hotel_price": ["92"]}, "6246343": {"hotel_name": "\u53a6\u95e8\u6162\u751f\u6d3b\u00b7\u6696\u5357\u7f8e\u5885", "order_time": ["2019-01-16 22:33:31"], "total_order": 1, "hotel_value": ["4.9"], "hotel_price": ["289"]}, "4680954": {"hotel_name": "\u53a6\u95e8\u5fae\u7231\u56fd\u5b66\u9152\u5e97", "order_time": ["2019-01-16 22:33:32"], "total_order": 1, "hotel_value": ["4.4"], "hotel_price": ["292"]}, "2302744": {"hotel_name": "\u53a6\u95e8\u70e8\u51ef\u5bbe\u9986", "order_time": ["2019-01-16 22:33:33"], "total_order": 1, "hotel_value": ["4.8"], "hotel_price": ["120"]}, "1857673": {"hotel_name": "\u53a6\u95e8\u5317\u7ad9\u53e4\u5fb7\u5ba2\u6808", "order_time": ["2019-01-16 22:33:51"], "total_order": 1, "hotel_value": ["4.5"], "hotel_price": ["70"]}, "439405": {"hotel_name": "\u9f13\u6d6a\u5c7f\u4e91\u9645\u5ba2\u6808", "order_time": ["2019-01-16 22:35:21"], "total_order": 1, "hotel_value": ["5.0"], "hotel_price": ["491"]}, "439323": {"hotel_name": "\u9f13\u6d6a\u5c7f\u7231\u4e0a\u82b1\u56ed\u65c5\u9986", "order_time": ["2019-01-16 22:35:22"], "total_order": 1, "hotel_value": ["4.7"], "hotel_price": ["183"]}, "804367": {"hotel_name": "\u548c\u9890\u9152\u5e97(\u53a6\u95e8\u706b\u8f66\u7ad9\u83b2\u82b1\u8def\u53e3\u5730\u94c1\u7ad9\u5e97)", "order_time": ["2019-01-16 22:35:22"], "total_order": 1, "hotel_value": ["4.8"], "hotel_price": ["274"]}, "4814798": {"hotel_name": "\u53a6\u95e8\u9f13\u6d6a\u5c7f\u6162\u5c4b\u5ea6\u5047\u522b\u5885", "order_time": ["2019-01-16 22:35:29"], "total_order": 1, "hotel_value": ["4.8"], "hotel_price": ["322"]}, "6599741": {"hotel_name": "\u6854\u5b50\u9152\u5e97\u00b7\u7cbe\u9009(\u53a6\u95e8\u4e2d\u5c71\u8def\u8f6e\u6e21\u7801\u5934\u5e97)(\u539f\u4e2d\u5c71\u8def\u6b65\u884c\u8857\u5e97)", "order_time": ["2019-01-16 22:35:29"], "total_order": 1, "hotel_value": ["4.8"], "hotel_price": ["313"]}, "437471": {"hotel_name": "\u53a6\u95e8\u9f13\u6d6a\u5c7f\u60a6\u60c5\u6e2f\u9152\u5e97", "order_time": ["2019-01-16 22:35:31"], "total_order": 1, "hotel_value": ["4.4"], "hotel_price": ["111"]}, "5615856": {"hotel_name": "\u53a6\u95e8\u9605\u6d77\u5c45\u7eaf\u6d77\u666f\u5ba2\u6808", "order_time": ["2019-01-16 22:35:32"], "total_order": 1, "hotel_value": ["4.3"], "hotel_price": ["171"]}, "6820630": {"hotel_name": "\u53a6\u95e8\u90a3\u53a2\u6d77\u666f\u5ea6\u5047\u6c11\u5bbf", "order_time": ["2019-01-16 22:35:35"], "total_order": 1, "hotel_value": ["4.7"], "hotel_price": ["1168"]}, "1229340": {"hotel_name": "\u53a6\u95e8\u66fe\u539d\u57b5\u95fd\u5357\u5c0f\u9662\u5ba2\u6808", "order_time": ["2019-01-16 22:35:40"], "total_order": 1, "hotel_value": ["4.8"], "hotel_price": ["78"]}, "1804365": {"hotel_name": "\u6d6a\u6f2b\u90fd\u5e02\u8fde\u9501\u9152\u5e97(\u53a6\u95e8\u706b\u8f66\u7ad9\u6d0b\u5b8f\u603b\u5e97)(\u539f\u6d0b\u5b8f\u5bbe\u9986)", "order_time": ["2019-01-16 22:35:42"], "total_order": 1, "hotel_value": ["4.3"], "hotel_price": ["144"]}, "14215640": {"hotel_name": "\u53a6\u95e8\u66fe\u539d\u57b5\u82b1\u6d77\u5c71\u5c45\u7cbe\u54c1\u5ba2\u6808", "order_time": ["2019-01-16 22:35:50"], "total_order": 1, "hotel_value": ["4.8"], "hotel_price": ["88"]}, "1893345": {"hotel_name": "\u53a6\u95e8\u81f4\u5bb6\u7cbe\u54c1\u9152\u5e97", "order_time": ["2019-01-16 22:37:20"], "total_order": 1, "hotel_value": ["4.3"], "hotel_price": ["95"]}, "1742958": {"hotel_name": "\u53a6\u95e8\u9f13\u6d6a\u5c7f\u68a6\u7f18\u53e4\u539d\u590d\u53e4\u65c5\u9986", "order_time": ["2019-01-16 22:37:23"], "total_order": 1, "hotel_value": ["4.9"], "hotel_price": ["49"]}, "2294237": {"hotel_name": "\u53a6\u95e8\u6c34\u679c\u5047\u65e5\u9152\u5e97", "order_time": ["2019-01-16 22:37:24"], "total_order": 1, "hotel_value": ["4.2"], "hotel_price": ["123"]}, "2076005": {"hotel_name": "\u9f13\u6d6a\u5c7f\u6d6e\u4e91\u65c5\u9986", "order_time": ["2019-01-16 22:37:24"], "total_order": 1, "hotel_value": ["4.6"], "hotel_price": ["111"]}, "2098288": {"hotel_name": "\u53a6\u95e8\u84dd\u8272\u6d77\u5cb8\u5546\u52a1\u9152\u5e97(\u6d77\u6ca7\u5e97)", "order_time": ["2019-01-16 22:37:24"], "total_order": 1, "hotel_value": ["3.6"], "hotel_price": ["208"]}, "23239051": {"hotel_name": "\u53a6\u95e8\u5927\u9690\u7cbe\u54c1\u65c5\u5c45", "order_time": ["2019-01-16 22:37:25"], "total_order": 1, "hotel_value": ["4.9"], "hotel_price": ["260"]}, "6561615": {"hotel_name": "\u53a6\u95e8\u96c6\u7f8e\u5609\u4e3d\u5546\u52a1\u5bbe\u9986", "order_time": ["2019-01-16 22:37:27"], "total_order": 1, "hotel_value": ["4.6"], "hotel_price": ["133"]}, "12091223": {"hotel_name": "\u53a6\u95e8\u4ea6\u590f\u9752\u5e74\u65c5\u820d", "order_time": ["2019-01-16 22:37:43"], "total_order": 1, "hotel_value": ["4.4"], "hotel_price": ["68"]}, "898495": {"hotel_name": "\u6c49\u5ead\u9152\u5e97(\u53a6\u95e8\u79be\u7965\u897f\u8def\u79be\u7965\u5546\u57ce\u5e97)(\u539f\u6e56\u6ee8\u4e2d\u8def\u5e97)", "order_time": ["2019-01-16 22:39:22"], "total_order": 1, "hotel_value": ["4.4"], "hotel_price": ["132"]}, "5879743": {"hotel_name": "\u53a6\u95e8\u65b0\u5929\u9e45\u57ce\u5821\u5e84\u56ed", "order_time": ["2019-01-16 22:39:23"], "total_order": 1, "hotel_value": ["4.8"], "hotel_price": ["121"]}, "5324761": {"hotel_name": "\u53a6\u95e8\u798f\u5b89\u516c\u5bd3", "order_time": ["2019-01-16 22:39:30"], "total_order": 1, "hotel_value": ["4.5"], "hotel_price": ["83"]}, "2308728": {"hotel_name": "\u53a6\u95e8\u5357\u6e56\u9e6d\u98de\u56fd\u9645\u9752\u5e74\u65c5\u820d", "order_time": ["2019-01-16 22:39:30"], "total_order": 1, "hotel_value": ["4.2"], "hotel_price": ["55"]}, "479139": {"hotel_name": "7\u5929\u8fde\u9501\u9152\u5e97(\u53a6\u95e8\u706b\u8f66\u7ad9\u4e07\u8c61\u57ce\u5e97)", "order_time": ["2019-01-16 22:39:30"], "total_order": 1, "hotel_value": ["4.4"], "hotel_price": ["99"]}, "813295": {"hotel_name": "\u53a6\u95e8\u674f\u82b1\u6751\u9152\u5e97", "order_time": ["2019-01-16 22:39:33"], "total_order": 1, "hotel_value": ["3.5"], "hotel_price": ["246"]}}}