{"\u5f00\u59cb\u8bb0\u5f55\u65f6\u95f4": "2019-01-18 15:43:05", "\u7ed3\u675f\u8bb0\u5f55\u65f6\u95f4": "2019-01-18 16:43:05", "\u8ba2\u5355\u603b\u589e\u91cf": 353, "item": {"1347276": {"hotel_name": "\u53a6\u95e8\u68a6\u60f3\u4e4b\u57ce\u9152\u5e97", "order_time": ["2019-01-18 15:45:11"], "total_order": 1, "hotel_value": ["4.9"], "hotel_price": ["186"]}, "346269": {"hotel_name": "\u53a6\u95e8\u6e90\u660c\u51ef\u5bbe\u65af\u57fa\u5927\u9152\u5e97", "order_time": ["2019-01-18 16:19:52", "2019-01-18 15:45:11", "2019-01-18 15:53:17"], "total_order": 3, "hotel_value": ["4.7", "4.7", "4.7"], "hotel_price": ["898", "898", "898"]}, "9118583": {"hotel_name": "\u53a6\u95e8\u9999\u683c\u91cc\u62c9\u5927\u9152\u5e97", "order_time": ["2019-01-18 15:51:16", "2019-01-18 15:45:11"], "total_order": 2, "hotel_value": ["4.6", "4.6"], "hotel_price": ["991", "991"]}, "375296": {"hotel_name": "\u53a6\u95e8\u65e5\u822a\u9152\u5e97", "order_time": ["2019-01-18 15:45:11"], "total_order": 1, "hotel_value": ["4.6"], "hotel_price": ["756"]}, "1507501": {"hotel_name": "\u53a6\u95e8\u672c\u6211\u9152\u5e97", "order_time": ["2019-01-18 15:45:11"], "total_order": 1, "hotel_value": ["4.6"], "hotel_price": ["116"]}, "1904341": {"hotel_name": "7\u5929\u4f18\u54c1\u9152\u5e97(\u53a6\u95e8\u4e2d\u5c71\u8def\u6b65\u884c\u8857\u5e97)", "order_time": ["2019-01-18 15:45:12", "2019-01-18 15:51:15"], "total_order": 2, "hotel_value": ["4.1", "4.1"], "hotel_price": ["189", "160"]}, "4041978": {"hotel_name": "\u901f8\u9152\u5e97\uff08\u53a6\u95e8\u673a\u573a\u6e56\u91cc\u5927\u9053\u5e97\uff09", "order_time": ["2019-01-18 15:45:12"], "total_order": 1, "hotel_value": ["4.3"], "hotel_price": ["177"]}, "1603567": {"hotel_name": "\u53a6\u95e8\u7121\u4e8c\u00b7\u767d\u5c7f\u8bbe\u8ba1\u578b\u5ea6\u5047\u7f8e\u5885", "order_time": ["2019-01-18 15:45:12"], "total_order": 1, "hotel_value": ["4.9"], "hotel_price": ["296"]}, "21160125": {"hotel_name": "\u6021\u7a0b\u9152\u5e97(\u53a6\u95e8\u4e2d\u5c71\u8def\u5e97)", "order_time": ["2019-01-18 15:45:12"], "total_order": 1, "hotel_value": ["4.7"], "hotel_price": ["364"]}, "779669": {"hotel_name": "\u6d77\u53cb\u826f\u54c1\u9152\u5e97(\u53a6\u95e8SM\u5e7f\u573a\u53f0\u6e7e\u8857\u5e97)", "order_time": ["2019-01-18 15:45:12"], "total_order": 1, "hotel_value": ["4.4"], "hotel_price": ["139"]}, "6150330": {"hotel_name": "\u8bd7\u516c\u5bd3(\u53a6\u95e8\u673a\u573a\u5e97)", "order_time": ["2019-01-18 15:45:12", "2019-01-18 16:15:49"], "total_order": 2, "hotel_value": ["4.2", "4.2"], "hotel_price": ["92", "102"]}, "777325": {"hotel_name": "\u53a6\u95e8\u5929\u6d77\u82b1\u56ed\u9152\u5e97", "order_time": ["2019-01-18 15:45:12"], "total_order": 1, "hotel_value": ["4.5"], "hotel_price": ["282"]}, "11155111": {"hotel_name": "\u53a6\u95e8\u8336\u7f18\u5c45\u6c11\u5bbf\u66fe\u539d\u57b5\u5e97", "order_time": ["2019-01-18 15:45:12"], "total_order": 1, "hotel_value": ["4.8"], "hotel_price": ["243"]}, "5788864": {"hotel_name": "\u53a6\u95e8\u5eb7\u83b1\u5fb7\u9152\u5e97", "order_time": ["2019-01-18 15:45:12"], "total_order": 1, "hotel_value": ["4.7"], "hotel_price": ["61272"]}, "15717242": {"hotel_name": "\u53a6\u95e8\u9e6d\u5c9b\u6234\u65af\u9152\u5e97", "order_time": ["2019-01-18 15:45:12", "2019-01-18 15:59:20"], "total_order": 2, "hotel_value": ["4.5", "4.5"], "hotel_price": ["211", "211"]}, "11894002": {"hotel_name": "\u53a6\u95e81\u53f7\u516c\u793e", "order_time": ["2019-01-18 15:45:13"], "total_order": 1, "hotel_value": ["4.7"], "hotel_price": ["59"]}, "1756972": {"hotel_name": "\u53a6\u95e8\u5496\u5561\u65f6\u5149\u6d77\u666f\u9a7f\u6808", "order_time": ["2019-01-18 15:45:13"], "total_order": 1, "hotel_value": ["4.4"], "hotel_price": ["197"]}, "346248": {"hotel_name": "\u53a6\u95e8\u6cf0\u8c37\u9152\u5e97", "order_time": ["2019-01-18 15:53:27", "2019-01-18 15:47:12"], "total_order": 2, "hotel_value": ["4.7", "4.7"], "hotel_price": ["398", "398"]}, "431965": {"hotel_name": "\u53a6\u95e8\u7f8e\u4ed1\u7693\u6656\u9152\u5e97", "order_time": ["2019-01-18 15:47:12"], "total_order": 1, "hotel_value": ["4.7"], "hotel_price": ["198"]}, "890106": {"hotel_name": "\u53a6\u95e8\u4e3d\u65af\u6d77\u666f\u9152\u5e97", "order_time": ["2019-01-18 15:47:12"], "total_order": 1, "hotel_value": ["4.7"], "hotel_price": ["278"]}, "12624286": {"hotel_name": "\u9a7f\u8d77\u9152\u5e97\uff08\u53a6\u95e8\u5317\u7ad9\u5e97\uff09", "order_time": ["2019-01-18 15:47:12"], "total_order": 1, "hotel_value": ["4.6"], "hotel_price": ["159"]}, "452567": {"hotel_name": "\u53a6\u95e8\u6162\u751f\u6d3b\u00b7\u82ad\u5398\u6d77\u5cb8\u5ea6\u5047\u9152\u5e97(\u539f\u9f13\u6d6a\u5c7f\u82ad\u5398\u6d77\u5cb8\u6d77\u666f\u9152\u5e97)", "order_time": ["2019-01-18 15:47:12"], "total_order": 1, "hotel_value": ["4.9"], "hotel_price": ["738"]}, "4815087": {"hotel_name": "\u53a6\u95e8\u9f13\u6d6a\u5c7f\u6f2b\u6f2b\u60a0\u60a0\u65c5\u9986", "order_time": ["2019-01-18 15:57:26", "2019-01-18 15:47:12"], "total_order": 2, "hotel_value": ["4.8", "4.8"], "hotel_price": ["173", "173"]}, "23571482": {"hotel_name": "\u53a6\u95e8\u5e78\u798f\u65f6\u5149\u516c\u5bd3", "order_time": ["2019-01-18 15:59:26", "2019-01-18 15:53:18", "2019-01-18 15:47:12"], "total_order": 3, "hotel_value": ["4.8", "4.8", "4.8"], "hotel_price": ["113", "113", "113"]}, "1470312": {"hotel_name": "\u53a6\u95e8\u697d\u5bbf\u8bbe\u8ba1\u5e08\u6c11\u5bbf", "order_time": ["2019-01-18 15:47:12"], "total_order": 1, "hotel_value": ["4.8"], "hotel_price": ["242"]}, "1405922": {"hotel_name": "\u53a6\u95e8\u5174\u8363\u4e91\u5c45\u9152\u5e97", "order_time": ["2019-01-18 15:47:12"], "total_order": 1, "hotel_value": ["4.0"], "hotel_price": ["368"]}, "1741647": {"hotel_name": "\u53a6\u95e8\u6f2b\u6e21\u6734\u820d\u8bbe\u8ba1\u578b\u6c11\u5bbf", "order_time": ["2019-01-18 15:47:12"], "total_order": 1, "hotel_value": ["5.0"], "hotel_price": ["242"]}, "1541918": {"hotel_name": "\u53a6\u95e8\u6d77\u65c5\u6559\u5e08\u9152\u5e97", "order_time": ["2019-01-18 15:47:12"], "total_order": 1, "hotel_value": ["4.5"], "hotel_price": ["268"]}, "669139": {"hotel_name": "\u53a6\u95e8\u4eac\u50ce\u9890\u8c6a\u9152\u5e97", "order_time": ["2019-01-18 15:47:12", "2019-01-18 15:53:17"], "total_order": 2, "hotel_value": ["4.6", "4.6"], "hotel_price": ["393", "393"]}, "6420073": {"hotel_name": "\u5929\u4e00\u5ba2\u6808(\u53a6\u95e8\u4e2d\u5c71\u8def\u6b65\u884c\u8857\u5e97)", "order_time": ["2019-01-18 15:47:12"], "total_order": 1, "hotel_value": ["4.7"], "hotel_price": ["290"]}, "750174": {"hotel_name": "\u683c\u6797\u8c6a\u6cf0(\u53a6\u95e8\u5927\u5b66\u5e97)", "order_time": ["2019-01-18 15:47:12"], "total_order": 1, "hotel_value": ["4.2"], "hotel_price": ["155"]}, "1207050": {"hotel_name": "\u5982\u5bb6\u5feb\u6377\u9152\u5e97(\u53a6\u95e8\u4f1a\u5c55\u4e2d\u5fc3\u83b2\u524d\u897f\u8def\u5e97)", "order_time": ["2019-01-18 15:47:12"], "total_order": 1, "hotel_value": ["4.7"], "hotel_price": ["123"]}, "4601806": {"hotel_name": "\u53a6\u95e8\u5927\u5b66\u5929\u73ba\u6d77\u666f\u516c\u5bd3(\u539f\u53a6\u5927\u4e16\u8302\u6d77\u5ce1\u53cc\u5b50\u5854\u6d77\u666f\u9152\u5e97)", "order_time": ["2019-01-18 15:47:12"], "total_order": 1, "hotel_value": ["4.5"], "hotel_price": ["619"]}, "387242": {"hotel_name": "\u53a6\u95e8\u4e1c\u5357\u4e9a\u5927\u9152\u5e97", "order_time": ["2019-01-18 15:47:13"], "total_order": 1, "hotel_value": ["4.5"], "hotel_price": ["304"]}, "23858080": {"hotel_name": "\u53a6\u95e8\u4f73\u9038\u5e0c\u5c14\u987f\u683c\u82ae\u7cbe\u9009\u9152\u5e97", "order_time": ["2019-01-18 15:47:13"], "total_order": 1, "hotel_value": ["4.7"], "hotel_price": ["897"]}, "436708": {"hotel_name": "\u53a6\u95e8\u91d1\u540e\u9152\u5e97", "order_time": ["2019-01-18 15:47:13"], "total_order": 1, "hotel_value": ["4.6"], "hotel_price": ["259"]}, "470603": {"hotel_name": "\u53a6\u95e8\u745e\u63d0\u62c9\u9152\u5e97", "order_time": ["2019-01-18 15:47:13"], "total_order": 1, "hotel_value": ["4.5"], "hotel_price": ["339"]}, "1486948": {"hotel_name": "\u6c49\u5ead\u9152\u5e97(\u53a6\u95e8\u4e2d\u5c71\u8def\u8f6e\u6e21\u5e97)", "order_time": ["2019-01-18 15:47:13", "2019-01-18 16:35:34"], "total_order": 2, "hotel_value": ["4.4", "4.4"], "hotel_price": ["189", "189"]}, "4444481": {"hotel_name": "\u4f60\u597d\u53a6\u95e8\u667a\u80fd\u5bb6\u5ead\u65c5\u9986(\u4e2d\u5c71\u8def\u5e97)(\u539f\u5de6\u53f3\u5496\u5561\u65c5\u9986)", "order_time": ["2019-01-18 15:47:13"], "total_order": 1, "hotel_value": ["4.7"], "hotel_price": ["166"]}, "2298925": {"hotel_name": "\u53a6\u95e8\u7d2b\u91d1\u5bbe\u9986", "order_time": ["2019-01-18 15:47:13"], "total_order": 1, "hotel_value": ["4.2"], "hotel_price": ["270"]}, "1728375": {"hotel_name": "\u6768\u6843\u9662\u5b50\u65c5\u9986(\u9f13\u6d6a\u5c7f\u590d\u5174\u53e4\u5821\u5e97)", "order_time": ["2019-01-18 15:47:13"], "total_order": 1, "hotel_value": ["4.8"], "hotel_price": ["423"]}, "11089626": {"hotel_name": "\u53a6\u95e8\u5c14\u7fd4\u9152\u5e97", "order_time": ["2019-01-18 15:47:13"], "total_order": 1, "hotel_value": ["4.5"], "hotel_price": ["352"]}, "2304450": {"hotel_name": "7\u5929\u8fde\u9501\u9152\u5e97(\u53a6\u95e8\u706b\u8f66\u7ad9\u5e97)", "order_time": ["2019-01-18 15:47:13"], "total_order": 1, "hotel_value": ["4.3"], "hotel_price": ["126"]}, "441273": {"hotel_name": "\u9510\u601d\u7279\u00b7\u9038\u81f4\u9152\u5e97(\u53a6\u95e8\u4e2d\u5c71\u8def\u5e97)", "order_time": ["2019-01-18 15:47:13", "2019-01-18 16:05:35"], "total_order": 2, "hotel_value": ["4.8", "4.8"], "hotel_price": ["195", "195"]}, "790582": {"hotel_name": "\u590f\u5546\u6021\u7fd4\u9152\u5e97(\u53a6\u95e8\u706b\u8f66\u7ad9\u5357\u6e56\u5e97)", "order_time": ["2019-01-18 15:47:13", "2019-01-18 16:33:39"], "total_order": 2, "hotel_value": ["4.6", "4.6"], "hotel_price": ["298", "298"]}, "3293024": {"hotel_name": "\u53a6\u95e8\u8239\u5c4b\u8001\u522b\u5885\u5bb6\u5ead\u65c5\u9986", "order_time": ["2019-01-18 15:47:13"], "total_order": 1, "hotel_value": ["4.7"], "hotel_price": ["170"]}, "2299730": {"hotel_name": "\u946b\u540d\u82d1\u9152\u5e97(\u53a6\u95e8\u6587\u5316\u827a\u672f\u4e2d\u5fc3\u5e97)", "order_time": ["2019-01-18 15:47:13"], "total_order": 1, "hotel_value": ["4.5"], "hotel_price": ["98"]}, "848515": {"hotel_name": "\u53a6\u95e8\u9752\u82b1\u74f7\u5ea6\u5047\u5c4b(\u539f\u98ce\u60c5\u6d77\u6e7e\u5ba2\u6808)", "order_time": ["2019-01-18 15:47:13"], "total_order": 1, "hotel_value": ["4.8"], "hotel_price": ["129"]}, "2304549": {"hotel_name": "99\u65c5\u9986\u8fde\u9501(\u53a6\u95e8SM\u4e4c\u77f3\u6d66\u5730\u94c1\u7ad9\u5e97)", "order_time": ["2019-01-18 15:47:17"], "total_order": 1, "hotel_value": ["4.1"], "hotel_price": ["101"]}, "2043594": {"hotel_name": "7\u5929\u8fde\u9501\u9152\u5e97(\u53a6\u95e8\u53f0\u6e7e\u8857\u5e97)", "order_time": ["2019-01-18 15:49:12"], "total_order": 1, "hotel_value": ["4.4"], "hotel_price": ["145"]}, "2214161": {"hotel_name": "\u6d6a\u6f2b\u90fd\u5e02\u8fde\u9501\u9152\u5e97(\u53a6\u95e8SM\u4eca\u53f6\u5e97)", "order_time": ["2019-01-18 15:49:12"], "total_order": 1, "hotel_value": ["4.5"], "hotel_price": ["122"]}, "2305465": {"hotel_name": "\u901f8\u9152\u5e97(\u53a6\u95e8\u540c\u5b89\u540c\u96c6\u5317\u8def\u5e97)", "order_time": ["2019-01-18 15:49:12"], "total_order": 1, "hotel_value": ["3.9"], "hotel_price": ["140"]}, "12780885": {"hotel_name": "\u53a6\u95e8\u7121\u4e8c\u00b7\u90a3\u6240\u9152\u5e97", "order_time": ["2019-01-18 15:49:13"], "total_order": 1, "hotel_value": ["4.9"], "hotel_price": ["350"]}, "790389": {"hotel_name": "\u53a6\u95e8\u65f6\u4ee3\u96c5\u5c45\u9152\u5e97", "order_time": ["2019-01-18 15:49:13"], "total_order": 1, "hotel_value": ["4.6"], "hotel_price": ["226"]}, "434801": {"hotel_name": "\u53a6\u95e8\u51ef\u88d5\u7f8e\u7235\u9152\u5e97", "order_time": ["2019-01-18 15:49:13"], "total_order": 1, "hotel_value": ["4.5"], "hotel_price": ["519"]}, "27833083": {"hotel_name": "\u53a6\u95e8\u968f\u5fc3\u9601\u516c\u5bd3", "order_time": ["2019-01-18 16:13:37", "2019-01-18 15:49:13"], "total_order": 2, "hotel_value": ["4.8", "4.8"], "hotel_price": ["153", "227"]}, "26557640": {"hotel_name": "\u826f\u5885\u00b7\u66fc\u4e3d\u5609\u5ea6\u5047\u522b\u5885(\u53a6\u95e8\u66fe\u539d\u57b5\u5e97)", "order_time": ["2019-01-18 15:49:13"], "total_order": 1, "hotel_value": ["5.0"], "hotel_price": ["262"]}, "11019053": {"hotel_name": "\u53a6\u95e8\u5c45\u4e45\u5c71\u6d77\u539f\u5bbf", "order_time": ["2019-01-18 15:49:13"], "total_order": 1, "hotel_value": ["4.9"], "hotel_price": ["386"]}, "6599741": {"hotel_name": "\u6854\u5b50\u9152\u5e97\u00b7\u7cbe\u9009(\u53a6\u95e8\u4e2d\u5c71\u8def\u8f6e\u6e21\u7801\u5934\u5e97)(\u539f\u4e2d\u5c71\u8def\u6b65\u884c\u8857\u5e97)", "order_time": ["2019-01-18 15:49:13"], "total_order": 1, "hotel_value": ["4.8"], "hotel_price": ["368"]}, "533304": {"hotel_name": "\u68a6\u60f3\u5bb6\u7cbe\u54c1\u4e3b\u9898\u9152\u5e97(\u53a6\u95e8SM\u57ce\u5e02\u5e7f\u573a\u5e97)", "order_time": ["2019-01-18 15:49:13"], "total_order": 1, "hotel_value": ["4.2"], "hotel_price": ["202"]}, "440397": {"hotel_name": "\u7231\u4e01\u5821\u9152\u5e97(\u53a6\u95e8\u53a6\u9f13\u7801\u5934\u5e97)(\u539f\u9890\u9526\u9152\u5e97)", "order_time": ["2019-01-18 16:09:46", "2019-01-18 15:49:13"], "total_order": 2, "hotel_value": ["4.5", "4.5"], "hotel_price": ["99", "99"]}, "450155": {"hotel_name": "\u5982\u5bb6\u5feb\u6377\u9152\u5e97(\u53a6\u95e8\u4e2d\u5c71\u8def\u6e56\u6ee8\u897f\u8def\u5e97)", "order_time": ["2019-01-18 15:49:13"], "total_order": 1, "hotel_value": ["4.2"], "hotel_price": ["139"]}, "437770": {"hotel_name": "\u53a6\u95e8\u79be\u6b63\u5927\u9152\u5e97", "order_time": ["2019-01-18 15:49:13"], "total_order": 1, "hotel_value": ["4.2"], "hotel_price": ["146"]}, "22817797": {"hotel_name": "\u53a6\u95e8SM\u57ce\u5e02\u5e7f\u573a\u5e0c\u5c14\u987f\u6b22\u670b\u9152\u5e97", "order_time": ["2019-01-18 15:49:13"], "total_order": 1, "hotel_value": ["4.5"], "hotel_price": ["1908"]}, "467592": {"hotel_name": "\u53a6\u95e8\u7f8e\u4ed1\u91d1\u60a6\u9152\u5e97", "order_time": ["2019-01-18 15:49:13"], "total_order": 1, "hotel_value": ["4.7"], "hotel_price": ["178"]}, "2300428": {"hotel_name": "\u53a6\u95e8\u4e03\u661f\u8fde\u9501\u9152\u5e97", "order_time": ["2019-01-18 16:07:30", "2019-01-18 15:49:13"], "total_order": 2, "hotel_value": ["4.1", "4.1"], "hotel_price": ["91", "91"]}, "436730": {"hotel_name": "\u753b\u5eca\u65c5\u9986(\u53a6\u95e8\u9f13\u6d6a\u5c7f\u6587\u827a\u590d\u5174\u9986)", "order_time": ["2019-01-18 15:49:13"], "total_order": 1, "hotel_value": ["4.9"], "hotel_price": ["207"]}, "5981029": {"hotel_name": "\u53a6\u95e8\u5076\u9047\u5ba2\u6808\u9f13\u6d6a\u5c7f\u5e97", "order_time": ["2019-01-18 16:42:05", "2019-01-18 15:49:14"], "total_order": 2, "hotel_value": ["4.6", "4.6"], "hotel_price": ["196", "196"]}, "11523322": {"hotel_name": "\u826f\u5885\u00b7\u4e91\u5ead\u9047\u89c1\u5ba2\u6808(\u53a6\u95e8\u66fe\u539d\u57b5\u5e97)", "order_time": ["2019-01-18 15:51:15"], "total_order": 1, "hotel_value": ["5.0"], "hotel_price": ["181"]}, "431557": {"hotel_name": "\u901f8\u9152\u5e97(\u53a6\u95e8\u4e2d\u5c71\u8def\u8f6e\u6e21\u5e97)", "order_time": ["2019-01-18 15:51:15"], "total_order": 1, "hotel_value": ["4.4"], "hotel_price": ["187"]}, "2298562": {"hotel_name": "\u9526\u6c5f\u4e4b\u661f(\u53a6\u95e8\u5927\u5b66\u4e2d\u5c71\u8def\u5e97)", "order_time": ["2019-01-18 15:51:15"], "total_order": 1, "hotel_value": ["4.5"], "hotel_price": ["209"]}, "434812": {"hotel_name": "\u53a6\u95e8\u65e5\u6708\u8c37\u6e29\u6cc9\u6e21\u5047\u6751", "order_time": ["2019-01-18 16:15:32", "2019-01-18 15:51:15"], "total_order": 2, "hotel_value": ["4.7", "4.7"], "hotel_price": ["958", "958"]}, "6483107": {"hotel_name": "\u53a6\u95e8\u6234\u66fc\u65af\u7cbe\u54c1\u9152\u5e97", "order_time": ["2019-01-18 15:51:15"], "total_order": 1, "hotel_value": ["4.6"], "hotel_price": ["211"]}, "22766983": {"hotel_name": "\u9e97\u67ab\u9152\u5e97(\u53a6\u95e8\u4e2d\u5c71\u8def\u6b65\u884c\u8857\u5e97)", "order_time": ["2019-01-18 15:51:15", "2019-01-18 15:55:17"], "total_order": 2, "hotel_value": ["4.7", "4.7"], "hotel_price": ["290", "290"]}, "427947": {"hotel_name": "\u53a6\u95e8\u56fd\u9645\u4f1a\u8bae\u4e2d\u5fc3\u9152\u5e97", "order_time": ["2019-01-18 15:51:16"], "total_order": 1, "hotel_value": ["4.8"], "hotel_price": ["589"]}, "6485412": {"hotel_name": "\u53a6\u95e8\u4e94\u7f18\u6e7e\u51ef\u60a6\u9152\u5e97", "order_time": ["2019-01-18 15:51:16"], "total_order": 1, "hotel_value": ["4.7"], "hotel_price": ["857"]}, "10201435": {"hotel_name": "\u53a6\u95e8\u4f70\u7fd4\u4e94\u901a\u9152\u5e97", "order_time": ["2019-01-18 15:51:16"], "total_order": 1, "hotel_value": ["4.7"], "hotel_price": ["699"]}, "8370082": {"hotel_name": "\u53a6\u95e8\u9f13\u6d6a\u5c7f\u67cf\u6587\u718a\u9152\u5e97", "order_time": ["2019-01-18 15:51:16"], "total_order": 1, "hotel_value": ["4.8"], "hotel_price": ["509"]}, "435472": {"hotel_name": "\u53a6\u95e8\u674f\u6797\u6e7e\u5927\u9152\u5e97", "order_time": ["2019-01-18 15:51:16", "2019-01-18 15:51:23", "2019-01-18 15:51:22", "2019-01-18 15:51:21"], "total_order": 4, "hotel_value": ["4.6", "4.6", "4.6", "4.6"], "hotel_price": ["358", "358", "358", "358"]}, "7123043": {"hotel_name": "\u53a6\u95e8\u9e6d\u6c5f\u00b7\u4f72\u5bb6\u9152\u5e97", "order_time": ["2019-01-18 15:51:16"], "total_order": 1, "hotel_value": ["4.7"], "hotel_price": ["729"]}, "898495": {"hotel_name": "\u6c49\u5ead\u9152\u5e97(\u53a6\u95e8\u79be\u7965\u897f\u8def\u79be\u7965\u5546\u57ce\u5e97)(\u539f\u6e56\u6ee8\u4e2d\u8def\u5e97)", "order_time": ["2019-01-18 15:51:16"], "total_order": 1, "hotel_value": ["4.4"], "hotel_price": ["161"]}, "825894": {"hotel_name": "\u53a6\u95e8\u66fe\u539d\u57b5\u5df4\u6e1d\u5c9bAngel\u6c11\u5bbf", "order_time": ["2019-01-18 15:51:16"], "total_order": 1, "hotel_value": ["4.9"], "hotel_price": ["211"]}, "2187819": {"hotel_name": "\u53a6\u95e8\u9f13\u6d6a\u5c7f\u7f18\u4e2d\u56ed\u4f11\u95f2\u5ea6\u5047\u522b\u5885", "order_time": ["2019-01-18 15:53:17"], "total_order": 1, "hotel_value": ["4.6"], "hotel_price": ["294"]}, "447297": {"hotel_name": "\u53a6\u95e8\u660e\u53d1\u56fd\u9645\u5927\u9152\u5e97", "order_time": ["2019-01-18 15:53:17"], "total_order": 1, "hotel_value": ["4.6"], "hotel_price": ["463"]}, "27938575": {"hotel_name": "\u53a6\u95e8\u6d77\u4e1d\u827a\u672f\u54c1\u4e2d\u5fc3\u4f70\u7fd4\u7428\u70c1\u9152\u5e97", "order_time": ["2019-01-18 15:53:17"], "total_order": 1, "hotel_value": ["4.8"], "hotel_price": ["408"]}, "346260": {"hotel_name": "\u53a6\u95e8\u745e\u9890\u5927\u9152\u5e97", "order_time": ["2019-01-18 16:27:30", "2019-01-18 15:53:17"], "total_order": 2, "hotel_value": ["4.7", "4.7"], "hotel_price": ["1049", "1049"]}, "375295": {"hotel_name": "\u53a6\u95e8\u7fd4\u9e6d\u56fd\u9645\u5927\u9152\u5e97", "order_time": ["2019-01-18 16:05:38", "2019-01-18 15:53:17"], "total_order": 2, "hotel_value": ["4.4", "4.4"], "hotel_price": ["290", "290"]}, "12673289": {"hotel_name": "\u53a6\u95e8\u6d77\u6ca7\u878d\u4fe1\u534e\u9091\u9152\u5e97", "order_time": ["2019-01-18 15:53:17"], "total_order": 1, "hotel_value": ["4.7"], "hotel_price": ["793"]}, "1541934": {"hotel_name": "\u53a6\u95e8\u68b5\u5c45\u00b7\u9759\u5fc3\u522b\u9662", "order_time": ["2019-01-18 15:53:17"], "total_order": 1, "hotel_value": ["4.9"], "hotel_price": ["318"]}, "8568987": {"hotel_name": "\u5e0c\u5cb8\u00b7\u8f7b\u96c5\u9152\u5e97(\u9f13\u6d6a\u5c7f\u5d69\u5c7f\u7801\u5934\u5e97)", "order_time": ["2019-01-18 16:29:32", "2019-01-18 15:53:18"], "total_order": 2, "hotel_value": ["4.8", "4.8"], "hotel_price": ["202", "202"]}, "1575123": {"hotel_name": "\u827e\u601d\u987f\u9152\u5e97(\u53a6\u95e8\u706b\u8f66\u7ad9\u5e97)", "order_time": ["2019-01-18 15:53:18"], "total_order": 1, "hotel_value": ["4.8"], "hotel_price": ["291"]}, "1497186": {"hotel_name": "\u53a6\u95e8\u90bb\u5bb6\u5c0f\u9662\u5ba2\u6808(\u539f\u7b49\u98ce\u6765\u5ba2\u6808)", "order_time": ["2019-01-18 15:53:18"], "total_order": 1, "hotel_value": ["4.8"], "hotel_price": ["101"]}, "7277750": {"hotel_name": "\u53a6\u95e8\u6b63\u5143\u5e0c\u5c14\u987f\u9038\u6797\u9152\u5e97", "order_time": ["2019-01-18 15:53:19"], "total_order": 1, "hotel_value": ["4.7"], "hotel_price": ["592"]}, "435290": {"hotel_name": "\u53a6\u95e8\u6625\u5149\u9152\u5e97", "order_time": ["2019-01-18 16:03:24", "2019-01-18 15:53:21"], "total_order": 2, "hotel_value": ["4.7", "4.7"], "hotel_price": ["278", "278"]}, "2076005": {"hotel_name": "\u9f13\u6d6a\u5c7f\u6d6e\u4e91\u65c5\u9986", "order_time": ["2019-01-18 15:53:21"], "total_order": 1, "hotel_value": ["4.6"], "hotel_price": ["111"]}, "17293040": {"hotel_name": "\u53a6\u95e8\u5982\u58a8\u8bbe\u8ba1\u578b\u5ea6\u5047\u522b\u5885", "order_time": ["2019-01-18 16:06:05", "2019-01-18 15:53:28"], "total_order": 2, "hotel_value": ["4.9", "4.9"], "hotel_price": ["261", "261"]}, "5757188": {"hotel_name": "\u53a6\u95e8\u5927\u5b66\u9f13\u6d6a\u6e7e\u6d77\u666f\u516c\u5bd3(\u539f\u53a6\u5927\u4e16\u8302\u53cc\u5b50\u5854\u597d\u7720\u9152\u5e97\u516c\u5bd3)", "order_time": ["2019-01-18 15:55:15"], "total_order": 1, "hotel_value": ["4.7"], "hotel_price": ["343"]}, "425692": {"hotel_name": "\u53a6\u95e8\u6d77\u60a6\u5c71\u5e84\u9152\u5e97", "order_time": ["2019-01-18 15:55:17"], "total_order": 1, "hotel_value": ["4.8"], "hotel_price": ["896"]}, "21132146": {"hotel_name": "\u5929\u57fa\u5fa1\u5ead\u9152\u5e97(\u53a6\u95e8\u83b2\u5742\u5730\u94c1\u7ad9\u5e97)", "order_time": ["2019-01-18 15:55:18"], "total_order": 1, "hotel_value": ["4.8"], "hotel_price": ["206"]}, "2304360": {"hotel_name": "\u53a6\u95e8\u57ce\u5e02\u65f6\u95f4\u9152\u5e97", "order_time": ["2019-01-18 15:55:19"], "total_order": 1, "hotel_value": ["3.4"], "hotel_price": ["80"]}, "11372511": {"hotel_name": "\u53a6\u95e8\u6f2b\u5ead\u65f6\u5149\u5ba2\u6808", "order_time": ["2019-01-18 15:55:19"], "total_order": 1, "hotel_value": ["4.8"], "hotel_price": ["133"]}, "14223688": {"hotel_name": "\u53a6\u95e8\u6b27\u5566\u522b\u5885", "order_time": ["2019-01-18 15:55:24"], "total_order": 1, "hotel_value": [0], "hotel_price": ["198"]}, "428302": {"hotel_name": "\u53a6\u95e8\u706b\u8f66\u7ad9\u4e9a\u6735\u8f7b\u5c45\u9152\u5e97", "order_time": ["2019-01-18 15:57:18"], "total_order": 1, "hotel_value": ["4.9"], "hotel_price": ["385"]}, "5304807": {"hotel_name": "\u826f\u5885\u00b7\u4e91\u5ead\u758f\u9662(\u53a6\u95e8\u66fe\u539d\u57b5\u5e97)", "order_time": ["2019-01-18 15:57:18"], "total_order": 1, "hotel_value": ["4.8"], "hotel_price": ["290"]}, "5548882": {"hotel_name": "\u53a6\u95e8\u6d77\u65c5\u6e29\u5fb7\u59c6\u81f3\u5c0a\u9152\u5e97", "order_time": ["2019-01-18 15:57:20"], "total_order": 1, "hotel_value": ["4.7"], "hotel_price": ["522"]}, "2624108": {"hotel_name": "\u53a6\u95e8\u5e0c\u5c14\u987f\u9038\u6797\u9152\u5e97", "order_time": ["2019-01-18 15:59:20"], "total_order": 1, "hotel_value": ["4.7"], "hotel_price": ["630"]}, "479354": {"hotel_name": "\u5bb6\u548c\u6625\u5929\u7cbe\u54c1\u9152\u5e97(\u53a6\u95e8\u673a\u573a\u5e97)", "order_time": ["2019-01-18 15:59:21"], "total_order": 1, "hotel_value": ["4.5"], "hotel_price": ["238"]}, "4092420": {"hotel_name": "\u9f13\u6d6a\u5c7f\u90a3\u5c9b\u90a3\u6d77\u5ea6\u5047\u65c5\u9986", "order_time": ["2019-01-18 15:59:21"], "total_order": 1, "hotel_value": ["4.8"], "hotel_price": ["328"]}, "1284505": {"hotel_name": "\u82b1\u7b51\u00b7\u53a6\u95e8\u4e0d\u8c61\u975e\u5ba2\u6808", "order_time": ["2019-01-18 15:59:21"], "total_order": 1, "hotel_value": ["4.9"], "hotel_price": ["258"]}, "1669085": {"hotel_name": "\u4e00\u683c\u00b7\u6d77\u68e0\u7f8e\u5bbf(\u53a6\u95e8\u5927\u5b66\u5e97)", "order_time": ["2019-01-18 15:59:22"], "total_order": 1, "hotel_value": ["5.0"], "hotel_price": ["213"]}, "6736731": {"hotel_name": "\u5e0c\u5cb8\u9152\u5e97(\u53a6\u95e8\u706b\u8f66\u7ad9\u5e97)(\u539f\u5357\u65b9\u996d\u5e97)", "order_time": ["2019-01-18 15:59:23"], "total_order": 1, "hotel_value": ["4.9"], "hotel_price": ["280"]}, "21785548": {"hotel_name": "\u53a6\u95e8\u749e\u5c1a\u9152\u5e97", "order_time": ["2019-01-18 15:59:23"], "total_order": 1, "hotel_value": ["4.8"], "hotel_price": ["1839"]}, "448912": {"hotel_name": "\u5982\u5bb6\u5feb\u6377\u9152\u5e97(\u53a6\u95e8\u706b\u8f66\u7ad9\u6e56\u6ee8\u4e1c\u8def\u9e3f\u8fd0\u5927\u53a6\u5e97)", "order_time": ["2019-01-18 15:59:25"], "total_order": 1, "hotel_value": ["4.3"], "hotel_price": ["163"]}, "4960975": {"hotel_name": "\u548c\u9890\u9152\u5e97(\u53a6\u95e8\u4e2d\u5c71\u8def\u6b65\u884c\u8857\u5e97)", "order_time": ["2019-01-18 15:59:26", "2019-01-18 16:01:25"], "total_order": 2, "hotel_value": ["4.7", "4.7"], "hotel_price": ["274", "274"]}, "932019": {"hotel_name": "\u5982\u5bb6\u5feb\u6377\u9152\u5e97(\u53a6\u95e8\u83b2\u5cb3\u8def\u677e\u67cf\u6587\u5316\u827a\u672f\u4e2d\u5fc3\u5e97)", "order_time": ["2019-01-18 15:59:29"], "total_order": 1, "hotel_value": ["4.3"], "hotel_price": ["126"]}, "1815575": {"hotel_name": "\u53a6\u95e8\u4e00\u54c1\u00b7\u6734\u5bbf(\u539f\u6f2b\u6d77\u5c45\u5ba2\u6808)", "order_time": ["2019-01-18 16:01:24"], "total_order": 1, "hotel_value": ["4.9"], "hotel_price": ["394"]}, "858889": {"hotel_name": "\u53a6\u95e8\u4e5d\u95f4\u5802\u8bbe\u8ba1\u5e08\u6c11\u5bbf(\u539f\u53a6\u95e8\u4e09\u6708\u5ba2\u6808)", "order_time": ["2019-01-18 16:01:24"], "total_order": 1, "hotel_value": ["4.8"], "hotel_price": ["143"]}, "439405": {"hotel_name": "\u9f13\u6d6a\u5c7f\u4e91\u9645\u5ba2\u6808", "order_time": ["2019-01-18 16:01:25"], "total_order": 1, "hotel_value": ["5.0"], "hotel_price": ["491"]}, "448649": {"hotel_name": "\u53a6\u95e8\u4e9a\u6d32\u6d77\u6e7e\u5927\u9152\u5e97", "order_time": ["2019-01-18 16:01:27"], "total_order": 1, "hotel_value": ["4.4"], "hotel_price": ["330"]}, "1389209": {"hotel_name": "\u9526\u6c5f\u4e4b\u661f\u54c1\u5c1a(\u53a6\u95e8\u96c6\u7f8e\u5927\u5b66\u56fd\u8d38\u5e97)", "order_time": ["2019-01-18 16:05:33", "2019-01-18 16:01:28"], "total_order": 2, "hotel_value": ["4.6", "4.6"], "hotel_price": ["219", "219"]}, "2309440": {"hotel_name": "\u6613\u4f70\u8fde\u9501\u65c5\u5e97(\u53a6\u95e8\u6c5f\u5934\u540e\u57d4\u5e97)", "order_time": ["2019-01-18 16:01:30"], "total_order": 1, "hotel_value": ["3.3"], "hotel_price": ["87"]}, "2241046": {"hotel_name": "\u4e2d\u5357\u6e7e\u9152\u5e97(\u53a6\u95e8\u4e2d\u5c71\u8def\u5e97)", "order_time": ["2019-01-18 16:01:52"], "total_order": 1, "hotel_value": ["4.0"], "hotel_price": ["133"]}, "6477755": {"hotel_name": "\u53a6\u95e8\u9f13\u6d6a\u5c7f\u8336\u8bed\u65f6\u5149\u94a2\u7434\u65c5\u9986", "order_time": ["2019-01-18 16:19:49", "2019-01-18 16:03:24"], "total_order": 2, "hotel_value": ["4.8", "4.8"], "hotel_price": ["78", "78"]}, "438257": {"hotel_name": "\u53a6\u95e8\u946b\u540d\u95e8\u82b1\u56ed\u9152\u5e97(\u539f\u5361\u5c14\u66fc\u9152\u5e97)", "order_time": ["2019-01-18 16:03:24"], "total_order": 1, "hotel_value": ["4.3"], "hotel_price": ["231"]}, "428315": {"hotel_name": "\u5982\u5bb6\u5feb\u6377\u9152\u5e97(\u53a6\u95e8\u6587\u56ed\u8def\u6587\u7076\u5730\u94c1\u7ad9\u5e97)", "order_time": ["2019-01-18 16:03:24"], "total_order": 1, "hotel_value": ["4.4"], "hotel_price": ["114"]}, "436632": {"hotel_name": "\u53a6\u95e8\u4e07\u4f73\u4e1c\u65b9\u9152\u5e97", "order_time": ["2019-01-18 16:03:24"], "total_order": 1, "hotel_value": ["4.4"], "hotel_price": ["178"]}, "2058271": {"hotel_name": "\u53a6\u95e8\u4e0d\u820d\u539d\u8fc7\u5ba2\u6808", "order_time": ["2019-01-18 16:03:27"], "total_order": 1, "hotel_value": ["4.9"], "hotel_price": ["238"]}, "17077993": {"hotel_name": "\u53a6\u95e8\u4e07\u8c6a\u9152\u5e97\u53ca\u4f1a\u8bae\u4e2d\u5fc3", "order_time": ["2019-01-18 16:03:27"], "total_order": 1, "hotel_value": ["4.6"], "hotel_price": ["907"]}, "1535936": {"hotel_name": "\u6c49\u5ead\u9152\u5e97(\u53a6\u95e8\u4f1a\u5c55\u4e2d\u5fc3\u83b2\u524d\u897f\u8def\u5e97)", "order_time": ["2019-01-18 16:03:28"], "total_order": 1, "hotel_value": ["4.3"], "hotel_price": ["180"]}, "1183066": {"hotel_name": "\u53a6\u95e8\u534e\u8212\u9152\u5e97", "order_time": ["2019-01-18 16:03:31"], "total_order": 1, "hotel_value": ["4.3"], "hotel_price": ["261"]}, "4389410": {"hotel_name": "\u53a6\u95e8\u6e56\u91cc\u96c5\u5c45\u516c\u5bd3", "order_time": ["2019-01-18 16:03:31", "2019-01-18 16:32:28"], "total_order": 2, "hotel_value": ["4.6", "4.6"], "hotel_price": ["95", "95"]}, "1916465": {"hotel_name": "\u53a6\u95e8\u68a6\u5ead\u5feb\u6377\u9152\u5e97", "order_time": ["2019-01-18 16:03:35"], "total_order": 1, "hotel_value": ["4.4"], "hotel_price": ["105"]}, "6955152": {"hotel_name": "\u53a6\u95e8\u541b\u96c5\u65f6\u5c1a\u9152\u5e97(\u539f\u4e98\u91d1\u9152\u5e97)", "order_time": ["2019-01-18 16:03:41"], "total_order": 1, "hotel_value": ["4.8"], "hotel_price": ["84"]}, "1227399": {"hotel_name": "\u5bb6\u5bb6\u4e50\u9152\u5e97(\u53a6\u95e8\u4e2d\u5c71\u8def\u9547\u90a6\u5e97)", "order_time": ["2019-01-18 16:05:34"], "total_order": 1, "hotel_value": ["4.3"], "hotel_price": ["145"]}, "4424172": {"hotel_name": "\u53a6\u95e8\u4ebf\u88d5\u6210\u9152\u5e97", "order_time": ["2019-01-18 16:05:34"], "total_order": 1, "hotel_value": ["4.5"], "hotel_price": ["154"]}, "2588923": {"hotel_name": "\u9f13\u6d6a\u5c7f\u68a6\u5e84\u5ea6\u5047\u7f8e\u5bbf(\u539f\u9f13\u6d6a\u5c7f\u68a6\u5e84\u9152\u5e97)", "order_time": ["2019-01-18 16:05:35"], "total_order": 1, "hotel_value": ["4.9"], "hotel_price": ["952"]}, "2301441": {"hotel_name": "\u975e\u7e41\u57ce\u54c1\u9152\u5e97(\u53a6\u95e8\u96c6\u7f8e\u5927\u5b66\u5e97)", "order_time": ["2019-01-18 16:05:35"], "total_order": 1, "hotel_value": ["4.7"], "hotel_price": ["158"]}, "717916": {"hotel_name": "\u53a6\u95e8\u6717\u8c6a\u9152\u5e97", "order_time": ["2019-01-18 16:05:35"], "total_order": 1, "hotel_value": ["4.6"], "hotel_price": ["744"]}, "2593672": {"hotel_name": "\u592a\u7a7a\u8231\u9152\u5e97\uff08\u53a6\u95e8\u4e2d\u5c71\u8def\u8f6e\u6e21\u5e97\uff09", "order_time": ["2019-01-18 16:05:36"], "total_order": 1, "hotel_value": ["4.3"], "hotel_price": ["59"]}, "6112181": {"hotel_name": "\u53a6\u95e8\u6c38\u4e3d\u8fbe\u4e3d\u5448\u9152\u5e97", "order_time": ["2019-01-18 16:05:41"], "total_order": 1, "hotel_value": ["4.8"], "hotel_price": ["549"]}, "11500242": {"hotel_name": "\u53a6\u95e8\u90a3\u5c71\u90a3\u6d77\u5ea6\u5047\u6d77\u666f\u522b\u5885(\u539f\u5929\u6cc9\u6e7e\u6d77\u666f\u522b\u5885)", "order_time": ["2019-01-18 16:05:41"], "total_order": 1, "hotel_value": ["4.9"], "hotel_price": ["210"]}, "1744083": {"hotel_name": "\u53a6\u95e8\u660e\u6708\u6cc9\u65c5\u9986", "order_time": ["2019-01-18 16:05:45"], "total_order": 1, "hotel_value": ["3.8"], "hotel_price": ["108"]}, "19844800": {"hotel_name": "\u6d77\u6674\u9752\u5e74\u65c5\u820d(\u53a6\u95e8SM\u5e97)", "order_time": ["2019-01-18 16:05:54"], "total_order": 1, "hotel_value": ["2.8"], "hotel_price": ["46"]}, "2593403": {"hotel_name": "\u53a6\u95e88\u5206\u949f\u6d77\u8fb9\u5ba2\u6808", "order_time": ["2019-01-18 16:05:58"], "total_order": 1, "hotel_value": ["4.8"], "hotel_price": ["189"]}, "12877648": {"hotel_name": "\u53a6\u95e8\u66fe\u539d\u57b5\u9690\u5c45\u8f7b\u5962\u6c11\u5bbf", "order_time": ["2019-01-18 16:06:05"], "total_order": 1, "hotel_value": ["4.6"], "hotel_price": ["246"]}, "28558978": {"hotel_name": "\u53a6\u95e8\u5fc6\u79cb\u68a6\u516c\u5bd3", "order_time": ["2019-01-18 16:06:05"], "total_order": 1, "hotel_value": ["5.0"], "hotel_price": ["88"]}, "15879594": {"hotel_name": "\u53a6\u95e8\u8fdc\u65b9\u7684\u5bb6\u7cbe\u54c1\u5ba2\u6808", "order_time": ["2019-01-18 16:07:29"], "total_order": 1, "hotel_value": ["4.7"], "hotel_price": ["140"]}, "22942501": {"hotel_name": "\u53a6\u95e8\u73f5\u7f8e\u6d77\u5cb8\u9152\u5e97", "order_time": ["2019-01-18 16:07:30"], "total_order": 1, "hotel_value": ["4.7"], "hotel_price": ["392"]}, "1727502": {"hotel_name": "\u53a6\u95e8\u9f13\u6d6a\u5c7f\u9f13\u5c71\u6816\u65c5\u9986", "order_time": ["2019-01-18 16:13:31", "2019-01-18 16:07:32"], "total_order": 2, "hotel_value": ["4.8", "4.8"], "hotel_price": ["588", "588"]}, "1710611": {"hotel_name": "\u53a6\u95e8\u53a6\u5927\u73af\u5c9b\u6d77\u5e06\u5ba2\u6808", "order_time": ["2019-01-18 16:07:34"], "total_order": 1, "hotel_value": ["4.9"], "hotel_price": ["50"]}, "11686178": {"hotel_name": "\u53a6\u95e8\u6d77\u6ca7\u65b0\u9633886\u7cbe\u54c1\u9152\u5e97", "order_time": ["2019-01-18 16:07:36"], "total_order": 1, "hotel_value": ["4.3"], "hotel_price": ["158"]}, "6109242": {"hotel_name": "\u53a6\u95e8\u53a6\u5927\u8239\u8bf4\u5ea6\u5047\u522b\u5885", "order_time": ["2019-01-18 16:07:38"], "total_order": 1, "hotel_value": ["4.8"], "hotel_price": ["98"]}, "6870645": {"hotel_name": "\u53a6\u95e8\u91d1\u9e3f\u745e\u9152\u5e97\u673a\u573a\u5e97", "order_time": ["2019-01-18 16:07:38"], "total_order": 1, "hotel_value": ["4.4"], "hotel_price": ["133"]}, "13838033": {"hotel_name": "\u53a6\u95e8\u7fe1\u7fe0\u6e7e\u516c\u5bd3", "order_time": ["2019-01-18 16:07:38"], "total_order": 1, "hotel_value": ["4.8"], "hotel_price": ["178"]}, "7840524": {"hotel_name": "\u53a6\u95e8\u5317\u7ad9\u79c1\u5954\u5ba2\u6808", "order_time": ["2019-01-18 16:07:39"], "total_order": 1, "hotel_value": ["4.7"], "hotel_price": ["103"]}, "688782": {"hotel_name": "\u8bfa\u4e00\u9152\u5e97(\u53a6\u95e8\u4e2d\u5c71\u8def\u5e97)(\u539f\u9e6d\u8f89\u65c5\u9986)", "order_time": ["2019-01-18 16:07:39"], "total_order": 1, "hotel_value": ["3.7"], "hotel_price": ["78"]}, "1881999": {"hotel_name": "\u53a6\u95e8\u6765\u60a6\u7cbe\u54c1\u9152\u5e97(\u5609\u79be\u5e97)", "order_time": ["2019-01-18 16:07:39"], "total_order": 1, "hotel_value": ["4.4"], "hotel_price": ["153"]}, "6562108": {"hotel_name": "\u53a6\u95e8\u66fe\u539d\u57b5\u9690\u5e90\u4e61\u5885\u5ea6\u5047\u5ba2\u6808", "order_time": ["2019-01-18 16:07:39"], "total_order": 1, "hotel_value": ["4.6"], "hotel_price": ["194"]}, "1093427": {"hotel_name": "\u53a6\u95e8\u5fbd\u5bbf.\u7389\u4eac\u9606\u82d1\u5ba2\u6808", "order_time": ["2019-01-18 16:07:39"], "total_order": 1, "hotel_value": ["4.9"], "hotel_price": ["254"]}, "2061115": {"hotel_name": "\u53a6\u95e8\u4e1c\u5c71\u5bbe\u9986", "order_time": ["2019-01-18 16:07:39"], "total_order": 1, "hotel_value": ["4.8"], "hotel_price": ["149"]}, "6663076": {"hotel_name": "\u53a6\u95e8\u827e\u5bb6\u4e3b\u9898\u5ba2\u6808\u4e2d\u5c71\u8def\u5e97", "order_time": ["2019-01-18 16:07:39"], "total_order": 1, "hotel_value": [0], "hotel_price": ["123"]}, "13876731": {"hotel_name": "\u53a6\u95e8\u6765\u4f4fkokomo\u5ba2\u6808", "order_time": ["2019-01-18 16:07:39"], "total_order": 1, "hotel_value": ["4.9"], "hotel_price": ["994"]}, "4646830": {"hotel_name": "\u53a6\u95e8\u5bab\u5ef7\u58f9\u53f7\u5ea6\u5047\u522b\u5885", "order_time": ["2019-01-18 16:07:39"], "total_order": 1, "hotel_value": ["4.5"], "hotel_price": ["141"]}, "1113183": {"hotel_name": "\u53a6\u95e8\u9547\u6d77\u63a5\u5f85\u7ad9", "order_time": ["2019-01-18 16:07:39"], "total_order": 1, "hotel_value": ["3.8"], "hotel_price": ["129"]}, "845483": {"hotel_name": "\u6cca\u6377\u65f6\u5c1a\u9152\u5e97(\u53a6\u95e8\u6d77\u5929\u5e97)", "order_time": ["2019-01-18 16:07:39"], "total_order": 1, "hotel_value": ["3.8"], "hotel_price": ["128"]}, "11479450": {"hotel_name": "\u53a6\u95e8\u7761\u5fb7\u9999\u9152\u5e97\u516c\u5bd3", "order_time": ["2019-01-18 16:07:39"], "total_order": 1, "hotel_value": ["4.7"], "hotel_price": ["153"]}, "1933572": {"hotel_name": "\u53a6\u95e8\u4e3d\u8c6a\u9152\u5e97", "order_time": ["2019-01-18 16:07:39"], "total_order": 1, "hotel_value": ["4.2"], "hotel_price": ["94"]}, "21425273": {"hotel_name": "\u9f13\u6d6a\u5c7f\u559c\u60a6\u5ea6\u5047\u65c5\u9986", "order_time": ["2019-01-18 16:07:39"], "total_order": 1, "hotel_value": ["4.9"], "hotel_price": ["292"]}, "6336638": {"hotel_name": "\u53a6\u95e8\u897f\u8fb9\u820d\u5ba2\u6808", "order_time": ["2019-01-18 16:07:39"], "total_order": 1, "hotel_value": ["4.9"], "hotel_price": ["212"]}, "1617016": {"hotel_name": "\u53a6\u95e8\u67da\u5b50\u90a6\u9152\u5e97\u516c\u5bd3", "order_time": ["2019-01-18 16:07:39"], "total_order": 1, "hotel_value": ["4.4"], "hotel_price": ["221"]}, "5981110": {"hotel_name": "\u53a6\u95e8\u56db\u5b63\u6d77\u6ee8\u5ea6\u5047\u516c\u5bd3", "order_time": ["2019-01-18 16:07:39"], "total_order": 1, "hotel_value": ["4.5"], "hotel_price": ["193"]}, "11124652": {"hotel_name": "\u53a6\u95e8\u6d77\u7acb\u95f4\u4f11\u95f2\u5ba2\u6808", "order_time": ["2019-01-18 16:07:39"], "total_order": 1, "hotel_value": ["4.9"], "hotel_price": ["103"]}, "1318000": {"hotel_name": "\u8fce\u5bbe\u5bbe\u9986(\u53a6\u95e8\u8f6e\u6e21\u4e2d\u5c71\u5e97)", "order_time": ["2019-01-18 16:07:39"], "total_order": 1, "hotel_value": ["4.8"], "hotel_price": ["99"]}, "11273652": {"hotel_name": "\u53a6\u95e8\u5fa1\u946b\u516c\u5bd3", "order_time": ["2019-01-18 16:07:39"], "total_order": 1, "hotel_value": ["4.7"], "hotel_price": ["118"]}, "7507315": {"hotel_name": "\u53a6\u95e8Today\u8bbe\u8ba1\u5e08\u7684\u5bb6\u516c\u5bd3", "order_time": ["2019-01-18 16:07:58"], "total_order": 1, "hotel_value": [0], "hotel_price": ["267"]}, "483477": {"hotel_name": "\u7f57\u671b\u00b7\u53a6\u95e8\u9f13\u6d6a\u5c7f\u5317\u5c7f\u9152\u5e97", "order_time": ["2019-01-18 16:09:41"], "total_order": 1, "hotel_value": ["4.6"], "hotel_price": ["402"]}, "6512986": {"hotel_name": "\u53a6\u95e8\u4e4c\u5ae3\u539d\u5ba2\u6808", "order_time": ["2019-01-18 16:09:42"], "total_order": 1, "hotel_value": ["4.9"], "hotel_price": ["218"]}, "438908": {"hotel_name": "\u5982\u5bb6\u5feb\u6377\u9152\u5e97(\u601d\u660e\u5357\u8def\u53a6\u95e8\u5927\u5b66\u5e97)(\u539f\u6210\u529f\u5927\u9053\u53a6\u5927\u6d77\u666f\u5e97)", "order_time": ["2019-01-18 16:09:47"], "total_order": 1, "hotel_value": ["4.3"], "hotel_price": ["178"]}, "2769695": {"hotel_name": "\u4e03\u96f6\u516b\u96f6\u65f6\u5c1a\u4e3b\u9898\u9152\u5e97(\u53a6\u95e8\u4e07\u8fbe\u5e97)", "order_time": ["2019-01-18 16:09:48"], "total_order": 1, "hotel_value": ["4.5"], "hotel_price": ["151"]}, "1396581": {"hotel_name": "\u53a6\u95e8\u9f13\u6d6a\u5c7f\u5ca9\u6d77\u5c0f\u7b51\u5bb6\u5ead\u65c5\u9986", "order_time": ["2019-01-18 16:09:50"], "total_order": 1, "hotel_value": ["4.9"], "hotel_price": ["193"]}, "15880660": {"hotel_name": "\u5927\u849c\u9152\u5e97(\u53a6\u95e8\u706b\u8f66\u7ad9\u5e97)", "order_time": ["2019-01-18 16:09:52"], "total_order": 1, "hotel_value": ["4.3"], "hotel_price": ["153"]}, "17329532": {"hotel_name": "\u53a6\u95e8\u91d1\u623f\u5b50\u4e5d\u9a7f\u7ad9", "order_time": ["2019-01-18 16:09:55"], "total_order": 1, "hotel_value": ["4.4"], "hotel_price": ["79"]}, "436737": {"hotel_name": "\u53a6\u95e8\u9f13\u6d6a\u5c7f\u60a6\u7cbe\u54c1\u9152\u5e97", "order_time": ["2019-01-18 16:10:01"], "total_order": 1, "hotel_value": ["4.5"], "hotel_price": ["126"]}, "4825726": {"hotel_name": "\u53a6\u95e8\u5317\u7ad9\u7406\u5de5\u975e\u5e38\u516c\u5bd3", "order_time": ["2019-01-18 16:10:04"], "total_order": 1, "hotel_value": ["3.8"], "hotel_price": ["89"]}, "21332906": {"hotel_name": "\u53a6\u95e8\u65af\u7ef4\u767b\u5ea6\u5047\u9152\u5e97(\u678b\u6e56\u8f66\u7ad9\u4f18\u671b\u5e97)", "order_time": ["2019-01-18 16:42:04", "2019-01-18 16:10:07"], "total_order": 2, "hotel_value": ["4.8", "4.8"], "hotel_price": ["238", "238"]}, "6950453": {"hotel_name": "\u53a6\u95e8\u6f2b\u57ce\u82b1\u6d77\u5ba2\u6808", "order_time": ["2019-01-18 16:33:39", "2019-01-18 16:11:38"], "total_order": 2, "hotel_value": ["4.9", "4.9"], "hotel_price": ["130", "130"]}, "5983033": {"hotel_name": "\u53a6\u95e8\u53cc\u57ce\u8bb0\u5ea6\u5047\u5e84\u56ed", "order_time": ["2019-01-18 16:11:38"], "total_order": 1, "hotel_value": ["4.9"], "hotel_price": ["132"]}, "11648449": {"hotel_name": "\u53a6\u95e8\u7d20\u516e.\u6d77\u8fb9\u5ea6\u5047\u5ba2\u6808(\u539f\u897f\u95e8\u753a\u7cbe\u54c1\u6c11\u5bbf)", "order_time": ["2019-01-18 16:11:38"], "total_order": 1, "hotel_value": [0], "hotel_price": ["89"]}, "1417342": {"hotel_name": "\u53a6\u95e8\u7231\u7b51\u65f6\u5c1a\u7cbe\u54c1\u60c5\u4fa3\u4e3b\u9898\u9152\u5e97", "order_time": ["2019-01-18 16:11:40"], "total_order": 1, "hotel_value": ["4.5"], "hotel_price": ["203"]}, "6483590": {"hotel_name": "\u53a6\u95e8\u5fbd\u5bbf", "order_time": ["2019-01-18 16:11:41"], "total_order": 1, "hotel_value": ["4.8"], "hotel_price": ["213"]}, "428700": {"hotel_name": "\u5982\u5bb6\u5feb\u6377\u9152\u5e97(\u53a6\u95e8\u4e1c\u6e21\u9f13\u6d6a\u5c7f\u7801\u5934\u5e97)(\u539f\u4e1c\u6e21\u90ae\u8f6e\u4e2d\u5fc3\u53a6\u9f13\u7801\u5934\u5e97)", "order_time": ["2019-01-18 16:11:41", "2019-01-18 16:29:36"], "total_order": 2, "hotel_value": ["4.2", "4.2"], "hotel_price": ["118", "118"]}, "346257": {"hotel_name": "\u53a6\u95e8\u6d77\u666f\u5343\u79a7\u5927\u9152\u5e97", "order_time": ["2019-01-18 16:11:42"], "total_order": 1, "hotel_value": ["4.5"], "hotel_price": ["590"]}, "385412": {"hotel_name": "\u53a6\u95e8\u5317\u6d77\u6e7e\u60e0\u9f99\u4e07\u8fbe\u5609\u534e\u9152\u5e97", "order_time": ["2019-01-18 16:11:42"], "total_order": 1, "hotel_value": ["4.8"], "hotel_price": ["750"]}, "2869634": {"hotel_name": "\u53a6\u95e8\u53a6\u5927\u661f\u6d77\u9601\u7cbe\u54c1\u5ba2\u6808(\u539f\u6d77\u97f5\u9601\u5ea6\u5047\u5c4b)", "order_time": ["2019-01-18 16:11:43"], "total_order": 1, "hotel_value": ["4.9"], "hotel_price": ["124"]}, "2298734": {"hotel_name": "\u9526\u6c5f\u4e4b\u661f(\u53a6\u95e8\u96c6\u7f8e\u5b66\u6751\u5e97)", "order_time": ["2019-01-18 16:11:45"], "total_order": 1, "hotel_value": ["4.4"], "hotel_price": ["189"]}, "1645144": {"hotel_name": "\u4e91\u4e0a\u56db\u5b63\u8fde\u9501\u9152\u5e97(\u53a6\u95e8\u73c0\u83f2\u82b1\u56ed\u5e97)", "order_time": ["2019-01-18 16:11:45"], "total_order": 1, "hotel_value": ["4.3"], "hotel_price": ["102"]}, "2305392": {"hotel_name": "\u53a6\u95e8\u9f13\u6d6a\u5c7f\u9e6d\u98de\u56fd\u9645\u9752\u5e74\u65c5\u820d", "order_time": ["2019-01-18 16:11:47", "2019-01-18 16:15:46"], "total_order": 2, "hotel_value": ["4.4", "4.4"], "hotel_price": ["74", "74"]}, "428660": {"hotel_name": "\u53a6\u95e8\u9890\u749f\u82b1\u56ed\u9152\u5e97(\u539f\u65b0\u52a0\u5761\u9152\u5e97)", "order_time": ["2019-01-18 16:15:31", "2019-01-18 16:41:34", "2019-01-18 16:11:49", "2019-01-18 16:35:36"], "total_order": 4, "hotel_value": ["4.6", "4.6", "4.6", "4.6"], "hotel_price": ["218", "218", "218", "218"]}, "431131": {"hotel_name": "\u53a6\u95e8\u6bd5\u601d\u7279\u9152\u5e97", "order_time": ["2019-01-18 16:11:49"], "total_order": 1, "hotel_value": ["4.6"], "hotel_price": ["358"]}, "6129425": {"hotel_name": "\u6021\u6d77\u9601\u9152\u5e97(\u53a6\u95e8SM\u57ce\u5e02\u4e4c\u77f3\u6d66\u5730\u94c1\u7ad9\u5e97\uff09", "order_time": ["2019-01-18 16:13:33"], "total_order": 1, "hotel_value": ["4.6"], "hotel_price": ["198"]}, "2040417": {"hotel_name": "7\u5929\u4f18\u54c1\u9152\u5e97(\u53a6\u95e8\u673a\u573a\u6bbf\u524d\u5730\u94c1\u7ad9\u5e97)", "order_time": ["2019-01-18 16:13:33"], "total_order": 1, "hotel_value": ["4.7"], "hotel_price": ["168"]}, "2289274": {"hotel_name": "\u53a6\u95e8\u5f52\u5c71\u9759\u5fc3\u6c11\u5bbf(\u539f\u738b\u5e9c\u82b1\u56ed\u522b\u5885)", "order_time": ["2019-01-18 16:13:35"], "total_order": 1, "hotel_value": ["4.9"], "hotel_price": ["145"]}, "346273": {"hotel_name": "\u53a6\u95e8\u78d0\u57fa\u5e0c\u5c14\u987f\u9152\u5e97", "order_time": ["2019-01-18 16:13:36"], "total_order": 1, "hotel_value": ["4.6"], "hotel_price": ["767"]}, "1857599": {"hotel_name": "\u590f\u5546\u00b7\u6021\u5ead\u5feb\u6377\u9152\u5e97(\u53a6\u95e8\u96c6\u7f8e\u674f\u6797\u5e97)", "order_time": ["2019-01-18 16:13:37"], "total_order": 1, "hotel_value": ["4.2"], "hotel_price": ["135"]}, "1883002": {"hotel_name": "\u5982\u5bb6\u5feb\u6377\u9152\u5e97(\u53a6\u95e8\u4f1a\u5c55\u4e2d\u5fc3\u89c2\u97f3\u5c71\u6d77\u666f\u5e97)(\u539f\u73af\u5c9b\u8def\u89c2\u97f3\u5c71\u4f1a\u5c55\u6d77\u666f\u5e97)", "order_time": ["2019-01-18 16:13:37"], "total_order": 1, "hotel_value": ["4.4"], "hotel_price": ["170"]}, "438748": {"hotel_name": "\u53a6\u95e8\u6210\u529f\u5927\u9152\u5e97", "order_time": ["2019-01-18 16:13:37"], "total_order": 1, "hotel_value": ["4.2"], "hotel_price": ["306"]}, "3462555": {"hotel_name": "\u53a6\u95e8\u9f13\u6d6a\u5c7f\u62c9\u62c9\u8428\u5c14\u739b\u65c5\u9986", "order_time": ["2019-01-18 16:13:38"], "total_order": 1, "hotel_value": ["4.9"], "hotel_price": ["158"]}, "800402": {"hotel_name": "\u53a6\u95e8\u8363\u6e90\u4e3b\u9898\u9152\u5e97", "order_time": ["2019-01-18 16:13:39"], "total_order": 1, "hotel_value": ["4.9"], "hotel_price": ["184"]}, "1606693": {"hotel_name": "\u5bab\u4fdd\u7b2c\u9152\u5e97(\u53a6\u95e8\u9f13\u6d6a\u5c7f\u9e7f\u7901\u8def5\u53f7\u5e97)", "order_time": ["2019-01-18 16:13:39"], "total_order": 1, "hotel_value": ["4.5"], "hotel_price": ["104"]}, "12256910": {"hotel_name": "\u53a6\u95e8\u82b1\u9752\u5bbf\u534a\u5c71\u82b1\u56ed\u7cbe\u54c1\u5ba2\u6808", "order_time": ["2019-01-18 16:13:41"], "total_order": 1, "hotel_value": ["4.9"], "hotel_price": ["183"]}, "8393168": {"hotel_name": "\u53a6\u95e8\u5317\u7ad9\u9ed1\u77f3\u5047\u65e5\u7cbe\u54c1\u9152\u5e97", "order_time": ["2019-01-18 16:13:43"], "total_order": 1, "hotel_value": ["4.6"], "hotel_price": ["137"]}, "25123229": {"hotel_name": "\u53a6\u95e8\u5ba2\u8c08\u6c11\u5bbf", "order_time": ["2019-01-18 16:13:43"], "total_order": 1, "hotel_value": ["5.0"], "hotel_price": ["220"]}, "6882800": {"hotel_name": "\u53a6\u95e8\u5e02\u601d\u6f6e\u4e3b\u9898\u5ba2\u6808", "order_time": ["2019-01-18 16:13:47"], "total_order": 1, "hotel_value": ["4.6"], "hotel_price": ["118"]}, "1317940": {"hotel_name": "\u53a6\u95e8\u597d\u68a6\u5546\u52a1\u9152\u5e97", "order_time": ["2019-01-18 16:13:49"], "total_order": 1, "hotel_value": ["3.8"], "hotel_price": ["104"]}, "19735131": {"hotel_name": "\u53a6\u95e8\u6cab\u5bd3\u9152\u5e97\u5f0f\u516c\u5bd3", "order_time": ["2019-01-18 16:15:29"], "total_order": 1, "hotel_value": ["4.8"], "hotel_price": ["121"]}, "435605": {"hotel_name": "\u53a6\u95e8\u76db\u4e4b\u4e61\u6e29\u6cc9\u6e21\u5047\u6751", "order_time": ["2019-01-18 16:35:37", "2019-01-18 16:15:30"], "total_order": 2, "hotel_value": ["4.6", "4.6"], "hotel_price": ["768", "768"]}, "1540062": {"hotel_name": "\u4e45\u6816\u00b7\u9f13\u6d6a\u5c7f\u6d77\u5cb8\u82b1\u65c5\u9986", "order_time": ["2019-01-18 16:15:31"], "total_order": 1, "hotel_value": ["4.9"], "hotel_price": ["158"]}, "23625312": {"hotel_name": "\u53a6\u95e8\u4e91\u820d\u96c5\u5c45\u516c\u5bd3", "order_time": ["2019-01-18 16:15:31", "2019-01-18 16:41:36"], "total_order": 2, "hotel_value": ["4.7", "4.8"], "hotel_price": ["126", "126"]}, "439457": {"hotel_name": "\u53a6\u95e8\u6676\u73d1\u5927\u9152\u5e97", "order_time": ["2019-01-18 16:15:36"], "total_order": 1, "hotel_value": ["4.3"], "hotel_price": ["340"]}, "436725": {"hotel_name": "\u6768\u6843\u9662\u5b50\u65c5\u9986(\u9f13\u6d6a\u5c7f\u5b89\u6d77\u82b1\u56ed\u5e97)", "order_time": ["2019-01-18 16:15:36"], "total_order": 1, "hotel_value": ["4.7"], "hotel_price": ["472"]}, "29197409": {"hotel_name": "\u9e97\u67ab\u9152\u5e97(\u53a6\u95e8\u73af\u5c9b\u8def\u89c2\u97f3\u5c71\u4f1a\u5c55\u4e2d\u5fc3\u5e97)", "order_time": ["2019-01-18 16:27:33", "2019-01-18 16:15:37"], "total_order": 2, "hotel_value": [0, 0], "hotel_price": ["306", "306"]}, "2310179": {"hotel_name": "\u53a6\u95e8\u66fc\u53ef\u8fde\u9501\u9152\u5e97", "order_time": ["2019-01-18 16:15:38"], "total_order": 1, "hotel_value": ["3.9"], "hotel_price": ["85"]}, "29401348": {"hotel_name": "\u9f13\u6d6a\u5c7f\u9014\u7a9d\u5047\u65e5\u5e84\u56ed", "order_time": ["2019-01-18 16:15:38"], "total_order": 1, "hotel_value": [0], "hotel_price": ["199"]}, "689484": {"hotel_name": "\u53a6\u95e8\u53f3\u89c1\u6d77\u5cb8\u5ba2\u6808", "order_time": ["2019-01-18 16:15:39"], "total_order": 1, "hotel_value": ["4.5"], "hotel_price": ["111"]}, "2303682": {"hotel_name": "\u53a6\u95e8\u9f13\u6d6a\u5c7f\u65ee\u65ef\u5c0f\u5c4b", "order_time": ["2019-01-18 16:37:40", "2019-01-18 16:15:39"], "total_order": 2, "hotel_value": ["4.4", "4.4"], "hotel_price": ["163", "163"]}, "4340519": {"hotel_name": "\u53a6\u95e8\u90a3\u6d77\u5ba2\u6808", "order_time": ["2019-01-18 16:41:34", "2019-01-18 16:15:44"], "total_order": 2, "hotel_value": ["4.7", "4.7"], "hotel_price": ["75", "75"]}, "2125318": {"hotel_name": "\u5de2\u53cb\u9152\u5e97(\u53a6\u95e8\u706b\u8f66\u7ad9\u5e97)", "order_time": ["2019-01-18 16:17:33"], "total_order": 1, "hotel_value": ["4.7"], "hotel_price": ["120"]}, "6868144": {"hotel_name": "\u53a6\u95e8\u53a6\u7231\u9e3d\u5ba2\u6808", "order_time": ["2019-01-18 16:17:43"], "total_order": 1, "hotel_value": ["4.7"], "hotel_price": ["69"]}, "1893345": {"hotel_name": "\u53a6\u95e8\u81f4\u5bb6\u7cbe\u54c1\u9152\u5e97", "order_time": ["2019-01-18 16:17:44"], "total_order": 1, "hotel_value": ["4.3"], "hotel_price": ["103"]}, "6779273": {"hotel_name": "\u53a6\u95e8\u5317\u7ad9\u7f8e\u81f4\u9999\u5885\u5ba2\u6808", "order_time": ["2019-01-18 16:17:44"], "total_order": 1, "hotel_value": ["4.6"], "hotel_price": ["153"]}, "26623193": {"hotel_name": "\u53a6\u95e8\u5927\u5b66\u4e16\u8302\u53cc\u5b50\u5854\u6b23\u6021\u6d77\u666f\u516c\u5bd3(\u9e3f\u5c71\u5bfa\u5206\u5e97)", "order_time": ["2019-01-18 16:17:56"], "total_order": 1, "hotel_value": [0], "hotel_price": ["988"]}, "1255685": {"hotel_name": "\u53a6\u95e8\u8d35\u5bbe\u5546\u52a1\u516c\u5bd3", "order_time": ["2019-01-18 16:18:04"], "total_order": 1, "hotel_value": [0], "hotel_price": ["88"]}, "1447130": {"hotel_name": "\u53a6\u95e8\u592a\u7a7a\u8231\u516c\u5bd3\u9152\u5e97", "order_time": ["2019-01-18 16:19:52"], "total_order": 1, "hotel_value": ["4.3"], "hotel_price": ["37"]}, "5607442": {"hotel_name": "\u53a6\u95e8oneday\u8584\u8377\u8bbe\u8ba1\u5e08\u6c11\u5bbf", "order_time": ["2019-01-18 16:19:55"], "total_order": 1, "hotel_value": ["4.8"], "hotel_price": ["583"]}, "436703": {"hotel_name": "\u53a6\u95e8\u674f\u535a\u6e7e(\u5929\u6c90)\u6e29\u6cc9\u5ea6\u5047\u6751", "order_time": ["2019-01-18 16:21:29"], "total_order": 1, "hotel_value": ["4.2"], "hotel_price": ["599"]}, "2338764": {"hotel_name": "\u53a6\u95e8\u7eb3\u5ba2\u56fd\u9645\u9752\u5e74\u65c5\u820d", "order_time": ["2019-01-18 16:21:30"], "total_order": 1, "hotel_value": ["4.5"], "hotel_price": ["29"]}, "23623292": {"hotel_name": "\u53a6\u95e8\u4e09\u4e2a\u53a6\u5927\u4eba\u4e0e\u521d\u6c11\u5bbf", "order_time": ["2019-01-18 16:21:31"], "total_order": 1, "hotel_value": ["4.6"], "hotel_price": ["223"]}, "3716537": {"hotel_name": "\u9752\u6728\u7cbe\u54c1\u516c\u5bd3(\u53a6\u95e8\u4e94\u7f18\u6e7e\u5e97)", "order_time": ["2019-01-18 16:21:33"], "total_order": 1, "hotel_value": ["4.7"], "hotel_price": ["208"]}, "11824869": {"hotel_name": "\u53a6\u95e8\u7f57\u66fc\u534e\u5ead\u5ea6\u5047\u57ce\u5821\u5e84\u56ed", "order_time": ["2019-01-18 16:21:33"], "total_order": 1, "hotel_value": ["4.9"], "hotel_price": ["213"]}, "898645": {"hotel_name": "\u6c49\u5ead\u9152\u5e97(\u53a6\u95e8\u79be\u7965\u897f\u8def\u5e97)", "order_time": ["2019-01-18 16:21:33"], "total_order": 1, "hotel_value": ["4.5"], "hotel_price": ["180"]}, "436711": {"hotel_name": "\u53a6\u95e8\u9f13\u6d6a\u5c7f\u6caa\u5c7f\u65c5\u9986", "order_time": ["2019-01-18 16:21:34", "2019-01-18 16:27:29"], "total_order": 2, "hotel_value": ["5.0", "5.0"], "hotel_price": ["241", "241"]}, "1317973": {"hotel_name": "\u53a6\u95e8\u534e\u8f89\u6d77\u5cb8\u5ba2\u6808", "order_time": ["2019-01-18 16:21:44"], "total_order": 1, "hotel_value": ["3.3"], "hotel_price": ["108"]}, "29199965": {"hotel_name": "\u53a6\u95e8\u4e8c\u5341\u4e03\u5ea6\u6d77\u6c11\u5bbf", "order_time": ["2019-01-18 16:21:51"], "total_order": 1, "hotel_value": [0], "hotel_price": ["408"]}, "19853957": {"hotel_name": "\u9038\u6cca\u5b87\u516c\u5bd3(\u53a6\u95e8\u673a\u573a\u5e97)", "order_time": ["2019-01-18 16:23:55"], "total_order": 1, "hotel_value": ["4.7"], "hotel_price": ["125"]}, "5297546": {"hotel_name": "\u53a6\u95e8\u590f\u6cab\u5ea6\u5047\u9152\u5e97", "order_time": ["2019-01-18 16:23:57"], "total_order": 1, "hotel_value": ["4.8"], "hotel_price": ["167"]}, "2862304": {"hotel_name": "\u9f13\u6d6a\u5c7f\u60df\u6709\u65f6\u5149", "order_time": ["2019-01-18 16:23:58"], "total_order": 1, "hotel_value": ["4.9"], "hotel_price": ["248"]}, "11212802": {"hotel_name": "\u9f13\u6d6a\u5c7f8\u82f1\u91cc\u65f6\u5149\u5ba2\u6808", "order_time": ["2019-01-18 16:23:58"], "total_order": 1, "hotel_value": ["4.7"], "hotel_price": ["392"]}, "6037199": {"hotel_name": "\u8046\u611f\u9152\u5e97(\u9f13\u6d6a\u5c7f\u5fb7\u56fd\u9886\u4e8b\u9986\u5e97)", "order_time": ["2019-01-18 16:32:31", "2019-01-18 16:23:59"], "total_order": 2, "hotel_value": ["4.9", "4.9"], "hotel_price": ["2878", "2878"]}, "2885702": {"hotel_name": "\u53a6\u95e8\u5317\u7ad9\u6765\u6e90\u6c5f\u5ba2\u6808", "order_time": ["2019-01-18 16:24:21"], "total_order": 1, "hotel_value": ["4.5"], "hotel_price": ["76"]}, "12796559": {"hotel_name": "\u9f13\u6d6a\u5c7f\u8bb8\u5bb6\u56ed\u65c5\u9986", "order_time": ["2019-01-18 16:24:30"], "total_order": 1, "hotel_value": ["4.8"], "hotel_price": ["356"]}, "929561": {"hotel_name": "\u53a6\u95e8\u53cb\u4e30\u6e56\u666f\u9152\u5e97", "order_time": ["2019-01-18 16:25:32"], "total_order": 1, "hotel_value": ["4.4"], "hotel_price": ["298"]}, "17470637": {"hotel_name": "\u53a6\u95e8\u516d\u60a6\u5ea6\u5047\u9152\u5e97(\u9f13\u6d6a\u5c7f\u522b\u5885\u5e97)", "order_time": ["2019-01-18 16:25:32"], "total_order": 1, "hotel_value": ["4.7"], "hotel_price": ["283"]}, "4496584": {"hotel_name": "\u53a6\u95e8\u975e\u683c\u9152\u5e97", "order_time": ["2019-01-18 16:25:36"], "total_order": 1, "hotel_value": ["4.7"], "hotel_price": ["271"]}, "6839393": {"hotel_name": "\u5bb6\u5bb6\u4e50\u9152\u5e97\uff08\u53a6\u95e8\u4e2d\u5c71\u8def\u5347\u5e73\u5e97\uff09", "order_time": ["2019-01-18 16:29:36", "2019-01-18 16:27:28"], "total_order": 2, "hotel_value": ["4.4", "4.4"], "hotel_price": ["137", "137"]}, "2308728": {"hotel_name": "\u53a6\u95e8\u5357\u6e56\u9e6d\u98de\u56fd\u9645\u9752\u5e74\u65c5\u820d", "order_time": ["2019-01-18 16:27:32"], "total_order": 1, "hotel_value": ["4.2"], "hotel_price": ["55"]}, "479139": {"hotel_name": "7\u5929\u8fde\u9501\u9152\u5e97(\u53a6\u95e8\u706b\u8f66\u7ad9\u4e07\u8c61\u57ce\u5e97)", "order_time": ["2019-01-18 16:27:34"], "total_order": 1, "hotel_value": ["4.4"], "hotel_price": ["99"]}, "21344089": {"hotel_name": "\u53a6\u95e8\u82b1\u679c\u5bbf(\u6d77\u539d)\u751f\u6d3b\u9986", "order_time": ["2019-01-18 16:29:31"], "total_order": 1, "hotel_value": ["4.9"], "hotel_price": ["210"]}, "1726924": {"hotel_name": "\u53a6\u95e8\u9f13\u6d6a\u5c7f\u4e07\u6c34\u5343\u5c71\u5ea6\u5047\u5c71\u5e84", "order_time": ["2019-01-18 16:29:32"], "total_order": 1, "hotel_value": ["4.4"], "hotel_price": ["290"]}, "14996652": {"hotel_name": "\u53a6\u95e8\u9c7c\u5c45\u6d77\u666f\u6c11\u5bbf", "order_time": ["2019-01-18 16:29:36"], "total_order": 1, "hotel_value": ["4.8"], "hotel_price": ["256"]}, "2225413": {"hotel_name": "\u901f8\u9152\u5e97(\u53a6\u95e8\u706b\u8f66\u7ad9\u5047\u65e5\u5546\u57ce\u5e97)", "order_time": ["2019-01-18 16:29:38"], "total_order": 1, "hotel_value": ["4.6"], "hotel_price": ["193"]}, "436741": {"hotel_name": "\u53a6\u95e8\u9f13\u6d6a\u5c7f\u56db\u5b63\u5982\u6625\u9152\u5e97", "order_time": ["2019-01-18 16:29:38"], "total_order": 1, "hotel_value": ["4.4"], "hotel_price": ["428"]}, "447260": {"hotel_name": "\u590f\u5546\u00b7\u6021\u5ead\u5feb\u6377\u9152\u5e97(\u53a6\u95e8\u4e1c\u6e21\u90ae\u8f6e\u4e2d\u5fc3\u53a6\u9f13\u7801\u5934\u5e97)", "order_time": ["2019-01-18 16:29:40"], "total_order": 1, "hotel_value": ["4.1"], "hotel_price": ["136"]}, "1523662": {"hotel_name": "\u53a6\u95e8\u5317\u7ad9\u987a\u7f18\u5ba2\u6808", "order_time": ["2019-01-18 16:29:48"], "total_order": 1, "hotel_value": ["4.7"], "hotel_price": ["83"]}, "4494060": {"hotel_name": "\u53a6\u95e8\u6211\u5728\u66fe\u539d\u57b5\u7b49\u4f60\u5496\u5561\u5ba2\u6808", "order_time": ["2019-01-18 16:30:06"], "total_order": 1, "hotel_value": ["4.7"], "hotel_price": ["116"]}, "11216536": {"hotel_name": "\u53a6\u95e8\u5fc3\u6e56\u60a6\u7a7a\u95f4\u6c11\u5bbf", "order_time": ["2019-01-18 16:33:37", "2019-01-18 16:32:24"], "total_order": 2, "hotel_value": ["4.7", "4.7"], "hotel_price": ["248", "248"]}, "2391888": {"hotel_name": "\u826f\u5885\u00b7\u7f24\u7eb7\u82b1\u6d77\u5ea6\u5047\u5e84\u56ed(\u53a6\u95e8\u66fe\u539d\u57b5\u5e97)", "order_time": ["2019-01-18 16:32:24"], "total_order": 1, "hotel_value": ["4.8"], "hotel_price": ["133"]}, "1583163": {"hotel_name": "\u5982\u5bb6\u5feb\u6377\u9152\u5e97(\u53a6\u95e8\u540c\u5b89\u6c7d\u8f66\u7ad9\u5e97)", "order_time": ["2019-01-18 16:32:24"], "total_order": 1, "hotel_value": ["4.5"], "hotel_price": ["113"]}, "1314936": {"hotel_name": "\u83ab\u6cf0268(\u53a6\u95e8\u706b\u8f66\u7ad9\u5e97)", "order_time": ["2019-01-18 16:41:37", "2019-01-18 16:32:24"], "total_order": 2, "hotel_value": ["4.3", "4.3"], "hotel_price": ["170", "170"]}, "5205455": {"hotel_name": "Zsmart\u667a\u5c1a\u9152\u5e97(\u53a6\u95e8\u706b\u8f66\u7ad9\u83b2\u5742\u5730\u94c1\u7ad9\u5e97)", "order_time": ["2019-01-18 16:32:29"], "total_order": 1, "hotel_value": ["4.4"], "hotel_price": ["165"]}, "2386210": {"hotel_name": "\u53a6\u95e8\u5fae\u539f\u5bbf Vi Hotel", "order_time": ["2019-01-18 16:32:35"], "total_order": 1, "hotel_value": ["4.6"], "hotel_price": ["416"]}, "18467278": {"hotel_name": "\u53a6\u95e8\u9047\u4e66\u623f\u5ba2\u6808", "order_time": ["2019-01-18 16:32:35"], "total_order": 1, "hotel_value": [0], "hotel_price": ["229"]}, "6041166": {"hotel_name": "\u53a6\u95e8\u7396\u6668\u516c\u5bd3\u9152\u5e97", "order_time": ["2019-01-18 16:32:41"], "total_order": 1, "hotel_value": ["3.3"], "hotel_price": ["128"]}, "11021977": {"hotel_name": "\u53a6\u95e8oneday\u5c9b\u5c7f\u8bbe\u8ba1\u5e08\u6c11\u5bbf", "order_time": ["2019-01-18 16:32:59"], "total_order": 1, "hotel_value": ["4.8"], "hotel_price": ["558"]}, "1549905": {"hotel_name": "\u53a6\u95e8\u534a\u5c9b\u58f9\u53f7\u9152\u5e97", "order_time": ["2019-01-18 16:33:34"], "total_order": 1, "hotel_value": ["4.5"], "hotel_price": ["97"]}, "1719842": {"hotel_name": "\u53a6\u95e821\u533a\u521b\u610f\u9152\u5e97(\u539f\u548c\u681121\u533a\u521b\u610f\u9152\u5e97)", "order_time": ["2019-01-18 16:33:39"], "total_order": 1, "hotel_value": ["4.2"], "hotel_price": ["96"]}, "1733907": {"hotel_name": "\u53a6\u95e8\u8363\u8a89\u56fd\u9645\u9152\u5e97", "order_time": ["2019-01-18 16:33:39"], "total_order": 1, "hotel_value": ["4.7"], "hotel_price": ["788"]}, "1055853": {"hotel_name": "\u57ce\u5e02\u4fbf\u6377\u9152\u5e97(\u53a6\u95e8\u96c6\u7f8e\u5927\u5b66\u5e97)", "order_time": ["2019-01-18 16:33:42"], "total_order": 1, "hotel_value": ["4.5"], "hotel_price": ["177"]}, "2303094": {"hotel_name": "\u53a6\u95e8\u7389\u9f99\u9152\u5e97", "order_time": ["2019-01-18 16:33:44"], "total_order": 1, "hotel_value": ["4.2"], "hotel_price": ["114"]}, "21928681": {"hotel_name": "\u9014\u7a9d\u9152\u5e97(\u53a6\u95e8\u9ec4\u539d\u5e97)", "order_time": ["2019-01-18 16:33:47"], "total_order": 1, "hotel_value": ["4.5"], "hotel_price": ["147"]}, "4410258": {"hotel_name": "\u9f13\u6d6a\u5c7f\u4e91\u5c0f\u7b51\u65c5\u9986", "order_time": ["2019-01-18 16:33:47"], "total_order": 1, "hotel_value": ["4.9"], "hotel_price": ["166"]}, "1582688": {"hotel_name": "\u53a6\u95e8\u7c73\u6b27\u98ce\u60c5\u4e3b\u9898\u9152\u5e97(\u89c2\u97f3\u5c71\u6d77\u666f\u5e97)", "order_time": ["2019-01-18 16:34:09"], "total_order": 1, "hotel_value": ["4.5"], "hotel_price": ["264"]}, "23238710": {"hotel_name": "\u53a6\u95e8\u541b\u69ad\u00b7\u52ff\u820d\u5ba2\u6808", "order_time": ["2019-01-18 16:34:10"], "total_order": 1, "hotel_value": ["4.9"], "hotel_price": ["269"]}, "5903250": {"hotel_name": "\u53a6\u95e8\u6e29\u838e\u516c\u4e3b\u57ce\u5821\u5e84\u56ed", "order_time": ["2019-01-18 16:35:35"], "total_order": 1, "hotel_value": ["4.8"], "hotel_price": ["148"]}, "6246343": {"hotel_name": "\u53a6\u95e8\u6162\u751f\u6d3b\u00b7\u6696\u5357\u7f8e\u5885", "order_time": ["2019-01-18 16:35:37"], "total_order": 1, "hotel_value": ["4.9"], "hotel_price": ["269"]}, "23928100": {"hotel_name": "\u53a6\u95e8\u91d1\u7f07\u4e3d\u4e1d\u6c11\u5bbf", "order_time": ["2019-01-18 16:35:42"], "total_order": 1, "hotel_value": ["4.5"], "hotel_price": ["260"]}, "8568992": {"hotel_name": "\u53a6\u95e8\u5c7f\u60a6\u65c5\u5bbf", "order_time": ["2019-01-18 16:37:32"], "total_order": 1, "hotel_value": ["4.7"], "hotel_price": ["216"]}, "1073458": {"hotel_name": "\u53a6\u95e8\u539f\u77f3\u6ee9\u9152\u5e97", "order_time": ["2019-01-18 16:37:35"], "total_order": 1, "hotel_value": ["4.7"], "hotel_price": ["586"]}, "444955": {"hotel_name": "\u590f\u5546\u00b7\u6021\u5ead\u5546\u52a1\u9152\u5e97(\u53a6\u95e8\u83b2\u82b1\u8def\u53e3\u5730\u94c1\u7ad9\u5e97)", "order_time": ["2019-01-18 16:37:36"], "total_order": 1, "hotel_value": ["4.4"], "hotel_price": ["158"]}, "23944026": {"hotel_name": "\u9f13\u6d6a\u5c7f\u7231\u5c7f\u65c5\u9986", "order_time": ["2019-01-18 16:37:38"], "total_order": 1, "hotel_value": ["4.7"], "hotel_price": ["278"]}, "8523234": {"hotel_name": "\u53a6\u95e8\u661f\u6708\u6d32\u9152\u5e97", "order_time": ["2019-01-18 16:37:41"], "total_order": 1, "hotel_value": ["4.5"], "hotel_price": ["277"]}, "4825266": {"hotel_name": "\u53a6\u95e8\u7ea2\u53f6\u7cbe\u54c1\u9152\u5e97\u516c\u5bd3", "order_time": ["2019-01-18 16:39:37"], "total_order": 1, "hotel_value": ["4.5"], "hotel_price": ["173"]}, "11288824": {"hotel_name": "\u53a6\u95e8\u66fe\u539d\u57b5\u96e8\u6c90\u7af9\u5ba2\u6808", "order_time": ["2019-01-18 16:39:38"], "total_order": 1, "hotel_value": ["4.9"], "hotel_price": ["259"]}, "1719563": {"hotel_name": "\u53a6\u95e8\u5bbf\u6d77\u6c11\u5bbf(\u539f\u5019\u6f6e\u5c0f\u7b51\u5ba2\u6808)", "order_time": ["2019-01-18 16:39:55"], "total_order": 1, "hotel_value": ["5.0"], "hotel_price": ["110"]}, "11016275": {"hotel_name": "\u53a6\u95e8\u66fe\u539d\u57b5\u84dd\u6d77\u522b\u82d1\u5ba2\u6808", "order_time": ["2019-01-18 16:41:32"], "total_order": 1, "hotel_value": ["4.9"], "hotel_price": ["114"]}, "443061": {"hotel_name": "\u53a6\u95e8HUESyard\u4f11\u601d\u9662\u5b50\u522b\u5885", "order_time": ["2019-01-18 16:41:33"], "total_order": 1, "hotel_value": ["4.9"], "hotel_price": ["380"]}, "1410376": {"hotel_name": "\u82b1\u5ead\u65c5\u9986(\u9f13\u6d6a\u5c7f\u5b89\u6d77\u82b1\u56ed\u5e97)", "order_time": ["2019-01-18 16:41:34"], "total_order": 1, "hotel_value": ["4.6"], "hotel_price": ["201"]}, "6511790": {"hotel_name": "\u53a6\u95e8\u822a\u5929\u516c\u5bd3\u673a\u573a\u5e97", "order_time": ["2019-01-18 16:41:37"], "total_order": 1, "hotel_value": ["4.5"], "hotel_price": ["113"]}, "1197008": {"hotel_name": "\u53a6\u95e8\u5317\u7ad9\u897f\u5cb8\u91d1\u9886\u5546\u52a1\u9152\u5e97", "order_time": ["2019-01-18 16:41:40"], "total_order": 1, "hotel_value": ["4.1"], "hotel_price": ["214"]}, "2611002": {"hotel_name": "\u53a6\u95e8\u9999\u4e91\u96c6\u5ba2\u6808", "order_time": ["2019-01-18 16:41:44"], "total_order": 1, "hotel_value": ["3.7"], "hotel_price": ["208"]}, "1848789": {"hotel_name": "\u53a6\u95e8\u53a6\u9038\u6d77\u666f\u5ba2\u6808", "order_time": ["2019-01-18 16:41:54"], "total_order": 1, "hotel_value": ["4.9"], "hotel_price": ["91"]}, "1848647": {"hotel_name": "\u4e07\u798f\u516c\u5bd3(\u53a6\u95e8\u673a\u573a\u5e97)", "order_time": ["2019-01-18 16:41:54"], "total_order": 1, "hotel_value": ["4.3"], "hotel_price": ["103"]}, "2347636": {"hotel_name": "\u53a6\u95e8\u8001\u9662\u5b50\u9752\u5e74\u65c5\u793e", "order_time": ["2019-01-18 16:41:56"], "total_order": 1, "hotel_value": ["4.2"], "hotel_price": ["33"]}, "708159": {"hotel_name": "\u53a6\u95e8\u9f13\u6d6a\u5c7f\u963f\u9edb\u97f3\u4e50\u65c5\u9986", "order_time": ["2019-01-18 16:42:06"], "total_order": 1, "hotel_value": ["4.4"], "hotel_price": ["108"]}}}