{"\u5f00\u59cb\u8bb0\u5f55\u65f6\u95f4": "2019-01-17 03:42:12", "\u7ed3\u675f\u8bb0\u5f55\u65f6\u95f4": "2019-01-17 04:42:12", "\u8ba2\u5355\u603b\u589e\u91cf": 66, "item": {"469816": {"hotel_name": "\u53a6\u95e8\u5723\u5e0c\u7f57\u9152\u5e97", "order_time": ["2019-01-17 03:44:29"], "total_order": 1, "hotel_value": ["4.4"], "hotel_price": ["266"]}, "448663": {"hotel_name": "\u53a6\u95e8\u60a6\u534e\u9152\u5e97", "order_time": ["2019-01-17 03:46:39"], "total_order": 1, "hotel_value": ["4.8"], "hotel_price": ["640"]}, "29401348": {"hotel_name": "\u9f13\u6d6a\u5c7f\u9014\u7a9d\u5047\u65e5\u5e84\u56ed", "order_time": ["2019-01-17 03:46:39"], "total_order": 1, "hotel_value": [0], "hotel_price": ["168"]}, "898495": {"hotel_name": "\u6c49\u5ead\u9152\u5e97(\u53a6\u95e8\u79be\u7965\u897f\u8def\u79be\u7965\u5546\u57ce\u5e97)(\u539f\u6e56\u6ee8\u4e2d\u8def\u5e97)", "order_time": ["2019-01-17 03:48:55"], "total_order": 1, "hotel_value": ["4.4"], "hotel_price": ["132"]}, "18071651": {"hotel_name": "\u53a6\u95e8\u597d\u60f3\u5bb6\u5ba2\u6808", "order_time": ["2019-01-17 03:49:09"], "total_order": 1, "hotel_value": [0], "hotel_price": ["70"]}, "15717242": {"hotel_name": "\u53a6\u95e8\u9e6d\u5c9b\u6234\u65af\u9152\u5e97", "order_time": ["2019-01-17 03:50:45"], "total_order": 1, "hotel_value": ["4.5"], "hotel_price": ["211"]}, "7123043": {"hotel_name": "\u53a6\u95e8\u9e6d\u6c5f\u00b7\u4f72\u5bb6\u9152\u5e97", "order_time": ["2019-01-17 03:52:30"], "total_order": 1, "hotel_value": ["4.7"], "hotel_price": ["975"]}, "1305979": {"hotel_name": "\u91d1\u5b9d\u5927\u9152\u5e97(\u53a6\u95e8\u4e1c\u6e21\u6e38\u8f6e\u4e2d\u5fc3\u53a6\u9f13\u7801\u5934\u5e97)", "order_time": ["2019-01-17 03:52:38"], "total_order": 1, "hotel_value": ["4.5"], "hotel_price": ["260"]}, "9118583": {"hotel_name": "\u53a6\u95e8\u9999\u683c\u91cc\u62c9\u5927\u9152\u5e97", "order_time": ["2019-01-17 03:58:30"], "total_order": 1, "hotel_value": ["4.6"], "hotel_price": ["933"]}, "1733907": {"hotel_name": "\u53a6\u95e8\u8363\u8a89\u56fd\u9645\u9152\u5e97", "order_time": ["2019-01-17 04:00:36"], "total_order": 1, "hotel_value": ["4.7"], "hotel_price": ["568"]}, "2492767": {"hotel_name": "\u53a6\u95e8\u9999\u514b\u65af\u9152\u5e97", "order_time": ["2019-01-17 04:00:38"], "total_order": 1, "hotel_value": ["4.7"], "hotel_price": ["177"]}, "5788864": {"hotel_name": "\u53a6\u95e8\u5eb7\u83b1\u5fb7\u9152\u5e97", "order_time": ["2019-01-17 04:02:33"], "total_order": 1, "hotel_value": ["4.7"], "hotel_price": ["1655"]}, "4311628": {"hotel_name": "\u65b0\u53cb\u8c0a\u9152\u5e97\u5f0f\u516c\u5bd3(\u53a6\u95e8\u673a\u573a\u5e97)", "order_time": ["2019-01-17 04:04:40"], "total_order": 1, "hotel_value": ["4.3"], "hotel_price": ["117"]}, "346248": {"hotel_name": "\u53a6\u95e8\u6cf0\u8c37\u9152\u5e97", "order_time": ["2019-01-17 04:05:17"], "total_order": 1, "hotel_value": ["4.7"], "hotel_price": ["379"]}, "6112181": {"hotel_name": "\u53a6\u95e8\u6c38\u4e3d\u8fbe\u4e3d\u5448\u9152\u5e97", "order_time": ["2019-01-17 04:05:17"], "total_order": 1, "hotel_value": ["4.8"], "hotel_price": ["439"]}, "429225": {"hotel_name": "\u53a6\u95e8\u9e6d\u6c5f\u5bbe\u9986", "order_time": ["2019-01-17 04:05:18"], "total_order": 1, "hotel_value": ["4.8"], "hotel_price": ["795"]}, "10201435": {"hotel_name": "\u53a6\u95e8\u4f70\u7fd4\u4e94\u901a\u9152\u5e97", "order_time": ["2019-01-17 04:05:18"], "total_order": 1, "hotel_value": ["4.7"], "hotel_price": ["708"]}, "431965": {"hotel_name": "\u53a6\u95e8\u7f8e\u4ed1\u7693\u6656\u9152\u5e97", "order_time": ["2019-01-17 04:05:18"], "total_order": 1, "hotel_value": ["4.7"], "hotel_price": ["198"]}, "890106": {"hotel_name": "\u53a6\u95e8\u4e3d\u65af\u6d77\u666f\u9152\u5e97", "order_time": ["2019-01-17 04:05:18"], "total_order": 1, "hotel_value": ["4.7"], "hotel_price": ["278"]}, "8370082": {"hotel_name": "\u53a6\u95e8\u9f13\u6d6a\u5c7f\u67cf\u6587\u718a\u9152\u5e97", "order_time": ["2019-01-17 04:05:18"], "total_order": 1, "hotel_value": ["4.8"], "hotel_price": ["389"]}, "467592": {"hotel_name": "\u53a6\u95e8\u7f8e\u4ed1\u91d1\u60a6\u9152\u5e97", "order_time": ["2019-01-17 04:05:18"], "total_order": 1, "hotel_value": ["4.7"], "hotel_price": ["178"]}, "432094": {"hotel_name": "\u53a6\u95e8\u7f8e\u4ed1\u65b9\u4e4b\u7f18\u9152\u5e97", "order_time": ["2019-01-17 04:05:18"], "total_order": 1, "hotel_value": ["4.7"], "hotel_price": ["206"]}, "1914691": {"hotel_name": "\u53a6\u95e8\u7f57\u7ea6\u6d77\u6ee8\u6e29\u6cc9\u9152\u5e97", "order_time": ["2019-01-17 04:05:18"], "total_order": 1, "hotel_value": ["4.7"], "hotel_price": ["1064"]}, "22817797": {"hotel_name": "\u53a6\u95e8SM\u57ce\u5e02\u5e7f\u573a\u5e0c\u5c14\u987f\u6b22\u670b\u9152\u5e97", "order_time": ["2019-01-17 04:05:18"], "total_order": 1, "hotel_value": ["4.5"], "hotel_price": ["498"]}, "429062": {"hotel_name": "\u53a6\u95e8\u7c73\u4ed1\u9152\u5e97", "order_time": ["2019-01-17 04:05:18"], "total_order": 1, "hotel_value": ["4.6"], "hotel_price": ["159"]}, "429622": {"hotel_name": "\u53a6\u95e8\u7261\u4e39\u56fd\u9645\u5927\u9152\u5e97", "order_time": ["2019-01-17 04:05:18"], "total_order": 1, "hotel_value": ["4.8"], "hotel_price": ["569"]}, "435472": {"hotel_name": "\u53a6\u95e8\u674f\u6797\u6e7e\u5927\u9152\u5e97", "order_time": ["2019-01-17 04:05:18"], "total_order": 1, "hotel_value": ["4.6"], "hotel_price": ["358"]}, "436708": {"hotel_name": "\u53a6\u95e8\u91d1\u540e\u9152\u5e97", "order_time": ["2019-01-17 04:05:18"], "total_order": 1, "hotel_value": ["4.6"], "hotel_price": ["216"]}, "750174": {"hotel_name": "\u683c\u6797\u8c6a\u6cf0(\u53a6\u95e8\u5927\u5b66\u5e97)", "order_time": ["2019-01-17 04:06:38"], "total_order": 1, "hotel_value": ["4.2"], "hotel_price": ["127"]}, "428108": {"hotel_name": "\u53a6\u95e8\u56fd\u9645\u4f1a\u5c55\u9152\u5e97", "order_time": ["2019-01-17 04:06:43"], "total_order": 1, "hotel_value": ["4.5"], "hotel_price": ["498"]}, "1284505": {"hotel_name": "\u82b1\u7b51\u00b7\u53a6\u95e8\u4e0d\u8c61\u975e\u5ba2\u6808", "order_time": ["2019-01-17 04:12:37"], "total_order": 1, "hotel_value": ["4.9"], "hotel_price": ["168"]}, "6312273": {"hotel_name": "\u53a6\u95e8\u671b\u6d77\u697c\u5ea6\u5047\u522b\u5885", "order_time": ["2019-01-17 04:12:37"], "total_order": 1, "hotel_value": ["4.9"], "hotel_price": ["98"]}, "6955152": {"hotel_name": "\u53a6\u95e8\u541b\u96c5\u65f6\u5c1a\u9152\u5e97(\u539f\u4e98\u91d1\u9152\u5e97)", "order_time": ["2019-01-17 04:12:42"], "total_order": 1, "hotel_value": ["4.8"], "hotel_price": ["75"]}, "436700": {"hotel_name": "\u4ea6\u9014\u9152\u5e97(\u53a6\u95e8\u4f1a\u5c55\u4e2d\u5fc3\u52a0\u5dde\u5546\u4e1a\u5e7f\u573a\u5e97)", "order_time": ["2019-01-17 04:16:36"], "total_order": 1, "hotel_value": ["4.2"], "hotel_price": ["176"]}, "369748": {"hotel_name": "\u53a6\u95e8\u6d77\u6e2f\u82f1\u8fea\u683c\u9152\u5e97", "order_time": ["2019-01-17 04:16:37"], "total_order": 1, "hotel_value": ["4.7"], "hotel_price": ["802"]}, "848496": {"hotel_name": "\u53a6\u95e8\u542c\u6d77\u5c0f\u7b51\u5ba2\u6808", "order_time": ["2019-01-17 04:18:33"], "total_order": 1, "hotel_value": ["4.9"], "hotel_price": ["69"]}, "437353": {"hotel_name": "\u53a6\u95e8\u5929\u5929\u5047\u671f\u56fd\u9645\u5927\u9152\u5e97", "order_time": ["2019-01-17 04:18:40"], "total_order": 1, "hotel_value": ["4.3"], "hotel_price": ["234"]}, "3742602": {"hotel_name": "\u53a6\u95e8\u5927\u5b66\u6d77\u5ce1\u5ea6\u56db\u5b63\u9152\u5e97\u516c\u5bd3", "order_time": ["2019-01-17 04:20:41"], "total_order": 1, "hotel_value": ["4.4"], "hotel_price": ["312"]}, "1910051": {"hotel_name": "\u53a6\u95e8\u65b0\u9f99\u95e8\u5bbe\u9986", "order_time": ["2019-01-17 04:24:45"], "total_order": 1, "hotel_value": ["4.2"], "hotel_price": ["99"]}, "4646830": {"hotel_name": "\u53a6\u95e8\u5bab\u5ef7\u58f9\u53f7\u5ea6\u5047\u522b\u5885", "order_time": ["2019-01-17 04:24:45"], "total_order": 1, "hotel_value": ["4.5"], "hotel_price": ["114"]}, "1756972": {"hotel_name": "\u53a6\u95e8\u5496\u5561\u65f6\u5149\u6d77\u666f\u9a7f\u6808", "order_time": ["2019-01-17 04:24:45"], "total_order": 1, "hotel_value": ["4.4"], "hotel_price": ["262"]}, "1548339": {"hotel_name": "\u901f8\u9152\u5e97(\u53a6\u95e8\u540c\u5b89\u949f\u697c\u5e97)", "order_time": ["2019-01-17 04:24:45"], "total_order": 1, "hotel_value": ["4.1"], "hotel_price": ["188"]}, "25679978": {"hotel_name": "\u53a6\u95e8nomi\u6c11\u5bbf", "order_time": ["2019-01-17 04:24:45"], "total_order": 1, "hotel_value": [0], "hotel_price": ["368"]}, "1893345": {"hotel_name": "\u53a6\u95e8\u81f4\u5bb6\u7cbe\u54c1\u9152\u5e97", "order_time": ["2019-01-17 04:24:45"], "total_order": 1, "hotel_value": ["4.3"], "hotel_price": ["95"]}, "7840524": {"hotel_name": "\u53a6\u95e8\u5317\u7ad9\u79c1\u5954\u5ba2\u6808", "order_time": ["2019-01-17 04:24:45"], "total_order": 1, "hotel_value": ["4.7"], "hotel_price": ["103"]}, "16152504": {"hotel_name": "\u53a6\u95e8\u72ec\u7acb\u53d1\u82bd\u7f8e\u5b66\u6c11\u5bbf", "order_time": ["2019-01-17 04:24:45"], "total_order": 1, "hotel_value": [0], "hotel_price": ["398"]}, "4356306": {"hotel_name": "\u9f13\u6d6a\u5c7f\u5b9d\u77f3\u5170\u65c5\u9986", "order_time": ["2019-01-17 04:24:45"], "total_order": 1, "hotel_value": ["4.3"], "hotel_price": ["123"]}, "2299573": {"hotel_name": "\u53a6\u95e8\u805a\u84c9\u9152\u5e97", "order_time": ["2019-01-17 04:24:45"], "total_order": 1, "hotel_value": ["3.1"], "hotel_price": ["166"]}, "4374922": {"hotel_name": "\u53a6\u95e8\u53a6\u9756\u516c\u5bd3", "order_time": ["2019-01-17 04:24:45"], "total_order": 1, "hotel_value": ["3.9"], "hotel_price": ["168"]}, "2302013": {"hotel_name": "\u9f13\u6d6a\u5c7f\u5c7f\u5cb8\u82b1\u5ea6\u5047\u65c5\u9986", "order_time": ["2019-01-17 04:24:45"], "total_order": 1, "hotel_value": ["4.3"], "hotel_price": ["108"]}, "2301140": {"hotel_name": "\u53a6\u95e8\u7f8e\u6676\u9152\u5e97", "order_time": ["2019-01-17 04:24:45"], "total_order": 1, "hotel_value": ["4.2"], "hotel_price": ["110"]}, "1719909": {"hotel_name": "\u53a6\u95e8\u963f\u91cc\u5143\u5ba2\u6808", "order_time": ["2019-01-17 04:24:45"], "total_order": 1, "hotel_value": ["4.7"], "hotel_price": ["78"]}, "4814803": {"hotel_name": "\u53a6\u95e8\u591c\u6cca\u4e3d\u6e7e\u9152\u5e97", "order_time": ["2019-01-17 04:24:45"], "total_order": 1, "hotel_value": ["4.1"], "hotel_price": ["162"]}, "2309438": {"hotel_name": "\u91d1\u6749\u6811\u7cbe\u54c1\u9152\u5e97\uff08\u53a6\u95e8\u5609\u5e9a\u4f53\u80b2\u9986\u5e97\uff09", "order_time": ["2019-01-17 04:24:45"], "total_order": 1, "hotel_value": ["3.9"], "hotel_price": ["128"]}, "2277879": {"hotel_name": "\u53a6\u95e8\u53a6\u5927\u73ca\u745a\u6d77\u7cbe\u54c1\u5ba2\u6808", "order_time": ["2019-01-17 04:24:45"], "total_order": 1, "hotel_value": ["4.7"], "hotel_price": ["76"]}, "1760902": {"hotel_name": "\u53a6\u95e8\u4e07\u4f73\u56fd\u9645\u9152\u5e97", "order_time": ["2019-01-17 04:24:49"], "total_order": 1, "hotel_value": ["4.6"], "hotel_price": ["432"]}, "5237186": {"hotel_name": "\u53a6\u95e8\u5bb6\u987a\u5546\u52a1\u65c5\u5e97", "order_time": ["2019-01-17 04:24:55"], "total_order": 1, "hotel_value": ["3.6"], "hotel_price": ["98"]}, "4815899": {"hotel_name": "\u9e6d\u987a\u5bbe\u9986(\u53a6\u95e8\u706b\u8f66\u7ad9\u5e97)", "order_time": ["2019-01-17 04:26:52"], "total_order": 1, "hotel_value": ["3.1"], "hotel_price": ["67"]}, "5053649": {"hotel_name": "\u53a6\u95e8\u5927\u5b66\u5962\u534e\u9152\u5e97\u516c\u5bd3(\u539f\u94c2\u66fc\u5929\u79a7\u6d77\u666f\u9152\u5e97\u516c\u5bd3)", "order_time": ["2019-01-17 04:28:36"], "total_order": 1, "hotel_value": ["4.6"], "hotel_price": ["349"]}, "771600": {"hotel_name": "\u53a6\u95e8\u6676\u88d5\u5546\u52a1\u9152\u5e97", "order_time": ["2019-01-17 04:30:30"], "total_order": 1, "hotel_value": ["4.1"], "hotel_price": ["110"]}, "6736731": {"hotel_name": "\u5e0c\u5cb8\u9152\u5e97(\u53a6\u95e8\u706b\u8f66\u7ad9\u5e97)(\u539f\u5357\u65b9\u996d\u5e97)", "order_time": ["2019-01-17 04:30:32"], "total_order": 1, "hotel_value": ["4.9"], "hotel_price": ["280"]}, "2290014": {"hotel_name": "\u53a6\u95e8\u541b\u6021\u9152\u5e97", "order_time": ["2019-01-17 04:32:36"], "total_order": 1, "hotel_value": ["4.7"], "hotel_price": ["256"]}, "2304389": {"hotel_name": "\u9038\u6ed4\u8fde\u9501\u9152\u5e97(\u53a6\u95e8\u83b2\u82b1\u5317\u8def\u5e97)", "order_time": ["2019-01-17 04:32:52"], "total_order": 1, "hotel_value": ["3.8"], "hotel_price": ["85"]}, "2152627": {"hotel_name": "\u7f8e\u8c6a\u9152\u5e97(\u53a6\u95e8\u5e97)", "order_time": ["2019-01-17 04:34:30"], "total_order": 1, "hotel_value": ["4.7"], "hotel_price": ["309"]}, "1317936": {"hotel_name": "\u6d77\u53cb\u826f\u54c1\u9152\u5e97(\u53a6\u95e8\u660e\u53d1\u5e7f\u573a\u5e97)", "order_time": ["2019-01-17 04:34:43"], "total_order": 1, "hotel_value": ["4.2"], "hotel_price": ["101"]}, "2082804": {"hotel_name": "\u53a6\u95e8\u6da6\u7965\u9686\u7cbe\u54c1\u9152\u5e97", "order_time": ["2019-01-17 04:38:44"], "total_order": 1, "hotel_value": ["4.3"], "hotel_price": ["149"]}}}