{"\u5f00\u59cb\u8bb0\u5f55\u65f6\u95f4": "2019-01-05 05:55:44", "\u7ed3\u675f\u8bb0\u5f55\u65f6\u95f4": "2019-01-05 06:55:44", "\u8ba2\u5355\u603b\u589e\u91cf": 50, "item": {"6150330": {"hotel_name": "\u8bd7\u516c\u5bd3(\u53a6\u95e8\u673a\u573a\u5e97)", "order_time": ["2019-01-05 05:57:50"], "total_order": 1, "hotel_value": ["4.2"], "hotel_price": ["105"]}, "27833083": {"hotel_name": "\u53a6\u95e8\u968f\u5fc3\u9601\u516c\u5bd3", "order_time": ["2019-01-05 05:57:51"], "total_order": 1, "hotel_value": ["4.8"], "hotel_price": ["140"]}, "441273": {"hotel_name": "\u9510\u601d\u7279\u00b7\u9038\u81f4\u9152\u5e97(\u53a6\u95e8\u4e2d\u5c71\u8def\u5e97)", "order_time": ["2019-01-05 05:59:49"], "total_order": 1, "hotel_value": ["4.8"], "hotel_price": ["191"]}, "447146": {"hotel_name": "\u5982\u5bb6\u5546\u65c5\u9152\u5e97(\u53a6\u95e8\u6e56\u6ee8\u5357\u8def\u767d\u9e6d\u6d32\u516c\u56ed\u5e97)", "order_time": ["2019-01-05 05:59:49"], "total_order": 1, "hotel_value": ["4.8"], "hotel_price": ["271"]}, "28024075": {"hotel_name": "\u53a6\u95e8\u73af\u5c9b\u8def\u4e9a\u6735S\u5ea6\u5047\u9152\u5e97", "order_time": ["2019-01-05 06:01:49"], "total_order": 1, "hotel_value": ["5.0"], "hotel_price": ["643"]}, "1893295": {"hotel_name": "\u53a6\u95e8\u83b2\u5bcc\u5546\u52a1\u9152\u5e97", "order_time": ["2019-01-05 06:01:50"], "total_order": 1, "hotel_value": ["4.0"], "hotel_price": ["105"]}, "22766983": {"hotel_name": "\u9e97\u67ab\u9152\u5e97(\u53a6\u95e8\u4e2d\u5c71\u8def\u6b65\u884c\u8857\u5e97)", "order_time": ["2019-01-05 06:03:50"], "total_order": 1, "hotel_value": ["4.7"], "hotel_price": ["282"]}, "440397": {"hotel_name": "\u7231\u4e01\u5821\u9152\u5e97(\u53a6\u95e8\u53a6\u9f13\u7801\u5934\u5e97)(\u539f\u9890\u9526\u9152\u5e97)", "order_time": ["2019-01-05 06:03:50"], "total_order": 1, "hotel_value": ["4.6"], "hotel_price": ["100"]}, "5788864": {"hotel_name": "\u53a6\u95e8\u5eb7\u83b1\u5fb7\u9152\u5e97", "order_time": ["2019-01-05 06:05:50"], "total_order": 1, "hotel_value": ["4.7"], "hotel_price": ["1771"]}, "440782": {"hotel_name": "\u53a6\u95e8\u65fa\u8f89\u9152\u5e97", "order_time": ["2019-01-05 06:07:50"], "total_order": 1, "hotel_value": ["4.8"], "hotel_price": ["899"]}, "392629": {"hotel_name": "\u53a6\u95e8\u5e90\u5c71\u5927\u9152\u5e97", "order_time": ["2019-01-05 06:07:51"], "total_order": 1, "hotel_value": ["4.2"], "hotel_price": ["298"]}, "976678": {"hotel_name": "\u5982\u5bb6\u7cbe\u9009\u9152\u5e97(\u53a6\u95e8\u83b2\u5742\u660e\u53d1\u5546\u4e1a\u5e7f\u573a\u5e97)", "order_time": ["2019-01-05 06:07:52"], "total_order": 1, "hotel_value": ["4.7"], "hotel_price": ["275"]}, "1906769": {"hotel_name": "\u53a6\u95e8\u5fc3\u5bbf\u96c5\u7b51\u9152\u5e97\uff08\u539f\u7396\u70b9\u5bbe\u9986\uff09", "order_time": ["2019-01-05 06:09:49"], "total_order": 1, "hotel_value": ["4.3"], "hotel_price": ["123"]}, "472358": {"hotel_name": "\u53a6\u95e8\u6e29\u5c3c\u65af\u4f9d\u8bfa\u6d77\u6d77\u666f\u5ea6\u5047\u522b\u5885", "order_time": ["2019-01-05 06:11:52"], "total_order": 1, "hotel_value": ["4.9"], "hotel_price": ["475"]}, "12183206": {"hotel_name": "\u53a6\u95e8\u4e03\u661f\u8fde\u9501\u9152\u5e97\u678b\u6e56\u5ba2\u8fd0\u4e2d\u5fc3\u91d1\u5c71\u5e97", "order_time": ["2019-01-05 06:13:51"], "total_order": 1, "hotel_value": ["4.5"], "hotel_price": ["108"]}, "1535356": {"hotel_name": "\u8bfa\u4e00\u9152\u5e97(\u53a6\u95e8\u660e\u53d1\u5e97)", "order_time": ["2019-01-05 06:15:53"], "total_order": 1, "hotel_value": ["3.7"], "hotel_price": ["92"]}, "23239051": {"hotel_name": "\u53a6\u95e8\u5927\u9690\u7cbe\u54c1\u65c5\u5c45", "order_time": ["2019-01-05 06:21:52"], "total_order": 1, "hotel_value": ["4.9"], "hotel_price": ["300"]}, "443333": {"hotel_name": "\u9752\u5e74\u9633\u5149\u8fde\u9501\u9152\u5e97(\u53a6\u95e8\u65b9\u7279\u68a6\u5e7b\u540c\u5b89\u5e97)(\u539f\u540c\u5b89\u5e97)", "order_time": ["2019-01-05 06:23:53"], "total_order": 1, "hotel_value": ["4.5"], "hotel_price": ["135"]}, "10201435": {"hotel_name": "\u53a6\u95e8\u4f70\u7fd4\u4e94\u901a\u9152\u5e97", "order_time": ["2019-01-05 06:49:54", "2019-01-05 06:29:49", "2019-01-05 06:49:59"], "total_order": 3, "hotel_value": ["4.7", "4.7", "4.7"], "hotel_price": ["609", "609", "609"]}, "1510329": {"hotel_name": "\u53a6\u95e8\u541b\u96c5\u5047\u65e5\u9152\u5e97", "order_time": ["2019-01-05 06:29:50"], "total_order": 1, "hotel_value": ["4.8"], "hotel_price": ["115"]}, "6599741": {"hotel_name": "\u6854\u5b50\u9152\u5e97\u00b7\u7cbe\u9009(\u53a6\u95e8\u4e2d\u5c71\u8def\u8f6e\u6e21\u7801\u5934\u5e97)(\u539f\u4e2d\u5c71\u8def\u6b65\u884c\u8857\u5e97)", "order_time": ["2019-01-05 06:29:50"], "total_order": 1, "hotel_value": ["4.8"], "hotel_price": ["417"]}, "385412": {"hotel_name": "\u53a6\u95e8\u5317\u6d77\u6e7e\u60e0\u9f99\u4e07\u8fbe\u5609\u534e\u9152\u5e97", "order_time": ["2019-01-05 06:33:49"], "total_order": 1, "hotel_value": ["4.8"], "hotel_price": ["750"]}, "434956": {"hotel_name": "\u53a6\u95e8\u767d\u9e6d\u5bbe\u9986", "order_time": ["2019-01-05 06:33:49"], "total_order": 1, "hotel_value": ["4.5"], "hotel_price": ["188"]}, "444706": {"hotel_name": "\u590f\u5546\u00b7\u6021\u5ead\u5546\u52a1\u9152\u5e97(\u53a6\u95e8\u706b\u8f66\u7ad9\u79be\u7965\u5e97)", "order_time": ["2019-01-05 06:33:50"], "total_order": 1, "hotel_value": ["4.5"], "hotel_price": ["184"]}, "6112181": {"hotel_name": "\u53a6\u95e8\u6c38\u4e3d\u8fbe\u4e3d\u5448\u9152\u5e97", "order_time": ["2019-01-05 06:33:50"], "total_order": 1, "hotel_value": ["4.8"], "hotel_price": ["439"]}, "2624108": {"hotel_name": "\u53a6\u95e8\u5e0c\u5c14\u987f\u9038\u6797\u9152\u5e97", "order_time": ["2019-01-05 06:35:50"], "total_order": 1, "hotel_value": ["4.7"], "hotel_price": ["665"]}, "890106": {"hotel_name": "\u53a6\u95e8\u4e3d\u65af\u6d77\u666f\u9152\u5e97", "order_time": ["2019-01-05 06:35:50"], "total_order": 1, "hotel_value": ["4.7"], "hotel_price": ["379"]}, "2279530": {"hotel_name": "\u53a6\u95e8\u5982\u5f52\u5c0f\u7b51", "order_time": ["2019-01-05 06:35:52"], "total_order": 1, "hotel_value": ["4.7"], "hotel_price": ["94"]}, "4614168": {"hotel_name": "\u53a6\u95e8\u7b2c\u4e00\u6e2f\u5ea6\u5047\u522b\u5885", "order_time": ["2019-01-05 06:37:50"], "total_order": 1, "hotel_value": ["4.6"], "hotel_price": ["158"]}, "3925042": {"hotel_name": "\u53a6\u95e8\u540d\u95e8\u76db\u4e16\u00b7\u6587\u5316\u9152\u5e97", "order_time": ["2019-01-05 06:37:50"], "total_order": 1, "hotel_value": ["4.8"], "hotel_price": ["314"]}, "4640529": {"hotel_name": "\u53a6\u95e8\u82b1\u5f00\u8317\u54c1\u5ba2\u6808", "order_time": ["2019-01-05 06:39:49"], "total_order": 1, "hotel_value": ["4.9"], "hotel_price": ["159"]}, "469816": {"hotel_name": "\u53a6\u95e8\u5723\u5e0c\u7f57\u9152\u5e97", "order_time": ["2019-01-05 06:39:50"], "total_order": 1, "hotel_value": ["4.4"], "hotel_price": ["288"]}, "474586": {"hotel_name": "\u5982\u5bb6\u8054\u76df\u00b7\u53a6\u95e8\u6591\u6593\u9152\u5e97(\u539f\u91d1\u5e1d\u9152\u5e97)", "order_time": ["2019-01-05 06:39:50"], "total_order": 1, "hotel_value": ["4.8"], "hotel_price": ["280"]}, "8568978": {"hotel_name": "\u53a6\u95e8\u5317\u7ad9\u6708\u5149\u5ba2\u6808", "order_time": ["2019-01-05 06:39:51"], "total_order": 1, "hotel_value": ["4.6"], "hotel_price": ["83"]}, "700177": {"hotel_name": "\u5c1a\u5ba2\u4f18\u7cbe\u9009\u9152\u5e97(\u53a6\u95e8\u51ef\u6021\u4f1a\u5c55\u4e2d\u5fc3\u5e97)", "order_time": ["2019-01-05 06:39:51"], "total_order": 1, "hotel_value": ["4.6"], "hotel_price": ["248"]}, "5764803": {"hotel_name": "\u53a6\u95e8\u753b\u5eca\u65c5\u9986\u4e16\u5916\u6843\u6e90\u9986", "order_time": ["2019-01-05 06:41:49"], "total_order": 1, "hotel_value": ["4.9"], "hotel_price": ["313"]}, "392553": {"hotel_name": "\u6210\u65c5\u6676\u8d5e\u9152\u5e97(\u53a6\u95e8\u67ab\u60a6\u5e97)(\u539f\u67ab\u60a6\u5927\u9152\u5e97)", "order_time": ["2019-01-05 06:41:50"], "total_order": 1, "hotel_value": ["4.7"], "hotel_price": ["428"]}, "1856716": {"hotel_name": "\u53a6\u95e8\u9e6d\u5c9b49\u53f7\u522b\u5885", "order_time": ["2019-01-05 06:43:48"], "total_order": 1, "hotel_value": ["4.8"], "hotel_price": ["266"]}, "669139": {"hotel_name": "\u53a6\u95e8\u4eac\u50ce\u9890\u8c6a\u9152\u5e97", "order_time": ["2019-01-05 06:43:49"], "total_order": 1, "hotel_value": ["4.7"], "hotel_price": ["472"]}, "1639388": {"hotel_name": "\u4e03\u946b\u5929\u9152\u5e97(\u53a6\u95e8\u673a\u573a\u5e97)", "order_time": ["2019-01-05 06:47:52"], "total_order": 1, "hotel_value": ["4.4"], "hotel_price": ["144"]}, "21332906": {"hotel_name": "\u53a6\u95e8\u65af\u7ef4\u767b\u5ea6\u5047\u9152\u5e97(\u678b\u6e56\u8f66\u7ad9\u4f18\u671b\u5e97)", "order_time": ["2019-01-05 06:47:52"], "total_order": 1, "hotel_value": ["4.8"], "hotel_price": ["218"]}, "8523234": {"hotel_name": "\u53a6\u95e8\u661f\u6708\u6d32\u9152\u5e97", "order_time": ["2019-01-05 06:49:55"], "total_order": 1, "hotel_value": ["4.5"], "hotel_price": ["522"]}, "479354": {"hotel_name": "\u5bb6\u548c\u6625\u5929\u7cbe\u54c1\u9152\u5e97(\u53a6\u95e8\u673a\u573a\u5e97)", "order_time": ["2019-01-05 06:51:50"], "total_order": 1, "hotel_value": ["4.5"], "hotel_price": ["196"]}, "1405953": {"hotel_name": "\u53a6\u95e8\u7231\u4e01\u5821\u56fd\u9645\u9152\u5e97(\u539f\u4f1a\u5c55\u4e2d\u5fc3\u7231\u4e01\u5821\u56fd\u9645\u9152\u5e97)", "order_time": ["2019-01-05 06:51:50"], "total_order": 1, "hotel_value": ["4.4"], "hotel_price": ["388"]}, "2000401": {"hotel_name": "\u5586\u5561\u9152\u5e97(\u53a6\u95e8\u9f13\u6d6a\u5c7f\u4e2d\u5c71\u8def\u7b2c\u4e00\u7801\u5934\u5e97)", "order_time": ["2019-01-05 06:51:50"], "total_order": 1, "hotel_value": ["4.7"], "hotel_price": ["227"]}, "6069131": {"hotel_name": "\u53a6\u95e8\u5317\u7ad9\u9047\u89c1\u5ba2\u6808", "order_time": ["2019-01-05 06:51:50"], "total_order": 1, "hotel_value": ["4.7"], "hotel_price": ["109"]}, "435605": {"hotel_name": "\u53a6\u95e8\u76db\u4e4b\u4e61\u6e29\u6cc9\u6e21\u5047\u6751", "order_time": ["2019-01-05 06:53:50"], "total_order": 1, "hotel_value": ["4.6"], "hotel_price": ["818"]}, "1761456": {"hotel_name": "\u53a6\u95e8\u77e5\u4e86\u7761\u4e86\u5ba2\u6808", "order_time": ["2019-01-05 06:53:52"], "total_order": 1, "hotel_value": ["4.2"], "hotel_price": ["342"]}}}