{"\u5f00\u59cb\u8bb0\u5f55\u65f6\u95f4": "2019-01-08 06:22:43", "\u7ed3\u675f\u8bb0\u5f55\u65f6\u95f4": "2019-01-08 07:22:43", "\u8ba2\u5355\u603b\u589e\u91cf": 91, "item": {"926626": {"hotel_name": "\u53a6\u95e8\u6885\u56ed\u9152\u5e97", "order_time": ["2019-01-08 06:24:49"], "total_order": 1, "hotel_value": ["4.5"], "hotel_price": ["199"]}, "3031676": {"hotel_name": "\u53a6\u95e8\u946b\u60a6\u5bbe\u9986", "order_time": ["2019-01-08 06:24:49"], "total_order": 1, "hotel_value": ["3.9"], "hotel_price": ["79"]}, "14996652": {"hotel_name": "\u53a6\u95e8\u9c7c\u5c45\u6d77\u666f\u6c11\u5bbf", "order_time": ["2019-01-08 06:28:48"], "total_order": 1, "hotel_value": ["4.8"], "hotel_price": ["139"]}, "428660": {"hotel_name": "\u53a6\u95e8\u9890\u749f\u82b1\u56ed\u9152\u5e97(\u539f\u65b0\u52a0\u5761\u9152\u5e97)", "order_time": ["2019-01-08 06:28:49", "2019-01-08 07:18:48"], "total_order": 2, "hotel_value": ["4.6", "4.6"], "hotel_price": ["158", "158"]}, "4614134": {"hotel_name": "\u53a6\u95e8\u6cd5\u5c14\u8d5b\u7687\u5bb6\u5ea6\u5047\u522b\u5885", "order_time": ["2019-01-08 06:30:49"], "total_order": 1, "hotel_value": ["4.9"], "hotel_price": ["125"]}, "375295": {"hotel_name": "\u53a6\u95e8\u7fd4\u9e6d\u56fd\u9645\u5927\u9152\u5e97", "order_time": ["2019-01-08 06:30:50"], "total_order": 1, "hotel_value": ["4.4"], "hotel_price": ["374"]}, "509970": {"hotel_name": "\u53a6\u95e8\u9a8f\u8c6a\u4f1a", "order_time": ["2019-01-08 06:32:49"], "total_order": 1, "hotel_value": ["4.7"], "hotel_price": ["619"]}, "472361": {"hotel_name": "\u53a6\u95e8\u660e\u73e0\u6d77\u6e7e\u5927\u9152\u5e97", "order_time": ["2019-01-08 06:34:51"], "total_order": 1, "hotel_value": ["4.5"], "hotel_price": ["358"]}, "6685467": {"hotel_name": "\u53a6\u95e8\u60a6\u6cca\u9152\u5e97", "order_time": ["2019-01-08 06:36:48"], "total_order": 1, "hotel_value": ["4.5"], "hotel_price": ["243"]}, "1607576": {"hotel_name": "\u53a6\u95e8\u6d6a\u7434\u91cc\u6d77\u5885\u5ba2\u6808", "order_time": ["2019-01-08 06:36:48"], "total_order": 1, "hotel_value": ["4.8"], "hotel_price": ["101"]}, "4424172": {"hotel_name": "\u53a6\u95e8\u4ebf\u88d5\u6210\u9152\u5e97", "order_time": ["2019-01-08 06:36:48"], "total_order": 1, "hotel_value": ["4.5"], "hotel_price": ["164"]}, "17361950": {"hotel_name": "\u53a6\u95e8\u54c1\u60a6\u9152\u5e97", "order_time": ["2019-01-08 06:36:48"], "total_order": 1, "hotel_value": ["4.4"], "hotel_price": ["302"]}, "1684319": {"hotel_name": "7\u5929\u8fde\u9501\u9152\u5e97(\u53a6\u95e8SM\u57ce\u5e02\u5e7f\u573a\u5e97)", "order_time": ["2019-01-08 06:36:48"], "total_order": 1, "hotel_value": ["4.0"], "hotel_price": ["124"]}, "1473703": {"hotel_name": "\u53a6\u95e8LOFT\u56fd\u9645\u9752\u5e74\u65c5\u820d", "order_time": ["2019-01-08 06:36:48"], "total_order": 1, "hotel_value": ["4.6"], "hotel_price": ["34"]}, "14996654": {"hotel_name": "\u53a6\u95e8\u5317\u7ad9\u4e3d\u81f4\u7cbe\u54c1\u9152\u5e97", "order_time": ["2019-01-08 06:36:48"], "total_order": 1, "hotel_value": ["4.5"], "hotel_price": ["126"]}, "12256910": {"hotel_name": "\u53a6\u95e8\u82b1\u9752\u5bbf\u534a\u5c71\u82b1\u56ed\u7cbe\u54c1\u5ba2\u6808", "order_time": ["2019-01-08 06:36:48"], "total_order": 1, "hotel_value": ["4.9"], "hotel_price": ["177"]}, "11511638": {"hotel_name": "\u53a6\u95e8\u5929\u6717\u7cbe\u54c1\u9152\u5e97\u516c\u5bd3", "order_time": ["2019-01-08 06:36:48"], "total_order": 1, "hotel_value": ["4.5"], "hotel_price": ["150"]}, "1551675": {"hotel_name": "\u53a6\u95e8\u67e0\u6aac\u516c\u5bd3(\u539f\u5982\u610f\u65c5\u9986)", "order_time": ["2019-01-08 06:36:48"], "total_order": 1, "hotel_value": ["4.9"], "hotel_price": ["87"]}, "1714745": {"hotel_name": "\u82b1\u7b51\u00b7\u53a6\u95e8\u68a6\u697c\u5ba2\u6808", "order_time": ["2019-01-08 06:36:48"], "total_order": 1, "hotel_value": ["4.7"], "hotel_price": ["185"]}, "11654273": {"hotel_name": "\u53a6\u95e8\u53c8\u89c1\u82b1\u6d77\u5ea6\u5047\u522b\u5885", "order_time": ["2019-01-08 06:36:48"], "total_order": 1, "hotel_value": ["4.9"], "hotel_price": ["133"]}, "4424281": {"hotel_name": "\u53a6\u95e8\u6f58\u6735\u62c9\u6d77\u666f\u82d1\u5ba2\u6808(\u539f\u84dd\u8272\u5c0f\u5c4b\u5ba2\u6808)", "order_time": ["2019-01-08 06:36:48"], "total_order": 1, "hotel_value": ["4.9"], "hotel_price": ["118"]}, "1727667": {"hotel_name": "\u53a6\u95e8\u9f13\u6d6a\u5c7f\u9e93\u610f\u601d\u8001\u522b\u5885\u5ea6\u5047\u9152\u5e97", "order_time": ["2019-01-08 06:36:48"], "total_order": 1, "hotel_value": ["4.6"], "hotel_price": ["234"]}, "825894": {"hotel_name": "\u53a6\u95e8\u66fe\u539d\u57b5\u5df4\u6e1d\u5c9bAngel\u6c11\u5bbf", "order_time": ["2019-01-08 06:36:48"], "total_order": 1, "hotel_value": ["4.9"], "hotel_price": ["120"]}, "2301832": {"hotel_name": "7\u5929\u8fde\u9501\u9152\u5e97(\u53a6\u95e8\u4e2d\u5c71\u8def\u8f6e\u6e21\u5e97)", "order_time": ["2019-01-08 06:36:48"], "total_order": 1, "hotel_value": ["4.1"], "hotel_price": ["123"]}, "2157026": {"hotel_name": "\u53a6\u95e8\u559c\u591a\u5c4b\u9152\u5e97", "order_time": ["2019-01-08 06:36:48", "2019-01-08 06:52:49"], "total_order": 2, "hotel_value": ["4.6", "4.6"], "hotel_price": ["69", "69"]}, "1728250": {"hotel_name": "\u53a6\u95e8\u9f13\u6d6a\u5c7f\u6d77\u4e0a\u96c5\u5178\u5a1c\u9152\u5e97", "order_time": ["2019-01-08 06:36:48"], "total_order": 1, "hotel_value": ["4.4"], "hotel_price": ["422"]}, "1519470": {"hotel_name": "\u53a6\u95e8\u66fe\u539d\u57b5\u9093\u59d0\u5bb6\u5ead\u9662\u5ba2\u6808", "order_time": ["2019-01-08 06:36:48"], "total_order": 1, "hotel_value": ["4.8"], "hotel_price": ["153"]}, "27273749": {"hotel_name": "\u9f13\u6d6a\u5c7f\u82b1\u5ead\u00b7\u534a\u590f\u65c5\u9986", "order_time": ["2019-01-08 06:36:48"], "total_order": 1, "hotel_value": ["4.9"], "hotel_price": ["232"]}, "15905055": {"hotel_name": "\u5b9c\u5c1a\u9152\u5e97(\u53a6\u95e8\u4f1a\u5c55\u4e2d\u5fc3\u897f\u6797\u5e97)", "order_time": ["2019-01-08 06:36:48"], "total_order": 1, "hotel_value": ["4.7"], "hotel_price": ["233"]}, "6429615": {"hotel_name": "\u53a6\u95e8\u683c\u6797\u82d1\u9152\u5e97", "order_time": ["2019-01-08 06:36:48"], "total_order": 1, "hotel_value": ["4.8"], "hotel_price": ["203"]}, "5449230": {"hotel_name": "\u53a6\u95e8\u4e00\u683c\u6d77\u666f\u5ea6\u5047\u9a7f\u6808", "order_time": ["2019-01-08 06:36:48"], "total_order": 1, "hotel_value": ["4.9"], "hotel_price": ["169"]}, "1314936": {"hotel_name": "\u83ab\u6cf0268(\u53a6\u95e8\u706b\u8f66\u7ad9\u5e97)", "order_time": ["2019-01-08 06:36:49"], "total_order": 1, "hotel_value": ["4.3"], "hotel_price": ["130"]}, "436715": {"hotel_name": "\u9f13\u6d6a\u5c7f\u674e\u5bb6\u5e84\u9152\u5e97", "order_time": ["2019-01-08 06:48:49", "2019-01-08 06:40:50"], "total_order": 2, "hotel_value": ["4.9", "4.9"], "hotel_price": ["831", "831"]}, "19735131": {"hotel_name": "\u53a6\u95e8\u6cab\u5bd3\u9152\u5e97\u5f0f\u516c\u5bd3", "order_time": ["2019-01-08 06:40:50"], "total_order": 1, "hotel_value": ["4.8"], "hotel_price": ["131"]}, "669139": {"hotel_name": "\u53a6\u95e8\u4eac\u50ce\u9890\u8c6a\u9152\u5e97", "order_time": ["2019-01-08 06:40:50"], "total_order": 1, "hotel_value": ["4.7"], "hotel_price": ["383"]}, "6112181": {"hotel_name": "\u53a6\u95e8\u6c38\u4e3d\u8fbe\u4e3d\u5448\u9152\u5e97", "order_time": ["2019-01-08 06:42:48"], "total_order": 1, "hotel_value": ["4.8"], "hotel_price": ["439"]}, "2152627": {"hotel_name": "\u7f8e\u8c6a\u9152\u5e97(\u53a6\u95e8\u5e97)", "order_time": ["2019-01-08 07:02:49", "2019-01-08 06:42:48"], "total_order": 2, "hotel_value": ["4.7", "4.7"], "hotel_price": ["282", "282"]}, "392554": {"hotel_name": "\u53a6\u95e8\u91d1\u745e\u4f73\u6cf0\u9152\u5e97(\u539f\u91d1\u5df4\u5170\u9152\u5e97)", "order_time": ["2019-01-08 06:42:48"], "total_order": 1, "hotel_value": ["4.5"], "hotel_price": ["299"]}, "434318": {"hotel_name": "\u53a6\u95e8\u9f13\u6d6a\u5c7f\u9f13\u6d6a\u522b\u5885\u9152\u5e97", "order_time": ["2019-01-08 06:42:48"], "total_order": 1, "hotel_value": ["4.6"], "hotel_price": ["498"]}, "795560": {"hotel_name": "\u5fc3\u8fdc\u5c1a\u54c1\u9152\u5e97(\u53a6\u95e8\u96c6\u7f8e\u5b66\u6751\u5e97)", "order_time": ["2019-01-08 06:42:53"], "total_order": 1, "hotel_value": ["4.8"], "hotel_price": ["169"]}, "2297567": {"hotel_name": "\u65af\u94c2\u745e\u57ce\u5e02\u9152\u5e97(\u53a6\u95e8\u4e2d\u5c71\u516c\u56ed\u5730\u94c1\u7ad9\u5e97)(\u539f\u4e2d\u5c71\u8def\u6b65\u884c\u8857\u5e97)", "order_time": ["2019-01-08 06:44:49"], "total_order": 1, "hotel_value": ["4.7"], "hotel_price": ["98"]}, "2301848": {"hotel_name": "7\u5929\u4f18\u54c1\u9152\u5e97(\u53a6\u95e8\u673a\u573a\u7fd4\u9e6d\u5e97)", "order_time": ["2019-01-08 06:44:49"], "total_order": 1, "hotel_value": ["4.6"], "hotel_price": ["152"]}, "431131": {"hotel_name": "\u53a6\u95e8\u6bd5\u601d\u7279\u9152\u5e97", "order_time": ["2019-01-08 07:00:48", "2019-01-08 06:44:49"], "total_order": 2, "hotel_value": ["4.6", "4.6"], "hotel_price": ["331", "331"]}, "429062": {"hotel_name": "\u53a6\u95e8\u7c73\u4ed1\u9152\u5e97", "order_time": ["2019-01-08 06:46:48"], "total_order": 1, "hotel_value": ["4.6"], "hotel_price": ["159"]}, "1406009": {"hotel_name": "\u53a6\u95e8\u9646\u5c9b\u9152\u5e97(\u4f1a\u5c55\u5e97)", "order_time": ["2019-01-08 06:46:49"], "total_order": 1, "hotel_value": ["4.4"], "hotel_price": ["253"]}, "346260": {"hotel_name": "\u53a6\u95e8\u745e\u9890\u5927\u9152\u5e97", "order_time": ["2019-01-08 06:46:50"], "total_order": 1, "hotel_value": ["4.7"], "hotel_price": ["799"]}, "1016228": {"hotel_name": "\u53a6\u95e8\u98de\u5bbf\u8fde\u9501\u60c5\u4e1d\u00b7\u6735\u62c9\u5e84\u56ed", "order_time": ["2019-01-08 06:48:50"], "total_order": 1, "hotel_value": ["4.8"], "hotel_price": ["116"]}, "11288821": {"hotel_name": "\u53a6\u95e8\u5929\u7136\u5c45\u5feb\u6377\u9152\u5e97", "order_time": ["2019-01-08 06:50:48"], "total_order": 1, "hotel_value": ["4.8"], "hotel_price": ["112"]}, "1211268": {"hotel_name": "\u53a6\u95e8\u6e56\u91cc\u9890\u8c6a\u9152\u5e97", "order_time": ["2019-01-08 06:58:49", "2019-01-08 06:52:49"], "total_order": 2, "hotel_value": ["4.7", "4.7"], "hotel_price": ["458", "458"]}, "457612": {"hotel_name": "\u53a6\u95e8\u4e94\u7f18\u6c34\u4e61\u9152\u5e97", "order_time": ["2019-01-08 06:56:48"], "total_order": 1, "hotel_value": ["4.9"], "hotel_price": ["666"]}, "392629": {"hotel_name": "\u53a6\u95e8\u5e90\u5c71\u5927\u9152\u5e97", "order_time": ["2019-01-08 06:56:48"], "total_order": 1, "hotel_value": ["4.2"], "hotel_price": ["298"]}, "1410376": {"hotel_name": "\u82b1\u5ead\u65c5\u9986(\u9f13\u6d6a\u5c7f\u5b89\u6d77\u82b1\u56ed\u5e97)", "order_time": ["2019-01-08 06:56:49"], "total_order": 1, "hotel_value": ["4.6"], "hotel_price": ["181"]}, "1230104": {"hotel_name": "\u53a6\u95e8\u63a2\u7d22\u9152\u5e97", "order_time": ["2019-01-08 06:58:49"], "total_order": 1, "hotel_value": ["4.5"], "hotel_price": ["437"]}, "1857702": {"hotel_name": "\u53a6\u95e8\u5317\u7ad9\u534e\u6fe0\u56db\u5b63\u9152\u5e97", "order_time": ["2019-01-08 07:00:48"], "total_order": 1, "hotel_value": ["4.2"], "hotel_price": ["198"]}, "346248": {"hotel_name": "\u53a6\u95e8\u6cf0\u8c37\u9152\u5e97", "order_time": ["2019-01-08 07:00:48"], "total_order": 1, "hotel_value": ["4.7"], "hotel_price": ["398"]}, "514344": {"hotel_name": "\u53a6\u95e8\u94c2\u5c14\u6e7e\u9152\u5e97", "order_time": ["2019-01-08 07:02:49"], "total_order": 1, "hotel_value": ["4.1"], "hotel_price": ["118"]}, "8370082": {"hotel_name": "\u53a6\u95e8\u9f13\u6d6a\u5c7f\u67cf\u6587\u718a\u9152\u5e97", "order_time": ["2019-01-08 07:04:48"], "total_order": 1, "hotel_value": ["4.8"], "hotel_price": ["316"]}, "2301312": {"hotel_name": "\u57ce\u5e02\u4fbf\u6377\u9152\u5e97(\u53a6\u95e8\u79be\u7965\u897f\u8def\u5e97)", "order_time": ["2019-01-08 07:04:49"], "total_order": 1, "hotel_value": ["4.3"], "hotel_price": ["150"]}, "369750": {"hotel_name": "\u53a6\u95e8\u6cdb\u592a\u5e73\u6d0b\u5927\u9152\u5e97", "order_time": ["2019-01-08 07:06:50"], "total_order": 1, "hotel_value": ["4.6"], "hotel_price": ["600"]}, "643518": {"hotel_name": "\u53a6\u95e8\u9f13\u6d6a\u5c7f\u76d6\u9a70\u4f20\u5947\u4e3b\u9898\u7cbe\u54c1\u5ea6\u5047\u65c5\u9986", "order_time": ["2019-01-08 07:06:50"], "total_order": 1, "hotel_value": ["4.9"], "hotel_price": ["158"]}, "1728118": {"hotel_name": "\u53a6\u95e8\u5c71\u6c34\u5bbe\u9986", "order_time": ["2019-01-08 07:12:50", "2019-01-08 07:06:50", "2019-01-08 07:10:49"], "total_order": 3, "hotel_value": ["4.3", "4.3", "4.3"], "hotel_price": ["253", "253", "253"]}, "1486929": {"hotel_name": "\u6c49\u5ead\u4f18\u4f73\u9152\u5e97(\u53a6\u95e8\u4e2d\u5c71\u8def\u6b65\u884c\u8857\u5e97)", "order_time": ["2019-01-08 07:08:49"], "total_order": 1, "hotel_value": ["4.7"], "hotel_price": ["263"]}, "823738": {"hotel_name": "\u753b\u5eca\u9152\u5e97(\u9f13\u6d6a\u5c7f\u6545\u9a7f\u6d77\u666f\u5e97)", "order_time": ["2019-01-08 07:08:49"], "total_order": 1, "hotel_value": ["4.9"], "hotel_price": ["268"]}, "1583163": {"hotel_name": "\u5982\u5bb6\u5feb\u6377\u9152\u5e97(\u53a6\u95e8\u540c\u5b89\u6c7d\u8f66\u7ad9\u5e97)", "order_time": ["2019-01-08 07:10:48"], "total_order": 1, "hotel_value": ["4.5"], "hotel_price": ["106"]}, "2313328": {"hotel_name": "\u5982\u5bb6\u5feb\u6377\u9152\u5e97(\u53a6\u95e8\u673a\u573a\u9a6c\u5785\u5e97)", "order_time": ["2019-01-08 07:10:48"], "total_order": 1, "hotel_value": ["4.5"], "hotel_price": ["139"]}, "17293040": {"hotel_name": "\u53a6\u95e8\u5982\u58a8\u8bbe\u8ba1\u578b\u5ea6\u5047\u522b\u5885", "order_time": ["2019-01-08 07:10:50"], "total_order": 1, "hotel_value": ["4.9"], "hotel_price": ["314"]}, "428302": {"hotel_name": "\u53a6\u95e8\u706b\u8f66\u7ad9\u4e9a\u6735\u8f7b\u5c45\u9152\u5e97", "order_time": ["2019-01-08 07:12:49"], "total_order": 1, "hotel_value": ["4.9"], "hotel_price": ["453"]}, "425692": {"hotel_name": "\u53a6\u95e8\u6d77\u60a6\u5c71\u5e84\u9152\u5e97", "order_time": ["2019-01-08 07:12:49", "2019-01-08 07:20:48"], "total_order": 2, "hotel_value": ["4.8", "4.8"], "hotel_price": ["882", "882"]}, "346262": {"hotel_name": "\u53a6\u95e8\u5a01\u65af\u6c40\u9152\u5e97", "order_time": ["2019-01-08 07:12:49"], "total_order": 1, "hotel_value": ["4.5"], "hotel_price": ["930"]}, "346269": {"hotel_name": "\u53a6\u95e8\u6e90\u660c\u51ef\u5bbe\u65af\u57fa\u5927\u9152\u5e97", "order_time": ["2019-01-08 07:14:48"], "total_order": 1, "hotel_value": ["4.7"], "hotel_price": ["1015"]}, "10906517": {"hotel_name": "\u53a6\u95e8\u9e6d\u5c9b\u522b\u82d1\u6d77\u8fb9\u5ea6\u5047\u522b\u5885", "order_time": ["2019-01-08 07:14:48"], "total_order": 1, "hotel_value": ["4.9"], "hotel_price": ["129"]}, "5435657": {"hotel_name": "\u9f13\u6d6a\u5c7f\u5706\u6c99\u6d32\u4e3b\u9898\u522b\u5885", "order_time": ["2019-01-08 07:14:49"], "total_order": 1, "hotel_value": ["4.9"], "hotel_price": ["178"]}, "427947": {"hotel_name": "\u53a6\u95e8\u56fd\u9645\u4f1a\u8bae\u4e2d\u5fc3\u9152\u5e97", "order_time": ["2019-01-08 07:14:49"], "total_order": 1, "hotel_value": ["4.8"], "hotel_price": ["599"]}, "2278630": {"hotel_name": "\u53a6\u95e8\u5149\u76d0\u6c11\u5bbf(\u539f\u540e\u9662\u5496\u5561\u65c5\u9986)", "order_time": ["2019-01-08 07:14:49"], "total_order": 1, "hotel_value": ["4.4"], "hotel_price": ["114"]}, "431965": {"hotel_name": "\u53a6\u95e8\u7f8e\u4ed1\u7693\u6656\u9152\u5e97", "order_time": ["2019-01-08 07:16:48"], "total_order": 1, "hotel_value": ["4.7"], "hotel_price": ["198"]}, "5639861": {"hotel_name": "\u53a6\u95e8\u66fe\u539d\u57b5\u63fd\u6d77\u542c\u98ce\u56fd\u9645\u9752\u5e74\u65c5\u820d", "order_time": ["2019-01-08 07:16:50"], "total_order": 1, "hotel_value": ["4.7"], "hotel_price": ["38"]}, "387242": {"hotel_name": "\u53a6\u95e8\u4e1c\u5357\u4e9a\u5927\u9152\u5e97", "order_time": ["2019-01-08 07:16:50"], "total_order": 1, "hotel_value": ["4.5"], "hotel_price": ["299"]}, "1299817": {"hotel_name": "\u5408\u4f73\u9152\u5e97(\u53a6\u95e8\u673a\u573a\u5e97)", "order_time": ["2019-01-08 07:18:48"], "total_order": 1, "hotel_value": ["4.0"], "hotel_price": ["190"]}, "429652": {"hotel_name": "\u590f\u5546\u00b7\u6021\u5ead\u5feb\u6377\u9152\u5e97(\u53a6\u95e8\u4e2d\u5c71\u8def\u767d\u5170\u5e97)", "order_time": ["2019-01-08 07:18:48"], "total_order": 1, "hotel_value": ["4.4"], "hotel_price": ["126"]}, "436632": {"hotel_name": "\u53a6\u95e8\u4e07\u4f73\u4e1c\u65b9\u9152\u5e97", "order_time": ["2019-01-08 07:18:48"], "total_order": 1, "hotel_value": ["4.4"], "hotel_price": ["182"]}, "375296": {"hotel_name": "\u53a6\u95e8\u65e5\u822a\u9152\u5e97", "order_time": ["2019-01-08 07:18:49"], "total_order": 1, "hotel_value": ["4.6"], "hotel_price": ["598"]}, "5979762": {"hotel_name": "\u53a6\u95e8\u5927\u5b66\u4e91\u4e0a\u6d77\u5c45", "order_time": ["2019-01-08 07:18:49"], "total_order": 1, "hotel_value": ["4.8"], "hotel_price": ["313"]}}}