{"\u5f00\u59cb\u8bb0\u5f55\u65f6\u95f4": "2019-01-07 22:59:32", "\u7ed3\u675f\u8bb0\u5f55\u65f6\u95f4": "2019-01-07 23:59:32", "\u8ba2\u5355\u603b\u589e\u91cf": 331, "item": {"13912439": {"hotel_name": "\u53a6\u95e8\u6620\u96ea\u8f7b\u5962\u9152\u5e97", "order_time": ["2019-01-07 23:01:39"], "total_order": 1, "hotel_value": ["4.9"], "hotel_price": ["999"]}, "21332906": {"hotel_name": "\u53a6\u95e8\u65af\u7ef4\u767b\u5ea6\u5047\u9152\u5e97(\u678b\u6e56\u8f66\u7ad9\u4f18\u671b\u5e97)", "order_time": ["2019-01-07 23:01:39"], "total_order": 1, "hotel_value": ["4.8"], "hotel_price": ["227"]}, "441273": {"hotel_name": "\u9510\u601d\u7279\u00b7\u9038\u81f4\u9152\u5e97(\u53a6\u95e8\u4e2d\u5c71\u8def\u5e97)", "order_time": ["2019-01-07 23:09:39", "2019-01-07 23:01:40"], "total_order": 2, "hotel_value": ["4.8", "4.8"], "hotel_price": ["180", "180"]}, "428302": {"hotel_name": "\u53a6\u95e8\u706b\u8f66\u7ad9\u4e9a\u6735\u8f7b\u5c45\u9152\u5e97", "order_time": ["2019-01-07 23:01:40"], "total_order": 1, "hotel_value": ["4.9"], "hotel_price": ["453"]}, "1406475": {"hotel_name": "\u53a6\u95e8886\u7cbe\u54c1\u9152\u5e97", "order_time": ["2019-01-07 23:01:40"], "total_order": 1, "hotel_value": ["3.7"], "hotel_price": ["135"]}, "1613814": {"hotel_name": "\u7231\u83f2\u513f\u5ea6\u5047\u9152\u5e97(\u53a6\u95e8\u9f13\u6d6a\u5c7f1930\u5e97)", "order_time": ["2019-01-07 23:01:40"], "total_order": 1, "hotel_value": ["4.6"], "hotel_price": ["386"]}, "11236140": {"hotel_name": "\u53a6\u95e8\u5bbf\u5fc3\u820d\u5ba2\u6808", "order_time": ["2019-01-07 23:01:40"], "total_order": 1, "hotel_value": ["4.7"], "hotel_price": ["97"]}, "15878927": {"hotel_name": "\u53a6\u95e8\u5929\u5408\u4eba\u5bb6\u516c\u5bd3", "order_time": ["2019-01-07 23:01:40"], "total_order": 1, "hotel_value": ["4.8"], "hotel_price": ["138"]}, "2000401": {"hotel_name": "\u5586\u5561\u9152\u5e97(\u53a6\u95e8\u9f13\u6d6a\u5c7f\u4e2d\u5c71\u8def\u7b2c\u4e00\u7801\u5934\u5e97)", "order_time": ["2019-01-07 23:01:40"], "total_order": 1, "hotel_value": ["4.7"], "hotel_price": ["198"]}, "4614134": {"hotel_name": "\u53a6\u95e8\u6cd5\u5c14\u8d5b\u7687\u5bb6\u5ea6\u5047\u522b\u5885", "order_time": ["2019-01-07 23:01:40"], "total_order": 1, "hotel_value": ["4.9"], "hotel_price": ["125"]}, "2338764": {"hotel_name": "\u53a6\u95e8\u7eb3\u5ba2\u56fd\u9645\u9752\u5e74\u65c5\u820d", "order_time": ["2019-01-07 23:01:40"], "total_order": 1, "hotel_value": ["4.5"], "hotel_price": ["29"]}, "1406082": {"hotel_name": "\u53a6\u95e8\u8c37\u8010\u9152\u5e97(\u539f\u5174\u4e07\u666f\u9152\u5e97)", "order_time": ["2019-01-07 23:01:40"], "total_order": 1, "hotel_value": ["4.3"], "hotel_price": ["95"]}, "1073749": {"hotel_name": "\u822a\u6210\u7cbe\u54c1\u9152\u5e97(\u53a6\u95e8\u673a\u573a\u81ea\u8d38\u533a\u5e97)", "order_time": ["2019-01-07 23:01:40"], "total_order": 1, "hotel_value": ["4.2"], "hotel_price": ["185"]}, "6075104": {"hotel_name": "\u53a6\u95e8\u71d5\u00b7\u9752\u5e74\u65c5\u820d", "order_time": ["2019-01-07 23:01:41"], "total_order": 1, "hotel_value": ["4.7"], "hotel_price": ["49"]}, "1389218": {"hotel_name": "\u53a6\u95e8\u5eb7\u96c5\u9152\u5e97", "order_time": ["2019-01-07 23:01:41"], "total_order": 1, "hotel_value": ["4.5"], "hotel_price": ["162"]}, "708165": {"hotel_name": "\u53a6\u95e8\u8def\u5ba2Lotel\u00b7\u542c\u6d9b\u5c0f\u7b51\u6d77\u666f\u5ba2\u6808", "order_time": ["2019-01-07 23:01:41", "2019-01-07 23:47:40"], "total_order": 2, "hotel_value": ["4.3", "4.3"], "hotel_price": ["236", "236"]}, "346257": {"hotel_name": "\u53a6\u95e8\u6d77\u666f\u5343\u79a7\u5927\u9152\u5e97", "order_time": ["2019-01-07 23:01:43"], "total_order": 1, "hotel_value": ["4.5"], "hotel_price": ["610"]}, "425692": {"hotel_name": "\u53a6\u95e8\u6d77\u60a6\u5c71\u5e84\u9152\u5e97", "order_time": ["2019-01-07 23:03:39", "2019-01-07 23:09:39", "2019-01-07 23:23:39"], "total_order": 3, "hotel_value": ["4.8", "4.8", "4.8"], "hotel_price": ["882", "882", "882"]}, "437446": {"hotel_name": "\u53a6\u95e8\u4f70\u7fd4\u8f6f\u4ef6\u56ed\u9152\u5e97", "order_time": ["2019-01-07 23:03:39"], "total_order": 1, "hotel_value": ["4.7"], "hotel_price": ["380"]}, "15841262": {"hotel_name": "\u53a6\u95e8\u8c6a\u5ef7\u5ea6\u5047\u522b\u5885", "order_time": ["2019-01-07 23:03:39"], "total_order": 1, "hotel_value": ["4.9"], "hotel_price": ["149"]}, "4817706": {"hotel_name": "\u53a6\u95e8\u4e09\u4e2a\u53a6\u5927\u4ebakiwi\u6c11\u5bbf", "order_time": ["2019-01-07 23:03:39"], "total_order": 1, "hotel_value": ["4.9"], "hotel_price": ["529"]}, "2297567": {"hotel_name": "\u65af\u94c2\u745e\u57ce\u5e02\u9152\u5e97(\u53a6\u95e8\u4e2d\u5c71\u516c\u56ed\u5730\u94c1\u7ad9\u5e97)(\u539f\u4e2d\u5c71\u8def\u6b65\u884c\u8857\u5e97)", "order_time": ["2019-01-07 23:03:39"], "total_order": 1, "hotel_value": ["4.7"], "hotel_price": ["128"]}, "6483107": {"hotel_name": "\u53a6\u95e8\u6234\u66fc\u65af\u7cbe\u54c1\u9152\u5e97", "order_time": ["2019-01-07 23:03:39", "2019-01-07 23:11:41"], "total_order": 2, "hotel_value": ["4.6", "4.6"], "hotel_price": ["164", "197"]}, "23625312": {"hotel_name": "\u53a6\u95e8\u4e91\u820d\u96c5\u5c45\u516c\u5bd3", "order_time": ["2019-01-07 23:03:39"], "total_order": 1, "hotel_value": ["4.7"], "hotel_price": ["119"]}, "26556315": {"hotel_name": "\u9f13\u6d6a\u5c7f\u62fe\u672b\u65c5\u9986", "order_time": ["2019-01-07 23:03:39", "2019-01-07 23:17:41"], "total_order": 2, "hotel_value": ["4.9", "4.9"], "hotel_price": ["256", "256"]}, "12052834": {"hotel_name": "\u53a6\u95e8oneday\u6d77\u7720\u8bbe\u8ba1\u5e08\u9152\u5e97", "order_time": ["2019-01-07 23:03:39"], "total_order": 1, "hotel_value": ["4.6"], "hotel_price": ["256"]}, "473274": {"hotel_name": "\u53a6\u95e8\u65e5\u4e1c\u82b1\u56ed\u9152\u5e97(\u81ea\u9a7e\u8f66\u4e3b\u9898\u9152\u5e97)", "order_time": ["2019-01-07 23:03:39"], "total_order": 1, "hotel_value": ["4.5"], "hotel_price": ["280"]}, "427501": {"hotel_name": "\u53a6\u95e8\u9187\u6d77\u5cb8\u7cbe\u54c1\u9152\u5e97", "order_time": ["2019-01-07 23:03:39"], "total_order": 1, "hotel_value": ["4.9"], "hotel_price": ["217"]}, "8568943": {"hotel_name": "\u53a6\u95e8\u6c90\u9752\u67ab\u5916\u6d77\u96c5\u5885\u522b\u5885", "order_time": ["2019-01-07 23:03:40"], "total_order": 1, "hotel_value": ["4.6"], "hotel_price": ["154"]}, "28565834": {"hotel_name": "\u53a6\u95e8\u559c\u7f8e\u7f8e\u5c45\u9152\u5e97", "order_time": ["2019-01-07 23:03:40"], "total_order": 1, "hotel_value": ["5.0"], "hotel_price": ["382"]}, "2301312": {"hotel_name": "\u57ce\u5e02\u4fbf\u6377\u9152\u5e97(\u53a6\u95e8\u79be\u7965\u897f\u8def\u5e97)", "order_time": ["2019-01-07 23:03:40"], "total_order": 1, "hotel_value": ["4.3"], "hotel_price": ["170"]}, "346248": {"hotel_name": "\u53a6\u95e8\u6cf0\u8c37\u9152\u5e97", "order_time": ["2019-01-07 23:03:40", "2019-01-07 23:05:44"], "total_order": 2, "hotel_value": ["4.7", "4.7"], "hotel_price": ["398", "398"]}, "6819686": {"hotel_name": "\u53a6\u95e8\u6162\u751f\u6d3b\u00b7\u51e1\u6734\u5ea6\u5047\u522b\u5885", "order_time": ["2019-01-07 23:03:40"], "total_order": 1, "hotel_value": ["4.9"], "hotel_price": ["286"]}, "6414490": {"hotel_name": "\u9f13\u6d6a\u5c7f\u5c0f\u6843\u6e90\u65c5\u9986(\u539f\u7231\u4e3d\u4e1d\u65c5\u9986)", "order_time": ["2019-01-07 23:03:42"], "total_order": 1, "hotel_value": ["4.3"], "hotel_price": ["32"]}, "24034391": {"hotel_name": "\u53a6\u95e8\u6c34\u6728\u6d77\u666f\u9152\u5e97", "order_time": ["2019-01-07 23:03:42", "2019-01-07 23:09:39"], "total_order": 2, "hotel_value": ["4.7", "4.7"], "hotel_price": ["227", "227"]}, "457612": {"hotel_name": "\u53a6\u95e8\u4e94\u7f18\u6c34\u4e61\u9152\u5e97", "order_time": ["2019-01-07 23:05:39"], "total_order": 1, "hotel_value": ["4.9"], "hotel_price": ["899"]}, "1486929": {"hotel_name": "\u6c49\u5ead\u4f18\u4f73\u9152\u5e97(\u53a6\u95e8\u4e2d\u5c71\u8def\u6b65\u884c\u8857\u5e97)", "order_time": ["2019-01-07 23:05:39"], "total_order": 1, "hotel_value": ["4.7"], "hotel_price": ["254"]}, "1807300": {"hotel_name": "\u53a6\u95e8\u9e6d\u99a8\u5ba2\u6808", "order_time": ["2019-01-07 23:05:40"], "total_order": 1, "hotel_value": ["4.7"], "hotel_price": ["84"]}, "10201435": {"hotel_name": "\u53a6\u95e8\u4f70\u7fd4\u4e94\u901a\u9152\u5e97", "order_time": ["2019-01-07 23:05:40", "2019-01-07 23:05:44"], "total_order": 2, "hotel_value": ["4.7", "4.7"], "hotel_price": ["609", "609"]}, "467592": {"hotel_name": "\u53a6\u95e8\u7f8e\u4ed1\u91d1\u60a6\u9152\u5e97", "order_time": ["2019-01-07 23:07:42", "2019-01-07 23:05:40", "2019-01-07 23:05:44"], "total_order": 3, "hotel_value": ["4.7", "4.7", "4.7"], "hotel_price": ["178", "178", "178"]}, "7123043": {"hotel_name": "\u53a6\u95e8\u9e6d\u6c5f\u00b7\u4f72\u5bb6\u9152\u5e97", "order_time": ["2019-01-07 23:05:40", "2019-01-07 23:05:44"], "total_order": 2, "hotel_value": ["4.7", "4.7"], "hotel_price": ["639", "639"]}, "8393168": {"hotel_name": "\u53a6\u95e8\u5317\u7ad9\u9ed1\u77f3\u5047\u65e5\u7cbe\u54c1\u9152\u5e97", "order_time": ["2019-01-07 23:05:40"], "total_order": 1, "hotel_value": ["4.6"], "hotel_price": ["138"]}, "6442457": {"hotel_name": "\u9f13\u6d6a\u5c7f\u6709\u68f5\u6811\u00b7\u65e0\u5c9a\u9152\u5e97", "order_time": ["2019-01-07 23:05:41", "2019-01-07 23:13:40"], "total_order": 2, "hotel_value": ["4.8", "4.8"], "hotel_price": ["225", "225"]}, "2382631": {"hotel_name": "\u53a6\u95e8\u6e56\u8fb9\u5c0f\u5c45\u516c\u5bd3", "order_time": ["2019-01-07 23:05:41"], "total_order": 1, "hotel_value": ["4.3"], "hotel_price": ["84"]}, "2890185": {"hotel_name": "\u6021\u5bb6\u516c\u5bd3(\u53a6\u95e8\u673a\u573a\u5e97)", "order_time": ["2019-01-07 23:05:42"], "total_order": 1, "hotel_value": ["4.6"], "hotel_price": ["103"]}, "6516890": {"hotel_name": "\u5168\u5b63\u9152\u5e97(\u53a6\u95e8SM\u5e7f\u573a\u677e\u67cf\u5e97)", "order_time": ["2019-01-07 23:05:42"], "total_order": 1, "hotel_value": ["4.8"], "hotel_price": ["322"]}, "428893": {"hotel_name": "\u53a6\u95e8\u5bbe\u9986", "order_time": ["2019-01-07 23:05:43"], "total_order": 1, "hotel_value": ["4.8"], "hotel_price": ["488"]}, "6112181": {"hotel_name": "\u53a6\u95e8\u6c38\u4e3d\u8fbe\u4e3d\u5448\u9152\u5e97", "order_time": ["2019-01-07 23:13:40", "2019-01-07 23:05:44"], "total_order": 2, "hotel_value": ["4.8", "4.8"], "hotel_price": ["439", "439"]}, "429225": {"hotel_name": "\u53a6\u95e8\u9e6d\u6c5f\u5bbe\u9986", "order_time": ["2019-01-07 23:09:39", "2019-01-07 23:05:44"], "total_order": 2, "hotel_value": ["4.8", "4.8"], "hotel_price": ["525", "525"]}, "431965": {"hotel_name": "\u53a6\u95e8\u7f8e\u4ed1\u7693\u6656\u9152\u5e97", "order_time": ["2019-01-07 23:05:44"], "total_order": 1, "hotel_value": ["4.7"], "hotel_price": ["219"]}, "440397": {"hotel_name": "\u7231\u4e01\u5821\u9152\u5e97(\u53a6\u95e8\u53a6\u9f13\u7801\u5934\u5e97)(\u539f\u9890\u9526\u9152\u5e97)", "order_time": ["2019-01-07 23:07:41", "2019-01-07 23:23:40"], "total_order": 2, "hotel_value": ["4.6", "4.6"], "hotel_price": ["104", "104"]}, "3802030": {"hotel_name": "\u53a6\u95e8\u53ef\u5c45\u9152\u5e97", "order_time": ["2019-01-07 23:07:41", "2019-01-07 23:33:38"], "total_order": 2, "hotel_value": ["4.6", "4.6"], "hotel_price": ["163", "163"]}, "1535935": {"hotel_name": "\u6c49\u5ead\u9152\u5e97(\u53a6\u95e8\u96c6\u7f8e\u5b66\u6751\u5e97)", "order_time": ["2019-01-07 23:07:41"], "total_order": 1, "hotel_value": ["4.6"], "hotel_price": ["167"]}, "2083381": {"hotel_name": "\u53a6\u95e8\u534a\u5761\u5c0f\u7b51", "order_time": ["2019-01-07 23:07:41"], "total_order": 1, "hotel_value": ["4.7"], "hotel_price": ["84"]}, "6820630": {"hotel_name": "\u53a6\u95e8\u90a3\u53a2\u6d77\u666f\u5ea6\u5047\u6c11\u5bbf", "order_time": ["2019-01-07 23:07:42"], "total_order": 1, "hotel_value": ["4.7"], "hotel_price": ["768"]}, "15248848": {"hotel_name": "\u53a6\u95e8\u5982\u5f52\u6d77\u5885\u5ba2\u6808", "order_time": ["2019-01-07 23:07:42"], "total_order": 1, "hotel_value": ["4.9"], "hotel_price": ["214"]}, "1639388": {"hotel_name": "\u4e03\u946b\u5929\u9152\u5e97(\u53a6\u95e8\u673a\u573a\u5e97)", "order_time": ["2019-01-07 23:07:42"], "total_order": 1, "hotel_value": ["4.4"], "hotel_price": ["126"]}, "6085631": {"hotel_name": "\u53a6\u95e8\u5bb8\u6d32\u6d32\u9645\u9152\u5e97", "order_time": ["2019-01-07 23:07:42"], "total_order": 1, "hotel_value": ["4.7"], "hotel_price": ["944"]}, "2251186": {"hotel_name": "\u5343\u5c7f\u00b7\u53a6\u95e8\u5174\u9605\u5bbe\u9986", "order_time": ["2019-01-07 23:07:43"], "total_order": 1, "hotel_value": ["3.6"], "hotel_price": ["79"]}, "2878018": {"hotel_name": "\u53a6\u95e8\u9f99\u7fd4\u4f4f\u5bbf", "order_time": ["2019-01-07 23:07:44"], "total_order": 1, "hotel_value": ["4.3"], "hotel_price": ["74"]}, "2593672": {"hotel_name": "\u592a\u7a7a\u8231\u9152\u5e97\uff08\u53a6\u95e8\u4e2d\u5c71\u8def\u8f6e\u6e21\u5e97\uff09", "order_time": ["2019-01-07 23:09:38"], "total_order": 1, "hotel_value": ["4.3"], "hotel_price": ["49"]}, "790389": {"hotel_name": "\u53a6\u95e8\u65f6\u4ee3\u96c5\u5c45\u9152\u5e97", "order_time": ["2019-01-07 23:09:38", "2019-01-07 23:17:41"], "total_order": 2, "hotel_value": ["4.6", "4.6"], "hotel_price": ["189", "189"]}, "392553": {"hotel_name": "\u6210\u65c5\u6676\u8d5e\u9152\u5e97(\u53a6\u95e8\u67ab\u60a6\u5e97)(\u539f\u67ab\u60a6\u5927\u9152\u5e97)", "order_time": ["2019-01-07 23:09:38"], "total_order": 1, "hotel_value": ["4.7"], "hotel_price": ["428"]}, "1529369": {"hotel_name": "\u5361\u6885\u8389\u4e9a\u65c5\u9986(\u53a6\u95e8\u4f17\u820d\u5e97(\u539f\u90bb\u6d77\u5c45\u5ba2\u6808)", "order_time": ["2019-01-07 23:09:38"], "total_order": 1, "hotel_value": ["4.9"], "hotel_price": ["179"]}, "26420349": {"hotel_name": "\u53a6\u95e8\u9038\u5ba2\u5ea6\u5047\u522b\u5885", "order_time": ["2019-01-07 23:09:38"], "total_order": 1, "hotel_value": ["5.0"], "hotel_price": ["158"]}, "448663": {"hotel_name": "\u53a6\u95e8\u60a6\u534e\u9152\u5e97", "order_time": ["2019-01-07 23:09:39"], "total_order": 1, "hotel_value": ["4.8"], "hotel_price": ["512"]}, "18475091": {"hotel_name": "\u53a6\u95e8\u4f0a\u5a1c\u5ea6\u5047\u516c\u5bd3(\u539f\u53a6\u95e8\u5317\u7ad9\u534e\u4fa8\u5927\u5b66\u4f0a\u5a1c\u516c\u5bd3)", "order_time": ["2019-01-07 23:09:39", "2019-01-07 23:11:41"], "total_order": 2, "hotel_value": ["4.3", "4.3"], "hotel_price": ["101", "101"]}, "1299817": {"hotel_name": "\u5408\u4f73\u9152\u5e97(\u53a6\u95e8\u673a\u573a\u5e97)", "order_time": ["2019-01-07 23:09:39"], "total_order": 1, "hotel_value": ["4.0"], "hotel_price": ["190"]}, "1183055": {"hotel_name": "\u53a6\u95e8\u946b\u535a\u96c5\u5927\u9152\u5e97(\u539f\u7687\u5ef7\u9152\u5e97)", "order_time": ["2019-01-07 23:09:39"], "total_order": 1, "hotel_value": ["4.2"], "hotel_price": ["233"]}, "2300982": {"hotel_name": "7\u5929\u8fde\u9501\u9152\u5e97(\u53a6\u95e8\u706b\u8f66\u7ad9\u6e56\u6ee8\u5357\u8def\u4e2d\u5c71\u533b\u9662\u5e97)", "order_time": ["2019-01-07 23:09:40"], "total_order": 1, "hotel_value": ["4.4"], "hotel_price": ["146"]}, "1430042": {"hotel_name": "\u53a6\u95e8\u4e8c\u8f7b\u996d\u5e97", "order_time": ["2019-01-07 23:09:42"], "total_order": 1, "hotel_value": ["4.1"], "hotel_price": ["101"]}, "2306991": {"hotel_name": "\u53a6\u95e8\u60a0\u5c45\u9a7f\u7ad9\u9152\u5e97", "order_time": ["2019-01-07 23:09:42"], "total_order": 1, "hotel_value": ["4.0"], "hotel_price": ["83"]}, "19019972": {"hotel_name": "\u53a6\u95e8\u5ea6\u7f8e\u00b7\u4e0e\u7af9\u77f3\u8bbe\u8ba1\u578b\u522b\u5885", "order_time": ["2019-01-07 23:11:40"], "total_order": 1, "hotel_value": ["5.0"], "hotel_price": ["278"]}, "8974594": {"hotel_name": "\u53a6\u95e8\u73ba\u4e30\u9152\u5e97", "order_time": ["2019-01-07 23:11:40"], "total_order": 1, "hotel_value": ["4.6"], "hotel_price": ["174"]}, "2313183": {"hotel_name": "\u53a6\u95e8\u5317\u7ad9\u6d6a\u6f2b\u5c0f\u5c4b\u7cbe\u54c1\u5ba2\u6808", "order_time": ["2019-01-07 23:11:40"], "total_order": 1, "hotel_value": ["4.9"], "hotel_price": ["89"]}, "436726": {"hotel_name": "\u53a6\u95e8\u9f13\u6d6a\u5c7f\u5370\u8c61\u95fd\u5357\u6c11\u4fd7\u5ba2\u6808", "order_time": ["2019-01-07 23:11:41", "2019-01-07 23:17:41"], "total_order": 2, "hotel_value": ["4.7", "4.7"], "hotel_price": ["141", "141"]}, "436700": {"hotel_name": "\u4ea6\u9014\u9152\u5e97(\u53a6\u95e8\u4f1a\u5c55\u4e2d\u5fc3\u52a0\u5dde\u5546\u4e1a\u5e7f\u573a\u5e97)", "order_time": ["2019-01-07 23:11:41"], "total_order": 1, "hotel_value": ["4.2"], "hotel_price": ["182"]}, "1498669": {"hotel_name": "\u53a6\u95e8\u5317\u7ad9\u548c\u798f\u5ba2\u6808", "order_time": ["2019-01-07 23:11:42"], "total_order": 1, "hotel_value": ["4.9"], "hotel_price": ["85"]}, "2297831": {"hotel_name": "\u5168\u5b63\u9152\u5e97(\u53a6\u95e8\u4e2d\u5c71\u8def\u6b65\u884c\u8857\u5e97)", "order_time": ["2019-01-07 23:11:42"], "total_order": 1, "hotel_value": ["4.8"], "hotel_price": ["313"]}, "17077993": {"hotel_name": "\u53a6\u95e8\u4e07\u8c6a\u9152\u5e97\u53ca\u4f1a\u8bae\u4e2d\u5fc3", "order_time": ["2019-01-07 23:11:42"], "total_order": 1, "hotel_value": ["4.6"], "hotel_price": ["1000"]}, "6484674": {"hotel_name": "\u53a6\u95e8\u8273\u540e\u4e3b\u9898\u5ba2\u6808", "order_time": ["2019-01-07 23:13:40"], "total_order": 1, "hotel_value": ["5.0"], "hotel_price": ["93"]}, "392554": {"hotel_name": "\u53a6\u95e8\u91d1\u745e\u4f73\u6cf0\u9152\u5e97(\u539f\u91d1\u5df4\u5170\u9152\u5e97)", "order_time": ["2019-01-07 23:13:40"], "total_order": 1, "hotel_value": ["4.5"], "hotel_price": ["299"]}, "5639861": {"hotel_name": "\u53a6\u95e8\u66fe\u539d\u57b5\u63fd\u6d77\u542c\u98ce\u56fd\u9645\u9752\u5e74\u65c5\u820d", "order_time": ["2019-01-07 23:13:40"], "total_order": 1, "hotel_value": ["4.7"], "hotel_price": ["38"]}, "2187819": {"hotel_name": "\u53a6\u95e8\u9f13\u6d6a\u5c7f\u7f18\u4e2d\u56ed\u4f11\u95f2\u5ea6\u5047\u522b\u5885", "order_time": ["2019-01-07 23:13:40"], "total_order": 1, "hotel_value": ["4.6"], "hotel_price": ["255"]}, "2535597": {"hotel_name": "\u901f\u65f6\u4ee3\u7cbe\u54c1\u5ba2\u6808(\u53a6\u95e8\u4e2d\u5c71\u8def\u5e97)", "order_time": ["2019-01-07 23:13:40"], "total_order": 1, "hotel_value": ["4.3"], "hotel_price": ["101"]}, "1435101": {"hotel_name": "\u53a6\u95e8\u5317\u7ad9\u68a6\u53a6\u5ba2\u6808", "order_time": ["2019-01-07 23:13:40"], "total_order": 1, "hotel_value": ["4.5"], "hotel_price": ["80"]}, "2299990": {"hotel_name": "\u53a6\u95e8\u60a6\u60a6\u946b\u9152\u5e97", "order_time": ["2019-01-07 23:13:40"], "total_order": 1, "hotel_value": ["4.7"], "hotel_price": ["98"]}, "976678": {"hotel_name": "\u5982\u5bb6\u7cbe\u9009\u9152\u5e97(\u53a6\u95e8\u83b2\u5742\u660e\u53d1\u5546\u4e1a\u5e7f\u573a\u5e97)", "order_time": ["2019-01-07 23:13:40"], "total_order": 1, "hotel_value": ["4.7"], "hotel_price": ["242"]}, "443638": {"hotel_name": "\u53a6\u95e8\u91d1\u6865\u82b1\u56ed\u9152\u5e97", "order_time": ["2019-01-07 23:13:41"], "total_order": 1, "hotel_value": ["4.5"], "hotel_price": ["298"]}, "1543547": {"hotel_name": "\u53a6\u95e8\u66fe\u539d\u57b5\u543e\u6797\u5ba2\u6808", "order_time": ["2019-01-07 23:13:41"], "total_order": 1, "hotel_value": ["4.9"], "hotel_price": ["129"]}, "5788864": {"hotel_name": "\u53a6\u95e8\u5eb7\u83b1\u5fb7\u9152\u5e97", "order_time": ["2019-01-07 23:13:41"], "total_order": 1, "hotel_value": ["4.7"], "hotel_price": ["1538"]}, "11288824": {"hotel_name": "\u53a6\u95e8\u66fe\u539d\u57b5\u96e8\u6c90\u7af9\u5ba2\u6808", "order_time": ["2019-01-07 23:13:42"], "total_order": 1, "hotel_value": ["4.9"], "hotel_price": ["157"]}, "5806184": {"hotel_name": "\u9177\u6d3e\u9152\u5e97(\u53a6\u95e8\u706b\u8f66\u7ad9\u68a7\u6751\u6c7d\u8f66\u7ad9\u5e97)", "order_time": ["2019-01-07 23:15:40"], "total_order": 1, "hotel_value": ["4.3"], "hotel_price": ["103"]}, "11164973": {"hotel_name": "\u53a6\u95e8\u8317\u00b7\u7d20hotel(\u539f\u827a\u5bbf\u5bb6hotel)", "order_time": ["2019-01-07 23:15:40"], "total_order": 1, "hotel_value": ["4.7"], "hotel_price": ["93"]}, "1603567": {"hotel_name": "\u53a6\u95e8\u7121\u4e8c\u00b7\u767d\u5c7f\u8bbe\u8ba1\u578b\u5ea6\u5047\u7f8e\u5885", "order_time": ["2019-01-07 23:15:40"], "total_order": 1, "hotel_value": ["5.0"], "hotel_price": ["266"]}, "898510": {"hotel_name": "\u6c49\u5ead\u9152\u5e97(\u53a6\u95e8\u4e07\u8c61\u57ce\u5e97)(\u539f\u706b\u8f66\u7ad9\u5317\u5e7f\u573a\u91d1\u699c\u8def\u5e97)", "order_time": ["2019-01-07 23:15:40"], "total_order": 1, "hotel_value": ["4.3"], "hotel_price": ["187"]}, "23841122": {"hotel_name": "\u53a6\u95e8\u8fe6\u9005\u00b7\u5019\u820d\u5ba2\u6808", "order_time": ["2019-01-07 23:15:40"], "total_order": 1, "hotel_value": ["4.9"], "hotel_price": ["114"]}, "1727502": {"hotel_name": "\u53a6\u95e8\u9f13\u6d6a\u5c7f\u9f13\u5c71\u6816\u65c5\u9986", "order_time": ["2019-01-07 23:15:41"], "total_order": 1, "hotel_value": ["4.8"], "hotel_price": ["420"]}, "12624286": {"hotel_name": "\u9a7f\u8d77\u9152\u5e97\uff08\u53a6\u95e8\u5317\u7ad9\u5e97\uff09", "order_time": ["2019-01-07 23:23:41", "2019-01-07 23:41:38", "2019-01-07 23:15:41", "2019-01-07 23:19:40"], "total_order": 4, "hotel_value": ["4.6", "4.6", "4.6", "4.6"], "hotel_price": ["159", "159", "159", "159"]}, "5324761": {"hotel_name": "\u53a6\u95e8\u798f\u5b89\u516c\u5bd3", "order_time": ["2019-01-07 23:15:41"], "total_order": 1, "hotel_value": ["4.6"], "hotel_price": ["78"]}, "474564": {"hotel_name": "\u53a6\u95e8\u4e88\u8f69\u9152\u5e97", "order_time": ["2019-01-07 23:15:41"], "total_order": 1, "hotel_value": ["4.5"], "hotel_price": ["158"]}, "4629197": {"hotel_name": "\u9f13\u6d6a\u5c7f\u8611\u83c7\u5496\u5561\u65c5\u9986", "order_time": ["2019-01-07 23:15:41"], "total_order": 1, "hotel_value": ["4.5"], "hotel_price": ["280"]}, "2076005": {"hotel_name": "\u9f13\u6d6a\u5c7f\u6d6e\u4e91\u65c5\u9986", "order_time": ["2019-01-07 23:15:41", "2019-01-07 23:19:40"], "total_order": 2, "hotel_value": ["4.6", "4.6"], "hotel_price": ["109", "109"]}, "13737625": {"hotel_name": "\u53a6\u95e8\u9686\u7965\u516c\u5bd3", "order_time": ["2019-01-07 23:15:43"], "total_order": 1, "hotel_value": [0], "hotel_price": ["71"]}, "1298704": {"hotel_name": "\u53a6\u95e8\u7f8e\u83f1\u6e7e\u9152\u5e97(\u539f\u4f1a\u5c55\u7f8e\u6797\u6e7e\u9152\u5e97)", "order_time": ["2019-01-07 23:17:41"], "total_order": 1, "hotel_value": ["4.4"], "hotel_price": ["272"]}, "744314": {"hotel_name": "\u5982\u5bb6\u5feb\u6377\u9152\u5e97(\u53a6\u95e8\u4e2d\u5c71\u8def\u6b65\u884c\u8857\u9547\u6d77\u8def\u5730\u94c1\u7ad9\u5e97)", "order_time": ["2019-01-07 23:17:41"], "total_order": 1, "hotel_value": ["4.4"], "hotel_price": ["139"]}, "375290": {"hotel_name": "\u53a6\u95e8\u5149\u5927\u9152\u5e97", "order_time": ["2019-01-07 23:17:41"], "total_order": 1, "hotel_value": ["4.4"], "hotel_price": ["220"]}, "12084605": {"hotel_name": "\u53a6\u95e8\u96c5\u5b50\u8f69\u7cbe\u54c1\u8fde\u9501\u9152\u5e97", "order_time": ["2019-01-07 23:17:41"], "total_order": 1, "hotel_value": ["4.9"], "hotel_price": ["124"]}, "5073003": {"hotel_name": "\u53a6\u95e8\u4e07\u8fbe\u60a6\u57ce\u9152\u5e97\u516c\u5bd3", "order_time": ["2019-01-07 23:17:41"], "total_order": 1, "hotel_value": ["4.5"], "hotel_price": ["175"]}, "6150330": {"hotel_name": "\u8bd7\u516c\u5bd3(\u53a6\u95e8\u673a\u573a\u5e97)", "order_time": ["2019-01-07 23:17:41"], "total_order": 1, "hotel_value": ["4.2"], "hotel_price": ["105"]}, "1738310": {"hotel_name": "\u53a6\u95e8\u9752\u5e74\u9633\u5149\u7cbe\u54c1\u5546\u52a1\u9152\u5e97(\u678b\u6e56\u5e97)", "order_time": ["2019-01-07 23:35:40", "2019-01-07 23:29:38", "2019-01-07 23:17:41"], "total_order": 3, "hotel_value": ["4.4", "4.4", "4.4"], "hotel_price": ["192", "192", "192"]}, "6485565": {"hotel_name": "\u9f13\u6d6a\u5c7f\u4e00\u7b51\u82b1\u56ed\u522b\u5885", "order_time": ["2019-01-07 23:17:41"], "total_order": 1, "hotel_value": ["4.6"], "hotel_price": ["151"]}, "2290174": {"hotel_name": "\u53a6\u95e8\u6676\u90a6\u5927\u9152\u5e97", "order_time": ["2019-01-07 23:19:39", "2019-01-07 23:17:41"], "total_order": 2, "hotel_value": ["3.9", "3.9"], "hotel_price": ["230", "230"]}, "25634381": {"hotel_name": "\u53a6\u95e8\u5927\u5b66\u82b8\u8d6b\u6c11\u5bbf", "order_time": ["2019-01-07 23:17:41"], "total_order": 1, "hotel_value": ["4.9"], "hotel_price": ["292"]}, "12780885": {"hotel_name": "\u53a6\u95e8\u7121\u4e8c\u00b7\u90a3\u6240\u9152\u5e97", "order_time": ["2019-01-07 23:17:41"], "total_order": 1, "hotel_value": ["4.9"], "hotel_price": ["380"]}, "6262851": {"hotel_name": "\u53a6\u95e8\u98de\u5bbf\u8fde\u9501\u5b89\u59ae\u00b7\u6735\u62c9\u5e84\u56ed", "order_time": ["2019-01-07 23:17:41"], "total_order": 1, "hotel_value": ["4.7"], "hotel_price": ["134"]}, "1728837": {"hotel_name": "\u6768\u6843\u9662\u5b50\u65c5\u9986(\u9f13\u6d6a\u5c7f\u4e2d\u534e\u7ea2\u58a8\u5e97)", "order_time": ["2019-01-07 23:17:41"], "total_order": 1, "hotel_value": ["4.8"], "hotel_price": ["360"]}, "1406188": {"hotel_name": "\u53a6\u95e8\u6b23\u4e91\u5cf0\u9152\u5e97", "order_time": ["2019-01-07 23:17:41"], "total_order": 1, "hotel_value": ["3.8"], "hotel_price": ["141"]}, "12622395": {"hotel_name": "\u53a6\u95e8\u71d5\u6816\u8bbe\u8ba1\u6c11\u5bbf", "order_time": ["2019-01-07 23:17:41"], "total_order": 1, "hotel_value": ["4.9"], "hotel_price": ["159"]}, "6599741": {"hotel_name": "\u6854\u5b50\u9152\u5e97\u00b7\u7cbe\u9009(\u53a6\u95e8\u4e2d\u5c71\u8def\u8f6e\u6e21\u7801\u5934\u5e97)(\u539f\u4e2d\u5c71\u8def\u6b65\u884c\u8857\u5e97)", "order_time": ["2019-01-07 23:39:39", "2019-01-07 23:17:41"], "total_order": 2, "hotel_value": ["4.8", "4.8"], "hotel_price": ["351", "351"]}, "436729": {"hotel_name": "\u4e2d\u5fb7\u8bb0\u5ea6\u5047\u522b\u5885(\u53a6\u95e8\u9f13\u6d6a\u5c7f\u9ec4\u5bb6\u82b1\u56ed\u5e97)", "order_time": ["2019-01-07 23:17:41"], "total_order": 1, "hotel_value": ["4.6"], "hotel_price": ["389"]}, "3243942": {"hotel_name": "\u4f0a\u79be\u9152\u5e97(\u53a6\u95e8\u4e2d\u5c71\u8def\u6b65\u884c\u8857\u5e97)", "order_time": ["2019-01-07 23:17:41"], "total_order": 1, "hotel_value": ["4.7"], "hotel_price": ["196"]}, "1860898": {"hotel_name": "\u901f8\u9152\u5e97(\u53a6\u95e8\u540c\u5b89\u5e97)", "order_time": ["2019-01-07 23:17:41"], "total_order": 1, "hotel_value": ["4.3"], "hotel_price": ["167"]}, "782154": {"hotel_name": "\u53a6\u95e8\u9752\u5e74\u9633\u5149\u7cbe\u54c1\u5546\u52a1\u9152\u5e97(\u677e\u67cf\u6c7d\u8f66\u5e97)", "order_time": ["2019-01-07 23:17:41"], "total_order": 1, "hotel_value": ["4.5"], "hotel_price": ["147"]}, "690163": {"hotel_name": "\u5168\u5b63\u9152\u5e97(\u53a6\u95e8\u673a\u573a\u6e56\u91cc\u5927\u9053\u5e97)", "order_time": ["2019-01-07 23:17:41"], "total_order": 1, "hotel_value": ["4.8"], "hotel_price": ["295"]}, "440903": {"hotel_name": "\u5b9c\u5fc5\u601d\u9152\u5e97(\u53a6\u95e8\u706b\u8f66\u7ad9\u9152\u5e97)", "order_time": ["2019-01-07 23:17:41"], "total_order": 1, "hotel_value": ["4.3"], "hotel_price": ["203"]}, "470613": {"hotel_name": "\u53a6\u95e8\u65b0\u4e2d\u6797\u5927\u9152\u5e97", "order_time": ["2019-01-07 23:17:41"], "total_order": 1, "hotel_value": ["4.3"], "hotel_price": ["360"]}, "4340519": {"hotel_name": "\u53a6\u95e8\u90a3\u6d77\u5ba2\u6808", "order_time": ["2019-01-07 23:17:41"], "total_order": 1, "hotel_value": ["4.7"], "hotel_price": ["87"]}, "5768651": {"hotel_name": "\u53a6\u95e8\u9047\u7f8e\u00b7\u6ca7\u6d77\u4e00\u5885", "order_time": ["2019-01-07 23:17:41"], "total_order": 1, "hotel_value": ["4.8"], "hotel_price": ["238"]}, "1386469": {"hotel_name": "\u5982\u5bb6\u5feb\u6377\u9152\u5e97(\u53a6\u95e8\u96c6\u7f8e\u5927\u5b66\u5e97)", "order_time": ["2019-01-07 23:17:41"], "total_order": 1, "hotel_value": ["4.4"], "hotel_price": ["114"]}, "428700": {"hotel_name": "\u5982\u5bb6\u5feb\u6377\u9152\u5e97(\u53a6\u95e8\u4e1c\u6e21\u9f13\u6d6a\u5c7f\u7801\u5934\u5e97)(\u539f\u4e1c\u6e21\u90ae\u8f6e\u4e2d\u5fc3\u53a6\u9f13\u7801\u5934\u5e97)", "order_time": ["2019-01-07 23:17:41"], "total_order": 1, "hotel_value": ["4.2"], "hotel_price": ["114"]}, "4656016": {"hotel_name": "\u53a6\u95e8\u5927\u5b66\u9e6d\u7720\u6d77\u666f\u9152\u5e97\u516c\u5bd3", "order_time": ["2019-01-07 23:17:41"], "total_order": 1, "hotel_value": ["4.7"], "hotel_price": ["292"]}, "5879743": {"hotel_name": "\u53a6\u95e8\u65b0\u5929\u9e45\u57ce\u5821\u5e84\u56ed", "order_time": ["2019-01-07 23:17:41"], "total_order": 1, "hotel_value": ["4.8"], "hotel_price": ["288"]}, "1586686": {"hotel_name": "\u53a6\u95e8\u60a6\u8c6a\u9152\u5e97", "order_time": ["2019-01-07 23:25:44", "2019-01-07 23:17:41"], "total_order": 2, "hotel_value": ["4.5", "4.5"], "hotel_price": ["232", "209"]}, "6955152": {"hotel_name": "\u53a6\u95e8\u541b\u96c5\u65f6\u5c1a\u9152\u5e97(\u539f\u4e98\u91d1\u9152\u5e97)", "order_time": ["2019-01-07 23:17:41"], "total_order": 1, "hotel_value": ["4.8"], "hotel_price": ["74"]}, "12140886": {"hotel_name": "\u53a6\u95e8\u9f13\u6d6a\u5c7f\u522b\u6837\u65c5\u9986", "order_time": ["2019-01-07 23:17:42"], "total_order": 1, "hotel_value": ["4.6"], "hotel_price": ["171"]}, "22762359": {"hotel_name": "\u53a6\u95e8\u9e6d\u5bbf\u516c\u5bd3", "order_time": ["2019-01-07 23:17:42"], "total_order": 1, "hotel_value": ["4.7"], "hotel_price": ["144"]}, "480994": {"hotel_name": "\u53a6\u95e8\u84dd\u8272\u6d77\u9752\u5e74\u65c5\u820d", "order_time": ["2019-01-07 23:17:42"], "total_order": 1, "hotel_value": ["4.4"], "hotel_price": ["66"]}, "5982442": {"hotel_name": "\u53a6\u95e8\u52aa\u52aa\u9752\u5e74\u65c5\u820d", "order_time": ["2019-01-07 23:17:42"], "total_order": 1, "hotel_value": ["4.7"], "hotel_price": ["52"]}, "11683122": {"hotel_name": "\u53a6\u95e8\u4e50\u5c7f\u4f11\u95f2\u5ba2\u6808(\u539f\u6d77\u9047\u82b1\u56ed\u522b\u5885)", "order_time": ["2019-01-07 23:17:42"], "total_order": 1, "hotel_value": ["4.8"], "hotel_price": ["114"]}, "5764803": {"hotel_name": "\u53a6\u95e8\u753b\u5eca\u65c5\u9986\u4e16\u5916\u6843\u6e90\u9986", "order_time": ["2019-01-07 23:17:44"], "total_order": 1, "hotel_value": ["4.9"], "hotel_price": ["158"]}, "1583166": {"hotel_name": "\u5982\u5bb6\u5feb\u6377\u9152\u5e97(\u53a6\u95e8\u4e2d\u5c71\u8def\u6b65\u884c\u8857\u5e97)", "order_time": ["2019-01-07 23:17:45"], "total_order": 1, "hotel_value": ["4.5"], "hotel_price": ["130"]}, "4041978": {"hotel_name": "\u901f8\u9152\u5e97\uff08\u53a6\u95e8\u673a\u573a\u6e56\u91cc\u5927\u9053\u5e97\uff09", "order_time": ["2019-01-07 23:19:39"], "total_order": 1, "hotel_value": ["4.3"], "hotel_price": ["187"]}, "387242": {"hotel_name": "\u53a6\u95e8\u4e1c\u5357\u4e9a\u5927\u9152\u5e97", "order_time": ["2019-01-07 23:19:39"], "total_order": 1, "hotel_value": ["4.5"], "hotel_price": ["299"]}, "929673": {"hotel_name": "\u5168\u5b63\u9152\u5e97(\u53a6\u95e8\u660e\u53d1\u5e7f\u573a\u5e97)", "order_time": ["2019-01-07 23:19:40"], "total_order": 1, "hotel_value": ["4.6"], "hotel_price": ["309"]}, "932008": {"hotel_name": "\u8003\u62c9\u9752\u5e74\u65c5\u820d(\u53a6\u95e8\u4e2d\u5c71\u8def\u6b65\u884c\u8857\u5e97)", "order_time": ["2019-01-07 23:19:40"], "total_order": 1, "hotel_value": ["4.5"], "hotel_price": ["49"]}, "4357909": {"hotel_name": "\u53a6\u95e8\u98de\u5bbf\u8fde\u9501\u5df4\u62c9\u7c73\u57ce\u5821\u5e84\u56ed", "order_time": ["2019-01-07 23:19:40"], "total_order": 1, "hotel_value": ["4.8"], "hotel_price": ["198"]}, "13657584": {"hotel_name": "\u53a6\u95e8\u79a7\u7f8e\u65f6\u5149\u9152\u5e97", "order_time": ["2019-01-07 23:19:40"], "total_order": 1, "hotel_value": ["4.6"], "hotel_price": ["203"]}, "4307939": {"hotel_name": "\u6d3e\u9152\u5e97(\u53a6\u95e8\u706b\u8f66\u7ad9\u5e97)", "order_time": ["2019-01-07 23:19:40"], "total_order": 1, "hotel_value": ["4.3"], "hotel_price": ["104"]}, "23928100": {"hotel_name": "\u53a6\u95e8\u91d1\u7f07\u4e3d\u4e1d\u6c11\u5bbf", "order_time": ["2019-01-07 23:19:41"], "total_order": 1, "hotel_value": ["4.5"], "hotel_price": ["216"]}, "2037107": {"hotel_name": "\u7231\u83f2\u513f\u5ea6\u5047\u9152\u5e97(\u9f13\u6d6a\u5c7f\u84dd\u5c7f\u5e97)", "order_time": ["2019-01-07 23:19:41"], "total_order": 1, "hotel_value": ["4.6"], "hotel_price": ["318"]}, "996605": {"hotel_name": "\u661f\u7a0b\u53a6\u95e8\u9f99\u90fd\u9152\u5e97", "order_time": ["2019-01-07 23:19:41"], "total_order": 1, "hotel_value": ["3.9"], "hotel_price": ["208"]}, "845501": {"hotel_name": "\u53a6\u95e8\u822b\u9633\u5927\u9152\u5e97", "order_time": ["2019-01-07 23:19:41"], "total_order": 1, "hotel_value": ["4.2"], "hotel_price": ["273"]}, "1733885": {"hotel_name": "\u53a6\u95e8\u4e00\u683c\u00b7\u5982\u6ea2\u9152\u5e97", "order_time": ["2019-01-07 23:19:41"], "total_order": 1, "hotel_value": ["4.7"], "hotel_price": ["159"]}, "717597": {"hotel_name": "\u53a6\u95e8\u5fa1\u79c1\u5885\u4eb2\u5b50\u5ea6\u5047\u522b\u5885", "order_time": ["2019-01-07 23:19:41"], "total_order": 1, "hotel_value": ["4.7"], "hotel_price": ["140"]}, "23941791": {"hotel_name": "\u53a6\u95e8\u5927\u718a\u7684\u516c\u5bd3", "order_time": ["2019-01-07 23:19:41"], "total_order": 1, "hotel_value": [0], "hotel_price": ["132"]}, "1646749": {"hotel_name": "\u53a6\u95e8\u89e3\u5fe7\u65c5\u820d(\u539f\u53a6\u5927\u8db4\u8db4\u8d70\u9752\u5e74\u65c5\u820d)", "order_time": ["2019-01-07 23:19:41"], "total_order": 1, "hotel_value": ["4.1"], "hotel_price": ["39"]}, "6476538": {"hotel_name": "\u53a6\u95e8\u5982\u5609\u5bbe\u9986", "order_time": ["2019-01-07 23:19:41"], "total_order": 1, "hotel_value": ["4.6"], "hotel_price": ["138"]}, "2073770": {"hotel_name": "\u53a6\u95e8\u4f70\u52a0\u4fe1\u5ba2\u6808", "order_time": ["2019-01-07 23:19:41"], "total_order": 1, "hotel_value": ["4.6"], "hotel_price": ["148"]}, "1926704": {"hotel_name": "\u9038\u7545\u9152\u5e97(\u53a6\u95e8\u5357\u5c71\u8def\u5e97)", "order_time": ["2019-01-07 23:19:41"], "total_order": 1, "hotel_value": ["4.6"], "hotel_price": ["132"]}, "12090705": {"hotel_name": "\u53a6\u95e8\u68a6\u60f3\u6d77\u8fb9\u5ba2\u6808(\u539f\u53a6\u95e8\u53a6\u5927\u6d77\u7f18\u6e7e\u7cbe\u54c1\u5ba2\u6808)", "order_time": ["2019-01-07 23:19:42"], "total_order": 1, "hotel_value": [0], "hotel_price": ["66"]}, "12673289": {"hotel_name": "\u53a6\u95e8\u6d77\u6ca7\u878d\u4fe1\u534e\u9091\u9152\u5e97", "order_time": ["2019-01-07 23:21:40"], "total_order": 1, "hotel_value": ["4.7"], "hotel_price": ["793"]}, "21132146": {"hotel_name": "\u5929\u57fa\u5fa1\u5ead\u9152\u5e97(\u53a6\u95e8\u83b2\u5742\u5730\u94c1\u7ad9\u5e97)", "order_time": ["2019-01-07 23:21:40"], "total_order": 1, "hotel_value": ["4.8"], "hotel_price": ["152"]}, "5773525": {"hotel_name": "\u53a6\u95e8\u7b80\u6808\u6c11\u5bbf", "order_time": ["2019-01-07 23:21:41"], "total_order": 1, "hotel_value": ["4.6"], "hotel_price": ["155"]}, "795575": {"hotel_name": "\u53a6\u95e8\u6e58\u79b9\u9152\u5e97", "order_time": ["2019-01-07 23:21:42"], "total_order": 1, "hotel_value": ["3.4"], "hotel_price": ["116"]}, "14261979": {"hotel_name": "\u53a6\u95e8\u7075\u73b2\u5927\u9152\u5e97", "order_time": ["2019-01-07 23:23:39"], "total_order": 1, "hotel_value": ["4.5"], "hotel_price": ["453"]}, "443333": {"hotel_name": "\u9752\u5e74\u9633\u5149\u8fde\u9501\u9152\u5e97(\u53a6\u95e8\u65b9\u7279\u68a6\u5e7b\u540c\u5b89\u5e97)(\u539f\u540c\u5b89\u5e97)", "order_time": ["2019-01-07 23:23:39"], "total_order": 1, "hotel_value": ["4.5"], "hotel_price": ["116"]}, "15849666": {"hotel_name": "\u5168\u5b63\u9152\u5e97(\u53a6\u95e8\u5317\u7ad9\u674f\u6797\u6e7e\u8def\u5e97)", "order_time": ["2019-01-07 23:23:39"], "total_order": 1, "hotel_value": ["4.7"], "hotel_price": ["322"]}, "451156": {"hotel_name": "\u9f13\u6d6a\u5c7f\u53a6\u6808\u56db\u5b63\u661f\u7a7a\u9152\u5e97", "order_time": ["2019-01-07 23:23:39"], "total_order": 1, "hotel_value": ["4.0"], "hotel_price": ["128"]}, "5701956": {"hotel_name": "\u53a6\u95e8\u9038\u8f69\u516c\u5bd3", "order_time": ["2019-01-07 23:23:40"], "total_order": 1, "hotel_value": ["4.3"], "hotel_price": ["107"]}, "11154781": {"hotel_name": "\u53a6\u95e8\u66fe\u539d\u57b5\u54c1\u97f5\u65e0\u58f0\u7d20\u96c5\u522b\u82d1", "order_time": ["2019-01-07 23:25:41", "2019-01-07 23:23:40"], "total_order": 2, "hotel_value": ["4.9", "4.9"], "hotel_price": ["179", "179"]}, "1910051": {"hotel_name": "\u53a6\u95e8\u65b0\u9f99\u95e8\u5bbe\u9986", "order_time": ["2019-01-07 23:23:41"], "total_order": 1, "hotel_value": ["4.2"], "hotel_price": ["98"]}, "22421704": {"hotel_name": "\u5168\u5b63\u9152\u5e97(\u53a6\u95e8\u4e2d\u5c71\u8def\u6b65\u884c\u8857\u601d\u660e\u5357\u8def\u5e97)", "order_time": ["2019-01-07 23:23:42"], "total_order": 1, "hotel_value": ["4.8"], "hotel_price": ["338"]}, "1346900": {"hotel_name": "\u53a6\u95e88090\u9152\u5e97", "order_time": ["2019-01-07 23:25:40"], "total_order": 1, "hotel_value": ["4.3"], "hotel_price": ["203"]}, "4337027": {"hotel_name": "\u9f13\u6d6a\u5c7f\u6e7e\u666f\u65c5\u9986", "order_time": ["2019-01-07 23:25:40"], "total_order": 1, "hotel_value": ["4.5"], "hotel_price": ["173"]}, "19517458": {"hotel_name": "\u53a6\u95e8\u601d\u5c7f\u9e6d", "order_time": ["2019-01-07 23:25:41"], "total_order": 1, "hotel_value": ["4.6"], "hotel_price": ["103"]}, "929710": {"hotel_name": "\u53a6\u95e8\u516b\u5c71\u9152\u5e97", "order_time": ["2019-01-07 23:25:41"], "total_order": 1, "hotel_value": ["4.1"], "hotel_price": ["171"]}, "1591342": {"hotel_name": "\u53a6\u95e8\u6d77\u4e4b\u60c5\u6d77\u666f\u5ba2\u6808(\u539f\u6d77\u4e4b\u60c5\u4e34\u6d77\u5ba2\u6808)", "order_time": ["2019-01-07 23:25:42"], "total_order": 1, "hotel_value": ["4.1"], "hotel_price": ["132"]}, "428274": {"hotel_name": "\u53a6\u95e8\u56fd\u9645\u4f1a\u5c55\u4e2d\u5fc3\u7f8e\u5c45\u9152\u5e97(\u539f\u5e7f\u83b1\u7f8e\u5c45\u9152\u5e97)", "order_time": ["2019-01-07 23:27:38"], "total_order": 1, "hotel_value": ["4.4"], "hotel_price": ["479"]}, "12229646": {"hotel_name": "\u6613\u4f70\u8fde\u9501\u65c5\u5e97(\u53a6\u95e8\u706b\u8f66\u7ad9\u6e56\u6ee8\u4e1c\u8def\u5e97)", "order_time": ["2019-01-07 23:27:38"], "total_order": 1, "hotel_value": ["4.0"], "hotel_price": ["73"]}, "467685": {"hotel_name": "\u53a6\u95e8\u767d\u9e6d\u6d32\u5927\u9152\u5e97", "order_time": ["2019-01-07 23:27:38", "2019-01-07 23:41:38"], "total_order": 2, "hotel_value": ["4.2", "4.2"], "hotel_price": ["352", "352"]}, "5205455": {"hotel_name": "Zsmart\u667a\u5c1a\u9152\u5e97(\u53a6\u95e8\u706b\u8f66\u7ad9\u83b2\u5742\u5730\u94c1\u7ad9\u5e97)", "order_time": ["2019-01-07 23:27:41"], "total_order": 1, "hotel_value": ["4.4"], "hotel_price": ["170"]}, "1857702": {"hotel_name": "\u53a6\u95e8\u5317\u7ad9\u534e\u6fe0\u56db\u5b63\u9152\u5e97", "order_time": ["2019-01-07 23:29:38"], "total_order": 1, "hotel_value": ["4.2"], "hotel_price": ["198"]}, "11674193": {"hotel_name": "\u53a6\u95e8\u5927\u5b66\u81f4\u6717\u6d77\u666f\u516c\u5bd3(\u539f\u4e16\u8302\u6d77\u5cb8\u5ea6\u5047\u9152\u5e97\u516c\u5bd3)", "order_time": ["2019-01-07 23:29:38"], "total_order": 1, "hotel_value": ["4.9"], "hotel_price": ["332"]}, "17892090": {"hotel_name": "\u9f13\u6d6a\u5c7f\u8d1d\u8717\u7cbe\u54c1\u6c11\u5bbf", "order_time": ["2019-01-07 23:29:38"], "total_order": 1, "hotel_value": ["4.7"], "hotel_price": ["200"]}, "1389209": {"hotel_name": "\u9526\u6c5f\u4e4b\u661f\u54c1\u5c1a(\u53a6\u95e8\u96c6\u7f8e\u5927\u5b66\u56fd\u8d38\u5e97)", "order_time": ["2019-01-07 23:29:38"], "total_order": 1, "hotel_value": ["4.6"], "hotel_price": ["189"]}, "1227390": {"hotel_name": "886\u7cbe\u54c1\u9152\u5e97(\u53a6\u95e8\u6d77\u6ca7\u533a\u653f\u5e9c\u5e97)", "order_time": ["2019-01-07 23:29:38"], "total_order": 1, "hotel_value": ["4.1"], "hotel_price": ["161"]}, "1410376": {"hotel_name": "\u82b1\u5ead\u65c5\u9986(\u9f13\u6d6a\u5c7f\u5b89\u6d77\u82b1\u56ed\u5e97)", "order_time": ["2019-01-07 23:29:38"], "total_order": 1, "hotel_value": ["4.6"], "hotel_price": ["211"]}, "608369": {"hotel_name": "\u53a6\u95e8\u540c\u5b89\u5e1d\u4e50\u9152\u5e97", "order_time": ["2019-01-07 23:29:39"], "total_order": 1, "hotel_value": ["4.2"], "hotel_price": ["260"]}, "1583164": {"hotel_name": "\u5982\u5bb6\u5feb\u6377\u9152\u5e97(\u53a6\u95e8\u53a6\u5927\u5357\u666e\u9640\u5bfa\u5e97)", "order_time": ["2019-01-07 23:29:39"], "total_order": 1, "hotel_value": ["4.3"], "hotel_price": ["147"]}, "26341130": {"hotel_name": "\u53a6\u95e8Sky High\u4e91\u5c1a\u5929\u9645\u9152\u5e97", "order_time": ["2019-01-07 23:43:38", "2019-01-07 23:29:39"], "total_order": 2, "hotel_value": [0, 0], "hotel_price": ["1360", "1360"]}, "1374267": {"hotel_name": "\u9526\u6c5f\u4e4b\u661f(\u53a6\u95e8\u9a6c\u5df7\u5e97)", "order_time": ["2019-01-07 23:41:39", "2019-01-07 23:29:39"], "total_order": 2, "hotel_value": ["4.3", "4.3"], "hotel_price": ["266", "266"]}, "346260": {"hotel_name": "\u53a6\u95e8\u745e\u9890\u5927\u9152\u5e97", "order_time": ["2019-01-07 23:31:37", "2019-01-07 23:43:38"], "total_order": 2, "hotel_value": ["4.7", "4.7"], "hotel_price": ["799", "799"]}, "847315": {"hotel_name": "\u5982\u5bb6\u5feb\u6377\u9152\u5e97(\u53a6\u95e8\u52b3\u52a8\u529b\u5927\u53a6\u83b2\u82b1\u5730\u94c1\u7ad9\u5e97)\uff08\u539f\u957f\u9752\u8def\u52b3\u52a8\u529b\u5927\u53a6\u5e97\uff09", "order_time": ["2019-01-07 23:31:38"], "total_order": 1, "hotel_value": ["4.3"], "hotel_price": ["122"]}, "2300469": {"hotel_name": "7\u5929\u8fde\u9501\u9152\u5e97(\u53a6\u95e8\u91d1\u5c1a\u5e97)", "order_time": ["2019-01-07 23:31:38"], "total_order": 1, "hotel_value": ["4.6"], "hotel_price": ["147"]}, "1741647": {"hotel_name": "\u53a6\u95e8\u6f2b\u6e21\u6734\u820d\u8bbe\u8ba1\u578b\u6c11\u5bbf", "order_time": ["2019-01-07 23:31:38"], "total_order": 1, "hotel_value": ["5.0"], "hotel_price": ["208"]}, "8011458": {"hotel_name": "\u53a6\u95e8\u5317\u7ad92048\u7cbe\u54c1\u9152\u5e97", "order_time": ["2019-01-07 23:31:38"], "total_order": 1, "hotel_value": ["4.7"], "hotel_price": ["96"]}, "1113183": {"hotel_name": "\u53a6\u95e8\u9547\u6d77\u63a5\u5f85\u7ad9", "order_time": ["2019-01-07 23:31:39"], "total_order": 1, "hotel_value": ["3.8"], "hotel_price": ["170"]}, "450155": {"hotel_name": "\u5982\u5bb6\u5feb\u6377\u9152\u5e97(\u53a6\u95e8\u4e2d\u5c71\u8def\u6e56\u6ee8\u897f\u8def\u5e97)", "order_time": ["2019-01-07 23:33:38"], "total_order": 1, "hotel_value": ["4.2"], "hotel_price": ["123"]}, "23571482": {"hotel_name": "\u53a6\u95e8\u5e78\u798f\u65f6\u5149\u516c\u5bd3", "order_time": ["2019-01-07 23:33:38"], "total_order": 1, "hotel_value": ["4.8"], "hotel_price": ["113"]}, "1893981": {"hotel_name": "\u53a6\u95e8\u9510\u00b7\u67cf\u8335\u9152\u5e97", "order_time": ["2019-01-07 23:33:38"], "total_order": 1, "hotel_value": ["4.4"], "hotel_price": ["147"]}, "6763972": {"hotel_name": "\u53a6\u95e8\u5317\u7ad9\u66fc\u5df4\u9152\u5e97", "order_time": ["2019-01-07 23:33:38"], "total_order": 1, "hotel_value": ["4.7"], "hotel_price": ["169"]}, "5607442": {"hotel_name": "\u53a6\u95e8oneday\u8584\u8377\u8bbe\u8ba1\u5e08\u6c11\u5bbf", "order_time": ["2019-01-07 23:33:39"], "total_order": 1, "hotel_value": ["4.7"], "hotel_price": ["382"]}, "1214333": {"hotel_name": "\u6709\u68f5\u6811\u5ead\u9662\u65c5\u9986(\u53a6\u95e8\u65e5\u6708\u8c37\u6e29\u6cc9\u5e97)", "order_time": ["2019-01-07 23:33:39"], "total_order": 1, "hotel_value": ["4.5"], "hotel_price": ["153"]}, "2097550": {"hotel_name": "\u53a6\u95e8\u6d6a\u6f2b\u90fd\u5e02\u9152\u5e97", "order_time": ["2019-01-07 23:33:40"], "total_order": 1, "hotel_value": ["4.0"], "hotel_price": ["119"]}, "2304389": {"hotel_name": "\u9038\u6ed4\u8fde\u9501\u9152\u5e97(\u53a6\u95e8\u83b2\u82b1\u5317\u8def\u5e97)", "order_time": ["2019-01-07 23:33:40"], "total_order": 1, "hotel_value": ["3.8"], "hotel_price": ["76"]}, "1314948": {"hotel_name": "\u5168\u5b63\u9152\u5e97(\u53a6\u95e8\u4f1a\u5c55\u4e2d\u5fc3\u83b2\u524d\u4e1c\u8def\u5e97)(\u539f\u4e9a\u4e01\u6e7e\u4e3b\u9898\u9152\u5e97)", "order_time": ["2019-01-07 23:35:40"], "total_order": 1, "hotel_value": ["4.8"], "hotel_price": ["309"]}, "2270943": {"hotel_name": "7\u5929\u4f18\u54c1\u9152\u5e97(\u53a6\u95e8\u601d\u660e\u5357\u8def\u53a6\u95e8\u5927\u5b66\u5e97)", "order_time": ["2019-01-07 23:35:40"], "total_order": 1, "hotel_value": ["4.4"], "hotel_price": ["131"]}, "2309440": {"hotel_name": "\u6613\u4f70\u8fde\u9501\u65c5\u5e97(\u53a6\u95e8\u6c5f\u5934\u540e\u57d4\u5e97)", "order_time": ["2019-01-07 23:35:41"], "total_order": 1, "hotel_value": ["3.3"], "hotel_price": ["92"]}, "2906054": {"hotel_name": "\u53a6\u95e8\u67ab\u548c\u6e90\u9152\u5e97", "order_time": ["2019-01-07 23:37:38"], "total_order": 1, "hotel_value": ["4.5"], "hotel_price": ["199"]}, "1728375": {"hotel_name": "\u6768\u6843\u9662\u5b50\u65c5\u9986(\u9f13\u6d6a\u5c7f\u590d\u5174\u53e4\u5821\u5e97)", "order_time": ["2019-01-07 23:37:38"], "total_order": 1, "hotel_value": ["4.8"], "hotel_price": ["280"]}, "1183602": {"hotel_name": "\u516b\u82f1\u91cc\u9152\u5e97(\u53a6\u95e8\u4e2d\u5c71\u8def\u5e97)", "order_time": ["2019-01-07 23:37:39"], "total_order": 1, "hotel_value": ["4.7"], "hotel_price": ["150"]}, "6023163": {"hotel_name": "\u53a6\u95e8\u5c1a\u5fb7\u8363\u9152\u5e97", "order_time": ["2019-01-07 23:37:39"], "total_order": 1, "hotel_value": ["4.5"], "hotel_price": ["159"]}, "800277": {"hotel_name": "7\u5929\u8fde\u9501\u9152\u5e97(\u53a6\u95e8\u540c\u5b89\u6c7d\u8f66\u7ad9\u5e97)", "order_time": ["2019-01-07 23:39:39"], "total_order": 1, "hotel_value": ["4.3"], "hotel_price": ["101"]}, "6839393": {"hotel_name": "\u5bb6\u5bb6\u4e50\u9152\u5e97\uff08\u53a6\u95e8\u4e2d\u5c71\u8def\u5347\u5e73\u5e97\uff09", "order_time": ["2019-01-07 23:39:39"], "total_order": 1, "hotel_value": ["4.4"], "hotel_price": ["118"]}, "771600": {"hotel_name": "\u53a6\u95e8\u6676\u88d5\u5546\u52a1\u9152\u5e97", "order_time": ["2019-01-07 23:39:39"], "total_order": 1, "hotel_value": ["4.1"], "hotel_price": ["110"]}, "3293024": {"hotel_name": "\u53a6\u95e8\u8239\u5c4b\u8001\u522b\u5885\u5bb6\u5ead\u65c5\u9986", "order_time": ["2019-01-07 23:39:40"], "total_order": 1, "hotel_value": ["4.7"], "hotel_price": ["163"]}, "2241046": {"hotel_name": "\u4e2d\u5357\u6e7e\u9152\u5e97(\u53a6\u95e8\u4e2d\u5c71\u8def\u5e97)", "order_time": ["2019-01-07 23:39:43"], "total_order": 1, "hotel_value": ["4.0"], "hotel_price": ["109"]}, "1478830": {"hotel_name": "\u53a6\u95e8\u9f13\u6d6a\u5c7f\u5c0f\u8309\u8389\u65c5\u9986", "order_time": ["2019-01-07 23:41:38"], "total_order": 1, "hotel_value": ["4.7"], "hotel_price": ["144"]}, "898132": {"hotel_name": "\u53a6\u95e8\u4e2d\u5fc3\u667a\u9009\u5047\u65e5\u9152\u5e97", "order_time": ["2019-01-07 23:41:39"], "total_order": 1, "hotel_value": [0], "hotel_price": ["459"]}, "1412208": {"hotel_name": "\u53a6\u95e8\u503e\u5883\u00b7\u66fe\u539d\u57b5\u6c11\u5bbf", "order_time": ["2019-01-07 23:41:39"], "total_order": 1, "hotel_value": ["4.9"], "hotel_price": ["223"]}, "1715589": {"hotel_name": "\u4f73\u6a59\u9152\u5e97(\u53a6\u95e8\u83b2\u82b1\u5e97)", "order_time": ["2019-01-07 23:41:39"], "total_order": 1, "hotel_value": ["4.4"], "hotel_price": ["131"]}, "2305392": {"hotel_name": "\u53a6\u95e8\u9f13\u6d6a\u5c7f\u9e6d\u98de\u56fd\u9645\u9752\u5e74\u65c5\u820d", "order_time": ["2019-01-07 23:41:39"], "total_order": 1, "hotel_value": ["4.4"], "hotel_price": ["64"]}, "22569916": {"hotel_name": "\u53a6\u95e8\u5feb\u4e50\u4e4b\u65c5\u4e3b\u9898\u516c\u5bd3", "order_time": ["2019-01-07 23:41:39"], "total_order": 1, "hotel_value": ["4.7"], "hotel_price": ["92"]}, "13868957": {"hotel_name": "\u53a6\u95e8\u652f\u95f4\u8bbe\u8ba1\u6c11\u5bbf(\u539f\u9752\u9edb\u8bbe\u8ba1\u516c\u5bd3)", "order_time": ["2019-01-07 23:41:39"], "total_order": 1, "hotel_value": ["4.7"], "hotel_price": ["192"]}, "2513527": {"hotel_name": "\u53a6\u95e8\u66fe\u539d\u57b5\u82b1\u8bed\u5ead\u7cbe\u54c1\u5ba2\u6808", "order_time": ["2019-01-07 23:41:39"], "total_order": 1, "hotel_value": ["4.7"], "hotel_price": ["80"]}, "6118144": {"hotel_name": "\u53a6\u95e8\u540c\u5b89\u7f8e\u4f26\u98ce\u5c1a\u9152\u5e97", "order_time": ["2019-01-07 23:41:39"], "total_order": 1, "hotel_value": ["3.8"], "hotel_price": ["187"]}, "6599503": {"hotel_name": "\u53a6\u95e8\u7396\u5bab\u9601\u6c11\u5bbf", "order_time": ["2019-01-07 23:41:39"], "total_order": 1, "hotel_value": ["4.8"], "hotel_price": ["108"]}, "2303456": {"hotel_name": "\u9f13\u6d6a\u5c7f\u739b\u96c5\u6f58\u5ea6\u5047\u65c5\u9986", "order_time": ["2019-01-07 23:41:39"], "total_order": 1, "hotel_value": ["4.7"], "hotel_price": ["62"]}, "4815087": {"hotel_name": "\u53a6\u95e8\u9f13\u6d6a\u5c7f\u6f2b\u6f2b\u60a0\u60a0\u65c5\u9986", "order_time": ["2019-01-07 23:41:39"], "total_order": 1, "hotel_value": ["4.8"], "hotel_price": ["150"]}, "11888775": {"hotel_name": "\u53a6\u95e8\u66fe\u539d\u57b5\u6d77\u5cb8\u82b1\u5f00\u5ba2\u6808", "order_time": ["2019-01-07 23:41:39"], "total_order": 1, "hotel_value": ["4.6"], "hotel_price": ["42"]}, "6843796": {"hotel_name": "\u9f13\u6d6a\u5c7f\u52a0\u5dde\u522b\u9662", "order_time": ["2019-01-07 23:41:39"], "total_order": 1, "hotel_value": ["4.1"], "hotel_price": ["172"]}, "1617016": {"hotel_name": "\u53a6\u95e8\u67da\u5b50\u90a6\u9152\u5e97\u516c\u5bd3", "order_time": ["2019-01-07 23:41:39"], "total_order": 1, "hotel_value": ["4.4"], "hotel_price": ["162"]}, "447308": {"hotel_name": "\u9014\u7a9d\u5047\u65e5\u9152\u5e97(\u53a6\u95e8\u9f13\u6d6a\u5c7f\u5e97)(\u539f\u9f13\u6d6a\u5c7f\u7f8e\u65e5\u9633\u5149\u65c5\u9986)", "order_time": ["2019-01-07 23:41:39"], "total_order": 1, "hotel_value": ["4.7"], "hotel_price": ["143"]}, "6150133": {"hotel_name": "\u53a6\u95e8\u6c38\u6cf0\u5bb6\u5feb\u6377\u9152\u5e97", "order_time": ["2019-01-07 23:41:39", "2019-01-07 23:51:39"], "total_order": 2, "hotel_value": ["4.0", "4.0"], "hotel_price": ["119", "119"]}, "15052788": {"hotel_name": "\u53a6\u95e8\u822c\u82e5\u706f\u5149\u5ba2\u6808", "order_time": ["2019-01-07 23:41:40"], "total_order": 1, "hotel_value": ["4.1"], "hotel_price": ["198"]}, "2101828": {"hotel_name": "\u53a6\u95e8\u69ad\u540e\u9152\u5e97", "order_time": ["2019-01-07 23:43:37"], "total_order": 1, "hotel_value": ["4.8"], "hotel_price": ["196"]}, "434812": {"hotel_name": "\u53a6\u95e8\u65e5\u6708\u8c37\u6e29\u6cc9\u6e21\u5047\u6751", "order_time": ["2019-01-07 23:43:37"], "total_order": 1, "hotel_value": ["4.7"], "hotel_price": ["901"]}, "2301881": {"hotel_name": "\u53a6\u95e8\u91d1\u6a59\u4e16\u7eaa\u9152\u5e97", "order_time": ["2019-01-07 23:43:39"], "total_order": 1, "hotel_value": ["3.8"], "hotel_price": ["131"]}, "5449230": {"hotel_name": "\u53a6\u95e8\u4e00\u683c\u6d77\u666f\u5ea6\u5047\u9a7f\u6808", "order_time": ["2019-01-07 23:43:39", "2019-01-07 23:51:38"], "total_order": 2, "hotel_value": ["4.9", "4.9"], "hotel_price": ["179", "179"]}, "21785723": {"hotel_name": "\u53a6\u95e8\u5e02\u53a6\u5927\u590f\u69bb\u5ea6\u5047\u522b\u5885", "order_time": ["2019-01-07 23:43:40"], "total_order": 1, "hotel_value": ["4.9"], "hotel_price": ["34"]}, "3066100": {"hotel_name": "\u53a6\u95e8\u9605\u6c5f\u9152\u5e97", "order_time": ["2019-01-07 23:45:41"], "total_order": 1, "hotel_value": ["4.0"], "hotel_price": ["105"]}, "2210292": {"hotel_name": "\u6d6a\u6f2b\u90fd\u5e02\u9152\u5e97\uff08\u53a6\u95e8\u96c6\u7f8e\u674f\u6797\u5e97\uff09", "order_time": ["2019-01-07 23:45:42"], "total_order": 1, "hotel_value": ["4.4"], "hotel_price": ["150"]}, "1510164": {"hotel_name": "\u53a6\u95e8\u66fe\u83f2\u513f\u82b1\u56ed\u9152\u5e97(\u539f\u7ea2\u7d20\u5ea6\u5047\u522b\u5885)", "order_time": ["2019-01-07 23:45:42"], "total_order": 1, "hotel_value": ["4.9"], "hotel_price": ["121"]}, "4814804": {"hotel_name": "\u6c49\u5ead\u9152\u5e97(\u53a6\u95e8\u4f1a\u5c55\u4e2d\u5fc3\u5e97)(\u539f\u5fb7\u5c45\u5bbe\u9986)", "order_time": ["2019-01-07 23:45:43"], "total_order": 1, "hotel_value": ["4.6"], "hotel_price": ["146"]}, "1352907": {"hotel_name": "\u53a6\u95e8\u9f13\u6d6a\u5c7f\u98ce\u67dc\u98df\u5ba2\u6808", "order_time": ["2019-01-07 23:45:45"], "total_order": 1, "hotel_value": ["4.8"], "hotel_price": ["198"]}, "1926681": {"hotel_name": "\u53a6\u95e8\u5eb7\u6052\u5efa\u7fa4\u9152\u5e97", "order_time": ["2019-01-07 23:47:38"], "total_order": 1, "hotel_value": ["3.5"], "hotel_price": ["113"]}, "5980198": {"hotel_name": "\u53a6\u95e8\u66fe\u539d\u57b5\u60a6\u5c45\u5ba2\u6808", "order_time": ["2019-01-07 23:47:39"], "total_order": 1, "hotel_value": ["4.7"], "hotel_price": ["94"]}, "878866": {"hotel_name": "\u53a6\u95e8\u94f6\u6d32\u65c5\u9986", "order_time": ["2019-01-07 23:47:39"], "total_order": 1, "hotel_value": ["4.5"], "hotel_price": ["119"]}, "17248082": {"hotel_name": "\u9f13\u6d6a\u5c7f\u90a3\u4e9b\u5e74\u4e00\u820d\u6c11\u5bbf", "order_time": ["2019-01-07 23:49:40", "2019-01-07 23:47:39"], "total_order": 2, "hotel_value": ["4.8", "4.8"], "hotel_price": ["276", "276"]}, "480520": {"hotel_name": "\u590f\u5546\u00b7\u6021\u5ead\u5feb\u6377\u9152\u5e97(\u83b2\u524d\u897f\u8def\u5e97)", "order_time": ["2019-01-07 23:47:39"], "total_order": 1, "hotel_value": ["3.9"], "hotel_price": ["84"]}, "447260": {"hotel_name": "\u590f\u5546\u00b7\u6021\u5ead\u5feb\u6377\u9152\u5e97(\u53a6\u95e8\u4e1c\u6e21\u90ae\u8f6e\u4e2d\u5fc3\u53a6\u9f13\u7801\u5934\u5e97)", "order_time": ["2019-01-07 23:47:39"], "total_order": 1, "hotel_value": ["4.1"], "hotel_price": ["136"]}, "11725294": {"hotel_name": "\u53a6\u95e8\u5c1a\u5ead\u9152\u5e97\u516c\u5bd3", "order_time": ["2019-01-07 23:47:39"], "total_order": 1, "hotel_value": ["4.8"], "hotel_price": ["190"]}, "779669": {"hotel_name": "\u6d77\u53cb\u826f\u54c1\u9152\u5e97(\u53a6\u95e8SM\u5e7f\u573a\u53f0\u6e7e\u8857\u5e97)", "order_time": ["2019-01-07 23:47:39"], "total_order": 1, "hotel_value": ["4.4"], "hotel_price": ["122"]}, "21341794": {"hotel_name": "\u53a6\u95e8\u4f34\u5c45\u6c11\u5bbf", "order_time": ["2019-01-07 23:47:39"], "total_order": 1, "hotel_value": ["4.9"], "hotel_price": ["260"]}, "848515": {"hotel_name": "\u53a6\u95e8\u9752\u82b1\u74f7\u5ea6\u5047\u5c4b(\u539f\u98ce\u60c5\u6d77\u6e7e\u5ba2\u6808)", "order_time": ["2019-01-07 23:47:39"], "total_order": 1, "hotel_value": ["4.8"], "hotel_price": ["84"]}, "5312033": {"hotel_name": "\u53a6\u95e8\u6c38\u4e30\u6d77\u6d0b\u5ba2\u6808", "order_time": ["2019-01-07 23:47:39"], "total_order": 1, "hotel_value": ["4.6"], "hotel_price": ["124"]}, "3181385": {"hotel_name": "7\u5929\u4f18\u54c1\u9152\u5e97(\u53a6\u95e8\u5c06\u519b\u7960\u5730\u94c1\u7ad9\u5e97)", "order_time": ["2019-01-07 23:47:39"], "total_order": 1, "hotel_value": ["4.5"], "hotel_price": ["170"]}, "12794277": {"hotel_name": "\u96e8\u679c\u9152\u5e97\u5f0f\u516c\u5bd3(\u53a6\u95e8\u4e07\u8fbe\u5e97)", "order_time": ["2019-01-07 23:47:39"], "total_order": 1, "hotel_value": ["4.6"], "hotel_price": ["147"]}, "6531873": {"hotel_name": "\u53a6\u95e8\u6469\u767b\u4e16\u5bb6\u8fde\u9501\u9152\u5e97\u706b\u8f66\u7ad9\u5e97", "order_time": ["2019-01-07 23:47:39"], "total_order": 1, "hotel_value": ["4.7"], "hotel_price": ["102"]}, "1248911": {"hotel_name": "\u53a6\u95e8\u9f13\u6d6a\u5c7f\u67d4\u8f6f\u65f6\u5149\u5ea6\u5047\u6d0b\u623f", "order_time": ["2019-01-07 23:47:39"], "total_order": 1, "hotel_value": ["4.8"], "hotel_price": ["185"]}, "1253260": {"hotel_name": "\u53a6\u95e8\u9f13\u6d6a\u5c7f\u5b50\u5b59\u6811\u8001\u522b\u5885", "order_time": ["2019-01-07 23:47:40"], "total_order": 1, "hotel_value": ["4.7"], "hotel_price": ["215"]}, "1389805": {"hotel_name": "\u53a6\u95e8\u53a6\u5927\u90bb\u6d77\u5ea6\u5047\u5c4b", "order_time": ["2019-01-07 23:47:41"], "total_order": 1, "hotel_value": ["4.5"], "hotel_price": ["91"]}, "1404947": {"hotel_name": "\u53a6\u95e8\u6d77\u8fb9\u8e0f\u6d6a\u5ba2\u6808", "order_time": ["2019-01-07 23:47:41"], "total_order": 1, "hotel_value": ["4.9"], "hotel_price": ["97"]}, "1207050": {"hotel_name": "\u5982\u5bb6\u5feb\u6377\u9152\u5e97(\u53a6\u95e8\u4f1a\u5c55\u4e2d\u5fc3\u83b2\u524d\u897f\u8def\u5e97)", "order_time": ["2019-01-07 23:49:40"], "total_order": 1, "hotel_value": ["4.7"], "hotel_price": ["106"]}, "23806720": {"hotel_name": "\u53a6\u95e8HITEL\u9152\u5e97", "order_time": ["2019-01-07 23:49:40"], "total_order": 1, "hotel_value": ["4.8"], "hotel_price": ["342"]}, "11089626": {"hotel_name": "\u53a6\u95e8\u5c14\u7fd4\u9152\u5e97", "order_time": ["2019-01-07 23:51:38"], "total_order": 1, "hotel_value": ["4.5"], "hotel_price": ["399"]}, "5678520": {"hotel_name": "\u53a6\u95e8\u5e03\u62c9\u5fb7\u5ea6\u5047\u522b\u5885", "order_time": ["2019-01-07 23:51:39"], "total_order": 1, "hotel_value": ["4.7"], "hotel_price": ["588"]}, "1047946": {"hotel_name": "\u53a6\u95e8\u91d1\u7396\u9152\u5e97", "order_time": ["2019-01-07 23:53:39"], "total_order": 1, "hotel_value": ["4.5"], "hotel_price": ["261"]}, "28134136": {"hotel_name": "\u53a6\u95e8\u8f6c\u89d2\u5c4b\u6c11\u5bbf", "order_time": ["2019-01-07 23:53:39"], "total_order": 1, "hotel_value": ["4.9"], "hotel_price": ["94"]}, "486719": {"hotel_name": "\u53a6\u95e8\u827e\u5c3c\u00b7\u58f9\u6c34\u6e7e\u5ea6\u5047\u9152\u5e97(\u539f\u5929\u6717\u58f9\u6c34\u6e7e\u9152\u5e97)", "order_time": ["2019-01-07 23:55:40"], "total_order": 1, "hotel_value": ["4.4"], "hotel_price": ["393"]}, "1519470": {"hotel_name": "\u53a6\u95e8\u66fe\u539d\u57b5\u9093\u59d0\u5bb6\u5ead\u9662\u5ba2\u6808", "order_time": ["2019-01-07 23:55:41"], "total_order": 1, "hotel_value": ["4.8"], "hotel_price": ["146"]}, "5979739": {"hotel_name": "\u53a6\u95e8\u4e2d\u5c71\u6545\u4e8b\u65c5\u820d", "order_time": ["2019-01-07 23:55:42"], "total_order": 1, "hotel_value": ["4.8"], "hotel_price": ["123"]}, "445332": {"hotel_name": "\u53a6\u95e8\u5357\u65b9\u9152\u5e97(\u4e2d\u5c71\u8def\u5e97)", "order_time": ["2019-01-07 23:55:42"], "total_order": 1, "hotel_value": ["3.5"], "hotel_price": ["132"]}, "1730041": {"hotel_name": "\u9f13\u6d6a\u5c7f\u6e29\u838e\u516c\u9986", "order_time": ["2019-01-07 23:55:45"], "total_order": 1, "hotel_value": [0], "hotel_price": ["197"]}, "703570": {"hotel_name": "\u53a6\u95e8\u79b9\u6d32\u5609\u7f8e\u4f26\u9152\u5e97\u516c\u5bd3", "order_time": ["2019-01-07 23:57:38"], "total_order": 1, "hotel_value": ["4.6"], "hotel_price": ["470"]}, "2363786": {"hotel_name": "\u4e00\u683c\u00b7\u5de2\u5bbf(\u53a6\u95e8\u66fe\u539d\u57b5\u5e97)", "order_time": ["2019-01-07 23:57:38"], "total_order": 1, "hotel_value": ["4.9"], "hotel_price": ["139"]}, "2588923": {"hotel_name": "\u9f13\u6d6a\u5c7f\u68a6\u5e84\u5ea6\u5047\u7f8e\u5bbf(\u539f\u9f13\u6d6a\u5c7f\u68a6\u5e84\u9152\u5e97)", "order_time": ["2019-01-07 23:57:38"], "total_order": 1, "hotel_value": ["4.9"], "hotel_price": ["176"]}, "458760": {"hotel_name": "\u827e\u601d\u987f\u9152\u5e97(\u53a6\u95e8\u4e2d\u5c71\u8def\u7f8e\u6e56\u5206\u5e97)", "order_time": ["2019-01-07 23:57:38"], "total_order": 1, "hotel_value": ["4.7"], "hotel_price": ["163"]}, "437770": {"hotel_name": "\u53a6\u95e8\u79be\u6b63\u5927\u9152\u5e97", "order_time": ["2019-01-07 23:57:38"], "total_order": 1, "hotel_value": ["4.2"], "hotel_price": ["149"]}, "5247286": {"hotel_name": "\u53a6\u95e8\u5fc3\u6e56\u5c1a\u5ba2\u5802\u6c11\u5bbf(\u539f\u53a6\u5927\u5c1a\u5ba2\u5802\u5ba2\u6808)", "order_time": ["2019-01-07 23:57:38"], "total_order": 1, "hotel_value": ["4.7"], "hotel_price": ["274"]}, "5757188": {"hotel_name": "\u53a6\u95e8\u5927\u5b66\u9f13\u6d6a\u6e7e\u6d77\u666f\u516c\u5bd3(\u539f\u53a6\u5927\u4e16\u8302\u53cc\u5b50\u5854\u597d\u7720\u9152\u5e97\u516c\u5bd3)", "order_time": ["2019-01-07 23:57:38"], "total_order": 1, "hotel_value": ["4.7"], "hotel_price": ["329"]}, "717916": {"hotel_name": "\u53a6\u95e8\u6717\u8c6a\u9152\u5e97", "order_time": ["2019-01-07 23:57:38"], "total_order": 1, "hotel_value": ["4.6"], "hotel_price": ["802"]}, "448649": {"hotel_name": "\u53a6\u95e8\u4e9a\u6d32\u6d77\u6e7e\u5927\u9152\u5e97", "order_time": ["2019-01-07 23:57:38"], "total_order": 1, "hotel_value": ["4.4"], "hotel_price": ["240"]}, "27938575": {"hotel_name": "\u53a6\u95e8\u6d77\u4e1d\u827a\u672f\u54c1\u4e2d\u5fc3\u4f70\u7fd4\u7428\u70c1\u9152\u5e97", "order_time": ["2019-01-07 23:57:38"], "total_order": 1, "hotel_value": ["4.8"], "hotel_price": ["408"]}, "23858080": {"hotel_name": "\u53a6\u95e8\u4f73\u9038\u5e0c\u5c14\u987f\u683c\u82ae\u7cbe\u9009\u9152\u5e97", "order_time": ["2019-01-07 23:57:38"], "total_order": 1, "hotel_value": ["4.7"], "hotel_price": ["943"]}, "392629": {"hotel_name": "\u53a6\u95e8\u5e90\u5c71\u5927\u9152\u5e97", "order_time": ["2019-01-07 23:57:38"], "total_order": 1, "hotel_value": ["4.2"], "hotel_price": ["298"]}, "346271": {"hotel_name": "\u53a6\u95e8\u559c\u6765\u767b\u9152\u5e97", "order_time": ["2019-01-07 23:57:38"], "total_order": 1, "hotel_value": ["4.5"], "hotel_price": ["789"]}, "443061": {"hotel_name": "\u53a6\u95e8HUESyard\u4f11\u601d\u9662\u5b50\u522b\u5885", "order_time": ["2019-01-07 23:57:38"], "total_order": 1, "hotel_value": ["4.9"], "hotel_price": ["380"]}, "6429615": {"hotel_name": "\u53a6\u95e8\u683c\u6797\u82d1\u9152\u5e97", "order_time": ["2019-01-07 23:57:38"], "total_order": 1, "hotel_value": ["4.8"], "hotel_price": ["203"]}, "1341569": {"hotel_name": "\u53a6\u95e8\u9f13\u6d6a\u5c7f\u9ec4\u80dc\u8bb0\u65c5\u9986", "order_time": ["2019-01-07 23:57:38"], "total_order": 1, "hotel_value": ["4.7"], "hotel_price": ["276"]}, "4310304": {"hotel_name": "\u53a6\u95e8\u5317\u7ad9\u96c5\u5c45\u7cbe\u54c1\u5ba2\u6808", "order_time": ["2019-01-07 23:57:39"], "total_order": 1, "hotel_value": ["4.3"], "hotel_price": ["80"]}, "3450733": {"hotel_name": "\u53a6\u95e8\u4e94\u7f18\u6e7e\u65f6\u5149\u516c\u5bd3", "order_time": ["2019-01-07 23:57:39"], "total_order": 1, "hotel_value": ["4.8"], "hotel_price": ["183"]}, "27833083": {"hotel_name": "\u53a6\u95e8\u968f\u5fc3\u9601\u516c\u5bd3", "order_time": ["2019-01-07 23:57:39"], "total_order": 1, "hotel_value": ["4.8"], "hotel_price": ["140"]}}}