{"\u5f00\u59cb\u8bb0\u5f55\u65f6\u95f4": "2019-01-19 21:32:14", "\u7ed3\u675f\u8bb0\u5f55\u65f6\u95f4": "2019-01-19 22:32:14", "\u8ba2\u5355\u603b\u589e\u91cf": 500, "item": {"346248": {"hotel_name": "\u53a6\u95e8\u6cf0\u8c37\u9152\u5e97", "order_time": ["2019-01-19 21:33:10"], "total_order": 1, "hotel_value": ["4.7"], "hotel_price": ["398"]}, "435472": {"hotel_name": "\u53a6\u95e8\u674f\u6797\u6e7e\u5927\u9152\u5e97", "order_time": ["2019-01-19 21:33:10"], "total_order": 1, "hotel_value": ["4.6"], "hotel_price": ["358"]}, "511505": {"hotel_name": "\u53a6\u95e8\u7f8e\u4e3d\u534e\u5927\u9152\u5e97", "order_time": ["2019-01-19 21:34:36"], "total_order": 1, "hotel_value": ["4.4"], "hotel_price": ["407"]}, "346271": {"hotel_name": "\u53a6\u95e8\u559c\u6765\u767b\u9152\u5e97", "order_time": ["2019-01-19 21:34:36"], "total_order": 1, "hotel_value": ["4.5"], "hotel_price": ["720"]}, "3777473": {"hotel_name": "\u53a6\u95e8\u9e7f\u91cc\u6c11\u5bbf", "order_time": ["2019-01-19 21:34:37"], "total_order": 1, "hotel_value": ["4.9"], "hotel_price": ["132"]}, "428700": {"hotel_name": "\u5982\u5bb6\u5feb\u6377\u9152\u5e97(\u53a6\u95e8\u4e1c\u6e21\u9f13\u6d6a\u5c7f\u7801\u5934\u5e97)(\u539f\u4e1c\u6e21\u90ae\u8f6e\u4e2d\u5fc3\u53a6\u9f13\u7801\u5934\u5e97)", "order_time": ["2019-01-19 21:34:37"], "total_order": 1, "hotel_value": ["4.3"], "hotel_price": ["118"]}, "1860898": {"hotel_name": "\u901f8\u9152\u5e97(\u53a6\u95e8\u540c\u5b89\u5e97)", "order_time": ["2019-01-19 21:34:37", "2019-01-19 22:08:39", "2019-01-19 21:50:43", "2019-01-19 22:28:43", "2019-01-19 22:14:37"], "total_order": 5, "hotel_value": ["4.3", "4.3", "4.3", "4.3", "4.3"], "hotel_price": ["167", "167", "167", "167", "167"]}, "5639861": {"hotel_name": "\u53a6\u95e8\u66fe\u539d\u57b5\u63fd\u6d77\u542c\u98ce\u56fd\u9645\u9752\u5e74\u65c5\u820d", "order_time": ["2019-01-19 21:34:38"], "total_order": 1, "hotel_value": ["4.7"], "hotel_price": ["53"]}, "480963": {"hotel_name": "\u53a6\u95e8\u68a6\u9192\u6e7e\u5ba2\u6808", "order_time": ["2019-01-19 21:34:41", "2019-01-19 22:06:38", "2019-01-19 21:36:50", "2019-01-19 21:46:35"], "total_order": 4, "hotel_value": ["4.9", "4.9", "4.9", "4.9"], "hotel_price": ["105", "105", "105", "105"]}, "6247525": {"hotel_name": "\u53a6\u95e8\u96c6\u7f8e\u5927\u5b66\u4e9a\u6735\u9152\u5e97(\u539f\u96c6\u5927\u5bbe\u9986)", "order_time": ["2019-01-19 21:34:43"], "total_order": 1, "hotel_value": ["4.9"], "hotel_price": ["331"]}, "701742": {"hotel_name": "\u901f8\u9152\u5e97(\u53a6\u95e8\u4e2d\u5c71\u8def\u53a6\u95e8\u5927\u5b66\u5e97)", "order_time": ["2019-01-19 21:34:43"], "total_order": 1, "hotel_value": ["4.6"], "hotel_price": ["200"]}, "6072091": {"hotel_name": "\u53a6\u95e8\u65e5\u946b\u9152\u5e97\u516c\u5bd3", "order_time": ["2019-01-19 21:34:43"], "total_order": 1, "hotel_value": ["4.4"], "hotel_price": ["180"]}, "27833083": {"hotel_name": "\u53a6\u95e8\u968f\u5fc3\u9601\u516c\u5bd3", "order_time": ["2019-01-19 21:34:44", "2019-01-19 22:12:34", "2019-01-19 21:46:45", "2019-01-19 21:58:34"], "total_order": 4, "hotel_value": ["4.8", "4.8", "4.8", "4.8"], "hotel_price": ["315", "315", "315", "315"]}, "1768712": {"hotel_name": "\u53a6\u95e8\u9014\u5e84\u7cbe\u54c1\u9152\u5e97", "order_time": ["2019-01-19 21:34:45"], "total_order": 1, "hotel_value": ["4.7"], "hotel_price": ["408"]}, "23625312": {"hotel_name": "\u53a6\u95e8\u4e91\u820d\u96c5\u5c45\u516c\u5bd3", "order_time": ["2019-01-19 21:34:45", "2019-01-19 22:24:36", "2019-01-19 21:48:38", "2019-01-19 21:42:35"], "total_order": 4, "hotel_value": ["4.8", "4.8", "4.8", "4.8"], "hotel_price": ["138", "138", "138", "179"]}, "445336": {"hotel_name": "\u5b9c\u5c1a\u9152\u5e97(\u53a6\u95e8\u706b\u8f66\u7ad9\u5e97)", "order_time": ["2019-01-19 21:34:46"], "total_order": 1, "hotel_value": ["4.8"], "hotel_price": ["286"]}, "2176031": {"hotel_name": "\u9f13\u6d6a\u5c7f\u6c90\u5fc3\u5c45\u65c5\u9986", "order_time": ["2019-01-19 21:44:43", "2019-01-19 21:34:47"], "total_order": 2, "hotel_value": ["4.9", "4.9"], "hotel_price": ["211", "211"]}, "2535597": {"hotel_name": "\u901f\u65f6\u4ee3\u7cbe\u54c1\u5ba2\u6808(\u53a6\u95e8\u4e2d\u5c71\u8def\u5e97)", "order_time": ["2019-01-19 21:34:47"], "total_order": 1, "hotel_value": ["4.2"], "hotel_price": ["113"]}, "22762359": {"hotel_name": "\u53a6\u95e8\u9e6d\u5bbf\u516c\u5bd3", "order_time": ["2019-01-19 21:34:47"], "total_order": 1, "hotel_value": ["4.7"], "hotel_price": ["144"]}, "2382631": {"hotel_name": "\u53a6\u95e8\u6e56\u8fb9\u5c0f\u5c45\u516c\u5bd3", "order_time": ["2019-01-19 21:34:48", "2019-01-19 22:26:44"], "total_order": 2, "hotel_value": ["4.2", "4.2"], "hotel_price": ["93", "102"]}, "24338582": {"hotel_name": "\u53a6\u95e8\u9e7f\u5bbf\u5bb6\u5ead\u65c5\u9986", "order_time": ["2019-01-19 21:34:58", "2019-01-19 22:06:46"], "total_order": 2, "hotel_value": ["4.9", "4.9"], "hotel_price": ["89", "89"]}, "1007658": {"hotel_name": "\u53a6\u95e8\u6e29\u6c0f\u6c11\u5bbf(\u539f\u4e07\u53d1\u5bb6\u5ead\u65c5\u9986)", "order_time": ["2019-01-19 21:35:00"], "total_order": 1, "hotel_value": ["4.0"], "hotel_price": ["78"]}, "3925042": {"hotel_name": "\u53a6\u95e8\u540d\u95e8\u76db\u4e16\u00b7\u6587\u5316\u9152\u5e97", "order_time": ["2019-01-19 21:36:36", "2019-01-19 22:26:31", "2019-01-19 22:06:40", "2019-01-19 21:48:36", "2019-01-19 22:22:38", "2019-01-19 21:58:37"], "total_order": 6, "hotel_value": ["4.8", "4.8", "4.8", "4.8", "4.8", "4.8"], "hotel_price": ["185", "185", "185", "209", "209", "209"]}, "21124605": {"hotel_name": "\u53a6\u95e8\u6d6a\u6f2b\u9a7f\u7ad9\u5ea6\u5047\u516c\u5bd3", "order_time": ["2019-01-19 21:36:36"], "total_order": 1, "hotel_value": ["4.7"], "hotel_price": ["162"]}, "12622395": {"hotel_name": "\u53a6\u95e8\u71d5\u6816\u8bbe\u8ba1\u6c11\u5bbf", "order_time": ["2019-01-19 21:36:36", "2019-01-19 21:46:38"], "total_order": 2, "hotel_value": ["4.9", "4.9"], "hotel_price": ["171", "171"]}, "28525229": {"hotel_name": "\u53a6\u95e8\u96c5\u7434\u4f73\u5c45\u516c\u5bd3", "order_time": ["2019-01-19 21:36:37", "2019-01-19 22:29:00"], "total_order": 2, "hotel_value": ["4.9", "4.9"], "hotel_price": ["101", "101"]}, "28134136": {"hotel_name": "\u53a6\u95e8\u8f6c\u89d2\u5c4b\u6c11\u5bbf", "order_time": ["2019-01-19 21:36:37", "2019-01-19 22:06:41"], "total_order": 2, "hotel_value": ["4.9", "4.9"], "hotel_price": ["107", "107"]}, "4340519": {"hotel_name": "\u53a6\u95e8\u90a3\u6d77\u5ba2\u6808", "order_time": ["2019-01-19 21:36:37"], "total_order": 1, "hotel_value": ["4.7"], "hotel_price": ["75"]}, "2611150": {"hotel_name": "\u4f73\u6a59\u9152\u5e97(\u53a6\u95e8\u678b\u6e56\u8f66\u7ad9\u5e97)", "order_time": ["2019-01-19 21:36:37", "2019-01-19 22:14:40"], "total_order": 2, "hotel_value": ["4.2", "4.2"], "hotel_price": ["101", "101"]}, "27938575": {"hotel_name": "\u53a6\u95e8\u6d77\u4e1d\u827a\u672f\u54c1\u4e2d\u5fc3\u4f70\u7fd4\u7428\u70c1\u9152\u5e97", "order_time": ["2019-01-19 21:48:35", "2019-01-19 21:36:38", "2019-01-19 22:18:40"], "total_order": 3, "hotel_value": ["4.8", "4.8", "4.8"], "hotel_price": ["408", "408", "408"]}, "428660": {"hotel_name": "\u53a6\u95e8\u9890\u749f\u82b1\u56ed\u9152\u5e97(\u539f\u65b0\u52a0\u5761\u9152\u5e97)", "order_time": ["2019-01-19 21:36:38", "2019-01-19 21:50:37"], "total_order": 2, "hotel_value": ["4.6", "4.6"], "hotel_price": ["668", "668"]}, "1183055": {"hotel_name": "\u53a6\u95e8\u946b\u535a\u96c5\u5927\u9152\u5e97(\u539f\u7687\u5ef7\u9152\u5e97)", "order_time": ["2019-01-19 22:02:42", "2019-01-19 21:36:39", "2019-01-19 22:20:33"], "total_order": 3, "hotel_value": ["4.1", "4.1", "4.1"], "hotel_price": ["240", "240", "240"]}, "988894": {"hotel_name": "\u548c\u9890\u9152\u5e97(\u53a6\u95e8\u5927\u5b66\u7eff\u6676\u5e97)", "order_time": ["2019-01-19 21:40:45", "2019-01-19 21:36:39"], "total_order": 2, "hotel_value": ["4.5", "4.5"], "hotel_price": ["270", "270"]}, "452567": {"hotel_name": "\u53a6\u95e8\u6162\u751f\u6d3b\u00b7\u82ad\u5398\u6d77\u5cb8\u5ea6\u5047\u9152\u5e97(\u539f\u9f13\u6d6a\u5c7f\u82ad\u5398\u6d77\u5cb8\u6d77\u666f\u9152\u5e97)", "order_time": ["2019-01-19 21:36:39"], "total_order": 1, "hotel_value": ["4.9"], "hotel_price": ["728"]}, "21124626": {"hotel_name": "\u53a6\u95e8\u4e07\u749f\u8f69\u9152\u5e97", "order_time": ["2019-01-19 22:06:35", "2019-01-19 21:36:39"], "total_order": 2, "hotel_value": ["4.7", "4.7"], "hotel_price": ["229", "229"]}, "2539706": {"hotel_name": "\u53a6\u95e8\u56db\u6d77\u4e4b\u661f\u9152\u5e97", "order_time": ["2019-01-19 21:36:40"], "total_order": 1, "hotel_value": ["4.2"], "hotel_price": ["137"]}, "387242": {"hotel_name": "\u53a6\u95e8\u4e1c\u5357\u4e9a\u5927\u9152\u5e97", "order_time": ["2019-01-19 21:36:41", "2019-01-19 21:40:54"], "total_order": 2, "hotel_value": ["4.5", "4.5"], "hotel_price": ["372", "372"]}, "703570": {"hotel_name": "\u53a6\u95e8\u79b9\u6d32\u5609\u7f8e\u4f26\u9152\u5e97\u516c\u5bd3", "order_time": ["2019-01-19 21:36:41"], "total_order": 1, "hotel_value": ["4.6"], "hotel_price": ["440"]}, "5373865": {"hotel_name": "\u5168\u5b63\u9152\u5e97(\u53a6\u95e8\u5927\u5b66\u5e97)", "order_time": ["2019-01-19 21:36:41"], "total_order": 1, "hotel_value": ["4.7"], "hotel_price": ["417"]}, "1535935": {"hotel_name": "\u6c49\u5ead\u9152\u5e97(\u53a6\u95e8\u96c6\u7f8e\u5b66\u6751\u5e97)", "order_time": ["2019-01-19 21:36:41"], "total_order": 1, "hotel_value": ["4.5"], "hotel_price": ["189"]}, "5304807": {"hotel_name": "\u826f\u5885\u00b7\u4e91\u5ead\u758f\u9662(\u53a6\u95e8\u66fe\u539d\u57b5\u5e97)", "order_time": ["2019-01-19 21:36:42", "2019-01-19 21:48:38"], "total_order": 2, "hotel_value": ["4.9", "4.9"], "hotel_price": ["738", "738"]}, "2624108": {"hotel_name": "\u53a6\u95e8\u5e0c\u5c14\u987f\u9038\u6797\u9152\u5e97", "order_time": ["2019-01-19 21:36:43"], "total_order": 1, "hotel_value": ["4.7"], "hotel_price": ["630"]}, "457043": {"hotel_name": "\u9752\u5e74\u9633\u5149\u9152\u5e97(\u53a6\u95e8\u4e2d\u5c71\u8def\u5e97)(\u539f\u540e\u6ee8\u4e2a\u6027\u5e97)", "order_time": ["2019-01-19 21:36:45"], "total_order": 1, "hotel_value": ["4.7"], "hotel_price": ["131"]}, "856544": {"hotel_name": "\u91d1\u6653\u9152\u5e97(\u53a6\u95e8\u5415\u539d\u5730\u94c1\u7ad9\u5e97)", "order_time": ["2019-01-19 21:36:45"], "total_order": 1, "hotel_value": ["4.5"], "hotel_price": ["125"]}, "2157026": {"hotel_name": "\u53a6\u95e8\u559c\u591a\u5c4b\u9152\u5e97", "order_time": ["2019-01-19 21:36:46"], "total_order": 1, "hotel_value": ["4.6"], "hotel_price": ["97"]}, "848496": {"hotel_name": "\u53a6\u95e8\u542c\u6d77\u5c0f\u7b51\u5ba2\u6808", "order_time": ["2019-01-19 21:36:46"], "total_order": 1, "hotel_value": ["4.9"], "hotel_price": ["109"]}, "11686178": {"hotel_name": "\u53a6\u95e8\u6d77\u6ca7\u65b0\u9633886\u7cbe\u54c1\u9152\u5e97", "order_time": ["2019-01-19 21:36:46"], "total_order": 1, "hotel_value": ["4.3"], "hotel_price": ["158"]}, "19678980": {"hotel_name": "\u53a6\u95e8\u74e6\u6e90\u7d20\u7cbe\u54c1\u5ba2\u6808", "order_time": ["2019-01-19 22:18:44", "2019-01-19 21:36:46"], "total_order": 2, "hotel_value": ["4.9", "4.9"], "hotel_price": ["134", "134"]}, "607727": {"hotel_name": "\u53a6\u95e8\u5ba2\u4e91\u96c5\u81f4\u9152\u5e97", "order_time": ["2019-01-19 21:36:49"], "total_order": 1, "hotel_value": ["4.3"], "hotel_price": ["229"]}, "375296": {"hotel_name": "\u53a6\u95e8\u65e5\u822a\u9152\u5e97", "order_time": ["2019-01-19 22:18:38", "2019-01-19 21:36:50"], "total_order": 2, "hotel_value": ["4.6", "4.6"], "hotel_price": ["598", "623"]}, "3461706": {"hotel_name": "\u53a6\u95e8\u65b0\u9633\u5149\u516c\u5bd3", "order_time": ["2019-01-19 21:36:50"], "total_order": 1, "hotel_value": ["4.5"], "hotel_price": ["79"]}, "1551675": {"hotel_name": "\u53a6\u95e8\u67e0\u6aac\u516c\u5bd3(\u539f\u5982\u610f\u65c5\u9986)", "order_time": ["2019-01-19 22:10:42", "2019-01-19 21:36:52"], "total_order": 2, "hotel_value": ["4.9", "4.9"], "hotel_price": ["91", "91"]}, "12183206": {"hotel_name": "\u53a6\u95e8\u4e03\u661f\u8fde\u9501\u9152\u5e97\u678b\u6e56\u5ba2\u8fd0\u4e2d\u5fc3\u91d1\u5c71\u5e97", "order_time": ["2019-01-19 21:36:53"], "total_order": 1, "hotel_value": ["4.5"], "hotel_price": ["146"]}, "11892204": {"hotel_name": "\u53a6\u95e8\u5927\u5b66\u9e6d\u7f18\u5ea6\u5047\u5c4b", "order_time": ["2019-01-19 21:37:00"], "total_order": 1, "hotel_value": [0], "hotel_price": ["121"]}, "15718121": {"hotel_name": "\u53a6\u95e8\u66fe\u539d\u57b5\u4e00\u683c\u6816\u5bbf", "order_time": ["2019-01-19 21:54:58", "2019-01-19 21:37:02"], "total_order": 2, "hotel_value": ["4.9", "4.9"], "hotel_price": ["299", "299"]}, "1669085": {"hotel_name": "\u4e00\u683c\u00b7\u6d77\u68e0\u7f8e\u5bbf(\u53a6\u95e8\u5927\u5b66\u5e97)", "order_time": ["2019-01-19 21:41:22", "2019-01-19 21:37:02"], "total_order": 2, "hotel_value": ["5.0", "5.0"], "hotel_price": ["246", "246"]}, "898645": {"hotel_name": "\u6c49\u5ead\u9152\u5e97(\u53a6\u95e8\u79be\u7965\u897f\u8def\u5e97)", "order_time": ["2019-01-19 21:38:37", "2019-01-19 22:22:37"], "total_order": 2, "hotel_value": ["4.4", "4.4"], "hotel_price": ["189", "189"]}, "669139": {"hotel_name": "\u53a6\u95e8\u4eac\u50ce\u9890\u8c6a\u9152\u5e97", "order_time": ["2019-01-19 21:38:38"], "total_order": 1, "hotel_value": ["4.6"], "hotel_price": ["393"]}, "15841262": {"hotel_name": "\u53a6\u95e8\u8c6a\u5ef7\u5ea6\u5047\u522b\u5885", "order_time": ["2019-01-19 21:47:01", "2019-01-19 21:38:38"], "total_order": 2, "hotel_value": ["4.9", "4.9"], "hotel_price": ["828", "828"]}, "6069131": {"hotel_name": "\u53a6\u95e8\u5317\u7ad9\u9047\u89c1\u5ba2\u6808", "order_time": ["2019-01-19 21:38:39"], "total_order": 1, "hotel_value": ["4.7"], "hotel_price": ["133"]}, "346273": {"hotel_name": "\u53a6\u95e8\u78d0\u57fa\u5e0c\u5c14\u987f\u9152\u5e97", "order_time": ["2019-01-19 22:04:39", "2019-01-19 21:48:43", "2019-01-19 21:38:40"], "total_order": 3, "hotel_value": ["4.6", "4.6", "4.6"], "hotel_price": ["791", "791", "791"]}, "1065306": {"hotel_name": "\u9f13\u6d6a\u5c7f\u516d\u60a6\u6d77\u666f\u9152\u5e97(\u539f\u516d\u60a6\u82b1\u56ed\u9152\u5e97)", "order_time": ["2019-01-19 21:38:40"], "total_order": 1, "hotel_value": ["4.7"], "hotel_price": ["3298"]}, "448663": {"hotel_name": "\u53a6\u95e8\u60a6\u534e\u9152\u5e97", "order_time": ["2019-01-19 21:46:37", "2019-01-19 21:38:41"], "total_order": 2, "hotel_value": ["4.8", "4.8"], "hotel_price": ["512", "512"]}, "375291": {"hotel_name": "\u53a6\u95e8\u798f\u4f51\u5927\u996d\u5e97", "order_time": ["2019-01-19 21:38:42"], "total_order": 1, "hotel_value": ["4.2"], "hotel_price": ["326"]}, "11275899": {"hotel_name": "\u4e91\u5c4b\u522b\u9662", "order_time": ["2019-01-19 21:38:44"], "total_order": 1, "hotel_value": ["4.7"], "hotel_price": ["220"]}, "1816339": {"hotel_name": "\u6c49\u5ead\u9152\u5e97(\u53a6\u95e8\u4e2d\u5c71\u8def\u6b65\u884c\u8857\u5e97)", "order_time": ["2019-01-19 22:02:42", "2019-01-19 22:04:50", "2019-01-19 21:38:45"], "total_order": 3, "hotel_value": ["4.5", "4.5", "4.5"], "hotel_price": ["256", "256", "256"]}, "1317886": {"hotel_name": "\u53a6\u95e8\u81ea\u7531\u7a7a\u95f4\u8fde\u9501\u9152\u5e97", "order_time": ["2019-01-19 21:44:42", "2019-01-19 21:38:45"], "total_order": 2, "hotel_value": ["4.1", "4.1"], "hotel_price": ["230", "230"]}, "2297567": {"hotel_name": "\u65af\u94c2\u745e\u57ce\u5e02\u9152\u5e97(\u53a6\u95e8\u4e2d\u5c71\u516c\u56ed\u5730\u94c1\u7ad9\u5e97)(\u539f\u4e2d\u5c71\u8def\u6b65\u884c\u8857\u5e97)", "order_time": ["2019-01-19 21:48:36", "2019-01-19 21:38:46"], "total_order": 2, "hotel_value": ["4.7", "4.7"], "hotel_price": ["158", "158"]}, "436708": {"hotel_name": "\u53a6\u95e8\u91d1\u540e\u9152\u5e97", "order_time": ["2019-01-19 21:38:47"], "total_order": 1, "hotel_value": ["4.6"], "hotel_price": ["288"]}, "458760": {"hotel_name": "\u827e\u601d\u987f\u9152\u5e97(\u53a6\u95e8\u4e2d\u5c71\u8def\u7f8e\u6e56\u5206\u5e97)", "order_time": ["2019-01-19 21:44:39", "2019-01-19 21:46:51", "2019-01-19 21:38:48"], "total_order": 3, "hotel_value": ["4.7", "4.7", "4.7"], "hotel_price": ["183", "183", "183"]}, "8615916": {"hotel_name": "\u53a6\u95e8\u84dd\u8272\u6d77\u5cb8\u9152\u5e97", "order_time": ["2019-01-19 22:04:34", "2019-01-19 21:38:49"], "total_order": 2, "hotel_value": ["4.6", "4.6"], "hotel_price": ["181", "181"]}, "825894": {"hotel_name": "\u53a6\u95e8\u66fe\u539d\u57b5\u5df4\u6e1d\u5c9bAngel\u6c11\u5bbf", "order_time": ["2019-01-19 21:38:49"], "total_order": 1, "hotel_value": ["4.9"], "hotel_price": ["145"]}, "1742958": {"hotel_name": "\u53a6\u95e8\u9f13\u6d6a\u5c7f\u68a6\u7f18\u53e4\u539d\u590d\u53e4\u65c5\u9986", "order_time": ["2019-01-19 21:38:53"], "total_order": 1, "hotel_value": ["4.9"], "hotel_price": ["49"]}, "1541918": {"hotel_name": "\u53a6\u95e8\u6d77\u65c5\u6559\u5e08\u9152\u5e97", "order_time": ["2019-01-19 21:58:36", "2019-01-19 21:40:39"], "total_order": 2, "hotel_value": ["4.5", "4.5"], "hotel_price": ["268", "268"]}, "2280697": {"hotel_name": "\u53a6\u95e8\u77f3\u5bbf\u6d77\u666f\u6c11\u5bbf", "order_time": ["2019-01-19 21:40:41"], "total_order": 1, "hotel_value": ["4.7"], "hotel_price": ["233"]}, "15849666": {"hotel_name": "\u5168\u5b63\u9152\u5e97(\u53a6\u95e8\u5317\u7ad9\u674f\u6797\u6e7e\u8def\u5e97)", "order_time": ["2019-01-19 21:40:41"], "total_order": 1, "hotel_value": ["4.7"], "hotel_price": ["275"]}, "23806720": {"hotel_name": "\u53a6\u95e8HITEL\u9152\u5e97", "order_time": ["2019-01-19 21:40:41"], "total_order": 1, "hotel_value": ["4.9"], "hotel_price": ["342"]}, "11019053": {"hotel_name": "\u53a6\u95e8\u5c45\u4e45\u5c71\u6d77\u539f\u5bbf", "order_time": ["2019-01-19 21:40:42"], "total_order": 1, "hotel_value": ["4.9"], "hotel_price": ["390"]}, "26576625": {"hotel_name": "\u53a6\u95e8\u4e3d\u90fd\u516c\u5bd3", "order_time": ["2019-01-19 22:22:40", "2019-01-19 21:40:43"], "total_order": 2, "hotel_value": ["4.8", "4.8"], "hotel_price": ["129", "129"]}, "1583129": {"hotel_name": "\u5982\u5bb6\u5feb\u6377\u9152\u5e97\uff08\u53a6\u95e8\u4e00\u4e2d\u5c06\u519b\u7960\u5730\u94c1\u7ad9\u5e97\uff09", "order_time": ["2019-01-19 21:40:45"], "total_order": 1, "hotel_value": ["4.5"], "hotel_price": ["151"]}, "19479400": {"hotel_name": "\u53a6\u95e8\u4e94\u7f18\u5bbf\u516c\u5bd3", "order_time": ["2019-01-19 21:40:45"], "total_order": 1, "hotel_value": ["4.9"], "hotel_price": ["232"]}, "717916": {"hotel_name": "\u53a6\u95e8\u6717\u8c6a\u9152\u5e97", "order_time": ["2019-01-19 21:40:47", "2019-01-19 21:50:44"], "total_order": 2, "hotel_value": ["4.6", "4.6"], "hotel_price": ["744", "744"]}, "346262": {"hotel_name": "\u53a6\u95e8\u5a01\u65af\u6c40\u9152\u5e97", "order_time": ["2019-01-19 21:40:47", "2019-01-19 22:20:39"], "total_order": 2, "hotel_value": ["4.5", "4.5"], "hotel_price": ["828", "828"]}, "375295": {"hotel_name": "\u53a6\u95e8\u7fd4\u9e6d\u56fd\u9645\u5927\u9152\u5e97", "order_time": ["2019-01-19 21:56:53", "2019-01-19 21:40:47", "2019-01-19 21:52:40"], "total_order": 3, "hotel_value": ["4.4", "4.4", "4.4"], "hotel_price": ["290", "290", "290"]}, "436728": {"hotel_name": "\u53a6\u95e8\u9f13\u6d6a\u5c7f\u82b1\u4e4b\u58f0\u65c5\u9986", "order_time": ["2019-01-19 21:40:50"], "total_order": 1, "hotel_value": ["4.5"], "hotel_price": ["401"]}, "1603567": {"hotel_name": "\u53a6\u95e8\u7121\u4e8c\u00b7\u767d\u5c7f\u8bbe\u8ba1\u578b\u5ea6\u5047\u7f8e\u5885", "order_time": ["2019-01-19 21:40:50", "2019-01-19 21:48:36"], "total_order": 2, "hotel_value": ["4.9", "4.9"], "hotel_price": ["366", "366"]}, "5599310": {"hotel_name": "\u53a6\u95e8\u4e9a\u9601\u9152\u5e97", "order_time": ["2019-01-19 21:58:35", "2019-01-19 21:40:51"], "total_order": 2, "hotel_value": ["4.7", "4.7"], "hotel_price": ["221", "221"]}, "1728118": {"hotel_name": "\u53a6\u95e8\u5c71\u6c34\u5bbe\u9986", "order_time": ["2019-01-19 21:40:58"], "total_order": 1, "hotel_value": ["4.3"], "hotel_price": ["221"]}, "2302804": {"hotel_name": "\u53a6\u95e8\u9f13\u6d6a\u5c7f\u9f13\u7965\u65c5\u9986", "order_time": ["2019-01-19 21:41:00"], "total_order": 1, "hotel_value": ["4.5"], "hotel_price": ["193"]}, "15717523": {"hotel_name": "\u53a6\u95e8\u6155\u749f\u5ea6\u5047\u9152\u5e97", "order_time": ["2019-01-19 21:48:53", "2019-01-19 21:41:02"], "total_order": 2, "hotel_value": ["3.5", "3.5"], "hotel_price": ["156", "156"]}, "11669350": {"hotel_name": "\u53a6\u95e8\u66fe\u539d\u57b5\u6d77\u5cb8\u8fb9\u5bb6\u5ead\u65c5\u9986", "order_time": ["2019-01-19 21:41:05"], "total_order": 1, "hotel_value": ["4.6"], "hotel_price": ["151"]}, "438908": {"hotel_name": "\u5982\u5bb6\u5feb\u6377\u9152\u5e97(\u601d\u660e\u5357\u8def\u53a6\u95e8\u5927\u5b66\u5e97)(\u539f\u6210\u529f\u5927\u9053\u53a6\u5927\u6d77\u666f\u5e97)", "order_time": ["2019-01-19 21:42:34"], "total_order": 1, "hotel_value": ["4.3"], "hotel_price": ["144"]}, "1317936": {"hotel_name": "\u6d77\u53cb\u826f\u54c1\u9152\u5e97(\u53a6\u95e8\u660e\u53d1\u5e7f\u573a\u5e97)", "order_time": ["2019-01-19 22:28:53", "2019-01-19 22:14:47", "2019-01-19 21:42:35"], "total_order": 3, "hotel_value": ["4.2", "4.2", "4.2"], "hotel_price": ["106", "170", "170"]}, "1480274": {"hotel_name": "\u53a6\u95e8\u53a6\u5927\u4e50\u96c5\u5ea6\u5047\u522b\u5885", "order_time": ["2019-01-19 21:42:35"], "total_order": 1, "hotel_value": ["4.9"], "hotel_price": ["161"]}, "1715589": {"hotel_name": "\u4f73\u6a59\u9152\u5e97(\u53a6\u95e8\u83b2\u82b1\u5e97)", "order_time": ["2019-01-19 21:42:36"], "total_order": 1, "hotel_value": ["4.4"], "hotel_price": ["134"]}, "898495": {"hotel_name": "\u6c49\u5ead\u9152\u5e97(\u53a6\u95e8\u79be\u7965\u897f\u8def\u79be\u7965\u5546\u57ce\u5e97)(\u539f\u6e56\u6ee8\u4e2d\u8def\u5e97)", "order_time": ["2019-01-19 21:54:35", "2019-01-19 21:42:37"], "total_order": 2, "hotel_value": ["4.4", "4.4"], "hotel_price": ["151", "151"]}, "1641097": {"hotel_name": "\u9f13\u6d6a\u5c7f\u56db\u5b63\u82b1\u65c5\u9986(\u539f\u521d\u590f\u65c5\u9986)", "order_time": ["2019-01-19 21:42:38"], "total_order": 1, "hotel_value": ["4.8"], "hotel_price": ["539"]}, "5237453": {"hotel_name": "\u53a6\u95e8\u97f3\u4e50\u5c9b\u9152\u5e97", "order_time": ["2019-01-19 21:42:38"], "total_order": 1, "hotel_value": ["4.6"], "hotel_price": ["380"]}, "5788864": {"hotel_name": "\u53a6\u95e8\u5eb7\u83b1\u5fb7\u9152\u5e97", "order_time": ["2019-01-19 21:42:39", "2019-01-19 21:48:43"], "total_order": 2, "hotel_value": ["4.7", "4.7"], "hotel_price": ["61272", "61272"]}, "12624286": {"hotel_name": "\u9a7f\u8d77\u9152\u5e97\uff08\u53a6\u95e8\u5317\u7ad9\u5e97\uff09", "order_time": ["2019-01-19 22:08:36", "2019-01-19 21:42:39", "2019-01-19 21:54:41"], "total_order": 3, "hotel_value": ["4.6", "4.6", "4.6"], "hotel_price": ["179", "179", "179"]}, "425692": {"hotel_name": "\u53a6\u95e8\u6d77\u60a6\u5c71\u5e84\u9152\u5e97", "order_time": ["2019-01-19 22:26:40", "2019-01-19 21:42:40", "2019-01-19 21:47:01"], "total_order": 3, "hotel_value": ["4.8", "4.8", "4.8"], "hotel_price": ["896", "896", "896"]}, "5435657": {"hotel_name": "\u9f13\u6d6a\u5c7f\u5706\u6c99\u6d32\u4e3b\u9898\u522b\u5885", "order_time": ["2019-01-19 21:46:37", "2019-01-19 21:42:45", "2019-01-19 21:54:41"], "total_order": 3, "hotel_value": ["4.9", "4.9", "4.9"], "hotel_price": ["366", "366", "366"]}, "778876": {"hotel_name": "\u98de\u5bbf\u8fde\u9501\u53a6\u95e8\u8499\u5a1c\u5e84\u56ed(\u539f\u83dc\u4e0d\u5728\u5ba2\u6808)", "order_time": ["2019-01-19 21:42:49"], "total_order": 1, "hotel_value": ["4.8"], "hotel_price": ["390"]}, "484118": {"hotel_name": "\u7f57\u671b\u00b7\u53a6\u95e8\u9f13\u6d6a\u5c7f\u7559\u4e0b\u7cbe\u54c1\u5ba2\u6808", "order_time": ["2019-01-19 22:12:42", "2019-01-19 21:44:37"], "total_order": 2, "hotel_value": ["4.5", "4.5"], "hotel_price": ["162", "162"]}, "429652": {"hotel_name": "\u590f\u5546\u00b7\u6021\u5ead\u5feb\u6377\u9152\u5e97(\u53a6\u95e8\u4e2d\u5c71\u8def\u767d\u5170\u5e97)", "order_time": ["2019-01-19 21:44:39"], "total_order": 1, "hotel_value": ["4.4"], "hotel_price": ["134"]}, "447297": {"hotel_name": "\u53a6\u95e8\u660e\u53d1\u56fd\u9645\u5927\u9152\u5e97", "order_time": ["2019-01-19 21:44:39"], "total_order": 1, "hotel_value": ["4.6"], "hotel_price": ["463"]}, "6355587": {"hotel_name": "\u590f\u5546\u6021\u7fd4\u5047\u65e5\u9152\u5e97(\u53a6\u95e8\u706b\u8f66\u7ad9\u5e97)", "order_time": ["2019-01-19 21:44:40"], "total_order": 1, "hotel_value": ["4.8"], "hotel_price": ["322"]}, "481710": {"hotel_name": "\u9526\u6c5f\u4e4b\u661f(\u53a6\u95e8\u706b\u8f66\u7ad9\u5e97)(\u539f\u4e1c\u6d66\u8def\u5e97)", "order_time": ["2019-01-19 22:00:43", "2019-01-19 22:04:50", "2019-01-19 22:14:46", "2019-01-19 21:52:39", "2019-01-19 21:44:41"], "total_order": 5, "hotel_value": ["4.4", "4.4", "4.4", "4.4", "4.4"], "hotel_price": ["134", "134", "134", "134", "134"]}, "1760902": {"hotel_name": "\u53a6\u95e8\u4e07\u4f73\u56fd\u9645\u9152\u5e97", "order_time": ["2019-01-19 21:44:42"], "total_order": 1, "hotel_value": ["4.6"], "hotel_price": ["423"]}, "436726": {"hotel_name": "\u53a6\u95e8\u9f13\u6d6a\u5c7f\u5370\u8c61\u95fd\u5357\u6c11\u4fd7\u5ba2\u6808", "order_time": ["2019-01-19 21:44:44"], "total_order": 1, "hotel_value": ["4.7"], "hotel_price": ["233"]}, "2043594": {"hotel_name": "7\u5929\u8fde\u9501\u9152\u5e97(\u53a6\u95e8\u53f0\u6e7e\u8857\u5e97)", "order_time": ["2019-01-19 22:30:44", "2019-01-19 21:44:45"], "total_order": 2, "hotel_value": ["4.4", "4.4"], "hotel_price": ["159", "159"]}, "1417342": {"hotel_name": "\u53a6\u95e8\u7231\u7b51\u65f6\u5c1a\u7cbe\u54c1\u60c5\u4fa3\u4e3b\u9898\u9152\u5e97", "order_time": ["2019-01-19 21:44:46", "2019-01-19 22:24:39"], "total_order": 2, "hotel_value": ["4.5", "4.5"], "hotel_price": ["235", "235"]}, "1617016": {"hotel_name": "\u53a6\u95e8\u67da\u5b50\u90a6\u9152\u5e97\u516c\u5bd3", "order_time": ["2019-01-19 21:44:48"], "total_order": 1, "hotel_value": ["4.4"], "hotel_price": ["249"]}, "1410539": {"hotel_name": "\u53a6\u95e8\u53e4\u57ce\u5ba2\u6808", "order_time": ["2019-01-19 21:44:52", "2019-01-19 22:14:43"], "total_order": 2, "hotel_value": ["4.2", "4.2"], "hotel_price": ["116", "116"]}, "1812608": {"hotel_name": "\u53a6\u95e8\u9f99\u5c71\u522b\u82d1(\u539f\u6c34\u751f\u95e8\u5ba2\u6808)", "order_time": ["2019-01-19 21:44:56"], "total_order": 1, "hotel_value": ["5.0"], "hotel_price": ["148"]}, "2599676": {"hotel_name": "\u53a6\u95e8\u897f\u66fc\u9633\u65c5\u9986", "order_time": ["2019-01-19 21:45:01"], "total_order": 1, "hotel_value": ["4.6"], "hotel_price": ["94"]}, "5903250": {"hotel_name": "\u53a6\u95e8\u6e29\u838e\u516c\u4e3b\u57ce\u5821\u5e84\u56ed", "order_time": ["2019-01-19 21:46:35"], "total_order": 1, "hotel_value": ["4.8"], "hotel_price": ["166"]}, "436724": {"hotel_name": "\u53a6\u95e8\u9f13\u6d6a\u5c7f\u65d7\u5c71\u4e00\u53f7\u516c\u9986", "order_time": ["2019-01-19 21:46:36"], "total_order": 1, "hotel_value": ["4.7"], "hotel_price": ["318"]}, "427072": {"hotel_name": "\u5ead\u82d1\u9152\u5e97(\u53a6\u95e8\u83b2\u82b1\u8def\u53e3\u5730\u94c1\u7ad9\u5e97)", "order_time": ["2019-01-19 21:46:37"], "total_order": 1, "hotel_value": ["4.7"], "hotel_price": ["245"]}, "2301227": {"hotel_name": "\u9526\u6c5f\u4e4b\u661f(\u53a6\u95e8\u674f\u6797\u5e97)", "order_time": ["2019-01-19 21:46:38", "2019-01-19 21:56:36"], "total_order": 2, "hotel_value": ["4.5", "4.5"], "hotel_price": ["179", "179"]}, "4122689": {"hotel_name": "\u53a6\u95e8\u8fb9\u9645\u9152\u5e97", "order_time": ["2019-01-19 21:46:38"], "total_order": 1, "hotel_value": ["4.6"], "hotel_price": ["316"]}, "1374551": {"hotel_name": "\u53a6\u95e8\u96c4\u6e90\u5546\u52a1\u9152\u5e97", "order_time": ["2019-01-19 21:46:38"], "total_order": 1, "hotel_value": ["4.0"], "hotel_price": ["180"]}, "440464": {"hotel_name": "\u590f\u5546\u6021\u7fd4\u9152\u5e97(\u53a6\u95e8\u4e2d\u5c71\u8def\u534e\u90fd\u5e97)", "order_time": ["2019-01-19 21:46:40"], "total_order": 1, "hotel_value": ["4.6"], "hotel_price": ["294"]}, "997807": {"hotel_name": "\u53a6\u95e8\u5fc6\u6d32\u5bbe\u9986", "order_time": ["2019-01-19 21:46:41"], "total_order": 1, "hotel_value": ["4.2"], "hotel_price": ["113"]}, "8974594": {"hotel_name": "\u53a6\u95e8\u73ba\u4e30\u9152\u5e97", "order_time": ["2019-01-19 21:46:43"], "total_order": 1, "hotel_value": ["4.6"], "hotel_price": ["224"]}, "2302833": {"hotel_name": "7\u5929\u8fde\u9501\u9152\u5e97(\u53a6\u95e8\u5317\u7ad9\u96c6\u7f8e\u5927\u5b66\u5e97)", "order_time": ["2019-01-19 21:48:43", "2019-01-19 21:46:48", "2019-01-19 22:20:37"], "total_order": 3, "hotel_value": ["4.5", "4.5", "4.5"], "hotel_price": ["149", "149", "149"]}, "11372511": {"hotel_name": "\u53a6\u95e8\u6f2b\u5ead\u65f6\u5149\u5ba2\u6808", "order_time": ["2019-01-19 22:28:53", "2019-01-19 22:04:44", "2019-01-19 21:46:49"], "total_order": 3, "hotel_value": ["4.8", "4.8", "4.8"], "hotel_price": ["163", "163", "163"]}, "6075104": {"hotel_name": "\u53a6\u95e8\u71d5\u00b7\u9752\u5e74\u65c5\u820d", "order_time": ["2019-01-19 21:46:51"], "total_order": 1, "hotel_value": ["4.7"], "hotel_price": ["53"]}, "427947": {"hotel_name": "\u53a6\u95e8\u56fd\u9645\u4f1a\u8bae\u4e2d\u5fc3\u9152\u5e97", "order_time": ["2019-01-19 22:00:39", "2019-01-19 21:47:01"], "total_order": 2, "hotel_value": ["4.8", "4.8"], "hotel_price": ["589", "589"]}, "431131": {"hotel_name": "\u53a6\u95e8\u6bd5\u601d\u7279\u9152\u5e97", "order_time": ["2019-01-19 21:47:01"], "total_order": 1, "hotel_value": ["4.6"], "hotel_price": ["358"]}, "457612": {"hotel_name": "\u53a6\u95e8\u4e94\u7f18\u6c34\u4e61\u9152\u5e97", "order_time": ["2019-01-19 21:47:03"], "total_order": 1, "hotel_value": ["4.9"], "hotel_price": ["641"]}, "21332906": {"hotel_name": "\u53a6\u95e8\u65af\u7ef4\u767b\u5ea6\u5047\u9152\u5e97(\u678b\u6e56\u8f66\u7ad9\u4f18\u671b\u5e97)", "order_time": ["2019-01-19 22:17:14", "2019-01-19 21:47:03", "2019-01-19 21:55:07"], "total_order": 3, "hotel_value": ["4.8", "4.8", "4.8"], "hotel_price": ["238", "238", "238"]}, "469850": {"hotel_name": "\u7ef4\u4e5f\u7eb3\u9152\u5e97(\u53a6\u95e8\u706b\u8f66\u7ad9\u5e97)(\u539f\u51ef\u65af\u9152\u5e97)", "order_time": ["2019-01-19 21:47:14"], "total_order": 1, "hotel_value": ["4.7"], "hotel_price": ["268"]}, "2303499": {"hotel_name": "\u53a6\u95e8\u9f13\u6d6a\u5c7f\u6c5d\u5357\u6d77\u666f\u522b\u58851935\u6c11\u56fd\u9a7b\u7f8e\u5927\u4f7f\u5e97", "order_time": ["2019-01-19 21:47:14"], "total_order": 1, "hotel_value": ["4.6"], "hotel_price": ["536"]}, "2290014": {"hotel_name": "\u53a6\u95e8\u541b\u6021\u9152\u5e97", "order_time": ["2019-01-19 21:48:36"], "total_order": 1, "hotel_value": ["4.7"], "hotel_price": ["259"]}, "392553": {"hotel_name": "\u6210\u65c5\u6676\u8d5e\u9152\u5e97(\u53a6\u95e8\u67ab\u60a6\u5e97)(\u539f\u67ab\u60a6\u5927\u9152\u5e97)", "order_time": ["2019-01-19 21:48:36"], "total_order": 1, "hotel_value": ["4.7"], "hotel_price": ["333"]}, "1047946": {"hotel_name": "\u53a6\u95e8\u91d1\u7396\u9152\u5e97", "order_time": ["2019-01-19 21:48:37"], "total_order": 1, "hotel_value": ["4.5"], "hotel_price": ["273"]}, "385412": {"hotel_name": "\u53a6\u95e8\u5317\u6d77\u6e7e\u60e0\u9f99\u4e07\u8fbe\u5609\u534e\u9152\u5e97", "order_time": ["2019-01-19 21:48:38"], "total_order": 1, "hotel_value": ["4.8"], "hotel_price": ["2500"]}, "6118404": {"hotel_name": "\u98de\u5bbf\u8fde\u9501\u53a6\u95e8\u9f13\u6d6a\u5c7f\u767d\u9732\u5e84\u56ed", "order_time": ["2019-01-19 21:48:38"], "total_order": 1, "hotel_value": ["4.8"], "hotel_price": ["448"]}, "790389": {"hotel_name": "\u53a6\u95e8\u65f6\u4ee3\u96c5\u5c45\u9152\u5e97", "order_time": ["2019-01-19 21:48:40"], "total_order": 1, "hotel_value": ["4.6"], "hotel_price": ["232"]}, "2056377": {"hotel_name": "\u53a6\u95e8\u5929\u4f7f\u6d77\u6e7e\u4f1a\u5c55\u9152\u5e97", "order_time": ["2019-01-19 21:48:41"], "total_order": 1, "hotel_value": ["4.4"], "hotel_price": ["193"]}, "6599741": {"hotel_name": "\u6854\u5b50\u9152\u5e97\u00b7\u7cbe\u9009(\u53a6\u95e8\u4e2d\u5c71\u8def\u8f6e\u6e21\u7801\u5934\u5e97)(\u539f\u4e2d\u5c71\u8def\u6b65\u884c\u8857\u5e97)", "order_time": ["2019-01-19 22:00:46", "2019-01-19 21:48:42", "2019-01-19 22:18:38", "2019-01-19 21:54:38", "2019-01-19 22:30:39"], "total_order": 5, "hotel_value": ["4.8", "4.8", "4.8", "4.8", "4.8"], "hotel_price": ["368", "368", "368", "368", "368"]}, "6037793": {"hotel_name": "\u53a6\u95e8\u4f73\u5bbe\u65c5\u9986", "order_time": ["2019-01-19 21:48:55"], "total_order": 1, "hotel_value": ["3.6"], "hotel_price": ["68"]}, "11164973": {"hotel_name": "\u53a6\u95e8\u8317\u00b7\u7d20hotel(\u539f\u827a\u5bbf\u5bb6hotel)", "order_time": ["2019-01-19 21:50:37"], "total_order": 1, "hotel_value": ["4.7"], "hotel_price": ["157"]}, "375292": {"hotel_name": "\u53a6\u95e8\u4eac\u95fd\u4e2d\u5fc3\u9152\u5e97", "order_time": ["2019-01-19 21:50:37"], "total_order": 1, "hotel_value": ["4.8"], "hotel_price": ["550"]}, "4496383": {"hotel_name": "\u53a6\u95e8\u6162\u751f\u6d3b\u00b7\u4e0a\u91ce\u5ba2\u6808", "order_time": ["2019-01-19 21:50:37"], "total_order": 1, "hotel_value": ["4.9"], "hotel_price": ["139"]}, "2302744": {"hotel_name": "\u53a6\u95e8\u70e8\u51ef\u5bbe\u9986", "order_time": ["2019-01-19 21:50:38"], "total_order": 1, "hotel_value": ["4.8"], "hotel_price": ["153"]}, "1480877": {"hotel_name": "\u53a6\u95e8\u9752\u5e74\u9633\u5149\u9152\u5e97(\u52a0\u5dde\u5e7f\u573a\u5e97)", "order_time": ["2019-01-19 22:18:43", "2019-01-19 21:50:40"], "total_order": 2, "hotel_value": ["4.4", "4.4"], "hotel_price": ["190", "190"]}, "1746353": {"hotel_name": "\u53a6\u95e8\u5927\u5b66\u56fd\u9645\u5b66\u672f\u4ea4\u6d41\u4e2d\u5fc3", "order_time": ["2019-01-19 21:50:43"], "total_order": 1, "hotel_value": ["4.3"], "hotel_price": ["540"]}, "4439579": {"hotel_name": "\u524d\u7530\u6e7e\u7cbe\u54c1\u5ba2\u6808(\u53a6\u95e8\u66fe\u539d\u57b5\u5e97)", "order_time": ["2019-01-19 21:50:43"], "total_order": 1, "hotel_value": ["4.7"], "hotel_price": ["319"]}, "346257": {"hotel_name": "\u53a6\u95e8\u6d77\u666f\u5343\u79a7\u5927\u9152\u5e97", "order_time": ["2019-01-19 21:50:44"], "total_order": 1, "hotel_value": ["4.5"], "hotel_price": ["590"]}, "12522024": {"hotel_name": "\u53a6\u95e8\u5927\u5b66\u5fc3\u65c5\u6d77\u666f\u9152\u5e97\u5f0f\u516c\u5bd3(\u539f\u4e16\u8302\u53cc\u5b50\u5854\u53a6\u5927\u6d77\u666f\u9152\u5e97)", "order_time": ["2019-01-19 21:50:44"], "total_order": 1, "hotel_value": ["4.6"], "hotel_price": ["550"]}, "2298562": {"hotel_name": "\u9526\u6c5f\u4e4b\u661f(\u53a6\u95e8\u5927\u5b66\u4e2d\u5c71\u8def\u5e97)", "order_time": ["2019-01-19 22:28:48", "2019-01-19 21:50:44"], "total_order": 2, "hotel_value": ["4.5", "4.5"], "hotel_price": ["199", "199"]}, "436734": {"hotel_name": "\u53a6\u95e8\u9f13\u6d6a\u5c7f\u90a3\u5b85\u9152\u5e97", "order_time": ["2019-01-19 21:50:45"], "total_order": 1, "hotel_value": ["4.6"], "hotel_price": ["753"]}, "2361567": {"hotel_name": "\u53a6\u95e8\u6234\u65af\u6c40\u9152\u5e97", "order_time": ["2019-01-19 21:50:45"], "total_order": 1, "hotel_value": ["3.8"], "hotel_price": ["140"]}, "6873138": {"hotel_name": "\u53a6\u95e8\u78a7\u6d77\u7ea2\u697c\u5ba2\u6808", "order_time": ["2019-01-19 21:50:47"], "total_order": 1, "hotel_value": ["4.9"], "hotel_price": ["201"]}, "8506987": {"hotel_name": "\u53a6\u95e8\u5723\u6dd8\u6c99\u9152\u5e97", "order_time": ["2019-01-19 21:50:48"], "total_order": 1, "hotel_value": ["4.4"], "hotel_price": ["227"]}, "5724702": {"hotel_name": "\u51e4\u51f0\u5c45\u9152\u5e97(\u9f13\u6d6a\u5c7f\u65e5\u5149\u5ca9\u5e97)", "order_time": ["2019-01-19 21:56:43", "2019-01-19 21:50:51"], "total_order": 2, "hotel_value": ["4.9", "4.9"], "hotel_price": ["458", "458"]}, "2251186": {"hotel_name": "\u53a6\u95e8\u6b27\u8bd7\u66fc\u9152\u5e97(\u539f\u5174\u9605\u5bbe\u9986)", "order_time": ["2019-01-19 21:50:53"], "total_order": 1, "hotel_value": ["3.8"], "hotel_price": ["116"]}, "12051857": {"hotel_name": "\u53a6\u95e8\u6d6a\u6f2b\u65f6\u4ee3\u5ba2\u6808", "order_time": ["2019-01-19 22:16:39", "2019-01-19 21:50:54"], "total_order": 2, "hotel_value": ["4.6", "4.6"], "hotel_price": ["239", "239"]}, "434956": {"hotel_name": "\u53a6\u95e8\u767d\u9e6d\u5bbe\u9986", "order_time": ["2019-01-19 21:50:56"], "total_order": 1, "hotel_value": ["4.5"], "hotel_price": ["188"]}, "10834030": {"hotel_name": "\u53a6\u95e8\u60a6\u6765\u6d77\u666f\u9152\u5e97(\u539f\u60a6\u6765\u522b\u5885\u9152\u5e97)", "order_time": ["2019-01-19 21:50:56"], "total_order": 1, "hotel_value": ["4.7"], "hotel_price": ["411"]}, "1916061": {"hotel_name": "\u540d\u5178\u5546\u65c5\u9152\u5e97(\u53a6\u95e8\u674f\u6797\u5e97)", "order_time": ["2019-01-19 21:50:56"], "total_order": 1, "hotel_value": ["4.1"], "hotel_price": ["240"]}, "1485274": {"hotel_name": "\u53a6\u95e8\u590f\u82b1\u5982\u96ea\u6c11\u5bbf(\u539f\u9ec4\u539d\u6d77\u666f\u65c5\u793e)", "order_time": ["2019-01-19 21:52:36"], "total_order": 1, "hotel_value": ["4.9"], "hotel_price": ["105"]}, "4629197": {"hotel_name": "\u9f13\u6d6a\u5c7f\u8611\u83c7\u5496\u5561\u65c5\u9986", "order_time": ["2019-01-19 21:52:36"], "total_order": 1, "hotel_value": ["4.5"], "hotel_price": ["352"]}, "1405425": {"hotel_name": "\u53a6\u95e8\u5174\u6052\u5927\u9152\u5e97", "order_time": ["2019-01-19 21:52:37"], "total_order": 1, "hotel_value": ["4.5"], "hotel_price": ["273"]}, "450155": {"hotel_name": "\u5982\u5bb6\u5feb\u6377\u9152\u5e97(\u53a6\u95e8\u4e2d\u5c71\u8def\u6e56\u6ee8\u897f\u8def\u5e97)", "order_time": ["2019-01-19 22:28:43", "2019-01-19 21:52:39", "2019-01-19 22:18:38"], "total_order": 3, "hotel_value": ["4.2", "4.2", "4.2"], "hotel_price": ["151", "151", "151"]}, "932008": {"hotel_name": "\u8003\u62c9\u9752\u5e74\u65c5\u820d(\u53a6\u95e8\u4e2d\u5c71\u8def\u6b65\u884c\u8857\u5e97)", "order_time": ["2019-01-19 21:52:39"], "total_order": 1, "hotel_value": ["4.5"], "hotel_price": ["49"]}, "431557": {"hotel_name": "\u901f8\u9152\u5e97(\u53a6\u95e8\u4e2d\u5c71\u8def\u8f6e\u6e21\u5e97)", "order_time": ["2019-01-19 21:52:39"], "total_order": 1, "hotel_value": ["4.4"], "hotel_price": ["160"]}, "2303547": {"hotel_name": "\u53a6\u95e8\u5bcc\u4e3d\u767b\u6d77\u666f\u5ea6\u5047\u9152\u5e97", "order_time": ["2019-01-19 21:52:40"], "total_order": 1, "hotel_value": ["4.4"], "hotel_price": ["350"]}, "6023163": {"hotel_name": "\u53a6\u95e8\u5c1a\u5fb7\u8363\u9152\u5e97", "order_time": ["2019-01-19 21:52:41", "2019-01-19 21:56:38", "2019-01-19 22:14:40"], "total_order": 3, "hotel_value": ["4.4", "4.4", "4.4"], "hotel_price": ["163", "163", "163"]}, "1583162": {"hotel_name": "\u5982\u5bb6\u5546\u65c5\u9152\u5e97(\u53a6\u95e8\u4f1a\u5c55\u4e2d\u5fc3\u52a0\u5dde\u5546\u4e1a\u5e7f\u573a\u5e97)", "order_time": ["2019-01-19 21:52:42"], "total_order": 1, "hotel_value": ["4.8"], "hotel_price": ["280"]}, "4960975": {"hotel_name": "\u548c\u9890\u9152\u5e97(\u53a6\u95e8\u4e2d\u5c71\u8def\u6b65\u884c\u8857\u5e97)", "order_time": ["2019-01-19 21:52:42"], "total_order": 1, "hotel_value": ["4.6"], "hotel_price": ["294"]}, "1613814": {"hotel_name": "\u7231\u83f2\u513f\u5ea6\u5047\u9152\u5e97(\u53a6\u95e8\u9f13\u6d6a\u5c7f1930\u5e97)", "order_time": ["2019-01-19 21:52:43"], "total_order": 1, "hotel_value": ["4.6"], "hotel_price": ["1276"]}, "3243942": {"hotel_name": "\u4f0a\u79be\u9152\u5e97(\u53a6\u95e8\u4e2d\u5c71\u8def\u6b65\u884c\u8857\u5e97)", "order_time": ["2019-01-19 21:52:43"], "total_order": 1, "hotel_value": ["4.7"], "hotel_price": ["199"]}, "1730297": {"hotel_name": "\u53a6\u95e8\u9f13\u6d6a\u5c7f\u7434\u6d77\u5e84\u56ed\u6d77\u666f\u9152\u5e97", "order_time": ["2019-01-19 22:10:44", "2019-01-19 21:58:38", "2019-01-19 21:52:44", "2019-01-19 22:04:38"], "total_order": 4, "hotel_value": ["4.6", "4.6", "4.6", "4.6"], "hotel_price": ["318", "318", "318", "318"]}, "1648310": {"hotel_name": "\u53a6\u95e8\u5764\u57ce\u6c64\u5cb8\u6e29\u6cc9\u5ea6\u5047\u6751", "order_time": ["2019-01-19 21:52:46"], "total_order": 1, "hotel_value": ["4.5"], "hotel_price": ["686"]}, "7302446": {"hotel_name": "\u53a6\u95e8\u4e16\u7965\u522b\u5885", "order_time": ["2019-01-19 21:52:49"], "total_order": 1, "hotel_value": ["4.0"], "hotel_price": ["129"]}, "1583164": {"hotel_name": "\u5982\u5bb6\u5feb\u6377\u9152\u5e97(\u53a6\u95e8\u53a6\u5927\u5357\u666e\u9640\u5bfa\u5e97)", "order_time": ["2019-01-19 22:19:10", "2019-01-19 21:53:13"], "total_order": 2, "hotel_value": ["4.3", "4.3"], "hotel_price": ["199", "199"]}, "21160125": {"hotel_name": "\u6021\u7a0b\u9152\u5e97(\u53a6\u95e8\u4e2d\u5c71\u8def\u5e97)", "order_time": ["2019-01-19 21:54:33"], "total_order": 1, "hotel_value": ["4.7"], "hotel_price": ["364"]}, "698202": {"hotel_name": "\u548c\u9890\u9152\u5e97(\u53a6\u95e8\u4e2d\u5c71\u8def\u6d77\u666f\u5e97)", "order_time": ["2019-01-19 21:54:33"], "total_order": 1, "hotel_value": ["4.7"], "hotel_price": ["340"]}, "4971778": {"hotel_name": "\u53a6\u95e8\u6162\u751f\u6d3b\u00b7\u4e50\u753a\u5ba2\u6808", "order_time": ["2019-01-19 21:54:35"], "total_order": 1, "hotel_value": ["4.9"], "hotel_price": ["128"]}, "1586686": {"hotel_name": "\u53a6\u95e8\u60a6\u8c6a\u9152\u5e97", "order_time": ["2019-01-19 21:54:35", "2019-01-19 22:08:38"], "total_order": 2, "hotel_value": ["4.5", "4.5"], "hotel_price": ["214", "214"]}, "1389209": {"hotel_name": "\u9526\u6c5f\u4e4b\u661f\u54c1\u5c1a(\u53a6\u95e8\u96c6\u7f8e\u5927\u5b66\u56fd\u8d38\u5e97)", "order_time": ["2019-01-19 21:54:35"], "total_order": 1, "hotel_value": ["4.6"], "hotel_price": ["219"]}, "397577": {"hotel_name": "\u53a6\u95e8\u5b9d\u9f99\u94c2\u5c14\u66fc\u5927\u9152\u5e97", "order_time": ["2019-01-19 21:54:36"], "total_order": 1, "hotel_value": ["4.7"], "hotel_price": ["746"]}, "19735131": {"hotel_name": "\u53a6\u95e8\u6cab\u5bd3\u9152\u5e97\u5f0f\u516c\u5bd3", "order_time": ["2019-01-19 21:54:37"], "total_order": 1, "hotel_value": ["4.8"], "hotel_price": ["131"]}, "11648449": {"hotel_name": "\u53a6\u95e8\u7d20\u516e.\u6d77\u8fb9\u5ea6\u5047\u5ba2\u6808(\u539f\u897f\u95e8\u753a\u7cbe\u54c1\u6c11\u5bbf)", "order_time": ["2019-01-19 21:54:39"], "total_order": 1, "hotel_value": [0], "hotel_price": ["89"]}, "1473703": {"hotel_name": "\u53a6\u95e8LOFT\u56fd\u9645\u9752\u5e74\u65c5\u820d", "order_time": ["2019-01-19 21:56:41", "2019-01-19 21:54:40"], "total_order": 2, "hotel_value": ["4.6", "4.6"], "hotel_price": ["35", "35"]}, "447260": {"hotel_name": "\u590f\u5546\u00b7\u6021\u5ead\u5feb\u6377\u9152\u5e97(\u53a6\u95e8\u4e1c\u6e21\u90ae\u8f6e\u4e2d\u5fc3\u53a6\u9f13\u7801\u5934\u5e97)", "order_time": ["2019-01-19 22:04:43", "2019-01-19 22:26:42", "2019-01-19 21:54:43"], "total_order": 3, "hotel_value": ["4.2", "4.2", "4.2"], "hotel_price": ["136", "136", "136"]}, "2890185": {"hotel_name": "\u6021\u5bb6\u516c\u5bd3(\u53a6\u95e8\u673a\u573a\u5e97)", "order_time": ["2019-01-19 21:58:43", "2019-01-19 21:54:44", "2019-01-19 22:28:49"], "total_order": 3, "hotel_value": ["4.6", "4.6", "4.6"], "hotel_price": ["103", "103", "108"]}, "1379677": {"hotel_name": "\u9f13\u6d6a\u5c7f\u7f8e\u51cc\u683c\u00b7\u8f6c\u89d2\u5ea6\u5047\u522b\u5885(\u539f\u6708\u6ee1\u82b1\u697c\u9676\u74f7\u827a\u672f\u751f\u6d3b\u9986)", "order_time": ["2019-01-19 21:54:48"], "total_order": 1, "hotel_value": ["4.7"], "hotel_price": ["256"]}, "2042480": {"hotel_name": "7\u5929\u8fde\u9501\u9152\u5e97(\u53a6\u95e8\u9f13\u6d6a\u5c7f\u7801\u5934\u5e97)", "order_time": ["2019-01-19 22:02:33", "2019-01-19 21:54:48"], "total_order": 2, "hotel_value": ["3.9", "3.9"], "hotel_price": ["150", "150"]}, "6414490": {"hotel_name": "\u9f13\u6d6a\u5c7f\u5c0f\u6843\u6e90\u65c5\u9986(\u539f\u7231\u4e3d\u4e1d\u65c5\u9986)", "order_time": ["2019-01-19 21:54:48"], "total_order": 1, "hotel_value": ["4.3"], "hotel_price": ["45"]}, "2107711": {"hotel_name": "\u53a6\u95e8\u6211\u4f73\u5bbe\u9986", "order_time": ["2019-01-19 21:54:58"], "total_order": 1, "hotel_value": ["3.9"], "hotel_price": ["119"]}, "1447130": {"hotel_name": "\u53a6\u95e8\u592a\u7a7a\u8231\u516c\u5bd3\u9152\u5e97", "order_time": ["2019-01-19 21:55:16"], "total_order": 1, "hotel_value": ["4.3"], "hotel_price": ["39"]}, "428893": {"hotel_name": "\u53a6\u95e8\u5bbe\u9986", "order_time": ["2019-01-19 22:24:36", "2019-01-19 22:04:33", "2019-01-19 21:56:33"], "total_order": 3, "hotel_value": ["4.8", "4.8", "4.8"], "hotel_price": ["406", "406", "406"]}, "483477": {"hotel_name": "\u7f57\u671b\u00b7\u53a6\u95e8\u9f13\u6d6a\u5c7f\u5317\u5c7f\u9152\u5e97", "order_time": ["2019-01-19 22:18:41", "2019-01-19 21:56:35"], "total_order": 2, "hotel_value": ["4.6", "4.6"], "hotel_price": ["402", "402"]}, "3802030": {"hotel_name": "\u53a6\u95e8\u53ef\u5c45\u9152\u5e97", "order_time": ["2019-01-19 22:20:33", "2019-01-19 21:56:35"], "total_order": 2, "hotel_value": ["4.6", "4.6"], "hotel_price": ["171", "171"]}, "4311628": {"hotel_name": "\u65b0\u53cb\u8c0a\u9152\u5e97\u5f0f\u516c\u5bd3(\u53a6\u95e8\u673a\u573a\u5e97)", "order_time": ["2019-01-19 22:08:38", "2019-01-19 21:56:37"], "total_order": 2, "hotel_value": ["4.3", "4.3"], "hotel_price": ["118", "118"]}, "481752": {"hotel_name": "\u9526\u6c5f\u4e4b\u661f(\u53a6\u95e8\u673a\u573a\u533a\u653f\u5e9c\u5e97)", "order_time": ["2019-01-19 21:56:39"], "total_order": 1, "hotel_value": ["4.2"], "hotel_price": ["159"]}, "15899701": {"hotel_name": "\u6854\u5b50\u9152\u5e97\u7cbe\u9009(\u53a6\u95e8\u673a\u573a\u6210\u529f\u5927\u9053\u5e97)", "order_time": ["2019-01-19 22:08:35", "2019-01-19 21:56:39", "2019-01-19 22:26:32"], "total_order": 3, "hotel_value": ["4.8", "4.8", "4.8"], "hotel_price": ["313", "332", "332"]}, "521079": {"hotel_name": "\u53a6\u95e8\u9999\u8349\u56ed\u9152\u5e97", "order_time": ["2019-01-19 21:56:40"], "total_order": 1, "hotel_value": ["4.8"], "hotel_price": ["345"]}, "448703": {"hotel_name": "\u53a6\u95e8\u4e50\u96c5\u65e0\u57a0\u9152\u5e97", "order_time": ["2019-01-19 21:56:40"], "total_order": 1, "hotel_value": ["4.6"], "hotel_price": ["599"]}, "2304549": {"hotel_name": "99\u65c5\u9986\u8fde\u9501(\u53a6\u95e8SM\u4e4c\u77f3\u6d66\u5730\u94c1\u7ad9\u5e97)", "order_time": ["2019-01-19 21:56:43"], "total_order": 1, "hotel_value": ["4.1"], "hotel_price": ["124"]}, "2229421": {"hotel_name": "\u5c71\u5c45\u5ba2\u6808(\u53a6\u95e8\u66fe\u539d\u57b5\u5e97)", "order_time": ["2019-01-19 21:58:33"], "total_order": 1, "hotel_value": ["4.7"], "hotel_price": ["158"]}, "1738310": {"hotel_name": "\u53a6\u95e8\u9752\u5e74\u9633\u5149\u7cbe\u54c1\u5546\u52a1\u9152\u5e97(\u678b\u6e56\u5e97)", "order_time": ["2019-01-19 21:58:37"], "total_order": 1, "hotel_value": ["4.4"], "hotel_price": ["211"]}, "6516890": {"hotel_name": "\u5168\u5b63\u9152\u5e97(\u53a6\u95e8SM\u5e7f\u573a\u677e\u67cf\u5e97)", "order_time": ["2019-01-19 21:58:38"], "total_order": 1, "hotel_value": ["4.8"], "hotel_price": ["379"]}, "1726924": {"hotel_name": "\u53a6\u95e8\u9f13\u6d6a\u5c7f\u4e07\u6c34\u5343\u5c71\u5ea6\u5047\u5c71\u5e84", "order_time": ["2019-01-19 21:58:39"], "total_order": 1, "hotel_value": ["4.4"], "hotel_price": ["290"]}, "6554578": {"hotel_name": "\u53a6\u95e8\u76db\u6377\u8f6f\u4ef6\u56ed\u670d\u52a1\u516c\u5bd3", "order_time": ["2019-01-19 21:58:40"], "total_order": 1, "hotel_value": ["4.6"], "hotel_price": ["467"]}, "1018033": {"hotel_name": "\u53a6\u95e8\u5317\u7ad9\u5947\u65fa\u65c5\u9986", "order_time": ["2019-01-19 21:58:45"], "total_order": 1, "hotel_value": ["4.7"], "hotel_price": ["83"]}, "1406089": {"hotel_name": "\u53a6\u95e8\u96c6\u7f8e\u674f\u9716\u5bbe\u9986", "order_time": ["2019-01-19 21:58:46"], "total_order": 1, "hotel_value": ["4.1"], "hotel_price": ["123"]}, "5660213": {"hotel_name": "\u53a6\u95e8\u827e\u7b51\u9152\u5e97\u516c\u5bd3", "order_time": ["2019-01-19 22:02:49", "2019-01-19 21:58:46"], "total_order": 2, "hotel_value": ["4.7", "4.7"], "hotel_price": ["203", "203"]}, "6483107": {"hotel_name": "\u53a6\u95e8\u6234\u66fc\u65af\u7cbe\u54c1\u9152\u5e97", "order_time": ["2019-01-19 22:00:38"], "total_order": 1, "hotel_value": ["4.6"], "hotel_price": ["154"]}, "6763972": {"hotel_name": "\u53a6\u95e8\u5317\u7ad9\u66fc\u5df4\u9152\u5e97", "order_time": ["2019-01-19 22:30:41", "2019-01-19 22:00:38", "2019-01-19 22:18:40"], "total_order": 3, "hotel_value": ["4.7", "4.7", "4.7"], "hotel_price": ["168", "168", "168"]}, "2305465": {"hotel_name": "\u901f8\u9152\u5e97(\u53a6\u95e8\u540c\u5b89\u540c\u96c6\u5317\u8def\u5e97)", "order_time": ["2019-01-19 22:00:38"], "total_order": 1, "hotel_value": ["3.9"], "hotel_price": ["140"]}, "929605": {"hotel_name": "\u53a6\u95e8\u9752\u5e74\u9633\u5149\u9152\u5e97(\u4e1c\u6e21\u53a6\u9f13\u90ae\u8f6e\u7801\u5934\u5e97)", "order_time": ["2019-01-19 22:00:38"], "total_order": 1, "hotel_value": ["4.2"], "hotel_price": ["144"]}, "15717242": {"hotel_name": "\u53a6\u95e8\u9e6d\u5c9b\u6234\u65af\u9152\u5e97", "order_time": ["2019-01-19 22:00:38"], "total_order": 1, "hotel_value": ["4.6"], "hotel_price": ["359"]}, "2303094": {"hotel_name": "\u53a6\u95e8\u7389\u9f99\u9152\u5e97", "order_time": ["2019-01-19 22:00:39"], "total_order": 1, "hotel_value": ["4.2"], "hotel_price": ["143"]}, "458319": {"hotel_name": "\u9752\u5e74\u9633\u5149\u9152\u5e97(\u53a6\u95e8\u706b\u8f66\u7ad9\u6587\u7076\u5e97)", "order_time": ["2019-01-19 22:26:46", "2019-01-19 22:00:40"], "total_order": 2, "hotel_value": ["4.5", "4.5"], "hotel_price": ["134", "134"]}, "23858080": {"hotel_name": "\u53a6\u95e8\u4f73\u9038\u5e0c\u5c14\u987f\u683c\u82ae\u7cbe\u9009\u9152\u5e97", "order_time": ["2019-01-19 22:00:41"], "total_order": 1, "hotel_value": ["4.7"], "hotel_price": ["967"]}, "483838": {"hotel_name": "\u53a6\u95e8\u7a7a\u6e2f\u4f70\u7fd4\u82b1\u56ed\u9152\u5e97", "order_time": ["2019-01-19 22:22:37", "2019-01-19 22:00:42"], "total_order": 2, "hotel_value": ["4.5", "4.5"], "hotel_price": ["352", "352"]}, "1541934": {"hotel_name": "\u53a6\u95e8\u68b5\u5c45\u00b7\u9759\u5fc3\u522b\u9662", "order_time": ["2019-01-19 22:00:46"], "total_order": 1, "hotel_value": ["4.9"], "hotel_price": ["282"]}, "6159853": {"hotel_name": "\u7231\u4e3d\u4e1d\u4e3b\u9898\u9152\u5e97(\u53a6\u95e8\u706b\u8f66\u7ad9\u5e97)", "order_time": ["2019-01-19 22:20:45", "2019-01-19 22:00:51"], "total_order": 2, "hotel_value": ["4.4", "4.4"], "hotel_price": ["183", "183"]}, "375293": {"hotel_name": "\u53a6\u95e8\u95fd\u5357\u5927\u9152\u5e97", "order_time": ["2019-01-19 22:01:02"], "total_order": 1, "hotel_value": ["4.6"], "hotel_price": ["398"]}, "1434905": {"hotel_name": "\u9752\u5e74\u9633\u5149\u9152\u5e97(\u53a6\u95e8\u8f6e\u6e21\u5e97)", "order_time": ["2019-01-19 22:02:36"], "total_order": 1, "hotel_value": ["4.5"], "hotel_price": ["118"]}, "435290": {"hotel_name": "\u53a6\u95e8\u6625\u5149\u9152\u5e97", "order_time": ["2019-01-19 22:02:36"], "total_order": 1, "hotel_value": ["4.7"], "hotel_price": ["280"]}, "1830099": {"hotel_name": "\u7231\u4e01\u5821\u8fde\u9501\u9152\u5e97(\u53a6\u95e8\u4f1a\u5c55\u5e97)", "order_time": ["2019-01-19 22:02:36", "2019-01-19 22:08:35", "2019-01-19 22:16:36"], "total_order": 3, "hotel_value": ["4.4", "4.4", "4.4"], "hotel_price": ["189", "189", "189"]}, "440782": {"hotel_name": "\u53a6\u95e8\u65fa\u8f89\u9152\u5e97", "order_time": ["2019-01-19 22:12:40", "2019-01-19 22:30:46", "2019-01-19 22:14:43", "2019-01-19 22:02:37"], "total_order": 4, "hotel_value": ["4.8", "4.8", "4.8", "4.8"], "hotel_price": ["218", "218", "218", "218"]}, "432895": {"hotel_name": "\u82cf\u6258\u4e9a(\u9f13\u6d6a\u5c7f\u5de2\u5ead1919\u5e97)", "order_time": ["2019-01-19 22:02:37", "2019-01-19 22:16:36"], "total_order": 2, "hotel_value": ["4.8", "4.8"], "hotel_price": ["286", "286"]}, "27704894": {"hotel_name": "\u53a6\u95e8\u4e0e\u767d\u6c11\u5bbf", "order_time": ["2019-01-19 22:02:38"], "total_order": 1, "hotel_value": ["4.9"], "hotel_price": ["262"]}, "451156": {"hotel_name": "\u9f13\u6d6a\u5c7f\u53a6\u6808\u56db\u5b63\u661f\u7a7a\u9152\u5e97", "order_time": ["2019-01-19 22:02:41"], "total_order": 1, "hotel_value": ["4.0"], "hotel_price": ["128"]}, "1066354": {"hotel_name": "\u6613\u4f70\u8fde\u9501\u65c5\u5e97(\u53a6\u95e8\u6d77\u5bcc\u5e97)", "order_time": ["2019-01-19 22:02:56"], "total_order": 1, "hotel_value": ["4.0"], "hotel_price": ["145"]}, "2304389": {"hotel_name": "\u9038\u6ed4\u8fde\u9501\u9152\u5e97(\u53a6\u95e8\u83b2\u82b1\u5317\u8def\u5e97)", "order_time": ["2019-01-19 22:02:56"], "total_order": 1, "hotel_value": ["3.8"], "hotel_price": ["93"]}, "1253266": {"hotel_name": "\u53a6\u95e8\u83ab\u5ca9\u5c0f\u53ef\u5ba2\u6808", "order_time": ["2019-01-19 22:03:01"], "total_order": 1, "hotel_value": ["4.2"], "hotel_price": ["88"]}, "1893295": {"hotel_name": "\u53a6\u95e8\u83b2\u5bcc\u5546\u52a1\u9152\u5e97", "order_time": ["2019-01-19 22:04:34"], "total_order": 1, "hotel_value": ["4.0"], "hotel_price": ["105"]}, "2906054": {"hotel_name": "\u53a6\u95e8\u67ab\u548c\u6e90\u9152\u5e97", "order_time": ["2019-01-19 22:04:35"], "total_order": 1, "hotel_value": ["4.5"], "hotel_price": ["238"]}, "5312033": {"hotel_name": "\u53a6\u95e8\u6c38\u4e30\u6d77\u6d0b\u5ba2\u6808", "order_time": ["2019-01-19 22:04:35"], "total_order": 1, "hotel_value": ["4.6"], "hotel_price": ["155"]}, "346260": {"hotel_name": "\u53a6\u95e8\u745e\u9890\u5927\u9152\u5e97", "order_time": ["2019-01-19 22:16:48", "2019-01-19 22:04:36"], "total_order": 2, "hotel_value": ["4.7", "4.7"], "hotel_price": ["1049", "1049"]}, "4444481": {"hotel_name": "\u4f60\u597d\u53a6\u95e8\u667a\u80fd\u5bb6\u5ead\u65c5\u9986(\u4e2d\u5c71\u8def\u5e97)(\u539f\u5de6\u53f3\u5496\u5561\u65c5\u9986)", "order_time": ["2019-01-19 22:04:37"], "total_order": 1, "hotel_value": ["4.7"], "hotel_price": ["161"]}, "6512986": {"hotel_name": "\u53a6\u95e8\u4e4c\u5ae3\u539d\u5ba2\u6808", "order_time": ["2019-01-19 22:04:37"], "total_order": 1, "hotel_value": ["4.9"], "hotel_price": ["218"]}, "2338764": {"hotel_name": "\u53a6\u95e8\u7eb3\u5ba2\u56fd\u9645\u9752\u5e74\u65c5\u820d", "order_time": ["2019-01-19 22:04:39"], "total_order": 1, "hotel_value": ["4.5"], "hotel_price": ["30"]}, "14261979": {"hotel_name": "\u53a6\u95e8\u7075\u73b2\u5927\u9152\u5e97", "order_time": ["2019-01-19 22:04:39"], "total_order": 1, "hotel_value": ["4.5"], "hotel_price": ["399"]}, "8656624": {"hotel_name": "\u5168\u5b63\u9152\u5e97(\u53a6\u95e8\u96c6\u7f8e\u5b66\u6751\u5e97)(\u539f\u8d22\u7a0e\u5bbe\u9986)", "order_time": ["2019-01-19 22:04:41"], "total_order": 1, "hotel_value": ["4.7"], "hotel_price": ["284"]}, "7498277": {"hotel_name": "\u53a6\u95e8\u4e0d\u539d\u516c\u5bd3", "order_time": ["2019-01-19 22:04:42"], "total_order": 1, "hotel_value": ["4.9"], "hotel_price": ["213"]}, "2298885": {"hotel_name": "\u53a6\u95e8\u9f13\u6d6a\u5c7f\u6d77\u534e\u5ea6\u5047\u5c4b", "order_time": ["2019-01-19 22:04:50", "2019-01-19 22:13:09"], "total_order": 2, "hotel_value": ["5.0", "5.0"], "hotel_price": ["366", "366"]}, "436632": {"hotel_name": "\u53a6\u95e8\u4e07\u4f73\u4e1c\u65b9\u9152\u5e97", "order_time": ["2019-01-19 22:06:35"], "total_order": 1, "hotel_value": ["4.4"], "hotel_price": ["173"]}, "12794277": {"hotel_name": "\u96e8\u679c\u9152\u5e97\u5f0f\u516c\u5bd3(\u53a6\u95e8\u4e07\u8fbe\u5e97)", "order_time": ["2019-01-19 22:06:38"], "total_order": 1, "hotel_value": ["4.6"], "hotel_price": ["231"]}, "474586": {"hotel_name": "\u5982\u5bb6\u8054\u76df\u00b7\u53a6\u95e8\u6591\u6593\u9152\u5e97(\u539f\u91d1\u5e1d\u9152\u5e97)", "order_time": ["2019-01-19 22:06:39"], "total_order": 1, "hotel_value": ["4.8"], "hotel_price": ["263"]}, "514344": {"hotel_name": "\u53a6\u95e8\u94c2\u5c14\u6e7e\u9152\u5e97", "order_time": ["2019-01-19 22:06:45"], "total_order": 1, "hotel_value": ["4.1"], "hotel_price": ["112"]}, "4656016": {"hotel_name": "\u53a6\u95e8\u5927\u5b66\u9e6d\u7720\u6d77\u666f\u9152\u5e97\u516c\u5bd3", "order_time": ["2019-01-19 22:06:45"], "total_order": 1, "hotel_value": ["4.7"], "hotel_price": ["913"]}, "2305457": {"hotel_name": "\u53a6\u95e8\u9f13\u6d6a\u5c7f\u6c99\u9e25\u5c45\u5ba2\u6808", "order_time": ["2019-01-19 22:08:40"], "total_order": 1, "hotel_value": ["4.8"], "hotel_price": ["242"]}, "858889": {"hotel_name": "\u53a6\u95e8\u4e5d\u95f4\u5802\u8bbe\u8ba1\u5e08\u6c11\u5bbf(\u539f\u53a6\u95e8\u4e09\u6708\u5ba2\u6808)", "order_time": ["2019-01-19 22:08:40"], "total_order": 1, "hotel_value": ["4.8"], "hotel_price": ["197"]}, "926850": {"hotel_name": "\u53a6\u95e8\u96c5\u5bbf\u5feb\u6377\u9152\u5e97(\u4e1c\u6e21\u90ae\u8f6e\u4e2d\u5fc3\u53a6\u9f13\u7801\u5934\u5e97)", "order_time": ["2019-01-19 22:08:42"], "total_order": 1, "hotel_value": ["4.3"], "hotel_price": ["123"]}, "473274": {"hotel_name": "\u53a6\u95e8\u65e5\u4e1c\u82b1\u56ed\u9152\u5e97(\u81ea\u9a7e\u8f66\u4e3b\u9898\u9152\u5e97)", "order_time": ["2019-01-19 22:08:47"], "total_order": 1, "hotel_value": ["4.5"], "hotel_price": ["394"]}, "25805759": {"hotel_name": "\u65af\u7ef4\u767b\u5ea6\u5047\u516c\u5bd3(\u53a6\u95e8\u5927\u5b66\u5e97)", "order_time": ["2019-01-19 22:10:37"], "total_order": 1, "hotel_value": ["4.9"], "hotel_price": ["573"]}, "1228138": {"hotel_name": "\u5982\u5bb6\u5feb\u6377\u9152\u5e97(\u53a6\u95e8\u4f53\u80b2\u4e2d\u5fc3\u69df\u6994\u8def\u6e56\u666f\u5e97)", "order_time": ["2019-01-19 22:10:39"], "total_order": 1, "hotel_value": ["4.4"], "hotel_price": ["123"]}, "1478830": {"hotel_name": "\u53a6\u95e8\u9f13\u6d6a\u5c7f\u5c0f\u8309\u8389\u65c5\u9986", "order_time": ["2019-01-19 22:10:42"], "total_order": 1, "hotel_value": ["4.7"], "hotel_price": ["205"]}, "448912": {"hotel_name": "\u5982\u5bb6\u5feb\u6377\u9152\u5e97(\u53a6\u95e8\u706b\u8f66\u7ad9\u6e56\u6ee8\u4e1c\u8def\u9e3f\u8fd0\u5927\u53a6\u5e97)", "order_time": ["2019-01-19 22:10:45"], "total_order": 1, "hotel_value": ["4.3"], "hotel_price": ["189"]}, "480488": {"hotel_name": "\u53a6\u95e8\u5c1a\u8c6a\u9152\u5e97", "order_time": ["2019-01-19 22:10:50"], "total_order": 1, "hotel_value": ["3.9"], "hotel_price": ["318"]}, "21146652": {"hotel_name": "\u53a6\u95e8\u4e45\u7a9d\u5ba2\u6808", "order_time": ["2019-01-19 22:16:59", "2019-01-19 22:10:52"], "total_order": 2, "hotel_value": ["4.6", "4.6"], "hotel_price": ["68", "68"]}, "6170688": {"hotel_name": "\u53a6\u95e8\u6d77\u8f69\u516c\u5bd3", "order_time": ["2019-01-19 22:10:55"], "total_order": 1, "hotel_value": [0], "hotel_price": ["67"]}, "2309438": {"hotel_name": "\u91d1\u6749\u6811\u7cbe\u54c1\u9152\u5e97\uff08\u53a6\u95e8\u5609\u5e9a\u4f53\u80b2\u9986\u5e97\uff09", "order_time": ["2019-01-19 22:10:58", "2019-01-19 22:28:49"], "total_order": 2, "hotel_value": ["3.9", "3.9"], "hotel_price": ["128", "138"]}, "1227390": {"hotel_name": "886\u7cbe\u54c1\u9152\u5e97(\u53a6\u95e8\u6d77\u6ca7\u533a\u653f\u5e9c\u5e97)", "order_time": ["2019-01-19 22:12:36", "2019-01-19 22:28:48"], "total_order": 2, "hotel_value": ["4.1", "4.1"], "hotel_price": ["162", "162"]}, "392554": {"hotel_name": "\u53a6\u95e8\u91d1\u745e\u4f73\u6cf0\u9152\u5e97(\u539f\u91d1\u5df4\u5170\u9152\u5e97)", "order_time": ["2019-01-19 22:12:37"], "total_order": 1, "hotel_value": ["4.5"], "hotel_price": ["299"]}, "432697": {"hotel_name": "\u6d77\u53cb\u9152\u5e97(\u53a6\u95e8\u4e07\u8c61\u57ce\u5e97)(\u539f\u91d1\u699c\u897f\u8def\u5e97)", "order_time": ["2019-01-19 22:12:38"], "total_order": 1, "hotel_value": ["4.3"], "hotel_price": ["123"]}, "21624149": {"hotel_name": "\u53a6\u95e8\u53a6\u5929\u7f8e\u5bbf\u5ba2\u6808", "order_time": ["2019-01-19 22:12:42"], "total_order": 1, "hotel_value": ["4.9"], "hotel_price": ["105"]}, "6839393": {"hotel_name": "\u5bb6\u5bb6\u4e50\u9152\u5e97\uff08\u53a6\u95e8\u4e2d\u5c71\u8def\u5347\u5e73\u5e97\uff09", "order_time": ["2019-01-19 22:12:42"], "total_order": 1, "hotel_value": ["4.4"], "hotel_price": ["125"]}, "2645250": {"hotel_name": "\u53a6\u95e8\u9f13\u6d6a\u5c7f\u4ed6\u57ce\u4e00\u6d77\u5ea6\u5047\u6d77\u666f\u522b\u5885", "order_time": ["2019-01-19 22:12:42"], "total_order": 1, "hotel_value": ["4.8"], "hotel_price": ["754"]}, "6955152": {"hotel_name": "\u53a6\u95e8\u541b\u96c5\u65f6\u5c1a\u9152\u5e97(\u539f\u4e98\u91d1\u9152\u5e97)", "order_time": ["2019-01-19 22:12:43"], "total_order": 1, "hotel_value": ["4.8"], "hotel_price": ["65"]}, "6870645": {"hotel_name": "\u53a6\u95e8\u91d1\u9e3f\u745e\u9152\u5e97\u673a\u573a\u5e97", "order_time": ["2019-01-19 22:12:45", "2019-01-19 22:26:54"], "total_order": 2, "hotel_value": ["4.4", "4.4"], "hotel_price": ["133", "133"]}, "11479450": {"hotel_name": "\u53a6\u95e8\u7761\u5fb7\u9999\u9152\u5e97\u516c\u5bd3", "order_time": ["2019-01-19 22:12:46"], "total_order": 1, "hotel_value": ["4.7"], "hotel_price": ["153"]}, "13994690": {"hotel_name": "\u53a6\u95e8\u4e8c\u72d7\u541bleo\u666e\u901a\u516c\u5bd3", "order_time": ["2019-01-19 22:12:53"], "total_order": 1, "hotel_value": [0], "hotel_price": ["200"]}, "1086014": {"hotel_name": "\u53a6\u95e8\u6995\u6811\u4e0b\u5496\u5561\u65c5\u9986", "order_time": ["2019-01-19 22:13:01"], "total_order": 1, "hotel_value": ["4.5"], "hotel_price": ["138"]}, "6262851": {"hotel_name": "\u53a6\u95e8\u98de\u5bbf\u8fde\u9501\u5b89\u59ae\u00b7\u6735\u62c9\u5e84\u56ed", "order_time": ["2019-01-19 22:13:09"], "total_order": 1, "hotel_value": ["4.7"], "hotel_price": ["196"]}, "444772": {"hotel_name": "\u590f\u5546\u00b7\u6021\u5ead\u5feb\u6377\u9152\u5e97(\u53a6\u95e8\u706b\u8f66\u7ad9\u6c47\u6210\u5e97)", "order_time": ["2019-01-19 22:13:09"], "total_order": 1, "hotel_value": ["4.4"], "hotel_price": ["105"]}, "436727": {"hotel_name": "\u53a6\u95e8\u9f13\u6d6a\u5c7f\u7434\u7b19\u9152\u5e97", "order_time": ["2019-01-19 22:13:09"], "total_order": 1, "hotel_value": ["4.1"], "hotel_price": ["238"]}, "1730041": {"hotel_name": "\u9f13\u6d6a\u5c7f\u6e29\u838e\u516c\u9986", "order_time": ["2019-01-19 22:13:12"], "total_order": 1, "hotel_value": [0], "hotel_price": ["347"]}, "2297831": {"hotel_name": "\u5168\u5b63\u9152\u5e97(\u53a6\u95e8\u4e2d\u5c71\u8def\u6b65\u884c\u8857\u5e97)", "order_time": ["2019-01-19 22:14:36"], "total_order": 1, "hotel_value": ["4.8"], "hotel_price": ["417"]}, "2088412": {"hotel_name": "\u9526\u6c5f\u4e4b\u661f(\u53a6\u95e8\u4f1a\u5c55\u4e2d\u5fc3\u73af\u5c9b\u8def\u5e97)", "order_time": ["2019-01-19 22:14:36"], "total_order": 1, "hotel_value": ["4.4"], "hotel_price": ["244"]}, "437770": {"hotel_name": "\u53a6\u95e8\u79be\u6b63\u5927\u9152\u5e97", "order_time": ["2019-01-19 22:14:36", "2019-01-19 22:18:40"], "total_order": 2, "hotel_value": ["4.2", "4.2"], "hotel_price": ["146", "146"]}, "436701": {"hotel_name": "\u90fd\u5e02\u7cbe\u54c1\u9152\u5e97(\u53a6\u95e8\u83b2\u82b1\u53e3\u5730\u94c1\u7ad9\u5e97)", "order_time": ["2019-01-19 22:14:37"], "total_order": 1, "hotel_value": ["4.4"], "hotel_price": ["115"]}, "1541979": {"hotel_name": "\u53a6\u95e8\u6708\u5149\u5ca9\u82b1\u56ed\u522b\u5885", "order_time": ["2019-01-19 22:14:37"], "total_order": 1, "hotel_value": ["4.4"], "hotel_price": ["260"]}, "2391888": {"hotel_name": "\u826f\u5885\u00b7\u7f24\u7eb7\u82b1\u6d77\u5ea6\u5047\u5e84\u56ed(\u53a6\u95e8\u66fe\u539d\u57b5\u5e97)", "order_time": ["2019-01-19 22:14:37"], "total_order": 1, "hotel_value": ["4.8"], "hotel_price": ["165"]}, "4645488": {"hotel_name": "\u53a6\u95e8\u4f1f\u4f26\u4e3b\u9898\u522b\u5885\u5ba2\u6808", "order_time": ["2019-01-19 22:14:37"], "total_order": 1, "hotel_value": ["4.5"], "hotel_price": ["353"]}, "13657584": {"hotel_name": "\u53a6\u95e8\u79a7\u7f8e\u65f6\u5149\u9152\u5e97", "order_time": ["2019-01-19 22:14:38"], "total_order": 1, "hotel_value": ["4.6"], "hotel_price": ["183"]}, "2301832": {"hotel_name": "7\u5929\u8fde\u9501\u9152\u5e97(\u53a6\u95e8\u4e2d\u5c71\u8def\u8f6e\u6e21\u5e97)", "order_time": ["2019-01-19 22:14:41"], "total_order": 1, "hotel_value": ["4.1"], "hotel_price": ["126"]}, "2306991": {"hotel_name": "\u53a6\u95e8\u60a0\u5c45\u9a7f\u7ad9\u9152\u5e97", "order_time": ["2019-01-19 22:14:47"], "total_order": 1, "hotel_value": ["4.0"], "hotel_price": ["98"]}, "5663579": {"hotel_name": "\u53a6\u95e8\u6ee8\u6d77\u5ba2\u6808", "order_time": ["2019-01-19 22:14:51"], "total_order": 1, "hotel_value": [0], "hotel_price": ["70"]}, "2302013": {"hotel_name": "\u9f13\u6d6a\u5c7f\u5c7f\u5cb8\u82b1\u5ea6\u5047\u65c5\u9986", "order_time": ["2019-01-19 22:14:54"], "total_order": 1, "hotel_value": ["4.3"], "hotel_price": ["288"]}, "5924369": {"hotel_name": "\u53a6\u95e8\u6f58\u591a\u62c9\u57ce\u5821\u5e84\u56ed", "order_time": ["2019-01-19 22:16:34"], "total_order": 1, "hotel_value": ["4.9"], "hotel_price": ["199"]}, "443333": {"hotel_name": "\u9752\u5e74\u9633\u5149\u8fde\u9501\u9152\u5e97(\u53a6\u95e8\u65b9\u7279\u68a6\u5e7b\u540c\u5b89\u5e97)(\u539f\u540c\u5b89\u5e97)", "order_time": ["2019-01-19 22:16:37"], "total_order": 1, "hotel_value": ["4.5"], "hotel_price": ["135"]}, "1857599": {"hotel_name": "\u590f\u5546\u00b7\u6021\u5ead\u5feb\u6377\u9152\u5e97(\u53a6\u95e8\u96c6\u7f8e\u674f\u6797\u5e97)", "order_time": ["2019-01-19 22:16:40"], "total_order": 1, "hotel_value": ["4.2"], "hotel_price": ["135"]}, "434801": {"hotel_name": "\u53a6\u95e8\u51ef\u88d5\u7f8e\u7235\u9152\u5e97", "order_time": ["2019-01-19 22:16:48"], "total_order": 1, "hotel_value": ["4.5"], "hotel_price": ["519"]}, "5979596": {"hotel_name": "\u53a6\u95e8\u9f13\u6d6a\u5c7f\u4e00\u4e00\u5ba2\u6808", "order_time": ["2019-01-19 22:16:59", "2019-01-19 22:28:57"], "total_order": 2, "hotel_value": ["4.4", "4.4"], "hotel_price": ["108", "238"]}, "474564": {"hotel_name": "\u53a6\u95e8\u4e88\u8f69\u9152\u5e97", "order_time": ["2019-01-19 22:17:00"], "total_order": 1, "hotel_value": ["4.6"], "hotel_price": ["228"]}, "6483590": {"hotel_name": "\u53a6\u95e8\u5fbd\u5bbf", "order_time": ["2019-01-19 22:17:08"], "total_order": 1, "hotel_value": ["4.8"], "hotel_price": ["186"]}, "1498669": {"hotel_name": "\u53a6\u95e8\u5317\u7ad9\u548c\u798f\u5ba2\u6808", "order_time": ["2019-01-19 22:24:36", "2019-01-19 22:18:38"], "total_order": 2, "hotel_value": ["4.9", "4.9"], "hotel_price": ["109", "109"]}, "4029539": {"hotel_name": "\u53a6\u95e8\u98de\u5bbf\u8fde\u9501\u53cc\u5b50\u5885\u7687\u5bb6\u5ea6\u5047\u5e84\u56ed", "order_time": ["2019-01-19 22:18:42"], "total_order": 1, "hotel_value": ["4.7"], "hotel_price": ["257"]}, "4092420": {"hotel_name": "\u9f13\u6d6a\u5c7f\u90a3\u5c9b\u90a3\u6d77\u5ea6\u5047\u65c5\u9986", "order_time": ["2019-01-19 22:18:44"], "total_order": 1, "hotel_value": ["4.8"], "hotel_price": ["298"]}, "13912439": {"hotel_name": "\u53a6\u95e8\u6620\u96ea\u8f7b\u5962\u9152\u5e97", "order_time": ["2019-01-19 22:18:44"], "total_order": 1, "hotel_value": ["4.9"], "hotel_price": ["216"]}, "4494388": {"hotel_name": "\u9f13\u6d6a\u5c7f\u989c\u5915\u65c5\u9986(\u539f\u7d2b\u6728\u9999\u5c45\u5ba2\u6808)", "order_time": ["2019-01-19 22:18:45"], "total_order": 1, "hotel_value": ["4.7"], "hotel_price": ["161"]}, "5386927": {"hotel_name": "\u53a6\u95e8\u552f\u820d\u5ea6\u5047\u5c4b", "order_time": ["2019-01-19 22:18:46"], "total_order": 1, "hotel_value": ["4.7"], "hotel_price": ["195"]}, "1405442": {"hotel_name": "\u53a6\u95e8\u4f50\u6d77\u4f1a\u5c55\u9152\u5e97", "order_time": ["2019-01-19 22:18:47"], "total_order": 1, "hotel_value": ["3.7"], "hotel_price": ["187"]}, "5467669": {"hotel_name": "\u53a6\u95e8\u5b9c\u9014\u7cbe\u54c1\u9152\u5e97", "order_time": ["2019-01-19 22:18:47"], "total_order": 1, "hotel_value": ["4.7"], "hotel_price": ["218"]}, "2098288": {"hotel_name": "\u53a6\u95e8\u84dd\u8272\u6d77\u5cb8\u5546\u52a1\u9152\u5e97(\u6d77\u6ca7\u5e97)", "order_time": ["2019-01-19 22:18:48"], "total_order": 1, "hotel_value": ["3.6"], "hotel_price": ["208"]}, "1196997": {"hotel_name": "\u53a6\u95e8\u4e2d\u56ed\u5bbe\u9986", "order_time": ["2019-01-19 22:18:49"], "total_order": 1, "hotel_value": ["3.5"], "hotel_price": ["138"]}, "2215303": {"hotel_name": "\u53a6\u95e8\u6c83\u6c70\u5bbe\u9986", "order_time": ["2019-01-19 22:18:51"], "total_order": 1, "hotel_value": ["4.0"], "hotel_price": ["133"]}, "1741995": {"hotel_name": "\u5982\u5bb6\u6d3e\u67cf\u00b7\u4e91\u9152\u5e97(\u53a6\u95e8\u53a6\u79be\u8def\u56fd\u8d38\u5e97)(\u539f\u4e9a\u66fc\u9152\u5e97)", "order_time": ["2019-01-19 22:20:40"], "total_order": 1, "hotel_value": ["4.1"], "hotel_price": ["132"]}, "4817706": {"hotel_name": "\u53a6\u95e8\u4e09\u4e2a\u53a6\u5927\u4ebakiwi\u6c11\u5bbf", "order_time": ["2019-01-19 22:20:40"], "total_order": 1, "hotel_value": ["4.9"], "hotel_price": ["709"]}, "2251394": {"hotel_name": "\u53a6\u95e8A\u5ba2\u8231", "order_time": ["2019-01-19 22:20:41"], "total_order": 1, "hotel_value": ["4.7"], "hotel_price": ["212"]}, "2914952": {"hotel_name": "\u53a6\u95e8\u5927\u5b66\u51ef\u5c14\u987f\u6d77\u666f\u516c\u5bd3(\u539f\u53a6\u5927\u4e16\u8302\u6d77\u5ce1\u9152\u5e97\u516c\u5bd3)", "order_time": ["2019-01-19 22:22:38"], "total_order": 1, "hotel_value": ["4.4"], "hotel_price": ["490"]}, "369750": {"hotel_name": "\u53a6\u95e8\u6cdb\u592a\u5e73\u6d0b\u5927\u9152\u5e97", "order_time": ["2019-01-19 22:22:39"], "total_order": 1, "hotel_value": ["4.6"], "hotel_price": ["700"]}, "445258": {"hotel_name": "\u5982\u662f\u9152\u5e97(\u53a6\u95e8\u4e3b\u9898\u58f9\u53f7\u5e97)", "order_time": ["2019-01-19 22:22:39"], "total_order": 1, "hotel_value": ["4.8"], "hotel_price": ["1074"]}, "4815087": {"hotel_name": "\u53a6\u95e8\u9f13\u6d6a\u5c7f\u6f2b\u6f2b\u60a0\u60a0\u65c5\u9986", "order_time": ["2019-01-19 22:22:39"], "total_order": 1, "hotel_value": ["4.8"], "hotel_price": ["173"]}, "1386469": {"hotel_name": "\u5982\u5bb6\u5feb\u6377\u9152\u5e97(\u53a6\u95e8\u96c6\u7f8e\u5927\u5b66\u5e97)", "order_time": ["2019-01-19 22:22:40"], "total_order": 1, "hotel_value": ["4.4"], "hotel_price": ["159"]}, "1535354": {"hotel_name": "\u6d77\u53cb\u9152\u5e97(\u53a6\u95e8\u96c6\u7f8e\u5b66\u6751\u5e97)", "order_time": ["2019-01-19 22:22:43"], "total_order": 1, "hotel_value": ["4.3"], "hotel_price": ["142"]}, "444971": {"hotel_name": "\u53a6\u95e8\u4e9a\u82ac\u6c40\u7cbe\u54c1\u9152\u5e97", "order_time": ["2019-01-19 22:22:46"], "total_order": 1, "hotel_value": ["4.4"], "hotel_price": ["218"]}, "14533124": {"hotel_name": "\u53a6\u95e8\u6781\u7b80\u7cbe\u54c1\u5ba2\u6808", "order_time": ["2019-01-19 22:22:56"], "total_order": 1, "hotel_value": [0], "hotel_price": ["158"]}, "448874": {"hotel_name": "\u53a6\u95e8\u91d1\u8272\u56db\u5b63\u9152\u5e97(\u539f\u6cc9\u5b63\u9152\u5e97)", "order_time": ["2019-01-19 22:23:00"], "total_order": 1, "hotel_value": ["4.2"], "hotel_price": ["234"]}, "1371594": {"hotel_name": "\u6021\u6d77\u9601\u9152\u5e97(\u53a6\u95e8\u4e2d\u5c71\u6b65\u884c\u8857\u5e97)(\u539f\u6021\u6d77\u9601\u6587\u5316\u9152\u5e97)", "order_time": ["2019-01-19 22:23:10", "2019-01-19 22:31:13"], "total_order": 2, "hotel_value": ["4.5", "4.5"], "hotel_price": ["208", "208"]}, "440903": {"hotel_name": "\u5b9c\u5fc5\u601d\u9152\u5e97(\u53a6\u95e8\u706b\u8f66\u7ad9\u9152\u5e97)", "order_time": ["2019-01-19 22:23:11"], "total_order": 1, "hotel_value": ["4.3"], "hotel_price": ["237"]}, "441279": {"hotel_name": "\u5982\u5bb6\u5feb\u6377\u9152\u5e97\u83b2\u5742\u5730\u94c1\u7ad9\u5e97\uff08\u539f\u53a6\u95e8\u83b2\u5742\u56fd\u8d38\u65b0\u666f\u5e97\uff09", "order_time": ["2019-01-19 22:24:38"], "total_order": 1, "hotel_value": ["4.4"], "hotel_price": ["135"]}, "12229646": {"hotel_name": "\u6613\u4f70\u8fde\u9501\u65c5\u5e97(\u53a6\u95e8\u706b\u8f66\u7ad9\u6e56\u6ee8\u4e1c\u8def\u5e97)", "order_time": ["2019-01-19 22:24:40"], "total_order": 1, "hotel_value": ["4.0"], "hotel_price": ["84"]}, "436738": {"hotel_name": "\u9f13\u6d6a\u5c7f\u6c38\u987a\u5ea6\u5047\u65c5\u9986(\u53a6\u95e8\u79d1\u6797\u65af\u5e97)", "order_time": ["2019-01-19 22:24:40"], "total_order": 1, "hotel_value": ["4.5"], "hotel_price": ["276"]}, "419873": {"hotel_name": "\u53a6\u95e8\u5929\u9e45\u5927\u9152\u5e97", "order_time": ["2019-01-19 22:24:41"], "total_order": 1, "hotel_value": ["4.6"], "hotel_price": ["400"]}, "428297": {"hotel_name": "\u5982\u5bb6\u9152\u5e97(\u53a6\u95e8\u96c6\u7f8e\u674f\u6797\u897f\u8def\u5e97)", "order_time": ["2019-01-19 22:24:43"], "total_order": 1, "hotel_value": ["4.7"], "hotel_price": ["212"]}, "8587969": {"hotel_name": "\u53a6\u95e8\u5510\u4e50\u5c0f\u7b51(\u539f\u6021\u54c1\u5546\u65c5\u5bbe\u9986)", "order_time": ["2019-01-19 22:24:43"], "total_order": 1, "hotel_value": ["4.7"], "hotel_price": ["159"]}, "4691070": {"hotel_name": "\u4e91\u7965\u516c\u5bd3(\u53a6\u95e8\u673a\u573a\u5e97)", "order_time": ["2019-01-19 22:24:45"], "total_order": 1, "hotel_value": ["4.1"], "hotel_price": ["76"]}, "2626310": {"hotel_name": "\u53a6\u95e8\u5de6\u6797\u53f3\u820d\u4e3b\u9898\u5ba2\u6808", "order_time": ["2019-01-19 22:24:49"], "total_order": 1, "hotel_value": ["4.8"], "hotel_price": ["78"]}, "8568978": {"hotel_name": "\u53a6\u95e8\u5317\u7ad9\u6708\u5149\u5ba2\u6808", "order_time": ["2019-01-19 22:24:50"], "total_order": 1, "hotel_value": ["4.6"], "hotel_price": ["163"]}, "480520": {"hotel_name": "\u590f\u5546\u00b7\u6021\u5ead\u5feb\u6377\u9152\u5e97(\u83b2\u524d\u897f\u8def\u5e97)", "order_time": ["2019-01-19 22:26:35"], "total_order": 1, "hotel_value": ["4.0"], "hotel_price": ["96"]}, "346269": {"hotel_name": "\u53a6\u95e8\u6e90\u660c\u51ef\u5bbe\u65af\u57fa\u5927\u9152\u5e97", "order_time": ["2019-01-19 22:26:38"], "total_order": 1, "hotel_value": ["4.7"], "hotel_price": ["983"]}, "12673289": {"hotel_name": "\u53a6\u95e8\u6d77\u6ca7\u878d\u4fe1\u534e\u9091\u9152\u5e97", "order_time": ["2019-01-19 22:26:39"], "total_order": 1, "hotel_value": ["4.7"], "hotel_price": ["793"]}, "4633047": {"hotel_name": "\u53a6\u95e8\u91d1\u65e5\u94f6\u6d77\u84dd\u6234\u65af\u9152\u5e97", "order_time": ["2019-01-19 22:26:40"], "total_order": 1, "hotel_value": ["4.4"], "hotel_price": ["298"]}, "15227032": {"hotel_name": "\u53a6\u95e8\u66fe\u539d\u57b5\u57a6\u4e01\u5ba2\u6808", "order_time": ["2019-01-19 22:26:43"], "total_order": 1, "hotel_value": ["4.8"], "hotel_price": ["389"]}, "1742980": {"hotel_name": "\u4f73\u6a59\u5feb\u6377\u9152\u5e97\uff08\u53a6\u95e8\u706b\u8f66\u7ad9\u5e97\uff09", "order_time": ["2019-01-19 22:26:43"], "total_order": 1, "hotel_value": ["4.1"], "hotel_price": ["153"]}, "2097550": {"hotel_name": "\u53a6\u95e8\u6d6a\u6f2b\u90fd\u5e02\u9152\u5e97", "order_time": ["2019-01-19 22:26:46"], "total_order": 1, "hotel_value": ["4.0"], "hotel_price": ["153"]}, "1933572": {"hotel_name": "\u53a6\u95e8\u4e3d\u8c6a\u9152\u5e97", "order_time": ["2019-01-19 22:26:54"], "total_order": 1, "hotel_value": ["4.2"], "hotel_price": ["95"]}, "2073770": {"hotel_name": "\u53a6\u95e8\u4f70\u52a0\u4fe1\u5ba2\u6808", "order_time": ["2019-01-19 22:26:54"], "total_order": 1, "hotel_value": ["4.6"], "hotel_price": ["154"]}, "1646749": {"hotel_name": "\u53a6\u95e8\u89e3\u5fe7\u65c5\u820d(\u539f\u53a6\u5927\u8db4\u8db4\u8d70\u9752\u5e74\u65c5\u820d)", "order_time": ["2019-01-19 22:26:58"], "total_order": 1, "hotel_value": ["4.2"], "hotel_price": ["39"]}, "1682894": {"hotel_name": "\u53a6\u95e8\u7ea2\u8d1d\u58f3\u5ba2\u6808", "order_time": ["2019-01-19 22:27:06"], "total_order": 1, "hotel_value": ["4.8"], "hotel_price": ["133"]}, "898510": {"hotel_name": "\u6c49\u5ead\u9152\u5e97(\u53a6\u95e8\u4e07\u8c61\u57ce\u5e97)(\u539f\u706b\u8f66\u7ad9\u5317\u5e7f\u573a\u91d1\u699c\u8def\u5e97)", "order_time": ["2019-01-19 22:28:42"], "total_order": 1, "hotel_value": ["4.4"], "hotel_price": ["256"]}, "2300428": {"hotel_name": "\u53a6\u95e8\u4e03\u661f\u8fde\u9501\u9152\u5e97", "order_time": ["2019-01-19 22:28:42"], "total_order": 1, "hotel_value": ["4.1"], "hotel_price": ["91"]}, "1529369": {"hotel_name": "\u5361\u6885\u8389\u4e9a\u65c5\u9986(\u53a6\u95e8\u4f17\u820d\u5e97(\u539f\u90bb\u6d77\u5c45\u5ba2\u6808)", "order_time": ["2019-01-19 22:28:43"], "total_order": 1, "hotel_value": ["4.9"], "hotel_price": ["389"]}, "932019": {"hotel_name": "\u5982\u5bb6\u5feb\u6377\u9152\u5e97(\u53a6\u95e8\u83b2\u5cb3\u8def\u677e\u67cf\u6587\u5316\u827a\u672f\u4e2d\u5fc3\u5e97)", "order_time": ["2019-01-19 22:28:43"], "total_order": 1, "hotel_value": ["4.3"], "hotel_price": ["111"]}, "6609857": {"hotel_name": "\u53a6\u95e8\u8299\u84c9\u9601\u9152\u5e97", "order_time": ["2019-01-19 22:28:43"], "total_order": 1, "hotel_value": ["4.9"], "hotel_price": ["759"]}, "6819997": {"hotel_name": "\u53a6\u95e8\u901f\u516b\u9152\u5e97\u6d77\u6ca7\u897f\u96c5\u56fe\u5e97", "order_time": ["2019-01-19 22:28:43"], "total_order": 1, "hotel_value": ["3.9"], "hotel_price": ["166"]}, "17892090": {"hotel_name": "\u9f13\u6d6a\u5c7f\u8d1d\u8717\u7cbe\u54c1\u6c11\u5bbf", "order_time": ["2019-01-19 22:28:43"], "total_order": 1, "hotel_value": ["4.7"], "hotel_price": ["290"]}, "2300476": {"hotel_name": "7\u5929\u4f18\u54c1\u9152\u5e97(\u53a6\u95e8\u673a\u573a\u5e97)", "order_time": ["2019-01-19 22:28:45"], "total_order": 1, "hotel_value": ["4.6"], "hotel_price": ["219"]}, "2225413": {"hotel_name": "\u901f8\u9152\u5e97(\u53a6\u95e8\u706b\u8f66\u7ad9\u5047\u65e5\u5546\u57ce\u5e97)", "order_time": ["2019-01-19 22:28:47"], "total_order": 1, "hotel_value": ["4.6"], "hotel_price": ["231"]}, "444706": {"hotel_name": "\u590f\u5546\u00b7\u6021\u5ead\u5546\u52a1\u9152\u5e97(\u53a6\u95e8\u706b\u8f66\u7ad9\u79be\u7965\u5e97)", "order_time": ["2019-01-19 22:28:47"], "total_order": 1, "hotel_value": ["4.5"], "hotel_price": ["134"]}, "25633183": {"hotel_name": "\u5fc3\u8fdc\u9152\u5e97(\u53a6\u95e8\u8f6e\u6e21\u4e2d\u5c71\u8def\u6b65\u884c\u8857\u5e97)", "order_time": ["2019-01-19 22:28:47"], "total_order": 1, "hotel_value": ["4.5"], "hotel_price": ["227"]}, "11893099": {"hotel_name": "\u53a6\u95e8\u4e00\u5b85\u8bbe\u8ba1\u5e08\u6c11\u5bbf", "order_time": ["2019-01-19 22:28:48"], "total_order": 1, "hotel_value": ["4.2"], "hotel_price": ["238"]}, "17908349": {"hotel_name": "\u53a6\u95e8\u9047\u7f8e\u00b7\u57b5\u90b8\u9152\u5e97", "order_time": ["2019-01-19 22:28:50"], "total_order": 1, "hotel_value": ["4.9"], "hotel_price": ["272"]}, "5241104": {"hotel_name": "\u53a6\u95e8\u98de\u5bbf\u8fde\u9501\u82f1\u4f26\u4f2f\u7235\u5e84\u56ed", "order_time": ["2019-01-19 22:28:58"], "total_order": 1, "hotel_value": ["4.8"], "hotel_price": ["177"]}, "6663076": {"hotel_name": "\u53a6\u95e8\u827e\u5bb6\u4e3b\u9898\u5ba2\u6808\u4e2d\u5c71\u8def\u5e97", "order_time": ["2019-01-19 22:28:59"], "total_order": 1, "hotel_value": ["4.1"], "hotel_price": ["372"]}, "1857673": {"hotel_name": "\u53a6\u95e8\u5317\u7ad9\u53e4\u5fb7\u5ba2\u6808", "order_time": ["2019-01-19 22:28:59"], "total_order": 1, "hotel_value": ["4.5"], "hotel_price": ["70"]}, "4357909": {"hotel_name": "\u53a6\u95e8\u98de\u5bbf\u8fde\u9501\u5df4\u62c9\u7c73\u57ce\u5821\u5e84\u56ed", "order_time": ["2019-01-19 22:29:00"], "total_order": 1, "hotel_value": ["4.8"], "hotel_price": ["231"]}, "11264931": {"hotel_name": "\u53a6\u95e8\u7fd4\u5b89\u5c1a\u8c6a\u4f73\u516c\u5bd3", "order_time": ["2019-01-19 22:29:01"], "total_order": 1, "hotel_value": ["4.6"], "hotel_price": ["88"]}, "19581706": {"hotel_name": "\u53a6\u95e8\u65af\u67cf\u6797\u9152\u5e97", "order_time": ["2019-01-19 22:29:09"], "total_order": 1, "hotel_value": ["4.4"], "hotel_price": ["91"]}, "1406188": {"hotel_name": "\u53a6\u95e8\u6b23\u4e91\u5cf0\u9152\u5e97", "order_time": ["2019-01-19 22:30:41"], "total_order": 1, "hotel_value": ["3.8"], "hotel_price": ["153"]}, "4815086": {"hotel_name": "\u53a6\u95e8\u4e3d\u666f\u9152\u5e97", "order_time": ["2019-01-19 22:30:55"], "total_order": 1, "hotel_value": ["3.5"], "hotel_price": ["128"]}}}