{"\u5f00\u59cb\u8bb0\u5f55\u65f6\u95f4": "2019-01-13 15:44:16", "\u7ed3\u675f\u8bb0\u5f55\u65f6\u95f4": "2019-01-13 16:44:16", "\u8ba2\u5355\u603b\u589e\u91cf": 321, "item": {"346248": {"hotel_name": "\u53a6\u95e8\u6cf0\u8c37\u9152\u5e97", "order_time": ["2019-01-13 15:45:19"], "total_order": 1, "hotel_value": ["4.7"], "hotel_price": ["398"]}, "4496383": {"hotel_name": "\u53a6\u95e8\u6162\u751f\u6d3b\u00b7\u4e0a\u91ce\u5ba2\u6808", "order_time": ["2019-01-13 15:46:36"], "total_order": 1, "hotel_value": ["4.9"], "hotel_price": ["118"]}, "8974594": {"hotel_name": "\u53a6\u95e8\u73ba\u4e30\u9152\u5e97", "order_time": ["2019-01-13 15:46:36", "2019-01-13 16:02:38"], "total_order": 2, "hotel_value": ["4.6", "4.6"], "hotel_price": ["171", "171"]}, "440397": {"hotel_name": "\u7231\u4e01\u5821\u9152\u5e97(\u53a6\u95e8\u53a6\u9f13\u7801\u5934\u5e97)(\u539f\u9890\u9526\u9152\u5e97)", "order_time": ["2019-01-13 15:46:37"], "total_order": 1, "hotel_value": ["4.6"], "hotel_price": ["104"]}, "6516890": {"hotel_name": "\u5168\u5b63\u9152\u5e97(\u53a6\u95e8SM\u5e7f\u573a\u677e\u67cf\u5e97)", "order_time": ["2019-01-13 16:06:36", "2019-01-13 15:46:38"], "total_order": 2, "hotel_value": ["4.8", "4.8"], "hotel_price": ["303", "351"]}, "988894": {"hotel_name": "\u548c\u9890\u9152\u5e97(\u53a6\u95e8\u5927\u5b66\u7eff\u6676\u5e97)", "order_time": ["2019-01-13 15:46:38"], "total_order": 1, "hotel_value": ["4.5"], "hotel_price": ["283"]}, "926626": {"hotel_name": "\u53a6\u95e8\u6885\u56ed\u9152\u5e97", "order_time": ["2019-01-13 15:48:36", "2019-01-13 15:46:38"], "total_order": 2, "hotel_value": ["4.5", "4.5"], "hotel_price": ["199", "199"]}, "6069131": {"hotel_name": "\u53a6\u95e8\u5317\u7ad9\u9047\u89c1\u5ba2\u6808", "order_time": ["2019-01-13 15:46:39"], "total_order": 1, "hotel_value": ["4.7"], "hotel_price": ["133"]}, "2308728": {"hotel_name": "\u53a6\u95e8\u5357\u6e56\u9e6d\u98de\u56fd\u9645\u9752\u5e74\u65c5\u820d", "order_time": ["2019-01-13 15:46:39"], "total_order": 1, "hotel_value": ["4.2"], "hotel_price": ["55"]}, "8419373": {"hotel_name": "\u5ead\u82d1\u9152\u5e97(\u53a6\u95e8\u4e2d\u5c71\u8def\u8f6e\u6e21\u5e97)", "order_time": ["2019-01-13 15:46:39"], "total_order": 1, "hotel_value": ["4.8"], "hotel_price": ["153"]}, "3243942": {"hotel_name": "\u4f0a\u79be\u9152\u5e97(\u53a6\u95e8\u4e2d\u5c71\u8def\u6b65\u884c\u8857\u5e97)", "order_time": ["2019-01-13 15:46:40"], "total_order": 1, "hotel_value": ["4.7"], "hotel_price": ["180"]}, "12624286": {"hotel_name": "\u9a7f\u8d77\u9152\u5e97\uff08\u53a6\u95e8\u5317\u7ad9\u5e97\uff09", "order_time": ["2019-01-13 15:46:40", "2019-01-13 15:54:38", "2019-01-13 15:58:35"], "total_order": 3, "hotel_value": ["4.6", "4.6", "4.6"], "hotel_price": ["154", "154", "154"]}, "26420349": {"hotel_name": "\u53a6\u95e8\u9038\u5ba2\u5ea6\u5047\u522b\u5885", "order_time": ["2019-01-13 16:14:43", "2019-01-13 15:46:40"], "total_order": 2, "hotel_value": ["5.0", "5.0"], "hotel_price": ["158", "198"]}, "419873": {"hotel_name": "\u53a6\u95e8\u5929\u9e45\u5927\u9152\u5e97", "order_time": ["2019-01-13 15:46:43"], "total_order": 1, "hotel_value": ["4.6"], "hotel_price": ["361"]}, "1247067": {"hotel_name": "\u53a6\u95e8\u5341\u56db\u4efd\u5ba2\u6808", "order_time": ["2019-01-13 15:46:44"], "total_order": 1, "hotel_value": ["4.9"], "hotel_price": ["121"]}, "13985423": {"hotel_name": "\u53a6\u95e8\u4e00\u5e2d\u00b7\u9752\u5ddd\u6d77\u666f\u9a7f\u6808", "order_time": ["2019-01-13 15:46:44"], "total_order": 1, "hotel_value": ["4.9"], "hotel_price": ["154"]}, "22766983": {"hotel_name": "\u9e97\u67ab\u9152\u5e97(\u53a6\u95e8\u4e2d\u5c71\u8def\u6b65\u884c\u8857\u5e97)", "order_time": ["2019-01-13 15:46:44", "2019-01-13 15:54:38"], "total_order": 2, "hotel_value": ["4.7", "4.7"], "hotel_price": ["268", "268"]}, "2290014": {"hotel_name": "\u53a6\u95e8\u541b\u6021\u9152\u5e97", "order_time": ["2019-01-13 15:46:47"], "total_order": 1, "hotel_value": ["4.7"], "hotel_price": ["256"]}, "24032125": {"hotel_name": "\u53a6\u95e8\u9759\u5fc3\u5c45\u65c5\u9986", "order_time": ["2019-01-13 15:46:52"], "total_order": 1, "hotel_value": ["4.5"], "hotel_price": ["83"]}, "11683122": {"hotel_name": "\u53a6\u95e8\u4e50\u5c7f\u4f11\u95f2\u5ba2\u6808(\u539f\u6d77\u9047\u82b1\u56ed\u522b\u5885)", "order_time": ["2019-01-13 15:47:00"], "total_order": 1, "hotel_value": ["4.8"], "hotel_price": ["84"]}, "1338674": {"hotel_name": "\u53a6\u95e8\u5bf9\u5cb8\u5ba2\u6808", "order_time": ["2019-01-13 15:47:06"], "total_order": 1, "hotel_value": ["4.7"], "hotel_price": ["108"]}, "2341694": {"hotel_name": "\u63d0\u5cb8\u5496\u5561\u65c5\u9986", "order_time": ["2019-01-13 15:47:17"], "total_order": 1, "hotel_value": ["4.4"], "hotel_price": ["84"]}, "1730041": {"hotel_name": "\u9f13\u6d6a\u5c7f\u6e29\u838e\u516c\u9986", "order_time": ["2019-01-13 15:47:27"], "total_order": 1, "hotel_value": [0], "hotel_price": ["197"]}, "2297567": {"hotel_name": "\u65af\u94c2\u745e\u57ce\u5e02\u9152\u5e97(\u53a6\u95e8\u4e2d\u5c71\u516c\u56ed\u5730\u94c1\u7ad9\u5e97)(\u539f\u4e2d\u5c71\u8def\u6b65\u884c\u8857\u5e97)", "order_time": ["2019-01-13 15:48:36", "2019-01-13 15:56:40"], "total_order": 2, "hotel_value": ["4.7", "4.7"], "hotel_price": ["98", "98"]}, "375293": {"hotel_name": "\u53a6\u95e8\u95fd\u5357\u5927\u9152\u5e97", "order_time": ["2019-01-13 15:48:36", "2019-01-13 15:56:40"], "total_order": 2, "hotel_value": ["4.6", "4.6"], "hotel_price": ["358", "358"]}, "5449230": {"hotel_name": "\u53a6\u95e8\u4e00\u683c\u6d77\u666f\u5ea6\u5047\u9a7f\u6808", "order_time": ["2019-01-13 15:48:36"], "total_order": 1, "hotel_value": ["4.9"], "hotel_price": ["209"]}, "3803569": {"hotel_name": "\u53a6\u95e8\u7121\u4e8c\u00b7\u9690\u820d\u8f7b\u5962\u6d77\u666f\u5ea6\u5047\u7f8e\u5885", "order_time": ["2019-01-13 15:48:36"], "total_order": 1, "hotel_value": ["4.9"], "hotel_price": ["308"]}, "469816": {"hotel_name": "\u53a6\u95e8\u5723\u5e0c\u7f57\u9152\u5e97", "order_time": ["2019-01-13 15:48:36"], "total_order": 1, "hotel_value": ["4.4"], "hotel_price": ["266"]}, "1730297": {"hotel_name": "\u53a6\u95e8\u9f13\u6d6a\u5c7f\u7434\u6d77\u5e84\u56ed\u6d77\u666f\u9152\u5e97", "order_time": ["2019-01-13 15:52:39", "2019-01-13 15:48:37", "2019-01-13 15:50:38"], "total_order": 3, "hotel_value": ["4.6", "4.6", "4.6"], "hotel_price": ["380", "380", "288"]}, "467630": {"hotel_name": "\u53a6\u95e8\u9f13\u6d6a\u5c7f\u4e00\u89c1\u82b1\u56ed\u8001\u522b\u5885", "order_time": ["2019-01-13 15:48:37"], "total_order": 1, "hotel_value": ["4.7"], "hotel_price": ["236"]}, "483477": {"hotel_name": "\u7f57\u671b\u00b7\u53a6\u95e8\u9f13\u6d6a\u5c7f\u5317\u5c7f\u9152\u5e97", "order_time": ["2019-01-13 15:48:40", "2019-01-13 16:12:41"], "total_order": 2, "hotel_value": ["4.6", "4.6"], "hotel_price": ["402", "402"]}, "6355587": {"hotel_name": "\u590f\u5546\u6021\u7fd4\u5047\u65e5\u9152\u5e97(\u53a6\u95e8\u706b\u8f66\u7ad9\u5e97)", "order_time": ["2019-01-13 15:48:41"], "total_order": 1, "hotel_value": ["4.8"], "hotel_price": ["198"]}, "2301441": {"hotel_name": "\u975e\u7e41\u57ce\u54c1\u9152\u5e97(\u53a6\u95e8\u96c6\u7f8e\u5927\u5b66\u5e97)", "order_time": ["2019-01-13 15:50:35", "2019-01-13 15:48:43"], "total_order": 2, "hotel_value": ["4.7", "4.7"], "hotel_price": ["179", "179"]}, "1746353": {"hotel_name": "\u53a6\u95e8\u5927\u5b66\u56fd\u9645\u5b66\u672f\u4ea4\u6d41\u4e2d\u5fc3", "order_time": ["2019-01-13 15:48:46"], "total_order": 1, "hotel_value": ["4.3"], "hotel_price": ["540"]}, "4601806": {"hotel_name": "\u53a6\u95e8\u5927\u5b66\u5929\u73ba\u6d77\u666f\u516c\u5bd3(\u539f\u53a6\u5927\u4e16\u8302\u6d77\u5ce1\u53cc\u5b50\u5854\u6d77\u666f\u9152\u5e97)", "order_time": ["2019-01-13 15:48:48"], "total_order": 1, "hotel_value": ["4.5"], "hotel_price": ["391"]}, "346267": {"hotel_name": "\u53a6\u95e8\u5e1d\u5143\u7ef4\u591a\u5229\u4e9a\u5927\u9152\u5e97", "order_time": ["2019-01-13 15:48:48"], "total_order": 1, "hotel_value": ["4.5"], "hotel_price": ["548"]}, "17338414": {"hotel_name": "\u53a6\u95e8\u6797\u68a7\u6850\u697c", "order_time": ["2019-01-13 15:48:49"], "total_order": 1, "hotel_value": ["4.8"], "hotel_price": ["750"]}, "4424430": {"hotel_name": "\u53a6\u95e8\u60a6\u7f8e\u65f6\u5149\u6c11\u5bbf(\u539f\u6d77\u6d6a\u60c5\u7f18\u5ba2\u6808)", "order_time": ["2019-01-13 16:04:50", "2019-01-13 16:14:41", "2019-01-13 16:22:48", "2019-01-13 15:48:50"], "total_order": 4, "hotel_value": ["4.9", "4.9", "4.9", "4.9"], "hotel_price": ["105", "105", "105", "105"]}, "1318000": {"hotel_name": "\u8fce\u5bbe\u5bbe\u9986(\u53a6\u95e8\u8f6e\u6e21\u4e2d\u5c71\u5e97)", "order_time": ["2019-01-13 15:48:51", "2019-01-13 15:54:53", "2019-01-13 16:34:48"], "total_order": 3, "hotel_value": ["4.8", "4.8", "4.8"], "hotel_price": ["63", "63", "63"]}, "25123229": {"hotel_name": "\u53a6\u95e8\u5ba2\u8c08\u6c11\u5bbf", "order_time": ["2019-01-13 15:48:54"], "total_order": 1, "hotel_value": ["5.0"], "hotel_price": ["168"]}, "5467669": {"hotel_name": "\u53a6\u95e8\u5b9c\u9014\u7cbe\u54c1\u9152\u5e97", "order_time": ["2019-01-13 15:48:55"], "total_order": 1, "hotel_value": ["4.7"], "hotel_price": ["239"]}, "11019026": {"hotel_name": "\u53a6\u95e8\u4e9a\u820d\u5c1a\u82d1", "order_time": ["2019-01-13 15:50:33"], "total_order": 1, "hotel_value": ["4.9"], "hotel_price": ["151"]}, "17077993": {"hotel_name": "\u53a6\u95e8\u4e07\u8c6a\u9152\u5e97\u53ca\u4f1a\u8bae\u4e2d\u5fc3", "order_time": ["2019-01-13 15:50:35"], "total_order": 1, "hotel_value": ["4.6"], "hotel_price": ["907"]}, "5757188": {"hotel_name": "\u53a6\u95e8\u5927\u5b66\u9f13\u6d6a\u6e7e\u6d77\u666f\u516c\u5bd3(\u539f\u53a6\u5927\u4e16\u8302\u53cc\u5b50\u5854\u597d\u7720\u9152\u5e97\u516c\u5bd3)", "order_time": ["2019-01-13 15:50:37"], "total_order": 1, "hotel_value": ["4.7"], "hotel_price": ["323"]}, "445258": {"hotel_name": "\u5982\u662f\u9152\u5e97(\u53a6\u95e8\u4e3b\u9898\u58f9\u53f7\u5e97)", "order_time": ["2019-01-13 15:50:37"], "total_order": 1, "hotel_value": ["4.8"], "hotel_price": ["199"]}, "436735": {"hotel_name": "\u753b\u5eca\u65c5\u9986(\u9f13\u6d6a\u5c7f\u83ab\u5948\u82b1\u56ed\u5e97)(\u539f\u6bd3\u56ed\u9986)", "order_time": ["2019-01-13 15:50:38"], "total_order": 1, "hotel_value": ["4.9"], "hotel_price": ["419"]}, "27938575": {"hotel_name": "\u53a6\u95e8\u6d77\u4e1d\u827a\u672f\u54c1\u4e2d\u5fc3\u4f70\u7fd4\u7428\u70c1\u9152\u5e97", "order_time": ["2019-01-13 15:50:39"], "total_order": 1, "hotel_value": ["4.7"], "hotel_price": ["408"]}, "346260": {"hotel_name": "\u53a6\u95e8\u745e\u9890\u5927\u9152\u5e97", "order_time": ["2019-01-13 15:50:39"], "total_order": 1, "hotel_value": ["4.7"], "hotel_price": ["769"]}, "5788864": {"hotel_name": "\u53a6\u95e8\u5eb7\u83b1\u5fb7\u9152\u5e97", "order_time": ["2019-01-13 15:50:40"], "total_order": 1, "hotel_value": ["4.7"], "hotel_price": ["1421"]}, "429652": {"hotel_name": "\u590f\u5546\u00b7\u6021\u5ead\u5feb\u6377\u9152\u5e97(\u53a6\u95e8\u4e2d\u5c71\u8def\u767d\u5170\u5e97)", "order_time": ["2019-01-13 16:26:43", "2019-01-13 16:24:38", "2019-01-13 15:50:42"], "total_order": 3, "hotel_value": ["4.4", "4.4", "4.4"], "hotel_price": ["134", "134", "134"]}, "1207050": {"hotel_name": "\u5982\u5bb6\u5feb\u6377\u9152\u5e97(\u53a6\u95e8\u4f1a\u5c55\u4e2d\u5fc3\u83b2\u524d\u897f\u8def\u5e97)", "order_time": ["2019-01-13 16:12:43", "2019-01-13 15:50:42"], "total_order": 2, "hotel_value": ["4.7", "4.7"], "hotel_price": ["123", "123"]}, "1389218": {"hotel_name": "\u53a6\u95e8\u5eb7\u96c5\u9152\u5e97", "order_time": ["2019-01-13 15:50:42"], "total_order": 1, "hotel_value": ["4.5"], "hotel_price": ["127"]}, "1990013": {"hotel_name": "\u53a6\u95e8\u5317\u7ad9\u6e29\u99a8\u96c5\u9601\u5bbe\u9986", "order_time": ["2019-01-13 15:50:48"], "total_order": 1, "hotel_value": ["4.7"], "hotel_price": ["68"]}, "2030898": {"hotel_name": "\u53a6\u95e8\u73cd\u73e0\u6e7e2\u53f7\u516c\u5bd3(\u539f\u53a6\u95e8\u53a6\u5927MM2\u53f7\u516c\u9986)", "order_time": ["2019-01-13 15:50:55"], "total_order": 1, "hotel_value": ["4.6"], "hotel_price": ["78"]}, "22460093": {"hotel_name": "\u53a6\u95e8\u98de\u7fd4\u6c11\u5bbf", "order_time": ["2019-01-13 15:50:57"], "total_order": 1, "hotel_value": ["4.8"], "hotel_price": ["86"]}, "436715": {"hotel_name": "\u9f13\u6d6a\u5c7f\u674e\u5bb6\u5e84\u9152\u5e97", "order_time": ["2019-01-13 15:52:35"], "total_order": 1, "hotel_value": ["4.9"], "hotel_price": ["737"]}, "2364319": {"hotel_name": "\u53a6\u95e8\u7b2c\u4e00\u6e2f\u5ba2\u6808", "order_time": ["2019-01-13 15:52:35", "2019-01-13 16:10:41", "2019-01-13 16:04:38"], "total_order": 3, "hotel_value": ["4.6", "4.6", "4.6"], "hotel_price": ["84", "84", "84"]}, "1541934": {"hotel_name": "\u53a6\u95e8\u68b5\u5c45\u00b7\u9759\u5fc3\u522b\u9662", "order_time": ["2019-01-13 16:10:41", "2019-01-13 15:52:36"], "total_order": 2, "hotel_value": ["4.9", "4.9"], "hotel_price": ["203", "203"]}, "436730": {"hotel_name": "\u753b\u5eca\u65c5\u9986(\u53a6\u95e8\u9f13\u6d6a\u5c7f\u6587\u827a\u590d\u5174\u9986)", "order_time": ["2019-01-13 15:52:36"], "total_order": 1, "hotel_value": ["4.9"], "hotel_price": ["181"]}, "21332906": {"hotel_name": "\u53a6\u95e8\u65af\u7ef4\u767b\u5ea6\u5047\u9152\u5e97(\u678b\u6e56\u8f66\u7ad9\u4f18\u671b\u5e97)", "order_time": ["2019-01-13 15:52:39", "2019-01-13 16:04:34"], "total_order": 2, "hotel_value": ["4.8", "4.8"], "hotel_price": ["188", "188"]}, "1314936": {"hotel_name": "\u83ab\u6cf0268(\u53a6\u95e8\u706b\u8f66\u7ad9\u5e97)", "order_time": ["2019-01-13 15:52:40"], "total_order": 1, "hotel_value": ["4.3"], "hotel_price": ["170"]}, "5372616": {"hotel_name": "\u53a6\u95e8\u817e\u534e\u7cbe\u54c1\u9152\u5e97", "order_time": ["2019-01-13 15:52:40"], "total_order": 1, "hotel_value": ["4.4"], "hotel_price": ["202"]}, "8568992": {"hotel_name": "\u53a6\u95e8\u5c7f\u60a6\u65c5\u5bbf", "order_time": ["2019-01-13 15:52:40"], "total_order": 1, "hotel_value": ["4.8"], "hotel_price": ["201"]}, "1543547": {"hotel_name": "\u53a6\u95e8\u66fe\u539d\u57b5\u543e\u6797\u5ba2\u6808", "order_time": ["2019-01-13 15:52:40"], "total_order": 1, "hotel_value": ["4.9"], "hotel_price": ["96"]}, "11893099": {"hotel_name": "\u53a6\u95e8\u4e00\u5b85\u8bbe\u8ba1\u5e08\u6c11\u5bbf", "order_time": ["2019-01-13 15:52:41", "2019-01-13 15:58:36"], "total_order": 2, "hotel_value": ["4.2", "4.2"], "hotel_price": ["232", "232"]}, "4614034": {"hotel_name": "\u53a6\u95e8\u60a6\u6d77\u4f34\u5c71\u522b\u9662", "order_time": ["2019-01-13 15:52:41"], "total_order": 1, "hotel_value": ["4.6"], "hotel_price": ["171"]}, "481752": {"hotel_name": "\u9526\u6c5f\u4e4b\u661f(\u53a6\u95e8\u673a\u573a\u533a\u653f\u5e9c\u5e97)", "order_time": ["2019-01-13 16:00:46", "2019-01-13 15:52:41"], "total_order": 2, "hotel_value": ["4.2", "4.2"], "hotel_price": ["159", "159"]}, "1583129": {"hotel_name": "\u5982\u5bb6\u5feb\u6377\u9152\u5e97\uff08\u53a6\u95e8\u4e00\u4e2d\u5c06\u519b\u7960\u5730\u94c1\u7ad9\u5e97\uff09", "order_time": ["2019-01-13 15:52:42"], "total_order": 1, "hotel_value": ["4.5"], "hotel_price": ["132"]}, "2305465": {"hotel_name": "\u901f8\u9152\u5e97(\u53a6\u95e8\u540c\u5b89\u540c\u96c6\u5317\u8def\u5e97)", "order_time": ["2019-01-13 15:52:44"], "total_order": 1, "hotel_value": ["3.8"], "hotel_price": ["140"]}, "486065": {"hotel_name": "\u6da6\u5ead\u7cbe\u54c1\u9152\u5e97(\u53a6\u95e8\u90ae\u8f6e\u7801\u5934\u4f53\u80b2\u4e2d\u5fc3\u5e97)", "order_time": ["2019-01-13 15:52:46"], "total_order": 1, "hotel_value": ["4.4"], "hotel_price": ["184"]}, "6616548": {"hotel_name": "\u53a6\u95e8\u98de\u5bbf\u8fde\u9501\u9999\u5885\u00b7\u6735\u62c9Fra.Villa Dora\u5e84\u56ed", "order_time": ["2019-01-13 15:52:48"], "total_order": 1, "hotel_value": ["4.7"], "hotel_price": ["246"]}, "11372511": {"hotel_name": "\u53a6\u95e8\u6f2b\u5ead\u65f6\u5149\u5ba2\u6808(\u539f\u53a6\u95e8\u9189\u5fd8\u5c45\u5ba2\u6808)", "order_time": ["2019-01-13 15:52:52"], "total_order": 1, "hotel_value": ["4.8"], "hotel_price": ["123"]}, "6112181": {"hotel_name": "\u53a6\u95e8\u6c38\u4e3d\u8fbe\u4e3d\u5448\u9152\u5e97", "order_time": ["2019-01-13 15:55:23", "2019-01-13 15:54:35"], "total_order": 2, "hotel_value": ["4.8", "4.8"], "hotel_price": ["398", "398"]}, "6511409": {"hotel_name": "\u53a6\u95e8\u76d8\u6263\u00b7\u6f2b\u5ea6House", "order_time": ["2019-01-13 15:54:37", "2019-01-13 15:58:42"], "total_order": 2, "hotel_value": ["4.8", "4.8"], "hotel_price": ["368", "368"]}, "5979762": {"hotel_name": "\u53a6\u95e8\u5927\u5b66\u4e91\u4e0a\u6d77\u5c45", "order_time": ["2019-01-13 15:54:37"], "total_order": 1, "hotel_value": ["4.8"], "hotel_price": ["345"]}, "437353": {"hotel_name": "\u53a6\u95e8\u5929\u5929\u5047\u671f\u56fd\u9645\u5927\u9152\u5e97", "order_time": ["2019-01-13 15:54:41"], "total_order": 1, "hotel_value": ["4.3"], "hotel_price": ["234"]}, "3178165": {"hotel_name": "\u53a6\u95e8\u68a6\u5e7b\u6d77\u6e7e\u9152\u5e97", "order_time": ["2019-01-13 16:06:44", "2019-01-13 15:54:42"], "total_order": 2, "hotel_value": ["4.5", "4.5"], "hotel_price": ["218", "218"]}, "1575123": {"hotel_name": "\u827e\u601d\u987f\u9152\u5e97(\u53a6\u95e8\u706b\u8f66\u7ad9\u5e97)", "order_time": ["2019-01-13 16:04:36", "2019-01-13 15:54:45", "2019-01-13 16:02:34"], "total_order": 3, "hotel_value": ["4.8", "4.8", "4.8"], "hotel_price": ["193", "193", "193"]}, "2304360": {"hotel_name": "\u6613\u4f70\u8fde\u9501\u65c5\u5e97(\u53a6\u95e8\u706b\u8f66\u7ad9\u56fd\u8d38\u5e97)", "order_time": ["2019-01-13 16:06:47", "2019-01-13 15:54:47"], "total_order": 2, "hotel_value": ["3.4", "3.4"], "hotel_price": ["80", "80"]}, "5981029": {"hotel_name": "\u53a6\u95e8\u5076\u9047\u5ba2\u6808\u9f13\u6d6a\u5c7f\u5e97", "order_time": ["2019-01-13 15:54:50"], "total_order": 1, "hotel_value": ["4.6"], "hotel_price": ["151"]}, "1417342": {"hotel_name": "\u53a6\u95e8\u7231\u7b51\u65f6\u5c1a\u7cbe\u54c1\u60c5\u4fa3\u4e3b\u9898\u9152\u5e97", "order_time": ["2019-01-13 15:54:51"], "total_order": 1, "hotel_value": ["4.5"], "hotel_price": ["174"]}, "6662105": {"hotel_name": "\u53a6\u95e8\u6816\u5c45\u5ba2\u6808", "order_time": ["2019-01-13 15:54:53"], "total_order": 1, "hotel_value": ["5.0"], "hotel_price": ["98"]}, "448703": {"hotel_name": "\u53a6\u95e8\u4e50\u96c5\u65e0\u57a0\u9152\u5e97", "order_time": ["2019-01-13 15:56:36"], "total_order": 1, "hotel_value": ["4.6"], "hotel_price": ["622"]}, "447146": {"hotel_name": "\u5982\u5bb6\u5546\u65c5\u9152\u5e97(\u53a6\u95e8\u6e56\u6ee8\u5357\u8def\u767d\u9e6d\u6d32\u516c\u56ed\u5e97)", "order_time": ["2019-01-13 15:56:42", "2019-01-13 16:08:36"], "total_order": 2, "hotel_value": ["4.8", "4.8"], "hotel_price": ["265", "265"]}, "1199959": {"hotel_name": "\u5982\u5bb6\u5feb\u6377\u9152\u5e97(\u53a6\u95e8\u53a6\u79be\u8def\u767d\u9e6d\u6d32\u8def\u5e97)", "order_time": ["2019-01-13 15:56:42"], "total_order": 1, "hotel_value": ["4.2"], "hotel_price": ["114"]}, "1227390": {"hotel_name": "886\u7cbe\u54c1\u9152\u5e97(\u53a6\u95e8\u6d77\u6ca7\u533a\u653f\u5e9c\u5e97)", "order_time": ["2019-01-13 15:56:43"], "total_order": 1, "hotel_value": ["4.1"], "hotel_price": ["171"]}, "2303682": {"hotel_name": "\u53a6\u95e8\u9f13\u6d6a\u5c7f\u65ee\u65ef\u5c0f\u5c4b", "order_time": ["2019-01-13 15:56:46"], "total_order": 1, "hotel_value": ["4.4"], "hotel_price": ["201"]}, "12091233": {"hotel_name": "\u53a6\u95e8\u6816\u9690\u5ea6\u5047\u6c11\u5bbf", "order_time": ["2019-01-13 15:56:47"], "total_order": 1, "hotel_value": ["5.0"], "hotel_price": ["183"]}, "15052788": {"hotel_name": "\u53a6\u95e8\u822c\u82e5\u706f\u5149\u5ba2\u6808", "order_time": ["2019-01-13 15:56:49"], "total_order": 1, "hotel_value": ["4.1"], "hotel_price": ["202"]}, "5104169": {"hotel_name": "\u53a6\u95e8\u5c24\u5ba2\u00b7\u6cca\u91d1\u96c5\u5885\u6c11\u5bbf(\u539f\u4f18\u5ba2\u65c5\u9986)", "order_time": ["2019-01-13 16:20:51", "2019-01-13 15:56:57"], "total_order": 2, "hotel_value": ["4.8", "4.8"], "hotel_price": ["164", "164"]}, "11686178": {"hotel_name": "\u53a6\u95e8\u6d77\u6ca7\u65b0\u9633886\u7cbe\u54c1\u9152\u5e97", "order_time": ["2019-01-13 15:56:58"], "total_order": 1, "hotel_value": ["4.3"], "hotel_price": ["145"]}, "1510329": {"hotel_name": "\u53a6\u95e8\u541b\u96c5\u5047\u65e5\u9152\u5e97", "order_time": ["2019-01-13 15:58:38"], "total_order": 1, "hotel_value": ["4.8"], "hotel_price": ["95"]}, "451156": {"hotel_name": "\u9f13\u6d6a\u5c7f\u53a6\u6808\u56db\u5b63\u661f\u7a7a\u9152\u5e97", "order_time": ["2019-01-13 15:58:40"], "total_order": 1, "hotel_value": ["4.0"], "hotel_price": ["114"]}, "2475059": {"hotel_name": "\u9f13\u6d6a\u5c7f\u7396\u8d30\u57ce\u5821\u522b\u5885\u5ea6\u5047\u9152\u5e97", "order_time": ["2019-01-13 15:58:40"], "total_order": 1, "hotel_value": ["4.8"], "hotel_price": ["292"]}, "6652320": {"hotel_name": "\u53a6\u95e8\u5170\u82b3\u91cc\u7cbe\u54c1\u6c11\u5bbf", "order_time": ["2019-01-13 15:58:40"], "total_order": 1, "hotel_value": ["4.9"], "hotel_price": ["233"]}, "1299817": {"hotel_name": "\u5408\u4f73\u9152\u5e97(\u53a6\u95e8\u673a\u573a\u5e97)", "order_time": ["2019-01-13 15:58:41"], "total_order": 1, "hotel_value": ["4.0"], "hotel_price": ["205"]}, "6477755": {"hotel_name": "\u53a6\u95e8\u9f13\u6d6a\u5c7f\u8336\u8bed\u65f6\u5149\u94a2\u7434\u65c5\u9986", "order_time": ["2019-01-13 15:58:43"], "total_order": 1, "hotel_value": ["4.7"], "hotel_price": ["78"]}, "744314": {"hotel_name": "\u5982\u5bb6\u5feb\u6377\u9152\u5e97(\u53a6\u95e8\u4e2d\u5c71\u8def\u6b65\u884c\u8857\u9547\u6d77\u8def\u5730\u94c1\u7ad9\u5e97)", "order_time": ["2019-01-13 15:58:44"], "total_order": 1, "hotel_value": ["4.4"], "hotel_price": ["161"]}, "11654273": {"hotel_name": "\u53a6\u95e8\u53c8\u89c1\u82b1\u6d77\u5ea6\u5047\u522b\u5885", "order_time": ["2019-01-13 15:58:47"], "total_order": 1, "hotel_value": ["4.9"], "hotel_price": ["137"]}, "1729262": {"hotel_name": "\u53a6\u95e8\u9f13\u6d6a\u5c7f\u4e50\u7b51\u65c5\u9986", "order_time": ["2019-01-13 15:58:57"], "total_order": 1, "hotel_value": ["3.2"], "hotel_price": ["102"]}, "6085631": {"hotel_name": "\u53a6\u95e8\u5bb8\u6d32\u6d32\u9645\u9152\u5e97", "order_time": ["2019-01-13 16:00:36"], "total_order": 1, "hotel_value": ["4.7"], "hotel_price": ["944"]}, "1707615": {"hotel_name": "\u53a6\u95e8\u7231\u5c1a\u4f18\u9a7f\u9152\u5e97", "order_time": ["2019-01-13 16:26:35", "2019-01-13 16:00:37"], "total_order": 2, "hotel_value": ["4.4", "4.4"], "hotel_price": ["109", "109"]}, "1856716": {"hotel_name": "\u53a6\u95e8\u9e6d\u5c9b49\u53f7\u522b\u5885", "order_time": ["2019-01-13 16:00:41"], "total_order": 1, "hotel_value": ["4.8"], "hotel_price": ["226"]}, "28525229": {"hotel_name": "\u53a6\u95e8\u96c5\u7434\u4f73\u5c45\u516c\u5bd3", "order_time": ["2019-01-13 16:00:43"], "total_order": 1, "hotel_value": ["4.9"], "hotel_price": ["101"]}, "14559437": {"hotel_name": "\u53a6\u95e8\u66fe\u539d\u57b5\u843d\u811a\u70b9\u5ba2\u6808", "order_time": ["2019-01-13 16:00:43"], "total_order": 1, "hotel_value": ["4.9"], "hotel_price": ["114"]}, "1787526": {"hotel_name": "\u53a6\u95e8\u9690\u897f\u6c11\u5bbf", "order_time": ["2019-01-13 16:00:44"], "total_order": 1, "hotel_value": ["4.9"], "hotel_price": ["194"]}, "2280697": {"hotel_name": "\u53a6\u95e8\u77f3\u5bbf\u6d77\u666f\u6c11\u5bbf", "order_time": ["2019-01-13 16:00:45"], "total_order": 1, "hotel_value": ["4.7"], "hotel_price": ["183"]}, "1857702": {"hotel_name": "\u53a6\u95e8\u5317\u7ad9\u534e\u6fe0\u56db\u5b63\u9152\u5e97", "order_time": ["2019-01-13 16:36:35", "2019-01-13 16:00:45"], "total_order": 2, "hotel_value": ["4.2", "4.2"], "hotel_price": ["220", "220"]}, "19517458": {"hotel_name": "\u53a6\u95e8\u601d\u5c7f\u9e6d", "order_time": ["2019-01-13 16:00:46"], "total_order": 1, "hotel_value": ["4.6"], "hotel_price": ["116"]}, "1485274": {"hotel_name": "\u53a6\u95e8\u590f\u82b1\u5982\u96ea\u6c11\u5bbf(\u539f\u9ec4\u539d\u6d77\u666f\u65c5\u793e)", "order_time": ["2019-01-13 16:00:48"], "total_order": 1, "hotel_value": ["4.9"], "hotel_price": ["100"]}, "6511085": {"hotel_name": "\u901f8\u9152\u5e97(\u53a6\u95e8\u706b\u8f66\u7ad9\u83b2\u524d\u897f\u8def\u5e97)", "order_time": ["2019-01-13 16:00:49"], "total_order": 1, "hotel_value": ["4.1"], "hotel_price": ["113"]}, "1230104": {"hotel_name": "\u53a6\u95e8\u63a2\u7d22\u9152\u5e97", "order_time": ["2019-01-13 16:00:51"], "total_order": 1, "hotel_value": ["4.5"], "hotel_price": ["433"]}, "392629": {"hotel_name": "\u53a6\u95e8\u5e90\u5c71\u5927\u9152\u5e97", "order_time": ["2019-01-13 16:00:51"], "total_order": 1, "hotel_value": ["4.2"], "hotel_price": ["298"]}, "2298885": {"hotel_name": "\u53a6\u95e8\u9f13\u6d6a\u5c7f\u6d77\u534e\u5ea6\u5047\u5c4b", "order_time": ["2019-01-13 16:01:17", "2019-01-13 16:17:14"], "total_order": 2, "hotel_value": ["5.0", "5.0"], "hotel_price": ["187", "187"]}, "800113": {"hotel_name": "\u53a6\u95e8\u4f51\u5b89\u65c5\u9986", "order_time": ["2019-01-13 16:02:38"], "total_order": 1, "hotel_value": ["4.6"], "hotel_price": ["77"]}, "1639388": {"hotel_name": "\u4e03\u946b\u5929\u9152\u5e97(\u53a6\u95e8\u673a\u573a\u5e97)", "order_time": ["2019-01-13 16:02:38"], "total_order": 1, "hotel_value": ["4.4"], "hotel_price": ["126"]}, "1410376": {"hotel_name": "\u82b1\u5ead\u65c5\u9986(\u9f13\u6d6a\u5c7f\u5b89\u6d77\u82b1\u56ed\u5e97)", "order_time": ["2019-01-13 16:02:38", "2019-01-13 16:20:40"], "total_order": 2, "hotel_value": ["4.6", "4.6"], "hotel_price": ["155", "155"]}, "4814804": {"hotel_name": "\u6c49\u5ead\u9152\u5e97(\u53a6\u95e8\u4f1a\u5c55\u4e2d\u5fc3\u5e97)(\u539f\u5fb7\u5c45\u5bbe\u9986)", "order_time": ["2019-01-13 16:02:40"], "total_order": 1, "hotel_value": ["4.6"], "hotel_price": ["186"]}, "4041978": {"hotel_name": "\u901f8\u9152\u5e97\uff08\u53a6\u95e8\u673a\u573a\u6e56\u91cc\u5927\u9053\u5e97\uff09", "order_time": ["2019-01-13 16:02:41"], "total_order": 1, "hotel_value": ["4.3"], "hotel_price": ["133"]}, "1669085": {"hotel_name": "\u53a6\u95e8\u6d77\u68e0\u5ea6\u5047\u5c4b", "order_time": ["2019-01-13 16:02:42"], "total_order": 1, "hotel_value": ["5.0"], "hotel_price": ["117"]}, "12673289": {"hotel_name": "\u53a6\u95e8\u6d77\u6ca7\u878d\u4fe1\u534e\u9091\u9152\u5e97", "order_time": ["2019-01-13 16:02:42"], "total_order": 1, "hotel_value": ["4.7"], "hotel_price": ["793"]}, "438908": {"hotel_name": "\u5982\u5bb6\u5feb\u6377\u9152\u5e97(\u601d\u660e\u5357\u8def\u53a6\u95e8\u5927\u5b66\u5e97)(\u539f\u6210\u529f\u5927\u9053\u53a6\u5927\u6d77\u666f\u5e97)", "order_time": ["2019-01-13 16:02:44"], "total_order": 1, "hotel_value": ["4.3"], "hotel_price": ["118"]}, "5806184": {"hotel_name": "\u9177\u6d3e\u9152\u5e97(\u53a6\u95e8\u706b\u8f66\u7ad9\u68a7\u6751\u6c7d\u8f66\u7ad9\u5e97)", "order_time": ["2019-01-13 16:02:44"], "total_order": 1, "hotel_value": ["4.3"], "hotel_price": ["103"]}, "5028414": {"hotel_name": "\u826f\u5885\u00b7\u6e29\u5ea6\u5ea6\u5047\u522b\u5885(\u53a6\u95e8\u66fe\u539d\u57b5\u5e97)", "order_time": ["2019-01-13 16:02:49", "2019-01-13 16:06:45"], "total_order": 2, "hotel_value": ["4.9", "4.9"], "hotel_price": ["185", "185"]}, "443638": {"hotel_name": "\u53a6\u95e8\u91d1\u6865\u82b1\u56ed\u9152\u5e97", "order_time": ["2019-01-13 16:03:00"], "total_order": 1, "hotel_value": ["4.5"], "hotel_price": ["292"]}, "19735131": {"hotel_name": "\u53a6\u95e8\u6cab\u5bd3\u9152\u5e97\u5f0f\u516c\u5bd3", "order_time": ["2019-01-13 16:04:36"], "total_order": 1, "hotel_value": ["4.8"], "hotel_price": ["121"]}, "4614168": {"hotel_name": "\u53a6\u95e8\u7b2c\u4e00\u6e2f\u5ea6\u5047\u522b\u5885", "order_time": ["2019-01-13 16:04:38"], "total_order": 1, "hotel_value": ["4.6"], "hotel_price": ["98"]}, "425692": {"hotel_name": "\u53a6\u95e8\u6d77\u60a6\u5c71\u5e84\u9152\u5e97", "order_time": ["2019-01-13 16:06:45", "2019-01-13 16:04:38"], "total_order": 2, "hotel_value": ["4.8", "4.8"], "hotel_price": ["813", "813"]}, "436726": {"hotel_name": "\u53a6\u95e8\u9f13\u6d6a\u5c7f\u5370\u8c61\u95fd\u5357\u6c11\u4fd7\u5ba2\u6808", "order_time": ["2019-01-13 16:04:38"], "total_order": 1, "hotel_value": ["4.7"], "hotel_price": ["131"]}, "5247286": {"hotel_name": "\u53a6\u95e8\u5fc3\u6e56\u5c1a\u5ba2\u5802\u6c11\u5bbf(\u539f\u53a6\u5927\u5c1a\u5ba2\u5802\u5ba2\u6808)", "order_time": ["2019-01-13 16:04:40"], "total_order": 1, "hotel_value": ["4.7"], "hotel_price": ["408"]}, "5924369": {"hotel_name": "\u53a6\u95e8\u6f58\u591a\u62c9\u57ce\u5821\u5e84\u56ed", "order_time": ["2019-01-13 16:04:40"], "total_order": 1, "hotel_value": ["4.9"], "hotel_price": ["148"]}, "483838": {"hotel_name": "\u53a6\u95e8\u7a7a\u6e2f\u4f70\u7fd4\u82b1\u56ed\u9152\u5e97", "order_time": ["2019-01-13 16:04:46"], "total_order": 1, "hotel_value": ["4.5"], "hotel_price": ["292"]}, "6882800": {"hotel_name": "\u53a6\u95e8\u5e02\u601d\u6f6e\u4e3b\u9898\u5ba2\u6808", "order_time": ["2019-01-13 16:04:46"], "total_order": 1, "hotel_value": ["4.6"], "hotel_price": ["98"]}, "2115111": {"hotel_name": "\u53a6\u95e8\u534e\u4e30\u534e\u5927\u9152\u5e97(\u539f\u534e\u4fa8\u5927\u5b66\u6797\u5e7f\u573a\u5b66\u672f\u4ea4\u6d41\u4e2d\u5fc3)", "order_time": ["2019-01-13 16:04:47"], "total_order": 1, "hotel_value": ["4.3"], "hotel_price": ["260"]}, "23623292": {"hotel_name": "\u53a6\u95e8\u4e09\u4e2a\u53a6\u5927\u4eba\u4e0e\u521d\u6c11\u5bbf", "order_time": ["2019-01-13 16:06:37"], "total_order": 1, "hotel_value": ["4.8"], "hotel_price": ["185"]}, "435290": {"hotel_name": "\u53a6\u95e8\u6625\u5149\u9152\u5e97", "order_time": ["2019-01-13 16:06:37", "2019-01-13 16:22:37"], "total_order": 2, "hotel_value": ["4.7", "4.7"], "hotel_price": ["279", "279"]}, "6129425": {"hotel_name": "\u6021\u6d77\u9601\u9152\u5e97(\u53a6\u95e8SM\u57ce\u5e02\u4e4c\u77f3\u6d66\u5730\u94c1\u7ad9\u5e97\uff09", "order_time": ["2019-01-13 16:06:40"], "total_order": 1, "hotel_value": ["4.6"], "hotel_price": ["198"]}, "375297": {"hotel_name": "\u53a6\u95e8\u9a6c\u54e5\u5b5b\u7f57\u4e1c\u65b9\u5927\u9152\u5e97", "order_time": ["2019-01-13 16:06:42", "2019-01-13 16:20:41"], "total_order": 2, "hotel_value": ["4.6", "4.6"], "hotel_price": ["663", "663"]}, "473274": {"hotel_name": "\u53a6\u95e8\u65e5\u4e1c\u82b1\u56ed\u9152\u5e97(\u81ea\u9a7e\u8f66\u4e3b\u9898\u9152\u5e97)", "order_time": ["2019-01-13 16:06:42"], "total_order": 1, "hotel_value": ["4.5"], "hotel_price": ["280"]}, "435030": {"hotel_name": "\u53a6\u95e8\u9f13\u6d6a\u5c7f\u6797\u6c0f\u5e9c\u516c\u9986\u9152\u5e97", "order_time": ["2019-01-13 16:06:42"], "total_order": 1, "hotel_value": ["4.8"], "hotel_price": ["998"]}, "5850603": {"hotel_name": "\u53a6\u95e8\u5370\u8c61\u6d77\u6e7e\u5ea6\u5047\u522b\u5885", "order_time": ["2019-01-13 16:06:43"], "total_order": 1, "hotel_value": ["4.9"], "hotel_price": ["165"]}, "2233112": {"hotel_name": "\u53a6\u95e8\u4e1c\u8fb0\u5927\u9152\u5e97", "order_time": ["2019-01-13 16:06:43"], "total_order": 1, "hotel_value": ["4.2"], "hotel_price": ["182"]}, "839304": {"hotel_name": "\u53a6\u95e8\u897f\u96c5\u56fe\u5ba2\u6808", "order_time": ["2019-01-13 16:06:47"], "total_order": 1, "hotel_value": ["4.9"], "hotel_price": ["103"]}, "1742980": {"hotel_name": "\u4f73\u6a59\u5feb\u6377\u9152\u5e97\uff08\u53a6\u95e8\u706b\u8f66\u7ad9\u5e97\uff09", "order_time": ["2019-01-13 16:06:49"], "total_order": 1, "hotel_value": ["4.1"], "hotel_price": ["103"]}, "6866060": {"hotel_name": "\u53a6\u95e8\u5317\u7ad9\u4e34\u5c45\u5ba2\u6808", "order_time": ["2019-01-13 16:07:02"], "total_order": 1, "hotel_value": ["4.6"], "hotel_price": ["103"]}, "5979596": {"hotel_name": "\u53a6\u95e8\u9f13\u6d6a\u5c7f\u4e00\u4e00\u5ba2\u6808", "order_time": ["2019-01-13 16:07:23"], "total_order": 1, "hotel_value": ["4.4"], "hotel_price": ["101"]}, "19853957": {"hotel_name": "\u9038\u6cca\u5b87\u516c\u5bd3(\u53a6\u95e8\u673a\u573a\u5e97)", "order_time": ["2019-01-13 16:08:32"], "total_order": 1, "hotel_value": ["4.7"], "hotel_price": ["125"]}, "701742": {"hotel_name": "\u901f8\u9152\u5e97(\u53a6\u95e8\u4e2d\u5c71\u8def\u53a6\u95e8\u5927\u5b66\u5e97)", "order_time": ["2019-01-13 16:08:35", "2019-01-13 16:26:41"], "total_order": 2, "hotel_value": ["4.6", "4.6"], "hotel_price": ["145", "145"]}, "441279": {"hotel_name": "\u5982\u5bb6\u5feb\u6377\u9152\u5e97\u83b2\u5742\u5730\u94c1\u7ad9\u5e97\uff08\u539f\u53a6\u95e8\u83b2\u5742\u56fd\u8d38\u65b0\u666f\u5e97\uff09", "order_time": ["2019-01-13 16:08:36"], "total_order": 1, "hotel_value": ["4.4"], "hotel_price": ["128"]}, "469850": {"hotel_name": "\u7ef4\u4e5f\u7eb3\u9152\u5e97(\u53a6\u95e8\u706b\u8f66\u7ad9\u5e97)(\u539f\u51ef\u65af\u9152\u5e97)", "order_time": ["2019-01-13 16:08:36"], "total_order": 1, "hotel_value": ["4.7"], "hotel_price": ["263"]}, "2145638": {"hotel_name": "\u53a6\u95e8\u5609\u836b\u96c5\u5c45\u9152\u5e97(\u539f\u5c31\u662f\u4e3a\u4f60\u4e3b\u9898\u8fde\u9501\u9152\u5e97)", "order_time": ["2019-01-13 16:14:37", "2019-01-13 16:08:37", "2019-01-13 16:20:40"], "total_order": 3, "hotel_value": ["4.5", "4.5", "4.5"], "hotel_price": ["184", "184", "184"]}, "1211268": {"hotel_name": "\u53a6\u95e8\u6e56\u91cc\u9890\u8c6a\u9152\u5e97", "order_time": ["2019-01-13 16:08:41"], "total_order": 1, "hotel_value": ["4.7"], "hotel_price": ["458"]}, "898495": {"hotel_name": "\u6c49\u5ead\u9152\u5e97(\u53a6\u95e8\u79be\u7965\u897f\u8def\u79be\u7965\u5546\u57ce\u5e97)(\u539f\u6e56\u6ee8\u4e2d\u8def\u5e97)", "order_time": ["2019-01-13 16:08:41"], "total_order": 1, "hotel_value": ["4.4"], "hotel_price": ["111"]}, "17470637": {"hotel_name": "\u53a6\u95e8\u516d\u60a6\u5ea6\u5047\u9152\u5e97(\u9f13\u6d6a\u5c7f\u522b\u5885\u5e97)", "order_time": ["2019-01-13 16:08:45"], "total_order": 1, "hotel_value": ["4.7"], "hotel_price": ["304"]}, "1292954": {"hotel_name": "\u53a6\u95e8\u4e00\u820d\u6d77\u666f\u667a\u80fd\u6c11\u5bbf", "order_time": ["2019-01-13 16:08:52"], "total_order": 1, "hotel_value": ["4.7"], "hotel_price": ["276"]}, "11159573": {"hotel_name": "\u53a6\u95e8\u98de\u5bbf\u8fde\u9501\u4e3d\u820d\u00b7\u6735\u62c9\u5e84\u56ed", "order_time": ["2019-01-13 16:09:11", "2019-01-13 16:41:15"], "total_order": 2, "hotel_value": ["4.9", "4.9"], "hotel_price": ["149", "149"]}, "474586": {"hotel_name": "\u5982\u5bb6\u8054\u76df\u00b7\u53a6\u95e8\u6591\u6593\u9152\u5e97(\u539f\u91d1\u5e1d\u9152\u5e97)", "order_time": ["2019-01-13 16:10:37"], "total_order": 1, "hotel_value": ["4.8"], "hotel_price": ["263"]}, "5053649": {"hotel_name": "\u53a6\u95e8\u5927\u5b66\u5962\u534e\u9152\u5e97\u516c\u5bd3(\u539f\u94c2\u66fc\u5929\u79a7\u6d77\u666f\u9152\u5e97\u516c\u5bd3)", "order_time": ["2019-01-13 16:10:37"], "total_order": 1, "hotel_value": ["4.6"], "hotel_price": ["349"]}, "470600": {"hotel_name": "\u53a6\u95e8\u9f13\u6d6a\u5c7f\u56fd\u738b\u76d2\u5b50\u5ea6\u5047\u5c4b", "order_time": ["2019-01-13 16:20:33", "2019-01-13 16:10:37"], "total_order": 2, "hotel_value": ["4.6", "4.6"], "hotel_price": ["107", "107"]}, "447297": {"hotel_name": "\u53a6\u95e8\u660e\u53d1\u56fd\u9645\u5927\u9152\u5e97", "order_time": ["2019-01-13 16:10:42"], "total_order": 1, "hotel_value": ["4.6"], "hotel_price": ["463"]}, "387246": {"hotel_name": "\u53a6\u95e8\u5982\u662f\u9152\u5e97\u4f1a\u5c55\u5e97", "order_time": ["2019-01-13 16:10:42"], "total_order": 1, "hotel_value": ["4.7"], "hotel_price": ["340"]}, "21132146": {"hotel_name": "\u5929\u57fa\u5fa1\u5ead\u9152\u5e97(\u53a6\u95e8\u83b2\u5742\u5730\u94c1\u7ad9\u5e97)", "order_time": ["2019-01-13 16:10:42"], "total_order": 1, "hotel_value": ["4.8"], "hotel_price": ["118"]}, "800402": {"hotel_name": "\u53a6\u95e8\u8363\u6e90\u4e3b\u9898\u9152\u5e97", "order_time": ["2019-01-13 16:10:43"], "total_order": 1, "hotel_value": ["4.9"], "hotel_price": ["144"]}, "481710": {"hotel_name": "\u9526\u6c5f\u4e4b\u661f(\u53a6\u95e8\u706b\u8f66\u7ad9\u5e97)(\u539f\u4e1c\u6d66\u8def\u5e97)", "order_time": ["2019-01-13 16:10:44", "2019-01-13 16:42:40"], "total_order": 2, "hotel_value": ["4.4", "4.4"], "hotel_price": ["104", "104"]}, "2282501": {"hotel_name": "\u53a6\u95e8\u4e2d\u5c71\u540e\u8857\u5ea6\u5047\u65c5\u9986", "order_time": ["2019-01-13 16:10:46"], "total_order": 1, "hotel_value": ["4.5"], "hotel_price": ["117"]}, "1575044": {"hotel_name": "\u53a6\u95e8\u8d1d\u591a\u62c9\u7cbe\u54c1\u9152\u5e97(\u539f\u6052\u9890\u5bbe\u9986)", "order_time": ["2019-01-13 16:10:47"], "total_order": 1, "hotel_value": ["4.3"], "hotel_price": ["134"]}, "2306365": {"hotel_name": "7\u5929\u8fde\u9501\u9152\u5e97(\u53a6\u95e8\u9f13\u6d6a\u5c7f\u6d77\u6ca7\u7801\u5934\u5e97)", "order_time": ["2019-01-13 16:10:53"], "total_order": 1, "hotel_value": ["4.3"], "hotel_price": ["141"]}, "441273": {"hotel_name": "\u9510\u601d\u7279\u00b7\u9038\u81f4\u9152\u5e97(\u53a6\u95e8\u4e2d\u5c71\u8def\u5e97)", "order_time": ["2019-01-13 16:12:39", "2019-01-13 16:24:37"], "total_order": 2, "hotel_value": ["4.8", "4.8"], "hotel_price": ["160", "160"]}, "5304807": {"hotel_name": "\u826f\u5885\u00b7\u4e91\u5ead\u758f\u9662(\u53a6\u95e8\u66fe\u539d\u57b5\u5e97)", "order_time": ["2019-01-13 16:12:39"], "total_order": 1, "hotel_value": ["4.9"], "hotel_price": ["158"]}, "437588": {"hotel_name": "\u9f13\u6d6a\u5c7f\u65e5\u5149\u6d77\u5cb8\u522b\u5885\u9152\u5e97", "order_time": ["2019-01-13 16:12:39"], "total_order": 1, "hotel_value": ["4.8"], "hotel_price": ["178"]}, "2187858": {"hotel_name": "\u6797\u4e16\u7cbe\u54c1\u9152\u5e97(\u53a6\u95e8\u8f6e\u6e21\u4e2d\u5c71\u8def\u5e97)(\u539f\u6797\u4e16\u516c\u9986)", "order_time": ["2019-01-13 16:12:42"], "total_order": 1, "hotel_value": ["4.3"], "hotel_price": ["128"]}, "1586686": {"hotel_name": "\u53a6\u95e8\u60a6\u8c6a\u9152\u5e97", "order_time": ["2019-01-13 16:12:43"], "total_order": 1, "hotel_value": ["4.5"], "hotel_price": ["214"]}, "5980198": {"hotel_name": "\u53a6\u95e8\u66fe\u539d\u57b5\u60a6\u5c45\u5ba2\u6808", "order_time": ["2019-01-13 16:12:45"], "total_order": 1, "hotel_value": ["4.6"], "hotel_price": ["92"]}, "1741647": {"hotel_name": "\u53a6\u95e8\u6f2b\u6e21\u6734\u820d\u8bbe\u8ba1\u578b\u6c11\u5bbf", "order_time": ["2019-01-13 16:12:55", "2019-01-13 16:38:40"], "total_order": 2, "hotel_value": ["5.0", "5.0"], "hotel_price": ["212", "212"]}, "1212911": {"hotel_name": "\u53a6\u95e8\u5317\u7ad9\u7ad9\u53f0\u5c0f\u9662(\u539f\u5317\u7ad9101\u9a7f\u7ad9)", "order_time": ["2019-01-13 16:12:59"], "total_order": 1, "hotel_value": ["4.8"], "hotel_price": ["77"]}, "11154787": {"hotel_name": "\u53a6\u95e8\u66fe\u539d\u57b5\u8fe6\u9005\u6e90\u7d20\u8f7b\u5962\u6c11\u5bbf", "order_time": ["2019-01-13 16:13:04"], "total_order": 1, "hotel_value": ["4.8"], "hotel_price": ["101"]}, "18491784": {"hotel_name": "\u53a6\u95e8VV\u5c0f\u59d0\u59d0\u516c\u5bd3(\u5377\u5377\u827a\u672f\u6559\u80b2\u7f8e\u672f\u9986\u5206\u5e97)", "order_time": ["2019-01-13 16:13:12"], "total_order": 1, "hotel_value": [0], "hotel_price": ["388"]}, "2315604": {"hotel_name": "\u82b1\u5ead\u65c5\u9986(\u53a6\u95e8\u9f13\u6d6a\u5c7f\u7a1a\u68a6\u5e97)", "order_time": ["2019-01-13 16:14:36"], "total_order": 1, "hotel_value": ["4.8"], "hotel_price": ["232"]}, "11069276": {"hotel_name": "\u53a6\u95e8\u6c34\u6676\u6854\u5b50\u516c\u5bd3", "order_time": ["2019-01-13 16:14:39", "2019-01-13 16:22:40"], "total_order": 2, "hotel_value": ["4.5", "4.5"], "hotel_price": ["160", "160"]}, "2300476": {"hotel_name": "7\u5929\u4f18\u54c1\u9152\u5e97(\u53a6\u95e8\u673a\u573a\u5e97)", "order_time": ["2019-01-13 16:14:39"], "total_order": 1, "hotel_value": ["4.6"], "hotel_price": ["209"]}, "11089798": {"hotel_name": "\u53a6\u95e8\u5a49\u5c45\u522b\u82d1\u5ea6\u5047\u5c4b", "order_time": ["2019-01-13 16:14:42"], "total_order": 1, "hotel_value": ["4.9"], "hotel_price": ["71"]}, "1389206": {"hotel_name": "\u9526\u6c5f\u4e4b\u661f(\u53a6\u95e8\u79be\u7965\u897f\u8def\u767d\u9e6d\u6d32\u5e97)", "order_time": ["2019-01-13 16:14:43"], "total_order": 1, "hotel_value": ["4.4"], "hotel_price": ["169"]}, "467685": {"hotel_name": "\u53a6\u95e8\u767d\u9e6d\u6d32\u5927\u9152\u5e97", "order_time": ["2019-01-13 16:14:43"], "total_order": 1, "hotel_value": ["4.2"], "hotel_price": ["342"]}, "2251394": {"hotel_name": "\u53a6\u95e8A\u5ba2\u8231", "order_time": ["2019-01-13 16:14:45"], "total_order": 1, "hotel_value": ["4.7"], "hotel_price": ["232"]}, "2599676": {"hotel_name": "\u53a6\u95e8\u897f\u66fc\u9633\u65c5\u9986", "order_time": ["2019-01-13 16:14:46"], "total_order": 1, "hotel_value": ["4.6"], "hotel_price": ["94"]}, "1734590": {"hotel_name": "\u53a6\u95e8\u6cca\u7231\u6e2f\u6e7e\u6d77\u8fb9\u5ba2\u6808", "order_time": ["2019-01-13 16:14:49"], "total_order": 1, "hotel_value": ["4.8"], "hotel_price": ["144"]}, "5244447": {"hotel_name": "\u53a6\u95e8\u6c49\u4e34\u5546\u52a1\u9152\u5e97", "order_time": ["2019-01-13 16:14:51"], "total_order": 1, "hotel_value": ["4.2"], "hotel_price": ["123"]}, "2570470": {"hotel_name": "\u88d5\u946b\u516c\u5bd3(\u53a6\u95e8\u673a\u573a\u5e97)", "order_time": ["2019-01-13 16:14:58"], "total_order": 1, "hotel_value": ["4.1"], "hotel_price": ["78"]}, "5983425": {"hotel_name": "\u53a6\u95e8\u9e3f\u5c71\u5982\u9a7f\u5ba2\u6808", "order_time": ["2019-01-13 16:16:36"], "total_order": 1, "hotel_value": ["4.7"], "hotel_price": ["175"]}, "23858080": {"hotel_name": "\u53a6\u95e8\u4f73\u9038\u5e0c\u5c14\u987f\u683c\u82ae\u7cbe\u9009\u9152\u5e97", "order_time": ["2019-01-13 16:16:39"], "total_order": 1, "hotel_value": ["4.7"], "hotel_price": ["876"]}, "2294237": {"hotel_name": "\u53a6\u95e8\u6c34\u679c\u5047\u65e5\u9152\u5e97", "order_time": ["2019-01-13 16:16:39"], "total_order": 1, "hotel_value": ["4.2"], "hotel_price": ["123"]}, "2869634": {"hotel_name": "\u53a6\u95e8\u53a6\u5927\u661f\u6d77\u9601\u7cbe\u54c1\u5ba2\u6808(\u539f\u6d77\u97f5\u9601\u5ea6\u5047\u5c4b)", "order_time": ["2019-01-13 16:16:40", "2019-01-13 16:32:40"], "total_order": 2, "hotel_value": ["4.8", "4.8"], "hotel_price": ["94", "94"]}, "21124626": {"hotel_name": "\u53a6\u95e8\u4e07\u749f\u8f69\u9152\u5e97", "order_time": ["2019-01-13 16:16:40"], "total_order": 1, "hotel_value": ["4.6"], "hotel_price": ["198"]}, "2280716": {"hotel_name": "\u53a6\u95e8\u7d2b\u4e91\u4e61\u6c11\u5bbf", "order_time": ["2019-01-13 16:16:44"], "total_order": 1, "hotel_value": ["4.8"], "hotel_price": ["174"]}, "431557": {"hotel_name": "\u901f8\u9152\u5e97(\u53a6\u95e8\u4e2d\u5c71\u8def\u8f6e\u6e21\u5e97)", "order_time": ["2019-01-13 16:24:38", "2019-01-13 16:18:35"], "total_order": 2, "hotel_value": ["4.4", "4.4"], "hotel_price": ["133", "133"]}, "848515": {"hotel_name": "\u53a6\u95e8\u9752\u82b1\u74f7\u5ea6\u5047\u5c4b(\u539f\u98ce\u60c5\u6d77\u6e7e\u5ba2\u6808)", "order_time": ["2019-01-13 16:18:40"], "total_order": 1, "hotel_value": ["4.8"], "hotel_price": ["93"]}, "2042480": {"hotel_name": "7\u5929\u8fde\u9501\u9152\u5e97(\u53a6\u95e8\u9f13\u6d6a\u5c7f\u7801\u5934\u5e97)", "order_time": ["2019-01-13 16:18:42"], "total_order": 1, "hotel_value": ["3.9"], "hotel_price": ["138"]}, "6485447": {"hotel_name": "\u5b9c\u5c1a\u9152\u5e97(\u53a6\u95e8\u673a\u573a\u706b\u70ac\u56ed\u5730\u94c1\u7ad9\u5e97)", "order_time": ["2019-01-13 16:18:51"], "total_order": 1, "hotel_value": ["4.6"], "hotel_price": ["249"]}, "2226352": {"hotel_name": "\u53a6\u95e8\u9886\u822a\u4f1a\u76f4\u5347\u673a\u4e3b\u9898\u9152\u5e97", "order_time": ["2019-01-13 16:20:35"], "total_order": 1, "hotel_value": ["4.4"], "hotel_price": ["342"]}, "6023163": {"hotel_name": "\u53a6\u95e8\u5c1a\u5fb7\u8363\u9152\u5e97", "order_time": ["2019-01-13 16:20:36"], "total_order": 1, "hotel_value": ["4.5"], "hotel_price": ["151"]}, "11648449": {"hotel_name": "\u53a6\u95e8\u7d20\u516e.\u6d77\u8fb9\u5ea6\u5047\u5ba2\u6808(\u539f\u897f\u95e8\u753a\u7cbe\u54c1\u6c11\u5bbf)", "order_time": ["2019-01-13 16:20:36"], "total_order": 1, "hotel_value": [0], "hotel_price": ["69"]}, "1641097": {"hotel_name": "\u9f13\u6d6a\u5c7f\u56db\u5b63\u82b1\u65c5\u9986(\u539f\u521d\u590f\u65c5\u9986)", "order_time": ["2019-01-13 16:20:38"], "total_order": 1, "hotel_value": ["4.9"], "hotel_price": ["95"]}, "6150330": {"hotel_name": "\u8bd7\u516c\u5bd3(\u53a6\u95e8\u673a\u573a\u5e97)", "order_time": ["2019-01-13 16:20:39"], "total_order": 1, "hotel_value": ["4.2"], "hotel_price": ["105"]}, "804367": {"hotel_name": "\u548c\u9890\u9152\u5e97(\u53a6\u95e8\u706b\u8f66\u7ad9\u83b2\u82b1\u8def\u53e3\u5730\u94c1\u7ad9\u5e97)", "order_time": ["2019-01-13 16:20:39"], "total_order": 1, "hotel_value": ["4.8"], "hotel_price": ["245"]}, "4389410": {"hotel_name": "\u53a6\u95e8\u6e56\u91cc\u96c5\u5c45\u516c\u5bd3", "order_time": ["2019-01-13 16:20:43"], "total_order": 1, "hotel_value": ["4.5"], "hotel_price": ["101"]}, "1882711": {"hotel_name": "\u8001\u8857\u9752\u5e74\u65c5\u820d(\u53a6\u95e8\u5927\u5b66\u4e2d\u5c71\u8def\u8f6e\u6e21\u5e97)(\u539f\u6c34\u4ed9\u65c5\u793e)", "order_time": ["2019-01-13 16:20:44"], "total_order": 1, "hotel_value": ["4.7"], "hotel_price": ["85"]}, "436737": {"hotel_name": "\u53a6\u95e8\u9f13\u6d6a\u5c7f\u60a6\u7cbe\u54c1\u9152\u5e97", "order_time": ["2019-01-13 16:20:45"], "total_order": 1, "hotel_value": ["4.5"], "hotel_price": ["126"]}, "5660213": {"hotel_name": "\u53a6\u95e8\u827e\u7b51\u9152\u5e97\u516c\u5bd3", "order_time": ["2019-01-13 16:20:46"], "total_order": 1, "hotel_value": ["4.7"], "hotel_price": ["137"]}, "2382169": {"hotel_name": "\u53a6\u95e8\u7687\u90fd\u5546\u52a1\u9152\u5e97", "order_time": ["2019-01-13 16:20:46"], "total_order": 1, "hotel_value": ["3.8"], "hotel_price": ["131"]}, "438586": {"hotel_name": "\u53a6\u95e8\u5c71\u6c34\u4e3d\u666f\u5927\u9152\u5e97", "order_time": ["2019-01-13 16:20:50"], "total_order": 1, "hotel_value": ["4.4"], "hotel_price": ["380"]}, "24034391": {"hotel_name": "\u53a6\u95e8\u6c34\u6728\u6d77\u666f\u9152\u5e97", "order_time": ["2019-01-13 16:20:50"], "total_order": 1, "hotel_value": ["4.7"], "hotel_price": ["237"]}, "1728837": {"hotel_name": "\u6768\u6843\u9662\u5b50\u65c5\u9986(\u9f13\u6d6a\u5c7f\u4e2d\u534e\u7ea2\u58a8\u5e97)", "order_time": ["2019-01-13 16:22:37", "2019-01-13 16:30:38", "2019-01-13 16:26:39"], "total_order": 3, "hotel_value": ["4.8", "4.8", "4.8"], "hotel_price": ["298", "298", "298"]}, "2298479": {"hotel_name": "\u6c49\u5ead\u9152\u5e97(\u53a6\u95e8\u540c\u5b89\u73af\u57ce\u5357\u8def\u5e97)", "order_time": ["2019-01-13 16:22:39"], "total_order": 1, "hotel_value": ["4.4"], "hotel_price": ["170"]}, "428297": {"hotel_name": "\u5982\u5bb6\u9152\u5e97(\u53a6\u95e8\u96c6\u7f8e\u674f\u6797\u897f\u8def\u5e97)", "order_time": ["2019-01-13 16:22:41"], "total_order": 1, "hotel_value": ["4.7"], "hotel_price": ["195"]}, "15905055": {"hotel_name": "\u5b9c\u5c1a\u9152\u5e97(\u53a6\u95e8\u4f1a\u5c55\u4e2d\u5fc3\u897f\u6797\u5e97)", "order_time": ["2019-01-13 16:22:42"], "total_order": 1, "hotel_value": ["4.7"], "hotel_price": ["233"]}, "1741995": {"hotel_name": "\u5982\u5bb6\u6d3e\u67cf\u00b7\u4e91\u9152\u5e97(\u53a6\u95e8\u53a6\u79be\u8def\u56fd\u8d38\u5e97)(\u539f\u4e9a\u66fc\u9152\u5e97)", "order_time": ["2019-01-13 16:22:43"], "total_order": 1, "hotel_value": ["4.1"], "hotel_price": ["125"]}, "1738310": {"hotel_name": "\u53a6\u95e8\u9752\u5e74\u9633\u5149\u7cbe\u54c1\u5546\u52a1\u9152\u5e97(\u678b\u6e56\u5e97)", "order_time": ["2019-01-13 16:22:43"], "total_order": 1, "hotel_value": ["4.4"], "hotel_price": ["192"]}, "6768590": {"hotel_name": "\u53a6\u95e8\u5065\u4f53\u65e0\u6781\u9152\u5e97\u4f1a\u6240", "order_time": ["2019-01-13 16:22:46"], "total_order": 1, "hotel_value": ["4.6"], "hotel_price": ["253"]}, "26405159": {"hotel_name": "\u8ff9\u58a8\u4e5d\u95f4\u623f(\u53a6\u95e8\u5d69\u5c7f\u7801\u5934\u5e97)", "order_time": ["2019-01-13 16:22:56"], "total_order": 1, "hotel_value": ["5.0"], "hotel_price": ["238"]}, "23885738": {"hotel_name": "\u53a6\u95e8\u5929\u6daf\u6bd4\u90bb\u5ba2\u6808", "order_time": ["2019-01-13 16:25:00"], "total_order": 1, "hotel_value": ["4.9"], "hotel_price": ["83"]}, "346262": {"hotel_name": "\u53a6\u95e8\u5a01\u65af\u6c40\u9152\u5e97", "order_time": ["2019-01-13 16:26:35"], "total_order": 1, "hotel_value": ["4.5"], "hotel_price": ["828"]}, "428274": {"hotel_name": "\u53a6\u95e8\u56fd\u9645\u4f1a\u5c55\u4e2d\u5fc3\u7f8e\u5c45\u9152\u5e97(\u539f\u5e7f\u83b1\u7f8e\u5c45\u9152\u5e97)", "order_time": ["2019-01-13 16:26:36"], "total_order": 1, "hotel_value": ["4.4"], "hotel_price": ["362"]}, "6259728": {"hotel_name": "\u82b1\u754c\u9152\u5e97(\u53a6\u95e8\u83b2\u82b1\u5e97)", "order_time": ["2019-01-13 16:26:37"], "total_order": 1, "hotel_value": ["4.4"], "hotel_price": ["263"]}, "6599741": {"hotel_name": "\u6854\u5b50\u9152\u5e97\u00b7\u7cbe\u9009(\u53a6\u95e8\u4e2d\u5c71\u8def\u8f6e\u6e21\u7801\u5934\u5e97)(\u539f\u4e2d\u5c71\u8def\u6b65\u884c\u8857\u5e97)", "order_time": ["2019-01-13 16:26:38", "2019-01-13 16:34:35"], "total_order": 2, "hotel_value": ["4.8", "4.8"], "hotel_price": ["322", "360"]}, "435605": {"hotel_name": "\u53a6\u95e8\u76db\u4e4b\u4e61\u6e29\u6cc9\u6e21\u5047\u6751", "order_time": ["2019-01-13 16:26:38"], "total_order": 1, "hotel_value": ["4.6"], "hotel_price": ["568"]}, "2074390": {"hotel_name": "\u53a6\u95e8\u5317\u7ad9\u5b89\u6021\u5c45\u5ba2\u6808", "order_time": ["2019-01-13 16:26:39"], "total_order": 1, "hotel_value": ["4.7"], "hotel_price": ["83"]}, "431131": {"hotel_name": "\u53a6\u95e8\u6bd5\u601d\u7279\u9152\u5e97", "order_time": ["2019-01-13 16:26:41"], "total_order": 1, "hotel_value": ["4.6"], "hotel_price": ["331"]}, "19678980": {"hotel_name": "\u53a6\u95e8\u74e6\u6e90\u7d20\u7cbe\u54c1\u5ba2\u6808", "order_time": ["2019-01-13 16:26:42"], "total_order": 1, "hotel_value": ["4.9"], "hotel_price": ["94"]}, "21790917": {"hotel_name": "\u826f\u5885\u00b7\u4e91\u5ead\u65f6\u5149(\u53a6\u95e8\u66fe\u539d\u57b5\u5e97)", "order_time": ["2019-01-13 16:26:44"], "total_order": 1, "hotel_value": ["4.9"], "hotel_price": ["128"]}, "717597": {"hotel_name": "\u53a6\u95e8\u5fa1\u79c1\u5885\u4eb2\u5b50\u5ea6\u5047\u522b\u5885", "order_time": ["2019-01-13 16:27:13"], "total_order": 1, "hotel_value": ["4.7"], "hotel_price": ["318"]}, "22421704": {"hotel_name": "\u5168\u5b63\u9152\u5e97(\u53a6\u95e8\u4e2d\u5c71\u8def\u6b65\u884c\u8857\u601d\u660e\u5357\u8def\u5e97)", "order_time": ["2019-01-13 16:28:33"], "total_order": 1, "hotel_value": ["4.8"], "hotel_price": ["427"]}, "847315": {"hotel_name": "\u5982\u5bb6\u5feb\u6377\u9152\u5e97(\u53a6\u95e8\u52b3\u52a8\u529b\u5927\u53a6\u83b2\u82b1\u5730\u94c1\u7ad9\u5e97)\uff08\u539f\u957f\u9752\u8def\u52b3\u52a8\u529b\u5927\u53a6\u5e97\uff09", "order_time": ["2019-01-13 16:28:34"], "total_order": 1, "hotel_value": ["4.3"], "hotel_price": ["142"]}, "509970": {"hotel_name": "\u53a6\u95e8\u9a8f\u8c6a\u4f1a", "order_time": ["2019-01-13 16:28:39"], "total_order": 1, "hotel_value": ["4.6"], "hotel_price": ["566"]}, "5978847": {"hotel_name": "\u6e2f\u6e7e\u6d77\u666f\u522b\u82d1(\u53a6\u95e8\u53a6\u5927\u5e97)", "order_time": ["2019-01-13 16:28:43"], "total_order": 1, "hotel_value": ["4.9"], "hotel_price": ["79"]}, "13989777": {"hotel_name": "\u6f58\u591a\u62c9\u6d77\u666f\u5ba2\u6808(\u53a6\u95e8\u4e2d\u5c71\u8def\u6b65\u884c\u8857\u5e97)", "order_time": ["2019-01-13 16:28:45"], "total_order": 1, "hotel_value": ["4.8"], "hotel_price": ["101"]}, "1410539": {"hotel_name": "\u53a6\u95e8\u53e4\u57ce\u5ba2\u6808", "order_time": ["2019-01-13 16:30:41"], "total_order": 1, "hotel_value": ["4.2"], "hotel_price": ["116"]}, "1768712": {"hotel_name": "\u53a6\u95e8\u9014\u5e84\u7cbe\u54c1\u9152\u5e97", "order_time": ["2019-01-13 16:30:42"], "total_order": 1, "hotel_value": ["4.7"], "hotel_price": ["148"]}, "12256910": {"hotel_name": "\u53a6\u95e8\u82b1\u9752\u5bbf\u534a\u5c71\u82b1\u56ed\u7cbe\u54c1\u5ba2\u6808", "order_time": ["2019-01-13 16:30:45"], "total_order": 1, "hotel_value": ["4.9"], "hotel_price": ["243"]}, "11894002": {"hotel_name": "\u53a6\u95e81\u53f7\u516c\u793e", "order_time": ["2019-01-13 16:30:54"], "total_order": 1, "hotel_value": ["4.5"], "hotel_price": ["83"]}, "6118955": {"hotel_name": "\u53a6\u95e8\u827e\u5c14\u65af\u5ea6\u5047\u5e84\u56ed", "order_time": ["2019-01-13 16:32:39"], "total_order": 1, "hotel_value": ["4.9"], "hotel_price": ["126"]}, "1073749": {"hotel_name": "\u822a\u6210\u7cbe\u54c1\u9152\u5e97(\u53a6\u95e8\u673a\u573a\u81ea\u8d38\u533a\u5e97)", "order_time": ["2019-01-13 16:32:46"], "total_order": 1, "hotel_value": ["4.2"], "hotel_price": ["184"]}, "1735109": {"hotel_name": "\u53a6\u95e8\u5e0c\u9601\u82b1\u56ed\u9152\u5e97(\u539f\u5e0c\u9601\u9152\u5e97)", "order_time": ["2019-01-13 16:34:36"], "total_order": 1, "hotel_value": ["4.7"], "hotel_price": ["280"]}, "771600": {"hotel_name": "\u53a6\u95e8\u6676\u88d5\u5546\u52a1\u9152\u5e97", "order_time": ["2019-01-13 16:34:40"], "total_order": 1, "hotel_value": ["4.1"], "hotel_price": ["96"]}, "9118583": {"hotel_name": "\u53a6\u95e8\u9999\u683c\u91cc\u62c9\u5927\u9152\u5e97", "order_time": ["2019-01-13 16:34:40"], "total_order": 1, "hotel_value": ["4.7"], "hotel_price": ["933"]}, "5979165": {"hotel_name": "\u53a6\u95e8\u4f34\u6d77\u60c5\u7f18\u5ea6\u5047\u5ba2\u6808", "order_time": ["2019-01-13 16:34:51"], "total_order": 1, "hotel_value": ["4.8"], "hotel_price": ["78"]}, "13912439": {"hotel_name": "\u53a6\u95e8\u6620\u96ea\u8f7b\u5962\u9152\u5e97", "order_time": ["2019-01-13 16:36:32"], "total_order": 1, "hotel_value": ["4.9"], "hotel_price": ["194"]}, "439323": {"hotel_name": "\u9f13\u6d6a\u5c7f\u7231\u4e0a\u82b1\u56ed\u65c5\u9986", "order_time": ["2019-01-13 16:36:35"], "total_order": 1, "hotel_value": ["4.7"], "hotel_price": ["267"]}, "2310179": {"hotel_name": "\u53a6\u95e8\u66fc\u53ef\u8fde\u9501\u9152\u5e97", "order_time": ["2019-01-13 16:36:42"], "total_order": 1, "hotel_value": ["3.8"], "hotel_price": ["80"]}, "5248531": {"hotel_name": "\u53a6\u95e8\u9752\u5e74\u5ba2\u6808\u65b9\u7279\u5e97", "order_time": ["2019-01-13 16:36:49"], "total_order": 1, "hotel_value": ["4.3"], "hotel_price": ["103"]}, "5324761": {"hotel_name": "\u53a6\u95e8\u798f\u5b89\u516c\u5bd3", "order_time": ["2019-01-13 16:36:51"], "total_order": 1, "hotel_value": ["4.5"], "hotel_price": ["78"]}, "1498669": {"hotel_name": "\u53a6\u95e8\u5317\u7ad9\u548c\u798f\u5ba2\u6808", "order_time": ["2019-01-13 16:36:51"], "total_order": 1, "hotel_value": ["4.9"], "hotel_price": ["78"]}, "14248831": {"hotel_name": "\u5357\u8f69\u9601\u5ba2\u6808\uff08\u53a6\u95e8\u4e2d\u5c71\u8def\u5e97\uff09", "order_time": ["2019-01-13 16:37:01"], "total_order": 1, "hotel_value": ["4.7"], "hotel_price": ["83"]}, "432895": {"hotel_name": "\u82cf\u6258\u4e9a(\u9f13\u6d6a\u5c7f\u5de2\u5ead1919\u5e97)", "order_time": ["2019-01-13 16:38:38"], "total_order": 1, "hotel_value": ["4.8"], "hotel_price": ["286"]}, "11782231": {"hotel_name": "\u53a6\u95e8\u5c0f\u7ea2\u5e3d\u7684\u72fc\u5916\u5a46\u5bb6\u5ba2\u6808(\u539f\u65ee\u65ef\u65c5\u9986\u73af\u5c9b\u8def\u5e97)", "order_time": ["2019-01-13 16:38:47"], "total_order": 1, "hotel_value": ["4.8"], "hotel_price": ["146"]}, "2043594": {"hotel_name": "7\u5929\u8fde\u9501\u9152\u5e97(\u53a6\u95e8\u53f0\u6e7e\u8857\u5e97)", "order_time": ["2019-01-13 16:40:38"], "total_order": 1, "hotel_value": ["4.4"], "hotel_price": ["99"]}, "2890185": {"hotel_name": "\u6021\u5bb6\u516c\u5bd3(\u53a6\u95e8\u673a\u573a\u5e97)", "order_time": ["2019-01-13 16:40:50"], "total_order": 1, "hotel_value": ["4.6"], "hotel_price": ["111"]}, "450155": {"hotel_name": "\u5982\u5bb6\u5feb\u6377\u9152\u5e97(\u53a6\u95e8\u4e2d\u5c71\u8def\u6e56\u6ee8\u897f\u8def\u5e97)", "order_time": ["2019-01-13 16:42:40"], "total_order": 1, "hotel_value": ["4.2"], "hotel_price": ["139"]}, "666255": {"hotel_name": "\u5bb6\u548c\u6625\u5929\u9152\u5e97(\u53a6\u95e8\u6d77\u6ca7\u5e97)", "order_time": ["2019-01-13 16:42:43"], "total_order": 1, "hotel_value": ["4.1"], "hotel_price": ["133"]}, "438336": {"hotel_name": "\u53a6\u95e8\u5927\u4ebf\u9890\u8c6a\u9152\u5e97", "order_time": ["2019-01-13 16:42:44"], "total_order": 1, "hotel_value": ["4.4"], "hotel_price": ["194"]}, "6763972": {"hotel_name": "\u53a6\u95e8\u5317\u7ad9\u66fc\u5df4\u9152\u5e97", "order_time": ["2019-01-13 16:42:44"], "total_order": 1, "hotel_value": ["4.7"], "hotel_price": ["180"]}, "1803138": {"hotel_name": "\u53a6\u95e8\u661f\u9645\u592a\u7a7a\u8231\u9752\u65c5", "order_time": ["2019-01-13 16:42:48"], "total_order": 1, "hotel_value": ["4.9"], "hotel_price": ["45"]}, "753113": {"hotel_name": "\u53a6\u95e8520\u9a7f\u6808", "order_time": ["2019-01-13 16:42:49"], "total_order": 1, "hotel_value": ["4.6"], "hotel_price": ["113"]}, "6834337": {"hotel_name": "\u53a6\u95e8\u7d20\u820d\u5c0f\u7b51\u6c11\u5bbf(\u539f\u53a6\u95e8\u53a6\u6d6a\u6e7e\u95fd\u820d)", "order_time": ["2019-01-13 16:42:56"], "total_order": 1, "hotel_value": [0], "hotel_price": ["88"]}, "4034369": {"hotel_name": "\u4e07\u4ec1\u9152\u5e97(\u53a6\u95e8\u4e2d\u5c71\u8def\u5e97)", "order_time": ["2019-01-13 16:42:58"], "total_order": 1, "hotel_value": ["3.5"], "hotel_price": ["79"]}}}