{"\u5f00\u59cb\u8bb0\u5f55\u65f6\u95f4": "2019-01-05 06:55:47", "\u7ed3\u675f\u8bb0\u5f55\u65f6\u95f4": "2019-01-05 07:55:47", "\u8ba2\u5355\u603b\u589e\u91cf": 93, "item": {"5574145": {"hotel_name": "\u53a6\u95e8\u8bfb\u65c5\u00b7\u6c50\u6c60\u8bbe\u8ba1\u578b\u5ea6\u5047\u522b\u5885", "order_time": ["2019-01-05 06:57:55"], "total_order": 1, "hotel_value": ["4.9"], "hotel_price": ["286"]}, "1405990": {"hotel_name": "\u901f8\u9152\u5e97(\u53a6\u95e8\u706b\u8f66\u7ad9\u5e97)", "order_time": ["2019-01-05 06:59:52"], "total_order": 1, "hotel_value": ["4.3"], "hotel_price": ["171"]}, "15717242": {"hotel_name": "\u53a6\u95e8\u9e6d\u5c9b\u6234\u65af\u9152\u5e97", "order_time": ["2019-01-05 06:59:52"], "total_order": 1, "hotel_value": ["4.5"], "hotel_price": ["205"]}, "472361": {"hotel_name": "\u53a6\u95e8\u660e\u73e0\u6d77\u6e7e\u5927\u9152\u5e97", "order_time": ["2019-01-05 06:59:53"], "total_order": 1, "hotel_value": ["4.5"], "hotel_price": ["358"]}, "436701": {"hotel_name": "\u90fd\u5e02\u7cbe\u54c1\u9152\u5e97(\u53a6\u95e8\u83b2\u82b1\u53e3\u5730\u94c1\u7ad9\u5e97)", "order_time": ["2019-01-05 07:01:53"], "total_order": 1, "hotel_value": ["4.3"], "hotel_price": ["115"]}, "436735": {"hotel_name": "\u753b\u5eca\u65c5\u9986(\u9f13\u6d6a\u5c7f\u83ab\u5948\u82b1\u56ed\u5e97)(\u539f\u6bd3\u56ed\u9986)", "order_time": ["2019-01-05 07:01:54"], "total_order": 1, "hotel_value": ["4.9"], "hotel_price": ["589"]}, "2624108": {"hotel_name": "\u53a6\u95e8\u5e0c\u5c14\u987f\u9038\u6797\u9152\u5e97", "order_time": ["2019-01-05 07:03:53"], "total_order": 1, "hotel_value": ["4.7"], "hotel_price": ["665"]}, "4337003": {"hotel_name": "\u53a6\u95e8\u963f\u725b\u54e5\u5ba2\u6808(\u539f\u4e00\u671f\u4e00\u4f1a\u4e3b\u9898\u5ba2\u6808)", "order_time": ["2019-01-05 07:03:54"], "total_order": 1, "hotel_value": ["4.4"], "hotel_price": ["113"]}, "5903250": {"hotel_name": "\u53a6\u95e8\u6e29\u838e\u516c\u4e3b\u57ce\u5821\u5e84\u56ed", "order_time": ["2019-01-05 07:03:54"], "total_order": 1, "hotel_value": ["4.8"], "hotel_price": ["166"]}, "1523052": {"hotel_name": "\u9f13\u6d6a\u5c7f\u7eb8\u9e22\u65c5\u9986", "order_time": ["2019-01-05 07:05:52"], "total_order": 1, "hotel_value": ["4.7"], "hotel_price": ["183"]}, "467685": {"hotel_name": "\u53a6\u95e8\u767d\u9e6d\u6d32\u5927\u9152\u5e97", "order_time": ["2019-01-05 07:05:52"], "total_order": 1, "hotel_value": ["4.2"], "hotel_price": ["356"]}, "6486006": {"hotel_name": "\u53a6\u95e8\u6e56\u6ee8\u9996\u5e9c\u4e16\u8302\u777f\u9009\u9152\u5e97", "order_time": ["2019-01-05 07:05:52"], "total_order": 1, "hotel_value": ["4.6"], "hotel_price": ["532"]}, "1730297": {"hotel_name": "\u53a6\u95e8\u9f13\u6d6a\u5c7f\u7434\u6d77\u5e84\u56ed\u6d77\u666f\u9152\u5e97", "order_time": ["2019-01-05 07:05:53"], "total_order": 1, "hotel_value": ["4.6"], "hotel_price": ["418"]}, "750174": {"hotel_name": "\u683c\u6797\u8c6a\u6cf0(\u53a6\u95e8\u5927\u5b66\u5e97)", "order_time": ["2019-01-05 07:05:53"], "total_order": 1, "hotel_value": ["4.2"], "hotel_price": ["136"]}, "22817797": {"hotel_name": "\u53a6\u95e8SM\u57ce\u5e02\u5e7f\u573a\u5e0c\u5c14\u987f\u6b22\u670b\u9152\u5e97", "order_time": ["2019-01-05 07:05:54", "2019-01-05 07:15:53"], "total_order": 2, "hotel_value": ["4.5", "4.5"], "hotel_price": ["469", "469"]}, "436704": {"hotel_name": "\u53a6\u95e8\u6162\u751f\u6d3b\u00b7\u96c5\u539d\u522b\u9662", "order_time": ["2019-01-05 07:05:54"], "total_order": 1, "hotel_value": ["4.9"], "hotel_price": ["339"]}, "5449230": {"hotel_name": "\u53a6\u95e8\u4e00\u683c\u6d77\u666f\u5ea6\u5047\u9a7f\u6808", "order_time": ["2019-01-05 07:05:54"], "total_order": 1, "hotel_value": ["4.9"], "hotel_price": ["219"]}, "1742980": {"hotel_name": "\u4f73\u6a59\u5feb\u6377\u9152\u5e97\uff08\u53a6\u95e8\u706b\u8f66\u7ad9\u5e97\uff09", "order_time": ["2019-01-05 07:05:55"], "total_order": 1, "hotel_value": ["4.1"], "hotel_price": ["93"]}, "1065306": {"hotel_name": "\u9f13\u6d6a\u5c7f\u516d\u60a6\u6d77\u666f\u9152\u5e97(\u539f\u516d\u60a6\u82b1\u56ed\u9152\u5e97)", "order_time": ["2019-01-05 07:13:53", "2019-01-05 07:07:53"], "total_order": 2, "hotel_value": ["4.7", "4.7"], "hotel_price": ["370", "370"]}, "5548882": {"hotel_name": "\u53a6\u95e8\u6d77\u65c5\u6e29\u5fb7\u59c6\u81f3\u5c0a\u9152\u5e97", "order_time": ["2019-01-05 07:07:53"], "total_order": 1, "hotel_value": ["4.7"], "hotel_price": ["522"]}, "450155": {"hotel_name": "\u5982\u5bb6\u5feb\u6377\u9152\u5e97(\u53a6\u95e8\u4e2d\u5c71\u8def\u6e56\u6ee8\u897f\u8def\u5e97)", "order_time": ["2019-01-05 07:07:53"], "total_order": 1, "hotel_value": ["4.2"], "hotel_price": ["137"]}, "932008": {"hotel_name": "\u8003\u62c9\u9752\u5e74\u65c5\u820d(\u53a6\u95e8\u4e2d\u5c71\u8def\u6b65\u884c\u8857\u5e97)", "order_time": ["2019-01-05 07:09:54"], "total_order": 1, "hotel_value": ["4.5"], "hotel_price": ["122"]}, "1118729": {"hotel_name": "\u5982\u5bb6\u5feb\u6377\u9152\u5e97(\u53a6\u95e8\u4ed9\u5cb3\u8def\u6c5f\u5934\u5e97)", "order_time": ["2019-01-05 07:09:55"], "total_order": 1, "hotel_value": ["4.5"], "hotel_price": ["204"]}, "24032125": {"hotel_name": "\u53a6\u95e8\u9759\u5fc3\u5c45\u65c5\u9986", "order_time": ["2019-01-05 07:09:56"], "total_order": 1, "hotel_value": ["4.5"], "hotel_price": ["83"]}, "5806184": {"hotel_name": "\u9177\u6d3e\u9152\u5e97(\u53a6\u95e8\u706b\u8f66\u7ad9\u68a7\u6751\u6c7d\u8f66\u7ad9\u5e97)", "order_time": ["2019-01-05 07:09:56"], "total_order": 1, "hotel_value": ["4.3"], "hotel_price": ["141"]}, "1386469": {"hotel_name": "\u5982\u5bb6\u5feb\u6377\u9152\u5e97(\u53a6\u95e8\u96c6\u7f8e\u5927\u5b66\u5e97)", "order_time": ["2019-01-05 07:11:54"], "total_order": 1, "hotel_value": ["4.4"], "hotel_price": ["148"]}, "19517458": {"hotel_name": "\u53a6\u95e8\u601d\u5c7f\u9e6d", "order_time": ["2019-01-05 07:11:54"], "total_order": 1, "hotel_value": ["4.6"], "hotel_price": ["113"]}, "1522806": {"hotel_name": "\u53a6\u95e8\u4e91\u6d77\u7cbe\u54c1\u5ea6\u5047\u5c4b", "order_time": ["2019-01-05 07:11:56"], "total_order": 1, "hotel_value": ["4.9"], "hotel_price": ["107"]}, "469816": {"hotel_name": "\u53a6\u95e8\u5723\u5e0c\u7f57\u9152\u5e97", "order_time": ["2019-01-05 07:13:52"], "total_order": 1, "hotel_value": ["4.4"], "hotel_price": ["288"]}, "431965": {"hotel_name": "\u53a6\u95e8\u7f8e\u4ed1\u7693\u6656\u9152\u5e97", "order_time": ["2019-01-05 07:39:53", "2019-01-05 07:13:53", "2019-01-05 07:51:57"], "total_order": 3, "hotel_value": ["4.7", "4.7", "4.7"], "hotel_price": ["198", "198", "198"]}, "1318017": {"hotel_name": "\u53a6\u95e8\u56fd\u9645\u9752\u5e74\u65c5\u820d", "order_time": ["2019-01-05 07:13:53"], "total_order": 1, "hotel_value": ["4.6"], "hotel_price": ["71"]}, "6117726": {"hotel_name": "\u8d1d\u591a\u62c9\u4e3b\u9898\u9152\u5e97(\u53a6\u95e8\u706b\u8f66\u7ad9\u5e97)", "order_time": ["2019-01-05 07:13:54"], "total_order": 1, "hotel_value": ["4.5"], "hotel_price": ["152"]}, "7861971": {"hotel_name": "\u53a6\u95e8\u9f13\u6d6a\u5c7f\u5c0f\u5c9b\u98ce\u60c5\u65c5\u9986", "order_time": ["2019-01-05 07:13:57"], "total_order": 1, "hotel_value": ["4.8"], "hotel_price": ["188"]}, "23571482": {"hotel_name": "\u53a6\u95e8\u5e78\u798f\u65f6\u5149\u516c\u5bd3", "order_time": ["2019-01-05 07:15:53"], "total_order": 1, "hotel_value": ["4.8"], "hotel_price": ["113"]}, "2176031": {"hotel_name": "\u9f13\u6d6a\u5c7f\u6c90\u5fc3\u5c45\u65c5\u9986", "order_time": ["2019-01-05 07:15:53"], "total_order": 1, "hotel_value": ["4.9"], "hotel_price": ["205"]}, "2363786": {"hotel_name": "\u4e00\u683c\u00b7\u5de2\u5bbf(\u53a6\u95e8\u66fe\u539d\u57b5\u5e97)", "order_time": ["2019-01-05 07:15:53"], "total_order": 1, "hotel_value": ["4.9"], "hotel_price": ["173"]}, "2300982": {"hotel_name": "7\u5929\u8fde\u9501\u9152\u5e97(\u53a6\u95e8\u706b\u8f66\u7ad9\u6e56\u6ee8\u5357\u8def\u4e2d\u5c71\u533b\u9662\u5e97)", "order_time": ["2019-01-05 07:15:54"], "total_order": 1, "hotel_value": ["4.4"], "hotel_price": ["139"]}, "12229646": {"hotel_name": "\u6613\u4f70\u8fde\u9501\u65c5\u5e97(\u53a6\u95e8\u706b\u8f66\u7ad9\u6e56\u6ee8\u4e1c\u8def\u5e97)", "order_time": ["2019-01-05 07:15:54"], "total_order": 1, "hotel_value": ["4.1"], "hotel_price": ["83"]}, "898514": {"hotel_name": "\u6c49\u5ead\u9152\u5e97(\u53a6\u95e8\u673a\u573a\u5e97)", "order_time": ["2019-01-05 07:17:52"], "total_order": 1, "hotel_value": ["4.4"], "hotel_price": ["164"]}, "440397": {"hotel_name": "\u7231\u4e01\u5821\u9152\u5e97(\u53a6\u95e8\u53a6\u9f13\u7801\u5934\u5e97)(\u539f\u9890\u9526\u9152\u5e97)", "order_time": ["2019-01-05 07:17:53"], "total_order": 1, "hotel_value": ["4.6"], "hotel_price": ["100"]}, "12624286": {"hotel_name": "\u9a7f\u8d77\u9152\u5e97\uff08\u53a6\u95e8\u5317\u7ad9\u5e97\uff09", "order_time": ["2019-01-05 07:25:53", "2019-01-05 07:17:53"], "total_order": 2, "hotel_value": ["4.6", "4.6"], "hotel_price": ["159", "159"]}, "6112181": {"hotel_name": "\u53a6\u95e8\u6c38\u4e3d\u8fbe\u4e3d\u5448\u9152\u5e97", "order_time": ["2019-01-05 07:51:57", "2019-01-05 07:17:53"], "total_order": 2, "hotel_value": ["4.8", "4.8"], "hotel_price": ["439", "439"]}, "4034369": {"hotel_name": "\u4e07\u4ec1\u9152\u5e97(\u53a6\u95e8\u4e2d\u5c71\u8def\u5e97)", "order_time": ["2019-01-05 07:17:55"], "total_order": 1, "hotel_value": ["3.5"], "hotel_price": ["97"]}, "28525229": {"hotel_name": "\u53a6\u95e8\u96c5\u7434\u4f73\u5c45\u516c\u5bd3", "order_time": ["2019-01-05 07:19:57"], "total_order": 1, "hotel_value": ["5.0"], "hotel_price": ["112"]}, "6516383": {"hotel_name": "\u53a6\u95e8\u6709\u5ea6\u522b\u9662", "order_time": ["2019-01-05 07:21:53"], "total_order": 1, "hotel_value": ["4.8"], "hotel_price": ["278"]}, "521079": {"hotel_name": "\u53a6\u95e8\u9999\u8349\u56ed\u9152\u5e97", "order_time": ["2019-01-05 07:23:53"], "total_order": 1, "hotel_value": ["4.8"], "hotel_price": ["345"]}, "436632": {"hotel_name": "\u53a6\u95e8\u4e07\u4f73\u4e1c\u65b9\u9152\u5e97", "order_time": ["2019-01-05 07:23:55"], "total_order": 1, "hotel_value": ["4.4"], "hotel_price": ["176"]}, "6247683": {"hotel_name": "\u53a6\u95e8\u96c6\u7f8e\u5e73\u5b89\u5ba2\u6808", "order_time": ["2019-01-05 07:25:54"], "total_order": 1, "hotel_value": [0], "hotel_price": ["67"]}, "369750": {"hotel_name": "\u53a6\u95e8\u6cdb\u592a\u5e73\u6d0b\u5927\u9152\u5e97", "order_time": ["2019-01-05 07:27:54"], "total_order": 1, "hotel_value": ["4.6"], "hotel_price": ["600"]}, "1199959": {"hotel_name": "\u5982\u5bb6\u5feb\u6377\u9152\u5e97(\u53a6\u95e8\u53a6\u79be\u8def\u767d\u9e6d\u6d32\u8def\u5e97)", "order_time": ["2019-01-05 07:27:54"], "total_order": 1, "hotel_value": ["4.2"], "hotel_price": ["101"]}, "12084605": {"hotel_name": "\u53a6\u95e8\u96c5\u5b50\u8f69\u7cbe\u54c1\u8fde\u9501\u9152\u5e97", "order_time": ["2019-01-05 07:29:55"], "total_order": 1, "hotel_value": ["4.9"], "hotel_price": ["136"]}, "21430224": {"hotel_name": "\u53a6\u95e8\u5e02\u65c5\u7f8e\u9152\u5e97(\u53a6\u5927\u5357\u666e\u9640\u5e97)", "order_time": ["2019-01-05 07:29:57"], "total_order": 1, "hotel_value": ["4.3"], "hotel_price": ["119"]}, "734162": {"hotel_name": "\u53a6\u95e8\u5929\u5143\u541b\u9686\u5927\u9152\u5e97", "order_time": ["2019-01-05 07:31:56"], "total_order": 1, "hotel_value": ["4.4"], "hotel_price": ["2546"]}, "346269": {"hotel_name": "\u53a6\u95e8\u6e90\u660c\u51ef\u5bbe\u65af\u57fa\u5927\u9152\u5e97", "order_time": ["2019-01-05 07:31:57"], "total_order": 1, "hotel_value": ["4.7"], "hotel_price": ["898"]}, "21332906": {"hotel_name": "\u53a6\u95e8\u65af\u7ef4\u767b\u5ea6\u5047\u9152\u5e97(\u678b\u6e56\u8f66\u7ad9\u4f18\u671b\u5e97)", "order_time": ["2019-01-05 07:31:57"], "total_order": 1, "hotel_value": ["4.8"], "hotel_price": ["218"]}, "4960975": {"hotel_name": "\u548c\u9890\u9152\u5e97(\u53a6\u95e8\u4e2d\u5c71\u8def\u6b65\u884c\u8857\u5e97)", "order_time": ["2019-01-05 07:31:57"], "total_order": 1, "hotel_value": ["4.7"], "hotel_price": ["270"]}, "12092426": {"hotel_name": "\u53a6\u95e8\u91d1\u5c0f\u59d0\u522b\u9662(\u539f\u9999\u683c\u91cc\u5885\u5ea6\u5047\u5e84\u56ed)", "order_time": ["2019-01-05 07:31:57"], "total_order": 1, "hotel_value": ["4.9"], "hotel_price": ["176"]}, "12183206": {"hotel_name": "\u53a6\u95e8\u4e03\u661f\u8fde\u9501\u9152\u5e97\u678b\u6e56\u5ba2\u8fd0\u4e2d\u5fc3\u91d1\u5c71\u5e97", "order_time": ["2019-01-05 07:33:53"], "total_order": 1, "hotel_value": ["4.5"], "hotel_price": ["108"]}, "2042480": {"hotel_name": "7\u5929\u8fde\u9501\u9152\u5e97(\u53a6\u95e8\u9f13\u6d6a\u5c7f\u7801\u5934\u5e97)", "order_time": ["2019-01-05 07:33:54"], "total_order": 1, "hotel_value": ["4.0"], "hotel_price": ["150"]}, "2364319": {"hotel_name": "\u53a6\u95e8\u7b2c\u4e00\u6e2f\u5ba2\u6808", "order_time": ["2019-01-05 07:33:54"], "total_order": 1, "hotel_value": ["4.6"], "hotel_price": ["126"]}, "1199043": {"hotel_name": "\u53a6\u95e8\u5929\u60a6\u5ba2\u6808", "order_time": ["2019-01-05 07:33:54"], "total_order": 1, "hotel_value": ["4.9"], "hotel_price": ["102"]}, "5639861": {"hotel_name": "\u53a6\u95e8\u66fe\u539d\u57b5\u63fd\u6d77\u542c\u98ce\u56fd\u9645\u9752\u5e74\u65c5\u820d", "order_time": ["2019-01-05 07:35:53"], "total_order": 1, "hotel_value": ["4.7"], "hotel_price": ["49"]}, "436724": {"hotel_name": "\u53a6\u95e8\u9f13\u6d6a\u5c7f\u65d7\u5c71\u4e00\u53f7\u516c\u9986", "order_time": ["2019-01-05 07:35:54"], "total_order": 1, "hotel_value": ["4.7"], "hotel_price": ["215"]}, "1486929": {"hotel_name": "\u6c49\u5ead\u4f18\u4f73\u9152\u5e97(\u53a6\u95e8\u4e2d\u5c71\u8def\u6b65\u884c\u8857\u5e97)", "order_time": ["2019-01-05 07:37:53"], "total_order": 1, "hotel_value": ["4.7"], "hotel_price": ["297"]}, "739556": {"hotel_name": "\u53a6\u95e8\u604b\u604b\u6d77\u6e7e\u5ea6\u5047\u9152\u5e97", "order_time": ["2019-01-05 07:37:53"], "total_order": 1, "hotel_value": ["4.4"], "hotel_price": ["190"]}, "14212367": {"hotel_name": "\u53a6\u95e8\u6c5f\u6e56\u827a\u6808", "order_time": ["2019-01-05 07:37:56"], "total_order": 1, "hotel_value": [0], "hotel_price": ["54"]}, "428893": {"hotel_name": "\u53a6\u95e8\u5bbe\u9986", "order_time": ["2019-01-05 07:39:53"], "total_order": 1, "hotel_value": ["4.8"], "hotel_price": ["394"]}, "5660541": {"hotel_name": "\u53a6\u95e8\u5317\u7ad9\u5fae\u7b11\u5ba2\u6808", "order_time": ["2019-01-05 07:39:53"], "total_order": 1, "hotel_value": ["4.8"], "hotel_price": ["77"]}, "1473703": {"hotel_name": "\u53a6\u95e8LOFT\u56fd\u9645\u9752\u5e74\u65c5\u820d", "order_time": ["2019-01-05 07:39:54"], "total_order": 1, "hotel_value": ["4.6"], "hotel_price": ["31"]}, "1389206": {"hotel_name": "\u9526\u6c5f\u4e4b\u661f(\u53a6\u95e8\u79be\u7965\u897f\u8def\u767d\u9e6d\u6d32\u5e97)", "order_time": ["2019-01-05 07:41:53"], "total_order": 1, "hotel_value": ["4.4"], "hotel_price": ["159"]}, "8393169": {"hotel_name": "\u53a6\u95e8\u6728\u4e0b\u751f\u6d3b\u5ba2\u6808(\u539f\u4e50\u5bb6\u5496\u5561\u9662\u7cbe\u54c1\u6c11\u5bbf)", "order_time": ["2019-01-05 07:41:54"], "total_order": 1, "hotel_value": ["4.7"], "hotel_price": ["143"]}, "1317886": {"hotel_name": "\u53a6\u95e8\u81ea\u7531\u7a7a\u95f4\u8fde\u9501\u9152\u5e97", "order_time": ["2019-01-05 07:43:53"], "total_order": 1, "hotel_value": ["4.1"], "hotel_price": ["211"]}, "1916061": {"hotel_name": "\u540d\u5178\u5546\u65c5\u9152\u5e97(\u53a6\u95e8\u674f\u6797\u5e97)", "order_time": ["2019-01-05 07:45:53"], "total_order": 1, "hotel_value": ["4.1"], "hotel_price": ["225"]}, "4645488": {"hotel_name": "\u53a6\u95e8\u4f1f\u4f26\u4e3b\u9898\u522b\u5885\u5ba2\u6808", "order_time": ["2019-01-05 07:45:53"], "total_order": 1, "hotel_value": ["4.5"], "hotel_price": ["113"]}, "1746353": {"hotel_name": "\u53a6\u95e8\u5927\u5b66\u56fd\u9645\u5b66\u672f\u4ea4\u6d41\u4e2d\u5fc3", "order_time": ["2019-01-05 07:45:54"], "total_order": 1, "hotel_value": ["4.3"], "hotel_price": ["540"]}, "21764649": {"hotel_name": "\u53a6\u95e8lailai\u7684\u9752\u65c5", "order_time": ["2019-01-05 07:45:55"], "total_order": 1, "hotel_value": ["4.5"], "hotel_price": ["61"]}, "425692": {"hotel_name": "\u53a6\u95e8\u6d77\u60a6\u5c71\u5e84\u9152\u5e97", "order_time": ["2019-01-05 07:47:56", "2019-01-05 07:51:54"], "total_order": 2, "hotel_value": ["4.8", "4.8"], "hotel_price": ["972", "972"]}, "929561": {"hotel_name": "\u53a6\u95e8\u53cb\u4e30\u6e56\u666f\u9152\u5e97", "order_time": ["2019-01-05 07:49:53"], "total_order": 1, "hotel_value": ["4.4"], "hotel_price": ["268"]}, "2769695": {"hotel_name": "\u4e03\u96f6\u516b\u96f6\u65f6\u5c1a\u4e3b\u9898\u9152\u5e97(\u53a6\u95e8\u4e07\u8fbe\u5e97)", "order_time": ["2019-01-05 07:49:53"], "total_order": 1, "hotel_value": ["4.5"], "hotel_price": ["224"]}, "898510": {"hotel_name": "\u6c49\u5ead\u9152\u5e97(\u53a6\u95e8\u4e07\u8c61\u57ce\u5e97)(\u539f\u706b\u8f66\u7ad9\u5317\u5e7f\u573a\u91d1\u699c\u8def\u5e97)", "order_time": ["2019-01-05 07:51:53"], "total_order": 1, "hotel_value": ["4.3"], "hotel_price": ["225"]}, "6150330": {"hotel_name": "\u8bd7\u516c\u5bd3(\u53a6\u95e8\u673a\u573a\u5e97)", "order_time": ["2019-01-05 07:51:54"], "total_order": 1, "hotel_value": ["4.2"], "hotel_price": ["105"]}, "10220748": {"hotel_name": "\u5e0c\u5cb8\u9152\u5e97(\u53a6\u95e8\u673a\u573a\u678b\u6e56\u5ba2\u8fd0\u4e2d\u5fc3\u5e97)", "order_time": ["2019-01-05 07:51:54"], "total_order": 1, "hotel_value": ["4.7"], "hotel_price": ["267"]}, "346248": {"hotel_name": "\u53a6\u95e8\u6cf0\u8c37\u9152\u5e97", "order_time": ["2019-01-05 07:51:57"], "total_order": 1, "hotel_value": ["4.7"], "hotel_price": ["398"]}, "429225": {"hotel_name": "\u53a6\u95e8\u9e6d\u6c5f\u5bbe\u9986", "order_time": ["2019-01-05 07:51:57"], "total_order": 1, "hotel_value": ["4.8"], "hotel_price": ["595"]}, "10201435": {"hotel_name": "\u53a6\u95e8\u4f70\u7fd4\u4e94\u901a\u9152\u5e97", "order_time": ["2019-01-05 07:51:57"], "total_order": 1, "hotel_value": ["4.7"], "hotel_price": ["609"]}, "8370082": {"hotel_name": "\u53a6\u95e8\u9f13\u6d6a\u5c7f\u67cf\u6587\u718a\u9152\u5e97", "order_time": ["2019-01-05 07:51:57"], "total_order": 1, "hotel_value": ["4.8"], "hotel_price": ["446"]}}}