{"\u5f00\u59cb\u8bb0\u5f55\u65f6\u95f4": "2019-01-20 02:33:09", "\u7ed3\u675f\u8bb0\u5f55\u65f6\u95f4": "2019-01-20 03:33:09", "\u8ba2\u5355\u603b\u589e\u91cf": 70, "item": {"1860898": {"hotel_name": "\u901f8\u9152\u5e97(\u53a6\u95e8\u540c\u5b89\u5e97)", "order_time": ["2019-01-20 02:49:35", "2019-01-20 02:35:27", "2019-01-20 03:03:39"], "total_order": 3, "hotel_value": ["4.2", "4.2", "4.2"], "hotel_price": ["167", "167", "167"]}, "11089626": {"hotel_name": "\u53a6\u95e8\u5c14\u7fd4\u9152\u5e97", "order_time": ["2019-01-20 02:35:29"], "total_order": 1, "hotel_value": ["4.5"], "hotel_price": ["352"]}, "369748": {"hotel_name": "\u53a6\u95e8\u6d77\u6e2f\u82f1\u8fea\u683c\u9152\u5e97", "order_time": ["2019-01-20 02:35:30"], "total_order": 1, "hotel_value": ["4.7"], "hotel_price": ["849"]}, "483805": {"hotel_name": "\u53a6\u95e8\u6ee8\u5317\u9890\u8c6a\u9152\u5e97", "order_time": ["2019-01-20 02:35:31"], "total_order": 1, "hotel_value": ["4.8"], "hotel_price": ["458"]}, "5574145": {"hotel_name": "\u53a6\u95e8\u8bfb\u65c5\u00b7\u6c50\u6c60\u8bbe\u8ba1\u578b\u5ea6\u5047\u522b\u5885", "order_time": ["2019-01-20 02:35:32"], "total_order": 1, "hotel_value": ["4.9"], "hotel_price": ["203"]}, "2300486": {"hotel_name": "7\u5929\u8fde\u9501\u9152\u5e97(\u53a6\u95e8\u53a6\u9f13\u6e38\u8f6e\u7801\u5934\u5e97)", "order_time": ["2019-01-20 02:35:47"], "total_order": 1, "hotel_value": ["4.1"], "hotel_price": ["126"]}, "469816": {"hotel_name": "\u53a6\u95e8\u5723\u5e0c\u7f57\u9152\u5e97", "order_time": ["2019-01-20 02:41:39", "2019-01-20 02:37:28"], "total_order": 2, "hotel_value": ["4.4", "4.4"], "hotel_price": ["266", "266"]}, "2300428": {"hotel_name": "\u53a6\u95e8\u4e03\u661f\u8fde\u9501\u9152\u5e97", "order_time": ["2019-01-20 02:37:29"], "total_order": 1, "hotel_value": ["4.1"], "hotel_price": ["91"]}, "1926681": {"hotel_name": "\u53a6\u95e8\u5eb7\u6052\u5efa\u7fa4\u9152\u5e97", "order_time": ["2019-01-20 02:37:36"], "total_order": 1, "hotel_value": ["3.5"], "hotel_price": ["147"]}, "4614034": {"hotel_name": "\u53a6\u95e8\u60a6\u6d77\u4f34\u5c71\u522b\u9662", "order_time": ["2019-01-20 02:37:36"], "total_order": 1, "hotel_value": ["4.6"], "hotel_price": ["181"]}, "6414490": {"hotel_name": "\u9f13\u6d6a\u5c7f\u5c0f\u6843\u6e90\u65c5\u9986(\u539f\u7231\u4e3d\u4e1d\u65c5\u9986)", "order_time": ["2019-01-20 02:37:45"], "total_order": 1, "hotel_value": ["4.3"], "hotel_price": ["35"]}, "3925042": {"hotel_name": "\u53a6\u95e8\u540d\u95e8\u76db\u4e16\u00b7\u6587\u5316\u9152\u5e97", "order_time": ["2019-01-20 02:39:35"], "total_order": 1, "hotel_value": ["4.8"], "hotel_price": ["199"]}, "2600928": {"hotel_name": "\u5fc3\u8fdc\u9152\u5e97(\u53a6\u95e8\u674f\u6797\u5e97)", "order_time": ["2019-01-20 02:39:35"], "total_order": 1, "hotel_value": ["4.4"], "hotel_price": ["118"]}, "4437721": {"hotel_name": "\u53a6\u95e8\u7231\u7b51\u6d77\u666f\u7cbe\u54c1\u4e3b\u9898\u9152\u5e97", "order_time": ["2019-01-20 02:39:36"], "total_order": 1, "hotel_value": ["4.5"], "hotel_price": ["273"]}, "431557": {"hotel_name": "\u901f8\u9152\u5e97(\u53a6\u95e8\u4e2d\u5c71\u8def\u8f6e\u6e21\u5e97)", "order_time": ["2019-01-20 02:39:41"], "total_order": 1, "hotel_value": ["4.4"], "hotel_price": ["133"]}, "438586": {"hotel_name": "\u53a6\u95e8\u5c71\u6c34\u4e3d\u666f\u5927\u9152\u5e97", "order_time": ["2019-01-20 02:39:41"], "total_order": 1, "hotel_value": ["4.4"], "hotel_price": ["380"]}, "3802030": {"hotel_name": "\u53a6\u95e8\u53ef\u5c45\u9152\u5e97", "order_time": ["2019-01-20 02:39:44"], "total_order": 1, "hotel_value": ["4.6"], "hotel_price": ["171"]}, "429225": {"hotel_name": "\u53a6\u95e8\u9e6d\u6c5f\u5bbe\u9986", "order_time": ["2019-01-20 02:41:35"], "total_order": 1, "hotel_value": ["4.8"], "hotel_price": ["600"]}, "429062": {"hotel_name": "\u53a6\u95e8\u7c73\u4ed1\u9152\u5e97", "order_time": ["2019-01-20 02:41:35"], "total_order": 1, "hotel_value": ["4.6"], "hotel_price": ["159"]}, "2152627": {"hotel_name": "\u7f8e\u8c6a\u9152\u5e97(\u53a6\u95e8\u5e97)", "order_time": ["2019-01-20 02:41:36"], "total_order": 1, "hotel_value": ["4.7"], "hotel_price": ["278"]}, "2042480": {"hotel_name": "7\u5929\u8fde\u9501\u9152\u5e97(\u53a6\u95e8\u9f13\u6d6a\u5c7f\u7801\u5934\u5e97)", "order_time": ["2019-01-20 02:41:37"], "total_order": 1, "hotel_value": ["3.9"], "hotel_price": ["138"]}, "1575044": {"hotel_name": "\u53a6\u95e8\u8d1d\u591a\u62c9\u7cbe\u54c1\u9152\u5e97(\u539f\u6052\u9890\u5bbe\u9986)", "order_time": ["2019-01-20 02:41:44"], "total_order": 1, "hotel_value": ["4.3"], "hotel_price": ["134"]}, "445336": {"hotel_name": "\u5b9c\u5c1a\u9152\u5e97(\u53a6\u95e8\u706b\u8f66\u7ad9\u5e97)", "order_time": ["2019-01-20 02:43:28"], "total_order": 1, "hotel_value": ["4.8"], "hotel_price": ["265"]}, "5774684": {"hotel_name": "\u53a6\u95e8\u5c1a\u9526\u56ed\u9152\u5e97", "order_time": ["2019-01-20 02:43:32"], "total_order": 1, "hotel_value": ["4.2"], "hotel_price": ["125"]}, "6516890": {"hotel_name": "\u5168\u5b63\u9152\u5e97(\u53a6\u95e8SM\u5e7f\u573a\u677e\u67cf\u5e97)", "order_time": ["2019-01-20 02:43:33"], "total_order": 1, "hotel_value": ["4.8"], "hotel_price": ["322"]}, "1434905": {"hotel_name": "\u9752\u5e74\u9633\u5149\u9152\u5e97(\u53a6\u95e8\u8f6e\u6e21\u5e97)", "order_time": ["2019-01-20 02:43:37"], "total_order": 1, "hotel_value": ["4.5"], "hotel_price": ["109"]}, "3450733": {"hotel_name": "\u53a6\u95e8\u4e94\u7f18\u6e7e\u65f6\u5149\u516c\u5bd3", "order_time": ["2019-01-20 02:43:44"], "total_order": 1, "hotel_value": ["4.8"], "hotel_price": ["201"]}, "1880959": {"hotel_name": "\u53a6\u95e8\u946b\u5982\u5bb6\u9152\u5e97", "order_time": ["2019-01-20 02:43:44"], "total_order": 1, "hotel_value": ["4.3"], "hotel_price": ["194"]}, "778876": {"hotel_name": "\u98de\u5bbf\u8fde\u9501\u53a6\u95e8\u8499\u5a1c\u5e84\u56ed(\u539f\u83dc\u4e0d\u5728\u5ba2\u6808)", "order_time": ["2019-01-20 02:45:40"], "total_order": 1, "hotel_value": ["4.8"], "hotel_price": ["144"]}, "1586686": {"hotel_name": "\u53a6\u95e8\u60a6\u8c6a\u9152\u5e97", "order_time": ["2019-01-20 02:45:43"], "total_order": 1, "hotel_value": ["4.5"], "hotel_price": ["209"]}, "11069276": {"hotel_name": "\u53a6\u95e8\u6c34\u6676\u6854\u5b50\u516c\u5bd3", "order_time": ["2019-01-20 02:47:32"], "total_order": 1, "hotel_value": ["4.5"], "hotel_price": ["183"]}, "346248": {"hotel_name": "\u53a6\u95e8\u6cf0\u8c37\u9152\u5e97", "order_time": ["2019-01-20 02:47:33"], "total_order": 1, "hotel_value": ["4.7"], "hotel_price": ["398"]}, "2290014": {"hotel_name": "\u53a6\u95e8\u541b\u6021\u9152\u5e97", "order_time": ["2019-01-20 02:47:49"], "total_order": 1, "hotel_value": ["4.7"], "hotel_price": ["256"]}, "21764649": {"hotel_name": "\u53a6\u95e8lailai\u7684\u9752\u65c5", "order_time": ["2019-01-20 02:47:52", "2019-01-20 02:49:46"], "total_order": 2, "hotel_value": ["4.6", "4.6"], "hotel_price": ["55", "55"]}, "437770": {"hotel_name": "\u53a6\u95e8\u79be\u6b63\u5927\u9152\u5e97", "order_time": ["2019-01-20 02:51:34"], "total_order": 1, "hotel_value": ["4.2"], "hotel_price": ["146"]}, "6763972": {"hotel_name": "\u53a6\u95e8\u5317\u7ad9\u66fc\u5df4\u9152\u5e97", "order_time": ["2019-01-20 02:51:38"], "total_order": 1, "hotel_value": ["4.7"], "hotel_price": ["168"]}, "448663": {"hotel_name": "\u53a6\u95e8\u60a6\u534e\u9152\u5e97", "order_time": ["2019-01-20 02:53:43"], "total_order": 1, "hotel_value": ["4.8"], "hotel_price": ["499"]}, "436728": {"hotel_name": "\u53a6\u95e8\u9f13\u6d6a\u5c7f\u82b1\u4e4b\u58f0\u65c5\u9986", "order_time": ["2019-01-20 02:57:28"], "total_order": 1, "hotel_value": ["4.5"], "hotel_price": ["193"]}, "13657584": {"hotel_name": "\u53a6\u95e8\u79a7\u7f8e\u65f6\u5149\u9152\u5e97", "order_time": ["2019-01-20 02:57:44"], "total_order": 1, "hotel_value": ["4.6"], "hotel_price": ["183"]}, "28534970": {"hotel_name": "\u53a6\u95e8\u6d77\u5c1a\u5c71\u5c45\u516c\u5bd3", "order_time": ["2019-01-20 02:57:46"], "total_order": 1, "hotel_value": [0], "hotel_price": ["268"]}, "898514": {"hotel_name": "\u6c49\u5ead\u9152\u5e97(\u53a6\u95e8\u673a\u573a\u5e97)", "order_time": ["2019-01-20 02:59:29"], "total_order": 1, "hotel_value": ["4.4"], "hotel_price": ["189"]}, "2297567": {"hotel_name": "\u65af\u94c2\u745e\u57ce\u5e02\u9152\u5e97(\u53a6\u95e8\u4e2d\u5c71\u516c\u56ed\u5730\u94c1\u7ad9\u5e97)(\u539f\u4e2d\u5c71\u8def\u6b65\u884c\u8857\u5e97)", "order_time": ["2019-01-20 03:01:28"], "total_order": 1, "hotel_value": ["4.7"], "hotel_price": ["98"]}, "428315": {"hotel_name": "\u5982\u5bb6\u5feb\u6377\u9152\u5e97(\u53a6\u95e8\u6587\u56ed\u8def\u6587\u7076\u5730\u94c1\u7ad9\u5e97)", "order_time": ["2019-01-20 03:05:29"], "total_order": 1, "hotel_value": ["4.4"], "hotel_price": ["116"]}, "425692": {"hotel_name": "\u53a6\u95e8\u6d77\u60a6\u5c71\u5e84\u9152\u5e97", "order_time": ["2019-01-20 03:07:34"], "total_order": 1, "hotel_value": ["4.8"], "hotel_price": ["882"]}, "790389": {"hotel_name": "\u53a6\u95e8\u65f6\u4ee3\u96c5\u5c45\u9152\u5e97", "order_time": ["2019-01-20 03:09:37"], "total_order": 1, "hotel_value": ["4.6"], "hotel_price": ["226"]}, "703570": {"hotel_name": "\u53a6\u95e8\u79b9\u6d32\u5609\u7f8e\u4f26\u9152\u5e97\u516c\u5bd3", "order_time": ["2019-01-20 03:09:41"], "total_order": 1, "hotel_value": ["4.6"], "hotel_price": ["430"]}, "21124626": {"hotel_name": "\u53a6\u95e8\u4e07\u749f\u8f69\u9152\u5e97", "order_time": ["2019-01-20 03:11:34", "2019-01-20 03:13:35"], "total_order": 2, "hotel_value": ["4.7", "4.7"], "hotel_price": ["248", "248"]}, "21332906": {"hotel_name": "\u53a6\u95e8\u65af\u7ef4\u767b\u5ea6\u5047\u9152\u5e97(\u678b\u6e56\u8f66\u7ad9\u4f18\u671b\u5e97)", "order_time": ["2019-01-20 03:11:36"], "total_order": 1, "hotel_value": ["4.8"], "hotel_price": ["183"]}, "2338764": {"hotel_name": "\u53a6\u95e8\u7eb3\u5ba2\u56fd\u9645\u9752\u5e74\u65c5\u820d", "order_time": ["2019-01-20 03:11:37"], "total_order": 1, "hotel_value": ["4.5"], "hotel_price": ["34"]}, "6109242": {"hotel_name": "\u53a6\u95e8\u53a6\u5927\u8239\u8bf4\u5ea6\u5047\u522b\u5885", "order_time": ["2019-01-20 03:11:38"], "total_order": 1, "hotel_value": ["4.8"], "hotel_price": ["85"]}, "375295": {"hotel_name": "\u53a6\u95e8\u7fd4\u9e6d\u56fd\u9645\u5927\u9152\u5e97", "order_time": ["2019-01-20 03:13:31"], "total_order": 1, "hotel_value": ["4.4"], "hotel_price": ["290"]}, "17908349": {"hotel_name": "\u53a6\u95e8\u9047\u7f8e\u00b7\u57b5\u90b8\u9152\u5e97", "order_time": ["2019-01-20 03:13:36"], "total_order": 1, "hotel_value": ["4.9"], "hotel_price": ["304"]}, "6955152": {"hotel_name": "\u53a6\u95e8\u541b\u96c5\u65f6\u5c1a\u9152\u5e97(\u539f\u4e98\u91d1\u9152\u5e97)", "order_time": ["2019-01-20 03:13:42"], "total_order": 1, "hotel_value": ["4.8"], "hotel_price": ["69"]}, "481144": {"hotel_name": "\u53a6\u95e8\u6069\u7c89\u9152\u5e97(\u539f\u4e30\u6021\u9152\u5e97)", "order_time": ["2019-01-20 03:15:32"], "total_order": 1, "hotel_value": ["4.3"], "hotel_price": ["106"]}, "1314948": {"hotel_name": "\u5168\u5b63\u9152\u5e97(\u53a6\u95e8\u4f1a\u5c55\u4e2d\u5fc3\u83b2\u524d\u4e1c\u8def\u5e97)(\u539f\u4e9a\u4e01\u6e7e\u4e3b\u9898\u9152\u5e97)", "order_time": ["2019-01-20 03:17:38"], "total_order": 1, "hotel_value": ["4.8"], "hotel_price": ["322"]}, "739556": {"hotel_name": "\u53a6\u95e8\u604b\u604b\u6d77\u6e7e\u5ea6\u5047\u9152\u5e97", "order_time": ["2019-01-20 03:19:32"], "total_order": 1, "hotel_value": ["4.4"], "hotel_price": ["191"]}, "15899701": {"hotel_name": "\u6854\u5b50\u9152\u5e97\u7cbe\u9009(\u53a6\u95e8\u673a\u573a\u6210\u529f\u5927\u9053\u5e97)", "order_time": ["2019-01-20 03:19:32"], "total_order": 1, "hotel_value": ["4.8"], "hotel_price": ["294"]}, "2040417": {"hotel_name": "7\u5929\u4f18\u54c1\u9152\u5e97(\u53a6\u95e8\u673a\u573a\u6bbf\u524d\u5730\u94c1\u7ad9\u5e97)", "order_time": ["2019-01-20 03:19:32"], "total_order": 1, "hotel_value": ["4.7"], "hotel_price": ["148"]}, "10201435": {"hotel_name": "\u53a6\u95e8\u4f70\u7fd4\u4e94\u901a\u9152\u5e97", "order_time": ["2019-01-20 03:21:36"], "total_order": 1, "hotel_value": ["4.7"], "hotel_price": ["609"]}, "452602": {"hotel_name": "\u53a6\u95e8\u90b1\u5341\u4e8c\u5b85(\u539f\u4e54\u6cbb\u8001\u522b\u5885)", "order_time": ["2019-01-20 03:23:33"], "total_order": 1, "hotel_value": ["4.8"], "hotel_price": ["342"]}, "346269": {"hotel_name": "\u53a6\u95e8\u6e90\u660c\u51ef\u5bbe\u65af\u57fa\u5927\u9152\u5e97", "order_time": ["2019-01-20 03:23:34"], "total_order": 1, "hotel_value": ["4.7"], "hotel_price": ["843"]}, "385412": {"hotel_name": "\u53a6\u95e8\u5317\u6d77\u6e7e\u60e0\u9f99\u4e07\u8fbe\u5609\u534e\u9152\u5e97", "order_time": ["2019-01-20 03:25:36"], "total_order": 1, "hotel_value": ["4.8"], "hotel_price": ["750"]}, "457043": {"hotel_name": "\u9752\u5e74\u9633\u5149\u9152\u5e97(\u53a6\u95e8\u4e2d\u5c71\u8def\u5e97)(\u539f\u540e\u6ee8\u4e2a\u6027\u5e97)", "order_time": ["2019-01-20 03:27:39"], "total_order": 1, "hotel_value": ["4.7"], "hotel_price": ["138"]}, "1759604": {"hotel_name": "\u53a6\u95e8\u559c\u6765\u5c4b\u9152\u5e97\u516c\u5bd3", "order_time": ["2019-01-20 03:28:05"], "total_order": 1, "hotel_value": ["4.3"], "hotel_price": ["123"]}, "8615916": {"hotel_name": "\u53a6\u95e8\u84dd\u8272\u6d77\u5cb8\u9152\u5e97", "order_time": ["2019-01-20 03:31:38"], "total_order": 1, "hotel_value": ["4.6"], "hotel_price": ["190"]}}}