{"\u5f00\u59cb\u8bb0\u5f55\u65f6\u95f4": "2019-01-24 07:36:32", "\u7ed3\u675f\u8bb0\u5f55\u65f6\u95f4": "2019-01-24 08:36:32", "\u8ba2\u5355\u603b\u589e\u91cf": 212, "item": {"431965": {"hotel_name": "\u53a6\u95e8\u7f8e\u4ed1\u7693\u6656\u9152\u5e97", "order_time": ["2019-01-24 07:38:54"], "total_order": 1, "hotel_value": ["4.7"], "hotel_price": ["198"]}, "467592": {"hotel_name": "\u53a6\u95e8\u7f8e\u4ed1\u91d1\u60a6\u9152\u5e97", "order_time": ["2019-01-24 07:38:54"], "total_order": 1, "hotel_value": ["4.7"], "hotel_price": ["178"]}, "2313328": {"hotel_name": "\u5982\u5bb6\u5feb\u6377\u9152\u5e97(\u53a6\u95e8\u673a\u573a\u9a6c\u5785\u5e97)", "order_time": ["2019-01-24 07:38:59"], "total_order": 1, "hotel_value": ["4.5"], "hotel_price": ["161"]}, "419537": {"hotel_name": "\u53a6\u95e8\u822a\u7a7a\u91d1\u96c1\u9152\u5e97", "order_time": ["2019-01-24 07:39:01"], "total_order": 1, "hotel_value": ["4.9"], "hotel_price": ["658"]}, "346273": {"hotel_name": "\u53a6\u95e8\u78d0\u57fa\u5e0c\u5c14\u987f\u9152\u5e97", "order_time": ["2019-01-24 07:39:01"], "total_order": 1, "hotel_value": ["4.6"], "hotel_price": ["767"]}, "702372": {"hotel_name": "\u9f99\u51c0\u53a6\u95e8\u9152\u5e97", "order_time": ["2019-01-24 07:39:05"], "total_order": 1, "hotel_value": ["4.5"], "hotel_price": ["303"]}, "2338764": {"hotel_name": "\u53a6\u95e8\u7eb3\u5ba2\u56fd\u9645\u9752\u5e74\u65c5\u820d", "order_time": ["2019-01-24 07:42:59", "2019-01-24 07:41:02"], "total_order": 2, "hotel_value": ["4.5", "4.5"], "hotel_price": ["34", "34"]}, "2297567": {"hotel_name": "\u65af\u94c2\u745e\u57ce\u5e02\u9152\u5e97(\u53a6\u95e8\u4e2d\u5c71\u516c\u56ed\u5730\u94c1\u7ad9\u5e97)(\u539f\u4e2d\u5c71\u8def\u6b65\u884c\u8857\u5e97)", "order_time": ["2019-01-24 07:41:02", "2019-01-24 08:22:56"], "total_order": 2, "hotel_value": ["4.7", "4.7"], "hotel_price": ["98", "98"]}, "2937051": {"hotel_name": "\u53a6\u95e8\u9047\u7f8e\u00b7\u6cca\u5c7f\u6d77\u6e7e\u5ea6\u5047\u522b\u5885", "order_time": ["2019-01-24 07:41:03"], "total_order": 1, "hotel_value": ["4.7"], "hotel_price": ["268"]}, "1860936": {"hotel_name": "\u53a6\u95e8\u4e1c\u65b9\u6d77\u8c5a\u5546\u52a1\u9152\u5e97", "order_time": ["2019-01-24 07:41:12"], "total_order": 1, "hotel_value": ["3.7"], "hotel_price": ["121"]}, "29401348": {"hotel_name": "\u9f13\u6d6a\u5c7f\u9014\u7a9d\u5047\u65e5\u5e84\u56ed", "order_time": ["2019-01-24 07:41:17"], "total_order": 1, "hotel_value": ["5.0"], "hotel_price": ["401"]}, "1707615": {"hotel_name": "\u53a6\u95e8\u7231\u5c1a\u4f18\u9a7f\u9152\u5e97", "order_time": ["2019-01-24 07:42:53", "2019-01-24 07:46:59"], "total_order": 2, "hotel_value": ["4.5", "4.5"], "hotel_price": ["109", "109"]}, "435290": {"hotel_name": "\u53a6\u95e8\u6625\u5149\u9152\u5e97", "order_time": ["2019-01-24 07:42:57", "2019-01-24 07:54:54"], "total_order": 2, "hotel_value": ["4.7", "4.7"], "hotel_price": ["262", "262"]}, "419881": {"hotel_name": "\u6700\u4f73\u897f\u65b9\u53a6\u95e8\u5b8f\u90fd\u9152\u5e97", "order_time": ["2019-01-24 07:44:54"], "total_order": 1, "hotel_value": ["4.8"], "hotel_price": ["658"]}, "21332906": {"hotel_name": "\u53a6\u95e8\u65af\u7ef4\u767b\u5ea6\u5047\u9152\u5e97(\u678b\u6e56\u8f66\u7ad9\u4f18\u671b\u5e97)", "order_time": ["2019-01-24 07:44:58"], "total_order": 1, "hotel_value": ["4.8"], "hotel_price": ["202"]}, "19019972": {"hotel_name": "\u53a6\u95e8\u5ea6\u7f8e\u00b7\u4e0e\u7af9\u77f3\u8bbe\u8ba1\u578b\u522b\u5885", "order_time": ["2019-01-24 07:44:58"], "total_order": 1, "hotel_value": ["5.0"], "hotel_price": ["538"]}, "988894": {"hotel_name": "\u548c\u9890\u9152\u5e97(\u53a6\u95e8\u5927\u5b66\u7eff\u6676\u5e97)", "order_time": ["2019-01-24 07:44:58"], "total_order": 1, "hotel_value": ["4.5"], "hotel_price": ["288"]}, "479354": {"hotel_name": "\u5bb6\u548c\u6625\u5929\u7cbe\u54c1\u9152\u5e97(\u53a6\u95e8\u673a\u573a\u5e97)", "order_time": ["2019-01-24 07:44:59"], "total_order": 1, "hotel_value": ["4.5"], "hotel_price": ["229"]}, "2364319": {"hotel_name": "\u53a6\u95e8\u7b2c\u4e00\u6e2f\u5ba2\u6808", "order_time": ["2019-01-24 07:44:59"], "total_order": 1, "hotel_value": ["4.6"], "hotel_price": ["131"]}, "439323": {"hotel_name": "\u9f13\u6d6a\u5c7f\u7231\u4e0a\u82b1\u56ed\u65c5\u9986", "order_time": ["2019-01-24 08:34:55", "2019-01-24 07:45:03"], "total_order": 2, "hotel_value": ["4.7", "4.7"], "hotel_price": ["232", "232"]}, "4041819": {"hotel_name": "\u5bb6\u5bb6\u4e50\u9152\u5e97\uff08\u53a6\u95e8\u4e2d\u5c71\u8def\u6b65\u884c\u8857\u5e97\uff09", "order_time": ["2019-01-24 07:46:54"], "total_order": 1, "hotel_value": ["4.4"], "hotel_price": ["214"]}, "1817109": {"hotel_name": "\u53a6\u95e8\u9f13\u6d6a\u5c7f\u6021\u7136\u5c45\u65c5\u9986", "order_time": ["2019-01-24 07:46:58"], "total_order": 1, "hotel_value": ["4.8"], "hotel_price": ["192"]}, "4814798": {"hotel_name": "\u53a6\u95e8\u9f13\u6d6a\u5c7f\u6162\u5c4b\u5ea6\u5047\u522b\u5885", "order_time": ["2019-01-24 07:46:58", "2019-01-24 07:55:00"], "total_order": 2, "hotel_value": ["4.8", "4.8"], "hotel_price": ["360", "360"]}, "445336": {"hotel_name": "\u5b9c\u5c1a\u9152\u5e97(\u53a6\u95e8\u706b\u8f66\u7ad9\u5e97)", "order_time": ["2019-01-24 07:53:01", "2019-01-24 07:46:58"], "total_order": 2, "hotel_value": ["4.8", "4.8"], "hotel_price": ["265", "265"]}, "8615916": {"hotel_name": "\u53a6\u95e8\u84dd\u8272\u6d77\u5cb8\u9152\u5e97", "order_time": ["2019-01-24 07:49:09", "2019-01-24 07:46:58"], "total_order": 2, "hotel_value": ["4.6", "4.6"], "hotel_price": ["191", "191"]}, "2187819": {"hotel_name": "\u53a6\u95e8\u9f13\u6d6a\u5c7f\u7f18\u4e2d\u56ed\u4f11\u95f2\u5ea6\u5047\u522b\u5885", "order_time": ["2019-01-24 07:46:59"], "total_order": 1, "hotel_value": ["4.6"], "hotel_price": ["264"]}, "1245093": {"hotel_name": "\u53a6\u95e8\u8463\u5c0f\u59d0\u6f6e\u6c50\u522b\u5885", "order_time": ["2019-01-24 07:46:59"], "total_order": 1, "hotel_value": ["4.5"], "hotel_price": ["85"]}, "6129425": {"hotel_name": "\u6021\u6d77\u9601\u9152\u5e97(\u53a6\u95e8SM\u57ce\u5e02\u4e4c\u77f3\u6d66\u5730\u94c1\u7ad9\u5e97\uff09", "order_time": ["2019-01-24 07:46:59"], "total_order": 1, "hotel_value": ["4.6"], "hotel_price": ["198"]}, "4439627": {"hotel_name": "\u53a6\u95e8\u5df4\u6e1d\u5c9b\u5ea6\u5047\u522b\u5885", "order_time": ["2019-01-24 07:46:59"], "total_order": 1, "hotel_value": ["4.8"], "hotel_price": ["149"]}, "486065": {"hotel_name": "\u6da6\u5ead\u7cbe\u54c1\u9152\u5e97(\u53a6\u95e8\u90ae\u8f6e\u7801\u5934\u4f53\u80b2\u4e2d\u5fc3\u5e97)", "order_time": ["2019-01-24 07:46:59"], "total_order": 1, "hotel_value": ["4.5"], "hotel_price": ["202"]}, "4437721": {"hotel_name": "\u53a6\u95e8\u7231\u7b51\u6d77\u666f\u7cbe\u54c1\u4e3b\u9898\u9152\u5e97", "order_time": ["2019-01-24 07:46:59"], "total_order": 1, "hotel_value": ["4.5"], "hotel_price": ["247"]}, "15878927": {"hotel_name": "\u53a6\u95e8\u5929\u5408\u4eba\u5bb6\u516c\u5bd3", "order_time": ["2019-01-24 07:46:59"], "total_order": 1, "hotel_value": ["4.8"], "hotel_price": ["121"]}, "443061": {"hotel_name": "\u53a6\u95e8HUESyard\u4f11\u601d\u9662\u5b50\u522b\u5885", "order_time": ["2019-01-24 07:46:59"], "total_order": 1, "hotel_value": ["4.8"], "hotel_price": ["382"]}, "1775387": {"hotel_name": "\u53a6\u95e8\u5e38\u9752\u9152\u5e97", "order_time": ["2019-01-24 07:46:59"], "total_order": 1, "hotel_value": ["4.6"], "hotel_price": ["104"]}, "6420073": {"hotel_name": "\u5929\u4e00\u5ba2\u6808(\u53a6\u95e8\u4e2d\u5c71\u8def\u6b65\u884c\u8857\u5e97)", "order_time": ["2019-01-24 07:46:59"], "total_order": 1, "hotel_value": ["4.7"], "hotel_price": ["262"]}, "11154787": {"hotel_name": "\u53a6\u95e8\u66fe\u539d\u57b5\u8fe6\u9005\u6e90\u7d20\u8f7b\u5962\u6c11\u5bbf", "order_time": ["2019-01-24 07:46:59"], "total_order": 1, "hotel_value": ["4.8"], "hotel_price": ["116"]}, "4496584": {"hotel_name": "\u53a6\u95e8\u975e\u683c\u9152\u5e97", "order_time": ["2019-01-24 07:46:59"], "total_order": 1, "hotel_value": ["4.7"], "hotel_price": ["333"]}, "6312273": {"hotel_name": "\u53a6\u95e8\u671b\u6d77\u697c\u5ea6\u5047\u522b\u5885", "order_time": ["2019-01-24 07:46:59"], "total_order": 1, "hotel_value": ["4.9"], "hotel_price": ["128"]}, "22421704": {"hotel_name": "\u5168\u5b63\u9152\u5e97(\u53a6\u95e8\u4e2d\u5c71\u8def\u6b65\u884c\u8857\u601d\u660e\u5357\u8def\u5e97)", "order_time": ["2019-01-24 08:27:10", "2019-01-24 07:46:59"], "total_order": 2, "hotel_value": ["4.8", "4.8"], "hotel_price": ["341", "351"]}, "532309": {"hotel_name": "\u9f13\u6d6a\u5c7f\u4e91\u9014\u65c5\u9986", "order_time": ["2019-01-24 07:46:59"], "total_order": 1, "hotel_value": ["4.9"], "hotel_price": ["274"]}, "5979992": {"hotel_name": "\u53a6\u95e8\u5c71\u5c7f\u6d77\u7cbe\u54c1\u5ba2\u6808", "order_time": ["2019-01-24 07:46:59"], "total_order": 1, "hotel_value": ["4.8"], "hotel_price": ["97"]}, "4496383": {"hotel_name": "\u53a6\u95e8\u6162\u751f\u6d3b\u00b7\u4e0a\u91ce\u5ba2\u6808", "order_time": ["2019-01-24 07:46:59"], "total_order": 1, "hotel_value": ["4.9"], "hotel_price": ["117"]}, "898495": {"hotel_name": "\u6c49\u5ead\u9152\u5e97(\u53a6\u95e8\u79be\u7965\u897f\u8def\u79be\u7965\u5546\u57ce\u5e97)(\u539f\u6e56\u6ee8\u4e2d\u8def\u5e97)", "order_time": ["2019-01-24 07:46:59"], "total_order": 1, "hotel_value": ["4.4"], "hotel_price": ["187"]}, "4614134": {"hotel_name": "\u53a6\u95e8\u6cd5\u5c14\u8d5b\u7687\u5bb6\u5ea6\u5047\u522b\u5885", "order_time": ["2019-01-24 07:46:59"], "total_order": 1, "hotel_value": ["4.9"], "hotel_price": ["233"]}, "4337003": {"hotel_name": "\u53a6\u95e8\u963f\u725b\u54e5\u5ba2\u6808(\u539f\u4e00\u671f\u4e00\u4f1a\u4e3b\u9898\u5ba2\u6808)", "order_time": ["2019-01-24 07:47:11"], "total_order": 1, "hotel_value": ["4.4"], "hotel_price": ["83"]}, "734162": {"hotel_name": "\u53a6\u95e8\u5929\u5143\u541b\u9686\u5927\u9152\u5e97", "order_time": ["2019-01-24 07:48:50"], "total_order": 1, "hotel_value": ["4.4"], "hotel_price": ["321"]}, "4510014": {"hotel_name": "\u53a6\u95e8\u5927\u5b66\u73ba\u83b1\u65af\u6d77\u666f\u516c\u5bd3(\u539f\u5929\u73ba\u6d77\u666f\u516c\u5bd3)", "order_time": ["2019-01-24 07:48:51"], "total_order": 1, "hotel_value": ["4.6"], "hotel_price": ["350"]}, "11480187": {"hotel_name": "\u53a6\u95e8\u7261\u4e39\u6e2f\u90fd\u5927\u9152\u5e97", "order_time": ["2019-01-24 07:48:51"], "total_order": 1, "hotel_value": ["4.9"], "hotel_price": ["676"]}, "6935963": {"hotel_name": "\u53a6\u95e8\u5f69\u4e91\u65c5\u793e", "order_time": ["2019-01-24 07:49:07"], "total_order": 1, "hotel_value": ["4.2"], "hotel_price": ["123"]}, "481710": {"hotel_name": "\u9526\u6c5f\u4e4b\u661f(\u53a6\u95e8\u706b\u8f66\u7ad9\u5e97)(\u539f\u4e1c\u6d66\u8def\u5e97)", "order_time": ["2019-01-24 07:50:54", "2019-01-24 08:15:00", "2019-01-24 07:54:54"], "total_order": 3, "hotel_value": ["4.4", "4.4", "4.4"], "hotel_price": ["104", "104", "104"]}, "744314": {"hotel_name": "\u5982\u5bb6\u5feb\u6377\u9152\u5e97(\u53a6\u95e8\u4e2d\u5c71\u8def\u6b65\u884c\u8857\u9547\u6d77\u8def\u5730\u94c1\u7ad9\u5e97)", "order_time": ["2019-01-24 07:50:54"], "total_order": 1, "hotel_value": ["4.4"], "hotel_price": ["189"]}, "346269": {"hotel_name": "\u53a6\u95e8\u6e90\u660c\u51ef\u5bbe\u65af\u57fa\u5927\u9152\u5e97", "order_time": ["2019-01-24 07:50:54"], "total_order": 1, "hotel_value": ["4.7"], "hotel_price": ["898"]}, "6429615": {"hotel_name": "\u53a6\u95e8\u683c\u6797\u82d1\u9152\u5e97", "order_time": ["2019-01-24 07:50:56"], "total_order": 1, "hotel_value": ["4.8"], "hotel_price": ["172"]}, "6247525": {"hotel_name": "\u53a6\u95e8\u96c6\u7f8e\u5927\u5b66\u4e9a\u6735\u9152\u5e97(\u539f\u96c6\u5927\u5bbe\u9986)", "order_time": ["2019-01-24 07:50:57", "2019-01-24 08:23:06"], "total_order": 2, "hotel_value": ["4.9", "4.9"], "hotel_price": ["363", "363"]}, "1390368": {"hotel_name": "\u53a6\u95e8\u56db\u5e74\u4e09\u73ed\u6d77\u666f\u5ba2\u6808", "order_time": ["2019-01-24 07:50:58"], "total_order": 1, "hotel_value": ["4.8"], "hotel_price": ["80"]}, "448912": {"hotel_name": "\u5982\u5bb6\u5feb\u6377\u9152\u5e97(\u53a6\u95e8\u706b\u8f66\u7ad9\u6e56\u6ee8\u4e1c\u8def\u9e3f\u8fd0\u5927\u53a6\u5e97)", "order_time": ["2019-01-24 07:50:59"], "total_order": 1, "hotel_value": ["4.3"], "hotel_price": ["138"]}, "1583165": {"hotel_name": "\u5982\u5bb6\u5feb\u6377\u9152\u5e97(\u53a6\u95e8\u8f6e\u6e21\u4e2d\u5c71\u8def\u6b65\u884c\u8857\u5e97)", "order_time": ["2019-01-24 08:25:01", "2019-01-24 07:50:59"], "total_order": 2, "hotel_value": ["4.2", "4.2"], "hotel_price": ["151", "151"]}, "438496": {"hotel_name": "\u53a6\u95e8\u6e29\u6cc9\u6234\u65af\u9152\u5e97", "order_time": ["2019-01-24 07:51:02"], "total_order": 1, "hotel_value": ["4.4"], "hotel_price": ["242"]}, "375291": {"hotel_name": "\u53a6\u95e8\u798f\u4f51\u5927\u996d\u5e97", "order_time": ["2019-01-24 07:51:04"], "total_order": 1, "hotel_value": ["4.2"], "hotel_price": ["320"]}, "2391888": {"hotel_name": "\u826f\u5885\u00b7\u7f24\u7eb7\u82b1\u6d77\u5ea6\u5047\u5e84\u56ed(\u53a6\u95e8\u66fe\u539d\u57b5\u5e97)", "order_time": ["2019-01-24 07:52:58"], "total_order": 1, "hotel_value": ["4.8"], "hotel_price": ["203"]}, "1719563": {"hotel_name": "\u53a6\u95e8\u5bbf\u6d77\u6c11\u5bbf(\u539f\u5019\u6f6e\u5c0f\u7b51\u5ba2\u6808)", "order_time": ["2019-01-24 07:53:10"], "total_order": 1, "hotel_value": ["5.0"], "hotel_price": ["163"]}, "483838": {"hotel_name": "\u53a6\u95e8\u7a7a\u6e2f\u4f70\u7fd4\u82b1\u56ed\u9152\u5e97", "order_time": ["2019-01-24 07:54:54"], "total_order": 1, "hotel_value": ["4.5"], "hotel_price": ["292"]}, "708155": {"hotel_name": "\u53a6\u95e8\u6162\u751f\u6d3b\u00b7\u897f\u6960\u5ba2\u6808", "order_time": ["2019-01-24 07:54:56"], "total_order": 1, "hotel_value": ["4.8"], "hotel_price": ["119"]}, "12091233": {"hotel_name": "\u53a6\u95e8\u6816\u9690\u5ea6\u5047\u6c11\u5bbf", "order_time": ["2019-01-24 07:55:00"], "total_order": 1, "hotel_value": ["5.0"], "hotel_price": ["194"]}, "14261979": {"hotel_name": "\u53a6\u95e8\u7075\u73b2\u5927\u9152\u5e97", "order_time": ["2019-01-24 08:29:03", "2019-01-24 07:55:02"], "total_order": 2, "hotel_value": ["4.5", "4.5"], "hotel_price": ["399", "399"]}, "15717242": {"hotel_name": "\u53a6\u95e8\u9e6d\u5c9b\u6234\u65af\u9152\u5e97", "order_time": ["2019-01-24 07:55:02"], "total_order": 1, "hotel_value": ["4.6"], "hotel_price": ["230"]}, "3802030": {"hotel_name": "\u53a6\u95e8\u53ef\u5c45\u9152\u5e97", "order_time": ["2019-01-24 07:56:52"], "total_order": 1, "hotel_value": ["4.6"], "hotel_price": ["171"]}, "1735109": {"hotel_name": "\u53a6\u95e8\u5e0c\u9601\u82b1\u56ed\u9152\u5e97(\u539f\u5e0c\u9601\u9152\u5e97)", "order_time": ["2019-01-24 07:56:53"], "total_order": 1, "hotel_value": ["4.7"], "hotel_price": ["257"]}, "5980230": {"hotel_name": "\u53a6\u95e8\u9f13\u6d6a\u5c7f\u542c\u96e8\u8f69\u7cbe\u54c1\u5ba2\u6808\u5927\u5b66\u751f\u521b\u4e1a\u57fa\u5730\u5e97", "order_time": ["2019-01-24 07:56:56"], "total_order": 1, "hotel_value": ["4.8"], "hotel_price": ["111"]}, "848515": {"hotel_name": "\u53a6\u95e8\u9752\u82b1\u74f7\u5ea6\u5047\u5c4b(\u539f\u98ce\u60c5\u6d77\u6e7e\u5ba2\u6808)", "order_time": ["2019-01-24 07:56:58"], "total_order": 1, "hotel_value": ["4.8"], "hotel_price": ["110"]}, "5979762": {"hotel_name": "\u53a6\u95e8\u5927\u5b66\u4e91\u4e0a\u6d77\u5c45", "order_time": ["2019-01-24 08:03:02", "2019-01-24 07:56:59"], "total_order": 2, "hotel_value": ["4.8", "4.8"], "hotel_price": ["512", "512"]}, "3803569": {"hotel_name": "\u53a6\u95e8\u7121\u4e8c\u00b7\u9690\u820d\u8f7b\u5962\u6d77\u666f\u5ea6\u5047\u7f8e\u5885", "order_time": ["2019-01-24 07:57:09"], "total_order": 1, "hotel_value": ["4.9"], "hotel_price": ["308"]}, "2042480": {"hotel_name": "7\u5929\u8fde\u9501\u9152\u5e97(\u53a6\u95e8\u9f13\u6d6a\u5c7f\u7801\u5934\u5e97)", "order_time": ["2019-01-24 07:57:12"], "total_order": 1, "hotel_value": ["3.9"], "hotel_price": ["138"]}, "375295": {"hotel_name": "\u53a6\u95e8\u7fd4\u9e6d\u56fd\u9645\u5927\u9152\u5e97", "order_time": ["2019-01-24 07:58:52", "2019-01-24 08:19:02"], "total_order": 2, "hotel_value": ["4.4", "4.4"], "hotel_price": ["415", "415"]}, "1583164": {"hotel_name": "\u5982\u5bb6\u5feb\u6377\u9152\u5e97(\u53a6\u95e8\u53a6\u5927\u5357\u666e\u9640\u5bfa\u5e97)", "order_time": ["2019-01-24 07:58:57", "2019-01-24 08:15:05"], "total_order": 2, "hotel_value": ["4.3", "4.3"], "hotel_price": ["218", "218"]}, "3462555": {"hotel_name": "\u53a6\u95e8\u9f13\u6d6a\u5c7f\u62c9\u62c9\u8428\u5c14\u739b\u65c5\u9986", "order_time": ["2019-01-24 07:58:59"], "total_order": 1, "hotel_value": ["4.9"], "hotel_price": ["148"]}, "1405990": {"hotel_name": "\u901f8\u9152\u5e97(\u53a6\u95e8\u706b\u8f66\u7ad9\u5e97)", "order_time": ["2019-01-24 07:58:59"], "total_order": 1, "hotel_value": ["4.3"], "hotel_price": ["145"]}, "750174": {"hotel_name": "\u683c\u6797\u8c6a\u6cf0(\u53a6\u95e8\u5927\u5b66\u5e97)", "order_time": ["2019-01-24 08:17:04", "2019-01-24 07:58:59"], "total_order": 2, "hotel_value": ["4.2", "4.2"], "hotel_price": ["98", "98"]}, "17892090": {"hotel_name": "\u9f13\u6d6a\u5c7f\u8d1d\u8717\u7cbe\u54c1\u6c11\u5bbf", "order_time": ["2019-01-24 07:59:03"], "total_order": 1, "hotel_value": ["4.7"], "hotel_price": ["203"]}, "451156": {"hotel_name": "\u9f13\u6d6a\u5c7f\u53a6\u6808\u56db\u5b63\u661f\u7a7a\u9152\u5e97", "order_time": ["2019-01-24 07:59:21"], "total_order": 1, "hotel_value": ["4.0"], "hotel_price": ["137"]}, "27833083": {"hotel_name": "\u53a6\u95e8\u968f\u5fc3\u9601\u516c\u5bd3", "order_time": ["2019-01-24 08:00:57", "2019-01-24 08:12:59"], "total_order": 2, "hotel_value": ["4.8", "4.8"], "hotel_price": ["149", "149"]}, "898522": {"hotel_name": "\u6c49\u5ead\u9152\u5e97\uff08\u53a6\u95e8\u6587\u7076\u5730\u94c1\u7ad9\u5e97\uff09\uff08\u539f\u706b\u8f66\u7ad9\u6587\u7076\u5e97)", "order_time": ["2019-01-24 08:00:58"], "total_order": 1, "hotel_value": ["4.2"], "hotel_price": ["143"]}, "25805759": {"hotel_name": "\u65af\u7ef4\u767b\u5ea6\u5047\u516c\u5bd3(\u53a6\u95e8\u5927\u5b66\u5e97)", "order_time": ["2019-01-24 08:01:02"], "total_order": 1, "hotel_value": ["4.9"], "hotel_price": ["494"]}, "21430224": {"hotel_name": "\u53a6\u95e8\u5e02\u65c5\u7f8e\u9152\u5e97(\u53a6\u5927\u5357\u666e\u9640\u5e97)", "order_time": ["2019-01-24 08:01:15"], "total_order": 1, "hotel_value": ["4.1"], "hotel_price": ["110"]}, "2300476": {"hotel_name": "7\u5929\u4f18\u54c1\u9152\u5e97(\u53a6\u95e8\u673a\u573a\u5e97)", "order_time": ["2019-01-24 08:02:54"], "total_order": 1, "hotel_value": ["4.6"], "hotel_price": ["209"]}, "4122689": {"hotel_name": "\u53a6\u95e8\u8fb9\u9645\u9152\u5e97", "order_time": ["2019-01-24 08:02:56"], "total_order": 1, "hotel_value": ["4.6"], "hotel_price": ["216"]}, "6842747": {"hotel_name": "\u53a6\u95e8\u9752\u6625\u65f6\u5149\u5ba2\u6808", "order_time": ["2019-01-24 08:03:04"], "total_order": 1, "hotel_value": ["4.3"], "hotel_price": ["153"]}, "1883002": {"hotel_name": "\u5982\u5bb6\u5feb\u6377\u9152\u5e97(\u53a6\u95e8\u4f1a\u5c55\u4e2d\u5fc3\u89c2\u97f3\u5c71\u6d77\u666f\u5e97)(\u539f\u73af\u5c9b\u8def\u89c2\u97f3\u5c71\u4f1a\u5c55\u6d77\u666f\u5e97)", "order_time": ["2019-01-24 08:08:58", "2019-01-24 08:04:59"], "total_order": 2, "hotel_value": ["4.4", "4.4"], "hotel_price": ["254", "254"]}, "431131": {"hotel_name": "\u53a6\u95e8\u6bd5\u601d\u7279\u9152\u5e97", "order_time": ["2019-01-24 08:04:59", "2019-01-24 08:23:02"], "total_order": 2, "hotel_value": ["4.6", "4.6"], "hotel_price": ["331", "331"]}, "440464": {"hotel_name": "\u590f\u5546\u6021\u7fd4\u9152\u5e97(\u53a6\u95e8\u4e2d\u5c71\u8def\u534e\u90fd\u5e97)", "order_time": ["2019-01-24 08:05:00"], "total_order": 1, "hotel_value": ["4.6"], "hotel_price": ["294"]}, "6355587": {"hotel_name": "\u590f\u5546\u6021\u7fd4\u5047\u65e5\u9152\u5e97(\u53a6\u95e8\u706b\u8f66\u7ad9\u5e97)", "order_time": ["2019-01-24 08:05:03", "2019-01-24 08:21:09"], "total_order": 2, "hotel_value": ["4.8", "4.8"], "hotel_price": ["228", "228"]}, "346267": {"hotel_name": "\u53a6\u95e8\u5e1d\u5143\u7ef4\u591a\u5229\u4e9a\u5927\u9152\u5e97", "order_time": ["2019-01-24 08:05:03"], "total_order": 1, "hotel_value": ["4.5"], "hotel_price": ["536"]}, "800402": {"hotel_name": "\u53a6\u95e8\u8363\u6e90\u4e3b\u9898\u9152\u5e97", "order_time": ["2019-01-24 08:05:04"], "total_order": 1, "hotel_value": ["4.9"], "hotel_price": ["114"]}, "392553": {"hotel_name": "\u6210\u65c5\u6676\u8d5e\u9152\u5e97(\u53a6\u95e8\u67ab\u60a6\u5e97)(\u539f\u67ab\u60a6\u5927\u9152\u5e97)", "order_time": ["2019-01-24 08:14:58", "2019-01-24 08:05:07"], "total_order": 2, "hotel_value": ["4.7", "4.7"], "hotel_price": ["321", "321"]}, "439457": {"hotel_name": "\u53a6\u95e8\u6676\u73d1\u5927\u9152\u5e97", "order_time": ["2019-01-24 08:05:12"], "total_order": 1, "hotel_value": ["4.3"], "hotel_price": ["288"]}, "1466355": {"hotel_name": "\u53a6\u95e8\u524d\u7530\u9752\u5e74\u65c5\u820d", "order_time": ["2019-01-24 08:05:14"], "total_order": 1, "hotel_value": ["4.0"], "hotel_price": ["44"]}, "474586": {"hotel_name": "\u5982\u5bb6\u8054\u76df\u00b7\u53a6\u95e8\u6591\u6593\u9152\u5e97(\u539f\u91d1\u5e1d\u9152\u5e97)", "order_time": ["2019-01-24 08:07:00"], "total_order": 1, "hotel_value": ["4.8"], "hotel_price": ["263"]}, "21132146": {"hotel_name": "\u5929\u57fa\u5fa1\u5ead\u9152\u5e97(\u53a6\u95e8\u83b2\u5742\u5730\u94c1\u7ad9\u5e97)", "order_time": ["2019-01-24 08:07:00"], "total_order": 1, "hotel_value": ["4.8"], "hotel_price": ["165"]}, "437770": {"hotel_name": "\u53a6\u95e8\u79be\u6b63\u5927\u9152\u5e97", "order_time": ["2019-01-24 08:07:01"], "total_order": 1, "hotel_value": ["4.2"], "hotel_price": ["146"]}, "1579167": {"hotel_name": "\u53a6\u95e8\u6816\u5cb8\u98ce\u60c5\u6d77\u666f\u5ba2\u6808(\u539f\u70ed\u5e26\u96e8\u6797\u5ba2\u6808)", "order_time": ["2019-01-24 08:07:01"], "total_order": 1, "hotel_value": ["4.8"], "hotel_price": ["145"]}, "27938575": {"hotel_name": "\u53a6\u95e8\u6d77\u4e1d\u827a\u672f\u54c1\u4e2d\u5fc3\u4f70\u7fd4\u7428\u70c1\u9152\u5e97", "order_time": ["2019-01-24 08:10:54", "2019-01-24 08:07:02", "2019-01-24 08:21:02", "2019-01-24 08:32:55"], "total_order": 4, "hotel_value": ["4.8", "4.8", "4.8", "4.8"], "hotel_price": ["408", "408", "408", "408"]}, "369750": {"hotel_name": "\u53a6\u95e8\u6cdb\u592a\u5e73\u6d0b\u5927\u9152\u5e97", "order_time": ["2019-01-24 08:07:03"], "total_order": 1, "hotel_value": ["4.6"], "hotel_price": ["600"]}, "6085631": {"hotel_name": "\u53a6\u95e8\u5bb8\u6d32\u6d32\u9645\u9152\u5e97", "order_time": ["2019-01-24 08:07:03"], "total_order": 1, "hotel_value": ["4.7"], "hotel_price": ["944"]}, "717316": {"hotel_name": "\u9f13\u6d6a\u5c7f\u7434\u6021\u522b\u5885", "order_time": ["2019-01-24 08:07:03"], "total_order": 1, "hotel_value": ["4.7"], "hotel_price": ["164"]}, "5300843": {"hotel_name": "\u53a6\u95e8\u9f13\u6d6a\u5c7f\u5c0f\u5c9b\u5927\u7231\u5bb6\u5ead\u65c5\u9986", "order_time": ["2019-01-24 08:07:09"], "total_order": 1, "hotel_value": ["4.8"], "hotel_price": ["119"]}, "1229307": {"hotel_name": "\u53a6\u95e8\u9f13\u6d6a\u5c7f\u6709\u95f4\u5ba2\u6808", "order_time": ["2019-01-24 08:07:10"], "total_order": 1, "hotel_value": ["4.7"], "hotel_price": ["143"]}, "1406089": {"hotel_name": "\u53a6\u95e8\u96c6\u7f8e\u674f\u9716\u5bbe\u9986", "order_time": ["2019-01-24 08:13:10", "2019-01-24 08:07:14"], "total_order": 2, "hotel_value": ["4.1", "4.1"], "hotel_price": ["123", "123"]}, "473274": {"hotel_name": "\u53a6\u95e8\u65e5\u4e1c\u82b1\u56ed\u9152\u5e97(\u81ea\u9a7e\u8f66\u4e3b\u9898\u9152\u5e97)", "order_time": ["2019-01-24 08:32:52", "2019-01-24 08:08:56", "2019-01-24 08:25:00"], "total_order": 3, "hotel_value": ["4.5", "4.5", "4.5"], "hotel_price": ["280", "280", "280"]}, "2914952": {"hotel_name": "\u53a6\u95e8\u5927\u5b66\u51ef\u5c14\u987f\u6d77\u666f\u516c\u5bd3(\u539f\u53a6\u5927\u4e16\u8302\u6d77\u5ce1\u9152\u5e97\u516c\u5bd3)", "order_time": ["2019-01-24 08:09:01"], "total_order": 1, "hotel_value": ["4.4"], "hotel_price": ["470"]}, "1727667": {"hotel_name": "\u53a6\u95e8\u9f13\u6d6a\u5c7f\u9e93\u610f\u601d\u8001\u522b\u5885\u5ea6\u5047\u9152\u5e97", "order_time": ["2019-01-24 08:13:01", "2019-01-24 08:09:02"], "total_order": 2, "hotel_value": ["4.6", "4.6"], "hotel_price": ["422", "422"]}, "346264": {"hotel_name": "\u53a6\u95e8\u827e\u7f8e\u9152\u5e97", "order_time": ["2019-01-24 08:10:53"], "total_order": 1, "hotel_value": ["4.7"], "hotel_price": ["750"]}, "458760": {"hotel_name": "\u827e\u601d\u987f\u9152\u5e97(\u53a6\u95e8\u4e2d\u5c71\u8def\u7f8e\u6e56\u5206\u5e97)", "order_time": ["2019-01-24 08:10:54", "2019-01-24 08:26:58"], "total_order": 2, "hotel_value": ["4.7", "4.7"], "hotel_price": ["177", "203"]}, "3658324": {"hotel_name": "\u9f13\u6d6a\u5c7f\u6d45\u590f\u65c5\u9986", "order_time": ["2019-01-24 08:10:55"], "total_order": 1, "hotel_value": ["4.6"], "hotel_price": ["110"]}, "441273": {"hotel_name": "\u9510\u601d\u7279\u00b7\u9038\u81f4\u9152\u5e97(\u53a6\u95e8\u4e2d\u5c71\u8def\u5e97)", "order_time": ["2019-01-24 08:10:57"], "total_order": 1, "hotel_value": ["4.8"], "hotel_price": ["196"]}, "1073553": {"hotel_name": "\u53a6\u95e8\u9f13\u6d6a\u5c7f77\u53f7\u82b1\u56ed\u5ea6\u5047\u522b\u5885", "order_time": ["2019-01-24 08:10:59", "2019-01-24 08:16:57"], "total_order": 2, "hotel_value": ["4.4", "4.4"], "hotel_price": ["119", "119"]}, "346257": {"hotel_name": "\u53a6\u95e8\u6d77\u666f\u5343\u79a7\u5927\u9152\u5e97", "order_time": ["2019-01-24 08:12:58", "2019-01-24 08:32:52"], "total_order": 2, "hotel_value": ["4.5", "4.5"], "hotel_price": ["590", "590"]}, "21124626": {"hotel_name": "\u53a6\u95e8\u4e07\u749f\u8f69\u9152\u5e97", "order_time": ["2019-01-24 08:12:59"], "total_order": 1, "hotel_value": ["4.7"], "hotel_price": ["249"]}, "28565834": {"hotel_name": "\u53a6\u95e8\u559c\u7f8e\u7f8e\u5c45\u9152\u5e97", "order_time": ["2019-01-24 08:13:02"], "total_order": 1, "hotel_value": ["4.8"], "hotel_price": ["399"]}, "375290": {"hotel_name": "\u53a6\u95e8\u5149\u5927\u9152\u5e97", "order_time": ["2019-01-24 08:25:05", "2019-01-24 08:13:05"], "total_order": 2, "hotel_value": ["4.4", "4.4"], "hotel_price": ["250", "250"]}, "1620068": {"hotel_name": "\u53a6\u95e8\u5317\u7ad9\u4e5d\u5ea6\u4e09\u5c71\u5e84", "order_time": ["2019-01-24 08:13:06"], "total_order": 1, "hotel_value": ["4.7"], "hotel_price": ["153"]}, "602620": {"hotel_name": "\u53a6\u95e8\u7f57\u9a6c\u5047\u65e5\u6d77\u666f\u5ea6\u5047\u522b\u5885", "order_time": ["2019-01-24 08:13:11"], "total_order": 1, "hotel_value": ["4.8"], "hotel_price": ["259"]}, "4971778": {"hotel_name": "\u53a6\u95e8\u6162\u751f\u6d3b\u00b7\u4e50\u753a\u5ba2\u6808", "order_time": ["2019-01-24 08:28:59", "2019-01-24 08:13:14"], "total_order": 2, "hotel_value": ["4.9", "4.9"], "hotel_price": ["113", "113"]}, "10906517": {"hotel_name": "\u53a6\u95e8\u9e6d\u5c9b\u522b\u82d1\u6d77\u8fb9\u5ea6\u5047\u522b\u5885", "order_time": ["2019-01-24 08:14:54"], "total_order": 1, "hotel_value": ["4.8"], "hotel_price": ["132"]}, "898514": {"hotel_name": "\u6c49\u5ead\u9152\u5e97(\u53a6\u95e8\u673a\u573a\u5e97)", "order_time": ["2019-01-24 08:14:55"], "total_order": 1, "hotel_value": ["4.4"], "hotel_price": ["189"]}, "5806184": {"hotel_name": "\u9177\u6d3e\u9152\u5e97(\u53a6\u95e8\u706b\u8f66\u7ad9\u68a7\u6751\u6c7d\u8f66\u7ad9\u5e97)", "order_time": ["2019-01-24 08:14:57"], "total_order": 1, "hotel_value": ["4.3"], "hotel_price": ["98"]}, "1018033": {"hotel_name": "\u53a6\u95e8\u5317\u7ad9\u5947\u65fa\u65c5\u9986", "order_time": ["2019-01-24 08:15:02"], "total_order": 1, "hotel_value": ["4.7"], "hotel_price": ["91"]}, "2299730": {"hotel_name": "\u946b\u540d\u82d1\u9152\u5e97(\u53a6\u95e8\u6587\u5316\u827a\u672f\u4e2d\u5fc3\u5e97)", "order_time": ["2019-01-24 08:15:07"], "total_order": 1, "hotel_value": ["4.5"], "hotel_price": ["139"]}, "512888": {"hotel_name": "\u53a6\u95e8\u7fd4\u5b89\u9890\u8c6a\u9152\u5e97", "order_time": ["2019-01-24 08:16:56"], "total_order": 1, "hotel_value": ["4.7"], "hotel_price": ["409"]}, "447146": {"hotel_name": "\u5982\u5bb6\u5546\u65c5\u9152\u5e97(\u53a6\u95e8\u6e56\u6ee8\u5357\u8def\u767d\u9e6d\u6d32\u516c\u56ed\u5e97)", "order_time": ["2019-01-24 08:17:04"], "total_order": 1, "hotel_value": ["4.8"], "hotel_price": ["265"]}, "12673289": {"hotel_name": "\u53a6\u95e8\u6d77\u6ca7\u878d\u4fe1\u534e\u9091\u9152\u5e97", "order_time": ["2019-01-24 08:18:56"], "total_order": 1, "hotel_value": ["4.7"], "hotel_price": ["680"]}, "25216959": {"hotel_name": "\u53a6\u95e8\u6c90\u5c45\u6c11\u5bbf", "order_time": ["2019-01-24 08:18:57"], "total_order": 1, "hotel_value": ["4.9"], "hotel_price": ["449"]}, "2297831": {"hotel_name": "\u5168\u5b63\u9152\u5e97(\u53a6\u95e8\u4e2d\u5c71\u8def\u6b65\u884c\u8857\u5e97)", "order_time": ["2019-01-24 08:18:59"], "total_order": 1, "hotel_value": ["4.8"], "hotel_price": ["360"]}, "6516890": {"hotel_name": "\u5168\u5b63\u9152\u5e97(\u53a6\u95e8SM\u5e7f\u573a\u677e\u67cf\u5e97)", "order_time": ["2019-01-24 08:19:02"], "total_order": 1, "hotel_value": ["4.8"], "hotel_price": ["370"]}, "8568978": {"hotel_name": "\u53a6\u95e8\u5317\u7ad9\u6708\u5149\u5ba2\u6808", "order_time": ["2019-01-24 08:19:07"], "total_order": 1, "hotel_value": ["4.6"], "hotel_price": ["83"]}, "5766823": {"hotel_name": "\u53a6\u95e8\u6d77\u8fb9\u98ce\u60c5\u5ba2\u6808", "order_time": ["2019-01-24 08:19:16"], "total_order": 1, "hotel_value": ["4.0"], "hotel_price": ["88"]}, "429225": {"hotel_name": "\u53a6\u95e8\u9e6d\u6c5f\u5bbe\u9986", "order_time": ["2019-01-24 08:20:57"], "total_order": 1, "hotel_value": ["4.8"], "hotel_price": ["625"]}, "21344089": {"hotel_name": "\u53a6\u95e8\u82b1\u679c\u5bbf(\u6d77\u539d)\u751f\u6d3b\u9986", "order_time": ["2019-01-24 08:21:05"], "total_order": 1, "hotel_value": ["4.9"], "hotel_price": ["210"]}, "22823142": {"hotel_name": "\u53a6\u95e8\u6cf0\u5730\u4e07\u6021\u9152\u5e97", "order_time": ["2019-01-24 08:21:05"], "total_order": 1, "hotel_value": ["4.0"], "hotel_price": ["486"]}, "1860911": {"hotel_name": "\u53a6\u95e8\u540d\u5178\u7cbe\u54c1\u9152\u5e97(\u540c\u5b89\u5e97)", "order_time": ["2019-01-24 08:21:11"], "total_order": 1, "hotel_value": ["4.5"], "hotel_price": ["102"]}, "1336848": {"hotel_name": "\u53a6\u95e8\u604b\u6d77\u9633\u5149\u5ea6\u5047\u5c4b", "order_time": ["2019-01-24 08:21:24"], "total_order": 1, "hotel_value": ["4.7"], "hotel_price": ["126"]}, "5373865": {"hotel_name": "\u5168\u5b63\u9152\u5e97(\u53a6\u95e8\u5927\u5b66\u5e97)", "order_time": ["2019-01-24 08:22:59"], "total_order": 1, "hotel_value": ["4.7"], "hotel_price": ["341"]}, "512915": {"hotel_name": "\u53a6\u95e8\u4eca\u6653\u9152\u5e97", "order_time": ["2019-01-24 08:23:05"], "total_order": 1, "hotel_value": ["3.9"], "hotel_price": ["209"]}, "1379677": {"hotel_name": "\u9f13\u6d6a\u5c7f\u7f8e\u51cc\u683c\u00b7\u8f6c\u89d2\u5ea6\u5047\u522b\u5885(\u539f\u6708\u6ee1\u82b1\u697c\u9676\u74f7\u827a\u672f\u751f\u6d3b\u9986)", "order_time": ["2019-01-24 08:23:14"], "total_order": 1, "hotel_value": ["4.7"], "hotel_price": ["210"]}, "7277750": {"hotel_name": "\u53a6\u95e8\u6b63\u5143\u5e0c\u5c14\u987f\u9038\u6797\u9152\u5e97", "order_time": ["2019-01-24 08:24:54"], "total_order": 1, "hotel_value": ["4.7"], "hotel_price": ["577"]}, "23238710": {"hotel_name": "\u53a6\u95e8\u541b\u69ad\u00b7\u52ff\u820d\u5ba2\u6808", "order_time": ["2019-01-24 08:24:55"], "total_order": 1, "hotel_value": ["4.9"], "hotel_price": ["320"]}, "26557640": {"hotel_name": "\u826f\u5885\u00b7\u66fc\u4e3d\u5609\u5ea6\u5047\u522b\u5885(\u53a6\u95e8\u66fe\u539d\u57b5\u5e97)", "order_time": ["2019-01-24 08:24:55"], "total_order": 1, "hotel_value": ["5.0"], "hotel_price": ["231"]}, "2214161": {"hotel_name": "\u6d6a\u6f2b\u90fd\u5e02\u8fde\u9501\u9152\u5e97(\u53a6\u95e8SM\u4eca\u53f6\u5e97)", "order_time": ["2019-01-24 08:25:01"], "total_order": 1, "hotel_value": ["4.5"], "hotel_price": ["122"]}, "483805": {"hotel_name": "\u53a6\u95e8\u6ee8\u5317\u9890\u8c6a\u9152\u5e97", "order_time": ["2019-01-24 08:26:54"], "total_order": 1, "hotel_value": ["4.8"], "hotel_price": ["458"]}, "2074390": {"hotel_name": "\u53a6\u95e8\u5317\u7ad9\u5b89\u6021\u5c45\u5ba2\u6808", "order_time": ["2019-01-24 08:26:56"], "total_order": 1, "hotel_value": ["4.7"], "hotel_price": ["133"]}, "467685": {"hotel_name": "\u53a6\u95e8\u767d\u9e6d\u6d32\u5927\u9152\u5e97", "order_time": ["2019-01-24 08:26:58"], "total_order": 1, "hotel_value": ["4.2"], "hotel_price": ["342"]}, "8506987": {"hotel_name": "\u53a6\u95e8\u5723\u6dd8\u6c99\u9152\u5e97", "order_time": ["2019-01-24 08:27:00"], "total_order": 1, "hotel_value": ["4.5"], "hotel_price": ["173"]}, "4357909": {"hotel_name": "\u53a6\u95e8\u98de\u5bbf\u8fde\u9501\u5df4\u62c9\u7c73\u57ce\u5821\u5e84\u56ed", "order_time": ["2019-01-24 08:27:01"], "total_order": 1, "hotel_value": ["4.8"], "hotel_price": ["151"]}, "26420349": {"hotel_name": "\u53a6\u95e8\u9038\u5ba2\u5ea6\u5047\u522b\u5885", "order_time": ["2019-01-24 08:28:56"], "total_order": 1, "hotel_value": ["5.0"], "hotel_price": ["328"]}, "432895": {"hotel_name": "\u82cf\u6258\u4e9a(\u9f13\u6d6a\u5c7f\u5de2\u5ead1919\u5e97)", "order_time": ["2019-01-24 08:28:58"], "total_order": 1, "hotel_value": ["4.8"], "hotel_price": ["306"]}, "385412": {"hotel_name": "\u53a6\u95e8\u5317\u6d77\u6e7e\u60e0\u9f99\u4e07\u8fbe\u5609\u534e\u9152\u5e97", "order_time": ["2019-01-24 08:29:01"], "total_order": 1, "hotel_value": ["4.8"], "hotel_price": ["750"]}, "1419294": {"hotel_name": "\u9526\u6c5f\u4e4b\u661f(\u53a6\u95e8\u5317\u7ad9\u5609\u5e9a\u4f53\u80b2\u9986\u5e97)", "order_time": ["2019-01-24 08:29:02"], "total_order": 1, "hotel_value": ["4.5"], "hotel_price": ["170"]}, "17881548": {"hotel_name": "\u5927\u8c61\u6c11\u5bbf(\u53a6\u95e8\u706b\u8f66\u7ad9\u5e97)", "order_time": ["2019-01-24 08:29:09"], "total_order": 1, "hotel_value": ["4.7"], "hotel_price": ["408"]}, "387246": {"hotel_name": "\u53a6\u95e8\u5982\u662f\u9152\u5e97\u4f1a\u5c55\u5e97", "order_time": ["2019-01-24 08:29:12"], "total_order": 1, "hotel_value": ["4.7"], "hotel_price": ["343"]}, "1675346": {"hotel_name": "\u53a6\u95e8\u89c2\u5c71\u6d77\u5ba2\u6808", "order_time": ["2019-01-24 08:29:13"], "total_order": 1, "hotel_value": ["4.8"], "hotel_price": ["73"]}, "452567": {"hotel_name": "\u53a6\u95e8\u6162\u751f\u6d3b\u00b7\u82ad\u5398\u6d77\u5cb8\u5ea6\u5047\u9152\u5e97(\u539f\u9f13\u6d6a\u5c7f\u82ad\u5398\u6d77\u5cb8\u6d77\u666f\u9152\u5e97)", "order_time": ["2019-01-24 08:30:51"], "total_order": 1, "hotel_value": ["4.9"], "hotel_price": ["788"]}, "2145638": {"hotel_name": "\u53a6\u95e8\u5609\u836b\u96c5\u5c45\u9152\u5e97(\u539f\u5c31\u662f\u4e3a\u4f60\u4e3b\u9898\u8fde\u9501\u9152\u5e97)", "order_time": ["2019-01-24 08:30:57"], "total_order": 1, "hotel_value": ["4.6"], "hotel_price": ["184"]}, "6763972": {"hotel_name": "\u53a6\u95e8\u5317\u7ad9\u66fc\u5df4\u9152\u5e97", "order_time": ["2019-01-24 08:30:58"], "total_order": 1, "hotel_value": ["4.7"], "hotel_price": ["173"]}, "4960975": {"hotel_name": "\u548c\u9890\u9152\u5e97(\u53a6\u95e8\u4e2d\u5c71\u8def\u6b65\u884c\u8857\u5e97)", "order_time": ["2019-01-24 08:31:01"], "total_order": 1, "hotel_value": ["4.6"], "hotel_price": ["274"]}, "1730041": {"hotel_name": "\u9f13\u6d6a\u5c7f\u6e29\u838e\u516c\u9986", "order_time": ["2019-01-24 08:31:22"], "total_order": 1, "hotel_value": [0], "hotel_price": ["549"]}, "6024174": {"hotel_name": "\u53a6\u95e8\u80a5\u5bb6\u9752\u5e74\u65c5\u820d", "order_time": ["2019-01-24 08:31:33"], "total_order": 1, "hotel_value": [0], "hotel_price": ["50"]}, "5660146": {"hotel_name": "\u53a6\u95e8\u6f58\u591a\u62c9\u00b7\u7cbe\u54c1\u516c\u5bd3\u5317\u7ad9\u5e97", "order_time": ["2019-01-24 08:31:33"], "total_order": 1, "hotel_value": ["4.8"], "hotel_price": ["98"]}, "23623292": {"hotel_name": "\u53a6\u95e8\u4e09\u4e2a\u53a6\u5927\u4eba\u4e0e\u521d\u6c11\u5bbf", "order_time": ["2019-01-24 08:32:54"], "total_order": 1, "hotel_value": ["4.5"], "hotel_price": ["214"]}, "1549905": {"hotel_name": "\u53a6\u95e8\u534a\u5c9b\u58f9\u53f7\u9152\u5e97", "order_time": ["2019-01-24 08:32:55"], "total_order": 1, "hotel_value": ["4.5"], "hotel_price": ["88"]}, "428660": {"hotel_name": "\u53a6\u95e8\u9890\u749f\u82b1\u56ed\u9152\u5e97(\u539f\u65b0\u52a0\u5761\u9152\u5e97)", "order_time": ["2019-01-24 08:32:56"], "total_order": 1, "hotel_value": ["4.6"], "hotel_price": ["168"]}, "1756972": {"hotel_name": "U-Door\u4e91\u6735\u8033\u6d77\u666f\u9a7f\u7ad9(\u539f\u53a6\u95e8\u5496\u5561\u65f6\u5149\u6d77\u666f\u9a7f\u6808)", "order_time": ["2019-01-24 08:33:07"], "total_order": 1, "hotel_value": ["4.5"], "hotel_price": ["197"]}, "1682829": {"hotel_name": "\u53a6\u95e8\u53a6\u5927\u6b27\u6d77\u9601\u5ea6\u5047\u5c4b", "order_time": ["2019-01-24 08:33:13"], "total_order": 1, "hotel_value": ["5.0"], "hotel_price": ["194"]}, "1389206": {"hotel_name": "\u9526\u6c5f\u4e4b\u661f(\u53a6\u95e8\u79be\u7965\u897f\u8def\u767d\u9e6d\u6d32\u5e97)", "order_time": ["2019-01-24 08:34:54"], "total_order": 1, "hotel_value": ["4.4"], "hotel_price": ["129"]}, "1613814": {"hotel_name": "\u7231\u83f2\u513f\u5ea6\u5047\u9152\u5e97(\u53a6\u95e8\u9f13\u6d6a\u5c7f1930\u5e97)", "order_time": ["2019-01-24 08:34:58"], "total_order": 1, "hotel_value": ["4.6"], "hotel_price": ["346"]}, "11477564": {"hotel_name": "\u53a6\u95e8\u9047\u7f8e\u00b7\u6da6\u56ed\u7cbe\u54c1\u5ea6\u5047\u6c11\u5bbf", "order_time": ["2019-01-24 08:34:59"], "total_order": 1, "hotel_value": ["4.8"], "hotel_price": ["250"]}, "1301914": {"hotel_name": "\u53a6\u95e8\u5317\u7ad9333\u9a7f\u6808", "order_time": ["2019-01-24 08:35:09"], "total_order": 1, "hotel_value": ["4.7"], "hotel_price": ["93"]}, "481408": {"hotel_name": "\u53a6\u95e8\u9f13\u6d6a\u5c7f\u5357\u74dc\u77f3\u5ba2\u6808", "order_time": ["2019-01-24 08:35:10"], "total_order": 1, "hotel_value": ["4.8"], "hotel_price": ["249"]}, "1760902": {"hotel_name": "\u53a6\u95e8\u4e07\u4f73\u56fd\u9645\u9152\u5e97", "order_time": ["2019-01-24 08:35:10"], "total_order": 1, "hotel_value": ["4.6"], "hotel_price": ["423"]}}}