{"\u5f00\u59cb\u8bb0\u5f55\u65f6\u95f4": "2019-01-21 20:34:46", "\u7ed3\u675f\u8bb0\u5f55\u65f6\u95f4": "2019-01-21 21:34:46", "\u8ba2\u5355\u603b\u589e\u91cf": 355, "item": {"27938575": {"hotel_name": "\u53a6\u95e8\u6d77\u4e1d\u827a\u672f\u54c1\u4e2d\u5fc3\u4f70\u7fd4\u7428\u70c1\u9152\u5e97", "order_time": ["2019-01-21 20:38:54", "2019-01-21 20:36:52"], "total_order": 2, "hotel_value": ["4.8", "4.8"], "hotel_price": ["458", "548"]}, "448663": {"hotel_name": "\u53a6\u95e8\u60a6\u534e\u9152\u5e97", "order_time": ["2019-01-21 20:36:52"], "total_order": 1, "hotel_value": ["4.8"], "hotel_price": ["512"]}, "15717242": {"hotel_name": "\u53a6\u95e8\u9e6d\u5c9b\u6234\u65af\u9152\u5e97", "order_time": ["2019-01-21 20:36:52"], "total_order": 1, "hotel_value": ["4.6"], "hotel_price": ["339"]}, "346260": {"hotel_name": "\u53a6\u95e8\u745e\u9890\u5927\u9152\u5e97", "order_time": ["2019-01-21 20:36:55"], "total_order": 1, "hotel_value": ["4.7"], "hotel_price": ["799"]}, "346257": {"hotel_name": "\u53a6\u95e8\u6d77\u666f\u5343\u79a7\u5927\u9152\u5e97", "order_time": ["2019-01-21 20:36:55", "2019-01-21 20:54:55"], "total_order": 2, "hotel_value": ["4.5", "4.5"], "hotel_price": ["590", "590"]}, "6486006": {"hotel_name": "\u53a6\u95e8\u6e56\u6ee8\u9996\u5e9c\u4e16\u8302\u777f\u9009\u9152\u5e97", "order_time": ["2019-01-21 20:36:55", "2019-01-21 21:30:55"], "total_order": 2, "hotel_value": ["4.6", "4.6"], "hotel_price": ["285", "285"]}, "4971778": {"hotel_name": "\u53a6\u95e8\u6162\u751f\u6d3b\u00b7\u4e50\u753a\u5ba2\u6808", "order_time": ["2019-01-21 20:36:56"], "total_order": 1, "hotel_value": ["4.9"], "hotel_price": ["160"]}, "346248": {"hotel_name": "\u53a6\u95e8\u6cf0\u8c37\u9152\u5e97", "order_time": ["2019-01-21 20:36:56", "2019-01-21 20:44:54"], "total_order": 2, "hotel_value": ["4.7", "4.7"], "hotel_price": ["398", "398"]}, "1929448": {"hotel_name": "\u53a6\u95e8\u6da6\u60a6\u4e30\u9152\u5e97", "order_time": ["2019-01-21 20:37:00"], "total_order": 1, "hotel_value": ["4.1"], "hotel_price": ["149"]}, "2893881": {"hotel_name": "\u53a6\u95e8\u683c\u5170\u835f\u5ead\u9662\u5496\u5561\u5ba2\u6808", "order_time": ["2019-01-21 20:37:04"], "total_order": 1, "hotel_value": ["3.8"], "hotel_price": ["131"]}, "28676812": {"hotel_name": "\u53a6\u95e8MAGNA PARS\u6e56\u8fb9\u5ea6\u5047\u516c\u5bd3", "order_time": ["2019-01-21 20:38:58", "2019-01-21 20:37:04"], "total_order": 2, "hotel_value": ["5.0", "5.0"], "hotel_price": ["229", "229"]}, "5028414": {"hotel_name": "\u826f\u5885\u00b7\u6e29\u5ea6\u5ea6\u5047\u522b\u5885(\u53a6\u95e8\u66fe\u539d\u57b5\u5e97)", "order_time": ["2019-01-21 20:38:53"], "total_order": 1, "hotel_value": ["4.9"], "hotel_price": ["196"]}, "5053649": {"hotel_name": "\u53a6\u95e8\u5927\u5b66\u5962\u534e\u9152\u5e97\u516c\u5bd3(\u539f\u94c2\u66fc\u5929\u79a7\u6d77\u666f\u9152\u5e97\u516c\u5bd3)", "order_time": ["2019-01-21 20:38:53"], "total_order": 1, "hotel_value": ["4.6"], "hotel_price": ["349"]}, "432094": {"hotel_name": "\u53a6\u95e8\u7f8e\u4ed1\u65b9\u4e4b\u7f18\u9152\u5e97", "order_time": ["2019-01-21 20:38:53", "2019-01-21 20:39:14"], "total_order": 2, "hotel_value": ["4.7", "4.7"], "hotel_price": ["188", "188"]}, "2298562": {"hotel_name": "\u9526\u6c5f\u4e4b\u661f(\u53a6\u95e8\u5927\u5b66\u4e2d\u5c71\u8def\u5e97)", "order_time": ["2019-01-21 21:24:54", "2019-01-21 20:38:54"], "total_order": 2, "hotel_value": ["4.5", "4.5"], "hotel_price": ["169", "169"]}, "4633047": {"hotel_name": "\u53a6\u95e8\u91d1\u65e5\u94f6\u6d77\u84dd\u6234\u65af\u9152\u5e97", "order_time": ["2019-01-21 20:38:54"], "total_order": 1, "hotel_value": ["4.4"], "hotel_price": ["298"]}, "5435657": {"hotel_name": "\u9f13\u6d6a\u5c7f\u5706\u6c99\u6d32\u4e3b\u9898\u522b\u5885", "order_time": ["2019-01-21 20:38:54"], "total_order": 1, "hotel_value": ["4.9"], "hotel_price": ["163"]}, "427947": {"hotel_name": "\u53a6\u95e8\u56fd\u9645\u4f1a\u8bae\u4e2d\u5fc3\u9152\u5e97", "order_time": ["2019-01-21 20:38:54"], "total_order": 1, "hotel_value": ["4.8"], "hotel_price": ["589"]}, "1760902": {"hotel_name": "\u53a6\u95e8\u4e07\u4f73\u56fd\u9645\u9152\u5e97", "order_time": ["2019-01-21 20:38:54"], "total_order": 1, "hotel_value": ["4.6"], "hotel_price": ["423"]}, "1741995": {"hotel_name": "\u5982\u5bb6\u6d3e\u67cf\u00b7\u4e91\u9152\u5e97(\u53a6\u95e8\u53a6\u79be\u8def\u56fd\u8d38\u5e97)(\u539f\u4e9a\u66fc\u9152\u5e97)", "order_time": ["2019-01-21 20:38:54"], "total_order": 1, "hotel_value": ["4.1"], "hotel_price": ["132"]}, "782154": {"hotel_name": "\u53a6\u95e8\u9752\u5e74\u9633\u5149\u7cbe\u54c1\u5546\u52a1\u9152\u5e97(\u677e\u67cf\u6c7d\u8f66\u5e97)", "order_time": ["2019-01-21 20:38:54"], "total_order": 1, "hotel_value": ["4.5"], "hotel_price": ["147"]}, "5979992": {"hotel_name": "\u53a6\u95e8\u5c71\u5c7f\u6d77\u7cbe\u54c1\u5ba2\u6808", "order_time": ["2019-01-21 20:38:55"], "total_order": 1, "hotel_value": ["4.8"], "hotel_price": ["91"]}, "4359404": {"hotel_name": "\u53a6\u95e8\u7d20\u8317\u5ba2\u6808", "order_time": ["2019-01-21 20:38:55"], "total_order": 1, "hotel_value": ["4.8"], "hotel_price": ["85"]}, "4439579": {"hotel_name": "\u524d\u7530\u6e7e\u7cbe\u54c1\u5ba2\u6808(\u53a6\u95e8\u66fe\u539d\u57b5\u5e97)", "order_time": ["2019-01-21 20:38:55"], "total_order": 1, "hotel_value": ["4.7"], "hotel_price": ["78"]}, "1815205": {"hotel_name": "\u53a6\u95e8\u9f13\u6d6a\u5c7f\u6d77\u575b72\u53f7\u65c5\u9986", "order_time": ["2019-01-21 20:38:56"], "total_order": 1, "hotel_value": ["4.9"], "hotel_price": ["191"]}, "29401348": {"hotel_name": "\u9f13\u6d6a\u5c7f\u9014\u7a9d\u5047\u65e5\u5e84\u56ed", "order_time": ["2019-01-21 20:38:59"], "total_order": 1, "hotel_value": ["5.0"], "hotel_price": ["178"]}, "2074390": {"hotel_name": "\u53a6\u95e8\u5317\u7ad9\u5b89\u6021\u5c45\u5ba2\u6808", "order_time": ["2019-01-21 20:39:01"], "total_order": 1, "hotel_value": ["4.7"], "hotel_price": ["88"]}, "1788826": {"hotel_name": "\u53a6\u95e8\u9f13\u6d6a\u5c7f\u9ec4\u516c\u9986", "order_time": ["2019-01-21 20:40:52"], "total_order": 1, "hotel_value": ["4.5"], "hotel_price": ["231"]}, "375291": {"hotel_name": "\u53a6\u95e8\u798f\u4f51\u5927\u996d\u5e97", "order_time": ["2019-01-21 20:40:52"], "total_order": 1, "hotel_value": ["4.2"], "hotel_price": ["320"]}, "10480601": {"hotel_name": "\u51af\u5927\u4edf-\u5c0f\u80a5\u732b\u7cbe\u54c1\u5e97", "order_time": ["2019-01-21 20:40:53"], "total_order": 1, "hotel_value": ["5.0"], "hotel_price": ["141"]}, "6112181": {"hotel_name": "\u53a6\u95e8\u6c38\u4e3d\u8fbe\u4e3d\u5448\u9152\u5e97", "order_time": ["2019-01-21 20:40:54"], "total_order": 1, "hotel_value": ["4.8"], "hotel_price": ["556"]}, "12624286": {"hotel_name": "\u9a7f\u8d77\u9152\u5e97\uff08\u53a6\u95e8\u5317\u7ad9\u5e97\uff09", "order_time": ["2019-01-21 20:40:54"], "total_order": 1, "hotel_value": ["4.6"], "hotel_price": ["158"]}, "5236986": {"hotel_name": "\u53a6\u95e8\u5929\u6155\u4ea8\u8fbe\u9152\u5e97(\u539f\u6e7e\u4ed4\u5927\u9152\u5e97)", "order_time": ["2019-01-21 20:40:55"], "total_order": 1, "hotel_value": ["4.6"], "hotel_price": ["343"]}, "1529369": {"hotel_name": "\u5361\u6885\u8389\u4e9a\u65c5\u9986(\u53a6\u95e8\u4f17\u820d\u5e97(\u539f\u90bb\u6d77\u5c45\u5ba2\u6808)", "order_time": ["2019-01-21 20:40:55"], "total_order": 1, "hotel_value": ["4.9"], "hotel_price": ["160"]}, "6072091": {"hotel_name": "\u53a6\u95e8\u65e5\u946b\u9152\u5e97\u516c\u5bd3", "order_time": ["2019-01-21 20:40:56"], "total_order": 1, "hotel_value": ["4.4"], "hotel_price": ["160"]}, "5237109": {"hotel_name": "\u53a6\u95e8\u73cd\u6ee8\u5927\u9152\u5e97", "order_time": ["2019-01-21 20:40:57"], "total_order": 1, "hotel_value": ["3.3"], "hotel_price": ["208"]}, "2600928": {"hotel_name": "\u5fc3\u8fdc\u9152\u5e97(\u53a6\u95e8\u674f\u6797\u5e97)", "order_time": ["2019-01-21 20:41:01"], "total_order": 1, "hotel_value": ["4.4"], "hotel_price": ["139"]}, "431965": {"hotel_name": "\u53a6\u95e8\u7f8e\u4ed1\u7693\u6656\u9152\u5e97", "order_time": ["2019-01-21 20:41:03"], "total_order": 1, "hotel_value": ["4.7"], "hotel_price": ["198"]}, "15899701": {"hotel_name": "\u6854\u5b50\u9152\u5e97\u7cbe\u9009(\u53a6\u95e8\u673a\u573a\u6210\u529f\u5927\u9053\u5e97)", "order_time": ["2019-01-21 20:42:53"], "total_order": 1, "hotel_value": ["4.8"], "hotel_price": ["294"]}, "2297831": {"hotel_name": "\u5168\u5b63\u9152\u5e97(\u53a6\u95e8\u4e2d\u5c71\u8def\u6b65\u884c\u8857\u5e97)", "order_time": ["2019-01-21 20:42:53"], "total_order": 1, "hotel_value": ["4.8"], "hotel_price": ["348"]}, "10201435": {"hotel_name": "\u53a6\u95e8\u4f70\u7fd4\u4e94\u901a\u9152\u5e97", "order_time": ["2019-01-21 20:42:53"], "total_order": 1, "hotel_value": ["4.7"], "hotel_price": ["609"]}, "1728118": {"hotel_name": "\u53a6\u95e8\u5c71\u6c34\u5bbe\u9986", "order_time": ["2019-01-21 20:42:53"], "total_order": 1, "hotel_value": ["4.3"], "hotel_price": ["221"]}, "932008": {"hotel_name": "\u8003\u62c9\u9752\u5e74\u65c5\u820d(\u53a6\u95e8\u4e2d\u5c71\u8def\u6b65\u884c\u8857\u5e97)", "order_time": ["2019-01-21 20:42:53"], "total_order": 1, "hotel_value": ["4.5"], "hotel_price": ["51"]}, "2304885": {"hotel_name": "7\u5929\u8fde\u9501\u9152\u5e97(\u53a6\u95e8\u5927\u5b66\u5357\u666e\u9640\u5e97)", "order_time": ["2019-01-21 21:04:53", "2019-01-21 20:42:53"], "total_order": 2, "hotel_value": ["4.4", "4.4"], "hotel_price": ["159", "159"]}, "2593672": {"hotel_name": "\u592a\u7a7a\u8231\u9152\u5e97\uff08\u53a6\u95e8\u4e2d\u5c71\u8def\u8f6e\u6e21\u5e97\uff09", "order_time": ["2019-01-21 20:42:54"], "total_order": 1, "hotel_value": ["4.3"], "hotel_price": ["51"]}, "1305979": {"hotel_name": "\u91d1\u5b9d\u5927\u9152\u5e97(\u53a6\u95e8\u4e1c\u6e21\u6e38\u8f6e\u4e2d\u5fc3\u53a6\u9f13\u7801\u5934\u5e97)", "order_time": ["2019-01-21 20:42:55"], "total_order": 1, "hotel_value": ["4.5"], "hotel_price": ["260"]}, "1002498": {"hotel_name": "\u53a6\u95e8\u753b\u6d77\u7b80\u5c45\u5ba2\u6808", "order_time": ["2019-01-21 20:44:53", "2019-01-21 20:42:55"], "total_order": 2, "hotel_value": ["4.9", "4.9"], "hotel_price": ["119", "119"]}, "11372511": {"hotel_name": "\u53a6\u95e8\u6f2b\u5ead\u65f6\u5149\u5ba2\u6808", "order_time": ["2019-01-21 20:42:55"], "total_order": 1, "hotel_value": ["4.8"], "hotel_price": ["153"]}, "444772": {"hotel_name": "\u590f\u5546\u00b7\u6021\u5ead\u5feb\u6377\u9152\u5e97(\u53a6\u95e8\u706b\u8f66\u7ad9\u6c47\u6210\u5e97)", "order_time": ["2019-01-21 20:42:56"], "total_order": 1, "hotel_value": ["4.4"], "hotel_price": ["108"]}, "2303094": {"hotel_name": "\u53a6\u95e8\u7389\u9f99\u9152\u5e97", "order_time": ["2019-01-21 20:42:56"], "total_order": 1, "hotel_value": ["4.2"], "hotel_price": ["108"]}, "1990013": {"hotel_name": "\u53a6\u95e8\u5317\u7ad9\u6e29\u99a8\u96c5\u9601\u5bbe\u9986", "order_time": ["2019-01-21 20:42:57", "2019-01-21 21:10:54"], "total_order": 2, "hotel_value": ["4.7", "4.7"], "hotel_price": ["78", "78"]}, "800277": {"hotel_name": "7\u5929\u8fde\u9501\u9152\u5e97(\u53a6\u95e8\u540c\u5b89\u6c7d\u8f66\u7ad9\u5e97)", "order_time": ["2019-01-21 20:42:57"], "total_order": 1, "hotel_value": ["4.3"], "hotel_price": ["108"]}, "2697625": {"hotel_name": "\u53a6\u95e8\u66fe\u539d\u57b5\u629a\u6d77\u5c45\u5ba2\u6808(\u539f\u53a6\u95e8\u66fe\u539d\u57b5\u6e29\u96c5\u4e4b\u5bb6\u6c11\u5bbf)", "order_time": ["2019-01-21 20:42:57"], "total_order": 1, "hotel_value": ["5.0"], "hotel_price": ["138"]}, "428700": {"hotel_name": "\u5982\u5bb6\u5feb\u6377\u9152\u5e97(\u53a6\u95e8\u4e1c\u6e21\u9f13\u6d6a\u5c7f\u7801\u5934\u5e97)(\u539f\u4e1c\u6e21\u90ae\u8f6e\u4e2d\u5fc3\u53a6\u9f13\u7801\u5934\u5e97)", "order_time": ["2019-01-21 20:43:00", "2019-01-21 20:44:53"], "total_order": 2, "hotel_value": ["4.3", "4.3"], "hotel_price": ["101", "101"]}, "1815575": {"hotel_name": "\u53a6\u95e8\u4e00\u54c1\u00b7\u6734\u5bbf(\u539f\u6f2b\u6d77\u5c45\u5ba2\u6808)", "order_time": ["2019-01-21 20:44:53", "2019-01-21 20:48:52"], "total_order": 2, "hotel_value": ["4.9", "4.9"], "hotel_price": ["124", "124"]}, "6420073": {"hotel_name": "\u5929\u4e00\u5ba2\u6808(\u53a6\u95e8\u4e2d\u5c71\u8def\u6b65\u884c\u8857\u5e97)", "order_time": ["2019-01-21 20:44:53"], "total_order": 1, "hotel_value": ["4.7"], "hotel_price": ["243"]}, "6511790": {"hotel_name": "\u53a6\u95e8\u822a\u5929\u516c\u5bd3\u673a\u573a\u5e97", "order_time": ["2019-01-21 20:44:53"], "total_order": 1, "hotel_value": ["4.5"], "hotel_price": ["104"]}, "440782": {"hotel_name": "\u53a6\u95e8\u65fa\u8f89\u9152\u5e97", "order_time": ["2019-01-21 20:44:54"], "total_order": 1, "hotel_value": ["4.8"], "hotel_price": ["165"]}, "14261979": {"hotel_name": "\u53a6\u95e8\u7075\u73b2\u5927\u9152\u5e97", "order_time": ["2019-01-21 20:44:55"], "total_order": 1, "hotel_value": ["4.5"], "hotel_price": ["399"]}, "5757188": {"hotel_name": "\u53a6\u95e8\u5927\u5b66\u9f13\u6d6a\u6e7e\u6d77\u666f\u516c\u5bd3(\u539f\u53a6\u5927\u4e16\u8302\u53cc\u5b50\u5854\u597d\u7720\u9152\u5e97\u516c\u5bd3)", "order_time": ["2019-01-21 20:44:55"], "total_order": 1, "hotel_value": ["4.7"], "hotel_price": ["423"]}, "2082804": {"hotel_name": "\u53a6\u95e8\u6da6\u7965\u9686\u7cbe\u54c1\u9152\u5e97", "order_time": ["2019-01-21 20:44:56"], "total_order": 1, "hotel_value": ["4.3"], "hotel_price": ["149"]}, "2061115": {"hotel_name": "\u53a6\u95e8\u4e1c\u5c71\u5bbe\u9986", "order_time": ["2019-01-21 20:44:56"], "total_order": 1, "hotel_value": ["4.7"], "hotel_price": ["127"]}, "1575123": {"hotel_name": "\u827e\u601d\u987f\u9152\u5e97(\u53a6\u95e8\u706b\u8f66\u7ad9\u5e97)", "order_time": ["2019-01-21 20:44:57"], "total_order": 1, "hotel_value": ["4.8"], "hotel_price": ["277"]}, "6262851": {"hotel_name": "\u53a6\u95e8\u98de\u5bbf\u8fde\u9501\u5b89\u59ae\u00b7\u6735\u62c9\u5e84\u56ed", "order_time": ["2019-01-21 20:45:01"], "total_order": 1, "hotel_value": ["4.7"], "hotel_price": ["139"]}, "4817706": {"hotel_name": "\u53a6\u95e8\u4e09\u4e2a\u53a6\u5927\u4ebakiwi\u6c11\u5bbf", "order_time": ["2019-01-21 20:46:54", "2019-01-21 20:48:52"], "total_order": 2, "hotel_value": ["4.9", "4.9"], "hotel_price": ["214", "214"]}, "4311628": {"hotel_name": "\u65b0\u53cb\u8c0a\u9152\u5e97\u5f0f\u516c\u5bd3(\u53a6\u95e8\u673a\u573a\u5e97)", "order_time": ["2019-01-21 20:46:54"], "total_order": 1, "hotel_value": ["4.3"], "hotel_price": ["117"]}, "775202": {"hotel_name": "\u53a6\u95e8\u9f13\u6d6a\u5c7f\u5927\u5b85\u95e8\u5bb6\u5ead\u65c5\u9986", "order_time": ["2019-01-21 20:46:54"], "total_order": 1, "hotel_value": ["4.5"], "hotel_price": ["203"]}, "2187819": {"hotel_name": "\u53a6\u95e8\u9f13\u6d6a\u5c7f\u7f18\u4e2d\u56ed\u4f11\u95f2\u5ea6\u5047\u522b\u5885", "order_time": ["2019-01-21 20:46:54"], "total_order": 1, "hotel_value": ["4.6"], "hotel_price": ["187"]}, "481752": {"hotel_name": "\u9526\u6c5f\u4e4b\u661f(\u53a6\u95e8\u673a\u573a\u533a\u653f\u5e9c\u5e97)", "order_time": ["2019-01-21 20:46:54", "2019-01-21 20:50:53"], "total_order": 2, "hotel_value": ["4.2", "4.2"], "hotel_price": ["169", "169"]}, "436724": {"hotel_name": "\u53a6\u95e8\u9f13\u6d6a\u5c7f\u65d7\u5c71\u4e00\u53f7\u516c\u9986", "order_time": ["2019-01-21 20:46:54"], "total_order": 1, "hotel_value": ["4.7"], "hotel_price": ["392"]}, "2101828": {"hotel_name": "\u53a6\u95e8\u69ad\u540e\u9152\u5e97", "order_time": ["2019-01-21 20:46:54"], "total_order": 1, "hotel_value": ["4.7"], "hotel_price": ["198"]}, "2301312": {"hotel_name": "\u57ce\u5e02\u4fbf\u6377\u9152\u5e97(\u53a6\u95e8\u79be\u7965\u897f\u8def\u5e97)", "order_time": ["2019-01-21 20:46:55"], "total_order": 1, "hotel_value": ["4.3"], "hotel_price": ["150"]}, "28565834": {"hotel_name": "\u53a6\u95e8\u559c\u7f8e\u7f8e\u5c45\u9152\u5e97", "order_time": ["2019-01-21 20:46:55"], "total_order": 1, "hotel_value": ["4.8"], "hotel_price": ["399"]}, "8656624": {"hotel_name": "\u5168\u5b63\u9152\u5e97(\u53a6\u95e8\u96c6\u7f8e\u5b66\u6751\u5e97)(\u539f\u8d22\u7a0e\u5bbe\u9986)", "order_time": ["2019-01-21 20:46:55"], "total_order": 1, "hotel_value": ["4.7"], "hotel_price": ["293"]}, "6543852": {"hotel_name": "\u53a6\u95e8\u98de\u5bbf\u8fde\u9501\u5c3c\u65af\u00b7\u6735\u62c9Nice Dora\u5e84\u56ed", "order_time": ["2019-01-21 20:46:56"], "total_order": 1, "hotel_value": ["4.9"], "hotel_price": ["201"]}, "1540062": {"hotel_name": "\u4e45\u6816\u00b7\u9f13\u6d6a\u5c7f\u6d77\u5cb8\u82b1\u65c5\u9986", "order_time": ["2019-01-21 20:46:59"], "total_order": 1, "hotel_value": ["4.9"], "hotel_price": ["183"]}, "11159573": {"hotel_name": "\u53a6\u95e8\u98de\u5bbf\u8fde\u9501\u4e3d\u820d\u00b7\u6735\u62c9\u5e84\u56ed", "order_time": ["2019-01-21 20:53:00", "2019-01-21 20:50:58", "2019-01-21 20:47:01"], "total_order": 3, "hotel_value": ["4.9", "4.9", "4.9"], "hotel_price": ["225", "225", "225"]}, "1741647": {"hotel_name": "\u53a6\u95e8\u6f2b\u6e21\u6734\u820d\u8bbe\u8ba1\u578b\u6c11\u5bbf", "order_time": ["2019-01-21 20:48:52"], "total_order": 1, "hotel_value": ["5.0"], "hotel_price": ["212"]}, "2152627": {"hotel_name": "\u7f8e\u8c6a\u9152\u5e97(\u53a6\u95e8\u5e97)", "order_time": ["2019-01-21 20:48:52"], "total_order": 1, "hotel_value": ["4.7"], "hotel_price": ["298"]}, "472358": {"hotel_name": "\u53a6\u95e8\u6e29\u5c3c\u65af\u4f9d\u8bfa\u6d77\u6d77\u666f\u5ea6\u5047\u522b\u5885", "order_time": ["2019-01-21 20:48:52"], "total_order": 1, "hotel_value": ["4.9"], "hotel_price": ["556"]}, "470603": {"hotel_name": "\u53a6\u95e8\u745e\u63d0\u62c9\u9152\u5e97", "order_time": ["2019-01-21 20:48:52"], "total_order": 1, "hotel_value": ["4.5"], "hotel_price": ["299"]}, "28525229": {"hotel_name": "\u53a6\u95e8\u96c5\u7434\u4f73\u5c45\u516c\u5bd3", "order_time": ["2019-01-21 21:10:53", "2019-01-21 21:04:52", "2019-01-21 21:30:55", "2019-01-21 20:48:52"], "total_order": 4, "hotel_value": ["4.9", "4.9", "4.9", "4.9"], "hotel_price": ["104", "104", "104", "104"]}, "443638": {"hotel_name": "\u53a6\u95e8\u91d1\u6865\u82b1\u56ed\u9152\u5e97", "order_time": ["2019-01-21 20:48:52"], "total_order": 1, "hotel_value": ["4.5"], "hotel_price": ["292"]}, "6023163": {"hotel_name": "\u53a6\u95e8\u5c1a\u5fb7\u8363\u9152\u5e97", "order_time": ["2019-01-21 20:48:52"], "total_order": 1, "hotel_value": ["4.4"], "hotel_price": ["154"]}, "1317886": {"hotel_name": "\u53a6\u95e8\u81ea\u7531\u7a7a\u95f4\u8fde\u9501\u9152\u5e97", "order_time": ["2019-01-21 20:48:53"], "total_order": 1, "hotel_value": ["4.1"], "hotel_price": ["206"]}, "1893981": {"hotel_name": "\u53a6\u95e8\u9510\u00b7\u67cf\u8335\u9152\u5e97", "order_time": ["2019-01-21 20:48:53"], "total_order": 1, "hotel_value": ["4.4"], "hotel_price": ["170"]}, "2298925": {"hotel_name": "\u53a6\u95e8\u7d2b\u91d1\u5bbe\u9986", "order_time": ["2019-01-21 20:48:53"], "total_order": 1, "hotel_value": ["4.2"], "hotel_price": ["517"]}, "29197409": {"hotel_name": "\u9e97\u67ab\u9152\u5e97(\u53a6\u95e8\u73af\u5c9b\u8def\u89c2\u97f3\u5c71\u4f1a\u5c55\u4e2d\u5fc3\u5e97)", "order_time": ["2019-01-21 20:48:53"], "total_order": 1, "hotel_value": [0], "hotel_price": ["285"]}, "17384857": {"hotel_name": "\u53a6\u95e8\u7f8e\u9014\u96c5\u820d\u5546\u52a1\u9152\u5e97", "order_time": ["2019-01-21 20:48:53"], "total_order": 1, "hotel_value": ["4.0"], "hotel_price": ["150"]}, "848515": {"hotel_name": "\u53a6\u95e8\u9752\u82b1\u74f7\u5ea6\u5047\u5c4b(\u539f\u98ce\u60c5\u6d77\u6e7e\u5ba2\u6808)", "order_time": ["2019-01-21 20:48:53"], "total_order": 1, "hotel_value": ["4.8"], "hotel_price": ["94"]}, "6531873": {"hotel_name": "\u53a6\u95e8\u6469\u767b\u4e16\u5bb6\u8fde\u9501\u9152\u5e97\u706b\u8f66\u7ad9\u5e97", "order_time": ["2019-01-21 20:48:54", "2019-01-21 21:22:54"], "total_order": 2, "hotel_value": ["4.7", "4.7"], "hotel_price": ["108", "108"]}, "3293024": {"hotel_name": "\u53a6\u95e8\u8239\u5c4b\u8001\u522b\u5885\u5bb6\u5ead\u65c5\u9986", "order_time": ["2019-01-21 20:48:54"], "total_order": 1, "hotel_value": ["4.7"], "hotel_price": ["170"]}, "23946623": {"hotel_name": "\u53a6\u95e8\u8d77\u8dd1\u7ebf\u5ba2\u6808", "order_time": ["2019-01-21 20:48:54"], "total_order": 1, "hotel_value": ["4.9"], "hotel_price": ["103"]}, "439323": {"hotel_name": "\u9f13\u6d6a\u5c7f\u7231\u4e0a\u82b1\u56ed\u65c5\u9986", "order_time": ["2019-01-21 20:50:52"], "total_order": 1, "hotel_value": ["4.7"], "hotel_price": ["162"]}, "1410376": {"hotel_name": "\u82b1\u5ead\u65c5\u9986(\u9f13\u6d6a\u5c7f\u5b89\u6d77\u82b1\u56ed\u5e97)", "order_time": ["2019-01-21 20:50:52"], "total_order": 1, "hotel_value": ["4.6"], "hotel_price": ["899"]}, "1461631": {"hotel_name": "\u53a6\u95e8\u89c2\u6d77\u56ed\u5ba2\u6808(\u539f\u53a6\u95e8\u6d77\u8fb9\u7f18\u65c5\u9986)", "order_time": ["2019-01-21 20:50:53"], "total_order": 1, "hotel_value": ["4.8"], "hotel_price": ["99"]}, "708155": {"hotel_name": "\u53a6\u95e8\u6162\u751f\u6d3b\u00b7\u4e50\u5929\u5ba2\u6808", "order_time": ["2019-01-21 20:50:54", "2019-01-21 21:20:56"], "total_order": 2, "hotel_value": ["4.8", "4.8"], "hotel_price": ["113", "113"]}, "1315375": {"hotel_name": "\u53a6\u95e8\u82cf\u56ed\u00b7\u5929\u5c71\u6cc9\u9152\u5e97", "order_time": ["2019-01-21 20:52:54", "2019-01-21 21:02:53"], "total_order": 2, "hotel_value": ["4.5", "4.5"], "hotel_price": ["145", "145"]}, "1510329": {"hotel_name": "\u53a6\u95e8\u541b\u96c5\u5047\u65e5\u9152\u5e97", "order_time": ["2019-01-21 20:52:54"], "total_order": 1, "hotel_value": ["4.7"], "hotel_price": ["105"]}, "1486929": {"hotel_name": "\u6c49\u5ead\u4f18\u4f73\u9152\u5e97(\u53a6\u95e8\u4e2d\u5c71\u8def\u6b65\u884c\u8857\u5e97)", "order_time": ["2019-01-21 21:18:55", "2019-01-21 20:52:54"], "total_order": 2, "hotel_value": ["4.7", "4.7"], "hotel_price": ["271", "271"]}, "1405385": {"hotel_name": "\u6c49\u5ead\u9152\u5e97(\u53a6\u95e8\u96c6\u7f8e\u5927\u5b66\u5317\u5e97)", "order_time": ["2019-01-21 20:52:54"], "total_order": 1, "hotel_value": ["4.4"], "hotel_price": ["180"]}, "450155": {"hotel_name": "\u5982\u5bb6\u5feb\u6377\u9152\u5e97(\u53a6\u95e8\u4e2d\u5c71\u8def\u6e56\u6ee8\u897f\u8def\u5e97)", "order_time": ["2019-01-21 20:52:54"], "total_order": 1, "hotel_value": ["4.2"], "hotel_price": ["139"]}, "15683944": {"hotel_name": "\u53a6\u95e8\u5927\u5b66\u5fd7\u51ef\u4e4b\u5bb6\u5ba2\u6808", "order_time": ["2019-01-21 20:52:54"], "total_order": 1, "hotel_value": ["4.9"], "hotel_price": ["123"]}, "21785548": {"hotel_name": "\u53a6\u95e8\u749e\u5c1a\u9152\u5e97", "order_time": ["2019-01-21 20:52:54"], "total_order": 1, "hotel_value": ["4.8"], "hotel_price": ["1722"]}, "1498669": {"hotel_name": "\u53a6\u95e8\u5317\u7ad9\u548c\u798f\u5ba2\u6808", "order_time": ["2019-01-21 20:52:55"], "total_order": 1, "hotel_value": ["4.9"], "hotel_price": ["107"]}, "19517458": {"hotel_name": "\u53a6\u95e8\u601d\u5c7f\u9e6d", "order_time": ["2019-01-21 20:52:55"], "total_order": 1, "hotel_value": ["4.6"], "hotel_price": ["107"]}, "5788864": {"hotel_name": "\u53a6\u95e8\u5eb7\u83b1\u5fb7\u9152\u5e97", "order_time": ["2019-01-21 21:18:55", "2019-01-21 20:52:55"], "total_order": 2, "hotel_value": ["4.7", "4.7"], "hotel_price": ["1655", "1655"]}, "419537": {"hotel_name": "\u53a6\u95e8\u822a\u7a7a\u91d1\u96c1\u9152\u5e97", "order_time": ["2019-01-21 20:56:54", "2019-01-21 20:52:55"], "total_order": 2, "hotel_value": ["4.9", "4.9"], "hotel_price": ["658", "658"]}, "397577": {"hotel_name": "\u53a6\u95e8\u5b9d\u9f99\u94c2\u5c14\u66fc\u5927\u9152\u5e97", "order_time": ["2019-01-21 20:52:56"], "total_order": 1, "hotel_value": ["4.7"], "hotel_price": ["676"]}, "435030": {"hotel_name": "\u53a6\u95e8\u9f13\u6d6a\u5c7f\u6797\u6c0f\u5e9c\u516c\u9986\u9152\u5e97", "order_time": ["2019-01-21 20:52:56", "2019-01-21 20:54:54"], "total_order": 2, "hotel_value": ["4.8", "4.8"], "hotel_price": ["989", "989"]}, "1893295": {"hotel_name": "\u53a6\u95e8\u83b2\u5bcc\u5546\u52a1\u9152\u5e97", "order_time": ["2019-01-21 20:52:56"], "total_order": 1, "hotel_value": ["4.0"], "hotel_price": ["105"]}, "2290014": {"hotel_name": "\u53a6\u95e8\u541b\u6021\u9152\u5e97", "order_time": ["2019-01-21 20:54:54"], "total_order": 1, "hotel_value": ["4.7"], "hotel_price": ["256"]}, "1406188": {"hotel_name": "\u53a6\u95e8\u6b23\u4e91\u5cf0\u9152\u5e97", "order_time": ["2019-01-21 20:54:54"], "total_order": 1, "hotel_value": ["3.8"], "hotel_price": ["138"]}, "27833083": {"hotel_name": "\u53a6\u95e8\u968f\u5fc3\u9601\u516c\u5bd3", "order_time": ["2019-01-21 20:54:54"], "total_order": 1, "hotel_value": ["4.8"], "hotel_price": ["149"]}, "2169704": {"hotel_name": "\u53a6\u95e8\u5927\u5b6693\u5b66\u820d\u5ba2\u6808", "order_time": ["2019-01-21 20:54:54"], "total_order": 1, "hotel_value": ["4.7"], "hotel_price": ["93"]}, "431082": {"hotel_name": "\u53a6\u95e8\u548c\u60a6\u9152\u5e97", "order_time": ["2019-01-21 20:54:54"], "total_order": 1, "hotel_value": ["4.2"], "hotel_price": ["392"]}, "346262": {"hotel_name": "\u53a6\u95e8\u5a01\u65af\u6c40\u9152\u5e97", "order_time": ["2019-01-21 20:54:54"], "total_order": 1, "hotel_value": ["4.5"], "hotel_price": ["875"]}, "688782": {"hotel_name": "\u8bfa\u4e00\u9152\u5e97(\u53a6\u95e8\u4e2d\u5c71\u8def\u5e97)(\u539f\u9e6d\u8f89\u65c5\u9986)", "order_time": ["2019-01-21 20:54:56"], "total_order": 1, "hotel_value": ["3.7"], "hotel_price": ["78"]}, "898522": {"hotel_name": "\u6c49\u5ead\u9152\u5e97\uff08\u53a6\u95e8\u6587\u7076\u5730\u94c1\u7ad9\u5e97\uff09\uff08\u539f\u706b\u8f66\u7ad9\u6587\u7076\u5e97)", "order_time": ["2019-01-21 20:54:56"], "total_order": 1, "hotel_value": ["4.2"], "hotel_price": ["143"]}, "8587969": {"hotel_name": "\u53a6\u95e8\u5510\u4e50\u5c0f\u7b51(\u539f\u6021\u54c1\u5546\u65c5\u5bbe\u9986)", "order_time": ["2019-01-21 20:54:57"], "total_order": 1, "hotel_value": ["4.7"], "hotel_price": ["140"]}, "1406082": {"hotel_name": "\u53a6\u95e8\u8c37\u8010\u9152\u5e97(\u539f\u5174\u4e07\u666f\u9152\u5e97)", "order_time": ["2019-01-21 20:56:52"], "total_order": 1, "hotel_value": ["4.3"], "hotel_price": ["103"]}, "1583165": {"hotel_name": "\u5982\u5bb6\u5feb\u6377\u9152\u5e97(\u53a6\u95e8\u8f6e\u6e21\u4e2d\u5c71\u8def\u6b65\u884c\u8857\u5e97)", "order_time": ["2019-01-21 20:56:52"], "total_order": 1, "hotel_value": ["4.2"], "hotel_price": ["170"]}, "11828465": {"hotel_name": "\u53a6\u95e8\u66fe\u539d\u57b5\u91d1\u5c0f\u59d0\u6ee8\u6d77\u5ba2\u6808", "order_time": ["2019-01-21 20:56:52"], "total_order": 1, "hotel_value": ["4.8"], "hotel_price": ["83"]}, "19735131": {"hotel_name": "\u53a6\u95e8\u6cab\u5bd3\u9152\u5e97\u5f0f\u516c\u5bd3", "order_time": ["2019-01-21 20:56:53"], "total_order": 1, "hotel_value": ["4.8"], "hotel_price": ["127"]}, "13838033": {"hotel_name": "\u53a6\u95e8\u7fe1\u7fe0\u6e7e\u516c\u5bd3", "order_time": ["2019-01-21 20:56:54"], "total_order": 1, "hotel_value": ["4.8"], "hotel_price": ["192"]}, "932019": {"hotel_name": "\u5982\u5bb6\u5feb\u6377\u9152\u5e97(\u53a6\u95e8\u83b2\u5cb3\u8def\u677e\u67cf\u6587\u5316\u827a\u672f\u4e2d\u5fc3\u5e97)", "order_time": ["2019-01-21 20:56:54"], "total_order": 1, "hotel_value": ["4.3"], "hotel_price": ["111"]}, "8974594": {"hotel_name": "\u53a6\u95e8\u73ba\u4e30\u9152\u5e97", "order_time": ["2019-01-21 20:56:54"], "total_order": 1, "hotel_value": ["4.6"], "hotel_price": ["171"]}, "15878927": {"hotel_name": "\u53a6\u95e8\u5929\u5408\u4eba\u5bb6\u516c\u5bd3", "order_time": ["2019-01-21 20:56:54"], "total_order": 1, "hotel_value": ["4.8"], "hotel_price": ["114"]}, "429460": {"hotel_name": "\u57ce\u9645\u5546\u52a1\u9152\u5e97(\u53a6\u95e8\u777f\u5f18\u57ce\u9645\u4e2d\u5c71\u8def\u5e97)", "order_time": ["2019-01-21 20:56:54"], "total_order": 1, "hotel_value": ["4.1"], "hotel_price": ["91"]}, "11021977": {"hotel_name": "\u53a6\u95e8oneday\u5c9b\u5c7f\u8bbe\u8ba1\u5e08\u6c11\u5bbf", "order_time": ["2019-01-21 20:56:57"], "total_order": 1, "hotel_value": ["4.8"], "hotel_price": ["508"]}, "457612": {"hotel_name": "\u53a6\u95e8\u4e94\u7f18\u6c34\u4e61\u9152\u5e97", "order_time": ["2019-01-21 20:58:56"], "total_order": 1, "hotel_value": ["4.9"], "hotel_price": ["888"]}, "346269": {"hotel_name": "\u53a6\u95e8\u6e90\u660c\u51ef\u5bbe\u65af\u57fa\u5927\u9152\u5e97", "order_time": ["2019-01-21 20:58:56"], "total_order": 1, "hotel_value": ["4.7"], "hotel_price": ["913"]}, "375295": {"hotel_name": "\u53a6\u95e8\u7fd4\u9e6d\u56fd\u9645\u5927\u9152\u5e97", "order_time": ["2019-01-21 20:58:56"], "total_order": 1, "hotel_value": ["4.4"], "hotel_price": ["290"]}, "2088412": {"hotel_name": "\u9526\u6c5f\u4e4b\u661f(\u53a6\u95e8\u4f1a\u5c55\u4e2d\u5fc3\u73af\u5c9b\u8def\u5e97)", "order_time": ["2019-01-21 21:08:53", "2019-01-21 20:58:57"], "total_order": 2, "hotel_value": ["4.4", "4.4"], "hotel_price": ["227", "227"]}, "480925": {"hotel_name": "\u53a6\u95e8\u6728\u739b\u65f6\u5c1a\u7cbe\u54c1\u9152\u5e97", "order_time": ["2019-01-21 20:58:58"], "total_order": 1, "hotel_value": ["4.1"], "hotel_price": ["173"]}, "690163": {"hotel_name": "\u5168\u5b63\u9152\u5e97(\u53a6\u95e8\u673a\u573a\u6e56\u91cc\u5927\u9053\u5e97)", "order_time": ["2019-01-21 20:58:58", "2019-01-21 21:32:55"], "total_order": 2, "hotel_value": ["4.8", "4.8"], "hotel_price": ["341", "341"]}, "1669085": {"hotel_name": "\u4e00\u683c\u00b7\u6d77\u68e0\u7f8e\u5bbf(\u53a6\u95e8\u5927\u5b66\u5e97)", "order_time": ["2019-01-21 20:59:00"], "total_order": 1, "hotel_value": ["5.0"], "hotel_price": ["333"]}, "698202": {"hotel_name": "\u548c\u9890\u9152\u5e97(\u53a6\u95e8\u4e2d\u5c71\u8def\u6d77\u666f\u5e97)", "order_time": ["2019-01-21 21:00:53"], "total_order": 1, "hotel_value": ["4.7"], "hotel_price": ["293"]}, "21124626": {"hotel_name": "\u53a6\u95e8\u4e07\u749f\u8f69\u9152\u5e97", "order_time": ["2019-01-21 21:00:56", "2019-01-21 21:10:57"], "total_order": 2, "hotel_value": ["4.7", "4.7"], "hotel_price": ["221", "221"]}, "15718121": {"hotel_name": "\u53a6\u95e8\u66fe\u539d\u57b5\u4e00\u683c\u6816\u5bbf", "order_time": ["2019-01-21 21:00:56"], "total_order": 1, "hotel_value": ["4.9"], "hotel_price": ["289"]}, "6685467": {"hotel_name": "\u53a6\u95e8\u60a6\u6cca\u9152\u5e97", "order_time": ["2019-01-21 21:00:57"], "total_order": 1, "hotel_value": ["4.5"], "hotel_price": ["279"]}, "789775": {"hotel_name": "\u5408\u4f73\u9152\u5e97(\u53a6\u95e8\u5c06\u519b\u7960\u5730\u94c1\u7ad9\u5e97)", "order_time": ["2019-01-21 21:02:53"], "total_order": 1, "hotel_value": ["4.6"], "hotel_price": ["163"]}, "6599741": {"hotel_name": "\u6854\u5b50\u9152\u5e97\u00b7\u7cbe\u9009(\u53a6\u95e8\u4e2d\u5c71\u8def\u8f6e\u6e21\u7801\u5934\u5e97)(\u539f\u4e2d\u5c71\u8def\u6b65\u884c\u8857\u5e97)", "order_time": ["2019-01-21 21:16:53", "2019-01-21 21:02:53"], "total_order": 2, "hotel_value": ["4.8", "4.8"], "hotel_price": ["379", "179"]}, "6312273": {"hotel_name": "\u53a6\u95e8\u671b\u6d77\u697c\u5ea6\u5047\u522b\u5885", "order_time": ["2019-01-21 21:14:52", "2019-01-21 21:22:53", "2019-01-21 21:02:53"], "total_order": 3, "hotel_value": ["4.9", "4.9", "4.9"], "hotel_price": ["98", "98", "98"]}, "12092426": {"hotel_name": "\u53a6\u95e8\u91d1\u5c0f\u59d0\u522b\u9662(\u539f\u9999\u683c\u91cc\u5885\u5ea6\u5047\u5e84\u56ed)", "order_time": ["2019-01-21 21:02:53"], "total_order": 1, "hotel_value": ["4.9"], "hotel_price": ["151"]}, "1541918": {"hotel_name": "\u53a6\u95e8\u6d77\u65c5\u6559\u5e08\u9152\u5e97", "order_time": ["2019-01-21 21:02:53"], "total_order": 1, "hotel_value": ["4.5"], "hotel_price": ["268"]}, "2279530": {"hotel_name": "\u53a6\u95e8\u5982\u5f52\u5c0f\u7b51", "order_time": ["2019-01-21 21:30:55", "2019-01-21 21:02:53"], "total_order": 2, "hotel_value": ["4.7", "4.7"], "hotel_price": ["92", "92"]}, "1938588": {"hotel_name": "\u53a6\u95e8OTS\u8bbe\u8ba1\u578b\u6c11\u5bbf", "order_time": ["2019-01-21 21:32:56", "2019-01-21 21:02:53"], "total_order": 2, "hotel_value": ["4.9", "4.9"], "hotel_price": ["153", "153"]}, "6442457": {"hotel_name": "\u9f13\u6d6a\u5c7f\u6709\u68f5\u6811\u00b7\u65e0\u5c9a\u9152\u5e97", "order_time": ["2019-01-21 21:02:53"], "total_order": 1, "hotel_value": ["4.8"], "hotel_price": ["1253"]}, "2303793": {"hotel_name": "\u53a6\u95e8\u946b\u5b89\u5b9a\u65c5\u9986(\u539f\u5b89\u5b9a\u9152\u5e97(\u53a6\u95e8\u4e2d\u5c71\u8def\u5e97))", "order_time": ["2019-01-21 21:02:53"], "total_order": 1, "hotel_value": ["4.3"], "hotel_price": ["123"]}, "2475059": {"hotel_name": "\u9f13\u6d6a\u5c7f\u7396\u8d30\u57ce\u5821\u522b\u5885\u5ea6\u5047\u9152\u5e97", "order_time": ["2019-01-21 21:02:53"], "total_order": 1, "hotel_value": ["4.8"], "hotel_price": ["292"]}, "436728": {"hotel_name": "\u53a6\u95e8\u9f13\u6d6a\u5c7f\u82b1\u4e4b\u58f0\u65c5\u9986", "order_time": ["2019-01-21 21:02:53"], "total_order": 1, "hotel_value": ["4.6"], "hotel_price": ["204"]}, "2611150": {"hotel_name": "\u4f73\u6a59\u9152\u5e97(\u53a6\u95e8\u678b\u6e56\u8f66\u7ad9\u5e97)", "order_time": ["2019-01-21 21:02:53"], "total_order": 1, "hotel_value": ["4.2"], "hotel_price": ["92"]}, "6955152": {"hotel_name": "\u53a6\u95e8\u541b\u96c5\u65f6\u5c1a\u9152\u5e97(\u539f\u4e98\u91d1\u9152\u5e97)", "order_time": ["2019-01-21 21:02:53"], "total_order": 1, "hotel_value": ["4.8"], "hotel_price": ["74"]}, "6470572": {"hotel_name": "\u53a6\u95e8\u6709\u95f4\u623f\u5b50\u8bbe\u8ba1\u5e08\u6c11\u5bbf", "order_time": ["2019-01-21 21:08:54", "2019-01-21 21:02:54"], "total_order": 2, "hotel_value": ["4.6", "4.6"], "hotel_price": ["170", "280"]}, "483838": {"hotel_name": "\u53a6\u95e8\u7a7a\u6e2f\u4f70\u7fd4\u82b1\u56ed\u9152\u5e97", "order_time": ["2019-01-21 21:28:53", "2019-01-21 21:12:52", "2019-01-21 21:02:54", "2019-01-21 21:04:54"], "total_order": 4, "hotel_value": ["4.5", "4.5", "4.5", "4.5"], "hotel_price": ["292", "292", "292", "292"]}, "6247525": {"hotel_name": "\u53a6\u95e8\u96c6\u7f8e\u5927\u5b66\u4e9a\u6735\u9152\u5e97(\u539f\u96c6\u5927\u5bbe\u9986)", "order_time": ["2019-01-21 21:14:52", "2019-01-21 21:22:52", "2019-01-21 21:02:54"], "total_order": 3, "hotel_value": ["4.9", "4.9", "4.9"], "hotel_price": ["369", "369", "369"]}, "1486948": {"hotel_name": "\u6c49\u5ead\u9152\u5e97(\u53a6\u95e8\u4e2d\u5c71\u8def\u8f6e\u6e21\u5e97)", "order_time": ["2019-01-21 21:02:54"], "total_order": 1, "hotel_value": ["4.4"], "hotel_price": ["187"]}, "440397": {"hotel_name": "\u7231\u4e01\u5821\u9152\u5e97(\u53a6\u95e8\u53a6\u9f13\u7801\u5934\u5e97)(\u539f\u9890\u9526\u9152\u5e97)", "order_time": ["2019-01-21 21:02:54"], "total_order": 1, "hotel_value": ["4.5"], "hotel_price": ["99"]}, "4542456": {"hotel_name": "\u53a6\u95e8\u5409\u946b\u516c\u5bd3", "order_time": ["2019-01-21 21:02:54"], "total_order": 1, "hotel_value": ["4.3"], "hotel_price": ["76"]}, "4825239": {"hotel_name": "\u53a6\u95e8\u5317\u7ad9\u5317\u7eac\u5ba2\u6808", "order_time": ["2019-01-21 21:02:55"], "total_order": 1, "hotel_value": ["4.2"], "hotel_price": ["76"]}, "2135037": {"hotel_name": "\u4f0a\u4eba\u6d77\u65c5\u9986(\u53a6\u95e8\u9f13\u6d6a\u5c7f\u798f\u5dde\u8def\u5e97)", "order_time": ["2019-01-21 21:02:55"], "total_order": 1, "hotel_value": ["4.7"], "hotel_price": ["202"]}, "1675346": {"hotel_name": "\u53a6\u95e8\u89c2\u5c71\u6d77\u5ba2\u6808", "order_time": ["2019-01-21 21:02:58"], "total_order": 1, "hotel_value": ["4.8"], "hotel_price": ["73"]}, "26407280": {"hotel_name": "\u53a6\u95e8\u5c7f\u4e0a\u522b\u539d\u5ba2\u6808", "order_time": ["2019-01-21 21:02:59"], "total_order": 1, "hotel_value": ["4.9"], "hotel_price": ["58"]}, "25633183": {"hotel_name": "\u5fc3\u8fdc\u9152\u5e97(\u53a6\u95e8\u8f6e\u6e21\u4e2d\u5c71\u8def\u6b65\u884c\u8857\u5e97)", "order_time": ["2019-01-21 21:04:52"], "total_order": 1, "hotel_value": ["4.5"], "hotel_price": ["191"]}, "771600": {"hotel_name": "\u53a6\u95e8\u6676\u88d5\u5546\u52a1\u9152\u5e97", "order_time": ["2019-01-21 21:04:52"], "total_order": 1, "hotel_value": ["4.1"], "hotel_price": ["110"]}, "13985423": {"hotel_name": "\u53a6\u95e8\u4e00\u5e2d\u00b7\u9752\u5ddd\u6d77\u666f\u9a7f\u6808", "order_time": ["2019-01-21 21:32:55", "2019-01-21 21:04:52"], "total_order": 2, "hotel_value": ["4.9", "4.9"], "hotel_price": ["354", "354"]}, "6483590": {"hotel_name": "\u53a6\u95e8\u5fbd\u5bbf", "order_time": ["2019-01-21 21:26:53", "2019-01-21 21:04:52", "2019-01-21 21:16:52"], "total_order": 3, "hotel_value": ["4.8", "4.8", "4.8"], "hotel_price": ["250", "250", "250"]}, "481710": {"hotel_name": "\u9526\u6c5f\u4e4b\u661f(\u53a6\u95e8\u706b\u8f66\u7ad9\u5e97)(\u539f\u4e1c\u6d66\u8def\u5e97)", "order_time": ["2019-01-21 21:04:53"], "total_order": 1, "hotel_value": ["4.4"], "hotel_price": ["113"]}, "5840745": {"hotel_name": "\u53a6\u95e8\u5317\u7ad9\u9752\u9038\u9152\u5e97", "order_time": ["2019-01-21 21:04:53"], "total_order": 1, "hotel_value": ["4.3"], "hotel_price": ["211"]}, "12091233": {"hotel_name": "\u53a6\u95e8\u6816\u9690\u5ea6\u5047\u6c11\u5bbf", "order_time": ["2019-01-21 21:04:53"], "total_order": 1, "hotel_value": ["5.0"], "hotel_price": ["223"]}, "800402": {"hotel_name": "\u53a6\u95e8\u8363\u6e90\u4e3b\u9898\u9152\u5e97", "order_time": ["2019-01-21 21:04:53"], "total_order": 1, "hotel_value": ["4.9"], "hotel_price": ["264"]}, "1417342": {"hotel_name": "\u53a6\u95e8\u7231\u7b51\u65f6\u5c1a\u7cbe\u54c1\u60c5\u4fa3\u4e3b\u9898\u9152\u5e97", "order_time": ["2019-01-21 21:04:53"], "total_order": 1, "hotel_value": ["4.5"], "hotel_price": ["190"]}, "2313328": {"hotel_name": "\u5982\u5bb6\u5feb\u6377\u9152\u5e97(\u53a6\u95e8\u673a\u573a\u9a6c\u5785\u5e97)", "order_time": ["2019-01-21 21:32:55", "2019-01-21 21:04:53"], "total_order": 2, "hotel_value": ["4.5", "4.5"], "hotel_price": ["170", "170"]}, "1230104": {"hotel_name": "\u53a6\u95e8\u63a2\u7d22\u9152\u5e97", "order_time": ["2019-01-21 21:04:53"], "total_order": 1, "hotel_value": ["4.5"], "hotel_price": ["538"]}, "447308": {"hotel_name": "\u9014\u7a9d\u5047\u65e5\u9152\u5e97(\u53a6\u95e8\u9f13\u6d6a\u5c7f\u5e97)(\u539f\u9f13\u6d6a\u5c7f\u7f8e\u65e5\u9633\u5149\u65c5\u9986)", "order_time": ["2019-01-21 21:04:53"], "total_order": 1, "hotel_value": ["4.6"], "hotel_price": ["238"]}, "1771637": {"hotel_name": "\u53a6\u95e8\u6d77\u5854\u4e4b\u661f\u6d77\u8fb9\u4e3b\u9898\u5ba2\u6808", "order_time": ["2019-01-21 21:04:53"], "total_order": 1, "hotel_value": ["4.8"], "hotel_price": ["76"]}, "6599503": {"hotel_name": "\u53a6\u95e8\u7396\u5bab\u9601\u6c11\u5bbf", "order_time": ["2019-01-21 21:04:54"], "total_order": 1, "hotel_value": ["4.9"], "hotel_price": ["108"]}, "18078653": {"hotel_name": "\u53a6\u95e8cool\u70af\u590d\u5f0floft\u516c\u5bd3", "order_time": ["2019-01-21 21:04:54"], "total_order": 1, "hotel_value": [0], "hotel_price": ["232"]}, "429652": {"hotel_name": "\u590f\u5546\u00b7\u6021\u5ead\u5feb\u6377\u9152\u5e97(\u53a6\u95e8\u4e2d\u5c71\u8def\u767d\u5170\u5e97)", "order_time": ["2019-01-21 21:04:54"], "total_order": 1, "hotel_value": ["4.4"], "hotel_price": ["178"]}, "701742": {"hotel_name": "\u901f8\u9152\u5e97(\u53a6\u95e8\u4e2d\u5c71\u8def\u53a6\u95e8\u5927\u5b66\u5e97)", "order_time": ["2019-01-21 21:22:52", "2019-01-21 21:04:54", "2019-01-21 21:26:54"], "total_order": 3, "hotel_value": ["4.6", "4.6", "4.6"], "hotel_price": ["181", "181", "181"]}, "15849666": {"hotel_name": "\u5168\u5b63\u9152\u5e97(\u53a6\u95e8\u5317\u7ad9\u674f\u6797\u6e7e\u8def\u5e97)", "order_time": ["2019-01-21 21:04:54"], "total_order": 1, "hotel_value": ["4.7"], "hotel_price": ["284"]}, "2298885": {"hotel_name": "\u53a6\u95e8\u9f13\u6d6a\u5c7f\u6d77\u534e\u5ea6\u5047\u5c4b", "order_time": ["2019-01-21 21:06:56"], "total_order": 1, "hotel_value": ["5.0"], "hotel_price": ["329"]}, "12052834": {"hotel_name": "\u53a6\u95e8oneday\u6d77\u7720\u8bbe\u8ba1\u5e08\u9152\u5e97", "order_time": ["2019-01-21 21:06:56"], "total_order": 1, "hotel_value": ["4.6"], "hotel_price": ["328"]}, "1860898": {"hotel_name": "\u901f8\u9152\u5e97(\u53a6\u95e8\u540c\u5b89\u5e97)", "order_time": ["2019-01-21 21:08:52", "2019-01-21 21:10:53"], "total_order": 2, "hotel_value": ["4.2", "4.2"], "hotel_price": ["167", "167"]}, "5979762": {"hotel_name": "\u53a6\u95e8\u5927\u5b66\u4e91\u4e0a\u6d77\u5c45", "order_time": ["2019-01-21 21:08:53", "2019-01-21 21:14:52"], "total_order": 2, "hotel_value": ["4.8", "4.8"], "hotel_price": ["396", "396"]}, "346264": {"hotel_name": "\u53a6\u95e8\u827e\u7f8e\u9152\u5e97", "order_time": ["2019-01-21 21:08:53", "2019-01-21 21:18:55", "2019-01-21 21:24:56"], "total_order": 3, "hotel_value": ["4.7", "4.7", "4.7"], "hotel_price": ["884", "884", "884"]}, "22762359": {"hotel_name": "\u53a6\u95e8\u9e6d\u5bbf\u516c\u5bd3", "order_time": ["2019-01-21 21:08:53"], "total_order": 1, "hotel_value": ["4.7"], "hotel_price": ["104"]}, "11682257": {"hotel_name": "\u53a6\u95e8\u4f73\u6e90\u516c\u5bd3\u673a\u573a\u5e97", "order_time": ["2019-01-21 21:08:53"], "total_order": 1, "hotel_value": ["4.9"], "hotel_price": ["84"]}, "2012734": {"hotel_name": "\u53a6\u95e8\u51e4\u7965\u5546\u52a1\u5bbe\u9986", "order_time": ["2019-01-21 21:08:53"], "total_order": 1, "hotel_value": ["4.4"], "hotel_price": ["123"]}, "1816339": {"hotel_name": "\u6c49\u5ead\u9152\u5e97(\u53a6\u95e8\u4e2d\u5c71\u8def\u6b65\u884c\u8857\u5e97)", "order_time": ["2019-01-21 21:08:53"], "total_order": 1, "hotel_value": ["4.5"], "hotel_price": ["179"]}, "11784803": {"hotel_name": "\u53a6\u95e8\u7fd4\u5b89\u5bb6\u548c\u4e3d\u666f\u516c\u5bd3", "order_time": ["2019-01-21 21:08:53"], "total_order": 1, "hotel_value": ["4.7"], "hotel_price": ["83"]}, "4424281": {"hotel_name": "\u53a6\u95e8\u6f58\u6735\u62c9\u6d77\u666f\u82d1\u5ba2\u6808(\u539f\u84dd\u8272\u5c0f\u5c4b\u5ba2\u6808)", "order_time": ["2019-01-21 21:08:53"], "total_order": 1, "hotel_value": ["4.9"], "hotel_price": ["156"]}, "879510": {"hotel_name": "\u53a6\u95e8\u5361\u6885\u8389\u4e9a\u5ba2\u6808", "order_time": ["2019-01-21 21:08:54"], "total_order": 1, "hotel_value": ["4.4"], "hotel_price": ["109"]}, "1423107": {"hotel_name": "\u4eb2\u7684\u5ba2\u6808\u00b7\u53a6\u95e8\u9648\u767d\u9a6c\u5e97(\u539f\u9648\u767d\u9a6c\u9152\u5427\u5ba2\u6808)", "order_time": ["2019-01-21 21:08:54"], "total_order": 1, "hotel_value": ["4.3"], "hotel_price": ["83"]}, "858891": {"hotel_name": "\u53a6\u95e8\u53f3\u7c73\u6c11\u5bbf(\u539f\u54e6\u53ed\u5ba2\u6808)", "order_time": ["2019-01-21 21:08:54"], "total_order": 1, "hotel_value": ["4.9"], "hotel_price": ["125"]}, "1733885": {"hotel_name": "\u53a6\u95e8\u4e00\u683c\u00b7\u5982\u6ea2\u9152\u5e97", "order_time": ["2019-01-21 21:08:55"], "total_order": 1, "hotel_value": ["4.7"], "hotel_price": ["269"]}, "1480877": {"hotel_name": "\u53a6\u95e8\u9752\u5e74\u9633\u5149\u9152\u5e97(\u52a0\u5dde\u5e7f\u573a\u5e97)", "order_time": ["2019-01-21 21:24:54", "2019-01-21 21:10:53"], "total_order": 2, "hotel_value": ["4.4", "4.4"], "hotel_price": ["163", "163"]}, "4814798": {"hotel_name": "\u53a6\u95e8\u9f13\u6d6a\u5c7f\u6162\u5c4b\u5ea6\u5047\u522b\u5885", "order_time": ["2019-01-21 21:10:53"], "total_order": 1, "hotel_value": ["4.8"], "hotel_price": ["370"]}, "1389206": {"hotel_name": "\u9526\u6c5f\u4e4b\u661f(\u53a6\u95e8\u79be\u7965\u897f\u8def\u767d\u9e6d\u6d32\u5e97)", "order_time": ["2019-01-21 21:10:53"], "total_order": 1, "hotel_value": ["4.4"], "hotel_price": ["119"]}, "11536253": {"hotel_name": "\u53a6\u95e8\u6765\u5fc5\u5c45\u9152\u5e97", "order_time": ["2019-01-21 21:10:55"], "total_order": 1, "hotel_value": ["4.8"], "hotel_price": ["78"]}, "1623412": {"hotel_name": "\u6c49\u5ead\u9152\u5e97(\u53a6\u95e8\u767d\u9e6d\u6d32\u8def\u5e97)", "order_time": ["2019-01-21 21:10:55"], "total_order": 1, "hotel_value": ["4.1"], "hotel_price": ["124"]}, "15899938": {"hotel_name": "\u53a6\u95e8\u6e90\u9999\u9601\u5ba2\u6808", "order_time": ["2019-01-21 21:10:58"], "total_order": 1, "hotel_value": ["3.5"], "hotel_price": ["106"]}, "5903250": {"hotel_name": "\u53a6\u95e8\u6e29\u838e\u516c\u4e3b\u57ce\u5821\u5e84\u56ed", "order_time": ["2019-01-21 21:12:52"], "total_order": 1, "hotel_value": ["4.8"], "hotel_price": ["108"]}, "470613": {"hotel_name": "\u53a6\u95e8\u65b0\u4e2d\u6797\u5927\u9152\u5e97", "order_time": ["2019-01-21 21:12:52"], "total_order": 1, "hotel_value": ["4.3"], "hotel_price": ["332"]}, "2284337": {"hotel_name": "\u53a6\u95e8\u6d77\u5de2\u9752\u5e74\u65c5\u9986", "order_time": ["2019-01-21 21:16:54", "2019-01-21 21:12:53"], "total_order": 2, "hotel_value": ["4.9", "4.9"], "hotel_price": ["126", "126"]}, "11216536": {"hotel_name": "\u53a6\u95e8\u5fc3\u6e56\u60a6\u7a7a\u95f4\u6c11\u5bbf", "order_time": ["2019-01-21 21:12:53"], "total_order": 1, "hotel_value": ["4.7"], "hotel_price": ["203"]}, "483477": {"hotel_name": "\u7f57\u671b\u00b7\u53a6\u95e8\u9f13\u6d6a\u5c7f\u5317\u5c7f\u9152\u5e97", "order_time": ["2019-01-21 21:14:52"], "total_order": 1, "hotel_value": ["4.6"], "hotel_price": ["671"]}, "436711": {"hotel_name": "\u53a6\u95e8\u9f13\u6d6a\u5c7f\u6caa\u5c7f\u65c5\u9986", "order_time": ["2019-01-21 21:14:52"], "total_order": 1, "hotel_value": ["5.0"], "hotel_price": ["200"]}, "21132146": {"hotel_name": "\u5929\u57fa\u5fa1\u5ead\u9152\u5e97(\u53a6\u95e8\u83b2\u5742\u5730\u94c1\u7ad9\u5e97)", "order_time": ["2019-01-21 21:14:52"], "total_order": 1, "hotel_value": ["4.8"], "hotel_price": ["132"]}, "1341569": {"hotel_name": "\u53a6\u95e8\u9f13\u6d6a\u5c7f\u9ec4\u80dc\u8bb0\u65c5\u9986", "order_time": ["2019-01-21 21:14:52"], "total_order": 1, "hotel_value": ["4.7"], "hotel_price": ["247"]}, "6477755": {"hotel_name": "\u53a6\u95e8\u9f13\u6d6a\u5c7f\u8336\u8bed\u65f6\u5149\u94a2\u7434\u65c5\u9986", "order_time": ["2019-01-21 21:14:52"], "total_order": 1, "hotel_value": ["4.8"], "hotel_price": ["78"]}, "445336": {"hotel_name": "\u5b9c\u5c1a\u9152\u5e97(\u53a6\u95e8\u706b\u8f66\u7ad9\u5e97)", "order_time": ["2019-01-21 21:14:52", "2019-01-21 21:22:52"], "total_order": 2, "hotel_value": ["4.8", "4.8"], "hotel_price": ["265", "265"]}, "2380650": {"hotel_name": "\u683c\u6797\u8054\u76df\u9152\u5e97(\u53a6\u95e8\u704c\u53e3\u5e97)", "order_time": ["2019-01-21 21:14:53"], "total_order": 1, "hotel_value": ["4.3"], "hotel_price": ["213"]}, "434812": {"hotel_name": "\u53a6\u95e8\u65e5\u6708\u8c37\u6e29\u6cc9\u6e21\u5047\u6751", "order_time": ["2019-01-21 21:16:52"], "total_order": 1, "hotel_value": ["4.7"], "hotel_price": ["908"]}, "437770": {"hotel_name": "\u53a6\u95e8\u79be\u6b63\u5927\u9152\u5e97", "order_time": ["2019-01-21 21:16:52"], "total_order": 1, "hotel_value": ["4.2"], "hotel_price": ["138"]}, "470600": {"hotel_name": "\u53a6\u95e8\u9f13\u6d6a\u5c7f\u56fd\u738b\u76d2\u5b50\u5ea6\u5047\u5c4b", "order_time": ["2019-01-21 21:16:53"], "total_order": 1, "hotel_value": ["4.7"], "hotel_price": ["688"]}, "11893099": {"hotel_name": "\u53a6\u95e8\u4e00\u5b85\u8bbe\u8ba1\u5e08\u6c11\u5bbf", "order_time": ["2019-01-21 21:16:53"], "total_order": 1, "hotel_value": ["4.2"], "hotel_price": ["238"]}, "1735109": {"hotel_name": "\u53a6\u95e8\u5e0c\u9601\u82b1\u56ed\u9152\u5e97(\u539f\u5e0c\u9601\u9152\u5e97)", "order_time": ["2019-01-21 21:16:53"], "total_order": 1, "hotel_value": ["4.7"], "hotel_price": ["276"]}, "2382631": {"hotel_name": "\u53a6\u95e8\u6e56\u8fb9\u5c0f\u5c45\u516c\u5bd3", "order_time": ["2019-01-21 21:16:54"], "total_order": 1, "hotel_value": ["4.2"], "hotel_price": ["93"]}, "5701956": {"hotel_name": "\u53a6\u95e8\u9038\u8f69\u516c\u5bd3", "order_time": ["2019-01-21 21:16:54"], "total_order": 1, "hotel_value": ["4.3"], "hotel_price": ["113"]}, "1998645": {"hotel_name": "\u503e\u5bbf\u5ba2\u6808(\u53a6\u95e8\u66fe\u539d\u57b5\u53a6\u5927\u5e97)(\u539f\u6d77\u89d210\u53f7\u4e3b\u9898\u5ba2\u6808)", "order_time": ["2019-01-21 21:16:54"], "total_order": 1, "hotel_value": ["4.3"], "hotel_price": ["126"]}, "2241046": {"hotel_name": "\u4e2d\u5357\u6e7e\u9152\u5e97(\u53a6\u95e8\u4e2d\u5c71\u8def\u5e97)", "order_time": ["2019-01-21 21:30:59", "2019-01-21 21:16:56"], "total_order": 2, "hotel_value": ["4.0", "4.0"], "hotel_price": ["133", "133"]}, "483805": {"hotel_name": "\u53a6\u95e8\u6ee8\u5317\u9890\u8c6a\u9152\u5e97", "order_time": ["2019-01-21 21:18:55"], "total_order": 1, "hotel_value": ["4.8"], "hotel_price": ["458"]}, "431557": {"hotel_name": "\u901f8\u9152\u5e97(\u53a6\u95e8\u4e2d\u5c71\u8def\u8f6e\u6e21\u5e97)", "order_time": ["2019-01-21 21:32:55", "2019-01-21 21:18:55"], "total_order": 2, "hotel_value": ["4.4", "4.4"], "hotel_price": ["133", "133"]}, "2624108": {"hotel_name": "\u53a6\u95e8\u5e0c\u5c14\u987f\u9038\u6797\u9152\u5e97", "order_time": ["2019-01-21 21:24:54", "2019-01-21 21:18:55"], "total_order": 2, "hotel_value": ["4.7", "4.7"], "hotel_price": ["665", "665"]}, "436725": {"hotel_name": "\u6768\u6843\u9662\u5b50\u65c5\u9986(\u9f13\u6d6a\u5c7f\u5b89\u6d77\u82b1\u56ed\u5e97)", "order_time": ["2019-01-21 21:18:55"], "total_order": 1, "hotel_value": ["4.7"], "hotel_price": ["298"]}, "5774684": {"hotel_name": "\u53a6\u95e8\u5c1a\u9526\u56ed\u9152\u5e97", "order_time": ["2019-01-21 21:18:55"], "total_order": 1, "hotel_value": ["4.2"], "hotel_price": ["160"]}, "856544": {"hotel_name": "\u91d1\u6653\u9152\u5e97(\u53a6\u95e8\u5415\u539d\u5730\u94c1\u7ad9\u5e97)", "order_time": ["2019-01-21 21:18:55"], "total_order": 1, "hotel_value": ["4.5"], "hotel_price": ["125"]}, "5639861": {"hotel_name": "\u53a6\u95e8\u66fe\u539d\u57b5\u63fd\u6d77\u542c\u98ce\u56fd\u9645\u9752\u5e74\u65c5\u820d", "order_time": ["2019-01-21 21:18:55"], "total_order": 1, "hotel_value": ["4.7"], "hotel_price": ["45"]}, "439457": {"hotel_name": "\u53a6\u95e8\u6676\u73d1\u5927\u9152\u5e97", "order_time": ["2019-01-21 21:18:55"], "total_order": 1, "hotel_value": ["4.3"], "hotel_price": ["330"]}, "3178165": {"hotel_name": "\u53a6\u95e8\u68a6\u5e7b\u6d77\u6e7e\u9152\u5e97", "order_time": ["2019-01-21 21:18:55"], "total_order": 1, "hotel_value": ["4.6"], "hotel_price": ["218"]}, "2298479": {"hotel_name": "\u6c49\u5ead\u9152\u5e97(\u53a6\u95e8\u540c\u5b89\u73af\u57ce\u5357\u8def\u5e97)", "order_time": ["2019-01-21 21:18:55"], "total_order": 1, "hotel_value": ["4.4"], "hotel_price": ["161"]}, "708137": {"hotel_name": "\u53a6\u95e8\u5885\u5c7f\u7cbe\u54c1\u6c11\u5bbf", "order_time": ["2019-01-21 21:18:56"], "total_order": 1, "hotel_value": ["4.9"], "hotel_price": ["238"]}, "11648449": {"hotel_name": "\u53a6\u95e8\u7d20\u516e.\u6d77\u8fb9\u5ea6\u5047\u5ba2\u6808(\u539f\u897f\u95e8\u753a\u7cbe\u54c1\u6c11\u5bbf)", "order_time": ["2019-01-21 21:18:56", "2019-01-21 21:20:57"], "total_order": 2, "hotel_value": [0, 0], "hotel_price": ["69", "69"]}, "4825266": {"hotel_name": "\u53a6\u95e8\u7ea2\u53f6\u7cbe\u54c1\u9152\u5e97\u516c\u5bd3", "order_time": ["2019-01-21 21:18:56"], "total_order": 1, "hotel_value": ["4.5"], "hotel_price": ["135"]}, "24032125": {"hotel_name": "\u53a6\u95e8\u9759\u5fc3\u5c45\u65c5\u9986", "order_time": ["2019-01-21 21:18:56"], "total_order": 1, "hotel_value": ["4.5"], "hotel_price": ["103"]}, "21927799": {"hotel_name": "\u53a6\u95e8\u9999\u53d9\u9152\u5e97", "order_time": ["2019-01-21 21:18:57"], "total_order": 1, "hotel_value": ["5.0"], "hotel_price": ["274"]}, "2871244": {"hotel_name": "\u53a6\u95e8\u9f13\u6d6a\u5c7f\u82b1\u95f4\u6811\u91cc\u5ead\u9662\u5ba2\u6808", "order_time": ["2019-01-21 21:18:57"], "total_order": 1, "hotel_value": ["4.7"], "hotel_price": ["194"]}, "1298769": {"hotel_name": "\u53a6\u95e8\u5df4\u514b\u62c9\u6982\u5ff5\u9152\u5e97", "order_time": ["2019-01-21 21:20:56"], "total_order": 1, "hotel_value": ["4.6"], "hotel_price": ["198"]}, "1434905": {"hotel_name": "\u9752\u5e74\u9633\u5149\u9152\u5e97(\u53a6\u95e8\u8f6e\u6e21\u5e97)", "order_time": ["2019-01-21 21:20:56"], "total_order": 1, "hotel_value": ["4.5"], "hotel_price": ["109"]}, "10220748": {"hotel_name": "\u5e0c\u5cb8\u9152\u5e97(\u53a6\u95e8\u673a\u573a\u678b\u6e56\u5ba2\u8fd0\u4e2d\u5fc3\u5e97)", "order_time": ["2019-01-21 21:20:57"], "total_order": 1, "hotel_value": ["4.7"], "hotel_price": ["260"]}, "438257": {"hotel_name": "\u53a6\u95e8\u946b\u540d\u95e8\u82b1\u56ed\u9152\u5e97(\u539f\u5361\u5c14\u66fc\u9152\u5e97)", "order_time": ["2019-01-21 21:20:57"], "total_order": 1, "hotel_value": ["4.3"], "hotel_price": ["231"]}, "779669": {"hotel_name": "\u6d77\u53cb\u826f\u54c1\u9152\u5e97(\u53a6\u95e8SM\u5e7f\u573a\u53f0\u6e7e\u8857\u5e97)", "order_time": ["2019-01-21 21:20:57"], "total_order": 1, "hotel_value": ["4.4"], "hotel_price": ["119"]}, "1485274": {"hotel_name": "\u53a6\u95e8\u590f\u82b1\u5982\u96ea\u6c11\u5bbf(\u539f\u9ec4\u539d\u6d77\u666f\u65c5\u793e)", "order_time": ["2019-01-21 21:20:57"], "total_order": 1, "hotel_value": ["4.9"], "hotel_price": ["100"]}, "23799612": {"hotel_name": "\u53a6\u95e8\u5df4\u9ece\u5ea6\u5047\u5c4b", "order_time": ["2019-01-21 21:20:57"], "total_order": 1, "hotel_value": ["5.0"], "hotel_price": ["88"]}, "2305457": {"hotel_name": "\u53a6\u95e8\u9f13\u6d6a\u5c7f\u6c99\u9e25\u5c45\u5ba2\u6808", "order_time": ["2019-01-21 21:20:58"], "total_order": 1, "hotel_value": ["4.8"], "hotel_price": ["183"]}, "5982442": {"hotel_name": "\u53a6\u95e8\u52aa\u52aa\u9752\u5e74\u65c5\u820d", "order_time": ["2019-01-21 21:20:58"], "total_order": 1, "hotel_value": ["4.7"], "hotel_price": ["56"]}, "6763972": {"hotel_name": "\u53a6\u95e8\u5317\u7ad9\u66fc\u5df4\u9152\u5e97", "order_time": ["2019-01-21 21:22:52"], "total_order": 1, "hotel_value": ["4.7"], "hotel_price": ["168"]}, "1727502": {"hotel_name": "\u53a6\u95e8\u9f13\u6d6a\u5c7f\u9f13\u5c71\u6816\u65c5\u9986", "order_time": ["2019-01-21 21:22:52", "2019-01-21 21:30:55"], "total_order": 2, "hotel_value": ["4.8", "4.8"], "hotel_price": ["888", "888"]}, "1926659": {"hotel_name": "\u53a6\u95e8\u5eb7\u6052\u6021\u666f\u9152\u5e97", "order_time": ["2019-01-21 21:22:53"], "total_order": 1, "hotel_value": ["4.1"], "hotel_price": ["105"]}, "976678": {"hotel_name": "\u5982\u5bb6\u7cbe\u9009\u9152\u5e97(\u53a6\u95e8\u83b2\u5742\u660e\u53d1\u5546\u4e1a\u5e7f\u573a\u5e97)", "order_time": ["2019-01-21 21:22:53"], "total_order": 1, "hotel_value": ["4.7"], "hotel_price": ["274"]}, "1543921": {"hotel_name": "\u53a6\u95e8\u6d77\u8fb9\u4e4b\u604b\u5ba2\u6808", "order_time": ["2019-01-21 21:22:56"], "total_order": 1, "hotel_value": ["3.8"], "hotel_price": ["168"]}, "22421704": {"hotel_name": "\u5168\u5b63\u9152\u5e97(\u53a6\u95e8\u4e2d\u5c71\u8def\u6b65\u884c\u8857\u601d\u660e\u5357\u8def\u5e97)", "order_time": ["2019-01-21 21:24:53"], "total_order": 1, "hotel_value": ["4.8"], "hotel_price": ["356"]}, "1728375": {"hotel_name": "\u6768\u6843\u9662\u5b50\u65c5\u9986(\u9f13\u6d6a\u5c7f\u590d\u5174\u53e4\u5821\u5e97)", "order_time": ["2019-01-21 21:24:54"], "total_order": 1, "hotel_value": ["4.8"], "hotel_price": ["454"]}, "2535597": {"hotel_name": "\u901f\u65f6\u4ee3\u7cbe\u54c1\u5ba2\u6808(\u53a6\u95e8\u4e2d\u5c71\u8def\u5e97)", "order_time": ["2019-01-21 21:24:54"], "total_order": 1, "hotel_value": ["4.2"], "hotel_price": ["101"]}, "17293040": {"hotel_name": "\u53a6\u95e8\u5982\u58a8\u8bbe\u8ba1\u578b\u5ea6\u5047\u522b\u5885", "order_time": ["2019-01-21 21:24:54"], "total_order": 1, "hotel_value": ["4.9"], "hotel_price": ["488"]}, "1860967": {"hotel_name": "\u5fc3\u8fdc\u9152\u5e97(\u53a6\u95e8\u96c6\u7f8e\u5927\u5b66\u5e97)", "order_time": ["2019-01-21 21:24:54"], "total_order": 1, "hotel_value": ["4.5"], "hotel_price": ["121"]}, "6603292": {"hotel_name": "\u53a6\u95e8\u90bb\u5bb6\u5341\u4e03\u53f7\u5ba2\u6808\u4e2d\u5c71\u8def\u5e97", "order_time": ["2019-01-21 21:24:57"], "total_order": 1, "hotel_value": ["4.4"], "hotel_price": ["237"]}, "2315604": {"hotel_name": "\u82b1\u5ead\u65c5\u9986(\u53a6\u95e8\u9f13\u6d6a\u5c7f\u7a1a\u68a6\u5e97)", "order_time": ["2019-01-21 21:24:58"], "total_order": 1, "hotel_value": ["4.8"], "hotel_price": ["298"]}, "1207050": {"hotel_name": "\u5982\u5bb6\u5feb\u6377\u9152\u5e97(\u53a6\u95e8\u4f1a\u5c55\u4e2d\u5fc3\u83b2\u524d\u897f\u8def\u5e97)", "order_time": ["2019-01-21 21:26:52"], "total_order": 1, "hotel_value": ["4.7"], "hotel_price": ["123"]}, "2300469": {"hotel_name": "7\u5929\u8fde\u9501\u9152\u5e97(\u53a6\u95e8\u91d1\u5c1a\u5e97)", "order_time": ["2019-01-21 21:26:52"], "total_order": 1, "hotel_value": ["4.6"], "hotel_price": ["138"]}, "2210292": {"hotel_name": "\u6d6a\u6f2b\u90fd\u5e02\u9152\u5e97\uff08\u53a6\u95e8\u96c6\u7f8e\u674f\u6797\u5e97\uff09", "order_time": ["2019-01-21 21:26:52"], "total_order": 1, "hotel_value": ["4.5"], "hotel_price": ["134"]}, "2300428": {"hotel_name": "\u53a6\u95e8\u4e03\u661f\u8fde\u9501\u9152\u5e97", "order_time": ["2019-01-21 21:26:53"], "total_order": 1, "hotel_value": ["4.1"], "hotel_price": ["91"]}, "5669929": {"hotel_name": "\u53a6\u95e8\u5341\u91cc\u6d77\u5cb8\u5ea6\u5047\u5c4b", "order_time": ["2019-01-21 21:26:53"], "total_order": 1, "hotel_value": ["4.8"], "hotel_price": ["153"]}, "6746006": {"hotel_name": "\u53a6\u95e8\u66fe\u539d\u57b5\u8fe6\u9005\u96c5\u5c45", "order_time": ["2019-01-21 21:26:53"], "total_order": 1, "hotel_value": ["4.8"], "hotel_price": ["154"]}, "8393169": {"hotel_name": "\u53a6\u95e8\u6728\u4e0b\u751f\u6d3b\u5ba2\u6808(\u539f\u4e50\u5bb6\u5496\u5561\u9662\u7cbe\u54c1\u6c11\u5bbf)", "order_time": ["2019-01-21 21:26:53"], "total_order": 1, "hotel_value": ["4.7"], "hotel_price": ["133"]}, "13876731": {"hotel_name": "\u53a6\u95e8\u6765\u4f4fkokomo\u5ba2\u6808", "order_time": ["2019-01-21 21:26:54"], "total_order": 1, "hotel_value": ["4.8"], "hotel_price": ["204"]}, "1535354": {"hotel_name": "\u6d77\u53cb\u9152\u5e97(\u53a6\u95e8\u96c6\u7f8e\u5b66\u6751\u5e97)", "order_time": ["2019-01-21 21:26:54"], "total_order": 1, "hotel_value": ["4.3"], "hotel_price": ["113"]}, "1379677": {"hotel_name": "\u9f13\u6d6a\u5c7f\u7f8e\u51cc\u683c\u00b7\u8f6c\u89d2\u5ea6\u5047\u522b\u5885(\u539f\u6708\u6ee1\u82b1\u697c\u9676\u74f7\u827a\u672f\u751f\u6d3b\u9986)", "order_time": ["2019-01-21 21:26:54"], "total_order": 1, "hotel_value": ["4.7"], "hotel_price": ["210"]}, "1386260": {"hotel_name": "\u53a6\u95e8\u66fe\u539d\u57b5\u843d\u96e8\u58f0\u9a7f\u6808", "order_time": ["2019-01-21 21:26:55"], "total_order": 1, "hotel_value": ["4.4"], "hotel_price": ["115"]}, "3716537": {"hotel_name": "\u9752\u6728\u7cbe\u54c1\u516c\u5bd3(\u53a6\u95e8\u4e94\u7f18\u6e7e\u5e97)", "order_time": ["2019-01-21 21:28:52"], "total_order": 1, "hotel_value": ["4.7"], "hotel_price": ["178"]}, "438496": {"hotel_name": "\u53a6\u95e8\u6e29\u6cc9\u6234\u65af\u9152\u5e97", "order_time": ["2019-01-21 21:28:53"], "total_order": 1, "hotel_value": ["4.4"], "hotel_price": ["300"]}, "452567": {"hotel_name": "\u53a6\u95e8\u6162\u751f\u6d3b\u00b7\u82ad\u5398\u6d77\u5cb8\u5ea6\u5047\u9152\u5e97(\u539f\u9f13\u6d6a\u5c7f\u82ad\u5398\u6d77\u5cb8\u6d77\u666f\u9152\u5e97)", "order_time": ["2019-01-21 21:28:53"], "total_order": 1, "hotel_value": ["4.9"], "hotel_price": ["669"]}, "4029445": {"hotel_name": "\u53a6\u95e8\u53a6\u5927\u5370\u53a6\u5ba2\u6808", "order_time": ["2019-01-21 21:28:54"], "total_order": 1, "hotel_value": ["4.4"], "hotel_price": ["93"]}, "2971473": {"hotel_name": "\u53a6\u95e8\u7f57\u66fc\u6735\u62c9\u57ce\u5821\u5e84\u56ed", "order_time": ["2019-01-21 21:28:54"], "total_order": 1, "hotel_value": ["4.7"], "hotel_price": ["166"]}, "6336638": {"hotel_name": "\u53a6\u95e8\u897f\u8fb9\u820d\u5ba2\u6808", "order_time": ["2019-01-21 21:28:55"], "total_order": 1, "hotel_value": ["4.9"], "hotel_price": ["190"]}, "2634589": {"hotel_name": "\u53a6\u95e8\u65f6\u5c1a\u98ce\u7cbe\u54c1\u9152\u5e97", "order_time": ["2019-01-21 21:28:57"], "total_order": 1, "hotel_value": ["4.2"], "hotel_price": ["134"]}, "25805759": {"hotel_name": "\u65af\u7ef4\u767b\u5ea6\u5047\u516c\u5bd3(\u53a6\u95e8\u5927\u5b66\u5e97)", "order_time": ["2019-01-21 21:30:54"], "total_order": 1, "hotel_value": ["4.9"], "hotel_price": ["474"]}, "12183206": {"hotel_name": "\u53a6\u95e8\u4e03\u661f\u8fde\u9501\u9152\u5e97\u678b\u6e56\u5ba2\u8fd0\u4e2d\u5fc3\u91d1\u5c71\u5e97", "order_time": ["2019-01-21 21:30:54"], "total_order": 1, "hotel_value": ["4.5"], "hotel_price": ["146"]}, "22942501": {"hotel_name": "\u53a6\u95e8\u73f5\u7f8e\u6d77\u5cb8\u9152\u5e97", "order_time": ["2019-01-21 21:30:55"], "total_order": 1, "hotel_value": ["4.7"], "hotel_price": ["392"]}, "1669784": {"hotel_name": "\u541b\u8fbe\u516c\u5bd3(\u53a6\u95e8\u9ad8\u5d0e\u673a\u573a\u5e97)", "order_time": ["2019-01-21 21:30:56"], "total_order": 1, "hotel_value": ["4.4"], "hotel_price": ["114"]}, "23944026": {"hotel_name": "\u9f13\u6d6a\u5c7f\u7231\u5c7f\u65c5\u9986", "order_time": ["2019-01-21 21:30:57"], "total_order": 1, "hotel_value": ["4.7"], "hotel_price": ["208"]}, "2097550": {"hotel_name": "\u53a6\u95e8\u6d6a\u6f2b\u90fd\u5e02\u9152\u5e97", "order_time": ["2019-01-21 21:30:57"], "total_order": 1, "hotel_value": ["4.0"], "hotel_price": ["123"]}, "1755351": {"hotel_name": "\u53a6\u95e8\u805a\u8d24\u516c\u5bd3", "order_time": ["2019-01-21 21:30:57"], "total_order": 1, "hotel_value": ["4.4"], "hotel_price": ["87"]}, "736171": {"hotel_name": "\u53a6\u95e8L7\u7cbe\u54c1\u9152\u5e97", "order_time": ["2019-01-21 21:32:55"], "total_order": 1, "hotel_value": ["4.3"], "hotel_price": ["112"]}, "1535937": {"hotel_name": "\u6c49\u5ead\u9152\u5e97(\u53a6\u95e8\u660e\u53d1\u5e7f\u573a\u5e97)", "order_time": ["2019-01-21 21:32:55"], "total_order": 1, "hotel_value": ["4.2"], "hotel_price": ["111"]}, "1248982": {"hotel_name": "\u53a6\u95e8\u66fe\u539d\u5b89\u58f9\u5c45hotel", "order_time": ["2019-01-21 21:32:55"], "total_order": 1, "hotel_value": ["4.7"], "hotel_price": ["130"]}, "8568987": {"hotel_name": "\u5e0c\u5cb8\u00b7\u8f7b\u96c5\u9152\u5e97(\u9f13\u6d6a\u5c7f\u5d69\u5c7f\u7801\u5934\u5e97)", "order_time": ["2019-01-21 21:32:55"], "total_order": 1, "hotel_value": ["4.8"], "hotel_price": ["172"]}, "3742602": {"hotel_name": "\u53a6\u95e8\u5927\u5b66\u6d77\u5ce1\u5ea6\u56db\u5b63\u9152\u5e97\u516c\u5bd3", "order_time": ["2019-01-21 21:32:55"], "total_order": 1, "hotel_value": ["4.4"], "hotel_price": ["402"]}, "486020": {"hotel_name": "\u53a6\u95e8\u4e07\u4f73\u4e91\u9876\u5ea6\u5047\u9152\u5e97", "order_time": ["2019-01-21 21:32:55"], "total_order": 1, "hotel_value": ["4.5"], "hotel_price": ["238"]}, "2301848": {"hotel_name": "7\u5929\u4f18\u54c1\u9152\u5e97(\u53a6\u95e8\u673a\u573a\u7fd4\u9e6d\u5e97)", "order_time": ["2019-01-21 21:32:56"], "total_order": 1, "hotel_value": ["4.7"], "hotel_price": ["167"]}, "8419373": {"hotel_name": "\u5ead\u82d1\u9152\u5e97(\u53a6\u95e8\u4e2d\u5c71\u8def\u8f6e\u6e21\u5e97)", "order_time": ["2019-01-21 21:32:56"], "total_order": 1, "hotel_value": ["4.7"], "hotel_price": ["212"]}, "443061": {"hotel_name": "\u53a6\u95e8HUESyard\u4f11\u601d\u9662\u5b50\u522b\u5885", "order_time": ["2019-01-21 21:32:56"], "total_order": 1, "hotel_value": ["4.8"], "hotel_price": ["380"]}, "15708322": {"hotel_name": "\u53a6\u95e8\u4e09\u4ed3\u9152\u5e97", "order_time": ["2019-01-21 21:32:56"], "total_order": 1, "hotel_value": ["4.7"], "hotel_price": ["194"]}, "15880660": {"hotel_name": "\u5927\u849c\u9152\u5e97(\u53a6\u95e8\u706b\u8f66\u7ad9\u5e97)", "order_time": ["2019-01-21 21:32:56"], "total_order": 1, "hotel_value": ["4.3"], "hotel_price": ["133"]}, "6246815": {"hotel_name": "\u6c49\u5ead\u9152\u5e97(\u53a6\u95e8\u4e2d\u5c71\u8def\u6b65\u884c\u8857\u5927\u540c\u8def\u5e97)", "order_time": ["2019-01-21 21:32:56"], "total_order": 1, "hotel_value": ["4.4"], "hotel_price": ["218"]}}}