{"\u5f00\u59cb\u8bb0\u5f55\u65f6\u95f4": "2019-01-23 22:45:54", "\u7ed3\u675f\u8bb0\u5f55\u65f6\u95f4": "2019-01-23 23:45:54", "\u8ba2\u5355\u603b\u589e\u91cf": 546, "item": {"6112181": {"hotel_name": "\u53a6\u95e8\u6c38\u4e3d\u8fbe\u4e3d\u5448\u9152\u5e97", "order_time": ["2019-01-23 22:46:46"], "total_order": 1, "hotel_value": ["4.8"], "hotel_price": ["499"]}, "431965": {"hotel_name": "\u53a6\u95e8\u7f8e\u4ed1\u7693\u6656\u9152\u5e97", "order_time": ["2019-01-23 22:46:46"], "total_order": 1, "hotel_value": ["4.7"], "hotel_price": ["229"]}, "467592": {"hotel_name": "\u53a6\u95e8\u7f8e\u4ed1\u91d1\u60a6\u9152\u5e97", "order_time": ["2019-01-23 22:46:46"], "total_order": 1, "hotel_value": ["4.7"], "hotel_price": ["178"]}, "2297831": {"hotel_name": "\u5168\u5b63\u9152\u5e97(\u53a6\u95e8\u4e2d\u5c71\u8def\u6b65\u884c\u8857\u5e97)", "order_time": ["2019-01-23 22:48:12", "2019-01-23 23:44:18", "2019-01-23 23:22:23", "2019-01-23 23:34:22", "2019-01-23 23:38:17"], "total_order": 5, "hotel_value": ["4.8", "4.8", "4.8", "4.8", "4.8"], "hotel_price": ["322", "322", "322", "322", "407"]}, "1728375": {"hotel_name": "\u6768\u6843\u9662\u5b50\u65c5\u9986(\u9f13\u6d6a\u5c7f\u590d\u5174\u53e4\u5821\u5e97)", "order_time": ["2019-01-23 22:48:12"], "total_order": 1, "hotel_value": ["4.8"], "hotel_price": ["292"]}, "4645488": {"hotel_name": "\u53a6\u95e8\u4f1f\u4f26\u4e3b\u9898\u522b\u5885\u5ba2\u6808", "order_time": ["2019-01-23 22:48:14"], "total_order": 1, "hotel_value": ["4.5"], "hotel_price": ["93"]}, "10834030": {"hotel_name": "\u53a6\u95e8\u60a6\u6765\u6d77\u666f\u9152\u5e97(\u539f\u60a6\u6765\u522b\u5885\u9152\u5e97)", "order_time": ["2019-01-23 22:48:16"], "total_order": 1, "hotel_value": ["4.7"], "hotel_price": ["359"]}, "3243942": {"hotel_name": "\u4f0a\u79be\u9152\u5e97(\u53a6\u95e8\u4e2d\u5c71\u8def\u6b65\u884c\u8857\u5e97)", "order_time": ["2019-01-23 23:08:21", "2019-01-23 22:48:16"], "total_order": 2, "hotel_value": ["4.7", "4.7"], "hotel_price": ["188", "188"]}, "6246815": {"hotel_name": "\u6c49\u5ead\u9152\u5e97(\u53a6\u95e8\u4e2d\u5c71\u8def\u6b65\u884c\u8857\u5927\u540c\u8def\u5e97)", "order_time": ["2019-01-23 23:18:22", "2019-01-23 22:48:17"], "total_order": 2, "hotel_value": ["4.4", "4.4"], "hotel_price": ["179", "199"]}, "926626": {"hotel_name": "\u53a6\u95e8\u6885\u56ed\u9152\u5e97", "order_time": ["2019-01-23 22:48:18"], "total_order": 1, "hotel_value": ["4.5"], "hotel_price": ["209"]}, "23238710": {"hotel_name": "\u53a6\u95e8\u541b\u69ad\u00b7\u52ff\u820d\u5ba2\u6808", "order_time": ["2019-01-23 22:48:18"], "total_order": 1, "hotel_value": ["4.9"], "hotel_price": ["457"]}, "779669": {"hotel_name": "\u6d77\u53cb\u826f\u54c1\u9152\u5e97(\u53a6\u95e8SM\u5e7f\u573a\u53f0\u6e7e\u8857\u5e97)", "order_time": ["2019-01-23 22:48:19", "2019-01-23 22:56:14"], "total_order": 2, "hotel_value": ["4.4", "4.4"], "hotel_price": ["119", "119"]}, "7277750": {"hotel_name": "\u53a6\u95e8\u6b63\u5143\u5e0c\u5c14\u987f\u9038\u6797\u9152\u5e97", "order_time": ["2019-01-23 22:48:20", "2019-01-23 22:52:27"], "total_order": 2, "hotel_value": ["4.7", "4.7"], "hotel_price": ["578", "578"]}, "6736731": {"hotel_name": "\u5e0c\u5cb8\u9152\u5e97(\u53a6\u95e8\u706b\u8f66\u7ad9\u5e97)(\u539f\u5357\u65b9\u996d\u5e97)", "order_time": ["2019-01-23 23:02:19", "2019-01-23 22:48:20"], "total_order": 2, "hotel_value": ["4.9", "4.9"], "hotel_price": ["268", "268"]}, "5373865": {"hotel_name": "\u5168\u5b63\u9152\u5e97(\u53a6\u95e8\u5927\u5b66\u5e97)", "order_time": ["2019-01-23 22:48:20", "2019-01-23 23:18:28"], "total_order": 2, "hotel_value": ["4.7", "4.7"], "hotel_price": ["322", "322"]}, "4633047": {"hotel_name": "\u53a6\u95e8\u91d1\u65e5\u94f6\u6d77\u84dd\u6234\u65af\u9152\u5e97", "order_time": ["2019-01-23 22:48:20", "2019-01-23 23:10:27"], "total_order": 2, "hotel_value": ["4.4", "4.4"], "hotel_price": ["298", "298"]}, "5639861": {"hotel_name": "\u53a6\u95e8\u66fe\u539d\u57b5\u63fd\u6d77\u542c\u98ce\u56fd\u9645\u9752\u5e74\u65c5\u820d", "order_time": ["2019-01-23 22:48:20", "2019-01-23 23:18:24"], "total_order": 2, "hotel_value": ["4.7", "4.7"], "hotel_price": ["39", "39"]}, "1541979": {"hotel_name": "\u53a6\u95e8\u6708\u5149\u5ca9\u82b1\u56ed\u522b\u5885", "order_time": ["2019-01-23 23:30:18", "2019-01-23 22:48:21"], "total_order": 2, "hotel_value": ["4.4", "4.4"], "hotel_price": ["204", "204"]}, "4444481": {"hotel_name": "\u4f60\u597d\u53a6\u95e8\u667a\u80fd\u5bb6\u5ead\u65c5\u9986(\u4e2d\u5c71\u8def\u5e97)(\u539f\u5de6\u53f3\u5496\u5561\u65c5\u9986)", "order_time": ["2019-01-23 22:48:22", "2019-01-23 23:26:22", "2019-01-23 22:56:33"], "total_order": 3, "hotel_value": ["4.7", "4.7", "4.7"], "hotel_price": ["151", "151", "151"]}, "1883002": {"hotel_name": "\u5982\u5bb6\u5feb\u6377\u9152\u5e97(\u53a6\u95e8\u4f1a\u5c55\u4e2d\u5fc3\u89c2\u97f3\u5c71\u6d77\u666f\u5e97)(\u539f\u73af\u5c9b\u8def\u89c2\u97f3\u5c71\u4f1a\u5c55\u6d77\u666f\u5e97)", "order_time": ["2019-01-23 22:48:22"], "total_order": 1, "hotel_value": ["4.4"], "hotel_price": ["208"]}, "666255": {"hotel_name": "\u5bb6\u548c\u6625\u5929\u9152\u5e97(\u53a6\u95e8\u6d77\u6ca7\u5e97)", "order_time": ["2019-01-23 22:48:24"], "total_order": 1, "hotel_value": ["4.2"], "hotel_price": ["113"]}, "6246343": {"hotel_name": "\u53a6\u95e8\u6162\u751f\u6d3b\u00b7\u6696\u5357\u7f8e\u5885", "order_time": ["2019-01-23 23:02:17", "2019-01-23 22:48:24"], "total_order": 2, "hotel_value": ["4.9", "4.9"], "hotel_price": ["389", "359"]}, "385410": {"hotel_name": "\u53a6\u95e8\u6d77\u5cb8\u56fd\u9645\u9152\u5e97", "order_time": ["2019-01-23 22:48:25"], "total_order": 1, "hotel_value": ["4.4"], "hotel_price": ["298"]}, "4825266": {"hotel_name": "\u53a6\u95e8\u7ea2\u53f6\u7cbe\u54c1\u9152\u5e97\u516c\u5bd3", "order_time": ["2019-01-23 22:48:25"], "total_order": 1, "hotel_value": ["4.5"], "hotel_price": ["153"]}, "2302013": {"hotel_name": "\u9f13\u6d6a\u5c7f\u5c7f\u5cb8\u82b1\u5ea6\u5047\u65c5\u9986", "order_time": ["2019-01-23 22:48:30"], "total_order": 1, "hotel_value": ["4.3"], "hotel_price": ["108"]}, "428893": {"hotel_name": "\u53a6\u95e8\u5bbe\u9986", "order_time": ["2019-01-23 23:34:24", "2019-01-23 23:40:22", "2019-01-23 22:48:33"], "total_order": 3, "hotel_value": ["4.8", "4.8", "4.8"], "hotel_price": ["406", "406", "406"]}, "669139": {"hotel_name": "\u53a6\u95e8\u4eac\u50ce\u9890\u8c6a\u9152\u5e97", "order_time": ["2019-01-23 23:32:20", "2019-01-23 22:48:33"], "total_order": 2, "hotel_value": ["4.6", "4.6"], "hotel_price": ["393", "393"]}, "369750": {"hotel_name": "\u53a6\u95e8\u6cdb\u592a\u5e73\u6d0b\u5927\u9152\u5e97", "order_time": ["2019-01-23 22:48:33"], "total_order": 1, "hotel_value": ["4.6"], "hotel_price": ["596"]}, "2309440": {"hotel_name": "\u6613\u4f70\u8fde\u9501\u65c5\u5e97(\u53a6\u95e8\u6c5f\u5934\u540e\u57d4\u5e97)", "order_time": ["2019-01-23 22:48:36", "2019-01-23 23:10:29", "2019-01-23 23:42:18", "2019-01-23 23:28:29"], "total_order": 4, "hotel_value": ["3.3", "3.3", "3.3", "3.3"], "hotel_price": ["72", "72", "72", "72"]}, "19853957": {"hotel_name": "\u9038\u6cca\u5b87\u516c\u5bd3(\u53a6\u95e8\u673a\u573a\u5e97)", "order_time": ["2019-01-23 23:44:27", "2019-01-23 22:50:18"], "total_order": 2, "hotel_value": ["4.7", "4.7"], "hotel_price": ["135", "135"]}, "2624108": {"hotel_name": "\u53a6\u95e8\u5e0c\u5c14\u987f\u9038\u6797\u9152\u5e97", "order_time": ["2019-01-23 22:50:20", "2019-01-23 23:42:20", "2019-01-23 23:36:18"], "total_order": 3, "hotel_value": ["4.7", "4.7", "4.7"], "hotel_price": ["665", "665", "665"]}, "11164973": {"hotel_name": "\u53a6\u95e8\u8317\u00b7\u7d20hotel(\u539f\u827a\u5bbf\u5bb6hotel)", "order_time": ["2019-01-23 22:50:21", "2019-01-23 23:38:23", "2019-01-23 23:06:22"], "total_order": 3, "hotel_value": ["4.7", "4.7", "4.7"], "hotel_price": ["128", "128", "128"]}, "2298562": {"hotel_name": "\u9526\u6c5f\u4e4b\u661f(\u53a6\u95e8\u5927\u5b66\u4e2d\u5c71\u8def\u5e97)", "order_time": ["2019-01-23 22:50:21", "2019-01-23 23:14:18"], "total_order": 2, "hotel_value": ["4.5", "4.5"], "hotel_price": ["275", "275"]}, "1389218": {"hotel_name": "\u53a6\u95e8\u5eb7\u96c5\u9152\u5e97", "order_time": ["2019-01-23 23:16:25", "2019-01-23 22:50:22"], "total_order": 2, "hotel_value": ["4.5", "4.5"], "hotel_price": ["155", "155"]}, "481710": {"hotel_name": "\u9526\u6c5f\u4e4b\u661f(\u53a6\u95e8\u706b\u8f66\u7ad9\u5e97)(\u539f\u4e1c\u6d66\u8def\u5e97)", "order_time": ["2019-01-23 22:58:24", "2019-01-23 23:04:18", "2019-01-23 22:50:22"], "total_order": 3, "hotel_value": ["4.4", "4.4", "4.4"], "hotel_price": ["104", "104", "104"]}, "457043": {"hotel_name": "\u9752\u5e74\u9633\u5149\u9152\u5e97(\u53a6\u95e8\u4e2d\u5c71\u8def\u5e97)(\u539f\u540e\u6ee8\u4e2a\u6027\u5e97)", "order_time": ["2019-01-23 22:50:22"], "total_order": 1, "hotel_value": ["4.7"], "hotel_price": ["128"]}, "427542": {"hotel_name": "\u53a6\u95e8\u822a\u7a7a\u5bbe\u9986", "order_time": ["2019-01-23 22:50:22"], "total_order": 1, "hotel_value": ["4.7"], "hotel_price": ["328"]}, "3722586": {"hotel_name": "\u9f13\u6d6a\u5c7f\u4ea6\u9601\u5ea6\u5047\u522b\u5885", "order_time": ["2019-01-23 22:50:23"], "total_order": 1, "hotel_value": ["4.6"], "hotel_price": ["450"]}, "4389410": {"hotel_name": "\u53a6\u95e8\u6e56\u91cc\u96c5\u5c45\u516c\u5bd3", "order_time": ["2019-01-23 22:50:24", "2019-01-23 23:18:24"], "total_order": 2, "hotel_value": ["4.7", "4.7"], "hotel_price": ["95", "95"]}, "932019": {"hotel_name": "\u5982\u5bb6\u5feb\u6377\u9152\u5e97(\u53a6\u95e8\u83b2\u5cb3\u8def\u677e\u67cf\u6587\u5316\u827a\u672f\u4e2d\u5fc3\u5e97)", "order_time": ["2019-01-23 22:50:26"], "total_order": 1, "hotel_value": ["4.3"], "hotel_price": ["111"]}, "14996654": {"hotel_name": "\u53a6\u95e8\u5317\u7ad9\u4e3d\u81f4\u7cbe\u54c1\u9152\u5e97", "order_time": ["2019-01-23 22:50:27"], "total_order": 1, "hotel_value": ["4.5"], "hotel_price": ["133"]}, "392554": {"hotel_name": "\u53a6\u95e8\u91d1\u745e\u4f73\u6cf0\u9152\u5e97(\u539f\u91d1\u5df4\u5170\u9152\u5e97)", "order_time": ["2019-01-23 22:50:27", "2019-01-23 23:40:23"], "total_order": 2, "hotel_value": ["4.5", "4.5"], "hotel_price": ["299", "299"]}, "2937051": {"hotel_name": "\u53a6\u95e8\u9047\u7f8e\u00b7\u6cca\u5c7f\u6d77\u6e7e\u5ea6\u5047\u522b\u5885", "order_time": ["2019-01-23 22:50:27"], "total_order": 1, "hotel_value": ["4.7"], "hotel_price": ["293"]}, "2279530": {"hotel_name": "\u53a6\u95e8\u5982\u5f52\u5c0f\u7b51", "order_time": ["2019-01-23 23:00:20", "2019-01-23 22:50:28"], "total_order": 2, "hotel_value": ["4.7", "4.7"], "hotel_price": ["92", "92"]}, "16011608": {"hotel_name": "\u53a6\u95e8\u6f2b\u5c45\u516c\u5bd3", "order_time": ["2019-01-23 22:50:29"], "total_order": 1, "hotel_value": ["4.7"], "hotel_price": ["98"]}, "4337031": {"hotel_name": "\u53a6\u95e8\u9f13\u6d6a\u5c7f\u7ea2\u5802\u65c5\u9986", "order_time": ["2019-01-23 22:50:30"], "total_order": 1, "hotel_value": ["4.2"], "hotel_price": ["284"]}, "1412208": {"hotel_name": "\u53a6\u95e8\u503e\u5883\u00b7\u66fe\u539d\u57b5\u6c11\u5bbf", "order_time": ["2019-01-23 22:50:31"], "total_order": 1, "hotel_value": ["4.9"], "hotel_price": ["223"]}, "2362494": {"hotel_name": "\u53a6\u95e8\u701a\u90fd\u5546\u52a1\u5bbe\u9986(\u539f\u96c5\u6cca\u5bbe\u9986)", "order_time": ["2019-01-23 22:50:32"], "total_order": 1, "hotel_value": ["3.9"], "hotel_price": ["145"]}, "698202": {"hotel_name": "\u548c\u9890\u9152\u5e97(\u53a6\u95e8\u4e2d\u5c71\u8def\u6d77\u666f\u5e97)", "order_time": ["2019-01-23 22:50:36"], "total_order": 1, "hotel_value": ["4.7"], "hotel_price": ["293"]}, "4494414": {"hotel_name": "\u53a6\u95e8\u9999\u69ad\u4e3d\u820d\u5ba2\u6808", "order_time": ["2019-01-23 22:50:38"], "total_order": 1, "hotel_value": ["4.9"], "hotel_price": ["83"]}, "5072969": {"hotel_name": "\u53a6\u95e8\u8317\u5bbf\u5c71\u79cb\u6c11\u5bbf", "order_time": ["2019-01-23 22:50:43"], "total_order": 1, "hotel_value": [0], "hotel_price": ["163"]}, "1406104": {"hotel_name": "\u53a6\u95e8\u9cb8\u6edf\u5962\u4eab\u6c11\u5bbf(\u539f\u53a6\u95e8\u542c\u6d77\u8f69\u9152\u5e97)", "order_time": ["2019-01-23 22:52:54", "2019-01-23 22:50:43"], "total_order": 2, "hotel_value": ["5.0", "5.0"], "hotel_price": ["212", "212"]}, "2908100": {"hotel_name": "\u53a6\u95e8\u7559\u4e0b\u9752\u5e74\u65c5\u820d", "order_time": ["2019-01-23 22:50:44"], "total_order": 1, "hotel_value": ["4.3"], "hotel_price": ["35"]}, "1136975": {"hotel_name": "\u53a6\u95e8\u53a6\u6cca\u5ba2\u6808", "order_time": ["2019-01-23 22:50:44"], "total_order": 1, "hotel_value": ["4.4"], "hotel_price": ["122"]}, "1510145": {"hotel_name": "\u53a6\u95e8\u5317\u7ad9\u5c45\u5bb6\u5ba2\u6808", "order_time": ["2019-01-23 23:24:28", "2019-01-23 22:50:44"], "total_order": 2, "hotel_value": ["3.6", "3.6"], "hotel_price": ["160", "160"]}, "1390437": {"hotel_name": "\u53a6\u95e8\u539f\u820d\u6d77\u8fb9\u5ba2\u6808", "order_time": ["2019-01-23 23:38:41", "2019-01-23 22:50:48"], "total_order": 2, "hotel_value": ["4.2", "4.2"], "hotel_price": ["133", "133"]}, "21124626": {"hotel_name": "\u53a6\u95e8\u4e07\u749f\u8f69\u9152\u5e97", "order_time": ["2019-01-23 22:50:57"], "total_order": 1, "hotel_value": ["4.7"], "hotel_price": ["221"]}, "2301881": {"hotel_name": "\u53a6\u95e8\u91d1\u6a59\u4e16\u7eaa\u9152\u5e97", "order_time": ["2019-01-23 22:50:57"], "total_order": 1, "hotel_value": ["3.8"], "hotel_price": ["138"]}, "1730041": {"hotel_name": "\u9f13\u6d6a\u5c7f\u6e29\u838e\u516c\u9986", "order_time": ["2019-01-23 22:51:00"], "total_order": 1, "hotel_value": [0], "hotel_price": ["348"]}, "28024075": {"hotel_name": "\u53a6\u95e8\u73af\u5c9b\u8def\u4e9a\u6735S\u5ea6\u5047\u9152\u5e97", "order_time": ["2019-01-23 22:52:23"], "total_order": 1, "hotel_value": ["4.9"], "hotel_price": ["698"]}, "392629": {"hotel_name": "\u53a6\u95e8\u5e90\u5c71\u5927\u9152\u5e97", "order_time": ["2019-01-23 22:52:23"], "total_order": 1, "hotel_value": ["4.2"], "hotel_price": ["298"]}, "4092420": {"hotel_name": "\u9f13\u6d6a\u5c7f\u90a3\u5c9b\u90a3\u6d77\u5ea6\u5047\u65c5\u9986", "order_time": ["2019-01-23 22:52:24"], "total_order": 1, "hotel_value": ["4.8"], "hotel_price": ["369"]}, "467685": {"hotel_name": "\u53a6\u95e8\u767d\u9e6d\u6d32\u5927\u9152\u5e97", "order_time": ["2019-01-23 22:52:25", "2019-01-23 23:14:20"], "total_order": 2, "hotel_value": ["4.2", "4.2"], "hotel_price": ["342", "342"]}, "15717242": {"hotel_name": "\u53a6\u95e8\u9e6d\u5c9b\u6234\u65af\u9152\u5e97", "order_time": ["2019-01-23 23:24:29", "2019-01-23 22:52:26"], "total_order": 2, "hotel_value": ["4.6", "4.6"], "hotel_price": ["286", "286"]}, "346248": {"hotel_name": "\u53a6\u95e8\u6cf0\u8c37\u9152\u5e97", "order_time": ["2019-01-23 22:54:40", "2019-01-23 22:52:26"], "total_order": 2, "hotel_value": ["4.7", "4.7"], "hotel_price": ["398", "398"]}, "2042480": {"hotel_name": "7\u5929\u8fde\u9501\u9152\u5e97(\u53a6\u95e8\u9f13\u6d6a\u5c7f\u7801\u5934\u5e97)", "order_time": ["2019-01-23 22:52:27"], "total_order": 1, "hotel_value": ["3.9"], "hotel_price": ["160"]}, "23942133": {"hotel_name": "\u53a6\u95e8\u541b\u96c5\u8f7b\u5962\u9152\u5e97", "order_time": ["2019-01-23 23:10:21", "2019-01-23 22:52:27"], "total_order": 2, "hotel_value": ["4.7", "4.7"], "hotel_price": ["227", "227"]}, "929583": {"hotel_name": "\u5982\u5bb6\u5feb\u6377\u9152\u5e97(\u53a6\u95e8\u706b\u8f66\u7ad9\u5e7f\u573a\u5e97)", "order_time": ["2019-01-23 23:24:25", "2019-01-23 22:52:28", "2019-01-23 23:10:28"], "total_order": 3, "hotel_value": ["4.5", "4.5", "4.5"], "hotel_price": ["161", "161", "161"]}, "847315": {"hotel_name": "\u5982\u5bb6\u5feb\u6377\u9152\u5e97(\u53a6\u95e8\u52b3\u52a8\u529b\u5927\u53a6\u83b2\u82b1\u5730\u94c1\u7ad9\u5e97)\uff08\u539f\u957f\u9752\u8def\u52b3\u52a8\u529b\u5927\u53a6\u5e97\uff09", "order_time": ["2019-01-23 22:52:31"], "total_order": 1, "hotel_value": ["4.3"], "hotel_price": ["142"]}, "2802506": {"hotel_name": "\u82b1\u754c\u9152\u5e97(\u53a6\u95e8\u4e2d\u5c71\u8def\u5e97)(\u539f\u8f6e\u6e21\u5e97\uff09)", "order_time": ["2019-01-23 22:52:31"], "total_order": 1, "hotel_value": ["4.6"], "hotel_price": ["293"]}, "771600": {"hotel_name": "\u53a6\u95e8\u6676\u88d5\u5546\u52a1\u9152\u5e97", "order_time": ["2019-01-23 22:56:16", "2019-01-23 22:52:32", "2019-01-23 23:18:28"], "total_order": 3, "hotel_value": ["4.1", "4.1", "4.1"], "hotel_price": ["110", "110", "110"]}, "27938575": {"hotel_name": "\u53a6\u95e8\u6d77\u4e1d\u827a\u672f\u54c1\u4e2d\u5fc3\u4f70\u7fd4\u7428\u70c1\u9152\u5e97", "order_time": ["2019-01-23 22:52:33", "2019-01-23 22:56:15", "2019-01-23 23:14:15"], "total_order": 3, "hotel_value": ["4.8", "4.8", "4.8"], "hotel_price": ["498", "498", "498"]}, "1998645": {"hotel_name": "\u503e\u5bbf\u5ba2\u6808(\u53a6\u95e8\u66fe\u539d\u57b5\u53a6\u5927\u5e97)(\u539f\u6d77\u89d210\u53f7\u4e3b\u9898\u5ba2\u6808)", "order_time": ["2019-01-23 22:52:36"], "total_order": 1, "hotel_value": ["4.3"], "hotel_price": ["103"]}, "5236939": {"hotel_name": "\u826f\u7b51\u82b1\u56ed\u522b\u5885(\u53a6\u95e8\u4e2d\u5c71\u8def\u5e97)", "order_time": ["2019-01-23 22:52:37"], "total_order": 1, "hotel_value": ["4.8"], "hotel_price": ["392"]}, "4034369": {"hotel_name": "\u4e07\u4ec1\u9152\u5e97(\u53a6\u95e8\u4e2d\u5c71\u8def\u5e97)", "order_time": ["2019-01-23 22:52:38"], "total_order": 1, "hotel_value": ["3.6"], "hotel_price": ["79"]}, "1317940": {"hotel_name": "\u53a6\u95e8\u597d\u68a6\u5546\u52a1\u9152\u5e97", "order_time": ["2019-01-23 22:52:38", "2019-01-23 23:24:33", "2019-01-23 23:18:36"], "total_order": 3, "hotel_value": ["3.8", "3.8", "3.8"], "hotel_price": ["104", "104", "104"]}, "6599503": {"hotel_name": "\u53a6\u95e8\u7396\u5bab\u9601\u6c11\u5bbf", "order_time": ["2019-01-23 22:52:38"], "total_order": 1, "hotel_value": ["4.9"], "hotel_price": ["173"]}, "2697625": {"hotel_name": "\u53a6\u95e8\u66fe\u539d\u57b5\u629a\u6d77\u5c45\u5ba2\u6808(\u539f\u53a6\u95e8\u66fe\u539d\u57b5\u6e29\u96c5\u4e4b\u5bb6\u6c11\u5bbf)", "order_time": ["2019-01-23 22:52:38"], "total_order": 1, "hotel_value": ["5.0"], "hotel_price": ["138"]}, "2622982": {"hotel_name": "\u9f13\u6d6a\u5c7f\u745e\u62c9\u5bb6\u5ead\u65c5\u9986", "order_time": ["2019-01-23 22:52:40"], "total_order": 1, "hotel_value": ["4.4"], "hotel_price": ["133"]}, "6023163": {"hotel_name": "\u53a6\u95e8\u5c1a\u5fb7\u8363\u9152\u5e97", "order_time": ["2019-01-23 22:52:41", "2019-01-23 23:10:23"], "total_order": 2, "hotel_value": ["4.4", "4.4"], "hotel_price": ["163", "163"]}, "448649": {"hotel_name": "\u53a6\u95e8\u4e9a\u6d32\u6d77\u6e7e\u5927\u9152\u5e97", "order_time": ["2019-01-23 22:52:41"], "total_order": 1, "hotel_value": ["4.4"], "hotel_price": ["291"]}, "26448227": {"hotel_name": "\u53a6\u95e8\u5317\u5c9b\u6c11\u5bbf", "order_time": ["2019-01-23 22:52:41"], "total_order": 1, "hotel_value": [0], "hotel_price": ["102"]}, "782154": {"hotel_name": "\u53a6\u95e8\u9752\u5e74\u9633\u5149\u7cbe\u54c1\u5546\u52a1\u9152\u5e97(\u677e\u67cf\u6c7d\u8f66\u5e97)", "order_time": ["2019-01-23 22:54:15"], "total_order": 1, "hotel_value": ["4.5"], "hotel_price": ["156"]}, "15899701": {"hotel_name": "\u6854\u5b50\u9152\u5e97\u7cbe\u9009(\u53a6\u95e8\u673a\u573a\u6210\u529f\u5927\u9053\u5e97)", "order_time": ["2019-01-23 22:54:16"], "total_order": 1, "hotel_value": ["4.8"], "hotel_price": ["303"]}, "431131": {"hotel_name": "\u53a6\u95e8\u6bd5\u601d\u7279\u9152\u5e97", "order_time": ["2019-01-23 22:54:16", "2019-01-23 23:02:17"], "total_order": 2, "hotel_value": ["4.6", "4.6"], "hotel_price": ["331", "331"]}, "734162": {"hotel_name": "\u53a6\u95e8\u5929\u5143\u541b\u9686\u5927\u9152\u5e97", "order_time": ["2019-01-23 22:54:17"], "total_order": 1, "hotel_value": ["4.4"], "hotel_price": ["388"]}, "2043594": {"hotel_name": "7\u5929\u8fde\u9501\u9152\u5e97(\u53a6\u95e8\u53f0\u6e7e\u8857\u5e97)", "order_time": ["2019-01-23 22:54:18", "2019-01-23 23:26:24"], "total_order": 2, "hotel_value": ["4.4", "4.4"], "hotel_price": ["99", "99"]}, "1583129": {"hotel_name": "\u5982\u5bb6\u5feb\u6377\u9152\u5e97\uff08\u53a6\u95e8\u4e00\u4e2d\u5c06\u519b\u7960\u5730\u94c1\u7ad9\u5e97\uff09", "order_time": ["2019-01-23 22:54:18", "2019-01-23 23:14:18"], "total_order": 2, "hotel_value": ["4.5", "4.5"], "hotel_price": ["142", "142"]}, "419537": {"hotel_name": "\u53a6\u95e8\u822a\u7a7a\u91d1\u96c1\u9152\u5e97", "order_time": ["2019-01-23 22:54:18"], "total_order": 1, "hotel_value": ["4.9"], "hotel_price": ["658"]}, "28525229": {"hotel_name": "\u53a6\u95e8\u96c5\u7434\u4f73\u5c45\u516c\u5bd3", "order_time": ["2019-01-23 22:54:19"], "total_order": 1, "hotel_value": ["4.9"], "hotel_price": ["107"]}, "17470637": {"hotel_name": "\u53a6\u95e8\u516d\u60a6\u5ea6\u5047\u9152\u5e97(\u9f13\u6d6a\u5c7f\u522b\u5885\u5e97)", "order_time": ["2019-01-23 22:54:20"], "total_order": 1, "hotel_value": ["4.7"], "hotel_price": ["280"]}, "2593672": {"hotel_name": "\u592a\u7a7a\u8231\u9152\u5e97\uff08\u53a6\u95e8\u4e2d\u5c71\u8def\u8f6e\u6e21\u5e97\uff09", "order_time": ["2019-01-23 22:54:21"], "total_order": 1, "hotel_value": ["4.3"], "hotel_price": ["51"]}, "436729": {"hotel_name": "\u4e2d\u5fb7\u8bb0\u5ea6\u5047\u522b\u5885(\u53a6\u95e8\u9f13\u6d6a\u5c7f\u9ec4\u5bb6\u82b1\u56ed\u5e97)", "order_time": ["2019-01-23 22:54:21", "2019-01-23 23:00:16"], "total_order": 2, "hotel_value": ["4.6", "4.6"], "hotel_price": ["628", "628"]}, "27833083": {"hotel_name": "\u53a6\u95e8\u968f\u5fc3\u9601\u516c\u5bd3", "order_time": ["2019-01-23 23:30:14", "2019-01-23 22:54:22", "2019-01-23 23:42:20"], "total_order": 3, "hotel_value": ["4.8", "4.8", "4.8"], "hotel_price": ["204", "204", "204"]}, "1498669": {"hotel_name": "\u53a6\u95e8\u5317\u7ad9\u548c\u798f\u5ba2\u6808", "order_time": ["2019-01-23 22:54:24", "2019-01-23 23:12:41", "2019-01-23 23:02:49"], "total_order": 3, "hotel_value": ["4.9", "4.9", "4.9"], "hotel_price": ["109", "109", "109"]}, "11686178": {"hotel_name": "\u53a6\u95e8\u6d77\u6ca7\u65b0\u9633886\u7cbe\u54c1\u9152\u5e97", "order_time": ["2019-01-23 22:54:26"], "total_order": 1, "hotel_value": ["4.3"], "hotel_price": ["158"]}, "1065306": {"hotel_name": "\u9f13\u6d6a\u5c7f\u516d\u60a6\u6d77\u666f\u9152\u5e97(\u539f\u516d\u60a6\u82b1\u56ed\u9152\u5e97)", "order_time": ["2019-01-23 22:54:26", "2019-01-23 23:06:18"], "total_order": 2, "hotel_value": ["4.7", "4.7"], "hotel_price": ["958", "961"]}, "1583165": {"hotel_name": "\u5982\u5bb6\u5feb\u6377\u9152\u5e97(\u53a6\u95e8\u8f6e\u6e21\u4e2d\u5c71\u8def\u6b65\u884c\u8857\u5e97)", "order_time": ["2019-01-23 22:58:19", "2019-01-23 22:54:33", "2019-01-23 23:04:22"], "total_order": 3, "hotel_value": ["4.2", "4.2", "4.2"], "hotel_price": ["161", "161", "161"]}, "2104446": {"hotel_name": "\u53a6\u95e8\u53a6\u5927\u4e03\u8272\u6d77\u5ba2\u6808(\u539f\u4e03\u8272\u6d77\u5047\u65e5\u516c\u5bd3)", "order_time": ["2019-01-23 22:54:43"], "total_order": 1, "hotel_value": ["4.6"], "hotel_price": ["85"]}, "428302": {"hotel_name": "\u53a6\u95e8\u706b\u8f66\u7ad9\u4e9a\u6735\u8f7b\u5c45\u9152\u5e97", "order_time": ["2019-01-23 22:56:13"], "total_order": 1, "hotel_value": ["4.9"], "hotel_price": ["385"]}, "21790917": {"hotel_name": "\u826f\u5885\u00b7\u4e91\u5ead\u65f6\u5149(\u53a6\u95e8\u66fe\u539d\u57b5\u5e97)", "order_time": ["2019-01-23 22:56:13"], "total_order": 1, "hotel_value": ["4.9"], "hotel_price": ["631"]}, "23623292": {"hotel_name": "\u53a6\u95e8\u4e09\u4e2a\u53a6\u5927\u4eba\u4e0e\u521d\u6c11\u5bbf", "order_time": ["2019-01-23 22:56:15"], "total_order": 1, "hotel_value": ["4.5"], "hotel_price": ["185"]}, "437446": {"hotel_name": "\u53a6\u95e8\u4f70\u7fd4\u8f6f\u4ef6\u56ed\u9152\u5e97", "order_time": ["2019-01-23 22:56:15"], "total_order": 1, "hotel_value": ["4.7"], "hotel_price": ["400"]}, "437353": {"hotel_name": "\u53a6\u95e8\u5929\u5929\u5047\u671f\u56fd\u9645\u5927\u9152\u5e97", "order_time": ["2019-01-23 22:56:16", "2019-01-23 23:00:33"], "total_order": 2, "hotel_value": ["4.3", "4.3"], "hotel_price": ["237", "237"]}, "2152627": {"hotel_name": "\u7f8e\u8c6a\u9152\u5e97(\u53a6\u95e8\u5e97)", "order_time": ["2019-01-23 22:56:17", "2019-01-23 23:44:22"], "total_order": 2, "hotel_value": ["4.7", "4.7"], "hotel_price": ["309", "309"]}, "3803569": {"hotel_name": "\u53a6\u95e8\u7121\u4e8c\u00b7\u9690\u820d\u8f7b\u5962\u6d77\u666f\u5ea6\u5047\u7f8e\u5885", "order_time": ["2019-01-23 22:56:17"], "total_order": 1, "hotel_value": ["4.9"], "hotel_price": ["308"]}, "6247525": {"hotel_name": "\u53a6\u95e8\u96c6\u7f8e\u5927\u5b66\u4e9a\u6735\u9152\u5e97(\u539f\u96c6\u5927\u5bbe\u9986)", "order_time": ["2019-01-23 23:30:13", "2019-01-23 22:56:17"], "total_order": 2, "hotel_value": ["4.9", "4.9"], "hotel_price": ["317", "317"]}, "1389206": {"hotel_name": "\u9526\u6c5f\u4e4b\u661f(\u53a6\u95e8\u79be\u7965\u897f\u8def\u767d\u9e6d\u6d32\u5e97)", "order_time": ["2019-01-23 22:56:19"], "total_order": 1, "hotel_value": ["4.4"], "hotel_price": ["129"]}, "346257": {"hotel_name": "\u53a6\u95e8\u6d77\u666f\u5343\u79a7\u5927\u9152\u5e97", "order_time": ["2019-01-23 22:58:22", "2019-01-23 22:56:19"], "total_order": 2, "hotel_value": ["4.5", "4.5"], "hotel_price": ["590", "590"]}, "1183602": {"hotel_name": "\u516b\u82f1\u91cc\u9152\u5e97(\u53a6\u95e8\u4e2d\u5c71\u8def\u5e97)", "order_time": ["2019-01-23 22:56:20"], "total_order": 1, "hotel_value": ["4.7"], "hotel_price": ["765"]}, "2362043": {"hotel_name": "\u53a6\u95e8\u9f13\u6d6a\u5c7f\u4ed6\u57ce\u58f9\u60a6\u5ead\u9662\u6d77\u666f\u522b\u5885", "order_time": ["2019-01-23 22:56:21"], "total_order": 1, "hotel_value": ["4.8"], "hotel_price": ["319"]}, "440397": {"hotel_name": "\u7231\u4e01\u5821\u9152\u5e97(\u53a6\u95e8\u53a6\u9f13\u7801\u5934\u5e97)(\u539f\u9890\u9526\u9152\u5e97)", "order_time": ["2019-01-23 22:56:21"], "total_order": 1, "hotel_value": ["4.6"], "hotel_price": ["99"]}, "790582": {"hotel_name": "\u590f\u5546\u6021\u7fd4\u9152\u5e97(\u53a6\u95e8\u706b\u8f66\u7ad9\u5357\u6e56\u5e97)", "order_time": ["2019-01-23 22:56:21"], "total_order": 1, "hotel_value": ["4.7"], "hotel_price": ["298"]}, "1857702": {"hotel_name": "\u53a6\u95e8\u5317\u7ad9\u534e\u6fe0\u56db\u5b63\u9152\u5e97", "order_time": ["2019-01-23 22:56:21"], "total_order": 1, "hotel_value": ["4.2"], "hotel_price": ["228"]}, "437770": {"hotel_name": "\u53a6\u95e8\u79be\u6b63\u5927\u9152\u5e97", "order_time": ["2019-01-23 22:56:22"], "total_order": 1, "hotel_value": ["4.2"], "hotel_price": ["146"]}, "443638": {"hotel_name": "\u53a6\u95e8\u91d1\u6865\u82b1\u56ed\u9152\u5e97", "order_time": ["2019-01-23 22:56:24"], "total_order": 1, "hotel_value": ["4.5"], "hotel_price": ["292"]}, "436727": {"hotel_name": "\u53a6\u95e8\u9f13\u6d6a\u5c7f\u7434\u7b19\u9152\u5e97", "order_time": ["2019-01-23 22:56:24"], "total_order": 1, "hotel_value": ["4.2"], "hotel_price": ["219"]}, "25798878": {"hotel_name": "\u53a6\u95e8Night\u00b7\u91cc\u7ea6\u516c\u5bd3", "order_time": ["2019-01-23 23:08:29", "2019-01-23 22:56:27"], "total_order": 2, "hotel_value": ["4.5", "4.5"], "hotel_price": ["93", "93"]}, "997807": {"hotel_name": "\u53a6\u95e8\u5fc6\u6d32\u5bbe\u9986", "order_time": ["2019-01-23 22:56:29"], "total_order": 1, "hotel_value": ["4.2"], "hotel_price": ["123"]}, "17346401": {"hotel_name": "\u53a6\u95e8\u65b0\u96c5\u5ba2\u6808", "order_time": ["2019-01-23 22:56:31"], "total_order": 1, "hotel_value": ["4.9"], "hotel_price": ["63"]}, "1466355": {"hotel_name": "\u53a6\u95e8\u524d\u7530\u9752\u5e74\u65c5\u820d", "order_time": ["2019-01-23 22:56:36"], "total_order": 1, "hotel_value": ["4.0"], "hotel_price": ["44"]}, "521077": {"hotel_name": "\u53a6\u95e8\u66fe\u539d\u57b5\u57b5\u5885\u6d77\u8fb9\u5ba2\u6808", "order_time": ["2019-01-23 22:56:36"], "total_order": 1, "hotel_value": ["4.6"], "hotel_price": ["197"]}, "4601806": {"hotel_name": "\u53a6\u95e8\u5927\u5b66\u5929\u73ba\u6d77\u666f\u516c\u5bd3(\u539f\u53a6\u5927\u4e16\u8302\u6d77\u5ce1\u53cc\u5b50\u5854\u6d77\u666f\u9152\u5e97)", "order_time": ["2019-01-23 22:56:51"], "total_order": 1, "hotel_value": ["4.5"], "hotel_price": ["556"]}, "11021977": {"hotel_name": "\u53a6\u95e8oneday\u5c9b\u5c7f\u8bbe\u8ba1\u5e08\u6c11\u5bbf", "order_time": ["2019-01-23 22:56:51"], "total_order": 1, "hotel_value": ["4.8"], "hotel_price": ["298"]}, "2313328": {"hotel_name": "\u5982\u5bb6\u5feb\u6377\u9152\u5e97(\u53a6\u95e8\u673a\u573a\u9a6c\u5785\u5e97)", "order_time": ["2019-01-23 22:58:14"], "total_order": 1, "hotel_value": ["4.5"], "hotel_price": ["180"]}, "6511409": {"hotel_name": "\u53a6\u95e8\u76d8\u6263\u00b7\u6f2b\u5ea6House", "order_time": ["2019-01-23 22:58:14"], "total_order": 1, "hotel_value": ["4.8"], "hotel_price": ["292"]}, "635060": {"hotel_name": "\u9f13\u6d6a\u5c7f\u4e50\u4e4b\u97f5\u5ea6\u5047\u65c5\u9986(\u4e50\u5c7f\u4e50\u8da3\u65b0\u5e97)", "order_time": ["2019-01-23 22:58:16"], "total_order": 1, "hotel_value": ["4.9"], "hotel_price": ["578"]}, "11216536": {"hotel_name": "\u53a6\u95e8\u5fc3\u6e56\u60a6\u7a7a\u95f4\u6c11\u5bbf", "order_time": ["2019-01-23 22:58:17"], "total_order": 1, "hotel_value": ["4.7"], "hotel_price": ["203"]}, "11372511": {"hotel_name": "\u53a6\u95e8\u6f2b\u5ead\u65f6\u5149\u5ba2\u6808", "order_time": ["2019-01-23 23:04:28", "2019-01-23 22:58:18"], "total_order": 2, "hotel_value": ["4.8", "4.8"], "hotel_price": ["153", "153"]}, "4629197": {"hotel_name": "\u9f13\u6d6a\u5c7f\u8611\u83c7\u5496\u5561\u65c5\u9986", "order_time": ["2019-01-23 22:58:19"], "total_order": 1, "hotel_value": ["4.5"], "hotel_price": ["352"]}, "11089626": {"hotel_name": "\u53a6\u95e8\u5c14\u7fd4\u9152\u5e97", "order_time": ["2019-01-23 22:58:19"], "total_order": 1, "hotel_value": ["4.5"], "hotel_price": ["439"]}, "1405953": {"hotel_name": "\u53a6\u95e8\u7231\u4e01\u5821\u56fd\u9645\u9152\u5e97(\u539f\u4f1a\u5c55\u4e2d\u5fc3\u7231\u4e01\u5821\u56fd\u9645\u9152\u5e97)", "order_time": ["2019-01-23 22:58:20"], "total_order": 1, "hotel_value": ["4.4"], "hotel_price": ["208"]}, "470600": {"hotel_name": "\u53a6\u95e8\u9f13\u6d6a\u5c7f\u56fd\u738b\u76d2\u5b50\u5ea6\u5047\u5c4b", "order_time": ["2019-01-23 22:58:20"], "total_order": 1, "hotel_value": ["4.7"], "hotel_price": ["107"]}, "436724": {"hotel_name": "\u53a6\u95e8\u9f13\u6d6a\u5c7f\u65d7\u5c71\u4e00\u53f7\u516c\u9986", "order_time": ["2019-01-23 22:58:22", "2019-01-23 23:18:22"], "total_order": 2, "hotel_value": ["4.7", "4.7"], "hotel_price": ["229", "229"]}, "346260": {"hotel_name": "\u53a6\u95e8\u745e\u9890\u5927\u9152\u5e97", "order_time": ["2019-01-23 22:58:22"], "total_order": 1, "hotel_value": ["4.7"], "hotel_price": ["799"]}, "385412": {"hotel_name": "\u53a6\u95e8\u5317\u6d77\u6e7e\u60e0\u9f99\u4e07\u8fbe\u5609\u534e\u9152\u5e97", "order_time": ["2019-01-23 22:58:23"], "total_order": 1, "hotel_value": ["4.8"], "hotel_price": ["750"]}, "17892090": {"hotel_name": "\u9f13\u6d6a\u5c7f\u8d1d\u8717\u7cbe\u54c1\u6c11\u5bbf", "order_time": ["2019-01-23 22:58:25"], "total_order": 1, "hotel_value": ["4.7"], "hotel_price": ["290"]}, "23806720": {"hotel_name": "\u53a6\u95e8HITEL\u9152\u5e97", "order_time": ["2019-01-23 22:58:26"], "total_order": 1, "hotel_value": ["4.9"], "hotel_price": ["342"]}, "15849666": {"hotel_name": "\u5168\u5b63\u9152\u5e97(\u53a6\u95e8\u5317\u7ad9\u674f\u6797\u6e7e\u8def\u5e97)", "order_time": ["2019-01-23 22:58:26"], "total_order": 1, "hotel_value": ["4.7"], "hotel_price": ["341"]}, "5790240": {"hotel_name": "\u5168\u5b63\u9152\u5e97(\u53a6\u95e8\u673a\u573a\u6210\u529f\u5927\u9053\u5e97)", "order_time": ["2019-01-23 22:58:26", "2019-01-23 23:02:18"], "total_order": 2, "hotel_value": ["4.7", "4.7"], "hotel_price": ["303", "303"]}, "1480877": {"hotel_name": "\u53a6\u95e8\u9752\u5e74\u9633\u5149\u9152\u5e97(\u52a0\u5dde\u5e7f\u573a\u5e97)", "order_time": ["2019-01-23 22:58:28"], "total_order": 1, "hotel_value": ["4.4"], "hotel_price": ["180"]}, "431557": {"hotel_name": "\u901f8\u9152\u5e97(\u53a6\u95e8\u4e2d\u5c71\u8def\u8f6e\u6e21\u5e97)", "order_time": ["2019-01-23 22:58:31"], "total_order": 1, "hotel_value": ["4.4"], "hotel_price": ["223"]}, "1408438": {"hotel_name": "\u53a6\u95e8\u5ea6\u5c1a\u8bbe\u8ba1\u578b\u6c11\u5bbf", "order_time": ["2019-01-23 22:58:52"], "total_order": 1, "hotel_value": ["5.0"], "hotel_price": ["198"]}, "444772": {"hotel_name": "\u590f\u5546\u00b7\u6021\u5ead\u5feb\u6377\u9152\u5e97(\u53a6\u95e8\u706b\u8f66\u7ad9\u6c47\u6210\u5e97)", "order_time": ["2019-01-23 23:00:13"], "total_order": 1, "hotel_value": ["4.4"], "hotel_price": ["115"]}, "440464": {"hotel_name": "\u590f\u5546\u6021\u7fd4\u9152\u5e97(\u53a6\u95e8\u4e2d\u5c71\u8def\u534e\u90fd\u5e97)", "order_time": ["2019-01-23 23:00:15"], "total_order": 1, "hotel_value": ["4.6"], "hotel_price": ["294"]}, "470603": {"hotel_name": "\u53a6\u95e8\u745e\u63d0\u62c9\u9152\u5e97", "order_time": ["2019-01-23 23:00:15"], "total_order": 1, "hotel_value": ["4.5"], "hotel_price": ["299"]}, "2297567": {"hotel_name": "\u65af\u94c2\u745e\u57ce\u5e02\u9152\u5e97(\u53a6\u95e8\u4e2d\u5c71\u516c\u56ed\u5730\u94c1\u7ad9\u5e97)(\u539f\u4e2d\u5c71\u8def\u6b65\u884c\u8857\u5e97)", "order_time": ["2019-01-23 23:00:15", "2019-01-23 23:24:21", "2019-01-23 23:04:19", "2019-01-23 23:12:15"], "total_order": 4, "hotel_value": ["4.7", "4.7", "4.7", "4.7"], "hotel_price": ["128", "128", "128", "128"]}, "988894": {"hotel_name": "\u548c\u9890\u9152\u5e97(\u53a6\u95e8\u5927\u5b66\u7eff\u6676\u5e97)", "order_time": ["2019-01-23 23:02:33", "2019-01-23 23:00:16"], "total_order": 2, "hotel_value": ["4.5", "4.5"], "hotel_price": ["270", "288"]}, "448663": {"hotel_name": "\u53a6\u95e8\u60a6\u534e\u9152\u5e97", "order_time": ["2019-01-23 23:00:18", "2019-01-23 23:06:18"], "total_order": 2, "hotel_value": ["4.8", "4.8"], "hotel_price": ["563", "563"]}, "2304885": {"hotel_name": "7\u5929\u8fde\u9501\u9152\u5e97(\u53a6\u95e8\u5927\u5b66\u5357\u666e\u9640\u5e97)", "order_time": ["2019-01-23 23:00:19"], "total_order": 1, "hotel_value": ["4.4"], "hotel_price": ["188"]}, "2582476": {"hotel_name": "99\u65c5\u9986\u8fde\u9501(\u53a6\u95e8\u5367\u9f99\u6653\u57ce\u5e97)", "order_time": ["2019-01-23 23:00:21"], "total_order": 1, "hotel_value": ["4.3"], "hotel_price": ["69"]}, "2303456": {"hotel_name": "\u9f13\u6d6a\u5c7f\u739b\u96c5\u6f58\u5ea6\u5047\u65c5\u9986", "order_time": ["2019-01-23 23:00:24"], "total_order": 1, "hotel_value": ["4.7"], "hotel_price": ["67"]}, "848496": {"hotel_name": "\u53a6\u95e8\u542c\u6d77\u5c0f\u7b51\u5ba2\u6808", "order_time": ["2019-01-23 23:00:24", "2019-01-23 23:42:19"], "total_order": 2, "hotel_value": ["4.9", "4.9"], "hotel_price": ["69", "69"]}, "1551085": {"hotel_name": "\u53a6\u95e8\u8d35\u5ba2\u6765\u9152\u5e97", "order_time": ["2019-01-23 23:00:27"], "total_order": 1, "hotel_value": ["3.8"], "hotel_price": ["82"]}, "448874": {"hotel_name": "\u53a6\u95e8\u91d1\u8272\u56db\u5b63\u9152\u5e97(\u539f\u6cc9\u5b63\u9152\u5e97)", "order_time": ["2019-01-23 23:00:33"], "total_order": 1, "hotel_value": ["4.2"], "hotel_price": ["234"]}, "25767176": {"hotel_name": "\u53a6\u95e8\u6b27\u9633\u5e73\u5b89\u516c\u5bd3", "order_time": ["2019-01-23 23:00:42"], "total_order": 1, "hotel_value": [0], "hotel_price": ["71"]}, "21332906": {"hotel_name": "\u53a6\u95e8\u65af\u7ef4\u767b\u5ea6\u5047\u9152\u5e97(\u678b\u6e56\u8f66\u7ad9\u4f18\u671b\u5e97)", "order_time": ["2019-01-23 23:00:48"], "total_order": 1, "hotel_value": ["4.8"], "hotel_price": ["238"]}, "2290014": {"hotel_name": "\u53a6\u95e8\u541b\u6021\u9152\u5e97", "order_time": ["2019-01-23 23:02:17", "2019-01-23 23:22:17"], "total_order": 2, "hotel_value": ["4.7", "4.7"], "hotel_price": ["256", "256"]}, "19019972": {"hotel_name": "\u53a6\u95e8\u5ea6\u7f8e\u00b7\u4e0e\u7af9\u77f3\u8bbe\u8ba1\u578b\u522b\u5885", "order_time": ["2019-01-23 23:10:23", "2019-01-23 23:08:24", "2019-01-23 23:02:17"], "total_order": 3, "hotel_value": ["5.0", "5.0", "5.0"], "hotel_price": ["378", "378", "378"]}, "6485412": {"hotel_name": "\u53a6\u95e8\u4e94\u7f18\u6e7e\u51ef\u60a6\u9152\u5e97", "order_time": ["2019-01-23 23:02:17"], "total_order": 1, "hotel_value": ["4.8"], "hotel_price": ["829"]}, "375293": {"hotel_name": "\u53a6\u95e8\u95fd\u5357\u5927\u9152\u5e97", "order_time": ["2019-01-23 23:14:16", "2019-01-23 23:02:18"], "total_order": 2, "hotel_value": ["4.6", "4.6"], "hotel_price": ["358", "358"]}, "2492767": {"hotel_name": "\u53a6\u95e8\u9999\u514b\u65af\u9152\u5e97", "order_time": ["2019-01-23 23:14:16", "2019-01-23 23:02:18"], "total_order": 2, "hotel_value": ["4.7", "4.7"], "hotel_price": ["169", "169"]}, "14261979": {"hotel_name": "\u53a6\u95e8\u7075\u73b2\u5927\u9152\u5e97", "order_time": ["2019-01-23 23:02:19"], "total_order": 1, "hotel_value": ["4.5"], "hotel_price": ["399"]}, "4614134": {"hotel_name": "\u53a6\u95e8\u6cd5\u5c14\u8d5b\u7687\u5bb6\u5ea6\u5047\u522b\u5885", "order_time": ["2019-01-23 23:02:21"], "total_order": 1, "hotel_value": ["4.9"], "hotel_price": ["207"]}, "483477": {"hotel_name": "\u7f57\u671b\u00b7\u53a6\u95e8\u9f13\u6d6a\u5c7f\u5317\u5c7f\u9152\u5e97", "order_time": ["2019-01-23 23:04:25", "2019-01-23 23:02:21"], "total_order": 2, "hotel_value": ["4.6", "4.6"], "hotel_price": ["925", "925"]}, "1591229": {"hotel_name": "\u753b\u5eca\u65c5\u9986(\u53a6\u95e8\u9f13\u6d6a\u5c7f\u6d77\u68e0\u5e97)", "order_time": ["2019-01-23 23:02:32"], "total_order": 1, "hotel_value": ["4.8"], "hotel_price": ["203"]}, "1730297": {"hotel_name": "\u53a6\u95e8\u9f13\u6d6a\u5c7f\u7434\u6d77\u5e84\u56ed\u6d77\u666f\u9152\u5e97", "order_time": ["2019-01-23 23:02:33"], "total_order": 1, "hotel_value": ["4.6"], "hotel_price": ["288"]}, "6118144": {"hotel_name": "\u53a6\u95e8\u540c\u5b89\u7f8e\u4f26\u98ce\u5c1a\u9152\u5e97", "order_time": ["2019-01-23 23:02:42"], "total_order": 1, "hotel_value": ["3.8"], "hotel_price": ["224"]}, "1371594": {"hotel_name": "\u6021\u6d77\u9601\u9152\u5e97(\u53a6\u95e8\u4e2d\u5c71\u6b65\u884c\u8857\u5e97)(\u539f\u6021\u6d77\u9601\u6587\u5316\u9152\u5e97)", "order_time": ["2019-01-23 23:02:51"], "total_order": 1, "hotel_value": ["4.5"], "hotel_price": ["161"]}, "4016834": {"hotel_name": "\u53a6\u95e8\u4e34\u6c34\u6e7e\u5bbe\u9986", "order_time": ["2019-01-23 23:04:18", "2019-01-23 23:30:32"], "total_order": 2, "hotel_value": ["4.5", "4.5"], "hotel_price": ["298", "298"]}, "1985198": {"hotel_name": "\u6c49\u5ead\u9152\u5e97(\u53a6\u95e8\u540c\u5b89\u533a\u653f\u5e9c\u5e97)", "order_time": ["2019-01-23 23:04:18"], "total_order": 1, "hotel_value": ["4.6"], "hotel_price": ["170"]}, "689484": {"hotel_name": "\u53a6\u95e8\u53f3\u89c1\u6d77\u5cb8\u5ba2\u6808", "order_time": ["2019-01-23 23:04:20"], "total_order": 1, "hotel_value": ["4.5"], "hotel_price": ["133"]}, "375294": {"hotel_name": "\u53a6\u95e8\u534e\u7f8e\u8fbe\u957f\u5347\u5927\u9152\u5e97", "order_time": ["2019-01-23 23:04:25"], "total_order": 1, "hotel_value": ["4.4"], "hotel_price": ["448"]}, "429460": {"hotel_name": "\u57ce\u9645\u5546\u52a1\u9152\u5e97(\u53a6\u95e8\u777f\u5f18\u57ce\u9645\u4e2d\u5c71\u8def\u5e97)", "order_time": ["2019-01-23 23:04:26"], "total_order": 1, "hotel_value": ["4.1"], "hotel_price": ["91"]}, "10480601": {"hotel_name": "\u51af\u5927\u4edf-\u5c0f\u80a5\u732b\u7cbe\u54c1\u5e97", "order_time": ["2019-01-23 23:04:26"], "total_order": 1, "hotel_value": ["5.0"], "hotel_price": ["209"]}, "428660": {"hotel_name": "\u53a6\u95e8\u9890\u749f\u82b1\u56ed\u9152\u5e97(\u539f\u65b0\u52a0\u5761\u9152\u5e97)", "order_time": ["2019-01-23 23:12:18", "2019-01-23 23:04:26"], "total_order": 2, "hotel_value": ["4.6", "4.6"], "hotel_price": ["268", "198"]}, "15718121": {"hotel_name": "\u53a6\u95e8\u66fe\u539d\u57b5\u4e00\u683c\u6816\u5bbf", "order_time": ["2019-01-23 23:04:27"], "total_order": 1, "hotel_value": ["4.9"], "hotel_price": ["189"]}, "433735": {"hotel_name": "\u5b9c\u5fc5\u601d\u5c1a\u54c1\u9152\u5e97(\u53a6\u95e8\u4e2d\u5c71\u8def\u6b65\u884c\u8857\u5e97)", "order_time": ["2019-01-23 23:16:22", "2019-01-23 23:04:27", "2019-01-23 23:08:20", "2019-01-23 23:26:19"], "total_order": 4, "hotel_value": ["4.7", "4.7", "4.7", "4.7"], "hotel_price": ["240", "240", "240", "240"]}, "5104169": {"hotel_name": "\u53a6\u95e8\u5c24\u5ba2\u00b7\u6cca\u91d1\u96c5\u5885\u6c11\u5bbf(\u539f\u4f18\u5ba2\u65c5\u9986)", "order_time": ["2019-01-23 23:04:28"], "total_order": 1, "hotel_value": ["4.9"], "hotel_price": ["141"]}, "1018033": {"hotel_name": "\u53a6\u95e8\u5317\u7ad9\u5947\u65fa\u65c5\u9986", "order_time": ["2019-01-23 23:04:33"], "total_order": 1, "hotel_value": ["4.7"], "hotel_price": ["123"]}, "435030": {"hotel_name": "\u53a6\u95e8\u9f13\u6d6a\u5c7f\u6797\u6c0f\u5e9c\u516c\u9986\u9152\u5e97", "order_time": ["2019-01-23 23:06:16"], "total_order": 1, "hotel_value": ["4.8"], "hotel_price": ["989"]}, "346269": {"hotel_name": "\u53a6\u95e8\u6e90\u660c\u51ef\u5bbe\u65af\u57fa\u5927\u9152\u5e97", "order_time": ["2019-01-23 23:06:16"], "total_order": 1, "hotel_value": ["4.7"], "hotel_price": ["913"]}, "6662105": {"hotel_name": "\u53a6\u95e8\u6816\u5c45\u5ba2\u6808", "order_time": ["2019-01-23 23:06:18"], "total_order": 1, "hotel_value": ["5.0"], "hotel_price": ["108"]}, "2058271": {"hotel_name": "\u53a6\u95e8\u4e0d\u820d\u539d\u8fc7\u5ba2\u6808", "order_time": ["2019-01-23 23:06:18"], "total_order": 1, "hotel_value": ["4.9"], "hotel_price": ["158"]}, "2125318": {"hotel_name": "\u5de2\u53cb\u9152\u5e97(\u53a6\u95e8\u706b\u8f66\u7ad9\u5e97)", "order_time": ["2019-01-23 23:06:18"], "total_order": 1, "hotel_value": ["4.7"], "hotel_price": ["93"]}, "6955152": {"hotel_name": "\u53a6\u95e8\u541b\u96c5\u65f6\u5c1a\u9152\u5e97(\u539f\u4e98\u91d1\u9152\u5e97)", "order_time": ["2019-01-23 23:06:18", "2019-01-23 23:28:30"], "total_order": 2, "hotel_value": ["4.8", "4.8"], "hotel_price": ["64", "64"]}, "5677728": {"hotel_name": "\u53a6\u95e8\u5df4\u6d1b\u514b\u8f7b\u5962\u9a7f\u6808", "order_time": ["2019-01-23 23:06:18"], "total_order": 1, "hotel_value": ["4.7"], "hotel_price": ["107"]}, "1284505": {"hotel_name": "\u82b1\u7b51\u00b7\u53a6\u95e8\u4e0d\u8c61\u975e\u5ba2\u6808", "order_time": ["2019-01-23 23:06:18"], "total_order": 1, "hotel_value": ["4.9"], "hotel_price": ["288"]}, "2083381": {"hotel_name": "\u53a6\u95e8\u534a\u5761\u5c0f\u7b51", "order_time": ["2019-01-23 23:06:18"], "total_order": 1, "hotel_value": ["4.6"], "hotel_price": ["84"]}, "1507501": {"hotel_name": "\u53a6\u95e8\u672c\u6211\u9152\u5e97", "order_time": ["2019-01-23 23:06:19"], "total_order": 1, "hotel_value": ["4.6"], "hotel_price": ["98"]}, "1726924": {"hotel_name": "\u53a6\u95e8\u9f13\u6d6a\u5c7f\u4e07\u6c34\u5343\u5c71\u5ea6\u5047\u5c71\u5e84", "order_time": ["2019-01-23 23:06:19"], "total_order": 1, "hotel_value": ["4.4"], "hotel_price": ["372"]}, "717316": {"hotel_name": "\u9f13\u6d6a\u5c7f\u7434\u6021\u522b\u5885", "order_time": ["2019-01-23 23:06:19"], "total_order": 1, "hotel_value": ["4.7"], "hotel_price": ["163"]}, "2331007": {"hotel_name": "\u781a\u6d77\u9152\u5e97(\u53a6\u95e8\u4f1a\u5c55\u89c2\u97f3\u5c71\u5e97)", "order_time": ["2019-01-23 23:06:19"], "total_order": 1, "hotel_value": ["4.3"], "hotel_price": ["217"]}, "4814804": {"hotel_name": "\u6c49\u5ead\u9152\u5e97(\u53a6\u95e8\u4f1a\u5c55\u4e2d\u5fc3\u5e97)(\u539f\u5fb7\u5c45\u5bbe\u9986)", "order_time": ["2019-01-23 23:40:25", "2019-01-23 23:06:19"], "total_order": 2, "hotel_value": ["4.6", "4.6"], "hotel_price": ["186", "186"]}, "5983033": {"hotel_name": "\u53a6\u95e8\u53cc\u57ce\u8bb0\u5ea6\u5047\u5e84\u56ed", "order_time": ["2019-01-23 23:06:19"], "total_order": 1, "hotel_value": ["4.9"], "hotel_price": ["250"]}, "2187858": {"hotel_name": "\u6797\u4e16\u516c\u9986\u9152\u5e97(\u53a6\u95e8\u4e2d\u5c71\u8def\u5e97)", "order_time": ["2019-01-23 23:06:19"], "total_order": 1, "hotel_value": ["4.3"], "hotel_price": ["196"]}, "1906769": {"hotel_name": "\u53a6\u95e8\u5fc3\u5bbf\u96c5\u7b51\u9152\u5e97\uff08\u539f\u7396\u70b9\u5bbe\u9986\uff09", "order_time": ["2019-01-23 23:06:19"], "total_order": 1, "hotel_value": ["4.3"], "hotel_price": ["92"]}, "4815087": {"hotel_name": "\u53a6\u95e8\u9f13\u6d6a\u5c7f\u6f2b\u6f2b\u60a0\u60a0\u65c5\u9986", "order_time": ["2019-01-23 23:42:21", "2019-01-23 23:06:19"], "total_order": 2, "hotel_value": ["4.8", "4.8"], "hotel_price": ["301", "301"]}, "858999": {"hotel_name": "\u53a6\u95e8\u7965\u4e91\u4f70\u4f73\u5ba2\u6808(\u539fPaPa\uff07s\u4e3b\u9898\u5ba2\u6808)", "order_time": ["2019-01-23 23:06:19"], "total_order": 1, "hotel_value": ["4.6"], "hotel_price": ["88"]}, "480963": {"hotel_name": "\u53a6\u95e8\u68a6\u9192\u6e7e\u5ba2\u6808", "order_time": ["2019-01-23 23:06:19"], "total_order": 1, "hotel_value": ["4.9"], "hotel_price": ["87"]}, "6456842": {"hotel_name": "\u53a6\u95e8\u6709\u68f5\u6811\u8bbe\u8ba1\u5e08\u9152\u5e97\u73af\u5c9b\u8def\u5e97", "order_time": ["2019-01-23 23:06:19"], "total_order": 1, "hotel_value": ["4.7"], "hotel_price": ["457"]}, "2278630": {"hotel_name": "\u53a6\u95e8\u5149\u76d0\u6c11\u5bbf(\u539f\u540e\u9662\u5496\u5561\u65c5\u9986)", "order_time": ["2019-01-23 23:06:19"], "total_order": 1, "hotel_value": ["4.4"], "hotel_price": ["101"]}, "1463105": {"hotel_name": "\u53a6\u95e8\u866b\u4e8chome\u5ea6\u5047\u522b\u5885", "order_time": ["2019-01-23 23:06:19"], "total_order": 1, "hotel_value": ["4.8"], "hotel_price": ["155"]}, "12794277": {"hotel_name": "\u96e8\u679c\u9152\u5e97\u5f0f\u516c\u5bd3(\u53a6\u95e8\u4e07\u8fbe\u5e97)", "order_time": ["2019-01-23 23:16:26", "2019-01-23 23:06:22"], "total_order": 2, "hotel_value": ["4.6", "4.6"], "hotel_price": ["171", "171"]}, "1860898": {"hotel_name": "\u901f8\u9152\u5e97(\u53a6\u95e8\u540c\u5b89\u5e97)", "order_time": ["2019-01-23 23:06:23", "2019-01-23 23:26:21", "2019-01-23 23:18:24"], "total_order": 3, "hotel_value": ["4.2", "4.2", "4.2"], "hotel_price": ["167", "167", "167"]}, "1543882": {"hotel_name": "\u53a6\u95e8\u66fe\u539d\u57b5\u8349\u5b57\u5934\u5ba2\u6808(\u539f\u8349\u5b57\u5934\u5496\u5561\u4e3b\u9898\u5ba2\u6808)", "order_time": ["2019-01-23 23:06:23"], "total_order": 1, "hotel_value": ["4.8"], "hotel_price": ["79"]}, "2303094": {"hotel_name": "\u53a6\u95e8\u7389\u9f99\u9152\u5e97", "order_time": ["2019-01-23 23:06:26"], "total_order": 1, "hotel_value": ["4.2"], "hotel_price": ["108"]}, "458760": {"hotel_name": "\u827e\u601d\u987f\u9152\u5e97(\u53a6\u95e8\u4e2d\u5c71\u8def\u7f8e\u6e56\u5206\u5e97)", "order_time": ["2019-01-23 23:06:32"], "total_order": 1, "hotel_value": ["4.7"], "hotel_price": ["206"]}, "437471": {"hotel_name": "\u53a6\u95e8\u9f13\u6d6a\u5c7f\u60a6\u60c5\u6e2f\u9152\u5e97", "order_time": ["2019-01-23 23:06:40"], "total_order": 1, "hotel_value": ["4.4"], "hotel_price": ["210"]}, "13912439": {"hotel_name": "\u53a6\u95e8\u6620\u96ea\u8f7b\u5962\u9152\u5e97", "order_time": ["2019-01-23 23:06:47"], "total_order": 1, "hotel_value": ["4.9"], "hotel_price": ["306"]}, "1410376": {"hotel_name": "\u82b1\u5ead\u65c5\u9986(\u9f13\u6d6a\u5c7f\u5b89\u6d77\u82b1\u56ed\u5e97)", "order_time": ["2019-01-23 23:08:18", "2019-01-23 23:16:18"], "total_order": 2, "hotel_value": ["4.6", "4.6"], "hotel_price": ["173", "173"]}, "6442457": {"hotel_name": "\u9f13\u6d6a\u5c7f\u6709\u68f5\u6811\u00b7\u65e0\u5c9a\u9152\u5e97", "order_time": ["2019-01-23 23:08:18"], "total_order": 1, "hotel_value": ["4.8"], "hotel_price": ["314"]}, "25633183": {"hotel_name": "\u5fc3\u8fdc\u9152\u5e97(\u53a6\u95e8\u8f6e\u6e21\u4e2d\u5c71\u8def\u6b65\u884c\u8857\u5e97)", "order_time": ["2019-01-23 23:28:23", "2019-01-23 23:08:23"], "total_order": 2, "hotel_value": ["4.5", "4.5"], "hotel_price": ["191", "191"]}, "4510014": {"hotel_name": "\u53a6\u95e8\u5927\u5b66\u73ba\u83b1\u65af\u6d77\u666f\u516c\u5bd3(\u539f\u5929\u73ba\u6d77\u666f\u516c\u5bd3)", "order_time": ["2019-01-23 23:08:23"], "total_order": 1, "hotel_value": ["4.6"], "hotel_price": ["383"]}, "469816": {"hotel_name": "\u53a6\u95e8\u5723\u5e0c\u7f57\u9152\u5e97", "order_time": ["2019-01-23 23:08:24"], "total_order": 1, "hotel_value": ["4.4"], "hotel_price": ["266"]}, "438336": {"hotel_name": "\u53a6\u95e8\u5927\u4ebf\u9890\u8c6a\u9152\u5e97", "order_time": ["2019-01-23 23:34:26", "2019-01-23 23:08:28"], "total_order": 2, "hotel_value": ["4.3", "4.3"], "hotel_price": ["394", "394"]}, "1719563": {"hotel_name": "\u53a6\u95e8\u5bbf\u6d77\u6c11\u5bbf(\u539f\u5019\u6f6e\u5c0f\u7b51\u5ba2\u6808)", "order_time": ["2019-01-23 23:22:26", "2019-01-23 23:08:31"], "total_order": 2, "hotel_value": ["5.0", "5.0"], "hotel_price": ["119", "119"]}, "436728": {"hotel_name": "\u53a6\u95e8\u9f13\u6d6a\u5c7f\u82b1\u4e4b\u58f0\u65c5\u9986", "order_time": ["2019-01-23 23:08:33", "2019-01-23 23:18:25"], "total_order": 2, "hotel_value": ["4.6", "4.6"], "hotel_price": ["204", "204"]}, "517083": {"hotel_name": "\u53a6\u95e8\u9f13\u6d6a\u5c7f\u56db\u89d2\u697c\u5bb6\u5ead\u65c5\u9986", "order_time": ["2019-01-23 23:08:37"], "total_order": 1, "hotel_value": ["4.6"], "hotel_price": ["164"]}, "1416402": {"hotel_name": "\u53a6\u95e8\u5317\u7ad9\u9686\u5b89\u5ba2\u6808", "order_time": ["2019-01-23 23:08:44"], "total_order": 1, "hotel_value": ["4.6"], "hotel_price": ["83"]}, "17908349": {"hotel_name": "\u53a6\u95e8\u9047\u7f8e\u00b7\u57b5\u90b8\u9152\u5e97", "order_time": ["2019-01-23 23:08:53"], "total_order": 1, "hotel_value": ["4.9"], "hotel_price": ["254"]}, "800402": {"hotel_name": "\u53a6\u95e8\u8363\u6e90\u4e3b\u9898\u9152\u5e97", "order_time": ["2019-01-23 23:10:22"], "total_order": 1, "hotel_value": ["4.9"], "hotel_price": ["154"]}, "4960975": {"hotel_name": "\u548c\u9890\u9152\u5e97(\u53a6\u95e8\u4e2d\u5c71\u8def\u6b65\u884c\u8857\u5e97)", "order_time": ["2019-01-23 23:10:23", "2019-01-23 23:42:23", "2019-01-23 23:26:18"], "total_order": 3, "hotel_value": ["4.6", "4.6", "4.6"], "hotel_price": ["274", "274", "274"]}, "1211268": {"hotel_name": "\u53a6\u95e8\u6e56\u91cc\u9890\u8c6a\u9152\u5e97", "order_time": ["2019-01-23 23:12:18", "2019-01-23 23:34:18", "2019-01-23 23:10:25"], "total_order": 3, "hotel_value": ["4.7", "4.7", "4.7"], "hotel_price": ["458", "458", "458"]}, "15878927": {"hotel_name": "\u53a6\u95e8\u5929\u5408\u4eba\u5bb6\u516c\u5bd3", "order_time": ["2019-01-23 23:10:27"], "total_order": 1, "hotel_value": ["4.8"], "hotel_price": ["123"]}, "11469147": {"hotel_name": "\u53a6\u95e8\u7231\u4e01\u5821\u56fd\u9645\u8fde\u9501\u9152\u5e97(\u706b\u8f66\u7ad9\u516c\u5bd3\u5e97)", "order_time": ["2019-01-23 23:10:29"], "total_order": 1, "hotel_value": ["4.5"], "hotel_price": ["77"]}, "2300412": {"hotel_name": "7\u5929\u8fde\u9501\u9152\u5e97(\u53a6\u95e8\u540c\u5b89\u65b9\u7279\u68a6\u5e7b\u738b\u56fd\u5e97)", "order_time": ["2019-01-23 23:10:40"], "total_order": 1, "hotel_value": ["4.3"], "hotel_price": ["128"]}, "18513424": {"hotel_name": "\u53a6\u95e8\u6c11\u5bbf(\u513f\u7ae5\u4e50\u56ed\u5206\u5e97)", "order_time": ["2019-01-23 23:10:47"], "total_order": 1, "hotel_value": [0], "hotel_price": ["352"]}, "12624286": {"hotel_name": "\u9a7f\u8d77\u9152\u5e97\uff08\u53a6\u95e8\u5317\u7ad9\u5e97\uff09", "order_time": ["2019-01-23 23:10:51"], "total_order": 1, "hotel_value": ["4.6"], "hotel_price": ["158"]}, "6768590": {"hotel_name": "\u53a6\u95e8\u5065\u4f53\u65e0\u6781\u9152\u5e97\u4f1a\u6240", "order_time": ["2019-01-23 23:10:52"], "total_order": 1, "hotel_value": ["4.6"], "hotel_price": ["264"]}, "5073003": {"hotel_name": "\u53a6\u95e8\u4e07\u8fbe\u60a6\u57ce\u9152\u5e97\u516c\u5bd3", "order_time": ["2019-01-23 23:12:16"], "total_order": 1, "hotel_value": ["4.5"], "hotel_price": ["153"]}, "439833": {"hotel_name": "\u53a6\u95e8\u9f13\u6d6a\u5c7f\u6728\u9999\u5c45\u7cbe\u54c1\u6d77\u666f\u522b\u5885", "order_time": ["2019-01-23 23:12:17"], "total_order": 1, "hotel_value": ["4.7"], "hotel_price": ["227"]}, "4439579": {"hotel_name": "\u524d\u7530\u6e7e\u7cbe\u54c1\u5ba2\u6808(\u53a6\u95e8\u66fe\u539d\u57b5\u5e97)", "order_time": ["2019-01-23 23:30:14", "2019-01-23 23:12:17"], "total_order": 2, "hotel_value": ["4.7", "4.7"], "hotel_price": ["78", "78"]}, "450155": {"hotel_name": "\u5982\u5bb6\u5feb\u6377\u9152\u5e97(\u53a6\u95e8\u4e2d\u5c71\u8def\u6e56\u6ee8\u897f\u8def\u5e97)", "order_time": ["2019-01-23 23:12:17"], "total_order": 1, "hotel_value": ["4.2"], "hotel_price": ["147"]}, "467630": {"hotel_name": "\u53a6\u95e8\u9f13\u6d6a\u5c7f\u4e00\u89c1\u82b1\u56ed\u8001\u522b\u5885", "order_time": ["2019-01-23 23:18:26", "2019-01-23 23:12:19"], "total_order": 2, "hotel_value": ["4.7", "4.7"], "hotel_price": ["999", "999"]}, "12091233": {"hotel_name": "\u53a6\u95e8\u6816\u9690\u5ea6\u5047\u6c11\u5bbf", "order_time": ["2019-01-23 23:12:19"], "total_order": 1, "hotel_value": ["5.0"], "hotel_price": ["394"]}, "11288824": {"hotel_name": "\u53a6\u95e8\u66fe\u539d\u57b5\u96e8\u6c90\u7af9\u5ba2\u6808", "order_time": ["2019-01-23 23:12:22"], "total_order": 1, "hotel_value": ["4.9"], "hotel_price": ["133"]}, "4494388": {"hotel_name": "\u9f13\u6d6a\u5c7f\u989c\u5915\u65c5\u9986(\u539f\u7d2b\u6728\u9999\u5c45\u5ba2\u6808)", "order_time": ["2019-01-23 23:12:22"], "total_order": 1, "hotel_value": ["4.7"], "hotel_price": ["156"]}, "858891": {"hotel_name": "\u53a6\u95e8\u53f3\u7c73\u6c11\u5bbf(\u539f\u54e6\u53ed\u5ba2\u6808)", "order_time": ["2019-01-23 23:12:24", "2019-01-23 23:26:33"], "total_order": 2, "hotel_value": ["4.9", "4.9"], "hotel_price": ["125", "125"]}, "744314": {"hotel_name": "\u5982\u5bb6\u5feb\u6377\u9152\u5e97(\u53a6\u95e8\u4e2d\u5c71\u8def\u6b65\u884c\u8857\u9547\u6d77\u8def\u5730\u94c1\u7ad9\u5e97)", "order_time": ["2019-01-23 23:12:25"], "total_order": 1, "hotel_value": ["4.4"], "hotel_price": ["195"]}, "2190174": {"hotel_name": "\u53a6\u95e8\u65e9\u5b89\u00b7\u9f13\u6d6a\u5c7f\u65c5\u9986", "order_time": ["2019-01-23 23:12:40"], "total_order": 1, "hotel_value": ["4.6"], "hotel_price": ["153"]}, "1016228": {"hotel_name": "\u53a6\u95e8\u98de\u5bbf\u8fde\u9501\u60c5\u4e1d\u00b7\u6735\u62c9\u5e84\u56ed", "order_time": ["2019-01-23 23:12:52"], "total_order": 1, "hotel_value": ["4.9"], "hotel_price": ["149"]}, "24338582": {"hotel_name": "\u53a6\u95e8\u9e7f\u5bbf\u5bb6\u5ead\u65c5\u9986", "order_time": ["2019-01-23 23:12:52", "2019-01-23 23:20:25"], "total_order": 2, "hotel_value": ["4.9", "4.9"], "hotel_price": ["88", "88"]}, "9118583": {"hotel_name": "\u53a6\u95e8\u9999\u683c\u91cc\u62c9\u5927\u9152\u5e97", "order_time": ["2019-01-23 23:14:14"], "total_order": 1, "hotel_value": ["4.7"], "hotel_price": ["933"]}, "419386": {"hotel_name": "\u53a6\u95e8\u91d1\u5a01\u5927\u9152\u5e97", "order_time": ["2019-01-23 23:34:16", "2019-01-23 23:14:14"], "total_order": 2, "hotel_value": ["4.6", "4.6"], "hotel_price": ["317", "317"]}, "7934581": {"hotel_name": "\u53a6\u95e8\u6d77\u6ca7\u6e7e\u4e9a\u6735\u9152\u5e97", "order_time": ["2019-01-23 23:14:14"], "total_order": 1, "hotel_value": ["4.8"], "hotel_price": ["339"]}, "1315375": {"hotel_name": "\u53a6\u95e8\u82cf\u56ed\u00b7\u5929\u5c71\u6cc9\u9152\u5e97", "order_time": ["2019-01-23 23:14:15"], "total_order": 1, "hotel_value": ["4.5"], "hotel_price": ["149"]}, "23239051": {"hotel_name": "\u53a6\u95e8\u5927\u9690\u7cbe\u54c1\u65c5\u5c45", "order_time": ["2019-01-23 23:14:16"], "total_order": 1, "hotel_value": ["4.9"], "hotel_price": ["283"]}, "686333": {"hotel_name": "\u53a6\u95e8\u6eaa\u5885", "order_time": ["2019-01-23 23:14:16"], "total_order": 1, "hotel_value": ["4.9"], "hotel_price": ["273"]}, "5599310": {"hotel_name": "\u53a6\u95e8\u4e9a\u9601\u9152\u5e97", "order_time": ["2019-01-23 23:14:16"], "total_order": 1, "hotel_value": ["4.7"], "hotel_price": ["192"]}, "6842546": {"hotel_name": "\u53a6\u95e8\u6d77\u60a6\u6e7e\u5ea6\u5047\u522b\u5885", "order_time": ["2019-01-23 23:14:20"], "total_order": 1, "hotel_value": ["4.9"], "hotel_price": ["588"]}, "473274": {"hotel_name": "\u53a6\u95e8\u65e5\u4e1c\u82b1\u56ed\u9152\u5e97(\u81ea\u9a7e\u8f66\u4e3b\u9898\u9152\u5e97)", "order_time": ["2019-01-23 23:14:22"], "total_order": 1, "hotel_value": ["4.5"], "hotel_price": ["280"]}, "346267": {"hotel_name": "\u53a6\u95e8\u5e1d\u5143\u7ef4\u591a\u5229\u4e9a\u5927\u9152\u5e97", "order_time": ["2019-01-23 23:14:22"], "total_order": 1, "hotel_value": ["4.5"], "hotel_price": ["598"]}, "12673289": {"hotel_name": "\u53a6\u95e8\u6d77\u6ca7\u878d\u4fe1\u534e\u9091\u9152\u5e97", "order_time": ["2019-01-23 23:14:22"], "total_order": 1, "hotel_value": ["4.7"], "hotel_price": ["680"]}, "346273": {"hotel_name": "\u53a6\u95e8\u78d0\u57fa\u5e0c\u5c14\u987f\u9152\u5e97", "order_time": ["2019-01-23 23:14:22"], "total_order": 1, "hotel_value": ["4.6"], "hotel_price": ["767"]}, "2367550": {"hotel_name": "\u53a6\u95e8\u5174\u5723\u4f18\u9009\u65c5\u9986", "order_time": ["2019-01-23 23:38:18", "2019-01-23 23:14:24"], "total_order": 2, "hotel_value": ["4.7", "4.7"], "hotel_price": ["163", "163"]}, "428700": {"hotel_name": "\u5982\u5bb6\u5feb\u6377\u9152\u5e97(\u53a6\u95e8\u4e1c\u6e21\u9f13\u6d6a\u5c7f\u7801\u5934\u5e97)(\u539f\u4e1c\u6e21\u90ae\u8f6e\u4e2d\u5fc3\u53a6\u9f13\u7801\u5934\u5e97)", "order_time": ["2019-01-23 23:14:24"], "total_order": 1, "hotel_value": ["4.3"], "hotel_price": ["101"]}, "481752": {"hotel_name": "\u9526\u6c5f\u4e4b\u661f(\u53a6\u95e8\u673a\u573a\u533a\u653f\u5e9c\u5e97)", "order_time": ["2019-01-23 23:14:27", "2019-01-23 23:28:26"], "total_order": 2, "hotel_value": ["4.2", "4.2"], "hotel_price": ["189", "189"]}, "1417342": {"hotel_name": "\u53a6\u95e8\u7231\u7b51\u65f6\u5c1a\u7cbe\u54c1\u60c5\u4fa3\u4e3b\u9898\u9152\u5e97", "order_time": ["2019-01-23 23:14:29"], "total_order": 1, "hotel_value": ["4.5"], "hotel_price": ["204"]}, "1669085": {"hotel_name": "\u4e00\u683c\u00b7\u6d77\u68e0\u7f8e\u5bbf(\u53a6\u95e8\u5927\u5b66\u5e97)", "order_time": ["2019-01-23 23:24:20", "2019-01-23 23:14:34"], "total_order": 2, "hotel_value": ["5.0", "5.0"], "hotel_price": ["276", "276"]}, "4815086": {"hotel_name": "\u53a6\u95e8\u4e3d\u666f\u9152\u5e97", "order_time": ["2019-01-23 23:14:36"], "total_order": 1, "hotel_value": ["3.6"], "hotel_price": ["108"]}, "6866060": {"hotel_name": "\u53a6\u95e8\u5317\u7ad9\u4e34\u5c45\u5ba2\u6808", "order_time": ["2019-01-23 23:14:37"], "total_order": 1, "hotel_value": ["4.6"], "hotel_price": ["103"]}, "2301227": {"hotel_name": "\u9526\u6c5f\u4e4b\u661f(\u53a6\u95e8\u674f\u6797\u5e97)", "order_time": ["2019-01-23 23:16:17"], "total_order": 1, "hotel_value": ["4.5"], "hotel_price": ["219"]}, "443333": {"hotel_name": "\u9752\u5e74\u9633\u5149\u8fde\u9501\u9152\u5e97(\u53a6\u95e8\u65b9\u7279\u68a6\u5e7b\u540c\u5b89\u5e97)(\u539f\u540c\u5b89\u5e97)", "order_time": ["2019-01-23 23:16:17"], "total_order": 1, "hotel_value": ["4.5"], "hotel_price": ["116"]}, "2270943": {"hotel_name": "7\u5929\u4f18\u54c1\u9152\u5e97(\u53a6\u95e8\u601d\u660e\u5357\u8def\u53a6\u95e8\u5927\u5b66\u5e97)", "order_time": ["2019-01-23 23:16:20"], "total_order": 1, "hotel_value": ["4.4"], "hotel_price": ["132"]}, "12622395": {"hotel_name": "\u53a6\u95e8\u71d5\u6816\u8bbe\u8ba1\u6c11\u5bbf", "order_time": ["2019-01-23 23:16:23"], "total_order": 1, "hotel_value": ["4.9"], "hotel_price": ["159"]}, "790389": {"hotel_name": "\u53a6\u95e8\u65f6\u4ee3\u96c5\u5c45\u9152\u5e97", "order_time": ["2019-01-23 23:16:23"], "total_order": 1, "hotel_value": ["4.6"], "hotel_price": ["236"]}, "1419294": {"hotel_name": "\u9526\u6c5f\u4e4b\u661f(\u53a6\u95e8\u5317\u7ad9\u5609\u5e9a\u4f53\u80b2\u9986\u5e97)", "order_time": ["2019-01-23 23:16:25"], "total_order": 1, "hotel_value": ["4.5"], "hotel_price": ["167"]}, "1406188": {"hotel_name": "\u53a6\u95e8\u6b23\u4e91\u5cf0\u9152\u5e97", "order_time": ["2019-01-23 23:16:26"], "total_order": 1, "hotel_value": ["3.8"], "hotel_price": ["163"]}, "6531873": {"hotel_name": "\u53a6\u95e8\u6469\u767b\u4e16\u5bb6\u8fde\u9501\u9152\u5e97\u706b\u8f66\u7ad9\u5e97", "order_time": ["2019-01-23 23:22:29", "2019-01-23 23:16:28"], "total_order": 2, "hotel_value": ["4.7", "4.7"], "hotel_price": ["108", "108"]}, "23944026": {"hotel_name": "\u9f13\u6d6a\u5c7f\u7231\u5c7f\u65c5\u9986", "order_time": ["2019-01-23 23:16:30"], "total_order": 1, "hotel_value": ["4.7"], "hotel_price": ["250"]}, "2378739": {"hotel_name": "\u73af\u5c9b\u8def\u9633\u5149\u5c0f\u5c4b(\u53a6\u95e8\u66fe\u539d\u57b5\u5e97)(\u539f\u9e6d\u5c9b49\u53f7\u522b\u5885)", "order_time": ["2019-01-23 23:16:32"], "total_order": 1, "hotel_value": ["4.7"], "hotel_price": ["92"]}, "452567": {"hotel_name": "\u53a6\u95e8\u6162\u751f\u6d3b\u00b7\u82ad\u5398\u6d77\u5cb8\u5ea6\u5047\u9152\u5e97(\u539f\u9f13\u6d6a\u5c7f\u82ad\u5398\u6d77\u5cb8\u6d77\u666f\u9152\u5e97)", "order_time": ["2019-01-23 23:18:20"], "total_order": 1, "hotel_value": ["4.9"], "hotel_price": ["746"]}, "375297": {"hotel_name": "\u53a6\u95e8\u9a6c\u54e5\u5b5b\u7f57\u4e1c\u65b9\u5927\u9152\u5e97", "order_time": ["2019-01-23 23:18:21"], "total_order": 1, "hotel_value": ["4.6"], "hotel_price": ["665"]}, "472361": {"hotel_name": "\u53a6\u95e8\u660e\u73e0\u6d77\u6e7e\u5927\u9152\u5e97", "order_time": ["2019-01-23 23:18:21"], "total_order": 1, "hotel_value": ["4.5"], "hotel_price": ["342"]}, "1707615": {"hotel_name": "\u53a6\u95e8\u7231\u5c1a\u4f18\u9a7f\u9152\u5e97", "order_time": ["2019-01-23 23:44:32", "2019-01-23 23:18:21"], "total_order": 2, "hotel_value": ["4.5", "4.5"], "hotel_price": ["109", "109"]}, "1788826": {"hotel_name": "\u53a6\u95e8\u9f13\u6d6a\u5c7f\u9ec4\u516c\u9986", "order_time": ["2019-01-23 23:18:22"], "total_order": 1, "hotel_value": ["4.5"], "hotel_price": ["206"]}, "1735109": {"hotel_name": "\u53a6\u95e8\u5e0c\u9601\u82b1\u56ed\u9152\u5e97(\u539f\u5e0c\u9601\u9152\u5e97)", "order_time": ["2019-01-23 23:26:21", "2019-01-23 23:18:23"], "total_order": 2, "hotel_value": ["4.7", "4.7"], "hotel_price": ["263", "263"]}, "1477849": {"hotel_name": "\u9752\u5e74\u9633\u5149\u9152\u5e97(\u53a6\u95e8\u6d77\u5929\u5feb\u6377\u5e97)", "order_time": ["2019-01-23 23:18:26"], "total_order": 1, "hotel_value": ["4.7"], "hotel_price": ["131"]}, "2298885": {"hotel_name": "\u53a6\u95e8\u9f13\u6d6a\u5c7f\u6d77\u534e\u5ea6\u5047\u5c4b", "order_time": ["2019-01-23 23:18:27"], "total_order": 1, "hotel_value": ["5.0"], "hotel_price": ["329"]}, "4029539": {"hotel_name": "\u53a6\u95e8\u98de\u5bbf\u8fde\u9501\u53cc\u5b50\u5885\u7687\u5bb6\u5ea6\u5047\u5e84\u56ed", "order_time": ["2019-01-23 23:18:28"], "total_order": 1, "hotel_value": ["4.7"], "hotel_price": ["204"]}, "429652": {"hotel_name": "\u590f\u5546\u00b7\u6021\u5ead\u5feb\u6377\u9152\u5e97(\u53a6\u95e8\u4e2d\u5c71\u8def\u767d\u5170\u5e97)", "order_time": ["2019-01-23 23:18:28"], "total_order": 1, "hotel_value": ["4.4"], "hotel_price": ["134"]}, "21785548": {"hotel_name": "\u53a6\u95e8\u749e\u5c1a\u9152\u5e97", "order_time": ["2019-01-23 23:18:28"], "total_order": 1, "hotel_value": ["4.8"], "hotel_price": ["1722"]}, "2302833": {"hotel_name": "7\u5929\u8fde\u9501\u9152\u5e97(\u53a6\u95e8\u5317\u7ad9\u96c6\u7f8e\u5927\u5b66\u5e97)", "order_time": ["2019-01-23 23:18:28"], "total_order": 1, "hotel_value": ["4.5"], "hotel_price": ["139"]}, "1804365": {"hotel_name": "\u6d6a\u6f2b\u90fd\u5e02\u8fde\u9501\u9152\u5e97(\u53a6\u95e8\u706b\u8f66\u7ad9\u6d0b\u5b8f\u603b\u5e97)(\u539f\u6d0b\u5b8f\u5bbe\u9986)", "order_time": ["2019-01-23 23:18:34"], "total_order": 1, "hotel_value": ["4.3"], "hotel_price": ["108"]}, "926850": {"hotel_name": "\u53a6\u95e8\u96c5\u5bbf\u5feb\u6377\u9152\u5e97(\u4e1c\u6e21\u90ae\u8f6e\u4e2d\u5fc3\u53a6\u9f13\u7801\u5934\u5e97)", "order_time": ["2019-01-23 23:18:35"], "total_order": 1, "hotel_value": ["4.3"], "hotel_price": ["125"]}, "2301768": {"hotel_name": "\u53a6\u95e8\u9f13\u6d6a\u5c7f\u9c81\u9c81\u5bb6\u65c5\u9986", "order_time": ["2019-01-23 23:18:37"], "total_order": 1, "hotel_value": ["4.3"], "hotel_price": ["60"]}, "4606077": {"hotel_name": "\u53a6\u95e8\u9f13\u6d6a\u5c7f\u99a8\u6d77\u9a7f\u5ba2\u6808", "order_time": ["2019-01-23 23:18:38"], "total_order": 1, "hotel_value": ["4.9"], "hotel_price": ["279"]}, "3423990": {"hotel_name": "\u53a6\u95e8\u4e16\u6210\u7f51\u7edc\u5bbe\u9986", "order_time": ["2019-01-23 23:18:39"], "total_order": 1, "hotel_value": ["4.0"], "hotel_price": ["68"]}, "6873217": {"hotel_name": "\u53a6\u95e8\u597d\u5ba2\u9686\u65c5\u9986", "order_time": ["2019-01-23 23:19:01"], "total_order": 1, "hotel_value": ["3.2"], "hotel_price": ["70"]}, "6891023": {"hotel_name": "\u53a6\u95e8\u6d77\u666f\u522b\u82d1\u5ea6\u5047\u522b\u5885", "order_time": ["2019-01-23 23:19:01"], "total_order": 1, "hotel_value": ["5.0"], "hotel_price": ["217"]}, "795560": {"hotel_name": "\u5fc3\u8fdc\u5c1a\u54c1\u9152\u5e97(\u53a6\u95e8\u96c6\u7f8e\u5b66\u6751\u5e97)", "order_time": ["2019-01-23 23:20:16"], "total_order": 1, "hotel_value": ["4.8"], "hotel_price": ["174"]}, "11725294": {"hotel_name": "\u53a6\u95e8\u5c1a\u5ead\u9152\u5e97\u516c\u5bd3", "order_time": ["2019-01-23 23:20:17"], "total_order": 1, "hotel_value": ["4.8"], "hotel_price": ["194"]}, "427947": {"hotel_name": "\u53a6\u95e8\u56fd\u9645\u4f1a\u8bae\u4e2d\u5fc3\u9152\u5e97", "order_time": ["2019-01-23 23:20:21"], "total_order": 1, "hotel_value": ["4.8"], "hotel_price": ["589"]}, "438528": {"hotel_name": "\u53a6\u95e8\u946b\u5b89\u5bbe\u9986", "order_time": ["2019-01-23 23:20:21", "2019-01-23 23:34:15"], "total_order": 2, "hotel_value": ["4.2", "4.2"], "hotel_price": ["287", "287"]}, "1341569": {"hotel_name": "\u53a6\u95e8\u9f13\u6d6a\u5c7f\u9ec4\u80dc\u8bb0\u65c5\u9986", "order_time": ["2019-01-23 23:34:15", "2019-01-23 23:20:22"], "total_order": 2, "hotel_value": ["4.7", "4.7"], "hotel_price": ["247", "247"]}, "12051857": {"hotel_name": "\u53a6\u95e8\u6d6a\u6f2b\u65f6\u4ee3\u5ba2\u6808", "order_time": ["2019-01-23 23:20:24"], "total_order": 1, "hotel_value": ["4.6"], "hotel_price": ["71"]}, "4398643": {"hotel_name": "\u53a6\u95e8\u8fde\u987a\u516c\u5bd3", "order_time": ["2019-01-23 23:20:24"], "total_order": 1, "hotel_value": ["4.8"], "hotel_price": ["70"]}, "6485565": {"hotel_name": "\u9f13\u6d6a\u5c7f\u4e00\u7b51\u82b1\u56ed\u522b\u5885", "order_time": ["2019-01-23 23:20:26"], "total_order": 1, "hotel_value": ["4.6"], "hotel_price": ["150"]}, "1318117": {"hotel_name": "\u53a6\u95e8\u5bb8\u6b23\u5982\u610f\u5ba2\u623f", "order_time": ["2019-01-23 23:20:33"], "total_order": 1, "hotel_value": ["4.6"], "hotel_price": ["101"]}, "1857804": {"hotel_name": "\u53a6\u95e8\u5317\u7ad9\u901f\u4e00\u5ba2\u6808", "order_time": ["2019-01-23 23:20:34"], "total_order": 1, "hotel_value": ["4.6"], "hotel_price": ["62"]}, "4122689": {"hotel_name": "\u53a6\u95e8\u8fb9\u9645\u9152\u5e97", "order_time": ["2019-01-23 23:22:17"], "total_order": 1, "hotel_value": ["4.6"], "hotel_price": ["266"]}, "4041978": {"hotel_name": "\u901f8\u9152\u5e97\uff08\u53a6\u95e8\u673a\u573a\u6e56\u91cc\u5927\u9053\u5e97\uff09", "order_time": ["2019-01-23 23:22:19"], "total_order": 1, "hotel_value": ["4.3"], "hotel_price": ["177"]}, "2040417": {"hotel_name": "7\u5929\u4f18\u54c1\u9152\u5e97(\u53a6\u95e8\u673a\u573a\u6bbf\u524d\u5730\u94c1\u7ad9\u5e97)", "order_time": ["2019-01-23 23:22:21"], "total_order": 1, "hotel_value": ["4.7"], "hotel_price": ["171"]}, "29197409": {"hotel_name": "\u9e97\u67ab\u9152\u5e97(\u53a6\u95e8\u73af\u5c9b\u8def\u89c2\u97f3\u5c71\u4f1a\u5c55\u4e2d\u5fc3\u5e97)", "order_time": ["2019-01-23 23:22:21"], "total_order": 1, "hotel_value": ["5.0"], "hotel_price": ["268"]}, "8656624": {"hotel_name": "\u5168\u5b63\u9152\u5e97(\u53a6\u95e8\u96c6\u7f8e\u5b66\u6751\u5e97)(\u539f\u8d22\u7a0e\u5bbe\u9986)", "order_time": ["2019-01-23 23:22:23"], "total_order": 1, "hotel_value": ["4.7"], "hotel_price": ["293"]}, "2305465": {"hotel_name": "\u901f8\u9152\u5e97(\u53a6\u95e8\u540c\u5b89\u540c\u96c6\u5317\u8def\u5e97)", "order_time": ["2019-01-23 23:22:26"], "total_order": 1, "hotel_value": ["3.9"], "hotel_price": ["140"]}, "11648449": {"hotel_name": "\u53a6\u95e8\u7d20\u516e.\u6d77\u8fb9\u5ea6\u5047\u5ba2\u6808(\u539f\u897f\u95e8\u753a\u7cbe\u54c1\u6c11\u5bbf)", "order_time": ["2019-01-23 23:22:26"], "total_order": 1, "hotel_value": [0], "hotel_price": ["69"]}, "4814803": {"hotel_name": "\u53a6\u95e8\u591c\u6cca\u4e3d\u6e7e\u9152\u5e97", "order_time": ["2019-01-23 23:22:26"], "total_order": 1, "hotel_value": ["4.1"], "hotel_price": ["162"]}, "432697": {"hotel_name": "\u6d77\u53cb\u9152\u5e97(\u53a6\u95e8\u4e07\u8c61\u57ce\u5e97)(\u539f\u91d1\u699c\u897f\u8def\u5e97)", "order_time": ["2019-01-23 23:22:27"], "total_order": 1, "hotel_value": ["4.3"], "hotel_price": ["104"]}, "23571482": {"hotel_name": "\u53a6\u95e8\u5e78\u798f\u65f6\u5149\u516c\u5bd3", "order_time": ["2019-01-23 23:22:28"], "total_order": 1, "hotel_value": ["4.8"], "hotel_price": ["104"]}, "1435101": {"hotel_name": "\u53a6\u95e8\u5317\u7ad9\u68a6\u53a6\u5ba2\u6808", "order_time": ["2019-01-23 23:22:31"], "total_order": 1, "hotel_value": ["4.5"], "hotel_price": ["78"]}, "602620": {"hotel_name": "\u53a6\u95e8\u7f57\u9a6c\u5047\u65e5\u6d77\u666f\u5ea6\u5047\u522b\u5885", "order_time": ["2019-01-23 23:22:35"], "total_order": 1, "hotel_value": ["4.8"], "hotel_price": ["259"]}, "1488631": {"hotel_name": "\u53a6\u95e8\u5317\u7ad9\u6e14\u4eba\u5ba2\u6808", "order_time": ["2019-01-23 23:22:39", "2019-01-23 23:30:22"], "total_order": 2, "hotel_value": ["4.7", "4.7"], "hotel_price": ["68", "68"]}, "1990013": {"hotel_name": "\u53a6\u95e8\u5317\u7ad9\u6e29\u99a8\u96c5\u9601\u5bbe\u9986", "order_time": ["2019-01-23 23:22:51", "2019-01-23 23:44:50"], "total_order": 2, "hotel_value": ["4.7", "4.7"], "hotel_price": ["83", "83"]}, "2338764": {"hotel_name": "\u53a6\u95e8\u7eb3\u5ba2\u56fd\u9645\u9752\u5e74\u65c5\u820d", "order_time": ["2019-01-23 23:24:18"], "total_order": 1, "hotel_value": ["4.5"], "hotel_price": ["34"]}, "2301312": {"hotel_name": "\u57ce\u5e02\u4fbf\u6377\u9152\u5e97(\u53a6\u95e8\u79be\u7965\u897f\u8def\u5e97)", "order_time": ["2019-01-23 23:24:19"], "total_order": 1, "hotel_value": ["4.3"], "hotel_price": ["150"]}, "1386469": {"hotel_name": "\u5982\u5bb6\u5feb\u6377\u9152\u5e97(\u53a6\u95e8\u96c6\u7f8e\u5927\u5b66\u5e97)", "order_time": ["2019-01-23 23:24:19"], "total_order": 1, "hotel_value": ["4.4"], "hotel_price": ["147"]}, "509970": {"hotel_name": "\u53a6\u95e8\u9a8f\u8c6a\u4f1a", "order_time": ["2019-01-23 23:24:19"], "total_order": 1, "hotel_value": ["4.6"], "hotel_price": ["799"]}, "436726": {"hotel_name": "\u53a6\u95e8\u9f13\u6d6a\u5c7f\u5370\u8c61\u95fd\u5357\u6c11\u4fd7\u5ba2\u6808", "order_time": ["2019-01-23 23:24:24"], "total_order": 1, "hotel_value": ["4.7"], "hotel_price": ["202"]}, "2176031": {"hotel_name": "\u9f13\u6d6a\u5c7f\u6c90\u5fc3\u5c45\u65c5\u9986", "order_time": ["2019-01-23 23:24:26", "2019-01-23 23:42:23"], "total_order": 2, "hotel_value": ["4.9", "4.9"], "hotel_price": ["201", "201"]}, "6599741": {"hotel_name": "\u6854\u5b50\u9152\u5e97\u00b7\u7cbe\u9009(\u53a6\u95e8\u4e2d\u5c71\u8def\u8f6e\u6e21\u7801\u5934\u5e97)(\u539f\u4e2d\u5c71\u8def\u6b65\u884c\u8857\u5e97)", "order_time": ["2019-01-23 23:24:26"], "total_order": 1, "hotel_value": ["4.8"], "hotel_price": ["579"]}, "1684892": {"hotel_name": "\u53a6\u95e8\u4e2d\u82d1\u9152\u5e97", "order_time": ["2019-01-23 23:24:35"], "total_order": 1, "hotel_value": ["4.4"], "hotel_price": ["135"]}, "11686172": {"hotel_name": "\u53a6\u95e8\u84dd\u8d1d\u58f3\u5ba2\u6808", "order_time": ["2019-01-23 23:24:45"], "total_order": 1, "hotel_value": ["4.9"], "hotel_price": ["126"]}, "486065": {"hotel_name": "\u6da6\u5ead\u7cbe\u54c1\u9152\u5e97(\u53a6\u95e8\u90ae\u8f6e\u7801\u5934\u4f53\u80b2\u4e2d\u5fc3\u5e97)", "order_time": ["2019-01-23 23:26:17"], "total_order": 1, "hotel_value": ["4.5"], "hotel_price": ["202"]}, "2000401": {"hotel_name": "\u5586\u5561\u9152\u5e97(\u53a6\u95e8\u9f13\u6d6a\u5c7f\u4e2d\u5c71\u8def\u7b2c\u4e00\u7801\u5934\u5e97)", "order_time": ["2019-01-23 23:26:17"], "total_order": 1, "hotel_value": ["4.7"], "hotel_price": ["182"]}, "2310179": {"hotel_name": "\u53a6\u95e8\u66fc\u53ef\u8fde\u9501\u9152\u5e97", "order_time": ["2019-01-23 23:26:18"], "total_order": 1, "hotel_value": ["4.0"], "hotel_price": ["77"]}, "1248982": {"hotel_name": "\u53a6\u95e8\u66fe\u539d\u5b89\u58f9\u5c45hotel", "order_time": ["2019-01-23 23:26:20"], "total_order": 1, "hotel_value": ["4.7"], "hotel_price": ["130"]}, "28565834": {"hotel_name": "\u53a6\u95e8\u559c\u7f8e\u7f8e\u5c45\u9152\u5e97", "order_time": ["2019-01-23 23:26:21"], "total_order": 1, "hotel_value": ["4.8"], "hotel_price": ["399"]}, "1728250": {"hotel_name": "\u53a6\u95e8\u9f13\u6d6a\u5c7f\u6d77\u4e0a\u96c5\u5178\u5a1c\u9152\u5e97", "order_time": ["2019-01-23 23:26:24"], "total_order": 1, "hotel_value": ["4.3"], "hotel_price": ["392"]}, "926806": {"hotel_name": "\u53a6\u95e8\u4eac\u534e\u5927\u9152\u5e97", "order_time": ["2019-01-23 23:26:24"], "total_order": 1, "hotel_value": ["4.6"], "hotel_price": ["390"]}, "700177": {"hotel_name": "\u5c1a\u5ba2\u4f18\u7cbe\u9009\u9152\u5e97(\u53a6\u95e8\u51ef\u6021\u4f1a\u5c55\u4e2d\u5fc3\u5e97)", "order_time": ["2019-01-23 23:26:27", "2019-01-23 23:28:31"], "total_order": 2, "hotel_value": ["4.6", "4.6"], "hotel_price": ["180", "180"]}, "6072091": {"hotel_name": "\u53a6\u95e8\u65e5\u946b\u9152\u5e97\u516c\u5bd3", "order_time": ["2019-01-23 23:26:28"], "total_order": 1, "hotel_value": ["4.4"], "hotel_price": ["160"]}, "1478157": {"hotel_name": "\u53a6\u95e8\u9f13\u6d6a\u5c7f\u8ff7\u5c7f\u65c5\u9986", "order_time": ["2019-01-23 23:26:33"], "total_order": 1, "hotel_value": ["4.7"], "hotel_price": ["222"]}, "1210546": {"hotel_name": "\u53a6\u95e8\u96c5\u5ba2\u83b1\u7cbe\u54c1\u9152\u5e97", "order_time": ["2019-01-23 23:26:33"], "total_order": 1, "hotel_value": ["3.4"], "hotel_price": ["113"]}, "2272439": {"hotel_name": "\u53a6\u95e8\u84dd\u6708\u5feb\u6377\u9152\u5e97", "order_time": ["2019-01-23 23:26:33"], "total_order": 1, "hotel_value": ["3.1"], "hotel_price": ["88"]}, "6284436": {"hotel_name": "\u53a6\u95e8\u4eb2\u5bb6\u56ed\u516c\u5bd3", "order_time": ["2019-01-23 23:26:33"], "total_order": 1, "hotel_value": ["4.3"], "hotel_price": ["79"]}, "474550": {"hotel_name": "\u53a6\u95e8\u9f13\u6d6a\u5c7f\u7d2b\u8272\u9752\u9e1f\u65c5\u9986", "order_time": ["2019-01-23 23:26:33"], "total_order": 1, "hotel_value": ["4.1"], "hotel_price": ["75"]}, "4815899": {"hotel_name": "\u9e6d\u987a\u5bbe\u9986(\u53a6\u95e8\u706b\u8f66\u7ad9\u5e97)", "order_time": ["2019-01-23 23:26:33"], "total_order": 1, "hotel_value": ["3.1"], "hotel_price": ["73"]}, "6798620": {"hotel_name": "\u53a6\u95e8\u71d5\u5b50\u575e\u5730\u4e2d\u6d77\u4e3b\u9898\u6c11\u5bbf", "order_time": ["2019-01-23 23:26:33"], "total_order": 1, "hotel_value": ["4.8"], "hotel_price": ["103"]}, "17384857": {"hotel_name": "\u53a6\u95e8\u7f8e\u9014\u96c5\u820d\u5546\u52a1\u9152\u5e97", "order_time": ["2019-01-23 23:26:33"], "total_order": 1, "hotel_value": ["4.0"], "hotel_price": ["185"]}, "6232787": {"hotel_name": "\u53a6\u95e8\u84dd\u5c71\u8d8a\u9152\u5e97", "order_time": ["2019-01-23 23:28:20", "2019-01-23 23:36:17"], "total_order": 2, "hotel_value": ["4.7", "4.7"], "hotel_price": ["378", "378"]}, "3178165": {"hotel_name": "\u53a6\u95e8\u68a6\u5e7b\u6d77\u6e7e\u9152\u5e97", "order_time": ["2019-01-23 23:28:23"], "total_order": 1, "hotel_value": ["4.6"], "hotel_price": ["191"]}, "4437721": {"hotel_name": "\u53a6\u95e8\u7231\u7b51\u6d77\u666f\u7cbe\u54c1\u4e3b\u9898\u9152\u5e97", "order_time": ["2019-01-23 23:28:24"], "total_order": 1, "hotel_value": ["4.5"], "hotel_price": ["247"]}, "8568943": {"hotel_name": "\u53a6\u95e8\u6c90\u9752\u67ab\u5916\u6d77\u96c5\u5885\u522b\u5885", "order_time": ["2019-01-23 23:28:28", "2019-01-23 23:44:29"], "total_order": 2, "hotel_value": ["4.7", "4.7"], "hotel_price": ["178", "178"]}, "18516606": {"hotel_name": "\u53a6\u95e8\u71b9\u8fd1\u8bbe\u8ba1\u578b\u5ea6\u5047\u522b\u5885", "order_time": ["2019-01-23 23:28:30"], "total_order": 1, "hotel_value": ["4.9"], "hotel_price": ["152"]}, "1338674": {"hotel_name": "\u53a6\u95e8\u5bf9\u5cb8\u5ba2\u6808", "order_time": ["2019-01-23 23:28:32"], "total_order": 1, "hotel_value": ["4.7"], "hotel_price": ["293"]}, "29490138": {"hotel_name": "\u53a6\u95e8\u96c0\u6995\u516c\u5bd3", "order_time": ["2019-01-23 23:28:32"], "total_order": 1, "hotel_value": [0], "hotel_price": ["134"]}, "1488640": {"hotel_name": "\u53a6\u95e8\u5317\u7ad9\u5317\u6781\u661f\u5ba2\u6808", "order_time": ["2019-01-23 23:28:47"], "total_order": 1, "hotel_value": ["4.7"], "hotel_price": ["101"]}, "11500565": {"hotel_name": "\u53a6\u95e8\u6f9c\u5ead\u5ba2\u6808", "order_time": ["2019-01-23 23:28:48"], "total_order": 1, "hotel_value": ["4.9"], "hotel_price": ["168"]}, "701742": {"hotel_name": "\u901f8\u9152\u5e97(\u53a6\u95e8\u4e2d\u5c71\u8def\u53a6\u95e8\u5927\u5b66\u5e97)", "order_time": ["2019-01-23 23:30:13"], "total_order": 1, "hotel_value": ["4.6"], "hotel_price": ["223"]}, "5764803": {"hotel_name": "\u53a6\u95e8\u753b\u5eca\u65c5\u9986\u4e16\u5916\u6843\u6e90\u9986", "order_time": ["2019-01-23 23:30:15"], "total_order": 1, "hotel_value": ["4.9"], "hotel_price": ["208"]}, "1405990": {"hotel_name": "\u901f8\u9152\u5e97(\u53a6\u95e8\u706b\u8f66\u7ad9\u5e97)", "order_time": ["2019-01-23 23:30:17"], "total_order": 1, "hotel_value": ["4.3"], "hotel_price": ["213"]}, "25123229": {"hotel_name": "\u53a6\u95e8\u5ba2\u8c08\u6c11\u5bbf", "order_time": ["2019-01-23 23:30:18"], "total_order": 1, "hotel_value": ["5.0"], "hotel_price": ["258"]}, "4424172": {"hotel_name": "\u53a6\u95e8\u4ebf\u88d5\u6210\u9152\u5e97", "order_time": ["2019-01-23 23:30:19"], "total_order": 1, "hotel_value": ["4.5"], "hotel_price": ["164"]}, "5205455": {"hotel_name": "Zsmart\u667a\u5c1a\u9152\u5e97(\u53a6\u95e8\u706b\u8f66\u7ad9\u83b2\u5742\u5730\u94c1\u7ad9\u5e97)", "order_time": ["2019-01-23 23:34:15", "2019-01-23 23:30:19"], "total_order": 2, "hotel_value": ["4.4", "4.4"], "hotel_price": ["161", "161"]}, "858889": {"hotel_name": "\u53a6\u95e8\u4e5d\u95f4\u5802\u8bbe\u8ba1\u5e08\u6c11\u5bbf(\u539f\u53a6\u95e8\u4e09\u6708\u5ba2\u6808)", "order_time": ["2019-01-23 23:30:19"], "total_order": 1, "hotel_value": ["4.8"], "hotel_price": ["116"]}, "375291": {"hotel_name": "\u53a6\u95e8\u798f\u4f51\u5927\u996d\u5e97", "order_time": ["2019-01-23 23:30:21"], "total_order": 1, "hotel_value": ["4.2"], "hotel_price": ["320"]}, "2073770": {"hotel_name": "\u53a6\u95e8\u4f70\u52a0\u4fe1\u5ba2\u6808", "order_time": ["2019-01-23 23:30:24"], "total_order": 1, "hotel_value": ["4.6"], "hotel_price": ["154"]}, "1399681": {"hotel_name": "\u53a6\u95e8\u6c90\u98ce\u5ba2\u6808(\u539f\u6cf0\u6f2b\u4f11\u95f2\u5ba2\u6808)", "order_time": ["2019-01-23 23:30:30"], "total_order": 1, "hotel_value": ["4.6"], "hotel_price": ["76"]}, "845038": {"hotel_name": "\u5982\u5bb6\u5feb\u6377\u9152\u5e97(\u53a6\u95e8\u4e2d\u5c71\u8def\u7b2c\u4e00\u7801\u5934\u5e97)", "order_time": ["2019-01-23 23:30:32"], "total_order": 1, "hotel_value": ["4.0"], "hotel_price": ["139"]}, "5924369": {"hotel_name": "\u53a6\u95e8\u6f58\u591a\u62c9\u57ce\u5821\u5e84\u56ed", "order_time": ["2019-01-23 23:32:23"], "total_order": 1, "hotel_value": ["4.9"], "hotel_price": ["249"]}, "439323": {"hotel_name": "\u9f13\u6d6a\u5c7f\u7231\u4e0a\u82b1\u56ed\u65c5\u9986", "order_time": ["2019-01-23 23:32:24"], "total_order": 1, "hotel_value": ["4.7"], "hotel_price": ["166"]}, "11658732": {"hotel_name": "\u9f13\u6d6a\u5c7f\u82b1\u989c\u5c45\u5ba2\u6808", "order_time": ["2019-01-23 23:32:27"], "total_order": 1, "hotel_value": ["4.6"], "hotel_price": ["153"]}, "2304550": {"hotel_name": "\u53a6\u95e8\u7b7c\u7b5c\u4e66\u9662\u4ea4\u6d41\u4e2d\u5fc3", "order_time": ["2019-01-23 23:42:28", "2019-01-23 23:32:28"], "total_order": 2, "hotel_value": ["4.4", "4.4"], "hotel_price": ["360", "360"]}, "17086184": {"hotel_name": "\u53a6\u95e8\u7fd4\u90fd\u4e50\u5546\u52a1\u9152\u5e97", "order_time": ["2019-01-23 23:32:37"], "total_order": 1, "hotel_value": ["4.5"], "hotel_price": ["140"]}, "1547901": {"hotel_name": "\u53a6\u95e8\u68a8\u5bbf\u5ba2\u6808(\u539f\u82b1\u5ead\u65c5\u9986\u9f13\u6d6a\u5c7f\u575b\u6d77\u82b1\u56ed\u5e97)", "order_time": ["2019-01-23 23:32:49"], "total_order": 1, "hotel_value": ["4.6"], "hotel_price": ["164"]}, "4640529": {"hotel_name": "\u53a6\u95e8\u82b1\u5f00\u8317\u54c1\u5ba2\u6808", "order_time": ["2019-01-23 23:34:15"], "total_order": 1, "hotel_value": ["4.9"], "hotel_price": ["189"]}, "6561615": {"hotel_name": "\u53a6\u95e8\u96c6\u7f8e\u5609\u4e3d\u5546\u52a1\u5bbe\u9986", "order_time": ["2019-01-23 23:34:15"], "total_order": 1, "hotel_value": ["4.6"], "hotel_price": ["133"]}, "6117726": {"hotel_name": "\u8d1d\u591a\u62c9\u4e3b\u9898\u9152\u5e97(\u53a6\u95e8\u706b\u8f66\u7ad9\u5e97)", "order_time": ["2019-01-23 23:34:15", "2019-01-23 23:38:22"], "total_order": 2, "hotel_value": ["4.5", "4.5"], "hotel_price": ["131", "131"]}, "12522024": {"hotel_name": "\u53a6\u95e8\u5927\u5b66\u5fc3\u65c5\u6d77\u666f\u9152\u5e97\u5f0f\u516c\u5bd3(\u539f\u4e16\u8302\u53cc\u5b50\u5854\u53a6\u5927\u6d77\u666f\u9152\u5e97)", "order_time": ["2019-01-23 23:34:16"], "total_order": 1, "hotel_value": ["4.6"], "hotel_price": ["383"]}, "1098200": {"hotel_name": "\u5982\u5bb6\u9152\u5e97(\u53a6\u95e8SM\u5e7f\u573a\u4e4c\u77f3\u6d66\u5730\u94c1\u7ad9\u5e97)", "order_time": ["2019-01-23 23:34:16"], "total_order": 1, "hotel_value": ["3.8"], "hotel_price": ["161"]}, "1586686": {"hotel_name": "\u53a6\u95e8\u60a6\u8c6a\u9152\u5e97", "order_time": ["2019-01-23 23:34:19"], "total_order": 1, "hotel_value": ["4.5"], "hotel_price": ["209"]}, "2302233": {"hotel_name": "\u65b0\u4e00\u5929S\u9152\u5e97(\u53a6\u95e8\u5d69\u5c7f\u7801\u5934\u5e97)", "order_time": ["2019-01-23 23:34:25"], "total_order": 1, "hotel_value": ["4.4"], "hotel_price": ["153"]}, "2605823": {"hotel_name": "\u53a6\u95e8\u66fc\u53ef\u9152\u5e97", "order_time": ["2019-01-23 23:34:25"], "total_order": 1, "hotel_value": ["4.1"], "hotel_price": ["93"]}, "775202": {"hotel_name": "\u53a6\u95e8\u9f13\u6d6a\u5c7f\u5927\u5b85\u95e8\u5bb6\u5ead\u65c5\u9986", "order_time": ["2019-01-23 23:34:25"], "total_order": 1, "hotel_value": ["4.5"], "hotel_price": ["183"]}, "22804277": {"hotel_name": "\u6854\u5b50\u9152\u5e97\u7cbe\u9009(\u53a6\u95e8\u4f1a\u5c55\u4e2d\u5fc3\u89c2\u97f3\u5c71\u5e97)", "order_time": ["2019-01-23 23:34:25"], "total_order": 1, "hotel_value": ["4.8"], "hotel_price": ["360"]}, "18515029": {"hotel_name": "\u5927\u8c61\u6c11\u5bbf(\u53a6\u95e8\u53a6\u9f13\u7801\u5934\u5e97)", "order_time": ["2019-01-23 23:34:27"], "total_order": 1, "hotel_value": ["4.7"], "hotel_price": ["344"]}, "4041819": {"hotel_name": "\u5bb6\u5bb6\u4e50\u9152\u5e97\uff08\u53a6\u95e8\u4e2d\u5c71\u8def\u6b65\u884c\u8857\u5e97\uff09", "order_time": ["2019-01-23 23:36:16"], "total_order": 1, "hotel_value": ["4.4"], "hotel_price": ["124"]}, "434956": {"hotel_name": "\u53a6\u95e8\u767d\u9e6d\u5bbe\u9986", "order_time": ["2019-01-23 23:36:17"], "total_order": 1, "hotel_value": ["4.5"], "hotel_price": ["297"]}, "23858080": {"hotel_name": "\u53a6\u95e8\u4f73\u9038\u5e0c\u5c14\u987f\u683c\u82ae\u7cbe\u9009\u9152\u5e97", "order_time": ["2019-01-23 23:36:18"], "total_order": 1, "hotel_value": ["4.7"], "hotel_price": ["876"]}, "2862304": {"hotel_name": "\u9f13\u6d6a\u5c7f\u60df\u6709\u65f6\u5149", "order_time": ["2019-01-23 23:36:25"], "total_order": 1, "hotel_value": ["4.9"], "hotel_price": ["148"]}, "23928100": {"hotel_name": "\u53a6\u95e8\u91d1\u7f07\u4e3d\u4e1d\u6c11\u5bbf", "order_time": ["2019-01-23 23:36:25"], "total_order": 1, "hotel_value": ["4.5"], "hotel_price": ["212"]}, "1408507": {"hotel_name": "\u53a6\u95e8\u94f6\u9f99\u57ce\u9645\u9152\u5e97", "order_time": ["2019-01-23 23:36:32"], "total_order": 1, "hotel_value": ["4.1"], "hotel_price": ["146"]}, "1430145": {"hotel_name": "\u53a6\u95e8\u827e\u5de2\u4e3b\u9898\u5ba2\u6808", "order_time": ["2019-01-23 23:36:33"], "total_order": 1, "hotel_value": ["5.0"], "hotel_price": ["103"]}, "8615916": {"hotel_name": "\u53a6\u95e8\u84dd\u8272\u6d77\u5cb8\u9152\u5e97", "order_time": ["2019-01-23 23:38:17"], "total_order": 1, "hotel_value": ["4.6"], "hotel_price": ["171"]}, "427501": {"hotel_name": "\u53a6\u95e8\u9187\u6d77\u5cb8\u7cbe\u54c1\u9152\u5e97", "order_time": ["2019-01-23 23:38:21"], "total_order": 1, "hotel_value": ["4.9"], "hotel_price": ["664"]}, "1434905": {"hotel_name": "\u9752\u5e74\u9633\u5149\u9152\u5e97(\u53a6\u95e8\u8f6e\u6e21\u5e97)", "order_time": ["2019-01-23 23:38:23"], "total_order": 1, "hotel_value": ["4.5"], "hotel_price": ["109"]}, "2305392": {"hotel_name": "\u53a6\u95e8\u9f13\u6d6a\u5c7f\u9e6d\u98de\u56fd\u9645\u9752\u5e74\u65c5\u820d", "order_time": ["2019-01-23 23:38:26"], "total_order": 1, "hotel_value": ["4.5"], "hotel_price": ["69"]}, "1566963": {"hotel_name": "\u53a6\u95e8\u9038\u6995\u5c45\u5ba2\u6808", "order_time": ["2019-01-23 23:38:28"], "total_order": 1, "hotel_value": ["3.5"], "hotel_price": ["88"]}, "6843796": {"hotel_name": "\u9f13\u6d6a\u5c7f\u52a0\u5dde\u522b\u9662", "order_time": ["2019-01-23 23:42:29", "2019-01-23 23:38:29"], "total_order": 2, "hotel_value": ["4.1", "4.1"], "hotel_price": ["232", "232"]}, "1742958": {"hotel_name": "\u53a6\u95e8\u9f13\u6d6a\u5c7f\u68a6\u7f18\u53e4\u539d\u590d\u53e4\u65c5\u9986", "order_time": ["2019-01-23 23:38:31"], "total_order": 1, "hotel_value": ["4.9"], "hotel_price": ["49"]}, "5701956": {"hotel_name": "\u53a6\u95e8\u9038\u8f69\u516c\u5bd3", "order_time": ["2019-01-23 23:38:31"], "total_order": 1, "hotel_value": ["4.3"], "hotel_price": ["113"]}, "2097550": {"hotel_name": "\u53a6\u95e8\u6d6a\u6f2b\u90fd\u5e02\u9152\u5e97", "order_time": ["2019-01-23 23:38:39"], "total_order": 1, "hotel_value": ["4.1"], "hotel_price": ["123"]}, "2539706": {"hotel_name": "\u53a6\u95e8\u56db\u6d77\u4e4b\u661f\u9152\u5e97", "order_time": ["2019-01-23 23:40:20"], "total_order": 1, "hotel_value": ["4.2"], "hotel_price": ["137"]}, "804367": {"hotel_name": "\u548c\u9890\u9152\u5e97(\u53a6\u95e8\u706b\u8f66\u7ad9\u83b2\u82b1\u8def\u53e3\u5730\u94c1\u7ad9\u5e97)", "order_time": ["2019-01-23 23:40:20"], "total_order": 1, "hotel_value": ["4.8"], "hotel_price": ["265"]}, "1756972": {"hotel_name": "U-Door\u4e91\u6735\u8033\u6d77\u666f\u9a7f\u7ad9(\u539f\u53a6\u95e8\u5496\u5561\u65f6\u5149\u6d77\u666f\u9a7f\u6808)", "order_time": ["2019-01-23 23:40:21"], "total_order": 1, "hotel_value": ["4.5"], "hotel_price": ["197"]}, "425692": {"hotel_name": "\u53a6\u95e8\u6d77\u60a6\u5c71\u5e84\u9152\u5e97", "order_time": ["2019-01-23 23:40:22"], "total_order": 1, "hotel_value": ["4.8"], "hotel_price": ["813"]}, "14996652": {"hotel_name": "\u53a6\u95e8\u9c7c\u5c45\u6d77\u666f\u6c11\u5bbf", "order_time": ["2019-01-23 23:40:23"], "total_order": 1, "hotel_value": ["4.8"], "hotel_price": ["187"]}, "452602": {"hotel_name": "\u53a6\u95e8\u90b1\u5341\u4e8c\u5b85(\u539f\u4e54\u6cbb\u8001\u522b\u5885)", "order_time": ["2019-01-23 23:42:20", "2019-01-23 23:40:27"], "total_order": 2, "hotel_value": ["4.8", "4.8"], "hotel_price": ["342", "342"]}, "7515154": {"hotel_name": "\u53a6\u95e8\u541b\u60a6\u9152\u5e97\u516c\u5bd3", "order_time": ["2019-01-23 23:40:41"], "total_order": 1, "hotel_value": ["4.4"], "hotel_price": ["113"]}, "8568979": {"hotel_name": "\u53a6\u95e8\u5317\u7ad9\u7965\u5b81\u5ba2\u6808", "order_time": ["2019-01-23 23:40:43"], "total_order": 1, "hotel_value": ["4.8"], "hotel_price": ["83"]}, "1729077": {"hotel_name": "\u559c\u6797\u9601\u5ea6\u5047\u65c5\u9986(\u9f13\u6d6a\u5c7f\u4e16\u754c\u6587\u5316\u9057\u4ea7\u5e97)", "order_time": ["2019-01-23 23:40:48"], "total_order": 1, "hotel_value": ["4.7"], "hotel_price": ["488"]}, "6609857": {"hotel_name": "\u53a6\u95e8\u8299\u84c9\u9601\u9152\u5e97", "order_time": ["2019-01-23 23:40:48"], "total_order": 1, "hotel_value": ["4.9"], "hotel_price": ["228"]}, "22823142": {"hotel_name": "\u53a6\u95e8\u6cf0\u5730\u4e07\u6021\u9152\u5e97", "order_time": ["2019-01-23 23:42:23"], "total_order": 1, "hotel_value": ["4.0"], "hotel_price": ["486"]}, "6355587": {"hotel_name": "\u590f\u5546\u6021\u7fd4\u5047\u65e5\u9152\u5e97(\u53a6\u95e8\u706b\u8f66\u7ad9\u5e97)", "order_time": ["2019-01-23 23:42:24"], "total_order": 1, "hotel_value": ["4.8"], "hotel_price": ["889"]}, "436738": {"hotel_name": "\u9f13\u6d6a\u5c7f\u6c38\u987a\u5ea6\u5047\u65c5\u9986(\u53a6\u95e8\u79d1\u6797\u65af\u5e97)", "order_time": ["2019-01-23 23:42:26"], "total_order": 1, "hotel_value": ["4.5"], "hotel_price": ["276"]}, "21764649": {"hotel_name": "\u53a6\u95e8lailai\u7684\u9752\u65c5", "order_time": ["2019-01-23 23:42:34"], "total_order": 1, "hotel_value": ["4.5"], "hotel_price": ["55"]}, "1073553": {"hotel_name": "\u53a6\u95e8\u9f13\u6d6a\u5c7f77\u53f7\u82b1\u56ed\u5ea6\u5047\u522b\u5885", "order_time": ["2019-01-23 23:42:37"], "total_order": 1, "hotel_value": ["4.4"], "hotel_price": ["138"]}, "4817706": {"hotel_name": "\u53a6\u95e8\u4e09\u4e2a\u53a6\u5927\u4ebakiwi\u6c11\u5bbf", "order_time": ["2019-01-23 23:44:17"], "total_order": 1, "hotel_value": ["4.9"], "hotel_price": ["619"]}, "5028626": {"hotel_name": "\u53a6\u95e8\u9493\u00b7\u7eaf\u6d77\u8f7b\u5962\u9a7f\u9986", "order_time": ["2019-01-23 23:44:17"], "total_order": 1, "hotel_value": ["4.9"], "hotel_price": ["258"]}, "10556585": {"hotel_name": "\u53a6\u95e8\u4e91\u4e5f\u9152\u5e97", "order_time": ["2019-01-23 23:44:17"], "total_order": 1, "hotel_value": ["4.8"], "hotel_price": ["658"]}, "2231519": {"hotel_name": "\u53a6\u95e8\u98ce\u548c\u6c34\u5e06\u8239\u9152\u5e97", "order_time": ["2019-01-23 23:44:20"], "total_order": 1, "hotel_value": ["4.3"], "hotel_price": ["293"]}, "436708": {"hotel_name": "\u53a6\u95e8\u91d1\u540e\u9152\u5e97", "order_time": ["2019-01-23 23:44:22"], "total_order": 1, "hotel_value": ["4.6"], "hotel_price": ["278"]}, "486020": {"hotel_name": "\u53a6\u95e8\u4e07\u4f73\u4e91\u9876\u5ea6\u5047\u9152\u5e97", "order_time": ["2019-01-23 23:44:23"], "total_order": 1, "hotel_value": ["4.5"], "hotel_price": ["238"]}, "14559437": {"hotel_name": "\u53a6\u95e8\u66fe\u539d\u57b5\u843d\u811a\u70b9\u5ba2\u6808", "order_time": ["2019-01-23 23:44:25"], "total_order": 1, "hotel_value": ["4.9"], "hotel_price": ["103"]}, "6551033": {"hotel_name": "\u683c\u6797\u8054\u76df(\u53a6\u95e8\u706b\u8f66\u7ad9\u4f53\u80b2\u4e2d\u5fc3\u5e97)", "order_time": ["2019-01-23 23:44:26"], "total_order": 1, "hotel_value": ["4.3"], "hotel_price": ["139"]}, "1742980": {"hotel_name": "\u4f73\u6a59\u5feb\u6377\u9152\u5e97\uff08\u53a6\u95e8\u706b\u8f66\u7ad9\u5e97\uff09", "order_time": ["2019-01-23 23:44:28"], "total_order": 1, "hotel_value": ["4.1"], "hotel_price": ["103"]}, "2280697": {"hotel_name": "\u53a6\u95e8\u77f3\u5bbf\u6d77\u666f\u6c11\u5bbf", "order_time": ["2019-01-23 23:44:32"], "total_order": 1, "hotel_value": ["4.7"], "hotel_price": ["1134"]}, "1517018": {"hotel_name": "\u53a6\u95e8\u53a6\u5927\u9633\u5149\u6d77\u5c4b\u5ba2\u6808", "order_time": ["2019-01-23 23:44:34"], "total_order": 1, "hotel_value": ["4.9"], "hotel_price": ["82"]}, "1815207": {"hotel_name": "\u53a6\u95e8\u9f13\u6d6a\u5c7f\u6d77\u5c9b\u4e4b\u5bb6\u65c5\u9986", "order_time": ["2019-01-23 23:44:35"], "total_order": 1, "hotel_value": ["4.6"], "hotel_price": ["153"]}}}