{"\u5f00\u59cb\u8bb0\u5f55\u65f6\u95f4": "2019-01-11 18:09:03", "\u7ed3\u675f\u8bb0\u5f55\u65f6\u95f4": "2019-01-11 19:09:03", "\u8ba2\u5355\u603b\u589e\u91cf": 413, "item": {"369717": {"hotel_name": "\u5357\u4eac\u91d1\u9e70\u73e0\u6c5f\u58f9\u53f7\u56fd\u9645\u9152\u5e97", "order_time": ["2019-01-11 18:11:25", "2019-01-11 18:13:25"], "total_order": 2, "hotel_value": ["4.7", "4.7"], "hotel_price": ["580", "580"]}, "419566": {"hotel_name": "\u5357\u4eac\u53e4\u5357\u90fd\u996d\u5e97", "order_time": ["2019-01-11 18:11:25", "2019-01-11 18:13:25"], "total_order": 2, "hotel_value": ["4.8", "4.8"], "hotel_price": ["499", "499"]}, "19809244": {"hotel_name": "\u7f8e\u8c6a\u4e3d\u81f4\u9152\u5e97(\u5357\u4eac\u65b0\u8857\u53e3\u5fb7\u57fa\u5e7f\u573a\u5e97)", "order_time": ["2019-01-11 18:11:25"], "total_order": 1, "hotel_value": ["4.8"], "hotel_price": ["650"]}, "1633091": {"hotel_name": "\u5357\u4eac\u7ea6\u7ff0\u82b1\u56ed\u5927\u9152\u5e97", "order_time": ["2019-01-11 18:11:25"], "total_order": 1, "hotel_value": ["4.2"], "hotel_price": ["318"]}, "378829": {"hotel_name": "\u5357\u4eac\u57ce\u5e02\u540d\u4eba\u9152\u5e97", "order_time": ["2019-01-11 18:11:25"], "total_order": 1, "hotel_value": ["4.8"], "hotel_price": ["548"]}, "7687802": {"hotel_name": "\u5357\u4eac\u767d\u65af\u7279\u9152\u5e97", "order_time": ["2019-01-11 18:11:25"], "total_order": 1, "hotel_value": ["4.6"], "hotel_price": ["298"]}, "6511386": {"hotel_name": "\u5357\u4eac\u534a\u4ea9\u79c1\u6c64\u6e29\u6cc9\u6c11\u5bbf(\u539f\u534a\u4ea9\u9152\u5e97)", "order_time": ["2019-01-11 18:11:27"], "total_order": 1, "hotel_value": ["4.6"], "hotel_price": ["1052"]}, "1773319": {"hotel_name": "\u6d77\u53cb\u9152\u5e97(\u5357\u4eac\u592b\u5b50\u5e99\u4e2d\u5fc3\u5e97)", "order_time": ["2019-01-11 18:11:27"], "total_order": 1, "hotel_value": ["4.1"], "hotel_price": ["178"]}, "1945382": {"hotel_name": "\u5496\u5c45\u7cbe\u9009\u9152\u5e97(\u5357\u4eac\u82cf\u5b81\u5929\u6da6\u5e7f\u573a\u5e97)(\u539f\u7ef4\u65af\u7279\u7cbe\u54c1\u9152\u5e97)", "order_time": ["2019-01-11 18:11:27"], "total_order": 1, "hotel_value": ["4.4"], "hotel_price": ["143"]}, "1447045": {"hotel_name": "\u83ab\u6cf0168(\u5357\u4eac\u6c5f\u5b81\u5927\u5b66\u57ce\u9f99\u7720\u5927\u9053\u5730\u94c1\u7ad9\u5e97)", "order_time": ["2019-01-11 18:11:27"], "total_order": 1, "hotel_value": ["4.4"], "hotel_price": ["163"]}, "1773482": {"hotel_name": "\u6c49\u5ead\u9152\u5e97(\u5357\u4eac\u5e94\u5929\u5927\u8857\u5e97)", "order_time": ["2019-01-11 18:11:29"], "total_order": 1, "hotel_value": ["4.4"], "hotel_price": ["186"]}, "5716734": {"hotel_name": "\u5357\u4eac\u7984\u53e3\u673a\u573a\u4e9a\u6735\u9152\u5e97", "order_time": ["2019-01-11 18:11:30"], "total_order": 1, "hotel_value": ["4.8"], "hotel_price": ["422"]}, "13441761": {"hotel_name": "\u9526\u6c5f\u90fd\u57ce\u9152\u5e97(\u5357\u4eac\u5357\u7ad9\u5e97)", "order_time": ["2019-01-11 18:11:30"], "total_order": 1, "hotel_value": ["4.8"], "hotel_price": ["398"]}, "798937": {"hotel_name": "\u5357\u4eac\u592b\u5b50\u5e99\u56fd\u9645\u9752\u5e74\u65c5\u820d", "order_time": ["2019-01-11 18:11:31"], "total_order": 1, "hotel_value": ["4.1"], "hotel_price": ["54"]}, "902105": {"hotel_name": "\u9526\u6c5f\u4e4b\u661f(\u5357\u4eac\u6c5f\u5b81\u5929\u5370\u5927\u9053\u5e97)", "order_time": ["2019-01-11 18:11:31"], "total_order": 1, "hotel_value": ["4.2"], "hotel_price": ["179"]}, "1582554": {"hotel_name": "\u5357\u4eac\u53cb\u597d\u524d\u7a0b\u7cbe\u54c1\u9152\u5e97", "order_time": ["2019-01-11 18:11:34"], "total_order": 1, "hotel_value": ["4.3"], "hotel_price": ["230"]}, "28678204": {"hotel_name": "\u5357\u4eac\u9082\u9005\u9633\u5149\u9152\u5e97", "order_time": ["2019-01-11 18:11:34"], "total_order": 1, "hotel_value": ["5.0"], "hotel_price": ["119"]}, "795167": {"hotel_name": "\u5357\u4eac\u5170\u67ab\u9152\u5e97", "order_time": ["2019-01-11 18:11:36"], "total_order": 1, "hotel_value": ["4.0"], "hotel_price": ["140"]}, "3656411": {"hotel_name": "\u90fd\u5e02118(\u5357\u4eac\u80dc\u592a\u8def\u5730\u94c1\u7ad9\u5e97)", "order_time": ["2019-01-11 18:11:38"], "total_order": 1, "hotel_value": ["4.1"], "hotel_price": ["110"]}, "24052631": {"hotel_name": "\u5357\u4eac\u73ba\u60a6\u9152\u5e97", "order_time": ["2019-01-11 18:11:38"], "total_order": 1, "hotel_value": ["4.4"], "hotel_price": ["250"]}, "1535637": {"hotel_name": "\u6c49\u5ead\u9152\u5e97(\u5357\u4eac\u6c5f\u6d66\u9f99\u534e\u8def\u5730\u94c1\u7ad9\u5e97)", "order_time": ["2019-01-11 18:11:44", "2019-01-11 18:51:40"], "total_order": 2, "hotel_value": ["4.4", "4.4"], "hotel_price": ["196", "209"]}, "813373": {"hotel_name": "\u5357\u4eac\u6db5\u6708\u697c\u9996\u4e3d\u65af\u9152\u5e97", "order_time": ["2019-01-11 18:20:12", "2019-01-11 18:12:14"], "total_order": 2, "hotel_value": ["4.8", "4.8"], "hotel_price": ["678", "678"]}, "369782": {"hotel_name": "\u5357\u4eac\u6c34\u6e38\u57ce\u5047\u65e5\u9152\u5e97", "order_time": ["2019-01-11 18:12:14"], "total_order": 1, "hotel_value": ["4.7"], "hotel_price": ["599"]}, "1589784": {"hotel_name": "\u6e05\u6c90\u8fde\u9501\u9152\u5e97(\u5357\u4eac\u4e07\u8fbe\u5e7f\u573a\u4e1c\u5b9d\u8def\u5e97)(\u539f\u541b\u8bfa\u5bbe\u9986)", "order_time": ["2019-01-11 18:12:15"], "total_order": 1, "hotel_value": ["4.2"], "hotel_price": ["250"]}, "5451854": {"hotel_name": "\u5357\u4eac\u91d1\u9e70\u56fd\u9645\u9152\u5e97", "order_time": ["2019-01-11 18:23:28", "2019-01-11 18:13:25"], "total_order": 2, "hotel_value": ["4.9", "4.9"], "hotel_price": ["828", "828"]}, "375288": {"hotel_name": "\u5357\u4eac\u7384\u6b66\u996d\u5e97", "order_time": ["2019-01-11 18:13:25"], "total_order": 1, "hotel_value": ["4.7"], "hotel_price": ["528"]}, "396597": {"hotel_name": "\u91d1\u9e70\u56fd\u4ed5\u8fbe\u9152\u5e97(\u5357\u4eac\u65b0\u8857\u53e3\u5730\u94c1\u7ad9\u5e97)", "order_time": ["2019-01-11 18:13:26"], "total_order": 1, "hotel_value": ["4.9"], "hotel_price": ["332"]}, "913039": {"hotel_name": "\u5b9c\u5fc5\u601d\u9152\u5e97(\u5357\u4eac\u592b\u5b50\u5e99\u5e97)", "order_time": ["2019-01-11 18:13:26"], "total_order": 1, "hotel_value": ["4.4"], "hotel_price": ["279"]}, "1585888": {"hotel_name": "\u9526\u6c5f\u4e4b\u661f(\u5357\u4eac\u5965\u4f53\u9ec4\u5c71\u8def\u5e97)", "order_time": ["2019-01-11 18:13:27"], "total_order": 1, "hotel_value": ["4.3"], "hotel_price": ["208"]}, "1271085": {"hotel_name": "Q\u52a0\u00b7\u99a8\u5eb7\u5bbe\u9986(\u5357\u4eac\u7984\u53e3\u673a\u573a\u5e97)", "order_time": ["2019-01-11 18:13:28"], "total_order": 1, "hotel_value": ["4.9"], "hotel_price": ["127"]}, "798936": {"hotel_name": "\u5982\u5bb6\u9152\u5e97(\u5357\u4eac\u4e5d\u9f99\u6e56\u5730\u94c1\u7ad9\u53cc\u9f99\u5927\u9053\u5e97)", "order_time": ["2019-01-11 18:13:29", "2019-01-11 18:43:31"], "total_order": 2, "hotel_value": ["4.7", "4.7"], "hotel_price": ["191", "191"]}, "481819": {"hotel_name": "\u5357\u4eac\u4e3d\u6e56\u96c5\u81f4\u9152\u5e97", "order_time": ["2019-01-11 18:13:29", "2019-01-11 18:45:37"], "total_order": 2, "hotel_value": ["4.7", "4.7"], "hotel_price": ["609", "550"]}, "14255250": {"hotel_name": "\u5c1a\u5ba2\u4f18\u9a8f\u6021\u8fde\u9501\u9152\u5e97\u7fd4\u5b87\u8def\u5357\u5730\u94c1\u7ad9\u5e97", "order_time": ["2019-01-11 18:13:29", "2019-01-11 18:25:41"], "total_order": 2, "hotel_value": ["4.3", "4.3"], "hotel_price": ["99", "99"]}, "435621": {"hotel_name": "\u5357\u4eac\u4e2d\u5c71\u5927\u53a6", "order_time": ["2019-01-11 18:13:29", "2019-01-11 18:27:22"], "total_order": 2, "hotel_value": ["4.7", "4.7"], "hotel_price": ["319", "308"]}, "1452149": {"hotel_name": "\u5982\u5bb6\u5feb\u6377\u9152\u5e97(\u5357\u4eac\u706b\u8f66\u5357\u7ad9\u660e\u53d1\u5e7f\u573a\u5730\u94c1\u7ad9\u5e97)", "order_time": ["2019-01-11 18:13:29", "2019-01-11 18:33:29"], "total_order": 2, "hotel_value": ["4.4", "4.4"], "hotel_price": ["209", "209"]}, "13912438": {"hotel_name": "\u5357\u4eac\u79a7\u6a3e\u9152\u5e97", "order_time": ["2019-01-11 18:13:30"], "total_order": 1, "hotel_value": ["4.5"], "hotel_price": ["236"]}, "1453801": {"hotel_name": "\u5982\u5bb6\u5feb\u6377\u9152\u5e97(\u5357\u4eac\u957f\u9014\u6c7d\u8f66\u4e1c\u7ad9\u6797\u4e1a\u5927\u5b66\u65b0\u5e84\u5730\u94c1\u7ad9\u5e97)", "order_time": ["2019-01-11 18:13:30", "2019-01-11 18:53:38"], "total_order": 2, "hotel_value": ["4.4", "4.4"], "hotel_price": ["171", "171"]}, "2302852": {"hotel_name": "7\u5929\u8fde\u9501\u9152\u5e97(\u5357\u4eac\u5357\u7ad9\u6c5f\u5b81\u6cb3\u5b9a\u6865\u5730\u94c1\u7ad9\u5e97)", "order_time": ["2019-01-11 18:13:31"], "total_order": 1, "hotel_value": ["3.9"], "hotel_price": ["127"]}, "8330648": {"hotel_name": "\u548c\u749e\u8bbe\u8ba1\u5e08\u516c\u5bd3(\u5357\u4eac\u5357\u7ad9\u5e97)", "order_time": ["2019-01-11 18:13:31"], "total_order": 1, "hotel_value": ["4.6"], "hotel_price": ["274"]}, "2300861": {"hotel_name": "7\u5929\u8fde\u9501\u9152\u5e97(\u5357\u4eac\u4e2d\u592e\u95e8\u706b\u8f66\u7ad9\u5e97)", "order_time": ["2019-01-11 18:13:31"], "total_order": 1, "hotel_value": ["4.3"], "hotel_price": ["155"]}, "22825276": {"hotel_name": "\u5357\u4eac\u8bc1\u5927\u5168\u60a6\u516c\u5bd3", "order_time": ["2019-01-11 18:31:45", "2019-01-11 18:13:32"], "total_order": 2, "hotel_value": ["4.7", "4.7"], "hotel_price": ["267", "267"]}, "24003770": {"hotel_name": "\u5b9c\u5c1a\u9152\u5e97(\u5357\u4eac\u5929\u5370\u5927\u9053\u5730\u94c1\u7ad9\u5e97)", "order_time": ["2019-01-11 18:13:33"], "total_order": 1, "hotel_value": ["4.8"], "hotel_price": ["304"]}, "28638340": {"hotel_name": "\u6f2b\u5fc3\u9152\u5e97(\u5357\u4eac\u91d1\u9675\u9690\u5e97)", "order_time": ["2019-01-11 18:13:33"], "total_order": 1, "hotel_value": [0], "hotel_price": ["493"]}, "1646486": {"hotel_name": "\u901f8\u9152\u5e97(\u5357\u4eac\u4e2d\u5c71\u9675\u666f\u533a\u897f\u5e97)", "order_time": ["2019-01-11 18:13:33"], "total_order": 1, "hotel_value": ["4.3"], "hotel_price": ["138"]}, "23801898": {"hotel_name": "\u5357\u4eac\u559c\u739b\u62c9\u96c5\u5047\u65e5\u9152\u5e97", "order_time": ["2019-01-11 18:13:34"], "total_order": 1, "hotel_value": ["4.5"], "hotel_price": ["598"]}, "7528409": {"hotel_name": "\u5c1a\u5ba2\u4f18\u8fde\u9501\u9152\u5e97(\u5357\u4eac\u5357\u7ad9\u53cc\u9f99\u5927\u9053\u5730\u94c1\u7ad9\u5e97)", "order_time": ["2019-01-11 18:13:35"], "total_order": 1, "hotel_value": ["4.5"], "hotel_price": ["178"]}, "536441": {"hotel_name": "\u5357\u4eac\u65b0\u57ce\u5546\u52a1\u9152\u5e97", "order_time": ["2019-01-11 18:15:27", "2019-01-11 18:13:36"], "total_order": 2, "hotel_value": ["4.6", "4.6"], "hotel_price": ["358", "358"]}, "434086": {"hotel_name": "\u5357\u4eac\u65b0\u7eaa\u5143\u5927\u9152\u5e97", "order_time": ["2019-01-11 18:13:36"], "total_order": 1, "hotel_value": ["4.8"], "hotel_price": ["318"]}, "4056103": {"hotel_name": "\u4e07\u7231\u60c5\u4fa3\u4e3b\u9898\u9152\u5e97(\u5357\u4eac\u592b\u5b50\u5e99\u5e97)", "order_time": ["2019-01-11 18:13:36"], "total_order": 1, "hotel_value": ["4.6"], "hotel_price": ["455"]}, "1451827": {"hotel_name": "\u5982\u5bb6\u5feb\u6377\u9152\u5e97(\u5357\u4eac\u592b\u5b50\u5e99\u5730\u94c1\u7ad9\u5e73\u6c5f\u5e9c\u8def\u5e97)", "order_time": ["2019-01-11 18:13:39"], "total_order": 1, "hotel_value": ["4.5"], "hotel_price": ["193"]}, "662500": {"hotel_name": "\u5357\u4eac\u660e\u65e5\u5927\u9152\u5e97", "order_time": ["2019-01-11 18:13:39"], "total_order": 1, "hotel_value": ["4.6"], "hotel_price": ["368"]}, "4727722": {"hotel_name": "\u548c\u6c5f\u5546\u52a1\u5bbe\u9986(\u5357\u4eac\u519b\u533a\u603b\u9662\u822a\u7a7a\u822a\u5929\u5927\u5b66\u5e97)", "order_time": ["2019-01-11 19:05:35", "2019-01-11 18:13:41"], "total_order": 2, "hotel_value": ["3.5", "3.5"], "hotel_price": ["128", "128"]}, "1856210": {"hotel_name": "\u5357\u4eac\u4eac\u897f\u5bbe\u9986", "order_time": ["2019-01-11 18:13:43"], "total_order": 1, "hotel_value": ["3.8"], "hotel_price": ["146"]}, "5247916": {"hotel_name": "\u5357\u4eac\u5f00\u521b\u5bbe\u9986", "order_time": ["2019-01-11 18:13:44"], "total_order": 1, "hotel_value": ["4.1"], "hotel_price": ["223"]}, "6840335": {"hotel_name": "\u5357\u4eac\u5706\u68a6\u7f18\u5bbe\u9986", "order_time": ["2019-01-11 18:13:46"], "total_order": 1, "hotel_value": [0], "hotel_price": ["96"]}, "1945317": {"hotel_name": "\u5357\u4eac\u6c64\u6cc9\u5bbe\u9986", "order_time": ["2019-01-11 18:13:49"], "total_order": 1, "hotel_value": ["4.1"], "hotel_price": ["195"]}, "1623545": {"hotel_name": "\u5357\u4eac\u5b89\u8fbe\u996d\u5e97", "order_time": ["2019-01-11 18:13:56"], "total_order": 1, "hotel_value": ["3.9"], "hotel_price": ["186"]}, "11418417": {"hotel_name": "\u82b1\u513f\u4e0e\u5c11\u5e74\u9752\u5e74\u65c5\u820d", "order_time": ["2019-01-11 18:13:59"], "total_order": 1, "hotel_value": [0], "hotel_price": ["51"]}, "17974460": {"hotel_name": "\u5982\u5bb6\u8054\u76df\u00b7\u534e\u9a7f\u7cbe\u9009\u9152\u5e97(\u5357\u4eac\u5929\u5143\u897f\u8def\u5730\u94c1\u7ad9\u5e97)", "order_time": ["2019-01-11 18:14:06"], "total_order": 1, "hotel_value": ["4.8"], "hotel_price": ["222"]}, "13658367": {"hotel_name": "\u4e50\u4f18\u5c45\u7cbe\u54c1\u516c\u5bd3\uff08\u5357\u4eac\u96e8\u82b1\u5ba2\u5385\u5e97\uff09", "order_time": ["2019-01-11 18:15:25"], "total_order": 1, "hotel_value": ["4.8"], "hotel_price": ["272"]}, "1415920": {"hotel_name": "\u5357\u4eac\u6c34\u6676\u84dd\u6e7e\u516c\u5bd3\u9152\u5e97", "order_time": ["2019-01-11 18:15:26"], "total_order": 1, "hotel_value": ["4.7"], "hotel_price": ["488"]}, "1410411": {"hotel_name": "\u4e1c\u822a\u534e\u7f8e\u8fbe\u9152\u5e97(\u5357\u4eac\u673a\u573a\u5e97)", "order_time": ["2019-01-11 18:15:26"], "total_order": 1, "hotel_value": ["4.7"], "hotel_price": ["390"]}, "4425501": {"hotel_name": "\u7ef4\u4e5f\u7eb3\u56fd\u9645\u9152\u5e97(\u5357\u4eac\u5357\u7ad9\u4e2d\u5fc3\u5e97)", "order_time": ["2019-01-11 18:15:26"], "total_order": 1, "hotel_value": ["4.8"], "hotel_price": ["269"]}, "2155694": {"hotel_name": "\u6c49\u5ead\u9152\u5e97(\u5357\u4eac\u6c5f\u5b81\u4ea4\u9662\u5730\u94c1\u7ad9\u5e97)(\u539f\u6c5f\u5b81\u4ea4\u9662\u5e97)", "order_time": ["2019-01-11 18:15:27"], "total_order": 1, "hotel_value": ["4.3"], "hotel_price": ["241"]}, "1462789": {"hotel_name": "\u80af\u5b9a\u00b7\u89c2\u7f8e\u9152\u5e97(\u5357\u4eac\u65b0\u8857\u53e3\u91d1\u878d\u4e2d\u5fc3\u4e2d\u592e\u5546\u573a\u5e97)", "order_time": ["2019-01-11 18:15:29"], "total_order": 1, "hotel_value": ["4.6"], "hotel_price": ["199"]}, "5980274": {"hotel_name": "\u5357\u4eac\u7984\u822a\u5bbe\u9986\u7984\u53e3\u673a\u573a\u4e8c\u5e97", "order_time": ["2019-01-11 18:15:29", "2019-01-11 19:07:53"], "total_order": 2, "hotel_value": ["4.6", "4.6"], "hotel_price": ["111", "111"]}, "19867337": {"hotel_name": "\u5357\u4eac\u6c47\u57ce\u5bbe\u9986", "order_time": ["2019-01-11 18:19:24", "2019-01-11 18:15:30"], "total_order": 2, "hotel_value": ["4.0", "4.0"], "hotel_price": ["153", "153"]}, "5905976": {"hotel_name": "\u90fd\u4e50\u5bbe\u9986(\u5357\u4eac\u592b\u5b50\u5e99\u5e97)", "order_time": ["2019-01-11 18:15:31"], "total_order": 1, "hotel_value": ["4.3"], "hotel_price": ["123"]}, "2728741": {"hotel_name": "\u8bfa\u66fc\u5e95\u7cbe\u54c1\u9152\u5e97\u516c\u5bd3(\u5357\u4eac\u80dc\u592a\u8def\u5730\u94c1\u7ad9\u5e97)", "order_time": ["2019-01-11 18:15:33"], "total_order": 1, "hotel_value": ["4.6"], "hotel_price": ["227"]}, "811704": {"hotel_name": "\u6e05\u6c90\u8fde\u9501\u9152\u5e97(\u5357\u4eac\u5c71\u897f\u8def\u4e2d\u5c71\u5317\u8def\u5e03\u6599\u57ce\u5e97)", "order_time": ["2019-01-11 18:37:30", "2019-01-11 18:15:37"], "total_order": 2, "hotel_value": ["4.3", "4.3"], "hotel_price": ["215", "215"]}, "346276": {"hotel_name": "\u5357\u4eac\u91d1\u4e1d\u5229\u559c\u6765\u767b\u9152\u5e97", "order_time": ["2019-01-11 18:15:37", "2019-01-11 18:23:36"], "total_order": 2, "hotel_value": ["4.4", "4.4"], "hotel_price": ["577", "577"]}, "987566": {"hotel_name": "\u5357\u4eac\u65b0\u8857\u53e3\u82cf\u5b81\u8bfa\u5bcc\u7279\u9152\u5e97", "order_time": ["2019-01-11 18:15:37"], "total_order": 1, "hotel_value": ["4.7"], "hotel_price": ["548"]}, "6866442": {"hotel_name": "\u5357\u4eac\u6a59\u5b50\u5546\u65c5\u7cbe\u54c1\u9152\u5e97(\u4e2d\u5c71\u9675\u9a6c\u7fa4\u5730\u94c1\u7ad9\u5e97)", "order_time": ["2019-01-11 18:15:42"], "total_order": 1, "hotel_value": ["4.0"], "hotel_price": ["230"]}, "4689765": {"hotel_name": "\u901f8\u9152\u5e97(\u5357\u4eac\u9ad8\u6df3\u9547\u5174\u8def\u5e97)", "order_time": ["2019-01-11 18:15:43"], "total_order": 1, "hotel_value": ["4.6"], "hotel_price": ["113"]}, "4687070": {"hotel_name": "\u5357\u4eac\u4f73\u7f18\u5feb\u6377\u5bbe\u9986", "order_time": ["2019-01-11 18:15:47"], "total_order": 1, "hotel_value": ["4.5"], "hotel_price": ["162"]}, "470082": {"hotel_name": "\u6c5f\u82cf\u7fe0\u5c4f\u5c71\u5bbe\u9986", "order_time": ["2019-01-11 18:17:26", "2019-01-11 18:31:47"], "total_order": 2, "hotel_value": ["4.7", "4.7"], "hotel_price": ["318", "318"]}, "4122292": {"hotel_name": "\u5c1a\u5ba2\u4f18\u8fde\u9501\u9152\u5e97(\u5357\u4eac\u6cb3\u6d77\u5927\u5b66\u5730\u94c1\u7ad9\u5e97)", "order_time": ["2019-01-11 18:17:26"], "total_order": 1, "hotel_value": ["4.2"], "hotel_price": ["149"]}, "6030353": {"hotel_name": "\u8fdc\u901a\u5047\u65e5\u9152\u5e97(\u5357\u4eac\u7af9\u5c71\u8def\u5730\u94c1\u7ad9\u5e97)(\u539f\u5929\u5143\u4e1c\u8def\u5e97)", "order_time": ["2019-01-11 18:17:27"], "total_order": 1, "hotel_value": ["4.6"], "hotel_price": ["234"]}, "1646444": {"hotel_name": "\u683c\u6797\u8c6a\u6cf0(\u5357\u4eac\u5357\u7ad9\u5317\u5e7f\u573a\u5e97)", "order_time": ["2019-01-11 18:33:27", "2019-01-11 18:17:28"], "total_order": 2, "hotel_value": ["4.2", "4.2"], "hotel_price": ["181", "181"]}, "6063855": {"hotel_name": "\u5357\u4eac\u6c34\u6676\u4e3d\u6a59\u9152\u5e97", "order_time": ["2019-01-11 18:17:31"], "total_order": 1, "hotel_value": ["4.2"], "hotel_price": ["171"]}, "6060994": {"hotel_name": "\u65c5\u76df\u9152\u5e97(\u5357\u4eac\u6c5f\u6d66\u5ba2\u8fd0\u7ad9\u9f99\u534e\u8def\u5730\u94c1\u7ad9\u5e97)", "order_time": ["2019-01-11 18:17:31"], "total_order": 1, "hotel_value": ["4.2"], "hotel_price": ["93"]}, "7938703": {"hotel_name": "\u6e05\u6c90\u7cbe\u9009\u4e91\u9152\u5e97(\u5357\u4eac\u6797\u4e1a\u5927\u5b66\u848b\u738b\u5e99\u5e97)", "order_time": ["2019-01-11 18:23:29", "2019-01-11 18:17:34", "2019-01-11 18:19:24"], "total_order": 3, "hotel_value": ["4.6", "4.6", "4.6"], "hotel_price": ["179", "179", "179"]}, "1449055": {"hotel_name": "\u5982\u5bb6\u5feb\u6377\u9152\u5e97(\u5357\u4eac\u5b89\u5fb7\u95e8\u5730\u94c1\u7ad9\u5e97)", "order_time": ["2019-01-11 18:17:34"], "total_order": 1, "hotel_value": ["4.6"], "hotel_price": ["180"]}, "425945": {"hotel_name": "\u6c5f\u82cf\u51e4\u51f0\u53f0\u996d\u5e97", "order_time": ["2019-01-11 18:51:26", "2019-01-11 18:39:32", "2019-01-11 18:21:25", "2019-01-11 18:33:41", "2019-01-11 18:17:34"], "total_order": 5, "hotel_value": ["4.7", "4.7", "4.7", "4.7", "4.7"], "hotel_price": ["328", "328", "328", "328", "328"]}, "1116413": {"hotel_name": "\u5357\u4eac\u7384\u6b66\u95e8\u4e9a\u6735\u9152\u5e97", "order_time": ["2019-01-11 18:25:27", "2019-01-11 18:17:35"], "total_order": 2, "hotel_value": ["4.8", "4.8"], "hotel_price": ["360", "360"]}, "5549111": {"hotel_name": "\u5357\u4eac\u91d1\u9e70\u5c1a\u7f8e\u9152\u5e97", "order_time": ["2019-01-11 18:51:30", "2019-01-11 18:17:36"], "total_order": 2, "hotel_value": ["4.8", "4.8"], "hotel_price": ["601", "601"]}, "1698241": {"hotel_name": "\u5586\u5561\u9152\u5e97(\u5357\u4eac\u767d\u4e0b\u9ad8\u65b0\u56ed\u533a\u5e97)(\u539f\u9ad8\u94c1\u5357\u7ad9\u5e97)", "order_time": ["2019-01-11 18:17:36"], "total_order": 1, "hotel_value": ["4.8"], "hotel_price": ["209"]}, "3726309": {"hotel_name": "\u6613\u4f70\u8fde\u9501\u9152\u5e97(\u5357\u4eac\u6c5f\u5b81\u5927\u5b66\u57ce\u4ea4\u901a\u5b66\u9662\u5730\u94c1\u7ad9\u5e97)", "order_time": ["2019-01-11 18:45:25", "2019-01-11 18:17:37"], "total_order": 2, "hotel_value": ["4.2", "4.2"], "hotel_price": ["171", "171"]}, "5315994": {"hotel_name": "\u5357\u4eac\u6bd4\u7855\u5047\u65e5\u9152\u5e97", "order_time": ["2019-01-11 18:17:38"], "total_order": 1, "hotel_value": ["3.6"], "hotel_price": ["143"]}, "8900601": {"hotel_name": "\u5357\u4eac\u9a7f\u5f80\u60c5\u6df1\u81ea\u52a9\u77ed\u79df\u516c\u5bd3", "order_time": ["2019-01-11 18:17:38"], "total_order": 1, "hotel_value": [0], "hotel_price": ["258"]}, "1857714": {"hotel_name": "\u5357\u4eac\u4e1c\u5c71\u6e14\u6e2f\u5927\u9152\u5e97", "order_time": ["2019-01-11 18:17:38"], "total_order": 1, "hotel_value": ["4.2"], "hotel_price": ["188"]}, "1641228": {"hotel_name": "\u5357\u4eac\u7d2b\u7f18\u6c81\u5bbe\u9986", "order_time": ["2019-01-11 18:17:44"], "total_order": 1, "hotel_value": ["4.1"], "hotel_price": ["135"]}, "7421816": {"hotel_name": "\u5357\u4eac\u690d\u7269\u604b\u4ebaLOFT\u4e3b\u9898\u9752\u65c5\u65b0\u8857\u53e3\u957f\u6c5f\u8def\u5e97", "order_time": ["2019-01-11 18:17:45"], "total_order": 1, "hotel_value": ["4.2"], "hotel_price": ["48"]}, "1891998": {"hotel_name": "\u5357\u4eac\u6e38\u5b89\u5c45\u5bb6\u5ead\u65c5\u9986", "order_time": ["2019-01-11 18:17:54"], "total_order": 1, "hotel_value": ["4.3"], "hotel_price": ["50"]}, "21927397": {"hotel_name": "\u5357\u4eac\u6c27\u6c14\u7cbe\u9009\u9152\u5e97", "order_time": ["2019-01-11 18:18:13"], "total_order": 1, "hotel_value": ["4.8"], "hotel_price": ["319"]}, "8838971": {"hotel_name": "\u5357\u4eac\u592b\u5b50\u5e99\u4e9a\u6735\u9152\u5e97", "order_time": ["2019-01-11 18:43:34", "2019-01-11 18:19:23", "2019-01-11 18:23:36"], "total_order": 3, "hotel_value": ["4.9", "4.9", "4.9"], "hotel_price": ["404", "404", "508"]}, "23228147": {"hotel_name": "\u5357\u4eac\u4e07\u8fbe\u5e7f\u573a\u82b1\u5b63\u9152\u5e97", "order_time": ["2019-01-11 18:19:24"], "total_order": 1, "hotel_value": ["4.8"], "hotel_price": ["173"]}, "2701602": {"hotel_name": "\u5357\u4eac\u674f\u82d1\u5bbe\u9986", "order_time": ["2019-01-11 18:19:24"], "total_order": 1, "hotel_value": ["3.8"], "hotel_price": ["255"]}, "15814149": {"hotel_name": "\u5357\u4eac\u60a6\u4eab\u7cbe\u9009\u9152\u5e97", "order_time": ["2019-01-11 18:19:25", "2019-01-11 19:05:25"], "total_order": 2, "hotel_value": ["4.7", "4.7"], "hotel_price": ["320", "320"]}, "3292061": {"hotel_name": "\u5357\u4eac\u5357\u5e7f\u5bbe\u9986", "order_time": ["2019-01-11 18:19:25"], "total_order": 1, "hotel_value": ["3.6"], "hotel_price": ["231"]}, "1535647": {"hotel_name": "\u6c49\u5ead\u9152\u5e97(\u5357\u4eac\u4e2d\u5c71\u9675\u4e0b\u9a6c\u574a\u5730\u94c1\u7ad9\u5e97)(\u539f\u4e2d\u5c71\u98ce\u666f\u533a\u5e97)", "order_time": ["2019-01-11 18:19:25"], "total_order": 1, "hotel_value": ["4.3"], "hotel_price": ["276"]}, "5967130": {"hotel_name": "\u5357\u4eac\u7426\u5c1a\u5bbe\u9986", "order_time": ["2019-01-11 18:19:29"], "total_order": 1, "hotel_value": ["4.8"], "hotel_price": ["100"]}, "7526557": {"hotel_name": "\u683c\u6797\u8c6a\u6cf0\u9152\u5e97(\u5357\u4eac\u4e5d\u9f99\u6e56\u5730\u94c1\u7ad9\u5e97)", "order_time": ["2019-01-11 18:19:30"], "total_order": 1, "hotel_value": ["4.4"], "hotel_price": ["218"]}, "4386324": {"hotel_name": "\u6d77\u53cb\u826f\u54c1\u9152\u5e97(\u5357\u4eac\u592b\u5b50\u5e99\u5e97)", "order_time": ["2019-01-11 18:19:31", "2019-01-11 18:47:26"], "total_order": 2, "hotel_value": ["4.5", "4.5"], "hotel_price": ["222", "170"]}, "4493033": {"hotel_name": "\u901f8\u9152\u5e97(\u5357\u4eac\u592b\u5b50\u5e99\u4e2d\u534e\u8def\u5e97)", "order_time": ["2019-01-11 18:45:27", "2019-01-11 18:19:32"], "total_order": 2, "hotel_value": ["4.2", "4.2"], "hotel_price": ["178", "178"]}, "435107": {"hotel_name": "\u5357\u4eac\u4e1c\u65b9\u73cd\u73e0\u996d\u5e97", "order_time": ["2019-01-11 18:19:33"], "total_order": 1, "hotel_value": ["4.8"], "hotel_price": ["350"]}, "440999": {"hotel_name": "\u5357\u4eac\u6c64\u5c71\u5fa1\u5ead\u81fb\u54c1\u9152\u5e97", "order_time": ["2019-01-11 18:19:33"], "total_order": 1, "hotel_value": ["4.7"], "hotel_price": ["1070"]}, "26421136": {"hotel_name": "\u5357\u4eac818\u7cbe\u54c1\u9152\u5e97", "order_time": ["2019-01-11 18:19:34"], "total_order": 1, "hotel_value": [0], "hotel_price": ["178"]}, "1943868": {"hotel_name": "\u5357\u4eac\u5b9c\u4eba\u65f6\u5c1a\u5feb\u6377\u9152\u5e97", "order_time": ["2019-01-11 18:19:34"], "total_order": 1, "hotel_value": ["3.3"], "hotel_price": ["159"]}, "1352486": {"hotel_name": "\u5357\u4eac\u671b\u6c5f\u697c\u996d\u5e97", "order_time": ["2019-01-11 18:19:35"], "total_order": 1, "hotel_value": ["4.3"], "hotel_price": ["290"]}, "6010040": {"hotel_name": "\u6c64\u5c71\u7f8e\u6cc9\u6c90\u6d74\u6587\u5316\u4e3b\u9898\u6c11\u5bbf", "order_time": ["2019-01-11 18:19:36"], "total_order": 1, "hotel_value": ["4.4"], "hotel_price": ["857"]}, "8574613": {"hotel_name": "\u5357\u4eac\u7a0b\u9a7e\u6865\u5bbe\u9986", "order_time": ["2019-01-11 18:19:51"], "total_order": 1, "hotel_value": [0], "hotel_price": ["116"]}, "16807134": {"hotel_name": "\u5357\u4eac\u60a6\u4eab\u5bb6\u7cbe\u54c1\u9152\u5e97\u516c\u5bd3", "order_time": ["2019-01-11 18:19:59"], "total_order": 1, "hotel_value": ["5.0"], "hotel_price": ["365"]}, "996989": {"hotel_name": "\u5357\u4eac\u6ea7\u6c34\u6c47\u6e90\u5bbe\u9986", "order_time": ["2019-01-11 18:20:10"], "total_order": 1, "hotel_value": [0], "hotel_price": ["98"]}, "17893221": {"hotel_name": "\u521d\u68a6\u9601\u516c\u5bd3\u5f0f\u9152\u5e97(\u5357\u4eac\u6c5f\u5b81\u5927\u5b66\u57ce\u5e97)", "order_time": ["2019-01-11 18:20:14"], "total_order": 1, "hotel_value": ["4.8"], "hotel_price": ["288"]}, "2307775": {"hotel_name": "\u5357\u4eac\u65af\u7ef4\u767b\u5ea6\u5047\u516c\u5bd3(\u6cb3\u897f\u4e07\u8fbe\u5e7f\u573a)", "order_time": ["2019-01-11 18:21:28"], "total_order": 1, "hotel_value": ["4.2"], "hotel_price": ["252"]}, "902067": {"hotel_name": "\u6a59\u5fc6\u9152\u5e97\u516c\u5bd3(\u5357\u4eac\u6cb3\u897f\u4e07\u8fbe\u5e97)", "order_time": ["2019-01-11 18:21:28"], "total_order": 1, "hotel_value": ["4.5"], "hotel_price": ["236"]}, "28127506": {"hotel_name": "\u5357\u4eac\u9a6c\u7fa4\u4e9a\u6735\u9152\u5e97", "order_time": ["2019-01-11 18:21:30", "2019-01-11 18:29:29"], "total_order": 2, "hotel_value": ["4.9", "4.9"], "hotel_price": ["413", "413"]}, "450787": {"hotel_name": "\u5357\u4eac\u91d1\u592a\u9686\u56fd\u9645\u9152\u5e97", "order_time": ["2019-01-11 18:21:30"], "total_order": 1, "hotel_value": ["4.7"], "hotel_price": ["368"]}, "1379436": {"hotel_name": "\u5357\u4eac\u516b\u5ea6\u5bbe\u9986", "order_time": ["2019-01-11 18:21:33"], "total_order": 1, "hotel_value": ["4.0"], "hotel_price": ["153"]}, "3638086": {"hotel_name": "\u6ea7\u6c34\u9633\u5149\u5047\u65e5\u9152\u5e97(\u5357\u4eac\u4ea4\u901a\u8def\u5e97)", "order_time": ["2019-01-11 18:43:27", "2019-01-11 18:21:34"], "total_order": 2, "hotel_value": ["4.4", "4.4"], "hotel_price": ["162", "162"]}, "1415838": {"hotel_name": "\u901f8\u9152\u5e97(\u5357\u4eac\u706b\u8f66\u5357\u7ad9\u5e97)", "order_time": ["2019-01-11 18:21:35", "2019-01-11 18:29:27"], "total_order": 2, "hotel_value": ["4.2", "4.2"], "hotel_price": ["172", "172"]}, "6745244": {"hotel_name": "\u5357\u4eac\u4e1c\u6625\u5bbe\u9986", "order_time": ["2019-01-11 18:21:40"], "total_order": 1, "hotel_value": ["3.9"], "hotel_price": ["113"]}, "2391071": {"hotel_name": "\u4f0a\u7538\u56ed\u9752\u5e74\u65c5\u9986(\u5357\u4eac\u4e49\u4e4c\u5546\u54c1\u57ce\u5e97)", "order_time": ["2019-01-11 18:21:41"], "total_order": 1, "hotel_value": ["4.6"], "hotel_price": ["48"]}, "2147831": {"hotel_name": "\u5357\u4eac\u60a6\u5b81\u5bbe\u9986", "order_time": ["2019-01-11 18:21:42"], "total_order": 1, "hotel_value": ["3.7"], "hotel_price": ["238"]}, "19856869": {"hotel_name": "\u5357\u4eac\u6f2b\u65f6\u5149\u9752\u5e74\u65c5\u820d", "order_time": ["2019-01-11 18:21:49"], "total_order": 1, "hotel_value": ["4.6"], "hotel_price": ["46"]}, "1486897": {"hotel_name": "\u4e07\u5ea6\u8fde\u9501\u5bbe\u9986(\u5357\u4eac\u5929\u5143\u4e1c\u8def\u5e97)", "order_time": ["2019-01-11 18:21:59"], "total_order": 1, "hotel_value": ["3.4"], "hotel_price": ["117"]}, "1943705": {"hotel_name": "\u5357\u4eac\u6e56\u5357\u8def\u4e9a\u6735\u9152\u5e97", "order_time": ["2019-01-11 18:23:27"], "total_order": 1, "hotel_value": ["4.8"], "hotel_price": ["413"]}, "25050379": {"hotel_name": "\u5357\u4eac\u5965\u4f53\u4e2d\u5fc3\u4e9a\u6735S\u9152\u5e97", "order_time": ["2019-01-11 18:23:29", "2019-01-11 18:29:27"], "total_order": 2, "hotel_value": ["4.9", "4.9"], "hotel_price": ["424", "424"]}, "369710": {"hotel_name": "\u5357\u4eac\u4e16\u8302\u6ee8\u6c5f\u5e0c\u5c14\u987f\u9152\u5e97", "order_time": ["2019-01-11 18:23:29"], "total_order": 1, "hotel_value": ["4.6"], "hotel_price": ["926"]}, "11479584": {"hotel_name": "\u5357\u4eac\u4e0a\u5143\u5927\u8857\u4e9a\u6735\u9152\u5e97", "order_time": ["2019-01-11 18:23:29"], "total_order": 1, "hotel_value": ["4.8"], "hotel_price": ["389"]}, "12548898": {"hotel_name": "\u7f8e\u8c6a\u4e3d\u81f4\u9152\u5e97(\u5357\u4eac\u4ed9\u6797\u65d7\u8230\u5e97)", "order_time": ["2019-01-11 18:23:32"], "total_order": 1, "hotel_value": ["4.8"], "hotel_price": ["450"]}, "7786379": {"hotel_name": "\u5357\u4eac\u6cf0\u68ee\u9152\u5e97", "order_time": ["2019-01-11 18:23:33"], "total_order": 1, "hotel_value": ["4.4"], "hotel_price": ["255"]}, "4707052": {"hotel_name": "Q\u52a0\u00b7\u72ec\u4e00\u5904\u9152\u5e97\u5f0f\u516c\u5bd3(\u5357\u4eac\u5357\u7ad9\u5e97)(\u539f\u5411\u65e5\u8475\u9152\u5e97\u516c\u5bd3)", "order_time": ["2019-01-11 18:23:35"], "total_order": 1, "hotel_value": ["4.7"], "hotel_price": ["196"]}, "5311183": {"hotel_name": "\u6c49\u5ead\u9152\u5e97(\u5357\u4eac\u516d\u5408\u957f\u6c5f\u8def\u5e97)", "order_time": ["2019-01-11 18:23:41"], "total_order": 1, "hotel_value": ["4.8"], "hotel_price": ["162"]}, "23982428": {"hotel_name": "\u5357\u4eacTIME\u5546\u52a1\u9152\u5e97", "order_time": ["2019-01-11 18:23:55"], "total_order": 1, "hotel_value": ["5.0"], "hotel_price": ["159"]}, "1535635": {"hotel_name": "\u6c49\u5ead\u9152\u5e97(\u5357\u4eac\u5357\u7ad9\u660e\u53d1\u5e7f\u573a\u5730\u94c1\u7ad9\u5e97)", "order_time": ["2019-01-11 18:23:57"], "total_order": 1, "hotel_value": ["4.2"], "hotel_price": ["247"]}, "1476770": {"hotel_name": "\u552f\u7231\u4e4b\u661f\u4e3b\u9898\u5bbe\u9986(\u5357\u4eac\u4ed9\u6797\u5e97)", "order_time": ["2019-01-11 18:23:57"], "total_order": 1, "hotel_value": ["3.8"], "hotel_price": ["178"]}, "1454821": {"hotel_name": "\u5357\u4eac\u73ca\u73ca\u65c5\u9986", "order_time": ["2019-01-11 18:23:57"], "total_order": 1, "hotel_value": ["3.5"], "hotel_price": ["55"]}, "12214422": {"hotel_name": "\u5357\u4eac\u4e0d\u671f\u800c\u5bd3\u9152\u5e97\u516c\u5bd3", "order_time": ["2019-01-11 18:24:16"], "total_order": 1, "hotel_value": ["4.7"], "hotel_price": ["208"]}, "17889795": {"hotel_name": "\u5168\u5b63\u9152\u5e97(\u5357\u4eac\u660e\u6545\u5bab\u5e97)", "order_time": ["2019-01-11 18:25:26"], "total_order": 1, "hotel_value": ["4.7"], "hotel_price": ["326"]}, "2596930": {"hotel_name": "\u6c5f\u5357\u884c\u7cbe\u54c1\u9152\u5e97(\u5357\u4eac\u4e5d\u534e\u5c71\u5730\u94c1\u7ad9\u5e97)", "order_time": ["2019-01-11 18:25:26"], "total_order": 1, "hotel_value": ["4.6"], "hotel_price": ["293"]}, "1938340": {"hotel_name": "\u9526\u6c5f\u4e4b\u661f(\u5357\u4eac\u65b0\u8857\u53e3\u5e97)", "order_time": ["2019-01-11 18:25:26"], "total_order": 1, "hotel_value": ["4.4"], "hotel_price": ["249"]}, "3627292": {"hotel_name": "\u6c49\u5ead\u9152\u5e97(\u5357\u4eac\u4e94\u5858\u5e7f\u573a\u5e97)", "order_time": ["2019-01-11 18:25:28", "2019-01-11 18:49:33"], "total_order": 2, "hotel_value": ["4.7", "4.7"], "hotel_price": ["256", "256"]}, "811658": {"hotel_name": "\u6e05\u6c90\u8fde\u9501\u9152\u5e97(\u5357\u4eac\u5357\u7ad9\u5927\u660e\u8def\u5e97)", "order_time": ["2019-01-11 18:25:33"], "total_order": 1, "hotel_value": ["4.5"], "hotel_price": ["146"]}, "1452386": {"hotel_name": "\u5982\u5bb6\u5feb\u6377\u9152\u5e97(\u5357\u4eac\u6c5f\u5b81\u5929\u5370\u5927\u9053\u5e97)", "order_time": ["2019-01-11 18:25:36"], "total_order": 1, "hotel_value": ["4.5"], "hotel_price": ["136"]}, "1052276": {"hotel_name": "\u5357\u4eac\u534e\u8fd0\u65c5\u9986", "order_time": ["2019-01-11 18:25:58"], "total_order": 1, "hotel_value": ["3.5"], "hotel_price": ["61"]}, "1828978": {"hotel_name": "\u6587\u6da6\u5546\u52a1\u5bbe\u9986(\u5357\u4eac\u5d69\u5c71\u8def\u5e97)", "order_time": ["2019-01-11 18:25:58"], "total_order": 1, "hotel_value": ["4.3"], "hotel_price": ["161"]}, "433900": {"hotel_name": "\u5357\u4eac\u4e09\u6bdb\u9152\u5e97\u5f0f\u516c\u5bd3", "order_time": ["2019-01-11 18:27:24"], "total_order": 1, "hotel_value": ["4.3"], "hotel_price": ["193"]}, "1359818": {"hotel_name": "\u5e03\u4e01\u9152\u5e97(\u5357\u4eac\u4ed9\u6797\u5927\u5b66\u57ce\u5e97)", "order_time": ["2019-01-11 18:31:31", "2019-01-11 18:27:24"], "total_order": 2, "hotel_value": ["3.6", "3.6"], "hotel_price": ["171", "171"]}, "5469110": {"hotel_name": "\u5357\u4eac\u5929\u79a7\u9152\u5e97", "order_time": ["2019-01-11 18:27:25"], "total_order": 1, "hotel_value": ["4.6"], "hotel_price": ["348"]}, "1686822": {"hotel_name": "\u5bcc\u9a7f\u65f6\u5c1a\u9152\u5e97(\u5357\u4eac\u6c5f\u5b81\u5e97)", "order_time": ["2019-01-11 18:27:26"], "total_order": 1, "hotel_value": ["4.3"], "hotel_price": ["183"]}, "482286": {"hotel_name": "\u5357\u4eac\u53cc\u95e8\u697c\u5bbe\u9986", "order_time": ["2019-01-11 18:27:27"], "total_order": 1, "hotel_value": ["4.5"], "hotel_price": ["365"]}, "9189002": {"hotel_name": "\u5357\u4eac\u83f2\u4e9a\u8fbe\u9152\u5e97", "order_time": ["2019-01-11 18:27:28"], "total_order": 1, "hotel_value": ["4.7"], "hotel_price": ["228"]}, "2575107": {"hotel_name": "Q\u52a0\u00b7\u683c\u9675\u5170\u5c9b\u5546\u52a1\u5bbe\u9986(\u5357\u4eac\u5357\u7ad9\u767e\u5bb6\u6e56\u80dc\u592a\u8def\u5730\u94c1\u7ad9\u5e97)", "order_time": ["2019-01-11 18:27:28"], "total_order": 1, "hotel_value": ["4.6"], "hotel_price": ["164"]}, "1640092": {"hotel_name": "\u6625\u5e38\u5728\u5546\u52a1\u5bbe\u9986(\u5357\u4eac\u9f13\u697c\u5e97)", "order_time": ["2019-01-11 18:27:31"], "total_order": 1, "hotel_value": ["3.9"], "hotel_price": ["96"]}, "473634": {"hotel_name": "\u9526\u6c5f\u4e4b\u661f(\u5357\u4eac\u65b0\u8857\u53e3\u671d\u5929\u5bab\u897f\u8857\u5e97)", "order_time": ["2019-01-11 18:27:32"], "total_order": 1, "hotel_value": ["4.5"], "hotel_price": ["169"]}, "1448720": {"hotel_name": "\u5982\u5bb6\u5546\u65c5\u9152\u5e97(\u5357\u4eac\u7384\u6b66\u6e56\u65b0\u6a21\u8303\u9a6c\u8def\u5730\u94c1\u7ad9\u5e97)", "order_time": ["2019-01-11 18:33:34", "2019-01-11 18:27:33", "2019-01-11 18:47:31"], "total_order": 3, "hotel_value": ["4.8", "4.8", "4.8"], "hotel_price": ["303", "303", "303"]}, "1995476": {"hotel_name": "\u5357\u4eac\u4e4c\u6258\u90a6\u9152\u5e97", "order_time": ["2019-01-11 18:27:34", "2019-01-11 18:51:33", "2019-01-11 19:01:31"], "total_order": 3, "hotel_value": ["4.1", "4.1", "4.1"], "hotel_price": ["207", "239", "239"]}, "369713": {"hotel_name": "\u5357\u4eac\u7eff\u5730\u6d32\u9645\u9152\u5e97", "order_time": ["2019-01-11 18:27:34"], "total_order": 1, "hotel_value": ["4.7"], "hotel_price": ["1049"]}, "2190501": {"hotel_name": "\u5357\u4eac\u5c71\u6942\u6811\u5546\u52a1\u5bbe\u9986", "order_time": ["2019-01-11 18:27:41"], "total_order": 1, "hotel_value": ["4.1"], "hotel_price": ["125"]}, "5246471": {"hotel_name": "\u5357\u4eac\u8fd9\u5bb6\u5bbe\u9986", "order_time": ["2019-01-11 18:27:43"], "total_order": 1, "hotel_value": ["3.6"], "hotel_price": ["89"]}, "2606094": {"hotel_name": "\u5e03\u4e01\u9152\u5e97(\u5357\u4eac\u4e2d\u5c71\u9675\u9a6c\u7fa4\u5730\u94c1\u7ad9\u5e97)", "order_time": ["2019-01-11 18:35:39", "2019-01-11 18:27:44"], "total_order": 2, "hotel_value": ["4.0", "4.0"], "hotel_price": ["134", "144"]}, "1061867": {"hotel_name": "\u69b4\u83b2\u7cd6\u679c\u7cbe\u9009\u9152\u5e97(\u5357\u4eac\u5b9d\u5854\u8def\u5e97)(\u539f\u94f6\u6cf0\u5546\u52a1\u5bbe\u9986)", "order_time": ["2019-01-11 18:27:47"], "total_order": 1, "hotel_value": ["4.5"], "hotel_price": ["109"]}, "2154226": {"hotel_name": "\u80af\u5b9a\u8fde\u9501\u9152\u5e97(\u5357\u4eac\u4e91\u9526\u8def\u5e97)", "order_time": ["2019-01-11 18:27:47"], "total_order": 1, "hotel_value": ["4.3"], "hotel_price": ["180"]}, "19030535": {"hotel_name": "\u5357\u4eac\u5f71\u90fd\u5546\u52a1\u5bbe\u9986", "order_time": ["2019-01-11 18:27:52"], "total_order": 1, "hotel_value": ["4.4"], "hotel_price": ["84"]}, "23843325": {"hotel_name": "\u4e50\u5bb6\u8f69\u8f7b\u5962\u5ea6\u5047\u516c\u5bd3(\u5357\u4eac\u5965\u4f53\u5347\u9f99\u6c47\u91d1\u5e97)", "order_time": ["2019-01-11 18:29:26", "2019-01-11 18:55:27"], "total_order": 2, "hotel_value": ["4.6", "4.6"], "hotel_price": ["186", "186"]}, "6652902": {"hotel_name": "\u83ab\u6cf0168(\u5357\u4eac\u9f13\u697c\u5e7f\u573a\u7d2b\u5cf0\u5e97)(\u539f\u9f13\u697c\u5e97)", "order_time": ["2019-01-11 18:29:26"], "total_order": 1, "hotel_value": ["4.6"], "hotel_price": ["221"]}, "23632322": {"hotel_name": "Q\u52a0\u00b7\u5357\u4eac\u9038\u4e91\u6db5\u7cbe\u54c1\u9152\u5e97", "order_time": ["2019-01-11 18:29:26"], "total_order": 1, "hotel_value": ["4.8"], "hotel_price": ["121"]}, "1853810": {"hotel_name": "\u5357\u4eac\u8292\u679c\u9152\u5e97", "order_time": ["2019-01-11 18:29:27"], "total_order": 1, "hotel_value": ["4.3"], "hotel_price": ["169"]}, "427748": {"hotel_name": "\u6c47\u4e3d\u9152\u5e97(\u5357\u4eac\u519b\u533a\u603b\u9662\u5e97)", "order_time": ["2019-01-11 18:29:30"], "total_order": 1, "hotel_value": ["4.4"], "hotel_price": ["134"]}, "3029901": {"hotel_name": "\u4f0a\u85e4\u7cbe\u54c1\u9152\u5e97\u516c\u5bd3(\u5357\u4eac\u80dc\u592a\u8def\u5730\u94c1\u7ad9\u5e97)", "order_time": ["2019-01-11 18:29:31"], "total_order": 1, "hotel_value": ["4.8"], "hotel_price": ["191"]}, "1451938": {"hotel_name": "\u5982\u5bb6\u9152\u5e97(\u5357\u4eac\u592b\u5b50\u5e99\u5730\u94c1\u7ad9\u5e97)", "order_time": ["2019-01-11 18:29:35"], "total_order": 1, "hotel_value": ["4.5"], "hotel_price": ["232"]}, "5804321": {"hotel_name": "\u745e\u534e\u9152\u5e97(\u5357\u4eac\u65b0\u8857\u53e3\u5e97)(\u539f\u738b\u5e9c\u5927\u8857\u5e97)", "order_time": ["2019-01-11 18:29:36"], "total_order": 1, "hotel_value": ["4.6"], "hotel_price": ["206"]}, "1359775": {"hotel_name": "\u6c49\u5ead\u9152\u5e97(\u5357\u4eac\u5c06\u519b\u5927\u9053\u9ebb\u7530\u8def\u5e97)(\u539f\u80dc\u592a\u8def\u5c06\u519b\u5927\u9053\u5e97)", "order_time": ["2019-01-11 18:29:38"], "total_order": 1, "hotel_value": ["4.2"], "hotel_price": ["180"]}, "22562651": {"hotel_name": "\u7d2b\u85e4\u82b1\u56ed\u9152\u5e97\u5f0f\u516c\u5bd3(\u5357\u4eac\u5357\u7ad9\u5e97)", "order_time": ["2019-01-11 18:29:40"], "total_order": 1, "hotel_value": ["4.7"], "hotel_price": ["267"]}, "1259399": {"hotel_name": "\u5357\u4eac\u7fe0\u5b87\u5bbe\u9986", "order_time": ["2019-01-11 18:29:42"], "total_order": 1, "hotel_value": ["3.7"], "hotel_price": ["87"]}, "6795995": {"hotel_name": "\u5357\u4eac\u5c55\u5b8f\u5bbe\u9986", "order_time": ["2019-01-11 18:29:49"], "total_order": 1, "hotel_value": ["3.7"], "hotel_price": ["148"]}, "435799": {"hotel_name": "\u6c49\u5ead\u9152\u5e97(\u5357\u4eac\u9f99\u6c5f\u5b9a\u6dee\u95e8\u5927\u8857\u5e97)", "order_time": ["2019-01-11 18:30:08"], "total_order": 1, "hotel_value": ["4.0"], "hotel_price": ["294"]}, "10896011": {"hotel_name": "\u5357\u4eac\u5357\u7ad9\u6c34\u6708\u6e7e\u9152\u5e97", "order_time": ["2019-01-11 18:31:30"], "total_order": 1, "hotel_value": ["4.7"], "hotel_price": ["299"]}, "1535631": {"hotel_name": "\u6c49\u5ead\u9152\u5e97(\u5357\u4eac\u592b\u5b50\u5e99\u5e97)", "order_time": ["2019-01-11 18:33:28", "2019-01-11 18:31:30"], "total_order": 2, "hotel_value": ["4.4", "4.4"], "hotel_price": ["288", "288"]}, "2073915": {"hotel_name": "\u5357\u4eac\u51a0\u519b\u697c\u5927\u9152\u5e97", "order_time": ["2019-01-11 18:31:32"], "total_order": 1, "hotel_value": ["4.7"], "hotel_price": ["398"]}, "811666": {"hotel_name": "\u6e05\u6c90\u7cbe\u54c1\u9152\u5e97(\u5357\u4eac\u4e39\u51e4\u8857\u7cbe\u54c1\u5e97)", "order_time": ["2019-01-11 18:31:32"], "total_order": 1, "hotel_value": ["4.4"], "hotel_price": ["179"]}, "5373293": {"hotel_name": "\u5137\u67ab\u9152\u5e97(\u5357\u4eac\u5927\u5382\u5730\u94c1\u7ad9\u5e97)", "order_time": ["2019-01-11 18:31:33"], "total_order": 1, "hotel_value": ["4.6"], "hotel_price": ["272"]}, "6111421": {"hotel_name": "\u6e05\u6c90\u7cbe\u54c1\u9152\u5e97(\u5357\u4eac\u5929\u6da6\u57ce\u5730\u94c1\u7ad9\u5e97)", "order_time": ["2019-01-11 18:31:34", "2019-01-11 18:51:24"], "total_order": 2, "hotel_value": ["4.5", "4.5"], "hotel_price": ["181", "181"]}, "5311088": {"hotel_name": "\u5357\u4eac\u99a8\u8309\u8389\u82b1\u56ed\u9152\u5e97", "order_time": ["2019-01-11 18:31:36"], "total_order": 1, "hotel_value": ["4.7"], "hotel_price": ["208"]}, "15973629": {"hotel_name": "\u5357\u4eac\u4f73\u7f8e\u822a\u7a7a\u9152\u5e97", "order_time": ["2019-01-11 18:31:36"], "total_order": 1, "hotel_value": ["4.5"], "hotel_price": ["296"]}, "18415992": {"hotel_name": "\u5357\u4eac\u745e\u7279\u601d\u9152\u5e97", "order_time": ["2019-01-11 18:31:37"], "total_order": 1, "hotel_value": ["4.3"], "hotel_price": ["131"]}, "28308401": {"hotel_name": "\u7ef4\u4e5f\u7eb3\u9152\u5e97(\u5357\u4eac\u5927\u5382\u6b65\u884c\u8857\u5e97)", "order_time": ["2019-01-11 18:31:39"], "total_order": 1, "hotel_value": [0], "hotel_price": ["177"]}, "1407947": {"hotel_name": "\u5357\u4eac\u714c\u8363\u62db\u5f85\u6240", "order_time": ["2019-01-11 18:31:54"], "total_order": 1, "hotel_value": ["3.6"], "hotel_price": ["88"]}, "6762482": {"hotel_name": "\u7ea2\u67ab\u7cbe\u54c1\u9152\u5e97(\u5357\u4eac\u7ad9\u8fc8\u768b\u6865\u5730\u94c1\u7ad9\u5e97)", "order_time": ["2019-01-11 18:33:29"], "total_order": 1, "hotel_value": ["4.6"], "hotel_price": ["143"]}, "1535645": {"hotel_name": "\u6c49\u5ead\u9152\u5e97(\u5357\u4eac\u5f90\u5e84\u8f6f\u4ef6\u56ed\u5e97)", "order_time": ["2019-01-11 18:33:29"], "total_order": 1, "hotel_value": ["4.2"], "hotel_price": ["215"]}, "10607216": {"hotel_name": "\u6e05\u6c90\u7cbe\u9009\u9152\u5e97(\u5357\u4eac\u5357\u7ad9\u5e97)", "order_time": ["2019-01-11 18:33:30"], "total_order": 1, "hotel_value": ["4.6"], "hotel_price": ["251"]}, "902118": {"hotel_name": "\u767e\u65f6\u5feb\u6377\u9152\u5e97(\u5357\u4eac\u7384\u6b66\u6e56\u5c71\u897f\u8def\u5e97)", "order_time": ["2019-01-11 18:33:31"], "total_order": 1, "hotel_value": ["4.1"], "hotel_price": ["113"]}, "8802742": {"hotel_name": "\u6d77\u53cb\u826f\u54c1\u9152\u5e97(\u5357\u4eac\u5357\u7ad9\u5e97)", "order_time": ["2019-01-11 18:33:33"], "total_order": 1, "hotel_value": ["4.4"], "hotel_price": ["171"]}, "1643199": {"hotel_name": "\u5357\u4eac\u597d\u9a7f\u6765\u5047\u65e5\u9152\u5e97", "order_time": ["2019-01-11 18:59:27", "2019-01-11 18:33:35"], "total_order": 2, "hotel_value": ["4.2", "4.2"], "hotel_price": ["107", "107"]}, "1727455": {"hotel_name": "Q\u52a0\u00b7\u5929\u79a7\u9f99\u5bbe\u9986(\u5357\u4eac\u592b\u5b50\u5e99\u666f\u533a\u65d7\u8230\u5e97)", "order_time": ["2019-01-11 18:33:35"], "total_order": 1, "hotel_value": ["4.5"], "hotel_price": ["220"]}, "6279030": {"hotel_name": "\u5357\u4eac\u4f17\u98de\u7cbe\u54c1\u9152\u5e97", "order_time": ["2019-01-11 18:33:39"], "total_order": 1, "hotel_value": ["4.1"], "hotel_price": ["173"]}, "4641571": {"hotel_name": "\u5357\u4eac\u665a\u5b89\u6587\u9f0e\u9152\u5e97\u5f0f\u516c\u5bd3", "order_time": ["2019-01-11 18:35:25", "2019-01-11 18:45:32"], "total_order": 2, "hotel_value": ["4.3", "4.3"], "hotel_price": ["221", "221"]}, "4029612": {"hotel_name": "\u5357\u4eac\u67ab\u53f6\u7cbe\u54c1\u516c\u5bd3 (\u539f\u4e1d\u74dc\u516c\u5bd3)", "order_time": ["2019-01-11 18:35:25"], "total_order": 1, "hotel_value": ["4.2"], "hotel_price": ["149"]}, "1837613": {"hotel_name": "Q\u52a0\u00b7\u610f\u9152\u5e97(\u5357\u4eac\u5965\u4f53\u4e2d\u5fc3\u5174\u9686\u5927\u8857\u5730\u94c1\u7ad9\u5e97)", "order_time": ["2019-01-11 18:35:26"], "total_order": 1, "hotel_value": ["4.2"], "hotel_price": ["190"]}, "2269032": {"hotel_name": "\u9e97\u67ab\u9152\u5e97(\u5357\u4eac\u6c34\u897f\u95e8\u5927\u8857\u5e97)", "order_time": ["2019-01-11 18:35:26", "2019-01-11 18:53:29"], "total_order": 2, "hotel_value": ["4.7", "4.7"], "hotel_price": ["309", "338"]}, "1669477": {"hotel_name": "\u5357\u4eac\u65b0\u8857\u53e3\u996d\u5e97", "order_time": ["2019-01-11 18:35:28", "2019-01-11 18:43:28"], "total_order": 2, "hotel_value": ["4.1", "4.1"], "hotel_price": ["161", "161"]}, "26588901": {"hotel_name": "\u5357\u4eac\u591c\u6cca\u79e6\u6dee\u541b\u4ead\u9152\u5e97\u00b7\u5927\u620f\u9662", "order_time": ["2019-01-11 18:35:29"], "total_order": 1, "hotel_value": ["4.7"], "hotel_price": ["639"]}, "1871399": {"hotel_name": "\u6e05\u6c90\u8fde\u9501\u9152\u5e97(\u5357\u4eac\u7ad9\u65b0\u5e84\u5730\u94c1\u7ad9\u5e97)", "order_time": ["2019-01-11 18:35:29"], "total_order": 1, "hotel_value": ["4.5"], "hotel_price": ["194"]}, "4706465": {"hotel_name": "\u5357\u4eac\u827a\u672f\u5bb6\u9152\u5e97", "order_time": ["2019-01-11 18:35:32"], "total_order": 1, "hotel_value": ["4.4"], "hotel_price": ["286"]}, "5372975": {"hotel_name": "\u5357\u4eac\u4e50\u4e1a\u7cbe\u9009\u9152\u5e97", "order_time": ["2019-01-11 18:35:32"], "total_order": 1, "hotel_value": ["4.4"], "hotel_price": ["208"]}, "17491470": {"hotel_name": "\u6c49\u5ead\u4f18\u4f73\u9152\u5e97(\u5357\u4eac\u4ed9\u6797\u5927\u5b66\u57ce\u5e97)", "order_time": ["2019-01-11 18:35:34"], "total_order": 1, "hotel_value": ["4.6"], "hotel_price": ["232"]}, "811700": {"hotel_name": "\u6e05\u6c90\u8fde\u9501\u9152\u5e97(\u5357\u4eac\u65b0\u8857\u53e3\u5927\u6d0b\u767e\u8d27\u4e30\u5bcc\u8def\u5e97)", "order_time": ["2019-01-11 18:35:37"], "total_order": 1, "hotel_value": ["4.1"], "hotel_price": ["229"]}, "19436987": {"hotel_name": "\u5357\u4eac\u7f8e\u4e3d\u4eba\u751f\u9152\u5e97", "order_time": ["2019-01-11 18:35:37"], "total_order": 1, "hotel_value": ["4.7"], "hotel_price": ["159"]}, "1669317": {"hotel_name": "\u7f6e\u5bb6\u9152\u5e97\u516c\u5bd3(\u5357\u4eac\u541b\u4e34\u56fd\u9645\u5e97)", "order_time": ["2019-01-11 18:36:06", "2019-01-11 18:51:58"], "total_order": 2, "hotel_value": ["4.5", "4.5"], "hotel_price": ["198", "198"]}, "3643845": {"hotel_name": "\u5357\u4eac\u4e0a\u79e6\u6dee\u5957\u623f\u5047\u65e5\u9152\u5e97", "order_time": ["2019-01-11 18:37:27"], "total_order": 1, "hotel_value": ["4.8"], "hotel_price": ["618"]}, "902107": {"hotel_name": "\u9526\u6c5f\u4e4b\u661f(\u5357\u4eac\u7d2b\u91d1\u5c71\u82b1\u56ed\u8def\u5e97)", "order_time": ["2019-01-11 18:37:28"], "total_order": 1, "hotel_value": ["4.5"], "hotel_price": ["169"]}, "1414858": {"hotel_name": "\u5e03\u4e01\u9152\u5e97(\u5357\u4eac\u7701\u4e2d\u533b\u9662\u4e0a\u6d77\u8def\u5730\u94c1\u7ad9\u5e97)", "order_time": ["2019-01-11 18:37:35"], "total_order": 1, "hotel_value": ["4.3"], "hotel_price": ["131"]}, "901996": {"hotel_name": "\u6e05\u6c90\u7cbe\u54c1\u9152\u5e97(\u6c64\u5c71\u6e29\u6cc9\u5e97)(\u539f\u76ca\u6cc9\u5bbe\u9986)", "order_time": ["2019-01-11 18:37:36"], "total_order": 1, "hotel_value": ["4.5"], "hotel_price": ["152"]}, "4649966": {"hotel_name": "\u5982\u5bb6\u5feb\u6377\u9152\u5e97(\u5357\u4eac\u4e91\u5357\u8def\u5730\u94c1\u7ad9\u4e0a\u6d77\u8def\u5e97)", "order_time": ["2019-01-11 18:38:06"], "total_order": 1, "hotel_value": ["4.5"], "hotel_price": ["263"]}, "4439687": {"hotel_name": "\u907f\u98ce\u6e2f\u5feb\u6377\u5bbe\u9986(\u5357\u4eac\u7984\u53e3\u673a\u573a\u5e97)", "order_time": ["2019-01-11 18:38:08"], "total_order": 1, "hotel_value": ["4.0"], "hotel_price": ["68"]}, "1645867": {"hotel_name": "\u6e05\u6c90\u8fde\u9501\u9152\u5e97(\u5357\u4eac\u6339\u6c5f\u95e8\u5e97)", "order_time": ["2019-01-11 18:39:33"], "total_order": 1, "hotel_value": ["4.3"], "hotel_price": ["119"]}, "457938": {"hotel_name": "\u7ef4\u4e5f\u7eb3\u9152\u5e97(\u5357\u4eac\u957f\u6c5f\u5927\u6865\u9605\u6c5f\u697c\u5e97)", "order_time": ["2019-01-11 18:39:37"], "total_order": 1, "hotel_value": ["4.8"], "hotel_price": ["295"]}, "811660": {"hotel_name": "\u6e05\u6c90\u8fde\u9501\u9152\u5e97(\u5357\u4eac\u5927\u6865\u5357\u8def\u5bb6\u4e50\u798f\u5e97)", "order_time": ["2019-01-11 19:01:30", "2019-01-11 18:39:37"], "total_order": 2, "hotel_value": ["4.3", "4.3"], "hotel_price": ["189", "189"]}, "1945093": {"hotel_name": "\u5e03\u4e01\u9152\u5e97(\u5357\u4eac\u4ed9\u6797\u5927\u5b66\u57ce\u6816\u971e\u5bfa\u5e97)", "order_time": ["2019-01-11 18:39:40"], "total_order": 1, "hotel_value": ["4.1"], "hotel_price": ["164"]}, "2884003": {"hotel_name": "\u5357\u4eac\u9526\u534e\u5bbe\u9986", "order_time": ["2019-01-11 18:39:41"], "total_order": 1, "hotel_value": ["3.5"], "hotel_price": ["127"]}, "17864715": {"hotel_name": "\u5357\u4eac\u5357\u5cb8\u98ce\u683c\u9152\u5e97", "order_time": ["2019-01-11 18:40:11"], "total_order": 1, "hotel_value": ["4.7"], "hotel_price": ["194"]}, "946985": {"hotel_name": "\u53e4\u90fd\u6587\u5316\u5546\u52a1\u65c5\u9986(\u5357\u4eac\u65b0\u8857\u53e3\u5e97)", "order_time": ["2019-01-11 18:45:25", "2019-01-11 18:41:26"], "total_order": 2, "hotel_value": ["4.4", "4.4"], "hotel_price": ["189", "189"]}, "3730005": {"hotel_name": "\u548c\u9890\u9152\u5e97(\u5357\u4eac\u4e2d\u5c71\u4e1c\u8def\u660e\u6545\u5bab\u5730\u94c1\u7ad9\u5e97)", "order_time": ["2019-01-11 18:41:26"], "total_order": 1, "hotel_value": ["4.6"], "hotel_price": ["286"]}, "1944235": {"hotel_name": "\u5357\u4eac\u8679\u6865\u996d\u5e97", "order_time": ["2019-01-11 18:41:27"], "total_order": 1, "hotel_value": ["4.4"], "hotel_price": ["361"]}, "1452602": {"hotel_name": "\u5982\u5bb6\u5feb\u6377\u9152\u5e97(\u5357\u4eac\u8fc8\u768b\u6865\u5730\u94c1\u7ad9\u5e97)", "order_time": ["2019-01-11 18:43:26"], "total_order": 1, "hotel_value": ["4.4"], "hotel_price": ["154"]}, "4637802": {"hotel_name": "\u683c\u6797\u8c6a\u6cf0(\u5357\u4eac\u6c5f\u5b81\u4e1c\u5357\u5927\u5b66\u5e97)", "order_time": ["2019-01-11 18:43:26"], "total_order": 1, "hotel_value": ["4.4"], "hotel_price": ["312"]}, "1465490": {"hotel_name": "\u5357\u4eac\u94f6\u767e\u5feb\u6377\u9152\u5e97", "order_time": ["2019-01-11 18:43:28"], "total_order": 1, "hotel_value": ["3.3"], "hotel_price": ["95"]}, "4732950": {"hotel_name": "\u683c\u6797\u8054\u76df(\u5357\u4eac\u9e21\u9e23\u5bfa\u5730\u94c1\u7ad9\u4e1c\u5357\u5927\u5b66\u5e97)", "order_time": ["2019-01-11 18:43:36"], "total_order": 1, "hotel_value": ["4.1"], "hotel_price": ["164"]}, "5766405": {"hotel_name": "\u683c\u6797\u8054\u76df\u5357\u4eac\u6d66\u53e3\u533a\u4e2d\u5723\u8857\u6587\u5fb7\u8def\u5730\u94c1\u7ad9\u9152\u5e97", "order_time": ["2019-01-11 18:45:29"], "total_order": 1, "hotel_value": ["4.2"], "hotel_price": ["179"]}, "2300473": {"hotel_name": "7\u5929\u8fde\u9501\u9152\u5e97(\u5357\u4eac\u4e2d\u5c71\u9675\u5149\u534e\u8def\u5e97)", "order_time": ["2019-01-11 18:45:30"], "total_order": 1, "hotel_value": ["4.5"], "hotel_price": ["157"]}, "2249815": {"hotel_name": "\u5357\u4eac\u68c9\u94ed\u5feb\u6377\u9152\u5e97", "order_time": ["2019-01-11 18:45:31"], "total_order": 1, "hotel_value": ["4.1"], "hotel_price": ["204"]}, "1667991": {"hotel_name": "\u5357\u4eac\u91d1\u674f\u4ec1\u5bbe\u9986", "order_time": ["2019-01-11 18:45:35"], "total_order": 1, "hotel_value": ["4.0"], "hotel_price": ["169"]}, "811674": {"hotel_name": "\u6e05\u6c90\u8fde\u9501\u9152\u5e97(\u5357\u4eac\u4e94\u53f0\u5c71\u5e7f\u5dde\u8def\u968f\u56ed\u5927\u53a6\u5e97)", "order_time": ["2019-01-11 18:45:37"], "total_order": 1, "hotel_value": ["4.3"], "hotel_price": ["259"]}, "5218050": {"hotel_name": "\u91d1\u5965\u8bfa\u9601\u96c5\u9152\u5e97(\u5357\u4eac\u5965\u4f53\u4e2d\u5fc3\u5e97)", "order_time": ["2019-01-11 18:45:38"], "total_order": 1, "hotel_value": ["4.9"], "hotel_price": ["587"]}, "17525181": {"hotel_name": "\u5357\u4eac\u5357\u7ad9\u80dc\u592a\u897f\u8def\u4e9a\u6735\u9152\u5e97", "order_time": ["2019-01-11 18:47:25"], "total_order": 1, "hotel_value": ["4.8"], "hotel_price": ["413"]}, "12053031": {"hotel_name": "\u53f6\u5b50\u4e3b\u9898\u7cbe\u54c1\u9152\u5e97(\u5de5\u4e1a\u5927\u5b66\u5730\u94c1\u7ad9\u5e97)", "order_time": ["2019-01-11 18:57:39", "2019-01-11 18:47:30"], "total_order": 2, "hotel_value": ["4.4", "4.4"], "hotel_price": ["156", "148"]}, "7120280": {"hotel_name": "\u5357\u4eac\u6c64\u5c71\u4e91\u820d\u6e29\u6cc9\u5ba2\u6808", "order_time": ["2019-01-11 18:47:31"], "total_order": 1, "hotel_value": ["4.7"], "hotel_price": ["364"]}, "5472924": {"hotel_name": "\u9e97\u67ab\u9152\u5e97(\u5357\u4eac\u65b0\u8857\u53e3\u5f20\u5e9c\u56ed\u5730\u94c1\u7ad9\u5e97)", "order_time": ["2019-01-11 18:47:34"], "total_order": 1, "hotel_value": ["4.6"], "hotel_price": ["299"]}, "2300953": {"hotel_name": "\u91d1\u6854\u8fde\u9501\u9152\u5e97(\u5357\u4eac\u519b\u533a\u603b\u9662\u89e3\u653e\u8def\u5e97)", "order_time": ["2019-01-11 18:47:39", "2019-01-11 18:51:40"], "total_order": 2, "hotel_value": ["4.4", "4.4"], "hotel_price": ["134", "134"]}, "13787577": {"hotel_name": "\u5357\u4eac\u4e16\u7eaa\u7f18\u5927\u9152\u5e97(\u91d1\u7b94\u8def\u5e97)", "order_time": ["2019-01-11 18:49:33"], "total_order": 1, "hotel_value": ["4.3"], "hotel_price": ["246"]}, "5904203": {"hotel_name": "\u5357\u4eac\u65b0\u9038\u5929\u91d1\u4e1d\u5229\u9152\u5e97", "order_time": ["2019-01-11 18:51:25"], "total_order": 1, "hotel_value": ["4.6"], "hotel_price": ["345"]}, "2295087": {"hotel_name": "7\u5929\u8fde\u9501\u9152\u5e97(\u5357\u4eac\u592b\u5b50\u5e99\u5730\u94c1\u7ad9\u666f\u533a\u5e97)(\u539f\u592b\u5b50\u5e99\u4e2d\u5fc3\u5e97)", "order_time": ["2019-01-11 18:51:25"], "total_order": 1, "hotel_value": ["4.2"], "hotel_price": ["169"]}, "811652": {"hotel_name": "\u6e05\u6c90\u8fde\u9501\u9152\u5e97(\u5357\u4eac1912\u73e0\u6c5f\u8def\u767e\u8111\u6c47\u5e97)", "order_time": ["2019-01-11 18:51:29"], "total_order": 1, "hotel_value": ["4.2"], "hotel_price": ["180"]}, "16012980": {"hotel_name": "\u65af\u7ef4\u767b\u670d\u52a1\u516c\u5bd3(\u5357\u4eac\u5929\u9686\u5bfa\u96e8\u82b1\u5ba2\u5385\u5e97)", "order_time": ["2019-01-11 18:51:35"], "total_order": 1, "hotel_value": ["4.7"], "hotel_price": ["253"]}, "1441403": {"hotel_name": "\u661f\u7a0b\u9152\u5e97(\u5357\u4eac\u9f13\u697c\u4e2d\u5fc3\u5e97)", "order_time": ["2019-01-11 18:51:38"], "total_order": 1, "hotel_value": ["4.5"], "hotel_price": ["306"]}, "1457183": {"hotel_name": "\u5982\u5bb6\u5feb\u6377\u9152\u5e97(\u5357\u4eac\u6865\u5317\u5f18\u9633\u5e7f\u573a\u67f3\u6d32\u4e1c\u8def\u5730\u94c1\u7ad9\u5e97)", "order_time": ["2019-01-11 18:53:31"], "total_order": 1, "hotel_value": ["4.6"], "hotel_price": ["169"]}, "23972505": {"hotel_name": "\u5357\u4eacValentine \u9038\u5c45(\u539f\u5357\u4eac\u9047\u89c1\u4e00\u5ea7\u57ce)", "order_time": ["2019-01-11 18:53:33"], "total_order": 1, "hotel_value": ["4.9"], "hotel_price": ["182"]}, "18026696": {"hotel_name": "\u5343\u5c7f\u00b7\u5357\u4eac\u57ce\u4e2d\u5bb6\u7cbe\u54c1\u9152\u5e97(\u5965\u4f53\u4e2d\u80dc\u535a\u89c8\u4e2d\u5fc3\u5e97)", "order_time": ["2019-01-11 18:53:35"], "total_order": 1, "hotel_value": ["4.3"], "hotel_price": ["164"]}, "1649168": {"hotel_name": "\u5bd2\u820d\u7cbe\u54c1\u9152\u5e97(\u5357\u4eac\u6e56\u5317\u8def\u5e97)", "order_time": ["2019-01-11 18:53:36"], "total_order": 1, "hotel_value": ["4.2"], "hotel_price": ["151"]}, "1604436": {"hotel_name": "\u83ab\u6cf0168(\u5357\u4eac\u592b\u5b50\u5e99\u5730\u94c1\u7ad9\u5e73\u6c5f\u5e9c\u8def\u5e97)", "order_time": ["2019-01-11 18:55:25"], "total_order": 1, "hotel_value": ["4.7"], "hotel_price": ["221"]}, "2783279": {"hotel_name": "\u5e03\u4e01\u9152\u5e97(\u5357\u4eac\u5357\u7ad9\u53cc\u9f99\u5927\u9053\u5730\u94c1\u7ad9\u5e97)", "order_time": ["2019-01-11 18:55:27"], "total_order": 1, "hotel_value": ["4.3"], "hotel_price": ["147"]}, "4727373": {"hotel_name": "\u5982\u5bb6\u5546\u65c5\u9152\u5e97(\u5357\u4eac\u65b0\u8857\u53e3\u4e2d\u5fc3\u5e97)", "order_time": ["2019-01-11 18:55:27"], "total_order": 1, "hotel_value": ["4.8"], "hotel_price": ["258"]}, "3003561": {"hotel_name": "\u7ef4\u4e5f\u7eb3\u56fd\u9645\u9152\u5e97(\u5357\u4eac\u5357\u7ad9\u4e1c\u9e92\u8def\u5e97)", "order_time": ["2019-01-11 18:55:28"], "total_order": 1, "hotel_value": ["4.8"], "hotel_price": ["266"]}, "17038644": {"hotel_name": "\u5357\u4eac\u4e9a\u9526\u9152\u5e97\u56fd\u9645\u516c\u5bd3\uff08\u65b0\u6e2f\u5f00\u53d1\u533a\u71d5\u5b50\u77f6\u5e97\uff09", "order_time": ["2019-01-11 18:55:28"], "total_order": 1, "hotel_value": ["4.5"], "hotel_price": ["147"]}, "22268232": {"hotel_name": "\u68a7\u6850\u5bd3\u00b7\u5f71\u9662\u9152\u5e97(\u5357\u4eac\u5357\u7ad9\u5357\u5e7f\u573a\u5e97)", "order_time": ["2019-01-11 18:55:30"], "total_order": 1, "hotel_value": ["4.7"], "hotel_price": ["296"]}, "3396393": {"hotel_name": "\u5357\u4eac\u4e00\u8def\u9633\u5149\u5bbe\u9986", "order_time": ["2019-01-11 18:55:30"], "total_order": 1, "hotel_value": ["4.3"], "hotel_price": ["111"]}, "964546": {"hotel_name": "\u5f17\u601d\u7279\u8fde\u9501\u9152\u5e97(\u4e5d\u534e\u5c71\u5730\u94c1\u7ad9\u5e97)(\u539f\u5317\u4eac\u4e1c\u8def\u5e97)", "order_time": ["2019-01-11 18:55:30"], "total_order": 1, "hotel_value": ["4.3"], "hotel_price": ["181"]}, "13297881": {"hotel_name": "\u5357\u4eac\u8212\u9999\u9601\u5bbe\u9986", "order_time": ["2019-01-11 18:55:30"], "total_order": 1, "hotel_value": ["4.9"], "hotel_price": ["107"]}, "450297": {"hotel_name": "\u5357\u4eac\u7231\u4e4b\u7ffc\u4e3b\u9898\u9152\u5e97", "order_time": ["2019-01-11 18:55:33"], "total_order": 1, "hotel_value": ["4.0"], "hotel_price": ["122"]}, "1647988": {"hotel_name": "\u901f8\u9152\u5e97(\u5357\u4eac\u6ea7\u6c34\u533a\u653f\u5e9c\u5e97)(\u539f\u6ea7\u6c34\u4e2d\u5927\u8857\u5e97)", "order_time": ["2019-01-11 18:55:35"], "total_order": 1, "hotel_value": ["4.3"], "hotel_price": ["136"]}, "1183473": {"hotel_name": "\u5c1a\u5ba2\u4f18\u5feb\u6377\u9152\u5e97(\u5357\u4eac\u65e0\u60f3\u5c71\u5730\u94c1\u7ad9\u5e97)", "order_time": ["2019-01-11 18:55:35"], "total_order": 1, "hotel_value": ["4.4"], "hotel_price": ["145"]}, "7934109": {"hotel_name": "\u5357\u4eac\u84dd\u9cb8\u592a\u7a7a\u8231\u4e3b\u9898\u9752\u65c5", "order_time": ["2019-01-11 18:55:36"], "total_order": 1, "hotel_value": ["4.7"], "hotel_price": ["82"]}, "1829770": {"hotel_name": "\u4e16\u7eaa\u7f18\u5927\u9152\u5e97(\u5357\u4eac\u5317\u4eac\u4e1c\u8def\u5e97)", "order_time": ["2019-01-11 18:55:36"], "total_order": 1, "hotel_value": ["4.3"], "hotel_price": ["389"]}, "8053321": {"hotel_name": "\u5357\u4eac\u60dc\u7f18\u5c45\u9152\u5e97\u516c\u5bd3", "order_time": ["2019-01-11 18:55:36"], "total_order": 1, "hotel_value": ["4.4"], "hotel_price": ["217"]}, "4728625": {"hotel_name": "\u5357\u4eac\u4e50\u9ad8\u5546\u52a1\u5bbe\u9986", "order_time": ["2019-01-11 18:55:38"], "total_order": 1, "hotel_value": ["4.1"], "hotel_price": ["110"]}, "8574642": {"hotel_name": "\u5357\u4eac\u57ce\u5e02\u7cbe\u54c1\u5ba2\u6808\u5357\u7ad9\u5e97", "order_time": ["2019-01-11 18:55:38"], "total_order": 1, "hotel_value": ["4.3"], "hotel_price": ["104"]}, "6391627": {"hotel_name": "\u5357\u4eac\u7406\u60f3\u5bb6\u9152\u5e97\u516c\u5bd3", "order_time": ["2019-01-11 18:55:39"], "total_order": 1, "hotel_value": ["4.4"], "hotel_price": ["193"]}, "427757": {"hotel_name": "\u83ab\u6cf0168(\u5357\u4eac\u592b\u5b50\u5e99\u5927\u5149\u8def\u5e97)", "order_time": ["2019-01-11 18:57:30"], "total_order": 1, "hotel_value": ["4.4"], "hotel_price": ["139"]}, "811680": {"hotel_name": "\u6e05\u6c90\u7cbe\u54c1\u9152\u5e97(\u5357\u4eac\u96c6\u5e86\u95e8\u4e07\u8fbe\u5e7f\u573a\u5e97)", "order_time": ["2019-01-11 18:59:24"], "total_order": 1, "hotel_value": ["4.3"], "hotel_price": ["186"]}, "28094974": {"hotel_name": "\u5982\u5bb6\u5546\u65c5\u9152\u5e97(\u5357\u4eac\u706b\u8f66\u7ad9\u5317\u5e7f\u573a\u7384\u6b66\u6e56\u5e97)", "order_time": ["2019-01-11 18:59:34"], "total_order": 1, "hotel_value": ["4.3"], "hotel_price": ["277"]}, "470827": {"hotel_name": "\u9526\u6c5f\u5357\u4eac\u996d\u5e97", "order_time": ["2019-01-11 19:00:03"], "total_order": 1, "hotel_value": ["4.8"], "hotel_price": ["286"]}, "8545558": {"hotel_name": "\u5357\u4eac\u5357\u5927\u56fd\u9645\u4f1a\u8bae\u4e2d\u5fc3", "order_time": ["2019-01-11 19:01:27"], "total_order": 1, "hotel_value": ["4.8"], "hotel_price": ["528"]}, "481331": {"hotel_name": "\u5357\u4eac\u4fdd\u9669\u5927\u53a6", "order_time": ["2019-01-11 19:01:27"], "total_order": 1, "hotel_value": ["4.2"], "hotel_price": ["306"]}, "23929557": {"hotel_name": "\u5357\u4eac\u6c83\u5b5c\u9152\u5e97", "order_time": ["2019-01-11 19:01:29"], "total_order": 1, "hotel_value": ["4.6"], "hotel_price": ["214"]}, "1452525": {"hotel_name": "\u5982\u5bb6\u5feb\u6377\u9152\u5e97(\u5357\u4eac\u65b0\u57ce\u5e02\u5e7f\u573a\u9f99\u6c5f\u5730\u94c1\u7ad9\u5e97)", "order_time": ["2019-01-11 19:01:30"], "total_order": 1, "hotel_value": ["4.6"], "hotel_price": ["267"]}, "534044": {"hotel_name": "\u5357\u4eac\u7eff\u5730\u5fa1\u8c6a\u6e29\u6cc9\u9152\u5e97(\u539f\u5fa1\u8c6a\u6c64\u5c71\u6e29\u6cc9\u56fd\u9645\u9152\u5e97)", "order_time": ["2019-01-11 19:01:31"], "total_order": 1, "hotel_value": ["4.6"], "hotel_price": ["1368"]}, "17883764": {"hotel_name": "\u683c\u6797\u8054\u76df\u9152\u5e97(\u5357\u4eac\u83ab\u6101\u6e56\u5e97)", "order_time": ["2019-01-11 19:01:31"], "total_order": 1, "hotel_value": ["4.4"], "hotel_price": ["184"]}, "21795380": {"hotel_name": "\u7ef4\u4e5f\u7eb3\u56fd\u9645\u9152\u5e97(\u5357\u4eac\u7af9\u5c71\u8def\u5730\u94c1\u7ad9\u5e97)", "order_time": ["2019-01-11 19:01:31"], "total_order": 1, "hotel_value": ["4.7"], "hotel_price": ["338"]}, "1452813": {"hotel_name": "\u5982\u5bb6\u5feb\u6377\u9152\u5e97(\u5357\u4eac\u4e2d\u5c71\u9675\u666f\u533a\u82dc\u84ff\u56ed\u5927\u8857\u5e97))(\u539f\u5357\u4eac\u6708\u7259\u6e56\u9526\u6e56\u5927\u53a6\u5e97)", "order_time": ["2019-01-11 19:01:36"], "total_order": 1, "hotel_value": ["4.4"], "hotel_price": ["140"]}, "1500275": {"hotel_name": "\u5357\u4eac\u9526\u9e4f\u5bbe\u9986(\u539f\u7696\u9f99\u5bbe\u9986\u592b\u5b50\u5e99\u5e97)", "order_time": ["2019-01-11 19:01:36"], "total_order": 1, "hotel_value": ["4.6"], "hotel_price": ["128"]}, "1836219": {"hotel_name": "\u82f9\u679c\u9152\u5e97(\u5357\u4eac\u4e01\u5bb6\u6865\u5e97)", "order_time": ["2019-01-11 19:01:38"], "total_order": 1, "hotel_value": ["3.7"], "hotel_price": ["143"]}, "3154175": {"hotel_name": "\u5357\u4eac\u91d1\u9675\u884c\u5bab\u7f51\u7ea2\u9152\u5e97", "order_time": ["2019-01-11 19:01:38"], "total_order": 1, "hotel_value": ["4.7"], "hotel_price": ["278"]}, "1772165": {"hotel_name": "\u5357\u4eac\u901f\u516b\u5bbe\u9986", "order_time": ["2019-01-11 19:01:38"], "total_order": 1, "hotel_value": ["3.6"], "hotel_price": ["107"]}, "5247864": {"hotel_name": "\u5357\u4eac\u7f8e\u7a0b\u7f8e\u5bb6\u516c\u5bd3\u5f0f\u65c5\u5e97\u5357\u4eac\u5357\u7ad9\u5e97", "order_time": ["2019-01-11 19:01:39"], "total_order": 1, "hotel_value": ["4.3"], "hotel_price": ["133"]}, "5781636": {"hotel_name": "\u9752\u679c\u9752\u6a59\u9752\u5e74\u65c5\u820d(\u5357\u4eac\u4e2d\u5c71\u9675\u4e0b\u9a6c\u574a\u5e97)", "order_time": ["2019-01-11 19:01:39"], "total_order": 1, "hotel_value": ["4.3"], "hotel_price": ["51"]}, "1426723": {"hotel_name": "\u5c1a\u597d\u9152\u5e97\u516c\u5bd3(\u5357\u4eac\u6cb3\u897f\u4e07\u8fbe\u5e97)", "order_time": ["2019-01-11 19:03:54"], "total_order": 1, "hotel_value": ["4.7"], "hotel_price": ["271"]}, "23917986": {"hotel_name": "\u5357\u4eacMY HOTEL", "order_time": ["2019-01-11 19:03:57"], "total_order": 1, "hotel_value": ["4.7"], "hotel_price": ["318"]}, "435874": {"hotel_name": "\u5357\u4eac\u5e74\u53d1168\u9152\u5e97", "order_time": ["2019-01-11 19:03:57"], "total_order": 1, "hotel_value": ["4.2"], "hotel_price": ["260"]}, "4970266": {"hotel_name": "\u5357\u4eac\u67e0\u6aac\u6811\u7cbe\u54c1\u9152\u5e97", "order_time": ["2019-01-11 19:04:03"], "total_order": 1, "hotel_value": ["4.4"], "hotel_price": ["168"]}, "1334688": {"hotel_name": "\u5357\u4eac\u5c71\u6cc9\u6c34\u5bbe\u9986", "order_time": ["2019-01-11 19:04:08"], "total_order": 1, "hotel_value": ["4.5"], "hotel_price": ["88"]}, "19921125": {"hotel_name": "\u5357\u4eac\u805a\u4e4b\u7f18\u9152\u5e97(\u539f\u69b4\u83b2\u5c0f\u661f\u9152\u5e97)", "order_time": ["2019-01-11 19:04:17"], "total_order": 1, "hotel_value": ["4.3"], "hotel_price": ["298"]}, "28681736": {"hotel_name": "\u4f70\u5229\u4e9a\u516c\u5bd3(\u5357\u4eac\u9f99\u7720\u5927\u9053\u5730\u94c1\u7ad9\u5e97)", "order_time": ["2019-01-11 19:04:19"], "total_order": 1, "hotel_value": [0], "hotel_price": ["208"]}, "404182": {"hotel_name": "\u5357\u4eac\u4e01\u5c71\u5bbe\u9986", "order_time": ["2019-01-11 19:04:34"], "total_order": 1, "hotel_value": ["4.4"], "hotel_price": ["288"]}, "5073966": {"hotel_name": "\u5e03\u4e01\u9152\u5e97(\u5357\u4eac\u592b\u5b50\u5e99\u5730\u94c1\u7ad9\u5e97)", "order_time": ["2019-01-11 19:05:24"], "total_order": 1, "hotel_value": ["4.5"], "hotel_price": ["154"]}, "1633141": {"hotel_name": "\u5357\u4eac\u4ec1\u6052\u8f89\u76db\u9601\u56fd\u9645\u516c\u5bd3", "order_time": ["2019-01-11 19:05:26"], "total_order": 1, "hotel_value": ["4.8"], "hotel_price": ["917"]}, "1943895": {"hotel_name": "\u5e03\u4e01\u9152\u5e97(\u5357\u4eac\u9f13\u697c\u7384\u6b66\u6e56\u7384\u6b66\u95e8\u5730\u94c1\u7ad9\u5e97)", "order_time": ["2019-01-11 19:05:26"], "total_order": 1, "hotel_value": ["4.1"], "hotel_price": ["201"]}, "1938462": {"hotel_name": "\u9526\u6c5f\u4e4b\u661f(\u5357\u4eac\u6cb3\u897f\u56fd\u9645\u535a\u89c8\u4e2d\u5fc3\u5e97)", "order_time": ["2019-01-11 19:05:28"], "total_order": 1, "hotel_value": ["4.5"], "hotel_price": ["328"]}, "12543472": {"hotel_name": "\u5357\u4eac\u670b\u6765\u56fd\u9645\u9152\u5e97\u516c\u5bd3", "order_time": ["2019-01-11 19:05:29"], "total_order": 1, "hotel_value": ["4.7"], "hotel_price": ["231"]}, "8867914": {"hotel_name": "\u6f2b\u5fc3\u9152\u5e97(\u5357\u4eac\u592b\u5b50\u5e99\u5e97)", "order_time": ["2019-01-11 19:05:29"], "total_order": 1, "hotel_value": ["4.7"], "hotel_price": ["379"]}, "654619": {"hotel_name": "\u5357\u4eac\u4e2d\u5174\u548c\u6cf0\u9152\u5e97", "order_time": ["2019-01-11 19:05:30"], "total_order": 1, "hotel_value": ["4.4"], "hotel_price": ["389"]}, "1452010": {"hotel_name": "\u5982\u5bb6\u5feb\u6377\u9152\u5e97(\u5357\u4eac\u6e56\u5357\u8def\u72ee\u5b50\u6865\u7f8e\u98df\u8857\u5e97)", "order_time": ["2019-01-11 19:05:30"], "total_order": 1, "hotel_value": ["4.3"], "hotel_price": ["191"]}, "1944086": {"hotel_name": "\u683c\u6797\u8c6a\u6cf0(\u5357\u4eac\u94f6\u6865\u5e02\u573a\u5e97)", "order_time": ["2019-01-11 19:05:32"], "total_order": 1, "hotel_value": ["4.0"], "hotel_price": ["162"]}, "1446696": {"hotel_name": "\u6c49\u5ead\u9152\u5e97(\u5357\u4eac\u6c5f\u5b81\u767e\u5bb6\u6e56\u5e97)", "order_time": ["2019-01-11 19:05:32"], "total_order": 1, "hotel_value": ["4.4"], "hotel_price": ["203"]}, "8574602": {"hotel_name": "\u5357\u4eac\u9f0e\u9752\u516c\u5bd3", "order_time": ["2019-01-11 19:05:34"], "total_order": 1, "hotel_value": ["4.4"], "hotel_price": ["46"]}, "16899982": {"hotel_name": "\u5357\u4eac\u8bda\u54c1\u5feb\u6377\u9152\u5e97", "order_time": ["2019-01-11 19:05:34"], "total_order": 1, "hotel_value": ["4.5"], "hotel_price": ["143"]}, "5973528": {"hotel_name": "\u5357\u4eac\u9a7f\u5f80\u60c5\u6df1\u4e3b\u9898\u77ed\u79df", "order_time": ["2019-01-11 19:05:35"], "total_order": 1, "hotel_value": ["4.7"], "hotel_price": ["381"]}, "1057767": {"hotel_name": "\u5357\u4eac\u5bb6\u6770\u5bb6\u5bbe\u9986", "order_time": ["2019-01-11 19:05:35"], "total_order": 1, "hotel_value": ["3.9"], "hotel_price": ["122"]}, "1452456": {"hotel_name": "\u5982\u5bb6\u5feb\u6377\u9152\u5e97(\u5357\u4eac\u516d\u5408\u91d1\u5b81\u5e7f\u573a\u6b65\u884c\u8857\u5e97)", "order_time": ["2019-01-11 19:05:35"], "total_order": 1, "hotel_value": ["4.6"], "hotel_price": ["139"]}, "8574614": {"hotel_name": "\u5357\u4eac\u7f8e\u597d\u836f\u5e97\u9752\u5e74\u65c5\u820d", "order_time": ["2019-01-11 19:05:36"], "total_order": 1, "hotel_value": ["4.6"], "hotel_price": ["45"]}, "1828285": {"hotel_name": "\u96c5\u8c6a\u5546\u52a1\u9152\u5e97(\u5357\u4eac\u5965\u4f53\u4e2d\u5fc3\u5e97)", "order_time": ["2019-01-11 19:05:37"], "total_order": 1, "hotel_value": ["3.8"], "hotel_price": ["204"]}, "2249149": {"hotel_name": "\u683c\u6797\u8c6a\u6cf0(\u5357\u4eac\u6c5f\u5b81\u7af9\u5c71\u8def\u5730\u94c1\u7ad9\u5e97)", "order_time": ["2019-01-11 19:05:37"], "total_order": 1, "hotel_value": ["3.6"], "hotel_price": ["162"]}, "1035906": {"hotel_name": "\u5357\u4eac\u6208\u5c14\u5bbe\u9986", "order_time": ["2019-01-11 19:05:37"], "total_order": 1, "hotel_value": ["4.2"], "hotel_price": ["90"]}, "2506692": {"hotel_name": "\u5357\u4eac\u5eb7\u57ce\u5bbe\u9986", "order_time": ["2019-01-11 19:05:38"], "total_order": 1, "hotel_value": ["3.7"], "hotel_price": ["107"]}, "4686935": {"hotel_name": "\u5357\u4eac\u91d1\u90fd\u5fc3\u8bed\u7cbe\u54c1\u9152\u5e97\u516c\u5bd3", "order_time": ["2019-01-11 19:05:38"], "total_order": 1, "hotel_value": ["4.5"], "hotel_price": ["226"]}, "1518063": {"hotel_name": "\u5357\u4eac\u592a\u6e56\u5bbe\u9986", "order_time": ["2019-01-11 19:05:38"], "total_order": 1, "hotel_value": ["4.4"], "hotel_price": ["117"]}, "2728633": {"hotel_name": "\u5357\u4eac\u82f1\u4e54\u8c6a\u4eab\u5546\u52a1\u9152\u5e97", "order_time": ["2019-01-11 19:05:39"], "total_order": 1, "hotel_value": ["4.2"], "hotel_price": ["110"]}, "5374787": {"hotel_name": "\u5357\u4eac\u6d77\u5ddd\u5bbe\u9986", "order_time": ["2019-01-11 19:05:40"], "total_order": 1, "hotel_value": ["3.0"], "hotel_price": ["56"]}, "6848502": {"hotel_name": "\u5357\u4eac\u5965\u60a6\u5546\u52a1\u5bbe\u9986\u80dc\u592a\u8def\u5e97", "order_time": ["2019-01-11 19:05:40"], "total_order": 1, "hotel_value": ["3.8"], "hotel_price": ["122"]}, "6124655": {"hotel_name": "\u7ef4\u4e5f\u7eb3\u9152\u5e97(\u5357\u4eac\u516d\u5408\u533a\u653f\u5e9c\u9f99\u6c60\u5730\u94c1\u7ad9\u5e97)", "order_time": ["2019-01-11 19:05:40"], "total_order": 1, "hotel_value": ["4.6"], "hotel_price": ["247"]}, "11274075": {"hotel_name": "\u5357\u4eac\u5e02\u6c5f\u5b81\u533a\u67ab\u6674\u5047\u65e5\u9152\u5e97", "order_time": ["2019-01-11 19:05:40"], "total_order": 1, "hotel_value": ["4.3"], "hotel_price": ["200"]}, "811706": {"hotel_name": "\u6e05\u6c90\u8fde\u9501\u9152\u5e97(\u5357\u4eac\u706b\u8f66\u7ad9\u4e2d\u592e\u95e8\u5e97)", "order_time": ["2019-01-11 19:05:41"], "total_order": 1, "hotel_value": ["4.2"], "hotel_price": ["199"]}, "28144052": {"hotel_name": "\u5357\u4eac\u5e38\u9752\u6811\u9752\u5e74\u65c5\u820d", "order_time": ["2019-01-11 19:05:41"], "total_order": 1, "hotel_value": ["5.0"], "hotel_price": ["32"]}, "5463343": {"hotel_name": "\u5357\u4eac\u96c5\u4ed9\u5c45\u82b1\u56ed\u9152\u5e97", "order_time": ["2019-01-11 19:05:43"], "total_order": 1, "hotel_value": ["4.7"], "hotel_price": ["118"]}, "1669678": {"hotel_name": "\u5e03\u4e01\u9152\u5e97(\u5357\u4eac\u592b\u5b50\u5e99\u5f20\u5e9c\u56ed\u5730\u94c1\u7ad9\u5e97)", "order_time": ["2019-01-11 19:05:44"], "total_order": 1, "hotel_value": ["4.3"], "hotel_price": ["135"]}, "3292300": {"hotel_name": "\u683c\u6797\u8c6a\u6cf0(\u5357\u4eac\u56fa\u57ce\u6e56\u8001\u8857\u98ce\u666f\u533a\u5e97)", "order_time": ["2019-01-11 19:05:44"], "total_order": 1, "hotel_value": ["4.5"], "hotel_price": ["99"]}, "1712297": {"hotel_name": "\u5357\u4eac\u70ab\u8c6a\u5bbe\u9986", "order_time": ["2019-01-11 19:05:44"], "total_order": 1, "hotel_value": ["3.9"], "hotel_price": ["144"]}, "1054900": {"hotel_name": "\u5357\u4eac\u5343\u5bfb\u65c5\u9986", "order_time": ["2019-01-11 19:05:45"], "total_order": 1, "hotel_value": ["3.6"], "hotel_price": ["83"]}, "1376592": {"hotel_name": "\u5357\u4eac\u6770\u8bda\u5feb\u6377\u5bbe\u9986", "order_time": ["2019-01-11 19:05:45"], "total_order": 1, "hotel_value": ["3.7"], "hotel_price": ["83"]}, "6665376": {"hotel_name": "\u5357\u4eac\u6728\u9a6c\u592a\u7a7a\u8231\u516c\u5bd3", "order_time": ["2019-01-11 19:05:48"], "total_order": 1, "hotel_value": ["4.6"], "hotel_price": ["59"]}, "5247929": {"hotel_name": "\u90fd\u5e02MINI\u7cbe\u9009\u9152\u5e97(\u5357\u4eac\u592b\u5b50\u5e99\u4e09\u5c71\u8857\u5730\u94c1\u7ad9\u5e97)", "order_time": ["2019-01-11 19:05:48"], "total_order": 1, "hotel_value": ["3.7"], "hotel_price": ["134"]}, "1641422": {"hotel_name": "\u5357\u4eac\u53cc\u4e30\u5bbe\u9986", "order_time": ["2019-01-11 19:05:50"], "total_order": 1, "hotel_value": ["3.8"], "hotel_price": ["126"]}, "1535644": {"hotel_name": "\u6c49\u5ead\u9152\u5e97(\u5357\u4eac\u65b0\u8857\u53e3\u4e2d\u5fc3\u5e97)", "order_time": ["2019-01-11 19:06:02"], "total_order": 1, "hotel_value": ["4.3"], "hotel_price": ["215"]}, "371145": {"hotel_name": "\u5357\u4eac\u7ef4\u666f\u56fd\u9645\u5927\u9152\u5e97", "order_time": ["2019-01-11 19:06:02"], "total_order": 1, "hotel_value": ["4.6"], "hotel_price": ["598"]}, "1341077": {"hotel_name": "\u5982\u5bb6\u5feb\u6377\u9152\u5e97(\u5357\u4eac\u592b\u5b50\u5e99\u9f99\u87e0\u4e2d\u8def\u7535\u89c6\u53f0\u5e97)", "order_time": ["2019-01-11 19:07:54"], "total_order": 1, "hotel_value": ["4.4"], "hotel_price": ["166"]}, "1837037": {"hotel_name": "\u94f6\u674f\u82b1\u56ed\u9152\u5e97(\u5357\u4eac\u5357\u7ad9\u6c5f\u5b81\u4e07\u8fbe\u5e97)", "order_time": ["2019-01-11 19:07:54"], "total_order": 1, "hotel_value": ["4.6"], "hotel_price": ["144"]}, "2041820": {"hotel_name": "7\u5929\u8fde\u9501\u9152\u5e97(\u5357\u4eac\u6797\u4e1a\u5927\u5b66\u82b1\u56ed\u8def\u5e97)", "order_time": ["2019-01-11 19:07:55"], "total_order": 1, "hotel_value": ["3.9"], "hotel_price": ["155"]}, "4729595": {"hotel_name": "\u5357\u4eac\u6615\u6960\u5bbe\u9986", "order_time": ["2019-01-11 19:07:55"], "total_order": 1, "hotel_value": ["3.9"], "hotel_price": ["159"]}, "2622283": {"hotel_name": "\u6c49\u5ead\u9152\u5e97(\u5357\u4eac\u4e2d\u592e\u5317\u8def\u5e97)", "order_time": ["2019-01-11 19:08:03"], "total_order": 1, "hotel_value": ["4.4"], "hotel_price": ["185"]}, "17335837": {"hotel_name": "\u4e9a\u9526\u5f71\u9662\u4e3b\u9898\u9152\u5e97\u516c\u5bd3(\u5357\u4eac\u5929\u9686\u5bfa\u5730\u94c1\u7ad9\u96e8\u82b1\u5ba2\u5385\u5e97)", "order_time": ["2019-01-11 19:08:03"], "total_order": 1, "hotel_value": ["4.6"], "hotel_price": ["251"]}, "5244513": {"hotel_name": "\u5357\u4eac\u51e4\u897f\u5bbe\u9986", "order_time": ["2019-01-11 19:08:03"], "total_order": 1, "hotel_value": ["4.2"], "hotel_price": ["307"]}, "5215299": {"hotel_name": "\u5357\u4eac\u5b66\u57ce\u4e4b\u604b\u60c5\u4fa3\u4e3b\u9898\u9152\u5e97", "order_time": ["2019-01-11 19:08:03"], "total_order": 1, "hotel_value": ["4.5"], "hotel_price": ["197"]}, "1697711": {"hotel_name": "\u5e03\u4e01\u9152\u5e97(\u5357\u4eac\u5357\u822a\u7fe0\u5c4f\u5c71\u5730\u94c1\u7ad9\u5e97)", "order_time": ["2019-01-11 19:08:05"], "total_order": 1, "hotel_value": ["3.7"], "hotel_price": ["137"]}, "912907": {"hotel_name": "\u5357\u4eac\u5f00\u5fc3e\u5bb6\u9152\u5e97", "order_time": ["2019-01-11 19:08:08"], "total_order": 1, "hotel_value": ["4.1"], "hotel_price": ["135"]}, "6872543": {"hotel_name": "\u5357\u4eac\u5065\u8eab\u5bbe\u9986", "order_time": ["2019-01-11 19:08:18"], "total_order": 1, "hotel_value": [0], "hotel_price": ["66"]}, "6741027": {"hotel_name": "\u5357\u4eac\u660e\u6708\u5bbe\u9986", "order_time": ["2019-01-11 19:08:18"], "total_order": 1, "hotel_value": ["2.4"], "hotel_price": ["73"]}, "5668926": {"hotel_name": "\u9601\u96c5\u8fde\u9501\u9152\u5e97\u516c\u5bd3\u5357\u4eac\u57ce\u5f00\u56fd\u9645\u5e97", "order_time": ["2019-01-11 19:08:19"], "total_order": 1, "hotel_value": ["4.5"], "hotel_price": ["176"]}, "2276820": {"hotel_name": "\u5357\u4eac\u68a6\u4e50\u822b\u5546\u52a1\u5bbe\u9986", "order_time": ["2019-01-11 19:08:21"], "total_order": 1, "hotel_value": ["3.4"], "hotel_price": ["111"]}, "1520569": {"hotel_name": "\u5357\u4eac\u94f6\u8302\u5bbe\u9986", "order_time": ["2019-01-11 19:08:21"], "total_order": 1, "hotel_value": ["3.9"], "hotel_price": ["197"]}, "4690778": {"hotel_name": "\u5357\u4eac\u68a7\u6850\u6811\u65f6\u5c1a\u516c\u5bd3", "order_time": ["2019-01-11 19:08:21"], "total_order": 1, "hotel_value": ["4.2"], "hotel_price": ["135"]}, "892385": {"hotel_name": "\u798f\u7389\u697c\u5bbe\u9986(\u5357\u4eac\u4e07\u5bff\u5e97)", "order_time": ["2019-01-11 19:08:24"], "total_order": 1, "hotel_value": ["4.3"], "hotel_price": ["169"]}, "3033103": {"hotel_name": "\u5357\u4eac\u6b27\u683c\u5bbe\u9986", "order_time": ["2019-01-11 19:08:24"], "total_order": 1, "hotel_value": ["2.4"], "hotel_price": ["95"]}, "795265": {"hotel_name": "\u5357\u4eac\u6625\u96e8\u5546\u52a1\u5bbe\u9986", "order_time": ["2019-01-11 19:08:26"], "total_order": 1, "hotel_value": ["2.3"], "hotel_price": ["79"]}, "1625519": {"hotel_name": "\u5357\u4eac6+1\u5feb\u6377\u9152\u5e97", "order_time": ["2019-01-11 19:08:26"], "total_order": 1, "hotel_value": ["3.6"], "hotel_price": ["103"]}, "1945283": {"hotel_name": "\u5357\u4eac\u6da6\u8473\u9152\u5e97", "order_time": ["2019-01-11 19:08:34"], "total_order": 1, "hotel_value": ["4.7"], "hotel_price": ["286"]}}}