{"\u5f00\u59cb\u8bb0\u5f55\u65f6\u95f4": "2019-01-27 01:18:29", "\u7ed3\u675f\u8bb0\u5f55\u65f6\u95f4": "2019-01-27 02:18:29", "\u8ba2\u5355\u603b\u589e\u91cf": 130, "item": {"346278": {"hotel_name": "\u5357\u4eac\u5a01\u65af\u6c40\u5927\u9152\u5e97", "order_time": ["2019-01-27 01:20:35"], "total_order": 1, "hotel_value": ["4.6"], "hotel_price": ["946"]}, "15736345": {"hotel_name": "\u7ef4\u4e5f\u7eb3\u56fd\u9645\u9152\u5e97(\u5357\u4eac\u4e2d\u5c71\u9675\u98ce\u666f\u533a\u5e97)", "order_time": ["2019-01-27 01:20:36"], "total_order": 1, "hotel_value": ["4.6"], "hotel_price": ["244"]}, "6111316": {"hotel_name": "\u66d9\u5149\u8587\u9152\u5e97(\u5357\u4eac\u592b\u5b50\u5e99\u5e97)", "order_time": ["2019-01-27 01:20:37"], "total_order": 1, "hotel_value": ["4.7"], "hotel_price": ["344"]}, "2069884": {"hotel_name": "\u5357\u4eac\u7231\u5c1a\u82b1\u56ed\u9152\u5e97\u516c\u5bd3", "order_time": ["2019-01-27 01:20:38"], "total_order": 1, "hotel_value": ["4.6"], "hotel_price": ["266"]}, "1426671": {"hotel_name": "\u6021\u83b1\u9152\u5e97(\u5357\u4eac\u592b\u5b50\u5e99\u4e2d\u5fc3\u7cbe\u54c1\u5e97)(\u539f\u5357\u4eac\u745e\u9633\u5927\u9152\u5e97)", "order_time": ["2019-01-27 01:20:42"], "total_order": 1, "hotel_value": ["4.5"], "hotel_price": ["170"]}, "1452386": {"hotel_name": "\u5982\u5bb6\u5feb\u6377\u9152\u5e97(\u5357\u4eac\u6c5f\u5b81\u5929\u5370\u5927\u9053\u5e97)", "order_time": ["2019-01-27 01:20:45"], "total_order": 1, "hotel_value": ["4.5"], "hotel_price": ["126"]}, "1649336": {"hotel_name": "\u5357\u4eac\u6e90\u534e\u5bbe\u9986", "order_time": ["2019-01-27 01:20:46", "2019-01-27 01:24:44"], "total_order": 2, "hotel_value": ["3.8", "3.8"], "hotel_price": ["122", "122"]}, "12133776": {"hotel_name": "\u5357\u4eac\u4f73\u4f73\u5bbe\u9986", "order_time": ["2019-01-27 01:20:58", "2019-01-27 01:24:53"], "total_order": 2, "hotel_value": ["2.3", "2.3"], "hotel_price": ["108", "108"]}, "2240146": {"hotel_name": "\u5357\u4eac\u57ce\u5e02\u7267\u91ce\u5047\u65e5\u9152\u5e97", "order_time": ["2019-01-27 01:22:35"], "total_order": 1, "hotel_value": ["4.4"], "hotel_price": ["242"]}, "969174": {"hotel_name": "\u6d77\u53cb\u5ba2\u6808(\u5357\u4eac\u73e0\u6c5f\u8def\u5e97)", "order_time": ["2019-01-27 01:22:35"], "total_order": 1, "hotel_value": ["4.3"], "hotel_price": ["142"]}, "2488992": {"hotel_name": "\u6854\u5b50\u6c34\u6676\u9152\u5e97(\u5357\u4eac\u5965\u4f53\u4e2d\u80dc\u56fd\u9645\u535a\u89c8\u4e2d\u5fc3\u5e97)", "order_time": ["2019-01-27 01:22:38"], "total_order": 1, "hotel_value": ["4.9"], "hotel_price": ["360"]}, "23965471": {"hotel_name": "\u9526\u6c5f\u90fd\u57ce\u9152\u5e97(\u5357\u4eac\u592b\u5b50\u5e99\u4e2d\u5fc3\u5e97)", "order_time": ["2019-01-27 01:22:38"], "total_order": 1, "hotel_value": ["4.8"], "hotel_price": ["321"]}, "3327690": {"hotel_name": "\u6c64\u5c71\u7d2b\u6e05\u6e56\u6e29\u6cc9\u5ea6\u5047\u9152\u5e97", "order_time": ["2019-01-27 01:28:37", "2019-01-27 01:22:38"], "total_order": 2, "hotel_value": ["4.8", "4.8"], "hotel_price": ["8909", "8909"]}, "1686822": {"hotel_name": "\u5bcc\u9a7f\u65f6\u5c1a\u9152\u5e97(\u5357\u4eac\u6c5f\u5b81\u5e97)", "order_time": ["2019-01-27 01:22:39"], "total_order": 1, "hotel_value": ["4.3"], "hotel_price": ["176"]}, "1678723": {"hotel_name": "\u5357\u4eacYMCA\u9152\u5e97", "order_time": ["2019-01-27 01:24:37"], "total_order": 1, "hotel_value": ["4.5"], "hotel_price": ["245"]}, "471367": {"hotel_name": "\u5357\u4eac\u82cf\u5b81\u73af\u7403\u5957\u623f\u996d\u5e97", "order_time": ["2019-01-27 01:24:37"], "total_order": 1, "hotel_value": ["4.8"], "hotel_price": ["508"]}, "2596930": {"hotel_name": "\u6c5f\u5357\u884c\u7cbe\u54c1\u9152\u5e97(\u5357\u4eac\u4e5d\u534e\u5c71\u5730\u94c1\u7ad9\u5e97)", "order_time": ["2019-01-27 01:24:38"], "total_order": 1, "hotel_value": ["4.6"], "hotel_price": ["202"]}, "813373": {"hotel_name": "\u5357\u4eac\u6db5\u6708\u697c\u9996\u4e3d\u65af\u9152\u5e97", "order_time": ["2019-01-27 01:24:38"], "total_order": 1, "hotel_value": ["4.8"], "hotel_price": ["579"]}, "1816830": {"hotel_name": "\u6854\u5b50\u9152\u5e97\u00b7\u7cbe\u9009(\u5357\u4eac\u65b0\u8857\u53e3\u5e97)", "order_time": ["2019-01-27 01:24:39"], "total_order": 1, "hotel_value": ["4.9"], "hotel_price": ["248"]}, "10571966": {"hotel_name": "\u9510\u601d\u7279\u9152\u5e97(\u5357\u4eac\u5357\u7ad9\u8bda\u4fe1\u5927\u9053\u5730\u94c1\u7ad9\u5e97)", "order_time": ["2019-01-27 01:24:39"], "total_order": 1, "hotel_value": ["4.5"], "hotel_price": ["182"]}, "427748": {"hotel_name": "\u6c47\u4e3d\u9152\u5e97(\u5357\u4eac\u519b\u533a\u603b\u9662\u5e97)", "order_time": ["2019-01-27 01:24:40"], "total_order": 1, "hotel_value": ["4.4"], "hotel_price": ["119"]}, "670019": {"hotel_name": "\u5357\u4eac\u5bcc\u529b\u4e07\u8fbe\u5609\u534e\u9152\u5e97", "order_time": ["2019-01-27 01:26:36"], "total_order": 1, "hotel_value": ["4.7"], "hotel_price": ["599"]}, "21795380": {"hotel_name": "\u7ef4\u4e5f\u7eb3\u56fd\u9645\u9152\u5e97(\u5357\u4eac\u7af9\u5c71\u8def\u5730\u94c1\u7ad9\u5e97)", "order_time": ["2019-01-27 01:26:36", "2019-01-27 01:30:37"], "total_order": 2, "hotel_value": ["4.7", "4.7"], "hotel_price": ["313", "313"]}, "1816834": {"hotel_name": "\u6854\u5b50\u9152\u5e97\u00b7\u7cbe\u9009(\u5357\u4eac\u592b\u5b50\u5e99\u5e97)", "order_time": ["2019-01-27 01:28:37", "2019-01-27 01:40:35", "2019-01-27 01:26:37"], "total_order": 3, "hotel_value": ["4.8", "4.8", "4.8"], "hotel_price": ["358", "358", "358"]}, "6395726": {"hotel_name": "\u53e4\u5357\u90fd\u9038\u5c45\u9152\u5e97(\u5357\u4eac\u65b0\u8857\u53e3\u4e2d\u5fc3\u5e97)(\u539f\u5f18\u5609\u65b0\u8857\u53e3\u4e00\u5e97)", "order_time": ["2019-01-27 01:28:35"], "total_order": 1, "hotel_value": ["4.8"], "hotel_price": ["319"]}, "667018": {"hotel_name": "\u5357\u4eac\u53e4\u5357\u90fd\u660e\u57fa\u9152\u5e97", "order_time": ["2019-01-27 01:28:36"], "total_order": 1, "hotel_value": ["4.7"], "hotel_price": ["259"]}, "23632322": {"hotel_name": "Q\u52a0\u00b7\u5357\u4eac\u9038\u4e91\u6db5\u7cbe\u54c1\u9152\u5e97", "order_time": ["2019-01-27 01:28:36"], "total_order": 1, "hotel_value": ["4.9"], "hotel_price": ["121"]}, "1532041": {"hotel_name": "\u8d85\u7fa4\u7cbe\u9009\u9152\u5e97(\u5357\u4eac\u4e2d\u5c71\u9675\u666f\u533a\u5e97)", "order_time": ["2019-01-27 01:28:37"], "total_order": 1, "hotel_value": ["4.3"], "hotel_price": ["133"]}, "23922645": {"hotel_name": "\u5357\u4eac\u6995\u4eab\u5c45\u516c\u5bd3", "order_time": ["2019-01-27 01:30:35"], "total_order": 1, "hotel_value": ["4.8"], "hotel_price": ["243"]}, "1853810": {"hotel_name": "\u5357\u4eac\u8292\u679c\u9152\u5e97", "order_time": ["2019-01-27 01:30:35"], "total_order": 1, "hotel_value": ["4.3"], "hotel_price": ["114"]}, "1208243": {"hotel_name": "\u5357\u4eac\u65f6\u5149\u673a\u56fd\u9645\u9752\u5e74\u65c5\u820d", "order_time": ["2019-01-27 01:30:36"], "total_order": 1, "hotel_value": ["4.4"], "hotel_price": ["40"]}, "430159": {"hotel_name": "\u5357\u4eac\u7384\u6b66\u82cf\u5b81\u8bfa\u5bcc\u7279\u9152\u5e97", "order_time": ["2019-01-27 01:30:36"], "total_order": 1, "hotel_value": ["4.7"], "hotel_price": ["498"]}, "5451854": {"hotel_name": "\u5357\u4eac\u91d1\u9e70\u56fd\u9645\u9152\u5e97", "order_time": ["2019-01-27 01:30:36"], "total_order": 1, "hotel_value": ["4.9"], "hotel_price": ["828"]}, "419571": {"hotel_name": "\u5357\u4eac\u91d1\u9e70\u7687\u51a0\u5047\u65e5\u9152\u5e97", "order_time": ["2019-01-27 01:30:37"], "total_order": 1, "hotel_value": ["4.7"], "hotel_price": ["556"]}, "8698266": {"hotel_name": "\u5982\u5bb6\u9152\u5e97(\u5357\u4eac\u4e0a\u6d77\u8def\u5730\u94c1\u7ad9\u671d\u5929\u5bab\u5e97)", "order_time": ["2019-01-27 01:30:37"], "total_order": 1, "hotel_value": ["4.6"], "hotel_price": ["237"]}, "5218050": {"hotel_name": "\u91d1\u5965\u8bfa\u9601\u96c5\u9152\u5e97(\u5357\u4eac\u5965\u4f53\u4e2d\u5fc3\u5e97)", "order_time": ["2019-01-27 01:30:37"], "total_order": 1, "hotel_value": ["4.9"], "hotel_price": ["388"]}, "5379996": {"hotel_name": "\u5357\u4eac\u4ec1\u5e73\u5546\u52a1\u5bbe\u9986", "order_time": ["2019-01-27 01:30:46"], "total_order": 1, "hotel_value": ["4.0"], "hotel_price": ["133"]}, "9580290": {"hotel_name": "\u5357\u4eac\u4e0a\u79e6\u6dee\u5047\u65e5\u9152\u5e97", "order_time": ["2019-01-27 01:30:48"], "total_order": 1, "hotel_value": ["4.8"], "hotel_price": ["600"]}, "21160353": {"hotel_name": "\u5357\u4eacST\u5f71\u9662\u9152\u5e97", "order_time": ["2019-01-27 01:32:35"], "total_order": 1, "hotel_value": ["4.8"], "hotel_price": ["233"]}, "446012": {"hotel_name": "\u5357\u4eac\u4f70\u7fd4\u82b1\u56ed\u9152\u5e97", "order_time": ["2019-01-27 01:32:36"], "total_order": 1, "hotel_value": ["4.7"], "hotel_price": ["398"]}, "11479584": {"hotel_name": "\u5357\u4eac\u4e0a\u5143\u5927\u8857\u4e9a\u6735\u9152\u5e97", "order_time": ["2019-01-27 01:34:36"], "total_order": 1, "hotel_value": ["4.8"], "hotel_price": ["339"]}, "1829826": {"hotel_name": "\u5c1a\u5ba2\u4f18\u5feb\u6377\u9152\u5e97(\u5357\u4eac\u592b\u5b50\u5e99\u5efa\u5eb7\u8def\u5e97)", "order_time": ["2019-01-27 01:34:36"], "total_order": 1, "hotel_value": ["3.8"], "hotel_price": ["99"]}, "4043908": {"hotel_name": "\u56fd\u529b\u5bbe\u9986(\u5357\u4eac\u603b\u7edf\u5e9c\u5e97)", "order_time": ["2019-01-27 01:34:36"], "total_order": 1, "hotel_value": ["3.7"], "hotel_price": ["175"]}, "2893168": {"hotel_name": "\u540d\u4eba\u5ea6\u5047\u516c\u5bd3(\u5357\u4eac\u4e07\u8fbe\u5e7f\u573a\u5e97)", "order_time": ["2019-01-27 01:34:37"], "total_order": 1, "hotel_value": ["4.4"], "hotel_price": ["154"]}, "710988": {"hotel_name": "\u5357\u4eac\u6db5\u7530\u57ce\u5e02\u9152\u5e97", "order_time": ["2019-01-27 01:36:36", "2019-01-27 01:42:36"], "total_order": 2, "hotel_value": ["4.7", "4.7"], "hotel_price": ["356", "356"]}, "1507692": {"hotel_name": "\u80af\u5b9a\u7cbe\u9009\u9152\u5e97(\u5357\u4eac\u6ee8\u6c5f\u65b0\u57ce\u5e97)(\u539f\u5c1a\u6b27\u57ce\u5e02\u9152\u5e97)", "order_time": ["2019-01-27 01:36:37"], "total_order": 1, "hotel_value": ["4.3"], "hotel_price": ["112"]}, "2298282": {"hotel_name": "\u6c5f\u82cf\u996d\u5e97", "order_time": ["2019-01-27 01:36:38"], "total_order": 1, "hotel_value": ["4.8"], "hotel_price": ["468"]}, "1410616": {"hotel_name": "\u5982\u5bb6\u5546\u65c5\u9152\u5e97(\u5357\u4eac\u592b\u5b50\u5e99\u901a\u6d4e\u95e8\u5e97)", "order_time": ["2019-01-27 01:36:39"], "total_order": 1, "hotel_value": ["4.6"], "hotel_price": ["269"]}, "369717": {"hotel_name": "\u5357\u4eac\u91d1\u9e70\u73e0\u6c5f\u58f9\u53f7\u56fd\u9645\u9152\u5e97", "order_time": ["2019-01-27 01:38:35"], "total_order": 1, "hotel_value": ["4.7"], "hotel_price": ["540"]}, "22825205": {"hotel_name": "\u5357\u4eac\u7d2b\u7384\u9152\u5e97", "order_time": ["2019-01-27 01:38:36"], "total_order": 1, "hotel_value": ["4.9"], "hotel_price": ["302"]}, "3892077": {"hotel_name": "\u6e05\u6c90\u8ff7\u5de2\u9152\u5e97(\u5357\u4eac\u6e56\u5357\u8def\u5929\u661f\u7fe0\u7405\u5927\u53a6\u5e97)", "order_time": ["2019-01-27 01:38:36"], "total_order": 1, "hotel_value": ["4.2"], "hotel_price": ["128"]}, "25740191": {"hotel_name": "\u6e05\u6c90\u7cbe\u54c1\u9152\u5e97(\u5357\u4eac\u7984\u53e3\u6765\u51e4\u8def\u5e97)", "order_time": ["2019-01-27 01:38:36"], "total_order": 1, "hotel_value": ["4.7"], "hotel_price": ["177"]}, "458364": {"hotel_name": "\u5357\u4eac\u53e4\u5357\u90fd\u5927\u6865\u996d\u5e97", "order_time": ["2019-01-27 01:38:37"], "total_order": 1, "hotel_value": ["4.8"], "hotel_price": ["286"]}, "13658367": {"hotel_name": "\u4e50\u4f18\u5c45\u7cbe\u54c1\u516c\u5bd3\uff08\u5357\u4eac\u96e8\u82b1\u5ba2\u5385\u5e97\uff09", "order_time": ["2019-01-27 01:38:37"], "total_order": 1, "hotel_value": ["4.8"], "hotel_price": ["197"]}, "1209418": {"hotel_name": "\u83ab\u6cf0168(\u5357\u4eac\u592b\u5b50\u5e99\u4e09\u5c71\u8857\u5730\u94c1\u7ad9\u5e97)", "order_time": ["2019-01-27 01:40:34"], "total_order": 1, "hotel_value": ["4.6"], "hotel_price": ["167"]}, "512269": {"hotel_name": "\u5357\u4eac\u5b5c\u56fe\u9152\u5e97", "order_time": ["2019-01-27 01:40:34"], "total_order": 1, "hotel_value": ["4.7"], "hotel_price": ["299"]}, "6074801": {"hotel_name": "\u5357\u4eac\u91d1\u5cf0\u6c47\u5927\u9152\u5e97", "order_time": ["2019-01-27 01:40:35"], "total_order": 1, "hotel_value": ["4.8"], "hotel_price": ["398"]}, "1906560": {"hotel_name": "\u5c1a\u5ba2\u4f18\u7cbe\u9009\u9152\u5e97(\u5357\u4eac\u65b0\u8857\u53e3\u592b\u5b50\u5e99\u5e97)", "order_time": ["2019-01-27 01:40:36", "2019-01-27 01:58:36"], "total_order": 2, "hotel_value": ["4.4", "4.4"], "hotel_price": ["145", "145"]}, "1372261": {"hotel_name": "ID99\u8fde\u9501\u9152\u5e97(\u5357\u4eac\u73e0\u6c5f\u8def\u5c0f\u8425\u7ad9\u5e97)", "order_time": ["2019-01-27 01:40:36"], "total_order": 1, "hotel_value": ["3.5"], "hotel_price": ["90"]}, "859308": {"hotel_name": "\u5982\u5bb6\u5feb\u6377\u9152\u5e97(\u5357\u4eac\u65b0\u8857\u53e3\u5f20\u5e9c\u56ed\u5730\u94c1\u7ad9\u5e97)", "order_time": ["2019-01-27 01:40:36"], "total_order": 1, "hotel_value": ["4.6"], "hotel_price": ["158"]}, "1697711": {"hotel_name": "\u5e03\u4e01\u9152\u5e97(\u5357\u4eac\u5357\u822a\u7fe0\u5c4f\u5c71\u5730\u94c1\u7ad9\u5e97)", "order_time": ["2019-01-27 01:40:37"], "total_order": 1, "hotel_value": ["3.7"], "hotel_price": ["124"]}, "346283": {"hotel_name": "\u5357\u4eac\u91d1\u9675\u996d\u5e97", "order_time": ["2019-01-27 01:40:37"], "total_order": 1, "hotel_value": ["4.8"], "hotel_price": ["597"]}, "378829": {"hotel_name": "\u5357\u4eac\u57ce\u5e02\u540d\u4eba\u9152\u5e97", "order_time": ["2019-01-27 01:42:36"], "total_order": 1, "hotel_value": ["4.8"], "hotel_price": ["548"]}, "9347528": {"hotel_name": "\u56fd\u9645\u9752\u5e74\u4f1a\u8bae\u9152\u5e97(\u5357\u4eac\u56fd\u9645\u9752\u5e74\u6587\u5316\u4e2d\u5fc3\u5e97)", "order_time": ["2019-01-27 01:42:37"], "total_order": 1, "hotel_value": ["4.8"], "hotel_price": ["598"]}, "16789957": {"hotel_name": "\u5357\u4eac\u6c64\u5c71\u4e00\u54c1\u6e29\u6cc9\u9152\u5e97", "order_time": ["2019-01-27 01:44:34"], "total_order": 1, "hotel_value": ["4.5"], "hotel_price": ["382"]}, "12513617": {"hotel_name": "\u6c64\u5c71\u6e29\u6cc9\u5c0f\u5c4b", "order_time": ["2019-01-27 01:44:35"], "total_order": 1, "hotel_value": ["4.8"], "hotel_price": ["183"]}, "2646998": {"hotel_name": "\u5982\u5bb6\u5feb\u6377\u9152\u5e97(\u5357\u4eac\u592b\u5b50\u5e99\u8001\u95e8\u4e1c\u6b66\u5b9a\u95e8\u5730\u94c1\u7ad9\u5e97)", "order_time": ["2019-01-27 01:44:35"], "total_order": 1, "hotel_value": ["4.5"], "hotel_price": ["189"]}, "1462824": {"hotel_name": "\u80af\u5b9a\u5bbe\u9986\u8fde\u9501(\u5357\u4eac\u8fc8\u768b\u6865\u5e97)", "order_time": ["2019-01-27 01:44:37"], "total_order": 1, "hotel_value": ["4.0"], "hotel_price": ["103"]}, "1727455": {"hotel_name": "Q\u52a0\u00b7\u5929\u79a7\u9f99\u5bbe\u9986(\u5357\u4eac\u592b\u5b50\u5e99\u666f\u533a\u65d7\u8230\u5e97)", "order_time": ["2019-01-27 01:46:35", "2019-01-27 02:00:36"], "total_order": 2, "hotel_value": ["4.5", "4.5"], "hotel_price": ["153", "153"]}, "9194914": {"hotel_name": "\u4e9a\u9645\u9152\u5e97(\u5357\u4eac\u5357\u7ad9\u5e97)", "order_time": ["2019-01-27 01:46:35"], "total_order": 1, "hotel_value": ["4.3"], "hotel_price": ["181"]}, "1414858": {"hotel_name": "\u5e03\u4e01\u9152\u5e97(\u5357\u4eac\u7701\u4e2d\u533b\u9662\u4e0a\u6d77\u8def\u5730\u94c1\u7ad9\u5e97)", "order_time": ["2019-01-27 01:46:36"], "total_order": 1, "hotel_value": ["4.3"], "hotel_price": ["112"]}, "811704": {"hotel_name": "\u6e05\u6c90\u8fde\u9501\u9152\u5e97(\u5357\u4eac\u5c71\u897f\u8def\u4e2d\u5c71\u5317\u8def\u5e03\u6599\u57ce\u5e97)", "order_time": ["2019-01-27 01:46:36"], "total_order": 1, "hotel_value": ["4.2"], "hotel_price": ["154"]}, "21695629": {"hotel_name": "\u5357\u4eac\u56db\u65b9\u96c5\u8fb0\u9152\u5e97", "order_time": ["2019-01-27 01:48:35"], "total_order": 1, "hotel_value": ["4.5"], "hotel_price": ["645"]}, "8353486": {"hotel_name": "\u6021\u83b1\u9152\u5e97(\u5357\u4eac\u9a6c\u7fa4\u5730\u94c1\u7ad9\u5e97)", "order_time": ["2019-01-27 01:48:36"], "total_order": 1, "hotel_value": ["3.9"], "hotel_price": ["208"]}, "10896011": {"hotel_name": "\u5357\u4eac\u5357\u7ad9\u6c34\u6708\u6e7e\u9152\u5e97", "order_time": ["2019-01-27 01:48:38"], "total_order": 1, "hotel_value": ["4.8"], "hotel_price": ["290"]}, "8605001": {"hotel_name": "\u6c49\u5ead\u9152\u5e97(\u5357\u4eac\u660e\u6545\u5bab\u745e\u91d1\u8def\u5e97)(\u539f\u5357\u822a\u5927\u5b66\u745e\u91d1\u8def\u5e97)", "order_time": ["2019-01-27 01:50:35"], "total_order": 1, "hotel_value": ["4.5"], "hotel_price": ["189"]}, "435484": {"hotel_name": "\u5357\u4eac\u6cfd\u5929\u5927\u9152\u5e97", "order_time": ["2019-01-27 01:50:35"], "total_order": 1, "hotel_value": ["4.3"], "hotel_price": ["260"]}, "1500174": {"hotel_name": "\u80af\u5b9a\u5bbe\u9986\u8fde\u9501(\u5357\u4eac\u9f0e\u65b0\u8def\u5e97)", "order_time": ["2019-01-27 01:50:37"], "total_order": 1, "hotel_value": ["4.0"], "hotel_price": ["125"]}, "10211756": {"hotel_name": "\u82b1\u7b51\u00b7\u5357\u4eac\u5bb6\u5885\u4f1a\u7cbe\u54c1\u6c11\u5bbf", "order_time": ["2019-01-27 01:52:35"], "total_order": 1, "hotel_value": ["4.8"], "hotel_price": ["568"]}, "1283038": {"hotel_name": "\u5357\u4eac\u91d1\u9675\u65b0\u57ce\u996d\u5e97", "order_time": ["2019-01-27 01:52:35"], "total_order": 1, "hotel_value": ["4.7"], "hotel_price": ["384"]}, "450787": {"hotel_name": "\u5357\u4eac\u91d1\u592a\u9686\u56fd\u9645\u9152\u5e97", "order_time": ["2019-01-27 01:54:34"], "total_order": 1, "hotel_value": ["4.7"], "hotel_price": ["299"]}, "434302": {"hotel_name": "\u5357\u4eac\u660e\u53d1\u56fd\u9645\u5927\u9152\u5e97", "order_time": ["2019-01-27 01:54:34", "2019-01-27 02:16:35"], "total_order": 2, "hotel_value": ["4.7", "4.7"], "hotel_price": ["426", "426"]}, "8041038": {"hotel_name": "\u7ef4\u4e5f\u7eb3\u667a\u597d\u9152\u5e97(\u5357\u4eac\u6c5f\u5b81\u4e07\u8fbe\u5e7f\u573a\u5e97)", "order_time": ["2019-01-27 01:54:35"], "total_order": 1, "hotel_value": ["4.4"], "hotel_price": ["202"]}, "5095130": {"hotel_name": "\u901f8\u9152\u5e97(\u5357\u4eac\u83ab\u6101\u6e56\u6c34\u897f\u95e8\u5e97)", "order_time": ["2019-01-27 01:56:35"], "total_order": 1, "hotel_value": ["4.4"], "hotel_price": ["113"]}, "4728409": {"hotel_name": "\u8776\u604b\u82b1\u56ed\u9152\u5e97(\u5357\u4eac\u6653\u5e84\u56fd\u9645\u5e7f\u573a\u5e97)(\u539f\u79cb\u8c31\u5bbe\u9986)", "order_time": ["2019-01-27 01:56:35"], "total_order": 1, "hotel_value": ["4.9"], "hotel_price": ["79"]}, "6853988": {"hotel_name": "\u5357\u4eac\u777f\u777f\u5bbe\u9986\u5929\u6da6\u57ce\u5e97", "order_time": ["2019-01-27 01:56:38"], "total_order": 1, "hotel_value": ["3.3"], "hotel_price": ["68"]}, "419566": {"hotel_name": "\u5357\u4eac\u53e4\u5357\u90fd\u996d\u5e97", "order_time": ["2019-01-27 01:58:34"], "total_order": 1, "hotel_value": ["4.8"], "hotel_price": ["499"]}, "1517907": {"hotel_name": "\u65b0\u8054\u5bbe\u9986(\u5357\u4eac\u6e56\u5357\u8def\u7384\u6b66\u6e56\u666f\u533a\u5e97)", "order_time": ["2019-01-27 01:58:35"], "total_order": 1, "hotel_value": ["4.6"], "hotel_price": ["218"]}, "437037": {"hotel_name": "\u5357\u4eac\u6c64\u5c71\u5723\u6cc9\u6e29\u6cc9\u57ce", "order_time": ["2019-01-27 01:58:35"], "total_order": 1, "hotel_value": ["4.0"], "hotel_price": ["244"]}, "1634311": {"hotel_name": "\u56db\u5b63\u9633\u5149\u5bbe\u9986(\u5357\u4eac\u767e\u5bb6\u6e561912\u5e97)", "order_time": ["2019-01-27 01:58:36"], "total_order": 1, "hotel_value": ["3.1"], "hotel_price": ["109"]}, "26428886": {"hotel_name": "\u5168\u5b63\u9152\u5e97(\u5357\u4eac\u6cb3\u897f\u535a\u89c8\u4e2d\u5fc3\u5e97)", "order_time": ["2019-01-27 01:58:39"], "total_order": 1, "hotel_value": ["4.9"], "hotel_price": ["342"]}, "3742718": {"hotel_name": "\u5357\u4eac\u7435\u7436\u5c71\u5c45\u9152\u5e97", "order_time": ["2019-01-27 02:00:35"], "total_order": 1, "hotel_value": ["4.7"], "hotel_price": ["245"]}, "2251669": {"hotel_name": "\u5357\u4eac\u5317\u65b9\u6717\u60a6\u9152\u5e97", "order_time": ["2019-01-27 02:00:35"], "total_order": 1, "hotel_value": ["4.5"], "hotel_price": ["171"]}, "2253813": {"hotel_name": "\u80af\u5b9a\u7cbe\u9009\u9152\u5e97(\u5357\u4eac\u5f20\u5e9c\u56ed\u5730\u94c1\u7ad9\u5e97)(\u539f\u7199\u56ed\u4e4b\u661f\u9152\u5e97\u5f20\u5e9c\u56ed\u5730\u94c1\u7ad9\u5e97)", "order_time": ["2019-01-27 02:00:35"], "total_order": 1, "hotel_value": ["3.9"], "hotel_price": ["108"]}, "5781676": {"hotel_name": "\u9e97\u67ab\u9152\u5e97(\u5357\u4eac\u4e07\u8fbe\u5e7f\u573a\u5929\u5370\u5927\u9053\u5e97)", "order_time": ["2019-01-27 02:02:35"], "total_order": 1, "hotel_value": ["4.6"], "hotel_price": ["220"]}, "1426613": {"hotel_name": "\u5357\u4eac\u571f\u4e01\u4e07\u91cc\u8def\u56fd\u9645\u9752\u5e74\u9152\u5e97", "order_time": ["2019-01-27 02:04:34"], "total_order": 1, "hotel_value": ["4.5"], "hotel_price": ["40"]}, "425945": {"hotel_name": "\u6c5f\u82cf\u51e4\u51f0\u53f0\u996d\u5e97", "order_time": ["2019-01-27 02:04:34"], "total_order": 1, "hotel_value": ["4.7"], "hotel_price": ["258"]}, "19809244": {"hotel_name": "\u7f8e\u8c6a\u4e3d\u81f4\u9152\u5e97(\u5357\u4eac\u65b0\u8857\u53e3\u5fb7\u57fa\u5e7f\u573a\u5e97)", "order_time": ["2019-01-27 02:04:34"], "total_order": 1, "hotel_value": ["4.8"], "hotel_price": ["580"]}, "1641608": {"hotel_name": "\u5357\u4eacV\u9152\u5e97", "order_time": ["2019-01-27 02:04:35"], "total_order": 1, "hotel_value": ["4.5"], "hotel_price": ["143"]}, "795287": {"hotel_name": "\u7ef4\u5c14\u7279\u7cbe\u54c1\u9152\u5e97(\u5357\u4eac\u6cf0\u5c71\u65b0\u6751\u5730\u94c1\u7ad9\u5e97)", "order_time": ["2019-01-27 02:04:35"], "total_order": 1, "hotel_value": ["4.3"], "hotel_price": ["103"]}, "4439687": {"hotel_name": "\u907f\u98ce\u6e2f\u5feb\u6377\u5bbe\u9986(\u5357\u4eac\u7984\u53e3\u673a\u573a\u5e97)", "order_time": ["2019-01-27 02:04:37"], "total_order": 1, "hotel_value": ["4.0"], "hotel_price": ["64"]}, "1670211": {"hotel_name": "\u80af\u5b9a\u7cbe\u9009\u9152\u5e97(\u5357\u4eac\u96e8\u82b1\u897f\u8def\u5e97)(\u539f\u5fa1\u534e\u5ead\u5feb\u6377\u65c5\u5e97)", "order_time": ["2019-01-27 02:06:34"], "total_order": 1, "hotel_value": ["4.2"], "hotel_price": ["133"]}, "2302286": {"hotel_name": "\u9996\u8c6a\u9152\u5e97(\u5357\u4eac\u5965\u4f53\u6cb3\u897f\u56fd\u9645\u535a\u89c8\u4e2d\u5fc3\u5e97)", "order_time": ["2019-01-27 02:06:34"], "total_order": 1, "hotel_value": ["3.4"], "hotel_price": ["129"]}, "5127223": {"hotel_name": "\u6c49\u5ead\u9152\u5e97(\u5357\u4eac\u9f13\u697c\u5e7f\u573a\u5e97)", "order_time": ["2019-01-27 02:08:35"], "total_order": 1, "hotel_value": ["4.5"], "hotel_price": ["218"]}, "754206": {"hotel_name": "\u5357\u4eac\u6021\u534e\u9152\u5e97", "order_time": ["2019-01-27 02:08:36"], "total_order": 1, "hotel_value": ["4.7"], "hotel_price": ["478"]}, "1837037": {"hotel_name": "\u94f6\u674f\u82b1\u56ed\u9152\u5e97(\u5357\u4eac\u5357\u7ad9\u6c5f\u5b81\u4e07\u8fbe\u5e97)", "order_time": ["2019-01-27 02:08:36"], "total_order": 1, "hotel_value": ["4.6"], "hotel_price": ["112"]}, "1773706": {"hotel_name": "\u6c49\u5ead\u9152\u5e97(\u5357\u4eac\u4e94\u53f0\u5c71\u4f53\u80b2\u4e2d\u5fc3\u5e97)", "order_time": ["2019-01-27 02:10:35"], "total_order": 1, "hotel_value": ["3.9"], "hotel_price": ["180"]}, "1646444": {"hotel_name": "\u683c\u6797\u8c6a\u6cf0(\u5357\u4eac\u5357\u7ad9\u5317\u5e7f\u573a\u5e97)", "order_time": ["2019-01-27 02:10:35", "2019-01-27 02:14:36"], "total_order": 2, "hotel_value": ["4.2", "4.2"], "hotel_price": ["189", "189"]}, "474180": {"hotel_name": "\u53e4\u5357\u90fd\u9038\u5c45\u9152\u5e97(\u5357\u4eac\u65b0\u57ce\u5e02\u5e7f\u573a\u9f99\u6c5f\u5730\u94c1\u7ad9\u5e97)", "order_time": ["2019-01-27 02:10:35"], "total_order": 1, "hotel_value": ["4.8"], "hotel_price": ["299"]}, "1272605": {"hotel_name": "\u6c49\u5ead\u9152\u5e97(\u5357\u4eac\u65b0\u8857\u53e3\u5ef6\u9f84\u5df7\u5e97)", "order_time": ["2019-01-27 02:12:34"], "total_order": 1, "hotel_value": ["4.4"], "hotel_price": ["153"]}, "811686": {"hotel_name": "\u6e05\u6c90\u8fde\u9501\u9152\u5e97(\u5357\u4eac\u9f99\u6c5f\u5730\u94c1\u7ad9\u65b0\u57ce\u5e02\u5e7f\u573a\u5e97)(\u539f\u6cb3\u897f\u9f99\u6c5f\u65b0\u57ce\u5e02\u5e7f\u573a\u5e97)", "order_time": ["2019-01-27 02:12:35"], "total_order": 1, "hotel_value": ["4.2"], "hotel_price": ["350"]}, "457938": {"hotel_name": "\u7ef4\u4e5f\u7eb3\u9152\u5e97(\u5357\u4eac\u957f\u6c5f\u5927\u6865\u9605\u6c5f\u697c\u5e97)", "order_time": ["2019-01-27 02:12:35"], "total_order": 1, "hotel_value": ["4.8"], "hotel_price": ["256"]}, "2643285": {"hotel_name": "\u5357\u4eac\u7ef4\u7eb3\u65af\u9152\u5e97", "order_time": ["2019-01-27 02:12:36"], "total_order": 1, "hotel_value": ["3.4"], "hotel_price": ["207"]}, "902067": {"hotel_name": "\u6a59\u5fc6\u9152\u5e97\u516c\u5bd3(\u5357\u4eac\u6cb3\u897f\u4e07\u8fbe\u5e97)", "order_time": ["2019-01-27 02:14:35"], "total_order": 1, "hotel_value": ["4.4"], "hotel_price": ["220"]}, "15899656": {"hotel_name": "\u5357\u4eac\u69b4\u604b\u5047\u65e5\u9152\u5e97\u5f0f\u516c\u5bd3", "order_time": ["2019-01-27 02:14:35"], "total_order": 1, "hotel_value": ["4.6"], "hotel_price": ["259"]}, "29494043": {"hotel_name": "Zsmart\u667a\u5c1a\u9152\u5e97(\u5357\u4eac\u4e2d\u5c71\u9675\u82dc\u84ff\u56ed\u5927\u8857\u5e97)", "order_time": ["2019-01-27 02:14:35"], "total_order": 1, "hotel_value": [0], "hotel_price": ["239"]}, "1632876": {"hotel_name": "\u6854\u5b50\u6c34\u6676\u9152\u5e97(\u5357\u4eac\u65b0\u8857\u53e3\u5e97)", "order_time": ["2019-01-27 02:14:35"], "total_order": 1, "hotel_value": ["4.8"], "hotel_price": ["367"]}, "6475650": {"hotel_name": "\u5357\u4eac\u96bd\u6052\u9152\u5e97(\u539f\u6cb3\u6d77\u5927\u5b66\u56fd\u9645\u4ea4\u6d41\u4e2d\u5fc3)", "order_time": ["2019-01-27 02:16:35"], "total_order": 1, "hotel_value": ["4.8"], "hotel_price": ["399"]}, "939318": {"hotel_name": "\u73cd\u5b9d\u5047\u65e5\u996d\u5e97(\u5357\u4eac\u5965\u4f53\u4e2d\u5fc3\u5e97)", "order_time": ["2019-01-27 02:16:36"], "total_order": 1, "hotel_value": ["4.5"], "hotel_price": ["382"]}}}