{"\u5f00\u59cb\u8bb0\u5f55\u65f6\u95f4": "2019-01-23 09:56:01", "\u7ed3\u675f\u8bb0\u5f55\u65f6\u95f4": "2019-01-23 10:56:02", "\u8ba2\u5355\u603b\u589e\u91cf": 345, "item": {"5469110": {"hotel_name": "\u5357\u4eac\u5929\u79a7\u9152\u5e97", "order_time": ["2019-01-23 09:58:08"], "total_order": 1, "hotel_value": ["4.6"], "hotel_price": ["422"]}, "17974460": {"hotel_name": "\u5982\u5bb6\u8054\u76df\u00b7\u534e\u9a7f\u7cbe\u9009\u9152\u5e97(\u5357\u4eac\u5929\u5143\u897f\u8def\u5730\u94c1\u7ad9\u5e97)", "order_time": ["2019-01-23 09:58:08"], "total_order": 1, "hotel_value": ["4.8"], "hotel_price": ["180"]}, "23917986": {"hotel_name": "\u5357\u4eacMY HOTEL", "order_time": ["2019-01-23 09:58:08"], "total_order": 1, "hotel_value": ["4.6"], "hotel_price": ["273"]}, "5372060": {"hotel_name": "\u5357\u4eac\u4f73\u76db\u91d1\u9675\u7cbe\u54c1\u9152\u5e97", "order_time": ["2019-01-23 09:58:08"], "total_order": 1, "hotel_value": ["4.6"], "hotel_price": ["298"]}, "17335837": {"hotel_name": "\u4e9a\u9526\u5f71\u9662\u4e3b\u9898\u9152\u5e97\u516c\u5bd3(\u5357\u4eac\u5929\u9686\u5bfa\u5730\u94c1\u7ad9\u96e8\u82b1\u5ba2\u5385\u5e97)", "order_time": ["2019-01-23 09:58:08"], "total_order": 1, "hotel_value": ["4.6"], "hotel_price": ["185"]}, "21146292": {"hotel_name": "\u6c34\u4e91\u8f69\u5bbe\u9986(\u5357\u4eac\u7984\u53e3\u56fd\u9645\u673a\u573a\u5e97)", "order_time": ["2019-01-23 09:58:08"], "total_order": 1, "hotel_value": ["4.8"], "hotel_price": ["123"]}, "1938373": {"hotel_name": "\u9526\u6c5f\u4e4b\u661f(\u5357\u4eac\u6e05\u51c9\u95e8\u5e97)", "order_time": ["2019-01-23 09:58:08"], "total_order": 1, "hotel_value": ["4.5"], "hotel_price": ["226"]}, "17527314": {"hotel_name": "\u6e05\u6c90\u7cbe\u54c1\u9152\u5e97(\u5357\u4eac\u5357\u7ad9\u5317\u5e7f\u573a\u5e97)", "order_time": ["2019-01-23 09:58:09"], "total_order": 1, "hotel_value": ["4.6"], "hotel_price": ["283"]}, "2848787": {"hotel_name": "\u5357\u4eac\u672a\u89c1\u5c71\u7d2b\u91d1\u5c71\u4eba\u6587\u884c\u65c5", "order_time": ["2019-01-23 09:58:09", "2019-01-23 10:46:34"], "total_order": 2, "hotel_value": ["4.7", "4.7"], "hotel_price": ["358", "358"]}, "668355": {"hotel_name": "\u5357\u4eac\u534e\u6c5f\u996d\u5e97", "order_time": ["2019-01-23 09:58:09"], "total_order": 1, "hotel_value": ["4.4"], "hotel_price": ["283"]}, "1047513": {"hotel_name": "\u5357\u4eac\u9752\u679c\u5047\u65e5\u9152\u5e97", "order_time": ["2019-01-23 09:58:09"], "total_order": 1, "hotel_value": ["4.2"], "hotel_price": ["179"]}, "16084042": {"hotel_name": "\u5357\u4eac\u666f\u5c1a\u7cbe\u54c1\u9152\u5e97\u516c\u5bd3", "order_time": ["2019-01-23 09:58:09"], "total_order": 1, "hotel_value": ["4.8"], "hotel_price": ["208"]}, "440999": {"hotel_name": "\u5357\u4eac\u6c64\u5c71\u5fa1\u5ead\u81fb\u54c1\u9152\u5e97", "order_time": ["2019-01-23 09:58:09"], "total_order": 1, "hotel_value": ["4.7"], "hotel_price": ["704"]}, "4687070": {"hotel_name": "\u5357\u4eac\u4f73\u7f18\u5feb\u6377\u5bbe\u9986", "order_time": ["2019-01-23 09:58:10"], "total_order": 1, "hotel_value": ["4.5"], "hotel_price": ["134"]}, "473497": {"hotel_name": "\u5e03\u4e01\u9152\u5e97(\u5357\u4eac\u592b\u5b50\u5e99\u5e38\u5e9c\u8857\u5730\u94c1\u7ad9\u5e97)", "order_time": ["2019-01-23 09:58:10"], "total_order": 1, "hotel_value": ["3.7"], "hotel_price": ["97"]}, "378829": {"hotel_name": "\u5357\u4eac\u57ce\u5e02\u540d\u4eba\u9152\u5e97", "order_time": ["2019-01-23 09:58:11"], "total_order": 1, "hotel_value": ["4.8"], "hotel_price": ["523"]}, "471672": {"hotel_name": "\u5357\u4eac\u9f0e\u9f0e\u4e07\u4fe1\u9152\u5e97", "order_time": ["2019-01-23 10:00:08"], "total_order": 1, "hotel_value": ["4.5"], "hotel_price": ["355"]}, "5451854": {"hotel_name": "\u5357\u4eac\u91d1\u9e70\u56fd\u9645\u9152\u5e97", "order_time": ["2019-01-23 10:08:18", "2019-01-23 10:00:08"], "total_order": 2, "hotel_value": ["4.9", "4.9"], "hotel_price": ["828", "828"]}, "670019": {"hotel_name": "\u5357\u4eac\u5bcc\u529b\u4e07\u8fbe\u5609\u534e\u9152\u5e97", "order_time": ["2019-01-23 10:00:08"], "total_order": 1, "hotel_value": ["4.7"], "hotel_price": ["599"]}, "10608188": {"hotel_name": "\u5357\u4eac\u5357\u7ad9\u5e0c\u5c14\u987f\u6b22\u670b\u9152\u5e97", "order_time": ["2019-01-23 10:00:08"], "total_order": 1, "hotel_value": ["4.8"], "hotel_price": ["519"]}, "1632868": {"hotel_name": "\u6854\u5b50\u9152\u5e97\u00b7\u7cbe\u9009(\u5357\u4eac\u9038\u4ed9\u6865\u603b\u7edf\u5e9c\u6885\u56ed\u65b0\u6751\u5e97)", "order_time": ["2019-01-23 10:00:08"], "total_order": 1, "hotel_value": ["4.9"], "hotel_price": ["303"]}, "446012": {"hotel_name": "\u5357\u4eac\u4f70\u7fd4\u82b1\u56ed\u9152\u5e97", "order_time": ["2019-01-23 10:00:08"], "total_order": 1, "hotel_value": ["4.7"], "hotel_price": ["418"]}, "8698266": {"hotel_name": "\u5982\u5bb6\u9152\u5e97(\u5357\u4eac\u4e0a\u6d77\u8def\u5730\u94c1\u7ad9\u671d\u5929\u5bab\u5e97)", "order_time": ["2019-01-23 10:00:08"], "total_order": 1, "hotel_value": ["4.7"], "hotel_price": ["193"]}, "7570688": {"hotel_name": "\u5357\u4eac\u6cb3\u897f\u82cf\u5b81\u96c5\u60a6\u9152\u5e97", "order_time": ["2019-01-23 10:00:08"], "total_order": 1, "hotel_value": ["4.6"], "hotel_price": ["413"]}, "13325407": {"hotel_name": "\u5357\u4eac\u73ba\u57ce\u00b7\u963f\u91cc\u9152\u5e97", "order_time": ["2019-01-23 10:00:08"], "total_order": 1, "hotel_value": ["4.6"], "hotel_price": ["273"]}, "434620": {"hotel_name": "\u5357\u4eac\u56fd\u9645\u4f1a\u8bae\u5927\u9152\u5e97", "order_time": ["2019-01-23 10:00:09"], "total_order": 1, "hotel_value": ["4.4"], "hotel_price": ["572"]}, "1500204": {"hotel_name": "\u5357\u4eac\u5a9a\u9999\u5bbe\u9986", "order_time": ["2019-01-23 10:00:09"], "total_order": 1, "hotel_value": ["4.5"], "hotel_price": ["198"]}, "4522059": {"hotel_name": "\u9752\u76ae\u6811\u9152\u5e97(\u5357\u4eac\u6797\u4e1a\u5927\u5b66\u65b0\u5e84\u5730\u94c1\u7ad9\u9152\u5e97)", "order_time": ["2019-01-23 10:00:09"], "total_order": 1, "hotel_value": ["4.2"], "hotel_price": ["153"]}, "28234592": {"hotel_name": "\u5357\u4eac\u76db\u60a6\u516c\u5bd3", "order_time": ["2019-01-23 10:24:39", "2019-01-23 10:00:09"], "total_order": 2, "hotel_value": ["4.9", "4.9"], "hotel_price": ["217", "217"]}, "1669331": {"hotel_name": "\u5357\u4eac\u4e5d\u4e5d\u805a\u5bb6\u5546\u52a1\u5bbe\u9986", "order_time": ["2019-01-23 10:00:10"], "total_order": 1, "hotel_value": ["4.1"], "hotel_price": ["88"]}, "17174163": {"hotel_name": "\u83b1\u8499\u9152\u5e97\u516c\u5bd3(\u5357\u4eac\u5efa\u5b81\u8def\u7c73\u5de2\u5e97)", "order_time": ["2019-01-23 10:00:11"], "total_order": 1, "hotel_value": ["4.5"], "hotel_price": ["78"]}, "1389936": {"hotel_name": "\u5357\u4eac\u6625\u4f1f\u5bbe\u9986", "order_time": ["2019-01-23 10:00:12"], "total_order": 1, "hotel_value": ["3.1"], "hotel_price": ["89"]}, "450787": {"hotel_name": "\u5357\u4eac\u91d1\u592a\u9686\u56fd\u9645\u9152\u5e97", "order_time": ["2019-01-23 10:02:08"], "total_order": 1, "hotel_value": ["4.7"], "hotel_price": ["368"]}, "5372071": {"hotel_name": "\u73cd\u5b9d\u5047\u65e5\u996d\u5e97(\u5357\u4eac\u6c5f\u5b81\u5e97)", "order_time": ["2019-01-23 10:02:08"], "total_order": 1, "hotel_value": ["4.8"], "hotel_price": ["546"]}, "5799493": {"hotel_name": "\u5357\u4eac\u4e91\u6735\u5bbe\u9986", "order_time": ["2019-01-23 10:02:09"], "total_order": 1, "hotel_value": ["3.9"], "hotel_price": ["118"]}, "21796605": {"hotel_name": "\u7ef4\u4e5f\u7eb3\u9152\u5e97(\u5357\u4eac\u6587\u5fb7\u8def\u5730\u94c1\u7ad9\u7814\u521b\u56ed\u5e97)", "order_time": ["2019-01-23 10:02:09"], "total_order": 1, "hotel_value": ["4.8"], "hotel_price": ["253"]}, "9365145": {"hotel_name": "Q\u52a0\u00b7\u9a7f\u6808\u5230\u90b8\u9152\u5e97\u516c\u5bd3(\u5357\u4eac\u592b\u5b50\u5e99\u4e2d\u534e\u95e8\u5e97)", "order_time": ["2019-01-23 10:02:09"], "total_order": 1, "hotel_value": ["4.7"], "hotel_price": ["174"]}, "470920": {"hotel_name": "\u5357\u4eac\u56fd\u777f\u91d1\u9675\u5927\u9152\u5e97", "order_time": ["2019-01-23 10:02:09"], "total_order": 1, "hotel_value": ["4.7"], "hotel_price": ["440"]}, "2487487": {"hotel_name": "\u6c49\u5ead\u9152\u5e97(\u5357\u4eac\u592b\u5b50\u5e99\u5f20\u5e9c\u56ed\u5730\u94c1\u7ad9\u5e97)", "order_time": ["2019-01-23 10:02:10"], "total_order": 1, "hotel_value": ["4.4"], "hotel_price": ["227"]}, "7919190": {"hotel_name": "\u5357\u4eac\u8354\u679d\u7cbe\u54c1\u516c\u5bd3", "order_time": ["2019-01-23 10:02:12"], "total_order": 1, "hotel_value": ["4.3"], "hotel_price": ["115"]}, "1641444": {"hotel_name": "\u5357\u4eac\u660e\u90fd\u5bbe\u9986", "order_time": ["2019-01-23 10:02:12"], "total_order": 1, "hotel_value": ["4.4"], "hotel_price": ["113"]}, "1943455": {"hotel_name": "\u5357\u4eac\u4e0b\u6c5f\u5357\u5546\u52a1\u9152\u5e97", "order_time": ["2019-01-23 10:02:12"], "total_order": 1, "hotel_value": ["4.0"], "hotel_price": ["103"]}, "13819648": {"hotel_name": "\u5357\u4eac\u6c49\u8d8a\u5ead\u7cbe\u54c1\u9152\u5e97", "order_time": ["2019-01-23 10:02:13"], "total_order": 1, "hotel_value": ["4.8"], "hotel_price": ["113"]}, "6083482": {"hotel_name": "\u5357\u4eac\u53e4\u5357\u90fd\u5efa\u5eb7\u996d\u5e97", "order_time": ["2019-01-23 10:02:18"], "total_order": 1, "hotel_value": ["4.7"], "hotel_price": ["205"]}, "19110421": {"hotel_name": "\u5357\u4eac\u4e5f\u7136\u00b7\u9047\u89c1\u9152\u5e97", "order_time": ["2019-01-23 10:02:18"], "total_order": 1, "hotel_value": ["4.6"], "hotel_price": ["206"]}, "5549111": {"hotel_name": "\u5357\u4eac\u91d1\u9e70\u5c1a\u7f8e\u9152\u5e97", "order_time": ["2019-01-23 10:04:13"], "total_order": 1, "hotel_value": ["4.8"], "hotel_price": ["601"]}, "512269": {"hotel_name": "\u5357\u4eac\u5b5c\u56fe\u9152\u5e97", "order_time": ["2019-01-23 10:04:14", "2019-01-23 10:22:35"], "total_order": 2, "hotel_value": ["4.7", "4.7"], "hotel_price": ["299", "299"]}, "667018": {"hotel_name": "\u5357\u4eac\u53e4\u5357\u90fd\u660e\u57fa\u9152\u5e97", "order_time": ["2019-01-23 10:04:15", "2019-01-23 10:42:33"], "total_order": 2, "hotel_value": ["4.7", "4.7"], "hotel_price": ["259", "259"]}, "4390063": {"hotel_name": "\u5357\u4eac\u534e\u6cf0\u4e07\u4e3d\u9152\u5e97", "order_time": ["2019-01-23 10:04:15"], "total_order": 1, "hotel_value": ["4.7"], "hotel_price": ["977"]}, "25050379": {"hotel_name": "\u5357\u4eac\u5965\u4f53\u4e2d\u5fc3\u4e9a\u6735S\u9152\u5e97", "order_time": ["2019-01-23 10:04:15"], "total_order": 1, "hotel_value": ["4.8"], "hotel_price": ["410"]}, "8435954": {"hotel_name": "\u5357\u4eac\u4ed9\u6797\u5927\u5b66\u57ce\u751f\u521b\u56ed\u4e9a\u6735\u9152\u5e97", "order_time": ["2019-01-23 10:04:15"], "total_order": 1, "hotel_value": ["4.9"], "hotel_price": ["376"]}, "396947": {"hotel_name": "\u5357\u4eac\u91d1\u6c47\u5927\u9152\u5e97", "order_time": ["2019-01-23 10:04:15"], "total_order": 1, "hotel_value": ["4.6"], "hotel_price": ["338"]}, "901996": {"hotel_name": "\u6e05\u6c90\u7cbe\u54c1\u9152\u5e97(\u6c64\u5c71\u6e29\u6cc9\u5e97)(\u539f\u76ca\u6cc9\u5bbe\u9986)", "order_time": ["2019-01-23 10:38:31", "2019-01-23 10:04:15"], "total_order": 2, "hotel_value": ["4.5", "4.5"], "hotel_price": ["134", "134"]}, "813373": {"hotel_name": "\u5357\u4eac\u6db5\u6708\u697c\u9996\u4e3d\u65af\u9152\u5e97", "order_time": ["2019-01-23 10:04:15", "2019-01-23 10:34:27"], "total_order": 2, "hotel_value": ["4.8", "4.8"], "hotel_price": ["579", "579"]}, "470357": {"hotel_name": "\u5357\u4eac\u9999\u6a1f\u534e\u82f9\u9152\u5e97", "order_time": ["2019-01-23 10:04:15"], "total_order": 1, "hotel_value": ["4.8"], "hotel_price": ["2928"]}, "1272667": {"hotel_name": "\u6c49\u5ead\u9152\u5e97(\u5357\u4eac\u65b0\u8857\u53e3\u6237\u90e8\u8857\u5e97)", "order_time": ["2019-01-23 10:04:16"], "total_order": 1, "hotel_value": ["4.0"], "hotel_price": ["171"]}, "8982641": {"hotel_name": "\u5357\u4eac\u4f18\u4e30\u9152\u5e97", "order_time": ["2019-01-23 10:04:16"], "total_order": 1, "hotel_value": ["4.7"], "hotel_price": ["108"]}, "3669632": {"hotel_name": "\u96e8\u6da6\u4e2d\u592e\u516c\u9986\u884c\u653f\u9152\u5e97\u516c\u5bd3(\u5357\u4eac\u5965\u4f53\u4e2d\u5fc3\u5e97)", "order_time": ["2019-01-23 10:04:16"], "total_order": 1, "hotel_value": ["4.4"], "hotel_price": ["240"]}, "811677": {"hotel_name": "\u6e05\u6c90\u7cbe\u9009\u9152\u5e97(\u5357\u4eac\u6e56\u5357\u8def\u6b65\u884c\u8857\u5e97)", "order_time": ["2019-01-23 10:04:16"], "total_order": 1, "hotel_value": ["4.4"], "hotel_price": ["166"]}, "26557803": {"hotel_name": "\u5357\u4eac\u5f90\u5e84\u82cf\u5b81\u96c5\u60a6\u9152\u5e97", "order_time": ["2019-01-23 10:44:28", "2019-01-23 10:04:17", "2019-01-23 10:42:33"], "total_order": 3, "hotel_value": ["4.6", "4.6", "4.6"], "hotel_price": ["382", "382", "382"]}, "435874": {"hotel_name": "\u5357\u4eac\u5e74\u53d1168\u9152\u5e97", "order_time": ["2019-01-23 10:04:17", "2019-01-23 10:40:31"], "total_order": 2, "hotel_value": ["4.3", "4.3"], "hotel_price": ["171", "218"]}, "1085668": {"hotel_name": "\u5e03\u4e01\u9152\u5e97(\u5357\u4eac\u5927\u6865\u5357\u8def\u5bb6\u4e50\u798f\u5e97)", "order_time": ["2019-01-23 10:04:17"], "total_order": 1, "hotel_value": ["3.9"], "hotel_price": ["88"]}, "4728439": {"hotel_name": "\u5357\u4eac\u8302\u6e90\u5ba2\u6808", "order_time": ["2019-01-23 10:04:20"], "total_order": 1, "hotel_value": ["4.7"], "hotel_price": ["68"]}, "419566": {"hotel_name": "\u5357\u4eac\u53e4\u5357\u90fd\u996d\u5e97", "order_time": ["2019-01-23 10:06:15"], "total_order": 1, "hotel_value": ["4.8"], "hotel_price": ["508"]}, "5311088": {"hotel_name": "\u5357\u4eac\u99a8\u8309\u8389\u82b1\u56ed\u9152\u5e97", "order_time": ["2019-01-23 10:06:15", "2019-01-23 10:22:31"], "total_order": 2, "hotel_value": ["4.7", "4.7"], "hotel_price": ["169", "169"]}, "11122849": {"hotel_name": "\u5e03\u4e01\u9152\u5e97(\u5357\u4eac\u5357\u7ad9\u5317\u5e7f\u573a\u7eff\u5730\u4e4b\u7a97\u5e97)", "order_time": ["2019-01-23 10:06:15"], "total_order": 1, "hotel_value": ["4.3"], "hotel_price": ["199"]}, "1614674": {"hotel_name": "\u5357\u4eac\u5bcc\u5efa\u57ce\u5e02\u9152\u5e97", "order_time": ["2019-01-23 10:06:16"], "total_order": 1, "hotel_value": ["4.6"], "hotel_price": ["323"]}, "1944405": {"hotel_name": "\u5168\u5b63\u9152\u5e97(\u5357\u4eac\u592b\u5b50\u5e99\u4e2d\u5fc3\u5e97)", "order_time": ["2019-01-23 10:06:16"], "total_order": 1, "hotel_value": ["4.8"], "hotel_price": ["427"]}, "2301748": {"hotel_name": "\u5982\u5bb6\u5feb\u6377\u9152\u5e97(\u5357\u4eac\u5965\u4f53\u4e2d\u5fc3\u5357\u6e56\u8def\u5e97)(\u539f\u8c6a\u5b81\u5546\u52a1\u5bbe\u9986)", "order_time": ["2019-01-23 10:06:16"], "total_order": 1, "hotel_value": ["4.2"], "hotel_price": ["152"]}, "1451827": {"hotel_name": "\u5982\u5bb6\u5feb\u6377\u9152\u5e97(\u5357\u4eac\u592b\u5b50\u5e99\u5730\u94c1\u7ad9\u5e73\u6c5f\u5e9c\u8def\u5e97)", "order_time": ["2019-01-23 10:06:17"], "total_order": 1, "hotel_value": ["4.5"], "hotel_price": ["215"]}, "854464": {"hotel_name": "\u5357\u4eac\u9ad8\u697c\u95e8\u996d\u5e97", "order_time": ["2019-01-23 10:06:17"], "total_order": 1, "hotel_value": ["4.3"], "hotel_price": ["298"]}, "5256151": {"hotel_name": "\u5112\u5bb6\u5feb\u6377\u9152\u5e97(\u5357\u4eac\u8fdb\u9999\u6cb3\u5e97)", "order_time": ["2019-01-23 10:06:17"], "total_order": 1, "hotel_value": ["4.1"], "hotel_price": ["113"]}, "24050709": {"hotel_name": "\u5e03\u4e01\u7cbe\u9009\u9152\u5e97(\u5357\u4eac\u5357\u7ad9\u6cb3\u5b9a\u6865\u5730\u94c1\u7ad9\u5e97)", "order_time": ["2019-01-23 10:06:18"], "total_order": 1, "hotel_value": ["4.2"], "hotel_price": ["164"]}, "24544949": {"hotel_name": "\u5357\u4eac\u7121\u6850\u91cc\u7cbe\u54c1\u9152\u5e97", "order_time": ["2019-01-23 10:06:18"], "total_order": 1, "hotel_value": ["4.9"], "hotel_price": ["325"]}, "8650324": {"hotel_name": "\u5982\u5bb6\u7cbe\u9009\u9152\u5e97(\u5357\u4eac\u5357\u7ad9\u5317\u5e7f\u573a\u7eff\u5730\u4e4b\u7a97\u5e97)", "order_time": ["2019-01-23 10:06:18"], "total_order": 1, "hotel_value": ["4.6"], "hotel_price": ["350"]}, "1856487": {"hotel_name": "\u5357\u4eac\u5149\u660e\u996d\u5e97", "order_time": ["2019-01-23 10:06:20", "2019-01-23 10:24:35"], "total_order": 2, "hotel_value": ["3.8", "3.8"], "hotel_price": ["146", "146"]}, "1944075": {"hotel_name": "\u5e03\u4e01\u9152\u5e97(\u5357\u4eac\u9ad8\u65b0\u533a\u4e1c\u5927\u6210\u8d24\u5b66\u9662\u5730\u94c1\u7ad9\u5e97)", "order_time": ["2019-01-23 10:06:20"], "total_order": 1, "hotel_value": ["4.0"], "hotel_price": ["114"]}, "1448720": {"hotel_name": "\u5982\u5bb6\u5546\u65c5\u9152\u5e97(\u5357\u4eac\u7384\u6b66\u6e56\u65b0\u6a21\u8303\u9a6c\u8def\u5730\u94c1\u7ad9\u5e97)", "order_time": ["2019-01-23 10:06:20"], "total_order": 1, "hotel_value": ["4.8"], "hotel_price": ["280"]}, "2250169": {"hotel_name": "\u80af\u5b9a\u8fde\u9501\u9152\u5e97(\u5357\u4eac\u65b0\u8857\u53e3\u82cf\u5b81\u751f\u6d3b\u5e7f\u573a\u4e00\u5e97)", "order_time": ["2019-01-23 10:06:21"], "total_order": 1, "hotel_value": ["4.1"], "hotel_price": ["117"]}, "5724534": {"hotel_name": "\u6d3e\u9152\u5e97(\u5357\u4eac\u80dc\u592a\u897f\u8def\u5730\u94c1\u7ad9\u5e97)", "order_time": ["2019-01-23 10:06:21"], "total_order": 1, "hotel_value": ["4.3"], "hotel_price": ["139"]}, "443712": {"hotel_name": "\u5357\u4eac\u56fd\u4fe1\u5927\u9152\u5e97", "order_time": ["2019-01-23 10:08:17"], "total_order": 1, "hotel_value": ["4.6"], "hotel_price": ["289"]}, "1426723": {"hotel_name": "\u5c1a\u597d\u9152\u5e97\u516c\u5bd3(\u5357\u4eac\u6cb3\u897f\u4e07\u8fbe\u5e97)", "order_time": ["2019-01-23 10:08:19"], "total_order": 1, "hotel_value": ["4.7"], "hotel_price": ["238"]}, "1462801": {"hotel_name": "\u80af\u5b9a\u5bbe\u9986\u8fde\u9501(\u5357\u4eac\u65b0\u8857\u53e3\u4e8c\u5e97)", "order_time": ["2019-01-23 10:14:25", "2019-01-23 10:08:21"], "total_order": 2, "hotel_value": ["4.3", "4.3"], "hotel_price": ["142", "142"]}, "4604055": {"hotel_name": "\u5c1a\u5ba2\u4f18\u8fde\u9501\u9152\u5e97(\u5357\u4eac\u592b\u5b50\u5e99\u6c34\u6e38\u57ce\u5e97)", "order_time": ["2019-01-23 10:08:22"], "total_order": 1, "hotel_value": ["4.0"], "hotel_price": ["151"]}, "371145": {"hotel_name": "\u5357\u4eac\u7ef4\u666f\u56fd\u9645\u5927\u9152\u5e97", "order_time": ["2019-01-23 10:08:22"], "total_order": 1, "hotel_value": ["4.6"], "hotel_price": ["598"]}, "3642955": {"hotel_name": "7\u5929\u8fde\u9501\u9152\u5e97(\u5357\u4eac\u592b\u5b50\u5e99\u5fa1\u9053\u8857\u5e97)", "order_time": ["2019-01-23 10:08:23"], "total_order": 1, "hotel_value": ["4.6"], "hotel_price": ["177"]}, "4732994": {"hotel_name": "\u5982\u5bb6\u5feb\u6377\u9152\u5e97(\u5357\u4eac\u5965\u4f53\u4e2d\u5fc3\u9ec4\u5c71\u8def\u5e97)", "order_time": ["2019-01-23 10:08:24"], "total_order": 1, "hotel_value": ["3.9"], "hotel_price": ["246"]}, "1880478": {"hotel_name": "9\u5c45\u5bbe\u9986(\u5357\u4eac\u5357\u7ad9\u5e97)", "order_time": ["2019-01-23 10:08:24"], "total_order": 1, "hotel_value": ["3.7"], "hotel_price": ["83"]}, "1452813": {"hotel_name": "\u5982\u5bb6\u5feb\u6377\u9152\u5e97(\u5357\u4eac\u4e2d\u5c71\u9675\u666f\u533a\u82dc\u84ff\u56ed\u5927\u8857\u5e97))(\u539f\u5357\u4eac\u6708\u7259\u6e56\u9526\u6e56\u5927\u53a6\u5e97)", "order_time": ["2019-01-23 10:08:24", "2019-01-23 10:28:44"], "total_order": 2, "hotel_value": ["4.4", "4.4"], "hotel_price": ["248", "275"]}, "3654850": {"hotel_name": "\u6e05\u6c90\u8fde\u9501\u9152\u5e97(\u5357\u4eac\u8fc8\u768b\u6865\u5e97)", "order_time": ["2019-01-23 10:08:25"], "total_order": 1, "hotel_value": ["4.1"], "hotel_price": ["121"]}, "425945": {"hotel_name": "\u6c5f\u82cf\u51e4\u51f0\u53f0\u996d\u5e97", "order_time": ["2019-01-23 10:10:17"], "total_order": 1, "hotel_value": ["4.7"], "hotel_price": ["298"]}, "23916713": {"hotel_name": "\u5357\u4eac\u60a0\u4e50\u5c1a\u5bbe\u9986", "order_time": ["2019-01-23 10:10:20"], "total_order": 1, "hotel_value": ["4.8"], "hotel_price": ["116"]}, "8545558": {"hotel_name": "\u5357\u4eac\u5357\u5927\u56fd\u9645\u4f1a\u8bae\u4e2d\u5fc3", "order_time": ["2019-01-23 10:46:34", "2019-01-23 10:10:20"], "total_order": 2, "hotel_value": ["4.8", "4.8"], "hotel_price": ["468", "468"]}, "11022711": {"hotel_name": "\u9526\u6c5f\u4e4b\u661f\u54c1\u5c1a(\u5357\u4eac\u845b\u5858\u5730\u94c1\u7ad9\u7f8e\u5229\u5e7f\u573a\u5e97)", "order_time": ["2019-01-23 10:10:21"], "total_order": 1, "hotel_value": ["4.7"], "hotel_price": ["209"]}, "17889795": {"hotel_name": "\u5168\u5b63\u9152\u5e97(\u5357\u4eac\u660e\u6545\u5bab\u5e97)", "order_time": ["2019-01-23 10:10:21"], "total_order": 1, "hotel_value": ["4.8"], "hotel_price": ["263"]}, "9662136": {"hotel_name": "\u5357\u4eac\u9526\u6765\u4f4f\u5927\u9152\u5e97", "order_time": ["2019-01-23 10:10:22"], "total_order": 1, "hotel_value": ["3.7"], "hotel_price": ["104"]}, "1378417": {"hotel_name": "\u5357\u4eac\u60e0\u6021\u5bbe\u9986", "order_time": ["2019-01-23 10:10:32"], "total_order": 1, "hotel_value": ["3.8"], "hotel_price": ["138"]}, "1334504": {"hotel_name": "\u5357\u4eac\u673a\u573a\u5bbe\u9986", "order_time": ["2019-01-23 10:10:37"], "total_order": 1, "hotel_value": ["4.2"], "hotel_price": ["123"]}, "4727375": {"hotel_name": "\u683c\u6797\u8c6a\u6cf0(\u5357\u4eac\u65b0\u8857\u53e3\u5730\u94c1\u7ad9\u5e97)", "order_time": ["2019-01-23 10:10:37"], "total_order": 1, "hotel_value": ["3.8"], "hotel_price": ["168"]}, "6787884": {"hotel_name": "\u5357\u4eac\u9f0e\u88d5\u5bbe\u9986", "order_time": ["2019-01-23 10:10:39"], "total_order": 1, "hotel_value": ["4.0"], "hotel_price": ["80"]}, "1660621": {"hotel_name": "\u5357\u4eac\u4e4b\u654f\u5e84\u4e3b\u9898\u9152\u5e97", "order_time": ["2019-01-23 10:12:22", "2019-01-23 10:28:36"], "total_order": 2, "hotel_value": ["4.3", "4.3"], "hotel_price": ["202", "202"]}, "437042": {"hotel_name": "\u5357\u4eac\u6c64\u5c71\u9890\u5c1a\u6e29\u6cc9\u5ea6\u5047\u6751", "order_time": ["2019-01-23 10:12:24"], "total_order": 1, "hotel_value": ["4.5"], "hotel_price": ["673"]}, "8984394": {"hotel_name": "\u84dd\u8272\u4e4b\u65c5\u9152\u5e97\u516c\u5bd3(\u5357\u4eac\u5357\u7ad9\u5e97)", "order_time": ["2019-01-23 10:12:31"], "total_order": 1, "hotel_value": ["4.8"], "hotel_price": ["243"]}, "1283038": {"hotel_name": "\u5357\u4eac\u91d1\u9675\u65b0\u57ce\u996d\u5e97", "order_time": ["2019-01-23 10:42:33", "2019-01-23 10:12:31"], "total_order": 2, "hotel_value": ["4.7", "4.7"], "hotel_price": ["384", "384"]}, "1623511": {"hotel_name": "\u683c\u6797\u8c6a\u6cf0\u8d1d\u58f3\u9152\u5e97(\u5357\u4eac\u6e56\u5357\u8def\u72ee\u5b50\u6865\u6b65\u884c\u8857\u5e97)(\u539f\u4e9a\u7279\u5170\u5546\u52a1\u9152\u5e97)", "order_time": ["2019-01-23 10:12:33"], "total_order": 1, "hotel_value": ["4.4"], "hotel_price": ["180"]}, "17928408": {"hotel_name": "\u5357\u4eac\u4e09\u53ea\u71d5\u5b50\u7cbe\u54c1\u6c11\u5bbf", "order_time": ["2019-01-23 10:12:41"], "total_order": 1, "hotel_value": ["4.8"], "hotel_price": ["260"]}, "9769928": {"hotel_name": "\u5357\u4eac\u5c1a\u4e5d\u5c45\u9152\u5e97\u5f0f\u516c\u5bd3\u5357\u7ad9\u5e97", "order_time": ["2019-01-23 10:12:45"], "total_order": 1, "hotel_value": ["4.8"], "hotel_price": ["258"]}, "482286": {"hotel_name": "\u5357\u4eac\u53cc\u95e8\u697c\u5bbe\u9986", "order_time": ["2019-01-23 10:12:59"], "total_order": 1, "hotel_value": ["4.5"], "hotel_price": ["365"]}, "434907": {"hotel_name": "\u5357\u4eac\u66d9\u5149\u56fd\u9645\u5927\u9152\u5e97", "order_time": ["2019-01-23 10:23:15", "2019-01-23 10:12:59"], "total_order": 2, "hotel_value": ["4.7", "4.7"], "hotel_price": ["432", "432"]}, "397164": {"hotel_name": "\u5357\u4eac\u4e01\u5c71\u82b1\u56ed\u5927\u9152\u5e97", "order_time": ["2019-01-23 10:14:23"], "total_order": 1, "hotel_value": ["4.6"], "hotel_price": ["474"]}, "773154": {"hotel_name": "\u6c5f\u82cf\u51e4\u51f0\u4eac\u534e\u5927\u9152\u5e97", "order_time": ["2019-01-23 10:14:23"], "total_order": 1, "hotel_value": ["4.5"], "hotel_price": ["208"]}, "15057335": {"hotel_name": "\u5357\u4eac\u666f\u67ab\u4e07\u8c6a\u9152\u5e97", "order_time": ["2019-01-23 10:14:24"], "total_order": 1, "hotel_value": ["4.6"], "hotel_price": ["723"]}, "6929379": {"hotel_name": "\u5357\u4eac\u5c0f\u5e84\u82b1\u56ed\u9752\u5e74\u65c5\u820d\u65b0\u8857\u53e3\u5730\u94c1\u7ad9\u5e97", "order_time": ["2019-01-23 10:14:24"], "total_order": 1, "hotel_value": ["4.7"], "hotel_price": ["39"]}, "21936730": {"hotel_name": "\u5357\u4eac\u5927\u5730\u541b\u60a6\u9152\u5e97", "order_time": ["2019-01-23 10:14:25", "2019-01-23 10:42:33"], "total_order": 2, "hotel_value": ["4.6", "4.6"], "hotel_price": ["204", "204"]}, "1281183": {"hotel_name": "\u6c49\u5ead\u9152\u5e97(\u5357\u4eac\u9f13\u697c\u5e97)", "order_time": ["2019-01-23 10:14:26"], "total_order": 1, "hotel_value": ["4.4"], "hotel_price": ["208"]}, "707996": {"hotel_name": "\u5357\u4eac\u68ee\u9686\u6e29\u6cc9\u5ea6\u5047\u9152\u5e97", "order_time": ["2019-01-23 10:14:27"], "total_order": 1, "hotel_value": ["4.4"], "hotel_price": ["456"]}, "5073966": {"hotel_name": "\u5e03\u4e01\u9152\u5e97(\u5357\u4eac\u592b\u5b50\u5e99\u5730\u94c1\u7ad9\u5e97)", "order_time": ["2019-01-23 10:14:29"], "total_order": 1, "hotel_value": ["4.5"], "hotel_price": ["174"]}, "15899490": {"hotel_name": "\u5168\u5b63\u9152\u5e97(\u5357\u4eac\u603b\u7edf\u5e9c\u5e97)", "order_time": ["2019-01-23 10:14:39"], "total_order": 1, "hotel_value": ["4.7"], "hotel_price": ["351"]}, "17879456": {"hotel_name": "\u5357\u4eac123\u4e3b\u9898\u9752\u5e74\u65c5\u820d", "order_time": ["2019-01-23 10:14:44"], "total_order": 1, "hotel_value": ["4.5"], "hotel_price": ["50"]}, "1389668": {"hotel_name": "\u5357\u4eac\u5e38\u6625\u5bbe\u9986", "order_time": ["2019-01-23 10:14:46"], "total_order": 1, "hotel_value": ["3.7"], "hotel_price": ["113"]}, "1414247": {"hotel_name": "\u5357\u4eac\u6c34\u4e0a\u5bbe\u9986", "order_time": ["2019-01-23 10:14:54"], "total_order": 1, "hotel_value": [0], "hotel_price": ["86"]}, "1633044": {"hotel_name": "\u5357\u4eac\u6e56\u6ee8\u91d1\u9675\u996d\u5e97", "order_time": ["2019-01-23 10:49:07", "2019-01-23 10:15:07"], "total_order": 2, "hotel_value": ["4.6", "4.6"], "hotel_price": ["420", "420"]}, "878711": {"hotel_name": "\u51ef\u5bbe\u9152\u5e97\u516c\u5bd3\u8fde\u9501(\u5357\u4eac\u51ef\u6da6\u91d1\u57ce\u5e97)", "order_time": ["2019-01-23 10:16:21"], "total_order": 1, "hotel_value": ["4.3"], "hotel_price": ["248"]}, "902118": {"hotel_name": "\u767e\u65f6\u5feb\u6377\u9152\u5e97(\u5357\u4eac\u7384\u6b66\u6e56\u5c71\u897f\u8def\u5e97)", "order_time": ["2019-01-23 10:16:22"], "total_order": 1, "hotel_value": ["4.1"], "hotel_price": ["119"]}, "19596107": {"hotel_name": "\u6e05\u6c90\u7cbe\u9009\u9152\u5e97(\u5357\u4eac\u5927\u5382\u845b\u5858\u5730\u94c1\u7ad9\u5e97)", "order_time": ["2019-01-23 10:16:24"], "total_order": 1, "hotel_value": ["4.8"], "hotel_price": ["156"]}, "8651067": {"hotel_name": "\u5357\u4eacTT TOUCH\u9152\u5e97", "order_time": ["2019-01-23 10:16:29"], "total_order": 1, "hotel_value": ["4.6"], "hotel_price": ["277"]}, "1647867": {"hotel_name": "\u5357\u4eac\u7231\u7434\u6d77\u5047\u65e5\u5bbe\u9986", "order_time": ["2019-01-23 10:16:35"], "total_order": 1, "hotel_value": ["4.5"], "hotel_price": ["103"]}, "5016538": {"hotel_name": "\u5c0f\u65f6\u5149\u5bbe\u9986(\u5357\u4eac\u7984\u53e3\u673a\u573a\u5e97)", "order_time": ["2019-01-23 10:16:35"], "total_order": 1, "hotel_value": ["4.9"], "hotel_price": ["136"]}, "5371509": {"hotel_name": "\u5357\u4eac\u5343\u79a7\u65c5\u793e", "order_time": ["2019-01-23 10:16:36"], "total_order": 1, "hotel_value": ["4.1"], "hotel_price": ["78"]}, "434989": {"hotel_name": "\u5357\u4eac\u4e2d\u5fc3\u5927\u9152\u5e97", "order_time": ["2019-01-23 10:17:01"], "total_order": 1, "hotel_value": ["4.8"], "hotel_price": ["498"]}, "21914008": {"hotel_name": "\u5357\u4eac\u5353\u7f8e\u4e9a\u9152\u5e97", "order_time": ["2019-01-23 10:17:01"], "total_order": 1, "hotel_value": ["4.8"], "hotel_price": ["1049"]}, "662535": {"hotel_name": "\u5357\u4eac\u963f\u5c14\u5361\u8fea\u4e9a\u56fd\u9645\u9152\u5e97", "order_time": ["2019-01-23 10:18:29"], "total_order": 1, "hotel_value": ["4.8"], "hotel_price": ["440"]}, "2305847": {"hotel_name": "7\u5929\u8fde\u9501\u9152\u5e97(\u5357\u4eac\u4e0a\u6d77\u8def\u5730\u94c1\u7ad9\u5e97)", "order_time": ["2019-01-23 10:18:29"], "total_order": 1, "hotel_value": ["4.1"], "hotel_price": ["178"]}, "7215718": {"hotel_name": "\u7ef4\u4e5f\u7eb3\u9152\u5e97(\u5357\u4eac\u592b\u5b50\u5e99\u96e8\u82b1\u8def\u5e97)", "order_time": ["2019-01-23 10:18:34"], "total_order": 1, "hotel_value": ["4.8"], "hotel_price": ["272"]}, "5175045": {"hotel_name": "\u5357\u4eac\u73af\u5b87\u56fd\u9645\u9152\u5e97\u516c\u5bd3", "order_time": ["2019-01-23 10:18:41"], "total_order": 1, "hotel_value": ["4.5"], "hotel_price": ["330"]}, "8574619": {"hotel_name": "\u4e07\u4f4f\u9152\u5e97\u516c\u5bd3(\u5357\u4eac\u5357\u7ad9\u5e97)", "order_time": ["2019-01-23 10:18:49"], "total_order": 1, "hotel_value": ["4.8"], "hotel_price": ["202"]}, "1532041": {"hotel_name": "\u8d85\u7fa4\u7cbe\u9009\u9152\u5e97(\u5357\u4eac\u4e2d\u5c71\u9675\u666f\u533a\u5e97)", "order_time": ["2019-01-23 10:19:14"], "total_order": 1, "hotel_value": ["4.3"], "hotel_price": ["179"]}, "435621": {"hotel_name": "\u5357\u4eac\u4e2d\u5c71\u5927\u53a6", "order_time": ["2019-01-23 10:20:30"], "total_order": 1, "hotel_value": ["4.7"], "hotel_price": ["298"]}, "14255250": {"hotel_name": "\u5c1a\u5ba2\u4f18\u9a8f\u6021\u8fde\u9501\u9152\u5e97\u7fd4\u5b87\u8def\u5357\u5730\u94c1\u7ad9\u5e97", "order_time": ["2019-01-23 10:20:30"], "total_order": 1, "hotel_value": ["4.3"], "hotel_price": ["104"]}, "4122292": {"hotel_name": "\u5c1a\u5ba2\u4f18\u8fde\u9501\u9152\u5e97(\u5357\u4eac\u6cb3\u6d77\u5927\u5b66\u5730\u94c1\u7ad9\u5e97)", "order_time": ["2019-01-23 10:20:30"], "total_order": 1, "hotel_value": ["4.2"], "hotel_price": ["161"]}, "1271085": {"hotel_name": "Q\u52a0\u00b7\u99a8\u5eb7\u5bbe\u9986(\u5357\u4eac\u7984\u53e3\u673a\u573a\u5e97)", "order_time": ["2019-01-23 10:20:32", "2019-01-23 10:22:31"], "total_order": 2, "hotel_value": ["4.8", "4.8"], "hotel_price": ["127", "127"]}, "474711": {"hotel_name": "\u5357\u4eac\u91d1\u9675\u6676\u5143\u5927\u9152\u5e97", "order_time": ["2019-01-23 10:20:33"], "total_order": 1, "hotel_value": ["4.6"], "hotel_price": ["511"]}, "9194914": {"hotel_name": "\u4e9a\u9645\u9152\u5e97(\u5357\u4eac\u5357\u7ad9\u5e97)", "order_time": ["2019-01-23 10:20:42"], "total_order": 1, "hotel_value": ["4.3"], "hotel_price": ["191"]}, "5218050": {"hotel_name": "\u91d1\u5965\u8bfa\u9601\u96c5\u9152\u5e97(\u5357\u4eac\u5965\u4f53\u4e2d\u5fc3\u5e97)", "order_time": ["2019-01-23 10:21:13"], "total_order": 1, "hotel_value": ["4.9"], "hotel_price": ["388"]}, "10896011": {"hotel_name": "\u5357\u4eac\u5357\u7ad9\u6c34\u6708\u6e7e\u9152\u5e97", "order_time": ["2019-01-23 10:22:35"], "total_order": 1, "hotel_value": ["4.8"], "hotel_price": ["274"]}, "10822532": {"hotel_name": "\u5357\u4eac\u871c\u60a6\u58eb\u7cbe\u54c1\u4e3b\u9898\u9152\u5e97", "order_time": ["2019-01-23 10:22:42"], "total_order": 1, "hotel_value": ["4.4"], "hotel_price": ["134"]}, "1638183": {"hotel_name": "\u5357\u4eac\u94c2\u90e1\u9152\u5e97", "order_time": ["2019-01-23 10:22:51"], "total_order": 1, "hotel_value": ["4.6"], "hotel_price": ["168"]}, "1942116": {"hotel_name": "\u5357\u4eac\u53cb\u60c5\u5bbe\u9986", "order_time": ["2019-01-23 10:23:07"], "total_order": 1, "hotel_value": ["4.4"], "hotel_price": ["60"]}, "2035485": {"hotel_name": "\u6f2b\u5fc3\u9152\u5e97(\u5357\u4eac\u592b\u5b50\u5e99\u6c34\u97f5\u79e6\u6dee\u5e97)", "order_time": ["2019-01-23 10:24:25"], "total_order": 1, "hotel_value": ["4.8"], "hotel_price": ["408"]}, "1535633": {"hotel_name": "\u6c49\u5ead\u9152\u5e97(\u5357\u4eac\u6c49\u4e2d\u95e8\u5730\u94c1\u7ad9\u5e97)", "order_time": ["2019-01-23 10:24:25"], "total_order": 1, "hotel_value": ["4.6"], "hotel_price": ["256"]}, "939318": {"hotel_name": "\u73cd\u5b9d\u5047\u65e5\u996d\u5e97(\u5357\u4eac\u5965\u4f53\u4e2d\u5fc3\u5e97)", "order_time": ["2019-01-23 10:24:25"], "total_order": 1, "hotel_value": ["4.5"], "hotel_price": ["382"]}, "482289": {"hotel_name": "\u5357\u4eac\u4e2d\u592e\u996d\u5e97", "order_time": ["2019-01-23 10:24:25"], "total_order": 1, "hotel_value": ["4.4"], "hotel_price": ["288"]}, "6336154": {"hotel_name": "\u5168\u5b63\u9152\u5e97(\u5357\u4eac\u9f99\u87e0\u4e2d\u8def\u5e97)", "order_time": ["2019-01-23 10:24:25"], "total_order": 1, "hotel_value": ["4.6"], "hotel_price": ["269"]}, "6785256": {"hotel_name": "\u5357\u4eac\u5de5\u4e1a\u5927\u5b66\u79d1\u82d1\u5bbe\u9986", "order_time": ["2019-01-23 10:24:27", "2019-01-23 10:42:36"], "total_order": 2, "hotel_value": ["4.6", "4.6"], "hotel_price": ["246", "288"]}, "19867337": {"hotel_name": "\u5357\u4eac\u6c47\u57ce\u5bbe\u9986", "order_time": ["2019-01-23 10:24:27"], "total_order": 1, "hotel_value": ["4.1"], "hotel_price": ["184"]}, "9347528": {"hotel_name": "\u56fd\u9645\u9752\u5e74\u4f1a\u8bae\u9152\u5e97(\u5357\u4eac\u56fd\u9645\u9752\u5e74\u6587\u5316\u4e2d\u5fc3\u5e97)", "order_time": ["2019-01-23 10:24:29"], "total_order": 1, "hotel_value": ["4.8"], "hotel_price": ["598"]}, "1803955": {"hotel_name": "\u7ef4\u4e5f\u7eb3\u9152\u5e97(\u5357\u4eac\u9f99\u6c5f\u5e97)", "order_time": ["2019-01-23 10:24:29"], "total_order": 1, "hotel_value": ["4.9"], "hotel_price": ["361"]}, "22825205": {"hotel_name": "\u5357\u4eac\u7d2b\u7384\u9152\u5e97", "order_time": ["2019-01-23 10:24:29"], "total_order": 1, "hotel_value": ["4.9"], "hotel_price": ["512"]}, "369785": {"hotel_name": "\u5357\u4eac\u7d22\u83f2\u7279\u94f6\u6cb3\u5927\u9152\u5e97", "order_time": ["2019-01-23 10:24:31"], "total_order": 1, "hotel_value": ["4.6"], "hotel_price": ["556"]}, "9596458": {"hotel_name": "\u5357\u4eac\u7231\u6735\u7cbe\u54c1(\u6c5f\u5b81\u5927\u5b66\u57ce\u5e97)", "order_time": ["2019-01-23 10:24:33"], "total_order": 1, "hotel_value": ["4.6"], "hotel_price": ["127"]}, "1453801": {"hotel_name": "\u5982\u5bb6\u5feb\u6377\u9152\u5e97(\u5357\u4eac\u957f\u9014\u6c7d\u8f66\u4e1c\u7ad9\u6797\u4e1a\u5927\u5b66\u65b0\u5e84\u5730\u94c1\u7ad9\u5e97)", "order_time": ["2019-01-23 10:24:33"], "total_order": 1, "hotel_value": ["4.5"], "hotel_price": ["189"]}, "4498594": {"hotel_name": "\u548c\u9890\u81f3\u683c\u9152\u5e97(\u5357\u4eac\u67f3\u5dde\u5317\u8def\u5f18\u9633\u5e7f\u573a\u5e97)(\u539f\u8c6a\u7235\u7cbe\u54c1\u9152\u5e97)", "order_time": ["2019-01-23 10:24:33"], "total_order": 1, "hotel_value": ["4.7"], "hotel_price": ["241"]}, "9586571": {"hotel_name": "\u53ef\u4e3a\u5bb6\u7cbe\u54c1\u9152\u5e97\u5f0f\u516c\u5bd3(\u5357\u4eac\u5357\u7ad9\u5e97)", "order_time": ["2019-01-23 10:24:35"], "total_order": 1, "hotel_value": ["4.7"], "hotel_price": ["193"]}, "6041182": {"hotel_name": "\u5357\u4eac198\u5feb\u6377\u5bbe\u9986", "order_time": ["2019-01-23 10:24:38"], "total_order": 1, "hotel_value": ["4.5"], "hotel_price": ["193"]}, "811700": {"hotel_name": "\u6e05\u6c90\u8fde\u9501\u9152\u5e97(\u5357\u4eac\u65b0\u8857\u53e3\u5927\u6d0b\u767e\u8d27\u4e30\u5bcc\u8def\u5e97)", "order_time": ["2019-01-23 10:24:38"], "total_order": 1, "hotel_value": ["4.1"], "hotel_price": ["154"]}, "6848502": {"hotel_name": "\u5357\u4eac\u5965\u60a6\u5546\u52a1\u5bbe\u9986\u80dc\u592a\u8def\u5e97", "order_time": ["2019-01-23 10:24:42"], "total_order": 1, "hotel_value": ["3.8"], "hotel_price": ["93"]}, "23982428": {"hotel_name": "\u5357\u4eacTIME\u5546\u52a1\u9152\u5e97", "order_time": ["2019-01-23 10:24:46"], "total_order": 1, "hotel_value": ["5.0"], "hotel_price": ["268"]}, "1483679": {"hotel_name": "\u5982\u5bb6\u5feb\u6377\u9152\u5e97(\u5357\u4eac\u6c5f\u82cf\u8def\u5e97)", "order_time": ["2019-01-23 10:26:30"], "total_order": 1, "hotel_value": ["4.4"], "hotel_price": ["208"]}, "17864715": {"hotel_name": "\u5357\u4eac\u5357\u5cb8\u98ce\u683c\u9152\u5e97", "order_time": ["2019-01-23 10:26:31", "2019-01-23 10:44:32"], "total_order": 2, "hotel_value": ["4.6", "4.6"], "hotel_price": ["173", "173"]}, "914386": {"hotel_name": "\u9526\u6c5f\u4e4b\u661f(\u5357\u4eac\u706b\u8f66\u5357\u7ad9\u5e97)", "order_time": ["2019-01-23 10:26:34"], "total_order": 1, "hotel_value": ["4.4"], "hotel_price": ["194"]}, "798937": {"hotel_name": "\u5357\u4eac\u592b\u5b50\u5e99\u56fd\u9645\u9752\u5e74\u65c5\u820d", "order_time": ["2019-01-23 10:26:34", "2019-01-23 10:30:36", "2019-01-23 10:40:27"], "total_order": 3, "hotel_value": ["4.1", "4.1", "4.1"], "hotel_price": ["50", "55", "55"]}, "24014320": {"hotel_name": "\u5357\u4eac\u9f99\u835f\u9152\u5e97", "order_time": ["2019-01-23 10:26:34"], "total_order": 1, "hotel_value": ["4.7"], "hotel_price": ["219"]}, "17996519": {"hotel_name": "\u5357\u4eac\u673a\u573a\u7761\u5427\u9152\u5e97", "order_time": ["2019-01-23 10:26:36"], "total_order": 1, "hotel_value": ["4.5"], "hotel_price": ["148"]}, "434413": {"hotel_name": "\u5357\u4eac\u56fd\u9645\u535a\u89c8\u4e2d\u5fc3\u9152\u5e97", "order_time": ["2019-01-23 10:28:32"], "total_order": 1, "hotel_value": ["4.4"], "hotel_price": ["398"]}, "11539805": {"hotel_name": "\u5357\u4eac\u4e50\u6a59\u9152\u5e97\u516c\u5bd3", "order_time": ["2019-01-23 10:28:35"], "total_order": 1, "hotel_value": ["4.4"], "hotel_price": ["199"]}, "5215129": {"hotel_name": "\u84dd\u8c03\u8bbe\u8ba1\u827a\u672f\u9152\u5e97(\u5357\u4eac\u7984\u53e3\u673a\u573a\u5e97)", "order_time": ["2019-01-23 10:28:40"], "total_order": 1, "hotel_value": ["4.6"], "hotel_price": ["165"]}, "434407": {"hotel_name": "\u5357\u4eac\u91d1\u9675\u6c5f\u6ee8\u9152\u5e97", "order_time": ["2019-01-23 10:29:16", "2019-01-23 10:47:11"], "total_order": 2, "hotel_value": ["4.7", "4.7"], "hotel_price": ["568", "568"]}, "8330648": {"hotel_name": "\u548c\u749e\u8bbe\u8ba1\u5e08\u516c\u5bd3(\u5357\u4eac\u5357\u7ad9\u5e97)", "order_time": ["2019-01-23 10:30:32"], "total_order": 1, "hotel_value": ["4.7"], "hotel_price": ["213"]}, "1535637": {"hotel_name": "\u6c49\u5ead\u9152\u5e97(\u5357\u4eac\u6c5f\u6d66\u9f99\u534e\u8def\u5730\u94c1\u7ad9\u5e97)", "order_time": ["2019-01-23 10:30:34"], "total_order": 1, "hotel_value": ["4.4"], "hotel_price": ["227"]}, "1945125": {"hotel_name": "\u5357\u4eac\u4e1c\u5bab\u5927\u9152\u5e97", "order_time": ["2019-01-23 10:30:41"], "total_order": 1, "hotel_value": ["4.2"], "hotel_price": ["123"]}, "1943885": {"hotel_name": "\u683c\u6797\u8c6a\u6cf0(\u5357\u4eac\u706b\u8f66\u7ad9\u6c7d\u8f66\u603b\u7ad9\u5e97)", "order_time": ["2019-01-23 10:30:50"], "total_order": 1, "hotel_value": ["4.0"], "hotel_price": ["169"]}, "915031": {"hotel_name": "\u5357\u4eac\u96f6\u634c\u65c5\u793e", "order_time": ["2019-01-23 10:31:03"], "total_order": 1, "hotel_value": ["2.5"], "hotel_price": ["80"]}, "1317113": {"hotel_name": "\u6c49\u5ead\u9152\u5e97(\u5357\u4eac\u671d\u5929\u5bab\u5e97)", "order_time": ["2019-01-23 10:32:31"], "total_order": 1, "hotel_value": ["4.4"], "hotel_price": ["180"]}, "2069884": {"hotel_name": "\u5357\u4eac\u7231\u5c1a\u82b1\u56ed\u9152\u5e97\u516c\u5bd3", "order_time": ["2019-01-23 10:48:30", "2019-01-23 10:32:32"], "total_order": 2, "hotel_value": ["4.6", "4.6"], "hotel_price": ["248", "248"]}, "7938703": {"hotel_name": "\u6e05\u6c90\u7cbe\u9009\u4e91\u9152\u5e97(\u5357\u4eac\u6797\u4e1a\u5927\u5b66\u848b\u738b\u5e99\u5e97)", "order_time": ["2019-01-23 10:32:35"], "total_order": 1, "hotel_value": ["4.6"], "hotel_price": ["189"]}, "795217": {"hotel_name": "\u5982\u5bb6\u7cbe\u9009\u9152\u5e97(\u5357\u4eac\u65b0\u8857\u53e3\u5e97)", "order_time": ["2019-01-23 10:32:36", "2019-01-23 10:40:27"], "total_order": 2, "hotel_value": ["4.7", "4.7"], "hotel_price": ["340", "340"]}, "22954002": {"hotel_name": "\u5c1a\u5ba2\u4f18\u54c1\u9152\u5e97(\u5357\u4eac\u592b\u5b50\u5e99\u5927\u5149\u8def\u5e97)", "order_time": ["2019-01-23 10:32:40"], "total_order": 1, "hotel_value": ["4.6"], "hotel_price": ["164"]}, "8802742": {"hotel_name": "\u6d77\u53cb\u826f\u54c1\u9152\u5e97(\u5357\u4eac\u5357\u7ad9\u5e97)", "order_time": ["2019-01-23 10:32:46"], "total_order": 1, "hotel_value": ["4.4"], "hotel_price": ["153"]}, "1002425": {"hotel_name": "\u5357\u4eac\u65e5\u51fa\u82b1\u56ed\u827a\u672f\u9152\u5e97", "order_time": ["2019-01-23 10:32:47"], "total_order": 1, "hotel_value": ["3.3"], "hotel_price": ["109"]}, "892274": {"hotel_name": "\u96c5\u5c45\u9152\u5e97\u516c\u5bd3(\u5357\u4eac\u7ea6\u745f\u592b\u5e97)", "order_time": ["2019-01-23 10:32:54"], "total_order": 1, "hotel_value": ["4.4"], "hotel_price": ["119"]}, "5973528": {"hotel_name": "\u5357\u4eac\u9a7f\u5f80\u60c5\u6df1\u4e3b\u9898\u77ed\u79df", "order_time": ["2019-01-23 10:34:35"], "total_order": 1, "hotel_value": ["4.7"], "hotel_price": ["194"]}, "4731908": {"hotel_name": "\u683c\u6797\u8c6a\u6cf0(\u5357\u4eac\u7ecf\u4e94\u8def\u6708\u82d1\u5e97)", "order_time": ["2019-01-23 10:34:38"], "total_order": 1, "hotel_value": ["4.0"], "hotel_price": ["180"]}, "15226958": {"hotel_name": "\u5357\u4eac\u65af\u7ef4\u767b\u670d\u52a1\u516c\u5bd3(\u5357\u4eac\u5357\u7ad9)", "order_time": ["2019-01-23 10:34:38"], "total_order": 1, "hotel_value": ["4.7"], "hotel_price": ["250"]}, "10582282": {"hotel_name": "\u5357\u4eac\u6c49\u65f6\u98ce\u516c\u5bd3\u5f0f\u9152\u5e97\u5357\u7ad9\u559c\u6c49\u5e97", "order_time": ["2019-01-23 10:34:38"], "total_order": 1, "hotel_value": ["4.7"], "hotel_price": ["190"]}, "901884": {"hotel_name": "\u6613\u4f70\u826f\u54c1\u9152\u5e97(\u5357\u4eac\u8fc8\u768b\u6865\u5730\u94c1\u5e97)", "order_time": ["2019-01-23 10:34:38"], "total_order": 1, "hotel_value": ["4.3"], "hotel_price": ["101"]}, "3031813": {"hotel_name": "\u6613\u4f70\u9152\u5e97(\u5357\u4eac\u4e2d\u5c71\u9675\u9a6c\u7fa4\u5730\u94c1\u7ad9\u5e97)", "order_time": ["2019-01-23 10:34:38"], "total_order": 1, "hotel_value": ["4.2"], "hotel_price": ["143"]}, "9214573": {"hotel_name": "\u5357\u4eac\u745e\u83b2\u7f8e\u5c45\u7cbe\u54c1\u9152\u5e97", "order_time": ["2019-01-23 10:34:38"], "total_order": 1, "hotel_value": ["4.6"], "hotel_price": ["203"]}, "2124132": {"hotel_name": "\u91ca\u7231\u7cbe\u54c1\u4e3b\u9898\u9152\u5e97(\u5357\u4eac\u6c5f\u5b81\u5927\u5b66\u57ce\u5e97)", "order_time": ["2019-01-23 10:34:38"], "total_order": 1, "hotel_value": ["4.7"], "hotel_price": ["149"]}, "4727336": {"hotel_name": "\u5357\u4eac\u4e09\u676f\u8336\u9752\u5e74\u516c\u5bd3", "order_time": ["2019-01-23 10:34:39"], "total_order": 1, "hotel_value": ["4.7"], "hotel_price": ["53"]}, "22449037": {"hotel_name": "\u5357\u4eac\u67ab\u53f6\u7f8e\u5bbf\u5f71\u9662\u9152\u5e97\u5f0f\u516c\u5bd3", "order_time": ["2019-01-23 10:34:39"], "total_order": 1, "hotel_value": ["4.8"], "hotel_price": ["173"]}, "2804161": {"hotel_name": "\u7f57\u66fc\u8c6a\u534e\u7cbe\u54c1\u9152\u5e97(\u5357\u4eac\u80dc\u592a\u8def\u5e97)", "order_time": ["2019-01-23 10:34:39"], "total_order": 1, "hotel_value": ["4.7"], "hotel_price": ["164"]}, "1936233": {"hotel_name": "\u683c\u6797\u8c6a\u6cf0(\u5357\u4eac\u5927\u5382\u845b\u5858\u5730\u94c1\u7ad9\u5e97)(\u539f\u7389\u6865\u5e02\u573a\u5e97)", "order_time": ["2019-01-23 10:34:39"], "total_order": 1, "hotel_value": ["4.5"], "hotel_price": ["129"]}, "1946035": {"hotel_name": "\u5c16\u5fae\u7a7a\u95f4\u827a\u672f\u9152\u5e97(\u5357\u4eac\u592b\u5b50\u5e99\u5e97)", "order_time": ["2019-01-23 10:34:39"], "total_order": 1, "hotel_value": ["4.6"], "hotel_price": ["228"]}, "1183473": {"hotel_name": "\u5c1a\u5ba2\u4f18\u5feb\u6377\u9152\u5e97(\u5357\u4eac\u65e0\u60f3\u5c71\u5730\u94c1\u7ad9\u5e97)", "order_time": ["2019-01-23 10:34:39"], "total_order": 1, "hotel_value": ["4.4"], "hotel_price": ["145"]}, "1944035": {"hotel_name": "\u5357\u4eac\u4e07\u8c61\u6052\u5143\u9152\u5e97", "order_time": ["2019-01-23 10:34:39"], "total_order": 1, "hotel_value": ["3.8"], "hotel_price": ["171"]}, "22562651": {"hotel_name": "\u7d2b\u85e4\u82b1\u56ed\u9152\u5e97\u5f0f\u516c\u5bd3(\u5357\u4eac\u5357\u7ad9\u5e97)", "order_time": ["2019-01-23 10:34:39"], "total_order": 1, "hotel_value": ["4.7"], "hotel_price": ["232"]}, "1656029": {"hotel_name": "\u542f\u822a\u4e4b\u661f\u5bbe\u9986(\u5357\u4eac\u5b8f\u8fd0\u5927\u9053\u5e97)", "order_time": ["2019-01-23 10:34:39"], "total_order": 1, "hotel_value": ["4.5"], "hotel_price": ["131"]}, "1862056": {"hotel_name": "\u69b4\u83b2\u5c0f\u661f\u9152\u5e97(\u5357\u4eac\u6cf0\u5c71\u65b0\u6751\u5e97)", "order_time": ["2019-01-23 10:34:39"], "total_order": 1, "hotel_value": ["4.4"], "hotel_price": ["74"]}, "24399372": {"hotel_name": "\u5357\u4eac\u6e05\u6a59\u9152\u5e97", "order_time": ["2019-01-23 10:34:39"], "total_order": 1, "hotel_value": ["4.3"], "hotel_price": ["114"]}, "433892": {"hotel_name": "\u82b3\u5609\u56ed\u9152\u5e97\u516c\u5bd3(\u5357\u4eac\u57ce\u5f00\u56fd\u9645\u5e97)", "order_time": ["2019-01-23 10:34:45"], "total_order": 1, "hotel_value": ["3.8"], "hotel_price": ["174"]}, "997118": {"hotel_name": "\u5357\u4eac\u94dc\u57ce\u5feb\u6377\u5bbe\u9986(\u5357\u4eac\u7984\u53e3\u673a\u573a\u5e97)", "order_time": ["2019-01-23 10:34:50", "2019-01-23 10:40:50"], "total_order": 2, "hotel_value": ["4.3", "4.3"], "hotel_price": ["75", "75"]}, "1618811": {"hotel_name": "\u5357\u4eac\u4e1c\u5357\u5927\u5b66\u683c\u6797\u5bbe\u9986", "order_time": ["2019-01-23 10:35:13"], "total_order": 1, "hotel_value": ["4.1"], "hotel_price": ["238"]}, "5095130": {"hotel_name": "\u901f8\u9152\u5e97(\u5357\u4eac\u83ab\u6101\u6e56\u6c34\u897f\u95e8\u5e97)", "order_time": ["2019-01-23 10:36:29"], "total_order": 1, "hotel_value": ["4.4"], "hotel_price": ["122"]}, "369713": {"hotel_name": "\u5357\u4eac\u7eff\u5730\u6d32\u9645\u9152\u5e97", "order_time": ["2019-01-23 10:36:30"], "total_order": 1, "hotel_value": ["4.7"], "hotel_price": ["1099"]}, "1636165": {"hotel_name": "\u5357\u4eac\u5927\u5bcc\u8c6a\u5bbe\u9986", "order_time": ["2019-01-23 10:36:53"], "total_order": 1, "hotel_value": ["4.1"], "hotel_price": ["98"]}, "11159603": {"hotel_name": "\u5357\u4eac\u6c64\u5c71\u8377\u82b1\u65c5\u9986", "order_time": ["2019-01-23 10:37:01"], "total_order": 1, "hotel_value": ["4.7"], "hotel_price": ["105"]}, "481331": {"hotel_name": "\u5357\u4eac\u4fdd\u9669\u5927\u53a6", "order_time": ["2019-01-23 10:38:25"], "total_order": 1, "hotel_value": ["4.2"], "hotel_price": ["246"]}, "13658367": {"hotel_name": "\u4e50\u4f18\u5c45\u7cbe\u54c1\u516c\u5bd3\uff08\u5357\u4eac\u96e8\u82b1\u5ba2\u5385\u5e97\uff09", "order_time": ["2019-01-23 10:38:25", "2019-01-23 10:42:32"], "total_order": 2, "hotel_value": ["4.8", "4.8"], "hotel_price": ["344", "344"]}, "691197": {"hotel_name": "\u5357\u4eac\u767d\u5bab\u5927\u9152\u5e97", "order_time": ["2019-01-23 10:38:27"], "total_order": 1, "hotel_value": ["4.2"], "hotel_price": ["248"]}, "26089169": {"hotel_name": "\u82b1\u5b63\u9152\u5e97(\u5357\u4eac\u592b\u5b50\u5e99\u5730\u94c1\u7ad9\u5e97)", "order_time": ["2019-01-23 10:38:27"], "total_order": 1, "hotel_value": ["4.8"], "hotel_price": ["268"]}, "1944235": {"hotel_name": "\u5357\u4eac\u8679\u6865\u996d\u5e97", "order_time": ["2019-01-23 10:38:27"], "total_order": 1, "hotel_value": ["4.4"], "hotel_price": ["210"]}, "1426613": {"hotel_name": "\u5357\u4eac\u571f\u4e01\u4e07\u91cc\u8def\u56fd\u9645\u9752\u5e74\u9152\u5e97", "order_time": ["2019-01-23 10:54:32", "2019-01-23 10:38:27"], "total_order": 2, "hotel_value": ["4.5", "4.5"], "hotel_price": ["40", "40"]}, "1219124": {"hotel_name": "\u90fd\u5e02118(\u5357\u4eac\u4e2d\u5c71\u9675\u98ce\u666f\u533a\u4e0b\u9a6c\u574a\u5730\u94c1\u7ad9\u5e97)", "order_time": ["2019-01-23 10:38:28"], "total_order": 1, "hotel_value": ["4.4"], "hotel_price": ["254"]}, "2041820": {"hotel_name": "7\u5929\u8fde\u9501\u9152\u5e97(\u5357\u4eac\u6797\u4e1a\u5927\u5b66\u82b1\u56ed\u8def\u5e97)", "order_time": ["2019-01-23 10:38:28"], "total_order": 1, "hotel_value": ["3.9"], "hotel_price": ["147"]}, "1686747": {"hotel_name": "\u6021\u83b1\u7cbe\u54c1\u9152\u5e97(\u5357\u4eac\u9f99\u7720\u5927\u9053\u5730\u94c1\u7ad9\u5e97)(\u539f\u4e94\u6708\u82b1\u5bbe\u9986)", "order_time": ["2019-01-23 10:38:28"], "total_order": 1, "hotel_value": ["4.4"], "hotel_price": ["199"]}, "1943642": {"hotel_name": "\u6e05\u6c90\u7cbe\u54c1\u9152\u5e97(\u5357\u4eac\u5927\u6865\u5317\u8def\u6cf0\u5c71\u65b0\u6751\u5730\u94c1\u7ad9)", "order_time": ["2019-01-23 10:38:28"], "total_order": 1, "hotel_value": ["3.9"], "hotel_price": ["103"]}, "2358598": {"hotel_name": "\u767d\u7389\u5170\u9152\u5e97(\u5357\u4eac\u80dc\u592a\u897f\u8def\u5e97)", "order_time": ["2019-01-23 10:38:31"], "total_order": 1, "hotel_value": ["4.8"], "hotel_price": ["319"]}, "2302798": {"hotel_name": "\u5357\u4eac\u767e\u8349\u56ed\u5bbe\u9986", "order_time": ["2019-01-23 10:38:31"], "total_order": 1, "hotel_value": ["4.4"], "hotel_price": ["488"]}, "1452149": {"hotel_name": "\u5982\u5bb6\u5feb\u6377\u9152\u5e97(\u5357\u4eac\u706b\u8f66\u5357\u7ad9\u660e\u53d1\u5e7f\u573a\u5730\u94c1\u7ad9\u5e97)", "order_time": ["2019-01-23 10:38:31"], "total_order": 1, "hotel_value": ["4.4"], "hotel_price": ["237"]}, "811652": {"hotel_name": "\u6e05\u6c90\u8fde\u9501\u9152\u5e97(\u5357\u4eac1912\u73e0\u6c5f\u8def\u767e\u8111\u6c47\u5e97)", "order_time": ["2019-01-23 10:38:31"], "total_order": 1, "hotel_value": ["4.2"], "hotel_price": ["164"]}, "4496845": {"hotel_name": "\u53e4\u5357\u90fd\u4ea6\u95f2\u516c\u9986(\u5357\u4eac\u4e91\u5357\u8def\u5730\u94c1\u7ad9\u5e97)", "order_time": ["2019-01-23 10:38:31"], "total_order": 1, "hotel_value": ["4.8"], "hotel_price": ["150"]}, "12665128": {"hotel_name": "\u5982\u5bb6\u5546\u65c5(\u5357\u4eac\u592b\u5b50\u5e99\u4e09\u5c71\u8857\u5730\u94c1\u7ad9\u5e97)", "order_time": ["2019-01-23 10:38:31"], "total_order": 1, "hotel_value": ["4.6"], "hotel_price": ["272"]}, "435799": {"hotel_name": "\u6c49\u5ead\u9152\u5e97(\u5357\u4eac\u9f99\u6c5f\u5b9a\u6dee\u95e8\u5927\u8857\u5e97)", "order_time": ["2019-01-23 10:38:31"], "total_order": 1, "hotel_value": ["4.0"], "hotel_price": ["275"]}, "6829860": {"hotel_name": "\u5357\u4eac\u835f\u67ab\u9152\u5e97", "order_time": ["2019-01-23 10:38:31"], "total_order": 1, "hotel_value": ["4.8"], "hotel_price": ["388"]}, "21363311": {"hotel_name": "\u5357\u4eac\u52c7\u65f6\u8fbe\u5bbe\u9986", "order_time": ["2019-01-23 10:38:33"], "total_order": 1, "hotel_value": ["4.9"], "hotel_price": ["97"]}, "3001164": {"hotel_name": "\u5357\u4eac\u5bab\u5ead\u58f9\u53f7\u7cbe\u54c1\u9152\u5e97", "order_time": ["2019-01-23 10:38:33"], "total_order": 1, "hotel_value": ["4.1"], "hotel_price": ["184"]}, "2643285": {"hotel_name": "\u5357\u4eac\u7ef4\u7eb3\u65af\u9152\u5e97", "order_time": ["2019-01-23 10:38:34"], "total_order": 1, "hotel_value": ["3.4"], "hotel_price": ["209"]}, "1257083": {"hotel_name": "7\u5929\u8fde\u9501\u9152\u5e97(\u5357\u4eac\u6c5f\u5b811912\u767e\u5bb6\u6e56\u5730\u94c1\u7ad9\u5e97)", "order_time": ["2019-01-23 10:38:35"], "total_order": 1, "hotel_value": ["4.0"], "hotel_price": ["189"]}, "14480297": {"hotel_name": "\u5357\u4eac\u51ef\u514b\u7cbe\u54c1\u9152\u5e97\u516c\u5bd3(\u5965\u4f53\u4e2d\u80dc\u5e97)", "order_time": ["2019-01-23 10:38:36"], "total_order": 1, "hotel_value": ["4.3"], "hotel_price": ["218"]}, "17525181": {"hotel_name": "\u5357\u4eac\u5357\u7ad9\u80dc\u592a\u897f\u8def\u4e9a\u6735\u9152\u5e97", "order_time": ["2019-01-23 10:38:37"], "total_order": 1, "hotel_value": ["4.8"], "hotel_price": ["413"]}, "27041936": {"hotel_name": "\u5357\u4eac\u70df\u6ce2\u9686\u534e\u516c\u5bd3", "order_time": ["2019-01-23 10:38:42"], "total_order": 1, "hotel_value": [0], "hotel_price": ["133"]}, "28236009": {"hotel_name": "\u5609\u7f8e\u00b7\u5f71\u9662\u516c\u5bd3(\u5357\u4eac\u65b0\u8857\u53e3\u5730\u94c1\u7ad9\u5e97)", "order_time": ["2019-01-23 10:38:42"], "total_order": 1, "hotel_value": ["4.7"], "hotel_price": ["320"]}, "1452525": {"hotel_name": "\u5982\u5bb6\u5feb\u6377\u9152\u5e97(\u5357\u4eac\u65b0\u57ce\u5e02\u5e7f\u573a\u9f99\u6c5f\u5730\u94c1\u7ad9\u5e97)", "order_time": ["2019-01-23 10:40:25"], "total_order": 1, "hotel_value": ["4.6"], "hotel_price": ["243"]}, "3730005": {"hotel_name": "\u548c\u9890\u9152\u5e97(\u5357\u4eac\u4e2d\u5c71\u4e1c\u8def\u660e\u6545\u5bab\u5730\u94c1\u7ad9\u5e97)", "order_time": ["2019-01-23 10:40:25"], "total_order": 1, "hotel_value": ["4.6"], "hotel_price": ["298"]}, "15342933": {"hotel_name": "\u6d77\u660e\u5a01\u7cbe\u54c1\u9152\u5e97\u516c\u5bd3(\u5357\u4eac\u5929\u9686\u5bfa\u5730\u94c1\u7ad9\u5e97)", "order_time": ["2019-01-23 10:40:25"], "total_order": 1, "hotel_value": ["4.8"], "hotel_price": ["198"]}, "378810": {"hotel_name": "\u5357\u4eac\u7d22\u83f2\u7279\u949f\u5c71\u9ad8\u5c14\u592b\u9152\u5e97", "order_time": ["2019-01-23 10:40:29"], "total_order": 1, "hotel_value": ["4.7"], "hotel_price": ["665"]}, "2063865": {"hotel_name": "7\u5929\u4f18\u54c1\u9152\u5e97(\u5357\u4eac\u65b0\u8857\u53e3\u5730\u94c1\u7ad9\u5e97)", "order_time": ["2019-01-23 10:40:31"], "total_order": 1, "hotel_value": ["4.6"], "hotel_price": ["221"]}, "1853810": {"hotel_name": "\u5357\u4eac\u8292\u679c\u9152\u5e97", "order_time": ["2019-01-23 10:40:33"], "total_order": 1, "hotel_value": ["4.3"], "hotel_price": ["124"]}, "15944957": {"hotel_name": "\u5168\u5b63\u9152\u5e97(\u5357\u4eac\u65b0\u8857\u53e3\u6237\u90e8\u8857\u5e97)", "order_time": ["2019-01-23 10:40:34"], "total_order": 1, "hotel_value": ["4.7"], "hotel_price": ["351"]}, "1808635": {"hotel_name": "\u901f8\u9152\u5e97(\u5357\u4eac\u6cb9\u574a\u6865\u5e97)", "order_time": ["2019-01-23 10:40:37"], "total_order": 1, "hotel_value": ["3.1"], "hotel_price": ["108"]}, "1776620": {"hotel_name": "\u5e03\u4e01\u9152\u5e97(\u5357\u4eac\u6cb3\u5b9a\u6865\u5730\u94c1\u7ad9\u5e97 )(\u539f\u5723\u8fbe\u5bbe\u9986)", "order_time": ["2019-01-23 10:40:42"], "total_order": 1, "hotel_value": ["4.1"], "hotel_price": ["104"]}, "6360261": {"hotel_name": "\u5357\u4eac\u6708\u5149\u4e4b\u57ce\u56fd\u9645\u9752\u5e74\u65c5\u820d", "order_time": ["2019-01-23 10:40:42"], "total_order": 1, "hotel_value": ["4.7"], "hotel_price": ["45"]}, "1943700": {"hotel_name": "\u6613\u4f70\u8fde\u9501\u65c5\u5e97(\u5357\u4eac\u5927\u5382\u5e97)", "order_time": ["2019-01-23 10:40:44"], "total_order": 1, "hotel_value": ["4.0"], "hotel_price": ["73"]}, "5732637": {"hotel_name": "\u5357\u4eac\u9053\u4f73\u5feb\u6377\u5bbe\u9986", "order_time": ["2019-01-23 10:40:47"], "total_order": 1, "hotel_value": ["4.3"], "hotel_price": ["113"]}, "28094974": {"hotel_name": "\u5982\u5bb6\u5546\u65c5\u9152\u5e97(\u5357\u4eac\u706b\u8f66\u7ad9\u5317\u5e7f\u573a\u7384\u6b66\u6e56\u5e97)", "order_time": ["2019-01-23 10:42:33"], "total_order": 1, "hotel_value": ["4.6"], "hotel_price": ["255"]}, "1500412": {"hotel_name": "\u5357\u4eac\u77bb\u56ed\u56fd\u9645\u9752\u5e74\u65c5\u820d", "order_time": ["2019-01-23 10:42:35"], "total_order": 1, "hotel_value": ["4.2"], "hotel_price": ["46"]}, "1678723": {"hotel_name": "\u5357\u4eacYMCA\u9152\u5e97", "order_time": ["2019-01-23 10:42:35"], "total_order": 1, "hotel_value": ["4.5"], "hotel_price": ["278"]}, "4970266": {"hotel_name": "\u5357\u4eac\u67e0\u6aac\u6811\u7cbe\u54c1\u9152\u5e97", "order_time": ["2019-01-23 10:42:36"], "total_order": 1, "hotel_value": ["4.3"], "hotel_price": ["127"]}, "1943360": {"hotel_name": "\u69b4\u83b2\u5c0f\u661f\u7cd6\u679c\u9152\u5e97(\u5357\u4eac\u7384\u6b66\u6e56\u5e97)", "order_time": ["2019-01-23 10:42:36"], "total_order": 1, "hotel_value": ["4.2"], "hotel_price": ["231"]}, "17589650": {"hotel_name": "\u5357\u4eac\u4e2d\u5c71\u9675\u666f\u533a\u4e9a\u6735\u9152\u5e97", "order_time": ["2019-01-23 10:50:25", "2019-01-23 10:42:37", "2019-01-23 10:44:29"], "total_order": 3, "hotel_value": ["4.8", "4.8", "4.8"], "hotel_price": ["360", "360", "360"]}, "1376623": {"hotel_name": "\u5357\u4eac\u9999\u683c\u91cc\u62c9\u5927\u9152\u5e97", "order_time": ["2019-01-23 10:42:37"], "total_order": 1, "hotel_value": ["4.7"], "hotel_price": ["988"]}, "444648": {"hotel_name": "\u5357\u4eac\u5929\u4e30\u5927\u9152\u5e97", "order_time": ["2019-01-23 10:42:37"], "total_order": 1, "hotel_value": ["4.6"], "hotel_price": ["288"]}, "1451802": {"hotel_name": "\u5982\u5bb6\u5feb\u6377\u9152\u5e97(\u5357\u4eac\u592b\u5b50\u5e99\u5730\u94c1\u7ad9\u592a\u5e73\u5357\u8def\u5e97)", "order_time": ["2019-01-23 10:42:43"], "total_order": 1, "hotel_value": ["4.2"], "hotel_price": ["202"]}, "6485931": {"hotel_name": "\u5357\u4eac\u6c83\u9601\u5317\u7f8e\u98ce\u60c5\u9986", "order_time": ["2019-01-23 10:42:43"], "total_order": 1, "hotel_value": ["4.7"], "hotel_price": ["342"]}, "7934109": {"hotel_name": "\u5357\u4eac\u84dd\u9cb8\u592a\u7a7a\u8231\u4e3b\u9898\u9752\u65c5", "order_time": ["2019-01-23 10:42:43"], "total_order": 1, "hotel_value": ["4.7"], "hotel_price": ["83"]}, "396597": {"hotel_name": "\u91d1\u9e70\u56fd\u4ed5\u8fbe\u9152\u5e97(\u5357\u4eac\u65b0\u8857\u53e3\u5730\u94c1\u7ad9\u5e97)", "order_time": ["2019-01-23 10:50:25", "2019-01-23 10:54:34", "2019-01-23 10:44:29"], "total_order": 3, "hotel_value": ["4.9", "4.9", "4.9"], "hotel_price": ["313", "313", "313"]}, "4056103": {"hotel_name": "\u4e07\u7231\u60c5\u4fa3\u4e3b\u9898\u9152\u5e97(\u5357\u4eac\u592b\u5b50\u5e99\u5e97)", "order_time": ["2019-01-23 10:44:32"], "total_order": 1, "hotel_value": ["4.6"], "hotel_price": ["259"]}, "2488992": {"hotel_name": "\u6854\u5b50\u6c34\u6676\u9152\u5e97(\u5357\u4eac\u5965\u4f53\u4e2d\u80dc\u56fd\u9645\u535a\u89c8\u4e2d\u5fc3\u5e97)", "order_time": ["2019-01-23 10:44:34"], "total_order": 1, "hotel_value": ["4.9"], "hotel_price": ["455"]}, "4310743": {"hotel_name": "\u6e05\u6c90\u7cbe\u9009\u9152\u5e97(\u5357\u4eac\u5965\u4f53\u4f1a\u5c55\u4e2d\u5fc3\u5e97)", "order_time": ["2019-01-23 10:44:35"], "total_order": 1, "hotel_value": ["4.4"], "hotel_price": ["194"]}, "1286909": {"hotel_name": "\u6c49\u5ead\u4f18\u4f73\u9152\u5e97(\u5357\u4eac\u7384\u6b66\u95e8\u5e97)(\u539f\u6c49\u5ead\u9152\u5e97)", "order_time": ["2019-01-23 10:44:35"], "total_order": 1, "hotel_value": ["4.6"], "hotel_price": ["237"]}, "441083": {"hotel_name": "\u5357\u4eac\u6c34\u79c0\u82d1\u5927\u9152\u5e97", "order_time": ["2019-01-23 10:44:35"], "total_order": 1, "hotel_value": ["4.8"], "hotel_price": ["398"]}, "1457183": {"hotel_name": "\u5982\u5bb6\u5feb\u6377\u9152\u5e97(\u5357\u4eac\u6865\u5317\u5f18\u9633\u5e7f\u573a\u67f3\u6d32\u4e1c\u8def\u5730\u94c1\u7ad9\u5e97)", "order_time": ["2019-01-23 10:44:37"], "total_order": 1, "hotel_value": ["4.6"], "hotel_price": ["129"]}, "5697642": {"hotel_name": "\u5357\u4eac\u65b0\u4fa8\u516c\u5bd3", "order_time": ["2019-01-23 10:44:45"], "total_order": 1, "hotel_value": ["3.9"], "hotel_price": ["121"]}, "14088129": {"hotel_name": "\u7d22\u6cca\u9601\u9152\u5e97(\u5357\u4eac\u9ad8\u94c1\u5357\u7ad9\u5e97)", "order_time": ["2019-01-23 10:44:52"], "total_order": 1, "hotel_value": ["4.7"], "hotel_price": ["291"]}, "369782": {"hotel_name": "\u5357\u4eac\u6c34\u6e38\u57ce\u5047\u65e5\u9152\u5e97", "order_time": ["2019-01-23 10:45:03"], "total_order": 1, "hotel_value": ["4.6"], "hotel_price": ["669"]}, "8669404": {"hotel_name": "\u6c49\u5ead\u9152\u5e97(\u5357\u4eac\u9e92\u9e9f\u79d1\u6280\u56ed\u5e97)", "order_time": ["2019-01-23 10:45:16"], "total_order": 1, "hotel_value": ["4.4"], "hotel_price": ["332"]}, "16096817": {"hotel_name": "\u5609\u7f8e\u00b7\u5f71\u9662\u9152\u5e97(\u5357\u4eac\u5357\u7ad9\u5929\u9686\u5bfa\u5730\u94c1\u7ad9\u5e97)(\u539f\u68a7\u6850\u5bd3\u00b7\u5f71\u9662\u9152\u5e97)", "order_time": ["2019-01-23 10:46:29"], "total_order": 1, "hotel_value": ["4.8"], "hotel_price": ["249"]}, "811702": {"hotel_name": "\u6e05\u6c90\u7cbe\u9009\u9152\u5e97(\u5357\u4eac\u65b0\u8857\u53e3\u6768\u516c\u4e95\u5e97)", "order_time": ["2019-01-23 10:46:33"], "total_order": 1, "hotel_value": ["4.5"], "hotel_price": ["174"]}, "3118767": {"hotel_name": "\u5357\u4eac\u4e2d\u5c71\u9675\u56fd\u9645\u9752\u5e74\u65c5\u9986", "order_time": ["2019-01-23 10:46:38", "2019-01-23 10:48:27"], "total_order": 2, "hotel_value": ["4.6", "4.6"], "hotel_price": ["292", "292"]}, "5247241": {"hotel_name": "\u5357\u4eac\u5c1a\u5ba2\u4f18\u5feb\u6377\u9152\u5e97\u6c5f\u5b81\u7984\u53e3\u673a\u573a\u84dd\u5929\u8def\u5e97", "order_time": ["2019-01-23 10:46:38"], "total_order": 1, "hotel_value": ["4.2"], "hotel_price": ["118"]}, "1841371": {"hotel_name": "\u80af\u5b9a\u8fde\u9501\u9152\u5e97(\u5357\u4eac\u6c34\u897f\u95e8\u4e91\u9526\u8def\u5730\u94c1\u7ad9\u5e97)(\u539f\u5357\u4eac\u82cf\u5efa\u5546\u52a1\u9152\u5e97)", "order_time": ["2019-01-23 10:46:38"], "total_order": 1, "hotel_value": ["4.4"], "hotel_price": ["121"]}, "27852068": {"hotel_name": "\u5357\u4eac\u9f99\u95e8\u9a7f\u6808\u5bbe\u9986", "order_time": ["2019-01-23 10:46:42"], "total_order": 1, "hotel_value": ["4.8"], "hotel_price": ["123"]}, "6870682": {"hotel_name": "\u5357\u4eac\u541b\u68b5\u5546\u52a1\u5bbe\u9986", "order_time": ["2019-01-23 10:46:43"], "total_order": 1, "hotel_value": ["4.4"], "hotel_price": ["75"]}, "1649286": {"hotel_name": "\u5357\u4eac\u5bb6\u6625\u5bbe\u9986", "order_time": ["2019-01-23 10:46:50"], "total_order": 1, "hotel_value": ["4.2"], "hotel_price": ["81"]}, "913039": {"hotel_name": "\u5b9c\u5fc5\u601d\u9152\u5e97(\u5357\u4eac\u592b\u5b50\u5e99\u5e97)", "order_time": ["2019-01-23 10:48:30"], "total_order": 1, "hotel_value": ["4.4"], "hotel_price": ["275"]}, "6414515": {"hotel_name": "\u8d1d\u58f3\u5357\u4eac\u5929\u5143\u897f\u8def\u5730\u94c1\u7ad9\u9152\u5e97", "order_time": ["2019-01-23 10:48:39"], "total_order": 1, "hotel_value": ["4.3"], "hotel_price": ["137"]}, "2258093": {"hotel_name": "\u5357\u4eac\u9526\u5ead\u7cbe\u54c1\u9152\u5e97(\u539f\u5927\u6c49\u5546\u52a1\u5bbe\u9986)", "order_time": ["2019-01-23 10:48:59"], "total_order": 1, "hotel_value": ["4.2"], "hotel_price": ["154"]}, "1458261": {"hotel_name": "\u5357\u4eac\u946b\u8d77\u70b9\u5feb\u6377\u65c5\u5e97", "order_time": ["2019-01-23 10:50:28"], "total_order": 1, "hotel_value": ["4.3"], "hotel_price": ["108"]}, "23972505": {"hotel_name": "\u5357\u4eacValentine \u9038\u5c45(\u539f\u5357\u4eac\u9047\u89c1\u4e00\u5ea7\u57ce)", "order_time": ["2019-01-23 10:50:35"], "total_order": 1, "hotel_value": ["4.9"], "hotel_price": ["208"]}, "6279030": {"hotel_name": "\u5357\u4eac\u4f17\u98de\u7cbe\u54c1\u9152\u5e97", "order_time": ["2019-01-23 10:50:36"], "total_order": 1, "hotel_value": ["4.0"], "hotel_price": ["110"]}, "6745244": {"hotel_name": "\u5357\u4eac\u4e1c\u6625\u5bbe\u9986", "order_time": ["2019-01-23 10:50:37"], "total_order": 1, "hotel_value": ["3.9"], "hotel_price": ["128"]}, "1675382": {"hotel_name": "\u5357\u4eac\u7d2b\u4eac\u996d\u5e97", "order_time": ["2019-01-23 10:50:46"], "total_order": 1, "hotel_value": ["4.3"], "hotel_price": ["574"]}, "1432042": {"hotel_name": "\u5357\u4eac\u6587\u6c47\u5bbe\u9986", "order_time": ["2019-01-23 10:51:08"], "total_order": 1, "hotel_value": ["4.5"], "hotel_price": ["66"]}, "8494902": {"hotel_name": "\u745e\u8f69\u7cbe\u820d\u5b98\u6eaa\u7cbe\u54c1\u4eba\u6587\u5ba2\u6808(\u5357\u4eac\u9ad8\u6df3\u8001\u8857\u5e97)", "order_time": ["2019-01-23 10:52:31"], "total_order": 1, "hotel_value": ["4.7"], "hotel_price": ["233"]}, "856450": {"hotel_name": "\u5982\u5bb6\u5feb\u6377\u9152\u5e97(\u5357\u4eac\u65b0\u8857\u53e3\u5e38\u5e9c\u8857\u5730\u94c1\u7ad9\u5929\u7a7a\u4e4b\u90fd\u5e97)", "order_time": ["2019-01-23 10:52:31"], "total_order": 1, "hotel_value": ["4.4"], "hotel_price": ["210"]}, "1945382": {"hotel_name": "\u5496\u5c45\u7cbe\u9009\u9152\u5e97(\u5357\u4eac\u82cf\u5b81\u5929\u6da6\u5e7f\u573a\u5e97)(\u539f\u7ef4\u65af\u7279\u7cbe\u54c1\u9152\u5e97)", "order_time": ["2019-01-23 10:52:31"], "total_order": 1, "hotel_value": ["4.4"], "hotel_price": ["96"]}, "435796": {"hotel_name": "\u5357\u4eac\u56fd\u4fe1\u72b6\u5143\u697c\u5927\u9152\u5e97", "order_time": ["2019-01-23 10:52:32"], "total_order": 1, "hotel_value": ["4.7"], "hotel_price": ["558"]}, "6023764": {"hotel_name": "\u5357\u4eac\u65b0\u5bcc\u57ce\u5bbe\u9986\u592b\u5b50\u5e99\u5e97", "order_time": ["2019-01-23 10:52:32"], "total_order": 1, "hotel_value": ["4.4"], "hotel_price": ["143"]}, "474236": {"hotel_name": "\u5357\u4eac\u9f99\u9f99\u9152\u5e97", "order_time": ["2019-01-23 10:52:32"], "total_order": 1, "hotel_value": ["4.4"], "hotel_price": ["164"]}, "513735": {"hotel_name": "\u9526\u6c5f\u4e4b\u661f(\u5357\u4eac\u73e0\u6c5f\u8def\u5c0f\u8425\u5317\u8def\u5e97)", "order_time": ["2019-01-23 10:52:35"], "total_order": 1, "hotel_value": ["4.3"], "hotel_price": ["179"]}, "6473532": {"hotel_name": "\u7f8e\u8c6a\u9152\u5e97(\u5357\u4eac\u5e02\u4e2d\u5fc3\u5e97)", "order_time": ["2019-01-23 10:52:35"], "total_order": 1, "hotel_value": ["4.8"], "hotel_price": ["316"]}, "4649966": {"hotel_name": "\u5982\u5bb6\u5feb\u6377\u9152\u5e97(\u5357\u4eac\u4e91\u5357\u8def\u5730\u94c1\u7ad9\u4e0a\u6d77\u8def\u5e97)", "order_time": ["2019-01-23 10:52:36"], "total_order": 1, "hotel_value": ["4.5"], "hotel_price": ["263"]}, "1457946": {"hotel_name": "\u5357\u4eac\u4e94\u4e00\u5bbe\u9986", "order_time": ["2019-01-23 10:52:37"], "total_order": 1, "hotel_value": ["4.5"], "hotel_price": ["205"]}, "16928129": {"hotel_name": "\u5357\u4eac\u4e09\u5341\u4e5d\u7cbe\u54c1\u5ba2\u6808", "order_time": ["2019-01-23 10:52:57"], "total_order": 1, "hotel_value": ["4.9"], "hotel_price": ["101"]}, "6571785": {"hotel_name": "\u5357\u4eac\u6c64\u5c71\u5510\u5b8b\u517b\u751f\u6e29\u6cc9\u6c11\u5bbf", "order_time": ["2019-01-23 10:54:39"], "total_order": 1, "hotel_value": ["4.8"], "hotel_price": ["670"]}, "2300990": {"hotel_name": "7\u5929\u4f18\u54c1\u9152\u5e97(\u5357\u4eac\u592b\u5b50\u5e99\u4e09\u5c71\u8857\u5730\u94c1\u7ad9\u5e97)", "order_time": ["2019-01-23 10:54:39"], "total_order": 1, "hotel_value": ["4.4"], "hotel_price": ["147"]}, "2614318": {"hotel_name": "\u5357\u4eac\u6c64\u5c71\u7af9\u6e90\u96c5\u5c45\u6e29\u6cc9\u5ba2\u6808", "order_time": ["2019-01-23 10:54:41"], "total_order": 1, "hotel_value": ["4.5"], "hotel_price": ["444"]}, "7421816": {"hotel_name": "\u5357\u4eac\u690d\u7269\u604b\u4ebaLOFT\u4e3b\u9898\u9752\u65c5\u65b0\u8857\u53e3\u957f\u6c5f\u8def\u5e97", "order_time": ["2019-01-23 10:54:50"], "total_order": 1, "hotel_value": ["4.0"], "hotel_price": ["45"]}, "1775058": {"hotel_name": "\u5357\u4eac\u9f99\u6e7e\u5bbe\u9986", "order_time": ["2019-01-23 10:54:55"], "total_order": 1, "hotel_value": ["3.9"], "hotel_price": ["83"]}}}