{"\u5f00\u59cb\u8bb0\u5f55\u65f6\u95f4": "2019-01-20 11:47:07", "\u7ed3\u675f\u8bb0\u5f55\u65f6\u95f4": "2019-01-20 12:47:08", "\u8ba2\u5355\u603b\u589e\u91cf": 263, "item": {"17285601": {"hotel_name": "\u5929\u8bd7\u5c45\u884c\u653f\u516c\u5bd3(\u5357\u4eac\u56fd\u9645\u9752\u5e74\u6587\u5316\u4e2d\u5fc3\u5e97)", "order_time": ["2019-01-20 11:49:14"], "total_order": 1, "hotel_value": ["4.9"], "hotel_price": ["768"]}, "1669331": {"hotel_name": "\u5357\u4eac\u4e5d\u4e5d\u805a\u5bb6\u5546\u52a1\u5bbe\u9986", "order_time": ["2019-01-20 11:49:14"], "total_order": 1, "hotel_value": ["4.1"], "hotel_price": ["98"]}, "369717": {"hotel_name": "\u5357\u4eac\u91d1\u9e70\u73e0\u6c5f\u58f9\u53f7\u56fd\u9645\u9152\u5e97", "order_time": ["2019-01-20 11:49:14"], "total_order": 1, "hotel_value": ["4.7"], "hotel_price": ["579"]}, "443705": {"hotel_name": "\u4e66\u9999\u4e16\u5bb6\u9152\u5e97(\u5357\u4eac\u65b0\u8857\u53e3\u5fb7\u57fa\u5e7f\u573a\u5e97)(\u539f\u7ba1\u5bb6\u6865\u5e97)", "order_time": ["2019-01-20 11:49:14"], "total_order": 1, "hotel_value": ["4.7"], "hotel_price": ["298"]}, "1116413": {"hotel_name": "\u5357\u4eac\u7384\u6b66\u95e8\u4e9a\u6735\u9152\u5e97", "order_time": ["2019-01-20 11:49:14"], "total_order": 1, "hotel_value": ["4.8"], "hotel_price": ["360"]}, "5469110": {"hotel_name": "\u5357\u4eac\u5929\u79a7\u9152\u5e97", "order_time": ["2019-01-20 11:49:14"], "total_order": 1, "hotel_value": ["4.6"], "hotel_price": ["422"]}, "913039": {"hotel_name": "\u5b9c\u5fc5\u601d\u9152\u5e97(\u5357\u4eac\u592b\u5b50\u5e99\u5e97)", "order_time": ["2019-01-20 11:49:15"], "total_order": 1, "hotel_value": ["4.4"], "hotel_price": ["229"]}, "432006": {"hotel_name": "\u6708\u8272\u98ce\u5c1a\u00b7\u5f71\u9662\u9152\u5e97(\u5357\u4eac\u65b0\u8857\u53e3\u73e0\u6c5f\u8def\u5730\u94c1\u5e97)", "order_time": ["2019-01-20 12:35:34", "2019-01-20 11:49:15"], "total_order": 2, "hotel_value": ["4.4", "4.4"], "hotel_price": ["263", "263"]}, "2488992": {"hotel_name": "\u6854\u5b50\u6c34\u6676\u9152\u5e97(\u5357\u4eac\u5965\u4f53\u4e2d\u80dc\u56fd\u9645\u535a\u89c8\u4e2d\u5fc3\u5e97)", "order_time": ["2019-01-20 11:49:15"], "total_order": 1, "hotel_value": ["4.9"], "hotel_price": ["360"]}, "1535644": {"hotel_name": "\u6c49\u5ead\u9152\u5e97(\u5357\u4eac\u65b0\u8857\u53e3\u4e2d\u5fc3\u5e97)", "order_time": ["2019-01-20 11:49:15"], "total_order": 1, "hotel_value": ["4.3"], "hotel_price": ["227"]}, "1526858": {"hotel_name": "\u5357\u4eac\u5fc5\u5f97\u5546\u52a1\u5bbe\u9986", "order_time": ["2019-01-20 11:49:15"], "total_order": 1, "hotel_value": ["4.0"], "hotel_price": ["193"]}, "6798819": {"hotel_name": "\u5357\u4eac\u91d1\u76fe\u996d\u5e97", "order_time": ["2019-01-20 11:49:16"], "total_order": 1, "hotel_value": ["4.5"], "hotel_price": ["339"]}, "1873547": {"hotel_name": "\u80af\u5b9a\u7cbe\u54c1\u9152\u5e97(\u5357\u4eac\u6768\u516c\u4e95\u5e97)(\u539f\u90fd\u4e50\u5bbe\u9986\u6768\u516c\u4e95\u5e97)", "order_time": ["2019-01-20 11:49:16"], "total_order": 1, "hotel_value": ["4.0"], "hotel_price": ["164"]}, "1623545": {"hotel_name": "\u5357\u4eac\u5b89\u8fbe\u996d\u5e97", "order_time": ["2019-01-20 11:49:16"], "total_order": 1, "hotel_value": ["3.9"], "hotel_price": ["198"]}, "1953999": {"hotel_name": "\u5357\u4eac\u9ad8\u6df3\u56fd\u9645\u6162\u57ce\u6df3\u5473\u519c\u5bb6\u4e50", "order_time": ["2019-01-20 11:49:19"], "total_order": 1, "hotel_value": ["4.6"], "hotel_price": ["123"]}, "23965471": {"hotel_name": "\u9526\u6c5f\u90fd\u57ce\u9152\u5e97(\u5357\u4eac\u592b\u5b50\u5e99\u4e2d\u5fc3\u5e97)", "order_time": ["2019-01-20 11:51:13"], "total_order": 1, "hotel_value": ["4.8"], "hotel_price": ["345"]}, "443712": {"hotel_name": "\u5357\u4eac\u56fd\u4fe1\u5927\u9152\u5e97", "order_time": ["2019-01-20 11:51:13"], "total_order": 1, "hotel_value": ["4.6"], "hotel_price": ["358"]}, "1500412": {"hotel_name": "\u5357\u4eac\u77bb\u56ed\u56fd\u9645\u9752\u5e74\u65c5\u820d", "order_time": ["2019-01-20 11:51:13", "2019-01-20 11:55:17"], "total_order": 2, "hotel_value": ["4.2", "4.2"], "hotel_price": ["50", "50"]}, "1211088": {"hotel_name": "\u83ab\u6cf0168(\u5357\u4eac\u65b0\u8857\u53e3\u5546\u4e1a\u4e2d\u5fc3\u660e\u74e6\u5eca\u5e97)", "order_time": ["2019-01-20 12:19:35", "2019-01-20 11:51:13"], "total_order": 2, "hotel_value": ["4.5", "4.5"], "hotel_price": ["246", "246"]}, "346276": {"hotel_name": "\u5357\u4eac\u91d1\u4e1d\u5229\u559c\u6765\u767b\u9152\u5e97", "order_time": ["2019-01-20 11:51:13"], "total_order": 1, "hotel_value": ["4.4"], "hotel_price": ["558"]}, "369707": {"hotel_name": "\u5357\u4eac\u6717\u6607\u5e0c\u5c14\u987f\u9152\u5e97", "order_time": ["2019-01-20 11:51:13"], "total_order": 1, "hotel_value": ["4.7"], "hotel_price": ["778"]}, "10607216": {"hotel_name": "\u6e05\u6c90\u7cbe\u9009\u9152\u5e97(\u5357\u4eac\u5357\u7ad9\u5e97)", "order_time": ["2019-01-20 11:51:14"], "total_order": 1, "hotel_value": ["4.6"], "hotel_price": ["239"]}, "2300356": {"hotel_name": "7\u5929\u8fde\u9501\u9152\u5e97(\u5357\u4eac1912\u9152\u5427\u533a\u6d6e\u6865\u5730\u94c1\u7ad9\u5e97)", "order_time": ["2019-01-20 11:51:14"], "total_order": 1, "hotel_value": ["4.3"], "hotel_price": ["135"]}, "1670211": {"hotel_name": "\u80af\u5b9a\u7cbe\u9009\u9152\u5e97(\u5357\u4eac\u96e8\u82b1\u897f\u8def\u5e97)(\u539f\u5fa1\u534e\u5ead\u5feb\u6377\u65c5\u5e97)", "order_time": ["2019-01-20 11:51:14"], "total_order": 1, "hotel_value": ["4.2"], "hotel_price": ["133"]}, "13819648": {"hotel_name": "\u5357\u4eac\u6c49\u8d8a\u5ead\u7cbe\u54c1\u9152\u5e97", "order_time": ["2019-01-20 11:51:15", "2019-01-20 12:45:44"], "total_order": 2, "hotel_value": ["4.8", "4.8"], "hotel_price": ["113", "113"]}, "5304257": {"hotel_name": "\u5357\u4eac2016\u5047\u65e5\u9152\u5e97", "order_time": ["2019-01-20 11:51:15"], "total_order": 1, "hotel_value": ["3.6"], "hotel_price": ["154"]}, "26421136": {"hotel_name": "\u5357\u4eac818\u7cbe\u54c1\u9152\u5e97", "order_time": ["2019-01-20 11:51:16", "2019-01-20 12:25:38"], "total_order": 2, "hotel_value": ["4.6", "4.6"], "hotel_price": ["208", "208"]}, "1919756": {"hotel_name": "\u5357\u4eac\u4e07\u7a0b\u5feb\u6377\u9152\u5e97", "order_time": ["2019-01-20 11:51:17"], "total_order": 1, "hotel_value": ["4.4"], "hotel_price": ["98"]}, "6842447": {"hotel_name": "\u5357\u4eac\u5b89\u683c\u65af\u6469\u767b\u516c\u5bd3", "order_time": ["2019-01-20 11:51:18"], "total_order": 1, "hotel_value": ["3.9"], "hotel_price": ["97"]}, "1426613": {"hotel_name": "\u5357\u4eac\u571f\u4e01\u4e07\u91cc\u8def\u56fd\u9645\u9752\u5e74\u9152\u5e97", "order_time": ["2019-01-20 11:51:20"], "total_order": 1, "hotel_value": ["4.5"], "hotel_price": ["43"]}, "425945": {"hotel_name": "\u6c5f\u82cf\u51e4\u51f0\u53f0\u996d\u5e97", "order_time": ["2019-01-20 11:51:20"], "total_order": 1, "hotel_value": ["4.7"], "hotel_price": ["331"]}, "9347528": {"hotel_name": "\u56fd\u9645\u9752\u5e74\u4f1a\u8bae\u9152\u5e97(\u5357\u4eac\u56fd\u9645\u9752\u5e74\u6587\u5316\u4e2d\u5fc3\u5e97)", "order_time": ["2019-01-20 11:53:17"], "total_order": 1, "hotel_value": ["4.8"], "hotel_price": ["598"]}, "1632975": {"hotel_name": "\u5357\u4eac\u9ad8\u6df3\u6b66\u5bb6\u5634\u56fd\u9645\u5927\u9152\u5e97", "order_time": ["2019-01-20 11:53:17"], "total_order": 1, "hotel_value": ["4.2"], "hotel_price": ["448"]}, "15327659": {"hotel_name": "\u5eb7\u94c2\u9152\u5e97(\u5357\u4eac\u6c5f\u5b81\u5f00\u53d1\u533a\u5e97)", "order_time": ["2019-01-20 11:53:17"], "total_order": 1, "hotel_value": ["4.8"], "hotel_price": ["289"]}, "1837613": {"hotel_name": "Q\u52a0\u00b7\u610f\u9152\u5e97(\u5357\u4eac\u5965\u4f53\u4e2d\u5fc3\u5174\u9686\u5927\u8857\u5730\u94c1\u7ad9\u5e97)", "order_time": ["2019-01-20 11:53:17"], "total_order": 1, "hotel_value": ["4.2"], "hotel_price": ["146"]}, "798937": {"hotel_name": "\u5357\u4eac\u592b\u5b50\u5e99\u56fd\u9645\u9752\u5e74\u65c5\u820d", "order_time": ["2019-01-20 11:53:18", "2019-01-20 12:25:39"], "total_order": 2, "hotel_value": ["4.1", "4.1"], "hotel_price": ["45", "45"]}, "1454476": {"hotel_name": "\u5982\u5bb6\u5546\u65c5\u9152\u5e97(\u5357\u4eac\u65b0\u57ce\u5e02\u5e7f\u573a\u9f99\u6c5f\u5730\u94c1\u7ad9\u5e97)", "order_time": ["2019-01-20 11:53:18"], "total_order": 1, "hotel_value": ["4.6"], "hotel_price": ["459"]}, "434086": {"hotel_name": "\u5357\u4eac\u65b0\u7eaa\u5143\u5927\u9152\u5e97", "order_time": ["2019-01-20 11:53:18"], "total_order": 1, "hotel_value": ["4.7"], "hotel_price": ["288"]}, "4365497": {"hotel_name": "\u5357\u4eacMini\u65f6\u5c1a\u4e3b\u9898\u9152\u5e97(\u80dc\u592a\u8def\u5730\u94c1\u7ad9\u5e97)", "order_time": ["2019-01-20 11:53:18"], "total_order": 1, "hotel_value": ["4.2"], "hotel_price": ["94"]}, "798936": {"hotel_name": "\u5982\u5bb6\u9152\u5e97(\u5357\u4eac\u4e5d\u9f99\u6e56\u5730\u94c1\u7ad9\u53cc\u9f99\u5927\u9053\u5e97)", "order_time": ["2019-01-20 11:53:19"], "total_order": 1, "hotel_value": ["4.6"], "hotel_price": ["212"]}, "4425501": {"hotel_name": "\u7ef4\u4e5f\u7eb3\u56fd\u9645\u9152\u5e97(\u5357\u4eac\u5357\u7ad9\u4e2d\u5fc3\u5e97)", "order_time": ["2019-01-20 11:53:20"], "total_order": 1, "hotel_value": ["4.8"], "hotel_price": ["239"]}, "5716734": {"hotel_name": "\u5357\u4eac\u7984\u53e3\u673a\u573a\u4e9a\u6735\u9152\u5e97", "order_time": ["2019-01-20 11:53:21"], "total_order": 1, "hotel_value": ["4.8"], "hotel_price": ["408"]}, "5316001": {"hotel_name": "\u5357\u4eac\u4e50\u5bb6\u5bbe\u9986", "order_time": ["2019-01-20 11:53:22"], "total_order": 1, "hotel_value": ["4.4"], "hotel_price": ["95"]}, "371145": {"hotel_name": "\u5357\u4eac\u7ef4\u666f\u56fd\u9645\u5927\u9152\u5e97", "order_time": ["2019-01-20 11:53:29"], "total_order": 1, "hotel_value": ["4.6"], "hotel_price": ["516"]}, "434989": {"hotel_name": "\u5357\u4eac\u4e2d\u5fc3\u5927\u9152\u5e97", "order_time": ["2019-01-20 11:55:16"], "total_order": 1, "hotel_value": ["4.8"], "hotel_price": ["499"]}, "8330648": {"hotel_name": "\u548c\u749e\u8bbe\u8ba1\u5e08\u516c\u5bd3(\u5357\u4eac\u5357\u7ad9\u5e97)", "order_time": ["2019-01-20 11:55:17"], "total_order": 1, "hotel_value": ["4.7"], "hotel_price": ["248"]}, "1462789": {"hotel_name": "\u80af\u5b9a\u00b7\u89c2\u7f8e\u9152\u5e97(\u5357\u4eac\u65b0\u8857\u53e3\u91d1\u878d\u4e2d\u5fc3\u4e2d\u592e\u5546\u573a\u5e97)", "order_time": ["2019-01-20 11:55:17"], "total_order": 1, "hotel_value": ["4.6"], "hotel_price": ["248"]}, "5782272": {"hotel_name": "\u4e5d\u97f5\u7cbe\u54c1\u9152\u5e97(\u5357\u4eac\u5357\u5de5\u5927\u6155\u65af\u835f\u5e97)", "order_time": ["2019-01-20 11:55:18"], "total_order": 1, "hotel_value": ["4.7"], "hotel_price": ["153"]}, "7215718": {"hotel_name": "\u7ef4\u4e5f\u7eb3\u9152\u5e97(\u5357\u4eac\u592b\u5b50\u5e99\u96e8\u82b1\u8def\u5e97)", "order_time": ["2019-01-20 11:55:19"], "total_order": 1, "hotel_value": ["4.8"], "hotel_price": ["276"]}, "1453801": {"hotel_name": "\u5982\u5bb6\u5feb\u6377\u9152\u5e97(\u5357\u4eac\u957f\u9014\u6c7d\u8f66\u4e1c\u7ad9\u6797\u4e1a\u5927\u5b66\u65b0\u5e84\u5730\u94c1\u7ad9\u5e97)", "order_time": ["2019-01-20 11:55:19"], "total_order": 1, "hotel_value": ["4.5"], "hotel_price": ["175"]}, "1944235": {"hotel_name": "\u5357\u4eac\u8679\u6865\u996d\u5e97", "order_time": ["2019-01-20 11:55:22"], "total_order": 1, "hotel_value": ["4.4"], "hotel_price": ["276"]}, "4604055": {"hotel_name": "\u5c1a\u5ba2\u4f18\u8fde\u9501\u9152\u5e97(\u5357\u4eac\u592b\u5b50\u5e99\u6c34\u6e38\u57ce\u5e97)", "order_time": ["2019-01-20 11:55:22"], "total_order": 1, "hotel_value": ["4.0"], "hotel_price": ["179"]}, "898232": {"hotel_name": "\u5929\u76db\u5927\u9152\u5e97(\u5357\u4eac\u65b0\u8857\u53e3\u5f20\u5e9c\u56ed\u5730\u94c1\u7ad9\u5e97)", "order_time": ["2019-01-20 11:55:22"], "total_order": 1, "hotel_value": ["4.5"], "hotel_price": ["255"]}, "1633056": {"hotel_name": "\u661f\u7a0b\u9152\u5e97(\u5357\u4eac\u83ab\u6101\u6e56\u5e97)", "order_time": ["2019-01-20 11:55:32"], "total_order": 1, "hotel_value": ["4.4"], "hotel_price": ["120"]}, "1452813": {"hotel_name": "\u5982\u5bb6\u5feb\u6377\u9152\u5e97(\u5357\u4eac\u4e2d\u5c71\u9675\u666f\u533a\u82dc\u84ff\u56ed\u5927\u8857\u5e97))(\u539f\u5357\u4eac\u6708\u7259\u6e56\u9526\u6e56\u5927\u53a6\u5e97)", "order_time": ["2019-01-20 11:57:18"], "total_order": 1, "hotel_value": ["4.4"], "hotel_price": ["210"]}, "1281183": {"hotel_name": "\u6c49\u5ead\u9152\u5e97(\u5357\u4eac\u9f13\u697c\u5e97)", "order_time": ["2019-01-20 11:57:18"], "total_order": 1, "hotel_value": ["4.4"], "hotel_price": ["218"]}, "6189914": {"hotel_name": "\u5357\u4eac\u6d77\u60a6\u9152\u5e97", "order_time": ["2019-01-20 11:57:19"], "total_order": 1, "hotel_value": ["4.5"], "hotel_price": ["198"]}, "3669632": {"hotel_name": "\u96e8\u6da6\u4e2d\u592e\u516c\u9986\u884c\u653f\u9152\u5e97\u516c\u5bd3(\u5357\u4eac\u5965\u4f53\u4e2d\u5fc3\u5e97)", "order_time": ["2019-01-20 11:57:19"], "total_order": 1, "hotel_value": ["4.4"], "hotel_price": ["263"]}, "8574598": {"hotel_name": "\u6e05\u6c90\u7cbe\u9009\u9152\u5e97(\u5357\u4eac\u6587\u5fb7\u8def\u5730\u94c1\u7ad9\u5e97)", "order_time": ["2019-01-20 11:57:21"], "total_order": 1, "hotel_value": ["4.5"], "hotel_price": ["184"]}, "19867337": {"hotel_name": "\u5357\u4eac\u6c47\u57ce\u5bbe\u9986", "order_time": ["2019-01-20 11:57:21"], "total_order": 1, "hotel_value": ["4.1"], "hotel_price": ["194"]}, "1535643": {"hotel_name": "\u6c49\u5ead\u9152\u5e97(\u5357\u4eac\u65b0\u8857\u53e3\u738b\u5e9c\u5927\u8857\u5e97)", "order_time": ["2019-01-20 11:57:22", "2019-01-20 12:03:31"], "total_order": 2, "hotel_value": ["4.4", "4.4"], "hotel_price": ["225", "225"]}, "1946045": {"hotel_name": "\u683c\u6797\u8c6a\u6cf0(\u5357\u4eac\u4e2d\u534e\u95e8\u5730\u94c1\u7ad9\u5e97)", "order_time": ["2019-01-20 11:57:22"], "total_order": 1, "hotel_value": ["4.2"], "hotel_price": ["161"]}, "8627469": {"hotel_name": "\u5bb6\u7f8e\u597d\u592a\u7a7a\u65c5\u9986(\u5357\u4eac\u706b\u8f66\u7ad9\u7384\u6b66\u6e56\u5e97)(\u539f\u6e56\u5149\u5c71\u820d\u592a\u7a7a\u8231\u80f6\u56ca\u65c5\u820d)", "order_time": ["2019-01-20 12:05:33", "2019-01-20 11:59:23"], "total_order": 2, "hotel_value": ["4.5", "4.5"], "hotel_price": ["84", "84"]}, "28232665": {"hotel_name": "\u5357\u4eac\u94c2\u9526\u9152\u5e97\u516c\u5bd3", "order_time": ["2019-01-20 11:59:24"], "total_order": 1, "hotel_value": ["4.9"], "hotel_price": ["277"]}, "4637802": {"hotel_name": "\u683c\u6797\u8c6a\u6cf0(\u5357\u4eac\u6c5f\u5b81\u4e1c\u5357\u5927\u5b66\u5e97)", "order_time": ["2019-01-20 11:59:24"], "total_order": 1, "hotel_value": ["4.4"], "hotel_price": ["187"]}, "1645867": {"hotel_name": "\u6e05\u6c90\u8fde\u9501\u9152\u5e97(\u5357\u4eac\u6339\u6c5f\u95e8\u5e97)", "order_time": ["2019-01-20 11:59:24"], "total_order": 1, "hotel_value": ["4.3"], "hotel_price": ["179"]}, "811702": {"hotel_name": "\u6e05\u6c90\u7cbe\u9009\u9152\u5e97(\u5357\u4eac\u65b0\u8857\u53e3\u6768\u516c\u4e95\u5e97)", "order_time": ["2019-01-20 11:59:26"], "total_order": 1, "hotel_value": ["4.5"], "hotel_price": ["193"]}, "2069884": {"hotel_name": "\u5357\u4eac\u7231\u5c1a\u82b1\u56ed\u9152\u5e97\u516c\u5bd3", "order_time": ["2019-01-20 11:59:27", "2019-01-20 12:23:41"], "total_order": 2, "hotel_value": ["4.6", "4.6"], "hotel_price": ["248", "248"]}, "17883764": {"hotel_name": "\u683c\u6797\u8054\u76df\u9152\u5e97(\u5357\u4eac\u83ab\u6101\u6e56\u5e97)", "order_time": ["2019-01-20 11:59:28", "2019-01-20 12:41:46"], "total_order": 2, "hotel_value": ["4.4", "4.4"], "hotel_price": ["194", "194"]}, "1507948": {"hotel_name": "\u5357\u4eac\u91d1\u6df3\u5bbe\u9986", "order_time": ["2019-01-20 11:59:29"], "total_order": 1, "hotel_value": ["3.4"], "hotel_price": ["88"]}, "5781676": {"hotel_name": "\u9e97\u67ab\u9152\u5e97(\u5357\u4eac\u4e07\u8fbe\u5e7f\u573a\u5929\u5370\u5927\u9053\u5e97)", "order_time": ["2019-01-20 12:01:28"], "total_order": 1, "hotel_value": ["4.6"], "hotel_price": ["262"]}, "4386324": {"hotel_name": "\u6d77\u53cb\u826f\u54c1\u9152\u5e97(\u5357\u4eac\u592b\u5b50\u5e99\u5e97)", "order_time": ["2019-01-20 12:01:31"], "total_order": 1, "hotel_value": ["4.5"], "hotel_price": ["218"]}, "1419738": {"hotel_name": "\u5357\u4eac\u822a\u5929\u5546\u52a1\u9152\u5e97", "order_time": ["2019-01-20 12:01:31"], "total_order": 1, "hotel_value": ["4.6"], "hotel_price": ["269"]}, "1623511": {"hotel_name": "\u683c\u6797\u8c6a\u6cf0\u8d1d\u58f3\u9152\u5e97(\u5357\u4eac\u6e56\u5357\u8def\u72ee\u5b50\u6865\u6b65\u884c\u8857\u5e97)(\u539f\u4e9a\u7279\u5170\u5546\u52a1\u9152\u5e97)", "order_time": ["2019-01-20 12:01:41"], "total_order": 1, "hotel_value": ["4.3"], "hotel_price": ["218"]}, "901996": {"hotel_name": "\u6e05\u6c90\u7cbe\u54c1\u9152\u5e97(\u6c64\u5c71\u6e29\u6cc9\u5e97)(\u539f\u76ca\u6cc9\u5bbe\u9986)", "order_time": ["2019-01-20 12:03:26"], "total_order": 1, "hotel_value": ["4.5"], "hotel_price": ["124"]}, "811662": {"hotel_name": "\u6e05\u6c90\u8fde\u9501\u9152\u5e97(\u5357\u4eac\u4e39\u51e4\u8857\u4e00\u5e97)", "order_time": ["2019-01-20 12:03:26"], "total_order": 1, "hotel_value": ["4.3"], "hotel_price": ["154"]}, "437042": {"hotel_name": "\u5357\u4eac\u6c64\u5c71\u9890\u5c1a\u6e29\u6cc9\u5ea6\u5047\u6751", "order_time": ["2019-01-20 12:03:26", "2019-01-20 12:07:30"], "total_order": 2, "hotel_value": ["4.5", "4.5"], "hotel_price": ["676", "676"]}, "1938415": {"hotel_name": "\u9526\u6c5f\u4e4b\u661f(\u5357\u4eac\u8fc8\u768b\u6865\u5e97)", "order_time": ["2019-01-20 12:03:29", "2019-01-20 12:09:41"], "total_order": 2, "hotel_value": ["4.5", "4.5"], "hotel_price": ["206", "206"]}, "3154175": {"hotel_name": "\u5357\u4eac\u91d1\u9675\u884c\u5bab\u7f51\u7ea2\u9152\u5e97", "order_time": ["2019-01-20 12:03:34"], "total_order": 1, "hotel_value": ["4.7"], "hotel_price": ["232"]}, "5472659": {"hotel_name": "\u6c49\u5ead\u9152\u5e97(\u5357\u4eac\u4e1c\u5c71\u6c7d\u8f66\u5ba2\u8fd0\u603b\u7ad9\u5e97)", "order_time": ["2019-01-20 12:03:37"], "total_order": 1, "hotel_value": ["4.6"], "hotel_price": ["142"]}, "21744273": {"hotel_name": "\u5357\u4eac\u68a6\u6cfd\u5feb\u6377\u5bbe\u9986", "order_time": ["2019-01-20 12:03:49"], "total_order": 1, "hotel_value": ["4.9"], "hotel_price": ["98"]}, "4496845": {"hotel_name": "\u53e4\u5357\u90fd\u4ea6\u95f2\u516c\u9986(\u5357\u4eac\u4e91\u5357\u8def\u5730\u94c1\u7ad9\u5e97)", "order_time": ["2019-01-20 12:05:28"], "total_order": 1, "hotel_value": ["4.8"], "hotel_price": ["279"]}, "902118": {"hotel_name": "\u767e\u65f6\u5feb\u6377\u9152\u5e97(\u5357\u4eac\u7384\u6b66\u6e56\u5c71\u897f\u8def\u5e97)", "order_time": ["2019-01-20 12:05:28"], "total_order": 1, "hotel_value": ["4.1"], "hotel_price": ["199"]}, "9136117": {"hotel_name": "\u5c0a\u745e\u7cbe\u9009\u9152\u5e97(\u5357\u4eac\u4e1c\u5927\u6210\u8d24\u5b66\u9662\u5e97)", "order_time": ["2019-01-20 12:05:29", "2019-01-20 12:13:34"], "total_order": 2, "hotel_value": ["4.6", "4.6"], "hotel_price": ["199", "199"]}, "15342933": {"hotel_name": "\u6d77\u660e\u5a01\u7cbe\u54c1\u9152\u5e97\u516c\u5bd3(\u5357\u4eac\u5929\u9686\u5bfa\u5730\u94c1\u7ad9\u5e97)", "order_time": ["2019-01-20 12:05:30"], "total_order": 1, "hotel_value": ["4.8"], "hotel_price": ["202"]}, "969227": {"hotel_name": "\u6c49\u5ead\u9152\u5e97(\u5357\u4eac\u7384\u6b66\u6e56\u5e97)", "order_time": ["2019-01-20 12:05:30"], "total_order": 1, "hotel_value": ["4.3"], "hotel_price": ["227"]}, "2301847": {"hotel_name": "7\u5929\u8fde\u9501\u9152\u5e97(\u5357\u4eac\u706b\u8f66\u7ad9\u65b0\u6a21\u8303\u9a6c\u8def\u5730\u94c1\u7ad9\u5e97)", "order_time": ["2019-01-20 12:05:30", "2019-01-20 12:21:38"], "total_order": 2, "hotel_value": ["4.1", "4.1"], "hotel_price": ["167", "168"]}, "1451993": {"hotel_name": "\u5982\u5bb6\u5feb\u6377\u9152\u5e97(\u5357\u4eac\u6c49\u4e2d\u95e8\u5927\u8857\u5e97)", "order_time": ["2019-01-20 12:05:30"], "total_order": 1, "hotel_value": ["4.3"], "hotel_price": ["219"]}, "11236109": {"hotel_name": "\u5357\u4eac\u5b81\u9759\u5feb\u6377\u9152\u5e97", "order_time": ["2019-01-20 12:05:32"], "total_order": 1, "hotel_value": ["4.4"], "hotel_price": ["163"]}, "1945382": {"hotel_name": "\u5496\u5c45\u7cbe\u9009\u9152\u5e97(\u5357\u4eac\u82cf\u5b81\u5929\u6da6\u5e7f\u573a\u5e97)(\u539f\u7ef4\u65af\u7279\u7cbe\u54c1\u9152\u5e97)", "order_time": ["2019-01-20 12:05:33"], "total_order": 1, "hotel_value": ["4.4"], "hotel_price": ["120"]}, "5311088": {"hotel_name": "\u5357\u4eac\u99a8\u8309\u8389\u82b1\u56ed\u9152\u5e97", "order_time": ["2019-01-20 12:17:40", "2019-01-20 12:05:33"], "total_order": 2, "hotel_value": ["4.7", "4.7"], "hotel_price": ["246", "246"]}, "2857752": {"hotel_name": "\u683c\u6797\u8c6a\u6cf0(\u5357\u4eac\u5357\u7ad9\u5357\u5e7f\u573a\u5e97)", "order_time": ["2019-01-20 12:13:34", "2019-01-20 12:05:35"], "total_order": 2, "hotel_value": ["4.4", "4.4"], "hotel_price": ["180", "180"]}, "2848787": {"hotel_name": "\u5357\u4eac\u672a\u89c1\u5c71\u7d2b\u91d1\u5c71\u4eba\u6587\u884c\u65c5", "order_time": ["2019-01-20 12:05:35"], "total_order": 1, "hotel_value": ["4.7"], "hotel_price": ["358"]}, "1441505": {"hotel_name": "\u5357\u4eac\u53e4\u5357\u90fd\u7389\u6f9c\u5ead\u9152\u5e97", "order_time": ["2019-01-20 12:05:36"], "total_order": 1, "hotel_value": ["4.6"], "hotel_price": ["286"]}, "1632851": {"hotel_name": "\u6854\u5b50\u6c34\u6676\u9152\u5e97(\u5357\u4eac\u9038\u4ed9\u6865\u603b\u7edf\u5e9c\u6885\u56ed\u65b0\u6751\u5e97)", "order_time": ["2019-01-20 12:05:36"], "total_order": 1, "hotel_value": ["4.8"], "hotel_price": ["392"]}, "19110421": {"hotel_name": "\u5357\u4eac\u4e5f\u7136\u00b7\u9047\u89c1\u9152\u5e97", "order_time": ["2019-01-20 12:07:30"], "total_order": 1, "hotel_value": ["4.5"], "hotel_price": ["233"]}, "6762482": {"hotel_name": "\u7ea2\u67ab\u7cbe\u54c1\u9152\u5e97(\u5357\u4eac\u7ad9\u8fc8\u768b\u6865\u5730\u94c1\u7ad9\u5e97)", "order_time": ["2019-01-20 12:07:34"], "total_order": 1, "hotel_value": ["4.6"], "hotel_price": ["138"]}, "473491": {"hotel_name": "\u9526\u6c5f\u4e4b\u661f(\u5357\u4eac\u706b\u8f66\u7ad9\u4e2d\u592e\u95e8\u5e97)", "order_time": ["2019-01-20 12:25:38", "2019-01-20 12:07:36"], "total_order": 2, "hotel_value": ["4.4", "4.4"], "hotel_price": ["189", "189"]}, "19492319": {"hotel_name": "\u65af\u7ef4\u767b\u7cbe\u54c1\u516c\u5bd3(\u5357\u4eac\u5f18\u9633\u5e7f\u573a)", "order_time": ["2019-01-20 12:07:41"], "total_order": 1, "hotel_value": ["4.3"], "hotel_price": ["208"]}, "5095130": {"hotel_name": "\u901f8\u9152\u5e97(\u5357\u4eac\u83ab\u6101\u6e56\u6c34\u897f\u95e8\u5e97)", "order_time": ["2019-01-20 12:07:41"], "total_order": 1, "hotel_value": ["4.4"], "hotel_price": ["213"]}, "1273969": {"hotel_name": "\u5357\u4eac\u5047\u65e5\u7687\u51a0\u9152\u5e97", "order_time": ["2019-01-20 12:07:44"], "total_order": 1, "hotel_value": ["4.0"], "hotel_price": ["103"]}, "434907": {"hotel_name": "\u5357\u4eac\u66d9\u5149\u56fd\u9645\u5927\u9152\u5e97", "order_time": ["2019-01-20 12:08:05"], "total_order": 1, "hotel_value": ["4.7"], "hotel_price": ["500"]}, "369782": {"hotel_name": "\u5357\u4eac\u6c34\u6e38\u57ce\u5047\u65e5\u9152\u5e97", "order_time": ["2019-01-20 12:08:13"], "total_order": 1, "hotel_value": ["4.6"], "hotel_price": ["586"]}, "8076132": {"hotel_name": "\u5357\u4eac\u827e\u4f73\u9152\u5e97", "order_time": ["2019-01-20 12:09:34"], "total_order": 1, "hotel_value": ["4.7"], "hotel_price": ["368"]}, "17525181": {"hotel_name": "\u5357\u4eac\u5357\u7ad9\u80dc\u592a\u897f\u8def\u4e9a\u6735\u9152\u5e97", "order_time": ["2019-01-20 12:09:38"], "total_order": 1, "hotel_value": ["4.8"], "hotel_price": ["359"]}, "2624089": {"hotel_name": "\u5357\u4eac\u603b\u7edf\u5e9c\u4e9a\u6735\u9152\u5e97", "order_time": ["2019-01-20 12:09:38"], "total_order": 1, "hotel_value": ["4.7"], "hotel_price": ["360"]}, "1452456": {"hotel_name": "\u5982\u5bb6\u5feb\u6377\u9152\u5e97(\u5357\u4eac\u516d\u5408\u91d1\u5b81\u5e7f\u573a\u6b65\u884c\u8857\u5e97)", "order_time": ["2019-01-20 12:09:40"], "total_order": 1, "hotel_value": ["4.6"], "hotel_price": ["121"]}, "10822532": {"hotel_name": "\u5357\u4eac\u871c\u60a6\u58eb\u7cbe\u54c1\u4e3b\u9898\u9152\u5e97", "order_time": ["2019-01-20 12:09:58"], "total_order": 1, "hotel_value": ["4.4"], "hotel_price": ["134"]}, "1527006": {"hotel_name": "\u5357\u4eac\u52c7\u80dc\u5bbe\u9986", "order_time": ["2019-01-20 12:10:13"], "total_order": 1, "hotel_value": ["3.2"], "hotel_price": ["106"]}, "1773750": {"hotel_name": "\u5357\u4eac\u94c2\u7eb3\u5c4b\u56fd\u9645\u516c\u5bd3(\u539f\u535a\u7eb3\u5c4b\u56fd\u9645\u516c\u5bd3)", "order_time": ["2019-01-20 12:11:35"], "total_order": 1, "hotel_value": ["4.5"], "hotel_price": ["256"]}, "25050379": {"hotel_name": "\u5357\u4eac\u5965\u4f53\u4e2d\u5fc3\u4e9a\u6735S\u9152\u5e97", "order_time": ["2019-01-20 12:11:36"], "total_order": 1, "hotel_value": ["4.8"], "hotel_price": ["380"]}, "2305847": {"hotel_name": "7\u5929\u8fde\u9501\u9152\u5e97(\u5357\u4eac\u4e0a\u6d77\u8def\u5730\u94c1\u7ad9\u5e97)", "order_time": ["2019-01-20 12:11:38"], "total_order": 1, "hotel_value": ["4.2"], "hotel_price": ["168"]}, "1470145": {"hotel_name": "\u5357\u4eac\u6728\u6797\u68ee\u5f71\u9662\u9152\u5e97\u516c\u5bd3", "order_time": ["2019-01-20 12:11:42"], "total_order": 1, "hotel_value": ["4.2"], "hotel_price": ["292"]}, "17587464": {"hotel_name": "\u5357\u4eac\u4e91\u4e2d\u5c45\u9152\u5e97", "order_time": ["2019-01-20 12:11:47"], "total_order": 1, "hotel_value": ["4.0"], "hotel_price": ["191"]}, "5371509": {"hotel_name": "\u5357\u4eac\u5343\u79a7\u65c5\u793e", "order_time": ["2019-01-20 12:11:48"], "total_order": 1, "hotel_value": ["4.1"], "hotel_price": ["78"]}, "8290853": {"hotel_name": "\u6c49\u5ead\u9152\u5e97(\u5357\u4eac\u7984\u53e3\u6765\u51e4\u8def\u5e97)", "order_time": ["2019-01-20 12:11:51"], "total_order": 1, "hotel_value": ["4.5"], "hotel_price": ["218"]}, "473477": {"hotel_name": "\u5e03\u4e01\u9152\u5e97(\u5357\u4eac\u706b\u8f66\u7ad9\u5317\u5e7f\u573a\u5e97)", "order_time": ["2019-01-20 12:11:53"], "total_order": 1, "hotel_value": ["3.7"], "hotel_price": ["135"]}, "1932876": {"hotel_name": "\u84dd\u9cb8666\u9752\u5e74\u65c5\u820d(\u5357\u4eac\u7ad9\u5e97)", "order_time": ["2019-01-20 12:11:55"], "total_order": 1, "hotel_value": ["4.5"], "hotel_price": ["40"]}, "1433140": {"hotel_name": "\u5357\u4eac\u82f9\u679c\u9152\u5e97(\u539f\u9752\u82f9\u679c\u9152\u5e97)", "order_time": ["2019-01-20 12:13:34"], "total_order": 1, "hotel_value": ["3.8"], "hotel_price": ["116"]}, "9596458": {"hotel_name": "\u5357\u4eac\u7231\u6735\u7cbe\u54c1(\u6c5f\u5b81\u5927\u5b66\u57ce\u5e97)", "order_time": ["2019-01-20 12:13:39"], "total_order": 1, "hotel_value": ["4.6"], "hotel_price": ["163"]}, "1414252": {"hotel_name": "\u5357\u4eac\u6021\u7136\u4e4b\u5bb6\u5bbe\u9986", "order_time": ["2019-01-20 12:13:46"], "total_order": 1, "hotel_value": ["3.8"], "hotel_price": ["82"]}, "2575107": {"hotel_name": "Q\u52a0\u00b7\u683c\u9675\u5170\u5c9b\u5546\u52a1\u5bbe\u9986(\u5357\u4eac\u5357\u7ad9\u767e\u5bb6\u6e56\u80dc\u592a\u8def\u5730\u94c1\u7ad9\u5e97)", "order_time": ["2019-01-20 12:13:51"], "total_order": 1, "hotel_value": ["4.6"], "hotel_price": ["129"]}, "1503633": {"hotel_name": "\u5357\u4eac\u6e05\u7af9\u4e4b\u661f\u5feb\u6377\u9152\u5e97", "order_time": ["2019-01-20 12:14:20"], "total_order": 1, "hotel_value": ["4.4"], "hotel_price": ["108"]}, "3627292": {"hotel_name": "\u6c49\u5ead\u9152\u5e97(\u5357\u4eac\u4e94\u5858\u5e7f\u573a\u5e97)", "order_time": ["2019-01-20 12:15:33"], "total_order": 1, "hotel_value": ["4.7"], "hotel_price": ["208"]}, "4310743": {"hotel_name": "\u6e05\u6c90\u7cbe\u9009\u9152\u5e97(\u5357\u4eac\u5965\u4f53\u4f1a\u5c55\u4e2d\u5fc3\u5e97)", "order_time": ["2019-01-20 12:15:37"], "total_order": 1, "hotel_value": ["4.4"], "hotel_price": ["204"]}, "22268232": {"hotel_name": "\u68a7\u6850\u5bd3\u00b7\u5f71\u9662\u9152\u5e97(\u5357\u4eac\u5357\u7ad9\u5357\u5e7f\u573a\u5e97)", "order_time": ["2019-01-20 12:15:40", "2019-01-20 12:21:37"], "total_order": 2, "hotel_value": ["4.7", "4.7"], "hotel_price": ["271", "271"]}, "6929379": {"hotel_name": "\u5357\u4eac\u5c0f\u5e84\u82b1\u56ed\u9752\u5e74\u65c5\u820d\u65b0\u8857\u53e3\u5730\u94c1\u7ad9\u5e97", "order_time": ["2019-01-20 12:15:41"], "total_order": 1, "hotel_value": ["4.7"], "hotel_price": ["70"]}, "1451538": {"hotel_name": "\u5982\u5bb6\u5feb\u6377\u9152\u5e97(\u5357\u4eac\u65b0\u8857\u53e3\u5927\u884c\u5bab\u5730\u94c1\u7ad9\u6587\u660c\u5df7\u5e97)", "order_time": ["2019-01-20 12:15:41"], "total_order": 1, "hotel_value": ["4.4"], "hotel_price": ["210"]}, "3102109": {"hotel_name": "\u5357\u4eac\u79bb\u7ebf\u5c0f\u9662", "order_time": ["2019-01-20 12:15:43"], "total_order": 1, "hotel_value": ["4.8"], "hotel_price": ["680"]}, "1372261": {"hotel_name": "ID99\u8fde\u9501\u9152\u5e97(\u5357\u4eac\u73e0\u6c5f\u8def\u5c0f\u8425\u7ad9\u5e97)", "order_time": ["2019-01-20 12:17:47"], "total_order": 1, "hotel_value": ["3.5"], "hotel_price": ["100"]}, "1633031": {"hotel_name": "\u5357\u4eac\u897f\u5eb7\u9152\u5e97(\u539f\u548c\u5ead\u9152\u5e97)", "order_time": ["2019-01-20 12:17:51"], "total_order": 1, "hotel_value": ["3.5"], "hotel_price": ["276"]}, "28487321": {"hotel_name": "\u5c1a\u5ba2\u4f18\u7cbe\u9009\u9152\u5e97(\u5357\u4eac\u6587\u5fb7\u8def\u5730\u94c1\u7ad9\u5e97)", "order_time": ["2019-01-20 12:17:51"], "total_order": 1, "hotel_value": [0], "hotel_price": ["161"]}, "1944262": {"hotel_name": "\u51ef\u91cc\u4e9a\u5fb7\u9152\u5e97(\u5357\u4eac\u8679\u6865\u4e2d\u5fc3\u5e97)", "order_time": ["2019-01-20 12:17:52"], "total_order": 1, "hotel_value": ["4.9"], "hotel_price": ["331"]}, "8574617": {"hotel_name": "\u9752\u821e\u98de\u626c\u592a\u7a7a\u8231\u5ba2\u6808(\u5357\u4eac\u5357\u7ad9\u5e97)", "order_time": ["2019-01-20 12:17:55"], "total_order": 1, "hotel_value": ["4.6"], "hotel_price": ["49"]}, "6042422": {"hotel_name": "\u5c1a\u5ba2\u4f18\u8fde\u9501\u9152\u5e97\u5357\u4eac\u9ad8\u6df3\u56fa\u57ce\u9547\u5e97", "order_time": ["2019-01-20 12:17:59"], "total_order": 1, "hotel_value": ["4.5"], "hotel_price": ["114"]}, "9586571": {"hotel_name": "\u53ef\u4e3a\u5bb6\u7cbe\u54c1\u9152\u5e97\u5f0f\u516c\u5bd3(\u5357\u4eac\u5357\u7ad9\u5e97)", "order_time": ["2019-01-20 12:19:34"], "total_order": 1, "hotel_value": ["4.7"], "hotel_price": ["252"]}, "1457092": {"hotel_name": "\u5982\u5bb6\u5feb\u6377\u9152\u5e97(\u5357\u4eac\u65b0\u8857\u53e3\u5e97)", "order_time": ["2019-01-20 12:19:35"], "total_order": 1, "hotel_value": ["4.6"], "hotel_price": ["289"]}, "1945283": {"hotel_name": "\u5357\u4eac\u6da6\u8473\u9152\u5e97", "order_time": ["2019-01-20 12:19:35"], "total_order": 1, "hotel_value": ["4.7"], "hotel_price": ["306"]}, "1457011": {"hotel_name": "\u5982\u5bb6\u5feb\u6377\u9152\u5e97(\u5357\u4eac\u6c49\u4e2d\u95e8\u5730\u94c1\u7ad9\u5e02\u6c11\u5e7f\u573a\u864e\u8e1e\u5357\u8def\u5e97)", "order_time": ["2019-01-20 12:19:46"], "total_order": 1, "hotel_value": ["4.6"], "hotel_price": ["227"]}, "1360104": {"hotel_name": "\u51ef\u514b\u9152\u5e97\u516c\u5bd3(\u5357\u4eac\u4e07\u8fbe\u5e7f\u573a\u5e97)", "order_time": ["2019-01-20 12:19:47"], "total_order": 1, "hotel_value": ["4.3"], "hotel_price": ["213"]}, "1675382": {"hotel_name": "\u5357\u4eac\u7d2b\u4eac\u996d\u5e97", "order_time": ["2019-01-20 12:19:57"], "total_order": 1, "hotel_value": ["4.3"], "hotel_price": ["574"]}, "19891867": {"hotel_name": "\u6f2b\u5fc3\u5357\u4eac\u65b0\u8857\u53e3\u9152\u5e97", "order_time": ["2019-01-20 12:21:38"], "total_order": 1, "hotel_value": ["4.8"], "hotel_price": ["341"]}, "1816830": {"hotel_name": "\u6854\u5b50\u9152\u5e97\u00b7\u7cbe\u9009(\u5357\u4eac\u65b0\u8857\u53e3\u5e97)", "order_time": ["2019-01-20 12:21:40"], "total_order": 1, "hotel_value": ["4.9"], "hotel_price": ["303"]}, "2300954": {"hotel_name": "7\u5929\u8fde\u9501\u9152\u5e97(\u5357\u4eac\u5e38\u5e9c\u8857\u5730\u94c1\u7ad9\u5e97)", "order_time": ["2019-01-20 12:21:42"], "total_order": 1, "hotel_value": ["4.2"], "hotel_price": ["157"]}, "856450": {"hotel_name": "\u5982\u5bb6\u5feb\u6377\u9152\u5e97(\u5357\u4eac\u65b0\u8857\u53e3\u5e38\u5e9c\u8857\u5730\u94c1\u7ad9\u5929\u7a7a\u4e4b\u90fd\u5e97)", "order_time": ["2019-01-20 12:21:44"], "total_order": 1, "hotel_value": ["4.4"], "hotel_price": ["227"]}, "8900862": {"hotel_name": "\u5982\u5bb6\u9a7f\u5c45\u9152\u5e97(\u5357\u4eac\u4e94\u5858\u5e7f\u573a\u5730\u94c1\u7ad9\u5e97)", "order_time": ["2019-01-20 12:21:45"], "total_order": 1, "hotel_value": ["4.6"], "hotel_price": ["210"]}, "1535637": {"hotel_name": "\u6c49\u5ead\u9152\u5e97(\u5357\u4eac\u6c5f\u6d66\u9f99\u534e\u8def\u5730\u94c1\u7ad9\u5e97)", "order_time": ["2019-01-20 12:21:45"], "total_order": 1, "hotel_value": ["4.4"], "hotel_price": ["218"]}, "2300860": {"hotel_name": "7\u5929\u8fde\u9501\u9152\u5e97(\u5357\u4eac\u592b\u5b50\u5e99\u5e38\u5e9c\u8857\u5730\u94c1\u7ad9\u5e97)", "order_time": ["2019-01-20 12:21:50"], "total_order": 1, "hotel_value": ["4.5"], "hotel_price": ["178"]}, "1944075": {"hotel_name": "\u5e03\u4e01\u9152\u5e97(\u5357\u4eac\u9ad8\u65b0\u533a\u4e1c\u5927\u6210\u8d24\u5b66\u9662\u5730\u94c1\u7ad9\u5e97)", "order_time": ["2019-01-20 12:21:51"], "total_order": 1, "hotel_value": ["4.0"], "hotel_price": ["114"]}, "23972505": {"hotel_name": "\u5357\u4eacValentine \u9038\u5c45(\u539f\u5357\u4eac\u9047\u89c1\u4e00\u5ea7\u57ce)", "order_time": ["2019-01-20 12:21:55"], "total_order": 1, "hotel_value": ["4.9"], "hotel_price": ["212"]}, "26089169": {"hotel_name": "\u82b1\u5b63\u9152\u5e97(\u5357\u4eac\u592b\u5b50\u5e99\u5730\u94c1\u7ad9\u5e97)", "order_time": ["2019-01-20 12:22:24"], "total_order": 1, "hotel_value": ["4.8"], "hotel_price": ["238"]}, "434620": {"hotel_name": "\u5357\u4eac\u56fd\u9645\u4f1a\u8bae\u5927\u9152\u5e97", "order_time": ["2019-01-20 12:23:34"], "total_order": 1, "hotel_value": ["4.4"], "hotel_price": ["461"]}, "2358598": {"hotel_name": "\u767d\u7389\u5170\u9152\u5e97(\u5357\u4eac\u80dc\u592a\u897f\u8def\u5e97)", "order_time": ["2019-01-20 12:23:34"], "total_order": 1, "hotel_value": ["4.8"], "hotel_price": ["319"]}, "8599371": {"hotel_name": "\u5357\u4eac\u5bbd\u6e21\u9152\u5e97", "order_time": ["2019-01-20 12:23:36"], "total_order": 1, "hotel_value": ["4.7"], "hotel_price": ["288"]}, "939318": {"hotel_name": "\u73cd\u5b9d\u5047\u65e5\u996d\u5e97(\u5357\u4eac\u5965\u4f53\u4e2d\u5fc3\u5e97)", "order_time": ["2019-01-20 12:23:37"], "total_order": 1, "hotel_value": ["4.5"], "hotel_price": ["382"]}, "445970": {"hotel_name": "\u5357\u4eac\u6676\u4e3d\u9152\u5e97", "order_time": ["2019-01-20 12:23:37"], "total_order": 1, "hotel_value": ["4.7"], "hotel_price": ["290"]}, "21826827": {"hotel_name": "\u5b9c\u5fc5\u601d\u5c1a\u54c1\u9152\u5e97(\u5357\u4eac\u5357\u7ad9\u5317\u5e7f\u573a\u5e97)", "order_time": ["2019-01-20 12:23:37"], "total_order": 1, "hotel_value": ["4.6"], "hotel_price": ["351"]}, "1457132": {"hotel_name": "\u5982\u5bb6\u5feb\u6377\u9152\u5e97(\u5357\u4eac\u6c34\u897f\u95e8\u5927\u8857\u83ab\u6101\u6e56\u5730\u94c1\u7ad9\u5e97)", "order_time": ["2019-01-20 12:23:39"], "total_order": 1, "hotel_value": ["4.4"], "hotel_price": ["208"]}, "367765": {"hotel_name": "\u5357\u4eac\u51ef\u94c2\u7cbe\u54c1\u9152\u5e97", "order_time": ["2019-01-20 12:23:39"], "total_order": 1, "hotel_value": ["4.5"], "hotel_price": ["416"]}, "1960551": {"hotel_name": "\u5357\u4eac\u7984\u53e3\u673a\u573a\u94c2\u5c14\u66fc\u5927\u9152\u5e97", "order_time": ["2019-01-20 12:23:39"], "total_order": 1, "hotel_value": ["4.7"], "hotel_price": ["698"]}, "470082": {"hotel_name": "\u6c5f\u82cf\u7fe0\u5c4f\u5c71\u5bbe\u9986", "order_time": ["2019-01-20 12:23:39"], "total_order": 1, "hotel_value": ["4.7"], "hotel_price": ["350"]}, "3730005": {"hotel_name": "\u548c\u9890\u9152\u5e97(\u5357\u4eac\u4e2d\u5c71\u4e1c\u8def\u660e\u6545\u5bab\u5730\u94c1\u7ad9\u5e97)", "order_time": ["2019-01-20 12:23:39"], "total_order": 1, "hotel_value": ["4.6"], "hotel_price": ["279"]}, "811660": {"hotel_name": "\u6e05\u6c90\u8fde\u9501\u9152\u5e97(\u5357\u4eac\u5927\u6865\u5357\u8def\u5bb6\u4e50\u798f\u5e97)", "order_time": ["2019-01-20 12:23:39"], "total_order": 1, "hotel_value": ["4.3"], "hotel_price": ["219"]}, "11022711": {"hotel_name": "\u9526\u6c5f\u4e4b\u661f\u54c1\u5c1a(\u5357\u4eac\u845b\u5858\u5730\u94c1\u7ad9\u7f8e\u5229\u5e7f\u573a\u5e97)", "order_time": ["2019-01-20 12:23:39"], "total_order": 1, "hotel_value": ["4.6"], "hotel_price": ["209"]}, "969238": {"hotel_name": "\u6c49\u5ead\u9152\u5e97(\u5357\u4eac\u4e2d\u592e\u95e8\u5e97)", "order_time": ["2019-01-20 12:23:41"], "total_order": 1, "hotel_value": ["4.5"], "hotel_price": ["265"]}, "14255250": {"hotel_name": "\u5c1a\u5ba2\u4f18\u9a8f\u6021\u8fde\u9501\u9152\u5e97\u7fd4\u5b87\u8def\u5357\u5730\u94c1\u7ad9\u5e97", "order_time": ["2019-01-20 12:23:41"], "total_order": 1, "hotel_value": ["4.3"], "hotel_price": ["104"]}, "2067262": {"hotel_name": "\u5357\u4eac\u96c5\u5e06\u5bbe\u9986", "order_time": ["2019-01-20 12:23:45"], "total_order": 1, "hotel_value": ["4.1"], "hotel_price": ["182"]}, "1816834": {"hotel_name": "\u6854\u5b50\u9152\u5e97\u00b7\u7cbe\u9009(\u5357\u4eac\u592b\u5b50\u5e99\u5e97)", "order_time": ["2019-01-20 12:23:45"], "total_order": 1, "hotel_value": ["4.8"], "hotel_price": ["303"]}, "5372071": {"hotel_name": "\u73cd\u5b9d\u5047\u65e5\u996d\u5e97(\u5357\u4eac\u6c5f\u5b81\u5e97)", "order_time": ["2019-01-20 12:27:38", "2019-01-20 12:23:45"], "total_order": 2, "hotel_value": ["4.8", "4.8"], "hotel_price": ["489", "489"]}, "433082": {"hotel_name": "\u5357\u4eac\u9ec4\u57d4\u5927\u9152\u5e97", "order_time": ["2019-01-20 12:23:45"], "total_order": 1, "hotel_value": ["4.7"], "hotel_price": ["358"]}, "795287": {"hotel_name": "\u7ef4\u5c14\u7279\u7cbe\u54c1\u9152\u5e97(\u5357\u4eac\u6cf0\u5c71\u65b0\u6751\u5730\u94c1\u7ad9\u5e97)", "order_time": ["2019-01-20 12:23:45"], "total_order": 1, "hotel_value": ["4.3"], "hotel_price": ["88"]}, "458364": {"hotel_name": "\u5357\u4eac\u53e4\u5357\u90fd\u5927\u6865\u996d\u5e97", "order_time": ["2019-01-20 12:23:45"], "total_order": 1, "hotel_value": ["4.8"], "hotel_price": ["298"]}, "1449163": {"hotel_name": "\u5982\u5bb6\u5feb\u6377\u9152\u5e97(\u5357\u4eac\u5927\u5382\u6b65\u884c\u8857\u5e97)", "order_time": ["2019-01-20 12:23:49"], "total_order": 1, "hotel_value": ["4.3"], "hotel_price": ["122"]}, "435796": {"hotel_name": "\u5357\u4eac\u56fd\u4fe1\u72b6\u5143\u697c\u5927\u9152\u5e97", "order_time": ["2019-01-20 12:23:51"], "total_order": 1, "hotel_value": ["4.7"], "hotel_price": ["558"]}, "1179858": {"hotel_name": "\u5168\u5b63\u9152\u5e97(\u5357\u4eac\u8679\u6865\u4e2d\u5c71\u5317\u8def\u5e97)", "order_time": ["2019-01-20 12:24:32"], "total_order": 1, "hotel_value": ["4.8"], "hotel_price": ["360"]}, "1906560": {"hotel_name": "\u5c1a\u5ba2\u4f18\u7cbe\u9009\u9152\u5e97(\u5357\u4eac\u65b0\u8857\u53e3\u592b\u5b50\u5e99\u5e97)", "order_time": ["2019-01-20 12:25:37"], "total_order": 1, "hotel_value": ["4.4"], "hotel_price": ["244"]}, "953946": {"hotel_name": "\u5357\u4eac\u96e8\u82b1\u6676\u4e3d\u9152\u5e97", "order_time": ["2019-01-20 12:25:37"], "total_order": 1, "hotel_value": ["4.5"], "hotel_price": ["199"]}, "2300953": {"hotel_name": "\u91d1\u6854\u8fde\u9501\u9152\u5e97(\u5357\u4eac\u519b\u533a\u603b\u9662\u89e3\u653e\u8def\u5e97)", "order_time": ["2019-01-20 12:25:38"], "total_order": 1, "hotel_value": ["4.4"], "hotel_price": ["189"]}, "813373": {"hotel_name": "\u5357\u4eac\u6db5\u6708\u697c\u9996\u4e3d\u65af\u9152\u5e97", "order_time": ["2019-01-20 12:25:39"], "total_order": 1, "hotel_value": ["4.8"], "hotel_price": ["579"]}, "2041820": {"hotel_name": "7\u5929\u8fde\u9501\u9152\u5e97(\u5357\u4eac\u6797\u4e1a\u5927\u5b66\u82b1\u56ed\u8def\u5e97)", "order_time": ["2019-01-20 12:25:42"], "total_order": 1, "hotel_value": ["3.9"], "hotel_price": ["168"]}, "1633484": {"hotel_name": "\u5357\u4eac\u60a6\u6e56\u5927\u9152\u5e97", "order_time": ["2019-01-20 12:25:44"], "total_order": 1, "hotel_value": ["4.4"], "hotel_price": ["158"]}, "19833727": {"hotel_name": "\u5357\u4eac\u4e07\u5ba2\u6765\u5546\u52a1\u9152\u5e97", "order_time": ["2019-01-20 12:25:47"], "total_order": 1, "hotel_value": ["4.7"], "hotel_price": ["117"]}, "773154": {"hotel_name": "\u6c5f\u82cf\u51e4\u51f0\u4eac\u534e\u5927\u9152\u5e97", "order_time": ["2019-01-20 12:25:54"], "total_order": 1, "hotel_value": ["4.5"], "hotel_price": ["290"]}, "12548898": {"hotel_name": "\u7f8e\u8c6a\u4e3d\u81f4\u9152\u5e97(\u5357\u4eac\u4ed9\u6797\u65d7\u8230\u5e97)", "order_time": ["2019-01-20 12:27:38"], "total_order": 1, "hotel_value": ["4.8"], "hotel_price": ["408"]}, "1828824": {"hotel_name": "\u65b0\u5730\u9152\u5e97(\u5357\u4eac\u65b0\u5730\u4ed9\u6797\u4e2d\u5fc3\u5e97)", "order_time": ["2019-01-20 12:27:38"], "total_order": 1, "hotel_value": ["4.8"], "hotel_price": ["440"]}, "14214408": {"hotel_name": "\u5357\u4eac\u4e45\u552f\u81ea\u52a9\u9152\u5e97\u516c\u5bd3", "order_time": ["2019-01-20 12:27:51"], "total_order": 1, "hotel_value": ["4.7"], "hotel_price": ["219"]}, "2264297": {"hotel_name": "\u5e03\u4e01\u9152\u5e97(\u5357\u4eac\u592b\u5b50\u5e99\u96c6\u5e86\u95e8\u5e97)", "order_time": ["2019-01-20 12:27:52"], "total_order": 1, "hotel_value": ["4.0"], "hotel_price": ["141"]}, "1414858": {"hotel_name": "\u5e03\u4e01\u9152\u5e97(\u5357\u4eac\u7701\u4e2d\u533b\u9662\u4e0a\u6d77\u8def\u5730\u94c1\u7ad9\u5e97)", "order_time": ["2019-01-20 12:27:52"], "total_order": 1, "hotel_value": ["4.3"], "hotel_price": ["142"]}, "5236895": {"hotel_name": "99\u65c5\u9986\u8fde\u9501(\u5357\u4eac\u80dc\u592a\u8def\u5730\u94c1\u7ad9\u5e97)", "order_time": ["2019-01-20 12:27:52"], "total_order": 1, "hotel_value": ["4.2"], "hotel_price": ["94"]}, "1594936": {"hotel_name": "\u4e07\u91cc\u8def\u9752\u5e74\u9152\u5e97\u8fde\u9501(\u5357\u4eac\u592b\u5b50\u5e99\u8d21\u9662\u897f\u8857\u5e97)", "order_time": ["2019-01-20 12:27:53"], "total_order": 1, "hotel_value": ["3.5"], "hotel_price": ["78"]}, "5073966": {"hotel_name": "\u5e03\u4e01\u9152\u5e97(\u5357\u4eac\u592b\u5b50\u5e99\u5730\u94c1\u7ad9\u5e97)", "order_time": ["2019-01-20 12:27:54"], "total_order": 1, "hotel_value": ["4.4"], "hotel_price": ["164"]}, "1848056": {"hotel_name": "\u5357\u4eac\u9675\u5149\u5047\u65e5\u9152\u5e97", "order_time": ["2019-01-20 12:27:56"], "total_order": 1, "hotel_value": ["3.7"], "hotel_price": ["128"]}, "8682682": {"hotel_name": "\u5357\u4eac\u83b1\u8499\u7cbe\u54c1\u9752\u5e74\u516c\u5bd3", "order_time": ["2019-01-20 12:27:58"], "total_order": 1, "hotel_value": ["4.6"], "hotel_price": ["96"]}, "1943605": {"hotel_name": "\u5e03\u4e01\u9152\u5e97(\u5357\u4eac\u5927\u5382\u4fe1\u606f\u5de5\u7a0b\u5927\u5b66\u5730\u94c1\u4e8c\u7ad9\u5e97)", "order_time": ["2019-01-20 12:28:02"], "total_order": 1, "hotel_value": ["4.0"], "hotel_price": ["84"]}, "1861415": {"hotel_name": "\u5357\u4eac\u5b89\u80dc\u9601\u5bbe\u9986", "order_time": ["2019-01-20 12:28:05"], "total_order": 1, "hotel_value": ["3.8"], "hotel_price": ["128"]}, "2487487": {"hotel_name": "\u6c49\u5ead\u9152\u5e97(\u5357\u4eac\u592b\u5b50\u5e99\u5f20\u5e9c\u56ed\u5730\u94c1\u7ad9\u5e97)", "order_time": ["2019-01-20 12:29:32"], "total_order": 1, "hotel_value": ["4.4"], "hotel_price": ["246"]}, "5816757": {"hotel_name": "\u6c49\u5ead\u9152\u5e97(\u5357\u4eac\u5965\u4f53\u4e2d\u5fc3\u4e8c\u5e97)", "order_time": ["2019-01-20 12:29:33"], "total_order": 1, "hotel_value": ["4.5"], "hotel_price": ["207"]}, "3656411": {"hotel_name": "\u90fd\u5e02118(\u5357\u4eac\u80dc\u592a\u8def\u5730\u94c1\u7ad9\u5e97)", "order_time": ["2019-01-20 12:29:39", "2019-01-20 12:33:40"], "total_order": 2, "hotel_value": ["4.1", "4.1"], "hotel_price": ["113", "113"]}, "4690778": {"hotel_name": "\u5357\u4eac\u68a7\u6850\u6811\u65f6\u5c1a\u516c\u5bd3", "order_time": ["2019-01-20 12:29:52"], "total_order": 1, "hotel_value": ["4.2"], "hotel_price": ["121"]}, "1317804": {"hotel_name": "\u5357\u4eac\u4ed9\u8e2a\u62db\u5f85\u6240", "order_time": ["2019-01-20 12:29:56"], "total_order": 1, "hotel_value": ["4.5"], "hotel_price": ["83"]}, "1457158": {"hotel_name": "\u5982\u5bb6\u5feb\u6377\u9152\u5e97(\u5357\u4eac\u8679\u6865\u4e2d\u5fc3\u4e09\u724c\u697c\u5927\u8857\u5e97)", "order_time": ["2019-01-20 12:29:57"], "total_order": 1, "hotel_value": ["4.5"], "hotel_price": ["281"]}, "1452010": {"hotel_name": "\u5982\u5bb6\u5feb\u6377\u9152\u5e97(\u5357\u4eac\u6e56\u5357\u8def\u72ee\u5b50\u6865\u7f8e\u98df\u8857\u5e97)", "order_time": ["2019-01-20 12:29:57"], "total_order": 1, "hotel_value": ["4.3"], "hotel_price": ["226"]}, "4334512": {"hotel_name": "\u7c73\u5170\u5546\u52a1\u9152\u5e97(\u5357\u4eac\u9ad8\u6df3\u8f66\u7ad9\u5e97)", "order_time": ["2019-01-20 12:29:58"], "total_order": 1, "hotel_value": [0], "hotel_price": ["88"]}, "1343017": {"hotel_name": "\u5357\u4eac\u4e3d\u9526\u82b1\u56ed\u9152\u5e97", "order_time": ["2019-01-20 12:31:38"], "total_order": 1, "hotel_value": ["4.5"], "hotel_price": ["260"]}, "16789957": {"hotel_name": "\u5357\u4eac\u6c64\u5c71\u4e00\u54c1\u6e29\u6cc9\u9152\u5e97", "order_time": ["2019-01-20 12:39:38", "2019-01-20 12:31:39"], "total_order": 2, "hotel_value": ["4.4", "4.4"], "hotel_price": ["413", "413"]}, "9365145": {"hotel_name": "Q\u52a0\u00b7\u9a7f\u6808\u5230\u90b8\u9152\u5e97\u516c\u5bd3(\u5357\u4eac\u592b\u5b50\u5e99\u4e2d\u534e\u95e8\u5e97)", "order_time": ["2019-01-20 12:33:31"], "total_order": 1, "hotel_value": ["4.7"], "hotel_price": ["193"]}, "26627050": {"hotel_name": "\u66d9\u5149\u8587\u9152\u5e97(\u5357\u4eac\u6ea7\u6c34\u5e97)", "order_time": ["2019-01-20 12:33:36"], "total_order": 1, "hotel_value": [0], "hotel_price": ["199"]}, "3136859": {"hotel_name": "\u67ab\u6797\u665a\u9152\u5e97\u516c\u5bd3\uff08\u5357\u4eac\u6cb3\u897f\u4e07\u8fbe\u5e97\uff09", "order_time": ["2019-01-20 12:33:41"], "total_order": 1, "hotel_value": ["4.4"], "hotel_price": ["228"]}, "5639549": {"hotel_name": "\u5357\u4eac\u798f\u5b89\u65c5\u9986", "order_time": ["2019-01-20 12:33:58"], "total_order": 1, "hotel_value": [0], "hotel_price": ["96"]}, "23632322": {"hotel_name": "Q\u52a0\u00b7\u5357\u4eac\u9038\u4e91\u6db5\u7cbe\u54c1\u9152\u5e97", "order_time": ["2019-01-20 12:35:35"], "total_order": 1, "hotel_value": ["4.9"], "hotel_price": ["130"]}, "4814294": {"hotel_name": "\u5982\u5bb6\u5feb\u6377\u9152\u5e97(\u5357\u4eac\u65b0\u8857\u53e3\u4e2d\u5c71\u4e1c\u8def\u897f\u5b89\u95e8\u5730\u94c1\u7ad9\u5e97)", "order_time": ["2019-01-20 12:35:42", "2019-01-20 12:39:46"], "total_order": 2, "hotel_value": ["4.5", "4.5"], "hotel_price": ["219", "210"]}, "23984808": {"hotel_name": "\u5357\u4eac\u5609\u5c1a\u7cbe\u9009\u9152\u5e97", "order_time": ["2019-01-20 12:35:43"], "total_order": 1, "hotel_value": ["4.9"], "hotel_price": ["134"]}, "11246829": {"hotel_name": "\u683c\u6797\u8c6a\u6cf0\u9152\u5e97\u5357\u4eac\u4e1c\u9e92\u8def\u6c7d\u8f664s\u56ed\u5e97", "order_time": ["2019-01-20 12:35:44"], "total_order": 1, "hotel_value": ["4.6"], "hotel_price": ["179"]}, "1465490": {"hotel_name": "\u5357\u4eac\u94f6\u767e\u5feb\u6377\u9152\u5e97", "order_time": ["2019-01-20 12:37:37"], "total_order": 1, "hotel_value": ["3.4"], "hotel_price": ["63"]}, "470827": {"hotel_name": "\u9526\u6c5f\u5357\u4eac\u996d\u5e97", "order_time": ["2019-01-20 12:37:41"], "total_order": 1, "hotel_value": ["4.8"], "hotel_price": ["367"]}, "1085668": {"hotel_name": "\u5e03\u4e01\u9152\u5e97(\u5357\u4eac\u5927\u6865\u5357\u8def\u5bb6\u4e50\u798f\u5e97)", "order_time": ["2019-01-20 12:37:43"], "total_order": 1, "hotel_value": ["3.9"], "hotel_price": ["123"]}, "1678723": {"hotel_name": "\u5357\u4eacYMCA\u9152\u5e97", "order_time": ["2019-01-20 12:37:43"], "total_order": 1, "hotel_value": ["4.5"], "hotel_price": ["278"]}, "4045999": {"hotel_name": "\u99a8\u8bda\u8f69\u9152\u5e97(\u5357\u4eac\u5965\u4f53\u535a\u89c8\u4e2d\u5fc3\u5e97)", "order_time": ["2019-01-20 12:37:46"], "total_order": 1, "hotel_value": ["4.2"], "hotel_price": ["183"]}, "8511180": {"hotel_name": "\u6e05\u6c90\u7cbe\u54c1\u9152\u5e97(\u5357\u4eac\u677f\u6865\u6885\u5c71\u5e97)", "order_time": ["2019-01-20 12:37:46"], "total_order": 1, "hotel_value": ["4.5"], "hotel_price": ["134"]}, "534064": {"hotel_name": "\u683c\u6797\u8c6a\u6cf0(\u5357\u4eac\u5c71\u897f\u8def\u5e97)", "order_time": ["2019-01-20 12:37:47"], "total_order": 1, "hotel_value": ["3.4"], "hotel_price": ["229"]}, "1386126": {"hotel_name": "\u5357\u4eac\u6b63\u6052\u516c\u5bd3\u9152\u5e97", "order_time": ["2019-01-20 12:37:49"], "total_order": 1, "hotel_value": ["4.1"], "hotel_price": ["161"]}, "8574619": {"hotel_name": "\u4e07\u4f4f\u9152\u5e97\u516c\u5bd3(\u5357\u4eac\u5357\u7ad9\u5e97)", "order_time": ["2019-01-20 12:37:59"], "total_order": 1, "hotel_value": ["4.8"], "hotel_price": ["274"]}, "8400065": {"hotel_name": "\u5357\u4eac\u5fc6\u6d41\u5149\u65f6\u5c1a\u9752\u5e74\u65c5\u820d", "order_time": ["2019-01-20 12:38:01"], "total_order": 1, "hotel_value": ["4.3"], "hotel_price": ["55"]}, "2299293": {"hotel_name": "\u683c\u6797\u8c6a\u6cf0(\u5357\u4eac\u5965\u4f53\u4e2d\u5fc3\u5e97)", "order_time": ["2019-01-20 12:39:37"], "total_order": 1, "hotel_value": ["3.9"], "hotel_price": ["209"]}, "22825276": {"hotel_name": "\u5357\u4eac\u8bc1\u5927\u5168\u60a6\u516c\u5bd3", "order_time": ["2019-01-20 12:39:38"], "total_order": 1, "hotel_value": ["4.7"], "hotel_price": ["267"]}, "793210": {"hotel_name": "\u4e49\u90fd\u8fde\u9501\u9152\u5e97(\u5357\u4eac\u5927\u6865\u5357\u8def\u5e97)", "order_time": ["2019-01-20 12:39:49"], "total_order": 1, "hotel_value": ["4.2"], "hotel_price": ["113"]}, "427757": {"hotel_name": "\u83ab\u6cf0168(\u5357\u4eac\u592b\u5b50\u5e99\u5927\u5149\u8def\u5e97)", "order_time": ["2019-01-20 12:39:54"], "total_order": 1, "hotel_value": ["4.4"], "hotel_price": ["166"]}, "17491470": {"hotel_name": "\u6c49\u5ead\u4f18\u4f73\u9152\u5e97(\u5357\u4eac\u4ed9\u6797\u5927\u5b66\u57ce\u5e97)", "order_time": ["2019-01-20 12:40:03"], "total_order": 1, "hotel_value": ["4.5"], "hotel_price": ["186"]}, "1376572": {"hotel_name": "\u5357\u4eac\u5929\u5370\u5bbe\u9986", "order_time": ["2019-01-20 12:40:07"], "total_order": 1, "hotel_value": ["4.4"], "hotel_price": ["68"]}, "8651067": {"hotel_name": "\u5357\u4eacTT TOUCH\u9152\u5e97", "order_time": ["2019-01-20 12:40:22"], "total_order": 1, "hotel_value": ["4.6"], "hotel_price": ["100"]}, "1527024": {"hotel_name": "\u5357\u4eac\u56fd\u9645\u4f1a\u8bae\u4e2d\u5fc3", "order_time": ["2019-01-20 12:41:36"], "total_order": 1, "hotel_value": ["4.5"], "hotel_price": ["461"]}, "24399372": {"hotel_name": "\u5357\u4eac\u6e05\u6a59\u9152\u5e97", "order_time": ["2019-01-20 12:41:38"], "total_order": 1, "hotel_value": ["4.5"], "hotel_price": ["114"]}, "8641829": {"hotel_name": "\u5357\u4eac\u7396\u6708\u82b1\u5f00\u9752\u5e74\u65c5\u820d", "order_time": ["2019-01-20 12:41:48"], "total_order": 1, "hotel_value": ["4.6"], "hotel_price": ["49"]}, "1849628": {"hotel_name": "\u80af\u5b9a\u8fde\u9501\u9152\u5e97(\u5357\u4eac1912\u6d6e\u6865\u5730\u94c1\u7ad9\u5e97)(\u539f\u73e0\u6c5f\u8def\u4e09\u5e97)", "order_time": ["2019-01-20 12:44:00"], "total_order": 1, "hotel_value": ["4.2"], "hotel_price": ["123"]}, "5218050": {"hotel_name": "\u91d1\u5965\u8bfa\u9601\u96c5\u9152\u5e97(\u5357\u4eac\u5965\u4f53\u4e2d\u5fc3\u5e97)", "order_time": ["2019-01-20 12:44:17"], "total_order": 1, "hotel_value": ["4.9"], "hotel_price": ["388"]}, "26428886": {"hotel_name": "\u5168\u5b63\u9152\u5e97(\u5357\u4eac\u6cb3\u897f\u535a\u89c8\u4e2d\u5fc3\u5e97)", "order_time": ["2019-01-20 12:44:17"], "total_order": 1, "hotel_value": ["4.9"], "hotel_price": ["288"]}, "23802785": {"hotel_name": "\u5357\u4eac\u6f3e\u5e94\u9752\u6625\u91cc\u9152\u5e97", "order_time": ["2019-01-20 12:45:36"], "total_order": 1, "hotel_value": ["4.8"], "hotel_price": ["353"]}, "1614674": {"hotel_name": "\u5357\u4eac\u5bcc\u5efa\u57ce\u5e02\u9152\u5e97", "order_time": ["2019-01-20 12:45:37"], "total_order": 1, "hotel_value": ["4.6"], "hotel_price": ["356"]}, "5081586": {"hotel_name": "\u5357\u4eac\u5965\u4e1c\u5bbe\u9986", "order_time": ["2019-01-20 12:45:51"], "total_order": 1, "hotel_value": ["4.2"], "hotel_price": ["133"]}, "18415992": {"hotel_name": "\u5357\u4eac\u745e\u7279\u601d\u9152\u5e97", "order_time": ["2019-01-20 12:45:51"], "total_order": 1, "hotel_value": ["4.3"], "hotel_price": ["133"]}, "5323662": {"hotel_name": "\u5357\u4eac\u845b\u7f18\u5bbe\u9986", "order_time": ["2019-01-20 12:46:03"], "total_order": 1, "hotel_value": ["3.9"], "hotel_price": ["126"]}}}