{"\u5f00\u59cb\u8bb0\u5f55\u65f6\u95f4": "2019-01-20 22:17:40", "\u7ed3\u675f\u8bb0\u5f55\u65f6\u95f4": "2019-01-20 23:17:41", "\u8ba2\u5355\u603b\u589e\u91cf": 511, "item": {"1589784": {"hotel_name": "\u6e05\u6c90\u8fde\u9501\u9152\u5e97(\u5357\u4eac\u4e07\u8fbe\u5e7f\u573a\u4e1c\u5b9d\u8def\u5e97)(\u539f\u541b\u8bfa\u5bbe\u9986)", "order_time": ["2019-01-20 22:19:45"], "total_order": 1, "hotel_value": ["4.3"], "hotel_price": ["211"]}, "6652902": {"hotel_name": "\u83ab\u6cf0168(\u5357\u4eac\u9f13\u697c\u5e7f\u573a\u7d2b\u5cf0\u5e97)(\u539f\u9f13\u697c\u5e97)", "order_time": ["2019-01-20 22:19:45"], "total_order": 1, "hotel_value": ["4.6"], "hotel_price": ["233"]}, "10607216": {"hotel_name": "\u6e05\u6c90\u7cbe\u9009\u9152\u5e97(\u5357\u4eac\u5357\u7ad9\u5e97)", "order_time": ["2019-01-20 22:19:45"], "total_order": 1, "hotel_value": ["4.6"], "hotel_price": ["203"]}, "1669331": {"hotel_name": "\u5357\u4eac\u4e5d\u4e5d\u805a\u5bb6\u5546\u52a1\u5bbe\u9986", "order_time": ["2019-01-20 23:02:17", "2019-01-20 22:19:45"], "total_order": 2, "hotel_value": ["4.1", "4.1"], "hotel_price": ["80", "80"]}, "1535646": {"hotel_name": "\u6c49\u5ead\u9152\u5e97(\u5357\u4eac\u4e2d\u5c71\u4e1c\u8def\u603b\u7edf\u5e9c\u5e97)", "order_time": ["2019-01-20 22:19:46"], "total_order": 1, "hotel_value": ["4.1"], "hotel_price": ["227"]}, "512269": {"hotel_name": "\u5357\u4eac\u5b5c\u56fe\u9152\u5e97", "order_time": ["2019-01-20 22:23:58", "2019-01-20 22:19:46", "2019-01-20 22:54:03", "2019-01-20 22:32:02"], "total_order": 4, "hotel_value": ["4.7", "4.7", "4.7", "4.7"], "hotel_price": ["362", "362", "362", "362"]}, "2857752": {"hotel_name": "\u683c\u6797\u8c6a\u6cf0(\u5357\u4eac\u5357\u7ad9\u5357\u5e7f\u573a\u5e97)", "order_time": ["2019-01-20 22:19:46", "2019-01-20 23:12:08"], "total_order": 2, "hotel_value": ["4.4", "4.4"], "hotel_price": ["180", "180"]}, "4654385": {"hotel_name": "\u5357\u4eac\u5c1a\u79be\u5409\u5c71\u9152\u5e97(\u539f\u4e3d\u6e56\u96c5\u81f4\u5409\u5c71\u9152\u5e97)", "order_time": ["2019-01-20 22:19:46", "2019-01-20 22:28:00"], "total_order": 2, "hotel_value": ["4.5", "4.5"], "hotel_price": ["303", "303"]}, "1452456": {"hotel_name": "\u5982\u5bb6\u5feb\u6377\u9152\u5e97(\u5357\u4eac\u516d\u5408\u91d1\u5b81\u5e7f\u573a\u6b65\u884c\u8857\u5e97)", "order_time": ["2019-01-20 22:19:46"], "total_order": 1, "hotel_value": ["4.6"], "hotel_price": ["132"]}, "13325407": {"hotel_name": "\u5357\u4eac\u73ba\u57ce\u00b7\u963f\u91cc\u9152\u5e97", "order_time": ["2019-01-20 22:50:15", "2019-01-20 23:14:13", "2019-01-20 22:19:46", "2019-01-20 23:06:09"], "total_order": 4, "hotel_value": ["4.6", "4.6", "4.6", "4.6"], "hotel_price": ["313", "313", "313", "313"]}, "346283": {"hotel_name": "\u5357\u4eac\u91d1\u9675\u996d\u5e97", "order_time": ["2019-01-20 22:19:46", "2019-01-20 23:10:14", "2019-01-20 22:27:57", "2019-01-20 22:54:10", "2019-01-20 22:36:06", "2019-01-20 22:44:17"], "total_order": 6, "hotel_value": ["4.8", "4.8", "4.8", "4.8", "4.8", "4.8"], "hotel_price": ["598", "598", "598", "598", "598", "598"]}, "21795380": {"hotel_name": "\u7ef4\u4e5f\u7eb3\u56fd\u9645\u9152\u5e97(\u5357\u4eac\u7af9\u5c71\u8def\u5730\u94c1\u7ad9\u5e97)", "order_time": ["2019-01-20 22:19:47"], "total_order": 1, "hotel_value": ["4.7"], "hotel_price": ["328"]}, "1880478": {"hotel_name": "9\u5c45\u5bbe\u9986(\u5357\u4eac\u5357\u7ad9\u5e97)", "order_time": ["2019-01-20 22:19:47"], "total_order": 1, "hotel_value": ["3.7"], "hotel_price": ["70"]}, "5904203": {"hotel_name": "\u5357\u4eac\u65b0\u9038\u5929\u91d1\u4e1d\u5229\u9152\u5e97", "order_time": ["2019-01-20 22:19:47"], "total_order": 1, "hotel_value": ["4.5"], "hotel_price": ["345"]}, "5218050": {"hotel_name": "\u91d1\u5965\u8bfa\u9601\u96c5\u9152\u5e97(\u5357\u4eac\u5965\u4f53\u4e2d\u5fc3\u5e97)", "order_time": ["2019-01-20 22:19:50"], "total_order": 1, "hotel_value": ["4.9"], "hotel_price": ["388"]}, "4733079": {"hotel_name": "\u683c\u6797\u8c6a\u6cf0(\u5357\u4eac\u7384\u6b66\u6e56\u4e2d\u5c71\u9675\u666f\u533a\u5e97)(\u539f\u6797\u4e1a\u5927\u5b66\u56fd\u5c55\u4e2d\u5fc3\u5e97)", "order_time": ["2019-01-20 22:19:50"], "total_order": 1, "hotel_value": ["4.7"], "hotel_price": ["214"]}, "1861757": {"hotel_name": "\u5357\u4eac0513\u65f6\u5c1a\u5bbe\u9986", "order_time": ["2019-01-20 22:19:50"], "total_order": 1, "hotel_value": ["2.3"], "hotel_price": ["87"]}, "710988": {"hotel_name": "\u5357\u4eac\u6db5\u7530\u57ce\u5e02\u9152\u5e97", "order_time": ["2019-01-20 22:19:51"], "total_order": 1, "hotel_value": ["4.7"], "hotel_price": ["368"]}, "435107": {"hotel_name": "\u5357\u4eac\u4e1c\u65b9\u73cd\u73e0\u996d\u5e97", "order_time": ["2019-01-20 22:21:45", "2019-01-20 22:25:50"], "total_order": 2, "hotel_value": ["4.8", "4.8"], "hotel_price": ["298", "298"]}, "7363448": {"hotel_name": "\u5357\u4eac\u672a\u6765\u6811\u751f\u6d3b\u9152\u5e97", "order_time": ["2019-01-20 22:21:46", "2019-01-20 22:34:04"], "total_order": 2, "hotel_value": ["4.5", "4.5"], "hotel_price": ["230", "230"]}, "1646444": {"hotel_name": "\u683c\u6797\u8c6a\u6cf0(\u5357\u4eac\u5357\u7ad9\u5317\u5e7f\u573a\u5e97)", "order_time": ["2019-01-20 23:08:16", "2019-01-20 23:10:11", "2019-01-20 22:21:46"], "total_order": 3, "hotel_value": ["4.2", "4.2", "4.2"], "hotel_price": ["175", "175", "175"]}, "4957374": {"hotel_name": "Zsmart\u667a\u5c1a\u9152\u5e97(\u5357\u4eac\u592b\u5b50\u5e99\u5927\u5149\u8def\u5e97)", "order_time": ["2019-01-20 22:54:13", "2019-01-20 23:12:03", "2019-01-20 22:21:46", "2019-01-20 23:04:24"], "total_order": 4, "hotel_value": ["4.5", "4.5", "4.5", "4.5"], "hotel_price": ["174", "174", "174", "174"]}, "667018": {"hotel_name": "\u5357\u4eac\u53e4\u5357\u90fd\u660e\u57fa\u9152\u5e97", "order_time": ["2019-01-20 22:21:46"], "total_order": 1, "hotel_value": ["4.7"], "hotel_price": ["259"]}, "1452427": {"hotel_name": "\u5982\u5bb6\u5feb\u6377\u9152\u5e97(\u5357\u4eac\u6c5f\u6d66\u9f99\u534e\u8def\u5730\u94c1\u7ad9\u5e97)", "order_time": ["2019-01-20 22:21:46"], "total_order": 1, "hotel_value": ["4.4"], "hotel_price": ["161"]}, "20222505": {"hotel_name": "\u5357\u4eac\u6885\u5b50\u5bb6\u9152\u5e97", "order_time": ["2019-01-20 22:21:46"], "total_order": 1, "hotel_value": ["4.8"], "hotel_price": ["107"]}, "1727455": {"hotel_name": "Q\u52a0\u00b7\u5929\u79a7\u9f99\u5bbe\u9986(\u5357\u4eac\u592b\u5b50\u5e99\u666f\u533a\u65d7\u8230\u5e97)", "order_time": ["2019-01-20 22:54:12", "2019-01-20 22:21:46"], "total_order": 2, "hotel_value": ["4.5", "4.5"], "hotel_price": ["196", "196"]}, "1376623": {"hotel_name": "\u5357\u4eac\u9999\u683c\u91cc\u62c9\u5927\u9152\u5e97", "order_time": ["2019-01-20 22:27:59", "2019-01-20 22:21:46"], "total_order": 2, "hotel_value": ["4.7", "4.7"], "hotel_price": ["875", "875"]}, "1116413": {"hotel_name": "\u5357\u4eac\u7384\u6b66\u95e8\u4e9a\u6735\u9152\u5e97", "order_time": ["2019-01-20 22:21:46"], "total_order": 1, "hotel_value": ["4.8"], "hotel_price": ["360"]}, "9347528": {"hotel_name": "\u56fd\u9645\u9752\u5e74\u4f1a\u8bae\u9152\u5e97(\u5357\u4eac\u56fd\u9645\u9752\u5e74\u6587\u5316\u4e2d\u5fc3\u5e97)", "order_time": ["2019-01-20 22:21:46"], "total_order": 1, "hotel_value": ["4.8"], "hotel_price": ["598"]}, "396597": {"hotel_name": "\u91d1\u9e70\u56fd\u4ed5\u8fbe\u9152\u5e97(\u5357\u4eac\u65b0\u8857\u53e3\u5730\u94c1\u7ad9\u5e97)", "order_time": ["2019-01-20 22:46:08", "2019-01-20 22:44:18", "2019-01-20 22:32:10", "2019-01-20 22:21:46", "2019-01-20 22:58:18"], "total_order": 5, "hotel_value": ["4.9", "4.9", "4.9", "4.9", "4.9"], "hotel_price": ["308", "308", "308", "308", "308"]}, "11932474": {"hotel_name": "\u5357\u4eac\u4e3d\u90fd\u9152\u5e97", "order_time": ["2019-01-20 22:46:15", "2019-01-20 22:21:46", "2019-01-20 23:16:04"], "total_order": 3, "hotel_value": ["4.6", "4.6", "4.6"], "hotel_price": ["259", "259", "259"]}, "22825205": {"hotel_name": "\u5357\u4eac\u7d2b\u7384\u9152\u5e97", "order_time": ["2019-01-20 23:14:09", "2019-01-20 22:21:46"], "total_order": 2, "hotel_value": ["4.9", "4.9"], "hotel_price": ["422", "422"]}, "13658367": {"hotel_name": "\u4e50\u4f18\u5c45\u7cbe\u54c1\u516c\u5bd3\uff08\u5357\u4eac\u96e8\u82b1\u5ba2\u5385\u5e97\uff09", "order_time": ["2019-01-20 22:46:16", "2019-01-20 22:21:47"], "total_order": 2, "hotel_value": ["4.8", "4.8"], "hotel_price": ["304", "304"]}, "1853810": {"hotel_name": "\u5357\u4eac\u8292\u679c\u9152\u5e97", "order_time": ["2019-01-20 22:21:47"], "total_order": 1, "hotel_value": ["4.3"], "hotel_price": ["253"]}, "19853782": {"hotel_name": "\u5357\u4eac\u5e78\u8fd0\u8349\u7cbe\u54c1\u5ba2\u6808", "order_time": ["2019-01-20 22:21:47"], "total_order": 1, "hotel_value": ["4.3"], "hotel_price": ["108"]}, "4604055": {"hotel_name": "\u5c1a\u5ba2\u4f18\u8fde\u9501\u9152\u5e97(\u5357\u4eac\u592b\u5b50\u5e99\u6c34\u6e38\u57ce\u5e97)", "order_time": ["2019-01-20 22:29:57", "2019-01-20 22:21:47", "2019-01-20 22:40:09"], "total_order": 3, "hotel_value": ["4.0", "4.0", "4.0"], "hotel_price": ["151", "151", "151"]}, "17335837": {"hotel_name": "\u4e9a\u9526\u5f71\u9662\u4e3b\u9898\u9152\u5e97\u516c\u5bd3(\u5357\u4eac\u5929\u9686\u5bfa\u5730\u94c1\u7ad9\u96e8\u82b1\u5ba2\u5385\u5e97)", "order_time": ["2019-01-20 22:21:47"], "total_order": 1, "hotel_value": ["4.6"], "hotel_price": ["171"]}, "3892077": {"hotel_name": "\u6e05\u6c90\u8ff7\u5de2\u9152\u5e97(\u5357\u4eac\u6e56\u5357\u8def\u5929\u661f\u7fe0\u7405\u5927\u53a6\u5e97)", "order_time": ["2019-01-20 22:36:39", "2019-01-20 22:21:47"], "total_order": 2, "hotel_value": ["4.2", "4.2"], "hotel_price": ["153", "153"]}, "1837966": {"hotel_name": "\u5357\u4eac\u7eed\u7f18\u5bbe\u9986", "order_time": ["2019-01-20 22:21:48"], "total_order": 1, "hotel_value": ["3.9"], "hotel_price": ["138"]}, "2575107": {"hotel_name": "Q\u52a0\u00b7\u683c\u9675\u5170\u5c9b\u5546\u52a1\u5bbe\u9986(\u5357\u4eac\u5357\u7ad9\u767e\u5bb6\u6e56\u80dc\u592a\u8def\u5730\u94c1\u7ad9\u5e97)", "order_time": ["2019-01-20 22:21:48"], "total_order": 1, "hotel_value": ["4.6"], "hotel_price": ["129"]}, "1633044": {"hotel_name": "\u5357\u4eac\u6e56\u6ee8\u91d1\u9675\u996d\u5e97", "order_time": ["2019-01-20 22:21:54"], "total_order": 1, "hotel_value": ["4.6"], "hotel_price": ["400"]}, "28566124": {"hotel_name": "\u5357\u4eac\u91d1\u5e06\u4e07\u6e90\u9152\u5e97", "order_time": ["2019-01-20 22:23:58", "2019-01-20 23:00:09"], "total_order": 2, "hotel_value": ["4.9", "4.9"], "hotel_price": ["468", "468"]}, "1669477": {"hotel_name": "\u5357\u4eac\u65b0\u8857\u53e3\u996d\u5e97", "order_time": ["2019-01-20 22:23:58"], "total_order": 1, "hotel_value": ["4.1"], "hotel_price": ["200"]}, "1457183": {"hotel_name": "\u5982\u5bb6\u5feb\u6377\u9152\u5e97(\u5357\u4eac\u6865\u5317\u5f18\u9633\u5e7f\u573a\u67f3\u6d32\u4e1c\u8def\u5730\u94c1\u7ad9\u5e97)", "order_time": ["2019-01-20 22:23:58"], "total_order": 1, "hotel_value": ["4.6"], "hotel_price": ["161"]}, "16094824": {"hotel_name": "\u5357\u4eac\u68b5\u5c45\u7cbe\u54c1\u9152\u5e97\u516c\u5bd3", "order_time": ["2019-01-20 22:23:59"], "total_order": 1, "hotel_value": ["4.8"], "hotel_price": ["216"]}, "5293609": {"hotel_name": "\u6c49\u5ead\u9152\u5e97(\u5357\u4eac\u65b0\u6e2f\u5f00\u53d1\u533a\u4e8c\u5e97)", "order_time": ["2019-01-20 22:23:59"], "total_order": 1, "hotel_value": ["4.4"], "hotel_price": ["180"]}, "1943360": {"hotel_name": "\u69b4\u83b2\u5c0f\u661f\u7cd6\u679c\u9152\u5e97(\u5357\u4eac\u7384\u6b66\u6e56\u5e97)", "order_time": ["2019-01-20 23:06:11", "2019-01-20 22:23:59"], "total_order": 2, "hotel_value": ["4.2", "4.2"], "hotel_price": ["248", "248"]}, "914386": {"hotel_name": "\u9526\u6c5f\u4e4b\u661f(\u5357\u4eac\u706b\u8f66\u5357\u7ad9\u5e97)", "order_time": ["2019-01-20 22:23:59", "2019-01-20 23:02:14"], "total_order": 2, "hotel_value": ["4.4", "4.4"], "hotel_price": ["239", "239"]}, "691197": {"hotel_name": "\u5357\u4eac\u767d\u5bab\u5927\u9152\u5e97", "order_time": ["2019-01-20 23:10:10", "2019-01-20 22:23:59"], "total_order": 2, "hotel_value": ["4.2", "4.2"], "hotel_price": ["268", "268"]}, "1856651": {"hotel_name": "\u5357\u4eac\u53e4\u90fd\u996d\u5e97", "order_time": ["2019-01-20 22:23:59"], "total_order": 1, "hotel_value": ["4.3"], "hotel_price": ["200"]}, "4592304": {"hotel_name": "\u5357\u4eac\u4e2d\u516c\u6c47\u60a6\u5927\u9152\u5e97", "order_time": ["2019-01-20 22:24:00"], "total_order": 1, "hotel_value": ["4.7"], "hotel_price": ["794"]}, "1272667": {"hotel_name": "\u6c49\u5ead\u9152\u5e97(\u5357\u4eac\u65b0\u8857\u53e3\u6237\u90e8\u8857\u5e97)", "order_time": ["2019-01-20 22:24:00"], "total_order": 1, "hotel_value": ["4.0"], "hotel_price": ["199"]}, "4498594": {"hotel_name": "\u548c\u9890\u81f3\u683c\u9152\u5e97(\u5357\u4eac\u67f3\u5dde\u5317\u8def\u5f18\u9633\u5e7f\u573a\u5e97)(\u539f\u8c6a\u7235\u7cbe\u54c1\u9152\u5e97)", "order_time": ["2019-01-20 23:00:16", "2019-01-20 22:24:01"], "total_order": 2, "hotel_value": ["4.7", "4.7"], "hotel_price": ["231", "231"]}, "2291666": {"hotel_name": "7\u5929\u4f18\u54c1\u9152\u5e97(\u5357\u4eac\u592b\u5b50\u5e99\u5e97)", "order_time": ["2019-01-20 23:04:09", "2019-01-20 23:00:13", "2019-01-20 22:24:01"], "total_order": 3, "hotel_value": ["4.5", "4.5", "4.5"], "hotel_price": ["152", "152", "152"]}, "13913643": {"hotel_name": "\u6258\u83ab\u56fd\u9645\u9152\u5e97\u516c\u5bd3\u65b0\u6e2f\u5e97", "order_time": ["2019-01-20 23:04:16", "2019-01-20 22:24:01"], "total_order": 2, "hotel_value": ["4.2", "4.2"], "hotel_price": ["130", "130"]}, "2728633": {"hotel_name": "\u5357\u4eac\u82f1\u4e54\u8c6a\u4eab\u5546\u52a1\u9152\u5e97", "order_time": ["2019-01-20 22:24:01"], "total_order": 1, "hotel_value": ["4.2"], "hotel_price": ["94"]}, "9586571": {"hotel_name": "\u53ef\u4e3a\u5bb6\u7cbe\u54c1\u9152\u5e97\u5f0f\u516c\u5bd3(\u5357\u4eac\u5357\u7ad9\u5e97)", "order_time": ["2019-01-20 22:24:02"], "total_order": 1, "hotel_value": ["4.7"], "hotel_price": ["196"]}, "8041038": {"hotel_name": "\u7ef4\u4e5f\u7eb3\u667a\u597d\u9152\u5e97(\u5357\u4eac\u6c5f\u5b81\u4e07\u8fbe\u5e7f\u573a\u5e97)", "order_time": ["2019-01-20 22:24:02", "2019-01-20 23:04:04"], "total_order": 2, "hotel_value": ["4.3", "4.3"], "hotel_price": ["252", "252"]}, "26421136": {"hotel_name": "\u5357\u4eac818\u7cbe\u54c1\u9152\u5e97", "order_time": ["2019-01-20 22:24:02"], "total_order": 1, "hotel_value": ["4.6"], "hotel_price": ["166"]}, "798695": {"hotel_name": "\u5fc5\u5f97\u4e3b\u9898\u5bbe\u9986(\u5357\u4eac\u5965\u4f53\u4e2d\u5fc3\u5174\u9686\u5927\u8857\u5730\u94c1\u7ad9\u5e97)", "order_time": ["2019-01-20 22:24:03"], "total_order": 1, "hotel_value": ["4.5"], "hotel_price": ["166"]}, "1686747": {"hotel_name": "\u6021\u83b1\u7cbe\u54c1\u9152\u5e97(\u5357\u4eac\u9f99\u7720\u5927\u9053\u5730\u94c1\u7ad9\u5e97)(\u539f\u4e94\u6708\u82b1\u5bbe\u9986)", "order_time": ["2019-01-20 22:24:03", "2019-01-20 23:04:15"], "total_order": 2, "hotel_value": ["4.4", "4.4"], "hotel_price": ["170", "170"]}, "26409781": {"hotel_name": "\u5982\u5bb6\u6d3e\u67cf\u00b7\u4e91\u9152\u5e97(\u5357\u4eac\u67f3\u5dde\u4e1c\u8def\u5730\u94c1\u7ad9\u5e97)", "order_time": ["2019-01-20 22:24:05"], "total_order": 1, "hotel_value": ["4.3"], "hotel_price": ["139"]}, "9067568": {"hotel_name": "\u9a8f\u6021\u8fde\u9501\u9152\u5e97(\u5357\u4eac\u53e4\u5e73\u5c97\u5e97)", "order_time": ["2019-01-20 22:24:05", "2019-01-20 22:40:21", "2019-01-20 23:14:14"], "total_order": 3, "hotel_value": ["4.1", "4.1", "4.1"], "hotel_price": ["163", "163", "163"]}, "1906560": {"hotel_name": "\u5c1a\u5ba2\u4f18\u7cbe\u9009\u9152\u5e97(\u5357\u4eac\u65b0\u8857\u53e3\u592b\u5b50\u5e99\u5e97)", "order_time": ["2019-01-20 23:14:40", "2019-01-20 22:40:40", "2019-01-20 22:24:07"], "total_order": 3, "hotel_value": ["4.4", "4.4", "4.4"], "hotel_price": ["179", "179", "179"]}, "375288": {"hotel_name": "\u5357\u4eac\u7384\u6b66\u996d\u5e97", "order_time": ["2019-01-20 22:24:08"], "total_order": 1, "hotel_value": ["4.7"], "hotel_price": ["547"]}, "5451854": {"hotel_name": "\u5357\u4eac\u91d1\u9e70\u56fd\u9645\u9152\u5e97", "order_time": ["2019-01-20 22:24:08"], "total_order": 1, "hotel_value": ["4.9"], "hotel_price": ["855"]}, "1359818": {"hotel_name": "\u5e03\u4e01\u9152\u5e97(\u5357\u4eac\u4ed9\u6797\u5927\u5b66\u57ce\u5e97)", "order_time": ["2019-01-20 22:25:49"], "total_order": 1, "hotel_value": ["3.6"], "hotel_price": ["99"]}, "437042": {"hotel_name": "\u5357\u4eac\u6c64\u5c71\u9890\u5c1a\u6e29\u6cc9\u5ea6\u5047\u6751", "order_time": ["2019-01-20 22:25:50", "2019-01-20 22:38:09"], "total_order": 2, "hotel_value": ["4.5", "4.5"], "hotel_price": ["678", "678"]}, "440999": {"hotel_name": "\u5357\u4eac\u6c64\u5c71\u5fa1\u5ead\u81fb\u54c1\u9152\u5e97", "order_time": ["2019-01-20 22:25:50"], "total_order": 1, "hotel_value": ["4.7"], "hotel_price": ["770"]}, "2624089": {"hotel_name": "\u5357\u4eac\u603b\u7edf\u5e9c\u4e9a\u6735\u9152\u5e97", "order_time": ["2019-01-20 22:50:21", "2019-01-20 22:25:50", "2019-01-20 22:46:13", "2019-01-20 23:08:07"], "total_order": 4, "hotel_value": ["4.7", "4.7", "4.7", "4.7"], "hotel_price": ["360", "360", "360", "360"]}, "5242512": {"hotel_name": "\u5c1acheng\u4f18\u9009\u9152\u5e97(\u5357\u4eac\u7984\u53e3\u673a\u573a\u5e97)", "order_time": ["2019-01-20 22:25:51"], "total_order": 1, "hotel_value": ["3.9"], "hotel_price": ["168"]}, "1938340": {"hotel_name": "\u9526\u6c5f\u4e4b\u661f(\u5357\u4eac\u65b0\u8857\u53e3\u5e97)", "order_time": ["2019-01-20 22:25:51"], "total_order": 1, "hotel_value": ["4.4"], "hotel_price": ["249"]}, "1441836": {"hotel_name": "\u83ab\u6cf0168(\u5357\u4eac\u5e7f\u5dde\u8def\u968f\u56ed\u5927\u53a6\u5e97)(\u539f\u5357\u4eac\u5927\u5b66\u5e7f\u5dde\u8def\u5e97)", "order_time": ["2019-01-20 22:25:51"], "total_order": 1, "hotel_value": ["4.6"], "hotel_price": ["349"]}, "15057335": {"hotel_name": "\u5357\u4eac\u666f\u67ab\u4e07\u8c6a\u9152\u5e97", "order_time": ["2019-01-20 22:25:52"], "total_order": 1, "hotel_value": ["4.6"], "hotel_price": ["657"]}, "1426723": {"hotel_name": "\u5c1a\u597d\u9152\u5e97\u516c\u5bd3(\u5357\u4eac\u6cb3\u897f\u4e07\u8fbe\u5e97)", "order_time": ["2019-01-20 22:25:53"], "total_order": 1, "hotel_value": ["4.7"], "hotel_price": ["238"]}, "8982641": {"hotel_name": "\u5357\u4eac\u4f18\u4e30\u9152\u5e97", "order_time": ["2019-01-20 22:25:54", "2019-01-20 22:46:28"], "total_order": 2, "hotel_value": ["4.7", "4.7"], "hotel_price": ["136", "118"]}, "8412404": {"hotel_name": "\u5357\u4eac\u749f\u5c1a\u7cbe\u54c1\u9152\u5e97\u516c\u5bd3", "order_time": ["2019-01-20 22:25:54"], "total_order": 1, "hotel_value": ["4.6"], "hotel_price": ["193"]}, "5249698": {"hotel_name": "\u683c\u6797\u8c6a\u6cf0\u5357\u4eac\u592b\u5b50\u5e99\u4e09\u5c71\u8857\u5730\u94c1\u7ad9\u5feb\u6377\u9152\u5e97", "order_time": ["2019-01-20 22:25:54"], "total_order": 1, "hotel_value": ["4.2"], "hotel_price": ["227"]}, "28234592": {"hotel_name": "\u5357\u4eac\u76db\u60a6\u516c\u5bd3", "order_time": ["2019-01-20 22:25:55"], "total_order": 1, "hotel_value": ["4.9"], "hotel_price": ["217"]}, "1272605": {"hotel_name": "\u6c49\u5ead\u9152\u5e97(\u5357\u4eac\u65b0\u8857\u53e3\u5ef6\u9f84\u5df7\u5e97)", "order_time": ["2019-01-20 22:25:55", "2019-01-20 23:14:18"], "total_order": 2, "hotel_value": ["4.4", "4.4"], "hotel_price": ["218", "237"]}, "8574614": {"hotel_name": "\u5357\u4eac\u7f8e\u597d\u836f\u5e97\u9752\u5e74\u65c5\u820d", "order_time": ["2019-01-20 22:25:55", "2019-01-20 23:04:17"], "total_order": 2, "hotel_value": ["4.6", "4.6"], "hotel_price": ["59", "59"]}, "1518063": {"hotel_name": "\u5357\u4eac\u592a\u6e56\u5bbe\u9986", "order_time": ["2019-01-20 22:25:55"], "total_order": 1, "hotel_value": ["4.4"], "hotel_price": ["138"]}, "8669404": {"hotel_name": "\u6c49\u5ead\u9152\u5e97(\u5357\u4eac\u9e92\u9e9f\u79d1\u6280\u56ed\u5e97)", "order_time": ["2019-01-20 22:26:03"], "total_order": 1, "hotel_value": ["4.4"], "hotel_price": ["199"]}, "425945": {"hotel_name": "\u6c5f\u82cf\u51e4\u51f0\u53f0\u996d\u5e97", "order_time": ["2019-01-20 22:42:15", "2019-01-20 22:27:54", "2019-01-20 22:44:58", "2019-01-20 22:30:21", "2019-01-20 22:34:47", "2019-01-20 22:34:02"], "total_order": 6, "hotel_value": ["4.7", "4.7", "4.7", "4.7", "4.7", "4.7"], "hotel_price": ["368", "489", "368", "489", "368", "489"]}, "26588901": {"hotel_name": "\u5357\u4eac\u591c\u6cca\u79e6\u6dee\u541b\u4ead\u9152\u5e97\u00b7\u5927\u620f\u9662", "order_time": ["2019-01-20 22:27:55"], "total_order": 1, "hotel_value": ["4.8"], "hotel_price": ["599"]}, "396947": {"hotel_name": "\u5357\u4eac\u91d1\u6c47\u5927\u9152\u5e97", "order_time": ["2019-01-20 22:27:55", "2019-01-20 22:38:08"], "total_order": 2, "hotel_value": ["4.6", "4.6"], "hotel_price": ["298", "298"]}, "6870641": {"hotel_name": "\u5168\u5b63\u9152\u5e97(\u5357\u4eac\u706b\u8f66\u7ad9\u5e97)", "order_time": ["2019-01-20 22:27:55", "2019-01-20 22:52:04", "2019-01-20 23:06:10"], "total_order": 3, "hotel_value": ["4.7", "4.7", "4.7"], "hotel_price": ["329", "329", "329"]}, "2300954": {"hotel_name": "7\u5929\u8fde\u9501\u9152\u5e97(\u5357\u4eac\u5e38\u5e9c\u8857\u5730\u94c1\u7ad9\u5e97)", "order_time": ["2019-01-20 22:34:07", "2019-01-20 22:27:57"], "total_order": 2, "hotel_value": ["4.2", "4.2"], "hotel_price": ["157", "157"]}, "1341077": {"hotel_name": "\u5982\u5bb6\u5feb\u6377\u9152\u5e97(\u5357\u4eac\u592b\u5b50\u5e99\u9f99\u87e0\u4e2d\u8def\u7535\u89c6\u53f0\u5e97)", "order_time": ["2019-01-20 22:42:08", "2019-01-20 22:27:57"], "total_order": 2, "hotel_value": ["4.4", "4.4"], "hotel_price": ["184", "184"]}, "1452015": {"hotel_name": "\u5982\u5bb6\u5feb\u6377\u9152\u5e97(\u5357\u4eac\u6708\u7259\u6e56\u94f6\u57ce\u4e1c\u82d1\u5e97)", "order_time": ["2019-01-20 22:27:57"], "total_order": 1, "hotel_value": ["4.6"], "hotel_price": ["316"]}, "25289828": {"hotel_name": "\u5357\u4eac\u5f92\u884c\u964c\u5ba2\u9752\u5e74\u65c5\u820d", "order_time": ["2019-01-20 22:27:57"], "total_order": 1, "hotel_value": ["4.9"], "hotel_price": ["108"]}, "485577": {"hotel_name": "\u5357\u4eac\u7ef4\u5143\u56fd\u9645\u9152\u5e97(\u539f\u4e50\u5ba2\u6765\u56fd\u9645\u9152\u5e97)", "order_time": ["2019-01-20 22:27:58"], "total_order": 1, "hotel_value": ["4.3"], "hotel_price": ["330"]}, "534044": {"hotel_name": "\u5357\u4eac\u7eff\u5730\u5fa1\u8c6a\u6e29\u6cc9\u9152\u5e97(\u539f\u5fa1\u8c6a\u6c64\u5c71\u6e29\u6cc9\u56fd\u9645\u9152\u5e97)", "order_time": ["2019-01-20 22:27:58"], "total_order": 1, "hotel_value": ["4.6"], "hotel_price": ["576"]}, "6475650": {"hotel_name": "\u5357\u4eac\u96bd\u6052\u9152\u5e97(\u539f\u6cb3\u6d77\u5927\u5b66\u56fd\u9645\u4ea4\u6d41\u4e2d\u5fc3)", "order_time": ["2019-01-20 22:27:58"], "total_order": 1, "hotel_value": ["4.8"], "hotel_price": ["568"]}, "17285601": {"hotel_name": "\u5929\u8bd7\u5c45\u884c\u653f\u516c\u5bd3(\u5357\u4eac\u56fd\u9645\u9752\u5e74\u6587\u5316\u4e2d\u5fc3\u5e97)", "order_time": ["2019-01-20 23:02:11", "2019-01-20 22:27:58"], "total_order": 2, "hotel_value": ["4.9", "4.9"], "hotel_price": ["768", "768"]}, "8650324": {"hotel_name": "\u5982\u5bb6\u7cbe\u9009\u9152\u5e97(\u5357\u4eac\u5357\u7ad9\u5317\u5e7f\u573a\u7eff\u5730\u4e4b\u7a97\u5e97)", "order_time": ["2019-01-20 22:27:59"], "total_order": 1, "hotel_value": ["4.6"], "hotel_price": ["331"]}, "3916519": {"hotel_name": "\u5357\u4eac\u5b89\u6734\u9152\u5e97", "order_time": ["2019-01-20 22:58:02", "2019-01-20 22:27:59"], "total_order": 2, "hotel_value": ["4.7", "4.7"], "hotel_price": ["498", "498"]}, "13741590": {"hotel_name": "\u5357\u4eac\u6cf0\u4fea\u7cbe\u54c1\u9152\u5e97", "order_time": ["2019-01-20 22:27:59"], "total_order": 1, "hotel_value": ["4.7"], "hotel_price": ["339"]}, "1465490": {"hotel_name": "\u5357\u4eac\u94f6\u767e\u5feb\u6377\u9152\u5e97", "order_time": ["2019-01-20 22:33:59", "2019-01-20 22:28:00"], "total_order": 2, "hotel_value": ["3.4", "3.4"], "hotel_price": ["70", "70"]}, "3654850": {"hotel_name": "\u6e05\u6c90\u8fde\u9501\u9152\u5e97(\u5357\u4eac\u8fc8\u768b\u6865\u5e97)", "order_time": ["2019-01-20 22:28:02"], "total_order": 1, "hotel_value": ["4.1"], "hotel_price": ["112"]}, "2300860": {"hotel_name": "7\u5929\u8fde\u9501\u9152\u5e97(\u5357\u4eac\u592b\u5b50\u5e99\u5e38\u5e9c\u8857\u5730\u94c1\u7ad9\u5e97)", "order_time": ["2019-01-20 22:28:02", "2019-01-20 23:14:19"], "total_order": 2, "hotel_value": ["4.5", "4.5"], "hotel_price": ["178", "178"]}, "28760489": {"hotel_name": "\u9510\u601d\u7279\u9152\u5e97(\u5357\u4eac\u8bda\u4fe1\u5927\u9053\u7af9\u5c71\u8def\u5730\u94c1\u7ad9\u5e97)", "order_time": ["2019-01-20 22:28:03"], "total_order": 1, "hotel_value": [0], "hotel_price": ["155"]}, "5158996": {"hotel_name": "\u5982\u5bb6\u7cbe\u9009\u9152\u5e97(\u5357\u4eac\u5b9a\u6dee\u95e8\u9f99\u6c5f\u5730\u94c1\u7ad9\u5e97)(\u539f\u9f99\u6c5f\u5b9a\u6dee\u95e8\u5927\u8857\u5e97)", "order_time": ["2019-01-20 22:28:15"], "total_order": 1, "hotel_value": ["4.8"], "hotel_price": ["288"]}, "1649379": {"hotel_name": "\u5357\u4eac\u94c2\u5ead\u7cbe\u54c1\u6c34\u6676\u9152\u5e97", "order_time": ["2019-01-20 22:28:15"], "total_order": 1, "hotel_value": ["3.5"], "hotel_price": ["119"]}, "1441505": {"hotel_name": "\u5357\u4eac\u53e4\u5357\u90fd\u7389\u6f9c\u5ead\u9152\u5e97", "order_time": ["2019-01-20 22:29:53", "2019-01-20 22:44:14", "2019-01-20 22:56:11"], "total_order": 3, "hotel_value": ["4.6", "4.6", "4.6"], "hotel_price": ["289", "289", "289"]}, "6060994": {"hotel_name": "\u65c5\u76df\u9152\u5e97(\u5357\u4eac\u6c5f\u6d66\u5ba2\u8fd0\u7ad9\u9f99\u534e\u8def\u5730\u94c1\u7ad9\u5e97)", "order_time": ["2019-01-20 22:29:53"], "total_order": 1, "hotel_value": ["4.2"], "hotel_price": ["98"]}, "17889795": {"hotel_name": "\u5168\u5b63\u9152\u5e97(\u5357\u4eac\u660e\u6545\u5bab\u5e97)", "order_time": ["2019-01-20 22:29:54"], "total_order": 1, "hotel_value": ["4.8"], "hotel_price": ["307"]}, "4386324": {"hotel_name": "\u6d77\u53cb\u826f\u54c1\u9152\u5e97(\u5357\u4eac\u592b\u5b50\u5e99\u5e97)", "order_time": ["2019-01-20 22:29:55"], "total_order": 1, "hotel_value": ["4.5"], "hotel_price": ["189"]}, "22775455": {"hotel_name": "\u5357\u4eac\u6cca\u60a6\u8f7b\u5c45\u9152\u5e97", "order_time": ["2019-01-20 22:29:56"], "total_order": 1, "hotel_value": ["4.8"], "hotel_price": ["213"]}, "1946078": {"hotel_name": "\u5357\u4eac\u53e4\u5357\u90fd\u4e94D\u6795\u9152\u5e97", "order_time": ["2019-01-20 22:29:57"], "total_order": 1, "hotel_value": ["4.7"], "hotel_price": ["230"]}, "17532994": {"hotel_name": "\u5357\u4eac\u8d24\u96c5\u5bbe\u9986", "order_time": ["2019-01-20 22:29:58"], "total_order": 1, "hotel_value": ["4.9"], "hotel_price": ["131"]}, "9667479": {"hotel_name": "\u5357\u4eac\u9690\u5357\u95e8\u4e1c\u9152\u5e97", "order_time": ["2019-01-20 22:29:58"], "total_order": 1, "hotel_value": ["4.8"], "hotel_price": ["896"]}, "3451684": {"hotel_name": "\u5357\u4eac\u591c\u6cca\u79e6\u6dee\u541b\u4ead\u9152\u5e97\u00b7\u91d1\u9675\u4e66\u753b\u9662", "order_time": ["2019-01-20 22:29:58"], "total_order": 1, "hotel_value": ["4.8"], "hotel_price": ["988"]}, "1385339": {"hotel_name": "\u5929\u76db\u597d\u5ead\u9152\u5e97(\u5357\u4eac\u9f13\u697c\u5730\u94c1\u7ad9\u5e97)", "order_time": ["2019-01-20 23:10:11", "2019-01-20 22:29:58"], "total_order": 2, "hotel_value": ["4.6", "4.6"], "hotel_price": ["279", "279"]}, "1286909": {"hotel_name": "\u6c49\u5ead\u4f18\u4f73\u9152\u5e97(\u5357\u4eac\u7384\u6b66\u95e8\u5e97)(\u539f\u6c49\u5ead\u9152\u5e97)", "order_time": ["2019-01-20 22:34:06", "2019-01-20 22:48:15", "2019-01-20 22:29:59"], "total_order": 3, "hotel_value": ["4.6", "4.6", "4.6"], "hotel_price": ["229", "229", "229"]}, "23948227": {"hotel_name": "\u5357\u4eac\u9752\u8292\u9152\u5e97", "order_time": ["2019-01-20 22:30:02"], "total_order": 1, "hotel_value": ["5.0"], "hotel_price": ["113"]}, "11479584": {"hotel_name": "\u5357\u4eac\u4e0a\u5143\u5927\u8857\u4e9a\u6735\u9152\u5e97", "order_time": ["2019-01-20 22:30:06"], "total_order": 1, "hotel_value": ["4.8"], "hotel_price": ["359"]}, "15984043": {"hotel_name": "\u5357\u4eac\u96e8\u82b1\u7cbe\u54c1\u9152\u5e97\u516c\u5bd3(\u534e\u4e3a\u8def\u5206\u5e97)", "order_time": ["2019-01-20 22:30:08"], "total_order": 1, "hotel_value": ["4.7"], "hotel_price": ["208"]}, "3670920": {"hotel_name": "\u5357\u4eac\u5357\u7ad9\u767e\u5bb6\u6e56\u4e9a\u6735\u9152\u5e97", "order_time": ["2019-01-20 22:30:18"], "total_order": 1, "hotel_value": ["4.8"], "hotel_price": ["359"]}, "6111316": {"hotel_name": "\u66d9\u5149\u8587\u9152\u5e97(\u5357\u4eac\u592b\u5b50\u5e99\u5e97)", "order_time": ["2019-01-20 22:31:57"], "total_order": 1, "hotel_value": ["4.7"], "hotel_price": ["352"]}, "434086": {"hotel_name": "\u5357\u4eac\u65b0\u7eaa\u5143\u5927\u9152\u5e97", "order_time": ["2019-01-20 22:31:57", "2019-01-20 22:56:07"], "total_order": 2, "hotel_value": ["4.7", "4.7"], "hotel_price": ["288", "288"]}, "1410411": {"hotel_name": "\u4e1c\u822a\u534e\u7f8e\u8fbe\u9152\u5e97(\u5357\u4eac\u673a\u573a\u5e97)", "order_time": ["2019-01-20 22:31:57"], "total_order": 1, "hotel_value": ["4.7"], "hotel_price": ["392"]}, "5236895": {"hotel_name": "99\u65c5\u9986\u8fde\u9501(\u5357\u4eac\u80dc\u592a\u8def\u5730\u94c1\u7ad9\u5e97)", "order_time": ["2019-01-20 22:31:59"], "total_order": 1, "hotel_value": ["4.2"], "hotel_price": ["74"]}, "798937": {"hotel_name": "\u5357\u4eac\u592b\u5b50\u5e99\u56fd\u9645\u9752\u5e74\u65c5\u820d", "order_time": ["2019-01-20 23:12:04", "2019-01-20 22:32:02"], "total_order": 2, "hotel_value": ["4.1", "4.1"], "hotel_price": ["55", "55"]}, "369785": {"hotel_name": "\u5357\u4eac\u7d22\u83f2\u7279\u94f6\u6cb3\u5927\u9152\u5e97", "order_time": ["2019-01-20 22:32:02"], "total_order": 1, "hotel_value": ["4.6"], "hotel_price": ["498"]}, "15899490": {"hotel_name": "\u5168\u5b63\u9152\u5e97(\u5357\u4eac\u603b\u7edf\u5e9c\u5e97)", "order_time": ["2019-01-20 22:32:02"], "total_order": 1, "hotel_value": ["4.7"], "hotel_price": ["360"]}, "430159": {"hotel_name": "\u5357\u4eac\u7384\u6b66\u82cf\u5b81\u8bfa\u5bcc\u7279\u9152\u5e97", "order_time": ["2019-01-20 22:32:03"], "total_order": 1, "hotel_value": ["4.7"], "hotel_price": ["558"]}, "23917986": {"hotel_name": "\u5357\u4eacMY HOTEL", "order_time": ["2019-01-20 22:32:04"], "total_order": 1, "hotel_value": ["4.6"], "hotel_price": ["306"]}, "513735": {"hotel_name": "\u9526\u6c5f\u4e4b\u661f(\u5357\u4eac\u73e0\u6c5f\u8def\u5c0f\u8425\u5317\u8def\u5e97)", "order_time": ["2019-01-20 22:32:05"], "total_order": 1, "hotel_value": ["4.4"], "hotel_price": ["169"]}, "5387576": {"hotel_name": "\u6e05\u6c90\u7cbe\u54c1\u9152\u5e97(\u5357\u4eac\u6797\u4e1a\u5927\u5b66\u5c97\u5b50\u6751\u5730\u94c1\u7ad9\u5e97)(\u539f\u677f\u4ed3\u5e97)", "order_time": ["2019-01-20 22:32:09"], "total_order": 1, "hotel_value": ["4.3"], "hotel_price": ["223"]}, "427757": {"hotel_name": "\u83ab\u6cf0168(\u5357\u4eac\u592b\u5b50\u5e99\u5927\u5149\u8def\u5e97)", "order_time": ["2019-01-20 22:32:09"], "total_order": 1, "hotel_value": ["4.4"], "hotel_price": ["184"]}, "1803814": {"hotel_name": "\u5357\u4eac\u6d69\u6d69\u5bbe\u9986", "order_time": ["2019-01-20 22:32:10"], "total_order": 1, "hotel_value": ["3.4"], "hotel_price": ["226"]}, "7938703": {"hotel_name": "\u6e05\u6c90\u7cbe\u9009\u4e91\u9152\u5e97(\u5357\u4eac\u6797\u4e1a\u5927\u5b66\u848b\u738b\u5e99\u5e97)", "order_time": ["2019-01-20 22:44:18", "2019-01-20 22:32:11"], "total_order": 2, "hotel_value": ["4.6", "4.6"], "hotel_price": ["179", "179"]}, "987265": {"hotel_name": "\u6761\u5f62\u7801\u827a\u672f\u9152\u5e97(\u5357\u4eac\u592b\u5b50\u5e99\u6e38\u620f\u5e97)", "order_time": ["2019-01-20 22:32:21"], "total_order": 1, "hotel_value": ["3.7"], "hotel_price": ["188"]}, "1932876": {"hotel_name": "\u84dd\u9cb8666\u9752\u5e74\u65c5\u820d(\u5357\u4eac\u7ad9\u5e97)", "order_time": ["2019-01-20 22:32:22"], "total_order": 1, "hotel_value": ["4.5"], "hotel_price": ["40"]}, "434624": {"hotel_name": "\u5357\u4eac\u6c49\u5e9c\u996d\u5e97", "order_time": ["2019-01-20 22:33:58"], "total_order": 1, "hotel_value": ["4.7"], "hotel_price": ["488"]}, "24050709": {"hotel_name": "\u5e03\u4e01\u7cbe\u9009\u9152\u5e97(\u5357\u4eac\u5357\u7ad9\u6cb3\u5b9a\u6865\u5730\u94c1\u7ad9\u5e97)", "order_time": ["2019-01-20 22:33:58"], "total_order": 1, "hotel_value": ["4.2"], "hotel_price": ["181"]}, "25560157": {"hotel_name": "\u5357\u4eac\u76c8\u9f0e\u7cbe\u54c1\u9152\u5e97", "order_time": ["2019-01-20 22:33:59", "2019-01-20 22:38:08", "2019-01-20 22:44:10"], "total_order": 3, "hotel_value": ["4.9", "4.9", "4.9"], "hotel_price": ["144", "144", "144"]}, "434989": {"hotel_name": "\u5357\u4eac\u4e2d\u5fc3\u5927\u9152\u5e97", "order_time": ["2019-01-20 22:34:00"], "total_order": 1, "hotel_value": ["4.8"], "hotel_price": ["499"]}, "1803955": {"hotel_name": "\u7ef4\u4e5f\u7eb3\u9152\u5e97(\u5357\u4eac\u9f99\u6c5f\u5e97)", "order_time": ["2019-01-20 22:34:01"], "total_order": 1, "hotel_value": ["4.9"], "hotel_price": ["400"]}, "913039": {"hotel_name": "\u5b9c\u5fc5\u601d\u9152\u5e97(\u5357\u4eac\u592b\u5b50\u5e99\u5e97)", "order_time": ["2019-01-20 22:34:02"], "total_order": 1, "hotel_value": ["4.4"], "hotel_price": ["249"]}, "8719717": {"hotel_name": "\u9526\u6c5f\u90fd\u57ce\u9152\u5e97(\u5357\u4eac\u4e1c\u5357\u5927\u5b66\u5e97)", "order_time": ["2019-01-20 22:34:02"], "total_order": 1, "hotel_value": ["4.8"], "hotel_price": ["319"]}, "369717": {"hotel_name": "\u5357\u4eac\u91d1\u9e70\u73e0\u6c5f\u58f9\u53f7\u56fd\u9645\u9152\u5e97", "order_time": ["2019-01-20 22:34:44", "2019-01-20 22:34:02"], "total_order": 2, "hotel_value": ["4.7", "4.7"], "hotel_price": ["579", "579"]}, "18409526": {"hotel_name": "\u9526\u6c5f\u4e4b\u661f\u54c1\u5c1a\u9152\u5e97(\u5357\u4eac\u6c5f\u5b81\u4e1c\u9e92\u8def\u5e97)", "order_time": ["2019-01-20 22:34:06"], "total_order": 1, "hotel_value": ["4.7"], "hotel_price": ["189"]}, "1891580": {"hotel_name": "\u901f8\u9152\u5e97(\u5357\u4eac\u91d1\u9675\u603b\u7edf\u5e9c\u5e97)(\u539f\u5357\u4eac\u821c\u5929\u603b\u7edf\u5e9c\u5e97)", "order_time": ["2019-01-20 22:34:22"], "total_order": 1, "hotel_value": ["4.3"], "hotel_price": ["249"]}, "1677368": {"hotel_name": "\u5357\u4eac\u82cf\u535a\u5bbe\u9986", "order_time": ["2019-01-20 22:34:22"], "total_order": 1, "hotel_value": ["3.7"], "hotel_price": ["82"]}, "1942116": {"hotel_name": "\u5357\u4eac\u53cb\u60c5\u5bbe\u9986", "order_time": ["2019-01-20 22:34:26"], "total_order": 1, "hotel_value": ["4.4"], "hotel_price": ["67"]}, "946968": {"hotel_name": "\u53e4\u90fd\u6587\u5316\u9152\u5e97(\u5357\u4eac\u7384\u6b66\u6e56\u9f13\u697c\u5730\u94c1\u7ad9\u5e97)", "order_time": ["2019-01-20 22:34:34"], "total_order": 1, "hotel_value": ["4.3"], "hotel_price": ["269"]}, "3669632": {"hotel_name": "\u96e8\u6da6\u4e2d\u592e\u516c\u9986\u884c\u653f\u9152\u5e97\u516c\u5bd3(\u5357\u4eac\u5965\u4f53\u4e2d\u5fc3\u5e97)", "order_time": ["2019-01-20 22:35:59"], "total_order": 1, "hotel_value": ["4.4"], "hotel_price": ["263"]}, "1451538": {"hotel_name": "\u5982\u5bb6\u5feb\u6377\u9152\u5e97(\u5357\u4eac\u65b0\u8857\u53e3\u5927\u884c\u5bab\u5730\u94c1\u7ad9\u6587\u660c\u5df7\u5e97)", "order_time": ["2019-01-20 22:36:00"], "total_order": 1, "hotel_value": ["4.4"], "hotel_price": ["223"]}, "17525181": {"hotel_name": "\u5357\u4eac\u5357\u7ad9\u80dc\u592a\u897f\u8def\u4e9a\u6735\u9152\u5e97", "order_time": ["2019-01-20 22:58:01", "2019-01-20 23:06:10", "2019-01-20 22:36:00"], "total_order": 3, "hotel_value": ["4.8", "4.8", "4.8"], "hotel_price": ["359", "359", "359"]}, "813373": {"hotel_name": "\u5357\u4eac\u6db5\u6708\u697c\u9996\u4e3d\u65af\u9152\u5e97", "order_time": ["2019-01-20 22:36:00"], "total_order": 1, "hotel_value": ["4.8"], "hotel_price": ["579"]}, "369713": {"hotel_name": "\u5357\u4eac\u7eff\u5730\u6d32\u9645\u9152\u5e97", "order_time": ["2019-01-20 22:36:00"], "total_order": 1, "hotel_value": ["4.7"], "hotel_price": ["949"]}, "7687802": {"hotel_name": "\u5357\u4eac\u767d\u65af\u7279\u9152\u5e97", "order_time": ["2019-01-20 22:36:02"], "total_order": 1, "hotel_value": ["4.6"], "hotel_price": ["298"]}, "8545558": {"hotel_name": "\u5357\u4eac\u5357\u5927\u56fd\u9645\u4f1a\u8bae\u4e2d\u5fc3", "order_time": ["2019-01-20 22:36:02", "2019-01-20 22:38:10"], "total_order": 2, "hotel_value": ["4.8", "4.8"], "hotel_price": ["468", "468"]}, "481331": {"hotel_name": "\u5357\u4eac\u4fdd\u9669\u5927\u53a6", "order_time": ["2019-01-20 22:36:02"], "total_order": 1, "hotel_value": ["4.2"], "hotel_price": ["246"]}, "1816830": {"hotel_name": "\u6854\u5b50\u9152\u5e97\u00b7\u7cbe\u9009(\u5357\u4eac\u65b0\u8857\u53e3\u5e97)", "order_time": ["2019-01-20 22:36:02", "2019-01-20 22:46:16", "2019-01-20 22:52:04"], "total_order": 3, "hotel_value": ["4.9", "4.9", "4.9"], "hotel_price": ["303", "303", "303"]}, "17498235": {"hotel_name": "\u5357\u4eac\u7fe0\u5c4f\u65b0\u6e2f\u5047\u65e5\u9152\u5e97", "order_time": ["2019-01-20 22:36:02", "2019-01-20 23:08:14"], "total_order": 2, "hotel_value": ["4.7", "4.7"], "hotel_price": ["627", "627"]}, "1535633": {"hotel_name": "\u6c49\u5ead\u9152\u5e97(\u5357\u4eac\u6c49\u4e2d\u95e8\u5730\u94c1\u7ad9\u5e97)", "order_time": ["2019-01-20 22:36:03", "2019-01-20 22:54:18"], "total_order": 2, "hotel_value": ["4.6", "4.6"], "hotel_price": ["208", "208"]}, "367765": {"hotel_name": "\u5357\u4eac\u51ef\u94c2\u7cbe\u54c1\u9152\u5e97", "order_time": ["2019-01-20 22:36:03", "2019-01-20 23:04:10"], "total_order": 2, "hotel_value": ["4.4", "4.4"], "hotel_price": ["417", "442"]}, "1535639": {"hotel_name": "\u6c49\u5ead\u9152\u5e97(\u5357\u4eac\u82dc\u84ff\u56ed\u5927\u8857\u5e97)", "order_time": ["2019-01-20 22:36:07"], "total_order": 1, "hotel_value": ["4.5"], "hotel_price": ["180"]}, "28094974": {"hotel_name": "\u5982\u5bb6\u5546\u65c5\u9152\u5e97(\u5357\u4eac\u706b\u8f66\u7ad9\u5317\u5e7f\u573a\u7384\u6b66\u6e56\u5e97)", "order_time": ["2019-01-20 22:46:15", "2019-01-20 22:36:07", "2019-01-20 23:16:08"], "total_order": 3, "hotel_value": ["4.6", "4.6", "4.6"], "hotel_price": ["255", "255", "255"]}, "1457485": {"hotel_name": "\u9526\u6c5f\u4e4b\u661f(\u5357\u4eac\u5927\u6865\u5317\u8def\u5e97)", "order_time": ["2019-01-20 22:36:08"], "total_order": 1, "hotel_value": ["4.6"], "hotel_price": ["189"]}, "17491470": {"hotel_name": "\u6c49\u5ead\u4f18\u4f73\u9152\u5e97(\u5357\u4eac\u4ed9\u6797\u5927\u5b66\u57ce\u5e97)", "order_time": ["2019-01-20 22:36:09"], "total_order": 1, "hotel_value": ["4.5"], "hotel_price": ["237"]}, "5380104": {"hotel_name": "\u5357\u4eac\u4e07\u5ea6\u5feb\u6377\u9152\u5e97\u5357\u7ad9\u5e97", "order_time": ["2019-01-20 23:04:12", "2019-01-20 22:36:10"], "total_order": 2, "hotel_value": ["3.8", "3.8"], "hotel_price": ["159", "159"]}, "21160353": {"hotel_name": "\u5357\u4eacST\u5f71\u9662\u9152\u5e97", "order_time": ["2019-01-20 22:36:14"], "total_order": 1, "hotel_value": ["4.8"], "hotel_price": ["236"]}, "1641424": {"hotel_name": "\u5357\u4eac\u827e\u4e3b\u9898\u5bbe\u9986", "order_time": ["2019-01-20 22:36:16"], "total_order": 1, "hotel_value": ["3.8"], "hotel_price": ["139"]}, "17990380": {"hotel_name": "\u5357\u4eac\u5b89\u5b89\u5c0f\u5bb6\u9152\u5e97", "order_time": ["2019-01-20 22:36:23"], "total_order": 1, "hotel_value": [0], "hotel_price": ["106"]}, "1341021": {"hotel_name": "\u5982\u5bb6\u5feb\u6377\u9152\u5e97(\u5357\u4eac\u5357\u822a\u5927\u5b66\u660e\u6545\u5bab\u745e\u91d1\u8def\u5e97)", "order_time": ["2019-01-20 22:38:04"], "total_order": 1, "hotel_value": ["4.5"], "hotel_price": ["218"]}, "1476770": {"hotel_name": "\u552f\u7231\u4e4b\u661f\u4e3b\u9898\u5bbe\u9986(\u5357\u4eac\u4ed9\u6797\u5e97)", "order_time": ["2019-01-20 22:38:05"], "total_order": 1, "hotel_value": ["3.8"], "hotel_price": ["148"]}, "811658": {"hotel_name": "\u6e05\u6c90\u8fde\u9501\u9152\u5e97(\u5357\u4eac\u5357\u7ad9\u5927\u660e\u8def\u5e97)", "order_time": ["2019-01-20 22:38:06"], "total_order": 1, "hotel_value": ["4.4"], "hotel_price": ["156"]}, "1633091": {"hotel_name": "\u5357\u4eac\u7ea6\u7ff0\u82b1\u56ed\u5927\u9152\u5e97", "order_time": ["2019-01-20 22:38:08", "2019-01-20 22:44:10"], "total_order": 2, "hotel_value": ["4.3", "4.3"], "hotel_price": ["318", "318"]}, "1837037": {"hotel_name": "\u94f6\u674f\u82b1\u56ed\u9152\u5e97(\u5357\u4eac\u5357\u7ad9\u6c5f\u5b81\u4e07\u8fbe\u5e97)", "order_time": ["2019-01-20 22:38:10"], "total_order": 1, "hotel_value": ["4.6"], "hotel_price": ["117"]}, "14951207": {"hotel_name": "\u5357\u4eac\u6c64\u5c71\u5320\u6751\u5367\u9999\u6e29\u6cc9\u6c11\u5bbf", "order_time": ["2019-01-20 22:38:12"], "total_order": 1, "hotel_value": ["4.9"], "hotel_price": ["1102"]}, "26104001": {"hotel_name": "\u5357\u4eac\u6021\u99a8\u7f18\u5bbe\u9986", "order_time": ["2019-01-20 22:38:16"], "total_order": 1, "hotel_value": ["4.8"], "hotel_price": ["120"]}, "1426613": {"hotel_name": "\u5357\u4eac\u571f\u4e01\u4e07\u91cc\u8def\u56fd\u9645\u9752\u5e74\u9152\u5e97", "order_time": ["2019-01-20 22:38:22"], "total_order": 1, "hotel_value": ["4.5"], "hotel_price": ["53"]}, "1183473": {"hotel_name": "\u5c1a\u5ba2\u4f18\u5feb\u6377\u9152\u5e97(\u5357\u4eac\u65e0\u60f3\u5c71\u5730\u94c1\u7ad9\u5e97)", "order_time": ["2019-01-20 22:38:42"], "total_order": 1, "hotel_value": ["4.4"], "hotel_price": ["145"]}, "25050379": {"hotel_name": "\u5357\u4eac\u5965\u4f53\u4e2d\u5fc3\u4e9a\u6735S\u9152\u5e97", "order_time": ["2019-01-20 22:44:11", "2019-01-20 23:02:10", "2019-01-20 22:40:01"], "total_order": 3, "hotel_value": ["4.8", "4.8", "4.8"], "hotel_price": ["380", "380", "380"]}, "6942151": {"hotel_name": "\u6854\u5b50\u9152\u5e97\u00b7\u7cbe\u9009(\u5357\u4eac\u592b\u5b50\u5e99\u5efa\u5eb7\u8def\u5e97)", "order_time": ["2019-01-20 22:40:02"], "total_order": 1, "hotel_value": ["4.8"], "hotel_price": ["237"]}, "8838971": {"hotel_name": "\u5357\u4eac\u592b\u5b50\u5e99\u4e9a\u6735\u9152\u5e97", "order_time": ["2019-01-20 22:40:04"], "total_order": 1, "hotel_value": ["4.9"], "hotel_price": ["399"]}, "6395726": {"hotel_name": "\u53e4\u5357\u90fd\u9038\u5c45\u9152\u5e97(\u5357\u4eac\u65b0\u8857\u53e3\u4e2d\u5fc3\u5e97)(\u539f\u5f18\u5609\u65b0\u8857\u53e3\u4e00\u5e97)", "order_time": ["2019-01-20 22:40:04"], "total_order": 1, "hotel_value": ["4.8"], "hotel_price": ["303"]}, "2302852": {"hotel_name": "7\u5929\u8fde\u9501\u9152\u5e97(\u5357\u4eac\u5357\u7ad9\u6c5f\u5b81\u6cb3\u5b9a\u6865\u5730\u94c1\u7ad9\u5e97)", "order_time": ["2019-01-20 22:40:08"], "total_order": 1, "hotel_value": ["3.9"], "hotel_price": ["111"]}, "17527314": {"hotel_name": "\u6e05\u6c90\u7cbe\u54c1\u9152\u5e97(\u5357\u4eac\u5357\u7ad9\u5317\u5e7f\u573a\u5e97)", "order_time": ["2019-01-20 22:40:08"], "total_order": 1, "hotel_value": ["4.6"], "hotel_price": ["248"]}, "17864715": {"hotel_name": "\u5357\u4eac\u5357\u5cb8\u98ce\u683c\u9152\u5e97", "order_time": ["2019-01-20 23:12:02", "2019-01-20 22:40:09", "2019-01-20 23:00:19"], "total_order": 3, "hotel_value": ["4.6", "4.6", "4.6"], "hotel_price": ["217", "217", "217"]}, "811677": {"hotel_name": "\u6e05\u6c90\u7cbe\u9009\u9152\u5e97(\u5357\u4eac\u6e56\u5357\u8def\u6b65\u884c\u8857\u5e97)", "order_time": ["2019-01-20 22:40:10", "2019-01-20 23:02:15"], "total_order": 2, "hotel_value": ["4.4", "4.4"], "hotel_price": ["254", "336"]}, "5375999": {"hotel_name": "\u683c\u6797\u8054\u76df\u9152\u5e97(\u5357\u4eac\u5357\u7ad9\u660e\u53d1\u5e7f\u573a\u5e97)", "order_time": ["2019-01-20 22:40:13"], "total_order": 1, "hotel_value": ["4.2"], "hotel_price": ["208"]}, "3292300": {"hotel_name": "\u683c\u6797\u8c6a\u6cf0(\u5357\u4eac\u56fa\u57ce\u6e56\u8001\u8857\u98ce\u666f\u533a\u5e97)", "order_time": ["2019-01-20 22:40:20"], "total_order": 1, "hotel_value": ["4.5"], "hotel_price": ["109"]}, "2259986": {"hotel_name": "\u5357\u4eac\u4e50\u4e0a\u9152\u5e97\u516c\u5bd3", "order_time": ["2019-01-20 22:40:21"], "total_order": 1, "hotel_value": ["4.3"], "hotel_price": ["139"]}, "1816838": {"hotel_name": "\u6854\u5b50\u9152\u5e97(\u5357\u4eac\u535a\u7269\u9662\u9152\u5e97)(\u539f\u4e1c\u534e\u95e8\u5e97)", "order_time": ["2019-01-20 23:16:05", "2019-01-20 22:52:07", "2019-01-20 22:42:04"], "total_order": 3, "hotel_value": ["4.9", "4.9", "4.9"], "hotel_price": ["237", "237", "237"]}, "6798819": {"hotel_name": "\u5357\u4eac\u91d1\u76fe\u996d\u5e97", "order_time": ["2019-01-20 22:42:10"], "total_order": 1, "hotel_value": ["4.5"], "hotel_price": ["339"]}, "4727373": {"hotel_name": "\u5982\u5bb6\u5546\u65c5\u9152\u5e97(\u5357\u4eac\u65b0\u8857\u53e3\u4e2d\u5fc3\u5e97)", "order_time": ["2019-01-20 22:42:10"], "total_order": 1, "hotel_value": ["4.8"], "hotel_price": ["303"]}, "5372975": {"hotel_name": "\u5357\u4eac\u4e50\u4e1a\u7cbe\u9009\u9152\u5e97", "order_time": ["2019-01-20 22:42:11"], "total_order": 1, "hotel_value": ["4.4"], "hotel_price": ["198"]}, "2300722": {"hotel_name": "7\u5929\u8fde\u9501\u9152\u5e97(\u5357\u4eac\u73e0\u6c5f\u8def\u5730\u94c1\u7ad9\u5e97)", "order_time": ["2019-01-20 22:42:12"], "total_order": 1, "hotel_value": ["4.1"], "hotel_price": ["180"]}, "5767032": {"hotel_name": "\u5357\u4eac\u4e09\u4e2a\u706b\u67f4\u9752\u5e74\u65c5\u793e", "order_time": ["2019-01-20 22:42:21"], "total_order": 1, "hotel_value": ["4.8"], "hotel_price": ["79"]}, "1649299": {"hotel_name": "\u5357\u4eac\u6e56\u5317\u8def\u62db\u5f85\u6240", "order_time": ["2019-01-20 22:42:37"], "total_order": 1, "hotel_value": ["3.7"], "hotel_price": ["108"]}, "1950625": {"hotel_name": "\u80af\u5b9a\u5bbe\u9986\u8fde\u9501(\u5357\u4eac\u9c7c\u5e02\u8857\u5e97)", "order_time": ["2019-01-20 22:42:43"], "total_order": 1, "hotel_value": ["3.9"], "hotel_price": ["118"]}, "1943705": {"hotel_name": "\u5357\u4eac\u6e56\u5357\u8def\u4e9a\u6735\u9152\u5e97", "order_time": ["2019-01-20 22:42:48"], "total_order": 1, "hotel_value": ["4.8"], "hotel_price": ["413"]}, "24003770": {"hotel_name": "\u5b9c\u5c1a\u9152\u5e97(\u5357\u4eac\u5929\u5370\u5927\u9053\u5730\u94c1\u7ad9\u5e97)", "order_time": ["2019-01-20 22:44:10"], "total_order": 1, "hotel_value": ["4.8"], "hotel_price": ["304"]}, "432006": {"hotel_name": "\u6708\u8272\u98ce\u5c1a\u00b7\u5f71\u9662\u9152\u5e97(\u5357\u4eac\u65b0\u8857\u53e3\u73e0\u6c5f\u8def\u5730\u94c1\u5e97)", "order_time": ["2019-01-20 22:44:10"], "total_order": 1, "hotel_value": ["4.4"], "hotel_price": ["283"]}, "28127506": {"hotel_name": "\u5357\u4eac\u9a6c\u7fa4\u4e9a\u6735\u9152\u5e97", "order_time": ["2019-01-20 22:44:10"], "total_order": 1, "hotel_value": ["4.9"], "hotel_price": ["376"]}, "1136782": {"hotel_name": "\u5357\u4eac\u63a2\u82b1\u697c\u9152\u5e97", "order_time": ["2019-01-20 23:06:11", "2019-01-20 22:56:05", "2019-01-20 22:44:12"], "total_order": 3, "hotel_value": ["4.4", "4.4", "4.4"], "hotel_price": ["198", "198", "198"]}, "4056103": {"hotel_name": "\u4e07\u7231\u60c5\u4fa3\u4e3b\u9898\u9152\u5e97(\u5357\u4eac\u592b\u5b50\u5e99\u5e97)", "order_time": ["2019-01-20 22:44:12"], "total_order": 1, "hotel_value": ["4.6"], "hotel_price": ["259"]}, "1938423": {"hotel_name": "\u9526\u6c5f\u4e4b\u661f(\u5357\u4eac\u4e2d\u5c71\u5317\u8def\u8679\u6865\u4e2d\u5fc3\u5e97)", "order_time": ["2019-01-20 23:10:11", "2019-01-20 22:44:17"], "total_order": 2, "hotel_value": ["4.7", "4.7"], "hotel_price": ["266", "266"]}, "8574598": {"hotel_name": "\u6e05\u6c90\u7cbe\u9009\u9152\u5e97(\u5357\u4eac\u6587\u5fb7\u8def\u5730\u94c1\u7ad9\u5e97)", "order_time": ["2019-01-20 22:44:19"], "total_order": 1, "hotel_value": ["4.5"], "hotel_price": ["164"]}, "6111421": {"hotel_name": "\u6e05\u6c90\u7cbe\u54c1\u9152\u5e97(\u5357\u4eac\u5929\u6da6\u57ce\u5730\u94c1\u7ad9\u5e97)", "order_time": ["2019-01-20 22:44:20"], "total_order": 1, "hotel_value": ["4.5"], "hotel_price": ["134"]}, "14252090": {"hotel_name": "\u5982\u5bb6\u5546\u65c5\u9152\u5e97(\u5357\u4eac\u592b\u5b50\u5e99\u5730\u94c1\u7ad9\u5e97)", "order_time": ["2019-01-20 22:44:21"], "total_order": 1, "hotel_value": ["4.6"], "hotel_price": ["332"]}, "10842556": {"hotel_name": "\u5357\u4eac\u5e78\u798f\u91cc\u9152\u5e97\u516c\u5bd3\u5347\u9f99\u6c47\u91d1\u5e97", "order_time": ["2019-01-20 22:44:21"], "total_order": 1, "hotel_value": ["4.7"], "hotel_price": ["196"]}, "5315994": {"hotel_name": "\u5357\u4eac\u6bd4\u7855\u5047\u65e5\u9152\u5e97", "order_time": ["2019-01-20 22:44:21"], "total_order": 1, "hotel_value": ["3.5"], "hotel_price": ["128"]}, "1841371": {"hotel_name": "\u80af\u5b9a\u8fde\u9501\u9152\u5e97(\u5357\u4eac\u6c34\u897f\u95e8\u4e91\u9526\u8def\u5730\u94c1\u7ad9\u5e97)(\u539f\u5357\u4eac\u82cf\u5efa\u5546\u52a1\u9152\u5e97)", "order_time": ["2019-01-20 22:44:22"], "total_order": 1, "hotel_value": ["4.4"], "hotel_price": ["262"]}, "859236": {"hotel_name": "\u6c49\u5ead\u9152\u5e97(\u5357\u4eac\u65b0\u8857\u53e3\u534e\u4fa8\u8def\u5e97)", "order_time": ["2019-01-20 22:44:45"], "total_order": 1, "hotel_value": ["4.3"], "hotel_price": ["246"]}, "5667362": {"hotel_name": "\u5357\u4eac\u7a7a\u90fd\u9152\u5e97", "order_time": ["2019-01-20 22:44:46"], "total_order": 1, "hotel_value": ["4.5"], "hotel_price": ["288"]}, "6557671": {"hotel_name": "\u5fc3\u4e4b\u604b\u60c5\u4fa3\u9152\u5e97(\u5357\u4eac\u89e3\u653e\u8def\u5e97)", "order_time": ["2019-01-20 22:46:10", "2019-01-20 22:52:09"], "total_order": 2, "hotel_value": ["4.5", "4.5"], "hotel_price": ["197", "197"]}, "2783279": {"hotel_name": "\u5e03\u4e01\u9152\u5e97(\u5357\u4eac\u5357\u7ad9\u53cc\u9f99\u5927\u9053\u5730\u94c1\u7ad9\u5e97)", "order_time": ["2019-01-20 22:46:10"], "total_order": 1, "hotel_value": ["4.3"], "hotel_price": ["141"]}, "18047423": {"hotel_name": "\u5357\u4eac\u6e29\u7279\u83b1\u9152\u5e97", "order_time": ["2019-01-20 22:46:11"], "total_order": 1, "hotel_value": ["4.5"], "hotel_price": ["178"]}, "1254450": {"hotel_name": "\u5357\u4eac\u65af\u7ef4\u767b\u670d\u52a1\u516c\u5bd3(\u96e8\u6da6\u4e2d\u592e\u516c\u9986)", "order_time": ["2019-01-20 22:52:13", "2019-01-20 22:46:13", "2019-01-20 23:14:21"], "total_order": 3, "hotel_value": ["4.7", "4.7", "4.7"], "hotel_price": ["280", "280", "280"]}, "536441": {"hotel_name": "\u5357\u4eac\u65b0\u57ce\u5546\u52a1\u9152\u5e97", "order_time": ["2019-01-20 22:46:13"], "total_order": 1, "hotel_value": ["4.6"], "hotel_price": ["308"]}, "1632851": {"hotel_name": "\u6854\u5b50\u6c34\u6676\u9152\u5e97(\u5357\u4eac\u9038\u4ed9\u6865\u603b\u7edf\u5e9c\u6885\u56ed\u65b0\u6751\u5e97)", "order_time": ["2019-01-20 22:46:16"], "total_order": 1, "hotel_value": ["4.8"], "hotel_price": ["386"]}, "28363316": {"hotel_name": "\u6854\u5b50\u9152\u5e97\u00b7\u7cbe\u9009(\u5357\u4eac\u706b\u8f66\u5357\u7ad9\u767e\u5bb6\u6e56\u5e97)", "order_time": ["2019-01-20 22:46:17"], "total_order": 1, "hotel_value": [0], "hotel_price": ["303"]}, "15327659": {"hotel_name": "\u5eb7\u94c2\u9152\u5e97(\u5357\u4eac\u6c5f\u5b81\u5f00\u53d1\u533a\u5e97)", "order_time": ["2019-01-20 22:46:18"], "total_order": 1, "hotel_value": ["4.8"], "hotel_price": ["289"]}, "3031346": {"hotel_name": "Q\u52a0\u00b7\u8587\u7231\u7cbe\u54c1\u65f6\u5c1a\u9152\u5e97(\u5357\u4eac\u7384\u6b66\u6e56\u5e97)", "order_time": ["2019-01-20 22:46:28"], "total_order": 1, "hotel_value": ["4.6"], "hotel_price": ["219"]}, "2707009": {"hotel_name": "\u6613\u4f70\u9152\u5e97(\u5357\u4eac\u6cb3\u6d77\u5927\u5b66\u5730\u94c1\u7ad9\u5e97)", "order_time": ["2019-01-20 22:46:28"], "total_order": 1, "hotel_value": ["4.2"], "hotel_price": ["159"]}, "1414595": {"hotel_name": "\u69b4\u83b2\u5c0f\u661f\u8fde\u9501\u9152\u5e97(\u5357\u4eac\u5efa\u5b81\u8def\u5e97)", "order_time": ["2019-01-20 22:46:28"], "total_order": 1, "hotel_value": ["4.2"], "hotel_price": ["149"]}, "6829643": {"hotel_name": "\u5357\u4eac\u666f\u60a6\u5546\u52a1\u5bbe\u9986", "order_time": ["2019-01-20 22:46:28"], "total_order": 1, "hotel_value": ["4.1"], "hotel_price": ["148"]}, "2043640": {"hotel_name": "7\u5929\u4f18\u54c1\u9152\u5e97(\u5357\u4eac\u6c49\u4e2d\u95e8\u5730\u94c1\u7ad9\u5e97)", "order_time": ["2019-01-20 22:46:28"], "total_order": 1, "hotel_value": ["4.3"], "hotel_price": ["202"]}, "1687481": {"hotel_name": "\u5357\u4eac\u5927\u5b66\u5357\u82d1\u4f1a\u8bae\u4e2d\u5fc3", "order_time": ["2019-01-20 22:46:41"], "total_order": 1, "hotel_value": ["4.4"], "hotel_price": ["300"]}, "22825276": {"hotel_name": "\u5357\u4eac\u8bc1\u5927\u5168\u60a6\u516c\u5bd3", "order_time": ["2019-01-20 23:00:09", "2019-01-20 22:48:09"], "total_order": 2, "hotel_value": ["4.7", "4.7"], "hotel_price": ["223", "223"]}, "15944447": {"hotel_name": "\u5357\u4eacCA\u516c\u5bd3\u9152\u5e97", "order_time": ["2019-01-20 22:48:12"], "total_order": 1, "hotel_value": ["4.8"], "hotel_price": ["288"]}, "6063855": {"hotel_name": "\u5357\u4eac\u6c34\u6676\u4e3d\u6a59\u9152\u5e97", "order_time": ["2019-01-20 22:48:12"], "total_order": 1, "hotel_value": ["4.1"], "hotel_price": ["114"]}, "1336390": {"hotel_name": "7\u5929\u8fde\u9501\u9152\u5e97(\u5357\u4eac\u592b\u5b50\u5e99\u5927\u5149\u8def\u5e97)", "order_time": ["2019-01-20 22:48:13"], "total_order": 1, "hotel_value": ["4.2"], "hotel_price": ["127"]}, "1633276": {"hotel_name": "\u5357\u4eac\u65b0\u534e\u4f20\u5a92\u7ca4\u6d77\u56fd\u9645\u5927\u9152\u5e97", "order_time": ["2019-01-20 22:48:14"], "total_order": 1, "hotel_value": ["4.8"], "hotel_price": ["498"]}, "4728409": {"hotel_name": "\u8776\u604b\u82b1\u56ed\u9152\u5e97(\u5357\u4eac\u6653\u5e84\u56fd\u9645\u5e7f\u573a\u5e97)(\u539f\u79cb\u8c31\u5bbe\u9986)", "order_time": ["2019-01-20 22:48:17"], "total_order": 1, "hotel_value": ["4.9"], "hotel_price": ["97"]}, "4625250": {"hotel_name": "\u5357\u4eac\u7406\u60f3\u5bb6\u9752\u5e74\u516c\u5bd3", "order_time": ["2019-01-20 22:48:18"], "total_order": 1, "hotel_value": ["4.1"], "hotel_price": ["97"]}, "1698251": {"hotel_name": "\u5357\u4eac\u597d\u7a0b\u9152\u5e97(\u539f\u534e\u6fb3\u5bbe\u9986(\u5357\u4eac\u864e\u8e1e\u5317\u8def\u4e8c\u5e97))", "order_time": ["2019-01-20 22:48:19"], "total_order": 1, "hotel_value": ["4.2"], "hotel_price": ["158"]}, "1462824": {"hotel_name": "\u80af\u5b9a\u5bbe\u9986\u8fde\u9501(\u5357\u4eac\u8fc8\u768b\u6865\u5e97)", "order_time": ["2019-01-20 22:48:21"], "total_order": 1, "hotel_value": ["4.0"], "hotel_price": ["123"]}, "5323635": {"hotel_name": "\u9526\u6c5f\u4e4b\u661f(\u5357\u4eac\u6797\u4e1a\u5927\u5b66\u82b1\u56ed\u8def\u5e97)", "order_time": ["2019-01-20 22:48:21"], "total_order": 1, "hotel_value": ["4.5"], "hotel_price": ["189"]}, "8682682": {"hotel_name": "\u5357\u4eac\u83b1\u8499\u7cbe\u54c1\u9752\u5e74\u516c\u5bd3", "order_time": ["2019-01-20 22:48:23"], "total_order": 1, "hotel_value": ["4.6"], "hotel_price": ["96"]}, "2642231": {"hotel_name": "\u6c49\u5ead\u9152\u5e97(\u5357\u4eac\u592a\u5e73\u5357\u8def\u5e97)", "order_time": ["2019-01-20 22:48:25"], "total_order": 1, "hotel_value": ["4.4"], "hotel_price": ["208"]}, "23966805": {"hotel_name": "\u5357\u4eac\u591a\u5f69\u5bbe\u9986", "order_time": ["2019-01-20 22:48:28"], "total_order": 1, "hotel_value": ["4.5"], "hotel_price": ["154"]}, "6867500": {"hotel_name": "\u5357\u4eac\u9014\u5bb6\u82b1\u56ed\u5bbe\u9986", "order_time": ["2019-01-20 22:48:28"], "total_order": 1, "hotel_value": ["4.1"], "hotel_price": ["94"]}, "1633302": {"hotel_name": "\u5357\u4eac\u626c\u5b50\u5bbe\u9986", "order_time": ["2019-01-20 22:48:30"], "total_order": 1, "hotel_value": ["3.4"], "hotel_price": ["380"]}, "1943682": {"hotel_name": "\u5357\u4eac\u5927\u597d\u6cb3\u5c71\u5ea6\u5047\u9152\u5e97(\u539f\u7d2b\u4e30\u9501\u77f3\u5ea6\u5047\u9152\u5e97)", "order_time": ["2019-01-20 22:48:33"], "total_order": 1, "hotel_value": ["4.0"], "hotel_price": ["242"]}, "6942463": {"hotel_name": "\u5357\u4eac\u541b\u9601\u5bbe\u9986", "order_time": ["2019-01-20 22:48:36"], "total_order": 1, "hotel_value": ["3.9"], "hotel_price": ["142"]}, "898232": {"hotel_name": "\u5929\u76db\u5927\u9152\u5e97(\u5357\u4eac\u65b0\u8857\u53e3\u5f20\u5e9c\u56ed\u5730\u94c1\u7ad9\u5e97)", "order_time": ["2019-01-20 23:06:10", "2019-01-20 22:50:11"], "total_order": 2, "hotel_value": ["4.5", "4.5"], "hotel_price": ["305", "305"]}, "7570688": {"hotel_name": "\u5357\u4eac\u6cb3\u897f\u82cf\u5b81\u96c5\u60a6\u9152\u5e97", "order_time": ["2019-01-20 22:50:11"], "total_order": 1, "hotel_value": ["4.6"], "hotel_price": ["424"]}, "1283038": {"hotel_name": "\u5357\u4eac\u91d1\u9675\u65b0\u57ce\u996d\u5e97", "order_time": ["2019-01-20 22:50:13"], "total_order": 1, "hotel_value": ["4.7"], "hotel_price": ["391"]}, "14002765": {"hotel_name": "\u5357\u4eac\u9999\u8212\u9601\u5bbe\u9986", "order_time": ["2019-01-20 22:50:15"], "total_order": 1, "hotel_value": ["4.9"], "hotel_price": ["162"]}, "25680041": {"hotel_name": "\u5357\u4eac\u4e3d\u6e56\u96c5\u81f4\u7a7a\u6e2f\u9152\u5e97", "order_time": ["2019-01-20 22:50:15", "2019-01-20 22:56:14"], "total_order": 2, "hotel_value": ["4.6", "4.6"], "hotel_price": ["418", "418"]}, "1943414": {"hotel_name": "\u5357\u4eac\u72ee\u8c6a\u9152\u5e97", "order_time": ["2019-01-20 22:50:17"], "total_order": 1, "hotel_value": ["4.5"], "hotel_price": ["143"]}, "2249815": {"hotel_name": "\u5357\u4eac\u68c9\u94ed\u5feb\u6377\u9152\u5e97", "order_time": ["2019-01-20 22:50:17"], "total_order": 1, "hotel_value": ["4.1"], "hotel_price": ["183"]}, "2875259": {"hotel_name": "\u56f4\u57ce\u5047\u65e5\u9152\u5e97(\u5357\u4eac\u5357\u7ad9\u4e2d\u5fc3\u5e97)", "order_time": ["2019-01-20 22:50:18"], "total_order": 1, "hotel_value": ["4.5"], "hotel_price": ["134"]}, "1415838": {"hotel_name": "\u901f8\u9152\u5e97(\u5357\u4eac\u706b\u8f66\u5357\u7ad9\u5e97)", "order_time": ["2019-01-20 22:50:21", "2019-01-20 23:06:16"], "total_order": 2, "hotel_value": ["4.2", "4.2"], "hotel_price": ["189", "189"]}, "4496845": {"hotel_name": "\u53e4\u5357\u90fd\u4ea6\u95f2\u516c\u9986(\u5357\u4eac\u4e91\u5357\u8def\u5730\u94c1\u7ad9\u5e97)", "order_time": ["2019-01-20 22:50:21"], "total_order": 1, "hotel_value": ["4.8"], "hotel_price": ["279"]}, "1227217": {"hotel_name": "\u6708\u8272\u98ce\u5c1a\u4e3b\u9898\u9152\u5e97(\u5357\u4eac\u57ce\u5f00\u56fd\u9645\u5e97)", "order_time": ["2019-01-20 22:50:23"], "total_order": 1, "hotel_value": ["4.5"], "hotel_price": ["231"]}, "6186972": {"hotel_name": "\u5357\u4eac\u7d2b\u85e4\u82b1\u56ed\u9152\u5e97(\u80dc\u592a\u8def\u5e97)", "order_time": ["2019-01-20 22:50:23"], "total_order": 1, "hotel_value": ["3.9"], "hotel_price": ["108"]}, "1302098": {"hotel_name": "\u5982\u5bb6\u5feb\u6377\u9152\u5e97(\u5357\u4eac\u516d\u5408\u5e97)", "order_time": ["2019-01-20 22:50:26"], "total_order": 1, "hotel_value": ["4.5"], "hotel_price": ["122"]}, "5226526": {"hotel_name": "\u5357\u4eac\u6e56\u6728\u9152\u5e97\u516c\u5bd3", "order_time": ["2019-01-20 22:50:26"], "total_order": 1, "hotel_value": ["4.4"], "hotel_price": ["203"]}, "1419707": {"hotel_name": "\u5357\u4eac\u91d1\u9e4f\u9152\u5e97", "order_time": ["2019-01-20 22:50:31"], "total_order": 1, "hotel_value": ["4.1"], "hotel_price": ["124"]}, "1455022": {"hotel_name": "\u5357\u4eac\u5ba2\u597d\u591a\u9152\u5e97", "order_time": ["2019-01-20 22:50:34"], "total_order": 1, "hotel_value": ["3.8"], "hotel_price": ["138"]}, "1535640": {"hotel_name": "\u6c49\u5ead\u9152\u5e97(\u5357\u4eac\u8f6f\u4ef6\u5927\u9053\u5e97)", "order_time": ["2019-01-20 22:50:35"], "total_order": 1, "hotel_value": ["4.4"], "hotel_price": ["199"]}, "2175726": {"hotel_name": "\u80af\u5b9a\u7cbe\u54c1\u60c5\u4fa3\u9152\u5e97(\u5357\u4eac\u6cb3\u897f\u4e07\u8fbe\u5e97)", "order_time": ["2019-01-20 22:50:37"], "total_order": 1, "hotel_value": ["4.0"], "hotel_price": ["158"]}, "1451993": {"hotel_name": "\u5982\u5bb6\u5feb\u6377\u9152\u5e97(\u5357\u4eac\u6c49\u4e2d\u95e8\u5927\u8857\u5e97)", "order_time": ["2019-01-20 22:52:06"], "total_order": 1, "hotel_value": ["4.3"], "hotel_price": ["193"]}, "482289": {"hotel_name": "\u5357\u4eac\u4e2d\u592e\u996d\u5e97", "order_time": ["2019-01-20 23:16:07", "2019-01-20 22:52:06", "2019-01-20 22:58:08"], "total_order": 3, "hotel_value": ["4.4", "4.4", "4.4"], "hotel_price": ["288", "288", "288"]}, "1487322": {"hotel_name": "\u6c49\u5ead\u9152\u5e97(\u5357\u4eac\u4ed9\u9e64\u95e8\u7d2b\u4e1c\u5546\u4e1a\u8857\u5e97)(\u539f\u4ed9\u9e64\u95e8\u5e97)", "order_time": ["2019-01-20 22:52:06"], "total_order": 1, "hotel_value": ["4.4"], "hotel_price": ["189"]}, "471367": {"hotel_name": "\u5357\u4eac\u82cf\u5b81\u73af\u7403\u5957\u623f\u996d\u5e97", "order_time": ["2019-01-20 22:52:07"], "total_order": 1, "hotel_value": ["4.8"], "hotel_price": ["548"]}, "4122292": {"hotel_name": "\u5c1a\u5ba2\u4f18\u8fde\u9501\u9152\u5e97(\u5357\u4eac\u6cb3\u6d77\u5927\u5b66\u5730\u94c1\u7ad9\u5e97)", "order_time": ["2019-01-20 22:52:09"], "total_order": 1, "hotel_value": ["4.2"], "hotel_price": ["151"]}, "811660": {"hotel_name": "\u6e05\u6c90\u8fde\u9501\u9152\u5e97(\u5357\u4eac\u5927\u6865\u5357\u8def\u5bb6\u4e50\u798f\u5e97)", "order_time": ["2019-01-20 23:08:12", "2019-01-20 22:52:10"], "total_order": 2, "hotel_value": ["4.3", "4.3"], "hotel_price": ["239", "239"]}, "435796": {"hotel_name": "\u5357\u4eac\u56fd\u4fe1\u72b6\u5143\u697c\u5927\u9152\u5e97", "order_time": ["2019-01-20 22:52:13"], "total_order": 1, "hotel_value": ["4.7"], "hotel_price": ["558"]}, "1619434": {"hotel_name": "\u80af\u5b9a\u8fde\u9501\u9152\u5e97(\u5357\u4eac\u9ad8\u6df3\u5e97)(\u539f\u5357\u4eac\u9ad8\u6df3\u597d\u6765\u9601\u5546\u52a1\u5bbe\u9986)", "order_time": ["2019-01-20 22:52:29"], "total_order": 1, "hotel_value": ["4.1"], "hotel_price": ["78"]}, "4546100": {"hotel_name": "\u5357\u4eac\u8c6a\u60c5\u5bbe\u9986", "order_time": ["2019-01-20 22:52:34"], "total_order": 1, "hotel_value": ["3.1"], "hotel_price": ["98"]}, "9657379": {"hotel_name": "\u7f57\u66fc\u5047\u65e5\u7cbe\u54c1\u9152\u5e97(\u5357\u4eac\u9ad8\u6df3\u516b\u4f70\u4f34\u5e97)", "order_time": ["2019-01-20 22:52:37"], "total_order": 1, "hotel_value": ["4.6"], "hotel_price": ["101"]}, "1500412": {"hotel_name": "\u5357\u4eac\u77bb\u56ed\u56fd\u9645\u9752\u5e74\u65c5\u820d", "order_time": ["2019-01-20 22:54:04"], "total_order": 1, "hotel_value": ["4.1"], "hotel_price": ["50"]}, "23929557": {"hotel_name": "\u5357\u4eac\u6c83\u5b5c\u9152\u5e97", "order_time": ["2019-01-20 22:54:08"], "total_order": 1, "hotel_value": ["4.6"], "hotel_price": ["168"]}, "1520050": {"hotel_name": "\u5bd2\u820d\u7cbe\u54c1\u9152\u5e97(\u5357\u4eac\u592b\u5b50\u5e99\u5e97)(\u539f\u957f\u4e50\u8def\u5e97)", "order_time": ["2019-01-20 22:54:08"], "total_order": 1, "hotel_value": ["4.3"], "hotel_price": ["172"]}, "9770022": {"hotel_name": "Q\u52a0\u00b7\u4e94\u68f5\u6811\u57ce\u9645\u9152\u5e97(\u5357\u4eac\u5357\u7ad9\u5e97)", "order_time": ["2019-01-20 22:54:08"], "total_order": 1, "hotel_value": ["4.6"], "hotel_price": ["206"]}, "17589650": {"hotel_name": "\u5357\u4eac\u4e2d\u5c71\u9675\u666f\u533a\u4e9a\u6735\u9152\u5e97", "order_time": ["2019-01-20 22:54:08"], "total_order": 1, "hotel_value": ["4.8"], "hotel_price": ["360"]}, "435621": {"hotel_name": "\u5357\u4eac\u4e2d\u5c71\u5927\u53a6", "order_time": ["2019-01-20 22:54:10"], "total_order": 1, "hotel_value": ["4.7"], "hotel_price": ["389"]}, "17038644": {"hotel_name": "\u5357\u4eac\u4e9a\u9526\u9152\u5e97\u56fd\u9645\u516c\u5bd3\uff08\u65b0\u6e2f\u5f00\u53d1\u533a\u71d5\u5b50\u77f6\u5e97\uff09", "order_time": ["2019-01-20 22:54:11"], "total_order": 1, "hotel_value": ["4.6"], "hotel_price": ["137"]}, "18068623": {"hotel_name": "\u5357\u4eac\u4f70\u5229\u4e9a\u516c\u5bd3\u5f0f\u9152\u5e97", "order_time": ["2019-01-20 22:54:15", "2019-01-20 23:04:12"], "total_order": 2, "hotel_value": ["4.1", "4.1"], "hotel_price": ["163", "131"]}, "17195370": {"hotel_name": "\u5357\u4eac\u9890\u548c\u82a5\u5b50\u56ed\u9152\u5e97", "order_time": ["2019-01-20 22:56:04", "2019-01-20 23:00:08"], "total_order": 2, "hotel_value": ["4.8", "4.8"], "hotel_price": ["1140", "1140"]}, "5469110": {"hotel_name": "\u5357\u4eac\u5929\u79a7\u9152\u5e97", "order_time": ["2019-01-20 22:56:04"], "total_order": 1, "hotel_value": ["4.6"], "hotel_price": ["348"]}, "25824305": {"hotel_name": "\u5b9c\u5c1a\u9152\u5e97(\u5357\u4eac\u9752\u5965\u535a\u89c8\u4e2d\u5fc3\u5e97)", "order_time": ["2019-01-20 22:56:05"], "total_order": 1, "hotel_value": ["4.6"], "hotel_price": ["332"]}, "859308": {"hotel_name": "\u5982\u5bb6\u5feb\u6377\u9152\u5e97(\u5357\u4eac\u65b0\u8857\u53e3\u5f20\u5e9c\u56ed\u5730\u94c1\u7ad9\u5e97)", "order_time": ["2019-01-20 22:56:08", "2019-01-20 23:08:04"], "total_order": 2, "hotel_value": ["4.6", "4.6"], "hotel_price": ["210", "210"]}, "23843325": {"hotel_name": "\u4e50\u5bb6\u8f69\u8f7b\u5962\u5ea6\u5047\u516c\u5bd3(\u5357\u4eac\u5965\u4f53\u5347\u9f99\u6c47\u91d1\u5e97)", "order_time": ["2019-01-20 22:56:08"], "total_order": 1, "hotel_value": ["4.6"], "hotel_price": ["154"]}, "4641571": {"hotel_name": "\u5357\u4eac\u665a\u5b89\u6587\u9f0e\u9152\u5e97\u5f0f\u516c\u5bd3", "order_time": ["2019-01-20 22:56:11"], "total_order": 1, "hotel_value": ["4.3"], "hotel_price": ["132"]}, "14010974": {"hotel_name": "\u5357\u4eac\u79cb\u6c34\u5170\u4ead\u4e3b\u9898\u9152\u5e97", "order_time": ["2019-01-20 22:56:12"], "total_order": 1, "hotel_value": ["4.6"], "hotel_price": ["103"]}, "2300911": {"hotel_name": "7\u5929\u8fde\u9501\u9152\u5e97(\u5357\u4eac\u6e56\u5357\u8def\u5e97)", "order_time": ["2019-01-20 22:56:14"], "total_order": 1, "hotel_value": ["4.2"], "hotel_price": ["177"]}, "12110324": {"hotel_name": "\u5357\u4eac\u4e00\u95f2\u4e00\u5c45", "order_time": ["2019-01-20 22:56:16"], "total_order": 1, "hotel_value": ["4.6"], "hotel_price": ["131"]}, "5073966": {"hotel_name": "\u5e03\u4e01\u9152\u5e97(\u5357\u4eac\u592b\u5b50\u5e99\u5730\u94c1\u7ad9\u5e97)", "order_time": ["2019-01-20 22:56:17"], "total_order": 1, "hotel_value": ["4.4"], "hotel_price": ["169"]}, "3913766": {"hotel_name": "\u5357\u4eac\u4ed9\u6797\u8c6a\u6377\u5bbe\u9986", "order_time": ["2019-01-20 22:56:19"], "total_order": 1, "hotel_value": ["4.2"], "hotel_price": ["133"]}, "12879205": {"hotel_name": "\u5357\u4eac\u8363\u78ca\u5bbe\u9986", "order_time": ["2019-01-20 22:56:21"], "total_order": 1, "hotel_value": ["3.3"], "hotel_price": ["112"]}, "987566": {"hotel_name": "\u5357\u4eac\u65b0\u8857\u53e3\u82cf\u5b81\u8bfa\u5bcc\u7279\u9152\u5e97", "order_time": ["2019-01-20 22:58:02"], "total_order": 1, "hotel_value": ["4.7"], "hotel_price": ["498"]}, "470827": {"hotel_name": "\u9526\u6c5f\u5357\u4eac\u996d\u5e97", "order_time": ["2019-01-20 22:58:02"], "total_order": 1, "hotel_value": ["4.8"], "hotel_price": ["408"]}, "18055590": {"hotel_name": "\u7f8e\u5e74\u534e\u56fd\u9645\u670d\u52a1\u5f0f\u516c\u5bd3(\u5357\u4eac\u96e8\u82b1\u5ba2\u5385\u5929\u9686\u5bfa\u5730\u94c1\u7ad9\u5e97)", "order_time": ["2019-01-20 22:58:02"], "total_order": 1, "hotel_value": ["4.7"], "hotel_price": ["162"]}, "939318": {"hotel_name": "\u73cd\u5b9d\u5047\u65e5\u996d\u5e97(\u5357\u4eac\u5965\u4f53\u4e2d\u5fc3\u5e97)", "order_time": ["2019-01-20 22:58:08"], "total_order": 1, "hotel_value": ["4.5"], "hotel_price": ["382"]}, "11475381": {"hotel_name": "\u5357\u4eac\u6c34\u5cb8\u82b1\u56ed\u5bbe\u9986", "order_time": ["2019-01-20 22:58:13"], "total_order": 1, "hotel_value": ["4.8"], "hotel_price": ["103"]}, "1286802": {"hotel_name": "\u6c49\u5ead\u9152\u5e97(\u5357\u4eac\u5e38\u5e9c\u8857\u5e97)", "order_time": ["2019-01-20 22:58:14"], "total_order": 1, "hotel_value": ["4.4"], "hotel_price": ["208"]}, "21826827": {"hotel_name": "\u5b9c\u5fc5\u601d\u5c1a\u54c1\u9152\u5e97(\u5357\u4eac\u5357\u7ad9\u5317\u5e7f\u573a\u5e97)", "order_time": ["2019-01-20 22:58:18"], "total_order": 1, "hotel_value": ["4.6"], "hotel_price": ["351"]}, "21936730": {"hotel_name": "\u5357\u4eac\u5927\u5730\u541b\u60a6\u9152\u5e97", "order_time": ["2019-01-20 22:58:18"], "total_order": 1, "hotel_value": ["4.6"], "hotel_price": ["205"]}, "21812395": {"hotel_name": "\u5357\u4eac\u6708\u4e4b\u68a6\u6c11\u5bbf", "order_time": ["2019-01-20 22:58:34"], "total_order": 1, "hotel_value": ["4.8"], "hotel_price": ["118"]}, "5917347": {"hotel_name": "\u6854\u5b50\u9152\u5e97\u00b7\u7cbe\u9009(\u5357\u4eac\u738b\u5e9c\u5927\u8857\u5e97)", "order_time": ["2019-01-20 23:00:06", "2019-01-20 23:08:05"], "total_order": 2, "hotel_value": ["4.8", "4.8"], "hotel_price": ["332", "332"]}, "1085670": {"hotel_name": "\u5e03\u4e01\u9152\u5e97(\u5357\u4eac\u864e\u8e1e\u5317\u8def\u827a\u672f\u5b66\u9662\u5e97)", "order_time": ["2019-01-20 23:00:07"], "total_order": 1, "hotel_value": ["3.9"], "hotel_price": ["188"]}, "1535631": {"hotel_name": "\u6c49\u5ead\u9152\u5e97(\u5357\u4eac\u592b\u5b50\u5e99\u5e97)", "order_time": ["2019-01-20 23:00:07"], "total_order": 1, "hotel_value": ["4.4"], "hotel_price": ["246"]}, "5296362": {"hotel_name": "ZMAX\u6f6e\u6f2b\u9152\u5e97(\u5357\u4eac\u592b\u5b50\u5e99\u5e97)", "order_time": ["2019-01-20 23:00:10"], "total_order": 1, "hotel_value": ["4.7"], "hotel_price": ["272"]}, "1457158": {"hotel_name": "\u5982\u5bb6\u5feb\u6377\u9152\u5e97(\u5357\u4eac\u8679\u6865\u4e2d\u5fc3\u4e09\u724c\u697c\u5927\u8857\u5e97)", "order_time": ["2019-01-20 23:00:14"], "total_order": 1, "hotel_value": ["4.5"], "hotel_price": ["253"]}, "2883682": {"hotel_name": "\u5357\u4eac\u5c1a\u697c\u5bbe\u9986", "order_time": ["2019-01-20 23:00:23"], "total_order": 1, "hotel_value": ["3.6"], "hotel_price": ["138"]}, "8574617": {"hotel_name": "\u9752\u821e\u98de\u626c\u592a\u7a7a\u8231\u5ba2\u6808(\u5357\u4eac\u5357\u7ad9\u5e97)", "order_time": ["2019-01-20 23:00:25"], "total_order": 1, "hotel_value": ["4.6"], "hotel_price": ["49"]}, "5381108": {"hotel_name": "\u5357\u4eac\u5965\u60a6\u5546\u52a1\u5bbe\u9986\u6cf0\u5c71\u65b0\u6751\u5e97", "order_time": ["2019-01-20 23:00:34"], "total_order": 1, "hotel_value": ["3.2"], "hotel_price": ["88"]}, "1934848": {"hotel_name": "\u5357\u4eac\u91d1\u9a6c\u58f9\u53f7\u5546\u52a1\u9152\u5e97", "order_time": ["2019-01-20 23:02:10"], "total_order": 1, "hotel_value": ["4.4"], "hotel_price": ["268"]}, "1686822": {"hotel_name": "\u5bcc\u9a7f\u65f6\u5c1a\u9152\u5e97(\u5357\u4eac\u6c5f\u5b81\u5e97)", "order_time": ["2019-01-20 23:02:10"], "total_order": 1, "hotel_value": ["4.3"], "hotel_price": ["173"]}, "14255250": {"hotel_name": "\u5c1a\u5ba2\u4f18\u9a8f\u6021\u8fde\u9501\u9152\u5e97\u7fd4\u5b87\u8def\u5357\u5730\u94c1\u7ad9\u5e97", "order_time": ["2019-01-20 23:02:10"], "total_order": 1, "hotel_value": ["4.3"], "hotel_price": ["144"]}, "1452525": {"hotel_name": "\u5982\u5bb6\u5feb\u6377\u9152\u5e97(\u5357\u4eac\u65b0\u57ce\u5e02\u5e7f\u573a\u9f99\u6c5f\u5730\u94c1\u7ad9\u5e97)", "order_time": ["2019-01-20 23:02:10"], "total_order": 1, "hotel_value": ["4.6"], "hotel_price": ["279"]}, "15196691": {"hotel_name": "\u5357\u4eac\u5c1a\u5bd3\u9152\u5e97\u516c\u5bd3", "order_time": ["2019-01-20 23:02:10"], "total_order": 1, "hotel_value": ["4.8"], "hotel_price": ["208"]}, "1209436": {"hotel_name": "\u4e00\u7c73\u9633\u5149\u9152\u5e97\u516c\u5bd3(\u5357\u4eac\u80dc\u592a\u8def\u5e97)", "order_time": ["2019-01-20 23:02:11"], "total_order": 1, "hotel_value": ["4.7"], "hotel_price": ["153"]}, "1944405": {"hotel_name": "\u5168\u5b63\u9152\u5e97(\u5357\u4eac\u592b\u5b50\u5e99\u4e2d\u5fc3\u5e97)", "order_time": ["2019-01-20 23:02:16"], "total_order": 1, "hotel_value": ["4.8"], "hotel_price": ["465"]}, "11122849": {"hotel_name": "\u5e03\u4e01\u9152\u5e97(\u5357\u4eac\u5357\u7ad9\u5317\u5e7f\u573a\u7eff\u5730\u4e4b\u7a97\u5e97)", "order_time": ["2019-01-20 23:02:16"], "total_order": 1, "hotel_value": ["4.3"], "hotel_price": ["303"]}, "28678204": {"hotel_name": "\u5357\u4eac\u9082\u9005\u9633\u5149\u9152\u5e97", "order_time": ["2019-01-20 23:02:18"], "total_order": 1, "hotel_value": ["5.0"], "hotel_price": ["119"]}, "798507": {"hotel_name": "\u5357\u4eac\u6021\u5bbe\u65c5\u9986", "order_time": ["2019-01-20 23:02:23"], "total_order": 1, "hotel_value": ["3.7"], "hotel_price": ["89"]}, "902118": {"hotel_name": "\u767e\u65f6\u5feb\u6377\u9152\u5e97(\u5357\u4eac\u7384\u6b66\u6e56\u5c71\u897f\u8def\u5e97)", "order_time": ["2019-01-20 23:04:02"], "total_order": 1, "hotel_value": ["4.1"], "hotel_price": ["199"]}, "8076132": {"hotel_name": "\u5357\u4eac\u827e\u4f73\u9152\u5e97", "order_time": ["2019-01-20 23:04:05"], "total_order": 1, "hotel_value": ["4.7"], "hotel_price": ["368"]}, "2893168": {"hotel_name": "\u540d\u4eba\u5ea6\u5047\u516c\u5bd3(\u5357\u4eac\u4e07\u8fbe\u5e7f\u573a\u5e97)", "order_time": ["2019-01-20 23:04:06"], "total_order": 1, "hotel_value": ["4.4"], "hotel_price": ["154"]}, "2878668": {"hotel_name": "\u5357\u4eac\u7c73\u5962\u9152\u5e97", "order_time": ["2019-01-20 23:04:12"], "total_order": 1, "hotel_value": ["4.6"], "hotel_price": ["133"]}, "5215129": {"hotel_name": "\u84dd\u8c03\u8bbe\u8ba1\u827a\u672f\u9152\u5e97(\u5357\u4eac\u7984\u53e3\u673a\u573a\u5e97)", "order_time": ["2019-01-20 23:04:12"], "total_order": 1, "hotel_value": ["4.6"], "hotel_price": ["201"]}, "6981964": {"hotel_name": "\u5357\u4eac\u7231\u5c1a\u4e3b\u9898\u5bbe\u9986", "order_time": ["2019-01-20 23:04:12"], "total_order": 1, "hotel_value": ["4.5"], "hotel_price": ["168"]}, "2302286": {"hotel_name": "\u9996\u8c6a\u9152\u5e97(\u5357\u4eac\u5965\u4f53\u6cb3\u897f\u56fd\u9645\u535a\u89c8\u4e2d\u5fc3\u5e97)", "order_time": ["2019-01-20 23:04:12"], "total_order": 1, "hotel_value": ["3.4"], "hotel_price": ["139"]}, "6869428": {"hotel_name": "\u5357\u4eac\u5cb1\u5c71\u5bbe\u9986", "order_time": ["2019-01-20 23:04:12"], "total_order": 1, "hotel_value": ["4.1"], "hotel_price": ["124"]}, "4731908": {"hotel_name": "\u683c\u6797\u8c6a\u6cf0(\u5357\u4eac\u7ecf\u4e94\u8def\u6708\u82d1\u5e97)", "order_time": ["2019-01-20 23:04:12"], "total_order": 1, "hotel_value": ["4.0"], "hotel_price": ["180"]}, "435799": {"hotel_name": "\u6c49\u5ead\u9152\u5e97(\u5357\u4eac\u9f99\u6c5f\u5b9a\u6dee\u95e8\u5927\u8857\u5e97)", "order_time": ["2019-01-20 23:16:16", "2019-01-20 23:04:12"], "total_order": 2, "hotel_value": ["3.9", "3.9"], "hotel_price": ["341", "341"]}, "9597212": {"hotel_name": "\u5357\u4eac\u6c34\u60a6\u9152\u5e97(\u539f\u6021\u66fc\u5047\u65e5\u9152\u5e97)", "order_time": ["2019-01-20 23:04:12"], "total_order": 1, "hotel_value": ["3.9"], "hotel_price": ["368"]}, "6982288": {"hotel_name": "\u5c1a\u5ba2\u4f18(\u5357\u4eac\u6ea7\u6c34\u957f\u9014\u6c7d\u8f66\u7ad9\u5e97)", "order_time": ["2019-01-20 23:04:12"], "total_order": 1, "hotel_value": ["4.6"], "hotel_price": ["143"]}, "19438723": {"hotel_name": "\u5357\u4eac\u5170\u53f0\u9601\u516c\u5bd3\u9152\u5e97", "order_time": ["2019-01-20 23:04:12"], "total_order": 1, "hotel_value": ["4.9"], "hotel_price": ["304"]}, "1102727": {"hotel_name": "\u51ef\u514b\u9152\u5e97\u516c\u5bd3(\u5357\u4eac\u541b\u4e34\u56fd\u9645\u5e97)", "order_time": ["2019-01-20 23:04:12"], "total_order": 1, "hotel_value": ["4.1"], "hotel_price": ["248"]}, "2300990": {"hotel_name": "7\u5929\u4f18\u54c1\u9152\u5e97(\u5357\u4eac\u592b\u5b50\u5e99\u4e09\u5c71\u8857\u5730\u94c1\u7ad9\u5e97)", "order_time": ["2019-01-20 23:04:12"], "total_order": 1, "hotel_value": ["4.4"], "hotel_price": ["210"]}, "473634": {"hotel_name": "\u9526\u6c5f\u4e4b\u661f(\u5357\u4eac\u65b0\u8857\u53e3\u671d\u5929\u5bab\u897f\u8857\u5e97)", "order_time": ["2019-01-20 23:04:12"], "total_order": 1, "hotel_value": ["4.5"], "hotel_price": ["249"]}, "6279030": {"hotel_name": "\u5357\u4eac\u4f17\u98de\u7cbe\u54c1\u9152\u5e97", "order_time": ["2019-01-20 23:04:12"], "total_order": 1, "hotel_value": ["4.2"], "hotel_price": ["110"]}, "1984997": {"hotel_name": "\u5357\u4eac\u5e15\u838e\u7cbe\u54c1\u9152\u5e97", "order_time": ["2019-01-20 23:04:12"], "total_order": 1, "hotel_value": ["4.4"], "hotel_price": ["234"]}, "5972344": {"hotel_name": "\u5357\u4eac\u8fc7\u5bb6\u5bb6\u8bbe\u8ba1\u5e08\u9152\u5e97", "order_time": ["2019-01-20 23:04:12"], "total_order": 1, "hotel_value": ["4.2"], "hotel_price": ["218"]}, "4727722": {"hotel_name": "\u548c\u6c5f\u5546\u52a1\u5bbe\u9986(\u5357\u4eac\u519b\u533a\u603b\u9662\u822a\u7a7a\u822a\u5929\u5927\u5b66\u5e97)", "order_time": ["2019-01-20 23:04:12"], "total_order": 1, "hotel_value": ["3.6"], "hotel_price": ["136"]}, "10822532": {"hotel_name": "\u5357\u4eac\u871c\u60a6\u58eb\u7cbe\u54c1\u4e3b\u9898\u9152\u5e97", "order_time": ["2019-01-20 23:04:12"], "total_order": 1, "hotel_value": ["4.4"], "hotel_price": ["134"]}, "3067211": {"hotel_name": "\u5eb7\u65af\u7279\u57ce\u5e02\u9152\u5e97(\u5357\u4eac\u5357\u7ad9\u5927\u660e\u8def\u5e97)", "order_time": ["2019-01-20 23:04:14"], "total_order": 1, "hotel_value": ["4.3"], "hotel_price": ["185"]}, "1273969": {"hotel_name": "\u5357\u4eac\u5047\u65e5\u7687\u51a0\u9152\u5e97", "order_time": ["2019-01-20 23:04:14"], "total_order": 1, "hotel_value": ["4.0"], "hotel_price": ["103"]}, "5764808": {"hotel_name": "\u5c1a\u5ba2\u4f18\u5feb\u6377\u9152\u5e97\u5357\u4eac\u96e8\u82b1\u897f\u8def\u5e97", "order_time": ["2019-01-20 23:04:16"], "total_order": 1, "hotel_value": ["3.7"], "hotel_price": ["139"]}, "4732950": {"hotel_name": "\u683c\u6797\u8054\u76df(\u5357\u4eac\u9e21\u9e23\u5bfa\u5730\u94c1\u7ad9\u4e1c\u5357\u5927\u5b66\u5e97)", "order_time": ["2019-01-20 23:04:17"], "total_order": 1, "hotel_value": ["4.1"], "hotel_price": ["193"]}, "4440315": {"hotel_name": "\u5357\u4eac\u91d1\u665f\u6e7e\u5feb\u6377\u9152\u5e97", "order_time": ["2019-01-20 23:04:17"], "total_order": 1, "hotel_value": ["3.9"], "hotel_price": ["79"]}, "16789957": {"hotel_name": "\u5357\u4eac\u6c64\u5c71\u4e00\u54c1\u6e29\u6cc9\u9152\u5e97", "order_time": ["2019-01-20 23:04:19"], "total_order": 1, "hotel_value": ["4.4"], "hotel_price": ["412"]}, "1433140": {"hotel_name": "\u5357\u4eac\u82f9\u679c\u9152\u5e97(\u539f\u9752\u82f9\u679c\u9152\u5e97)", "order_time": ["2019-01-20 23:06:06"], "total_order": 1, "hotel_value": ["3.8"], "hotel_price": ["179"]}, "3067306": {"hotel_name": "\u7ef4\u4e5f\u7eb3\u9152\u5e97(\u5357\u4eac\u767e\u5bb6\u6e56\u897f\u95e8\u5b50\u8def\u5e97)", "order_time": ["2019-01-20 23:06:06"], "total_order": 1, "hotel_value": ["4.8"], "hotel_price": ["348"]}, "1773319": {"hotel_name": "\u6d77\u53cb\u9152\u5e97(\u5357\u4eac\u592b\u5b50\u5e99\u4e2d\u5fc3\u5e97)", "order_time": ["2019-01-20 23:06:09"], "total_order": 1, "hotel_value": ["4.1"], "hotel_price": ["180"]}, "482199": {"hotel_name": "\u5357\u4eac\u94f6\u57ce\u7687\u51a0\u5047\u65e5\u9152\u5e97", "order_time": ["2019-01-20 23:06:09"], "total_order": 1, "hotel_value": ["4.7"], "hotel_price": ["666"]}, "1449163": {"hotel_name": "\u5982\u5bb6\u5feb\u6377\u9152\u5e97(\u5357\u4eac\u5927\u5382\u6b65\u884c\u8857\u5e97)", "order_time": ["2019-01-20 23:06:29"], "total_order": 1, "hotel_value": ["4.3"], "hotel_price": ["122"]}, "1614674": {"hotel_name": "\u5357\u4eac\u5bcc\u5efa\u57ce\u5e02\u9152\u5e97", "order_time": ["2019-01-20 23:08:04"], "total_order": 1, "hotel_value": ["4.6"], "hotel_price": ["361"]}, "969174": {"hotel_name": "\u6d77\u53cb\u5ba2\u6808(\u5357\u4eac\u73e0\u6c5f\u8def\u5e97)", "order_time": ["2019-01-20 23:08:14"], "total_order": 1, "hotel_value": ["4.3"], "hotel_price": ["151"]}, "19833727": {"hotel_name": "\u5357\u4eac\u4e07\u5ba2\u6765\u5546\u52a1\u9152\u5e97", "order_time": ["2019-01-20 23:08:16"], "total_order": 1, "hotel_value": ["4.8"], "hotel_price": ["121"]}, "909592": {"hotel_name": "\u5982\u5bb6\u5feb\u6377\u9152\u5e97(\u5357\u4eac\u6c5f\u5b81\u7af9\u5c71\u8def\u5730\u94c1\u7ad9\u5e97)", "order_time": ["2019-01-20 23:08:17"], "total_order": 1, "hotel_value": ["4.4"], "hotel_price": ["193"]}, "23838449": {"hotel_name": "\u5357\u4eac\u541b\u5f18\u9152\u5e97", "order_time": ["2019-01-20 23:08:17"], "total_order": 1, "hotel_value": ["4.9"], "hotel_price": ["163"]}, "1013106": {"hotel_name": "\u5357\u4eac\u8212\u96c5\u5feb\u6377\u5bbe\u9986", "order_time": ["2019-01-20 23:08:20"], "total_order": 1, "hotel_value": ["4.0"], "hotel_price": ["120"]}, "6414514": {"hotel_name": "\u5fa1\u6cca\u6e7e\u5bbe\u9986(\u5357\u4eac\u7984\u53e3\u673a\u573a\u5e97)", "order_time": ["2019-01-20 23:08:22"], "total_order": 1, "hotel_value": ["4.6"], "hotel_price": ["129"]}, "1389668": {"hotel_name": "\u5357\u4eac\u5e38\u6625\u5bbe\u9986", "order_time": ["2019-01-20 23:08:29"], "total_order": 1, "hotel_value": ["3.6"], "hotel_price": ["118"]}, "2887441": {"hotel_name": "\u5357\u4eac\u9f99\u5c0a\u5bbe\u9986", "order_time": ["2019-01-20 23:08:29"], "total_order": 1, "hotel_value": ["4.4"], "hotel_price": ["108"]}, "5834320": {"hotel_name": "\u5357\u4eac\u5c1a\u5ba2\u4f18\u8fde\u9501\u9152\u5e97\u4e0a\u5143\u5927\u8857\u5e97", "order_time": ["2019-01-20 23:08:32"], "total_order": 1, "hotel_value": ["4.5"], "hotel_price": ["174"]}, "4390063": {"hotel_name": "\u5357\u4eac\u534e\u6cf0\u4e07\u4e3d\u9152\u5e97", "order_time": ["2019-01-20 23:10:09"], "total_order": 1, "hotel_value": ["4.7"], "hotel_price": ["1035"]}, "4066900": {"hotel_name": "\u5168\u5b63\u9152\u5e97(\u5357\u4eac\u671d\u5929\u5bab\u5e97)", "order_time": ["2019-01-20 23:10:09"], "total_order": 1, "hotel_value": ["4.8"], "hotel_price": ["341"]}, "1535643": {"hotel_name": "\u6c49\u5ead\u9152\u5e97(\u5357\u4eac\u65b0\u8857\u53e3\u738b\u5e9c\u5927\u8857\u5e97)", "order_time": ["2019-01-20 23:10:13"], "total_order": 1, "hotel_value": ["4.4"], "hotel_price": ["218"]}, "14223076": {"hotel_name": "\u57ce\u5e02\u4fbf\u6377\u9152\u5e97(\u5357\u4eac\u5357\u7ad9\u80dc\u592a\u8def\u5730\u94c1\u7ad9\u5e97)", "order_time": ["2019-01-20 23:10:15", "2019-01-20 23:14:12"], "total_order": 2, "hotel_value": ["4.5", "4.5"], "hotel_price": ["201", "201"]}, "9666356": {"hotel_name": "\u6c49\u5ead\u9152\u5e97(\u5357\u4eac\u6c5f\u5b81\u725b\u9996\u5c71\u5e97)", "order_time": ["2019-01-20 23:10:16"], "total_order": 1, "hotel_value": ["4.1"], "hotel_price": ["199"]}, "1944219": {"hotel_name": "\u683c\u6797\u8c6a\u6cf0(\u5357\u4eac\u706b\u8f66\u7ad9\u5e97)", "order_time": ["2019-01-20 23:10:17"], "total_order": 1, "hotel_value": ["4.1"], "hotel_price": ["142"]}, "2124132": {"hotel_name": "\u91ca\u7231\u7cbe\u54c1\u4e3b\u9898\u9152\u5e97(\u5357\u4eac\u6c5f\u5b81\u5927\u5b66\u57ce\u5e97)", "order_time": ["2019-01-20 23:10:21"], "total_order": 1, "hotel_value": ["4.7"], "hotel_price": ["160"]}, "10896011": {"hotel_name": "\u5357\u4eac\u5357\u7ad9\u6c34\u6708\u6e7e\u9152\u5e97", "order_time": ["2019-01-20 23:10:25"], "total_order": 1, "hotel_value": ["4.8"], "hotel_price": ["280"]}, "531790": {"hotel_name": "Zsmart\u667a\u5c1a\u9152\u5e97(\u5357\u4eac\u592b\u5b50\u5e99\u5e97)", "order_time": ["2019-01-20 23:10:28"], "total_order": 1, "hotel_value": ["4.6"], "hotel_price": ["199"]}, "24039158": {"hotel_name": "\u5357\u4eac\u89c5\u5bbf\u9152\u5e97", "order_time": ["2019-01-20 23:10:30"], "total_order": 1, "hotel_value": ["5.0"], "hotel_price": ["168"]}, "2507259": {"hotel_name": "\u5357\u4eac\u82b1\u8ff9\u9152\u5e97", "order_time": ["2019-01-20 23:12:01"], "total_order": 1, "hotel_value": ["4.8"], "hotel_price": ["688"]}, "1918303": {"hotel_name": "\u5357\u4eac\u82cf\u5b81\u96c5\u60a6\u884c\u653f\u516c\u5bd3\u9152\u5e97", "order_time": ["2019-01-20 23:12:02"], "total_order": 1, "hotel_value": ["4.7"], "hotel_price": ["529"]}, "3730005": {"hotel_name": "\u548c\u9890\u9152\u5e97(\u5357\u4eac\u4e2d\u5c71\u4e1c\u8def\u660e\u6545\u5bab\u5730\u94c1\u7ad9\u5e97)", "order_time": ["2019-01-20 23:12:03"], "total_order": 1, "hotel_value": ["4.6"], "hotel_price": ["269"]}, "5925502": {"hotel_name": "\u7ef4\u4e5f\u7eb3\u9152\u5e97(\u5357\u4eac\u5357\u7ad9\u6c47\u666f\u5e97)", "order_time": ["2019-01-20 23:12:04"], "total_order": 1, "hotel_value": ["4.8"], "hotel_price": ["259"]}, "1462789": {"hotel_name": "\u80af\u5b9a\u00b7\u89c2\u7f8e\u9152\u5e97(\u5357\u4eac\u65b0\u8857\u53e3\u91d1\u878d\u4e2d\u5fc3\u4e2d\u592e\u5546\u573a\u5e97)", "order_time": ["2019-01-20 23:12:10"], "total_order": 1, "hotel_value": ["4.6"], "hotel_price": ["188"]}, "1642142": {"hotel_name": "\u5357\u4eac\u897f\u90e8\u5bbe\u9986", "order_time": ["2019-01-20 23:12:13"], "total_order": 1, "hotel_value": ["3.4"], "hotel_price": ["86"]}, "13948955": {"hotel_name": "\u7984\u6dee\u5bbe\u9986(\u5357\u4eac\u673a\u573a\u5e97)", "order_time": ["2019-01-20 23:12:13"], "total_order": 1, "hotel_value": ["4.9"], "hotel_price": ["142"]}, "8406244": {"hotel_name": "7\u5929\u4f18\u54c1\u9152\u5e97(\u5357\u4eac\u5965\u4f53\u56fd\u9645\u4f1a\u5c55\u4e2d\u5fc3\u5e97)", "order_time": ["2019-01-20 23:14:06"], "total_order": 1, "hotel_value": ["4.4"], "hotel_price": ["170"]}, "19867337": {"hotel_name": "\u5357\u4eac\u6c47\u57ce\u5bbe\u9986", "order_time": ["2019-01-20 23:14:10"], "total_order": 1, "hotel_value": ["4.1"], "hotel_price": ["189"]}, "7123044": {"hotel_name": "\u7984\u6dee\u5bbe\u9986(\u5357\u4eac\u7984\u53e3\u673a\u573a\u4e8c\u5e97)", "order_time": ["2019-01-20 23:14:11"], "total_order": 1, "hotel_value": ["4.7"], "hotel_price": ["138"]}, "1945317": {"hotel_name": "\u5357\u4eac\u6c64\u6cc9\u5bbe\u9986", "order_time": ["2019-01-20 23:14:15"], "total_order": 1, "hotel_value": ["4.2"], "hotel_price": ["211"]}, "2596042": {"hotel_name": "\u69b4\u83b2\u7cd6\u679c\u7cbe\u9009\u9152\u5e97(\u5357\u4eac\u7af9\u5c71\u8def\u5730\u94c1\u7ad9\u5e97)", "order_time": ["2019-01-20 23:14:16"], "total_order": 1, "hotel_value": ["4.3"], "hotel_price": ["143"]}, "1649095": {"hotel_name": "\u683c\u6797\u8c6a\u6cf0(\u5357\u4eac\u9f13\u697c\u5e97)", "order_time": ["2019-01-20 23:14:18"], "total_order": 1, "hotel_value": ["3.9"], "hotel_price": ["241"]}, "4346627": {"hotel_name": "\u5357\u4eac\u5c1a\u597d\u9152\u5e97\u516c\u5bd3\u767e\u5bb6\u6e56\u91d1\u9e70\u5e97", "order_time": ["2019-01-20 23:14:19"], "total_order": 1, "hotel_value": ["4.4"], "hotel_price": ["282"]}, "474180": {"hotel_name": "\u53e4\u5357\u90fd\u9038\u5c45\u9152\u5e97(\u5357\u4eac\u65b0\u57ce\u5e02\u5e7f\u573a\u9f99\u6c5f\u5730\u94c1\u7ad9\u5e97)", "order_time": ["2019-01-20 23:14:20"], "total_order": 1, "hotel_value": ["4.8"], "hotel_price": ["379"]}, "5716734": {"hotel_name": "\u5357\u4eac\u7984\u53e3\u673a\u573a\u4e9a\u6735\u9152\u5e97", "order_time": ["2019-01-20 23:14:40"], "total_order": 1, "hotel_value": ["4.8"], "hotel_price": ["358"]}, "8651067": {"hotel_name": "\u5357\u4eacTT TOUCH\u9152\u5e97", "order_time": ["2019-01-20 23:14:40"], "total_order": 1, "hotel_value": ["4.6"], "hotel_price": ["320"]}, "1499382": {"hotel_name": "\u5357\u4eac\u4e9a\u6708\u5bbe\u9986", "order_time": ["2019-01-20 23:14:42"], "total_order": 1, "hotel_value": ["3.4"], "hotel_price": ["58"]}, "2306709": {"hotel_name": "7\u5929\u8fde\u9501\u9152\u5e97(\u5357\u4eac\u6c64\u5c71\u6e29\u6cc9\u5e97)", "order_time": ["2019-01-20 23:16:06"], "total_order": 1, "hotel_value": ["4.4"], "hotel_price": ["157"]}, "17996519": {"hotel_name": "\u5357\u4eac\u673a\u573a\u7761\u5427\u9152\u5e97", "order_time": ["2019-01-20 23:16:07"], "total_order": 1, "hotel_value": ["4.5"], "hotel_price": ["146"]}, "1452149": {"hotel_name": "\u5982\u5bb6\u5feb\u6377\u9152\u5e97(\u5357\u4eac\u706b\u8f66\u5357\u7ad9\u660e\u53d1\u5e7f\u573a\u5730\u94c1\u7ad9\u5e97)", "order_time": ["2019-01-20 23:16:10"], "total_order": 1, "hotel_value": ["4.4"], "hotel_price": ["237"]}, "8574674": {"hotel_name": "\u5357\u4eac\u62fe\u5149\u5f71\u5496\u5bbe\u9986", "order_time": ["2019-01-20 23:16:18"], "total_order": 1, "hotel_value": ["4.3"], "hotel_price": ["193"]}, "1458261": {"hotel_name": "\u5357\u4eac\u946b\u8d77\u70b9\u5feb\u6377\u65c5\u5e97", "order_time": ["2019-01-20 23:16:41"], "total_order": 1, "hotel_value": ["4.3"], "hotel_price": ["119"]}, "1179858": {"hotel_name": "\u5168\u5b63\u9152\u5e97(\u5357\u4eac\u8679\u6865\u4e2d\u5c71\u5317\u8def\u5e97)", "order_time": ["2019-01-20 23:16:52"], "total_order": 1, "hotel_value": ["4.8"], "hotel_price": ["389"]}}}