{"\u5f00\u59cb\u8bb0\u5f55\u65f6\u95f4": "2019-01-05 02:56:17", "\u7ed3\u675f\u8bb0\u5f55\u65f6\u95f4": "2019-01-05 03:56:17", "\u8ba2\u5355\u603b\u589e\u91cf": 76, "item": {"425945": {"hotel_name": "\u6c5f\u82cf\u51e4\u51f0\u53f0\u996d\u5e97", "order_time": ["2019-01-05 02:58:26"], "total_order": 1, "hotel_value": ["4.8"], "hotel_price": ["248"]}, "369717": {"hotel_name": "\u5357\u4eac\u91d1\u9e70\u73e0\u6c5f\u58f9\u53f7\u56fd\u9645\u9152\u5e97", "order_time": ["2019-01-05 02:58:26"], "total_order": 1, "hotel_value": ["4.7"], "hotel_price": ["579"]}, "1853810": {"hotel_name": "\u5357\u4eac\u8292\u679c\u9152\u5e97", "order_time": ["2019-01-05 02:58:26"], "total_order": 1, "hotel_value": ["4.3"], "hotel_price": ["144"]}, "8435954": {"hotel_name": "\u5357\u4eac\u4ed9\u6797\u5927\u5b66\u57ce\u751f\u521b\u56ed\u4e9a\u6735\u9152\u5e97", "order_time": ["2019-01-05 03:02:23", "2019-01-05 03:38:25", "2019-01-05 02:58:26", "2019-01-05 03:20:25"], "total_order": 4, "hotel_value": ["4.9", "4.9", "4.9", "4.9"], "hotel_price": ["375", "375", "375", "375"]}, "369785": {"hotel_name": "\u5357\u4eac\u7d22\u83f2\u7279\u94f6\u6cb3\u5927\u9152\u5e97", "order_time": ["2019-01-05 02:58:27"], "total_order": 1, "hotel_value": ["4.6"], "hotel_price": ["598"]}, "427748": {"hotel_name": "\u6c47\u4e3d\u9152\u5e97(\u5357\u4eac\u519b\u533a\u603b\u9662\u5e97)", "order_time": ["2019-01-05 03:00:25"], "total_order": 1, "hotel_value": ["4.4"], "hotel_price": ["119"]}, "6791252": {"hotel_name": "\u5357\u4eac\u4e3a\u5ba2\u5bbe\u9986", "order_time": ["2019-01-05 03:00:25"], "total_order": 1, "hotel_value": ["3.1"], "hotel_price": ["144"]}, "798766": {"hotel_name": "\u6613\u4f70\u826f\u54c1(\u5357\u4eac\u5357\u7ad9\u80dc\u592a\u8def\u5e97)", "order_time": ["2019-01-05 03:00:25"], "total_order": 1, "hotel_value": ["4.0"], "hotel_price": ["112"]}, "1003209": {"hotel_name": "\u6e29\u99a8\u6ee1\u5c4b\u9152\u5e97\u516c\u5bd3(\u5357\u4eac\u541b\u4e34\u56fd\u9645\u5e97)", "order_time": ["2019-01-05 03:00:25"], "total_order": 1, "hotel_value": ["4.1"], "hotel_price": ["183"]}, "1503633": {"hotel_name": "\u5357\u4eac\u6e05\u7af9\u4e4b\u661f\u5feb\u6377\u9152\u5e97", "order_time": ["2019-01-05 03:00:25"], "total_order": 1, "hotel_value": ["4.4"], "hotel_price": ["154"]}, "28557261": {"hotel_name": "\u5357\u4eac\u89c5\u5883\u6c11\u5bbf", "order_time": ["2019-01-05 03:00:25"], "total_order": 1, "hotel_value": [0], "hotel_price": ["89"]}, "1642316": {"hotel_name": "\u5357\u4eac\u5c0f\u9547\u9a7f\u7ad9\u5546\u52a1\u5bbe\u9986(\u539f\u7984\u6e2f\u5c0f\u9547\u9152\u5e97)", "order_time": ["2019-01-05 03:00:25"], "total_order": 1, "hotel_value": ["4.4"], "hotel_price": ["110"]}, "4857235": {"hotel_name": "\u5357\u4eac\u9f99\u6c60\u5927\u9152\u5e97", "order_time": ["2019-01-05 03:00:25"], "total_order": 1, "hotel_value": ["4.3"], "hotel_price": ["113"]}, "1419901": {"hotel_name": "\u5357\u4eac\u76db\u5ba2\u767e\u5e74\u5546\u52a1\u9152\u5e97", "order_time": ["2019-01-05 03:00:25"], "total_order": 1, "hotel_value": ["3.0"], "hotel_price": ["134"]}, "1410721": {"hotel_name": "\u5357\u4eac\u96c5\u9038\u5bbe\u9986", "order_time": ["2019-01-05 03:00:25"], "total_order": 1, "hotel_value": ["4.2"], "hotel_price": ["125"]}, "2259980": {"hotel_name": "\u7f57\u66fc\u60c5\u4fa3\u4e3b\u9898\u9152\u5e97(\u5357\u4eac\u6c5f\u5b81\u4e07\u8fbe\u5e97)", "order_time": ["2019-01-05 03:00:25"], "total_order": 1, "hotel_value": ["4.1"], "hotel_price": ["188"]}, "23982428": {"hotel_name": "\u5357\u4eacTIME\u5546\u52a1\u9152\u5e97", "order_time": ["2019-01-05 03:00:25"], "total_order": 1, "hotel_value": ["5.0"], "hotel_price": ["199"]}, "2252147": {"hotel_name": "\u5357\u4eac\u4f18\u5c1a\u4f73\u5bbe\u9986", "order_time": ["2019-01-05 03:00:25"], "total_order": 1, "hotel_value": ["3.8"], "hotel_price": ["143"]}, "28144052": {"hotel_name": "\u5357\u4eac\u5e38\u9752\u6811\u9752\u5e74\u65c5\u820d", "order_time": ["2019-01-05 03:00:25"], "total_order": 1, "hotel_value": [0], "hotel_price": ["32"]}, "1669144": {"hotel_name": "\u5357\u4eac\u9759\u56ed\u5546\u52a1\u9152\u5e97", "order_time": ["2019-01-05 03:00:25"], "total_order": 1, "hotel_value": ["3.2"], "hotel_price": ["125"]}, "1854903": {"hotel_name": "\u5357\u4eac\u534e\u5b89\u5bbe\u9986", "order_time": ["2019-01-05 03:00:25"], "total_order": 1, "hotel_value": ["4.2"], "hotel_price": ["111"]}, "2846395": {"hotel_name": "\u5357\u4eac\u5170\u4ead\u5bbe\u9986", "order_time": ["2019-01-05 03:00:25"], "total_order": 1, "hotel_value": ["4.2"], "hotel_price": ["89"]}, "8574593": {"hotel_name": "\u5357\u4eac\u6d6a\u6f2b\u5c4b\u4e3b\u9898\u9152\u5e97", "order_time": ["2019-01-05 03:00:25"], "total_order": 1, "hotel_value": ["3.9"], "hotel_price": ["139"]}, "813373": {"hotel_name": "\u5357\u4eac\u6db5\u6708\u697c\u9996\u4e3d\u65af\u9152\u5e97", "order_time": ["2019-01-05 03:00:30"], "total_order": 1, "hotel_value": ["4.8"], "hotel_price": ["579"]}, "1614674": {"hotel_name": "\u5357\u4eac\u5bcc\u5efa\u57ce\u5e02\u9152\u5e97", "order_time": ["2019-01-05 03:02:23"], "total_order": 1, "hotel_value": ["4.6"], "hotel_price": ["361"]}, "17525181": {"hotel_name": "\u5357\u4eac\u5357\u7ad9\u80dc\u592a\u897f\u8def\u4e9a\u6735\u9152\u5e97", "order_time": ["2019-01-05 03:34:24", "2019-01-05 03:02:24"], "total_order": 2, "hotel_value": ["4.8", "4.8"], "hotel_price": ["363", "363"]}, "1715805": {"hotel_name": "\u6613\u4f70\u9152\u5e97(\u5357\u4eac\u6c5f\u5b81\u5927\u5b66\u57ce\u6587\u9f0e\u5e7f\u573a\u5e97)", "order_time": ["2019-01-05 03:02:25"], "total_order": 1, "hotel_value": ["4.2"], "hotel_price": ["183"]}, "1532041": {"hotel_name": "\u8d85\u7fa4\u7cbe\u9009\u9152\u5e97(\u5357\u4eac\u4e2d\u5c71\u9675\u666f\u533a\u5e97)", "order_time": ["2019-01-05 03:02:25"], "total_order": 1, "hotel_value": ["4.3"], "hotel_price": ["194"]}, "2865862": {"hotel_name": "\u5357\u4eac\u60a6\u9014\u516c\u5bd3\u9152\u5e97", "order_time": ["2019-01-05 03:04:27"], "total_order": 1, "hotel_value": ["4.4"], "hotel_price": ["224"]}, "19609879": {"hotel_name": "\u5357\u4eac\u51ef\u8dc3\u56fd\u9645\u9152\u5e97\u516c\u5bd3", "order_time": ["2019-01-05 03:04:29"], "total_order": 1, "hotel_value": ["4.5"], "hotel_price": ["219"]}, "5375451": {"hotel_name": "\u5357\u4eac\u5468\u65e5\u5feb\u6377\u5bbe\u9986\u5e7f\u5dde\u8def\u5e97", "order_time": ["2019-01-05 03:06:26"], "total_order": 1, "hotel_value": ["2.8"], "hotel_price": ["129"]}, "946968": {"hotel_name": "\u53e4\u90fd\u6587\u5316\u9152\u5e97(\u5357\u4eac\u7384\u6b66\u6e56\u9f13\u697c\u5730\u94c1\u7ad9\u5e97)", "order_time": ["2019-01-05 03:08:23"], "total_order": 1, "hotel_value": ["4.3"], "hotel_price": ["229"]}, "21688385": {"hotel_name": "\u5357\u4eacK HOTEL\u9152\u5e97", "order_time": ["2019-01-05 03:08:24"], "total_order": 1, "hotel_value": ["4.8"], "hotel_price": ["358"]}, "8627469": {"hotel_name": "\u5bb6\u7f8e\u597d\u592a\u7a7a\u65c5\u9986(\u5357\u4eac\u706b\u8f66\u7ad9\u7384\u6b66\u6e56\u5e97)(\u539f\u6e56\u5149\u5c71\u820d\u592a\u7a7a\u8231\u80f6\u56ca\u65c5\u820d)", "order_time": ["2019-01-05 03:08:25"], "total_order": 1, "hotel_value": ["4.4"], "hotel_price": ["78"]}, "458400": {"hotel_name": "\u6d77\u53cb\u9152\u5e97(\u5357\u4eac\u8fc8\u768b\u6865\u5e97)(\u539f\u7ecf\u4e94\u8def\u5e97)", "order_time": ["2019-01-05 03:08:26"], "total_order": 1, "hotel_value": ["3.8"], "hotel_price": ["101"]}, "668355": {"hotel_name": "\u5357\u4eac\u534e\u6c5f\u996d\u5e97", "order_time": ["2019-01-05 03:10:23"], "total_order": 1, "hotel_value": ["4.4"], "hotel_price": ["281"]}, "3292061": {"hotel_name": "\u5357\u4eac\u5357\u5e7f\u5bbe\u9986", "order_time": ["2019-01-05 03:12:26"], "total_order": 1, "hotel_value": ["3.6"], "hotel_price": ["253"]}, "811666": {"hotel_name": "\u6e05\u6c90\u7cbe\u54c1\u9152\u5e97(\u5357\u4eac\u4e39\u51e4\u8857\u7cbe\u54c1\u5e97)", "order_time": ["2019-01-05 03:12:27"], "total_order": 1, "hotel_value": ["4.4"], "hotel_price": ["229"]}, "4727336": {"hotel_name": "\u5357\u4eac\u4e09\u676f\u8336\u9752\u5e74\u516c\u5bd3", "order_time": ["2019-01-05 03:12:29"], "total_order": 1, "hotel_value": ["4.8"], "hotel_price": ["62"]}, "15308170": {"hotel_name": "\u4f69\u68ee\u7cbe\u54c1\u9152\u5e97\u516c\u5bd3(\u5357\u4eac\u5929\u9686\u5bfa\u5730\u94c1\u7ad9\u5e97)", "order_time": ["2019-01-05 03:16:23"], "total_order": 1, "hotel_value": ["4.7"], "hotel_price": ["214"]}, "5782272": {"hotel_name": "\u4e5d\u97f5\u7cbe\u54c1\u9152\u5e97(\u5357\u4eac\u5357\u5de5\u5927\u6155\u65af\u835f\u5e97)", "order_time": ["2019-01-05 03:16:24"], "total_order": 1, "hotel_value": ["4.7"], "hotel_price": ["217"]}, "346276": {"hotel_name": "\u5357\u4eac\u91d1\u4e1d\u5229\u559c\u6765\u767b\u9152\u5e97", "order_time": ["2019-01-05 03:18:26"], "total_order": 1, "hotel_value": ["4.4"], "hotel_price": ["578"]}, "811680": {"hotel_name": "\u6e05\u6c90\u7cbe\u54c1\u9152\u5e97(\u5357\u4eac\u96c6\u5e86\u95e8\u4e07\u8fbe\u5e7f\u573a\u5e97)", "order_time": ["2019-01-05 03:18:26"], "total_order": 1, "hotel_value": ["4.2"], "hotel_price": ["191"]}, "21769720": {"hotel_name": "\u5357\u4eac\u9ad8\u76db\u9601\u9152\u5e97", "order_time": ["2019-01-05 03:20:24"], "total_order": 1, "hotel_value": ["4.5"], "hotel_price": ["218"]}, "26428886": {"hotel_name": "\u5168\u5b63\u9152\u5e97(\u5357\u4eac\u6cb3\u897f\u535a\u89c8\u4e2d\u5fc3\u5e97)", "order_time": ["2019-01-05 03:20:29"], "total_order": 1, "hotel_value": ["4.7"], "hotel_price": ["296"]}, "8574621": {"hotel_name": "\u6613\u4f70\u826f\u54c1\u9152\u5e97(\u5357\u4eac\u5357\u7ad9\u53cc\u9f99\u5927\u9053\u5730\u94c1\u7ad9\u5e97)", "order_time": ["2019-01-05 03:24:24"], "total_order": 1, "hotel_value": ["4.3"], "hotel_price": ["151"]}, "21146292": {"hotel_name": "\u6c34\u4e91\u8f69\u5bbe\u9986(\u5357\u4eac\u7984\u53e3\u56fd\u9645\u673a\u573a\u5e97)", "order_time": ["2019-01-05 03:24:24"], "total_order": 1, "hotel_value": ["4.8"], "hotel_price": ["113"]}, "13325407": {"hotel_name": "\u5357\u4eac\u73ba\u57ce\u00b7\u963f\u91cc\u9152\u5e97", "order_time": ["2019-01-05 03:26:25"], "total_order": 1, "hotel_value": ["4.6"], "hotel_price": ["273"]}, "13571245": {"hotel_name": "\u5b9c\u5fc5\u601d\u9152\u5e97(\u5357\u4eac\u5c06\u519b\u5927\u9053\u5357\u822a\u5e97)", "order_time": ["2019-01-05 03:26:25"], "total_order": 1, "hotel_value": ["4.5"], "hotel_price": ["259"]}, "7938703": {"hotel_name": "\u6e05\u6c90\u7cbe\u9009\u4e91\u9152\u5e97(\u5357\u4eac\u6797\u4e1a\u5927\u5b66\u848b\u738b\u5e99\u5e97)", "order_time": ["2019-01-05 03:26:27"], "total_order": 1, "hotel_value": ["4.6"], "hotel_price": ["258"]}, "1385339": {"hotel_name": "\u5929\u76db\u597d\u5ead\u9152\u5e97(\u5357\u4eac\u9f13\u697c\u5730\u94c1\u7ad9\u5e97)", "order_time": ["2019-01-05 03:28:24"], "total_order": 1, "hotel_value": ["4.6"], "hotel_price": ["260"]}, "1649286": {"hotel_name": "\u5357\u4eac\u5bb6\u6625\u5bbe\u9986", "order_time": ["2019-01-05 03:28:27"], "total_order": 1, "hotel_value": ["4.2"], "hotel_price": ["105"]}, "1199652": {"hotel_name": "\u5357\u4eac\u4e91\u6cca\u5bbe\u9986", "order_time": ["2019-01-05 03:34:26"], "total_order": 1, "hotel_value": ["4.0"], "hotel_price": ["123"]}, "15944957": {"hotel_name": "\u5168\u5b63\u9152\u5e97(\u5357\u4eac\u65b0\u8857\u53e3\u6237\u90e8\u8857\u5e97)", "order_time": ["2019-01-05 03:34:28"], "total_order": 1, "hotel_value": ["4.8"], "hotel_price": ["380"]}, "1636292": {"hotel_name": "\u7199\u987a\u9152\u5e97\u516c\u5bd3(\u5357\u4eac\u6728\u9a6c\u516c\u5bd3\u5e97)", "order_time": ["2019-01-05 03:36:25"], "total_order": 1, "hotel_value": ["3.9"], "hotel_price": ["177"]}, "19833727": {"hotel_name": "\u5357\u4eac\u4e07\u5ba2\u6765\u5546\u52a1\u9152\u5e97", "order_time": ["2019-01-05 03:38:25"], "total_order": 1, "hotel_value": ["4.7"], "hotel_price": ["117"]}, "6829643": {"hotel_name": "\u5357\u4eac\u666f\u60a6\u5546\u52a1\u5bbe\u9986", "order_time": ["2019-01-05 03:38:26"], "total_order": 1, "hotel_value": ["4.0"], "hotel_price": ["179"]}, "1614792": {"hotel_name": "\u5c1a\u5ba2\u4f18\u5feb\u6377\u9152\u5e97(\u5357\u4eac\u5927\u5382\u7ecf\u4e45\u8def\u5e97)", "order_time": ["2019-01-05 03:40:25"], "total_order": 1, "hotel_value": ["4.1"], "hotel_price": ["84"]}, "1209436": {"hotel_name": "\u4e00\u7c73\u9633\u5149\u9152\u5e97\u516c\u5bd3(\u5357\u4eac\u80dc\u592a\u8def\u5e97)", "order_time": ["2019-01-05 03:50:27", "2019-01-05 03:40:25"], "total_order": 2, "hotel_value": ["4.7", "4.7"], "hotel_price": ["183", "183"]}, "367765": {"hotel_name": "\u5357\u4eac\u51ef\u94c2\u7cbe\u54c1\u9152\u5e97", "order_time": ["2019-01-05 03:42:23"], "total_order": 1, "hotel_value": ["4.5"], "hotel_price": ["440"]}, "6072698": {"hotel_name": "\u5357\u4eac\u7231\u4e01\u5821\u996d\u5e97", "order_time": ["2019-01-05 03:42:23"], "total_order": 1, "hotel_value": ["4.7"], "hotel_price": ["378"]}, "7334393": {"hotel_name": "\u6c49\u5ead\u9152\u5e97(\u5357\u4eac\u5c27\u5316\u95e8\u5e97)", "order_time": ["2019-01-05 03:42:24"], "total_order": 1, "hotel_value": ["4.4"], "hotel_price": ["264"]}, "2987780": {"hotel_name": "\u5357\u4eac\u6df3\u65fa\u5bbe\u9986", "order_time": ["2019-01-05 03:42:28"], "total_order": 1, "hotel_value": ["3.9"], "hotel_price": ["170"]}, "2614672": {"hotel_name": "\u5357\u4eac\u5f88\u9ad8\u5174\u9047\u89c1\u4f60\u9752\u5e74\u65c5\u793e(\u539f\u7f18\u6765\u4f60\u5728\u8fd9\u91cc\u9752\u5e74\u65c5\u793e)", "order_time": ["2019-01-05 03:42:28"], "total_order": 1, "hotel_value": [0], "hotel_price": ["47"]}, "2470609": {"hotel_name": "\u5357\u4eac\u6b63\u6cf0\u5bbe\u9986", "order_time": ["2019-01-05 03:42:28"], "total_order": 1, "hotel_value": [0], "hotel_price": ["53"]}, "1649168": {"hotel_name": "\u5bd2\u820d\u7cbe\u54c1\u9152\u5e97(\u5357\u4eac\u6e56\u5317\u8def\u5e97)", "order_time": ["2019-01-05 03:46:24"], "total_order": 1, "hotel_value": ["4.2"], "hotel_price": ["156"]}, "3456452": {"hotel_name": "\u5357\u4eac\u65b0\u8857\u53e3\u738b\u5e9c\u5927\u8857\u4e9a\u6735\u9152\u5e97", "order_time": ["2019-01-05 03:48:24"], "total_order": 1, "hotel_value": ["4.8"], "hotel_price": ["422"]}, "1936362": {"hotel_name": "\u5357\u4eac\u5723\u548c\u5e9c\u90b8\u8c6a\u534e\u7cbe\u9009\u9152\u5e97", "order_time": ["2019-01-05 03:48:25"], "total_order": 1, "hotel_value": ["4.7"], "hotel_price": ["982"]}, "369710": {"hotel_name": "\u5357\u4eac\u4e16\u8302\u6ee8\u6c5f\u5e0c\u5c14\u987f\u9152\u5e97", "order_time": ["2019-01-05 03:48:25"], "total_order": 1, "hotel_value": ["4.6"], "hotel_price": ["696"]}, "7687802": {"hotel_name": "\u5357\u4eac\u767d\u65af\u7279\u9152\u5e97", "order_time": ["2019-01-05 03:48:25"], "total_order": 1, "hotel_value": ["4.6"], "hotel_price": ["298"]}, "1453801": {"hotel_name": "\u5982\u5bb6\u5feb\u6377\u9152\u5e97(\u5357\u4eac\u957f\u9014\u6c7d\u8f66\u4e1c\u7ad9\u6797\u4e1a\u5927\u5b66\u65b0\u5e84\u5730\u94c1\u7ad9\u5e97)", "order_time": ["2019-01-05 03:50:27"], "total_order": 1, "hotel_value": ["4.4"], "hotel_price": ["153"]}}}