{"\u5f00\u59cb\u8bb0\u5f55\u65f6\u95f4": "2019-01-10 19:27:55", "\u7ed3\u675f\u8bb0\u5f55\u65f6\u95f4": "2019-01-10 20:27:55", "\u8ba2\u5355\u603b\u589e\u91cf": 419, "item": {"1055981": {"hotel_name": "\u5357\u4eac\u6c64\u5c71\u52d0\u62c9\u6e29\u6cc9\u6c64\u5c4b\u6c11\u5bbf", "order_time": ["2019-01-10 19:30:16"], "total_order": 1, "hotel_value": ["4.6"], "hotel_price": ["712"]}, "21914008": {"hotel_name": "\u5357\u4eac\u5353\u7f8e\u4e9a\u9152\u5e97", "order_time": ["2019-01-10 19:30:18"], "total_order": 1, "hotel_value": ["4.8"], "hotel_price": ["1049"]}, "8838971": {"hotel_name": "\u5357\u4eac\u592b\u5b50\u5e99\u4e9a\u6735\u9152\u5e97", "order_time": ["2019-01-10 19:30:18"], "total_order": 1, "hotel_value": ["4.9"], "hotel_price": ["398"]}, "811666": {"hotel_name": "\u6e05\u6c90\u7cbe\u54c1\u9152\u5e97(\u5357\u4eac\u4e39\u51e4\u8857\u7cbe\u54c1\u5e97)", "order_time": ["2019-01-10 19:30:19"], "total_order": 1, "hotel_value": ["4.4"], "hotel_price": ["169"]}, "433881": {"hotel_name": "\u5357\u4eac\u65b9\u6e90\u91d1\u9675\u56fd\u9645\u9152\u5e97", "order_time": ["2019-01-10 19:36:31", "2019-01-10 19:30:20"], "total_order": 2, "hotel_value": ["4.2", "4.2"], "hotel_price": ["308", "308"]}, "1535647": {"hotel_name": "\u6c49\u5ead\u9152\u5e97(\u5357\u4eac\u4e2d\u5c71\u9675\u4e0b\u9a6c\u574a\u5730\u94c1\u7ad9\u5e97)(\u539f\u4e2d\u5c71\u98ce\u666f\u533a\u5e97)", "order_time": ["2019-01-10 19:30:23"], "total_order": 1, "hotel_value": ["4.3"], "hotel_price": ["225"]}, "17527314": {"hotel_name": "\u6e05\u6c90\u7cbe\u54c1\u9152\u5e97(\u5357\u4eac\u5357\u7ad9\u5317\u5e7f\u573a\u5e97)", "order_time": ["2019-01-10 19:30:24"], "total_order": 1, "hotel_value": ["4.6"], "hotel_price": ["238"]}, "13571245": {"hotel_name": "\u5b9c\u5fc5\u601d\u9152\u5e97(\u5357\u4eac\u5c06\u519b\u5927\u9053\u5357\u822a\u5e97)", "order_time": ["2019-01-10 19:30:24"], "total_order": 1, "hotel_value": ["4.5"], "hotel_price": ["306"]}, "474711": {"hotel_name": "\u5357\u4eac\u91d1\u9675\u6676\u5143\u5927\u9152\u5e97", "order_time": ["2019-01-10 19:30:25"], "total_order": 1, "hotel_value": ["4.5"], "hotel_price": ["488"]}, "14002765": {"hotel_name": "\u5357\u4eac\u9999\u8212\u9601\u5bbe\u9986", "order_time": ["2019-01-10 19:30:26"], "total_order": 1, "hotel_value": ["4.9"], "hotel_price": ["173"]}, "8627469": {"hotel_name": "\u5bb6\u7f8e\u597d\u592a\u7a7a\u65c5\u9986(\u5357\u4eac\u706b\u8f66\u7ad9\u7384\u6b66\u6e56\u5e97)(\u539f\u6e56\u5149\u5c71\u820d\u592a\u7a7a\u8231\u80f6\u56ca\u65c5\u820d)", "order_time": ["2019-01-10 19:30:26"], "total_order": 1, "hotel_value": ["4.4"], "hotel_price": ["70"]}, "17889795": {"hotel_name": "\u5168\u5b63\u9152\u5e97(\u5357\u4eac\u660e\u6545\u5bab\u5e97)", "order_time": ["2019-01-10 19:30:26"], "total_order": 1, "hotel_value": ["4.7"], "hotel_price": ["334"]}, "1944075": {"hotel_name": "\u5e03\u4e01\u9152\u5e97(\u5357\u4eac\u9ad8\u65b0\u533a\u4e1c\u5927\u6210\u8d24\u5b66\u9662\u5730\u94c1\u7ad9\u5e97)", "order_time": ["2019-01-10 19:30:34"], "total_order": 1, "hotel_value": ["4.0"], "hotel_price": ["117"]}, "1816834": {"hotel_name": "\u6854\u5b50\u9152\u5e97\u00b7\u7cbe\u9009(\u5357\u4eac\u592b\u5b50\u5e99\u5e97)", "order_time": ["2019-01-10 19:30:37"], "total_order": 1, "hotel_value": ["4.8"], "hotel_price": ["446"]}, "369717": {"hotel_name": "\u5357\u4eac\u91d1\u9e70\u73e0\u6c5f\u58f9\u53f7\u56fd\u9645\u9152\u5e97", "order_time": ["2019-01-10 19:32:18"], "total_order": 1, "hotel_value": ["4.7"], "hotel_price": ["579"]}, "397164": {"hotel_name": "\u5357\u4eac\u4e01\u5c71\u82b1\u56ed\u5927\u9152\u5e97", "order_time": ["2019-01-10 19:32:19"], "total_order": 1, "hotel_value": ["4.6"], "hotel_price": ["520"]}, "1385339": {"hotel_name": "\u5929\u76db\u597d\u5ead\u9152\u5e97(\u5357\u4eac\u9f13\u697c\u5730\u94c1\u7ad9\u5e97)", "order_time": ["2019-01-10 19:32:20"], "total_order": 1, "hotel_value": ["4.6"], "hotel_price": ["268"]}, "1585888": {"hotel_name": "\u9526\u6c5f\u4e4b\u661f(\u5357\u4eac\u5965\u4f53\u9ec4\u5c71\u8def\u5e97)", "order_time": ["2019-01-10 19:40:20", "2019-01-10 19:32:21"], "total_order": 2, "hotel_value": ["4.3", "4.3"], "hotel_price": ["151", "151"]}, "19436987": {"hotel_name": "\u5357\u4eac\u7f8e\u4e3d\u4eba\u751f\u9152\u5e97", "order_time": ["2019-01-10 19:54:18", "2019-01-10 19:32:22"], "total_order": 2, "hotel_value": ["4.7", "4.7"], "hotel_price": ["139", "129"]}, "2606094": {"hotel_name": "\u5e03\u4e01\u9152\u5e97(\u5357\u4eac\u4e2d\u5c71\u9675\u9a6c\u7fa4\u5730\u94c1\u7ad9\u5e97)", "order_time": ["2019-01-10 19:32:22"], "total_order": 1, "hotel_value": ["4.0"], "hotel_price": ["154"]}, "25135739": {"hotel_name": "\u5357\u4eac\u4f18\u60a6\u9152\u5e97\u516c\u5bd3", "order_time": ["2019-01-10 19:32:23"], "total_order": 1, "hotel_value": ["4.9"], "hotel_price": ["234"]}, "445970": {"hotel_name": "\u5357\u4eac\u6676\u4e3d\u9152\u5e97", "order_time": ["2019-01-10 19:32:25"], "total_order": 1, "hotel_value": ["4.7"], "hotel_price": ["352"]}, "24003770": {"hotel_name": "\u5b9c\u5c1a\u9152\u5e97(\u5357\u4eac\u5929\u5370\u5927\u9053\u5730\u94c1\u7ad9\u5e97)", "order_time": ["2019-01-10 19:32:26"], "total_order": 1, "hotel_value": ["4.8"], "hotel_price": ["285"]}, "396597": {"hotel_name": "\u91d1\u9e70\u56fd\u4ed5\u8fbe\u9152\u5e97(\u5357\u4eac\u65b0\u8857\u53e3\u5730\u94c1\u7ad9\u5e97)", "order_time": ["2019-01-10 19:32:26"], "total_order": 1, "hotel_value": ["4.9"], "hotel_price": ["283"]}, "7687802": {"hotel_name": "\u5357\u4eac\u767d\u65af\u7279\u9152\u5e97", "order_time": ["2019-01-10 19:32:27"], "total_order": 1, "hotel_value": ["4.6"], "hotel_price": ["338"]}, "8076132": {"hotel_name": "\u5357\u4eac\u827e\u4f73\u9152\u5e97", "order_time": ["2019-01-10 19:32:27"], "total_order": 1, "hotel_value": ["4.7"], "hotel_price": ["478"]}, "2250169": {"hotel_name": "\u80af\u5b9a\u8fde\u9501\u9152\u5e97(\u5357\u4eac\u65b0\u8857\u53e3\u82cf\u5b81\u751f\u6d3b\u5e7f\u573a\u4e00\u5e97)", "order_time": ["2019-01-10 19:32:28"], "total_order": 1, "hotel_value": ["4.1"], "hotel_price": ["109"]}, "12665128": {"hotel_name": "\u5982\u5bb6\u5546\u65c5(\u5357\u4eac\u592b\u5b50\u5e99\u4e09\u5c71\u8857\u5730\u94c1\u7ad9\u5e97)", "order_time": ["2019-01-10 19:32:28"], "total_order": 1, "hotel_value": ["4.6"], "hotel_price": ["246"]}, "1183473": {"hotel_name": "\u5c1a\u5ba2\u4f18\u5feb\u6377\u9152\u5e97(\u5357\u4eac\u65e0\u60f3\u5c71\u5730\u94c1\u7ad9\u5e97)", "order_time": ["2019-01-10 19:32:29"], "total_order": 1, "hotel_value": ["4.4"], "hotel_price": ["139"]}, "6870672": {"hotel_name": "Q\u52a0\u00b7\u8303\u6cf0\u65af\u7279\u9152\u5e97(\u5357\u4eac\u5357\u7ad9\u5e97)", "order_time": ["2019-01-10 19:32:30"], "total_order": 1, "hotel_value": ["4.7"], "hotel_price": ["165"]}, "451083": {"hotel_name": "\u5357\u4eac\u57ce\u5e02\u56fd\u76df\u9152\u5e97\u516c\u5bd3", "order_time": ["2019-01-10 19:32:41"], "total_order": 1, "hotel_value": ["4.1"], "hotel_price": ["151"]}, "1452813": {"hotel_name": "\u5982\u5bb6\u5feb\u6377\u9152\u5e97(\u5357\u4eac\u4e2d\u5c71\u9675\u666f\u533a\u82dc\u84ff\u56ed\u5927\u8857\u5e97))(\u539f\u5357\u4eac\u6708\u7259\u6e56\u9526\u6e56\u5927\u53a6\u5e97)", "order_time": ["2019-01-10 19:32:42"], "total_order": 1, "hotel_value": ["4.4"], "hotel_price": ["122"]}, "1535633": {"hotel_name": "\u6c49\u5ead\u9152\u5e97(\u5357\u4eac\u6c49\u4e2d\u95e8\u5730\u94c1\u7ad9\u5e97)", "order_time": ["2019-01-10 19:33:05"], "total_order": 1, "hotel_value": ["4.6"], "hotel_price": ["254"]}, "21927397": {"hotel_name": "\u5357\u4eac\u6c27\u6c14\u7cbe\u9009\u9152\u5e97", "order_time": ["2019-01-10 19:34:17"], "total_order": 1, "hotel_value": ["4.8"], "hotel_price": ["243"]}, "2892441": {"hotel_name": "7\u5929\u4f18\u54c1(\u5357\u4eac\u8fc8\u768b\u6865\u5730\u94c1\u7ad9\u6653\u5e84\u5e97)", "order_time": ["2019-01-10 19:34:19"], "total_order": 1, "hotel_value": ["4.6"], "hotel_price": ["168"]}, "6473532": {"hotel_name": "\u7f8e\u8c6a\u9152\u5e97(\u5357\u4eac\u5e02\u4e2d\u5fc3\u5e97) ", "order_time": ["2019-01-10 19:34:19", "2019-01-10 19:44:22"], "total_order": 2, "hotel_value": ["4.8", "4.8"], "hotel_price": ["316", "316"]}, "15736345": {"hotel_name": "\u7ef4\u4e5f\u7eb3\u56fd\u9645\u9152\u5e97(\u5357\u4eac\u4e2d\u5c71\u9675\u98ce\u666f\u533a\u5e97)", "order_time": ["2019-01-10 19:34:19"], "total_order": 1, "hotel_value": ["4.6"], "hotel_price": ["327"]}, "8574617": {"hotel_name": "\u9752\u821e\u98de\u626c\u592a\u7a7a\u8231\u5ba2\u6808(\u5357\u4eac\u5357\u7ad9\u5e97)", "order_time": ["2019-01-10 19:34:20"], "total_order": 1, "hotel_value": ["4.6"], "hotel_price": ["51"]}, "667018": {"hotel_name": "\u5357\u4eac\u53e4\u5357\u90fd\u660e\u57fa\u9152\u5e97", "order_time": ["2019-01-10 19:34:20"], "total_order": 1, "hotel_value": ["4.7"], "hotel_price": ["270"]}, "1943957": {"hotel_name": "\u5357\u4eac\u4ed9\u6797\u677e\u5c71\u6e56\u5bbe\u9986", "order_time": ["2019-01-10 19:34:21"], "total_order": 1, "hotel_value": ["4.4"], "hotel_price": ["218"]}, "2251669": {"hotel_name": "\u5357\u4eac\u5317\u65b9\u6717\u60a6\u9152\u5e97", "order_time": ["2019-01-10 19:34:22"], "total_order": 1, "hotel_value": ["4.5"], "hotel_price": ["170"]}, "4707052": {"hotel_name": "Q\u52a0\u00b7\u72ec\u4e00\u5904\u9152\u5e97\u5f0f\u516c\u5bd3(\u5357\u4eac\u5357\u7ad9\u5e97)(\u539f\u5411\u65e5\u8475\u9152\u5e97\u516c\u5bd3)", "order_time": ["2019-01-10 20:18:22", "2019-01-10 19:34:24"], "total_order": 2, "hotel_value": ["4.7", "4.7"], "hotel_price": ["154", "154"]}, "2305847": {"hotel_name": "7\u5929\u8fde\u9501\u9152\u5e97(\u5357\u4eac\u4e0a\u6d77\u8def\u5730\u94c1\u7ad9\u5e97)", "order_time": ["2019-01-10 19:34:26"], "total_order": 1, "hotel_value": ["4.2"], "hotel_price": ["157"]}, "1938309": {"hotel_name": "\u9526\u6c5f\u4e4b\u661f(\u5357\u4eac\u83ab\u6101\u6e56\u5e97)", "order_time": ["2019-01-10 19:34:27"], "total_order": 1, "hotel_value": ["4.4"], "hotel_price": ["210"]}, "1334644": {"hotel_name": "\u5357\u4eac\u7984\u53e3\u6668\u8679\u82b1\u56ed\u9152\u5e97(\u7984\u53e3\u673a\u573a\u5e97)", "order_time": ["2019-01-10 19:34:27"], "total_order": 1, "hotel_value": ["4.5"], "hotel_price": ["350"]}, "4728625": {"hotel_name": "\u5357\u4eac\u4e50\u9ad8\u5546\u52a1\u5bbe\u9986", "order_time": ["2019-01-10 19:34:28", "2019-01-10 19:50:35"], "total_order": 2, "hotel_value": ["4.1", "4.1"], "hotel_price": ["110", "110"]}, "13819648": {"hotel_name": "\u5357\u4eac\u6c49\u8d8a\u5ead\u7cbe\u54c1\u9152\u5e97", "order_time": ["2019-01-10 19:34:29", "2019-01-10 19:36:29"], "total_order": 2, "hotel_value": ["4.8", "4.8"], "hotel_price": ["142", "142"]}, "1618777": {"hotel_name": "\u6ea7\u6c34\u9633\u5149\u5047\u65e5\u9152\u5e97(\u5357\u4eac\u5927\u897f\u95e8\u5e97)", "order_time": ["2019-01-10 19:34:30"], "total_order": 1, "hotel_value": ["4.5"], "hotel_price": ["139"]}, "2883682": {"hotel_name": "\u5357\u4eac\u5c1a\u697c\u5bbe\u9986", "order_time": ["2019-01-10 19:34:34"], "total_order": 1, "hotel_value": ["3.5"], "hotel_price": ["131"]}, "1336390": {"hotel_name": "7\u5929\u8fde\u9501\u9152\u5e97(\u5357\u4eac\u592b\u5b50\u5e99\u5927\u5149\u8def\u5e97)", "order_time": ["2019-01-10 19:36:29", "2019-01-10 19:34:38"], "total_order": 2, "hotel_value": ["4.2", "4.2"], "hotel_price": ["93", "93"]}, "1697711": {"hotel_name": "\u5e03\u4e01\u9152\u5e97(\u5357\u4eac\u5357\u822a\u7fe0\u5c4f\u5c71\u5730\u94c1\u7ad9\u5e97)", "order_time": ["2019-01-10 19:34:39"], "total_order": 1, "hotel_value": ["3.7"], "hotel_price": ["122"]}, "813373": {"hotel_name": "\u5357\u4eac\u6db5\u6708\u697c\u9996\u4e3d\u65af\u9152\u5e97", "order_time": ["2019-01-10 19:57:15", "2019-01-10 19:44:52", "2019-01-10 19:35:16"], "total_order": 3, "hotel_value": ["4.8", "4.8", "4.8"], "hotel_price": ["647", "647", "647"]}, "346278": {"hotel_name": "\u5357\u4eac\u5a01\u65af\u6c40\u5927\u9152\u5e97", "order_time": ["2019-01-10 19:36:19"], "total_order": 1, "hotel_value": ["4.6"], "hotel_price": ["1042"]}, "4436718": {"hotel_name": "\u5357\u4eac\u91d1\u9e70\u7687\u51a0\u884c\u653f\u516c\u5bd3", "order_time": ["2019-01-10 19:36:20"], "total_order": 1, "hotel_value": ["4.7"], "hotel_price": ["798"]}, "19921125": {"hotel_name": "\u5357\u4eac\u805a\u4e4b\u7f18\u9152\u5e97(\u539f\u69b4\u83b2\u5c0f\u661f\u9152\u5e97)", "order_time": ["2019-01-10 19:36:20", "2019-01-10 19:40:28"], "total_order": 2, "hotel_value": ["4.3", "4.3"], "hotel_price": ["190", "190"]}, "2857752": {"hotel_name": "\u683c\u6797\u8c6a\u6cf0(\u5357\u4eac\u5357\u7ad9\u5357\u5e7f\u573a\u5e97)", "order_time": ["2019-01-10 19:36:20"], "total_order": 1, "hotel_value": ["4.4"], "hotel_price": ["175"]}, "6928967": {"hotel_name": "\u5357\u4eac\u6052\u5927\u9152\u5e97", "order_time": ["2019-01-10 19:36:21"], "total_order": 1, "hotel_value": ["4.8"], "hotel_price": ["589"]}, "1457092": {"hotel_name": "\u5982\u5bb6\u5feb\u6377\u9152\u5e97(\u5357\u4eac\u65b0\u8857\u53e3\u5e97)", "order_time": ["2019-01-10 19:36:21"], "total_order": 1, "hotel_value": ["4.6"], "hotel_price": ["154"]}, "3796644": {"hotel_name": "\u5357\u4eac\u5f97\u534a\u5e84\u56ed\u5ea6\u5047\u9152\u5e97", "order_time": ["2019-01-10 19:36:22"], "total_order": 1, "hotel_value": ["4.6"], "hotel_price": ["422"]}, "1476770": {"hotel_name": "\u552f\u7231\u4e4b\u661f\u4e3b\u9898\u5bbe\u9986(\u5357\u4eac\u4ed9\u6797\u5e97)", "order_time": ["2019-01-10 19:36:23"], "total_order": 1, "hotel_value": ["3.8"], "hotel_price": ["144"]}, "6352638": {"hotel_name": "\u661f\u7a0b\u9152\u5e97(\u5357\u4eac\u5c06\u519b\u5927\u9053\u5de5\u4e1a\u56ed\u5e97)(\u539f\u80dc\u4f3c\u95f2\u5ead\u9152\u5e97\u6c5f\u5b81\u5f00\u53d1\u533a\u5409\u5370\u5927\u9053\u5730\u94c1\u7ad9\u5e97)", "order_time": ["2019-01-10 19:36:24"], "total_order": 1, "hotel_value": ["4.5"], "hotel_price": ["251"]}, "3067306": {"hotel_name": "\u7ef4\u4e5f\u7eb3\u9152\u5e97(\u5357\u4eac\u767e\u5bb6\u6e56\u897f\u95e8\u5b50\u8def\u5e97)", "order_time": ["2019-01-10 19:36:24"], "total_order": 1, "hotel_value": ["4.8"], "hotel_price": ["286"]}, "1507692": {"hotel_name": "\u80af\u5b9a\u7cbe\u9009\u9152\u5e97(\u5357\u4eac\u6ee8\u6c5f\u65b0\u57ce\u5e97)(\u539f\u5c1a\u6b27\u57ce\u5e02\u9152\u5e97)", "order_time": ["2019-01-10 19:36:26"], "total_order": 1, "hotel_value": ["4.4"], "hotel_price": ["121"]}, "26446286": {"hotel_name": "\u5357\u4eac\u65b0\u6e2f\u5f00\u53d1\u533a\u4e9a\u6735\u9152\u5e97", "order_time": ["2019-01-10 19:36:26"], "total_order": 1, "hotel_value": ["4.8"], "hotel_price": ["319"]}, "23929557": {"hotel_name": "\u5357\u4eac\u6c83\u5b5c\u9152\u5e97", "order_time": ["2019-01-10 19:36:26"], "total_order": 1, "hotel_value": ["4.6"], "hotel_price": ["188"]}, "1219124": {"hotel_name": "\u90fd\u5e02118(\u5357\u4eac\u4e2d\u5c71\u9675\u98ce\u666f\u533a\u4e0b\u9a6c\u574a\u5730\u94c1\u7ad9\u5e97)", "order_time": ["2019-01-10 19:36:26"], "total_order": 1, "hotel_value": ["4.4"], "hotel_price": ["151"]}, "5816757": {"hotel_name": "\u6c49\u5ead\u9152\u5e97(\u5357\u4eac\u5965\u4f53\u4e2d\u5fc3\u4e8c\u5e97)", "order_time": ["2019-01-10 19:36:28"], "total_order": 1, "hotel_value": ["4.5"], "hotel_price": ["212"]}, "5782272": {"hotel_name": "\u4e5d\u97f5\u7cbe\u54c1\u9152\u5e97(\u5357\u4eac\u5357\u5de5\u5927\u6155\u65af\u835f\u5e97)", "order_time": ["2019-01-10 20:20:28", "2019-01-10 19:36:28"], "total_order": 2, "hotel_value": ["4.7", "4.7"], "hotel_price": ["183", "198"]}, "1454364": {"hotel_name": "\u5982\u5bb6\u5feb\u6377\u9152\u5e97(\u5357\u4eac\u65b0\u8857\u53e3\u73e0\u6c5f\u8def\u5730\u94c1\u7ad9\u5fb7\u57fa\u5e7f\u573a\u5e97)", "order_time": ["2019-01-10 19:36:30"], "total_order": 1, "hotel_value": ["4.5"], "hotel_price": ["196"]}, "811706": {"hotel_name": "\u6e05\u6c90\u8fde\u9501\u9152\u5e97(\u5357\u4eac\u706b\u8f66\u7ad9\u4e2d\u592e\u95e8\u5e97)", "order_time": ["2019-01-10 19:36:30"], "total_order": 1, "hotel_value": ["4.2"], "hotel_price": ["99"]}, "23877276": {"hotel_name": "\u6e05\u6c90\u7cbe\u9009\u9152\u5e97(\u5357\u4eac\u9f99\u534e\u8def\u9633\u5149\u9752\u57ce\u5e97)", "order_time": ["2019-01-10 19:36:30"], "total_order": 1, "hotel_value": ["4.6"], "hotel_price": ["164"]}, "5799493": {"hotel_name": "\u5357\u4eac\u4e91\u6735\u5bbe\u9986", "order_time": ["2019-01-10 19:36:31"], "total_order": 1, "hotel_value": ["3.9"], "hotel_price": ["118"]}, "6812166": {"hotel_name": "\u5357\u4eac6+1\u5546\u65c5\u5ba2\u9152\u5e97", "order_time": ["2019-01-10 19:36:31"], "total_order": 1, "hotel_value": ["4.1"], "hotel_price": ["123"]}, "1880478": {"hotel_name": "9\u5c45\u5bbe\u9986(\u5357\u4eac\u5357\u7ad9\u5e97)", "order_time": ["2019-01-10 19:36:31"], "total_order": 1, "hotel_value": ["3.7"], "hotel_price": ["83"]}, "21744273": {"hotel_name": "\u5357\u4eac\u68a6\u6cfd\u5feb\u6377\u5bbe\u9986", "order_time": ["2019-01-10 20:06:31", "2019-01-10 20:22:31", "2019-01-10 19:36:35"], "total_order": 3, "hotel_value": ["4.9", "4.9", "4.9"], "hotel_price": ["162", "162", "162"]}, "1969529": {"hotel_name": "\u5357\u4eac\u4e50\u5bb6\u00b7\u57ce\u5e02\u4e4b\u5149\u7cbe\u54c1\u9152\u5e97", "order_time": ["2019-01-10 19:36:35"], "total_order": 1, "hotel_value": ["4.2"], "hotel_price": ["153"]}, "9586571": {"hotel_name": "\u53ef\u4e3a\u5bb6\u7cbe\u54c1\u9152\u5e97\u5f0f\u516c\u5bd3(\u5357\u4eac\u5357\u7ad9\u5e97)", "order_time": ["2019-01-10 19:36:35"], "total_order": 1, "hotel_value": ["4.7"], "hotel_price": ["193"]}, "6402499": {"hotel_name": "\u5357\u4eac\u4ece\u524d\u6162\u9752\u5e74\u65c5\u820d", "order_time": ["2019-01-10 19:36:39"], "total_order": 1, "hotel_value": ["4.4"], "hotel_price": ["42"]}, "1507948": {"hotel_name": "\u5357\u4eac\u91d1\u6df3\u5bbe\u9986", "order_time": ["2019-01-10 19:36:41"], "total_order": 1, "hotel_value": ["3.4"], "hotel_price": ["70"]}, "1943912": {"hotel_name": "\u5357\u4eac\u5357\u6797\u5927\u53a6", "order_time": ["2019-01-10 19:36:47"], "total_order": 1, "hotel_value": ["4.2"], "hotel_price": ["248"]}, "427757": {"hotel_name": "\u83ab\u6cf0168(\u5357\u4eac\u592b\u5b50\u5e99\u5927\u5149\u8def\u5e97)", "order_time": ["2019-01-10 19:38:18"], "total_order": 1, "hotel_value": ["4.4"], "hotel_price": ["119"]}, "6855049": {"hotel_name": "\u53e4\u5357\u90fd\u9038\u5c45\u9152\u5e97(\u5357\u4eac\u65b0\u8857\u53e3\u5927\u884c\u5bab\u5730\u94c1\u7ad9\u5e97)", "order_time": ["2019-01-10 19:38:18", "2019-01-10 20:10:18"], "total_order": 2, "hotel_value": ["4.8", "4.8"], "hotel_price": ["329", "304"]}, "854476": {"hotel_name": "\u5357\u4eac\u534e\u4e1c\u996d\u5e97", "order_time": ["2019-01-10 19:38:19"], "total_order": 1, "hotel_value": ["4.6"], "hotel_price": ["740"]}, "798937": {"hotel_name": "\u5357\u4eac\u592b\u5b50\u5e99\u56fd\u9645\u9752\u5e74\u65c5\u820d", "order_time": ["2019-01-10 19:38:20", "2019-01-10 19:56:24"], "total_order": 2, "hotel_value": ["4.1", "4.1"], "hotel_price": ["49", "49"]}, "5667362": {"hotel_name": "\u5357\u4eac\u7a7a\u90fd\u9152\u5e97", "order_time": ["2019-01-10 19:38:20"], "total_order": 1, "hotel_value": ["4.5"], "hotel_price": ["282"]}, "2302798": {"hotel_name": "\u5357\u4eac\u767e\u8349\u56ed\u5bbe\u9986", "order_time": ["2019-01-10 19:38:20"], "total_order": 1, "hotel_value": ["4.4"], "hotel_price": ["358"]}, "1828824": {"hotel_name": "\u65b0\u5730\u9152\u5e97(\u5357\u4eac\u65b0\u5730\u4ed9\u6797\u4e2d\u5fc3\u5e97)", "order_time": ["2019-01-10 19:38:21"], "total_order": 1, "hotel_value": ["4.8"], "hotel_price": ["460"]}, "5242512": {"hotel_name": "\u5c1acheng\u4f18\u9009\u9152\u5e97(\u5357\u4eac\u7984\u53e3\u673a\u573a\u5e97)", "order_time": ["2019-01-10 19:38:21"], "total_order": 1, "hotel_value": ["3.9"], "hotel_price": ["168"]}, "5904203": {"hotel_name": "\u5357\u4eac\u65b0\u9038\u5929\u91d1\u4e1d\u5229\u9152\u5e97", "order_time": ["2019-01-10 19:38:23"], "total_order": 1, "hotel_value": ["4.6"], "hotel_price": ["368"]}, "1085732": {"hotel_name": "\u5e03\u4e01\u9152\u5e97(\u5357\u4eac\u7af9\u5c71\u8def\u5730\u94c1\u7ad9\u5e97)", "order_time": ["2019-01-10 19:38:24"], "total_order": 1, "hotel_value": ["3.9"], "hotel_price": ["108"]}, "3003561": {"hotel_name": "\u7ef4\u4e5f\u7eb3\u56fd\u9645\u9152\u5e97(\u5357\u4eac\u5357\u7ad9\u4e1c\u9e92\u8def\u5e97)", "order_time": ["2019-01-10 19:38:25"], "total_order": 1, "hotel_value": ["4.8"], "hotel_price": ["316"]}, "1660621": {"hotel_name": "\u5357\u4eac\u4e4b\u654f\u5e84\u4e3b\u9898\u9152\u5e97", "order_time": ["2019-01-10 19:38:26"], "total_order": 1, "hotel_value": ["4.2"], "hotel_price": ["117"]}, "1862779": {"hotel_name": "\u51ef\u65fa\u8fde\u9501\u5bbe\u9986(\u5357\u4eac\u540e\u5bb0\u95e8\u5e97)", "order_time": ["2019-01-10 19:38:28"], "total_order": 1, "hotel_value": ["4.6"], "hotel_price": ["133"]}, "1447045": {"hotel_name": "\u83ab\u6cf0168(\u5357\u4eac\u6c5f\u5b81\u5927\u5b66\u57ce\u9f99\u7720\u5927\u9053\u5730\u94c1\u7ad9\u5e97)", "order_time": ["2019-01-10 19:38:28"], "total_order": 1, "hotel_value": ["4.4"], "hotel_price": ["154"]}, "1943642": {"hotel_name": "\u6e05\u6c90\u7cbe\u54c1\u9152\u5e97(\u5357\u4eac\u5927\u6865\u5317\u8def\u6cf0\u5c71\u65b0\u6751\u5730\u94c1\u7ad9)", "order_time": ["2019-01-10 19:38:29"], "total_order": 1, "hotel_value": ["3.9"], "hotel_price": ["124"]}, "346283": {"hotel_name": "\u5357\u4eac\u91d1\u9675\u996d\u5e97", "order_time": ["2019-01-10 20:04:32", "2019-01-10 19:58:35", "2019-01-10 19:38:32", "2019-01-10 20:10:38"], "total_order": 4, "hotel_value": ["4.8", "4.8", "4.8", "4.8"], "hotel_price": ["625", "625", "625", "625"]}, "6765206": {"hotel_name": "\u5357\u4eac\u5929\u5ba2\u6765\u9152\u5e97", "order_time": ["2019-01-10 19:42:33", "2019-01-10 19:48:27", "2019-01-10 19:38:35", "2019-01-10 19:50:27"], "total_order": 4, "hotel_value": ["4.7", "4.7", "4.7", "4.7"], "hotel_price": ["158", "158", "158", "158"]}, "5033313": {"hotel_name": "\u5357\u4eac\u897f\u683c\u739b\u827a\u672f\u9152\u5e97", "order_time": ["2019-01-10 19:38:37"], "total_order": 1, "hotel_value": ["3.6"], "hotel_price": ["178"]}, "1103572": {"hotel_name": "\u6c49\u5ead\u9152\u5e97(\u5357\u4eac\u516d\u5408\u96c4\u5dde\u5730\u94c1\u7ad9\u5e97)", "order_time": ["2019-01-10 19:38:40"], "total_order": 1, "hotel_value": ["4.6"], "hotel_price": ["147"]}, "1619434": {"hotel_name": "\u80af\u5b9a\u8fde\u9501\u9152\u5e97(\u5357\u4eac\u9ad8\u6df3\u5e97)(\u539f\u5357\u4eac\u9ad8\u6df3\u597d\u6765\u9601\u5546\u52a1\u5bbe\u9986)", "order_time": ["2019-01-10 19:38:43"], "total_order": 1, "hotel_value": ["4.1"], "hotel_price": ["78"]}, "946985": {"hotel_name": "\u53e4\u90fd\u6587\u5316\u5546\u52a1\u65c5\u9986(\u5357\u4eac\u65b0\u8857\u53e3\u5e97)", "order_time": ["2019-01-10 19:40:21"], "total_order": 1, "hotel_value": ["4.4"], "hotel_price": ["155"]}, "1452427": {"hotel_name": "\u5982\u5bb6\u5feb\u6377\u9152\u5e97(\u5357\u4eac\u6c5f\u6d66\u9f99\u534e\u8def\u5730\u94c1\u7ad9\u5e97)", "order_time": ["2019-01-10 19:40:22"], "total_order": 1, "hotel_value": ["4.4"], "hotel_price": ["139"]}, "21796605": {"hotel_name": "\u7ef4\u4e5f\u7eb3\u9152\u5e97(\u5357\u4eac\u6587\u5fb7\u8def\u5730\u94c1\u7ad9\u7814\u521b\u56ed\u5e97)", "order_time": ["2019-01-10 19:58:20", "2019-01-10 19:40:25", "2019-01-10 20:02:23"], "total_order": 3, "hotel_value": ["4.8", "4.8", "4.8"], "hotel_price": ["278", "282", "282"]}, "1257083": {"hotel_name": "7\u5929\u8fde\u9501\u9152\u5e97(\u5357\u4eac\u6c5f\u5b811912\u767e\u5bb6\u6e56\u5730\u94c1\u7ad9\u5e97)", "order_time": ["2019-01-10 19:40:26"], "total_order": 1, "hotel_value": ["4.0"], "hotel_price": ["179"]}, "2622283": {"hotel_name": "\u6c49\u5ead\u9152\u5e97(\u5357\u4eac\u4e2d\u592e\u5317\u8def\u5e97)", "order_time": ["2019-01-10 19:40:28"], "total_order": 1, "hotel_value": ["4.4"], "hotel_price": ["186"]}, "654619": {"hotel_name": "\u5357\u4eac\u4e2d\u5174\u548c\u6cf0\u9152\u5e97", "order_time": ["2019-01-10 19:40:29"], "total_order": 1, "hotel_value": ["4.4"], "hotel_price": ["470"]}, "8982641": {"hotel_name": "\u5357\u4eac\u4f18\u4e30\u9152\u5e97", "order_time": ["2019-01-10 19:40:37"], "total_order": 1, "hotel_value": ["4.7"], "hotel_price": ["151"]}, "6085630": {"hotel_name": "\u5357\u4eac\u8d35\u6e90\u5bbe\u5bbe\u9986", "order_time": ["2019-01-10 19:40:42"], "total_order": 1, "hotel_value": ["4.4"], "hotel_price": ["135"]}, "3916519": {"hotel_name": "\u5357\u4eac\u5b89\u6734\u9152\u5e97", "order_time": ["2019-01-10 19:42:16", "2019-01-10 19:46:21"], "total_order": 2, "hotel_value": ["4.7", "4.7"], "hotel_price": ["888", "888"]}, "470082": {"hotel_name": "\u6c5f\u82cf\u7fe0\u5c4f\u5c71\u5bbe\u9986", "order_time": ["2019-01-10 19:42:20"], "total_order": 1, "hotel_value": ["4.7"], "hotel_price": ["383"]}, "2646998": {"hotel_name": "\u5982\u5bb6\u5feb\u6377\u9152\u5e97(\u5357\u4eac\u592b\u5b50\u5e99\u8001\u95e8\u4e1c\u6b66\u5b9a\u95e8\u5730\u94c1\u7ad9\u5e97)", "order_time": ["2019-01-10 19:42:20"], "total_order": 1, "hotel_value": ["4.5"], "hotel_price": ["170"]}, "13918987": {"hotel_name": "\u5357\u4eac\u5821\u5229\u9152\u5e97\u516c\u5bd3", "order_time": ["2019-01-10 20:18:23", "2019-01-10 19:42:21"], "total_order": 2, "hotel_value": ["4.8", "4.8"], "hotel_price": ["194", "194"]}, "2596930": {"hotel_name": "\u6c5f\u5357\u884c\u7cbe\u54c1\u9152\u5e97(\u5357\u4eac\u4e5d\u534e\u5c71\u5730\u94c1\u7ad9\u5e97)", "order_time": ["2019-01-10 19:42:21"], "total_order": 1, "hotel_value": ["4.6"], "hotel_price": ["277"]}, "2071053": {"hotel_name": "\u5357\u4eac\u5fa1\u666f\u6e7e\u9152\u5e97\u516c\u5bd3", "order_time": ["2019-01-10 19:42:24"], "total_order": 1, "hotel_value": ["4.7"], "hotel_price": ["282"]}, "19494927": {"hotel_name": "\u5357\u4eac\u9006\u65f6\u5149\u9752\u5e74\u65c5\u820d", "order_time": ["2019-01-10 19:42:29"], "total_order": 1, "hotel_value": ["4.9"], "hotel_price": ["53"]}, "11475381": {"hotel_name": "\u5357\u4eac\u6c34\u5cb8\u82b1\u56ed\u5bbe\u9986", "order_time": ["2019-01-10 19:42:33"], "total_order": 1, "hotel_value": ["4.8"], "hotel_price": ["123"]}, "21688385": {"hotel_name": "\u5357\u4eacK HOTEL\u9152\u5e97", "order_time": ["2019-01-10 19:46:26", "2019-01-10 19:44:16"], "total_order": 2, "hotel_value": ["4.8", "4.8"], "hotel_price": ["388", "388"]}, "23917986": {"hotel_name": "\u5357\u4eacMY HOTEL", "order_time": ["2019-01-10 19:44:17"], "total_order": 1, "hotel_value": ["4.7"], "hotel_price": ["321"]}, "1669477": {"hotel_name": "\u5357\u4eac\u65b0\u8857\u53e3\u996d\u5e97", "order_time": ["2019-01-10 19:44:18"], "total_order": 1, "hotel_value": ["4.1"], "hotel_price": ["128"]}, "6645069": {"hotel_name": "\u6613\u4f70\u826f\u54c1\u9152\u5e97(\u5357\u4eac\u5357\u7ad9\u5317\u5e7f\u573a\u5e97)", "order_time": ["2019-01-10 19:44:20"], "total_order": 1, "hotel_value": ["4.2"], "hotel_price": ["144"]}, "425945": {"hotel_name": "\u6c5f\u82cf\u51e4\u51f0\u53f0\u996d\u5e97", "order_time": ["2019-01-10 19:46:26", "2019-01-10 19:44:22"], "total_order": 2, "hotel_value": ["4.7", "4.7"], "hotel_price": ["598", "598"]}, "450787": {"hotel_name": "\u5357\u4eac\u91d1\u592a\u9686\u56fd\u9645\u9152\u5e97", "order_time": ["2019-01-10 19:44:22"], "total_order": 1, "hotel_value": ["4.7"], "hotel_price": ["368"]}, "446012": {"hotel_name": "\u5357\u4eac\u4f70\u7fd4\u82b1\u56ed\u9152\u5e97", "order_time": ["2019-01-10 19:44:22"], "total_order": 1, "hotel_value": ["4.7"], "hotel_price": ["487"]}, "914004": {"hotel_name": "\u6c49\u5ead\u9152\u5e97(\u5357\u4eac\u4ed9\u6797\u5927\u5b66\u57ce\u5e97)", "order_time": ["2019-01-10 19:44:25"], "total_order": 1, "hotel_value": ["4.2"], "hotel_price": ["255"]}, "22825205": {"hotel_name": "\u5357\u4eac\u7d2b\u7384\u9152\u5e97", "order_time": ["2019-01-10 19:44:26", "2019-01-10 20:12:21"], "total_order": 2, "hotel_value": ["4.9", "4.9"], "hotel_price": ["382", "382"]}, "21826827": {"hotel_name": "\u5b9c\u5fc5\u601d\u5c1a\u54c1\u9152\u5e97(\u5357\u4eac\u5357\u7ad9\u5317\u5e7f\u573a\u5e97)", "order_time": ["2019-01-10 19:44:27", "2019-01-10 19:54:21"], "total_order": 2, "hotel_value": ["4.6", "4.6"], "hotel_price": ["389", "389"]}, "6063855": {"hotel_name": "\u5357\u4eac\u6c34\u6676\u4e3d\u6a59\u9152\u5e97", "order_time": ["2019-01-10 19:44:28"], "total_order": 1, "hotel_value": ["4.2"], "hotel_price": ["179"]}, "915022": {"hotel_name": "\u5357\u4eac\u4ed9\u6797\u4e4b\u661f\u5bbe\u9986", "order_time": ["2019-01-10 19:58:27", "2019-01-10 19:44:31"], "total_order": 2, "hotel_value": ["3.7", "3.7"], "hotel_price": ["87", "87"]}, "2999933": {"hotel_name": "\u6021\u666f\u516c\u5bd3\u9152\u5e97(\u5357\u4eac\u80dc\u592a\u8def\u5730\u94c1\u7ad9\u5e97)", "order_time": ["2019-01-10 19:44:31"], "total_order": 1, "hotel_value": ["4.6"], "hotel_price": ["172"]}, "4732994": {"hotel_name": "\u5982\u5bb6\u5feb\u6377\u9152\u5e97(\u5357\u4eac\u5965\u4f53\u4e2d\u5fc3\u9ec4\u5c71\u8def\u5e97)", "order_time": ["2019-01-10 19:44:32"], "total_order": 1, "hotel_value": ["3.9"], "hotel_price": ["182"]}, "6061758": {"hotel_name": "\u5357\u4eac\u63a2\u8def\u8005\u5ba2\u6808\u6c49\u4e2d\u95e8\u5730\u94c1\u7ad9", "order_time": ["2019-01-10 19:44:38"], "total_order": 1, "hotel_value": ["4.3"], "hotel_price": ["74"]}, "426068": {"hotel_name": "\u5357\u4eac\u5f00\u5143\u5927\u9152\u5e97", "order_time": ["2019-01-10 19:46:20"], "total_order": 1, "hotel_value": ["4.7"], "hotel_price": ["393"]}, "1943895": {"hotel_name": "\u5e03\u4e01\u9152\u5e97(\u5357\u4eac\u9f13\u697c\u7384\u6b66\u6e56\u7384\u6b66\u95e8\u5730\u94c1\u7ad9\u5e97)", "order_time": ["2019-01-10 19:46:20"], "total_order": 1, "hotel_value": ["4.1"], "hotel_price": ["148"]}, "25050379": {"hotel_name": "\u5357\u4eac\u5965\u4f53\u4e2d\u5fc3\u4e9a\u6735S\u9152\u5e97", "order_time": ["2019-01-10 19:46:21", "2019-01-10 20:14:21"], "total_order": 2, "hotel_value": ["4.9", "4.9"], "hotel_price": ["424", "424"]}, "434407": {"hotel_name": "\u5357\u4eac\u91d1\u9675\u6c5f\u6ee8\u9152\u5e97", "order_time": ["2019-01-10 19:46:21"], "total_order": 1, "hotel_value": ["4.7"], "hotel_price": ["806"]}, "404182": {"hotel_name": "\u5357\u4eac\u4e01\u5c71\u5bbe\u9986", "order_time": ["2019-01-10 20:22:22", "2019-01-10 20:06:18", "2019-01-10 19:46:21"], "total_order": 3, "hotel_value": ["4.4", "4.4", "4.4"], "hotel_price": ["282", "282", "282"]}, "512269": {"hotel_name": "\u5357\u4eac\u5b5c\u56fe\u9152\u5e97", "order_time": ["2019-01-10 19:46:22", "2019-01-10 19:56:18"], "total_order": 2, "hotel_value": ["4.7", "4.7"], "hotel_price": ["334", "299"]}, "23843348": {"hotel_name": "\u5357\u4eac\u541b\u9a7f\u56fd\u9645\u9152\u5e97", "order_time": ["2019-01-10 19:46:24"], "total_order": 1, "hotel_value": ["4.7"], "hotel_price": ["137"]}, "1774379": {"hotel_name": "\u6c49\u5ead\u9152\u5e97(\u5357\u4eac\u677f\u4ed3\u848b\u738b\u5e99\u5730\u94c1\u7ad9\u5e97)(\u539f\u677f\u4ed3\u8857\u5e97)", "order_time": ["2019-01-10 19:46:25"], "total_order": 1, "hotel_value": ["4.1"], "hotel_price": ["177"]}, "811652": {"hotel_name": "\u6e05\u6c90\u8fde\u9501\u9152\u5e97(\u5357\u4eac1912\u73e0\u6c5f\u8def\u767e\u8111\u6c47\u5e97)", "order_time": ["2019-01-10 19:46:26"], "total_order": 1, "hotel_value": ["4.2"], "hotel_price": ["126"]}, "8574644": {"hotel_name": "\u5357\u4eac\u70ed\u7a9d\u5927\u9152\u5e97", "order_time": ["2019-01-10 19:46:28"], "total_order": 1, "hotel_value": ["4.2"], "hotel_price": ["118"]}, "4510310": {"hotel_name": "\u5b89\u683c\u65af\u9152\u5e97\u516c\u5bd3(\u5357\u4eac\u6bb7\u5df7\u5e97)", "order_time": ["2019-01-10 19:46:49"], "total_order": 1, "hotel_value": ["4.4"], "hotel_price": ["109"]}, "662535": {"hotel_name": "\u5357\u4eac\u963f\u5c14\u5361\u8fea\u4e9a\u56fd\u9645\u9152\u5e97", "order_time": ["2019-01-10 19:48:17"], "total_order": 1, "hotel_value": ["4.8"], "hotel_price": ["440"]}, "2358598": {"hotel_name": "\u767d\u7389\u5170\u9152\u5e97(\u5357\u4eac\u80dc\u592a\u897f\u8def\u5e97)", "order_time": ["2019-01-10 19:48:17"], "total_order": 1, "hotel_value": ["4.8"], "hotel_price": ["335"]}, "4646635": {"hotel_name": "\u5b9c\u5fc5\u601d\u5c1a\u54c1\u5357\u4eac\u5f20\u5e9c\u56ed\u5730\u94c1\u7ad9\u9152\u5e97", "order_time": ["2019-01-10 19:48:20"], "total_order": 1, "hotel_value": ["4.4"], "hotel_price": ["308"]}, "795217": {"hotel_name": "\u5982\u5bb6\u7cbe\u9009\u9152\u5e97(\u5357\u4eac\u65b0\u8857\u53e3\u5e97)", "order_time": ["2019-01-10 20:06:20", "2019-01-10 19:48:21"], "total_order": 2, "hotel_value": ["4.7", "4.7"], "hotel_price": ["320", "320"]}, "4727336": {"hotel_name": "\u5357\u4eac\u4e09\u676f\u8336\u9752\u5e74\u516c\u5bd3", "order_time": ["2019-01-10 19:48:26"], "total_order": 1, "hotel_value": ["4.7"], "hotel_price": ["53"]}, "433128": {"hotel_name": "\u5357\u4eac365\u9152\u5e97\u516c\u5bd3(\u65b0\u8857\u53e3\u57ce\u5f00\u56fd\u9645\u5e97)", "order_time": ["2019-01-10 19:48:29"], "total_order": 1, "hotel_value": ["4.5"], "hotel_price": ["188"]}, "8913707": {"hotel_name": "\u5357\u4eac\u5c0f\u70b9\u70b9\u5bbe\u9986", "order_time": ["2019-01-10 19:48:32"], "total_order": 1, "hotel_value": ["4.8"], "hotel_price": ["102"]}, "6402423": {"hotel_name": "\u5357\u4eac\u7384\u6b66\u6e56\u5047\u65e5\u9152\u5e97", "order_time": ["2019-01-10 19:50:17"], "total_order": 1, "hotel_value": ["4.6"], "hotel_price": ["558"]}, "2063865": {"hotel_name": "7\u5929\u4f18\u54c1\u9152\u5e97(\u5357\u4eac\u65b0\u8857\u53e3\u5730\u94c1\u7ad9\u5e97)", "order_time": ["2019-01-10 19:50:17"], "total_order": 1, "hotel_value": ["4.6"], "hotel_price": ["200"]}, "1535643": {"hotel_name": "\u6c49\u5ead\u9152\u5e97(\u5357\u4eac\u65b0\u8857\u53e3\u738b\u5e9c\u5927\u8857\u5e97)", "order_time": ["2019-01-10 19:50:21"], "total_order": 1, "hotel_value": ["4.4"], "hotel_price": ["218"]}, "12257587": {"hotel_name": "\u5357\u4eac\u53e4\u67cf\u6797\u9152\u5e97", "order_time": ["2019-01-10 19:50:26"], "total_order": 1, "hotel_value": ["4.5"], "hotel_price": ["150"]}, "6042422": {"hotel_name": "\u5c1a\u5ba2\u4f18\u8fde\u9501\u9152\u5e97\u5357\u4eac\u9ad8\u6df3\u56fa\u57ce\u9547\u5e97", "order_time": ["2019-01-10 19:50:30"], "total_order": 1, "hotel_value": ["4.5"], "hotel_price": ["112"]}, "1961707": {"hotel_name": "\u5357\u4eac\u9526\u6052\u5047\u65e5\u5bbe\u9986", "order_time": ["2019-01-10 19:50:30"], "total_order": 1, "hotel_value": ["2.8"], "hotel_price": ["149"]}, "969280": {"hotel_name": "\u6c49\u5ead\u9152\u5e97(\u5357\u4eac\u5de5\u4e1a\u5927\u5b66\u8679\u6865\u5e97)", "order_time": ["2019-01-10 20:24:30", "2019-01-10 19:50:30"], "total_order": 2, "hotel_value": ["4.5", "4.5"], "hotel_price": ["227", "227"]}, "15708950": {"hotel_name": "\u5357\u4eac\u6d77\u4e4b\u604b\u7cbe\u54c1\u9152\u5e97\u516c\u5bd3", "order_time": ["2019-01-10 19:50:34"], "total_order": 1, "hotel_value": ["4.8"], "hotel_price": ["190"]}, "1633302": {"hotel_name": "\u5357\u4eac\u626c\u5b50\u5bbe\u9986", "order_time": ["2019-01-10 19:50:34"], "total_order": 1, "hotel_value": ["3.3"], "hotel_price": ["360"]}, "2578414": {"hotel_name": "\u5357\u4eac\u5fae\u65f6\u5149\u9752\u5e74\u516c\u5bd3", "order_time": ["2019-01-10 19:50:35"], "total_order": 1, "hotel_value": ["3.3"], "hotel_price": ["32"]}, "473712": {"hotel_name": "\u5357\u4eac\u84dd\u683c\u5546\u52a1\u9152\u5e97(\u539f\u4eac\u683c\u5546\u52a1\u9152\u5e97)", "order_time": ["2019-01-10 19:50:35"], "total_order": 1, "hotel_value": ["2.3"], "hotel_price": ["112"]}, "1669388": {"hotel_name": "\u5357\u4eac\u5fc6\u6c5f\u5357\u5bbe\u9986(\u539f\u6e29\u99a8\u6e2f\u6e7e6+1\u65c5\u5e97)", "order_time": ["2019-01-10 19:58:47", "2019-01-10 19:50:35"], "total_order": 2, "hotel_value": ["4.0", "4.0"], "hotel_price": ["104", "104"]}, "26689346": {"hotel_name": "\u5357\u4eac\u660e\u4eba\u5802\u5ba2\u6808", "order_time": ["2019-01-10 19:50:35"], "total_order": 1, "hotel_value": ["4.9"], "hotel_price": ["263"]}, "1775058": {"hotel_name": "\u5357\u4eac\u9f99\u6e7e\u5bbe\u9986", "order_time": ["2019-01-10 19:50:35"], "total_order": 1, "hotel_value": ["3.8"], "hotel_price": ["80"]}, "1649286": {"hotel_name": "\u5357\u4eac\u5bb6\u6625\u5bbe\u9986", "order_time": ["2019-01-10 19:50:38"], "total_order": 1, "hotel_value": ["4.2"], "hotel_price": ["82"]}, "6721346": {"hotel_name": "\u91d1\u78a7\u5bbe\u9986", "order_time": ["2019-01-10 19:50:39"], "total_order": 1, "hotel_value": [0], "hotel_price": ["75"]}, "25404399": {"hotel_name": "\u9e97\u67ab\u9152\u5e97(\u5357\u4eac\u5361\u5b50\u95e8\u5730\u94c1\u7ad9\u6c38\u4e50\u8def\u5e97)", "order_time": ["2019-01-10 19:51:04"], "total_order": 1, "hotel_value": ["4.8"], "hotel_price": ["269"]}, "4386324": {"hotel_name": "\u6d77\u53cb\u826f\u54c1\u9152\u5e97(\u5357\u4eac\u592b\u5b50\u5e99\u5e97)", "order_time": ["2019-01-10 19:52:19"], "total_order": 1, "hotel_value": ["4.5"], "hotel_price": ["139"]}, "1448359": {"hotel_name": "\u5982\u5bb6\u5546\u65c5\u9152\u5e97(\u5357\u4eac\u65b0\u8857\u53e3\u5730\u94c1\u7ad9\u5e97)", "order_time": ["2019-01-10 19:52:20"], "total_order": 1, "hotel_value": ["4.8"], "hotel_price": ["297"]}, "5016538": {"hotel_name": "\u5c0f\u65f6\u5149\u5bbe\u9986(\u5357\u4eac\u7984\u53e3\u673a\u573a\u5e97)", "order_time": ["2019-01-10 19:52:21", "2019-01-10 20:02:21"], "total_order": 2, "hotel_value": ["4.9", "4.9"], "hotel_price": ["240", "240"]}, "1645867": {"hotel_name": "\u6e05\u6c90\u8fde\u9501\u9152\u5e97(\u5357\u4eac\u6339\u6c5f\u95e8\u5e97)", "order_time": ["2019-01-10 19:52:26"], "total_order": 1, "hotel_value": ["4.3"], "hotel_price": ["224"]}, "3154919": {"hotel_name": "7\u5929\u8fde\u9501\u9152\u5e97(\u5357\u4eac\u592b\u5b50\u5e99\u96c6\u5e86\u95e8\u5e97)", "order_time": ["2019-01-10 19:52:26"], "total_order": 1, "hotel_value": ["4.2"], "hotel_price": ["125"]}, "964541": {"hotel_name": "\u683c\u6797\u8c6a\u6cf0(\u5357\u4eac\u9752\u76ae\u6811\u798f\u5efa\u8def\u5e97)", "order_time": ["2019-01-10 19:52:26"], "total_order": 1, "hotel_value": ["4.1"], "hotel_price": ["152"]}, "1647807": {"hotel_name": "\u6ea7\u6c34\u534e\u5ead\u5bbe\u9986", "order_time": ["2019-01-10 19:52:27"], "total_order": 1, "hotel_value": ["4.6"], "hotel_price": ["121"]}, "8034301": {"hotel_name": "\u661f\u7a0b\u9152\u5e97(\u5357\u4eac\u6c5f\u6d66\u6587\u5fb7\u8def\u5730\u94c1\u7ad9\u5e97)", "order_time": ["2019-01-10 19:52:30"], "total_order": 1, "hotel_value": [0], "hotel_price": ["201"]}, "1608145": {"hotel_name": "\u5357\u4eac\u5929\u53cb\u5bbe\u9986\u5e38\u5e9c\u5e97", "order_time": ["2019-01-10 19:52:47"], "total_order": 1, "hotel_value": ["3.0"], "hotel_price": ["106"]}, "25289828": {"hotel_name": "\u5357\u4eac\u5f92\u884c\u964c\u5ba2\u9752\u5e74\u65c5\u820d", "order_time": ["2019-01-10 19:54:17"], "total_order": 1, "hotel_value": ["4.9"], "hotel_price": ["43"]}, "2881669": {"hotel_name": "\u80af\u5b9a\u8fde\u9501\u5bbe\u9986(\u5357\u4eac\u8bda\u4fe1\u5927\u9053\u5e97)", "order_time": ["2019-01-10 19:54:24"], "total_order": 1, "hotel_value": ["4.3"], "hotel_price": ["98"]}, "1646486": {"hotel_name": "\u901f8\u9152\u5e97(\u5357\u4eac\u4e2d\u5c71\u9675\u666f\u533a\u897f\u5e97)", "order_time": ["2019-01-10 19:54:24"], "total_order": 1, "hotel_value": ["4.3"], "hotel_price": ["142"]}, "2124132": {"hotel_name": "\u91ca\u7231\u7cbe\u54c1\u4e3b\u9898\u9152\u5e97(\u5357\u4eac\u6c5f\u5b81\u5927\u5b66\u57ce\u5e97)", "order_time": ["2019-01-10 19:54:28"], "total_order": 1, "hotel_value": ["4.7"], "hotel_price": ["160"]}, "4728439": {"hotel_name": "\u5357\u4eac\u8302\u6e90\u5ba2\u6808", "order_time": ["2019-01-10 19:54:38"], "total_order": 1, "hotel_value": ["4.7"], "hotel_price": ["64"]}, "996989": {"hotel_name": "\u5357\u4eac\u6ea7\u6c34\u6c47\u6e90\u5bbe\u9986", "order_time": ["2019-01-10 19:55:03"], "total_order": 1, "hotel_value": [0], "hotel_price": ["104"]}, "5372071": {"hotel_name": "\u73cd\u5b9d\u5047\u65e5\u996d\u5e97(\u5357\u4eac\u6c5f\u5b81\u5e97)", "order_time": ["2019-01-10 19:56:16"], "total_order": 1, "hotel_value": ["4.8"], "hotel_price": ["578"]}, "6469488": {"hotel_name": "\u5357\u4eac\u5f52\u820d\u9152\u5e97", "order_time": ["2019-01-10 19:56:16"], "total_order": 1, "hotel_value": ["4.7"], "hotel_price": ["214"]}, "5980274": {"hotel_name": "\u5357\u4eac\u7984\u822a\u5bbe\u9986\u7984\u53e3\u673a\u573a\u4e8c\u5e97", "order_time": ["2019-01-10 19:56:17"], "total_order": 1, "hotel_value": ["4.6"], "hotel_price": ["131"]}, "25664295": {"hotel_name": "\u5357\u4eac\u5510\u6676\u9152\u5e97", "order_time": ["2019-01-10 19:56:21", "2019-01-10 20:20:19"], "total_order": 2, "hotel_value": ["4.8", "4.8"], "hotel_price": ["191", "191"]}, "11897163": {"hotel_name": "7\u5929\u4f18\u54c1\u9152\u5e97(\u5357\u4eac\u4fe1\u606f\u5de5\u7a0b\u5927\u5b66\u5730\u94c1\u7ad9\u5e97)", "order_time": ["2019-01-10 19:56:21"], "total_order": 1, "hotel_value": ["4.6"], "hotel_price": ["135"]}, "15057090": {"hotel_name": "\u548c\u749e\u8bbe\u8ba1\u5e08\u9152\u5e97\u516c\u5bd3\uff08\u5357\u4eac\u5965\u4f53\u5e97\uff09", "order_time": ["2019-01-10 19:56:21", "2019-01-10 20:04:37"], "total_order": 2, "hotel_value": ["4.6", "4.6"], "hotel_price": ["192", "192"]}, "2105409": {"hotel_name": "\u5357\u4eac\u7d2b\u8346\u56fd\u9645\u9152\u5e97\u516c\u5bd3", "order_time": ["2019-01-10 19:56:24"], "total_order": 1, "hotel_value": ["4.6"], "hotel_price": ["173"]}, "7938703": {"hotel_name": "\u6e05\u6c90\u7cbe\u9009\u4e91\u9152\u5e97(\u5357\u4eac\u6797\u4e1a\u5927\u5b66\u848b\u738b\u5e99\u5e97)", "order_time": ["2019-01-10 19:56:24"], "total_order": 1, "hotel_value": ["4.6"], "hotel_price": ["203"]}, "7123044": {"hotel_name": "\u7984\u6dee\u5bbe\u9986(\u5357\u4eac\u7984\u53e3\u673a\u573a\u4e8c\u5e97)", "order_time": ["2019-01-10 19:56:25"], "total_order": 1, "hotel_value": ["4.7"], "hotel_price": ["138"]}, "2300861": {"hotel_name": "7\u5929\u8fde\u9501\u9152\u5e97(\u5357\u4eac\u4e2d\u592e\u95e8\u706b\u8f66\u7ad9\u5e97)", "order_time": ["2019-01-10 19:56:25"], "total_order": 1, "hotel_value": ["4.3"], "hotel_price": ["98"]}, "2302852": {"hotel_name": "7\u5929\u8fde\u9501\u9152\u5e97(\u5357\u4eac\u5357\u7ad9\u6c5f\u5b81\u6cb3\u5b9a\u6865\u5730\u94c1\u7ad9\u5e97)", "order_time": ["2019-01-10 19:56:25"], "total_order": 1, "hotel_value": ["3.9"], "hotel_price": ["102"]}, "3505606": {"hotel_name": "\u5357\u4eac\u7ef4\u4e5f\u7eb33\u597d\u9152\u5e97", "order_time": ["2019-01-10 19:56:25"], "total_order": 1, "hotel_value": ["4.5"], "hotel_price": ["198"]}, "2155694": {"hotel_name": "\u6c49\u5ead\u9152\u5e97(\u5357\u4eac\u6c5f\u5b81\u4ea4\u9662\u5730\u94c1\u7ad9\u5e97)(\u539f\u6c5f\u5b81\u4ea4\u9662\u5e97)", "order_time": ["2019-01-10 19:56:27"], "total_order": 1, "hotel_value": ["4.3"], "hotel_price": ["227"]}, "6409057": {"hotel_name": "\u683c\u6797\u8054\u76df\u9152\u5e97(\u5357\u4eac\u6797\u573a\u5730\u94c1\u7ad9\u5e97)", "order_time": ["2019-01-10 19:56:31"], "total_order": 1, "hotel_value": ["3.9"], "hotel_price": ["155"]}, "1208243": {"hotel_name": "\u5357\u4eac\u65f6\u5149\u673a\u56fd\u9645\u9752\u5e74\u65c5\u820d", "order_time": ["2019-01-10 19:56:33"], "total_order": 1, "hotel_value": ["4.4"], "hotel_price": ["48"]}, "15899602": {"hotel_name": "\u5357\u4eac\u9752\u6625\u7cbe\u54c1\u516c\u5bd3", "order_time": ["2019-01-10 19:57:03"], "total_order": 1, "hotel_value": ["2.6"], "hotel_price": ["88"]}, "369782": {"hotel_name": "\u5357\u4eac\u6c34\u6e38\u57ce\u5047\u65e5\u9152\u5e97", "order_time": ["2019-01-10 19:57:15", "2019-01-10 20:22:57"], "total_order": 2, "hotel_value": ["4.7", "4.7"], "hotel_price": ["599", "599"]}, "1860543": {"hotel_name": "\u6d3e\u9152\u5e97(\u5357\u4eac\u6c5f\u5b81\u4e07\u8fbe\u4e0a\u5143\u5927\u8857\u5e97)(\u539f\u7545\u6e38\u4eba\u5feb\u6377\u65c5\u5e97)", "order_time": ["2019-01-10 19:58:15"], "total_order": 1, "hotel_value": ["4.5"], "hotel_price": ["136"]}, "811660": {"hotel_name": "\u6e05\u6c90\u8fde\u9501\u9152\u5e97(\u5357\u4eac\u5927\u6865\u5357\u8def\u5bb6\u4e50\u798f\u5e97)", "order_time": ["2019-01-10 19:58:15"], "total_order": 1, "hotel_value": ["4.3"], "hotel_price": ["154"]}, "5158996": {"hotel_name": "\u5982\u5bb6\u7cbe\u9009\u9152\u5e97(\u5357\u4eac\u5b9a\u6dee\u95e8\u9f99\u6c5f\u5730\u94c1\u7ad9\u5e97)(\u539f\u9f99\u6c5f\u5b9a\u6dee\u95e8\u5927\u8857\u5e97)", "order_time": ["2019-01-10 19:58:15"], "total_order": 1, "hotel_value": ["4.8"], "hotel_price": ["254"]}, "924314": {"hotel_name": "\u5357\u4eac\u7c73\u5170\u5047\u65e5\u5927\u9152\u5e97", "order_time": ["2019-01-10 19:58:16"], "total_order": 1, "hotel_value": ["3.8"], "hotel_price": ["179"]}, "1688221": {"hotel_name": "\u5357\u4eac\u9999\u683c\u4e91\u5929\u5bbe\u9986", "order_time": ["2019-01-10 19:58:16"], "total_order": 1, "hotel_value": ["4.3"], "hotel_price": ["83"]}, "4728409": {"hotel_name": "\u8776\u604b\u82b1\u56ed\u9152\u5e97(\u5357\u4eac\u6653\u5e84\u56fd\u9645\u5e7f\u573a\u5e97)(\u539f\u79cb\u8c31\u5bbe\u9986)", "order_time": ["2019-01-10 19:58:17"], "total_order": 1, "hotel_value": ["4.8"], "hotel_price": ["83"]}, "1828129": {"hotel_name": "\u6021\u5bb6\u8fde\u9501\u9152\u5e97\u516c\u5bd3(\u5357\u4eac\u6728\u9a6c\u516c\u5bd3\u5e97)", "order_time": ["2019-01-10 19:58:19"], "total_order": 1, "hotel_value": ["4.4"], "hotel_price": ["173"]}, "1946048": {"hotel_name": "\u5c1a\u5ba2\u4f18\u5feb\u6377\u9152\u5e97(\u5357\u4eac\u4e2d\u534e\u95e8\u5730\u94c1\u7ad9\u5e97)", "order_time": ["2019-01-10 19:58:24"], "total_order": 1, "hotel_value": ["4.1"], "hotel_price": ["111"]}, "1623511": {"hotel_name": "\u683c\u6797\u8c6a\u6cf0\u8d1d\u58f3\u9152\u5e97(\u5357\u4eac\u6e56\u5357\u8def\u72ee\u5b50\u6865\u6b65\u884c\u8857\u5e97)(\u539f\u4e9a\u7279\u5170\u5546\u52a1\u9152\u5e97)", "order_time": ["2019-01-10 19:58:26"], "total_order": 1, "hotel_value": ["4.1"], "hotel_price": ["155"]}, "5769529": {"hotel_name": "\u5357\u4eac\u6696\u6696\u5c4b\u6e29\u6cc9\u9152\u5e97", "order_time": ["2019-01-10 19:58:26"], "total_order": 1, "hotel_value": ["4.1"], "hotel_price": ["145"]}, "19030535": {"hotel_name": "\u5357\u4eac\u5f71\u90fd\u5546\u52a1\u5bbe\u9986", "order_time": ["2019-01-10 19:58:29", "2019-01-10 20:08:22"], "total_order": 2, "hotel_value": ["4.4", "4.4"], "hotel_price": ["84", "84"]}, "6374078": {"hotel_name": "\u5357\u4eac\u65b0\u57ce\u5bbe\u9986(\u539f\u5927\u7ea2\u5bbe\u9986)", "order_time": ["2019-01-10 19:58:30"], "total_order": 1, "hotel_value": ["4.4"], "hotel_price": ["110"]}, "25679443": {"hotel_name": "\u5357\u4eac\u798f\u6d77\u5bbe\u9986", "order_time": ["2019-01-10 19:58:35"], "total_order": 1, "hotel_value": [0], "hotel_price": ["98"]}, "5765227": {"hotel_name": "\u5357\u4eac\u5b9c\u4f4f\u5feb\u6377\u9152\u5e97", "order_time": ["2019-01-10 19:58:41"], "total_order": 1, "hotel_value": ["4.0"], "hotel_price": ["91"]}, "4498456": {"hotel_name": "\u6854\u5b50\u9152\u5e97\u00b7\u7cbe\u9009(\u5357\u4eac\u91d1\u5b81\u5e7f\u573a\u5e97)", "order_time": ["2019-01-10 20:00:17"], "total_order": 1, "hotel_value": ["4.9"], "hotel_price": ["251"]}, "3666024": {"hotel_name": "\u6021\u83b1\u9152\u5e97(\u5357\u4eac\u6d66\u53e3\u5357\u4fe1\u5927\u5e97)", "order_time": ["2019-01-10 20:00:17"], "total_order": 1, "hotel_value": ["4.5"], "hotel_price": ["208"]}, "1452456": {"hotel_name": "\u5982\u5bb6\u5feb\u6377\u9152\u5e97(\u5357\u4eac\u516d\u5408\u91d1\u5b81\u5e7f\u573a\u6b65\u884c\u8857\u5e97)", "order_time": ["2019-01-10 20:00:19"], "total_order": 1, "hotel_value": ["4.6"], "hotel_price": ["109"]}, "1281183": {"hotel_name": "\u6c49\u5ead\u9152\u5e97(\u5357\u4eac\u9f13\u697c\u5e97)", "order_time": ["2019-01-10 20:00:21"], "total_order": 1, "hotel_value": ["4.4"], "hotel_price": ["180"]}, "1686822": {"hotel_name": "\u5bcc\u9a7f\u65f6\u5c1a\u9152\u5e97(\u5357\u4eac\u6c5f\u5b81\u5e97)", "order_time": ["2019-01-10 20:00:21"], "total_order": 1, "hotel_value": ["4.3"], "hotel_price": ["173"]}, "21795380": {"hotel_name": "\u7ef4\u4e5f\u7eb3\u56fd\u9645\u9152\u5e97(\u5357\u4eac\u7af9\u5c71\u8def\u5730\u94c1\u7ad9\u5e97)", "order_time": ["2019-01-10 20:00:23"], "total_order": 1, "hotel_value": ["4.7"], "hotel_price": ["308"]}, "1359818": {"hotel_name": "\u5e03\u4e01\u9152\u5e97(\u5357\u4eac\u4ed9\u6797\u5927\u5b66\u57ce\u5e97)", "order_time": ["2019-01-10 20:00:23"], "total_order": 1, "hotel_value": ["3.6"], "hotel_price": ["97"]}, "18047423": {"hotel_name": "\u5357\u4eac\u6e29\u7279\u83b1\u9152\u5e97", "order_time": ["2019-01-10 20:00:25"], "total_order": 1, "hotel_value": ["4.6"], "hotel_price": ["253"]}, "14214408": {"hotel_name": "\u5357\u4eac\u4e45\u552f\u81ea\u52a9\u9152\u5e97\u516c\u5bd3", "order_time": ["2019-01-10 20:00:26"], "total_order": 1, "hotel_value": ["4.7"], "hotel_price": ["128"]}, "21794249": {"hotel_name": "\u5357\u4eac\u68a6\u90fd\u5546\u52a1\u9152\u5e97", "order_time": ["2019-01-10 20:00:29"], "total_order": 1, "hotel_value": ["4.9"], "hotel_price": ["85"]}, "1638183": {"hotel_name": "\u5357\u4eac\u94c2\u90e1\u9152\u5e97", "order_time": ["2019-01-10 20:00:33"], "total_order": 1, "hotel_value": ["4.6"], "hotel_price": ["169"]}, "2705530": {"hotel_name": "\u5982\u5bb6\u5feb\u6377\u9152\u5e97(\u5357\u4eac\u56fa\u57ce\u6e56\u5317\u8def\u7ea2\u592a\u9633\u5e7f\u573a\u5e97)", "order_time": ["2019-01-10 20:00:35"], "total_order": 1, "hotel_value": ["4.8"], "hotel_price": ["145"]}, "2204005": {"hotel_name": "\u5357\u4eac\u6d1b\u514b\u9152\u5e97", "order_time": ["2019-01-10 20:02:26"], "total_order": 1, "hotel_value": ["4.2"], "hotel_price": ["83"]}, "2052801": {"hotel_name": "\u5357\u4eac\u82b1\u975e\u8bed\u4e3b\u9898\u5bbe\u9986", "order_time": ["2019-01-10 20:02:26"], "total_order": 1, "hotel_value": ["4.1"], "hotel_price": ["143"]}, "1895183": {"hotel_name": "\u5357\u4eac\u552f\u7231\u4e4b\u661f\u4e3b\u9898\u5bbe\u9986", "order_time": ["2019-01-10 20:02:29"], "total_order": 1, "hotel_value": ["3.7"], "hotel_price": ["137"]}, "4637802": {"hotel_name": "\u683c\u6797\u8c6a\u6cf0(\u5357\u4eac\u6c5f\u5b81\u4e1c\u5357\u5927\u5b66\u5e97)", "order_time": ["2019-01-10 20:02:29"], "total_order": 1, "hotel_value": ["4.4"], "hotel_price": ["341"]}, "795213": {"hotel_name": "\u5357\u4eac\u76db\u6cf0\u5bbe\u9986", "order_time": ["2019-01-10 20:02:30"], "total_order": 1, "hotel_value": ["3.7"], "hotel_price": ["105"]}, "5215129": {"hotel_name": "\u84dd\u8c03\u8bbe\u8ba1\u827a\u672f\u9152\u5e97(\u5357\u4eac\u7984\u53e3\u673a\u573a\u5e97)", "order_time": ["2019-01-10 20:02:35"], "total_order": 1, "hotel_value": ["4.6"], "hotel_price": ["154"]}, "2907280": {"hotel_name": "\u5357\u4eac\u5e1d\u666f\u56fd\u9645\u9152\u5e97", "order_time": ["2019-01-10 20:02:44"], "total_order": 1, "hotel_value": ["4.5"], "hotel_price": ["201"]}, "8330648": {"hotel_name": "\u548c\u749e\u8bbe\u8ba1\u5e08\u516c\u5bd3(\u5357\u4eac\u5357\u7ad9\u5e97)", "order_time": ["2019-01-10 20:06:57", "2019-01-10 20:02:50"], "total_order": 2, "hotel_value": ["4.6", "4.6"], "hotel_price": ["251", "251"]}, "1457183": {"hotel_name": "\u5982\u5bb6\u5feb\u6377\u9152\u5e97(\u5357\u4eac\u6865\u5317\u5f18\u9633\u5e7f\u573a\u67f3\u6d32\u4e1c\u8def\u5730\u94c1\u7ad9\u5e97)", "order_time": ["2019-01-10 20:10:19", "2019-01-10 20:04:19"], "total_order": 2, "hotel_value": ["4.6", "4.6"], "hotel_price": ["139", "139"]}, "28236009": {"hotel_name": "\u5609\u7f8e\u00b7\u5f71\u9662\u516c\u5bd3(\u5357\u4eac\u65b0\u8857\u53e3\u5730\u94c1\u7ad9\u5e97)", "order_time": ["2019-01-10 20:04:19"], "total_order": 1, "hotel_value": ["5.0"], "hotel_price": ["253"]}, "2298282": {"hotel_name": "\u6c5f\u82cf\u996d\u5e97", "order_time": ["2019-01-10 20:04:20"], "total_order": 1, "hotel_value": ["4.8"], "hotel_price": ["648"]}, "2300953": {"hotel_name": "\u91d1\u6854\u8fde\u9501\u9152\u5e97(\u5357\u4eac\u519b\u533a\u603b\u9662\u89e3\u653e\u8def\u5e97)", "order_time": ["2019-01-10 20:04:21"], "total_order": 1, "hotel_value": ["4.4"], "hotel_price": ["104"]}, "1136782": {"hotel_name": "\u5357\u4eac\u63a2\u82b1\u697c\u9152\u5e97", "order_time": ["2019-01-10 20:04:21"], "total_order": 1, "hotel_value": ["4.4"], "hotel_price": ["180"]}, "1447406": {"hotel_name": "\u5e03\u4e01\u9152\u5e97(\u5357\u4eac\u864e\u8e1e\u5317\u8def\u76d0\u4ed3\u6865\u5e97)(\u539f\u7b11\u8c08\u7cbe\u54c1\u9152\u5e97)", "order_time": ["2019-01-10 20:04:24"], "total_order": 1, "hotel_value": ["4.2"], "hotel_price": ["114"]}, "6870690": {"hotel_name": "\u5357\u4eac\u5e05\u5ba2\u5feb\u6377\u5bbe\u9986", "order_time": ["2019-01-10 20:04:29"], "total_order": 1, "hotel_value": ["4.0"], "hotel_price": ["120"]}, "1103499": {"hotel_name": "\u6021\u83b1\u9152\u5e97(\u5357\u4eac\u9ad8\u6df3\u4f53\u80b2\u573a\u5e97)", "order_time": ["2019-01-10 20:04:31"], "total_order": 1, "hotel_value": ["4.1"], "hotel_price": ["90"]}, "2257355": {"hotel_name": "\u9047\u6c5f\u5357\u9752\u5e74\u65c5\u793e(\u5357\u4eac\u5b89\u5fb7\u95e8\u5730\u94c1\u7ad9\u5e97)", "order_time": ["2019-01-10 20:04:32"], "total_order": 1, "hotel_value": ["4.4"], "hotel_price": ["32"]}, "21812395": {"hotel_name": "\u5357\u4eac\u6708\u4e4b\u68a6\u6c11\u5bbf", "order_time": ["2019-01-10 20:04:35"], "total_order": 1, "hotel_value": ["4.8"], "hotel_price": ["128"]}, "6785256": {"hotel_name": "\u5357\u4eac\u5de5\u4e1a\u5927\u5b66\u79d1\u82d1\u5bbe\u9986", "order_time": ["2019-01-10 20:04:39", "2019-01-10 20:18:29"], "total_order": 2, "hotel_value": ["4.6", "4.6"], "hotel_price": ["268", "256"]}, "1441403": {"hotel_name": "\u661f\u7a0b\u9152\u5e97(\u5357\u4eac\u9f13\u697c\u4e2d\u5fc3\u5e97)", "order_time": ["2019-01-10 20:04:58"], "total_order": 1, "hotel_value": ["4.5"], "hotel_price": ["180"]}, "999907": {"hotel_name": "\u5357\u4eac\u4ed9\u90fd\u5546\u52a1\u5bbe\u9986", "order_time": ["2019-01-10 20:05:04"], "total_order": 1, "hotel_value": ["4.7"], "hotel_price": ["83"]}, "22825276": {"hotel_name": "\u5357\u4eac\u8bc1\u5927\u5168\u60a6\u516c\u5bd3", "order_time": ["2019-01-10 20:06:18"], "total_order": 1, "hotel_value": ["4.7"], "hotel_price": ["239"]}, "2307775": {"hotel_name": "\u5357\u4eac\u65af\u7ef4\u767b\u5ea6\u5047\u516c\u5bd3(\u6cb3\u897f\u4e07\u8fbe\u5e7f\u573a)", "order_time": ["2019-01-10 20:06:21"], "total_order": 1, "hotel_value": ["4.2"], "hotel_price": ["220"]}, "6829643": {"hotel_name": "\u5357\u4eac\u666f\u60a6\u5546\u52a1\u5bbe\u9986", "order_time": ["2019-01-10 20:06:21"], "total_order": 1, "hotel_value": ["4.0"], "hotel_price": ["143"]}, "18409526": {"hotel_name": "\u9526\u6c5f\u4e4b\u661f\u54c1\u5c1a\u9152\u5e97(\u5357\u4eac\u6c5f\u5b81\u4e1c\u9e92\u8def\u5e97)", "order_time": ["2019-01-10 20:06:21"], "total_order": 1, "hotel_value": ["4.6"], "hotel_price": ["196"]}, "13441761": {"hotel_name": "\u9526\u6c5f\u90fd\u57ce\u9152\u5e97(\u5357\u4eac\u5357\u7ad9\u5e97)", "order_time": ["2019-01-10 20:06:22"], "total_order": 1, "hotel_value": ["4.8"], "hotel_price": ["371"]}, "9730460": {"hotel_name": "\u9526\u6c5f\u4e4b\u661f\u98ce\u5c1a(\u5357\u4eac\u4e5d\u9f99\u6e56\u8bda\u4fe1\u5927\u9053\u5e97)", "order_time": ["2019-01-10 20:06:22", "2019-01-10 20:08:22"], "total_order": 2, "hotel_value": ["4.5", "4.5"], "hotel_price": ["199", "199"]}, "13914586": {"hotel_name": "\u5357\u4eac\u745e\u65af\u4e3d\u9152\u5e97", "order_time": ["2019-01-10 20:06:23"], "total_order": 1, "hotel_value": ["4.5"], "hotel_price": ["558"]}, "5237976": {"hotel_name": "\u4e1c\u80dc\u5546\u52a1\u5bbe\u9986(\u5357\u4eac\u4e1c\u5357\u5927\u5b66\u5e97)", "order_time": ["2019-01-10 20:06:24"], "total_order": 1, "hotel_value": ["4.3"], "hotel_price": ["131"]}, "6254954": {"hotel_name": "\u610f\u8c61\u91d1\u9675\u670d\u52a1\u516c\u5bd3(\u5357\u4eac\u5965\u4f53\u4e2d\u5fc3\u5e97)", "order_time": ["2019-01-10 20:06:25"], "total_order": 1, "hotel_value": ["4.6"], "hotel_price": ["185"]}, "5236895": {"hotel_name": "99\u65c5\u9986\u8fde\u9501(\u5357\u4eac\u80dc\u592a\u8def\u5730\u94c1\u7ad9\u5e97)", "order_time": ["2019-01-10 20:06:26"], "total_order": 1, "hotel_value": ["4.1"], "hotel_price": ["94"]}, "4046398": {"hotel_name": "\u5357\u4eac\u6c64\u5c71L.A.B.\u4e50\u6cca\u6e29\u6cc9\u6c11\u5bbf", "order_time": ["2019-01-10 20:06:57"], "total_order": 1, "hotel_value": ["4.8"], "hotel_price": ["750"]}, "1715805": {"hotel_name": "\u6613\u4f70\u9152\u5e97(\u5357\u4eac\u6c5f\u5b81\u5927\u5b66\u57ce\u6587\u9f0e\u5e7f\u573a\u5e97)", "order_time": ["2019-01-10 20:18:57", "2019-01-10 20:06:58"], "total_order": 2, "hotel_value": ["4.2", "4.2"], "hotel_price": ["118", "133"]}, "2043640": {"hotel_name": "7\u5929\u4f18\u54c1\u9152\u5e97(\u5357\u4eac\u6c49\u4e2d\u95e8\u5730\u94c1\u7ad9\u5e97)", "order_time": ["2019-01-10 20:06:58"], "total_order": 1, "hotel_value": ["4.3"], "hotel_price": ["170"]}, "811700": {"hotel_name": "\u6e05\u6c90\u8fde\u9501\u9152\u5e97(\u5357\u4eac\u65b0\u8857\u53e3\u5927\u6d0b\u767e\u8d27\u4e30\u5bcc\u8def\u5e97)", "order_time": ["2019-01-10 20:06:58"], "total_order": 1, "hotel_value": ["4.1"], "hotel_price": ["139"]}, "470920": {"hotel_name": "\u5357\u4eac\u56fd\u777f\u91d1\u9675\u5927\u9152\u5e97", "order_time": ["2019-01-10 20:08:16"], "total_order": 1, "hotel_value": ["4.7"], "hotel_price": ["440"]}, "691197": {"hotel_name": "\u5357\u4eac\u767d\u5bab\u5927\u9152\u5e97", "order_time": ["2019-01-10 20:08:16"], "total_order": 1, "hotel_value": ["4.2"], "hotel_price": ["268"]}, "471731": {"hotel_name": "\u5357\u4eac\u4e16\u7eaa\u7f18\u56fd\u9645\u4f1a\u8bae\u4e2d\u5fc3", "order_time": ["2019-01-10 20:08:17"], "total_order": 1, "hotel_value": ["4.3"], "hotel_price": ["298"]}, "4629303": {"hotel_name": "\u4e16\u7eaa\u7f18\u9152\u5e97(\u5357\u4eac\u6e56\u6ee8\u82b1\u56ed\u5e97)", "order_time": ["2019-01-10 20:08:17"], "total_order": 1, "hotel_value": ["4.3"], "hotel_price": ["362"]}, "369707": {"hotel_name": "\u5357\u4eac\u6717\u6607\u5e0c\u5c14\u987f\u9152\u5e97", "order_time": ["2019-01-10 20:08:18"], "total_order": 1, "hotel_value": ["4.6"], "hotel_price": ["888"]}, "669100": {"hotel_name": "\u5357\u4eac\u91d1\u5965\u8d39\u5c14\u8499\u9152\u5e97", "order_time": ["2019-01-10 20:08:18"], "total_order": 1, "hotel_value": ["4.7"], "hotel_price": ["944"]}, "17195370": {"hotel_name": "\u5357\u4eac\u9890\u548c\u82a5\u5b50\u56ed\u9152\u5e97", "order_time": ["2019-01-10 20:08:18"], "total_order": 1, "hotel_value": ["4.8"], "hotel_price": ["751"]}, "1457132": {"hotel_name": "\u5982\u5bb6\u5feb\u6377\u9152\u5e97(\u5357\u4eac\u6c34\u897f\u95e8\u5927\u8857\u83ab\u6101\u6e56\u5730\u94c1\u7ad9\u5e97)", "order_time": ["2019-01-10 20:08:18"], "total_order": 1, "hotel_value": ["4.4"], "hotel_price": ["139"]}, "14152970": {"hotel_name": "\u6c49\u5ead\u9152\u5e97(\u5357\u4eac\u6865\u5317\u91d1\u76db\u56fd\u9645\u5bb6\u5c45\u5e97)(\u539f\u5f18\u9633\u5e7f\u573a\u5e97)", "order_time": ["2019-01-10 20:08:20"], "total_order": 1, "hotel_value": ["4.5"], "hotel_price": ["164"]}, "811680": {"hotel_name": "\u6e05\u6c90\u7cbe\u54c1\u9152\u5e97(\u5357\u4eac\u96c6\u5e86\u95e8\u4e07\u8fbe\u5e7f\u573a\u5e97)", "order_time": ["2019-01-10 20:08:20"], "total_order": 1, "hotel_value": ["4.3"], "hotel_price": ["151"]}, "2301748": {"hotel_name": "\u5982\u5bb6\u5feb\u6377\u9152\u5e97(\u5357\u4eac\u5965\u4f53\u4e2d\u5fc3\u5357\u6e56\u8def\u5e97)(\u539f\u8c6a\u5b81\u5546\u52a1\u5bbe\u9986)", "order_time": ["2019-01-10 20:10:16", "2019-01-10 20:08:23"], "total_order": 2, "hotel_value": ["4.2", "4.2"], "hotel_price": ["139", "139"]}, "15196691": {"hotel_name": "\u5357\u4eac\u5c1a\u5bd3\u9152\u5e97\u516c\u5bd3", "order_time": ["2019-01-10 20:08:25"], "total_order": 1, "hotel_value": ["4.8"], "hotel_price": ["127"]}, "1593448": {"hotel_name": "\u5357\u4eac\u6e05\u827a\u98ce\u82b1\u56ed\u9152\u5e97", "order_time": ["2019-01-10 20:08:26"], "total_order": 1, "hotel_value": ["3.8"], "hotel_price": ["117"]}, "19847500": {"hotel_name": "\u5b9c\u5fc5\u601d\u5c1a\u54c1\u9152\u5e97(\u5357\u4eac\u65b0\u6e2f\u5f00\u53d1\u533a\u5e97)", "order_time": ["2019-01-10 20:08:27"], "total_order": 1, "hotel_value": ["4.5"], "hotel_price": ["237"]}, "23982381": {"hotel_name": "\u5357\u4eac\u542f\u70b9\u516c\u5bd3", "order_time": ["2019-01-10 20:08:27"], "total_order": 1, "hotel_value": ["4.8"], "hotel_price": ["203"]}, "4729595": {"hotel_name": "\u5357\u4eac\u6615\u6960\u5bbe\u9986", "order_time": ["2019-01-10 20:08:31"], "total_order": 1, "hotel_value": ["3.9"], "hotel_price": ["154"]}, "4654385": {"hotel_name": "\u5357\u4eac\u5c1a\u79be\u5409\u5c71\u9152\u5e97(\u539f\u4e3d\u6e56\u96c5\u81f4\u5409\u5c71\u9152\u5e97)", "order_time": ["2019-01-10 20:08:31"], "total_order": 1, "hotel_value": ["4.5"], "hotel_price": ["296"]}, "1649168": {"hotel_name": "\u5bd2\u820d\u7cbe\u54c1\u9152\u5e97(\u5357\u4eac\u6e56\u5317\u8def\u5e97)", "order_time": ["2019-01-10 20:08:31"], "total_order": 1, "hotel_value": ["4.2"], "hotel_price": ["127"]}, "14616287": {"hotel_name": "\u7ef4\u4e5f\u7eb3\u56fd\u9645\u9152\u5e97(\u5357\u4eac\u6cb3\u6d77\u5927\u5b66\u5730\u94c1\u7ad9\u5e97)", "order_time": ["2019-01-10 20:20:20", "2019-01-10 20:08:31"], "total_order": 2, "hotel_value": ["4.7", "4.7"], "hotel_price": ["316", "316"]}, "27852068": {"hotel_name": "\u5357\u4eac\u9f99\u95e8\u9a7f\u6808\u5bbe\u9986", "order_time": ["2019-01-10 20:08:31"], "total_order": 1, "hotel_value": ["4.8"], "hotel_price": ["115"]}, "17879456": {"hotel_name": "\u5357\u4eac123\u4e3b\u9898\u9752\u5e74\u65c5\u820d", "order_time": ["2019-01-10 20:08:31"], "total_order": 1, "hotel_value": ["4.5"], "hotel_price": ["42"]}, "4814294": {"hotel_name": "\u5982\u5bb6\u5feb\u6377\u9152\u5e97(\u5357\u4eac\u65b0\u8857\u53e3\u4e2d\u5c71\u4e1c\u8def\u897f\u5b89\u95e8\u5730\u94c1\u7ad9\u5e97)", "order_time": ["2019-01-10 20:08:33"], "total_order": 1, "hotel_value": ["4.5"], "hotel_price": ["204"]}, "1936233": {"hotel_name": "\u683c\u6797\u8c6a\u6cf0(\u5357\u4eac\u5927\u5382\u845b\u5858\u5730\u94c1\u7ad9\u5e97)(\u539f\u7389\u6865\u5e02\u573a\u5e97)", "order_time": ["2019-01-10 20:08:33"], "total_order": 1, "hotel_value": ["4.5"], "hotel_price": ["112"]}, "6075484": {"hotel_name": "\u5357\u4eac\u5c71\u6f58\u5927\u9152\u5e97", "order_time": ["2019-01-10 20:08:39"], "total_order": 1, "hotel_value": ["4.2"], "hotel_price": ["105"]}, "5683479": {"hotel_name": "\u5357\u4eac\u7f8e\u597d\u5bb6\u56ed\u5bbe\u9986", "order_time": ["2019-01-10 20:08:39"], "total_order": 1, "hotel_value": ["3.5"], "hotel_price": ["90"]}, "28638340": {"hotel_name": "\u6f2b\u5fc3\u9152\u5e97(\u5357\u4eac\u91d1\u9675\u9690\u5e97)", "order_time": ["2019-01-10 20:08:56"], "total_order": 1, "hotel_value": [0], "hotel_price": ["493"]}, "939318": {"hotel_name": "\u73cd\u5b9d\u5047\u65e5\u996d\u5e97(\u5357\u4eac\u5965\u4f53\u4e2d\u5fc3\u5e97)", "order_time": ["2019-01-10 20:10:18"], "total_order": 1, "hotel_value": ["4.5"], "hotel_price": ["458"]}, "811674": {"hotel_name": "\u6e05\u6c90\u8fde\u9501\u9152\u5e97(\u5357\u4eac\u4e94\u53f0\u5c71\u5e7f\u5dde\u8def\u968f\u56ed\u5927\u53a6\u5e97)", "order_time": ["2019-01-10 20:10:26"], "total_order": 1, "hotel_value": ["4.3"], "hotel_price": ["221"]}, "5973528": {"hotel_name": "\u5357\u4eac\u9a7f\u5f80\u60c5\u6df1\u4e3b\u9898\u77ed\u79df", "order_time": ["2019-01-10 20:10:30"], "total_order": 1, "hotel_value": ["4.7"], "hotel_price": ["190"]}, "904948": {"hotel_name": "\u5357\u4eac\u5e7f\u548c\u5bbe\u9986", "order_time": ["2019-01-10 20:10:38"], "total_order": 1, "hotel_value": ["3.2"], "hotel_price": ["66"]}, "798507": {"hotel_name": "\u5357\u4eac\u6021\u5bbe\u65c5\u9986", "order_time": ["2019-01-10 20:10:38"], "total_order": 1, "hotel_value": ["3.6"], "hotel_price": ["64"]}, "1943705": {"hotel_name": "\u5357\u4eac\u6e56\u5357\u8def\u4e9a\u6735\u9152\u5e97", "order_time": ["2019-01-10 20:12:18"], "total_order": 1, "hotel_value": ["4.8"], "hotel_price": ["439"]}, "1577827": {"hotel_name": "\u5357\u4eac\u9890\u548c\u516c\u9986\u516c\u5bd3", "order_time": ["2019-01-10 20:12:20"], "total_order": 1, "hotel_value": ["4.8"], "hotel_price": ["510"]}, "457938": {"hotel_name": "\u7ef4\u4e5f\u7eb3\u9152\u5e97(\u5357\u4eac\u957f\u6c5f\u5927\u6865\u9605\u6c5f\u697c\u5e97)", "order_time": ["2019-01-10 20:12:20"], "total_order": 1, "hotel_value": ["4.8"], "hotel_price": ["297"]}, "1452496": {"hotel_name": "\u5982\u5bb6\u5feb\u6377\u9152\u5e97(\u5357\u4eac\u706b\u8f66\u7ad9\u5c0f\u5e02\u5730\u94c1\u7ad9\u5e97)", "order_time": ["2019-01-10 20:12:20", "2019-01-10 20:20:30"], "total_order": 2, "hotel_value": ["4.5", "4.5"], "hotel_price": ["254", "254"]}, "17038644": {"hotel_name": "\u5357\u4eac\u4e9a\u9526\u9152\u5e97\u56fd\u9645\u516c\u5bd3\uff08\u65b0\u6e2f\u5f00\u53d1\u533a\u71d5\u5b50\u77f6\u5e97\uff09", "order_time": ["2019-01-10 20:12:20", "2019-01-10 20:14:22"], "total_order": 2, "hotel_value": ["4.5", "4.5"], "hotel_price": ["140", "140"]}, "23922645": {"hotel_name": "\u5357\u4eac\u6995\u4eab\u5c45\u516c\u5bd3", "order_time": ["2019-01-10 20:12:20"], "total_order": 1, "hotel_value": ["4.9"], "hotel_price": ["238"]}, "11122849": {"hotel_name": "\u5e03\u4e01\u9152\u5e97(\u5357\u4eac\u5357\u7ad9\u5317\u5e7f\u573a\u7eff\u5730\u4e4b\u7a97\u5e97)", "order_time": ["2019-01-10 20:12:21"], "total_order": 1, "hotel_value": ["4.3"], "hotel_price": ["224"]}, "1414858": {"hotel_name": "\u5e03\u4e01\u9152\u5e97(\u5357\u4eac\u7701\u4e2d\u533b\u9662\u4e0a\u6d77\u8def\u5730\u94c1\u7ad9\u5e97)", "order_time": ["2019-01-10 20:12:22"], "total_order": 1, "hotel_value": ["4.3"], "hotel_price": ["108"]}, "1938340": {"hotel_name": "\u9526\u6c5f\u4e4b\u661f(\u5357\u4eac\u65b0\u8857\u53e3\u5e97)", "order_time": ["2019-01-10 20:12:23"], "total_order": 1, "hotel_value": ["4.4"], "hotel_price": ["199"]}, "5237451": {"hotel_name": "\u5357\u4eac\u5e02\u6c47\u6e2f\u5047\u65e5\u9152\u5e97\u592b\u5b50\u5e99\u5e97", "order_time": ["2019-01-10 20:12:23"], "total_order": 1, "hotel_value": ["4.3"], "hotel_price": ["161"]}, "914386": {"hotel_name": "\u9526\u6c5f\u4e4b\u661f(\u5357\u4eac\u706b\u8f66\u5357\u7ad9\u5e97)", "order_time": ["2019-01-10 20:12:25"], "total_order": 1, "hotel_value": ["4.4"], "hotel_price": ["189"]}, "3136859": {"hotel_name": "\u67ab\u6797\u665a\u9152\u5e97\u516c\u5bd3\uff08\u5357\u4eac\u6cb3\u897f\u4e07\u8fbe\u5e97\uff09", "order_time": ["2019-01-10 20:12:28"], "total_order": 1, "hotel_value": ["4.4"], "hotel_price": ["215"]}, "1451938": {"hotel_name": "\u5982\u5bb6\u9152\u5e97(\u5357\u4eac\u592b\u5b50\u5e99\u5730\u94c1\u7ad9\u5e97)", "order_time": ["2019-01-10 20:12:28"], "total_order": 1, "hotel_value": ["4.5"], "hotel_price": ["201"]}, "4727722": {"hotel_name": "\u548c\u6c5f\u5546\u52a1\u5bbe\u9986(\u5357\u4eac\u519b\u533a\u603b\u9662\u822a\u7a7a\u822a\u5929\u5927\u5b66\u5e97)", "order_time": ["2019-01-10 20:22:31", "2019-01-10 20:12:30"], "total_order": 2, "hotel_value": ["3.5", "3.5"], "hotel_price": ["118", "118"]}, "4970266": {"hotel_name": "\u5357\u4eac\u67e0\u6aac\u6811\u7cbe\u54c1\u9152\u5e97", "order_time": ["2019-01-10 20:12:30"], "total_order": 1, "hotel_value": ["4.4"], "hotel_price": ["134"]}, "12798762": {"hotel_name": "\u5357\u4eac\u6613\u5c1a\u65f6\u5c1a\u9152\u5e97\u5357\u7ad9\u5e97", "order_time": ["2019-01-10 20:12:43"], "total_order": 1, "hotel_value": [0], "hotel_price": ["161"]}, "1906560": {"hotel_name": "\u5c1a\u5ba2\u4f18\u7cbe\u9009\u9152\u5e97(\u5357\u4eac\u65b0\u8857\u53e3\u592b\u5b50\u5e99\u5e97)", "order_time": ["2019-01-10 20:18:16", "2019-01-10 20:14:16"], "total_order": 2, "hotel_value": ["4.4", "4.4"], "hotel_price": ["169", "169"]}, "2643285": {"hotel_name": "\u5357\u4eac\u7ef4\u7eb3\u65af\u9152\u5e97", "order_time": ["2019-01-10 20:14:16"], "total_order": 1, "hotel_value": ["3.4"], "hotel_price": ["247"]}, "3670920": {"hotel_name": "\u5357\u4eac\u5357\u7ad9\u767e\u5bb6\u6e56\u4e9a\u6735\u9152\u5e97", "order_time": ["2019-01-10 20:14:22"], "total_order": 1, "hotel_value": ["4.8"], "hotel_price": ["462"]}, "437037": {"hotel_name": "\u5357\u4eac\u6c64\u5c71\u5723\u6cc9\u6e29\u6cc9\u57ce", "order_time": ["2019-01-10 20:14:23"], "total_order": 1, "hotel_value": ["4.1"], "hotel_price": ["244"]}, "1286871": {"hotel_name": "\u6c49\u5ead\u9152\u5e97(\u5357\u4eac\u706b\u8f66\u7ad9\u5e97)", "order_time": ["2019-01-10 20:14:24"], "total_order": 1, "hotel_value": ["4.0"], "hotel_price": ["181"]}, "1334463": {"hotel_name": "\u5357\u4eac\u6c6a\u6d77\u56fd\u9645\u5927\u9152\u5e97", "order_time": ["2019-01-10 20:16:15"], "total_order": 1, "hotel_value": ["4.5"], "hotel_price": ["350"]}, "2035485": {"hotel_name": "\u6f2b\u5fc3\u9152\u5e97(\u5357\u4eac\u592b\u5b50\u5e99\u6c34\u97f5\u79e6\u6dee\u5e97)", "order_time": ["2019-01-10 20:16:22"], "total_order": 1, "hotel_value": ["4.8"], "hotel_price": ["485"]}, "2300860": {"hotel_name": "7\u5929\u8fde\u9501\u9152\u5e97(\u5357\u4eac\u592b\u5b50\u5e99\u5e38\u5e9c\u8857\u5730\u94c1\u7ad9\u5e97)", "order_time": ["2019-01-10 20:16:22"], "total_order": 1, "hotel_value": ["4.5"], "hotel_price": ["117"]}, "1641305": {"hotel_name": "\u534a\u5c71\u56ed\u9152\u5e97(\u5357\u4eac\u65b0\u8857\u53e3\u5e97)", "order_time": ["2019-01-10 20:16:26"], "total_order": 1, "hotel_value": ["3.8"], "hotel_price": ["130"]}, "811658": {"hotel_name": "\u6e05\u6c90\u8fde\u9501\u9152\u5e97(\u5357\u4eac\u5357\u7ad9\u5927\u660e\u8def\u5e97)", "order_time": ["2019-01-10 20:16:26"], "total_order": 1, "hotel_value": ["4.5"], "hotel_price": ["101"]}, "474236": {"hotel_name": "\u5357\u4eac\u9f99\u9f99\u9152\u5e97", "order_time": ["2019-01-10 20:16:27"], "total_order": 1, "hotel_value": ["4.4"], "hotel_price": ["145"]}, "17893221": {"hotel_name": "\u521d\u68a6\u9601\u516c\u5bd3\u5f0f\u9152\u5e97(\u5357\u4eac\u6c5f\u5b81\u5927\u5b66\u57ce\u5e97)", "order_time": ["2019-01-10 20:16:28"], "total_order": 1, "hotel_value": ["4.8"], "hotel_price": ["264"]}, "1633044": {"hotel_name": "\u5357\u4eac\u6e56\u6ee8\u91d1\u9675\u996d\u5e97", "order_time": ["2019-01-10 20:17:12"], "total_order": 1, "hotel_value": ["4.6"], "hotel_price": ["3985"]}, "8684540": {"hotel_name": "\u5c0f\u5e84\u82b1\u56ed\u9752\u5e74\u65c5\u820d(\u5357\u4eac\u4e39\u51e4\u8857\u5e97)", "order_time": ["2019-01-10 20:18:19"], "total_order": 1, "hotel_value": ["4.6"], "hotel_price": ["36"]}, "1808635": {"hotel_name": "\u901f8\u9152\u5e97(\u5357\u4eac\u6cb9\u574a\u6865\u5e97)", "order_time": ["2019-01-10 20:18:19", "2019-01-10 20:26:24"], "total_order": 2, "hotel_value": ["3.1", "3.1"], "hotel_price": ["126", "126"]}, "28232665": {"hotel_name": "\u5357\u4eac\u94c2\u9526\u9152\u5e97\u516c\u5bd3", "order_time": ["2019-01-10 20:18:26"], "total_order": 1, "hotel_value": ["4.9"], "hotel_price": ["228"]}, "1452143": {"hotel_name": "\u5982\u5bb6\u5feb\u6377\u9152\u5e97(\u5357\u4eac\u96e8\u82b1\u95e8\u5730\u94c1\u7ad9\u5927\u660e\u8def\u5e97)", "order_time": ["2019-01-10 20:18:26"], "total_order": 1, "hotel_value": ["4.1"], "hotel_price": ["132"]}, "6903011": {"hotel_name": "\u7ef4\u4e5f\u7eb3\u56fd\u9645\u9152\u5e97(\u5357\u4eac\u9ad8\u6df3\u5730\u94c1\u7ad9\u5e97)", "order_time": ["2019-01-10 20:18:27"], "total_order": 1, "hotel_value": ["4.6"], "hotel_price": ["200"]}, "8574621": {"hotel_name": "\u6613\u4f70\u826f\u54c1\u9152\u5e97(\u5357\u4eac\u5357\u7ad9\u53cc\u9f99\u5927\u9053\u5730\u94c1\u7ad9\u5e97)", "order_time": ["2019-01-10 20:18:28"], "total_order": 1, "hotel_value": ["4.3"], "hotel_price": ["168"]}, "1633119": {"hotel_name": "\u5357\u4eac\u6885\u5c71\u5bbe\u9986", "order_time": ["2019-01-10 20:18:29"], "total_order": 1, "hotel_value": ["4.2"], "hotel_price": ["239"]}, "472572": {"hotel_name": "\u683c\u6797\u8c6a\u6cf0(\u5357\u4eac\u5fa1\u9053\u8857\u5e97)", "order_time": ["2019-01-10 20:18:29"], "total_order": 1, "hotel_value": ["3.6"], "hotel_price": ["157"]}, "17589258": {"hotel_name": "\u5357\u4eac\u4ea4\u82d1\u5bbe\u9986", "order_time": ["2019-01-10 20:18:29"], "total_order": 1, "hotel_value": [0], "hotel_price": ["300"]}, "1949861": {"hotel_name": "\u5e03\u4e01\u9152\u5e97(\u5357\u4eac\u5965\u4f53\u5e90\u5c71\u8def\u5e97)(\u539f\u6e05\u5ead\u5546\u52a1\u5bbe\u9986)", "order_time": ["2019-01-10 20:18:33"], "total_order": 1, "hotel_value": ["3.9"], "hotel_price": ["147"]}, "6040093": {"hotel_name": "\u57ce\u9645\u592a\u7a7a\u8231\u9752\u5e74\u65c5\u793e(\u5357\u4eac\u65b0\u8857\u53e3\u5e97)", "order_time": ["2019-01-10 20:18:41"], "total_order": 1, "hotel_value": ["3.9"], "hotel_price": ["31"]}, "6812341": {"hotel_name": "\u5357\u4eac\u9676\u542b\u5546\u52a1\u5bbe\u9986", "order_time": ["2019-01-10 20:18:42"], "total_order": 1, "hotel_value": [0], "hotel_price": ["76"]}, "1360821": {"hotel_name": "\u69b4\u83b2\u5c0f\u661f\u8fde\u9501\u9152\u5e97(\u5357\u4eac\u6c5f\u6d66\u6587\u5fb7\u8def\u5730\u94c1\u7ad9\u5e97)(\u539f\u5929\u51e4\u5e7f\u573a\u5e97)", "order_time": ["2019-01-10 20:18:49"], "total_order": 1, "hotel_value": ["4.2"], "hotel_price": ["90"]}, "444090": {"hotel_name": "\u5357\u4eac\u6c64\u5c71\u7d2b\u6e05\u6e56\u751f\u6001\u65c5\u6e38\u6e29\u6cc9\u5ea6\u5047\u533a", "order_time": ["2019-01-10 20:18:50", "2019-01-10 20:26:58"], "total_order": 2, "hotel_value": ["4.8", "4.8"], "hotel_price": ["312", "312"]}, "1457946": {"hotel_name": "\u5357\u4eac\u4e94\u4e00\u5bbe\u9986", "order_time": ["2019-01-10 20:20:19"], "total_order": 1, "hotel_value": ["4.5"], "hotel_price": ["223"]}, "1773482": {"hotel_name": "\u6c49\u5ead\u9152\u5e97(\u5357\u4eac\u5e94\u5929\u5927\u8857\u5e97)", "order_time": ["2019-01-10 20:20:20"], "total_order": 1, "hotel_value": ["4.4"], "hotel_price": ["164"]}, "4727381": {"hotel_name": "\u683c\u6797\u8c6a\u6cf0(\u5357\u4eac\u548c\u71d5\u8def\u6653\u5e84\u5e7f\u573a\u5e97)", "order_time": ["2019-01-10 20:20:22"], "total_order": 1, "hotel_value": ["3.5"], "hotel_price": ["159"]}, "367765": {"hotel_name": "\u5357\u4eac\u51ef\u94c2\u7cbe\u54c1\u9152\u5e97", "order_time": ["2019-01-10 20:20:23"], "total_order": 1, "hotel_value": ["4.5"], "hotel_price": ["427"]}, "5781490": {"hotel_name": "\u6e2f\u9645\u5bbe\u9986(\u5357\u4eac\u5965\u4f53\u5e94\u5929\u5927\u8857\u5206\u5e97)", "order_time": ["2019-01-10 20:20:26"], "total_order": 1, "hotel_value": ["4.2"], "hotel_price": ["120"]}, "8900601": {"hotel_name": "\u5357\u4eac\u9a7f\u5f80\u60c5\u6df1\u81ea\u52a9\u77ed\u79df\u516c\u5bd3", "order_time": ["2019-01-10 20:20:28"], "total_order": 1, "hotel_value": [0], "hotel_price": ["200"]}, "6106493": {"hotel_name": "\u5357\u4eac\u7396\u73a5\u6c47\u5047\u65e5\u9152\u5e97", "order_time": ["2019-01-10 20:20:28"], "total_order": 1, "hotel_value": ["4.6"], "hotel_price": ["150"]}, "1943440": {"hotel_name": "\u5357\u4eac\u6d66\u4e1c\u58f9\u53f7\u9152\u5e97", "order_time": ["2019-01-10 20:20:30"], "total_order": 1, "hotel_value": ["4.2"], "hotel_price": ["145"]}, "6266251": {"hotel_name": "\u5357\u4eac\u5b89\u6155\u822a\u7a7a\u4e3b\u9898\u9152\u5e97", "order_time": ["2019-01-10 20:20:30"], "total_order": 1, "hotel_value": ["4.4"], "hotel_price": ["113"]}, "18001011": {"hotel_name": "\u5357\u4eac\u7389\u6f9c\u8f69\u7cbe\u54c1\u516c\u5bd3\u5f0f\u9152\u5e97", "order_time": ["2019-01-10 20:20:33"], "total_order": 1, "hotel_value": ["3.8"], "hotel_price": ["179"]}, "18113700": {"hotel_name": "\u5357\u4eac\u62fe\u5149\u91cc\u9152\u5e97", "order_time": ["2019-01-10 20:20:34"], "total_order": 1, "hotel_value": ["4.7"], "hotel_price": ["174"]}, "434226": {"hotel_name": "\u5357\u4eac\u6c90\u5c9a\u6e29\u6cc9\u5ea6\u5047\u5c71\u5e84", "order_time": ["2019-01-10 20:22:24"], "total_order": 1, "hotel_value": ["2.5"], "hotel_price": ["220"]}, "4045999": {"hotel_name": "\u99a8\u8bda\u8f69\u9152\u5e97(\u5357\u4eac\u5965\u4f53\u535a\u89c8\u4e2d\u5fc3\u5e97)", "order_time": ["2019-01-10 20:22:27"], "total_order": 1, "hotel_value": ["4.2"], "hotel_price": ["174"]}, "14252090": {"hotel_name": "\u5982\u5bb6\u5546\u65c5\u9152\u5e97(\u5357\u4eac\u592b\u5b50\u5e99\u5730\u94c1\u7ad9\u5e97)", "order_time": ["2019-01-10 20:22:27"], "total_order": 1, "hotel_value": ["4.7"], "hotel_price": ["300"]}, "4039747": {"hotel_name": "7\u5929\u4f18\u54c1\u9152\u5e97(\u5357\u4eac\u5317\u5cad\u8def\u5e97)", "order_time": ["2019-01-10 20:22:29"], "total_order": 1, "hotel_value": ["4.6"], "hotel_price": ["126"]}, "7953996": {"hotel_name": "\u81f4\u7231\u4e3b\u9898\u9152\u5e97(\u5357\u4eac\u5357\u822a\u7fe0\u5c4f\u5c71\u5730\u94c1\u7ad9\u5e97)", "order_time": ["2019-01-10 20:22:31"], "total_order": 1, "hotel_value": ["3.8"], "hotel_price": ["149"]}, "1085669": {"hotel_name": "\u5e03\u4e01\u4e25\u9009\u9152\u5e97(\u5357\u4eac\u5965\u4f53\u6653\u5e84\u5b66\u9662\u83ab\u6101\u6e56\u5730\u94c1\u7ad9\u5e97)", "order_time": ["2019-01-10 20:22:32"], "total_order": 1, "hotel_value": ["4.1"], "hotel_price": ["102"]}, "15051208": {"hotel_name": "\u5357\u4eac\u6c5f\u5317\u4e3d\u5a77\u4e4b\u5bb6\u666e\u901a\u516c\u5bd3(\u5206\u5e97)", "order_time": ["2019-01-10 20:22:47"], "total_order": 1, "hotel_value": [0], "hotel_price": ["238"]}, "1179858": {"hotel_name": "\u5168\u5b63\u9152\u5e97(\u5357\u4eac\u8679\u6865\u4e2d\u5c71\u5317\u8def\u5e97)", "order_time": ["2019-01-10 20:22:57"], "total_order": 1, "hotel_value": ["4.8"], "hotel_price": ["339"]}, "1943821": {"hotel_name": "\u5357\u4eac\u519c\u5927\u7ff0\u82d1\u5bbe\u9986", "order_time": ["2019-01-10 20:22:57"], "total_order": 1, "hotel_value": ["4.6"], "hotel_price": ["398"]}, "21160353": {"hotel_name": "\u5357\u4eacST\u5f71\u9662\u9152\u5e97", "order_time": ["2019-01-10 20:24:25"], "total_order": 1, "hotel_value": ["4.8"], "hotel_price": ["395"]}, "6023764": {"hotel_name": "\u5357\u4eac\u65b0\u5bcc\u57ce\u5bbe\u9986\u592b\u5b50\u5e99\u5e97", "order_time": ["2019-01-10 20:24:26"], "total_order": 1, "hotel_value": ["4.4"], "hotel_price": ["129"]}, "14073962": {"hotel_name": "\u5357\u4eac\u4e03\u65e5\u516c\u5bd3(\u9ad8\u94c1\u5e97)", "order_time": ["2019-01-10 20:24:30"], "total_order": 1, "hotel_value": ["4.7"], "hotel_price": ["185"]}, "9029692": {"hotel_name": "\u6446\u6e21\u4eba\u56fd\u9645\u9752\u5e74\u65c5\u820d", "order_time": ["2019-01-10 20:24:31"], "total_order": 1, "hotel_value": ["4.7"], "hotel_price": ["36"]}, "8717525": {"hotel_name": "\u5357\u4eac\u9999\u6a58\u5bbe\u9986", "order_time": ["2019-01-10 20:24:40"], "total_order": 1, "hotel_value": ["4.1"], "hotel_price": ["117"]}, "987566": {"hotel_name": "\u5357\u4eac\u65b0\u8857\u53e3\u82cf\u5b81\u8bfa\u5bcc\u7279\u9152\u5e97", "order_time": ["2019-01-10 20:26:17"], "total_order": 1, "hotel_value": ["4.7"], "hotel_price": ["547"]}, "1226130": {"hotel_name": "\u5357\u4eac\u6c90\u5ead\u9152\u5e97", "order_time": ["2019-01-10 20:26:25"], "total_order": 1, "hotel_value": ["3.7"], "hotel_price": ["129"]}, "1169105": {"hotel_name": "\u6b22\u817e\u5546\u52a1\u5bbe\u9986(\u5357\u4eac\u6c5f\u5b81\u4e0a\u5143\u5927\u8857\u4e07\u8fbe\u5e7f\u573a\u5e97)", "order_time": ["2019-01-10 20:26:31"], "total_order": 1, "hotel_value": ["4.3"], "hotel_price": ["103"]}, "997118": {"hotel_name": "\u5357\u4eac\u94dc\u57ce\u5feb\u6377\u5bbe\u9986(\u5357\u4eac\u7984\u53e3\u673a\u573a\u5e97)", "order_time": ["2019-01-10 20:26:40"], "total_order": 1, "hotel_value": ["4.1"], "hotel_price": ["72"]}, "12480517": {"hotel_name": "\u6c64\u5c71\u5b50\u66f0\u6e29\u6cc9\u6c11\u5bbf", "order_time": ["2019-01-10 20:26:58"], "total_order": 1, "hotel_value": ["4.8"], "hotel_price": ["1080"]}}}