{"\u5f00\u59cb\u8bb0\u5f55\u65f6\u95f4": "2019-01-10 08:08:15", "\u7ed3\u675f\u8bb0\u5f55\u65f6\u95f4": "2019-01-10 09:08:15", "\u8ba2\u5355\u603b\u589e\u91cf": 301, "item": {"26588901": {"hotel_name": "\u5357\u4eac\u591c\u6cca\u79e6\u6dee\u541b\u4ead\u9152\u5e97\u00b7\u5927\u620f\u9662", "order_time": ["2019-01-10 08:10:39"], "total_order": 1, "hotel_value": ["4.8"], "hotel_price": ["599"]}, "430159": {"hotel_name": "\u5357\u4eac\u7384\u6b66\u82cf\u5b81\u8bfa\u5bcc\u7279\u9152\u5e97", "order_time": ["2019-01-10 08:10:39"], "total_order": 1, "hotel_value": ["4.7"], "hotel_price": ["587"]}, "26089169": {"hotel_name": "\u82b1\u5b63\u9152\u5e97(\u5357\u4eac\u592b\u5b50\u5e99\u5730\u94c1\u7ad9\u5e97)", "order_time": ["2019-01-10 08:10:40"], "total_order": 1, "hotel_value": ["4.8"], "hotel_price": ["197"]}, "378829": {"hotel_name": "\u5357\u4eac\u57ce\u5e02\u540d\u4eba\u9152\u5e97", "order_time": ["2019-01-10 08:19:32", "2019-01-10 08:10:43"], "total_order": 2, "hotel_value": ["4.8", "4.8"], "hotel_price": ["556", "556"]}, "902118": {"hotel_name": "\u767e\u65f6\u5feb\u6377\u9152\u5e97(\u5357\u4eac\u7384\u6b66\u6e56\u5c71\u897f\u8def\u5e97)", "order_time": ["2019-01-10 08:10:44"], "total_order": 1, "hotel_value": ["4.1"], "hotel_price": ["92"]}, "9347528": {"hotel_name": "\u56fd\u9645\u9752\u5e74\u4f1a\u8bae\u9152\u5e97(\u5357\u4eac\u56fd\u9645\u9752\u5e74\u6587\u5316\u4e2d\u5fc3\u5e97)", "order_time": ["2019-01-10 08:10:45"], "total_order": 1, "hotel_value": ["4.8"], "hotel_price": ["598"]}, "6111316": {"hotel_name": "\u66d9\u5149\u8587\u9152\u5e97(\u5357\u4eac\u592b\u5b50\u5e99\u5e97)", "order_time": ["2019-01-10 08:10:45"], "total_order": 1, "hotel_value": ["4.7"], "hotel_price": ["344"]}, "798937": {"hotel_name": "\u5357\u4eac\u592b\u5b50\u5e99\u56fd\u9645\u9752\u5e74\u65c5\u820d", "order_time": ["2019-01-10 08:10:45", "2019-01-10 08:34:47"], "total_order": 2, "hotel_value": ["4.1", "4.1"], "hotel_price": ["49", "49"]}, "513735": {"hotel_name": "\u9526\u6c5f\u4e4b\u661f(\u5357\u4eac\u73e0\u6c5f\u8def\u5c0f\u8425\u5317\u8def\u5e97)", "order_time": ["2019-01-10 08:10:46"], "total_order": 1, "hotel_value": ["4.4"], "hotel_price": ["169"]}, "21936730": {"hotel_name": "\u5357\u4eac\u5927\u5730\u541b\u60a6\u9152\u5e97", "order_time": ["2019-01-10 09:04:43", "2019-01-10 08:10:48"], "total_order": 2, "hotel_value": ["4.6", "4.6"], "hotel_price": ["203", "203"]}, "17525181": {"hotel_name": "\u5357\u4eac\u5357\u7ad9\u80dc\u592a\u897f\u8def\u4e9a\u6735\u9152\u5e97", "order_time": ["2019-01-10 08:12:37", "2019-01-10 08:22:38"], "total_order": 2, "hotel_value": ["4.8", "4.8"], "hotel_price": ["554", "554"]}, "434086": {"hotel_name": "\u5357\u4eac\u65b0\u7eaa\u5143\u5927\u9152\u5e97", "order_time": ["2019-01-10 08:12:37"], "total_order": 1, "hotel_value": ["4.8"], "hotel_price": ["348"]}, "1454364": {"hotel_name": "\u5982\u5bb6\u5feb\u6377\u9152\u5e97(\u5357\u4eac\u65b0\u8857\u53e3\u73e0\u6c5f\u8def\u5730\u94c1\u7ad9\u5fb7\u57fa\u5e7f\u573a\u5e97)", "order_time": ["2019-01-10 08:12:43"], "total_order": 1, "hotel_value": ["4.5"], "hotel_price": ["174"]}, "5095130": {"hotel_name": "\u901f8\u9152\u5e97(\u5357\u4eac\u83ab\u6101\u6e56\u6c34\u897f\u95e8\u5e97)", "order_time": ["2019-01-10 08:12:47"], "total_order": 1, "hotel_value": ["4.4"], "hotel_price": ["120"]}, "1618777": {"hotel_name": "\u6ea7\u6c34\u9633\u5149\u5047\u65e5\u9152\u5e97(\u5357\u4eac\u5927\u897f\u95e8\u5e97)", "order_time": ["2019-01-10 08:12:49"], "total_order": 1, "hotel_value": ["4.5"], "hotel_price": ["132"]}, "28308401": {"hotel_name": "\u7ef4\u4e5f\u7eb3\u9152\u5e97(\u5357\u4eac\u5927\u5382\u6b65\u884c\u8857\u5e97)", "order_time": ["2019-01-10 08:12:50"], "total_order": 1, "hotel_value": [0], "hotel_price": ["169"]}, "6040093": {"hotel_name": "\u57ce\u9645\u592a\u7a7a\u8231\u9752\u5e74\u65c5\u793e(\u5357\u4eac\u65b0\u8857\u53e3\u5e97)", "order_time": ["2019-01-10 08:13:09"], "total_order": 1, "hotel_value": ["3.9"], "hotel_price": ["31"]}, "1341077": {"hotel_name": "\u5982\u5bb6\u5feb\u6377\u9152\u5e97(\u5357\u4eac\u592b\u5b50\u5e99\u9f99\u87e0\u4e2d\u8def\u7535\u89c6\u53f0\u5e97)", "order_time": ["2019-01-10 08:14:39", "2019-01-10 08:42:47"], "total_order": 2, "hotel_value": ["4.4", "4.4"], "hotel_price": ["132", "135"]}, "4122292": {"hotel_name": "\u5c1a\u5ba2\u4f18\u8fde\u9501\u9152\u5e97(\u5357\u4eac\u6cb3\u6d77\u5927\u5b66\u5730\u94c1\u7ad9\u5e97)", "order_time": ["2019-01-10 09:00:39", "2019-01-10 08:14:41"], "total_order": 2, "hotel_value": ["4.2", "4.2"], "hotel_price": ["133", "133"]}, "1462789": {"hotel_name": "\u80af\u5b9a\u00b7\u89c2\u7f8e\u9152\u5e97(\u5357\u4eac\u65b0\u8857\u53e3\u91d1\u878d\u4e2d\u5fc3\u4e2d\u592e\u5546\u573a\u5e97)", "order_time": ["2019-01-10 08:44:38", "2019-01-10 08:14:45"], "total_order": 2, "hotel_value": ["4.6", "4.6"], "hotel_price": ["179", "207"]}, "369717": {"hotel_name": "\u5357\u4eac\u91d1\u9e70\u73e0\u6c5f\u58f9\u53f7\u56fd\u9645\u9152\u5e97", "order_time": ["2019-01-10 08:19:32", "2019-01-10 08:14:48"], "total_order": 2, "hotel_value": ["4.7", "4.7"], "hotel_price": ["579", "579"]}, "1946060": {"hotel_name": "\u6613\u4f70\u8fde\u9501\u65c5\u5e97(\u5357\u4eac\u6c5f\u5b81\u5927\u5b66\u57ce\u9f99\u7720\u5927\u9053\u5730\u94c1\u7ad9\u5e97)", "order_time": ["2019-01-10 08:14:50"], "total_order": 1, "hotel_value": ["4.6"], "hotel_price": ["88"]}, "25664295": {"hotel_name": "\u5357\u4eac\u5510\u6676\u9152\u5e97", "order_time": ["2019-01-10 08:14:56"], "total_order": 1, "hotel_value": ["4.8"], "hotel_price": ["188"]}, "1052445": {"hotel_name": "\u9a8f\u6021\u8fde\u9501\u9152\u5e97(\u5357\u4eac\u5929\u5370\u5927\u9053\u5e97)", "order_time": ["2019-01-10 08:15:02"], "total_order": 1, "hotel_value": ["4.6"], "hotel_price": ["122"]}, "15899656": {"hotel_name": "\u5357\u4eac\u69b4\u604b\u5047\u65e5\u9152\u5e97\u5f0f\u516c\u5bd3", "order_time": ["2019-01-10 08:16:36"], "total_order": 1, "hotel_value": ["4.6"], "hotel_price": ["219"]}, "1816838": {"hotel_name": "\u6854\u5b50\u9152\u5e97(\u5357\u4eac\u535a\u7269\u9662\u9152\u5e97)(\u539f\u4e1c\u534e\u95e8\u5e97)", "order_time": ["2019-01-10 08:16:36", "2019-01-10 08:46:38"], "total_order": 2, "hotel_value": ["4.9", "4.9"], "hotel_price": ["256", "256"]}, "1457092": {"hotel_name": "\u5982\u5bb6\u5feb\u6377\u9152\u5e97(\u5357\u4eac\u65b0\u8857\u53e3\u5e97)", "order_time": ["2019-01-10 08:16:37"], "total_order": 1, "hotel_value": ["4.6"], "hotel_price": ["188"]}, "1960551": {"hotel_name": "\u5357\u4eac\u7984\u53e3\u673a\u573a\u94c2\u5c14\u66fc\u5927\u9152\u5e97", "order_time": ["2019-01-10 08:16:37"], "total_order": 1, "hotel_value": ["4.7"], "hotel_price": ["698"]}, "811686": {"hotel_name": "\u6e05\u6c90\u8fde\u9501\u9152\u5e97(\u5357\u4eac\u9f99\u6c5f\u5730\u94c1\u7ad9\u65b0\u57ce\u5e02\u5e7f\u573a\u5e97)(\u539f\u6cb3\u897f\u9f99\u6c5f\u65b0\u57ce\u5e02\u5e7f\u573a\u5e97)", "order_time": ["2019-01-10 08:16:38", "2019-01-10 08:54:52"], "total_order": 2, "hotel_value": ["4.2", "4.2"], "hotel_price": ["279", "279"]}, "8545558": {"hotel_name": "\u5357\u4eac\u5357\u5927\u56fd\u9645\u4f1a\u8bae\u4e2d\u5fc3", "order_time": ["2019-01-10 08:34:40", "2019-01-10 08:16:38"], "total_order": 2, "hotel_value": ["4.8", "4.8"], "hotel_price": ["1958", "1958"]}, "447344": {"hotel_name": "\u5357\u4eac\u5965\u4f53\u4e2d\u5fc3\u7f8e\u5c45\u9152\u5e97", "order_time": ["2019-01-10 08:22:44", "2019-01-10 08:16:40"], "total_order": 2, "hotel_value": ["4.5", "4.5"], "hotel_price": ["456", "456"]}, "9365145": {"hotel_name": "Q\u52a0\u00b7\u9a7f\u6808\u5230\u90b8\u9152\u5e97\u516c\u5bd3(\u5357\u4eac\u592b\u5b50\u5e99\u4e2d\u534e\u95e8\u5e97)", "order_time": ["2019-01-10 08:16:42"], "total_order": 1, "hotel_value": ["4.7"], "hotel_price": ["138"]}, "6929379": {"hotel_name": "\u5357\u4eac\u5c0f\u5e84\u82b1\u56ed\u9752\u5e74\u65c5\u820d\u65b0\u8857\u53e3\u5730\u94c1\u7ad9\u5e97", "order_time": ["2019-01-10 08:16:44", "2019-01-10 08:20:38"], "total_order": 2, "hotel_value": ["4.7", "4.7"], "hotel_price": ["38", "38"]}, "1209418": {"hotel_name": "\u83ab\u6cf0168(\u5357\u4eac\u592b\u5b50\u5e99\u4e09\u5c71\u8857\u5730\u94c1\u7ad9\u5e97)", "order_time": ["2019-01-10 08:16:45"], "total_order": 1, "hotel_value": ["4.6"], "hotel_price": ["132"]}, "1457011": {"hotel_name": "\u5982\u5bb6\u5feb\u6377\u9152\u5e97(\u5357\u4eac\u6c49\u4e2d\u95e8\u5730\u94c1\u7ad9\u5e02\u6c11\u5e7f\u573a\u864e\u8e1e\u5357\u8def\u5e97)", "order_time": ["2019-01-10 08:16:46"], "total_order": 1, "hotel_value": ["4.6"], "hotel_price": ["178"]}, "2472505": {"hotel_name": "\u5357\u4eac\u7231\u60c5\u6d77\u4e3b\u9898\u9152\u5e97(\u539f\u60a6\u5ba2\u4e3b\u9898\u9152\u5e97\u516c\u5bd3)", "order_time": ["2019-01-10 08:16:48"], "total_order": 1, "hotel_value": ["4.6"], "hotel_price": ["144"]}, "3656411": {"hotel_name": "\u90fd\u5e02118(\u5357\u4eac\u80dc\u592a\u8def\u5730\u94c1\u7ad9\u5e97)", "order_time": ["2019-01-10 08:16:51"], "total_order": 1, "hotel_value": ["4.1"], "hotel_price": ["111"]}, "1452813": {"hotel_name": "\u5982\u5bb6\u5feb\u6377\u9152\u5e97(\u5357\u4eac\u4e2d\u5c71\u9675\u666f\u533a\u82dc\u84ff\u56ed\u5927\u8857\u5e97))(\u539f\u5357\u4eac\u6708\u7259\u6e56\u9526\u6e56\u5927\u53a6\u5e97)", "order_time": ["2019-01-10 08:16:55"], "total_order": 1, "hotel_value": ["4.4"], "hotel_price": ["122"]}, "7687802": {"hotel_name": "\u5357\u4eac\u767d\u65af\u7279\u9152\u5e97", "order_time": ["2019-01-10 08:18:38"], "total_order": 1, "hotel_value": ["4.6"], "hotel_price": ["298"]}, "1943642": {"hotel_name": "\u6e05\u6c90\u7cbe\u54c1\u9152\u5e97(\u5357\u4eac\u5927\u6865\u5317\u8def\u6cf0\u5c71\u65b0\u6751\u5730\u94c1\u7ad9)", "order_time": ["2019-01-10 08:18:39"], "total_order": 1, "hotel_value": ["3.9"], "hotel_price": ["98"]}, "669100": {"hotel_name": "\u5357\u4eac\u91d1\u5965\u8d39\u5c14\u8499\u9152\u5e97", "order_time": ["2019-01-10 08:18:40"], "total_order": 1, "hotel_value": ["4.7"], "hotel_price": ["944"]}, "2295087": {"hotel_name": "7\u5929\u8fde\u9501\u9152\u5e97(\u5357\u4eac\u592b\u5b50\u5e99\u5730\u94c1\u7ad9\u666f\u533a\u5e97)(\u539f\u592b\u5b50\u5e99\u4e2d\u5fc3\u5e97)", "order_time": ["2019-01-10 08:18:41"], "total_order": 1, "hotel_value": ["4.2"], "hotel_price": ["127"]}, "6407392": {"hotel_name": "\u5357\u4eac\u7b11\u7b11\u5bbe\u9986\u5e7f\u5dde\u8def\u5e97", "order_time": ["2019-01-10 08:18:58"], "total_order": 1, "hotel_value": ["3.1"], "hotel_price": ["145"]}, "425945": {"hotel_name": "\u6c5f\u82cf\u51e4\u51f0\u53f0\u996d\u5e97", "order_time": ["2019-01-10 08:19:32", "2019-01-10 08:22:36"], "total_order": 2, "hotel_value": ["4.7", "4.7"], "hotel_price": ["398", "298"]}, "5451854": {"hotel_name": "\u5357\u4eac\u91d1\u9e70\u56fd\u9645\u9152\u5e97", "order_time": ["2019-01-10 08:19:32", "2019-01-10 08:40:50"], "total_order": 2, "hotel_value": ["4.9", "4.9"], "hotel_price": ["899", "899"]}, "375288": {"hotel_name": "\u5357\u4eac\u7384\u6b66\u996d\u5e97", "order_time": ["2019-01-10 08:19:32", "2019-01-10 08:28:37"], "total_order": 2, "hotel_value": ["4.7", "4.7"], "hotel_price": ["548", "548"]}, "3327690": {"hotel_name": "\u6c64\u5c71\u7d2b\u6e05\u6e56\u6e29\u6cc9\u5ea6\u5047\u9152\u5e97", "order_time": ["2019-01-10 08:19:32"], "total_order": 1, "hotel_value": ["4.8"], "hotel_price": ["1276"]}, "6475650": {"hotel_name": "\u5357\u4eac\u96bd\u6052\u9152\u5e97(\u539f\u6cb3\u6d77\u5927\u5b66\u56fd\u9645\u4ea4\u6d41\u4e2d\u5fc3)", "order_time": ["2019-01-10 08:19:32"], "total_order": 1, "hotel_value": ["4.8"], "hotel_price": ["468"]}, "5549111": {"hotel_name": "\u5357\u4eac\u91d1\u9e70\u5c1a\u7f8e\u9152\u5e97", "order_time": ["2019-01-10 08:19:32"], "total_order": 1, "hotel_value": ["4.8"], "hotel_price": ["601"]}, "419566": {"hotel_name": "\u5357\u4eac\u53e4\u5357\u90fd\u996d\u5e97", "order_time": ["2019-01-10 08:19:32"], "total_order": 1, "hotel_value": ["4.8"], "hotel_price": ["499"]}, "19809244": {"hotel_name": "\u7f8e\u8c6a\u4e3d\u81f4\u9152\u5e97(\u5357\u4eac\u65b0\u8857\u53e3\u5fb7\u57fa\u5e7f\u573a\u5e97)", "order_time": ["2019-01-10 08:19:32"], "total_order": 1, "hotel_value": ["4.8"], "hotel_price": ["580"]}, "670019": {"hotel_name": "\u5357\u4eac\u5bcc\u529b\u4e07\u8fbe\u5609\u534e\u9152\u5e97", "order_time": ["2019-01-10 08:19:32"], "total_order": 1, "hotel_value": ["4.7"], "hotel_price": ["618"]}, "443705": {"hotel_name": "\u4e66\u9999\u4e16\u5bb6\u9152\u5e97(\u5357\u4eac\u65b0\u8857\u53e3\u5fb7\u57fa\u5e7f\u573a\u5e97)(\u539f\u7ba1\u5bb6\u6865\u5e97)", "order_time": ["2019-01-10 08:19:32"], "total_order": 1, "hotel_value": ["4.7"], "hotel_price": ["429"]}, "754206": {"hotel_name": "\u5357\u4eac\u6021\u534e\u9152\u5e97", "order_time": ["2019-01-10 08:19:32", "2019-01-10 08:24:43"], "total_order": 2, "hotel_value": ["4.7", "4.7"], "hotel_price": ["478", "478"]}, "471367": {"hotel_name": "\u5357\u4eac\u82cf\u5b81\u73af\u7403\u5957\u623f\u996d\u5e97", "order_time": ["2019-01-10 08:19:32"], "total_order": 1, "hotel_value": ["4.8"], "hotel_price": ["508"]}, "846891": {"hotel_name": "\u4e66\u9999\u4e16\u5bb6\u9152\u5e97(\u5357\u4eac\u65b0\u8857\u53e3\u4e09\u5143\u5df7\u5e97)(\u539f\u4e2d\u6c5f\u4e66\u9999\u4e16\u5bb6\u9152\u5e97)", "order_time": ["2019-01-10 08:19:33"], "total_order": 1, "hotel_value": ["4.8"], "hotel_price": ["428"]}, "2251669": {"hotel_name": "\u5357\u4eac\u5317\u65b9\u6717\u60a6\u9152\u5e97", "order_time": ["2019-01-10 08:20:35"], "total_order": 1, "hotel_value": ["4.5"], "hotel_price": ["170"]}, "21688385": {"hotel_name": "\u5357\u4eacK HOTEL\u9152\u5e97", "order_time": ["2019-01-10 08:20:36"], "total_order": 1, "hotel_value": ["4.8"], "hotel_price": ["358"]}, "5431912": {"hotel_name": "\u6e05\u6c90\u8fde\u9501\u9152\u5e97(\u5357\u4eac\u5c0f\u7ea2\u5c71\u5e97)", "order_time": ["2019-01-10 08:20:37"], "total_order": 1, "hotel_value": ["3.9"], "hotel_price": ["106"]}, "7067265": {"hotel_name": "\u6c49\u5ead\u4f18\u4f73\u9152\u5e97(\u5357\u4eac\u5965\u4f53\u4e2d\u5fc3\u5e97)", "order_time": ["2019-01-10 08:20:39"], "total_order": 1, "hotel_value": ["4.7"], "hotel_price": ["244"]}, "369785": {"hotel_name": "\u5357\u4eac\u7d22\u83f2\u7279\u94f6\u6cb3\u5927\u9152\u5e97", "order_time": ["2019-01-10 08:26:45", "2019-01-10 08:20:39"], "total_order": 2, "hotel_value": ["4.6", "4.6"], "hotel_price": ["598", "598"]}, "474180": {"hotel_name": "\u53e4\u5357\u90fd\u9038\u5c45\u9152\u5e97(\u5357\u4eac\u65b0\u57ce\u5e02\u5e7f\u573a\u9f99\u6c5f\u5730\u94c1\u7ad9\u5e97)", "order_time": ["2019-01-10 08:20:39"], "total_order": 1, "hotel_value": ["4.8"], "hotel_price": ["352"]}, "5215040": {"hotel_name": "\u4e07\u4fe1\u6167\u9009\u9152\u5e97(\u5357\u4eac\u5c71\u897f\u8def\u5e97)(\u539f\u5609\u8377\u5fbd\u5ead\u9152\u5e97)", "order_time": ["2019-01-10 08:20:40"], "total_order": 1, "hotel_value": ["4.0"], "hotel_price": ["146"]}, "12198948": {"hotel_name": "\u5357\u4eac\u666e\u82e5\u56fd\u9645\u670d\u52a1\u5f0f\u516c\u5bd3", "order_time": ["2019-01-10 08:20:43"], "total_order": 1, "hotel_value": ["4.4"], "hotel_price": ["143"]}, "443712": {"hotel_name": "\u5357\u4eac\u56fd\u4fe1\u5927\u9152\u5e97", "order_time": ["2019-01-10 08:24:43", "2019-01-10 08:20:44"], "total_order": 2, "hotel_value": ["4.6", "4.6"], "hotel_price": ["289", "289"]}, "1632876": {"hotel_name": "\u6854\u5b50\u6c34\u6676\u9152\u5e97(\u5357\u4eac\u65b0\u8857\u53e3\u5e97)", "order_time": ["2019-01-10 08:20:44"], "total_order": 1, "hotel_value": ["4.8"], "hotel_price": ["379"]}, "19853268": {"hotel_name": "\u5357\u4eac\u6765\u601d\u5feb\u6377\u9152\u5e97", "order_time": ["2019-01-10 08:20:49"], "total_order": 1, "hotel_value": ["4.5"], "hotel_price": ["140"]}, "512269": {"hotel_name": "\u5357\u4eac\u5b5c\u56fe\u9152\u5e97", "order_time": ["2019-01-10 08:22:39", "2019-01-10 08:52:37"], "total_order": 2, "hotel_value": ["4.7", "4.7"], "hotel_price": ["299", "299"]}, "17527314": {"hotel_name": "\u6e05\u6c90\u7cbe\u54c1\u9152\u5e97(\u5357\u4eac\u5357\u7ad9\u5317\u5e7f\u573a\u5e97)", "order_time": ["2019-01-10 08:22:41"], "total_order": 1, "hotel_value": ["4.6"], "hotel_price": ["246"]}, "6234963": {"hotel_name": "H\u6c34\u6676\u9152\u5e97(\u5357\u4eac\u83ab\u6101\u6e56\u5e97)", "order_time": ["2019-01-10 08:22:44"], "total_order": 1, "hotel_value": ["4.6"], "hotel_price": ["278"]}, "1646486": {"hotel_name": "\u901f8\u9152\u5e97(\u5357\u4eac\u4e2d\u5c71\u9675\u666f\u533a\u897f\u5e97)", "order_time": ["2019-01-10 08:50:40", "2019-01-10 08:22:48"], "total_order": 2, "hotel_value": ["4.3", "4.3"], "hotel_price": ["126", "126"]}, "485570": {"hotel_name": "\u5357\u4eac\u5546\u8302\u56fd\u9645\u9152\u5e97", "order_time": ["2019-01-10 08:22:48"], "total_order": 1, "hotel_value": ["4.4"], "hotel_price": ["519"]}, "28678204": {"hotel_name": "\u5357\u4eac\u9082\u9005\u9633\u5149\u9152\u5e97", "order_time": ["2019-01-10 08:22:55"], "total_order": 1, "hotel_value": [0], "hotel_price": ["124"]}, "346283": {"hotel_name": "\u5357\u4eac\u91d1\u9675\u996d\u5e97", "order_time": ["2019-01-10 08:23:24", "2019-01-10 09:03:27", "2019-01-10 08:53:25", "2019-01-10 08:43:32"], "total_order": 4, "hotel_value": ["4.8", "4.8", "4.8", "4.8"], "hotel_price": ["626", "626", "626", "626"]}, "813373": {"hotel_name": "\u5357\u4eac\u6db5\u6708\u697c\u9996\u4e3d\u65af\u9152\u5e97", "order_time": ["2019-01-10 08:23:24", "2019-01-10 08:51:43", "2019-01-10 08:43:32", "2019-01-10 08:29:27"], "total_order": 4, "hotel_value": ["4.8", "4.8", "4.8", "4.8"], "hotel_price": ["579", "579", "579", "579"]}, "434989": {"hotel_name": "\u5357\u4eac\u4e2d\u5fc3\u5927\u9152\u5e97", "order_time": ["2019-01-10 08:24:39"], "total_order": 1, "hotel_value": ["4.8"], "hotel_price": ["468"]}, "1457183": {"hotel_name": "\u5982\u5bb6\u5feb\u6377\u9152\u5e97(\u5357\u4eac\u6865\u5317\u5f18\u9633\u5e7f\u573a\u67f3\u6d32\u4e1c\u8def\u5730\u94c1\u7ad9\u5e97)", "order_time": ["2019-01-10 08:24:40"], "total_order": 1, "hotel_value": ["4.6"], "hotel_price": ["117"]}, "25135739": {"hotel_name": "\u5357\u4eac\u4f18\u60a6\u9152\u5e97\u516c\u5bd3", "order_time": ["2019-01-10 08:24:40"], "total_order": 1, "hotel_value": ["4.9"], "hotel_price": ["213"]}, "2301847": {"hotel_name": "7\u5929\u8fde\u9501\u9152\u5e97(\u5357\u4eac\u706b\u8f66\u7ad9\u65b0\u6a21\u8303\u9a6c\u8def\u5730\u94c1\u7ad9\u5e97)", "order_time": ["2019-01-10 08:32:43", "2019-01-10 08:24:40"], "total_order": 2, "hotel_value": ["4.1", "4.1"], "hotel_price": ["127", "127"]}, "1675382": {"hotel_name": "\u5357\u4eac\u7d2b\u4eac\u996d\u5e97", "order_time": ["2019-01-10 08:24:42"], "total_order": 1, "hotel_value": ["4.3"], "hotel_price": ["282"]}, "811664": {"hotel_name": "\u6e05\u6c90\u8fde\u9501\u9152\u5e97(\u5357\u4eac\u4e39\u51e4\u8857\u6052\u57fa\u516c\u5bd3\u5e97)", "order_time": ["2019-01-10 08:24:49"], "total_order": 1, "hotel_value": ["4.2"], "hotel_price": ["163"]}, "7360849": {"hotel_name": "\u6d3e\u9152\u5e97(\u5357\u4eac\u8fc8\u768b\u6865\u5730\u94c1\u7ad9\u5e97)", "order_time": ["2019-01-10 08:25:04"], "total_order": 1, "hotel_value": ["4.3"], "hotel_price": ["127"]}, "1486338": {"hotel_name": "\u5357\u4eac\u4fca\u53d1\u5bbe\u9986", "order_time": ["2019-01-10 08:25:24"], "total_order": 1, "hotel_value": ["3.8"], "hotel_price": ["65"]}, "481331": {"hotel_name": "\u5357\u4eac\u4fdd\u9669\u5927\u53a6", "order_time": ["2019-01-10 08:26:43"], "total_order": 1, "hotel_value": ["4.2"], "hotel_price": ["246"]}, "1943842": {"hotel_name": "\u5357\u4eac\u897f\u5eb7\u5bbe\u9986", "order_time": ["2019-01-10 08:26:47"], "total_order": 1, "hotel_value": ["4.5"], "hotel_price": ["422"]}, "5716734": {"hotel_name": "\u5357\u4eac\u7984\u53e3\u673a\u573a\u4e9a\u6735\u9152\u5e97", "order_time": ["2019-01-10 08:26:48"], "total_order": 1, "hotel_value": ["4.8"], "hotel_price": ["486"]}, "7528409": {"hotel_name": "\u5c1a\u5ba2\u4f18\u8fde\u9501\u9152\u5e97(\u5357\u4eac\u5357\u7ad9\u53cc\u9f99\u5927\u9053\u5730\u94c1\u7ad9\u5e97)", "order_time": ["2019-01-10 08:26:49"], "total_order": 1, "hotel_value": ["4.5"], "hotel_price": ["151"]}, "371145": {"hotel_name": "\u5357\u4eac\u7ef4\u666f\u56fd\u9645\u5927\u9152\u5e97", "order_time": ["2019-01-10 08:27:27"], "total_order": 1, "hotel_value": ["4.6"], "hotel_price": ["598"]}, "1415838": {"hotel_name": "\u901f8\u9152\u5e97(\u5357\u4eac\u706b\u8f66\u5357\u7ad9\u5e97)", "order_time": ["2019-01-10 08:28:38"], "total_order": 1, "hotel_value": ["4.2"], "hotel_price": ["137"]}, "24014320": {"hotel_name": "\u5357\u4eac\u9f99\u835f\u9152\u5e97(\u539f\u4e91\u7aef\u835f\u516c\u5bd3)", "order_time": ["2019-01-10 08:28:43"], "total_order": 1, "hotel_value": ["4.8"], "hotel_price": ["198"]}, "427748": {"hotel_name": "\u6c47\u4e3d\u9152\u5e97(\u5357\u4eac\u519b\u533a\u603b\u9662\u5e97)", "order_time": ["2019-01-10 08:52:38", "2019-01-10 08:28:43"], "total_order": 2, "hotel_value": ["4.4", "4.4"], "hotel_price": ["117", "117"]}, "13297881": {"hotel_name": "\u5357\u4eac\u8212\u9999\u9601\u5bbe\u9986", "order_time": ["2019-01-10 08:28:44"], "total_order": 1, "hotel_value": ["4.9"], "hotel_price": ["107"]}, "367765": {"hotel_name": "\u5357\u4eac\u51ef\u94c2\u7cbe\u54c1\u9152\u5e97", "order_time": ["2019-01-10 08:28:46", "2019-01-10 08:30:41"], "total_order": 2, "hotel_value": ["4.5", "4.5"], "hotel_price": ["427", "427"]}, "1532041": {"hotel_name": "\u8d85\u7fa4\u7cbe\u9009\u9152\u5e97(\u5357\u4eac\u4e2d\u5c71\u9675\u666f\u533a\u5e97)", "order_time": ["2019-01-10 08:28:49"], "total_order": 1, "hotel_value": ["4.3"], "hotel_price": ["134"]}, "14002765": {"hotel_name": "\u5357\u4eac\u9999\u8212\u9601\u5bbe\u9986", "order_time": ["2019-01-10 08:28:49"], "total_order": 1, "hotel_value": ["4.9"], "hotel_price": ["84"]}, "26421136": {"hotel_name": "\u5357\u4eac818\u7cbe\u54c1\u9152\u5e97", "order_time": ["2019-01-10 08:28:54"], "total_order": 1, "hotel_value": [0], "hotel_price": ["153"]}, "1451810": {"hotel_name": "\u5982\u5bb6\u5feb\u6377\u9152\u5e97(\u5357\u4eac\u4e2d\u5c71\u4e1c\u8def\u89e3\u653e\u8def\u5e97)", "order_time": ["2019-01-10 08:28:56"], "total_order": 1, "hotel_value": ["4.4"], "hotel_price": ["147"]}, "6247731": {"hotel_name": "\u5357\u4eac\u65b0\u5c27\u5bbe\u9986", "order_time": ["2019-01-10 08:28:58"], "total_order": 1, "hotel_value": ["4.4"], "hotel_price": ["140"]}, "19581348": {"hotel_name": "\u5357\u4eac\u7f57\u9a6c\u82b1\u56ed\u9752\u5e74\u65c5\u820d(\u539f\u7f57\u9a6c\u5047\u65e5\u9752\u5e74\u65c5\u820d)", "order_time": ["2019-01-10 08:29:01"], "total_order": 1, "hotel_value": ["4.6"], "hotel_price": ["44"]}, "15973629": {"hotel_name": "\u5357\u4eac\u4f73\u7f8e\u822a\u7a7a\u9152\u5e97", "order_time": ["2019-01-10 08:32:38", "2019-01-10 08:30:37"], "total_order": 2, "hotel_value": ["4.5", "4.5"], "hotel_price": ["297", "297"]}, "1837613": {"hotel_name": "Q\u52a0\u00b7\u610f\u9152\u5e97(\u5357\u4eac\u5965\u4f53\u4e2d\u5fc3\u5174\u9686\u5927\u8857\u5730\u94c1\u7ad9\u5e97)", "order_time": ["2019-01-10 08:30:40"], "total_order": 1, "hotel_value": ["4.2"], "hotel_price": ["143"]}, "1987603": {"hotel_name": "\u5357\u4eac\u5357\u5c71\u4e13\u5bb6\u697c", "order_time": ["2019-01-10 08:30:43"], "total_order": 1, "hotel_value": ["4.1"], "hotel_price": ["260"]}, "471731": {"hotel_name": "\u5357\u4eac\u4e16\u7eaa\u7f18\u56fd\u9645\u4f1a\u8bae\u4e2d\u5fc3", "order_time": ["2019-01-10 08:30:44"], "total_order": 1, "hotel_value": ["4.3"], "hotel_price": ["298"]}, "1410411": {"hotel_name": "\u4e1c\u822a\u534e\u7f8e\u8fbe\u9152\u5e97(\u5357\u4eac\u673a\u573a\u5e97)", "order_time": ["2019-01-10 08:31:17", "2019-01-10 08:50:45"], "total_order": 2, "hotel_value": ["4.7", "4.7"], "hotel_price": ["389", "389"]}, "662500": {"hotel_name": "\u5357\u4eac\u660e\u65e5\u5927\u9152\u5e97", "order_time": ["2019-01-10 08:32:36"], "total_order": 1, "hotel_value": ["4.6"], "hotel_price": ["368"]}, "811674": {"hotel_name": "\u6e05\u6c90\u8fde\u9501\u9152\u5e97(\u5357\u4eac\u4e94\u53f0\u5c71\u5e7f\u5dde\u8def\u968f\u56ed\u5927\u53a6\u5e97)", "order_time": ["2019-01-10 08:32:37"], "total_order": 1, "hotel_value": ["4.2"], "hotel_price": ["164"]}, "15887581": {"hotel_name": "\u5357\u4eac\u8bc1\u5927\u5168\u60a6\u559c\u739b\u62c9\u96c5\u9152\u5e97", "order_time": ["2019-01-10 08:32:38"], "total_order": 1, "hotel_value": ["4.6"], "hotel_price": ["206"]}, "1415920": {"hotel_name": "\u5357\u4eac\u6c34\u6676\u84dd\u6e7e\u516c\u5bd3\u9152\u5e97", "order_time": ["2019-01-10 08:32:38"], "total_order": 1, "hotel_value": ["4.7"], "hotel_price": ["488"]}, "1452525": {"hotel_name": "\u5982\u5bb6\u5feb\u6377\u9152\u5e97(\u5357\u4eac\u65b0\u57ce\u5e02\u5e7f\u573a\u9f99\u6c5f\u5730\u94c1\u7ad9\u5e97)", "order_time": ["2019-01-10 08:32:39"], "total_order": 1, "hotel_value": ["4.6"], "hotel_price": ["191"]}, "2035485": {"hotel_name": "\u6f2b\u5fc3\u9152\u5e97(\u5357\u4eac\u592b\u5b50\u5e99\u6c34\u97f5\u79e6\u6dee\u5e97)", "order_time": ["2019-01-10 08:32:39"], "total_order": 1, "hotel_value": ["4.8"], "hotel_price": ["379"]}, "1641479": {"hotel_name": "\u7ef4\u4e5f\u7eb3\u9152\u5e97(\u5357\u4eac\u5965\u4f53\u4e2d\u5fc3\u5e97)", "order_time": ["2019-01-10 08:32:40"], "total_order": 1, "hotel_value": ["4.6"], "hotel_price": ["326"]}, "1451746": {"hotel_name": "\u5982\u5bb6\u5feb\u6377\u9152\u5e97(\u5357\u4eac\u592b\u5b50\u5e99\u96c6\u5e86\u95e8\u5e97)", "order_time": ["2019-01-10 08:32:42"], "total_order": 1, "hotel_value": ["4.4"], "hotel_price": ["130"]}, "4649966": {"hotel_name": "\u5982\u5bb6\u5feb\u6377\u9152\u5e97(\u5357\u4eac\u4e91\u5357\u8def\u5730\u94c1\u7ad9\u4e0a\u6d77\u8def\u5e97)", "order_time": ["2019-01-10 08:32:46"], "total_order": 1, "hotel_value": ["4.5"], "hotel_price": ["194"]}, "22825276": {"hotel_name": "\u5357\u4eac\u8bc1\u5927\u5168\u60a6\u516c\u5bd3", "order_time": ["2019-01-10 09:00:39", "2019-01-10 08:32:51"], "total_order": 2, "hotel_value": ["4.7", "4.7"], "hotel_price": ["200", "200"]}, "1641444": {"hotel_name": "\u5357\u4eac\u660e\u90fd\u5bbe\u9986", "order_time": ["2019-01-10 08:32:54"], "total_order": 1, "hotel_value": ["4.4"], "hotel_price": ["113"]}, "5642959": {"hotel_name": "\u5357\u4eac\u80af\u5b9a\u6c34\u6676\u9152\u5e97", "order_time": ["2019-01-10 08:34:42"], "total_order": 1, "hotel_value": ["4.3"], "hotel_price": ["131"]}, "1448359": {"hotel_name": "\u5982\u5bb6\u5546\u65c5\u9152\u5e97(\u5357\u4eac\u65b0\u8857\u53e3\u5730\u94c1\u7ad9\u5e97)", "order_time": ["2019-01-10 08:34:43", "2019-01-10 09:06:36"], "total_order": 2, "hotel_value": ["4.8", "4.8"], "hotel_price": ["270", "270"]}, "2941828": {"hotel_name": "\u94c2\u7eb3\u5c4b\u6e56\u666f\u516c\u5bd3(\u5357\u4eac\u7384\u6b66\u6e56\u5e97)", "order_time": ["2019-01-10 08:34:44"], "total_order": 1, "hotel_value": ["4.3"], "hotel_price": ["250"]}, "21812395": {"hotel_name": "\u5357\u4eac\u6708\u4e4b\u68a6\u6c11\u5bbf", "order_time": ["2019-01-10 08:34:47"], "total_order": 1, "hotel_value": ["4.8"], "hotel_price": ["98"]}, "23984808": {"hotel_name": "\u5357\u4eac\u5609\u5c1a\u7cbe\u9009\u9152\u5e97", "order_time": ["2019-01-10 08:34:53"], "total_order": 1, "hotel_value": ["4.9"], "hotel_price": ["124"]}, "23228147": {"hotel_name": "\u5357\u4eac\u4e07\u8fbe\u5e7f\u573a\u82b1\u5b63\u9152\u5e97", "order_time": ["2019-01-10 08:36:36"], "total_order": 1, "hotel_value": ["4.8"], "hotel_price": ["142"]}, "1946191": {"hotel_name": "\u5357\u4eac\u96c5\u6d01\u5546\u52a1\u5bbe\u9986", "order_time": ["2019-01-10 08:36:36"], "total_order": 1, "hotel_value": ["4.4"], "hotel_price": ["121"]}, "13818911": {"hotel_name": "\u946b\u53ef\u5b89\u7cbe\u9009\u9152\u5e97\u516c\u5bd3(\u5357\u4eac\u6cb3\u897f\u4e07\u8fbe\u5e97)", "order_time": ["2019-01-10 08:36:41"], "total_order": 1, "hotel_value": ["4.7"], "hotel_price": ["230"]}, "2300860": {"hotel_name": "7\u5929\u8fde\u9501\u9152\u5e97(\u5357\u4eac\u592b\u5b50\u5e99\u5e38\u5e9c\u8857\u5730\u94c1\u7ad9\u5e97)", "order_time": ["2019-01-10 08:36:44"], "total_order": 1, "hotel_value": ["4.5"], "hotel_price": ["108"]}, "1452456": {"hotel_name": "\u5982\u5bb6\u5feb\u6377\u9152\u5e97(\u5357\u4eac\u516d\u5408\u91d1\u5b81\u5e7f\u573a\u6b65\u884c\u8857\u5e97)", "order_time": ["2019-01-10 08:36:45"], "total_order": 1, "hotel_value": ["4.6"], "hotel_price": ["108"]}, "1476770": {"hotel_name": "\u552f\u7231\u4e4b\u661f\u4e3b\u9898\u5bbe\u9986(\u5357\u4eac\u4ed9\u6797\u5e97)", "order_time": ["2019-01-10 08:36:47"], "total_order": 1, "hotel_value": ["3.8"], "hotel_price": ["137"]}, "9213689": {"hotel_name": "\u7ef4\u4e5f\u7eb3\u9152\u5e97(\u5357\u4eac\u6d66\u73e0\u4e2d\u8def\u5e97)", "order_time": ["2019-01-10 08:38:39", "2019-01-10 08:42:39"], "total_order": 2, "hotel_value": ["4.7", "4.7"], "hotel_price": ["253", "253"]}, "11122849": {"hotel_name": "\u5e03\u4e01\u9152\u5e97(\u5357\u4eac\u5357\u7ad9\u5317\u5e7f\u573a\u7eff\u5730\u4e4b\u7a97\u5e97)", "order_time": ["2019-01-10 08:38:39"], "total_order": 1, "hotel_value": ["4.3"], "hotel_price": ["183"]}, "4604055": {"hotel_name": "\u5c1a\u5ba2\u4f18\u8fde\u9501\u9152\u5e97(\u5357\u4eac\u592b\u5b50\u5e99\u6c34\u6e38\u57ce\u5e97)", "order_time": ["2019-01-10 08:38:40"], "total_order": 1, "hotel_value": ["4.0"], "hotel_price": ["120"]}, "1938409": {"hotel_name": "\u767e\u65f6\u5feb\u6377\u9152\u5e97(\u5357\u4eac\u65b0\u8857\u53e3\u5e97)", "order_time": ["2019-01-10 08:38:41"], "total_order": 1, "hotel_value": ["4.4"], "hotel_price": ["109"]}, "2391071": {"hotel_name": "\u4f0a\u7538\u56ed\u9752\u5e74\u65c5\u9986(\u5357\u4eac\u4e49\u4e4c\u5546\u54c1\u57ce\u5e97)", "order_time": ["2019-01-10 08:38:46"], "total_order": 1, "hotel_value": ["4.7"], "hotel_price": ["32"]}, "4690778": {"hotel_name": "\u5357\u4eac\u68a7\u6850\u6811\u65f6\u5c1a\u516c\u5bd3", "order_time": ["2019-01-10 08:39:06"], "total_order": 1, "hotel_value": ["4.2"], "hotel_price": ["97"]}, "2105409": {"hotel_name": "\u5357\u4eac\u7d2b\u8346\u56fd\u9645\u9152\u5e97\u516c\u5bd3", "order_time": ["2019-01-10 08:40:43"], "total_order": 1, "hotel_value": ["4.6"], "hotel_price": ["182"]}, "369713": {"hotel_name": "\u5357\u4eac\u7eff\u5730\u6d32\u9645\u9152\u5e97", "order_time": ["2019-01-10 08:40:51"], "total_order": 1, "hotel_value": ["4.7"], "hotel_price": ["1049"]}, "1359775": {"hotel_name": "\u6c49\u5ead\u9152\u5e97(\u5357\u4eac\u5c06\u519b\u5927\u9053\u9ebb\u7530\u8def\u5e97)(\u539f\u80dc\u592a\u8def\u5c06\u519b\u5927\u9053\u5e97)", "order_time": ["2019-01-10 08:40:54"], "total_order": 1, "hotel_value": ["4.2"], "hotel_price": ["153"]}, "15308170": {"hotel_name": "\u4f69\u68ee\u7cbe\u54c1\u9152\u5e97\u516c\u5bd3(\u5357\u4eac\u5929\u9686\u5bfa\u5730\u94c1\u7ad9\u5e97)", "order_time": ["2019-01-10 08:40:55", "2019-01-10 08:44:43"], "total_order": 2, "hotel_value": ["4.7", "4.7"], "hotel_price": ["183", "183"]}, "964541": {"hotel_name": "\u683c\u6797\u8c6a\u6cf0(\u5357\u4eac\u9752\u76ae\u6811\u798f\u5efa\u8def\u5e97)", "order_time": ["2019-01-10 08:40:57"], "total_order": 1, "hotel_value": ["4.1"], "hotel_price": ["152"]}, "1085670": {"hotel_name": "\u5e03\u4e01\u9152\u5e97(\u5357\u4eac\u864e\u8e1e\u5317\u8def\u827a\u672f\u5b66\u9662\u5e97)", "order_time": ["2019-01-10 08:41:14"], "total_order": 1, "hotel_value": ["3.9"], "hotel_price": ["149"]}, "1004759": {"hotel_name": "\u9e97\u67ab\u9152\u5e97(\u5357\u4eac\u592b\u5b50\u5e99\u5927\u5149\u8def\u5e97)", "order_time": ["2019-01-10 08:42:43"], "total_order": 1, "hotel_value": ["4.6"], "hotel_price": ["235"]}, "4386324": {"hotel_name": "\u6d77\u53cb\u826f\u54c1\u9152\u5e97(\u5357\u4eac\u592b\u5b50\u5e99\u5e97)", "order_time": ["2019-01-10 08:42:46"], "total_order": 1, "hotel_value": ["4.5"], "hotel_price": ["141"]}, "4646635": {"hotel_name": "\u5b9c\u5fc5\u601d\u5c1a\u54c1\u5357\u4eac\u5f20\u5e9c\u56ed\u5730\u94c1\u7ad9\u9152\u5e97", "order_time": ["2019-01-10 08:42:54"], "total_order": 1, "hotel_value": ["4.4"], "hotel_price": ["264"]}, "24039158": {"hotel_name": "\u5357\u4eac\u89c5\u5bbf\u9152\u5e97", "order_time": ["2019-01-10 08:42:57"], "total_order": 1, "hotel_value": ["5.0"], "hotel_price": ["316"]}, "19869053": {"hotel_name": "\u5357\u4eac\u626c\u5b50\u9890\u5c1a\u4e2d\u533b\u6e29\u6cc9\u5eb7\u517b\u4e2d\u5fc3", "order_time": ["2019-01-10 08:43:27"], "total_order": 1, "hotel_value": ["4.5"], "hotel_price": ["342"]}, "1943868": {"hotel_name": "\u5357\u4eac\u5b9c\u4eba\u65f6\u5c1a\u5feb\u6377\u9152\u5e97", "order_time": ["2019-01-10 08:44:38"], "total_order": 1, "hotel_value": ["3.3"], "hotel_price": ["141"]}, "1803955": {"hotel_name": "\u7ef4\u4e5f\u7eb3\u9152\u5e97(\u5357\u4eac\u9f99\u6c5f\u5e97)", "order_time": ["2019-01-10 08:44:38"], "total_order": 1, "hotel_value": ["4.9"], "hotel_price": ["326"]}, "435621": {"hotel_name": "\u5357\u4eac\u4e2d\u5c71\u5927\u53a6", "order_time": ["2019-01-10 08:44:41"], "total_order": 1, "hotel_value": ["4.7"], "hotel_price": ["248"]}, "604656": {"hotel_name": "\u5357\u4eac\u91d1\u9675\u4e4b\u661f\u5927\u9152\u5e97", "order_time": ["2019-01-10 08:44:43"], "total_order": 1, "hotel_value": ["4.5"], "hotel_price": ["400"]}, "1641608": {"hotel_name": "\u5357\u4eacV\u9152\u5e97", "order_time": ["2019-01-10 08:44:43"], "total_order": 1, "hotel_value": ["4.5"], "hotel_price": ["135"]}, "1857714": {"hotel_name": "\u5357\u4eac\u4e1c\u5c71\u6e14\u6e2f\u5927\u9152\u5e97", "order_time": ["2019-01-10 08:44:49"], "total_order": 1, "hotel_value": ["4.2"], "hotel_price": ["188"]}, "1943885": {"hotel_name": "\u683c\u6797\u8c6a\u6cf0(\u5357\u4eac\u706b\u8f66\u7ad9\u6c7d\u8f66\u603b\u7ad9\u5e97)", "order_time": ["2019-01-10 08:44:51"], "total_order": 1, "hotel_value": ["3.9"], "hotel_price": ["147"]}, "4814294": {"hotel_name": "\u5982\u5bb6\u5feb\u6377\u9152\u5e97(\u5357\u4eac\u65b0\u8857\u53e3\u4e2d\u5c71\u4e1c\u8def\u897f\u5b89\u95e8\u5730\u94c1\u7ad9\u5e97)", "order_time": ["2019-01-10 08:44:52"], "total_order": 1, "hotel_value": ["4.5"], "hotel_price": ["202"]}, "6072698": {"hotel_name": "\u5357\u4eac\u7231\u4e01\u5821\u996d\u5e97", "order_time": ["2019-01-10 08:46:38"], "total_order": 1, "hotel_value": ["4.7"], "hotel_price": ["298"]}, "446012": {"hotel_name": "\u5357\u4eac\u4f70\u7fd4\u82b1\u56ed\u9152\u5e97", "order_time": ["2019-01-10 08:46:38"], "total_order": 1, "hotel_value": ["4.7"], "hotel_price": ["487"]}, "1906560": {"hotel_name": "\u5c1a\u5ba2\u4f18\u7cbe\u9009\u9152\u5e97(\u5357\u4eac\u65b0\u8857\u53e3\u592b\u5b50\u5e99\u5e97)", "order_time": ["2019-01-10 08:46:38"], "total_order": 1, "hotel_value": ["4.4"], "hotel_price": ["145"]}, "1085669": {"hotel_name": "\u5e03\u4e01\u4e25\u9009\u9152\u5e97(\u5357\u4eac\u5965\u4f53\u6653\u5e84\u5b66\u9662\u83ab\u6101\u6e56\u5730\u94c1\u7ad9\u5e97)", "order_time": ["2019-01-10 08:46:41"], "total_order": 1, "hotel_value": ["4.1"], "hotel_price": ["102"]}, "6336154": {"hotel_name": "\u5168\u5b63\u9152\u5e97(\u5357\u4eac\u9f99\u87e0\u4e2d\u8def\u5e97)", "order_time": ["2019-01-10 08:46:43"], "total_order": 1, "hotel_value": ["4.6"], "hotel_price": ["255"]}, "369710": {"hotel_name": "\u5357\u4eac\u4e16\u8302\u6ee8\u6c5f\u5e0c\u5c14\u987f\u9152\u5e97", "order_time": ["2019-01-10 08:46:43"], "total_order": 1, "hotel_value": ["4.6"], "hotel_price": ["683"]}, "987265": {"hotel_name": "\u6761\u5f62\u7801\u827a\u672f\u9152\u5e97(\u5357\u4eac\u592b\u5b50\u5e99\u6e38\u620f\u5e97)", "order_time": ["2019-01-10 08:46:45"], "total_order": 1, "hotel_value": ["3.7"], "hotel_price": ["98"]}, "19847500": {"hotel_name": "\u5b9c\u5fc5\u601d\u5c1a\u54c1\u9152\u5e97(\u5357\u4eac\u65b0\u6e2f\u5f00\u53d1\u533a\u5e97)", "order_time": ["2019-01-10 08:46:49"], "total_order": 1, "hotel_value": ["4.5"], "hotel_price": ["237"]}, "6873455": {"hotel_name": "\u5357\u4eac\u897f\u591c\u827a\u672f\u9152\u5e97", "order_time": ["2019-01-10 08:46:56"], "total_order": 1, "hotel_value": ["3.9"], "hotel_price": ["152"]}, "4728625": {"hotel_name": "\u5357\u4eac\u4e50\u9ad8\u5546\u52a1\u5bbe\u9986", "order_time": ["2019-01-10 08:47:05"], "total_order": 1, "hotel_value": ["4.1"], "hotel_price": ["110"]}, "689773": {"hotel_name": "\u5357\u4eac\u949f\u5c71\u5bbe\u9986(\u6c5f\u82cf\u7701\u4f1a\u8bae\u4e2d\u5fc3)", "order_time": ["2019-01-10 08:47:24"], "total_order": 1, "hotel_value": ["4.7"], "hotel_price": ["518"]}, "14152970": {"hotel_name": "\u6c49\u5ead\u9152\u5e97(\u5357\u4eac\u6865\u5317\u91d1\u76db\u56fd\u9645\u5bb6\u5c45\u5e97)(\u539f\u5f18\u9633\u5e7f\u573a\u5e97)", "order_time": ["2019-01-10 08:48:39"], "total_order": 1, "hotel_value": ["4.5"], "hotel_price": ["181"]}, "773154": {"hotel_name": "\u6c5f\u82cf\u51e4\u51f0\u4eac\u534e\u5927\u9152\u5e97", "order_time": ["2019-01-10 08:48:41"], "total_order": 1, "hotel_value": ["4.5"], "hotel_price": ["188"]}, "15814149": {"hotel_name": "\u5357\u4eac\u60a6\u4eab\u7cbe\u9009\u9152\u5e97", "order_time": ["2019-01-10 08:48:42"], "total_order": 1, "hotel_value": ["4.7"], "hotel_price": ["294"]}, "4733079": {"hotel_name": "\u683c\u6797\u8c6a\u6cf0(\u5357\u4eac\u7384\u6b66\u6e56\u4e2d\u5c71\u9675\u666f\u533a\u5e97)(\u539f\u6797\u4e1a\u5927\u5b66\u56fd\u5c55\u4e2d\u5fc3\u5e97)", "order_time": ["2019-01-10 08:48:42"], "total_order": 1, "hotel_value": ["4.7"], "hotel_price": ["154"]}, "6645069": {"hotel_name": "\u6613\u4f70\u826f\u54c1\u9152\u5e97(\u5357\u4eac\u5357\u7ad9\u5317\u5e7f\u573a\u5e97)", "order_time": ["2019-01-10 08:48:46"], "total_order": 1, "hotel_value": ["4.2"], "hotel_price": ["117"]}, "19110421": {"hotel_name": "\u5357\u4eac\u4e5f\u7136\u00b7\u9047\u89c1\u9152\u5e97", "order_time": ["2019-01-10 08:48:46"], "total_order": 1, "hotel_value": ["4.5"], "hotel_price": ["245"]}, "1451993": {"hotel_name": "\u5982\u5bb6\u5feb\u6377\u9152\u5e97(\u5357\u4eac\u6c49\u4e2d\u95e8\u5927\u8857\u5e97)", "order_time": ["2019-01-10 08:48:49"], "total_order": 1, "hotel_value": ["4.4"], "hotel_price": ["155"]}, "4029612": {"hotel_name": "\u5357\u4eac\u67ab\u53f6\u7cbe\u54c1\u516c\u5bd3 (\u539f\u4e1d\u74dc\u516c\u5bd3)", "order_time": ["2019-01-10 08:48:50"], "total_order": 1, "hotel_value": ["4.1"], "hotel_price": ["116"]}, "1535630": {"hotel_name": "\u6c49\u5ead\u9152\u5e97(\u5357\u4eac\u592b\u5b50\u5e99\u8001\u95e8\u4e1c\u5e97)", "order_time": ["2019-01-10 08:50:36"], "total_order": 1, "hotel_value": ["4.3"], "hotel_price": ["174"]}, "1451827": {"hotel_name": "\u5982\u5bb6\u5feb\u6377\u9152\u5e97(\u5357\u4eac\u592b\u5b50\u5e99\u5730\u94c1\u7ad9\u5e73\u6c5f\u5e9c\u8def\u5e97)", "order_time": ["2019-01-10 08:50:36"], "total_order": 1, "hotel_value": ["4.5"], "hotel_price": ["151"]}, "8627469": {"hotel_name": "\u5bb6\u7f8e\u597d\u592a\u7a7a\u65c5\u9986(\u5357\u4eac\u706b\u8f66\u7ad9\u7384\u6b66\u6e56\u5e97)(\u539f\u6e56\u5149\u5c71\u820d\u592a\u7a7a\u8231\u80f6\u56ca\u65c5\u820d)", "order_time": ["2019-01-10 08:50:37"], "total_order": 1, "hotel_value": ["4.4"], "hotel_price": ["70"]}, "4727336": {"hotel_name": "\u5357\u4eac\u4e09\u676f\u8336\u9752\u5e74\u516c\u5bd3", "order_time": ["2019-01-10 08:50:37"], "total_order": 1, "hotel_value": ["4.7"], "hotel_price": ["53"]}, "969238": {"hotel_name": "\u6c49\u5ead\u9152\u5e97(\u5357\u4eac\u4e2d\u592e\u95e8\u5e97)", "order_time": ["2019-01-10 08:50:39"], "total_order": 1, "hotel_value": ["4.6"], "hotel_price": ["169"]}, "13325407": {"hotel_name": "\u5357\u4eac\u73ba\u57ce\u00b7\u963f\u91cc\u9152\u5e97", "order_time": ["2019-01-10 09:00:40", "2019-01-10 08:50:45"], "total_order": 2, "hotel_value": ["4.6", "4.6"], "hotel_price": ["273", "273"]}, "437042": {"hotel_name": "\u5357\u4eac\u6c64\u5c71\u9890\u5c1a\u6e29\u6cc9\u5ea6\u5047\u6751", "order_time": ["2019-01-10 08:50:45"], "total_order": 1, "hotel_value": ["4.5"], "hotel_price": ["599"]}, "23801898": {"hotel_name": "\u5357\u4eac\u559c\u739b\u62c9\u96c5\u5047\u65e5\u9152\u5e97", "order_time": ["2019-01-10 08:50:45"], "total_order": 1, "hotel_value": ["4.5"], "hotel_price": ["598"]}, "482199": {"hotel_name": "\u5357\u4eac\u94f6\u57ce\u7687\u51a0\u5047\u65e5\u9152\u5e97", "order_time": ["2019-01-10 08:50:45"], "total_order": 1, "hotel_value": ["4.7"], "hotel_price": ["700"]}, "6829860": {"hotel_name": "\u5357\u4eac\u835f\u67ab\u9152\u5e97", "order_time": ["2019-01-10 08:50:45"], "total_order": 1, "hotel_value": ["4.8"], "hotel_price": ["418"]}, "433538": {"hotel_name": "\u5357\u4eac\u5c71\u6c34\u5927\u9152\u5e97", "order_time": ["2019-01-10 08:50:45"], "total_order": 1, "hotel_value": ["4.8"], "hotel_price": ["437"]}, "1946014": {"hotel_name": "\u91d1\u5143\u5b9d\u5927\u9152\u5e97(\u5357\u4eac\u4f17\u5f69\u5e97)", "order_time": ["2019-01-10 08:50:45"], "total_order": 1, "hotel_value": ["3.9"], "hotel_price": ["185"]}, "25289828": {"hotel_name": "\u5357\u4eac\u5f92\u884c\u964c\u5ba2\u9752\u5e74\u65c5\u820d", "order_time": ["2019-01-10 08:50:46"], "total_order": 1, "hotel_value": ["4.9"], "hotel_price": ["43"]}, "1771888": {"hotel_name": "\u8fbe\u7f8e\u56db\u5b63\u9152\u5e97(\u5357\u4eac\u6e56\u5357\u8def\u7384\u6b66\u6e56\u5e97)", "order_time": ["2019-01-10 08:50:47"], "total_order": 1, "hotel_value": ["4.4"], "hotel_price": ["258"]}, "1441836": {"hotel_name": "\u83ab\u6cf0168(\u5357\u4eac\u5e7f\u5dde\u8def\u968f\u56ed\u5927\u53a6\u5e97)(\u539f\u5357\u4eac\u5927\u5b66\u5e7f\u5dde\u8def\u5e97)", "order_time": ["2019-01-10 08:50:47"], "total_order": 1, "hotel_value": ["4.6"], "hotel_price": ["162"]}, "6652902": {"hotel_name": "\u83ab\u6cf0168(\u5357\u4eac\u9f13\u697c\u5e7f\u573a\u7d2b\u5cf0\u5e97)(\u539f\u9f13\u697c\u5e97)", "order_time": ["2019-01-10 08:50:47"], "total_order": 1, "hotel_value": ["4.6"], "hotel_price": ["147"]}, "15899490": {"hotel_name": "\u5168\u5b63\u9152\u5e97(\u5357\u4eac\u603b\u7edf\u5e9c\u5e97)", "order_time": ["2019-01-10 08:50:48"], "total_order": 1, "hotel_value": ["4.7"], "hotel_price": ["362"]}, "1697711": {"hotel_name": "\u5e03\u4e01\u9152\u5e97(\u5357\u4eac\u5357\u822a\u7fe0\u5c4f\u5c71\u5730\u94c1\u7ad9\u5e97)", "order_time": ["2019-01-10 08:50:48"], "total_order": 1, "hotel_value": ["3.7"], "hotel_price": ["122"]}, "1626228": {"hotel_name": "\u57ce\u5e02\u4fbf\u6377\u9152\u5e97(\u5357\u4eac\u65b0\u6a21\u8303\u9a6c\u8def\u5e97)", "order_time": ["2019-01-10 08:50:48"], "total_order": 1, "hotel_value": ["3.2"], "hotel_price": ["193"]}, "1861566": {"hotel_name": "\u5357\u4eac\u827e\u68ee\u65f6\u5c1a\u5546\u52a1\u65c5\u5e97", "order_time": ["2019-01-10 08:50:52"], "total_order": 1, "hotel_value": ["3.8"], "hotel_price": ["106"]}, "2883253": {"hotel_name": "\u5357\u4eac\u6587\u6b66\u516c\u5bd3", "order_time": ["2019-01-10 08:51:15"], "total_order": 1, "hotel_value": ["3.1"], "hotel_price": ["49"]}, "1449055": {"hotel_name": "\u5982\u5bb6\u5feb\u6377\u9152\u5e97(\u5357\u4eac\u5b89\u5fb7\u95e8\u5730\u94c1\u7ad9\u5e97)", "order_time": ["2019-01-10 08:52:41"], "total_order": 1, "hotel_value": ["4.6"], "hotel_price": ["165"]}, "4436718": {"hotel_name": "\u5357\u4eac\u91d1\u9e70\u7687\u51a0\u884c\u653f\u516c\u5bd3", "order_time": ["2019-01-10 08:52:41"], "total_order": 1, "hotel_value": ["4.7"], "hotel_price": ["798"]}, "8651067": {"hotel_name": "\u5357\u4eacTT TOUCH\u9152\u5e97", "order_time": ["2019-01-10 08:52:42"], "total_order": 1, "hotel_value": ["4.6"], "hotel_price": ["255"]}, "17276617": {"hotel_name": "\u5357\u4eac\u8c6a\u83b1\u5c45\u9152\u5e97\u516c\u5bd3", "order_time": ["2019-01-10 08:52:43"], "total_order": 1, "hotel_value": ["4.9"], "hotel_price": ["182"]}, "5781676": {"hotel_name": "\u9e97\u67ab\u9152\u5e97(\u5357\u4eac\u4e07\u8fbe\u5e7f\u573a\u5929\u5370\u5927\u9053\u5e97)", "order_time": ["2019-01-10 08:52:43"], "total_order": 1, "hotel_value": ["4.6"], "hotel_price": ["234"]}, "3003561": {"hotel_name": "\u7ef4\u4e5f\u7eb3\u56fd\u9645\u9152\u5e97(\u5357\u4eac\u5357\u7ad9\u4e1c\u9e92\u8def\u5e97)", "order_time": ["2019-01-10 08:52:44"], "total_order": 1, "hotel_value": ["4.8"], "hotel_price": ["266"]}, "28487321": {"hotel_name": "\u5c1a\u5ba2\u4f18\u7cbe\u9009\u9152\u5e97(\u5357\u4eac\u6587\u5fb7\u8def\u5730\u94c1\u7ad9\u5e97)", "order_time": ["2019-01-10 08:52:54"], "total_order": 1, "hotel_value": [0], "hotel_price": ["156"]}, "2254992": {"hotel_name": "907\u96c5\u81f4\u516c\u5bd3(\u5357\u4eac\u6c5f\u5b81\u4e07\u8fbe\u5e7f\u573a\u5e97)", "order_time": ["2019-01-10 08:52:54"], "total_order": 1, "hotel_value": ["4.5"], "hotel_price": ["144"]}, "2646998": {"hotel_name": "\u5982\u5bb6\u5feb\u6377\u9152\u5e97(\u5357\u4eac\u592b\u5b50\u5e99\u8001\u95e8\u4e1c\u6b66\u5b9a\u95e8\u5730\u94c1\u7ad9\u5e97)", "order_time": ["2019-01-10 08:53:00"], "total_order": 1, "hotel_value": ["4.5"], "hotel_price": ["154"]}, "9730460": {"hotel_name": "\u9526\u6c5f\u4e4b\u661f\u98ce\u5c1a(\u5357\u4eac\u4e5d\u9f99\u6e56\u8bda\u4fe1\u5927\u9053\u5e97)", "order_time": ["2019-01-10 08:53:00"], "total_order": 1, "hotel_value": ["4.5"], "hotel_price": ["190"]}, "1339902": {"hotel_name": "\u5982\u5bb6\u5feb\u6377\u9152\u5e97(\u5357\u4eac\u76d0\u4ed3\u6865\u5e7f\u573a\u53cc\u95e8\u697c\u864e\u8e1e\u5317\u8def\u5e97)", "order_time": ["2019-01-10 08:54:39"], "total_order": 1, "hotel_value": ["4.6"], "hotel_price": ["209"]}, "4683063": {"hotel_name": "\u6c49\u5ead\u9152\u5e97(\u5357\u4eac\u65b0\u8857\u53e3\u7ba1\u5bb6\u6865\u5e97)", "order_time": ["2019-01-10 08:54:39"], "total_order": 1, "hotel_value": ["4.4"], "hotel_price": ["209"]}, "1359801": {"hotel_name": "\u6d77\u53cb\u9152\u5e97(\u5357\u4eac\u6c5f\u5b81\u5927\u5b66\u57ce\u5e97)", "order_time": ["2019-01-10 08:54:45"], "total_order": 1, "hotel_value": ["3.7"], "hotel_price": ["87"]}, "17889795": {"hotel_name": "\u5168\u5b63\u9152\u5e97(\u5357\u4eac\u660e\u6545\u5bab\u5e97)", "order_time": ["2019-01-10 08:54:45"], "total_order": 1, "hotel_value": ["4.7"], "hotel_price": ["257"]}, "19867337": {"hotel_name": "\u5357\u4eac\u6c47\u57ce\u5bbe\u9986", "order_time": ["2019-01-10 08:54:47"], "total_order": 1, "hotel_value": ["4.0"], "hotel_price": ["133"]}, "473477": {"hotel_name": "\u5e03\u4e01\u9152\u5e97(\u5357\u4eac\u706b\u8f66\u7ad9\u5317\u5e7f\u573a\u5e97)", "order_time": ["2019-01-10 08:54:55"], "total_order": 1, "hotel_value": ["3.8"], "hotel_price": ["88"]}, "2266123": {"hotel_name": "\u7ea2\u661f\u9752\u5e74\u516c\u5bd3(\u5357\u4eac\u4e07\u8fbe\u897f\u5730\u897f\u533a\u5e97)", "order_time": ["2019-01-10 08:55:13"], "total_order": 1, "hotel_value": ["3.3"], "hotel_price": ["34"]}, "1455101": {"hotel_name": "\u5357\u4eac\u9601\u745e\u5bbe\u9986", "order_time": ["2019-01-10 08:55:13"], "total_order": 1, "hotel_value": ["3.1"], "hotel_price": ["79"]}, "10475121": {"hotel_name": "\u5357\u4eac\u90fd\u5e02\u9a7f\u5bb6\u9752\u5e74\u516c\u5bd3(\u539f\u661f\u9645\u592a\u7a7a\u8231\u516c\u5bd3)", "order_time": ["2019-01-10 08:55:13"], "total_order": 1, "hotel_value": ["4.8"], "hotel_price": ["45"]}, "2069720": {"hotel_name": "\u5357\u4eac\u5409\u6728\u987a\u5bbe\u9986", "order_time": ["2019-01-10 08:55:13"], "total_order": 1, "hotel_value": ["3.5"], "hotel_price": ["128"]}, "8719615": {"hotel_name": "\u91d1\u9675\u9752\u5e74\u65c5\u793e(\u5357\u4eac\u65b0\u8857\u53e3\u5e97)", "order_time": ["2019-01-10 08:55:13"], "total_order": 1, "hotel_value": ["3.3"], "hotel_price": ["31"]}, "1004194": {"hotel_name": "\u5357\u4eac\u91d1\u7ea2\u65c5\u793e", "order_time": ["2019-01-10 08:55:14"], "total_order": 1, "hotel_value": [0], "hotel_price": ["27"]}, "1970913": {"hotel_name": "\u5357\u4eac\u5e78\u798f\u697c\u9152\u5e97", "order_time": ["2019-01-10 08:55:14"], "total_order": 1, "hotel_value": ["5.0"], "hotel_price": ["116"]}, "798936": {"hotel_name": "\u5982\u5bb6\u9152\u5e97(\u5357\u4eac\u4e5d\u9f99\u6e56\u5730\u94c1\u7ad9\u53cc\u9f99\u5927\u9053\u5e97)", "order_time": ["2019-01-10 08:56:38"], "total_order": 1, "hotel_value": ["4.7"], "hotel_price": ["166"]}, "1334463": {"hotel_name": "\u5357\u4eac\u6c6a\u6d77\u56fd\u9645\u5927\u9152\u5e97", "order_time": ["2019-01-10 08:56:41"], "total_order": 1, "hotel_value": ["4.5"], "hotel_price": ["330"]}, "1359818": {"hotel_name": "\u5e03\u4e01\u9152\u5e97(\u5357\u4eac\u4ed9\u6797\u5927\u5b66\u57ce\u5e97)", "order_time": ["2019-01-10 08:56:43"], "total_order": 1, "hotel_value": ["3.6"], "hotel_price": ["90"]}, "3643845": {"hotel_name": "\u5357\u4eac\u4e0a\u79e6\u6dee\u5957\u623f\u5047\u65e5\u9152\u5e97", "order_time": ["2019-01-10 08:56:44"], "total_order": 1, "hotel_value": ["4.8"], "hotel_price": ["722"]}, "5247940": {"hotel_name": "\u5357\u4eac\u5730\u548c\u82d1\u5bbe\u9986", "order_time": ["2019-01-10 08:56:57"], "total_order": 1, "hotel_value": [0], "hotel_price": ["115"]}, "1247304": {"hotel_name": "\u5357\u4eac\u4e5d\u4e00\u4e4b\u5bb6\u5bbe\u9986", "order_time": ["2019-01-10 08:56:58"], "total_order": 1, "hotel_value": [0], "hotel_price": ["115"]}, "2300953": {"hotel_name": "\u91d1\u6854\u8fde\u9501\u9152\u5e97(\u5357\u4eac\u519b\u533a\u603b\u9662\u89e3\u653e\u8def\u5e97)", "order_time": ["2019-01-10 08:58:37"], "total_order": 1, "hotel_value": ["4.4"], "hotel_price": ["144"]}, "1487288": {"hotel_name": "\u6c49\u5ead\u9152\u5e97(\u5357\u4eac\u4e91\u5357\u8def\u5730\u94c1\u7ad9\u5e97)(\u539f\u4e91\u5357\u8def\u5e97)", "order_time": ["2019-01-10 08:58:38"], "total_order": 1, "hotel_value": ["4.3"], "hotel_price": ["247"]}, "1686756": {"hotel_name": "\u5357\u4eac\u7279\u8ff7\u98ce\u60c5\u5047\u65e5\u9152\u5e97", "order_time": ["2019-01-10 08:58:38"], "total_order": 1, "hotel_value": ["4.3"], "hotel_price": ["189"]}, "8574598": {"hotel_name": "\u6e05\u6c90\u7cbe\u9009\u9152\u5e97(\u5357\u4eac\u6587\u5fb7\u8def\u5730\u94c1\u7ad9\u5e97)", "order_time": ["2019-01-10 09:04:48", "2019-01-10 08:58:39"], "total_order": 2, "hotel_value": ["4.5", "4.5"], "hotel_price": ["179", "179"]}, "2155694": {"hotel_name": "\u6c49\u5ead\u9152\u5e97(\u5357\u4eac\u6c5f\u5b81\u4ea4\u9662\u5730\u94c1\u7ad9\u5e97)(\u539f\u6c5f\u5b81\u4ea4\u9662\u5e97)", "order_time": ["2019-01-10 08:58:41"], "total_order": 1, "hotel_value": ["4.3"], "hotel_price": ["265"]}, "5904203": {"hotel_name": "\u5357\u4eac\u65b0\u9038\u5929\u91d1\u4e1d\u5229\u9152\u5e97", "order_time": ["2019-01-10 08:58:42"], "total_order": 1, "hotel_value": ["4.6"], "hotel_price": ["368"]}, "2300356": {"hotel_name": "7\u5929\u8fde\u9501\u9152\u5e97(\u5357\u4eac1912\u9152\u5427\u533a\u6d6e\u6865\u5730\u94c1\u7ad9\u5e97)", "order_time": ["2019-01-10 08:58:42"], "total_order": 1, "hotel_value": ["4.3"], "hotel_price": ["119"]}, "1452010": {"hotel_name": "\u5982\u5bb6\u5feb\u6377\u9152\u5e97(\u5357\u4eac\u6e56\u5357\u8def\u72ee\u5b50\u6865\u7f8e\u98df\u8857\u5e97)", "order_time": ["2019-01-10 08:58:43"], "total_order": 1, "hotel_value": ["4.3"], "hotel_price": ["171"]}, "22268232": {"hotel_name": "\u68a7\u6850\u5bd3\u00b7\u5f71\u9662\u9152\u5e97(\u5357\u4eac\u5357\u7ad9\u5357\u5e7f\u573a\u5e97)", "order_time": ["2019-01-10 08:58:44"], "total_order": 1, "hotel_value": ["4.7"], "hotel_price": ["235"]}, "2596930": {"hotel_name": "\u6c5f\u5357\u884c\u7cbe\u54c1\u9152\u5e97(\u5357\u4eac\u4e5d\u534e\u5c71\u5730\u94c1\u7ad9\u5e97)", "order_time": ["2019-01-10 08:58:45"], "total_order": 1, "hotel_value": ["4.6"], "hotel_price": ["277"]}, "1773750": {"hotel_name": "\u5357\u4eac\u94c2\u7eb3\u5c4b\u56fd\u9645\u516c\u5bd3(\u539f\u535a\u7eb3\u5c4b\u56fd\u9645\u516c\u5bd3)", "order_time": ["2019-01-10 08:58:45"], "total_order": 1, "hotel_value": ["4.5"], "hotel_price": ["277"]}, "1636454": {"hotel_name": "\u5357\u4eac\u4e50\u7ef4\u7279\u5546\u52a1\u9152\u5e97", "order_time": ["2019-01-10 08:58:47"], "total_order": 1, "hotel_value": ["3.9"], "hotel_price": ["255"]}, "6872711": {"hotel_name": "\u5357\u4eac\u7eff\u6768\u6625\u751f\u6001\u9152\u5e97", "order_time": ["2019-01-10 08:58:51"], "total_order": 1, "hotel_value": [0], "hotel_price": ["217"]}, "6179827": {"hotel_name": "\u5357\u4eac\u5c0f\u718a\u516c\u9986\u5bb6\u5ead\u516c\u5bd3", "order_time": ["2019-01-10 08:58:55"], "total_order": 1, "hotel_value": ["4.3"], "hotel_price": ["30"]}, "1340055": {"hotel_name": "\u5357\u4eac\u5408\u4e30\u62db\u5f85\u6240", "order_time": ["2019-01-10 08:59:01"], "total_order": 1, "hotel_value": ["3.2"], "hotel_price": ["62"]}, "2881669": {"hotel_name": "\u80af\u5b9a\u8fde\u9501\u5bbe\u9986(\u5357\u4eac\u8bda\u4fe1\u5927\u9053\u5e97)", "order_time": ["2019-01-10 09:00:37"], "total_order": 1, "hotel_value": ["4.3"], "hotel_price": ["98"]}, "17195370": {"hotel_name": "\u5357\u4eac\u9890\u548c\u82a5\u5b50\u56ed\u9152\u5e97", "order_time": ["2019-01-10 09:00:40"], "total_order": 1, "hotel_value": ["4.8"], "hotel_price": ["731"]}, "444648": {"hotel_name": "\u5357\u4eac\u5929\u4e30\u5927\u9152\u5e97", "order_time": ["2019-01-10 09:00:40"], "total_order": 1, "hotel_value": ["4.6"], "hotel_price": ["268"]}, "2600403": {"hotel_name": "\u5357\u4eac\u6c64\u5609\u5fa1\u54c1\u6e29\u6cc9\u9152\u5e97(\u539f\u6d66\u6cc9\u7389\u6210\u5fa1\u54c1\u6e29\u6cc9\u9152\u5e97)", "order_time": ["2019-01-10 09:00:41"], "total_order": 1, "hotel_value": ["4.3"], "hotel_price": ["133"]}, "2307775": {"hotel_name": "\u5357\u4eac\u65af\u7ef4\u767b\u5ea6\u5047\u516c\u5bd3(\u6cb3\u897f\u4e07\u8fbe\u5e7f\u573a)", "order_time": ["2019-01-10 09:00:41"], "total_order": 1, "hotel_value": ["4.2"], "hotel_price": ["201"]}, "946968": {"hotel_name": "\u53e4\u90fd\u6587\u5316\u9152\u5e97(\u5357\u4eac\u7384\u6b66\u6e56\u9f13\u697c\u5730\u94c1\u7ad9\u5e97)", "order_time": ["2019-01-10 09:00:41"], "total_order": 1, "hotel_value": ["4.3"], "hotel_price": ["265"]}, "1944219": {"hotel_name": "\u683c\u6797\u8c6a\u6cf0(\u5357\u4eac\u706b\u8f66\u7ad9\u5e97)", "order_time": ["2019-01-10 09:00:42"], "total_order": 1, "hotel_value": ["4.1"], "hotel_price": ["109"]}, "3627292": {"hotel_name": "\u6c49\u5ead\u9152\u5e97(\u5357\u4eac\u4e94\u5858\u5e7f\u573a\u5e97)", "order_time": ["2019-01-10 09:00:43"], "total_order": 1, "hotel_value": ["4.7"], "hotel_price": ["207"]}, "811658": {"hotel_name": "\u6e05\u6c90\u8fde\u9501\u9152\u5e97(\u5357\u4eac\u5357\u7ad9\u5927\u660e\u8def\u5e97)", "order_time": ["2019-01-10 09:00:46"], "total_order": 1, "hotel_value": ["4.5"], "hotel_price": ["101"]}, "2300473": {"hotel_name": "7\u5929\u8fde\u9501\u9152\u5e97(\u5357\u4eac\u4e2d\u5c71\u9675\u5149\u534e\u8def\u5e97)", "order_time": ["2019-01-10 09:00:47"], "total_order": 1, "hotel_value": ["4.5"], "hotel_price": ["109"]}, "21826827": {"hotel_name": "\u5b9c\u5fc5\u601d\u5c1a\u54c1\u9152\u5e97(\u5357\u4eac\u5357\u7ad9\u5317\u5e7f\u573a\u5e97)", "order_time": ["2019-01-10 09:02:36"], "total_order": 1, "hotel_value": ["4.6"], "hotel_price": ["416"]}, "5323635": {"hotel_name": "\u9526\u6c5f\u4e4b\u661f(\u5357\u4eac\u6797\u4e1a\u5927\u5b66\u82b1\u56ed\u8def\u5e97)", "order_time": ["2019-01-10 09:02:37"], "total_order": 1, "hotel_value": ["4.5"], "hotel_price": ["189"]}, "1926738": {"hotel_name": "\u5982\u5bb6\u5feb\u6377\u9152\u5e97(\u5357\u4eac\u5357\u7ad9\u80dc\u592a\u897f\u8def\u7fe0\u5c4f\u5c71\u5730\u94c1\u7ad9\u5e97)", "order_time": ["2019-01-10 09:02:37"], "total_order": 1, "hotel_value": ["4.6"], "hotel_price": ["193"]}, "3118767": {"hotel_name": "\u5357\u4eac\u4e2d\u5c71\u9675\u56fd\u9645\u9752\u5e74\u65c5\u9986", "order_time": ["2019-01-10 09:02:40"], "total_order": 1, "hotel_value": ["4.6"], "hotel_price": ["285"]}, "28676719": {"hotel_name": "\u901f8\u9152\u5e97(\u5357\u4eac\u4e2d\u5c71\u79d1\u6280\u56ed\u5e97)", "order_time": ["2019-01-10 09:02:41"], "total_order": 1, "hotel_value": [0], "hotel_price": ["133"]}, "5767032": {"hotel_name": "\u5357\u4eac\u4e09\u4e2a\u706b\u67f4\u9752\u5e74\u65c5\u793e", "order_time": ["2019-01-10 09:02:45"], "total_order": 1, "hotel_value": ["4.8"], "hotel_price": ["51"]}, "2303489": {"hotel_name": "\u5357\u4eac\u5ba1\u8ba1\u5e72\u90e8\u57f9\u8bad\u4e2d\u5fc3(\u9999\u6cb3\u6c47\u9152\u5e97)", "order_time": ["2019-01-10 09:02:46"], "total_order": 1, "hotel_value": ["4.4"], "hotel_price": ["312"]}, "346276": {"hotel_name": "\u5357\u4eac\u91d1\u4e1d\u5229\u559c\u6765\u767b\u9152\u5e97", "order_time": ["2019-01-10 09:02:53"], "total_order": 1, "hotel_value": ["4.4"], "hotel_price": ["698"]}, "28127506": {"hotel_name": "\u5357\u4eac\u9a6c\u7fa4\u4e9a\u6735\u9152\u5e97", "order_time": ["2019-01-10 09:04:38"], "total_order": 1, "hotel_value": ["4.9"], "hotel_price": ["309"]}, "2067262": {"hotel_name": "\u5357\u4eac\u96c5\u5e06\u5bbe\u9986", "order_time": ["2019-01-10 09:04:40"], "total_order": 1, "hotel_value": ["4.2"], "hotel_price": ["115"]}, "914386": {"hotel_name": "\u9526\u6c5f\u4e4b\u661f(\u5357\u4eac\u706b\u8f66\u5357\u7ad9\u5e97)", "order_time": ["2019-01-10 09:04:43"], "total_order": 1, "hotel_value": ["4.4"], "hotel_price": ["158"]}, "11022711": {"hotel_name": "\u9526\u6c5f\u4e4b\u661f\u54c1\u5c1a(\u5357\u4eac\u845b\u5858\u5730\u94c1\u7ad9\u7f8e\u5229\u5e7f\u573a\u5e97)", "order_time": ["2019-01-10 09:04:48"], "total_order": 1, "hotel_value": ["4.7"], "hotel_price": ["231"]}, "2043640": {"hotel_name": "7\u5929\u4f18\u54c1\u9152\u5e97(\u5357\u4eac\u6c49\u4e2d\u95e8\u5730\u94c1\u7ad9\u5e97)", "order_time": ["2019-01-10 09:06:36"], "total_order": 1, "hotel_value": ["4.3"], "hotel_price": ["205"]}, "470412": {"hotel_name": "\u6c5f\u82cf\u8bae\u4e8b\u56ed\u9152\u5e97", "order_time": ["2019-01-10 09:06:40"], "total_order": 1, "hotel_value": ["4.6"], "hotel_price": ["550"]}, "5158996": {"hotel_name": "\u5982\u5bb6\u7cbe\u9009\u9152\u5e97(\u5357\u4eac\u5b9a\u6dee\u95e8\u9f99\u6c5f\u5730\u94c1\u7ad9\u5e97)(\u539f\u9f99\u6c5f\u5b9a\u6dee\u95e8\u5927\u8857\u5e97)", "order_time": ["2019-01-10 09:06:41"], "total_order": 1, "hotel_value": ["4.8"], "hotel_price": ["254"]}, "4981770": {"hotel_name": "\u6c49\u5ead\u9152\u5e97(\u5357\u4eac\u96e8\u82b1\u53f0\u666f\u533a\u5e97)", "order_time": ["2019-01-10 09:06:41"], "total_order": 1, "hotel_value": ["4.4"], "hotel_price": ["177"]}, "1961707": {"hotel_name": "\u5357\u4eac\u9526\u6052\u5047\u65e5\u5bbe\u9986", "order_time": ["2019-01-10 09:06:43"], "total_order": 1, "hotel_value": ["2.8"], "hotel_price": ["98"]}, "859236": {"hotel_name": "\u6c49\u5ead\u9152\u5e97(\u5357\u4eac\u65b0\u8857\u53e3\u534e\u4fa8\u8def\u5e97)", "order_time": ["2019-01-10 09:06:45"], "total_order": 1, "hotel_value": ["4.3"], "hotel_price": ["181"]}}}