{"\u5f00\u59cb\u8bb0\u5f55\u65f6\u95f4": "2019-01-20 03:52:33", "\u7ed3\u675f\u8bb0\u5f55\u65f6\u95f4": "2019-01-20 04:52:33", "\u8ba2\u5355\u603b\u589e\u91cf": 74, "item": {"5451854": {"hotel_name": "\u5357\u4eac\u91d1\u9e70\u56fd\u9645\u9152\u5e97", "order_time": ["2019-01-20 03:55:06"], "total_order": 1, "hotel_value": ["4.9"], "hotel_price": ["828"]}, "6829860": {"hotel_name": "\u5357\u4eac\u835f\u67ab\u9152\u5e97", "order_time": ["2019-01-20 04:00:58"], "total_order": 1, "hotel_value": ["4.8"], "hotel_price": ["358"]}, "1943798": {"hotel_name": "\u6c5f\u82cf\u56fd\u745e\u5927\u9152\u5e97", "order_time": ["2019-01-20 04:01:00"], "total_order": 1, "hotel_value": ["4.2"], "hotel_price": ["285"]}, "2301748": {"hotel_name": "\u5982\u5bb6\u5feb\u6377\u9152\u5e97(\u5357\u4eac\u5965\u4f53\u4e2d\u5fc3\u5357\u6e56\u8def\u5e97)(\u539f\u8c6a\u5b81\u5546\u52a1\u5bbe\u9986)", "order_time": ["2019-01-20 04:01:02"], "total_order": 1, "hotel_value": ["4.2"], "hotel_price": ["152"]}, "1433140": {"hotel_name": "\u5357\u4eac\u82f9\u679c\u9152\u5e97(\u539f\u9752\u82f9\u679c\u9152\u5e97)", "order_time": ["2019-01-20 04:04:57"], "total_order": 1, "hotel_value": ["3.8"], "hotel_price": ["116"]}, "2300911": {"hotel_name": "7\u5929\u8fde\u9501\u9152\u5e97(\u5357\u4eac\u6e56\u5357\u8def\u5e97)", "order_time": ["2019-01-20 04:04:57"], "total_order": 1, "hotel_value": ["4.2"], "hotel_price": ["262"]}, "1102121": {"hotel_name": "\u6c49\u5ead\u9152\u5e97(\u5357\u4eac\u6e56\u5357\u8def\u5e97)", "order_time": ["2019-01-20 04:04:57"], "total_order": 1, "hotel_value": ["4.2"], "hotel_price": ["218"]}, "8599331": {"hotel_name": "\u683c\u6797\u8c6a\u6cf0\u5357\u4eac\u6c5f\u5b81\u5927\u5b66\u57ce\u4ea4\u9662\u5730\u94c1\u7ad9\u5e97", "order_time": ["2019-01-20 04:04:57"], "total_order": 1, "hotel_value": ["4.4"], "hotel_price": ["304"]}, "1645867": {"hotel_name": "\u6e05\u6c90\u8fde\u9501\u9152\u5e97(\u5357\u4eac\u6339\u6c5f\u95e8\u5e97)", "order_time": ["2019-01-20 04:04:57"], "total_order": 1, "hotel_value": ["4.3"], "hotel_price": ["219"]}, "23877276": {"hotel_name": "\u6e05\u6c90\u7cbe\u9009\u9152\u5e97(\u5357\u4eac\u9f99\u534e\u8def\u9633\u5149\u9752\u57ce\u5e97)", "order_time": ["2019-01-20 04:04:57"], "total_order": 1, "hotel_value": ["4.6"], "hotel_price": ["199"]}, "14616287": {"hotel_name": "\u7ef4\u4e5f\u7eb3\u56fd\u9645\u9152\u5e97(\u5357\u4eac\u6cb3\u6d77\u5927\u5b66\u5730\u94c1\u7ad9\u5e97)", "order_time": ["2019-01-20 04:04:57"], "total_order": 1, "hotel_value": ["4.7"], "hotel_price": ["316"]}, "1487322": {"hotel_name": "\u6c49\u5ead\u9152\u5e97(\u5357\u4eac\u4ed9\u9e64\u95e8\u7d2b\u4e1c\u5546\u4e1a\u8857\u5e97)(\u539f\u4ed9\u9e64\u95e8\u5e97)", "order_time": ["2019-01-20 04:14:57", "2019-01-20 04:04:57"], "total_order": 2, "hotel_value": ["4.4", "4.4"], "hotel_price": ["199", "199"]}, "1359818": {"hotel_name": "\u5e03\u4e01\u9152\u5e97(\u5357\u4eac\u4ed9\u6797\u5927\u5b66\u57ce\u5e97)", "order_time": ["2019-01-20 04:04:57"], "total_order": 1, "hotel_value": ["3.6"], "hotel_price": ["99"]}, "4374431": {"hotel_name": "\u5357\u4eac\u6ea7\u6c34\u5bbe\u9986", "order_time": ["2019-01-20 04:04:57"], "total_order": 1, "hotel_value": ["4.6"], "hotel_price": ["281"]}, "2307775": {"hotel_name": "\u5357\u4eac\u65af\u7ef4\u767b\u5ea6\u5047\u516c\u5bd3(\u6cb3\u897f\u4e07\u8fbe\u5e7f\u573a)", "order_time": ["2019-01-20 04:04:57"], "total_order": 1, "hotel_value": ["4.2"], "hotel_price": ["250"]}, "14255250": {"hotel_name": "\u5c1a\u5ba2\u4f18\u9a8f\u6021\u8fde\u9501\u9152\u5e97\u7fd4\u5b87\u8def\u5357\u5730\u94c1\u7ad9\u5e97", "order_time": ["2019-01-20 04:04:57"], "total_order": 1, "hotel_value": ["4.3"], "hotel_price": ["104"]}, "1926757": {"hotel_name": "\u6c49\u5ead\u9152\u5e97(\u5357\u4eac\u6c5f\u5b81\u8bda\u4fe1\u5927\u9053\u5e97)", "order_time": ["2019-01-20 04:04:57"], "total_order": 1, "hotel_value": ["4.2"], "hotel_price": ["199"]}, "1535643": {"hotel_name": "\u6c49\u5ead\u9152\u5e97(\u5357\u4eac\u65b0\u8857\u53e3\u738b\u5e9c\u5927\u8857\u5e97)", "order_time": ["2019-01-20 04:04:57"], "total_order": 1, "hotel_value": ["4.4"], "hotel_price": ["198"]}, "24544949": {"hotel_name": "\u5357\u4eac\u7121\u6850\u91cc\u7cbe\u54c1\u9152\u5e97", "order_time": ["2019-01-20 04:04:57"], "total_order": 1, "hotel_value": ["4.9"], "hotel_price": ["452"]}, "25289828": {"hotel_name": "\u5357\u4eac\u5f92\u884c\u964c\u5ba2\u9752\u5e74\u65c5\u820d", "order_time": ["2019-01-20 04:04:57"], "total_order": 1, "hotel_value": ["4.9"], "hotel_price": ["108"]}, "798937": {"hotel_name": "\u5357\u4eac\u592b\u5b50\u5e99\u56fd\u9645\u9752\u5e74\u65c5\u820d", "order_time": ["2019-01-20 04:04:57"], "total_order": 1, "hotel_value": ["4.1"], "hotel_price": ["45"]}, "2301847": {"hotel_name": "7\u5929\u8fde\u9501\u9152\u5e97(\u5357\u4eac\u706b\u8f66\u7ad9\u65b0\u6a21\u8303\u9a6c\u8def\u5730\u94c1\u7ad9\u5e97)", "order_time": ["2019-01-20 04:04:57"], "total_order": 1, "hotel_value": ["4.1"], "hotel_price": ["167"]}, "21794209": {"hotel_name": "\u5357\u4eac\u7f8e\u5bbf\u7cbe\u9009\u9152\u5e97", "order_time": ["2019-01-20 04:04:57"], "total_order": 1, "hotel_value": ["4.7"], "hotel_price": ["251"]}, "1426613": {"hotel_name": "\u5357\u4eac\u571f\u4e01\u4e07\u91cc\u8def\u56fd\u9645\u9752\u5e74\u9152\u5e97", "order_time": ["2019-01-20 04:04:57"], "total_order": 1, "hotel_value": ["4.5"], "hotel_price": ["193"]}, "1585888": {"hotel_name": "\u9526\u6c5f\u4e4b\u661f(\u5357\u4eac\u5965\u4f53\u9ec4\u5c71\u8def\u5e97)", "order_time": ["2019-01-20 04:04:57"], "total_order": 1, "hotel_value": ["4.3"], "hotel_price": ["229"]}, "5667362": {"hotel_name": "\u5357\u4eac\u7a7a\u90fd\u9152\u5e97", "order_time": ["2019-01-20 04:04:57"], "total_order": 1, "hotel_value": ["4.5"], "hotel_price": ["282"]}, "2069884": {"hotel_name": "\u5357\u4eac\u7231\u5c1a\u82b1\u56ed\u9152\u5e97\u516c\u5bd3", "order_time": ["2019-01-20 04:04:57"], "total_order": 1, "hotel_value": ["4.6"], "hotel_price": ["248"]}, "1686822": {"hotel_name": "\u5bcc\u9a7f\u65f6\u5c1a\u9152\u5e97(\u5357\u4eac\u6c5f\u5b81\u5e97)", "order_time": ["2019-01-20 04:04:57"], "total_order": 1, "hotel_value": ["4.3"], "hotel_price": ["173"]}, "2301890": {"hotel_name": "7\u5929\u8fde\u9501\u9152\u5e97(\u5357\u4eac\u4e09\u724c\u697c\u8679\u6865\u4e2d\u5fc3\u5e97)", "order_time": ["2019-01-20 04:04:57"], "total_order": 1, "hotel_value": ["4.3"], "hotel_price": ["210"]}, "369717": {"hotel_name": "\u5357\u4eac\u91d1\u9e70\u73e0\u6c5f\u58f9\u53f7\u56fd\u9645\u9152\u5e97", "order_time": ["2019-01-20 04:07:00"], "total_order": 1, "hotel_value": ["4.7"], "hotel_price": ["579"]}, "1698251": {"hotel_name": "\u5357\u4eac\u597d\u7a0b\u9152\u5e97(\u539f\u534e\u6fb3\u5bbe\u9986(\u5357\u4eac\u864e\u8e1e\u5317\u8def\u4e8c\u5e97))", "order_time": ["2019-01-20 04:07:10"], "total_order": 1, "hotel_value": ["4.2"], "hotel_price": ["198"]}, "419571": {"hotel_name": "\u5357\u4eac\u91d1\u9e70\u7687\u51a0\u5047\u65e5\u9152\u5e97", "order_time": ["2019-01-20 04:09:03"], "total_order": 1, "hotel_value": ["4.7"], "hotel_price": ["598"]}, "1116413": {"hotel_name": "\u5357\u4eac\u7384\u6b66\u95e8\u4e9a\u6735\u9152\u5e97", "order_time": ["2019-01-20 04:11:06", "2019-01-20 04:24:59"], "total_order": 2, "hotel_value": ["4.8", "4.8"], "hotel_price": ["360", "360"]}, "435621": {"hotel_name": "\u5357\u4eac\u4e2d\u5c71\u5927\u53a6", "order_time": ["2019-01-20 04:13:15"], "total_order": 1, "hotel_value": ["4.7"], "hotel_price": ["398"]}, "6330335": {"hotel_name": "\u5357\u4eac\u5b9c\u5bb6\u5feb\u6377\u5bbe\u9986", "order_time": ["2019-01-20 04:15:17"], "total_order": 1, "hotel_value": ["3.8"], "hotel_price": ["128"]}, "1944262": {"hotel_name": "\u51ef\u91cc\u4e9a\u5fb7\u9152\u5e97(\u5357\u4eac\u8679\u6865\u4e2d\u5fc3\u5e97)", "order_time": ["2019-01-20 04:16:58", "2019-01-20 04:50:58"], "total_order": 2, "hotel_value": ["4.9", "4.9"], "hotel_price": ["277", "277"]}, "668355": {"hotel_name": "\u5357\u4eac\u534e\u6c5f\u996d\u5e97", "order_time": ["2019-01-20 04:21:03", "2019-01-20 04:19:01"], "total_order": 2, "hotel_value": ["4.4", "4.4"], "hotel_price": ["282", "282"]}, "435107": {"hotel_name": "\u5357\u4eac\u4e1c\u65b9\u73cd\u73e0\u996d\u5e97", "order_time": ["2019-01-20 04:24:56"], "total_order": 1, "hotel_value": ["4.8"], "hotel_price": ["381"]}, "5375999": {"hotel_name": "\u683c\u6797\u8054\u76df\u9152\u5e97(\u5357\u4eac\u5357\u7ad9\u660e\u53d1\u5e7f\u573a\u5e97)", "order_time": ["2019-01-20 04:29:13"], "total_order": 1, "hotel_value": ["4.2"], "hotel_price": ["218"]}, "17864715": {"hotel_name": "\u5357\u4eac\u5357\u5cb8\u98ce\u683c\u9152\u5e97", "order_time": ["2019-01-20 04:31:00"], "total_order": 1, "hotel_value": ["4.6"], "hotel_price": ["217"]}, "5237976": {"hotel_name": "\u4e1c\u80dc\u5546\u52a1\u5bbe\u9986(\u5357\u4eac\u4e1c\u5357\u5927\u5b66\u5e97)", "order_time": ["2019-01-20 04:31:00"], "total_order": 1, "hotel_value": ["4.2"], "hotel_price": ["143"]}, "5804321": {"hotel_name": "\u745e\u534e\u9152\u5e97(\u5357\u4eac\u65b0\u8857\u53e3\u5e97)(\u539f\u738b\u5e9c\u5927\u8857\u5e97)", "order_time": ["2019-01-20 04:31:00"], "total_order": 1, "hotel_value": ["4.7"], "hotel_price": ["173"]}, "21146292": {"hotel_name": "\u6c34\u4e91\u8f69\u5bbe\u9986(\u5357\u4eac\u7984\u53e3\u56fd\u9645\u673a\u573a\u5e97)", "order_time": ["2019-01-20 04:31:00"], "total_order": 1, "hotel_value": ["4.8"], "hotel_price": ["123"]}, "1854040": {"hotel_name": "\u9a8f\u6021\u8fde\u9501\u9152\u5e97(\u5357\u4eac\u7384\u6b66\u6e56\u4e2d\u5c71\u9675\u666f\u533a\u5e97)", "order_time": ["2019-01-20 04:31:00"], "total_order": 1, "hotel_value": ["4.4"], "hotel_price": ["182"]}, "4647024": {"hotel_name": "\u5357\u4eac\u4e24\u68f5\u6787\u6777\u6811\u82b1\u56ed\u9152\u5e97", "order_time": ["2019-01-20 04:31:00"], "total_order": 1, "hotel_value": ["4.5"], "hotel_price": ["315"]}, "9770022": {"hotel_name": "Q\u52a0\u00b7\u4e94\u68f5\u6811\u57ce\u9645\u9152\u5e97(\u5357\u4eac\u5357\u7ad9\u5e97)", "order_time": ["2019-01-20 04:31:00"], "total_order": 1, "hotel_value": ["4.6"], "hotel_price": ["206"]}, "1452813": {"hotel_name": "\u5982\u5bb6\u5feb\u6377\u9152\u5e97(\u5357\u4eac\u4e2d\u5c71\u9675\u666f\u533a\u82dc\u84ff\u56ed\u5927\u8857\u5e97))(\u539f\u5357\u4eac\u6708\u7259\u6e56\u9526\u6e56\u5927\u53a6\u5e97)", "order_time": ["2019-01-20 04:31:00"], "total_order": 1, "hotel_value": ["4.4"], "hotel_price": ["210"]}, "28709046": {"hotel_name": "\u5357\u4eac\u60a6\u6995\u9152\u5e97", "order_time": ["2019-01-20 04:31:00"], "total_order": 1, "hotel_value": [0], "hotel_price": ["263"]}, "10211756": {"hotel_name": "\u82b1\u7b51\u00b7\u5357\u4eac\u5bb6\u5885\u4f1a\u7cbe\u54c1\u6c11\u5bbf", "order_time": ["2019-01-20 04:31:00"], "total_order": 1, "hotel_value": ["4.8"], "hotel_price": ["369"]}, "3118767": {"hotel_name": "\u5357\u4eac\u4e2d\u5c71\u9675\u56fd\u9645\u9752\u5e74\u65c5\u9986", "order_time": ["2019-01-20 04:31:00"], "total_order": 1, "hotel_value": ["4.6"], "hotel_price": ["292"]}, "28363316": {"hotel_name": "\u6854\u5b50\u9152\u5e97\u00b7\u7cbe\u9009(\u5357\u4eac\u706b\u8f66\u5357\u7ad9\u767e\u5bb6\u6e56\u5e97)", "order_time": ["2019-01-20 04:31:00"], "total_order": 1, "hotel_value": [0], "hotel_price": ["303"]}, "811677": {"hotel_name": "\u6e05\u6c90\u7cbe\u9009\u9152\u5e97(\u5357\u4eac\u6e56\u5357\u8def\u6b65\u884c\u8857\u5e97)", "order_time": ["2019-01-20 04:31:00"], "total_order": 1, "hotel_value": ["4.4"], "hotel_price": ["288"]}, "1454476": {"hotel_name": "\u5982\u5bb6\u5546\u65c5\u9152\u5e97(\u5357\u4eac\u65b0\u57ce\u5e02\u5e7f\u573a\u9f99\u6c5f\u5730\u94c1\u7ad9\u5e97)", "order_time": ["2019-01-20 04:31:00"], "total_order": 1, "hotel_value": ["4.6"], "hotel_price": ["459"]}, "28486804": {"hotel_name": "\u5357\u4eac\u4f18\u9890\u57ce\u5e02\u9152\u5e97", "order_time": ["2019-01-20 04:31:00"], "total_order": 1, "hotel_value": [0], "hotel_price": ["329"]}, "1856651": {"hotel_name": "\u5357\u4eac\u53e4\u90fd\u996d\u5e97", "order_time": ["2019-01-20 04:31:00"], "total_order": 1, "hotel_value": ["4.3"], "hotel_price": ["200"]}, "3796644": {"hotel_name": "\u5357\u4eac\u5f97\u534a\u5e84\u56ed\u5ea6\u5047\u9152\u5e97", "order_time": ["2019-01-20 04:31:00"], "total_order": 1, "hotel_value": ["4.6"], "hotel_price": ["422"]}, "964557": {"hotel_name": "\u5fa1\u534e\u5ead\u5feb\u6377\u65c5\u5e97(\u5357\u4eac\u5149\u534e\u95e8\u5e97)", "order_time": ["2019-01-20 04:31:01"], "total_order": 1, "hotel_value": ["4.2"], "hotel_price": ["99"]}, "25904636": {"hotel_name": "\u5357\u4eac\u5f20\u5e9c\u96c5\u5c45\u82b1\u56ed\u9152\u5e97", "order_time": ["2019-01-20 04:31:01"], "total_order": 1, "hotel_value": ["4.9"], "hotel_price": ["183"]}, "1444967": {"hotel_name": "\u5357\u4eac\u91d1\u76db\u5feb\u6377\u5bbe\u9986", "order_time": ["2019-01-20 04:31:01"], "total_order": 1, "hotel_value": ["4.6"], "hotel_price": ["112"]}, "793210": {"hotel_name": "\u4e49\u90fd\u8fde\u9501\u9152\u5e97(\u5357\u4eac\u5927\u6865\u5357\u8def\u5e97)", "order_time": ["2019-01-20 04:31:14"], "total_order": 1, "hotel_value": ["4.2"], "hotel_price": ["113"]}, "2575107": {"hotel_name": "Q\u52a0\u00b7\u683c\u9675\u5170\u5c9b\u5546\u52a1\u5bbe\u9986(\u5357\u4eac\u5357\u7ad9\u767e\u5bb6\u6e56\u80dc\u592a\u8def\u5730\u94c1\u7ad9\u5e97)", "order_time": ["2019-01-20 04:32:58"], "total_order": 1, "hotel_value": ["4.6"], "hotel_price": ["129"]}, "6866442": {"hotel_name": "\u5357\u4eac\u6a59\u5b50\u5546\u65c5\u7cbe\u54c1\u9152\u5e97(\u4e2d\u5c71\u9675\u9a6c\u7fa4\u5730\u94c1\u7ad9\u5e97)", "order_time": ["2019-01-20 04:41:03", "2019-01-20 04:33:12"], "total_order": 2, "hotel_value": ["4.0", "4.0"], "hotel_price": ["289", "289"]}, "433082": {"hotel_name": "\u5357\u4eac\u9ec4\u57d4\u5927\u9152\u5e97", "order_time": ["2019-01-20 04:35:07"], "total_order": 1, "hotel_value": ["4.7"], "hotel_price": ["298"]}, "5781676": {"hotel_name": "\u9e97\u67ab\u9152\u5e97(\u5357\u4eac\u4e07\u8fbe\u5e7f\u573a\u5929\u5370\u5927\u9053\u5e97)", "order_time": ["2019-01-20 04:35:12"], "total_order": 1, "hotel_value": ["4.6"], "hotel_price": ["220"]}, "1066966": {"hotel_name": "\u5357\u4eac\u540d\u8f69\u5bbe\u9986", "order_time": ["2019-01-20 04:35:13"], "total_order": 1, "hotel_value": ["4.6"], "hotel_price": ["136"]}, "458364": {"hotel_name": "\u5357\u4eac\u53e4\u5357\u90fd\u5927\u6865\u996d\u5e97", "order_time": ["2019-01-20 04:39:08"], "total_order": 1, "hotel_value": ["4.8"], "hotel_price": ["298"]}, "1500412": {"hotel_name": "\u5357\u4eac\u77bb\u56ed\u56fd\u9645\u9752\u5e74\u65c5\u820d", "order_time": ["2019-01-20 04:41:02"], "total_order": 1, "hotel_value": ["4.2"], "hotel_price": ["45"]}, "1103526": {"hotel_name": "\u6c49\u5ead\u9152\u5e97(\u5357\u4eac\u5149\u534e\u8def\u5e97)", "order_time": ["2019-01-20 04:41:09"], "total_order": 1, "hotel_value": ["4.3"], "hotel_price": ["151"]}, "2204005": {"hotel_name": "\u5357\u4eac\u6d1b\u514b\u9152\u5e97", "order_time": ["2019-01-20 04:43:10"], "total_order": 1, "hotel_value": ["4.2"], "hotel_price": ["83"]}}}