{"\u5f00\u59cb\u8bb0\u5f55\u65f6\u95f4": "2019-01-18 09:23:45", "\u7ed3\u675f\u8bb0\u5f55\u65f6\u95f4": "2019-01-18 10:23:45", "\u8ba2\u5355\u603b\u589e\u91cf": 406, "item": {"12548898": {"hotel_name": "\u7f8e\u8c6a\u4e3d\u81f4\u9152\u5e97(\u5357\u4eac\u4ed9\u6797\u65d7\u8230\u5e97)", "order_time": ["2019-01-18 09:25:52", "2019-01-18 09:27:52"], "total_order": 2, "hotel_value": ["4.8", "4.8"], "hotel_price": ["408", "408"]}, "3916519": {"hotel_name": "\u5357\u4eac\u5b89\u6734\u9152\u5e97", "order_time": ["2019-01-18 09:25:52"], "total_order": 1, "hotel_value": ["4.7"], "hotel_price": ["498"]}, "1773319": {"hotel_name": "\u6d77\u53cb\u9152\u5e97(\u5357\u4eac\u592b\u5b50\u5e99\u4e2d\u5fc3\u5e97)", "order_time": ["2019-01-18 09:25:53"], "total_order": 1, "hotel_value": ["4.1"], "hotel_price": ["180"]}, "435107": {"hotel_name": "\u5357\u4eac\u4e1c\u65b9\u73cd\u73e0\u996d\u5e97", "order_time": ["2019-01-18 09:25:55"], "total_order": 1, "hotel_value": ["4.8"], "hotel_price": ["388"]}, "1457092": {"hotel_name": "\u5982\u5bb6\u5feb\u6377\u9152\u5e97(\u5357\u4eac\u65b0\u8857\u53e3\u5e97)", "order_time": ["2019-01-18 09:35:54", "2019-01-18 09:25:56"], "total_order": 2, "hotel_value": ["4.6", "4.6"], "hotel_price": ["360", "360"]}, "1454198": {"hotel_name": "\u5982\u5bb6\u5feb\u6377\u9152\u5e97(\u5357\u4eac\u5f90\u5e84\u5730\u94c1\u7ad9\u6c5f\u82cf\u8f6f\u4ef6\u56ed\u5e97)", "order_time": ["2019-01-18 09:25:56"], "total_order": 1, "hotel_value": ["4.6"], "hotel_price": ["263"]}, "1829653": {"hotel_name": "\u901f8\u9152\u5e97(\u5357\u4eac\u89e3\u653e\u8def\u5e97)", "order_time": ["2019-01-18 09:25:56"], "total_order": 1, "hotel_value": ["3.7"], "hotel_price": ["148"]}, "2622283": {"hotel_name": "\u6c49\u5ead\u9152\u5e97(\u5357\u4eac\u4e2d\u592e\u5317\u8def\u5e97)", "order_time": ["2019-01-18 09:25:57"], "total_order": 1, "hotel_value": ["4.4"], "hotel_price": ["313"]}, "25560157": {"hotel_name": "\u5357\u4eac\u76c8\u9f0e\u7cbe\u54c1\u9152\u5e97", "order_time": ["2019-01-18 09:25:58"], "total_order": 1, "hotel_value": ["4.9"], "hotel_price": ["147"]}, "3730005": {"hotel_name": "\u548c\u9890\u9152\u5e97(\u5357\u4eac\u4e2d\u5c71\u4e1c\u8def\u660e\u6545\u5bab\u5730\u94c1\u7ad9\u5e97)", "order_time": ["2019-01-18 09:37:54", "2019-01-18 10:21:53", "2019-01-18 09:25:59"], "total_order": 3, "hotel_value": ["4.6", "4.6", "4.6"], "hotel_price": ["313", "313", "313"]}, "19867337": {"hotel_name": "\u5357\u4eac\u6c47\u57ce\u5bbe\u9986", "order_time": ["2019-01-18 10:11:52", "2019-01-18 10:19:51", "2019-01-18 09:25:59"], "total_order": 3, "hotel_value": ["4.1", "4.1", "4.1"], "hotel_price": ["194", "194", "194"]}, "5237971": {"hotel_name": "\u5357\u4eac\u8fd0\u661f\u5bbe\u9986", "order_time": ["2019-01-18 09:26:06"], "total_order": 1, "hotel_value": ["3.4"], "hotel_price": ["98"]}, "670019": {"hotel_name": "\u5357\u4eac\u5bcc\u529b\u4e07\u8fbe\u5609\u534e\u9152\u5e97", "order_time": ["2019-01-18 09:27:52"], "total_order": 1, "hotel_value": ["4.7"], "hotel_price": ["618"]}, "1938409": {"hotel_name": "\u767e\u65f6\u5feb\u6377\u9152\u5e97(\u5357\u4eac\u65b0\u8857\u53e3\u5e97)", "order_time": ["2019-01-18 09:27:54"], "total_order": 1, "hotel_value": ["4.4"], "hotel_price": ["159"]}, "482893": {"hotel_name": "\u5c71\u6c34\u65f6\u5c1a\u9152\u5e97(\u5357\u4eac\u5357\u7ad9\u5e97)", "order_time": ["2019-01-18 09:27:54"], "total_order": 1, "hotel_value": ["4.5"], "hotel_price": ["351"]}, "17889795": {"hotel_name": "\u5168\u5b63\u9152\u5e97(\u5357\u4eac\u660e\u6545\u5bab\u5e97)", "order_time": ["2019-01-18 10:13:52", "2019-01-18 09:27:55"], "total_order": 2, "hotel_value": ["4.7", "4.7"], "hotel_price": ["359", "359"]}, "1385339": {"hotel_name": "\u5929\u76db\u597d\u5ead\u9152\u5e97(\u5357\u4eac\u9f13\u697c\u5730\u94c1\u7ad9\u5e97)", "order_time": ["2019-01-18 09:27:56"], "total_order": 1, "hotel_value": ["4.6"], "hotel_price": ["294"]}, "2596930": {"hotel_name": "\u6c5f\u5357\u884c\u7cbe\u54c1\u9152\u5e97(\u5357\u4eac\u4e5d\u534e\u5c71\u5730\u94c1\u7ad9\u5e97)", "order_time": ["2019-01-18 09:27:57"], "total_order": 1, "hotel_value": ["4.6"], "hotel_price": ["455"]}, "4604055": {"hotel_name": "\u5c1a\u5ba2\u4f18\u8fde\u9501\u9152\u5e97(\u5357\u4eac\u592b\u5b50\u5e99\u6c34\u6e38\u57ce\u5e97)", "order_time": ["2019-01-18 09:27:57"], "total_order": 1, "hotel_value": ["4.1"], "hotel_price": ["217"]}, "1433140": {"hotel_name": "\u5357\u4eac\u82f9\u679c\u9152\u5e97(\u539f\u9752\u82f9\u679c\u9152\u5e97)", "order_time": ["2019-01-18 09:27:57"], "total_order": 1, "hotel_value": ["3.8"], "hotel_price": ["126"]}, "6855049": {"hotel_name": "\u53e4\u5357\u90fd\u9038\u5c45\u9152\u5e97(\u5357\u4eac\u65b0\u8857\u53e3\u5927\u884c\u5bab\u5730\u94c1\u7ad9\u5e97)", "order_time": ["2019-01-18 09:27:57"], "total_order": 1, "hotel_value": ["4.8"], "hotel_price": ["398"]}, "4496845": {"hotel_name": "\u53e4\u5357\u90fd\u4ea6\u95f2\u516c\u9986(\u5357\u4eac\u4e91\u5357\u8def\u5730\u94c1\u7ad9\u5e97)", "order_time": ["2019-01-18 09:27:57"], "total_order": 1, "hotel_value": ["4.8"], "hotel_price": ["380"]}, "914013": {"hotel_name": "\u5357\u4eac\u6770\u9f99\u5bbe\u9986", "order_time": ["2019-01-18 09:28:20"], "total_order": 1, "hotel_value": ["3.9"], "hotel_price": ["99"]}, "1936362": {"hotel_name": "\u5357\u4eac\u5723\u548c\u5e9c\u90b8\u8c6a\u534e\u7cbe\u9009\u9152\u5e97", "order_time": ["2019-01-18 09:29:51"], "total_order": 1, "hotel_value": ["4.7"], "hotel_price": ["1269"]}, "2488992": {"hotel_name": "\u6854\u5b50\u6c34\u6676\u9152\u5e97(\u5357\u4eac\u5965\u4f53\u4e2d\u80dc\u56fd\u9645\u535a\u89c8\u4e2d\u5fc3\u5e97)", "order_time": ["2019-01-18 09:29:51"], "total_order": 1, "hotel_value": ["4.9"], "hotel_price": ["550"]}, "435796": {"hotel_name": "\u5357\u4eac\u56fd\u4fe1\u72b6\u5143\u697c\u5927\u9152\u5e97", "order_time": ["2019-01-18 10:13:52", "2019-01-18 09:29:52"], "total_order": 2, "hotel_value": ["4.7", "4.7"], "hotel_price": ["624", "624"]}, "1943705": {"hotel_name": "\u5357\u4eac\u6e56\u5357\u8def\u4e9a\u6735\u9152\u5e97", "order_time": ["2019-01-18 09:29:52"], "total_order": 1, "hotel_value": ["4.8"], "hotel_price": ["439"]}, "23965471": {"hotel_name": "\u9526\u6c5f\u90fd\u57ce\u9152\u5e97(\u5357\u4eac\u592b\u5b50\u5e99\u4e2d\u5fc3\u5e97)", "order_time": ["2019-01-18 09:29:52"], "total_order": 1, "hotel_value": ["4.8"], "hotel_price": ["403"]}, "369710": {"hotel_name": "\u5357\u4eac\u4e16\u8302\u6ee8\u6c5f\u5e0c\u5c14\u987f\u9152\u5e97", "order_time": ["2019-01-18 10:19:50", "2019-01-18 10:13:52", "2019-01-18 09:29:52"], "total_order": 3, "hotel_value": ["4.6", "4.6", "4.6"], "hotel_price": ["788", "683", "683"]}, "481015": {"hotel_name": "\u73cd\u5b9d\u5047\u65e5\u996d\u5e97(\u5357\u4eac\u51e4\u53f0\u5357\u8def\u5e97)", "order_time": ["2019-01-18 09:29:52"], "total_order": 1, "hotel_value": ["4.6"], "hotel_price": ["323"]}, "1669331": {"hotel_name": "\u5357\u4eac\u4e5d\u4e5d\u805a\u5bb6\u5546\u52a1\u5bbe\u9986", "order_time": ["2019-01-18 09:29:52"], "total_order": 1, "hotel_value": ["4.1"], "hotel_price": ["108"]}, "9189002": {"hotel_name": "\u5357\u4eac\u83f2\u4e9a\u8fbe\u9152\u5e97", "order_time": ["2019-01-18 09:29:53"], "total_order": 1, "hotel_value": ["4.7"], "hotel_price": ["263"]}, "435363": {"hotel_name": "\u5357\u4eac\u82cf\u5b81\u5a01\u5c3c\u65af\u9152\u5e97", "order_time": ["2019-01-18 09:29:54"], "total_order": 1, "hotel_value": ["4.8"], "hotel_price": ["396"]}, "4493033": {"hotel_name": "\u901f8\u9152\u5e97(\u5357\u4eac\u592b\u5b50\u5e99\u4e2d\u534e\u8def\u5e97)", "order_time": ["2019-01-18 09:29:54"], "total_order": 1, "hotel_value": ["4.2"], "hotel_price": ["218"]}, "5729009": {"hotel_name": "\u5357\u4eac\u6162\u57ce\u6795\u677e\u5ea6\u5047\u9152\u5e97", "order_time": ["2019-01-18 09:29:54"], "total_order": 1, "hotel_value": ["4.8"], "hotel_price": ["934"]}, "1410616": {"hotel_name": "\u5982\u5bb6\u5546\u65c5\u9152\u5e97(\u5357\u4eac\u592b\u5b50\u5e99\u901a\u6d4e\u95e8\u5e97)", "order_time": ["2019-01-18 09:29:55"], "total_order": 1, "hotel_value": ["4.6"], "hotel_price": ["305"]}, "21146292": {"hotel_name": "\u6c34\u4e91\u8f69\u5bbe\u9986(\u5357\u4eac\u7984\u53e3\u56fd\u9645\u673a\u573a\u5e97)", "order_time": ["2019-01-18 09:29:55"], "total_order": 1, "hotel_value": ["4.8"], "hotel_price": ["123"]}, "10896011": {"hotel_name": "\u5357\u4eac\u5357\u7ad9\u6c34\u6708\u6e7e\u9152\u5e97", "order_time": ["2019-01-18 09:29:56"], "total_order": 1, "hotel_value": ["4.7"], "hotel_price": ["353"]}, "7934109": {"hotel_name": "\u5357\u4eac\u84dd\u9cb8\u592a\u7a7a\u8231\u4e3b\u9898\u9752\u65c5", "order_time": ["2019-01-18 09:29:56"], "total_order": 1, "hotel_value": ["4.7"], "hotel_price": ["88"]}, "1009800": {"hotel_name": "\u5357\u4eac\u65b0\u5409\u534e\u5546\u52a1\u9152\u5e97", "order_time": ["2019-01-18 09:29:57"], "total_order": 1, "hotel_value": ["3.8"], "hotel_price": ["168"]}, "2298350": {"hotel_name": "\u5357\u4eac\u91d1\u9675\u5927\u53a6", "order_time": ["2019-01-18 09:29:57"], "total_order": 1, "hotel_value": ["4.5"], "hotel_price": ["359"]}, "23972544": {"hotel_name": "\u5c1a\u5ba2\u4f18\u8fde\u9501\u9152\u5e97(\u5357\u4eac\u8305\u5c71\u8def\u5546\u4e1a\u8857\u5e97)", "order_time": ["2019-01-18 09:29:57"], "total_order": 1, "hotel_value": ["4.9"], "hotel_price": ["141"]}, "2511151": {"hotel_name": "\u548c\u9890\u9152\u5e97(\u5357\u4eac\u65b0\u8857\u53e3\u5730\u94c1\u7ad9\u5e97)", "order_time": ["2019-01-18 09:45:53", "2019-01-18 09:29:57"], "total_order": 2, "hotel_value": ["4.6", "4.6"], "hotel_price": ["335", "369"]}, "22270118": {"hotel_name": "\u5357\u4eac\u660a\u9759\u7cbe\u54c1\u516c\u5bd3", "order_time": ["2019-01-18 09:29:59", "2019-01-18 09:46:01"], "total_order": 2, "hotel_value": ["4.2", "4.2"], "hotel_price": ["243", "258"]}, "1684926": {"hotel_name": "\u5357\u4eac\u548c\u98ce\u82d1\u7ecf\u6d4e\u65c5\u5e97", "order_time": ["2019-01-18 10:13:54", "2019-01-18 09:29:59"], "total_order": 2, "hotel_value": ["3.8", "3.8"], "hotel_price": ["64", "64"]}, "4038796": {"hotel_name": "\u82cf\u57a6\u5bbe\u9986(\u5357\u4eac\u65b0\u8857\u53e3\u5e97)", "order_time": ["2019-01-18 09:30:00", "2019-01-18 09:53:57"], "total_order": 2, "hotel_value": ["3.3", "3.3"], "hotel_price": ["198", "188"]}, "1880478": {"hotel_name": "9\u5c45\u5bbe\u9986(\u5357\u4eac\u5357\u7ad9\u5e97)", "order_time": ["2019-01-18 09:30:01"], "total_order": 1, "hotel_value": ["3.7"], "hotel_price": ["98"]}, "5549111": {"hotel_name": "\u5357\u4eac\u91d1\u9e70\u5c1a\u7f8e\u9152\u5e97", "order_time": ["2019-01-18 09:31:52"], "total_order": 1, "hotel_value": ["4.8"], "hotel_price": ["623"]}, "11445721": {"hotel_name": "\u5b9c\u5fc5\u601d\u9152\u5e97(\u5357\u4eac\u5929\u5370\u5927\u9053\u5e97)", "order_time": ["2019-01-18 09:31:52"], "total_order": 1, "hotel_value": ["4.6"], "hotel_price": ["246"]}, "28234592": {"hotel_name": "\u5357\u4eac\u76db\u60a6\u516c\u5bd3", "order_time": ["2019-01-18 09:31:53", "2019-01-18 09:49:52"], "total_order": 2, "hotel_value": ["5.0", "5.0"], "hotel_price": ["272", "272"]}, "5769529": {"hotel_name": "\u5357\u4eac\u6696\u6696\u5c4b\u6e29\u6cc9\u9152\u5e97", "order_time": ["2019-01-18 09:31:54"], "total_order": 1, "hotel_value": ["4.2"], "hotel_price": ["193"]}, "6762482": {"hotel_name": "\u7ea2\u67ab\u7cbe\u54c1\u9152\u5e97(\u5357\u4eac\u7ad9\u8fc8\u768b\u6865\u5730\u94c1\u7ad9\u5e97)", "order_time": ["2019-01-18 09:31:54"], "total_order": 1, "hotel_value": ["4.6"], "hotel_price": ["158"]}, "5372071": {"hotel_name": "\u73cd\u5b9d\u5047\u65e5\u996d\u5e97(\u5357\u4eac\u6c5f\u5b81\u5e97)", "order_time": ["2019-01-18 09:31:54"], "total_order": 1, "hotel_value": ["4.8"], "hotel_price": ["529"]}, "1286904": {"hotel_name": "\u6c49\u5ead\u9152\u5e97(\u5357\u4eac\u4e39\u51e4\u8857\u5e97)", "order_time": ["2019-01-18 09:31:55"], "total_order": 1, "hotel_value": ["4.2"], "hotel_price": ["284"]}, "470412": {"hotel_name": "\u6c5f\u82cf\u8bae\u4e8b\u56ed\u9152\u5e97", "order_time": ["2019-01-18 09:31:55"], "total_order": 1, "hotel_value": ["4.6"], "hotel_price": ["408"]}, "1945382": {"hotel_name": "\u5496\u5c45\u7cbe\u9009\u9152\u5e97(\u5357\u4eac\u82cf\u5b81\u5929\u6da6\u5e7f\u573a\u5e97)(\u539f\u7ef4\u65af\u7279\u7cbe\u54c1\u9152\u5e97)", "order_time": ["2019-01-18 09:31:55"], "total_order": 1, "hotel_value": ["4.4"], "hotel_price": ["155"]}, "28710519": {"hotel_name": "\u5357\u4eac\u7396\u7396\u6e90\u7cbe\u54c1\u9152\u5e97", "order_time": ["2019-01-18 09:31:55"], "total_order": 1, "hotel_value": [0], "hotel_price": ["95"]}, "19480003": {"hotel_name": "\u5357\u4eac\u7384\u6b66\u6e56\u667a\u9009\u5047\u65e5\u9152\u5e97", "order_time": ["2019-01-18 09:31:56"], "total_order": 1, "hotel_value": ["4.2"], "hotel_price": ["399"]}, "6111316": {"hotel_name": "\u66d9\u5149\u8587\u9152\u5e97(\u5357\u4eac\u592b\u5b50\u5e99\u5e97)", "order_time": ["2019-01-18 09:31:59"], "total_order": 1, "hotel_value": ["4.7"], "hotel_price": ["504"]}, "9347528": {"hotel_name": "\u56fd\u9645\u9752\u5e74\u4f1a\u8bae\u9152\u5e97(\u5357\u4eac\u56fd\u9645\u9752\u5e74\u6587\u5316\u4e2d\u5fc3\u5e97)", "order_time": ["2019-01-18 09:31:59"], "total_order": 1, "hotel_value": ["4.8"], "hotel_price": ["598"]}, "3033905": {"hotel_name": "\u6d3e\u9152\u5e97(\u5357\u4eac\u5927\u65b9\u5df7\u5e97)(\u539f\u516c\u7235\u5bbe\u9986)", "order_time": ["2019-01-18 09:35:56", "2019-01-18 09:32:00"], "total_order": 2, "hotel_value": ["4.5", "4.5"], "hotel_price": ["221", "221"]}, "25050379": {"hotel_name": "\u5357\u4eac\u5965\u4f53\u4e2d\u5fc3\u4e9a\u6735S\u9152\u5e97", "order_time": ["2019-01-18 09:32:01"], "total_order": 1, "hotel_value": ["4.8"], "hotel_price": ["460"]}, "434086": {"hotel_name": "\u5357\u4eac\u65b0\u7eaa\u5143\u5927\u9152\u5e97", "order_time": ["2019-01-18 09:32:01"], "total_order": 1, "hotel_value": ["4.8"], "hotel_price": ["318"]}, "346283": {"hotel_name": "\u5357\u4eac\u91d1\u9675\u996d\u5e97", "order_time": ["2019-01-18 09:46:02", "2019-01-18 09:38:03", "2019-01-18 09:32:10", "2019-01-18 10:01:55", "2019-01-18 09:59:58"], "total_order": 5, "hotel_value": ["4.8", "4.8", "4.8", "4.8", "4.8"], "hotel_price": ["702", "702", "702", "702", "702"]}, "371145": {"hotel_name": "\u5357\u4eac\u7ef4\u666f\u56fd\u9645\u5927\u9152\u5e97", "order_time": ["2019-01-18 09:51:57", "2019-01-18 10:01:55", "2019-01-18 09:32:10"], "total_order": 3, "hotel_value": ["4.6", "4.6", "4.6"], "hotel_price": ["516", "516", "516"]}, "425945": {"hotel_name": "\u6c5f\u82cf\u51e4\u51f0\u53f0\u996d\u5e97", "order_time": ["2019-01-18 09:33:54"], "total_order": 1, "hotel_value": ["4.7"], "hotel_price": ["358"]}, "445970": {"hotel_name": "\u5357\u4eac\u6676\u4e3d\u9152\u5e97", "order_time": ["2019-01-18 09:33:54"], "total_order": 1, "hotel_value": ["4.7"], "hotel_price": ["390"]}, "15899490": {"hotel_name": "\u5168\u5b63\u9152\u5e97(\u5357\u4eac\u603b\u7edf\u5e9c\u5e97)", "order_time": ["2019-01-18 09:33:54"], "total_order": 1, "hotel_value": ["4.7"], "hotel_price": ["417"]}, "9666356": {"hotel_name": "\u6c49\u5ead\u9152\u5e97(\u5357\u4eac\u6c5f\u5b81\u725b\u9996\u5c71\u5e97)", "order_time": ["2019-01-18 09:33:54"], "total_order": 1, "hotel_value": ["4.1"], "hotel_price": ["199"]}, "9667479": {"hotel_name": "\u5357\u4eac\u9690\u5357\u95e8\u4e1c\u9152\u5e97", "order_time": ["2019-01-18 09:33:55"], "total_order": 1, "hotel_value": ["4.8"], "hotel_price": ["1024"]}, "512269": {"hotel_name": "\u5357\u4eac\u5b5c\u56fe\u9152\u5e97", "order_time": ["2019-01-18 09:33:55"], "total_order": 1, "hotel_value": ["4.7"], "hotel_price": ["372"]}, "5804321": {"hotel_name": "\u745e\u534e\u9152\u5e97(\u5357\u4eac\u65b0\u8857\u53e3\u5e97)(\u539f\u738b\u5e9c\u5927\u8857\u5e97)", "order_time": ["2019-01-18 09:33:57"], "total_order": 1, "hotel_value": ["4.7"], "hotel_price": ["257"]}, "5256151": {"hotel_name": "\u5112\u5bb6\u5feb\u6377\u9152\u5e97(\u5357\u4eac\u8fdb\u9999\u6cb3\u5e97)", "order_time": ["2019-01-18 09:33:57"], "total_order": 1, "hotel_value": ["4.1"], "hotel_price": ["163"]}, "1686806": {"hotel_name": "\u5357\u4eac\u6c5f\u6d77\u697c\u5927\u9152\u5e97", "order_time": ["2019-01-18 09:33:57"], "total_order": 1, "hotel_value": ["4.1"], "hotel_price": ["250"]}, "1943642": {"hotel_name": "\u6e05\u6c90\u7cbe\u54c1\u9152\u5e97(\u5357\u4eac\u5927\u6865\u5317\u8def\u6cf0\u5c71\u65b0\u6751\u5730\u94c1\u7ad9)", "order_time": ["2019-01-18 09:33:58", "2019-01-18 09:55:53"], "total_order": 2, "hotel_value": ["3.9", "3.9"], "hotel_price": ["143", "161"]}, "811702": {"hotel_name": "\u6e05\u6c90\u7cbe\u9009\u9152\u5e97(\u5357\u4eac\u65b0\u8857\u53e3\u6768\u516c\u4e95\u5e97)", "order_time": ["2019-01-18 09:33:59"], "total_order": 1, "hotel_value": ["4.5"], "hotel_price": ["279"]}, "1219124": {"hotel_name": "\u90fd\u5e02118(\u5357\u4eac\u4e2d\u5c71\u9675\u98ce\u666f\u533a\u4e0b\u9a6c\u574a\u5730\u94c1\u7ad9\u5e97)", "order_time": ["2019-01-18 09:34:00"], "total_order": 1, "hotel_value": ["4.4"], "hotel_price": ["194"]}, "26408284": {"hotel_name": "\u5357\u4eac\u5b98\u5c71\u4e91\u70fd\u5927\u9152\u5e97", "order_time": ["2019-01-18 09:34:03"], "total_order": 1, "hotel_value": [0], "hotel_price": ["168"]}, "1470782": {"hotel_name": "\u6b27\u6cf0\u5546\u52a1\u5feb\u6377\u5bbe\u9986(\u5357\u4eac\u7984\u53e3\u56fd\u9645\u673a\u573a1\u5e97)", "order_time": ["2019-01-18 09:34:03"], "total_order": 1, "hotel_value": ["3.8"], "hotel_price": ["102"]}, "1405086": {"hotel_name": "\u6e05\u6c90\u7cbe\u54c1\u9152\u5e97(\u5357\u4eac\u822a\u7a7a\u822a\u5929\u5927\u5b66\u7fe0\u5c4f\u5c71\u5730\u94c1\u7ad9\u5e97)", "order_time": ["2019-01-18 09:34:03"], "total_order": 1, "hotel_value": ["4.7"], "hotel_price": ["265"]}, "1017230": {"hotel_name": "\u5357\u4eac\u5f6d\u7389\u534e\u7cbe\u54c1\u5bbe\u9986", "order_time": ["2019-01-18 09:34:04"], "total_order": 1, "hotel_value": ["3.2"], "hotel_price": ["64"]}, "3735496": {"hotel_name": "\u5357\u4eac\u4e50\u8fbe\u5feb\u6377\u5bbe\u9986", "order_time": ["2019-01-18 09:34:04"], "total_order": 1, "hotel_value": ["4.4"], "hotel_price": ["68"]}, "7570688": {"hotel_name": "\u5357\u4eac\u6cb3\u897f\u82cf\u5b81\u96c5\u60a6\u9152\u5e97", "order_time": ["2019-01-18 09:35:50"], "total_order": 1, "hotel_value": ["4.6"], "hotel_price": ["430"]}, "22268232": {"hotel_name": "\u68a7\u6850\u5bd3\u00b7\u5f71\u9662\u9152\u5e97(\u5357\u4eac\u5357\u7ad9\u5357\u5e7f\u573a\u5e97)", "order_time": ["2019-01-18 09:35:51"], "total_order": 1, "hotel_value": ["4.7"], "hotel_price": ["380"]}, "1803955": {"hotel_name": "\u7ef4\u4e5f\u7eb3\u9152\u5e97(\u5357\u4eac\u9f99\u6c5f\u5e97)", "order_time": ["2019-01-18 10:13:52", "2019-01-18 09:35:51", "2019-01-18 10:03:53"], "total_order": 3, "hotel_value": ["4.9", "4.9", "4.9"], "hotel_price": ["438", "460", "460"]}, "14951207": {"hotel_name": "\u5357\u4eac\u6c64\u5c71\u5320\u6751\u5367\u9999\u6e29\u6cc9\u6c11\u5bbf", "order_time": ["2019-01-18 09:35:52"], "total_order": 1, "hotel_value": ["4.9"], "hotel_price": ["1305"]}, "811686": {"hotel_name": "\u6e05\u6c90\u8fde\u9501\u9152\u5e97(\u5357\u4eac\u9f99\u6c5f\u5730\u94c1\u7ad9\u65b0\u57ce\u5e02\u5e7f\u573a\u5e97)(\u539f\u6cb3\u897f\u9f99\u6c5f\u65b0\u57ce\u5e02\u5e7f\u573a\u5e97)", "order_time": ["2019-01-18 09:35:52"], "total_order": 1, "hotel_value": ["4.2"], "hotel_price": ["264"]}, "4056103": {"hotel_name": "\u4e07\u7231\u60c5\u4fa3\u4e3b\u9898\u9152\u5e97(\u5357\u4eac\u592b\u5b50\u5e99\u5e97)", "order_time": ["2019-01-18 09:39:54", "2019-01-18 09:35:53"], "total_order": 2, "hotel_value": ["4.6", "4.6"], "hotel_price": ["578", "578"]}, "474180": {"hotel_name": "\u53e4\u5357\u90fd\u9038\u5c45\u9152\u5e97(\u5357\u4eac\u65b0\u57ce\u5e02\u5e7f\u573a\u9f99\u6c5f\u5730\u94c1\u7ad9\u5e97)", "order_time": ["2019-01-18 09:35:53"], "total_order": 1, "hotel_value": ["4.8"], "hotel_price": ["459"]}, "811674": {"hotel_name": "\u6e05\u6c90\u8fde\u9501\u9152\u5e97(\u5357\u4eac\u4e94\u53f0\u5c71\u5e7f\u5dde\u8def\u968f\u56ed\u5927\u53a6\u5e97)", "order_time": ["2019-01-18 10:11:52", "2019-01-18 09:35:53"], "total_order": 2, "hotel_value": ["4.3", "4.3"], "hotel_price": ["308", "308"]}, "5218050": {"hotel_name": "\u91d1\u5965\u8bfa\u9601\u96c5\u9152\u5e97(\u5357\u4eac\u5965\u4f53\u4e2d\u5fc3\u5e97)", "order_time": ["2019-01-18 09:35:53"], "total_order": 1, "hotel_value": ["4.9"], "hotel_price": ["492"]}, "8982641": {"hotel_name": "\u5357\u4eac\u4f18\u4e30\u9152\u5e97", "order_time": ["2019-01-18 09:35:53"], "total_order": 1, "hotel_value": ["4.7"], "hotel_price": ["108"]}, "2251669": {"hotel_name": "\u5357\u4eac\u5317\u65b9\u6717\u60a6\u9152\u5e97", "order_time": ["2019-01-18 09:35:53"], "total_order": 1, "hotel_value": ["4.5"], "hotel_price": ["188"]}, "1862056": {"hotel_name": "\u69b4\u83b2\u5c0f\u661f\u9152\u5e97(\u5357\u4eac\u6cf0\u5c71\u65b0\u6751\u5e97)", "order_time": ["2019-01-18 09:35:54"], "total_order": 1, "hotel_value": ["4.3"], "hotel_price": ["124"]}, "1642698": {"hotel_name": "\u552f\u7231\u4e3b\u9898\u5bbe\u9986(\u5357\u4eac\u6cb9\u574a\u6865\u5e97)", "order_time": ["2019-01-18 09:35:55"], "total_order": 1, "hotel_value": ["4.0"], "hotel_price": ["153"]}, "1686633": {"hotel_name": "\u4e16\u7eaa\u4e4b\u661f\u4f18\u4eab\u9152\u5e97(\u5357\u4eac\u671d\u5929\u5bab\u5e97)", "order_time": ["2019-01-18 09:35:55", "2019-01-18 09:49:58"], "total_order": 2, "hotel_value": ["3.3", "3.3"], "hotel_price": ["168", "168"]}, "969227": {"hotel_name": "\u6c49\u5ead\u9152\u5e97(\u5357\u4eac\u7384\u6b66\u6e56\u5e97)", "order_time": ["2019-01-18 09:35:55"], "total_order": 1, "hotel_value": ["4.3"], "hotel_price": ["370"]}, "1448580": {"hotel_name": "\u83ab\u6cf0168(\u5357\u4eac\u535a\u7269\u9662\u4e2d\u5c71\u9675\u98ce\u666f\u533a\u5e97)(\u539f\u4e2d\u5c71\u95e8\u4e2d\u5c71\u9675\u98ce\u666f\u533a\u5e97)", "order_time": ["2019-01-18 09:57:53", "2019-01-18 09:35:55", "2019-01-18 10:21:52"], "total_order": 3, "hotel_value": ["4.4", "4.4", "4.4"], "hotel_price": ["201", "227", "227"]}, "5245872": {"hotel_name": "\u6e05\u6c90\u7cbe\u54c1\u9152\u5e97(\u5357\u4eac\u67f3\u6d32\u4e1c\u8def\u5730\u94c1\u7ad9\u5e97)", "order_time": ["2019-01-18 09:35:58"], "total_order": 1, "hotel_value": [0], "hotel_price": ["144"]}, "1094085": {"hotel_name": "\u5357\u4eac\u843d\u811a\u70b9\u5bbe\u9986", "order_time": ["2019-01-18 09:36:00"], "total_order": 1, "hotel_value": ["4.4"], "hotel_price": ["138"]}, "3669632": {"hotel_name": "\u96e8\u6da6\u4e2d\u592e\u516c\u9986\u884c\u653f\u9152\u5e97\u516c\u5bd3(\u5357\u4eac\u5965\u4f53\u4e2d\u5fc3\u5e97)", "order_time": ["2019-01-18 09:36:02"], "total_order": 1, "hotel_value": ["4.4"], "hotel_price": ["138"]}, "1452010": {"hotel_name": "\u5982\u5bb6\u5feb\u6377\u9152\u5e97(\u5357\u4eac\u6e56\u5357\u8def\u72ee\u5b50\u6865\u7f8e\u98df\u8857\u5e97)", "order_time": ["2019-01-18 09:37:53"], "total_order": 1, "hotel_value": ["4.3"], "hotel_price": ["313"]}, "1633372": {"hotel_name": "\u5357\u4eac\u4e2d\u7405\u5047\u65e5\u9152\u5e97", "order_time": ["2019-01-18 09:37:54", "2019-01-18 10:19:52"], "total_order": 2, "hotel_value": ["4.8", "4.8"], "hotel_price": ["392", "392"]}, "1379296": {"hotel_name": "\u6c49\u5ead\u9152\u5e97(\u5357\u4eac\u4e0a\u6d77\u8def\u5730\u94c1\u7ad9\u5e97)", "order_time": ["2019-01-18 09:37:54", "2019-01-18 09:49:52"], "total_order": 2, "hotel_value": ["4.3", "4.3"], "hotel_price": ["332", "341"]}, "1426525": {"hotel_name": "\u5357\u4eac\u72ee\u90fd\u5546\u52a1\u5feb\u6377\u9152\u5e97", "order_time": ["2019-01-18 09:37:55"], "total_order": 1, "hotel_value": ["4.6"], "hotel_price": ["267"]}, "795213": {"hotel_name": "\u5357\u4eac\u76db\u6cf0\u5bbe\u9986", "order_time": ["2019-01-18 09:37:57"], "total_order": 1, "hotel_value": ["3.7"], "hotel_price": ["138"]}, "16462246": {"hotel_name": "\u5357\u4eac\u96e8\u82b1\u7cbe\u54c1\u9152\u5e97\u516c\u5bd3", "order_time": ["2019-01-18 09:37:57"], "total_order": 1, "hotel_value": ["4.5"], "hotel_price": ["258"]}, "1849628": {"hotel_name": "\u80af\u5b9a\u8fde\u9501\u9152\u5e97(\u5357\u4eac1912\u6d6e\u6865\u5730\u94c1\u7ad9\u5e97)(\u539f\u73e0\u6c5f\u8def\u4e09\u5e97)", "order_time": ["2019-01-18 09:38:00"], "total_order": 1, "hotel_value": ["4.2"], "hotel_price": ["174"]}, "5337205": {"hotel_name": "\u5357\u4eac\u4e09\u5e74\u4e8c\u73ed\u56fd\u9645\u9752\u5e74\u65c5\u820d", "order_time": ["2019-01-18 09:38:04"], "total_order": 1, "hotel_value": ["4.7"], "hotel_price": ["65"]}, "28566124": {"hotel_name": "\u5357\u4eac\u91d1\u5e06\u4e07\u6e90\u9152\u5e97", "order_time": ["2019-01-18 09:39:51"], "total_order": 1, "hotel_value": ["4.9"], "hotel_price": ["468"]}, "534044": {"hotel_name": "\u5357\u4eac\u7eff\u5730\u5fa1\u8c6a\u6e29\u6cc9\u9152\u5e97(\u539f\u5fa1\u8c6a\u6c64\u5c71\u6e29\u6cc9\u56fd\u9645\u9152\u5e97)", "order_time": ["2019-01-18 09:39:51"], "total_order": 1, "hotel_value": ["4.6"], "hotel_price": ["768"]}, "437042": {"hotel_name": "\u5357\u4eac\u6c64\u5c71\u9890\u5c1a\u6e29\u6cc9\u5ea6\u5047\u6751", "order_time": ["2019-01-18 09:39:51"], "total_order": 1, "hotel_value": ["4.5"], "hotel_price": ["1770"]}, "669100": {"hotel_name": "\u5357\u4eac\u91d1\u5965\u8d39\u5c14\u8499\u9152\u5e97", "order_time": ["2019-01-18 09:39:51"], "total_order": 1, "hotel_value": ["4.7"], "hotel_price": ["1033"]}, "2139889": {"hotel_name": "7\u5929\u8fde\u9501\u9152\u5e97(\u5357\u4eac\u4e0b\u5173\u70ed\u6cb3\u5357\u8def\u5e97)", "order_time": ["2019-01-18 09:39:52"], "total_order": 1, "hotel_value": ["4.0"], "hotel_price": ["220"]}, "11443801": {"hotel_name": "\u5b9c\u5fc5\u601d\u5c1a\u54c1\u9152\u5e97(\u5357\u4eac\u9e92\u9e9f\u95e8\u5e97)", "order_time": ["2019-01-18 09:39:52"], "total_order": 1, "hotel_value": ["4.7"], "hotel_price": ["379"]}, "1286836": {"hotel_name": "\u683c\u6797\u8c6a\u6cf0\u667a\u9009\u9152\u5e97(\u5357\u4eac\u6c5f\u5b81\u4e07\u8fbe\u5e7f\u573a\u5e97)", "order_time": ["2019-01-18 09:39:53"], "total_order": 1, "hotel_value": ["4.2"], "hotel_price": ["138"]}, "2257355": {"hotel_name": "\u9047\u6c5f\u5357\u9752\u5e74\u65c5\u793e(\u5357\u4eac\u5b89\u5fb7\u95e8\u5730\u94c1\u7ad9\u5e97)", "order_time": ["2019-01-18 09:39:56"], "total_order": 1, "hotel_value": ["4.4"], "hotel_price": ["46"]}, "23877276": {"hotel_name": "\u6e05\u6c90\u7cbe\u9009\u9152\u5e97(\u5357\u4eac\u9f99\u534e\u8def\u9633\u5149\u9752\u57ce\u5e97)", "order_time": ["2019-01-18 09:41:52"], "total_order": 1, "hotel_value": ["4.6"], "hotel_price": ["224"]}, "4425501": {"hotel_name": "\u7ef4\u4e5f\u7eb3\u56fd\u9645\u9152\u5e97(\u5357\u4eac\u5357\u7ad9\u4e2d\u5fc3\u5e97)", "order_time": ["2019-01-18 09:41:52"], "total_order": 1, "hotel_value": ["4.8"], "hotel_price": ["279"]}, "5158996": {"hotel_name": "\u5982\u5bb6\u7cbe\u9009\u9152\u5e97(\u5357\u4eac\u5b9a\u6dee\u95e8\u9f99\u6c5f\u5730\u94c1\u7ad9\u5e97)(\u539f\u9f99\u6c5f\u5b9a\u6dee\u95e8\u5927\u8857\u5e97)", "order_time": ["2019-01-18 09:41:53"], "total_order": 1, "hotel_value": ["4.8"], "hotel_price": ["383"]}, "2358598": {"hotel_name": "\u767d\u7389\u5170\u9152\u5e97(\u5357\u4eac\u80dc\u592a\u897f\u8def\u5e97)", "order_time": ["2019-01-18 10:15:51", "2019-01-18 09:41:53", "2019-01-18 10:09:54"], "total_order": 3, "hotel_value": ["4.8", "4.8", "4.8"], "hotel_price": ["322", "322", "322"]}, "444648": {"hotel_name": "\u5357\u4eac\u5929\u4e30\u5927\u9152\u5e97", "order_time": ["2019-01-18 09:41:53"], "total_order": 1, "hotel_value": ["4.6"], "hotel_price": ["338"]}, "21794209": {"hotel_name": "\u5357\u4eac\u7f8e\u5bbf\u7cbe\u9009\u9152\u5e97", "order_time": ["2019-01-18 09:41:53"], "total_order": 1, "hotel_value": ["4.7"], "hotel_price": ["350"]}, "5642959": {"hotel_name": "\u5357\u4eac\u80af\u5b9a\u6c34\u6676\u9152\u5e97", "order_time": ["2019-01-18 09:41:54"], "total_order": 1, "hotel_value": ["4.3"], "hotel_price": ["248"]}, "1372261": {"hotel_name": "ID99\u8fde\u9501\u9152\u5e97(\u5357\u4eac\u73e0\u6c5f\u8def\u5c0f\u8425\u7ad9\u5e97)", "order_time": ["2019-01-18 09:41:54"], "total_order": 1, "hotel_value": ["3.5"], "hotel_price": ["109"]}, "11022711": {"hotel_name": "\u9526\u6c5f\u4e4b\u661f\u54c1\u5c1a(\u5357\u4eac\u845b\u5858\u5730\u94c1\u7ad9\u7f8e\u5229\u5e7f\u573a\u5e97)", "order_time": ["2019-01-18 09:41:54"], "total_order": 1, "hotel_value": ["4.6"], "hotel_price": ["347"]}, "4727374": {"hotel_name": "\u683c\u6797\u8c6a\u6cf0(\u5357\u4eac\u5927\u5382\u65b0\u534e\u8def\u5feb\u6377\u5e97)", "order_time": ["2019-01-18 09:41:55"], "total_order": 1, "hotel_value": ["4.2"], "hotel_price": ["129"]}, "1950625": {"hotel_name": "\u80af\u5b9a\u5bbe\u9986\u8fde\u9501(\u5357\u4eac\u9c7c\u5e02\u8857\u5e97)", "order_time": ["2019-01-18 09:43:53", "2019-01-18 09:49:53"], "total_order": 2, "hotel_value": ["3.9", "3.9"], "hotel_price": ["168", "178"]}, "1669477": {"hotel_name": "\u5357\u4eac\u65b0\u8857\u53e3\u996d\u5e97", "order_time": ["2019-01-18 09:43:53", "2019-01-18 09:49:53"], "total_order": 2, "hotel_value": ["4.1", "4.1"], "hotel_price": ["187", "164"]}, "1183473": {"hotel_name": "\u5c1a\u5ba2\u4f18\u5feb\u6377\u9152\u5e97(\u5357\u4eac\u65e0\u60f3\u5c71\u5730\u94c1\u7ad9\u5e97)", "order_time": ["2019-01-18 09:43:54"], "total_order": 1, "hotel_value": ["4.4"], "hotel_price": ["145"]}, "6330335": {"hotel_name": "\u5357\u4eac\u5b9c\u5bb6\u5feb\u6377\u5bbe\u9986", "order_time": ["2019-01-18 09:43:55"], "total_order": 1, "hotel_value": ["3.8"], "hotel_price": ["138"]}, "8682682": {"hotel_name": "\u5357\u4eac\u83b1\u8499\u7cbe\u54c1\u9752\u5e74\u516c\u5bd3", "order_time": ["2019-01-18 09:55:53", "2019-01-18 09:43:56"], "total_order": 2, "hotel_value": ["4.6", "4.6"], "hotel_price": ["78", "78"]}, "369782": {"hotel_name": "\u5357\u4eac\u6c34\u6e38\u57ce\u5047\u65e5\u9152\u5e97", "order_time": ["2019-01-18 09:44:00"], "total_order": 1, "hotel_value": ["4.6"], "hotel_price": ["919"]}, "404182": {"hotel_name": "\u5357\u4eac\u4e01\u5c71\u5bbe\u9986", "order_time": ["2019-01-18 09:44:00"], "total_order": 1, "hotel_value": ["4.4"], "hotel_price": ["289"]}, "2105409": {"hotel_name": "\u5357\u4eac\u7d2b\u8346\u56fd\u9645\u9152\u5e97\u516c\u5bd3", "order_time": ["2019-01-18 09:44:00"], "total_order": 1, "hotel_value": ["4.6"], "hotel_price": ["200"]}, "25289828": {"hotel_name": "\u5357\u4eac\u5f92\u884c\u964c\u5ba2\u9752\u5e74\u65c5\u820d", "order_time": ["2019-01-18 09:45:53"], "total_order": 1, "hotel_value": ["4.9"], "hotel_price": ["108"]}, "28709046": {"hotel_name": "\u5357\u4eac\u60a6\u6995\u9152\u5e97", "order_time": ["2019-01-18 09:45:53"], "total_order": 1, "hotel_value": [0], "hotel_price": ["263"]}, "474711": {"hotel_name": "\u5357\u4eac\u91d1\u9675\u6676\u5143\u5927\u9152\u5e97", "order_time": ["2019-01-18 09:45:54"], "total_order": 1, "hotel_value": ["4.5"], "hotel_price": ["527"]}, "21146667": {"hotel_name": "\u7ef4\u4e5f\u7eb3\u9152\u5e97(\u5357\u4eac\u4e94\u5858\u5e7f\u573a\u5730\u94c1\u7ad9\u5e97)", "order_time": ["2019-01-18 09:45:54"], "total_order": 1, "hotel_value": ["4.6"], "hotel_price": ["276"]}, "2295171": {"hotel_name": "7\u5929\u8fde\u9501\u9152\u5e97(\u5357\u4eac\u73e0\u6c5f\u8def\u4e1c\u5357\u5927\u5b66\u5e97)", "order_time": ["2019-01-18 09:45:55"], "total_order": 1, "hotel_value": ["4.2"], "hotel_price": ["242"]}, "1209436": {"hotel_name": "\u4e00\u7c73\u9633\u5149\u9152\u5e97\u516c\u5bd3(\u5357\u4eac\u80dc\u592a\u8def\u5e97)", "order_time": ["2019-01-18 09:45:57"], "total_order": 1, "hotel_value": ["4.7"], "hotel_price": ["248"]}, "12844219": {"hotel_name": "\u5357\u4eac\u9890\u90fd\u7cbe\u9009\u9152\u5e97", "order_time": ["2019-01-18 09:46:01"], "total_order": 1, "hotel_value": ["4.3"], "hotel_price": ["198"]}, "11668829": {"hotel_name": "\u82b1\u7b51\u00b7\u5357\u4eac\u6c64\u5c71\u5de6\u90bb\u53f3\u820d\u6e29\u6cc9\u5ba2\u6808", "order_time": ["2019-01-18 09:46:01"], "total_order": 1, "hotel_value": ["4.8"], "hotel_price": ["949"]}, "1454476": {"hotel_name": "\u5982\u5bb6\u5546\u65c5\u9152\u5e97(\u5357\u4eac\u65b0\u57ce\u5e02\u5e7f\u573a\u9f99\u6c5f\u5730\u94c1\u7ad9\u5e97)", "order_time": ["2019-01-18 09:46:01"], "total_order": 1, "hotel_value": ["4.6"], "hotel_price": ["395"]}, "8574621": {"hotel_name": "\u6613\u4f70\u826f\u54c1\u9152\u5e97(\u5357\u4eac\u5357\u7ad9\u53cc\u9f99\u5927\u9053\u5730\u94c1\u7ad9\u5e97)", "order_time": ["2019-01-18 10:05:57", "2019-01-18 09:46:01"], "total_order": 2, "hotel_value": ["4.3", "4.3"], "hotel_price": ["189", "189"]}, "21795380": {"hotel_name": "\u7ef4\u4e5f\u7eb3\u56fd\u9645\u9152\u5e97(\u5357\u4eac\u7af9\u5c71\u8def\u5730\u94c1\u7ad9\u5e97)", "order_time": ["2019-01-18 09:46:01"], "total_order": 1, "hotel_value": ["4.7"], "hotel_price": ["308"]}, "1945283": {"hotel_name": "\u5357\u4eac\u6da6\u8473\u9152\u5e97", "order_time": ["2019-01-18 09:46:03"], "total_order": 1, "hotel_value": ["4.7"], "hotel_price": ["329"]}, "691197": {"hotel_name": "\u5357\u4eac\u767d\u5bab\u5927\u9152\u5e97", "order_time": ["2019-01-18 09:46:03"], "total_order": 1, "hotel_value": ["4.2"], "hotel_price": ["268"]}, "1946048": {"hotel_name": "\u5c1a\u5ba2\u4f18\u5feb\u6377\u9152\u5e97(\u5357\u4eac\u4e2d\u534e\u95e8\u5730\u94c1\u7ad9\u5e97)", "order_time": ["2019-01-18 09:46:03"], "total_order": 1, "hotel_value": ["4.1"], "hotel_price": ["187"]}, "1453801": {"hotel_name": "\u5982\u5bb6\u5feb\u6377\u9152\u5e97(\u5357\u4eac\u957f\u9014\u6c7d\u8f66\u4e1c\u7ad9\u6797\u4e1a\u5927\u5b66\u65b0\u5e84\u5730\u94c1\u7ad9\u5e97)", "order_time": ["2019-01-18 09:46:05"], "total_order": 1, "hotel_value": ["4.5"], "hotel_price": ["210"]}, "22825276": {"hotel_name": "\u5357\u4eac\u8bc1\u5927\u5168\u60a6\u516c\u5bd3", "order_time": ["2019-01-18 10:15:52", "2019-01-18 09:47:52", "2019-01-18 10:13:52"], "total_order": 3, "hotel_value": ["4.7", "4.7", "4.7"], "hotel_price": ["263", "263", "263"]}, "22825205": {"hotel_name": "\u5357\u4eac\u7d2b\u7384\u9152\u5e97", "order_time": ["2019-01-18 09:47:52", "2019-01-18 10:09:55", "2019-01-18 10:03:53"], "total_order": 3, "hotel_value": ["4.9", "4.9", "4.9"], "hotel_price": ["622", "622", "622"]}, "470827": {"hotel_name": "\u9526\u6c5f\u5357\u4eac\u996d\u5e97", "order_time": ["2019-01-18 10:15:51", "2019-01-18 09:47:52", "2019-01-18 10:03:53"], "total_order": 3, "hotel_value": ["4.8", "4.8", "4.8"], "hotel_price": ["408", "408", "408"]}, "8445718": {"hotel_name": "Q\u52a0\u00b7\u5357\u4eac\u5b81\u822a\u82b1\u56ed\u9152\u5e97(\u539f\u5b81\u884c\u82b1\u56ed\u9152\u5e97)", "order_time": ["2019-01-18 09:47:52"], "total_order": 1, "hotel_value": ["4.8"], "hotel_price": ["143"]}, "1085671": {"hotel_name": "\u5e03\u4e01\u9152\u5e97(\u5357\u4eac\u4e2d\u5c71\u9675\u5b5d\u9675\u536b\u5e97)", "order_time": ["2019-01-18 09:47:53"], "total_order": 1, "hotel_value": ["3.7"], "hotel_price": ["111"]}, "1457946": {"hotel_name": "\u5357\u4eac\u4e94\u4e00\u5bbe\u9986", "order_time": ["2019-01-18 09:47:53"], "total_order": 1, "hotel_value": ["4.5"], "hotel_price": ["254"]}, "1441505": {"hotel_name": "\u5357\u4eac\u53e4\u5357\u90fd\u7389\u6f9c\u5ead\u9152\u5e97", "order_time": ["2019-01-18 09:47:53"], "total_order": 1, "hotel_value": ["4.6"], "hotel_price": ["286"]}, "854464": {"hotel_name": "\u5357\u4eac\u9ad8\u697c\u95e8\u996d\u5e97", "order_time": ["2019-01-18 09:47:53"], "total_order": 1, "hotel_value": ["4.4"], "hotel_price": ["398"]}, "23917986": {"hotel_name": "\u5357\u4eacMY HOTEL", "order_time": ["2019-01-18 10:07:53", "2019-01-18 09:47:53"], "total_order": 2, "hotel_value": ["4.6", "4.6"], "hotel_price": ["310", "310"]}, "9628580": {"hotel_name": "\u7eb3\u7ef4\u4e9a\u9152\u5e97\u516c\u5bd3(\u5357\u4eac\u5357\u7ad9\u5e97)", "order_time": ["2019-01-18 09:47:53"], "total_order": 1, "hotel_value": ["4.7"], "hotel_price": ["298"]}, "1938309": {"hotel_name": "\u9526\u6c5f\u4e4b\u661f(\u5357\u4eac\u83ab\u6101\u6e56\u5e97)", "order_time": ["2019-01-18 09:47:54"], "total_order": 1, "hotel_value": ["4.4"], "hotel_price": ["366"]}, "21936730": {"hotel_name": "\u5357\u4eac\u5927\u5730\u541b\u60a6\u9152\u5e97", "order_time": ["2019-01-18 09:47:56"], "total_order": 1, "hotel_value": ["4.6"], "hotel_price": ["313"]}, "9584248": {"hotel_name": "\u5357\u4eac\u7ea2\u661f\u9752\u5e74\u516c\u5bd3", "order_time": ["2019-01-18 09:47:57"], "total_order": 1, "hotel_value": [0], "hotel_price": ["36"]}, "15944957": {"hotel_name": "\u5168\u5b63\u9152\u5e97(\u5357\u4eac\u65b0\u8857\u53e3\u6237\u90e8\u8857\u5e97)", "order_time": ["2019-01-18 09:48:01"], "total_order": 1, "hotel_value": ["4.7"], "hotel_price": ["427"]}, "427748": {"hotel_name": "\u6c47\u4e3d\u9152\u5e97(\u5357\u4eac\u519b\u533a\u603b\u9662\u5e97)", "order_time": ["2019-01-18 09:49:52"], "total_order": 1, "hotel_value": ["4.4"], "hotel_price": ["159"]}, "811704": {"hotel_name": "\u6e05\u6c90\u8fde\u9501\u9152\u5e97(\u5357\u4eac\u5c71\u897f\u8def\u4e2d\u5c71\u5317\u8def\u5e03\u6599\u57ce\u5e97)", "order_time": ["2019-01-18 09:49:52"], "total_order": 1, "hotel_value": ["4.3"], "hotel_price": ["244"]}, "1688221": {"hotel_name": "\u5357\u4eac\u9999\u683c\u4e91\u5929\u5bbe\u9986", "order_time": ["2019-01-18 09:49:53"], "total_order": 1, "hotel_value": ["4.3"], "hotel_price": ["83"]}, "6023764": {"hotel_name": "\u5357\u4eac\u65b0\u5bcc\u57ce\u5bbe\u9986\u592b\u5b50\u5e99\u5e97", "order_time": ["2019-01-18 09:49:53"], "total_order": 1, "hotel_value": ["4.4"], "hotel_price": ["173"]}, "1198450": {"hotel_name": "\u5357\u4eac\u96c5\u5170\u9601\u5bbe\u9986", "order_time": ["2019-01-18 09:49:53"], "total_order": 1, "hotel_value": ["4.1"], "hotel_price": ["198"]}, "1861566": {"hotel_name": "\u5357\u4eac\u827e\u68ee\u65f6\u5c1a\u5546\u52a1\u65c5\u5e97", "order_time": ["2019-01-18 09:49:53"], "total_order": 1, "hotel_value": ["3.8"], "hotel_price": ["138"]}, "2300912": {"hotel_name": "7\u5929\u8fde\u9501\u9152\u5e97(\u5357\u4eac\u603b\u7edf\u5e9c\u897f\u5b89\u95e8\u5730\u94c1\u7ad9\u5e97)(\u539f\u4e2d\u5c71\u4e1c\u8def\u603b\u7edf\u5e9c\u5e97)", "order_time": ["2019-01-18 09:49:54"], "total_order": 1, "hotel_value": ["4.4"], "hotel_price": ["198"]}, "9029692": {"hotel_name": "\u6446\u6e21\u4eba\u56fd\u9645\u9752\u5e74\u65c5\u820d", "order_time": ["2019-01-18 09:49:55"], "total_order": 1, "hotel_value": ["4.7"], "hotel_price": ["49"]}, "1259399": {"hotel_name": "\u5357\u4eac\u7fe0\u5b87\u5bbe\u9986", "order_time": ["2019-01-18 09:49:58"], "total_order": 1, "hotel_value": ["3.7"], "hotel_price": ["96"]}, "1946078": {"hotel_name": "\u5357\u4eac\u53e4\u5357\u90fd\u4e94D\u6795\u9152\u5e97", "order_time": ["2019-01-18 09:51:51"], "total_order": 1, "hotel_value": ["4.7"], "hotel_price": ["249"]}, "1281183": {"hotel_name": "\u6c49\u5ead\u9152\u5e97(\u5357\u4eac\u9f13\u697c\u5e97)", "order_time": ["2019-01-18 09:51:52"], "total_order": 1, "hotel_value": ["4.4"], "hotel_price": ["246"]}, "13914586": {"hotel_name": "\u5357\u4eac\u745e\u65af\u4e3d\u9152\u5e97", "order_time": ["2019-01-18 09:51:52"], "total_order": 1, "hotel_value": ["4.5"], "hotel_price": ["518"]}, "4386324": {"hotel_name": "\u6d77\u53cb\u826f\u54c1\u9152\u5e97(\u5357\u4eac\u592b\u5b50\u5e99\u5e97)", "order_time": ["2019-01-18 09:51:52"], "total_order": 1, "hotel_value": ["4.5"], "hotel_price": ["284"]}, "6111337": {"hotel_name": "\u5357\u4eac\u5fa1\u51a0\u9152\u5e97", "order_time": ["2019-01-18 09:51:52"], "total_order": 1, "hotel_value": ["4.7"], "hotel_price": ["573"]}, "2783279": {"hotel_name": "\u5e03\u4e01\u9152\u5e97(\u5357\u4eac\u5357\u7ad9\u53cc\u9f99\u5927\u9053\u5730\u94c1\u7ad9\u5e97)", "order_time": ["2019-01-18 09:51:52"], "total_order": 1, "hotel_value": ["4.3"], "hotel_price": ["170"]}, "1415350": {"hotel_name": "\u5357\u4eac\u4e00\u7c73\u9633\u5149\u9152\u5e97\u516c\u5bd3", "order_time": ["2019-01-18 09:51:53", "2019-01-18 10:15:52"], "total_order": 2, "hotel_value": ["4.2", "4.2"], "hotel_price": ["228", "228"]}, "7363448": {"hotel_name": "\u5357\u4eac\u672a\u6765\u6811\u751f\u6d3b\u9152\u5e97", "order_time": ["2019-01-18 09:51:53"], "total_order": 1, "hotel_value": ["4.5"], "hotel_price": ["368"]}, "1954858": {"hotel_name": "\u5357\u4eac\u5b81\u987a\u62db\u5f85\u6240", "order_time": ["2019-01-18 09:51:53"], "total_order": 1, "hotel_value": ["3.0"], "hotel_price": ["66"]}, "8137066": {"hotel_name": "\u5357\u4eac\u5c0f\u9690\u6c64\u6cc9\u82b1\u6d77\u5ea6\u5047\u9152\u5e97", "order_time": ["2019-01-18 09:51:53"], "total_order": 1, "hotel_value": ["4.7"], "hotel_price": ["687"]}, "6750294": {"hotel_name": "\u5357\u4eac\u503e\u57ce\u7cbe\u54c1\u516c\u5bd3", "order_time": ["2019-01-18 09:51:55"], "total_order": 1, "hotel_value": ["4.2"], "hotel_price": ["163"]}, "473477": {"hotel_name": "\u5e03\u4e01\u9152\u5e97(\u5357\u4eac\u706b\u8f66\u7ad9\u5317\u5e7f\u573a\u5e97)", "order_time": ["2019-01-18 09:51:55"], "total_order": 1, "hotel_value": ["3.8"], "hotel_price": ["150"]}, "6360261": {"hotel_name": "\u5357\u4eac\u6708\u5149\u4e4b\u57ce\u56fd\u9645\u9752\u5e74\u65c5\u820d", "order_time": ["2019-01-18 09:51:55"], "total_order": 1, "hotel_value": ["4.7"], "hotel_price": ["68"]}, "6645069": {"hotel_name": "\u6613\u4f70\u826f\u54c1\u9152\u5e97(\u5357\u4eac\u5357\u7ad9\u5317\u5e7f\u573a\u5e97)", "order_time": ["2019-01-18 09:53:52"], "total_order": 1, "hotel_value": ["4.2"], "hotel_price": ["192"]}, "1697461": {"hotel_name": "\u5e03\u4e01\u9152\u5e97(\u5357\u4eac\u73e0\u6c5f\u8def\u5730\u94c1\u7ad9\u5e97)", "order_time": ["2019-01-18 09:53:52"], "total_order": 1, "hotel_value": ["3.6"], "hotel_price": ["209"]}, "534064": {"hotel_name": "\u683c\u6797\u8c6a\u6cf0(\u5357\u4eac\u5c71\u897f\u8def\u5e97)", "order_time": ["2019-01-18 09:53:52"], "total_order": 1, "hotel_value": ["3.4"], "hotel_price": ["227"]}, "7067265": {"hotel_name": "\u6c49\u5ead\u4f18\u4f73\u9152\u5e97(\u5357\u4eac\u5965\u4f53\u4e2d\u5fc3\u5e97)", "order_time": ["2019-01-18 09:53:52"], "total_order": 1, "hotel_value": ["4.7"], "hotel_price": ["399"]}, "1359818": {"hotel_name": "\u5e03\u4e01\u9152\u5e97(\u5357\u4eac\u4ed9\u6797\u5927\u5b66\u57ce\u5e97)", "order_time": ["2019-01-18 09:53:53", "2019-01-18 10:17:53"], "total_order": 2, "hotel_value": ["3.6", "3.6"], "hotel_price": ["99", "99"]}, "2646998": {"hotel_name": "\u5982\u5bb6\u5feb\u6377\u9152\u5e97(\u5357\u4eac\u592b\u5b50\u5e99\u8001\u95e8\u4e1c\u6b66\u5b9a\u95e8\u5730\u94c1\u7ad9\u5e97)", "order_time": ["2019-01-18 09:53:53"], "total_order": 1, "hotel_value": ["4.5"], "hotel_price": ["307"]}, "1943440": {"hotel_name": "\u5357\u4eac\u6d66\u4e1c\u58f9\u53f7\u9152\u5e97", "order_time": ["2019-01-18 09:53:53", "2019-01-18 10:03:53"], "total_order": 2, "hotel_value": ["4.2", "4.2"], "hotel_price": ["183", "183"]}, "22774847": {"hotel_name": "\u5357\u4eac\u9752\u7389\u6d01\u51e1\u5bbe\u9986", "order_time": ["2019-01-18 09:53:53"], "total_order": 1, "hotel_value": ["4.9"], "hotel_price": ["120"]}, "15899728": {"hotel_name": "\u5357\u4eac\u4f0a\u8428\u5361\u9152\u5e97\u516c\u5bd3", "order_time": ["2019-01-18 09:53:54"], "total_order": 1, "hotel_value": ["4.5"], "hotel_price": ["206"]}, "2728633": {"hotel_name": "\u5357\u4eac\u82f1\u4e54\u8c6a\u4eab\u5546\u52a1\u9152\u5e97", "order_time": ["2019-01-18 09:53:54"], "total_order": 1, "hotel_value": ["4.2"], "hotel_price": ["129"]}, "1642732": {"hotel_name": "\u5357\u4eac\u5929\u7c41\u5bbe\u9986", "order_time": ["2019-01-18 09:53:57"], "total_order": 1, "hotel_value": ["4.3"], "hotel_price": ["126"]}, "1715805": {"hotel_name": "\u6613\u4f70\u9152\u5e97(\u5357\u4eac\u6c5f\u5b81\u5927\u5b66\u57ce\u6587\u9f0e\u5e7f\u573a\u5e97)", "order_time": ["2019-01-18 09:55:52", "2019-01-18 10:03:53"], "total_order": 2, "hotel_value": ["4.2", "4.2"], "hotel_price": ["228", "228"]}, "1853810": {"hotel_name": "\u5357\u4eac\u8292\u679c\u9152\u5e97", "order_time": ["2019-01-18 09:55:53"], "total_order": 1, "hotel_value": ["4.3"], "hotel_price": ["203"]}, "1452143": {"hotel_name": "\u5982\u5bb6\u5feb\u6377\u9152\u5e97(\u5357\u4eac\u96e8\u82b1\u95e8\u5730\u94c1\u7ad9\u5927\u660e\u8def\u5e97)", "order_time": ["2019-01-18 09:55:53"], "total_order": 1, "hotel_value": ["4.1"], "hotel_price": ["189"]}, "798507": {"hotel_name": "\u5357\u4eac\u6021\u5bbe\u65c5\u9986", "order_time": ["2019-01-18 09:55:55"], "total_order": 1, "hotel_value": ["3.7"], "hotel_price": ["69"]}, "2069884": {"hotel_name": "\u5357\u4eac\u7231\u5c1a\u82b1\u56ed\u9152\u5e97\u516c\u5bd3", "order_time": ["2019-01-18 09:57:53"], "total_order": 1, "hotel_value": ["4.6"], "hotel_price": ["296"]}, "1854040": {"hotel_name": "\u9a8f\u6021\u8fde\u9501\u9152\u5e97(\u5357\u4eac\u7384\u6b66\u6e56\u4e2d\u5c71\u9675\u666f\u533a\u5e97)", "order_time": ["2019-01-18 09:57:53"], "total_order": 1, "hotel_value": ["4.4"], "hotel_price": ["222"]}, "971085": {"hotel_name": "\u5357\u4eac\u6f2b\u8015\u5047\u65e5\u9152\u5e97", "order_time": ["2019-01-18 09:57:53"], "total_order": 1, "hotel_value": ["4.3"], "hotel_price": ["135"]}, "6870641": {"hotel_name": "\u5168\u5b63\u9152\u5e97(\u5357\u4eac\u706b\u8f66\u7ad9\u5e97)", "order_time": ["2019-01-18 09:57:53", "2019-01-18 10:09:54"], "total_order": 2, "hotel_value": ["4.7", "4.7"], "hotel_price": ["398", "398"]}, "21826827": {"hotel_name": "\u5b9c\u5fc5\u601d\u5c1a\u54c1\u9152\u5e97(\u5357\u4eac\u5357\u7ad9\u5317\u5e7f\u573a\u5e97)", "order_time": ["2019-01-18 09:57:53"], "total_order": 1, "hotel_value": ["4.6"], "hotel_price": ["370"]}, "7953996": {"hotel_name": "\u81f4\u7231\u4e3b\u9898\u9152\u5e97(\u5357\u4eac\u5357\u822a\u7fe0\u5c4f\u5c71\u5730\u94c1\u7ad9\u5e97)", "order_time": ["2019-01-18 09:57:53"], "total_order": 1, "hotel_value": ["4.0"], "hotel_price": ["154"]}, "1633141": {"hotel_name": "\u5357\u4eac\u4ec1\u6052\u8f89\u76db\u9601\u56fd\u9645\u516c\u5bd3", "order_time": ["2019-01-18 09:57:53"], "total_order": 1, "hotel_value": ["4.7"], "hotel_price": ["918"]}, "1618811": {"hotel_name": "\u5357\u4eac\u4e1c\u5357\u5927\u5b66\u683c\u6797\u5bbe\u9986", "order_time": ["2019-01-18 09:57:53"], "total_order": 1, "hotel_value": ["4.1"], "hotel_price": ["268"]}, "1500204": {"hotel_name": "\u5357\u4eac\u5a9a\u9999\u5bbe\u9986", "order_time": ["2019-01-18 09:57:54"], "total_order": 1, "hotel_value": ["4.6"], "hotel_price": ["318"]}, "2269032": {"hotel_name": "\u9e97\u67ab\u9152\u5e97(\u5357\u4eac\u6c34\u897f\u95e8\u5927\u8857\u5e97)", "order_time": ["2019-01-18 09:57:55"], "total_order": 1, "hotel_value": ["4.7"], "hotel_price": ["396"]}, "481331": {"hotel_name": "\u5357\u4eac\u4fdd\u9669\u5927\u53a6", "order_time": ["2019-01-18 09:59:51"], "total_order": 1, "hotel_value": ["4.2"], "hotel_price": ["246"]}, "5917347": {"hotel_name": "\u6854\u5b50\u9152\u5e97\u00b7\u7cbe\u9009(\u5357\u4eac\u738b\u5e9c\u5927\u8857\u5e97)", "order_time": ["2019-01-18 09:59:51"], "total_order": 1, "hotel_value": ["4.8"], "hotel_price": ["417"]}, "811658": {"hotel_name": "\u6e05\u6c90\u8fde\u9501\u9152\u5e97(\u5357\u4eac\u5357\u7ad9\u5927\u660e\u8def\u5e97)", "order_time": ["2019-01-18 09:59:51"], "total_order": 1, "hotel_value": ["4.5"], "hotel_price": ["147"]}, "667018": {"hotel_name": "\u5357\u4eac\u53e4\u5357\u90fd\u660e\u57fa\u9152\u5e97", "order_time": ["2019-01-18 09:59:51"], "total_order": 1, "hotel_value": ["4.7"], "hotel_price": ["363"]}, "1773750": {"hotel_name": "\u5357\u4eac\u94c2\u7eb3\u5c4b\u56fd\u9645\u516c\u5bd3(\u539f\u535a\u7eb3\u5c4b\u56fd\u9645\u516c\u5bd3)", "order_time": ["2019-01-18 09:59:52"], "total_order": 1, "hotel_value": ["4.5"], "hotel_price": ["292"]}, "6019844": {"hotel_name": "\u5357\u4eac\u5c1a\u4f73\u5c45\u5546\u52a1\u9152\u5e97", "order_time": ["2019-01-18 09:59:52"], "total_order": 1, "hotel_value": ["3.8"], "hotel_price": ["167"]}, "1946035": {"hotel_name": "\u5c16\u5fae\u7a7a\u95f4\u827a\u672f\u9152\u5e97(\u5357\u4eac\u592b\u5b50\u5e99\u5e97)", "order_time": ["2019-01-18 10:15:52", "2019-01-18 09:59:52"], "total_order": 2, "hotel_value": ["4.7", "4.7"], "hotel_price": ["268", "268"]}, "9067568": {"hotel_name": "\u9a8f\u6021\u8fde\u9501\u9152\u5e97(\u5357\u4eac\u53e4\u5e73\u5c97\u5e97)", "order_time": ["2019-01-18 09:59:53"], "total_order": 1, "hotel_value": ["4.1"], "hotel_price": ["268"]}, "1623511": {"hotel_name": "\u683c\u6797\u8c6a\u6cf0\u8d1d\u58f3\u9152\u5e97(\u5357\u4eac\u6e56\u5357\u8def\u72ee\u5b50\u6865\u6b65\u884c\u8857\u5e97)(\u539f\u4e9a\u7279\u5170\u5546\u52a1\u9152\u5e97)", "order_time": ["2019-01-18 09:59:53"], "total_order": 1, "hotel_value": ["4.3"], "hotel_price": ["229"]}, "8574644": {"hotel_name": "\u5357\u4eac\u70ed\u7a9d\u5927\u9152\u5e97", "order_time": ["2019-01-18 09:59:53"], "total_order": 1, "hotel_value": ["4.2"], "hotel_price": ["159"]}, "5175045": {"hotel_name": "\u5357\u4eac\u73af\u5b87\u56fd\u9645\u9152\u5e97\u516c\u5bd3", "order_time": ["2019-01-18 09:59:53"], "total_order": 1, "hotel_value": ["4.6"], "hotel_price": ["336"]}, "1470145": {"hotel_name": "\u5357\u4eac\u6728\u6797\u68ee\u5f71\u9662\u9152\u5e97\u516c\u5bd3", "order_time": ["2019-01-18 09:59:53"], "total_order": 1, "hotel_value": ["4.2"], "hotel_price": ["287"]}, "1954385": {"hotel_name": "\u5357\u4eac\u7855\u8fbe\u5feb\u6377\u5bbe\u9986", "order_time": ["2019-01-18 09:59:54"], "total_order": 1, "hotel_value": ["3.9"], "hotel_price": ["128"]}, "23852218": {"hotel_name": "\u5357\u4eac\u5c0f\u8fb0\u4e00\u5c4b\u5ba2\u6808", "order_time": ["2019-01-18 09:59:55"], "total_order": 1, "hotel_value": ["4.9"], "hotel_price": ["339"]}, "457938": {"hotel_name": "\u7ef4\u4e5f\u7eb3\u9152\u5e97(\u5357\u4eac\u957f\u6c5f\u5927\u6865\u9605\u6c5f\u697c\u5e97)", "order_time": ["2019-01-18 10:01:51"], "total_order": 1, "hotel_value": ["4.8"], "hotel_price": ["345"]}, "4436718": {"hotel_name": "\u5357\u4eac\u91d1\u9e70\u7687\u51a0\u884c\u653f\u516c\u5bd3", "order_time": ["2019-01-18 10:01:52"], "total_order": 1, "hotel_value": ["4.7"], "hotel_price": ["798"]}, "14791076": {"hotel_name": "\u5357\u4eac\u7985\u5b81\u9601\u5546\u52a1\u9152\u5e97", "order_time": ["2019-01-18 10:01:52"], "total_order": 1, "hotel_value": ["4.8"], "hotel_price": ["193"]}, "1943360": {"hotel_name": "\u69b4\u83b2\u5c0f\u661f\u7cd6\u679c\u9152\u5e97(\u5357\u4eac\u7384\u6b66\u6e56\u5e97)", "order_time": ["2019-01-18 10:07:53", "2019-01-18 10:01:52", "2019-01-18 10:11:53"], "total_order": 3, "hotel_value": ["4.2", "4.2", "4.2"], "hotel_price": ["248", "248", "248"]}, "2857752": {"hotel_name": "\u683c\u6797\u8c6a\u6cf0(\u5357\u4eac\u5357\u7ad9\u5357\u5e7f\u573a\u5e97)", "order_time": ["2019-01-18 10:01:52"], "total_order": 1, "hotel_value": ["4.4"], "hotel_price": ["243"]}, "5816757": {"hotel_name": "\u6c49\u5ead\u9152\u5e97(\u5357\u4eac\u5965\u4f53\u4e2d\u5fc3\u4e8c\u5e97)", "order_time": ["2019-01-18 10:01:52"], "total_order": 1, "hotel_value": ["4.5"], "hotel_price": ["294"]}, "5451854": {"hotel_name": "\u5357\u4eac\u91d1\u9e70\u56fd\u9645\u9152\u5e97", "order_time": ["2019-01-18 10:05:53", "2019-01-18 10:05:59", "2019-01-18 10:01:53", "2019-01-18 10:11:52", "2019-01-18 10:05:57"], "total_order": 5, "hotel_value": ["4.9", "4.9", "4.9", "4.9", "4.9"], "hotel_price": ["882", "882", "882", "882", "882"]}, "2259986": {"hotel_name": "\u5357\u4eac\u4e50\u4e0a\u9152\u5e97\u516c\u5bd3", "order_time": ["2019-01-18 10:01:53"], "total_order": 1, "hotel_value": ["4.5"], "hotel_price": ["182"]}, "22562651": {"hotel_name": "\u7d2b\u85e4\u82b1\u56ed\u9152\u5e97\u5f0f\u516c\u5bd3(\u5357\u4eac\u5357\u7ad9\u5e97)", "order_time": ["2019-01-18 10:01:53"], "total_order": 1, "hotel_value": ["4.7"], "hotel_price": ["332"]}, "1626228": {"hotel_name": "\u57ce\u5e02\u4fbf\u6377\u9152\u5e97(\u5357\u4eac\u65b0\u6a21\u8303\u9a6c\u8def\u5730\u94c1\u7ad9\u5e97)", "order_time": ["2019-01-18 10:01:54"], "total_order": 1, "hotel_value": ["3.2"], "hotel_price": ["239"]}, "15899656": {"hotel_name": "\u5357\u4eac\u69b4\u604b\u5047\u65e5\u9152\u5e97\u5f0f\u516c\u5bd3", "order_time": ["2019-01-18 10:03:52"], "total_order": 1, "hotel_value": ["4.6"], "hotel_price": ["348"]}, "1209418": {"hotel_name": "\u83ab\u6cf0168(\u5357\u4eac\u592b\u5b50\u5e99\u4e09\u5c71\u8857\u5730\u94c1\u7ad9\u5e97)", "order_time": ["2019-01-18 10:03:52"], "total_order": 1, "hotel_value": ["4.6"], "hotel_price": ["230"]}, "435799": {"hotel_name": "\u6c49\u5ead\u9152\u5e97(\u5357\u4eac\u9f99\u6c5f\u5b9a\u6dee\u95e8\u5927\u8857\u5e97)", "order_time": ["2019-01-18 10:03:53"], "total_order": 1, "hotel_value": ["3.9"], "hotel_price": ["341"]}, "4602523": {"hotel_name": "\u673a\u573a\u5bbe\u9986(\u5357\u4eac\u592b\u5b50\u5e99\u5e97)(\u539f\u9f99\u87e0\u4e2d\u8def\u5e97)", "order_time": ["2019-01-18 10:03:53"], "total_order": 1, "hotel_value": ["4.7"], "hotel_price": ["400"]}, "1647807": {"hotel_name": "\u6ea7\u6c34\u534e\u5ead\u5bbe\u9986", "order_time": ["2019-01-18 10:03:54"], "total_order": 1, "hotel_value": ["4.6"], "hotel_price": ["103"]}, "5982348": {"hotel_name": "\u5357\u4eac\u767e\u5408\u4e3b\u9898\u5bbe\u9986", "order_time": ["2019-01-18 10:03:55"], "total_order": 1, "hotel_value": ["4.3"], "hotel_price": ["123"]}, "1943455": {"hotel_name": "\u5357\u4eac\u4e0b\u6c5f\u5357\u5546\u52a1\u9152\u5e97", "order_time": ["2019-01-18 10:03:55"], "total_order": 1, "hotel_value": ["4.0"], "hotel_price": ["103"]}, "15899602": {"hotel_name": "\u5357\u4eac\u9752\u6625\u7cbe\u54c1\u516c\u5bd3", "order_time": ["2019-01-18 10:03:56"], "total_order": 1, "hotel_value": ["2.6"], "hotel_price": ["108"]}, "24003770": {"hotel_name": "\u5b9c\u5c1a\u9152\u5e97(\u5357\u4eac\u5929\u5370\u5927\u9053\u5730\u94c1\u7ad9\u5e97)", "order_time": ["2019-01-18 10:05:53"], "total_order": 1, "hotel_value": ["4.8"], "hotel_price": ["304"]}, "811664": {"hotel_name": "\u6e05\u6c90\u8fde\u9501\u9152\u5e97(\u5357\u4eac\u4e39\u51e4\u8857\u6052\u57fa\u516c\u5bd3\u5e97)", "order_time": ["2019-01-18 10:05:53"], "total_order": 1, "hotel_value": ["4.2"], "hotel_price": ["259"]}, "1645867": {"hotel_name": "\u6e05\u6c90\u8fde\u9501\u9152\u5e97(\u5357\u4eac\u6339\u6c5f\u95e8\u5e97)", "order_time": ["2019-01-18 10:05:53"], "total_order": 1, "hotel_value": ["4.3"], "hotel_price": ["229"]}, "662500": {"hotel_name": "\u5357\u4eac\u660e\u65e5\u5927\u9152\u5e97", "order_time": ["2019-01-18 10:05:53"], "total_order": 1, "hotel_value": ["4.6"], "hotel_price": ["337"]}, "14002765": {"hotel_name": "\u5357\u4eac\u9999\u8212\u9601\u5bbe\u9986", "order_time": ["2019-01-18 10:05:53"], "total_order": 1, "hotel_value": ["4.9"], "hotel_price": ["95"]}, "795167": {"hotel_name": "\u5357\u4eac\u5170\u67ab\u9152\u5e97", "order_time": ["2019-01-18 10:05:53"], "total_order": 1, "hotel_value": ["3.9"], "hotel_price": ["96"]}, "3292061": {"hotel_name": "\u5357\u4eac\u5357\u5e7f\u5bbe\u9986", "order_time": ["2019-01-18 10:05:54"], "total_order": 1, "hotel_value": ["3.6"], "hotel_price": ["500"]}, "17996519": {"hotel_name": "\u5357\u4eac\u673a\u573a\u7761\u5427\u9152\u5e97", "order_time": ["2019-01-18 10:05:54"], "total_order": 1, "hotel_value": ["4.4"], "hotel_price": ["262"]}, "4727722": {"hotel_name": "\u548c\u6c5f\u5546\u52a1\u5bbe\u9986(\u5357\u4eac\u519b\u533a\u603b\u9662\u822a\u7a7a\u822a\u5929\u5927\u5b66\u5e97)", "order_time": ["2019-01-18 10:05:54"], "total_order": 1, "hotel_value": ["3.5"], "hotel_price": ["133"]}, "6124655": {"hotel_name": "\u7ef4\u4e5f\u7eb3\u9152\u5e97(\u5357\u4eac\u516d\u5408\u533a\u653f\u5e9c\u9f99\u6c60\u5730\u94c1\u7ad9\u5e97)", "order_time": ["2019-01-18 10:05:54"], "total_order": 1, "hotel_value": ["4.6"], "hotel_price": ["202"]}, "1945317": {"hotel_name": "\u5357\u4eac\u6c64\u6cc9\u5bbe\u9986", "order_time": ["2019-01-18 10:13:53", "2019-01-18 10:05:55"], "total_order": 2, "hotel_value": ["4.2", "4.2"], "hotel_price": ["195", "195"]}, "6407392": {"hotel_name": "\u5357\u4eac\u7b11\u7b11\u5bbe\u9986\u5e7f\u5dde\u8def\u5e97", "order_time": ["2019-01-18 10:05:56"], "total_order": 1, "hotel_value": ["3.1"], "hotel_price": ["148"]}, "3327690": {"hotel_name": "\u6c64\u5c71\u7d2b\u6e05\u6e56\u6e29\u6cc9\u5ea6\u5047\u9152\u5e97", "order_time": ["2019-01-18 10:05:57"], "total_order": 1, "hotel_value": ["4.8"], "hotel_price": ["849"]}, "1635045": {"hotel_name": "\u5357\u4eac\u82f1\u5c0a\u5047\u65e5\u9152\u5e97", "order_time": ["2019-01-18 10:05:57"], "total_order": 1, "hotel_value": ["4.1"], "hotel_price": ["248"]}, "1376610": {"hotel_name": "\u5357\u4eac\u5b81\u777f\u65c5\u793e", "order_time": ["2019-01-18 10:05:57"], "total_order": 1, "hotel_value": ["2.5"], "hotel_price": ["66"]}, "6798819": {"hotel_name": "\u5357\u4eac\u91d1\u76fe\u996d\u5e97", "order_time": ["2019-01-18 10:05:57"], "total_order": 1, "hotel_value": ["4.5"], "hotel_price": ["339"]}, "4640933": {"hotel_name": "\u6854\u5b50\u9152\u5e97\u00b7\u7cbe\u9009(\u5357\u4eac\u5b89\u5fb7\u95e8\u5e97)", "order_time": ["2019-01-18 10:07:53"], "total_order": 1, "hotel_value": ["4.9"], "hotel_price": ["341"]}, "5311088": {"hotel_name": "\u5357\u4eac\u99a8\u8309\u8389\u82b1\u56ed\u9152\u5e97", "order_time": ["2019-01-18 10:07:54"], "total_order": 1, "hotel_value": ["4.7"], "hotel_price": ["871"]}, "1837037": {"hotel_name": "\u94f6\u674f\u82b1\u56ed\u9152\u5e97(\u5357\u4eac\u5357\u7ad9\u6c5f\u5b81\u4e07\u8fbe\u5e97)", "order_time": ["2019-01-18 10:07:54"], "total_order": 1, "hotel_value": ["4.6"], "hotel_price": ["144"]}, "1836219": {"hotel_name": "\u82f9\u679c\u9152\u5e97(\u5357\u4eac\u4e01\u5bb6\u6865\u5e97)", "order_time": ["2019-01-18 10:07:55"], "total_order": 1, "hotel_value": ["3.7"], "hotel_price": ["171"]}, "15342933": {"hotel_name": "\u6d77\u660e\u5a01\u7cbe\u54c1\u9152\u5e97\u516c\u5bd3(\u5357\u4eac\u5929\u9686\u5bfa\u5730\u94c1\u7ad9\u5e97)", "order_time": ["2019-01-18 10:07:56"], "total_order": 1, "hotel_value": ["4.8"], "hotel_price": ["296"]}, "12053031": {"hotel_name": "\u53f6\u5b50\u4e3b\u9898\u7cbe\u54c1\u9152\u5e97(\u5de5\u4e1a\u5927\u5b66\u5730\u94c1\u7ad9\u5e97)", "order_time": ["2019-01-18 10:07:56"], "total_order": 1, "hotel_value": ["4.4"], "hotel_price": ["159"]}, "1906560": {"hotel_name": "\u5c1a\u5ba2\u4f18\u7cbe\u9009\u9152\u5e97(\u5357\u4eac\u65b0\u8857\u53e3\u592b\u5b50\u5e99\u5e97)", "order_time": ["2019-01-18 10:21:56", "2019-01-18 10:07:57"], "total_order": 2, "hotel_value": ["4.4", "4.4"], "hotel_price": ["203", "203"]}, "1451827": {"hotel_name": "\u5982\u5bb6\u5feb\u6377\u9152\u5e97(\u5357\u4eac\u592b\u5b50\u5e99\u5730\u94c1\u7ad9\u5e73\u6c5f\u5e9c\u8def\u5e97)", "order_time": ["2019-01-18 10:07:57"], "total_order": 1, "hotel_value": ["4.5"], "hotel_price": ["272"]}, "8599331": {"hotel_name": "\u683c\u6797\u8c6a\u6cf0\u5357\u4eac\u6c5f\u5b81\u5927\u5b66\u57ce\u4ea4\u9662\u5730\u94c1\u7ad9\u5e97", "order_time": ["2019-01-18 10:07:57"], "total_order": 1, "hotel_value": ["4.4"], "hotel_price": ["269"]}, "3102109": {"hotel_name": "\u5357\u4eac\u79bb\u7ebf\u5c0f\u9662", "order_time": ["2019-01-18 10:07:57"], "total_order": 1, "hotel_value": ["4.8"], "hotel_price": ["680"]}, "1283038": {"hotel_name": "\u5357\u4eac\u91d1\u9675\u65b0\u57ce\u996d\u5e97", "order_time": ["2019-01-18 10:09:55"], "total_order": 1, "hotel_value": ["4.7"], "hotel_price": ["391"]}, "798937": {"hotel_name": "\u5357\u4eac\u592b\u5b50\u5e99\u56fd\u9645\u9752\u5e74\u65c5\u820d", "order_time": ["2019-01-18 10:09:55"], "total_order": 1, "hotel_value": ["4.1"], "hotel_price": ["58"]}, "1455022": {"hotel_name": "\u5357\u4eac\u5ba2\u597d\u591a\u9152\u5e97", "order_time": ["2019-01-18 10:09:55"], "total_order": 1, "hotel_value": ["3.8"], "hotel_price": ["128"]}, "5244518": {"hotel_name": "\u683c\u83f2\u9152\u5e97(\u5357\u4eac\u706b\u8f66\u5357\u7ad9\u5927\u660e\u8def\u5730\u94c1\u7ad9\u5e97)", "order_time": ["2019-01-18 10:09:56"], "total_order": 1, "hotel_value": [0], "hotel_price": ["284"]}, "2052801": {"hotel_name": "\u5357\u4eac\u82b1\u975e\u8bed\u4e3b\u9898\u5bbe\u9986", "order_time": ["2019-01-18 10:09:56"], "total_order": 1, "hotel_value": ["4.1"], "hotel_price": ["163"]}, "5323559": {"hotel_name": "\u5357\u4eac\u82b1\u56ed\u6e56\u65f6\u5c1a\u827a\u672f\u9152\u5e97", "order_time": ["2019-01-18 10:09:56"], "total_order": 1, "hotel_value": ["4.4"], "hotel_price": ["133"]}, "6829860": {"hotel_name": "\u5357\u4eac\u835f\u67ab\u9152\u5e97", "order_time": ["2019-01-18 10:10:00"], "total_order": 1, "hotel_value": ["4.8"], "hotel_price": ["358"]}, "3656411": {"hotel_name": "\u90fd\u5e02118(\u5357\u4eac\u80dc\u592a\u8def\u5730\u94c1\u7ad9\u5e97)", "order_time": ["2019-01-18 10:11:53"], "total_order": 1, "hotel_value": ["4.1"], "hotel_price": ["156"]}, "2486843": {"hotel_name": "\u6d77\u53cb\u9152\u5e97(\u5357\u4eac\u6ea7\u6c34\u5c1a\u6ea7\u57ce\u5e97)(\u539f\u5357\u4eac\u6ea7\u6c34\u5546\u52a1\u9152\u5e97)", "order_time": ["2019-01-18 10:11:53"], "total_order": 1, "hotel_value": ["4.1"], "hotel_price": ["170"]}, "2299284": {"hotel_name": "\u7f8e\u9a7f\u8fde\u9501\u9152\u5e97(\u5357\u4eac\u4e0a\u6d77\u8def\u5730\u94c1\u7ad9\u5e97)", "order_time": ["2019-01-18 10:11:53"], "total_order": 1, "hotel_value": ["3.1"], "hotel_price": ["159"]}, "12052942": {"hotel_name": "\u51ef\u4e3d\u5bbe\u9986", "order_time": ["2019-01-18 10:11:54"], "total_order": 1, "hotel_value": ["4.9"], "hotel_price": ["143"]}, "1286862": {"hotel_name": "\u6c49\u5ead\u9152\u5e97(\u5357\u4eac\u7ea2\u5c71\u52a8\u7269\u56ed\u5730\u94c1\u7ad9\u5e97)(\u539f\u7ea2\u5c71\u52a8\u7269\u56ed\u5e97)", "order_time": ["2019-01-18 10:11:54"], "total_order": 1, "hotel_value": ["4.4"], "hotel_price": ["265"]}, "6902201": {"hotel_name": "\u5357\u4eac\u5982\u610f\u5bbe\u9986", "order_time": ["2019-01-18 10:11:54"], "total_order": 1, "hotel_value": ["4.0"], "hotel_price": ["163"]}, "447344": {"hotel_name": "\u5357\u4eac\u5965\u4f53\u4e2d\u5fc3\u7f8e\u5c45\u9152\u5e97", "order_time": ["2019-01-18 10:13:52"], "total_order": 1, "hotel_value": ["4.5"], "hotel_price": ["394"]}, "4390063": {"hotel_name": "\u5357\u4eac\u534e\u6cf0\u4e07\u4e3d\u9152\u5e97", "order_time": ["2019-01-18 10:13:52"], "total_order": 1, "hotel_value": ["4.7"], "hotel_price": ["895"]}, "8612748": {"hotel_name": "\u5357\u4eac\u559c\u9a6c\u62c9\u96c5\u9152\u5e97\u516c\u5bd3\u5357\u7ad9\u5e97", "order_time": ["2019-01-18 10:13:52"], "total_order": 1, "hotel_value": ["4.7"], "hotel_price": ["332"]}, "26421136": {"hotel_name": "\u5357\u4eac818\u7cbe\u54c1\u9152\u5e97", "order_time": ["2019-01-18 10:13:52"], "total_order": 1, "hotel_value": ["4.5"], "hotel_price": ["248"]}, "1944219": {"hotel_name": "\u683c\u6797\u8c6a\u6cf0(\u5357\u4eac\u706b\u8f66\u7ad9\u5e97)", "order_time": ["2019-01-18 10:13:52"], "total_order": 1, "hotel_value": ["4.1"], "hotel_price": ["157"]}, "11539805": {"hotel_name": "\u5357\u4eac\u4e50\u6a59\u9152\u5e97\u516c\u5bd3", "order_time": ["2019-01-18 10:13:52"], "total_order": 1, "hotel_value": ["4.4"], "hotel_price": ["273"]}, "482289": {"hotel_name": "\u5357\u4eac\u4e2d\u592e\u996d\u5e97", "order_time": ["2019-01-18 10:13:52"], "total_order": 1, "hotel_value": ["4.4"], "hotel_price": ["350"]}, "794759": {"hotel_name": "\u5357\u4eac\u5929\u6e56\u5bbe\u9986", "order_time": ["2019-01-18 10:13:52"], "total_order": 1, "hotel_value": ["4.6"], "hotel_price": ["173"]}, "1618732": {"hotel_name": "\u6ea7\u6c34\u9633\u5149\u5047\u65e5\u9152\u5e97(\u5357\u4eac\u73cd\u73e0\u5357\u8def\u4e00\u5e97)(\u539f\u73cd\u73e0\u6cc9\u5e97)", "order_time": ["2019-01-18 10:13:52"], "total_order": 1, "hotel_value": ["4.5"], "hotel_price": ["145"]}, "811700": {"hotel_name": "\u6e05\u6c90\u8fde\u9501\u9152\u5e97(\u5357\u4eac\u65b0\u8857\u53e3\u5927\u6d0b\u767e\u8d27\u4e30\u5bcc\u8def\u5e97)", "order_time": ["2019-01-18 10:13:52"], "total_order": 1, "hotel_value": ["4.1"], "hotel_price": ["219"]}, "3033888": {"hotel_name": "7\u5929\u8fde\u9501\u9152\u5e97(\u5357\u4eac\u9f13\u697c\u5730\u94c1\u7ad9\u5e97)", "order_time": ["2019-01-18 10:13:52"], "total_order": 1, "hotel_value": ["4.4"], "hotel_price": ["284"]}, "1272667": {"hotel_name": "\u6c49\u5ead\u9152\u5e97(\u5357\u4eac\u65b0\u8857\u53e3\u6237\u90e8\u8857\u5e97)", "order_time": ["2019-01-18 10:13:53"], "total_order": 1, "hotel_value": ["4.0"], "hotel_price": ["275"]}, "5387576": {"hotel_name": "\u6e05\u6c90\u7cbe\u54c1\u9152\u5e97(\u5357\u4eac\u6797\u4e1a\u5927\u5b66\u5c97\u5b50\u6751\u5730\u94c1\u7ad9\u5e97)(\u539f\u677f\u4ed3\u5e97)", "order_time": ["2019-01-18 10:13:53"], "total_order": 1, "hotel_value": ["4.3"], "hotel_price": ["223"]}, "1604548": {"hotel_name": "\u5357\u4eac\u57ce\u5e02\u9152\u5e97(\u539f\u5fd7\u53cb\u5bbe\u9986)", "order_time": ["2019-01-18 10:13:53"], "total_order": 1, "hotel_value": ["4.0"], "hotel_price": ["184"]}, "4365497": {"hotel_name": "\u5357\u4eacMini\u65f6\u5c1a\u4e3b\u9898\u9152\u5e97(\u80dc\u592a\u8def\u5730\u94c1\u7ad9\u5e97)", "order_time": ["2019-01-18 10:13:53"], "total_order": 1, "hotel_value": ["4.2"], "hotel_price": ["134"]}, "6662579": {"hotel_name": "\u5357\u4eac\u78ca\u54c1\u946b\u65c5\u9986", "order_time": ["2019-01-18 10:13:53"], "total_order": 1, "hotel_value": ["4.1"], "hotel_price": ["45"]}, "1646444": {"hotel_name": "\u683c\u6797\u8c6a\u6cf0(\u5357\u4eac\u5357\u7ad9\u5317\u5e7f\u573a\u5e97)", "order_time": ["2019-01-18 10:15:51"], "total_order": 1, "hotel_value": ["4.2"], "hotel_price": ["204"]}, "811666": {"hotel_name": "\u6e05\u6c90\u7cbe\u54c1\u9152\u5e97(\u5357\u4eac\u4e39\u51e4\u8857\u7cbe\u54c1\u5e97)", "order_time": ["2019-01-18 10:15:51"], "total_order": 1, "hotel_value": ["4.3"], "hotel_price": ["329"]}, "23880641": {"hotel_name": "\u5357\u4eac\u7f8e\u5e74\u534e\u827a\u672f\u8f7b\u5c45\u516c\u5bd3", "order_time": ["2019-01-18 10:15:52"], "total_order": 1, "hotel_value": ["4.6"], "hotel_price": ["268"]}, "18026696": {"hotel_name": "\u5343\u5c7f\u00b7\u5357\u4eac\u57ce\u4e2d\u5bb6\u7cbe\u54c1\u9152\u5e97(\u5965\u4f53\u4e2d\u80dc\u535a\u89c8\u4e2d\u5fc3\u5e97)", "order_time": ["2019-01-18 10:15:52"], "total_order": 1, "hotel_value": ["4.3"], "hotel_price": ["308"]}, "2250169": {"hotel_name": "\u80af\u5b9a\u8fde\u9501\u9152\u5e97(\u5357\u4eac\u65b0\u8857\u53e3\u82cf\u5b81\u751f\u6d3b\u5e7f\u573a\u4e00\u5e97)", "order_time": ["2019-01-18 10:15:52"], "total_order": 1, "hotel_value": ["4.1"], "hotel_price": ["227"]}, "3136859": {"hotel_name": "\u67ab\u6797\u665a\u9152\u5e97\u516c\u5bd3\uff08\u5357\u4eac\u6cb3\u897f\u4e07\u8fbe\u5e97\uff09", "order_time": ["2019-01-18 10:15:52"], "total_order": 1, "hotel_value": ["4.4"], "hotel_price": ["248"]}, "2391071": {"hotel_name": "\u4f0a\u7538\u56ed\u9752\u5e74\u65c5\u9986(\u5357\u4eac\u4e49\u4e4c\u5546\u54c1\u57ce\u5e97)", "order_time": ["2019-01-18 10:15:52"], "total_order": 1, "hotel_value": ["4.6"], "hotel_price": ["50"]}, "13913643": {"hotel_name": "\u6258\u83ab\u56fd\u9645\u9152\u5e97\u516c\u5bd3\u65b0\u6e2f\u5e97", "order_time": ["2019-01-18 10:15:52"], "total_order": 1, "hotel_value": ["4.2"], "hotel_price": ["130"]}, "5377940": {"hotel_name": "\u5357\u4eac\u9526\u6c47\u5bbe\u9986", "order_time": ["2019-01-18 10:15:53"], "total_order": 1, "hotel_value": ["2.5"], "hotel_price": ["109"]}, "3182457": {"hotel_name": "\u561f\u5b9d\u9152\u5e97\u516c\u5bd3(\u5357\u4eac\u6c5f\u5b81\u4e07\u8fbe\u5e97)", "order_time": ["2019-01-18 10:15:54"], "total_order": 1, "hotel_value": ["4.4"], "hotel_price": ["221"]}, "1773706": {"hotel_name": "\u6c49\u5ead\u9152\u5e97(\u5357\u4eac\u4e94\u53f0\u5c71\u4f53\u80b2\u4e2d\u5fc3\u5e97)", "order_time": ["2019-01-18 10:17:52"], "total_order": 1, "hotel_value": ["3.9"], "hotel_price": ["294"]}, "1452149": {"hotel_name": "\u5982\u5bb6\u5feb\u6377\u9152\u5e97(\u5357\u4eac\u706b\u8f66\u5357\u7ad9\u660e\u53d1\u5e7f\u573a\u5730\u94c1\u7ad9\u5e97)", "order_time": ["2019-01-18 10:17:53"], "total_order": 1, "hotel_value": ["4.4"], "hotel_price": ["266"]}, "13918987": {"hotel_name": "\u5357\u4eac\u5821\u5229\u9152\u5e97\u516c\u5bd3", "order_time": ["2019-01-18 10:17:53"], "total_order": 1, "hotel_value": ["4.8"], "hotel_price": ["248"]}, "450297": {"hotel_name": "\u5357\u4eac\u7231\u4e4b\u7ffc\u4e3b\u9898\u9152\u5e97", "order_time": ["2019-01-18 10:17:53"], "total_order": 1, "hotel_value": ["4.0"], "hotel_price": ["98"]}, "1953455": {"hotel_name": "\u5357\u4eac\u4e91\u5c1a\u7cbe\u54c1\u9152\u5e97\u516c\u5bd3", "order_time": ["2019-01-18 10:17:54"], "total_order": 1, "hotel_value": ["4.7"], "hotel_price": ["290"]}, "1103551": {"hotel_name": "\u6c49\u5ead\u9152\u5e97(\u5357\u4eac\u5927\u5382\u957f\u51b2\u6b65\u884c\u8857\u5e97)", "order_time": ["2019-01-18 10:17:54"], "total_order": 1, "hotel_value": ["4.4"], "hotel_price": ["199"]}, "1641608": {"hotel_name": "\u5357\u4eacV\u9152\u5e97", "order_time": ["2019-01-18 10:17:54"], "total_order": 1, "hotel_value": ["4.5"], "hotel_price": ["163"]}, "473491": {"hotel_name": "\u9526\u6c5f\u4e4b\u661f(\u5357\u4eac\u706b\u8f66\u7ad9\u4e2d\u592e\u95e8\u5e97)", "order_time": ["2019-01-18 10:17:54"], "total_order": 1, "hotel_value": ["4.4"], "hotel_price": ["232"]}, "898232": {"hotel_name": "\u5929\u76db\u5927\u9152\u5e97(\u5357\u4eac\u65b0\u8857\u53e3\u5f20\u5e9c\u56ed\u5730\u94c1\u7ad9\u5e97)", "order_time": ["2019-01-18 10:19:50", "2019-01-18 10:21:53"], "total_order": 2, "hotel_value": ["4.5", "4.5"], "hotel_price": ["285", "285"]}, "2299375": {"hotel_name": "\u683c\u6797\u8c6a\u6cf0(\u5357\u4eac\u65b0\u8857\u53e3\u738b\u5e9c\u5927\u8857\u5e97)", "order_time": ["2019-01-18 10:19:51"], "total_order": 1, "hotel_value": ["4.0"], "hotel_price": ["227"]}, "1854772": {"hotel_name": "\u69b4\u83b2\u7cd6\u679c\u9152\u5e97(\u5357\u4eac\u5927\u5382\u65b0\u534e\u8def\u5e97)", "order_time": ["2019-01-18 10:19:51"], "total_order": 1, "hotel_value": ["4.6"], "hotel_price": ["141"]}, "1842197": {"hotel_name": "\u5c71\u6942\u6811\u5feb\u6377\u9152\u5e97(\u5357\u4eac\u603b\u7edf\u5e9c\u5e97)", "order_time": ["2019-01-18 10:19:51"], "total_order": 1, "hotel_value": ["4.3"], "hotel_price": ["203"]}, "1957506": {"hotel_name": "\u683c\u6797\u8c6a\u6cf0(\u5357\u4eac\u79e6\u6dee\u5927\u9053\u5e97)", "order_time": ["2019-01-18 10:19:51"], "total_order": 1, "hotel_value": ["4.1"], "hotel_price": ["152"]}, "1467825": {"hotel_name": "\u83b1\u67e0\u9152\u5e97\u516c\u5bd3(\u5357\u4eac\u6cb3\u897f\u4e07\u8fbe\u5e97)", "order_time": ["2019-01-18 10:19:51"], "total_order": 1, "hotel_value": ["4.3"], "hotel_price": ["228"]}, "1969529": {"hotel_name": "\u5357\u4eac\u4e50\u5bb6\u00b7\u57ce\u5e02\u4e4b\u5149\u7cbe\u54c1\u9152\u5e97", "order_time": ["2019-01-18 10:19:51"], "total_order": 1, "hotel_value": ["4.2"], "hotel_price": ["221"]}, "11403581": {"hotel_name": "\u91d1\u9675\u9a7f\u6808\u9152\u5e97\u516c\u5bd3", "order_time": ["2019-01-18 10:19:51"], "total_order": 1, "hotel_value": ["4.8"], "hotel_price": ["233"]}, "3386108": {"hotel_name": "\u5357\u4eac\u9a7f\u4e3b\u9898\u4e4b\u5bb6\u9152\u5e97", "order_time": ["2019-01-18 10:19:51"], "total_order": 1, "hotel_value": ["4.1"], "hotel_price": ["183"]}, "2154226": {"hotel_name": "\u80af\u5b9a\u8fde\u9501\u9152\u5e97(\u5357\u4eac\u4e91\u9526\u8def\u5e97)", "order_time": ["2019-01-18 10:19:51"], "total_order": 1, "hotel_value": ["4.2"], "hotel_price": ["208"]}, "4346627": {"hotel_name": "\u5357\u4eac\u5c1a\u597d\u9152\u5e97\u516c\u5bd3\u767e\u5bb6\u6e56\u91d1\u9e70\u5e97", "order_time": ["2019-01-18 10:19:51"], "total_order": 1, "hotel_value": ["4.4"], "hotel_price": ["282"]}, "1536083": {"hotel_name": "\u661f\u7a0b\u9152\u5e97(\u5357\u4eac\u51e4\u51f0\u73af\u7403\u5e97)", "order_time": ["2019-01-18 10:19:51"], "total_order": 1, "hotel_value": ["4.3"], "hotel_price": ["541"]}, "17879456": {"hotel_name": "\u5357\u4eac123\u4e3b\u9898\u9752\u5e74\u65c5\u820d", "order_time": ["2019-01-18 10:19:51"], "total_order": 1, "hotel_value": ["4.6"], "hotel_price": ["72"]}, "1414595": {"hotel_name": "\u69b4\u83b2\u5c0f\u661f\u8fde\u9501\u9152\u5e97(\u5357\u4eac\u5efa\u5b81\u8def\u5e97)", "order_time": ["2019-01-18 10:19:51"], "total_order": 1, "hotel_value": ["4.2"], "hotel_price": ["203"]}, "1946045": {"hotel_name": "\u683c\u6797\u8c6a\u6cf0(\u5357\u4eac\u4e2d\u534e\u95e8\u5730\u94c1\u7ad9\u5e97)", "order_time": ["2019-01-18 10:19:51"], "total_order": 1, "hotel_value": ["4.2"], "hotel_price": ["185"]}, "6444078": {"hotel_name": "\u5357\u4eac\u8363\u83b2\u5bbe\u9986", "order_time": ["2019-01-18 10:19:51"], "total_order": 1, "hotel_value": ["3.0"], "hotel_price": ["98"]}, "1317702": {"hotel_name": "\u683c\u6797\u8c6a\u6cf0(\u5357\u4eac\u6c5f\u5b81\u533a\u653f\u5e9c\u5feb\u6377\u5e97)", "order_time": ["2019-01-18 10:19:51"], "total_order": 1, "hotel_value": ["4.0"], "hotel_price": ["153"]}, "1829826": {"hotel_name": "\u5c1a\u5ba2\u4f18\u5feb\u6377\u9152\u5e97(\u5357\u4eac\u592b\u5b50\u5e99\u5efa\u5eb7\u8def\u5e97)", "order_time": ["2019-01-18 10:19:51"], "total_order": 1, "hotel_value": ["3.6"], "hotel_price": ["149"]}, "12179719": {"hotel_name": "\u5357\u4eac\u6709\u6816\u9152\u5e97", "order_time": ["2019-01-18 10:19:51"], "total_order": 1, "hotel_value": ["4.7"], "hotel_price": ["656"]}, "1061754": {"hotel_name": "\u5357\u4eac\u519b\u4f9b\u5927\u9152\u5e97(\u539f\u519b\u4f11\u5bbe\u9986)", "order_time": ["2019-01-18 10:19:51"], "total_order": 1, "hotel_value": ["4.4"], "hotel_price": ["264"]}, "2472505": {"hotel_name": "\u5357\u4eac\u7231\u60c5\u6d77\u4e3b\u9898\u9152\u5e97(\u539f\u60a6\u5ba2\u4e3b\u9898\u9152\u5e97\u516c\u5bd3)", "order_time": ["2019-01-18 10:19:51"], "total_order": 1, "hotel_value": ["4.6"], "hotel_price": ["203"]}, "1462589": {"hotel_name": "\u5357\u4eac\u6cf0\u767b\u5feb\u6377\u9152\u5e97", "order_time": ["2019-01-18 10:19:51"], "total_order": 1, "hotel_value": ["4.2"], "hotel_price": ["193"]}, "1489872": {"hotel_name": "\u683c\u6797\u8c6a\u6cf0(\u6c64\u5c71\u6e29\u6cc9\u5e97)", "order_time": ["2019-01-18 10:19:51"], "total_order": 1, "hotel_value": ["4.2"], "hotel_price": ["215"]}, "4440315": {"hotel_name": "\u5357\u4eac\u91d1\u665f\u6e7e\u5feb\u6377\u9152\u5e97", "order_time": ["2019-01-18 10:19:51"], "total_order": 1, "hotel_value": ["3.9"], "hotel_price": ["79"]}, "793210": {"hotel_name": "\u4e49\u90fd\u8fde\u9501\u9152\u5e97(\u5357\u4eac\u5927\u6865\u5357\u8def\u5e97)", "order_time": ["2019-01-18 10:19:52"], "total_order": 1, "hotel_value": ["4.2"], "hotel_price": ["153"]}, "4546100": {"hotel_name": "\u5357\u4eac\u8c6a\u60c5\u5bbe\u9986", "order_time": ["2019-01-18 10:19:54"], "total_order": 1, "hotel_value": ["3.1"], "hotel_price": ["88"]}, "434413": {"hotel_name": "\u5357\u4eac\u56fd\u9645\u535a\u89c8\u4e2d\u5fc3\u9152\u5e97", "order_time": ["2019-01-18 10:21:52"], "total_order": 1, "hotel_value": ["4.4"], "hotel_price": ["409"]}, "6866442": {"hotel_name": "\u5357\u4eac\u6a59\u5b50\u5546\u65c5\u7cbe\u54c1\u9152\u5e97(\u4e2d\u5c71\u9675\u9a6c\u7fa4\u5730\u94c1\u7ad9\u5e97)", "order_time": ["2019-01-18 10:21:53"], "total_order": 1, "hotel_value": ["4.0"], "hotel_price": ["233"]}, "433128": {"hotel_name": "\u5357\u4eac365\u9152\u5e97\u516c\u5bd3(\u65b0\u8857\u53e3\u57ce\u5f00\u56fd\u9645\u5e97)", "order_time": ["2019-01-18 10:21:53"], "total_order": 1, "hotel_value": ["4.5"], "hotel_price": ["281"]}, "1686756": {"hotel_name": "\u5357\u4eac\u7279\u8ff7\u98ce\u60c5\u5047\u65e5\u9152\u5e97", "order_time": ["2019-01-18 10:21:54"], "total_order": 1, "hotel_value": ["4.3"], "hotel_price": ["289"]}}}