{"\u5f00\u59cb\u8bb0\u5f55\u65f6\u95f4": "2019-01-16 08:53:57", "\u7ed3\u675f\u8bb0\u5f55\u65f6\u95f4": "2019-01-16 09:53:57", "\u8ba2\u5355\u603b\u589e\u91cf": 430, "item": {"5549111": {"hotel_name": "\u5357\u4eac\u91d1\u9e70\u5c1a\u7f8e\u9152\u5e97", "order_time": ["2019-01-16 08:55:14"], "total_order": 1, "hotel_value": ["4.8"], "hotel_price": ["601"]}, "17589650": {"hotel_name": "\u5357\u4eac\u4e2d\u5c71\u9675\u666f\u533a\u4e9a\u6735\u9152\u5e97", "order_time": ["2019-01-16 08:56:18"], "total_order": 1, "hotel_value": ["4.8"], "hotel_price": ["360"]}, "6475650": {"hotel_name": "\u5357\u4eac\u96bd\u6052\u9152\u5e97(\u539f\u6cb3\u6d77\u5927\u5b66\u56fd\u9645\u4ea4\u6d41\u4e2d\u5fc3)", "order_time": ["2019-01-16 08:56:21", "2019-01-16 09:08:20", "2019-01-16 08:58:19"], "total_order": 3, "hotel_value": ["4.8", "4.8", "4.8"], "hotel_price": ["1548", "1548", "1548"]}, "346276": {"hotel_name": "\u5357\u4eac\u91d1\u4e1d\u5229\u559c\u6765\u767b\u9152\u5e97", "order_time": ["2019-01-16 08:56:21"], "total_order": 1, "hotel_value": ["4.4"], "hotel_price": ["658"]}, "4592304": {"hotel_name": "\u5357\u4eac\u4e2d\u516c\u6c47\u60a6\u5927\u9152\u5e97", "order_time": ["2019-01-16 08:56:23"], "total_order": 1, "hotel_value": ["4.7"], "hotel_price": ["372"]}, "15308170": {"hotel_name": "\u4f69\u68ee\u7cbe\u54c1\u9152\u5e97\u516c\u5bd3(\u5357\u4eac\u5929\u9686\u5bfa\u5730\u94c1\u7ad9\u5e97)", "order_time": ["2019-01-16 08:56:24", "2019-01-16 09:26:26"], "total_order": 2, "hotel_value": ["4.7", "4.7"], "hotel_price": ["262", "262"]}, "17864715": {"hotel_name": "\u5357\u4eac\u5357\u5cb8\u98ce\u683c\u9152\u5e97", "order_time": ["2019-01-16 08:56:24"], "total_order": 1, "hotel_value": ["4.6"], "hotel_price": ["173"]}, "28671923": {"hotel_name": "\u5357\u4eac\u767d\u9e6d\u65c5\u793e", "order_time": ["2019-01-16 08:56:28"], "total_order": 1, "hotel_value": ["4.5"], "hotel_price": ["30"]}, "811680": {"hotel_name": "\u6e05\u6c90\u7cbe\u54c1\u9152\u5e97(\u5357\u4eac\u96c6\u5e86\u95e8\u4e07\u8fbe\u5e7f\u573a\u5e97)", "order_time": ["2019-01-16 08:56:29"], "total_order": 1, "hotel_value": ["4.3"], "hotel_price": ["199"]}, "811702": {"hotel_name": "\u6e05\u6c90\u7cbe\u9009\u9152\u5e97(\u5357\u4eac\u65b0\u8857\u53e3\u6768\u516c\u4e95\u5e97)", "order_time": ["2019-01-16 08:56:31"], "total_order": 1, "hotel_value": ["4.5"], "hotel_price": ["288"]}, "346283": {"hotel_name": "\u5357\u4eac\u91d1\u9675\u996d\u5e97", "order_time": ["2019-01-16 08:56:33"], "total_order": 1, "hotel_value": ["4.8"], "hotel_price": ["626"]}, "27852068": {"hotel_name": "\u5357\u4eac\u9f99\u95e8\u9a7f\u6808\u5bbe\u9986", "order_time": ["2019-01-16 08:56:33"], "total_order": 1, "hotel_value": ["4.8"], "hotel_price": ["113"]}, "811682": {"hotel_name": "\u6e05\u6c90\u8fde\u9501\u9152\u5e97(\u5357\u4eac\u6c5f\u5b81\u4e07\u8fbe\u7af9\u5c71\u8def\u5e97)", "order_time": ["2019-01-16 08:56:42"], "total_order": 1, "hotel_value": ["4.5"], "hotel_price": ["164"]}, "6247731": {"hotel_name": "\u5357\u4eac\u65b0\u5c27\u5bbe\u9986", "order_time": ["2019-01-16 08:56:47"], "total_order": 1, "hotel_value": ["4.4"], "hotel_price": ["143"]}, "450787": {"hotel_name": "\u5357\u4eac\u91d1\u592a\u9686\u56fd\u9645\u9152\u5e97", "order_time": ["2019-01-16 08:58:19"], "total_order": 1, "hotel_value": ["4.7"], "hotel_price": ["299"]}, "1938340": {"hotel_name": "\u9526\u6c5f\u4e4b\u661f(\u5357\u4eac\u65b0\u8857\u53e3\u5e97)", "order_time": ["2019-01-16 08:58:20"], "total_order": 1, "hotel_value": ["4.4"], "hotel_price": ["249"]}, "21914008": {"hotel_name": "\u5357\u4eac\u5353\u7f8e\u4e9a\u9152\u5e97", "order_time": ["2019-01-16 09:22:32", "2019-01-16 08:58:21"], "total_order": 2, "hotel_value": ["4.8", "4.8"], "hotel_price": ["1049", "1049"]}, "1410616": {"hotel_name": "\u5982\u5bb6\u5546\u65c5\u9152\u5e97(\u5357\u4eac\u592b\u5b50\u5e99\u901a\u6d4e\u95e8\u5e97)", "order_time": ["2019-01-16 08:58:25"], "total_order": 1, "hotel_value": ["4.6"], "hotel_price": ["287"]}, "6402423": {"hotel_name": "\u5357\u4eac\u7384\u6b66\u6e56\u5047\u65e5\u9152\u5e97", "order_time": ["2019-01-16 09:16:29", "2019-01-16 09:34:24", "2019-01-16 08:58:26"], "total_order": 3, "hotel_value": ["4.6", "4.6", "4.6"], "hotel_price": ["586", "586", "586"]}, "1960551": {"hotel_name": "\u5357\u4eac\u7984\u53e3\u673a\u573a\u94c2\u5c14\u66fc\u5927\u9152\u5e97", "order_time": ["2019-01-16 09:42:19", "2019-01-16 09:40:21", "2019-01-16 08:58:30", "2019-01-16 09:18:19"], "total_order": 4, "hotel_value": ["4.7", "4.7", "4.7", "4.7"], "hotel_price": ["659", "659", "659", "659"]}, "16789957": {"hotel_name": "\u5357\u4eac\u6c64\u5c71\u4e00\u54c1\u6e29\u6cc9\u9152\u5e97", "order_time": ["2019-01-16 08:58:31"], "total_order": 1, "hotel_value": ["4.4"], "hotel_price": ["412"]}, "6074801": {"hotel_name": "\u5357\u4eac\u91d1\u5cf0\u6c47\u5927\u9152\u5e97", "order_time": ["2019-01-16 09:14:24", "2019-01-16 08:58:31", "2019-01-16 09:08:19", "2019-01-16 09:52:27"], "total_order": 4, "hotel_value": ["4.8", "4.8", "4.8", "4.8"], "hotel_price": ["398", "398", "398", "398"]}, "1776620": {"hotel_name": "\u5e03\u4e01\u9152\u5e97(\u5357\u4eac\u6cb3\u5b9a\u6865\u5730\u94c1\u7ad9\u5e97 )(\u539f\u5723\u8fbe\u5bbe\u9986)", "order_time": ["2019-01-16 08:58:37"], "total_order": 1, "hotel_value": ["4.1"], "hotel_price": ["137"]}, "4496845": {"hotel_name": "\u53e4\u5357\u90fd\u4ea6\u95f2\u516c\u9986(\u5357\u4eac\u4e91\u5357\u8def\u5730\u94c1\u7ad9\u5e97)", "order_time": ["2019-01-16 08:59:05"], "total_order": 1, "hotel_value": ["4.8"], "hotel_price": ["299"]}, "5451854": {"hotel_name": "\u5357\u4eac\u91d1\u9e70\u56fd\u9645\u9152\u5e97", "order_time": ["2019-01-16 08:59:12"], "total_order": 1, "hotel_value": ["4.9"], "hotel_price": ["855"]}, "14616287": {"hotel_name": "\u7ef4\u4e5f\u7eb3\u56fd\u9645\u9152\u5e97(\u5357\u4eac\u6cb3\u6d77\u5927\u5b66\u5730\u94c1\u7ad9\u5e97)", "order_time": ["2019-01-16 09:30:33", "2019-01-16 09:50:23", "2019-01-16 09:00:27"], "total_order": 3, "hotel_value": ["4.7", "4.7", "4.7"], "hotel_price": ["316", "316", "316"]}, "1410411": {"hotel_name": "\u4e1c\u822a\u534e\u7f8e\u8fbe\u9152\u5e97(\u5357\u4eac\u673a\u573a\u5e97)", "order_time": ["2019-01-16 09:00:29"], "total_order": 1, "hotel_value": ["4.7"], "hotel_price": ["390"]}, "28707176": {"hotel_name": "\u5357\u4eac\u8fdcsofar\u6c11\u5bbf", "order_time": ["2019-01-16 09:24:40", "2019-01-16 09:00:30"], "total_order": 2, "hotel_value": [0, 0], "hotel_price": ["197", "197"]}, "1359801": {"hotel_name": "\u6d77\u53cb\u9152\u5e97(\u5357\u4eac\u6c5f\u5b81\u5927\u5b66\u57ce\u5e97)", "order_time": ["2019-01-16 09:00:31"], "total_order": 1, "hotel_value": ["3.7"], "hotel_price": ["436"]}, "440999": {"hotel_name": "\u5357\u4eac\u6c64\u5c71\u5fa1\u5ead\u81fb\u54c1\u9152\u5e97", "order_time": ["2019-01-16 09:02:18", "2019-01-16 09:14:22"], "total_order": 2, "hotel_value": ["4.7", "4.7"], "hotel_price": ["704", "704"]}, "7687802": {"hotel_name": "\u5357\u4eac\u767d\u65af\u7279\u9152\u5e97", "order_time": ["2019-01-16 09:32:28", "2019-01-16 09:02:22", "2019-01-16 09:20:20"], "total_order": 3, "hotel_value": ["4.6", "4.6", "4.6"], "hotel_price": ["318", "318", "318"]}, "1286909": {"hotel_name": "\u6c49\u5ead\u4f18\u4f73\u9152\u5e97(\u5357\u4eac\u7384\u6b66\u95e8\u5e97)(\u539f\u6c49\u5ead\u9152\u5e97)", "order_time": ["2019-01-16 09:06:26", "2019-01-16 09:02:23"], "total_order": 2, "hotel_value": ["4.6", "4.6"], "hotel_price": ["365", "365"]}, "369710": {"hotel_name": "\u5357\u4eac\u4e16\u8302\u6ee8\u6c5f\u5e0c\u5c14\u987f\u9152\u5e97", "order_time": ["2019-01-16 09:32:24", "2019-01-16 09:02:26", "2019-01-16 09:24:42"], "total_order": 3, "hotel_value": ["4.6", "4.6", "4.6"], "hotel_price": ["803", "803", "803"]}, "481819": {"hotel_name": "\u5357\u4eac\u4e3d\u6e56\u96c5\u81f4\u9152\u5e97", "order_time": ["2019-01-16 09:02:26"], "total_order": 1, "hotel_value": ["4.7"], "hotel_price": ["688"]}, "707996": {"hotel_name": "\u5357\u4eac\u68ee\u9686\u6e29\u6cc9\u5ea6\u5047\u9152\u5e97", "order_time": ["2019-01-16 09:02:26"], "total_order": 1, "hotel_value": ["4.4"], "hotel_price": ["406"]}, "1943360": {"hotel_name": "\u69b4\u83b2\u5c0f\u661f\u7cd6\u679c\u9152\u5e97(\u5357\u4eac\u7384\u6b66\u6e56\u5e97)", "order_time": ["2019-01-16 09:20:36", "2019-01-16 09:32:24", "2019-01-16 09:02:26", "2019-01-16 09:36:36"], "total_order": 4, "hotel_value": ["4.2", "4.2", "4.2", "4.2"], "hotel_price": ["231", "231", "231", "231"]}, "23843325": {"hotel_name": "\u4e50\u5bb6\u8f69\u8f7b\u5962\u5ea6\u5047\u516c\u5bd3(\u5357\u4eac\u5965\u4f53\u5347\u9f99\u6c47\u91d1\u5e97)", "order_time": ["2019-01-16 09:02:27"], "total_order": 1, "hotel_value": ["4.6"], "hotel_price": ["192"]}, "4729595": {"hotel_name": "\u5357\u4eac\u6615\u6960\u5bbe\u9986", "order_time": ["2019-01-16 09:02:27"], "total_order": 1, "hotel_value": ["3.9"], "hotel_price": ["256"]}, "17498235": {"hotel_name": "\u5357\u4eac\u7fe0\u5c4f\u65b0\u6e2f\u5047\u65e5\u9152\u5e97", "order_time": ["2019-01-16 09:02:27"], "total_order": 1, "hotel_value": ["4.7"], "hotel_price": ["686"]}, "13912697": {"hotel_name": "\u5357\u4eac\u4e00\u7c73\u9633\u5149\u9152\u5e97\u516c\u5bd3\u96e8\u82b1\u5ba2\u5385\u5e97", "order_time": ["2019-01-16 09:02:27"], "total_order": 1, "hotel_value": ["4.8"], "hotel_price": ["221"]}, "1943642": {"hotel_name": "\u6e05\u6c90\u7cbe\u54c1\u9152\u5e97(\u5357\u4eac\u5927\u6865\u5317\u8def\u6cf0\u5c71\u65b0\u6751\u5730\u94c1\u7ad9)", "order_time": ["2019-01-16 09:02:27"], "total_order": 1, "hotel_value": ["3.9"], "hotel_price": ["116"]}, "17491470": {"hotel_name": "\u6c49\u5ead\u4f18\u4f73\u9152\u5e97(\u5357\u4eac\u4ed9\u6797\u5927\u5b66\u57ce\u5e97)", "order_time": ["2019-01-16 09:02:27"], "total_order": 1, "hotel_value": ["4.5"], "hotel_price": ["237"]}, "969206": {"hotel_name": "\u6c49\u5ead\u9152\u5e97(\u5357\u4eac\u5c71\u897f\u8def\u5e97)", "order_time": ["2019-01-16 09:02:27"], "total_order": 1, "hotel_value": ["4.0"], "hotel_price": ["503"]}, "15736345": {"hotel_name": "\u7ef4\u4e5f\u7eb3\u56fd\u9645\u9152\u5e97(\u5357\u4eac\u4e2d\u5c71\u9675\u98ce\u666f\u533a\u5e97)", "order_time": ["2019-01-16 09:02:27"], "total_order": 1, "hotel_value": ["4.6"], "hotel_price": ["341"]}, "3003561": {"hotel_name": "\u7ef4\u4e5f\u7eb3\u56fd\u9645\u9152\u5e97(\u5357\u4eac\u5357\u7ad9\u4e1c\u9e92\u8def\u5e97)", "order_time": ["2019-01-16 09:02:27", "2019-01-16 09:46:27", "2019-01-16 09:10:19"], "total_order": 3, "hotel_value": ["4.8", "4.8", "4.8"], "hotel_price": ["266", "266", "266"]}, "1500412": {"hotel_name": "\u5357\u4eac\u77bb\u56ed\u56fd\u9645\u9752\u5e74\u65c5\u820d", "order_time": ["2019-01-16 09:50:24", "2019-01-16 09:02:27", "2019-01-16 09:10:19"], "total_order": 3, "hotel_value": ["4.2", "4.2", "4.2"], "hotel_price": ["45", "45", "45"]}, "1208243": {"hotel_name": "\u5357\u4eac\u65f6\u5149\u673a\u56fd\u9645\u9752\u5e74\u65c5\u820d", "order_time": ["2019-01-16 09:02:27"], "total_order": 1, "hotel_value": ["4.4"], "hotel_price": ["78"]}, "23228147": {"hotel_name": "\u5357\u4eac\u4e07\u8fbe\u5e7f\u573a\u82b1\u5b63\u9152\u5e97", "order_time": ["2019-01-16 09:02:27"], "total_order": 1, "hotel_value": ["4.8"], "hotel_price": ["193"]}, "6511386": {"hotel_name": "\u5357\u4eac\u534a\u4ea9\u79c1\u6c64\u6e29\u6cc9\u6c11\u5bbf(\u539f\u534a\u4ea9\u9152\u5e97)", "order_time": ["2019-01-16 09:02:27"], "total_order": 1, "hotel_value": ["4.6"], "hotel_price": ["845"]}, "3730005": {"hotel_name": "\u548c\u9890\u9152\u5e97(\u5357\u4eac\u4e2d\u5c71\u4e1c\u8def\u660e\u6545\u5bab\u5730\u94c1\u7ad9\u5e97)", "order_time": ["2019-01-16 09:16:29", "2019-01-16 09:02:27"], "total_order": 2, "hotel_value": ["4.6", "4.6"], "hotel_price": ["279", "279"]}, "1446696": {"hotel_name": "\u6c49\u5ead\u9152\u5e97(\u5357\u4eac\u6c5f\u5b81\u767e\u5bb6\u6e56\u5e97)", "order_time": ["2019-01-16 09:02:27"], "total_order": 1, "hotel_value": ["4.4"], "hotel_price": ["294"]}, "24544949": {"hotel_name": "\u5357\u4eac\u7121\u6850\u91cc\u7cbe\u54c1\u9152\u5e97", "order_time": ["2019-01-16 09:02:27"], "total_order": 1, "hotel_value": ["4.9"], "hotel_price": ["344"]}, "9189002": {"hotel_name": "\u5357\u4eac\u83f2\u4e9a\u8fbe\u9152\u5e97", "order_time": ["2019-01-16 09:02:27", "2019-01-16 09:12:32"], "total_order": 2, "hotel_value": ["4.7", "4.7"], "hotel_price": ["183", "183"]}, "5293609": {"hotel_name": "\u6c49\u5ead\u9152\u5e97(\u5357\u4eac\u65b0\u6e2f\u5f00\u53d1\u533a\u4e8c\u5e97)", "order_time": ["2019-01-16 09:02:27"], "total_order": 1, "hotel_value": ["4.4"], "hotel_price": ["246"]}, "19867337": {"hotel_name": "\u5357\u4eac\u6c47\u57ce\u5bbe\u9986", "order_time": ["2019-01-16 09:02:27"], "total_order": 1, "hotel_value": ["4.1"], "hotel_price": ["194"]}, "2300356": {"hotel_name": "7\u5929\u8fde\u9501\u9152\u5e97(\u5357\u4eac1912\u9152\u5427\u533a\u6d6e\u6865\u5730\u94c1\u7ad9\u5e97)", "order_time": ["2019-01-16 09:02:27"], "total_order": 1, "hotel_value": ["4.2"], "hotel_price": ["177"]}, "11374684": {"hotel_name": "\u6e05\u6c90\u7cbe\u54c1\u9152\u5e97(\u5357\u4eac\u897f\u5584\u6865\u5cb1\u5c71\u5e97)", "order_time": ["2019-01-16 09:02:30"], "total_order": 1, "hotel_value": ["4.5"], "hotel_price": ["144"]}, "1943981": {"hotel_name": "\u5357\u4eac\u540c\u5fc3\u56ed\u5bbe\u9986", "order_time": ["2019-01-16 09:02:31"], "total_order": 1, "hotel_value": ["4.1"], "hotel_price": ["286"]}, "1617244": {"hotel_name": "\u901f8\u9152\u5e97(\u5357\u4eac\u73e0\u6c5f\u8def1912\u5e97)(\u539f\u7cd6\u679c\u65f6\u5149\u5feb\u6377\u9152\u5e97)", "order_time": ["2019-01-16 09:02:32"], "total_order": 1, "hotel_value": ["3.7"], "hotel_price": ["192"]}, "17889795": {"hotel_name": "\u5168\u5b63\u9152\u5e97(\u5357\u4eac\u660e\u6545\u5bab\u5e97)", "order_time": ["2019-01-16 09:02:39"], "total_order": 1, "hotel_value": ["4.8"], "hotel_price": ["299"]}, "7938703": {"hotel_name": "\u6e05\u6c90\u7cbe\u9009\u4e91\u9152\u5e97(\u5357\u4eac\u6797\u4e1a\u5927\u5b66\u848b\u738b\u5e99\u5e97)", "order_time": ["2019-01-16 09:04:17", "2019-01-16 09:46:19"], "total_order": 2, "hotel_value": ["4.6", "4.6"], "hotel_price": ["219", "219"]}, "7570688": {"hotel_name": "\u5357\u4eac\u6cb3\u897f\u82cf\u5b81\u96c5\u60a6\u9152\u5e97", "order_time": ["2019-01-16 09:04:17", "2019-01-16 09:34:30", "2019-01-16 09:38:22", "2019-01-16 09:12:36"], "total_order": 4, "hotel_value": ["4.6", "4.6", "4.6", "4.6"], "hotel_price": ["426", "426", "426", "426"]}, "471672": {"hotel_name": "\u5357\u4eac\u9f0e\u9f0e\u4e07\u4fe1\u9152\u5e97", "order_time": ["2019-01-16 09:04:22"], "total_order": 1, "hotel_value": ["4.5"], "hotel_price": ["355"]}, "1632868": {"hotel_name": "\u6854\u5b50\u9152\u5e97\u00b7\u7cbe\u9009(\u5357\u4eac\u9038\u4ed9\u6865\u603b\u7edf\u5e9c\u6885\u56ed\u65b0\u6751\u5e97)", "order_time": ["2019-01-16 09:04:23", "2019-01-16 09:28:23"], "total_order": 2, "hotel_value": ["4.9", "4.9"], "hotel_price": ["379", "379"]}, "1441505": {"hotel_name": "\u5357\u4eac\u53e4\u5357\u90fd\u7389\u6f9c\u5ead\u9152\u5e97", "order_time": ["2019-01-16 09:04:23", "2019-01-16 09:10:24"], "total_order": 2, "hotel_value": ["4.6", "4.6"], "hotel_price": ["249", "249"]}, "662500": {"hotel_name": "\u5357\u4eac\u660e\u65e5\u5927\u9152\u5e97", "order_time": ["2019-01-16 09:04:26"], "total_order": 1, "hotel_value": ["4.6"], "hotel_price": ["403"]}, "5640694": {"hotel_name": "\u5357\u4eac\u8d24\u96c5\u5c45\u5546\u52a1\u5bbe\u9986", "order_time": ["2019-01-16 09:04:37"], "total_order": 1, "hotel_value": ["4.2"], "hotel_price": ["143"]}, "26421136": {"hotel_name": "\u5357\u4eac818\u7cbe\u54c1\u9152\u5e97", "order_time": ["2019-01-16 09:05:00"], "total_order": 1, "hotel_value": ["4.5"], "hotel_price": ["268"]}, "1669331": {"hotel_name": "\u5357\u4eac\u4e5d\u4e5d\u805a\u5bb6\u5546\u52a1\u5bbe\u9986", "order_time": ["2019-01-16 09:12:29", "2019-01-16 09:06:19"], "total_order": 2, "hotel_value": ["4.1", "4.1"], "hotel_price": ["98", "98"]}, "346278": {"hotel_name": "\u5357\u4eac\u5a01\u65af\u6c40\u5927\u9152\u5e97", "order_time": ["2019-01-16 09:30:23", "2019-01-16 09:06:21", "2019-01-16 09:52:29", "2019-01-16 09:36:24"], "total_order": 4, "hotel_value": ["4.6", "4.6", "4.6", "4.6"], "hotel_price": ["1889", "1889", "1889", "1889"]}, "939318": {"hotel_name": "\u73cd\u5b9d\u5047\u65e5\u996d\u5e97(\u5357\u4eac\u5965\u4f53\u4e2d\u5fc3\u5e97)", "order_time": ["2019-01-16 09:50:20", "2019-01-16 09:06:21"], "total_order": 2, "hotel_value": ["4.5", "4.5"], "hotel_price": ["510", "510"]}, "16094824": {"hotel_name": "\u5357\u4eac\u68b5\u5c45\u7cbe\u54c1\u9152\u5e97\u516c\u5bd3", "order_time": ["2019-01-16 09:06:22"], "total_order": 1, "hotel_value": ["4.8"], "hotel_price": ["258"]}, "5816245": {"hotel_name": "7\u5929\u8fde\u9501\u9152\u5e97(\u5357\u4eac\u5357\u7ad9\u5c06\u519b\u5927\u9053\u5e97)", "order_time": ["2019-01-16 09:06:27"], "total_order": 1, "hotel_value": ["4.3"], "hotel_price": ["107"]}, "481006": {"hotel_name": "\u5357\u4eac\u592a\u548c\u7d2b\u91d1\u5927\u9152\u5e97", "order_time": ["2019-01-16 09:06:27", "2019-01-16 09:30:25"], "total_order": 2, "hotel_value": ["4.6", "4.6"], "hotel_price": ["299", "299"]}, "1535646": {"hotel_name": "\u6c49\u5ead\u9152\u5e97(\u5357\u4eac\u4e2d\u5c71\u4e1c\u8def\u603b\u7edf\u5e9c\u5e97)", "order_time": ["2019-01-16 09:06:28"], "total_order": 1, "hotel_value": ["4.1"], "hotel_price": ["218"]}, "6111316": {"hotel_name": "\u66d9\u5149\u8587\u9152\u5e97(\u5357\u4eac\u592b\u5b50\u5e99\u5e97)", "order_time": ["2019-01-16 09:16:26", "2019-01-16 09:06:28"], "total_order": 2, "hotel_value": ["4.7", "4.7"], "hotel_price": ["350", "350"]}, "5016538": {"hotel_name": "\u5c0f\u65f6\u5149\u5bbe\u9986(\u5357\u4eac\u7984\u53e3\u673a\u573a\u5e97)", "order_time": ["2019-01-16 09:06:29"], "total_order": 1, "hotel_value": ["4.9"], "hotel_price": ["136"]}, "1686604": {"hotel_name": "\u5357\u4eac\u884c\u5bab\u996d\u5e97", "order_time": ["2019-01-16 09:06:30"], "total_order": 1, "hotel_value": ["4.2"], "hotel_price": ["173"]}, "4731908": {"hotel_name": "\u683c\u6797\u8c6a\u6cf0(\u5357\u4eac\u7ecf\u4e94\u8def\u6708\u82d1\u5e97)", "order_time": ["2019-01-16 09:06:30"], "total_order": 1, "hotel_value": ["4.0"], "hotel_price": ["176"]}, "13913643": {"hotel_name": "\u6258\u83ab\u56fd\u9645\u9152\u5e97\u516c\u5bd3\u65b0\u6e2f\u5e97", "order_time": ["2019-01-16 09:06:34"], "total_order": 1, "hotel_value": ["4.1"], "hotel_price": ["138"]}, "5246471": {"hotel_name": "\u5357\u4eac\u8fd9\u5bb6\u5bbe\u9986", "order_time": ["2019-01-16 09:06:36"], "total_order": 1, "hotel_value": ["3.6"], "hotel_price": ["107"]}, "813373": {"hotel_name": "\u5357\u4eac\u6db5\u6708\u697c\u9996\u4e3d\u65af\u9152\u5e97", "order_time": ["2019-01-16 09:50:17", "2019-01-16 09:14:23", "2019-01-16 09:06:44"], "total_order": 3, "hotel_value": ["4.8", "4.8", "4.8"], "hotel_price": ["968", "968", "968"]}, "5980102": {"hotel_name": "\u5357\u4eac\u5fc3\u7075\u9a7f\u7ad9\u516c\u5bd3", "order_time": ["2019-01-16 09:06:57"], "total_order": 1, "hotel_value": ["3.9"], "hotel_price": ["140"]}, "17974460": {"hotel_name": "\u5982\u5bb6\u8054\u76df\u00b7\u534e\u9a7f\u7cbe\u9009\u9152\u5e97(\u5357\u4eac\u5929\u5143\u897f\u8def\u5730\u94c1\u7ad9\u5e97)", "order_time": ["2019-01-16 09:07:05"], "total_order": 1, "hotel_value": ["4.8"], "hotel_price": ["207"]}, "668355": {"hotel_name": "\u5357\u4eac\u534e\u6c5f\u996d\u5e97", "order_time": ["2019-01-16 09:07:05", "2019-01-16 09:09:01"], "total_order": 2, "hotel_value": ["4.4", "4.4"], "hotel_price": ["356", "356"]}, "902118": {"hotel_name": "\u767e\u65f6\u5feb\u6377\u9152\u5e97(\u5357\u4eac\u7384\u6b66\u6e56\u5c71\u897f\u8def\u5e97)", "order_time": ["2019-01-16 09:07:16"], "total_order": 1, "hotel_value": ["4.1"], "hotel_price": ["219"]}, "482289": {"hotel_name": "\u5357\u4eac\u4e2d\u592e\u996d\u5e97", "order_time": ["2019-01-16 09:08:18"], "total_order": 1, "hotel_value": ["4.4"], "hotel_price": ["408"]}, "13325407": {"hotel_name": "\u5357\u4eac\u73ba\u57ce\u00b7\u963f\u91cc\u9152\u5e97", "order_time": ["2019-01-16 09:08:18", "2019-01-16 09:14:23", "2019-01-16 09:22:28"], "total_order": 3, "hotel_value": ["4.6", "4.6", "4.6"], "hotel_price": ["273", "273", "303"]}, "1433140": {"hotel_name": "\u5357\u4eac\u82f9\u679c\u9152\u5e97(\u539f\u9752\u82f9\u679c\u9152\u5e97)", "order_time": ["2019-01-16 09:08:18"], "total_order": 1, "hotel_value": ["3.8"], "hotel_price": ["117"]}, "4122292": {"hotel_name": "\u5c1a\u5ba2\u4f18\u8fde\u9501\u9152\u5e97(\u5357\u4eac\u6cb3\u6d77\u5927\u5b66\u5730\u94c1\u7ad9\u5e97)", "order_time": ["2019-01-16 09:08:19"], "total_order": 1, "hotel_value": ["4.2"], "hotel_price": ["161"]}, "9667479": {"hotel_name": "\u5357\u4eac\u9690\u5357\u95e8\u4e1c\u9152\u5e97", "order_time": ["2019-01-16 09:08:20"], "total_order": 1, "hotel_value": ["4.8"], "hotel_price": ["896"]}, "1219124": {"hotel_name": "\u90fd\u5e02118(\u5357\u4eac\u4e2d\u5c71\u9675\u98ce\u666f\u533a\u4e0b\u9a6c\u574a\u5730\u94c1\u7ad9\u5e97)", "order_time": ["2019-01-16 09:08:22"], "total_order": 1, "hotel_value": ["4.4"], "hotel_price": ["154"]}, "1465490": {"hotel_name": "\u5357\u4eac\u94f6\u767e\u5feb\u6377\u9152\u5e97", "order_time": ["2019-01-16 09:08:26"], "total_order": 1, "hotel_value": ["3.4"], "hotel_price": ["70"]}, "2783279": {"hotel_name": "\u5e03\u4e01\u9152\u5e97(\u5357\u4eac\u5357\u7ad9\u53cc\u9f99\u5927\u9053\u5730\u94c1\u7ad9\u5e97)", "order_time": ["2019-01-16 09:08:33"], "total_order": 1, "hotel_value": ["4.3"], "hotel_price": ["204"]}, "6374078": {"hotel_name": "\u5357\u4eac\u65b0\u57ce\u5bbe\u9986(\u539f\u5927\u7ea2\u5bbe\u9986)", "order_time": ["2019-01-16 09:08:34"], "total_order": 1, "hotel_value": ["4.4"], "hotel_price": ["110"]}, "17525181": {"hotel_name": "\u5357\u4eac\u5357\u7ad9\u80dc\u592a\u897f\u8def\u4e9a\u6735\u9152\u5e97", "order_time": ["2019-01-16 09:14:22", "2019-01-16 09:08:35", "2019-01-16 09:42:20"], "total_order": 3, "hotel_value": ["4.8", "4.8", "4.8"], "hotel_price": ["413", "413", "413"]}, "8435954": {"hotel_name": "\u5357\u4eac\u4ed9\u6797\u5927\u5b66\u57ce\u751f\u521b\u56ed\u4e9a\u6735\u9152\u5e97", "order_time": ["2019-01-16 09:08:35"], "total_order": 1, "hotel_value": ["4.9"], "hotel_price": ["356"]}, "1034657": {"hotel_name": "\u5357\u4eac\u68a6\u8377\u5feb\u6377\u5bbe\u9986", "order_time": ["2019-01-16 09:09:03"], "total_order": 1, "hotel_value": ["4.5"], "hotel_price": ["148"]}, "19533507": {"hotel_name": "\u5357\u4eac\u827e\u5f71\u827a\u672f\u9152\u5e97", "order_time": ["2019-01-16 09:09:05"], "total_order": 1, "hotel_value": ["4.4"], "hotel_price": ["298"]}, "6762482": {"hotel_name": "\u7ea2\u67ab\u7cbe\u54c1\u9152\u5e97(\u5357\u4eac\u7ad9\u8fc8\u768b\u6865\u5730\u94c1\u7ad9\u5e97)", "order_time": ["2019-01-16 09:46:20", "2019-01-16 09:10:19", "2019-01-16 09:18:20"], "total_order": 3, "hotel_value": ["4.5", "4.5", "4.5"], "hotel_price": ["139", "139", "139"]}, "25289828": {"hotel_name": "\u5357\u4eac\u5f92\u884c\u964c\u5ba2\u9752\u5e74\u65c5\u820d", "order_time": ["2019-01-16 09:46:26", "2019-01-16 09:10:21"], "total_order": 2, "hotel_value": ["4.9", "4.9"], "hotel_price": ["88", "88"]}, "7423394": {"hotel_name": "\u5357\u4eac\u540d\u7984\u5546\u52a1\u9152\u5e97", "order_time": ["2019-01-16 09:44:27", "2019-01-16 09:40:27", "2019-01-16 09:10:23"], "total_order": 3, "hotel_value": ["4.3", "4.3", "4.3"], "hotel_price": ["152", "152", "152"]}, "5472924": {"hotel_name": "\u9e97\u67ab\u9152\u5e97(\u5357\u4eac\u65b0\u8857\u53e3\u5f20\u5e9c\u56ed\u5730\u94c1\u7ad9\u5e97)", "order_time": ["2019-01-16 09:10:27"], "total_order": 1, "hotel_value": ["4.6"], "hotel_price": ["376"]}, "6409057": {"hotel_name": "\u683c\u6797\u8054\u76df\u9152\u5e97(\u5357\u4eac\u6797\u573a\u5730\u94c1\u7ad9\u5e97)", "order_time": ["2019-01-16 09:10:39"], "total_order": 1, "hotel_value": ["3.9"], "hotel_price": ["168"]}, "24399372": {"hotel_name": "\u5357\u4eac\u6e05\u6a59\u9152\u5e97", "order_time": ["2019-01-16 09:10:45"], "total_order": 1, "hotel_value": ["4.5"], "hotel_price": ["134"]}, "8651067": {"hotel_name": "\u5357\u4eacTT TOUCH\u9152\u5e97", "order_time": ["2019-01-16 09:11:04"], "total_order": 1, "hotel_value": ["4.6"], "hotel_price": ["100"]}, "854476": {"hotel_name": "\u5357\u4eac\u534e\u4e1c\u996d\u5e97", "order_time": ["2019-01-16 09:11:05"], "total_order": 1, "hotel_value": ["4.6"], "hotel_price": ["369"]}, "4727336": {"hotel_name": "\u5357\u4eac\u4e09\u676f\u8336\u9752\u5e74\u516c\u5bd3", "order_time": ["2019-01-16 09:11:07", "2019-01-16 09:17:05"], "total_order": 2, "hotel_value": ["4.7", "4.7"], "hotel_price": ["69", "69"]}, "9347528": {"hotel_name": "\u56fd\u9645\u9752\u5e74\u4f1a\u8bae\u9152\u5e97(\u5357\u4eac\u56fd\u9645\u9752\u5e74\u6587\u5316\u4e2d\u5fc3\u5e97)", "order_time": ["2019-01-16 09:11:18", "2019-01-16 09:37:14"], "total_order": 2, "hotel_value": ["4.8", "4.8"], "hotel_price": ["598", "598"]}, "1945283": {"hotel_name": "\u5357\u4eac\u6da6\u8473\u9152\u5e97", "order_time": ["2019-01-16 09:12:21", "2019-01-16 09:16:23"], "total_order": 2, "hotel_value": ["4.7", "4.7"], "hotel_price": ["348", "348"]}, "1462789": {"hotel_name": "\u80af\u5b9a\u00b7\u89c2\u7f8e\u9152\u5e97(\u5357\u4eac\u65b0\u8857\u53e3\u91d1\u878d\u4e2d\u5fc3\u4e2d\u592e\u5546\u573a\u5e97)", "order_time": ["2019-01-16 09:12:22"], "total_order": 1, "hotel_value": ["4.6"], "hotel_price": ["288"]}, "4728409": {"hotel_name": "\u8776\u604b\u82b1\u56ed\u9152\u5e97(\u5357\u4eac\u6653\u5e84\u56fd\u9645\u5e7f\u573a\u5e97)(\u539f\u79cb\u8c31\u5bbe\u9986)", "order_time": ["2019-01-16 09:12:31", "2019-01-16 09:52:20"], "total_order": 2, "hotel_value": ["4.8", "4.8"], "hotel_price": ["93", "93"]}, "1185389": {"hotel_name": "\u69b4\u83b2\u5c0f\u661f\u8fde\u9501\u9152\u5e97(\u5357\u4eac\u6c5f\u6d66\u5e97)", "order_time": ["2019-01-16 09:12:31"], "total_order": 1, "hotel_value": ["4.0"], "hotel_price": ["107"]}, "1944075": {"hotel_name": "\u5e03\u4e01\u9152\u5e97(\u5357\u4eac\u9ad8\u65b0\u533a\u4e1c\u5927\u6210\u8d24\u5b66\u9662\u5730\u94c1\u7ad9\u5e97)", "order_time": ["2019-01-16 09:12:35", "2019-01-16 09:52:34"], "total_order": 2, "hotel_value": ["4.0", "4.0"], "hotel_price": ["114", "114"]}, "1448359": {"hotel_name": "\u5982\u5bb6\u5546\u65c5\u9152\u5e97(\u5357\u4eac\u65b0\u8857\u53e3\u5730\u94c1\u7ad9\u5e97)", "order_time": ["2019-01-16 09:12:36"], "total_order": 1, "hotel_value": ["4.8"], "hotel_price": ["436"]}, "369713": {"hotel_name": "\u5357\u4eac\u7eff\u5730\u6d32\u9645\u9152\u5e97", "order_time": ["2019-01-16 09:12:37"], "total_order": 1, "hotel_value": ["4.7"], "hotel_price": ["1099"]}, "1945287": {"hotel_name": "\u65b0\u7eaa\u5143\u5927\u9152\u5e97(\u5357\u4eac\u6ea7\u6c34\u5e97)", "order_time": ["2019-01-16 09:12:37"], "total_order": 1, "hotel_value": ["4.7"], "hotel_price": ["353"]}, "2803109": {"hotel_name": "\u6d77\u53cb\u9152\u5e97(\u5357\u4eac\u592b\u5b50\u5e99\u4e2d\u534e\u8def\u5e97)", "order_time": ["2019-01-16 09:12:39"], "total_order": 1, "hotel_value": ["4.4"], "hotel_price": ["161"]}, "1286871": {"hotel_name": "\u6c49\u5ead\u9152\u5e97(\u5357\u4eac\u706b\u8f66\u7ad9\u5e97)", "order_time": ["2019-01-16 09:12:41", "2019-01-16 09:38:47"], "total_order": 2, "hotel_value": ["4.0", "4.0"], "hotel_price": ["246", "246"]}, "24003770": {"hotel_name": "\u5b9c\u5c1a\u9152\u5e97(\u5357\u4eac\u5929\u5370\u5927\u9053\u5730\u94c1\u7ad9\u5e97)", "order_time": ["2019-01-16 09:12:42"], "total_order": 1, "hotel_value": ["4.8"], "hotel_price": ["330"]}, "1451993": {"hotel_name": "\u5982\u5bb6\u5feb\u6377\u9152\u5e97(\u5357\u4eac\u6c49\u4e2d\u95e8\u5927\u8857\u5e97)", "order_time": ["2019-01-16 09:13:03"], "total_order": 1, "hotel_value": ["4.4"], "hotel_price": ["80"]}, "3669632": {"hotel_name": "\u96e8\u6da6\u4e2d\u592e\u516c\u9986\u884c\u653f\u9152\u5e97\u516c\u5bd3(\u5357\u4eac\u5965\u4f53\u4e2d\u5fc3\u5e97)", "order_time": ["2019-01-16 09:14:23"], "total_order": 1, "hotel_value": ["4.4"], "hotel_price": ["358"]}, "1948266": {"hotel_name": "\u5357\u4eac\u798f\u660c\u996d\u5e97", "order_time": ["2019-01-16 09:14:28"], "total_order": 1, "hotel_value": ["4.1"], "hotel_price": ["212"]}, "2857752": {"hotel_name": "\u683c\u6797\u8c6a\u6cf0(\u5357\u4eac\u5357\u7ad9\u5357\u5e7f\u573a\u5e97)", "order_time": ["2019-01-16 09:14:34"], "total_order": 1, "hotel_value": ["4.4"], "hotel_price": ["208"]}, "1483679": {"hotel_name": "\u5982\u5bb6\u5feb\u6377\u9152\u5e97(\u5357\u4eac\u6c5f\u82cf\u8def\u5e97)", "order_time": ["2019-01-16 09:14:58"], "total_order": 1, "hotel_value": ["4.5"], "hotel_price": ["272"]}, "953946": {"hotel_name": "\u5357\u4eac\u96e8\u82b1\u6676\u4e3d\u9152\u5e97", "order_time": ["2019-01-16 09:15:06"], "total_order": 1, "hotel_value": ["4.5"], "hotel_price": ["206"]}, "6457527": {"hotel_name": "\u6c49\u5ead\u9152\u5e97(\u5357\u4eac\u6cb3\u897f\u4e07\u8fbe\u5e97)", "order_time": ["2019-01-16 09:15:07"], "total_order": 1, "hotel_value": ["4.5"], "hotel_price": ["370"]}, "1441836": {"hotel_name": "\u83ab\u6cf0168(\u5357\u4eac\u5e7f\u5dde\u8def\u968f\u56ed\u5927\u53a6\u5e97)(\u539f\u5357\u4eac\u5927\u5b66\u5e7f\u5dde\u8def\u5e97)", "order_time": ["2019-01-16 09:15:07"], "total_order": 1, "hotel_value": ["4.6"], "hotel_price": ["296"]}, "4649966": {"hotel_name": "\u5982\u5bb6\u5feb\u6377\u9152\u5e97(\u5357\u4eac\u4e91\u5357\u8def\u5730\u94c1\u7ad9\u4e0a\u6d77\u8def\u5e97)", "order_time": ["2019-01-16 09:15:07"], "total_order": 1, "hotel_value": ["4.5"], "hotel_price": ["298"]}, "1426613": {"hotel_name": "\u5357\u4eac\u571f\u4e01\u4e07\u91cc\u8def\u56fd\u9645\u9752\u5e74\u9152\u5e97", "order_time": ["2019-01-16 09:15:07"], "total_order": 1, "hotel_value": ["4.4"], "hotel_price": ["48"]}, "3292061": {"hotel_name": "\u5357\u4eac\u5357\u5e7f\u5bbe\u9986", "order_time": ["2019-01-16 09:15:07"], "total_order": 1, "hotel_value": ["3.6"], "hotel_price": ["410"]}, "1454411": {"hotel_name": "\u5982\u5bb6\u5feb\u6377\u9152\u5e97(\u5357\u4eac\u65b0\u8857\u53e3\u4e2d\u5fc3\u5e97)", "order_time": ["2019-01-16 09:15:07"], "total_order": 1, "hotel_value": ["4.6"], "hotel_price": ["210"]}, "9628580": {"hotel_name": "\u7eb3\u7ef4\u4e9a\u9152\u5e97\u516c\u5bd3(\u5357\u4eac\u5357\u7ad9\u5e97)", "order_time": ["2019-01-16 09:15:07"], "total_order": 1, "hotel_value": ["4.7"], "hotel_price": ["258"]}, "856450": {"hotel_name": "\u5982\u5bb6\u5feb\u6377\u9152\u5e97(\u5357\u4eac\u65b0\u8857\u53e3\u5e38\u5e9c\u8857\u5730\u94c1\u7ad9\u5929\u7a7a\u4e4b\u90fd\u5e97)", "order_time": ["2019-01-16 09:15:07"], "total_order": 1, "hotel_value": ["4.4"], "hotel_price": ["180"]}, "1582554": {"hotel_name": "\u5357\u4eac\u53cb\u597d\u524d\u7a0b\u7cbe\u54c1\u9152\u5e97", "order_time": ["2019-01-16 09:15:07"], "total_order": 1, "hotel_value": ["4.3"], "hotel_price": ["310"]}, "2302798": {"hotel_name": "\u5357\u4eac\u767e\u8349\u56ed\u5bbe\u9986", "order_time": ["2019-01-16 09:15:07"], "total_order": 1, "hotel_value": ["4.4"], "hotel_price": ["328"]}, "798936": {"hotel_name": "\u5982\u5bb6\u9152\u5e97(\u5357\u4eac\u4e5d\u9f99\u6e56\u5730\u94c1\u7ad9\u53cc\u9f99\u5927\u9053\u5e97)", "order_time": ["2019-01-16 09:15:07"], "total_order": 1, "hotel_value": ["4.7"], "hotel_price": ["246"]}, "2204005": {"hotel_name": "\u5357\u4eac\u6d1b\u514b\u9152\u5e97", "order_time": ["2019-01-16 09:15:07"], "total_order": 1, "hotel_value": ["4.2"], "hotel_price": ["148"]}, "9596458": {"hotel_name": "\u5357\u4eac\u7231\u6735\u7cbe\u54c1(\u6c5f\u5b81\u5927\u5b66\u57ce\u5e97)", "order_time": ["2019-01-16 09:15:07", "2019-01-16 09:47:05"], "total_order": 2, "hotel_value": ["4.6", "4.6"], "hotel_price": ["228", "228"]}, "4707052": {"hotel_name": "Q\u52a0\u00b7\u72ec\u4e00\u5904\u9152\u5e97\u5f0f\u516c\u5bd3(\u5357\u4eac\u5357\u7ad9\u5e97)(\u539f\u5411\u65e5\u8475\u9152\u5e97\u516c\u5bd3)", "order_time": ["2019-01-16 09:15:07"], "total_order": 1, "hotel_value": ["4.7"], "hotel_price": ["258"]}, "1938309": {"hotel_name": "\u9526\u6c5f\u4e4b\u661f(\u5357\u4eac\u83ab\u6101\u6e56\u5e97)", "order_time": ["2019-01-16 09:15:07"], "total_order": 1, "hotel_value": ["4.4"], "hotel_price": ["299"]}, "5158996": {"hotel_name": "\u5982\u5bb6\u7cbe\u9009\u9152\u5e97(\u5357\u4eac\u5b9a\u6dee\u95e8\u9f99\u6c5f\u5730\u94c1\u7ad9\u5e97)(\u539f\u9f99\u6c5f\u5b9a\u6dee\u95e8\u5927\u8857\u5e97)", "order_time": ["2019-01-16 09:15:07"], "total_order": 1, "hotel_value": ["4.8"], "hotel_price": ["412"]}, "4814294": {"hotel_name": "\u5982\u5bb6\u5feb\u6377\u9152\u5e97(\u5357\u4eac\u65b0\u8857\u53e3\u4e2d\u5c71\u4e1c\u8def\u897f\u5b89\u95e8\u5730\u94c1\u7ad9\u5e97)", "order_time": ["2019-01-16 09:15:07"], "total_order": 1, "hotel_value": ["4.5"], "hotel_price": ["219"]}, "2301890": {"hotel_name": "7\u5929\u8fde\u9501\u9152\u5e97(\u5357\u4eac\u4e09\u724c\u697c\u8679\u6865\u4e2d\u5fc3\u5e97)", "order_time": ["2019-01-16 09:15:07"], "total_order": 1, "hotel_value": ["4.3"], "hotel_price": ["272"]}, "433881": {"hotel_name": "\u5357\u4eac\u65b9\u6e90\u91d1\u9675\u56fd\u9645\u9152\u5e97", "order_time": ["2019-01-16 09:15:07"], "total_order": 1, "hotel_value": ["4.2"], "hotel_price": ["412"]}, "8669404": {"hotel_name": "\u6c49\u5ead\u9152\u5e97(\u5357\u4eac\u9e92\u9e9f\u79d1\u6280\u56ed\u5e97)", "order_time": ["2019-01-16 09:15:07"], "total_order": 1, "hotel_value": ["4.4"], "hotel_price": ["313"]}, "1209418": {"hotel_name": "\u83ab\u6cf0168(\u5357\u4eac\u592b\u5b50\u5e99\u4e09\u5c71\u8857\u5730\u94c1\u7ad9\u5e97)", "order_time": ["2019-01-16 09:42:23", "2019-01-16 09:16:19", "2019-01-16 09:32:17"], "total_order": 3, "hotel_value": ["4.6", "4.6", "4.6"], "hotel_price": ["197", "197", "197"]}, "6802454": {"hotel_name": "\u5357\u4eac\u96ea\u62c9\u540c\u4e3b\u9898\u5bbe\u9986", "order_time": ["2019-01-16 09:16:20"], "total_order": 1, "hotel_value": ["4.3"], "hotel_price": ["153"]}, "1618777": {"hotel_name": "\u6ea7\u6c34\u9633\u5149\u5047\u65e5\u9152\u5e97(\u5357\u4eac\u5927\u897f\u95e8\u5e97)", "order_time": ["2019-01-16 09:16:21"], "total_order": 1, "hotel_value": ["4.5"], "hotel_price": ["134"]}, "1451827": {"hotel_name": "\u5982\u5bb6\u5feb\u6377\u9152\u5e97(\u5357\u4eac\u592b\u5b50\u5e99\u5730\u94c1\u7ad9\u5e73\u6c5f\u5e9c\u8def\u5e97)", "order_time": ["2019-01-16 09:36:24", "2019-01-16 09:44:27", "2019-01-16 09:30:24", "2019-01-16 09:16:21"], "total_order": 4, "hotel_value": ["4.5", "4.5", "4.5", "4.5"], "hotel_price": ["225", "225", "225", "225"]}, "2035485": {"hotel_name": "\u6f2b\u5fc3\u9152\u5e97(\u5357\u4eac\u592b\u5b50\u5e99\u6c34\u97f5\u79e6\u6dee\u5e97)", "order_time": ["2019-01-16 09:16:27"], "total_order": 1, "hotel_value": ["4.8"], "hotel_price": ["455"]}, "1216043": {"hotel_name": "\u8292\u679c\u8fde\u9501\u9152\u5e97(\u5357\u4eac\u9ad8\u6df3\u6c7d\u8f66\u7ad9\u5e97)", "order_time": ["2019-01-16 09:16:38"], "total_order": 1, "hotel_value": ["4.1"], "hotel_price": ["93"]}, "434989": {"hotel_name": "\u5357\u4eac\u4e2d\u5fc3\u5927\u9152\u5e97", "order_time": ["2019-01-16 09:18:19", "2019-01-16 09:22:27", "2019-01-16 09:44:28"], "total_order": 3, "hotel_value": ["4.8", "4.8", "4.8"], "hotel_price": ["548", "548", "548"]}, "434086": {"hotel_name": "\u5357\u4eac\u65b0\u7eaa\u5143\u5927\u9152\u5e97", "order_time": ["2019-01-16 09:18:19"], "total_order": 1, "hotel_value": ["4.8"], "hotel_price": ["598"]}, "19596107": {"hotel_name": "\u6e05\u6c90\u7cbe\u9009\u9152\u5e97(\u5357\u4eac\u5927\u5382\u845b\u5858\u5730\u94c1\u7ad9\u5e97)", "order_time": ["2019-01-16 09:18:21"], "total_order": 1, "hotel_value": ["4.8"], "hotel_price": ["156"]}, "1359818": {"hotel_name": "\u5e03\u4e01\u9152\u5e97(\u5357\u4eac\u4ed9\u6797\u5927\u5b66\u57ce\u5e97)", "order_time": ["2019-01-16 09:18:23"], "total_order": 1, "hotel_value": ["3.6"], "hotel_price": ["99"]}, "1535644": {"hotel_name": "\u6c49\u5ead\u9152\u5e97(\u5357\u4eac\u65b0\u8857\u53e3\u4e2d\u5fc3\u5e97)", "order_time": ["2019-01-16 09:18:29"], "total_order": 1, "hotel_value": ["4.3"], "hotel_price": ["313"]}, "1535647": {"hotel_name": "\u6c49\u5ead\u9152\u5e97(\u5357\u4eac\u4e2d\u5c71\u9675\u4e0b\u9a6c\u574a\u5730\u94c1\u7ad9\u5e97)(\u539f\u4e2d\u5c71\u98ce\u666f\u533a\u5e97)", "order_time": ["2019-01-16 09:18:29"], "total_order": 1, "hotel_value": ["4.3"], "hotel_price": ["227"]}, "22775455": {"hotel_name": "\u5357\u4eac\u6cca\u60a6\u8f7b\u5c45\u9152\u5e97", "order_time": ["2019-01-16 09:18:29"], "total_order": 1, "hotel_value": ["4.8"], "hotel_price": ["192"]}, "23706797": {"hotel_name": "\u5357\u4eac\u74e6\u4f26\u4e01\u9152\u5e97", "order_time": ["2019-01-16 09:18:29"], "total_order": 1, "hotel_value": ["4.9"], "hotel_price": ["193"]}, "1642732": {"hotel_name": "\u5357\u4eac\u5929\u7c41\u5bbe\u9986", "order_time": ["2019-01-16 09:18:45"], "total_order": 1, "hotel_value": ["4.3"], "hotel_price": ["128"]}, "1457082": {"hotel_name": "\u5982\u5bb6\u7cbe\u9009\u9152\u5e97(\u5357\u4eac\u65b0\u8857\u53e3\u5fb7\u57fa\u5e7f\u573a\u5e97)(\u539f\u7ba1\u5bb6\u6865\u5e97)", "order_time": ["2019-01-16 09:19:05"], "total_order": 1, "hotel_value": ["4.6"], "hotel_price": ["331"]}, "427748": {"hotel_name": "\u6c47\u4e3d\u9152\u5e97(\u5357\u4eac\u519b\u533a\u603b\u9662\u5e97)", "order_time": ["2019-01-16 09:20:18"], "total_order": 1, "hotel_value": ["4.4"], "hotel_price": ["169"]}, "28363316": {"hotel_name": "\u6854\u5b50\u9152\u5e97\u00b7\u7cbe\u9009(\u5357\u4eac\u706b\u8f66\u5357\u7ad9\u767e\u5bb6\u6e56\u5e97)", "order_time": ["2019-01-16 09:20:19"], "total_order": 1, "hotel_value": [0], "hotel_price": ["446"]}, "1632876": {"hotel_name": "\u6854\u5b50\u6c34\u6676\u9152\u5e97(\u5357\u4eac\u65b0\u8857\u53e3\u5e97)", "order_time": ["2019-01-16 09:20:20"], "total_order": 1, "hotel_value": ["4.8"], "hotel_price": ["484"]}, "5905976": {"hotel_name": "\u90fd\u4e50\u5bbe\u9986(\u5357\u4eac\u592b\u5b50\u5e99\u5e97)", "order_time": ["2019-01-16 09:20:21"], "total_order": 1, "hotel_value": ["4.3"], "hotel_price": ["118"]}, "25824305": {"hotel_name": "\u5b9c\u5c1a\u9152\u5e97(\u5357\u4eac\u9752\u5965\u535a\u89c8\u4e2d\u5fc3\u5e97)", "order_time": ["2019-01-16 09:20:22", "2019-01-16 09:32:25", "2019-01-16 09:26:26"], "total_order": 3, "hotel_value": ["4.4", "4.4", "4.4"], "hotel_price": ["332", "332", "332"]}, "15899728": {"hotel_name": "\u5357\u4eac\u4f0a\u8428\u5361\u9152\u5e97\u516c\u5bd3", "order_time": ["2019-01-16 09:20:22"], "total_order": 1, "hotel_value": ["4.5"], "hotel_price": ["183"]}, "25050379": {"hotel_name": "\u5357\u4eac\u5965\u4f53\u4e2d\u5fc3\u4e9a\u6735S\u9152\u5e97", "order_time": ["2019-01-16 09:20:23"], "total_order": 1, "hotel_value": ["4.8"], "hotel_price": ["490"]}, "1816830": {"hotel_name": "\u6854\u5b50\u9152\u5e97\u00b7\u7cbe\u9009(\u5357\u4eac\u65b0\u8857\u53e3\u5e97)", "order_time": ["2019-01-16 09:42:26", "2019-01-16 09:20:24"], "total_order": 2, "hotel_value": ["4.9", "4.9"], "hotel_price": ["379", "379"]}, "1452602": {"hotel_name": "\u5982\u5bb6\u5feb\u6377\u9152\u5e97(\u5357\u4eac\u8fc8\u768b\u6865\u5730\u94c1\u7ad9\u5e97)", "order_time": ["2019-01-16 09:20:25"], "total_order": 1, "hotel_value": ["4.4"], "hotel_price": ["158"]}, "1862779": {"hotel_name": "\u51ef\u65fa\u8fde\u9501\u5bbe\u9986(\u5357\u4eac\u540e\u5bb0\u95e8\u5e97)", "order_time": ["2019-01-16 09:20:28"], "total_order": 1, "hotel_value": ["4.6"], "hotel_price": ["153"]}, "369785": {"hotel_name": "\u5357\u4eac\u7d22\u83f2\u7279\u94f6\u6cb3\u5927\u9152\u5e97", "order_time": ["2019-01-16 09:30:20", "2019-01-16 09:20:29", "2019-01-16 09:44:29", "2019-01-16 09:34:20"], "total_order": 4, "hotel_value": ["4.6", "4.6", "4.6", "4.6"], "hotel_price": ["876", "876", "876", "876"]}, "2941828": {"hotel_name": "\u94c2\u7eb3\u5c4b\u6e56\u666f\u516c\u5bd3(\u5357\u4eac\u7384\u6b66\u6e56\u5e97)", "order_time": ["2019-01-16 09:20:29"], "total_order": 1, "hotel_value": ["4.3"], "hotel_price": ["348"]}, "8612748": {"hotel_name": "\u5357\u4eac\u559c\u9a6c\u62c9\u96c5\u9152\u5e97\u516c\u5bd3\u5357\u7ad9\u5e97", "order_time": ["2019-01-16 09:26:24", "2019-01-16 09:20:29", "2019-01-16 09:46:19"], "total_order": 3, "hotel_value": ["4.7", "4.7", "4.7"], "hotel_price": ["262", "262", "262"]}, "28676488": {"hotel_name": "\u6c49\u5ead\u4f18\u4f73\u9152\u5e97(\u5357\u4eac\u65b0\u8857\u53e3\u4e2d\u5fc3\u5e97)", "order_time": ["2019-01-16 09:20:31"], "total_order": 1, "hotel_value": [0], "hotel_price": ["408"]}, "3642707": {"hotel_name": "\u5357\u4eac\u5b9a\u683c\u5bbe\u9986", "order_time": ["2019-01-16 09:20:32"], "total_order": 1, "hotel_value": ["4.5"], "hotel_price": ["105"]}, "1518063": {"hotel_name": "\u5357\u4eac\u592a\u6e56\u5bbe\u9986", "order_time": ["2019-01-16 09:20:33"], "total_order": 1, "hotel_value": ["4.4"], "hotel_price": ["98"]}, "1874210": {"hotel_name": "\u5e03\u4e01\u9152\u5e97(\u5357\u4eac\u73e0\u6c5f\u8def\u4e1c\u5357\u5927\u5b66\u5e97)", "order_time": ["2019-01-16 09:20:38", "2019-01-16 09:31:00"], "total_order": 2, "hotel_value": ["3.9", "3.9"], "hotel_price": ["150", "150"]}, "915029": {"hotel_name": "\u5357\u4eac\u91d1\u65e5\u7f18\u5bbe\u9986", "order_time": ["2019-01-16 09:20:41"], "total_order": 1, "hotel_value": ["3.3"], "hotel_price": ["106"]}, "1816834": {"hotel_name": "\u6854\u5b50\u9152\u5e97\u00b7\u7cbe\u9009(\u5357\u4eac\u592b\u5b50\u5e99\u5e97)", "order_time": ["2019-01-16 09:22:19"], "total_order": 1, "hotel_value": ["4.8"], "hotel_price": ["438"]}, "1452015": {"hotel_name": "\u5982\u5bb6\u5feb\u6377\u9152\u5e97(\u5357\u4eac\u6708\u7259\u6e56\u94f6\u57ce\u4e1c\u82d1\u5e97)", "order_time": ["2019-01-16 09:22:19"], "total_order": 1, "hotel_value": ["4.6"], "hotel_price": ["170"]}, "6111337": {"hotel_name": "\u5357\u4eac\u5fa1\u51a0\u9152\u5e97", "order_time": ["2019-01-16 09:22:24"], "total_order": 1, "hotel_value": ["4.7"], "hotel_price": ["488"]}, "26446286": {"hotel_name": "\u5357\u4eac\u65b0\u6e2f\u5f00\u53d1\u533a\u4e9a\u6735\u9152\u5e97", "order_time": ["2019-01-16 09:22:26"], "total_order": 1, "hotel_value": ["4.8"], "hotel_price": ["343"]}, "15944957": {"hotel_name": "\u5168\u5b63\u9152\u5e97(\u5357\u4eac\u65b0\u8857\u53e3\u6237\u90e8\u8857\u5e97)", "order_time": ["2019-01-16 09:36:20", "2019-01-16 09:22:26", "2019-01-16 09:52:19", "2019-01-16 09:28:22"], "total_order": 4, "hotel_value": ["4.7", "4.7", "4.7", "4.7"], "hotel_price": ["370", "370", "370", "370"]}, "5315994": {"hotel_name": "\u5357\u4eac\u6bd4\u7855\u5047\u65e5\u9152\u5e97", "order_time": ["2019-01-16 09:22:26"], "total_order": 1, "hotel_value": ["3.5"], "hotel_price": ["148"]}, "3668050": {"hotel_name": "\u5357\u4eac\u6c64\u5c71\u521b\u901a\u82b1\u56ed\u9152\u5e97(\u539f\u521b\u901a\u5546\u52a1\u9152\u5e97)", "order_time": ["2019-01-16 09:22:32"], "total_order": 1, "hotel_value": ["4.3"], "hotel_price": ["248"]}, "901884": {"hotel_name": "\u6613\u4f70\u826f\u54c1\u9152\u5e97(\u5357\u4eac\u8fc8\u768b\u6865\u5730\u94c1\u5e97)", "order_time": ["2019-01-16 09:22:32"], "total_order": 1, "hotel_value": ["4.3"], "hotel_price": ["101"]}, "8400065": {"hotel_name": "\u5357\u4eac\u5fc6\u6d41\u5149\u65f6\u5c1a\u9752\u5e74\u65c5\u820d", "order_time": ["2019-01-16 09:22:47"], "total_order": 1, "hotel_value": ["4.3"], "hotel_price": ["55"]}, "22825205": {"hotel_name": "\u5357\u4eac\u7d2b\u7384\u9152\u5e97", "order_time": ["2019-01-16 09:23:05", "2019-01-16 09:25:19"], "total_order": 2, "hotel_value": ["4.9", "4.9"], "hotel_price": ["328", "328"]}, "5782272": {"hotel_name": "\u4e5d\u97f5\u7cbe\u54c1\u9152\u5e97(\u5357\u4eac\u5357\u5de5\u5927\u6155\u65af\u835f\u5e97)", "order_time": ["2019-01-16 09:24:30"], "total_order": 1, "hotel_value": ["4.7"], "hotel_price": ["163"]}, "437037": {"hotel_name": "\u5357\u4eac\u6c64\u5c71\u5723\u6cc9\u6e29\u6cc9\u57ce", "order_time": ["2019-01-16 09:24:30", "2019-01-16 09:32:19"], "total_order": 2, "hotel_value": ["4.1", "4.1"], "hotel_price": ["244", "244"]}, "9770022": {"hotel_name": "Q\u52a0\u00b7\u4e94\u68f5\u6811\u57ce\u9645\u9152\u5e97(\u5357\u4eac\u5357\u7ad9\u5e97)", "order_time": ["2019-01-16 09:24:34"], "total_order": 1, "hotel_value": ["4.6"], "hotel_price": ["206"]}, "1341077": {"hotel_name": "\u5982\u5bb6\u5feb\u6377\u9152\u5e97(\u5357\u4eac\u592b\u5b50\u5e99\u9f99\u87e0\u4e2d\u8def\u7535\u89c6\u53f0\u5e97)", "order_time": ["2019-01-16 09:24:34"], "total_order": 1, "hotel_value": ["4.4"], "hotel_price": ["237"]}, "5081586": {"hotel_name": "\u5357\u4eac\u5965\u4e1c\u5bbe\u9986", "order_time": ["2019-01-16 09:24:37"], "total_order": 1, "hotel_value": ["4.2"], "hotel_price": ["133"]}, "2575107": {"hotel_name": "Q\u52a0\u00b7\u683c\u9675\u5170\u5c9b\u5546\u52a1\u5bbe\u9986(\u5357\u4eac\u5357\u7ad9\u767e\u5bb6\u6e56\u80dc\u592a\u8def\u5730\u94c1\u7ad9\u5e97)", "order_time": ["2019-01-16 09:24:39"], "total_order": 1, "hotel_value": ["4.6"], "hotel_price": ["224"]}, "434624": {"hotel_name": "\u5357\u4eac\u6c49\u5e9c\u996d\u5e97", "order_time": ["2019-01-16 09:24:44"], "total_order": 1, "hotel_value": ["4.7"], "hotel_price": ["498"]}, "3796600": {"hotel_name": "\u5357\u4eac\u6c11\u822a\u4e4b\u661f\u5feb\u6377\u9152\u5e97", "order_time": ["2019-01-16 09:24:49"], "total_order": 1, "hotel_value": ["4.3"], "hotel_price": ["97"]}, "667018": {"hotel_name": "\u5357\u4eac\u53e4\u5357\u90fd\u660e\u57fa\u9152\u5e97", "order_time": ["2019-01-16 09:24:51", "2019-01-16 09:26:27"], "total_order": 2, "hotel_value": ["4.7", "4.7"], "hotel_price": ["300", "300"]}, "3182457": {"hotel_name": "\u561f\u5b9d\u9152\u5e97\u516c\u5bd3(\u5357\u4eac\u6c5f\u5b81\u4e07\u8fbe\u5e97)", "order_time": ["2019-01-16 09:24:57"], "total_order": 1, "hotel_value": ["4.4"], "hotel_price": ["163"]}, "396597": {"hotel_name": "\u91d1\u9e70\u56fd\u4ed5\u8fbe\u9152\u5e97(\u5357\u4eac\u65b0\u8857\u53e3\u5730\u94c1\u7ad9\u5e97)", "order_time": ["2019-01-16 09:25:19"], "total_order": 1, "hotel_value": ["4.9"], "hotel_price": ["308"]}, "1943842": {"hotel_name": "\u5357\u4eac\u897f\u5eb7\u5bbe\u9986", "order_time": ["2019-01-16 09:25:20"], "total_order": 1, "hotel_value": ["4.5"], "hotel_price": ["443"]}, "18026696": {"hotel_name": "\u5343\u5c7f\u00b7\u5357\u4eac\u57ce\u4e2d\u5bb6\u7cbe\u54c1\u9152\u5e97(\u5965\u4f53\u4e2d\u80dc\u535a\u89c8\u4e2d\u5fc3\u5e97)", "order_time": ["2019-01-16 09:26:24", "2019-01-16 09:38:25"], "total_order": 2, "hotel_value": ["4.3", "4.3"], "hotel_price": ["198", "255"]}, "5967130": {"hotel_name": "\u5357\u4eac\u7426\u5c1a\u5bbe\u9986", "order_time": ["2019-01-16 09:26:30"], "total_order": 1, "hotel_value": ["4.8"], "hotel_price": ["119"]}, "6982288": {"hotel_name": "\u5c1a\u5ba2\u4f18(\u5357\u4eac\u6ea7\u6c34\u957f\u9014\u6c7d\u8f66\u7ad9\u5e97)", "order_time": ["2019-01-16 09:26:34"], "total_order": 1, "hotel_value": ["4.5"], "hotel_price": ["119"]}, "1667832": {"hotel_name": "\u5357\u4eac\u68a6\u4e4b\u9999\u5546\u52a1\u5bbe\u9986", "order_time": ["2019-01-16 09:26:37"], "total_order": 1, "hotel_value": ["4.3"], "hotel_price": ["90"]}, "1047513": {"hotel_name": "\u5357\u4eac\u9752\u679c\u5047\u65e5\u9152\u5e97", "order_time": ["2019-01-16 09:26:42"], "total_order": 1, "hotel_value": ["4.2"], "hotel_price": ["193"]}, "9067568": {"hotel_name": "\u9a8f\u6021\u8fde\u9501\u9152\u5e97(\u5357\u4eac\u53e4\u5e73\u5c97\u5e97)", "order_time": ["2019-01-16 09:27:10"], "total_order": 1, "hotel_value": ["4.1"], "hotel_price": ["268"]}, "10896011": {"hotel_name": "\u5357\u4eac\u5357\u7ad9\u6c34\u6708\u6e7e\u9152\u5e97", "order_time": ["2019-01-16 09:28:20"], "total_order": 1, "hotel_value": ["4.7"], "hotel_price": ["296"]}, "14088129": {"hotel_name": "\u7d22\u6cca\u9601\u9152\u5e97(\u5357\u4eac\u9ad8\u94c1\u5357\u7ad9\u5e97)", "order_time": ["2019-01-16 09:28:21"], "total_order": 1, "hotel_value": ["4.7"], "hotel_price": ["295"]}, "1645867": {"hotel_name": "\u6e05\u6c90\u8fde\u9501\u9152\u5e97(\u5357\u4eac\u6339\u6c5f\u95e8\u5e97)", "order_time": ["2019-01-16 09:28:21"], "total_order": 1, "hotel_value": ["4.3"], "hotel_price": ["249"]}, "1614674": {"hotel_name": "\u5357\u4eac\u5bcc\u5efa\u57ce\u5e02\u9152\u5e97", "order_time": ["2019-01-16 09:50:17", "2019-01-16 09:28:22"], "total_order": 2, "hotel_value": ["4.6", "4.6"], "hotel_price": ["356", "356"]}, "1773319": {"hotel_name": "\u6d77\u53cb\u9152\u5e97(\u5357\u4eac\u592b\u5b50\u5e99\u4e2d\u5fc3\u5e97)", "order_time": ["2019-01-16 09:28:22"], "total_order": 1, "hotel_value": ["4.1"], "hotel_price": ["199"]}, "964557": {"hotel_name": "\u5fa1\u534e\u5ead\u5feb\u6377\u65c5\u5e97(\u5357\u4eac\u5149\u534e\u95e8\u5e97)", "order_time": ["2019-01-16 09:28:28"], "total_order": 1, "hotel_value": ["4.2"], "hotel_price": ["99"]}, "6870641": {"hotel_name": "\u5168\u5b63\u9152\u5e97(\u5357\u4eac\u706b\u8f66\u7ad9\u5e97)", "order_time": ["2019-01-16 09:28:28"], "total_order": 1, "hotel_value": ["4.7"], "hotel_price": ["370"]}, "669100": {"hotel_name": "\u5357\u4eac\u91d1\u5965\u8d39\u5c14\u8499\u9152\u5e97", "order_time": ["2019-01-16 09:30:20", "2019-01-16 09:40:24"], "total_order": 2, "hotel_value": ["4.7", "4.7"], "hotel_price": ["988", "1154"]}, "4066900": {"hotel_name": "\u5168\u5b63\u9152\u5e97(\u5357\u4eac\u671d\u5929\u5bab\u5e97)", "order_time": ["2019-01-16 09:30:23"], "total_order": 1, "hotel_value": ["4.8"], "hotel_price": ["417"]}, "15899656": {"hotel_name": "\u5357\u4eac\u69b4\u604b\u5047\u65e5\u9152\u5e97\u5f0f\u516c\u5bd3", "order_time": ["2019-01-16 09:30:25"], "total_order": 1, "hotel_value": ["4.6"], "hotel_price": ["259"]}, "6829643": {"hotel_name": "\u5357\u4eac\u666f\u60a6\u5546\u52a1\u5bbe\u9986", "order_time": ["2019-01-16 09:36:27", "2019-01-16 09:30:26"], "total_order": 2, "hotel_value": ["4.0", "4.0"], "hotel_price": ["143", "143"]}, "21927397": {"hotel_name": "\u5357\u4eac\u6c27\u6c14\u7cbe\u9009\u9152\u5e97", "order_time": ["2019-01-16 09:30:26"], "total_order": 1, "hotel_value": ["4.8"], "hotel_price": ["404"]}, "1943414": {"hotel_name": "\u5357\u4eac\u72ee\u8c6a\u9152\u5e97", "order_time": ["2019-01-16 09:30:29"], "total_order": 1, "hotel_value": ["4.5"], "hotel_price": ["143"]}, "367765": {"hotel_name": "\u5357\u4eac\u51ef\u94c2\u7cbe\u54c1\u9152\u5e97", "order_time": ["2019-01-16 09:46:22", "2019-01-16 09:30:30", "2019-01-16 09:38:44"], "total_order": 3, "hotel_value": ["4.5", "4.5", "4.5"], "hotel_price": ["427", "427", "427"]}, "427725": {"hotel_name": "\u83ab\u6cf0168(\u5357\u4eac\u65b0\u8857\u53e3\u6c49\u4e2d\u8def\u533b\u79d1\u5927\u5b66\u5e97)", "order_time": ["2019-01-16 09:30:33"], "total_order": 1, "hotel_value": ["4.6"], "hotel_price": ["312"]}, "2303489": {"hotel_name": "\u5357\u4eac\u5ba1\u8ba1\u5e72\u90e8\u57f9\u8bad\u4e2d\u5fc3(\u9999\u6cb3\u6c47\u9152\u5e97)", "order_time": ["2019-01-16 09:30:34"], "total_order": 1, "hotel_value": ["4.4"], "hotel_price": ["330"]}, "1061885": {"hotel_name": "\u5357\u4eac\u5ba3\u73ae\u7ecf\u6d4e\u5bbe\u9986", "order_time": ["2019-01-16 09:30:53"], "total_order": 1, "hotel_value": ["4.0"], "hotel_price": ["83"]}, "898232": {"hotel_name": "\u5929\u76db\u5927\u9152\u5e97(\u5357\u4eac\u65b0\u8857\u53e3\u5f20\u5e9c\u56ed\u5730\u94c1\u7ad9\u5e97)", "order_time": ["2019-01-16 09:38:21", "2019-01-16 09:32:25"], "total_order": 2, "hotel_value": ["4.5", "4.5"], "hotel_price": ["285", "285"]}, "1448720": {"hotel_name": "\u5982\u5bb6\u5546\u65c5\u9152\u5e97(\u5357\u4eac\u7384\u6b66\u6e56\u65b0\u6a21\u8303\u9a6c\u8def\u5730\u94c1\u7ad9\u5e97)", "order_time": ["2019-01-16 09:32:27", "2019-01-16 09:42:29"], "total_order": 2, "hotel_value": ["4.8", "4.8"], "hotel_price": ["446", "488"]}, "21795380": {"hotel_name": "\u7ef4\u4e5f\u7eb3\u56fd\u9645\u9152\u5e97(\u5357\u4eac\u7af9\u5c71\u8def\u5730\u94c1\u7ad9\u5e97)", "order_time": ["2019-01-16 09:32:28"], "total_order": 1, "hotel_value": ["4.7"], "hotel_price": ["358"]}, "1454364": {"hotel_name": "\u5982\u5bb6\u5feb\u6377\u9152\u5e97(\u5357\u4eac\u65b0\u8857\u53e3\u73e0\u6c5f\u8def\u5730\u94c1\u7ad9\u5fb7\u57fa\u5e7f\u573a\u5e97)", "order_time": ["2019-01-16 09:32:29"], "total_order": 1, "hotel_value": ["4.5"], "hotel_price": ["289"]}, "12214422": {"hotel_name": "\u5357\u4eac\u4e0d\u671f\u800c\u5bd3\u9152\u5e97\u516c\u5bd3", "order_time": ["2019-01-16 09:32:30"], "total_order": 1, "hotel_value": ["4.7"], "hotel_price": ["198"]}, "1946078": {"hotel_name": "\u5357\u4eac\u53e4\u5357\u90fd\u4e94D\u6795\u9152\u5e97", "order_time": ["2019-01-16 09:32:33"], "total_order": 1, "hotel_value": ["4.7"], "hotel_price": ["230"]}, "435107": {"hotel_name": "\u5357\u4eac\u4e1c\u65b9\u73cd\u73e0\u996d\u5e97", "order_time": ["2019-01-16 09:34:18"], "total_order": 1, "hotel_value": ["4.8"], "hotel_price": ["392"]}, "425945": {"hotel_name": "\u6c5f\u82cf\u51e4\u51f0\u53f0\u996d\u5e97", "order_time": ["2019-01-16 09:53:11", "2019-01-16 09:34:19", "2019-01-16 09:46:16"], "total_order": 3, "hotel_value": ["4.7", "4.7", "4.7"], "hotel_price": ["798", "698", "931"]}, "22762571": {"hotel_name": "\u5357\u4eac\u77f3\u822a\u9152\u5e97", "order_time": ["2019-01-16 09:34:20"], "total_order": 1, "hotel_value": ["4.8"], "hotel_price": ["95"]}, "2200564": {"hotel_name": "\u6c49\u5ead\u9152\u5e97(\u5357\u4eac\u6ea7\u6c34\u673a\u573a\u8def\u5e97)", "order_time": ["2019-01-16 09:34:23"], "total_order": 1, "hotel_value": ["4.3"], "hotel_price": ["189"]}, "24039158": {"hotel_name": "\u5357\u4eac\u89c5\u5bbf\u9152\u5e97", "order_time": ["2019-01-16 09:34:32"], "total_order": 1, "hotel_value": ["5.0"], "hotel_price": ["193"]}, "1861415": {"hotel_name": "\u5357\u4eac\u5b89\u80dc\u9601\u5bbe\u9986", "order_time": ["2019-01-16 09:34:37"], "total_order": 1, "hotel_value": ["3.8"], "hotel_price": ["138"]}, "5383453": {"hotel_name": "\u5357\u4eac\u5bab\u5ead\u5ba2\u6808", "order_time": ["2019-01-16 09:34:43"], "total_order": 1, "hotel_value": ["2.7"], "hotel_price": ["79"]}, "21688385": {"hotel_name": "\u5357\u4eacK HOTEL\u9152\u5e97", "order_time": ["2019-01-16 09:35:02"], "total_order": 1, "hotel_value": ["4.8"], "hotel_price": ["328"]}, "6336154": {"hotel_name": "\u5168\u5b63\u9152\u5e97(\u5357\u4eac\u9f99\u87e0\u4e2d\u8def\u5e97)", "order_time": ["2019-01-16 09:36:20"], "total_order": 1, "hotel_value": ["4.6"], "hotel_price": ["299"]}, "17996519": {"hotel_name": "\u5357\u4eac\u673a\u573a\u7761\u5427\u9152\u5e97", "order_time": ["2019-01-16 09:36:20"], "total_order": 1, "hotel_value": ["4.4"], "hotel_price": ["156"]}, "1449055": {"hotel_name": "\u5982\u5bb6\u5feb\u6377\u9152\u5e97(\u5357\u4eac\u5b89\u5fb7\u95e8\u5730\u94c1\u7ad9\u5e97)", "order_time": ["2019-01-16 09:36:22"], "total_order": 1, "hotel_value": ["4.6"], "hotel_price": ["294"]}, "2707009": {"hotel_name": "\u6613\u4f70\u9152\u5e97(\u5357\u4eac\u6cb3\u6d77\u5927\u5b66\u5730\u94c1\u7ad9\u5e97)", "order_time": ["2019-01-16 09:52:28", "2019-01-16 09:36:23"], "total_order": 2, "hotel_value": ["4.2", "4.2"], "hotel_price": ["143", "143"]}, "2043640": {"hotel_name": "7\u5929\u4f18\u54c1\u9152\u5e97(\u5357\u4eac\u6c49\u4e2d\u95e8\u5730\u94c1\u7ad9\u5e97)", "order_time": ["2019-01-16 09:36:31"], "total_order": 1, "hotel_value": ["4.3"], "hotel_price": ["299"]}, "1509788": {"hotel_name": "\u683c\u6797\u8c6a\u6cf0(\u5357\u4eac\u592b\u5b50\u5e99\u592a\u5e73\u5357\u8def\u5e97)", "order_time": ["2019-01-16 09:36:32"], "total_order": 1, "hotel_value": ["4.2"], "hotel_price": ["199"]}, "2295171": {"hotel_name": "7\u5929\u8fde\u9501\u9152\u5e97(\u5357\u4eac\u73e0\u6c5f\u8def\u4e1c\u5357\u5927\u5b66\u5e97)", "order_time": ["2019-01-16 09:36:35"], "total_order": 1, "hotel_value": ["4.2"], "hotel_price": ["189"]}, "1363338": {"hotel_name": "\u57ce\u5e02\u9a7f\u5bb6\u5bbe\u9986(\u5357\u4eac\u6c5f\u5b81\u4e07\u8fbe\u5e97)(\u539f\u957f\u76c8\u5bbe\u9986)", "order_time": ["2019-01-16 09:36:35"], "total_order": 1, "hotel_value": ["4.1"], "hotel_price": ["98"]}, "2022531": {"hotel_name": "\u5357\u4eac\u56fd\u79c0\u62db\u5f85\u6240", "order_time": ["2019-01-16 09:36:43"], "total_order": 1, "hotel_value": ["2.4"], "hotel_price": ["76"]}, "1179858": {"hotel_name": "\u5168\u5b63\u9152\u5e97(\u5357\u4eac\u8679\u6865\u4e2d\u5c71\u5317\u8def\u5e97)", "order_time": ["2019-01-16 09:37:10"], "total_order": 1, "hotel_value": ["4.8"], "hotel_price": ["550"]}, "1773482": {"hotel_name": "\u6c49\u5ead\u9152\u5e97(\u5357\u4eac\u5e94\u5929\u5927\u8857\u5e97)", "order_time": ["2019-01-16 09:38:19"], "total_order": 1, "hotel_value": ["4.4"], "hotel_price": ["265"]}, "1895183": {"hotel_name": "\u5357\u4eac\u552f\u7231\u4e4b\u661f\u4e3b\u9898\u5bbe\u9986", "order_time": ["2019-01-16 09:38:23"], "total_order": 1, "hotel_value": ["3.7"], "hotel_price": ["167"]}, "1862187": {"hotel_name": "\u80af\u5b9a\u5bbe\u9986\u8fde\u9501(\u5357\u4eac\u6c5f\u5b81\u6258\u4e50\u5609\u5e97)", "order_time": ["2019-01-16 09:38:24"], "total_order": 1, "hotel_value": ["3.9"], "hotel_price": ["118"]}, "28094974": {"hotel_name": "\u5982\u5bb6\u5546\u65c5\u9152\u5e97(\u5357\u4eac\u706b\u8f66\u7ad9\u5317\u5e7f\u573a\u7384\u6b66\u6e56\u5e97)", "order_time": ["2019-01-16 09:38:47"], "total_order": 1, "hotel_value": ["4.5"], "hotel_price": ["255"]}, "19856869": {"hotel_name": "\u5357\u4eac\u6f2b\u65f6\u5149\u9752\u5e74\u65c5\u820d", "order_time": ["2019-01-16 09:38:55"], "total_order": 1, "hotel_value": ["4.6"], "hotel_price": ["47"]}, "13169926": {"hotel_name": "\u9510\u7279\u9152\u5e97\u516c\u5bd3(\u5357\u4eac\u6cb3\u897f\u4e07\u8fbe\u5e97)", "order_time": ["2019-01-16 09:39:02"], "total_order": 1, "hotel_value": ["4.7"], "hotel_price": ["228"]}, "482199": {"hotel_name": "\u5357\u4eac\u94f6\u57ce\u7687\u51a0\u5047\u65e5\u9152\u5e97", "order_time": ["2019-01-16 09:40:21"], "total_order": 1, "hotel_value": ["4.7"], "hotel_price": ["659"]}, "19833727": {"hotel_name": "\u5357\u4eac\u4e07\u5ba2\u6765\u5546\u52a1\u9152\u5e97", "order_time": ["2019-01-16 09:40:22"], "total_order": 1, "hotel_value": ["4.8"], "hotel_price": ["121"]}, "6473532": {"hotel_name": "\u7f8e\u8c6a\u9152\u5e97(\u5357\u4eac\u5e02\u4e2d\u5fc3\u5e97) ", "order_time": ["2019-01-16 09:40:22", "2019-01-16 09:48:27"], "total_order": 2, "hotel_value": ["4.8", "4.8"], "hotel_price": ["316", "316"]}, "481331": {"hotel_name": "\u5357\u4eac\u4fdd\u9669\u5927\u53a6", "order_time": ["2019-01-16 09:40:22"], "total_order": 1, "hotel_value": ["4.2"], "hotel_price": ["246"]}, "444648": {"hotel_name": "\u5357\u4eac\u5929\u4e30\u5927\u9152\u5e97", "order_time": ["2019-01-16 09:40:24"], "total_order": 1, "hotel_value": ["4.6"], "hotel_price": ["399"]}, "6060994": {"hotel_name": "\u65c5\u76df\u9152\u5e97(\u5357\u4eac\u6c5f\u6d66\u5ba2\u8fd0\u7ad9\u9f99\u534e\u8def\u5730\u94c1\u7ad9\u5e97)", "order_time": ["2019-01-16 09:40:25"], "total_order": 1, "hotel_value": ["4.2"], "hotel_price": ["82"]}, "1771888": {"hotel_name": "\u8fbe\u7f8e\u56db\u5b63\u9152\u5e97(\u5357\u4eac\u6e56\u5357\u8def\u7384\u6b66\u6e56\u5e97)", "order_time": ["2019-01-16 09:40:31", "2019-01-16 09:46:29"], "total_order": 2, "hotel_value": ["4.4", "4.4"], "hotel_price": ["398", "398"]}, "435392": {"hotel_name": "\u7d2b\u6c34\u6676\u9152\u5e97\u516c\u5bd3(\u5357\u4eac\u91d1\u8302\u5e7f\u573a\u5e97)(\u539f\u7f6e\u90fd\u9605\u6e56\u884c\u653f\u516c\u5bd3)", "order_time": ["2019-01-16 09:40:32"], "total_order": 1, "hotel_value": ["4.6"], "hotel_price": ["407"]}, "17263882": {"hotel_name": "\u5357\u4eac\u7a9d\u77f3\u69b4\u57ce\u5e02\u7cbe\u54c1\u9152\u5e97", "order_time": ["2019-01-16 09:44:30", "2019-01-16 09:40:32"], "total_order": 2, "hotel_value": ["4.8", "4.8"], "hotel_price": ["271", "271"]}, "1227217": {"hotel_name": "\u6708\u8272\u98ce\u5c1a\u4e3b\u9898\u9152\u5e97(\u5357\u4eac\u57ce\u5f00\u56fd\u9645\u5e97)", "order_time": ["2019-01-16 09:40:36"], "total_order": 1, "hotel_value": ["4.6"], "hotel_price": ["258"]}, "26428886": {"hotel_name": "\u5168\u5b63\u9152\u5e97(\u5357\u4eac\u6cb3\u897f\u535a\u89c8\u4e2d\u5fc3\u5e97)", "order_time": ["2019-01-16 09:41:05"], "total_order": 1, "hotel_value": ["4.8"], "hotel_price": ["474"]}, "3031346": {"hotel_name": "Q\u52a0\u00b7\u8587\u7231\u7cbe\u54c1\u65f6\u5c1a\u9152\u5e97(\u5357\u4eac\u7384\u6b66\u6e56\u5e97)", "order_time": ["2019-01-16 09:42:19"], "total_order": 1, "hotel_value": ["4.6"], "hotel_price": ["353"]}, "14251302": {"hotel_name": "\u5357\u4eac\u6d6e\u751f\u6e29\u6cc9\u6c11\u5bbf", "order_time": ["2019-01-16 09:42:22"], "total_order": 1, "hotel_value": ["4.8"], "hotel_price": ["579"]}, "443712": {"hotel_name": "\u5357\u4eac\u56fd\u4fe1\u5927\u9152\u5e97", "order_time": ["2019-01-16 09:42:22"], "total_order": 1, "hotel_value": ["4.6"], "hotel_price": ["518"]}, "4447194": {"hotel_name": "\u5357\u4eac\u9a7f\u5ead\u5bbe\u9986", "order_time": ["2019-01-16 09:42:23"], "total_order": 1, "hotel_value": ["4.1"], "hotel_price": ["144"]}, "1829653": {"hotel_name": "\u901f8\u9152\u5e97(\u5357\u4eac\u89e3\u653e\u8def\u5e97)", "order_time": ["2019-01-16 09:48:22", "2019-01-16 09:42:24"], "total_order": 2, "hotel_value": ["3.7", "3.7"], "hotel_price": ["158", "158"]}, "3067306": {"hotel_name": "\u7ef4\u4e5f\u7eb3\u9152\u5e97(\u5357\u4eac\u767e\u5bb6\u6e56\u897f\u95e8\u5b50\u8def\u5e97)", "order_time": ["2019-01-16 09:42:26"], "total_order": 1, "hotel_value": ["4.8"], "hotel_price": ["356"]}, "1489872": {"hotel_name": "\u683c\u6797\u8c6a\u6cf0(\u6c64\u5c71\u6e29\u6cc9\u5e97)", "order_time": ["2019-01-16 09:42:31"], "total_order": 1, "hotel_value": ["4.2"], "hotel_price": ["166"]}, "1647867": {"hotel_name": "\u5357\u4eac\u7231\u7434\u6d77\u5047\u65e5\u5bbe\u9986", "order_time": ["2019-01-16 09:42:32"], "total_order": 1, "hotel_value": ["4.5"], "hotel_price": ["103"]}, "1686731": {"hotel_name": "\u5357\u4eac\u6cf0\u4ebf\u00b7\u9633\u5149\u7cbe\u54c1\u9152\u5e97", "order_time": ["2019-01-16 09:42:32"], "total_order": 1, "hotel_value": ["4.2"], "hotel_price": ["148"]}, "7953996": {"hotel_name": "\u81f4\u7231\u4e3b\u9898\u9152\u5e97(\u5357\u4eac\u5357\u822a\u7fe0\u5c4f\u5c71\u5730\u94c1\u7ad9\u5e97)", "order_time": ["2019-01-16 09:42:40"], "total_order": 1, "hotel_value": ["3.9"], "hotel_price": ["139"]}, "1987603": {"hotel_name": "\u5357\u4eac\u5357\u5c71\u4e13\u5bb6\u697c", "order_time": ["2019-01-16 09:42:43"], "total_order": 1, "hotel_value": ["4.0"], "hotel_price": ["560"]}, "2269032": {"hotel_name": "\u9e97\u67ab\u9152\u5e97(\u5357\u4eac\u6c34\u897f\u95e8\u5927\u8857\u5e97)", "order_time": ["2019-01-16 09:44:19"], "total_order": 1, "hotel_value": ["4.7"], "hotel_price": ["319"]}, "998470": {"hotel_name": "\u4f18\u5bbf\u9152\u5e97\u516c\u5bd3(\u5357\u4eac\u7384\u6b66\u6e56\u91d1\u8302\u5e7f\u573a\u5e97)", "order_time": ["2019-01-16 09:44:21"], "total_order": 1, "hotel_value": ["4.7"], "hotel_price": ["446"]}, "433535": {"hotel_name": "\u5357\u4eac\u718a\u732b\u91d1\u9675\u5927\u9152\u5e97", "order_time": ["2019-01-16 09:44:22"], "total_order": 1, "hotel_value": ["4.7"], "hotel_price": ["340"]}, "441083": {"hotel_name": "\u5357\u4eac\u6c34\u79c0\u82d1\u5927\u9152\u5e97", "order_time": ["2019-01-16 09:44:24", "2019-01-16 09:46:27"], "total_order": 2, "hotel_value": ["4.8", "4.8"], "hotel_price": ["398", "398"]}, "6395726": {"hotel_name": "\u53e4\u5357\u90fd\u9038\u5c45\u9152\u5e97(\u5357\u4eac\u65b0\u8857\u53e3\u4e2d\u5fc3\u5e97)(\u539f\u5f18\u5609\u65b0\u8857\u53e3\u4e00\u5e97)", "order_time": ["2019-01-16 09:44:26"], "total_order": 1, "hotel_value": ["4.8"], "hotel_price": ["349"]}, "433538": {"hotel_name": "\u5357\u4eac\u5c71\u6c34\u5927\u9152\u5e97", "order_time": ["2019-01-16 09:44:28"], "total_order": 1, "hotel_value": ["4.8"], "hotel_price": ["450"]}, "6123044": {"hotel_name": "\u5357\u4eac\u94c2\u60a6\u7cbe\u54c1\u9152\u5e97\u516c\u5bd3", "order_time": ["2019-01-16 09:44:29"], "total_order": 1, "hotel_value": ["4.8"], "hotel_price": ["312"]}, "4425501": {"hotel_name": "\u7ef4\u4e5f\u7eb3\u56fd\u9645\u9152\u5e97(\u5357\u4eac\u5357\u7ad9\u4e2d\u5fc3\u5e97)", "order_time": ["2019-01-16 09:44:31"], "total_order": 1, "hotel_value": ["4.8"], "hotel_price": ["299"]}, "5379579": {"hotel_name": "\u6021\u83b1\u9152\u5e97(\u5357\u4eac\u6c5f\u6d66\u9f99\u534e\u8def\u5730\u94c1\u7ad9\u5e97)", "order_time": ["2019-01-16 09:44:32"], "total_order": 1, "hotel_value": ["3.9"], "hotel_price": ["129"]}, "12052942": {"hotel_name": "\u51ef\u4e3d\u5bbe\u9986", "order_time": ["2019-01-16 09:44:39"], "total_order": 1, "hotel_value": ["4.9"], "hotel_price": ["123"]}, "1836460": {"hotel_name": "\u5357\u4eac\u957f\u751f\u5feb\u6377\u5bbe\u9986", "order_time": ["2019-01-16 09:44:39"], "total_order": 1, "hotel_value": ["3.4"], "hotel_price": ["96"]}, "5245872": {"hotel_name": "\u6e05\u6c90\u7cbe\u54c1\u9152\u5e97(\u5357\u4eac\u67f3\u6d32\u4e1c\u8def\u5730\u94c1\u7ad9\u5e97)", "order_time": ["2019-01-16 09:44:44"], "total_order": 1, "hotel_value": [0], "hotel_price": ["114"]}, "1646486": {"hotel_name": "\u901f8\u9152\u5e97(\u5357\u4eac\u4e2d\u5c71\u9675\u666f\u533a\u897f\u5e97)", "order_time": ["2019-01-16 09:44:54"], "total_order": 1, "hotel_value": ["4.3"], "hotel_price": ["169"]}, "6929379": {"hotel_name": "\u5357\u4eac\u5c0f\u5e84\u82b1\u56ed\u9752\u5e74\u65c5\u820d\u65b0\u8857\u53e3\u5730\u94c1\u7ad9\u5e97", "order_time": ["2019-01-16 09:45:03"], "total_order": 1, "hotel_value": ["4.7"], "hotel_price": ["39"]}, "6469488": {"hotel_name": "\u5357\u4eac\u5f52\u820d\u9152\u5e97", "order_time": ["2019-01-16 09:45:05"], "total_order": 1, "hotel_value": ["4.7"], "hotel_price": ["223"]}, "6060631": {"hotel_name": "\u597d\u8fd0\u6765\u65c5\u5e97(\u5357\u4eac\u4e0a\u6d77\u8def\u5730\u94c1\u7ad9\u5e97)", "order_time": ["2019-01-16 09:45:20"], "total_order": 1, "hotel_value": [0], "hotel_price": ["98"]}, "1532041": {"hotel_name": "\u8d85\u7fa4\u7cbe\u9009\u9152\u5e97(\u5357\u4eac\u4e2d\u5c71\u9675\u666f\u533a\u5e97)", "order_time": ["2019-01-16 09:46:19"], "total_order": 1, "hotel_value": ["4.3"], "hotel_price": ["183"]}, "1452149": {"hotel_name": "\u5982\u5bb6\u5feb\u6377\u9152\u5e97(\u5357\u4eac\u706b\u8f66\u5357\u7ad9\u660e\u53d1\u5e7f\u573a\u5730\u94c1\u7ad9\u5e97)", "order_time": ["2019-01-16 09:46:21"], "total_order": 1, "hotel_value": ["4.4"], "hotel_price": ["254"]}, "1938373": {"hotel_name": "\u9526\u6c5f\u4e4b\u661f(\u5357\u4eac\u6e05\u51c9\u95e8\u5e97)", "order_time": ["2019-01-16 09:46:54"], "total_order": 1, "hotel_value": ["4.5"], "hotel_price": ["352"]}, "21146292": {"hotel_name": "\u6c34\u4e91\u8f69\u5bbe\u9986(\u5357\u4eac\u7984\u53e3\u56fd\u9645\u673a\u573a\u5e97)", "order_time": ["2019-01-16 09:48:21"], "total_order": 1, "hotel_value": ["4.8"], "hotel_price": ["123"]}, "430159": {"hotel_name": "\u5357\u4eac\u7384\u6b66\u82cf\u5b81\u8bfa\u5bcc\u7279\u9152\u5e97", "order_time": ["2019-01-16 09:48:22"], "total_order": 1, "hotel_value": ["4.7"], "hotel_price": ["628"]}, "6870672": {"hotel_name": "Q\u52a0\u00b7\u8303\u6cf0\u65af\u7279\u9152\u5e97(\u5357\u4eac\u5357\u7ad9\u5e97)", "order_time": ["2019-01-16 09:48:25"], "total_order": 1, "hotel_value": ["4.7"], "hotel_price": ["193"]}, "2300861": {"hotel_name": "7\u5929\u8fde\u9501\u9152\u5e97(\u5357\u4eac\u4e2d\u592e\u95e8\u706b\u8f66\u7ad9\u5e97)", "order_time": ["2019-01-16 09:48:25"], "total_order": 1, "hotel_value": ["4.3"], "hotel_price": ["252"]}, "1961707": {"hotel_name": "\u5357\u4eac\u9526\u6052\u5047\u65e5\u5bbe\u9986", "order_time": ["2019-01-16 09:48:27"], "total_order": 1, "hotel_value": ["2.8"], "hotel_price": ["188"]}, "3031813": {"hotel_name": "\u6613\u4f70\u9152\u5e97(\u5357\u4eac\u4e2d\u5c71\u9675\u9a6c\u7fa4\u5730\u94c1\u7ad9\u5e97)", "order_time": ["2019-01-16 09:48:31"], "total_order": 1, "hotel_value": ["4.2"], "hotel_price": ["133"]}, "2299293": {"hotel_name": "\u683c\u6797\u8c6a\u6cf0(\u5357\u4eac\u5965\u4f53\u4e2d\u5fc3\u5e97)", "order_time": ["2019-01-16 09:48:32"], "total_order": 1, "hotel_value": ["4.0"], "hotel_price": ["243"]}, "1550495": {"hotel_name": "\u6e05\u6c90\u5feb\u6377\u9152\u5e97(\u5357\u4eac\u516d\u5408\u6cf0\u5c71\u8def\u5e97)", "order_time": ["2019-01-16 09:48:32"], "total_order": 1, "hotel_value": ["4.5"], "hotel_price": ["119"]}, "2300910": {"hotel_name": "7\u5929\u8fde\u9501\u9152\u5e97(\u5357\u4eac\u6c34\u897f\u95e8\u4e91\u9526\u8def\u5730\u94c1\u7ad9\u5e97)", "order_time": ["2019-01-16 09:48:32"], "total_order": 1, "hotel_value": ["4.3"], "hotel_price": ["219"]}, "1273969": {"hotel_name": "\u5357\u4eac\u5047\u65e5\u7687\u51a0\u9152\u5e97", "order_time": ["2019-01-16 09:48:33"], "total_order": 1, "hotel_value": ["4.0"], "hotel_price": ["103"]}, "1614792": {"hotel_name": "\u5c1a\u5ba2\u4f18\u5feb\u6377\u9152\u5e97(\u5357\u4eac\u5927\u5382\u7ecf\u4e45\u8def\u5e97)", "order_time": ["2019-01-16 09:48:34"], "total_order": 1, "hotel_value": ["4.1"], "hotel_price": ["84"]}, "1452010": {"hotel_name": "\u5982\u5bb6\u5feb\u6377\u9152\u5e97(\u5357\u4eac\u6e56\u5357\u8def\u72ee\u5b50\u6865\u7f8e\u98df\u8857\u5e97)", "order_time": ["2019-01-16 09:48:34"], "total_order": 1, "hotel_value": ["4.3"], "hotel_price": ["246"]}, "2276820": {"hotel_name": "\u5357\u4eac\u68a6\u4e50\u822b\u5546\u52a1\u5bbe\u9986", "order_time": ["2019-01-16 09:48:39"], "total_order": 1, "hotel_value": ["3.4"], "hotel_price": ["79"]}, "1619798": {"hotel_name": "\u5357\u4eac\u7476\u6c60\u5c71\u5e84\u5ea6\u5047\u6751", "order_time": ["2019-01-16 09:48:40"], "total_order": 1, "hotel_value": ["4.3"], "hotel_price": ["342"]}, "1283038": {"hotel_name": "\u5357\u4eac\u91d1\u9675\u65b0\u57ce\u996d\u5e97", "order_time": ["2019-01-16 09:48:40"], "total_order": 1, "hotel_value": ["4.7"], "hotel_price": ["399"]}, "8574676": {"hotel_name": "\u5357\u4eac\u65b9\u5b81\u5bbe\u9986", "order_time": ["2019-01-16 09:48:46"], "total_order": 1, "hotel_value": ["4.5"], "hotel_price": ["88"]}, "6749397": {"hotel_name": "\u5357\u4eac\u6613\u5bb6\u5feb\u6377\u5bbe\u9986", "order_time": ["2019-01-16 09:48:55"], "total_order": 1, "hotel_value": [0], "hotel_price": ["68"]}, "6040093": {"hotel_name": "\u57ce\u9645\u592a\u7a7a\u8231\u9752\u5e74\u65c5\u793e(\u5357\u4eac\u65b0\u8857\u53e3\u5e97)", "order_time": ["2019-01-16 09:48:58"], "total_order": 1, "hotel_value": ["3.9"], "hotel_price": ["44"]}, "24538529": {"hotel_name": "\u5357\u4eac\u5723\u548c\u6587\u5316\u4ea4\u6d41\u4e2d\u5fc3", "order_time": ["2019-01-16 09:50:17"], "total_order": 1, "hotel_value": ["4.8"], "hotel_price": ["299"]}, "1918303": {"hotel_name": "\u5357\u4eac\u82cf\u5b81\u96c5\u60a6\u884c\u653f\u516c\u5bd3\u9152\u5e97", "order_time": ["2019-01-16 09:50:21"], "total_order": 1, "hotel_value": ["4.7"], "hotel_price": ["564"]}, "11022711": {"hotel_name": "\u9526\u6c5f\u4e4b\u661f\u54c1\u5c1a(\u5357\u4eac\u845b\u5858\u5730\u94c1\u7ad9\u7f8e\u5229\u5e7f\u573a\u5e97)", "order_time": ["2019-01-16 09:50:23"], "total_order": 1, "hotel_value": ["4.6"], "hotel_price": ["259"]}, "474287": {"hotel_name": "\u5357\u4eac\u6625\u5e38\u5728\u5047\u65e5\u9152\u5e97", "order_time": ["2019-01-16 09:50:25"], "total_order": 1, "hotel_value": ["3.9"], "hotel_price": ["179"]}, "798937": {"hotel_name": "\u5357\u4eac\u592b\u5b50\u5e99\u56fd\u9645\u9752\u5e74\u65c5\u820d", "order_time": ["2019-01-16 09:50:27"], "total_order": 1, "hotel_value": ["4.1"], "hotel_price": ["45"]}, "6848502": {"hotel_name": "\u5357\u4eac\u5965\u60a6\u5546\u52a1\u5bbe\u9986\u80dc\u592a\u8def\u5e97", "order_time": ["2019-01-16 09:50:27"], "total_order": 1, "hotel_value": ["3.8"], "hotel_price": ["98"]}, "2511151": {"hotel_name": "\u548c\u9890\u9152\u5e97(\u5357\u4eac\u65b0\u8857\u53e3\u5730\u94c1\u7ad9\u5e97)", "order_time": ["2019-01-16 09:52:19"], "total_order": 1, "hotel_value": ["4.6"], "hotel_price": ["341"]}, "6750294": {"hotel_name": "\u5357\u4eac\u503e\u57ce\u7cbe\u54c1\u516c\u5bd3", "order_time": ["2019-01-16 09:52:21"], "total_order": 1, "hotel_value": ["4.2"], "hotel_price": ["143"]}, "1669477": {"hotel_name": "\u5357\u4eac\u65b0\u8857\u53e3\u996d\u5e97", "order_time": ["2019-01-16 09:52:21"], "total_order": 1, "hotel_value": ["4.1"], "hotel_price": ["177"]}, "26563837": {"hotel_name": "\u5c1a\u5ba2\u4f18\u7cbe\u9009\u9152\u5e97(\u5357\u4eac\u6c5f\u5b81\u5927\u5b66\u57ce\u4ea4\u9662\u5730\u94c1\u7ad9\u5e97)", "order_time": ["2019-01-16 09:52:24"], "total_order": 1, "hotel_value": ["3.4"], "hotel_price": ["539"]}, "1938409": {"hotel_name": "\u767e\u65f6\u5feb\u6377\u9152\u5e97(\u5357\u4eac\u65b0\u8857\u53e3\u5e97)", "order_time": ["2019-01-16 09:52:25"], "total_order": 1, "hotel_value": ["4.4"], "hotel_price": ["119"]}, "443715": {"hotel_name": "\u5357\u4eac\u6c83\u9601\u5df4\u5398\u539f\u5885\u6e29\u6cc9\u9152\u5e97", "order_time": ["2019-01-16 09:52:26"], "total_order": 1, "hotel_value": ["4.4"], "hotel_price": ["760"]}, "16439650": {"hotel_name": "\u69b4\u83b2\u7cd6\u679c\u7cbe\u9009\u9152\u5e97(\u5357\u4eac\u5927\u5b66\u91d1\u9675\u5b66\u9662\u5e97)", "order_time": ["2019-01-16 09:52:28"], "total_order": 1, "hotel_value": ["4.6"], "hotel_price": ["194"]}, "2063865": {"hotel_name": "7\u5929\u4f18\u54c1\u9152\u5e97(\u5357\u4eac\u65b0\u8857\u53e3\u5730\u94c1\u7ad9\u5e97)", "order_time": ["2019-01-16 09:52:29"], "total_order": 1, "hotel_value": ["4.6"], "hotel_price": ["325"]}, "1452813": {"hotel_name": "\u5982\u5bb6\u5feb\u6377\u9152\u5e97(\u5357\u4eac\u4e2d\u5c71\u9675\u666f\u533a\u82dc\u84ff\u56ed\u5927\u8857\u5e97))(\u539f\u5357\u4eac\u6708\u7259\u6e56\u9526\u6e56\u5927\u53a6\u5e97)", "order_time": ["2019-01-16 09:52:30"], "total_order": 1, "hotel_value": ["4.4"], "hotel_price": ["139"]}, "1451538": {"hotel_name": "\u5982\u5bb6\u5feb\u6377\u9152\u5e97(\u5357\u4eac\u65b0\u8857\u53e3\u5927\u884c\u5bab\u5730\u94c1\u7ad9\u6587\u660c\u5df7\u5e97)", "order_time": ["2019-01-16 09:52:31"], "total_order": 1, "hotel_value": ["4.4"], "hotel_price": ["275"]}}}