{"\u5f00\u59cb\u8bb0\u5f55\u65f6\u95f4": "2019-01-18 10:23:48", "\u7ed3\u675f\u8bb0\u5f55\u65f6\u95f4": "2019-01-18 11:23:49", "\u8ba2\u5355\u603b\u589e\u91cf": 462, "item": {"5917347": {"hotel_name": "\u6854\u5b50\u9152\u5e97\u00b7\u7cbe\u9009(\u5357\u4eac\u738b\u5e9c\u5927\u8857\u5e97)", "order_time": ["2019-01-18 10:25:54", "2019-01-18 11:04:09"], "total_order": 2, "hotel_value": ["4.8", "4.8"], "hotel_price": ["417", "417"]}, "6083482": {"hotel_name": "\u5357\u4eac\u53e4\u5357\u90fd\u5efa\u5eb7\u996d\u5e97", "order_time": ["2019-01-18 10:56:14", "2019-01-18 10:25:54"], "total_order": 2, "hotel_value": ["4.7", "4.7"], "hotel_price": ["345", "345"]}, "434086": {"hotel_name": "\u5357\u4eac\u65b0\u7eaa\u5143\u5927\u9152\u5e97", "order_time": ["2019-01-18 11:00:09", "2019-01-18 10:25:54"], "total_order": 2, "hotel_value": ["4.8", "4.8"], "hotel_price": ["318", "318"]}, "1938340": {"hotel_name": "\u9526\u6c5f\u4e4b\u661f(\u5357\u4eac\u65b0\u8857\u53e3\u5e97)", "order_time": ["2019-01-18 10:25:55"], "total_order": 1, "hotel_value": ["4.4"], "hotel_price": ["279"]}, "859308": {"hotel_name": "\u5982\u5bb6\u5feb\u6377\u9152\u5e97(\u5357\u4eac\u65b0\u8857\u53e3\u5f20\u5e9c\u56ed\u5730\u94c1\u7ad9\u5e97)", "order_time": ["2019-01-18 10:25:55"], "total_order": 1, "hotel_value": ["4.6"], "hotel_price": ["281"]}, "1535644": {"hotel_name": "\u6c49\u5ead\u9152\u5e97(\u5357\u4eac\u65b0\u8857\u53e3\u4e2d\u5fc3\u5e97)", "order_time": ["2019-01-18 10:25:55"], "total_order": 1, "hotel_value": ["4.3"], "hotel_price": ["332"]}, "485577": {"hotel_name": "\u5357\u4eac\u7ef4\u5143\u56fd\u9645\u9152\u5e97(\u539f\u4e50\u5ba2\u6765\u56fd\u9645\u9152\u5e97)", "order_time": ["2019-01-18 10:25:55"], "total_order": 1, "hotel_value": ["4.3"], "hotel_price": ["380"]}, "1943642": {"hotel_name": "\u6e05\u6c90\u7cbe\u54c1\u9152\u5e97(\u5357\u4eac\u5927\u6865\u5317\u8def\u6cf0\u5c71\u65b0\u6751\u5730\u94c1\u7ad9)", "order_time": ["2019-01-18 10:25:55", "2019-01-18 11:00:13"], "total_order": 2, "hotel_value": ["3.9", "3.9"], "hotel_price": ["161", "161"]}, "435874": {"hotel_name": "\u5357\u4eac\u5e74\u53d1168\u9152\u5e97", "order_time": ["2019-01-18 10:58:13", "2019-01-18 10:25:55"], "total_order": 2, "hotel_value": ["4.3", "4.3"], "hotel_price": ["218", "218"]}, "369713": {"hotel_name": "\u5357\u4eac\u7eff\u5730\u6d32\u9645\u9152\u5e97", "order_time": ["2019-01-18 10:42:12", "2019-01-18 10:25:55"], "total_order": 2, "hotel_value": ["4.7", "4.7"], "hotel_price": ["1199", "1199"]}, "369785": {"hotel_name": "\u5357\u4eac\u7d22\u83f2\u7279\u94f6\u6cb3\u5927\u9152\u5e97", "order_time": ["2019-01-18 10:25:55"], "total_order": 1, "hotel_value": ["4.6"], "hotel_price": ["638"]}, "1410616": {"hotel_name": "\u5982\u5bb6\u5546\u65c5\u9152\u5e97(\u5357\u4eac\u592b\u5b50\u5e99\u901a\u6d4e\u95e8\u5e97)", "order_time": ["2019-01-18 10:25:56"], "total_order": 1, "hotel_value": ["4.6"], "hotel_price": ["305"]}, "6023764": {"hotel_name": "\u5357\u4eac\u65b0\u5bcc\u57ce\u5bbe\u9986\u592b\u5b50\u5e99\u5e97", "order_time": ["2019-01-18 10:25:56"], "total_order": 1, "hotel_value": ["4.4"], "hotel_price": ["173"]}, "5387576": {"hotel_name": "\u6e05\u6c90\u7cbe\u54c1\u9152\u5e97(\u5357\u4eac\u6797\u4e1a\u5927\u5b66\u5c97\u5b50\u6751\u5730\u94c1\u7ad9\u5e97)(\u539f\u677f\u4ed3\u5e97)", "order_time": ["2019-01-18 10:25:56", "2019-01-18 10:52:21"], "total_order": 2, "hotel_value": ["4.3", "4.3"], "hotel_price": ["232", "232"]}, "5451854": {"hotel_name": "\u5357\u4eac\u91d1\u9e70\u56fd\u9645\u9152\u5e97", "order_time": ["2019-01-18 10:25:56"], "total_order": 1, "hotel_value": ["4.9"], "hotel_price": ["899"]}, "3386108": {"hotel_name": "\u5357\u4eac\u9a7f\u4e3b\u9898\u4e4b\u5bb6\u9152\u5e97", "order_time": ["2019-01-18 10:25:56"], "total_order": 1, "hotel_value": ["4.1"], "hotel_price": ["183"]}, "910072": {"hotel_name": "\u5357\u4eac26\u2103\u4e3b\u9898\u5bbe\u9986", "order_time": ["2019-01-18 10:25:57"], "total_order": 1, "hotel_value": ["4.4"], "hotel_price": ["143"]}, "2310648": {"hotel_name": "7\u5929\u8fde\u9501\u9152\u5e97(\u5357\u4eac\u6c5f\u5b81\u5927\u5b66\u57ce\u5e97)", "order_time": ["2019-01-18 10:25:58"], "total_order": 1, "hotel_value": ["4.3"], "hotel_price": ["315"]}, "854476": {"hotel_name": "\u5357\u4eac\u534e\u4e1c\u996d\u5e97", "order_time": ["2019-01-18 10:27:55"], "total_order": 1, "hotel_value": ["4.6"], "hotel_price": ["477"]}, "26588901": {"hotel_name": "\u5357\u4eac\u591c\u6cca\u79e6\u6dee\u541b\u4ead\u9152\u5e97\u00b7\u5927\u620f\u9662", "order_time": ["2019-01-18 11:00:09", "2019-01-18 10:27:55"], "total_order": 2, "hotel_value": ["4.8", "4.8"], "hotel_price": ["949", "949"]}, "17589650": {"hotel_name": "\u5357\u4eac\u4e2d\u5c71\u9675\u666f\u533a\u4e9a\u6735\u9152\u5e97", "order_time": ["2019-01-18 10:27:55"], "total_order": 1, "hotel_value": ["4.8"], "hotel_price": ["395"]}, "3670920": {"hotel_name": "\u5357\u4eac\u5357\u7ad9\u767e\u5bb6\u6e56\u4e9a\u6735\u9152\u5e97", "order_time": ["2019-01-18 10:27:55"], "total_order": 1, "hotel_value": ["4.8"], "hotel_price": ["423"]}, "5431912": {"hotel_name": "\u6e05\u6c90\u8fde\u9501\u9152\u5e97(\u5357\u4eac\u5c0f\u7ea2\u5c71\u5e97)", "order_time": ["2019-01-18 10:27:56"], "total_order": 1, "hotel_value": ["3.8"], "hotel_price": ["187"]}, "427757": {"hotel_name": "\u83ab\u6cf0168(\u5357\u4eac\u592b\u5b50\u5e99\u5927\u5149\u8def\u5e97)", "order_time": ["2019-01-18 10:27:56", "2019-01-18 11:22:23"], "total_order": 2, "hotel_value": ["4.4", "4.4"], "hotel_price": ["188", "188"]}, "971089": {"hotel_name": "\u5168\u5b63\u9152\u5e97(\u5357\u4eac\u65b0\u8857\u53e3\u5e97)", "order_time": ["2019-01-18 10:27:56"], "total_order": 1, "hotel_value": ["4.5"], "hotel_price": ["408"]}, "1938358": {"hotel_name": "\u9526\u6c5f\u4e4b\u661f(\u5357\u4eac\u4e2d\u534e\u95e8\u5e97)", "order_time": ["2019-01-18 10:27:56"], "total_order": 1, "hotel_value": ["4.4"], "hotel_price": ["209"]}, "5155114": {"hotel_name": "\u5357\u4eac\u96e8\u6da6\u4e2d\u592e\u516c\u9986\u670d\u52a1\u516c\u5bd3", "order_time": ["2019-01-18 10:27:56"], "total_order": 1, "hotel_value": ["4.6"], "hotel_price": ["324"]}, "1771888": {"hotel_name": "\u8fbe\u7f8e\u56db\u5b63\u9152\u5e97(\u5357\u4eac\u6e56\u5357\u8def\u7384\u6b66\u6e56\u5e97)", "order_time": ["2019-01-18 10:27:56"], "total_order": 1, "hotel_value": ["4.4"], "hotel_price": ["368"]}, "457938": {"hotel_name": "\u7ef4\u4e5f\u7eb3\u9152\u5e97(\u5357\u4eac\u957f\u6c5f\u5927\u6865\u9605\u6c5f\u697c\u5e97)", "order_time": ["2019-01-18 10:27:57"], "total_order": 1, "hotel_value": ["4.8"], "hotel_price": ["345"]}, "25630692": {"hotel_name": "\u6258\u83ab\u56fd\u9645\u516c\u5bd3(\u5357\u4eac\u5347\u9f99\u6c47\u91d1\u5e97)", "order_time": ["2019-01-18 10:27:57"], "total_order": 1, "hotel_value": ["4.8"], "hotel_price": ["209"]}, "2511151": {"hotel_name": "\u548c\u9890\u9152\u5e97(\u5357\u4eac\u65b0\u8857\u53e3\u5730\u94c1\u7ad9\u5e97)", "order_time": ["2019-01-18 10:27:57"], "total_order": 1, "hotel_value": ["4.6"], "hotel_price": ["369"]}, "1414858": {"hotel_name": "\u5e03\u4e01\u9152\u5e97(\u5357\u4eac\u7701\u4e2d\u533b\u9662\u4e0a\u6d77\u8def\u5730\u94c1\u7ad9\u5e97)", "order_time": ["2019-01-18 10:38:12", "2019-01-18 11:04:19", "2019-01-18 10:27:57"], "total_order": 3, "hotel_value": ["4.3", "4.3", "4.3"], "hotel_price": ["208", "208", "208"]}, "25824305": {"hotel_name": "\u5b9c\u5c1a\u9152\u5e97(\u5357\u4eac\u9752\u5965\u535a\u89c8\u4e2d\u5fc3\u5e97)", "order_time": ["2019-01-18 10:27:57"], "total_order": 1, "hotel_value": ["4.6"], "hotel_price": ["352"]}, "367765": {"hotel_name": "\u5357\u4eac\u51ef\u94c2\u7cbe\u54c1\u9152\u5e97", "order_time": ["2019-01-18 10:27:58", "2019-01-18 10:32:03"], "total_order": 2, "hotel_value": ["4.5", "4.5"], "hotel_price": ["440", "440"]}, "13658367": {"hotel_name": "\u4e50\u4f18\u5c45\u7cbe\u54c1\u516c\u5bd3\uff08\u5357\u4eac\u96e8\u82b1\u5ba2\u5385\u5e97\uff09", "order_time": ["2019-01-18 10:27:59", "2019-01-18 10:29:56"], "total_order": 2, "hotel_value": ["4.8", "4.8"], "hotel_price": ["312", "312"]}, "481331": {"hotel_name": "\u5357\u4eac\u4fdd\u9669\u5927\u53a6", "order_time": ["2019-01-18 10:27:59", "2019-01-18 10:29:56"], "total_order": 2, "hotel_value": ["4.2", "4.2"], "hotel_price": ["246", "246"]}, "2507259": {"hotel_name": "\u5357\u4eac\u82b1\u8ff9\u9152\u5e97", "order_time": ["2019-01-18 10:29:55"], "total_order": 1, "hotel_value": ["4.8"], "hotel_price": ["688"]}, "1960551": {"hotel_name": "\u5357\u4eac\u7984\u53e3\u673a\u573a\u94c2\u5c14\u66fc\u5927\u9152\u5e97", "order_time": ["2019-01-18 10:29:56"], "total_order": 1, "hotel_value": ["4.7"], "hotel_price": ["756"]}, "1773319": {"hotel_name": "\u6d77\u53cb\u9152\u5e97(\u5357\u4eac\u592b\u5b50\u5e99\u4e2d\u5fc3\u5e97)", "order_time": ["2019-01-18 10:29:56"], "total_order": 1, "hotel_value": ["4.1"], "hotel_price": ["180"]}, "7687802": {"hotel_name": "\u5357\u4eac\u767d\u65af\u7279\u9152\u5e97", "order_time": ["2019-01-18 10:29:56"], "total_order": 1, "hotel_value": ["4.6"], "hotel_price": ["338"]}, "2251669": {"hotel_name": "\u5357\u4eac\u5317\u65b9\u6717\u60a6\u9152\u5e97", "order_time": ["2019-01-18 11:20:14", "2019-01-18 10:29:56"], "total_order": 2, "hotel_value": ["4.5", "4.5"], "hotel_price": ["188", "188"]}, "28234592": {"hotel_name": "\u5357\u4eac\u76db\u60a6\u516c\u5bd3", "order_time": ["2019-01-18 10:29:57", "2019-01-18 10:46:14"], "total_order": 2, "hotel_value": ["5.0", "5.0"], "hotel_price": ["272", "272"]}, "902118": {"hotel_name": "\u767e\u65f6\u5feb\u6377\u9152\u5e97(\u5357\u4eac\u7384\u6b66\u6e56\u5c71\u897f\u8def\u5e97)", "order_time": ["2019-01-18 10:29:57"], "total_order": 1, "hotel_value": ["4.1"], "hotel_price": ["219"]}, "1687481": {"hotel_name": "\u5357\u4eac\u5927\u5b66\u5357\u82d1\u4f1a\u8bae\u4e2d\u5fc3", "order_time": ["2019-01-18 10:29:57"], "total_order": 1, "hotel_value": ["4.4"], "hotel_price": ["600"]}, "2358598": {"hotel_name": "\u767d\u7389\u5170\u9152\u5e97(\u5357\u4eac\u80dc\u592a\u897f\u8def\u5e97)", "order_time": ["2019-01-18 10:29:57"], "total_order": 1, "hotel_value": ["4.8"], "hotel_price": ["342"]}, "4732950": {"hotel_name": "\u683c\u6797\u8054\u76df(\u5357\u4eac\u9e21\u9e23\u5bfa\u5730\u94c1\u7ad9\u4e1c\u5357\u5927\u5b66\u5e97)", "order_time": ["2019-01-18 10:29:58", "2019-01-18 11:04:21"], "total_order": 2, "hotel_value": ["4.1", "4.1"], "hotel_price": ["184", "189"]}, "1452386": {"hotel_name": "\u5982\u5bb6\u5feb\u6377\u9152\u5e97(\u5357\u4eac\u6c5f\u5b81\u5929\u5370\u5927\u9053\u5e97)", "order_time": ["2019-01-18 10:29:58"], "total_order": 1, "hotel_value": ["4.5"], "hotel_price": ["219"]}, "1273969": {"hotel_name": "\u5357\u4eac\u5047\u65e5\u7687\u51a0\u9152\u5e97", "order_time": ["2019-01-18 10:29:59", "2019-01-18 10:40:21"], "total_order": 2, "hotel_value": ["4.0", "4.0"], "hotel_price": ["103", "103"]}, "6765206": {"hotel_name": "\u5357\u4eac\u5929\u5ba2\u6765\u9152\u5e97", "order_time": ["2019-01-18 10:29:59"], "total_order": 1, "hotel_value": ["4.1"], "hotel_price": ["186"]}, "474140": {"hotel_name": "\u5357\u4eac\u5bb9\u5929\u5bbe\u9986", "order_time": ["2019-01-18 10:30:02"], "total_order": 1, "hotel_value": ["3.2"], "hotel_price": ["209"]}, "1052272": {"hotel_name": "\u5357\u4eac\u82b3\u9526\u5bbe\u9986", "order_time": ["2019-01-18 10:30:02"], "total_order": 1, "hotel_value": ["3.3"], "hotel_price": ["110"]}, "5077739": {"hotel_name": "\u5357\u4eac\u53cc\u541b\u65c5\u793e", "order_time": ["2019-01-18 10:30:02"], "total_order": 1, "hotel_value": ["4.0"], "hotel_price": ["95"]}, "19833727": {"hotel_name": "\u5357\u4eac\u4e07\u5ba2\u6765\u5546\u52a1\u9152\u5e97", "order_time": ["2019-01-18 10:31:58"], "total_order": 1, "hotel_value": ["4.8"], "hotel_price": ["121"]}, "1054900": {"hotel_name": "\u5357\u4eac\u5343\u5bfb\u65c5\u9986", "order_time": ["2019-01-18 10:31:59"], "total_order": 1, "hotel_value": ["3.6"], "hotel_price": ["90"]}, "2624089": {"hotel_name": "\u5357\u4eac\u603b\u7edf\u5e9c\u4e9a\u6735\u9152\u5e97", "order_time": ["2019-01-18 10:32:00", "2019-01-18 10:34:05"], "total_order": 2, "hotel_value": ["4.7", "4.7"], "hotel_price": ["386", "386"]}, "397164": {"hotel_name": "\u5357\u4eac\u4e01\u5c71\u82b1\u56ed\u5927\u9152\u5e97", "order_time": ["2019-01-18 10:32:01"], "total_order": 1, "hotel_value": ["4.6"], "hotel_price": ["478"]}, "435107": {"hotel_name": "\u5357\u4eac\u4e1c\u65b9\u73cd\u73e0\u996d\u5e97", "order_time": ["2019-01-18 10:32:01"], "total_order": 1, "hotel_value": ["4.8"], "hotel_price": ["398"]}, "14255250": {"hotel_name": "\u5c1a\u5ba2\u4f18\u9a8f\u6021\u8fde\u9501\u9152\u5e97\u7fd4\u5b87\u8def\u5357\u5730\u94c1\u7ad9\u5e97", "order_time": ["2019-01-18 10:32:01"], "total_order": 1, "hotel_value": ["4.3"], "hotel_price": ["104"]}, "21688385": {"hotel_name": "\u5357\u4eacK HOTEL\u9152\u5e97", "order_time": ["2019-01-18 10:32:01"], "total_order": 1, "hotel_value": ["4.8"], "hotel_price": ["418"]}, "1874210": {"hotel_name": "\u5e03\u4e01\u9152\u5e97(\u5357\u4eac\u73e0\u6c5f\u8def\u4e1c\u5357\u5927\u5b66\u5e97)", "order_time": ["2019-01-18 10:32:02"], "total_order": 1, "hotel_value": ["3.9"], "hotel_price": ["204"]}, "7429879": {"hotel_name": "\u5357\u4eac\u4e07\u79d1\u4e5d\u90fd\u835f\u9152\u5e97\u516c\u5bd3", "order_time": ["2019-01-18 10:44:34", "2019-01-18 10:32:05"], "total_order": 2, "hotel_value": ["4.1", "4.1"], "hotel_price": ["290", "290"]}, "28014747": {"hotel_name": "\u5357\u4eac\u4e1c\u5357\u9752\u5e74\u6c47\u00b7\u94f6\u57ce\u4f73\u9047\u670d\u52a1\u5f0f\u516c\u5bd3", "order_time": ["2019-01-18 10:32:05"], "total_order": 1, "hotel_value": [0], "hotel_price": ["173"]}, "26485246": {"hotel_name": "\u5357\u4eac\u5fc3\u5c45\u96c5\u5bbf\u9152\u5e97", "order_time": ["2019-01-18 10:32:05"], "total_order": 1, "hotel_value": ["5.0"], "hotel_price": ["328"]}, "1836332": {"hotel_name": "\u5357\u4eac\u6731\u8001\u5927\u5546\u52a1\u5feb\u6377\u9152\u5e97", "order_time": ["2019-01-18 10:32:05"], "total_order": 1, "hotel_value": ["4.4"], "hotel_price": ["208"]}, "1633031": {"hotel_name": "\u5357\u4eac\u897f\u5eb7\u9152\u5e97(\u539f\u548c\u5ead\u9152\u5e97)", "order_time": ["2019-01-18 10:32:05"], "total_order": 1, "hotel_value": ["3.5"], "hotel_price": ["248"]}, "8682682": {"hotel_name": "\u5357\u4eac\u83b1\u8499\u7cbe\u54c1\u9752\u5e74\u516c\u5bd3", "order_time": ["2019-01-18 10:32:06", "2019-01-18 11:14:37"], "total_order": 2, "hotel_value": ["4.6", "4.6"], "hotel_price": ["78", "78"]}, "1470507": {"hotel_name": "\u5357\u4eac\u798f\u6ee1\u697c\u5bbe\u9986(\u539f\u5357\u5cf0\u5bbe\u9986)", "order_time": ["2019-01-18 10:32:06"], "total_order": 1, "hotel_value": ["3.9"], "hotel_price": ["138"]}, "346283": {"hotel_name": "\u5357\u4eac\u91d1\u9675\u996d\u5e97", "order_time": ["2019-01-18 10:32:16", "2019-01-18 10:36:31", "2019-01-18 11:08:51"], "total_order": 3, "hotel_value": ["4.8", "4.8", "4.8"], "hotel_price": ["702", "702", "702"]}, "22825276": {"hotel_name": "\u5357\u4eac\u8bc1\u5927\u5168\u60a6\u516c\u5bd3", "order_time": ["2019-01-18 10:42:10", "2019-01-18 10:34:02"], "total_order": 2, "hotel_value": ["4.7", "4.7"], "hotel_price": ["263", "263"]}, "5372975": {"hotel_name": "\u5357\u4eac\u4e50\u4e1a\u7cbe\u9009\u9152\u5e97", "order_time": ["2019-01-18 10:34:03", "2019-01-18 10:50:17"], "total_order": 2, "hotel_value": ["4.4", "4.4"], "hotel_price": ["203", "203"]}, "795217": {"hotel_name": "\u5982\u5bb6\u7cbe\u9009\u9152\u5e97(\u5357\u4eac\u65b0\u8857\u53e3\u5e97)", "order_time": ["2019-01-18 10:34:03"], "total_order": 1, "hotel_value": ["4.7"], "hotel_price": ["417"]}, "396597": {"hotel_name": "\u91d1\u9e70\u56fd\u4ed5\u8fbe\u9152\u5e97(\u5357\u4eac\u65b0\u8857\u53e3\u5730\u94c1\u7ad9\u5e97)", "order_time": ["2019-01-18 11:00:11", "2019-01-18 10:34:03", "2019-01-18 10:40:09", "2019-01-18 10:54:10"], "total_order": 4, "hotel_value": ["4.9", "4.9", "4.9", "4.9"], "hotel_price": ["370", "370", "370", "370"]}, "9136117": {"hotel_name": "\u5c0a\u745e\u7cbe\u9009\u9152\u5e97(\u5357\u4eac\u4e1c\u5927\u6210\u8d24\u5b66\u9662\u5e97)", "order_time": ["2019-01-18 10:34:03", "2019-01-18 11:06:16"], "total_order": 2, "hotel_value": ["4.6", "4.6"], "hotel_price": ["199", "199"]}, "425945": {"hotel_name": "\u6c5f\u82cf\u51e4\u51f0\u53f0\u996d\u5e97", "order_time": ["2019-01-18 10:44:11", "2019-01-18 10:34:03", "2019-01-18 10:36:08", "2019-01-18 10:46:11"], "total_order": 4, "hotel_value": ["4.7", "4.7", "4.7", "4.7"], "hotel_price": ["358", "358", "358", "358"]}, "485570": {"hotel_name": "\u5357\u4eac\u5546\u8302\u56fd\u9645\u9152\u5e97", "order_time": ["2019-01-18 10:44:11", "2019-01-18 10:34:04"], "total_order": 2, "hotel_value": ["4.4", "4.4"], "hotel_price": ["519", "519"]}, "15899656": {"hotel_name": "\u5357\u4eac\u69b4\u604b\u5047\u65e5\u9152\u5e97\u5f0f\u516c\u5bd3", "order_time": ["2019-01-18 10:34:05"], "total_order": 1, "hotel_value": ["4.6"], "hotel_price": ["348"]}, "4604055": {"hotel_name": "\u5c1a\u5ba2\u4f18\u8fde\u9501\u9152\u5e97(\u5357\u4eac\u592b\u5b50\u5e99\u6c34\u6e38\u57ce\u5e97)", "order_time": ["2019-01-18 10:34:05", "2019-01-18 10:54:15"], "total_order": 2, "hotel_value": ["4.1", "4.1"], "hotel_price": ["217", "227"]}, "1410411": {"hotel_name": "\u4e1c\u822a\u534e\u7f8e\u8fbe\u9152\u5e97(\u5357\u4eac\u673a\u573a\u5e97)", "order_time": ["2019-01-18 10:34:05"], "total_order": 1, "hotel_value": ["4.7"], "hotel_price": ["390"]}, "21796605": {"hotel_name": "\u7ef4\u4e5f\u7eb3\u9152\u5e97(\u5357\u4eac\u6587\u5fb7\u8def\u5730\u94c1\u7ad9\u7814\u521b\u56ed\u5e97)", "order_time": ["2019-01-18 10:34:05"], "total_order": 1, "hotel_value": ["4.8"], "hotel_price": ["286"]}, "1463015": {"hotel_name": "\u80af\u5b9a\u5bbe\u9986\u8fde\u9501(\u5357\u4eac\u9f99\u6c5f\u4e8c\u5e97)", "order_time": ["2019-01-18 10:34:06"], "total_order": 1, "hotel_value": ["4.0"], "hotel_price": ["202"]}, "9347528": {"hotel_name": "\u56fd\u9645\u9752\u5e74\u4f1a\u8bae\u9152\u5e97(\u5357\u4eac\u56fd\u9645\u9752\u5e74\u6587\u5316\u4e2d\u5fc3\u5e97)", "order_time": ["2019-01-18 10:34:07"], "total_order": 1, "hotel_value": ["4.8"], "hotel_price": ["598"]}, "7570688": {"hotel_name": "\u5357\u4eac\u6cb3\u897f\u82cf\u5b81\u96c5\u60a6\u9152\u5e97", "order_time": ["2019-01-18 11:10:13", "2019-01-18 10:34:07", "2019-01-18 11:02:11"], "total_order": 3, "hotel_value": ["4.6", "4.6", "4.6"], "hotel_price": ["480", "480", "480"]}, "898232": {"hotel_name": "\u5929\u76db\u5927\u9152\u5e97(\u5357\u4eac\u65b0\u8857\u53e3\u5f20\u5e9c\u56ed\u5730\u94c1\u7ad9\u5e97)", "order_time": ["2019-01-18 10:34:07", "2019-01-18 11:20:16"], "total_order": 2, "hotel_value": ["4.5", "4.5"], "hotel_price": ["285", "285"]}, "474180": {"hotel_name": "\u53e4\u5357\u90fd\u9038\u5c45\u9152\u5e97(\u5357\u4eac\u65b0\u57ce\u5e02\u5e7f\u573a\u9f99\u6c5f\u5730\u94c1\u7ad9\u5e97)", "order_time": ["2019-01-18 10:34:07"], "total_order": 1, "hotel_value": ["4.8"], "hotel_price": ["459"]}, "6516420": {"hotel_name": "\u6c49\u5ead\u9152\u5e97(\u5357\u4eac\u6ee8\u6c5f\u5f00\u53d1\u533a\u5e97)", "order_time": ["2019-01-18 10:34:07"], "total_order": 1, "hotel_value": ["4.6"], "hotel_price": ["180"]}, "3742718": {"hotel_name": "\u5357\u4eac\u7435\u7436\u5c71\u5c45\u9152\u5e97", "order_time": ["2019-01-18 10:34:08"], "total_order": 1, "hotel_value": ["4.7"], "hotel_price": ["264"]}, "23802273": {"hotel_name": "\u5357\u4eac\u8f7b\u5962\u539f\u5bbf\u516c\u5bd3", "order_time": ["2019-01-18 10:34:08"], "total_order": 1, "hotel_value": ["4.8"], "hotel_price": ["228"]}, "2037253": {"hotel_name": "\u80af\u5b9a\u7cbe\u54c1\u9152\u5e97(\u5357\u4eac\u5e90\u5c71\u8def\u5e97)", "order_time": ["2019-01-18 10:34:09"], "total_order": 1, "hotel_value": ["3.4"], "hotel_price": ["168"]}, "2886095": {"hotel_name": "\u6c49\u5ead\u9152\u5e97(\u5357\u4eac\u6c5f\u5b81\u9ec4\u91d1\u6d77\u5cb8\u5e97)", "order_time": ["2019-01-18 10:34:09"], "total_order": 1, "hotel_value": ["4.4"], "hotel_price": ["237"]}, "1389735": {"hotel_name": "\u5357\u4eac\u4e45\u5ba2\u5047\u65e5\u5bbe\u9986", "order_time": ["2019-01-18 10:34:10"], "total_order": 1, "hotel_value": ["4.1"], "hotel_price": ["162"]}, "2300352": {"hotel_name": "7\u5929\u8fde\u9501\u9152\u5e97(\u5357\u4eac\u5927\u5382\u6b65\u884c\u8857\u5e97)", "order_time": ["2019-01-18 10:34:11"], "total_order": 1, "hotel_value": ["4.2"], "hotel_price": ["107"]}, "23964970": {"hotel_name": "\u5357\u4eac\u6d77\u6d1b\u9152\u5e97", "order_time": ["2019-01-18 10:34:11", "2019-01-18 10:56:24"], "total_order": 2, "hotel_value": [0, 0], "hotel_price": ["258", "258"]}, "2295171": {"hotel_name": "7\u5929\u8fde\u9501\u9152\u5e97(\u5357\u4eac\u73e0\u6c5f\u8def\u4e1c\u5357\u5927\u5b66\u5e97)", "order_time": ["2019-01-18 10:34:14", "2019-01-18 11:06:22"], "total_order": 2, "hotel_value": ["4.2", "4.2"], "hotel_price": ["189", "189"]}, "1938423": {"hotel_name": "\u9526\u6c5f\u4e4b\u661f(\u5357\u4eac\u4e2d\u5c71\u5317\u8def\u8679\u6865\u4e2d\u5fc3\u5e97)", "order_time": ["2019-01-18 10:36:04"], "total_order": 1, "hotel_value": ["4.7"], "hotel_price": ["299"]}, "1500412": {"hotel_name": "\u5357\u4eac\u77bb\u56ed\u56fd\u9645\u9752\u5e74\u65c5\u820d", "order_time": ["2019-01-18 10:54:13", "2019-01-18 10:46:13", "2019-01-18 10:36:04"], "total_order": 3, "hotel_value": ["4.2", "4.2", "4.2"], "hotel_price": ["60", "60", "60"]}, "1379436": {"hotel_name": "\u5357\u4eac\u516b\u5ea6\u5bbe\u9986", "order_time": ["2019-01-18 10:36:04", "2019-01-18 11:10:16"], "total_order": 2, "hotel_value": ["4.0", "4.0"], "hotel_price": ["143", "143"]}, "28678204": {"hotel_name": "\u5357\u4eac\u9082\u9005\u9633\u5149\u9152\u5e97", "order_time": ["2019-01-18 11:16:29", "2019-01-18 10:36:05"], "total_order": 2, "hotel_value": ["5.0", "5.0"], "hotel_price": ["119", "119"]}, "16789957": {"hotel_name": "\u5357\u4eac\u6c64\u5c71\u4e00\u54c1\u6e29\u6cc9\u9152\u5e97", "order_time": ["2019-01-18 10:36:06"], "total_order": 1, "hotel_value": ["4.4"], "hotel_price": ["802"]}, "1281183": {"hotel_name": "\u6c49\u5ead\u9152\u5e97(\u5357\u4eac\u9f13\u697c\u5e97)", "order_time": ["2019-01-18 10:36:06"], "total_order": 1, "hotel_value": ["4.4"], "hotel_price": ["246"]}, "447344": {"hotel_name": "\u5357\u4eac\u5965\u4f53\u4e2d\u5fc3\u7f8e\u5c45\u9152\u5e97", "order_time": ["2019-01-18 10:36:07", "2019-01-18 10:44:14", "2019-01-18 10:54:12"], "total_order": 3, "hotel_value": ["4.5", "4.5", "4.5"], "hotel_price": ["394", "394", "394"]}, "5967130": {"hotel_name": "\u5357\u4eac\u7426\u5c1a\u5bbe\u9986", "order_time": ["2019-01-18 10:36:09"], "total_order": 1, "hotel_value": ["4.8"], "hotel_price": ["116"]}, "6870672": {"hotel_name": "Q\u52a0\u00b7\u8303\u6cf0\u65af\u7279\u9152\u5e97(\u5357\u4eac\u5357\u7ad9\u5e97)", "order_time": ["2019-01-18 10:36:09"], "total_order": 1, "hotel_value": ["4.7"], "hotel_price": ["205"]}, "17335837": {"hotel_name": "\u4e9a\u9526\u5f71\u9662\u4e3b\u9898\u9152\u5e97\u516c\u5bd3(\u5357\u4eac\u5929\u9686\u5bfa\u5730\u94c1\u7ad9\u96e8\u82b1\u5ba2\u5385\u5e97)", "order_time": ["2019-01-18 10:36:10"], "total_order": 1, "hotel_value": ["4.6"], "hotel_price": ["260"]}, "1359818": {"hotel_name": "\u5e03\u4e01\u9152\u5e97(\u5357\u4eac\u4ed9\u6797\u5927\u5b66\u57ce\u5e97)", "order_time": ["2019-01-18 10:36:10"], "total_order": 1, "hotel_value": ["3.6"], "hotel_price": ["99"]}, "1451993": {"hotel_name": "\u5982\u5bb6\u5feb\u6377\u9152\u5e97(\u5357\u4eac\u6c49\u4e2d\u95e8\u5927\u8857\u5e97)", "order_time": ["2019-01-18 10:36:12"], "total_order": 1, "hotel_value": ["4.4"], "hotel_price": ["263"]}, "5245872": {"hotel_name": "\u6e05\u6c90\u7cbe\u54c1\u9152\u5e97(\u5357\u4eac\u67f3\u6d32\u4e1c\u8def\u5730\u94c1\u7ad9\u5e97)", "order_time": ["2019-01-18 10:36:18"], "total_order": 1, "hotel_value": [0], "hotel_price": ["144"]}, "4540128": {"hotel_name": "\u7d2b\u85e4\u82b1\u56ed\u65c5\u5e97(\u5357\u4eac\u7fe0\u5c4f\u5c71\u5730\u94c1\u7ad9\u5e97)", "order_time": ["2019-01-18 10:36:18"], "total_order": 1, "hotel_value": ["4.1"], "hotel_price": ["238"]}, "17928408": {"hotel_name": "\u5357\u4eac\u9752\u666e\u7cbe\u54c1\u6c11\u5bbf", "order_time": ["2019-01-18 10:36:18"], "total_order": 1, "hotel_value": ["4.9"], "hotel_price": ["333"]}, "1646444": {"hotel_name": "\u683c\u6797\u8c6a\u6cf0(\u5357\u4eac\u5357\u7ad9\u5317\u5e7f\u573a\u5e97)", "order_time": ["2019-01-18 10:38:09"], "total_order": 1, "hotel_value": ["4.2"], "hotel_price": ["204"]}, "811680": {"hotel_name": "\u6e05\u6c90\u7cbe\u54c1\u9152\u5e97(\u5357\u4eac\u96c6\u5e86\u95e8\u4e07\u8fbe\u5e7f\u573a\u5e97)", "order_time": ["2019-01-18 10:38:09"], "total_order": 1, "hotel_value": ["4.3"], "hotel_price": ["194"]}, "1943885": {"hotel_name": "\u683c\u6797\u8c6a\u6cf0(\u5357\u4eac\u706b\u8f66\u7ad9\u6c7d\u8f66\u603b\u7ad9\u5e97)", "order_time": ["2019-01-18 10:38:09"], "total_order": 1, "hotel_value": ["3.9"], "hotel_price": ["219"]}, "7938703": {"hotel_name": "\u6e05\u6c90\u7cbe\u9009\u4e91\u9152\u5e97(\u5357\u4eac\u6797\u4e1a\u5927\u5b66\u848b\u738b\u5e99\u5e97)", "order_time": ["2019-01-18 11:10:11", "2019-01-18 10:38:09"], "total_order": 2, "hotel_value": ["4.6", "4.6"], "hotel_price": ["323", "323"]}, "5373293": {"hotel_name": "\u5137\u67ab\u9152\u5e97(\u5357\u4eac\u5927\u5382\u5730\u94c1\u7ad9\u5e97)", "order_time": ["2019-01-18 10:38:11", "2019-01-18 10:54:28"], "total_order": 2, "hotel_value": ["4.6", "4.6"], "hotel_price": ["174", "174"]}, "427748": {"hotel_name": "\u6c47\u4e3d\u9152\u5e97(\u5357\u4eac\u519b\u533a\u603b\u9662\u5e97)", "order_time": ["2019-01-18 10:38:12"], "total_order": 1, "hotel_value": ["4.4"], "hotel_price": ["159"]}, "435734": {"hotel_name": "\u5357\u4eac\u80af\u5b9a\u7cbe\u54c1\u6c34\u6676\u9152\u5e97", "order_time": ["2019-01-18 10:38:13"], "total_order": 1, "hotel_value": ["4.1"], "hotel_price": ["248"]}, "1985139": {"hotel_name": "\u53e4\u5357\u90fd\u9038\u5c45\u9152\u5e97(\u5357\u4eac\u65b0\u8857\u53e3\u6c49\u4e2d\u95e8\u5730\u94c1\u7ad9\u5e97)", "order_time": ["2019-01-18 10:38:14"], "total_order": 1, "hotel_value": ["4.6"], "hotel_price": ["298"]}, "14002765": {"hotel_name": "\u5357\u4eac\u9999\u8212\u9601\u5bbe\u9986", "order_time": ["2019-01-18 10:38:15"], "total_order": 1, "hotel_value": ["4.9"], "hotel_price": ["95"]}, "1452149": {"hotel_name": "\u5982\u5bb6\u5feb\u6377\u9152\u5e97(\u5357\u4eac\u706b\u8f66\u5357\u7ad9\u660e\u53d1\u5e7f\u573a\u5730\u94c1\u7ad9\u5e97)", "order_time": ["2019-01-18 10:38:16"], "total_order": 1, "hotel_value": ["4.4"], "hotel_price": ["281"]}, "8511180": {"hotel_name": "\u6e05\u6c90\u7cbe\u54c1\u9152\u5e97(\u5357\u4eac\u677f\u6865\u6885\u5c71\u5e97)", "order_time": ["2019-01-18 10:38:17"], "total_order": 1, "hotel_value": ["4.5"], "hotel_price": ["134"]}, "5218050": {"hotel_name": "\u91d1\u5965\u8bfa\u9601\u96c5\u9152\u5e97(\u5357\u4eac\u5965\u4f53\u4e2d\u5fc3\u5e97)", "order_time": ["2019-01-18 10:38:21"], "total_order": 1, "hotel_value": ["4.9"], "hotel_price": ["492"]}, "5765227": {"hotel_name": "\u5357\u4eac\u5b9c\u4f4f\u5feb\u6377\u9152\u5e97", "order_time": ["2019-01-18 10:38:30"], "total_order": 1, "hotel_value": ["4.0"], "hotel_price": ["143"]}, "1535635": {"hotel_name": "\u6c49\u5ead\u9152\u5e97(\u5357\u4eac\u5357\u7ad9\u660e\u53d1\u5e7f\u573a\u5730\u94c1\u7ad9\u5e97)", "order_time": ["2019-01-18 10:40:09"], "total_order": 1, "hotel_value": ["4.2"], "hotel_price": ["332"]}, "25560157": {"hotel_name": "\u5357\u4eac\u76c8\u9f0e\u7cbe\u54c1\u9152\u5e97", "order_time": ["2019-01-18 11:20:14", "2019-01-18 10:40:10"], "total_order": 2, "hotel_value": ["4.9", "4.9"], "hotel_price": ["147", "147"]}, "5237976": {"hotel_name": "\u4e1c\u80dc\u5546\u52a1\u5bbe\u9986(\u5357\u4eac\u4e1c\u5357\u5927\u5b66\u5e97)", "order_time": ["2019-01-18 10:40:10"], "total_order": 1, "hotel_value": ["4.2"], "hotel_price": ["153"]}, "1604548": {"hotel_name": "\u5357\u4eac\u57ce\u5e02\u9152\u5e97(\u539f\u5fd7\u53cb\u5bbe\u9986)", "order_time": ["2019-01-18 10:40:11"], "total_order": 1, "hotel_value": ["4.0"], "hotel_price": ["184"]}, "435796": {"hotel_name": "\u5357\u4eac\u56fd\u4fe1\u72b6\u5143\u697c\u5927\u9152\u5e97", "order_time": ["2019-01-18 10:40:11", "2019-01-18 11:22:19", "2019-01-18 10:56:16"], "total_order": 3, "hotel_value": ["4.7", "4.7", "4.7"], "hotel_price": ["624", "624", "624"]}, "6645069": {"hotel_name": "\u6613\u4f70\u826f\u54c1\u9152\u5e97(\u5357\u4eac\u5357\u7ad9\u5317\u5e7f\u573a\u5e97)", "order_time": ["2019-01-18 10:40:12"], "total_order": 1, "hotel_value": ["4.2"], "hotel_price": ["192"]}, "24611267": {"hotel_name": "\u6e05\u6c90\u7cbe\u54c1\u9152\u5e97(\u5357\u4eac\u4e1c\u5584\u6865\u725b\u9996\u5c71\u5e97)", "order_time": ["2019-01-18 10:40:13"], "total_order": 1, "hotel_value": ["4.4"], "hotel_price": ["214"]}, "710988": {"hotel_name": "\u5357\u4eac\u6db5\u7530\u57ce\u5e02\u9152\u5e97", "order_time": ["2019-01-18 10:52:15", "2019-01-18 10:40:13"], "total_order": 2, "hotel_value": ["4.7", "4.7"], "hotel_price": ["554", "554"]}, "433881": {"hotel_name": "\u5357\u4eac\u65b9\u6e90\u91d1\u9675\u56fd\u9645\u9152\u5e97", "order_time": ["2019-01-18 10:40:14"], "total_order": 1, "hotel_value": ["4.2"], "hotel_price": ["398"]}, "1451938": {"hotel_name": "\u5982\u5bb6\u9152\u5e97(\u5357\u4eac\u592b\u5b50\u5e99\u5730\u94c1\u7ad9\u5e97)", "order_time": ["2019-01-18 11:14:21", "2019-01-18 10:40:15"], "total_order": 2, "hotel_value": ["4.5", "4.5"], "hotel_price": ["351", "351"]}, "8627469": {"hotel_name": "\u5bb6\u7f8e\u597d\u592a\u7a7a\u65c5\u9986(\u5357\u4eac\u706b\u8f66\u7ad9\u7384\u6b66\u6e56\u5e97)(\u539f\u6e56\u5149\u5c71\u820d\u592a\u7a7a\u8231\u80f6\u56ca\u65c5\u820d)", "order_time": ["2019-01-18 10:40:15", "2019-01-18 11:00:18"], "total_order": 2, "hotel_value": ["4.4", "4.4"], "hotel_price": ["99", "99"]}, "1451746": {"hotel_name": "\u5982\u5bb6\u5feb\u6377\u9152\u5e97(\u5357\u4eac\u592b\u5b50\u5e99\u96c6\u5e86\u95e8\u5e97)", "order_time": ["2019-01-18 10:40:16"], "total_order": 1, "hotel_value": ["4.4"], "hotel_price": ["232"]}, "2147831": {"hotel_name": "\u5357\u4eac\u60a6\u5b81\u5bbe\u9986", "order_time": ["2019-01-18 10:40:21"], "total_order": 1, "hotel_value": ["3.7"], "hotel_price": ["194"]}, "4440315": {"hotel_name": "\u5357\u4eac\u91d1\u665f\u6e7e\u5feb\u6377\u9152\u5e97", "order_time": ["2019-01-18 10:40:22"], "total_order": 1, "hotel_value": ["3.9"], "hotel_price": ["79"]}, "1339902": {"hotel_name": "\u5982\u5bb6\u5feb\u6377\u9152\u5e97(\u5357\u4eac\u76d0\u4ed3\u6865\u5e7f\u573a\u53cc\u95e8\u697c\u864e\u8e1e\u5317\u8def\u5e97)", "order_time": ["2019-01-18 10:40:22"], "total_order": 1, "hotel_value": ["4.6"], "hotel_price": ["279"]}, "1776620": {"hotel_name": "\u5e03\u4e01\u9152\u5e97(\u5357\u4eac\u6cb3\u5b9a\u6865\u5730\u94c1\u7ad9\u5e97 )(\u539f\u5723\u8fbe\u5bbe\u9986)", "order_time": ["2019-01-18 10:40:24", "2019-01-18 10:46:17"], "total_order": 2, "hotel_value": ["4.1", "4.1"], "hotel_price": ["151", "170"]}, "1848654": {"hotel_name": "\u5357\u4eac\u51ef\u6da65\u53f7\u9152\u5e97\u516c\u5bd3", "order_time": ["2019-01-18 10:40:25"], "total_order": 1, "hotel_value": ["4.3"], "hotel_price": ["379"]}, "5683479": {"hotel_name": "\u5357\u4eac\u7f8e\u597d\u5bb6\u56ed\u5bbe\u9986", "order_time": ["2019-01-18 10:40:29"], "total_order": 1, "hotel_value": ["3.6"], "hotel_price": ["138"]}, "26428886": {"hotel_name": "\u5168\u5b63\u9152\u5e97(\u5357\u4eac\u6cb3\u897f\u535a\u89c8\u4e2d\u5fc3\u5e97)", "order_time": ["2019-01-18 10:40:42", "2019-01-18 11:22:41"], "total_order": 2, "hotel_value": ["4.9", "4.9"], "hotel_price": ["379", "417"]}, "1457082": {"hotel_name": "\u5982\u5bb6\u7cbe\u9009\u9152\u5e97(\u5357\u4eac\u65b0\u8857\u53e3\u5fb7\u57fa\u5e7f\u573a\u5e97)(\u539f\u7ba1\u5bb6\u6865\u5e97)", "order_time": ["2019-01-18 10:42:11"], "total_order": 1, "hotel_value": ["4.6"], "hotel_price": ["397"]}, "21914008": {"hotel_name": "\u5357\u4eac\u5353\u7f8e\u4e9a\u9152\u5e97", "order_time": ["2019-01-18 10:42:12"], "total_order": 1, "hotel_value": ["4.8"], "hotel_price": ["1049"]}, "8650324": {"hotel_name": "\u5982\u5bb6\u7cbe\u9009\u9152\u5e97(\u5357\u4eac\u5357\u7ad9\u5317\u5e7f\u573a\u7eff\u5730\u4e4b\u7a97\u5e97)", "order_time": ["2019-01-18 10:42:12"], "total_order": 1, "hotel_value": ["4.6"], "hotel_price": ["407"]}, "14223076": {"hotel_name": "\u57ce\u5e02\u4fbf\u6377\u9152\u5e97(\u5357\u4eac\u5357\u7ad9\u80dc\u592a\u8def\u5730\u94c1\u7ad9\u5e97)", "order_time": ["2019-01-18 10:42:13"], "total_order": 1, "hotel_value": ["4.5"], "hotel_price": ["222"]}, "14830420": {"hotel_name": "\u548c\u9890\u81f3\u683c\u9152\u5e97(\u5357\u4eac\u516d\u5408\u9f99\u6c60\u6e56\u5e97)", "order_time": ["2019-01-18 10:42:15"], "total_order": 1, "hotel_value": ["4.7"], "hotel_price": ["189"]}, "17889795": {"hotel_name": "\u5168\u5b63\u9152\u5e97(\u5357\u4eac\u660e\u6545\u5bab\u5e97)", "order_time": ["2019-01-18 10:42:16", "2019-01-18 11:12:13"], "total_order": 2, "hotel_value": ["4.7", "4.7"], "hotel_price": ["359", "389"]}, "859236": {"hotel_name": "\u6c49\u5ead\u9152\u5e97(\u5357\u4eac\u65b0\u8857\u53e3\u534e\u4fa8\u8def\u5e97)", "order_time": ["2019-01-18 10:42:16"], "total_order": 1, "hotel_value": ["4.3"], "hotel_price": ["332"]}, "1341021": {"hotel_name": "\u5982\u5bb6\u5feb\u6377\u9152\u5e97(\u5357\u4eac\u5357\u822a\u5927\u5b66\u660e\u6545\u5bab\u745e\u91d1\u8def\u5e97)", "order_time": ["2019-01-18 10:42:20"], "total_order": 1, "hotel_value": ["4.5"], "hotel_price": ["254"]}, "11374684": {"hotel_name": "\u6e05\u6c90\u7cbe\u54c1\u9152\u5e97(\u5357\u4eac\u897f\u5584\u6865\u5cb1\u5c71\u5e97)", "order_time": ["2019-01-18 10:42:21"], "total_order": 1, "hotel_value": ["4.5"], "hotel_price": ["146"]}, "1626324": {"hotel_name": "\u5357\u4eac\u65af\u7ef4\u767b\u5ea6\u5047\u516c\u5bd3(\u6c5f\u5b81\u4e07\u8fbe\u5e7f\u573a)", "order_time": ["2019-01-18 10:42:24"], "total_order": 1, "hotel_value": ["4.2"], "hotel_price": ["224"]}, "923197": {"hotel_name": "\u5357\u4eac\u68a6\u60c5\u9601\u5bbe\u9986", "order_time": ["2019-01-18 10:42:24"], "total_order": 1, "hotel_value": ["3.5"], "hotel_price": ["268"]}, "21160353": {"hotel_name": "\u5357\u4eacST\u5f71\u9662\u9152\u5e97", "order_time": ["2019-01-18 10:44:09"], "total_order": 1, "hotel_value": ["4.8"], "hotel_price": ["323"]}, "1419738": {"hotel_name": "\u5357\u4eac\u822a\u5929\u5546\u52a1\u9152\u5e97", "order_time": ["2019-01-18 10:44:13"], "total_order": 1, "hotel_value": ["4.6"], "hotel_price": ["290"]}, "4662249": {"hotel_name": "\u5357\u4eac\u534e\u8fbe\u5bbe\u9986", "order_time": ["2019-01-18 10:44:15"], "total_order": 1, "hotel_value": ["4.2"], "hotel_price": ["278"]}, "1433140": {"hotel_name": "\u5357\u4eac\u82f9\u679c\u9152\u5e97(\u539f\u9752\u82f9\u679c\u9152\u5e97)", "order_time": ["2019-01-18 10:44:16"], "total_order": 1, "hotel_value": ["3.8"], "hotel_price": ["197"]}, "1938309": {"hotel_name": "\u9526\u6c5f\u4e4b\u661f(\u5357\u4eac\u83ab\u6101\u6e56\u5e97)", "order_time": ["2019-01-18 10:44:19"], "total_order": 1, "hotel_value": ["4.4"], "hotel_price": ["366"]}, "1451538": {"hotel_name": "\u5982\u5bb6\u5feb\u6377\u9152\u5e97(\u5357\u4eac\u65b0\u8857\u53e3\u5927\u884c\u5bab\u5730\u94c1\u7ad9\u6587\u660c\u5df7\u5e97)", "order_time": ["2019-01-18 10:44:20"], "total_order": 1, "hotel_value": ["4.4"], "hotel_price": ["254"]}, "2301890": {"hotel_name": "7\u5929\u8fde\u9501\u9152\u5e97(\u5357\u4eac\u4e09\u724c\u697c\u8679\u6865\u4e2d\u5fc3\u5e97)", "order_time": ["2019-01-18 10:44:21"], "total_order": 1, "hotel_value": ["4.3"], "hotel_price": ["238"]}, "1447406": {"hotel_name": "\u5e03\u4e01\u9152\u5e97(\u5357\u4eac\u864e\u8e1e\u5317\u8def\u76d0\u4ed3\u6865\u5e97)(\u539f\u7b11\u8c08\u7cbe\u54c1\u9152\u5e97)", "order_time": ["2019-01-18 10:44:21"], "total_order": 1, "hotel_value": ["4.2"], "hotel_price": ["210"]}, "17879456": {"hotel_name": "\u5357\u4eac123\u4e3b\u9898\u9752\u5e74\u65c5\u820d", "order_time": ["2019-01-18 10:44:22"], "total_order": 1, "hotel_value": ["4.6"], "hotel_price": ["72"]}, "1649295": {"hotel_name": "\u6587\u6da6\u5546\u52a1\u5bbe\u9986(\u5357\u4eac\u9a6c\u53f0\u8857\u5e97)", "order_time": ["2019-01-18 10:44:35"], "total_order": 1, "hotel_value": ["3.6"], "hotel_price": ["158"]}, "1054865": {"hotel_name": "\u5357\u4eac\u5927\u987a\u53d1\u62db\u5f85\u6240", "order_time": ["2019-01-18 10:44:37"], "total_order": 1, "hotel_value": ["3.3"], "hotel_price": ["78"]}, "1848357": {"hotel_name": "\u5357\u4eac\u4e3d\u6052\u5546\u52a1\u5bbe\u9986", "order_time": ["2019-01-18 10:44:37"], "total_order": 1, "hotel_value": [0], "hotel_price": ["118"]}, "1004194": {"hotel_name": "\u5357\u4eac\u91d1\u7ea2\u65c5\u793e", "order_time": ["2019-01-18 10:44:39"], "total_order": 1, "hotel_value": [0], "hotel_price": ["30"]}, "1454364": {"hotel_name": "\u5982\u5bb6\u5feb\u6377\u9152\u5e97(\u5357\u4eac\u65b0\u8857\u53e3\u73e0\u6c5f\u8def\u5730\u94c1\u7ad9\u5fb7\u57fa\u5e7f\u573a\u5e97)", "order_time": ["2019-01-18 11:18:09", "2019-01-18 10:46:09"], "total_order": 2, "hotel_value": ["4.5", "4.5"], "hotel_price": ["305", "272"]}, "24769086": {"hotel_name": "\u5357\u4eac\u6c64\u5c71\u7af9\u9690\u6e29\u6cc9\u6c11\u5bbf", "order_time": ["2019-01-18 10:46:10"], "total_order": 1, "hotel_value": ["4.9"], "hotel_price": ["1470"]}, "5782272": {"hotel_name": "\u4e5d\u97f5\u7cbe\u54c1\u9152\u5e97(\u5357\u4eac\u5357\u5de5\u5927\u6155\u65af\u835f\u5e97)", "order_time": ["2019-01-18 10:46:10"], "total_order": 1, "hotel_value": ["4.7"], "hotel_price": ["198"]}, "21826827": {"hotel_name": "\u5b9c\u5fc5\u601d\u5c1a\u54c1\u9152\u5e97(\u5357\u4eac\u5357\u7ad9\u5317\u5e7f\u573a\u5e97)", "order_time": ["2019-01-18 10:46:11", "2019-01-18 11:20:13"], "total_order": 2, "hotel_value": ["4.6", "4.6"], "hotel_price": ["417", "417"]}, "481006": {"hotel_name": "\u5357\u4eac\u592a\u548c\u7d2b\u91d1\u5927\u9152\u5e97", "order_time": ["2019-01-18 10:52:15", "2019-01-18 10:56:11", "2019-01-18 10:46:12"], "total_order": 3, "hotel_value": ["4.6", "4.6", "4.6"], "hotel_price": ["299", "299", "376"]}, "7528409": {"hotel_name": "\u5c1a\u5ba2\u4f18\u7cbe\u9009\u9152\u5e97(\u5357\u4eac\u5357\u7ad9\u53cc\u9f99\u5927\u9053\u5730\u94c1\u7ad9\u5e97)", "order_time": ["2019-01-18 11:00:09", "2019-01-18 10:46:12"], "total_order": 2, "hotel_value": ["4.5", "4.5"], "hotel_price": ["215", "215"]}, "8445718": {"hotel_name": "Q\u52a0\u00b7\u5357\u4eac\u5b81\u822a\u82b1\u56ed\u9152\u5e97(\u539f\u5b81\u884c\u82b1\u56ed\u9152\u5e97)", "order_time": ["2019-01-18 10:46:13"], "total_order": 1, "hotel_value": ["4.8"], "hotel_price": ["143"]}, "25289828": {"hotel_name": "\u5357\u4eac\u5f92\u884c\u964c\u5ba2\u9752\u5e74\u65c5\u820d", "order_time": ["2019-01-18 10:46:15"], "total_order": 1, "hotel_value": ["4.9"], "hotel_price": ["108"]}, "1452010": {"hotel_name": "\u5982\u5bb6\u5feb\u6377\u9152\u5e97(\u5357\u4eac\u6e56\u5357\u8def\u72ee\u5b50\u6865\u7f8e\u98df\u8857\u5e97)", "order_time": ["2019-01-18 10:46:16"], "total_order": 1, "hotel_value": ["4.3"], "hotel_price": ["313"]}, "5311088": {"hotel_name": "\u5357\u4eac\u99a8\u8309\u8389\u82b1\u56ed\u9152\u5e97", "order_time": ["2019-01-18 10:46:17"], "total_order": 1, "hotel_value": ["4.7"], "hotel_price": ["871"]}, "2133050": {"hotel_name": "\u5357\u4eac\u5c45\u683c\u5bbe\u9986(\u539f\u5de8\u6d9b\u65c5\u5e97)", "order_time": ["2019-01-18 10:46:22"], "total_order": 1, "hotel_value": ["4.6"], "hotel_price": ["93"]}, "5256151": {"hotel_name": "\u5112\u5bb6\u5feb\u6377\u9152\u5e97(\u5357\u4eac\u8fdb\u9999\u6cb3\u5e97)", "order_time": ["2019-01-18 10:48:10"], "total_order": 1, "hotel_value": ["4.1"], "hotel_price": ["170"]}, "668358": {"hotel_name": "\u5357\u4eac\u5f18\u9633\u9152\u5e97", "order_time": ["2019-01-18 10:48:10"], "total_order": 1, "hotel_value": ["4.6"], "hotel_price": ["373"]}, "24003770": {"hotel_name": "\u5b9c\u5c1a\u9152\u5e97(\u5357\u4eac\u5929\u5370\u5927\u9053\u5730\u94c1\u7ad9\u5e97)", "order_time": ["2019-01-18 10:48:11", "2019-01-18 10:52:11"], "total_order": 2, "hotel_value": ["4.8", "4.8"], "hotel_price": ["304", "304"]}, "10607216": {"hotel_name": "\u6e05\u6c90\u7cbe\u9009\u9152\u5e97(\u5357\u4eac\u5357\u7ad9\u5e97)", "order_time": ["2019-01-18 10:48:12"], "total_order": 1, "hotel_value": ["4.6"], "hotel_price": ["324"]}, "1829653": {"hotel_name": "\u901f8\u9152\u5e97(\u5357\u4eac\u89e3\u653e\u8def\u5e97)", "order_time": ["2019-01-18 11:08:18", "2019-01-18 10:48:15"], "total_order": 2, "hotel_value": ["3.7", "3.7"], "hotel_price": ["168", "168"]}, "21795380": {"hotel_name": "\u7ef4\u4e5f\u7eb3\u56fd\u9645\u9152\u5e97(\u5357\u4eac\u7af9\u5c71\u8def\u5730\u94c1\u7ad9\u5e97)", "order_time": ["2019-01-18 11:00:52", "2019-01-18 10:48:15"], "total_order": 2, "hotel_value": ["4.7", "4.7"], "hotel_price": ["308", "308"]}, "2298282": {"hotel_name": "\u6c5f\u82cf\u996d\u5e97", "order_time": ["2019-01-18 10:48:17"], "total_order": 1, "hotel_value": ["4.8"], "hotel_price": ["508"]}, "28094974": {"hotel_name": "\u5982\u5bb6\u5546\u65c5\u9152\u5e97(\u5357\u4eac\u706b\u8f66\u7ad9\u5317\u5e7f\u573a\u7384\u6b66\u6e56\u5e97)", "order_time": ["2019-01-18 10:48:18"], "total_order": 1, "hotel_value": ["4.5"], "hotel_price": ["295"]}, "4728409": {"hotel_name": "\u8776\u604b\u82b1\u56ed\u9152\u5e97(\u5357\u4eac\u6653\u5e84\u56fd\u9645\u5e7f\u573a\u5e97)(\u539f\u79cb\u8c31\u5bbe\u9986)", "order_time": ["2019-01-18 10:48:20"], "total_order": 1, "hotel_value": ["4.8"], "hotel_price": ["83"]}, "8605001": {"hotel_name": "\u6c49\u5ead\u9152\u5e97(\u5357\u4eac\u660e\u6545\u5bab\u745e\u91d1\u8def\u5e97)(\u539f\u5357\u822a\u5927\u5b66\u745e\u91d1\u8def\u5e97)", "order_time": ["2019-01-18 10:48:25"], "total_order": 1, "hotel_value": ["4.5"], "hotel_price": ["237"]}, "6047639": {"hotel_name": "\u5357\u4eac\u5e78\u798f\u5c0f\u61a9\u5ba2\u6808", "order_time": ["2019-01-18 10:48:28", "2019-01-18 11:00:27"], "total_order": 2, "hotel_value": ["4.0", "4.0"], "hotel_price": ["87", "92"]}, "1209436": {"hotel_name": "\u4e00\u7c73\u9633\u5149\u9152\u5e97\u516c\u5bd3(\u5357\u4eac\u80dc\u592a\u8def\u5e97)", "order_time": ["2019-01-18 10:48:30"], "total_order": 1, "hotel_value": ["4.7"], "hotel_price": ["248"]}, "5315749": {"hotel_name": "\u5357\u4eac\u6625\u6c34\u5858\u5feb\u6377\u9152\u5e97", "order_time": ["2019-01-18 10:48:37"], "total_order": 1, "hotel_value": ["2.8"], "hotel_price": ["128"]}, "5377966": {"hotel_name": "\u5357\u4eac\u534e\u67cf\u4e3b\u9898\u5bbe\u9986\u5b8f\u8fd0\u5927\u9053\u5e97", "order_time": ["2019-01-18 10:49:01"], "total_order": 1, "hotel_value": [0], "hotel_price": ["198"]}, "1816838": {"hotel_name": "\u6854\u5b50\u9152\u5e97(\u5357\u4eac\u535a\u7269\u9662\u9152\u5e97)(\u539f\u4e1c\u534e\u95e8\u5e97)", "order_time": ["2019-01-18 10:50:09", "2019-01-18 10:54:10"], "total_order": 2, "hotel_value": ["4.9", "4.9"], "hotel_price": ["332", "332"]}, "6942151": {"hotel_name": "\u6854\u5b50\u9152\u5e97\u00b7\u7cbe\u9009(\u5357\u4eac\u592b\u5b50\u5e99\u5efa\u5eb7\u8def\u5e97)", "order_time": ["2019-01-18 10:50:09"], "total_order": 1, "hotel_value": ["4.8"], "hotel_price": ["427"]}, "443715": {"hotel_name": "\u5357\u4eac\u6c83\u9601\u5df4\u5398\u539f\u5885\u6e29\u6cc9\u9152\u5e97", "order_time": ["2019-01-18 10:50:10"], "total_order": 1, "hotel_value": ["4.4"], "hotel_price": ["1260"]}, "1944023": {"hotel_name": "\u5357\u4eac\u822a\u7a7a\u822a\u5929\u5927\u5b66\u5fa1\u82d1\u5bbe\u9986", "order_time": ["2019-01-18 10:50:14"], "total_order": 1, "hotel_value": ["4.2"], "hotel_price": ["258"]}, "23843325": {"hotel_name": "\u4e50\u5bb6\u8f69\u8f7b\u5962\u5ea6\u5047\u516c\u5bd3(\u5357\u4eac\u5965\u4f53\u5347\u9f99\u6c47\u91d1\u5e97)", "order_time": ["2019-01-18 10:50:15"], "total_order": 1, "hotel_value": ["4.6"], "hotel_price": ["354"]}, "1452525": {"hotel_name": "\u5982\u5bb6\u5feb\u6377\u9152\u5e97(\u5357\u4eac\u65b0\u57ce\u5e02\u5e7f\u573a\u9f99\u6c5f\u5730\u94c1\u7ad9\u5e97)", "order_time": ["2019-01-18 10:50:15"], "total_order": 1, "hotel_value": ["4.6"], "hotel_price": ["351"]}, "13325407": {"hotel_name": "\u5357\u4eac\u73ba\u57ce\u00b7\u963f\u91cc\u9152\u5e97", "order_time": ["2019-01-18 10:50:16"], "total_order": 1, "hotel_value": ["4.6"], "hotel_price": ["333"]}, "5371509": {"hotel_name": "\u5357\u4eac\u5343\u79a7\u65c5\u793e", "order_time": ["2019-01-18 10:50:16"], "total_order": 1, "hotel_value": ["4.1"], "hotel_price": ["101"]}, "4009967": {"hotel_name": "\u5357\u4eac\u8fdc\u4e1c\u5047\u65e5\u9152\u5e97", "order_time": ["2019-01-18 10:50:21"], "total_order": 1, "hotel_value": ["4.0"], "hotel_price": ["206"]}, "1636454": {"hotel_name": "\u5357\u4eac\u4e50\u7ef4\u7279\u5546\u52a1\u9152\u5e97", "order_time": ["2019-01-18 10:50:24"], "total_order": 1, "hotel_value": ["3.9"], "hotel_price": ["249"]}, "1462589": {"hotel_name": "\u5357\u4eac\u6cf0\u767b\u5feb\u6377\u9152\u5e97", "order_time": ["2019-01-18 10:50:25"], "total_order": 1, "hotel_value": ["4.2"], "hotel_price": ["183"]}, "6795985": {"hotel_name": "\u5357\u4eac\u964c\u964c\u5bbe\u9986", "order_time": ["2019-01-18 10:50:27"], "total_order": 1, "hotel_value": [0], "hotel_price": ["228"]}, "1946035": {"hotel_name": "\u5c16\u5fae\u7a7a\u95f4\u827a\u672f\u9152\u5e97(\u5357\u4eac\u592b\u5b50\u5e99\u5e97)", "order_time": ["2019-01-18 10:50:29", "2019-01-18 11:00:45"], "total_order": 2, "hotel_value": ["4.7", "4.7"], "hotel_price": ["287", "168"]}, "28760489": {"hotel_name": "\u9510\u601d\u7279\u9152\u5e97(\u5357\u4eac\u8bda\u4fe1\u5927\u9053\u7af9\u5c71\u8def\u5730\u94c1\u7ad9\u5e97)", "order_time": ["2019-01-18 10:50:35"], "total_order": 1, "hotel_value": [0], "hotel_price": ["213"]}, "1454476": {"hotel_name": "\u5982\u5bb6\u5546\u65c5\u9152\u5e97(\u5357\u4eac\u65b0\u57ce\u5e02\u5e7f\u573a\u9f99\u6c5f\u5730\u94c1\u7ad9\u5e97)", "order_time": ["2019-01-18 10:52:07", "2019-01-18 11:22:52"], "total_order": 2, "hotel_value": ["4.6", "4.6"], "hotel_price": ["413", "395"]}, "1632868": {"hotel_name": "\u6854\u5b50\u9152\u5e97\u00b7\u7cbe\u9009(\u5357\u4eac\u9038\u4ed9\u6865\u603b\u7edf\u5e9c\u6885\u56ed\u65b0\u6751\u5e97)", "order_time": ["2019-01-18 10:52:08"], "total_order": 1, "hotel_value": ["4.9"], "hotel_price": ["360"]}, "2848787": {"hotel_name": "\u5357\u4eac\u672a\u89c1\u5c71\u7d2b\u91d1\u5c71\u4eba\u6587\u884c\u65c5", "order_time": ["2019-01-18 10:52:08"], "total_order": 1, "hotel_value": ["4.7"], "hotel_price": ["358"]}, "10896011": {"hotel_name": "\u5357\u4eac\u5357\u7ad9\u6c34\u6708\u6e7e\u9152\u5e97", "order_time": ["2019-01-18 10:52:09"], "total_order": 1, "hotel_value": ["4.7"], "hotel_price": ["353"]}, "1535639": {"hotel_name": "\u6c49\u5ead\u9152\u5e97(\u5357\u4eac\u82dc\u84ff\u56ed\u5927\u8857\u5e97)", "order_time": ["2019-01-18 10:52:11"], "total_order": 1, "hotel_value": ["4.5"], "hotel_price": ["227"]}, "667018": {"hotel_name": "\u5357\u4eac\u53e4\u5357\u90fd\u660e\u57fa\u9152\u5e97", "order_time": ["2019-01-18 10:52:11"], "total_order": 1, "hotel_value": ["4.7"], "hotel_price": ["363"]}, "25050379": {"hotel_name": "\u5357\u4eac\u5965\u4f53\u4e2d\u5fc3\u4e9a\u6735S\u9152\u5e97", "order_time": ["2019-01-18 10:52:14"], "total_order": 1, "hotel_value": ["4.8"], "hotel_price": ["460"]}, "1426613": {"hotel_name": "\u5357\u4eac\u571f\u4e01\u4e07\u91cc\u8def\u56fd\u9645\u9752\u5e74\u9152\u5e97", "order_time": ["2019-01-18 10:52:14"], "total_order": 1, "hotel_value": ["4.5"], "hotel_price": ["164"]}, "4390063": {"hotel_name": "\u5357\u4eac\u534e\u6cf0\u4e07\u4e3d\u9152\u5e97", "order_time": ["2019-01-18 11:12:13", "2019-01-18 10:52:21"], "total_order": 2, "hotel_value": ["4.7", "4.7"], "hotel_price": ["895", "895"]}, "1017214": {"hotel_name": "\u5357\u4eac\u9752\u6a28\u9601\u5bbe\u9986", "order_time": ["2019-01-18 10:52:25"], "total_order": 1, "hotel_value": ["3.6"], "hotel_price": ["116"]}, "1649286": {"hotel_name": "\u5357\u4eac\u5bb6\u6625\u5bbe\u9986", "order_time": ["2019-01-18 10:52:30"], "total_order": 1, "hotel_value": ["4.2"], "hotel_price": ["112"]}, "1633044": {"hotel_name": "\u5357\u4eac\u6e56\u6ee8\u91d1\u9675\u996d\u5e97", "order_time": ["2019-01-18 11:03:00", "2019-01-18 10:52:40"], "total_order": 2, "hotel_value": ["4.6", "4.6"], "hotel_price": ["440", "440"]}, "1441505": {"hotel_name": "\u5357\u4eac\u53e4\u5357\u90fd\u7389\u6f9c\u5ead\u9152\u5e97", "order_time": ["2019-01-18 10:58:11", "2019-01-18 10:54:10"], "total_order": 2, "hotel_value": ["4.6", "4.6"], "hotel_price": ["286", "286"]}, "458364": {"hotel_name": "\u5357\u4eac\u53e4\u5357\u90fd\u5927\u6865\u996d\u5e97", "order_time": ["2019-01-18 10:54:10"], "total_order": 1, "hotel_value": ["4.8"], "hotel_price": ["386"]}, "6829860": {"hotel_name": "\u5357\u4eac\u835f\u67ab\u9152\u5e97", "order_time": ["2019-01-18 10:54:12"], "total_order": 1, "hotel_value": ["4.8"], "hotel_price": ["458"]}, "447306": {"hotel_name": "\u5357\u4eac\u7d2b\u91d1\u5c71\u5e84", "order_time": ["2019-01-18 10:54:15"], "total_order": 1, "hotel_value": ["4.8"], "hotel_price": ["554"]}, "6870641": {"hotel_name": "\u5168\u5b63\u9152\u5e97(\u5357\u4eac\u706b\u8f66\u7ad9\u5e97)", "order_time": ["2019-01-18 10:54:15"], "total_order": 1, "hotel_value": ["4.7"], "hotel_price": ["398"]}, "6266251": {"hotel_name": "\u5357\u4eac\u5b89\u6155\u822a\u7a7a\u4e3b\u9898\u9152\u5e97", "order_time": ["2019-01-18 10:54:16"], "total_order": 1, "hotel_value": ["4.4"], "hotel_price": ["183"]}, "1669678": {"hotel_name": "\u5e03\u4e01\u9152\u5e97(\u5357\u4eac\u592b\u5b50\u5e99\u5f20\u5e9c\u56ed\u5730\u94c1\u7ad9\u5e97)", "order_time": ["2019-01-18 10:54:20"], "total_order": 1, "hotel_value": ["4.3"], "hotel_price": ["189"]}, "3033888": {"hotel_name": "7\u5929\u8fde\u9501\u9152\u5e97(\u5357\u4eac\u9f13\u697c\u5730\u94c1\u7ad9\u5e97)", "order_time": ["2019-01-18 10:54:20", "2019-01-18 11:04:10"], "total_order": 2, "hotel_value": ["4.4", "4.4"], "hotel_price": ["284", "299"]}, "1635679": {"hotel_name": "\u5357\u4eac\u5b89\u69bb\u5546\u52a1\u9152\u5e97", "order_time": ["2019-01-18 10:54:22"], "total_order": 1, "hotel_value": ["3.9"], "hotel_price": ["158"]}, "1669331": {"hotel_name": "\u5357\u4eac\u4e5d\u4e5d\u805a\u5bb6\u5546\u52a1\u5bbe\u9986", "order_time": ["2019-01-18 10:54:26"], "total_order": 1, "hotel_value": ["4.1"], "hotel_price": ["108"]}, "1943605": {"hotel_name": "\u5e03\u4e01\u9152\u5e97(\u5357\u4eac\u5927\u5382\u4fe1\u606f\u5de5\u7a0b\u5927\u5b66\u5730\u94c1\u4e8c\u7ad9\u5e97)", "order_time": ["2019-01-18 10:54:32"], "total_order": 1, "hotel_value": ["4.0"], "hotel_price": ["92"]}, "6840341": {"hotel_name": "\u5357\u4eac\u8bda\u4fe1\u5feb\u6377\u5bbe\u9986", "order_time": ["2019-01-18 10:54:35"], "total_order": 1, "hotel_value": ["3.5"], "hotel_price": ["106"]}, "17990380": {"hotel_name": "\u5357\u4eac\u5b89\u5b89\u5c0f\u5bb6\u9152\u5e97", "order_time": ["2019-01-18 10:54:38"], "total_order": 1, "hotel_value": [0], "hotel_price": ["67"]}, "10475121": {"hotel_name": "\u5357\u4eac\u90fd\u5e02\u9a7f\u5bb6\u9752\u5e74\u516c\u5bd3(\u539f\u661f\u9645\u592a\u7a7a\u8231\u516c\u5bd3)", "order_time": ["2019-01-18 10:54:42"], "total_order": 1, "hotel_value": ["4.8"], "hotel_price": ["59"]}, "1712297": {"hotel_name": "\u5357\u4eac\u70ab\u8c6a\u5bbe\u9986", "order_time": ["2019-01-18 10:54:44"], "total_order": 1, "hotel_value": ["3.9"], "hotel_price": ["155"]}, "25404399": {"hotel_name": "\u9e97\u67ab\u9152\u5e97(\u5357\u4eac\u5361\u5b50\u95e8\u5730\u94c1\u7ad9\u6c38\u4e50\u8def\u5e97)", "order_time": ["2019-01-18 10:54:51"], "total_order": 1, "hotel_value": ["4.8"], "hotel_price": ["336"]}, "662500": {"hotel_name": "\u5357\u4eac\u660e\u65e5\u5927\u9152\u5e97", "order_time": ["2019-01-18 11:06:17", "2019-01-18 10:56:10"], "total_order": 2, "hotel_value": ["4.6", "4.6"], "hotel_price": ["337", "337"]}, "5323635": {"hotel_name": "\u9526\u6c5f\u4e4b\u661f(\u5357\u4eac\u6797\u4e1a\u5927\u5b66\u82b1\u56ed\u8def\u5e97)", "order_time": ["2019-01-18 10:56:11"], "total_order": 1, "hotel_value": ["4.5"], "hotel_price": ["239"]}, "1633206": {"hotel_name": "\u5357\u4eac\u5929\u6cd3\u5c71\u5e84\u9152\u5e97", "order_time": ["2019-01-18 10:56:14"], "total_order": 1, "hotel_value": ["4.5"], "hotel_price": ["392"]}, "1211088": {"hotel_name": "\u83ab\u6cf0168(\u5357\u4eac\u65b0\u8857\u53e3\u5546\u4e1a\u4e2d\u5fc3\u660e\u74e6\u5eca\u5e97)", "order_time": ["2019-01-18 10:56:15"], "total_order": 1, "hotel_value": ["4.5"], "hotel_price": ["322"]}, "8867914": {"hotel_name": "\u6f2b\u5fc3\u5357\u4eac\u592b\u5b50\u5e99\u9152\u5e97", "order_time": ["2019-01-18 10:56:16"], "total_order": 1, "hotel_value": ["4.7"], "hotel_price": ["474"]}, "17525181": {"hotel_name": "\u5357\u4eac\u5357\u7ad9\u80dc\u592a\u897f\u8def\u4e9a\u6735\u9152\u5e97", "order_time": ["2019-01-18 10:56:16"], "total_order": 1, "hotel_value": ["4.8"], "hotel_price": ["413"]}, "4386324": {"hotel_name": "\u6d77\u53cb\u826f\u54c1\u9152\u5e97(\u5357\u4eac\u592b\u5b50\u5e99\u5e97)", "order_time": ["2019-01-18 10:56:16"], "total_order": 1, "hotel_value": ["4.5"], "hotel_price": ["284"]}, "1808635": {"hotel_name": "\u901f8\u9152\u5e97(\u5357\u4eac\u6cb9\u574a\u6865\u5e97)", "order_time": ["2019-01-18 10:56:19"], "total_order": 1, "hotel_value": ["3.0"], "hotel_price": ["128"]}, "1641305": {"hotel_name": "\u534a\u5c71\u56ed\u9152\u5e97(\u5357\u4eac\u65b0\u8857\u53e3\u5e97)", "order_time": ["2019-01-18 10:56:21", "2019-01-18 11:22:21"], "total_order": 2, "hotel_value": ["3.9", "3.9"], "hotel_price": ["139", "139"]}, "2149167": {"hotel_name": "\u652f\u70b9\u516c\u5bd3(\u5357\u4eac\u4fde\u5bb6\u5df7\u5e97)", "order_time": ["2019-01-18 10:56:30"], "total_order": 1, "hotel_value": ["4.4"], "hotel_price": ["33"]}, "1836219": {"hotel_name": "\u82f9\u679c\u9152\u5e97(\u5357\u4eac\u4e01\u5bb6\u6865\u5e97)", "order_time": ["2019-01-18 10:56:45"], "total_order": 1, "hotel_value": ["3.7"], "hotel_price": ["109"]}, "22825205": {"hotel_name": "\u5357\u4eac\u7d2b\u7384\u9152\u5e97", "order_time": ["2019-01-18 10:56:52"], "total_order": 1, "hotel_value": ["4.9"], "hotel_price": ["368"]}, "4970266": {"hotel_name": "\u5357\u4eac\u67e0\u6aac\u6811\u7cbe\u54c1\u9152\u5e97", "order_time": ["2019-01-18 10:56:54"], "total_order": 1, "hotel_value": ["4.4"], "hotel_price": ["228"]}, "1943798": {"hotel_name": "\u6c5f\u82cf\u56fd\u745e\u5927\u9152\u5e97", "order_time": ["2019-01-18 10:56:54", "2019-01-18 11:00:52"], "total_order": 2, "hotel_value": ["4.2", "4.2"], "hotel_price": ["291", "291"]}, "1341077": {"hotel_name": "\u5982\u5bb6\u5feb\u6377\u9152\u5e97(\u5357\u4eac\u592b\u5b50\u5e99\u9f99\u87e0\u4e2d\u8def\u7535\u89c6\u53f0\u5e97)", "order_time": ["2019-01-18 11:16:45", "2019-01-18 10:56:54"], "total_order": 2, "hotel_value": ["4.4", "4.4"], "hotel_price": ["193", "193"]}, "434624": {"hotel_name": "\u5357\u4eac\u6c49\u5e9c\u996d\u5e97", "order_time": ["2019-01-18 10:58:11"], "total_order": 1, "hotel_value": ["4.7"], "hotel_price": ["498"]}, "11479584": {"hotel_name": "\u5357\u4eac\u4e0a\u5143\u5927\u8857\u4e9a\u6735\u9152\u5e97", "order_time": ["2019-01-18 10:58:14"], "total_order": 1, "hotel_value": ["4.8"], "hotel_price": ["409"]}, "1891580": {"hotel_name": "\u901f8\u9152\u5e97(\u5357\u4eac\u91d1\u9675\u603b\u7edf\u5e9c\u5e97)(\u539f\u5357\u4eac\u821c\u5929\u603b\u7edf\u5e9c\u5e97)", "order_time": ["2019-01-18 10:58:17"], "total_order": 1, "hotel_value": ["4.3"], "hotel_price": ["235"]}, "5380104": {"hotel_name": "\u5357\u4eac\u4e07\u5ea6\u5feb\u6377\u9152\u5e97\u5357\u7ad9\u5e97", "order_time": ["2019-01-18 10:58:20"], "total_order": 1, "hotel_value": ["3.8"], "hotel_price": ["179"]}, "5249698": {"hotel_name": "\u683c\u6797\u8c6a\u6cf0\u5357\u4eac\u592b\u5b50\u5e99\u4e09\u5c71\u8857\u5730\u94c1\u7ad9\u5feb\u6377\u9152\u5e97", "order_time": ["2019-01-18 10:58:25"], "total_order": 1, "hotel_value": ["4.2"], "hotel_price": ["294"]}, "1286049": {"hotel_name": "\u5b81\u597d\u65f6\u5c1a\u9152\u5e97\u516c\u5bd3(\u5357\u4eac\u6cb3\u897f\u4e07\u8fbe\u5e7f\u573a\u5e97)", "order_time": ["2019-01-18 10:58:26"], "total_order": 1, "hotel_value": ["4.1"], "hotel_price": ["288"]}, "1642732": {"hotel_name": "\u5357\u4eac\u5929\u7c41\u5bbe\u9986", "order_time": ["2019-01-18 10:58:34"], "total_order": 1, "hotel_value": ["4.3"], "hotel_price": ["153"]}, "3669632": {"hotel_name": "\u96e8\u6da6\u4e2d\u592e\u516c\u9986\u884c\u653f\u9152\u5e97\u516c\u5bd3(\u5357\u4eac\u5965\u4f53\u4e2d\u5fc3\u5e97)", "order_time": ["2019-01-18 10:58:52"], "total_order": 1, "hotel_value": ["4.4"], "hotel_price": ["138"]}, "5073966": {"hotel_name": "\u5e03\u4e01\u9152\u5e97(\u5357\u4eac\u592b\u5b50\u5e99\u5730\u94c1\u7ad9\u5e97)", "order_time": ["2019-01-18 11:00:09", "2019-01-18 11:12:14"], "total_order": 2, "hotel_value": ["4.5", "4.5"], "hotel_price": ["219", "219"]}, "7215718": {"hotel_name": "\u7ef4\u4e5f\u7eb3\u9152\u5e97(\u5357\u4eac\u592b\u5b50\u5e99\u96e8\u82b1\u8def\u5e97)", "order_time": ["2019-01-18 11:00:10"], "total_order": 1, "hotel_value": ["4.8"], "hotel_price": ["276"]}, "1286909": {"hotel_name": "\u6c49\u5ead\u4f18\u4f73\u9152\u5e97(\u5357\u4eac\u7384\u6b66\u95e8\u5e97)(\u539f\u6c49\u5ead\u9152\u5e97)", "order_time": ["2019-01-18 11:00:13"], "total_order": 1, "hotel_value": ["4.6"], "hotel_price": ["297"]}, "1614661": {"hotel_name": "\u9a7f\u5bb6\u9152\u5e97\u5f0f\u516c\u5bd3(\u5357\u4eac\u4eac\u9686\u56fd\u9645\u5e97)", "order_time": ["2019-01-18 11:00:27"], "total_order": 1, "hotel_value": ["4.2"], "hotel_price": ["303"]}, "1458107": {"hotel_name": "\u6cca\u5ba2\u5bd3\u9152\u5e97\u516c\u5bd3(\u5357\u4eac\u89c2\u57ce\u56fd\u9645\u5e97)(\u539f\u4e2d\u623f\u9152\u5e97\u516c\u5bd3\u89c2\u57ce\u56fd\u9645\u5e97)", "order_time": ["2019-01-18 11:00:28"], "total_order": 1, "hotel_value": ["4.7"], "hotel_price": ["272"]}, "1932876": {"hotel_name": "\u84dd\u9cb8666\u9752\u5e74\u65c5\u820d(\u5357\u4eac\u7ad9\u5e97)", "order_time": ["2019-01-18 11:00:40"], "total_order": 1, "hotel_value": ["4.5"], "hotel_price": ["40"]}, "2846112": {"hotel_name": "\u5357\u4eac\u534e\u6c5f\u996d\u5e97\u6b66\u82f1\u697c", "order_time": ["2019-01-18 11:00:45"], "total_order": 1, "hotel_value": ["4.3"], "hotel_price": ["180"]}, "434407": {"hotel_name": "\u5357\u4eac\u91d1\u9675\u6c5f\u6ee8\u9152\u5e97", "order_time": ["2019-01-18 11:00:50", "2019-01-18 11:03:00"], "total_order": 2, "hotel_value": ["4.7", "4.7"], "hotel_price": ["598", "598"]}, "474287": {"hotel_name": "\u5357\u4eac\u6625\u5e38\u5728\u5047\u65e5\u9152\u5e97", "order_time": ["2019-01-18 11:02:14"], "total_order": 1, "hotel_value": ["3.9"], "hotel_price": ["179"]}, "1334463": {"hotel_name": "\u5357\u4eac\u6c6a\u6d77\u56fd\u9645\u5927\u9152\u5e97", "order_time": ["2019-01-18 11:02:16"], "total_order": 1, "hotel_value": ["4.5"], "hotel_price": ["332"]}, "8353486": {"hotel_name": "\u6021\u83b1\u9152\u5e97(\u5357\u4eac\u9a6c\u7fa4\u5730\u94c1\u7ad9\u5e97)", "order_time": ["2019-01-18 11:02:17"], "total_order": 1, "hotel_value": ["3.9"], "hotel_price": ["246"]}, "1669477": {"hotel_name": "\u5357\u4eac\u65b0\u8857\u53e3\u996d\u5e97", "order_time": ["2019-01-18 11:02:19"], "total_order": 1, "hotel_value": ["4.1"], "hotel_price": ["187"]}, "1500204": {"hotel_name": "\u5357\u4eac\u5a9a\u9999\u5bbe\u9986", "order_time": ["2019-01-18 11:02:20"], "total_order": 1, "hotel_value": ["4.6"], "hotel_price": ["228"]}, "1372261": {"hotel_name": "ID99\u8fde\u9501\u9152\u5e97(\u5357\u4eac\u73e0\u6c5f\u8def\u5c0f\u8425\u7ad9\u5e97)", "order_time": ["2019-01-18 11:02:21"], "total_order": 1, "hotel_value": ["3.5"], "hotel_price": ["120"]}, "811660": {"hotel_name": "\u6e05\u6c90\u8fde\u9501\u9152\u5e97(\u5357\u4eac\u5927\u6865\u5357\u8def\u5bb6\u4e50\u798f\u5e97)", "order_time": ["2019-01-18 11:02:21"], "total_order": 1, "hotel_value": ["4.3"], "hotel_price": ["219"]}, "7934109": {"hotel_name": "\u5357\u4eac\u84dd\u9cb8\u592a\u7a7a\u8231\u4e3b\u9898\u9752\u65c5", "order_time": ["2019-01-18 11:02:21"], "total_order": 1, "hotel_value": ["4.7"], "hotel_price": ["98"]}, "1803955": {"hotel_name": "\u7ef4\u4e5f\u7eb3\u9152\u5e97(\u5357\u4eac\u9f99\u6c5f\u5e97)", "order_time": ["2019-01-18 11:02:22", "2019-01-18 11:18:10"], "total_order": 2, "hotel_value": ["4.9", "4.9"], "hotel_price": ["438", "460"]}, "21769720": {"hotel_name": "\u5357\u4eac\u9ad8\u76db\u9601\u9152\u5e97", "order_time": ["2019-01-18 11:16:15", "2019-01-18 11:14:16", "2019-01-18 11:20:13", "2019-01-18 11:02:25"], "total_order": 4, "hotel_value": ["4.5", "4.5", "4.5", "4.5"], "hotel_price": ["218", "218", "218", "218"]}, "12665128": {"hotel_name": "\u5982\u5bb6\u5546\u65c5(\u5357\u4eac\u592b\u5b50\u5e99\u4e09\u5c71\u8857\u5730\u94c1\u7ad9\u5e97)", "order_time": ["2019-01-18 11:02:26"], "total_order": 1, "hotel_value": ["4.6"], "hotel_price": ["322"]}, "904948": {"hotel_name": "\u5357\u4eac\u5e7f\u548c\u5bbe\u9986", "order_time": ["2019-01-18 11:02:27"], "total_order": 1, "hotel_value": ["3.2"], "hotel_price": ["68"]}, "1836651": {"hotel_name": "\u5357\u4eac\u97f5\u53f0\u5bbe\u9986", "order_time": ["2019-01-18 11:02:41"], "total_order": 1, "hotel_value": ["3.0"], "hotel_price": ["118"]}, "371145": {"hotel_name": "\u5357\u4eac\u7ef4\u666f\u56fd\u9645\u5927\u9152\u5e97", "order_time": ["2019-01-18 11:03:00"], "total_order": 1, "hotel_value": ["4.6"], "hotel_price": ["516"]}, "11236109": {"hotel_name": "\u5357\u4eac\u5b81\u9759\u5feb\u6377\u9152\u5e97", "order_time": ["2019-01-18 11:04:10"], "total_order": 1, "hotel_value": ["4.4"], "hotel_price": ["183"]}, "1379296": {"hotel_name": "\u6c49\u5ead\u9152\u5e97(\u5357\u4eac\u4e0a\u6d77\u8def\u5730\u94c1\u7ad9\u5e97)", "order_time": ["2019-01-18 11:04:10"], "total_order": 1, "hotel_value": ["4.3"], "hotel_price": ["341"]}, "1457946": {"hotel_name": "\u5357\u4eac\u4e94\u4e00\u5bbe\u9986", "order_time": ["2019-01-18 11:04:11"], "total_order": 1, "hotel_value": ["4.5"], "hotel_price": ["278"]}, "1415838": {"hotel_name": "\u901f8\u9152\u5e97(\u5357\u4eac\u706b\u8f66\u5357\u7ad9\u5e97)", "order_time": ["2019-01-18 11:04:16"], "total_order": 1, "hotel_value": ["4.2"], "hotel_price": ["206"]}, "1649336": {"hotel_name": "\u5357\u4eac\u6e90\u534e\u5bbe\u9986", "order_time": ["2019-01-18 11:04:17"], "total_order": 1, "hotel_value": ["3.8"], "hotel_price": ["141"]}, "7316691": {"hotel_name": "\u6021\u83b1\u9152\u5e97(\u5357\u4eac\u6c5f\u5b81\u4e07\u8fbe\u5e7f\u573a\u5e97)(\u539f\u4e0a\u5143\u5927\u8857\u4e07\u8fbe\u5e7f\u573a\u5e97)", "order_time": ["2019-01-18 11:04:18"], "total_order": 1, "hotel_value": ["3.8"], "hotel_price": ["170"]}, "26409781": {"hotel_name": "\u5982\u5bb6\u6d3e\u67cf\u00b7\u4e91\u9152\u5e97(\u5357\u4eac\u67f3\u5dde\u4e1c\u8def\u5730\u94c1\u7ad9\u5e97)", "order_time": ["2019-01-18 11:04:20"], "total_order": 1, "hotel_value": ["4.3"], "hotel_price": ["152"]}, "3892077": {"hotel_name": "\u6e05\u6c90\u8ff7\u5de2\u9152\u5e97(\u5357\u4eac\u6e56\u5357\u8def\u5929\u661f\u7fe0\u7405\u5927\u53a6\u5e97)", "order_time": ["2019-01-18 11:04:21"], "total_order": 1, "hotel_value": ["4.2"], "hotel_price": ["222"]}, "6928468": {"hotel_name": "99\u4f18\u9009\u9152\u5e97(\u6ee8\u6c5f\u548c\u56ed\u5e97)", "order_time": ["2019-01-18 11:04:22", "2019-01-18 11:20:25"], "total_order": 2, "hotel_value": ["4.3", "4.3"], "hotel_price": ["114", "114"]}, "8499070": {"hotel_name": "\u5357\u4eac\u7d2b\u8346\u82b1\u56ed\u9152\u5e97", "order_time": ["2019-01-18 11:04:29"], "total_order": 1, "hotel_value": ["4.3"], "hotel_price": ["318"]}, "1199888": {"hotel_name": "\u67ab\u53f6\u5feb\u6377\u8fde\u9501\u9152\u5e97(\u5357\u4eac\u6c34\u897f\u95e8\u5927\u8857\u5e97)", "order_time": ["2019-01-18 11:04:34"], "total_order": 1, "hotel_value": ["3.8"], "hotel_price": ["128"]}, "1085670": {"hotel_name": "\u5e03\u4e01\u9152\u5e97(\u5357\u4eac\u864e\u8e1e\u5317\u8def\u827a\u672f\u5b66\u9662\u5e97)", "order_time": ["2019-01-18 11:06:18"], "total_order": 1, "hotel_value": ["3.8"], "hotel_price": ["256"]}, "2606094": {"hotel_name": "\u5e03\u4e01\u9152\u5e97(\u5357\u4eac\u4e2d\u5c71\u9675\u9a6c\u7fa4\u5730\u94c1\u7ad9\u5e97)", "order_time": ["2019-01-18 11:06:18"], "total_order": 1, "hotel_value": ["3.9"], "hotel_price": ["144"]}, "23880641": {"hotel_name": "\u5357\u4eac\u7f8e\u5e74\u534e\u827a\u672f\u8f7b\u5c45\u516c\u5bd3", "order_time": ["2019-01-18 11:06:19"], "total_order": 1, "hotel_value": ["4.6"], "hotel_price": ["195"]}, "1854040": {"hotel_name": "\u9a8f\u6021\u8fde\u9501\u9152\u5e97(\u5357\u4eac\u7384\u6b66\u6e56\u4e2d\u5c71\u9675\u666f\u533a\u5e97)", "order_time": ["2019-01-18 11:06:21"], "total_order": 1, "hotel_value": ["4.4"], "hotel_price": ["222"]}, "1829803": {"hotel_name": "\u5357\u4eac\u627f\u548c\u9152\u5e97(\u539f\u6b65\u60a6\u5feb\u6377\u9152\u5e97)", "order_time": ["2019-01-18 11:06:21"], "total_order": 1, "hotel_value": ["3.8"], "hotel_price": ["154"]}, "5215129": {"hotel_name": "\u84dd\u8c03\u8bbe\u8ba1\u827a\u672f\u9152\u5e97(\u5357\u4eac\u7984\u53e3\u673a\u573a\u5e97)", "order_time": ["2019-01-18 11:06:24"], "total_order": 1, "hotel_value": ["4.6"], "hotel_price": ["162"]}, "8574621": {"hotel_name": "\u6613\u4f70\u826f\u54c1\u9152\u5e97(\u5357\u4eac\u5357\u7ad9\u53cc\u9f99\u5927\u9053\u5730\u94c1\u7ad9\u5e97)", "order_time": ["2019-01-18 11:06:48"], "total_order": 1, "hotel_value": ["4.3"], "hotel_price": ["189"]}, "8435954": {"hotel_name": "\u5357\u4eac\u4ed9\u6797\u5927\u5b66\u57ce\u751f\u521b\u56ed\u4e9a\u6735\u9152\u5e97", "order_time": ["2019-01-18 11:08:12"], "total_order": 1, "hotel_value": ["4.9"], "hotel_price": ["524"]}, "1286836": {"hotel_name": "\u683c\u6797\u8c6a\u6cf0\u667a\u9009\u9152\u5e97(\u5357\u4eac\u6c5f\u5b81\u4e07\u8fbe\u5e7f\u573a\u5e97)", "order_time": ["2019-01-18 11:20:24", "2019-01-18 11:08:13"], "total_order": 2, "hotel_value": ["4.2", "4.2"], "hotel_price": ["193", "193"]}, "9667479": {"hotel_name": "\u5357\u4eac\u9690\u5357\u95e8\u4e1c\u9152\u5e97", "order_time": ["2019-01-18 11:12:10", "2019-01-18 11:08:15"], "total_order": 2, "hotel_value": ["4.8", "4.8"], "hotel_price": ["1408", "1408"]}, "8494902": {"hotel_name": "\u745e\u8f69\u7cbe\u820d\u5b98\u6eaa\u7cbe\u54c1\u4eba\u6587\u5ba2\u6808(\u5357\u4eac\u9ad8\u6df3\u8001\u8857\u5e97)", "order_time": ["2019-01-18 11:08:17"], "total_order": 1, "hotel_value": ["4.7"], "hotel_price": ["233"]}, "7067265": {"hotel_name": "\u6c49\u5ead\u4f18\u4f73\u9152\u5e97(\u5357\u4eac\u5965\u4f53\u4e2d\u5fc3\u5e97)", "order_time": ["2019-01-18 11:08:19"], "total_order": 1, "hotel_value": ["4.7"], "hotel_price": ["399"]}, "1253886": {"hotel_name": "\u60e0\u5ba2\u884c\u9152\u5e97\u516c\u5bd3(\u5357\u4eac\u6cb3\u897f\u4e07\u8fbe\u5e97)", "order_time": ["2019-01-18 11:08:20", "2019-01-18 11:10:39"], "total_order": 2, "hotel_value": ["4.5", "4.5"], "hotel_price": ["287", "287"]}, "1938450": {"hotel_name": "\u9526\u6c5f\u4e4b\u661f\u54c1\u5c1a(\u5357\u4eac\u6c49\u4e2d\u95e8\u5e97)", "order_time": ["2019-01-18 11:08:20"], "total_order": 1, "hotel_value": ["4.4"], "hotel_price": ["428"]}, "1842197": {"hotel_name": "\u5c71\u6942\u6811\u5feb\u6377\u9152\u5e97(\u5357\u4eac\u603b\u7edf\u5e9c\u5e97)", "order_time": ["2019-01-18 11:08:25"], "total_order": 1, "hotel_value": ["4.3"], "hotel_price": ["233"]}, "1946102": {"hotel_name": "\u683c\u6797\u8c6a\u6cf0(\u5357\u4eac\u8f6f\u4ef6\u8c37\u4e09\u6c5f\u5b66\u9662\u5e97)", "order_time": ["2019-01-18 11:08:26"], "total_order": 1, "hotel_value": ["3.9"], "hotel_price": ["210"]}, "5024366": {"hotel_name": "\u82b7\u670d\u9752\u5e74\u65c5\u820d(\u5357\u4eac\u592b\u5b50\u5e99\u5e97)", "order_time": ["2019-01-18 11:08:27"], "total_order": 1, "hotel_value": ["4.4"], "hotel_price": ["50"]}, "28710519": {"hotel_name": "\u5357\u4eac\u7396\u7396\u6e90\u7cbe\u54c1\u9152\u5e97", "order_time": ["2019-01-18 11:08:28"], "total_order": 1, "hotel_value": [0], "hotel_price": ["95"]}, "9197785": {"hotel_name": "\u5357\u4eac\u6361\u4eba\u5427\u9752\u5e74\u56fd\u9645\u65c5\u793e", "order_time": ["2019-01-18 11:10:30", "2019-01-18 11:08:30"], "total_order": 2, "hotel_value": ["4.7", "4.7"], "hotel_price": ["42", "42"]}, "8684540": {"hotel_name": "\u5c0f\u5e84\u82b1\u56ed\u9752\u5e74\u65c5\u820d(\u5357\u4eac\u4e39\u51e4\u8857\u5e97)", "order_time": ["2019-01-18 11:08:30"], "total_order": 1, "hotel_value": ["4.6"], "hotel_price": ["69"]}, "6665376": {"hotel_name": "\u5357\u4eac\u6728\u9a6c\u592a\u7a7a\u8231\u516c\u5bd3", "order_time": ["2019-01-18 11:08:32"], "total_order": 1, "hotel_value": ["4.6"], "hotel_price": ["59"]}, "1618777": {"hotel_name": "\u6ea7\u6c34\u9633\u5149\u5047\u65e5\u9152\u5e97(\u5357\u4eac\u5927\u897f\u95e8\u5e97)", "order_time": ["2019-01-18 11:08:34"], "total_order": 1, "hotel_value": ["4.5"], "hotel_price": ["134"]}, "1519947": {"hotel_name": "\u5357\u4eac\u8292\u679c\u65e5\u79df\u516c\u5bd3\u4eca\u4e16\u7f18\u9f99\u7720\u5927\u9053\u5e97", "order_time": ["2019-01-18 11:08:37"], "total_order": 1, "hotel_value": ["4.2"], "hotel_price": ["56"]}, "4641571": {"hotel_name": "\u5357\u4eac\u665a\u5b89\u6587\u9f0e\u9152\u5e97\u5f0f\u516c\u5bd3", "order_time": ["2019-01-18 11:08:51"], "total_order": 1, "hotel_value": ["4.3"], "hotel_price": ["297"]}, "2302798": {"hotel_name": "\u5357\u4eac\u767e\u8349\u56ed\u5bbe\u9986", "order_time": ["2019-01-18 11:08:52"], "total_order": 1, "hotel_value": ["4.4"], "hotel_price": ["328"]}, "433538": {"hotel_name": "\u5357\u4eac\u5c71\u6c34\u5927\u9152\u5e97", "order_time": ["2019-01-18 11:10:11"], "total_order": 1, "hotel_value": ["4.8"], "hotel_price": ["437"]}, "2291666": {"hotel_name": "7\u5929\u4f18\u54c1\u9152\u5e97(\u5357\u4eac\u592b\u5b50\u5e99\u5e97)", "order_time": ["2019-01-18 11:10:14", "2019-01-18 11:18:16"], "total_order": 2, "hotel_value": ["4.5", "4.5"], "hotel_price": ["263", "263"]}, "14479460": {"hotel_name": "\u5357\u4eac\u7231\u5fc3\u5ba2\u6808", "order_time": ["2019-01-18 11:10:31"], "total_order": 1, "hotel_value": ["4.8"], "hotel_price": ["168"]}, "1649205": {"hotel_name": "\u5357\u4eac\u8f66\u5398\u5b50\u5feb\u6377\u9152\u5e97", "order_time": ["2019-01-18 11:10:37"], "total_order": 1, "hotel_value": ["4.5"], "hotel_price": ["126"]}, "2875259": {"hotel_name": "\u56f4\u57ce\u5047\u65e5\u9152\u5e97(\u5357\u4eac\u5357\u7ad9\u4e2d\u5fc3\u5e97)", "order_time": ["2019-01-18 11:10:37"], "total_order": 1, "hotel_value": ["4.5"], "hotel_price": ["184"]}, "433900": {"hotel_name": "\u5357\u4eac\u4e09\u6bdb\u9152\u5e97\u5f0f\u516c\u5bd3", "order_time": ["2019-01-18 11:11:00"], "total_order": 1, "hotel_value": ["4.3"], "hotel_price": ["248"]}, "1943895": {"hotel_name": "\u5e03\u4e01\u9152\u5e97(\u5357\u4eac\u9f13\u697c\u7384\u6b66\u6e56\u7384\u6b66\u95e8\u5730\u94c1\u7ad9\u5e97)", "order_time": ["2019-01-18 11:12:10"], "total_order": 1, "hotel_value": ["4.1"], "hotel_price": ["196"]}, "4310743": {"hotel_name": "\u6e05\u6c90\u7cbe\u9009\u9152\u5e97(\u5357\u4eac\u5965\u4f53\u4f1a\u5c55\u4e2d\u5fc3\u5e97)", "order_time": ["2019-01-18 11:12:13"], "total_order": 1, "hotel_value": ["4.4"], "hotel_price": ["214"]}, "21794249": {"hotel_name": "\u5357\u4eac\u68a6\u90fd\u5546\u52a1\u9152\u5e97", "order_time": ["2019-01-18 11:12:13"], "total_order": 1, "hotel_value": ["4.9"], "hotel_price": ["105"]}, "4689765": {"hotel_name": "\u901f8\u9152\u5e97(\u5357\u4eac\u9ad8\u6df3\u9547\u5174\u8def\u5e97)", "order_time": ["2019-01-18 11:12:23"], "total_order": 1, "hotel_value": ["4.6"], "hotel_price": ["113"]}, "2935971": {"hotel_name": "\u5357\u4eac\u6c64\u5c71\u6c90\u7136\u65f6\u5149\u7cbe\u54c1\u6c11\u5bbf", "order_time": ["2019-01-18 11:12:23"], "total_order": 1, "hotel_value": ["4.9"], "hotel_price": ["722"]}, "3457535": {"hotel_name": "\u69b4\u83b2\u7cd6\u679c\u7cbe\u9009\u9152\u5e97(\u5357\u4eac\u6c5f\u6d66\u5ba2\u8fd0\u7ad9\u5e97)", "order_time": ["2019-01-18 11:14:11"], "total_order": 1, "hotel_value": ["4.2"], "hotel_price": ["207"]}, "2173792": {"hotel_name": "\u5982\u5bb6\u5feb\u6377\u9152\u5e97(\u5357\u4eac\u65b0\u8857\u53e3\u5927\u884c\u5bab\u5730\u94c1\u7ad9\u603b\u7edf\u5e9c\u5e97)", "order_time": ["2019-01-18 11:14:16", "2019-01-18 11:18:10"], "total_order": 2, "hotel_value": ["4.7", "4.7"], "hotel_price": ["246", "246"]}, "1085671": {"hotel_name": "\u5e03\u4e01\u9152\u5e97(\u5357\u4eac\u4e2d\u5c71\u9675\u5b5d\u9675\u536b\u5e97)", "order_time": ["2019-01-18 11:14:18"], "total_order": 1, "hotel_value": ["3.7"], "hotel_price": ["111"]}, "1352486": {"hotel_name": "\u5357\u4eac\u671b\u6c5f\u697c\u996d\u5e97", "order_time": ["2019-01-18 11:20:22", "2019-01-18 11:14:19"], "total_order": 2, "hotel_value": ["4.3", "4.3"], "hotel_price": ["290", "290"]}, "8901014": {"hotel_name": "\u5982\u5bb6\u5feb\u6377\u9152\u5e97(\u5357\u4eac\u4e94\u5858\u5e7f\u573a\u5730\u94c1\u7ad9\u5e97)", "order_time": ["2019-01-18 11:14:21"], "total_order": 1, "hotel_value": ["4.6"], "hotel_price": ["294"]}, "5767364": {"hotel_name": "\u5357\u4eac\u5c1a\u597d\u9152\u5e97\u516c\u5bd3\u592b\u5b50\u5e99\u5e97", "order_time": ["2019-01-18 11:14:38"], "total_order": 1, "hotel_value": ["4.4"], "hotel_price": ["278"]}, "473677": {"hotel_name": "\u5357\u4eac\u6587\u6f9c\u5bbe\u9986", "order_time": ["2019-01-18 11:14:47"], "total_order": 1, "hotel_value": ["4.4"], "hotel_price": ["256"]}, "6402423": {"hotel_name": "\u5357\u4eac\u7384\u6b66\u6e56\u5047\u65e5\u9152\u5e97", "order_time": ["2019-01-18 11:16:08"], "total_order": 1, "hotel_value": ["4.6"], "hotel_price": ["628"]}, "5764808": {"hotel_name": "\u5c1a\u5ba2\u4f18\u5feb\u6377\u9152\u5e97\u5357\u4eac\u96e8\u82b1\u897f\u8def\u5e97", "order_time": ["2019-01-18 11:16:20"], "total_order": 1, "hotel_value": ["3.7"], "hotel_price": ["169"]}, "1944262": {"hotel_name": "\u51ef\u91cc\u4e9a\u5fb7\u9152\u5e97(\u5357\u4eac\u8679\u6865\u4e2d\u5fc3\u5e97)", "order_time": ["2019-01-18 11:16:23"], "total_order": 1, "hotel_value": [0], "hotel_price": ["277"]}, "26689346": {"hotel_name": "\u5357\u4eac\u660e\u4eba\u5802\u5ba2\u6808", "order_time": ["2019-01-18 11:16:28"], "total_order": 1, "hotel_value": ["4.9"], "hotel_price": ["72"]}, "458400": {"hotel_name": "\u6d77\u53cb\u9152\u5e97(\u5357\u4eac\u8fc8\u768b\u6865\u5e97)(\u539f\u7ecf\u4e94\u8def\u5e97)", "order_time": ["2019-01-18 11:16:29"], "total_order": 1, "hotel_value": ["3.9"], "hotel_price": ["123"]}, "5245688": {"hotel_name": "\u5357\u4eac\u5468\u65e5\u5feb\u6377\u5bbe\u9986\u4ed9\u6797\u5e97", "order_time": ["2019-01-18 11:16:33"], "total_order": 1, "hotel_value": ["3.9"], "hotel_price": ["93"]}, "3327690": {"hotel_name": "\u6c64\u5c71\u7d2b\u6e05\u6e56\u6e29\u6cc9\u5ea6\u5047\u9152\u5e97", "order_time": ["2019-01-18 11:16:44"], "total_order": 1, "hotel_value": ["4.8"], "hotel_price": ["849"]}, "513735": {"hotel_name": "\u9526\u6c5f\u4e4b\u661f(\u5357\u4eac\u73e0\u6c5f\u8def\u5c0f\u8425\u5317\u8def\u5e97)", "order_time": ["2019-01-18 11:18:09"], "total_order": 1, "hotel_value": ["4.4"], "hotel_price": ["209"]}, "482199": {"hotel_name": "\u5357\u4eac\u94f6\u57ce\u7687\u51a0\u5047\u65e5\u9152\u5e97", "order_time": ["2019-01-18 11:18:10"], "total_order": 1, "hotel_value": ["4.7"], "hotel_price": ["666"]}, "773154": {"hotel_name": "\u6c5f\u82cf\u51e4\u51f0\u4eac\u534e\u5927\u9152\u5e97", "order_time": ["2019-01-18 11:18:10"], "total_order": 1, "hotel_value": ["4.5"], "hotel_price": ["384"]}, "1847111": {"hotel_name": "\u9a8f\u6021\u8fde\u9501\u9152\u5e97(\u5357\u4eac\u5965\u4f53\u4e2d\u5fc3\u5e97)(\u539f\u666e\u7f57\u8fea\u5546\u52a1\u9152\u5e97)", "order_time": ["2019-01-18 11:18:11"], "total_order": 1, "hotel_value": ["4.0"], "hotel_price": ["153"]}, "482289": {"hotel_name": "\u5357\u4eac\u4e2d\u592e\u996d\u5e97", "order_time": ["2019-01-18 11:18:15"], "total_order": 1, "hotel_value": ["4.4"], "hotel_price": ["350"]}, "1462824": {"hotel_name": "\u80af\u5b9a\u5bbe\u9986\u8fde\u9501(\u5357\u4eac\u8fc8\u768b\u6865\u5e97)", "order_time": ["2019-01-18 11:18:17"], "total_order": 1, "hotel_value": ["4.0"], "hotel_price": ["123"]}, "1451802": {"hotel_name": "\u5982\u5bb6\u5feb\u6377\u9152\u5e97(\u5357\u4eac\u592b\u5b50\u5e99\u5730\u94c1\u7ad9\u592a\u5e73\u5357\u8def\u5e97)", "order_time": ["2019-01-18 11:18:18"], "total_order": 1, "hotel_value": ["4.2"], "hotel_price": ["254"]}, "19492319": {"hotel_name": "\u65af\u7ef4\u767b\u7cbe\u54c1\u516c\u5bd3(\u5357\u4eac\u5f18\u9633\u5e7f\u573a)", "order_time": ["2019-01-18 11:18:18"], "total_order": 1, "hotel_value": ["4.3"], "hotel_price": ["208"]}, "1452143": {"hotel_name": "\u5982\u5bb6\u5feb\u6377\u9152\u5e97(\u5357\u4eac\u96e8\u82b1\u95e8\u5730\u94c1\u7ad9\u5927\u660e\u8def\u5e97)", "order_time": ["2019-01-18 11:18:18"], "total_order": 1, "hotel_value": ["4.1"], "hotel_price": ["189"]}, "28762251": {"hotel_name": "\u5357\u4eac\u6c64\u5c71\u5c0f\u56ed\u6e29\u6cc9\u6c11\u5bbf", "order_time": ["2019-01-18 11:18:19"], "total_order": 1, "hotel_value": [0], "hotel_price": ["646"]}, "1600459": {"hotel_name": "\u5357\u4eac\u6717\u8f69\u9152\u5e97\u516c\u5bd3", "order_time": ["2019-01-18 11:18:19"], "total_order": 1, "hotel_value": ["4.1"], "hotel_price": ["78"]}, "1937227": {"hotel_name": "\u5fc3\u60a6\u5bb6\u5ead\u65c5\u9986(\u5357\u4eac\u5929\u5143\u4e1c\u8def\u5e97)", "order_time": ["2019-01-18 11:18:30"], "total_order": 1, "hotel_value": [0], "hotel_price": ["48"]}, "1508039": {"hotel_name": "\u5357\u4eac\u671d\u9f99\u65c5\u9986", "order_time": ["2019-01-18 11:18:31"], "total_order": 1, "hotel_value": [0], "hotel_price": ["69"]}, "8719615": {"hotel_name": "\u91d1\u9675\u9752\u5e74\u65c5\u793e(\u5357\u4eac\u65b0\u8857\u53e3\u5e97)", "order_time": ["2019-01-18 11:18:31"], "total_order": 1, "hotel_value": ["3.3"], "hotel_price": ["40"]}, "1684863": {"hotel_name": "\u57ce\u5e02\u8682\u8681\u5ba2\u6808(\u5357\u4eac\u5e38\u5e9c\u8857\u5e97)", "order_time": ["2019-01-18 11:22:43", "2019-01-18 11:18:32"], "total_order": 2, "hotel_value": ["3.6", "3.6"], "hotel_price": ["118", "118"]}, "4640933": {"hotel_name": "\u6854\u5b50\u9152\u5e97\u00b7\u7cbe\u9009(\u5357\u4eac\u5b89\u5fb7\u95e8\u5e97)", "order_time": ["2019-01-18 11:20:19"], "total_order": 1, "hotel_value": ["4.9"], "hotel_price": ["341"]}, "5924978": {"hotel_name": "\u5357\u4eac\u60a0\u95f2\u5c45\u82b1\u56ed\u9152\u5e97", "order_time": ["2019-01-18 11:20:27"], "total_order": 1, "hotel_value": ["4.9"], "hotel_price": ["127"]}, "4509205": {"hotel_name": "\u5357\u4eac\u5948\u65af\u4e3b\u9898\u9152\u5e97", "order_time": ["2019-01-18 11:20:28"], "total_order": 1, "hotel_value": ["4.2"], "hotel_price": ["183"]}, "5781636": {"hotel_name": "\u9752\u679c\u9752\u6a59\u9752\u5e74\u65c5\u820d(\u5357\u4eac\u4e2d\u5c71\u9675\u4e0b\u9a6c\u574a\u5e97)", "order_time": ["2019-01-18 11:20:28"], "total_order": 1, "hotel_value": ["4.3"], "hotel_price": ["55"]}, "1183473": {"hotel_name": "\u5c1a\u5ba2\u4f18\u5feb\u6377\u9152\u5e97(\u5357\u4eac\u65e0\u60f3\u5c71\u5730\u94c1\u7ad9\u5e97)", "order_time": ["2019-01-18 11:20:28"], "total_order": 1, "hotel_value": ["4.4"], "hotel_price": ["155"]}, "1635040": {"hotel_name": "\u5357\u4eac\u9999\u6a59\u5bbe\u9986", "order_time": ["2019-01-18 11:20:29"], "total_order": 1, "hotel_value": ["4.3"], "hotel_price": ["173"]}, "9029692": {"hotel_name": "\u6446\u6e21\u4eba\u56fd\u9645\u9752\u5e74\u65c5\u820d", "order_time": ["2019-01-18 11:20:39"], "total_order": 1, "hotel_value": ["4.7"], "hotel_price": ["49"]}, "5293609": {"hotel_name": "\u6c49\u5ead\u9152\u5e97(\u5357\u4eac\u65b0\u6e2f\u5f00\u53d1\u533a\u4e8c\u5e97)", "order_time": ["2019-01-18 11:22:14"], "total_order": 1, "hotel_value": ["4.4"], "hotel_price": ["161"]}, "17974460": {"hotel_name": "\u5982\u5bb6\u8054\u76df\u00b7\u534e\u9a7f\u7cbe\u9009\u9152\u5e97(\u5357\u4eac\u5929\u5143\u897f\u8def\u5730\u94c1\u7ad9\u5e97)", "order_time": ["2019-01-18 11:22:14"], "total_order": 1, "hotel_value": ["4.8"], "hotel_price": ["265"]}, "4981770": {"hotel_name": "\u6c49\u5ead\u9152\u5e97(\u5357\u4eac\u96e8\u82b1\u53f0\u666f\u533a\u5e97)", "order_time": ["2019-01-18 11:22:14"], "total_order": 1, "hotel_value": ["4.4"], "hotel_price": ["370"]}, "2301847": {"hotel_name": "7\u5929\u8fde\u9501\u9152\u5e97(\u5357\u4eac\u706b\u8f66\u7ad9\u65b0\u6a21\u8303\u9a6c\u8def\u5730\u94c1\u7ad9\u5e97)", "order_time": ["2019-01-18 11:22:15"], "total_order": 1, "hotel_value": ["4.1"], "hotel_price": ["221"]}, "14010974": {"hotel_name": "\u5357\u4eac\u79cb\u6c34\u5170\u4ead\u4e3b\u9898\u9152\u5e97", "order_time": ["2019-01-18 11:22:17"], "total_order": 1, "hotel_value": ["4.6"], "hotel_price": ["188"]}, "1943821": {"hotel_name": "\u5357\u4eac\u519c\u5927\u7ff0\u82d1\u5bbe\u9986", "order_time": ["2019-01-18 11:22:19"], "total_order": 1, "hotel_value": ["4.6"], "hotel_price": ["628"]}, "1520050": {"hotel_name": "\u5bd2\u820d\u7cbe\u54c1\u9152\u5e97(\u5357\u4eac\u592b\u5b50\u5e99\u5e97)(\u539f\u957f\u4e50\u8def\u5e97)", "order_time": ["2019-01-18 11:22:20"], "total_order": 1, "hotel_value": ["4.3"], "hotel_price": ["212"]}, "1862056": {"hotel_name": "\u69b4\u83b2\u5c0f\u661f\u9152\u5e97(\u5357\u4eac\u6cf0\u5c71\u65b0\u6751\u5e97)", "order_time": ["2019-01-18 11:22:22"], "total_order": 1, "hotel_value": ["4.3"], "hotel_price": ["124"]}, "22952851": {"hotel_name": "\u5357\u4eac\u6e05\u767d\u9a7f\u9752\u5e74\u5ba2\u6808", "order_time": ["2019-01-18 11:22:22"], "total_order": 1, "hotel_value": ["4.8"], "hotel_price": ["101"]}, "1957506": {"hotel_name": "\u683c\u6797\u8c6a\u6cf0(\u5357\u4eac\u79e6\u6dee\u5927\u9053\u5e97)", "order_time": ["2019-01-18 11:22:26"], "total_order": 1, "hotel_value": ["4.1"], "hotel_price": ["152"]}, "3001155": {"hotel_name": "\u60a6\u5c14\u767b\u5feb\u6377\u8fde\u9501\u5bbe\u9986(\u5357\u4eac\u592b\u5b50\u5e99\u603b\u5e97)", "order_time": ["2019-01-18 11:22:27"], "total_order": 1, "hotel_value": ["3.3"], "hotel_price": ["108"]}, "444090": {"hotel_name": "\u5357\u4eac\u6c64\u5c71\u7d2b\u6e05\u6e56\u751f\u6001\u65c5\u6e38\u6e29\u6cc9\u5ea6\u5047\u533a", "order_time": ["2019-01-18 11:22:52"], "total_order": 1, "hotel_value": ["4.8"], "hotel_price": ["419"]}}}