{"\u5f00\u59cb\u8bb0\u5f55\u65f6\u95f4": "2019-01-23 18:28:57", "\u7ed3\u675f\u8bb0\u5f55\u65f6\u95f4": "2019-01-23 19:28:58", "\u8ba2\u5355\u603b\u589e\u91cf": 448, "item": {"1426723": {"hotel_name": "\u5c1a\u597d\u9152\u5e97\u516c\u5bd3(\u5357\u4eac\u6cb3\u897f\u4e07\u8fbe\u5e97)", "order_time": ["2019-01-23 18:33:08", "2019-01-23 18:29:06"], "total_order": 2, "hotel_value": ["4.7", "4.7"], "hotel_price": ["238", "238"]}, "4496845": {"hotel_name": "\u53e4\u5357\u90fd\u4ea6\u95f2\u516c\u9986(\u5357\u4eac\u4e91\u5357\u8def\u5730\u94c1\u7ad9\u5e97)", "order_time": ["2019-01-23 18:33:08", "2019-01-23 18:29:06", "2019-01-23 18:56:11"], "total_order": 3, "hotel_value": ["4.8", "4.8", "4.8"], "hotel_price": ["299", "299", "299"]}, "1379296": {"hotel_name": "\u6c49\u5ead\u9152\u5e97(\u5357\u4eac\u4e0a\u6d77\u8def\u5730\u94c1\u7ad9\u5e97)", "order_time": ["2019-01-23 18:33:08", "2019-01-23 18:29:06"], "total_order": 2, "hotel_value": ["4.3", "4.3"], "hotel_price": ["227", "227"]}, "798936": {"hotel_name": "\u5982\u5bb6\u9152\u5e97(\u5357\u4eac\u4e5d\u9f99\u6e56\u5730\u94c1\u7ad9\u53cc\u9f99\u5927\u9053\u5e97)", "order_time": ["2019-01-23 18:33:08", "2019-01-23 18:29:06"], "total_order": 2, "hotel_value": ["4.6", "4.6"], "hotel_price": ["195", "195"]}, "2143794": {"hotel_name": "\u6c49\u5ead\u9152\u5e97(\u5357\u4eac\u6d66\u53e3\u5357\u5927\u5e97)", "order_time": ["2019-01-23 18:33:08", "2019-01-23 18:29:06"], "total_order": 2, "hotel_value": ["4.6", "4.6"], "hotel_price": ["225", "225"]}, "1507692": {"hotel_name": "\u80af\u5b9a\u7cbe\u9009\u9152\u5e97(\u5357\u4eac\u6ee8\u6c5f\u65b0\u57ce\u5e97)(\u539f\u5c1a\u6b27\u57ce\u5e02\u9152\u5e97)", "order_time": ["2019-01-23 18:31:04"], "total_order": 1, "hotel_value": ["4.4"], "hotel_price": ["112"]}, "23228147": {"hotel_name": "\u5357\u4eac\u4e07\u8fbe\u5e7f\u573a\u82b1\u5b63\u9152\u5e97", "order_time": ["2019-01-23 18:31:04"], "total_order": 1, "hotel_value": ["4.8"], "hotel_price": ["145"]}, "482289": {"hotel_name": "\u5357\u4eac\u4e2d\u592e\u996d\u5e97", "order_time": ["2019-01-23 18:31:04"], "total_order": 1, "hotel_value": ["4.4"], "hotel_price": ["330"]}, "26446286": {"hotel_name": "\u5357\u4eac\u65b0\u6e2f\u5f00\u53d1\u533a\u4e9a\u6735\u9152\u5e97", "order_time": ["2019-01-23 18:31:04"], "total_order": 1, "hotel_value": ["4.8"], "hotel_price": ["334"]}, "710988": {"hotel_name": "\u5357\u4eac\u6db5\u7530\u57ce\u5e02\u9152\u5e97", "order_time": ["2019-01-23 18:31:04"], "total_order": 1, "hotel_value": ["4.7"], "hotel_price": ["356"]}, "1836212": {"hotel_name": "\u82f9\u679c\u9152\u5e97(\u5357\u4eac\u4e09\u724c\u697c\u5927\u8857\u5e97)", "order_time": ["2019-01-23 18:31:04"], "total_order": 1, "hotel_value": ["4.0"], "hotel_price": ["103"]}, "23801898": {"hotel_name": "\u5357\u4eac\u559c\u739b\u62c9\u96c5\u5047\u65e5\u9152\u5e97", "order_time": ["2019-01-23 18:31:04"], "total_order": 1, "hotel_value": ["4.6"], "hotel_price": ["658"]}, "813373": {"hotel_name": "\u5357\u4eac\u6db5\u6708\u697c\u9996\u4e3d\u65af\u9152\u5e97", "order_time": ["2019-01-23 18:31:04"], "total_order": 1, "hotel_value": ["4.8"], "hotel_price": ["598"]}, "9347528": {"hotel_name": "\u56fd\u9645\u9752\u5e74\u4f1a\u8bae\u9152\u5e97(\u5357\u4eac\u56fd\u9645\u9752\u5e74\u6587\u5316\u4e2d\u5fc3\u5e97)", "order_time": ["2019-01-23 18:31:04"], "total_order": 1, "hotel_value": ["4.8"], "hotel_price": ["598"]}, "437042": {"hotel_name": "\u5357\u4eac\u6c64\u5c71\u9890\u5c1a\u6e29\u6cc9\u5ea6\u5047\u6751", "order_time": ["2019-01-23 18:31:04"], "total_order": 1, "hotel_value": ["4.5"], "hotel_price": ["673"]}, "811686": {"hotel_name": "\u6e05\u6c90\u8fde\u9501\u9152\u5e97(\u5357\u4eac\u9f99\u6c5f\u5730\u94c1\u7ad9\u65b0\u57ce\u5e02\u5e7f\u573a\u5e97)(\u539f\u6cb3\u897f\u9f99\u6c5f\u65b0\u57ce\u5e02\u5e7f\u573a\u5e97)", "order_time": ["2019-01-23 18:31:04"], "total_order": 1, "hotel_value": ["4.2"], "hotel_price": ["164"]}, "512269": {"hotel_name": "\u5357\u4eac\u5b5c\u56fe\u9152\u5e97", "order_time": ["2019-01-23 19:21:25", "2019-01-23 18:31:05"], "total_order": 2, "hotel_value": ["4.7", "4.7"], "hotel_price": ["299", "299"]}, "25135739": {"hotel_name": "\u5357\u4eac\u4f18\u60a6\u9152\u5e97\u516c\u5bd3", "order_time": ["2019-01-23 18:31:05"], "total_order": 1, "hotel_value": ["4.9"], "hotel_price": ["224"]}, "15878691": {"hotel_name": "\u5c1a\u597d\u9152\u5e97\u516c\u5bd3(\u5357\u4eac\u96e8\u82b1\u5ba2\u5385\u5e97)", "order_time": ["2019-01-23 18:31:05"], "total_order": 1, "hotel_value": ["4.8"], "hotel_price": ["230"]}, "1862779": {"hotel_name": "\u51ef\u65fa\u8fde\u9501\u5bbe\u9986(\u5357\u4eac\u540e\u5bb0\u95e8\u5e97)", "order_time": ["2019-01-23 18:31:05"], "total_order": 1, "hotel_value": ["4.6"], "hotel_price": ["193"]}, "2313398": {"hotel_name": "\u6d77\u53cb\u9152\u5e97\uff08\u5357\u4eac\u6c5f\u5b81\u8bda\u4fe1\u5927\u9053\u5730\u94c1\u7ad9\u5e97\uff09\uff08\u539f\u6c5f\u5b81\u8bda\u4fe1\u5927\u9053\u5e97)", "order_time": ["2019-01-23 18:31:05"], "total_order": 1, "hotel_value": ["4.0"], "hotel_price": ["170"]}, "5016538": {"hotel_name": "\u5c0f\u65f6\u5149\u5bbe\u9986(\u5357\u4eac\u7984\u53e3\u673a\u573a\u5e97)", "order_time": ["2019-01-23 18:31:05"], "total_order": 1, "hotel_value": ["4.9"], "hotel_price": ["295"]}, "3457535": {"hotel_name": "\u69b4\u83b2\u7cd6\u679c\u7cbe\u9009\u9152\u5e97(\u5357\u4eac\u6c5f\u6d66\u5ba2\u8fd0\u7ad9\u5e97)", "order_time": ["2019-01-23 18:31:05"], "total_order": 1, "hotel_value": ["4.2"], "hotel_price": ["157"]}, "9666356": {"hotel_name": "\u6c49\u5ead\u9152\u5e97(\u5357\u4eac\u6c5f\u5b81\u725b\u9996\u5c71\u5e97)", "order_time": ["2019-01-23 18:31:05"], "total_order": 1, "hotel_value": ["4.1"], "hotel_price": ["218"]}, "8984394": {"hotel_name": "\u84dd\u8272\u4e4b\u65c5\u9152\u5e97\u516c\u5bd3(\u5357\u4eac\u5357\u7ad9\u5e97)", "order_time": ["2019-01-23 19:03:32", "2019-01-23 18:31:05"], "total_order": 2, "hotel_value": ["4.8", "4.8"], "hotel_price": ["243", "243"]}, "2310648": {"hotel_name": "7\u5929\u8fde\u9501\u9152\u5e97(\u5357\u4eac\u6c5f\u5b81\u5927\u5b66\u57ce\u5e97)", "order_time": ["2019-01-23 18:31:05"], "total_order": 1, "hotel_value": ["4.3"], "hotel_price": ["135"]}, "4522059": {"hotel_name": "\u9752\u76ae\u6811\u9152\u5e97(\u5357\u4eac\u6797\u4e1a\u5927\u5b66\u65b0\u5e84\u5730\u94c1\u7ad9\u9152\u5e97)", "order_time": ["2019-01-23 18:35:05", "2019-01-23 18:31:05"], "total_order": 2, "hotel_value": ["4.2", "4.2"], "hotel_price": ["148", "158"]}, "28308401": {"hotel_name": "\u7ef4\u4e5f\u7eb3\u9152\u5e97(\u5357\u4eac\u5927\u5382\u6b65\u884c\u8857\u5e97)", "order_time": ["2019-01-23 18:31:05"], "total_order": 1, "hotel_value": ["4.9"], "hotel_price": ["188"]}, "12053031": {"hotel_name": "\u53f6\u5b50\u4e3b\u9898\u7cbe\u54c1\u9152\u5e97(\u5de5\u4e1a\u5927\u5b66\u5730\u94c1\u7ad9\u5e97)", "order_time": ["2019-01-23 18:31:05"], "total_order": 1, "hotel_value": ["4.4"], "hotel_price": ["130"]}, "1535636": {"hotel_name": "\u6c49\u5ead\u9152\u5e97(\u5357\u4eac\u6c5f\u5b81\u4e07\u8fbe\u5e97)", "order_time": ["2019-01-23 18:31:05"], "total_order": 1, "hotel_value": ["4.1"], "hotel_price": ["161"]}, "2305847": {"hotel_name": "7\u5929\u8fde\u9501\u9152\u5e97(\u5357\u4eac\u4e0a\u6d77\u8def\u5730\u94c1\u7ad9\u5e97)", "order_time": ["2019-01-23 18:53:31", "2019-01-23 18:47:27", "2019-01-23 18:31:05", "2019-01-23 19:07:28", "2019-01-23 19:19:36", "2019-01-23 18:59:31"], "total_order": 6, "hotel_value": ["4.1", "4.1", "4.1", "4.1", "4.1", "4.1"], "hotel_price": ["199", "199", "199", "199", "178", "178"]}, "2299375": {"hotel_name": "\u683c\u6797\u8c6a\u6cf0(\u5357\u4eac\u65b0\u8857\u53e3\u738b\u5e9c\u5927\u8857\u5e97)", "order_time": ["2019-01-23 18:31:05"], "total_order": 1, "hotel_value": ["4.0"], "hotel_price": ["160"]}, "8982641": {"hotel_name": "\u5357\u4eac\u4f18\u4e30\u9152\u5e97", "order_time": ["2019-01-23 18:31:05", "2019-01-23 18:51:31", "2019-01-23 18:33:06"], "total_order": 3, "hotel_value": ["4.7", "4.7", "4.7"], "hotel_price": ["108", "108", "108"]}, "17525181": {"hotel_name": "\u5357\u4eac\u5357\u7ad9\u80dc\u592a\u897f\u8def\u4e9a\u6735\u9152\u5e97", "order_time": ["2019-01-23 19:11:32", "2019-01-23 18:49:33", "2019-01-23 18:31:05"], "total_order": 3, "hotel_value": ["4.8", "4.8", "4.8"], "hotel_price": ["413", "413", "413"]}, "8612748": {"hotel_name": "\u5357\u4eac\u559c\u9a6c\u62c9\u96c5\u9152\u5e97\u516c\u5bd3\u5357\u7ad9\u5e97", "order_time": ["2019-01-23 18:37:05", "2019-01-23 18:31:05"], "total_order": 2, "hotel_value": ["4.7", "4.7"], "hotel_price": ["262", "262"]}, "25050379": {"hotel_name": "\u5357\u4eac\u5965\u4f53\u4e2d\u5fc3\u4e9a\u6735S\u9152\u5e97", "order_time": ["2019-01-23 18:31:05"], "total_order": 1, "hotel_value": ["4.8"], "hotel_price": ["410"]}, "396947": {"hotel_name": "\u5357\u4eac\u91d1\u6c47\u5927\u9152\u5e97", "order_time": ["2019-01-23 18:31:05"], "total_order": 1, "hotel_value": ["4.6"], "hotel_price": ["338"]}, "15057090": {"hotel_name": "\u548c\u749e\u8bbe\u8ba1\u5e08\u9152\u5e97\u516c\u5bd3\uff08\u5357\u4eac\u5965\u4f53\u5e97\uff09", "order_time": ["2019-01-23 18:31:05"], "total_order": 1, "hotel_value": ["4.6"], "hotel_price": ["195"]}, "6124655": {"hotel_name": "\u7ef4\u4e5f\u7eb3\u9152\u5e97(\u5357\u4eac\u516d\u5408\u533a\u653f\u5e9c\u9f99\u6c60\u5730\u94c1\u7ad9\u5e97)", "order_time": ["2019-01-23 18:31:05"], "total_order": 1, "hotel_value": ["4.6"], "hotel_price": ["202"]}, "1938450": {"hotel_name": "\u9526\u6c5f\u4e4b\u661f\u54c1\u5c1a(\u5357\u4eac\u6c49\u4e2d\u95e8\u5e97)", "order_time": ["2019-01-23 18:31:05"], "total_order": 1, "hotel_value": ["4.4"], "hotel_price": ["259"]}, "443715": {"hotel_name": "\u5357\u4eac\u6c83\u9601\u5df4\u5398\u539f\u5885\u6e29\u6cc9\u9152\u5e97", "order_time": ["2019-01-23 18:31:05"], "total_order": 1, "hotel_value": ["4.4"], "hotel_price": ["795"]}, "22825276": {"hotel_name": "\u5357\u4eac\u8bc1\u5927\u5168\u60a6\u516c\u5bd3", "order_time": ["2019-01-23 18:31:05"], "total_order": 1, "hotel_value": ["4.7"], "hotel_price": ["226"]}, "15057335": {"hotel_name": "\u5357\u4eac\u666f\u67ab\u4e07\u8c6a\u9152\u5e97", "order_time": ["2019-01-23 18:31:06"], "total_order": 1, "hotel_value": ["4.6"], "hotel_price": ["723"]}, "25824305": {"hotel_name": "\u5b9c\u5c1a\u9152\u5e97(\u5357\u4eac\u9752\u5965\u535a\u89c8\u4e2d\u5fc3\u5e97)", "order_time": ["2019-01-23 18:31:06"], "total_order": 1, "hotel_value": ["4.7"], "hotel_price": ["229"]}, "689773": {"hotel_name": "\u5357\u4eac\u949f\u5c71\u5bbe\u9986(\u6c5f\u82cf\u7701\u4f1a\u8bae\u4e2d\u5fc3)", "order_time": ["2019-01-23 18:31:06"], "total_order": 1, "hotel_value": ["4.7"], "hotel_price": ["566"]}, "1594936": {"hotel_name": "\u4e07\u91cc\u8def\u9752\u5e74\u9152\u5e97\u8fde\u9501(\u5357\u4eac\u592b\u5b50\u5e99\u8d21\u9662\u897f\u8857\u5e97)", "order_time": ["2019-01-23 18:31:06"], "total_order": 1, "hotel_value": ["3.5"], "hotel_price": ["73"]}, "404182": {"hotel_name": "\u5357\u4eac\u4e01\u5c71\u5bbe\u9986", "order_time": ["2019-01-23 18:31:06"], "total_order": 1, "hotel_value": ["4.4"], "hotel_price": ["282"]}, "1452456": {"hotel_name": "\u5982\u5bb6\u5feb\u6377\u9152\u5e97(\u5357\u4eac\u516d\u5408\u91d1\u5b81\u5e7f\u573a\u6b65\u884c\u8857\u5e97)", "order_time": ["2019-01-23 18:31:06"], "total_order": 1, "hotel_value": ["4.6"], "hotel_price": ["121"]}, "6829860": {"hotel_name": "\u5357\u4eac\u835f\u67ab\u9152\u5e97", "order_time": ["2019-01-23 18:33:04"], "total_order": 1, "hotel_value": ["4.8"], "hotel_price": ["388"]}, "446012": {"hotel_name": "\u5357\u4eac\u4f70\u7fd4\u82b1\u56ed\u9152\u5e97", "order_time": ["2019-01-23 18:33:05"], "total_order": 1, "hotel_value": ["4.7"], "hotel_price": ["487"]}, "6942151": {"hotel_name": "\u6854\u5b50\u9152\u5e97\u00b7\u7cbe\u9009(\u5357\u4eac\u592b\u5b50\u5e99\u5efa\u5eb7\u8def\u5e97)", "order_time": ["2019-01-23 18:33:05"], "total_order": 1, "hotel_value": ["4.8"], "hotel_price": ["341"]}, "1632868": {"hotel_name": "\u6854\u5b50\u9152\u5e97\u00b7\u7cbe\u9009(\u5357\u4eac\u9038\u4ed9\u6865\u603b\u7edf\u5e9c\u6885\u56ed\u65b0\u6751\u5e97)", "order_time": ["2019-01-23 18:33:05"], "total_order": 1, "hotel_value": ["4.9"], "hotel_price": ["303"]}, "1116413": {"hotel_name": "\u5357\u4eac\u7384\u6b66\u95e8\u4e9a\u6735\u9152\u5e97", "order_time": ["2019-01-23 18:33:05"], "total_order": 1, "hotel_value": ["4.8"], "hotel_price": ["386"]}, "5387576": {"hotel_name": "\u6e05\u6c90\u7cbe\u54c1\u9152\u5e97(\u5357\u4eac\u6797\u4e1a\u5927\u5b66\u5c97\u5b50\u6751\u5730\u94c1\u7ad9\u5e97)(\u539f\u677f\u4ed3\u5e97)", "order_time": ["2019-01-23 18:59:36", "2019-01-23 18:33:05"], "total_order": 2, "hotel_value": ["4.3", "4.3"], "hotel_price": ["189", "189"]}, "1452149": {"hotel_name": "\u5982\u5bb6\u5feb\u6377\u9152\u5e97(\u5357\u4eac\u706b\u8f66\u5357\u7ad9\u660e\u53d1\u5e7f\u573a\u5730\u94c1\u7ad9\u5e97)", "order_time": ["2019-01-23 18:33:05", "2019-01-23 19:01:30"], "total_order": 2, "hotel_value": ["4.4", "4.4"], "hotel_price": ["228", "228"]}, "24014320": {"hotel_name": "\u5357\u4eac\u9f99\u835f\u9152\u5e97", "order_time": ["2019-01-23 18:33:05"], "total_order": 1, "hotel_value": ["4.7"], "hotel_price": ["219"]}, "4707052": {"hotel_name": "Q\u52a0\u00b7\u72ec\u4e00\u5904\u9152\u5e97\u5f0f\u516c\u5bd3(\u5357\u4eac\u5357\u7ad9\u5e97)(\u539f\u5411\u65e5\u8475\u9152\u5e97\u516c\u5bd3)", "order_time": ["2019-01-23 18:47:20", "2019-01-23 18:33:05", "2019-01-23 18:45:19"], "total_order": 3, "hotel_value": ["4.7", "4.7", "4.7"], "hotel_price": ["201", "201", "201"]}, "15827126": {"hotel_name": "\u5357\u4eac\u5c1a\u96c5\u9601\u9152\u5e97\u516c\u5bd3", "order_time": ["2019-01-23 18:33:05", "2019-01-23 19:25:38"], "total_order": 2, "hotel_value": ["4.3", "4.3"], "hotel_price": ["135", "135"]}, "5155114": {"hotel_name": "\u5357\u4eac\u96e8\u6da6\u4e2d\u592e\u516c\u9986\u670d\u52a1\u516c\u5bd3", "order_time": ["2019-01-23 18:33:05"], "total_order": 1, "hotel_value": ["4.6"], "hotel_price": ["236"]}, "6336154": {"hotel_name": "\u5168\u5b63\u9152\u5e97(\u5357\u4eac\u9f99\u87e0\u4e2d\u8def\u5e97)", "order_time": ["2019-01-23 18:33:05"], "total_order": 1, "hotel_value": ["4.6"], "hotel_price": ["269"]}, "21927397": {"hotel_name": "\u5357\u4eac\u6c27\u6c14\u7cbe\u9009\u9152\u5e97", "order_time": ["2019-01-23 18:33:05"], "total_order": 1, "hotel_value": ["4.8"], "hotel_price": ["303"]}, "15708950": {"hotel_name": "\u5357\u4eac\u6d77\u4e4b\u604b\u7cbe\u54c1\u9152\u5e97\u516c\u5bd3", "order_time": ["2019-01-23 18:33:06"], "total_order": 1, "hotel_value": ["4.8"], "hotel_price": ["182"]}, "18446716": {"hotel_name": "\u6021\u83b1\u9152\u5e97(\u5357\u4eac\u4ed9\u6797\u5927\u5b66\u57ce\u5e97)", "order_time": ["2019-01-23 18:33:06"], "total_order": 1, "hotel_value": ["4.4"], "hotel_price": ["303"]}, "1926738": {"hotel_name": "\u5982\u5bb6\u5feb\u6377\u9152\u5e97(\u5357\u4eac\u5357\u7ad9\u80dc\u592a\u897f\u8def\u7fe0\u5c4f\u5c71\u5730\u94c1\u7ad9\u5e97)", "order_time": ["2019-01-23 18:33:06"], "total_order": 1, "hotel_value": ["4.6"], "hotel_price": ["219"]}, "15556675": {"hotel_name": "\u5357\u4eac\u5929\u7af9\u6e29\u6cc9\u6c11\u5bbf", "order_time": ["2019-01-23 18:33:06"], "total_order": 1, "hotel_value": ["4.7"], "hotel_price": ["846"]}, "1339902": {"hotel_name": "\u5982\u5bb6\u5feb\u6377\u9152\u5e97(\u5357\u4eac\u76d0\u4ed3\u6865\u5e7f\u573a\u53cc\u95e8\u697c\u864e\u8e1e\u5317\u8def\u5e97)", "order_time": ["2019-01-23 18:37:09", "2019-01-23 18:33:06"], "total_order": 2, "hotel_value": ["4.6", "4.6"], "hotel_price": ["158", "158"]}, "1453801": {"hotel_name": "\u5982\u5bb6\u5feb\u6377\u9152\u5e97(\u5357\u4eac\u957f\u9014\u6c7d\u8f66\u4e1c\u7ad9\u6797\u4e1a\u5927\u5b66\u65b0\u5e84\u5730\u94c1\u7ad9\u5e97)", "order_time": ["2019-01-23 18:39:09", "2019-01-23 18:33:06"], "total_order": 2, "hotel_value": ["4.5", "4.5"], "hotel_price": ["199", "199"]}, "4727373": {"hotel_name": "\u5982\u5bb6\u5546\u65c5\u9152\u5e97(\u5357\u4eac\u65b0\u8857\u53e3\u4e2d\u5fc3\u5e97)", "order_time": ["2019-01-23 18:33:06"], "total_order": 1, "hotel_value": ["4.8"], "hotel_price": ["303"]}, "470920": {"hotel_name": "\u5357\u4eac\u56fd\u777f\u91d1\u9675\u5927\u9152\u5e97", "order_time": ["2019-01-23 18:53:37", "2019-01-23 18:33:06"], "total_order": 2, "hotel_value": ["4.7", "4.7"], "hotel_price": ["440", "440"]}, "17263882": {"hotel_name": "\u5357\u4eac\u7a9d\u77f3\u69b4\u57ce\u5e02\u7cbe\u54c1\u9152\u5e97", "order_time": ["2019-01-23 18:33:07"], "total_order": 1, "hotel_value": ["4.8"], "hotel_price": ["273"]}, "19596107": {"hotel_name": "\u6e05\u6c90\u7cbe\u9009\u9152\u5e97(\u5357\u4eac\u5927\u5382\u845b\u5858\u5730\u94c1\u7ad9\u5e97)", "order_time": ["2019-01-23 18:33:08"], "total_order": 1, "hotel_value": ["4.8"], "hotel_price": ["179"]}, "14252090": {"hotel_name": "\u5982\u5bb6\u5546\u65c5\u9152\u5e97(\u5357\u4eac\u592b\u5b50\u5e99\u5730\u94c1\u7ad9\u5e97)", "order_time": ["2019-01-23 18:33:08"], "total_order": 1, "hotel_value": ["4.6"], "hotel_price": ["307"]}, "458407": {"hotel_name": "\u53e4\u5357\u90fd\u9038\u5c45\u9152\u5e97(\u5357\u4eac\u592b\u5b50\u5e99\u5e97)", "order_time": ["2019-01-23 18:33:08"], "total_order": 1, "hotel_value": ["4.9"], "hotel_price": ["346"]}, "1286862": {"hotel_name": "\u6c49\u5ead\u9152\u5e97(\u5357\u4eac\u7ea2\u5c71\u52a8\u7269\u56ed\u5730\u94c1\u7ad9\u5e97)(\u539f\u7ea2\u5c71\u52a8\u7269\u56ed\u5e97)", "order_time": ["2019-01-23 18:33:08"], "total_order": 1, "hotel_value": ["4.4"], "hotel_price": ["208"]}, "1532041": {"hotel_name": "\u8d85\u7fa4\u7cbe\u9009\u9152\u5e97(\u5357\u4eac\u4e2d\u5c71\u9675\u666f\u533a\u5e97)", "order_time": ["2019-01-23 18:33:08"], "total_order": 1, "hotel_value": ["4.3"], "hotel_price": ["179"]}, "1640092": {"hotel_name": "\u6625\u5e38\u5728\u5546\u52a1\u5bbe\u9986(\u5357\u4eac\u9f13\u697c\u5e97)", "order_time": ["2019-01-23 18:33:08"], "total_order": 1, "hotel_value": ["3.9"], "hotel_price": ["128"]}, "8802742": {"hotel_name": "\u6d77\u53cb\u826f\u54c1\u9152\u5e97(\u5357\u4eac\u5357\u7ad9\u5e97)", "order_time": ["2019-01-23 18:33:08"], "total_order": 1, "hotel_value": ["4.4"], "hotel_price": ["153"]}, "1837944": {"hotel_name": "\u5357\u4eac\u8f69\u5b9c\u9152\u5e97\u516c\u5bd3", "order_time": ["2019-01-23 18:33:08"], "total_order": 1, "hotel_value": ["4.2"], "hotel_price": ["188"]}, "1547583": {"hotel_name": "\u6e05\u6c90\u8fde\u9501\u9152\u5e97(\u5357\u4eac\u5357\u7ad9\u5e97)", "order_time": ["2019-01-23 18:33:08"], "total_order": 1, "hotel_value": ["3.9"], "hotel_price": ["158"]}, "5323635": {"hotel_name": "\u9526\u6c5f\u4e4b\u661f(\u5357\u4eac\u6797\u4e1a\u5927\u5b66\u82b1\u56ed\u8def\u5e97)", "order_time": ["2019-01-23 18:33:11"], "total_order": 1, "hotel_value": ["4.5"], "hotel_price": ["179"]}, "443712": {"hotel_name": "\u5357\u4eac\u56fd\u4fe1\u5927\u9152\u5e97", "order_time": ["2019-01-23 19:19:26", "2019-01-23 18:35:05"], "total_order": 2, "hotel_value": ["4.6", "4.6"], "hotel_price": ["418", "418"]}, "25560157": {"hotel_name": "\u5357\u4eac\u76c8\u9f0e\u7cbe\u54c1\u9152\u5e97", "order_time": ["2019-01-23 18:35:05"], "total_order": 1, "hotel_value": ["4.9"], "hotel_price": ["164"]}, "1945382": {"hotel_name": "\u5496\u5c45\u7cbe\u9009\u9152\u5e97(\u5357\u4eac\u82cf\u5b81\u5929\u6da6\u5e7f\u573a\u5e97)(\u539f\u7ef4\u65af\u7279\u7cbe\u54c1\u9152\u5e97)", "order_time": ["2019-01-23 18:35:05"], "total_order": 1, "hotel_value": ["4.4"], "hotel_price": ["96"]}, "23843325": {"hotel_name": "\u4e50\u5bb6\u8f69\u8f7b\u5962\u5ea6\u5047\u516c\u5bd3(\u5357\u4eac\u5965\u4f53\u5347\u9f99\u6c47\u91d1\u5e97)", "order_time": ["2019-01-23 18:35:05", "2019-01-23 18:53:24"], "total_order": 2, "hotel_value": ["4.5", "4.5"], "hotel_price": ["154", "154"]}, "914386": {"hotel_name": "\u9526\u6c5f\u4e4b\u661f(\u5357\u4eac\u706b\u8f66\u5357\u7ad9\u5e97)", "order_time": ["2019-01-23 18:35:06"], "total_order": 1, "hotel_value": ["4.4"], "hotel_price": ["199"]}, "670019": {"hotel_name": "\u5357\u4eac\u5bcc\u529b\u4e07\u8fbe\u5609\u534e\u9152\u5e97", "order_time": ["2019-01-23 18:37:05", "2019-01-23 18:35:06", "2019-01-23 18:35:14"], "total_order": 3, "hotel_value": ["4.7", "4.7", "4.7"], "hotel_price": ["599", "599", "599"]}, "1457485": {"hotel_name": "\u9526\u6c5f\u4e4b\u661f(\u5357\u4eac\u5927\u6865\u5317\u8def\u5e97)", "order_time": ["2019-01-23 18:35:06"], "total_order": 1, "hotel_value": ["4.6"], "hotel_price": ["199"]}, "1136782": {"hotel_name": "\u5357\u4eac\u63a2\u82b1\u697c\u9152\u5e97", "order_time": ["2019-01-23 19:23:35", "2019-01-23 18:35:07"], "total_order": 2, "hotel_value": ["4.4", "4.4"], "hotel_price": ["298", "298"]}, "1803814": {"hotel_name": "\u5357\u4eac\u6d69\u6d69\u5bbe\u9986", "order_time": ["2019-01-23 18:35:07"], "total_order": 1, "hotel_value": ["3.3"], "hotel_price": ["131"]}, "2979681": {"hotel_name": "\u604b\u57ce\u60c5\u4fa3\u4e3b\u9898\u9152\u5e97(\u5357\u4eac\u5c71\u897f\u8def\u5e97)", "order_time": ["2019-01-23 18:35:08"], "total_order": 1, "hotel_value": ["3.8"], "hotel_price": ["168"]}, "11087633": {"hotel_name": "\u5357\u4eac\u5ea6\u5c0f\u591c\u9152\u5e97\u5f0f\u516c\u5bd3\u541b\u4e34\u56fd\u9645\u5e97", "order_time": ["2019-01-23 18:35:08"], "total_order": 1, "hotel_value": ["4.5"], "hotel_price": ["333"]}, "9135686": {"hotel_name": "\u5357\u4eac\u7389\u8def\u5bbe\u9986", "order_time": ["2019-01-23 18:35:08", "2019-01-23 19:13:45"], "total_order": 2, "hotel_value": ["3.8", "3.8"], "hotel_price": ["102", "102"]}, "1385339": {"hotel_name": "\u5929\u76db\u597d\u5ead\u9152\u5e97(\u5357\u4eac\u9f13\u697c\u5730\u94c1\u7ad9\u5e97)", "order_time": ["2019-01-23 18:37:05"], "total_order": 1, "hotel_value": ["4.6"], "hotel_price": ["296"]}, "1254450": {"hotel_name": "\u5357\u4eac\u65af\u7ef4\u767b\u670d\u52a1\u516c\u5bd3(\u96e8\u6da6\u4e2d\u592e\u516c\u9986)", "order_time": ["2019-01-23 18:37:05", "2019-01-23 19:05:30"], "total_order": 2, "hotel_value": ["4.7", "4.7"], "hotel_price": ["250", "250"]}, "425945": {"hotel_name": "\u6c5f\u82cf\u51e4\u51f0\u53f0\u996d\u5e97", "order_time": ["2019-01-23 18:37:05"], "total_order": 1, "hotel_value": ["4.7"], "hotel_price": ["388"]}, "375288": {"hotel_name": "\u5357\u4eac\u7384\u6b66\u996d\u5e97", "order_time": ["2019-01-23 18:37:05"], "total_order": 1, "hotel_value": ["4.7"], "hotel_price": ["586"]}, "419566": {"hotel_name": "\u5357\u4eac\u53e4\u5357\u90fd\u996d\u5e97", "order_time": ["2019-01-23 18:37:05"], "total_order": 1, "hotel_value": ["4.8"], "hotel_price": ["508"]}, "443705": {"hotel_name": "\u4e66\u9999\u4e16\u5bb6\u9152\u5e97(\u5357\u4eac\u65b0\u8857\u53e3\u5fb7\u57fa\u5e7f\u573a\u5e97)(\u539f\u7ba1\u5bb6\u6865\u5e97)", "order_time": ["2019-01-23 18:37:05"], "total_order": 1, "hotel_value": ["4.7"], "hotel_price": ["348"]}, "811706": {"hotel_name": "\u6e05\u6c90\u8fde\u9501\u9152\u5e97(\u5357\u4eac\u706b\u8f66\u7ad9\u4e2d\u592e\u95e8\u5e97)", "order_time": ["2019-01-23 18:37:06"], "total_order": 1, "hotel_value": ["4.2"], "hotel_price": ["104"]}, "1943885": {"hotel_name": "\u683c\u6797\u8c6a\u6cf0(\u5357\u4eac\u706b\u8f66\u7ad9\u6c7d\u8f66\u603b\u7ad9\u5e97)", "order_time": ["2019-01-23 18:37:06"], "total_order": 1, "hotel_value": ["4.0"], "hotel_price": ["169"]}, "13658367": {"hotel_name": "\u4e50\u4f18\u5c45\u7cbe\u54c1\u516c\u5bd3\uff08\u5357\u4eac\u96e8\u82b1\u5ba2\u5385\u5e97\uff09", "order_time": ["2019-01-23 18:37:06"], "total_order": 1, "hotel_value": ["4.8"], "hotel_price": ["322"]}, "1943360": {"hotel_name": "\u69b4\u83b2\u5c0f\u661f\u7cd6\u679c\u9152\u5e97(\u5357\u4eac\u7384\u6b66\u6e56\u5e97)", "order_time": ["2019-01-23 18:37:07"], "total_order": 1, "hotel_value": ["4.2"], "hotel_price": ["228"]}, "8641829": {"hotel_name": "\u5357\u4eac\u7396\u6708\u82b1\u5f00\u9752\u5e74\u65c5\u820d", "order_time": ["2019-01-23 18:37:07"], "total_order": 1, "hotel_value": ["4.5"], "hotel_price": ["43"]}, "1463015": {"hotel_name": "\u80af\u5b9a\u5bbe\u9986\u8fde\u9501(\u5357\u4eac\u9f99\u6c5f\u4e8c\u5e97)", "order_time": ["2019-01-23 18:37:07"], "total_order": 1, "hotel_value": ["4.0"], "hotel_price": ["129"]}, "28234592": {"hotel_name": "\u5357\u4eac\u76db\u60a6\u516c\u5bd3", "order_time": ["2019-01-23 18:37:07"], "total_order": 1, "hotel_value": ["4.9"], "hotel_price": ["217"]}, "1837613": {"hotel_name": "Q\u52a0\u00b7\u610f\u9152\u5e97(\u5357\u4eac\u5965\u4f53\u4e2d\u5fc3\u5174\u9686\u5927\u8857\u5730\u94c1\u7ad9\u5e97)", "order_time": ["2019-01-23 18:37:07"], "total_order": 1, "hotel_value": ["4.2"], "hotel_price": ["148"]}, "1102727": {"hotel_name": "\u51ef\u514b\u9152\u5e97\u516c\u5bd3(\u5357\u4eac\u541b\u4e34\u56fd\u9645\u5e97)", "order_time": ["2019-01-23 18:37:07"], "total_order": 1, "hotel_value": ["4.1"], "hotel_price": ["202"]}, "3742718": {"hotel_name": "\u5357\u4eac\u7435\u7436\u5c71\u5c45\u9152\u5e97", "order_time": ["2019-01-23 18:37:08"], "total_order": 1, "hotel_value": ["4.7"], "hotel_price": ["214"]}, "427748": {"hotel_name": "\u6c47\u4e3d\u9152\u5e97(\u5357\u4eac\u519b\u533a\u603b\u9662\u5e97)", "order_time": ["2019-01-23 18:37:08"], "total_order": 1, "hotel_value": ["4.4"], "hotel_price": ["119"]}, "444648": {"hotel_name": "\u5357\u4eac\u5929\u4e30\u5927\u9152\u5e97", "order_time": ["2019-01-23 18:37:08"], "total_order": 1, "hotel_value": ["4.6"], "hotel_price": ["288"]}, "1452010": {"hotel_name": "\u5982\u5bb6\u5feb\u6377\u9152\u5e97(\u5357\u4eac\u6e56\u5357\u8def\u72ee\u5b50\u6865\u7f8e\u98df\u8857\u5e97)", "order_time": ["2019-01-23 18:37:08"], "total_order": 1, "hotel_value": ["4.3"], "hotel_price": ["208"]}, "5781676": {"hotel_name": "\u9e97\u67ab\u9152\u5e97(\u5357\u4eac\u4e07\u8fbe\u5e7f\u573a\u5929\u5370\u5927\u9053\u5e97)", "order_time": ["2019-01-23 18:37:08"], "total_order": 1, "hotel_value": ["4.6"], "hotel_price": ["262"]}, "26104001": {"hotel_name": "\u5357\u4eac\u6021\u99a8\u7f18\u5bbe\u9986", "order_time": ["2019-01-23 18:37:09"], "total_order": 1, "hotel_value": ["4.8"], "hotel_price": ["120"]}, "2707009": {"hotel_name": "\u6613\u4f70\u9152\u5e97(\u5357\u4eac\u6cb3\u6d77\u5927\u5b66\u5730\u94c1\u7ad9\u5e97)", "order_time": ["2019-01-23 18:37:10"], "total_order": 1, "hotel_value": ["4.2"], "hotel_price": ["184"]}, "5724534": {"hotel_name": "\u6d3e\u9152\u5e97(\u5357\u4eac\u80dc\u592a\u897f\u8def\u5730\u94c1\u7ad9\u5e97)", "order_time": ["2019-01-23 18:37:11"], "total_order": 1, "hotel_value": ["4.3"], "hotel_price": ["149"]}, "1419707": {"hotel_name": "\u5357\u4eac\u91d1\u9e4f\u9152\u5e97", "order_time": ["2019-01-23 18:37:11"], "total_order": 1, "hotel_value": ["4.0"], "hotel_price": ["139"]}, "434407": {"hotel_name": "\u5357\u4eac\u91d1\u9675\u6c5f\u6ee8\u9152\u5e97", "order_time": ["2019-01-23 18:37:17"], "total_order": 1, "hotel_value": ["4.7"], "hotel_price": ["568"]}, "6929379": {"hotel_name": "\u5357\u4eac\u5c0f\u5e84\u82b1\u56ed\u9752\u5e74\u65c5\u820d\u65b0\u8857\u53e3\u5730\u94c1\u7ad9\u5e97", "order_time": ["2019-01-23 18:51:25", "2019-01-23 19:07:23", "2019-01-23 18:45:18", "2019-01-23 18:39:07"], "total_order": 4, "hotel_value": ["4.7", "4.7", "4.7", "4.7"], "hotel_price": ["39", "39", "39", "39"]}, "1334463": {"hotel_name": "\u5357\u4eac\u6c6a\u6d77\u56fd\u9645\u5927\u9152\u5e97", "order_time": ["2019-01-23 18:39:07"], "total_order": 1, "hotel_value": ["4.5"], "hotel_price": ["350"]}, "5311088": {"hotel_name": "\u5357\u4eac\u99a8\u8309\u8389\u82b1\u56ed\u9152\u5e97", "order_time": ["2019-01-23 18:39:07"], "total_order": 1, "hotel_value": ["4.7"], "hotel_price": ["871"]}, "10607216": {"hotel_name": "\u6e05\u6c90\u7cbe\u9009\u9152\u5e97(\u5357\u4eac\u5357\u7ad9\u5e97)", "order_time": ["2019-01-23 18:39:07"], "total_order": 1, "hotel_value": ["4.6"], "hotel_price": ["239"]}, "13325407": {"hotel_name": "\u5357\u4eac\u73ba\u57ce\u00b7\u963f\u91cc\u9152\u5e97", "order_time": ["2019-01-23 18:45:19", "2019-01-23 18:39:08"], "total_order": 2, "hotel_value": ["4.6", "4.6"], "hotel_price": ["273", "299"]}, "18055590": {"hotel_name": "\u7f8e\u5e74\u534e\u56fd\u9645\u670d\u52a1\u5f0f\u516c\u5bd3(\u5357\u4eac\u96e8\u82b1\u5ba2\u5385\u5929\u9686\u5bfa\u5730\u94c1\u7ad9\u5e97)", "order_time": ["2019-01-23 18:39:09"], "total_order": 1, "hotel_value": ["4.7"], "hotel_price": ["183"]}, "10681352": {"hotel_name": "\u4e94\u68f5\u6811\u9152\u5e97(\u5357\u4eac\u559c\u9a6c\u62c9\u96c5\u4e2d\u5fc3\u5e97)", "order_time": ["2019-01-23 18:39:09"], "total_order": 1, "hotel_value": ["4.6"], "hotel_price": ["204"]}, "2300990": {"hotel_name": "7\u5929\u4f18\u54c1\u9152\u5e97(\u5357\u4eac\u592b\u5b50\u5e99\u4e09\u5c71\u8857\u5730\u94c1\u7ad9\u5e97)", "order_time": ["2019-01-23 18:39:09"], "total_order": 1, "hotel_value": ["4.4"], "hotel_price": ["168"]}, "5642959": {"hotel_name": "\u5357\u4eac\u80af\u5b9a\u6c34\u6676\u9152\u5e97", "order_time": ["2019-01-23 18:39:09"], "total_order": 1, "hotel_value": ["4.3"], "hotel_price": ["148"]}, "5376781": {"hotel_name": "\u5357\u4eac99\u65c5\u9986\u8fde\u9501\u9f99\u534e\u8def\u5e97", "order_time": ["2019-01-23 18:39:12", "2019-01-23 19:25:38"], "total_order": 2, "hotel_value": ["4.3", "4.3"], "hotel_price": ["104", "104"]}, "12402530": {"hotel_name": "\u5c1a\u5ba2\u4f18\u7cbe\u9009\u9152\u5e97(\u5357\u4eac\u4e00\u54c1\u9a8a\u57ce\u5e97)", "order_time": ["2019-01-23 18:39:12"], "total_order": 1, "hotel_value": ["4.6"], "hotel_price": ["156"]}, "1641228": {"hotel_name": "\u5357\u4eac\u7d2b\u7f18\u6c81\u5bbe\u9986", "order_time": ["2019-01-23 18:39:13"], "total_order": 1, "hotel_value": ["4.1"], "hotel_price": ["123"]}, "14620527": {"hotel_name": "\u5168\u5b63\u9152\u5e97(\u5357\u4eac\u5357\u7ad9\u5e97)", "order_time": ["2019-01-23 18:39:24"], "total_order": 1, "hotel_value": ["4.6"], "hotel_price": ["379"]}, "23965471": {"hotel_name": "\u9526\u6c5f\u90fd\u57ce\u9152\u5e97(\u5357\u4eac\u592b\u5b50\u5e99\u4e2d\u5fc3\u5e97)", "order_time": ["2019-01-23 18:41:10", "2019-01-23 18:47:22"], "total_order": 2, "hotel_value": ["4.8", "4.8"], "hotel_price": ["345", "345"]}, "2295087": {"hotel_name": "7\u5929\u8fde\u9501\u9152\u5e97(\u5357\u4eac\u592b\u5b50\u5e99\u5730\u94c1\u7ad9\u666f\u533a\u5e97)(\u539f\u592b\u5b50\u5e99\u4e2d\u5fc3\u5e97)", "order_time": ["2019-01-23 18:41:10"], "total_order": 1, "hotel_value": ["4.2"], "hotel_price": ["168"]}, "1283038": {"hotel_name": "\u5357\u4eac\u91d1\u9675\u65b0\u57ce\u996d\u5e97", "order_time": ["2019-01-23 18:41:13"], "total_order": 1, "hotel_value": ["4.7"], "hotel_price": ["384"]}, "1860100": {"hotel_name": "\u5357\u4eac\u4e1c\u5357\u5927\u5b66\u6587\u56ed\u5bbe\u9986(\u56db\u724c\u697c\u6821\u533a)", "order_time": ["2019-01-23 18:41:13"], "total_order": 1, "hotel_value": ["4.1"], "hotel_price": ["196"]}, "1995476": {"hotel_name": "\u5357\u4eac\u4e4c\u6258\u90a6\u9152\u5e97", "order_time": ["2019-01-23 18:41:14", "2019-01-23 18:47:21"], "total_order": 2, "hotel_value": ["4.1", "4.1"], "hotel_price": ["135", "135"]}, "1211088": {"hotel_name": "\u83ab\u6cf0168(\u5357\u4eac\u65b0\u8857\u53e3\u5546\u4e1a\u4e2d\u5fc3\u660e\u74e6\u5eca\u5e97)", "order_time": ["2019-01-23 18:41:14"], "total_order": 1, "hotel_value": ["4.5"], "hotel_price": ["205"]}, "909866": {"hotel_name": "\u5357\u4eac\u72b6\u5143\u9a7f\u7ad9", "order_time": ["2019-01-23 18:41:14"], "total_order": 1, "hotel_value": ["4.3"], "hotel_price": ["349"]}, "1943895": {"hotel_name": "\u5e03\u4e01\u9152\u5e97(\u5357\u4eac\u9f13\u697c\u7384\u6b66\u6e56\u7384\u6b66\u95e8\u5730\u94c1\u7ad9\u5e97)", "order_time": ["2019-01-23 18:41:14"], "total_order": 1, "hotel_value": ["4.0"], "hotel_price": ["141"]}, "11122849": {"hotel_name": "\u5e03\u4e01\u9152\u5e97(\u5357\u4eac\u5357\u7ad9\u5317\u5e7f\u573a\u7eff\u5730\u4e4b\u7a97\u5e97)", "order_time": ["2019-01-23 18:41:15"], "total_order": 1, "hotel_value": ["4.3"], "hotel_price": ["217"]}, "1633044": {"hotel_name": "\u5357\u4eac\u6e56\u6ee8\u91d1\u9675\u996d\u5e97", "order_time": ["2019-01-23 18:41:33"], "total_order": 1, "hotel_value": ["4.6"], "hotel_price": ["460"]}, "7938703": {"hotel_name": "\u6e05\u6c90\u7cbe\u9009\u4e91\u9152\u5e97(\u5357\u4eac\u6797\u4e1a\u5927\u5b66\u848b\u738b\u5e99\u5e97)", "order_time": ["2019-01-23 18:41:33"], "total_order": 1, "hotel_value": ["4.6"], "hotel_price": ["90"]}, "9667323": {"hotel_name": "\u5357\u4eac\u91ce\u8513\u7cbe\u9009\u9152\u5e97(\u539f\u9752\u68a7\u9152\u5e97\u516c\u5bd3)", "order_time": ["2019-01-23 18:41:34"], "total_order": 1, "hotel_value": ["4.8"], "hotel_price": ["266"]}, "8076132": {"hotel_name": "\u5357\u4eac\u827e\u4f73\u9152\u5e97", "order_time": ["2019-01-23 18:43:12"], "total_order": 1, "hotel_value": ["4.7"], "hotel_price": ["338"]}, "1085668": {"hotel_name": "\u5e03\u4e01\u9152\u5e97(\u5357\u4eac\u5927\u6865\u5357\u8def\u5bb6\u4e50\u798f\u5e97)", "order_time": ["2019-01-23 18:43:12"], "total_order": 1, "hotel_value": ["3.9"], "hotel_price": ["88"]}, "1426613": {"hotel_name": "\u5357\u4eac\u571f\u4e01\u4e07\u91cc\u8def\u56fd\u9645\u9752\u5e74\u9152\u5e97", "order_time": ["2019-01-23 18:43:14"], "total_order": 1, "hotel_value": ["4.5"], "hotel_price": ["108"]}, "470827": {"hotel_name": "\u9526\u6c5f\u5357\u4eac\u996d\u5e97", "order_time": ["2019-01-23 18:43:14"], "total_order": 1, "hotel_value": ["4.8"], "hotel_price": ["326"]}, "6762482": {"hotel_name": "\u7ea2\u67ab\u7cbe\u54c1\u9152\u5e97(\u5357\u4eac\u7ad9\u8fc8\u768b\u6865\u5730\u94c1\u7ad9\u5e97)", "order_time": ["2019-01-23 18:43:19"], "total_order": 1, "hotel_value": ["4.6"], "hotel_price": ["131"]}, "2606094": {"hotel_name": "\u5e03\u4e01\u9152\u5e97(\u5357\u4eac\u4e2d\u5c71\u9675\u9a6c\u7fa4\u5730\u94c1\u7ad9\u5e97)", "order_time": ["2019-01-23 18:43:20"], "total_order": 1, "hotel_value": ["3.9"], "hotel_price": ["154"]}, "5982348": {"hotel_name": "\u5357\u4eac\u767e\u5408\u4e3b\u9898\u5bbe\u9986", "order_time": ["2019-01-23 18:43:22"], "total_order": 1, "hotel_value": ["4.2"], "hotel_price": ["93"]}, "1635679": {"hotel_name": "\u5357\u4eac\u5b89\u69bb\u5546\u52a1\u9152\u5e97", "order_time": ["2019-01-23 18:45:16"], "total_order": 1, "hotel_value": ["4.0"], "hotel_price": ["143"]}, "2083139": {"hotel_name": "\u5168\u5b63\u9152\u5e97(\u5357\u4eac\u65b0\u8857\u53e3\u4e2d\u5fc3\u5e97)", "order_time": ["2019-01-23 18:45:17"], "total_order": 1, "hotel_value": ["4.7"], "hotel_price": ["427"]}, "1520050": {"hotel_name": "\u5bd2\u820d\u7cbe\u54c1\u9152\u5e97(\u5357\u4eac\u592b\u5b50\u5e99\u5e97)(\u539f\u957f\u4e50\u8def\u5e97)", "order_time": ["2019-01-23 18:45:18"], "total_order": 1, "hotel_value": ["4.2"], "hotel_price": ["184"]}, "1415838": {"hotel_name": "\u901f8\u9152\u5e97(\u5357\u4eac\u706b\u8f66\u5357\u7ad9\u5e97)", "order_time": ["2019-01-23 18:55:43", "2019-01-23 18:45:19"], "total_order": 2, "hotel_value": ["4.2", "4.2"], "hotel_price": ["197", "197"]}, "1454411": {"hotel_name": "\u5982\u5bb6\u5feb\u6377\u9152\u5e97(\u5357\u4eac\u65b0\u8857\u53e3\u4e2d\u5fc3\u5e97)", "order_time": ["2019-01-23 18:45:19"], "total_order": 1, "hotel_value": ["4.6"], "hotel_price": ["202"]}, "4683063": {"hotel_name": "\u6c49\u5ead\u9152\u5e97(\u5357\u4eac\u65b0\u8857\u53e3\u7ba1\u5bb6\u6865\u5e97)", "order_time": ["2019-01-23 18:45:20"], "total_order": 1, "hotel_value": ["4.4"], "hotel_price": ["246"]}, "10608188": {"hotel_name": "\u5357\u4eac\u5357\u7ad9\u5e0c\u5c14\u987f\u6b22\u670b\u9152\u5e97", "order_time": ["2019-01-23 18:45:20"], "total_order": 1, "hotel_value": ["4.8"], "hotel_price": ["519"]}, "11932474": {"hotel_name": "\u5357\u4eac\u4e3d\u90fd\u9152\u5e97", "order_time": ["2019-01-23 18:45:20", "2019-01-23 19:23:30"], "total_order": 2, "hotel_value": ["4.6", "4.6"], "hotel_price": ["268", "268"]}, "971089": {"hotel_name": "\u5168\u5b63\u9152\u5e97(\u5357\u4eac\u65b0\u8857\u53e3\u5e97)", "order_time": ["2019-01-23 18:45:23"], "total_order": 1, "hotel_value": ["4.5"], "hotel_price": ["360"]}, "22954002": {"hotel_name": "\u5c1a\u5ba2\u4f18\u54c1\u9152\u5e97(\u5357\u4eac\u592b\u5b50\u5e99\u5927\u5149\u8def\u5e97)", "order_time": ["2019-01-23 18:45:26", "2019-01-23 18:59:46"], "total_order": 2, "hotel_value": ["4.6", "4.6"], "hotel_price": ["181", "181"]}, "1507948": {"hotel_name": "\u5357\u4eac\u91d1\u6df3\u5bbe\u9986", "order_time": ["2019-01-23 18:45:27"], "total_order": 1, "hotel_value": ["3.4"], "hotel_price": ["65"]}, "11403422": {"hotel_name": "\u5343\u4f73\u5ea6\u5bbe\u9986(\u71d5\u5b50\u77f6\u5e97)", "order_time": ["2019-01-23 18:45:31"], "total_order": 1, "hotel_value": ["5.0"], "hotel_price": ["141"]}, "11475381": {"hotel_name": "\u5357\u4eac\u6c34\u5cb8\u82b1\u56ed\u5bbe\u9986", "order_time": ["2019-01-23 18:45:31"], "total_order": 1, "hotel_value": ["4.8"], "hotel_price": ["113"]}, "369713": {"hotel_name": "\u5357\u4eac\u7eff\u5730\u6d32\u9645\u9152\u5e97", "order_time": ["2019-01-23 18:51:25", "2019-01-23 18:47:19", "2019-01-23 18:59:32"], "total_order": 3, "hotel_value": ["4.7", "4.7", "4.7"], "hotel_price": ["1199", "1199", "1199"]}, "2575107": {"hotel_name": "Q\u52a0\u00b7\u683c\u9675\u5170\u5c9b\u5546\u52a1\u5bbe\u9986(\u5357\u4eac\u5357\u7ad9\u767e\u5bb6\u6e56\u80dc\u592a\u8def\u5730\u94c1\u7ad9\u5e97)", "order_time": ["2019-01-23 18:47:19"], "total_order": 1, "hotel_value": ["4.6"], "hotel_price": ["129"]}, "1500412": {"hotel_name": "\u5357\u4eac\u77bb\u56ed\u56fd\u9645\u9752\u5e74\u65c5\u820d", "order_time": ["2019-01-23 18:47:22"], "total_order": 1, "hotel_value": ["4.2"], "hotel_price": ["46"]}, "1943642": {"hotel_name": "\u6e05\u6c90\u7cbe\u54c1\u9152\u5e97(\u5357\u4eac\u5927\u6865\u5317\u8def\u6cf0\u5c71\u65b0\u6751\u5730\u94c1\u7ad9)", "order_time": ["2019-01-23 18:47:22"], "total_order": 1, "hotel_value": ["3.9"], "hotel_price": ["103"]}, "1842197": {"hotel_name": "\u5c71\u6942\u6811\u5feb\u6377\u9152\u5e97(\u5357\u4eac\u603b\u7edf\u5e9c\u5e97)", "order_time": ["2019-01-23 18:47:24"], "total_order": 1, "hotel_value": ["4.3"], "hotel_price": ["183"]}, "8698266": {"hotel_name": "\u5982\u5bb6\u9152\u5e97(\u5357\u4eac\u4e0a\u6d77\u8def\u5730\u94c1\u7ad9\u671d\u5929\u5bab\u5e97)", "order_time": ["2019-01-23 18:47:25"], "total_order": 1, "hotel_value": ["4.7"], "hotel_price": ["219"]}, "1372261": {"hotel_name": "ID99\u8fde\u9501\u9152\u5e97(\u5357\u4eac\u73e0\u6c5f\u8def\u5c0f\u8425\u7ad9\u5e97)", "order_time": ["2019-01-23 18:47:28"], "total_order": 1, "hotel_value": ["3.5"], "hotel_price": ["100"]}, "19867337": {"hotel_name": "\u5357\u4eac\u6c47\u57ce\u5bbe\u9986", "order_time": ["2019-01-23 18:47:29"], "total_order": 1, "hotel_value": ["4.1"], "hotel_price": ["209"]}, "470082": {"hotel_name": "\u6c5f\u82cf\u7fe0\u5c4f\u5c71\u5bbe\u9986", "order_time": ["2019-01-23 18:47:31"], "total_order": 1, "hotel_value": ["4.7"], "hotel_price": ["1317"]}, "1938340": {"hotel_name": "\u9526\u6c5f\u4e4b\u661f(\u5357\u4eac\u65b0\u8857\u53e3\u5e97)", "order_time": ["2019-01-23 18:49:26"], "total_order": 1, "hotel_value": ["4.4"], "hotel_price": ["229"]}, "8353486": {"hotel_name": "\u6021\u83b1\u9152\u5e97(\u5357\u4eac\u9a6c\u7fa4\u5730\u94c1\u7ad9\u5e97)", "order_time": ["2019-01-23 18:49:30"], "total_order": 1, "hotel_value": ["3.9"], "hotel_price": ["246"]}, "1636165": {"hotel_name": "\u5357\u4eac\u5927\u5bcc\u8c6a\u5bbe\u9986", "order_time": ["2019-01-23 18:49:31"], "total_order": 1, "hotel_value": ["4.1"], "hotel_price": ["107"]}, "15944447": {"hotel_name": "\u5357\u4eacCA\u516c\u5bd3\u9152\u5e97", "order_time": ["2019-01-23 18:49:32"], "total_order": 1, "hotel_value": ["4.8"], "hotel_price": ["617"]}, "1943440": {"hotel_name": "\u5357\u4eac\u6d66\u4e1c\u58f9\u53f7\u9152\u5e97", "order_time": ["2019-01-23 18:49:34"], "total_order": 1, "hotel_value": ["4.2"], "hotel_price": ["183"]}, "8574594": {"hotel_name": "\u5609\u4e30\u5bbe\u9986(\u5357\u4eac\u4ed9\u6797\u9f99\u6f6d\u5e97)", "order_time": ["2019-01-23 18:49:34"], "total_order": 1, "hotel_value": ["4.4"], "hotel_price": ["282"]}, "5850489": {"hotel_name": "\u5357\u4eac\u5929\u7a7a\u4e4b\u57ce\u56fd\u9645\u9752\u5e74\u65c5\u820d", "order_time": ["2019-01-23 18:49:35"], "total_order": 1, "hotel_value": ["4.6"], "hotel_price": ["51"]}, "1623511": {"hotel_name": "\u683c\u6797\u8c6a\u6cf0\u8d1d\u58f3\u9152\u5e97(\u5357\u4eac\u6e56\u5357\u8def\u72ee\u5b50\u6865\u6b65\u884c\u8857\u5e97)(\u539f\u4e9a\u7279\u5170\u5546\u52a1\u9152\u5e97)", "order_time": ["2019-01-23 18:49:35"], "total_order": 1, "hotel_value": ["4.4"], "hotel_price": ["208"]}, "1452015": {"hotel_name": "\u5982\u5bb6\u5feb\u6377\u9152\u5e97(\u5357\u4eac\u6708\u7259\u6e56\u94f6\u57ce\u4e1c\u82d1\u5e97)", "order_time": ["2019-01-23 18:49:37"], "total_order": 1, "hotel_value": ["4.6"], "hotel_price": ["237"]}, "1646444": {"hotel_name": "\u683c\u6797\u8c6a\u6cf0(\u5357\u4eac\u5357\u7ad9\u5317\u5e7f\u573a\u5e97)", "order_time": ["2019-01-23 18:51:25", "2019-01-23 19:15:29", "2019-01-23 19:19:29"], "total_order": 3, "hotel_value": ["4.2", "4.2", "4.2"], "hotel_price": ["178", "178", "178"]}, "794733": {"hotel_name": "\u661f\u7a0b\u9152\u5e97(\u5357\u4eac\u592b\u5b50\u5e99\u6c34\u897f\u95e8\u5927\u8857\u5e97)(\u539f\u6021\u83b1\u7cbe\u54c1\u9152\u5e97\u83ab\u6101\u6e56\u5e97)", "order_time": ["2019-01-23 18:51:27"], "total_order": 1, "hotel_value": ["4.4"], "hotel_price": ["227"]}, "4425501": {"hotel_name": "\u7ef4\u4e5f\u7eb3\u56fd\u9645\u9152\u5e97(\u5357\u4eac\u5357\u7ad9\u4e2d\u5fc3\u5e97)", "order_time": ["2019-01-23 18:51:29", "2019-01-23 19:13:28", "2019-01-23 19:05:30"], "total_order": 3, "hotel_value": ["4.8", "4.8", "4.8"], "hotel_price": ["279", "279", "279"]}, "1927478": {"hotel_name": "\u6c49\u5ead\u9152\u5e97(\u5357\u4eac\u592a\u5e73\u5317\u8def\u6d6e\u6865\u5730\u94c1\u7ad9\u5e97)(\u539f1912\u5e97)", "order_time": ["2019-01-23 18:51:38"], "total_order": 1, "hotel_value": ["4.1"], "hotel_price": ["370"]}, "4646635": {"hotel_name": "\u5b9c\u5fc5\u601d\u5c1a\u54c1\u5357\u4eac\u5f20\u5e9c\u56ed\u5730\u94c1\u7ad9\u9152\u5e97", "order_time": ["2019-01-23 18:51:46"], "total_order": 1, "hotel_value": ["4.5"], "hotel_price": ["265"]}, "1647807": {"hotel_name": "\u6ea7\u6c34\u534e\u5ead\u5bbe\u9986", "order_time": ["2019-01-23 19:17:34", "2019-01-23 18:51:47"], "total_order": 2, "hotel_value": ["4.6", "4.6"], "hotel_price": ["103", "103"]}, "811674": {"hotel_name": "\u6e05\u6c90\u8fde\u9501\u9152\u5e97(\u5357\u4eac\u4e94\u53f0\u5c71\u5e7f\u5dde\u8def\u968f\u56ed\u5927\u53a6\u5e97)", "order_time": ["2019-01-23 18:53:29"], "total_order": 1, "hotel_value": ["4.3"], "hotel_price": ["328"]}, "1632975": {"hotel_name": "\u5357\u4eac\u9ad8\u6df3\u6b66\u5bb6\u5634\u56fd\u9645\u5927\u9152\u5e97", "order_time": ["2019-01-23 19:03:26", "2019-01-23 18:53:29"], "total_order": 2, "hotel_value": ["4.2", "4.2"], "hotel_price": ["448", "448"]}, "21794209": {"hotel_name": "\u5357\u4eac\u7f8e\u5bbf\u7cbe\u9009\u9152\u5e97", "order_time": ["2019-01-23 18:53:32"], "total_order": 1, "hotel_value": ["4.7"], "hotel_price": ["194"]}, "2291666": {"hotel_name": "7\u5929\u4f18\u54c1\u9152\u5e97(\u5357\u4eac\u592b\u5b50\u5e99\u5e97)", "order_time": ["2019-01-23 18:53:36"], "total_order": 1, "hotel_value": ["4.5"], "hotel_price": ["221"]}, "1829117": {"hotel_name": "\u552f\u55f3\u4e3b\u9898\u5bbe\u9986(\u5357\u4eac1912\u5e97)", "order_time": ["2019-01-23 18:53:42"], "total_order": 1, "hotel_value": ["3.5"], "hotel_price": ["138"]}, "2229572": {"hotel_name": "\u5357\u4eac\u65e5\u6708\u5feb\u6377\u9152\u5e97", "order_time": ["2019-01-23 18:53:54"], "total_order": 1, "hotel_value": ["3.8"], "hotel_price": ["93"]}, "432006": {"hotel_name": "\u6708\u8272\u98ce\u5c1a\u00b7\u5f71\u9662\u9152\u5e97(\u5357\u4eac\u65b0\u8857\u53e3\u73e0\u6c5f\u8def\u5730\u94c1\u5e97)", "order_time": ["2019-01-23 18:55:28"], "total_order": 1, "hotel_value": ["4.4"], "hotel_price": ["223"]}, "1946078": {"hotel_name": "\u5357\u4eac\u53e4\u5357\u90fd\u4e94D\u6795\u9152\u5e97", "order_time": ["2019-01-23 18:55:30"], "total_order": 1, "hotel_value": ["4.7"], "hotel_price": ["219"]}, "18006446": {"hotel_name": "\u798f\u68ee\u9152\u5e97\u516c\u5bd3(\u5357\u4eac\u5965\u4f53\u5e97)", "order_time": ["2019-01-23 18:55:30"], "total_order": 1, "hotel_value": ["4.8"], "hotel_price": ["191"]}, "1938469": {"hotel_name": "\u9526\u6c5f\u4e4b\u661f\u54c1\u5c1a(\u5357\u4eac\u706b\u8f66\u5357\u7ad9\u5317\u5e7f\u573a\u5e97)", "order_time": ["2019-01-23 18:55:31"], "total_order": 1, "hotel_value": ["4.5"], "hotel_price": ["279"]}, "18046254": {"hotel_name": "\u827e\u7c73\u7cbe\u54c1\u516c\u5bd3(\u5357\u4eac\u5965\u4f53\u4e2d\u80dc\u5e97)", "order_time": ["2019-01-23 18:55:36"], "total_order": 1, "hotel_value": ["4.7"], "hotel_price": ["213"]}, "4509205": {"hotel_name": "\u5357\u4eac\u5948\u65af\u4e3b\u9898\u9152\u5e97", "order_time": ["2019-01-23 18:55:36"], "total_order": 1, "hotel_value": ["4.3"], "hotel_price": ["133"]}, "2600403": {"hotel_name": "\u5357\u4eac\u6c64\u5609\u5fa1\u54c1\u6e29\u6cc9\u9152\u5e97(\u539f\u6d66\u6cc9\u7389\u6210\u5fa1\u54c1\u6e29\u6cc9\u9152\u5e97)", "order_time": ["2019-01-23 18:55:40"], "total_order": 1, "hotel_value": ["4.3"], "hotel_price": ["213"]}, "11246829": {"hotel_name": "\u683c\u6797\u8c6a\u6cf0\u9152\u5e97\u5357\u4eac\u4e1c\u9e92\u8def\u6c7d\u8f664s\u56ed\u5e97", "order_time": ["2019-01-23 18:55:40", "2019-01-23 19:03:37"], "total_order": 2, "hotel_value": ["4.6", "4.6"], "hotel_price": ["199", "199"]}, "3892077": {"hotel_name": "\u6e05\u6c90\u8ff7\u5de2\u9152\u5e97(\u5357\u4eac\u6e56\u5357\u8def\u5929\u661f\u7fe0\u7405\u5927\u53a6\u5e97)", "order_time": ["2019-01-23 18:55:45"], "total_order": 1, "hotel_value": ["4.2"], "hotel_price": ["155"]}, "1641777": {"hotel_name": "\u5357\u4eac\u6da6\u9633\u5546\u52a1\u5bbe\u9986", "order_time": ["2019-01-23 18:55:45"], "total_order": 1, "hotel_value": ["4.0"], "hotel_price": ["183"]}, "6047639": {"hotel_name": "\u5357\u4eac\u5e78\u798f\u5c0f\u61a9\u5ba2\u6808", "order_time": ["2019-01-23 18:55:51"], "total_order": 1, "hotel_value": ["4.1"], "hotel_price": ["124"]}, "6146079": {"hotel_name": "\u5357\u4eac\u516b\u6708\u4e3b\u9898\u5bbe\u9986", "order_time": ["2019-01-23 18:55:54"], "total_order": 1, "hotel_value": ["4.4"], "hotel_price": ["93"]}, "28144052": {"hotel_name": "\u5357\u4eac\u5e38\u9752\u6811\u9752\u5e74\u65c5\u820d", "order_time": ["2019-01-23 18:55:56"], "total_order": 1, "hotel_value": ["5.0"], "hotel_price": ["35"]}, "5218050": {"hotel_name": "\u91d1\u5965\u8bfa\u9601\u96c5\u9152\u5e97(\u5357\u4eac\u5965\u4f53\u4e2d\u5fc3\u5e97)", "order_time": ["2019-01-23 18:56:11"], "total_order": 1, "hotel_value": ["4.9"], "hotel_price": ["492"]}, "8330648": {"hotel_name": "\u548c\u749e\u8bbe\u8ba1\u5e08\u516c\u5bd3(\u5357\u4eac\u5357\u7ad9\u5e97)", "order_time": ["2019-01-23 18:57:24"], "total_order": 1, "hotel_value": ["4.6"], "hotel_price": ["252"]}, "5372975": {"hotel_name": "\u5357\u4eac\u4e50\u4e1a\u7cbe\u9009\u9152\u5e97", "order_time": ["2019-01-23 18:57:25"], "total_order": 1, "hotel_value": ["4.3"], "hotel_price": ["173"]}, "1944235": {"hotel_name": "\u5357\u4eac\u8679\u6865\u996d\u5e97", "order_time": ["2019-01-23 18:57:28"], "total_order": 1, "hotel_value": ["4.4"], "hotel_price": ["228"]}, "1448720": {"hotel_name": "\u5982\u5bb6\u5546\u65c5\u9152\u5e97(\u5357\u4eac\u7384\u6b66\u6e56\u65b0\u6a21\u8303\u9a6c\u8def\u5730\u94c1\u7ad9\u5e97)", "order_time": ["2019-01-23 18:57:30"], "total_order": 1, "hotel_value": ["4.8"], "hotel_price": ["280"]}, "8041038": {"hotel_name": "\u7ef4\u4e5f\u7eb3\u667a\u597d\u9152\u5e97(\u5357\u4eac\u6c5f\u5b81\u4e07\u8fbe\u5e7f\u573a\u5e97)", "order_time": ["2019-01-23 18:57:30"], "total_order": 1, "hotel_value": ["4.4"], "hotel_price": ["195"]}, "1945287": {"hotel_name": "\u65b0\u7eaa\u5143\u5927\u9152\u5e97(\u5357\u4eac\u6ea7\u6c34\u5e97)", "order_time": ["2019-01-23 18:57:30"], "total_order": 1, "hotel_value": ["4.7"], "hotel_price": ["353"]}, "1828096": {"hotel_name": "\u9a8f\u6021\u8fde\u9501\u9152\u5e97(\u5357\u4eac\u90ae\u7535\u5927\u5b66\u4e09\u724c\u697c\u5e97)", "order_time": ["2019-01-23 18:57:33"], "total_order": 1, "hotel_value": ["4.5"], "hotel_price": ["103"]}, "1066966": {"hotel_name": "\u5357\u4eac\u540d\u8f69\u5bbe\u9986", "order_time": ["2019-01-23 18:57:34"], "total_order": 1, "hotel_value": ["4.6"], "hotel_price": ["143"]}, "5033313": {"hotel_name": "\u5357\u4eac\u897f\u683c\u739b\u827a\u672f\u9152\u5e97", "order_time": ["2019-01-23 18:57:40"], "total_order": 1, "hotel_value": ["3.4"], "hotel_price": ["158"]}, "436562": {"hotel_name": "\u5357\u4eac\u5927\u5409\u6e29\u6cc9\u5ea6\u5047\u6751", "order_time": ["2019-01-23 18:57:40"], "total_order": 1, "hotel_value": ["4.2"], "hotel_price": ["359"]}, "1535634": {"hotel_name": "\u6c49\u5ead\u9152\u5e97(\u5357\u4eac\u9ec4\u57d4\u8def\u5e97)", "order_time": ["2019-01-23 18:58:09"], "total_order": 1, "hotel_value": ["4.6"], "hotel_price": ["324"]}, "17527314": {"hotel_name": "\u6e05\u6c90\u7cbe\u54c1\u9152\u5e97(\u5357\u4eac\u5357\u7ad9\u5317\u5e7f\u573a\u5e97)", "order_time": ["2019-01-23 18:59:29"], "total_order": 1, "hotel_value": ["4.6"], "hotel_price": ["248"]}, "435107": {"hotel_name": "\u5357\u4eac\u4e1c\u65b9\u73cd\u73e0\u996d\u5e97", "order_time": ["2019-01-23 18:59:29"], "total_order": 1, "hotel_value": ["4.8"], "hotel_price": ["298"]}, "7528409": {"hotel_name": "\u5c1a\u5ba2\u4f18\u7cbe\u9009\u9152\u5e97(\u5357\u4eac\u5357\u7ad9\u53cc\u9f99\u5927\u9053\u5730\u94c1\u7ad9\u5e97)", "order_time": ["2019-01-23 18:59:30"], "total_order": 1, "hotel_value": ["4.5"], "hotel_price": ["154"]}, "5967130": {"hotel_name": "\u5357\u4eac\u7426\u5c1a\u5bbe\u9986", "order_time": ["2019-01-23 19:05:24", "2019-01-23 18:59:30"], "total_order": 2, "hotel_value": ["4.8", "4.8"], "hotel_price": ["117", "117"]}, "1209418": {"hotel_name": "\u83ab\u6cf0168(\u5357\u4eac\u592b\u5b50\u5e99\u4e09\u5c71\u8857\u5730\u94c1\u7ad9\u5e97)", "order_time": ["2019-01-23 18:59:34"], "total_order": 1, "hotel_value": ["4.6"], "hotel_price": ["208"]}, "19030535": {"hotel_name": "\u5357\u4eac\u5f71\u90fd\u5546\u52a1\u5bbe\u9986", "order_time": ["2019-01-23 18:59:40"], "total_order": 1, "hotel_value": ["4.4"], "hotel_price": ["84"]}, "2469530": {"hotel_name": "\u5357\u4eac\u91d1\u9675\u5bbe\u9986", "order_time": ["2019-01-23 19:00:10"], "total_order": 1, "hotel_value": [0], "hotel_price": ["188"]}, "10896011": {"hotel_name": "\u5357\u4eac\u5357\u7ad9\u6c34\u6708\u6e7e\u9152\u5e97", "order_time": ["2019-01-23 19:01:26"], "total_order": 1, "hotel_value": ["4.8"], "hotel_price": ["306"]}, "795217": {"hotel_name": "\u5982\u5bb6\u7cbe\u9009\u9152\u5e97(\u5357\u4eac\u65b0\u8857\u53e3\u5e97)", "order_time": ["2019-01-23 19:01:27"], "total_order": 1, "hotel_value": ["4.7"], "hotel_price": ["340"]}, "481015": {"hotel_name": "\u73cd\u5b9d\u5047\u65e5\u996d\u5e97(\u5357\u4eac\u51e4\u53f0\u5357\u8def\u5e97)", "order_time": ["2019-01-23 19:01:27"], "total_order": 1, "hotel_value": ["4.6"], "hotel_price": ["292"]}, "1457183": {"hotel_name": "\u5982\u5bb6\u5feb\u6377\u9152\u5e97(\u5357\u4eac\u6865\u5317\u5f18\u9633\u5e7f\u573a\u67f3\u6d32\u4e1c\u8def\u5730\u94c1\u7ad9\u5e97)", "order_time": ["2019-01-23 19:01:27"], "total_order": 1, "hotel_value": ["4.6"], "hotel_price": ["129"]}, "513735": {"hotel_name": "\u9526\u6c5f\u4e4b\u661f(\u5357\u4eac\u73e0\u6c5f\u8def\u5c0f\u8425\u5317\u8def\u5e97)", "order_time": ["2019-01-23 19:01:27"], "total_order": 1, "hotel_value": ["4.3"], "hotel_price": ["179"]}, "4957374": {"hotel_name": "Zsmart\u667a\u5c1a\u9152\u5e97(\u5357\u4eac\u592b\u5b50\u5e99\u5927\u5149\u8def\u5e97)", "order_time": ["2019-01-23 19:01:27"], "total_order": 1, "hotel_value": ["4.5"], "hotel_price": ["174"]}, "1585888": {"hotel_name": "\u9526\u6c5f\u4e4b\u661f(\u5357\u4eac\u5965\u4f53\u9ec4\u5c71\u8def\u5e97)", "order_time": ["2019-01-23 19:01:27"], "total_order": 1, "hotel_value": ["4.3"], "hotel_price": ["156"]}, "604656": {"hotel_name": "\u5357\u4eac\u91d1\u9675\u4e4b\u661f\u5927\u9152\u5e97", "order_time": ["2019-01-23 19:01:32"], "total_order": 1, "hotel_value": ["4.5"], "hotel_price": ["400"]}, "1531524": {"hotel_name": "\u5357\u4eac\u6768\u6d0b\u5bbe\u9986", "order_time": ["2019-01-23 19:01:32"], "total_order": 1, "hotel_value": ["3.2"], "hotel_price": ["100"]}, "5253431": {"hotel_name": "7\u5929\u8fde\u9501\u9152\u5e97(\u5357\u4eac\u9ad8\u6df3\u6c7d\u8f66\u7ad9\u5e97)", "order_time": ["2019-01-23 19:01:33"], "total_order": 1, "hotel_value": ["4.7"], "hotel_price": ["119"]}, "969206": {"hotel_name": "\u6c49\u5ead\u9152\u5e97(\u5357\u4eac\u5c71\u897f\u8def\u5e97)", "order_time": ["2019-01-23 19:01:33"], "total_order": 1, "hotel_value": ["4.0"], "hotel_price": ["208"]}, "22419747": {"hotel_name": "\u7ef4\u4e5f\u7eb3\u9152\u5e97(\u5357\u4eac\u542f\u8fea\u5927\u8857\u5e97)", "order_time": ["2019-01-23 19:01:33"], "total_order": 1, "hotel_value": ["4.7"], "hotel_price": ["292"]}, "794759": {"hotel_name": "\u5357\u4eac\u5929\u6e56\u5bbe\u9986", "order_time": ["2019-01-23 19:01:35"], "total_order": 1, "hotel_value": ["4.6"], "hotel_price": ["153"]}, "4122292": {"hotel_name": "\u5c1a\u5ba2\u4f18\u8fde\u9501\u9152\u5e97(\u5357\u4eac\u6cb3\u6d77\u5927\u5b66\u5730\u94c1\u7ad9\u5e97)", "order_time": ["2019-01-23 19:01:36"], "total_order": 1, "hotel_value": ["4.2"], "hotel_price": ["151"]}, "1633484": {"hotel_name": "\u5357\u4eac\u60a6\u6e56\u5927\u9152\u5e97", "order_time": ["2019-01-23 19:01:37"], "total_order": 1, "hotel_value": ["4.4"], "hotel_price": ["193"]}, "23706797": {"hotel_name": "\u5357\u4eac\u74e6\u4f26\u4e01\u9152\u5e97", "order_time": ["2019-01-23 19:01:40"], "total_order": 1, "hotel_value": ["4.9"], "hotel_price": ["227"]}, "434624": {"hotel_name": "\u5357\u4eac\u6c49\u5e9c\u996d\u5e97", "order_time": ["2019-01-23 19:03:27"], "total_order": 1, "hotel_value": ["4.7"], "hotel_price": ["488"]}, "396597": {"hotel_name": "\u91d1\u9e70\u56fd\u4ed5\u8fbe\u9152\u5e97(\u5357\u4eac\u65b0\u8857\u53e3\u5730\u94c1\u7ad9\u5e97)", "order_time": ["2019-01-23 19:03:32"], "total_order": 1, "hotel_value": ["4.8"], "hotel_price": ["313"]}, "1944219": {"hotel_name": "\u683c\u6797\u8c6a\u6cf0(\u5357\u4eac\u706b\u8f66\u7ad9\u5e97)", "order_time": ["2019-01-23 19:03:34"], "total_order": 1, "hotel_value": ["4.1"], "hotel_price": ["106"]}, "6075600": {"hotel_name": "\u5357\u4eac\u4e9a\u4e1c\u4ff1\u4e50\u90e8", "order_time": ["2019-01-23 19:03:35"], "total_order": 1, "hotel_value": ["4.5"], "hotel_price": ["256"]}, "28232665": {"hotel_name": "\u5357\u4eac\u94c2\u9526\u9152\u5e97\u516c\u5bd3", "order_time": ["2019-01-23 19:03:36"], "total_order": 1, "hotel_value": ["4.9"], "hotel_price": ["279"]}, "23224537": {"hotel_name": "\u5357\u4eac\u661f\u604b\u6e7e\u5047\u65e5\u9152\u5e97", "order_time": ["2019-01-23 19:03:41"], "total_order": 1, "hotel_value": ["4.6"], "hotel_price": ["93"]}, "5323559": {"hotel_name": "\u5357\u4eac\u82b1\u56ed\u6e56\u65f6\u5c1a\u827a\u672f\u9152\u5e97", "order_time": ["2019-01-23 19:03:41"], "total_order": 1, "hotel_value": ["4.4"], "hotel_price": ["103"]}, "8901014": {"hotel_name": "\u5982\u5bb6\u5feb\u6377\u9152\u5e97(\u5357\u4eac\u4e94\u5858\u5e7f\u573a\u5730\u94c1\u7ad9\u5e97)", "order_time": ["2019-01-23 19:03:43"], "total_order": 1, "hotel_value": ["4.6"], "hotel_price": ["208"]}, "856450": {"hotel_name": "\u5982\u5bb6\u5feb\u6377\u9152\u5e97(\u5357\u4eac\u65b0\u8857\u53e3\u5e38\u5e9c\u8857\u5730\u94c1\u7ad9\u5929\u7a7a\u4e4b\u90fd\u5e97)", "order_time": ["2019-01-23 19:03:44", "2019-01-23 19:23:37"], "total_order": 2, "hotel_value": ["4.4", "4.4"], "hotel_price": ["210", "218"]}, "5374787": {"hotel_name": "\u5357\u4eac\u6d77\u5ddd\u5bbe\u9986", "order_time": ["2019-01-23 19:03:44"], "total_order": 1, "hotel_value": ["3.0"], "hotel_price": ["60"]}, "7048939": {"hotel_name": "\u5357\u4eac\u8283\u7a0b\u4e4b\u65c5\u7279\u8272\u5ba2\u6808", "order_time": ["2019-01-23 19:03:53"], "total_order": 1, "hotel_value": ["4.4"], "hotel_price": ["63"]}, "4498594": {"hotel_name": "\u548c\u9890\u81f3\u683c\u9152\u5e97(\u5357\u4eac\u67f3\u5dde\u5317\u8def\u5f18\u9633\u5e7f\u573a\u5e97)(\u539f\u8c6a\u7235\u7cbe\u54c1\u9152\u5e97)", "order_time": ["2019-01-23 19:05:23"], "total_order": 1, "hotel_value": ["4.7"], "hotel_price": ["241"]}, "5095130": {"hotel_name": "\u901f8\u9152\u5e97(\u5357\u4eac\u83ab\u6101\u6e56\u6c34\u897f\u95e8\u5e97)", "order_time": ["2019-01-23 19:05:24"], "total_order": 1, "hotel_value": ["4.4"], "hotel_price": ["122"]}, "5242512": {"hotel_name": "\u5c1acheng\u4f18\u9009\u9152\u5e97(\u5357\u4eac\u7984\u53e3\u673a\u573a\u5e97)", "order_time": ["2019-01-23 19:05:30"], "total_order": 1, "hotel_value": ["3.9"], "hotel_price": ["168"]}, "10571966": {"hotel_name": "\u9510\u601d\u7279\u9152\u5e97(\u5357\u4eac\u5357\u7ad9\u8bda\u4fe1\u5927\u9053\u5730\u94c1\u7ad9\u5e97)", "order_time": ["2019-01-23 19:09:28", "2019-01-23 19:05:30"], "total_order": 2, "hotel_value": ["4.5", "4.5"], "hotel_price": ["173", "173"]}, "5073966": {"hotel_name": "\u5e03\u4e01\u9152\u5e97(\u5357\u4eac\u592b\u5b50\u5e99\u5730\u94c1\u7ad9\u5e97)", "order_time": ["2019-01-23 19:05:31"], "total_order": 1, "hotel_value": ["4.5"], "hotel_price": ["164"]}, "6816155": {"hotel_name": "\u6d77\u53cb\u9152\u5e97(\u5357\u4eac\u51e4\u51f0\u897f\u8857\u5e97)(\u539f\u5ba1\u8ba1\u5b66\u9662\u5e97)", "order_time": ["2019-01-23 19:05:33"], "total_order": 1, "hotel_value": ["4.2"], "hotel_price": ["180"]}, "17893221": {"hotel_name": "\u521d\u68a6\u9601\u516c\u5bd3\u5f0f\u9152\u5e97(\u5357\u4eac\u6c5f\u5b81\u5927\u5b66\u57ce\u5e97)", "order_time": ["2019-01-23 19:05:41"], "total_order": 1, "hotel_value": ["4.8"], "hotel_price": ["203"]}, "1003209": {"hotel_name": "\u6e29\u99a8\u6ee1\u5c4b\u9152\u5e97\u516c\u5bd3(\u5357\u4eac\u541b\u4e34\u56fd\u9645\u5e97)", "order_time": ["2019-01-23 19:05:45"], "total_order": 1, "hotel_value": ["4.1"], "hotel_price": ["230"]}, "25217369": {"hotel_name": "\u5357\u4eac\u4e91\u6210\u65c5\u9986", "order_time": ["2019-01-23 19:05:57"], "total_order": 1, "hotel_value": ["4.8"], "hotel_price": ["61"]}, "6074801": {"hotel_name": "\u5357\u4eac\u91d1\u5cf0\u6c47\u5927\u9152\u5e97", "order_time": ["2019-01-23 19:07:25"], "total_order": 1, "hotel_value": ["4.8"], "hotel_price": ["398"]}, "4056103": {"hotel_name": "\u4e07\u7231\u60c5\u4fa3\u4e3b\u9898\u9152\u5e97(\u5357\u4eac\u592b\u5b50\u5e99\u5e97)", "order_time": ["2019-01-23 19:07:26"], "total_order": 1, "hotel_value": ["4.6"], "hotel_price": ["353"]}, "2487487": {"hotel_name": "\u6c49\u5ead\u9152\u5e97(\u5357\u4eac\u592b\u5b50\u5e99\u5f20\u5e9c\u56ed\u5730\u94c1\u7ad9\u5e97)", "order_time": ["2019-01-23 19:07:26"], "total_order": 1, "hotel_value": ["4.4"], "hotel_price": ["256"]}, "457934": {"hotel_name": "\u7ef4\u4e5f\u7eb3\u667a\u597d\u9152\u5e97(\u5357\u4eac\u5e94\u5929\u5927\u8857\u5e97)(\u539f\u5965\u60a6\u6ee8\u6c5f\u5047\u65e5\u9152\u5e97)", "order_time": ["2019-01-23 19:07:26"], "total_order": 1, "hotel_value": ["4.2"], "hotel_price": ["289"]}, "2301847": {"hotel_name": "7\u5929\u8fde\u9501\u9152\u5e97(\u5357\u4eac\u706b\u8f66\u7ad9\u65b0\u6a21\u8303\u9a6c\u8def\u5730\u94c1\u7ad9\u5e97)", "order_time": ["2019-01-23 19:07:28"], "total_order": 1, "hotel_value": ["4.1"], "hotel_price": ["146"]}, "5495477": {"hotel_name": "\u8776\u604b\u82b1\u56ed\u9152\u5e97\uff08\u5357\u4eac\u8fc8\u768b\u6865\u5730\u94c1\u7ad9\u5e97\uff09", "order_time": ["2019-01-23 19:07:29"], "total_order": 1, "hotel_value": ["4.6"], "hotel_price": ["193"]}, "2308580": {"hotel_name": "7\u5929\u8fde\u9501\u9152\u5e97(\u5357\u4eac\u901a\u6d4e\u8857\u5546\u4e1a\u5e7f\u573a\u5e97)", "order_time": ["2019-01-23 19:07:31"], "total_order": 1, "hotel_value": ["4.3"], "hotel_price": ["126"]}, "909592": {"hotel_name": "\u5982\u5bb6\u5feb\u6377\u9152\u5e97(\u5357\u4eac\u6c5f\u5b81\u7af9\u5c71\u8def\u5730\u94c1\u7ad9\u5e97)", "order_time": ["2019-01-23 19:07:31"], "total_order": 1, "hotel_value": ["4.4"], "hotel_price": ["193"]}, "12844219": {"hotel_name": "\u5357\u4eac\u9890\u90fd\u7cbe\u9009\u9152\u5e97", "order_time": ["2019-01-23 19:07:33"], "total_order": 1, "hotel_value": ["4.3"], "hotel_price": ["163"]}, "13818911": {"hotel_name": "\u946b\u53ef\u5b89\u7cbe\u9009\u9152\u5e97\u516c\u5bd3(\u5357\u4eac\u6cb3\u897f\u4e07\u8fbe\u5e97)", "order_time": ["2019-01-23 19:07:35"], "total_order": 1, "hotel_value": ["4.7"], "hotel_price": ["218"]}, "12665128": {"hotel_name": "\u5982\u5bb6\u5546\u65c5(\u5357\u4eac\u592b\u5b50\u5e99\u4e09\u5c71\u8857\u5730\u94c1\u7ad9\u5e97)", "order_time": ["2019-01-23 19:07:36"], "total_order": 1, "hotel_value": ["4.6"], "hotel_price": ["295"]}, "2300722": {"hotel_name": "7\u5929\u8fde\u9501\u9152\u5e97(\u5357\u4eac\u73e0\u6c5f\u8def\u5730\u94c1\u7ad9\u5e97)", "order_time": ["2019-01-23 19:11:27", "2019-01-23 19:09:26"], "total_order": 2, "hotel_value": ["4.1", "4.1"], "hotel_price": ["189", "189"]}, "1880478": {"hotel_name": "9\u5c45\u5bbe\u9986(\u5357\u4eac\u5357\u7ad9\u5e97)", "order_time": ["2019-01-23 19:09:27"], "total_order": 1, "hotel_value": ["3.7"], "hotel_price": ["83"]}, "15899728": {"hotel_name": "\u5357\u4eac\u4f0a\u8428\u5361\u9152\u5e97\u516c\u5bd3", "order_time": ["2019-01-23 19:09:28"], "total_order": 1, "hotel_value": ["4.5"], "hotel_price": ["164"]}, "2582841": {"hotel_name": "\u6c49\u5ead\u9152\u5e97(\u5357\u4eac\u6797\u4e1a\u5927\u5b66\u65b0\u5e84\u5e97)", "order_time": ["2019-01-23 19:09:28"], "total_order": 1, "hotel_value": ["4.3"], "hotel_price": ["218"]}, "4390063": {"hotel_name": "\u5357\u4eac\u534e\u6cf0\u4e07\u4e3d\u9152\u5e97", "order_time": ["2019-01-23 19:09:28"], "total_order": 1, "hotel_value": ["4.7"], "hotel_price": ["1094"]}, "25904636": {"hotel_name": "\u5357\u4eac\u5f20\u5e9c\u96c5\u5c45\u82b1\u56ed\u9152\u5e97", "order_time": ["2019-01-23 19:09:31"], "total_order": 1, "hotel_value": ["4.9"], "hotel_price": ["183"]}, "1943868": {"hotel_name": "\u5357\u4eac\u5b9c\u4eba\u65f6\u5c1a\u5feb\u6377\u9152\u5e97", "order_time": ["2019-01-23 19:09:34"], "total_order": 1, "hotel_value": ["3.4"], "hotel_price": ["146"]}, "1697461": {"hotel_name": "\u5e03\u4e01\u9152\u5e97(\u5357\u4eac\u73e0\u6c5f\u8def\u5730\u94c1\u7ad9\u5e97)", "order_time": ["2019-01-23 19:09:34"], "total_order": 1, "hotel_value": ["3.6"], "hotel_price": ["149"]}, "2878668": {"hotel_name": "\u5357\u4eac\u7c73\u5962\u9152\u5e97", "order_time": ["2019-01-23 19:09:34"], "total_order": 1, "hotel_value": ["4.6"], "hotel_price": ["133"]}, "474287": {"hotel_name": "\u5357\u4eac\u6625\u5e38\u5728\u5047\u65e5\u9152\u5e97", "order_time": ["2019-01-23 19:09:34"], "total_order": 1, "hotel_value": ["3.9"], "hotel_price": ["184"]}, "1810306": {"hotel_name": "\u5357\u4eac\u80af\u5b9a\u4e4b\u661f\u5047\u65e5\u9152\u5e97", "order_time": ["2019-01-23 19:09:34"], "total_order": 1, "hotel_value": ["3.9"], "hotel_price": ["159"]}, "1013106": {"hotel_name": "\u5357\u4eac\u8212\u96c5\u5feb\u6377\u5bbe\u9986", "order_time": ["2019-01-23 19:09:34"], "total_order": 1, "hotel_value": ["4.0"], "hotel_price": ["82"]}, "1103572": {"hotel_name": "\u6c49\u5ead\u9152\u5e97(\u5357\u4eac\u516d\u5408\u96c4\u5dde\u5730\u94c1\u7ad9\u5e97)", "order_time": ["2019-01-23 19:09:34"], "total_order": 1, "hotel_value": ["4.5"], "hotel_price": ["180"]}, "6374078": {"hotel_name": "\u5357\u4eac\u65b0\u57ce\u5bbe\u9986(\u539f\u5927\u7ea2\u5bbe\u9986)", "order_time": ["2019-01-23 19:09:34"], "total_order": 1, "hotel_value": ["4.0"], "hotel_price": ["110"]}, "10822532": {"hotel_name": "\u5357\u4eac\u871c\u60a6\u58eb\u7cbe\u54c1\u4e3b\u9898\u9152\u5e97", "order_time": ["2019-01-23 19:09:34"], "total_order": 1, "hotel_value": ["4.4"], "hotel_price": ["134"]}, "8034331": {"hotel_name": "\u5357\u4eac\u540e\u68e0\u7cbe\u9009\u5546\u52a1\u9152\u5e97", "order_time": ["2019-01-23 19:09:34"], "total_order": 1, "hotel_value": ["4.4"], "hotel_price": ["248"]}, "8416013": {"hotel_name": "\u597d\u6765\u5c4b\u5bbe\u9986(\u5357\u4eac\u7984\u53e3\u56fd\u9645\u673a\u573a\u5e97)", "order_time": ["2019-01-23 19:09:34"], "total_order": 1, "hotel_value": ["4.8"], "hotel_price": ["123"]}, "1226130": {"hotel_name": "\u5357\u4eac\u6c90\u5ead\u9152\u5e97", "order_time": ["2019-01-23 19:09:34"], "total_order": 1, "hotel_value": ["3.6"], "hotel_price": ["129"]}, "1841371": {"hotel_name": "\u80af\u5b9a\u8fde\u9501\u9152\u5e97(\u5357\u4eac\u6c34\u897f\u95e8\u4e91\u9526\u8def\u5730\u94c1\u7ad9\u5e97)(\u539f\u5357\u4eac\u82cf\u5efa\u5546\u52a1\u9152\u5e97)", "order_time": ["2019-01-23 19:09:34"], "total_order": 1, "hotel_value": ["4.4"], "hotel_price": ["121"]}, "8717947": {"hotel_name": "\u5357\u4eac\u7d2b\u85e4\u82b1\u56ed\u9152\u5e97(\u5929\u5370\u5927\u9053\u5e97)", "order_time": ["2019-01-23 19:09:34"], "total_order": 1, "hotel_value": ["4.4"], "hotel_price": ["94"]}, "1984997": {"hotel_name": "\u5357\u4eac\u5e15\u838e\u7cbe\u54c1\u9152\u5e97", "order_time": ["2019-01-23 19:09:34"], "total_order": 1, "hotel_value": ["4.4"], "hotel_price": ["222"]}, "4727722": {"hotel_name": "\u548c\u6c5f\u5546\u52a1\u5bbe\u9986(\u5357\u4eac\u519b\u533a\u603b\u9662\u822a\u7a7a\u822a\u5929\u5927\u5b66\u5e97)", "order_time": ["2019-01-23 19:09:34"], "total_order": 1, "hotel_value": ["3.6"], "hotel_price": ["135"]}, "775600": {"hotel_name": "\u901f8\u9152\u5e97(\u5357\u4eac\u6c64\u5c71\u6e29\u6cc9\u5e97)", "order_time": ["2019-01-23 19:19:37", "2019-01-23 19:09:34"], "total_order": 2, "hotel_value": ["4.2", "4.2"], "hotel_price": ["139", "139"]}, "5175045": {"hotel_name": "\u5357\u4eac\u73af\u5b87\u56fd\u9645\u9152\u5e97\u516c\u5bd3", "order_time": ["2019-01-23 19:09:34"], "total_order": 1, "hotel_value": ["4.5"], "hotel_price": ["330"]}, "1210905": {"hotel_name": "\u5e03\u4e01\u9152\u5e97(\u5357\u4eac\u5927\u5b66\u4e91\u5357\u8def\u5e97)", "order_time": ["2019-01-23 19:09:34"], "total_order": 1, "hotel_value": ["4.0"], "hotel_price": ["149"]}, "5380104": {"hotel_name": "\u5357\u4eac\u4e07\u5ea6\u5feb\u6377\u9152\u5e97\u5357\u7ad9\u5e97", "order_time": ["2019-01-23 19:09:34"], "total_order": 1, "hotel_value": ["3.8"], "hotel_price": ["159"]}, "5217633": {"hotel_name": "\u90fd\u5e02118(\u5357\u4eac\u5149\u534e\u8def\u5e97)", "order_time": ["2019-01-23 19:19:37", "2019-01-23 19:09:34"], "total_order": 2, "hotel_value": ["4.0", "4.0"], "hotel_price": ["133", "154"]}, "1457976": {"hotel_name": "\u5c71\u6942\u6811\u9152\u5e97(\u5357\u4eac\u592b\u5b50\u5e99\u5e97)", "order_time": ["2019-01-23 19:09:34"], "total_order": 1, "hotel_value": ["4.1"], "hotel_price": ["103"]}, "1500204": {"hotel_name": "\u5357\u4eac\u5a9a\u9999\u5bbe\u9986", "order_time": ["2019-01-23 19:09:34"], "total_order": 1, "hotel_value": ["4.5"], "hotel_price": ["158"]}, "5315994": {"hotel_name": "\u5357\u4eac\u6bd4\u7855\u5047\u65e5\u9152\u5e97", "order_time": ["2019-01-23 19:09:34"], "total_order": 1, "hotel_value": ["3.5"], "hotel_price": ["143"]}, "1722095": {"hotel_name": "\u5929\u5929\u5e73\u4ef7\u516c\u5bd3(\u6b23\u8363\u82d1\u4e8c\u5e97)", "order_time": ["2019-01-23 19:09:56"], "total_order": 1, "hotel_value": ["3.7"], "hotel_price": ["38"]}, "1271085": {"hotel_name": "Q\u52a0\u00b7\u99a8\u5eb7\u5bbe\u9986(\u5357\u4eac\u7984\u53e3\u673a\u573a\u5e97)", "order_time": ["2019-01-23 19:11:25"], "total_order": 1, "hotel_value": ["4.8"], "hotel_price": ["135"]}, "859236": {"hotel_name": "\u6c49\u5ead\u9152\u5e97(\u5357\u4eac\u65b0\u8857\u53e3\u534e\u4fa8\u8def\u5e97)", "order_time": ["2019-01-23 19:11:26"], "total_order": 1, "hotel_value": ["4.3"], "hotel_price": ["246"]}, "811664": {"hotel_name": "\u6e05\u6c90\u8fde\u9501\u9152\u5e97(\u5357\u4eac\u4e39\u51e4\u8857\u6052\u57fa\u516c\u5bd3\u5e97)", "order_time": ["2019-01-23 19:11:31"], "total_order": 1, "hotel_value": ["4.1"], "hotel_price": ["169"]}, "1837037": {"hotel_name": "\u94f6\u674f\u82b1\u56ed\u9152\u5e97(\u5357\u4eac\u5357\u7ad9\u6c5f\u5b81\u4e07\u8fbe\u5e97)", "order_time": ["2019-01-23 19:11:44"], "total_order": 1, "hotel_value": ["4.6"], "hotel_price": ["112"]}, "435484": {"hotel_name": "\u5357\u4eac\u6cfd\u5929\u5927\u9152\u5e97", "order_time": ["2019-01-23 19:13:21"], "total_order": 1, "hotel_value": ["4.3"], "hotel_price": ["260"]}, "2302852": {"hotel_name": "7\u5929\u8fde\u9501\u9152\u5e97(\u5357\u4eac\u5357\u7ad9\u6c5f\u5b81\u6cb3\u5b9a\u6865\u5730\u94c1\u7ad9\u5e97)", "order_time": ["2019-01-23 19:17:28", "2019-01-23 19:13:22"], "total_order": 2, "hotel_value": ["3.9", "3.9"], "hotel_price": ["111", "111"]}, "14010974": {"hotel_name": "\u5357\u4eac\u79cb\u6c34\u5170\u4ead\u4e3b\u9898\u9152\u5e97", "order_time": ["2019-01-23 19:13:32"], "total_order": 1, "hotel_value": ["4.6"], "hotel_price": ["163"]}, "1449055": {"hotel_name": "\u5982\u5bb6\u5feb\u6377\u9152\u5e97(\u5357\u4eac\u5b89\u5fb7\u95e8\u5730\u94c1\u7ad9\u5e97)", "order_time": ["2019-01-23 19:13:36"], "total_order": 1, "hotel_value": ["4.6"], "hotel_price": ["210"]}, "9189002": {"hotel_name": "\u5357\u4eac\u83f2\u4e9a\u8fbe\u9152\u5e97", "order_time": ["2019-01-23 19:13:40"], "total_order": 1, "hotel_value": ["4.7"], "hotel_price": ["163"]}, "1432042": {"hotel_name": "\u5357\u4eac\u6587\u6c47\u5bbe\u9986", "order_time": ["2019-01-23 19:13:57"], "total_order": 1, "hotel_value": ["4.5"], "hotel_price": ["66"]}, "28094974": {"hotel_name": "\u5982\u5bb6\u5546\u65c5\u9152\u5e97(\u5357\u4eac\u706b\u8f66\u7ad9\u5317\u5e7f\u573a\u7384\u6b66\u6e56\u5e97)", "order_time": ["2019-01-23 19:15:20"], "total_order": 1, "hotel_value": ["4.6"], "hotel_price": ["255"]}, "2303881": {"hotel_name": "7\u5929\u8fde\u9501\u9152\u5e97(\u5357\u4eac\u79d1\u6280\u804c\u4e1a\u5b66\u9662\u5927\u5382\u5730\u94c1\u7ad9\u5e97)", "order_time": ["2019-01-23 19:15:25"], "total_order": 1, "hotel_value": ["4.3"], "hotel_price": ["106"]}, "5992970": {"hotel_name": "\u5357\u4eactime\u4e3b\u9898\u9152\u5e97", "order_time": ["2019-01-23 19:15:25"], "total_order": 1, "hotel_value": ["4.4"], "hotel_price": ["169"]}, "1848654": {"hotel_name": "\u5357\u4eac\u51ef\u6da65\u53f7\u9152\u5e97\u516c\u5bd3", "order_time": ["2019-01-23 19:15:40"], "total_order": 1, "hotel_value": ["4.3"], "hotel_price": ["250"]}, "1414254": {"hotel_name": "\u5357\u4eac\u7f8e\u6cb3\u5bbe\u9986", "order_time": ["2019-01-23 19:15:52"], "total_order": 1, "hotel_value": ["4.1"], "hotel_price": ["79"]}, "1451827": {"hotel_name": "\u5982\u5bb6\u5feb\u6377\u9152\u5e97(\u5357\u4eac\u592b\u5b50\u5e99\u5730\u94c1\u7ad9\u5e73\u6c5f\u5e9c\u8def\u5e97)", "order_time": ["2019-01-23 19:17:29"], "total_order": 1, "hotel_value": ["4.5"], "hotel_price": ["233"]}, "6506213": {"hotel_name": "\u5357\u4eac\u79c0\u6c34\u6e7e\u516c\u5bd3\u9152\u5e97", "order_time": ["2019-01-23 19:17:34"], "total_order": 1, "hotel_value": ["4.5"], "hotel_price": ["259"]}, "8435929": {"hotel_name": "\u5357\u4eac\u738b\u671d\u5feb\u6377\u9152\u5e97", "order_time": ["2019-01-23 19:17:43"], "total_order": 1, "hotel_value": ["4.6"], "hotel_price": ["106"]}, "1379388": {"hotel_name": "\u5357\u4eac\u7ea2\u6811\u6797\u5bbe\u9986", "order_time": ["2019-01-23 19:17:43"], "total_order": 1, "hotel_value": ["3.3"], "hotel_price": ["98"]}, "3666024": {"hotel_name": "\u6021\u83b1\u9152\u5e97(\u5357\u4eac\u6d66\u53e3\u5357\u4fe1\u5927\u5e97)", "order_time": ["2019-01-23 19:19:26"], "total_order": 1, "hotel_value": ["4.5"], "hotel_price": ["208"]}, "1286909": {"hotel_name": "\u6c49\u5ead\u4f18\u4f73\u9152\u5e97(\u5357\u4eac\u7384\u6b66\u95e8\u5e97)(\u539f\u6c49\u5ead\u9152\u5e97)", "order_time": ["2019-01-23 19:19:32"], "total_order": 1, "hotel_value": ["4.6"], "hotel_price": ["254"]}, "1457082": {"hotel_name": "\u5982\u5bb6\u7cbe\u9009\u9152\u5e97(\u5357\u4eac\u65b0\u8857\u53e3\u5fb7\u57fa\u5e7f\u573a\u5e97)(\u539f\u7ba1\u5bb6\u6865\u5e97)", "order_time": ["2019-01-23 19:19:33"], "total_order": 1, "hotel_value": ["4.6"], "hotel_price": ["321"]}, "1360104": {"hotel_name": "\u51ef\u514b\u9152\u5e97\u516c\u5bd3(\u5357\u4eac\u4e07\u8fbe\u5e7f\u573a\u5e97)", "order_time": ["2019-01-23 19:19:41"], "total_order": 1, "hotel_value": ["4.3"], "hotel_price": ["217"]}, "1878655": {"hotel_name": "\u5357\u4eac\u6c49\u57ce\u4e4b\u661f\u516c\u5bd3\u5f0f\u9152\u5e97", "order_time": ["2019-01-23 19:19:43"], "total_order": 1, "hotel_value": ["4.4"], "hotel_price": ["151"]}, "1643199": {"hotel_name": "\u5357\u4eac\u597d\u9a7f\u6765\u5047\u65e5\u9152\u5e97", "order_time": ["2019-01-23 19:21:24"], "total_order": 1, "hotel_value": ["4.2"], "hotel_price": ["108"]}, "1535639": {"hotel_name": "\u6c49\u5ead\u9152\u5e97(\u5357\u4eac\u82dc\u84ff\u56ed\u5927\u8857\u5e97)", "order_time": ["2019-01-23 19:21:24"], "total_order": 1, "hotel_value": ["4.5"], "hotel_price": ["208"]}, "14002765": {"hotel_name": "\u5357\u4eac\u9999\u8212\u9601\u5bbe\u9986", "order_time": ["2019-01-23 19:21:24"], "total_order": 1, "hotel_value": ["4.9"], "hotel_price": ["107"]}, "1669331": {"hotel_name": "\u5357\u4eac\u4e5d\u4e5d\u805a\u5bb6\u5546\u52a1\u5bbe\u9986", "order_time": ["2019-01-23 19:21:25"], "total_order": 1, "hotel_value": ["4.1"], "hotel_price": ["80"]}, "6785256": {"hotel_name": "\u5357\u4eac\u5de5\u4e1a\u5927\u5b66\u79d1\u82d1\u5bbe\u9986", "order_time": ["2019-01-23 19:21:25"], "total_order": 1, "hotel_value": ["4.6"], "hotel_price": ["266"]}, "1816838": {"hotel_name": "\u6854\u5b50\u9152\u5e97(\u5357\u4eac\u535a\u7269\u9662\u9152\u5e97)(\u539f\u4e1c\u534e\u95e8\u5e97)", "order_time": ["2019-01-23 19:21:25"], "total_order": 1, "hotel_value": ["4.9"], "hotel_price": ["256"]}, "1441505": {"hotel_name": "\u5357\u4eac\u53e4\u5357\u90fd\u7389\u6f9c\u5ead\u9152\u5e97", "order_time": ["2019-01-23 19:21:25"], "total_order": 1, "hotel_value": ["4.6"], "hotel_price": ["249"]}, "2300953": {"hotel_name": "\u91d1\u6854\u8fde\u9501\u9152\u5e97(\u5357\u4eac\u519b\u533a\u603b\u9662\u89e3\u653e\u8def\u5e97)", "order_time": ["2019-01-23 19:21:26"], "total_order": 1, "hotel_value": ["4.4"], "hotel_price": ["139"]}, "1938409": {"hotel_name": "\u767e\u65f6\u5feb\u6377\u9152\u5e97(\u5357\u4eac\u65b0\u8857\u53e3\u5e97)", "order_time": ["2019-01-23 19:21:26"], "total_order": 1, "hotel_value": ["4.4"], "hotel_price": ["109"]}, "1773393": {"hotel_name": "\u6c49\u5ead\u9152\u5e97(\u5357\u4eac\u592b\u5b50\u5e99\u4e2d\u534e\u95e8\u5e97)", "order_time": ["2019-01-23 19:21:27"], "total_order": 1, "hotel_value": ["4.1"], "hotel_price": ["189"]}, "5729009": {"hotel_name": "\u5357\u4eac\u6162\u57ce\u6795\u677e\u5ea6\u5047\u9152\u5e97", "order_time": ["2019-01-23 19:21:30"], "total_order": 1, "hotel_value": ["4.8"], "hotel_price": ["934"]}, "1686822": {"hotel_name": "\u5bcc\u9a7f\u65f6\u5c1a\u9152\u5e97(\u5357\u4eac\u6c5f\u5b81\u5e97)", "order_time": ["2019-01-23 19:21:32"], "total_order": 1, "hotel_value": ["4.3"], "hotel_price": ["173"]}, "17276617": {"hotel_name": "\u5357\u4eac\u8c6a\u83b1\u5c45\u9152\u5e97\u516c\u5bd3", "order_time": ["2019-01-23 19:21:33"], "total_order": 1, "hotel_value": ["4.9"], "hotel_price": ["192"]}, "8574614": {"hotel_name": "\u5357\u4eac\u7f8e\u597d\u836f\u5e97\u9752\u5e74\u65c5\u820d", "order_time": ["2019-01-23 19:21:33", "2019-01-23 19:23:38"], "total_order": 2, "hotel_value": ["4.6", "4.6"], "hotel_price": ["40", "40"]}, "28678204": {"hotel_name": "\u5357\u4eac\u9082\u9005\u9633\u5149\u9152\u5e97", "order_time": ["2019-01-23 19:21:34"], "total_order": 1, "hotel_value": ["5.0"], "hotel_price": ["119"]}, "2643285": {"hotel_name": "\u5357\u4eac\u7ef4\u7eb3\u65af\u9152\u5e97", "order_time": ["2019-01-23 19:21:36"], "total_order": 1, "hotel_value": ["3.4"], "hotel_price": ["209"]}, "2622283": {"hotel_name": "\u6c49\u5ead\u9152\u5e97(\u5357\u4eac\u4e2d\u592e\u5317\u8def\u5e97)", "order_time": ["2019-01-23 19:21:36"], "total_order": 1, "hotel_value": ["4.4"], "hotel_price": ["208"]}, "21936730": {"hotel_name": "\u5357\u4eac\u5927\u5730\u541b\u60a6\u9152\u5e97", "order_time": ["2019-01-23 19:21:40"], "total_order": 1, "hotel_value": ["4.6"], "hotel_price": ["204"]}, "2469519": {"hotel_name": "\u5357\u4eac\u68a6\u90fd\u5bbe\u9986", "order_time": ["2019-01-23 19:21:45"], "total_order": 1, "hotel_value": [0], "hotel_price": ["42"]}, "2511151": {"hotel_name": "\u548c\u9890\u9152\u5e97(\u5357\u4eac\u65b0\u8857\u53e3\u5730\u94c1\u7ad9\u5e97)", "order_time": ["2019-01-23 19:23:28"], "total_order": 1, "hotel_value": ["4.6"], "hotel_price": ["309"]}, "17491470": {"hotel_name": "\u6c49\u5ead\u4f18\u4f73\u9152\u5e97(\u5357\u4eac\u4ed9\u6797\u5927\u5b66\u57ce\u5e97)", "order_time": ["2019-01-23 19:23:28"], "total_order": 1, "hotel_value": ["4.5"], "hotel_price": ["254"]}, "2857752": {"hotel_name": "\u683c\u6797\u8c6a\u6cf0(\u5357\u4eac\u5357\u7ad9\u5357\u5e7f\u573a\u5e97)", "order_time": ["2019-01-23 19:23:28"], "total_order": 1, "hotel_value": ["4.4"], "hotel_price": ["199"]}, "2307775": {"hotel_name": "\u5357\u4eac\u65af\u7ef4\u767b\u5ea6\u5047\u516c\u5bd3(\u6cb3\u897f\u4e07\u8fbe\u5e7f\u573a)", "order_time": ["2019-01-23 19:23:29"], "total_order": 1, "hotel_value": ["4.2"], "hotel_price": ["231"]}, "21744273": {"hotel_name": "\u5357\u4eac\u68a6\u6cfd\u5feb\u6377\u5bbe\u9986", "order_time": ["2019-01-23 19:23:30"], "total_order": 1, "hotel_value": ["4.9"], "hotel_price": ["98"]}, "1535643": {"hotel_name": "\u6c49\u5ead\u9152\u5e97(\u5357\u4eac\u65b0\u8857\u53e3\u738b\u5e9c\u5927\u8857\u5e97)", "order_time": ["2019-01-23 19:23:35"], "total_order": 1, "hotel_value": ["4.4"], "hotel_price": ["267"]}, "3067306": {"hotel_name": "\u7ef4\u4e5f\u7eb3\u9152\u5e97(\u5357\u4eac\u767e\u5bb6\u6e56\u897f\u95e8\u5b50\u8def\u5e97)", "order_time": ["2019-01-23 19:23:35", "2019-01-23 19:25:30"], "total_order": 2, "hotel_value": ["4.8", "4.8"], "hotel_price": ["286", "286"]}, "859308": {"hotel_name": "\u5982\u5bb6\u5feb\u6377\u9152\u5e97(\u5357\u4eac\u65b0\u8857\u53e3\u5f20\u5e9c\u56ed\u5730\u94c1\u7ad9\u5e97)", "order_time": ["2019-01-23 19:23:37"], "total_order": 1, "hotel_value": ["4.6"], "hotel_price": ["202"]}, "798937": {"hotel_name": "\u5357\u4eac\u592b\u5b50\u5e99\u56fd\u9645\u9752\u5e74\u65c5\u820d", "order_time": ["2019-01-23 19:25:27", "2019-01-23 19:23:37", "2019-01-23 19:27:25"], "total_order": 3, "hotel_value": ["4.1", "4.1", "4.1"], "hotel_price": ["48", "48", "48"]}, "1517907": {"hotel_name": "\u65b0\u8054\u5bbe\u9986(\u5357\u4eac\u6e56\u5357\u8def\u7384\u6b66\u6e56\u666f\u533a\u5e97)", "order_time": ["2019-01-23 19:23:37"], "total_order": 1, "hotel_value": ["4.6"], "hotel_price": ["198"]}, "28676719": {"hotel_name": "\u901f8\u9152\u5e97(\u5357\u4eac\u4e2d\u5c71\u79d1\u6280\u56ed\u5e97)", "order_time": ["2019-01-23 19:23:43"], "total_order": 1, "hotel_value": [0], "hotel_price": ["125"]}, "1386126": {"hotel_name": "\u5357\u4eac\u6b63\u6052\u516c\u5bd3\u9152\u5e97", "order_time": ["2019-01-23 19:23:46"], "total_order": 1, "hotel_value": ["4.1"], "hotel_price": ["183"]}, "18409526": {"hotel_name": "\u9526\u6c5f\u4e4b\u661f\u54c1\u5c1a\u9152\u5e97(\u5357\u4eac\u6c5f\u5b81\u4e1c\u9e92\u8def\u5e97)", "order_time": ["2019-01-23 19:25:27"], "total_order": 1, "hotel_value": ["4.7"], "hotel_price": ["179"]}, "6870672": {"hotel_name": "Q\u52a0\u00b7\u8303\u6cf0\u65af\u7279\u9152\u5e97(\u5357\u4eac\u5357\u7ad9\u5e97)", "order_time": ["2019-01-23 19:27:27", "2019-01-23 19:25:30"], "total_order": 2, "hotel_value": ["4.7", "4.7"], "hotel_price": ["163", "163"]}, "3672293": {"hotel_name": "\u5357\u4eac\u56fd\u529b\u5546\u52a1\u5bbe\u9986(\u539f\u5e7f\u60a6\u5546\u52a1\u9152\u5e97)", "order_time": ["2019-01-23 19:25:37"], "total_order": 1, "hotel_value": ["4.3"], "hotel_price": ["84"]}, "902107": {"hotel_name": "\u9526\u6c5f\u4e4b\u661f(\u5357\u4eac\u7d2b\u91d1\u5c71\u82b1\u56ed\u8def\u5e97)", "order_time": ["2019-01-23 19:25:38"], "total_order": 1, "hotel_value": ["4.5"], "hotel_price": ["209"]}, "24052631": {"hotel_name": "\u5357\u4eac\u73ba\u60a6\u9152\u5e97", "order_time": ["2019-01-23 19:25:38"], "total_order": 1, "hotel_value": ["4.5"], "hotel_price": ["206"]}, "8684540": {"hotel_name": "\u5c0f\u5e84\u82b1\u56ed\u9752\u5e74\u65c5\u820d(\u5357\u4eac\u4e39\u51e4\u8857\u5e97)", "order_time": ["2019-01-23 19:25:38"], "total_order": 1, "hotel_value": ["4.6"], "hotel_price": ["39"]}, "1467825": {"hotel_name": "\u83b1\u67e0\u9152\u5e97\u516c\u5bd3(\u5357\u4eac\u6cb3\u897f\u4e07\u8fbe\u5e97)", "order_time": ["2019-01-23 19:25:38"], "total_order": 1, "hotel_value": ["4.3"], "hotel_price": ["218"]}, "5375999": {"hotel_name": "\u683c\u6797\u8054\u76df\u9152\u5e97(\u5357\u4eac\u5357\u7ad9\u660e\u53d1\u5e7f\u573a\u5e97)", "order_time": ["2019-01-23 19:25:38"], "total_order": 1, "hotel_value": ["4.2"], "hotel_price": ["218"]}, "2884003": {"hotel_name": "\u5357\u4eac\u9526\u534e\u5bbe\u9986", "order_time": ["2019-01-23 19:25:38"], "total_order": 1, "hotel_value": ["3.5"], "hotel_price": ["128"]}, "7112773": {"hotel_name": "\u5357\u4eac\u534a\u57ce\u00b7\u5927\u5c71\u623f\u8f66\u5ea6\u5047\u533a(\u539f\u534a\u57ce\u00b7\u6db5\u7530\u623f\u8f66\u5ea6\u5047\u533a)", "order_time": ["2019-01-23 19:25:38"], "total_order": 1, "hotel_value": ["4.6"], "hotel_price": ["588"]}, "2240146": {"hotel_name": "\u5357\u4eac\u57ce\u5e02\u7267\u91ce\u5047\u65e5\u9152\u5e97", "order_time": ["2019-01-23 19:25:38"], "total_order": 1, "hotel_value": ["4.4"], "hotel_price": ["246"]}, "5764808": {"hotel_name": "\u5c1a\u5ba2\u4f18\u5feb\u6377\u9152\u5e97\u5357\u4eac\u96e8\u82b1\u897f\u8def\u5e97", "order_time": ["2019-01-23 19:25:38"], "total_order": 1, "hotel_value": ["3.7"], "hotel_price": ["125"]}, "1199888": {"hotel_name": "\u67ab\u53f6\u5feb\u6377\u8fde\u9501\u9152\u5e97(\u5357\u4eac\u6c34\u897f\u95e8\u5927\u8857\u5e97)", "order_time": ["2019-01-23 19:25:38"], "total_order": 1, "hotel_value": ["3.9"], "hotel_price": ["108"]}, "4547425": {"hotel_name": "\u5357\u4eac\u6df1\u6d77\u98ce\u666f\u516c\u5bd3", "order_time": ["2019-01-23 19:25:38"], "total_order": 1, "hotel_value": ["4.4"], "hotel_price": ["212"]}, "923197": {"hotel_name": "\u5357\u4eac\u68a6\u60c5\u9601\u5bbe\u9986", "order_time": ["2019-01-23 19:25:38"], "total_order": 1, "hotel_value": ["3.6"], "hotel_price": ["183"]}, "4727374": {"hotel_name": "\u683c\u6797\u8c6a\u6cf0(\u5357\u4eac\u5927\u5382\u65b0\u534e\u8def\u5feb\u6377\u5e97)", "order_time": ["2019-01-23 19:25:38"], "total_order": 1, "hotel_value": ["4.2"], "hotel_price": ["151"]}, "16470075": {"hotel_name": "\u94c2\u7eb3\u5c4b\u7cbe\u54c1\u516c\u5bd3\u9152\u5e97(\u5357\u4eac\u5965\u4f53\u4e2d\u80dc\u5e97)", "order_time": ["2019-01-23 19:25:38"], "total_order": 1, "hotel_value": ["4.5"], "hotel_price": ["202"]}, "1512884": {"hotel_name": "\u5357\u4eac\u5929\u6717\u5feb\u6377\u9152\u5e97", "order_time": ["2019-01-23 19:25:38"], "total_order": 1, "hotel_value": ["4.2"], "hotel_price": ["183"]}, "13913643": {"hotel_name": "\u6258\u83ab\u56fd\u9645\u9152\u5e97\u516c\u5bd3\u65b0\u6e2f\u5e97", "order_time": ["2019-01-23 19:25:38"], "total_order": 1, "hotel_value": ["4.3"], "hotel_price": ["127"]}, "1686806": {"hotel_name": "\u5357\u4eac\u6c5f\u6d77\u697c\u5927\u9152\u5e97", "order_time": ["2019-01-23 19:25:38"], "total_order": 1, "hotel_value": ["4.1"], "hotel_price": ["224"]}, "458400": {"hotel_name": "\u6d77\u53cb\u9152\u5e97(\u5357\u4eac\u8fc8\u768b\u6865\u5e97)(\u539f\u7ecf\u4e94\u8def\u5e97)", "order_time": ["2019-01-23 19:25:38"], "total_order": 1, "hotel_value": ["3.9"], "hotel_price": ["104"]}, "1861415": {"hotel_name": "\u5357\u4eac\u5b89\u80dc\u9601\u5bbe\u9986", "order_time": ["2019-01-23 19:25:41"], "total_order": 1, "hotel_value": ["3.8"], "hotel_price": ["112"]}, "8574568": {"hotel_name": "\u5357\u4eac\u9f0e\u8c6a\u5546\u52a1\u5bbe\u9986", "order_time": ["2019-01-23 19:25:42"], "total_order": 1, "hotel_value": ["4.0"], "hotel_price": ["198"]}, "2063865": {"hotel_name": "7\u5929\u4f18\u54c1\u9152\u5e97(\u5357\u4eac\u65b0\u8857\u53e3\u5730\u94c1\u7ad9\u5e97)", "order_time": ["2019-01-23 19:27:23"], "total_order": 1, "hotel_value": ["4.6"], "hotel_price": ["221"]}, "1944262": {"hotel_name": "\u51ef\u91cc\u4e9a\u5fb7\u9152\u5e97(\u5357\u4eac\u8679\u6865\u4e2d\u5fc3\u5e97)", "order_time": ["2019-01-23 19:27:25"], "total_order": 1, "hotel_value": ["4.9"], "hotel_price": ["331"]}, "5767032": {"hotel_name": "\u5357\u4eac\u4e09\u4e2a\u706b\u67f4\u9752\u5e74\u65c5\u793e", "order_time": ["2019-01-23 19:27:36"], "total_order": 1, "hotel_value": ["4.8"], "hotel_price": ["51"]}}}