{"\u5f00\u59cb\u8bb0\u5f55\u65f6\u95f4": "2019-01-14 07:30:50", "\u7ed3\u675f\u8bb0\u5f55\u65f6\u95f4": "2019-01-14 08:30:50", "\u8ba2\u5355\u603b\u589e\u91cf": 178, "item": {"435363": {"hotel_name": "\u5357\u4eac\u82cf\u5b81\u5a01\u5c3c\u65af\u9152\u5e97", "order_time": ["2019-01-14 07:35:03", "2019-01-14 07:32:59"], "total_order": 2, "hotel_value": ["4.8", "4.8"], "hotel_price": ["396", "396"]}, "14255250": {"hotel_name": "\u5c1a\u5ba2\u4f18\u9a8f\u6021\u8fde\u9501\u9152\u5e97\u7fd4\u5b87\u8def\u5357\u5730\u94c1\u7ad9\u5e97", "order_time": ["2019-01-14 07:33:02"], "total_order": 1, "hotel_value": ["4.3"], "hotel_price": ["102"]}, "1860978": {"hotel_name": "\u5357\u4eac\u767e\u6021\u5bbe\u9986", "order_time": ["2019-01-14 07:33:08"], "total_order": 1, "hotel_value": ["4.3"], "hotel_price": ["143"]}, "5236895": {"hotel_name": "99\u65c5\u9986\u8fde\u9501(\u5357\u4eac\u80dc\u592a\u8def\u5730\u94c1\u7ad9\u5e97)", "order_time": ["2019-01-14 07:33:08"], "total_order": 1, "hotel_value": ["4.1"], "hotel_price": ["124"]}, "5469110": {"hotel_name": "\u5357\u4eac\u5929\u79a7\u9152\u5e97", "order_time": ["2019-01-14 08:22:56", "2019-01-14 07:35:07"], "total_order": 2, "hotel_value": ["4.6", "4.6"], "hotel_price": ["422", "422"]}, "419566": {"hotel_name": "\u5357\u4eac\u53e4\u5357\u90fd\u996d\u5e97", "order_time": ["2019-01-14 07:35:10"], "total_order": 1, "hotel_value": ["4.8"], "hotel_price": ["499"]}, "1535634": {"hotel_name": "\u6c49\u5ead\u9152\u5e97(\u5357\u4eac\u9ec4\u57d4\u8def\u5e97)", "order_time": ["2019-01-14 07:36:57"], "total_order": 1, "hotel_value": ["4.6"], "hotel_price": ["313"]}, "1209418": {"hotel_name": "\u83ab\u6cf0168(\u5357\u4eac\u592b\u5b50\u5e99\u4e09\u5c71\u8857\u5730\u94c1\u7ad9\u5e97)", "order_time": ["2019-01-14 08:28:55", "2019-01-14 07:37:00"], "total_order": 2, "hotel_value": ["4.6", "4.6"], "hotel_price": ["167", "167"]}, "1451827": {"hotel_name": "\u5982\u5bb6\u5feb\u6377\u9152\u5e97(\u5357\u4eac\u592b\u5b50\u5e99\u5730\u94c1\u7ad9\u5e73\u6c5f\u5e9c\u8def\u5e97)", "order_time": ["2019-01-14 07:38:58"], "total_order": 1, "hotel_value": ["4.5"], "hotel_price": ["179"]}, "1457092": {"hotel_name": "\u5982\u5bb6\u5feb\u6377\u9152\u5e97(\u5357\u4eac\u65b0\u8857\u53e3\u5e97)", "order_time": ["2019-01-14 07:38:58"], "total_order": 1, "hotel_value": ["4.6"], "hotel_price": ["237"]}, "26667944": {"hotel_name": "\u5357\u4eac\u7b49\u4f60\u4e0b\u8bfe\u9752\u5e74\u65c5\u793e", "order_time": ["2019-01-14 07:39:02"], "total_order": 1, "hotel_value": ["4.8"], "hotel_price": ["75"]}, "1836460": {"hotel_name": "\u5357\u4eac\u957f\u751f\u5feb\u6377\u5bbe\u9986", "order_time": ["2019-01-14 07:39:04"], "total_order": 1, "hotel_value": ["3.4"], "hotel_price": ["98"]}, "21927397": {"hotel_name": "\u5357\u4eac\u6c27\u6c14\u7cbe\u9009\u9152\u5e97", "order_time": ["2019-01-14 07:40:57"], "total_order": 1, "hotel_value": ["4.8"], "hotel_price": ["323"]}, "1918303": {"hotel_name": "\u5357\u4eac\u82cf\u5b81\u96c5\u60a6\u884c\u653f\u516c\u5bd3\u9152\u5e97", "order_time": ["2019-01-14 07:40:58"], "total_order": 1, "hotel_value": ["4.7"], "hotel_price": ["480"]}, "369717": {"hotel_name": "\u5357\u4eac\u91d1\u9e70\u73e0\u6c5f\u58f9\u53f7\u56fd\u9645\u9152\u5e97", "order_time": ["2019-01-14 07:40:59"], "total_order": 1, "hotel_value": ["4.7"], "hotel_price": ["508"]}, "434620": {"hotel_name": "\u5357\u4eac\u56fd\u9645\u4f1a\u8bae\u5927\u9152\u5e97", "order_time": ["2019-01-14 07:41:01"], "total_order": 1, "hotel_value": ["4.4"], "hotel_price": ["578"]}, "1463015": {"hotel_name": "\u80af\u5b9a\u5bbe\u9986\u8fde\u9501(\u5357\u4eac\u9f99\u6c5f\u4e8c\u5e97)", "order_time": ["2019-01-14 07:41:01"], "total_order": 1, "hotel_value": ["4.0"], "hotel_price": ["328"]}, "1098510": {"hotel_name": "\u5357\u4eac\u5f20\u8fdb\u5bbe\u9986((\u539f\u4e30\u5ba2\u6e90\u5bbe\u9986)", "order_time": ["2019-01-14 07:41:03"], "total_order": 1, "hotel_value": ["4.3"], "hotel_price": ["118"]}, "1945283": {"hotel_name": "\u5357\u4eac\u6da6\u8473\u9152\u5e97", "order_time": ["2019-01-14 08:20:57", "2019-01-14 07:42:55"], "total_order": 2, "hotel_value": ["4.7", "4.7"], "hotel_price": ["261", "261"]}, "12548898": {"hotel_name": "\u7f8e\u8c6a\u4e3d\u81f4\u9152\u5e97(\u5357\u4eac\u4ed9\u6797\u65d7\u8230\u5e97)", "order_time": ["2019-01-14 07:42:57"], "total_order": 1, "hotel_value": ["4.8"], "hotel_price": ["450"]}, "5766405": {"hotel_name": "\u683c\u6797\u8054\u76df\u5357\u4eac\u6d66\u53e3\u533a\u4e2d\u5723\u8857\u6587\u5fb7\u8def\u5730\u94c1\u7ad9\u9152\u5e97", "order_time": ["2019-01-14 07:42:59"], "total_order": 1, "hotel_value": ["4.2"], "hotel_price": ["134"]}, "4727722": {"hotel_name": "\u548c\u6c5f\u5546\u52a1\u5bbe\u9986(\u5357\u4eac\u519b\u533a\u603b\u9662\u822a\u7a7a\u822a\u5929\u5927\u5b66\u5e97)", "order_time": ["2019-01-14 07:42:59"], "total_order": 1, "hotel_value": ["3.5"], "hotel_price": ["148"]}, "5246471": {"hotel_name": "\u5357\u4eac\u8fd9\u5bb6\u5bbe\u9986", "order_time": ["2019-01-14 07:43:01"], "total_order": 1, "hotel_value": ["3.6"], "hotel_price": ["98"]}, "5379079": {"hotel_name": "\u5357\u4eac\u4e09\u661f\u5feb\u6377\u5bbe\u9986", "order_time": ["2019-01-14 07:43:01"], "total_order": 1, "hotel_value": ["4.0"], "hotel_price": ["74"]}, "512269": {"hotel_name": "\u5357\u4eac\u5b5c\u56fe\u9152\u5e97", "order_time": ["2019-01-14 07:44:59"], "total_order": 1, "hotel_value": ["4.7"], "hotel_price": ["299"]}, "1816830": {"hotel_name": "\u6854\u5b50\u9152\u5e97\u00b7\u7cbe\u9009(\u5357\u4eac\u65b0\u8857\u53e3\u5e97)", "order_time": ["2019-01-14 07:45:00"], "total_order": 1, "hotel_value": ["4.9"], "hotel_price": ["275"]}, "2301890": {"hotel_name": "7\u5929\u8fde\u9501\u9152\u5e97(\u5357\u4eac\u4e09\u724c\u697c\u8679\u6865\u4e2d\u5fc3\u5e97)", "order_time": ["2019-01-14 07:45:05"], "total_order": 1, "hotel_value": ["4.3"], "hotel_price": ["220"]}, "427748": {"hotel_name": "\u6c47\u4e3d\u9152\u5e97(\u5357\u4eac\u519b\u533a\u603b\u9662\u5e97)", "order_time": ["2019-01-14 07:45:05"], "total_order": 1, "hotel_value": ["4.4"], "hotel_price": ["149"]}, "1500412": {"hotel_name": "\u5357\u4eac\u77bb\u56ed\u56fd\u9645\u9752\u5e74\u65c5\u820d", "order_time": ["2019-01-14 07:46:57"], "total_order": 1, "hotel_value": ["4.2"], "hotel_price": ["50"]}, "4604055": {"hotel_name": "\u5c1a\u5ba2\u4f18\u8fde\u9501\u9152\u5e97(\u5357\u4eac\u592b\u5b50\u5e99\u6c34\u6e38\u57ce\u5e97)", "order_time": ["2019-01-14 07:46:57"], "total_order": 1, "hotel_value": ["4.0"], "hotel_price": ["141"]}, "396597": {"hotel_name": "\u91d1\u9e70\u56fd\u4ed5\u8fbe\u9152\u5e97(\u5357\u4eac\u65b0\u8857\u53e3\u5730\u94c1\u7ad9\u5e97)", "order_time": ["2019-01-14 07:46:57"], "total_order": 1, "hotel_value": ["4.9"], "hotel_price": ["308"]}, "447344": {"hotel_name": "\u5357\u4eac\u5965\u4f53\u4e2d\u5fc3\u7f8e\u5c45\u9152\u5e97", "order_time": ["2019-01-14 07:46:57"], "total_order": 1, "hotel_value": ["4.5"], "hotel_price": ["430"]}, "23965471": {"hotel_name": "\u9526\u6c5f\u90fd\u57ce\u9152\u5e97(\u5357\u4eac\u592b\u5b50\u5e99\u4e2d\u5fc3\u5e97)", "order_time": ["2019-01-14 07:46:57"], "total_order": 1, "hotel_value": ["4.8"], "hotel_price": ["321"]}, "435621": {"hotel_name": "\u5357\u4eac\u4e2d\u5c71\u5927\u53a6", "order_time": ["2019-01-14 07:46:58"], "total_order": 1, "hotel_value": ["4.7"], "hotel_price": ["298"]}, "794759": {"hotel_name": "\u5357\u4eac\u5929\u6e56\u5bbe\u9986", "order_time": ["2019-01-14 07:46:59", "2019-01-14 08:10:57"], "total_order": 2, "hotel_value": ["4.6", "4.6"], "hotel_price": ["153", "153"]}, "1686756": {"hotel_name": "\u5357\u4eac\u7279\u8ff7\u98ce\u60c5\u5047\u65e5\u9152\u5e97", "order_time": ["2019-01-14 07:48:57"], "total_order": 1, "hotel_value": ["4.3"], "hotel_price": ["179"]}, "1467825": {"hotel_name": "\u83b1\u67e0\u9152\u5e97\u516c\u5bd3(\u5357\u4eac\u6cb3\u897f\u4e07\u8fbe\u5e97)", "order_time": ["2019-01-14 07:48:58"], "total_order": 1, "hotel_value": ["4.3"], "hotel_price": ["228"]}, "996989": {"hotel_name": "\u5357\u4eac\u6ea7\u6c34\u6c47\u6e90\u5bbe\u9986", "order_time": ["2019-01-14 07:49:05"], "total_order": 1, "hotel_value": [0], "hotel_price": ["108"]}, "1376513": {"hotel_name": "\u5357\u4eac\u9999\u6a1f\u56ed\u7231\u4e4b\u60a6\u5bbe\u9986", "order_time": ["2019-01-14 07:51:00"], "total_order": 1, "hotel_value": ["4.4"], "hotel_price": ["79"]}, "1441403": {"hotel_name": "\u661f\u7a0b\u9152\u5e97(\u5357\u4eac\u9f13\u697c\u4e2d\u5fc3\u5e97)", "order_time": ["2019-01-14 07:53:07"], "total_order": 1, "hotel_value": ["4.5"], "hotel_price": ["351"]}, "17996519": {"hotel_name": "\u5357\u4eac\u673a\u573a\u7761\u5427\u9152\u5e97", "order_time": ["2019-01-14 07:54:56"], "total_order": 1, "hotel_value": ["4.4"], "hotel_price": ["138"]}, "1116413": {"hotel_name": "\u5357\u4eac\u7384\u6b66\u95e8\u4e9a\u6735\u9152\u5e97", "order_time": ["2019-01-14 07:54:57"], "total_order": 1, "hotel_value": ["4.8"], "hotel_price": ["416"]}, "23802273": {"hotel_name": "\u5357\u4eac\u8f7b\u5962\u539f\u5bbf\u516c\u5bd3", "order_time": ["2019-01-14 07:54:57"], "total_order": 1, "hotel_value": ["4.8"], "hotel_price": ["198"]}, "1816834": {"hotel_name": "\u6854\u5b50\u9152\u5e97\u00b7\u7cbe\u9009(\u5357\u4eac\u592b\u5b50\u5e99\u5e97)", "order_time": ["2019-01-14 07:54:57"], "total_order": 1, "hotel_value": ["4.8"], "hotel_price": ["351"]}, "2302798": {"hotel_name": "\u5357\u4eac\u767e\u8349\u56ed\u5bbe\u9986", "order_time": ["2019-01-14 07:54:58"], "total_order": 1, "hotel_value": ["4.4"], "hotel_price": ["1088"]}, "473634": {"hotel_name": "\u9526\u6c5f\u4e4b\u661f(\u5357\u4eac\u65b0\u8857\u53e3\u671d\u5929\u5bab\u897f\u8857\u5e97)", "order_time": ["2019-01-14 07:54:59"], "total_order": 1, "hotel_value": ["4.5"], "hotel_price": ["189"]}, "22825276": {"hotel_name": "\u5357\u4eac\u8bc1\u5927\u5168\u60a6\u516c\u5bd3", "order_time": ["2019-01-14 08:22:56", "2019-01-14 07:54:59"], "total_order": 2, "hotel_value": ["4.7", "4.7"], "hotel_price": ["278", "278"]}, "1447045": {"hotel_name": "\u83ab\u6cf0168(\u5357\u4eac\u6c5f\u5b81\u5927\u5b66\u57ce\u9f99\u7720\u5927\u9053\u5730\u94c1\u7ad9\u5e97)", "order_time": ["2019-01-14 07:55:00"], "total_order": 1, "hotel_value": ["4.3"], "hotel_price": ["275"]}, "485570": {"hotel_name": "\u5357\u4eac\u5546\u8302\u56fd\u9645\u9152\u5e97", "order_time": ["2019-01-14 07:56:58"], "total_order": 1, "hotel_value": ["4.4"], "hotel_price": ["499"]}, "1448720": {"hotel_name": "\u5982\u5bb6\u5546\u65c5\u9152\u5e97(\u5357\u4eac\u7384\u6b66\u6e56\u65b0\u6a21\u8303\u9a6c\u8def\u5730\u94c1\u7ad9\u5e97)", "order_time": ["2019-01-14 07:57:06"], "total_order": 1, "hotel_value": ["4.8"], "hotel_price": ["398"]}, "898232": {"hotel_name": "\u5929\u76db\u5927\u9152\u5e97(\u5357\u4eac\u65b0\u8857\u53e3\u5f20\u5e9c\u56ed\u5730\u94c1\u7ad9\u5e97)", "order_time": ["2019-01-14 07:58:56"], "total_order": 1, "hotel_value": ["4.5"], "hotel_price": ["255"]}, "4706465": {"hotel_name": "\u5357\u4eac\u827a\u672f\u5bb6\u9152\u5e97", "order_time": ["2019-01-14 07:58:56"], "total_order": 1, "hotel_value": ["4.4"], "hotel_price": ["202"]}, "1389735": {"hotel_name": "\u5357\u4eac\u4e45\u5ba2\u5047\u65e5\u5bbe\u9986", "order_time": ["2019-01-14 07:58:57"], "total_order": 1, "hotel_value": ["4.1"], "hotel_price": ["122"]}, "346283": {"hotel_name": "\u5357\u4eac\u91d1\u9675\u996d\u5e97", "order_time": ["2019-01-14 08:26:56", "2019-01-14 08:06:56", "2019-01-14 08:00:56"], "total_order": 3, "hotel_value": ["4.8", "4.8", "4.8"], "hotel_price": ["626", "626", "626"]}, "1462789": {"hotel_name": "\u80af\u5b9a\u00b7\u89c2\u7f8e\u9152\u5e97(\u5357\u4eac\u65b0\u8857\u53e3\u91d1\u878d\u4e2d\u5fc3\u4e2d\u592e\u5546\u573a\u5e97)", "order_time": ["2019-01-14 08:00:56"], "total_order": 1, "hotel_value": ["4.6"], "hotel_price": ["278"]}, "1476770": {"hotel_name": "\u552f\u7231\u4e4b\u661f\u4e3b\u9898\u5bbe\u9986(\u5357\u4eac\u4ed9\u6797\u5e97)", "order_time": ["2019-01-14 08:00:57"], "total_order": 1, "hotel_value": ["3.9"], "hotel_price": ["168"]}, "2276820": {"hotel_name": "\u5357\u4eac\u68a6\u4e50\u822b\u5546\u52a1\u5bbe\u9986", "order_time": ["2019-01-14 08:00:58"], "total_order": 1, "hotel_value": ["3.4"], "hotel_price": ["79"]}, "1849852": {"hotel_name": "\u5357\u4eac\u91d1\u5143\u5b9d\u6e56\u719f\u5546\u52a1\u9152\u5e97", "order_time": ["2019-01-14 08:00:58"], "total_order": 1, "hotel_value": ["4.0"], "hotel_price": ["148"]}, "1618777": {"hotel_name": "\u6ea7\u6c34\u9633\u5149\u5047\u65e5\u9152\u5e97(\u5357\u4eac\u5927\u897f\u95e8\u5e97)", "order_time": ["2019-01-14 08:26:55", "2019-01-14 08:00:59"], "total_order": 2, "hotel_value": ["4.5", "4.5"], "hotel_price": ["134", "134"]}, "5495477": {"hotel_name": "\u8776\u604b\u82b1\u56ed\u9152\u5e97\uff08\u5357\u4eac\u8fc8\u768b\u6865\u5730\u94c1\u7ad9\u5e97\uff09", "order_time": ["2019-01-14 08:02:56"], "total_order": 1, "hotel_value": ["4.7"], "hotel_price": ["158"]}, "4122292": {"hotel_name": "\u5c1a\u5ba2\u4f18\u8fde\u9501\u9152\u5e97(\u5357\u4eac\u6cb3\u6d77\u5927\u5b66\u5730\u94c1\u7ad9\u5e97)", "order_time": ["2019-01-14 08:16:58", "2019-01-14 08:02:57"], "total_order": 2, "hotel_value": ["4.2", "4.2"], "hotel_price": ["161", "161"]}, "1938415": {"hotel_name": "\u9526\u6c5f\u4e4b\u661f(\u5357\u4eac\u8fc8\u768b\u6865\u5e97)", "order_time": ["2019-01-14 08:02:57"], "total_order": 1, "hotel_value": ["4.5"], "hotel_price": ["206"]}, "1944235": {"hotel_name": "\u5357\u4eac\u8679\u6865\u996d\u5e97", "order_time": ["2019-01-14 08:02:57"], "total_order": 1, "hotel_value": ["4.4"], "hotel_price": ["333"]}, "4493033": {"hotel_name": "\u901f8\u9152\u5e97(\u5357\u4eac\u592b\u5b50\u5e99\u4e2d\u534e\u8def\u5e97)", "order_time": ["2019-01-14 08:02:57"], "total_order": 1, "hotel_value": ["4.2"], "hotel_price": ["160"]}, "2391071": {"hotel_name": "\u4f0a\u7538\u56ed\u9752\u5e74\u65c5\u9986(\u5357\u4eac\u4e49\u4e4c\u5546\u54c1\u57ce\u5e97)", "order_time": ["2019-01-14 08:03:00"], "total_order": 1, "hotel_value": ["4.6"], "hotel_price": ["45"]}, "1945382": {"hotel_name": "\u5496\u5c45\u7cbe\u9009\u9152\u5e97(\u5357\u4eac\u82cf\u5b81\u5929\u6da6\u5e7f\u573a\u5e97)(\u539f\u7ef4\u65af\u7279\u7cbe\u54c1\u9152\u5e97)", "order_time": ["2019-01-14 08:12:56", "2019-01-14 08:04:58"], "total_order": 2, "hotel_value": ["4.4", "4.4"], "hotel_price": ["104", "104"]}, "434086": {"hotel_name": "\u5357\u4eac\u65b0\u7eaa\u5143\u5927\u9152\u5e97", "order_time": ["2019-01-14 08:04:59"], "total_order": 1, "hotel_value": ["4.8"], "hotel_price": ["417"]}, "1452149": {"hotel_name": "\u5982\u5bb6\u5feb\u6377\u9152\u5e97(\u5357\u4eac\u706b\u8f66\u5357\u7ad9\u660e\u53d1\u5e7f\u573a\u5730\u94c1\u7ad9\u5e97)", "order_time": ["2019-01-14 08:04:59"], "total_order": 1, "hotel_value": ["4.4"], "hotel_price": ["237"]}, "6391562": {"hotel_name": "\u9526\u6c5f\u90fd\u57ce\u9152\u5e97(\u5357\u4eac\u5357\u7ad9\u767e\u5bb6\u6e56\u5e97)", "order_time": ["2019-01-14 08:04:59"], "total_order": 1, "hotel_value": ["4.8"], "hotel_price": ["429"]}, "4731908": {"hotel_name": "\u683c\u6797\u8c6a\u6cf0(\u5357\u4eac\u7ecf\u4e94\u8def\u6708\u82d1\u5e97)", "order_time": ["2019-01-14 08:04:59"], "total_order": 1, "hotel_value": ["4.0"], "hotel_price": ["174"]}, "923197": {"hotel_name": "\u5357\u4eac\u68a6\u60c5\u9601\u5bbe\u9986", "order_time": ["2019-01-14 08:04:59"], "total_order": 1, "hotel_value": ["3.7"], "hotel_price": ["258"]}, "3489989": {"hotel_name": "\u5357\u4eac\u534e\u5b81\u5bbe\u9986", "order_time": ["2019-01-14 08:04:59"], "total_order": 1, "hotel_value": ["4.6"], "hotel_price": ["99"]}, "1517907": {"hotel_name": "\u65b0\u8054\u5bbe\u9986(\u5357\u4eac\u6e56\u5357\u8def\u7384\u6b66\u6e56\u666f\u533a\u5e97)", "order_time": ["2019-01-14 08:05:03"], "total_order": 1, "hotel_value": ["4.6"], "hotel_price": ["278"]}, "5904203": {"hotel_name": "\u5357\u4eac\u65b0\u9038\u5929\u91d1\u4e1d\u5229\u9152\u5e97", "order_time": ["2019-01-14 08:06:56"], "total_order": 1, "hotel_value": ["4.6"], "hotel_price": ["345"]}, "2300861": {"hotel_name": "7\u5929\u8fde\u9501\u9152\u5e97(\u5357\u4eac\u4e2d\u592e\u95e8\u706b\u8f66\u7ad9\u5e97)", "order_time": ["2019-01-14 08:06:57"], "total_order": 1, "hotel_value": ["4.3"], "hotel_price": ["168"]}, "1946191": {"hotel_name": "\u5357\u4eac\u96c5\u6d01\u5546\u52a1\u5bbe\u9986", "order_time": ["2019-01-14 08:08:56"], "total_order": 1, "hotel_value": ["4.4"], "hotel_price": ["121"]}, "1535646": {"hotel_name": "\u6c49\u5ead\u9152\u5e97(\u5357\u4eac\u4e2d\u5c71\u4e1c\u8def\u603b\u7edf\u5e9c\u5e97)", "order_time": ["2019-01-14 08:08:57"], "total_order": 1, "hotel_value": ["4.2"], "hotel_price": ["180"]}, "689773": {"hotel_name": "\u5357\u4eac\u949f\u5c71\u5bbe\u9986(\u6c5f\u82cf\u7701\u4f1a\u8bae\u4e2d\u5fc3)", "order_time": ["2019-01-14 08:24:57", "2019-01-14 08:08:57"], "total_order": 2, "hotel_value": ["4.7", "4.7"], "hotel_price": ["546", "546"]}, "21744273": {"hotel_name": "\u5357\u4eac\u68a6\u6cfd\u5feb\u6377\u5bbe\u9986", "order_time": ["2019-01-14 08:08:57"], "total_order": 1, "hotel_value": ["4.9"], "hotel_price": ["107"]}, "2300933": {"hotel_name": "7\u5929\u8fde\u9501\u9152\u5e97(\u5357\u4eac\u5965\u4f53\u4e2d\u5fc3\u5e97)", "order_time": ["2019-01-14 08:08:58"], "total_order": 1, "hotel_value": ["4.0"], "hotel_price": ["169"]}, "427757": {"hotel_name": "\u83ab\u6cf0168(\u5357\u4eac\u592b\u5b50\u5e99\u5927\u5149\u8def\u5e97)", "order_time": ["2019-01-14 08:08:58"], "total_order": 1, "hotel_value": ["4.4"], "hotel_price": ["129"]}, "434989": {"hotel_name": "\u5357\u4eac\u4e2d\u5fc3\u5927\u9152\u5e97", "order_time": ["2019-01-14 08:08:58"], "total_order": 1, "hotel_value": ["4.8"], "hotel_price": ["498"]}, "369785": {"hotel_name": "\u5357\u4eac\u7d22\u83f2\u7279\u94f6\u6cb3\u5927\u9152\u5e97", "order_time": ["2019-01-14 08:08:58"], "total_order": 1, "hotel_value": ["4.6"], "hotel_price": ["558"]}, "2298282": {"hotel_name": "\u6c5f\u82cf\u996d\u5e97", "order_time": ["2019-01-14 08:10:56"], "total_order": 1, "hotel_value": ["4.8"], "hotel_price": ["448"]}, "427725": {"hotel_name": "\u83ab\u6cf0168(\u5357\u4eac\u65b0\u8857\u53e3\u6c49\u4e2d\u8def\u533b\u79d1\u5927\u5b66\u5e97)", "order_time": ["2019-01-14 08:10:57", "2019-01-14 08:14:56"], "total_order": 2, "hotel_value": ["4.6", "4.6"], "hotel_price": ["284", "284"]}, "6111316": {"hotel_name": "\u66d9\u5149\u8587\u9152\u5e97(\u5357\u4eac\u592b\u5b50\u5e99\u5e97)", "order_time": ["2019-01-14 08:10:57"], "total_order": 1, "hotel_value": ["4.7"], "hotel_price": ["336"]}, "3456452": {"hotel_name": "\u5357\u4eac\u65b0\u8857\u53e3\u738b\u5e9c\u5927\u8857\u4e9a\u6735\u9152\u5e97", "order_time": ["2019-01-14 08:10:57"], "total_order": 1, "hotel_value": ["4.8"], "hotel_price": ["367"]}, "21688385": {"hotel_name": "\u5357\u4eacK HOTEL\u9152\u5e97", "order_time": ["2019-01-14 08:10:57"], "total_order": 1, "hotel_value": ["4.8"], "hotel_price": ["328"]}, "21914008": {"hotel_name": "\u5357\u4eac\u5353\u7f8e\u4e9a\u9152\u5e97", "order_time": ["2019-01-14 08:10:57"], "total_order": 1, "hotel_value": ["4.8"], "hotel_price": ["1049"]}, "901888": {"hotel_name": "\u6613\u4f70\u8fde\u9501\u65c5\u5e97(\u5357\u4eac\u6c5f\u5b81\u4e07\u8fbe\u5e7f\u573a\u5e97)", "order_time": ["2019-01-14 08:10:58"], "total_order": 1, "hotel_value": ["4.2"], "hotel_price": ["94"]}, "1772165": {"hotel_name": "\u5357\u4eac\u901f\u516b\u5bbe\u9986", "order_time": ["2019-01-14 08:10:58"], "total_order": 1, "hotel_value": ["3.6"], "hotel_price": ["129"]}, "1179858": {"hotel_name": "\u5168\u5b63\u9152\u5e97(\u5357\u4eac\u8679\u6865\u4e2d\u5c71\u5317\u8def\u5e97)", "order_time": ["2019-01-14 08:11:05", "2019-01-14 08:13:03"], "total_order": 2, "hotel_value": ["4.8", "4.8"], "hotel_price": ["417", "417"]}, "28566124": {"hotel_name": "\u5357\u4eac\u91d1\u5e06\u4e07\u6e90\u9152\u5e97", "order_time": ["2019-01-14 08:12:55"], "total_order": 1, "hotel_value": [0], "hotel_price": ["468"]}, "1454364": {"hotel_name": "\u5982\u5bb6\u5feb\u6377\u9152\u5e97(\u5357\u4eac\u65b0\u8857\u53e3\u73e0\u6c5f\u8def\u5730\u94c1\u7ad9\u5fb7\u57fa\u5e7f\u573a\u5e97)", "order_time": ["2019-01-14 08:12:55"], "total_order": 1, "hotel_value": ["4.5"], "hotel_price": ["228"]}, "5296362": {"hotel_name": "ZMAX\u6f6e\u6f2b\u9152\u5e97(\u5357\u4eac\u592b\u5b50\u5e99\u5e97)", "order_time": ["2019-01-14 08:12:56"], "total_order": 1, "hotel_value": ["4.7"], "hotel_price": ["232"]}, "4733079": {"hotel_name": "\u683c\u6797\u8c6a\u6cf0(\u5357\u4eac\u7384\u6b66\u6e56\u4e2d\u5c71\u9675\u666f\u533a\u5e97)(\u539f\u6797\u4e1a\u5927\u5b66\u56fd\u5c55\u4e2d\u5fc3\u5e97)", "order_time": ["2019-01-14 08:12:56"], "total_order": 1, "hotel_value": ["4.7"], "hotel_price": ["264"]}, "8605001": {"hotel_name": "\u6c49\u5ead\u9152\u5e97(\u5357\u4eac\u660e\u6545\u5bab\u745e\u91d1\u8def\u5e97)(\u539f\u5357\u822a\u5927\u5b66\u745e\u91d1\u8def\u5e97)", "order_time": ["2019-01-14 08:12:56"], "total_order": 1, "hotel_value": ["4.5"], "hotel_price": ["180"]}, "5158996": {"hotel_name": "\u5982\u5bb6\u7cbe\u9009\u9152\u5e97(\u5357\u4eac\u5b9a\u6dee\u95e8\u9f99\u6c5f\u5730\u94c1\u7ad9\u5e97)(\u539f\u9f99\u6c5f\u5b9a\u6dee\u95e8\u5927\u8857\u5e97)", "order_time": ["2019-01-14 08:12:56"], "total_order": 1, "hotel_value": ["4.8"], "hotel_price": ["446"]}, "1773319": {"hotel_name": "\u6d77\u53cb\u9152\u5e97(\u5357\u4eac\u592b\u5b50\u5e99\u4e2d\u5fc3\u5e97)", "order_time": ["2019-01-14 08:12:56"], "total_order": 1, "hotel_value": ["4.1"], "hotel_price": ["161"]}, "6123044": {"hotel_name": "\u5357\u4eac\u94c2\u60a6\u7cbe\u54c1\u9152\u5e97\u516c\u5bd3", "order_time": ["2019-01-14 08:12:56"], "total_order": 1, "hotel_value": ["4.8"], "hotel_price": ["262"]}, "4592304": {"hotel_name": "\u5357\u4eac\u4e2d\u516c\u6c47\u60a6\u5927\u9152\u5e97", "order_time": ["2019-01-14 08:12:56"], "total_order": 1, "hotel_value": ["4.7"], "hotel_price": ["372"]}, "1619265": {"hotel_name": "\u5357\u4eac\u6e2f\u9645\u5927\u9152\u5e97(\u592b\u5b50\u5e99\u5e97)", "order_time": ["2019-01-14 08:12:56"], "total_order": 1, "hotel_value": ["4.4"], "hotel_price": ["248"]}, "346276": {"hotel_name": "\u5357\u4eac\u91d1\u4e1d\u5229\u559c\u6765\u767b\u9152\u5e97", "order_time": ["2019-01-14 08:12:56"], "total_order": 1, "hotel_value": ["4.5"], "hotel_price": ["558"]}, "1943885": {"hotel_name": "\u683c\u6797\u8c6a\u6cf0(\u5357\u4eac\u706b\u8f66\u7ad9\u6c7d\u8f66\u603b\u7ad9\u5e97)", "order_time": ["2019-01-14 08:12:57"], "total_order": 1, "hotel_value": ["3.9"], "hotel_price": ["169"]}, "444090": {"hotel_name": "\u5357\u4eac\u6c64\u5c71\u7d2b\u6e05\u6e56\u751f\u6001\u65c5\u6e38\u6e29\u6cc9\u5ea6\u5047\u533a", "order_time": ["2019-01-14 08:24:57", "2019-01-14 08:14:56", "2019-01-14 08:16:58"], "total_order": 3, "hotel_value": ["4.8", "4.8", "4.8"], "hotel_price": ["473", "473", "473"]}, "430159": {"hotel_name": "\u5357\u4eac\u7384\u6b66\u82cf\u5b81\u8bfa\u5bcc\u7279\u9152\u5e97", "order_time": ["2019-01-14 08:14:56"], "total_order": 1, "hotel_value": ["4.7"], "hotel_price": ["588"]}, "7687802": {"hotel_name": "\u5357\u4eac\u767d\u65af\u7279\u9152\u5e97", "order_time": ["2019-01-14 08:14:57"], "total_order": 1, "hotel_value": ["4.6"], "hotel_price": ["298"]}, "1414858": {"hotel_name": "\u5e03\u4e01\u9152\u5e97(\u5357\u4eac\u7701\u4e2d\u533b\u9662\u4e0a\u6d77\u8def\u5730\u94c1\u7ad9\u5e97)", "order_time": ["2019-01-14 08:14:57"], "total_order": 1, "hotel_value": ["4.3"], "hotel_price": ["170"]}, "1633119": {"hotel_name": "\u5357\u4eac\u6885\u5c71\u5bbe\u9986", "order_time": ["2019-01-14 08:14:57"], "total_order": 1, "hotel_value": ["4.2"], "hotel_price": ["240"]}, "1103551": {"hotel_name": "\u6c49\u5ead\u9152\u5e97(\u5357\u4eac\u5927\u5382\u957f\u51b2\u6b65\u884c\u8857\u5e97)", "order_time": ["2019-01-14 08:14:57"], "total_order": 1, "hotel_value": ["4.4"], "hotel_price": ["161"]}, "5374787": {"hotel_name": "\u5357\u4eac\u6d77\u5ddd\u5bbe\u9986", "order_time": ["2019-01-14 08:14:58"], "total_order": 1, "hotel_value": ["3.0"], "hotel_price": ["60"]}, "2865862": {"hotel_name": "\u5357\u4eac\u60a6\u9014\u516c\u5bd3\u9152\u5e97", "order_time": ["2019-01-14 08:14:58"], "total_order": 1, "hotel_value": ["4.4"], "hotel_price": ["183"]}, "15016883": {"hotel_name": "\u5357\u4eac\u597d\u5ba2\u6765\u9152\u5e97\u5f0f\u516c\u5bd3", "order_time": ["2019-01-14 08:14:59"], "total_order": 1, "hotel_value": ["4.6"], "hotel_price": ["216"]}, "3067306": {"hotel_name": "\u7ef4\u4e5f\u7eb3\u9152\u5e97(\u5357\u4eac\u767e\u5bb6\u6e56\u897f\u95e8\u5b50\u8def\u5e97)", "order_time": ["2019-01-14 08:16:58"], "total_order": 1, "hotel_value": ["4.8"], "hotel_price": ["318"]}, "434624": {"hotel_name": "\u5357\u4eac\u6c49\u5e9c\u996d\u5e97", "order_time": ["2019-01-14 08:16:59"], "total_order": 1, "hotel_value": ["4.7"], "hotel_price": ["498"]}, "5372975": {"hotel_name": "\u5357\u4eac\u4e50\u4e1a\u7cbe\u9009\u9152\u5e97", "order_time": ["2019-01-14 08:16:59"], "total_order": 1, "hotel_value": ["4.4"], "hotel_price": ["243"]}, "1507692": {"hotel_name": "\u80af\u5b9a\u7cbe\u9009\u9152\u5e97(\u5357\u4eac\u6ee8\u6c5f\u65b0\u57ce\u5e97)(\u539f\u5c1a\u6b27\u57ce\u5e02\u9152\u5e97)", "order_time": ["2019-01-14 08:16:59"], "total_order": 1, "hotel_value": ["4.4"], "hotel_price": ["94"]}, "5451854": {"hotel_name": "\u5357\u4eac\u91d1\u9e70\u56fd\u9645\u9152\u5e97", "order_time": ["2019-01-14 08:17:03"], "total_order": 1, "hotel_value": ["4.9"], "hotel_price": ["859"]}, "813373": {"hotel_name": "\u5357\u4eac\u6db5\u6708\u697c\u9996\u4e3d\u65af\u9152\u5e97", "order_time": ["2019-01-14 08:17:03"], "total_order": 1, "hotel_value": ["4.8"], "hotel_price": ["579"]}, "1334463": {"hotel_name": "\u5357\u4eac\u6c6a\u6d77\u56fd\u9645\u5927\u9152\u5e97", "order_time": ["2019-01-14 08:17:04"], "total_order": 1, "hotel_value": ["4.5"], "hotel_price": ["336"]}, "798937": {"hotel_name": "\u5357\u4eac\u592b\u5b50\u5e99\u56fd\u9645\u9752\u5e74\u65c5\u820d", "order_time": ["2019-01-14 08:18:56"], "total_order": 1, "hotel_value": ["4.1"], "hotel_price": ["48"]}, "25664295": {"hotel_name": "\u5357\u4eac\u5510\u6676\u9152\u5e97", "order_time": ["2019-01-14 08:18:57"], "total_order": 1, "hotel_value": ["4.8"], "hotel_price": ["196"]}, "482289": {"hotel_name": "\u5357\u4eac\u4e2d\u592e\u996d\u5e97", "order_time": ["2019-01-14 08:18:57"], "total_order": 1, "hotel_value": ["4.4"], "hotel_price": ["288"]}, "668355": {"hotel_name": "\u5357\u4eac\u534e\u6c5f\u996d\u5e97", "order_time": ["2019-01-14 08:19:01"], "total_order": 1, "hotel_value": ["4.4"], "hotel_price": ["356"]}, "1669477": {"hotel_name": "\u5357\u4eac\u65b0\u8857\u53e3\u996d\u5e97", "order_time": ["2019-01-14 08:20:57"], "total_order": 1, "hotel_value": ["4.1"], "hotel_price": ["146"]}, "15944447": {"hotel_name": "\u5357\u4eacCA\u516c\u5bd3\u9152\u5e97", "order_time": ["2019-01-14 08:20:57"], "total_order": 1, "hotel_value": ["4.8"], "hotel_price": ["230"]}, "4029612": {"hotel_name": "\u5357\u4eac\u67ab\u53f6\u7cbe\u54c1\u516c\u5bd3 (\u539f\u4e1d\u74dc\u516c\u5bd3)", "order_time": ["2019-01-14 08:20:57"], "total_order": 1, "hotel_value": ["4.2"], "hotel_price": ["123"]}, "26421136": {"hotel_name": "\u5357\u4eac818\u7cbe\u54c1\u9152\u5e97", "order_time": ["2019-01-14 08:20:57"], "total_order": 1, "hotel_value": [0], "hotel_price": ["188"]}, "5850489": {"hotel_name": "\u5357\u4eac\u5929\u7a7a\u4e4b\u57ce\u56fd\u9645\u9752\u5e74\u65c5\u820d", "order_time": ["2019-01-14 08:20:57"], "total_order": 1, "hotel_value": ["4.6"], "hotel_price": ["46"]}, "369713": {"hotel_name": "\u5357\u4eac\u7eff\u5730\u6d32\u9645\u9152\u5e97", "order_time": ["2019-01-14 08:20:57"], "total_order": 1, "hotel_value": ["4.7"], "hotel_price": ["999"]}, "1452813": {"hotel_name": "\u5982\u5bb6\u5feb\u6377\u9152\u5e97(\u5357\u4eac\u4e2d\u5c71\u9675\u666f\u533a\u82dc\u84ff\u56ed\u5927\u8857\u5e97))(\u539f\u5357\u4eac\u6708\u7259\u6e56\u9526\u6e56\u5927\u53a6\u5e97)", "order_time": ["2019-01-14 08:20:58"], "total_order": 1, "hotel_value": ["4.4"], "hotel_price": ["139"]}, "18535191": {"hotel_name": "\u5357\u4eac\u84dd\u91d1\u516c\u5bd3", "order_time": ["2019-01-14 08:20:58"], "total_order": 1, "hotel_value": ["4.9"], "hotel_price": ["164"]}, "1226130": {"hotel_name": "\u5357\u4eac\u6c90\u5ead\u9152\u5e97", "order_time": ["2019-01-14 08:20:58"], "total_order": 1, "hotel_value": ["3.6"], "hotel_price": ["179"]}, "6266251": {"hotel_name": "\u5357\u4eac\u5b89\u6155\u822a\u7a7a\u4e3b\u9898\u9152\u5e97", "order_time": ["2019-01-14 08:20:58"], "total_order": 1, "hotel_value": ["4.4"], "hotel_price": ["129"]}, "425945": {"hotel_name": "\u6c5f\u82cf\u51e4\u51f0\u53f0\u996d\u5e97", "order_time": ["2019-01-14 08:22:56"], "total_order": 1, "hotel_value": ["4.7"], "hotel_price": ["488"]}, "8838971": {"hotel_name": "\u5357\u4eac\u592b\u5b50\u5e99\u4e9a\u6735\u9152\u5e97", "order_time": ["2019-01-14 08:28:56", "2019-01-14 08:22:56"], "total_order": 2, "hotel_value": ["4.9", "4.9"], "hotel_price": ["404", "404"]}, "5804321": {"hotel_name": "\u745e\u534e\u9152\u5e97(\u5357\u4eac\u65b0\u8857\u53e3\u5e97)(\u539f\u738b\u5e9c\u5927\u8857\u5e97)", "order_time": ["2019-01-14 08:22:56"], "total_order": 1, "hotel_value": ["4.6"], "hotel_price": ["156"]}, "5323635": {"hotel_name": "\u9526\u6c5f\u4e4b\u661f(\u5357\u4eac\u6797\u4e1a\u5927\u5b66\u82b1\u56ed\u8def\u5e97)", "order_time": ["2019-01-14 08:22:56"], "total_order": 1, "hotel_value": ["4.5"], "hotel_price": ["179"]}, "2052801": {"hotel_name": "\u5357\u4eac\u82b1\u975e\u8bed\u4e3b\u9898\u5bbe\u9986", "order_time": ["2019-01-14 08:22:57"], "total_order": 1, "hotel_value": ["4.1"], "hotel_price": ["133"]}, "811672": {"hotel_name": "\u6e05\u6c90\u8fde\u9501\u9152\u5e97(\u5357\u4eac\u6816\u971e\u5bfa\u91d1\u9675\u77f3\u5316\u5e97)", "order_time": ["2019-01-14 08:22:58"], "total_order": 1, "hotel_value": ["4.1"], "hotel_price": ["132"]}, "25404399": {"hotel_name": "\u9e97\u67ab\u9152\u5e97(\u5357\u4eac\u5361\u5b50\u95e8\u5730\u94c1\u7ad9\u6c38\u4e50\u8def\u5e97)", "order_time": ["2019-01-14 08:23:01"], "total_order": 1, "hotel_value": ["4.8"], "hotel_price": ["271"]}, "2372892": {"hotel_name": "\u5357\u4eac\u7384\u6b66\u5c0f\u6808\u9752\u5e74\u65c5\u820d", "order_time": ["2019-01-14 08:23:01"], "total_order": 1, "hotel_value": ["4.4"], "hotel_price": ["57"]}, "11932474": {"hotel_name": "\u5357\u4eac\u4e3d\u90fd\u9152\u5e97", "order_time": ["2019-01-14 08:24:57"], "total_order": 1, "hotel_value": ["4.6"], "hotel_price": ["259"]}, "1687968": {"hotel_name": "\u683c\u6797\u8c6a\u6cf0(\u5357\u4eac\u5929\u5370\u5927\u9053\u5730\u94c1\u7ad9\u5e97)", "order_time": ["2019-01-14 08:24:57"], "total_order": 1, "hotel_value": ["4.3"], "hotel_price": ["209"]}, "9213689": {"hotel_name": "\u7ef4\u4e5f\u7eb3\u9152\u5e97(\u5357\u4eac\u6d66\u73e0\u4e2d\u8def\u5e97)", "order_time": ["2019-01-14 08:24:57"], "total_order": 1, "hotel_value": ["4.7"], "hotel_price": ["253"]}, "1943705": {"hotel_name": "\u5357\u4eac\u6e56\u5357\u8def\u4e9a\u6735\u9152\u5e97", "order_time": ["2019-01-14 08:24:57"], "total_order": 1, "hotel_value": ["4.8"], "hotel_price": ["481"]}, "4625250": {"hotel_name": "\u5357\u4eac\u7406\u60f3\u5bb6\u9752\u5e74\u516c\u5bd3", "order_time": ["2019-01-14 08:24:57"], "total_order": 1, "hotel_value": ["4.1"], "hotel_price": ["97"]}, "11513217": {"hotel_name": "\u5357\u4eac\u884c\u672a\u8fdc\u56fd\u9645\u9752\u5e74\u65c5\u820d", "order_time": ["2019-01-14 08:24:58"], "total_order": 1, "hotel_value": ["4.6"], "hotel_price": ["45"]}, "1448580": {"hotel_name": "\u83ab\u6cf0168(\u5357\u4eac\u535a\u7269\u9662\u4e2d\u5c71\u9675\u98ce\u666f\u533a\u5e97)(\u539f\u4e2d\u5c71\u95e8\u4e2d\u5c71\u9675\u98ce\u666f\u533a\u5e97)", "order_time": ["2019-01-14 08:26:56"], "total_order": 1, "hotel_value": ["4.4"], "hotel_price": ["155"]}, "6982288": {"hotel_name": "\u5c1a\u5ba2\u4f18(\u5357\u4eac\u6ea7\u6c34\u957f\u9014\u6c7d\u8f66\u7ad9\u5e97)", "order_time": ["2019-01-14 08:26:56"], "total_order": 1, "hotel_value": ["4.5"], "hotel_price": ["119"]}, "5215040": {"hotel_name": "\u4e07\u4fe1\u6167\u9009\u9152\u5e97(\u5357\u4eac\u5c71\u897f\u8def\u5e97)(\u539f\u5609\u8377\u5fbd\u5ead\u9152\u5e97)", "order_time": ["2019-01-14 08:26:57"], "total_order": 1, "hotel_value": ["4.0"], "hotel_price": ["223"]}, "9197785": {"hotel_name": "\u5357\u4eac\u6361\u4eba\u5427\u9752\u5e74\u56fd\u9645\u65c5\u793e", "order_time": ["2019-01-14 08:26:58"], "total_order": 1, "hotel_value": ["4.7"], "hotel_price": ["42"]}, "8651067": {"hotel_name": "\u5357\u4eacTT TOUCH\u9152\u5e97", "order_time": ["2019-01-14 08:26:58"], "total_order": 1, "hotel_value": ["4.6"], "hotel_price": ["370"]}, "5311088": {"hotel_name": "\u5357\u4eac\u99a8\u8309\u8389\u82b1\u56ed\u9152\u5e97", "order_time": ["2019-01-14 08:28:55"], "total_order": 1, "hotel_value": ["4.7"], "hotel_price": ["208"]}, "5095130": {"hotel_name": "\u901f8\u9152\u5e97(\u5357\u4eac\u83ab\u6101\u6e56\u6c34\u897f\u95e8\u5e97)", "order_time": ["2019-01-14 08:28:56"], "total_order": 1, "hotel_value": ["4.4"], "hotel_price": ["163"]}, "14616287": {"hotel_name": "\u7ef4\u4e5f\u7eb3\u56fd\u9645\u9152\u5e97(\u5357\u4eac\u6cb3\u6d77\u5927\u5b66\u5730\u94c1\u7ad9\u5e97)", "order_time": ["2019-01-14 08:28:56"], "total_order": 1, "hotel_value": ["4.7"], "hotel_price": ["316"]}, "26557803": {"hotel_name": "\u5357\u4eac\u5f90\u5e84\u82cf\u5b81\u96c5\u60a6\u9152\u5e97", "order_time": ["2019-01-14 08:28:56"], "total_order": 1, "hotel_value": ["4.7"], "hotel_price": ["388"]}, "28647575": {"hotel_name": "\u5357\u4eac\u7231\u5c1a\u51ef\u6da6\u516c\u5bd3", "order_time": ["2019-01-14 08:28:56"], "total_order": 1, "hotel_value": [0], "hotel_price": ["299"]}, "6395726": {"hotel_name": "\u53e4\u5357\u90fd\u9038\u5c45\u9152\u5e97(\u5357\u4eac\u65b0\u8857\u53e3\u4e2d\u5fc3\u5e97)(\u539f\u5f18\u5609\u65b0\u8857\u53e3\u4e00\u5e97)", "order_time": ["2019-01-14 08:28:57"], "total_order": 1, "hotel_value": ["4.8"], "hotel_price": ["323"]}, "1526858": {"hotel_name": "\u5357\u4eac\u5fc5\u5f97\u5546\u52a1\u5bbe\u9986", "order_time": ["2019-01-14 08:28:57"], "total_order": 1, "hotel_value": ["4.0"], "hotel_price": ["163"]}, "8973087": {"hotel_name": "\u5357\u4eac\u6a58\u5b50\u9752\u5e74\u65c5\u793e", "order_time": ["2019-01-14 08:28:59"], "total_order": 1, "hotel_value": ["4.5"], "hotel_price": ["81"]}}}