{"\u5f00\u59cb\u8bb0\u5f55\u65f6\u95f4": "2019-01-09 04:39:51", "\u7ed3\u675f\u8bb0\u5f55\u65f6\u95f4": "2019-01-09 05:39:51", "\u8ba2\u5355\u603b\u589e\u91cf": 42, "item": {"21688385": {"hotel_name": "\u5357\u4eacK HOTEL\u9152\u5e97", "order_time": ["2019-01-09 04:42:21"], "total_order": 1, "hotel_value": ["4.8"], "hotel_price": ["328"]}, "1535633": {"hotel_name": "\u6c49\u5ead\u9152\u5e97(\u5357\u4eac\u6c49\u4e2d\u95e8\u5730\u94c1\u7ad9\u5e97)", "order_time": ["2019-01-09 04:44:13"], "total_order": 1, "hotel_value": ["4.6"], "hotel_price": ["215"]}, "2105409": {"hotel_name": "\u5357\u4eac\u7d2b\u8346\u56fd\u9645\u9152\u5e97\u516c\u5bd3", "order_time": ["2019-01-09 04:44:18"], "total_order": 1, "hotel_value": ["4.6"], "hotel_price": ["153"]}, "18047423": {"hotel_name": "\u5357\u4eac\u6e29\u7279\u83b1\u9152\u5e97", "order_time": ["2019-01-09 04:46:18"], "total_order": 1, "hotel_value": ["4.6"], "hotel_price": ["179"]}, "813373": {"hotel_name": "\u5357\u4eac\u6db5\u6708\u697c\u9996\u4e3d\u65af\u9152\u5e97", "order_time": ["2019-01-09 04:51:12"], "total_order": 1, "hotel_value": ["4.8"], "hotel_price": ["579"]}, "5451854": {"hotel_name": "\u5357\u4eac\u91d1\u9e70\u56fd\u9645\u9152\u5e97", "order_time": ["2019-01-09 04:52:18", "2019-01-09 05:08:16", "2019-01-09 04:57:11"], "total_order": 3, "hotel_value": ["4.9", "4.9", "4.9"], "hotel_price": ["889", "889", "889"]}, "691197": {"hotel_name": "\u5357\u4eac\u767d\u5bab\u5927\u9152\u5e97", "order_time": ["2019-01-09 05:04:14", "2019-01-09 04:56:14"], "total_order": 2, "hotel_value": ["4.2", "4.2"], "hotel_price": ["268", "268"]}, "443705": {"hotel_name": "\u4e66\u9999\u4e16\u5bb6\u9152\u5e97(\u5357\u4eac\u65b0\u8857\u53e3\u5fb7\u57fa\u5e7f\u573a\u5e97)(\u539f\u7ba1\u5bb6\u6865\u5e97)", "order_time": ["2019-01-09 04:57:11"], "total_order": 1, "hotel_value": ["4.7"], "hotel_price": ["298"]}, "1816834": {"hotel_name": "\u6854\u5b50\u9152\u5e97\u00b7\u7cbe\u9009(\u5357\u4eac\u592b\u5b50\u5e99\u5e97)", "order_time": ["2019-01-09 04:57:11"], "total_order": 1, "hotel_value": ["4.8"], "hotel_price": ["303"]}, "425945": {"hotel_name": "\u6c5f\u82cf\u51e4\u51f0\u53f0\u996d\u5e97", "order_time": ["2019-01-09 05:16:14", "2019-01-09 04:57:11"], "total_order": 2, "hotel_value": ["4.7", "4.7"], "hotel_price": ["331", "248"]}, "375288": {"hotel_name": "\u5357\u4eac\u7384\u6b66\u996d\u5e97", "order_time": ["2019-01-09 04:57:11"], "total_order": 1, "hotel_value": ["4.7"], "hotel_price": ["548"]}, "3327690": {"hotel_name": "\u6c64\u5c71\u7d2b\u6e05\u6e56\u6e29\u6cc9\u5ea6\u5047\u9152\u5e97", "order_time": ["2019-01-09 04:57:11"], "total_order": 1, "hotel_value": ["4.8"], "hotel_price": ["769"]}, "369717": {"hotel_name": "\u5357\u4eac\u91d1\u9e70\u73e0\u6c5f\u58f9\u53f7\u56fd\u9645\u9152\u5e97", "order_time": ["2019-01-09 04:57:11"], "total_order": 1, "hotel_value": ["4.7"], "hotel_price": ["580"]}, "6475650": {"hotel_name": "\u5357\u4eac\u96bd\u6052\u9152\u5e97(\u539f\u6cb3\u6d77\u5927\u5b66\u56fd\u9645\u4ea4\u6d41\u4e2d\u5fc3)", "order_time": ["2019-01-09 04:57:11"], "total_order": 1, "hotel_value": ["4.8"], "hotel_price": ["468"]}, "419566": {"hotel_name": "\u5357\u4eac\u53e4\u5357\u90fd\u996d\u5e97", "order_time": ["2019-01-09 04:57:11"], "total_order": 1, "hotel_value": ["4.8"], "hotel_price": ["499"]}, "19809244": {"hotel_name": "\u7f8e\u8c6a\u4e3d\u81f4\u9152\u5e97(\u5357\u4eac\u65b0\u8857\u53e3\u5fb7\u57fa\u5e7f\u573a\u5e97)", "order_time": ["2019-01-09 04:57:11"], "total_order": 1, "hotel_value": ["4.8"], "hotel_price": ["580"]}, "10608188": {"hotel_name": "\u5357\u4eac\u5357\u7ad9\u5e0c\u5c14\u987f\u6b22\u670b\u9152\u5e97", "order_time": ["2019-01-09 04:57:11"], "total_order": 1, "hotel_value": ["4.8"], "hotel_price": ["469"]}, "378829": {"hotel_name": "\u5357\u4eac\u57ce\u5e02\u540d\u4eba\u9152\u5e97", "order_time": ["2019-01-09 04:57:11"], "total_order": 1, "hotel_value": ["4.8"], "hotel_price": ["523"]}, "754206": {"hotel_name": "\u5357\u4eac\u6021\u534e\u9152\u5e97", "order_time": ["2019-01-09 04:57:11"], "total_order": 1, "hotel_value": ["4.7"], "hotel_price": ["478"]}, "471367": {"hotel_name": "\u5357\u4eac\u82cf\u5b81\u73af\u7403\u5957\u623f\u996d\u5e97", "order_time": ["2019-01-09 04:57:11"], "total_order": 1, "hotel_value": ["4.8"], "hotel_price": ["508"]}, "846891": {"hotel_name": "\u4e66\u9999\u4e16\u5bb6\u9152\u5e97(\u5357\u4eac\u65b0\u8857\u53e3\u4e09\u5143\u5df7\u5e97)(\u539f\u4e2d\u6c5f\u4e66\u9999\u4e16\u5bb6\u9152\u5e97)", "order_time": ["2019-01-09 04:57:11"], "total_order": 1, "hotel_value": ["4.8"], "hotel_price": ["299"]}, "4604055": {"hotel_name": "\u5c1a\u5ba2\u4f18\u8fde\u9501\u9152\u5e97(\u5357\u4eac\u592b\u5b50\u5e99\u6c34\u6e38\u57ce\u5e97)", "order_time": ["2019-01-09 05:06:21"], "total_order": 1, "hotel_value": ["4.0"], "hotel_price": ["132"]}, "434907": {"hotel_name": "\u5357\u4eac\u66d9\u5149\u56fd\u9645\u5927\u9152\u5e97", "order_time": ["2019-01-09 05:09:20"], "total_order": 1, "hotel_value": ["4.7"], "hotel_price": ["432"]}, "1985139": {"hotel_name": "\u53e4\u5357\u90fd\u9038\u5c45\u9152\u5e97(\u5357\u4eac\u65b0\u8857\u53e3\u6c49\u4e2d\u95e8\u5730\u94c1\u7ad9\u5e97)", "order_time": ["2019-01-09 05:26:15", "2019-01-09 05:10:16"], "total_order": 2, "hotel_value": ["4.6", "4.6"], "hotel_price": ["195", "195"]}, "1209418": {"hotel_name": "\u83ab\u6cf0168(\u5357\u4eac\u592b\u5b50\u5e99\u4e09\u5c71\u8857\u5730\u94c1\u7ad9\u5e97)", "order_time": ["2019-01-09 05:14:23"], "total_order": 1, "hotel_value": ["4.6"], "hotel_price": ["132"]}, "1457158": {"hotel_name": "\u5982\u5bb6\u5feb\u6377\u9152\u5e97(\u5357\u4eac\u8679\u6865\u4e2d\u5fc3\u4e09\u724c\u697c\u5927\u8857\u5e97)", "order_time": ["2019-01-09 05:14:24"], "total_order": 1, "hotel_value": ["4.5"], "hotel_price": ["155"]}, "1004759": {"hotel_name": "\u9e97\u67ab\u9152\u5e97(\u5357\u4eac\u592b\u5b50\u5e99\u5927\u5149\u8def\u5e97)", "order_time": ["2019-01-09 05:16:24"], "total_order": 1, "hotel_value": ["4.6"], "hotel_price": ["225"]}, "369785": {"hotel_name": "\u5357\u4eac\u7d22\u83f2\u7279\u94f6\u6cb3\u5927\u9152\u5e97", "order_time": ["2019-01-09 05:18:21"], "total_order": 1, "hotel_value": ["4.7"], "hotel_price": ["598"]}, "1645867": {"hotel_name": "\u6e05\u6c90\u8fde\u9501\u9152\u5e97(\u5357\u4eac\u6339\u6c5f\u95e8\u5e97)", "order_time": ["2019-01-09 05:20:16"], "total_order": 1, "hotel_value": ["4.3"], "hotel_price": ["166"]}, "3362780": {"hotel_name": "\u5fe0\u7ea2\u5bbe\u9986(\u5357\u4eac\u7984\u53e3\u673a\u573a\u5e97)(\u539f\u519c\u5bb6\u5c0f\u82d1\u6c11\u5bbf\u9986)", "order_time": ["2019-01-09 05:32:46"], "total_order": 1, "hotel_value": ["4.5"], "hotel_price": ["99"]}, "474140": {"hotel_name": "\u5357\u4eac\u5bb9\u5929\u5bbe\u9986", "order_time": ["2019-01-09 05:32:46"], "total_order": 1, "hotel_value": ["3.3"], "hotel_price": ["113"]}, "1649079": {"hotel_name": "\u80af\u5b9a\u5bbe\u9986\u8fde\u9501(\u5357\u4eac\u6e56\u5357\u8def\u72ee\u5b50\u6865\u5e97)", "order_time": ["2019-01-09 05:32:46"], "total_order": 1, "hotel_value": ["4.0"], "hotel_price": ["111"]}, "2614672": {"hotel_name": "\u5357\u4eac\u5f88\u9ad8\u5174\u9047\u89c1\u4f60\u9752\u5e74\u65c5\u793e(\u539f\u7f18\u6765\u4f60\u5728\u8fd9\u91cc\u9752\u5e74\u65c5\u793e)", "order_time": ["2019-01-09 05:32:46"], "total_order": 1, "hotel_value": [0], "hotel_price": ["32"]}, "5451472": {"hotel_name": "\u5357\u4eac\u4e91\u822a\u5bbe\u9986", "order_time": ["2019-01-09 05:32:46"], "total_order": 1, "hotel_value": ["4.6"], "hotel_price": ["106"]}, "2469519": {"hotel_name": "\u5357\u4eac\u68a6\u90fd\u5bbe\u9986", "order_time": ["2019-01-09 05:32:46"], "total_order": 1, "hotel_value": [0], "hotel_price": ["42"]}, "1452143": {"hotel_name": "\u5982\u5bb6\u5feb\u6377\u9152\u5e97(\u5357\u4eac\u96e8\u82b1\u95e8\u5730\u94c1\u7ad9\u5927\u660e\u8def\u5e97)", "order_time": ["2019-01-09 05:34:19"], "total_order": 1, "hotel_value": ["4.1"], "hotel_price": ["132"]}, "4727373": {"hotel_name": "\u5982\u5bb6\u5546\u65c5\u9152\u5e97(\u5357\u4eac\u65b0\u8857\u53e3\u4e2d\u5fc3\u5e97)", "order_time": ["2019-01-09 05:36:29"], "total_order": 1, "hotel_value": ["4.8"], "hotel_price": ["258"]}}}