{"\u5f00\u59cb\u8bb0\u5f55\u65f6\u95f4": "2019-01-14 09:50:33", "\u7ed3\u675f\u8bb0\u5f55\u65f6\u95f4": "2019-01-14 10:50:33", "\u8ba2\u5355\u603b\u589e\u91cf": 348, "item": {"435363": {"hotel_name": "\u5357\u4eac\u82cf\u5b81\u5a01\u5c3c\u65af\u9152\u5e97", "order_time": ["2019-01-14 09:52:40"], "total_order": 1, "hotel_value": ["4.8"], "hotel_price": ["396"]}, "26446286": {"hotel_name": "\u5357\u4eac\u65b0\u6e2f\u5f00\u53d1\u533a\u4e9a\u6735\u9152\u5e97", "order_time": ["2019-01-14 09:52:41"], "total_order": 1, "hotel_value": ["4.8"], "hotel_price": ["349"]}, "432006": {"hotel_name": "\u6708\u8272\u98ce\u5c1a\u00b7\u5f71\u9662\u9152\u5e97(\u5357\u4eac\u65b0\u8857\u53e3\u73e0\u6c5f\u8def\u5730\u94c1\u5e97)", "order_time": ["2019-01-14 09:52:43"], "total_order": 1, "hotel_value": ["4.4"], "hotel_price": ["283"]}, "25664295": {"hotel_name": "\u5357\u4eac\u5510\u6676\u9152\u5e97", "order_time": ["2019-01-14 09:52:44"], "total_order": 1, "hotel_value": ["4.8"], "hotel_price": ["196"]}, "433881": {"hotel_name": "\u5357\u4eac\u65b9\u6e90\u91d1\u9675\u56fd\u9645\u9152\u5e97", "order_time": ["2019-01-14 09:52:45", "2019-01-14 10:36:43"], "total_order": 2, "hotel_value": ["4.2", "4.2"], "hotel_price": ["412", "412"]}, "2487487": {"hotel_name": "\u6c49\u5ead\u9152\u5e97(\u5357\u4eac\u592b\u5b50\u5e99\u5f20\u5e9c\u56ed\u5730\u94c1\u7ad9\u5e97)", "order_time": ["2019-01-14 09:52:46"], "total_order": 1, "hotel_value": ["4.4"], "hotel_price": ["237"]}, "1938340": {"hotel_name": "\u9526\u6c5f\u4e4b\u661f(\u5357\u4eac\u65b0\u8857\u53e3\u5e97)", "order_time": ["2019-01-14 09:52:50"], "total_order": 1, "hotel_value": ["4.4"], "hotel_price": ["209"]}, "946985": {"hotel_name": "\u53e4\u90fd\u6587\u5316\u5546\u52a1\u65c5\u9986(\u5357\u4eac\u65b0\u8857\u53e3\u5e97)", "order_time": ["2019-01-14 09:52:53"], "total_order": 1, "hotel_value": ["4.4"], "hotel_price": ["155"]}, "6391627": {"hotel_name": "\u5357\u4eac\u7406\u60f3\u5bb6\u9152\u5e97\u516c\u5bd3", "order_time": ["2019-01-14 09:52:57"], "total_order": 1, "hotel_value": ["4.4"], "hotel_price": ["163"]}, "813373": {"hotel_name": "\u5357\u4eac\u6db5\u6708\u697c\u9996\u4e3d\u65af\u9152\u5e97", "order_time": ["2019-01-14 09:53:04", "2019-01-14 09:56:58"], "total_order": 2, "hotel_value": ["4.8", "4.8"], "hotel_price": ["579", "579"]}, "17525181": {"hotel_name": "\u5357\u4eac\u5357\u7ad9\u80dc\u592a\u897f\u8def\u4e9a\u6735\u9152\u5e97", "order_time": ["2019-01-14 09:54:40"], "total_order": 1, "hotel_value": ["4.8"], "hotel_price": ["370"]}, "2624089": {"hotel_name": "\u5357\u4eac\u603b\u7edf\u5e9c\u4e9a\u6735\u9152\u5e97", "order_time": ["2019-01-14 09:54:40"], "total_order": 1, "hotel_value": ["4.7"], "hotel_price": ["360"]}, "419571": {"hotel_name": "\u5357\u4eac\u91d1\u9e70\u7687\u51a0\u5047\u65e5\u9152\u5e97", "order_time": ["2019-01-14 09:54:40"], "total_order": 1, "hotel_value": ["4.7"], "hotel_price": ["568"]}, "5451854": {"hotel_name": "\u5357\u4eac\u91d1\u9e70\u56fd\u9645\u9152\u5e97", "order_time": ["2019-01-14 09:54:40"], "total_order": 1, "hotel_value": ["4.9"], "hotel_price": ["828"]}, "369717": {"hotel_name": "\u5357\u4eac\u91d1\u9e70\u73e0\u6c5f\u58f9\u53f7\u56fd\u9645\u9152\u5e97", "order_time": ["2019-01-14 09:54:40"], "total_order": 1, "hotel_value": ["4.7"], "hotel_price": ["508"]}, "443712": {"hotel_name": "\u5357\u4eac\u56fd\u4fe1\u5927\u9152\u5e97", "order_time": ["2019-01-14 09:54:40"], "total_order": 1, "hotel_value": ["4.6"], "hotel_price": ["289"]}, "433082": {"hotel_name": "\u5357\u4eac\u9ec4\u57d4\u5927\u9152\u5e97", "order_time": ["2019-01-14 09:54:40"], "total_order": 1, "hotel_value": ["4.7"], "hotel_price": ["258"]}, "964557": {"hotel_name": "\u5fa1\u534e\u5ead\u5feb\u6377\u65c5\u5e97(\u5357\u4eac\u5149\u534e\u95e8\u5e97)", "order_time": ["2019-01-14 09:54:41"], "total_order": 1, "hotel_value": ["4.2"], "hotel_price": ["99"]}, "22825276": {"hotel_name": "\u5357\u4eac\u8bc1\u5927\u5168\u60a6\u516c\u5bd3", "order_time": ["2019-01-14 09:54:42"], "total_order": 1, "hotel_value": ["4.7"], "hotel_price": ["278"]}, "1960551": {"hotel_name": "\u5357\u4eac\u7984\u53e3\u673a\u573a\u94c2\u5c14\u66fc\u5927\u9152\u5e97", "order_time": ["2019-01-14 09:54:43"], "total_order": 1, "hotel_value": ["4.7"], "hotel_price": ["628"]}, "14002765": {"hotel_name": "\u5357\u4eac\u9999\u8212\u9601\u5bbe\u9986", "order_time": ["2019-01-14 09:54:44", "2019-01-14 10:18:40"], "total_order": 2, "hotel_value": ["4.9", "4.9"], "hotel_price": ["95", "95"]}, "1585888": {"hotel_name": "\u9526\u6c5f\u4e4b\u661f(\u5357\u4eac\u5965\u4f53\u9ec4\u5c71\u8def\u5e97)", "order_time": ["2019-01-14 09:54:44"], "total_order": 1, "hotel_value": ["4.3"], "hotel_price": ["189"]}, "798937": {"hotel_name": "\u5357\u4eac\u592b\u5b50\u5e99\u56fd\u9645\u9752\u5e74\u65c5\u820d", "order_time": ["2019-01-14 09:54:44"], "total_order": 1, "hotel_value": ["4.1"], "hotel_price": ["48"]}, "6063855": {"hotel_name": "\u5357\u4eac\u6c34\u6676\u4e3d\u6a59\u9152\u5e97", "order_time": ["2019-01-14 09:54:44"], "total_order": 1, "hotel_value": ["4.2"], "hotel_price": ["314"]}, "1500412": {"hotel_name": "\u5357\u4eac\u77bb\u56ed\u56fd\u9645\u9752\u5e74\u65c5\u820d", "order_time": ["2019-01-14 09:54:47"], "total_order": 1, "hotel_value": ["4.2"], "hotel_price": ["50"]}, "5667362": {"hotel_name": "\u5357\u4eac\u7a7a\u90fd\u9152\u5e97", "order_time": ["2019-01-14 09:54:47"], "total_order": 1, "hotel_value": ["4.5"], "hotel_price": ["282"]}, "18006446": {"hotel_name": "\u798f\u68ee\u9152\u5e97\u516c\u5bd3(\u5357\u4eac\u5965\u4f53\u5e97)", "order_time": ["2019-01-14 09:56:40"], "total_order": 1, "hotel_value": ["4.8"], "hotel_price": ["203"]}, "1209418": {"hotel_name": "\u83ab\u6cf0168(\u5357\u4eac\u592b\u5b50\u5e99\u4e09\u5c71\u8857\u5730\u94c1\u7ad9\u5e97)", "order_time": ["2019-01-14 09:56:40"], "total_order": 1, "hotel_value": ["4.6"], "hotel_price": ["167"]}, "6870672": {"hotel_name": "Q\u52a0\u00b7\u8303\u6cf0\u65af\u7279\u9152\u5e97(\u5357\u4eac\u5357\u7ad9\u5e97)", "order_time": ["2019-01-14 09:56:41"], "total_order": 1, "hotel_value": ["4.7"], "hotel_price": ["143"]}, "669100": {"hotel_name": "\u5357\u4eac\u91d1\u5965\u8d39\u5c14\u8499\u9152\u5e97", "order_time": ["2019-01-14 09:56:41", "2019-01-14 10:02:42"], "total_order": 2, "hotel_value": ["4.7", "4.7"], "hotel_price": ["840", "840"]}, "6083482": {"hotel_name": "\u5357\u4eac\u53e4\u5357\u90fd\u5efa\u5eb7\u996d\u5e97", "order_time": ["2019-01-14 09:56:41"], "total_order": 1, "hotel_value": ["4.7"], "hotel_price": ["205"]}, "5372071": {"hotel_name": "\u73cd\u5b9d\u5047\u65e5\u996d\u5e97(\u5357\u4eac\u6c5f\u5b81\u5e97)", "order_time": ["2019-01-14 10:16:40", "2019-01-14 09:56:42"], "total_order": 2, "hotel_value": ["4.8", "4.8"], "hotel_price": ["496", "496"]}, "2295087": {"hotel_name": "7\u5929\u8fde\u9501\u9152\u5e97(\u5357\u4eac\u592b\u5b50\u5e99\u5730\u94c1\u7ad9\u666f\u533a\u5e97)(\u539f\u592b\u5b50\u5e99\u4e2d\u5fc3\u5e97)", "order_time": ["2019-01-14 09:56:43", "2019-01-14 10:42:41", "2019-01-14 10:30:40"], "total_order": 3, "hotel_value": ["4.2", "4.2", "4.2"], "hotel_price": ["119", "119", "177"]}, "3396393": {"hotel_name": "\u5357\u4eac\u4e00\u8def\u9633\u5149\u5bbe\u9986", "order_time": ["2019-01-14 09:56:43"], "total_order": 1, "hotel_value": ["4.3"], "hotel_price": ["111"]}, "1686633": {"hotel_name": "\u4e16\u7eaa\u4e4b\u661f\u4f18\u4eab\u9152\u5e97(\u5357\u4eac\u671d\u5929\u5bab\u5e97)", "order_time": ["2019-01-14 09:56:47", "2019-01-14 10:26:42"], "total_order": 2, "hotel_value": ["3.3", "3.3"], "hotel_price": ["129", "129"]}, "2069884": {"hotel_name": "\u5357\u4eac\u7231\u5c1a\u82b1\u56ed\u9152\u5e97\u516c\u5bd3", "order_time": ["2019-01-14 09:56:54"], "total_order": 1, "hotel_value": ["4.7"], "hotel_price": ["248"]}, "4447194": {"hotel_name": "\u5357\u4eac\u9a7f\u5ead\u5bbe\u9986", "order_time": ["2019-01-14 09:56:54"], "total_order": 1, "hotel_value": ["4.1"], "hotel_price": ["152"]}, "3892077": {"hotel_name": "\u6e05\u6c90\u8ff7\u5de2\u9152\u5e97(\u5357\u4eac\u6e56\u5357\u8def\u5929\u661f\u7fe0\u7405\u5927\u53a6\u5e97)", "order_time": ["2019-01-14 09:58:39"], "total_order": 1, "hotel_value": ["4.2"], "hotel_price": ["175"]}, "22825205": {"hotel_name": "\u5357\u4eac\u7d2b\u7384\u9152\u5e97", "order_time": ["2019-01-14 09:58:40"], "total_order": 1, "hotel_value": ["4.9"], "hotel_price": ["512"]}, "1943360": {"hotel_name": "\u69b4\u83b2\u5c0f\u661f\u7cd6\u679c\u9152\u5e97(\u5357\u4eac\u7384\u6b66\u6e56\u5e97)", "order_time": ["2019-01-14 09:58:40"], "total_order": 1, "hotel_value": ["4.2"], "hotel_price": ["236"]}, "5469110": {"hotel_name": "\u5357\u4eac\u5929\u79a7\u9152\u5e97", "order_time": ["2019-01-14 09:58:40"], "total_order": 1, "hotel_value": ["4.6"], "hotel_price": ["422"]}, "14251302": {"hotel_name": "\u5357\u4eac\u6d6e\u751f\u6e29\u6cc9\u6c11\u5bbf", "order_time": ["2019-01-14 09:58:40"], "total_order": 1, "hotel_value": ["4.8"], "hotel_price": ["579"]}, "1829653": {"hotel_name": "\u901f8\u9152\u5e97(\u5357\u4eac\u89e3\u653e\u8def\u5e97)", "order_time": ["2019-01-14 09:58:40"], "total_order": 1, "hotel_value": ["3.7"], "hotel_price": ["148"]}, "1943957": {"hotel_name": "\u5357\u4eac\u4ed9\u6797\u677e\u5c71\u6e56\u5bbe\u9986", "order_time": ["2019-01-14 09:58:41"], "total_order": 1, "hotel_value": ["4.4"], "hotel_price": ["358"]}, "2035485": {"hotel_name": "\u6f2b\u5fc3\u9152\u5e97(\u5357\u4eac\u592b\u5b50\u5e99\u6c34\u97f5\u79e6\u6dee\u5e97)", "order_time": ["2019-01-14 09:58:41"], "total_order": 1, "hotel_value": ["4.8"], "hotel_price": ["427"]}, "898232": {"hotel_name": "\u5929\u76db\u5927\u9152\u5e97(\u5357\u4eac\u65b0\u8857\u53e3\u5f20\u5e9c\u56ed\u5730\u94c1\u7ad9\u5e97)", "order_time": ["2019-01-14 10:12:42", "2019-01-14 09:58:41", "2019-01-14 10:46:42"], "total_order": 3, "hotel_value": ["4.5", "4.5", "4.5"], "hotel_price": ["255", "255", "255"]}, "2043640": {"hotel_name": "7\u5929\u4f18\u54c1\u9152\u5e97(\u5357\u4eac\u6c49\u4e2d\u95e8\u5730\u94c1\u7ad9\u5e97)", "order_time": ["2019-01-14 09:58:42"], "total_order": 1, "hotel_value": ["4.3"], "hotel_price": ["263"]}, "1773319": {"hotel_name": "\u6d77\u53cb\u9152\u5e97(\u5357\u4eac\u592b\u5b50\u5e99\u4e2d\u5fc3\u5e97)", "order_time": ["2019-01-14 09:58:42"], "total_order": 1, "hotel_value": ["4.1"], "hotel_price": ["161"]}, "6645069": {"hotel_name": "\u6613\u4f70\u826f\u54c1\u9152\u5e97(\u5357\u4eac\u5357\u7ad9\u5317\u5e7f\u573a\u5e97)", "order_time": ["2019-01-14 09:58:42"], "total_order": 1, "hotel_value": ["4.2"], "hotel_price": ["154"]}, "5992970": {"hotel_name": "\u5357\u4eactime\u4e3b\u9898\u9152\u5e97", "order_time": ["2019-01-14 10:22:40", "2019-01-14 09:58:42"], "total_order": 2, "hotel_value": ["4.4", "4.4"], "hotel_price": ["183", "198"]}, "1862187": {"hotel_name": "\u80af\u5b9a\u5bbe\u9986\u8fde\u9501(\u5357\u4eac\u6c5f\u5b81\u6258\u4e50\u5609\u5e97)", "order_time": ["2019-01-14 09:58:43", "2019-01-14 10:28:40"], "total_order": 2, "hotel_value": ["3.9", "3.9"], "hotel_price": ["118", "118"]}, "6124655": {"hotel_name": "\u7ef4\u4e5f\u7eb3\u9152\u5e97(\u5357\u4eac\u516d\u5408\u533a\u653f\u5e9c\u9f99\u6c60\u5730\u94c1\u7ad9\u5e97)", "order_time": ["2019-01-14 09:58:44"], "total_order": 1, "hotel_value": ["4.6"], "hotel_price": ["202"]}, "1945302": {"hotel_name": "\u5357\u4eac\u9ad8\u6df3\u82b1\u6da7\u5802\u5b98\u6eaa\u4eba\u6587\u5ba2\u6808", "order_time": ["2019-01-14 09:58:45"], "total_order": 1, "hotel_value": ["4.5"], "hotel_price": ["356"]}, "1641422": {"hotel_name": "\u5357\u4eac\u53cc\u4e30\u5bbe\u9986", "order_time": ["2019-01-14 09:58:46"], "total_order": 1, "hotel_value": ["3.8"], "hotel_price": ["99"]}, "1873875": {"hotel_name": "\u90fd\u57ce\u9152\u5e97(\u5357\u4eac\u6c5f\u5b81\u767e\u5bb6\u6e561912\u8857\u533a\u91d1\u9e70\u5e97)", "order_time": ["2019-01-14 10:00:45"], "total_order": 1, "hotel_value": ["4.4"], "hotel_price": ["253"]}, "1211088": {"hotel_name": "\u83ab\u6cf0168(\u5357\u4eac\u65b0\u8857\u53e3\u5546\u4e1a\u4e2d\u5fc3\u660e\u74e6\u5eca\u5e97)", "order_time": ["2019-01-14 10:00:45"], "total_order": 1, "hotel_value": ["4.5"], "hotel_price": ["189"]}, "25050379": {"hotel_name": "\u5357\u4eac\u5965\u4f53\u4e2d\u5fc3\u4e9a\u6735S\u9152\u5e97", "order_time": ["2019-01-14 10:34:41", "2019-01-14 10:00:46", "2019-01-14 10:28:39"], "total_order": 3, "hotel_value": ["4.8", "4.8", "4.8"], "hotel_price": ["407", "432", "407"]}, "3456452": {"hotel_name": "\u5357\u4eac\u65b0\u8857\u53e3\u738b\u5e9c\u5927\u8857\u4e9a\u6735\u9152\u5e97", "order_time": ["2019-01-14 10:00:46"], "total_order": 1, "hotel_value": ["4.8"], "hotel_price": ["367"]}, "1674601": {"hotel_name": "\u6d77\u53cb\u9152\u5e97(\u5357\u4eac\u706b\u8f66\u7ad9\u5e97)", "order_time": ["2019-01-14 10:00:46"], "total_order": 1, "hotel_value": ["3.7"], "hotel_price": ["142"]}, "1457946": {"hotel_name": "\u5357\u4eac\u4e94\u4e00\u5bbe\u9986", "order_time": ["2019-01-14 10:00:46"], "total_order": 1, "hotel_value": ["4.5"], "hotel_price": ["381"]}, "458400": {"hotel_name": "\u6d77\u53cb\u9152\u5e97(\u5357\u4eac\u8fc8\u768b\u6865\u5e97)(\u539f\u7ecf\u4e94\u8def\u5e97)", "order_time": ["2019-01-14 10:00:47"], "total_order": 1, "hotel_value": ["3.8"], "hotel_price": ["104"]}, "23843348": {"hotel_name": "\u5357\u4eac\u541b\u9a7f\u56fd\u9645\u9152\u5e97", "order_time": ["2019-01-14 10:00:47"], "total_order": 1, "hotel_value": ["4.7"], "hotel_price": ["183"]}, "1465490": {"hotel_name": "\u5357\u4eac\u94f6\u767e\u5feb\u6377\u9152\u5e97", "order_time": ["2019-01-14 10:06:40", "2019-01-14 10:00:48"], "total_order": 2, "hotel_value": ["3.3", "3.3"], "hotel_price": ["65", "70"]}, "859236": {"hotel_name": "\u6c49\u5ead\u9152\u5e97(\u5357\u4eac\u65b0\u8857\u53e3\u534e\u4fa8\u8def\u5e97)", "order_time": ["2019-01-14 10:00:48"], "total_order": 1, "hotel_value": ["4.3"], "hotel_price": ["303"]}, "1286836": {"hotel_name": "\u683c\u6797\u8c6a\u6cf0\u667a\u9009\u9152\u5e97(\u5357\u4eac\u6c5f\u5b81\u4e07\u8fbe\u5e7f\u573a\u5e97)", "order_time": ["2019-01-14 10:00:49"], "total_order": 1, "hotel_value": ["4.2"], "hotel_price": ["127"]}, "1376545": {"hotel_name": "\u5357\u4eac\u4e3d\u94c2\u6c34\u6676\u9152\u5e97", "order_time": ["2019-01-14 10:00:50"], "total_order": 1, "hotel_value": ["4.1"], "hotel_price": ["93"]}, "4727375": {"hotel_name": "\u683c\u6797\u8c6a\u6cf0(\u5357\u4eac\u65b0\u8857\u53e3\u5730\u94c1\u7ad9\u5e97)", "order_time": ["2019-01-14 10:00:51"], "total_order": 1, "hotel_value": ["3.7"], "hotel_price": ["158"]}, "15057335": {"hotel_name": "\u5357\u4eac\u666f\u67ab\u4e07\u8c6a\u9152\u5e97", "order_time": ["2019-01-14 10:34:41", "2019-01-14 10:02:41"], "total_order": 2, "hotel_value": ["4.6", "4.6"], "hotel_price": ["669", "669"]}, "7570688": {"hotel_name": "\u5357\u4eac\u6cb3\u897f\u82cf\u5b81\u96c5\u60a6\u9152\u5e97", "order_time": ["2019-01-14 10:02:41"], "total_order": 1, "hotel_value": ["4.6"], "hotel_price": ["414"]}, "21146292": {"hotel_name": "\u6c34\u4e91\u8f69\u5bbe\u9986(\u5357\u4eac\u7984\u53e3\u56fd\u9645\u673a\u573a\u5e97)", "order_time": ["2019-01-14 10:02:42"], "total_order": 1, "hotel_value": ["4.8"], "hotel_price": ["123"]}, "1453801": {"hotel_name": "\u5982\u5bb6\u5feb\u6377\u9152\u5e97(\u5357\u4eac\u957f\u9014\u6c7d\u8f66\u4e1c\u7ad9\u6797\u4e1a\u5927\u5b66\u65b0\u5e84\u5730\u94c1\u7ad9\u5e97)", "order_time": ["2019-01-14 10:02:43"], "total_order": 1, "hotel_value": ["4.4"], "hotel_price": ["180"]}, "1457158": {"hotel_name": "\u5982\u5bb6\u5feb\u6377\u9152\u5e97(\u5357\u4eac\u8679\u6865\u4e2d\u5fc3\u4e09\u724c\u697c\u5927\u8857\u5e97)", "order_time": ["2019-01-14 10:02:44"], "total_order": 1, "hotel_value": ["4.5"], "hotel_price": ["316"]}, "1946035": {"hotel_name": "\u5c16\u5fae\u7a7a\u95f4\u827a\u672f\u9152\u5e97(\u5357\u4eac\u592b\u5b50\u5e99\u5e97)", "order_time": ["2019-01-14 10:02:44"], "total_order": 1, "hotel_value": ["4.7"], "hotel_price": ["135"]}, "2052801": {"hotel_name": "\u5357\u4eac\u82b1\u975e\u8bed\u4e3b\u9898\u5bbe\u9986", "order_time": ["2019-01-14 10:02:45"], "total_order": 1, "hotel_value": ["4.1"], "hotel_price": ["133"]}, "1452010": {"hotel_name": "\u5982\u5bb6\u5feb\u6377\u9152\u5e97(\u5357\u4eac\u6e56\u5357\u8def\u72ee\u5b50\u6865\u7f8e\u98df\u8857\u5e97)", "order_time": ["2019-01-14 10:04:40"], "total_order": 1, "hotel_value": ["4.3"], "hotel_price": ["255"]}, "1926738": {"hotel_name": "\u5982\u5bb6\u5feb\u6377\u9152\u5e97(\u5357\u4eac\u5357\u7ad9\u80dc\u592a\u897f\u8def\u7fe0\u5c4f\u5c71\u5730\u94c1\u7ad9\u5e97)", "order_time": ["2019-01-14 10:04:41"], "total_order": 1, "hotel_value": ["4.6"], "hotel_price": ["237"]}, "427748": {"hotel_name": "\u6c47\u4e3d\u9152\u5e97(\u5357\u4eac\u519b\u533a\u603b\u9662\u5e97)", "order_time": ["2019-01-14 10:28:40", "2019-01-14 10:04:41"], "total_order": 2, "hotel_value": ["4.4", "4.4"], "hotel_price": ["169", "169"]}, "481015": {"hotel_name": "\u73cd\u5b9d\u5047\u65e5\u996d\u5e97(\u5357\u4eac\u51e4\u53f0\u5357\u8def\u5e97)", "order_time": ["2019-01-14 10:04:41"], "total_order": 1, "hotel_value": ["4.6"], "hotel_price": ["326"]}, "15065032": {"hotel_name": "\u5982\u5bb6\u7cbe\u9009\u9152\u5e97(\u5357\u4eac\u592b\u5b50\u5e99\u767d\u4e0b\u8def\u5e97)", "order_time": ["2019-01-14 10:24:40", "2019-01-14 10:04:42", "2019-01-14 10:14:39"], "total_order": 3, "hotel_value": ["4.8", "4.8", "4.8"], "hotel_price": ["283", "283", "283"]}, "470827": {"hotel_name": "\u9526\u6c5f\u5357\u4eac\u996d\u5e97", "order_time": ["2019-01-14 10:04:42"], "total_order": 1, "hotel_value": ["4.8"], "hotel_price": ["418"]}, "8627469": {"hotel_name": "\u5bb6\u7f8e\u597d\u592a\u7a7a\u65c5\u9986(\u5357\u4eac\u706b\u8f66\u7ad9\u7384\u6b66\u6e56\u5e97)(\u539f\u6e56\u5149\u5c71\u820d\u592a\u7a7a\u8231\u80f6\u56ca\u65c5\u820d)", "order_time": ["2019-01-14 10:04:42"], "total_order": 1, "hotel_value": ["4.4"], "hotel_price": ["89"]}, "14255250": {"hotel_name": "\u5c1a\u5ba2\u4f18\u9a8f\u6021\u8fde\u9501\u9152\u5e97\u7fd4\u5b87\u8def\u5357\u5730\u94c1\u7ad9\u5e97", "order_time": ["2019-01-14 10:04:42", "2019-01-14 10:14:40"], "total_order": 2, "hotel_value": ["4.3", "4.3"], "hotel_price": ["102", "102"]}, "11158236": {"hotel_name": "\u5357\u4eac\u65b0\u57cewe\u9152\u5e97", "order_time": ["2019-01-14 10:04:43"], "total_order": 1, "hotel_value": ["4.6"], "hotel_price": ["143"]}, "5236895": {"hotel_name": "99\u65c5\u9986\u8fde\u9501(\u5357\u4eac\u80dc\u592a\u8def\u5730\u94c1\u7ad9\u5e97)", "order_time": ["2019-01-14 10:04:43"], "total_order": 1, "hotel_value": ["4.1"], "hotel_price": ["124"]}, "6226081": {"hotel_name": "\u5357\u4eac\u987a\u6c34\u5ead\u8f69\u5bbe\u9986", "order_time": ["2019-01-14 10:04:43"], "total_order": 1, "hotel_value": ["4.2"], "hotel_price": ["123"]}, "5237933": {"hotel_name": "\u5357\u4eac\u6d2a\u6cf0\u65c5\u9986", "order_time": ["2019-01-14 10:04:44"], "total_order": 1, "hotel_value": ["4.5"], "hotel_price": ["128"]}, "22419747": {"hotel_name": "\u7ef4\u4e5f\u7eb3\u9152\u5e97(\u5357\u4eac\u542f\u8fea\u5927\u8857\u5e97)", "order_time": ["2019-01-14 10:04:44"], "total_order": 1, "hotel_value": ["4.7"], "hotel_price": ["245"]}, "1816830": {"hotel_name": "\u6854\u5b50\u9152\u5e97\u00b7\u7cbe\u9009(\u5357\u4eac\u65b0\u8857\u53e3\u5e97)", "order_time": ["2019-01-14 10:06:39"], "total_order": 1, "hotel_value": ["4.9"], "hotel_price": ["275"]}, "1457082": {"hotel_name": "\u5982\u5bb6\u7cbe\u9009\u9152\u5e97(\u5357\u4eac\u65b0\u8857\u53e3\u5fb7\u57fa\u5e7f\u573a\u5e97)(\u539f\u7ba1\u5bb6\u6865\u5e97)", "order_time": ["2019-01-14 10:06:39", "2019-01-14 10:48:39"], "total_order": 2, "hotel_value": ["4.6", "4.6"], "hotel_price": ["321", "321"]}, "513735": {"hotel_name": "\u9526\u6c5f\u4e4b\u661f(\u5357\u4eac\u73e0\u6c5f\u8def\u5c0f\u8425\u5317\u8def\u5e97)", "order_time": ["2019-01-14 10:06:39"], "total_order": 1, "hotel_value": ["4.4"], "hotel_price": ["199"]}, "19867337": {"hotel_name": "\u5357\u4eac\u6c47\u57ce\u5bbe\u9986", "order_time": ["2019-01-14 10:06:40"], "total_order": 1, "hotel_value": ["4.0"], "hotel_price": ["164"]}, "7687802": {"hotel_name": "\u5357\u4eac\u767d\u65af\u7279\u9152\u5e97", "order_time": ["2019-01-14 10:06:40"], "total_order": 1, "hotel_value": ["4.6"], "hotel_price": ["298"]}, "1317113": {"hotel_name": "\u6c49\u5ead\u9152\u5e97(\u5357\u4eac\u671d\u5929\u5bab\u5e97)", "order_time": ["2019-01-14 10:06:40"], "total_order": 1, "hotel_value": ["4.4"], "hotel_price": ["284"]}, "1441505": {"hotel_name": "\u5357\u4eac\u53e4\u5357\u90fd\u7389\u6f9c\u5ead\u9152\u5e97", "order_time": ["2019-01-14 10:06:40"], "total_order": 1, "hotel_value": ["4.6"], "hotel_price": ["249"]}, "1938409": {"hotel_name": "\u767e\u65f6\u5feb\u6377\u9152\u5e97(\u5357\u4eac\u65b0\u8857\u53e3\u5e97)", "order_time": ["2019-01-14 10:06:40"], "total_order": 1, "hotel_value": ["4.4"], "hotel_price": ["109"]}, "4649966": {"hotel_name": "\u5982\u5bb6\u5feb\u6377\u9152\u5e97(\u5357\u4eac\u4e91\u5357\u8def\u5730\u94c1\u7ad9\u4e0a\u6d77\u8def\u5e97)", "order_time": ["2019-01-14 10:06:40"], "total_order": 1, "hotel_value": ["4.5"], "hotel_price": ["305"]}, "15950898": {"hotel_name": "\u6c49\u5ead\u4f18\u4f73\u9152\u5e97(\u5357\u4eac\u65b0\u8857\u53e3\u5e97)(\u539f\u6d2a\u6b66\u8def\u5e97)", "order_time": ["2019-01-14 10:06:41"], "total_order": 1, "hotel_value": ["4.7"], "hotel_price": ["294"]}, "4604055": {"hotel_name": "\u5c1a\u5ba2\u4f18\u8fde\u9501\u9152\u5e97(\u5357\u4eac\u592b\u5b50\u5e99\u6c34\u6e38\u57ce\u5e97)", "order_time": ["2019-01-14 10:06:41"], "total_order": 1, "hotel_value": ["4.0"], "hotel_price": ["141"]}, "1849852": {"hotel_name": "\u5357\u4eac\u91d1\u5143\u5b9d\u6e56\u719f\u5546\u52a1\u9152\u5e97", "order_time": ["2019-01-14 10:06:42"], "total_order": 1, "hotel_value": ["4.0"], "hotel_price": ["148"]}, "3668050": {"hotel_name": "\u5357\u4eac\u6c64\u5c71\u521b\u901a\u82b1\u56ed\u9152\u5e97(\u539f\u521b\u901a\u5546\u52a1\u9152\u5e97)", "order_time": ["2019-01-14 10:06:42"], "total_order": 1, "hotel_value": ["4.3"], "hotel_price": ["252"]}, "369782": {"hotel_name": "\u5357\u4eac\u6c34\u6e38\u57ce\u5047\u65e5\u9152\u5e97", "order_time": ["2019-01-14 10:06:52"], "total_order": 1, "hotel_value": ["4.7"], "hotel_price": ["599"]}, "2488992": {"hotel_name": "\u6854\u5b50\u6c34\u6676\u9152\u5e97(\u5357\u4eac\u5965\u4f53\u4e2d\u80dc\u56fd\u9645\u535a\u89c8\u4e2d\u5fc3\u5e97)", "order_time": ["2019-01-14 10:08:40"], "total_order": 1, "hotel_value": ["4.9"], "hotel_price": ["503"]}, "425945": {"hotel_name": "\u6c5f\u82cf\u51e4\u51f0\u53f0\u996d\u5e97", "order_time": ["2019-01-14 10:08:40"], "total_order": 1, "hotel_value": ["4.7"], "hotel_price": ["418"]}, "24769086": {"hotel_name": "\u5357\u4eac\u6c64\u5c71\u7af9\u9690\u6e29\u6cc9\u6c11\u5bbf", "order_time": ["2019-01-14 10:08:40"], "total_order": 1, "hotel_value": ["4.9"], "hotel_price": ["953"]}, "1646444": {"hotel_name": "\u683c\u6797\u8c6a\u6cf0(\u5357\u4eac\u5357\u7ad9\u5317\u5e7f\u573a\u5e97)", "order_time": ["2019-01-14 10:08:40"], "total_order": 1, "hotel_value": ["4.2"], "hotel_price": ["139"]}, "26421136": {"hotel_name": "\u5357\u4eac818\u7cbe\u54c1\u9152\u5e97", "order_time": ["2019-01-14 10:08:40"], "total_order": 1, "hotel_value": [0], "hotel_price": ["188"]}, "11479584": {"hotel_name": "\u5357\u4eac\u4e0a\u5143\u5927\u8857\u4e9a\u6735\u9152\u5e97", "order_time": ["2019-01-14 10:08:40"], "total_order": 1, "hotel_value": ["4.8"], "hotel_price": ["369"]}, "2642231": {"hotel_name": "\u6c49\u5ead\u9152\u5e97(\u5357\u4eac\u592a\u5e73\u5357\u8def\u5e97)", "order_time": ["2019-01-14 10:08:41"], "total_order": 1, "hotel_value": ["4.4"], "hotel_price": ["180"]}, "1643199": {"hotel_name": "\u5357\u4eac\u597d\u9a7f\u6765\u5047\u65e5\u9152\u5e97", "order_time": ["2019-01-14 10:26:41", "2019-01-14 10:08:41"], "total_order": 2, "hotel_value": ["4.2", "4.2"], "hotel_price": ["107", "107"]}, "5611564": {"hotel_name": "Q\u52a0\u00b7\u5357\u4eac\u71d5\u96c0\u6e56\u82b1\u56ed\u9152\u5e97", "order_time": ["2019-01-14 10:08:41"], "total_order": 1, "hotel_value": ["4.6"], "hotel_price": ["219"]}, "14616287": {"hotel_name": "\u7ef4\u4e5f\u7eb3\u56fd\u9645\u9152\u5e97(\u5357\u4eac\u6cb3\u6d77\u5927\u5b66\u5730\u94c1\u7ad9\u5e97)", "order_time": ["2019-01-14 10:08:41"], "total_order": 1, "hotel_value": ["4.7"], "hotel_price": ["316"]}, "17195370": {"hotel_name": "\u5357\u4eac\u9890\u548c\u82a5\u5b50\u56ed\u9152\u5e97", "order_time": ["2019-01-14 10:08:42"], "total_order": 1, "hotel_value": ["4.8"], "hotel_price": ["731"]}, "1535647": {"hotel_name": "\u6c49\u5ead\u9152\u5e97(\u5357\u4eac\u4e2d\u5c71\u9675\u4e0b\u9a6c\u574a\u5730\u94c1\u7ad9\u5e97)(\u539f\u4e2d\u5c71\u98ce\u666f\u533a\u5e97)", "order_time": ["2019-01-14 10:08:42"], "total_order": 1, "hotel_value": ["4.3"], "hotel_price": ["199"]}, "811682": {"hotel_name": "\u6e05\u6c90\u8fde\u9501\u9152\u5e97(\u5357\u4eac\u6c5f\u5b81\u4e07\u8fbe\u7af9\u5c71\u8def\u5e97)", "order_time": ["2019-01-14 10:08:42"], "total_order": 1, "hotel_value": ["4.5"], "hotel_price": ["164"]}, "10842556": {"hotel_name": "\u5357\u4eac\u5e78\u798f\u91cc\u9152\u5e97\u516c\u5bd3\u5347\u9f99\u6c47\u91d1\u5e97", "order_time": ["2019-01-14 10:08:42"], "total_order": 1, "hotel_value": ["4.7"], "hotel_price": ["164"]}, "1854040": {"hotel_name": "\u9a8f\u6021\u8fde\u9501\u9152\u5e97(\u5357\u4eac\u7384\u6b66\u6e56\u4e2d\u5c71\u9675\u666f\u533a\u5e97)", "order_time": ["2019-01-14 10:08:43"], "total_order": 1, "hotel_value": ["4.4"], "hotel_price": ["218"]}, "5549111": {"hotel_name": "\u5357\u4eac\u91d1\u9e70\u5c1a\u7f8e\u9152\u5e97", "order_time": ["2019-01-14 10:08:43"], "total_order": 1, "hotel_value": ["4.8"], "hotel_price": ["768"]}, "1594936": {"hotel_name": "\u4e07\u91cc\u8def\u9752\u5e74\u9152\u5e97\u8fde\u9501(\u5357\u4eac\u592b\u5b50\u5e99\u8d21\u9662\u897f\u8857\u5e97)", "order_time": ["2019-01-14 10:08:43"], "total_order": 1, "hotel_value": ["3.5"], "hotel_price": ["78"]}, "1532041": {"hotel_name": "\u8d85\u7fa4\u7cbe\u9009\u9152\u5e97(\u5357\u4eac\u4e2d\u5c71\u9675\u666f\u533a\u5e97)", "order_time": ["2019-01-14 10:08:43"], "total_order": 1, "hotel_value": ["4.3"], "hotel_price": ["164"]}, "2728741": {"hotel_name": "\u8bfa\u66fc\u5e95\u7cbe\u54c1\u9152\u5e97\u516c\u5bd3(\u5357\u4eac\u80dc\u592a\u8def\u5730\u94c1\u7ad9\u5e97)", "order_time": ["2019-01-14 10:08:43"], "total_order": 1, "hotel_value": ["4.6"], "hotel_price": ["183"]}, "8574602": {"hotel_name": "\u5357\u4eac\u9f0e\u9752\u516c\u5bd3", "order_time": ["2019-01-14 10:08:44"], "total_order": 1, "hotel_value": ["4.4"], "hotel_price": ["45"]}, "1623545": {"hotel_name": "\u5357\u4eac\u5b89\u8fbe\u996d\u5e97", "order_time": ["2019-01-14 10:08:45"], "total_order": 1, "hotel_value": ["3.9"], "hotel_price": ["198"]}, "604656": {"hotel_name": "\u5357\u4eac\u91d1\u9675\u4e4b\u661f\u5927\u9152\u5e97", "order_time": ["2019-01-14 10:10:39"], "total_order": 1, "hotel_value": ["4.5"], "hotel_price": ["402"]}, "26089169": {"hotel_name": "\u82b1\u5b63\u9152\u5e97(\u5357\u4eac\u592b\u5b50\u5e99\u5730\u94c1\u7ad9\u5e97)", "order_time": ["2019-01-14 10:10:39"], "total_order": 1, "hotel_value": ["4.8"], "hotel_price": ["238"]}, "913039": {"hotel_name": "\u5b9c\u5fc5\u601d\u9152\u5e97(\u5357\u4eac\u592b\u5b50\u5e99\u5e97)", "order_time": ["2019-01-14 10:10:39"], "total_order": 1, "hotel_value": ["4.4"], "hotel_price": ["259"]}, "1004759": {"hotel_name": "\u9e97\u67ab\u9152\u5e97(\u5357\u4eac\u592b\u5b50\u5e99\u5927\u5149\u8def\u5e97)", "order_time": ["2019-01-14 10:10:39", "2019-01-14 10:34:42"], "total_order": 2, "hotel_value": ["4.6", "4.6"], "hotel_price": ["239", "239"]}, "19869053": {"hotel_name": "\u5357\u4eac\u626c\u5b50\u9890\u5c1a\u4e2d\u533b\u6e29\u6cc9\u5eb7\u517b\u4e2d\u5fc3", "order_time": ["2019-01-14 10:10:39"], "total_order": 1, "hotel_value": ["4.5"], "hotel_price": ["330"]}, "1943895": {"hotel_name": "\u5e03\u4e01\u9152\u5e97(\u5357\u4eac\u9f13\u697c\u7384\u6b66\u6e56\u7384\u6b66\u95e8\u5730\u94c1\u7ad9\u5e97)", "order_time": ["2019-01-14 10:10:39"], "total_order": 1, "hotel_value": ["4.1"], "hotel_price": ["181"]}, "2582841": {"hotel_name": "\u6c49\u5ead\u9152\u5e97(\u5357\u4eac\u6797\u4e1a\u5927\u5b66\u65b0\u5e84\u5e97)", "order_time": ["2019-01-14 10:10:39", "2019-01-14 10:18:40"], "total_order": 2, "hotel_value": ["4.3", "4.3"], "hotel_price": ["189", "189"]}, "1623511": {"hotel_name": "\u683c\u6797\u8c6a\u6cf0\u8d1d\u58f3\u9152\u5e97(\u5357\u4eac\u6e56\u5357\u8def\u72ee\u5b50\u6865\u6b65\u884c\u8857\u5e97)(\u539f\u4e9a\u7279\u5170\u5546\u52a1\u9152\u5e97)", "order_time": ["2019-01-14 10:10:40"], "total_order": 1, "hotel_value": ["4.2"], "hotel_price": ["256"]}, "5237451": {"hotel_name": "\u5357\u4eac\u5e02\u6c47\u6e2f\u5047\u65e5\u9152\u5e97\u592b\u5b50\u5e99\u5e97", "order_time": ["2019-01-14 10:10:40"], "total_order": 1, "hotel_value": ["4.3"], "hotel_price": ["143"]}, "6124525": {"hotel_name": "\u6c49\u5ead\u9152\u5e97(\u5357\u4eac\u6cb3\u897f\u56fd\u9645\u535a\u89c8\u4e2d\u5fc3\u5e97)", "order_time": ["2019-01-14 10:10:40"], "total_order": 1, "hotel_value": ["4.1"], "hotel_price": ["265"]}, "1987603": {"hotel_name": "\u5357\u4eac\u5357\u5c71\u4e13\u5bb6\u697c", "order_time": ["2019-01-14 10:10:40"], "total_order": 1, "hotel_value": ["4.0"], "hotel_price": ["460"]}, "2489009": {"hotel_name": "\u5357\u4eac\u529b\u5929\u9152\u5e97", "order_time": ["2019-01-14 10:10:40"], "total_order": 1, "hotel_value": ["4.2"], "hotel_price": ["183"]}, "15327659": {"hotel_name": "\u5eb7\u94c2\u9152\u5e97(\u5357\u4eac\u6c5f\u5b81\u5f00\u53d1\u533a\u5e97)", "order_time": ["2019-01-14 10:10:40"], "total_order": 1, "hotel_value": ["4.8"], "hotel_price": ["379"]}, "4029612": {"hotel_name": "\u5357\u4eac\u67ab\u53f6\u7cbe\u54c1\u516c\u5bd3 (\u539f\u4e1d\u74dc\u516c\u5bd3)", "order_time": ["2019-01-14 10:10:41"], "total_order": 1, "hotel_value": ["4.2"], "hotel_price": ["123"]}, "21936730": {"hotel_name": "\u5357\u4eac\u5927\u5730\u541b\u60a6\u9152\u5e97", "order_time": ["2019-01-14 10:10:41", "2019-01-14 10:32:41"], "total_order": 2, "hotel_value": ["4.6", "4.6"], "hotel_price": ["204", "204"]}, "1520034": {"hotel_name": "\u6d77\u53cb\u9152\u5e97(\u5357\u4eac\u592b\u5b50\u5e99\u767d\u4e0b\u8def\u5e97)", "order_time": ["2019-01-14 10:10:41"], "total_order": 1, "hotel_value": ["3.8"], "hotel_price": ["113"]}, "25768169": {"hotel_name": "\u5357\u4eac\u4f9d\u5c71\u6eaa\u8c37\u6c11\u5bbf", "order_time": ["2019-01-14 10:10:42"], "total_order": 1, "hotel_value": [0], "hotel_price": ["198"]}, "434907": {"hotel_name": "\u5357\u4eac\u66d9\u5149\u56fd\u9645\u5927\u9152\u5e97", "order_time": ["2019-01-14 10:10:46"], "total_order": 1, "hotel_value": ["4.7"], "hotel_price": ["511"]}, "1179858": {"hotel_name": "\u5168\u5b63\u9152\u5e97(\u5357\u4eac\u8679\u6865\u4e2d\u5c71\u5317\u8def\u5e97)", "order_time": ["2019-01-14 10:22:45", "2019-01-14 10:10:47"], "total_order": 2, "hotel_value": ["4.8", "4.8"], "hotel_price": ["417", "417"]}, "6521803": {"hotel_name": "\u6c49\u5ead\u9152\u5e97(\u5357\u4eac\u677f\u6865\u632f\u5174\u8def\u5e97)", "order_time": ["2019-01-14 10:12:42"], "total_order": 1, "hotel_value": ["4.4"], "hotel_price": ["189"]}, "8867914": {"hotel_name": "\u6f2b\u5fc3\u9152\u5e97(\u5357\u4eac\u592b\u5b50\u5e99\u5e97)", "order_time": ["2019-01-14 10:12:42", "2019-01-14 10:28:39", "2019-01-14 10:22:39"], "total_order": 3, "hotel_value": ["4.7", "4.7", "4.7"], "hotel_price": ["379", "379", "379"]}, "14951207": {"hotel_name": "\u5357\u4eac\u6c64\u5c71\u5320\u6751\u5367\u9999\u6e29\u6cc9\u6c11\u5bbf", "order_time": ["2019-01-14 10:12:43"], "total_order": 1, "hotel_value": ["4.9"], "hotel_price": ["650"]}, "901996": {"hotel_name": "\u6e05\u6c90\u7cbe\u54c1\u9152\u5e97(\u6c64\u5c71\u6e29\u6cc9\u5e97)(\u539f\u76ca\u6cc9\u5bbe\u9986)", "order_time": ["2019-01-14 10:12:43"], "total_order": 1, "hotel_value": ["4.5"], "hotel_price": ["134"]}, "1415350": {"hotel_name": "\u5357\u4eac\u4e00\u7c73\u9633\u5149\u9152\u5e97\u516c\u5bd3", "order_time": ["2019-01-14 10:12:44"], "total_order": 1, "hotel_value": ["4.2"], "hotel_price": ["217"]}, "14088129": {"hotel_name": "\u7d22\u6cca\u9601\u9152\u5e97(\u5357\u4eac\u9ad8\u94c1\u5357\u7ad9\u5e97)", "order_time": ["2019-01-14 10:12:44"], "total_order": 1, "hotel_value": ["4.7"], "hotel_price": ["282"]}, "3102109": {"hotel_name": "\u5357\u4eac\u79bb\u7ebf\u5c0f\u9662", "order_time": ["2019-01-14 10:12:45"], "total_order": 1, "hotel_value": ["4.8"], "hotel_price": ["680"]}, "28487321": {"hotel_name": "\u5c1a\u5ba2\u4f18\u7cbe\u9009\u9152\u5e97(\u5357\u4eac\u6587\u5fb7\u8def\u5730\u94c1\u7ad9\u5e97)", "order_time": ["2019-01-14 10:12:45"], "total_order": 1, "hotel_value": [0], "hotel_price": ["161"]}, "8599300": {"hotel_name": "\u5357\u4eac\u80e4\u5929\u5feb\u6377\u5bbe\u9986", "order_time": ["2019-01-14 10:12:46"], "total_order": 1, "hotel_value": ["4.8"], "hotel_price": ["84"]}, "6842571": {"hotel_name": "\u5357\u4eac\u6021\u666f\u6e29\u99a8\u5ba2\u6808", "order_time": ["2019-01-14 10:12:48"], "total_order": 1, "hotel_value": [0], "hotel_price": ["108"]}, "1356548": {"hotel_name": "\u5357\u4eac\u6b23\u6b23\u5927\u5b66\u751f\u516c\u5bd3", "order_time": ["2019-01-14 10:12:48"], "total_order": 1, "hotel_value": [0], "hotel_price": ["39"]}, "1633206": {"hotel_name": "\u5357\u4eac\u5929\u6cd3\u5c71\u5e84\u9152\u5e97", "order_time": ["2019-01-14 10:14:39"], "total_order": 1, "hotel_value": ["4.5"], "hotel_price": ["318"]}, "17996519": {"hotel_name": "\u5357\u4eac\u673a\u573a\u7761\u5427\u9152\u5e97", "order_time": ["2019-01-14 10:34:42", "2019-01-14 10:14:39"], "total_order": 2, "hotel_value": ["4.4", "4.4"], "hotel_price": ["138", "138"]}, "11443801": {"hotel_name": "\u5b9c\u5fc5\u601d\u5c1a\u54c1\u9152\u5e97(\u5357\u4eac\u9e92\u9e9f\u95e8\u5e97)", "order_time": ["2019-01-14 10:14:40"], "total_order": 1, "hotel_value": ["4.7"], "hotel_price": ["370"]}, "13912697": {"hotel_name": "\u5357\u4eac\u4e00\u7c73\u9633\u5149\u9152\u5e97\u516c\u5bd3\u96e8\u82b1\u5ba2\u5385\u5e97", "order_time": ["2019-01-14 10:14:40"], "total_order": 1, "hotel_value": ["4.8"], "hotel_price": ["199"]}, "953946": {"hotel_name": "\u5357\u4eac\u96e8\u82b1\u6676\u4e3d\u9152\u5e97", "order_time": ["2019-01-14 10:14:40"], "total_order": 1, "hotel_value": ["4.5"], "hotel_price": ["228"]}, "5816245": {"hotel_name": "7\u5929\u8fde\u9501\u9152\u5e97(\u5357\u4eac\u5357\u7ad9\u5c06\u519b\u5927\u9053\u5e97)", "order_time": ["2019-01-14 10:14:40"], "total_order": 1, "hotel_value": ["4.3"], "hotel_price": ["179"]}, "795217": {"hotel_name": "\u5982\u5bb6\u7cbe\u9009\u9152\u5e97(\u5357\u4eac\u65b0\u8857\u53e3\u5e97)", "order_time": ["2019-01-14 10:14:42"], "total_order": 1, "hotel_value": ["4.7"], "hotel_price": ["331"]}, "914386": {"hotel_name": "\u9526\u6c5f\u4e4b\u661f(\u5357\u4eac\u706b\u8f66\u5357\u7ad9\u5e97)", "order_time": ["2019-01-14 10:14:42"], "total_order": 1, "hotel_value": ["4.4"], "hotel_price": ["189"]}, "1317850": {"hotel_name": "\u5357\u4eac\u5fbd\u90fd\u5546\u52a1\u5bbe\u9986", "order_time": ["2019-01-14 10:14:43"], "total_order": 1, "hotel_value": ["4.6"], "hotel_price": ["138"]}, "1633044": {"hotel_name": "\u5357\u4eac\u6e56\u6ee8\u91d1\u9675\u996d\u5e97", "order_time": ["2019-01-14 10:24:44", "2019-01-14 10:14:46", "2019-01-14 10:20:46"], "total_order": 3, "hotel_value": ["4.6", "4.6", "4.6"], "hotel_price": ["420", "420", "420"]}, "4496845": {"hotel_name": "\u53e4\u5357\u90fd\u4ea6\u95f2\u516c\u9986(\u5357\u4eac\u4e91\u5357\u8def\u5730\u94c1\u7ad9\u5e97)", "order_time": ["2019-01-14 10:48:44", "2019-01-14 10:14:46"], "total_order": 2, "hotel_value": ["4.8", "4.8"], "hotel_price": ["150", "150"]}, "23802785": {"hotel_name": "\u5357\u4eac\u6f3e\u5e94\u9752\u6625\u91cc\u9152\u5e97", "order_time": ["2019-01-14 10:14:47"], "total_order": 1, "hotel_value": ["4.8"], "hotel_price": ["178"]}, "9347528": {"hotel_name": "\u56fd\u9645\u9752\u5e74\u4f1a\u8bae\u9152\u5e97(\u5357\u4eac\u56fd\u9645\u9752\u5e74\u6587\u5316\u4e2d\u5fc3\u5e97)", "order_time": ["2019-01-14 10:14:47"], "total_order": 1, "hotel_value": ["4.8"], "hotel_price": ["598"]}, "1686747": {"hotel_name": "\u6021\u83b1\u7cbe\u54c1\u9152\u5e97(\u5357\u4eac\u9f99\u7720\u5927\u9053\u5730\u94c1\u7ad9\u5e97)(\u539f\u4e94\u6708\u82b1\u5bbe\u9986)", "order_time": ["2019-01-14 10:14:48"], "total_order": 1, "hotel_value": ["4.4"], "hotel_price": ["208"]}, "1938309": {"hotel_name": "\u9526\u6c5f\u4e4b\u661f(\u5357\u4eac\u83ab\u6101\u6e56\u5e97)", "order_time": ["2019-01-14 10:16:40"], "total_order": 1, "hotel_value": ["4.4"], "hotel_price": ["239"]}, "17285601": {"hotel_name": "\u5929\u8bd7\u5c45\u884c\u653f\u516c\u5bd3(\u5357\u4eac\u56fd\u9645\u9752\u5e74\u6587\u5316\u4e2d\u5fc3\u5e97)", "order_time": ["2019-01-14 10:16:40"], "total_order": 1, "hotel_value": ["4.9"], "hotel_price": ["768"]}, "754206": {"hotel_name": "\u5357\u4eac\u6021\u534e\u9152\u5e97", "order_time": ["2019-01-14 10:16:40"], "total_order": 1, "hotel_value": ["4.7"], "hotel_price": ["508"]}, "23632322": {"hotel_name": "Q\u52a0\u00b7\u5357\u4eac\u9038\u4e91\u6db5\u7cbe\u54c1\u9152\u5e97", "order_time": ["2019-01-14 10:16:40"], "total_order": 1, "hotel_value": ["4.8"], "hotel_price": ["123"]}, "12665128": {"hotel_name": "\u5982\u5bb6\u5546\u65c5(\u5357\u4eac\u592b\u5b50\u5e99\u4e09\u5c71\u8857\u5730\u94c1\u7ad9\u5e97)", "order_time": ["2019-01-14 10:16:41"], "total_order": 1, "hotel_value": ["4.6"], "hotel_price": ["269"]}, "4727373": {"hotel_name": "\u5982\u5bb6\u5546\u65c5\u9152\u5e97(\u5357\u4eac\u65b0\u8857\u53e3\u4e2d\u5fc3\u5e97)", "order_time": ["2019-01-14 10:16:41"], "total_order": 1, "hotel_value": ["4.8"], "hotel_price": ["303"]}, "25289828": {"hotel_name": "\u5357\u4eac\u5f92\u884c\u964c\u5ba2\u9752\u5e74\u65c5\u820d", "order_time": ["2019-01-14 10:30:42", "2019-01-14 10:16:41"], "total_order": 2, "hotel_value": ["4.9", "4.9"], "hotel_price": ["46", "46"]}, "17335837": {"hotel_name": "\u4e9a\u9526\u5f71\u9662\u4e3b\u9898\u9152\u5e97\u516c\u5bd3(\u5357\u4eac\u5929\u9686\u5bfa\u5730\u94c1\u7ad9\u96e8\u82b1\u5ba2\u5385\u5e97)", "order_time": ["2019-01-14 10:16:41"], "total_order": 1, "hotel_value": ["4.6"], "hotel_price": ["190"]}, "2302286": {"hotel_name": "\u9996\u8c6a\u9152\u5e97(\u5357\u4eac\u5965\u4f53\u6cb3\u897f\u56fd\u9645\u535a\u89c8\u4e2d\u5fc3\u5e97)", "order_time": ["2019-01-14 10:16:41"], "total_order": 1, "hotel_value": ["3.4"], "hotel_price": ["159"]}, "10997329": {"hotel_name": "\u5357\u4eac\u548c+\u7a7a\u95f4\u7279\u8272\u9152\u5e97", "order_time": ["2019-01-14 10:16:42"], "total_order": 1, "hotel_value": ["4.4"], "hotel_price": ["114"]}, "1378448": {"hotel_name": "\u7984\u53e3\u88d8\u90fd\u9152\u5e97(\u5357\u4eac\u7984\u53e3\u56fd\u9645\u673a\u573a\u5e97)", "order_time": ["2019-01-14 10:16:43"], "total_order": 1, "hotel_value": ["4.3"], "hotel_price": ["183"]}, "2987915": {"hotel_name": "\u5357\u4eac\u9676\u82d1\u7ff0\u9999\u82d1\u65e5\u79df", "order_time": ["2019-01-14 10:20:47", "2019-01-14 10:16:46"], "total_order": 2, "hotel_value": ["3.6", "3.6"], "hotel_price": ["70", "240"]}, "5904203": {"hotel_name": "\u5357\u4eac\u65b0\u9038\u5929\u91d1\u4e1d\u5229\u9152\u5e97", "order_time": ["2019-01-14 10:18:39"], "total_order": 1, "hotel_value": ["4.6"], "hotel_price": ["345"]}, "6030353": {"hotel_name": "\u8fdc\u901a\u5047\u65e5\u9152\u5e97(\u5357\u4eac\u7af9\u5c71\u8def\u5730\u94c1\u7ad9\u5e97)(\u539f\u5929\u5143\u4e1c\u8def\u5e97)", "order_time": ["2019-01-14 10:18:39"], "total_order": 1, "hotel_value": ["4.6"], "hotel_price": ["205"]}, "15308170": {"hotel_name": "\u4f69\u68ee\u7cbe\u54c1\u9152\u5e97\u516c\u5bd3(\u5357\u4eac\u5929\u9686\u5bfa\u5730\u94c1\u7ad9\u5e97)", "order_time": ["2019-01-14 10:18:40"], "total_order": 1, "hotel_value": ["4.7"], "hotel_price": ["238"]}, "1535635": {"hotel_name": "\u6c49\u5ead\u9152\u5e97(\u5357\u4eac\u5357\u7ad9\u660e\u53d1\u5e7f\u573a\u5730\u94c1\u7ad9\u5e97)", "order_time": ["2019-01-14 10:18:40"], "total_order": 1, "hotel_value": ["4.2"], "hotel_price": ["265"]}, "1454411": {"hotel_name": "\u5982\u5bb6\u5feb\u6377\u9152\u5e97(\u5357\u4eac\u65b0\u8857\u53e3\u4e2d\u5fc3\u5e97)", "order_time": ["2019-01-14 10:32:42", "2019-01-14 10:18:40"], "total_order": 2, "hotel_value": ["4.6", "4.6"], "hotel_price": ["202", "202"]}, "8353486": {"hotel_name": "\u6021\u83b1\u9152\u5e97(\u5357\u4eac\u9a6c\u7fa4\u5730\u94c1\u7ad9\u5e97)", "order_time": ["2019-01-14 10:18:40"], "total_order": 1, "hotel_value": ["3.9"], "hotel_price": ["208"]}, "5980274": {"hotel_name": "\u5357\u4eac\u7984\u822a\u5bbe\u9986\u7984\u53e3\u673a\u573a\u4e8c\u5e97", "order_time": ["2019-01-14 10:18:40"], "total_order": 1, "hotel_value": ["4.6"], "hotel_price": ["111"]}, "1643215": {"hotel_name": "\u5357\u4eac\u91d1\u9675\u957f\u4e09\u89d2\u9152\u5e97", "order_time": ["2019-01-14 10:18:41"], "total_order": 1, "hotel_value": ["3.6"], "hotel_price": ["178"]}, "12844219": {"hotel_name": "\u5357\u4eac\u9890\u90fd\u7cbe\u9009\u9152\u5e97", "order_time": ["2019-01-14 10:18:41"], "total_order": 1, "hotel_value": ["4.3"], "hotel_price": ["208"]}, "1085669": {"hotel_name": "\u5e03\u4e01\u4e25\u9009\u9152\u5e97(\u5357\u4eac\u5965\u4f53\u6653\u5e84\u5b66\u9662\u83ab\u6101\u6e56\u5730\u94c1\u7ad9\u5e97)", "order_time": ["2019-01-14 10:18:42"], "total_order": 1, "hotel_value": ["4.1"], "hotel_price": ["114"]}, "6123044": {"hotel_name": "\u5357\u4eac\u94c2\u60a6\u7cbe\u54c1\u9152\u5e97\u516c\u5bd3", "order_time": ["2019-01-14 10:18:42"], "total_order": 1, "hotel_value": ["4.8"], "hotel_price": ["262"]}, "1451810": {"hotel_name": "\u5982\u5bb6\u5feb\u6377\u9152\u5e97(\u5357\u4eac\u4e2d\u5c71\u4e1c\u8def\u89e3\u653e\u8def\u5e97)", "order_time": ["2019-01-14 10:18:42"], "total_order": 1, "hotel_value": ["4.4"], "hotel_price": ["269"]}, "992569": {"hotel_name": "\u5929\u5c1a\u4e4b\u661f\u5bbe\u9986(\u5357\u4eac\u7af9\u5c71\u8def\u5e97)", "order_time": ["2019-01-14 10:18:42"], "total_order": 1, "hotel_value": ["3.9"], "hotel_price": ["108"]}, "1426723": {"hotel_name": "\u5c1a\u597d\u9152\u5e97\u516c\u5bd3(\u5357\u4eac\u6cb3\u897f\u4e07\u8fbe\u5e97)", "order_time": ["2019-01-14 10:20:40"], "total_order": 1, "hotel_value": ["4.7"], "hotel_price": ["232"]}, "4039747": {"hotel_name": "7\u5929\u4f18\u54c1\u9152\u5e97(\u5357\u4eac\u5317\u5cad\u8def\u5e97)", "order_time": ["2019-01-14 10:20:41"], "total_order": 1, "hotel_value": ["4.6"], "hotel_price": ["126"]}, "1415838": {"hotel_name": "\u901f8\u9152\u5e97(\u5357\u4eac\u706b\u8f66\u5357\u7ad9\u5e97)", "order_time": ["2019-01-14 10:24:39", "2019-01-14 10:20:41"], "total_order": 2, "hotel_value": ["4.2", "4.2"], "hotel_price": ["130", "130"]}, "5495477": {"hotel_name": "\u8776\u604b\u82b1\u56ed\u9152\u5e97\uff08\u5357\u4eac\u8fc8\u768b\u6865\u5730\u94c1\u7ad9\u5e97\uff09", "order_time": ["2019-01-14 10:20:41"], "total_order": 1, "hotel_value": ["4.7"], "hotel_price": ["158"]}, "6652902": {"hotel_name": "\u83ab\u6cf0168(\u5357\u4eac\u9f13\u697c\u5e7f\u573a\u7d2b\u5cf0\u5e97)(\u539f\u9f13\u697c\u5e97)", "order_time": ["2019-01-14 10:20:41"], "total_order": 1, "hotel_value": ["4.6"], "hotel_price": ["298"]}, "23972505": {"hotel_name": "\u5357\u4eacValentine \u9038\u5c45(\u539f\u5357\u4eac\u9047\u89c1\u4e00\u5ea7\u57ce)", "order_time": ["2019-01-14 10:20:41"], "total_order": 1, "hotel_value": ["4.9"], "hotel_price": ["183"]}, "1642732": {"hotel_name": "\u5357\u4eac\u5929\u7c41\u5bbe\u9986", "order_time": ["2019-01-14 10:20:44"], "total_order": 1, "hotel_value": ["4.3"], "hotel_price": ["108"]}, "18538275": {"hotel_name": "\u5357\u4eac\u5609\u60a6\u5927\u9152\u5e97", "order_time": ["2019-01-14 10:22:39", "2019-01-14 10:48:40"], "total_order": 2, "hotel_value": ["4.7", "4.7"], "hotel_price": ["193", "193"]}, "1686604": {"hotel_name": "\u5357\u4eac\u884c\u5bab\u996d\u5e97", "order_time": ["2019-01-14 10:22:40"], "total_order": 1, "hotel_value": ["4.2"], "hotel_price": ["153"]}, "1426613": {"hotel_name": "\u5357\u4eac\u571f\u4e01\u4e07\u91cc\u8def\u56fd\u9645\u9752\u5e74\u9152\u5e97", "order_time": ["2019-01-14 10:22:40"], "total_order": 1, "hotel_value": ["4.4"], "hotel_price": ["180"]}, "2391071": {"hotel_name": "\u4f0a\u7538\u56ed\u9752\u5e74\u65c5\u9986(\u5357\u4eac\u4e49\u4e4c\u5546\u54c1\u57ce\u5e97)", "order_time": ["2019-01-14 10:22:41"], "total_order": 1, "hotel_value": ["4.6"], "hotel_price": ["45"]}, "6308701": {"hotel_name": "\u5357\u4eac\u5357\u57ce\u8bb0\u5fc6\u9752\u5e74\u65c5\u820d", "order_time": ["2019-01-14 10:22:41"], "total_order": 1, "hotel_value": ["4.6"], "hotel_price": ["38"]}, "1441836": {"hotel_name": "\u83ab\u6cf0168(\u5357\u4eac\u5e7f\u5dde\u8def\u968f\u56ed\u5927\u53a6\u5e97)(\u539f\u5357\u4eac\u5927\u5b66\u5e7f\u5dde\u8def\u5e97)", "order_time": ["2019-01-14 10:22:41"], "total_order": 1, "hotel_value": ["4.6"], "hotel_price": ["313"]}, "1943858": {"hotel_name": "\u6c5f\u82cf\u53e4\u6797\u996d\u5e97(\u539f\u548c\u6cf0\u5bb6\u56ed\u9152\u5e97)", "order_time": ["2019-01-14 10:46:42", "2019-01-14 10:24:39", "2019-01-14 10:32:41"], "total_order": 3, "hotel_value": ["4.3", "4.3", "4.3"], "hotel_price": ["393", "393", "393"]}, "450787": {"hotel_name": "\u5357\u4eac\u91d1\u592a\u9686\u56fd\u9645\u9152\u5e97", "order_time": ["2019-01-14 10:24:39"], "total_order": 1, "hotel_value": ["4.7"], "hotel_price": ["299"]}, "26557803": {"hotel_name": "\u5357\u4eac\u5f90\u5e84\u82cf\u5b81\u96c5\u60a6\u9152\u5e97", "order_time": ["2019-01-14 10:24:39"], "total_order": 1, "hotel_value": ["4.7"], "hotel_price": ["388"]}, "11539805": {"hotel_name": "\u5357\u4eac\u4e50\u6a59\u9152\u5e97\u516c\u5bd3", "order_time": ["2019-01-14 10:24:39"], "total_order": 1, "hotel_value": ["4.4"], "hotel_price": ["223"]}, "13914586": {"hotel_name": "\u5357\u4eac\u745e\u65af\u4e3d\u9152\u5e97", "order_time": ["2019-01-14 10:24:40"], "total_order": 1, "hotel_value": ["4.5"], "hotel_price": ["518"]}, "13658367": {"hotel_name": "\u4e50\u4f18\u5c45\u7cbe\u54c1\u516c\u5bd3\uff08\u5357\u4eac\u96e8\u82b1\u5ba2\u5385\u5e97\uff09", "order_time": ["2019-01-14 10:24:40"], "total_order": 1, "hotel_value": ["4.8"], "hotel_price": ["283"]}, "473497": {"hotel_name": "\u5e03\u4e01\u9152\u5e97(\u5357\u4eac\u592b\u5b50\u5e99\u5e38\u5e9c\u8857\u5730\u94c1\u7ad9\u5e97)", "order_time": ["2019-01-14 10:24:40"], "total_order": 1, "hotel_value": ["3.7"], "hotel_price": ["97"]}, "21744273": {"hotel_name": "\u5357\u4eac\u68a6\u6cfd\u5feb\u6377\u5bbe\u9986", "order_time": ["2019-01-14 10:24:41"], "total_order": 1, "hotel_value": ["4.9"], "hotel_price": ["173"]}, "2717479": {"hotel_name": "9\u5c45\u5bbe\u9986(\u5357\u4eac\u9f99\u7720\u5927\u9053\u5730\u94c1\u7ad9\u5e97)", "order_time": ["2019-01-14 10:24:44"], "total_order": 1, "hotel_value": ["3.5"], "hotel_price": ["79"]}, "987265": {"hotel_name": "\u6761\u5f62\u7801\u827a\u672f\u9152\u5e97(\u5357\u4eac\u592b\u5b50\u5e99\u6e38\u620f\u5e97)", "order_time": ["2019-01-14 10:26:40"], "total_order": 1, "hotel_value": ["3.7"], "hotel_price": ["131"]}, "5226043": {"hotel_name": "\u9091\u5bbf\u6e29\u6cc9\u9152\u5e97(\u5357\u4eac\u79e6\u6dee\u592b\u5b50\u5e99\u5e97)", "order_time": ["2019-01-14 10:26:40"], "total_order": 1, "hotel_value": ["4.6"], "hotel_price": ["298"]}, "17491470": {"hotel_name": "\u6c49\u5ead\u4f18\u4f73\u9152\u5e97(\u5357\u4eac\u4ed9\u6797\u5927\u5b66\u57ce\u5e97)", "order_time": ["2019-01-14 10:26:40"], "total_order": 1, "hotel_value": ["4.5"], "hotel_price": ["203"]}, "446012": {"hotel_name": "\u5357\u4eac\u4f70\u7fd4\u82b1\u56ed\u9152\u5e97", "order_time": ["2019-01-14 10:26:40"], "total_order": 1, "hotel_value": ["4.7"], "hotel_price": ["398"]}, "28234592": {"hotel_name": "\u5357\u4eac\u76db\u60a6\u516c\u5bd3", "order_time": ["2019-01-14 10:26:41"], "total_order": 1, "hotel_value": ["5.0"], "hotel_price": ["217"]}, "2803109": {"hotel_name": "\u6d77\u53cb\u9152\u5e97(\u5357\u4eac\u592b\u5b50\u5e99\u4e2d\u534e\u8def\u5e97)", "order_time": ["2019-01-14 10:26:41"], "total_order": 1, "hotel_value": ["4.4"], "hotel_price": ["123"]}, "3656411": {"hotel_name": "\u90fd\u5e02118(\u5357\u4eac\u80dc\u592a\u8def\u5730\u94c1\u7ad9\u5e97)", "order_time": ["2019-01-14 10:26:41"], "total_order": 1, "hotel_value": ["4.1"], "hotel_price": ["113"]}, "901888": {"hotel_name": "\u6613\u4f70\u8fde\u9501\u65c5\u5e97(\u5357\u4eac\u6c5f\u5b81\u4e07\u8fbe\u5e7f\u573a\u5e97)", "order_time": ["2019-01-14 10:26:41"], "total_order": 1, "hotel_value": ["4.2"], "hotel_price": ["94"]}, "3726309": {"hotel_name": "\u6613\u4f70\u8fde\u9501\u9152\u5e97(\u5357\u4eac\u6c5f\u5b81\u5927\u5b66\u57ce\u4ea4\u901a\u5b66\u9662\u5730\u94c1\u7ad9\u5e97)", "order_time": ["2019-01-14 10:26:45"], "total_order": 1, "hotel_value": ["4.2"], "hotel_price": ["299"]}, "6352638": {"hotel_name": "\u661f\u7a0b\u9152\u5e97(\u5357\u4eac\u5c06\u519b\u5927\u9053\u5de5\u4e1a\u56ed\u5e97)(\u539f\u80dc\u4f3c\u95f2\u5ead\u9152\u5e97\u6c5f\u5b81\u5f00\u53d1\u533a\u5409\u5370\u5927\u9053\u5730\u94c1\u7ad9\u5e97)", "order_time": ["2019-01-14 10:34:41", "2019-01-14 10:28:39"], "total_order": 2, "hotel_value": ["4.5", "4.5"], "hotel_price": ["100", "100"]}, "433535": {"hotel_name": "\u5357\u4eac\u718a\u732b\u91d1\u9675\u5927\u9152\u5e97", "order_time": ["2019-01-14 10:28:40"], "total_order": 1, "hotel_value": ["4.7"], "hotel_price": ["340"]}, "1946060": {"hotel_name": "\u6613\u4f70\u8fde\u9501\u65c5\u5e97(\u5357\u4eac\u6c5f\u5b81\u5927\u5b66\u57ce\u9f99\u7720\u5927\u9053\u5730\u94c1\u7ad9\u5e97)", "order_time": ["2019-01-14 10:28:40"], "total_order": 1, "hotel_value": ["4.6"], "hotel_price": ["173"]}, "5323635": {"hotel_name": "\u9526\u6c5f\u4e4b\u661f(\u5357\u4eac\u6797\u4e1a\u5927\u5b66\u82b1\u56ed\u8def\u5e97)", "order_time": ["2019-01-14 10:28:40"], "total_order": 1, "hotel_value": ["4.5"], "hotel_price": ["179"]}, "811662": {"hotel_name": "\u6e05\u6c90\u8fde\u9501\u9152\u5e97(\u5357\u4eac\u4e39\u51e4\u8857\u4e00\u5e97)", "order_time": ["2019-01-14 10:28:40"], "total_order": 1, "hotel_value": ["4.3"], "hotel_price": ["229"]}, "1259399": {"hotel_name": "\u5357\u4eac\u7fe0\u5b87\u5bbe\u9986", "order_time": ["2019-01-14 10:28:41"], "total_order": 1, "hotel_value": ["3.7"], "hotel_price": ["96"]}, "1906560": {"hotel_name": "\u5c1a\u5ba2\u4f18\u7cbe\u9009\u9152\u5e97(\u5357\u4eac\u65b0\u8857\u53e3\u592b\u5b50\u5e99\u5e97)", "order_time": ["2019-01-14 10:28:41"], "total_order": 1, "hotel_value": ["4.4"], "hotel_price": ["177"]}, "9580290": {"hotel_name": "\u5357\u4eac\u4e0a\u79e6\u6dee\u5047\u65e5\u9152\u5e97", "order_time": ["2019-01-14 10:28:41"], "total_order": 1, "hotel_value": ["4.8"], "hotel_price": ["618"]}, "4957374": {"hotel_name": "Zsmart\u667a\u5c1a\u9152\u5e97(\u5357\u4eac\u592b\u5b50\u5e99\u5927\u5149\u8def\u5e97)", "order_time": ["2019-01-14 10:30:40"], "total_order": 1, "hotel_value": ["4.5"], "hotel_price": ["174"]}, "21160353": {"hotel_name": "\u5357\u4eacST\u5f71\u9662\u9152\u5e97", "order_time": ["2019-01-14 10:30:41"], "total_order": 1, "hotel_value": ["4.8"], "hotel_price": ["230"]}, "2301847": {"hotel_name": "7\u5929\u8fde\u9501\u9152\u5e97(\u5357\u4eac\u706b\u8f66\u7ad9\u65b0\u6a21\u8303\u9a6c\u8def\u5730\u94c1\u7ad9\u5e97)", "order_time": ["2019-01-14 10:30:41"], "total_order": 1, "hotel_value": ["4.1"], "hotel_price": ["168"]}, "482289": {"hotel_name": "\u5357\u4eac\u4e2d\u592e\u996d\u5e97", "order_time": ["2019-01-14 10:30:41"], "total_order": 1, "hotel_value": ["4.4"], "hotel_price": ["288"]}, "2358598": {"hotel_name": "\u767d\u7389\u5170\u9152\u5e97(\u5357\u4eac\u80dc\u592a\u897f\u8def\u5e97)", "order_time": ["2019-01-14 10:30:41"], "total_order": 1, "hotel_value": ["4.8"], "hotel_price": ["322"]}, "7316691": {"hotel_name": "\u6021\u83b1\u9152\u5e97(\u5357\u4eac\u6c5f\u5b81\u4e07\u8fbe\u5e7f\u573a\u5e97)(\u539f\u4e0a\u5143\u5927\u8857\u4e07\u8fbe\u5e7f\u573a\u5e97)", "order_time": ["2019-01-14 10:30:41"], "total_order": 1, "hotel_value": ["3.8"], "hotel_price": ["170"]}, "23843325": {"hotel_name": "\u4e50\u5bb6\u8f69\u8f7b\u5962\u5ea6\u5047\u516c\u5bd3(\u5357\u4eac\u5965\u4f53\u5347\u9f99\u6c47\u91d1\u5e97)", "order_time": ["2019-01-14 10:30:42"], "total_order": 1, "hotel_value": ["4.6"], "hotel_price": ["210"]}, "854464": {"hotel_name": "\u5357\u4eac\u9ad8\u697c\u95e8\u996d\u5e97", "order_time": ["2019-01-14 10:30:43", "2019-01-14 10:36:45"], "total_order": 2, "hotel_value": ["4.4", "4.4"], "hotel_price": ["298", "298"]}, "10607216": {"hotel_name": "\u6e05\u6c90\u7cbe\u9009\u9152\u5e97(\u5357\u4eac\u5357\u7ad9\u5e97)", "order_time": ["2019-01-14 10:38:40", "2019-01-14 10:32:41"], "total_order": 2, "hotel_value": ["4.6", "4.6"], "hotel_price": ["239", "239"]}, "5781636": {"hotel_name": "\u9752\u679c\u9752\u6a59\u9752\u5e74\u65c5\u820d(\u5357\u4eac\u4e2d\u5c71\u9675\u4e0b\u9a6c\u574a\u5e97)", "order_time": ["2019-01-14 10:32:42"], "total_order": 1, "hotel_value": ["4.3"], "hotel_price": ["45"]}, "6928468": {"hotel_name": "99\u4f18\u9009\u9152\u5e97(\u6ee8\u6c5f\u548c\u56ed\u5e97)", "order_time": ["2019-01-14 10:32:42", "2019-01-14 10:44:40"], "total_order": 2, "hotel_value": ["4.3", "4.3"], "hotel_price": ["124", "124"]}, "18535191": {"hotel_name": "\u5357\u4eac\u84dd\u91d1\u516c\u5bd3", "order_time": ["2019-01-14 10:32:42"], "total_order": 1, "hotel_value": ["4.9"], "hotel_price": ["164"]}, "433896": {"hotel_name": "\u82b3\u5609\u56ed\u9152\u5e97\u516c\u5bd3(\u5357\u4eac\u4eac\u9686\u56fd\u9645\u5e97)", "order_time": ["2019-01-14 10:32:43"], "total_order": 1, "hotel_value": ["4.4"], "hotel_price": ["183"]}, "1401548": {"hotel_name": "\u5357\u4eac\u5434\u695a\u4eba\u5bb6\u5feb\u6377\u65c5\u9986", "order_time": ["2019-01-14 10:32:43"], "total_order": 1, "hotel_value": ["3.7"], "hotel_price": ["108"]}, "923197": {"hotel_name": "\u5357\u4eac\u68a6\u60c5\u9601\u5bbe\u9986", "order_time": ["2019-01-14 10:32:43"], "total_order": 1, "hotel_value": ["3.7"], "hotel_price": ["258"]}, "16084042": {"hotel_name": "\u5357\u4eac\u666f\u5c1a\u7cbe\u54c1\u9152\u5e97\u516c\u5bd3", "order_time": ["2019-01-14 10:32:44"], "total_order": 1, "hotel_value": ["4.8"], "hotel_price": ["200"]}, "1486338": {"hotel_name": "\u5357\u4eac\u4fca\u53d1\u5bbe\u9986", "order_time": ["2019-01-14 10:32:45"], "total_order": 1, "hotel_value": ["3.8"], "hotel_price": ["68"]}, "4641571": {"hotel_name": "\u5357\u4eac\u665a\u5b89\u6587\u9f0e\u9152\u5e97\u5f0f\u516c\u5bd3", "order_time": ["2019-01-14 10:34:41"], "total_order": 1, "hotel_value": ["4.3"], "hotel_price": ["266"]}, "2071053": {"hotel_name": "\u5357\u4eac\u5fa1\u666f\u6e7e\u9152\u5e97\u516c\u5bd3", "order_time": ["2019-01-14 10:34:41"], "total_order": 1, "hotel_value": ["4.7"], "hotel_price": ["298"]}, "2143794": {"hotel_name": "\u6c49\u5ead\u9152\u5e97(\u5357\u4eac\u6d66\u53e3\u5357\u5927\u5e97)", "order_time": ["2019-01-14 10:34:41"], "total_order": 1, "hotel_value": ["4.6"], "hotel_price": ["100"]}, "2083139": {"hotel_name": "\u5168\u5b63\u9152\u5e97(\u5357\u4eac\u65b0\u8857\u53e3\u4e2d\u5fc3\u5e97)", "order_time": ["2019-01-14 10:34:42"], "total_order": 1, "hotel_value": ["4.7"], "hotel_price": ["351"]}, "1953455": {"hotel_name": "\u5357\u4eac\u4e91\u5c1a\u7cbe\u54c1\u9152\u5e97\u516c\u5bd3", "order_time": ["2019-01-14 10:34:42"], "total_order": 1, "hotel_value": ["4.7"], "hotel_price": ["290"]}, "23802273": {"hotel_name": "\u5357\u4eac\u8f7b\u5962\u539f\u5bbf\u516c\u5bd3", "order_time": ["2019-01-14 10:34:42"], "total_order": 1, "hotel_value": ["4.8"], "hotel_price": ["196"]}, "4381092": {"hotel_name": "\u90e1\u7279\u9152\u5e97\u56fd\u9645\u516c\u5bd3(\u5357\u4eac\u91d1\u9e70\u767e\u5bb6\u6e56\u5e97)", "order_time": ["2019-01-14 10:34:42"], "total_order": 1, "hotel_value": ["4.7"], "hotel_price": ["318"]}, "3801264": {"hotel_name": "\u5357\u4eac\u67ab\u6811\u6797\u5bbe\u9986", "order_time": ["2019-01-14 10:34:42"], "total_order": 1, "hotel_value": ["4.1"], "hotel_price": ["128"]}, "662527": {"hotel_name": "\u5357\u4eac\u5a01\u5b5a\u91d1\u5b81\u5bbe\u9986", "order_time": ["2019-01-14 10:34:43"], "total_order": 1, "hotel_value": ["4.4"], "hotel_price": ["253"]}, "2883253": {"hotel_name": "\u5357\u4eac\u6587\u6b66\u516c\u5bd3", "order_time": ["2019-01-14 10:34:44"], "total_order": 1, "hotel_value": ["3.1"], "hotel_price": ["109"]}, "19480003": {"hotel_name": "\u5357\u4eac\u7384\u6b66\u6e56\u667a\u9009\u5047\u65e5\u9152\u5e97", "order_time": ["2019-01-14 10:36:44"], "total_order": 1, "hotel_value": ["4.2"], "hotel_price": ["369"]}, "9666356": {"hotel_name": "\u6c49\u5ead\u9152\u5e97(\u5357\u4eac\u6c5f\u5b81\u725b\u9996\u5c71\u5e97)", "order_time": ["2019-01-14 10:36:44"], "total_order": 1, "hotel_value": ["4.1"], "hotel_price": ["199"]}, "3916519": {"hotel_name": "\u5357\u4eac\u5b89\u6734\u9152\u5e97", "order_time": ["2019-01-14 10:36:44"], "total_order": 1, "hotel_value": ["4.7"], "hotel_price": ["498"]}, "1451746": {"hotel_name": "\u5982\u5bb6\u5feb\u6377\u9152\u5e97(\u5357\u4eac\u592b\u5b50\u5e99\u96c6\u5e86\u95e8\u5e97)", "order_time": ["2019-01-14 10:36:44"], "total_order": 1, "hotel_value": ["4.4"], "hotel_price": ["180"]}, "15899728": {"hotel_name": "\u5357\u4eac\u4f0a\u8428\u5361\u9152\u5e97\u516c\u5bd3", "order_time": ["2019-01-14 10:36:44"], "total_order": 1, "hotel_value": ["4.5"], "hotel_price": ["164"]}, "1649095": {"hotel_name": "\u683c\u6797\u8c6a\u6cf0(\u5357\u4eac\u9f13\u697c\u5e97)", "order_time": ["2019-01-14 10:36:44"], "total_order": 1, "hotel_value": ["3.9"], "hotel_price": ["291"]}, "11668829": {"hotel_name": "\u82b1\u7b51\u00b7\u5357\u4eac\u6c64\u5c71\u5de6\u90bb\u53f3\u820d\u6e29\u6cc9\u5ba2\u6808", "order_time": ["2019-01-14 10:36:48"], "total_order": 1, "hotel_value": ["4.8"], "hotel_price": ["744"]}, "1225035": {"hotel_name": "\u5357\u4eac\u9ad8\u7ba1\u516c\u5bd3\u9152\u5e97", "order_time": ["2019-01-14 10:38:40"], "total_order": 1, "hotel_value": ["4.5"], "hotel_price": ["213"]}, "1938469": {"hotel_name": "\u9526\u6c5f\u4e4b\u661f\u54c1\u5c1a(\u5357\u4eac\u706b\u8f66\u5357\u7ad9\u5317\u5e7f\u573a\u5e97)", "order_time": ["2019-01-14 10:38:40"], "total_order": 1, "hotel_value": ["4.5"], "hotel_price": ["259"]}, "1452456": {"hotel_name": "\u5982\u5bb6\u5feb\u6377\u9152\u5e97(\u5357\u4eac\u516d\u5408\u91d1\u5b81\u5e7f\u573a\u6b65\u884c\u8857\u5e97)", "order_time": ["2019-01-14 10:38:40"], "total_order": 1, "hotel_value": ["4.6"], "hotel_price": ["121"]}, "689773": {"hotel_name": "\u5357\u4eac\u949f\u5c71\u5bbe\u9986(\u6c5f\u82cf\u7701\u4f1a\u8bae\u4e2d\u5fc3)", "order_time": ["2019-01-14 10:38:40"], "total_order": 1, "hotel_value": ["4.7"], "hotel_price": ["546"]}, "1641608": {"hotel_name": "\u5357\u4eacV\u9152\u5e97", "order_time": ["2019-01-14 10:38:40"], "total_order": 1, "hotel_value": ["4.5"], "hotel_price": ["143"]}, "1686756": {"hotel_name": "\u5357\u4eac\u7279\u8ff7\u98ce\u60c5\u5047\u65e5\u9152\u5e97", "order_time": ["2019-01-14 10:38:40"], "total_order": 1, "hotel_value": ["4.3"], "hotel_price": ["204"]}, "15899490": {"hotel_name": "\u5168\u5b63\u9152\u5e97(\u5357\u4eac\u603b\u7edf\u5e9c\u5e97)", "order_time": ["2019-01-14 10:40:40", "2019-01-14 10:38:41"], "total_order": 2, "hotel_value": ["4.7", "4.7"], "hotel_price": ["341", "341"]}, "4707052": {"hotel_name": "Q\u52a0\u00b7\u72ec\u4e00\u5904\u9152\u5e97\u5f0f\u516c\u5bd3(\u5357\u4eac\u5357\u7ad9\u5e97)(\u539f\u5411\u65e5\u8475\u9152\u5e97\u516c\u5bd3)", "order_time": ["2019-01-14 10:38:41"], "total_order": 1, "hotel_value": ["4.7"], "hotel_price": ["209"]}, "15984065": {"hotel_name": "\u9038\u548c\u7cbe\u54c1\u9152\u5e97\u516c\u5bd3(\u5357\u4eac\u5929\u9686\u5bfa\u5730\u94c1\u7ad9\u5e97)", "order_time": ["2019-01-14 10:38:42"], "total_order": 1, "hotel_value": ["4.8"], "hotel_price": ["188"]}, "1007164": {"hotel_name": "\u5357\u4eac\u541b\u60a6\u8f69\u5bbe\u9986", "order_time": ["2019-01-14 10:38:42"], "total_order": 1, "hotel_value": ["3.0"], "hotel_price": ["88"]}, "470082": {"hotel_name": "\u6c5f\u82cf\u7fe0\u5c4f\u5c71\u5bbe\u9986", "order_time": ["2019-01-14 10:40:41"], "total_order": 1, "hotel_value": ["4.7"], "hotel_price": ["383"]}, "2979681": {"hotel_name": "\u604b\u57ce\u60c5\u4fa3\u4e3b\u9898\u9152\u5e97(\u5357\u4eac\u5c71\u897f\u8def\u5e97)", "order_time": ["2019-01-14 10:40:42"], "total_order": 1, "hotel_value": ["3.8"], "hotel_price": ["278"]}, "1944357": {"hotel_name": "\u5357\u4eac\u4ed9\u6797\u5bbe\u9986", "order_time": ["2019-01-14 10:42:40"], "total_order": 1, "hotel_value": ["4.6"], "hotel_price": ["265"]}, "5016538": {"hotel_name": "\u5c0f\u65f6\u5149\u5bbe\u9986(\u5357\u4eac\u7984\u53e3\u673a\u573a\u5e97)", "order_time": ["2019-01-14 10:42:40"], "total_order": 1, "hotel_value": ["4.9"], "hotel_price": ["136"]}, "16096817": {"hotel_name": "\u5609\u7f8e\u00b7\u5f71\u9662\u9152\u5e97(\u5357\u4eac\u5357\u7ad9\u5929\u9686\u5bfa\u5730\u94c1\u7ad9\u5e97)(\u539f\u68a7\u6850\u5bd3\u00b7\u5f71\u9662\u9152\u5e97)", "order_time": ["2019-01-14 10:42:40"], "total_order": 1, "hotel_value": ["4.8"], "hotel_price": ["248"]}, "4045999": {"hotel_name": "\u99a8\u8bda\u8f69\u9152\u5e97(\u5357\u4eac\u5965\u4f53\u535a\u89c8\u4e2d\u5fc3\u5e97)", "order_time": ["2019-01-14 10:42:41"], "total_order": 1, "hotel_value": ["4.2"], "hotel_price": ["183"]}, "1873547": {"hotel_name": "\u80af\u5b9a\u7cbe\u54c1\u9152\u5e97(\u5357\u4eac\u6768\u516c\u4e95\u5e97)(\u539f\u90fd\u4e50\u5bbe\u9986\u6768\u516c\u4e95\u5e97)", "order_time": ["2019-01-14 10:42:41"], "total_order": 1, "hotel_value": ["4.0"], "hotel_price": ["164"]}, "19579399": {"hotel_name": "\u5357\u4eac24\u53f7\u7cbe\u54c1\u5ba2\u6808", "order_time": ["2019-01-14 10:42:41"], "total_order": 1, "hotel_value": ["4.8"], "hotel_price": ["114"]}, "4496695": {"hotel_name": "\u5357\u4eac\u82f9\u679c\u6c34\u6676\u7cbe\u54c1\u516c\u5bd3\u9152\u5e97", "order_time": ["2019-01-14 10:42:42"], "total_order": 1, "hotel_value": ["3.6"], "hotel_price": ["156"]}, "5925502": {"hotel_name": "\u7ef4\u4e5f\u7eb3\u9152\u5e97(\u5357\u4eac\u5357\u7ad9\u6c47\u666f\u5e97)", "order_time": ["2019-01-14 10:42:44"], "total_order": 1, "hotel_value": ["4.8"], "hotel_price": ["239"]}, "5240392": {"hotel_name": "\u6728\u5b50\u5c0f\u7a9d\u9752\u5e74\u516c\u5bd3(\u5357\u4eac\u592b\u5b50\u5e99\u5973\u751f\u5e97)(\u539f\u6728\u5b50\u5c0f\u7a9d\u70d8\u7119\u516c\u5bd3)", "order_time": ["2019-01-14 10:42:44"], "total_order": 1, "hotel_value": ["4.9"], "hotel_price": ["61"]}, "1645867": {"hotel_name": "\u6e05\u6c90\u8fde\u9501\u9152\u5e97(\u5357\u4eac\u6339\u6c5f\u95e8\u5e97)", "order_time": ["2019-01-14 10:44:39"], "total_order": 1, "hotel_value": ["4.3"], "hotel_price": ["229"]}, "1451938": {"hotel_name": "\u5982\u5bb6\u9152\u5e97(\u5357\u4eac\u592b\u5b50\u5e99\u5730\u94c1\u7ad9\u5e97)", "order_time": ["2019-01-14 10:44:39"], "total_order": 1, "hotel_value": ["4.5"], "hotel_price": ["227"]}, "3642955": {"hotel_name": "7\u5929\u8fde\u9501\u9152\u5e97(\u5357\u4eac\u592b\u5b50\u5e99\u5fa1\u9053\u8857\u5e97)", "order_time": ["2019-01-14 10:44:39"], "total_order": 1, "hotel_value": ["4.6"], "hotel_price": ["156"]}, "1052592": {"hotel_name": "\u5357\u5cb8\u98ce\u683c\u9152\u5e97(\u5357\u4eac\u4e1c\u5927\u6210\u8d24\u5b66\u9662\u5e97)", "order_time": ["2019-01-14 10:44:40"], "total_order": 1, "hotel_value": ["4.8"], "hotel_price": ["126"]}, "28678204": {"hotel_name": "\u5357\u4eac\u9082\u9005\u9633\u5149\u9152\u5e97", "order_time": ["2019-01-14 10:44:40"], "total_order": 1, "hotel_value": ["5.0"], "hotel_price": ["119"]}, "5917347": {"hotel_name": "\u6854\u5b50\u9152\u5e97\u00b7\u7cbe\u9009(\u5357\u4eac\u738b\u5e9c\u5927\u8857\u5e97)", "order_time": ["2019-01-14 10:46:42"], "total_order": 1, "hotel_value": ["4.8"], "hotel_price": ["275"]}, "2646998": {"hotel_name": "\u5982\u5bb6\u5feb\u6377\u9152\u5e97(\u5357\u4eac\u592b\u5b50\u5e99\u8001\u95e8\u4e1c\u6b66\u5b9a\u95e8\u5730\u94c1\u7ad9\u5e97)", "order_time": ["2019-01-14 10:46:42"], "total_order": 1, "hotel_value": ["4.5"], "hotel_price": ["193"]}, "1727455": {"hotel_name": "Q\u52a0\u00b7\u5929\u79a7\u9f99\u5bbe\u9986(\u5357\u4eac\u592b\u5b50\u5e99\u666f\u533a\u65d7\u8230\u5e97)", "order_time": ["2019-01-14 10:46:42"], "total_order": 1, "hotel_value": ["4.5"], "hotel_price": ["153"]}, "1452525": {"hotel_name": "\u5982\u5bb6\u5feb\u6377\u9152\u5e97(\u5357\u4eac\u65b0\u57ce\u5e02\u5e7f\u573a\u9f99\u6c5f\u5730\u94c1\u7ad9\u5e97)", "order_time": ["2019-01-14 10:46:42"], "total_order": 1, "hotel_value": ["4.6"], "hotel_price": ["404"]}, "1829770": {"hotel_name": "\u4e16\u7eaa\u7f18\u5927\u9152\u5e97(\u5357\u4eac\u5317\u4eac\u4e1c\u8def\u5e97)", "order_time": ["2019-01-14 10:46:43"], "total_order": 1, "hotel_value": ["4.3"], "hotel_price": ["302"]}, "2979378": {"hotel_name": "\u5357\u4eac\u4ed9\u6797\u516c\u5bd3", "order_time": ["2019-01-14 10:46:44"], "total_order": 1, "hotel_value": ["4.4"], "hotel_price": ["92"]}, "1861566": {"hotel_name": "\u5357\u4eac\u827e\u68ee\u65f6\u5c1a\u5546\u52a1\u65c5\u5e97", "order_time": ["2019-01-14 10:48:39"], "total_order": 1, "hotel_value": ["3.8"], "hotel_price": ["148"]}, "3031813": {"hotel_name": "\u6613\u4f70\u9152\u5e97(\u5357\u4eac\u4e2d\u5c71\u9675\u9a6c\u7fa4\u5730\u94c1\u7ad9\u5e97)", "order_time": ["2019-01-14 10:48:40"], "total_order": 1, "hotel_value": ["4.1"], "hotel_price": ["143"]}, "1856487": {"hotel_name": "\u5357\u4eac\u5149\u660e\u996d\u5e97", "order_time": ["2019-01-14 10:48:40"], "total_order": 1, "hotel_value": ["3.8"], "hotel_price": ["146"]}, "1649168": {"hotel_name": "\u5bd2\u820d\u7cbe\u54c1\u9152\u5e97(\u5357\u4eac\u6e56\u5317\u8def\u5e97)", "order_time": ["2019-01-14 10:48:41"], "total_order": 1, "hotel_value": ["4.2"], "hotel_price": ["229"]}, "4498712": {"hotel_name": "7\u5929\u4f18\u54c1\u9152\u5e97(\u5357\u4eac\u65b0\u8857\u53e3\u5f20\u5e9c\u56ed\u5730\u94c1\u7ad9\u5e97)", "order_time": ["2019-01-14 10:48:41"], "total_order": 1, "hotel_value": ["4.4"], "hotel_price": ["188"]}, "19494927": {"hotel_name": "\u5357\u4eac\u9006\u65f6\u5149\u9752\u5e74\u65c5\u820d", "order_time": ["2019-01-14 10:48:41"], "total_order": 1, "hotel_value": ["4.9"], "hotel_price": ["56"]}, "6785256": {"hotel_name": "\u5357\u4eac\u5de5\u4e1a\u5927\u5b66\u79d1\u82d1\u5bbe\u9986", "order_time": ["2019-01-14 10:48:45"], "total_order": 1, "hotel_value": ["4.6"], "hotel_price": ["208"]}, "1198450": {"hotel_name": "\u5357\u4eac\u96c5\u5170\u9601\u5bbe\u9986", "order_time": ["2019-01-14 10:48:46"], "total_order": 1, "hotel_value": ["4.1"], "hotel_price": ["198"]}}}