{"\u5f00\u59cb\u8bb0\u5f55\u65f6\u95f4": "2019-01-25 14:04:42", "\u7ed3\u675f\u8bb0\u5f55\u65f6\u95f4": "2019-01-25 15:04:43", "\u8ba2\u5355\u603b\u589e\u91cf": 354, "item": {"1283038": {"hotel_name": "\u5357\u4eac\u91d1\u9675\u65b0\u57ce\u996d\u5e97", "order_time": ["2019-01-25 14:06:50"], "total_order": 1, "hotel_value": ["4.7"], "hotel_price": ["384"]}, "710988": {"hotel_name": "\u5357\u4eac\u6db5\u7530\u57ce\u5e02\u9152\u5e97", "order_time": ["2019-01-25 14:06:50"], "total_order": 1, "hotel_value": ["4.7"], "hotel_price": ["356"]}, "443705": {"hotel_name": "\u4e66\u9999\u4e16\u5bb6\u9152\u5e97(\u5357\u4eac\u65b0\u8857\u53e3\u5fb7\u57fa\u5e7f\u573a\u5e97)(\u539f\u7ba1\u5bb6\u6865\u5e97)", "order_time": ["2019-01-25 14:06:50"], "total_order": 1, "hotel_value": ["4.7"], "hotel_price": ["348"]}, "433082": {"hotel_name": "\u5357\u4eac\u9ec4\u57d4\u5927\u9152\u5e97", "order_time": ["2019-01-25 14:06:50"], "total_order": 1, "hotel_value": ["4.7"], "hotel_price": ["258"]}, "854476": {"hotel_name": "\u5357\u4eac\u534e\u4e1c\u996d\u5e97", "order_time": ["2019-01-25 14:06:51"], "total_order": 1, "hotel_value": ["4.6"], "hotel_price": ["353"]}, "435796": {"hotel_name": "\u5357\u4eac\u56fd\u4fe1\u72b6\u5143\u697c\u5927\u9152\u5e97", "order_time": ["2019-01-25 14:06:51", "2019-01-25 14:08:50", "2019-01-25 14:57:09", "2019-01-25 14:17:00"], "total_order": 4, "hotel_value": ["4.7", "4.7", "4.7", "4.7"], "hotel_price": ["624", "624", "624", "624"]}, "689773": {"hotel_name": "\u5357\u4eac\u949f\u5c71\u5bbe\u9986(\u6c5f\u82cf\u7701\u4f1a\u8bae\u4e2d\u5fc3)", "order_time": ["2019-01-25 14:06:51"], "total_order": 1, "hotel_value": ["4.7"], "hotel_price": ["686"]}, "23632322": {"hotel_name": "Q\u52a0\u00b7\u5357\u4eac\u9038\u4e91\u6db5\u7cbe\u54c1\u9152\u5e97", "order_time": ["2019-01-25 14:06:51"], "total_order": 1, "hotel_value": ["4.9"], "hotel_price": ["153"]}, "13918987": {"hotel_name": "\u5357\u4eac\u5821\u5229\u9152\u5e97\u516c\u5bd3", "order_time": ["2019-01-25 14:06:51"], "total_order": 1, "hotel_value": ["4.8"], "hotel_price": ["208"]}, "1487322": {"hotel_name": "\u6c49\u5ead\u9152\u5e97(\u5357\u4eac\u4ed9\u9e64\u95e8\u7d2b\u4e1c\u5546\u4e1a\u8857\u5e97)(\u539f\u4ed9\u9e64\u95e8\u5e97)", "order_time": ["2019-01-25 14:06:51"], "total_order": 1, "hotel_value": ["4.4"], "hotel_price": ["237"]}, "4727373": {"hotel_name": "\u5982\u5bb6\u5546\u65c5\u9152\u5e97(\u5357\u4eac\u65b0\u8857\u53e3\u4e2d\u5fc3\u5e97)", "order_time": ["2019-01-25 14:06:51"], "total_order": 1, "hotel_value": ["4.8"], "hotel_price": ["330"]}, "434989": {"hotel_name": "\u5357\u4eac\u4e2d\u5fc3\u5927\u9152\u5e97", "order_time": ["2019-01-25 14:06:52"], "total_order": 1, "hotel_value": ["4.8"], "hotel_price": ["498"]}, "953946": {"hotel_name": "\u5357\u4eac\u96e8\u82b1\u6676\u4e3d\u9152\u5e97", "order_time": ["2019-01-25 14:06:53"], "total_order": 1, "hotel_value": ["4.5"], "hotel_price": ["199"]}, "6829860": {"hotel_name": "\u5357\u4eac\u835f\u67ab\u9152\u5e97", "order_time": ["2019-01-25 14:06:53"], "total_order": 1, "hotel_value": ["4.8"], "hotel_price": ["418"]}, "813373": {"hotel_name": "\u5357\u4eac\u6db5\u6708\u697c\u9996\u4e3d\u65af\u9152\u5e97", "order_time": ["2019-01-25 14:06:53"], "total_order": 1, "hotel_value": ["4.8"], "hotel_price": ["579"]}, "371145": {"hotel_name": "\u5357\u4eac\u7ef4\u666f\u56fd\u9645\u5927\u9152\u5e97", "order_time": ["2019-01-25 14:06:53"], "total_order": 1, "hotel_value": ["4.6"], "hotel_price": ["556"]}, "18520566": {"hotel_name": "\u5357\u4eac\u7a9d-house\u516c\u5bd3(\u5bcc\u6ee8\u6751\u5206\u5e97)", "order_time": ["2019-01-25 14:06:53"], "total_order": 1, "hotel_value": ["4.4"], "hotel_price": ["230"]}, "25824305": {"hotel_name": "\u5b9c\u5c1a\u9152\u5e97(\u5357\u4eac\u9752\u5965\u535a\u89c8\u4e2d\u5fc3\u5e97)", "order_time": ["2019-01-25 14:19:03", "2019-01-25 14:08:49"], "total_order": 2, "hotel_value": ["4.5", "4.5"], "hotel_price": ["229", "229"]}, "6395726": {"hotel_name": "\u53e4\u5357\u90fd\u9038\u5c45\u9152\u5e97(\u5357\u4eac\u65b0\u8857\u53e3\u4e2d\u5fc3\u5e97)(\u539f\u5f18\u5609\u65b0\u8857\u53e3\u4e00\u5e97)", "order_time": ["2019-01-25 14:08:49"], "total_order": 1, "hotel_value": ["4.8"], "hotel_price": ["319"]}, "6645069": {"hotel_name": "\u6613\u4f70\u826f\u54c1\u9152\u5e97(\u5357\u4eac\u5357\u7ad9\u5317\u5e7f\u573a\u5e97)", "order_time": ["2019-01-25 14:08:49"], "total_order": 1, "hotel_value": ["4.2"], "hotel_price": ["174"]}, "1952004": {"hotel_name": "\u5982\u5bb6\u5feb\u6377\u9152\u5e97(\u5357\u4eac\u516d\u5408\u533a\u653f\u5e9c\u9f99\u6c60\u5730\u94c1\u7ad9\u5e97)", "order_time": ["2019-01-25 14:08:50"], "total_order": 1, "hotel_value": ["4.6"], "hotel_price": ["131"]}, "26588901": {"hotel_name": "\u5357\u4eac\u591c\u6cca\u79e6\u6dee\u541b\u4ead\u9152\u5e97\u00b7\u5927\u620f\u9662", "order_time": ["2019-01-25 14:08:50"], "total_order": 1, "hotel_value": ["4.8"], "hotel_price": ["639"]}, "8435954": {"hotel_name": "\u5357\u4eac\u4ed9\u6797\u5927\u5b66\u57ce\u751f\u521b\u56ed\u4e9a\u6735\u9152\u5e97", "order_time": ["2019-01-25 14:08:50"], "total_order": 1, "hotel_value": ["4.9"], "hotel_price": ["384"]}, "28127506": {"hotel_name": "\u5357\u4eac\u9a6c\u7fa4\u4e9a\u6735\u9152\u5e97", "order_time": ["2019-01-25 14:08:50"], "total_order": 1, "hotel_value": ["4.9"], "hotel_price": ["413"]}, "1535639": {"hotel_name": "\u6c49\u5ead\u9152\u5e97(\u5357\u4eac\u82dc\u84ff\u56ed\u5927\u8857\u5e97)", "order_time": ["2019-01-25 14:08:50"], "total_order": 1, "hotel_value": ["4.5"], "hotel_price": ["216"]}, "12543472": {"hotel_name": "\u5357\u4eac\u670b\u6765\u56fd\u9645\u9152\u5e97\u516c\u5bd3", "order_time": ["2019-01-25 14:08:50"], "total_order": 1, "hotel_value": ["4.7"], "hotel_price": ["184"]}, "1451938": {"hotel_name": "\u5982\u5bb6\u9152\u5e97(\u5357\u4eac\u592b\u5b50\u5e99\u5730\u94c1\u7ad9\u5e97)", "order_time": ["2019-01-25 14:08:50"], "total_order": 1, "hotel_value": ["4.5"], "hotel_price": ["322"]}, "1926757": {"hotel_name": "\u6c49\u5ead\u9152\u5e97(\u5357\u4eac\u6c5f\u5b81\u8bda\u4fe1\u5927\u9053\u5e97)", "order_time": ["2019-01-25 14:08:50"], "total_order": 1, "hotel_value": ["4.2"], "hotel_price": ["237"]}, "1532041": {"hotel_name": "\u8d85\u7fa4\u7cbe\u9009\u9152\u5e97(\u5357\u4eac\u4e2d\u5c71\u9675\u666f\u533a\u5e97)", "order_time": ["2019-01-25 14:08:51"], "total_order": 1, "hotel_value": ["4.3"], "hotel_price": ["169"]}, "3327690": {"hotel_name": "\u6c64\u5c71\u7d2b\u6e05\u6e56\u6e29\u6cc9\u5ea6\u5047\u9152\u5e97", "order_time": ["2019-01-25 14:12:52", "2019-01-25 14:08:51"], "total_order": 2, "hotel_value": ["4.8", "4.8"], "hotel_price": ["9899", "9899"]}, "24758724": {"hotel_name": "\u5357\u4eac\u67da\u5b50\u6c11\u5bbf", "order_time": ["2019-01-25 14:29:13", "2019-01-25 14:08:52"], "total_order": 2, "hotel_value": [0, 0], "hotel_price": ["394", "394"]}, "434907": {"hotel_name": "\u5357\u4eac\u66d9\u5149\u56fd\u9645\u5927\u9152\u5e97", "order_time": ["2019-01-25 14:08:56"], "total_order": 1, "hotel_value": ["4.7"], "hotel_price": ["432"]}, "5451854": {"hotel_name": "\u5357\u4eac\u91d1\u9e70\u56fd\u9645\u9152\u5e97", "order_time": ["2019-01-25 14:10:53"], "total_order": 1, "hotel_value": ["4.9"], "hotel_price": ["882"]}, "754206": {"hotel_name": "\u5357\u4eac\u6021\u534e\u9152\u5e97", "order_time": ["2019-01-25 14:10:53"], "total_order": 1, "hotel_value": ["4.7"], "hotel_price": ["478"]}, "4122292": {"hotel_name": "\u5c1a\u5ba2\u4f18\u8fde\u9501\u9152\u5e97(\u5357\u4eac\u6cb3\u6d77\u5927\u5b66\u5730\u94c1\u7ad9\u5e97)", "order_time": ["2019-01-25 14:10:53"], "total_order": 1, "hotel_value": ["4.2"], "hotel_price": ["156"]}, "6762482": {"hotel_name": "\u7ea2\u67ab\u7cbe\u54c1\u9152\u5e97(\u5357\u4eac\u7ad9\u8fc8\u768b\u6865\u5730\u94c1\u7ad9\u5e97)", "order_time": ["2019-01-25 14:10:53"], "total_order": 1, "hotel_value": ["4.6"], "hotel_price": ["112"]}, "8627469": {"hotel_name": "\u5bb6\u7f8e\u597d\u592a\u7a7a\u65c5\u9986(\u5357\u4eac\u706b\u8f66\u7ad9\u7384\u6b66\u6e56\u5e97)(\u539f\u6e56\u5149\u5c71\u820d\u592a\u7a7a\u8231\u80f6\u56ca\u65c5\u820d)", "order_time": ["2019-01-25 14:10:54"], "total_order": 1, "hotel_value": ["4.5"], "hotel_price": ["74"]}, "1633276": {"hotel_name": "\u5357\u4eac\u65b0\u534e\u4f20\u5a92\u7ca4\u6d77\u56fd\u9645\u5927\u9152\u5e97", "order_time": ["2019-01-25 14:14:57", "2019-01-25 14:10:54"], "total_order": 2, "hotel_value": ["4.8", "4.8"], "hotel_price": ["588", "588"]}, "369713": {"hotel_name": "\u5357\u4eac\u7eff\u5730\u6d32\u9645\u9152\u5e97", "order_time": ["2019-01-25 14:10:55"], "total_order": 1, "hotel_value": ["4.7"], "hotel_price": ["999"]}, "1448580": {"hotel_name": "\u83ab\u6cf0168(\u5357\u4eac\u535a\u7269\u9662\u4e2d\u5c71\u9675\u98ce\u666f\u533a\u5e97)(\u539f\u4e2d\u5c71\u95e8\u4e2d\u5c71\u9675\u98ce\u666f\u533a\u5e97)", "order_time": ["2019-01-25 14:10:56"], "total_order": 1, "hotel_value": ["4.4"], "hotel_price": ["201"]}, "3642707": {"hotel_name": "\u5357\u4eac\u5b9a\u683c\u5bbe\u9986", "order_time": ["2019-01-25 14:10:59", "2019-01-25 14:19:08", "2019-01-25 14:39:21"], "total_order": 3, "hotel_value": ["4.5", "4.5", "4.5"], "hotel_price": ["121", "121", "121"]}, "1179858": {"hotel_name": "\u5168\u5b63\u9152\u5e97(\u5357\u4eac\u8679\u6865\u4e2d\u5c71\u5317\u8def\u5e97)", "order_time": ["2019-01-25 14:11:01"], "total_order": 1, "hotel_value": ["4.8"], "hotel_price": ["351"]}, "669100": {"hotel_name": "\u5357\u4eac\u91d1\u5965\u8d39\u5c14\u8499\u9152\u5e97", "order_time": ["2019-01-25 14:12:51"], "total_order": 1, "hotel_value": ["4.7"], "hotel_price": ["892"]}, "1669678": {"hotel_name": "\u5e03\u4e01\u9152\u5e97(\u5357\u4eac\u592b\u5b50\u5e99\u5f20\u5e9c\u56ed\u5730\u94c1\u7ad9\u5e97)", "order_time": ["2019-01-25 14:12:51"], "total_order": 1, "hotel_value": ["4.3"], "hotel_price": ["139"]}, "1632868": {"hotel_name": "\u6854\u5b50\u9152\u5e97\u00b7\u7cbe\u9009(\u5357\u4eac\u9038\u4ed9\u6865\u603b\u7edf\u5e9c\u6885\u56ed\u65b0\u6751\u5e97)", "order_time": ["2019-01-25 14:12:52"], "total_order": 1, "hotel_value": ["4.9"], "hotel_price": ["398"]}, "913039": {"hotel_name": "\u5b9c\u5fc5\u601d\u9152\u5e97(\u5357\u4eac\u592b\u5b50\u5e99\u5e97)", "order_time": ["2019-01-25 14:12:52"], "total_order": 1, "hotel_value": ["4.4"], "hotel_price": ["303"]}, "26446286": {"hotel_name": "\u5357\u4eac\u65b0\u6e2f\u5f00\u53d1\u533a\u4e9a\u6735\u9152\u5e97", "order_time": ["2019-01-25 14:12:52"], "total_order": 1, "hotel_value": ["4.8"], "hotel_price": ["334"]}, "11479584": {"hotel_name": "\u5357\u4eac\u4e0a\u5143\u5927\u8857\u4e9a\u6735\u9152\u5e97", "order_time": ["2019-01-25 14:12:52"], "total_order": 1, "hotel_value": ["4.8"], "hotel_price": ["369"]}, "5716734": {"hotel_name": "\u5357\u4eac\u7984\u53e3\u673a\u573a\u4e9a\u6735\u9152\u5e97", "order_time": ["2019-01-25 14:12:52"], "total_order": 1, "hotel_value": ["4.8"], "hotel_price": ["509"]}, "6019844": {"hotel_name": "\u5357\u4eac\u5c1a\u4f73\u5c45\u5546\u52a1\u9152\u5e97", "order_time": ["2019-01-25 14:12:53"], "total_order": 1, "hotel_value": ["3.8"], "hotel_price": ["167"]}, "859236": {"hotel_name": "\u6c49\u5ead\u9152\u5e97(\u5357\u4eac\u65b0\u8857\u53e3\u534e\u4fa8\u8def\u5e97)", "order_time": ["2019-01-25 14:12:53"], "total_order": 1, "hotel_value": ["4.3"], "hotel_price": ["208"]}, "1687968": {"hotel_name": "\u683c\u6797\u8c6a\u6cf0(\u5357\u4eac\u5929\u5370\u5927\u9053\u5730\u94c1\u7ad9\u5e97)", "order_time": ["2019-01-25 14:19:05", "2019-01-25 14:12:54"], "total_order": 2, "hotel_value": ["4.3", "4.3"], "hotel_price": ["180", "180"]}, "3801264": {"hotel_name": "\u5357\u4eac\u67ab\u6811\u6797\u5bbe\u9986", "order_time": ["2019-01-25 14:12:54"], "total_order": 1, "hotel_value": ["4.1"], "hotel_price": ["113"]}, "23948227": {"hotel_name": "\u5357\u4eac\u9752\u8292\u9152\u5e97", "order_time": ["2019-01-25 14:12:55"], "total_order": 1, "hotel_value": ["5.0"], "hotel_price": ["133"]}, "9558305": {"hotel_name": "\u5357\u4eac\u7ff0\u820d\u9152\u5e97\u5f0f\u516c\u5bd3", "order_time": ["2019-01-25 14:12:55"], "total_order": 1, "hotel_value": ["4.7"], "hotel_price": ["312"]}, "18409526": {"hotel_name": "\u9526\u6c5f\u4e4b\u661f\u54c1\u5c1a\u9152\u5e97(\u5357\u4eac\u6c5f\u5b81\u4e1c\u9e92\u8def\u5e97)", "order_time": ["2019-01-25 14:12:55"], "total_order": 1, "hotel_value": ["4.7"], "hotel_price": ["179"]}, "2301748": {"hotel_name": "\u5982\u5bb6\u5feb\u6377\u9152\u5e97(\u5357\u4eac\u5965\u4f53\u4e2d\u5fc3\u5357\u6e56\u8def\u5e97)(\u539f\u8c6a\u5b81\u5546\u52a1\u5bbe\u9986)", "order_time": ["2019-01-25 14:12:55"], "total_order": 1, "hotel_value": ["4.2"], "hotel_price": ["152"]}, "8913707": {"hotel_name": "\u5357\u4eac\u5c0f\u70b9\u70b9\u5bbe\u9986", "order_time": ["2019-01-25 14:12:57"], "total_order": 1, "hotel_value": ["4.8"], "hotel_price": ["111"]}, "1589150": {"hotel_name": "\u5357\u4eac\u6da6\u65fa\u9152\u5e97", "order_time": ["2019-01-25 14:12:57"], "total_order": 1, "hotel_value": ["4.3"], "hotel_price": ["114"]}, "1776620": {"hotel_name": "\u5e03\u4e01\u9152\u5e97(\u5357\u4eac\u6cb3\u5b9a\u6865\u5730\u94c1\u7ad9\u5e97 )(\u539f\u5723\u8fbe\u5bbe\u9986)", "order_time": ["2019-01-25 14:13:01"], "total_order": 1, "hotel_value": ["4.1"], "hotel_price": ["124"]}, "396947": {"hotel_name": "\u5357\u4eac\u91d1\u6c47\u5927\u9152\u5e97", "order_time": ["2019-01-25 14:14:55"], "total_order": 1, "hotel_value": ["4.6"], "hotel_price": ["360"]}, "18006446": {"hotel_name": "\u798f\u68ee\u9152\u5e97\u516c\u5bd3(\u5357\u4eac\u5965\u4f53\u5e97)", "order_time": ["2019-01-25 14:14:55"], "total_order": 1, "hotel_value": ["4.8"], "hotel_price": ["207"]}, "5372071": {"hotel_name": "\u73cd\u5b9d\u5047\u65e5\u996d\u5e97(\u5357\u4eac\u6c5f\u5b81\u5e97)", "order_time": ["2019-01-25 14:29:12", "2019-01-25 14:14:56"], "total_order": 2, "hotel_value": ["4.8", "4.8"], "hotel_price": ["489", "489"]}, "3730005": {"hotel_name": "\u548c\u9890\u9152\u5e97(\u5357\u4eac\u4e2d\u5c71\u4e1c\u8def\u660e\u6545\u5bab\u5730\u94c1\u7ad9\u5e97)", "order_time": ["2019-01-25 14:14:56"], "total_order": 1, "hotel_value": ["4.6"], "hotel_price": ["313"]}, "19921125": {"hotel_name": "\u5357\u4eac\u805a\u4e4b\u7f18\u9152\u5e97(\u539f\u69b4\u83b2\u5c0f\u661f\u9152\u5e97)", "order_time": ["2019-01-25 14:14:56"], "total_order": 1, "hotel_value": ["4.3"], "hotel_price": ["229"]}, "811682": {"hotel_name": "\u6e05\u6c90\u8fde\u9501\u9152\u5e97(\u5357\u4eac\u6c5f\u5b81\u4e07\u8fbe\u7af9\u5c71\u8def\u5e97)", "order_time": ["2019-01-25 14:14:56"], "total_order": 1, "hotel_value": ["4.5"], "hotel_price": ["154"]}, "1343017": {"hotel_name": "\u5357\u4eac\u4e3d\u9526\u82b1\u56ed\u9152\u5e97", "order_time": ["2019-01-25 14:14:58"], "total_order": 1, "hotel_value": ["4.5"], "hotel_price": ["260"]}, "28678204": {"hotel_name": "\u5357\u4eac\u9082\u9005\u9633\u5149\u9152\u5e97", "order_time": ["2019-01-25 15:03:13", "2019-01-25 14:15:00", "2019-01-25 14:29:19"], "total_order": 3, "hotel_value": ["4.9", "4.9", "4.9"], "hotel_price": ["119", "119", "119"]}, "1286802": {"hotel_name": "\u6c49\u5ead\u9152\u5e97(\u5357\u4eac\u5e38\u5e9c\u8857\u5e97)", "order_time": ["2019-01-25 14:15:02"], "total_order": 1, "hotel_value": ["4.4"], "hotel_price": ["237"]}, "2301890": {"hotel_name": "7\u5929\u8fde\u9501\u9152\u5e97(\u5357\u4eac\u4e09\u724c\u697c\u8679\u6865\u4e2d\u5fc3\u5e97)", "order_time": ["2019-01-25 14:15:03"], "total_order": 1, "hotel_value": ["4.3"], "hotel_price": ["115"]}, "1520034": {"hotel_name": "\u6d77\u53cb\u9152\u5e97(\u5357\u4eac\u592b\u5b50\u5e99\u767d\u4e0b\u8def\u5e97)", "order_time": ["2019-01-25 14:15:03"], "total_order": 1, "hotel_value": ["3.9"], "hotel_price": ["142"]}, "10475121": {"hotel_name": "\u5357\u4eac\u90fd\u5e02\u9a7f\u5bb6\u9752\u5e74\u516c\u5bd3(\u539f\u661f\u9645\u592a\u7a7a\u8231\u516c\u5bd3)", "order_time": ["2019-01-25 14:15:08"], "total_order": 1, "hotel_value": ["4.8"], "hotel_price": ["74"]}, "369717": {"hotel_name": "\u5357\u4eac\u91d1\u9e70\u73e0\u6c5f\u58f9\u53f7\u56fd\u9645\u9152\u5e97", "order_time": ["2019-01-25 14:17:03"], "total_order": 1, "hotel_value": ["4.7"], "hotel_price": ["579"]}, "1463015": {"hotel_name": "\u80af\u5b9a\u5bbe\u9986\u8fde\u9501(\u5357\u4eac\u9f99\u6c5f\u4e8c\u5e97)", "order_time": ["2019-01-25 14:33:11", "2019-01-25 14:21:02", "2019-01-25 14:17:04"], "total_order": 3, "hotel_value": ["4.0", "4.0", "4.0"], "hotel_price": ["129", "129", "129"]}, "7067265": {"hotel_name": "\u6c49\u5ead\u4f18\u4f73\u9152\u5e97(\u5357\u4eac\u5965\u4f53\u4e2d\u5fc3\u5e97)", "order_time": ["2019-01-25 14:17:04"], "total_order": 1, "hotel_value": ["4.7"], "hotel_price": ["314"]}, "23972505": {"hotel_name": "\u5357\u4eacValentine \u9038\u5c45(\u539f\u5357\u4eac\u9047\u89c1\u4e00\u5ea7\u57ce)", "order_time": ["2019-01-25 14:17:05"], "total_order": 1, "hotel_value": ["4.9"], "hotel_price": ["218"]}, "1669477": {"hotel_name": "\u5357\u4eac\u65b0\u8857\u53e3\u996d\u5e97", "order_time": ["2019-01-25 14:17:06"], "total_order": 1, "hotel_value": ["4.1"], "hotel_price": ["193"]}, "1945125": {"hotel_name": "\u5357\u4eac\u4e1c\u5bab\u5927\u9152\u5e97", "order_time": ["2019-01-25 14:17:06"], "total_order": 1, "hotel_value": ["4.3"], "hotel_price": ["263"]}, "4814294": {"hotel_name": "\u5982\u5bb6\u5feb\u6377\u9152\u5e97(\u5357\u4eac\u65b0\u8857\u53e3\u4e2d\u5c71\u4e1c\u8def\u897f\u5b89\u95e8\u5730\u94c1\u7ad9\u5e97)", "order_time": ["2019-01-25 14:17:06"], "total_order": 1, "hotel_value": ["4.5"], "hotel_price": ["228"]}, "8574614": {"hotel_name": "\u5357\u4eac\u7f8e\u597d\u836f\u5e97\u9752\u5e74\u65c5\u820d", "order_time": ["2019-01-25 14:17:06"], "total_order": 1, "hotel_value": ["4.6"], "hotel_price": ["49"]}, "1273969": {"hotel_name": "\u5357\u4eac\u5047\u65e5\u7687\u51a0\u9152\u5e97", "order_time": ["2019-01-25 14:27:20", "2019-01-25 14:17:07"], "total_order": 2, "hotel_value": ["4.0", "4.0"], "hotel_price": ["103", "103"]}, "2857752": {"hotel_name": "\u683c\u6797\u8c6a\u6cf0(\u5357\u4eac\u5357\u7ad9\u5357\u5e7f\u573a\u5e97)", "order_time": ["2019-01-25 14:17:08"], "total_order": 1, "hotel_value": ["4.4"], "hotel_price": ["237"]}, "1317113": {"hotel_name": "\u6c49\u5ead\u9152\u5e97(\u5357\u4eac\u671d\u5929\u5bab\u5e97)", "order_time": ["2019-01-25 14:17:08"], "total_order": 1, "hotel_value": ["4.5"], "hotel_price": ["170"]}, "6470615": {"hotel_name": "\u5357\u4eac\u661f\u6708\u9152\u5e97(\u5f20\u5e9c\u56ed\u5730\u94c1\u7ad9\u5e97)", "order_time": ["2019-01-25 14:17:11"], "total_order": 1, "hotel_value": ["4.4"], "hotel_price": ["173"]}, "1098510": {"hotel_name": "\u5357\u4eac\u5f20\u8fdb\u5bbe\u9986((\u539f\u4e30\u5ba2\u6e90\u5bbe\u9986)", "order_time": ["2019-01-25 14:33:42", "2019-01-25 14:17:23", "2019-01-25 14:35:39"], "total_order": 3, "hotel_value": ["4.3", "4.3", "4.3"], "hotel_price": ["108", "108", "108"]}, "430159": {"hotel_name": "\u5357\u4eac\u7384\u6b66\u82cf\u5b81\u8bfa\u5bcc\u7279\u9152\u5e97", "order_time": ["2019-01-25 14:18:59"], "total_order": 1, "hotel_value": ["4.7"], "hotel_price": ["628"]}, "28566124": {"hotel_name": "\u5357\u4eac\u91d1\u5e06\u4e07\u6e90\u9152\u5e97", "order_time": ["2019-01-25 14:19:00"], "total_order": 1, "hotel_value": ["4.9"], "hotel_price": ["468"]}, "435621": {"hotel_name": "\u5357\u4eac\u4e2d\u5c71\u5927\u53a6", "order_time": ["2019-01-25 14:19:00"], "total_order": 1, "hotel_value": ["4.7"], "hotel_price": ["278"]}, "5311088": {"hotel_name": "\u5357\u4eac\u99a8\u8309\u8389\u82b1\u56ed\u9152\u5e97", "order_time": ["2019-01-25 14:19:00"], "total_order": 1, "hotel_value": ["4.7"], "hotel_price": ["148"]}, "1828824": {"hotel_name": "\u65b0\u5730\u9152\u5e97(\u5357\u4eac\u65b0\u5730\u4ed9\u6797\u4e2d\u5fc3\u5e97)", "order_time": ["2019-01-25 14:19:02"], "total_order": 1, "hotel_value": ["4.8"], "hotel_price": ["536"]}, "2596930": {"hotel_name": "\u6c5f\u5357\u884c\u7cbe\u54c1\u9152\u5e97(\u5357\u4eac\u4e5d\u534e\u5c71\u5730\u94c1\u7ad9\u5e97)", "order_time": ["2019-01-25 14:19:03", "2019-01-25 14:33:14"], "total_order": 2, "hotel_value": ["4.6", "4.6"], "hotel_price": ["272", "272"]}, "5782272": {"hotel_name": "\u4e5d\u97f5\u7cbe\u54c1\u9152\u5e97(\u5357\u4eac\u5357\u5de5\u5927\u6155\u65af\u835f\u5e97)", "order_time": ["2019-01-25 14:19:03"], "total_order": 1, "hotel_value": ["4.7"], "hotel_price": ["153"]}, "5306720": {"hotel_name": "\u5357\u4eac\u6e56\u4e1c\u5bbe\u9986", "order_time": ["2019-01-25 14:19:17"], "total_order": 1, "hotel_value": ["4.1"], "hotel_price": ["173"]}, "8574617": {"hotel_name": "\u9752\u821e\u98de\u626c\u592a\u7a7a\u8231\u5ba2\u6808(\u5357\u4eac\u5357\u7ad9\u5e97)", "order_time": ["2019-01-25 14:19:18"], "total_order": 1, "hotel_value": ["4.6"], "hotel_price": ["89"]}, "17329166": {"hotel_name": "\u5357\u4eac\u6c99\u62c9\u597d\u96be\u5403\u516c\u5bd3(\u6ee8\u6cb3\u8def\u5206\u5e97)", "order_time": ["2019-01-25 14:19:26"], "total_order": 1, "hotel_value": [0], "hotel_price": ["109"]}, "1648925": {"hotel_name": "\u5357\u4eac\u540d\u516b\u5bbe\u9986", "order_time": ["2019-01-25 14:19:31"], "total_order": 1, "hotel_value": ["2.3"], "hotel_price": ["100"]}, "7077948": {"hotel_name": "\u5357\u4eac\u5703\u820d\u00b7\u537f\u6c34\u6c11\u5bbf", "order_time": ["2019-01-25 14:19:31"], "total_order": 1, "hotel_value": ["4.8"], "hotel_price": ["580"]}, "8589673": {"hotel_name": "\u5357\u4eac\u5e03\u9c81\u514b\u6797\u56fd\u9645\u81ea\u52a9\u516c\u5bd3\u7384\u6b66\u6e56\u5e97", "order_time": ["2019-01-25 14:19:31"], "total_order": 1, "hotel_value": ["4.4"], "hotel_price": ["249"]}, "25630189": {"hotel_name": "\u5357\u4eac\u827e\u5ba2\u516c\u5bd3", "order_time": ["2019-01-25 14:19:31"], "total_order": 1, "hotel_value": ["5.0"], "hotel_price": ["208"]}, "454400": {"hotel_name": "\u5357\u4eac\u6c5f\u9675\u56fd\u9645\u5927\u9152\u5e97", "order_time": ["2019-01-25 14:19:31"], "total_order": 1, "hotel_value": ["3.9"], "hotel_price": ["282"]}, "378829": {"hotel_name": "\u5357\u4eac\u57ce\u5e02\u540d\u4eba\u9152\u5e97", "order_time": ["2019-01-25 14:20:59"], "total_order": 1, "hotel_value": ["4.8"], "hotel_price": ["568"]}, "1585888": {"hotel_name": "\u9526\u6c5f\u4e4b\u661f(\u5357\u4eac\u5965\u4f53\u9ec4\u5c71\u8def\u5e97)", "order_time": ["2019-01-25 14:21:01"], "total_order": 1, "hotel_value": ["4.3"], "hotel_price": ["179"]}, "1535630": {"hotel_name": "\u6c49\u5ead\u9152\u5e97(\u5357\u4eac\u592b\u5b50\u5e99\u8001\u95e8\u4e1c\u5e97)", "order_time": ["2019-01-25 14:21:04"], "total_order": 1, "hotel_value": ["4.3"], "hotel_price": ["243"]}, "470082": {"hotel_name": "\u6c5f\u82cf\u7fe0\u5c4f\u5c71\u5bbe\u9986", "order_time": ["2019-01-25 14:21:16"], "total_order": 1, "hotel_value": ["4.7"], "hotel_price": ["410"]}, "4957374": {"hotel_name": "Zsmart\u667a\u5c1a\u9152\u5e97(\u5357\u4eac\u592b\u5b50\u5e99\u5927\u5149\u8def\u5e97)", "order_time": ["2019-01-25 14:29:17", "2019-01-25 14:23:04"], "total_order": 2, "hotel_value": ["4.5", "4.5"], "hotel_price": ["241", "241"]}, "15342933": {"hotel_name": "\u6d77\u660e\u5a01\u7cbe\u54c1\u9152\u5e97\u516c\u5bd3(\u5357\u4eac\u5929\u9686\u5bfa\u5730\u94c1\u7ad9\u5e97)", "order_time": ["2019-01-25 14:23:04"], "total_order": 1, "hotel_value": ["4.8"], "hotel_price": ["218"]}, "6072698": {"hotel_name": "\u5357\u4eac\u7231\u4e01\u5821\u996d\u5e97", "order_time": ["2019-01-25 14:23:05"], "total_order": 1, "hotel_value": ["4.7"], "hotel_price": ["298"]}, "13310970": {"hotel_name": "\u5357\u4eac\u5f97\u820d\u9662\u5b50\u6e29\u6cc9\u6c11\u5bbf", "order_time": ["2019-01-25 14:23:05"], "total_order": 1, "hotel_value": ["4.8"], "hotel_price": ["774"]}, "1462789": {"hotel_name": "\u80af\u5b9a\u00b7\u89c2\u7f8e\u9152\u5e97(\u5357\u4eac\u65b0\u8857\u53e3\u91d1\u878d\u4e2d\u5fc3\u4e2d\u592e\u5546\u573a\u5e97)", "order_time": ["2019-01-25 14:23:06", "2019-01-25 14:49:14"], "total_order": 2, "hotel_value": ["4.6", "4.6"], "hotel_price": ["228", "228"]}, "346283": {"hotel_name": "\u5357\u4eac\u91d1\u9675\u996d\u5e97", "order_time": ["2019-01-25 14:23:06"], "total_order": 1, "hotel_value": ["4.8"], "hotel_price": ["626"]}, "1410616": {"hotel_name": "\u5982\u5bb6\u5546\u65c5\u9152\u5e97(\u5357\u4eac\u592b\u5b50\u5e99\u901a\u6d4e\u95e8\u5e97)", "order_time": ["2019-01-25 14:23:07"], "total_order": 1, "hotel_value": ["4.6"], "hotel_price": ["269"]}, "472567": {"hotel_name": "\u901f8\u9152\u5e97(\u5357\u4eac\u5c71\u897f\u8def\u5e97)", "order_time": ["2019-01-25 14:23:10"], "total_order": 1, "hotel_value": ["3.5"], "hotel_price": ["163"]}, "5218050": {"hotel_name": "\u91d1\u5965\u8bfa\u9601\u96c5\u9152\u5e97(\u5357\u4eac\u5965\u4f53\u4e2d\u5fc3\u5e97)", "order_time": ["2019-01-25 14:23:41"], "total_order": 1, "hotel_value": ["4.9"], "hotel_price": ["492"]}, "18025658": {"hotel_name": "\u60a6\u9014\u7cbe\u54c1\u516c\u5bd3(\u5357\u4eac\u5965\u4f53\u4e2d\u80dc\u5e97)", "order_time": ["2019-01-25 14:25:07", "2019-01-25 14:35:11"], "total_order": 2, "hotel_value": ["4.7", "4.7"], "hotel_price": ["222", "222"]}, "419566": {"hotel_name": "\u5357\u4eac\u53e4\u5357\u90fd\u996d\u5e97", "order_time": ["2019-01-25 14:25:12"], "total_order": 1, "hotel_value": ["4.8"], "hotel_price": ["508"]}, "11443801": {"hotel_name": "\u5b9c\u5fc5\u601d\u5c1a\u54c1\u9152\u5e97(\u5357\u4eac\u9e92\u9e9f\u95e8\u5e97)", "order_time": ["2019-01-25 14:25:13"], "total_order": 1, "hotel_value": ["4.7"], "hotel_price": ["370"]}, "19833727": {"hotel_name": "\u5357\u4eac\u4e07\u5ba2\u6765\u5546\u52a1\u9152\u5e97", "order_time": ["2019-01-25 14:25:14"], "total_order": 1, "hotel_value": ["4.8"], "hotel_price": ["121"]}, "1697711": {"hotel_name": "\u5e03\u4e01\u9152\u5e97(\u5357\u4eac\u5357\u822a\u7fe0\u5c4f\u5c71\u5730\u94c1\u7ad9\u5e97)", "order_time": ["2019-01-25 14:25:19"], "total_order": 1, "hotel_value": ["3.7"], "hotel_price": ["124"]}, "1169105": {"hotel_name": "\u6b22\u817e\u5546\u52a1\u5bbe\u9986(\u5357\u4eac\u6c5f\u5b81\u4e0a\u5143\u5927\u8857\u4e07\u8fbe\u5e7f\u573a\u5e97)", "order_time": ["2019-01-25 14:25:22"], "total_order": 1, "hotel_value": ["4.2"], "hotel_price": ["133"]}, "1452602": {"hotel_name": "\u5982\u5bb6\u5feb\u6377\u9152\u5e97(\u5357\u4eac\u8fc8\u768b\u6865\u5730\u94c1\u7ad9\u5e97)", "order_time": ["2019-01-25 14:45:16", "2019-01-25 14:25:24"], "total_order": 2, "hotel_value": ["4.4", "4.4"], "hotel_price": ["158", "158"]}, "5376781": {"hotel_name": "\u5357\u4eac99\u65c5\u9986\u8fde\u9501\u9f99\u534e\u8def\u5e97", "order_time": ["2019-01-25 14:25:30"], "total_order": 1, "hotel_value": ["4.2"], "hotel_price": ["114"]}, "425945": {"hotel_name": "\u6c5f\u82cf\u51e4\u51f0\u53f0\u996d\u5e97", "order_time": ["2019-01-25 14:27:09"], "total_order": 1, "hotel_value": ["4.7"], "hotel_price": ["258"]}, "6475650": {"hotel_name": "\u5357\u4eac\u96bd\u6052\u9152\u5e97(\u539f\u6cb3\u6d77\u5927\u5b66\u56fd\u9645\u4ea4\u6d41\u4e2d\u5fc3)", "order_time": ["2019-01-25 14:27:09"], "total_order": 1, "hotel_value": ["4.8"], "hotel_price": ["468"]}, "2071053": {"hotel_name": "\u5357\u4eac\u5fa1\u666f\u6e7e\u9152\u5e97\u516c\u5bd3", "order_time": ["2019-01-25 14:27:09"], "total_order": 1, "hotel_value": ["4.7"], "hotel_price": ["294"]}, "1816834": {"hotel_name": "\u6854\u5b50\u9152\u5e97\u00b7\u7cbe\u9009(\u5357\u4eac\u592b\u5b50\u5e99\u5e97)", "order_time": ["2019-01-25 14:27:10"], "total_order": 1, "hotel_value": ["4.8"], "hotel_price": ["398"]}, "4416229": {"hotel_name": "\u65b0\u7eaa\u5143\u5927\u9152\u5e97(\u5357\u4eac\u9ad8\u6df3\u5e97)", "order_time": ["2019-01-25 14:27:14"], "total_order": 1, "hotel_value": ["4.6"], "hotel_price": ["222"]}, "1698251": {"hotel_name": "\u5357\u4eac\u597d\u7a0b\u9152\u5e97(\u539f\u534e\u6fb3\u5bbe\u9986(\u5357\u4eac\u864e\u8e1e\u5317\u8def\u4e8c\u5e97))", "order_time": ["2019-01-25 14:27:20"], "total_order": 1, "hotel_value": ["4.2"], "hotel_price": ["94"]}, "1984997": {"hotel_name": "\u5357\u4eac\u5e15\u838e\u7cbe\u54c1\u9152\u5e97", "order_time": ["2019-01-25 14:27:20"], "total_order": 1, "hotel_value": ["4.4"], "hotel_price": ["214"]}, "2308580": {"hotel_name": "7\u5929\u8fde\u9501\u9152\u5e97(\u5357\u4eac\u901a\u6d4e\u8857\u5546\u4e1a\u5e7f\u573a\u5e97)", "order_time": ["2019-01-25 14:27:20"], "total_order": 1, "hotel_value": ["4.3"], "hotel_price": ["146"]}, "22449037": {"hotel_name": "\u5357\u4eac\u67ab\u53f6\u7f8e\u5bbf\u5f71\u9662\u9152\u5e97\u5f0f\u516c\u5bd3", "order_time": ["2019-01-25 14:37:20", "2019-01-25 14:27:20"], "total_order": 2, "hotel_value": ["4.8", "4.8"], "hotel_price": ["203", "203"]}, "901888": {"hotel_name": "\u6613\u4f70\u8fde\u9501\u65c5\u5e97(\u5357\u4eac\u6c5f\u5b81\u4e07\u8fbe\u5e7f\u573a\u5e97)", "order_time": ["2019-01-25 14:27:20"], "total_order": 1, "hotel_value": ["4.3"], "hotel_price": ["94"]}, "8982641": {"hotel_name": "\u5357\u4eac\u4f18\u4e30\u9152\u5e97", "order_time": ["2019-01-25 14:27:20"], "total_order": 1, "hotel_value": ["4.7"], "hotel_price": ["136"]}, "1457976": {"hotel_name": "\u5c71\u6942\u6811\u9152\u5e97(\u5357\u4eac\u592b\u5b50\u5e99\u5e97)", "order_time": ["2019-01-25 14:27:20"], "total_order": 1, "hotel_value": ["4.1"], "hotel_price": ["183"]}, "1862073": {"hotel_name": "\u80af\u5b9a\u7cbe\u54c1\u9152\u5e97(\u5357\u4eac\u8679\u60a6\u57ce\u5e97)(\u539f\u94f6\u6865\u5e02\u573a\u5e97)", "order_time": ["2019-01-25 14:27:20"], "total_order": 1, "hotel_value": ["4.0"], "hotel_price": ["118"]}, "5767364": {"hotel_name": "\u5357\u4eac\u5c1a\u597d\u9152\u5e97\u516c\u5bd3\u592b\u5b50\u5e99\u5e97", "order_time": ["2019-01-25 14:27:20"], "total_order": 1, "hotel_value": ["4.4"], "hotel_price": ["242"]}, "3642955": {"hotel_name": "7\u5929\u8fde\u9501\u9152\u5e97(\u5357\u4eac\u592b\u5b50\u5e99\u5fa1\u9053\u8857\u5e97)", "order_time": ["2019-01-25 14:27:20"], "total_order": 1, "hotel_value": ["4.6"], "hotel_price": ["167"]}, "1623545": {"hotel_name": "\u5357\u4eac\u5b89\u8fbe\u996d\u5e97", "order_time": ["2019-01-25 14:27:20"], "total_order": 1, "hotel_value": ["3.7"], "hotel_price": ["198"]}, "1856651": {"hotel_name": "\u5357\u4eac\u53e4\u90fd\u996d\u5e97", "order_time": ["2019-01-25 15:03:15", "2019-01-25 14:27:20"], "total_order": 2, "hotel_value": ["4.3", "4.3"], "hotel_price": ["200", "200"]}, "2300912": {"hotel_name": "7\u5929\u8fde\u9501\u9152\u5e97(\u5357\u4eac\u603b\u7edf\u5e9c\u897f\u5b89\u95e8\u5730\u94c1\u7ad9\u5e97)(\u539f\u4e2d\u5c71\u4e1c\u8def\u603b\u7edf\u5e9c\u5e97)", "order_time": ["2019-01-25 14:27:20"], "total_order": 1, "hotel_value": ["4.4"], "hotel_price": ["188"]}, "1419707": {"hotel_name": "\u5357\u4eac\u91d1\u9e4f\u9152\u5e97", "order_time": ["2019-01-25 14:27:20"], "total_order": 1, "hotel_value": ["4.0"], "hotel_price": ["175"]}, "1861432": {"hotel_name": "\u5357\u4eac\u7231\u7f8e\u8fbe\u5047\u65e5\u9152\u5e97", "order_time": ["2019-01-25 14:27:20"], "total_order": 1, "hotel_value": ["3.9"], "hotel_price": ["255"]}, "26627050": {"hotel_name": "\u66d9\u5149\u8587\u9152\u5e97(\u5357\u4eac\u6ea7\u6c34\u5e97)", "order_time": ["2019-01-25 14:27:20"], "total_order": 1, "hotel_value": [0], "hotel_price": ["199"]}, "1688221": {"hotel_name": "\u5357\u4eac\u9999\u683c\u4e91\u5929\u5bbe\u9986", "order_time": ["2019-01-25 14:57:19", "2019-01-25 14:27:20"], "total_order": 2, "hotel_value": ["4.3", "4.3"], "hotel_price": ["83", "83"]}, "2302286": {"hotel_name": "\u9996\u8c6a\u9152\u5e97(\u5357\u4eac\u5965\u4f53\u6cb3\u897f\u56fd\u9645\u535a\u89c8\u4e2d\u5fc3\u5e97)", "order_time": ["2019-01-25 14:27:20"], "total_order": 1, "hotel_value": ["3.4"], "hotel_price": ["129"]}, "2804161": {"hotel_name": "\u7f57\u66fc\u8c6a\u534e\u7cbe\u54c1\u9152\u5e97(\u5357\u4eac\u80dc\u592a\u8def\u5e97)", "order_time": ["2019-01-25 14:27:21"], "total_order": 1, "hotel_value": ["4.7"], "hotel_price": ["203"]}, "2063865": {"hotel_name": "7\u5929\u4f18\u54c1\u9152\u5e97(\u5357\u4eac\u65b0\u8857\u53e3\u5730\u94c1\u7ad9\u5e97)", "order_time": ["2019-01-25 14:49:13", "2019-01-25 14:29:09"], "total_order": 2, "hotel_value": ["4.6", "4.6"], "hotel_price": ["223", "223"]}, "2269032": {"hotel_name": "\u9e97\u67ab\u9152\u5e97(\u5357\u4eac\u6c34\u897f\u95e8\u5927\u8857\u5e97)", "order_time": ["2019-01-25 14:29:09"], "total_order": 1, "hotel_value": ["4.7"], "hotel_price": ["307"]}, "19596107": {"hotel_name": "\u6e05\u6c90\u7cbe\u9009\u9152\u5e97(\u5357\u4eac\u5927\u5382\u845b\u5858\u5730\u94c1\u7ad9\u5e97)", "order_time": ["2019-01-25 14:29:11"], "total_order": 1, "hotel_value": ["4.8"], "hotel_price": ["201"]}, "5323635": {"hotel_name": "\u9526\u6c5f\u4e4b\u661f(\u5357\u4eac\u6797\u4e1a\u5927\u5b66\u82b1\u56ed\u8def\u5e97)", "order_time": ["2019-01-25 14:29:11"], "total_order": 1, "hotel_value": ["4.5"], "hotel_price": ["199"]}, "14002765": {"hotel_name": "\u5357\u4eac\u9999\u8212\u9601\u5bbe\u9986", "order_time": ["2019-01-25 14:29:13"], "total_order": 1, "hotel_value": ["4.9"], "hotel_price": ["118"]}, "536441": {"hotel_name": "\u5357\u4eac\u65b0\u57ce\u5546\u52a1\u9152\u5e97", "order_time": ["2019-01-25 14:29:14"], "total_order": 1, "hotel_value": ["4.6"], "hotel_price": ["358"]}, "1618777": {"hotel_name": "\u6ea7\u6c34\u9633\u5149\u5047\u65e5\u9152\u5e97(\u5357\u4eac\u5927\u897f\u95e8\u5e97)", "order_time": ["2019-01-25 14:29:17"], "total_order": 1, "hotel_value": ["4.5"], "hotel_price": ["134"]}, "4878344": {"hotel_name": "\u5357\u4eac\u798f\u805a\u5168\u5bbe\u9986", "order_time": ["2019-01-25 14:29:35"], "total_order": 1, "hotel_value": ["3.5"], "hotel_price": ["123"]}, "1426613": {"hotel_name": "\u5357\u4eac\u571f\u4e01\u4e07\u91cc\u8def\u56fd\u9645\u9752\u5e74\u9152\u5e97", "order_time": ["2019-01-25 14:31:13"], "total_order": 1, "hotel_value": ["4.5"], "hotel_price": ["147"]}, "6410668": {"hotel_name": "\u5357\u4eac\u4e4c\u8863\u5df7\u5ba2\u6808\u592b\u5b50\u5e99\u5e97", "order_time": ["2019-01-25 14:31:21"], "total_order": 1, "hotel_value": ["4.5"], "hotel_price": ["61"]}, "29583280": {"hotel_name": "\u5357\u4eac\u6a59\u5b50\u6c11\u5bbf", "order_time": ["2019-01-25 14:31:24"], "total_order": 1, "hotel_value": [0], "hotel_price": ["394"]}, "1002425": {"hotel_name": "\u5357\u4eac\u65e5\u51fa\u82b1\u56ed\u827a\u672f\u9152\u5e97", "order_time": ["2019-01-25 14:31:31"], "total_order": 1, "hotel_value": ["3.3"], "hotel_price": ["99"]}, "1647807": {"hotel_name": "\u6ea7\u6c34\u534e\u5ead\u5bbe\u9986", "order_time": ["2019-01-25 14:31:35"], "total_order": 1, "hotel_value": ["4.6"], "hotel_price": ["103"]}, "795265": {"hotel_name": "\u5357\u4eac\u6625\u96e8\u5546\u52a1\u5bbe\u9986", "order_time": ["2019-01-25 14:31:37"], "total_order": 1, "hotel_value": ["2.2"], "hotel_price": ["128"]}, "3456452": {"hotel_name": "\u5357\u4eac\u65b0\u8857\u53e3\u738b\u5e9c\u5927\u8857\u4e9a\u6735\u9152\u5e97", "order_time": ["2019-01-25 14:51:09", "2019-01-25 14:33:09", "2019-01-25 14:55:15"], "total_order": 3, "hotel_value": ["4.8", "4.8", "4.8"], "hotel_price": ["376", "376", "376"]}, "28232665": {"hotel_name": "\u5357\u4eac\u94c2\u9526\u9152\u5e97\u516c\u5bd3", "order_time": ["2019-01-25 14:33:17", "2019-01-25 14:45:16"], "total_order": 2, "hotel_value": ["4.9", "4.9"], "hotel_price": ["330", "330"]}, "915022": {"hotel_name": "\u5357\u4eac\u4ed9\u6797\u4e4b\u661f\u5bbe\u9986", "order_time": ["2019-01-25 14:33:20"], "total_order": 1, "hotel_value": ["3.6"], "hotel_price": ["83"]}, "7919190": {"hotel_name": "\u5357\u4eac\u8354\u679d\u7cbe\u54c1\u516c\u5bd3", "order_time": ["2019-01-25 14:33:22"], "total_order": 1, "hotel_value": ["4.3"], "hotel_price": ["138"]}, "1633206": {"hotel_name": "\u5357\u4eac\u5929\u6cd3\u5c71\u5e84\u9152\u5e97", "order_time": ["2019-01-25 14:33:23"], "total_order": 1, "hotel_value": ["4.5"], "hotel_price": ["562"]}, "2575107": {"hotel_name": "Q\u52a0\u00b7\u683c\u9675\u5170\u5c9b\u5546\u52a1\u5bbe\u9986(\u5357\u4eac\u5357\u7ad9\u767e\u5bb6\u6e56\u80dc\u592a\u8def\u5730\u94c1\u7ad9\u5e97)", "order_time": ["2019-01-25 14:33:24"], "total_order": 1, "hotel_value": ["4.6"], "hotel_price": ["129"]}, "5764810": {"hotel_name": "\u5357\u4eac\u57ce\u5e02\u8682\u8681\u5ba2\u6808\u4e94\u5858\u5e7f\u573a\u5730\u94c1\u7ad9\u5e97", "order_time": ["2019-01-25 14:33:26", "2019-01-25 14:59:48"], "total_order": 2, "hotel_value": ["3.3", "3.3"], "hotel_price": ["98", "98"]}, "444090": {"hotel_name": "\u5357\u4eac\u6c64\u5c71\u7d2b\u6e05\u6e56\u751f\u6001\u65c5\u6e38\u6e29\u6cc9\u5ea6\u5047\u533a", "order_time": ["2019-01-25 14:33:56"], "total_order": 1, "hotel_value": ["4.8"], "hotel_price": ["419"]}, "691197": {"hotel_name": "\u5357\u4eac\u767d\u5bab\u5927\u9152\u5e97", "order_time": ["2019-01-25 14:35:09", "2019-01-25 14:37:14"], "total_order": 2, "hotel_value": ["4.2", "4.2"], "hotel_price": ["228", "228"]}, "471731": {"hotel_name": "\u5357\u4eac\u4e16\u7eaa\u7f18\u56fd\u9645\u4f1a\u8bae\u4e2d\u5fc3", "order_time": ["2019-01-25 14:35:09"], "total_order": 1, "hotel_value": ["4.4"], "hotel_price": ["298"]}, "795230": {"hotel_name": "\u5357\u4eac\u65b0\u9526\u6e90\u5bbe\u9986", "order_time": ["2019-01-25 14:35:27"], "total_order": 1, "hotel_value": ["3.9"], "hotel_price": ["146"]}, "996989": {"hotel_name": "\u5357\u4eac\u6ea7\u6c34\u6c47\u6e90\u5bbe\u9986", "order_time": ["2019-01-25 14:35:53"], "total_order": 1, "hotel_value": [0], "hotel_price": ["108"]}, "9150517": {"hotel_name": "\u5357\u4eac\u665f\u7f8e\u9152\u5e97", "order_time": ["2019-01-25 14:35:53"], "total_order": 1, "hotel_value": [0], "hotel_price": ["198"]}, "1949861": {"hotel_name": "\u5e03\u4e01\u9152\u5e97(\u5357\u4eac\u5965\u4f53\u5e90\u5c71\u8def\u5e97)(\u539f\u6e05\u5ead\u5546\u52a1\u5bbe\u9986)", "order_time": ["2019-01-25 14:37:40", "2019-01-25 14:35:53"], "total_order": 2, "hotel_value": ["3.9", "3.9"], "hotel_price": ["127", "127"]}, "1945239": {"hotel_name": "\u80af\u5b9a\u5bbe\u9986\u8fde\u9501(\u5357\u4eac\u5927\u5382\u5e97)", "order_time": ["2019-01-25 14:35:53"], "total_order": 1, "hotel_value": ["4.1"], "hotel_price": ["93"]}, "8435929": {"hotel_name": "\u5357\u4eac\u738b\u671d\u5feb\u6377\u9152\u5e97", "order_time": ["2019-01-25 14:35:53"], "total_order": 1, "hotel_value": ["4.6"], "hotel_price": ["106"]}, "1061853": {"hotel_name": "\u5929\u5c1a\u4e4b\u661f\u5bbe\u9986(\u5357\u4eac\u79e6\u8679\u8def\u5e97)", "order_time": ["2019-01-25 14:35:53"], "total_order": 1, "hotel_value": ["3.9"], "hotel_price": ["109"]}, "2300953": {"hotel_name": "\u91d1\u6854\u8fde\u9501\u9152\u5e97(\u5357\u4eac\u519b\u533a\u603b\u9662\u89e3\u653e\u8def\u5e97)", "order_time": ["2019-01-25 14:37:08"], "total_order": 1, "hotel_value": ["4.4"], "hotel_price": ["109"]}, "9194914": {"hotel_name": "\u4e9a\u9645\u9152\u5e97(\u5357\u4eac\u5357\u7ad9\u5e97)", "order_time": ["2019-01-25 14:37:09"], "total_order": 1, "hotel_value": ["4.3"], "hotel_price": ["223"]}, "1183473": {"hotel_name": "\u5c1a\u5ba2\u4f18\u5feb\u6377\u9152\u5e97(\u5357\u4eac\u65e0\u60f3\u5c71\u5730\u94c1\u7ad9\u5e97)", "order_time": ["2019-01-25 14:37:12", "2019-01-25 14:53:23"], "total_order": 2, "hotel_value": ["4.4", "4.4"], "hotel_price": ["145", "145"]}, "4604055": {"hotel_name": "\u5c1a\u5ba2\u4f18\u8fde\u9501\u9152\u5e97(\u5357\u4eac\u592b\u5b50\u5e99\u6c34\u6e38\u57ce\u5e97)", "order_time": ["2019-01-25 14:37:14"], "total_order": 1, "hotel_value": ["4.1"], "hotel_price": ["189"]}, "1535634": {"hotel_name": "\u6c49\u5ead\u9152\u5e97(\u5357\u4eac\u9ec4\u57d4\u8def\u5e97)", "order_time": ["2019-01-25 14:37:14"], "total_order": 1, "hotel_value": ["4.6"], "hotel_price": ["227"]}, "8867914": {"hotel_name": "\u6f2b\u5fc3\u5357\u4eac\u592b\u5b50\u5e99\u9152\u5e97", "order_time": ["2019-01-25 14:37:14"], "total_order": 1, "hotel_value": ["4.7"], "hotel_price": ["465"]}, "4728409": {"hotel_name": "\u8776\u604b\u82b1\u56ed\u9152\u5e97(\u5357\u4eac\u6653\u5e84\u56fd\u9645\u5e7f\u573a\u5e97)(\u539f\u79cb\u8c31\u5bbe\u9986)", "order_time": ["2019-01-25 14:37:17"], "total_order": 1, "hotel_value": ["4.9"], "hotel_price": ["79"]}, "2306709": {"hotel_name": "7\u5929\u8fde\u9501\u9152\u5e97(\u5357\u4eac\u6c64\u5c71\u6e29\u6cc9\u5e97)", "order_time": ["2019-01-25 14:37:18"], "total_order": 1, "hotel_value": ["4.4"], "hotel_price": ["167"]}, "5769529": {"hotel_name": "\u5357\u4eac\u6696\u6696\u5c4b\u6e29\u6cc9\u9152\u5e97", "order_time": ["2019-01-25 14:37:19"], "total_order": 1, "hotel_value": ["4.0"], "hotel_price": ["201"]}, "3637636": {"hotel_name": "\u5357\u4eac\u5357\u5927\u6709\u56ed", "order_time": ["2019-01-25 14:37:22"], "total_order": 1, "hotel_value": ["4.4"], "hotel_price": ["240"]}, "1854051": {"hotel_name": "\u5357\u4eac\u52a0\u4f73\u5bbe\u9986", "order_time": ["2019-01-25 14:37:23"], "total_order": 1, "hotel_value": ["4.1"], "hotel_price": ["203"]}, "1916133": {"hotel_name": "\u5357\u4eac\u91d1\u6708\u6e7e\u5bbe\u9986", "order_time": ["2019-01-25 14:37:33"], "total_order": 1, "hotel_value": ["3.8"], "hotel_price": ["123"]}, "11811049": {"hotel_name": "\u65b0\u65f6\u4ee3\u9152\u5e97\uff08\u5357\u4eac\u9ad8\u6df3\u5730\u94c1\u7ad9\u5e97\uff09", "order_time": ["2019-01-25 14:37:34"], "total_order": 1, "hotel_value": ["4.9"], "hotel_price": ["142"]}, "7523533": {"hotel_name": "\u5357\u4eac\u9526\u6cf0\u5feb\u6377\u5bbe\u9986", "order_time": ["2019-01-25 14:37:34"], "total_order": 1, "hotel_value": ["4.6"], "hotel_price": ["92"]}, "12798762": {"hotel_name": "\u5357\u4eac\u6613\u5c1a\u65f6\u5c1a\u9152\u5e97\u5357\u7ad9\u5e97", "order_time": ["2019-01-25 14:37:34"], "total_order": 1, "hotel_value": [0], "hotel_price": ["179"]}, "8641850": {"hotel_name": "\u5357\u4eac\u5927\u6cb3\u6e7e\u9752\u5e74\u65c5\u820d", "order_time": ["2019-01-25 14:37:34"], "total_order": 1, "hotel_value": ["4.8"], "hotel_price": ["46"]}, "21914008": {"hotel_name": "\u5357\u4eac\u5353\u7f8e\u4e9a\u9152\u5e97", "order_time": ["2019-01-25 14:39:10", "2019-01-25 14:43:08"], "total_order": 2, "hotel_value": ["4.8", "4.8"], "hotel_price": ["1049", "1049"]}, "15899656": {"hotel_name": "\u5357\u4eac\u69b4\u604b\u5047\u65e5\u9152\u5e97\u5f0f\u516c\u5bd3", "order_time": ["2019-01-25 14:39:14"], "total_order": 1, "hotel_value": ["4.6"], "hotel_price": ["258"]}, "3742718": {"hotel_name": "\u5357\u4eac\u7435\u7436\u5c71\u5c45\u9152\u5e97", "order_time": ["2019-01-25 14:39:15"], "total_order": 1, "hotel_value": ["4.7"], "hotel_price": ["264"]}, "3796644": {"hotel_name": "\u5357\u4eac\u5f97\u534a\u5e84\u56ed\u5ea6\u5047\u9152\u5e97", "order_time": ["2019-01-25 14:41:08"], "total_order": 1, "hotel_value": ["4.6"], "hotel_price": ["422"]}, "2301847": {"hotel_name": "7\u5929\u8fde\u9501\u9152\u5e97(\u5357\u4eac\u706b\u8f66\u7ad9\u65b0\u6a21\u8303\u9a6c\u8def\u5730\u94c1\u7ad9\u5e97)", "order_time": ["2019-01-25 14:41:09"], "total_order": 1, "hotel_value": ["4.1"], "hotel_price": ["168"]}, "902118": {"hotel_name": "\u767e\u65f6\u5feb\u6377\u9152\u5e97(\u5357\u4eac\u7384\u6b66\u6e56\u5c71\u897f\u8def\u5e97)", "order_time": ["2019-01-25 14:41:11"], "total_order": 1, "hotel_value": ["4.1"], "hotel_price": ["113"]}, "1116413": {"hotel_name": "\u5357\u4eac\u7384\u6b66\u95e8\u4e9a\u6735\u9152\u5e97", "order_time": ["2019-01-25 14:41:11", "2019-01-25 14:47:08"], "total_order": 2, "hotel_value": ["4.8", "4.8"], "hotel_price": ["360", "360"]}, "6074801": {"hotel_name": "\u5357\u4eac\u91d1\u5cf0\u6c47\u5927\u9152\u5e97", "order_time": ["2019-01-25 14:41:11", "2019-01-25 14:57:11", "2019-01-25 14:45:14", "2019-01-25 14:53:11"], "total_order": 4, "hotel_value": ["4.8", "4.8", "4.8", "4.8"], "hotel_price": ["398", "398", "398", "398"]}, "20222505": {"hotel_name": "\u5357\u4eac\u6885\u5b50\u5bb6\u9152\u5e97", "order_time": ["2019-01-25 14:41:12"], "total_order": 1, "hotel_value": ["4.8"], "hotel_price": ["107"]}, "5296362": {"hotel_name": "ZMAX\u6f6e\u6f2b\u9152\u5e97(\u5357\u4eac\u592b\u5b50\u5e99\u5e97)", "order_time": ["2019-01-25 14:41:13"], "total_order": 1, "hotel_value": ["4.7"], "hotel_price": ["291"]}, "10571966": {"hotel_name": "\u9510\u601d\u7279\u9152\u5e97(\u5357\u4eac\u5357\u7ad9\u8bda\u4fe1\u5927\u9053\u5730\u94c1\u7ad9\u5e97)", "order_time": ["2019-01-25 14:41:14", "2019-01-25 14:53:14"], "total_order": 2, "hotel_value": ["4.5", "4.5"], "hotel_price": ["192", "192"]}, "6124525": {"hotel_name": "\u6c49\u5ead\u9152\u5e97(\u5357\u4eac\u6cb3\u897f\u56fd\u9645\u535a\u89c8\u4e2d\u5fc3\u5e97)", "order_time": ["2019-01-25 14:41:15"], "total_order": 1, "hotel_value": ["4.1"], "hotel_price": ["208"]}, "1136782": {"hotel_name": "\u5357\u4eac\u63a2\u82b1\u697c\u9152\u5e97", "order_time": ["2019-01-25 14:41:17"], "total_order": 1, "hotel_value": ["4.4"], "hotel_price": ["243"]}, "1535640": {"hotel_name": "\u6c49\u5ead\u9152\u5e97(\u5357\u4eac\u8f6f\u4ef6\u5927\u9053\u5730\u94c1\u7ad9\u5e97)", "order_time": ["2019-01-25 14:41:17"], "total_order": 1, "hotel_value": ["4.4"], "hotel_price": ["284"]}, "8651067": {"hotel_name": "\u5357\u4eacTT TOUCH\u9152\u5e97", "order_time": ["2019-01-25 14:43:14", "2019-01-25 14:41:19"], "total_order": 2, "hotel_value": ["4.6", "4.6"], "hotel_price": ["275", "275"]}, "6903011": {"hotel_name": "\u7ef4\u4e5f\u7eb3\u56fd\u9645\u9152\u5e97(\u5357\u4eac\u9ad8\u6df3\u5730\u94c1\u7ad9\u5e97)", "order_time": ["2019-01-25 14:41:20"], "total_order": 1, "hotel_value": ["4.6"], "hotel_price": ["199"]}, "16439650": {"hotel_name": "\u69b4\u83b2\u7cd6\u679c\u7cbe\u9009\u9152\u5e97(\u5357\u4eac\u5927\u5b66\u91d1\u9675\u5b66\u9662\u5e97)", "order_time": ["2019-01-25 14:43:07"], "total_order": 1, "hotel_value": ["4.7"], "hotel_price": ["174"]}, "23932001": {"hotel_name": "\u5357\u4eac\u666f\u9002\u6c11\u5bbf", "order_time": ["2019-01-25 14:43:10", "2019-01-25 14:51:08"], "total_order": 2, "hotel_value": [0, 0], "hotel_price": ["400", "400"]}, "2298282": {"hotel_name": "\u6c5f\u82cf\u996d\u5e97", "order_time": ["2019-01-25 14:43:13"], "total_order": 1, "hotel_value": ["4.8"], "hotel_price": ["458"]}, "8076132": {"hotel_name": "\u5357\u4eac\u827e\u4f73\u9152\u5e97", "order_time": ["2019-01-25 14:43:13"], "total_order": 1, "hotel_value": ["4.7"], "hotel_price": ["368"]}, "469083": {"hotel_name": "\u5357\u4eac\u6234\u65af\u56fd\u9645\u9152\u5e97", "order_time": ["2019-01-25 14:43:15"], "total_order": 1, "hotel_value": ["4.2"], "hotel_price": ["417"]}, "1633059": {"hotel_name": "\u5357\u4eac\u541b\u51ef\u5927\u9152\u5e97", "order_time": ["2019-01-25 14:43:17"], "total_order": 1, "hotel_value": ["4.2"], "hotel_price": ["244"]}, "5375999": {"hotel_name": "\u683c\u6797\u8054\u76df\u9152\u5e97(\u5357\u4eac\u5357\u7ad9\u660e\u53d1\u5e7f\u573a\u5e97)", "order_time": ["2019-01-25 14:43:20"], "total_order": 1, "hotel_value": ["4.2"], "hotel_price": ["246"]}, "1646622": {"hotel_name": "\u5357\u4eac\u5929\u6d66\u5927\u9152\u5e97", "order_time": ["2019-01-25 14:43:25"], "total_order": 1, "hotel_value": ["4.3"], "hotel_price": ["183"]}, "5247241": {"hotel_name": "\u5357\u4eac\u5c1a\u5ba2\u4f18\u5feb\u6377\u9152\u5e97\u6c5f\u5b81\u7984\u53e3\u673a\u573a\u84dd\u5929\u8def\u5e97", "order_time": ["2019-01-25 14:43:26"], "total_order": 1, "hotel_value": ["4.2"], "hotel_price": ["118"]}, "1773393": {"hotel_name": "\u6c49\u5ead\u9152\u5e97(\u5357\u4eac\u592b\u5b50\u5e99\u4e2d\u534e\u95e8\u5e97)", "order_time": ["2019-01-25 14:45:13"], "total_order": 1, "hotel_value": ["4.1"], "hotel_price": ["216"]}, "9596458": {"hotel_name": "\u5357\u4eac\u7231\u6735\u7cbe\u54c1(\u6c5f\u5b81\u5927\u5b66\u57ce\u5e97)", "order_time": ["2019-01-25 14:45:13"], "total_order": 1, "hotel_value": ["4.6"], "hotel_price": ["127"]}, "1451538": {"hotel_name": "\u5982\u5bb6\u5feb\u6377\u9152\u5e97(\u5357\u4eac\u65b0\u8857\u53e3\u5927\u884c\u5bab\u5730\u94c1\u7ad9\u6587\u660c\u5df7\u5e97)", "order_time": ["2019-01-25 14:49:08", "2019-01-25 14:45:14"], "total_order": 2, "hotel_value": ["4.4", "4.4"], "hotel_price": ["228", "228"]}, "1906560": {"hotel_name": "\u5c1a\u5ba2\u4f18\u7cbe\u9009\u9152\u5e97(\u5357\u4eac\u65b0\u8857\u53e3\u592b\u5b50\u5e99\u5e97)", "order_time": ["2019-01-25 14:45:15"], "total_order": 1, "hotel_value": ["4.4"], "hotel_price": ["226"]}, "1773319": {"hotel_name": "\u6d77\u53cb\u9152\u5e97(\u5357\u4eac\u592b\u5b50\u5e99\u4e2d\u5fc3\u5e97)", "order_time": ["2019-01-25 14:45:18", "2019-01-25 14:57:08"], "total_order": 2, "hotel_value": ["4.1", "4.1"], "hotel_price": ["151", "151"]}, "1944219": {"hotel_name": "\u683c\u6797\u8c6a\u6cf0(\u5357\u4eac\u706b\u8f66\u7ad9\u5e97)", "order_time": ["2019-01-25 14:45:21"], "total_order": 1, "hotel_value": ["4.1"], "hotel_price": ["116"]}, "2308656": {"hotel_name": "\u5357\u4eac\u7965\u548c\u5bbe\u9986", "order_time": ["2019-01-25 14:45:26"], "total_order": 1, "hotel_value": ["4.3"], "hotel_price": ["121"]}, "1431917": {"hotel_name": "\u5357\u4eac\u82b1\u56ed\u5546\u52a1\u5bbe\u9986", "order_time": ["2019-01-25 14:45:27"], "total_order": 1, "hotel_value": ["4.2"], "hotel_price": ["248"]}, "1636186": {"hotel_name": "\u82cf\u4f53\u5929\u4e91\u6e56\u8fd0\u52a8\u6751(\u5357\u4eac\u6c5f\u5b81\u5927\u5b66\u57ce\u5e97)", "order_time": ["2019-01-25 14:45:32"], "total_order": 1, "hotel_value": ["4.2"], "hotel_price": ["428"]}, "1452149": {"hotel_name": "\u5982\u5bb6\u5feb\u6377\u9152\u5e97(\u5357\u4eac\u706b\u8f66\u5357\u7ad9\u660e\u53d1\u5e7f\u573a\u5730\u94c1\u7ad9\u5e97)", "order_time": ["2019-01-25 14:47:11"], "total_order": 1, "hotel_value": ["4.4"], "hotel_price": ["254"]}, "450787": {"hotel_name": "\u5357\u4eac\u91d1\u592a\u9686\u56fd\u9645\u9152\u5e97", "order_time": ["2019-01-25 14:47:18"], "total_order": 1, "hotel_value": ["4.7"], "hotel_price": ["299"]}, "1919756": {"hotel_name": "\u5357\u4eac\u4e07\u7a0b\u5feb\u6377\u9152\u5e97", "order_time": ["2019-01-25 14:47:26"], "total_order": 1, "hotel_value": ["4.4"], "hotel_price": ["78"]}, "3639071": {"hotel_name": "\u5357\u4eac\u7ea2\u6811\u6797\u5546\u52a1\u5bbe\u9986", "order_time": ["2019-01-25 14:47:29"], "total_order": 1, "hotel_value": ["4.2"], "hotel_price": ["129"]}, "1927478": {"hotel_name": "\u6c49\u5ead\u9152\u5e97(\u5357\u4eac\u592a\u5e73\u5317\u8def\u6d6e\u6865\u5730\u94c1\u7ad9\u5e97)(\u539f1912\u5e97)", "order_time": ["2019-01-25 14:49:08"], "total_order": 1, "hotel_value": ["4.1"], "hotel_price": ["370"]}, "811702": {"hotel_name": "\u6e05\u6c90\u7cbe\u9009\u9152\u5e97(\u5357\u4eac\u65b0\u8857\u53e3\u6768\u516c\u4e95\u5e97)", "order_time": ["2019-01-25 14:49:08"], "total_order": 1, "hotel_value": ["4.5"], "hotel_price": ["241"]}, "8574598": {"hotel_name": "\u6e05\u6c90\u7cbe\u9009\u9152\u5e97(\u5357\u4eac\u6587\u5fb7\u8def\u5730\u94c1\u7ad9\u5e97)", "order_time": ["2019-01-25 14:49:09"], "total_order": 1, "hotel_value": ["4.4"], "hotel_price": ["164"]}, "9189002": {"hotel_name": "\u5357\u4eac\u83f2\u4e9a\u8fbe\u9152\u5e97", "order_time": ["2019-01-25 14:49:09"], "total_order": 1, "hotel_value": ["4.7"], "hotel_price": ["153"]}, "1861566": {"hotel_name": "\u5357\u4eac\u827e\u68ee\u65f6\u5c1a\u5546\u52a1\u65c5\u5e97", "order_time": ["2019-01-25 14:49:09"], "total_order": 1, "hotel_value": ["3.8"], "hotel_price": ["138"]}, "28638340": {"hotel_name": "\u6f2b\u5fc3\u9152\u5e97(\u5357\u4eac\u91d1\u9675\u9690\u5e97)", "order_time": ["2019-01-25 14:49:09"], "total_order": 1, "hotel_value": [0], "hotel_price": ["493"]}, "6942151": {"hotel_name": "\u6854\u5b50\u9152\u5e97\u00b7\u7cbe\u9009(\u5357\u4eac\u592b\u5b50\u5e99\u5efa\u5eb7\u8def\u5e97)", "order_time": ["2019-01-25 14:49:10", "2019-01-25 14:53:12"], "total_order": 2, "hotel_value": ["4.8", "4.8"], "hotel_price": ["398", "398"]}, "1452015": {"hotel_name": "\u5982\u5bb6\u5feb\u6377\u9152\u5e97(\u5357\u4eac\u6708\u7259\u6e56\u94f6\u57ce\u4e1c\u82d1\u5e97)", "order_time": ["2019-01-25 14:49:10"], "total_order": 1, "hotel_value": ["4.6"], "hotel_price": ["237"]}, "901996": {"hotel_name": "\u6e05\u6c90\u7cbe\u54c1\u9152\u5e97(\u6c64\u5c71\u6e29\u6cc9\u5e97)(\u539f\u76ca\u6cc9\u5bbe\u9986)", "order_time": ["2019-01-25 14:49:10"], "total_order": 1, "hotel_value": ["4.5"], "hotel_price": ["164"]}, "7215718": {"hotel_name": "\u7ef4\u4e5f\u7eb3\u9152\u5e97(\u5357\u4eac\u592b\u5b50\u5e99\u96e8\u82b1\u8def\u5e97)", "order_time": ["2019-01-25 14:49:10"], "total_order": 1, "hotel_value": ["4.8"], "hotel_price": ["328"]}, "3067306": {"hotel_name": "\u7ef4\u4e5f\u7eb3\u9152\u5e97(\u5357\u4eac\u767e\u5bb6\u6e56\u897f\u95e8\u5b50\u8def\u5e97)", "order_time": ["2019-01-25 14:49:10"], "total_order": 1, "hotel_value": ["4.8"], "hotel_price": ["296"]}, "18055590": {"hotel_name": "\u7f8e\u5e74\u534e\u56fd\u9645\u670d\u52a1\u5f0f\u516c\u5bd3(\u5357\u4eac\u96e8\u82b1\u5ba2\u5385\u5929\u9686\u5bfa\u5730\u94c1\u7ad9\u5e97)", "order_time": ["2019-01-25 14:49:11"], "total_order": 1, "hotel_value": ["4.7"], "hotel_price": ["217"]}, "1286904": {"hotel_name": "\u6c49\u5ead\u9152\u5e97(\u5357\u4eac\u4e39\u51e4\u8857\u5e97)", "order_time": ["2019-01-25 14:49:12"], "total_order": 1, "hotel_value": ["4.2"], "hotel_price": ["237"]}, "1415838": {"hotel_name": "\u901f8\u9152\u5e97(\u5357\u4eac\u706b\u8f66\u5357\u7ad9\u5e97)", "order_time": ["2019-01-25 14:49:12"], "total_order": 1, "hotel_value": ["4.2"], "hotel_price": ["215"]}, "17996519": {"hotel_name": "\u5357\u4eac\u673a\u573a\u7761\u5427\u9152\u5e97", "order_time": ["2019-01-25 14:49:12", "2019-01-25 14:51:12"], "total_order": 2, "hotel_value": ["4.5", "4.5"], "hotel_price": ["162", "162"]}, "859308": {"hotel_name": "\u5982\u5bb6\u5feb\u6377\u9152\u5e97(\u5357\u4eac\u65b0\u8857\u53e3\u5f20\u5e9c\u56ed\u5730\u94c1\u7ad9\u5e97)", "order_time": ["2019-01-25 14:49:12"], "total_order": 1, "hotel_value": ["4.6"], "hotel_price": ["219"]}, "987566": {"hotel_name": "\u5357\u4eac\u65b0\u8857\u53e3\u82cf\u5b81\u8bfa\u5bcc\u7279\u9152\u5e97", "order_time": ["2019-01-25 14:49:13"], "total_order": 1, "hotel_value": ["4.7"], "hotel_price": ["498"]}, "17974460": {"hotel_name": "\u5982\u5bb6\u8054\u76df\u00b7\u534e\u9a7f\u7cbe\u9009\u9152\u5e97(\u5357\u4eac\u5929\u5143\u897f\u8def\u5730\u94c1\u7ad9\u5e97)", "order_time": ["2019-01-25 14:49:14"], "total_order": 1, "hotel_value": ["4.8"], "hotel_price": ["222"]}, "474180": {"hotel_name": "\u53e4\u5357\u90fd\u9038\u5c45\u9152\u5e97(\u5357\u4eac\u65b0\u57ce\u5e02\u5e7f\u573a\u9f99\u6c5f\u5730\u94c1\u7ad9\u5e97)", "order_time": ["2019-01-25 14:49:14"], "total_order": 1, "hotel_value": ["4.8"], "hotel_price": ["339"]}, "1457082": {"hotel_name": "\u5982\u5bb6\u7cbe\u9009\u9152\u5e97(\u5357\u4eac\u65b0\u8857\u53e3\u5fb7\u57fa\u5e7f\u573a\u5e97)(\u539f\u7ba1\u5bb6\u6865\u5e97)", "order_time": ["2019-01-25 14:49:14"], "total_order": 1, "hotel_value": ["4.6"], "hotel_price": ["321"]}, "4066900": {"hotel_name": "\u5168\u5b63\u9152\u5e97(\u5357\u4eac\u671d\u5929\u5bab\u5e97)", "order_time": ["2019-01-25 14:49:14"], "total_order": 1, "hotel_value": ["4.8"], "hotel_price": ["379"]}, "7570688": {"hotel_name": "\u5357\u4eac\u6cb3\u897f\u82cf\u5b81\u96c5\u60a6\u9152\u5e97", "order_time": ["2019-01-25 14:49:14"], "total_order": 1, "hotel_value": ["4.6"], "hotel_price": ["470"]}, "1803955": {"hotel_name": "\u7ef4\u4e5f\u7eb3\u9152\u5e97(\u5357\u4eac\u9f99\u6c5f\u5e97)", "order_time": ["2019-01-25 14:49:14", "2019-01-25 14:59:18"], "total_order": 2, "hotel_value": ["4.9", "4.9"], "hotel_price": ["326", "326"]}, "5667362": {"hotel_name": "\u5357\u4eac\u7a7a\u90fd\u9152\u5e97", "order_time": ["2019-01-25 14:49:14"], "total_order": 1, "hotel_value": ["4.5"], "hotel_price": ["288"]}, "1462801": {"hotel_name": "\u80af\u5b9a\u5bbe\u9986\u8fde\u9501(\u5357\u4eac\u65b0\u8857\u53e3\u4e8c\u5e97)", "order_time": ["2019-01-25 14:49:14"], "total_order": 1, "hotel_value": ["4.3"], "hotel_price": ["160"]}, "472733": {"hotel_name": "\u6c5f\u82cf\u8fb0\u8302\u65b0\u4e16\u7eaa\u5927\u9152\u5e97", "order_time": ["2019-01-25 15:01:13", "2019-01-25 14:49:15"], "total_order": 2, "hotel_value": ["4.8", "4.8"], "hotel_price": ["373", "373"]}, "3669632": {"hotel_name": "\u96e8\u6da6\u4e2d\u592e\u516c\u9986\u884c\u653f\u9152\u5e97\u516c\u5bd3(\u5357\u4eac\u5965\u4f53\u4e2d\u5fc3\u5e97)", "order_time": ["2019-01-25 14:49:15"], "total_order": 1, "hotel_value": ["4.4"], "hotel_price": ["293"]}, "5215299": {"hotel_name": "\u5357\u4eac\u5b66\u57ce\u4e4b\u604b\u60c5\u4fa3\u4e3b\u9898\u9152\u5e97", "order_time": ["2019-01-25 14:49:16"], "total_order": 1, "hotel_value": ["4.5"], "hotel_price": ["147"]}, "7934109": {"hotel_name": "\u5357\u4eac\u84dd\u9cb8\u592a\u7a7a\u8231\u4e3b\u9898\u9752\u65c5", "order_time": ["2019-01-25 14:49:17"], "total_order": 1, "hotel_value": ["4.7"], "hotel_price": ["78"]}, "1894332": {"hotel_name": "\u5357\u4eac\u7965\u8bda\u5546\u52a1\u5bbe\u9986", "order_time": ["2019-01-25 14:49:24"], "total_order": 1, "hotel_value": ["4.5"], "hotel_price": ["115"]}, "13658367": {"hotel_name": "\u4e50\u4f18\u5c45\u7cbe\u54c1\u516c\u5bd3\uff08\u5357\u4eac\u96e8\u82b1\u5ba2\u5385\u5e97\uff09", "order_time": ["2019-01-25 14:53:12"], "total_order": 1, "hotel_value": ["4.8"], "hotel_price": ["267"]}, "1457183": {"hotel_name": "\u5982\u5bb6\u5feb\u6377\u9152\u5e97(\u5357\u4eac\u6865\u5317\u5f18\u9633\u5e7f\u573a\u67f3\u6d32\u4e1c\u8def\u5730\u94c1\u7ad9\u5e97)", "order_time": ["2019-01-25 14:53:12"], "total_order": 1, "hotel_value": ["4.6"], "hotel_price": ["149"]}, "1271085": {"hotel_name": "Q\u52a0\u00b7\u99a8\u5eb7\u5bbe\u9986(\u5357\u4eac\u7984\u53e3\u673a\u573a\u5e97)", "order_time": ["2019-01-25 14:53:12"], "total_order": 1, "hotel_value": ["4.8"], "hotel_price": ["142"]}, "8034331": {"hotel_name": "\u5357\u4eac\u540e\u68e0\u7cbe\u9009\u5546\u52a1\u9152\u5e97", "order_time": ["2019-01-25 14:53:13"], "total_order": 1, "hotel_value": ["4.4"], "hotel_price": ["248"]}, "1359818": {"hotel_name": "\u5e03\u4e01\u9152\u5e97(\u5357\u4eac\u4ed9\u6797\u5927\u5b66\u57ce\u5e97)", "order_time": ["2019-01-25 14:53:16"], "total_order": 1, "hotel_value": ["3.6"], "hotel_price": ["94"]}, "1646444": {"hotel_name": "\u683c\u6797\u8c6a\u6cf0(\u5357\u4eac\u5357\u7ad9\u5317\u5e7f\u573a\u5e97)", "order_time": ["2019-01-25 14:53:21"], "total_order": 1, "hotel_value": ["4.2"], "hotel_price": ["208"]}, "21769720": {"hotel_name": "\u5357\u4eac\u9ad8\u76db\u9601\u9152\u5e97", "order_time": ["2019-01-25 14:53:21"], "total_order": 1, "hotel_value": ["4.5"], "hotel_price": ["218"]}, "667018": {"hotel_name": "\u5357\u4eac\u53e4\u5357\u90fd\u660e\u57fa\u9152\u5e97", "order_time": ["2019-01-25 14:53:21"], "total_order": 1, "hotel_value": ["4.7"], "hotel_price": ["259"]}, "5972344": {"hotel_name": "\u5357\u4eac\u8fc7\u5bb6\u5bb6\u8bbe\u8ba1\u5e08\u9152\u5e97", "order_time": ["2019-01-25 14:53:22"], "total_order": 1, "hotel_value": ["4.2"], "hotel_price": ["218"]}, "5982348": {"hotel_name": "\u5357\u4eac\u767e\u5408\u4e3b\u9898\u5bbe\u9986", "order_time": ["2019-01-25 14:53:23"], "total_order": 1, "hotel_value": ["4.1"], "hotel_price": ["123"]}, "1489872": {"hotel_name": "\u683c\u6797\u8c6a\u6cf0(\u6c64\u5c71\u6e29\u6cc9\u5e97)", "order_time": ["2019-01-25 14:53:24"], "total_order": 1, "hotel_value": ["4.2"], "hotel_price": ["179"]}, "6414515": {"hotel_name": "\u8d1d\u58f3\u5357\u4eac\u5929\u5143\u897f\u8def\u5730\u94c1\u7ad9\u9152\u5e97", "order_time": ["2019-01-25 14:53:25"], "total_order": 1, "hotel_value": ["4.3"], "hotel_price": ["156"]}, "1451802": {"hotel_name": "\u5982\u5bb6\u5feb\u6377\u9152\u5e97(\u5357\u4eac\u592b\u5b50\u5e99\u5730\u94c1\u7ad9\u592a\u5e73\u5357\u8def\u5e97)", "order_time": ["2019-01-25 14:53:26"], "total_order": 1, "hotel_value": ["4.2"], "hotel_price": ["228"]}, "2600403": {"hotel_name": "\u5357\u4eac\u6c64\u5609\u5fa1\u54c1\u6e29\u6cc9\u9152\u5e97(\u539f\u6d66\u6cc9\u7389\u6210\u5fa1\u54c1\u6e29\u6cc9\u9152\u5e97)", "order_time": ["2019-01-25 14:53:27"], "total_order": 1, "hotel_value": ["4.3"], "hotel_price": ["353"]}, "8641829": {"hotel_name": "\u5357\u4eac\u7396\u6708\u82b1\u5f00\u9752\u5e74\u65c5\u820d", "order_time": ["2019-01-25 14:53:33"], "total_order": 1, "hotel_value": ["4.5"], "hotel_price": ["43"]}, "6872590": {"hotel_name": "\u5357\u4eac\u57ce\u5e02\u5feb\u6377\u5bbe\u9986", "order_time": ["2019-01-25 14:53:36"], "total_order": 1, "hotel_value": ["4.5"], "hotel_price": ["222"]}, "17532994": {"hotel_name": "\u5357\u4eac\u8d24\u96c5\u5bbe\u9986", "order_time": ["2019-01-25 14:55:12"], "total_order": 1, "hotel_value": ["4.9"], "hotel_price": ["131"]}, "1683894": {"hotel_name": "\u5357\u4eac\u5357\u94a2\u5bbe\u9986", "order_time": ["2019-01-25 14:55:29"], "total_order": 1, "hotel_value": ["4.3"], "hotel_price": ["223"]}, "5374787": {"hotel_name": "\u5357\u4eac\u6d77\u5ddd\u5bbe\u9986", "order_time": ["2019-01-25 14:55:32"], "total_order": 1, "hotel_value": ["3.0"], "hotel_price": ["60"]}, "5242512": {"hotel_name": "\u5c1acheng\u4f18\u9009\u9152\u5e97(\u5357\u4eac\u7984\u53e3\u673a\u573a\u5e97)", "order_time": ["2019-01-25 14:57:08"], "total_order": 1, "hotel_value": ["3.9"], "hotel_price": ["168"]}, "5379996": {"hotel_name": "\u5357\u4eac\u4ec1\u5e73\u5546\u52a1\u5bbe\u9986", "order_time": ["2019-01-25 14:57:37"], "total_order": 1, "hotel_value": ["4.0"], "hotel_price": ["133"]}, "3796600": {"hotel_name": "\u5357\u4eac\u6c11\u822a\u4e4b\u661f\u5feb\u6377\u9152\u5e97", "order_time": ["2019-01-25 14:57:39"], "total_order": 1, "hotel_value": ["4.3"], "hotel_price": ["97"]}, "16012980": {"hotel_name": "\u65af\u7ef4\u767b\u670d\u52a1\u516c\u5bd3(\u5357\u4eac\u5929\u9686\u5bfa\u96e8\u82b1\u5ba2\u5385\u5e97)", "order_time": ["2019-01-25 14:59:11"], "total_order": 1, "hotel_value": ["4.8"], "hotel_price": ["376"]}, "662500": {"hotel_name": "\u5357\u4eac\u660e\u65e5\u5927\u9152\u5e97", "order_time": ["2019-01-25 14:59:11"], "total_order": 1, "hotel_value": ["4.5"], "hotel_price": ["407"]}, "1611072": {"hotel_name": "\u5357\u4eac\u4e5d\u534e\u996d\u5e97", "order_time": ["2019-01-25 14:59:11"], "total_order": 1, "hotel_value": ["4.6"], "hotel_price": ["482"]}, "6189914": {"hotel_name": "\u5357\u4eac\u6d77\u60a6\u9152\u5e97", "order_time": ["2019-01-25 14:59:12"], "total_order": 1, "hotel_value": ["4.5"], "hotel_price": ["268"]}, "23877276": {"hotel_name": "\u6e05\u6c90\u7cbe\u9009\u9152\u5e97(\u5357\u4eac\u9f99\u534e\u8def\u9633\u5149\u9752\u57ce\u5e97)", "order_time": ["2019-01-25 14:59:12"], "total_order": 1, "hotel_value": ["4.6"], "hotel_price": ["164"]}, "444648": {"hotel_name": "\u5357\u4eac\u5929\u4e30\u5927\u9152\u5e97", "order_time": ["2019-01-25 14:59:13"], "total_order": 1, "hotel_value": ["4.6"], "hotel_price": ["268"]}, "378810": {"hotel_name": "\u5357\u4eac\u7d22\u83f2\u7279\u949f\u5c71\u9ad8\u5c14\u592b\u9152\u5e97", "order_time": ["2019-01-25 14:59:13"], "total_order": 1, "hotel_value": ["4.7"], "hotel_price": ["875"]}, "9347528": {"hotel_name": "\u56fd\u9645\u9752\u5e74\u4f1a\u8bae\u9152\u5e97(\u5357\u4eac\u56fd\u9645\u9752\u5e74\u6587\u5316\u4e2d\u5fc3\u5e97)", "order_time": ["2019-01-25 14:59:13"], "total_order": 1, "hotel_value": ["4.8"], "hotel_price": ["538"]}, "447344": {"hotel_name": "\u5357\u4eac\u5965\u4f53\u4e2d\u5fc3\u7f8e\u5c45\u9152\u5e97", "order_time": ["2019-01-25 14:59:13"], "total_order": 1, "hotel_value": ["4.5"], "hotel_price": ["394"]}, "473491": {"hotel_name": "\u9526\u6c5f\u4e4b\u661f(\u5357\u4eac\u706b\u8f66\u7ad9\u4e2d\u592e\u95e8\u5e97)", "order_time": ["2019-01-25 14:59:14"], "total_order": 1, "hotel_value": ["4.4"], "hotel_price": ["169"]}, "470412": {"hotel_name": "\u6c5f\u82cf\u8bae\u4e8b\u56ed\u9152\u5e97", "order_time": ["2019-01-25 14:59:19"], "total_order": 1, "hotel_value": ["4.6"], "hotel_price": ["408"]}, "457938": {"hotel_name": "\u7ef4\u4e5f\u7eb3\u9152\u5e97(\u5357\u4eac\u957f\u6c5f\u5927\u6865\u9605\u6c5f\u697c\u5e97)", "order_time": ["2019-01-25 14:59:20"], "total_order": 1, "hotel_value": ["4.8"], "hotel_price": ["264"]}, "1452496": {"hotel_name": "\u5982\u5bb6\u5feb\u6377\u9152\u5e97(\u5357\u4eac\u706b\u8f66\u7ad9\u5c0f\u5e02\u5730\u94c1\u7ad9\u5e97)", "order_time": ["2019-01-25 14:59:20"], "total_order": 1, "hotel_value": ["4.5"], "hotel_price": ["228"]}, "1847111": {"hotel_name": "\u9a8f\u6021\u8fde\u9501\u9152\u5e97(\u5357\u4eac\u5965\u4f53\u4e2d\u5fc3\u5e97)(\u539f\u666e\u7f57\u8fea\u5546\u52a1\u9152\u5e97)", "order_time": ["2019-01-25 14:59:20"], "total_order": 1, "hotel_value": ["4.0"], "hotel_price": ["118"]}, "4056103": {"hotel_name": "\u4e07\u7231\u60c5\u4fa3\u4e3b\u9898\u9152\u5e97(\u5357\u4eac\u592b\u5b50\u5e99\u5e97)", "order_time": ["2019-01-25 14:59:24"], "total_order": 1, "hotel_value": ["4.6"], "hotel_price": ["353"]}, "8698266": {"hotel_name": "\u5982\u5bb6\u9152\u5e97(\u5357\u4eac\u4e0a\u6d77\u8def\u5730\u94c1\u7ad9\u671d\u5929\u5bab\u5e97)", "order_time": ["2019-01-25 14:59:24"], "total_order": 1, "hotel_value": ["4.7"], "hotel_price": ["209"]}, "798937": {"hotel_name": "\u5357\u4eac\u592b\u5b50\u5e99\u56fd\u9645\u9752\u5e74\u65c5\u820d", "order_time": ["2019-01-25 14:59:24"], "total_order": 1, "hotel_value": ["4.1"], "hotel_price": ["57"]}, "11022711": {"hotel_name": "\u9526\u6c5f\u4e4b\u661f\u54c1\u5c1a(\u5357\u4eac\u845b\u5858\u5730\u94c1\u7ad9\u7f8e\u5229\u5e7f\u573a\u5e97)", "order_time": ["2019-01-25 15:01:10"], "total_order": 1, "hotel_value": ["4.7"], "hotel_price": ["209"]}, "21936730": {"hotel_name": "\u5357\u4eac\u5927\u5730\u541b\u60a6\u9152\u5e97", "order_time": ["2019-01-25 15:01:13"], "total_order": 1, "hotel_value": ["4.6"], "hotel_price": ["293"]}, "1527024": {"hotel_name": "\u5357\u4eac\u56fd\u9645\u4f1a\u8bae\u4e2d\u5fc3", "order_time": ["2019-01-25 15:01:14"], "total_order": 1, "hotel_value": ["4.5"], "hotel_price": ["461"]}, "474236": {"hotel_name": "\u5357\u4eac\u9f99\u9f99\u9152\u5e97", "order_time": ["2019-01-25 15:01:17"], "total_order": 1, "hotel_value": ["4.4"], "hotel_price": ["209"]}, "1210905": {"hotel_name": "\u5e03\u4e01\u9152\u5e97(\u5357\u4eac\u5927\u5b66\u4e91\u5357\u8def\u5e97)", "order_time": ["2019-01-25 15:01:19"], "total_order": 1, "hotel_value": ["4.0"], "hotel_price": ["145"]}, "21818457": {"hotel_name": "\u5357\u4eac\u82cf\u6c90\u5047\u65e5\u9152\u5e97", "order_time": ["2019-01-25 15:01:26"], "total_order": 1, "hotel_value": ["4.4"], "hotel_price": ["123"]}, "8599331": {"hotel_name": "\u683c\u6797\u8c6a\u6cf0\u5357\u4eac\u6c5f\u5b81\u5927\u5b66\u57ce\u4ea4\u9662\u5730\u94c1\u7ad9\u5e97", "order_time": ["2019-01-25 15:03:06"], "total_order": 1, "hotel_value": ["4.5"], "hotel_price": ["184"]}}}