{"\u5f00\u59cb\u8bb0\u5f55\u65f6\u95f4": "2019-01-25 17:05:21", "\u7ed3\u675f\u8bb0\u5f55\u65f6\u95f4": "2019-01-25 18:05:21", "\u8ba2\u5355\u603b\u589e\u91cf": 494, "item": {"434624": {"hotel_name": "\u5357\u4eac\u6c49\u5e9c\u996d\u5e97", "order_time": ["2019-01-25 17:07:48"], "total_order": 1, "hotel_value": ["4.7"], "hotel_price": ["488"]}, "1936362": {"hotel_name": "\u5357\u4eac\u5723\u548c\u5e9c\u90b8\u8c6a\u534e\u7cbe\u9009\u9152\u5e97", "order_time": ["2019-01-25 17:07:51"], "total_order": 1, "hotel_value": ["4.7"], "hotel_price": ["1059"]}, "811666": {"hotel_name": "\u6e05\u6c90\u7cbe\u54c1\u9152\u5e97(\u5357\u4eac\u4e39\u51e4\u8857\u7cbe\u54c1\u5e97)", "order_time": ["2019-01-25 17:25:58", "2019-01-25 17:07:51"], "total_order": 2, "hotel_value": ["4.3", "4.3"], "hotel_price": ["203", "203"]}, "813373": {"hotel_name": "\u5357\u4eac\u6db5\u6708\u697c\u9996\u4e3d\u65af\u9152\u5e97", "order_time": ["2019-01-25 17:07:51"], "total_order": 1, "hotel_value": ["4.8"], "hotel_price": ["598"]}, "1457158": {"hotel_name": "\u5982\u5bb6\u5feb\u6377\u9152\u5e97(\u5357\u4eac\u8679\u6865\u4e2d\u5fc3\u4e09\u724c\u697c\u5927\u8857\u5e97)", "order_time": ["2019-01-25 17:07:52"], "total_order": 1, "hotel_value": ["4.5"], "hotel_price": ["173"]}, "8574621": {"hotel_name": "\u6613\u4f70\u826f\u54c1\u9152\u5e97(\u5357\u4eac\u5357\u7ad9\u53cc\u9f99\u5927\u9053\u5730\u94c1\u7ad9\u5e97)", "order_time": ["2019-01-25 17:57:55", "2019-01-25 17:07:53"], "total_order": 2, "hotel_value": ["4.3", "4.3"], "hotel_price": ["230", "284"]}, "1441403": {"hotel_name": "\u661f\u7a0b\u9152\u5e97(\u5357\u4eac\u9f13\u697c\u4e2d\u5fc3\u5e97)", "order_time": ["2019-01-25 17:07:56"], "total_order": 1, "hotel_value": ["4.5"], "hotel_price": ["208"]}, "794733": {"hotel_name": "\u661f\u7a0b\u9152\u5e97(\u5357\u4eac\u592b\u5b50\u5e99\u6c34\u897f\u95e8\u5927\u8857\u5e97)(\u539f\u6021\u83b1\u7cbe\u54c1\u9152\u5e97\u83ab\u6101\u6e56\u5e97)", "order_time": ["2019-01-25 17:51:48", "2019-01-25 17:07:56"], "total_order": 2, "hotel_value": ["4.4", "4.4"], "hotel_price": ["246", "240"]}, "1945382": {"hotel_name": "\u5496\u5c45\u7cbe\u9009\u9152\u5e97(\u5357\u4eac\u82cf\u5b81\u5929\u6da6\u5e7f\u573a\u5e97)(\u539f\u7ef4\u65af\u7279\u7cbe\u54c1\u9152\u5e97)", "order_time": ["2019-01-25 17:07:57"], "total_order": 1, "hotel_value": ["4.4"], "hotel_price": ["130"]}, "419571": {"hotel_name": "\u5357\u4eac\u91d1\u9e70\u7687\u51a0\u5047\u65e5\u9152\u5e97", "order_time": ["2019-01-25 17:37:47", "2019-01-25 18:03:48", "2019-01-25 17:07:58"], "total_order": 3, "hotel_value": ["4.7", "4.7", "4.7"], "hotel_price": ["599", "599", "599"]}, "669100": {"hotel_name": "\u5357\u4eac\u91d1\u5965\u8d39\u5c14\u8499\u9152\u5e97", "order_time": ["2019-01-25 17:07:59"], "total_order": 1, "hotel_value": ["4.7"], "hotel_price": ["892"]}, "4728409": {"hotel_name": "\u8776\u604b\u82b1\u56ed\u9152\u5e97(\u5357\u4eac\u6653\u5e84\u56fd\u9645\u5e7f\u573a\u5e97)(\u539f\u79cb\u8c31\u5bbe\u9986)", "order_time": ["2019-01-25 17:08:01"], "total_order": 1, "hotel_value": ["4.9"], "hotel_price": ["79"]}, "437042": {"hotel_name": "\u5357\u4eac\u6c64\u5c71\u9890\u5c1a\u6e29\u6cc9\u5ea6\u5047\u6751", "order_time": ["2019-01-25 17:43:48", "2019-01-25 17:08:01"], "total_order": 2, "hotel_value": ["4.5", "4.5"], "hotel_price": ["788", "860"]}, "22825205": {"hotel_name": "\u5357\u4eac\u7d2b\u7384\u9152\u5e97", "order_time": ["2019-01-25 17:08:01"], "total_order": 1, "hotel_value": ["4.9"], "hotel_price": ["342"]}, "9347528": {"hotel_name": "\u56fd\u9645\u9752\u5e74\u4f1a\u8bae\u9152\u5e97(\u5357\u4eac\u56fd\u9645\u9752\u5e74\u6587\u5316\u4e2d\u5fc3\u5e97)", "order_time": ["2019-01-25 17:08:02", "2019-01-25 17:11:48"], "total_order": 2, "hotel_value": ["4.8", "4.8"], "hotel_price": ["538", "538"]}, "1906560": {"hotel_name": "\u5c1a\u5ba2\u4f18\u7cbe\u9009\u9152\u5e97(\u5357\u4eac\u65b0\u8857\u53e3\u592b\u5b50\u5e99\u5e97)", "order_time": ["2019-01-25 17:08:03"], "total_order": 1, "hotel_value": ["4.4"], "hotel_price": ["210"]}, "969238": {"hotel_name": "\u6c49\u5ead\u9152\u5e97(\u5357\u4eac\u4e2d\u592e\u95e8\u5e97)", "order_time": ["2019-01-25 17:08:14"], "total_order": 1, "hotel_value": ["4.5"], "hotel_price": ["180"]}, "6721346": {"hotel_name": "\u91d1\u78a7\u5bbe\u9986", "order_time": ["2019-01-25 17:08:22"], "total_order": 1, "hotel_value": [0], "hotel_price": ["99"]}, "434907": {"hotel_name": "\u5357\u4eac\u66d9\u5149\u56fd\u9645\u5927\u9152\u5e97", "order_time": ["2019-01-25 17:08:40", "2019-01-25 17:26:38"], "total_order": 2, "hotel_value": ["4.7", "4.7"], "hotel_price": ["432", "432"]}, "445970": {"hotel_name": "\u5357\u4eac\u6676\u4e3d\u9152\u5e97", "order_time": ["2019-01-25 17:09:50"], "total_order": 1, "hotel_value": ["4.7"], "hotel_price": ["292"]}, "375288": {"hotel_name": "\u5357\u4eac\u7384\u6b66\u996d\u5e97", "order_time": ["2019-01-25 17:09:51"], "total_order": 1, "hotel_value": ["4.7"], "hotel_price": ["547"]}, "367765": {"hotel_name": "\u5357\u4eac\u51ef\u94c2\u7cbe\u54c1\u9152\u5e97", "order_time": ["2019-01-25 18:01:49", "2019-01-25 17:37:52", "2019-01-25 17:58:07", "2019-01-25 17:09:52"], "total_order": 4, "hotel_value": ["4.4", "4.4", "4.4", "4.4"], "hotel_price": ["440", "440", "461", "461"]}, "13325407": {"hotel_name": "\u5357\u4eac\u73ba\u57ce\u00b7\u963f\u91cc\u9152\u5e97", "order_time": ["2019-01-25 17:09:52"], "total_order": 1, "hotel_value": ["4.6"], "hotel_price": ["303"]}, "470827": {"hotel_name": "\u9526\u6c5f\u5357\u4eac\u996d\u5e97", "order_time": ["2019-01-25 17:09:53", "2019-01-25 17:19:46"], "total_order": 2, "hotel_value": ["4.8", "4.8"], "hotel_price": ["326", "326"]}, "15899490": {"hotel_name": "\u5168\u5b63\u9152\u5e97(\u5357\u4eac\u603b\u7edf\u5e9c\u5e97)", "order_time": ["2019-01-25 17:09:53"], "total_order": 1, "hotel_value": ["4.7"], "hotel_price": ["379"]}, "434989": {"hotel_name": "\u5357\u4eac\u4e2d\u5fc3\u5927\u9152\u5e97", "order_time": ["2019-01-25 17:09:55", "2019-01-25 17:11:50"], "total_order": 2, "hotel_value": ["4.8", "4.8"], "hotel_price": ["498", "498"]}, "1641608": {"hotel_name": "\u5357\u4eacV\u9152\u5e97", "order_time": ["2019-01-25 17:09:55"], "total_order": 1, "hotel_value": ["4.5"], "hotel_price": ["153"]}, "434086": {"hotel_name": "\u5357\u4eac\u65b0\u7eaa\u5143\u5927\u9152\u5e97", "order_time": ["2019-01-25 17:39:53", "2019-01-25 17:17:52", "2019-01-25 17:09:57", "2019-01-25 17:43:52"], "total_order": 4, "hotel_value": ["4.7", "4.7", "4.7", "4.7"], "hotel_price": ["288", "288", "288", "288"]}, "1410411": {"hotel_name": "\u4e1c\u822a\u534e\u7f8e\u8fbe\u9152\u5e97(\u5357\u4eac\u673a\u573a\u5e97)", "order_time": ["2019-01-25 17:25:59", "2019-01-25 17:47:48", "2019-01-25 17:15:50", "2019-01-25 17:09:57"], "total_order": 4, "hotel_value": ["4.7", "4.7", "4.7", "4.7"], "hotel_price": ["393", "393", "393", "393"]}, "1103526": {"hotel_name": "\u6c49\u5ead\u9152\u5e97(\u5357\u4eac\u5149\u534e\u8def\u5e97)", "order_time": ["2019-01-25 17:09:59"], "total_order": 1, "hotel_value": ["4.3"], "hotel_price": ["218"]}, "21146292": {"hotel_name": "\u6c34\u4e91\u8f69\u5bbe\u9986(\u5357\u4eac\u7984\u53e3\u56fd\u9645\u673a\u573a\u5e97)", "order_time": ["2019-01-25 17:10:01"], "total_order": 1, "hotel_value": ["4.8"], "hotel_price": ["123"]}, "28709046": {"hotel_name": "\u5357\u4eac\u60a6\u6995\u9152\u5e97", "order_time": ["2019-01-25 17:10:01", "2019-01-25 17:11:48"], "total_order": 2, "hotel_value": ["5.0", "5.0"], "hotel_price": ["257", "257"]}, "1271085": {"hotel_name": "Q\u52a0\u00b7\u99a8\u5eb7\u5bbe\u9986(\u5357\u4eac\u7984\u53e3\u673a\u573a\u5e97)", "order_time": ["2019-01-25 17:10:02"], "total_order": 1, "hotel_value": ["4.8"], "hotel_price": ["142"]}, "4029612": {"hotel_name": "\u5357\u4eac\u67ab\u53f6\u7cbe\u54c1\u516c\u5bd3 (\u539f\u4e1d\u74dc\u516c\u5bd3)", "order_time": ["2019-01-25 17:51:46", "2019-01-25 17:10:03"], "total_order": 2, "hotel_value": ["4.2", "4.2"], "hotel_price": ["173", "173"]}, "2300860": {"hotel_name": "7\u5929\u8fde\u9501\u9152\u5e97(\u5357\u4eac\u592b\u5b50\u5e99\u5e38\u5e9c\u8857\u5730\u94c1\u7ad9\u5e97)", "order_time": ["2019-01-25 17:10:04", "2019-01-25 17:31:55"], "total_order": 2, "hotel_value": ["4.5", "4.5"], "hotel_price": ["168", "168"]}, "3031813": {"hotel_name": "\u6613\u4f70\u9152\u5e97(\u5357\u4eac\u4e2d\u5c71\u9675\u9a6c\u7fa4\u5730\u94c1\u7ad9\u5e97)", "order_time": ["2019-01-25 17:10:04"], "total_order": 1, "hotel_value": ["4.2"], "hotel_price": ["143"]}, "1944235": {"hotel_name": "\u5357\u4eac\u8679\u6865\u996d\u5e97", "order_time": ["2019-01-25 17:10:04", "2019-01-25 17:51:52", "2019-01-25 17:59:53", "2019-01-25 17:13:49"], "total_order": 4, "hotel_value": ["4.4", "4.4", "4.4", "4.4"], "hotel_price": ["210", "210", "210", "210"]}, "28094974": {"hotel_name": "\u5982\u5bb6\u5546\u65c5\u9152\u5e97(\u5357\u4eac\u706b\u8f66\u7ad9\u5317\u5e7f\u573a\u7384\u6b66\u6e56\u5e97)", "order_time": ["2019-01-25 17:10:05", "2019-01-25 17:17:48", "2019-01-25 17:13:57"], "total_order": 3, "hotel_value": ["4.6", "4.6", "4.6"], "hotel_price": ["255", "255", "255"]}, "3672293": {"hotel_name": "\u5357\u4eac\u56fd\u529b\u5546\u52a1\u5bbe\u9986(\u539f\u5e7f\u60a6\u5546\u52a1\u9152\u5e97)", "order_time": ["2019-01-25 17:36:01", "2019-01-25 17:10:08"], "total_order": 2, "hotel_value": ["4.3", "4.3"], "hotel_price": ["114", "114"]}, "8076132": {"hotel_name": "\u5357\u4eac\u827e\u4f73\u9152\u5e97", "order_time": ["2019-01-25 17:10:09"], "total_order": 1, "hotel_value": ["4.7"], "hotel_price": ["478"]}, "1415920": {"hotel_name": "\u5357\u4eac\u6c34\u6676\u84dd\u6e7e\u516c\u5bd3\u9152\u5e97", "order_time": ["2019-01-25 17:10:09"], "total_order": 1, "hotel_value": ["4.7"], "hotel_price": ["466"]}, "909592": {"hotel_name": "\u5982\u5bb6\u5feb\u6377\u9152\u5e97(\u5357\u4eac\u6c5f\u5b81\u7af9\u5c71\u8def\u5730\u94c1\u7ad9\u5e97)", "order_time": ["2019-01-25 17:10:11"], "total_order": 1, "hotel_value": ["4.4"], "hotel_price": ["202"]}, "369717": {"hotel_name": "\u5357\u4eac\u91d1\u9e70\u73e0\u6c5f\u58f9\u53f7\u56fd\u9645\u9152\u5e97", "order_time": ["2019-01-25 17:10:39", "2019-01-25 17:19:47", "2019-01-25 17:15:48"], "total_order": 3, "hotel_value": ["4.7", "4.7", "4.7"], "hotel_price": ["579", "579", "579"]}, "5451854": {"hotel_name": "\u5357\u4eac\u91d1\u9e70\u56fd\u9645\u9152\u5e97", "order_time": ["2019-01-25 17:10:39"], "total_order": 1, "hotel_value": ["4.9"], "hotel_price": ["882"]}, "419566": {"hotel_name": "\u5357\u4eac\u53e4\u5357\u90fd\u996d\u5e97", "order_time": ["2019-01-25 17:10:39"], "total_order": 1, "hotel_value": ["4.8"], "hotel_price": ["516"]}, "23965471": {"hotel_name": "\u9526\u6c5f\u90fd\u57ce\u9152\u5e97(\u5357\u4eac\u592b\u5b50\u5e99\u4e2d\u5fc3\u5e97)", "order_time": ["2019-01-25 17:11:45"], "total_order": 1, "hotel_value": ["4.8"], "hotel_price": ["387"]}, "1004759": {"hotel_name": "\u9e97\u67ab\u9152\u5e97(\u5357\u4eac\u592b\u5b50\u5e99\u5927\u5149\u8def\u5e97)", "order_time": ["2019-01-25 17:11:45"], "total_order": 1, "hotel_value": ["4.6"], "hotel_price": ["261"]}, "435621": {"hotel_name": "\u5357\u4eac\u4e2d\u5c71\u5927\u53a6", "order_time": ["2019-01-25 17:11:45"], "total_order": 1, "hotel_value": ["4.7"], "hotel_price": ["359"]}, "2301748": {"hotel_name": "\u5982\u5bb6\u5feb\u6377\u9152\u5e97(\u5357\u4eac\u5965\u4f53\u4e2d\u5fc3\u5357\u6e56\u8def\u5e97)(\u539f\u8c6a\u5b81\u5546\u52a1\u5bbe\u9986)", "order_time": ["2019-01-25 17:11:46"], "total_order": 1, "hotel_value": ["4.2"], "hotel_price": ["152"]}, "4447194": {"hotel_name": "\u5357\u4eac\u9a7f\u5ead\u5bbe\u9986", "order_time": ["2019-01-25 17:11:46"], "total_order": 1, "hotel_value": ["4.1"], "hotel_price": ["179"]}, "23802273": {"hotel_name": "\u5357\u4eac\u8f7b\u5962\u539f\u5bbf\u516c\u5bd3", "order_time": ["2019-01-25 17:11:48"], "total_order": 1, "hotel_value": ["4.8"], "hotel_price": ["203"]}, "3892077": {"hotel_name": "\u6e05\u6c90\u8ff7\u5de2\u9152\u5e97(\u5357\u4eac\u6e56\u5357\u8def\u5929\u661f\u7fe0\u7405\u5927\u53a6\u5e97)", "order_time": ["2019-01-25 17:11:48"], "total_order": 1, "hotel_value": ["4.2"], "hotel_price": ["147"]}, "25824305": {"hotel_name": "\u5b9c\u5c1a\u9152\u5e97(\u5357\u4eac\u9752\u5965\u535a\u89c8\u4e2d\u5fc3\u5e97)", "order_time": ["2019-01-25 17:11:49"], "total_order": 1, "hotel_value": ["4.5"], "hotel_price": ["229"]}, "8627469": {"hotel_name": "\u5bb6\u7f8e\u597d\u592a\u7a7a\u65c5\u9986(\u5357\u4eac\u706b\u8f66\u7ad9\u7384\u6b66\u6e56\u5e97)(\u539f\u6e56\u5149\u5c71\u820d\u592a\u7a7a\u8231\u80f6\u56ca\u65c5\u820d)", "order_time": ["2019-01-25 17:11:51"], "total_order": 1, "hotel_value": ["4.5"], "hotel_price": ["74"]}, "425945": {"hotel_name": "\u6c5f\u82cf\u51e4\u51f0\u53f0\u996d\u5e97", "order_time": ["2019-01-25 17:11:51", "2019-01-25 17:17:48", "2019-01-25 17:19:47"], "total_order": 3, "hotel_value": ["4.7", "4.7", "4.7"], "hotel_price": ["258", "258", "258"]}, "987566": {"hotel_name": "\u5357\u4eac\u65b0\u8857\u53e3\u82cf\u5b81\u8bfa\u5bcc\u7279\u9152\u5e97", "order_time": ["2019-01-25 17:11:52", "2019-01-25 17:19:46"], "total_order": 2, "hotel_value": ["4.7", "4.7"], "hotel_price": ["498", "498"]}, "854476": {"hotel_name": "\u5357\u4eac\u534e\u4e1c\u996d\u5e97", "order_time": ["2019-01-25 17:11:52"], "total_order": 1, "hotel_value": ["4.6"], "hotel_price": ["353"]}, "1816834": {"hotel_name": "\u6854\u5b50\u9152\u5e97\u00b7\u7cbe\u9009(\u5357\u4eac\u592b\u5b50\u5e99\u5e97)", "order_time": ["2019-01-25 17:11:52"], "total_order": 1, "hotel_value": ["4.8"], "hotel_price": ["351"]}, "1632868": {"hotel_name": "\u6854\u5b50\u9152\u5e97\u00b7\u7cbe\u9009(\u5357\u4eac\u9038\u4ed9\u6865\u603b\u7edf\u5e9c\u6885\u56ed\u65b0\u6751\u5e97)", "order_time": ["2019-01-25 17:11:52"], "total_order": 1, "hotel_value": ["4.9"], "hotel_price": ["398"]}, "5549111": {"hotel_name": "\u5357\u4eac\u91d1\u9e70\u5c1a\u7f8e\u9152\u5e97", "order_time": ["2019-01-25 17:11:52"], "total_order": 1, "hotel_value": ["4.8"], "hotel_price": ["908"]}, "1463015": {"hotel_name": "\u80af\u5b9a\u5bbe\u9986\u8fde\u9501(\u5357\u4eac\u9f99\u6c5f\u4e8c\u5e97)", "order_time": ["2019-01-25 17:11:53"], "total_order": 1, "hotel_value": ["4.0"], "hotel_price": ["129"]}, "1670211": {"hotel_name": "\u80af\u5b9a\u7cbe\u9009\u9152\u5e97(\u5357\u4eac\u96e8\u82b1\u897f\u8def\u5e97)(\u539f\u5fa1\u534e\u5ead\u5feb\u6377\u65c5\u5e97)", "order_time": ["2019-01-25 17:11:53"], "total_order": 1, "hotel_value": ["4.2"], "hotel_price": ["103"]}, "1535637": {"hotel_name": "\u6c49\u5ead\u9152\u5e97(\u5357\u4eac\u6c5f\u6d66\u9f99\u534e\u8def\u5730\u94c1\u7ad9\u5e97)", "order_time": ["2019-01-25 17:11:54"], "total_order": 1, "hotel_value": ["4.4"], "hotel_price": ["208"]}, "6060994": {"hotel_name": "\u65c5\u76df\u9152\u5e97(\u5357\u4eac\u6c5f\u6d66\u5ba2\u8fd0\u7ad9\u9f99\u534e\u8def\u5730\u94c1\u7ad9\u5e97)", "order_time": ["2019-01-25 17:11:54"], "total_order": 1, "hotel_value": ["4.2"], "hotel_price": ["82"]}, "7363448": {"hotel_name": "\u5357\u4eac\u672a\u6765\u6811\u751f\u6d3b\u9152\u5e97", "order_time": ["2019-01-25 17:11:55"], "total_order": 1, "hotel_value": ["4.5"], "hotel_price": ["270"]}, "1116413": {"hotel_name": "\u5357\u4eac\u7384\u6b66\u95e8\u4e9a\u6735\u9152\u5e97", "order_time": ["2019-01-25 17:27:46", "2019-01-25 17:11:56"], "total_order": 2, "hotel_value": ["4.8", "4.8"], "hotel_price": ["360", "360"]}, "4122292": {"hotel_name": "\u5c1a\u5ba2\u4f18\u8fde\u9501\u9152\u5e97(\u5357\u4eac\u6cb3\u6d77\u5927\u5b66\u5730\u94c1\u7ad9\u5e97)", "order_time": ["2019-01-25 17:11:56"], "total_order": 1, "hotel_value": ["4.2"], "hotel_price": ["156"]}, "22449037": {"hotel_name": "\u5357\u4eac\u67ab\u53f6\u7f8e\u5bbf\u5f71\u9662\u9152\u5e97\u5f0f\u516c\u5bd3", "order_time": ["2019-01-25 17:12:01"], "total_order": 1, "hotel_value": ["4.8"], "hotel_price": ["203"]}, "1854051": {"hotel_name": "\u5357\u4eac\u52a0\u4f73\u5bbe\u9986", "order_time": ["2019-01-25 17:12:04"], "total_order": 1, "hotel_value": ["4.1"], "hotel_price": ["203"]}, "5716734": {"hotel_name": "\u5357\u4eac\u7984\u53e3\u673a\u573a\u4e9a\u6735\u9152\u5e97", "order_time": ["2019-01-25 17:12:36"], "total_order": 1, "hotel_value": ["4.8"], "hotel_price": ["509"]}, "396597": {"hotel_name": "\u91d1\u9e70\u56fd\u4ed5\u8fbe\u9152\u5e97(\u5357\u4eac\u65b0\u8857\u53e3\u5730\u94c1\u7ad9\u5e97)", "order_time": ["2019-01-25 17:13:45"], "total_order": 1, "hotel_value": ["4.8"], "hotel_price": ["359"]}, "396947": {"hotel_name": "\u5357\u4eac\u91d1\u6c47\u5927\u9152\u5e97", "order_time": ["2019-01-25 17:13:47", "2019-01-25 17:45:47"], "total_order": 2, "hotel_value": ["4.6", "4.6"], "hotel_price": ["360", "360"]}, "811660": {"hotel_name": "\u6e05\u6c90\u8fde\u9501\u9152\u5e97(\u5357\u4eac\u5927\u6865\u5357\u8def\u5bb6\u4e50\u798f\u5e97)", "order_time": ["2019-01-25 17:13:47", "2019-01-25 17:47:50"], "total_order": 2, "hotel_value": ["4.3", "4.3"], "hotel_price": ["169", "169"]}, "1476770": {"hotel_name": "\u552f\u7231\u4e4b\u661f\u4e3b\u9898\u5bbe\u9986(\u5357\u4eac\u4ed9\u6797\u5e97)", "order_time": ["2019-01-25 17:13:48"], "total_order": 1, "hotel_value": ["3.9"], "hotel_price": ["143"]}, "19480003": {"hotel_name": "\u5357\u4eac\u7384\u6b66\u6e56\u667a\u9009\u5047\u65e5\u9152\u5e97", "order_time": ["2019-01-25 17:13:48"], "total_order": 1, "hotel_value": ["4.2"], "hotel_price": ["399"]}, "1457092": {"hotel_name": "\u5982\u5bb6\u5feb\u6377\u9152\u5e97(\u5357\u4eac\u65b0\u8857\u53e3\u5e97)", "order_time": ["2019-01-25 17:13:48", "2019-01-25 17:19:44", "2019-01-25 17:51:44"], "total_order": 3, "hotel_value": ["4.6", "4.6", "4.6"], "hotel_price": ["254", "254", "254"]}, "25664295": {"hotel_name": "\u5357\u4eac\u5510\u6676\u9152\u5e97", "order_time": ["2019-01-25 17:21:53", "2019-01-25 17:13:50"], "total_order": 2, "hotel_value": ["4.9", "4.9"], "hotel_price": ["211", "211"]}, "21744273": {"hotel_name": "\u5357\u4eac\u68a6\u6cfd\u5feb\u6377\u5bbe\u9986", "order_time": ["2019-01-25 17:13:51"], "total_order": 1, "hotel_value": ["4.9"], "hotel_price": ["98"]}, "25560157": {"hotel_name": "\u5357\u4eac\u76c8\u9f0e\u7cbe\u54c1\u9152\u5e97", "order_time": ["2019-01-25 17:17:47", "2019-01-25 17:13:52", "2019-01-25 17:24:02"], "total_order": 3, "hotel_value": ["4.9", "4.9", "4.9"], "hotel_price": ["144", "144", "144"]}, "1085668": {"hotel_name": "\u5e03\u4e01\u9152\u5e97(\u5357\u4eac\u5927\u6865\u5357\u8def\u5bb6\u4e50\u798f\u5e97)", "order_time": ["2019-01-25 17:13:53"], "total_order": 1, "hotel_value": ["3.9"], "hotel_price": ["96"]}, "6485931": {"hotel_name": "\u5357\u4eac\u6c83\u9601\u5317\u7f8e\u98ce\u60c5\u9986", "order_time": ["2019-01-25 17:13:59"], "total_order": 1, "hotel_value": ["4.7"], "hotel_price": ["390"]}, "1945317": {"hotel_name": "\u5357\u4eac\u6c64\u6cc9\u5bbe\u9986", "order_time": ["2019-01-25 17:14:03"], "total_order": 1, "hotel_value": ["4.2"], "hotel_price": ["194"]}, "1414249": {"hotel_name": "\u5c1a\u5ba2\u4f18\u5feb\u6377\u9152\u5e97(\u5357\u4eac\u516d\u5408\u6cf0\u5c71\u8def\u5e97)", "order_time": ["2019-01-25 17:14:03"], "total_order": 1, "hotel_value": ["4.4"], "hotel_price": ["104"]}, "3642707": {"hotel_name": "\u5357\u4eac\u5b9a\u683c\u5bbe\u9986", "order_time": ["2019-01-25 18:03:57", "2019-01-25 17:21:58", "2019-01-25 17:14:04"], "total_order": 3, "hotel_value": ["4.5", "4.5", "4.5"], "hotel_price": ["121", "121", "121"]}, "481331": {"hotel_name": "\u5357\u4eac\u4fdd\u9669\u5927\u53a6", "order_time": ["2019-01-25 17:14:05"], "total_order": 1, "hotel_value": ["4.2"], "hotel_price": ["246"]}, "953946": {"hotel_name": "\u5357\u4eac\u96e8\u82b1\u6676\u4e3d\u9152\u5e97", "order_time": ["2019-01-25 17:23:53", "2019-01-25 17:14:05"], "total_order": 2, "hotel_value": ["4.5", "4.5"], "hotel_price": ["199", "199"]}, "25904636": {"hotel_name": "\u5357\u4eac\u5f20\u5e9c\u96c5\u5c45\u82b1\u56ed\u9152\u5e97", "order_time": ["2019-01-25 17:14:06"], "total_order": 1, "hotel_value": ["4.9"], "hotel_price": ["183"]}, "23972544": {"hotel_name": "\u5c1a\u5ba2\u4f18\u8fde\u9501\u9152\u5e97(\u5357\u4eac\u8305\u5c71\u8def\u5546\u4e1a\u8857\u5e97)", "order_time": ["2019-01-25 17:14:06"], "total_order": 1, "hotel_value": ["4.9"], "hotel_price": ["141"]}, "1317113": {"hotel_name": "\u6c49\u5ead\u9152\u5e97(\u5357\u4eac\u671d\u5929\u5bab\u5e97)", "order_time": ["2019-01-25 17:14:08"], "total_order": 1, "hotel_value": ["4.5"], "hotel_price": ["161"]}, "3489989": {"hotel_name": "\u5357\u4eac\u534e\u5b81\u5bbe\u9986", "order_time": ["2019-01-25 17:14:23"], "total_order": 1, "hotel_value": ["4.6"], "hotel_price": ["99"]}, "369710": {"hotel_name": "\u5357\u4eac\u4e16\u8302\u6ee8\u6c5f\u5e0c\u5c14\u987f\u9152\u5e97", "order_time": ["2019-01-25 17:15:47"], "total_order": 1, "hotel_value": ["4.6"], "hotel_price": ["683"]}, "369713": {"hotel_name": "\u5357\u4eac\u7eff\u5730\u6d32\u9645\u9152\u5e97", "order_time": ["2019-01-25 17:51:48", "2019-01-25 17:15:47"], "total_order": 2, "hotel_value": ["4.7", "4.7"], "hotel_price": ["999", "999"]}, "1918303": {"hotel_name": "\u5357\u4eac\u82cf\u5b81\u96c5\u60a6\u884c\u653f\u516c\u5bd3\u9152\u5e97", "order_time": ["2019-01-25 18:01:49", "2019-01-25 17:15:47", "2019-01-25 17:41:44"], "total_order": 3, "hotel_value": ["4.7", "4.7", "4.7"], "hotel_price": ["481", "481", "482"]}, "23801898": {"hotel_name": "\u5357\u4eac\u559c\u739b\u62c9\u96c5\u5047\u65e5\u9152\u5e97", "order_time": ["2019-01-25 17:15:47"], "total_order": 1, "hotel_value": ["4.6"], "hotel_price": ["598"]}, "2300911": {"hotel_name": "7\u5929\u8fde\u9501\u9152\u5e97(\u5357\u4eac\u6e56\u5357\u8def\u5e97)", "order_time": ["2019-01-25 17:15:48"], "total_order": 1, "hotel_value": ["4.2"], "hotel_price": ["115"]}, "440999": {"hotel_name": "\u5357\u4eac\u6c64\u5c71\u5fa1\u5ead\u81fb\u54c1\u9152\u5e97", "order_time": ["2019-01-25 17:15:50"], "total_order": 1, "hotel_value": ["4.7"], "hotel_price": ["1180"]}, "1853810": {"hotel_name": "\u5357\u4eac\u8292\u679c\u9152\u5e97", "order_time": ["2019-01-25 17:45:45", "2019-01-25 17:19:44", "2019-01-25 17:15:50"], "total_order": 3, "hotel_value": ["4.3", "4.3", "4.3"], "hotel_price": ["144", "144", "124"]}, "21695629": {"hotel_name": "\u5357\u4eac\u56db\u65b9\u96c5\u8fb0\u9152\u5e97", "order_time": ["2019-01-25 17:21:50", "2019-01-25 17:15:52"], "total_order": 2, "hotel_value": ["4.5", "4.5"], "hotel_price": ["928", "928"]}, "8412404": {"hotel_name": "\u5357\u4eac\u749f\u5c1a\u7cbe\u54c1\u9152\u5e97\u516c\u5bd3", "order_time": ["2019-01-25 17:15:54"], "total_order": 1, "hotel_value": ["4.6"], "hotel_price": ["240"]}, "7570688": {"hotel_name": "\u5357\u4eac\u6cb3\u897f\u82cf\u5b81\u96c5\u60a6\u9152\u5e97", "order_time": ["2019-01-25 17:15:55"], "total_order": 1, "hotel_value": ["4.6"], "hotel_price": ["470"]}, "432220": {"hotel_name": "\u5357\u4eac\u660e\u53d1\u73cd\u73e0\u6cc9\u5927\u9152\u5e97", "order_time": ["2019-01-25 17:15:56"], "total_order": 1, "hotel_value": ["4.6"], "hotel_price": ["658"]}, "15249465": {"hotel_name": "\u9526\u6c5f\u90fd\u57ce\u9152\u5e97(\u5357\u4eac\u5c06\u519b\u5927\u9053\u6cb3\u6d77\u5927\u5b66\u5e97)", "order_time": ["2019-01-25 17:15:56"], "total_order": 1, "hotel_value": ["4.8"], "hotel_price": ["319"]}, "1372261": {"hotel_name": "ID99\u8fde\u9501\u9152\u5e97(\u5357\u4eac\u73e0\u6c5f\u8def\u5c0f\u8425\u7ad9\u5e97)", "order_time": ["2019-01-25 17:53:54", "2019-01-25 17:15:57"], "total_order": 2, "hotel_value": ["3.5", "3.5"], "hotel_price": ["109", "109"]}, "5374787": {"hotel_name": "\u5357\u4eac\u6d77\u5ddd\u5bbe\u9986", "order_time": ["2019-01-25 17:15:58"], "total_order": 1, "hotel_value": ["3.0"], "hotel_price": ["60"]}, "1944219": {"hotel_name": "\u683c\u6797\u8c6a\u6cf0(\u5357\u4eac\u706b\u8f66\u7ad9\u5e97)", "order_time": ["2019-01-25 17:26:02", "2019-01-25 17:15:59"], "total_order": 2, "hotel_value": ["4.1", "4.1"], "hotel_price": ["116", "126"]}, "21121621": {"hotel_name": "\u6c49\u5ead\u9152\u5e97(\u5357\u4eac\u5cb1\u5c71\u4e1c\u6765\u5965\u5357\u57ce\u5e97)", "order_time": ["2019-01-25 17:16:02"], "total_order": 1, "hotel_value": ["4.2"], "hotel_price": ["170"]}, "1727455": {"hotel_name": "Q\u52a0\u00b7\u5929\u79a7\u9f99\u5bbe\u9986(\u5357\u4eac\u592b\u5b50\u5e99\u666f\u533a\u65d7\u8230\u5e97)", "order_time": ["2019-01-25 17:16:04"], "total_order": 1, "hotel_value": ["4.5"], "hotel_price": ["193"]}, "5379579": {"hotel_name": "\u6021\u83b1\u9152\u5e97(\u5357\u4eac\u6c5f\u6d66\u9f99\u534e\u8def\u5730\u94c1\u7ad9\u5e97)", "order_time": ["2019-01-25 17:16:08"], "total_order": 1, "hotel_value": ["3.9"], "hotel_price": ["139"]}, "1536083": {"hotel_name": "\u661f\u7a0b\u9152\u5e97(\u5357\u4eac\u51e4\u51f0\u73af\u7403\u5e97)", "order_time": ["2019-01-25 17:16:09"], "total_order": 1, "hotel_value": ["4.3"], "hotel_price": ["228"]}, "1621239": {"hotel_name": "\u5357\u4eac\u5409\u8fb0\u5bbe\u9986", "order_time": ["2019-01-25 17:16:10"], "total_order": 1, "hotel_value": ["2.9"], "hotel_price": ["68"]}, "1360821": {"hotel_name": "\u69b4\u83b2\u5c0f\u661f\u8fde\u9501\u9152\u5e97(\u5357\u4eac\u6c5f\u6d66\u6587\u5fb7\u8def\u5730\u94c1\u7ad9\u5e97)(\u539f\u5929\u51e4\u5e7f\u573a\u5e97)", "order_time": ["2019-01-25 17:16:10"], "total_order": 1, "hotel_value": ["4.2"], "hotel_price": ["103"]}, "1677386": {"hotel_name": "\u5357\u4eac\u60a0\u6765\u5c1a\u54c1\u9152\u5e97", "order_time": ["2019-01-25 17:16:14"], "total_order": 1, "hotel_value": ["4.7"], "hotel_price": ["314"]}, "8574636": {"hotel_name": "\u5357\u4eac\u4e91\u4f86\u5ba2\u68e7", "order_time": ["2019-01-25 17:16:14"], "total_order": 1, "hotel_value": ["3.9"], "hotel_price": ["93"]}, "2295087": {"hotel_name": "7\u5929\u8fde\u9501\u9152\u5e97(\u5357\u4eac\u592b\u5b50\u5e99\u5730\u94c1\u7ad9\u666f\u533a\u5e97)(\u539f\u592b\u5b50\u5e99\u4e2d\u5fc3\u5e97)", "order_time": ["2019-01-25 17:16:20", "2019-01-25 17:57:48"], "total_order": 2, "hotel_value": ["4.2", "4.2"], "hotel_price": ["169", "169"]}, "18047423": {"hotel_name": "\u5357\u4eac\u6e29\u7279\u83b1\u9152\u5e97", "order_time": ["2019-01-25 17:16:20"], "total_order": 1, "hotel_value": ["4.5"], "hotel_price": ["362"]}, "781627": {"hotel_name": "\u9526\u6c5f\u4e4b\u661f\u98ce\u5c1a(\u5357\u4eac\u82b1\u795e\u5927\u9053\u5e97)(\u539f\u8299\u7f57\u62c9\u5047\u65e5\u9152\u5e97)", "order_time": ["2019-01-25 17:17:46"], "total_order": 1, "hotel_value": ["4.3"], "hotel_price": ["169"]}, "8599331": {"hotel_name": "\u683c\u6797\u8c6a\u6cf0\u5357\u4eac\u6c5f\u5b81\u5927\u5b66\u57ce\u4ea4\u9662\u5730\u94c1\u7ad9\u5e97", "order_time": ["2019-01-25 17:17:46"], "total_order": 1, "hotel_value": ["4.5"], "hotel_price": ["184"]}, "482893": {"hotel_name": "\u5c71\u6c34\u65f6\u5c1a\u9152\u5e97(\u5357\u4eac\u5357\u7ad9\u5e97)", "order_time": ["2019-01-25 17:17:47"], "total_order": 1, "hotel_value": ["4.5"], "hotel_price": ["253"]}, "2646998": {"hotel_name": "\u5982\u5bb6\u5feb\u6377\u9152\u5e97(\u5357\u4eac\u592b\u5b50\u5e99\u8001\u95e8\u4e1c\u6b66\u5b9a\u95e8\u5730\u94c1\u7ad9\u5e97)", "order_time": ["2019-01-25 17:17:47"], "total_order": 1, "hotel_value": ["4.5"], "hotel_price": ["246"]}, "7067265": {"hotel_name": "\u6c49\u5ead\u4f18\u4f73\u9152\u5e97(\u5357\u4eac\u5965\u4f53\u4e2d\u5fc3\u5e97)", "order_time": ["2019-01-25 17:17:47"], "total_order": 1, "hotel_value": ["4.7"], "hotel_price": ["314"]}, "1208243": {"hotel_name": "\u5357\u4eac\u65f6\u5149\u673a\u56fd\u9645\u9752\u5e74\u65c5\u820d", "order_time": ["2019-01-25 17:17:47"], "total_order": 1, "hotel_value": ["4.4"], "hotel_price": ["40"]}, "11122849": {"hotel_name": "\u5e03\u4e01\u9152\u5e97(\u5357\u4eac\u5357\u7ad9\u5317\u5e7f\u573a\u7eff\u5730\u4e4b\u7a97\u5e97)", "order_time": ["2019-01-25 17:17:48"], "total_order": 1, "hotel_value": ["4.3"], "hotel_price": ["294"]}, "24544949": {"hotel_name": "\u5357\u4eac\u7121\u6850\u91cc\u7cbe\u54c1\u9152\u5e97", "order_time": ["2019-01-25 17:17:48"], "total_order": 1, "hotel_value": ["4.8"], "hotel_price": ["370"]}, "1447045": {"hotel_name": "\u83ab\u6cf0168(\u5357\u4eac\u6c5f\u5b81\u5927\u5b66\u57ce\u9f99\u7720\u5927\u9053\u5730\u94c1\u7ad9\u5e97)", "order_time": ["2019-01-25 17:17:48"], "total_order": 1, "hotel_value": ["4.3"], "hotel_price": ["166"]}, "2249815": {"hotel_name": "\u5357\u4eac\u68c9\u94ed\u5feb\u6377\u9152\u5e97", "order_time": ["2019-01-25 17:17:48"], "total_order": 1, "hotel_value": ["4.1"], "hotel_price": ["203"]}, "1946048": {"hotel_name": "\u5c1a\u5ba2\u4f18\u5feb\u6377\u9152\u5e97(\u5357\u4eac\u4e2d\u534e\u95e8\u5730\u94c1\u7ad9\u5e97)", "order_time": ["2019-01-25 17:17:48"], "total_order": 1, "hotel_value": ["4.1"], "hotel_price": ["176"]}, "9194914": {"hotel_name": "\u4e9a\u9645\u9152\u5e97(\u5357\u4eac\u5357\u7ad9\u5e97)", "order_time": ["2019-01-25 17:17:48", "2019-01-25 17:55:55"], "total_order": 2, "hotel_value": ["4.3", "4.3"], "hotel_price": ["213", "213"]}, "1938469": {"hotel_name": "\u9526\u6c5f\u4e4b\u661f\u54c1\u5c1a(\u5357\u4eac\u706b\u8f66\u5357\u7ad9\u5317\u5e7f\u573a\u5e97)", "order_time": ["2019-01-25 17:17:49"], "total_order": 1, "hotel_value": ["4.5"], "hotel_price": ["278"]}, "15196691": {"hotel_name": "\u5357\u4eac\u5c1a\u5bd3\u9152\u5e97\u516c\u5bd3", "order_time": ["2019-01-25 17:17:49", "2019-01-25 17:51:59"], "total_order": 2, "hotel_value": ["4.8", "4.8"], "hotel_price": ["199", "199"]}, "3726309": {"hotel_name": "\u6613\u4f70\u8fde\u9501\u9152\u5e97(\u5357\u4eac\u6c5f\u5b81\u5927\u5b66\u57ce\u4ea4\u901a\u5b66\u9662\u5730\u94c1\u7ad9\u5e97)", "order_time": ["2019-01-25 17:17:49"], "total_order": 1, "hotel_value": ["4.2"], "hotel_price": ["144"]}, "470920": {"hotel_name": "\u5357\u4eac\u56fd\u777f\u91d1\u9675\u5927\u9152\u5e97", "order_time": ["2019-01-25 17:17:49"], "total_order": 1, "hotel_value": ["4.7"], "hotel_price": ["440"]}, "19867337": {"hotel_name": "\u5357\u4eac\u6c47\u57ce\u5bbe\u9986", "order_time": ["2019-01-25 17:17:49"], "total_order": 1, "hotel_value": ["4.1"], "hotel_price": ["239"]}, "909866": {"hotel_name": "\u5357\u4eac\u72b6\u5143\u9a7f\u7ad9", "order_time": ["2019-01-25 17:17:49"], "total_order": 1, "hotel_value": ["4.3"], "hotel_price": ["349"]}, "23843325": {"hotel_name": "\u4e50\u5bb6\u8f69\u8f7b\u5962\u5ea6\u5047\u516c\u5bd3(\u5357\u4eac\u5965\u4f53\u5347\u9f99\u6c47\u91d1\u5e97)", "order_time": ["2019-01-25 17:17:49"], "total_order": 1, "hotel_value": ["4.5"], "hotel_price": ["234"]}, "19110421": {"hotel_name": "\u5357\u4eac\u4e5f\u7136\u00b7\u9047\u89c1\u9152\u5e97", "order_time": ["2019-01-25 17:17:49", "2019-01-25 17:43:44"], "total_order": 2, "hotel_value": ["4.6", "4.6"], "hotel_price": ["329", "269"]}, "6435793": {"hotel_name": "\u5357\u4eac\u8d22\u7ecf\u5927\u5b66\u57f9\u8bad\u4e2d\u5fc3\u9152\u5e97", "order_time": ["2019-01-25 17:17:49", "2019-01-25 17:52:00"], "total_order": 2, "hotel_value": ["4.5", "4.5"], "hotel_price": ["246", "246"]}, "6234963": {"hotel_name": "H\u6c34\u6676\u9152\u5e97(\u5357\u4eac\u83ab\u6101\u6e56\u5e97)", "order_time": ["2019-01-25 17:17:49"], "total_order": 1, "hotel_value": ["4.7"], "hotel_price": ["294"]}, "3031346": {"hotel_name": "Q\u52a0\u00b7\u8587\u7231\u7cbe\u54c1\u65f6\u5c1a\u9152\u5e97(\u5357\u4eac\u7384\u6b66\u6e56\u5e97)", "order_time": ["2019-01-25 17:17:49"], "total_order": 1, "hotel_value": ["4.6"], "hotel_price": ["234"]}, "5472924": {"hotel_name": "\u9e97\u67ab\u9152\u5e97(\u5357\u4eac\u65b0\u8857\u53e3\u5f20\u5e9c\u56ed\u5730\u94c1\u7ad9\u5e97)", "order_time": ["2019-01-25 17:17:49", "2019-01-25 17:41:43"], "total_order": 2, "hotel_value": ["4.6", "4.6"], "hotel_price": ["298", "256"]}, "447306": {"hotel_name": "\u5357\u4eac\u7d2b\u91d1\u5c71\u5e84", "order_time": ["2019-01-25 17:17:51"], "total_order": 1, "hotel_value": ["4.8"], "hotel_price": ["554"]}, "1646444": {"hotel_name": "\u683c\u6797\u8c6a\u6cf0(\u5357\u4eac\u5357\u7ad9\u5317\u5e7f\u573a\u5e97)", "order_time": ["2019-01-25 17:17:51"], "total_order": 1, "hotel_value": ["4.2"], "hotel_price": ["199"]}, "458407": {"hotel_name": "\u53e4\u5357\u90fd\u9038\u5c45\u9152\u5e97(\u5357\u4eac\u592b\u5b50\u5e99\u5e97)", "order_time": ["2019-01-25 17:33:58", "2019-01-25 17:17:51"], "total_order": 2, "hotel_value": ["4.9", "4.9"], "hotel_price": ["334", "334"]}, "1452149": {"hotel_name": "\u5982\u5bb6\u5feb\u6377\u9152\u5e97(\u5357\u4eac\u706b\u8f66\u5357\u7ad9\u660e\u53d1\u5e7f\u573a\u5730\u94c1\u7ad9\u5e97)", "order_time": ["2019-01-25 17:17:51"], "total_order": 1, "hotel_value": ["4.4"], "hotel_price": ["254"]}, "859308": {"hotel_name": "\u5982\u5bb6\u5feb\u6377\u9152\u5e97(\u5357\u4eac\u65b0\u8857\u53e3\u5f20\u5e9c\u56ed\u5730\u94c1\u7ad9\u5e97)", "order_time": ["2019-01-25 17:17:51", "2019-01-25 17:56:02", "2019-01-25 17:27:58"], "total_order": 3, "hotel_value": ["4.6", "4.6", "4.6"], "hotel_price": ["219", "219", "219"]}, "1944262": {"hotel_name": "\u51ef\u91cc\u4e9a\u5fb7\u9152\u5e97(\u5357\u4eac\u8679\u6865\u4e2d\u5fc3\u5e97)", "order_time": ["2019-01-25 17:17:52"], "total_order": 1, "hotel_value": ["4.9"], "hotel_price": ["331"]}, "4646635": {"hotel_name": "\u5b9c\u5fc5\u601d\u5c1a\u54c1\u5357\u4eac\u5f20\u5e9c\u56ed\u5730\u94c1\u7ad9\u9152\u5e97", "order_time": ["2019-01-25 17:17:54"], "total_order": 1, "hotel_value": ["4.5"], "hotel_price": ["294"]}, "10607216": {"hotel_name": "\u6e05\u6c90\u7cbe\u9009\u9152\u5e97(\u5357\u4eac\u5357\u7ad9\u5e97)", "order_time": ["2019-01-25 17:17:55"], "total_order": 1, "hotel_value": ["4.6"], "hotel_price": ["231"]}, "811674": {"hotel_name": "\u6e05\u6c90\u8fde\u9501\u9152\u5e97(\u5357\u4eac\u4e94\u53f0\u5c71\u5e7f\u5dde\u8def\u968f\u56ed\u5927\u53a6\u5e97)", "order_time": ["2019-01-25 17:17:55", "2019-01-25 17:41:50"], "total_order": 2, "hotel_value": ["4.3", "4.3"], "hotel_price": ["164", "164"]}, "1457082": {"hotel_name": "\u5982\u5bb6\u7cbe\u9009\u9152\u5e97(\u5357\u4eac\u65b0\u8857\u53e3\u5fb7\u57fa\u5e7f\u573a\u5e97)(\u539f\u7ba1\u5bb6\u6865\u5e97)", "order_time": ["2019-01-25 17:17:55"], "total_order": 1, "hotel_value": ["4.6"], "hotel_price": ["340"]}, "1938450": {"hotel_name": "\u9526\u6c5f\u4e4b\u661f\u54c1\u5c1a(\u5357\u4eac\u6c49\u4e2d\u95e8\u5e97)", "order_time": ["2019-01-25 17:17:57"], "total_order": 1, "hotel_value": ["4.4"], "hotel_price": ["239"]}, "1452010": {"hotel_name": "\u5982\u5bb6\u5feb\u6377\u9152\u5e97(\u5357\u4eac\u6e56\u5357\u8def\u72ee\u5b50\u6865\u7f8e\u98df\u8857\u5e97)", "order_time": ["2019-01-25 17:17:57"], "total_order": 1, "hotel_value": ["4.3"], "hotel_price": ["175"]}, "4310743": {"hotel_name": "\u6e05\u6c90\u7cbe\u9009\u9152\u5e97(\u5357\u4eac\u5965\u4f53\u4f1a\u5c55\u4e2d\u5fc3\u5e97)", "order_time": ["2019-01-25 17:17:58"], "total_order": 1, "hotel_value": ["4.4"], "hotel_price": ["184"]}, "1842762": {"hotel_name": "\u5357\u4eac\u4eba\u53e3\u5bbe\u9986", "order_time": ["2019-01-25 17:19:42"], "total_order": 1, "hotel_value": ["4.5"], "hotel_price": ["288"]}, "1339902": {"hotel_name": "\u5982\u5bb6\u5feb\u6377\u9152\u5e97(\u5357\u4eac\u76d0\u4ed3\u6865\u5e7f\u573a\u53cc\u95e8\u697c\u864e\u8e1e\u5317\u8def\u5e97)", "order_time": ["2019-01-25 17:19:44"], "total_order": 1, "hotel_value": ["4.6"], "hotel_price": ["158"]}, "5804321": {"hotel_name": "\u745e\u534e\u9152\u5e97(\u5357\u4eac\u65b0\u8857\u53e3\u5e97)(\u539f\u738b\u5e9c\u5927\u8857\u5e97)", "order_time": ["2019-01-25 17:19:45"], "total_order": 1, "hotel_value": ["4.7"], "hotel_price": ["203"]}, "3670920": {"hotel_name": "\u5357\u4eac\u5357\u7ad9\u767e\u5bb6\u6e56\u4e9a\u6735\u9152\u5e97", "order_time": ["2019-01-25 17:19:46"], "total_order": 1, "hotel_value": ["4.8"], "hotel_price": ["397"]}, "482199": {"hotel_name": "\u5357\u4eac\u94f6\u57ce\u7687\u51a0\u5047\u65e5\u9152\u5e97", "order_time": ["2019-01-25 17:19:46"], "total_order": 1, "hotel_value": ["4.7"], "hotel_price": ["666"]}, "1938340": {"hotel_name": "\u9526\u6c5f\u4e4b\u661f(\u5357\u4eac\u65b0\u8857\u53e3\u5e97)", "order_time": ["2019-01-25 17:19:47"], "total_order": 1, "hotel_value": ["4.4"], "hotel_price": ["269"]}, "5311088": {"hotel_name": "\u5357\u4eac\u99a8\u8309\u8389\u82b1\u56ed\u9152\u5e97", "order_time": ["2019-01-25 17:19:47"], "total_order": 1, "hotel_value": ["4.7"], "hotel_price": ["148"]}, "1448359": {"hotel_name": "\u5982\u5bb6\u5546\u65c5\u9152\u5e97(\u5357\u4eac\u65b0\u8857\u53e3\u5730\u94c1\u7ad9\u5e97)", "order_time": ["2019-01-25 17:19:49"], "total_order": 1, "hotel_value": ["4.8"], "hotel_price": ["385"]}, "441083": {"hotel_name": "\u5357\u4eac\u6c34\u79c0\u82d1\u5927\u9152\u5e97", "order_time": ["2019-01-25 17:19:55"], "total_order": 1, "hotel_value": ["4.8"], "hotel_price": ["412"]}, "2300990": {"hotel_name": "7\u5929\u4f18\u54c1\u9152\u5e97(\u5357\u4eac\u592b\u5b50\u5e99\u4e09\u5c71\u8857\u5730\u94c1\u7ad9\u5e97)", "order_time": ["2019-01-25 17:19:55"], "total_order": 1, "hotel_value": ["4.4"], "hotel_price": ["199"]}, "5399526": {"hotel_name": "\u975e\u7e41\u57ce\u54c1\u9152\u5e97(\u5357\u4eac\u516d\u5408\u91d1\u5b81\u5e7f\u573a\u5e97)", "order_time": ["2019-01-25 17:37:56", "2019-01-25 17:19:56"], "total_order": 2, "hotel_value": ["4.7", "4.7"], "hotel_price": ["136", "136"]}, "8034331": {"hotel_name": "\u5357\u4eac\u540e\u68e0\u7cbe\u9009\u5546\u52a1\u9152\u5e97", "order_time": ["2019-01-25 17:19:56"], "total_order": 1, "hotel_value": ["4.4"], "hotel_price": ["188"]}, "4039747": {"hotel_name": "7\u5929\u4f18\u54c1\u9152\u5e97(\u5357\u4eac\u5317\u5cad\u8def\u5e97)", "order_time": ["2019-01-25 17:20:00"], "total_order": 1, "hotel_value": ["4.6"], "hotel_price": ["137"]}, "1458051": {"hotel_name": "\u5357\u4eac\u8d5b\u5ead\u9152\u5e97", "order_time": ["2019-01-25 17:20:04"], "total_order": 1, "hotel_value": ["4.3"], "hotel_price": ["107"]}, "5379767": {"hotel_name": "\u5357\u4eac\u6052\u53cb\u5546\u52a1\u5bbe\u9986", "order_time": ["2019-01-25 17:20:04"], "total_order": 1, "hotel_value": ["3.9"], "hotel_price": ["158"]}, "21796605": {"hotel_name": "\u7ef4\u4e5f\u7eb3\u9152\u5e97(\u5357\u4eac\u6587\u5fb7\u8def\u5730\u94c1\u7ad9\u7814\u521b\u56ed\u5e97)", "order_time": ["2019-01-25 17:21:44"], "total_order": 1, "hotel_value": ["4.8"], "hotel_price": ["286"]}, "5729009": {"hotel_name": "\u5357\u4eac\u6162\u57ce\u6795\u677e\u5ea6\u5047\u9152\u5e97", "order_time": ["2019-01-25 17:21:44"], "total_order": 1, "hotel_value": ["4.8"], "hotel_price": ["934"]}, "1686756": {"hotel_name": "\u5357\u4eac\u7279\u8ff7\u98ce\u60c5\u5047\u65e5\u9152\u5e97", "order_time": ["2019-01-25 17:21:44"], "total_order": 1, "hotel_value": ["4.3"], "hotel_price": ["104"]}, "1943858": {"hotel_name": "\u6c5f\u82cf\u53e4\u6797\u996d\u5e97(\u539f\u548c\u6cf0\u5bb6\u56ed\u9152\u5e97)", "order_time": ["2019-01-25 17:21:46"], "total_order": 1, "hotel_value": ["4.1"], "hotel_price": ["383"]}, "1943981": {"hotel_name": "\u5357\u4eac\u540c\u5fc3\u56ed\u5bbe\u9986", "order_time": ["2019-01-25 17:21:49"], "total_order": 1, "hotel_value": ["4.1"], "hotel_price": ["286"]}, "4390063": {"hotel_name": "\u5357\u4eac\u534e\u6cf0\u4e07\u4e3d\u9152\u5e97", "order_time": ["2019-01-25 17:21:52"], "total_order": 1, "hotel_value": ["4.7"], "hotel_price": ["791"]}, "1623511": {"hotel_name": "\u683c\u6797\u8c6a\u6cf0\u8d1d\u58f3\u9152\u5e97(\u5357\u4eac\u6e56\u5357\u8def\u72ee\u5b50\u6865\u6b65\u884c\u8857\u5e97)(\u539f\u4e9a\u7279\u5170\u5546\u52a1\u9152\u5e97)", "order_time": ["2019-01-25 17:21:58"], "total_order": 1, "hotel_value": ["4.4"], "hotel_price": ["180"]}, "667018": {"hotel_name": "\u5357\u4eac\u53e4\u5357\u90fd\u660e\u57fa\u9152\u5e97", "order_time": ["2019-01-25 17:22:01"], "total_order": 1, "hotel_value": ["4.7"], "hotel_price": ["259"]}, "5218050": {"hotel_name": "\u91d1\u5965\u8bfa\u9601\u96c5\u9152\u5e97(\u5357\u4eac\u5965\u4f53\u4e2d\u5fc3\u5e97)", "order_time": ["2019-01-25 17:22:30"], "total_order": 1, "hotel_value": ["4.9"], "hotel_price": ["492"]}, "1635045": {"hotel_name": "\u5357\u4eac\u82f1\u5c0a\u5047\u65e5\u9152\u5e97", "order_time": ["2019-01-25 17:23:54"], "total_order": 1, "hotel_value": ["4.1"], "hotel_price": ["242"]}, "481819": {"hotel_name": "\u5357\u4eac\u4e3d\u6e56\u96c5\u81f4\u9152\u5e97", "order_time": ["2019-01-25 17:23:55"], "total_order": 1, "hotel_value": ["4.7"], "hotel_price": ["540"]}, "1678723": {"hotel_name": "\u5357\u4eacYMCA\u9152\u5e97", "order_time": ["2019-01-25 17:23:55"], "total_order": 1, "hotel_value": ["4.5"], "hotel_price": ["245"]}, "5469110": {"hotel_name": "\u5357\u4eac\u5929\u79a7\u9152\u5e97", "order_time": ["2019-01-25 17:23:57", "2019-01-25 17:35:52"], "total_order": 2, "hotel_value": ["4.6", "4.6"], "hotel_price": ["348", "348"]}, "6870641": {"hotel_name": "\u5168\u5b63\u9152\u5e97(\u5357\u4eac\u706b\u8f66\u7ad9\u5e97)", "order_time": ["2019-01-25 17:23:58"], "total_order": 1, "hotel_value": ["4.7"], "hotel_price": ["332"]}, "1454364": {"hotel_name": "\u5982\u5bb6\u5feb\u6377\u9152\u5e97(\u5357\u4eac\u65b0\u8857\u53e3\u73e0\u6c5f\u8def\u5730\u94c1\u7ad9\u5fb7\u57fa\u5e7f\u573a\u5e97)", "order_time": ["2019-01-25 17:24:00"], "total_order": 1, "hotel_value": ["4.5"], "hotel_price": ["254"]}, "898232": {"hotel_name": "\u5929\u76db\u5927\u9152\u5e97(\u5357\u4eac\u65b0\u8857\u53e3\u5f20\u5e9c\u56ed\u5730\u94c1\u7ad9\u5e97)", "order_time": ["2019-01-25 17:57:53", "2019-01-25 17:24:00"], "total_order": 2, "hotel_value": ["4.5", "4.5"], "hotel_price": ["255", "255"]}, "1862999": {"hotel_name": "\u6d77\u53cb\u9152\u5e97(\u5357\u4eac\u7ea2\u5c71\u52a8\u7269\u56ed\u5730\u94c1\u7ad9\u5e97)", "order_time": ["2019-01-25 17:24:05"], "total_order": 1, "hotel_value": ["4.0"], "hotel_price": ["161"]}, "14214408": {"hotel_name": "\u5357\u4eac\u4e45\u552f\u81ea\u52a9\u9152\u5e97\u516c\u5bd3", "order_time": ["2019-01-25 17:24:05", "2019-01-25 17:34:06"], "total_order": 2, "hotel_value": ["4.7", "4.7"], "hotel_price": ["162", "162"]}, "473497": {"hotel_name": "\u5e03\u4e01\u9152\u5e97(\u5357\u4eac\u592b\u5b50\u5e99\u5e38\u5e9c\u8857\u5730\u94c1\u7ad9\u5e97)", "order_time": ["2019-01-25 17:24:18"], "total_order": 1, "hotel_value": ["3.8"], "hotel_price": ["121"]}, "1520156": {"hotel_name": "\u56fd\u9645\u9752\u5e74\u65c5\u820d(\u5357\u4eac\u671d\u5929\u5bab\u5e97)", "order_time": ["2019-01-25 17:24:26"], "total_order": 1, "hotel_value": ["3.8"], "hotel_price": ["65"]}, "1433140": {"hotel_name": "\u5357\u4eac\u82f9\u679c\u9152\u5e97(\u539f\u9752\u82f9\u679c\u9152\u5e97)", "order_time": ["2019-01-25 17:25:50", "2019-01-25 17:29:41"], "total_order": 2, "hotel_value": ["3.9", "3.9"], "hotel_price": ["139", "139"]}, "28566124": {"hotel_name": "\u5357\u4eac\u91d1\u5e06\u4e07\u6e90\u9152\u5e97", "order_time": ["2019-01-25 17:47:57", "2019-01-25 18:01:42", "2019-01-25 17:25:52"], "total_order": 3, "hotel_value": ["4.9", "4.9", "4.9"], "hotel_price": ["468", "468", "468"]}, "1535640": {"hotel_name": "\u6c49\u5ead\u9152\u5e97(\u5357\u4eac\u8f6f\u4ef6\u5927\u9053\u5730\u94c1\u7ad9\u5e97)", "order_time": ["2019-01-25 17:25:53"], "total_order": 1, "hotel_value": ["4.4"], "hotel_price": ["284"]}, "23228147": {"hotel_name": "\u5357\u4eac\u4e07\u8fbe\u5e7f\u573a\u82b1\u5b63\u9152\u5e97", "order_time": ["2019-01-25 17:25:54"], "total_order": 1, "hotel_value": ["4.8"], "hotel_price": ["203"]}, "1462801": {"hotel_name": "\u80af\u5b9a\u5bbe\u9986\u8fde\u9501(\u5357\u4eac\u65b0\u8857\u53e3\u4e8c\u5e97)", "order_time": ["2019-01-25 17:25:57"], "total_order": 1, "hotel_value": ["4.3"], "hotel_price": ["160"]}, "3642955": {"hotel_name": "7\u5929\u8fde\u9501\u9152\u5e97(\u5357\u4eac\u592b\u5b50\u5e99\u5fa1\u9053\u8857\u5e97)", "order_time": ["2019-01-25 17:26:03"], "total_order": 1, "hotel_value": ["4.6"], "hotel_price": ["135"]}, "5247241": {"hotel_name": "\u5357\u4eac\u5c1a\u5ba2\u4f18\u5feb\u6377\u9152\u5e97\u6c5f\u5b81\u7984\u53e3\u673a\u573a\u84dd\u5929\u8def\u5e97", "order_time": ["2019-01-25 17:26:09", "2019-01-25 17:51:55"], "total_order": 2, "hotel_value": ["4.2", "4.2"], "hotel_price": ["118", "118"]}, "3796600": {"hotel_name": "\u5357\u4eac\u6c11\u822a\u4e4b\u661f\u5feb\u6377\u9152\u5e97", "order_time": ["2019-01-25 17:26:13"], "total_order": 1, "hotel_value": ["4.3"], "hotel_price": ["97"]}, "24519375": {"hotel_name": "\u5357\u4eac\u672a\u6765\u5bd3\u7cbe\u54c1\u9152\u5e97\u5f0f\u516c\u5bd3", "order_time": ["2019-01-25 17:26:15"], "total_order": 1, "hotel_value": ["4.9"], "hotel_price": ["213"]}, "6787884": {"hotel_name": "\u5357\u4eac\u9f0e\u88d5\u5bbe\u9986", "order_time": ["2019-01-25 17:26:26"], "total_order": 1, "hotel_value": ["4.0"], "hotel_price": ["94"]}, "2300910": {"hotel_name": "7\u5929\u8fde\u9501\u9152\u5e97(\u5357\u4eac\u6c34\u897f\u95e8\u4e91\u9526\u8def\u5730\u94c1\u7ad9\u5e97)", "order_time": ["2019-01-25 17:51:50", "2019-01-25 17:27:55"], "total_order": 2, "hotel_value": ["4.3", "4.3"], "hotel_price": ["125", "126"]}, "1880478": {"hotel_name": "9\u5c45\u5bbe\u9986(\u5357\u4eac\u5357\u7ad9\u5e97)", "order_time": ["2019-01-25 17:31:57", "2019-01-25 17:27:58"], "total_order": 2, "hotel_value": ["3.7", "3.7"], "hotel_price": ["93", "93"]}, "1061885": {"hotel_name": "\u5357\u4eac\u5ba3\u73ae\u5bbe\u9986", "order_time": ["2019-01-25 17:28:21"], "total_order": 1, "hotel_value": ["4.0"], "hotel_price": ["93"]}, "1926738": {"hotel_name": "\u5982\u5bb6\u5feb\u6377\u9152\u5e97(\u5357\u4eac\u5357\u7ad9\u80dc\u592a\u897f\u8def\u7fe0\u5c4f\u5c71\u5730\u94c1\u7ad9\u5e97)", "order_time": ["2019-01-25 17:29:41"], "total_order": 1, "hotel_value": ["4.6"], "hotel_price": ["228"]}, "3067306": {"hotel_name": "\u7ef4\u4e5f\u7eb3\u9152\u5e97(\u5357\u4eac\u767e\u5bb6\u6e56\u897f\u95e8\u5b50\u8def\u5e97)", "order_time": ["2019-01-25 17:29:41"], "total_order": 1, "hotel_value": ["4.8"], "hotel_price": ["296"]}, "1633091": {"hotel_name": "\u5357\u4eac\u7ea6\u7ff0\u82b1\u56ed\u5927\u9152\u5e97", "order_time": ["2019-01-25 17:29:42"], "total_order": 1, "hotel_value": ["4.3"], "hotel_price": ["318"]}, "1452813": {"hotel_name": "\u5982\u5bb6\u5feb\u6377\u9152\u5e97(\u5357\u4eac\u4e2d\u5c71\u9675\u666f\u533a\u82dc\u84ff\u56ed\u5927\u8857\u5e97))(\u539f\u5357\u4eac\u6708\u7259\u6e56\u9526\u6e56\u5927\u53a6\u5e97)", "order_time": ["2019-01-25 17:29:43"], "total_order": 1, "hotel_value": ["4.4"], "hotel_price": ["230"]}, "3742718": {"hotel_name": "\u5357\u4eac\u7435\u7436\u5c71\u5c45\u9152\u5e97", "order_time": ["2019-01-25 17:29:45"], "total_order": 1, "hotel_value": ["4.7"], "hotel_price": ["264"]}, "25050379": {"hotel_name": "\u5357\u4eac\u5965\u4f53\u4e2d\u5fc3\u4e9a\u6735S\u9152\u5e97", "order_time": ["2019-01-25 17:29:45"], "total_order": 1, "hotel_value": ["4.8"], "hotel_price": ["394"]}, "15342933": {"hotel_name": "\u6d77\u660e\u5a01\u7cbe\u54c1\u9152\u5e97\u516c\u5bd3(\u5357\u4eac\u5929\u9686\u5bfa\u5730\u94c1\u7ad9\u5e97)", "order_time": ["2019-01-25 17:29:47"], "total_order": 1, "hotel_value": ["4.8"], "hotel_price": ["178"]}, "27288107": {"hotel_name": "\u5357\u4eac\u4e91\u5ba2\u6765\u5bbe\u9986", "order_time": ["2019-01-25 17:29:50", "2019-01-25 17:54:01"], "total_order": 2, "hotel_value": ["4.9", "4.9"], "hotel_price": ["123", "123"]}, "435363": {"hotel_name": "\u5357\u4eac\u82cf\u5b81\u5a01\u5c3c\u65af\u9152\u5e97", "order_time": ["2019-01-25 17:29:52"], "total_order": 1, "hotel_value": ["4.8"], "hotel_price": ["379"]}, "1948266": {"hotel_name": "\u5357\u4eac\u798f\u660c\u996d\u5e97", "order_time": ["2019-01-25 17:29:55"], "total_order": 1, "hotel_value": ["4.1"], "hotel_price": ["212"]}, "28034841": {"hotel_name": "\u5357\u4eac\u5b50\u66f0\u672a\u592e\u79c1\u5885", "order_time": ["2019-01-25 17:29:56"], "total_order": 1, "hotel_value": ["5.0"], "hotel_price": ["926"]}, "6279030": {"hotel_name": "\u5357\u4eac\u4f17\u98de\u7cbe\u54c1\u9152\u5e97", "order_time": ["2019-01-25 17:29:57"], "total_order": 1, "hotel_value": ["4.0"], "hotel_price": ["108"]}, "3003387": {"hotel_name": "\u9999\u6a1f\u56ed\u9152\u5e97\u516c\u5bd3(\u5357\u4eac\u7389\u7f18\u5e97)(\u539f\u7389\u7f18\u5bbe\u9986)", "order_time": ["2019-01-25 17:30:10"], "total_order": 1, "hotel_value": ["3.3"], "hotel_price": ["88"]}, "25680041": {"hotel_name": "\u5357\u4eac\u4e3d\u6e56\u96c5\u81f4\u7a7a\u6e2f\u9152\u5e97", "order_time": ["2019-01-25 17:30:32"], "total_order": 1, "hotel_value": ["4.7"], "hotel_price": ["418"]}, "17335837": {"hotel_name": "\u4e9a\u9526\u5f71\u9662\u4e3b\u9898\u9152\u5e97\u516c\u5bd3(\u5357\u4eac\u5929\u9686\u5bfa\u5730\u94c1\u7ad9\u96e8\u82b1\u5ba2\u5385\u5e97)", "order_time": ["2019-01-25 17:31:44"], "total_order": 1, "hotel_value": ["4.6"], "hotel_price": ["185"]}, "4733079": {"hotel_name": "\u683c\u6797\u8c6a\u6cf0(\u5357\u4eac\u7384\u6b66\u6e56\u4e2d\u5c71\u9675\u666f\u533a\u5e97)(\u539f\u6797\u4e1a\u5927\u5b66\u56fd\u5c55\u4e2d\u5fc3\u5e97)", "order_time": ["2019-01-25 17:31:45"], "total_order": 1, "hotel_value": ["4.7"], "hotel_price": ["154"]}, "17525181": {"hotel_name": "\u5357\u4eac\u5357\u7ad9\u80dc\u592a\u897f\u8def\u4e9a\u6735\u9152\u5e97", "order_time": ["2019-01-25 17:31:46"], "total_order": 1, "hotel_value": ["4.8"], "hotel_price": ["413"]}, "1376623": {"hotel_name": "\u5357\u4eac\u9999\u683c\u91cc\u62c9\u5927\u9152\u5e97", "order_time": ["2019-01-25 17:31:47", "2019-01-25 18:00:00"], "total_order": 2, "hotel_value": ["4.7", "4.7"], "hotel_price": ["991", "991"]}, "4640933": {"hotel_name": "\u6854\u5b50\u9152\u5e97\u00b7\u7cbe\u9009(\u5357\u4eac\u5b89\u5fb7\u95e8\u5e97)", "order_time": ["2019-01-25 17:31:48"], "total_order": 1, "hotel_value": ["4.9"], "hotel_price": ["279"]}, "1535639": {"hotel_name": "\u6c49\u5ead\u9152\u5e97(\u5357\u4eac\u82dc\u84ff\u56ed\u5927\u8857\u5e97)", "order_time": ["2019-01-25 17:31:52", "2019-01-25 17:39:59"], "total_order": 2, "hotel_value": ["4.5", "4.5"], "hotel_price": ["227", "227"]}, "18535191": {"hotel_name": "\u5357\u4eac\u84dd\u91d1\u516c\u5bd3", "order_time": ["2019-01-25 17:31:56"], "total_order": 1, "hotel_value": ["4.9"], "hotel_price": ["181"]}, "5431912": {"hotel_name": "\u6e05\u6c90\u8fde\u9501\u9152\u5e97(\u5357\u4eac\u5c0f\u7ea2\u5c71\u5e97)", "order_time": ["2019-01-25 17:31:59"], "total_order": 1, "hotel_value": ["3.9"], "hotel_price": ["165"]}, "1677368": {"hotel_name": "\u5357\u4eac\u82cf\u535a\u5bbe\u9986", "order_time": ["2019-01-25 17:32:05"], "total_order": 1, "hotel_value": ["3.7"], "hotel_price": ["85"]}, "1317804": {"hotel_name": "\u5357\u4eac\u4ed9\u8e2a\u62db\u5f85\u6240", "order_time": ["2019-01-25 17:32:19"], "total_order": 1, "hotel_value": ["4.5"], "hotel_price": ["100"]}, "2487134": {"hotel_name": "\u5357\u4eac\u851a\u84dd\u5bbe\u9986", "order_time": ["2019-01-25 17:32:30"], "total_order": 1, "hotel_value": [0], "hotel_price": ["86"]}, "1987603": {"hotel_name": "\u5357\u4eac\u5357\u5c71\u4e13\u5bb6\u697c", "order_time": ["2019-01-25 17:32:32"], "total_order": 1, "hotel_value": ["4.0"], "hotel_price": ["560"]}, "3029901": {"hotel_name": "\u4f0a\u85e4\u7cbe\u54c1\u9152\u5e97\u516c\u5bd3(\u5357\u4eac\u80dc\u592a\u8def\u5730\u94c1\u7ad9\u5e97)", "order_time": ["2019-01-25 17:33:52"], "total_order": 1, "hotel_value": ["4.8"], "hotel_price": ["198"]}, "1452456": {"hotel_name": "\u5982\u5bb6\u5feb\u6377\u9152\u5e97(\u5357\u4eac\u516d\u5408\u91d1\u5b81\u5e7f\u573a\u6b65\u884c\u8857\u5e97)", "order_time": ["2019-01-25 17:33:52"], "total_order": 1, "hotel_value": ["4.6"], "hotel_price": ["121"]}, "1938373": {"hotel_name": "\u9526\u6c5f\u4e4b\u661f(\u5357\u4eac\u6e05\u51c9\u95e8\u5e97)", "order_time": ["2019-01-25 17:33:52"], "total_order": 1, "hotel_value": ["4.5"], "hotel_price": ["239"]}, "811680": {"hotel_name": "\u6e05\u6c90\u7cbe\u54c1\u9152\u5e97(\u5357\u4eac\u96c6\u5e86\u95e8\u4e07\u8fbe\u5e7f\u573a\u5e97)", "order_time": ["2019-01-25 17:33:52"], "total_order": 1, "hotel_value": ["4.3"], "hotel_price": ["144"]}, "2069884": {"hotel_name": "\u5357\u4eac\u7231\u5c1a\u82b1\u56ed\u9152\u5e97\u516c\u5bd3", "order_time": ["2019-01-25 17:33:55"], "total_order": 1, "hotel_value": ["4.6"], "hotel_price": ["262"]}, "1254450": {"hotel_name": "\u5357\u4eac\u65af\u7ef4\u767b\u670d\u52a1\u516c\u5bd3(\u96e8\u6da6\u4e2d\u592e\u516c\u9986)", "order_time": ["2019-01-25 17:33:55", "2019-01-25 17:49:48"], "total_order": 2, "hotel_value": ["4.7", "4.7"], "hotel_price": ["304", "304"]}, "2624089": {"hotel_name": "\u5357\u4eac\u603b\u7edf\u5e9c\u4e9a\u6735\u9152\u5e97", "order_time": ["2019-01-25 17:43:52", "2019-01-25 17:33:55"], "total_order": 2, "hotel_value": ["4.7", "4.7"], "hotel_price": ["360", "360"]}, "435107": {"hotel_name": "\u5357\u4eac\u4e1c\u65b9\u73cd\u73e0\u996d\u5e97", "order_time": ["2019-01-25 17:39:53", "2019-01-25 17:33:55"], "total_order": 2, "hotel_value": ["4.8", "4.8"], "hotel_price": ["360", "390"]}, "8041038": {"hotel_name": "\u7ef4\u4e5f\u7eb3\u667a\u597d\u9152\u5e97(\u5357\u4eac\u6c5f\u5b81\u4e07\u8fbe\u5e7f\u573a\u5e97)", "order_time": ["2019-01-25 17:33:59"], "total_order": 1, "hotel_value": ["4.4"], "hotel_price": ["198"]}, "6762482": {"hotel_name": "\u7ea2\u67ab\u7cbe\u54c1\u9152\u5e97(\u5357\u4eac\u7ad9\u8fc8\u768b\u6865\u5730\u94c1\u7ad9\u5e97)", "order_time": ["2019-01-25 17:34:01", "2019-01-25 17:41:44"], "total_order": 2, "hotel_value": ["4.6", "4.6"], "hotel_price": ["112", "112"]}, "1674601": {"hotel_name": "\u6d77\u53cb\u9152\u5e97(\u5357\u4eac\u706b\u8f66\u7ad9\u5e97)", "order_time": ["2019-01-25 17:34:01"], "total_order": 1, "hotel_value": ["3.7"], "hotel_price": ["189"]}, "1462824": {"hotel_name": "\u80af\u5b9a\u5bbe\u9986\u8fde\u9501(\u5357\u4eac\u8fc8\u768b\u6865\u5e97)", "order_time": ["2019-01-25 17:34:02"], "total_order": 1, "hotel_value": ["4.0"], "hotel_price": ["123"]}, "1535636": {"hotel_name": "\u6c49\u5ead\u9152\u5e97(\u5357\u4eac\u6c5f\u5b81\u4e07\u8fbe\u5e97)", "order_time": ["2019-01-25 17:57:58", "2019-01-25 17:34:02"], "total_order": 2, "hotel_value": ["4.1", "4.1"], "hotel_price": ["161", "161"]}, "5249698": {"hotel_name": "\u683c\u6797\u8c6a\u6cf0\u5357\u4eac\u592b\u5b50\u5e99\u4e09\u5c71\u8857\u5730\u94c1\u7ad9\u5feb\u6377\u9152\u5e97", "order_time": ["2019-01-25 17:51:56", "2019-01-25 17:34:23"], "total_order": 2, "hotel_value": ["4.2", "4.2"], "hotel_price": ["218", "218"]}, "26428886": {"hotel_name": "\u5168\u5b63\u9152\u5e97(\u5357\u4eac\u6cb3\u897f\u535a\u89c8\u4e2d\u5fc3\u5e97)", "order_time": ["2019-01-25 17:34:39"], "total_order": 1, "hotel_value": ["4.9"], "hotel_price": ["288"]}, "1943705": {"hotel_name": "\u5357\u4eac\u6e56\u5357\u8def\u4e9a\u6735\u9152\u5e97", "order_time": ["2019-01-25 17:35:44"], "total_order": 1, "hotel_value": ["4.8"], "hotel_price": ["379"]}, "8612748": {"hotel_name": "\u5357\u4eac\u559c\u9a6c\u62c9\u96c5\u9152\u5e97\u516c\u5bd3\u5357\u7ad9\u5e97", "order_time": ["2019-01-25 17:35:44"], "total_order": 1, "hotel_value": ["4.7"], "hotel_price": ["292"]}, "7687802": {"hotel_name": "\u5357\u4eac\u767d\u65af\u7279\u9152\u5e97", "order_time": ["2019-01-25 17:35:45"], "total_order": 1, "hotel_value": ["4.6"], "hotel_price": ["298"]}, "1452386": {"hotel_name": "\u5982\u5bb6\u5feb\u6377\u9152\u5e97(\u5357\u4eac\u6c5f\u5b81\u5929\u5370\u5927\u9053\u5e97)", "order_time": ["2019-01-25 17:35:46", "2019-01-25 17:47:50"], "total_order": 2, "hotel_value": ["4.5", "4.5"], "hotel_price": ["156", "156"]}, "811704": {"hotel_name": "\u6e05\u6c90\u8fde\u9501\u9152\u5e97(\u5357\u4eac\u5c71\u897f\u8def\u4e2d\u5c71\u5317\u8def\u5e03\u6599\u57ce\u5e97)", "order_time": ["2019-01-25 17:35:47"], "total_order": 1, "hotel_value": ["4.2"], "hotel_price": ["154"]}, "7938703": {"hotel_name": "\u6e05\u6c90\u7cbe\u9009\u4e91\u9152\u5e97(\u5357\u4eac\u6797\u4e1a\u5927\u5b66\u848b\u738b\u5e99\u5e97)", "order_time": ["2019-01-25 17:35:50"], "total_order": 1, "hotel_value": ["4.6"], "hotel_price": ["179"]}, "2300953": {"hotel_name": "\u91d1\u6854\u8fde\u9501\u9152\u5e97(\u5357\u4eac\u519b\u533a\u603b\u9662\u89e3\u653e\u8def\u5e97)", "order_time": ["2019-01-25 17:35:51"], "total_order": 1, "hotel_value": ["4.4"], "hotel_price": ["109"]}, "427748": {"hotel_name": "\u6c47\u4e3d\u9152\u5e97(\u5357\u4eac\u519b\u533a\u603b\u9662\u5e97)", "order_time": ["2019-01-25 17:35:53"], "total_order": 1, "hotel_value": ["4.4"], "hotel_price": ["109"]}, "1816830": {"hotel_name": "\u6854\u5b50\u9152\u5e97\u00b7\u7cbe\u9009(\u5357\u4eac\u65b0\u8857\u53e3\u5e97)", "order_time": ["2019-01-25 17:35:53"], "total_order": 1, "hotel_value": ["4.9"], "hotel_price": ["341"]}, "21363311": {"hotel_name": "\u5357\u4eac\u52c7\u65f6\u8fbe\u5bbe\u9986", "order_time": ["2019-01-25 17:35:56"], "total_order": 1, "hotel_value": ["4.9"], "hotel_price": ["103"]}, "1452602": {"hotel_name": "\u5982\u5bb6\u5feb\u6377\u9152\u5e97(\u5357\u4eac\u8fc8\u768b\u6865\u5730\u94c1\u7ad9\u5e97)", "order_time": ["2019-01-25 17:35:56"], "total_order": 1, "hotel_value": ["4.4"], "hotel_price": ["158"]}, "7123044": {"hotel_name": "\u7984\u6dee\u5bbe\u9986(\u5357\u4eac\u7984\u53e3\u673a\u573a\u4e8c\u5e97)", "order_time": ["2019-01-25 17:35:56"], "total_order": 1, "hotel_value": ["4.7"], "hotel_price": ["138"]}, "1633059": {"hotel_name": "\u5357\u4eac\u541b\u51ef\u5927\u9152\u5e97", "order_time": ["2019-01-25 17:35:58"], "total_order": 1, "hotel_value": ["4.2"], "hotel_price": ["244"]}, "1943885": {"hotel_name": "\u683c\u6797\u8c6a\u6cf0(\u5357\u4eac\u706b\u8f66\u7ad9\u6c7d\u8f66\u603b\u7ad9\u5e97)", "order_time": ["2019-01-25 17:35:58"], "total_order": 1, "hotel_value": ["4.0"], "hotel_price": ["169"]}, "8588651": {"hotel_name": "\u5357\u4eac\u4e07\u5ea6\u5bbe\u9986", "order_time": ["2019-01-25 17:36:00"], "total_order": 1, "hotel_value": ["3.9"], "hotel_price": ["179"]}, "26619213": {"hotel_name": "\u6d77\u53cb\u9152\u5e97(\u5357\u4eac\u65b0\u6e2f\u5f00\u53d1\u533a\u5e97)", "order_time": ["2019-01-25 17:36:01"], "total_order": 1, "hotel_value": [0], "hotel_price": ["151"]}, "2892441": {"hotel_name": "7\u5929\u4f18\u54c1(\u5357\u4eac\u8fc8\u768b\u6865\u5730\u94c1\u7ad9\u6653\u5e84\u5e97)", "order_time": ["2019-01-25 17:36:01"], "total_order": 1, "hotel_value": ["4.5"], "hotel_price": ["198"]}, "1518063": {"hotel_name": "\u5357\u4eac\u592a\u6e56\u5bbe\u9986", "order_time": ["2019-01-25 17:36:02"], "total_order": 1, "hotel_value": ["4.4"], "hotel_price": ["113"]}, "1715805": {"hotel_name": "\u6613\u4f70\u9152\u5e97(\u5357\u4eac\u6c5f\u5b81\u5927\u5b66\u57ce\u6587\u9f0e\u5e7f\u573a\u5e97)", "order_time": ["2019-01-25 17:36:02", "2019-01-25 17:57:55"], "total_order": 2, "hotel_value": ["4.3", "4.3"], "hotel_price": ["93", "93"]}, "2053184": {"hotel_name": "7\u5929\u8fde\u9501\u9152\u5e97(\u5357\u4eac\u745e\u91d1\u8def\u5e97)", "order_time": ["2019-01-25 17:36:03"], "total_order": 1, "hotel_value": ["4.6"], "hotel_price": ["126"]}, "6929379": {"hotel_name": "\u5357\u4eac\u5c0f\u5e84\u82b1\u56ed\u9752\u5e74\u65c5\u820d\u65b0\u8857\u53e3\u5730\u94c1\u7ad9\u5e97", "order_time": ["2019-01-25 17:37:44"], "total_order": 1, "hotel_value": ["4.7"], "hotel_price": ["50"]}, "7528409": {"hotel_name": "\u5c1a\u5ba2\u4f18\u7cbe\u9009\u9152\u5e97(\u5357\u4eac\u5357\u7ad9\u53cc\u9f99\u5927\u9053\u5730\u94c1\u7ad9\u5e97)", "order_time": ["2019-01-25 17:37:47"], "total_order": 1, "hotel_value": ["4.5"], "hotel_price": ["201"]}, "1454411": {"hotel_name": "\u5982\u5bb6\u5feb\u6377\u9152\u5e97(\u5357\u4eac\u65b0\u8857\u53e3\u4e2d\u5fc3\u5e97)", "order_time": ["2019-01-25 17:37:48"], "total_order": 1, "hotel_value": ["4.6"], "hotel_price": ["263"]}, "4056103": {"hotel_name": "\u4e07\u7231\u60c5\u4fa3\u4e3b\u9898\u9152\u5e97(\u5357\u4eac\u592b\u5b50\u5e99\u5e97)", "order_time": ["2019-01-25 17:37:48"], "total_order": 1, "hotel_value": ["4.6"], "hotel_price": ["353"]}, "5781676": {"hotel_name": "\u9e97\u67ab\u9152\u5e97(\u5357\u4eac\u4e07\u8fbe\u5e7f\u573a\u5929\u5370\u5927\u9053\u5e97)", "order_time": ["2019-01-25 17:37:51"], "total_order": 1, "hotel_value": ["4.6"], "hotel_price": ["289"]}, "12214422": {"hotel_name": "\u5357\u4eac\u4e0d\u671f\u800c\u5bd3\u9152\u5e97\u516c\u5bd3", "order_time": ["2019-01-25 17:37:54"], "total_order": 1, "hotel_value": ["4.7"], "hotel_price": ["213"]}, "18446716": {"hotel_name": "\u6021\u83b1\u9152\u5e97(\u5357\u4eac\u4ed9\u6797\u5927\u5b66\u57ce\u5e97)", "order_time": ["2019-01-25 17:38:08"], "total_order": 1, "hotel_value": ["4.4"], "hotel_price": ["379"]}, "22420640": {"hotel_name": "\u5357\u4eac\u7fe0\u6d32\u82b3\u8c37\u5047\u65e5\u9152\u5e97", "order_time": ["2019-01-25 17:38:14"], "total_order": 1, "hotel_value": [0], "hotel_price": ["115"]}, "8574618": {"hotel_name": "\u5c1a\u5ba2\u4f18\u9a8f\u6021\u8fde\u9501\u9152\u5e97(\u5357\u4eac\u7984\u53e3\u673a\u573a\u5e97)(\u539f\u80dc\u4f3c\u95f2\u5ead\u9152\u5e97)", "order_time": ["2019-01-25 17:38:15"], "total_order": 1, "hotel_value": ["4.7"], "hotel_price": ["156"]}, "7919190": {"hotel_name": "\u5357\u4eac\u8354\u679d\u7cbe\u54c1\u516c\u5bd3", "order_time": ["2019-01-25 17:38:17"], "total_order": 1, "hotel_value": ["4.2"], "hotel_price": ["161"]}, "21936730": {"hotel_name": "\u5357\u4eac\u5927\u5730\u541b\u60a6\u9152\u5e97", "order_time": ["2019-01-25 17:39:48"], "total_order": 1, "hotel_value": ["4.6"], "hotel_price": ["293"]}, "2269032": {"hotel_name": "\u9e97\u67ab\u9152\u5e97(\u5357\u4eac\u6c34\u897f\u95e8\u5927\u8857\u5e97)", "order_time": ["2019-01-25 17:39:50"], "total_order": 1, "hotel_value": ["4.7"], "hotel_price": ["307"]}, "689773": {"hotel_name": "\u5357\u4eac\u949f\u5c71\u5bbe\u9986(\u6c5f\u82cf\u7701\u4f1a\u8bae\u4e2d\u5fc3)", "order_time": ["2019-01-25 17:39:50"], "total_order": 1, "hotel_value": ["4.7"], "hotel_price": ["686"]}, "939318": {"hotel_name": "\u73cd\u5b9d\u5047\u65e5\u996d\u5e97(\u5357\u4eac\u5965\u4f53\u4e2d\u5fc3\u5e97)", "order_time": ["2019-01-25 17:39:55"], "total_order": 1, "hotel_value": ["4.5"], "hotel_price": ["382"]}, "1017214": {"hotel_name": "\u5357\u4eac\u9752\u6a28\u9601\u5bbe\u9986", "order_time": ["2019-01-25 17:39:58"], "total_order": 1, "hotel_value": ["3.6"], "hotel_price": ["111"]}, "1774379": {"hotel_name": "\u6c49\u5ead\u9152\u5e97(\u5357\u4eac\u677f\u4ed3\u848b\u738b\u5e99\u5730\u94c1\u7ad9\u5e97)(\u539f\u677f\u4ed3\u8857\u5e97)", "order_time": ["2019-01-25 17:39:58"], "total_order": 1, "hotel_value": ["4.1"], "hotel_price": ["208"]}, "13800510": {"hotel_name": "\u5357\u4eac\u6613\u4f70\u826f\u54c1\u9152\u5e97(\u7984\u53e3\u673a\u573a\u5e97)", "order_time": ["2019-01-25 17:39:59"], "total_order": 1, "hotel_value": ["4.8"], "hotel_price": ["103"]}, "795217": {"hotel_name": "\u5982\u5bb6\u7cbe\u9009\u9152\u5e97(\u5357\u4eac\u65b0\u8857\u53e3\u5e97)", "order_time": ["2019-01-25 17:40:18"], "total_order": 1, "hotel_value": ["4.7"], "hotel_price": ["340"]}, "1532041": {"hotel_name": "\u8d85\u7fa4\u7cbe\u9009\u9152\u5e97(\u5357\u4eac\u4e2d\u5c71\u9675\u666f\u533a\u5e97)", "order_time": ["2019-01-25 17:40:37"], "total_order": 1, "hotel_value": ["4.3"], "hotel_price": ["169"]}, "21688385": {"hotel_name": "\u5357\u4eacK HOTEL\u9152\u5e97", "order_time": ["2019-01-25 17:41:44"], "total_order": 1, "hotel_value": ["4.8"], "hotel_price": ["418"]}, "20271516": {"hotel_name": "\u5357\u4eac\u53c8\u89c1\u6c5f\u5357\u6c11\u5bbf", "order_time": ["2019-01-25 17:41:46"], "total_order": 1, "hotel_value": ["4.9"], "hotel_price": ["1382"]}, "22419747": {"hotel_name": "\u7ef4\u4e5f\u7eb3\u9152\u5e97(\u5357\u4eac\u542f\u8fea\u5927\u8857\u5e97)", "order_time": ["2019-01-25 17:41:46", "2019-01-25 17:51:59"], "total_order": 2, "hotel_value": ["4.7", "4.7"], "hotel_price": ["218", "241"]}, "426068": {"hotel_name": "\u5357\u4eac\u5f00\u5143\u5927\u9152\u5e97", "order_time": ["2019-01-25 17:41:50"], "total_order": 1, "hotel_value": ["4.7"], "hotel_price": ["399"]}, "901878": {"hotel_name": "\u6613\u4f70\u8fde\u9501\u65c5\u5e97(\u5357\u4eac\u5357\u7ad9\u8bda\u4fe1\u5927\u9053\u5730\u94c1\u7ad9\u5e97)", "order_time": ["2019-01-25 17:41:53"], "total_order": 1, "hotel_value": ["4.2"], "hotel_price": ["109"]}, "1649079": {"hotel_name": "\u80af\u5b9a\u5bbe\u9986\u8fde\u9501(\u5357\u4eac\u6e56\u5357\u8def\u72ee\u5b50\u6865\u5e97)", "order_time": ["2019-01-25 17:42:02"], "total_order": 1, "hotel_value": ["3.8"], "hotel_price": ["116"]}, "5782164": {"hotel_name": "\u5357\u4eac\u6d66\u53e3\u60a6\u8fbe\u5bbe\u9986", "order_time": ["2019-01-25 17:42:03"], "total_order": 1, "hotel_value": ["3.6"], "hotel_price": ["95"]}, "1770880": {"hotel_name": "\u5357\u4eac\u534e\u90fd\u5546\u52a1\u5bbe\u9986", "order_time": ["2019-01-25 17:42:09"], "total_order": 1, "hotel_value": ["3.9"], "hotel_price": ["84"]}, "5242512": {"hotel_name": "\u5c1acheng\u4f18\u9009\u9152\u5e97(\u5357\u4eac\u7984\u53e3\u673a\u573a\u5e97)", "order_time": ["2019-01-25 17:43:46"], "total_order": 1, "hotel_value": ["3.9"], "hotel_price": ["168"]}, "9628580": {"hotel_name": "\u7eb3\u7ef4\u4e9a\u9152\u5e97\u516c\u5bd3(\u5357\u4eac\u5357\u7ad9\u5e97)", "order_time": ["2019-01-25 17:43:46", "2019-01-25 17:49:49"], "total_order": 2, "hotel_value": ["4.7", "4.7"], "hotel_price": ["271", "271"]}, "859236": {"hotel_name": "\u6c49\u5ead\u9152\u5e97(\u5357\u4eac\u65b0\u8857\u53e3\u534e\u4fa8\u8def\u5e97)", "order_time": ["2019-01-25 17:43:46"], "total_order": 1, "hotel_value": ["4.3"], "hotel_price": ["208"]}, "1462789": {"hotel_name": "\u80af\u5b9a\u00b7\u89c2\u7f8e\u9152\u5e97(\u5357\u4eac\u65b0\u8857\u53e3\u91d1\u878d\u4e2d\u5fc3\u4e2d\u592e\u5546\u573a\u5e97)", "order_time": ["2019-01-25 17:43:49"], "total_order": 1, "hotel_value": ["4.6"], "hotel_price": ["188"]}, "4957374": {"hotel_name": "Zsmart\u667a\u5c1a\u9152\u5e97(\u5357\u4eac\u592b\u5b50\u5e99\u5927\u5149\u8def\u5e97)", "order_time": ["2019-01-25 17:43:49"], "total_order": 1, "hotel_value": ["4.5"], "hotel_price": ["245"]}, "4647024": {"hotel_name": "\u5357\u4eac\u4e24\u68f5\u6787\u6777\u6811\u82b1\u56ed\u9152\u5e97", "order_time": ["2019-01-25 17:43:50"], "total_order": 1, "hotel_value": ["4.5"], "hotel_price": ["372"]}, "1453801": {"hotel_name": "\u5982\u5bb6\u5feb\u6377\u9152\u5e97(\u5357\u4eac\u957f\u9014\u6c7d\u8f66\u4e1c\u7ad9\u6797\u4e1a\u5927\u5b66\u65b0\u5e84\u5730\u94c1\u7ad9\u5e97)", "order_time": ["2019-01-25 17:43:51"], "total_order": 1, "hotel_value": ["4.5"], "hotel_price": ["189"]}, "2298282": {"hotel_name": "\u6c5f\u82cf\u996d\u5e97", "order_time": ["2019-01-25 17:43:53"], "total_order": 1, "hotel_value": ["4.8"], "hotel_price": ["508"]}, "1619265": {"hotel_name": "\u5357\u4eac\u6e2f\u9645\u5927\u9152\u5e97(\u592b\u5b50\u5e99\u5e97)", "order_time": ["2019-01-25 17:43:53"], "total_order": 1, "hotel_value": ["4.4"], "hotel_price": ["199"]}, "1828824": {"hotel_name": "\u65b0\u5730\u9152\u5e97(\u5357\u4eac\u65b0\u5730\u4ed9\u6797\u4e2d\u5fc3\u5e97)", "order_time": ["2019-01-25 17:45:42"], "total_order": 1, "hotel_value": ["4.8"], "hotel_price": ["809"]}, "1211088": {"hotel_name": "\u83ab\u6cf0168(\u5357\u4eac\u65b0\u8857\u53e3\u5546\u4e1a\u4e2d\u5fc3\u660e\u74e6\u5eca\u5e97)", "order_time": ["2019-01-25 17:45:42"], "total_order": 1, "hotel_value": ["4.5"], "hotel_price": ["242"]}, "13658367": {"hotel_name": "\u4e50\u4f18\u5c45\u7cbe\u54c1\u516c\u5bd3\uff08\u5357\u4eac\u96e8\u82b1\u5ba2\u5385\u5e97\uff09", "order_time": ["2019-01-25 17:47:49"], "total_order": 1, "hotel_value": ["4.8"], "hotel_price": ["214"]}, "434620": {"hotel_name": "\u5357\u4eac\u56fd\u9645\u4f1a\u8bae\u5927\u9152\u5e97", "order_time": ["2019-01-25 17:49:47"], "total_order": 1, "hotel_value": ["4.4"], "hotel_price": ["461"]}, "2105409": {"hotel_name": "\u5357\u4eac\u7d2b\u8346\u56fd\u9645\u9152\u5e97\u516c\u5bd3", "order_time": ["2019-01-25 17:49:47"], "total_order": 1, "hotel_value": ["4.6"], "hotel_price": ["193"]}, "6072698": {"hotel_name": "\u5357\u4eac\u7231\u4e01\u5821\u996d\u5e97", "order_time": ["2019-01-25 17:49:48"], "total_order": 1, "hotel_value": ["4.7"], "hotel_price": ["298"]}, "16789957": {"hotel_name": "\u5357\u4eac\u6c64\u5c71\u4e00\u54c1\u6e29\u6cc9\u9152\u5e97", "order_time": ["2019-01-25 17:49:49"], "total_order": 1, "hotel_value": ["4.4"], "hotel_price": ["502"]}, "5980274": {"hotel_name": "\u5357\u4eac\u7984\u822a\u5bbe\u9986\u7984\u53e3\u673a\u573a\u4e8c\u5e97", "order_time": ["2019-01-25 18:03:48", "2019-01-25 17:51:44"], "total_order": 2, "hotel_value": ["4.5", "4.5"], "hotel_price": ["111", "111"]}, "2250169": {"hotel_name": "\u80af\u5b9a\u8fde\u9501\u9152\u5e97(\u5357\u4eac\u65b0\u8857\u53e3\u82cf\u5b81\u751f\u6d3b\u5e7f\u573a\u4e00\u5e97)", "order_time": ["2019-01-25 17:51:44"], "total_order": 1, "hotel_value": ["4.1"], "hotel_price": ["148"]}, "1636165": {"hotel_name": "\u5357\u4eac\u5927\u5bcc\u8c6a\u5bbe\u9986", "order_time": ["2019-01-25 17:51:45"], "total_order": 1, "hotel_value": ["4.1"], "hotel_price": ["160"]}, "11932474": {"hotel_name": "\u5357\u4eac\u4e3d\u90fd\u9152\u5e97", "order_time": ["2019-01-25 17:51:46"], "total_order": 1, "hotel_value": ["4.6"], "hotel_price": ["298"]}, "1454476": {"hotel_name": "\u5982\u5bb6\u5546\u65c5\u9152\u5e97(\u5357\u4eac\u65b0\u57ce\u5e02\u5e7f\u573a\u9f99\u6c5f\u5730\u94c1\u7ad9\u5e97)", "order_time": ["2019-01-25 17:51:49"], "total_order": 1, "hotel_value": ["4.6"], "hotel_price": ["341"]}, "8901014": {"hotel_name": "\u5982\u5bb6\u5feb\u6377\u9152\u5e97(\u5357\u4eac\u4e94\u5858\u5e7f\u573a\u5730\u94c1\u7ad9\u5e97)", "order_time": ["2019-01-25 17:51:49"], "total_order": 1, "hotel_value": ["4.6"], "hotel_price": ["254"]}, "18055590": {"hotel_name": "\u7f8e\u5e74\u534e\u56fd\u9645\u670d\u52a1\u5f0f\u516c\u5bd3(\u5357\u4eac\u96e8\u82b1\u5ba2\u5385\u5929\u9686\u5bfa\u5730\u94c1\u7ad9\u5e97)", "order_time": ["2019-01-25 17:51:49"], "total_order": 1, "hotel_value": ["4.7"], "hotel_price": ["194"]}, "1457011": {"hotel_name": "\u5982\u5bb6\u5feb\u6377\u9152\u5e97(\u5357\u4eac\u6c49\u4e2d\u95e8\u5730\u94c1\u7ad9\u5e02\u6c11\u5e7f\u573a\u864e\u8e1e\u5357\u8def\u5e97)", "order_time": ["2019-01-25 17:59:48", "2019-01-25 17:51:49"], "total_order": 2, "hotel_value": ["4.6", "4.6"], "hotel_price": ["189", "189"]}, "17883764": {"hotel_name": "\u683c\u6797\u8054\u76df\u9152\u5e97(\u5357\u4eac\u83ab\u6101\u6e56\u5e97)", "order_time": ["2019-01-25 17:51:50"], "total_order": 1, "hotel_value": ["4.4"], "hotel_price": ["194"]}, "5244513": {"hotel_name": "\u5357\u4eac\u51e4\u897f\u5bbe\u9986", "order_time": ["2019-01-25 17:51:50"], "total_order": 1, "hotel_value": ["4.2"], "hotel_price": ["307"]}, "2300722": {"hotel_name": "7\u5929\u8fde\u9501\u9152\u5e97(\u5357\u4eac\u73e0\u6c5f\u8def\u5730\u94c1\u7ad9\u5e97)", "order_time": ["2019-01-25 17:51:51"], "total_order": 1, "hotel_value": ["4.1"], "hotel_price": ["189"]}, "6870672": {"hotel_name": "Q\u52a0\u00b7\u8303\u6cf0\u65af\u7279\u9152\u5e97(\u5357\u4eac\u5357\u7ad9\u5e97)", "order_time": ["2019-01-25 17:51:51"], "total_order": 1, "hotel_value": ["4.7"], "hotel_price": ["183"]}, "1938358": {"hotel_name": "\u9526\u6c5f\u4e4b\u661f(\u5357\u4eac\u4e2d\u534e\u95e8\u5e97)", "order_time": ["2019-01-25 17:51:52"], "total_order": 1, "hotel_value": ["4.4"], "hotel_price": ["179"]}, "430159": {"hotel_name": "\u5357\u4eac\u7384\u6b66\u82cf\u5b81\u8bfa\u5bcc\u7279\u9152\u5e97", "order_time": ["2019-01-25 17:51:52", "2019-01-25 17:53:51"], "total_order": 2, "hotel_value": ["4.7", "4.7"], "hotel_price": ["628", "628"]}, "1632851": {"hotel_name": "\u6854\u5b50\u6c34\u6676\u9152\u5e97(\u5357\u4eac\u9038\u4ed9\u6865\u603b\u7edf\u5e9c\u6885\u56ed\u65b0\u6751\u5e97)", "order_time": ["2019-01-25 17:51:52"], "total_order": 1, "hotel_value": ["4.9"], "hotel_price": ["465"]}, "6829643": {"hotel_name": "\u5357\u4eac\u666f\u60a6\u5546\u52a1\u5bbe\u9986", "order_time": ["2019-01-25 17:51:53"], "total_order": 1, "hotel_value": ["4.0"], "hotel_price": ["163"]}, "2488992": {"hotel_name": "\u6854\u5b50\u6c34\u6676\u9152\u5e97(\u5357\u4eac\u5965\u4f53\u4e2d\u80dc\u56fd\u9645\u535a\u89c8\u4e2d\u5fc3\u5e97)", "order_time": ["2019-01-25 17:51:54"], "total_order": 1, "hotel_value": ["4.9"], "hotel_price": ["455"]}, "4604055": {"hotel_name": "\u5c1a\u5ba2\u4f18\u8fde\u9501\u9152\u5e97(\u5357\u4eac\u592b\u5b50\u5e99\u6c34\u6e38\u57ce\u5e97)", "order_time": ["2019-01-25 17:51:54"], "total_order": 1, "hotel_value": ["4.1"], "hotel_price": ["170"]}, "473491": {"hotel_name": "\u9526\u6c5f\u4e4b\u661f(\u5357\u4eac\u706b\u8f66\u7ad9\u4e2d\u592e\u95e8\u5e97)", "order_time": ["2019-01-25 17:51:54"], "total_order": 1, "hotel_value": ["4.4"], "hotel_price": ["169"]}, "531790": {"hotel_name": "Zsmart\u667a\u5c1a\u9152\u5e97(\u5357\u4eac\u592b\u5b50\u5e99\u5e97)", "order_time": ["2019-01-25 17:51:54"], "total_order": 1, "hotel_value": ["4.6"], "hotel_price": ["254"]}, "971089": {"hotel_name": "\u5168\u5b63\u9152\u5e97(\u5357\u4eac\u65b0\u8857\u53e3\u5e97)", "order_time": ["2019-01-25 17:51:56", "2019-01-25 18:03:46"], "total_order": 2, "hotel_value": ["4.5", "4.5"], "hotel_price": ["341", "341"]}, "4498594": {"hotel_name": "\u548c\u9890\u81f3\u683c\u9152\u5e97(\u5357\u4eac\u67f3\u5dde\u5317\u8def\u5f18\u9633\u5e7f\u573a\u5e97)(\u539f\u8c6a\u7235\u7cbe\u54c1\u9152\u5e97)", "order_time": ["2019-01-25 17:51:56"], "total_order": 1, "hotel_value": ["4.7"], "hotel_price": ["231"]}, "1891580": {"hotel_name": "\u901f8\u9152\u5e97(\u5357\u4eac\u91d1\u9675\u603b\u7edf\u5e9c\u5e97)(\u539f\u5357\u4eac\u821c\u5929\u603b\u7edf\u5e9c\u5e97)", "order_time": ["2019-01-25 17:51:57"], "total_order": 1, "hotel_value": ["4.3"], "hotel_price": ["373"]}, "3730005": {"hotel_name": "\u548c\u9890\u9152\u5e97(\u5357\u4eac\u4e2d\u5c71\u4e1c\u8def\u660e\u6545\u5bab\u5730\u94c1\u7ad9\u5e97)", "order_time": ["2019-01-25 17:52:00"], "total_order": 1, "hotel_value": ["4.6"], "hotel_price": ["298"]}, "19596107": {"hotel_name": "\u6e05\u6c90\u7cbe\u9009\u9152\u5e97(\u5357\u4eac\u5927\u5382\u845b\u5858\u5730\u94c1\u7ad9\u5e97)", "order_time": ["2019-01-25 17:52:00"], "total_order": 1, "hotel_value": ["4.8"], "hotel_price": ["210"]}, "2941828": {"hotel_name": "\u94c2\u7eb3\u5c4b\u6e56\u666f\u516c\u5bd3(\u5357\u4eac\u7384\u6b66\u6e56\u5e97)", "order_time": ["2019-01-25 17:52:00"], "total_order": 1, "hotel_value": ["4.3"], "hotel_price": ["296"]}, "8574568": {"hotel_name": "\u5357\u4eac\u9f0e\u8c6a\u5546\u52a1\u5bbe\u9986", "order_time": ["2019-01-25 17:52:00"], "total_order": 1, "hotel_value": ["4.0"], "hotel_price": ["198"]}, "2071053": {"hotel_name": "\u5357\u4eac\u5fa1\u666f\u6e7e\u9152\u5e97\u516c\u5bd3", "order_time": ["2019-01-25 17:52:00"], "total_order": 1, "hotel_value": ["4.7"], "hotel_price": ["294"]}, "1646155": {"hotel_name": "\u5357\u4eac\u53cc\u724c\u77f3\u5bbe\u9986", "order_time": ["2019-01-25 17:52:10"], "total_order": 1, "hotel_value": ["4.1"], "hotel_price": ["73"]}, "4728617": {"hotel_name": "\u5357\u4eac\u963f\u73b2\u65c5\u9986", "order_time": ["2019-01-25 17:52:20"], "total_order": 1, "hotel_value": [0], "hotel_price": ["72"]}, "6060782": {"hotel_name": "\u5357\u4eac\u5609\u5229\u5bb6\u65c5\u5e97", "order_time": ["2019-01-25 17:52:21"], "total_order": 1, "hotel_value": [0], "hotel_price": ["89"]}, "9580290": {"hotel_name": "\u5357\u4eac\u4e0a\u79e6\u6dee\u5047\u65e5\u9152\u5e97", "order_time": ["2019-01-25 18:02:28", "2019-01-25 17:52:40"], "total_order": 2, "hotel_value": ["4.8", "4.8"], "hotel_price": ["600", "600"]}, "427725": {"hotel_name": "\u83ab\u6cf0168(\u5357\u4eac\u65b0\u8857\u53e3\u6c49\u4e2d\u8def\u533b\u79d1\u5927\u5b66\u5e97)", "order_time": ["2019-01-25 17:52:41"], "total_order": 1, "hotel_value": ["4.6"], "hotel_price": ["227"]}, "1950625": {"hotel_name": "\u80af\u5b9a\u5bbe\u9986\u8fde\u9501(\u5357\u4eac\u9c7c\u5e02\u8857\u5e97)", "order_time": ["2019-01-25 17:53:48"], "total_order": 1, "hotel_value": ["3.9"], "hotel_price": ["128"]}, "2173792": {"hotel_name": "\u5982\u5bb6\u5feb\u6377\u9152\u5e97(\u5357\u4eac\u65b0\u8857\u53e3\u5927\u884c\u5bab\u5730\u94c1\u7ad9\u603b\u7edf\u5e9c\u5e97)", "order_time": ["2019-01-25 17:53:50"], "total_order": 1, "hotel_value": ["4.6"], "hotel_price": ["193"]}, "369707": {"hotel_name": "\u5357\u4eac\u6717\u6607\u5e0c\u5c14\u987f\u9152\u5e97", "order_time": ["2019-01-25 17:53:51"], "total_order": 1, "hotel_value": ["4.7"], "hotel_price": ["897"]}, "8838971": {"hotel_name": "\u5357\u4eac\u592b\u5b50\u5e99\u4e9a\u6735\u9152\u5e97", "order_time": ["2019-01-25 17:53:51"], "total_order": 1, "hotel_value": ["4.9"], "hotel_price": ["399"]}, "1465490": {"hotel_name": "\u5357\u4eac\u94f6\u767e\u5feb\u6377\u9152\u5e97", "order_time": ["2019-01-25 17:53:51"], "total_order": 1, "hotel_value": ["3.4"], "hotel_price": ["63"]}, "707996": {"hotel_name": "\u5357\u4eac\u68ee\u9686\u6e29\u6cc9\u5ea6\u5047\u9152\u5e97", "order_time": ["2019-01-25 17:53:52"], "total_order": 1, "hotel_value": ["4.4"], "hotel_price": ["540"]}, "1686822": {"hotel_name": "\u5bcc\u9a7f\u65f6\u5c1a\u9152\u5e97(\u5357\u4eac\u6c5f\u5b81\u5e97)", "order_time": ["2019-01-25 17:53:52"], "total_order": 1, "hotel_value": ["4.3"], "hotel_price": ["183"]}, "427757": {"hotel_name": "\u83ab\u6cf0168(\u5357\u4eac\u592b\u5b50\u5e99\u5927\u5149\u8def\u5e97)", "order_time": ["2019-01-25 17:53:52"], "total_order": 1, "hotel_value": ["4.4"], "hotel_price": ["166"]}, "28232665": {"hotel_name": "\u5357\u4eac\u94c2\u9526\u9152\u5e97\u516c\u5bd3", "order_time": ["2019-01-25 17:53:54"], "total_order": 1, "hotel_value": ["4.9"], "hotel_price": ["270"]}, "1688221": {"hotel_name": "\u5357\u4eac\u9999\u683c\u4e91\u5929\u5bbe\u9986", "order_time": ["2019-01-25 17:53:54"], "total_order": 1, "hotel_value": ["4.3"], "hotel_price": ["83"]}, "4706465": {"hotel_name": "\u5357\u4eac\u827a\u672f\u5bb6\u9152\u5e97", "order_time": ["2019-01-25 17:53:54"], "total_order": 1, "hotel_value": ["4.4"], "hotel_price": ["183"]}, "9213689": {"hotel_name": "\u7ef4\u4e5f\u7eb3\u9152\u5e97(\u5357\u4eac\u6d66\u73e0\u4e2d\u8def\u5e97)", "order_time": ["2019-01-25 17:53:54"], "total_order": 1, "hotel_value": ["4.7"], "hotel_price": ["288"]}, "8290853": {"hotel_name": "\u6c49\u5ead\u9152\u5e97(\u5357\u4eac\u7984\u53e3\u6765\u51e4\u8def\u5e97)", "order_time": ["2019-01-25 17:53:55"], "total_order": 1, "hotel_value": ["4.5"], "hotel_price": ["208"]}, "482289": {"hotel_name": "\u5357\u4eac\u4e2d\u592e\u996d\u5e97", "order_time": ["2019-01-25 17:53:55"], "total_order": 1, "hotel_value": ["4.4"], "hotel_price": ["430"]}, "6981964": {"hotel_name": "\u5357\u4eac\u7231\u5c1a\u4e3b\u9898\u5bbe\u9986", "order_time": ["2019-01-25 17:53:55"], "total_order": 1, "hotel_value": ["4.5"], "hotel_price": ["170"]}, "474287": {"hotel_name": "\u5357\u4eac\u6625\u5e38\u5728\u5047\u65e5\u9152\u5e97", "order_time": ["2019-01-25 17:53:57"], "total_order": 1, "hotel_value": ["3.9"], "hotel_price": ["124"]}, "28014747": {"hotel_name": "\u5357\u4eac\u4e1c\u5357\u9752\u5e74\u6c47\u00b7\u94f6\u57ce\u4f73\u9047\u670d\u52a1\u5f0f\u516c\u5bd3", "order_time": ["2019-01-25 17:53:57"], "total_order": 1, "hotel_value": [0], "hotel_price": ["145"]}, "534064": {"hotel_name": "\u683c\u6797\u8c6a\u6cf0(\u5357\u4eac\u5c71\u897f\u8def\u5e97)", "order_time": ["2019-01-25 17:53:58"], "total_order": 1, "hotel_value": ["3.5"], "hotel_price": ["170"]}, "28363316": {"hotel_name": "\u6854\u5b50\u9152\u5e97\u00b7\u7cbe\u9009(\u5357\u4eac\u706b\u8f66\u5357\u7ad9\u767e\u5bb6\u6e56\u5e97)", "order_time": ["2019-01-25 17:53:58"], "total_order": 1, "hotel_value": [0], "hotel_price": ["341"]}, "4732994": {"hotel_name": "\u5982\u5bb6\u5feb\u6377\u9152\u5e97(\u5357\u4eac\u5965\u4f53\u4e2d\u5fc3\u9ec4\u5c71\u8def\u5e97)", "order_time": ["2019-01-25 17:53:58"], "total_order": 1, "hotel_value": ["4.0"], "hotel_price": ["246"]}, "8641829": {"hotel_name": "\u5357\u4eac\u7396\u6708\u82b1\u5f00\u9752\u5e74\u65c5\u820d", "order_time": ["2019-01-25 17:53:58"], "total_order": 1, "hotel_value": ["4.5"], "hotel_price": ["43"]}, "2472505": {"hotel_name": "\u5357\u4eac\u7231\u60c5\u6d77\u4e3b\u9898\u9152\u5e97(\u539f\u60a6\u5ba2\u4e3b\u9898\u9152\u5e97\u516c\u5bd3)", "order_time": ["2019-01-25 17:54:03"], "total_order": 1, "hotel_value": ["4.5"], "hotel_price": ["233"]}, "433892": {"hotel_name": "\u82b3\u5609\u56ed\u9152\u5e97\u516c\u5bd3(\u5357\u4eac\u57ce\u5f00\u56fd\u9645\u5e97)", "order_time": ["2019-01-25 17:54:05"], "total_order": 1, "hotel_value": ["3.8"], "hotel_price": ["144"]}, "6109160": {"hotel_name": "\u5357\u4eac\u4eab\u7b51\u9152\u5e97\u516c\u5bd3", "order_time": ["2019-01-25 17:54:08"], "total_order": 1, "hotel_value": ["4.5"], "hotel_price": ["242"]}, "14620527": {"hotel_name": "\u5168\u5b63\u9152\u5e97(\u5357\u4eac\u5357\u7ad9\u5e97)", "order_time": ["2019-01-25 17:54:28"], "total_order": 1, "hotel_value": ["4.6"], "hotel_price": ["370"]}, "901996": {"hotel_name": "\u6e05\u6c90\u7cbe\u54c1\u9152\u5e97(\u6c64\u5c71\u6e29\u6cc9\u5e97)(\u539f\u76ca\u6cc9\u5bbe\u9986)", "order_time": ["2019-01-25 17:55:49"], "total_order": 1, "hotel_value": ["4.5"], "hotel_price": ["154"]}, "5236895": {"hotel_name": "99\u65c5\u9986\u8fde\u9501(\u5357\u4eac\u80dc\u592a\u8def\u5730\u94c1\u7ad9\u5e97)", "order_time": ["2019-01-25 17:55:53"], "total_order": 1, "hotel_value": ["4.2"], "hotel_price": ["114"]}, "24538529": {"hotel_name": "\u5357\u4eac\u5723\u548c\u6587\u5316\u4ea4\u6d41\u4e2d\u5fc3", "order_time": ["2019-01-25 17:55:54"], "total_order": 1, "hotel_value": ["4.8"], "hotel_price": ["299"]}, "5237976": {"hotel_name": "\u4e1c\u80dc\u5546\u52a1\u5bbe\u9986(\u5357\u4eac\u4e1c\u5357\u5927\u5b66\u5e97)", "order_time": ["2019-01-25 17:55:57"], "total_order": 1, "hotel_value": ["4.2"], "hotel_price": ["138"]}, "25740191": {"hotel_name": "\u6e05\u6c90\u7cbe\u54c1\u9152\u5e97(\u5357\u4eac\u7984\u53e3\u6765\u51e4\u8def\u5e97)", "order_time": ["2019-01-25 17:56:02"], "total_order": 1, "hotel_value": ["4.7"], "hotel_price": ["168"]}, "1773319": {"hotel_name": "\u6d77\u53cb\u9152\u5e97(\u5357\u4eac\u592b\u5b50\u5e99\u4e2d\u5fc3\u5e97)", "order_time": ["2019-01-25 17:56:02"], "total_order": 1, "hotel_value": ["4.1"], "hotel_price": ["151"]}, "2707009": {"hotel_name": "\u6613\u4f70\u9152\u5e97(\u5357\u4eac\u6cb3\u6d77\u5927\u5b66\u5730\u94c1\u7ad9\u5e97)", "order_time": ["2019-01-25 17:56:05"], "total_order": 1, "hotel_value": ["4.2"], "hotel_price": ["134"]}, "2190501": {"hotel_name": "\u5357\u4eac\u5c71\u6942\u6811\u5546\u52a1\u5bbe\u9986", "order_time": ["2019-01-25 17:56:06"], "total_order": 1, "hotel_value": ["4.2"], "hotel_price": ["93"]}, "6870682": {"hotel_name": "\u5357\u4eac\u541b\u68b5\u5546\u52a1\u5bbe\u9986", "order_time": ["2019-01-25 17:56:17"], "total_order": 1, "hotel_value": ["4.4"], "hotel_price": ["83"]}, "6480268": {"hotel_name": "\u80af\u5b9a\u7cbe\u9009\u9152\u5e97(\u5357\u4eac\u660e\u53d1\u5e7f\u573a\u5e97)(\u539f\u5b9c\u4f70\u9152\u5e97)", "order_time": ["2019-01-25 17:56:19"], "total_order": 1, "hotel_value": ["4.3"], "hotel_price": ["193"]}, "14951207": {"hotel_name": "\u5357\u4eac\u6c64\u5c71\u5320\u6751\u5367\u9999\u6e29\u6cc9\u6c11\u5bbf", "order_time": ["2019-01-25 17:57:48"], "total_order": 1, "hotel_value": ["4.9"], "hotel_price": ["983"]}, "798937": {"hotel_name": "\u5357\u4eac\u592b\u5b50\u5e99\u56fd\u9645\u9752\u5e74\u65c5\u820d", "order_time": ["2019-01-25 17:57:51"], "total_order": 1, "hotel_value": ["4.1"], "hotel_price": ["57"]}, "16096817": {"hotel_name": "\u5609\u7f8e\u00b7\u5f71\u9662\u9152\u5e97(\u5357\u4eac\u5357\u7ad9\u5929\u9686\u5bfa\u5730\u94c1\u7ad9\u5e97)(\u539f\u68a7\u6850\u5bd3\u00b7\u5f71\u9662\u9152\u5e97)", "order_time": ["2019-01-25 17:57:51"], "total_order": 1, "hotel_value": ["4.8"], "hotel_price": ["288"]}, "1535647": {"hotel_name": "\u6c49\u5ead\u9152\u5e97(\u5357\u4eac\u4e2d\u5c71\u9675\u4e0b\u9a6c\u574a\u5730\u94c1\u7ad9\u5e97)(\u539f\u4e2d\u5c71\u98ce\u666f\u533a\u5e97)", "order_time": ["2019-01-25 17:57:55"], "total_order": 1, "hotel_value": ["4.3"], "hotel_price": ["227"]}, "5375999": {"hotel_name": "\u683c\u6797\u8054\u76df\u9152\u5e97(\u5357\u4eac\u5357\u7ad9\u660e\u53d1\u5e7f\u573a\u5e97)", "order_time": ["2019-01-25 17:58:01"], "total_order": 1, "hotel_value": ["4.2"], "hotel_price": ["246"]}, "21794249": {"hotel_name": "\u5357\u4eac\u68a6\u90fd\u5546\u52a1\u9152\u5e97", "order_time": ["2019-01-25 17:58:02"], "total_order": 1, "hotel_value": ["4.9"], "hotel_price": ["90"]}, "1642732": {"hotel_name": "\u5357\u4eac\u5929\u7c41\u5bbe\u9986", "order_time": ["2019-01-25 17:58:12"], "total_order": 1, "hotel_value": ["4.3"], "hotel_price": ["138"]}, "1949861": {"hotel_name": "\u5e03\u4e01\u9152\u5e97(\u5357\u4eac\u5965\u4f53\u5e90\u5c71\u8def\u5e97)(\u539f\u6e05\u5ead\u5546\u52a1\u5bbe\u9986)", "order_time": ["2019-01-25 17:58:23"], "total_order": 1, "hotel_value": ["3.9"], "hotel_price": ["127"]}, "4009967": {"hotel_name": "\u5357\u4eac\u8fdc\u4e1c\u5047\u65e5\u9152\u5e97", "order_time": ["2019-01-25 17:59:43"], "total_order": 1, "hotel_value": ["4.0"], "hotel_price": ["163"]}, "604656": {"hotel_name": "\u5357\u4eac\u91d1\u9675\u4e4b\u661f\u5927\u9152\u5e97", "order_time": ["2019-01-25 17:59:52"], "total_order": 1, "hotel_value": ["4.5"], "hotel_price": ["400"]}, "1860100": {"hotel_name": "\u5357\u4eac\u4e1c\u5357\u5927\u5b66\u6587\u56ed\u5bbe\u9986(\u56db\u724c\u697c\u6821\u533a)", "order_time": ["2019-01-25 17:59:57"], "total_order": 1, "hotel_value": ["4.1"], "hotel_price": ["480"]}, "9662136": {"hotel_name": "\u5357\u4eac\u9526\u6765\u4f4f\u5927\u9152\u5e97", "order_time": ["2019-01-25 18:00:01"], "total_order": 1, "hotel_value": ["3.7"], "hotel_price": ["104"]}, "28476538": {"hotel_name": "\u5357\u4eac\u6c5f\u5b81\u91d1\u73ab\u82b1\u5bbe\u9986", "order_time": ["2019-01-25 18:00:05"], "total_order": 1, "hotel_value": [0], "hotel_price": ["93"]}, "17589650": {"hotel_name": "\u5357\u4eac\u4e2d\u5c71\u9675\u666f\u533a\u4e9a\u6735\u9152\u5e97", "order_time": ["2019-01-25 18:01:42"], "total_order": 1, "hotel_value": ["4.8"], "hotel_price": ["380"]}, "15057335": {"hotel_name": "\u5357\u4eac\u666f\u67ab\u4e07\u8c6a\u9152\u5e97", "order_time": ["2019-01-25 18:01:42"], "total_order": 1, "hotel_value": ["4.6"], "hotel_price": ["667"]}, "3327690": {"hotel_name": "\u6c64\u5c71\u7d2b\u6e05\u6e56\u6e29\u6cc9\u5ea6\u5047\u9152\u5e97", "order_time": ["2019-01-25 18:01:42"], "total_order": 1, "hotel_value": ["4.8"], "hotel_price": ["9899"]}, "4970266": {"hotel_name": "\u5357\u4eac\u67e0\u6aac\u6811\u7cbe\u54c1\u9152\u5e97", "order_time": ["2019-01-25 18:03:50", "2019-01-25 18:01:46"], "total_order": 2, "hotel_value": ["4.3", "4.3"], "hotel_price": ["136", "136"]}, "4522059": {"hotel_name": "\u9752\u76ae\u6811\u9152\u5e97(\u5357\u4eac\u6797\u4e1a\u5927\u5b66\u65b0\u5e84\u5730\u94c1\u7ad9\u9152\u5e97)", "order_time": ["2019-01-25 18:01:50"], "total_order": 1, "hotel_value": ["4.2"], "hotel_price": ["158"]}, "1085671": {"hotel_name": "\u5e03\u4e01\u9152\u5e97(\u5357\u4eac\u4e2d\u5c71\u9675\u5b5d\u9675\u536b\u5e97)", "order_time": ["2019-01-25 18:01:50"], "total_order": 1, "hotel_value": ["3.7"], "hotel_price": ["111"]}, "11374684": {"hotel_name": "\u6e05\u6c90\u7cbe\u54c1\u9152\u5e97(\u5357\u4eac\u897f\u5584\u6865\u5cb1\u5c71\u5e97)", "order_time": ["2019-01-25 18:01:53"], "total_order": 1, "hotel_value": ["4.5"], "hotel_price": ["134"]}, "12402530": {"hotel_name": "\u5c1a\u5ba2\u4f18\u7cbe\u9009\u9152\u5e97(\u5357\u4eac\u4e00\u54c1\u9a8a\u57ce\u5e97)", "order_time": ["2019-01-25 18:01:56"], "total_order": 1, "hotel_value": ["4.6"], "hotel_price": ["156"]}, "969256": {"hotel_name": "\u6c49\u5ead\u9152\u5e97(\u5357\u4eac\u5efa\u5b81\u8def\u91d1\u6865\u5e02\u573a\u5e97)", "order_time": ["2019-01-25 18:01:58"], "total_order": 1, "hotel_value": ["4.1"], "hotel_price": ["246"]}, "4310881": {"hotel_name": "\u5357\u4eac\u6625\u6797\u5bbe\u9986", "order_time": ["2019-01-25 18:02:14"], "total_order": 1, "hotel_value": ["3.8"], "hotel_price": ["113"]}, "964546": {"hotel_name": "\u5f17\u601d\u7279\u8fde\u9501\u9152\u5e97(\u4e5d\u534e\u5c71\u5730\u94c1\u7ad9\u5e97)(\u539f\u5317\u4eac\u4e1c\u8def\u5e97)", "order_time": ["2019-01-25 18:03:44"], "total_order": 1, "hotel_value": ["4.3"], "hotel_price": ["166"]}, "4386324": {"hotel_name": "\u6d77\u53cb\u826f\u54c1\u9152\u5e97(\u5357\u4eac\u592b\u5b50\u5e99\u5e97)", "order_time": ["2019-01-25 18:03:45"], "total_order": 1, "hotel_value": ["4.5"], "hotel_price": ["227"]}, "28127506": {"hotel_name": "\u5357\u4eac\u9a6c\u7fa4\u4e9a\u6735\u9152\u5e97", "order_time": ["2019-01-25 18:03:48"], "total_order": 1, "hotel_value": ["4.9"], "hotel_price": ["413"]}, "17498235": {"hotel_name": "\u5357\u4eac\u7fe0\u5c4f\u65b0\u6e2f\u5047\u65e5\u9152\u5e97", "order_time": ["2019-01-25 18:03:48"], "total_order": 1, "hotel_value": ["4.7"], "hotel_price": ["627"]}, "25289828": {"hotel_name": "\u5357\u4eac\u5f92\u884c\u964c\u5ba2\u9752\u5e74\u65c5\u820d", "order_time": ["2019-01-25 18:03:48"], "total_order": 1, "hotel_value": ["4.9"], "hotel_price": ["83"]}, "5073966": {"hotel_name": "\u5e03\u4e01\u9152\u5e97(\u5357\u4eac\u592b\u5b50\u5e99\u5730\u94c1\u7ad9\u5e97)", "order_time": ["2019-01-25 18:03:51"], "total_order": 1, "hotel_value": ["4.5"], "hotel_price": ["154"]}, "2783279": {"hotel_name": "\u5e03\u4e01\u9152\u5e97(\u5357\u4eac\u5357\u7ad9\u53cc\u9f99\u5927\u9053\u5730\u94c1\u7ad9\u5e97)", "order_time": ["2019-01-25 18:03:59"], "total_order": 1, "hotel_value": ["4.3"], "hotel_price": ["220"]}, "1633044": {"hotel_name": "\u5357\u4eac\u6e56\u6ee8\u91d1\u9675\u996d\u5e97", "order_time": ["2019-01-25 18:04:30"], "total_order": 1, "hotel_value": ["4.6"], "hotel_price": ["420"]}}}