{"\u5f00\u59cb\u8bb0\u5f55\u65f6\u95f4": "2019-01-09 22:06:21", "\u7ed3\u675f\u8bb0\u5f55\u65f6\u95f4": "2019-01-09 23:06:21", "\u8ba2\u5355\u603b\u589e\u91cf": 499, "item": {"798937": {"hotel_name": "\u5357\u4eac\u592b\u5b50\u5e99\u56fd\u9645\u9752\u5e74\u65c5\u820d", "order_time": ["2019-01-09 22:08:42"], "total_order": 1, "hotel_value": ["4.1"], "hotel_price": ["45"]}, "1286871": {"hotel_name": "\u6c49\u5ead\u9152\u5e97(\u5357\u4eac\u706b\u8f66\u7ad9\u5e97)", "order_time": ["2019-01-09 22:08:42"], "total_order": 1, "hotel_value": ["4.0"], "hotel_price": ["183"]}, "4374431": {"hotel_name": "\u5357\u4eac\u6ea7\u6c34\u5bbe\u9986", "order_time": ["2019-01-09 22:08:43"], "total_order": 1, "hotel_value": ["4.6"], "hotel_price": ["291"]}, "5311088": {"hotel_name": "\u5357\u4eac\u99a8\u8309\u8389\u82b1\u56ed\u9152\u5e97", "order_time": ["2019-01-09 22:08:44"], "total_order": 1, "hotel_value": ["4.7"], "hotel_price": ["871"]}, "435796": {"hotel_name": "\u5357\u4eac\u56fd\u4fe1\u72b6\u5143\u697c\u5927\u9152\u5e97", "order_time": ["2019-01-09 22:12:45", "2019-01-09 22:08:44"], "total_order": 2, "hotel_value": ["4.8", "4.8"], "hotel_price": ["558", "558"]}, "28127506": {"hotel_name": "\u5357\u4eac\u9a6c\u7fa4\u4e9a\u6735\u9152\u5e97", "order_time": ["2019-01-09 22:08:45"], "total_order": 1, "hotel_value": ["4.9"], "hotel_price": ["349"]}, "444648": {"hotel_name": "\u5357\u4eac\u5929\u4e30\u5927\u9152\u5e97", "order_time": ["2019-01-09 22:08:45", "2019-01-09 22:12:52"], "total_order": 2, "hotel_value": ["4.6", "4.6"], "hotel_price": ["288", "288"]}, "425945": {"hotel_name": "\u6c5f\u82cf\u51e4\u51f0\u53f0\u996d\u5e97", "order_time": ["2019-01-09 22:08:46"], "total_order": 1, "hotel_value": ["4.7"], "hotel_price": ["248"]}, "14255250": {"hotel_name": "\u5c1a\u5ba2\u4f18\u9a8f\u6021\u8fde\u9501\u9152\u5e97\u7fd4\u5b87\u8def\u5357\u5730\u94c1\u7ad9\u5e97", "order_time": ["2019-01-09 22:08:47", "2019-01-09 22:32:51"], "total_order": 2, "hotel_value": ["4.3", "4.3"], "hotel_price": ["99", "99"]}, "434086": {"hotel_name": "\u5357\u4eac\u65b0\u7eaa\u5143\u5927\u9152\u5e97", "order_time": ["2019-01-09 22:08:50"], "total_order": 1, "hotel_value": ["4.8"], "hotel_price": ["468"]}, "2155694": {"hotel_name": "\u6c49\u5ead\u9152\u5e97(\u5357\u4eac\u6c5f\u5b81\u4ea4\u9662\u5730\u94c1\u7ad9\u5e97)(\u539f\u6c5f\u5b81\u4ea4\u9662\u5e97)", "order_time": ["2019-01-09 22:08:50"], "total_order": 1, "hotel_value": ["4.3"], "hotel_price": ["186"]}, "531790": {"hotel_name": "Zsmart\u667a\u5c1a\u9152\u5e97(\u5357\u4eac\u592b\u5b50\u5e99\u5e97)", "order_time": ["2019-01-09 22:08:51"], "total_order": 1, "hotel_value": ["4.6"], "hotel_price": ["236"]}, "13325407": {"hotel_name": "\u5357\u4eac\u73ba\u57ce\u00b7\u963f\u91cc\u9152\u5e97", "order_time": ["2019-01-09 22:08:51"], "total_order": 1, "hotel_value": ["4.6"], "hotel_price": ["333"]}, "2041820": {"hotel_name": "7\u5929\u8fde\u9501\u9152\u5e97(\u5357\u4eac\u6797\u4e1a\u5927\u5b66\u82b1\u56ed\u8def\u5e97)", "order_time": ["2019-01-09 22:08:52"], "total_order": 1, "hotel_value": ["3.9"], "hotel_price": ["100"]}, "1604548": {"hotel_name": "\u5357\u4eac\u57ce\u5e02\u9152\u5e97(\u539f\u5fd7\u53cb\u5bbe\u9986)", "order_time": ["2019-01-09 22:08:52"], "total_order": 1, "hotel_value": ["4.0"], "hotel_price": ["134"]}, "5925502": {"hotel_name": "\u7ef4\u4e5f\u7eb3\u9152\u5e97(\u5357\u4eac\u5357\u7ad9\u6c47\u666f\u5e97)", "order_time": ["2019-01-09 22:08:52"], "total_order": 1, "hotel_value": ["4.8"], "hotel_price": ["289"]}, "2204005": {"hotel_name": "\u5357\u4eac\u6d1b\u514b\u9152\u5e97", "order_time": ["2019-01-09 22:08:54"], "total_order": 1, "hotel_value": ["4.2"], "hotel_price": ["83"]}, "8973087": {"hotel_name": "\u5357\u4eac\u6a58\u5b50\u9752\u5e74\u65c5\u793e", "order_time": ["2019-01-09 22:09:05"], "total_order": 1, "hotel_value": ["4.5"], "hotel_price": ["51"]}, "11289895": {"hotel_name": "\u5357\u4eac\u514b\u62c9\u68ee\u6797\u591a\u5a92\u4f53\u9152\u5e97\u516c\u5bd3", "order_time": ["2019-01-09 22:09:21"], "total_order": 1, "hotel_value": [0], "hotel_price": ["280"]}, "11445721": {"hotel_name": "\u5b9c\u5fc5\u601d\u9152\u5e97(\u5357\u4eac\u5929\u5370\u5927\u9053\u5e97)", "order_time": ["2019-01-09 22:13:01", "2019-01-09 22:20:56", "2019-01-09 22:09:24"], "total_order": 3, "hotel_value": ["4.6", "4.6", "4.6"], "hotel_price": ["199", "199", "199"]}, "26428886": {"hotel_name": "\u5168\u5b63\u9152\u5e97(\u5357\u4eac\u6cb3\u897f\u535a\u89c8\u4e2d\u5fc3\u5e97)", "order_time": ["2019-01-09 22:09:39"], "total_order": 1, "hotel_value": ["4.8"], "hotel_price": ["331"]}, "5218050": {"hotel_name": "\u91d1\u5965\u8bfa\u9601\u96c5\u9152\u5e97(\u5357\u4eac\u5965\u4f53\u4e2d\u5fc3\u5e97)", "order_time": ["2019-01-09 22:09:39"], "total_order": 1, "hotel_value": ["4.9"], "hotel_price": ["482"]}, "1686822": {"hotel_name": "\u5bcc\u9a7f\u65f6\u5c1a\u9152\u5e97(\u5357\u4eac\u6c5f\u5b81\u5e97)", "order_time": ["2019-01-09 22:10:43"], "total_order": 1, "hotel_value": ["4.3"], "hotel_price": ["173"]}, "2313398": {"hotel_name": "\u6d77\u53cb\u9152\u5e97\uff08\u5357\u4eac\u6c5f\u5b81\u8bda\u4fe1\u5927\u9053\u5730\u94c1\u7ad9\u5e97\uff09\uff08\u539f\u6c5f\u5b81\u8bda\u4fe1\u5927\u9053\u5e97)", "order_time": ["2019-01-09 22:10:44"], "total_order": 1, "hotel_value": ["4.0"], "hotel_price": ["170"]}, "669100": {"hotel_name": "\u5357\u4eac\u91d1\u5965\u8d39\u5c14\u8499\u9152\u5e97", "order_time": ["2019-01-09 22:10:45"], "total_order": 1, "hotel_value": ["4.7"], "hotel_price": ["944"]}, "23801898": {"hotel_name": "\u5357\u4eac\u559c\u739b\u62c9\u96c5\u5047\u65e5\u9152\u5e97", "order_time": ["2019-01-09 22:10:45"], "total_order": 1, "hotel_value": ["4.5"], "hotel_price": ["598"]}, "433538": {"hotel_name": "\u5357\u4eac\u5c71\u6c34\u5927\u9152\u5e97", "order_time": ["2019-01-09 22:10:46"], "total_order": 1, "hotel_value": ["4.8"], "hotel_price": ["428"]}, "1944235": {"hotel_name": "\u5357\u4eac\u8679\u6865\u996d\u5e97", "order_time": ["2019-01-09 22:10:46"], "total_order": 1, "hotel_value": ["4.4"], "hotel_price": ["249"]}, "856450": {"hotel_name": "\u5982\u5bb6\u5feb\u6377\u9152\u5e97(\u5357\u4eac\u65b0\u8857\u53e3\u5e38\u5e9c\u8857\u5730\u94c1\u7ad9\u5929\u7a7a\u4e4b\u90fd\u5e97)", "order_time": ["2019-01-09 22:10:46"], "total_order": 1, "hotel_value": ["4.4"], "hotel_price": ["186"]}, "1334644": {"hotel_name": "\u5357\u4eac\u7984\u53e3\u6668\u8679\u82b1\u56ed\u9152\u5e97(\u7984\u53e3\u673a\u573a\u5e97)", "order_time": ["2019-01-09 22:10:46"], "total_order": 1, "hotel_value": ["4.5"], "hotel_price": ["350"]}, "1535631": {"hotel_name": "\u6c49\u5ead\u9152\u5e97(\u5357\u4eac\u592b\u5b50\u5e99\u5e97)", "order_time": ["2019-01-09 22:10:47"], "total_order": 1, "hotel_value": ["4.4"], "hotel_price": ["217"]}, "16789957": {"hotel_name": "\u5357\u4eac\u6c64\u5c71\u4e00\u54c1\u6e29\u6cc9\u9152\u5e97", "order_time": ["2019-01-09 22:10:47"], "total_order": 1, "hotel_value": ["4.4"], "hotel_price": ["393"]}, "1426525": {"hotel_name": "\u5357\u4eac\u72ee\u90fd\u5546\u52a1\u5feb\u6377\u9152\u5e97", "order_time": ["2019-01-09 22:10:47"], "total_order": 1, "hotel_value": ["4.6"], "hotel_price": ["146"]}, "435874": {"hotel_name": "\u5357\u4eac\u5e74\u53d1168\u9152\u5e97", "order_time": ["2019-01-09 22:10:48"], "total_order": 1, "hotel_value": ["4.2"], "hotel_price": ["171"]}, "4604055": {"hotel_name": "\u5c1a\u5ba2\u4f18\u8fde\u9501\u9152\u5e97(\u5357\u4eac\u592b\u5b50\u5e99\u6c34\u6e38\u57ce\u5e97)", "order_time": ["2019-01-09 22:10:49"], "total_order": 1, "hotel_value": ["4.0"], "hotel_price": ["122"]}, "6652902": {"hotel_name": "\u83ab\u6cf0168(\u5357\u4eac\u9f13\u697c\u5e7f\u573a\u7d2b\u5cf0\u5e97)(\u539f\u9f13\u697c\u5e97)", "order_time": ["2019-01-09 22:10:49"], "total_order": 1, "hotel_value": ["4.6"], "hotel_price": ["150"]}, "1487322": {"hotel_name": "\u6c49\u5ead\u9152\u5e97(\u5357\u4eac\u4ed9\u9e64\u95e8\u7d2b\u4e1c\u5546\u4e1a\u8857\u5e97)(\u539f\u4ed9\u9e64\u95e8\u5e97)", "order_time": ["2019-01-09 22:10:49"], "total_order": 1, "hotel_value": ["4.4"], "hotel_price": ["236"]}, "513735": {"hotel_name": "\u9526\u6c5f\u4e4b\u661f(\u5357\u4eac\u73e0\u6c5f\u8def\u5c0f\u8425\u5317\u8def\u5e97)", "order_time": ["2019-01-09 22:10:49"], "total_order": 1, "hotel_value": ["4.4"], "hotel_price": ["160"]}, "1457183": {"hotel_name": "\u5982\u5bb6\u5feb\u6377\u9152\u5e97(\u5357\u4eac\u6865\u5317\u5f18\u9633\u5e7f\u573a\u67f3\u6d32\u4e1c\u8def\u5730\u94c1\u7ad9\u5e97)", "order_time": ["2019-01-09 22:10:49"], "total_order": 1, "hotel_value": ["4.6"], "hotel_price": ["125"]}, "1943957": {"hotel_name": "\u5357\u4eac\u4ed9\u6797\u677e\u5c71\u6e56\u5bbe\u9986", "order_time": ["2019-01-09 22:10:51"], "total_order": 1, "hotel_value": ["4.4"], "hotel_price": ["218"]}, "434989": {"hotel_name": "\u5357\u4eac\u4e2d\u5fc3\u5927\u9152\u5e97", "order_time": ["2019-01-09 22:10:51", "2019-01-09 22:24:50"], "total_order": 2, "hotel_value": ["4.8", "4.8"], "hotel_price": ["498", "498"]}, "1960551": {"hotel_name": "\u5357\u4eac\u7984\u53e3\u673a\u573a\u94c2\u5c14\u66fc\u5927\u9152\u5e97", "order_time": ["2019-01-09 22:10:51", "2019-01-09 22:18:47"], "total_order": 2, "hotel_value": ["4.7", "4.7"], "hotel_price": ["767", "767"]}, "1453801": {"hotel_name": "\u5982\u5bb6\u5feb\u6377\u9152\u5e97(\u5357\u4eac\u957f\u9014\u6c7d\u8f66\u4e1c\u7ad9\u6797\u4e1a\u5927\u5b66\u65b0\u5e84\u5730\u94c1\u7ad9\u5e97)", "order_time": ["2019-01-09 22:10:52"], "total_order": 1, "hotel_value": ["4.4"], "hotel_price": ["147"]}, "1946060": {"hotel_name": "\u6613\u4f70\u8fde\u9501\u65c5\u5e97(\u5357\u4eac\u6c5f\u5b81\u5927\u5b66\u57ce\u9f99\u7720\u5927\u9053\u5730\u94c1\u7ad9\u5e97)", "order_time": ["2019-01-09 22:54:45", "2019-01-09 22:10:53"], "total_order": 2, "hotel_value": ["4.6", "4.6"], "hotel_price": ["95", "100"]}, "474297": {"hotel_name": "\u80af\u5b9a\u65f6\u5c1a\u9152\u5e97(\u5357\u4eac\u6c5f\u5b81\u4e00\u5e97)", "order_time": ["2019-01-09 22:10:54"], "total_order": 1, "hotel_value": ["3.6"], "hotel_price": ["92"]}, "4814294": {"hotel_name": "\u5982\u5bb6\u5feb\u6377\u9152\u5e97(\u5357\u4eac\u65b0\u8857\u53e3\u4e2d\u5c71\u4e1c\u8def\u897f\u5b89\u95e8\u5730\u94c1\u7ad9\u5e97)", "order_time": ["2019-01-09 22:11:20"], "total_order": 1, "hotel_value": ["4.5"], "hotel_price": ["210"]}, "2507259": {"hotel_name": "\u5357\u4eac\u82b1\u8ff9\u9152\u5e97", "order_time": ["2019-01-09 22:11:27"], "total_order": 1, "hotel_value": ["4.8"], "hotel_price": ["688"]}, "10571966": {"hotel_name": "\u9510\u601d\u7279\u9152\u5e97(\u5357\u4eac\u5357\u7ad9\u8bda\u4fe1\u5927\u9053\u5730\u94c1\u7ad9\u5e97)", "order_time": ["2019-01-09 22:11:28"], "total_order": 1, "hotel_value": ["4.5"], "hotel_price": ["178"]}, "8574621": {"hotel_name": "\u6613\u4f70\u826f\u54c1\u9152\u5e97(\u5357\u4eac\u5357\u7ad9\u53cc\u9f99\u5927\u9053\u5730\u94c1\u7ad9\u5e97)", "order_time": ["2019-01-09 22:11:28"], "total_order": 1, "hotel_value": ["4.3"], "hotel_price": ["139"]}, "21795380": {"hotel_name": "\u7ef4\u4e5f\u7eb3\u56fd\u9645\u9152\u5e97(\u5357\u4eac\u7af9\u5c71\u8def\u5730\u94c1\u7ad9\u5e97)", "order_time": ["2019-01-09 22:12:43"], "total_order": 1, "hotel_value": ["4.7"], "hotel_price": ["309"]}, "6475650": {"hotel_name": "\u5357\u4eac\u96bd\u6052\u9152\u5e97(\u539f\u6cb3\u6d77\u5927\u5b66\u56fd\u9645\u4ea4\u6d41\u4e2d\u5fc3)", "order_time": ["2019-01-09 22:16:51", "2019-01-09 22:12:44"], "total_order": 2, "hotel_value": ["4.8", "4.8"], "hotel_price": ["668", "668"]}, "435107": {"hotel_name": "\u5357\u4eac\u4e1c\u65b9\u73cd\u73e0\u996d\u5e97", "order_time": ["2019-01-09 22:12:45"], "total_order": 1, "hotel_value": ["4.8"], "hotel_price": ["393"]}, "23843325": {"hotel_name": "\u4e50\u5bb6\u8f69\u8f7b\u5962\u5ea6\u5047\u516c\u5bd3(\u5357\u4eac\u5965\u4f53\u5347\u9f99\u6c47\u91d1\u5e97)", "order_time": ["2019-01-09 22:12:45"], "total_order": 1, "hotel_value": ["4.6"], "hotel_price": ["146"]}, "470827": {"hotel_name": "\u9526\u6c5f\u5357\u4eac\u996d\u5e97", "order_time": ["2019-01-09 22:12:45"], "total_order": 1, "hotel_value": ["4.8"], "hotel_price": ["286"]}, "1085670": {"hotel_name": "\u5e03\u4e01\u9152\u5e97(\u5357\u4eac\u864e\u8e1e\u5317\u8def\u827a\u672f\u5b66\u9662\u5e97)", "order_time": ["2019-01-09 22:12:51"], "total_order": 1, "hotel_value": ["3.9"], "hotel_price": ["89"]}, "437042": {"hotel_name": "\u5357\u4eac\u6c64\u5c71\u9890\u5c1a\u6e29\u6cc9\u5ea6\u5047\u6751", "order_time": ["2019-01-09 22:12:52"], "total_order": 1, "hotel_value": ["4.5"], "hotel_price": ["688"]}, "1414858": {"hotel_name": "\u5e03\u4e01\u9152\u5e97(\u5357\u4eac\u7701\u4e2d\u533b\u9662\u4e0a\u6d77\u8def\u5730\u94c1\u7ad9\u5e97)", "order_time": ["2019-01-09 22:12:57"], "total_order": 1, "hotel_value": ["4.3"], "hotel_price": ["125"]}, "4689765": {"hotel_name": "\u901f8\u9152\u5e97(\u5357\u4eac\u9ad8\u6df3\u9547\u5174\u8def\u5e97)", "order_time": ["2019-01-09 22:13:00"], "total_order": 1, "hotel_value": ["4.6"], "hotel_price": ["116"]}, "3029901": {"hotel_name": "\u4f0a\u85e4\u7cbe\u54c1\u9152\u5e97\u516c\u5bd3(\u5357\u4eac\u80dc\u592a\u8def\u5730\u94c1\u7ad9\u5e97)", "order_time": ["2019-01-09 22:13:01"], "total_order": 1, "hotel_value": ["4.8"], "hotel_price": ["179"]}, "773154": {"hotel_name": "\u6c5f\u82cf\u51e4\u51f0\u4eac\u534e\u5927\u9152\u5e97", "order_time": ["2019-01-09 22:13:01"], "total_order": 1, "hotel_value": ["4.5"], "hotel_price": ["243"]}, "969238": {"hotel_name": "\u6c49\u5ead\u9152\u5e97(\u5357\u4eac\u4e2d\u592e\u95e8\u5e97)", "order_time": ["2019-01-09 22:13:01"], "total_order": 1, "hotel_value": ["4.6"], "hotel_price": ["180"]}, "8605001": {"hotel_name": "\u6c49\u5ead\u9152\u5e97(\u5357\u4eac\u660e\u6545\u5bab\u745e\u91d1\u8def\u5e97)(\u539f\u5357\u822a\u5927\u5b66\u745e\u91d1\u8def\u5e97)", "order_time": ["2019-01-09 22:13:01"], "total_order": 1, "hotel_value": ["4.5"], "hotel_price": ["218"]}, "3669632": {"hotel_name": "\u96e8\u6da6\u4e2d\u592e\u516c\u9986\u884c\u653f\u9152\u5e97\u516c\u5bd3(\u5357\u4eac\u5965\u4f53\u4e2d\u5fc3\u5e97)", "order_time": ["2019-01-09 22:13:01"], "total_order": 1, "hotel_value": ["4.4"], "hotel_price": ["252"]}, "1686747": {"hotel_name": "\u6021\u83b1\u7cbe\u54c1\u9152\u5e97(\u5357\u4eac\u9f99\u7720\u5927\u9053\u5730\u94c1\u7ad9\u5e97)(\u539f\u4e94\u6708\u82b1\u5bbe\u9986)", "order_time": ["2019-01-09 22:13:01"], "total_order": 1, "hotel_value": ["4.4"], "hotel_price": ["170"]}, "811664": {"hotel_name": "\u6e05\u6c90\u8fde\u9501\u9152\u5e97(\u5357\u4eac\u4e39\u51e4\u8857\u6052\u57fa\u516c\u5bd3\u5e97)", "order_time": ["2019-01-09 22:13:01"], "total_order": 1, "hotel_value": ["4.2"], "hotel_price": ["159"]}, "1938450": {"hotel_name": "\u9526\u6c5f\u4e4b\u661f\u54c1\u5c1a(\u5357\u4eac\u6c49\u4e2d\u95e8\u5e97)", "order_time": ["2019-01-09 22:13:01"], "total_order": 1, "hotel_value": ["4.4"], "hotel_price": ["284"]}, "1462801": {"hotel_name": "\u80af\u5b9a\u5bbe\u9986\u8fde\u9501(\u5357\u4eac\u65b0\u8857\u53e3\u4e8c\u5e97)", "order_time": ["2019-01-09 22:13:01", "2019-01-09 22:50:59"], "total_order": 2, "hotel_value": ["4.3", "4.3"], "hotel_price": ["140", "140"]}, "2052574": {"hotel_name": "\u5357\u4eac\u65ed\u68b5\u5feb\u6377\u9152\u5e97", "order_time": ["2019-01-09 22:13:02"], "total_order": 1, "hotel_value": ["3.8"], "hotel_price": ["107"]}, "5378613": {"hotel_name": "\u5357\u4eac\u5357\u6d4b\u62db\u5f85\u6240", "order_time": ["2019-01-09 22:13:08"], "total_order": 1, "hotel_value": ["3.9"], "hotel_price": ["90"]}, "1641817": {"hotel_name": "\u5c1a\u5ba2\u4f18\u5feb\u6377\u9152\u5e97(\u5357\u4eac\u6c5f\u5b81\u4e07\u8fbe\u65b0\u4ead\u897f\u8def\u5e97)", "order_time": ["2019-01-09 22:13:08"], "total_order": 1, "hotel_value": ["3.6"], "hotel_price": ["99"]}, "5337205": {"hotel_name": "\u5357\u4eac\u4e09\u5e74\u4e8c\u73ed\u56fd\u9645\u9752\u5e74\u65c5\u820d", "order_time": ["2019-01-09 22:13:16"], "total_order": 1, "hotel_value": ["4.6"], "hotel_price": ["45"]}, "434907": {"hotel_name": "\u5357\u4eac\u66d9\u5149\u56fd\u9645\u5927\u9152\u5e97", "order_time": ["2019-01-09 22:13:26"], "total_order": 1, "hotel_value": ["4.7"], "hotel_price": ["481"]}, "2883253": {"hotel_name": "\u5357\u4eac\u6587\u6b66\u516c\u5bd3", "order_time": ["2019-01-09 22:59:18", "2019-01-09 22:43:17", "2019-01-09 22:13:39"], "total_order": 3, "hotel_value": ["3.1", "3.1", "3.1"], "hotel_price": ["49", "49", "49"]}, "396597": {"hotel_name": "\u91d1\u9e70\u56fd\u4ed5\u8fbe\u9152\u5e97(\u5357\u4eac\u65b0\u8857\u53e3\u5730\u94c1\u7ad9\u5e97)", "order_time": ["2019-01-09 22:14:47"], "total_order": 1, "hotel_value": ["5.0"], "hotel_price": ["283"]}, "434620": {"hotel_name": "\u5357\u4eac\u56fd\u9645\u4f1a\u8bae\u5927\u9152\u5e97", "order_time": ["2019-01-09 22:14:49"], "total_order": 1, "hotel_value": ["4.4"], "hotel_price": ["998"]}, "1116413": {"hotel_name": "\u5357\u4eac\u7384\u6b66\u95e8\u4e9a\u6735\u9152\u5e97", "order_time": ["2019-01-09 22:14:49"], "total_order": 1, "hotel_value": ["4.8"], "hotel_price": ["386"]}, "11443419": {"hotel_name": "\u5168\u5b63\u9152\u5e97(\u5357\u4eac\u677f\u6865\u5e97)", "order_time": ["2019-01-09 22:14:51"], "total_order": 1, "hotel_value": ["4.9"], "hotel_price": ["306"]}, "4981770": {"hotel_name": "\u6c49\u5ead\u9152\u5e97(\u5357\u4eac\u96e8\u82b1\u53f0\u666f\u533a\u5e97)", "order_time": ["2019-01-09 22:14:52"], "total_order": 1, "hotel_value": ["4.4"], "hotel_price": ["177"]}, "12548898": {"hotel_name": "\u7f8e\u8c6a\u4e3d\u81f4\u9152\u5e97(\u5357\u4eac\u4ed9\u6797\u65d7\u8230\u5e97)", "order_time": ["2019-01-09 22:14:54"], "total_order": 1, "hotel_value": ["4.8"], "hotel_price": ["550"]}, "4640933": {"hotel_name": "\u6854\u5b50\u9152\u5e97\u00b7\u7cbe\u9009(\u5357\u4eac\u5b89\u5fb7\u95e8\u5e97)", "order_time": ["2019-01-09 22:14:54"], "total_order": 1, "hotel_value": ["4.9"], "hotel_price": ["399"]}, "12547385": {"hotel_name": "\u6c49\u5ead\u9152\u5e97(\u5357\u4eac\u6a2a\u6881\u5e97)", "order_time": ["2019-01-09 22:14:55"], "total_order": 1, "hotel_value": ["4.6"], "hotel_price": ["111"]}, "1446696": {"hotel_name": "\u6c49\u5ead\u9152\u5e97(\u5357\u4eac\u6c5f\u5b81\u767e\u5bb6\u6e56\u5e97)", "order_time": ["2019-01-09 22:14:55", "2019-01-09 22:26:51"], "total_order": 2, "hotel_value": ["4.4", "4.4"], "hotel_price": ["284", "284"]}, "21801199": {"hotel_name": "\u5357\u4eac\u5927\u84dd\u9cb8\u592a\u7a7a\u8231\u9752\u5e74\u65c5\u820d", "order_time": ["2019-01-09 22:15:03", "2019-01-09 22:34:59"], "total_order": 2, "hotel_value": ["4.7", "4.7"], "hotel_price": ["70", "70"]}, "1503633": {"hotel_name": "\u5357\u4eac\u6e05\u7af9\u4e4b\u661f\u5feb\u6377\u9152\u5e97", "order_time": ["2019-01-09 22:15:06"], "total_order": 1, "hotel_value": ["4.4"], "hotel_price": ["97"]}, "4727374": {"hotel_name": "\u683c\u6797\u8c6a\u6cf0(\u5357\u4eac\u5927\u5382\u65b0\u534e\u8def\u5feb\u6377\u5e97)", "order_time": ["2019-01-09 22:15:06"], "total_order": 1, "hotel_value": ["4.2"], "hotel_price": ["143"]}, "5323559": {"hotel_name": "\u5357\u4eac\u82b1\u56ed\u6e56\u65f6\u5c1a\u827a\u672f\u9152\u5e97", "order_time": ["2019-01-09 22:46:49", "2019-01-09 22:15:06"], "total_order": 2, "hotel_value": ["4.4", "4.4"], "hotel_price": ["103", "103"]}, "5244517": {"hotel_name": "\u5357\u4eac\u5411\u9633\u5bbe\u9986\u592b\u5b50\u5e99\u5e97", "order_time": ["2019-01-09 22:15:06"], "total_order": 1, "hotel_value": ["3.8"], "hotel_price": ["119"]}, "1103551": {"hotel_name": "\u6c49\u5ead\u9152\u5e97(\u5357\u4eac\u5927\u5382\u957f\u51b2\u6b65\u884c\u8857\u5e97)", "order_time": ["2019-01-09 22:15:06"], "total_order": 1, "hotel_value": ["4.4"], "hotel_price": ["161"]}, "2298350": {"hotel_name": "\u5357\u4eac\u91d1\u9675\u5927\u53a6", "order_time": ["2019-01-09 22:15:06"], "total_order": 1, "hotel_value": ["4.5"], "hotel_price": ["549"]}, "12402530": {"hotel_name": "\u5c1a\u5ba2\u4f18\u7cbe\u9009\u9152\u5e97(\u5357\u4eac\u4e00\u54c1\u9a8a\u57ce\u5e97)", "order_time": ["2019-01-09 22:15:06"], "total_order": 1, "hotel_value": ["4.6"], "hotel_price": ["223"]}, "6791252": {"hotel_name": "\u5357\u4eac\u4e3a\u5ba2\u5bbe\u9986", "order_time": ["2019-01-09 22:15:06"], "total_order": 1, "hotel_value": ["3.1"], "hotel_price": ["132"]}, "5226526": {"hotel_name": "\u5357\u4eac\u6e56\u6728\u9152\u5e97\u516c\u5bd3", "order_time": ["2019-01-09 22:15:06"], "total_order": 1, "hotel_value": ["4.4"], "hotel_price": ["163"]}, "6848502": {"hotel_name": "\u5357\u4eac\u5965\u60a6\u5546\u52a1\u5bbe\u9986\u80dc\u592a\u8def\u5e97", "order_time": ["2019-01-09 22:15:06"], "total_order": 1, "hotel_value": ["3.7"], "hotel_price": ["89"]}, "8574594": {"hotel_name": "\u5609\u4e30\u5bbe\u9986(\u5357\u4eac\u4ed9\u6797\u9f99\u6f6d\u5e97)", "order_time": ["2019-01-09 22:15:06"], "total_order": 1, "hotel_value": ["4.4"], "hotel_price": ["222"]}, "2979264": {"hotel_name": "\u5357\u4eac\u4ed9\u6797\u7cd6\u679c\u5bbe\u9986", "order_time": ["2019-01-09 22:15:06"], "total_order": 1, "hotel_value": ["4.2"], "hotel_price": ["116"]}, "964541": {"hotel_name": "\u683c\u6797\u8c6a\u6cf0(\u5357\u4eac\u9752\u76ae\u6811\u798f\u5efa\u8def\u5e97)", "order_time": ["2019-01-09 22:15:09"], "total_order": 1, "hotel_value": ["4.1"], "hotel_price": ["163"]}, "2149278": {"hotel_name": "\u652f\u70b9\u516c\u5bd3(\u5357\u4eac\u65b0\u8857\u53e3\u5e97)", "order_time": ["2019-01-09 22:15:19"], "total_order": 1, "hotel_value": ["3.7"], "hotel_price": ["26"]}, "25135739": {"hotel_name": "\u5357\u4eac\u4f18\u60a6\u9152\u5e97\u516c\u5bd3", "order_time": ["2019-01-09 22:15:26"], "total_order": 1, "hotel_value": ["4.9"], "hotel_price": ["235"]}, "667018": {"hotel_name": "\u5357\u4eac\u53e4\u5357\u90fd\u660e\u57fa\u9152\u5e97", "order_time": ["2019-01-09 22:15:34"], "total_order": 1, "hotel_value": ["4.7"], "hotel_price": ["276"]}, "24014320": {"hotel_name": "\u5357\u4eac\u9f99\u835f\u9152\u5e97(\u539f\u4e91\u7aef\u835f\u516c\u5bd3)", "order_time": ["2019-01-09 22:15:34"], "total_order": 1, "hotel_value": ["4.8"], "hotel_price": ["238"]}, "969227": {"hotel_name": "\u6c49\u5ead\u9152\u5e97(\u5357\u4eac\u7384\u6b66\u6e56\u5e97)", "order_time": ["2019-01-09 22:39:19", "2019-01-09 22:15:35"], "total_order": 2, "hotel_value": ["4.3", "4.3"], "hotel_price": ["180", "180"]}, "427748": {"hotel_name": "\u6c47\u4e3d\u9152\u5e97(\u5357\u4eac\u519b\u533a\u603b\u9662\u5e97)", "order_time": ["2019-01-09 22:16:45"], "total_order": 1, "hotel_value": ["4.4"], "hotel_price": ["119"]}, "1646486": {"hotel_name": "\u901f8\u9152\u5e97(\u5357\u4eac\u4e2d\u5c71\u9675\u666f\u533a\u897f\u5e97)", "order_time": ["2019-01-09 22:16:46"], "total_order": 1, "hotel_value": ["4.3"], "hotel_price": ["124"]}, "15327659": {"hotel_name": "\u5eb7\u94c2\u9152\u5e97(\u5357\u4eac\u6c5f\u5b81\u5f00\u53d1\u533a\u5e97)", "order_time": ["2019-01-09 22:16:47"], "total_order": 1, "hotel_value": ["4.7"], "hotel_price": ["361"]}, "11539805": {"hotel_name": "\u5357\u4eac\u4e50\u6a59\u9152\u5e97\u516c\u5bd3", "order_time": ["2019-01-09 22:58:50", "2019-01-09 22:16:52"], "total_order": 2, "hotel_value": ["4.4", "4.4"], "hotel_price": ["199", "199"]}, "3067306": {"hotel_name": "\u7ef4\u4e5f\u7eb3\u9152\u5e97(\u5357\u4eac\u767e\u5bb6\u6e56\u897f\u95e8\u5b50\u8def\u5e97)", "order_time": ["2019-01-09 22:16:52", "2019-01-09 22:28:47"], "total_order": 2, "hotel_value": ["4.8", "4.8"], "hotel_price": ["366", "366"]}, "5816757": {"hotel_name": "\u6c49\u5ead\u9152\u5e97(\u5357\u4eac\u5965\u4f53\u4e2d\u5fc3\u4e8c\u5e97)", "order_time": ["2019-01-09 22:16:53", "2019-01-09 22:24:47"], "total_order": 2, "hotel_value": ["4.5", "4.5"], "hotel_price": ["212", "212"]}, "3727242": {"hotel_name": "\u6c49\u65f6\u98ce\u516c\u5bd3\u5f0f\u9152\u5e97(\u5357\u4eac\u4e2d\u6d77\u73ba\u6c49\u5e97)", "order_time": ["2019-01-09 22:16:54"], "total_order": 1, "hotel_value": ["4.7"], "hotel_price": ["312"]}, "24050709": {"hotel_name": "\u5e03\u4e01\u7cbe\u9009\u9152\u5e97(\u5357\u4eac\u5357\u7ad9\u6cb3\u5b9a\u6865\u5730\u94c1\u7ad9\u5e97)", "order_time": ["2019-01-09 22:16:54"], "total_order": 1, "hotel_value": ["4.1"], "hotel_price": ["164"]}, "1987603": {"hotel_name": "\u5357\u4eac\u5357\u5c71\u4e13\u5bb6\u697c", "order_time": ["2019-01-09 22:22:55", "2019-01-09 22:20:45", "2019-01-09 22:16:55"], "total_order": 3, "hotel_value": ["4.1", "4.1", "4.1"], "hotel_price": ["360", "360", "360"]}, "4687070": {"hotel_name": "\u5357\u4eac\u4f73\u7f18\u5feb\u6377\u5bbe\u9986", "order_time": ["2019-01-09 22:18:53", "2019-01-09 22:16:55"], "total_order": 2, "hotel_value": ["4.5", "4.5"], "hotel_price": ["133", "144"]}, "12053031": {"hotel_name": "\u53f6\u5b50\u4e3b\u9898\u7cbe\u54c1\u9152\u5e97(\u5de5\u4e1a\u5927\u5b66\u5730\u94c1\u7ad9\u5e97)", "order_time": ["2019-01-09 22:16:56"], "total_order": 1, "hotel_value": ["4.4"], "hotel_price": ["101"]}, "5380104": {"hotel_name": "\u5357\u4eac\u4e07\u5ea6\u5feb\u6377\u9152\u5e97\u5357\u7ad9\u5e97", "order_time": ["2019-01-09 22:16:56", "2019-01-09 22:28:54"], "total_order": 2, "hotel_value": ["3.8", "3.8"], "hotel_price": ["125", "132"]}, "1686795": {"hotel_name": "\u82cf\u4f53\u65b9\u5c71\u8fd0\u52a8\u516c\u5bd3(\u5357\u4eac\u6c5f\u5b81\u5927\u5b66\u57ce\u5e97)", "order_time": ["2019-01-09 22:16:59"], "total_order": 1, "hotel_value": ["4.0"], "hotel_price": ["308"]}, "7523494": {"hotel_name": "\u65af\u7ef4\u767b\u670d\u52a1\u516c\u5bd3(\u5357\u4eac\u9f99\u6c5f\u5e97)", "order_time": ["2019-01-09 22:16:59"], "total_order": 1, "hotel_value": ["4.6"], "hotel_price": ["252"]}, "17879456": {"hotel_name": "\u5357\u4eac123\u4e3b\u9898\u9752\u5e74\u65c5\u820d", "order_time": ["2019-01-09 22:17:00"], "total_order": 1, "hotel_value": ["4.5"], "hotel_price": ["42"]}, "1649336": {"hotel_name": "\u5357\u4eac\u6e90\u534e\u5bbe\u9986", "order_time": ["2019-01-09 22:17:01"], "total_order": 1, "hotel_value": ["3.9"], "hotel_price": ["122"]}, "8574579": {"hotel_name": "\u5357\u4eac\u5367\u9f99\u7cbe\u54c1\u9152\u5e97", "order_time": ["2019-01-09 22:17:01"], "total_order": 1, "hotel_value": ["4.3"], "hotel_price": ["121"]}, "23948227": {"hotel_name": "\u5357\u4eac\u9752\u8292\u9152\u5e97", "order_time": ["2019-01-09 22:17:01"], "total_order": 1, "hotel_value": ["5.0"], "hotel_price": ["131"]}, "1642382": {"hotel_name": "\u5357\u4eac\u9e4f\u7a0b\u5bbe\u9986", "order_time": ["2019-01-09 22:28:50", "2019-01-09 23:02:45", "2019-01-09 22:17:10"], "total_order": 3, "hotel_value": ["4.4", "4.4", "4.4"], "hotel_price": ["92", "92", "92"]}, "5451854": {"hotel_name": "\u5357\u4eac\u91d1\u9e70\u56fd\u9645\u9152\u5e97", "order_time": ["2019-01-09 22:34:47", "2019-01-09 22:17:23", "2019-01-09 22:21:11", "2019-01-09 22:38:44", "2019-01-09 22:44:49", "2019-01-09 22:28:43"], "total_order": 6, "hotel_value": ["4.9", "4.9", "4.9", "4.9", "4.9", "4.9"], "hotel_price": ["799", "799", "799", "799", "799", "799"]}, "813373": {"hotel_name": "\u5357\u4eac\u6db5\u6708\u697c\u9996\u4e3d\u65af\u9152\u5e97", "order_time": ["2019-01-09 22:23:26", "2019-01-09 22:25:32", "2019-01-09 22:17:29"], "total_order": 3, "hotel_value": ["4.8", "4.8", "4.8"], "hotel_price": ["698", "698", "698"]}, "1179858": {"hotel_name": "\u5168\u5b63\u9152\u5e97(\u5357\u4eac\u8679\u6865\u4e2d\u5c71\u5317\u8def\u5e97)", "order_time": ["2019-01-09 22:17:29"], "total_order": 1, "hotel_value": ["4.8"], "hotel_price": ["351"]}, "1633044": {"hotel_name": "\u5357\u4eac\u6e56\u6ee8\u91d1\u9675\u996d\u5e97", "order_time": ["2019-01-09 22:17:29"], "total_order": 1, "hotel_value": ["4.6"], "hotel_price": ["549"]}, "1360821": {"hotel_name": "\u69b4\u83b2\u5c0f\u661f\u8fde\u9501\u9152\u5e97(\u5357\u4eac\u6c5f\u6d66\u6587\u5fb7\u8def\u5730\u94c1\u7ad9\u5e97)(\u539f\u5929\u51e4\u5e7f\u573a\u5e97)", "order_time": ["2019-01-09 22:17:29"], "total_order": 1, "hotel_value": ["4.2"], "hotel_price": ["90"]}, "7528409": {"hotel_name": "\u5c1a\u5ba2\u4f18\u8fde\u9501\u9152\u5e97(\u5357\u4eac\u5357\u7ad9\u53cc\u9f99\u5927\u9053\u5730\u94c1\u7ad9\u5e97)", "order_time": ["2019-01-09 22:18:43"], "total_order": 1, "hotel_value": ["4.5"], "hotel_price": ["185"]}, "1526858": {"hotel_name": "\u5357\u4eac\u5fc5\u5f97\u5546\u52a1\u5bbe\u9986", "order_time": ["2019-01-09 22:18:44"], "total_order": 1, "hotel_value": ["3.9"], "hotel_price": ["159"]}, "5016538": {"hotel_name": "\u5c0f\u65f6\u5149\u5bbe\u9986(\u5357\u4eac\u7984\u53e3\u673a\u573a\u5e97)", "order_time": ["2019-01-09 22:18:46"], "total_order": 1, "hotel_value": ["4.9"], "hotel_price": ["253"]}, "23228147": {"hotel_name": "\u5357\u4eac\u4e07\u8fbe\u5e7f\u573a\u82b1\u5b63\u9152\u5e97", "order_time": ["2019-01-09 22:18:46"], "total_order": 1, "hotel_value": ["4.8"], "hotel_price": ["159"]}, "24003770": {"hotel_name": "\u5b9c\u5c1a\u9152\u5e97(\u5357\u4eac\u5929\u5370\u5927\u9053\u5730\u94c1\u7ad9\u5e97)", "order_time": ["2019-01-09 22:18:49", "2019-01-09 22:34:46"], "total_order": 2, "hotel_value": ["4.8", "4.8"], "hotel_price": ["269", "269"]}, "24769086": {"hotel_name": "\u5357\u4eac\u6c64\u5c71\u7af9\u9690\u6e29\u6cc9\u6c11\u5bbf", "order_time": ["2019-01-09 22:18:50"], "total_order": 1, "hotel_value": ["4.9"], "hotel_price": ["1174"]}, "1451746": {"hotel_name": "\u5982\u5bb6\u5feb\u6377\u9152\u5e97(\u5357\u4eac\u592b\u5b50\u5e99\u96c6\u5e86\u95e8\u5e97)", "order_time": ["2019-01-09 22:18:50"], "total_order": 1, "hotel_value": ["4.4"], "hotel_price": ["136"]}, "2299284": {"hotel_name": "\u7f8e\u9a7f\u8fde\u9501\u9152\u5e97(\u5357\u4eac\u4e0a\u6d77\u8def\u5730\u94c1\u7ad9\u5e97)", "order_time": ["2019-01-09 22:18:52"], "total_order": 1, "hotel_value": ["3.1"], "hotel_price": ["141"]}, "474236": {"hotel_name": "\u5357\u4eac\u9f99\u9f99\u9152\u5e97", "order_time": ["2019-01-09 22:18:54"], "total_order": 1, "hotel_value": ["4.4"], "hotel_price": ["145"]}, "4540128": {"hotel_name": "\u7d2b\u85e4\u82b1\u56ed\u65c5\u5e97(\u5357\u4eac\u7fe0\u5c4f\u5c71\u5730\u94c1\u7ad9\u5e97)", "order_time": ["2019-01-09 22:18:54"], "total_order": 1, "hotel_value": ["4.1"], "hotel_price": ["150"]}, "18553757": {"hotel_name": "\u5357\u4eac\u7231\u4e4b\u7f18\u7535\u5f71\u4e3b\u9898\u9152\u5e97", "order_time": ["2019-01-09 22:18:55"], "total_order": 1, "hotel_value": ["4.7"], "hotel_price": ["189"]}, "6982288": {"hotel_name": "\u5c1a\u5ba2\u4f18(\u5357\u4eac\u6ea7\u6c34\u957f\u9014\u6c7d\u8f66\u7ad9\u5e97)", "order_time": ["2019-01-09 22:18:56"], "total_order": 1, "hotel_value": ["4.5"], "hotel_price": ["141"]}, "1458051": {"hotel_name": "\u5357\u4eac\u8d5b\u5ead\u9152\u5e97", "order_time": ["2019-01-09 22:18:58"], "total_order": 1, "hotel_value": ["4.5"], "hotel_price": ["96"]}, "781627": {"hotel_name": "\u9526\u6c5f\u4e4b\u661f\u98ce\u5c1a(\u5357\u4eac\u82b1\u795e\u5927\u9053\u5e97)(\u539f\u8299\u7f57\u62c9\u5047\u65e5\u9152\u5e97)", "order_time": ["2019-01-09 22:19:02"], "total_order": 1, "hotel_value": ["4.3"], "hotel_price": ["190"]}, "1527006": {"hotel_name": "\u5357\u4eac\u52c7\u80dc\u5bbe\u9986", "order_time": ["2019-01-09 22:19:05"], "total_order": 1, "hotel_value": ["3.2"], "hotel_price": ["78"]}, "997090": {"hotel_name": "\u5357\u4eac\u7f51\u805a\u5bbe\u9986", "order_time": ["2019-01-09 22:19:15"], "total_order": 1, "hotel_value": ["4.7"], "hotel_price": ["99"]}, "11932474": {"hotel_name": "\u5357\u4eac\u4e3d\u90fd\u9152\u5e97", "order_time": ["2019-01-09 22:20:43", "2019-01-09 22:24:48"], "total_order": 2, "hotel_value": ["4.6", "4.6"], "hotel_price": ["218", "218"]}, "1906560": {"hotel_name": "\u5c1a\u5ba2\u4f18\u7cbe\u9009\u9152\u5e97(\u5357\u4eac\u65b0\u8857\u53e3\u592b\u5b50\u5e99\u5e97)", "order_time": ["2019-01-09 22:20:43"], "total_order": 1, "hotel_value": ["4.4"], "hotel_price": ["145"]}, "1828824": {"hotel_name": "\u65b0\u5730\u9152\u5e97(\u5357\u4eac\u65b0\u5730\u4ed9\u6797\u4e2d\u5fc3\u5e97)", "order_time": ["2019-01-09 22:20:44"], "total_order": 1, "hotel_value": ["4.8"], "hotel_price": ["8888"]}, "22775455": {"hotel_name": "\u5357\u4eac\u6cca\u60a6\u8f7b\u5c45\u9152\u5e97", "order_time": ["2019-01-09 22:20:45"], "total_order": 1, "hotel_value": ["4.8"], "hotel_price": ["172"]}, "1449055": {"hotel_name": "\u5982\u5bb6\u5feb\u6377\u9152\u5e97(\u5357\u4eac\u5b89\u5fb7\u95e8\u5730\u94c1\u7ad9\u5e97)", "order_time": ["2019-01-09 22:36:49", "2019-01-09 22:20:46"], "total_order": 2, "hotel_value": ["4.6", "4.6"], "hotel_price": ["169", "169"]}, "1895183": {"hotel_name": "\u5357\u4eac\u552f\u7231\u4e4b\u661f\u4e3b\u9898\u5bbe\u9986", "order_time": ["2019-01-09 22:20:47"], "total_order": 1, "hotel_value": ["3.7"], "hotel_price": ["137"]}, "811702": {"hotel_name": "\u6e05\u6c90\u7cbe\u9009\u9152\u5e97(\u5357\u4eac\u65b0\u8857\u53e3\u6768\u516c\u4e95\u5e97)", "order_time": ["2019-01-09 22:20:47"], "total_order": 1, "hotel_value": ["4.5"], "hotel_price": ["226"]}, "9730460": {"hotel_name": "\u9526\u6c5f\u4e4b\u661f\u98ce\u5c1a(\u5357\u4eac\u4e5d\u9f99\u6e56\u8bda\u4fe1\u5927\u9053\u5e97)", "order_time": ["2019-01-09 22:20:51"], "total_order": 1, "hotel_value": ["4.5"], "hotel_price": ["199"]}, "1641228": {"hotel_name": "\u5357\u4eac\u7d2b\u7f18\u6c81\u5bbe\u9986", "order_time": ["2019-01-09 22:20:56"], "total_order": 1, "hotel_value": ["4.1"], "hotel_price": ["121"]}, "8494902": {"hotel_name": "\u745e\u8f69\u7cbe\u820d\u5b98\u6eaa\u7cbe\u54c1\u4eba\u6587\u5ba2\u6808(\u5357\u4eac\u9ad8\u6df3\u8001\u8857\u5e97)", "order_time": ["2019-01-09 22:20:57"], "total_order": 1, "hotel_value": ["4.7"], "hotel_price": ["223"]}, "5764810": {"hotel_name": "\u5357\u4eac\u57ce\u5e02\u8682\u8681\u5ba2\u6808\u4e94\u5858\u5e7f\u573a\u5730\u94c1\u7ad9\u5e97", "order_time": ["2019-01-09 22:21:09"], "total_order": 1, "hotel_value": ["3.3"], "hotel_price": ["81"]}, "4728189": {"hotel_name": "\u5357\u4eac\u4ec1\u8c0a\u5bbe\u9986", "order_time": ["2019-01-09 22:21:09"], "total_order": 1, "hotel_value": ["3.9"], "hotel_price": ["97"]}, "2372892": {"hotel_name": "\u5357\u4eac\u7384\u6b66\u5c0f\u6808\u9752\u5e74\u65c5\u820d", "order_time": ["2019-01-09 22:21:12"], "total_order": 1, "hotel_value": ["4.4"], "hotel_price": ["42"]}, "8042453": {"hotel_name": "\u5357\u4eac\u5357\u7ad9\u4e4b\u7ea6\u7cbe\u54c1\u516c\u5bd3", "order_time": ["2019-01-09 22:21:13"], "total_order": 1, "hotel_value": ["3.9"], "hotel_price": ["99"]}, "1452602": {"hotel_name": "\u5982\u5bb6\u5feb\u6377\u9152\u5e97(\u5357\u4eac\u8fc8\u768b\u6865\u5730\u94c1\u7ad9\u5e97)", "order_time": ["2019-01-09 22:22:44"], "total_order": 1, "hotel_value": ["4.4"], "hotel_price": ["140"]}, "1102727": {"hotel_name": "\u51ef\u514b\u9152\u5e97\u516c\u5bd3(\u5357\u4eac\u541b\u4e34\u56fd\u9645\u5e97)", "order_time": ["2019-01-09 22:22:44"], "total_order": 1, "hotel_value": ["4.1"], "hotel_price": ["139"]}, "2302852": {"hotel_name": "7\u5929\u8fde\u9501\u9152\u5e97(\u5357\u4eac\u5357\u7ad9\u6c5f\u5b81\u6cb3\u5b9a\u6865\u5730\u94c1\u7ad9\u5e97)", "order_time": ["2019-01-09 22:22:46"], "total_order": 1, "hotel_value": ["3.9"], "hotel_price": ["101"]}, "1944219": {"hotel_name": "\u683c\u6797\u8c6a\u6cf0(\u5357\u4eac\u706b\u8f66\u7ad9\u5e97)", "order_time": ["2019-01-09 22:22:47"], "total_order": 1, "hotel_value": ["4.1"], "hotel_price": ["119"]}, "21697383": {"hotel_name": "\u5357\u4eac\u7c73\u6fb3\u65af\u5546\u52a1\u5bbe\u9986", "order_time": ["2019-01-09 22:22:48"], "total_order": 1, "hotel_value": ["4.4"], "hotel_price": ["137"]}, "1484819": {"hotel_name": "\u5357\u4eac\u67e0\u6aac\u57ce\u5821\u9752\u5e74\u65c5\u820d", "order_time": ["2019-01-09 22:22:49"], "total_order": 1, "hotel_value": ["4.8"], "hotel_price": ["46"]}, "2488992": {"hotel_name": "\u6854\u5b50\u6c34\u6676\u9152\u5e97(\u5357\u4eac\u5965\u4f53\u4e2d\u80dc\u56fd\u9645\u535a\u89c8\u4e2d\u5fc3\u5e97)", "order_time": ["2019-01-09 22:22:49"], "total_order": 1, "hotel_value": ["4.9"], "hotel_price": ["538"]}, "369785": {"hotel_name": "\u5357\u4eac\u7d22\u83f2\u7279\u94f6\u6cb3\u5927\u9152\u5e97", "order_time": ["2019-01-09 22:22:50", "2019-01-09 22:38:50"], "total_order": 2, "hotel_value": ["4.6", "4.6"], "hotel_price": ["598", "791"]}, "15899728": {"hotel_name": "\u5357\u4eac\u4f0a\u8428\u5361\u9152\u5e97\u516c\u5bd3", "order_time": ["2019-01-09 22:22:51"], "total_order": 1, "hotel_value": ["4.5"], "hotel_price": ["135"]}, "1619265": {"hotel_name": "\u5357\u4eac\u6e2f\u9645\u5927\u9152\u5e97(\u592b\u5b50\u5e99\u5e97)", "order_time": ["2019-01-09 22:22:52"], "total_order": 1, "hotel_value": ["4.4"], "hotel_price": ["199"]}, "1669477": {"hotel_name": "\u5357\u4eac\u65b0\u8857\u53e3\u996d\u5e97", "order_time": ["2019-01-09 22:22:53"], "total_order": 1, "hotel_value": ["4.1"], "hotel_price": ["120"]}, "14152970": {"hotel_name": "\u6c49\u5ead\u9152\u5e97(\u5357\u4eac\u6865\u5317\u91d1\u76db\u56fd\u9645\u5bb6\u5c45\u5e97)(\u539f\u5f18\u9633\u5e7f\u573a\u5e97)", "order_time": ["2019-01-09 22:22:55"], "total_order": 1, "hotel_value": ["4.5"], "hotel_price": ["163"]}, "1451827": {"hotel_name": "\u5982\u5bb6\u5feb\u6377\u9152\u5e97(\u5357\u4eac\u592b\u5b50\u5e99\u5730\u94c1\u7ad9\u5e73\u6c5f\u5e9c\u8def\u5e97)", "order_time": ["2019-01-09 22:22:57"], "total_order": 1, "hotel_value": ["4.5"], "hotel_price": ["158"]}, "915022": {"hotel_name": "\u5357\u4eac\u4ed9\u6797\u4e4b\u661f\u5bbe\u9986", "order_time": ["2019-01-09 22:22:58"], "total_order": 1, "hotel_value": ["3.7"], "hotel_price": ["83"]}, "1052245": {"hotel_name": "\u5357\u4eac\u82cf\u4e4b\u661f\u5bbe\u9986(\u539f\u6eaa\u6c34\u5bbe\u9986)", "order_time": ["2019-01-09 22:23:06"], "total_order": 1, "hotel_value": ["3.1"], "hotel_price": ["63"]}, "346283": {"hotel_name": "\u5357\u4eac\u91d1\u9675\u996d\u5e97", "order_time": ["2019-01-09 22:23:26", "2019-01-09 22:31:26"], "total_order": 2, "hotel_value": ["4.8", "4.8"], "hotel_price": ["626", "626"]}, "371145": {"hotel_name": "\u5357\u4eac\u7ef4\u666f\u56fd\u9645\u5927\u9152\u5e97", "order_time": ["2019-01-09 22:23:26", "2019-01-09 22:27:32"], "total_order": 2, "hotel_value": ["4.6", "4.6"], "hotel_price": ["528", "528"]}, "689773": {"hotel_name": "\u5357\u4eac\u949f\u5c71\u5bbe\u9986(\u6c5f\u82cf\u7701\u4f1a\u8bae\u4e2d\u5fc3)", "order_time": ["2019-01-09 22:23:27"], "total_order": 1, "hotel_value": ["4.7"], "hotel_price": ["518"]}, "16012980": {"hotel_name": "\u65af\u7ef4\u767b\u670d\u52a1\u516c\u5bd3(\u5357\u4eac\u5929\u9686\u5bfa\u96e8\u82b1\u5ba2\u5385\u5e97)", "order_time": ["2019-01-09 22:23:27"], "total_order": 1, "hotel_value": ["4.7"], "hotel_price": ["253"]}, "5611564": {"hotel_name": "Q\u52a0\u00b7\u5357\u4eac\u71d5\u96c0\u6e56\u82b1\u56ed\u9152\u5e97", "order_time": ["2019-01-09 22:23:27"], "total_order": 1, "hotel_value": ["4.6"], "hotel_price": ["217"]}, "26623078": {"hotel_name": "\u4e2d\u95f4\u70b9\u6c11\u5bbf", "order_time": ["2019-01-09 22:23:28"], "total_order": 1, "hotel_value": [0], "hotel_price": ["262"]}, "6075600": {"hotel_name": "\u5357\u4eac\u4e9a\u4e1c\u4ff1\u4e50\u90e8", "order_time": ["2019-01-09 22:24:45"], "total_order": 1, "hotel_value": ["4.5"], "hotel_price": ["259"]}, "914386": {"hotel_name": "\u9526\u6c5f\u4e4b\u661f(\u5357\u4eac\u706b\u8f66\u5357\u7ad9\u5e97)", "order_time": ["2019-01-09 22:28:45", "2019-01-09 22:24:45"], "total_order": 2, "hotel_value": ["4.4", "4.4"], "hotel_price": ["187", "187"]}, "20222505": {"hotel_name": "\u5357\u4eac\u6885\u5b50\u5bb6\u9152\u5e97", "order_time": ["2019-01-09 22:48:45", "2019-01-09 22:24:46"], "total_order": 2, "hotel_value": ["4.8", "4.8"], "hotel_price": ["107", "107"]}, "12665128": {"hotel_name": "\u5982\u5bb6\u5546\u65c5(\u5357\u4eac\u592b\u5b50\u5e99\u4e09\u5c71\u8857\u5730\u94c1\u7ad9\u5e97)", "order_time": ["2019-01-09 22:24:48"], "total_order": 1, "hotel_value": ["4.6"], "hotel_price": ["259"]}, "1803955": {"hotel_name": "\u7ef4\u4e5f\u7eb3\u9152\u5e97(\u5357\u4eac\u9f99\u6c5f\u5e97)", "order_time": ["2019-01-09 23:04:45", "2019-01-09 22:24:50"], "total_order": 2, "hotel_value": ["4.9", "4.9"], "hotel_price": ["384", "412"]}, "470357": {"hotel_name": "\u5357\u4eac\u9999\u6a1f\u534e\u82f9\u9152\u5e97", "order_time": ["2019-01-09 22:24:50"], "total_order": 1, "hotel_value": ["4.8"], "hotel_price": ["2938"]}, "9347528": {"hotel_name": "\u56fd\u9645\u9752\u5e74\u4f1a\u8bae\u9152\u5e97(\u5357\u4eac\u56fd\u9645\u9752\u5e74\u6587\u5316\u4e2d\u5fc3\u5e97)", "order_time": ["2019-01-09 22:24:50"], "total_order": 1, "hotel_value": ["4.8"], "hotel_price": ["596"]}, "10607216": {"hotel_name": "\u6e05\u6c90\u7cbe\u9009\u9152\u5e97(\u5357\u4eac\u5357\u7ad9\u5e97)", "order_time": ["2019-01-09 22:24:57"], "total_order": 1, "hotel_value": ["4.6"], "hotel_price": ["249"]}, "12548967": {"hotel_name": "\u5357\u4eac\u84dd\u5ead\u6e7e\u7cbe\u54c1\u9152\u5e97", "order_time": ["2019-01-09 22:25:03"], "total_order": 1, "hotel_value": ["4.3"], "hotel_price": ["119"]}, "4510310": {"hotel_name": "\u5b89\u683c\u65af\u9152\u5e97\u516c\u5bd3(\u5357\u4eac\u6bb7\u5df7\u5e97)", "order_time": ["2019-01-09 22:25:07"], "total_order": 1, "hotel_value": ["4.4"], "hotel_price": ["93"]}, "5917347": {"hotel_name": "\u6854\u5b50\u9152\u5e97\u00b7\u7cbe\u9009(\u5357\u4eac\u738b\u5e9c\u5927\u8857\u5e97)", "order_time": ["2019-01-09 22:26:47"], "total_order": 1, "hotel_value": ["4.8"], "hotel_price": ["322"]}, "1004759": {"hotel_name": "\u9e97\u67ab\u9152\u5e97(\u5357\u4eac\u592b\u5b50\u5e99\u5927\u5149\u8def\u5e97)", "order_time": ["2019-01-09 22:36:50", "2019-01-09 22:26:47"], "total_order": 2, "hotel_value": ["4.6", "4.6"], "hotel_price": ["216", "216"]}, "16094824": {"hotel_name": "\u5357\u4eac\u68b5\u5c45\u7cbe\u54c1\u9152\u5e97\u516c\u5bd3", "order_time": ["2019-01-09 22:26:47"], "total_order": 1, "hotel_value": ["4.8"], "hotel_price": ["202"]}, "1211088": {"hotel_name": "\u83ab\u6cf0168(\u5357\u4eac\u65b0\u8857\u53e3\u5546\u4e1a\u4e2d\u5fc3\u660e\u74e6\u5eca\u5e97)", "order_time": ["2019-01-09 22:26:48"], "total_order": 1, "hotel_value": ["4.5"], "hotel_price": ["153"]}, "17889795": {"hotel_name": "\u5168\u5b63\u9152\u5e97(\u5357\u4eac\u660e\u6545\u5bab\u5e97)", "order_time": ["2019-01-09 22:36:47", "2019-01-09 22:26:48"], "total_order": 2, "hotel_value": ["4.7", "4.7"], "hotel_price": ["350", "350"]}, "21363311": {"hotel_name": "\u5357\u4eac\u52c7\u65f6\u8fbe\u5bbe\u9986", "order_time": ["2019-01-09 22:26:52"], "total_order": 1, "hotel_value": ["4.9"], "hotel_price": ["126"]}, "1774379": {"hotel_name": "\u6c49\u5ead\u9152\u5e97(\u5357\u4eac\u677f\u4ed3\u848b\u738b\u5e99\u5730\u94c1\u7ad9\u5e97)(\u539f\u677f\u4ed3\u8857\u5e97)", "order_time": ["2019-01-09 22:26:52"], "total_order": 1, "hotel_value": ["4.1"], "hotel_price": ["159"]}, "1465490": {"hotel_name": "\u5357\u4eac\u94f6\u767e\u5feb\u6377\u9152\u5e97", "order_time": ["2019-01-09 22:26:52"], "total_order": 1, "hotel_value": ["3.3"], "hotel_price": ["68"]}, "1454364": {"hotel_name": "\u5982\u5bb6\u5feb\u6377\u9152\u5e97(\u5357\u4eac\u65b0\u8857\u53e3\u73e0\u6c5f\u8def\u5730\u94c1\u7ad9\u5fb7\u57fa\u5e7f\u573a\u5e97)", "order_time": ["2019-01-09 22:26:52"], "total_order": 1, "hotel_value": ["4.5"], "hotel_price": ["222"]}, "1273969": {"hotel_name": "\u5357\u4eac\u5047\u65e5\u7687\u51a0\u9152\u5e97", "order_time": ["2019-01-09 22:26:53"], "total_order": 1, "hotel_value": ["4.0"], "hotel_price": ["98"]}, "5316008": {"hotel_name": "\u5357\u4eac\u6a59\u5ba2\u9152\u5e97(\u539f\u901a\u6dee\u5bbe\u9986)", "order_time": ["2019-01-09 22:26:56"], "total_order": 1, "hotel_value": ["4.5"], "hotel_price": ["124"]}, "473477": {"hotel_name": "\u5e03\u4e01\u9152\u5e97(\u5357\u4eac\u706b\u8f66\u7ad9\u5317\u5e7f\u573a\u5e97)", "order_time": ["2019-01-09 22:27:00"], "total_order": 1, "hotel_value": ["3.8"], "hotel_price": ["122"]}, "11087633": {"hotel_name": "\u5357\u4eac\u5ea6\u5c0f\u591c\u9152\u5e97\u5f0f\u516c\u5bd3\u541b\u4e34\u56fd\u9645\u5e97", "order_time": ["2019-01-09 22:27:00"], "total_order": 1, "hotel_value": ["4.5"], "hotel_price": ["282"]}, "15066616": {"hotel_name": "\u5357\u4eac\u4f10\u6728\u91cc\u7cbe\u54c1\u9152\u5e97", "order_time": ["2019-01-09 22:27:01"], "total_order": 1, "hotel_value": ["4.8"], "hotel_price": ["198"]}, "1648687": {"hotel_name": "\u5357\u4eac\u6bdb\u6bdb\u516c\u5bd3", "order_time": ["2019-01-09 22:27:07"], "total_order": 1, "hotel_value": ["4.4"], "hotel_price": ["113"]}, "26627050": {"hotel_name": "\u66d9\u5149\u8587\u9152\u5e97(\u5357\u4eac\u6ea7\u6c34\u5e97)", "order_time": ["2019-01-09 22:27:10"], "total_order": 1, "hotel_value": [0], "hotel_price": ["308"]}, "18113700": {"hotel_name": "\u5357\u4eac\u62fe\u5149\u91cc\u9152\u5e97", "order_time": ["2019-01-09 22:27:13"], "total_order": 1, "hotel_value": ["4.7"], "hotel_price": ["263"]}, "1336390": {"hotel_name": "7\u5929\u8fde\u9501\u9152\u5e97(\u5357\u4eac\u592b\u5b50\u5e99\u5927\u5149\u8def\u5e97)", "order_time": ["2019-01-09 22:34:55", "2019-01-09 22:28:44"], "total_order": 2, "hotel_value": ["4.2", "4.2"], "hotel_price": ["92", "92"]}, "1457011": {"hotel_name": "\u5982\u5bb6\u5feb\u6377\u9152\u5e97(\u5357\u4eac\u6c49\u4e2d\u95e8\u5730\u94c1\u7ad9\u5e02\u6c11\u5e7f\u573a\u864e\u8e1e\u5357\u8def\u5e97)", "order_time": ["2019-01-09 22:30:52", "2019-01-09 22:28:44"], "total_order": 2, "hotel_value": ["4.6", "4.6"], "hotel_price": ["188", "188"]}, "1633091": {"hotel_name": "\u5357\u4eac\u7ea6\u7ff0\u82b1\u56ed\u5927\u9152\u5e97", "order_time": ["2019-01-09 22:52:46", "2019-01-09 22:28:46"], "total_order": 2, "hotel_value": ["4.2", "4.2"], "hotel_price": ["318", "318"]}, "1452456": {"hotel_name": "\u5982\u5bb6\u5feb\u6377\u9152\u5e97(\u5357\u4eac\u516d\u5408\u91d1\u5b81\u5e7f\u573a\u6b65\u884c\u8857\u5e97)", "order_time": ["2019-01-09 22:28:47"], "total_order": 1, "hotel_value": ["4.6"], "hotel_price": ["108"]}, "1829826": {"hotel_name": "\u5c1a\u5ba2\u4f18\u5feb\u6377\u9152\u5e97(\u5357\u4eac\u592b\u5b50\u5e99\u5efa\u5eb7\u8def\u5e97)", "order_time": ["2019-01-09 22:28:50"], "total_order": 1, "hotel_value": ["3.6"], "hotel_price": ["90"]}, "11480001": {"hotel_name": "\u5357\u4eac\u4e2d\u6d77\u51e4\u51f0\u7199\u5cb8\u516c\u5bd3\u5f0f\u9152\u5e97", "order_time": ["2019-01-09 22:28:50"], "total_order": 1, "hotel_value": ["4.7"], "hotel_price": ["346"]}, "6330335": {"hotel_name": "\u5357\u4eac\u5b9c\u5bb6\u5feb\u6377\u5bbe\u9986", "order_time": ["2019-01-09 22:28:50"], "total_order": 1, "hotel_value": ["3.7"], "hotel_price": ["125"]}, "2728633": {"hotel_name": "\u5357\u4eac\u82f1\u4e54\u8c6a\u4eab\u5546\u52a1\u9152\u5e97", "order_time": ["2019-01-09 22:28:50"], "total_order": 1, "hotel_value": ["4.2"], "hotel_price": ["94"]}, "5375999": {"hotel_name": "\u683c\u6797\u8054\u76df\u9152\u5e97(\u5357\u4eac\u5357\u7ad9\u660e\u53d1\u5e7f\u573a\u5e97)", "order_time": ["2019-01-09 22:28:50"], "total_order": 1, "hotel_value": ["4.3"], "hotel_price": ["188"]}, "5781636": {"hotel_name": "\u9752\u679c\u9752\u6a59\u9752\u5e74\u65c5\u820d(\u5357\u4eac\u4e2d\u5c71\u9675\u4e0b\u9a6c\u574a\u5e97)", "order_time": ["2019-01-09 22:28:50"], "total_order": 1, "hotel_value": ["4.3"], "hotel_price": ["42"]}, "25740191": {"hotel_name": "\u6e05\u6c90\u7cbe\u54c1\u9152\u5e97(\u5357\u4eac\u7984\u53e3\u6765\u51e4\u8def\u5e97)", "order_time": ["2019-01-09 22:39:01", "2019-01-09 22:28:53"], "total_order": 2, "hotel_value": ["4.7", "4.7"], "hotel_price": ["149", "149"]}, "2783279": {"hotel_name": "\u5e03\u4e01\u9152\u5e97(\u5357\u4eac\u5357\u7ad9\u53cc\u9f99\u5927\u9053\u5730\u94c1\u7ad9\u5e97)", "order_time": ["2019-01-09 22:28:53", "2019-01-09 22:52:55"], "total_order": 2, "hotel_value": ["4.3", "4.3"], "hotel_price": ["141", "141"]}, "4728409": {"hotel_name": "\u8776\u604b\u82b1\u56ed\u9152\u5e97(\u5357\u4eac\u6653\u5e84\u56fd\u9645\u5e7f\u573a\u5e97)(\u539f\u79cb\u8c31\u5bbe\u9986)", "order_time": ["2019-01-09 22:28:54"], "total_order": 1, "hotel_value": ["4.8"], "hotel_price": ["104"]}, "11897163": {"hotel_name": "7\u5929\u4f18\u54c1\u9152\u5e97(\u5357\u4eac\u4fe1\u606f\u5de5\u7a0b\u5927\u5b66\u5730\u94c1\u7ad9\u5e97)", "order_time": ["2019-01-09 22:28:55"], "total_order": 1, "hotel_value": ["4.6"], "hotel_price": ["147"]}, "434302": {"hotel_name": "\u5357\u4eac\u660e\u53d1\u56fd\u9645\u5927\u9152\u5e97", "order_time": ["2019-01-09 22:30:44"], "total_order": 1, "hotel_value": ["4.7"], "hotel_price": ["1800"]}, "3643845": {"hotel_name": "\u5357\u4eac\u4e0a\u79e6\u6dee\u5957\u623f\u5047\u65e5\u9152\u5e97", "order_time": ["2019-01-09 22:30:45"], "total_order": 1, "hotel_value": ["4.8"], "hotel_price": ["618"]}, "2301847": {"hotel_name": "7\u5929\u8fde\u9501\u9152\u5e97(\u5357\u4eac\u706b\u8f66\u7ad9\u65b0\u6a21\u8303\u9a6c\u8def\u5730\u94c1\u7ad9\u5e97)", "order_time": ["2019-01-09 22:56:54", "2019-01-09 22:30:45"], "total_order": 2, "hotel_value": ["4.1", "4.1"], "hotel_price": ["197", "197"]}, "4731908": {"hotel_name": "\u683c\u6797\u8c6a\u6cf0(\u5357\u4eac\u7ecf\u4e94\u8def\u6708\u82d1\u5e97)", "order_time": ["2019-01-09 22:30:46"], "total_order": 1, "hotel_value": ["4.0"], "hotel_price": ["170"]}, "2023334": {"hotel_name": "\u5357\u4eac\u7d2b\u4e1c\u9152\u5e97(\u7d2b\u4e1c\u751f\u6001\u4f1a\u8bae\u4e2d\u5fc3)", "order_time": ["2019-01-09 22:30:47"], "total_order": 1, "hotel_value": ["4.6"], "hotel_price": ["298"]}, "22825276": {"hotel_name": "\u5357\u4eac\u8bc1\u5927\u5168\u60a6\u516c\u5bd3", "order_time": ["2019-01-09 22:30:48"], "total_order": 1, "hotel_value": ["4.7"], "hotel_price": ["200"]}, "1452149": {"hotel_name": "\u5982\u5bb6\u5feb\u6377\u9152\u5e97(\u5357\u4eac\u706b\u8f66\u5357\u7ad9\u660e\u53d1\u5e7f\u573a\u5730\u94c1\u7ad9\u5e97)", "order_time": ["2019-01-09 22:52:46", "2019-01-09 22:30:48"], "total_order": 2, "hotel_value": ["4.4", "4.4"], "hotel_price": ["193", "193"]}, "25664295": {"hotel_name": "\u5357\u4eac\u5510\u6676\u9152\u5e97", "order_time": ["2019-01-09 22:30:51"], "total_order": 1, "hotel_value": ["4.8"], "hotel_price": ["195"]}, "910072": {"hotel_name": "\u5357\u4eac26\u2103\u4e3b\u9898\u5bbe\u9986", "order_time": ["2019-01-09 22:31:00", "2019-01-09 22:56:58"], "total_order": 2, "hotel_value": ["4.4", "4.4"], "hotel_price": ["109", "109"]}, "1414249": {"hotel_name": "\u5c1a\u5ba2\u4f18\u5feb\u6377\u9152\u5e97(\u5357\u4eac\u516d\u5408\u6cf0\u5c71\u8def\u5e97)", "order_time": ["2019-01-09 22:31:00"], "total_order": 1, "hotel_value": ["4.4"], "hotel_price": ["122"]}, "5247572": {"hotel_name": "\u5357\u4eac\u4e30\u5bcc\u697c\u5bbe\u9986\u65b0\u8857\u53e3\u5e97", "order_time": ["2019-01-09 22:31:00"], "total_order": 1, "hotel_value": ["4.1"], "hotel_price": ["133"]}, "5924978": {"hotel_name": "\u5357\u4eac\u60a0\u95f2\u5c45\u82b1\u56ed\u9152\u5e97", "order_time": ["2019-01-09 22:31:00", "2019-01-09 22:41:13"], "total_order": 2, "hotel_value": ["4.8", "4.8"], "hotel_price": ["118", "118"]}, "1697461": {"hotel_name": "\u5e03\u4e01\u9152\u5e97(\u5357\u4eac\u73e0\u6c5f\u8def\u5730\u94c1\u7ad9\u5e97)", "order_time": ["2019-01-09 22:31:00"], "total_order": 1, "hotel_value": ["3.6"], "hotel_price": ["176"]}, "9662136": {"hotel_name": "\u5357\u4eac\u9526\u6765\u4f4f\u5927\u9152\u5e97", "order_time": ["2019-01-09 22:31:00"], "total_order": 1, "hotel_value": ["3.7"], "hotel_price": ["102"]}, "3385172": {"hotel_name": "\u5c1a\u5ba2\u4f18\u5feb\u6377\u9152\u5e97(\u5357\u4eac\u65b0\u534e\u897f\u8def\u5e97)", "order_time": ["2019-01-09 22:31:00"], "total_order": 1, "hotel_value": ["3.8"], "hotel_price": ["147"]}, "1193124": {"hotel_name": "\u6e05\u6c90\u8fde\u9501\u9152\u5e97(\u5357\u4eac\u4e09\u724c\u697c\u5927\u8857\u5e97)", "order_time": ["2019-01-09 22:31:00"], "total_order": 1, "hotel_value": ["4.1"], "hotel_price": ["250"]}, "2979681": {"hotel_name": "\u604b\u57ce\u60c5\u4fa3\u4e3b\u9898\u9152\u5e97(\u5357\u4eac\u5c71\u897f\u8def\u5e97)", "order_time": ["2019-01-09 22:31:00"], "total_order": 1, "hotel_value": ["3.8"], "hotel_price": ["159"]}, "5374787": {"hotel_name": "\u5357\u4eac\u6d77\u5ddd\u5bbe\u9986", "order_time": ["2019-01-09 22:31:00"], "total_order": 1, "hotel_value": ["3.0"], "hotel_price": ["56"]}, "1447045": {"hotel_name": "\u83ab\u6cf0168(\u5357\u4eac\u6c5f\u5b81\u5927\u5b66\u57ce\u9f99\u7720\u5927\u9053\u5730\u94c1\u7ad9\u5e97)", "order_time": ["2019-01-09 22:31:02"], "total_order": 1, "hotel_value": ["4.4"], "hotel_price": ["142"]}, "3042048": {"hotel_name": "\u5357\u4eac\u8c6a\u90fd\u5bbe\u9986", "order_time": ["2019-01-09 22:31:03"], "total_order": 1, "hotel_value": ["4.5"], "hotel_price": ["92"]}, "5378828": {"hotel_name": "\u5357\u4eac\u8fbe\u8212\u5047\u65e5\u65c5\u9986", "order_time": ["2019-01-09 22:31:04"], "total_order": 1, "hotel_value": ["2.3"], "hotel_price": ["108"]}, "2105407": {"hotel_name": "\u5357\u4eac\u82f9\u679c\u90fd\u5e02\u5355\u8eab\u516c\u5bd3", "order_time": ["2019-01-09 22:31:14"], "total_order": 1, "hotel_value": ["2.2"], "hotel_price": ["113"]}, "458364": {"hotel_name": "\u5357\u4eac\u53e4\u5357\u90fd\u5927\u6865\u996d\u5e97", "order_time": ["2019-01-09 22:32:46"], "total_order": 1, "hotel_value": ["4.8"], "hotel_price": ["286"]}, "1582554": {"hotel_name": "\u5357\u4eac\u53cb\u597d\u524d\u7a0b\u7cbe\u54c1\u9152\u5e97", "order_time": ["2019-01-09 22:32:47"], "total_order": 1, "hotel_value": ["4.2"], "hotel_price": ["204"]}, "15944957": {"hotel_name": "\u5168\u5b63\u9152\u5e97(\u5357\u4eac\u65b0\u8857\u53e3\u6237\u90e8\u8857\u5e97)", "order_time": ["2019-01-09 22:32:47"], "total_order": 1, "hotel_value": ["4.7"], "hotel_price": ["351"]}, "1943682": {"hotel_name": "\u5357\u4eac\u5927\u597d\u6cb3\u5c71\u5ea6\u5047\u9152\u5e97(\u539f\u7d2b\u4e30\u9501\u77f3\u5ea6\u5047\u9152\u5e97)", "order_time": ["2019-01-09 22:32:52", "2019-01-09 22:38:50"], "total_order": 2, "hotel_value": ["4.0", "4.0"], "hotel_price": ["189", "189"]}, "1317702": {"hotel_name": "\u683c\u6797\u8c6a\u6cf0(\u5357\u4eac\u6c5f\u5b81\u533a\u653f\u5e9c\u5feb\u6377\u5e97)", "order_time": ["2019-01-09 22:32:55"], "total_order": 1, "hotel_value": ["3.9"], "hotel_price": ["146"]}, "19110421": {"hotel_name": "\u5357\u4eac\u4e5f\u7136\u00b7\u9047\u89c1\u9152\u5e97", "order_time": ["2019-01-09 22:32:57"], "total_order": 1, "hotel_value": ["4.5"], "hotel_price": ["245"]}, "1210905": {"hotel_name": "\u5e03\u4e01\u9152\u5e97(\u5357\u4eac\u5927\u5b66\u4e91\u5357\u8def\u5e97)", "order_time": ["2019-01-09 22:33:00"], "total_order": 1, "hotel_value": ["4.0"], "hotel_price": ["163"]}, "5378743": {"hotel_name": "\u5357\u4eac\u4e91\u971e\u5bbe\u9986", "order_time": ["2019-01-09 22:33:17", "2019-01-09 22:45:09"], "total_order": 2, "hotel_value": ["3.1", "3.1"], "hotel_price": ["98", "98"]}, "5315749": {"hotel_name": "\u5357\u4eac\u6625\u6c34\u5858\u5feb\u6377\u9152\u5e97", "order_time": ["2019-01-09 22:33:17"], "total_order": 1, "hotel_value": ["2.8"], "hotel_price": ["127"]}, "5245872": {"hotel_name": "\u6e05\u6c90\u7cbe\u54c1\u9152\u5e97(\u5357\u4eac\u67f3\u6d32\u4e1c\u8def\u5730\u94c1\u7ad9\u5e97)", "order_time": ["2019-01-09 22:33:17"], "total_order": 1, "hotel_value": ["4.4"], "hotel_price": ["126"]}, "5083105": {"hotel_name": "\u5357\u4eac\u58f9\u58f9\u5bbe\u9986", "order_time": ["2019-01-09 22:33:17"], "total_order": 1, "hotel_value": ["3.4"], "hotel_price": ["64"]}, "26621620": {"hotel_name": "\u5357\u4eac\u6d9f\u5c45\u7f8e\u5bbf\u516c\u5bd3", "order_time": ["2019-01-09 22:33:17"], "total_order": 1, "hotel_value": [0], "hotel_price": ["269"]}, "1853810": {"hotel_name": "\u5357\u4eac\u8292\u679c\u9152\u5e97", "order_time": ["2019-01-09 22:34:47", "2019-01-09 22:48:46", "2019-01-09 22:46:46"], "total_order": 3, "hotel_value": ["4.3", "4.3", "4.3"], "hotel_price": ["162", "162", "162"]}, "1535630": {"hotel_name": "\u6c49\u5ead\u9152\u5e97(\u5357\u4eac\u592b\u5b50\u5e99\u8001\u95e8\u4e1c\u5e97)", "order_time": ["2019-01-09 22:34:47"], "total_order": 1, "hotel_value": ["4.3"], "hotel_price": ["161"]}, "4707052": {"hotel_name": "Q\u52a0\u00b7\u72ec\u4e00\u5904\u9152\u5e97\u5f0f\u516c\u5bd3(\u5357\u4eac\u5357\u7ad9\u5e97)(\u539f\u5411\u65e5\u8475\u9152\u5e97\u516c\u5bd3)", "order_time": ["2019-01-09 22:34:49"], "total_order": 1, "hotel_value": ["4.7"], "hotel_price": ["129"]}, "1938373": {"hotel_name": "\u9526\u6c5f\u4e4b\u661f(\u5357\u4eac\u6e05\u51c9\u95e8\u5e97)", "order_time": ["2019-01-09 22:34:49"], "total_order": 1, "hotel_value": ["4.5"], "hotel_price": ["205"]}, "5372975": {"hotel_name": "\u5357\u4eac\u4e50\u4e1a\u7cbe\u9009\u9152\u5e97", "order_time": ["2019-01-09 22:34:49"], "total_order": 1, "hotel_value": ["4.4"], "hotel_price": ["150"]}, "1535646": {"hotel_name": "\u6c49\u5ead\u9152\u5e97(\u5357\u4eac\u4e2d\u5c71\u4e1c\u8def\u603b\u7edf\u5e9c\u5e97)", "order_time": ["2019-01-09 22:34:53"], "total_order": 1, "hotel_value": ["4.1"], "hotel_price": ["195"]}, "13826393": {"hotel_name": "\u5357\u4eac\u6c64\u5c71\u6ce1\u6ce1\u6e29\u6cc9\u5ea6\u5047\u5ead\u9662", "order_time": ["2019-01-09 22:34:53"], "total_order": 1, "hotel_value": ["4.8"], "hotel_price": ["641"]}, "15973629": {"hotel_name": "\u5357\u4eac\u4f73\u7f8e\u822a\u7a7a\u9152\u5e97", "order_time": ["2019-01-09 22:34:53"], "total_order": 1, "hotel_value": ["4.5"], "hotel_price": ["296"]}, "1873875": {"hotel_name": "\u90fd\u57ce\u9152\u5e97(\u5357\u4eac\u6c5f\u5b81\u767e\u5bb6\u6e561912\u8857\u533a\u91d1\u9e70\u5e97)", "order_time": ["2019-01-09 22:34:53"], "total_order": 1, "hotel_value": ["4.4"], "hotel_price": ["276"]}, "1604436": {"hotel_name": "\u83ab\u6cf0168(\u5357\u4eac\u592b\u5b50\u5e99\u5730\u94c1\u7ad9\u5e73\u6c5f\u5e9c\u8def\u5e97)", "order_time": ["2019-01-09 23:00:48", "2019-01-09 22:48:45", "2019-01-09 22:34:53"], "total_order": 3, "hotel_value": ["4.7", "4.7", "4.7"], "hotel_price": ["176", "176", "176"]}, "18006446": {"hotel_name": "\u798f\u68ee\u9152\u5e97\u516c\u5bd3(\u5357\u4eac\u5965\u4f53\u5e97)", "order_time": ["2019-01-09 22:34:53"], "total_order": 1, "hotel_value": ["4.8"], "hotel_price": ["187"]}, "8435954": {"hotel_name": "\u5357\u4eac\u4ed9\u6797\u5927\u5b66\u57ce\u751f\u521b\u56ed\u4e9a\u6735\u9152\u5e97", "order_time": ["2019-01-09 22:34:53"], "total_order": 1, "hotel_value": ["4.9"], "hotel_price": ["421"]}, "8651067": {"hotel_name": "\u5357\u4eacTT TOUCH\u9152\u5e97", "order_time": ["2019-01-09 22:34:53"], "total_order": 1, "hotel_value": ["4.6"], "hotel_price": ["270"]}, "1635040": {"hotel_name": "\u5357\u4eac\u9999\u6a59\u5bbe\u9986", "order_time": ["2019-01-09 22:35:06"], "total_order": 1, "hotel_value": ["4.3"], "hotel_price": ["106"]}, "1636165": {"hotel_name": "\u5357\u4eac\u5927\u5bcc\u8c6a\u5bbe\u9986", "order_time": ["2019-01-09 22:36:45"], "total_order": 1, "hotel_value": ["4.1"], "hotel_price": ["94"]}, "6402423": {"hotel_name": "\u5357\u4eac\u7384\u6b66\u6e56\u5047\u65e5\u9152\u5e97", "order_time": ["2019-01-09 22:36:46"], "total_order": 1, "hotel_value": ["4.6"], "hotel_price": ["628"]}, "2105409": {"hotel_name": "\u5357\u4eac\u7d2b\u8346\u56fd\u9645\u9152\u5e97\u516c\u5bd3", "order_time": ["2019-01-09 22:56:48", "2019-01-09 22:36:46"], "total_order": 2, "hotel_value": ["4.6", "4.6"], "hotel_price": ["173", "173"]}, "22825205": {"hotel_name": "\u5357\u4eac\u7d2b\u7384\u9152\u5e97", "order_time": ["2019-01-09 22:44:46", "2019-01-09 22:36:46"], "total_order": 2, "hotel_value": ["4.9", "4.9"], "hotel_price": ["332", "422"]}, "4496845": {"hotel_name": "\u53e4\u5357\u90fd\u4ea6\u95f2\u516c\u9986(\u5357\u4eac\u4e91\u5357\u8def\u5730\u94c1\u7ad9\u5e97)", "order_time": ["2019-01-09 22:36:48", "2019-01-09 22:48:46"], "total_order": 2, "hotel_value": ["4.8", "4.8"], "hotel_price": ["406", "406"]}, "2302286": {"hotel_name": "\u9996\u8c6a\u9152\u5e97(\u5357\u4eac\u5965\u4f53\u6cb3\u897f\u56fd\u9645\u535a\u89c8\u4e2d\u5fc3\u5e97)", "order_time": ["2019-01-09 22:36:49"], "total_order": 1, "hotel_value": ["3.4"], "hotel_price": ["138"]}, "2155706": {"hotel_name": "\u5357\u4eac\u6f2b\u8fb0\u9152\u5e97\u516c\u5bd3", "order_time": ["2019-01-09 22:36:51"], "total_order": 1, "hotel_value": ["4.7"], "hotel_price": ["273"]}, "457934": {"hotel_name": "\u7ef4\u4e5f\u7eb3\u667a\u597d\u9152\u5e97(\u5357\u4eac\u5e94\u5929\u5927\u8857\u5e97)(\u539f\u5965\u60a6\u6ee8\u6c5f\u5047\u65e5\u9152\u5e97)", "order_time": ["2019-01-09 22:36:54"], "total_order": 1, "hotel_value": ["4.2"], "hotel_price": ["327"]}, "25645341": {"hotel_name": "\u5357\u4eac\u7eff\u6c34\u95f4\u5bbe\u9986", "order_time": ["2019-01-09 22:36:59"], "total_order": 1, "hotel_value": ["4.9"], "hotel_price": ["148"]}, "1378417": {"hotel_name": "\u5357\u4eac\u60e0\u6021\u5bbe\u9986", "order_time": ["2019-01-09 22:36:59"], "total_order": 1, "hotel_value": ["3.7"], "hotel_price": ["106"]}, "5033313": {"hotel_name": "\u5357\u4eac\u897f\u683c\u739b\u827a\u672f\u9152\u5e97", "order_time": ["2019-01-09 22:37:05"], "total_order": 1, "hotel_value": ["3.6"], "hotel_price": ["188"]}, "1682768": {"hotel_name": "\u5357\u4eac\u5bb6\u73b2\u9152\u5e97\u516c\u5bd3", "order_time": ["2019-01-09 22:37:09"], "total_order": 1, "hotel_value": ["4.7"], "hotel_price": ["152"]}, "23803729": {"hotel_name": "\u5357\u4eac\u4f0a\u5bb6\u548c\u516c\u5bd3(\u539fe\u5bb6\u548c\u516c\u5bd3)", "order_time": ["2019-01-09 22:37:10"], "total_order": 1, "hotel_value": ["4.3"], "hotel_price": ["147"]}, "1281183": {"hotel_name": "\u6c49\u5ead\u9152\u5e97(\u5357\u4eac\u9f13\u697c\u5e97)", "order_time": ["2019-01-09 22:38:44"], "total_order": 1, "hotel_value": ["4.3"], "hotel_price": ["208"]}, "901996": {"hotel_name": "\u6e05\u6c90\u7cbe\u54c1\u9152\u5e97(\u6c64\u5c71\u6e29\u6cc9\u5e97)(\u539f\u76ca\u6cc9\u5bbe\u9986)", "order_time": ["2019-01-09 22:38:47"], "total_order": 1, "hotel_value": ["4.5"], "hotel_price": ["132"]}, "1339902": {"hotel_name": "\u5982\u5bb6\u5feb\u6377\u9152\u5e97(\u5357\u4eac\u76d0\u4ed3\u6865\u5e7f\u573a\u53cc\u95e8\u697c\u864e\u8e1e\u5317\u8def\u5e97)", "order_time": ["2019-01-09 22:38:49"], "total_order": 1, "hotel_value": ["4.6"], "hotel_price": ["132"]}, "1945907": {"hotel_name": "\u5357\u4eac\u8c37\u91cc\u5927\u9152\u5e97(\u539f\u804c\u5de5\u7597\u517b\u9662)", "order_time": ["2019-01-09 22:38:58"], "total_order": 1, "hotel_value": ["4.5"], "hotel_price": ["347"]}, "10582282": {"hotel_name": "\u5357\u4eac\u6c49\u65f6\u98ce\u516c\u5bd3\u5f0f\u9152\u5e97\u5357\u7ad9\u559c\u6c49\u5e97", "order_time": ["2019-01-09 22:38:58"], "total_order": 1, "hotel_value": ["4.7"], "hotel_price": ["247"]}, "1954858": {"hotel_name": "\u5357\u4eac\u5b81\u987a\u62db\u5f85\u6240", "order_time": ["2019-01-09 22:39:15"], "total_order": 1, "hotel_value": ["3.0"], "hotel_price": ["66"]}, "17589641": {"hotel_name": "\u5357\u4eac\u6211\u5bb6\u5ba2\u6808", "order_time": ["2019-01-09 22:39:19"], "total_order": 1, "hotel_value": [0], "hotel_price": ["41"]}, "1452015": {"hotel_name": "\u5982\u5bb6\u5feb\u6377\u9152\u5e97(\u5357\u4eac\u6708\u7259\u6e56\u94f6\u57ce\u4e1c\u82d1\u5e97)", "order_time": ["2019-01-09 22:40:43"], "total_order": 1, "hotel_value": ["4.6"], "hotel_price": ["147"]}, "3396393": {"hotel_name": "\u5357\u4eac\u4e00\u8def\u9633\u5149\u5bbe\u9986", "order_time": ["2019-01-09 22:40:45"], "total_order": 1, "hotel_value": ["4.3"], "hotel_price": ["111"]}, "450297": {"hotel_name": "\u5357\u4eac\u7231\u4e4b\u7ffc\u4e3b\u9898\u9152\u5e97", "order_time": ["2019-01-09 22:40:46"], "total_order": 1, "hotel_value": ["4.0"], "hotel_price": ["85"]}, "1618811": {"hotel_name": "\u5357\u4eac\u4e1c\u5357\u5927\u5b66\u683c\u6797\u5bbe\u9986", "order_time": ["2019-01-09 22:40:46"], "total_order": 1, "hotel_value": ["4.1"], "hotel_price": ["209"]}, "5495477": {"hotel_name": "\u8776\u604b\u82b1\u56ed\u9152\u5e97\uff08\u5357\u4eac\u8fc8\u768b\u6865\u5730\u94c1\u7ad9\u5e97\uff09", "order_time": ["2019-01-09 22:40:46"], "total_order": 1, "hotel_value": ["4.7"], "hotel_price": ["193"]}, "2643285": {"hotel_name": "\u5357\u4eac\u7ef4\u7eb3\u65af\u9152\u5e97", "order_time": ["2019-01-09 22:40:46"], "total_order": 1, "hotel_value": ["3.4"], "hotel_price": ["209"]}, "433535": {"hotel_name": "\u5357\u4eac\u718a\u732b\u91d1\u9675\u5927\u9152\u5e97", "order_time": ["2019-01-09 22:40:48"], "total_order": 1, "hotel_value": ["4.7"], "hotel_price": ["499"]}, "26557803": {"hotel_name": "\u5357\u4eac\u5f90\u5e84\u82cf\u5b81\u96c5\u60a6\u9152\u5e97", "order_time": ["2019-01-09 22:42:47", "2019-01-09 22:40:48"], "total_order": 2, "hotel_value": ["4.5", "4.5"], "hotel_price": ["348", "348"]}, "21796605": {"hotel_name": "\u7ef4\u4e5f\u7eb3\u9152\u5e97(\u5357\u4eac\u6587\u5fb7\u8def\u5730\u94c1\u7ad9\u7814\u521b\u56ed\u5e97)", "order_time": ["2019-01-09 22:40:49"], "total_order": 1, "hotel_value": ["4.8"], "hotel_price": ["256"]}, "2073915": {"hotel_name": "\u5357\u4eac\u51a0\u519b\u697c\u5927\u9152\u5e97", "order_time": ["2019-01-09 22:40:49", "2019-01-09 22:42:50", "2019-01-09 22:47:05"], "total_order": 3, "hotel_value": ["4.7", "4.7", "4.7"], "hotel_price": ["558", "558", "558"]}, "1219124": {"hotel_name": "\u90fd\u5e02118(\u5357\u4eac\u4e2d\u5c71\u9675\u98ce\u666f\u533a\u4e0b\u9a6c\u574a\u5730\u94c1\u7ad9\u5e97)", "order_time": ["2019-01-09 22:40:49", "2019-01-09 22:52:48"], "total_order": 2, "hotel_value": ["4.4", "4.4"], "hotel_price": ["151", "170"]}, "1862187": {"hotel_name": "\u80af\u5b9a\u5bbe\u9986\u8fde\u9501(\u5357\u4eac\u6c5f\u5b81\u6258\u4e50\u5609\u5e97)", "order_time": ["2019-01-09 22:40:52"], "total_order": 1, "hotel_value": ["3.9"], "hotel_price": ["141"]}, "1458261": {"hotel_name": "\u5357\u4eac\u946b\u8d77\u70b9\u5feb\u6377\u65c5\u5e97", "order_time": ["2019-01-09 22:40:54"], "total_order": 1, "hotel_value": ["4.4"], "hotel_price": ["108"]}, "4504446": {"hotel_name": "\u5357\u4eac\u679c\u7136\u5bbe\u9986", "order_time": ["2019-01-09 22:41:05"], "total_order": 1, "hotel_value": ["3.0"], "hotel_price": ["40"]}, "1649205": {"hotel_name": "\u5357\u4eac\u8f66\u5398\u5b50\u5feb\u6377\u9152\u5e97", "order_time": ["2019-01-09 22:41:05"], "total_order": 1, "hotel_value": ["4.4"], "hotel_price": ["119"]}, "2175726": {"hotel_name": "\u80af\u5b9a\u7cbe\u54c1\u60c5\u4fa3\u9152\u5e97(\u5357\u4eac\u6cb3\u897f\u4e07\u8fbe\u5e97)", "order_time": ["2019-01-09 22:41:05"], "total_order": 1, "hotel_value": ["4.0"], "hotel_price": ["134"]}, "25285137": {"hotel_name": "\u5357\u4eac\u7231\u5c1a\u5bb6\u9152\u5e97", "order_time": ["2019-01-09 22:41:05"], "total_order": 1, "hotel_value": [0], "hotel_price": ["334"]}, "1837944": {"hotel_name": "\u5357\u4eac\u8f69\u5b9c\u9152\u5e97\u516c\u5bd3", "order_time": ["2019-01-09 22:41:05"], "total_order": 1, "hotel_value": ["4.2"], "hotel_price": ["225"]}, "1015430": {"hotel_name": "\u5357\u4eac\u9633\u5b50\u5bbe\u9986", "order_time": ["2019-01-09 22:41:05"], "total_order": 1, "hotel_value": ["4.0"], "hotel_price": ["67"]}, "8074936": {"hotel_name": "\u5357\u4eac\u5357\u5927\u541b\u4e34\u56fd\u9645\u9152\u5e97\u516c\u5bd3", "order_time": ["2019-01-09 22:41:13"], "total_order": 1, "hotel_value": [0], "hotel_price": ["179"]}, "1446113": {"hotel_name": "\u5982\u5bb6\u5546\u65c5\u9152\u5e97(\u5357\u4eac\u706b\u8f66\u7ad9\u5317\u5e7f\u573a\u7ea2\u5c71\u52a8\u7269\u56ed\u5730\u94c1\u7ad9\u5e97)", "order_time": ["2019-01-09 22:42:45"], "total_order": 1, "hotel_value": ["4.6"], "hotel_price": ["232"]}, "433900": {"hotel_name": "\u5357\u4eac\u4e09\u6bdb\u9152\u5e97\u5f0f\u516c\u5bd3", "order_time": ["2019-01-09 22:42:47"], "total_order": 1, "hotel_value": ["4.3"], "hotel_price": ["137"]}, "1614674": {"hotel_name": "\u5357\u4eac\u5bcc\u5efa\u57ce\u5e02\u9152\u5e97", "order_time": ["2019-01-09 22:42:49"], "total_order": 1, "hotel_value": ["4.6"], "hotel_price": ["323"]}, "19921125": {"hotel_name": "\u5357\u4eac\u805a\u4e4b\u7f18\u9152\u5e97(\u539f\u69b4\u83b2\u5c0f\u661f\u9152\u5e97)", "order_time": ["2019-01-09 22:42:53"], "total_order": 1, "hotel_value": ["4.3"], "hotel_price": ["192"]}, "5158996": {"hotel_name": "\u5982\u5bb6\u7cbe\u9009\u9152\u5e97(\u5357\u4eac\u5b9a\u6dee\u95e8\u9f99\u6c5f\u5730\u94c1\u7ad9\u5e97)(\u539f\u9f99\u6c5f\u5b9a\u6dee\u95e8\u5927\u8857\u5e97)", "order_time": ["2019-01-09 22:42:53"], "total_order": 1, "hotel_value": ["4.8"], "hotel_price": ["254"]}, "3666024": {"hotel_name": "\u6021\u83b1\u9152\u5e97(\u5357\u4eac\u6d66\u53e3\u5357\u4fe1\u5927\u5e97)", "order_time": ["2019-01-09 22:42:53"], "total_order": 1, "hotel_value": ["4.5"], "hotel_price": ["208"]}, "1945125": {"hotel_name": "\u5357\u4eac\u4e1c\u5bab\u5927\u9152\u5e97", "order_time": ["2019-01-09 22:42:53"], "total_order": 1, "hotel_value": ["4.2"], "hotel_price": ["251"]}, "1641479": {"hotel_name": "\u7ef4\u4e5f\u7eb3\u9152\u5e97(\u5357\u4eac\u5965\u4f53\u4e2d\u5fc3\u5e97)", "order_time": ["2019-01-09 22:42:54"], "total_order": 1, "hotel_value": ["4.6"], "hotel_price": ["306"]}, "1448720": {"hotel_name": "\u5982\u5bb6\u5546\u65c5\u9152\u5e97(\u5357\u4eac\u7384\u6b66\u6e56\u65b0\u6a21\u8303\u9a6c\u8def\u5730\u94c1\u7ad9\u5e97)", "order_time": ["2019-01-09 22:42:54", "2019-01-09 22:44:48"], "total_order": 2, "hotel_value": ["4.8", "4.8"], "hotel_price": ["260", "260"]}, "1441836": {"hotel_name": "\u83ab\u6cf0168(\u5357\u4eac\u5e7f\u5dde\u8def\u968f\u56ed\u5927\u53a6\u5e97)(\u539f\u5357\u4eac\u5927\u5b66\u5e7f\u5dde\u8def\u5e97)", "order_time": ["2019-01-09 22:42:54"], "total_order": 1, "hotel_value": ["4.6"], "hotel_price": ["196"]}, "2295087": {"hotel_name": "7\u5929\u8fde\u9501\u9152\u5e97(\u5357\u4eac\u592b\u5b50\u5e99\u5730\u94c1\u7ad9\u666f\u533a\u5e97)(\u539f\u592b\u5b50\u5e99\u4e2d\u5fc3\u5e97)", "order_time": ["2019-01-09 22:44:48"], "total_order": 1, "hotel_value": ["4.2"], "hotel_price": ["127"]}, "1066879": {"hotel_name": "\u5357\u4eac\u957f\u8fd0\u5bbe\u9986", "order_time": ["2019-01-09 22:44:58"], "total_order": 1, "hotel_value": ["4.4"], "hotel_price": ["100"]}, "8545558": {"hotel_name": "\u5357\u4eac\u5357\u5927\u56fd\u9645\u4f1a\u8bae\u4e2d\u5fc3", "order_time": ["2019-01-09 22:46:42"], "total_order": 1, "hotel_value": ["4.8"], "hotel_price": ["538"]}, "1677386": {"hotel_name": "\u5357\u4eac\u60a0\u6765\u5c1a\u54c1\u9152\u5e97", "order_time": ["2019-01-09 22:46:45"], "total_order": 1, "hotel_value": ["4.7"], "hotel_price": ["228"]}, "5724727": {"hotel_name": "\u5357\u4eac\u5546\u7750\u5feb\u6377\u5bbe\u9986", "order_time": ["2019-01-09 22:46:45"], "total_order": 1, "hotel_value": ["4.0"], "hotel_price": ["188"]}, "4029612": {"hotel_name": "\u5357\u4eac\u67ab\u53f6\u7cbe\u54c1\u516c\u5bd3 (\u539f\u4e1d\u74dc\u516c\u5bd3)", "order_time": ["2019-01-09 22:46:52"], "total_order": 1, "hotel_value": ["4.1"], "hotel_price": ["116"]}, "17893221": {"hotel_name": "\u521d\u68a6\u9601\u516c\u5bd3\u5f0f\u9152\u5e97(\u5357\u4eac\u6c5f\u5b81\u5927\u5b66\u57ce\u5e97)", "order_time": ["2019-01-09 22:46:53"], "total_order": 1, "hotel_value": ["4.8"], "hotel_price": ["258"]}, "1617244": {"hotel_name": "\u901f8\u9152\u5e97(\u5357\u4eac\u73e0\u6c5f\u8def1912\u5e97)(\u539f\u7cd6\u679c\u65f6\u5149\u5feb\u6377\u9152\u5e97)", "order_time": ["2019-01-09 22:46:53"], "total_order": 1, "hotel_value": ["3.9"], "hotel_price": ["116"]}, "6745244": {"hotel_name": "\u5357\u4eac\u4e1c\u6625\u5bbe\u9986", "order_time": ["2019-01-09 22:46:54"], "total_order": 1, "hotel_value": ["3.9"], "hotel_price": ["123"]}, "1414595": {"hotel_name": "\u69b4\u83b2\u5c0f\u661f\u8fde\u9501\u9152\u5e97(\u5357\u4eac\u5efa\u5b81\u8def\u5e97)", "order_time": ["2019-01-09 22:46:56"], "total_order": 1, "hotel_value": ["4.2"], "hotel_price": ["104"]}, "1463015": {"hotel_name": "\u80af\u5b9a\u5bbe\u9986\u8fde\u9501(\u5357\u4eac\u9f99\u6c5f\u4e8c\u5e97)", "order_time": ["2019-01-09 22:46:56", "2019-01-09 23:04:46"], "total_order": 2, "hotel_value": ["4.1", "4.1"], "hotel_price": ["149", "179"]}, "24519375": {"hotel_name": "\u5357\u4eac\u672a\u6765\u5bd3\u7cbe\u54c1\u9152\u5e97\u5f0f\u516c\u5bd3", "order_time": ["2019-01-09 22:47:02"], "total_order": 1, "hotel_value": ["4.9"], "hotel_price": ["153"]}, "4957374": {"hotel_name": "Zsmart\u667a\u5c1a\u9152\u5e97(\u5357\u4eac\u592b\u5b50\u5e99\u5927\u5149\u8def\u5e97)", "order_time": ["2019-01-09 22:47:05"], "total_order": 1, "hotel_value": ["4.5"], "hotel_price": ["174"]}, "2703631": {"hotel_name": "\u5357\u4eac\u4eac\u822a\u5bbe\u9986", "order_time": ["2019-01-09 22:47:08"], "total_order": 1, "hotel_value": ["4.1"], "hotel_price": ["119"]}, "369713": {"hotel_name": "\u5357\u4eac\u7eff\u5730\u6d32\u9645\u9152\u5e97", "order_time": ["2019-01-09 22:48:45"], "total_order": 1, "hotel_value": ["4.7"], "hotel_price": ["1049"]}, "5373293": {"hotel_name": "\u5137\u67ab\u9152\u5e97(\u5357\u4eac\u5927\u5382\u5730\u94c1\u7ad9\u5e97)", "order_time": ["2019-01-09 22:48:47"], "total_order": 1, "hotel_value": ["4.6"], "hotel_price": ["253"]}, "901878": {"hotel_name": "\u6613\u4f70\u8fde\u9501\u65c5\u5e97(\u5357\u4eac\u5357\u7ad9\u8bda\u4fe1\u5927\u9053\u5730\u94c1\u7ad9\u5e97)", "order_time": ["2019-01-09 22:48:52"], "total_order": 1, "hotel_value": ["4.2"], "hotel_price": ["84"]}, "5127223": {"hotel_name": "\u6c49\u5ead\u9152\u5e97(\u5357\u4eac\u9f13\u697c\u5e7f\u573a\u5e97)", "order_time": ["2019-01-09 22:48:54"], "total_order": 1, "hotel_value": ["4.5"], "hotel_price": ["311"]}, "5469110": {"hotel_name": "\u5357\u4eac\u5929\u79a7\u9152\u5e97", "order_time": ["2019-01-09 22:50:44"], "total_order": 1, "hotel_value": ["4.6"], "hotel_price": ["423"]}, "662535": {"hotel_name": "\u5357\u4eac\u963f\u5c14\u5361\u8fea\u4e9a\u56fd\u9645\u9152\u5e97", "order_time": ["2019-01-09 22:50:44"], "total_order": 1, "hotel_value": ["4.8"], "hotel_price": ["440"]}, "811660": {"hotel_name": "\u6e05\u6c90\u8fde\u9501\u9152\u5e97(\u5357\u4eac\u5927\u6865\u5357\u8def\u5bb6\u4e50\u798f\u5e97)", "order_time": ["2019-01-09 22:50:45"], "total_order": 1, "hotel_value": ["4.3"], "hotel_price": ["124"]}, "19867337": {"hotel_name": "\u5357\u4eac\u6c47\u57ce\u5bbe\u9986", "order_time": ["2019-01-09 22:50:45"], "total_order": 1, "hotel_value": ["4.0"], "hotel_price": ["171"]}, "23917986": {"hotel_name": "\u5357\u4eacMY HOTEL", "order_time": ["2019-01-09 22:50:45"], "total_order": 1, "hotel_value": ["4.7"], "hotel_price": ["340"]}, "2249815": {"hotel_name": "\u5357\u4eac\u68c9\u94ed\u5feb\u6377\u9152\u5e97", "order_time": ["2019-01-09 22:50:45"], "total_order": 1, "hotel_value": ["4.1"], "hotel_price": ["186"]}, "434407": {"hotel_name": "\u5357\u4eac\u91d1\u9675\u6c5f\u6ee8\u9152\u5e97", "order_time": ["2019-01-09 22:50:45"], "total_order": 1, "hotel_value": ["4.7"], "hotel_price": ["2110"]}, "1535633": {"hotel_name": "\u6c49\u5ead\u9152\u5e97(\u5357\u4eac\u6c49\u4e2d\u95e8\u5730\u94c1\u7ad9\u5e97)", "order_time": ["2019-01-09 22:50:46"], "total_order": 1, "hotel_value": ["4.5"], "hotel_price": ["265"]}, "1926738": {"hotel_name": "\u5982\u5bb6\u5feb\u6377\u9152\u5e97(\u5357\u4eac\u5357\u7ad9\u80dc\u592a\u897f\u8def\u7fe0\u5c4f\u5c71\u5730\u94c1\u7ad9\u5e97)", "order_time": ["2019-01-09 22:50:46"], "total_order": 1, "hotel_value": ["4.6"], "hotel_price": ["204"]}, "28094974": {"hotel_name": "\u5982\u5bb6\u5546\u65c5\u9152\u5e97(\u5357\u4eac\u706b\u8f66\u7ad9\u5317\u5e7f\u573a\u7384\u6b66\u6e56\u5e97)", "order_time": ["2019-01-09 22:50:46"], "total_order": 1, "hotel_value": ["4.2"], "hotel_price": ["263"]}, "795217": {"hotel_name": "\u5982\u5bb6\u7cbe\u9009\u9152\u5e97(\u5357\u4eac\u65b0\u8857\u53e3\u5e97)", "order_time": ["2019-01-09 22:50:47"], "total_order": 1, "hotel_value": ["4.7"], "hotel_price": ["331"]}, "3726309": {"hotel_name": "\u6613\u4f70\u8fde\u9501\u9152\u5e97(\u5357\u4eac\u6c5f\u5b81\u5927\u5b66\u57ce\u4ea4\u901a\u5b66\u9662\u5730\u94c1\u7ad9\u5e97)", "order_time": ["2019-01-09 22:50:47"], "total_order": 1, "hotel_value": ["4.2"], "hotel_price": ["99"]}, "3456452": {"hotel_name": "\u5357\u4eac\u65b0\u8857\u53e3\u738b\u5e9c\u5927\u8857\u4e9a\u6735\u9152\u5e97", "order_time": ["2019-01-09 22:50:48"], "total_order": 1, "hotel_value": ["4.8"], "hotel_price": ["386"]}, "2596930": {"hotel_name": "\u6c5f\u5357\u884c\u7cbe\u54c1\u9152\u5e97(\u5357\u4eac\u4e5d\u534e\u5c71\u5730\u94c1\u7ad9\u5e97)", "order_time": ["2019-01-09 22:50:50"], "total_order": 1, "hotel_value": ["4.6"], "hotel_price": ["210"]}, "662545": {"hotel_name": "\u7f57\u83b1\u590f\u6735\u00b7\u5357\u4eac\u9890\u548c\u516c\u9986", "order_time": ["2019-01-09 22:50:50"], "total_order": 1, "hotel_value": ["4.8"], "hotel_price": ["880"]}, "8867914": {"hotel_name": "\u6f2b\u5fc3\u9152\u5e97(\u5357\u4eac\u592b\u5b50\u5e99\u5e97)", "order_time": ["2019-01-09 22:50:50"], "total_order": 1, "hotel_value": ["4.7"], "hotel_price": ["379"]}, "3154175": {"hotel_name": "\u5357\u4eac\u91d1\u9675\u884c\u5bab\u7f51\u7ea2\u9152\u5e97", "order_time": ["2019-01-09 22:50:54"], "total_order": 1, "hotel_value": ["4.7"], "hotel_price": ["208"]}, "22952851": {"hotel_name": "\u5357\u4eac\u6e05\u767d\u9a7f\u9752\u5e74\u5ba2\u6808", "order_time": ["2019-01-09 22:50:54"], "total_order": 1, "hotel_value": ["4.8"], "hotel_price": ["46"]}, "22954002": {"hotel_name": "\u5c1a\u5ba2\u4f18\u54c1\u9152\u5e97(\u5357\u4eac\u592b\u5b50\u5e99\u5927\u5149\u8def\u5e97)", "order_time": ["2019-01-09 22:50:55"], "total_order": 1, "hotel_value": ["4.6"], "hotel_price": ["168"]}, "4729595": {"hotel_name": "\u5357\u4eac\u6615\u6960\u5bbe\u9986", "order_time": ["2019-01-09 22:50:55"], "total_order": 1, "hotel_value": ["3.9"], "hotel_price": ["203"]}, "811706": {"hotel_name": "\u6e05\u6c90\u8fde\u9501\u9152\u5e97(\u5357\u4eac\u706b\u8f66\u7ad9\u4e2d\u592e\u95e8\u5e97)", "order_time": ["2019-01-09 22:50:55"], "total_order": 1, "hotel_value": ["4.2"], "hotel_price": ["104"]}, "1452408": {"hotel_name": "\u5982\u5bb6\u5feb\u6377\u9152\u5e97(\u5357\u4eac\u6c5f\u5b81\u9f99\u7720\u5927\u9053\u5730\u94c1\u7ad9\u5929\u5143\u4e1c\u8def\u5927\u5b66\u57ce\u5e97)", "order_time": ["2019-01-09 22:50:56"], "total_order": 1, "hotel_value": ["4.4"], "hotel_price": ["135"]}, "2035485": {"hotel_name": "\u6f2b\u5fc3\u9152\u5e97(\u5357\u4eac\u592b\u5b50\u5e99\u6c34\u97f5\u79e6\u6dee\u5e97)", "order_time": ["2019-01-09 22:51:00"], "total_order": 1, "hotel_value": ["4.8"], "hotel_price": ["431"]}, "4645762": {"hotel_name": "\u91d1\u6da6\u9633\u5149\u7cbe\u54c1\u9152\u5e97(\u5357\u4eac\u6c5f\u5b81\u5927\u5b66\u57ce\u5e97)", "order_time": ["2019-01-09 22:51:03"], "total_order": 1, "hotel_value": ["4.3"], "hotel_price": ["138"]}, "1136782": {"hotel_name": "\u5357\u4eac\u63a2\u82b1\u697c\u9152\u5e97", "order_time": ["2019-01-09 22:52:45"], "total_order": 1, "hotel_value": ["4.4"], "hotel_price": ["163"]}, "430159": {"hotel_name": "\u5357\u4eac\u7384\u6b66\u82cf\u5b81\u8bfa\u5bcc\u7279\u9152\u5e97", "order_time": ["2019-01-09 22:52:45"], "total_order": 1, "hotel_value": ["4.7"], "hotel_price": ["935"]}, "6391562": {"hotel_name": "\u9526\u6c5f\u90fd\u57ce\u9152\u5e97(\u5357\u4eac\u5357\u7ad9\u767e\u5bb6\u6e56\u5e97)", "order_time": ["2019-01-09 22:52:46"], "total_order": 1, "hotel_value": ["4.8"], "hotel_price": ["458"]}, "1938340": {"hotel_name": "\u9526\u6c5f\u4e4b\u661f(\u5357\u4eac\u65b0\u8857\u53e3\u5e97)", "order_time": ["2019-01-09 22:54:52", "2019-01-09 22:52:49"], "total_order": 2, "hotel_value": ["4.4", "4.4"], "hotel_price": ["193", "193"]}, "8612748": {"hotel_name": "\u5357\u4eac\u559c\u9a6c\u62c9\u96c5\u9152\u5e97\u516c\u5bd3\u5357\u7ad9\u5e97", "order_time": ["2019-01-09 22:52:49"], "total_order": 1, "hotel_value": ["4.7"], "hotel_price": ["204"]}, "21769720": {"hotel_name": "\u5357\u4eac\u9ad8\u76db\u9601\u9152\u5e97", "order_time": ["2019-01-09 22:52:50"], "total_order": 1, "hotel_value": ["4.5"], "hotel_price": ["158"]}, "2893168": {"hotel_name": "\u540d\u4eba\u5ea6\u5047\u516c\u5bd3(\u5357\u4eac\u4e07\u8fbe\u5e7f\u573a\u5e97)", "order_time": ["2019-01-09 22:52:50"], "total_order": 1, "hotel_value": ["4.4"], "hotel_price": ["154"]}, "2701602": {"hotel_name": "\u5357\u4eac\u674f\u82d1\u5bbe\u9986", "order_time": ["2019-01-09 22:52:50"], "total_order": 1, "hotel_value": ["3.8"], "hotel_price": ["256"]}, "8698266": {"hotel_name": "\u5982\u5bb6\u9152\u5e97(\u5357\u4eac\u4e0a\u6d77\u8def\u5730\u94c1\u7ad9\u671d\u5929\u5bab\u5e97)", "order_time": ["2019-01-09 22:52:51"], "total_order": 1, "hotel_value": ["4.5"], "hotel_price": ["193"]}, "1535643": {"hotel_name": "\u6c49\u5ead\u9152\u5e97(\u5357\u4eac\u65b0\u8857\u53e3\u738b\u5e9c\u5927\u8857\u5e97)", "order_time": ["2019-01-09 22:52:52"], "total_order": 1, "hotel_value": ["4.4"], "hotel_price": ["218"]}, "5904203": {"hotel_name": "\u5357\u4eac\u65b0\u9038\u5929\u91d1\u4e1d\u5229\u9152\u5e97", "order_time": ["2019-01-09 22:52:53"], "total_order": 1, "hotel_value": ["4.6"], "hotel_price": ["888"]}, "1454411": {"hotel_name": "\u5982\u5bb6\u5feb\u6377\u9152\u5e97(\u5357\u4eac\u65b0\u8857\u53e3\u4e2d\u5fc3\u5e97)", "order_time": ["2019-01-09 22:52:53"], "total_order": 1, "hotel_value": ["4.6"], "hotel_price": ["206"]}, "1458112": {"hotel_name": "\u5357\u4eac\u5929\u661f\u697c\u5bbe\u9986", "order_time": ["2019-01-09 22:52:59"], "total_order": 1, "hotel_value": ["4.2"], "hotel_price": ["224"]}, "24758724": {"hotel_name": "\u5357\u4eac\u67da\u5b50\u6c11\u5bbf", "order_time": ["2019-01-09 22:53:13"], "total_order": 1, "hotel_value": [0], "hotel_price": ["194"]}, "6829643": {"hotel_name": "\u5357\u4eac\u666f\u60a6\u5546\u52a1\u5bbe\u9986", "order_time": ["2019-01-09 22:54:44"], "total_order": 1, "hotel_value": ["4.0"], "hotel_price": ["140"]}, "22762571": {"hotel_name": "\u5357\u4eac\u77f3\u822a\u9152\u5e97", "order_time": ["2019-01-09 22:54:46"], "total_order": 1, "hotel_value": ["4.9"], "hotel_price": ["112"]}, "1808635": {"hotel_name": "\u901f8\u9152\u5e97(\u5357\u4eac\u6cb9\u574a\u6865\u5e97)", "order_time": ["2019-01-09 22:54:47"], "total_order": 1, "hotel_value": ["3.1"], "hotel_price": ["102"]}, "6060994": {"hotel_name": "\u65c5\u76df\u9152\u5e97(\u5357\u4eac\u6c5f\u6d66\u5ba2\u8fd0\u7ad9\u9f99\u534e\u8def\u5730\u94c1\u7ad9\u5e97)", "order_time": ["2019-01-09 22:54:49"], "total_order": 1, "hotel_value": ["4.3"], "hotel_price": ["82"]}, "25560157": {"hotel_name": "\u5357\u4eac\u76c8\u9f0e\u7cbe\u54c1\u9152\u5e97", "order_time": ["2019-01-09 22:54:49"], "total_order": 1, "hotel_value": ["4.9"], "hotel_price": ["144"]}, "26446286": {"hotel_name": "\u5357\u4eac\u65b0\u6e2f\u5f00\u53d1\u533a\u4e9a\u6735\u9152\u5e97", "order_time": ["2019-01-09 22:54:52"], "total_order": 1, "hotel_value": ["4.8"], "hotel_price": ["319"]}, "1368629": {"hotel_name": "\u5357\u4eac\u96e8\u5c71\u5bbe\u9986", "order_time": ["2019-01-09 22:55:08"], "total_order": 1, "hotel_value": ["4.3"], "hotel_price": ["98"]}, "1942116": {"hotel_name": "\u5357\u4eac\u53cb\u60c5\u5bbe\u9986", "order_time": ["2019-01-09 22:55:09"], "total_order": 1, "hotel_value": ["4.4"], "hotel_price": ["66"]}, "19496510": {"hotel_name": "\u5357\u4eac\u6709\u7720\u9152\u5e97", "order_time": ["2019-01-09 22:55:20"], "total_order": 1, "hotel_value": ["4.5"], "hotel_price": ["203"]}, "1286802": {"hotel_name": "\u6c49\u5ead\u9152\u5e97(\u5357\u4eac\u5e38\u5e9c\u8857\u5e97)", "order_time": ["2019-01-09 22:55:20"], "total_order": 1, "hotel_value": ["4.4"], "hotel_price": ["189"]}, "1632851": {"hotel_name": "\u6854\u5b50\u6c34\u6676\u9152\u5e97(\u5357\u4eac\u9038\u4ed9\u6865\u603b\u7edf\u5e9c\u6885\u56ed\u65b0\u6751\u5e97)", "order_time": ["2019-01-09 22:56:43"], "total_order": 1, "hotel_value": ["4.8"], "hotel_price": ["446"]}, "7215718": {"hotel_name": "\u7ef4\u4e5f\u7eb3\u9152\u5e97(\u5357\u4eac\u592b\u5b50\u5e99\u96e8\u82b1\u8def\u5e97)", "order_time": ["2019-01-09 22:56:47"], "total_order": 1, "hotel_value": ["4.8"], "hotel_price": ["243"]}, "4683063": {"hotel_name": "\u6c49\u5ead\u9152\u5e97(\u5357\u4eac\u65b0\u8857\u53e3\u7ba1\u5bb6\u6865\u5e97)", "order_time": ["2019-01-09 22:56:48"], "total_order": 1, "hotel_value": ["4.4"], "hotel_price": ["213"]}, "5242512": {"hotel_name": "\u5c1acheng\u4f18\u9009\u9152\u5e97(\u5357\u4eac\u7984\u53e3\u673a\u573a\u5e97)", "order_time": ["2019-01-09 22:56:48"], "total_order": 1, "hotel_value": ["3.9"], "hotel_price": ["161"]}, "2300722": {"hotel_name": "7\u5929\u8fde\u9501\u9152\u5e97(\u5357\u4eac\u73e0\u6c5f\u8def\u5730\u94c1\u7ad9\u5e97)", "order_time": ["2019-01-09 22:56:48"], "total_order": 1, "hotel_value": ["4.1"], "hotel_price": ["161"]}, "1829653": {"hotel_name": "\u901f8\u9152\u5e97(\u5357\u4eac\u89e3\u653e\u8def\u5e97)", "order_time": ["2019-01-09 22:56:48"], "total_order": 1, "hotel_value": ["3.7"], "hotel_price": ["143"]}, "474711": {"hotel_name": "\u5357\u4eac\u91d1\u9675\u6676\u5143\u5927\u9152\u5e97", "order_time": ["2019-01-09 22:56:48"], "total_order": 1, "hotel_value": ["4.5"], "hotel_price": ["387"]}, "1944075": {"hotel_name": "\u5e03\u4e01\u9152\u5e97(\u5357\u4eac\u9ad8\u65b0\u533a\u4e1c\u5927\u6210\u8d24\u5b66\u9662\u5730\u94c1\u7ad9\u5e97)", "order_time": ["2019-01-09 22:56:55"], "total_order": 1, "hotel_value": ["4.0"], "hotel_price": ["117"]}, "2071053": {"hotel_name": "\u5357\u4eac\u5fa1\u666f\u6e7e\u9152\u5e97\u516c\u5bd3", "order_time": ["2019-01-09 22:56:55"], "total_order": 1, "hotel_value": ["4.7"], "hotel_price": ["298"]}, "2300356": {"hotel_name": "7\u5929\u8fde\u9501\u9152\u5e97(\u5357\u4eac1912\u9152\u5427\u533a\u6d6e\u6865\u5730\u94c1\u7ad9\u5e97)", "order_time": ["2019-01-09 22:56:55"], "total_order": 1, "hotel_value": ["4.2"], "hotel_price": ["116"]}, "1002425": {"hotel_name": "\u5357\u4eac\u65e5\u51fa\u82b1\u56ed\u827a\u672f\u9152\u5e97", "order_time": ["2019-01-09 23:01:01", "2019-01-09 22:57:03"], "total_order": 2, "hotel_value": ["3.3", "3.3"], "hotel_price": ["119", "119"]}, "1777539": {"hotel_name": "\u5357\u4eac\u9890\u548c\u5c45\u5ba2\u6808", "order_time": ["2019-01-09 22:57:05"], "total_order": 1, "hotel_value": ["4.3"], "hotel_price": ["170"]}, "4386324": {"hotel_name": "\u6d77\u53cb\u826f\u54c1\u9152\u5e97(\u5357\u4eac\u592b\u5b50\u5e99\u5e97)", "order_time": ["2019-01-09 22:58:45"], "total_order": 1, "hotel_value": ["4.5"], "hotel_price": ["161"]}, "946968": {"hotel_name": "\u53e4\u90fd\u6587\u5316\u9152\u5e97(\u5357\u4eac\u7384\u6b66\u6e56\u9f13\u697c\u5730\u94c1\u7ad9\u5e97)", "order_time": ["2019-01-09 22:58:45"], "total_order": 1, "hotel_value": ["4.3"], "hotel_price": ["299"]}, "8412404": {"hotel_name": "\u5357\u4eac\u749f\u5c1a\u7cbe\u54c1\u9152\u5e97\u516c\u5bd3", "order_time": ["2019-01-09 22:58:48"], "total_order": 1, "hotel_value": ["4.6"], "hotel_price": ["309"]}, "795287": {"hotel_name": "\u7ef4\u5c14\u7279\u7cbe\u54c1\u9152\u5e97(\u5357\u4eac\u6cf0\u5c71\u65b0\u6751\u5730\u94c1\u7ad9\u5e97)", "order_time": ["2019-01-09 22:58:48"], "total_order": 1, "hotel_value": ["4.3"], "hotel_price": ["73"]}, "1871399": {"hotel_name": "\u6e05\u6c90\u8fde\u9501\u9152\u5e97(\u5357\u4eac\u7ad9\u65b0\u5e84\u5730\u94c1\u7ad9\u5e97)", "order_time": ["2019-01-09 22:58:51"], "total_order": 1, "hotel_value": ["4.5"], "hotel_price": ["177"]}, "404182": {"hotel_name": "\u5357\u4eac\u4e01\u5c71\u5bbe\u9986", "order_time": ["2019-01-09 22:58:51"], "total_order": 1, "hotel_value": ["4.4"], "hotel_price": ["458"]}, "1426671": {"hotel_name": "\u6021\u83b1\u9152\u5e97(\u5357\u4eac\u592b\u5b50\u5e99\u4e2d\u5fc3\u7cbe\u54c1\u5e97)(\u539f\u5357\u4eac\u745e\u9633\u5927\u9152\u5e97)", "order_time": ["2019-01-09 22:58:52"], "total_order": 1, "hotel_value": ["4.5"], "hotel_price": ["161"]}, "6226081": {"hotel_name": "\u5357\u4eac\u987a\u6c34\u5ead\u8f69\u5bbe\u9986", "order_time": ["2019-01-09 22:58:54"], "total_order": 1, "hotel_value": ["4.2"], "hotel_price": ["150"]}, "5371509": {"hotel_name": "\u5357\u4eac\u5343\u79a7\u65c5\u793e", "order_time": ["2019-01-09 22:58:56"], "total_order": 1, "hotel_value": ["4.1"], "hotel_price": ["78"]}, "1376572": {"hotel_name": "\u5357\u4eac\u5929\u5370\u5bbe\u9986", "order_time": ["2019-01-09 22:59:07"], "total_order": 1, "hotel_value": ["4.4"], "hotel_price": ["62"]}, "6063855": {"hotel_name": "\u5357\u4eac\u6c34\u6676\u4e3d\u6a59\u9152\u5e97", "order_time": ["2019-01-09 23:00:47"], "total_order": 1, "hotel_value": ["4.1"], "hotel_price": ["160"]}, "1226130": {"hotel_name": "\u5357\u4eac\u6c90\u5ead\u9152\u5e97", "order_time": ["2019-01-09 23:00:47"], "total_order": 1, "hotel_value": ["3.7"], "hotel_price": ["129"]}, "8574618": {"hotel_name": "\u5c1a\u5ba2\u4f18\u9a8f\u6021\u8fde\u9501\u9152\u5e97(\u5357\u4eac\u7984\u53e3\u673a\u573a\u5e97)(\u539f\u80dc\u4f3c\u95f2\u5ead\u9152\u5e97)", "order_time": ["2019-01-09 23:00:48"], "total_order": 1, "hotel_value": ["4.7"], "hotel_price": ["124"]}, "1385339": {"hotel_name": "\u5929\u76db\u597d\u5ead\u9152\u5e97(\u5357\u4eac\u9f13\u697c\u5730\u94c1\u7ad9\u5e97)", "order_time": ["2019-01-09 23:00:48", "2019-01-09 23:02:44"], "total_order": 2, "hotel_value": ["4.6", "4.6"], "hotel_price": ["267", "267"]}, "1585888": {"hotel_name": "\u9526\u6c5f\u4e4b\u661f(\u5357\u4eac\u5965\u4f53\u9ec4\u5c71\u8def\u5e97)", "order_time": ["2019-01-09 23:00:50"], "total_order": 1, "hotel_value": ["4.3"], "hotel_price": ["159"]}, "15016883": {"hotel_name": "\u5357\u4eac\u597d\u5ba2\u6765\u9152\u5e97\u5f0f\u516c\u5bd3", "order_time": ["2019-01-09 23:00:55"], "total_order": 1, "hotel_value": ["4.6"], "hotel_price": ["148"]}, "1507692": {"hotel_name": "\u80af\u5b9a\u7cbe\u9009\u9152\u5e97(\u5357\u4eac\u6ee8\u6c5f\u65b0\u57ce\u5e97)(\u539f\u5c1a\u6b27\u57ce\u5e02\u9152\u5e97)", "order_time": ["2019-01-09 23:00:59"], "total_order": 1, "hotel_value": ["4.4"], "hotel_price": ["145"]}, "24120333": {"hotel_name": "\u5357\u4eac\u61d2\u5b85\u516c\u9986", "order_time": ["2019-01-09 23:01:11"], "total_order": 1, "hotel_value": [0], "hotel_price": ["120"]}, "1363338": {"hotel_name": "\u57ce\u5e02\u9a7f\u5bb6\u5bbe\u9986(\u5357\u4eac\u6c5f\u5b81\u4e07\u8fbe\u5e97)(\u539f\u957f\u76c8\u5bbe\u9986)", "order_time": ["2019-01-09 23:02:45"], "total_order": 1, "hotel_value": ["4.4"], "hotel_price": ["83"]}, "1415838": {"hotel_name": "\u901f8\u9152\u5e97(\u5357\u4eac\u706b\u8f66\u5357\u7ad9\u5e97)", "order_time": ["2019-01-09 23:02:49"], "total_order": 1, "hotel_value": ["4.2"], "hotel_price": ["136"]}, "2301748": {"hotel_name": "\u5982\u5bb6\u5feb\u6377\u9152\u5e97(\u5357\u4eac\u5965\u4f53\u4e2d\u5fc3\u5357\u6e56\u8def\u5e97)(\u539f\u8c6a\u5b81\u5546\u52a1\u5bbe\u9986)", "order_time": ["2019-01-09 23:02:49"], "total_order": 1, "hotel_value": ["4.2"], "hotel_price": ["137"]}, "445970": {"hotel_name": "\u5357\u4eac\u6676\u4e3d\u9152\u5e97", "order_time": ["2019-01-09 23:02:49"], "total_order": 1, "hotel_value": ["4.7"], "hotel_price": ["292"]}, "17195370": {"hotel_name": "\u5357\u4eac\u9890\u548c\u82a5\u5b50\u56ed\u9152\u5e97", "order_time": ["2019-01-09 23:02:49"], "total_order": 1, "hotel_value": ["4.8"], "hotel_price": ["835"]}, "15899490": {"hotel_name": "\u5168\u5b63\u9152\u5e97(\u5357\u4eac\u603b\u7edf\u5e9c\u5e97)", "order_time": ["2019-01-09 23:02:49"], "total_order": 1, "hotel_value": ["4.7"], "hotel_price": ["343"]}, "4731426": {"hotel_name": "\u683c\u6797\u8c6a\u6cf0(\u5357\u4eac\u5e02\u7a7a\u6e2f\u5f00\u53d1\u533a\u5c06\u519b\u5927\u9053\u5feb\u6377\u9152\u5e97)", "order_time": ["2019-01-09 23:02:59"], "total_order": 1, "hotel_value": ["4.3"], "hotel_price": ["159"]}, "17996519": {"hotel_name": "\u5357\u4eac\u673a\u573a\u7761\u5427\u9152\u5e97", "order_time": ["2019-01-09 23:04:44"], "total_order": 1, "hotel_value": ["4.4"], "hotel_price": ["146"]}, "2300861": {"hotel_name": "7\u5929\u8fde\u9501\u9152\u5e97(\u5357\u4eac\u4e2d\u592e\u95e8\u706b\u8f66\u7ad9\u5e97)", "order_time": ["2019-01-09 23:04:46"], "total_order": 1, "hotel_value": ["4.3"], "hotel_price": ["102"]}, "426068": {"hotel_name": "\u5357\u4eac\u5f00\u5143\u5927\u9152\u5e97", "order_time": ["2019-01-09 23:04:50"], "total_order": 1, "hotel_value": ["4.7"], "hotel_price": ["399"]}, "5215299": {"hotel_name": "\u5357\u4eac\u5b66\u57ce\u4e4b\u604b\u60c5\u4fa3\u4e3b\u9898\u9152\u5e97", "order_time": ["2019-01-09 23:05:10"], "total_order": 1, "hotel_value": ["4.5"], "hotel_price": ["168"]}, "22268232": {"hotel_name": "\u68a7\u6850\u5bd3\u00b7\u5f71\u9662\u9152\u5e97(\u5357\u4eac\u5357\u7ad9\u5357\u5e7f\u573a\u5e97)", "order_time": ["2019-01-09 23:05:17"], "total_order": 1, "hotel_value": ["4.7"], "hotel_price": ["298"]}, "17864715": {"hotel_name": "\u5357\u4eac\u5357\u5cb8\u98ce\u683c\u9152\u5e97", "order_time": ["2019-01-09 23:05:17"], "total_order": 1, "hotel_value": ["4.7"], "hotel_price": ["173"]}, "1410411": {"hotel_name": "\u4e1c\u822a\u534e\u7f8e\u8fbe\u9152\u5e97(\u5357\u4eac\u673a\u573a\u5e97)", "order_time": ["2019-01-09 23:05:17"], "total_order": 1, "hotel_value": ["4.7"], "hotel_price": ["396"]}, "2487487": {"hotel_name": "\u6c49\u5ead\u9152\u5e97(\u5357\u4eac\u592b\u5b50\u5e99\u5f20\u5e9c\u56ed\u5730\u94c1\u7ad9\u5e97)", "order_time": ["2019-01-09 23:05:17"], "total_order": 1, "hotel_value": ["4.4"], "hotel_price": ["246"]}, "1359801": {"hotel_name": "\u6d77\u53cb\u9152\u5e97(\u5357\u4eac\u6c5f\u5b81\u5927\u5b66\u57ce\u5e97)", "order_time": ["2019-01-09 23:05:18"], "total_order": 1, "hotel_value": ["3.7"], "hotel_price": ["99"]}, "18055590": {"hotel_name": "\u7f8e\u5e74\u534e\u56fd\u9645\u670d\u52a1\u5f0f\u516c\u5bd3(\u5357\u4eac\u96e8\u82b1\u5ba2\u5385\u5929\u9686\u5bfa\u5730\u94c1\u7ad9\u5e97)", "order_time": ["2019-01-09 23:05:18"], "total_order": 1, "hotel_value": ["4.7"], "hotel_price": ["179"]}, "1959640": {"hotel_name": "\u4f18\u5bb6\u9152\u5e97\u516c\u5bd3(\u5357\u4eac\u6c5f\u5b81\u4e07\u8fbe\u5e97)", "order_time": ["2019-01-09 23:05:21"], "total_order": 1, "hotel_value": ["4.3"], "hotel_price": ["158"]}}}