{"\u5f00\u59cb\u8bb0\u5f55\u65f6\u95f4": "2019-01-22 08:15:29", "\u7ed3\u675f\u8bb0\u5f55\u65f6\u95f4": "2019-01-22 09:15:30", "\u8ba2\u5355\u603b\u589e\u91cf": 281, "item": {"1535633": {"hotel_name": "\u6c49\u5ead\u9152\u5e97(\u5357\u4eac\u6c49\u4e2d\u95e8\u5730\u94c1\u7ad9\u5e97)", "order_time": ["2019-01-22 08:17:35"], "total_order": 1, "hotel_value": ["4.6"], "hotel_price": ["256"]}, "369713": {"hotel_name": "\u5357\u4eac\u7eff\u5730\u6d32\u9645\u9152\u5e97", "order_time": ["2019-01-22 08:17:35"], "total_order": 1, "hotel_value": ["4.7"], "hotel_price": ["1049"]}, "23843325": {"hotel_name": "\u4e50\u5bb6\u8f69\u8f7b\u5962\u5ea6\u5047\u516c\u5bd3(\u5357\u4eac\u5965\u4f53\u5347\u9f99\u6c47\u91d1\u5e97)", "order_time": ["2019-01-22 08:17:36"], "total_order": 1, "hotel_value": ["4.6"], "hotel_price": ["174"]}, "11122849": {"hotel_name": "\u5e03\u4e01\u9152\u5e97(\u5357\u4eac\u5357\u7ad9\u5317\u5e7f\u573a\u7eff\u5730\u4e4b\u7a97\u5e97)", "order_time": ["2019-01-22 08:17:36"], "total_order": 1, "hotel_value": ["4.3"], "hotel_price": ["299"]}, "427725": {"hotel_name": "\u83ab\u6cf0168(\u5357\u4eac\u65b0\u8857\u53e3\u6c49\u4e2d\u8def\u533b\u79d1\u5927\u5b66\u5e97)", "order_time": ["2019-01-22 08:17:36"], "total_order": 1, "hotel_value": ["4.6"], "hotel_price": ["227"]}, "1945317": {"hotel_name": "\u5357\u4eac\u6c64\u6cc9\u5bbe\u9986", "order_time": ["2019-01-22 08:17:36"], "total_order": 1, "hotel_value": ["4.2"], "hotel_price": ["194"]}, "1674601": {"hotel_name": "\u6d77\u53cb\u9152\u5e97(\u5357\u4eac\u706b\u8f66\u7ad9\u5e97)", "order_time": ["2019-01-22 08:17:36"], "total_order": 1, "hotel_value": ["3.7"], "hotel_price": ["132"]}, "2300990": {"hotel_name": "7\u5929\u4f18\u54c1\u9152\u5e97(\u5357\u4eac\u592b\u5b50\u5e99\u4e09\u5c71\u8857\u5730\u94c1\u7ad9\u5e97)", "order_time": ["2019-01-22 08:17:36"], "total_order": 1, "hotel_value": ["4.4"], "hotel_price": ["136"]}, "1085671": {"hotel_name": "\u5e03\u4e01\u9152\u5e97(\u5357\u4eac\u4e2d\u5c71\u9675\u5b5d\u9675\u536b\u5e97)", "order_time": ["2019-01-22 08:17:36"], "total_order": 1, "hotel_value": ["3.7"], "hotel_price": ["162"]}, "16470075": {"hotel_name": "\u94c2\u7eb3\u5c4b\u7cbe\u54c1\u516c\u5bd3\u9152\u5e97(\u5357\u4eac\u5965\u4f53\u4e2d\u80dc\u5e97)", "order_time": ["2019-01-22 08:17:37"], "total_order": 1, "hotel_value": ["4.5"], "hotel_price": ["202"]}, "434907": {"hotel_name": "\u5357\u4eac\u66d9\u5149\u56fd\u9645\u5927\u9152\u5e97", "order_time": ["2019-01-22 08:17:40"], "total_order": 1, "hotel_value": ["4.7"], "hotel_price": ["412"]}, "433082": {"hotel_name": "\u5357\u4eac\u9ec4\u57d4\u5927\u9152\u5e97", "order_time": ["2019-01-22 08:19:36"], "total_order": 1, "hotel_value": ["4.7"], "hotel_price": ["258"]}, "481006": {"hotel_name": "\u5357\u4eac\u592a\u548c\u7d2b\u91d1\u5927\u9152\u5e97", "order_time": ["2019-01-22 08:19:36"], "total_order": 1, "hotel_value": ["4.6"], "hotel_price": ["299"]}, "435621": {"hotel_name": "\u5357\u4eac\u4e2d\u5c71\u5927\u53a6", "order_time": ["2019-01-22 08:19:36"], "total_order": 1, "hotel_value": ["4.7"], "hotel_price": ["343"]}, "5549111": {"hotel_name": "\u5357\u4eac\u91d1\u9e70\u5c1a\u7f8e\u9152\u5e97", "order_time": ["2019-01-22 08:23:40", "2019-01-22 08:19:36"], "total_order": 2, "hotel_value": ["4.8", "4.8"], "hotel_price": ["601", "601"]}, "396947": {"hotel_name": "\u5357\u4eac\u91d1\u6c47\u5927\u9152\u5e97", "order_time": ["2019-01-22 08:23:41", "2019-01-22 08:19:36"], "total_order": 2, "hotel_value": ["4.6", "4.6"], "hotel_price": ["338", "338"]}, "2511151": {"hotel_name": "\u548c\u9890\u9152\u5e97(\u5357\u4eac\u65b0\u8857\u53e3\u5730\u94c1\u7ad9\u5e97)", "order_time": ["2019-01-22 08:19:36", "2019-01-22 09:05:53"], "total_order": 2, "hotel_value": ["4.6", "4.6"], "hotel_price": ["309", "309"]}, "19596107": {"hotel_name": "\u6e05\u6c90\u7cbe\u9009\u9152\u5e97(\u5357\u4eac\u5927\u5382\u845b\u5858\u5730\u94c1\u7ad9\u5e97)", "order_time": ["2019-01-22 08:19:36", "2019-01-22 08:29:52"], "total_order": 2, "hotel_value": ["4.8", "4.8"], "hotel_price": ["161", "161"]}, "25289828": {"hotel_name": "\u5357\u4eac\u5f92\u884c\u964c\u5ba2\u9752\u5e74\u65c5\u820d", "order_time": ["2019-01-22 08:19:36"], "total_order": 1, "hotel_value": ["4.9"], "hotel_price": ["68"]}, "13325407": {"hotel_name": "\u5357\u4eac\u73ba\u57ce\u00b7\u963f\u91cc\u9152\u5e97", "order_time": ["2019-01-22 08:19:36", "2019-01-22 08:36:00"], "total_order": 2, "hotel_value": ["4.6", "4.6"], "hotel_price": ["273", "273"]}, "473634": {"hotel_name": "\u9526\u6c5f\u4e4b\u661f(\u5357\u4eac\u65b0\u8857\u53e3\u671d\u5929\u5bab\u897f\u8857\u5e97)", "order_time": ["2019-01-22 08:19:38"], "total_order": 1, "hotel_value": ["4.5"], "hotel_price": ["179"]}, "16094824": {"hotel_name": "\u5357\u4eac\u68b5\u5c45\u7cbe\u54c1\u9152\u5e97\u516c\u5bd3", "order_time": ["2019-01-22 08:21:38"], "total_order": 1, "hotel_value": ["4.8"], "hotel_price": ["216"]}, "5242512": {"hotel_name": "\u5c1acheng\u4f18\u9009\u9152\u5e97(\u5357\u4eac\u7984\u53e3\u673a\u573a\u5e97)", "order_time": ["2019-01-22 08:21:38"], "total_order": 1, "hotel_value": ["3.9"], "hotel_price": ["168"]}, "434302": {"hotel_name": "\u5357\u4eac\u660e\u53d1\u56fd\u9645\u5927\u9152\u5e97", "order_time": ["2019-01-22 08:21:38"], "total_order": 1, "hotel_value": ["4.7"], "hotel_price": ["448"]}, "6652902": {"hotel_name": "\u83ab\u6cf0168(\u5357\u4eac\u9f13\u697c\u5e7f\u573a\u7d2b\u5cf0\u5e97)(\u539f\u9f13\u697c\u5e97)", "order_time": ["2019-01-22 08:21:38"], "total_order": 1, "hotel_value": ["4.6"], "hotel_price": ["199"]}, "1458261": {"hotel_name": "\u5357\u4eac\u946b\u8d77\u70b9\u5feb\u6377\u65c5\u5e97", "order_time": ["2019-01-22 08:21:39"], "total_order": 1, "hotel_value": ["4.3"], "hotel_price": ["108"]}, "447344": {"hotel_name": "\u5357\u4eac\u5965\u4f53\u4e2d\u5fc3\u7f8e\u5c45\u9152\u5e97", "order_time": ["2019-01-22 08:21:39", "2019-01-22 08:48:02"], "total_order": 2, "hotel_value": ["4.5", "4.5"], "hotel_price": ["394", "394"]}, "458407": {"hotel_name": "\u53e4\u5357\u90fd\u9038\u5c45\u9152\u5e97(\u5357\u4eac\u592b\u5b50\u5e99\u5e97)", "order_time": ["2019-01-22 08:21:39"], "total_order": 1, "hotel_value": ["4.9"], "hotel_price": ["371"]}, "15065032": {"hotel_name": "\u5982\u5bb6\u7cbe\u9009\u9152\u5e97(\u5357\u4eac\u592b\u5b50\u5e99\u767d\u4e0b\u8def\u5e97)", "order_time": ["2019-01-22 08:21:39", "2019-01-22 09:12:07"], "total_order": 2, "hotel_value": ["4.8", "4.8"], "hotel_price": ["302", "302"]}, "23801898": {"hotel_name": "\u5357\u4eac\u559c\u739b\u62c9\u96c5\u5047\u65e5\u9152\u5e97", "order_time": ["2019-01-22 08:21:40"], "total_order": 1, "hotel_value": ["4.6"], "hotel_price": ["658"]}, "23929557": {"hotel_name": "\u5357\u4eac\u6c83\u5b5c\u9152\u5e97", "order_time": ["2019-01-22 08:21:41"], "total_order": 1, "hotel_value": ["4.6"], "hotel_price": ["168"]}, "1836219": {"hotel_name": "\u82f9\u679c\u9152\u5e97(\u5357\u4eac\u4e01\u5bb6\u6865\u5e97)", "order_time": ["2019-01-22 08:21:41"], "total_order": 1, "hotel_value": ["3.7"], "hotel_price": ["99"]}, "5127223": {"hotel_name": "\u6c49\u5ead\u9152\u5e97(\u5357\u4eac\u9f13\u697c\u5e7f\u573a\u5e97)", "order_time": ["2019-01-22 08:23:38"], "total_order": 1, "hotel_value": ["4.5"], "hotel_price": ["313"]}, "4390063": {"hotel_name": "\u5357\u4eac\u534e\u6cf0\u4e07\u4e3d\u9152\u5e97", "order_time": ["2019-01-22 09:01:55", "2019-01-22 08:23:38"], "total_order": 2, "hotel_value": ["4.7", "4.7"], "hotel_price": ["977", "977"]}, "1860100": {"hotel_name": "\u5357\u4eac\u4e1c\u5357\u5927\u5b66\u6587\u56ed\u5bbe\u9986(\u56db\u724c\u697c\u6821\u533a)", "order_time": ["2019-01-22 08:43:57", "2019-01-22 08:23:38"], "total_order": 2, "hotel_value": ["4.1", "4.1"], "hotel_price": ["252", "252"]}, "1116413": {"hotel_name": "\u5357\u4eac\u7384\u6b66\u95e8\u4e9a\u6735\u9152\u5e97", "order_time": ["2019-01-22 08:23:38"], "total_order": 1, "hotel_value": ["4.8"], "hotel_price": ["543"]}, "1938309": {"hotel_name": "\u9526\u6c5f\u4e4b\u661f(\u5357\u4eac\u83ab\u6101\u6e56\u5e97)", "order_time": ["2019-01-22 08:23:39"], "total_order": 1, "hotel_value": ["4.4"], "hotel_price": ["218"]}, "859308": {"hotel_name": "\u5982\u5bb6\u5feb\u6377\u9152\u5e97(\u5357\u4eac\u65b0\u8857\u53e3\u5f20\u5e9c\u56ed\u5730\u94c1\u7ad9\u5e97)", "order_time": ["2019-01-22 08:23:39", "2019-01-22 08:58:01"], "total_order": 2, "hotel_value": ["4.6", "4.6"], "hotel_price": ["219", "219"]}, "1451827": {"hotel_name": "\u5982\u5bb6\u5feb\u6377\u9152\u5e97(\u5357\u4eac\u592b\u5b50\u5e99\u5730\u94c1\u7ad9\u5e73\u6c5f\u5e9c\u8def\u5e97)", "order_time": ["2019-01-22 08:23:39"], "total_order": 1, "hotel_value": ["4.5"], "hotel_price": ["228"]}, "3327690": {"hotel_name": "\u6c64\u5c71\u7d2b\u6e05\u6e56\u6e29\u6cc9\u5ea6\u5047\u9152\u5e97", "order_time": ["2019-01-22 08:23:40"], "total_order": 1, "hotel_value": ["4.8"], "hotel_price": ["619"]}, "471367": {"hotel_name": "\u5357\u4eac\u82cf\u5b81\u73af\u7403\u5957\u623f\u996d\u5e97", "order_time": ["2019-01-22 08:23:40"], "total_order": 1, "hotel_value": ["4.8"], "hotel_price": ["548"]}, "6473532": {"hotel_name": "\u7f8e\u8c6a\u9152\u5e97(\u5357\u4eac\u5e02\u4e2d\u5fc3\u5e97)", "order_time": ["2019-01-22 08:23:41"], "total_order": 1, "hotel_value": ["4.8"], "hotel_price": ["340"]}, "435107": {"hotel_name": "\u5357\u4eac\u4e1c\u65b9\u73cd\u73e0\u996d\u5e97", "order_time": ["2019-01-22 08:23:41"], "total_order": 1, "hotel_value": ["4.8"], "hotel_price": ["298"]}, "1604436": {"hotel_name": "\u83ab\u6cf0168(\u5357\u4eac\u592b\u5b50\u5e99\u5730\u94c1\u7ad9\u5e73\u6c5f\u5e9c\u8def\u5e97)", "order_time": ["2019-01-22 08:25:45", "2019-01-22 08:23:41"], "total_order": 2, "hotel_value": ["4.7", "4.7"], "hotel_price": ["251", "251"]}, "6829860": {"hotel_name": "\u5357\u4eac\u835f\u67ab\u9152\u5e97", "order_time": ["2019-01-22 08:23:41"], "total_order": 1, "hotel_value": ["4.8"], "hotel_price": ["388"]}, "6903011": {"hotel_name": "\u7ef4\u4e5f\u7eb3\u56fd\u9645\u9152\u5e97(\u5357\u4eac\u9ad8\u6df3\u5730\u94c1\u7ad9\u5e97)", "order_time": ["2019-01-22 08:23:43"], "total_order": 1, "hotel_value": ["4.6"], "hotel_price": ["200"]}, "909592": {"hotel_name": "\u5982\u5bb6\u5feb\u6377\u9152\u5e97(\u5357\u4eac\u6c5f\u5b81\u7af9\u5c71\u8def\u5730\u94c1\u7ad9\u5e97)", "order_time": ["2019-01-22 08:23:49"], "total_order": 1, "hotel_value": ["4.4"], "hotel_price": ["184"]}, "1642614": {"hotel_name": "\u5357\u4eac\u90fd\u4e50\u5546\u52a1\u5bbe\u9986", "order_time": ["2019-01-22 08:23:50"], "total_order": 1, "hotel_value": ["3.8"], "hotel_price": ["109"]}, "6074801": {"hotel_name": "\u5357\u4eac\u91d1\u5cf0\u6c47\u5927\u9152\u5e97", "order_time": ["2019-01-22 08:25:44"], "total_order": 1, "hotel_value": ["4.8"], "hotel_price": ["398"]}, "375288": {"hotel_name": "\u5357\u4eac\u7384\u6b66\u996d\u5e97", "order_time": ["2019-01-22 08:25:44", "2019-01-22 08:28:19"], "total_order": 2, "hotel_value": ["4.7", "4.7"], "hotel_price": ["548", "548"]}, "6030353": {"hotel_name": "\u8fdc\u901a\u5047\u65e5\u9152\u5e97(\u5357\u4eac\u7af9\u5c71\u8def\u5730\u94c1\u7ad9\u5e97)(\u539f\u5929\u5143\u4e1c\u8def\u5e97)", "order_time": ["2019-01-22 08:25:46"], "total_order": 1, "hotel_value": ["4.6"], "hotel_price": ["176"]}, "813373": {"hotel_name": "\u5357\u4eac\u6db5\u6708\u697c\u9996\u4e3d\u65af\u9152\u5e97", "order_time": ["2019-01-22 08:25:47", "2019-01-22 08:29:50"], "total_order": 2, "hotel_value": ["4.8", "4.8"], "hotel_price": ["579", "579"]}, "17889795": {"hotel_name": "\u5168\u5b63\u9152\u5e97(\u5357\u4eac\u660e\u6545\u5bab\u5e97)", "order_time": ["2019-01-22 08:25:55", "2019-01-22 08:56:01"], "total_order": 2, "hotel_value": ["4.8", "4.8"], "hotel_price": ["263", "263"]}, "4122292": {"hotel_name": "\u5c1a\u5ba2\u4f18\u8fde\u9501\u9152\u5e97(\u5357\u4eac\u6cb3\u6d77\u5927\u5b66\u5730\u94c1\u7ad9\u5e97)", "order_time": ["2019-01-22 08:27:43"], "total_order": 1, "hotel_value": ["4.2"], "hotel_price": ["161"]}, "4493033": {"hotel_name": "\u901f8\u9152\u5e97(\u5357\u4eac\u592b\u5b50\u5e99\u4e2d\u534e\u8def\u5e97)", "order_time": ["2019-01-22 08:27:44"], "total_order": 1, "hotel_value": ["4.2"], "hotel_price": ["178"]}, "9586571": {"hotel_name": "\u53ef\u4e3a\u5bb6\u7cbe\u54c1\u9152\u5e97\u5f0f\u516c\u5bd3(\u5357\u4eac\u5357\u7ad9\u5e97)", "order_time": ["2019-01-22 08:27:49"], "total_order": 1, "hotel_value": ["4.7"], "hotel_price": ["183"]}, "1183653": {"hotel_name": "\u5e03\u4e01\u9152\u5e97(\u5357\u4eac\u5b81\u6d77\u8def\u5357\u5e08\u5927\u6cb3\u6d77\u5927\u5b66\u5e97)", "order_time": ["2019-01-22 08:29:49"], "total_order": 1, "hotel_value": ["3.5"], "hotel_price": ["156"]}, "4043908": {"hotel_name": "\u56fd\u529b\u5bbe\u9986(\u5357\u4eac\u603b\u7edf\u5e9c\u5e97)", "order_time": ["2019-01-22 08:29:51"], "total_order": 1, "hotel_value": ["3.7"], "hotel_price": ["175"]}, "396597": {"hotel_name": "\u91d1\u9e70\u56fd\u4ed5\u8fbe\u9152\u5e97(\u5357\u4eac\u65b0\u8857\u53e3\u5730\u94c1\u7ad9\u5e97)", "order_time": ["2019-01-22 08:53:56", "2019-01-22 08:29:51", "2019-01-22 09:08:05"], "total_order": 3, "hotel_value": ["4.9", "4.9", "4.9"], "hotel_price": ["283", "283", "283"]}, "2575107": {"hotel_name": "Q\u52a0\u00b7\u683c\u9675\u5170\u5c9b\u5546\u52a1\u5bbe\u9986(\u5357\u4eac\u5357\u7ad9\u767e\u5bb6\u6e56\u80dc\u592a\u8def\u5730\u94c1\u7ad9\u5e97)", "order_time": ["2019-01-22 08:29:55", "2019-01-22 09:12:13"], "total_order": 2, "hotel_value": ["4.6", "4.6"], "hotel_price": ["129", "129"]}, "9029692": {"hotel_name": "\u6446\u6e21\u4eba\u56fd\u9645\u9752\u5e74\u65c5\u820d", "order_time": ["2019-01-22 08:30:00"], "total_order": 1, "hotel_value": ["4.7"], "hotel_price": ["39"]}, "4546100": {"hotel_name": "\u5357\u4eac\u8c6a\u60c5\u5bbe\u9986", "order_time": ["2019-01-22 08:30:13"], "total_order": 1, "hotel_value": ["3.1"], "hotel_price": ["88"]}, "6402423": {"hotel_name": "\u5357\u4eac\u7384\u6b66\u6e56\u5047\u65e5\u9152\u5e97", "order_time": ["2019-01-22 08:31:46"], "total_order": 1, "hotel_value": ["4.6"], "hotel_price": ["586"]}, "1687481": {"hotel_name": "\u5357\u4eac\u5927\u5b66\u5357\u82d1\u4f1a\u8bae\u4e2d\u5fc3", "order_time": ["2019-01-22 08:31:46"], "total_order": 1, "hotel_value": ["4.5"], "hotel_price": ["300"]}, "15814149": {"hotel_name": "\u5357\u4eac\u60a6\u4eab\u7cbe\u9009\u9152\u5e97", "order_time": ["2019-01-22 08:31:46"], "total_order": 1, "hotel_value": ["4.7"], "hotel_price": ["215"]}, "1943360": {"hotel_name": "\u69b4\u83b2\u5c0f\u661f\u7cd6\u679c\u9152\u5e97(\u5357\u4eac\u7384\u6b66\u6e56\u5e97)", "order_time": ["2019-01-22 08:31:48"], "total_order": 1, "hotel_value": ["4.2"], "hotel_price": ["201"]}, "25050379": {"hotel_name": "\u5357\u4eac\u5965\u4f53\u4e2d\u5fc3\u4e9a\u6735S\u9152\u5e97", "order_time": ["2019-01-22 08:59:57", "2019-01-22 09:08:05", "2019-01-22 08:31:49"], "total_order": 3, "hotel_value": ["4.8", "4.8", "4.8"], "hotel_price": ["410", "410", "410"]}, "1960551": {"hotel_name": "\u5357\u4eac\u7984\u53e3\u673a\u573a\u94c2\u5c14\u66fc\u5927\u9152\u5e97", "order_time": ["2019-01-22 08:53:56", "2019-01-22 08:31:49"], "total_order": 2, "hotel_value": ["4.7", "4.7"], "hotel_price": ["767", "767"]}, "854476": {"hotel_name": "\u5357\u4eac\u534e\u4e1c\u996d\u5e97", "order_time": ["2019-01-22 08:31:49"], "total_order": 1, "hotel_value": ["4.6"], "hotel_price": ["353"]}, "987566": {"hotel_name": "\u5357\u4eac\u65b0\u8857\u53e3\u82cf\u5b81\u8bfa\u5bcc\u7279\u9152\u5e97", "order_time": ["2019-01-22 08:31:49"], "total_order": 1, "hotel_value": ["4.7"], "hotel_price": ["498"]}, "7423394": {"hotel_name": "\u5357\u4eac\u540d\u7984\u5546\u52a1\u9152\u5e97", "order_time": ["2019-01-22 08:31:50"], "total_order": 1, "hotel_value": ["4.4"], "hotel_price": ["152"]}, "4436718": {"hotel_name": "\u5357\u4eac\u91d1\u9e70\u7687\u51a0\u884c\u653f\u516c\u5bd3", "order_time": ["2019-01-22 08:31:52"], "total_order": 1, "hotel_value": ["4.7"], "hotel_price": ["822"]}, "474287": {"hotel_name": "\u5357\u4eac\u6625\u5e38\u5728\u5047\u65e5\u9152\u5e97", "order_time": ["2019-01-22 08:31:54"], "total_order": 1, "hotel_value": ["3.8"], "hotel_price": ["139"]}, "1426671": {"hotel_name": "\u6021\u83b1\u9152\u5e97(\u5357\u4eac\u592b\u5b50\u5e99\u4e2d\u5fc3\u7cbe\u54c1\u5e97)(\u539f\u5357\u4eac\u745e\u9633\u5927\u9152\u5e97)", "order_time": ["2019-01-22 08:31:54"], "total_order": 1, "hotel_value": ["4.5"], "hotel_price": ["208"]}, "856450": {"hotel_name": "\u5982\u5bb6\u5feb\u6377\u9152\u5e97(\u5357\u4eac\u65b0\u8857\u53e3\u5e38\u5e9c\u8857\u5730\u94c1\u7ad9\u5929\u7a7a\u4e4b\u90fd\u5e97)", "order_time": ["2019-01-22 08:31:56"], "total_order": 1, "hotel_value": ["4.4"], "hotel_price": ["170"]}, "8013605": {"hotel_name": "\u5982\u5bb6\u8054\u76df\u00b7\u534e\u9a7f\u9152\u5e97(\u5357\u4eac\u83ab\u6101\u6e56\u5e97)", "order_time": ["2019-01-22 08:31:58"], "total_order": 1, "hotel_value": ["3.7"], "hotel_price": ["104"]}, "28013635": {"hotel_name": "\u5357\u4eac\u56db\u5b63\u5bbe\u9986", "order_time": ["2019-01-22 08:32:11"], "total_order": 1, "hotel_value": ["5.0"], "hotel_price": ["113"]}, "1946078": {"hotel_name": "\u5357\u4eac\u53e4\u5357\u90fd\u4e94D\u6795\u9152\u5e97", "order_time": ["2019-01-22 09:04:12", "2019-01-22 08:33:52"], "total_order": 2, "hotel_value": ["4.7", "4.7"], "hotel_price": ["230", "230"]}, "425945": {"hotel_name": "\u6c5f\u82cf\u51e4\u51f0\u53f0\u996d\u5e97", "order_time": ["2019-01-22 08:33:52"], "total_order": 1, "hotel_value": ["4.7"], "hotel_price": ["258"]}, "2069884": {"hotel_name": "\u5357\u4eac\u7231\u5c1a\u82b1\u56ed\u9152\u5e97\u516c\u5bd3", "order_time": ["2019-01-22 08:33:54"], "total_order": 1, "hotel_value": ["4.6"], "hotel_price": ["248"]}, "346283": {"hotel_name": "\u5357\u4eac\u91d1\u9675\u996d\u5e97", "order_time": ["2019-01-22 08:33:55", "2019-01-22 08:53:57"], "total_order": 2, "hotel_value": ["4.8", "4.8"], "hotel_price": ["598", "598"]}, "1945382": {"hotel_name": "\u5496\u5c45\u7cbe\u9009\u9152\u5e97(\u5357\u4eac\u82cf\u5b81\u5929\u6da6\u5e7f\u573a\u5e97)(\u539f\u7ef4\u65af\u7279\u7cbe\u54c1\u9152\u5e97)", "order_time": ["2019-01-22 08:33:56"], "total_order": 1, "hotel_value": ["4.4"], "hotel_price": ["104"]}, "6065415": {"hotel_name": "\u6c49\u5ead\u9152\u5e97(\u5357\u4eac\u4e1c\u9e92\u8def\u5e97)(\u539f\u6c7d\u8f664S\u56ed\u5e97)", "order_time": ["2019-01-22 08:33:59"], "total_order": 1, "hotel_value": ["4.5"], "hotel_price": ["161"]}, "2875259": {"hotel_name": "\u56f4\u57ce\u5047\u65e5\u9152\u5e97(\u5357\u4eac\u5357\u7ad9\u4e2d\u5fc3\u5e97)", "order_time": ["2019-01-22 08:34:01", "2019-01-22 09:01:57"], "total_order": 2, "hotel_value": ["4.5", "4.5"], "hotel_price": ["124", "134"]}, "1633044": {"hotel_name": "\u5357\u4eac\u6e56\u6ee8\u91d1\u9675\u996d\u5e97", "order_time": ["2019-01-22 08:44:57", "2019-01-22 08:34:32"], "total_order": 2, "hotel_value": ["4.6", "4.6"], "hotel_price": ["420", "420"]}, "1660621": {"hotel_name": "\u5357\u4eac\u4e4b\u654f\u5e84\u4e3b\u9898\u9152\u5e97", "order_time": ["2019-01-22 08:35:54"], "total_order": 1, "hotel_value": ["4.3"], "hotel_price": ["163"]}, "8838971": {"hotel_name": "\u5357\u4eac\u592b\u5b50\u5e99\u4e9a\u6735\u9152\u5e97", "order_time": ["2019-01-22 08:35:58"], "total_order": 1, "hotel_value": ["4.9"], "hotel_price": ["928"]}, "8574619": {"hotel_name": "\u4e07\u4f4f\u9152\u5e97\u516c\u5bd3(\u5357\u4eac\u5357\u7ad9\u5e97)", "order_time": ["2019-01-22 08:36:13"], "total_order": 1, "hotel_value": ["4.8"], "hotel_price": ["233"]}, "1102727": {"hotel_name": "\u51ef\u514b\u9152\u5e97\u516c\u5bd3(\u5357\u4eac\u541b\u4e34\u56fd\u9645\u5e97)", "order_time": ["2019-01-22 08:36:15"], "total_order": 1, "hotel_value": ["4.1"], "hotel_price": ["230"]}, "15887581": {"hotel_name": "\u5357\u4eac\u8bc1\u5927\u5168\u60a6\u559c\u739b\u62c9\u96c5\u9152\u5e97", "order_time": ["2019-01-22 08:36:19"], "total_order": 1, "hotel_value": ["4.6"], "hotel_price": ["249"]}, "2149278": {"hotel_name": "\u652f\u70b9\u516c\u5bd3(\u5357\u4eac\u65b0\u8857\u53e3\u5e97)", "order_time": ["2019-01-22 08:36:29"], "total_order": 1, "hotel_value": ["3.8"], "hotel_price": ["28"]}, "470827": {"hotel_name": "\u9526\u6c5f\u5357\u4eac\u996d\u5e97", "order_time": ["2019-01-22 08:37:56"], "total_order": 1, "hotel_value": ["4.8"], "hotel_price": ["326"]}, "397164": {"hotel_name": "\u5357\u4eac\u4e01\u5c71\u82b1\u56ed\u5927\u9152\u5e97", "order_time": ["2019-01-22 08:37:56"], "total_order": 1, "hotel_value": ["4.6"], "hotel_price": ["478"]}, "1944235": {"hotel_name": "\u5357\u4eac\u8679\u6865\u996d\u5e97", "order_time": ["2019-01-22 08:37:58"], "total_order": 1, "hotel_value": ["4.4"], "hotel_price": ["210"]}, "26421136": {"hotel_name": "\u5357\u4eac818\u7cbe\u54c1\u9152\u5e97", "order_time": ["2019-01-22 08:59:57", "2019-01-22 08:38:00"], "total_order": 2, "hotel_value": ["4.6", "4.6"], "hotel_price": ["148", "188"]}, "5073966": {"hotel_name": "\u5e03\u4e01\u9152\u5e97(\u5357\u4eac\u592b\u5b50\u5e99\u5730\u94c1\u7ad9\u5e97)", "order_time": ["2019-01-22 09:06:00", "2019-01-22 08:38:00"], "total_order": 2, "hotel_value": ["4.4", "4.4"], "hotel_price": ["174", "174"]}, "2301748": {"hotel_name": "\u5982\u5bb6\u5feb\u6377\u9152\u5e97(\u5357\u4eac\u5965\u4f53\u4e2d\u5fc3\u5357\u6e56\u8def\u5e97)(\u539f\u8c6a\u5b81\u5546\u52a1\u5bbe\u9986)", "order_time": ["2019-01-22 08:38:01"], "total_order": 1, "hotel_value": ["4.2"], "hotel_price": ["152"]}, "1816830": {"hotel_name": "\u6854\u5b50\u9152\u5e97\u00b7\u7cbe\u9009(\u5357\u4eac\u65b0\u8857\u53e3\u5e97)", "order_time": ["2019-01-22 08:38:01"], "total_order": 1, "hotel_value": ["4.9"], "hotel_price": ["322"]}, "1500204": {"hotel_name": "\u5357\u4eac\u5a9a\u9999\u5bbe\u9986", "order_time": ["2019-01-22 08:38:02"], "total_order": 1, "hotel_value": ["4.5"], "hotel_price": ["168"]}, "6765206": {"hotel_name": "\u5357\u4eac\u5929\u5ba2\u6765\u9152\u5e97", "order_time": ["2019-01-22 08:38:09"], "total_order": 1, "hotel_value": ["4.1"], "hotel_price": ["160"]}, "24611267": {"hotel_name": "\u6e05\u6c90\u7cbe\u54c1\u9152\u5e97(\u5357\u4eac\u4e1c\u5584\u6865\u725b\u9996\u5c71\u5e97)", "order_time": ["2019-01-22 08:38:11"], "total_order": 1, "hotel_value": ["4.4"], "hotel_price": ["154"]}, "5451854": {"hotel_name": "\u5357\u4eac\u91d1\u9e70\u56fd\u9645\u9152\u5e97", "order_time": ["2019-01-22 08:40:56", "2019-01-22 08:39:54", "2019-01-22 08:51:58", "2019-01-22 08:40:49", "2019-01-22 08:40:48"], "total_order": 5, "hotel_value": ["4.9", "4.9", "4.9", "4.9", "4.9"], "hotel_price": ["828", "855", "855", "855", "828"]}, "13658367": {"hotel_name": "\u4e50\u4f18\u5c45\u7cbe\u54c1\u516c\u5bd3\uff08\u5357\u4eac\u96e8\u82b1\u5ba2\u5385\u5e97\uff09", "order_time": ["2019-01-22 08:39:55"], "total_order": 1, "hotel_value": ["4.8"], "hotel_price": ["243"]}, "953946": {"hotel_name": "\u5357\u4eac\u96e8\u82b1\u6676\u4e3d\u9152\u5e97", "order_time": ["2019-01-22 08:39:56"], "total_order": 1, "hotel_value": ["4.5"], "hotel_price": ["208"]}, "512269": {"hotel_name": "\u5357\u4eac\u5b5c\u56fe\u9152\u5e97", "order_time": ["2019-01-22 08:40:00", "2019-01-22 08:45:59", "2019-01-22 08:49:57"], "total_order": 3, "hotel_value": ["4.7", "4.7", "4.7"], "hotel_price": ["299", "299", "299"]}, "435796": {"hotel_name": "\u5357\u4eac\u56fd\u4fe1\u72b6\u5143\u697c\u5927\u9152\u5e97", "order_time": ["2019-01-22 08:40:03"], "total_order": 1, "hotel_value": ["4.7"], "hotel_price": ["558"]}, "15950898": {"hotel_name": "\u6c49\u5ead\u4f18\u4f73\u9152\u5e97(\u5357\u4eac\u65b0\u8857\u53e3\u5e97)(\u539f\u6d2a\u6b66\u8def\u5e97)", "order_time": ["2019-01-22 08:40:03"], "total_order": 1, "hotel_value": ["4.6"], "hotel_price": ["275"]}, "4957374": {"hotel_name": "Zsmart\u667a\u5c1a\u9152\u5e97(\u5357\u4eac\u592b\u5b50\u5e99\u5927\u5149\u8def\u5e97)", "order_time": ["2019-01-22 08:40:04"], "total_order": 1, "hotel_value": ["4.5"], "hotel_price": ["174"]}, "8353486": {"hotel_name": "\u6021\u83b1\u9152\u5e97(\u5357\u4eac\u9a6c\u7fa4\u5730\u94c1\u7ad9\u5e97)", "order_time": ["2019-01-22 08:40:14"], "total_order": 1, "hotel_value": ["3.9"], "hotel_price": ["256"]}, "1952004": {"hotel_name": "\u5982\u5bb6\u5feb\u6377\u9152\u5e97(\u5357\u4eac\u516d\u5408\u533a\u653f\u5e9c\u9f99\u6c60\u5730\u94c1\u7ad9\u5e97)", "order_time": ["2019-01-22 08:40:34"], "total_order": 1, "hotel_value": ["4.6"], "hotel_price": ["135"]}, "1454904": {"hotel_name": "\u5357\u4eac\u60e0\u5bb6\u5bbe\u9986", "order_time": ["2019-01-22 08:40:39"], "total_order": 1, "hotel_value": [0], "hotel_price": ["46"]}, "3735656": {"hotel_name": "\u5357\u4eac\u4e1c\u90ca\u56fd\u5bbe\u9986", "order_time": ["2019-01-22 08:41:53"], "total_order": 1, "hotel_value": ["4.8"], "hotel_price": ["1168"]}, "1415920": {"hotel_name": "\u5357\u4eac\u6c34\u6676\u84dd\u6e7e\u516c\u5bd3\u9152\u5e97", "order_time": ["2019-01-22 08:41:53"], "total_order": 1, "hotel_value": ["4.7"], "hotel_price": ["488"]}, "28127506": {"hotel_name": "\u5357\u4eac\u9a6c\u7fa4\u4e9a\u6735\u9152\u5e97", "order_time": ["2019-01-22 08:41:54"], "total_order": 1, "hotel_value": ["4.9"], "hotel_price": ["460"]}, "1209418": {"hotel_name": "\u83ab\u6cf0168(\u5357\u4eac\u592b\u5b50\u5e99\u4e09\u5c71\u8857\u5730\u94c1\u7ad9\u5e97)", "order_time": ["2019-01-22 08:41:57", "2019-01-22 09:08:01"], "total_order": 2, "hotel_value": ["4.6", "4.6"], "hotel_price": ["159", "164"]}, "1686822": {"hotel_name": "\u5bcc\u9a7f\u65f6\u5c1a\u9152\u5e97(\u5357\u4eac\u6c5f\u5b81\u5e97)", "order_time": ["2019-01-22 09:02:07", "2019-01-22 08:52:07", "2019-01-22 08:42:00"], "total_order": 3, "hotel_value": ["4.3", "4.3", "4.3"], "hotel_price": ["173", "173", "173"]}, "1526858": {"hotel_name": "\u5357\u4eac\u5fc5\u5f97\u5546\u52a1\u5bbe\u9986", "order_time": ["2019-01-22 08:42:01"], "total_order": 1, "hotel_value": ["3.9"], "hotel_price": ["198"]}, "1773319": {"hotel_name": "\u6d77\u53cb\u9152\u5e97(\u5357\u4eac\u592b\u5b50\u5e99\u4e2d\u5fc3\u5e97)", "order_time": ["2019-01-22 08:42:03"], "total_order": 1, "hotel_value": ["4.1"], "hotel_price": ["151"]}, "1520034": {"hotel_name": "\u6d77\u53cb\u9152\u5e97(\u5357\u4eac\u592b\u5b50\u5e99\u767d\u4e0b\u8def\u5e97)", "order_time": ["2019-01-22 09:14:05", "2019-01-22 08:42:05"], "total_order": 2, "hotel_value": ["3.9", "3.9"], "hotel_price": ["113", "113"]}, "2299375": {"hotel_name": "\u683c\u6797\u8c6a\u6cf0(\u5357\u4eac\u65b0\u8857\u53e3\u738b\u5e9c\u5927\u8857\u5e97)", "order_time": ["2019-01-22 08:42:16"], "total_order": 1, "hotel_value": ["4.0"], "hotel_price": ["160"]}, "1052193": {"hotel_name": "\u5357\u4eac\u559c\u6d0b\u6d0b\u5bbe\u9986", "order_time": ["2019-01-22 08:42:22"], "total_order": 1, "hotel_value": ["3.9"], "hotel_price": ["86"]}, "26563837": {"hotel_name": "\u5c1a\u5ba2\u4f18\u7cbe\u9009\u9152\u5e97(\u5357\u4eac\u6c5f\u5b81\u5927\u5b66\u57ce\u4ea4\u9662\u5730\u94c1\u7ad9\u5e97)", "order_time": ["2019-01-22 08:43:55"], "total_order": 1, "hotel_value": ["3.7"], "hotel_price": ["389"]}, "1938373": {"hotel_name": "\u9526\u6c5f\u4e4b\u661f(\u5357\u4eac\u6e05\u51c9\u95e8\u5e97)", "order_time": ["2019-01-22 08:43:55"], "total_order": 1, "hotel_value": ["4.5"], "hotel_price": ["249"]}, "654619": {"hotel_name": "\u5357\u4eac\u4e2d\u5174\u548c\u6cf0\u9152\u5e97", "order_time": ["2019-01-22 08:43:55"], "total_order": 1, "hotel_value": ["4.4"], "hotel_price": ["383"]}, "798937": {"hotel_name": "\u5357\u4eac\u592b\u5b50\u5e99\u56fd\u9645\u9752\u5e74\u65c5\u820d", "order_time": ["2019-01-22 08:43:58", "2019-01-22 09:06:00"], "total_order": 2, "hotel_value": ["4.1", "4.1"], "hotel_price": ["45", "45"]}, "1853810": {"hotel_name": "\u5357\u4eac\u8292\u679c\u9152\u5e97", "order_time": ["2019-01-22 08:43:58"], "total_order": 1, "hotel_value": ["4.3"], "hotel_price": ["134"]}, "15342933": {"hotel_name": "\u6d77\u660e\u5a01\u7cbe\u54c1\u9152\u5e97\u516c\u5bd3(\u5357\u4eac\u5929\u9686\u5bfa\u5730\u94c1\u7ad9\u5e97)", "order_time": ["2019-01-22 08:44:03"], "total_order": 1, "hotel_value": ["4.8"], "hotel_price": ["249"]}, "1451810": {"hotel_name": "\u5982\u5bb6\u5feb\u6377\u9152\u5e97(\u5357\u4eac\u4e2d\u5c71\u4e1c\u8def\u89e3\u653e\u8def\u5e97)", "order_time": ["2019-01-22 08:44:14"], "total_order": 1, "hotel_value": ["4.4"], "hotel_price": ["149"]}, "5247572": {"hotel_name": "\u5357\u4eac\u4e30\u5bcc\u697c\u5bbe\u9986\u65b0\u8857\u53e3\u5e97", "order_time": ["2019-01-22 08:44:18"], "total_order": 1, "hotel_value": ["4.2"], "hotel_price": ["133"]}, "1829653": {"hotel_name": "\u901f8\u9152\u5e97(\u5357\u4eac\u89e3\u653e\u8def\u5e97)", "order_time": ["2019-01-22 08:45:55"], "total_order": 1, "hotel_value": ["3.7"], "hotel_price": ["168"]}, "9347528": {"hotel_name": "\u56fd\u9645\u9752\u5e74\u4f1a\u8bae\u9152\u5e97(\u5357\u4eac\u56fd\u9645\u9752\u5e74\u6587\u5316\u4e2d\u5fc3\u5e97)", "order_time": ["2019-01-22 08:45:56"], "total_order": 1, "hotel_value": ["4.8"], "hotel_price": ["598"]}, "482199": {"hotel_name": "\u5357\u4eac\u94f6\u57ce\u7687\u51a0\u5047\u65e5\u9152\u5e97", "order_time": ["2019-01-22 08:46:03", "2019-01-22 08:48:02"], "total_order": 2, "hotel_value": ["4.7", "4.7"], "hotel_price": ["758", "758"]}, "1861566": {"hotel_name": "\u5357\u4eac\u827e\u68ee\u65f6\u5c1a\u5546\u52a1\u65c5\u5e97", "order_time": ["2019-01-22 08:46:04"], "total_order": 1, "hotel_value": ["3.8"], "hotel_price": ["158"]}, "4310743": {"hotel_name": "\u6e05\u6c90\u7cbe\u9009\u9152\u5e97(\u5357\u4eac\u5965\u4f53\u4f1a\u5c55\u4e2d\u5fc3\u5e97)", "order_time": ["2019-01-22 08:46:04"], "total_order": 1, "hotel_value": ["4.4"], "hotel_price": ["264"]}, "5016538": {"hotel_name": "\u5c0f\u65f6\u5149\u5bbe\u9986(\u5357\u4eac\u7984\u53e3\u673a\u573a\u5e97)", "order_time": ["2019-01-22 08:46:04"], "total_order": 1, "hotel_value": ["4.9"], "hotel_price": ["124"]}, "12543472": {"hotel_name": "\u5357\u4eac\u670b\u6765\u56fd\u9645\u9152\u5e97\u516c\u5bd3", "order_time": ["2019-01-22 08:46:10"], "total_order": 1, "hotel_value": ["4.6"], "hotel_price": ["184"]}, "794759": {"hotel_name": "\u5357\u4eac\u5929\u6e56\u5bbe\u9986", "order_time": ["2019-01-22 08:47:56"], "total_order": 1, "hotel_value": ["4.6"], "hotel_price": ["153"]}, "4654385": {"hotel_name": "\u5357\u4eac\u5c1a\u79be\u5409\u5c71\u9152\u5e97(\u539f\u4e3d\u6e56\u96c5\u81f4\u5409\u5c71\u9152\u5e97)", "order_time": ["2019-01-22 08:47:56"], "total_order": 1, "hotel_value": ["4.5"], "hotel_price": ["303"]}, "25560157": {"hotel_name": "\u5357\u4eac\u76c8\u9f0e\u7cbe\u54c1\u9152\u5e97", "order_time": ["2019-01-22 08:47:57"], "total_order": 1, "hotel_value": ["4.9"], "hotel_price": ["144"]}, "1938340": {"hotel_name": "\u9526\u6c5f\u4e4b\u661f(\u5357\u4eac\u65b0\u8857\u53e3\u5e97)", "order_time": ["2019-01-22 08:47:57"], "total_order": 1, "hotel_value": ["4.4"], "hotel_price": ["227"]}, "4727336": {"hotel_name": "\u5357\u4eac\u4e09\u676f\u8336\u9752\u5e74\u516c\u5bd3", "order_time": ["2019-01-22 08:47:57"], "total_order": 1, "hotel_value": ["4.7"], "hotel_price": ["53"]}, "6336154": {"hotel_name": "\u5168\u5b63\u9152\u5e97(\u5357\u4eac\u9f99\u87e0\u4e2d\u8def\u5e97)", "order_time": ["2019-01-22 08:47:57"], "total_order": 1, "hotel_value": ["4.6"], "hotel_price": ["269"]}, "6060994": {"hotel_name": "\u65c5\u76df\u9152\u5e97(\u5357\u4eac\u6c5f\u6d66\u5ba2\u8fd0\u7ad9\u9f99\u534e\u8def\u5730\u94c1\u7ad9\u5e97)", "order_time": ["2019-01-22 08:47:58"], "total_order": 1, "hotel_value": ["4.2"], "hotel_price": ["83"]}, "1415838": {"hotel_name": "\u901f8\u9152\u5e97(\u5357\u4eac\u706b\u8f66\u5357\u7ad9\u5e97)", "order_time": ["2019-01-22 08:53:56", "2019-01-22 08:47:59"], "total_order": 2, "hotel_value": ["4.2", "4.2"], "hotel_price": ["177", "177"]}, "1102121": {"hotel_name": "\u6c49\u5ead\u9152\u5e97(\u5357\u4eac\u6e56\u5357\u8def\u5e97)", "order_time": ["2019-01-22 08:48:00"], "total_order": 1, "hotel_value": ["4.2"], "hotel_price": ["199"]}, "28234592": {"hotel_name": "\u5357\u4eac\u76db\u60a6\u516c\u5bd3", "order_time": ["2019-01-22 08:48:01"], "total_order": 1, "hotel_value": ["4.9"], "hotel_price": ["217"]}, "434989": {"hotel_name": "\u5357\u4eac\u4e2d\u5fc3\u5927\u9152\u5e97", "order_time": ["2019-01-22 08:48:11"], "total_order": 1, "hotel_value": ["4.8"], "hotel_price": ["499"]}, "1873547": {"hotel_name": "\u80af\u5b9a\u7cbe\u54c1\u9152\u5e97(\u5357\u4eac\u6768\u516c\u4e95\u5e97)(\u539f\u90fd\u4e50\u5bbe\u9986\u6768\u516c\u4e95\u5e97)", "order_time": ["2019-01-22 08:52:12", "2019-01-22 08:48:12", "2019-01-22 08:56:14"], "total_order": 3, "hotel_value": ["4.0", "4.0", "4.0"], "hotel_price": ["124", "124", "124"]}, "6111421": {"hotel_name": "\u6e05\u6c90\u7cbe\u54c1\u9152\u5e97(\u5357\u4eac\u5929\u6da6\u57ce\u5730\u94c1\u7ad9\u5e97)", "order_time": ["2019-01-22 08:49:59"], "total_order": 1, "hotel_value": ["4.5"], "hotel_price": ["134"]}, "2488992": {"hotel_name": "\u6854\u5b50\u6c34\u6676\u9152\u5e97(\u5357\u4eac\u5965\u4f53\u4e2d\u80dc\u56fd\u9645\u535a\u89c8\u4e2d\u5fc3\u5e97)", "order_time": ["2019-01-22 08:50:07"], "total_order": 1, "hotel_value": ["4.9"], "hotel_price": ["455"]}, "898232": {"hotel_name": "\u5929\u76db\u5927\u9152\u5e97(\u5357\u4eac\u65b0\u8857\u53e3\u5f20\u5e9c\u56ed\u5730\u94c1\u7ad9\u5e97)", "order_time": ["2019-01-22 08:50:07"], "total_order": 1, "hotel_value": ["4.5"], "hotel_price": ["255"]}, "4728409": {"hotel_name": "\u8776\u604b\u82b1\u56ed\u9152\u5e97(\u5357\u4eac\u6653\u5e84\u56fd\u9645\u5e7f\u573a\u5e97)(\u539f\u79cb\u8c31\u5bbe\u9986)", "order_time": ["2019-01-22 08:50:08"], "total_order": 1, "hotel_value": ["4.9"], "hotel_price": ["93"]}, "13819648": {"hotel_name": "\u5357\u4eac\u6c49\u8d8a\u5ead\u7cbe\u54c1\u9152\u5e97", "order_time": ["2019-01-22 08:50:12"], "total_order": 1, "hotel_value": ["4.8"], "hotel_price": ["113"]}, "1949861": {"hotel_name": "\u5e03\u4e01\u9152\u5e97(\u5357\u4eac\u5965\u4f53\u5e90\u5c71\u8def\u5e97)(\u539f\u6e05\u5ead\u5546\u52a1\u5bbe\u9986)", "order_time": ["2019-01-22 08:50:13"], "total_order": 1, "hotel_value": ["3.9"], "hotel_price": ["139"]}, "1500412": {"hotel_name": "\u5357\u4eac\u77bb\u56ed\u56fd\u9645\u9752\u5e74\u65c5\u820d", "order_time": ["2019-01-22 08:51:56", "2019-01-22 09:01:56"], "total_order": 2, "hotel_value": ["4.1", "4.1"], "hotel_price": ["50", "50"]}, "2624089": {"hotel_name": "\u5357\u4eac\u603b\u7edf\u5e9c\u4e9a\u6735\u9152\u5e97", "order_time": ["2019-01-22 08:51:56", "2019-01-22 09:01:52"], "total_order": 2, "hotel_value": ["4.7", "4.7"], "hotel_price": ["378", "378"]}, "1211088": {"hotel_name": "\u83ab\u6cf0168(\u5357\u4eac\u65b0\u8857\u53e3\u5546\u4e1a\u4e2d\u5fc3\u660e\u74e6\u5eca\u5e97)", "order_time": ["2019-01-22 08:51:57"], "total_order": 1, "hotel_value": ["4.5"], "hotel_price": ["237"]}, "1862999": {"hotel_name": "\u6d77\u53cb\u9152\u5e97(\u5357\u4eac\u7ea2\u5c71\u52a8\u7269\u56ed\u5730\u94c1\u7ad9\u5e97)", "order_time": ["2019-01-22 08:52:00"], "total_order": 1, "hotel_value": ["4.0"], "hotel_price": ["123"]}, "2302852": {"hotel_name": "7\u5929\u8fde\u9501\u9152\u5e97(\u5357\u4eac\u5357\u7ad9\u6c5f\u5b81\u6cb3\u5b9a\u6865\u5730\u94c1\u7ad9\u5e97)", "order_time": ["2019-01-22 08:52:01"], "total_order": 1, "hotel_value": ["3.9"], "hotel_price": ["127"]}, "1944023": {"hotel_name": "\u5357\u4eac\u822a\u7a7a\u822a\u5929\u5927\u5b66\u5fa1\u82d1\u5bbe\u9986", "order_time": ["2019-01-22 08:52:03", "2019-01-22 09:06:03"], "total_order": 2, "hotel_value": ["4.2", "4.2"], "hotel_price": ["258", "258"]}, "1454476": {"hotel_name": "\u5982\u5bb6\u5546\u65c5\u9152\u5e97(\u5357\u4eac\u65b0\u57ce\u5e02\u5e7f\u573a\u9f99\u6c5f\u5730\u94c1\u7ad9\u5e97)", "order_time": ["2019-01-22 08:52:04"], "total_order": 1, "hotel_value": ["4.6"], "hotel_price": ["341"]}, "811674": {"hotel_name": "\u6e05\u6c90\u8fde\u9501\u9152\u5e97(\u5357\u4eac\u4e94\u53f0\u5c71\u5e7f\u5dde\u8def\u968f\u56ed\u5927\u53a6\u5e97)", "order_time": ["2019-01-22 08:52:05"], "total_order": 1, "hotel_value": ["4.3"], "hotel_price": ["174"]}, "481819": {"hotel_name": "\u5357\u4eac\u4e3d\u6e56\u96c5\u81f4\u9152\u5e97", "order_time": ["2019-01-22 09:01:57", "2019-01-22 08:52:05"], "total_order": 2, "hotel_value": ["4.7", "4.7"], "hotel_price": ["688", "688"]}, "1862828": {"hotel_name": "\u6021\u83b1\u9152\u5e97(\u5357\u4eac\u603b\u7edf\u5e9c\u5e97)(\u539f\u73e0\u6c5f\u8def\u5e97)", "order_time": ["2019-01-22 08:52:11"], "total_order": 1, "hotel_value": ["4.1"], "hotel_price": ["189"]}, "1683894": {"hotel_name": "\u5357\u4eac\u5357\u94a2\u5bbe\u9986", "order_time": ["2019-01-22 08:52:16"], "total_order": 1, "hotel_value": ["4.3"], "hotel_price": ["223"]}, "899861": {"hotel_name": "\u51ef\u5bbe\u9152\u5e97\u516c\u5bd3\u8fde\u9501(\u5357\u4eac\u76db\u5929\u5927\u53a6\u5e97)", "order_time": ["2019-01-22 08:52:30"], "total_order": 1, "hotel_value": ["4.4"], "hotel_price": ["221"]}, "21914008": {"hotel_name": "\u5357\u4eac\u5353\u7f8e\u4e9a\u9152\u5e97", "order_time": ["2019-01-22 08:53:57"], "total_order": 1, "hotel_value": ["4.8"], "hotel_price": ["1049"]}, "2139889": {"hotel_name": "7\u5929\u8fde\u9501\u9152\u5e97(\u5357\u4eac\u4e0b\u5173\u70ed\u6cb3\u5357\u8def\u5e97)", "order_time": ["2019-01-22 08:53:57"], "total_order": 1, "hotel_value": ["4.0"], "hotel_price": ["146"]}, "1283038": {"hotel_name": "\u5357\u4eac\u91d1\u9675\u65b0\u57ce\u996d\u5e97", "order_time": ["2019-01-22 08:54:00"], "total_order": 1, "hotel_value": ["4.7"], "hotel_price": ["384"]}, "9666356": {"hotel_name": "\u6c49\u5ead\u9152\u5e97(\u5357\u4eac\u6c5f\u5b81\u725b\u9996\u5c71\u5e97)", "order_time": ["2019-01-22 08:54:00"], "total_order": 1, "hotel_value": ["4.1"], "hotel_price": ["218"]}, "1944086": {"hotel_name": "\u683c\u6797\u8c6a\u6cf0(\u5357\u4eac\u94f6\u6865\u5e02\u573a\u5e97)", "order_time": ["2019-01-22 08:54:09"], "total_order": 1, "hotel_value": ["4.1"], "hotel_price": ["180"]}, "3727242": {"hotel_name": "\u6c49\u65f6\u98ce\u516c\u5bd3\u5f0f\u9152\u5e97(\u5357\u4eac\u4e2d\u6d77\u73ba\u6c49\u5e97)", "order_time": ["2019-01-22 08:54:12"], "total_order": 1, "hotel_value": ["4.7"], "hotel_price": ["328"]}, "6662579": {"hotel_name": "\u5357\u4eac\u78ca\u54c1\u946b\u65c5\u9986", "order_time": ["2019-01-22 08:54:26"], "total_order": 1, "hotel_value": ["4.2"], "hotel_price": ["45"]}, "1894332": {"hotel_name": "\u5357\u4eac\u7965\u8bda\u5546\u52a1\u5bbe\u9986", "order_time": ["2019-01-22 08:54:31"], "total_order": 1, "hotel_value": ["4.5"], "hotel_price": ["115"]}, "15057090": {"hotel_name": "\u548c\u749e\u8bbe\u8ba1\u5e08\u9152\u5e97\u516c\u5bd3\uff08\u5357\u4eac\u5965\u4f53\u5e97\uff09", "order_time": ["2019-01-22 08:55:58"], "total_order": 1, "hotel_value": ["4.6"], "hotel_price": ["194"]}, "11479584": {"hotel_name": "\u5357\u4eac\u4e0a\u5143\u5927\u8857\u4e9a\u6735\u9152\u5e97", "order_time": ["2019-01-22 08:56:01"], "total_order": 1, "hotel_value": ["4.8"], "hotel_price": ["369"]}, "474180": {"hotel_name": "\u53e4\u5357\u90fd\u9038\u5c45\u9152\u5e97(\u5357\u4eac\u65b0\u57ce\u5e02\u5e7f\u573a\u9f99\u6c5f\u5730\u94c1\u7ad9\u5e97)", "order_time": ["2019-01-22 08:56:06"], "total_order": 1, "hotel_value": ["4.8"], "hotel_price": ["329"]}, "26428886": {"hotel_name": "\u5168\u5b63\u9152\u5e97(\u5357\u4eac\u6cb3\u897f\u535a\u89c8\u4e2d\u5fc3\u5e97)", "order_time": ["2019-01-22 08:56:48"], "total_order": 1, "hotel_value": ["4.9"], "hotel_price": ["303"]}, "9628580": {"hotel_name": "\u7eb3\u7ef4\u4e9a\u9152\u5e97\u516c\u5bd3(\u5357\u4eac\u5357\u7ad9\u5e97)", "order_time": ["2019-01-22 08:57:57"], "total_order": 1, "hotel_value": ["4.7"], "hotel_price": ["245"]}, "369710": {"hotel_name": "\u5357\u4eac\u4e16\u8302\u6ee8\u6c5f\u5e0c\u5c14\u987f\u9152\u5e97", "order_time": ["2019-01-22 08:57:58"], "total_order": 1, "hotel_value": ["4.6"], "hotel_price": ["683"]}, "1414595": {"hotel_name": "\u69b4\u83b2\u5c0f\u661f\u8fde\u9501\u9152\u5e97(\u5357\u4eac\u5efa\u5b81\u8def\u5e97)", "order_time": ["2019-01-22 08:58:03"], "total_order": 1, "hotel_value": ["4.2"], "hotel_price": ["144"]}, "1405086": {"hotel_name": "\u6e05\u6c90\u7cbe\u54c1\u9152\u5e97(\u5357\u4eac\u822a\u7a7a\u822a\u5929\u5927\u5b66\u7fe0\u5c4f\u5c71\u5730\u94c1\u7ad9\u5e97)", "order_time": ["2019-01-22 08:59:57"], "total_order": 1, "hotel_value": ["4.7"], "hotel_price": ["204"]}, "1535639": {"hotel_name": "\u6c49\u5ead\u9152\u5e97(\u5357\u4eac\u82dc\u84ff\u56ed\u5927\u8857\u5e97)", "order_time": ["2019-01-22 09:08:06", "2019-01-22 09:00:02"], "total_order": 2, "hotel_value": ["4.5", "4.5"], "hotel_price": ["207", "207"]}, "1669678": {"hotel_name": "\u5e03\u4e01\u9152\u5e97(\u5357\u4eac\u592b\u5b50\u5e99\u5f20\u5e9c\u56ed\u5730\u94c1\u7ad9\u5e97)", "order_time": ["2019-01-22 09:00:06"], "total_order": 1, "hotel_value": ["4.3"], "hotel_price": ["144"]}, "1640092": {"hotel_name": "\u6625\u5e38\u5728\u5546\u52a1\u5bbe\u9986(\u5357\u4eac\u9f13\u697c\u5e97)", "order_time": ["2019-01-22 09:00:06"], "total_order": 1, "hotel_value": ["3.9"], "hotel_price": ["128"]}, "2240230": {"hotel_name": "\u5357\u4eac\u5df4\u91cc\u5c9b\u5047\u65e5\u9152\u5e97", "order_time": ["2019-01-22 09:00:07"], "total_order": 1, "hotel_value": ["4.3"], "hotel_price": ["113"]}, "5246352": {"hotel_name": "\u5357\u4eac\u91d1\u5ef6\u5546\u52a1\u5bbe\u9986\u4f5b\u57ce\u897f\u8def\u5e97", "order_time": ["2019-01-22 09:00:12"], "total_order": 1, "hotel_value": ["4.0"], "hotel_price": ["141"]}, "5638412": {"hotel_name": "\u5357\u4eac\u8363\u78ca\u5546\u52a1\u5bbe\u9986", "order_time": ["2019-01-22 09:00:24"], "total_order": 1, "hotel_value": ["2.6"], "hotel_price": ["118"]}, "1254450": {"hotel_name": "\u5357\u4eac\u65af\u7ef4\u767b\u670d\u52a1\u516c\u5bd3(\u96e8\u6da6\u4e2d\u592e\u516c\u9986)", "order_time": ["2019-01-22 09:01:52"], "total_order": 1, "hotel_value": ["4.7"], "hotel_price": ["250"]}, "2300722": {"hotel_name": "7\u5929\u8fde\u9501\u9152\u5e97(\u5357\u4eac\u73e0\u6c5f\u8def\u5730\u94c1\u7ad9\u5e97)", "order_time": ["2019-01-22 09:01:54"], "total_order": 1, "hotel_value": ["4.1"], "hotel_price": ["188"]}, "1272605": {"hotel_name": "\u6c49\u5ead\u9152\u5e97(\u5357\u4eac\u65b0\u8857\u53e3\u5ef6\u9f84\u5df7\u5e97)", "order_time": ["2019-01-22 09:01:59"], "total_order": 1, "hotel_value": ["4.4"], "hotel_price": ["198"]}, "10842556": {"hotel_name": "\u5357\u4eac\u5e78\u798f\u91cc\u9152\u5e97\u516c\u5bd3\u5347\u9f99\u6c47\u91d1\u5e97", "order_time": ["2019-01-22 09:02:06"], "total_order": 1, "hotel_value": ["4.7"], "hotel_price": ["164"]}, "4731426": {"hotel_name": "\u683c\u6797\u8c6a\u6cf0(\u5357\u4eac\u5e02\u7a7a\u6e2f\u5f00\u53d1\u533a\u5c06\u519b\u5927\u9053\u5feb\u6377\u9152\u5e97)", "order_time": ["2019-01-22 09:02:09"], "total_order": 1, "hotel_value": ["4.3"], "hotel_price": ["176"]}, "8651067": {"hotel_name": "\u5357\u4eacTT TOUCH\u9152\u5e97", "order_time": ["2019-01-22 09:04:06"], "total_order": 1, "hotel_value": ["4.6"], "hotel_price": ["273"]}, "470920": {"hotel_name": "\u5357\u4eac\u56fd\u777f\u91d1\u9675\u5927\u9152\u5e97", "order_time": ["2019-01-22 09:04:07"], "total_order": 1, "hotel_value": ["4.7"], "hotel_price": ["440"]}, "23802273": {"hotel_name": "\u5357\u4eac\u8f7b\u5962\u539f\u5bbf\u516c\u5bd3", "order_time": ["2019-01-22 09:04:09"], "total_order": 1, "hotel_value": ["4.8"], "hotel_price": ["181"]}, "12198948": {"hotel_name": "\u5357\u4eac\u666e\u82e5\u56fd\u9645\u670d\u52a1\u5f0f\u516c\u5bd3", "order_time": ["2019-01-22 09:04:10"], "total_order": 1, "hotel_value": ["4.4"], "hotel_price": ["158"]}, "1404912": {"hotel_name": "\u5357\u4eac\u6843\u5b50\u5feb\u6377\u9152\u5e97", "order_time": ["2019-01-22 09:04:19"], "total_order": 1, "hotel_value": ["4.2"], "hotel_price": ["103"]}, "369785": {"hotel_name": "\u5357\u4eac\u7d22\u83f2\u7279\u94f6\u6cb3\u5927\u9152\u5e97", "order_time": ["2019-01-22 09:05:51"], "total_order": 1, "hotel_value": ["4.6"], "hotel_price": ["558"]}, "17589650": {"hotel_name": "\u5357\u4eac\u4e2d\u5c71\u9675\u666f\u533a\u4e9a\u6735\u9152\u5e97", "order_time": ["2019-01-22 09:05:51"], "total_order": 1, "hotel_value": ["4.8"], "hotel_price": ["360"]}, "1281183": {"hotel_name": "\u6c49\u5ead\u9152\u5e97(\u5357\u4eac\u9f13\u697c\u5e97)", "order_time": ["2019-01-22 09:05:56"], "total_order": 1, "hotel_value": ["4.4"], "hotel_price": ["208"]}, "22419747": {"hotel_name": "\u7ef4\u4e5f\u7eb3\u9152\u5e97(\u5357\u4eac\u542f\u8fea\u5927\u8857\u5e97)", "order_time": ["2019-01-22 09:05:57"], "total_order": 1, "hotel_value": ["4.7"], "hotel_price": ["256"]}, "707996": {"hotel_name": "\u5357\u4eac\u68ee\u9686\u6e29\u6cc9\u5ea6\u5047\u9152\u5e97", "order_time": ["2019-01-22 09:06:01"], "total_order": 1, "hotel_value": ["4.4"], "hotel_price": ["406"]}, "26557803": {"hotel_name": "\u5357\u4eac\u5f90\u5e84\u82cf\u5b81\u96c5\u60a6\u9152\u5e97", "order_time": ["2019-01-22 09:06:05"], "total_order": 1, "hotel_value": ["4.6"], "hotel_price": ["388"]}, "1604548": {"hotel_name": "\u5357\u4eac\u57ce\u5e02\u9152\u5e97(\u539f\u5fd7\u53cb\u5bbe\u9986)", "order_time": ["2019-01-22 09:06:08"], "total_order": 1, "hotel_value": ["4.1"], "hotel_price": ["153"]}, "1776620": {"hotel_name": "\u5e03\u4e01\u9152\u5e97(\u5357\u4eac\u6cb3\u5b9a\u6865\u5730\u94c1\u7ad9\u5e97 )(\u539f\u5723\u8fbe\u5bbe\u9986)", "order_time": ["2019-01-22 09:06:09"], "total_order": 1, "hotel_value": ["4.1"], "hotel_price": ["104"]}, "369782": {"hotel_name": "\u5357\u4eac\u6c34\u6e38\u57ce\u5047\u65e5\u9152\u5e97", "order_time": ["2019-01-22 09:06:40"], "total_order": 1, "hotel_value": ["4.6"], "hotel_price": ["649"]}, "4646635": {"hotel_name": "\u5b9c\u5fc5\u601d\u5c1a\u54c1\u5357\u4eac\u5f20\u5e9c\u56ed\u5730\u94c1\u7ad9\u9152\u5e97", "order_time": ["2019-01-22 09:08:01"], "total_order": 1, "hotel_value": ["4.4"], "hotel_price": ["239"]}, "1448720": {"hotel_name": "\u5982\u5bb6\u5546\u65c5\u9152\u5e97(\u5357\u4eac\u7384\u6b66\u6e56\u65b0\u6a21\u8303\u9a6c\u8def\u5730\u94c1\u7ad9\u5e97)", "order_time": ["2019-01-22 09:08:01"], "total_order": 1, "hotel_value": ["4.8"], "hotel_price": ["296"]}, "6075600": {"hotel_name": "\u5357\u4eac\u4e9a\u4e1c\u4ff1\u4e50\u90e8", "order_time": ["2019-01-22 09:08:02"], "total_order": 1, "hotel_value": ["4.5"], "hotel_price": ["300"]}, "17974460": {"hotel_name": "\u5982\u5bb6\u8054\u76df\u00b7\u534e\u9a7f\u7cbe\u9009\u9152\u5e97(\u5357\u4eac\u5929\u5143\u897f\u8def\u5730\u94c1\u7ad9\u5e97)", "order_time": ["2019-01-22 09:08:07"], "total_order": 1, "hotel_value": ["4.8"], "hotel_price": ["170"]}, "1386126": {"hotel_name": "\u5357\u4eac\u6b63\u6052\u516c\u5bd3\u9152\u5e97", "order_time": ["2019-01-22 09:08:13"], "total_order": 1, "hotel_value": ["4.1"], "hotel_price": ["135"]}, "1487288": {"hotel_name": "\u6c49\u5ead\u9152\u5e97(\u5357\u4eac\u4e91\u5357\u8def\u5730\u94c1\u7ad9\u5e97)(\u539f\u4e91\u5357\u8def\u5e97)", "order_time": ["2019-01-22 09:09:58"], "total_order": 1, "hotel_value": ["4.3"], "hotel_price": ["269"]}, "9213689": {"hotel_name": "\u7ef4\u4e5f\u7eb3\u9152\u5e97(\u5357\u4eac\u6d66\u73e0\u4e2d\u8def\u5e97)", "order_time": ["2019-01-22 09:10:00"], "total_order": 1, "hotel_value": ["4.7"], "hotel_price": ["253"]}, "2301890": {"hotel_name": "7\u5929\u8fde\u9501\u9152\u5e97(\u5357\u4eac\u4e09\u724c\u697c\u8679\u6865\u4e2d\u5fc3\u5e97)", "order_time": ["2019-01-22 09:10:04"], "total_order": 1, "hotel_value": ["4.3"], "hotel_price": ["115"]}, "2250169": {"hotel_name": "\u80af\u5b9a\u8fde\u9501\u9152\u5e97(\u5357\u4eac\u65b0\u8857\u53e3\u82cf\u5b81\u751f\u6d3b\u5e7f\u573a\u4e00\u5e97)", "order_time": ["2019-01-22 09:10:05"], "total_order": 1, "hotel_value": ["4.1"], "hotel_price": ["115"]}, "1225035": {"hotel_name": "\u5357\u4eac\u9ad8\u7ba1\u516c\u5bd3\u9152\u5e97", "order_time": ["2019-01-22 09:10:07"], "total_order": 1, "hotel_value": ["4.5"], "hotel_price": ["213"]}, "1828129": {"hotel_name": "\u6021\u5bb6\u8fde\u9501\u9152\u5e97\u516c\u5bd3(\u5357\u4eac\u6728\u9a6c\u516c\u5bd3\u5e97)", "order_time": ["2019-01-22 09:10:09"], "total_order": 1, "hotel_value": ["4.5"], "hotel_price": ["183"]}, "1111474": {"hotel_name": "\u5357\u4eac\u9752\u679c\u91cc\u516d\u89d2\u4e95\u5ba2\u820d", "order_time": ["2019-01-22 09:10:14"], "total_order": 1, "hotel_value": ["4.5"], "hotel_price": ["238"]}, "26622525": {"hotel_name": "\u5357\u4eac\u4f18\u5bbf\u516c\u5bd3\uff08\u5357\u4eac\u7384\u6b66\u6e56\u91d1\u8302\u5e7f\u573a\u5e97\uff09", "order_time": ["2019-01-22 09:10:18"], "total_order": 1, "hotel_value": [0], "hotel_price": ["393"]}, "15984043": {"hotel_name": "\u5357\u4eac\u96e8\u82b1\u7cbe\u54c1\u9152\u5e97\u516c\u5bd3(\u534e\u4e3a\u8def\u5206\u5e97)", "order_time": ["2019-01-22 09:10:21"], "total_order": 1, "hotel_value": ["4.7"], "hotel_price": ["208"]}, "1476770": {"hotel_name": "\u552f\u7231\u4e4b\u661f\u4e3b\u9898\u5bbe\u9986(\u5357\u4eac\u4ed9\u6797\u5e97)", "order_time": ["2019-01-22 09:12:00"], "total_order": 1, "hotel_value": ["3.8"], "hotel_price": ["148"]}, "3730005": {"hotel_name": "\u548c\u9890\u9152\u5e97(\u5357\u4eac\u4e2d\u5c71\u4e1c\u8def\u660e\u6545\u5bab\u5730\u94c1\u7ad9\u5e97)", "order_time": ["2019-01-22 09:12:02"], "total_order": 1, "hotel_value": ["4.6"], "hotel_price": ["288"]}, "434624": {"hotel_name": "\u5357\u4eac\u6c49\u5e9c\u996d\u5e97", "order_time": ["2019-01-22 09:12:03"], "total_order": 1, "hotel_value": ["4.7"], "hotel_price": ["488"]}, "1136782": {"hotel_name": "\u5357\u4eac\u63a2\u82b1\u697c\u9152\u5e97", "order_time": ["2019-01-22 09:12:04"], "total_order": 1, "hotel_value": ["4.4"], "hotel_price": ["208"]}, "1678723": {"hotel_name": "\u5357\u4eacYMCA\u9152\u5e97", "order_time": ["2019-01-22 09:12:04"], "total_order": 1, "hotel_value": ["4.5"], "hotel_price": ["278"]}, "1837613": {"hotel_name": "Q\u52a0\u00b7\u610f\u9152\u5e97(\u5357\u4eac\u5965\u4f53\u4e2d\u5fc3\u5174\u9686\u5927\u8857\u5730\u94c1\u7ad9\u5e97)", "order_time": ["2019-01-22 09:13:54"], "total_order": 1, "hotel_value": ["4.2"], "hotel_price": ["143"]}, "11539805": {"hotel_name": "\u5357\u4eac\u4e50\u6a59\u9152\u5e97\u516c\u5bd3", "order_time": ["2019-01-22 09:13:56"], "total_order": 1, "hotel_value": ["4.4"], "hotel_price": ["199"]}, "4727373": {"hotel_name": "\u5982\u5bb6\u5546\u65c5\u9152\u5e97(\u5357\u4eac\u65b0\u8857\u53e3\u4e2d\u5fc3\u5e97)", "order_time": ["2019-01-22 09:13:56"], "total_order": 1, "hotel_value": ["4.8"], "hotel_price": ["303"]}, "1457183": {"hotel_name": "\u5982\u5bb6\u5feb\u6377\u9152\u5e97(\u5357\u4eac\u6865\u5317\u5f18\u9633\u5e7f\u573a\u67f3\u6d32\u4e1c\u8def\u5730\u94c1\u7ad9\u5e97)", "order_time": ["2019-01-22 09:13:57"], "total_order": 1, "hotel_value": ["4.6"], "hotel_price": ["139"]}, "2105409": {"hotel_name": "\u5357\u4eac\u7d2b\u8346\u56fd\u9645\u9152\u5e97\u516c\u5bd3", "order_time": ["2019-01-22 09:14:00"], "total_order": 1, "hotel_value": ["4.6"], "hotel_price": ["191"]}, "5311088": {"hotel_name": "\u5357\u4eac\u99a8\u8309\u8389\u82b1\u56ed\u9152\u5e97", "order_time": ["2019-01-22 09:14:03"], "total_order": 1, "hotel_value": ["4.7"], "hotel_price": ["871"]}, "5967130": {"hotel_name": "\u5357\u4eac\u7426\u5c1a\u5bbe\u9986", "order_time": ["2019-01-22 09:14:05"], "total_order": 1, "hotel_value": ["4.8"], "hotel_price": ["108"]}, "2641962": {"hotel_name": "\u683c\u6797\u8c6a\u6cf0(\u5357\u4eac\u9a6c\u7fa4\u8857\u9053\u4ea4\u901a\u6280\u5e08\u5b66\u9662\u5e97)", "order_time": ["2019-01-22 09:14:08"], "total_order": 1, "hotel_value": ["4.3"], "hotel_price": ["175"]}, "25630692": {"hotel_name": "\u6258\u83ab\u56fd\u9645\u516c\u5bd3(\u5357\u4eac\u5347\u9f99\u6c47\u91d1\u5e97)", "order_time": ["2019-01-22 09:14:09"], "total_order": 1, "hotel_value": ["4.8"], "hotel_price": ["164"]}}}