{"\u5f00\u59cb\u8bb0\u5f55\u65f6\u95f4": "2019-01-21 23:20:51", "\u7ed3\u675f\u8bb0\u5f55\u65f6\u95f4": "2019-01-22 00:20:51", "\u8ba2\u5355\u603b\u589e\u91cf": 289, "item": {"2298282": {"hotel_name": "\u6c5f\u82cf\u996d\u5e97", "order_time": ["2019-01-21 23:23:09"], "total_order": 1, "hotel_value": ["4.8"], "hotel_price": ["598"]}, "470412": {"hotel_name": "\u6c5f\u82cf\u8bae\u4e8b\u56ed\u9152\u5e97", "order_time": ["2019-01-21 23:23:09"], "total_order": 1, "hotel_value": ["4.6"], "hotel_price": ["430"]}, "6557671": {"hotel_name": "\u5fc3\u4e4b\u604b\u60c5\u4fa3\u9152\u5e97(\u5357\u4eac\u89e3\u653e\u8def\u5e97)", "order_time": ["2019-01-21 23:23:11"], "total_order": 1, "hotel_value": ["4.5"], "hotel_price": ["225"]}, "2575107": {"hotel_name": "Q\u52a0\u00b7\u683c\u9675\u5170\u5c9b\u5546\u52a1\u5bbe\u9986(\u5357\u4eac\u5357\u7ad9\u767e\u5bb6\u6e56\u80dc\u592a\u8def\u5730\u94c1\u7ad9\u5e97)", "order_time": ["2019-01-21 23:23:15", "2019-01-22 00:05:16"], "total_order": 2, "hotel_value": ["4.6", "4.6"], "hotel_price": ["159", "129"]}, "1938469": {"hotel_name": "\u9526\u6c5f\u4e4b\u661f\u54c1\u5c1a(\u5357\u4eac\u706b\u8f66\u5357\u7ad9\u5317\u5e7f\u573a\u5e97)", "order_time": ["2019-01-21 23:23:16"], "total_order": 1, "hotel_value": ["4.5"], "hotel_price": ["269"]}, "2305847": {"hotel_name": "7\u5929\u8fde\u9501\u9152\u5e97(\u5357\u4eac\u4e0a\u6d77\u8def\u5730\u94c1\u7ad9\u5e97)", "order_time": ["2019-01-21 23:45:31", "2019-01-21 23:23:16"], "total_order": 2, "hotel_value": ["4.1", "4.1"], "hotel_price": ["179", "179"]}, "1960551": {"hotel_name": "\u5357\u4eac\u7984\u53e3\u673a\u573a\u94c2\u5c14\u66fc\u5927\u9152\u5e97", "order_time": ["2019-01-21 23:23:18"], "total_order": 1, "hotel_value": ["4.7"], "hotel_price": ["737"]}, "6870641": {"hotel_name": "\u5168\u5b63\u9152\u5e97(\u5357\u4eac\u706b\u8f66\u7ad9\u5e97)", "order_time": ["2019-01-21 23:23:19"], "total_order": 1, "hotel_value": ["4.7"], "hotel_price": ["370"]}, "1646486": {"hotel_name": "\u901f8\u9152\u5e97(\u5357\u4eac\u4e2d\u5c71\u9675\u666f\u533a\u897f\u5e97)", "order_time": ["2019-01-21 23:23:19"], "total_order": 1, "hotel_value": ["4.3"], "hotel_price": ["138"]}, "434302": {"hotel_name": "\u5357\u4eac\u660e\u53d1\u56fd\u9645\u5927\u9152\u5e97", "order_time": ["2019-01-21 23:25:13", "2019-01-21 23:23:20"], "total_order": 2, "hotel_value": ["4.7", "4.7"], "hotel_price": ["426", "426"]}, "5667362": {"hotel_name": "\u5357\u4eac\u7a7a\u90fd\u9152\u5e97", "order_time": ["2019-01-21 23:23:52"], "total_order": 1, "hotel_value": ["4.5"], "hotel_price": ["288"]}, "369713": {"hotel_name": "\u5357\u4eac\u7eff\u5730\u6d32\u9645\u9152\u5e97", "order_time": ["2019-01-21 23:25:08", "2019-01-22 00:07:21"], "total_order": 2, "hotel_value": ["4.7", "4.7"], "hotel_price": ["949", "1049"]}, "21914008": {"hotel_name": "\u5357\u4eac\u5353\u7f8e\u4e9a\u9152\u5e97", "order_time": ["2019-01-21 23:25:09"], "total_order": 1, "hotel_value": ["4.8"], "hotel_price": ["991"]}, "8574621": {"hotel_name": "\u6613\u4f70\u826f\u54c1\u9152\u5e97(\u5357\u4eac\u5357\u7ad9\u53cc\u9f99\u5927\u9053\u5730\u94c1\u7ad9\u5e97)", "order_time": ["2019-01-21 23:45:31", "2019-01-21 23:25:10"], "total_order": 2, "hotel_value": ["4.3", "4.3"], "hotel_price": ["119", "119"]}, "369717": {"hotel_name": "\u5357\u4eac\u91d1\u9e70\u73e0\u6c5f\u58f9\u53f7\u56fd\u9645\u9152\u5e97", "order_time": ["2019-01-22 00:05:57", "2019-01-21 23:37:23", "2019-01-21 23:25:12"], "total_order": 3, "hotel_value": ["4.7", "4.7", "4.7"], "hotel_price": ["677", "677", "579"]}, "471367": {"hotel_name": "\u5357\u4eac\u82cf\u5b81\u73af\u7403\u5957\u623f\u996d\u5e97", "order_time": ["2019-01-21 23:25:13"], "total_order": 1, "hotel_value": ["4.8"], "hotel_price": ["508"]}, "5549111": {"hotel_name": "\u5357\u4eac\u91d1\u9e70\u5c1a\u7f8e\u9152\u5e97", "order_time": ["2019-01-21 23:25:13"], "total_order": 1, "hotel_value": ["4.8"], "hotel_price": ["691"]}, "450787": {"hotel_name": "\u5357\u4eac\u91d1\u592a\u9686\u56fd\u9645\u9152\u5e97", "order_time": ["2019-01-21 23:25:13", "2019-01-21 23:33:12"], "total_order": 2, "hotel_value": ["4.7", "4.7"], "hotel_price": ["368", "368"]}, "9136117": {"hotel_name": "\u5c0a\u745e\u7cbe\u9009\u9152\u5e97(\u5357\u4eac\u4e1c\u5927\u6210\u8d24\u5b66\u9662\u5e97)", "order_time": ["2019-01-21 23:25:15", "2019-01-21 23:49:23"], "total_order": 2, "hotel_value": ["4.6", "4.6"], "hotel_price": ["199", "199"]}, "1646444": {"hotel_name": "\u683c\u6797\u8c6a\u6cf0(\u5357\u4eac\u5357\u7ad9\u5317\u5e7f\u573a\u5e97)", "order_time": ["2019-01-21 23:25:17"], "total_order": 1, "hotel_value": ["4.2"], "hotel_price": ["175"]}, "6928967": {"hotel_name": "\u5357\u4eac\u6052\u5927\u9152\u5e97", "order_time": ["2019-01-21 23:25:29"], "total_order": 1, "hotel_value": ["4.8"], "hotel_price": ["499"]}, "1614674": {"hotel_name": "\u5357\u4eac\u5bcc\u5efa\u57ce\u5e02\u9152\u5e97", "order_time": ["2019-01-21 23:25:29"], "total_order": 1, "hotel_value": ["4.6"], "hotel_price": ["361"]}, "3892077": {"hotel_name": "\u6e05\u6c90\u8ff7\u5de2\u9152\u5e97(\u5357\u4eac\u6e56\u5357\u8def\u5929\u661f\u7fe0\u7405\u5927\u53a6\u5e97)", "order_time": ["2019-01-21 23:25:40"], "total_order": 1, "hotel_value": ["4.2"], "hotel_price": ["150"]}, "21363311": {"hotel_name": "\u5357\u4eac\u52c7\u65f6\u8fbe\u5bbe\u9986", "order_time": ["2019-01-21 23:27:13", "2019-01-22 00:05:18"], "total_order": 2, "hotel_value": ["4.9", "4.9"], "hotel_price": ["112", "107"]}, "25050379": {"hotel_name": "\u5357\u4eac\u5965\u4f53\u4e2d\u5fc3\u4e9a\u6735S\u9152\u5e97", "order_time": ["2019-01-21 23:59:19", "2019-01-21 23:27:15"], "total_order": 2, "hotel_value": ["4.8", "4.8"], "hotel_price": ["400", "400"]}, "1254450": {"hotel_name": "\u5357\u4eac\u65af\u7ef4\u767b\u670d\u52a1\u516c\u5bd3(\u96e8\u6da6\u4e2d\u592e\u516c\u9986)", "order_time": ["2019-01-21 23:43:14", "2019-01-21 23:27:15"], "total_order": 2, "hotel_value": ["4.7", "4.7"], "hotel_price": ["250", "250"]}, "23632322": {"hotel_name": "Q\u52a0\u00b7\u5357\u4eac\u9038\u4e91\u6db5\u7cbe\u54c1\u9152\u5e97", "order_time": ["2019-01-21 23:27:16"], "total_order": 1, "hotel_value": ["4.9"], "hotel_price": ["153"]}, "1271085": {"hotel_name": "Q\u52a0\u00b7\u99a8\u5eb7\u5bbe\u9986(\u5357\u4eac\u7984\u53e3\u673a\u573a\u5e97)", "order_time": ["2019-01-21 23:27:16"], "total_order": 1, "hotel_value": ["4.8"], "hotel_price": ["135"]}, "2643285": {"hotel_name": "\u5357\u4eac\u7ef4\u7eb3\u65af\u9152\u5e97", "order_time": ["2019-01-21 23:33:15", "2019-01-21 23:27:17"], "total_order": 2, "hotel_value": ["3.4", "3.4"], "hotel_price": ["209", "209"]}, "691197": {"hotel_name": "\u5357\u4eac\u767d\u5bab\u5927\u9152\u5e97", "order_time": ["2019-01-21 23:27:19"], "total_order": 1, "hotel_value": ["4.2"], "hotel_price": ["248"]}, "444648": {"hotel_name": "\u5357\u4eac\u5929\u4e30\u5927\u9152\u5e97", "order_time": ["2019-01-21 23:27:19"], "total_order": 1, "hotel_value": ["4.6"], "hotel_price": ["268"]}, "3627292": {"hotel_name": "\u6c49\u5ead\u9152\u5e97(\u5357\u4eac\u4e94\u5858\u5e7f\u573a\u5e97)", "order_time": ["2019-01-21 23:27:19"], "total_order": 1, "hotel_value": ["4.7"], "hotel_price": ["246"]}, "811680": {"hotel_name": "\u6e05\u6c90\u7cbe\u54c1\u9152\u5e97(\u5357\u4eac\u96c6\u5e86\u95e8\u4e07\u8fbe\u5e7f\u573a\u5e97)", "order_time": ["2019-01-21 23:27:19"], "total_order": 1, "hotel_value": ["4.3"], "hotel_price": ["134"]}, "2300861": {"hotel_name": "7\u5929\u8fde\u9501\u9152\u5e97(\u5357\u4eac\u4e2d\u592e\u95e8\u706b\u8f66\u7ad9\u5e97)", "order_time": ["2019-01-21 23:27:20"], "total_order": 1, "hotel_value": ["4.3"], "hotel_price": ["116"]}, "4122292": {"hotel_name": "\u5c1a\u5ba2\u4f18\u8fde\u9501\u9152\u5e97(\u5357\u4eac\u6cb3\u6d77\u5927\u5b66\u5730\u94c1\u7ad9\u5e97)", "order_time": ["2019-01-21 23:27:21"], "total_order": 1, "hotel_value": ["4.2"], "hotel_price": ["151"]}, "813373": {"hotel_name": "\u5357\u4eac\u6db5\u6708\u697c\u9996\u4e3d\u65af\u9152\u5e97", "order_time": ["2019-01-21 23:27:21"], "total_order": 1, "hotel_value": ["4.8"], "hotel_price": ["648"]}, "419566": {"hotel_name": "\u5357\u4eac\u53e4\u5357\u90fd\u996d\u5e97", "order_time": ["2019-01-21 23:27:24", "2019-01-22 00:03:28"], "total_order": 2, "hotel_value": ["4.8", "4.8"], "hotel_price": ["508", "499"]}, "1286909": {"hotel_name": "\u6c49\u5ead\u4f18\u4f73\u9152\u5e97(\u5357\u4eac\u7384\u6b66\u95e8\u5e97)(\u539f\u6c49\u5ead\u9152\u5e97)", "order_time": ["2019-01-21 23:47:21", "2019-01-21 23:29:10"], "total_order": 2, "hotel_value": ["4.6", "4.6"], "hotel_price": ["280", "280"]}, "710988": {"hotel_name": "\u5357\u4eac\u6db5\u7530\u57ce\u5e02\u9152\u5e97", "order_time": ["2019-01-21 23:29:19", "2019-01-21 23:51:17"], "total_order": 2, "hotel_value": ["4.7", "4.7"], "hotel_price": ["368", "368"]}, "2511151": {"hotel_name": "\u548c\u9890\u9152\u5e97(\u5357\u4eac\u65b0\u8857\u53e3\u5730\u94c1\u7ad9\u5e97)", "order_time": ["2019-01-21 23:29:23"], "total_order": 1, "hotel_value": ["4.6"], "hotel_price": ["309"]}, "434086": {"hotel_name": "\u5357\u4eac\u65b0\u7eaa\u5143\u5927\u9152\u5e97", "order_time": ["2019-01-21 23:29:51"], "total_order": 1, "hotel_value": ["4.7"], "hotel_price": ["348"]}, "2250169": {"hotel_name": "\u80af\u5b9a\u8fde\u9501\u9152\u5e97(\u5357\u4eac\u65b0\u8857\u53e3\u82cf\u5b81\u751f\u6d3b\u5e7f\u573a\u4e00\u5e97)", "order_time": ["2019-01-21 23:29:53"], "total_order": 1, "hotel_value": ["4.1"], "hotel_price": ["134"]}, "1535633": {"hotel_name": "\u6c49\u5ead\u9152\u5e97(\u5357\u4eac\u6c49\u4e2d\u95e8\u5730\u94c1\u7ad9\u5e97)", "order_time": ["2019-01-21 23:31:08"], "total_order": 1, "hotel_value": ["4.6"], "hotel_price": ["265"]}, "425945": {"hotel_name": "\u6c5f\u82cf\u51e4\u51f0\u53f0\u996d\u5e97", "order_time": ["2019-01-22 00:18:12", "2019-01-22 00:18:14", "2019-01-22 00:18:15", "2019-01-21 23:41:22", "2019-01-22 00:17:15", "2019-01-21 23:51:17", "2019-01-21 23:31:09"], "total_order": 7, "hotel_value": ["4.7", "4.7", "4.7", "4.7", "4.7", "4.7", "4.7"], "hotel_price": ["558", "558", "558", "258", "344", "344", "344"]}, "5451854": {"hotel_name": "\u5357\u4eac\u91d1\u9e70\u56fd\u9645\u9152\u5e97", "order_time": ["2019-01-21 23:31:09", "2019-01-21 23:55:16", "2019-01-21 23:45:13"], "total_order": 3, "hotel_value": ["4.9", "4.9", "4.9"], "hotel_price": ["828", "828", "828"]}, "10608188": {"hotel_name": "\u5357\u4eac\u5357\u7ad9\u5e0c\u5c14\u987f\u6b22\u670b\u9152\u5e97", "order_time": ["2019-01-21 23:31:09", "2019-01-21 23:59:19", "2019-01-21 23:55:16"], "total_order": 3, "hotel_value": ["4.8", "4.8", "4.8"], "hotel_price": ["469", "469", "469"]}, "9189002": {"hotel_name": "\u5357\u4eac\u83f2\u4e9a\u8fbe\u9152\u5e97", "order_time": ["2019-01-21 23:31:09"], "total_order": 1, "hotel_value": ["4.7"], "hotel_price": ["183"]}, "446012": {"hotel_name": "\u5357\u4eac\u4f70\u7fd4\u82b1\u56ed\u9152\u5e97", "order_time": ["2019-01-21 23:31:10"], "total_order": 1, "hotel_value": ["4.7"], "hotel_price": ["457"]}, "1447045": {"hotel_name": "\u83ab\u6cf0168(\u5357\u4eac\u6c5f\u5b81\u5927\u5b66\u57ce\u9f99\u7720\u5927\u9053\u5730\u94c1\u7ad9\u5e97)", "order_time": ["2019-01-21 23:35:31", "2019-01-21 23:31:14"], "total_order": 2, "hotel_value": ["4.3", "4.3"], "hotel_price": ["163", "163"]}, "1055981": {"hotel_name": "\u5357\u4eac\u6c64\u5c71\u52d0\u62c9\u6e29\u6cc9\u6c64\u5c4b\u6c11\u5bbf", "order_time": ["2019-01-21 23:31:15"], "total_order": 1, "hotel_value": ["4.5"], "hotel_price": ["640"]}, "1589784": {"hotel_name": "\u6e05\u6c90\u8fde\u9501\u9152\u5e97(\u5357\u4eac\u4e07\u8fbe\u5e7f\u573a\u4e1c\u5b9d\u8def\u5e97)(\u539f\u541b\u8bfa\u5bbe\u9986)", "order_time": ["2019-01-21 23:31:16"], "total_order": 1, "hotel_value": ["4.3"], "hotel_price": ["145"]}, "472733": {"hotel_name": "\u6c5f\u82cf\u8fb0\u8302\u65b0\u4e16\u7eaa\u5927\u9152\u5e97", "order_time": ["2019-01-21 23:31:19"], "total_order": 1, "hotel_value": ["4.8"], "hotel_price": ["388"]}, "5969434": {"hotel_name": "\u5357\u4eac\u5df4\u5e03\u6d1b\u751f\u6001\u4f1a\u8bae\u4e2d\u5fc3", "order_time": ["2019-01-21 23:31:20"], "total_order": 1, "hotel_value": ["4.5"], "hotel_price": ["216"]}, "17491470": {"hotel_name": "\u6c49\u5ead\u4f18\u4f73\u9152\u5e97(\u5357\u4eac\u4ed9\u6797\u5927\u5b66\u57ce\u5e97)", "order_time": ["2019-01-21 23:31:23"], "total_order": 1, "hotel_value": ["4.5"], "hotel_price": ["218"]}, "1938358": {"hotel_name": "\u9526\u6c5f\u4e4b\u661f(\u5357\u4eac\u4e2d\u534e\u95e8\u5e97)", "order_time": ["2019-01-21 23:31:27"], "total_order": 1, "hotel_value": ["4.4"], "hotel_price": ["219"]}, "6063813": {"hotel_name": "\u5357\u4eac\u4f2f\u5229\u5179\u5546\u52a1\u9152\u5e97", "order_time": ["2019-01-21 23:31:51"], "total_order": 1, "hotel_value": ["4.2"], "hotel_price": ["276"]}, "13325407": {"hotel_name": "\u5357\u4eac\u73ba\u57ce\u00b7\u963f\u91cc\u9152\u5e97", "order_time": ["2019-01-21 23:47:21", "2019-01-21 23:33:09"], "total_order": 2, "hotel_value": ["4.6", "4.6"], "hotel_price": ["313", "313"]}, "434413": {"hotel_name": "\u5357\u4eac\u56fd\u9645\u535a\u89c8\u4e2d\u5fc3\u9152\u5e97", "order_time": ["2019-01-21 23:33:10"], "total_order": 1, "hotel_value": ["4.4"], "hotel_price": ["420"]}, "8445718": {"hotel_name": "Q\u52a0\u00b7\u5357\u4eac\u5b81\u822a\u82b1\u56ed\u9152\u5e97(\u539f\u5b81\u884c\u82b1\u56ed\u9152\u5e97)", "order_time": ["2019-01-21 23:33:15"], "total_order": 1, "hotel_value": ["4.8"], "hotel_price": ["161"]}, "11122849": {"hotel_name": "\u5e03\u4e01\u9152\u5e97(\u5357\u4eac\u5357\u7ad9\u5317\u5e7f\u573a\u7eff\u5730\u4e4b\u7a97\u5e97)", "order_time": ["2019-01-21 23:33:16", "2019-01-21 23:57:14"], "total_order": 2, "hotel_value": ["4.3", "4.3"], "hotel_price": ["209", "209"]}, "1415838": {"hotel_name": "\u901f8\u9152\u5e97(\u5357\u4eac\u706b\u8f66\u5357\u7ad9\u5e97)", "order_time": ["2019-01-21 23:45:31", "2019-01-21 23:33:16"], "total_order": 2, "hotel_value": ["4.2", "4.2"], "hotel_price": ["180", "168"]}, "6473532": {"hotel_name": "\u7f8e\u8c6a\u9152\u5e97(\u5357\u4eac\u5e02\u4e2d\u5fc3\u5e97)", "order_time": ["2019-01-21 23:37:22", "2019-01-21 23:33:17"], "total_order": 2, "hotel_value": ["4.8", "4.8"], "hotel_price": ["410", "410"]}, "6072698": {"hotel_name": "\u5357\u4eac\u7231\u4e01\u5821\u996d\u5e97", "order_time": ["2019-01-21 23:33:17"], "total_order": 1, "hotel_value": ["4.7"], "hotel_price": ["2388"]}, "1441505": {"hotel_name": "\u5357\u4eac\u53e4\u5357\u90fd\u7389\u6f9c\u5ead\u9152\u5e97", "order_time": ["2019-01-21 23:33:49"], "total_order": 1, "hotel_value": ["4.6"], "hotel_price": ["396"]}, "12513617": {"hotel_name": "\u6c64\u5c71\u6e29\u6cc9\u5c0f\u5c4b", "order_time": ["2019-01-21 23:33:54"], "total_order": 1, "hotel_value": ["4.8"], "hotel_price": ["188"]}, "1632868": {"hotel_name": "\u6854\u5b50\u9152\u5e97\u00b7\u7cbe\u9009(\u5357\u4eac\u9038\u4ed9\u6865\u603b\u7edf\u5e9c\u6885\u56ed\u65b0\u6751\u5e97)", "order_time": ["2019-01-21 23:51:17", "2019-01-21 23:35:14"], "total_order": 2, "hotel_value": ["4.9", "4.9"], "hotel_price": ["294", "294"]}, "21936730": {"hotel_name": "\u5357\u4eac\u5927\u5730\u541b\u60a6\u9152\u5e97", "order_time": ["2019-01-21 23:53:16", "2019-01-21 23:35:14"], "total_order": 2, "hotel_value": ["4.6", "4.6"], "hotel_price": ["263", "263"]}, "9666356": {"hotel_name": "\u6c49\u5ead\u9152\u5e97(\u5357\u4eac\u6c5f\u5b81\u725b\u9996\u5c71\u5e97)", "order_time": ["2019-01-21 23:35:15"], "total_order": 1, "hotel_value": ["4.1"], "hotel_price": ["218"]}, "21796605": {"hotel_name": "\u7ef4\u4e5f\u7eb3\u9152\u5e97(\u5357\u4eac\u6587\u5fb7\u8def\u5730\u94c1\u7ad9\u7814\u521b\u56ed\u5e97)", "order_time": ["2019-01-21 23:35:17"], "total_order": 1, "hotel_value": ["4.8"], "hotel_price": ["251"]}, "1669477": {"hotel_name": "\u5357\u4eac\u65b0\u8857\u53e3\u996d\u5e97", "order_time": ["2019-01-21 23:35:22"], "total_order": 1, "hotel_value": ["4.1"], "hotel_price": ["205"]}, "1452149": {"hotel_name": "\u5982\u5bb6\u5feb\u6377\u9152\u5e97(\u5357\u4eac\u706b\u8f66\u5357\u7ad9\u660e\u53d1\u5e7f\u573a\u5730\u94c1\u7ad9\u5e97)", "order_time": ["2019-01-21 23:51:18", "2019-01-21 23:35:23", "2019-01-21 23:59:17", "2019-01-21 23:47:23"], "total_order": 4, "hotel_value": ["4.4", "4.4", "4.4", "4.4"], "hotel_price": ["254", "254", "254", "254"]}, "21927397": {"hotel_name": "\u5357\u4eac\u6c27\u6c14\u7cbe\u9009\u9152\u5e97", "order_time": ["2019-01-21 23:35:51"], "total_order": 1, "hotel_value": ["4.8"], "hotel_price": ["289"]}, "8838971": {"hotel_name": "\u5357\u4eac\u592b\u5b50\u5e99\u4e9a\u6735\u9152\u5e97", "order_time": ["2019-01-21 23:35:52", "2019-01-22 00:07:26"], "total_order": 2, "hotel_value": ["4.9", "4.9"], "hotel_price": ["378", "928"]}, "346283": {"hotel_name": "\u5357\u4eac\u91d1\u9675\u996d\u5e97", "order_time": ["2019-01-21 23:37:13", "2019-01-21 23:43:14", "2019-01-22 00:05:14"], "total_order": 3, "hotel_value": ["4.8", "4.8", "4.8"], "hotel_price": ["598", "598", "597"]}, "434989": {"hotel_name": "\u5357\u4eac\u4e2d\u5fc3\u5927\u9152\u5e97", "order_time": ["2019-01-21 23:37:13"], "total_order": 1, "hotel_value": ["4.8"], "hotel_price": ["498"]}, "4386324": {"hotel_name": "\u6d77\u53cb\u826f\u54c1\u9152\u5e97(\u5357\u4eac\u592b\u5b50\u5e99\u5e97)", "order_time": ["2019-01-21 23:37:13"], "total_order": 1, "hotel_value": ["4.5"], "hotel_price": ["189"]}, "8605001": {"hotel_name": "\u6c49\u5ead\u9152\u5e97(\u5357\u4eac\u660e\u6545\u5bab\u745e\u91d1\u8def\u5e97)(\u539f\u5357\u822a\u5927\u5b66\u745e\u91d1\u8def\u5e97)", "order_time": ["2019-01-21 23:37:14"], "total_order": 1, "hotel_value": ["4.5"], "hotel_price": ["237"]}, "773154": {"hotel_name": "\u6c5f\u82cf\u51e4\u51f0\u4eac\u534e\u5927\u9152\u5e97", "order_time": ["2019-01-21 23:37:17"], "total_order": 1, "hotel_value": ["4.5"], "hotel_price": ["548"]}, "1448359": {"hotel_name": "\u5982\u5bb6\u5546\u65c5\u9152\u5e97(\u5357\u4eac\u65b0\u8857\u53e3\u5730\u94c1\u7ad9\u5e97)", "order_time": ["2019-01-21 23:51:17", "2019-01-21 23:37:17"], "total_order": 2, "hotel_value": ["4.8", "4.8"], "hotel_price": ["299", "319"]}, "1487322": {"hotel_name": "\u6c49\u5ead\u9152\u5e97(\u5357\u4eac\u4ed9\u9e64\u95e8\u7d2b\u4e1c\u5546\u4e1a\u8857\u5e97)(\u539f\u4ed9\u9e64\u95e8\u5e97)", "order_time": ["2019-01-21 23:37:21"], "total_order": 1, "hotel_value": ["4.4"], "hotel_price": ["246"]}, "1816834": {"hotel_name": "\u6854\u5b50\u9152\u5e97\u00b7\u7cbe\u9009(\u5357\u4eac\u592b\u5b50\u5e99\u5e97)", "order_time": ["2019-01-21 23:37:23"], "total_order": 1, "hotel_value": ["4.8"], "hotel_price": ["351"]}, "1862779": {"hotel_name": "\u51ef\u65fa\u8fde\u9501\u5bbe\u9986(\u5357\u4eac\u540e\u5bb0\u95e8\u5e97)", "order_time": ["2019-01-21 23:37:49"], "total_order": 1, "hotel_value": ["4.6"], "hotel_price": ["118"]}, "1462789": {"hotel_name": "\u80af\u5b9a\u00b7\u89c2\u7f8e\u9152\u5e97(\u5357\u4eac\u65b0\u8857\u53e3\u91d1\u878d\u4e2d\u5fc3\u4e2d\u592e\u5546\u573a\u5e97)", "order_time": ["2019-01-21 23:37:58"], "total_order": 1, "hotel_value": ["4.6"], "hotel_price": ["188"]}, "15882246": {"hotel_name": "\u6854\u5b50\u6c34\u6676\u9152\u5e97(\u5357\u4eac\u5965\u4f53\u4e2d\u5fc3\u5e97)", "order_time": ["2019-01-21 23:39:18"], "total_order": 1, "hotel_value": ["4.8"], "hotel_price": ["484"]}, "3003561": {"hotel_name": "\u7ef4\u4e5f\u7eb3\u56fd\u9645\u9152\u5e97(\u5357\u4eac\u5357\u7ad9\u4e1c\u9e92\u8def\u5e97)", "order_time": ["2019-01-21 23:39:19"], "total_order": 1, "hotel_value": ["4.8"], "hotel_price": ["322"]}, "2249815": {"hotel_name": "\u5357\u4eac\u68c9\u94ed\u5feb\u6377\u9152\u5e97", "order_time": ["2019-01-21 23:39:20"], "total_order": 1, "hotel_value": ["4.1"], "hotel_price": ["183"]}, "811660": {"hotel_name": "\u6e05\u6c90\u8fde\u9501\u9152\u5e97(\u5357\u4eac\u5927\u6865\u5357\u8def\u5bb6\u4e50\u798f\u5e97)", "order_time": ["2019-01-21 23:39:21"], "total_order": 1, "hotel_value": ["4.3"], "hotel_price": ["164"]}, "375288": {"hotel_name": "\u5357\u4eac\u7384\u6b66\u996d\u5e97", "order_time": ["2019-01-22 00:14:02", "2019-01-21 23:39:23"], "total_order": 2, "hotel_value": ["4.7", "4.7"], "hotel_price": ["528", "548"]}, "17195370": {"hotel_name": "\u5357\u4eac\u9890\u548c\u82a5\u5b50\u56ed\u9152\u5e97", "order_time": ["2019-01-21 23:39:23"], "total_order": 1, "hotel_value": ["4.8"], "hotel_price": ["843"]}, "9067568": {"hotel_name": "\u9a8f\u6021\u8fde\u9501\u9152\u5e97(\u5357\u4eac\u53e4\u5e73\u5c97\u5e97)", "order_time": ["2019-01-21 23:39:25"], "total_order": 1, "hotel_value": ["4.1"], "hotel_price": ["103"]}, "1457011": {"hotel_name": "\u5982\u5bb6\u5feb\u6377\u9152\u5e97(\u5357\u4eac\u6c49\u4e2d\u95e8\u5730\u94c1\u7ad9\u5e02\u6c11\u5e7f\u573a\u864e\u8e1e\u5357\u8def\u5e97)", "order_time": ["2019-01-21 23:39:25"], "total_order": 1, "hotel_value": ["4.6"], "hotel_price": ["272"]}, "432006": {"hotel_name": "\u6708\u8272\u98ce\u5c1a\u00b7\u5f71\u9662\u9152\u5e97(\u5357\u4eac\u65b0\u8857\u53e3\u73e0\u6c5f\u8def\u5730\u94c1\u5e97)", "order_time": ["2019-01-22 00:13:25", "2019-01-21 23:39:32", "2019-01-21 23:55:11"], "total_order": 3, "hotel_value": ["4.4", "4.4", "4.4"], "hotel_price": ["283", "288", "223"]}, "1906560": {"hotel_name": "\u5c1a\u5ba2\u4f18\u7cbe\u9009\u9152\u5e97(\u5357\u4eac\u65b0\u8857\u53e3\u592b\u5b50\u5e99\u5e97)", "order_time": ["2019-01-21 23:39:55", "2019-01-21 23:43:52"], "total_order": 2, "hotel_value": ["4.4", "4.4"], "hotel_price": ["176", "176"]}, "481015": {"hotel_name": "\u73cd\u5b9d\u5047\u65e5\u996d\u5e97(\u5357\u4eac\u51e4\u53f0\u5357\u8def\u5e97)", "order_time": ["2019-01-21 23:41:16"], "total_order": 1, "hotel_value": ["4.6"], "hotel_price": ["292"]}, "662500": {"hotel_name": "\u5357\u4eac\u660e\u65e5\u5927\u9152\u5e97", "order_time": ["2019-01-21 23:45:31", "2019-01-21 23:41:17"], "total_order": 2, "hotel_value": ["4.6", "4.6"], "hotel_price": ["353", "409"]}, "346276": {"hotel_name": "\u5357\u4eac\u91d1\u4e1d\u5229\u559c\u6765\u767b\u9152\u5e97", "order_time": ["2019-01-21 23:41:19", "2019-01-21 23:57:15"], "total_order": 2, "hotel_value": ["4.4", "4.4"], "hotel_price": ["558", "558"]}, "1773319": {"hotel_name": "\u6d77\u53cb\u9152\u5e97(\u5357\u4eac\u592b\u5b50\u5e99\u4e2d\u5fc3\u5e97)", "order_time": ["2019-01-21 23:41:28"], "total_order": 1, "hotel_value": ["4.1"], "hotel_price": ["180"]}, "1535644": {"hotel_name": "\u6c49\u5ead\u9152\u5e97(\u5357\u4eac\u65b0\u8857\u53e3\u4e2d\u5fc3\u5e97)", "order_time": ["2019-01-21 23:41:34"], "total_order": 1, "hotel_value": ["4.3"], "hotel_price": ["275"]}, "4727373": {"hotel_name": "\u5982\u5bb6\u5546\u65c5\u9152\u5e97(\u5357\u4eac\u65b0\u8857\u53e3\u4e2d\u5fc3\u5e97)", "order_time": ["2019-01-21 23:41:59"], "total_order": 1, "hotel_value": ["4.8"], "hotel_price": ["284"]}, "22954002": {"hotel_name": "\u5c1a\u5ba2\u4f18\u54c1\u9152\u5e97(\u5357\u4eac\u592b\u5b50\u5e99\u5927\u5149\u8def\u5e97)", "order_time": ["2019-01-21 23:42:00"], "total_order": 1, "hotel_value": ["4.6"], "hotel_price": ["161"]}, "5158996": {"hotel_name": "\u5982\u5bb6\u7cbe\u9009\u9152\u5e97(\u5357\u4eac\u5b9a\u6dee\u95e8\u9f99\u6c5f\u5730\u94c1\u7ad9\u5e97)(\u539f\u9f99\u6c5f\u5b9a\u6dee\u95e8\u5927\u8857\u5e97)", "order_time": ["2019-01-21 23:42:09"], "total_order": 1, "hotel_value": ["4.8"], "hotel_price": ["288"]}, "17996519": {"hotel_name": "\u5357\u4eac\u673a\u573a\u7761\u5427\u9152\u5e97", "order_time": ["2019-01-21 23:43:11"], "total_order": 1, "hotel_value": ["4.4"], "hotel_price": ["146"]}, "5226043": {"hotel_name": "\u9091\u5bbf\u6e29\u6cc9\u9152\u5e97(\u5357\u4eac\u79e6\u6dee\u592b\u5b50\u5e99\u5e97)", "order_time": ["2019-01-21 23:43:12"], "total_order": 1, "hotel_value": ["4.6"], "hotel_price": ["298"]}, "6855049": {"hotel_name": "\u53e4\u5357\u90fd\u9038\u5c45\u9152\u5e97(\u5357\u4eac\u65b0\u8857\u53e3\u5927\u884c\u5bab\u5730\u94c1\u7ad9\u5e97)", "order_time": ["2019-01-21 23:47:21", "2019-01-21 23:43:14"], "total_order": 2, "hotel_value": ["4.8", "4.8"], "hotel_price": ["309", "309"]}, "5296362": {"hotel_name": "ZMAX\u6f6e\u6f2b\u9152\u5e97(\u5357\u4eac\u592b\u5b50\u5e99\u5e97)", "order_time": ["2019-01-21 23:43:19"], "total_order": 1, "hotel_value": ["4.7"], "hotel_price": ["232"]}, "444090": {"hotel_name": "\u5357\u4eac\u6c64\u5c71\u7d2b\u6e05\u6e56\u751f\u6001\u65c5\u6e38\u6e29\u6cc9\u5ea6\u5047\u533a", "order_time": ["2019-01-21 23:43:19"], "total_order": 1, "hotel_value": ["4.8"], "hotel_price": ["543"]}, "1004759": {"hotel_name": "\u9e97\u67ab\u9152\u5e97(\u5357\u4eac\u592b\u5b50\u5e99\u5927\u5149\u8def\u5e97)", "order_time": ["2019-01-21 23:43:19"], "total_order": 1, "hotel_value": ["4.6"], "hotel_price": ["259"]}, "15944447": {"hotel_name": "\u5357\u4eacCA\u516c\u5bd3\u9152\u5e97", "order_time": ["2019-01-21 23:43:20"], "total_order": 1, "hotel_value": ["4.8"], "hotel_price": ["249"]}, "1341077": {"hotel_name": "\u5982\u5bb6\u5feb\u6377\u9152\u5e97(\u5357\u4eac\u592b\u5b50\u5e99\u9f99\u87e0\u4e2d\u8def\u7535\u89c6\u53f0\u5e97)", "order_time": ["2019-01-21 23:43:55"], "total_order": 1, "hotel_value": ["4.4"], "hotel_price": ["149"]}, "8627469": {"hotel_name": "\u5bb6\u7f8e\u597d\u592a\u7a7a\u65c5\u9986(\u5357\u4eac\u706b\u8f66\u7ad9\u7384\u6b66\u6e56\u5e97)(\u539f\u6e56\u5149\u5c71\u820d\u592a\u7a7a\u8231\u80f6\u56ca\u65c5\u820d)", "order_time": ["2019-01-21 23:43:56"], "total_order": 1, "hotel_value": ["4.5"], "hotel_price": ["69"]}, "1098510": {"hotel_name": "\u5357\u4eac\u5f20\u8fdb\u5bbe\u9986((\u539f\u4e30\u5ba2\u6e90\u5bbe\u9986)", "order_time": ["2019-01-21 23:43:56"], "total_order": 1, "hotel_value": ["4.3"], "hotel_price": ["78"]}, "16789957": {"hotel_name": "\u5357\u4eac\u6c64\u5c71\u4e00\u54c1\u6e29\u6cc9\u9152\u5e97", "order_time": ["2019-01-21 23:45:11"], "total_order": 1, "hotel_value": ["4.4"], "hotel_price": ["390"]}, "1457183": {"hotel_name": "\u5982\u5bb6\u5feb\u6377\u9152\u5e97(\u5357\u4eac\u6865\u5317\u5f18\u9633\u5e7f\u573a\u67f3\u6d32\u4e1c\u8def\u5730\u94c1\u7ad9\u5e97)", "order_time": ["2019-01-22 00:11:30", "2019-01-21 23:45:11"], "total_order": 2, "hotel_value": ["4.6", "4.6"], "hotel_price": ["129", "139"]}, "2105409": {"hotel_name": "\u5357\u4eac\u7d2b\u8346\u56fd\u9645\u9152\u5e97\u516c\u5bd3", "order_time": ["2019-01-21 23:45:13"], "total_order": 1, "hotel_value": ["4.6"], "hotel_price": ["133"]}, "3327690": {"hotel_name": "\u6c64\u5c71\u7d2b\u6e05\u6e56\u6e29\u6cc9\u5ea6\u5047\u9152\u5e97", "order_time": ["2019-01-21 23:45:14"], "total_order": 1, "hotel_value": ["4.8"], "hotel_price": ["616"]}, "1938409": {"hotel_name": "\u767e\u65f6\u5feb\u6377\u9152\u5e97(\u5357\u4eac\u65b0\u8857\u53e3\u5e97)", "order_time": ["2019-01-21 23:45:15"], "total_order": 1, "hotel_value": ["4.4"], "hotel_price": ["109"]}, "378810": {"hotel_name": "\u5357\u4eac\u7d22\u83f2\u7279\u949f\u5c71\u9ad8\u5c14\u592b\u9152\u5e97", "order_time": ["2019-01-21 23:45:18"], "total_order": 1, "hotel_value": ["4.7"], "hotel_price": ["665"]}, "481331": {"hotel_name": "\u5357\u4eac\u4fdd\u9669\u5927\u53a6", "order_time": ["2019-01-21 23:45:31"], "total_order": 1, "hotel_value": ["4.2"], "hotel_price": ["246"]}, "3670920": {"hotel_name": "\u5357\u4eac\u5357\u7ad9\u767e\u5bb6\u6e56\u4e9a\u6735\u9152\u5e97", "order_time": ["2019-01-21 23:45:31"], "total_order": 1, "hotel_value": ["4.8"], "hotel_price": ["419"]}, "371145": {"hotel_name": "\u5357\u4eac\u7ef4\u666f\u56fd\u9645\u5927\u9152\u5e97", "order_time": ["2019-01-21 23:45:31"], "total_order": 1, "hotel_value": ["4.6"], "hotel_price": ["528"]}, "8412404": {"hotel_name": "\u5357\u4eac\u749f\u5c1a\u7cbe\u54c1\u9152\u5e97\u516c\u5bd3", "order_time": ["2019-01-21 23:45:31"], "total_order": 1, "hotel_value": ["4.6"], "hotel_price": ["213"]}, "1517907": {"hotel_name": "\u65b0\u8054\u5bbe\u9986(\u5357\u4eac\u6e56\u5357\u8def\u7384\u6b66\u6e56\u666f\u533a\u5e97)", "order_time": ["2019-01-21 23:45:31"], "total_order": 1, "hotel_value": ["4.6"], "hotel_price": ["258"]}, "14951207": {"hotel_name": "\u5357\u4eac\u6c64\u5c71\u5320\u6751\u5367\u9999\u6e29\u6cc9\u6c11\u5bbf", "order_time": ["2019-01-21 23:45:31"], "total_order": 1, "hotel_value": ["4.9"], "hotel_price": ["650"]}, "3666024": {"hotel_name": "\u6021\u83b1\u9152\u5e97(\u5357\u4eac\u6d66\u53e3\u5357\u4fe1\u5927\u5e97)", "order_time": ["2019-01-21 23:45:31"], "total_order": 1, "hotel_value": ["4.5"], "hotel_price": ["179"]}, "6785256": {"hotel_name": "\u5357\u4eac\u5de5\u4e1a\u5927\u5b66\u79d1\u82d1\u5bbe\u9986", "order_time": ["2019-01-21 23:45:31"], "total_order": 1, "hotel_value": ["4.6"], "hotel_price": ["228"]}, "5323635": {"hotel_name": "\u9526\u6c5f\u4e4b\u661f(\u5357\u4eac\u6797\u4e1a\u5927\u5b66\u82b1\u56ed\u8def\u5e97)", "order_time": ["2019-01-21 23:45:31"], "total_order": 1, "hotel_value": ["4.5"], "hotel_price": ["199"]}, "2300954": {"hotel_name": "7\u5929\u8fde\u9501\u9152\u5e97(\u5357\u4eac\u5e38\u5e9c\u8857\u5730\u94c1\u7ad9\u5e97)", "order_time": ["2019-01-21 23:45:31"], "total_order": 1, "hotel_value": ["4.2"], "hotel_price": ["127"]}, "6645069": {"hotel_name": "\u6613\u4f70\u826f\u54c1\u9152\u5e97(\u5357\u4eac\u5357\u7ad9\u5317\u5e7f\u573a\u5e97)", "order_time": ["2019-01-21 23:45:31"], "total_order": 1, "hotel_value": ["4.2"], "hotel_price": ["129"]}, "6124525": {"hotel_name": "\u6c49\u5ead\u9152\u5e97(\u5357\u4eac\u6cb3\u897f\u56fd\u9645\u535a\u89c8\u4e2d\u5fc3\u5e97)", "order_time": ["2019-01-21 23:45:31"], "total_order": 1, "hotel_value": ["4.1"], "hotel_price": ["198"]}, "1829653": {"hotel_name": "\u901f8\u9152\u5e97(\u5357\u4eac\u89e3\u653e\u8def\u5e97)", "order_time": ["2019-01-21 23:45:31"], "total_order": 1, "hotel_value": ["3.7"], "hotel_price": ["148"]}, "1803955": {"hotel_name": "\u7ef4\u4e5f\u7eb3\u9152\u5e97(\u5357\u4eac\u9f99\u6c5f\u5e97)", "order_time": ["2019-01-21 23:45:31"], "total_order": 1, "hotel_value": ["4.9"], "hotel_price": ["379"]}, "10153313": {"hotel_name": "\u5357\u4eacnewton\u725b\u987f\u81ea\u52a9\u670d\u52a1\u516c\u5bd3", "order_time": ["2019-01-21 23:45:31"], "total_order": 1, "hotel_value": ["4.7"], "hotel_price": ["220"]}, "6816155": {"hotel_name": "\u6d77\u53cb\u9152\u5e97(\u5357\u4eac\u51e4\u51f0\u897f\u8857\u5e97)(\u539f\u5ba1\u8ba1\u5b66\u9662\u5e97)", "order_time": ["2019-01-21 23:45:31"], "total_order": 1, "hotel_value": ["4.2"], "hotel_price": ["151"]}, "3642955": {"hotel_name": "7\u5929\u8fde\u9501\u9152\u5e97(\u5357\u4eac\u592b\u5b50\u5e99\u5fa1\u9053\u8857\u5e97)", "order_time": ["2019-01-21 23:45:31"], "total_order": 1, "hotel_value": ["4.6"], "hotel_price": ["117"]}, "6870672": {"hotel_name": "Q\u52a0\u00b7\u8303\u6cf0\u65af\u7279\u9152\u5e97(\u5357\u4eac\u5357\u7ad9\u5e97)", "order_time": ["2019-01-21 23:45:31"], "total_order": 1, "hotel_value": ["4.7"], "hotel_price": ["168"]}, "1452525": {"hotel_name": "\u5982\u5bb6\u5feb\u6377\u9152\u5e97(\u5357\u4eac\u65b0\u57ce\u5e02\u5e7f\u573a\u9f99\u6c5f\u5730\u94c1\u7ad9\u5e97)", "order_time": ["2019-01-21 23:45:31"], "total_order": 1, "hotel_value": ["4.6"], "hotel_price": ["254"]}, "378829": {"hotel_name": "\u5357\u4eac\u57ce\u5e02\u540d\u4eba\u9152\u5e97", "order_time": ["2019-01-21 23:47:22", "2019-01-21 23:59:18"], "total_order": 2, "hotel_value": ["4.8", "4.8"], "hotel_price": ["500", "500"]}, "2596930": {"hotel_name": "\u6c5f\u5357\u884c\u7cbe\u54c1\u9152\u5e97(\u5357\u4eac\u4e5d\u534e\u5c71\u5730\u94c1\u7ad9\u5e97)", "order_time": ["2019-01-21 23:47:23"], "total_order": 1, "hotel_value": ["4.6"], "hotel_price": ["228"]}, "10582282": {"hotel_name": "\u5357\u4eac\u6c49\u65f6\u98ce\u516c\u5bd3\u5f0f\u9152\u5e97\u5357\u7ad9\u559c\u6c49\u5e97", "order_time": ["2019-01-21 23:47:49"], "total_order": 1, "hotel_value": ["4.7"], "hotel_price": ["280"]}, "1454198": {"hotel_name": "\u5982\u5bb6\u5feb\u6377\u9152\u5e97(\u5357\u4eac\u5f90\u5e84\u5730\u94c1\u7ad9\u6c5f\u82cf\u8f6f\u4ef6\u56ed\u5e97)", "order_time": ["2019-01-21 23:47:55"], "total_order": 1, "hotel_value": ["4.6"], "hotel_price": ["218"]}, "5850489": {"hotel_name": "\u5357\u4eac\u5929\u7a7a\u4e4b\u57ce\u56fd\u9645\u9752\u5e74\u65c5\u820d", "order_time": ["2019-01-21 23:47:59"], "total_order": 1, "hotel_value": ["4.6"], "hotel_price": ["46"]}, "913039": {"hotel_name": "\u5b9c\u5fc5\u601d\u9152\u5e97(\u5357\u4eac\u592b\u5b50\u5e99\u5e97)", "order_time": ["2019-01-21 23:49:13"], "total_order": 1, "hotel_value": ["4.4"], "hotel_price": ["249"]}, "13918987": {"hotel_name": "\u5357\u4eac\u5821\u5229\u9152\u5e97\u516c\u5bd3", "order_time": ["2019-01-21 23:49:13"], "total_order": 1, "hotel_value": ["4.8"], "hotel_price": ["195"]}, "2300990": {"hotel_name": "7\u5929\u4f18\u54c1\u9152\u5e97(\u5357\u4eac\u592b\u5b50\u5e99\u4e09\u5c71\u8857\u5730\u94c1\u7ad9\u5e97)", "order_time": ["2019-01-21 23:49:19"], "total_order": 1, "hotel_value": ["4.4"], "hotel_price": ["168"]}, "1454364": {"hotel_name": "\u5982\u5bb6\u5feb\u6377\u9152\u5e97(\u5357\u4eac\u65b0\u8857\u53e3\u73e0\u6c5f\u8def\u5730\u94c1\u7ad9\u5fb7\u57fa\u5e7f\u573a\u5e97)", "order_time": ["2019-01-21 23:49:21"], "total_order": 1, "hotel_value": ["4.5"], "hotel_price": ["246"]}, "1770056": {"hotel_name": "\u5357\u4eac\u552f\u4e5f\u8bfa\u7cbe\u54c1\u9152\u5e97\u516c\u5bd3", "order_time": ["2019-01-21 23:50:00"], "total_order": 1, "hotel_value": ["4.7"], "hotel_price": ["188"]}, "1451827": {"hotel_name": "\u5982\u5bb6\u5feb\u6377\u9152\u5e97(\u5357\u4eac\u592b\u5b50\u5e99\u5730\u94c1\u7ad9\u5e73\u6c5f\u5e9c\u8def\u5e97)", "order_time": ["2019-01-21 23:51:13"], "total_order": 1, "hotel_value": ["4.5"], "hotel_price": ["233"]}, "670019": {"hotel_name": "\u5357\u4eac\u5bcc\u529b\u4e07\u8fbe\u5609\u534e\u9152\u5e97", "order_time": ["2019-01-21 23:51:17"], "total_order": 1, "hotel_value": ["4.7"], "hotel_price": ["599"]}, "28308401": {"hotel_name": "\u7ef4\u4e5f\u7eb3\u9152\u5e97(\u5357\u4eac\u5927\u5382\u6b65\u884c\u8857\u5e97)", "order_time": ["2019-01-21 23:51:50"], "total_order": 1, "hotel_value": ["4.9"], "hotel_price": ["188"]}, "859308": {"hotel_name": "\u5982\u5bb6\u5feb\u6377\u9152\u5e97(\u5357\u4eac\u65b0\u8857\u53e3\u5f20\u5e9c\u56ed\u5730\u94c1\u7ad9\u5e97)", "order_time": ["2019-01-21 23:51:53"], "total_order": 1, "hotel_value": ["4.6"], "hotel_price": ["202"]}, "1535643": {"hotel_name": "\u6c49\u5ead\u9152\u5e97(\u5357\u4eac\u65b0\u8857\u53e3\u738b\u5e9c\u5927\u8857\u5e97)", "order_time": ["2019-01-21 23:53:13"], "total_order": 1, "hotel_value": ["4.4"], "hotel_price": ["256"]}, "12548898": {"hotel_name": "\u7f8e\u8c6a\u4e3d\u81f4\u9152\u5e97(\u5357\u4eac\u4ed9\u6797\u65d7\u8230\u5e97)", "order_time": ["2019-01-21 23:53:17"], "total_order": 1, "hotel_value": ["4.8"], "hotel_price": ["475"]}, "23838449": {"hotel_name": "\u5357\u4eac\u541b\u5f18\u9152\u5e97", "order_time": ["2019-01-21 23:53:54"], "total_order": 1, "hotel_value": ["4.9"], "hotel_price": ["163"]}, "909866": {"hotel_name": "\u5357\u4eac\u72b6\u5143\u9a7f\u7ad9", "order_time": ["2019-01-21 23:55:11"], "total_order": 1, "hotel_value": ["4.3"], "hotel_price": ["349"]}, "435935": {"hotel_name": "\u5357\u4eac\u5ce8\u5d4b\u516c\u5bd3", "order_time": ["2019-01-21 23:55:13"], "total_order": 1, "hotel_value": ["4.1"], "hotel_price": ["942"]}, "481006": {"hotel_name": "\u5357\u4eac\u592a\u548c\u7d2b\u91d1\u5927\u9152\u5e97", "order_time": ["2019-01-21 23:55:17"], "total_order": 1, "hotel_value": ["4.6"], "hotel_price": ["299"]}, "16012980": {"hotel_name": "\u65af\u7ef4\u767b\u670d\u52a1\u516c\u5bd3(\u5357\u4eac\u5929\u9686\u5bfa\u96e8\u82b1\u5ba2\u5385\u5e97)", "order_time": ["2019-01-21 23:55:18"], "total_order": 1, "hotel_value": ["4.8"], "hotel_price": ["262"]}, "23917986": {"hotel_name": "\u5357\u4eacMY HOTEL", "order_time": ["2019-01-21 23:55:21"], "total_order": 1, "hotel_value": ["4.6"], "hotel_price": ["309"]}, "28094974": {"hotel_name": "\u5982\u5bb6\u5546\u65c5\u9152\u5e97(\u5357\u4eac\u706b\u8f66\u7ad9\u5317\u5e7f\u573a\u7384\u6b66\u6e56\u5e97)", "order_time": ["2019-01-21 23:57:11"], "total_order": 1, "hotel_value": ["4.6"], "hotel_price": ["295"]}, "21769720": {"hotel_name": "\u5357\u4eac\u9ad8\u76db\u9601\u9152\u5e97", "order_time": ["2019-01-21 23:57:18"], "total_order": 1, "hotel_value": ["4.5"], "hotel_price": ["183"]}, "6475650": {"hotel_name": "\u5357\u4eac\u96bd\u6052\u9152\u5e97(\u539f\u6cb3\u6d77\u5927\u5b66\u56fd\u9645\u4ea4\u6d41\u4e2d\u5fc3)", "order_time": ["2019-01-21 23:57:19"], "total_order": 1, "hotel_value": ["4.8"], "hotel_price": ["468"]}, "512269": {"hotel_name": "\u5357\u4eac\u5b5c\u56fe\u9152\u5e97", "order_time": ["2019-01-21 23:57:19"], "total_order": 1, "hotel_value": ["4.7"], "hotel_price": ["299"]}, "1816830": {"hotel_name": "\u6854\u5b50\u9152\u5e97\u00b7\u7cbe\u9009(\u5357\u4eac\u65b0\u8857\u53e3\u5e97)", "order_time": ["2019-01-21 23:57:27"], "total_order": 1, "hotel_value": ["4.9"], "hotel_price": ["484"]}, "23228147": {"hotel_name": "\u5357\u4eac\u4e07\u8fbe\u5e7f\u573a\u82b1\u5b63\u9152\u5e97", "order_time": ["2019-01-21 23:59:21"], "total_order": 1, "hotel_value": ["4.8"], "hotel_price": ["112"]}, "689773": {"hotel_name": "\u5357\u4eac\u949f\u5c71\u5bbe\u9986(\u6c5f\u82cf\u7701\u4f1a\u8bae\u4e2d\u5fc3)", "order_time": ["2019-01-22 00:01:21"], "total_order": 1, "hotel_value": ["4.7"], "hotel_price": ["542"]}, "1457092": {"hotel_name": "\u5982\u5bb6\u5feb\u6377\u9152\u5e97(\u5357\u4eac\u65b0\u8857\u53e3\u5e97)", "order_time": ["2019-01-22 00:01:21"], "total_order": 1, "hotel_value": ["4.6"], "hotel_price": ["219"]}, "1938340": {"hotel_name": "\u9526\u6c5f\u4e4b\u661f(\u5357\u4eac\u65b0\u8857\u53e3\u5e97)", "order_time": ["2019-01-22 00:01:21"], "total_order": 1, "hotel_value": ["4.4"], "hotel_price": ["227"]}, "1934848": {"hotel_name": "\u5357\u4eac\u91d1\u9a6c\u58f9\u53f7\u5546\u52a1\u9152\u5e97", "order_time": ["2019-01-22 00:01:21"], "total_order": 1, "hotel_value": ["4.4"], "hotel_price": ["268"]}, "6516420": {"hotel_name": "\u6c49\u5ead\u9152\u5e97(\u5357\u4eac\u6ee8\u6c5f\u5f00\u53d1\u533a\u5e97)", "order_time": ["2019-01-22 00:01:23"], "total_order": 1, "hotel_value": ["4.6"], "hotel_price": ["189"]}, "1451538": {"hotel_name": "\u5982\u5bb6\u5feb\u6377\u9152\u5e97(\u5357\u4eac\u65b0\u8857\u53e3\u5927\u884c\u5bab\u5730\u94c1\u7ad9\u6587\u660c\u5df7\u5e97)", "order_time": ["2019-01-22 00:01:24"], "total_order": 1, "hotel_value": ["4.4"], "hotel_price": ["227"]}, "396597": {"hotel_name": "\u91d1\u9e70\u56fd\u4ed5\u8fbe\u9152\u5e97(\u5357\u4eac\u65b0\u8857\u53e3\u5730\u94c1\u7ad9\u5e97)", "order_time": ["2019-01-22 00:01:24"], "total_order": 1, "hotel_value": ["4.9"], "hotel_price": ["283"]}, "946985": {"hotel_name": "\u53e4\u90fd\u6587\u5316\u5546\u52a1\u65c5\u9986(\u5357\u4eac\u65b0\u8857\u53e3\u5e97)", "order_time": ["2019-01-22 00:01:25"], "total_order": 1, "hotel_value": ["4.4"], "hotel_price": ["164"]}, "24014320": {"hotel_name": "\u5357\u4eac\u9f99\u835f\u9152\u5e97", "order_time": ["2019-01-22 00:01:26"], "total_order": 1, "hotel_value": ["4.7"], "hotel_price": ["219"]}, "4602523": {"hotel_name": "\u673a\u573a\u5bbe\u9986(\u5357\u4eac\u592b\u5b50\u5e99\u5e97)(\u539f\u9f99\u87e0\u4e2d\u8def\u5e97)", "order_time": ["2019-01-22 00:01:26"], "total_order": 1, "hotel_value": ["4.7"], "hotel_price": ["400"]}, "1457946": {"hotel_name": "\u5357\u4eac\u4e94\u4e00\u5bbe\u9986", "order_time": ["2019-01-22 00:01:26"], "total_order": 1, "hotel_value": ["4.5"], "hotel_price": ["171"]}, "6063855": {"hotel_name": "\u5357\u4eac\u6c34\u6676\u4e3d\u6a59\u9152\u5e97", "order_time": ["2019-01-22 00:01:28"], "total_order": 1, "hotel_value": ["4.1"], "hotel_price": ["94"]}, "798936": {"hotel_name": "\u5982\u5bb6\u9152\u5e97(\u5357\u4eac\u4e5d\u9f99\u6e56\u5730\u94c1\u7ad9\u53cc\u9f99\u5927\u9053\u5e97)", "order_time": ["2019-01-22 00:01:30"], "total_order": 1, "hotel_value": ["4.6"], "hotel_price": ["195"]}, "4310743": {"hotel_name": "\u6e05\u6c90\u7cbe\u9009\u9152\u5e97(\u5357\u4eac\u5965\u4f53\u4f1a\u5c55\u4e2d\u5fc3\u5e97)", "order_time": ["2019-01-22 00:01:31"], "total_order": 1, "hotel_value": ["4.4"], "hotel_price": ["264"]}, "3457535": {"hotel_name": "\u69b4\u83b2\u7cd6\u679c\u7cbe\u9009\u9152\u5e97(\u5357\u4eac\u6c5f\u6d66\u5ba2\u8fd0\u7ad9\u5e97)", "order_time": ["2019-01-22 00:01:32"], "total_order": 1, "hotel_value": ["4.2"], "hotel_price": ["176"]}, "8984394": {"hotel_name": "\u84dd\u8272\u4e4b\u65c5\u9152\u5e97\u516c\u5bd3(\u5357\u4eac\u5357\u7ad9\u5e97)", "order_time": ["2019-01-22 00:01:32"], "total_order": 1, "hotel_value": ["4.8"], "hotel_price": ["287"]}, "801158": {"hotel_name": "\u5357\u4eac\u65af\u7ef4\u767b\u5ea6\u5047\u516c\u5bd3(\u6c64\u57ce\u4e1c\u90e1\u5e7f\u573a)", "order_time": ["2019-01-22 00:01:33"], "total_order": 1, "hotel_value": ["4.3"], "hotel_price": ["174"]}, "28678204": {"hotel_name": "\u5357\u4eac\u9082\u9005\u9633\u5149\u9152\u5e97", "order_time": ["2019-01-22 00:01:36"], "total_order": 1, "hotel_value": ["5.0"], "hotel_price": ["119"]}, "946968": {"hotel_name": "\u53e4\u90fd\u6587\u5316\u9152\u5e97(\u5357\u4eac\u7384\u6b66\u6e56\u9f13\u697c\u5730\u94c1\u7ad9\u5e97)", "order_time": ["2019-01-22 00:01:36"], "total_order": 1, "hotel_value": ["4.3"], "hotel_price": ["273"]}, "2299293": {"hotel_name": "\u683c\u6797\u8c6a\u6cf0(\u5357\u4eac\u5965\u4f53\u4e2d\u5fc3\u5e97)", "order_time": ["2019-01-22 00:01:37"], "total_order": 1, "hotel_value": ["3.9"], "hotel_price": ["243"]}, "1448580": {"hotel_name": "\u83ab\u6cf0168(\u5357\u4eac\u535a\u7269\u9662\u4e2d\u5c71\u9675\u98ce\u666f\u533a\u5e97)(\u539f\u4e2d\u5c71\u95e8\u4e2d\u5c71\u9675\u98ce\u666f\u533a\u5e97)", "order_time": ["2019-01-22 00:01:39"], "total_order": 1, "hotel_value": ["4.4"], "hotel_price": ["165"]}, "5925502": {"hotel_name": "\u7ef4\u4e5f\u7eb3\u9152\u5e97(\u5357\u4eac\u5357\u7ad9\u6c47\u666f\u5e97)", "order_time": ["2019-01-22 00:02:26"], "total_order": 1, "hotel_value": ["4.8"], "hotel_price": ["239"]}, "18006446": {"hotel_name": "\u798f\u68ee\u9152\u5e97\u516c\u5bd3(\u5357\u4eac\u5965\u4f53\u5e97)", "order_time": ["2019-01-22 00:03:18"], "total_order": 1, "hotel_value": ["4.8"], "hotel_price": ["194"]}, "1446113": {"hotel_name": "\u5982\u5bb6\u5546\u65c5\u9152\u5e97(\u5357\u4eac\u706b\u8f66\u7ad9\u5317\u5e7f\u573a\u7ea2\u5c71\u52a8\u7269\u56ed\u5730\u94c1\u7ad9\u5e97)", "order_time": ["2019-01-22 00:03:21"], "total_order": 1, "hotel_value": ["4.7"], "hotel_price": ["263"]}, "27852068": {"hotel_name": "\u5357\u4eac\u9f99\u95e8\u9a7f\u6808\u5bbe\u9986", "order_time": ["2019-01-22 00:03:29"], "total_order": 1, "hotel_value": ["4.8"], "hotel_price": ["123"]}, "2857752": {"hotel_name": "\u683c\u6797\u8c6a\u6cf0(\u5357\u4eac\u5357\u7ad9\u5357\u5e7f\u573a\u5e97)", "order_time": ["2019-01-22 00:03:33"], "total_order": 1, "hotel_value": ["4.4"], "hotel_price": ["180"]}, "1554150": {"hotel_name": "\u5357\u4eac\u4eca\u751f\u6709\u7ea6\u5bb6\u5ead\u65c5\u9986", "order_time": ["2019-01-22 00:03:41"], "total_order": 1, "hotel_value": ["4.0"], "hotel_price": ["32"]}, "367765": {"hotel_name": "\u5357\u4eac\u51ef\u94c2\u7cbe\u54c1\u9152\u5e97", "order_time": ["2019-01-22 00:05:14", "2019-01-22 00:19:15"], "total_order": 2, "hotel_value": ["4.4", "4.4"], "hotel_price": ["427", "427"]}, "2877191": {"hotel_name": "\u5357\u4eac\u541b\u98de\u4e34\u5bbe\u9986", "order_time": ["2019-01-22 00:05:18"], "total_order": 1, "hotel_value": ["4.6"], "hotel_price": ["115"]}, "7215718": {"hotel_name": "\u7ef4\u4e5f\u7eb3\u9152\u5e97(\u5357\u4eac\u592b\u5b50\u5e99\u96e8\u82b1\u8def\u5e97)", "order_time": ["2019-01-22 00:05:21"], "total_order": 1, "hotel_value": ["4.8"], "hotel_price": ["242"]}, "369785": {"hotel_name": "\u5357\u4eac\u7d22\u83f2\u7279\u94f6\u6cb3\u5927\u9152\u5e97", "order_time": ["2019-01-22 00:05:22", "2019-01-22 00:13:22", "2019-01-22 00:15:27"], "total_order": 3, "hotel_value": ["4.6", "4.6", "4.6"], "hotel_price": ["558", "558", "558"]}, "2264297": {"hotel_name": "\u5e03\u4e01\u9152\u5e97(\u5357\u4eac\u592b\u5b50\u5e99\u96c6\u5e86\u95e8\u5e97)", "order_time": ["2019-01-22 00:05:29"], "total_order": 1, "hotel_value": ["4.0"], "hotel_price": ["128"]}, "28127506": {"hotel_name": "\u5357\u4eac\u9a6c\u7fa4\u4e9a\u6735\u9152\u5e97", "order_time": ["2019-01-22 00:07:20"], "total_order": 1, "hotel_value": ["4.9"], "hotel_price": ["460"]}, "4729595": {"hotel_name": "\u5357\u4eac\u6615\u6960\u5bbe\u9986", "order_time": ["2019-01-22 00:07:21"], "total_order": 1, "hotel_value": ["3.9"], "hotel_price": ["159"]}, "1946035": {"hotel_name": "\u5c16\u5fae\u7a7a\u95f4\u827a\u672f\u9152\u5e97(\u5357\u4eac\u592b\u5b50\u5e99\u5e97)", "order_time": ["2019-01-22 00:07:32"], "total_order": 1, "hotel_value": ["4.6"], "hotel_price": ["236"]}, "2300473": {"hotel_name": "7\u5929\u8fde\u9501\u9152\u5e97(\u5357\u4eac\u4e2d\u5c71\u9675\u5149\u534e\u8def\u5e97)", "order_time": ["2019-01-22 00:07:35"], "total_order": 1, "hotel_value": ["4.5"], "hotel_price": ["143"]}, "8574598": {"hotel_name": "\u6e05\u6c90\u7cbe\u9009\u9152\u5e97(\u5357\u4eac\u6587\u5fb7\u8def\u5730\u94c1\u7ad9\u5e97)", "order_time": ["2019-01-22 00:09:11"], "total_order": 1, "hotel_value": ["4.5"], "hotel_price": ["184"]}, "5095130": {"hotel_name": "\u901f8\u9152\u5e97(\u5357\u4eac\u83ab\u6101\u6e56\u6c34\u897f\u95e8\u5e97)", "order_time": ["2019-01-22 00:09:14"], "total_order": 1, "hotel_value": ["4.4"], "hotel_price": ["143"]}, "14002765": {"hotel_name": "\u5357\u4eac\u9999\u8212\u9601\u5bbe\u9986", "order_time": ["2019-01-22 00:17:22", "2019-01-22 00:09:17"], "total_order": 2, "hotel_value": ["4.9", "4.9"], "hotel_price": ["95", "95"]}, "1283038": {"hotel_name": "\u5357\u4eac\u91d1\u9675\u65b0\u57ce\u996d\u5e97", "order_time": ["2019-01-22 00:09:19"], "total_order": 1, "hotel_value": ["4.7"], "hotel_price": ["390"]}, "24611267": {"hotel_name": "\u6e05\u6c90\u7cbe\u54c1\u9152\u5e97(\u5357\u4eac\u4e1c\u5584\u6865\u725b\u9996\u5c71\u5e97)", "order_time": ["2019-01-22 00:09:27"], "total_order": 1, "hotel_value": ["4.4"], "hotel_price": ["154"]}, "1636454": {"hotel_name": "\u5357\u4eac\u4e50\u7ef4\u7279\u5546\u52a1\u9152\u5e97", "order_time": ["2019-01-22 00:09:32"], "total_order": 1, "hotel_value": ["3.9"], "hotel_price": ["259"]}, "8574568": {"hotel_name": "\u5357\u4eac\u9f0e\u8c6a\u5546\u52a1\u5bbe\u9986", "order_time": ["2019-01-22 00:09:33"], "total_order": 1, "hotel_value": ["4.0"], "hotel_price": ["188"]}, "5033051": {"hotel_name": "\u5357\u4eac\u661f\u70c1\u5bbe\u9986", "order_time": ["2019-01-22 00:09:40"], "total_order": 1, "hotel_value": [0], "hotel_price": ["88"]}, "1942116": {"hotel_name": "\u5357\u4eac\u53cb\u60c5\u5bbe\u9986", "order_time": ["2019-01-22 00:09:51"], "total_order": 1, "hotel_value": ["4.4"], "hotel_price": ["68"]}, "1891580": {"hotel_name": "\u901f8\u9152\u5e97(\u5357\u4eac\u91d1\u9675\u603b\u7edf\u5e9c\u5e97)(\u539f\u5357\u4eac\u821c\u5929\u603b\u7edf\u5e9c\u5e97)", "order_time": ["2019-01-22 00:11:32"], "total_order": 1, "hotel_value": ["4.3"], "hotel_price": ["168"]}, "22774847": {"hotel_name": "\u5357\u4eac\u9752\u7389\u6d01\u51e1\u5bbe\u9986", "order_time": ["2019-01-22 00:11:34"], "total_order": 1, "hotel_value": ["4.9"], "hotel_price": ["120"]}, "9586571": {"hotel_name": "\u53ef\u4e3a\u5bb6\u7cbe\u54c1\u9152\u5e97\u5f0f\u516c\u5bd3(\u5357\u4eac\u5357\u7ad9\u5e97)", "order_time": ["2019-01-22 00:11:42"], "total_order": 1, "hotel_value": ["4.7"], "hotel_price": ["183"]}, "1532041": {"hotel_name": "\u8d85\u7fa4\u7cbe\u9009\u9152\u5e97(\u5357\u4eac\u4e2d\u5c71\u9675\u666f\u533a\u5e97)", "order_time": ["2019-01-22 00:11:49"], "total_order": 1, "hotel_value": ["4.3"], "hotel_price": ["258"]}, "2399601": {"hotel_name": "\u7231\u7434\u6d77\u5047\u65e5\u5bbe\u9986(\u5357\u4eac\u9ad8\u6df3\u8001\u8857\u5e97)", "order_time": ["2019-01-22 00:11:50"], "total_order": 1, "hotel_value": ["4.4"], "hotel_price": ["83"]}, "433538": {"hotel_name": "\u5357\u4eac\u5c71\u6c34\u5927\u9152\u5e97", "order_time": ["2019-01-22 00:13:22"], "total_order": 1, "hotel_value": ["4.8"], "hotel_price": ["437"]}, "1842197": {"hotel_name": "\u5c71\u6942\u6811\u5feb\u6377\u9152\u5e97(\u5357\u4eac\u603b\u7edf\u5e9c\u5e97)", "order_time": ["2019-01-22 00:13:27"], "total_order": 1, "hotel_value": ["4.3"], "hotel_price": ["183"]}, "6074801": {"hotel_name": "\u5357\u4eac\u91d1\u5cf0\u6c47\u5927\u9152\u5e97", "order_time": ["2019-01-22 00:13:28"], "total_order": 1, "hotel_value": ["4.8"], "hotel_price": ["398"]}, "1441836": {"hotel_name": "\u83ab\u6cf0168(\u5357\u4eac\u5e7f\u5dde\u8def\u968f\u56ed\u5927\u53a6\u5e97)(\u539f\u5357\u4eac\u5927\u5b66\u5e7f\u5dde\u8def\u5e97)", "order_time": ["2019-01-22 00:13:28"], "total_order": 1, "hotel_value": ["4.6"], "hotel_price": ["251"]}, "15898684": {"hotel_name": "\u5357\u4eac\u83ab\u9006\u00b7\u6c64\u5bb6\u6e29\u6cc9\u5ba2\u6808", "order_time": ["2019-01-22 00:13:35"], "total_order": 1, "hotel_value": ["4.6"], "hotel_price": ["753"]}, "5016538": {"hotel_name": "\u5c0f\u65f6\u5149\u5bbe\u9986(\u5357\u4eac\u7984\u53e3\u673a\u573a\u5e97)", "order_time": ["2019-01-22 00:15:30"], "total_order": 1, "hotel_value": ["4.9"], "hotel_price": ["115"]}, "1451938": {"hotel_name": "\u5982\u5bb6\u9152\u5e97(\u5357\u4eac\u592b\u5b50\u5e99\u5730\u94c1\u7ad9\u5e97)", "order_time": ["2019-01-22 00:15:32"], "total_order": 1, "hotel_value": ["4.5"], "hotel_price": ["227"]}, "1944075": {"hotel_name": "\u5e03\u4e01\u9152\u5e97(\u5357\u4eac\u9ad8\u65b0\u533a\u4e1c\u5927\u6210\u8d24\u5b66\u9662\u5730\u94c1\u7ad9\u5e97)", "order_time": ["2019-01-22 00:15:35"], "total_order": 1, "hotel_value": ["4.0"], "hotel_price": ["114"]}, "13948955": {"hotel_name": "\u7984\u6dee\u5bbe\u9986(\u5357\u4eac\u673a\u573a\u5e97)", "order_time": ["2019-01-22 00:15:42"], "total_order": 1, "hotel_value": ["4.9"], "hotel_price": ["142"]}, "1674485": {"hotel_name": "\u5357\u4eac\u7d2b\u73ab\u7470\u5bbe\u9986", "order_time": ["2019-01-22 00:15:45"], "total_order": 1, "hotel_value": [0], "hotel_price": ["139"]}, "1581195": {"hotel_name": "\u5357\u4eac\u5357\u7ad9\u798f\u6797\u5bbe\u9986", "order_time": ["2019-01-22 00:15:53"], "total_order": 1, "hotel_value": ["4.0"], "hotel_price": ["101"]}, "25217369": {"hotel_name": "\u5357\u4eac\u4e91\u6210\u65c5\u9986", "order_time": ["2019-01-22 00:15:58"], "total_order": 1, "hotel_value": ["4.8"], "hotel_price": ["106"]}, "4957374": {"hotel_name": "Zsmart\u667a\u5c1a\u9152\u5e97(\u5357\u4eac\u592b\u5b50\u5e99\u5927\u5149\u8def\u5e97)", "order_time": ["2019-01-22 00:17:15"], "total_order": 1, "hotel_value": ["4.5"], "hotel_price": ["174"]}, "435796": {"hotel_name": "\u5357\u4eac\u56fd\u4fe1\u72b6\u5143\u697c\u5927\u9152\u5e97", "order_time": ["2019-01-22 00:17:20"], "total_order": 1, "hotel_value": ["4.7"], "hotel_price": ["558"]}, "1209436": {"hotel_name": "\u4e00\u7c73\u9633\u5149\u9152\u5e97\u516c\u5bd3(\u5357\u4eac\u80dc\u592a\u8def\u5e97)", "order_time": ["2019-01-22 00:17:30"], "total_order": 1, "hotel_value": ["4.7"], "hotel_price": ["153"]}, "13909318": {"hotel_name": "\u5357\u4eac\u521b\u827a\u9152\u5e97\u516c\u5bd3", "order_time": ["2019-01-22 00:17:35"], "total_order": 1, "hotel_value": ["4.4"], "hotel_price": ["218"]}, "1874509": {"hotel_name": "\u5e03\u4e01\u9152\u5e97(\u5357\u4eac\u6c5f\u5b81\u5927\u5b66\u57ce\u5e97)", "order_time": ["2019-01-22 00:17:36"], "total_order": 1, "hotel_value": ["4.2"], "hotel_price": ["101"]}, "1433140": {"hotel_name": "\u5357\u4eac\u82f9\u679c\u9152\u5e97(\u539f\u9752\u82f9\u679c\u9152\u5e97)", "order_time": ["2019-01-22 00:19:15"], "total_order": 1, "hotel_value": ["3.8"], "hotel_price": ["116"]}, "458407": {"hotel_name": "\u53e4\u5357\u90fd\u9038\u5c45\u9152\u5e97(\u5357\u4eac\u592b\u5b50\u5e99\u5e97)", "order_time": ["2019-01-22 00:19:22"], "total_order": 1, "hotel_value": ["4.9"], "hotel_price": ["371"]}, "24399372": {"hotel_name": "\u5357\u4eac\u6e05\u6a59\u9152\u5e97", "order_time": ["2019-01-22 00:19:27"], "total_order": 1, "hotel_value": ["4.3"], "hotel_price": ["114"]}, "4732950": {"hotel_name": "\u683c\u6797\u8054\u76df(\u5357\u4eac\u9e21\u9e23\u5bfa\u5730\u94c1\u7ad9\u4e1c\u5357\u5927\u5b66\u5e97)", "order_time": ["2019-01-22 00:19:35"], "total_order": 1, "hotel_value": ["4.1"], "hotel_price": ["154"]}, "1945966": {"hotel_name": "\u5357\u4eac\u7eb3\u5c14\u8fbe\u65af\u5927\u9152\u5e97", "order_time": ["2019-01-22 00:19:35"], "total_order": 1, "hotel_value": ["4.2"], "hotel_price": ["286"]}}}