{"\u5f00\u59cb\u8bb0\u5f55\u65f6\u95f4": "2019-01-26 04:46:41", "\u7ed3\u675f\u8bb0\u5f55\u65f6\u95f4": "2019-01-26 05:46:41", "\u8ba2\u5355\u603b\u589e\u91cf": 26, "item": {"23802785": {"hotel_name": "\u5357\u4eac\u6f3e\u5e94\u9752\u6625\u91cc\u9152\u5e97", "order_time": ["2019-01-26 04:49:05"], "total_order": 1, "hotel_value": ["4.8"], "hotel_price": ["273"]}, "7570688": {"hotel_name": "\u5357\u4eac\u6cb3\u897f\u82cf\u5b81\u96c5\u60a6\u9152\u5e97", "order_time": ["2019-01-26 04:49:11"], "total_order": 1, "hotel_value": ["4.6"], "hotel_price": ["399"]}, "1339902": {"hotel_name": "\u5982\u5bb6\u5feb\u6377\u9152\u5e97(\u5357\u4eac\u76d0\u4ed3\u6865\u5e7f\u573a\u53cc\u95e8\u697c\u864e\u8e1e\u5317\u8def\u5e97)", "order_time": ["2019-01-26 04:51:09"], "total_order": 1, "hotel_value": ["4.6"], "hotel_price": ["158"]}, "1452149": {"hotel_name": "\u5982\u5bb6\u5feb\u6377\u9152\u5e97(\u5357\u4eac\u706b\u8f66\u5357\u7ad9\u660e\u53d1\u5e7f\u573a\u5730\u94c1\u7ad9\u5e97)", "order_time": ["2019-01-26 04:55:16"], "total_order": 1, "hotel_value": ["4.4"], "hotel_price": ["254"]}, "17589650": {"hotel_name": "\u5357\u4eac\u4e2d\u5c71\u9675\u666f\u533a\u4e9a\u6735\u9152\u5e97", "order_time": ["2019-01-26 04:59:05"], "total_order": 1, "hotel_value": ["4.8"], "hotel_price": ["360"]}, "1441836": {"hotel_name": "\u83ab\u6cf0168(\u5357\u4eac\u5e7f\u5dde\u8def\u968f\u56ed\u5927\u53a6\u5e97)(\u539f\u5357\u4eac\u5927\u5b66\u5e7f\u5dde\u8def\u5e97)", "order_time": ["2019-01-26 05:03:08"], "total_order": 1, "hotel_value": ["4.6"], "hotel_price": ["237"]}, "443705": {"hotel_name": "\u4e66\u9999\u4e16\u5bb6\u9152\u5e97(\u5357\u4eac\u65b0\u8857\u53e3\u5fb7\u57fa\u5e7f\u573a\u5e97)(\u539f\u7ba1\u5bb6\u6865\u5e97)", "order_time": ["2019-01-26 05:03:12"], "total_order": 1, "hotel_value": ["4.7"], "hotel_price": ["348"]}, "5218050": {"hotel_name": "\u91d1\u5965\u8bfa\u9601\u96c5\u9152\u5e97(\u5357\u4eac\u5965\u4f53\u4e2d\u5fc3\u5e97)", "order_time": ["2019-01-26 05:05:53"], "total_order": 1, "hotel_value": ["4.9"], "hotel_price": ["388"]}, "378829": {"hotel_name": "\u5357\u4eac\u57ce\u5e02\u540d\u4eba\u9152\u5e97", "order_time": ["2019-01-26 05:13:19"], "total_order": 1, "hotel_value": ["4.8"], "hotel_price": ["556"]}, "670019": {"hotel_name": "\u5357\u4eac\u5bcc\u529b\u4e07\u8fbe\u5609\u534e\u9152\u5e97", "order_time": ["2019-01-26 05:15:04"], "total_order": 1, "hotel_value": ["4.7"], "hotel_price": ["599"]}, "9347528": {"hotel_name": "\u56fd\u9645\u9752\u5e74\u4f1a\u8bae\u9152\u5e97(\u5357\u4eac\u56fd\u9645\u9752\u5e74\u6587\u5316\u4e2d\u5fc3\u5e97)", "order_time": ["2019-01-26 05:27:02", "2019-01-26 05:15:26"], "total_order": 2, "hotel_value": ["4.8", "4.8"], "hotel_price": ["598", "598"]}, "470827": {"hotel_name": "\u9526\u6c5f\u5357\u4eac\u996d\u5e97", "order_time": ["2019-01-26 05:19:05"], "total_order": 1, "hotel_value": ["4.8"], "hotel_price": ["326"]}, "25824305": {"hotel_name": "\u5b9c\u5c1a\u9152\u5e97(\u5357\u4eac\u9752\u5965\u535a\u89c8\u4e2d\u5fc3\u5e97)", "order_time": ["2019-01-26 05:19:06"], "total_order": 1, "hotel_value": ["4.5"], "hotel_price": ["229"]}, "1451746": {"hotel_name": "\u5982\u5bb6\u5feb\u6377\u9152\u5e97(\u5357\u4eac\u592b\u5b50\u5e99\u96c6\u5e86\u95e8\u5e97)", "order_time": ["2019-01-26 05:23:29"], "total_order": 1, "hotel_value": ["4.4"], "hotel_price": ["186"]}, "11122849": {"hotel_name": "\u5e03\u4e01\u9152\u5e97(\u5357\u4eac\u5357\u7ad9\u5317\u5e7f\u573a\u7eff\u5730\u4e4b\u7a97\u5e97)", "order_time": ["2019-01-26 05:25:06"], "total_order": 1, "hotel_value": ["4.3"], "hotel_price": ["275"]}, "458407": {"hotel_name": "\u53e4\u5357\u90fd\u9038\u5c45\u9152\u5e97(\u5357\u4eac\u592b\u5b50\u5e99\u5e97)", "order_time": ["2019-01-26 05:25:21"], "total_order": 1, "hotel_value": ["4.9"], "hotel_price": ["396"]}, "1535639": {"hotel_name": "\u6c49\u5ead\u9152\u5e97(\u5357\u4eac\u82dc\u84ff\u56ed\u5927\u8857\u5e97)", "order_time": ["2019-01-26 05:27:14"], "total_order": 1, "hotel_value": ["4.5"], "hotel_price": ["171"]}, "813373": {"hotel_name": "\u5357\u4eac\u6db5\u6708\u697c\u9996\u4e3d\u65af\u9152\u5e97", "order_time": ["2019-01-26 05:39:09", "2019-01-26 05:31:09"], "total_order": 2, "hotel_value": ["4.8", "4.8"], "hotel_price": ["579", "579"]}, "433082": {"hotel_name": "\u5357\u4eac\u9ec4\u57d4\u5927\u9152\u5e97", "order_time": ["2019-01-26 05:33:08"], "total_order": 1, "hotel_value": ["4.7"], "hotel_price": ["258"]}, "3627292": {"hotel_name": "\u6c49\u5ead\u9152\u5e97(\u5357\u4eac\u4e94\u5858\u5e7f\u573a\u5e97)", "order_time": ["2019-01-26 05:37:04"], "total_order": 1, "hotel_value": ["4.7"], "hotel_price": ["256"]}, "371145": {"hotel_name": "\u5357\u4eac\u7ef4\u666f\u56fd\u9645\u5927\u9152\u5e97", "order_time": ["2019-01-26 05:39:08"], "total_order": 1, "hotel_value": ["4.6"], "hotel_price": ["522"]}, "969238": {"hotel_name": "\u6c49\u5ead\u9152\u5e97(\u5357\u4eac\u4e2d\u592e\u95e8\u5e97)", "order_time": ["2019-01-26 05:43:07"], "total_order": 1, "hotel_value": ["4.5"], "hotel_price": ["180"]}, "440999": {"hotel_name": "\u5357\u4eac\u6c64\u5c71\u5fa1\u5ead\u81fb\u54c1\u9152\u5e97", "order_time": ["2019-01-26 05:45:12"], "total_order": 1, "hotel_value": ["4.7"], "hotel_price": ["1938"]}, "1535643": {"hotel_name": "\u6c49\u5ead\u9152\u5e97(\u5357\u4eac\u65b0\u8857\u53e3\u738b\u5e9c\u5927\u8857\u5e97)", "order_time": ["2019-01-26 05:45:14"], "total_order": 1, "hotel_value": ["4.4"], "hotel_price": ["279"]}}}