{"\u5f00\u59cb\u8bb0\u5f55\u65f6\u95f4": "2019-01-16 05:48:07", "\u7ed3\u675f\u8bb0\u5f55\u65f6\u95f4": "2019-01-16 06:48:07", "\u8ba2\u5355\u603b\u589e\u91cf": 89, "item": {"4654385": {"hotel_name": "\u5357\u4eac\u5c1a\u79be\u5409\u5c71\u9152\u5e97(\u539f\u4e3d\u6e56\u96c5\u81f4\u5409\u5c71\u9152\u5e97)", "order_time": ["2019-01-16 05:50:30"], "total_order": 1, "hotel_value": ["4.5"], "hotel_price": ["303"]}, "458364": {"hotel_name": "\u5357\u4eac\u53e4\u5357\u90fd\u5927\u6865\u996d\u5e97", "order_time": ["2019-01-16 05:50:30"], "total_order": 1, "hotel_value": ["4.8"], "hotel_price": ["396"]}, "25904636": {"hotel_name": "\u5357\u4eac\u5f20\u5e9c\u96c5\u5c45\u82b1\u56ed\u9152\u5e97", "order_time": ["2019-01-16 05:50:32"], "total_order": 1, "hotel_value": ["4.9"], "hotel_price": ["183"]}, "909866": {"hotel_name": "\u5357\u4eac\u72b6\u5143\u9a7f\u7ad9", "order_time": ["2019-01-16 05:50:36"], "total_order": 1, "hotel_value": ["4.3"], "hotel_price": ["349"]}, "426785": {"hotel_name": "\u5357\u4eac\u5fc3\u4e4b\u65c5\u82b1\u56ed\u9152\u5e97", "order_time": ["2019-01-16 05:52:29"], "total_order": 1, "hotel_value": ["4.3"], "hotel_price": ["238"]}, "2069884": {"hotel_name": "\u5357\u4eac\u7231\u5c1a\u82b1\u56ed\u9152\u5e97\u516c\u5bd3", "order_time": ["2019-01-16 05:52:37"], "total_order": 1, "hotel_value": ["4.7"], "hotel_price": ["252"]}, "2877191": {"hotel_name": "\u5357\u4eac\u541b\u98de\u4e34\u5bbe\u9986", "order_time": ["2019-01-16 05:52:41"], "total_order": 1, "hotel_value": ["4.6"], "hotel_price": ["165"]}, "1856487": {"hotel_name": "\u5357\u4eac\u5149\u660e\u996d\u5e97", "order_time": ["2019-01-16 05:52:49"], "total_order": 1, "hotel_value": ["3.8"], "hotel_price": ["146"]}, "17293111": {"hotel_name": "\u5357\u4eac\u95f2\u4e4b\u65c5\u9752\u5e74\u65c5\u793e", "order_time": ["2019-01-16 05:52:50"], "total_order": 1, "hotel_value": ["4.5"], "hotel_price": ["40"]}, "425945": {"hotel_name": "\u6c5f\u82cf\u51e4\u51f0\u53f0\u996d\u5e97", "order_time": ["2019-01-16 05:53:25", "2019-01-16 05:59:35"], "total_order": 2, "hotel_value": ["4.7", "4.7"], "hotel_price": ["1064", "1064"]}, "5451854": {"hotel_name": "\u5357\u4eac\u91d1\u9e70\u56fd\u9645\u9152\u5e97", "order_time": ["2019-01-16 05:53:25", "2019-01-16 05:59:35"], "total_order": 2, "hotel_value": ["4.9", "4.9"], "hotel_price": ["855", "855"]}, "369717": {"hotel_name": "\u5357\u4eac\u91d1\u9e70\u73e0\u6c5f\u58f9\u53f7\u56fd\u9645\u9152\u5e97", "order_time": ["2019-01-16 06:12:29", "2019-01-16 06:13:34", "2019-01-16 06:08:30", "2019-01-16 05:53:25", "2019-01-16 05:59:35", "2019-01-16 06:13:35"], "total_order": 6, "hotel_value": ["4.7", "4.7", "4.7", "4.7", "4.7", "4.7"], "hotel_price": ["579", "579", "559", "559", "579", "579"]}, "3327690": {"hotel_name": "\u6c64\u5c71\u7d2b\u6e05\u6e56\u6e29\u6cc9\u5ea6\u5047\u9152\u5e97", "order_time": ["2019-01-16 05:53:25", "2019-01-16 05:59:35"], "total_order": 2, "hotel_value": ["4.8", "4.8"], "hotel_price": ["619", "619"]}, "375288": {"hotel_name": "\u5357\u4eac\u7384\u6b66\u996d\u5e97", "order_time": ["2019-01-16 05:53:25", "2019-01-16 05:59:35"], "total_order": 2, "hotel_value": ["4.7", "4.7"], "hotel_price": ["698", "698"]}, "5549111": {"hotel_name": "\u5357\u4eac\u91d1\u9e70\u5c1a\u7f8e\u9152\u5e97", "order_time": ["2019-01-16 05:53:25", "2019-01-16 05:59:35"], "total_order": 2, "hotel_value": ["4.8", "4.8"], "hotel_price": ["601", "601"]}, "378829": {"hotel_name": "\u5357\u4eac\u57ce\u5e02\u540d\u4eba\u9152\u5e97", "order_time": ["2019-01-16 05:53:25", "2019-01-16 05:59:35"], "total_order": 2, "hotel_value": ["4.8", "4.8"], "hotel_price": ["523", "523"]}, "471367": {"hotel_name": "\u5357\u4eac\u82cf\u5b81\u73af\u7403\u5957\u623f\u996d\u5e97", "order_time": ["2019-01-16 05:53:25", "2019-01-16 05:59:35"], "total_order": 2, "hotel_value": ["4.8", "4.8"], "hotel_price": ["588", "588"]}, "419566": {"hotel_name": "\u5357\u4eac\u53e4\u5357\u90fd\u996d\u5e97", "order_time": ["2019-01-16 05:53:25", "2019-01-16 05:58:29"], "total_order": 2, "hotel_value": ["4.8", "4.8"], "hotel_price": ["565", "565"]}, "19809244": {"hotel_name": "\u7f8e\u8c6a\u4e3d\u81f4\u9152\u5e97(\u5357\u4eac\u65b0\u8857\u53e3\u5fb7\u57fa\u5e7f\u573a\u5e97)", "order_time": ["2019-01-16 05:53:25"], "total_order": 1, "hotel_value": ["4.8"], "hotel_price": ["580"]}, "670019": {"hotel_name": "\u5357\u4eac\u5bcc\u529b\u4e07\u8fbe\u5609\u534e\u9152\u5e97", "order_time": ["2019-01-16 05:53:25"], "total_order": 1, "hotel_value": ["4.7"], "hotel_price": ["658"]}, "10608188": {"hotel_name": "\u5357\u4eac\u5357\u7ad9\u5e0c\u5c14\u987f\u6b22\u670b\u9152\u5e97", "order_time": ["2019-01-16 05:53:25"], "total_order": 1, "hotel_value": ["4.8"], "hotel_price": ["519"]}, "443705": {"hotel_name": "\u4e66\u9999\u4e16\u5bb6\u9152\u5e97(\u5357\u4eac\u65b0\u8857\u53e3\u5fb7\u57fa\u5e7f\u573a\u5e97)(\u539f\u7ba1\u5bb6\u6865\u5e97)", "order_time": ["2019-01-16 05:53:25"], "total_order": 1, "hotel_value": ["4.7"], "hotel_price": ["398"]}, "846891": {"hotel_name": "\u4e66\u9999\u4e16\u5bb6\u9152\u5e97(\u5357\u4eac\u65b0\u8857\u53e3\u4e09\u5143\u5df7\u5e97)(\u539f\u4e2d\u6c5f\u4e66\u9999\u4e16\u5bb6\u9152\u5e97)", "order_time": ["2019-01-16 05:53:25"], "total_order": 1, "hotel_value": ["4.8"], "hotel_price": ["349"]}, "754206": {"hotel_name": "\u5357\u4eac\u6021\u534e\u9152\u5e97", "order_time": ["2019-01-16 05:53:25"], "total_order": 1, "hotel_value": ["4.7"], "hotel_price": ["568"]}, "6146079": {"hotel_name": "\u5357\u4eac\u516b\u6708\u4e3b\u9898\u5bbe\u9986", "order_time": ["2019-01-16 05:54:34"], "total_order": 1, "hotel_value": ["4.4"], "hotel_price": ["93"]}, "4957374": {"hotel_name": "Zsmart\u667a\u5c1a\u9152\u5e97(\u5357\u4eac\u592b\u5b50\u5e99\u5927\u5149\u8def\u5e97)", "order_time": ["2019-01-16 05:54:38"], "total_order": 1, "hotel_value": ["4.5"], "hotel_price": ["174"]}, "6501512": {"hotel_name": "\u6d77\u53cb\u9152\u5e97(\u5357\u4eac\u592b\u5b50\u5e99\u4e2d\u534e\u95e8\u5e97)", "order_time": ["2019-01-16 05:57:13"], "total_order": 1, "hotel_value": ["4.5"], "hotel_price": ["180"]}, "427757": {"hotel_name": "\u83ab\u6cf0168(\u5357\u4eac\u592b\u5b50\u5e99\u5927\u5149\u8def\u5e97)", "order_time": ["2019-01-16 05:58:31"], "total_order": 1, "hotel_value": ["4.4"], "hotel_price": ["148"]}, "6870672": {"hotel_name": "Q\u52a0\u00b7\u8303\u6cf0\u65af\u7279\u9152\u5e97(\u5357\u4eac\u5357\u7ad9\u5e97)", "order_time": ["2019-01-16 05:58:31"], "total_order": 1, "hotel_value": ["4.7"], "hotel_price": ["164"]}, "531790": {"hotel_name": "Zsmart\u667a\u5c1a\u9152\u5e97(\u5357\u4eac\u592b\u5b50\u5e99\u5e97)", "order_time": ["2019-01-16 05:58:37"], "total_order": 1, "hotel_value": ["4.6"], "hotel_price": ["299"]}, "26557803": {"hotel_name": "\u5357\u4eac\u5f90\u5e84\u82cf\u5b81\u96c5\u60a6\u9152\u5e97", "order_time": ["2019-01-16 06:00:36"], "total_order": 1, "hotel_value": ["4.6"], "hotel_price": ["388"]}, "25050379": {"hotel_name": "\u5357\u4eac\u5965\u4f53\u4e2d\u5fc3\u4e9a\u6735S\u9152\u5e97", "order_time": ["2019-01-16 06:04:30"], "total_order": 1, "hotel_value": ["4.8"], "hotel_price": ["460"]}, "1604436": {"hotel_name": "\u83ab\u6cf0168(\u5357\u4eac\u592b\u5b50\u5e99\u5730\u94c1\u7ad9\u5e73\u6c5f\u5e9c\u8def\u5e97)", "order_time": ["2019-01-16 06:04:30"], "total_order": 1, "hotel_value": ["4.7"], "hotel_price": ["228"]}, "1317767": {"hotel_name": "\u5357\u4eac\u597d\u8fd0\u65c5\u9986", "order_time": ["2019-01-16 06:04:45"], "total_order": 1, "hotel_value": ["2.9"], "hotel_price": ["168"]}, "1467825": {"hotel_name": "\u83b1\u67e0\u9152\u5e97\u516c\u5bd3(\u5357\u4eac\u6cb3\u897f\u4e07\u8fbe\u5e97)", "order_time": ["2019-01-16 06:06:46"], "total_order": 1, "hotel_value": ["4.3"], "hotel_price": ["248"]}, "1484819": {"hotel_name": "\u5357\u4eac\u67e0\u6aac\u57ce\u5821\u9752\u5e74\u65c5\u820d", "order_time": ["2019-01-16 06:06:47"], "total_order": 1, "hotel_value": ["4.8"], "hotel_price": ["90"]}, "1816834": {"hotel_name": "\u6854\u5b50\u9152\u5e97\u00b7\u7cbe\u9009(\u5357\u4eac\u592b\u5b50\u5e99\u5e97)", "order_time": ["2019-01-16 06:06:48", "2019-01-16 06:12:29"], "total_order": 2, "hotel_value": ["4.8", "4.8"], "hotel_price": ["438", "438"]}, "1432042": {"hotel_name": "\u5357\u4eac\u6587\u6c47\u5bbe\u9986", "order_time": ["2019-01-16 06:08:59"], "total_order": 1, "hotel_value": ["4.5"], "hotel_price": ["66"]}, "691197": {"hotel_name": "\u5357\u4eac\u767d\u5bab\u5927\u9152\u5e97", "order_time": ["2019-01-16 06:14:30"], "total_order": 1, "hotel_value": ["4.2"], "hotel_price": ["272"]}, "1861126": {"hotel_name": "\u5357\u4eac\u516b\u65b9\u5ba2\u5bbe\u9986", "order_time": ["2019-01-16 06:14:52"], "total_order": 1, "hotel_value": ["3.9"], "hotel_price": ["213"]}, "2051271": {"hotel_name": "\u5927\u5b66\u751f\u9a7f\u7ad9(\u5357\u4eac\u4e49\u4e4c\u5546\u54c1\u57ce\u5e97)", "order_time": ["2019-01-16 06:15:00"], "total_order": 1, "hotel_value": ["3.0"], "hotel_price": ["30"]}, "775600": {"hotel_name": "\u901f8\u9152\u5e97(\u5357\u4eac\u6c64\u5c71\u6e29\u6cc9\u5e97)", "order_time": ["2019-01-16 06:16:52"], "total_order": 1, "hotel_value": ["4.3"], "hotel_price": ["139"]}, "513735": {"hotel_name": "\u9526\u6c5f\u4e4b\u661f(\u5357\u4eac\u73e0\u6c5f\u8def\u5c0f\u8425\u5317\u8def\u5e97)", "order_time": ["2019-01-16 06:18:38"], "total_order": 1, "hotel_value": ["4.4"], "hotel_price": ["199"]}, "346283": {"hotel_name": "\u5357\u4eac\u91d1\u9675\u996d\u5e97", "order_time": ["2019-01-16 06:18:39"], "total_order": 1, "hotel_value": ["4.8"], "hotel_price": ["655"]}, "1414858": {"hotel_name": "\u5e03\u4e01\u9152\u5e97(\u5357\u4eac\u7701\u4e2d\u533b\u9662\u4e0a\u6d77\u8def\u5730\u94c1\u7ad9\u5e97)", "order_time": ["2019-01-16 06:18:42"], "total_order": 1, "hotel_value": ["4.3"], "hotel_price": ["208"]}, "434407": {"hotel_name": "\u5357\u4eac\u91d1\u9675\u6c5f\u6ee8\u9152\u5e97", "order_time": ["2019-01-16 06:19:10"], "total_order": 1, "hotel_value": ["4.7"], "hotel_price": ["711"]}, "5306720": {"hotel_name": "\u5357\u4eac\u6e56\u4e1c\u5bbe\u9986", "order_time": ["2019-01-16 06:24:51", "2019-01-16 06:20:55"], "total_order": 2, "hotel_value": ["3.9", "3.9"], "hotel_price": ["178", "178"]}, "1372261": {"hotel_name": "ID99\u8fde\u9501\u9152\u5e97(\u5357\u4eac\u73e0\u6c5f\u8def\u5c0f\u8425\u7ad9\u5e97)", "order_time": ["2019-01-16 06:22:41"], "total_order": 1, "hotel_value": ["3.5"], "hotel_price": ["90"]}, "689773": {"hotel_name": "\u5357\u4eac\u949f\u5c71\u5bbe\u9986(\u6c5f\u82cf\u7701\u4f1a\u8bae\u4e2d\u5fc3)", "order_time": ["2019-01-16 06:24:32"], "total_order": 1, "hotel_value": ["4.7"], "hotel_price": ["558"]}, "6266251": {"hotel_name": "\u5357\u4eac\u5b89\u6155\u822a\u7a7a\u4e3b\u9898\u9152\u5e97", "order_time": ["2019-01-16 06:24:41"], "total_order": 1, "hotel_value": ["4.4"], "hotel_price": ["129"]}, "13325407": {"hotel_name": "\u5357\u4eac\u73ba\u57ce\u00b7\u963f\u91cc\u9152\u5e97", "order_time": ["2019-01-16 06:26:31"], "total_order": 1, "hotel_value": ["4.6"], "hotel_price": ["273"]}, "19853782": {"hotel_name": "\u5357\u4eac\u5e78\u8fd0\u8349\u7cbe\u54c1\u5ba2\u6808", "order_time": ["2019-01-16 06:27:18"], "total_order": 1, "hotel_value": ["4.3"], "hotel_price": ["108"]}, "367765": {"hotel_name": "\u5357\u4eac\u51ef\u94c2\u7cbe\u54c1\u9152\u5e97", "order_time": ["2019-01-16 06:28:32"], "total_order": 1, "hotel_value": ["4.5"], "hotel_price": ["427"]}, "913039": {"hotel_name": "\u5b9c\u5fc5\u601d\u9152\u5e97(\u5357\u4eac\u592b\u5b50\u5e99\u5e97)", "order_time": ["2019-01-16 06:30:28"], "total_order": 1, "hotel_value": ["4.4"], "hotel_price": ["284"]}, "2313398": {"hotel_name": "\u6d77\u53cb\u9152\u5e97\uff08\u5357\u4eac\u6c5f\u5b81\u8bda\u4fe1\u5927\u9053\u5730\u94c1\u7ad9\u5e97\uff09\uff08\u539f\u6c5f\u5b81\u8bda\u4fe1\u5927\u9053\u5e97)", "order_time": ["2019-01-16 06:30:37"], "total_order": 1, "hotel_value": ["4.0"], "hotel_price": ["284"]}, "1944075": {"hotel_name": "\u5e03\u4e01\u9152\u5e97(\u5357\u4eac\u9ad8\u65b0\u533a\u4e1c\u5927\u6210\u8d24\u5b66\u9662\u5730\u94c1\u7ad9\u5e97)", "order_time": ["2019-01-16 06:30:43"], "total_order": 1, "hotel_value": ["4.0"], "hotel_price": ["114"]}, "4706465": {"hotel_name": "\u5357\u4eac\u827a\u672f\u5bb6\u9152\u5e97", "order_time": ["2019-01-16 06:32:33"], "total_order": 1, "hotel_value": ["4.4"], "hotel_price": ["212"]}, "16094824": {"hotel_name": "\u5357\u4eac\u68b5\u5c45\u7cbe\u54c1\u9152\u5e97\u516c\u5bd3", "order_time": ["2019-01-16 06:34:34"], "total_order": 1, "hotel_value": ["4.8"], "hotel_price": ["229"]}, "1632868": {"hotel_name": "\u6854\u5b50\u9152\u5e97\u00b7\u7cbe\u9009(\u5357\u4eac\u9038\u4ed9\u6865\u603b\u7edf\u5e9c\u6885\u56ed\u65b0\u6751\u5e97)", "order_time": ["2019-01-16 06:36:32"], "total_order": 1, "hotel_value": ["4.9"], "hotel_price": ["379"]}, "443712": {"hotel_name": "\u5357\u4eac\u56fd\u4fe1\u5927\u9152\u5e97", "order_time": ["2019-01-16 06:36:33"], "total_order": 1, "hotel_value": ["4.6"], "hotel_price": ["518"]}, "1457946": {"hotel_name": "\u5357\u4eac\u4e94\u4e00\u5bbe\u9986", "order_time": ["2019-01-16 06:36:39", "2019-01-16 06:38:37"], "total_order": 2, "hotel_value": ["4.5", "4.5"], "hotel_price": ["391", "391"]}, "1085732": {"hotel_name": "\u5e03\u4e01\u9152\u5e97(\u5357\u4eac\u7af9\u5c71\u8def\u5730\u94c1\u7ad9\u5e97)", "order_time": ["2019-01-16 06:36:41"], "total_order": 1, "hotel_value": ["3.9"], "hotel_price": ["170"]}, "987566": {"hotel_name": "\u5357\u4eac\u65b0\u8857\u53e3\u82cf\u5b81\u8bfa\u5bcc\u7279\u9152\u5e97", "order_time": ["2019-01-16 06:38:29", "2019-01-16 06:46:37"], "total_order": 2, "hotel_value": ["4.7", "4.7"], "hotel_price": ["548", "548"]}, "6111316": {"hotel_name": "\u66d9\u5149\u8587\u9152\u5e97(\u5357\u4eac\u592b\u5b50\u5e99\u5e97)", "order_time": ["2019-01-16 06:38:30"], "total_order": 1, "hotel_value": ["4.7"], "hotel_price": ["350"]}, "1376623": {"hotel_name": "\u5357\u4eac\u9999\u683c\u91cc\u62c9\u5927\u9152\u5e97", "order_time": ["2019-01-16 06:38:32"], "total_order": 1, "hotel_value": ["4.7"], "hotel_price": ["1084"]}, "6063855": {"hotel_name": "\u5357\u4eac\u6c34\u6676\u4e3d\u6a59\u9152\u5e97", "order_time": ["2019-01-16 06:39:13"], "total_order": 1, "hotel_value": ["4.2"], "hotel_price": ["309"]}, "2083139": {"hotel_name": "\u5168\u5b63\u9152\u5e97(\u5357\u4eac\u65b0\u8857\u53e3\u4e2d\u5fc3\u5e97)", "order_time": ["2019-01-16 06:40:40"], "total_order": 1, "hotel_value": ["4.7"], "hotel_price": ["455"]}, "1452010": {"hotel_name": "\u5982\u5bb6\u5feb\u6377\u9152\u5e97(\u5357\u4eac\u6e56\u5357\u8def\u72ee\u5b50\u6865\u7f8e\u98df\u8857\u5e97)", "order_time": ["2019-01-16 06:40:40"], "total_order": 1, "hotel_value": ["4.3"], "hotel_price": ["459"]}, "1987603": {"hotel_name": "\u5357\u4eac\u5357\u5c71\u4e13\u5bb6\u697c", "order_time": ["2019-01-16 06:42:57"], "total_order": 1, "hotel_value": ["4.0"], "hotel_price": ["560"]}, "3505606": {"hotel_name": "\u5357\u4eac\u7ef4\u4e5f\u7eb33\u597d\u9152\u5e97", "order_time": ["2019-01-16 06:44:37"], "total_order": 1, "hotel_value": ["4.5"], "hotel_price": ["198"]}, "1687481": {"hotel_name": "\u5357\u4eac\u5927\u5b66\u5357\u82d1\u4f1a\u8bae\u4e2d\u5fc3", "order_time": ["2019-01-16 06:45:12"], "total_order": 1, "hotel_value": ["4.4"], "hotel_price": ["300"]}, "25215956": {"hotel_name": "\u5357\u4eac\u76db\u68e0\u4f18\u4f9d\u60a6\u9152\u5e97", "order_time": ["2019-01-16 06:46:31"], "total_order": 1, "hotel_value": ["4.8"], "hotel_price": ["250"]}}}