{"\u5f00\u59cb\u8bb0\u5f55\u65f6\u95f4": "2019-01-10 07:08:02", "\u7ed3\u675f\u8bb0\u5f55\u65f6\u95f4": "2019-01-10 08:08:02", "\u8ba2\u5355\u603b\u589e\u91cf": 126, "item": {"1433140": {"hotel_name": "\u5357\u4eac\u82f9\u679c\u9152\u5e97(\u539f\u9752\u82f9\u679c\u9152\u5e97)", "order_time": ["2019-01-10 07:10:28"], "total_order": 1, "hotel_value": ["3.8"], "hotel_price": ["111"]}, "8612748": {"hotel_name": "\u5357\u4eac\u559c\u9a6c\u62c9\u96c5\u9152\u5e97\u516c\u5bd3\u5357\u7ad9\u5e97", "order_time": ["2019-01-10 07:10:35"], "total_order": 1, "hotel_value": ["4.7"], "hotel_price": ["186"]}, "1932876": {"hotel_name": "\u84dd\u9cb8666\u9752\u5e74\u65c5\u820d(\u5357\u4eac\u7ad9\u5e97)", "order_time": ["2019-01-10 07:11:00"], "total_order": 1, "hotel_value": ["4.5"], "hotel_price": ["40"]}, "6994888": {"hotel_name": "\u5357\u4eac\u5f71\u7eb3\u591a\u9152\u5e97\u516c\u5bd3", "order_time": ["2019-01-10 07:12:46"], "total_order": 1, "hotel_value": ["4.6"], "hotel_price": ["327"]}, "4727381": {"hotel_name": "\u683c\u6797\u8c6a\u6cf0(\u5357\u4eac\u548c\u71d5\u8def\u6653\u5e84\u5e7f\u573a\u5e97)", "order_time": ["2019-01-10 07:12:46"], "total_order": 1, "hotel_value": ["3.5"], "hotel_price": ["145"]}, "1376623": {"hotel_name": "\u5357\u4eac\u9999\u683c\u91cc\u62c9\u5927\u9152\u5e97", "order_time": ["2019-01-10 07:12:46"], "total_order": 1, "hotel_value": ["4.7"], "hotel_price": ["1020"]}, "1405086": {"hotel_name": "\u6e05\u6c90\u7cbe\u54c1\u9152\u5e97(\u5357\u4eac\u822a\u7a7a\u822a\u5929\u5927\u5b66\u7fe0\u5c4f\u5c71\u5730\u94c1\u7ad9\u5e97)", "order_time": ["2019-01-10 07:13:18"], "total_order": 1, "hotel_value": ["4.7"], "hotel_price": ["239"]}, "19596107": {"hotel_name": "\u6e05\u6c90\u7cbe\u9009\u9152\u5e97(\u5357\u4eac\u5927\u5382\u845b\u5858\u5730\u94c1\u7ad9\u5e97)", "order_time": ["2019-01-10 07:14:24"], "total_order": 1, "hotel_value": ["4.8"], "hotel_price": ["161"]}, "1489872": {"hotel_name": "\u683c\u6797\u8c6a\u6cf0(\u6c64\u5c71\u6e29\u6cc9\u5e97)", "order_time": ["2019-01-10 07:14:30"], "total_order": 1, "hotel_value": ["4.2"], "hotel_price": ["157"]}, "21363311": {"hotel_name": "\u5357\u4eac\u52c7\u65f6\u8fbe\u5bbe\u9986", "order_time": ["2019-01-10 07:14:35"], "total_order": 1, "hotel_value": ["4.9"], "hotel_price": ["80"]}, "2301748": {"hotel_name": "\u5982\u5bb6\u5feb\u6377\u9152\u5e97(\u5357\u4eac\u5965\u4f53\u4e2d\u5fc3\u5357\u6e56\u8def\u5e97)(\u539f\u8c6a\u5b81\u5546\u52a1\u5bbe\u9986)", "order_time": ["2019-01-10 07:14:42"], "total_order": 1, "hotel_value": ["4.2"], "hotel_price": ["137"]}, "1446113": {"hotel_name": "\u5982\u5bb6\u5546\u65c5\u9152\u5e97(\u5357\u4eac\u706b\u8f66\u7ad9\u5317\u5e7f\u573a\u7ea2\u5c71\u52a8\u7269\u56ed\u5730\u94c1\u7ad9\u5e97)", "order_time": ["2019-01-10 07:16:27"], "total_order": 1, "hotel_value": ["4.6"], "hotel_price": ["232"]}, "3726309": {"hotel_name": "\u6613\u4f70\u8fde\u9501\u9152\u5e97(\u5357\u4eac\u6c5f\u5b81\u5927\u5b66\u57ce\u4ea4\u901a\u5b66\u9662\u5730\u94c1\u7ad9\u5e97)", "order_time": ["2019-01-10 07:16:30"], "total_order": 1, "hotel_value": ["4.2"], "hotel_price": ["108"]}, "1415838": {"hotel_name": "\u901f8\u9152\u5e97(\u5357\u4eac\u706b\u8f66\u5357\u7ad9\u5e97)", "order_time": ["2019-01-10 07:16:32"], "total_order": 1, "hotel_value": ["4.2"], "hotel_price": ["137"]}, "1457011": {"hotel_name": "\u5982\u5bb6\u5feb\u6377\u9152\u5e97(\u5357\u4eac\u6c49\u4e2d\u95e8\u5730\u94c1\u7ad9\u5e02\u6c11\u5e7f\u573a\u864e\u8e1e\u5357\u8def\u5e97)", "order_time": ["2019-01-10 07:16:33"], "total_order": 1, "hotel_value": ["4.6"], "hotel_price": ["178"]}, "444648": {"hotel_name": "\u5357\u4eac\u5929\u4e30\u5927\u9152\u5e97", "order_time": ["2019-01-10 07:42:25", "2019-01-10 07:16:39"], "total_order": 2, "hotel_value": ["4.6", "4.6"], "hotel_price": ["248", "248"]}, "443712": {"hotel_name": "\u5357\u4eac\u56fd\u4fe1\u5927\u9152\u5e97", "order_time": ["2019-01-10 07:16:42"], "total_order": 1, "hotel_value": ["4.6"], "hotel_price": ["289"]}, "482289": {"hotel_name": "\u5357\u4eac\u4e2d\u592e\u996d\u5e97", "order_time": ["2019-01-10 07:18:28"], "total_order": 1, "hotel_value": ["4.4"], "hotel_price": ["412"]}, "1946191": {"hotel_name": "\u5357\u4eac\u96c5\u6d01\u5546\u52a1\u5bbe\u9986", "order_time": ["2019-01-10 07:18:30"], "total_order": 1, "hotel_value": ["4.4"], "hotel_price": ["121"]}, "1943885": {"hotel_name": "\u683c\u6797\u8c6a\u6cf0(\u5357\u4eac\u706b\u8f66\u7ad9\u6c7d\u8f66\u603b\u7ad9\u5e97)", "order_time": ["2019-01-10 07:18:39"], "total_order": 1, "hotel_value": ["3.9"], "hotel_price": ["147"]}, "4310743": {"hotel_name": "\u6e05\u6c90\u7cbe\u9009\u9152\u5e97(\u5357\u4eac\u5965\u4f53\u4f1a\u5c55\u4e2d\u5fc3\u5e97)", "order_time": ["2019-01-10 07:20:32"], "total_order": 1, "hotel_value": ["4.4"], "hotel_price": ["194"]}, "953946": {"hotel_name": "\u5357\u4eac\u96e8\u82b1\u6676\u4e3d\u9152\u5e97", "order_time": ["2019-01-10 07:20:33"], "total_order": 1, "hotel_value": ["4.5"], "hotel_price": ["206"]}, "8627469": {"hotel_name": "\u5bb6\u7f8e\u597d\u592a\u7a7a\u65c5\u9986(\u5357\u4eac\u706b\u8f66\u7ad9\u7384\u6b66\u6e56\u5e97)(\u539f\u6e56\u5149\u5c71\u820d\u592a\u7a7a\u8231\u80f6\u56ca\u65c5\u820d)", "order_time": ["2019-01-10 07:20:35"], "total_order": 1, "hotel_value": ["4.4"], "hotel_price": ["70"]}, "1085671": {"hotel_name": "\u5e03\u4e01\u9152\u5e97(\u5357\u4eac\u4e2d\u5c71\u9675\u5b5d\u9675\u536b\u5e97)", "order_time": ["2019-01-10 07:20:36"], "total_order": 1, "hotel_value": ["3.7"], "hotel_price": ["97"]}, "346283": {"hotel_name": "\u5357\u4eac\u91d1\u9675\u996d\u5e97", "order_time": ["2019-01-10 07:21:16"], "total_order": 1, "hotel_value": ["4.8"], "hotel_price": ["626"]}, "1452408": {"hotel_name": "\u5982\u5bb6\u5feb\u6377\u9152\u5e97(\u5357\u4eac\u6c5f\u5b81\u9f99\u7720\u5927\u9053\u5730\u94c1\u7ad9\u5929\u5143\u4e1c\u8def\u5927\u5b66\u57ce\u5e97)", "order_time": ["2019-01-10 07:22:25"], "total_order": 1, "hotel_value": ["4.4"], "hotel_price": ["122"]}, "9347528": {"hotel_name": "\u56fd\u9645\u9752\u5e74\u4f1a\u8bae\u9152\u5e97(\u5357\u4eac\u56fd\u9645\u9752\u5e74\u6587\u5316\u4e2d\u5fc3\u5e97)", "order_time": ["2019-01-10 07:22:31"], "total_order": 1, "hotel_value": ["4.8"], "hotel_price": ["598"]}, "1633276": {"hotel_name": "\u5357\u4eac\u65b0\u534e\u4f20\u5a92\u7ca4\u6d77\u56fd\u9645\u5927\u9152\u5e97", "order_time": ["2019-01-10 07:24:26"], "total_order": 1, "hotel_value": ["4.8"], "hotel_price": ["498"]}, "1254450": {"hotel_name": "\u5357\u4eac\u65af\u7ef4\u767b\u670d\u52a1\u516c\u5bd3(\u96e8\u6da6\u4e2d\u592e\u516c\u9986)", "order_time": ["2019-01-10 07:24:28"], "total_order": 1, "hotel_value": ["4.7"], "hotel_price": ["239"]}, "26421136": {"hotel_name": "\u5357\u4eac818\u7cbe\u54c1\u9152\u5e97", "order_time": ["2019-01-10 07:24:40"], "total_order": 1, "hotel_value": [0], "hotel_price": ["171"]}, "474287": {"hotel_name": "\u5357\u4eac\u6625\u5e38\u5728\u5047\u65e5\u9152\u5e97", "order_time": ["2019-01-10 07:42:35", "2019-01-10 07:26:37"], "total_order": 2, "hotel_value": ["3.8", "3.8"], "hotel_price": ["126", "126"]}, "28308401": {"hotel_name": "\u7ef4\u4e5f\u7eb3\u9152\u5e97(\u5357\u4eac\u5927\u5382\u6b65\u884c\u8857\u5e97)", "order_time": ["2019-01-10 07:26:37"], "total_order": 1, "hotel_value": [0], "hotel_price": ["169"]}, "5451854": {"hotel_name": "\u5357\u4eac\u91d1\u9e70\u56fd\u9645\u9152\u5e97", "order_time": ["2019-01-10 07:26:41"], "total_order": 1, "hotel_value": ["4.9"], "hotel_price": ["899"]}, "5127223": {"hotel_name": "\u6c49\u5ead\u9152\u5e97(\u5357\u4eac\u9f13\u697c\u5e7f\u573a\u5e97)", "order_time": ["2019-01-10 07:28:29"], "total_order": 1, "hotel_value": ["4.5"], "hotel_price": ["303"]}, "1635045": {"hotel_name": "\u5357\u4eac\u82f1\u5c0a\u5047\u65e5\u9152\u5e97", "order_time": ["2019-01-10 07:28:32"], "total_order": 1, "hotel_value": ["4.1"], "hotel_price": ["261"]}, "946968": {"hotel_name": "\u53e4\u90fd\u6587\u5316\u9152\u5e97(\u5357\u4eac\u7384\u6b66\u6e56\u9f13\u697c\u5730\u94c1\u7ad9\u5e97)", "order_time": ["2019-01-10 07:28:33"], "total_order": 1, "hotel_value": ["4.3"], "hotel_price": ["268"]}, "24034592": {"hotel_name": "\u5357\u4eac\u661f\u6e90\u5546\u52a1\u5bbe\u9986", "order_time": ["2019-01-10 07:28:39"], "total_order": 1, "hotel_value": ["4.6"], "hotel_price": ["150"]}, "1035906": {"hotel_name": "\u5357\u4eac\u6208\u5c14\u5bbe\u9986", "order_time": ["2019-01-10 07:28:42"], "total_order": 1, "hotel_value": ["4.2"], "hotel_price": ["73"]}, "1352486": {"hotel_name": "\u5357\u4eac\u671b\u6c5f\u697c\u996d\u5e97", "order_time": ["2019-01-10 07:28:46"], "total_order": 1, "hotel_value": ["4.3"], "hotel_price": ["470"]}, "2052801": {"hotel_name": "\u5357\u4eac\u82b1\u975e\u8bed\u4e3b\u9898\u5bbe\u9986", "order_time": ["2019-01-10 07:28:47"], "total_order": 1, "hotel_value": ["4.1"], "hotel_price": ["125"]}, "11932474": {"hotel_name": "\u5357\u4eac\u4e3d\u90fd\u9152\u5e97", "order_time": ["2019-01-10 07:30:27"], "total_order": 1, "hotel_value": ["4.6"], "hotel_price": ["218"]}, "2300990": {"hotel_name": "7\u5929\u4f18\u54c1\u9152\u5e97(\u5357\u4eac\u592b\u5b50\u5e99\u4e09\u5c71\u8857\u5730\u94c1\u7ad9\u5e97)", "order_time": ["2019-01-10 07:30:30"], "total_order": 1, "hotel_value": ["4.3"], "hotel_price": ["139"]}, "6829860": {"hotel_name": "\u5357\u4eac\u835f\u67ab\u9152\u5e97", "order_time": ["2019-01-10 07:30:31"], "total_order": 1, "hotel_value": ["4.8"], "hotel_price": ["418"]}, "6111316": {"hotel_name": "\u66d9\u5149\u8587\u9152\u5e97(\u5357\u4eac\u592b\u5b50\u5e99\u5e97)", "order_time": ["2019-01-10 07:30:31"], "total_order": 1, "hotel_value": ["4.7"], "hotel_price": ["344"]}, "1698251": {"hotel_name": "\u5357\u4eac\u597d\u7a0b\u9152\u5e97(\u539f\u534e\u6fb3\u5bbe\u9986(\u5357\u4eac\u864e\u8e1e\u5317\u8def\u4e8c\u5e97))", "order_time": ["2019-01-10 07:30:40", "2019-01-10 07:56:44"], "total_order": 2, "hotel_value": ["4.2", "4.2"], "hotel_price": ["123", "123"]}, "4386324": {"hotel_name": "\u6d77\u53cb\u826f\u54c1\u9152\u5e97(\u5357\u4eac\u592b\u5b50\u5e99\u5e97)", "order_time": ["2019-01-10 07:32:26"], "total_order": 1, "hotel_value": ["4.5"], "hotel_price": ["137"]}, "1677368": {"hotel_name": "\u5357\u4eac\u82cf\u535a\u5bbe\u9986", "order_time": ["2019-01-10 07:32:43"], "total_order": 1, "hotel_value": ["3.7"], "hotel_price": ["85"]}, "12548898": {"hotel_name": "\u7f8e\u8c6a\u4e3d\u81f4\u9152\u5e97(\u5357\u4eac\u4ed9\u6797\u65d7\u8230\u5e97)", "order_time": ["2019-01-10 07:34:26"], "total_order": 1, "hotel_value": ["4.8"], "hotel_price": ["532"]}, "396597": {"hotel_name": "\u91d1\u9e70\u56fd\u4ed5\u8fbe\u9152\u5e97(\u5357\u4eac\u65b0\u8857\u53e3\u5730\u94c1\u7ad9\u5e97)", "order_time": ["2019-01-10 07:34:31", "2019-01-10 07:44:28"], "total_order": 2, "hotel_value": ["4.9", "4.9"], "hotel_price": ["283", "283"]}, "5767032": {"hotel_name": "\u5357\u4eac\u4e09\u4e2a\u706b\u67f4\u9752\u5e74\u65c5\u793e", "order_time": ["2019-01-10 07:34:39"], "total_order": 1, "hotel_value": ["4.8"], "hotel_price": ["51"]}, "1836460": {"hotel_name": "\u5357\u4eac\u957f\u751f\u5feb\u6377\u5bbe\u9986", "order_time": ["2019-01-10 07:34:45"], "total_order": 1, "hotel_value": ["3.4"], "hotel_price": ["96"]}, "6645069": {"hotel_name": "\u6613\u4f70\u826f\u54c1\u9152\u5e97(\u5357\u4eac\u5357\u7ad9\u5317\u5e7f\u573a\u5e97)", "order_time": ["2019-01-10 07:36:30"], "total_order": 1, "hotel_value": ["4.2"], "hotel_price": ["117"]}, "2301847": {"hotel_name": "7\u5929\u8fde\u9501\u9152\u5e97(\u5357\u4eac\u706b\u8f66\u7ad9\u65b0\u6a21\u8303\u9a6c\u8def\u5730\u94c1\u7ad9\u5e97)", "order_time": ["2019-01-10 07:36:30"], "total_order": 1, "hotel_value": ["4.1"], "hotel_price": ["127"]}, "2596930": {"hotel_name": "\u6c5f\u5357\u884c\u7cbe\u54c1\u9152\u5e97(\u5357\u4eac\u4e5d\u534e\u5c71\u5730\u94c1\u7ad9\u5e97)", "order_time": ["2019-01-10 07:36:31"], "total_order": 1, "hotel_value": ["4.6"], "hotel_price": ["277"]}, "11897163": {"hotel_name": "7\u5929\u4f18\u54c1\u9152\u5e97(\u5357\u4eac\u4fe1\u606f\u5de5\u7a0b\u5927\u5b66\u5730\u94c1\u7ad9\u5e97)", "order_time": ["2019-01-10 07:36:33"], "total_order": 1, "hotel_value": ["4.6"], "hotel_price": ["126"]}, "2300352": {"hotel_name": "7\u5929\u8fde\u9501\u9152\u5e97(\u5357\u4eac\u5927\u5382\u6b65\u884c\u8857\u5e97)", "order_time": ["2019-01-10 07:36:37"], "total_order": 1, "hotel_value": ["4.1"], "hotel_price": ["91"]}, "451083": {"hotel_name": "\u5357\u4eac\u57ce\u5e02\u56fd\u76df\u9152\u5e97\u516c\u5bd3", "order_time": ["2019-01-10 07:36:43"], "total_order": 1, "hotel_value": ["4.1"], "hotel_price": ["166"]}, "1432042": {"hotel_name": "\u5357\u4eac\u6587\u6c47\u5bbe\u9986", "order_time": ["2019-01-10 07:36:54"], "total_order": 1, "hotel_value": ["4.5"], "hotel_price": ["62"]}, "19110421": {"hotel_name": "\u5357\u4eac\u4e5f\u7136\u00b7\u9047\u89c1\u9152\u5e97", "order_time": ["2019-01-10 07:38:40", "2019-01-10 07:44:32"], "total_order": 2, "hotel_value": ["4.5", "4.5"], "hotel_price": ["200", "200"]}, "425945": {"hotel_name": "\u6c5f\u82cf\u51e4\u51f0\u53f0\u996d\u5e97", "order_time": ["2019-01-10 07:42:24", "2019-01-10 07:40:26"], "total_order": 2, "hotel_value": ["4.7", "4.7"], "hotel_price": ["298", "298"]}, "1669331": {"hotel_name": "\u5357\u4eac\u4e5d\u4e5d\u805a\u5bb6\u5546\u52a1\u5bbe\u9986", "order_time": ["2019-01-10 07:40:41"], "total_order": 1, "hotel_value": ["4.1"], "hotel_price": ["92"]}, "26089169": {"hotel_name": "\u82b1\u5b63\u9152\u5e97(\u5357\u4eac\u592b\u5b50\u5e99\u5730\u94c1\u7ad9\u5e97)", "order_time": ["2019-01-10 07:42:25"], "total_order": 1, "hotel_value": ["4.8"], "hotel_price": ["197"]}, "6981964": {"hotel_name": "\u5357\u4eac\u7231\u5c1a\u4e3b\u9898\u5bbe\u9986", "order_time": ["2019-01-10 07:42:32"], "total_order": 1, "hotel_value": ["4.5"], "hotel_price": ["159"]}, "3033888": {"hotel_name": "7\u5929\u8fde\u9501\u9152\u5e97(\u5357\u4eac\u9f13\u697c\u5730\u94c1\u7ad9\u5e97)", "order_time": ["2019-01-10 07:42:44"], "total_order": 1, "hotel_value": ["4.4"], "hotel_price": ["179"]}, "15977090": {"hotel_name": "\u5357\u4eac\u5fc6\u604b\u4e3b\u9898\u9152\u5e97\u516c\u5bd3(\u5085\u4f50\u8def\u5206\u5e97)", "order_time": ["2019-01-10 07:44:59"], "total_order": 1, "hotel_value": [0], "hotel_price": ["179"]}, "427748": {"hotel_name": "\u6c47\u4e3d\u9152\u5e97(\u5357\u4eac\u519b\u533a\u603b\u9662\u5e97)", "order_time": ["2019-01-10 07:46:24"], "total_order": 1, "hotel_value": ["4.4"], "hotel_price": ["117"]}, "1938409": {"hotel_name": "\u767e\u65f6\u5feb\u6377\u9152\u5e97(\u5357\u4eac\u65b0\u8857\u53e3\u5e97)", "order_time": ["2019-01-10 07:46:27"], "total_order": 1, "hotel_value": ["4.4"], "hotel_price": ["109"]}, "1946060": {"hotel_name": "\u6613\u4f70\u8fde\u9501\u65c5\u5e97(\u5357\u4eac\u6c5f\u5b81\u5927\u5b66\u57ce\u9f99\u7720\u5927\u9053\u5730\u94c1\u7ad9\u5e97)", "order_time": ["2019-01-10 07:46:33"], "total_order": 1, "hotel_value": ["4.6"], "hotel_price": ["88"]}, "18595240": {"hotel_name": "\u5357\u4eac\u5982\u4f73\u7cbe\u54c1\u9152\u5e97", "order_time": ["2019-01-10 07:47:08"], "total_order": 1, "hotel_value": ["4.7"], "hotel_price": ["112"]}, "1448359": {"hotel_name": "\u5982\u5bb6\u5546\u65c5\u9152\u5e97(\u5357\u4eac\u65b0\u8857\u53e3\u5730\u94c1\u7ad9\u5e97)", "order_time": ["2019-01-10 07:48:25", "2019-01-10 07:56:31"], "total_order": 2, "hotel_value": ["4.8", "4.8"], "hotel_price": ["270", "270"]}, "5016538": {"hotel_name": "\u5c0f\u65f6\u5149\u5bbe\u9986(\u5357\u4eac\u7984\u53e3\u673a\u573a\u5e97)", "order_time": ["2019-01-10 07:48:29"], "total_order": 1, "hotel_value": ["4.9"], "hotel_price": ["131"]}, "1463015": {"hotel_name": "\u80af\u5b9a\u5bbe\u9986\u8fde\u9501(\u5357\u4eac\u9f99\u6c5f\u4e8c\u5e97)", "order_time": ["2019-01-10 07:48:30"], "total_order": 1, "hotel_value": ["4.1"], "hotel_price": ["129"]}, "21927397": {"hotel_name": "\u5357\u4eac\u6c27\u6c14\u7cbe\u9009\u9152\u5e97", "order_time": ["2019-01-10 07:50:32"], "total_order": 1, "hotel_value": ["4.8"], "hotel_price": ["296"]}, "1938462": {"hotel_name": "\u9526\u6c5f\u4e4b\u661f(\u5357\u4eac\u6cb3\u897f\u56fd\u9645\u535a\u89c8\u4e2d\u5fc3\u5e97)", "order_time": ["2019-01-10 07:50:35"], "total_order": 1, "hotel_value": ["4.5"], "hotel_price": ["302"]}, "2586767": {"hotel_name": "\u5357\u4eac\u4f73\u6708\u697c\u5546\u52a1\u5bbe\u9986", "order_time": ["2019-01-10 07:50:35"], "total_order": 1, "hotel_value": ["4.5"], "hotel_price": ["111"]}, "5667362": {"hotel_name": "\u5357\u4eac\u7a7a\u90fd\u9152\u5e97", "order_time": ["2019-01-10 07:52:32"], "total_order": 1, "hotel_value": ["4.5"], "hotel_price": ["280"]}, "914386": {"hotel_name": "\u9526\u6c5f\u4e4b\u661f(\u5357\u4eac\u706b\u8f66\u5357\u7ad9\u5e97)", "order_time": ["2019-01-10 07:54:27"], "total_order": 1, "hotel_value": ["4.4"], "hotel_price": ["158"]}, "6942151": {"hotel_name": "\u6854\u5b50\u9152\u5e97\u00b7\u7cbe\u9009(\u5357\u4eac\u592b\u5b50\u5e99\u5efa\u5eb7\u8def\u5e97)", "order_time": ["2019-01-10 07:54:32"], "total_order": 1, "hotel_value": ["4.8"], "hotel_price": ["332"]}, "434989": {"hotel_name": "\u5357\u4eac\u4e2d\u5fc3\u5927\u9152\u5e97", "order_time": ["2019-01-10 08:06:41", "2019-01-10 07:54:34"], "total_order": 2, "hotel_value": ["4.8", "4.8"], "hotel_price": ["468", "468"]}, "5905976": {"hotel_name": "\u90fd\u4e50\u5bbe\u9986(\u5357\u4eac\u592b\u5b50\u5e99\u5e97)", "order_time": ["2019-01-10 07:54:37"], "total_order": 1, "hotel_value": ["4.3"], "hotel_price": ["102"]}, "6360261": {"hotel_name": "\u5357\u4eac\u6708\u5149\u4e4b\u57ce\u56fd\u9645\u9752\u5e74\u65c5\u820d", "order_time": ["2019-01-10 07:54:44"], "total_order": 1, "hotel_value": ["4.7"], "hotel_price": ["44"]}, "17889795": {"hotel_name": "\u5168\u5b63\u9152\u5e97(\u5357\u4eac\u660e\u6545\u5bab\u5e97)", "order_time": ["2019-01-10 07:56:28"], "total_order": 1, "hotel_value": ["4.7"], "hotel_price": ["257"]}, "1862056": {"hotel_name": "\u69b4\u83b2\u5c0f\u661f\u9152\u5e97(\u5357\u4eac\u6cf0\u5c71\u65b0\u6751\u5e97)", "order_time": ["2019-01-10 07:56:32"], "total_order": 1, "hotel_value": ["4.3"], "hotel_price": ["74"]}, "969174": {"hotel_name": "\u6d77\u53cb\u5ba2\u6808(\u5357\u4eac\u73e0\u6c5f\u8def\u5e97)", "order_time": ["2019-01-10 07:56:35"], "total_order": 1, "hotel_value": ["4.3"], "hotel_price": ["100"]}, "1336390": {"hotel_name": "7\u5929\u8fde\u9501\u9152\u5e97(\u5357\u4eac\u592b\u5b50\u5e99\u5927\u5149\u8def\u5e97)", "order_time": ["2019-01-10 07:56:38"], "total_order": 1, "hotel_value": ["4.2"], "hotel_price": ["101"]}, "1836212": {"hotel_name": "\u82f9\u679c\u9152\u5e97(\u5357\u4eac\u4e09\u724c\u697c\u5927\u8857\u5e97)", "order_time": ["2019-01-10 07:56:39"], "total_order": 1, "hotel_value": ["4.0"], "hotel_price": ["98"]}, "6072698": {"hotel_name": "\u5357\u4eac\u7231\u4e01\u5821\u996d\u5e97", "order_time": ["2019-01-10 07:56:40"], "total_order": 1, "hotel_value": ["4.7"], "hotel_price": ["298"]}, "811672": {"hotel_name": "\u6e05\u6c90\u8fde\u9501\u9152\u5e97(\u5357\u4eac\u6816\u971e\u5bfa\u91d1\u9675\u77f3\u5316\u5e97)", "order_time": ["2019-01-10 07:56:48"], "total_order": 1, "hotel_value": ["4.1"], "hotel_price": ["132"]}, "1535646": {"hotel_name": "\u6c49\u5ead\u9152\u5e97(\u5357\u4eac\u4e2d\u5c71\u4e1c\u8def\u603b\u7edf\u5e9c\u5e97)", "order_time": ["2019-01-10 07:58:27"], "total_order": 1, "hotel_value": ["4.1"], "hotel_price": ["176"]}, "4416229": {"hotel_name": "\u65b0\u7eaa\u5143\u5927\u9152\u5e97(\u5357\u4eac\u9ad8\u6df3\u5e97)", "order_time": ["2019-01-10 07:58:28"], "total_order": 1, "hotel_value": ["4.7"], "hotel_price": ["198"]}, "1943798": {"hotel_name": "\u6c5f\u82cf\u56fd\u745e\u5927\u9152\u5e97", "order_time": ["2019-01-10 07:58:29"], "total_order": 1, "hotel_value": ["4.2"], "hotel_price": ["285"]}, "1500412": {"hotel_name": "\u5357\u4eac\u77bb\u56ed\u56fd\u9645\u9752\u5e74\u65c5\u820d", "order_time": ["2019-01-10 07:58:29"], "total_order": 1, "hotel_value": ["4.2"], "hotel_price": ["48"]}, "669100": {"hotel_name": "\u5357\u4eac\u91d1\u5965\u8d39\u5c14\u8499\u9152\u5e97", "order_time": ["2019-01-10 07:58:30"], "total_order": 1, "hotel_value": ["4.7"], "hotel_price": ["944"]}, "773154": {"hotel_name": "\u6c5f\u82cf\u51e4\u51f0\u4eac\u534e\u5927\u9152\u5e97", "order_time": ["2019-01-10 07:58:30"], "total_order": 1, "hotel_value": ["4.5"], "hotel_price": ["188"]}, "1646444": {"hotel_name": "\u683c\u6797\u8c6a\u6cf0(\u5357\u4eac\u5357\u7ad9\u5317\u5e7f\u573a\u5e97)", "order_time": ["2019-01-10 07:58:31"], "total_order": 1, "hotel_value": ["4.2"], "hotel_price": ["181"]}, "17996519": {"hotel_name": "\u5357\u4eac\u673a\u573a\u7761\u5427\u9152\u5e97", "order_time": ["2019-01-10 07:58:31"], "total_order": 1, "hotel_value": ["4.4"], "hotel_price": ["138"]}, "427725": {"hotel_name": "\u83ab\u6cf0168(\u5357\u4eac\u65b0\u8857\u53e3\u6c49\u4e2d\u8def\u533b\u79d1\u5927\u5b66\u5e97)", "order_time": ["2019-01-10 07:58:31"], "total_order": 1, "hotel_value": ["4.6"], "hotel_price": ["177"]}, "969238": {"hotel_name": "\u6c49\u5ead\u9152\u5e97(\u5357\u4eac\u4e2d\u592e\u95e8\u5e97)", "order_time": ["2019-01-10 07:58:32"], "total_order": 1, "hotel_value": ["4.6"], "hotel_price": ["169"]}, "913039": {"hotel_name": "\u5b9c\u5fc5\u601d\u9152\u5e97(\u5357\u4eac\u592b\u5b50\u5e99\u5e97)", "order_time": ["2019-01-10 07:58:33"], "total_order": 1, "hotel_value": ["4.4"], "hotel_price": ["239"]}, "1410616": {"hotel_name": "\u5982\u5bb6\u5546\u65c5\u9152\u5e97(\u5357\u4eac\u592b\u5b50\u5e99\u901a\u6d4e\u95e8\u5e97)", "order_time": ["2019-01-10 07:58:36"], "total_order": 1, "hotel_value": ["4.6"], "hotel_price": ["235"]}, "6111421": {"hotel_name": "\u6e05\u6c90\u7cbe\u54c1\u9152\u5e97(\u5357\u4eac\u5929\u6da6\u57ce\u5730\u94c1\u7ad9\u5e97)", "order_time": ["2019-01-10 07:58:40"], "total_order": 1, "hotel_value": ["4.5"], "hotel_price": ["126"]}, "8838971": {"hotel_name": "\u5357\u4eac\u592b\u5b50\u5e99\u4e9a\u6735\u9152\u5e97", "order_time": ["2019-01-10 08:00:28"], "total_order": 1, "hotel_value": ["4.9"], "hotel_price": ["386"]}, "1669317": {"hotel_name": "\u7f6e\u5bb6\u9152\u5e97\u516c\u5bd3(\u5357\u4eac\u541b\u4e34\u56fd\u9645\u5e97)", "order_time": ["2019-01-10 08:00:40"], "total_order": 1, "hotel_value": ["4.5"], "hotel_price": ["179"]}, "1535647": {"hotel_name": "\u6c49\u5ead\u9152\u5e97(\u5357\u4eac\u4e2d\u5c71\u9675\u4e0b\u9a6c\u574a\u5730\u94c1\u7ad9\u5e97)(\u539f\u4e2d\u5c71\u98ce\u666f\u533a\u5e97)", "order_time": ["2019-01-10 08:02:24"], "total_order": 1, "hotel_value": ["4.3"], "hotel_price": ["222"]}, "1341021": {"hotel_name": "\u5982\u5bb6\u5feb\u6377\u9152\u5e97(\u5357\u4eac\u5357\u822a\u5927\u5b66\u660e\u6545\u5bab\u745e\u91d1\u8def\u5e97)", "order_time": ["2019-01-10 08:02:27"], "total_order": 1, "hotel_value": ["4.5"], "hotel_price": ["147"]}, "1444967": {"hotel_name": "\u5357\u4eac\u91d1\u76db\u5feb\u6377\u5bbe\u9986", "order_time": ["2019-01-10 08:02:30"], "total_order": 1, "hotel_value": ["4.6"], "hotel_price": ["105"]}, "2071053": {"hotel_name": "\u5357\u4eac\u5fa1\u666f\u6e7e\u9152\u5e97\u516c\u5bd3", "order_time": ["2019-01-10 08:02:33"], "total_order": 1, "hotel_value": ["4.7"], "hotel_price": ["284"]}, "1183653": {"hotel_name": "\u5e03\u4e01\u9152\u5e97(\u5357\u4eac\u5b81\u6d77\u8def\u5357\u5e08\u5927\u6cb3\u6d77\u5927\u5b66\u5e97)", "order_time": ["2019-01-10 08:02:35"], "total_order": 1, "hotel_value": ["3.5"], "hotel_price": ["126"]}, "3670920": {"hotel_name": "\u5357\u4eac\u5357\u7ad9\u767e\u5bb6\u6e56\u4e9a\u6735\u9152\u5e97", "order_time": ["2019-01-10 08:02:37"], "total_order": 1, "hotel_value": ["4.8"], "hotel_price": ["462"]}, "1451993": {"hotel_name": "\u5982\u5bb6\u5feb\u6377\u9152\u5e97(\u5357\u4eac\u6c49\u4e2d\u95e8\u5927\u8857\u5e97)", "order_time": ["2019-01-10 08:02:50"], "total_order": 1, "hotel_value": ["4.4"], "hotel_price": ["155"]}, "5639892": {"hotel_name": "\u5357\u4eac\u7cd6\u679c\u7231\u60c5\u516c\u5bd3", "order_time": ["2019-01-10 08:03:11"], "total_order": 1, "hotel_value": [0], "hotel_price": ["61"]}, "1457946": {"hotel_name": "\u5357\u4eac\u4e94\u4e00\u5bbe\u9986", "order_time": ["2019-01-10 08:04:28"], "total_order": 1, "hotel_value": ["4.6"], "hotel_price": ["223"]}, "854476": {"hotel_name": "\u5357\u4eac\u534e\u4e1c\u996d\u5e97", "order_time": ["2019-01-10 08:04:32"], "total_order": 1, "hotel_value": ["4.6"], "hotel_price": ["353"]}, "707996": {"hotel_name": "\u5357\u4eac\u68ee\u9686\u6e29\u6cc9\u5ea6\u5047\u9152\u5e97", "order_time": ["2019-01-10 08:04:36"], "total_order": 1, "hotel_value": ["4.4"], "hotel_price": ["406"]}, "2251669": {"hotel_name": "\u5357\u4eac\u5317\u65b9\u6717\u60a6\u9152\u5e97", "order_time": ["2019-01-10 08:04:36"], "total_order": 1, "hotel_value": ["4.5"], "hotel_price": ["170"]}, "7067265": {"hotel_name": "\u6c49\u5ead\u4f18\u4f73\u9152\u5e97(\u5357\u4eac\u5965\u4f53\u4e2d\u5fc3\u5e97)", "order_time": ["2019-01-10 08:06:26"], "total_order": 1, "hotel_value": ["4.7"], "hotel_price": ["244"]}, "6060994": {"hotel_name": "\u65c5\u76df\u9152\u5e97(\u5357\u4eac\u6c5f\u6d66\u5ba2\u8fd0\u7ad9\u9f99\u534e\u8def\u5730\u94c1\u7ad9\u5e97)", "order_time": ["2019-01-10 08:06:32"], "total_order": 1, "hotel_value": ["4.3"], "hotel_price": ["82"]}, "434907": {"hotel_name": "\u5357\u4eac\u66d9\u5149\u56fd\u9645\u5927\u9152\u5e97", "order_time": ["2019-01-10 08:07:25"], "total_order": 1, "hotel_value": ["4.7"], "hotel_price": ["432"]}}}