{"\u5f00\u59cb\u8bb0\u5f55\u65f6\u95f4": "2019-01-04 22:56:04", "\u7ed3\u675f\u8bb0\u5f55\u65f6\u95f4": "2019-01-04 23:56:04", "\u8ba2\u5355\u603b\u589e\u91cf": 422, "item": {"1828824": {"hotel_name": "\u65b0\u5730\u9152\u5e97(\u5357\u4eac\u65b0\u5730\u4ed9\u6797\u4e2d\u5fc3\u5e97)", "order_time": ["2019-01-04 22:58:11"], "total_order": 1, "hotel_value": ["4.8"], "hotel_price": ["720"]}, "369785": {"hotel_name": "\u5357\u4eac\u7d22\u83f2\u7279\u94f6\u6cb3\u5927\u9152\u5e97", "order_time": ["2019-01-04 22:58:11", "2019-01-04 23:04:14"], "total_order": 2, "hotel_value": ["4.6", "4.6"], "hotel_price": ["598", "598"]}, "369707": {"hotel_name": "\u5357\u4eac\u6717\u6607\u5e0c\u5c14\u987f\u9152\u5e97", "order_time": ["2019-01-04 22:58:11"], "total_order": 1, "hotel_value": ["4.6"], "hotel_price": ["883"]}, "23965471": {"hotel_name": "\u9526\u6c5f\u90fd\u57ce\u9152\u5e97(\u5357\u4eac\u592b\u5b50\u5e99\u4e2d\u5fc3\u5e97)", "order_time": ["2019-01-04 22:58:11"], "total_order": 1, "hotel_value": ["4.8"], "hotel_price": ["345"]}, "11479584": {"hotel_name": "\u5357\u4eac\u4e0a\u5143\u5927\u8857\u4e9a\u6735\u9152\u5e97", "order_time": ["2019-01-04 22:58:11", "2019-01-04 23:16:12"], "total_order": 2, "hotel_value": ["4.8", "4.8"], "hotel_price": ["359", "359"]}, "1604436": {"hotel_name": "\u83ab\u6cf0168(\u5357\u4eac\u592b\u5b50\u5e99\u5730\u94c1\u7ad9\u5e73\u6c5f\u5e9c\u8def\u5e97)", "order_time": ["2019-01-04 23:06:12", "2019-01-04 22:58:11", "2019-01-04 23:26:13"], "total_order": 3, "hotel_value": ["4.7", "4.7", "4.7"], "hotel_price": ["184", "184", "184"]}, "15057090": {"hotel_name": "\u548c\u749e\u8bbe\u8ba1\u5e08\u9152\u5e97\u516c\u5bd3\uff08\u5357\u4eac\u5965\u4f53\u5e97\uff09", "order_time": ["2019-01-04 22:58:11", "2019-01-04 23:00:13"], "total_order": 2, "hotel_value": ["4.6", "4.6"], "hotel_price": ["193", "193"]}, "435621": {"hotel_name": "\u5357\u4eac\u4e2d\u5c71\u5927\u53a6", "order_time": ["2019-01-04 22:58:11"], "total_order": 1, "hotel_value": ["4.7"], "hotel_price": ["243"]}, "444090": {"hotel_name": "\u5357\u4eac\u6c64\u5c71\u7d2b\u6e05\u6e56\u751f\u6001\u65c5\u6e38\u6e29\u6cc9\u5ea6\u5047\u533a", "order_time": ["2019-01-04 22:58:11"], "total_order": 1, "hotel_value": ["4.8"], "hotel_price": ["523"]}, "471731": {"hotel_name": "\u5357\u4eac\u4e16\u7eaa\u7f18\u56fd\u9645\u4f1a\u8bae\u4e2d\u5fc3", "order_time": ["2019-01-04 22:58:11"], "total_order": 1, "hotel_value": ["4.3"], "hotel_price": ["298"]}, "6074801": {"hotel_name": "\u5357\u4eac\u91d1\u5cf0\u6c47\u5927\u9152\u5e97", "order_time": ["2019-01-04 22:58:11"], "total_order": 1, "hotel_value": ["4.8"], "hotel_price": ["398"]}, "1943705": {"hotel_name": "\u5357\u4eac\u6e56\u5357\u8def\u4e9a\u6735\u9152\u5e97", "order_time": ["2019-01-04 22:58:11"], "total_order": 1, "hotel_value": ["4.8"], "hotel_price": ["468"]}, "8651067": {"hotel_name": "\u5357\u4eacTT TOUCH\u9152\u5e97", "order_time": ["2019-01-04 22:58:11"], "total_order": 1, "hotel_value": ["4.6"], "hotel_price": ["250"]}, "16789957": {"hotel_name": "\u5357\u4eac\u6c64\u5c71\u4e00\u54c1\u6e29\u6cc9\u9152\u5e97", "order_time": ["2019-01-04 22:58:11"], "total_order": 1, "hotel_value": ["4.4"], "hotel_price": ["412"]}, "396947": {"hotel_name": "\u5357\u4eac\u91d1\u6c47\u5927\u9152\u5e97", "order_time": ["2019-01-04 22:58:11"], "total_order": 1, "hotel_value": ["4.6"], "hotel_price": ["298"]}, "28127506": {"hotel_name": "\u5357\u4eac\u9a6c\u7fa4\u4e9a\u6735\u9152\u5e97", "order_time": ["2019-01-04 22:58:11"], "total_order": 1, "hotel_value": ["4.9"], "hotel_price": ["422"]}, "12548898": {"hotel_name": "\u7f8e\u8c6a\u4e3d\u81f4\u9152\u5e97(\u5357\u4eac\u4ed9\u6797\u65d7\u8230\u5e97)", "order_time": ["2019-01-04 22:58:11"], "total_order": 1, "hotel_value": ["4.8"], "hotel_price": ["400"]}, "1209418": {"hotel_name": "\u83ab\u6cf0168(\u5357\u4eac\u592b\u5b50\u5e99\u4e09\u5c71\u8857\u5730\u94c1\u7ad9\u5e97)", "order_time": ["2019-01-04 22:58:11"], "total_order": 1, "hotel_value": ["4.6"], "hotel_price": ["176"]}, "1837613": {"hotel_name": "Q\u52a0\u00b7\u610f\u9152\u5e97(\u5357\u4eac\u5965\u4f53\u4e2d\u5fc3\u5174\u9686\u5927\u8857\u5730\u94c1\u7ad9\u5e97)", "order_time": ["2019-01-04 22:58:11"], "total_order": 1, "hotel_value": ["4.2"], "hotel_price": ["164"]}, "1211088": {"hotel_name": "\u83ab\u6cf0168(\u5357\u4eac\u65b0\u8857\u53e3\u5546\u4e1a\u4e2d\u5fc3\u660e\u74e6\u5eca\u5e97)", "order_time": ["2019-01-04 22:58:11"], "total_order": 1, "hotel_value": ["4.5"], "hotel_price": ["161"]}, "432006": {"hotel_name": "\u6708\u8272\u98ce\u5c1a\u00b7\u5f71\u9662\u9152\u5e97(\u5357\u4eac\u65b0\u8857\u53e3\u73e0\u6c5f\u8def\u5730\u94c1\u5e97)", "order_time": ["2019-01-04 22:58:11"], "total_order": 1, "hotel_value": ["4.4"], "hotel_price": ["263"]}, "8445718": {"hotel_name": "Q\u52a0\u00b7\u5357\u4eac\u5b81\u822a\u82b1\u56ed\u9152\u5e97(\u539f\u5b81\u884c\u82b1\u56ed\u9152\u5e97)", "order_time": ["2019-01-04 22:58:11"], "total_order": 1, "hotel_value": ["4.8"], "hotel_price": ["139"]}, "6762482": {"hotel_name": "\u7ea2\u67ab\u7cbe\u54c1\u9152\u5e97(\u5357\u4eac\u7ad9\u8fc8\u768b\u6865\u5730\u94c1\u7ad9\u5e97)", "order_time": ["2019-01-04 22:58:11"], "total_order": 1, "hotel_value": ["4.6"], "hotel_price": ["161"]}, "19833727": {"hotel_name": "\u5357\u4eac\u4e07\u5ba2\u6765\u5546\u52a1\u9152\u5e97", "order_time": ["2019-01-04 22:58:11"], "total_order": 1, "hotel_value": ["4.7"], "hotel_price": ["121"]}, "1946078": {"hotel_name": "\u5357\u4eac\u53e4\u5357\u90fd\u4e94D\u6795\u9152\u5e97", "order_time": ["2019-01-04 22:58:11"], "total_order": 1, "hotel_value": ["4.7"], "hotel_price": ["243"]}, "15944447": {"hotel_name": "\u5357\u4eacCA\u516c\u5bd3\u9152\u5e97", "order_time": ["2019-01-04 22:58:11"], "total_order": 1, "hotel_value": ["4.8"], "hotel_price": ["270"]}, "15814149": {"hotel_name": "\u5357\u4eac\u60a6\u4eab\u7cbe\u9009\u9152\u5e97", "order_time": ["2019-01-04 22:58:11"], "total_order": 1, "hotel_value": ["4.7"], "hotel_price": ["233"]}, "1334463": {"hotel_name": "\u5357\u4eac\u6c6a\u6d77\u56fd\u9645\u5927\u9152\u5e97", "order_time": ["2019-01-04 22:58:11"], "total_order": 1, "hotel_value": ["4.5"], "hotel_price": ["326"]}, "1426613": {"hotel_name": "\u5357\u4eac\u571f\u4e01\u4e07\u91cc\u8def\u56fd\u9645\u9752\u5e74\u9152\u5e97", "order_time": ["2019-01-04 22:58:11"], "total_order": 1, "hotel_value": ["4.4"], "hotel_price": ["111"]}, "1853810": {"hotel_name": "\u5357\u4eac\u8292\u679c\u9152\u5e97", "order_time": ["2019-01-04 22:58:11", "2019-01-04 23:14:13"], "total_order": 2, "hotel_value": ["4.3", "4.3"], "hotel_price": ["134", "134"]}, "2063865": {"hotel_name": "7\u5929\u4f18\u54c1\u9152\u5e97(\u5357\u4eac\u65b0\u8857\u53e3\u5730\u94c1\u7ad9\u5e97)", "order_time": ["2019-01-04 22:58:11"], "total_order": 1, "hotel_value": ["4.6"], "hotel_price": ["229"]}, "1451538": {"hotel_name": "\u5982\u5bb6\u5feb\u6377\u9152\u5e97(\u5357\u4eac\u65b0\u8857\u53e3\u5927\u884c\u5bab\u5730\u94c1\u7ad9\u6587\u660c\u5df7\u5e97)", "order_time": ["2019-01-04 22:58:11"], "total_order": 1, "hotel_value": ["4.4"], "hotel_price": ["174"]}, "1938309": {"hotel_name": "\u9526\u6c5f\u4e4b\u661f(\u5357\u4eac\u83ab\u6101\u6e56\u5e97)", "order_time": ["2019-01-04 23:04:14", "2019-01-04 22:58:12"], "total_order": 2, "hotel_value": ["4.4", "4.4"], "hotel_price": ["229", "229"]}, "5799576": {"hotel_name": "\u5357\u4eac\u65b0\u8679\u9633\u5bbe\u9986", "order_time": ["2019-01-04 22:58:12"], "total_order": 1, "hotel_value": ["4.1"], "hotel_price": ["143"]}, "1483679": {"hotel_name": "\u5982\u5bb6\u5feb\u6377\u9152\u5e97(\u5357\u4eac\u6c5f\u82cf\u8def\u5e97)", "order_time": ["2019-01-04 22:58:12"], "total_order": 1, "hotel_value": ["4.5"], "hotel_price": ["190"]}, "3654850": {"hotel_name": "\u6e05\u6c90\u8fde\u9501\u9152\u5e97(\u5357\u4eac\u8fc8\u768b\u6865\u5e97)", "order_time": ["2019-01-04 22:58:12"], "total_order": 1, "hotel_value": ["4.1"], "hotel_price": ["153"]}, "26479497": {"hotel_name": "\u5357\u4eac\u4e8c\u4e5d\u516c\u5bd3", "order_time": ["2019-01-04 22:58:13"], "total_order": 1, "hotel_value": [0], "hotel_price": ["98"]}, "2105407": {"hotel_name": "\u5357\u4eac\u82f9\u679c\u90fd\u5e02\u5355\u8eab\u516c\u5bd3", "order_time": ["2019-01-04 22:58:15"], "total_order": 1, "hotel_value": ["2.5"], "hotel_price": ["63"]}, "813373": {"hotel_name": "\u5357\u4eac\u6db5\u6708\u697c\u9996\u4e3d\u65af\u9152\u5e97", "order_time": ["2019-01-04 23:06:17", "2019-01-04 22:58:17"], "total_order": 2, "hotel_value": ["4.8", "4.8"], "hotel_price": ["653", "653"]}, "4496845": {"hotel_name": "\u53e4\u5357\u90fd\u4ea6\u95f2\u516c\u9986(\u5357\u4eac\u4e91\u5357\u8def\u5730\u94c1\u7ad9\u5e97)", "order_time": ["2019-01-04 23:00:12"], "total_order": 1, "hotel_value": ["4.8"], "hotel_price": ["289"]}, "482199": {"hotel_name": "\u5357\u4eac\u94f6\u57ce\u7687\u51a0\u5047\u65e5\u9152\u5e97", "order_time": ["2019-01-04 23:00:12"], "total_order": 1, "hotel_value": ["4.7"], "hotel_price": ["676"]}, "15057335": {"hotel_name": "\u5357\u4eac\u666f\u67ab\u4e07\u8c6a\u9152\u5e97", "order_time": ["2019-01-04 23:00:12"], "total_order": 1, "hotel_value": ["4.6"], "hotel_price": ["679"]}, "13325407": {"hotel_name": "\u5357\u4eac\u73ba\u57ce\u00b7\u963f\u91cc\u9152\u5e97", "order_time": ["2019-01-04 23:00:12"], "total_order": 1, "hotel_value": ["4.6"], "hotel_price": ["273"]}, "4649966": {"hotel_name": "\u5982\u5bb6\u5feb\u6377\u9152\u5e97(\u5357\u4eac\u4e91\u5357\u8def\u5730\u94c1\u7ad9\u4e0a\u6d77\u8def\u5e97)", "order_time": ["2019-01-04 23:00:12", "2019-01-04 23:04:14"], "total_order": 2, "hotel_value": ["4.5", "4.5"], "hotel_price": ["204", "204"]}, "8838971": {"hotel_name": "\u5357\u4eac\u592b\u5b50\u5e99\u4e9a\u6735\u9152\u5e97", "order_time": ["2019-01-04 23:00:12"], "total_order": 1, "hotel_value": ["4.9"], "hotel_price": ["429"]}, "11236109": {"hotel_name": "\u5357\u4eac\u5b81\u9759\u5feb\u6377\u9152\u5e97", "order_time": ["2019-01-04 23:00:13"], "total_order": 1, "hotel_value": ["4.4"], "hotel_price": ["95"]}, "969174": {"hotel_name": "\u6d77\u53cb\u5ba2\u6808(\u5357\u4eac\u73e0\u6c5f\u8def\u5e97)", "order_time": ["2019-01-04 23:00:13"], "total_order": 1, "hotel_value": ["4.3"], "hotel_price": ["133"]}, "1452015": {"hotel_name": "\u5982\u5bb6\u5feb\u6377\u9152\u5e97(\u5357\u4eac\u6708\u7259\u6e56\u94f6\u57ce\u4e1c\u82d1\u5e97)", "order_time": ["2019-01-04 23:00:13", "2019-01-04 23:38:14"], "total_order": 2, "hotel_value": ["4.6", "4.6"], "hotel_price": ["222", "222"]}, "1535647": {"hotel_name": "\u6c49\u5ead\u9152\u5e97(\u5357\u4eac\u4e2d\u5c71\u9675\u4e0b\u9a6c\u574a\u5730\u94c1\u7ad9\u5e97)(\u539f\u4e2d\u5c71\u98ce\u666f\u533a\u5e97)", "order_time": ["2019-01-04 23:00:13"], "total_order": 1, "hotel_value": ["4.3"], "hotel_price": ["199"]}, "1635045": {"hotel_name": "\u5357\u4eac\u82f1\u5c0a\u5047\u65e5\u9152\u5e97", "order_time": ["2019-01-04 23:00:13"], "total_order": 1, "hotel_value": ["4.1"], "hotel_price": ["233"]}, "15065032": {"hotel_name": "\u5982\u5bb6\u7cbe\u9009\u9152\u5e97(\u5357\u4eac\u592b\u5b50\u5e99\u767d\u4e0b\u8def\u5e97)", "order_time": ["2019-01-04 23:00:13"], "total_order": 1, "hotel_value": ["4.8"], "hotel_price": ["263"]}, "14152970": {"hotel_name": "\u6c49\u5ead\u9152\u5e97(\u5357\u4eac\u6865\u5317\u91d1\u76db\u56fd\u9645\u5bb6\u5c45\u5e97)(\u539f\u5f18\u9633\u5e7f\u573a\u5e97)", "order_time": ["2019-01-04 23:00:13"], "total_order": 1, "hotel_value": ["4.4"], "hotel_price": ["172"]}, "811677": {"hotel_name": "\u6e05\u6c90\u7cbe\u9009\u9152\u5e97(\u5357\u4eac\u6e56\u5357\u8def\u6b65\u884c\u8857\u5e97)", "order_time": ["2019-01-04 23:24:16", "2019-01-04 23:00:13"], "total_order": 2, "hotel_value": ["4.3", "4.3"], "hotel_price": ["146", "146"]}, "17996519": {"hotel_name": "\u5357\u4eac\u673a\u573a\u7761\u5427\u9152\u5e97", "order_time": ["2019-01-04 23:00:13"], "total_order": 1, "hotel_value": ["4.4"], "hotel_price": ["140"]}, "1017041": {"hotel_name": "\u5357\u4eac\u56db\u5b63\u9633\u5149\u7cbe\u54c1\u9152\u5e97", "order_time": ["2019-01-04 23:00:13"], "total_order": 1, "hotel_value": ["3.6"], "hotel_price": ["128"]}, "24538529": {"hotel_name": "\u5357\u4eac\u5723\u548c\u6587\u5316\u4ea4\u6d41\u4e2d\u5fc3", "order_time": ["2019-01-04 23:00:13"], "total_order": 1, "hotel_value": ["4.8"], "hotel_price": ["299"]}, "1452602": {"hotel_name": "\u5982\u5bb6\u5feb\u6377\u9152\u5e97(\u5357\u4eac\u8fc8\u768b\u6865\u5730\u94c1\u7ad9\u5e97)", "order_time": ["2019-01-04 23:00:13"], "total_order": 1, "hotel_value": ["4.4"], "hotel_price": ["169"]}, "1535636": {"hotel_name": "\u6c49\u5ead\u9152\u5e97(\u5357\u4eac\u6c5f\u5b81\u4e07\u8fbe\u5e97)", "order_time": ["2019-01-04 23:00:13"], "total_order": 1, "hotel_value": ["4.1"], "hotel_price": ["144"]}, "6981964": {"hotel_name": "\u5357\u4eac\u7231\u5c1a\u4e3b\u9898\u5bbe\u9986", "order_time": ["2019-01-04 23:00:14"], "total_order": 1, "hotel_value": ["4.5"], "hotel_price": ["159"]}, "2707009": {"hotel_name": "\u6613\u4f70\u9152\u5e97(\u5357\u4eac\u6cb3\u6d77\u5927\u5b66\u5730\u94c1\u7ad9\u5e97)", "order_time": ["2019-01-04 23:00:14"], "total_order": 1, "hotel_value": ["4.2"], "hotel_price": ["174"]}, "2074426": {"hotel_name": "\u5357\u4eac\u5927\u7965\u5bbe\u9986", "order_time": ["2019-01-04 23:00:16"], "total_order": 1, "hotel_value": [0], "hotel_price": ["113"]}, "1836325": {"hotel_name": "\u5357\u4eac\u8f6c\u89d2\u5546\u52a1\u5bbe\u9986", "order_time": ["2019-01-04 23:00:16"], "total_order": 1, "hotel_value": ["4.2"], "hotel_price": ["111"]}, "23801898": {"hotel_name": "\u5357\u4eac\u559c\u739b\u62c9\u96c5\u5047\u65e5\u9152\u5e97", "order_time": ["2019-01-04 23:02:11"], "total_order": 1, "hotel_value": ["4.5"], "hotel_price": ["598"]}, "4641571": {"hotel_name": "\u5357\u4eac\u665a\u5b89\u6587\u9f0e\u9152\u5e97\u5f0f\u516c\u5bd3", "order_time": ["2019-01-04 23:02:12"], "total_order": 1, "hotel_value": ["4.4"], "hotel_price": ["216"]}, "1271085": {"hotel_name": "Q\u52a0\u00b7\u99a8\u5eb7\u5bbe\u9986(\u5357\u4eac\u7984\u53e3\u673a\u573a\u5e97)", "order_time": ["2019-01-04 23:02:12"], "total_order": 1, "hotel_value": ["4.9"], "hotel_price": ["109"]}, "1585888": {"hotel_name": "\u9526\u6c5f\u4e4b\u661f(\u5357\u4eac\u5965\u4f53\u9ec4\u5c71\u8def\u5e97)", "order_time": ["2019-01-04 23:02:12"], "total_order": 1, "hotel_value": ["4.3"], "hotel_price": ["154"]}, "17491470": {"hotel_name": "\u6c49\u5ead\u4f18\u4f73\u9152\u5e97(\u5357\u4eac\u4ed9\u6797\u5927\u5b66\u57ce\u5e97)", "order_time": ["2019-01-04 23:02:12"], "total_order": 1, "hotel_value": ["4.6"], "hotel_price": ["227"]}, "946985": {"hotel_name": "\u53e4\u90fd\u6587\u5316\u5546\u52a1\u65c5\u9986(\u5357\u4eac\u65b0\u8857\u53e3\u5e97)", "order_time": ["2019-01-04 23:02:12"], "total_order": 1, "hotel_value": ["4.4"], "hotel_price": ["174"]}, "2073915": {"hotel_name": "\u5357\u4eac\u51a0\u519b\u697c\u5927\u9152\u5e97", "order_time": ["2019-01-04 23:02:12"], "total_order": 1, "hotel_value": ["4.7"], "hotel_price": ["398"]}, "8574621": {"hotel_name": "\u6613\u4f70\u826f\u54c1\u9152\u5e97(\u5357\u4eac\u5357\u7ad9\u53cc\u9f99\u5927\u9053\u5730\u94c1\u7ad9\u5e97)", "order_time": ["2019-01-04 23:02:12"], "total_order": 1, "hotel_value": ["4.3"], "hotel_price": ["136"]}, "26588901": {"hotel_name": "\u5357\u4eac\u591c\u6cca\u79e6\u6dee\u541b\u4ead\u9152\u5e97\u00b7\u5927\u620f\u9662", "order_time": ["2019-01-04 23:08:12", "2019-01-04 23:02:12"], "total_order": 2, "hotel_value": ["4.9", "4.9"], "hotel_price": ["639", "639"]}, "3451684": {"hotel_name": "\u5357\u4eac\u591c\u6cca\u79e6\u6dee\u541b\u4ead\u9152\u5e97\u00b7\u91d1\u9675\u4e66\u753b\u9662", "order_time": ["2019-01-04 23:02:12"], "total_order": 1, "hotel_value": ["4.8"], "hotel_price": ["799"]}, "1678723": {"hotel_name": "\u5357\u4eacYMCA\u9152\u5e97", "order_time": ["2019-01-04 23:02:12"], "total_order": 1, "hotel_value": ["4.5"], "hotel_price": ["278"]}, "21769720": {"hotel_name": "\u5357\u4eac\u9ad8\u76db\u9601\u9152\u5e97", "order_time": ["2019-01-04 23:04:15", "2019-01-04 23:02:12"], "total_order": 2, "hotel_value": ["4.5", "4.5"], "hotel_price": ["218", "218"]}, "7067265": {"hotel_name": "\u6c49\u5ead\u4f18\u4f73\u9152\u5e97(\u5357\u4eac\u5965\u4f53\u4e2d\u5fc3\u5e97)", "order_time": ["2019-01-04 23:04:15", "2019-01-04 23:02:12"], "total_order": 2, "hotel_value": ["4.7", "4.7"], "hotel_price": ["260", "260"]}, "971089": {"hotel_name": "\u5168\u5b63\u9152\u5e97(\u5357\u4eac\u65b0\u8857\u53e3\u5e97)", "order_time": ["2019-01-04 23:02:13"], "total_order": 1, "hotel_value": ["4.5"], "hotel_price": ["355"]}, "1829653": {"hotel_name": "\u901f8\u9152\u5e97(\u5357\u4eac\u89e3\u653e\u8def\u5e97)", "order_time": ["2019-01-04 23:02:13"], "total_order": 1, "hotel_value": ["3.7"], "hotel_price": ["127"]}, "1441403": {"hotel_name": "\u661f\u7a0b\u9152\u5e97(\u5357\u4eac\u9f13\u697c\u4e2d\u5fc3\u5e97)", "order_time": ["2019-01-04 23:02:13"], "total_order": 1, "hotel_value": ["4.5"], "hotel_price": ["246"]}, "5379079": {"hotel_name": "\u5357\u4eac\u4e09\u661f\u5feb\u6377\u5bbe\u9986", "order_time": ["2019-01-04 23:02:13"], "total_order": 1, "hotel_value": ["4.0"], "hotel_price": ["74"]}, "1452427": {"hotel_name": "\u5982\u5bb6\u5feb\u6377\u9152\u5e97(\u5357\u4eac\u6c5f\u6d66\u9f99\u534e\u8def\u5730\u94c1\u7ad9\u5e97)", "order_time": ["2019-01-04 23:02:13"], "total_order": 1, "hotel_value": ["4.4"], "hotel_price": ["155"]}, "1470145": {"hotel_name": "\u5357\u4eac\u6728\u6797\u68ee\u5f71\u9662\u9152\u5e97\u516c\u5bd3", "order_time": ["2019-01-04 23:38:15", "2019-01-04 23:02:13"], "total_order": 2, "hotel_value": ["4.2", "4.2"], "hotel_price": ["285", "285"]}, "22449037": {"hotel_name": "\u5357\u4eac\u67ab\u53f6\u7f8e\u5bbf\u5f71\u9662\u9152\u5e97\u5f0f\u516c\u5bd3", "order_time": ["2019-01-04 23:02:13"], "total_order": 1, "hotel_value": ["4.8"], "hotel_price": ["193"]}, "1968116": {"hotel_name": "\u5357\u4eac\u65fa\u5b89\u5bbe\u9986", "order_time": ["2019-01-04 23:40:13", "2019-01-04 23:02:14"], "total_order": 2, "hotel_value": ["4.0", "4.0"], "hotel_price": ["83", "83"]}, "795331": {"hotel_name": "\u5357\u4eac\u96c6\u8d24\u5bbe\u9986", "order_time": ["2019-01-04 23:02:14"], "total_order": 1, "hotel_value": ["4.0"], "hotel_price": ["133"]}, "1441836": {"hotel_name": "\u83ab\u6cf0168(\u5357\u4eac\u5e7f\u5dde\u8def\u968f\u56ed\u5927\u53a6\u5e97)(\u539f\u5357\u4eac\u5927\u5b66\u5e7f\u5dde\u8def\u5e97)", "order_time": ["2019-01-04 23:04:14"], "total_order": 1, "hotel_value": ["4.6"], "hotel_price": ["171"]}, "987566": {"hotel_name": "\u5357\u4eac\u65b0\u8857\u53e3\u82cf\u5b81\u8bfa\u5bcc\u7279\u9152\u5e97", "order_time": ["2019-01-04 23:04:14"], "total_order": 1, "hotel_value": ["4.7"], "hotel_price": ["548"]}, "367765": {"hotel_name": "\u5357\u4eac\u51ef\u94c2\u7cbe\u54c1\u9152\u5e97", "order_time": ["2019-01-04 23:04:14"], "total_order": 1, "hotel_value": ["4.5"], "hotel_price": ["476"]}, "5372975": {"hotel_name": "\u5357\u4eac\u4e50\u4e1a\u7cbe\u9009\u9152\u5e97", "order_time": ["2019-01-04 23:04:14"], "total_order": 1, "hotel_value": ["4.4"], "hotel_price": ["146"]}, "419566": {"hotel_name": "\u5357\u4eac\u53e4\u5357\u90fd\u996d\u5e97", "order_time": ["2019-01-04 23:04:14"], "total_order": 1, "hotel_value": ["4.8"], "hotel_price": ["948"]}, "1944235": {"hotel_name": "\u5357\u4eac\u8679\u6865\u996d\u5e97", "order_time": ["2019-01-04 23:04:15", "2019-01-04 23:24:17"], "total_order": 2, "hotel_value": ["4.4", "4.4"], "hotel_price": ["249", "249"]}, "1219124": {"hotel_name": "\u90fd\u5e02118(\u5357\u4eac\u4e2d\u5c71\u9675\u98ce\u666f\u533a\u4e0b\u9a6c\u574a\u5730\u94c1\u7ad9\u5e97)", "order_time": ["2019-01-04 23:04:15"], "total_order": 1, "hotel_value": ["4.4"], "hotel_price": ["189"]}, "2586767": {"hotel_name": "\u5357\u4eac\u4f73\u6708\u697c\u5546\u52a1\u5bbe\u9986", "order_time": ["2019-01-04 23:04:15"], "total_order": 1, "hotel_value": ["4.5"], "hotel_price": ["131"]}, "2993333": {"hotel_name": "\u5357\u4eac\u5929\u7136\u5c45\u5bbe\u9986", "order_time": ["2019-01-04 23:04:15", "2019-01-04 23:38:15"], "total_order": 2, "hotel_value": ["4.2", "4.2"], "hotel_price": ["163", "163"]}, "21121621": {"hotel_name": "\u6c49\u5ead\u9152\u5e97(\u5357\u4eac\u5cb1\u5c71\u4e1c\u6765\u5965\u5357\u57ce\u5e97)", "order_time": ["2019-01-04 23:04:15"], "total_order": 1, "hotel_value": ["4.1"], "hotel_price": ["170"]}, "1938440": {"hotel_name": "\u9526\u6c5f\u4e4b\u661f(\u6ea7\u6c34\u73cd\u73e0\u8def\u5e97)", "order_time": ["2019-01-04 23:04:15", "2019-01-04 23:26:14"], "total_order": 2, "hotel_value": ["4.4", "4.4"], "hotel_price": ["199", "199"]}, "10571966": {"hotel_name": "\u9510\u601d\u7279\u9152\u5e97(\u5357\u4eac\u5357\u7ad9\u8bda\u4fe1\u5927\u9053\u5730\u94c1\u7ad9\u5e97)", "order_time": ["2019-01-04 23:04:15"], "total_order": 1, "hotel_value": ["4.5"], "hotel_price": ["240"]}, "1633206": {"hotel_name": "\u5357\u4eac\u5929\u6cd3\u5c71\u5e84\u9152\u5e97", "order_time": ["2019-01-04 23:04:16"], "total_order": 1, "hotel_value": ["4.5"], "hotel_price": ["318"]}, "5315979": {"hotel_name": "\u5357\u4eac\u5e02\u7f8e\u6a59\u5feb\u6377\u9152\u5e97", "order_time": ["2019-01-04 23:04:17"], "total_order": 1, "hotel_value": ["4.1"], "hotel_price": ["103"]}, "6767182": {"hotel_name": "\u5357\u4eac\u9ad8\u6df3\u534e\u5e9c\u5bbe\u9986", "order_time": ["2019-01-04 23:04:18"], "total_order": 1, "hotel_value": [0], "hotel_price": ["107"]}, "346283": {"hotel_name": "\u5357\u4eac\u91d1\u9675\u996d\u5e97", "order_time": ["2019-01-04 23:06:17", "2019-01-04 23:04:18"], "total_order": 2, "hotel_value": ["4.8", "4.8"], "hotel_price": ["626", "626"]}, "1208243": {"hotel_name": "\u5357\u4eac\u65f6\u5149\u673a\u56fd\u9645\u9752\u5e74\u65c5\u820d", "order_time": ["2019-01-04 23:06:12"], "total_order": 1, "hotel_value": ["4.4"], "hotel_price": ["36"]}, "2298282": {"hotel_name": "\u6c5f\u82cf\u996d\u5e97", "order_time": ["2019-01-04 23:06:12"], "total_order": 1, "hotel_value": ["4.8"], "hotel_price": ["422"]}, "1487288": {"hotel_name": "\u6c49\u5ead\u9152\u5e97(\u5357\u4eac\u4e91\u5357\u8def\u5730\u94c1\u7ad9\u5e97)(\u539f\u4e91\u5357\u8def\u5e97)", "order_time": ["2019-01-04 23:06:12"], "total_order": 1, "hotel_value": ["4.3"], "hotel_price": ["219"]}, "8650324": {"hotel_name": "\u5982\u5bb6\u7cbe\u9009\u9152\u5e97(\u5357\u4eac\u5357\u7ad9\u5317\u5e7f\u573a\u7eff\u5730\u4e4b\u7a97\u5e97)", "order_time": ["2019-01-04 23:06:12"], "total_order": 1, "hotel_value": ["4.6"], "hotel_price": ["292"]}, "1646444": {"hotel_name": "\u683c\u6797\u8c6a\u6cf0(\u5357\u4eac\u5357\u7ad9\u5317\u5e7f\u573a\u5e97)", "order_time": ["2019-01-04 23:06:13"], "total_order": 1, "hotel_value": ["4.2"], "hotel_price": ["181"]}, "5242512": {"hotel_name": "\u5c1acheng\u4f18\u9009\u9152\u5e97(\u5357\u4eac\u7984\u53e3\u673a\u573a\u5e97)", "order_time": ["2019-01-04 23:06:13"], "total_order": 1, "hotel_value": ["4.0"], "hotel_price": ["161"]}, "4727722": {"hotel_name": "\u548c\u6c5f\u5546\u52a1\u5bbe\u9986(\u5357\u4eac\u519b\u533a\u603b\u9662\u822a\u7a7a\u822a\u5929\u5927\u5b66\u5e97)", "order_time": ["2019-01-04 23:06:13"], "total_order": 1, "hotel_value": ["3.5"], "hotel_price": ["115"]}, "435107": {"hotel_name": "\u5357\u4eac\u4e1c\u65b9\u73cd\u73e0\u996d\u5e97", "order_time": ["2019-01-04 23:06:13"], "total_order": 1, "hotel_value": ["4.8"], "hotel_price": ["298"]}, "1454364": {"hotel_name": "\u5982\u5bb6\u5feb\u6377\u9152\u5e97(\u5357\u4eac\u65b0\u8857\u53e3\u73e0\u6c5f\u8def\u5730\u94c1\u7ad9\u5fb7\u57fa\u5e7f\u573a\u5e97)", "order_time": ["2019-01-04 23:08:11"], "total_order": 1, "hotel_value": ["4.5"], "hotel_price": ["191"]}, "1816834": {"hotel_name": "\u6854\u5b50\u9152\u5e97\u00b7\u7cbe\u9009(\u5357\u4eac\u592b\u5b50\u5e99\u5e97)", "order_time": ["2019-01-04 23:08:11"], "total_order": 1, "hotel_value": ["4.9"], "hotel_price": ["303"]}, "2575107": {"hotel_name": "Q\u52a0\u00b7\u683c\u9675\u5170\u5c9b\u5546\u52a1\u5bbe\u9986(\u5357\u4eac\u5357\u7ad9\u767e\u5bb6\u6e56\u80dc\u592a\u8def\u5730\u94c1\u7ad9\u5e97)", "order_time": ["2019-01-04 23:08:11"], "total_order": 1, "hotel_value": ["4.6"], "hotel_price": ["134"]}, "2240146": {"hotel_name": "\u5357\u4eac\u57ce\u5e02\u7267\u91ce\u5047\u65e5\u9152\u5e97", "order_time": ["2019-01-04 23:08:12"], "total_order": 1, "hotel_value": ["4.4"], "hotel_price": ["239"]}, "435734": {"hotel_name": "\u5357\u4eac\u80af\u5b9a\u7cbe\u54c1\u6c34\u6676\u9152\u5e97", "order_time": ["2019-01-04 23:08:12"], "total_order": 1, "hotel_value": ["4.1"], "hotel_price": ["173"]}, "1936233": {"hotel_name": "\u683c\u6797\u8c6a\u6cf0(\u5357\u4eac\u5927\u5382\u845b\u5858\u5730\u94c1\u7ad9\u5e97)(\u539f\u7389\u6865\u5e02\u573a\u5e97)", "order_time": ["2019-01-04 23:08:12"], "total_order": 1, "hotel_value": ["4.5"], "hotel_price": ["132"]}, "1945382": {"hotel_name": "\u5496\u5c45\u7cbe\u9009\u9152\u5e97(\u5357\u4eac\u82cf\u5b81\u5929\u6da6\u5e7f\u573a\u5e97)(\u539f\u7ef4\u65af\u7279\u7cbe\u54c1\u9152\u5e97)", "order_time": ["2019-01-04 23:08:12"], "total_order": 1, "hotel_value": ["4.4"], "hotel_price": ["153"]}, "1895183": {"hotel_name": "\u5357\u4eac\u552f\u7231\u4e4b\u661f\u4e3b\u9898\u5bbe\u9986", "order_time": ["2019-01-04 23:08:12"], "total_order": 1, "hotel_value": ["3.7"], "hotel_price": ["128"]}, "480166": {"hotel_name": "\u4e50\u5bb6\u9152\u5e97\u516c\u5bd3(\u5357\u4eac\u4e2d\u5546\u4e07\u8c6a\u5e97)", "order_time": ["2019-01-04 23:08:13", "2019-01-04 23:26:14"], "total_order": 2, "hotel_value": ["4.5", "4.5"], "hotel_price": ["164", "164"]}, "3292300": {"hotel_name": "\u683c\u6797\u8c6a\u6cf0(\u5357\u4eac\u56fa\u57ce\u6e56\u8001\u8857\u98ce\u666f\u533a\u5e97)", "order_time": ["2019-01-04 23:08:13"], "total_order": 1, "hotel_value": ["4.5"], "hotel_price": ["122"]}, "481819": {"hotel_name": "\u5357\u4eac\u4e3d\u6e56\u96c5\u81f4\u9152\u5e97", "order_time": ["2019-01-04 23:08:13", "2019-01-04 23:16:12"], "total_order": 2, "hotel_value": ["4.7", "4.7"], "hotel_price": ["460", "460"]}, "2877191": {"hotel_name": "\u5357\u4eac\u541b\u98de\u4e34\u5bbe\u9986", "order_time": ["2019-01-04 23:08:13"], "total_order": 1, "hotel_value": ["4.6"], "hotel_price": ["145"]}, "2300990": {"hotel_name": "7\u5929\u4f18\u54c1\u9152\u5e97(\u5357\u4eac\u592b\u5b50\u5e99\u4e09\u5c71\u8857\u5730\u94c1\u7ad9\u5e97)", "order_time": ["2019-01-04 23:10:13"], "total_order": 1, "hotel_value": ["4.4"], "hotel_price": ["174"]}, "15950898": {"hotel_name": "\u6c49\u5ead\u4f18\u4f73\u9152\u5e97(\u5357\u4eac\u65b0\u8857\u53e3\u5e97)(\u539f\u6d2a\u6b66\u8def\u5e97)", "order_time": ["2019-01-04 23:10:13"], "total_order": 1, "hotel_value": ["4.7"], "hotel_price": ["250"]}, "473491": {"hotel_name": "\u9526\u6c5f\u4e4b\u661f(\u5357\u4eac\u706b\u8f66\u7ad9\u4e2d\u592e\u95e8\u5e97)", "order_time": ["2019-01-04 23:10:13"], "total_order": 1, "hotel_value": ["4.4"], "hotel_price": ["199"]}, "6030353": {"hotel_name": "\u8fdc\u901a\u5047\u65e5\u9152\u5e97(\u5357\u4eac\u7af9\u5c71\u8def\u5730\u94c1\u7ad9\u5e97)(\u539f\u5929\u5143\u4e1c\u8def\u5e97)", "order_time": ["2019-01-04 23:10:13"], "total_order": 1, "hotel_value": ["4.6"], "hotel_price": ["174"]}, "5917347": {"hotel_name": "\u6854\u5b50\u9152\u5e97\u00b7\u7cbe\u9009(\u5357\u4eac\u738b\u5e9c\u5927\u8857\u5e97)", "order_time": ["2019-01-04 23:10:13", "2019-01-04 23:52:13"], "total_order": 2, "hotel_value": ["4.8", "4.8"], "hotel_price": ["303", "303"]}, "1944357": {"hotel_name": "\u5357\u4eac\u4ed9\u6797\u5bbe\u9986", "order_time": ["2019-01-04 23:10:13"], "total_order": 1, "hotel_value": ["4.6"], "hotel_price": ["313"]}, "26557803": {"hotel_name": "\u5357\u4eac\u5f90\u5e84\u82cf\u5b81\u96c5\u60a6\u9152\u5e97", "order_time": ["2019-01-04 23:10:13"], "total_order": 1, "hotel_value": ["4.2"], "hotel_price": ["345"]}, "1674601": {"hotel_name": "\u6d77\u53cb\u9152\u5e97(\u5357\u4eac\u706b\u8f66\u7ad9\u5e97)", "order_time": ["2019-01-04 23:10:13"], "total_order": 1, "hotel_value": ["3.7"], "hotel_price": ["108"]}, "435363": {"hotel_name": "\u5357\u4eac\u82cf\u5b81\u5a01\u5c3c\u65af\u9152\u5e97", "order_time": ["2019-01-04 23:10:14"], "total_order": 1, "hotel_value": ["4.8"], "hotel_price": ["849"]}, "1286836": {"hotel_name": "\u683c\u6797\u8c6a\u6cf0\u667a\u9009\u9152\u5e97(\u5357\u4eac\u6c5f\u5b81\u4e07\u8fbe\u5e7f\u573a\u5e97)", "order_time": ["2019-01-04 23:10:14"], "total_order": 1, "hotel_value": ["4.1"], "hotel_price": ["161"]}, "8574614": {"hotel_name": "\u5357\u4eac\u7f8e\u597d\u836f\u5e97\u9752\u5e74\u65c5\u820d", "order_time": ["2019-01-04 23:10:14"], "total_order": 1, "hotel_value": ["4.6"], "hotel_price": ["64"]}, "11650998": {"hotel_name": "\u5357\u4eac\u89c5\u4f60mini\u9152\u5e97(\u6c5f\u5b81\u5357\u7ad9\u65b0\u5929\u5730\u516c\u56ed\u5e97)", "order_time": ["2019-01-04 23:10:14"], "total_order": 1, "hotel_value": ["4.1"], "hotel_price": ["140"]}, "8511180": {"hotel_name": "\u6e05\u6c90\u7cbe\u54c1\u9152\u5e97(\u5357\u4eac\u677f\u6865\u6885\u5c71\u5e97)", "order_time": ["2019-01-04 23:10:15"], "total_order": 1, "hotel_value": ["4.4"], "hotel_price": ["109"]}, "798785": {"hotel_name": "\u5357\u4eac\u6052\u7f18\u5bbe\u9986", "order_time": ["2019-01-04 23:10:15"], "total_order": 1, "hotel_value": ["3.6"], "hotel_price": ["121"]}, "5850489": {"hotel_name": "\u5357\u4eac\u5929\u7a7a\u4e4b\u57ce\u56fd\u9645\u9752\u5e74\u65c5\u820d", "order_time": ["2019-01-04 23:10:16"], "total_order": 1, "hotel_value": ["4.6"], "hotel_price": ["46"]}, "6870672": {"hotel_name": "Q\u52a0\u00b7\u8303\u6cf0\u65af\u7279\u9152\u5e97(\u5357\u4eac\u5357\u7ad9\u5e97)", "order_time": ["2019-01-04 23:12:11"], "total_order": 1, "hotel_value": ["4.7"], "hotel_price": ["108"]}, "18538275": {"hotel_name": "\u5357\u4eac\u5609\u60a6\u5927\u9152\u5e97", "order_time": ["2019-01-04 23:12:11"], "total_order": 1, "hotel_value": ["4.7"], "hotel_price": ["218"]}, "6942151": {"hotel_name": "\u6854\u5b50\u9152\u5e97\u00b7\u7cbe\u9009(\u5357\u4eac\u592b\u5b50\u5e99\u5efa\u5eb7\u8def\u5e97)", "order_time": ["2019-01-04 23:12:11", "2019-01-04 23:54:14"], "total_order": 2, "hotel_value": ["4.8", "4.8"], "hotel_price": ["370", "370"]}, "1927478": {"hotel_name": "\u6c49\u5ead\u9152\u5e97(\u5357\u4eac\u592a\u5e73\u5317\u8def\u6d6e\u6865\u5730\u94c1\u7ad9\u5e97)(\u539f1912\u5e97)", "order_time": ["2019-01-04 23:12:12"], "total_order": 1, "hotel_value": ["4.2"], "hotel_price": ["284"]}, "474711": {"hotel_name": "\u5357\u4eac\u91d1\u9675\u6676\u5143\u5927\u9152\u5e97", "order_time": ["2019-01-04 23:12:12"], "total_order": 1, "hotel_value": ["4.5"], "hotel_price": ["429"]}, "1535627": {"hotel_name": "\u6c49\u5ead\u9152\u5e97(\u5357\u4eac\u5965\u4f53\u4e2d\u5fc3\u5e97)", "order_time": ["2019-01-04 23:12:12"], "total_order": 1, "hotel_value": ["4.4"], "hotel_price": ["217"]}, "6395726": {"hotel_name": "\u53e4\u5357\u90fd\u9038\u5c45\u9152\u5e97(\u5357\u4eac\u65b0\u8857\u53e3\u4e2d\u5fc3\u5e97)(\u539f\u5f18\u5609\u65b0\u8857\u53e3\u4e00\u5e97)", "order_time": ["2019-01-04 23:22:15", "2019-01-04 23:12:12"], "total_order": 2, "hotel_value": ["4.8", "4.8"], "hotel_price": ["317", "317"]}, "1283038": {"hotel_name": "\u5357\u4eac\u91d1\u9675\u65b0\u57ce\u996d\u5e97", "order_time": ["2019-01-04 23:12:12"], "total_order": 1, "hotel_value": ["4.7"], "hotel_price": ["429"]}, "1419901": {"hotel_name": "\u5357\u4eac\u76db\u5ba2\u767e\u5e74\u5546\u52a1\u9152\u5e97", "order_time": ["2019-01-04 23:20:14", "2019-01-04 23:12:12"], "total_order": 2, "hotel_value": ["3.0", "3.0"], "hotel_price": ["139", "139"]}, "892548": {"hotel_name": "\u5357\u4eac\u67cf\u5b81\u5546\u52a1\u9152\u5e97", "order_time": ["2019-01-04 23:12:13"], "total_order": 1, "hotel_value": ["4.0"], "hotel_price": ["103"]}, "798760": {"hotel_name": "\u5357\u4eac\u7f18\u805a\u5bbe\u9986", "order_time": ["2019-01-04 23:12:13"], "total_order": 1, "hotel_value": [0], "hotel_price": ["68"]}, "21744273": {"hotel_name": "\u5357\u4eac\u68a6\u6cfd\u5feb\u6377\u5bbe\u9986", "order_time": ["2019-01-04 23:24:19", "2019-01-04 23:12:14"], "total_order": 2, "hotel_value": ["4.9", "4.9"], "hotel_price": ["82", "82"]}, "470827": {"hotel_name": "\u9526\u6c5f\u5357\u4eac\u996d\u5e97", "order_time": ["2019-01-04 23:32:12", "2019-01-04 23:22:15", "2019-01-04 23:14:13"], "total_order": 3, "hotel_value": ["4.8", "4.8", "4.8"], "hotel_price": ["347", "347", "347"]}, "482286": {"hotel_name": "\u5357\u4eac\u53cc\u95e8\u697c\u5bbe\u9986", "order_time": ["2019-01-04 23:14:13"], "total_order": 1, "hotel_value": ["4.5"], "hotel_price": ["365"]}, "25289828": {"hotel_name": "\u5357\u4eac\u5f92\u884c\u964c\u5ba2\u9752\u5e74\u65c5\u820d", "order_time": ["2019-01-04 23:14:13"], "total_order": 1, "hotel_value": ["4.9"], "hotel_price": ["43"]}, "1535639": {"hotel_name": "\u6c49\u5ead\u9152\u5e97(\u5357\u4eac\u82dc\u84ff\u56ed\u5927\u8857\u5e97)", "order_time": ["2019-01-04 23:14:13"], "total_order": 1, "hotel_value": ["4.5"], "hotel_price": ["191"]}, "6254954": {"hotel_name": "\u610f\u8c61\u91d1\u9675\u670d\u52a1\u516c\u5bd3(\u5357\u4eac\u5965\u4f53\u4e2d\u5fc3\u5e97)", "order_time": ["2019-01-04 23:14:14"], "total_order": 1, "hotel_value": ["4.6"], "hotel_price": ["192"]}, "1452496": {"hotel_name": "\u5982\u5bb6\u5feb\u6377\u9152\u5e97(\u5357\u4eac\u706b\u8f66\u7ad9\u5c0f\u5e02\u5730\u94c1\u7ad9\u5e97)", "order_time": ["2019-01-04 23:14:14"], "total_order": 1, "hotel_value": ["4.5"], "hotel_price": ["212"]}, "1336390": {"hotel_name": "7\u5929\u8fde\u9501\u9152\u5e97(\u5357\u4eac\u592b\u5b50\u5e99\u5927\u5149\u8def\u5e97)", "order_time": ["2019-01-04 23:14:14"], "total_order": 1, "hotel_value": ["4.2"], "hotel_price": ["126"]}, "2043640": {"hotel_name": "7\u5929\u4f18\u54c1\u9152\u5e97(\u5357\u4eac\u6c49\u4e2d\u95e8\u5730\u94c1\u7ad9\u5e97)", "order_time": ["2019-01-04 23:14:14"], "total_order": 1, "hotel_value": ["4.3"], "hotel_price": ["188"]}, "3136859": {"hotel_name": "\u67ab\u6797\u665a\u9152\u5e97\u516c\u5bd3\uff08\u5357\u4eac\u6cb3\u897f\u4e07\u8fbe\u5e97\uff09", "order_time": ["2019-01-04 23:14:14"], "total_order": 1, "hotel_value": ["4.4"], "hotel_price": ["215"]}, "5992970": {"hotel_name": "\u5357\u4eactime\u4e3b\u9898\u9152\u5e97", "order_time": ["2019-01-04 23:14:14", "2019-01-04 23:44:15"], "total_order": 2, "hotel_value": ["4.4", "4.4"], "hotel_price": ["124", "158"]}, "1034657": {"hotel_name": "\u5357\u4eac\u68a6\u8377\u5feb\u6377\u5bbe\u9986", "order_time": ["2019-01-04 23:14:14"], "total_order": 1, "hotel_value": ["4.5"], "hotel_price": ["93"]}, "811658": {"hotel_name": "\u6e05\u6c90\u8fde\u9501\u9152\u5e97(\u5357\u4eac\u5357\u7ad9\u5927\u660e\u8def\u5e97)", "order_time": ["2019-01-04 23:14:14"], "total_order": 1, "hotel_value": ["4.4"], "hotel_price": ["137"]}, "1684825": {"hotel_name": "\u6da6\u5bb6\u9152\u5e97(\u5357\u4eac\u4e2d\u5c71\u9675\u666f\u533a\u5e97)(\u539f\u6893\u99a8\u5546\u52a1\u5bbe\u9986)", "order_time": ["2019-01-04 23:14:14"], "total_order": 1, "hotel_value": ["4.1"], "hotel_price": ["205"]}, "5724534": {"hotel_name": "\u6d3e\u9152\u5e97(\u5357\u4eac\u80dc\u592a\u897f\u8def\u5730\u94c1\u7ad9\u5e97)", "order_time": ["2019-01-04 23:14:14"], "total_order": 1, "hotel_value": ["4.3"], "hotel_price": ["152"]}, "1943642": {"hotel_name": "\u6e05\u6c90\u7cbe\u54c1\u9152\u5e97(\u5357\u4eac\u5927\u6865\u5317\u8def\u6cf0\u5c71\u65b0\u6751\u5730\u94c1\u7ad9)", "order_time": ["2019-01-04 23:14:14"], "total_order": 1, "hotel_value": ["3.9"], "hotel_price": ["540"]}, "1085669": {"hotel_name": "\u5e03\u4e01\u4e25\u9009\u9152\u5e97(\u5357\u4eac\u5965\u4f53\u6653\u5e84\u5b66\u9662\u83ab\u6101\u6e56\u5730\u94c1\u7ad9\u5e97)", "order_time": ["2019-01-04 23:14:14"], "total_order": 1, "hotel_value": ["4.1"], "hotel_price": ["130"]}, "1451938": {"hotel_name": "\u5982\u5bb6\u9152\u5e97(\u5357\u4eac\u592b\u5b50\u5e99\u5730\u94c1\u7ad9\u5e97)", "order_time": ["2019-01-04 23:14:14"], "total_order": 1, "hotel_value": ["4.5"], "hotel_price": ["246"]}, "902118": {"hotel_name": "\u767e\u65f6\u5feb\u6377\u9152\u5e97(\u5357\u4eac\u7384\u6b66\u6e56\u5c71\u897f\u8def\u5e97)", "order_time": ["2019-01-04 23:14:14"], "total_order": 1, "hotel_value": ["4.1"], "hotel_price": ["104"]}, "1686763": {"hotel_name": "\u5357\u4eac\u91d1\u5143\u5b9d\u5927\u9152\u5e97", "order_time": ["2019-01-04 23:14:14", "2019-01-04 23:40:13"], "total_order": 2, "hotel_value": ["4.4", "4.4"], "hotel_price": ["348", "348"]}, "798695": {"hotel_name": "\u5fc5\u5f97\u4e3b\u9898\u5bbe\u9986(\u5357\u4eac\u5965\u4f53\u4e2d\u5fc3\u5174\u9686\u5927\u8857\u5730\u94c1\u7ad9\u5e97)", "order_time": ["2019-01-04 23:14:14"], "total_order": 1, "hotel_value": ["4.5"], "hotel_price": ["143"]}, "8627469": {"hotel_name": "\u5bb6\u7f8e\u597d\u592a\u7a7a\u65c5\u9986(\u5357\u4eac\u706b\u8f66\u7ad9\u7384\u6b66\u6e56\u5e97)(\u539f\u6e56\u5149\u5c71\u820d\u592a\u7a7a\u8231\u80f6\u56ca\u65c5\u820d)", "order_time": ["2019-01-04 23:14:14", "2019-01-04 23:32:14"], "total_order": 2, "hotel_value": ["4.4", "4.4"], "hotel_price": ["78", "78"]}, "5379579": {"hotel_name": "\u6021\u83b1\u9152\u5e97(\u5357\u4eac\u6c5f\u6d66\u9f99\u534e\u8def\u5730\u94c1\u7ad9\u5e97)", "order_time": ["2019-01-04 23:14:14"], "total_order": 1, "hotel_value": ["4.0"], "hotel_price": ["139"]}, "8684540": {"hotel_name": "\u5c0f\u5e84\u82b1\u56ed\u9752\u5e74\u65c5\u820d(\u5357\u4eac\u4e39\u51e4\u8857\u5e97)", "order_time": ["2019-01-04 23:14:14"], "total_order": 1, "hotel_value": ["4.6"], "hotel_price": ["45"]}, "4641572": {"hotel_name": "\u683c\u6797\u4e1c\u65b9\u9152\u5e97(\u5357\u4eac\u6c5f\u5b81\u5927\u5b66\u57ce\u7ecf\u8d38\u5b66\u9662\u5e97)", "order_time": ["2019-01-04 23:14:14"], "total_order": 1, "hotel_value": ["4.4"], "hotel_price": ["238"]}, "19494927": {"hotel_name": "\u5357\u4eac\u9006\u65f6\u5149\u9752\u5e74\u65c5\u820d", "order_time": ["2019-01-04 23:14:14"], "total_order": 1, "hotel_value": ["4.9"], "hotel_price": ["53"]}, "1660621": {"hotel_name": "\u5357\u4eac\u4e4b\u654f\u5e84\u4e3b\u9898\u9152\u5e97", "order_time": ["2019-01-04 23:14:15"], "total_order": 1, "hotel_value": ["4.2"], "hotel_price": ["128"]}, "5311088": {"hotel_name": "\u5357\u4eac\u99a8\u8309\u8389\u82b1\u56ed\u9152\u5e97", "order_time": ["2019-01-04 23:14:17"], "total_order": 1, "hotel_value": ["4.7"], "hotel_price": ["129"]}, "1462789": {"hotel_name": "\u80af\u5b9a\u00b7\u89c2\u7f8e\u9152\u5e97(\u5357\u4eac\u65b0\u8857\u53e3\u91d1\u878d\u4e2d\u5fc3\u4e2d\u592e\u5546\u573a\u5e97)", "order_time": ["2019-01-04 23:16:12"], "total_order": 1, "hotel_value": ["4.6"], "hotel_price": ["178"]}, "1803955": {"hotel_name": "\u7ef4\u4e5f\u7eb3\u9152\u5e97(\u5357\u4eac\u9f99\u6c5f\u5e97)", "order_time": ["2019-01-04 23:16:12"], "total_order": 1, "hotel_value": ["4.9"], "hotel_price": ["367"]}, "1379388": {"hotel_name": "\u5357\u4eac\u7ea2\u6811\u6797\u5bbe\u9986", "order_time": ["2019-01-04 23:16:13"], "total_order": 1, "hotel_value": ["3.3"], "hotel_price": ["108"]}, "1847763": {"hotel_name": "\u5357\u4eac\u6893\u6850\u82d1\u5bbe\u9986", "order_time": ["2019-01-04 23:16:14"], "total_order": 1, "hotel_value": ["4.0"], "hotel_price": ["170"]}, "4728625": {"hotel_name": "\u5357\u4eac\u4e50\u9ad8\u5546\u52a1\u5bbe\u9986", "order_time": ["2019-01-04 23:16:14"], "total_order": 1, "hotel_value": ["4.1"], "hotel_price": ["110"]}, "1617244": {"hotel_name": "\u901f8\u9152\u5e97(\u5357\u4eac\u73e0\u6c5f\u8def1912\u5e97)(\u539f\u7cd6\u679c\u65f6\u5149\u5feb\u6377\u9152\u5e97)", "order_time": ["2019-01-04 23:16:14"], "total_order": 1, "hotel_value": ["3.8"], "hotel_price": ["165"]}, "1035894": {"hotel_name": "\u5357\u4eac\u604b\u604b\u5bb6\u5bbe\u9986", "order_time": ["2019-01-04 23:16:14"], "total_order": 1, "hotel_value": ["3.4"], "hotel_price": ["106"]}, "5472659": {"hotel_name": "\u6c49\u5ead\u9152\u5e97(\u5357\u4eac\u4e1c\u5c71\u6c7d\u8f66\u5ba2\u8fd0\u603b\u7ad9\u5e97)", "order_time": ["2019-01-04 23:16:14"], "total_order": 1, "hotel_value": ["4.5"], "hotel_price": ["157"]}, "24769086": {"hotel_name": "\u5357\u4eac\u6c64\u5c71\u7af9\u9690\u6e29\u6cc9\u6c11\u5bbf", "order_time": ["2019-01-04 23:18:12"], "total_order": 1, "hotel_value": ["4.9"], "hotel_price": ["1094"]}, "1938423": {"hotel_name": "\u9526\u6c5f\u4e4b\u661f(\u5357\u4eac\u4e2d\u5c71\u5317\u8def\u8679\u6865\u4e2d\u5fc3\u5e97)", "order_time": ["2019-01-04 23:18:13"], "total_order": 1, "hotel_value": ["4.7"], "hotel_price": ["241"]}, "2023334": {"hotel_name": "\u5357\u4eac\u7d2b\u4e1c\u9152\u5e97(\u7d2b\u4e1c\u751f\u6001\u4f1a\u8bae\u4e2d\u5fc3)", "order_time": ["2019-01-04 23:18:13"], "total_order": 1, "hotel_value": ["4.7"], "hotel_price": ["298"]}, "3154175": {"hotel_name": "\u5357\u4eac\u91d1\u9675\u884c\u5bab\u7f51\u7ea2\u9152\u5e97", "order_time": ["2019-01-04 23:18:13"], "total_order": 1, "hotel_value": ["4.8"], "hotel_price": ["198"]}, "425945": {"hotel_name": "\u6c5f\u82cf\u51e4\u51f0\u53f0\u996d\u5e97", "order_time": ["2019-01-04 23:18:13"], "total_order": 1, "hotel_value": ["4.8"], "hotel_price": ["248"]}, "5451854": {"hotel_name": "\u5357\u4eac\u91d1\u9e70\u56fd\u9645\u9152\u5e97", "order_time": ["2019-01-04 23:18:13"], "total_order": 1, "hotel_value": ["4.9"], "hotel_price": ["798"]}, "1085668": {"hotel_name": "\u5e03\u4e01\u9152\u5e97(\u5357\u4eac\u5927\u6865\u5357\u8def\u5bb6\u4e50\u798f\u5e97)", "order_time": ["2019-01-04 23:18:13"], "total_order": 1, "hotel_value": ["3.9"], "hotel_price": ["108"]}, "6186972": {"hotel_name": "\u5357\u4eac\u7d2b\u85e4\u82b1\u56ed\u9152\u5e97(\u80dc\u592a\u8def\u5e97)", "order_time": ["2019-01-04 23:18:14"], "total_order": 1, "hotel_value": ["4.0"], "hotel_price": ["103"]}, "1773781": {"hotel_name": "\u6c49\u5ead\u9152\u5e97(\u5357\u4eac\u677f\u6865\u6885\u5c71\u5e97)", "order_time": ["2019-01-04 23:18:15"], "total_order": 1, "hotel_value": ["3.5"], "hotel_price": ["162"]}, "2624089": {"hotel_name": "\u5357\u4eac\u603b\u7edf\u5e9c\u4e9a\u6735\u9152\u5e97", "order_time": ["2019-01-04 23:20:11"], "total_order": 1, "hotel_value": ["4.7"], "hotel_price": ["380"]}, "6410668": {"hotel_name": "\u5357\u4eac\u4e4c\u8863\u5df7\u5ba2\u6808\u592b\u5b50\u5e99\u5e97", "order_time": ["2019-01-04 23:20:11"], "total_order": 1, "hotel_value": ["4.4"], "hotel_price": ["64"]}, "25215956": {"hotel_name": "\u5357\u4eac\u76db\u68e0\u4f18\u4f9d\u60a6\u9152\u5e97", "order_time": ["2019-01-04 23:20:12"], "total_order": 1, "hotel_value": ["4.8"], "hotel_price": ["245"]}, "1451810": {"hotel_name": "\u5982\u5bb6\u5feb\u6377\u9152\u5e97(\u5357\u4eac\u4e2d\u5c71\u4e1c\u8def\u89e3\u653e\u8def\u5e97)", "order_time": ["2019-01-04 23:20:12"], "total_order": 1, "hotel_value": ["4.4"], "hotel_price": ["140"]}, "859308": {"hotel_name": "\u5982\u5bb6\u5feb\u6377\u9152\u5e97(\u5357\u4eac\u65b0\u8857\u53e3\u5f20\u5e9c\u56ed\u5730\u94c1\u7ad9\u5e97)", "order_time": ["2019-01-04 23:20:12"], "total_order": 1, "hotel_value": ["4.6"], "hotel_price": ["176"]}, "1410411": {"hotel_name": "\u4e1c\u822a\u534e\u7f8e\u8fbe\u9152\u5e97(\u5357\u4eac\u673a\u573a\u5e97)", "order_time": ["2019-01-04 23:20:12"], "total_order": 1, "hotel_value": ["4.7"], "hotel_price": ["493"]}, "1936362": {"hotel_name": "\u5357\u4eac\u5723\u548c\u5e9c\u90b8\u8c6a\u534e\u7cbe\u9009\u9152\u5e97", "order_time": ["2019-01-04 23:20:12"], "total_order": 1, "hotel_value": ["4.7"], "hotel_price": ["1059"]}, "1677405": {"hotel_name": "\u6c49\u5ead\u4f18\u4f73\u9152\u5e97(\u5357\u4eac\u4ed9\u9e64\u95e8\u5e97)", "order_time": ["2019-01-04 23:20:12"], "total_order": 1, "hotel_value": ["4.6"], "hotel_price": ["274"]}, "1463015": {"hotel_name": "\u80af\u5b9a\u5bbe\u9986\u8fde\u9501(\u5357\u4eac\u9f99\u6c5f\u4e8c\u5e97)", "order_time": ["2019-01-04 23:20:12"], "total_order": 1, "hotel_value": ["4.1"], "hotel_price": ["134"]}, "4009967": {"hotel_name": "\u5357\u4eac\u8fdc\u4e1c\u5047\u65e5\u9152\u5e97", "order_time": ["2019-01-04 23:20:12"], "total_order": 1, "hotel_value": ["4.0"], "hotel_price": ["183"]}, "21697383": {"hotel_name": "\u5357\u4eac\u7c73\u6fb3\u65af\u5546\u52a1\u5bbe\u9986", "order_time": ["2019-01-04 23:20:12"], "total_order": 1, "hotel_value": ["4.4"], "hotel_price": ["133"]}, "14088129": {"hotel_name": "\u7d22\u6cca\u9601\u9152\u5e97(\u5357\u4eac\u9ad8\u94c1\u5357\u7ad9\u5e97)", "order_time": ["2019-01-04 23:20:12"], "total_order": 1, "hotel_value": ["4.8"], "hotel_price": ["215"]}, "5158996": {"hotel_name": "\u5982\u5bb6\u7cbe\u9009\u9152\u5e97(\u5357\u4eac\u5b9a\u6dee\u95e8\u9f99\u6c5f\u5730\u94c1\u7ad9\u5e97)(\u539f\u9f99\u6c5f\u5b9a\u6dee\u95e8\u5927\u8857\u5e97)", "order_time": ["2019-01-04 23:20:12"], "total_order": 1, "hotel_value": ["4.8"], "hotel_price": ["254"]}, "474287": {"hotel_name": "\u5357\u4eac\u6625\u5e38\u5728\u5047\u65e5\u9152\u5e97", "order_time": ["2019-01-04 23:20:13"], "total_order": 1, "hotel_value": ["3.7"], "hotel_price": ["112"]}, "1531524": {"hotel_name": "\u5357\u4eac\u6768\u6d0b\u5bbe\u9986", "order_time": ["2019-01-04 23:20:13"], "total_order": 1, "hotel_value": ["3.4"], "hotel_price": ["151"]}, "27852068": {"hotel_name": "\u5357\u4eac\u9f99\u95e8\u9a7f\u6808\u5bbe\u9986", "order_time": ["2019-01-04 23:20:13"], "total_order": 1, "hotel_value": ["4.8"], "hotel_price": ["158"]}, "8682682": {"hotel_name": "\u5357\u4eac\u83b1\u8499\u7cbe\u54c1\u9752\u5e74\u516c\u5bd3", "order_time": ["2019-01-04 23:20:14"], "total_order": 1, "hotel_value": ["4.5"], "hotel_price": ["70"]}, "1339902": {"hotel_name": "\u5982\u5bb6\u5feb\u6377\u9152\u5e97(\u5357\u4eac\u76d0\u4ed3\u6865\u5e7f\u573a\u53cc\u95e8\u697c\u864e\u8e1e\u5317\u8def\u5e97)", "order_time": ["2019-01-04 23:20:14"], "total_order": 1, "hotel_value": ["4.6"], "hotel_price": ["154"]}, "27041936": {"hotel_name": "\u5357\u4eac\u70df\u6ce2\u9686\u534e\u516c\u5bd3", "order_time": ["2019-01-04 23:20:14"], "total_order": 1, "hotel_value": [0], "hotel_price": ["257"]}, "1803814": {"hotel_name": "\u5357\u4eac\u6d69\u6d69\u5bbe\u9986", "order_time": ["2019-01-04 23:20:14"], "total_order": 1, "hotel_value": ["3.5"], "hotel_price": ["131"]}, "6072698": {"hotel_name": "\u5357\u4eac\u7231\u4e01\u5821\u996d\u5e97", "order_time": ["2019-01-04 23:22:14"], "total_order": 1, "hotel_value": ["4.7"], "hotel_price": ["378"]}, "1837037": {"hotel_name": "\u94f6\u674f\u82b1\u56ed\u9152\u5e97(\u5357\u4eac\u5357\u7ad9\u6c5f\u5b81\u4e07\u8fbe\u5e97)", "order_time": ["2019-01-04 23:26:13", "2019-01-04 23:22:14"], "total_order": 2, "hotel_value": ["4.6", "4.6"], "hotel_price": ["134", "134"]}, "2596930": {"hotel_name": "\u6c5f\u5357\u884c\u7cbe\u54c1\u9152\u5e97(\u5357\u4eac\u4e5d\u534e\u5c71\u5730\u94c1\u7ad9\u5e97)", "order_time": ["2019-01-04 23:26:13", "2019-01-04 23:22:15"], "total_order": 2, "hotel_value": ["4.6", "4.6"], "hotel_price": ["208", "208"]}, "23917986": {"hotel_name": "\u5357\u4eacMY HOTEL", "order_time": ["2019-01-04 23:22:15"], "total_order": 1, "hotel_value": ["4.6"], "hotel_price": ["308"]}, "1614674": {"hotel_name": "\u5357\u4eac\u5bcc\u5efa\u57ce\u5e02\u9152\u5e97", "order_time": ["2019-01-04 23:22:15"], "total_order": 1, "hotel_value": ["4.6"], "hotel_price": ["361"]}, "11443801": {"hotel_name": "\u5b9c\u5fc5\u601d\u5c1a\u54c1\u9152\u5e97(\u5357\u4eac\u9e92\u9e9f\u95e8\u5e97)", "order_time": ["2019-01-04 23:22:15"], "total_order": 1, "hotel_value": ["4.7"], "hotel_price": ["355"]}, "21927397": {"hotel_name": "\u5357\u4eac\u6c27\u6c14\u7cbe\u9009\u9152\u5e97", "order_time": ["2019-01-04 23:22:15"], "total_order": 1, "hotel_value": ["4.8"], "hotel_price": ["286"]}, "22825276": {"hotel_name": "\u5357\u4eac\u8bc1\u5927\u5168\u60a6\u516c\u5bd3", "order_time": ["2019-01-04 23:22:15"], "total_order": 1, "hotel_value": ["4.7"], "hotel_price": ["244"]}, "1462801": {"hotel_name": "\u80af\u5b9a\u5bbe\u9986\u8fde\u9501(\u5357\u4eac\u65b0\u8857\u53e3\u4e8c\u5e97)", "order_time": ["2019-01-04 23:24:17", "2019-01-04 23:22:16"], "total_order": 2, "hotel_value": ["4.3", "4.3"], "hotel_price": ["149", "149"]}, "969238": {"hotel_name": "\u6c49\u5ead\u9152\u5e97(\u5357\u4eac\u4e2d\u592e\u95e8\u5e97)", "order_time": ["2019-01-04 23:22:16"], "total_order": 1, "hotel_value": ["4.6"], "hotel_price": ["172"]}, "3638086": {"hotel_name": "\u6ea7\u6c34\u9633\u5149\u5047\u65e5\u9152\u5e97(\u5357\u4eac\u4ea4\u901a\u8def\u5e97)", "order_time": ["2019-01-04 23:22:16"], "total_order": 1, "hotel_value": ["4.3"], "hotel_price": ["170"]}, "5155114": {"hotel_name": "\u5357\u4eac\u96e8\u6da6\u4e2d\u592e\u516c\u9986\u670d\u52a1\u516c\u5bd3", "order_time": ["2019-01-04 23:22:17"], "total_order": 1, "hotel_value": ["4.6"], "hotel_price": ["261"]}, "811660": {"hotel_name": "\u6e05\u6c90\u8fde\u9501\u9152\u5e97(\u5357\u4eac\u5927\u6865\u5357\u8def\u5bb6\u4e50\u798f\u5e97)", "order_time": ["2019-01-04 23:22:17"], "total_order": 1, "hotel_value": ["4.3"], "hotel_price": ["154"]}, "28094974": {"hotel_name": "\u5982\u5bb6\u5546\u65c5\u9152\u5e97(\u5357\u4eac\u706b\u8f66\u7ad9\u5317\u5e7f\u573a\u7384\u6b66\u6e56\u5e97)", "order_time": ["2019-01-04 23:24:17"], "total_order": 1, "hotel_value": ["4.2"], "hotel_price": ["259"]}, "445970": {"hotel_name": "\u5357\u4eac\u6676\u4e3d\u9152\u5e97", "order_time": ["2019-01-04 23:24:18"], "total_order": 1, "hotel_value": ["4.7"], "hotel_price": ["571"]}, "5548785": {"hotel_name": "\u5357\u4eac\u503e\u57ce\u4e4b\u604b\u4e3b\u9898\u9152\u5e97", "order_time": ["2019-01-04 23:24:18"], "total_order": 1, "hotel_value": ["4.3"], "hotel_price": ["224"]}, "2299284": {"hotel_name": "\u7f8e\u9a7f\u8fde\u9501\u9152\u5e97(\u5357\u4eac\u4e0a\u6d77\u8def\u5730\u94c1\u7ad9\u5e97)", "order_time": ["2019-01-04 23:24:18"], "total_order": 1, "hotel_value": ["3.1"], "hotel_price": ["161"]}, "1432042": {"hotel_name": "\u5357\u4eac\u6587\u6c47\u5bbe\u9986", "order_time": ["2019-01-04 23:24:20"], "total_order": 1, "hotel_value": ["4.5"], "hotel_price": ["78"]}, "6855049": {"hotel_name": "\u53e4\u5357\u90fd\u9038\u5c45\u9152\u5e97(\u5357\u4eac\u65b0\u8857\u53e3\u5927\u884c\u5bab\u5730\u94c1\u7ad9\u5e97)", "order_time": ["2019-01-04 23:26:13"], "total_order": 1, "hotel_value": ["4.8"], "hotel_price": ["359"]}, "21826827": {"hotel_name": "\u5b9c\u5fc5\u601d\u5c1a\u54c1\u9152\u5e97(\u5357\u4eac\u5357\u7ad9\u5317\u5e7f\u573a\u5e97)", "order_time": ["2019-01-04 23:26:13"], "total_order": 1, "hotel_value": ["4.6"], "hotel_price": ["306"]}, "482893": {"hotel_name": "\u5c71\u6c34\u65f6\u5c1a\u9152\u5e97(\u5357\u4eac\u5357\u7ad9\u5e97)", "order_time": ["2019-01-04 23:26:13"], "total_order": 1, "hotel_value": ["4.5"], "hotel_price": ["247"]}, "5716734": {"hotel_name": "\u5357\u4eac\u7984\u53e3\u673a\u573a\u4e9a\u6735\u9152\u5e97", "order_time": ["2019-01-04 23:26:13"], "total_order": 1, "hotel_value": ["4.8"], "hotel_price": ["422"]}, "2305847": {"hotel_name": "7\u5929\u8fde\u9501\u9152\u5e97(\u5357\u4eac\u4e0a\u6d77\u8def\u5730\u94c1\u7ad9\u5e97)", "order_time": ["2019-01-04 23:26:13"], "total_order": 1, "hotel_value": ["4.2"], "hotel_price": ["151"]}, "25664295": {"hotel_name": "\u5357\u4eac\u5510\u6676\u9152\u5e97", "order_time": ["2019-01-04 23:26:13"], "total_order": 1, "hotel_value": ["4.8"], "hotel_price": ["180"]}, "437042": {"hotel_name": "\u5357\u4eac\u6c64\u5c71\u9890\u5c1a\u6e29\u6cc9\u5ea6\u5047\u6751", "order_time": ["2019-01-04 23:26:13"], "total_order": 1, "hotel_value": ["4.5"], "hotel_price": ["788"]}, "1960551": {"hotel_name": "\u5357\u4eac\u7984\u53e3\u673a\u573a\u94c2\u5c14\u66fc\u5927\u9152\u5e97", "order_time": ["2019-01-04 23:26:13"], "total_order": 1, "hotel_value": ["4.7"], "hotel_price": ["659"]}, "472733": {"hotel_name": "\u6c5f\u82cf\u8fb0\u8302\u65b0\u4e16\u7eaa\u5927\u9152\u5e97", "order_time": ["2019-01-04 23:26:13"], "total_order": 1, "hotel_value": ["4.8"], "hotel_price": ["358"]}, "1448359": {"hotel_name": "\u5982\u5bb6\u5546\u65c5\u9152\u5e97(\u5357\u4eac\u65b0\u8857\u53e3\u5730\u94c1\u7ad9\u5e97)", "order_time": ["2019-01-04 23:26:13"], "total_order": 1, "hotel_value": ["4.8"], "hotel_price": ["327"]}, "19921125": {"hotel_name": "\u5357\u4eac\u805a\u4e4b\u7f18\u9152\u5e97(\u539f\u69b4\u83b2\u5c0f\u661f\u9152\u5e97)", "order_time": ["2019-01-04 23:32:13", "2019-01-04 23:26:13"], "total_order": 2, "hotel_value": ["4.3", "4.3"], "hotel_price": ["169", "169"]}, "1085670": {"hotel_name": "\u5e03\u4e01\u9152\u5e97(\u5357\u4eac\u864e\u8e1e\u5317\u8def\u827a\u672f\u5b66\u9662\u5e97)", "order_time": ["2019-01-04 23:26:14"], "total_order": 1, "hotel_value": ["3.9"], "hotel_price": ["203"]}, "1500275": {"hotel_name": "\u5357\u4eac\u9526\u9e4f\u5bbe\u9986(\u539f\u7696\u9f99\u5bbe\u9986\u592b\u5b50\u5e99\u5e97)", "order_time": ["2019-01-04 23:32:13", "2019-01-04 23:26:14"], "total_order": 2, "hotel_value": ["4.6", "4.6"], "hotel_price": ["116", "116"]}, "5667362": {"hotel_name": "\u5357\u4eac\u7a7a\u90fd\u9152\u5e97", "order_time": ["2019-01-04 23:26:14"], "total_order": 1, "hotel_value": ["4.4"], "hotel_price": ["288"]}, "8901014": {"hotel_name": "\u5982\u5bb6\u5feb\u6377\u9152\u5e97(\u5357\u4eac\u4e94\u5858\u5e7f\u573a\u5730\u94c1\u7ad9\u5e97)", "order_time": ["2019-01-04 23:26:14"], "total_order": 1, "hotel_value": ["4.6"], "hotel_price": ["254"]}, "8412404": {"hotel_name": "\u5357\u4eac\u749f\u5c1a\u7cbe\u54c1\u9152\u5e97\u516c\u5bd3", "order_time": ["2019-01-04 23:32:12", "2019-01-04 23:26:14"], "total_order": 2, "hotel_value": ["4.6", "4.6"], "hotel_price": ["183", "183"]}, "5316001": {"hotel_name": "\u5357\u4eac\u4e50\u5bb6\u5bbe\u9986", "order_time": ["2019-01-04 23:26:15"], "total_order": 1, "hotel_value": ["4.4"], "hotel_price": ["105"]}, "1057767": {"hotel_name": "\u5357\u4eac\u5bb6\u6770\u5bb6\u5bbe\u9986", "order_time": ["2019-01-04 23:26:15"], "total_order": 1, "hotel_value": ["3.9"], "hotel_price": ["128"]}, "798936": {"hotel_name": "\u5982\u5bb6\u9152\u5e97(\u5357\u4eac\u4e5d\u9f99\u6e56\u5730\u94c1\u7ad9\u53cc\u9f99\u5927\u9053\u5e97)", "order_time": ["2019-01-04 23:26:15"], "total_order": 1, "hotel_value": ["4.7"], "hotel_price": ["229"]}, "2372892": {"hotel_name": "\u5357\u4eac\u7384\u6b66\u5c0f\u6808\u9752\u5e74\u65c5\u820d", "order_time": ["2019-01-04 23:26:16"], "total_order": 1, "hotel_value": ["4.4"], "hotel_price": ["42"]}, "15827126": {"hotel_name": "\u5357\u4eac\u5c1a\u96c5\u9601\u9152\u5e97\u516c\u5bd3", "order_time": ["2019-01-04 23:26:17"], "total_order": 1, "hotel_value": ["4.2"], "hotel_price": ["258"]}, "8574617": {"hotel_name": "\u9752\u821e\u98de\u626c\u592a\u7a7a\u8231\u5ba2\u6808(\u5357\u4eac\u5357\u7ad9\u5e97)", "order_time": ["2019-01-04 23:26:17"], "total_order": 1, "hotel_value": ["4.7"], "hotel_price": ["74"]}, "1633141": {"hotel_name": "\u5357\u4eac\u4ec1\u6052\u8f89\u76db\u9601\u56fd\u9645\u516c\u5bd3", "order_time": ["2019-01-04 23:28:11"], "total_order": 1, "hotel_value": ["4.8"], "hotel_price": ["918"]}, "531790": {"hotel_name": "Zsmart\u667a\u5c1a\u9152\u5e97(\u5357\u4eac\u592b\u5b50\u5e99\u5e97)", "order_time": ["2019-01-04 23:28:11"], "total_order": 1, "hotel_value": ["4.6"], "hotel_price": ["229"]}, "17889795": {"hotel_name": "\u5168\u5b63\u9152\u5e97(\u5357\u4eac\u660e\u6545\u5bab\u5e97)", "order_time": ["2019-01-04 23:28:11"], "total_order": 1, "hotel_value": ["4.8"], "hotel_price": ["329"]}, "13741590": {"hotel_name": "\u5357\u4eac\u6cf0\u4fea\u7cbe\u54c1\u9152\u5e97", "order_time": ["2019-01-04 23:28:11"], "total_order": 1, "hotel_value": ["4.7"], "hotel_price": ["339"]}, "19110421": {"hotel_name": "\u5357\u4eac\u4e5f\u7136\u00b7\u9047\u89c1\u9152\u5e97", "order_time": ["2019-01-04 23:28:11"], "total_order": 1, "hotel_value": ["4.5"], "hotel_price": ["290"]}, "6797476": {"hotel_name": "\u5357\u4eac\u6c64\u5c71\u79c1\u4eba\u6e29\u6cc9\u81ea\u52a9\u5f0fLOFT\u9152\u5e97\u516c\u5bd3", "order_time": ["2019-01-04 23:28:11"], "total_order": 1, "hotel_value": ["4.4"], "hotel_price": ["593"]}, "1363338": {"hotel_name": "\u57ce\u5e02\u9a7f\u5bb6\u5bbe\u9986(\u5357\u4eac\u6c5f\u5b81\u4e07\u8fbe\u5e97)(\u539f\u957f\u76c8\u5bbe\u9986)", "order_time": ["2019-01-04 23:28:12"], "total_order": 1, "hotel_value": ["4.4"], "hotel_price": ["83"]}, "1458261": {"hotel_name": "\u5357\u4eac\u946b\u8d77\u70b9\u5feb\u6377\u65c5\u5e97", "order_time": ["2019-01-04 23:28:12"], "total_order": 1, "hotel_value": ["4.4"], "hotel_price": ["108"]}, "915029": {"hotel_name": "\u5357\u4eac\u91d1\u65e5\u7f18\u5bbe\u9986", "order_time": ["2019-01-04 23:28:13"], "total_order": 1, "hotel_value": ["3.1"], "hotel_price": ["105"]}, "1066879": {"hotel_name": "\u5357\u4eac\u957f\u8fd0\u5bbe\u9986", "order_time": ["2019-01-04 23:28:13"], "total_order": 1, "hotel_value": ["4.4"], "hotel_price": ["77"]}, "914024": {"hotel_name": "\u5357\u4eac\u9e4f\u60a6\u5bbe\u9986", "order_time": ["2019-01-04 23:28:16"], "total_order": 1, "hotel_value": [0], "hotel_price": ["80"]}, "17527314": {"hotel_name": "\u6e05\u6c90\u7cbe\u54c1\u9152\u5e97(\u5357\u4eac\u5357\u7ad9\u5317\u5e7f\u573a\u5e97)", "order_time": ["2019-01-04 23:30:12"], "total_order": 1, "hotel_value": ["4.6"], "hotel_price": ["208"]}, "1447045": {"hotel_name": "\u83ab\u6cf0168(\u5357\u4eac\u6c5f\u5b81\u5927\u5b66\u57ce\u9f99\u7720\u5927\u9053\u5730\u94c1\u7ad9\u5e97)", "order_time": ["2019-01-04 23:30:13"], "total_order": 1, "hotel_value": ["4.4"], "hotel_price": ["168"]}, "4056103": {"hotel_name": "\u4e07\u7231\u60c5\u4fa3\u4e3b\u9898\u9152\u5e97(\u5357\u4eac\u592b\u5b50\u5e99\u5e97)", "order_time": ["2019-01-04 23:30:13"], "total_order": 1, "hotel_value": ["4.6"], "hotel_price": ["219"]}, "1582554": {"hotel_name": "\u5357\u4eac\u53cb\u597d\u524d\u7a0b\u7cbe\u54c1\u9152\u5e97", "order_time": ["2019-01-04 23:30:13"], "total_order": 1, "hotel_value": ["4.2"], "hotel_price": ["290"]}, "2300356": {"hotel_name": "7\u5929\u8fde\u9501\u9152\u5e97(\u5357\u4eac1912\u9152\u5427\u533a\u6d6e\u6865\u5730\u94c1\u7ad9\u5e97)", "order_time": ["2019-01-04 23:30:13", "2019-01-04 23:42:12", "2019-01-04 23:38:14"], "total_order": 3, "hotel_value": ["4.2", "4.2", "4.2"], "hotel_price": ["128", "128", "128"]}, "3672293": {"hotel_name": "\u5357\u4eac\u56fd\u529b\u5546\u52a1\u5bbe\u9986(\u539f\u5e7f\u60a6\u5546\u52a1\u9152\u5e97)", "order_time": ["2019-01-04 23:32:12"], "total_order": 1, "hotel_value": ["4.3"], "hotel_price": ["108"]}, "794759": {"hotel_name": "\u5357\u4eac\u5929\u6e56\u5bbe\u9986", "order_time": ["2019-01-04 23:32:12"], "total_order": 1, "hotel_value": ["4.6"], "hotel_price": ["169"]}, "1372261": {"hotel_name": "ID99\u8fde\u9501\u9152\u5e97(\u5357\u4eac\u73e0\u6c5f\u8def\u5c0f\u8425\u7ad9\u5e97)", "order_time": ["2019-01-04 23:32:12"], "total_order": 1, "hotel_value": ["3.5"], "hotel_price": ["106"]}, "2642231": {"hotel_name": "\u6c49\u5ead\u9152\u5e97(\u5357\u4eac\u592a\u5e73\u5357\u8def\u5e97)", "order_time": ["2019-01-04 23:32:12"], "total_order": 1, "hotel_value": ["4.4"], "hotel_price": ["193"]}, "2358598": {"hotel_name": "\u767d\u7389\u5170\u9152\u5e97(\u5357\u4eac\u80dc\u592a\u897f\u8def\u5e97)", "order_time": ["2019-01-04 23:32:13"], "total_order": 1, "hotel_value": ["4.8"], "hotel_price": ["351"]}, "5781490": {"hotel_name": "\u6e2f\u9645\u5bbe\u9986(\u5357\u4eac\u5965\u4f53\u5e94\u5929\u5927\u8857\u5206\u5e97)", "order_time": ["2019-01-04 23:32:13"], "total_order": 1, "hotel_value": ["4.2"], "hotel_price": ["146"]}, "2941828": {"hotel_name": "\u94c2\u7eb3\u5c4b\u6e56\u666f\u516c\u5bd3(\u5357\u4eac\u7384\u6b66\u6e56\u5e97)", "order_time": ["2019-01-04 23:32:13"], "total_order": 1, "hotel_value": ["4.3"], "hotel_price": ["288"]}, "2303881": {"hotel_name": "7\u5929\u8fde\u9501\u9152\u5e97(\u5357\u4eac\u79d1\u6280\u804c\u4e1a\u5b66\u9662\u5927\u5382\u5730\u94c1\u7ad9\u5e97)", "order_time": ["2019-01-04 23:32:13"], "total_order": 1, "hotel_value": ["4.3"], "hotel_price": ["137"]}, "773154": {"hotel_name": "\u6c5f\u82cf\u51e4\u51f0\u4eac\u534e\u5927\u9152\u5e97", "order_time": ["2019-01-04 23:32:13"], "total_order": 1, "hotel_value": ["4.5"], "hotel_price": ["232"]}, "1433140": {"hotel_name": "\u5357\u4eac\u82f9\u679c\u9152\u5e97(\u539f\u9752\u82f9\u679c\u9152\u5e97)", "order_time": ["2019-01-04 23:32:13", "2019-01-04 23:48:12"], "total_order": 2, "hotel_value": ["3.8", "3.8"], "hotel_price": ["125", "125"]}, "4310743": {"hotel_name": "\u6e05\u6c90\u7cbe\u9009\u9152\u5e97(\u5357\u4eac\u5965\u4f53\u4f1a\u5c55\u4e2d\u5fc3\u5e97)", "order_time": ["2019-01-04 23:32:13"], "total_order": 1, "hotel_value": ["4.4"], "hotel_price": ["154"]}, "2301890": {"hotel_name": "7\u5929\u8fde\u9501\u9152\u5e97(\u5357\u4eac\u4e09\u724c\u697c\u8679\u6865\u4e2d\u5fc3\u5e97)", "order_time": ["2019-01-04 23:32:13"], "total_order": 1, "hotel_value": ["4.4"], "hotel_price": ["136"]}, "4727336": {"hotel_name": "\u5357\u4eac\u4e09\u676f\u8336\u9752\u5e74\u516c\u5bd3", "order_time": ["2019-01-04 23:32:13"], "total_order": 1, "hotel_value": ["4.8"], "hotel_price": ["62"]}, "811706": {"hotel_name": "\u6e05\u6c90\u8fde\u9501\u9152\u5e97(\u5357\u4eac\u706b\u8f66\u7ad9\u4e2d\u592e\u95e8\u5e97)", "order_time": ["2019-01-04 23:32:13"], "total_order": 1, "hotel_value": ["4.2"], "hotel_price": ["104"]}, "1944086": {"hotel_name": "\u683c\u6797\u8c6a\u6cf0(\u5357\u4eac\u94f6\u6865\u5e02\u573a\u5e97)", "order_time": ["2019-01-04 23:32:13"], "total_order": 1, "hotel_value": ["4.0"], "hotel_price": ["171"]}, "6111316": {"hotel_name": "\u66d9\u5149\u8587\u9152\u5e97(\u5357\u4eac\u592b\u5b50\u5e99\u5e97)", "order_time": ["2019-01-04 23:52:13", "2019-01-04 23:34:12"], "total_order": 2, "hotel_value": ["4.7", "4.7"], "hotel_price": ["362", "362"]}, "9730460": {"hotel_name": "\u9526\u6c5f\u4e4b\u661f\u98ce\u5c1a(\u5357\u4eac\u4e5d\u9f99\u6e56\u8bda\u4fe1\u5927\u9053\u5e97)", "order_time": ["2019-01-04 23:34:12"], "total_order": 1, "hotel_value": ["4.5"], "hotel_price": ["218"]}, "1873875": {"hotel_name": "\u90fd\u57ce\u9152\u5e97(\u5357\u4eac\u6c5f\u5b81\u767e\u5bb6\u6e561912\u8857\u533a\u91d1\u9e70\u5e97)", "order_time": ["2019-01-04 23:34:12"], "total_order": 1, "hotel_value": ["4.4"], "hotel_price": ["274"]}, "5375451": {"hotel_name": "\u5357\u4eac\u5468\u65e5\u5feb\u6377\u5bbe\u9986\u5e7f\u5dde\u8def\u5e97", "order_time": ["2019-01-04 23:34:14"], "total_order": 1, "hotel_value": ["2.8"], "hotel_price": ["125"]}, "20222505": {"hotel_name": "\u5357\u4eac\u6885\u5b50\u5bb6\u9152\u5e97", "order_time": ["2019-01-04 23:36:12"], "total_order": 1, "hotel_value": ["4.8"], "hotel_price": ["113"]}, "6645069": {"hotel_name": "\u6613\u4f70\u826f\u54c1\u9152\u5e97(\u5357\u4eac\u5357\u7ad9\u5317\u5e7f\u573a\u5e97)", "order_time": ["2019-01-04 23:36:12"], "total_order": 1, "hotel_value": ["4.2"], "hotel_price": ["124"]}, "450297": {"hotel_name": "\u5357\u4eac\u7231\u4e4b\u7ffc\u4e3b\u9898\u9152\u5e97", "order_time": ["2019-01-04 23:36:13"], "total_order": 1, "hotel_value": ["4.0"], "hotel_price": ["93"]}, "444648": {"hotel_name": "\u5357\u4eac\u5929\u4e30\u5927\u9152\u5e97", "order_time": ["2019-01-04 23:36:13"], "total_order": 1, "hotel_value": ["4.6"], "hotel_price": ["285"]}, "854476": {"hotel_name": "\u5357\u4eac\u534e\u4e1c\u996d\u5e97", "order_time": ["2019-01-04 23:36:13", "2019-01-04 23:40:12"], "total_order": 2, "hotel_value": ["4.6", "4.6"], "hotel_price": ["352", "353"]}, "434407": {"hotel_name": "\u5357\u4eac\u91d1\u9675\u6c5f\u6ee8\u9152\u5e97", "order_time": ["2019-01-04 23:36:13"], "total_order": 1, "hotel_value": ["4.7"], "hotel_price": ["597"]}, "3669632": {"hotel_name": "\u96e8\u6da6\u4e2d\u592e\u516c\u9986\u884c\u653f\u9152\u5e97\u516c\u5bd3(\u5357\u4eac\u5965\u4f53\u4e2d\u5fc3\u5e97)", "order_time": ["2019-01-04 23:36:14"], "total_order": 1, "hotel_value": ["4.4"], "hotel_price": ["244"]}, "1415838": {"hotel_name": "\u901f8\u9152\u5e97(\u5357\u4eac\u706b\u8f66\u5357\u7ad9\u5e97)", "order_time": ["2019-01-04 23:36:14"], "total_order": 1, "hotel_value": ["4.2"], "hotel_price": ["155"]}, "10475121": {"hotel_name": "\u5357\u4eac\u90fd\u5e02\u9a7f\u5bb6\u9752\u5e74\u516c\u5bd3(\u539f\u661f\u9645\u592a\u7a7a\u8231\u516c\u5bd3)", "order_time": ["2019-01-04 23:36:16"], "total_order": 1, "hotel_value": ["4.8"], "hotel_price": ["54"]}, "1457082": {"hotel_name": "\u5982\u5bb6\u7cbe\u9009\u9152\u5e97(\u5357\u4eac\u65b0\u8857\u53e3\u5fb7\u57fa\u5e7f\u573a\u5e97)(\u539f\u7ba1\u5bb6\u6865\u5e97)", "order_time": ["2019-01-04 23:38:14"], "total_order": 1, "hotel_value": ["4.6"], "hotel_price": ["301"]}, "15899490": {"hotel_name": "\u5168\u5b63\u9152\u5e97(\u5357\u4eac\u603b\u7edf\u5e9c\u5e97)", "order_time": ["2019-01-04 23:38:14"], "total_order": 1, "hotel_value": ["4.7"], "hotel_price": ["352"]}, "15094649": {"hotel_name": "\u5357\u4eac\u6db5\u78a7\u697c\u9152\u5e97", "order_time": ["2019-01-04 23:38:14"], "total_order": 1, "hotel_value": ["4.5"], "hotel_price": ["1980"]}, "914004": {"hotel_name": "\u6c49\u5ead\u9152\u5e97(\u5357\u4eac\u4ed9\u6797\u5927\u5b66\u57ce\u5e97)", "order_time": ["2019-01-04 23:38:15"], "total_order": 1, "hotel_value": ["4.4"], "hotel_price": ["284"]}, "2883253": {"hotel_name": "\u5357\u4eac\u6587\u6b66\u516c\u5bd3", "order_time": ["2019-01-04 23:38:16"], "total_order": 1, "hotel_value": ["3.1"], "hotel_price": ["99"]}, "5016538": {"hotel_name": "\u5c0f\u65f6\u5149\u5bbe\u9986(\u5357\u4eac\u7984\u53e3\u673a\u573a\u5e97)", "order_time": ["2019-01-04 23:38:16"], "total_order": 1, "hotel_value": ["4.9"], "hotel_price": ["134"]}, "5611564": {"hotel_name": "Q\u52a0\u00b7\u5357\u4eac\u71d5\u96c0\u6e56\u82b1\u56ed\u9152\u5e97", "order_time": ["2019-01-04 23:38:16", "2019-01-04 23:42:12"], "total_order": 2, "hotel_value": ["4.6", "4.6"], "hotel_price": ["207", "207"]}, "6785256": {"hotel_name": "\u5357\u4eac\u5de5\u4e1a\u5927\u5b66\u79d1\u82d1\u5bbe\u9986", "order_time": ["2019-01-04 23:40:11"], "total_order": 1, "hotel_value": ["4.6"], "hotel_price": ["247"]}, "6521803": {"hotel_name": "\u6c49\u5ead\u9152\u5e97(\u5357\u4eac\u677f\u6865\u632f\u5174\u8def\u5e97)", "order_time": ["2019-01-04 23:40:12"], "total_order": 1, "hotel_value": ["4.4"], "hotel_price": ["189"]}, "1854903": {"hotel_name": "\u5357\u4eac\u534e\u5b89\u5bbe\u9986", "order_time": ["2019-01-04 23:40:13"], "total_order": 1, "hotel_value": ["4.2"], "hotel_price": ["111"]}, "5764810": {"hotel_name": "\u5357\u4eac\u57ce\u5e02\u8682\u8681\u5ba2\u6808\u4e94\u5858\u5e7f\u573a\u5730\u94c1\u7ad9\u5e97", "order_time": ["2019-01-04 23:40:13"], "total_order": 1, "hotel_value": ["3.3"], "hotel_price": ["152"]}, "7421816": {"hotel_name": "\u5357\u4eac\u690d\u7269\u604b\u4ebaLOFT\u4e3b\u9898\u9752\u65c5\u65b0\u8857\u53e3\u957f\u6c5f\u8def\u5e97", "order_time": ["2019-01-04 23:40:13"], "total_order": 1, "hotel_value": ["4.2"], "hotel_price": ["48"]}, "12650518": {"hotel_name": "\u5357\u4eac\u6545\u91cc\u6c11\u5bbf", "order_time": ["2019-01-04 23:40:13"], "total_order": 1, "hotel_value": [0], "hotel_price": ["116"]}, "1641817": {"hotel_name": "\u5c1a\u5ba2\u4f18\u5feb\u6377\u9152\u5e97(\u5357\u4eac\u6c5f\u5b81\u4e07\u8fbe\u65b0\u4ead\u897f\u8def\u5e97)", "order_time": ["2019-01-04 23:40:13"], "total_order": 1, "hotel_value": ["3.6"], "hotel_price": ["153"]}, "1776620": {"hotel_name": "\u5e03\u4e01\u9152\u5e97(\u5357\u4eac\u6cb3\u5b9a\u6865\u5730\u94c1\u7ad9\u5e97 )(\u539f\u5723\u8fbe\u5bbe\u9986)", "order_time": ["2019-01-04 23:40:13"], "total_order": 1, "hotel_value": ["4.1"], "hotel_price": ["152"]}, "1942116": {"hotel_name": "\u5357\u4eac\u53cb\u60c5\u5bbe\u9986", "order_time": ["2019-01-04 23:40:13"], "total_order": 1, "hotel_value": ["4.4"], "hotel_price": ["77"]}, "5493181": {"hotel_name": "\u5357\u4eac\u4e0d\u51e1\u5bbe\u9986", "order_time": ["2019-01-04 23:40:13"], "total_order": 1, "hotel_value": ["4.7"], "hotel_price": ["126"]}, "8412411": {"hotel_name": "\u5357\u4eac\u5b8c\u7f8e\u4e3b\u9898\u5bbe\u9986", "order_time": ["2019-01-04 23:40:13"], "total_order": 1, "hotel_value": ["4.6"], "hotel_price": ["93"]}, "6360261": {"hotel_name": "\u5357\u4eac\u6708\u5149\u4e4b\u57ce\u56fd\u9645\u9752\u5e74\u65c5\u820d", "order_time": ["2019-01-04 23:40:13"], "total_order": 1, "hotel_value": ["4.6"], "hotel_price": ["51"]}, "1959640": {"hotel_name": "\u4f18\u5bb6\u9152\u5e97\u516c\u5bd3(\u5357\u4eac\u6c5f\u5b81\u4e07\u8fbe\u5e97)", "order_time": ["2019-01-04 23:40:13"], "total_order": 1, "hotel_value": ["4.3"], "hotel_price": ["198"]}, "1020657": {"hotel_name": "\u5357\u4eac\u9f99\u674f\u5546\u52a1\u5bbe\u9986(\u539f\u542f\u8f89\u5546\u52a1\u5bbe\u9986)", "order_time": ["2019-01-04 23:40:13"], "total_order": 1, "hotel_value": ["4.3"], "hotel_price": ["121"]}, "1458107": {"hotel_name": "\u6cca\u5ba2\u5bd3\u9152\u5e97\u516c\u5bd3(\u5357\u4eac\u89c2\u57ce\u56fd\u9645\u5e97)(\u539f\u4e2d\u623f\u9152\u5e97\u516c\u5bd3\u89c2\u57ce\u56fd\u9645\u5e97)", "order_time": ["2019-01-04 23:40:13"], "total_order": 1, "hotel_value": ["4.7"], "hotel_price": ["238"]}, "18550996": {"hotel_name": "\u5357\u4eac\u5367\u9f99\u6e56\u6e29\u5fb7\u59c6\u81f3\u5c0a\u8c6a\u5ef7\u5ea6\u5047\u9152\u5e97", "order_time": ["2019-01-04 23:40:13"], "total_order": 1, "hotel_value": ["4.6"], "hotel_price": ["1162"]}, "11480001": {"hotel_name": "\u5357\u4eac\u4e2d\u6d77\u51e4\u51f0\u7199\u5cb8\u516c\u5bd3\u5f0f\u9152\u5e97", "order_time": ["2019-01-04 23:40:14"], "total_order": 1, "hotel_value": ["4.7"], "hotel_price": ["346"]}, "2147831": {"hotel_name": "\u5357\u4eac\u60a6\u5b81\u5bbe\u9986", "order_time": ["2019-01-04 23:40:14"], "total_order": 1, "hotel_value": ["3.7"], "hotel_price": ["204"]}, "910072": {"hotel_name": "\u5357\u4eac26\u2103\u4e3b\u9898\u5bbe\u9986", "order_time": ["2019-01-04 23:40:14"], "total_order": 1, "hotel_value": ["4.4"], "hotel_price": ["113"]}, "1484819": {"hotel_name": "\u5357\u4eac\u67e0\u6aac\u57ce\u5821\u9752\u5e74\u65c5\u820d", "order_time": ["2019-01-04 23:40:14"], "total_order": 1, "hotel_value": ["4.8"], "hotel_price": ["46"]}, "7015508": {"hotel_name": "\u5357\u4eac\u66fc\u60a6\u9152\u5e97\u516c\u5bd3(\u539f\u7f57\u66fc\u8482\u514b\u9152\u5e97\u516c\u5bd3)", "order_time": ["2019-01-04 23:40:14"], "total_order": 1, "hotel_value": ["4.7"], "hotel_price": ["313"]}, "795269": {"hotel_name": "\u5357\u4eac\u671d\u653f\u5bbe\u9986", "order_time": ["2019-01-04 23:40:14"], "total_order": 1, "hotel_value": ["4.0"], "hotel_price": ["86"]}, "12110324": {"hotel_name": "\u5357\u4eac\u4e00\u95f2\u4e00\u5c45", "order_time": ["2019-01-04 23:40:14"], "total_order": 1, "hotel_value": ["4.7"], "hotel_price": ["114"]}, "5924978": {"hotel_name": "\u5357\u4eac\u60a0\u95f2\u5c45\u82b1\u56ed\u9152\u5e97", "order_time": ["2019-01-04 23:40:14"], "total_order": 1, "hotel_value": ["4.9"], "hotel_price": ["123"]}, "1467825": {"hotel_name": "\u83b1\u67e0\u9152\u5e97\u516c\u5bd3(\u5357\u4eac\u6cb3\u897f\u4e07\u8fbe\u5e97)", "order_time": ["2019-01-04 23:40:14"], "total_order": 1, "hotel_value": ["4.4"], "hotel_price": ["238"]}, "1315632": {"hotel_name": "\u5c1a\u5ba2\u4f18\u5feb\u6377\u9152\u5e97(\u5357\u4eac\u9ad8\u6df3\u5927\u5e02\u573a\u5e97)", "order_time": ["2019-01-04 23:40:14"], "total_order": 1, "hotel_value": ["4.3"], "hotel_price": ["107"]}, "6870680": {"hotel_name": "\u5357\u4eac\u8fce\u8d22\u65c5\u9986", "order_time": ["2019-01-04 23:40:15"], "total_order": 1, "hotel_value": [0], "hotel_price": ["65"]}, "6834292": {"hotel_name": "\u6625\u5e38\u5728\u5bbe\u9986(\u5357\u4eac\u65b0\u6c11\u8def\u5e97)(\u539f\u534e\u7389\u5bbe\u9986)", "order_time": ["2019-01-04 23:40:15"], "total_order": 1, "hotel_value": ["3.3"], "hotel_price": ["88"]}, "6829799": {"hotel_name": "\u5357\u4eac\u79c0\u950b\u5bbe\u9986", "order_time": ["2019-01-04 23:40:15"], "total_order": 1, "hotel_value": [0], "hotel_price": ["61"]}, "6829721": {"hotel_name": "\u5929\u4e4b\u84dd\u5bbe\u9986", "order_time": ["2019-01-04 23:40:15"], "total_order": 1, "hotel_value": ["3.3"], "hotel_price": ["98"]}, "6815699": {"hotel_name": "\u5357\u4eac\u8363\u6797\u65c5\u9986", "order_time": ["2019-01-04 23:40:15"], "total_order": 1, "hotel_value": [0], "hotel_price": ["60"]}, "1385533": {"hotel_name": "\u5357\u4eac\u4e09\u5411\u5bbe\u9986", "order_time": ["2019-01-04 23:40:15"], "total_order": 1, "hotel_value": ["4.2"], "hotel_price": ["153"]}, "1688221": {"hotel_name": "\u5357\u4eac\u9999\u683c\u4e91\u5929\u5bbe\u9986", "order_time": ["2019-01-04 23:42:12"], "total_order": 1, "hotel_value": ["4.3"], "hotel_price": ["121"]}, "1317702": {"hotel_name": "\u683c\u6797\u8c6a\u6cf0(\u5357\u4eac\u6c5f\u5b81\u533a\u653f\u5e9c\u5feb\u6377\u5e97)", "order_time": ["2019-01-04 23:42:12"], "total_order": 1, "hotel_value": ["3.9"], "hotel_price": ["153"]}, "5293609": {"hotel_name": "\u6c49\u5ead\u9152\u5e97(\u5357\u4eac\u65b0\u6e2f\u5f00\u53d1\u533a\u4e8c\u5e97)", "order_time": ["2019-01-04 23:42:12"], "total_order": 1, "hotel_value": ["4.4"], "hotel_price": ["172"]}, "1535635": {"hotel_name": "\u6c49\u5ead\u9152\u5e97(\u5357\u4eac\u5357\u7ad9\u660e\u53d1\u5e7f\u573a\u5730\u94c1\u7ad9\u5e97)", "order_time": ["2019-01-04 23:42:14"], "total_order": 1, "hotel_value": ["4.2"], "hotel_price": ["199"]}, "435796": {"hotel_name": "\u5357\u4eac\u56fd\u4fe1\u72b6\u5143\u697c\u5927\u9152\u5e97", "order_time": ["2019-01-04 23:44:13"], "total_order": 1, "hotel_value": ["4.8"], "hotel_price": ["628"]}, "1486897": {"hotel_name": "\u4e07\u5ea6\u8fde\u9501\u5bbe\u9986(\u5357\u4eac\u5929\u5143\u4e1c\u8def\u5e97)", "order_time": ["2019-01-04 23:44:14"], "total_order": 1, "hotel_value": ["3.4"], "hotel_price": ["123"]}, "22954002": {"hotel_name": "\u5c1a\u5ba2\u4f18\u54c1\u9152\u5e97(\u5357\u4eac\u592b\u5b50\u5e99\u5927\u5149\u8def\u5e97)", "order_time": ["2019-01-04 23:44:14"], "total_order": 1, "hotel_value": ["4.6"], "hotel_price": ["195"]}, "1198450": {"hotel_name": "\u5357\u4eac\u96c5\u5170\u9601\u5bbe\u9986", "order_time": ["2019-01-04 23:44:14"], "total_order": 1, "hotel_value": ["4.1"], "hotel_price": ["167"]}, "798926": {"hotel_name": "7\u5929\u8fde\u9501\u9152\u5e97(\u5357\u4eac\u6c5f\u6d66\u5ba2\u8fd0\u7ad9\u5e97)", "order_time": ["2019-01-04 23:44:14"], "total_order": 1, "hotel_value": ["4.2"], "hotel_price": ["161"]}, "18535191": {"hotel_name": "\u5357\u4eac\u84dd\u91d1\u516c\u5bd3", "order_time": ["2019-01-04 23:44:14"], "total_order": 1, "hotel_value": ["4.9"], "hotel_price": ["173"]}, "1426671": {"hotel_name": "\u6021\u83b1\u9152\u5e97(\u5357\u4eac\u592b\u5b50\u5e99\u4e2d\u5fc3\u7cbe\u54c1\u5e97)(\u539f\u5357\u4eac\u745e\u9633\u5927\u9152\u5e97)", "order_time": ["2019-01-04 23:44:14"], "total_order": 1, "hotel_value": ["4.5"], "hotel_price": ["172"]}, "8574644": {"hotel_name": "\u5357\u4eac\u70ed\u7a9d\u5927\u9152\u5e97", "order_time": ["2019-01-04 23:44:14"], "total_order": 1, "hotel_value": ["4.2"], "hotel_price": ["137"]}, "811700": {"hotel_name": "\u6e05\u6c90\u8fde\u9501\u9152\u5e97(\u5357\u4eac\u65b0\u8857\u53e3\u5927\u6d0b\u767e\u8d27\u4e30\u5bcc\u8def\u5e97)", "order_time": ["2019-01-04 23:44:14"], "total_order": 1, "hotel_value": ["4.1"], "hotel_price": ["154"]}, "1451802": {"hotel_name": "\u5982\u5bb6\u5feb\u6377\u9152\u5e97(\u5357\u4eac\u592b\u5b50\u5e99\u5730\u94c1\u7ad9\u592a\u5e73\u5357\u8def\u5e97)", "order_time": ["2019-01-04 23:44:14"], "total_order": 1, "hotel_value": ["4.2"], "hotel_price": ["166"]}, "28308401": {"hotel_name": "\u7ef4\u4e5f\u7eb3\u9152\u5e97(\u5357\u4eac\u5927\u5382\u6b65\u884c\u8857\u5e97)", "order_time": ["2019-01-04 23:44:15"], "total_order": 1, "hotel_value": [0], "hotel_price": ["214"]}, "1462824": {"hotel_name": "\u80af\u5b9a\u5bbe\u9986\u8fde\u9501(\u5357\u4eac\u8fc8\u768b\u6865\u5e97)", "order_time": ["2019-01-04 23:44:16"], "total_order": 1, "hotel_value": ["4.0"], "hotel_price": ["102"]}, "434907": {"hotel_name": "\u5357\u4eac\u66d9\u5149\u56fd\u9645\u5927\u9152\u5e97", "order_time": ["2019-01-04 23:44:18"], "total_order": 1, "hotel_value": ["4.7"], "hotel_price": ["432"]}, "11122849": {"hotel_name": "\u5e03\u4e01\u9152\u5e97(\u5357\u4eac\u5357\u7ad9\u5317\u5e7f\u573a\u7eff\u5730\u4e4b\u7a97\u5e97)", "order_time": ["2019-01-04 23:46:11"], "total_order": 1, "hotel_value": ["4.3"], "hotel_price": ["144"]}, "8574593": {"hotel_name": "\u5357\u4eac\u6d6a\u6f2b\u5c4b\u4e3b\u9898\u9152\u5e97", "order_time": ["2019-01-04 23:46:12"], "total_order": 1, "hotel_value": ["3.9"], "hotel_price": ["139"]}, "474180": {"hotel_name": "\u53e4\u5357\u90fd\u9038\u5c45\u9152\u5e97(\u5357\u4eac\u65b0\u57ce\u5e02\u5e7f\u573a\u9f99\u6c5f\u5730\u94c1\u7ad9\u5e97)", "order_time": ["2019-01-04 23:46:13"], "total_order": 1, "hotel_value": ["4.8"], "hotel_price": ["269"]}, "1535631": {"hotel_name": "\u6c49\u5ead\u9152\u5e97(\u5357\u4eac\u592b\u5b50\u5e99\u5e97)", "order_time": ["2019-01-04 23:46:13"], "total_order": 1, "hotel_value": ["4.4"], "hotel_price": ["275"]}, "22825205": {"hotel_name": "\u5357\u4eac\u7d2b\u7384\u9152\u5e97", "order_time": ["2019-01-04 23:48:11"], "total_order": 1, "hotel_value": ["4.9"], "hotel_price": ["382"]}, "4733079": {"hotel_name": "\u683c\u6797\u8c6a\u6cf0(\u5357\u4eac\u7384\u6b66\u6e56\u4e2d\u5c71\u9675\u666f\u533a\u5e97)(\u539f\u6797\u4e1a\u5927\u5b66\u56fd\u5c55\u4e2d\u5fc3\u5e97)", "order_time": ["2019-01-04 23:48:12"], "total_order": 1, "hotel_value": ["4.7"], "hotel_price": ["165"]}, "811704": {"hotel_name": "\u6e05\u6c90\u8fde\u9501\u9152\u5e97(\u5357\u4eac\u5c71\u897f\u8def\u4e2d\u5c71\u5317\u8def\u5e03\u6599\u57ce\u5e97)", "order_time": ["2019-01-04 23:48:12"], "total_order": 1, "hotel_value": ["4.2"], "hotel_price": ["164"]}, "1535643": {"hotel_name": "\u6c49\u5ead\u9152\u5e97(\u5357\u4eac\u65b0\u8857\u53e3\u738b\u5e9c\u5927\u8857\u5e97)", "order_time": ["2019-01-04 23:48:12"], "total_order": 1, "hotel_value": ["4.4"], "hotel_price": ["236"]}, "8034331": {"hotel_name": "\u5357\u4eac\u540e\u68e0\u7cbe\u9009\u5546\u52a1\u9152\u5e97", "order_time": ["2019-01-04 23:48:12"], "total_order": 1, "hotel_value": ["4.4"], "hotel_price": ["161"]}, "1854772": {"hotel_name": "\u69b4\u83b2\u7cd6\u679c\u9152\u5e97(\u5357\u4eac\u5927\u5382\u65b0\u534e\u8def\u5e97)", "order_time": ["2019-01-04 23:48:13"], "total_order": 1, "hotel_value": ["4.6"], "hotel_price": ["141"]}, "811669": {"hotel_name": "\u6e05\u6c90\u8fde\u9501\u9152\u5e97(\u5357\u4eac\u6cb3\u897f\u6c5f\u4e1c\u5317\u8def\u5e97)", "order_time": ["2019-01-04 23:48:13"], "total_order": 1, "hotel_value": ["4.4"], "hotel_price": ["187"]}, "1862828": {"hotel_name": "\u6021\u83b1\u9152\u5e97(\u5357\u4eac\u603b\u7edf\u5e9c\u5e97)(\u539f\u73e0\u6c5f\u8def\u5e97)", "order_time": ["2019-01-04 23:48:13"], "total_order": 1, "hotel_value": ["4.1"], "hotel_price": ["181"]}, "6929379": {"hotel_name": "\u5357\u4eac\u5c0f\u5e84\u82b1\u56ed\u9752\u5e74\u65c5\u820d\u65b0\u8857\u53e3\u5730\u94c1\u7ad9\u5e97", "order_time": ["2019-01-04 23:50:12"], "total_order": 1, "hotel_value": ["4.7"], "hotel_price": ["48"]}, "6829643": {"hotel_name": "\u5357\u4eac\u666f\u60a6\u5546\u52a1\u5bbe\u9986", "order_time": ["2019-01-04 23:50:13"], "total_order": 1, "hotel_value": ["4.0"], "hotel_price": ["198"]}, "7523533": {"hotel_name": "\u5357\u4eac\u9526\u6cf0\u5feb\u6377\u5bbe\u9986", "order_time": ["2019-01-04 23:50:14"], "total_order": 1, "hotel_value": ["4.6"], "hotel_price": ["92"]}, "3042048": {"hotel_name": "\u5357\u4eac\u8c6a\u90fd\u5bbe\u9986", "order_time": ["2019-01-04 23:50:14"], "total_order": 1, "hotel_value": ["4.5"], "hotel_price": ["153"]}, "1775058": {"hotel_name": "\u5357\u4eac\u9f99\u6e7e\u5bbe\u9986", "order_time": ["2019-01-04 23:50:15"], "total_order": 1, "hotel_value": ["3.9"], "hotel_price": ["89"]}, "15249465": {"hotel_name": "\u9526\u6c5f\u90fd\u57ce\u9152\u5e97(\u5357\u4eac\u5c06\u519b\u5927\u9053\u6cb3\u6d77\u5927\u5b66\u5e97)", "order_time": ["2019-01-04 23:52:13"], "total_order": 1, "hotel_value": ["4.8"], "hotel_price": ["319"]}, "473634": {"hotel_name": "\u9526\u6c5f\u4e4b\u661f(\u5357\u4eac\u65b0\u8857\u53e3\u671d\u5929\u5bab\u897f\u8857\u5e97)", "order_time": ["2019-01-04 23:52:14"], "total_order": 1, "hotel_value": ["4.5"], "hotel_price": ["152"]}, "4727376": {"hotel_name": "\u5357\u5cb8\u5546\u52a1\u9152\u5e97(\u5357\u4eac\u6c5f\u5b81\u4e07\u8fbe\u5e7f\u573a\u5e97)", "order_time": ["2019-01-04 23:52:14"], "total_order": 1, "hotel_value": ["4.5"], "hotel_price": ["147"]}, "27817748": {"hotel_name": "\u5357\u4eac\u4e91\u5ce4\u6e29\u6cc9\u517b\u751f\u6c11\u5bbf", "order_time": ["2019-01-04 23:52:14"], "total_order": 1, "hotel_value": [0], "hotel_price": ["988"]}, "909592": {"hotel_name": "\u5982\u5bb6\u5feb\u6377\u9152\u5e97(\u5357\u4eac\u6c5f\u5b81\u7af9\u5c71\u8def\u5730\u94c1\u7ad9\u5e97)", "order_time": ["2019-01-04 23:52:14"], "total_order": 1, "hotel_value": ["4.4"], "hotel_price": ["171"]}, "1002425": {"hotel_name": "\u5357\u4eac\u65e5\u51fa\u82b1\u56ed\u827a\u672f\u9152\u5e97", "order_time": ["2019-01-04 23:52:14"], "total_order": 1, "hotel_value": ["3.3"], "hotel_price": ["169"]}, "1210905": {"hotel_name": "\u5e03\u4e01\u9152\u5e97(\u5357\u4eac\u5927\u5b66\u4e91\u5357\u8def\u5e97)", "order_time": ["2019-01-04 23:52:15"], "total_order": 1, "hotel_value": ["4.0"], "hotel_price": ["154"]}, "5729009": {"hotel_name": "\u5357\u4eac\u6162\u57ce\u6795\u677e\u5ea6\u5047\u9152\u5e97", "order_time": ["2019-01-04 23:54:14"], "total_order": 1, "hotel_value": ["4.8"], "hotel_price": ["948"]}, "3642995": {"hotel_name": "\u6d77\u53cb\u9152\u5e97(\u5357\u4eac\u6d66\u53e3\u5f18\u9633\u5e7f\u573a\u5e97)", "order_time": ["2019-01-04 23:54:15"], "total_order": 1, "hotel_value": [0], "hotel_price": ["116"]}, "433128": {"hotel_name": "\u5357\u4eac365\u9152\u5e97\u516c\u5bd3(\u65b0\u8857\u53e3\u57ce\u5f00\u56fd\u9645\u5e97)", "order_time": ["2019-01-04 23:54:15"], "total_order": 1, "hotel_value": ["4.4"], "hotel_price": ["281"]}}}