{"\u5f00\u59cb\u8bb0\u5f55\u65f6\u95f4": "2019-01-27 04:52:09", "\u7ed3\u675f\u8bb0\u5f55\u65f6\u95f4": "2019-01-27 05:52:10", "\u8ba2\u5355\u603b\u589e\u91cf": 22, "item": {"1198450": {"hotel_name": "\u5357\u4eac\u96c5\u5170\u9601\u5bbe\u9986", "order_time": ["2019-01-27 04:54:16"], "total_order": 1, "hotel_value": ["4.1"], "hotel_price": ["193"]}, "6111316": {"hotel_name": "\u66d9\u5149\u8587\u9152\u5e97(\u5357\u4eac\u592b\u5b50\u5e99\u5e97)", "order_time": ["2019-01-27 04:54:16"], "total_order": 1, "hotel_value": ["4.7"], "hotel_price": ["344"]}, "4727376": {"hotel_name": "\u5357\u5cb8\u5546\u52a1\u9152\u5e97(\u5357\u4eac\u6c5f\u5b81\u4e07\u8fbe\u5e7f\u573a\u5e97)", "order_time": ["2019-01-27 04:54:17"], "total_order": 1, "hotel_value": ["4.5"], "hotel_price": ["115"]}, "1334463": {"hotel_name": "\u5357\u4eac\u6c6a\u6d77\u56fd\u9645\u5927\u9152\u5e97", "order_time": ["2019-01-27 04:56:15"], "total_order": 1, "hotel_value": ["4.5"], "hotel_price": ["326"]}, "28566124": {"hotel_name": "\u5357\u4eac\u91d1\u5e06\u4e07\u6e90\u9152\u5e97", "order_time": ["2019-01-27 04:56:15"], "total_order": 1, "hotel_value": ["4.9"], "hotel_price": ["468"]}, "7360849": {"hotel_name": "\u6d3e\u9152\u5e97(\u5357\u4eac\u8fc8\u768b\u6865\u5730\u94c1\u7ad9\u5e97)", "order_time": ["2019-01-27 04:56:18"], "total_order": 1, "hotel_value": ["4.3"], "hotel_price": ["127"]}, "2300953": {"hotel_name": "\u91d1\u6854\u8fde\u9501\u9152\u5e97(\u5357\u4eac\u519b\u533a\u603b\u9662\u89e3\u653e\u8def\u5e97)", "order_time": ["2019-01-27 05:04:26"], "total_order": 1, "hotel_value": ["4.4"], "hotel_price": ["157"]}, "1906560": {"hotel_name": "\u5c1a\u5ba2\u4f18\u7cbe\u9009\u9152\u5e97(\u5357\u4eac\u65b0\u8857\u53e3\u592b\u5b50\u5e99\u5e97)", "order_time": ["2019-01-27 05:04:30"], "total_order": 1, "hotel_value": ["4.4"], "hotel_price": ["145"]}, "691197": {"hotel_name": "\u5357\u4eac\u767d\u5bab\u5927\u9152\u5e97", "order_time": ["2019-01-27 05:12:31"], "total_order": 1, "hotel_value": ["4.2"], "hotel_price": ["228"]}, "1960551": {"hotel_name": "\u5357\u4eac\u7984\u53e3\u673a\u573a\u94c2\u5c14\u66fc\u5927\u9152\u5e97", "order_time": ["2019-01-27 05:16:43"], "total_order": 1, "hotel_value": ["4.7"], "hotel_price": ["767"]}, "1532041": {"hotel_name": "\u8d85\u7fa4\u7cbe\u9009\u9152\u5e97(\u5357\u4eac\u4e2d\u5c71\u9675\u666f\u533a\u5e97)", "order_time": ["2019-01-27 05:16:43"], "total_order": 1, "hotel_value": ["4.3"], "hotel_price": ["133"]}, "14223076": {"hotel_name": "\u57ce\u5e02\u4fbf\u6377\u9152\u5e97(\u5357\u4eac\u5357\u7ad9\u80dc\u592a\u8def\u5730\u94c1\u7ad9\u5e97)", "order_time": ["2019-01-27 05:18:39"], "total_order": 1, "hotel_value": ["4.5"], "hotel_price": ["207"]}, "419571": {"hotel_name": "\u5357\u4eac\u91d1\u9e70\u7687\u51a0\u5047\u65e5\u9152\u5e97", "order_time": ["2019-01-27 05:22:36"], "total_order": 1, "hotel_value": ["4.7"], "hotel_price": ["556"]}, "13819648": {"hotel_name": "\u5357\u4eac\u6c49\u8d8a\u5ead\u7cbe\u54c1\u9152\u5e97", "order_time": ["2019-01-27 05:24:52"], "total_order": 1, "hotel_value": ["4.8"], "hotel_price": ["113"]}, "1727455": {"hotel_name": "Q\u52a0\u00b7\u5929\u79a7\u9f99\u5bbe\u9986(\u5357\u4eac\u592b\u5b50\u5e99\u666f\u533a\u65d7\u8230\u5e97)", "order_time": ["2019-01-27 05:36:34", "2019-01-27 05:30:51"], "total_order": 2, "hotel_value": ["4.5", "4.5"], "hotel_price": ["153", "153"]}, "1640092": {"hotel_name": "\u6625\u5e38\u5728\u5546\u52a1\u5bbe\u9986(\u5357\u4eac\u9f13\u697c\u5e97)", "order_time": ["2019-01-27 05:32:50"], "total_order": 1, "hotel_value": ["3.9"], "hotel_price": ["128"]}, "9194914": {"hotel_name": "\u4e9a\u9645\u9152\u5e97(\u5357\u4eac\u5357\u7ad9\u5e97)", "order_time": ["2019-01-27 05:34:36"], "total_order": 1, "hotel_value": ["4.3"], "hotel_price": ["181"]}, "1283038": {"hotel_name": "\u5357\u4eac\u91d1\u9675\u65b0\u57ce\u996d\u5e97", "order_time": ["2019-01-27 05:36:50"], "total_order": 1, "hotel_value": ["4.7"], "hotel_price": ["384"]}, "8627469": {"hotel_name": "\u5bb6\u7f8e\u597d\u592a\u7a7a\u65c5\u9986(\u5357\u4eac\u706b\u8f66\u7ad9\u7384\u6b66\u6e56\u5e97)(\u539f\u6e56\u5149\u5c71\u820d\u592a\u7a7a\u8231\u80f6\u56ca\u65c5\u820d)", "order_time": ["2019-01-27 05:38:46"], "total_order": 1, "hotel_value": ["4.5"], "hotel_price": ["74"]}, "1454411": {"hotel_name": "\u5982\u5bb6\u5feb\u6377\u9152\u5e97(\u5357\u4eac\u65b0\u8857\u53e3\u4e2d\u5fc3\u5e97)", "order_time": ["2019-01-27 05:46:39"], "total_order": 1, "hotel_value": ["4.6"], "hotel_price": ["193"]}, "6855049": {"hotel_name": "\u53e4\u5357\u90fd\u9038\u5c45\u9152\u5e97(\u5357\u4eac\u65b0\u8857\u53e3\u5927\u884c\u5bab\u5730\u94c1\u7ad9\u5e97)", "order_time": ["2019-01-27 05:50:38"], "total_order": 1, "hotel_value": ["4.8"], "hotel_price": ["309"]}}}