{"\u5f00\u59cb\u8bb0\u5f55\u65f6\u95f4": "2019-01-10 22:28:29", "\u7ed3\u675f\u8bb0\u5f55\u65f6\u95f4": "2019-01-10 23:28:29", "\u8ba2\u5355\u603b\u589e\u91cf": 445, "item": {"9770022": {"hotel_name": "Q\u52a0\u00b7\u4e94\u68f5\u6811\u57ce\u9645\u9152\u5e97(\u5357\u4eac\u5357\u7ad9\u5e97)", "order_time": ["2019-01-10 22:30:50"], "total_order": 1, "hotel_value": ["4.6"], "hotel_price": ["206"]}, "6929379": {"hotel_name": "\u5357\u4eac\u5c0f\u5e84\u82b1\u56ed\u9752\u5e74\u65c5\u820d\u65b0\u8857\u53e3\u5730\u94c1\u7ad9\u5e97", "order_time": ["2019-01-10 22:30:53", "2019-01-10 22:46:59"], "total_order": 2, "hotel_value": ["4.7", "4.7"], "hotel_price": ["39", "39"]}, "25560157": {"hotel_name": "\u5357\u4eac\u76c8\u9f0e\u7cbe\u54c1\u9152\u5e97", "order_time": ["2019-01-10 23:12:52", "2019-01-10 22:30:53", "2019-01-10 22:36:52"], "total_order": 3, "hotel_value": ["4.9", "4.9", "4.9"], "hotel_price": ["144", "144", "144"]}, "369785": {"hotel_name": "\u5357\u4eac\u7d22\u83f2\u7279\u94f6\u6cb3\u5927\u9152\u5e97", "order_time": ["2019-01-10 22:30:57", "2019-01-10 23:02:54"], "total_order": 2, "hotel_value": ["4.7", "4.7"], "hotel_price": ["598", "598"]}, "346276": {"hotel_name": "\u5357\u4eac\u91d1\u4e1d\u5229\u559c\u6765\u767b\u9152\u5e97", "order_time": ["2019-01-10 22:30:57"], "total_order": 1, "hotel_value": ["4.4"], "hotel_price": ["618"]}, "21914008": {"hotel_name": "\u5357\u4eac\u5353\u7f8e\u4e9a\u9152\u5e97", "order_time": ["2019-01-10 22:30:57"], "total_order": 1, "hotel_value": ["4.8"], "hotel_price": ["1049"]}, "5781490": {"hotel_name": "\u6e2f\u9645\u5bbe\u9986(\u5357\u4eac\u5965\u4f53\u5e94\u5929\u5927\u8857\u5206\u5e97)", "order_time": ["2019-01-10 22:30:57"], "total_order": 1, "hotel_value": ["4.2"], "hotel_price": ["120"]}, "2299375": {"hotel_name": "\u683c\u6797\u8c6a\u6cf0(\u5357\u4eac\u65b0\u8857\u53e3\u738b\u5e9c\u5927\u8857\u5e97)", "order_time": ["2019-01-10 22:30:59"], "total_order": 1, "hotel_value": ["3.9"], "hotel_price": ["164"]}, "433881": {"hotel_name": "\u5357\u4eac\u65b9\u6e90\u91d1\u9675\u56fd\u9645\u9152\u5e97", "order_time": ["2019-01-10 22:31:00"], "total_order": 1, "hotel_value": ["4.2"], "hotel_price": ["316"]}, "969174": {"hotel_name": "\u6d77\u53cb\u5ba2\u6808(\u5357\u4eac\u73e0\u6c5f\u8def\u5e97)", "order_time": ["2019-01-10 22:31:01"], "total_order": 1, "hotel_value": ["4.3"], "hotel_price": ["108"]}, "1862828": {"hotel_name": "\u6021\u83b1\u9152\u5e97(\u5357\u4eac\u603b\u7edf\u5e9c\u5e97)(\u539f\u73e0\u6c5f\u8def\u5e97)", "order_time": ["2019-01-10 22:31:06"], "total_order": 1, "hotel_value": ["4.1"], "hotel_price": ["171"]}, "6360261": {"hotel_name": "\u5357\u4eac\u6708\u5149\u4e4b\u57ce\u56fd\u9645\u9752\u5e74\u65c5\u820d", "order_time": ["2019-01-10 22:45:11", "2019-01-10 22:31:18"], "total_order": 2, "hotel_value": ["4.7", "4.7"], "hotel_price": ["44", "44"]}, "6435793": {"hotel_name": "\u5357\u4eac\u8d22\u7ecf\u5927\u5b66\u57f9\u8bad\u4e2d\u5fc3\u9152\u5e97", "order_time": ["2019-01-10 22:31:39"], "total_order": 1, "hotel_value": ["4.5"], "hotel_price": ["228"]}, "19533507": {"hotel_name": "\u5357\u4eac\u827e\u5f71\u827a\u672f\u9152\u5e97", "order_time": ["2019-01-10 22:31:39"], "total_order": 1, "hotel_value": ["4.4"], "hotel_price": ["108"]}, "1457183": {"hotel_name": "\u5982\u5bb6\u5feb\u6377\u9152\u5e97(\u5357\u4eac\u6865\u5317\u5f18\u9633\u5e7f\u573a\u67f3\u6d32\u4e1c\u8def\u5730\u94c1\u7ad9\u5e97)", "order_time": ["2019-01-10 22:32:54"], "total_order": 1, "hotel_value": ["4.6"], "hotel_price": ["169"]}, "1209418": {"hotel_name": "\u83ab\u6cf0168(\u5357\u4eac\u592b\u5b50\u5e99\u4e09\u5c71\u8857\u5730\u94c1\u7ad9\u5e97)", "order_time": ["2019-01-10 22:32:55"], "total_order": 1, "hotel_value": ["4.6"], "hotel_price": ["149"]}, "22825276": {"hotel_name": "\u5357\u4eac\u8bc1\u5927\u5168\u60a6\u516c\u5bd3", "order_time": ["2019-01-10 22:32:55"], "total_order": 1, "hotel_value": ["4.7"], "hotel_price": ["217"]}, "5127223": {"hotel_name": "\u6c49\u5ead\u9152\u5e97(\u5357\u4eac\u9f13\u697c\u5e7f\u573a\u5e97)", "order_time": ["2019-01-10 22:32:56"], "total_order": 1, "hotel_value": ["4.5"], "hotel_price": ["264"]}, "1454411": {"hotel_name": "\u5982\u5bb6\u5feb\u6377\u9152\u5e97(\u5357\u4eac\u65b0\u8857\u53e3\u4e2d\u5fc3\u5e97)", "order_time": ["2019-01-10 22:32:58"], "total_order": 1, "hotel_value": ["4.6"], "hotel_price": ["199"]}, "450297": {"hotel_name": "\u5357\u4eac\u7231\u4e4b\u7ffc\u4e3b\u9898\u9152\u5e97", "order_time": ["2019-01-10 22:43:01", "2019-01-10 22:32:58"], "total_order": 2, "hotel_value": ["4.0", "4.0"], "hotel_price": ["85", "85"]}, "22954002": {"hotel_name": "\u5c1a\u5ba2\u4f18\u54c1\u9152\u5e97(\u5357\u4eac\u592b\u5b50\u5e99\u5927\u5149\u8def\u5e97)", "order_time": ["2019-01-10 22:32:58"], "total_order": 1, "hotel_value": ["4.6"], "hotel_price": ["168"]}, "5373293": {"hotel_name": "\u5137\u67ab\u9152\u5e97(\u5357\u4eac\u5927\u5382\u5730\u94c1\u7ad9\u5e97)", "order_time": ["2019-01-10 22:33:03"], "total_order": 1, "hotel_value": ["4.6"], "hotel_price": ["253"]}, "1451746": {"hotel_name": "\u5982\u5bb6\u5feb\u6377\u9152\u5e97(\u5357\u4eac\u592b\u5b50\u5e99\u96c6\u5e86\u95e8\u5e97)", "order_time": ["2019-01-10 22:33:03"], "total_order": 1, "hotel_value": ["4.4"], "hotel_price": ["130"]}, "1944219": {"hotel_name": "\u683c\u6797\u8c6a\u6cf0(\u5357\u4eac\u706b\u8f66\u7ad9\u5e97)", "order_time": ["2019-01-10 22:33:03"], "total_order": 1, "hotel_value": ["4.1"], "hotel_price": ["103"]}, "10582282": {"hotel_name": "\u5357\u4eac\u6c49\u65f6\u98ce\u516c\u5bd3\u5f0f\u9152\u5e97\u5357\u7ad9\u559c\u6c49\u5e97", "order_time": ["2019-01-10 22:33:03"], "total_order": 1, "hotel_value": ["4.7"], "hotel_price": ["230"]}, "1457132": {"hotel_name": "\u5982\u5bb6\u5feb\u6377\u9152\u5e97(\u5357\u4eac\u6c34\u897f\u95e8\u5927\u8857\u83ab\u6101\u6e56\u5730\u94c1\u7ad9\u5e97)", "order_time": ["2019-01-10 22:33:04"], "total_order": 1, "hotel_value": ["4.4"], "hotel_price": ["139"]}, "1452143": {"hotel_name": "\u5982\u5bb6\u5feb\u6377\u9152\u5e97(\u5357\u4eac\u96e8\u82b1\u95e8\u5730\u94c1\u7ad9\u5927\u660e\u8def\u5e97)", "order_time": ["2019-01-10 22:33:04"], "total_order": 1, "hotel_value": ["4.1"], "hotel_price": ["132"]}, "1426613": {"hotel_name": "\u5357\u4eac\u571f\u4e01\u4e07\u91cc\u8def\u56fd\u9645\u9752\u5e74\u9152\u5e97", "order_time": ["2019-01-10 22:33:04"], "total_order": 1, "hotel_value": ["4.4"], "hotel_price": ["41"]}, "28234592": {"hotel_name": "\u5357\u4eac\u76db\u60a6\u516c\u5bd3", "order_time": ["2019-01-10 22:33:05"], "total_order": 1, "hotel_value": ["5.0"], "hotel_price": ["190"]}, "1286909": {"hotel_name": "\u6c49\u5ead\u4f18\u4f73\u9152\u5e97(\u5357\u4eac\u7384\u6b66\u95e8\u5e97)(\u539f\u6c49\u5ead\u9152\u5e97)", "order_time": ["2019-01-10 22:33:06"], "total_order": 1, "hotel_value": ["4.6"], "hotel_price": ["237"]}, "2300933": {"hotel_name": "7\u5929\u8fde\u9501\u9152\u5e97(\u5357\u4eac\u5965\u4f53\u4e2d\u5fc3\u5e97)", "order_time": ["2019-01-10 22:33:06"], "total_order": 1, "hotel_value": ["3.9"], "hotel_price": ["139"]}, "1052272": {"hotel_name": "\u5357\u4eac\u82b3\u9526\u5bbe\u9986", "order_time": ["2019-01-10 22:33:08"], "total_order": 1, "hotel_value": ["3.3"], "hotel_price": ["76"]}, "11087633": {"hotel_name": "\u5357\u4eac\u5ea6\u5c0f\u591c\u9152\u5e97\u5f0f\u516c\u5bd3\u541b\u4e34\u56fd\u9645\u5e97", "order_time": ["2019-01-10 22:33:25", "2019-01-10 23:23:28"], "total_order": 2, "hotel_value": ["4.5", "4.5"], "hotel_price": ["279", "279"]}, "1535633": {"hotel_name": "\u6c49\u5ead\u9152\u5e97(\u5357\u4eac\u6c49\u4e2d\u95e8\u5730\u94c1\u7ad9\u5e97)", "order_time": ["2019-01-10 22:51:32", "2019-01-10 22:33:27"], "total_order": 2, "hotel_value": ["4.6", "4.6"], "hotel_price": ["191", "199"]}, "369782": {"hotel_name": "\u5357\u4eac\u6c34\u6e38\u57ce\u5047\u65e5\u9152\u5e97", "order_time": ["2019-01-10 22:39:42", "2019-01-10 22:33:27"], "total_order": 2, "hotel_value": ["4.7", "4.7"], "hotel_price": ["599", "599"]}, "6829860": {"hotel_name": "\u5357\u4eac\u835f\u67ab\u9152\u5e97", "order_time": ["2019-01-10 22:33:38"], "total_order": 1, "hotel_value": ["4.8"], "hotel_price": ["358"]}, "450787": {"hotel_name": "\u5357\u4eac\u91d1\u592a\u9686\u56fd\u9645\u9152\u5e97", "order_time": ["2019-01-10 22:34:52"], "total_order": 1, "hotel_value": ["4.7"], "hotel_price": ["368"]}, "512269": {"hotel_name": "\u5357\u4eac\u5b5c\u56fe\u9152\u5e97", "order_time": ["2019-01-10 22:34:52"], "total_order": 1, "hotel_value": ["4.7"], "hotel_price": ["299"]}, "2155694": {"hotel_name": "\u6c49\u5ead\u9152\u5e97(\u5357\u4eac\u6c5f\u5b81\u4ea4\u9662\u5730\u94c1\u7ad9\u5e97)(\u539f\u6c5f\u5b81\u4ea4\u9662\u5e97)", "order_time": ["2019-01-10 22:34:52"], "total_order": 1, "hotel_value": ["4.3"], "hotel_price": ["199"]}, "481015": {"hotel_name": "\u73cd\u5b9d\u5047\u65e5\u996d\u5e97(\u5357\u4eac\u51e4\u53f0\u5357\u8def\u5e97)", "order_time": ["2019-01-10 22:34:52"], "total_order": 1, "hotel_value": ["4.6"], "hotel_price": ["292"]}, "8353486": {"hotel_name": "\u6021\u83b1\u9152\u5e97(\u5357\u4eac\u9a6c\u7fa4\u5730\u94c1\u7ad9\u5e97)", "order_time": ["2019-01-10 23:12:53", "2019-01-10 22:34:52"], "total_order": 2, "hotel_value": ["3.9", "3.9"], "hotel_price": ["199", "199"]}, "1938469": {"hotel_name": "\u9526\u6c5f\u4e4b\u661f\u54c1\u5c1a(\u5357\u4eac\u706b\u8f66\u5357\u7ad9\u5317\u5e7f\u573a\u5e97)", "order_time": ["2019-01-10 22:34:52"], "total_order": 1, "hotel_value": ["4.5"], "hotel_price": ["227"]}, "536441": {"hotel_name": "\u5357\u4eac\u65b0\u57ce\u5546\u52a1\u9152\u5e97", "order_time": ["2019-01-10 22:42:56", "2019-01-10 22:34:54"], "total_order": 2, "hotel_value": ["4.6", "4.6"], "hotel_price": ["358", "358"]}, "28127506": {"hotel_name": "\u5357\u4eac\u9a6c\u7fa4\u4e9a\u6735\u9152\u5e97", "order_time": ["2019-01-10 22:34:54"], "total_order": 1, "hotel_value": ["4.9"], "hotel_price": ["349"]}, "482893": {"hotel_name": "\u5c71\u6c34\u65f6\u5c1a\u9152\u5e97(\u5357\u4eac\u5357\u7ad9\u5e97)", "order_time": ["2019-01-10 22:34:54"], "total_order": 1, "hotel_value": ["4.5"], "hotel_price": ["228"]}, "432006": {"hotel_name": "\u6708\u8272\u98ce\u5c1a\u00b7\u5f71\u9662\u9152\u5e97(\u5357\u4eac\u65b0\u8857\u53e3\u73e0\u6c5f\u8def\u5730\u94c1\u5e97)", "order_time": ["2019-01-10 22:34:55"], "total_order": 1, "hotel_value": ["4.4"], "hotel_price": ["218"]}, "369710": {"hotel_name": "\u5357\u4eac\u4e16\u8302\u6ee8\u6c5f\u5e0c\u5c14\u987f\u9152\u5e97", "order_time": ["2019-01-10 22:34:57"], "total_order": 1, "hotel_value": ["4.6"], "hotel_price": ["803"]}, "4604055": {"hotel_name": "\u5c1a\u5ba2\u4f18\u8fde\u9501\u9152\u5e97(\u5357\u4eac\u592b\u5b50\u5e99\u6c34\u6e38\u57ce\u5e97)", "order_time": ["2019-01-10 22:34:57"], "total_order": 1, "hotel_value": ["4.0"], "hotel_price": ["127"]}, "4706465": {"hotel_name": "\u5357\u4eac\u827a\u672f\u5bb6\u9152\u5e97", "order_time": ["2019-01-10 22:34:58"], "total_order": 1, "hotel_value": ["4.4"], "hotel_price": ["285"]}, "1535635": {"hotel_name": "\u6c49\u5ead\u9152\u5e97(\u5357\u4eac\u5357\u7ad9\u660e\u53d1\u5e7f\u573a\u5730\u94c1\u7ad9\u5e97)", "order_time": ["2019-01-10 23:00:56", "2019-01-10 22:35:01"], "total_order": 2, "hotel_value": ["4.2", "4.2"], "hotel_price": ["220", "220"]}, "2295087": {"hotel_name": "7\u5929\u8fde\u9501\u9152\u5e97(\u5357\u4eac\u592b\u5b50\u5e99\u5730\u94c1\u7ad9\u666f\u533a\u5e97)(\u539f\u592b\u5b50\u5e99\u4e2d\u5fc3\u5e97)", "order_time": ["2019-01-10 22:35:02"], "total_order": 1, "hotel_value": ["4.2"], "hotel_price": ["142"]}, "1372261": {"hotel_name": "ID99\u8fde\u9501\u9152\u5e97(\u5357\u4eac\u73e0\u6c5f\u8def\u5c0f\u8425\u7ad9\u5e97)", "order_time": ["2019-01-10 23:22:58", "2019-01-10 22:35:04"], "total_order": 2, "hotel_value": ["3.5", "3.5"], "hotel_price": ["81", "81"]}, "28236009": {"hotel_name": "\u5609\u7f8e\u00b7\u5f71\u9662\u516c\u5bd3(\u5357\u4eac\u65b0\u8857\u53e3\u5730\u94c1\u7ad9\u5e97)", "order_time": ["2019-01-10 22:35:04"], "total_order": 1, "hotel_value": ["5.0"], "hotel_price": ["307"]}, "1426525": {"hotel_name": "\u5357\u4eac\u72ee\u90fd\u5546\u52a1\u5feb\u6377\u9152\u5e97", "order_time": ["2019-01-10 22:35:05"], "total_order": 1, "hotel_value": ["4.6"], "hotel_price": ["243"]}, "1601151": {"hotel_name": "\u6d77\u53cb\u9152\u5e97(\u5357\u4eac\u6ee8\u6c5f\u5f00\u53d1\u533a\u5e97)(\u539f\u6676\u946b\u6c47\u5546\u52a1\u9152\u5e97)", "order_time": ["2019-01-10 22:35:05"], "total_order": 1, "hotel_value": ["3.6"], "hotel_price": ["92"]}, "369713": {"hotel_name": "\u5357\u4eac\u7eff\u5730\u6d32\u9645\u9152\u5e97", "order_time": ["2019-01-10 22:35:05"], "total_order": 1, "hotel_value": ["4.7"], "hotel_price": ["1049"]}, "426068": {"hotel_name": "\u5357\u4eac\u5f00\u5143\u5927\u9152\u5e97", "order_time": ["2019-01-10 22:35:08"], "total_order": 1, "hotel_value": ["4.7"], "hotel_price": ["393"]}, "22419747": {"hotel_name": "\u7ef4\u4e5f\u7eb3\u9152\u5e97(\u5357\u4eac\u542f\u8fea\u5927\u8857\u5e97)", "order_time": ["2019-01-10 22:35:08"], "total_order": 1, "hotel_value": ["4.7"], "hotel_price": ["245"]}, "8574621": {"hotel_name": "\u6613\u4f70\u826f\u54c1\u9152\u5e97(\u5357\u4eac\u5357\u7ad9\u53cc\u9f99\u5927\u9053\u5730\u94c1\u7ad9\u5e97)", "order_time": ["2019-01-10 22:35:38"], "total_order": 1, "hotel_value": ["4.3"], "hotel_price": ["119"]}, "813373": {"hotel_name": "\u5357\u4eac\u6db5\u6708\u697c\u9996\u4e3d\u65af\u9152\u5e97", "order_time": ["2019-01-10 22:35:58", "2019-01-10 22:37:50", "2019-01-10 23:09:19", "2019-01-10 23:23:26", "2019-01-10 23:05:22"], "total_order": 5, "hotel_value": ["4.8", "4.8", "4.8", "4.8", "4.8"], "hotel_price": ["654", "654", "654", "654", "654"]}, "17498235": {"hotel_name": "\u5357\u4eac\u7fe0\u5c4f\u65b0\u6e2f\u5047\u65e5\u9152\u5e97", "order_time": ["2019-01-10 22:36:51"], "total_order": 1, "hotel_value": ["4.7"], "hotel_price": ["592"]}, "2300990": {"hotel_name": "7\u5929\u4f18\u54c1\u9152\u5e97(\u5357\u4eac\u592b\u5b50\u5e99\u4e09\u5c71\u8857\u5730\u94c1\u7ad9\u5e97)", "order_time": ["2019-01-10 22:36:52"], "total_order": 1, "hotel_value": ["4.3"], "hotel_price": ["140"]}, "17038644": {"hotel_name": "\u5357\u4eac\u4e9a\u9526\u9152\u5e97\u56fd\u9645\u516c\u5bd3\uff08\u65b0\u6e2f\u5f00\u53d1\u533a\u71d5\u5b50\u77f6\u5e97\uff09", "order_time": ["2019-01-10 22:36:52"], "total_order": 1, "hotel_value": ["4.5"], "hotel_price": ["140"]}, "1433140": {"hotel_name": "\u5357\u4eac\u82f9\u679c\u9152\u5e97(\u539f\u9752\u82f9\u679c\u9152\u5e97)", "order_time": ["2019-01-10 22:36:52"], "total_order": 1, "hotel_value": ["3.8"], "hotel_price": ["111"]}, "445970": {"hotel_name": "\u5357\u4eac\u6676\u4e3d\u9152\u5e97", "order_time": ["2019-01-10 22:36:54"], "total_order": 1, "hotel_value": ["4.7"], "hotel_price": ["343"]}, "437042": {"hotel_name": "\u5357\u4eac\u6c64\u5c71\u9890\u5c1a\u6e29\u6cc9\u5ea6\u5047\u6751", "order_time": ["2019-01-10 22:36:54"], "total_order": 1, "hotel_value": ["4.5"], "hotel_price": ["687"]}, "396597": {"hotel_name": "\u91d1\u9e70\u56fd\u4ed5\u8fbe\u9152\u5e97(\u5357\u4eac\u65b0\u8857\u53e3\u5730\u94c1\u7ad9\u5e97)", "order_time": ["2019-01-10 22:36:54"], "total_order": 1, "hotel_value": ["4.9"], "hotel_price": ["283"]}, "1410616": {"hotel_name": "\u5982\u5bb6\u5546\u65c5\u9152\u5e97(\u5357\u4eac\u592b\u5b50\u5e99\u901a\u6d4e\u95e8\u5e97)", "order_time": ["2019-01-10 22:36:55"], "total_order": 1, "hotel_value": ["4.6"], "hotel_price": ["243"]}, "5158996": {"hotel_name": "\u5982\u5bb6\u7cbe\u9009\u9152\u5e97(\u5357\u4eac\u5b9a\u6dee\u95e8\u9f99\u6c5f\u5730\u94c1\u7ad9\u5e97)(\u539f\u9f99\u6c5f\u5b9a\u6dee\u95e8\u5927\u8857\u5e97)", "order_time": ["2019-01-10 22:36:57"], "total_order": 1, "hotel_value": ["4.8"], "hotel_price": ["288"]}, "15057090": {"hotel_name": "\u548c\u749e\u8bbe\u8ba1\u5e08\u9152\u5e97\u516c\u5bd3\uff08\u5357\u4eac\u5965\u4f53\u5e97\uff09", "order_time": ["2019-01-10 22:36:58"], "total_order": 1, "hotel_value": ["4.6"], "hotel_price": ["192"]}, "5472924": {"hotel_name": "\u9e97\u67ab\u9152\u5e97(\u5357\u4eac\u65b0\u8857\u53e3\u5f20\u5e9c\u56ed\u5730\u94c1\u7ad9\u5e97)", "order_time": ["2019-01-10 22:37:00"], "total_order": 1, "hotel_value": ["4.6"], "hotel_price": ["256"]}, "798936": {"hotel_name": "\u5982\u5bb6\u9152\u5e97(\u5357\u4eac\u4e5d\u9f99\u6e56\u5730\u94c1\u7ad9\u53cc\u9f99\u5927\u9053\u5e97)", "order_time": ["2019-01-10 22:37:01"], "total_order": 1, "hotel_value": ["4.7"], "hotel_price": ["222"]}, "1259399": {"hotel_name": "\u5357\u4eac\u7fe0\u5b87\u5bbe\u9986", "order_time": ["2019-01-10 22:37:02"], "total_order": 1, "hotel_value": ["3.7"], "hotel_price": ["90"]}, "12110324": {"hotel_name": "\u5357\u4eac\u4e00\u95f2\u4e00\u5c45", "order_time": ["2019-01-10 22:37:07"], "total_order": 1, "hotel_value": ["4.7"], "hotel_price": ["142"]}, "1919756": {"hotel_name": "\u5357\u4eac\u4e07\u7a0b\u5feb\u6377\u9152\u5e97", "order_time": ["2019-01-10 22:37:08"], "total_order": 1, "hotel_value": ["4.4"], "hotel_price": ["92"]}, "1415920": {"hotel_name": "\u5357\u4eac\u6c34\u6676\u84dd\u6e7e\u516c\u5bd3\u9152\u5e97", "order_time": ["2019-01-10 23:12:54", "2019-01-10 22:37:09"], "total_order": 2, "hotel_value": ["4.7", "4.7"], "hotel_price": ["499", "520"]}, "17889795": {"hotel_name": "\u5168\u5b63\u9152\u5e97(\u5357\u4eac\u660e\u6545\u5bab\u5e97)", "order_time": ["2019-01-10 22:38:53"], "total_order": 1, "hotel_value": ["4.8"], "hotel_price": ["334"]}, "1451993": {"hotel_name": "\u5982\u5bb6\u5feb\u6377\u9152\u5e97(\u5357\u4eac\u6c49\u4e2d\u95e8\u5927\u8857\u5e97)", "order_time": ["2019-01-10 22:38:53"], "total_order": 1, "hotel_value": ["4.4"], "hotel_price": ["162"]}, "1500412": {"hotel_name": "\u5357\u4eac\u77bb\u56ed\u56fd\u9645\u9752\u5e74\u65c5\u820d", "order_time": ["2019-01-10 22:38:54"], "total_order": 1, "hotel_value": ["4.2"], "hotel_price": ["48"]}, "1535643": {"hotel_name": "\u6c49\u5ead\u9152\u5e97(\u5357\u4eac\u65b0\u8857\u53e3\u738b\u5e9c\u5927\u8857\u5e97)", "order_time": ["2019-01-10 22:38:54"], "total_order": 1, "hotel_value": ["4.4"], "hotel_price": ["220"]}, "15308170": {"hotel_name": "\u4f69\u68ee\u7cbe\u54c1\u9152\u5e97\u516c\u5bd3(\u5357\u4eac\u5929\u9686\u5bfa\u5730\u94c1\u7ad9\u5e97)", "order_time": ["2019-01-10 22:38:55"], "total_order": 1, "hotel_value": ["4.7"], "hotel_price": ["163"]}, "7123044": {"hotel_name": "\u7984\u6dee\u5bbe\u9986(\u5357\u4eac\u7984\u53e3\u673a\u573a\u4e8c\u5e97)", "order_time": ["2019-01-10 22:38:56", "2019-01-10 22:46:54"], "total_order": 2, "hotel_value": ["4.7", "4.7"], "hotel_price": ["194", "194"]}, "25680041": {"hotel_name": "\u5357\u4eac\u4e3d\u6e56\u96c5\u81f4\u7a7a\u6e2f\u9152\u5e97", "order_time": ["2019-01-10 22:38:57"], "total_order": 1, "hotel_value": ["4.5"], "hotel_price": ["477"]}, "811702": {"hotel_name": "\u6e05\u6c90\u7cbe\u9009\u9152\u5e97(\u5357\u4eac\u65b0\u8857\u53e3\u6768\u516c\u4e95\u5e97)", "order_time": ["2019-01-10 22:39:01"], "total_order": 1, "hotel_value": ["4.5"], "hotel_price": ["208"]}, "1945382": {"hotel_name": "\u5496\u5c45\u7cbe\u9009\u9152\u5e97(\u5357\u4eac\u82cf\u5b81\u5929\u6da6\u5e7f\u573a\u5e97)(\u539f\u7ef4\u65af\u7279\u7cbe\u54c1\u9152\u5e97)", "order_time": ["2019-01-10 22:39:01"], "total_order": 1, "hotel_value": ["4.4"], "hotel_price": ["121"]}, "1697711": {"hotel_name": "\u5e03\u4e01\u9152\u5e97(\u5357\u4eac\u5357\u822a\u7fe0\u5c4f\u5c71\u5730\u94c1\u7ad9\u5e97)", "order_time": ["2019-01-10 22:39:02"], "total_order": 1, "hotel_value": ["3.7"], "hotel_price": ["122"]}, "3067306": {"hotel_name": "\u7ef4\u4e5f\u7eb3\u9152\u5e97(\u5357\u4eac\u767e\u5bb6\u6e56\u897f\u95e8\u5b50\u8def\u5e97)", "order_time": ["2019-01-10 22:39:02"], "total_order": 1, "hotel_value": ["4.8"], "hotel_price": ["306"]}, "1441836": {"hotel_name": "\u83ab\u6cf0168(\u5357\u4eac\u5e7f\u5dde\u8def\u968f\u56ed\u5927\u53a6\u5e97)(\u539f\u5357\u4eac\u5927\u5b66\u5e7f\u5dde\u8def\u5e97)", "order_time": ["2019-01-10 22:50:54", "2019-01-10 22:39:02"], "total_order": 2, "hotel_value": ["4.6", "4.6"], "hotel_price": ["196", "196"]}, "13297881": {"hotel_name": "\u5357\u4eac\u8212\u9999\u9601\u5bbe\u9986", "order_time": ["2019-01-10 22:58:50", "2019-01-10 22:39:02"], "total_order": 2, "hotel_value": ["4.9", "4.9"], "hotel_price": ["107", "107"]}, "1938450": {"hotel_name": "\u9526\u6c5f\u4e4b\u661f\u54c1\u5c1a(\u5357\u4eac\u6c49\u4e2d\u95e8\u5e97)", "order_time": ["2019-01-10 22:39:02"], "total_order": 1, "hotel_value": ["4.4"], "hotel_price": ["272"]}, "1862999": {"hotel_name": "\u6d77\u53cb\u9152\u5e97(\u5357\u4eac\u7ea2\u5c71\u52a8\u7269\u56ed\u5730\u94c1\u7ad9\u5e97)", "order_time": ["2019-01-10 22:39:04", "2019-01-10 22:49:06"], "total_order": 2, "hotel_value": ["4.0", "4.0"], "hotel_price": ["109", "116"]}, "1286818": {"hotel_name": "\u6c49\u5ead\u9152\u5e97(\u5357\u4eac\u6d66\u53e3\u4e1c\u5927\u6210\u8d24\u5b66\u9662\u5e97)", "order_time": ["2019-01-10 22:39:09"], "total_order": 1, "hotel_value": ["4.3"], "hotel_price": ["181"]}, "28034841": {"hotel_name": "\u5357\u4eac\u5b50\u66f0\u672a\u592e\u79c1\u5885", "order_time": ["2019-01-10 22:39:11"], "total_order": 1, "hotel_value": ["5.0"], "hotel_price": ["1894"]}, "28725430": {"hotel_name": "\u6e05\u6c90\u7cbe\u9009\u9152\u5e97(\u5357\u4eac\u96e8\u82b1\u5f00\u53d1\u533a\u677f\u6865\u5e97)", "order_time": ["2019-01-10 22:39:12"], "total_order": 1, "hotel_value": [0], "hotel_price": ["155"]}, "5215129": {"hotel_name": "\u84dd\u8c03\u8bbe\u8ba1\u827a\u672f\u9152\u5e97(\u5357\u4eac\u7984\u53e3\u673a\u573a\u5e97)", "order_time": ["2019-01-10 22:59:17", "2019-01-10 22:39:12"], "total_order": 2, "hotel_value": ["4.6", "4.6"], "hotel_price": ["160", "160"]}, "4510310": {"hotel_name": "\u5b89\u683c\u65af\u9152\u5e97\u516c\u5bd3(\u5357\u4eac\u6bb7\u5df7\u5e97)", "order_time": ["2019-01-10 22:39:13"], "total_order": 1, "hotel_value": ["4.4"], "hotel_price": ["109"]}, "17589641": {"hotel_name": "\u5357\u4eac\u6211\u5bb6\u5ba2\u6808", "order_time": ["2019-01-10 22:39:34"], "total_order": 1, "hotel_value": [0], "hotel_price": ["41"]}, "6352638": {"hotel_name": "\u661f\u7a0b\u9152\u5e97(\u5357\u4eac\u5c06\u519b\u5927\u9053\u5de5\u4e1a\u56ed\u5e97)(\u539f\u80dc\u4f3c\u95f2\u5ead\u9152\u5e97\u6c5f\u5b81\u5f00\u53d1\u533a\u5409\u5370\u5927\u9053\u5730\u94c1\u7ad9\u5e97)", "order_time": ["2019-01-10 22:40:51"], "total_order": 1, "hotel_value": ["4.5"], "hotel_price": ["254"]}, "21927397": {"hotel_name": "\u5357\u4eac\u6c27\u6c14\u7cbe\u9009\u9152\u5e97", "order_time": ["2019-01-10 22:40:53"], "total_order": 1, "hotel_value": ["4.8"], "hotel_price": ["363"]}, "1604436": {"hotel_name": "\u83ab\u6cf0168(\u5357\u4eac\u592b\u5b50\u5e99\u5730\u94c1\u7ad9\u5e73\u6c5f\u5e9c\u8def\u5e97)", "order_time": ["2019-01-10 22:40:55"], "total_order": 1, "hotel_value": ["4.7"], "hotel_price": ["196"]}, "3456452": {"hotel_name": "\u5357\u4eac\u65b0\u8857\u53e3\u738b\u5e9c\u5927\u8857\u4e9a\u6735\u9152\u5e97", "order_time": ["2019-01-10 22:40:55"], "total_order": 1, "hotel_value": ["4.8"], "hotel_price": ["606"]}, "2143794": {"hotel_name": "\u6c49\u5ead\u9152\u5e97(\u5357\u4eac\u6d66\u53e3\u5357\u5927\u5e97)", "order_time": ["2019-01-10 22:40:56"], "total_order": 1, "hotel_value": ["4.6"], "hotel_price": ["243"]}, "435796": {"hotel_name": "\u5357\u4eac\u56fd\u4fe1\u72b6\u5143\u697c\u5927\u9152\u5e97", "order_time": ["2019-01-10 22:40:59", "2019-01-10 23:26:57"], "total_order": 2, "hotel_value": ["4.8", "4.8"], "hotel_price": ["558", "558"]}, "1386126": {"hotel_name": "\u5357\u4eac\u6b63\u6052\u516c\u5bd3\u9152\u5e97", "order_time": ["2019-01-10 22:40:59"], "total_order": 1, "hotel_value": ["4.1"], "hotel_price": ["179"]}, "4029612": {"hotel_name": "\u5357\u4eac\u67ab\u53f6\u7cbe\u54c1\u516c\u5bd3 (\u539f\u4e1d\u74dc\u516c\u5bd3)", "order_time": ["2019-01-10 22:40:59", "2019-01-10 23:12:59"], "total_order": 2, "hotel_value": ["4.2", "4.2"], "hotel_price": ["113", "116"]}, "26557803": {"hotel_name": "\u5357\u4eac\u5f90\u5e84\u82cf\u5b81\u96c5\u60a6\u9152\u5e97", "order_time": ["2019-01-10 22:41:00"], "total_order": 1, "hotel_value": ["4.7"], "hotel_price": ["345"]}, "18047423": {"hotel_name": "\u5357\u4eac\u6e29\u7279\u83b1\u9152\u5e97", "order_time": ["2019-01-10 22:41:03"], "total_order": 1, "hotel_value": ["4.6"], "hotel_price": ["260"]}, "1906560": {"hotel_name": "\u5c1a\u5ba2\u4f18\u7cbe\u9009\u9152\u5e97(\u5357\u4eac\u65b0\u8857\u53e3\u592b\u5b50\u5e99\u5e97)", "order_time": ["2019-01-10 23:00:49", "2019-01-10 22:41:10"], "total_order": 2, "hotel_value": ["4.4", "4.4"], "hotel_price": ["192", "192"]}, "1340055": {"hotel_name": "\u5357\u4eac\u5408\u4e30\u62db\u5f85\u6240", "order_time": ["2019-01-10 23:13:12", "2019-01-10 22:53:23", "2019-01-10 22:41:13"], "total_order": 3, "hotel_value": ["3.2", "3.2", "3.2"], "hotel_price": ["62", "62", "62"]}, "5081586": {"hotel_name": "\u5357\u4eac\u5965\u4e1c\u5bbe\u9986", "order_time": ["2019-01-10 22:51:11", "2019-01-10 22:41:22"], "total_order": 2, "hotel_value": ["4.2", "4.2"], "hotel_price": ["137", "137"]}, "811652": {"hotel_name": "\u6e05\u6c90\u8fde\u9501\u9152\u5e97(\u5357\u4eac1912\u73e0\u6c5f\u8def\u767e\u8111\u6c47\u5e97)", "order_time": ["2019-01-10 22:42:53"], "total_order": 1, "hotel_value": ["4.2"], "hotel_price": ["126"]}, "1649168": {"hotel_name": "\u5bd2\u820d\u7cbe\u54c1\u9152\u5e97(\u5357\u4eac\u6e56\u5317\u8def\u5e97)", "order_time": ["2019-01-10 22:42:53", "2019-01-10 22:53:02"], "total_order": 2, "hotel_value": ["4.2", "4.2"], "hotel_price": ["146", "146"]}, "4683063": {"hotel_name": "\u6c49\u5ead\u9152\u5e97(\u5357\u4eac\u65b0\u8857\u53e3\u7ba1\u5bb6\u6865\u5e97)", "order_time": ["2019-01-10 22:42:53"], "total_order": 1, "hotel_value": ["4.4"], "hotel_price": ["215"]}, "6060994": {"hotel_name": "\u65c5\u76df\u9152\u5e97(\u5357\u4eac\u6c5f\u6d66\u5ba2\u8fd0\u7ad9\u9f99\u534e\u8def\u5730\u94c1\u7ad9\u5e97)", "order_time": ["2019-01-10 22:42:53"], "total_order": 1, "hotel_value": ["4.2"], "hotel_price": ["93"]}, "2300722": {"hotel_name": "7\u5929\u8fde\u9501\u9152\u5e97(\u5357\u4eac\u73e0\u6c5f\u8def\u5730\u94c1\u7ad9\u5e97)", "order_time": ["2019-01-10 22:42:54"], "total_order": 1, "hotel_value": ["4.1"], "hotel_price": ["190"]}, "2083139": {"hotel_name": "\u5168\u5b63\u9152\u5e97(\u5357\u4eac\u65b0\u8857\u53e3\u4e2d\u5fc3\u5e97)", "order_time": ["2019-01-10 22:42:55"], "total_order": 1, "hotel_value": ["4.7"], "hotel_price": ["373"]}, "1507692": {"hotel_name": "\u80af\u5b9a\u7cbe\u9009\u9152\u5e97(\u5357\u4eac\u6ee8\u6c5f\u65b0\u57ce\u5e97)(\u539f\u5c1a\u6b27\u57ce\u5e02\u9152\u5e97)", "order_time": ["2019-01-10 22:56:53", "2019-01-10 22:42:57"], "total_order": 2, "hotel_value": ["4.4", "4.4"], "hotel_price": ["121", "121"]}, "2596930": {"hotel_name": "\u6c5f\u5357\u884c\u7cbe\u54c1\u9152\u5e97(\u5357\u4eac\u4e5d\u534e\u5c71\u5730\u94c1\u7ad9\u5e97)", "order_time": ["2019-01-10 22:42:59"], "total_order": 1, "hotel_value": ["4.6"], "hotel_price": ["277"]}, "13787577": {"hotel_name": "\u5357\u4eac\u4e16\u7eaa\u7f18\u5927\u9152\u5e97(\u91d1\u7b94\u8def\u5e97)", "order_time": ["2019-01-10 22:43:00"], "total_order": 1, "hotel_value": ["4.3"], "hotel_price": ["185"]}, "859308": {"hotel_name": "\u5982\u5bb6\u5feb\u6377\u9152\u5e97(\u5357\u4eac\u65b0\u8857\u53e3\u5f20\u5e9c\u56ed\u5730\u94c1\u7ad9\u5e97)", "order_time": ["2019-01-10 22:43:02"], "total_order": 1, "hotel_value": ["4.6"], "hotel_price": ["171"]}, "1009800": {"hotel_name": "\u5357\u4eac\u65b0\u5409\u534e\u5546\u52a1\u9152\u5e97", "order_time": ["2019-01-10 22:43:09"], "total_order": 1, "hotel_value": ["3.8"], "hotel_price": ["171"]}, "11443801": {"hotel_name": "\u5b9c\u5fc5\u601d\u5c1a\u54c1\u9152\u5e97(\u5357\u4eac\u9e92\u9e9f\u95e8\u5e97)", "order_time": ["2019-01-10 22:44:54"], "total_order": 1, "hotel_value": ["4.7"], "hotel_price": ["342"]}, "25050379": {"hotel_name": "\u5357\u4eac\u5965\u4f53\u4e2d\u5fc3\u4e9a\u6735S\u9152\u5e97", "order_time": ["2019-01-10 22:44:56"], "total_order": 1, "hotel_value": ["4.9"], "hotel_price": ["424"]}, "19436987": {"hotel_name": "\u5357\u4eac\u7f8e\u4e3d\u4eba\u751f\u9152\u5e97", "order_time": ["2019-01-10 22:55:04", "2019-01-10 22:44:59"], "total_order": 2, "hotel_value": ["4.7", "4.7"], "hotel_price": ["139", "139"]}, "1816838": {"hotel_name": "\u6854\u5b50\u9152\u5e97(\u5357\u4eac\u535a\u7269\u9662\u9152\u5e97)(\u539f\u4e1c\u534e\u95e8\u5e97)", "order_time": ["2019-01-10 22:50:50", "2019-01-10 22:44:59"], "total_order": 2, "hotel_value": ["4.9", "4.9"], "hotel_price": ["256", "256"]}, "6521803": {"hotel_name": "\u6c49\u5ead\u9152\u5e97(\u5357\u4eac\u677f\u6865\u632f\u5174\u8def\u5e97)", "order_time": ["2019-01-10 22:45:01"], "total_order": 1, "hotel_value": ["4.4"], "hotel_price": ["207"]}, "11022711": {"hotel_name": "\u9526\u6c5f\u4e4b\u661f\u54c1\u5c1a(\u5357\u4eac\u845b\u5858\u5730\u94c1\u7ad9\u7f8e\u5229\u5e7f\u573a\u5e97)", "order_time": ["2019-01-10 22:45:03"], "total_order": 1, "hotel_value": ["4.6"], "hotel_price": ["217"]}, "811658": {"hotel_name": "\u6e05\u6c90\u8fde\u9501\u9152\u5e97(\u5357\u4eac\u5357\u7ad9\u5927\u660e\u8def\u5e97)", "order_time": ["2019-01-10 22:45:05"], "total_order": 1, "hotel_value": ["4.5"], "hotel_price": ["138"]}, "1458261": {"hotel_name": "\u5357\u4eac\u946b\u8d77\u70b9\u5feb\u6377\u65c5\u5e97", "order_time": ["2019-01-10 22:45:07"], "total_order": 1, "hotel_value": ["4.4"], "hotel_price": ["108"]}, "11053975": {"hotel_name": "\u5357\u4eac\u503e\u57ce\u5bbe\u9986\u6d77\u90fd\u8def\u5e97", "order_time": ["2019-01-10 22:45:12"], "total_order": 1, "hotel_value": ["4.5"], "hotel_price": ["153"]}, "4728625": {"hotel_name": "\u5357\u4eac\u4e50\u9ad8\u5546\u52a1\u5bbe\u9986", "order_time": ["2019-01-10 22:45:19"], "total_order": 1, "hotel_value": ["4.1"], "hotel_price": ["110"]}, "5315994": {"hotel_name": "\u5357\u4eac\u6bd4\u7855\u5047\u65e5\u9152\u5e97", "order_time": ["2019-01-10 22:45:25"], "total_order": 1, "hotel_value": ["3.5"], "hotel_price": ["138"]}, "6942151": {"hotel_name": "\u6854\u5b50\u9152\u5e97\u00b7\u7cbe\u9009(\u5357\u4eac\u592b\u5b50\u5e99\u5efa\u5eb7\u8def\u5e97)", "order_time": ["2019-01-10 22:46:50"], "total_order": 1, "hotel_value": ["4.8"], "hotel_price": ["303"]}, "15249465": {"hotel_name": "\u9526\u6c5f\u90fd\u57ce\u9152\u5e97(\u5357\u4eac\u5c06\u519b\u5927\u9053\u6cb3\u6d77\u5927\u5b66\u5e97)", "order_time": ["2019-01-10 22:46:51"], "total_order": 1, "hotel_value": ["4.8"], "hotel_price": ["449"]}, "2624089": {"hotel_name": "\u5357\u4eac\u603b\u7edf\u5e9c\u4e9a\u6735\u9152\u5e97", "order_time": ["2019-01-10 22:46:52"], "total_order": 1, "hotel_value": ["4.7"], "hotel_price": ["471"]}, "2173792": {"hotel_name": "\u5982\u5bb6\u5feb\u6377\u9152\u5e97(\u5357\u4eac\u65b0\u8857\u53e3\u5927\u884c\u5bab\u5730\u94c1\u7ad9\u603b\u7edf\u5e9c\u5e97)", "order_time": ["2019-01-10 22:46:53"], "total_order": 1, "hotel_value": ["4.7"], "hotel_price": ["171"]}, "5967130": {"hotel_name": "\u5357\u4eac\u7426\u5c1a\u5bbe\u9986", "order_time": ["2019-01-10 22:46:57"], "total_order": 1, "hotel_value": ["4.8"], "hotel_price": ["109"]}, "11122849": {"hotel_name": "\u5e03\u4e01\u9152\u5e97(\u5357\u4eac\u5357\u7ad9\u5317\u5e7f\u573a\u7eff\u5730\u4e4b\u7a97\u5e97)", "order_time": ["2019-01-10 22:46:58"], "total_order": 1, "hotel_value": ["4.3"], "hotel_price": ["204"]}, "4649966": {"hotel_name": "\u5982\u5bb6\u5feb\u6377\u9152\u5e97(\u5357\u4eac\u4e91\u5357\u8def\u5730\u94c1\u7ad9\u4e0a\u6d77\u8def\u5e97)", "order_time": ["2019-01-10 22:46:59"], "total_order": 1, "hotel_value": ["4.5"], "hotel_price": ["210"]}, "1281183": {"hotel_name": "\u6c49\u5ead\u9152\u5e97(\u5357\u4eac\u9f13\u697c\u5e97)", "order_time": ["2019-01-10 22:46:59"], "total_order": 1, "hotel_value": ["4.4"], "hotel_price": ["191"]}, "1457946": {"hotel_name": "\u5357\u4eac\u4e94\u4e00\u5bbe\u9986", "order_time": ["2019-01-10 22:47:00"], "total_order": 1, "hotel_value": ["4.5"], "hotel_price": ["223"]}, "1317113": {"hotel_name": "\u6c49\u5ead\u9152\u5e97(\u5357\u4eac\u671d\u5929\u5bab\u5e97)", "order_time": ["2019-01-10 22:47:00"], "total_order": 1, "hotel_value": ["4.5"], "hotel_price": ["175"]}, "901884": {"hotel_name": "\u6613\u4f70\u826f\u54c1\u9152\u5e97(\u5357\u4eac\u8fc8\u768b\u6865\u5730\u94c1\u5e97)", "order_time": ["2019-01-10 22:47:02"], "total_order": 1, "hotel_value": ["4.3"], "hotel_price": ["100"]}, "1895183": {"hotel_name": "\u5357\u4eac\u552f\u7231\u4e4b\u661f\u4e3b\u9898\u5bbe\u9986", "order_time": ["2019-01-10 22:47:02"], "total_order": 1, "hotel_value": ["3.7"], "hotel_price": ["137"]}, "5380104": {"hotel_name": "\u5357\u4eac\u4e07\u5ea6\u5feb\u6377\u9152\u5e97\u5357\u7ad9\u5e97", "order_time": ["2019-01-10 22:47:03"], "total_order": 1, "hotel_value": ["3.8"], "hotel_price": ["132"]}, "1447045": {"hotel_name": "\u83ab\u6cf0168(\u5357\u4eac\u6c5f\u5b81\u5927\u5b66\u57ce\u9f99\u7720\u5927\u9053\u5730\u94c1\u7ad9\u5e97)", "order_time": ["2019-01-10 22:47:04", "2019-01-10 22:49:04"], "total_order": 2, "hotel_value": ["4.4", "4.4"], "hotel_price": ["164", "164"]}, "28678204": {"hotel_name": "\u5357\u4eac\u9082\u9005\u9633\u5149\u9152\u5e97", "order_time": ["2019-01-10 22:47:16"], "total_order": 1, "hotel_value": ["5.0"], "hotel_price": ["124"]}, "1643199": {"hotel_name": "\u5357\u4eac\u597d\u9a7f\u6765\u5047\u65e5\u9152\u5e97", "order_time": ["2019-01-10 22:48:52"], "total_order": 1, "hotel_value": ["4.2"], "hotel_price": ["107"]}, "26104001": {"hotel_name": "\u5357\u4eac\u6021\u99a8\u7f18\u5bbe\u9986", "order_time": ["2019-01-10 22:48:53"], "total_order": 1, "hotel_value": ["4.9"], "hotel_price": ["141"]}, "447344": {"hotel_name": "\u5357\u4eac\u5965\u4f53\u4e2d\u5fc3\u7f8e\u5c45\u9152\u5e97", "order_time": ["2019-01-10 22:48:54"], "total_order": 1, "hotel_value": ["4.5"], "hotel_price": ["452"]}, "396947": {"hotel_name": "\u5357\u4eac\u91d1\u6c47\u5927\u9152\u5e97", "order_time": ["2019-01-10 22:48:54"], "total_order": 1, "hotel_value": ["4.6"], "hotel_price": ["338"]}, "1457092": {"hotel_name": "\u5982\u5bb6\u5feb\u6377\u9152\u5e97(\u5357\u4eac\u65b0\u8857\u53e3\u5e97)", "order_time": ["2019-01-10 22:48:56"], "total_order": 1, "hotel_value": ["4.6"], "hotel_price": ["154"]}, "2300910": {"hotel_name": "7\u5929\u8fde\u9501\u9152\u5e97(\u5357\u4eac\u6c34\u897f\u95e8\u4e91\u9526\u8def\u5730\u94c1\u7ad9\u5e97)", "order_time": ["2019-01-10 22:48:58"], "total_order": 1, "hotel_value": ["4.3"], "hotel_price": ["122"]}, "15944957": {"hotel_name": "\u5168\u5b63\u9152\u5e97(\u5357\u4eac\u65b0\u8857\u53e3\u6237\u90e8\u8857\u5e97)", "order_time": ["2019-01-10 22:48:58"], "total_order": 1, "hotel_value": ["4.7"], "hotel_price": ["351"]}, "1457485": {"hotel_name": "\u9526\u6c5f\u4e4b\u661f(\u5357\u4eac\u5927\u6865\u5317\u8def\u5e97)", "order_time": ["2019-01-10 22:48:59"], "total_order": 1, "hotel_value": ["4.6"], "hotel_price": ["193"]}, "2622283": {"hotel_name": "\u6c49\u5ead\u9152\u5e97(\u5357\u4eac\u4e2d\u592e\u5317\u8def\u5e97)", "order_time": ["2019-01-10 22:49:01"], "total_order": 1, "hotel_value": ["4.4"], "hotel_price": ["186"]}, "1669678": {"hotel_name": "\u5e03\u4e01\u9152\u5e97(\u5357\u4eac\u592b\u5b50\u5e99\u5f20\u5e9c\u56ed\u5730\u94c1\u7ad9\u5e97)", "order_time": ["2019-01-10 22:49:01", "2019-01-10 23:21:00"], "total_order": 2, "hotel_value": ["4.3", "4.3"], "hotel_price": ["120", "120"]}, "1415350": {"hotel_name": "\u5357\u4eac\u4e00\u7c73\u9633\u5149\u9152\u5e97\u516c\u5bd3", "order_time": ["2019-01-10 22:49:02"], "total_order": 1, "hotel_value": ["4.3"], "hotel_price": ["217"]}, "798695": {"hotel_name": "\u5fc5\u5f97\u4e3b\u9898\u5bbe\u9986(\u5357\u4eac\u5965\u4f53\u4e2d\u5fc3\u5174\u9686\u5927\u8857\u5730\u94c1\u7ad9\u5e97)", "order_time": ["2019-01-10 22:49:03"], "total_order": 1, "hotel_value": ["4.5"], "hotel_price": ["141"]}, "1380606": {"hotel_name": "\u5357\u4eac\u4e16\u8c6a\u5bbe\u9986", "order_time": ["2019-01-10 22:49:08"], "total_order": 1, "hotel_value": ["3.6"], "hotel_price": ["80"]}, "346283": {"hotel_name": "\u5357\u4eac\u91d1\u9675\u996d\u5e97", "order_time": ["2019-01-10 22:51:11", "2019-01-10 23:13:12", "2019-01-10 23:25:12", "2019-01-10 22:49:12", "2019-01-10 23:03:01"], "total_order": 5, "hotel_value": ["4.8", "4.8", "4.8", "4.8", "4.8"], "hotel_price": ["625", "625", "625", "625", "625"]}, "1339902": {"hotel_name": "\u5982\u5bb6\u5feb\u6377\u9152\u5e97(\u5357\u4eac\u76d0\u4ed3\u6865\u5e7f\u573a\u53cc\u95e8\u697c\u864e\u8e1e\u5317\u8def\u5e97)", "order_time": ["2019-01-10 22:50:51"], "total_order": 1, "hotel_value": ["4.6"], "hotel_price": ["209"]}, "1057767": {"hotel_name": "\u5357\u4eac\u5bb6\u6770\u5bb6\u5bbe\u9986", "order_time": ["2019-01-10 22:50:54"], "total_order": 1, "hotel_value": ["3.9"], "hotel_price": ["123"]}, "473497": {"hotel_name": "\u5e03\u4e01\u9152\u5e97(\u5357\u4eac\u592b\u5b50\u5e99\u5e38\u5e9c\u8857\u5730\u94c1\u7ad9\u5e97)", "order_time": ["2019-01-10 22:50:56"], "total_order": 1, "hotel_value": ["3.8"], "hotel_price": ["92"]}, "1452149": {"hotel_name": "\u5982\u5bb6\u5feb\u6377\u9152\u5e97(\u5357\u4eac\u706b\u8f66\u5357\u7ad9\u660e\u53d1\u5e7f\u573a\u5730\u94c1\u7ad9\u5e97)", "order_time": ["2019-01-10 22:50:57"], "total_order": 1, "hotel_value": ["4.4"], "hotel_price": ["232"]}, "1646486": {"hotel_name": "\u901f8\u9152\u5e97(\u5357\u4eac\u4e2d\u5c71\u9675\u666f\u533a\u897f\u5e97)", "order_time": ["2019-01-10 22:51:01"], "total_order": 1, "hotel_value": ["4.3"], "hotel_price": ["142"]}, "1378448": {"hotel_name": "\u7984\u53e3\u88d8\u90fd\u9152\u5e97(\u5357\u4eac\u7984\u53e3\u56fd\u9645\u673a\u573a\u5e97)", "order_time": ["2019-01-10 22:51:06"], "total_order": 1, "hotel_value": ["4.3"], "hotel_price": ["180"]}, "4981770": {"hotel_name": "\u6c49\u5ead\u9152\u5e97(\u5357\u4eac\u96e8\u82b1\u53f0\u666f\u533a\u5e97)", "order_time": ["2019-01-10 22:51:07"], "total_order": 1, "hotel_value": ["4.4"], "hotel_price": ["179"]}, "8076132": {"hotel_name": "\u5357\u4eac\u827e\u4f73\u9152\u5e97", "order_time": ["2019-01-10 22:51:32"], "total_order": 1, "hotel_value": ["4.7"], "hotel_price": ["338"]}, "444090": {"hotel_name": "\u5357\u4eac\u6c64\u5c71\u7d2b\u6e05\u6e56\u751f\u6001\u65c5\u6e38\u6e29\u6cc9\u5ea6\u5047\u533a", "order_time": ["2019-01-10 22:51:32"], "total_order": 1, "hotel_value": ["4.8"], "hotel_price": ["312"]}, "12480517": {"hotel_name": "\u6c64\u5c71\u5b50\u66f0\u6e29\u6cc9\u6c11\u5bbf", "order_time": ["2019-01-10 22:51:32"], "total_order": 1, "hotel_value": ["4.8"], "hotel_price": ["1080"]}, "10608188": {"hotel_name": "\u5357\u4eac\u5357\u7ad9\u5e0c\u5c14\u987f\u6b22\u670b\u9152\u5e97", "order_time": ["2019-01-10 22:51:33", "2019-01-10 23:16:56"], "total_order": 2, "hotel_value": ["4.8", "4.8"], "hotel_price": ["486", "486"]}, "11932474": {"hotel_name": "\u5357\u4eac\u4e3d\u90fd\u9152\u5e97", "order_time": ["2019-01-10 22:51:33", "2019-01-10 23:07:23", "2019-01-10 23:03:31"], "total_order": 3, "hotel_value": ["4.6", "4.6", "4.6"], "hotel_price": ["218", "218", "218"]}, "1938358": {"hotel_name": "\u9526\u6c5f\u4e4b\u661f(\u5357\u4eac\u4e2d\u534e\u95e8\u5e97)", "order_time": ["2019-01-10 22:51:33", "2019-01-10 23:07:35"], "total_order": 2, "hotel_value": ["4.4", "4.4"], "hotel_price": ["179", "179"]}, "17527314": {"hotel_name": "\u6e05\u6c90\u7cbe\u54c1\u9152\u5e97(\u5357\u4eac\u5357\u7ad9\u5317\u5e7f\u573a\u5e97)", "order_time": ["2019-01-10 22:51:33"], "total_order": 1, "hotel_value": ["4.6"], "hotel_price": ["259"]}, "1415838": {"hotel_name": "\u901f8\u9152\u5e97(\u5357\u4eac\u706b\u8f66\u5357\u7ad9\u5e97)", "order_time": ["2019-01-10 22:51:33"], "total_order": 1, "hotel_value": ["4.2"], "hotel_price": ["148"]}, "2707009": {"hotel_name": "\u6613\u4f70\u9152\u5e97(\u5357\u4eac\u6cb3\u6d77\u5927\u5b66\u5730\u94c1\u7ad9\u5e97)", "order_time": ["2019-01-10 22:51:34"], "total_order": 1, "hotel_value": ["4.2"], "hotel_price": ["159"]}, "2147831": {"hotel_name": "\u5357\u4eac\u60a6\u5b81\u5bbe\u9986", "order_time": ["2019-01-10 22:51:35"], "total_order": 1, "hotel_value": ["3.7"], "hotel_price": ["202"]}, "2200564": {"hotel_name": "\u6c49\u5ead\u9152\u5e97(\u5357\u4eac\u6ea7\u6c34\u673a\u573a\u8def\u5e97)", "order_time": ["2019-01-10 22:51:35"], "total_order": 1, "hotel_value": ["4.2"], "hotel_price": ["180"]}, "28357849": {"hotel_name": "\u5357\u4eac\u745e\u65af\u7279\u9152\u5e97\u5f0f\u516c\u5bd3", "order_time": ["2019-01-10 22:51:35"], "total_order": 1, "hotel_value": [0], "hotel_price": ["216"]}, "28013635": {"hotel_name": "\u5357\u4eac\u56db\u5b63\u5bbe\u9986", "order_time": ["2019-01-10 22:51:35"], "total_order": 1, "hotel_value": ["5.0"], "hotel_price": ["90"]}, "1943516": {"hotel_name": "\u5357\u4eac\u9752\u9f99\u5c71\u5e84\u9152\u5e97", "order_time": ["2019-01-10 22:51:35"], "total_order": 1, "hotel_value": ["4.7"], "hotel_price": ["528"]}, "5766405": {"hotel_name": "\u683c\u6797\u8054\u76df\u5357\u4eac\u6d66\u53e3\u533a\u4e2d\u5723\u8857\u6587\u5fb7\u8def\u5730\u94c1\u7ad9\u9152\u5e97", "order_time": ["2019-01-10 22:51:35"], "total_order": 1, "hotel_value": ["4.2"], "hotel_price": ["139"]}, "27852068": {"hotel_name": "\u5357\u4eac\u9f99\u95e8\u9a7f\u6808\u5bbe\u9986", "order_time": ["2019-01-10 22:51:35"], "total_order": 1, "hotel_value": ["4.8"], "hotel_price": ["112"]}, "5242512": {"hotel_name": "\u5c1acheng\u4f18\u9009\u9152\u5e97(\u5357\u4eac\u7984\u53e3\u673a\u573a\u5e97)", "order_time": ["2019-01-10 22:52:53"], "total_order": 1, "hotel_value": ["3.9"], "hotel_price": ["168"]}, "18553757": {"hotel_name": "\u5357\u4eac\u7231\u4e4b\u7f18\u7535\u5f71\u4e3b\u9898\u9152\u5e97", "order_time": ["2019-01-10 22:52:54"], "total_order": 1, "hotel_value": ["4.7"], "hotel_price": ["189"]}, "19494927": {"hotel_name": "\u5357\u4eac\u9006\u65f6\u5149\u9752\u5e74\u65c5\u820d", "order_time": ["2019-01-10 22:52:54"], "total_order": 1, "hotel_value": ["4.9"], "hotel_price": ["53"]}, "17177542": {"hotel_name": "\u5357\u4eac\u77f3\u552f\u7389\u00b7\u96e8\u82b1\u77f3\u9152\u5e97", "order_time": ["2019-01-10 22:52:55"], "total_order": 1, "hotel_value": ["4.8"], "hotel_price": ["689"]}, "13826393": {"hotel_name": "\u5357\u4eac\u6c64\u5c71\u6ce1\u6ce1\u6e29\u6cc9\u5ea6\u5047\u5ead\u9662", "order_time": ["2019-01-10 23:08:57", "2019-01-10 22:52:55"], "total_order": 2, "hotel_value": ["4.8", "4.8"], "hotel_price": ["700", "700"]}, "1660621": {"hotel_name": "\u5357\u4eac\u4e4b\u654f\u5e84\u4e3b\u9898\u9152\u5e97", "order_time": ["2019-01-10 22:52:56"], "total_order": 1, "hotel_value": ["4.2"], "hotel_price": ["113"]}, "3102109": {"hotel_name": "\u5357\u4eac\u79bb\u7ebf\u5c0f\u9662", "order_time": ["2019-01-10 22:52:56"], "total_order": 1, "hotel_value": ["4.8"], "hotel_price": ["625"]}, "1828096": {"hotel_name": "\u9a8f\u6021\u8fde\u9501\u9152\u5e97(\u5357\u4eac\u90ae\u7535\u5927\u5b66\u4e09\u724c\u697c\u5e97)", "order_time": ["2019-01-10 22:52:59"], "total_order": 1, "hotel_value": ["4.5"], "hotel_price": ["106"]}, "1389936": {"hotel_name": "\u5357\u4eac\u6625\u4f1f\u5bbe\u9986", "order_time": ["2019-01-10 22:53:06"], "total_order": 1, "hotel_value": ["3.1"], "hotel_price": ["64"]}, "5379628": {"hotel_name": "\u5357\u4eac\u5e02\u6c5f\u5b81\u533a\u99a8\u6e2f\u5bbe\u9986", "order_time": ["2019-01-10 22:53:07"], "total_order": 1, "hotel_value": ["4.0"], "hotel_price": ["125"]}, "6791268": {"hotel_name": "\u5357\u4eac\u9ea6\u8fea\u5bbe\u9986", "order_time": ["2019-01-10 22:53:23"], "total_order": 1, "hotel_value": ["2.9"], "hotel_price": ["90"]}, "1944335": {"hotel_name": "\u5357\u4eac\u6ea7\u6c34\u5b8f\u6cf0\u5927\u9152\u5e97", "order_time": ["2019-01-10 22:53:23"], "total_order": 1, "hotel_value": ["3.5"], "hotel_price": ["170"]}, "5639549": {"hotel_name": "\u5357\u4eac\u798f\u5b89\u65c5\u9986", "order_time": ["2019-01-10 22:53:23"], "total_order": 1, "hotel_value": [0], "hotel_price": ["92"]}, "1317778": {"hotel_name": "\u5357\u4eac\u6021\u5bb6\u5c0f\u5c45\u77ed\u79df\u516c\u5bd3", "order_time": ["2019-01-10 22:53:23"], "total_order": 1, "hotel_value": ["4.4"], "hotel_price": ["80"]}, "1486338": {"hotel_name": "\u5357\u4eac\u4fca\u53d1\u5bbe\u9986", "order_time": ["2019-01-10 22:53:23"], "total_order": 1, "hotel_value": ["3.8"], "hotel_price": ["48"]}, "1419840": {"hotel_name": "\u5357\u4eac\u5982\u6625\u65c5\u9986", "order_time": ["2019-01-10 22:53:23"], "total_order": 1, "hotel_value": ["3.6"], "hotel_price": ["71"]}, "26408284": {"hotel_name": "\u5357\u4eac\u5b98\u5c71\u4e91\u70fd\u5927\u9152\u5e97", "order_time": ["2019-01-10 22:53:23"], "total_order": 1, "hotel_value": [0], "hotel_price": ["162"]}, "24235849": {"hotel_name": "\u5357\u4eac\u8fb0\u946b\u9152\u5e97", "order_time": ["2019-01-10 22:53:23"], "total_order": 1, "hotel_value": ["4.9"], "hotel_price": ["168"]}, "1579513": {"hotel_name": "\u5357\u4eac\u52a0\u83f2\u9752\u5e74\u65c5\u820d", "order_time": ["2019-01-10 22:53:24"], "total_order": 1, "hotel_value": ["4.6"], "hotel_price": ["42"]}, "10475121": {"hotel_name": "\u5357\u4eac\u90fd\u5e02\u9a7f\u5bb6\u9752\u5e74\u516c\u5bd3(\u539f\u661f\u9645\u592a\u7a7a\u8231\u516c\u5bd3)", "order_time": ["2019-01-10 22:55:29", "2019-01-10 22:53:29"], "total_order": 2, "hotel_value": ["4.8", "4.8"], "hotel_price": ["45", "45"]}, "23863891": {"hotel_name": "\u56fd\u529b\u5bbe\u9986(\u5357\u4eac\u8fc8\u768b\u6865\u5730\u94c1\u7ad9\u5e97)", "order_time": ["2019-01-10 22:53:31"], "total_order": 1, "hotel_value": ["3.5"], "hotel_price": ["116"]}, "13658367": {"hotel_name": "\u4e50\u4f18\u5c45\u7cbe\u54c1\u516c\u5bd3\uff08\u5357\u4eac\u96e8\u82b1\u5ba2\u5385\u5e97\uff09", "order_time": ["2019-01-10 22:54:52"], "total_order": 1, "hotel_value": ["4.8"], "hotel_price": ["598"]}, "854464": {"hotel_name": "\u5357\u4eac\u9ad8\u697c\u95e8\u996d\u5e97", "order_time": ["2019-01-10 22:54:52"], "total_order": 1, "hotel_value": ["4.4"], "hotel_price": ["297"]}, "2300352": {"hotel_name": "7\u5929\u8fde\u9501\u9152\u5e97(\u5357\u4eac\u5927\u5382\u6b65\u884c\u8857\u5e97)", "order_time": ["2019-01-10 22:54:53"], "total_order": 1, "hotel_value": ["4.1"], "hotel_price": ["91"]}, "878711": {"hotel_name": "\u51ef\u5bbe\u9152\u5e97\u516c\u5bd3\u8fde\u9501(\u5357\u4eac\u51ef\u6da6\u91d1\u57ce\u5e97)", "order_time": ["2019-01-10 22:54:54"], "total_order": 1, "hotel_value": ["4.2"], "hotel_price": ["228"]}, "8651067": {"hotel_name": "\u5357\u4eacTT TOUCH\u9152\u5e97", "order_time": ["2019-01-10 22:54:54"], "total_order": 1, "hotel_value": ["4.6"], "hotel_price": ["323"]}, "5095130": {"hotel_name": "\u901f8\u9152\u5e97(\u5357\u4eac\u83ab\u6101\u6e56\u6c34\u897f\u95e8\u5e97)", "order_time": ["2019-01-10 22:54:54"], "total_order": 1, "hotel_value": ["4.4"], "hotel_price": ["142"]}, "15016883": {"hotel_name": "\u5357\u4eac\u597d\u5ba2\u6765\u9152\u5e97\u5f0f\u516c\u5bd3", "order_time": ["2019-01-10 22:54:55"], "total_order": 1, "hotel_value": ["4.6"], "hotel_price": ["147"]}, "5323635": {"hotel_name": "\u9526\u6c5f\u4e4b\u661f(\u5357\u4eac\u6797\u4e1a\u5927\u5b66\u82b1\u56ed\u8def\u5e97)", "order_time": ["2019-01-10 22:55:00"], "total_order": 1, "hotel_value": ["4.5"], "hotel_price": ["193"]}, "915022": {"hotel_name": "\u5357\u4eac\u4ed9\u6797\u4e4b\u661f\u5bbe\u9986", "order_time": ["2019-01-10 22:55:03"], "total_order": 1, "hotel_value": ["3.7"], "hotel_price": ["87"]}, "6039366": {"hotel_name": "\u5357\u4eac\u9a7f\u5fc3\u6816\u9152\u5e97\u516c\u5bd3", "order_time": ["2019-01-10 22:55:12"], "total_order": 1, "hotel_value": ["4.4"], "hotel_price": ["134"]}, "3916519": {"hotel_name": "\u5357\u4eac\u5b89\u6734\u9152\u5e97", "order_time": ["2019-01-10 22:55:35", "2019-01-10 23:01:21"], "total_order": 2, "hotel_value": ["4.7", "4.7"], "hotel_price": ["498", "498"]}, "8719717": {"hotel_name": "\u9526\u6c5f\u90fd\u57ce\u9152\u5e97(\u5357\u4eac\u4e1c\u5357\u5927\u5b66\u5e97)", "order_time": ["2019-01-10 22:55:35", "2019-01-10 23:25:51"], "total_order": 2, "hotel_value": ["4.8", "4.8"], "hotel_price": ["339", "359"]}, "4603840": {"hotel_name": "\u5357\u4eac\u5965\u4f53\u4e3b\u9898\u516c\u9986", "order_time": ["2019-01-10 22:56:54"], "total_order": 1, "hotel_value": ["4.7"], "hotel_price": ["297"]}, "470827": {"hotel_name": "\u9526\u6c5f\u5357\u4eac\u996d\u5e97", "order_time": ["2019-01-10 22:56:56", "2019-01-10 23:02:53"], "total_order": 2, "hotel_value": ["4.8", "4.8"], "hotel_price": ["367", "367"]}, "15899490": {"hotel_name": "\u5168\u5b63\u9152\u5e97(\u5357\u4eac\u603b\u7edf\u5e9c\u5e97)", "order_time": ["2019-01-10 22:56:56"], "total_order": 1, "hotel_value": ["4.7"], "hotel_price": ["362"]}, "1476770": {"hotel_name": "\u552f\u7231\u4e4b\u661f\u4e3b\u9898\u5bbe\u9986(\u5357\u4eac\u4ed9\u6797\u5e97)", "order_time": ["2019-01-10 22:57:01"], "total_order": 1, "hotel_value": ["3.8"], "hotel_price": ["170"]}, "793210": {"hotel_name": "\u4e49\u90fd\u8fde\u9501\u9152\u5e97(\u5357\u4eac\u5927\u6865\u5357\u8def\u5e97)", "order_time": ["2019-01-10 22:57:04"], "total_order": 1, "hotel_value": ["4.2"], "hotel_price": ["90"]}, "21744273": {"hotel_name": "\u5357\u4eac\u68a6\u6cfd\u5feb\u6377\u5bbe\u9986", "order_time": ["2019-01-10 22:57:05"], "total_order": 1, "hotel_value": ["4.9"], "hotel_price": ["331"]}, "15899728": {"hotel_name": "\u5357\u4eac\u4f0a\u8428\u5361\u9152\u5e97\u516c\u5bd3", "order_time": ["2019-01-10 23:13:05", "2019-01-10 22:57:06", "2019-01-10 23:19:04"], "total_order": 3, "hotel_value": ["4.5", "4.5", "4.5"], "hotel_price": ["213", "213", "213"]}, "1517861": {"hotel_name": "\u5357\u4eac\u91ca\u7231\u7cbe\u54c1\u4e3b\u9898\u9152\u5e97", "order_time": ["2019-01-10 22:57:06"], "total_order": 1, "hotel_value": ["3.2"], "hotel_price": ["216"]}, "5323559": {"hotel_name": "\u5357\u4eac\u82b1\u56ed\u6e56\u65f6\u5c1a\u827a\u672f\u9152\u5e97", "order_time": ["2019-01-10 22:57:10"], "total_order": 1, "hotel_value": ["4.4"], "hotel_price": ["102"]}, "6457527": {"hotel_name": "\u6c49\u5ead\u9152\u5e97(\u5357\u4eac\u6cb3\u897f\u4e07\u8fbe\u5e97)", "order_time": ["2019-01-10 22:57:42"], "total_order": 1, "hotel_value": ["4.5"], "hotel_price": ["265"]}, "7215718": {"hotel_name": "\u7ef4\u4e5f\u7eb3\u9152\u5e97(\u5357\u4eac\u592b\u5b50\u5e99\u96e8\u82b1\u8def\u5e97)", "order_time": ["2019-01-10 22:58:50"], "total_order": 1, "hotel_value": ["4.8"], "hotel_price": ["268"]}, "8867914": {"hotel_name": "\u6f2b\u5fc3\u9152\u5e97(\u5357\u4eac\u592b\u5b50\u5e99\u5e97)", "order_time": ["2019-01-10 22:58:51"], "total_order": 1, "hotel_value": ["4.7"], "hotel_price": ["363"]}, "691197": {"hotel_name": "\u5357\u4eac\u767d\u5bab\u5927\u9152\u5e97", "order_time": ["2019-01-10 22:58:51"], "total_order": 1, "hotel_value": ["4.2"], "hotel_price": ["268"]}, "1946014": {"hotel_name": "\u91d1\u5143\u5b9d\u5927\u9152\u5e97(\u5357\u4eac\u4f17\u5f69\u5e97)", "order_time": ["2019-01-10 22:58:53"], "total_order": 1, "hotel_value": ["3.9"], "hotel_price": ["196"]}, "23802785": {"hotel_name": "\u5357\u4eac\u6f3e\u5e94\u9752\u6625\u91cc\u9152\u5e97", "order_time": ["2019-01-10 22:58:54", "2019-01-10 23:08:57"], "total_order": 2, "hotel_value": ["4.8", "4.8"], "hotel_price": ["173", "173"]}, "13819648": {"hotel_name": "\u5357\u4eac\u6c49\u8d8a\u5ead\u7cbe\u54c1\u9152\u5e97", "order_time": ["2019-01-10 22:59:06"], "total_order": 1, "hotel_value": ["4.8"], "hotel_price": ["142"]}, "15973629": {"hotel_name": "\u5357\u4eac\u4f73\u7f8e\u822a\u7a7a\u9152\u5e97", "order_time": ["2019-01-10 23:00:49"], "total_order": 1, "hotel_value": ["4.5"], "hotel_price": ["297"]}, "1453801": {"hotel_name": "\u5982\u5bb6\u5feb\u6377\u9152\u5e97(\u5357\u4eac\u957f\u9014\u6c7d\u8f66\u4e1c\u7ad9\u6797\u4e1a\u5927\u5b66\u65b0\u5e84\u5730\u94c1\u7ad9\u5e97)", "order_time": ["2019-01-10 23:00:53"], "total_order": 1, "hotel_value": ["4.4"], "hotel_price": ["170"]}, "4425501": {"hotel_name": "\u7ef4\u4e5f\u7eb3\u56fd\u9645\u9152\u5e97(\u5357\u4eac\u5357\u7ad9\u4e2d\u5fc3\u5e97)", "order_time": ["2019-01-10 23:00:53"], "total_order": 1, "hotel_value": ["4.8"], "hotel_price": ["359"]}, "987265": {"hotel_name": "\u6761\u5f62\u7801\u827a\u672f\u9152\u5e97(\u5357\u4eac\u592b\u5b50\u5e99\u6e38\u620f\u5e97)", "order_time": ["2019-01-10 23:00:53"], "total_order": 1, "hotel_value": ["3.7"], "hotel_price": ["123"]}, "3396393": {"hotel_name": "\u5357\u4eac\u4e00\u8def\u9633\u5149\u5bbe\u9986", "order_time": ["2019-01-10 23:00:55"], "total_order": 1, "hotel_value": ["4.3"], "hotel_price": ["111"]}, "25664295": {"hotel_name": "\u5357\u4eac\u5510\u6676\u9152\u5e97", "order_time": ["2019-01-10 23:00:56"], "total_order": 1, "hotel_value": ["4.8"], "hotel_price": ["191"]}, "470412": {"hotel_name": "\u6c5f\u82cf\u8bae\u4e8b\u56ed\u9152\u5e97", "order_time": ["2019-01-10 23:00:59"], "total_order": 1, "hotel_value": ["4.6"], "hotel_price": ["558"]}, "2586767": {"hotel_name": "\u5357\u4eac\u4f73\u6708\u697c\u5546\u52a1\u5bbe\u9986", "order_time": ["2019-01-10 23:01:09"], "total_order": 1, "hotel_value": ["4.5"], "hotel_price": ["123"]}, "1350616": {"hotel_name": "\u5357\u4eac\u5feb\u4e50\u9a7f\u7ad9", "order_time": ["2019-01-10 23:01:25"], "total_order": 1, "hotel_value": ["3.0"], "hotel_price": ["71"]}, "8412404": {"hotel_name": "\u5357\u4eac\u749f\u5c1a\u7cbe\u54c1\u9152\u5e97\u516c\u5bd3", "order_time": ["2019-01-10 23:01:31"], "total_order": 1, "hotel_value": ["4.6"], "hotel_price": ["195"]}, "434302": {"hotel_name": "\u5357\u4eac\u660e\u53d1\u56fd\u9645\u5927\u9152\u5e97", "order_time": ["2019-01-10 23:02:49"], "total_order": 1, "hotel_value": ["4.7"], "hotel_price": ["548"]}, "2155706": {"hotel_name": "\u5357\u4eac\u6f2b\u8fb0\u9152\u5e97\u516c\u5bd3", "order_time": ["2019-01-10 23:02:50", "2019-01-10 23:23:06"], "total_order": 2, "hotel_value": ["4.7", "4.7"], "hotel_price": ["278", "409"]}, "1774379": {"hotel_name": "\u6c49\u5ead\u9152\u5e97(\u5357\u4eac\u677f\u4ed3\u848b\u738b\u5e99\u5730\u94c1\u7ad9\u5e97)(\u539f\u677f\u4ed3\u8857\u5e97)", "order_time": ["2019-01-10 23:02:52"], "total_order": 1, "hotel_value": ["4.1"], "hotel_price": ["187"]}, "2071053": {"hotel_name": "\u5357\u4eac\u5fa1\u666f\u6e7e\u9152\u5e97\u516c\u5bd3", "order_time": ["2019-01-10 23:02:52"], "total_order": 1, "hotel_value": ["4.7"], "hotel_price": ["262"]}, "6410668": {"hotel_name": "\u5357\u4eac\u4e4c\u8863\u5df7\u5ba2\u6808\u592b\u5b50\u5e99\u5e97", "order_time": ["2019-01-10 23:02:54"], "total_order": 1, "hotel_value": ["4.4"], "hotel_price": ["64"]}, "2302852": {"hotel_name": "7\u5929\u8fde\u9501\u9152\u5e97(\u5357\u4eac\u5357\u7ad9\u6c5f\u5b81\u6cb3\u5b9a\u6865\u5730\u94c1\u7ad9\u5e97)", "order_time": ["2019-01-10 23:02:58"], "total_order": 1, "hotel_value": ["3.9"], "hotel_price": ["102"]}, "13390170": {"hotel_name": "\u5357\u4eac\u5982\u679c\u592a\u7a7a\u8231\u5ba2\u6808", "order_time": ["2019-01-10 23:03:01"], "total_order": 1, "hotel_value": ["4.8"], "hotel_price": ["49"]}, "3031813": {"hotel_name": "\u6613\u4f70\u9152\u5e97(\u5357\u4eac\u4e2d\u5c71\u9675\u9a6c\u7fa4\u5730\u94c1\u7ad9\u5e97)", "order_time": ["2019-01-10 23:03:01"], "total_order": 1, "hotel_value": ["4.1"], "hotel_price": ["150"]}, "23224537": {"hotel_name": "\u5357\u4eac\u661f\u604b\u6e7e\u5047\u65e5\u9152\u5e97", "order_time": ["2019-01-10 23:03:02"], "total_order": 1, "hotel_value": ["4.5"], "hotel_price": ["93"]}, "2728633": {"hotel_name": "\u5357\u4eac\u82f1\u4e54\u8c6a\u4eab\u5546\u52a1\u9152\u5e97", "order_time": ["2019-01-10 23:03:06"], "total_order": 1, "hotel_value": ["4.2"], "hotel_price": ["94"]}, "5378613": {"hotel_name": "\u5357\u4eac\u5357\u6d4b\u62db\u5f85\u6240", "order_time": ["2019-01-10 23:03:15"], "total_order": 1, "hotel_value": ["3.9"], "hotel_price": ["90"]}, "5033313": {"hotel_name": "\u5357\u4eac\u897f\u683c\u739b\u827a\u672f\u9152\u5e97", "order_time": ["2019-01-10 23:03:34"], "total_order": 1, "hotel_value": ["3.6"], "hotel_price": ["188"]}, "1677386": {"hotel_name": "\u5357\u4eac\u60a0\u6765\u5c1a\u54c1\u9152\u5e97", "order_time": ["2019-01-10 23:04:57"], "total_order": 1, "hotel_value": ["4.7"], "hotel_price": ["229"]}, "435734": {"hotel_name": "\u5357\u4eac\u80af\u5b9a\u7cbe\u54c1\u6c34\u6676\u9152\u5e97", "order_time": ["2019-01-10 23:04:58"], "total_order": 1, "hotel_value": ["4.1"], "hotel_price": ["189"]}, "1363338": {"hotel_name": "\u57ce\u5e02\u9a7f\u5bb6\u5bbe\u9986(\u5357\u4eac\u6c5f\u5b81\u4e07\u8fbe\u5e97)(\u539f\u957f\u76c8\u5bbe\u9986)", "order_time": ["2019-01-10 23:05:06"], "total_order": 1, "hotel_value": ["4.4"], "hotel_price": ["83"]}, "19439378": {"hotel_name": "\u5357\u4eac\u68a6\u4e4b\u4e91\u9152\u5e97", "order_time": ["2019-01-10 23:05:09"], "total_order": 1, "hotel_value": ["4.9"], "hotel_price": ["151"]}, "5972344": {"hotel_name": "\u5357\u4eac\u8fc7\u5bb6\u5bb6\u8bbe\u8ba1\u5e08\u9152\u5e97", "order_time": ["2019-01-10 23:07:05"], "total_order": 1, "hotel_value": ["4.2"], "hotel_price": ["306"]}, "1943360": {"hotel_name": "\u69b4\u83b2\u5c0f\u661f\u7cd6\u679c\u9152\u5e97(\u5357\u4eac\u7384\u6b66\u6e56\u5e97)", "order_time": ["2019-01-10 23:07:35"], "total_order": 1, "hotel_value": ["4.2"], "hotel_price": ["188"]}, "4646635": {"hotel_name": "\u5b9c\u5fc5\u601d\u5c1a\u54c1\u5357\u4eac\u5f20\u5e9c\u56ed\u5730\u94c1\u7ad9\u9152\u5e97", "order_time": ["2019-01-10 23:08:51"], "total_order": 1, "hotel_value": ["4.3"], "hotel_price": ["308"]}, "434989": {"hotel_name": "\u5357\u4eac\u4e2d\u5fc3\u5927\u9152\u5e97", "order_time": ["2019-01-10 23:08:52", "2019-01-10 23:26:59", "2019-01-10 23:18:58"], "total_order": 3, "hotel_value": ["4.8", "4.8", "4.8"], "hotel_price": ["492", "492", "492"]}, "1451827": {"hotel_name": "\u5982\u5bb6\u5feb\u6377\u9152\u5e97(\u5357\u4eac\u592b\u5b50\u5e99\u5730\u94c1\u7ad9\u5e73\u6c5f\u5e9c\u8def\u5e97)", "order_time": ["2019-01-10 23:08:53"], "total_order": 1, "hotel_value": ["4.5"], "hotel_price": ["158"]}, "6402423": {"hotel_name": "\u5357\u4eac\u7384\u6b66\u6e56\u5047\u65e5\u9152\u5e97", "order_time": ["2019-01-10 23:08:53"], "total_order": 1, "hotel_value": ["4.6"], "hotel_price": ["818"]}, "6075600": {"hotel_name": "\u5357\u4eac\u4e9a\u4e1c\u4ff1\u4e50\u90e8", "order_time": ["2019-01-10 23:08:53"], "total_order": 1, "hotel_value": ["4.5"], "hotel_price": ["259"]}, "10571966": {"hotel_name": "\u9510\u601d\u7279\u9152\u5e97(\u5357\u4eac\u5357\u7ad9\u8bda\u4fe1\u5927\u9053\u5730\u94c1\u7ad9\u5e97)", "order_time": ["2019-01-10 23:18:54", "2019-01-10 23:08:53"], "total_order": 2, "hotel_value": ["4.5", "4.5"], "hotel_price": ["212", "212"]}, "24039158": {"hotel_name": "\u5357\u4eac\u89c5\u5bbf\u9152\u5e97", "order_time": ["2019-01-10 23:08:53"], "total_order": 1, "hotel_value": ["5.0"], "hotel_price": ["316"]}, "25289828": {"hotel_name": "\u5357\u4eac\u5f92\u884c\u964c\u5ba2\u9752\u5e74\u65c5\u820d", "order_time": ["2019-01-10 23:08:53"], "total_order": 1, "hotel_value": ["4.9"], "hotel_price": ["43"]}, "1448720": {"hotel_name": "\u5982\u5bb6\u5546\u65c5\u9152\u5e97(\u5357\u4eac\u7384\u6b66\u6e56\u65b0\u6a21\u8303\u9a6c\u8def\u5730\u94c1\u7ad9\u5e97)", "order_time": ["2019-01-10 23:08:53"], "total_order": 1, "hotel_value": ["4.8"], "hotel_price": ["278"]}, "1452427": {"hotel_name": "\u5982\u5bb6\u5feb\u6377\u9152\u5e97(\u5357\u4eac\u6c5f\u6d66\u9f99\u534e\u8def\u5730\u94c1\u7ad9\u5e97)", "order_time": ["2019-01-10 23:08:53"], "total_order": 1, "hotel_value": ["4.4"], "hotel_price": ["139"]}, "18055590": {"hotel_name": "\u7f8e\u5e74\u534e\u56fd\u9645\u670d\u52a1\u5f0f\u516c\u5bd3(\u5357\u4eac\u96e8\u82b1\u5ba2\u5385\u5929\u9686\u5bfa\u5730\u94c1\u7ad9\u5e97)", "order_time": ["2019-01-10 23:08:53"], "total_order": 1, "hotel_value": ["4.7"], "hotel_price": ["172"]}, "2306709": {"hotel_name": "7\u5929\u8fde\u9501\u9152\u5e97(\u5357\u4eac\u6c64\u5c71\u6e29\u6cc9\u5e97)", "order_time": ["2019-01-10 23:08:56"], "total_order": 1, "hotel_value": ["4.4"], "hotel_price": ["142"]}, "1211088": {"hotel_name": "\u83ab\u6cf0168(\u5357\u4eac\u65b0\u8857\u53e3\u5546\u4e1a\u4e2d\u5fc3\u660e\u74e6\u5eca\u5e97)", "order_time": ["2019-01-10 23:08:57"], "total_order": 1, "hotel_value": ["4.5"], "hotel_price": ["165"]}, "1803814": {"hotel_name": "\u5357\u4eac\u6d69\u6d69\u5bbe\u9986", "order_time": ["2019-01-10 23:09:05"], "total_order": 1, "hotel_value": ["3.5"], "hotel_price": ["159"]}, "15051208": {"hotel_name": "\u5357\u4eac\u6c5f\u5317\u4e3d\u5a77\u4e4b\u5bb6\u666e\u901a\u516c\u5bd3(\u5206\u5e97)", "order_time": ["2019-01-10 23:09:11"], "total_order": 1, "hotel_value": [0], "hotel_price": ["238"]}, "1633044": {"hotel_name": "\u5357\u4eac\u6e56\u6ee8\u91d1\u9675\u996d\u5e97", "order_time": ["2019-01-10 23:09:19"], "total_order": 1, "hotel_value": ["4.6"], "hotel_price": ["3985"]}, "1379296": {"hotel_name": "\u6c49\u5ead\u9152\u5e97(\u5357\u4eac\u4e0a\u6d77\u8def\u5730\u94c1\u7ad9\u5e97)", "order_time": ["2019-01-10 23:09:19"], "total_order": 1, "hotel_value": ["4.3"], "hotel_price": ["208"]}, "923197": {"hotel_name": "\u5357\u4eac\u68a6\u60c5\u9601\u5bbe\u9986", "order_time": ["2019-01-10 23:09:35"], "total_order": 1, "hotel_value": ["3.7"], "hotel_price": ["128"]}, "5073966": {"hotel_name": "\u5e03\u4e01\u9152\u5e97(\u5357\u4eac\u592b\u5b50\u5e99\u5730\u94c1\u7ad9\u5e97)", "order_time": ["2019-01-10 23:10:50"], "total_order": 1, "hotel_value": ["4.5"], "hotel_price": ["112"]}, "17589650": {"hotel_name": "\u5357\u4eac\u4e2d\u5c71\u9675\u666f\u533a\u4e9a\u6735\u9152\u5e97", "order_time": ["2019-01-10 23:10:51"], "total_order": 1, "hotel_value": ["4.8"], "hotel_price": ["380"]}, "2300356": {"hotel_name": "7\u5929\u8fde\u9501\u9152\u5e97(\u5357\u4eac1912\u9152\u5427\u533a\u6d6e\u6865\u5730\u94c1\u7ad9\u5e97)", "order_time": ["2019-01-10 23:10:52"], "total_order": 1, "hotel_value": ["4.3"], "hotel_price": ["166"]}, "2204005": {"hotel_name": "\u5357\u4eac\u6d1b\u514b\u9152\u5e97", "order_time": ["2019-01-10 23:10:59"], "total_order": 1, "hotel_value": ["4.2"], "hotel_price": ["83"]}, "1946191": {"hotel_name": "\u5357\u4eac\u96c5\u6d01\u5546\u52a1\u5bbe\u9986", "order_time": ["2019-01-10 23:11:06"], "total_order": 1, "hotel_value": ["4.4"], "hotel_price": ["109"]}, "1945283": {"hotel_name": "\u5357\u4eac\u6da6\u8473\u9152\u5e97", "order_time": ["2019-01-10 23:11:06", "2019-01-10 23:12:55"], "total_order": 2, "hotel_value": ["4.7", "4.7"], "hotel_price": ["265", "265"]}, "23706797": {"hotel_name": "\u5357\u4eac\u74e6\u4f26\u4e01\u9152\u5e97", "order_time": ["2019-01-10 23:11:06"], "total_order": 1, "hotel_value": ["4.9"], "hotel_price": ["244"]}, "22268232": {"hotel_name": "\u68a7\u6850\u5bd3\u00b7\u5f71\u9662\u9152\u5e97(\u5357\u4eac\u5357\u7ad9\u5357\u5e7f\u573a\u5e97)", "order_time": ["2019-01-10 23:11:06"], "total_order": 1, "hotel_value": ["4.7"], "hotel_price": ["240"]}, "12543472": {"hotel_name": "\u5357\u4eac\u670b\u6765\u56fd\u9645\u9152\u5e97\u516c\u5bd3", "order_time": ["2019-01-10 23:11:06"], "total_order": 1, "hotel_value": ["4.6"], "hotel_price": ["164"]}, "2067262": {"hotel_name": "\u5357\u4eac\u96c5\u5e06\u5bbe\u9986", "order_time": ["2019-01-10 23:11:06"], "total_order": 1, "hotel_value": ["4.2"], "hotel_price": ["123"]}, "8511180": {"hotel_name": "\u6e05\u6c90\u7cbe\u54c1\u9152\u5e97(\u5357\u4eac\u677f\u6865\u6885\u5c71\u5e97)", "order_time": ["2019-01-10 23:11:12"], "total_order": 1, "hotel_value": ["4.5"], "hotel_price": ["112"]}, "2133050": {"hotel_name": "\u5357\u4eac\u5c45\u683c\u5bbe\u9986(\u539f\u5de8\u6d9b\u65c5\u5e97)", "order_time": ["2019-01-10 23:11:12"], "total_order": 1, "hotel_value": ["4.6"], "hotel_price": ["93"]}, "27817748": {"hotel_name": "\u5357\u4eac\u4e91\u5ce4\u6e29\u6cc9\u517b\u751f\u6c11\u5bbf", "order_time": ["2019-01-10 23:11:13"], "total_order": 1, "hotel_value": [0], "hotel_price": ["847"]}, "1943682": {"hotel_name": "\u5357\u4eac\u5927\u597d\u6cb3\u5c71\u5ea6\u5047\u9152\u5e97(\u539f\u7d2b\u4e30\u9501\u77f3\u5ea6\u5047\u9152\u5e97)", "order_time": ["2019-01-10 23:11:13"], "total_order": 1, "hotel_value": ["4.0"], "hotel_price": ["198"]}, "7687802": {"hotel_name": "\u5357\u4eac\u767d\u65af\u7279\u9152\u5e97", "order_time": ["2019-01-10 23:11:31"], "total_order": 1, "hotel_value": ["4.6"], "hotel_price": ["298"]}, "5758669": {"hotel_name": "\u5357\u4eac\u8c6a\u5ead\u9152\u5e97\u516c\u5bd3", "order_time": ["2019-01-10 23:11:34"], "total_order": 1, "hotel_value": ["4.6"], "hotel_price": ["220"]}, "371145": {"hotel_name": "\u5357\u4eac\u7ef4\u666f\u56fd\u9645\u5927\u9152\u5e97", "order_time": ["2019-01-10 23:11:43"], "total_order": 1, "hotel_value": ["4.6"], "hotel_price": ["598"]}, "1448580": {"hotel_name": "\u83ab\u6cf0168(\u5357\u4eac\u535a\u7269\u9662\u4e2d\u5c71\u9675\u98ce\u666f\u533a\u5e97)(\u539f\u4e2d\u5c71\u95e8\u4e2d\u5c71\u9675\u98ce\u666f\u533a\u5e97)", "order_time": ["2019-01-10 23:12:52"], "total_order": 1, "hotel_value": ["4.4"], "hotel_price": ["139"]}, "4957374": {"hotel_name": "Zsmart\u667a\u5c1a\u9152\u5e97(\u5357\u4eac\u592b\u5b50\u5e99\u5927\u5149\u8def\u5e97)", "order_time": ["2019-01-10 23:12:52"], "total_order": 1, "hotel_value": ["4.5"], "hotel_price": ["174"]}, "946985": {"hotel_name": "\u53e4\u90fd\u6587\u5316\u5546\u52a1\u65c5\u9986(\u5357\u4eac\u65b0\u8857\u53e3\u5e97)", "order_time": ["2019-01-10 23:12:52", "2019-01-10 23:24:59"], "total_order": 2, "hotel_value": ["4.4", "4.4"], "hotel_price": ["249", "249"]}, "4447194": {"hotel_name": "\u5357\u4eac\u9a7f\u5ead\u5bbe\u9986", "order_time": ["2019-01-10 23:12:52"], "total_order": 1, "hotel_value": ["4.1"], "hotel_price": ["163"]}, "5781676": {"hotel_name": "\u9e97\u67ab\u9152\u5e97(\u5357\u4eac\u4e07\u8fbe\u5e7f\u573a\u5929\u5370\u5927\u9053\u5e97)", "order_time": ["2019-01-10 23:12:53"], "total_order": 1, "hotel_value": ["4.6"], "hotel_price": ["249"]}, "6473532": {"hotel_name": "\u7f8e\u8c6a\u9152\u5e97(\u5357\u4eac\u5e02\u4e2d\u5fc3\u5e97) ", "order_time": ["2019-01-10 23:12:54"], "total_order": 1, "hotel_value": ["4.8"], "hotel_price": ["346"]}, "9557949": {"hotel_name": "\u5357\u4eac\u591c\u6cca\u79e6\u6dee\u541b\u4ead\u9152\u5e97\u00b7\u68cb\u5cf0\u8bd5\u9986", "order_time": ["2019-01-10 23:12:54"], "total_order": 1, "hotel_value": ["4.9"], "hotel_price": ["1599"]}, "5904203": {"hotel_name": "\u5357\u4eac\u65b0\u9038\u5929\u91d1\u4e1d\u5229\u9152\u5e97", "order_time": ["2019-01-10 23:12:54"], "total_order": 1, "hotel_value": ["4.6"], "hotel_price": ["368"]}, "1670211": {"hotel_name": "\u80af\u5b9a\u7cbe\u9009\u9152\u5e97(\u5357\u4eac\u96e8\u82b1\u897f\u8def\u5e97)(\u539f\u5fa1\u534e\u5ead\u5feb\u6377\u65c5\u5e97)", "order_time": ["2019-01-10 23:12:57"], "total_order": 1, "hotel_value": ["4.2"], "hotel_price": ["123"]}, "1944075": {"hotel_name": "\u5e03\u4e01\u9152\u5e97(\u5357\u4eac\u9ad8\u65b0\u533a\u4e1c\u5927\u6210\u8d24\u5b66\u9662\u5730\u94c1\u7ad9\u5e97)", "order_time": ["2019-01-10 23:13:04"], "total_order": 1, "hotel_value": ["4.0"], "hotel_price": ["117"]}, "1633059": {"hotel_name": "\u5357\u4eac\u541b\u51ef\u5927\u9152\u5e97", "order_time": ["2019-01-10 23:13:05"], "total_order": 1, "hotel_value": ["4.1"], "hotel_price": ["239"]}, "8669224": {"hotel_name": "\u5357\u4eac\u51e4\u60a6\u5bbe\u9986", "order_time": ["2019-01-10 23:13:06"], "total_order": 1, "hotel_value": ["4.4"], "hotel_price": ["152"]}, "1776620": {"hotel_name": "\u5e03\u4e01\u9152\u5e97(\u5357\u4eac\u6cb3\u5b9a\u6865\u5730\u94c1\u7ad9\u5e97 )(\u539f\u5723\u8fbe\u5bbe\u9986)", "order_time": ["2019-01-10 23:13:09"], "total_order": 1, "hotel_value": ["4.1"], "hotel_price": ["149"]}, "5917347": {"hotel_name": "\u6854\u5b50\u9152\u5e97\u00b7\u7cbe\u9009(\u5357\u4eac\u738b\u5e9c\u5927\u8857\u5e97)", "order_time": ["2019-01-10 23:14:49"], "total_order": 1, "hotel_value": ["4.8"], "hotel_price": ["332"]}, "901996": {"hotel_name": "\u6e05\u6c90\u7cbe\u54c1\u9152\u5e97(\u6c64\u5c71\u6e29\u6cc9\u5e97)(\u539f\u76ca\u6cc9\u5bbe\u9986)", "order_time": ["2019-01-10 23:14:53"], "total_order": 1, "hotel_value": ["4.5"], "hotel_price": ["132"]}, "8698266": {"hotel_name": "\u5982\u5bb6\u9152\u5e97(\u5357\u4eac\u4e0a\u6d77\u8def\u5730\u94c1\u7ad9\u671d\u5929\u5bab\u5e97)", "order_time": ["2019-01-10 23:14:54"], "total_order": 1, "hotel_value": ["4.5"], "hotel_price": ["193"]}, "1359801": {"hotel_name": "\u6d77\u53cb\u9152\u5e97(\u5357\u4eac\u6c5f\u5b81\u5927\u5b66\u57ce\u5e97)", "order_time": ["2019-01-10 23:14:55"], "total_order": 1, "hotel_value": ["3.7"], "hotel_price": ["133"]}, "17491470": {"hotel_name": "\u6c49\u5ead\u4f18\u4f73\u9152\u5e97(\u5357\u4eac\u4ed9\u6797\u5927\u5b66\u57ce\u5e97)", "order_time": ["2019-01-10 23:16:49", "2019-01-10 23:14:56"], "total_order": 2, "hotel_value": ["4.6", "4.6"], "hotel_price": ["265", "265"]}, "20222505": {"hotel_name": "\u5357\u4eac\u6885\u5b50\u5bb6\u9152\u5e97", "order_time": ["2019-01-10 23:14:57"], "total_order": 1, "hotel_value": ["4.8"], "hotel_price": ["107"]}, "481331": {"hotel_name": "\u5357\u4eac\u4fdd\u9669\u5927\u53a6", "order_time": ["2019-01-10 23:14:58"], "total_order": 1, "hotel_value": ["4.2"], "hotel_price": ["246"]}, "1880478": {"hotel_name": "9\u5c45\u5bbe\u9986(\u5357\u4eac\u5357\u7ad9\u5e97)", "order_time": ["2019-01-10 23:14:59"], "total_order": 1, "hotel_value": ["3.7"], "hotel_price": ["70"]}, "3154919": {"hotel_name": "7\u5929\u8fde\u9501\u9152\u5e97(\u5357\u4eac\u592b\u5b50\u5e99\u96c6\u5e86\u95e8\u5e97)", "order_time": ["2019-01-10 23:15:00"], "total_order": 1, "hotel_value": ["4.2"], "hotel_price": ["139"]}, "6557671": {"hotel_name": "\u5fc3\u4e4b\u604b\u60c5\u4fa3\u9152\u5e97(\u5357\u4eac\u89e3\u653e\u8def\u5e97)", "order_time": ["2019-01-10 23:15:01"], "total_order": 1, "hotel_value": ["4.5"], "hotel_price": ["225"]}, "1085669": {"hotel_name": "\u5e03\u4e01\u4e25\u9009\u9152\u5e97(\u5357\u4eac\u5965\u4f53\u6653\u5e84\u5b66\u9662\u83ab\u6101\u6e56\u5730\u94c1\u7ad9\u5e97)", "order_time": ["2019-01-10 23:15:02"], "total_order": 1, "hotel_value": ["4.1"], "hotel_price": ["111"]}, "4335799": {"hotel_name": "\u5357\u4eac\u7476\u5706\u65c5\u793e", "order_time": ["2019-01-10 23:15:06"], "total_order": 1, "hotel_value": [0], "hotel_price": ["58"]}, "1069424": {"hotel_name": "\u5357\u4eac\u7f57\u66fc\u8482\u514b\u4e3b\u9898\u9152\u5e97", "order_time": ["2019-01-10 23:15:08"], "total_order": 1, "hotel_value": ["4.0"], "hotel_price": ["199"]}, "1636454": {"hotel_name": "\u5357\u4eac\u4e50\u7ef4\u7279\u5546\u52a1\u9152\u5e97", "order_time": ["2019-01-10 23:15:13"], "total_order": 1, "hotel_value": ["3.9"], "hotel_price": ["256"]}, "1419801": {"hotel_name": "\u5357\u4eac\u82cf\u5546\u5bbe\u9986", "order_time": ["2019-01-10 23:15:24"], "total_order": 1, "hotel_value": ["3.7"], "hotel_price": ["70"]}, "440999": {"hotel_name": "\u5357\u4eac\u6c64\u5c71\u5fa1\u5ead\u81fb\u54c1\u9152\u5e97", "order_time": ["2019-01-10 23:16:55"], "total_order": 1, "hotel_value": ["4.7"], "hotel_price": ["704"]}, "2249815": {"hotel_name": "\u5357\u4eac\u68c9\u94ed\u5feb\u6377\u9152\u5e97", "order_time": ["2019-01-10 23:16:57"], "total_order": 1, "hotel_value": ["4.1"], "hotel_price": ["193"]}, "811677": {"hotel_name": "\u6e05\u6c90\u7cbe\u9009\u9152\u5e97(\u5357\u4eac\u6e56\u5357\u8def\u6b65\u884c\u8857\u5e97)", "order_time": ["2019-01-10 23:16:57"], "total_order": 1, "hotel_value": ["4.3"], "hotel_price": ["146"]}, "1535636": {"hotel_name": "\u6c49\u5ead\u9152\u5e97(\u5357\u4eac\u6c5f\u5b81\u4e07\u8fbe\u5e97)", "order_time": ["2019-01-10 23:19:05", "2019-01-10 23:16:58"], "total_order": 2, "hotel_value": ["4.1", "4.1"], "hotel_price": ["161", "161"]}, "1946060": {"hotel_name": "\u6613\u4f70\u8fde\u9501\u65c5\u5e97(\u5357\u4eac\u6c5f\u5b81\u5927\u5b66\u57ce\u9f99\u7720\u5927\u9053\u5730\u94c1\u7ad9\u5e97)", "order_time": ["2019-01-10 23:17:00"], "total_order": 1, "hotel_value": ["4.6"], "hotel_price": ["98"]}, "3386108": {"hotel_name": "\u5357\u4eac\u9a7f\u4e3b\u9898\u4e4b\u5bb6\u9152\u5e97", "order_time": ["2019-01-10 23:17:03"], "total_order": 1, "hotel_value": ["4.1"], "hotel_price": ["131"]}, "6247731": {"hotel_name": "\u5357\u4eac\u65b0\u5c27\u5bbe\u9986", "order_time": ["2019-01-10 23:17:04"], "total_order": 1, "hotel_value": ["4.4"], "hotel_price": ["140"]}, "1647867": {"hotel_name": "\u5357\u4eac\u7231\u7434\u6d77\u5047\u65e5\u5bbe\u9986", "order_time": ["2019-01-10 23:17:05"], "total_order": 1, "hotel_value": ["4.5"], "hotel_price": ["122"]}, "1861415": {"hotel_name": "\u5357\u4eac\u5b89\u80dc\u9601\u5bbe\u9986", "order_time": ["2019-01-10 23:17:08"], "total_order": 1, "hotel_value": ["3.8"], "hotel_price": ["96"]}, "795182": {"hotel_name": "\u5357\u4eac\u5929\u7b11\u5bbe\u9986", "order_time": ["2019-01-10 23:17:13"], "total_order": 1, "hotel_value": ["3.7"], "hotel_price": ["70"]}, "15814149": {"hotel_name": "\u5357\u4eac\u60a6\u4eab\u7cbe\u9009\u9152\u5e97", "order_time": ["2019-01-10 23:17:25"], "total_order": 1, "hotel_value": ["4.7"], "hotel_price": ["309"]}, "1341077": {"hotel_name": "\u5982\u5bb6\u5feb\u6377\u9152\u5e97(\u5357\u4eac\u592b\u5b50\u5e99\u9f99\u87e0\u4e2d\u8def\u7535\u89c6\u53f0\u5e97)", "order_time": ["2019-01-10 23:17:26"], "total_order": 1, "hotel_value": ["4.4"], "hotel_price": ["149"]}, "1773319": {"hotel_name": "\u6d77\u53cb\u9152\u5e97(\u5357\u4eac\u592b\u5b50\u5e99\u4e2d\u5fc3\u5e97)", "order_time": ["2019-01-10 23:18:51"], "total_order": 1, "hotel_value": ["4.1"], "hotel_price": ["116"]}, "1686716": {"hotel_name": "\u5357\u4eac\u91d1\u94a5\u5319\u5546\u52a1\u9152\u5e97", "order_time": ["2019-01-10 23:18:53"], "total_order": 1, "hotel_value": ["4.1"], "hotel_price": ["182"]}, "1457976": {"hotel_name": "\u5c71\u6942\u6811\u9152\u5e97(\u5357\u4eac\u592b\u5b50\u5e99\u5e97)", "order_time": ["2019-01-10 23:19:02"], "total_order": 1, "hotel_value": ["4.1"], "hotel_price": ["103"]}, "1193124": {"hotel_name": "\u6e05\u6c90\u8fde\u9501\u9152\u5e97(\u5357\u4eac\u4e09\u724c\u697c\u5927\u8857\u5e97)", "order_time": ["2019-01-10 23:19:10"], "total_order": 1, "hotel_value": ["4.1"], "hotel_price": ["147"]}, "1943705": {"hotel_name": "\u5357\u4eac\u6e56\u5357\u8def\u4e9a\u6735\u9152\u5e97", "order_time": ["2019-01-10 23:19:18"], "total_order": 1, "hotel_value": ["4.8"], "hotel_price": ["439"]}, "7334393": {"hotel_name": "\u6c49\u5ead\u9152\u5e97(\u5357\u4eac\u5c27\u5316\u95e8\u5e97)", "order_time": ["2019-01-10 23:20:50"], "total_order": 1, "hotel_value": ["4.5"], "hotel_price": ["217"]}, "7528409": {"hotel_name": "\u5c1a\u5ba2\u4f18\u8fde\u9501\u9152\u5e97(\u5357\u4eac\u5357\u7ad9\u53cc\u9f99\u5927\u9053\u5730\u94c1\u7ad9\u5e97)", "order_time": ["2019-01-10 23:21:02"], "total_order": 1, "hotel_value": ["4.5"], "hotel_price": ["246"]}, "1642698": {"hotel_name": "\u552f\u7231\u4e3b\u9898\u5bbe\u9986(\u5357\u4eac\u6cb9\u574a\u6865\u5e97)", "order_time": ["2019-01-10 23:21:04"], "total_order": 1, "hotel_value": ["4.0"], "hotel_price": ["123"]}, "1891580": {"hotel_name": "\u901f8\u9152\u5e97(\u5357\u4eac\u91d1\u9675\u603b\u7edf\u5e9c\u5e97)(\u539f\u5357\u4eac\u821c\u5929\u603b\u7edf\u5e9c\u5e97)", "order_time": ["2019-01-10 23:21:04"], "total_order": 1, "hotel_value": ["4.3"], "hotel_price": ["387"]}, "19581348": {"hotel_name": "\u5357\u4eac\u7f57\u9a6c\u82b1\u56ed\u9752\u5e74\u65c5\u820d(\u539f\u7f57\u9a6c\u5047\u65e5\u9752\u5e74\u65c5\u820d)", "order_time": ["2019-01-10 23:21:08"], "total_order": 1, "hotel_value": ["4.6"], "hotel_price": ["44"]}, "1632851": {"hotel_name": "\u6854\u5b50\u6c34\u6676\u9152\u5e97(\u5357\u4eac\u9038\u4ed9\u6865\u603b\u7edf\u5e9c\u6885\u56ed\u65b0\u6751\u5e97)", "order_time": ["2019-01-10 23:22:52"], "total_order": 1, "hotel_value": ["4.8"], "hotel_price": ["446"]}, "1635679": {"hotel_name": "\u5357\u4eac\u5b89\u69bb\u5546\u52a1\u9152\u5e97", "order_time": ["2019-01-10 23:23:03"], "total_order": 1, "hotel_value": ["3.9"], "hotel_price": ["140"]}, "8574617": {"hotel_name": "\u9752\u821e\u98de\u626c\u592a\u7a7a\u8231\u5ba2\u6808(\u5357\u4eac\u5357\u7ad9\u5e97)", "order_time": ["2019-01-10 23:23:20"], "total_order": 1, "hotel_value": ["4.6"], "hotel_price": ["59"]}, "1179858": {"hotel_name": "\u5168\u5b63\u9152\u5e97(\u5357\u4eac\u8679\u6865\u4e2d\u5c71\u5317\u8def\u5e97)", "order_time": ["2019-01-10 23:23:26"], "total_order": 1, "hotel_value": ["4.8"], "hotel_price": ["339"]}, "1385339": {"hotel_name": "\u5929\u76db\u597d\u5ead\u9152\u5e97(\u5357\u4eac\u9f13\u697c\u5730\u94c1\u7ad9\u5e97)", "order_time": ["2019-01-10 23:24:50"], "total_order": 1, "hotel_value": ["4.6"], "hotel_price": ["268"]}, "6111316": {"hotel_name": "\u66d9\u5149\u8587\u9152\u5e97(\u5357\u4eac\u592b\u5b50\u5e99\u5e97)", "order_time": ["2019-01-10 23:24:51"], "total_order": 1, "hotel_value": ["4.7"], "hotel_price": ["363"]}, "444648": {"hotel_name": "\u5357\u4eac\u5929\u4e30\u5927\u9152\u5e97", "order_time": ["2019-01-10 23:24:51"], "total_order": 1, "hotel_value": ["4.6"], "hotel_price": ["257"]}, "1674601": {"hotel_name": "\u6d77\u53cb\u9152\u5e97(\u5357\u4eac\u706b\u8f66\u7ad9\u5e97)", "order_time": ["2019-01-10 23:24:51"], "total_order": 1, "hotel_value": ["3.7"], "hotel_price": ["142"]}, "6792538": {"hotel_name": "\u5357\u4eac\u6625\u5e38\u5728\u5feb\u6377\u9152\u5e97", "order_time": ["2019-01-10 23:24:52"], "total_order": 1, "hotel_value": ["4.1"], "hotel_price": ["113"]}, "15196691": {"hotel_name": "\u5357\u4eac\u5c1a\u5bd3\u9152\u5e97\u516c\u5bd3", "order_time": ["2019-01-10 23:24:52"], "total_order": 1, "hotel_value": ["4.8"], "hotel_price": ["154"]}, "811674": {"hotel_name": "\u6e05\u6c90\u8fde\u9501\u9152\u5e97(\u5357\u4eac\u4e94\u53f0\u5c71\u5e7f\u5dde\u8def\u968f\u56ed\u5927\u53a6\u5e97)", "order_time": ["2019-01-10 23:24:52"], "total_order": 1, "hotel_value": ["4.3"], "hotel_price": ["189"]}, "17996519": {"hotel_name": "\u5357\u4eac\u673a\u573a\u7761\u5427\u9152\u5e97", "order_time": ["2019-01-10 23:24:52"], "total_order": 1, "hotel_value": ["4.4"], "hotel_price": ["149"]}, "1446113": {"hotel_name": "\u5982\u5bb6\u5546\u65c5\u9152\u5e97(\u5357\u4eac\u706b\u8f66\u7ad9\u5317\u5e7f\u573a\u7ea2\u5c71\u52a8\u7269\u56ed\u5730\u94c1\u7ad9\u5e97)", "order_time": ["2019-01-10 23:24:53"], "total_order": 1, "hotel_value": ["4.6"], "hotel_price": ["262"]}, "914386": {"hotel_name": "\u9526\u6c5f\u4e4b\u661f(\u5357\u4eac\u706b\u8f66\u5357\u7ad9\u5e97)", "order_time": ["2019-01-10 23:24:53"], "total_order": 1, "hotel_value": ["4.4"], "hotel_price": ["189"]}, "2305847": {"hotel_name": "7\u5929\u8fde\u9501\u9152\u5e97(\u5357\u4eac\u4e0a\u6d77\u8def\u5730\u94c1\u7ad9\u5e97)", "order_time": ["2019-01-10 23:24:53"], "total_order": 1, "hotel_value": ["4.2"], "hotel_price": ["160"]}, "2302798": {"hotel_name": "\u5357\u4eac\u767e\u8349\u56ed\u5bbe\u9986", "order_time": ["2019-01-10 23:24:56"], "total_order": 1, "hotel_value": ["4.4"], "hotel_price": ["358"]}, "24050709": {"hotel_name": "\u5e03\u4e01\u7cbe\u9009\u9152\u5e97(\u5357\u4eac\u5357\u7ad9\u6cb3\u5b9a\u6865\u5730\u94c1\u7ad9\u5e97)", "order_time": ["2019-01-10 23:24:56"], "total_order": 1, "hotel_value": ["4.1"], "hotel_price": ["164"]}, "18538275": {"hotel_name": "\u5357\u4eac\u5609\u60a6\u5927\u9152\u5e97", "order_time": ["2019-01-10 23:24:57"], "total_order": 1, "hotel_value": ["4.7"], "hotel_price": ["207"]}, "2259980": {"hotel_name": "\u7f57\u66fc\u60c5\u4fa3\u4e3b\u9898\u9152\u5e97(\u5357\u4eac\u6c5f\u5b81\u4e07\u8fbe\u5e97)", "order_time": ["2019-01-10 23:24:58"], "total_order": 1, "hotel_value": ["4.1"], "hotel_price": ["159"]}, "22775455": {"hotel_name": "\u5357\u4eac\u6cca\u60a6\u8f7b\u5c45\u9152\u5e97", "order_time": ["2019-01-10 23:24:59"], "total_order": 1, "hotel_value": ["4.8"], "hotel_price": ["182"]}, "24014320": {"hotel_name": "\u5357\u4eac\u9f99\u835f\u9152\u5e97(\u539f\u4e91\u7aef\u835f\u516c\u5bd3)", "order_time": ["2019-01-10 23:24:59"], "total_order": 1, "hotel_value": ["4.8"], "hotel_price": ["198"]}, "2300861": {"hotel_name": "7\u5929\u8fde\u9501\u9152\u5e97(\u5357\u4eac\u4e2d\u592e\u95e8\u706b\u8f66\u7ad9\u5e97)", "order_time": ["2019-01-10 23:25:01"], "total_order": 1, "hotel_value": ["4.3"], "hotel_price": ["122"]}, "2783279": {"hotel_name": "\u5e03\u4e01\u9152\u5e97(\u5357\u4eac\u5357\u7ad9\u53cc\u9f99\u5927\u9053\u5730\u94c1\u7ad9\u5e97)", "order_time": ["2019-01-10 23:25:04"], "total_order": 1, "hotel_value": ["4.3"], "hotel_price": ["117"]}, "1017041": {"hotel_name": "\u5357\u4eac\u56db\u5b63\u9633\u5149\u7cbe\u54c1\u9152\u5e97", "order_time": ["2019-01-10 23:25:05"], "total_order": 1, "hotel_value": ["3.6"], "hotel_price": ["108"]}, "2728741": {"hotel_name": "\u8bfa\u66fc\u5e95\u7cbe\u54c1\u9152\u5e97\u516c\u5bd3(\u5357\u4eac\u80dc\u592a\u8def\u5730\u94c1\u7ad9\u5e97)", "order_time": ["2019-01-10 23:25:12"], "total_order": 1, "hotel_value": ["4.6"], "hotel_price": ["188"]}, "2643066": {"hotel_name": "\u5357\u4eac\u7267\u9f99\u5bbe\u9986", "order_time": ["2019-01-10 23:25:14"], "total_order": 1, "hotel_value": ["4.4"], "hotel_price": ["188"]}, "6059845": {"hotel_name": "\u5357\u4eac\u81f4\u9752\u6625\u9752\u5e74\u65c5\u820d", "order_time": ["2019-01-10 23:25:20"], "total_order": 1, "hotel_value": ["4.4"], "hotel_price": ["39"]}, "513735": {"hotel_name": "\u9526\u6c5f\u4e4b\u661f(\u5357\u4eac\u73e0\u6c5f\u8def\u5c0f\u8425\u5317\u8def\u5e97)", "order_time": ["2019-01-10 23:26:50"], "total_order": 1, "hotel_value": ["4.4"], "hotel_price": ["169"]}, "1938340": {"hotel_name": "\u9526\u6c5f\u4e4b\u661f(\u5357\u4eac\u65b0\u8857\u53e3\u5e97)", "order_time": ["2019-01-10 23:26:50"], "total_order": 1, "hotel_value": ["4.4"], "hotel_price": ["209"]}, "13818911": {"hotel_name": "\u946b\u53ef\u5b89\u7cbe\u9009\u9152\u5e97\u516c\u5bd3(\u5357\u4eac\u6cb3\u897f\u4e07\u8fbe\u5e97)", "order_time": ["2019-01-10 23:26:52"], "total_order": 1, "hotel_value": ["4.7"], "hotel_price": ["247"]}, "23880641": {"hotel_name": "\u5357\u4eac\u7f8e\u5e74\u534e\u827a\u672f\u8f7b\u5c45\u516c\u5bd3", "order_time": ["2019-01-10 23:26:52"], "total_order": 1, "hotel_value": ["4.6"], "hotel_price": ["192"]}, "1943798": {"hotel_name": "\u6c5f\u82cf\u56fd\u745e\u5927\u9152\u5e97", "order_time": ["2019-01-10 23:26:55"], "total_order": 1, "hotel_value": ["4.2"], "hotel_price": ["302"]}, "1483679": {"hotel_name": "\u5982\u5bb6\u5feb\u6377\u9152\u5e97(\u5357\u4eac\u6c5f\u82cf\u8def\u5e97)", "order_time": ["2019-01-10 23:26:55"], "total_order": 1, "hotel_value": ["4.5"], "hotel_price": ["206"]}, "5215040": {"hotel_name": "\u4e07\u4fe1\u6167\u9009\u9152\u5e97(\u5357\u4eac\u5c71\u897f\u8def\u5e97)(\u539f\u5609\u8377\u5fbd\u5ead\u9152\u5e97)", "order_time": ["2019-01-10 23:26:55"], "total_order": 1, "hotel_value": ["4.0"], "hotel_price": ["156"]}, "3489989": {"hotel_name": "\u5357\u4eac\u534e\u5b81\u5bbe\u9986", "order_time": ["2019-01-10 23:26:55"], "total_order": 1, "hotel_value": ["4.6"], "hotel_price": ["99"]}, "8574598": {"hotel_name": "\u6e05\u6c90\u7cbe\u9009\u9152\u5e97(\u5357\u4eac\u6587\u5fb7\u8def\u5730\u94c1\u7ad9\u5e97)", "order_time": ["2019-01-10 23:26:56"], "total_order": 1, "hotel_value": ["4.5"], "hotel_price": ["200"]}, "2878668": {"hotel_name": "\u5357\u4eac\u7c73\u5962\u9152\u5e97", "order_time": ["2019-01-10 23:26:56"], "total_order": 1, "hotel_value": ["4.6"], "hotel_price": ["131"]}, "7423394": {"hotel_name": "\u5357\u4eac\u540d\u7984\u5546\u52a1\u9152\u5e97", "order_time": ["2019-01-10 23:26:56"], "total_order": 1, "hotel_value": ["4.3"], "hotel_price": ["160"]}, "8984394": {"hotel_name": "\u84dd\u8272\u4e4b\u65c5\u9152\u5e97\u516c\u5bd3(\u5357\u4eac\u5357\u7ad9\u5e97)", "order_time": ["2019-01-10 23:27:11"], "total_order": 1, "hotel_value": ["4.8"], "hotel_price": ["218"]}, "11409199": {"hotel_name": "\u5357\u4eac\u660e\u6708\u516c\u5bd3", "order_time": ["2019-01-10 23:27:13"], "total_order": 1, "hotel_value": [0], "hotel_price": ["199"]}}}