{"\u5f00\u59cb\u8bb0\u5f55\u65f6\u95f4": "2019-01-15 03:42:58", "\u7ed3\u675f\u8bb0\u5f55\u65f6\u95f4": "2019-01-15 04:42:58", "\u8ba2\u5355\u603b\u589e\u91cf": 36, "item": {"1451827": {"hotel_name": "\u5982\u5bb6\u5feb\u6377\u9152\u5e97(\u5357\u4eac\u592b\u5b50\u5e99\u5730\u94c1\u7ad9\u5e73\u6c5f\u5e9c\u8def\u5e97)", "order_time": ["2019-01-15 03:45:29"], "total_order": 1, "hotel_value": ["4.5"], "hotel_price": ["197"]}, "6111316": {"hotel_name": "\u66d9\u5149\u8587\u9152\u5e97(\u5357\u4eac\u592b\u5b50\u5e99\u5e97)", "order_time": ["2019-01-15 03:47:22"], "total_order": 1, "hotel_value": ["4.7"], "hotel_price": ["294"]}, "435484": {"hotel_name": "\u5357\u4eac\u6cfd\u5929\u5927\u9152\u5e97", "order_time": ["2019-01-15 03:47:23"], "total_order": 1, "hotel_value": ["4.3"], "hotel_price": ["281"]}, "1632868": {"hotel_name": "\u6854\u5b50\u9152\u5e97\u00b7\u7cbe\u9009(\u5357\u4eac\u9038\u4ed9\u6865\u603b\u7edf\u5e9c\u6885\u56ed\u65b0\u6751\u5e97)", "order_time": ["2019-01-15 03:47:26"], "total_order": 1, "hotel_value": ["4.9"], "hotel_price": ["294"]}, "15878691": {"hotel_name": "\u5c1a\u597d\u9152\u5e97\u516c\u5bd3(\u5357\u4eac\u96e8\u82b1\u5ba2\u5385\u5e97)", "order_time": ["2019-01-15 03:49:30"], "total_order": 1, "hotel_value": ["4.8"], "hotel_price": ["238"]}, "6146079": {"hotel_name": "\u5357\u4eac\u516b\u6708\u4e3b\u9898\u5bbe\u9986", "order_time": ["2019-01-15 03:49:33"], "total_order": 1, "hotel_value": ["4.4"], "hotel_price": ["93"]}, "1641479": {"hotel_name": "\u7ef4\u4e5f\u7eb3\u9152\u5e97(\u5357\u4eac\u5965\u4f53\u4e2d\u5fc3\u5e97)", "order_time": ["2019-01-15 03:51:26"], "total_order": 1, "hotel_value": ["4.6"], "hotel_price": ["350"]}, "1946014": {"hotel_name": "\u91d1\u5143\u5b9d\u5927\u9152\u5e97(\u5357\u4eac\u4f17\u5f69\u5e97)", "order_time": ["2019-01-15 03:51:28"], "total_order": 1, "hotel_value": ["3.9"], "hotel_price": ["185"]}, "813373": {"hotel_name": "\u5357\u4eac\u6db5\u6708\u697c\u9996\u4e3d\u65af\u9152\u5e97", "order_time": ["2019-01-15 04:25:20", "2019-01-15 03:55:18"], "total_order": 2, "hotel_value": ["4.8", "4.8"], "hotel_price": ["678", "678"]}, "8574617": {"hotel_name": "\u9752\u821e\u98de\u626c\u592a\u7a7a\u8231\u5ba2\u6808(\u5357\u4eac\u5357\u7ad9\u5e97)", "order_time": ["2019-01-15 03:57:29"], "total_order": 1, "hotel_value": ["4.6"], "hotel_price": ["88"]}, "1938415": {"hotel_name": "\u9526\u6c5f\u4e4b\u661f(\u5357\u4eac\u8fc8\u768b\u6865\u5e97)", "order_time": ["2019-01-15 03:59:20"], "total_order": 1, "hotel_value": ["4.5"], "hotel_price": ["204"]}, "1069424": {"hotel_name": "\u5357\u4eac\u7f57\u66fc\u8482\u514b\u4e3b\u9898\u9152\u5e97", "order_time": ["2019-01-15 03:59:34"], "total_order": 1, "hotel_value": ["4.0"], "hotel_price": ["93"]}, "427757": {"hotel_name": "\u83ab\u6cf0168(\u5357\u4eac\u592b\u5b50\u5e99\u5927\u5149\u8def\u5e97)", "order_time": ["2019-01-15 04:01:19"], "total_order": 1, "hotel_value": ["4.4"], "hotel_price": ["148"]}, "1847763": {"hotel_name": "\u5357\u4eac\u6893\u6850\u82d1\u5bbe\u9986", "order_time": ["2019-01-15 04:03:50"], "total_order": 1, "hotel_value": ["3.9"], "hotel_price": ["168"]}, "1208243": {"hotel_name": "\u5357\u4eac\u65f6\u5149\u673a\u56fd\u9645\u9752\u5e74\u65c5\u820d", "order_time": ["2019-01-15 04:05:19"], "total_order": 1, "hotel_value": ["4.4"], "hotel_price": ["55"]}, "5804321": {"hotel_name": "\u745e\u534e\u9152\u5e97(\u5357\u4eac\u65b0\u8857\u53e3\u5e97)(\u539f\u738b\u5e9c\u5927\u8857\u5e97)", "order_time": ["2019-01-15 04:05:26"], "total_order": 1, "hotel_value": ["4.6"], "hotel_price": ["177"]}, "433082": {"hotel_name": "\u5357\u4eac\u9ec4\u57d4\u5927\u9152\u5e97", "order_time": ["2019-01-15 04:05:35"], "total_order": 1, "hotel_value": ["4.7"], "hotel_price": ["258"]}, "427725": {"hotel_name": "\u83ab\u6cf0168(\u5357\u4eac\u65b0\u8857\u53e3\u6c49\u4e2d\u8def\u533b\u79d1\u5927\u5b66\u5e97)", "order_time": ["2019-01-15 04:09:21"], "total_order": 1, "hotel_value": ["4.6"], "hotel_price": ["284"]}, "669100": {"hotel_name": "\u5357\u4eac\u91d1\u5965\u8d39\u5c14\u8499\u9152\u5e97", "order_time": ["2019-01-15 04:09:23"], "total_order": 1, "hotel_value": ["4.7"], "hotel_price": ["944"]}, "6279143": {"hotel_name": "\u5357\u4eac\u8212\u670d\u5230\u5bb6\u9152\u5e97\u516c\u5bd3", "order_time": ["2019-01-15 04:09:49"], "total_order": 1, "hotel_value": ["3.8"], "hotel_price": ["358"]}, "1254450": {"hotel_name": "\u5357\u4eac\u65af\u7ef4\u767b\u670d\u52a1\u516c\u5bd3(\u96e8\u6da6\u4e2d\u592e\u516c\u9986)", "order_time": ["2019-01-15 04:11:23"], "total_order": 1, "hotel_value": ["4.7"], "hotel_price": ["308"]}, "369717": {"hotel_name": "\u5357\u4eac\u91d1\u9e70\u73e0\u6c5f\u58f9\u53f7\u56fd\u9645\u9152\u5e97", "order_time": ["2019-01-15 04:13:18"], "total_order": 1, "hotel_value": ["4.7"], "hotel_price": ["580"]}, "419566": {"hotel_name": "\u5357\u4eac\u53e4\u5357\u90fd\u996d\u5e97", "order_time": ["2019-01-15 04:23:26", "2019-01-15 04:13:18"], "total_order": 2, "hotel_value": ["4.8", "4.8"], "hotel_price": ["499", "499"]}, "856450": {"hotel_name": "\u5982\u5bb6\u5feb\u6377\u9152\u5e97(\u5357\u4eac\u65b0\u8857\u53e3\u5e38\u5e9c\u8857\u5730\u94c1\u7ad9\u5929\u7a7a\u4e4b\u90fd\u5e97)", "order_time": ["2019-01-15 04:19:29"], "total_order": 1, "hotel_value": ["4.4"], "hotel_price": ["248"]}, "6791252": {"hotel_name": "\u5357\u4eac\u4e3a\u5ba2\u5bbe\u9986", "order_time": ["2019-01-15 04:19:39"], "total_order": 1, "hotel_value": ["3.1"], "hotel_price": ["138"]}, "346283": {"hotel_name": "\u5357\u4eac\u91d1\u9675\u996d\u5e97", "order_time": ["2019-01-15 04:21:21"], "total_order": 1, "hotel_value": ["4.8"], "hotel_price": ["626"]}, "1385339": {"hotel_name": "\u5929\u76db\u597d\u5ead\u9152\u5e97(\u5357\u4eac\u9f13\u697c\u5730\u94c1\u7ad9\u5e97)", "order_time": ["2019-01-15 04:21:22"], "total_order": 1, "hotel_value": ["4.6"], "hotel_price": ["389"]}, "1452525": {"hotel_name": "\u5982\u5bb6\u5feb\u6377\u9152\u5e97(\u5357\u4eac\u65b0\u57ce\u5e02\u5e7f\u573a\u9f99\u6c5f\u5730\u94c1\u7ad9\u5e97)", "order_time": ["2019-01-15 04:21:33"], "total_order": 1, "hotel_value": ["4.6"], "hotel_price": ["439"]}, "1198450": {"hotel_name": "\u5357\u4eac\u96c5\u5170\u9601\u5bbe\u9986", "order_time": ["2019-01-15 04:23:23"], "total_order": 1, "hotel_value": ["4.1"], "hotel_price": ["198"]}, "434989": {"hotel_name": "\u5357\u4eac\u4e2d\u5fc3\u5927\u9152\u5e97", "order_time": ["2019-01-15 04:25:25"], "total_order": 1, "hotel_value": ["4.8"], "hotel_price": ["548"]}, "2305847": {"hotel_name": "7\u5929\u8fde\u9501\u9152\u5e97(\u5357\u4eac\u4e0a\u6d77\u8def\u5730\u94c1\u7ad9\u5e97)", "order_time": ["2019-01-15 04:27:29"], "total_order": 1, "hotel_value": ["4.2"], "hotel_price": ["263"]}, "26428886": {"hotel_name": "\u5168\u5b63\u9152\u5e97(\u5357\u4eac\u6cb3\u897f\u535a\u89c8\u4e2d\u5fc3\u5e97)", "order_time": ["2019-01-15 04:29:20"], "total_order": 1, "hotel_value": ["4.8"], "hotel_price": ["358"]}, "5451854": {"hotel_name": "\u5357\u4eac\u91d1\u9e70\u56fd\u9645\u9152\u5e97", "order_time": ["2019-01-15 04:38:02"], "total_order": 1, "hotel_value": ["4.9"], "hotel_price": ["855"]}, "1226130": {"hotel_name": "\u5357\u4eac\u6c90\u5ead\u9152\u5e97", "order_time": ["2019-01-15 04:41:34"], "total_order": 1, "hotel_value": ["3.6"], "hotel_price": ["179"]}}}