{"\u5f00\u59cb\u8bb0\u5f55\u65f6\u95f4": "2019-01-09 13:42:39", "\u7ed3\u675f\u8bb0\u5f55\u65f6\u95f4": "2019-01-09 14:42:39", "\u8ba2\u5355\u603b\u589e\u91cf": 403, "item": {"10608188": {"hotel_name": "\u5357\u4eac\u5357\u7ad9\u5e0c\u5c14\u987f\u6b22\u670b\u9152\u5e97", "order_time": ["2019-01-09 13:43:49"], "total_order": 1, "hotel_value": ["4.8"], "hotel_price": ["469"]}, "369717": {"hotel_name": "\u5357\u4eac\u91d1\u9e70\u73e0\u6c5f\u58f9\u53f7\u56fd\u9645\u9152\u5e97", "order_time": ["2019-01-09 13:44:58"], "total_order": 1, "hotel_value": ["4.7"], "hotel_price": ["580"]}, "1816834": {"hotel_name": "\u6854\u5b50\u9152\u5e97\u00b7\u7cbe\u9009(\u5357\u4eac\u592b\u5b50\u5e99\u5e97)", "order_time": ["2019-01-09 13:44:58"], "total_order": 1, "hotel_value": ["4.8"], "hotel_price": ["370"]}, "2305847": {"hotel_name": "7\u5929\u8fde\u9501\u9152\u5e97(\u5357\u4eac\u4e0a\u6d77\u8def\u5730\u94c1\u7ad9\u5e97)", "order_time": ["2019-01-09 13:44:59"], "total_order": 1, "hotel_value": ["4.2"], "hotel_price": ["136"]}, "433082": {"hotel_name": "\u5357\u4eac\u9ec4\u57d4\u5927\u9152\u5e97", "order_time": ["2019-01-09 13:45:00"], "total_order": 1, "hotel_value": ["4.7"], "hotel_price": ["620"]}, "1198450": {"hotel_name": "\u5357\u4eac\u96c5\u5170\u9601\u5bbe\u9986", "order_time": ["2019-01-09 13:45:00", "2019-01-09 14:07:10"], "total_order": 2, "hotel_value": ["4.1", "4.1"], "hotel_price": ["168", "168"]}, "6829860": {"hotel_name": "\u5357\u4eac\u835f\u67ab\u9152\u5e97", "order_time": ["2019-01-09 13:45:01"], "total_order": 1, "hotel_value": ["4.8"], "hotel_price": ["408"]}, "367765": {"hotel_name": "\u5357\u4eac\u51ef\u94c2\u7cbe\u54c1\u9152\u5e97", "order_time": ["2019-01-09 13:45:03", "2019-01-09 13:47:05"], "total_order": 2, "hotel_value": ["4.5", "4.5"], "hotel_price": ["427", "427"]}, "23801898": {"hotel_name": "\u5357\u4eac\u559c\u739b\u62c9\u96c5\u5047\u65e5\u9152\u5e97", "order_time": ["2019-01-09 13:45:03"], "total_order": 1, "hotel_value": ["4.5"], "hotel_price": ["598"]}, "1632851": {"hotel_name": "\u6854\u5b50\u6c34\u6676\u9152\u5e97(\u5357\u4eac\u9038\u4ed9\u6865\u603b\u7edf\u5e9c\u6885\u56ed\u65b0\u6751\u5e97)", "order_time": ["2019-01-09 13:45:04"], "total_order": 1, "hotel_value": ["4.8"], "hotel_price": ["446"]}, "1934848": {"hotel_name": "\u5357\u4eac\u91d1\u9a6c\u58f9\u53f7\u5546\u52a1\u9152\u5e97", "order_time": ["2019-01-09 13:45:04"], "total_order": 1, "hotel_value": ["4.4"], "hotel_price": ["262"]}, "8445718": {"hotel_name": "Q\u52a0\u00b7\u5357\u4eac\u5b81\u822a\u82b1\u56ed\u9152\u5e97(\u539f\u5b81\u884c\u82b1\u56ed\u9152\u5e97)", "order_time": ["2019-01-09 13:45:04"], "total_order": 1, "hotel_value": ["4.8"], "hotel_price": ["133"]}, "14791076": {"hotel_name": "\u5357\u4eac\u7985\u5b81\u9601\u5546\u52a1\u9152\u5e97", "order_time": ["2019-01-09 13:45:04", "2019-01-09 14:25:07"], "total_order": 2, "hotel_value": ["4.8", "4.8"], "hotel_price": ["164", "164"]}, "25905082": {"hotel_name": "\u5357\u4eac\u5149\u836b\u91cc\u5ea6\u5047\u6c11\u5bbf", "order_time": ["2019-01-09 13:45:05"], "total_order": 1, "hotel_value": [0], "hotel_price": ["413"]}, "6870641": {"hotel_name": "\u5168\u5b63\u9152\u5e97(\u5357\u4eac\u706b\u8f66\u7ad9\u5e97)", "order_time": ["2019-01-09 13:45:06"], "total_order": 1, "hotel_value": ["4.7"], "hotel_price": ["277"]}, "1938415": {"hotel_name": "\u9526\u6c5f\u4e4b\u661f(\u5357\u4eac\u8fc8\u768b\u6865\u5e97)", "order_time": ["2019-01-09 13:45:07"], "total_order": 1, "hotel_value": ["4.5"], "hotel_price": ["206"]}, "946985": {"hotel_name": "\u53e4\u90fd\u6587\u5316\u5546\u52a1\u65c5\u9986(\u5357\u4eac\u65b0\u8857\u53e3\u5e97)", "order_time": ["2019-01-09 13:45:07"], "total_order": 1, "hotel_value": ["4.4"], "hotel_price": ["155"]}, "795167": {"hotel_name": "\u5357\u4eac\u5170\u67ab\u9152\u5e97", "order_time": ["2019-01-09 13:45:08", "2019-01-09 13:47:07"], "total_order": 2, "hotel_value": ["4.0", "4.0"], "hotel_price": ["132", "132"]}, "12459955": {"hotel_name": "\u5357\u4eac\u5df1\u5c45\u91ce\u5962\u6c11\u5bbf", "order_time": ["2019-01-09 13:45:08"], "total_order": 1, "hotel_value": ["4.9"], "hotel_price": ["671"]}, "1604436": {"hotel_name": "\u83ab\u6cf0168(\u5357\u4eac\u592b\u5b50\u5e99\u5730\u94c1\u7ad9\u5e73\u6c5f\u5e9c\u8def\u5e97)", "order_time": ["2019-01-09 13:45:08", "2019-01-09 14:13:06"], "total_order": 2, "hotel_value": ["4.7", "4.7"], "hotel_price": ["162", "162"]}, "1211088": {"hotel_name": "\u83ab\u6cf0168(\u5357\u4eac\u65b0\u8857\u53e3\u5546\u4e1a\u4e2d\u5fc3\u660e\u74e6\u5eca\u5e97)", "order_time": ["2019-01-09 13:45:08"], "total_order": 1, "hotel_value": ["4.5"], "hotel_price": ["155"]}, "1686795": {"hotel_name": "\u82cf\u4f53\u65b9\u5c71\u8fd0\u52a8\u516c\u5bd3(\u5357\u4eac\u6c5f\u5b81\u5927\u5b66\u57ce\u5e97)", "order_time": ["2019-01-09 13:45:16"], "total_order": 1, "hotel_value": ["4.0"], "hotel_price": ["308"]}, "12665128": {"hotel_name": "\u5982\u5bb6\u5546\u65c5(\u5357\u4eac\u592b\u5b50\u5e99\u4e09\u5c71\u8857\u5730\u94c1\u7ad9\u5e97)", "order_time": ["2019-01-09 13:45:18"], "total_order": 1, "hotel_value": ["4.6"], "hotel_price": ["235"]}, "3385172": {"hotel_name": "\u5c1a\u5ba2\u4f18\u5feb\u6377\u9152\u5e97(\u5357\u4eac\u65b0\u534e\u897f\u8def\u5e97)", "order_time": ["2019-01-09 13:45:19"], "total_order": 1, "hotel_value": ["3.8"], "hotel_price": ["118"]}, "1803777": {"hotel_name": "\u80af\u5b9a\u7cbe\u54c1\u9152\u5e97(\u5357\u4eac\u9f99\u6c5f\u5730\u94c1\u7ad9\u4e49\u90fd\u7f8e\u98df\u5e7f\u573a\u5e97)(\u539f\u6c5f\u4e1c\u5317\u8def\u5e97)", "order_time": ["2019-01-09 14:33:00", "2019-01-09 13:47:05"], "total_order": 2, "hotel_value": ["4.0", "4.0"], "hotel_price": ["179", "179"]}, "1271085": {"hotel_name": "Q\u52a0\u00b7\u99a8\u5eb7\u5bbe\u9986(\u5357\u4eac\u7984\u53e3\u673a\u573a\u5e97)", "order_time": ["2019-01-09 13:47:05"], "total_order": 1, "hotel_value": ["4.9"], "hotel_price": ["109"]}, "21688385": {"hotel_name": "\u5357\u4eacK HOTEL\u9152\u5e97", "order_time": ["2019-01-09 13:47:05"], "total_order": 1, "hotel_value": ["4.8"], "hotel_price": ["328"]}, "6111316": {"hotel_name": "\u66d9\u5149\u8587\u9152\u5e97(\u5357\u4eac\u592b\u5b50\u5e99\u5e97)", "order_time": ["2019-01-09 13:47:05"], "total_order": 1, "hotel_value": ["4.7"], "hotel_price": ["344"]}, "1945283": {"hotel_name": "\u5357\u4eac\u6da6\u8473\u9152\u5e97", "order_time": ["2019-01-09 13:47:07"], "total_order": 1, "hotel_value": ["4.7"], "hotel_price": ["265"]}, "914004": {"hotel_name": "\u6c49\u5ead\u9152\u5e97(\u5357\u4eac\u4ed9\u6797\u5927\u5b66\u57ce\u5e97)", "order_time": ["2019-01-09 13:47:07"], "total_order": 1, "hotel_value": ["4.1"], "hotel_price": ["255"]}, "18047423": {"hotel_name": "\u5357\u4eac\u6e29\u7279\u83b1\u9152\u5e97", "order_time": ["2019-01-09 13:47:08"], "total_order": 1, "hotel_value": ["4.6"], "hotel_price": ["218"]}, "5451854": {"hotel_name": "\u5357\u4eac\u91d1\u9e70\u56fd\u9645\u9152\u5e97", "order_time": ["2019-01-09 13:47:11"], "total_order": 1, "hotel_value": ["4.9"], "hotel_price": ["828"]}, "1449055": {"hotel_name": "\u5982\u5bb6\u5feb\u6377\u9152\u5e97(\u5357\u4eac\u5b89\u5fb7\u95e8\u5730\u94c1\u7ad9\u5e97)", "order_time": ["2019-01-09 13:47:12", "2019-01-09 13:51:09"], "total_order": 2, "hotel_value": ["4.6", "4.6"], "hotel_price": ["169", "169"]}, "1987603": {"hotel_name": "\u5357\u4eac\u5357\u5c71\u4e13\u5bb6\u697c", "order_time": ["2019-01-09 13:47:13"], "total_order": 1, "hotel_value": ["4.1"], "hotel_price": ["260"]}, "8900862": {"hotel_name": "\u5982\u5bb6\u9a7f\u5c45\u9152\u5e97(\u5357\u4eac\u4e94\u5858\u5e7f\u573a\u5730\u94c1\u7ad9\u5e97)", "order_time": ["2019-01-09 13:47:13"], "total_order": 1, "hotel_value": ["4.6"], "hotel_price": ["191"]}, "3031346": {"hotel_name": "Q\u52a0\u00b7\u8587\u7231\u7cbe\u54c1\u65f6\u5c1a\u9152\u5e97(\u5357\u4eac\u7384\u6b66\u6e56\u5e97)", "order_time": ["2019-01-09 13:47:14"], "total_order": 1, "hotel_value": ["4.6"], "hotel_price": ["213"]}, "5371509": {"hotel_name": "\u5357\u4eac\u5343\u79a7\u65c5\u793e", "order_time": ["2019-01-09 13:47:18"], "total_order": 1, "hotel_value": ["4.1"], "hotel_price": ["76"]}, "19833727": {"hotel_name": "\u5357\u4eac\u4e07\u5ba2\u6765\u5546\u52a1\u9152\u5e97", "order_time": ["2019-01-09 13:47:21"], "total_order": 1, "hotel_value": ["4.8"], "hotel_price": ["121"]}, "1452408": {"hotel_name": "\u5982\u5bb6\u5feb\u6377\u9152\u5e97(\u5357\u4eac\u6c5f\u5b81\u9f99\u7720\u5927\u9053\u5730\u94c1\u7ad9\u5929\u5143\u4e1c\u8def\u5927\u5b66\u57ce\u5e97)", "order_time": ["2019-01-09 13:47:24"], "total_order": 1, "hotel_value": ["4.4"], "hotel_price": ["128"]}, "6123044": {"hotel_name": "\u5357\u4eac\u94c2\u60a6\u7cbe\u54c1\u9152\u5e97\u516c\u5bd3", "order_time": ["2019-01-09 13:47:26"], "total_order": 1, "hotel_value": ["4.8"], "hotel_price": ["351"]}, "18001011": {"hotel_name": "\u5357\u4eac\u7389\u6f9c\u8f69\u7cbe\u54c1\u516c\u5bd3\u5f0f\u9152\u5e97", "order_time": ["2019-01-09 13:47:33"], "total_order": 1, "hotel_value": ["3.8"], "hotel_price": ["178"]}, "1017331": {"hotel_name": "\u5357\u4eac\u8679\u6668\u5bbe\u9986", "order_time": ["2019-01-09 13:47:38"], "total_order": 1, "hotel_value": [0], "hotel_price": ["74"]}, "435796": {"hotel_name": "\u5357\u4eac\u56fd\u4fe1\u72b6\u5143\u697c\u5927\u9152\u5e97", "order_time": ["2019-01-09 13:48:59"], "total_order": 1, "hotel_value": ["4.8"], "hotel_price": ["558"]}, "1359801": {"hotel_name": "\u6d77\u53cb\u9152\u5e97(\u5357\u4eac\u6c5f\u5b81\u5927\u5b66\u57ce\u5e97)", "order_time": ["2019-01-09 13:49:00", "2019-01-09 14:05:07"], "total_order": 2, "hotel_value": ["3.7", "3.7"], "hotel_price": ["87", "87"]}, "3327690": {"hotel_name": "\u6c64\u5c71\u7d2b\u6e05\u6e56\u6e29\u6cc9\u5ea6\u5047\u9152\u5e97", "order_time": ["2019-01-09 13:49:02"], "total_order": 1, "hotel_value": ["4.8"], "hotel_price": ["769"]}, "2301890": {"hotel_name": "7\u5929\u8fde\u9501\u9152\u5e97(\u5357\u4eac\u4e09\u724c\u697c\u8679\u6865\u4e2d\u5fc3\u5e97)", "order_time": ["2019-01-09 13:49:02"], "total_order": 1, "hotel_value": ["4.4"], "hotel_price": ["95"]}, "1452015": {"hotel_name": "\u5982\u5bb6\u5feb\u6377\u9152\u5e97(\u5357\u4eac\u6708\u7259\u6e56\u94f6\u57ce\u4e1c\u82d1\u5e97)", "order_time": ["2019-01-09 13:49:02"], "total_order": 1, "hotel_value": ["4.6"], "hotel_price": ["147"]}, "5073966": {"hotel_name": "\u5e03\u4e01\u9152\u5e97(\u5357\u4eac\u592b\u5b50\u5e99\u5730\u94c1\u7ad9\u5e97)", "order_time": ["2019-01-09 13:49:03"], "total_order": 1, "hotel_value": ["4.5"], "hotel_price": ["126"]}, "8651067": {"hotel_name": "\u5357\u4eacTT TOUCH\u9152\u5e97", "order_time": ["2019-01-09 14:01:07", "2019-01-09 13:49:04"], "total_order": 2, "hotel_value": ["4.6", "4.6"], "hotel_price": ["257", "257"]}, "1209418": {"hotel_name": "\u83ab\u6cf0168(\u5357\u4eac\u592b\u5b50\u5e99\u4e09\u5c71\u8857\u5730\u94c1\u7ad9\u5e97)", "order_time": ["2019-01-09 13:49:04"], "total_order": 1, "hotel_value": ["4.6"], "hotel_price": ["132"]}, "2251669": {"hotel_name": "\u5357\u4eac\u5317\u65b9\u6717\u60a6\u9152\u5e97", "order_time": ["2019-01-09 13:49:05"], "total_order": 1, "hotel_value": ["4.5"], "hotel_price": ["170"]}, "21795380": {"hotel_name": "\u7ef4\u4e5f\u7eb3\u56fd\u9645\u9152\u5e97(\u5357\u4eac\u7af9\u5c71\u8def\u5730\u94c1\u7ad9\u5e97)", "order_time": ["2019-01-09 13:49:06", "2019-01-09 14:15:16"], "total_order": 2, "hotel_value": ["4.7", "4.7"], "hotel_price": ["306", "306"]}, "26421136": {"hotel_name": "\u5357\u4eac818\u7cbe\u54c1\u9152\u5e97", "order_time": ["2019-01-09 13:49:06", "2019-01-09 14:03:14"], "total_order": 2, "hotel_value": [0, 0], "hotel_price": ["118", "118"]}, "5323635": {"hotel_name": "\u9526\u6c5f\u4e4b\u661f(\u5357\u4eac\u6797\u4e1a\u5927\u5b66\u82b1\u56ed\u8def\u5e97)", "order_time": ["2019-01-09 13:49:08"], "total_order": 1, "hotel_value": ["4.5"], "hotel_price": ["179"]}, "1635045": {"hotel_name": "\u5357\u4eac\u82f1\u5c0a\u5047\u65e5\u9152\u5e97", "order_time": ["2019-01-09 13:49:09"], "total_order": 1, "hotel_value": ["4.1"], "hotel_price": ["261"]}, "969174": {"hotel_name": "\u6d77\u53cb\u5ba2\u6808(\u5357\u4eac\u73e0\u6c5f\u8def\u5e97)", "order_time": ["2019-01-09 13:49:10"], "total_order": 1, "hotel_value": ["4.3"], "hotel_price": ["108"]}, "1066984": {"hotel_name": "\u5357\u4eac\u5bb6\u53cb\u4e3b\u9898\u5bbe\u9986", "order_time": ["2019-01-09 13:49:13"], "total_order": 1, "hotel_value": ["4.0"], "hotel_price": ["88"]}, "534044": {"hotel_name": "\u5357\u4eac\u7eff\u5730\u5fa1\u8c6a\u6e29\u6cc9\u9152\u5e97(\u539f\u5fa1\u8c6a\u6c64\u5c71\u6e29\u6cc9\u56fd\u9645\u9152\u5e97)", "order_time": ["2019-01-09 13:49:14"], "total_order": 1, "hotel_value": ["4.6"], "hotel_price": ["576"]}, "3656411": {"hotel_name": "\u90fd\u5e02118(\u5357\u4eac\u80dc\u592a\u8def\u5730\u94c1\u7ad9\u5e97)", "order_time": ["2019-01-09 13:49:20"], "total_order": 1, "hotel_value": ["4.1"], "hotel_price": ["111"]}, "1199652": {"hotel_name": "\u5357\u4eac\u4e91\u6cca\u5bbe\u9986", "order_time": ["2019-01-09 13:49:25", "2019-01-09 13:51:31"], "total_order": 2, "hotel_value": ["4.0", "4.0"], "hotel_price": ["103", "103"]}, "4334512": {"hotel_name": "\u7c73\u5170\u5546\u52a1\u9152\u5e97(\u5357\u4eac\u9ad8\u6df3\u8f66\u7ad9\u5e97)", "order_time": ["2019-01-09 13:49:36"], "total_order": 1, "hotel_value": [0], "hotel_price": ["80"]}, "346283": {"hotel_name": "\u5357\u4eac\u91d1\u9675\u996d\u5e97", "order_time": ["2019-01-09 13:49:47"], "total_order": 1, "hotel_value": ["4.8"], "hotel_price": ["663"]}, "813373": {"hotel_name": "\u5357\u4eac\u6db5\u6708\u697c\u9996\u4e3d\u65af\u9152\u5e97", "order_time": ["2019-01-09 14:27:50", "2019-01-09 13:49:47", "2019-01-09 14:06:03", "2019-01-09 14:13:55"], "total_order": 4, "hotel_value": ["4.8", "4.8", "4.8", "4.8"], "hotel_price": ["579", "579", "579", "579"]}, "371145": {"hotel_name": "\u5357\u4eac\u7ef4\u666f\u56fd\u9645\u5927\u9152\u5e97", "order_time": ["2019-01-09 13:49:47"], "total_order": 1, "hotel_value": ["4.6"], "hotel_price": ["543"]}, "25404399": {"hotel_name": "\u9e97\u67ab\u9152\u5e97(\u5357\u4eac\u5361\u5b50\u95e8\u5730\u94c1\u7ad9\u6c38\u4e50\u8def\u5e97)", "order_time": ["2019-01-09 13:49:47"], "total_order": 1, "hotel_value": ["4.8"], "hotel_price": ["261"]}, "2883253": {"hotel_name": "\u5357\u4eac\u6587\u6b66\u516c\u5bd3", "order_time": ["2019-01-09 13:49:57"], "total_order": 1, "hotel_value": ["3.1"], "hotel_price": ["49"]}, "445970": {"hotel_name": "\u5357\u4eac\u6676\u4e3d\u9152\u5e97", "order_time": ["2019-01-09 13:51:01"], "total_order": 1, "hotel_value": ["4.7"], "hotel_price": ["351"]}, "433538": {"hotel_name": "\u5357\u4eac\u5c71\u6c34\u5927\u9152\u5e97", "order_time": ["2019-01-09 13:51:01"], "total_order": 1, "hotel_value": ["4.8"], "hotel_price": ["428"]}, "457938": {"hotel_name": "\u7ef4\u4e5f\u7eb3\u9152\u5e97(\u5357\u4eac\u957f\u6c5f\u5927\u6865\u9605\u6c5f\u697c\u5e97)", "order_time": ["2019-01-09 13:51:02"], "total_order": 1, "hotel_value": ["4.8"], "hotel_price": ["306"]}, "4522059": {"hotel_name": "\u9752\u76ae\u6811\u9152\u5e97(\u5357\u4eac\u6797\u4e1a\u5927\u5b66\u65b0\u5e84\u5730\u94c1\u7ad9\u9152\u5e97)", "order_time": ["2019-01-09 13:51:02"], "total_order": 1, "hotel_value": ["4.2"], "hotel_price": ["144"]}, "2302798": {"hotel_name": "\u5357\u4eac\u767e\u8349\u56ed\u5bbe\u9986", "order_time": ["2019-01-09 13:51:03"], "total_order": 1, "hotel_value": ["4.4"], "hotel_price": ["358"]}, "425945": {"hotel_name": "\u6c5f\u82cf\u51e4\u51f0\u53f0\u996d\u5e97", "order_time": ["2019-01-09 13:51:04", "2019-01-09 14:03:03"], "total_order": 2, "hotel_value": ["4.7", "4.7"], "hotel_price": ["248", "248"]}, "375288": {"hotel_name": "\u5357\u4eac\u7384\u6b66\u996d\u5e97", "order_time": ["2019-01-09 13:51:04"], "total_order": 1, "hotel_value": ["4.7"], "hotel_price": ["593"]}, "4425501": {"hotel_name": "\u7ef4\u4e5f\u7eb3\u56fd\u9645\u9152\u5e97(\u5357\u4eac\u5357\u7ad9\u4e2d\u5fc3\u5e97)", "order_time": ["2019-01-09 13:51:05", "2019-01-09 13:59:00"], "total_order": 2, "hotel_value": ["4.8", "4.8"], "hotel_price": ["269", "269"]}, "8669404": {"hotel_name": "\u6c49\u5ead\u9152\u5e97(\u5357\u4eac\u9e92\u9e9f\u79d1\u6280\u56ed\u5e97)", "order_time": ["2019-01-09 13:51:05"], "total_order": 1, "hotel_value": ["4.4"], "hotel_price": ["237"]}, "15696751": {"hotel_name": "\u5357\u4eac\u745e\u5929\u5bbe\u9986", "order_time": ["2019-01-09 13:51:07"], "total_order": 1, "hotel_value": ["4.8"], "hotel_price": ["123"]}, "21796605": {"hotel_name": "\u7ef4\u4e5f\u7eb3\u9152\u5e97(\u5357\u4eac\u6587\u5fb7\u8def\u5730\u94c1\u7ad9\u7814\u521b\u56ed\u5e97)", "order_time": ["2019-01-09 13:51:08"], "total_order": 1, "hotel_value": ["4.8"], "hotel_price": ["252"]}, "1286909": {"hotel_name": "\u6c49\u5ead\u4f18\u4f73\u9152\u5e97(\u5357\u4eac\u7384\u6b66\u95e8\u5e97)(\u539f\u6c49\u5ead\u9152\u5e97)", "order_time": ["2019-01-09 13:51:09"], "total_order": 1, "hotel_value": ["4.6"], "hotel_price": ["224"]}, "435621": {"hotel_name": "\u5357\u4eac\u4e2d\u5c71\u5927\u53a6", "order_time": ["2019-01-09 13:55:01", "2019-01-09 13:51:09"], "total_order": 2, "hotel_value": ["4.8", "4.8"], "hotel_price": ["248", "248"]}, "16789957": {"hotel_name": "\u5357\u4eac\u6c64\u5c71\u4e00\u54c1\u6e29\u6cc9\u9152\u5e97", "order_time": ["2019-01-09 13:51:09"], "total_order": 1, "hotel_value": ["4.4"], "hotel_price": ["412"]}, "1520050": {"hotel_name": "\u5bd2\u820d\u7cbe\u54c1\u9152\u5e97(\u5357\u4eac\u592b\u5b50\u5e99\u5e97)(\u539f\u957f\u4e50\u8def\u5e97)", "order_time": ["2019-01-09 13:51:09"], "total_order": 1, "hotel_value": ["4.2"], "hotel_price": ["126"]}, "1085670": {"hotel_name": "\u5e03\u4e01\u9152\u5e97(\u5357\u4eac\u864e\u8e1e\u5317\u8def\u827a\u672f\u5b66\u9662\u5e97)", "order_time": ["2019-01-09 13:51:11"], "total_order": 1, "hotel_value": ["3.9"], "hotel_price": ["89"]}, "923197": {"hotel_name": "\u5357\u4eac\u68a6\u60c5\u9601\u5bbe\u9986", "order_time": ["2019-01-09 13:51:16"], "total_order": 1, "hotel_value": ["3.7"], "hotel_price": ["98"]}, "1413824": {"hotel_name": "\u5357\u4eac\u516b\u6708\u65f6\u5c1a\u4e3b\u9898\u5bbe\u9986", "order_time": ["2019-01-09 13:51:39"], "total_order": 1, "hotel_value": ["4.2"], "hotel_price": ["118"]}, "662535": {"hotel_name": "\u5357\u4eac\u963f\u5c14\u5361\u8fea\u4e9a\u56fd\u9645\u9152\u5e97", "order_time": ["2019-01-09 13:53:00", "2019-01-09 14:11:11"], "total_order": 2, "hotel_value": ["4.8", "4.8"], "hotel_price": ["440", "440"]}, "20222505": {"hotel_name": "\u5357\u4eac\u6885\u5b50\u5bb6\u9152\u5e97", "order_time": ["2019-01-09 13:53:02"], "total_order": 1, "hotel_value": ["4.8"], "hotel_price": ["107"]}, "10896011": {"hotel_name": "\u5357\u4eac\u5357\u7ad9\u6c34\u6708\u6e7e\u9152\u5e97", "order_time": ["2019-01-09 13:53:02"], "total_order": 1, "hotel_value": ["4.8"], "hotel_price": ["300"]}, "369785": {"hotel_name": "\u5357\u4eac\u7d22\u83f2\u7279\u94f6\u6cb3\u5927\u9152\u5e97", "order_time": ["2019-01-09 14:09:06", "2019-01-09 13:53:05", "2019-01-09 14:03:05"], "total_order": 3, "hotel_value": ["4.7", "4.7", "4.7"], "hotel_price": ["597", "597", "597"]}, "1457485": {"hotel_name": "\u9526\u6c5f\u4e4b\u661f(\u5357\u4eac\u5927\u6865\u5317\u8def\u5e97)", "order_time": ["2019-01-09 13:53:06"], "total_order": 1, "hotel_value": ["4.6"], "hotel_price": ["189"]}, "22449037": {"hotel_name": "\u5357\u4eac\u67ab\u53f6\u7f8e\u5bbf\u5f71\u9662\u9152\u5e97\u5f0f\u516c\u5bd3", "order_time": ["2019-01-09 13:53:06"], "total_order": 1, "hotel_value": ["4.8"], "hotel_price": ["169"]}, "22775455": {"hotel_name": "\u5357\u4eac\u6cca\u60a6\u8f7b\u5c45\u9152\u5e97", "order_time": ["2019-01-09 13:53:09"], "total_order": 1, "hotel_value": ["4.8"], "hotel_price": ["136"]}, "11374684": {"hotel_name": "\u6e05\u6c90\u7cbe\u54c1\u9152\u5e97(\u5357\u4eac\u897f\u5584\u6865\u5cb1\u5c71\u5e97)", "order_time": ["2019-01-09 13:53:14"], "total_order": 1, "hotel_value": ["4.5"], "hotel_price": ["135"]}, "6750294": {"hotel_name": "\u5357\u4eac\u503e\u57ce\u7cbe\u54c1\u516c\u5bd3", "order_time": ["2019-01-09 13:53:14"], "total_order": 1, "hotel_value": ["4.2"], "hotel_price": ["59"]}, "2023334": {"hotel_name": "\u5357\u4eac\u7d2b\u4e1c\u9152\u5e97(\u7d2b\u4e1c\u751f\u6001\u4f1a\u8bae\u4e2d\u5fc3)", "order_time": ["2019-01-09 13:53:15"], "total_order": 1, "hotel_value": ["4.6"], "hotel_price": ["426"]}, "5237933": {"hotel_name": "\u5357\u4eac\u6d2a\u6cf0\u65c5\u9986", "order_time": ["2019-01-09 13:53:16"], "total_order": 1, "hotel_value": ["4.5"], "hotel_price": ["78"]}, "1476770": {"hotel_name": "\u552f\u7231\u4e4b\u661f\u4e3b\u9898\u5bbe\u9986(\u5357\u4eac\u4ed9\u6797\u5e97)", "order_time": ["2019-01-09 13:53:17"], "total_order": 1, "hotel_value": ["3.8"], "hotel_price": ["144"]}, "1642698": {"hotel_name": "\u552f\u7231\u4e3b\u9898\u5bbe\u9986(\u5357\u4eac\u6cb9\u574a\u6865\u5e97)", "order_time": ["2019-01-09 13:53:18"], "total_order": 1, "hotel_value": ["4.0"], "hotel_price": ["125"]}, "2253813": {"hotel_name": "\u80af\u5b9a\u7cbe\u9009\u9152\u5e97(\u5357\u4eac\u5f20\u5e9c\u56ed\u5730\u94c1\u7ad9\u5e97)(\u539f\u7199\u56ed\u4e4b\u661f\u9152\u5e97\u5f20\u5e9c\u56ed\u5730\u94c1\u7ad9\u5e97)", "order_time": ["2019-01-09 13:53:22"], "total_order": 1, "hotel_value": ["3.9"], "hotel_price": ["88"]}, "6074801": {"hotel_name": "\u5357\u4eac\u91d1\u5cf0\u6c47\u5927\u9152\u5e97", "order_time": ["2019-01-09 13:55:01"], "total_order": 1, "hotel_value": ["4.8"], "hotel_price": ["398"]}, "8574621": {"hotel_name": "\u6613\u4f70\u826f\u54c1\u9152\u5e97(\u5357\u4eac\u5357\u7ad9\u53cc\u9f99\u5927\u9053\u5730\u94c1\u7ad9\u5e97)", "order_time": ["2019-01-09 13:55:02"], "total_order": 1, "hotel_value": ["4.3"], "hotel_price": ["116"]}, "5242512": {"hotel_name": "\u5c1acheng\u4f18\u9009\u9152\u5e97(\u5357\u4eac\u7984\u53e3\u673a\u573a\u5e97)", "order_time": ["2019-01-09 13:55:02"], "total_order": 1, "hotel_value": ["3.9"], "hotel_price": ["161"]}, "6785256": {"hotel_name": "\u5357\u4eac\u5de5\u4e1a\u5927\u5b66\u79d1\u82d1\u5bbe\u9986", "order_time": ["2019-01-09 13:55:03"], "total_order": 1, "hotel_value": ["4.6"], "hotel_price": ["207"]}, "6402423": {"hotel_name": "\u5357\u4eac\u7384\u6b66\u6e56\u5047\u65e5\u9152\u5e97", "order_time": ["2019-01-09 13:55:04"], "total_order": 1, "hotel_value": ["4.6"], "hotel_price": ["628"]}, "1715805": {"hotel_name": "\u6613\u4f70\u9152\u5e97(\u5357\u4eac\u6c5f\u5b81\u5927\u5b66\u57ce\u6587\u9f0e\u5e7f\u573a\u5e97)", "order_time": ["2019-01-09 13:55:04"], "total_order": 1, "hotel_value": ["4.2"], "hotel_price": ["116"]}, "6645069": {"hotel_name": "\u6613\u4f70\u826f\u54c1\u9152\u5e97(\u5357\u4eac\u5357\u7ad9\u5317\u5e7f\u573a\u5e97)", "order_time": ["2019-01-09 13:55:06"], "total_order": 1, "hotel_value": ["4.2"], "hotel_price": ["114"]}, "11539805": {"hotel_name": "\u5357\u4eac\u4e50\u6a59\u9152\u5e97\u516c\u5bd3", "order_time": ["2019-01-09 13:55:06"], "total_order": 1, "hotel_value": ["4.5"], "hotel_price": ["187"]}, "668358": {"hotel_name": "\u5357\u4eac\u5f18\u9633\u9152\u5e97", "order_time": ["2019-01-09 13:55:06"], "total_order": 1, "hotel_value": ["4.6"], "hotel_price": ["360"]}, "17996519": {"hotel_name": "\u5357\u4eac\u673a\u573a\u7761\u5427\u9152\u5e97", "order_time": ["2019-01-09 13:55:06"], "total_order": 1, "hotel_value": ["4.4"], "hotel_price": ["149"]}, "1943957": {"hotel_name": "\u5357\u4eac\u4ed9\u6797\u677e\u5c71\u6e56\u5bbe\u9986", "order_time": ["2019-01-09 13:55:07"], "total_order": 1, "hotel_value": ["4.4"], "hotel_price": ["218"]}, "13912697": {"hotel_name": "\u5357\u4eac\u4e00\u7c73\u9633\u5149\u9152\u5e97\u516c\u5bd3\u96e8\u82b1\u5ba2\u5385\u5e97", "order_time": ["2019-01-09 13:55:08"], "total_order": 1, "hotel_value": ["4.8"], "hotel_price": ["182"]}, "471731": {"hotel_name": "\u5357\u4eac\u4e16\u7eaa\u7f18\u56fd\u9645\u4f1a\u8bae\u4e2d\u5fc3", "order_time": ["2019-01-09 14:13:03", "2019-01-09 13:55:10"], "total_order": 2, "hotel_value": ["4.3", "4.3"], "hotel_price": ["298", "298"]}, "6234963": {"hotel_name": "H\u6c34\u6676\u9152\u5e97(\u5357\u4eac\u83ab\u6101\u6e56\u5e97)", "order_time": ["2019-01-09 13:55:11"], "total_order": 1, "hotel_value": ["4.6"], "hotel_price": ["277"]}, "1281183": {"hotel_name": "\u6c49\u5ead\u9152\u5e97(\u5357\u4eac\u9f13\u697c\u5e97)", "order_time": ["2019-01-09 13:55:11"], "total_order": 1, "hotel_value": ["4.3"], "hotel_price": ["172"]}, "1808635": {"hotel_name": "\u901f8\u9152\u5e97(\u5357\u4eac\u6cb9\u574a\u6865\u5e97)", "order_time": ["2019-01-09 13:55:11"], "total_order": 1, "hotel_value": ["3.1"], "hotel_price": ["102"]}, "6942151": {"hotel_name": "\u6854\u5b50\u9152\u5e97\u00b7\u7cbe\u9009(\u5357\u4eac\u592b\u5b50\u5e99\u5efa\u5eb7\u8def\u5e97)", "order_time": ["2019-01-09 13:55:13"], "total_order": 1, "hotel_value": ["4.8"], "hotel_price": ["275"]}, "13741590": {"hotel_name": "\u5357\u4eac\u6cf0\u4fea\u7cbe\u54c1\u9152\u5e97", "order_time": ["2019-01-09 13:55:13"], "total_order": 1, "hotel_value": ["4.7"], "hotel_price": ["290"]}, "11811049": {"hotel_name": "\u65b0\u65f6\u4ee3\u9152\u5e97\uff08\u5357\u4eac\u9ad8\u6df3\u5730\u94c1\u7ad9\u5e97\uff09", "order_time": ["2019-01-09 13:55:13"], "total_order": 1, "hotel_value": ["5.0"], "hotel_price": ["113"]}, "5215299": {"hotel_name": "\u5357\u4eac\u5b66\u57ce\u4e4b\u604b\u60c5\u4fa3\u4e3b\u9898\u9152\u5e97", "order_time": ["2019-01-09 13:55:14"], "total_order": 1, "hotel_value": ["4.5"], "hotel_price": ["141"]}, "3067211": {"hotel_name": "\u5eb7\u65af\u7279\u57ce\u5e02\u9152\u5e97(\u5357\u4eac\u5357\u7ad9\u5927\u660e\u8def\u5e97)", "order_time": ["2019-01-09 13:55:14"], "total_order": 1, "hotel_value": ["4.3"], "hotel_price": ["177"]}, "5967130": {"hotel_name": "\u5357\u4eac\u7426\u5c1a\u5bbe\u9986", "order_time": ["2019-01-09 13:55:20"], "total_order": 1, "hotel_value": ["4.9"], "hotel_price": ["132"]}, "8511846": {"hotel_name": "\u5c0f\u65f6\u5149\u5bbe\u9986(\u5357\u4eac\u7984\u53e3\u673a\u573a\u4e8c\u5e97)", "order_time": ["2019-01-09 13:55:22"], "total_order": 1, "hotel_value": ["4.9"], "hotel_price": ["121"]}, "23972505": {"hotel_name": "\u5357\u4eac\u9047\u89c1\u4e00\u5ea7\u57ce", "order_time": ["2019-01-09 13:55:23"], "total_order": 1, "hotel_value": ["4.9"], "hotel_price": ["183"]}, "878711": {"hotel_name": "\u51ef\u5bbe\u9152\u5e97\u516c\u5bd3\u8fde\u9501(\u5357\u4eac\u51ef\u6da6\u91d1\u57ce\u5e97)", "order_time": ["2019-01-09 13:57:01"], "total_order": 1, "hotel_value": ["4.2"], "hotel_price": ["248"]}, "668355": {"hotel_name": "\u5357\u4eac\u534e\u6c5f\u996d\u5e97", "order_time": ["2019-01-09 13:57:01"], "total_order": 1, "hotel_value": ["4.4"], "hotel_price": ["281"]}, "1052592": {"hotel_name": "\u5357\u5cb8\u98ce\u683c\u9152\u5e97(\u5357\u4eac\u4e1c\u5927\u6210\u8d24\u5b66\u9662\u5e97)", "order_time": ["2019-01-09 13:57:05"], "total_order": 1, "hotel_value": ["4.8"], "hotel_price": ["126"]}, "1341077": {"hotel_name": "\u5982\u5bb6\u5feb\u6377\u9152\u5e97(\u5357\u4eac\u592b\u5b50\u5e99\u9f99\u87e0\u4e2d\u8def\u7535\u89c6\u53f0\u5e97)", "order_time": ["2019-01-09 13:57:09"], "total_order": 1, "hotel_value": ["4.4"], "hotel_price": ["135"]}, "10571966": {"hotel_name": "\u9510\u601d\u7279\u9152\u5e97(\u5357\u4eac\u5357\u7ad9\u8bda\u4fe1\u5927\u9053\u5730\u94c1\u7ad9\u5e97)", "order_time": ["2019-01-09 13:57:09"], "total_order": 1, "hotel_value": ["4.5"], "hotel_price": ["188"]}, "17589258": {"hotel_name": "\u5357\u4eac\u4ea4\u82d1\u5bbe\u9986", "order_time": ["2019-01-09 13:57:18"], "total_order": 1, "hotel_value": [0], "hotel_price": ["300"]}, "1447406": {"hotel_name": "\u5e03\u4e01\u9152\u5e97(\u5357\u4eac\u864e\u8e1e\u5317\u8def\u76d0\u4ed3\u6865\u5e97)(\u539f\u7b11\u8c08\u7cbe\u54c1\u9152\u5e97)", "order_time": ["2019-01-09 13:57:18"], "total_order": 1, "hotel_value": ["4.2"], "hotel_price": ["122"]}, "1441403": {"hotel_name": "\u661f\u7a0b\u9152\u5e97(\u5357\u4eac\u9f13\u697c\u4e2d\u5fc3\u5e97)", "order_time": ["2019-01-09 13:59:01"], "total_order": 1, "hotel_value": ["4.5"], "hotel_price": ["233"]}, "2301847": {"hotel_name": "7\u5929\u8fde\u9501\u9152\u5e97(\u5357\u4eac\u706b\u8f66\u7ad9\u65b0\u6a21\u8303\u9a6c\u8def\u5730\u94c1\u7ad9\u5e97)", "order_time": ["2019-01-09 13:59:02"], "total_order": 1, "hotel_value": ["4.1"], "hotel_price": ["126"]}, "21914008": {"hotel_name": "\u5357\u4eac\u5353\u7f8e\u4e9a\u9152\u5e97", "order_time": ["2019-01-09 13:59:04"], "total_order": 1, "hotel_value": ["4.8"], "hotel_price": ["1049"]}, "2083139": {"hotel_name": "\u5168\u5b63\u9152\u5e97(\u5357\u4eac\u65b0\u8857\u53e3\u4e2d\u5fc3\u5e97)", "order_time": ["2019-01-09 13:59:04"], "total_order": 1, "hotel_value": ["4.7"], "hotel_price": ["348"]}, "3638086": {"hotel_name": "\u6ea7\u6c34\u9633\u5149\u5047\u65e5\u9152\u5e97(\u5357\u4eac\u4ea4\u901a\u8def\u5e97)", "order_time": ["2019-01-09 13:59:05"], "total_order": 1, "hotel_value": ["4.4"], "hotel_price": ["170"]}, "26563837": {"hotel_name": "\u5c1a\u5ba2\u4f18\u7cbe\u9009\u9152\u5e97(\u5357\u4eac\u6c5f\u5b81\u5927\u5b66\u57ce\u4ea4\u9662\u5730\u94c1\u7ad9\u5e97)", "order_time": ["2019-01-09 13:59:05"], "total_order": 1, "hotel_value": ["3.4"], "hotel_price": ["139"]}, "481006": {"hotel_name": "\u5357\u4eac\u592a\u548c\u7d2b\u91d1\u5927\u9152\u5e97", "order_time": ["2019-01-09 13:59:06", "2019-01-09 14:35:04"], "total_order": 2, "hotel_value": ["4.6", "4.6"], "hotel_price": ["439", "439"]}, "13297881": {"hotel_name": "\u5357\u4eac\u8212\u9999\u9601\u5bbe\u9986", "order_time": ["2019-01-09 13:59:07"], "total_order": 1, "hotel_value": ["4.9"], "hotel_price": ["107"]}, "7215718": {"hotel_name": "\u7ef4\u4e5f\u7eb3\u9152\u5e97(\u5357\u4eac\u592b\u5b50\u5e99\u96e8\u82b1\u8def\u5e97)", "order_time": ["2019-01-09 13:59:08"], "total_order": 1, "hotel_value": ["4.8"], "hotel_price": ["243"]}, "17491470": {"hotel_name": "\u6c49\u5ead\u4f18\u4f73\u9152\u5e97(\u5357\u4eac\u4ed9\u6797\u5927\u5b66\u57ce\u5e97)", "order_time": ["2019-01-09 13:59:09"], "total_order": 1, "hotel_value": ["4.6"], "hotel_price": ["232"]}, "1448720": {"hotel_name": "\u5982\u5bb6\u5546\u65c5\u9152\u5e97(\u5357\u4eac\u7384\u6b66\u6e56\u65b0\u6a21\u8303\u9a6c\u8def\u5730\u94c1\u7ad9\u5e97)", "order_time": ["2019-01-09 14:15:16", "2019-01-09 14:05:14", "2019-01-09 13:59:09"], "total_order": 3, "hotel_value": ["4.8", "4.8", "4.8"], "hotel_price": ["233", "233", "233"]}, "2011550": {"hotel_name": "\u683c\u6797\u8c6a\u6cf0(\u5357\u4eac\u4ed9\u6797\u5927\u9053\u91d1\u9a6c\u8def\u5730\u94c1\u7ad9\u5e97)", "order_time": ["2019-01-09 13:59:09"], "total_order": 1, "hotel_value": ["4.4"], "hotel_price": ["146"]}, "1414858": {"hotel_name": "\u5e03\u4e01\u9152\u5e97(\u5357\u4eac\u7701\u4e2d\u533b\u9662\u4e0a\u6d77\u8def\u5730\u94c1\u7ad9\u5e97)", "order_time": ["2019-01-09 13:59:19"], "total_order": 1, "hotel_value": ["4.3"], "hotel_price": ["124"]}, "6040093": {"hotel_name": "\u57ce\u9645\u592a\u7a7a\u8231\u9752\u5e74\u65c5\u793e(\u5357\u4eac\u65b0\u8857\u53e3\u5e97)", "order_time": ["2019-01-09 13:59:28"], "total_order": 1, "hotel_value": ["3.9"], "hotel_price": ["31"]}, "1589784": {"hotel_name": "\u6e05\u6c90\u8fde\u9501\u9152\u5e97(\u5357\u4eac\u4e07\u8fbe\u5e7f\u573a\u4e1c\u5b9d\u8def\u5e97)(\u539f\u541b\u8bfa\u5bbe\u9986)", "order_time": ["2019-01-09 14:01:01"], "total_order": 1, "hotel_value": ["4.2"], "hotel_price": ["129"]}, "1452010": {"hotel_name": "\u5982\u5bb6\u5feb\u6377\u9152\u5e97(\u5357\u4eac\u6e56\u5357\u8def\u72ee\u5b50\u6865\u7f8e\u98df\u8857\u5e97)", "order_time": ["2019-01-09 14:01:01"], "total_order": 1, "hotel_value": ["4.3"], "hotel_price": ["154"]}, "1341021": {"hotel_name": "\u5982\u5bb6\u5feb\u6377\u9152\u5e97(\u5357\u4eac\u5357\u822a\u5927\u5b66\u660e\u6545\u5bab\u745e\u91d1\u8def\u5e97)", "order_time": ["2019-01-09 14:01:01"], "total_order": 1, "hotel_value": ["4.5"], "hotel_price": ["147"]}, "1853810": {"hotel_name": "\u5357\u4eac\u8292\u679c\u9152\u5e97", "order_time": ["2019-01-09 14:01:05"], "total_order": 1, "hotel_value": ["4.3"], "hotel_price": ["114"]}, "1646486": {"hotel_name": "\u901f8\u9152\u5e97(\u5357\u4eac\u4e2d\u5c71\u9675\u666f\u533a\u897f\u5e97)", "order_time": ["2019-01-09 14:01:05"], "total_order": 1, "hotel_value": ["4.3"], "hotel_price": ["142"]}, "2624089": {"hotel_name": "\u5357\u4eac\u603b\u7edf\u5e9c\u4e9a\u6735\u9152\u5e97", "order_time": ["2019-01-09 14:01:07"], "total_order": 1, "hotel_value": ["4.7"], "hotel_price": ["453"]}, "369713": {"hotel_name": "\u5357\u4eac\u7eff\u5730\u6d32\u9645\u9152\u5e97", "order_time": ["2019-01-09 14:01:08"], "total_order": 1, "hotel_value": ["4.7"], "hotel_price": ["1049"]}, "23982381": {"hotel_name": "\u5357\u4eac\u542f\u70b9\u516c\u5bd3", "order_time": ["2019-01-09 14:01:13"], "total_order": 1, "hotel_value": ["4.8"], "hotel_price": ["208"]}, "5767032": {"hotel_name": "\u5357\u4eac\u4e09\u4e2a\u706b\u67f4\u9752\u5e74\u65c5\u793e", "order_time": ["2019-01-09 14:01:14"], "total_order": 1, "hotel_value": ["4.8"], "hotel_price": ["51"]}, "6480268": {"hotel_name": "\u5357\u4eac\u5b9c\u4f70\u5feb\u6377\u9152\u5e97", "order_time": ["2019-01-09 14:01:22"], "total_order": 1, "hotel_value": ["4.4"], "hotel_price": ["147"]}, "7363448": {"hotel_name": "\u5357\u4eac\u672a\u6765\u6811\u751f\u6d3b\u9152\u5e97", "order_time": ["2019-01-09 14:03:01"], "total_order": 1, "hotel_value": ["4.5"], "hotel_price": ["233"]}, "1678723": {"hotel_name": "\u5357\u4eacYMCA\u9152\u5e97", "order_time": ["2019-01-09 14:03:03"], "total_order": 1, "hotel_value": ["4.5"], "hotel_price": ["289"]}, "1816830": {"hotel_name": "\u6854\u5b50\u9152\u5e97\u00b7\u7cbe\u9009(\u5357\u4eac\u65b0\u8857\u53e3\u5e97)", "order_time": ["2019-01-09 14:03:03"], "total_order": 1, "hotel_value": ["4.9"], "hotel_price": ["322"]}, "21146292": {"hotel_name": "\u6c34\u4e91\u8f69\u5bbe\u9986(\u5357\u4eac\u7984\u53e3\u56fd\u9645\u673a\u573a\u5e97)", "order_time": ["2019-01-09 14:03:04"], "total_order": 1, "hotel_value": ["4.8"], "hotel_price": ["123"]}, "470357": {"hotel_name": "\u5357\u4eac\u9999\u6a1f\u534e\u82f9\u9152\u5e97", "order_time": ["2019-01-09 14:03:05"], "total_order": 1, "hotel_value": ["4.8"], "hotel_price": ["2938"]}, "25289828": {"hotel_name": "\u5357\u4eac\u5f92\u884c\u964c\u5ba2\u9752\u5e74\u65c5\u820d", "order_time": ["2019-01-09 14:03:08"], "total_order": 1, "hotel_value": ["4.9"], "hotel_price": ["43"]}, "10607216": {"hotel_name": "\u6e05\u6c90\u7cbe\u9009\u9152\u5e97(\u5357\u4eac\u5357\u7ad9\u5e97)", "order_time": ["2019-01-09 14:03:09"], "total_order": 1, "hotel_value": ["4.6"], "hotel_price": ["209"]}, "2276820": {"hotel_name": "\u5357\u4eac\u68a6\u4e50\u822b\u5546\u52a1\u5bbe\u9986", "order_time": ["2019-01-09 14:03:21"], "total_order": 1, "hotel_value": ["3.4"], "hotel_price": ["74"]}, "5237976": {"hotel_name": "\u4e1c\u80dc\u5546\u52a1\u5bbe\u9986(\u5357\u4eac\u4e1c\u5357\u5927\u5b66\u5e97)", "order_time": ["2019-01-09 14:05:03"], "total_order": 1, "hotel_value": ["4.3"], "hotel_price": ["150"]}, "4604055": {"hotel_name": "\u5c1a\u5ba2\u4f18\u8fde\u9501\u9152\u5e97(\u5357\u4eac\u592b\u5b50\u5e99\u6c34\u6e38\u57ce\u5e97)", "order_time": ["2019-01-09 14:05:06"], "total_order": 1, "hotel_value": ["4.0"], "hotel_price": ["130"]}, "21936730": {"hotel_name": "\u5357\u4eac\u5927\u5730\u541b\u60a6\u9152\u5e97", "order_time": ["2019-01-09 14:05:12", "2019-01-09 14:09:03"], "total_order": 2, "hotel_value": ["4.6", "4.6"], "hotel_price": ["203", "203"]}, "21744273": {"hotel_name": "\u5357\u4eac\u68a6\u6cfd\u5feb\u6377\u5bbe\u9986", "order_time": ["2019-01-09 14:05:22"], "total_order": 1, "hotel_value": ["4.9"], "hotel_price": ["128"]}, "17174163": {"hotel_name": "\u83b1\u8499\u9152\u5e97\u516c\u5bd3(\u5357\u4eac\u5efa\u5b81\u8def\u7c73\u5de2\u5e97)", "order_time": ["2019-01-09 14:05:27"], "total_order": 1, "hotel_value": [0], "hotel_price": ["77"]}, "5716734": {"hotel_name": "\u5357\u4eac\u7984\u53e3\u673a\u573a\u4e9a\u6735\u9152\u5e97", "order_time": ["2019-01-09 14:11:06", "2019-01-09 14:07:05"], "total_order": 2, "hotel_value": ["4.8", "4.8"], "hotel_price": ["536", "799"]}, "3637636": {"hotel_name": "\u5357\u4eac\u5357\u5927\u6709\u56ed", "order_time": ["2019-01-09 14:07:06"], "total_order": 1, "hotel_value": ["4.4"], "hotel_price": ["240"]}, "1842197": {"hotel_name": "\u5c71\u6942\u6811\u5feb\u6377\u9152\u5e97(\u5357\u4eac\u603b\u7edf\u5e9c\u5e97)", "order_time": ["2019-01-09 14:07:06"], "total_order": 1, "hotel_value": ["4.2"], "hotel_price": ["113"]}, "1943798": {"hotel_name": "\u6c5f\u82cf\u56fd\u745e\u5927\u9152\u5e97", "order_time": ["2019-01-09 14:07:07"], "total_order": 1, "hotel_value": ["4.2"], "hotel_price": ["285"]}, "2155694": {"hotel_name": "\u6c49\u5ead\u9152\u5e97(\u5357\u4eac\u6c5f\u5b81\u4ea4\u9662\u5730\u94c1\u7ad9\u5e97)(\u539f\u6c5f\u5b81\u4ea4\u9662\u5e97)", "order_time": ["2019-01-09 14:15:16", "2019-01-09 14:07:08"], "total_order": 2, "hotel_value": ["4.3", "4.3"], "hotel_price": ["189", "189"]}, "1618777": {"hotel_name": "\u6ea7\u6c34\u9633\u5149\u5047\u65e5\u9152\u5e97(\u5357\u4eac\u5927\u897f\u95e8\u5e97)", "order_time": ["2019-01-09 14:07:15"], "total_order": 1, "hotel_value": ["4.5"], "hotel_price": ["129"]}, "2641962": {"hotel_name": "\u683c\u6797\u8c6a\u6cf0(\u5357\u4eac\u9a6c\u7fa4\u8857\u9053\u4ea4\u901a\u6280\u5e08\u5b66\u9662\u5e97)", "order_time": ["2019-01-09 14:07:15"], "total_order": 1, "hotel_value": ["4.3"], "hotel_price": ["171"]}, "2052801": {"hotel_name": "\u5357\u4eac\u82b1\u975e\u8bed\u4e3b\u9898\u5bbe\u9986", "order_time": ["2019-01-09 14:07:15"], "total_order": 1, "hotel_value": ["4.1"], "hotel_price": ["125"]}, "4039747": {"hotel_name": "7\u5929\u4f18\u54c1\u9152\u5e97(\u5357\u4eac\u5317\u5cad\u8def\u5e97)", "order_time": ["2019-01-09 14:07:18"], "total_order": 1, "hotel_value": ["4.6"], "hotel_price": ["126"]}, "2313398": {"hotel_name": "\u6d77\u53cb\u9152\u5e97\uff08\u5357\u4eac\u6c5f\u5b81\u8bda\u4fe1\u5927\u9053\u5730\u94c1\u7ad9\u5e97\uff09\uff08\u539f\u6c5f\u5b81\u8bda\u4fe1\u5927\u9053\u5e97)", "order_time": ["2019-01-09 14:07:19"], "total_order": 1, "hotel_value": ["4.0"], "hotel_price": ["169"]}, "15057090": {"hotel_name": "\u548c\u749e\u8bbe\u8ba1\u5e08\u9152\u5e97\u516c\u5bd3\uff08\u5357\u4eac\u5965\u4f53\u5e97\uff09", "order_time": ["2019-01-09 14:33:01", "2019-01-09 14:07:21"], "total_order": 2, "hotel_value": ["4.6", "4.6"], "hotel_price": ["192", "192"]}, "15196691": {"hotel_name": "\u5357\u4eac\u5c1a\u5bd3\u9152\u5e97\u516c\u5bd3", "order_time": ["2019-01-09 14:07:26", "2019-01-09 14:11:14"], "total_order": 2, "hotel_value": ["4.8", "4.8"], "hotel_price": ["136", "136"]}, "969238": {"hotel_name": "\u6c49\u5ead\u9152\u5e97(\u5357\u4eac\u4e2d\u592e\u95e8\u5e97)", "order_time": ["2019-01-09 14:09:02"], "total_order": 1, "hotel_value": ["4.6"], "hotel_price": ["179"]}, "669100": {"hotel_name": "\u5357\u4eac\u91d1\u5965\u8d39\u5c14\u8499\u9152\u5e97", "order_time": ["2019-01-09 14:09:06"], "total_order": 1, "hotel_value": ["4.7"], "hotel_price": ["944"]}, "4029612": {"hotel_name": "\u5357\u4eac\u67ab\u53f6\u7cbe\u54c1\u516c\u5bd3 (\u539f\u4e1d\u74dc\u516c\u5bd3)", "order_time": ["2019-01-09 14:09:11"], "total_order": 1, "hotel_value": ["4.1"], "hotel_price": ["90"]}, "7934109": {"hotel_name": "\u5357\u4eac\u84dd\u9cb8\u592a\u7a7a\u8231\u4e3b\u9898\u9752\u65c5", "order_time": ["2019-01-09 14:09:13"], "total_order": 1, "hotel_value": ["4.7"], "hotel_price": ["72"]}, "2705530": {"hotel_name": "\u5982\u5bb6\u5feb\u6377\u9152\u5e97(\u5357\u4eac\u56fa\u57ce\u6e56\u5317\u8def\u7ea2\u592a\u9633\u5e7f\u573a\u5e97)", "order_time": ["2019-01-09 14:09:17"], "total_order": 1, "hotel_value": ["4.8"], "hotel_price": ["139"]}, "5323559": {"hotel_name": "\u5357\u4eac\u82b1\u56ed\u6e56\u65f6\u5c1a\u827a\u672f\u9152\u5e97", "order_time": ["2019-01-09 14:09:21"], "total_order": 1, "hotel_value": ["4.4"], "hotel_price": ["103"]}, "811672": {"hotel_name": "\u6e05\u6c90\u8fde\u9501\u9152\u5e97(\u5357\u4eac\u6816\u971e\u5bfa\u91d1\u9675\u77f3\u5316\u5e97)", "order_time": ["2019-01-09 14:09:21"], "total_order": 1, "hotel_value": ["4.1"], "hotel_price": ["126"]}, "1369149": {"hotel_name": "\u5357\u4eac\u541b\u7f18\u5bbe\u9986", "order_time": ["2019-01-09 14:09:21"], "total_order": 1, "hotel_value": ["3.5"], "hotel_price": ["76"]}, "1862056": {"hotel_name": "\u69b4\u83b2\u5c0f\u661f\u9152\u5e97(\u5357\u4eac\u6cf0\u5c71\u65b0\u6751\u5e97)", "order_time": ["2019-01-09 14:09:25"], "total_order": 1, "hotel_value": ["4.3"], "hotel_price": ["74"]}, "21794209": {"hotel_name": "\u5357\u4eac\u7f8e\u5bbf\u7cbe\u9009\u9152\u5e97", "order_time": ["2019-01-09 14:11:10"], "total_order": 1, "hotel_value": ["4.7"], "hotel_price": ["194"]}, "11480001": {"hotel_name": "\u5357\u4eac\u4e2d\u6d77\u51e4\u51f0\u7199\u5cb8\u516c\u5bd3\u5f0f\u9152\u5e97", "order_time": ["2019-01-09 14:11:11"], "total_order": 1, "hotel_value": ["4.7"], "hotel_price": ["346"]}, "5611564": {"hotel_name": "Q\u52a0\u00b7\u5357\u4eac\u71d5\u96c0\u6e56\u82b1\u56ed\u9152\u5e97", "order_time": ["2019-01-09 14:11:11"], "total_order": 1, "hotel_value": ["4.6"], "hotel_price": ["211"]}, "4510310": {"hotel_name": "\u5b89\u683c\u65af\u9152\u5e97\u516c\u5bd3(\u5357\u4eac\u6bb7\u5df7\u5e97)", "order_time": ["2019-01-09 14:11:41"], "total_order": 1, "hotel_value": ["4.4"], "hotel_price": ["109"]}, "435484": {"hotel_name": "\u5357\u4eac\u6cfd\u5929\u5927\u9152\u5e97", "order_time": ["2019-01-09 14:13:03"], "total_order": 1, "hotel_value": ["4.3"], "hotel_price": ["274"]}, "24538529": {"hotel_name": "\u5357\u4eac\u5723\u548c\u6587\u5316\u4ea4\u6d41\u4e2d\u5fc3", "order_time": ["2019-01-09 14:13:05", "2019-01-09 14:35:00"], "total_order": 2, "hotel_value": ["4.8", "4.8"], "hotel_price": ["299", "299"]}, "21769720": {"hotel_name": "\u5357\u4eac\u9ad8\u76db\u9601\u9152\u5e97", "order_time": ["2019-01-09 14:13:05", "2019-01-09 14:35:00"], "total_order": 2, "hotel_value": ["4.5", "4.5"], "hotel_price": ["138", "138"]}, "1457092": {"hotel_name": "\u5982\u5bb6\u5feb\u6377\u9152\u5e97(\u5357\u4eac\u65b0\u8857\u53e3\u5e97)", "order_time": ["2019-01-09 14:13:05", "2019-01-09 14:35:00"], "total_order": 2, "hotel_value": ["4.6", "4.6"], "hotel_price": ["164", "164"]}, "3666024": {"hotel_name": "\u6021\u83b1\u9152\u5e97(\u5357\u4eac\u6d66\u53e3\u5357\u4fe1\u5927\u5e97)", "order_time": ["2019-01-09 14:13:06"], "total_order": 1, "hotel_value": ["4.5"], "hotel_price": ["208"]}, "8650324": {"hotel_name": "\u5982\u5bb6\u7cbe\u9009\u9152\u5e97(\u5357\u4eac\u5357\u7ad9\u5317\u5e7f\u573a\u7eff\u5730\u4e4b\u7a97\u5e97)", "order_time": ["2019-01-09 14:13:06"], "total_order": 1, "hotel_value": ["4.6"], "hotel_price": ["325"]}, "13325407": {"hotel_name": "\u5357\u4eac\u73ba\u57ce\u00b7\u963f\u91cc\u9152\u5e97", "order_time": ["2019-01-09 14:13:07"], "total_order": 1, "hotel_value": ["4.6"], "hotel_price": ["273"]}, "2043640": {"hotel_name": "7\u5929\u4f18\u54c1\u9152\u5e97(\u5357\u4eac\u6c49\u4e2d\u95e8\u5730\u94c1\u7ad9\u5e97)", "order_time": ["2019-01-09 14:13:07"], "total_order": 1, "hotel_value": ["4.3"], "hotel_price": ["205"]}, "2302852": {"hotel_name": "7\u5929\u8fde\u9501\u9152\u5e97(\u5357\u4eac\u5357\u7ad9\u6c5f\u5b81\u6cb3\u5b9a\u6865\u5730\u94c1\u7ad9\u5e97)", "order_time": ["2019-01-09 14:13:07"], "total_order": 1, "hotel_value": ["3.8"], "hotel_price": ["101"]}, "4592304": {"hotel_name": "\u5357\u4eac\u4e2d\u516c\u6c47\u60a6\u5927\u9152\u5e97", "order_time": ["2019-01-09 14:13:08"], "total_order": 1, "hotel_value": ["4.7"], "hotel_price": ["330"]}, "2511151": {"hotel_name": "\u548c\u9890\u9152\u5e97(\u5357\u4eac\u65b0\u8857\u53e3\u5730\u94c1\u7ad9\u5e97)", "order_time": ["2019-01-09 14:13:08"], "total_order": 1, "hotel_value": ["4.6"], "hotel_price": ["280"]}, "1943642": {"hotel_name": "\u6e05\u6c90\u7cbe\u54c1\u9152\u5e97(\u5357\u4eac\u5927\u6865\u5317\u8def\u6cf0\u5c71\u65b0\u6751\u5730\u94c1\u7ad9)", "order_time": ["2019-01-09 14:13:09"], "total_order": 1, "hotel_value": ["3.9"], "hotel_price": ["98"]}, "5158996": {"hotel_name": "\u5982\u5bb6\u7cbe\u9009\u9152\u5e97(\u5357\u4eac\u5b9a\u6dee\u95e8\u9f99\u6c5f\u5730\u94c1\u7ad9\u5e97)(\u539f\u9f99\u6c5f\u5b9a\u6dee\u95e8\u5927\u8857\u5e97)", "order_time": ["2019-01-09 14:13:09"], "total_order": 1, "hotel_value": ["4.8"], "hotel_price": ["254"]}, "1943895": {"hotel_name": "\u5e03\u4e01\u9152\u5e97(\u5357\u4eac\u9f13\u697c\u7384\u6b66\u6e56\u7384\u6b66\u95e8\u5730\u94c1\u7ad9\u5e97)", "order_time": ["2019-01-09 14:13:10"], "total_order": 1, "hotel_value": ["4.1"], "hotel_price": ["168"]}, "434989": {"hotel_name": "\u5357\u4eac\u4e2d\u5fc3\u5927\u9152\u5e97", "order_time": ["2019-01-09 14:13:10"], "total_order": 1, "hotel_value": ["4.8"], "hotel_price": ["498"]}, "6352638": {"hotel_name": "\u661f\u7a0b\u9152\u5e97(\u5357\u4eac\u5c06\u519b\u5927\u9053\u5de5\u4e1a\u56ed\u5e97)(\u539f\u80dc\u4f3c\u95f2\u5ead\u9152\u5e97\u6c5f\u5b81\u5f00\u53d1\u533a\u5409\u5370\u5927\u9053\u5730\u94c1\u7ad9\u5e97)", "order_time": ["2019-01-09 14:13:11"], "total_order": 1, "hotel_value": ["4.5"], "hotel_price": ["231"]}, "946968": {"hotel_name": "\u53e4\u90fd\u6587\u5316\u9152\u5e97(\u5357\u4eac\u7384\u6b66\u6e56\u9f13\u697c\u5730\u94c1\u7ad9\u5e97)", "order_time": ["2019-01-09 14:13:11"], "total_order": 1, "hotel_value": ["4.3"], "hotel_price": ["249"]}, "3730005": {"hotel_name": "\u548c\u9890\u9152\u5e97(\u5357\u4eac\u4e2d\u5c71\u4e1c\u8def\u660e\u6545\u5bab\u5730\u94c1\u7ad9\u5e97)", "order_time": ["2019-01-09 14:13:12"], "total_order": 1, "hotel_value": ["4.6"], "hotel_price": ["254"]}, "1457946": {"hotel_name": "\u5357\u4eac\u4e94\u4e00\u5bbe\u9986", "order_time": ["2019-01-09 14:13:12"], "total_order": 1, "hotel_value": ["4.6"], "hotel_price": ["171"]}, "1943360": {"hotel_name": "\u69b4\u83b2\u5c0f\u661f\u7cd6\u679c\u9152\u5e97(\u5357\u4eac\u7384\u6b66\u6e56\u5e97)", "order_time": ["2019-01-09 14:13:12"], "total_order": 1, "hotel_value": ["4.2"], "hotel_price": ["183"]}, "15342933": {"hotel_name": "\u6d77\u660e\u5a01\u7cbe\u54c1\u9152\u5e97\u516c\u5bd3(\u5357\u4eac\u5929\u9686\u5bfa\u5730\u94c1\u7ad9\u5e97)", "order_time": ["2019-01-09 14:13:13"], "total_order": 1, "hotel_value": ["4.8"], "hotel_price": ["197"]}, "811669": {"hotel_name": "\u6e05\u6c90\u8fde\u9501\u9152\u5e97(\u5357\u4eac\u6cb3\u897f\u6c5f\u4e1c\u5317\u8def\u5e97)", "order_time": ["2019-01-09 14:13:13"], "total_order": 1, "hotel_value": ["4.5"], "hotel_price": ["190"]}, "901884": {"hotel_name": "\u6613\u4f70\u826f\u54c1\u9152\u5e97(\u5357\u4eac\u8fc8\u768b\u6865\u5730\u94c1\u5e97)", "order_time": ["2019-01-09 14:13:16"], "total_order": 1, "hotel_value": ["4.3"], "hotel_price": ["100"]}, "12257587": {"hotel_name": "\u5357\u4eac\u53e4\u67cf\u6797\u9152\u5e97", "order_time": ["2019-01-09 14:13:17"], "total_order": 1, "hotel_value": ["4.5"], "hotel_price": ["131"]}, "13390170": {"hotel_name": "\u5357\u4eac\u5982\u679c\u592a\u7a7a\u8231\u5ba2\u6808", "order_time": ["2019-01-09 14:13:20"], "total_order": 1, "hotel_value": ["4.8"], "hotel_price": ["45"]}, "1959640": {"hotel_name": "\u4f18\u5bb6\u9152\u5e97\u516c\u5bd3(\u5357\u4eac\u6c5f\u5b81\u4e07\u8fbe\u5e97)", "order_time": ["2019-01-09 14:13:20"], "total_order": 1, "hotel_value": ["4.3"], "hotel_price": ["180"]}, "21826827": {"hotel_name": "\u5b9c\u5fc5\u601d\u5c1a\u54c1\u9152\u5e97(\u5357\u4eac\u5357\u7ad9\u5317\u5e7f\u573a\u5e97)", "order_time": ["2019-01-09 14:23:03", "2019-01-09 14:33:08", "2019-01-09 14:14:59"], "total_order": 3, "hotel_value": ["4.6", "4.6", "4.6"], "hotel_price": ["370", "370", "370"]}, "1585888": {"hotel_name": "\u9526\u6c5f\u4e4b\u661f(\u5357\u4eac\u5965\u4f53\u9ec4\u5c71\u8def\u5e97)", "order_time": ["2019-01-09 14:15:02"], "total_order": 1, "hotel_value": ["4.3"], "hotel_price": ["159"]}, "5469110": {"hotel_name": "\u5357\u4eac\u5929\u79a7\u9152\u5e97", "order_time": ["2019-01-09 14:15:02"], "total_order": 1, "hotel_value": ["4.6"], "hotel_price": ["423"]}, "5782272": {"hotel_name": "\u4e5d\u97f5\u7cbe\u54c1\u9152\u5e97(\u5357\u4eac\u5357\u5de5\u5927\u6155\u65af\u835f\u5e97)", "order_time": ["2019-01-09 14:15:07", "2019-01-09 14:29:15"], "total_order": 2, "hotel_value": ["4.7", "4.7"], "hotel_price": ["161", "161"]}, "2846395": {"hotel_name": "\u5357\u4eac\u5170\u4ead\u5bbe\u9986", "order_time": ["2019-01-09 14:15:13"], "total_order": 1, "hotel_value": ["4.2"], "hotel_price": ["88"]}, "4056103": {"hotel_name": "\u4e07\u7231\u60c5\u4fa3\u4e3b\u9898\u9152\u5e97(\u5357\u4eac\u592b\u5b50\u5e99\u5e97)", "order_time": ["2019-01-09 14:15:16"], "total_order": 1, "hotel_value": ["4.6"], "hotel_price": ["241"]}, "1454364": {"hotel_name": "\u5982\u5bb6\u5feb\u6377\u9152\u5e97(\u5357\u4eac\u65b0\u8857\u53e3\u73e0\u6c5f\u8def\u5730\u94c1\u7ad9\u5fb7\u57fa\u5e7f\u573a\u5e97)", "order_time": ["2019-01-09 14:15:16"], "total_order": 1, "hotel_value": ["4.5"], "hotel_price": ["154"]}, "1803955": {"hotel_name": "\u7ef4\u4e5f\u7eb3\u9152\u5e97(\u5357\u4eac\u9f99\u6c5f\u5e97)", "order_time": ["2019-01-09 14:15:16", "2019-01-09 14:31:07"], "total_order": 2, "hotel_value": ["4.9", "4.9"], "hotel_price": ["331", "331"]}, "458407": {"hotel_name": "\u53e4\u5357\u90fd\u9038\u5c45\u9152\u5e97(\u5357\u4eac\u592b\u5b50\u5e99\u5e97)", "order_time": ["2019-01-09 14:15:16"], "total_order": 1, "hotel_value": ["4.9"], "hotel_price": ["299"]}, "654619": {"hotel_name": "\u5357\u4eac\u4e2d\u5174\u548c\u6cf0\u9152\u5e97", "order_time": ["2019-01-09 14:15:16"], "total_order": 1, "hotel_value": ["4.4"], "hotel_price": ["418"]}, "4066900": {"hotel_name": "\u5168\u5b63\u9152\u5e97(\u5357\u4eac\u671d\u5929\u5bab\u5e97)", "order_time": ["2019-01-09 14:15:16"], "total_order": 1, "hotel_value": ["4.8"], "hotel_price": ["349"]}, "11443801": {"hotel_name": "\u5b9c\u5fc5\u601d\u5c1a\u54c1\u9152\u5e97(\u5357\u4eac\u9e92\u9e9f\u95e8\u5e97)", "order_time": ["2019-01-09 14:15:16"], "total_order": 1, "hotel_value": ["4.7"], "hotel_price": ["320"]}, "4546100": {"hotel_name": "\u5357\u4eac\u8c6a\u60c5\u5bbe\u9986", "order_time": ["2019-01-09 14:15:37"], "total_order": 1, "hotel_value": ["3.1"], "hotel_price": ["86"]}, "811680": {"hotel_name": "\u6e05\u6c90\u7cbe\u54c1\u9152\u5e97(\u5357\u4eac\u96c6\u5e86\u95e8\u4e07\u8fbe\u5e7f\u573a\u5e97)", "order_time": ["2019-01-09 14:17:02"], "total_order": 1, "hotel_value": ["4.2"], "hotel_price": ["134"]}, "4602523": {"hotel_name": "\u673a\u573a\u5bbe\u9986(\u5357\u4eac\u592b\u5b50\u5e99\u5e97)(\u539f\u9f99\u87e0\u4e2d\u8def\u5e97)", "order_time": ["2019-01-09 14:17:02", "2019-01-09 14:39:05"], "total_order": 2, "hotel_value": ["4.7", "4.7"], "hotel_price": ["398", "398"]}, "8056092": {"hotel_name": "\u5357\u4eac\u664f\u4e30\u4f1a\u9152\u5e97\u516c\u5bd3", "order_time": ["2019-01-09 14:17:03"], "total_order": 1, "hotel_value": ["3.5"], "hotel_price": ["121"]}, "4654385": {"hotel_name": "\u5357\u4eac\u5c1a\u79be\u5409\u5c71\u9152\u5e97(\u539f\u4e3d\u6e56\u96c5\u81f4\u5409\u5c71\u9152\u5e97)", "order_time": ["2019-01-09 14:17:03"], "total_order": 1, "hotel_value": ["4.5"], "hotel_price": ["295"]}, "3396393": {"hotel_name": "\u5357\u4eac\u4e00\u8def\u9633\u5149\u5bbe\u9986", "order_time": ["2019-01-09 14:17:05"], "total_order": 1, "hotel_value": ["4.3"], "hotel_price": ["111"]}, "2783279": {"hotel_name": "\u5e03\u4e01\u9152\u5e97(\u5357\u4eac\u5357\u7ad9\u53cc\u9f99\u5927\u9053\u5730\u94c1\u7ad9\u5e97)", "order_time": ["2019-01-09 14:17:06"], "total_order": 1, "hotel_value": ["4.3"], "hotel_price": ["106"]}, "9214573": {"hotel_name": "\u5357\u4eac\u745e\u83b2\u7f8e\u5c45\u7cbe\u54c1\u9152\u5e97", "order_time": ["2019-01-09 14:17:07"], "total_order": 1, "hotel_value": ["4.6"], "hotel_price": ["171"]}, "1376623": {"hotel_name": "\u5357\u4eac\u9999\u683c\u91cc\u62c9\u5927\u9152\u5e97", "order_time": ["2019-01-09 14:17:07"], "total_order": 1, "hotel_value": ["4.7"], "hotel_price": ["1020"]}, "2299293": {"hotel_name": "\u683c\u6797\u8c6a\u6cf0(\u5357\u4eac\u5965\u4f53\u4e2d\u5fc3\u5e97)", "order_time": ["2019-01-09 14:17:10"], "total_order": 1, "hotel_value": ["3.9"], "hotel_price": ["179"]}, "1359775": {"hotel_name": "\u6c49\u5ead\u9152\u5e97(\u5357\u4eac\u5c06\u519b\u5927\u9053\u9ebb\u7530\u8def\u5e97)(\u539f\u80dc\u592a\u8def\u5c06\u519b\u5927\u9053\u5e97)", "order_time": ["2019-01-09 14:17:12"], "total_order": 1, "hotel_value": ["4.2"], "hotel_price": ["153"]}, "2264297": {"hotel_name": "\u5e03\u4e01\u9152\u5e97(\u5357\u4eac\u592b\u5b50\u5e99\u96c6\u5e86\u95e8\u5e97)", "order_time": ["2019-01-09 14:17:14"], "total_order": 1, "hotel_value": ["4.0"], "hotel_price": ["108"]}, "1944075": {"hotel_name": "\u5e03\u4e01\u9152\u5e97(\u5357\u4eac\u9ad8\u65b0\u533a\u4e1c\u5927\u6210\u8d24\u5b66\u9662\u5730\u94c1\u7ad9\u5e97)", "order_time": ["2019-01-09 14:17:15"], "total_order": 1, "hotel_value": ["4.0"], "hotel_price": ["108"]}, "24758724": {"hotel_name": "\u5357\u4eac\u67da\u5b50\u6c11\u5bbf", "order_time": ["2019-01-09 14:17:20"], "total_order": 1, "hotel_value": [0], "hotel_price": ["194"]}, "1414249": {"hotel_name": "\u5c1a\u5ba2\u4f18\u5feb\u6377\u9152\u5e97(\u5357\u4eac\u516d\u5408\u6cf0\u5c71\u8def\u5e97)", "order_time": ["2019-01-09 14:19:05"], "total_order": 1, "hotel_value": ["4.4"], "hotel_price": ["94"]}, "14255250": {"hotel_name": "\u5c1a\u5ba2\u4f18\u9a8f\u6021\u8fde\u9501\u9152\u5e97\u7fd4\u5b87\u8def\u5357\u5730\u94c1\u7ad9\u5e97", "order_time": ["2019-01-09 14:19:07", "2019-01-09 14:35:06"], "total_order": 2, "hotel_value": ["4.3", "4.3"], "hotel_price": ["99", "99"]}, "5904203": {"hotel_name": "\u5357\u4eac\u65b0\u9038\u5929\u91d1\u4e1d\u5229\u9152\u5e97", "order_time": ["2019-01-09 14:19:07"], "total_order": 1, "hotel_value": ["4.6"], "hotel_price": ["888"]}, "15878691": {"hotel_name": "\u5c1a\u597d\u9152\u5e97\u516c\u5bd3(\u5357\u4eac\u96e8\u82b1\u5ba2\u5385\u5e97)", "order_time": ["2019-01-09 14:19:09"], "total_order": 1, "hotel_value": ["4.8"], "hotel_price": ["213"]}, "24611267": {"hotel_name": "\u6e05\u6c90\u7cbe\u54c1\u9152\u5e97(\u5357\u4eac\u4e1c\u5584\u6865\u725b\u9996\u5c71\u5e97)", "order_time": ["2019-01-09 14:19:11"], "total_order": 1, "hotel_value": ["4.3"], "hotel_price": ["139"]}, "1470784": {"hotel_name": "\u6021\u83b1\u9152\u5e97(\u5357\u4eac\u7984\u53e3\u673a\u573a\u5e97)(\u539f\u6b27\u6cf0\u5546\u52a1\u5feb\u6377\u5bbe\u9986\u7984\u53e3\u56fd\u9645\u673a\u573a\u5e97)", "order_time": ["2019-01-09 14:19:12"], "total_order": 1, "hotel_value": [0], "hotel_price": ["159"]}, "1641152": {"hotel_name": "\u5357\u4eac\u7075\u5c71\u5bbe\u9986", "order_time": ["2019-01-09 14:27:11", "2019-01-09 14:19:13"], "total_order": 2, "hotel_value": ["3.3", "3.3"], "hotel_price": ["97", "97"]}, "1458051": {"hotel_name": "\u5357\u4eac\u8d5b\u5ead\u9152\u5e97", "order_time": ["2019-01-09 14:19:13"], "total_order": 1, "hotel_value": ["4.5"], "hotel_price": ["89"]}, "1969529": {"hotel_name": "\u5357\u4eac\u4e50\u5bb6\u00b7\u57ce\u5e02\u4e4b\u5149\u7cbe\u54c1\u9152\u5e97", "order_time": ["2019-01-09 14:19:13"], "total_order": 1, "hotel_value": ["4.2"], "hotel_price": ["153"]}, "7526557": {"hotel_name": "\u683c\u6797\u8c6a\u6cf0\u9152\u5e97(\u5357\u4eac\u4e5d\u9f99\u6e56\u5730\u94c1\u7ad9\u5e97)", "order_time": ["2019-01-09 14:19:16"], "total_order": 1, "hotel_value": ["4.4"], "hotel_price": ["189"]}, "5033313": {"hotel_name": "\u5357\u4eac\u897f\u683c\u739b\u827a\u672f\u9152\u5e97", "order_time": ["2019-01-09 14:19:16"], "total_order": 1, "hotel_value": ["3.6"], "hotel_price": ["165"]}, "1861432": {"hotel_name": "\u5357\u4eac\u7231\u7f8e\u8fbe\u5047\u65e5\u9152\u5e97", "order_time": ["2019-01-09 14:19:21"], "total_order": 1, "hotel_value": ["3.9"], "hotel_price": ["244"]}, "1582554": {"hotel_name": "\u5357\u4eac\u53cb\u597d\u524d\u7a0b\u7cbe\u54c1\u9152\u5e97", "order_time": ["2019-01-09 14:35:06", "2019-01-09 14:21:00"], "total_order": 2, "hotel_value": ["4.2", "4.2"], "hotel_price": ["204", "204"]}, "9628156": {"hotel_name": "\u68a6\u60f3\u5bb6\u7cbe\u54c1\u6c11\u5bbf\u4e00\u5e97", "order_time": ["2019-01-09 14:21:12"], "total_order": 1, "hotel_value": ["4.7"], "hotel_price": ["189"]}, "6889180": {"hotel_name": "\u5357\u4eac\u51e4\u6816\u62db\u5f85\u6240", "order_time": ["2019-01-09 14:21:22"], "total_order": 1, "hotel_value": [0], "hotel_price": ["87"]}, "811686": {"hotel_name": "\u6e05\u6c90\u8fde\u9501\u9152\u5e97(\u5357\u4eac\u9f99\u6c5f\u5730\u94c1\u7ad9\u65b0\u57ce\u5e02\u5e7f\u573a\u5e97)(\u539f\u6cb3\u897f\u9f99\u6c5f\u65b0\u57ce\u5e02\u5e7f\u573a\u5e97)", "order_time": ["2019-01-09 14:23:03"], "total_order": 1, "hotel_value": ["4.2"], "hotel_price": ["189"]}, "1674601": {"hotel_name": "\u6d77\u53cb\u9152\u5e97(\u5357\u4eac\u706b\u8f66\u7ad9\u5e97)", "order_time": ["2019-01-09 14:23:04"], "total_order": 1, "hotel_value": ["3.7"], "hotel_price": ["89"]}, "8605001": {"hotel_name": "\u6c49\u5ead\u9152\u5e97(\u5357\u4eac\u660e\u6545\u5bab\u745e\u91d1\u8def\u5e97)(\u539f\u5357\u822a\u5927\u5b66\u745e\u91d1\u8def\u5e97)", "order_time": ["2019-01-09 14:23:05"], "total_order": 1, "hotel_value": ["4.5"], "hotel_price": ["185"]}, "1463015": {"hotel_name": "\u80af\u5b9a\u5bbe\u9986\u8fde\u9501(\u5357\u4eac\u9f99\u6c5f\u4e8c\u5e97)", "order_time": ["2019-01-09 14:23:05"], "total_order": 1, "hotel_value": ["4.1"], "hotel_price": ["129"]}, "1433140": {"hotel_name": "\u5357\u4eac\u82f9\u679c\u9152\u5e97(\u539f\u9752\u82f9\u679c\u9152\u5e97)", "order_time": ["2019-01-09 14:23:05"], "total_order": 1, "hotel_value": ["3.8"], "hotel_price": ["111"]}, "1457183": {"hotel_name": "\u5982\u5bb6\u5feb\u6377\u9152\u5e97(\u5357\u4eac\u6865\u5317\u5f18\u9633\u5e7f\u573a\u67f3\u6d32\u4e1c\u8def\u5730\u94c1\u7ad9\u5e97)", "order_time": ["2019-01-09 14:23:07"], "total_order": 1, "hotel_value": ["4.6"], "hotel_price": ["139"]}, "1359818": {"hotel_name": "\u5e03\u4e01\u9152\u5e97(\u5357\u4eac\u4ed9\u6797\u5927\u5b66\u57ce\u5e97)", "order_time": ["2019-01-09 14:23:07"], "total_order": 1, "hotel_value": ["3.6"], "hotel_price": ["90"]}, "26104001": {"hotel_name": "\u5357\u4eac\u6021\u99a8\u7f18\u5bbe\u9986", "order_time": ["2019-01-09 14:23:07"], "total_order": 1, "hotel_value": ["4.9"], "hotel_price": ["120"]}, "6414515": {"hotel_name": "\u8d1d\u58f3\u5357\u4eac\u5929\u5143\u897f\u8def\u5730\u94c1\u7ad9\u9152\u5e97", "order_time": ["2019-01-09 14:23:14"], "total_order": 1, "hotel_value": ["4.3"], "hotel_price": ["141"]}, "1938340": {"hotel_name": "\u9526\u6c5f\u4e4b\u661f(\u5357\u4eac\u65b0\u8857\u53e3\u5e97)", "order_time": ["2019-01-09 14:25:03"], "total_order": 1, "hotel_value": ["4.4"], "hotel_price": ["179"]}, "2035485": {"hotel_name": "\u6f2b\u5fc3\u9152\u5e97(\u5357\u4eac\u592b\u5b50\u5e99\u6c34\u97f5\u79e6\u6dee\u5e97)", "order_time": ["2019-01-09 14:25:03"], "total_order": 1, "hotel_value": ["4.8"], "hotel_price": ["417"]}, "4390063": {"hotel_name": "\u5357\u4eac\u534e\u6cf0\u4e07\u4e3d\u9152\u5e97", "order_time": ["2019-01-09 14:25:04"], "total_order": 1, "hotel_value": ["4.7"], "hotel_price": ["965"]}, "9580290": {"hotel_name": "\u5357\u4eac\u4e0a\u79e6\u6dee\u5047\u65e5\u9152\u5e97", "order_time": ["2019-01-09 14:25:04"], "total_order": 1, "hotel_value": ["4.8"], "hotel_price": ["618"]}, "1426613": {"hotel_name": "\u5357\u4eac\u571f\u4e01\u4e07\u91cc\u8def\u56fd\u9645\u9752\u5e74\u9152\u5e97", "order_time": ["2019-01-09 14:25:05"], "total_order": 1, "hotel_value": ["4.4"], "hotel_price": ["126"]}, "3669632": {"hotel_name": "\u96e8\u6da6\u4e2d\u592e\u516c\u9986\u884c\u653f\u9152\u5e97\u516c\u5bd3(\u5357\u4eac\u5965\u4f53\u4e2d\u5fc3\u5e97)", "order_time": ["2019-01-09 14:25:07"], "total_order": 1, "hotel_value": ["4.4"], "hotel_price": ["246"]}, "25215956": {"hotel_name": "\u5357\u4eac\u76db\u68e0\u4f18\u4f9d\u60a6\u9152\u5e97", "order_time": ["2019-01-09 14:25:07"], "total_order": 1, "hotel_value": ["4.8"], "hotel_price": ["223"]}, "17974460": {"hotel_name": "\u5982\u5bb6\u8054\u76df\u00b7\u534e\u9a7f\u7cbe\u9009\u9152\u5e97(\u5357\u4eac\u5929\u5143\u897f\u8def\u5730\u94c1\u7ad9\u5e97)", "order_time": ["2019-01-09 14:25:07"], "total_order": 1, "hotel_value": ["4.8"], "hotel_price": ["162"]}, "19579399": {"hotel_name": "\u5357\u4eac24\u53f7\u7cbe\u54c1\u5ba2\u6808", "order_time": ["2019-01-09 14:25:07"], "total_order": 1, "hotel_value": ["4.8"], "hotel_price": ["114"]}, "17928408": {"hotel_name": "\u5357\u4eac\u9752\u666e\u7cbe\u54c1\u6c11\u5bbf", "order_time": ["2019-01-09 14:25:08"], "total_order": 1, "hotel_value": ["4.8"], "hotel_price": ["180"]}, "4493033": {"hotel_name": "\u901f8\u9152\u5e97(\u5357\u4eac\u592b\u5b50\u5e99\u4e2d\u534e\u8def\u5e97)", "order_time": ["2019-01-09 14:25:09"], "total_order": 1, "hotel_value": ["4.2"], "hotel_price": ["156"]}, "5372060": {"hotel_name": "\u5357\u4eac\u4f73\u76db\u91d1\u9675\u7cbe\u54c1\u9152\u5e97", "order_time": ["2019-01-09 14:25:10"], "total_order": 1, "hotel_value": ["4.6"], "hotel_price": ["298"]}, "8574598": {"hotel_name": "\u6e05\u6c90\u7cbe\u9009\u9152\u5e97(\u5357\u4eac\u6587\u5fb7\u8def\u5730\u94c1\u7ad9\u5e97)", "order_time": ["2019-01-09 14:25:10"], "total_order": 1, "hotel_value": ["4.5"], "hotel_price": ["164"]}, "1944086": {"hotel_name": "\u683c\u6797\u8c6a\u6cf0(\u5357\u4eac\u94f6\u6865\u5e02\u573a\u5e97)", "order_time": ["2019-01-09 14:25:11"], "total_order": 1, "hotel_value": ["4.0"], "hotel_price": ["162"]}, "6981964": {"hotel_name": "\u5357\u4eac\u7231\u5c1a\u4e3b\u9898\u5bbe\u9986", "order_time": ["2019-01-09 14:25:12"], "total_order": 1, "hotel_value": ["4.5"], "hotel_price": ["157"]}, "1829803": {"hotel_name": "\u5357\u4eac\u627f\u548c\u9152\u5e97(\u539f\u6b65\u60a6\u5feb\u6377\u9152\u5e97)", "order_time": ["2019-01-09 14:25:13"], "total_order": 1, "hotel_value": ["3.8"], "hotel_price": ["124"]}, "8982641": {"hotel_name": "\u5357\u4eac\u4f18\u4e30\u9152\u5e97", "order_time": ["2019-01-09 14:25:13"], "total_order": 1, "hotel_value": ["4.7"], "hotel_price": ["123"]}, "435734": {"hotel_name": "\u5357\u4eac\u80af\u5b9a\u7cbe\u54c1\u6c34\u6676\u9152\u5e97", "order_time": ["2019-01-09 14:25:13"], "total_order": 1, "hotel_value": ["4.1"], "hotel_price": ["135"]}, "6903011": {"hotel_name": "\u7ef4\u4e5f\u7eb3\u56fd\u9645\u9152\u5e97(\u5357\u4eac\u9ad8\u6df3\u5730\u94c1\u7ad9\u5e97)", "order_time": ["2019-01-09 14:25:15"], "total_order": 1, "hotel_value": ["4.6"], "hotel_price": ["182"]}, "19492319": {"hotel_name": "\u65af\u7ef4\u767b\u7cbe\u54c1\u516c\u5bd3(\u5357\u4eac\u5f18\u9633\u5e7f\u573a)", "order_time": ["2019-01-09 14:25:16"], "total_order": 1, "hotel_value": ["4.3"], "hotel_price": ["188"]}, "8499070": {"hotel_name": "\u5357\u4eac\u7d2b\u8346\u82b1\u56ed\u9152\u5e97", "order_time": ["2019-01-09 14:25:19"], "total_order": 1, "hotel_value": ["4.3"], "hotel_price": ["218"]}, "1943700": {"hotel_name": "\u6613\u4f70\u8fde\u9501\u65c5\u5e97(\u5357\u4eac\u5927\u5382\u5e97)", "order_time": ["2019-01-09 14:25:32"], "total_order": 1, "hotel_value": ["4.0"], "hotel_price": ["85"]}, "23877276": {"hotel_name": "\u6e05\u6c90\u7cbe\u9009\u9152\u5e97(\u5357\u4eac\u9f99\u534e\u8def\u9633\u5149\u9752\u57ce\u5e97)", "order_time": ["2019-01-09 14:35:06", "2019-01-09 14:27:01"], "total_order": 2, "hotel_value": ["4.5", "4.5"], "hotel_price": ["181", "181"]}, "1828285": {"hotel_name": "\u96c5\u8c6a\u5546\u52a1\u9152\u5e97(\u5357\u4eac\u5965\u4f53\u4e2d\u5fc3\u5e97)", "order_time": ["2019-01-09 14:27:11"], "total_order": 1, "hotel_value": ["3.8"], "hotel_price": ["198"]}, "1669317": {"hotel_name": "\u7f6e\u5bb6\u9152\u5e97\u516c\u5bd3(\u5357\u4eac\u541b\u4e34\u56fd\u9645\u5e97)", "order_time": ["2019-01-09 14:27:13"], "total_order": 1, "hotel_value": ["4.5"], "hotel_price": ["183"]}, "1827796": {"hotel_name": "\u6e05\u6c90\u7cbe\u54c1\u9152\u5e97(\u5357\u4eac\u6c34\u897f\u95e8\u5927\u8857\u83ab\u6101\u6e56\u5e97)(\u539f\u957f\u76f8\u601d\u5bbe\u9986)", "order_time": ["2019-01-09 14:27:15"], "total_order": 1, "hotel_value": ["4.5"], "hotel_price": ["144"]}, "26485246": {"hotel_name": "\u5357\u4eac\u5fc3\u5c45\u96c5\u5bbf\u9152\u5e97", "order_time": ["2019-01-09 14:27:28"], "total_order": 1, "hotel_value": [0], "hotel_price": ["171"]}, "8627469": {"hotel_name": "\u5bb6\u7f8e\u597d\u592a\u7a7a\u65c5\u9986(\u5357\u4eac\u706b\u8f66\u7ad9\u7384\u6b66\u6e56\u5e97)(\u539f\u6e56\u5149\u5c71\u820d\u592a\u7a7a\u8231\u80f6\u56ca\u65c5\u820d)", "order_time": ["2019-01-09 14:29:05"], "total_order": 1, "hotel_value": ["4.4"], "hotel_price": ["73"]}, "473486": {"hotel_name": "\u9526\u6c5f\u4e4b\u661f(\u5357\u4eac\u540e\u6807\u8425\u8def\u5e97)", "order_time": ["2019-01-09 14:29:09"], "total_order": 1, "hotel_value": ["4.4"], "hotel_price": ["256"]}, "1343017": {"hotel_name": "\u5357\u4eac\u4e3d\u9526\u82b1\u56ed\u9152\u5e97", "order_time": ["2019-01-09 14:29:13"], "total_order": 1, "hotel_value": ["4.5"], "hotel_price": ["338"]}, "1697711": {"hotel_name": "\u5e03\u4e01\u9152\u5e97(\u5357\u4eac\u5357\u822a\u7fe0\u5c4f\u5c71\u5730\u94c1\u7ad9\u5e97)", "order_time": ["2019-01-09 14:29:15"], "total_order": 1, "hotel_value": ["3.7"], "hotel_price": ["115"]}, "19436987": {"hotel_name": "\u5357\u4eac\u7f8e\u4e3d\u4eba\u751f\u9152\u5e97", "order_time": ["2019-01-09 14:39:14", "2019-01-09 14:29:15"], "total_order": 2, "hotel_value": ["4.7", "4.7"], "hotel_price": ["129", "129"]}, "441083": {"hotel_name": "\u5357\u4eac\u6c34\u79c0\u82d1\u5927\u9152\u5e97", "order_time": ["2019-01-09 14:29:16"], "total_order": 1, "hotel_value": ["4.8"], "hotel_price": ["476"]}, "6186972": {"hotel_name": "\u5357\u4eac\u7d2b\u85e4\u82b1\u56ed\u9152\u5e97(\u80dc\u592a\u8def\u5e97)", "order_time": ["2019-01-09 14:29:17"], "total_order": 1, "hotel_value": ["4.0"], "hotel_price": ["102"]}, "1484819": {"hotel_name": "\u5357\u4eac\u67e0\u6aac\u57ce\u5821\u9752\u5e74\u65c5\u820d", "order_time": ["2019-01-09 14:31:09"], "total_order": 1, "hotel_value": ["4.8"], "hotel_price": ["46"]}, "1943414": {"hotel_name": "\u5357\u4eac\u72ee\u8c6a\u9152\u5e97", "order_time": ["2019-01-09 14:31:10"], "total_order": 1, "hotel_value": ["4.5"], "hotel_price": ["143"]}, "25768208": {"hotel_name": "\u5357\u4eac\u666f\u9038\u5feb\u6377\u9152\u5e97", "order_time": ["2019-01-09 14:31:24"], "total_order": 1, "hotel_value": [0], "hotel_price": ["126"]}, "1623545": {"hotel_name": "\u5357\u4eac\u5b89\u8fbe\u996d\u5e97", "order_time": ["2019-01-09 14:31:29"], "total_order": 1, "hotel_value": ["3.9"], "hotel_price": ["186"]}, "4030109": {"hotel_name": "9\u5c45\u5bbe\u9986(\u5357\u4eac\u5927\u5382\u7389\u6865\u5316\u5de5\u5b66\u9662\u5e97)", "order_time": ["2019-01-09 14:31:32"], "total_order": 1, "hotel_value": ["4.1"], "hotel_price": ["75"]}, "6720021": {"hotel_name": "\u5357\u4eac\u5341\u5bb6\u8fde\u9501\u81ea\u52a9\u516c\u5bd3\u5357\u5de5\u5927\u6155\u65af\u835f\u5e97", "order_time": ["2019-01-09 14:31:32"], "total_order": 1, "hotel_value": ["3.5"], "hotel_price": ["80"]}, "4728363": {"hotel_name": "\u5357\u4eac\u9e3f\u76db\u5546\u52a1\u5bbe\u9986", "order_time": ["2019-01-09 14:31:32", "2019-01-09 14:41:24"], "total_order": 2, "hotel_value": ["4.1", "4.1"], "hotel_price": ["75", "84"]}, "14221417": {"hotel_name": "\u5357\u4eac\u4e00\u7c92\u9ea6\u5b50\u9752\u5e74\u65c5\u820d", "order_time": ["2019-01-09 14:31:32"], "total_order": 1, "hotel_value": ["4.7"], "hotel_price": ["44"]}, "1004153": {"hotel_name": "\u5357\u4eac\u5e0c\u60a6\u5bbe\u9986(\u539f\u946b\u8c6a\u5bbe\u9986)", "order_time": ["2019-01-09 14:31:32"], "total_order": 1, "hotel_value": [0], "hotel_price": ["107"]}, "795185": {"hotel_name": "\u5357\u4eac\u5965\u60a6\u5bbe\u9986", "order_time": ["2019-01-09 14:31:32"], "total_order": 1, "hotel_value": ["3.8"], "hotel_price": ["116"]}, "7355355": {"hotel_name": "\u5357\u4eac\u5965\u4f53\u96e8\u6da6\u4e2d\u592e\u516c\u9986", "order_time": ["2019-01-09 14:31:33"], "total_order": 1, "hotel_value": [0], "hotel_price": ["272"]}, "5215129": {"hotel_name": "\u84dd\u8c03\u8bbe\u8ba1\u827a\u672f\u9152\u5e97(\u5357\u4eac\u7984\u53e3\u673a\u573a\u5e97)", "order_time": ["2019-01-09 14:31:33"], "total_order": 1, "hotel_value": ["4.7"], "hotel_price": ["159"]}, "892271": {"hotel_name": "\u5357\u4eac\u5e73\u9633\u5bbe\u9986", "order_time": ["2019-01-09 14:31:33"], "total_order": 1, "hotel_value": ["3.9"], "hotel_price": ["80"]}, "8042453": {"hotel_name": "\u5357\u4eac\u5357\u7ad9\u4e4b\u7ea6\u7cbe\u54c1\u516c\u5bd3", "order_time": ["2019-01-09 14:31:33"], "total_order": 1, "hotel_value": ["3.9"], "hotel_price": ["99"]}, "1803814": {"hotel_name": "\u5357\u4eac\u6d69\u6d69\u5bbe\u9986", "order_time": ["2019-01-09 14:31:33"], "total_order": 1, "hotel_value": ["3.5"], "hotel_price": ["273"]}, "6902390": {"hotel_name": "\u5357\u4eac\u534e\u5b81\u5bbe\u9986(\u7984\u53e3\u673a\u573a\u4e8c\u5e97)", "order_time": ["2019-01-09 14:31:33"], "total_order": 1, "hotel_value": ["4.7"], "hotel_price": ["98"]}, "1770056": {"hotel_name": "\u5357\u4eac\u552f\u4e5f\u8bfa\u7cbe\u54c1\u9152\u5e97\u516c\u5bd3", "order_time": ["2019-01-09 14:31:33"], "total_order": 1, "hotel_value": ["4.6"], "hotel_price": ["180"]}, "4046398": {"hotel_name": "\u5357\u4eac\u6c64\u5c71L.A.B.\u4e50\u6cca\u6e29\u6cc9\u6c11\u5bbf", "order_time": ["2019-01-09 14:31:49"], "total_order": 1, "hotel_value": ["4.8"], "hotel_price": ["750"]}, "4970266": {"hotel_name": "\u5357\u4eac\u67e0\u6aac\u6811\u7cbe\u54c1\u9152\u5e97", "order_time": ["2019-01-09 14:31:49"], "total_order": 1, "hotel_value": ["4.4"], "hotel_price": ["134"]}, "485570": {"hotel_name": "\u5357\u4eac\u5546\u8302\u56fd\u9645\u9152\u5e97", "order_time": ["2019-01-09 14:33:03"], "total_order": 1, "hotel_value": ["4.4"], "hotel_price": ["529"]}, "22762571": {"hotel_name": "\u5357\u4eac\u77f3\u822a\u9152\u5e97", "order_time": ["2019-01-09 14:33:10"], "total_order": 1, "hotel_value": ["4.9"], "hotel_price": ["112"]}, "26619213": {"hotel_name": "\u6d77\u53cb\u9152\u5e97(\u5357\u4eac\u65b0\u6e2f\u5f00\u53d1\u533a\u5e97)", "order_time": ["2019-01-09 14:33:12"], "total_order": 1, "hotel_value": [0], "hotel_price": ["146"]}, "5376781": {"hotel_name": "\u5357\u4eac99\u65c5\u9986\u8fde\u9501\u9f99\u534e\u8def\u5e97", "order_time": ["2019-01-09 14:33:13"], "total_order": 1, "hotel_value": ["4.3"], "hotel_price": ["99"]}, "1643215": {"hotel_name": "\u5357\u4eac\u91d1\u9675\u957f\u4e09\u89d2\u9152\u5e97", "order_time": ["2019-01-09 14:33:13"], "total_order": 1, "hotel_value": ["3.6"], "hotel_price": ["140"]}, "5337205": {"hotel_name": "\u5357\u4eac\u4e09\u5e74\u4e8c\u73ed\u56fd\u9645\u9752\u5e74\u65c5\u820d", "order_time": ["2019-01-09 14:33:23"], "total_order": 1, "hotel_value": ["4.6"], "hotel_price": ["45"]}, "7067265": {"hotel_name": "\u6c49\u5ead\u4f18\u4f73\u9152\u5e97(\u5357\u4eac\u5965\u4f53\u4e2d\u5fc3\u5e97)", "order_time": ["2019-01-09 14:35:00"], "total_order": 1, "hotel_value": ["4.7"], "hotel_price": ["244"]}, "1614674": {"hotel_name": "\u5357\u4eac\u5bcc\u5efa\u57ce\u5e02\u9152\u5e97", "order_time": ["2019-01-09 14:35:00"], "total_order": 1, "hotel_value": ["4.6"], "hotel_price": ["323"]}, "6111421": {"hotel_name": "\u6e05\u6c90\u7cbe\u54c1\u9152\u5e97(\u5357\u4eac\u5929\u6da6\u57ce\u5730\u94c1\u7ad9\u5e97)", "order_time": ["2019-01-09 14:35:01"], "total_order": 1, "hotel_value": ["4.5"], "hotel_price": ["124"]}, "5372975": {"hotel_name": "\u5357\u4eac\u4e50\u4e1a\u7cbe\u9009\u9152\u5e97", "order_time": ["2019-01-09 14:35:01"], "total_order": 1, "hotel_value": ["4.4"], "hotel_price": ["148"]}, "9213689": {"hotel_name": "\u7ef4\u4e5f\u7eb3\u9152\u5e97(\u5357\u4eac\u6d66\u73e0\u4e2d\u8def\u5e97)", "order_time": ["2019-01-09 14:35:02"], "total_order": 1, "hotel_value": ["4.7"], "hotel_price": ["253"]}, "22825276": {"hotel_name": "\u5357\u4eac\u8bc1\u5927\u5168\u60a6\u516c\u5bd3", "order_time": ["2019-01-09 14:35:03"], "total_order": 1, "hotel_value": ["4.7"], "hotel_price": ["181"]}, "5293609": {"hotel_name": "\u6c49\u5ead\u9152\u5e97(\u5357\u4eac\u65b0\u6e2f\u5f00\u53d1\u533a\u4e8c\u5e97)", "order_time": ["2019-01-09 14:35:06"], "total_order": 1, "hotel_value": ["4.4"], "hotel_price": ["172"]}, "4727373": {"hotel_name": "\u5982\u5bb6\u5546\u65c5\u9152\u5e97(\u5357\u4eac\u65b0\u8857\u53e3\u4e2d\u5fc3\u5e97)", "order_time": ["2019-01-09 14:35:06"], "total_order": 1, "hotel_value": ["4.8"], "hotel_price": ["258"]}, "6435793": {"hotel_name": "\u5357\u4eac\u8d22\u7ecf\u5927\u5b66\u57f9\u8bad\u4e2d\u5fc3\u9152\u5e97", "order_time": ["2019-01-09 14:35:06"], "total_order": 1, "hotel_value": ["4.5"], "hotel_price": ["197"]}, "6511386": {"hotel_name": "\u5357\u4eac\u534a\u4ea9\u79c1\u6c64\u6e29\u6cc9\u6c11\u5bbf(\u539f\u534a\u4ea9\u9152\u5e97)", "order_time": ["2019-01-09 14:35:06"], "total_order": 1, "hotel_value": ["4.6"], "hotel_price": ["845"]}, "1536083": {"hotel_name": "\u661f\u7a0b\u9152\u5e97(\u5357\u4eac\u51e4\u51f0\u73af\u7403\u5e97)", "order_time": ["2019-01-09 14:35:06"], "total_order": 1, "hotel_value": ["4.3"], "hotel_price": ["228"]}, "2575107": {"hotel_name": "Q\u52a0\u00b7\u683c\u9675\u5170\u5c9b\u5546\u52a1\u5bbe\u9986(\u5357\u4eac\u5357\u7ad9\u767e\u5bb6\u6e56\u80dc\u592a\u8def\u5730\u94c1\u7ad9\u5e97)", "order_time": ["2019-01-09 14:35:06"], "total_order": 1, "hotel_value": ["4.6"], "hotel_price": ["199"]}, "5382258": {"hotel_name": "\u5357\u4eac\u5c0a\u7235\u7cbe\u54c1\u5bbe\u9986", "order_time": ["2019-01-09 14:35:12"], "total_order": 1, "hotel_value": ["4.0"], "hotel_price": ["102"]}, "470827": {"hotel_name": "\u9526\u6c5f\u5357\u4eac\u996d\u5e97", "order_time": ["2019-01-09 14:37:01"], "total_order": 1, "hotel_value": ["4.8"], "hotel_price": ["286"]}, "14616287": {"hotel_name": "\u7ef4\u4e5f\u7eb3\u56fd\u9645\u9152\u5e97(\u5357\u4eac\u6cb3\u6d77\u5927\u5b66\u5730\u94c1\u7ad9\u5e97)", "order_time": ["2019-01-09 14:37:04"], "total_order": 1, "hotel_value": ["4.7"], "hotel_price": ["368"]}, "26557803": {"hotel_name": "\u5357\u4eac\u5f90\u5e84\u82cf\u5b81\u96c5\u60a6\u9152\u5e97", "order_time": ["2019-01-09 14:37:04"], "total_order": 1, "hotel_value": ["4.5"], "hotel_price": ["347"]}, "1854903": {"hotel_name": "\u5357\u4eac\u534e\u5b89\u5bbe\u9986", "order_time": ["2019-01-09 14:37:06"], "total_order": 1, "hotel_value": ["4.2"], "hotel_price": ["103"]}, "10212796": {"hotel_name": "\u5357\u4eac\u661f\u7a7a\u4e4b\u65c5\u56fd\u9645\u9752\u5e74\u65c5\u820d", "order_time": ["2019-01-09 14:37:10"], "total_order": 1, "hotel_value": [0], "hotel_price": ["31"]}, "2074426": {"hotel_name": "\u5357\u4eac\u5927\u7965\u5bbe\u9986", "order_time": ["2019-01-09 14:37:23"], "total_order": 1, "hotel_value": [0], "hotel_price": ["62"]}, "3735496": {"hotel_name": "\u5357\u4eac\u4e50\u8fbe\u5feb\u6377\u5bbe\u9986", "order_time": ["2019-01-09 14:37:24"], "total_order": 1, "hotel_value": ["4.4"], "hotel_price": ["64"]}, "794759": {"hotel_name": "\u5357\u4eac\u5929\u6e56\u5bbe\u9986", "order_time": ["2019-01-09 14:39:03"], "total_order": 1, "hotel_value": ["4.6"], "hotel_price": ["150"]}, "6929379": {"hotel_name": "\u5357\u4eac\u5c0f\u5e84\u82b1\u56ed\u9752\u5e74\u65c5\u820d\u65b0\u8857\u53e3\u5730\u94c1\u7ad9\u5e97", "order_time": ["2019-01-09 14:39:05"], "total_order": 1, "hotel_value": ["4.7"], "hotel_price": ["39"]}, "854476": {"hotel_name": "\u5357\u4eac\u534e\u4e1c\u996d\u5e97", "order_time": ["2019-01-09 14:39:06"], "total_order": 1, "hotel_value": ["4.6"], "hotel_price": ["353"]}, "6279030": {"hotel_name": "\u5357\u4eac\u4f17\u98de\u7cbe\u54c1\u9152\u5e97", "order_time": ["2019-01-09 14:39:08"], "total_order": 1, "hotel_value": ["4.1"], "hotel_price": ["129"]}, "2300473": {"hotel_name": "7\u5929\u8fde\u9501\u9152\u5e97(\u5357\u4eac\u4e2d\u5c71\u9675\u5149\u534e\u8def\u5e97)", "order_time": ["2019-01-09 14:39:12"], "total_order": 1, "hotel_value": ["4.5"], "hotel_price": ["109"]}, "1626228": {"hotel_name": "\u57ce\u5e02\u4fbf\u6377\u9152\u5e97(\u5357\u4eac\u65b0\u6a21\u8303\u9a6c\u8def\u5e97)", "order_time": ["2019-01-09 14:39:13"], "total_order": 1, "hotel_value": ["3.2"], "hotel_price": ["193"]}, "8416013": {"hotel_name": "\u597d\u6765\u5c4b\u5bbe\u9986(\u5357\u4eac\u7984\u53e3\u56fd\u9645\u673a\u573a\u5e97)", "order_time": ["2019-01-09 14:39:16"], "total_order": 1, "hotel_value": ["4.8"], "hotel_price": ["122"]}, "18415992": {"hotel_name": "\u5357\u4eac\u745e\u7279\u601d\u9152\u5e97", "order_time": ["2019-01-09 14:39:18"], "total_order": 1, "hotel_value": ["4.3"], "hotel_price": ["168"]}, "28676719": {"hotel_name": "\u901f8\u9152\u5e97(\u5357\u4eac\u4e2d\u5c71\u79d1\u6280\u56ed\u5e97)", "order_time": ["2019-01-09 14:39:21"], "total_order": 1, "hotel_value": [0], "hotel_price": ["126"]}, "15814149": {"hotel_name": "\u5357\u4eac\u60a6\u4eab\u7cbe\u9009\u9152\u5e97", "order_time": ["2019-01-09 14:41:09"], "total_order": 1, "hotel_value": ["4.7"], "hotel_price": ["294"]}, "1688221": {"hotel_name": "\u5357\u4eac\u9999\u683c\u4e91\u5929\u5bbe\u9986", "order_time": ["2019-01-09 14:41:14"], "total_order": 1, "hotel_value": ["4.3"], "hotel_price": ["83"]}, "25800863": {"hotel_name": "\u5357\u4eac\u5bd3\u7c73\u670d\u52a1\u5f0f\u516c\u5bd3", "order_time": ["2019-01-09 14:41:25"], "total_order": 1, "hotel_value": [0], "hotel_price": ["176"]}, "1209083": {"hotel_name": "\u5357\u4eac\u90fd\u5e02\u6708\u5149\u7cbe\u54c1\u9152\u5e97\u516c\u5bd3", "order_time": ["2019-01-09 14:41:38"], "total_order": 1, "hotel_value": ["4.6"], "hotel_price": ["183"]}}}