{"\u5f00\u59cb\u8bb0\u5f55\u65f6\u95f4": "2019-01-08 04:53:37", "\u7ed3\u675f\u8bb0\u5f55\u65f6\u95f4": "2019-01-08 05:53:37", "\u8ba2\u5355\u603b\u589e\u91cf": 129, "item": {"605794": {"hotel_name": "\u4e0a\u6d77\u6d66\u4e1c\u6587\u534e\u4e1c\u65b9\u9152\u5e97", "order_time": ["2019-01-08 04:55:50"], "total_order": 1, "hotel_value": ["4.8"], "hotel_price": ["1982"]}, "1576896": {"hotel_name": "\u4e0a\u6d77\u65b0\u91d1\u6865\u667a\u9009\u5047\u65e5\u9152\u5e97", "order_time": ["2019-01-08 04:55:52"], "total_order": 1, "hotel_value": ["4.6"], "hotel_price": ["599"]}, "432298": {"hotel_name": "\u4e0a\u6d77\u5927\u4f17\u7a7a\u6e2f\u5bbe\u9986", "order_time": ["2019-01-08 04:57:49"], "total_order": 1, "hotel_value": ["4.4"], "hotel_price": ["548"]}, "7270168": {"hotel_name": "\u4e0a\u6d77\u5916\u6ee9W\u9152\u5e97", "order_time": ["2019-01-08 05:17:52", "2019-01-08 04:57:49"], "total_order": 2, "hotel_value": ["4.6", "4.6"], "hotel_price": ["2075", "2075"]}, "436238": {"hotel_name": "\u4e0a\u6d77\u8861\u5c71\u9a6c\u52d2\u522b\u5885\u996d\u5e97", "order_time": ["2019-01-08 04:57:49"], "total_order": 1, "hotel_value": ["4.6"], "hotel_price": ["893"]}, "2588580": {"hotel_name": "Zsmart\u667a\u5c1a\u9152\u5e97(\u4e0a\u6d77\u8398\u5e84\u5730\u94c1\u7ad9\u5e97)", "order_time": ["2019-01-08 04:57:50"], "total_order": 1, "hotel_value": ["4.5"], "hotel_price": ["193"]}, "13329054": {"hotel_name": "\u4e0a\u6d77\u8679\u6865\u5546\u52a1\u533a\u51ef\u60a6\u5609\u8f69\u9152\u5e97", "order_time": ["2019-01-08 04:59:48"], "total_order": 1, "hotel_value": ["4.7"], "hotel_price": ["853"]}, "428052": {"hotel_name": "\u5982\u5bb6\u5feb\u6377\u9152\u5e97(\u4e0a\u6d77\u5916\u6ee9\u5916\u767d\u6e21\u6865\u56db\u5ddd\u5317\u8def\u5e97)", "order_time": ["2019-01-08 04:59:50"], "total_order": 1, "hotel_value": ["4.4"], "hotel_price": ["145"]}, "428501": {"hotel_name": "\u4e0a\u6d77\u5174\u8363\u6e29\u5fb7\u59c6\u9152\u5e97", "order_time": ["2019-01-08 04:59:50"], "total_order": 1, "hotel_value": ["4.3"], "hotel_price": ["550"]}, "16044489": {"hotel_name": "\u4e0a\u6d77\u8679\u6865\u56fd\u5c55\u7f8e\u5c45\u9152\u5e97", "order_time": ["2019-01-08 05:01:51"], "total_order": 1, "hotel_value": ["4.5"], "hotel_price": ["302"]}, "2124289": {"hotel_name": "99\u65c5\u9986\u8fde\u9501(\u4e0a\u6d77\u8679\u6865\u673a\u573a\u4e00\u5e97)", "order_time": ["2019-01-08 05:01:53"], "total_order": 1, "hotel_value": ["4.1"], "hotel_price": ["99"]}, "13787993": {"hotel_name": "\u4e00\u95f4\u68ee\u6797\u9752\u5e74\u65c5\u793e(\u4e0a\u6d77\u9759\u5b89\u5e97)", "order_time": ["2019-01-08 05:03:49"], "total_order": 1, "hotel_value": ["4.8"], "hotel_price": ["73"]}, "21349561": {"hotel_name": "\u4e0a\u6d77\u6d66\u4e1c\u673a\u573a\u6c5f\u9547\u4e9a\u6735S\u9152\u5e97", "order_time": ["2019-01-08 05:03:49"], "total_order": 1, "hotel_value": ["4.9"], "hotel_price": ["730"]}, "6399146": {"hotel_name": "\u548c\u9890\u9152\u5e97(\u4e0a\u6d77\u957f\u5bff\u8def\u4e9a\u65b0\u751f\u6d3b\u5e7f\u573a\u5e97)", "order_time": ["2019-01-08 05:03:50"], "total_order": 1, "hotel_value": ["4.6"], "hotel_price": ["302"]}, "7344835": {"hotel_name": "\u4e0a\u6d77\u8679\u6865\u5eb7\u5f97\u601d\u9152\u5e97", "order_time": ["2019-01-08 05:03:50"], "total_order": 1, "hotel_value": ["4.8"], "hotel_price": ["926"]}, "1981257": {"hotel_name": "\u5168\u5b63\u9152\u5e97(\u4e0a\u6d77\u65b0\u6c5f\u6e7e\u57ce\u6bb7\u9ad8\u8def\u5e97)", "order_time": ["2019-01-08 05:05:51", "2019-01-08 05:19:50"], "total_order": 2, "hotel_value": ["4.7", "4.7"], "hotel_price": ["294", "294"]}, "12544516": {"hotel_name": "\u827e\u5c1a\u5546\u52a1\u9152\u5e97(\u4e0a\u6d77\u706b\u8f66\u7ad9\u5e97)", "order_time": ["2019-01-08 05:05:51"], "total_order": 1, "hotel_value": ["4.3"], "hotel_price": ["125"]}, "10230371": {"hotel_name": "\u7b49\u9005\u8f7b\u5962\u9152\u5e97(\u4e0a\u6d77\u5f90\u5bb6\u6c47\u516b\u4e07\u4eba\u4f53\u80b2\u573a\u5730\u94c1\u7ad9\u5e97)(\u539f\u5bbf\u9002\u5546\u65c5\u9152\u5e97)", "order_time": ["2019-01-08 05:05:51"], "total_order": 1, "hotel_value": ["4.7"], "hotel_price": ["304"]}, "900414": {"hotel_name": "\u5982\u5bb6\u5feb\u6377\u9152\u5e97(\u4e0a\u6d77\u677e\u6c5f\u5927\u5b66\u57ce\u7389\u6811\u8def\u5e97)", "order_time": ["2019-01-08 05:05:51"], "total_order": 1, "hotel_value": ["4.6"], "hotel_price": ["122"]}, "427782": {"hotel_name": "\u83ab\u6cf0168(\u4e0a\u6d77\u9646\u5bb6\u5634\u6d66\u4e1c\u5927\u9053\u5e97)(\u539f\u6d66\u4e1c\u5927\u9053\u6768\u6d66\u5927\u6865\u5e97)", "order_time": ["2019-01-08 05:05:53"], "total_order": 1, "hotel_value": ["4.3"], "hotel_price": ["125"]}, "425171": {"hotel_name": "\u4e0a\u6d77\u5916\u6ee9\u6d66\u534e\u5927\u9152\u5e97", "order_time": ["2019-01-08 05:07:49"], "total_order": 1, "hotel_value": ["4.5"], "hotel_price": ["648"]}, "7253324": {"hotel_name": "\u9e97\u67ab\u9152\u5e97(\u4e0a\u6d77\u8679\u6865\u706b\u8f66\u7ad9\u56fd\u5bb6\u4f1a\u5c55\u4e2d\u5fc3\u5e97)", "order_time": ["2019-01-08 05:09:49"], "total_order": 1, "hotel_value": ["4.7"], "hotel_price": ["328"]}, "347412": {"hotel_name": "\u4e0a\u6d77\u5e7f\u573a\u957f\u57ce\u5047\u65e5\u9152\u5e97", "order_time": ["2019-01-08 05:09:51"], "total_order": 1, "hotel_value": ["4.4"], "hotel_price": ["618"]}, "6818038": {"hotel_name": "\u6c49\u5ead\u9152\u5e97(\u4e0a\u6d77\u5927\u5b66\u5730\u94c1\u7ad9\u5e97)", "order_time": ["2019-01-08 05:09:51"], "total_order": 1, "hotel_value": ["4.3"], "hotel_price": ["248"]}, "4649582": {"hotel_name": "\u9014\u5ba2\u4e2d\u56fd\u9152\u5e97(\u4e0a\u6d77\u56fd\u5bb6\u4f1a\u5c55\u4e2d\u5fc3\u6c5f\u6865\u5e97)(\u539f\u56fd\u9645\u5c55\u89c8\u66f9\u5b89\u516c\u8def\u5e97)", "order_time": ["2019-01-08 05:09:53"], "total_order": 1, "hotel_value": ["4.6"], "hotel_price": ["170"]}, "6741485": {"hotel_name": "\u7ef4\u4e5f\u7eb3\u9152\u5e97(\u4e0a\u6d77\u56fd\u9645\u65c5\u6e38\u5ea6\u5047\u533a\u79c0\u6cbf\u8def\u5730\u94c1\u7ad9\u5e97)", "order_time": ["2019-01-08 05:11:52"], "total_order": 1, "hotel_value": ["4.6"], "hotel_price": ["188"]}, "433922": {"hotel_name": "\u5982\u5bb6\u5feb\u6377\u9152\u5e97(\u4e0a\u6d77\u8679\u6865\u673a\u573a\u56fd\u5bb6\u4f1a\u5c55\u4e2d\u5fc3\u6caa\u9752\u5e73\u8def\u5e97)", "order_time": ["2019-01-08 05:11:53"], "total_order": 1, "hotel_value": ["4.4"], "hotel_price": ["177"]}, "6299988": {"hotel_name": "\u4e0a\u6d77\u8c37\u8f69\u7cbe\u54c1\u9152\u5e97", "order_time": ["2019-01-08 05:11:54"], "total_order": 1, "hotel_value": ["4.7"], "hotel_price": ["145"]}, "5472692": {"hotel_name": "\u548c\u9890\u81f3\u5c0a\u9152\u5e97(\u4e0a\u6d77\u4e2d\u5c71\u516c\u56ed\u5e97)", "order_time": ["2019-01-08 05:13:53"], "total_order": 1, "hotel_value": ["4.7"], "hotel_price": ["339"]}, "446926": {"hotel_name": "\u5f00\u5143\u66fc\u5c45\u00b7\u4e0a\u6d77\u65b0\u56fd\u9645\u535a\u89c8\u4e2d\u5fc3\u5e97", "order_time": ["2019-01-08 05:13:53"], "total_order": 1, "hotel_value": ["4.6"], "hotel_price": ["369"]}, "1569670": {"hotel_name": "\u5982\u5bb6\u5feb\u6377\u9152\u5e97(\u4e0a\u6d77\u5317\u5916\u6ee9\u5927\u8fde\u8def\u5730\u94c1\u7ad9\u5e97)", "order_time": ["2019-01-08 05:15:52"], "total_order": 1, "hotel_value": ["4.6"], "hotel_price": ["176"]}, "5378756": {"hotel_name": "\u5e03\u4e01\u9152\u5e97(\u4e0a\u6d77\u79c0\u6cbf\u8def\u5730\u94c1\u7ad9\u5e97)", "order_time": ["2019-01-08 05:15:55"], "total_order": 1, "hotel_value": ["4.3"], "hotel_price": ["108"]}, "26478462": {"hotel_name": "\u548c\u9890\u9152\u5e97(\u4e0a\u6d77\u8679\u6865\u56fd\u5c55\u4e2d\u5fc3\u5317\u9752\u516c\u8def\u5e97)", "order_time": ["2019-01-08 05:17:51"], "total_order": 1, "hotel_value": ["4.9"], "hotel_price": ["234"]}, "437612": {"hotel_name": "\u4e0a\u6d77\u4e2d\u822a\u8679\u6865\u673a\u573a\u6cca\u60a6\u9152\u5e97", "order_time": ["2019-01-08 05:19:49"], "total_order": 1, "hotel_value": ["4.7"], "hotel_price": ["723"]}, "12479527": {"hotel_name": "\u4e0a\u6d77\u5eb7\u6865\u4e07\u8c6a\u9152\u5e97", "order_time": ["2019-01-08 05:19:50"], "total_order": 1, "hotel_value": ["4.5"], "hotel_price": ["723"]}, "479950": {"hotel_name": "Q\u52a0\u00b7\u4e16\u4f73\u6167\u9009\u9152\u5e97(\u4e0a\u6d77\u6d66\u4e1c\u56fd\u9645\u673a\u573a\u5e97)", "order_time": ["2019-01-08 05:19:50"], "total_order": 1, "hotel_value": ["4.3"], "hotel_price": ["144"]}, "429714": {"hotel_name": "\u4e0a\u6d77\u534e\u7f8e\u56fd\u9645\u9152\u5e97", "order_time": ["2019-01-08 05:19:50"], "total_order": 1, "hotel_value": ["3.8"], "hotel_price": ["226"]}, "980506": {"hotel_name": "\u6c49\u5ead\u9152\u5e97(\u4e0a\u6d77\u9f99\u8317\u8def\u5e97)", "order_time": ["2019-01-08 05:19:51"], "total_order": 1, "hotel_value": ["4.3"], "hotel_price": ["218"]}, "5310859": {"hotel_name": "\u56fd\u5bb6\u4f1a\u5c55\u4e2d\u5fc3\u4e0a\u6d77\u6d32\u9645\u9152\u5e97", "order_time": ["2019-01-08 05:20:03"], "total_order": 1, "hotel_value": ["4.7"], "hotel_price": ["856"]}, "1164707": {"hotel_name": "\u4e0a\u6d77\u73e0\u8857\u9601\u5927\u9152\u5e97", "order_time": ["2019-01-08 05:21:49"], "total_order": 1, "hotel_value": ["4.3"], "hotel_price": ["261"]}, "1624672": {"hotel_name": "\u4e0a\u6d77\u5317\u58eb\u5927\u9152\u5e97", "order_time": ["2019-01-08 05:21:51"], "total_order": 1, "hotel_value": ["4.1"], "hotel_price": ["211"]}, "428827": {"hotel_name": "\u4e0a\u6d77\u4e94\u89d2\u573a\u534e\u7f8e\u8fbe\u5927\u9152\u5e97", "order_time": ["2019-01-08 05:23:50"], "total_order": 1, "hotel_value": ["4.2"], "hotel_price": ["359"]}, "387231": {"hotel_name": "\u4e0a\u6d77\u5f90\u6c47\u745e\u5cf0\u9152\u5e97", "order_time": ["2019-01-08 05:23:51"], "total_order": 1, "hotel_value": ["4.2"], "hotel_price": ["212"]}, "23809798": {"hotel_name": "\u5409\u6cf0\u8fde\u9501\u9152\u5e97(\u4e0a\u6d77\u4e2d\u5c71\u533b\u9662\u5927\u6728\u6865\u8def\u5730\u94c1\u53e3\u5e97)", "order_time": ["2019-01-08 05:23:52"], "total_order": 1, "hotel_value": ["4.7"], "hotel_price": ["188"]}, "662485": {"hotel_name": "\u4e0a\u6d77\u67cf\u9633\u541b\u4ead\u9152\u5e97", "order_time": ["2019-01-08 05:25:49"], "total_order": 1, "hotel_value": ["4.6"], "hotel_price": ["428"]}, "11544656": {"hotel_name": "\u6cd5\u66fc\u7cbe\u54c1\u9152\u5e97(\u4e0a\u6d77\u957f\u5bff\u8def\u5730\u94c1\u7ad9\u4e9a\u65b0\u751f\u6d3b\u5e7f\u573a\u5e97)", "order_time": ["2019-01-08 05:25:50"], "total_order": 1, "hotel_value": ["4.2"], "hotel_price": ["173"]}, "2260246": {"hotel_name": "\u4e0a\u6d77\u67cf\u857eSPA\u9152\u5e97", "order_time": ["2019-01-08 05:25:51"], "total_order": 1, "hotel_value": ["4.3"], "hotel_price": ["309"]}, "768289": {"hotel_name": "\u4e0a\u6d77\u6052\u5409\u5bbe\u9986", "order_time": ["2019-01-08 05:25:52"], "total_order": 1, "hotel_value": ["3.9"], "hotel_price": ["107"]}, "14131511": {"hotel_name": "\u4e0a\u6d77\u6b22\u4e50\u4e16\u754c\u6c11\u5bbf", "order_time": ["2019-01-08 05:25:53"], "total_order": 1, "hotel_value": ["4.9"], "hotel_price": ["268"]}, "8398518": {"hotel_name": "\u51f9\u51f8\u4e3b\u9898\u9152\u5e97(\u4e0a\u6d77\u677e\u6c5f\u4e07\u8fbe\u5e7f\u573a\u5e97)", "order_time": ["2019-01-08 05:25:53"], "total_order": 1, "hotel_value": ["4.4"], "hotel_price": ["243"]}, "1274051": {"hotel_name": "\u5e03\u4e01\u9152\u5e97(\u4e0a\u6d77\u677e\u6c5f\u6b22\u4e50\u8c37\u5927\u5b66\u57ce\u4f53\u80b2\u9986\u5e97)", "order_time": ["2019-01-08 05:25:53"], "total_order": 1, "hotel_value": ["4.0"], "hotel_price": ["82"]}, "1421091": {"hotel_name": "\u7ef4\u4e5f\u7eb3\u56fd\u9645\u9152\u5e97(\u4e0a\u6d77\u91ce\u751f\u52a8\u7269\u56ed\u5e97)", "order_time": ["2019-01-08 05:25:53"], "total_order": 1, "hotel_value": ["4.8"], "hotel_price": ["246"]}, "1480657": {"hotel_name": "\u6c49\u5ead\u9152\u5e97(\u4e0a\u6d77\u65b0\u56fd\u9645\u535a\u89c8\u4e2d\u5fc3\u6c11\u751f\u5e97)", "order_time": ["2019-01-08 05:25:53"], "total_order": 1, "hotel_value": ["4.1"], "hotel_price": ["198"]}, "6600420": {"hotel_name": "\u4e0a\u6d77\u4e0d\u820d\u7cbe\u54c1\u6c11\u5bbf", "order_time": ["2019-01-08 05:25:53"], "total_order": 1, "hotel_value": ["4.8"], "hotel_price": ["328"]}, "21428189": {"hotel_name": "\u4e0a\u6d77\u4e00\u54c1\u4e00\u6751\u6c11\u5bbf", "order_time": ["2019-01-08 05:25:53"], "total_order": 1, "hotel_value": ["4.9"], "hotel_price": ["258"]}, "1164692": {"hotel_name": "\u4e0a\u6d77\u666f\u82d1\u6c34\u5e84\u9152\u5e97", "order_time": ["2019-01-08 05:25:53"], "total_order": 1, "hotel_value": ["4.1"], "hotel_price": ["428"]}, "5611472": {"hotel_name": "\u9526\u6c5f\u4e4b\u661f\u54c1\u5c1a(\u4e0a\u6d77\u56fd\u9645\u65c5\u6e38\u5ea6\u5047\u533a\u60e0\u5357\u91ce\u751f\u52a8\u7269\u56ed\u5e97)", "order_time": ["2019-01-08 05:25:53"], "total_order": 1, "hotel_value": ["4.7"], "hotel_price": ["139"]}, "6841282": {"hotel_name": "\u683c\u6797\u4e1c\u65b9\u9152\u5e97(\u4e0a\u6d77\u8679\u6865\u67a2\u7ebd\u5e97)(\u539f\u9038\u548c\u9f99\u67cf\u996d\u5e97)", "order_time": ["2019-01-08 05:25:53"], "total_order": 1, "hotel_value": ["4.6"], "hotel_price": ["404"]}, "11500415": {"hotel_name": "\u4e0a\u6d77\u7c73\u5947\u4e3b\u9898\u6c11\u5bbf", "order_time": ["2019-01-08 05:25:53"], "total_order": 1, "hotel_value": ["4.8"], "hotel_price": ["158"]}, "1319249": {"hotel_name": "\u4e0a\u6d77\u660e\u73e0\u6e56\u5ea6\u5047\u6751", "order_time": ["2019-01-08 05:25:53"], "total_order": 1, "hotel_value": ["4.6"], "hotel_price": ["580"]}, "5453813": {"hotel_name": "\u7ebd\u5bbe\u51ef\u5c1a\u5c45\u9152\u5e97(\u4e0a\u6d77\u5609\u5b9a\u65b0\u57ce\u5e97)", "order_time": ["2019-01-08 05:25:53"], "total_order": 1, "hotel_value": ["4.7"], "hotel_price": ["193"]}, "1582971": {"hotel_name": "\u83ab\u6cf0168(\u4e0a\u6d77\u8398\u5e84\u5de5\u4e1a\u533a\u4e2d\u6625\u8def\u5357\u90ca\u522b\u5885\u5e97)", "order_time": ["2019-01-08 05:25:53"], "total_order": 1, "hotel_value": ["4.3"], "hotel_price": ["145"]}, "2302269": {"hotel_name": "Zhotels\u667a\u5c1a\u9152\u5e97(\u4e0a\u6d77\u73af\u7403\u6e2f\u66f9\u6768\u8def\u5730\u94c1\u7ad9\u5e97)(\u539f\u534e\u5e08\u5927\u66f9\u6768\u8def\u5730\u94c1\u7ad9\u5e97)", "order_time": ["2019-01-08 05:25:53"], "total_order": 1, "hotel_value": ["4.4"], "hotel_price": ["131"]}, "640500": {"hotel_name": "\u9526\u6c5f\u90fd\u57ce(\u4e0a\u6d77\u65b0\u5929\u5730\u5e97)", "order_time": ["2019-01-08 05:25:53"], "total_order": 1, "hotel_value": [0], "hotel_price": ["545"]}, "6404804": {"hotel_name": "\u5982\u5bb6\u5546\u65c5\u9152\u5e97(\u4e0a\u6d77\u73af\u7403\u6e2f\u66f9\u6768\u8def\u5730\u94c1\u7ad9\u5e97)", "order_time": ["2019-01-08 05:25:53"], "total_order": 1, "hotel_value": ["4.2"], "hotel_price": ["204"]}, "486059": {"hotel_name": "\u9526\u6c5f\u4e4b\u661f(\u4e0a\u6d77\u65b0\u56fd\u9645\u535a\u89c8\u4e2d\u5fc3\u5e97)", "order_time": ["2019-01-08 05:25:53"], "total_order": 1, "hotel_value": ["4.5"], "hotel_price": ["100"]}, "5815883": {"hotel_name": "\u83ab\u6cf0168(\u4e0a\u6d77\u4e0a\u5357\u6797\u6d77\u516c\u8def\u5e97)", "order_time": ["2019-01-08 05:25:53"], "total_order": 1, "hotel_value": ["4.4"], "hotel_price": ["105"]}, "2971898": {"hotel_name": "Zsmart\u667a\u5c1a\u9152\u5e97(\u4e0a\u6d77\u9646\u5bb6\u5634\u516b\u4f70\u4f34\u5e97)", "order_time": ["2019-01-08 05:25:53"], "total_order": 1, "hotel_value": ["4.3"], "hotel_price": ["225"]}, "930184": {"hotel_name": "\u4e0a\u6d77\u5f08\u5c45\u9152\u5e97(\u539f\u8c6a\u8fb0\u5546\u52a1\u9152\u5e97)", "order_time": ["2019-01-08 05:25:53"], "total_order": 1, "hotel_value": ["4.8"], "hotel_price": ["179"]}, "481018": {"hotel_name": "Q\u52a0\u00b7\u4e0a\u6d77\u9e3f\u9526\u56fd\u9645\u9152\u5e97", "order_time": ["2019-01-08 05:25:53"], "total_order": 1, "hotel_value": ["4.7"], "hotel_price": ["177"]}, "762487": {"hotel_name": "\u6c49\u5ead\u9152\u5e97(\u4e0a\u6d77\u897f\u85cf\u5357\u8def\u5730\u94c1\u7ad9\u5e97)", "order_time": ["2019-01-08 05:25:53"], "total_order": 1, "hotel_value": ["4.3"], "hotel_price": ["237"]}, "5249581": {"hotel_name": "\u6613\u4f70\u826f\u54c1\u9152\u5e97(\u4e0a\u6d77\u8fea\u65af\u5c3c\u6d66\u4e09\u8def\u5730\u94c1\u7ad9\u5e97)", "order_time": ["2019-01-08 05:27:49"], "total_order": 1, "hotel_value": ["4.5"], "hotel_price": ["120"]}, "445051": {"hotel_name": "\u4e0a\u6d77\u534e\u6676\u5bbe\u9986", "order_time": ["2019-01-08 05:27:50"], "total_order": 1, "hotel_value": ["4.4"], "hotel_price": ["250"]}, "484490": {"hotel_name": "\u9526\u6c5f\u4e4b\u661f(\u4e0a\u6d77\u8679\u6885\u5357\u8def\u5e97)", "order_time": ["2019-01-08 05:27:50"], "total_order": 1, "hotel_value": ["4.4"], "hotel_price": ["160"]}, "345040": {"hotel_name": "\u4e0a\u6d77\u9f99\u4e4b\u68a6\u5927\u9152\u5e97", "order_time": ["2019-01-08 05:29:50"], "total_order": 1, "hotel_value": ["4.5"], "hotel_price": ["860"]}, "8843829": {"hotel_name": "\u4e0a\u6d77\u6d77\u4e0a\u94c2\u60a6\u9152\u5e97", "order_time": ["2019-01-08 05:29:50"], "total_order": 1, "hotel_value": ["4.6"], "hotel_price": ["366"]}, "430424": {"hotel_name": "\u4e0a\u6d77\u6d66\u4e1c\u7eff\u5730\u5047\u65e5\u9152\u5e97", "order_time": ["2019-01-08 05:29:51"], "total_order": 1, "hotel_value": ["4.5"], "hotel_price": ["697"]}, "2305020": {"hotel_name": "\u6cca\u5ba2\u5c0f\u6808(\u4e0a\u6d77\u4e2d\u5c71\u516c\u56ed\u7389\u5c4f\u5357\u8def\u5e97)", "order_time": ["2019-01-08 05:31:53"], "total_order": 1, "hotel_value": ["4.0"], "hotel_price": ["141"]}, "5292887": {"hotel_name": "\u4e0a\u6d77\u7acb\u90fd\u65c5\u9986", "order_time": ["2019-01-08 05:31:56"], "total_order": 1, "hotel_value": ["4.2"], "hotel_price": ["117"]}, "533888": {"hotel_name": "\u6854\u5b50\u9152\u5e97\u00b7\u7cbe\u9009(\u4e0a\u6d77\u6f15\u5b9d\u8def\u5730\u94c1\u7ad9\u5e97)(\u539f\u5149\u5927\u4f1a\u5c55\u4e2d\u5fc3\u5e97)", "order_time": ["2019-01-08 05:33:49"], "total_order": 1, "hotel_value": ["4.8"], "hotel_price": ["389"]}, "22767851": {"hotel_name": "\u4e0a\u6d77\u534f\u4fe1\u838e\u739b\u957f\u98ce\u670d\u52a1\u5f0f\u516c\u5bd3", "order_time": ["2019-01-08 05:33:50"], "total_order": 1, "hotel_value": ["4.6"], "hotel_price": ["589"]}, "2313340": {"hotel_name": "\u6c49\u5ead\u9152\u5e97(\u4e0a\u6d77\u6f15\u6cb3\u6cfe\u5b9c\u5c71\u8def\u5e97)", "order_time": ["2019-01-08 05:33:50"], "total_order": 1, "hotel_value": ["4.6"], "hotel_price": ["344"]}, "6451313": {"hotel_name": "\u5982\u5bb6\u6d3e\u67cf\u00b7\u4e91\u9152\u5e97(\u4e0a\u6d77\u91d1\u6c47\u8def\u5e97)", "order_time": ["2019-01-08 05:33:51"], "total_order": 1, "hotel_value": ["4.0"], "hotel_price": ["153"]}, "428365": {"hotel_name": "\u4e0a\u6d77\u4e2d\u8c37\u5c0f\u5357\u56fd\u82b1\u56ed\u9152\u5e97", "order_time": ["2019-01-08 05:35:50"], "total_order": 1, "hotel_value": ["4.7"], "hotel_price": ["699"]}, "6256784": {"hotel_name": "\u5168\u5b63\u9152\u5e97(\u4e0a\u6d77\u957f\u98ce\u516c\u56ed\u5e97)", "order_time": ["2019-01-08 05:35:51"], "total_order": 1, "hotel_value": ["4.8"], "hotel_price": ["512"]}, "1487387": {"hotel_name": "\u6c49\u5ead\u9152\u5e97(\u4e0a\u6d77\u9759\u5b89\u5bfa\u65b0\u5e97)", "order_time": ["2019-01-08 05:35:52"], "total_order": 1, "hotel_value": ["4.6"], "hotel_price": ["259"]}, "346393": {"hotel_name": "\u4e0a\u6d77\u534a\u5c9b\u9152\u5e97", "order_time": ["2019-01-08 05:35:52"], "total_order": 1, "hotel_value": ["4.8"], "hotel_price": ["2266"]}, "2039781": {"hotel_name": "\u4e0a\u6d77\u8679\u6865\u67a2\u7ebd\u56fd\u5bb6\u4f1a\u5c55\u4e2d\u5fc3\u548c\u9890\u81f3\u683c\u9152\u5e97", "order_time": ["2019-01-08 05:35:52"], "total_order": 1, "hotel_value": ["4.5"], "hotel_price": ["233"]}, "427893": {"hotel_name": "\u83ab\u6cf0168(\u4e0a\u6d77\u51ef\u65cb\u8def\u5e97)", "order_time": ["2019-01-08 05:35:54"], "total_order": 1, "hotel_value": ["4.1"], "hotel_price": ["161"]}, "9558301": {"hotel_name": "\u767b\u5df4\u5ba2\u6808(\u4e0a\u6d77\u957f\u5bff\u8def\u5e97)", "order_time": ["2019-01-08 05:35:54"], "total_order": 1, "hotel_value": ["4.5"], "hotel_price": ["50"]}, "11160458": {"hotel_name": "\u4e0a\u6d77\u9752\u5962\u6982\u5ff5\u9152\u5e97", "order_time": ["2019-01-08 05:37:49"], "total_order": 1, "hotel_value": ["4.7"], "hotel_price": ["195"]}, "12280387": {"hotel_name": "\u4e0a\u6d77\u5b89\u66fc\u7eb3\u5353\u60a6\u9152\u5e97", "order_time": ["2019-01-08 05:37:50"], "total_order": 1, "hotel_value": ["4.5"], "hotel_price": ["839"]}, "1249502": {"hotel_name": "\u4e0a\u6d77\u54c8\u8003\u7279\u5f00\u4f26\u9152\u5e97", "order_time": ["2019-01-08 05:37:51"], "total_order": 1, "hotel_value": ["4.2"], "hotel_price": ["146"]}, "1195257": {"hotel_name": "\u5e03\u4e01\u9152\u5e97(\u4e0a\u6d77\u534e\u5e08\u5927\u91d1\u6c99\u6c5f\u5730\u94c1\u7ad9\u5e97)", "order_time": ["2019-01-08 05:37:51"], "total_order": 1, "hotel_value": ["3.7"], "hotel_price": ["85"]}, "1487351": {"hotel_name": "\u548c\u9890\u9152\u5e97(\u4e0a\u6d77\u9646\u5bb6\u5634\u8054\u6d0b\u5e97)", "order_time": ["2019-01-08 05:39:52"], "total_order": 1, "hotel_value": ["4.7"], "hotel_price": ["274"]}, "4385270": {"hotel_name": "\u5168\u5b63\u9152\u5e97(\u4e0a\u6d77\u8679\u6865\u673a\u573a\u6caa\u9752\u5e73\u516c\u8def\u5e97)", "order_time": ["2019-01-08 05:39:53"], "total_order": 1, "hotel_value": ["4.8"], "hotel_price": ["322"]}, "512215": {"hotel_name": "\u4e0a\u6d77\u9526\u8363\u56fd\u9645\u5927\u9152\u5e97", "order_time": ["2019-01-08 05:45:50", "2019-01-08 05:39:55"], "total_order": 2, "hotel_value": ["4.3", "4.3"], "hotel_price": ["556", "556"]}, "1184261": {"hotel_name": "\u5e03\u4e01\u9152\u5e97(\u4e0a\u6d77\u9f99\u9633\u8def\u5730\u94c1\u7ad9\u65b0\u56fd\u9645\u535a\u89c8\u4e2d\u5fc3\u5e97)", "order_time": ["2019-01-08 05:39:55"], "total_order": 1, "hotel_value": ["3.9"], "hotel_price": ["119"]}, "1623481": {"hotel_name": "\u5409\u6cf0\u8fde\u9501\u9152\u5e97(\u4e0a\u6d77\u706b\u8f66\u7ad9\u5317\u5e7f\u573a\u5e97)", "order_time": ["2019-01-08 05:39:56"], "total_order": 1, "hotel_value": ["4.3"], "hotel_price": ["117"]}, "2299562": {"hotel_name": "\u4e0a\u6d77\u6021\u4e30\u5bbe\u9986", "order_time": ["2019-01-08 05:40:00"], "total_order": 1, "hotel_value": ["3.5"], "hotel_price": ["108"]}, "430295": {"hotel_name": "\u4e0a\u6d77\u5927\u5b81\u798f\u670b\u559c\u6765\u767b\u9152\u5e97", "order_time": ["2019-01-08 05:41:49"], "total_order": 1, "hotel_value": ["4.5"], "hotel_price": ["879"]}, "346309": {"hotel_name": "\u4e0a\u6d77\u9526\u6c5f\u996d\u5e97", "order_time": ["2019-01-08 05:41:50"], "total_order": 1, "hotel_value": ["4.6"], "hotel_price": ["720"]}, "1693476": {"hotel_name": "\u4e0a\u6d77\u5929\u535a\u521b\u610f\u65f6\u5c1a\u9152\u5e97", "order_time": ["2019-01-08 05:41:52"], "total_order": 1, "hotel_value": ["4.3"], "hotel_price": ["162"]}, "896420": {"hotel_name": "\u4e0a\u6d77\u54c6\u553b\u54aa\u4e3b\u9898\u9152\u5e97(\u539f\u8363\u8fea\u5bbe\u9986)", "order_time": ["2019-01-08 05:41:53"], "total_order": 1, "hotel_value": ["4.5"], "hotel_price": ["159"]}, "5265676": {"hotel_name": "\u5bbf\u9002\u65f6\u5c1a\u9152\u5e97(\u4e0a\u6d77\u5357\u4eac\u4e1c\u8def\u5916\u6ee9\u5e97)", "order_time": ["2019-01-08 05:43:50"], "total_order": 1, "hotel_value": ["4.5"], "hotel_price": ["111"]}, "13178424": {"hotel_name": "\u5b9c\u5fc5\u601d\u9152\u5e97(\u4e0a\u6d77\u5317\u5916\u6ee9\u5468\u5bb6\u5634\u8def\u5e97)", "order_time": ["2019-01-08 05:43:50"], "total_order": 1, "hotel_value": ["4.6"], "hotel_price": ["239"]}, "441585": {"hotel_name": "\u4e0a\u6d77\u4e07\u4fe1R\u9152\u5e97", "order_time": ["2019-01-08 05:43:50"], "total_order": 1, "hotel_value": ["4.7"], "hotel_price": ["346"]}, "1064521": {"hotel_name": "\u548c\u9890\u9152\u5e97(\u4e0a\u6d77\u9759\u5b89\u5bfa\u5e97)", "order_time": ["2019-01-08 05:43:50"], "total_order": 1, "hotel_value": ["4.6"], "hotel_price": ["302"]}, "602604": {"hotel_name": "\u4e0a\u6d77\u5357\u822a\u660e\u73e0\u5927\u9152\u5e97", "order_time": ["2019-01-08 05:43:51"], "total_order": 1, "hotel_value": ["4.7"], "hotel_price": ["398"]}, "1741924": {"hotel_name": "\u5168\u5b63\u9152\u5e97(\u4e0a\u6d77\u4e07\u4f53\u9986\u5e97)", "order_time": ["2019-01-08 05:43:51"], "total_order": 1, "hotel_value": ["4.7"], "hotel_price": ["339"]}, "5649192": {"hotel_name": "\u4e0a\u6d77\u8212\u4f73\u65c5\u9986", "order_time": ["2019-01-08 05:43:55"], "total_order": 1, "hotel_value": ["2.9"], "hotel_price": ["43"]}, "2104394": {"hotel_name": "\u5982\u5bb6\u6d3e\u67cf\u00b7\u4e91\u9152\u5e97(\u4e0a\u6d77\u8679\u6865\u67a2\u7ebd\u56fd\u5bb6\u4f1a\u5c55\u4e2d\u5fc3\u4e03\u8398\u8def\u5e97)", "order_time": ["2019-01-08 05:45:49"], "total_order": 1, "hotel_value": ["4.3"], "hotel_price": ["137"]}, "5903540": {"hotel_name": "\u4e0a\u6d77\u8679\u6865\u67a2\u7ebd\u7f8e\u5c45\u9152\u5e97", "order_time": ["2019-01-08 05:45:49"], "total_order": 1, "hotel_value": ["4.5"], "hotel_price": ["374"]}, "2313513": {"hotel_name": "\u6c49\u5ead\u9152\u5e97(\u4e0a\u6d77\u9646\u5bb6\u5634\u4e1c\u65b9\u8def\u5e97)", "order_time": ["2019-01-08 05:45:50"], "total_order": 1, "hotel_value": ["4.6"], "hotel_price": ["371"]}, "2147624": {"hotel_name": "7\u5929\u8fde\u9501\u9152\u5e97(\u4e0a\u6d77\u5357\u4eac\u8def\u6b65\u884c\u8857\u5e97)", "order_time": ["2019-01-08 05:45:51"], "total_order": 1, "hotel_value": ["4.4"], "hotel_price": ["179"]}, "3725375": {"hotel_name": "\u5982\u5bb6\u7cbe\u9009\u9152\u5e97(\u4e0a\u6d77\u63a7\u6c5f\u8def\u6c5f\u6d66\u8def\u5730\u94c1\u7ad9\u5e97)", "order_time": ["2019-01-08 05:45:52"], "total_order": 1, "hotel_value": ["4.6"], "hotel_price": ["316"]}, "6515714": {"hotel_name": "\u7ef4\u4e5f\u7eb3\u56fd\u9645\u9152\u5e97(\u4e0a\u6d77\u6d66\u4e1c\u673a\u573a\u81ea\u8d38\u533a\u5e97)", "order_time": ["2019-01-08 05:47:50"], "total_order": 1, "hotel_value": ["4.8"], "hotel_price": ["386"]}, "375470": {"hotel_name": "\u4e0a\u6d77\u5927\u53a6", "order_time": ["2019-01-08 05:47:51"], "total_order": 1, "hotel_value": ["4.5"], "hotel_price": ["588"]}, "9618237": {"hotel_name": "\u5c16\u5fae\u7a7a\u95f4\u7535\u5f71\u9152\u5e97(\u4e0a\u6d77\u6c5f\u5b81\u8def\u5730\u94c1\u7ad9\u5e97)", "order_time": ["2019-01-08 05:47:51"], "total_order": 1, "hotel_value": ["4.0"], "hotel_price": ["147"]}, "6542110": {"hotel_name": "\u6854\u5b50\u6c34\u6676\u9152\u5e97(\u4e0a\u6d77\u56fd\u9645\u65c5\u6e38\u5ea6\u5047\u533a\u5468\u6d66\u4e07\u8fbe\u5e97)", "order_time": ["2019-01-08 05:49:49"], "total_order": 1, "hotel_value": ["4.9"], "hotel_price": ["275"]}, "345050": {"hotel_name": "\u4e0a\u6d77\u9759\u5b89\u79a7\u777f\u9152\u5e97", "order_time": ["2019-01-08 05:49:49"], "total_order": 1, "hotel_value": ["4.1"], "hotel_price": ["379"]}, "4317902": {"hotel_name": "\u6c49\u5ead\u9152\u5e97(\u4e0a\u6d77\u8679\u6865\u673a\u573a\u6caa\u9752\u5e73\u516c\u8def\u5e97)", "order_time": ["2019-01-08 05:49:50"], "total_order": 1, "hotel_value": ["4.7"], "hotel_price": ["239"]}, "991585": {"hotel_name": "\u6d77\u53cb\u9152\u5e97(\u4e0a\u6d77\u9759\u5b89\u5bfa\u5e97)", "order_time": ["2019-01-08 05:51:52"], "total_order": 1, "hotel_value": ["3.9"], "hotel_price": ["144"]}, "1119349": {"hotel_name": "\u5982\u5bb6\u5feb\u6377\u9152\u5e97(\u4e0a\u6d77\u706b\u8f66\u7ad9\u5317\u5e7f\u573a\u666e\u5584\u8def\u5e97)", "order_time": ["2019-01-08 05:51:52"], "total_order": 1, "hotel_value": ["4.5"], "hotel_price": ["135"]}, "480728": {"hotel_name": "\u548c\u9890\u9152\u5e97(\u4e0a\u6d77\u8679\u6865\u67a2\u7ebd\u56fd\u5bb6\u4f1a\u5c55\u4e2d\u5fc3\u5e97)", "order_time": ["2019-01-08 05:51:52"], "total_order": 1, "hotel_value": ["4.6"], "hotel_price": ["238"]}, "535201": {"hotel_name": "\u5409\u6cf0\u7cbe\u54c1\u8fde\u9501\u9152\u5e97(\u4e0a\u6d77\u706b\u8f66\u7ad9\u6885\u56ed\u8def\u5e97)", "order_time": ["2019-01-08 05:51:53"], "total_order": 1, "hotel_value": ["4.1"], "hotel_price": ["194"]}}}