{"\u5f00\u59cb\u8bb0\u5f55\u65f6\u95f4": "2019-01-06 06:50:51", "\u7ed3\u675f\u8bb0\u5f55\u65f6\u95f4": "2019-01-06 07:50:51", "\u8ba2\u5355\u603b\u589e\u91cf": 303, "item": {"437612": {"hotel_name": "\u4e0a\u6d77\u4e2d\u822a\u8679\u6865\u673a\u573a\u6cca\u60a6\u9152\u5e97", "order_time": ["2019-01-06 06:53:04"], "total_order": 1, "hotel_value": ["4.7"], "hotel_price": ["589"]}, "441618": {"hotel_name": "\u6854\u5b50\u9152\u5e97\u00b7\u7cbe\u9009(\u4e0a\u6d77\u5a01\u5b81\u8def\u5730\u94c1\u7ad9\u5e97)", "order_time": ["2019-01-06 06:53:04"], "total_order": 1, "hotel_value": ["4.7"], "hotel_price": ["347"]}, "1735166": {"hotel_name": "\u4e0a\u6d77\u6d66\u4e1c\u673a\u573a\u822a\u7ad9\u697c\u5bbe\u9986", "order_time": ["2019-01-06 06:53:04"], "total_order": 1, "hotel_value": ["4.6"], "hotel_price": ["632"]}, "5815883": {"hotel_name": "\u83ab\u6cf0168(\u4e0a\u6d77\u4e0a\u5357\u6797\u6d77\u516c\u8def\u5e97)", "order_time": ["2019-01-06 06:53:05"], "total_order": 1, "hotel_value": ["4.4"], "hotel_price": ["105"]}, "7773653": {"hotel_name": "\u6d77\u53cb\u9152\u5e97(\u4e0a\u6d77\u8054\u6d0b\u5d2e\u5c71\u8def\u5e97)(\u539f\u5d2e\u5c71\u8def\u5e97)", "order_time": ["2019-01-06 06:53:07"], "total_order": 1, "hotel_value": ["3.8"], "hotel_price": ["110"]}, "345016": {"hotel_name": "\u4e0a\u6d77\u5a01\u65af\u6c40\u5927\u996d\u5e97", "order_time": ["2019-01-06 06:53:19"], "total_order": 1, "hotel_value": ["4.6"], "hotel_price": ["1043"]}, "427259": {"hotel_name": "\u4e0a\u6d77\u5e1d\u749f\u4e3d\u81f4\u5927\u9152\u5e97", "order_time": ["2019-01-06 07:41:10", "2019-01-06 06:55:06"], "total_order": 2, "hotel_value": ["4.6", "4.6"], "hotel_price": ["554", "554"]}, "484249": {"hotel_name": "\u4e0a\u6d77\u8c6b\u56ed\u5b9c\u5fc5\u601d\u9152\u5e97", "order_time": ["2019-01-06 07:39:04", "2019-01-06 06:55:06"], "total_order": 2, "hotel_value": ["4.6", "4.6"], "hotel_price": ["240", "240"]}, "432298": {"hotel_name": "\u4e0a\u6d77\u5927\u4f17\u7a7a\u6e2f\u5bbe\u9986", "order_time": ["2019-01-06 07:49:08", "2019-01-06 07:45:05", "2019-01-06 06:55:06"], "total_order": 3, "hotel_value": ["4.4", "4.4", "4.4"], "hotel_price": ["535", "535", "535"]}, "6608568": {"hotel_name": "\u7f8e\u4e3d\u8c6a\u9152\u5e97(\u4e0a\u6d77\u5b9d\u5c71\u5e97)", "order_time": ["2019-01-06 06:55:06"], "total_order": 1, "hotel_value": ["4.8"], "hotel_price": ["503"]}, "1634417": {"hotel_name": "\u5168\u5b63\u9152\u5e97(\u4e0a\u6d77\u5916\u6ee9\u6cb3\u5357\u4e2d\u8def\u5e97)", "order_time": ["2019-01-06 07:23:14", "2019-01-06 06:55:07"], "total_order": 2, "hotel_value": ["4.8", "4.8"], "hotel_price": ["381", "381"]}, "6391233": {"hotel_name": "\u5982\u5bb6\u7cbe\u9009\u9152\u5e97(\u4e0a\u6d77\u8679\u6865\u8def\u5730\u94c1\u7ad9\u5e97)", "order_time": ["2019-01-06 06:55:07"], "total_order": 1, "hotel_value": ["4.7"], "hotel_price": ["250"]}, "25107136": {"hotel_name": "\u5168\u5b63\u9152\u5e97(\u4e0a\u6d77\u8398\u5e84\u5546\u52a1\u533a\u5e97)", "order_time": ["2019-01-06 06:55:07"], "total_order": 1, "hotel_value": ["4.8"], "hotel_price": ["266"]}, "12054504": {"hotel_name": "\u6d77\u53cb\u9152\u5e97(\u4e0a\u6d77\u8679\u6865\u673a\u573a\u5e97)", "order_time": ["2019-01-06 06:55:07"], "total_order": 1, "hotel_value": ["4.2"], "hotel_price": ["99"]}, "2306773": {"hotel_name": "\u4e0a\u6d77\u96c5\u5ba2\u5f95\u5bbe\u9986", "order_time": ["2019-01-06 06:55:11"], "total_order": 1, "hotel_value": ["4.1"], "hotel_price": ["95"]}, "345040": {"hotel_name": "\u4e0a\u6d77\u9f99\u4e4b\u68a6\u5927\u9152\u5e97", "order_time": ["2019-01-06 07:09:09", "2019-01-06 06:57:12"], "total_order": 2, "hotel_value": ["4.5", "4.5"], "hotel_price": ["692", "692"]}, "374456": {"hotel_name": "\u4e0a\u6d77\u8679\u53e3\u4e09\u81f3\u559c\u6765\u767b\u9152\u5e97", "order_time": ["2019-01-06 06:57:12"], "total_order": 1, "hotel_value": ["4.6"], "hotel_price": ["793"]}, "5903540": {"hotel_name": "\u4e0a\u6d77\u8679\u6865\u67a2\u7ebd\u7f8e\u5c45\u9152\u5e97", "order_time": ["2019-01-06 06:57:13"], "total_order": 1, "hotel_value": ["4.5"], "hotel_price": ["292"]}, "14997964": {"hotel_name": "\u4e0a\u6d77\u6c34\u6728\u4e91\u5e84\u56ed\u6797\u9152\u5e97", "order_time": ["2019-01-06 06:57:13"], "total_order": 1, "hotel_value": ["4.8"], "hotel_price": ["260"]}, "23713263": {"hotel_name": "\u4e0a\u6d77\u4e2d\u5e9a\u805a\u9f99\u9152\u5e97", "order_time": ["2019-01-06 07:15:16", "2019-01-06 07:07:09", "2019-01-06 06:57:14"], "total_order": 3, "hotel_value": ["4.9", "4.9", "4.9"], "hotel_price": ["800", "800", "800"]}, "429445": {"hotel_name": "\u5982\u5bb6\u5feb\u6377\u9152\u5e97(\u4e0a\u6d77\u5f90\u5bb6\u6c47\u4ea4\u901a\u5927\u5b66\u5b9c\u5c71\u8def\u5e97)", "order_time": ["2019-01-06 06:57:15"], "total_order": 1, "hotel_value": ["4.3"], "hotel_price": ["145"]}, "1232417": {"hotel_name": "\u5409\u6cf0\u8fde\u9501\u9152\u5e97(\u4e0a\u6d77\u672c\u6eaa\u8def\u65b0\u534e\u533b\u9662\u5e97)", "order_time": ["2019-01-06 07:39:06", "2019-01-06 06:57:15"], "total_order": 2, "hotel_value": ["4.4", "4.4"], "hotel_price": ["182", "182"]}, "1591600": {"hotel_name": "\u4e0a\u6d77\u7ea2\u9732\u5706\u90ae\u8f6e\u7801\u5934\u9152\u5e97", "order_time": ["2019-01-06 06:57:15", "2019-01-06 07:05:11"], "total_order": 2, "hotel_value": ["4.5", "4.5"], "hotel_price": ["199", "199"]}, "1569722": {"hotel_name": "\u5982\u5bb6\u5feb\u6377\u9152\u5e97(\u4e0a\u6d77\u5f90\u5bb6\u6c47\u516b\u4e07\u4eba\u4f53\u80b2\u9986\u5730\u94c1\u7ad9\u5e97)", "order_time": ["2019-01-06 06:57:15"], "total_order": 1, "hotel_value": ["4.3"], "hotel_price": ["145"]}, "346390": {"hotel_name": "\u4e0a\u6d77\u56fd\u9645\u8d35\u90fd\u5927\u996d\u5e97", "order_time": ["2019-01-06 06:59:05"], "total_order": 1, "hotel_value": ["4.6"], "hotel_price": ["554"]}, "21160048": {"hotel_name": "\u5168\u5b63\u9152\u5e97(\u4e0a\u6d77\u8679\u6865\u673a\u573a\u4e03\u8398\u8def\u5e97)", "order_time": ["2019-01-06 06:59:06"], "total_order": 1, "hotel_value": ["4.7"], "hotel_price": ["278"]}, "7105744": {"hotel_name": "\u4e0a\u6d77\u65b0\u8679\u6865\u5e0c\u5c14\u987f\u82b1\u56ed\u9152\u5e97", "order_time": ["2019-01-06 06:59:06"], "total_order": 1, "hotel_value": ["4.6"], "hotel_price": ["349"]}, "13787993": {"hotel_name": "\u4e00\u95f4\u68ee\u6797\u9752\u5e74\u65c5\u793e(\u4e0a\u6d77\u9759\u5b89\u5e97)", "order_time": ["2019-01-06 06:59:07"], "total_order": 1, "hotel_value": ["4.8"], "hotel_price": ["76"]}, "438890": {"hotel_name": "\u4e0a\u6d77\u6620\u50cf\u6234\u65af\u5927\u9152\u5e97", "order_time": ["2019-01-06 06:59:08"], "total_order": 1, "hotel_value": ["4.5"], "hotel_price": ["226"]}, "1693476": {"hotel_name": "\u4e0a\u6d77\u5929\u535a\u521b\u610f\u65f6\u5c1a\u9152\u5e97", "order_time": ["2019-01-06 06:59:08"], "total_order": 1, "hotel_value": ["4.3"], "hotel_price": ["166"]}, "768083": {"hotel_name": "99\u65c5\u9986\u8fde\u9501(\u4e0a\u6d77\u5357\u7ad9\u5e97)", "order_time": ["2019-01-06 06:59:10"], "total_order": 1, "hotel_value": ["4.0"], "hotel_price": ["96"]}, "2703813": {"hotel_name": "\u9759\u7eff\u9152\u5e97\u5f0f\u516c\u5bd3(\u4e0a\u6d77\u987e\u6751\u516c\u56ed\u5e97)", "order_time": ["2019-01-06 06:59:12"], "total_order": 1, "hotel_value": ["4.1"], "hotel_price": ["161"]}, "434658": {"hotel_name": "\u4e0a\u6d77\u65af\u6ce2\u7279\u5927\u9152\u5e97", "order_time": ["2019-01-06 07:21:04", "2019-01-06 07:07:09", "2019-01-06 07:13:06", "2019-01-06 07:01:04"], "total_order": 4, "hotel_value": ["4.4", "4.4", "4.4", "4.4"], "hotel_price": ["412", "412", "412", "412"]}, "458785": {"hotel_name": "\u4e66\u9999\u4e16\u5bb6\u9152\u5e97(\u4e0a\u6d77\u8679\u6865\u56fd\u5c55\u4e07\u8c61\u57ce\u5e97)", "order_time": ["2019-01-06 07:01:04"], "total_order": 1, "hotel_value": ["4.7"], "hotel_price": ["390"]}, "2298890": {"hotel_name": "\u6d66\u6c5f\u4e4b\u661f(\u57ce\u968d\u5e99\u8001\u897f\u95e8\u5730\u94c1\u7ad9)(\u539f\u4e1c\u53f0\u8def\u5e97)", "order_time": ["2019-01-06 07:01:04"], "total_order": 1, "hotel_value": ["4.2"], "hotel_price": ["107"]}, "760045": {"hotel_name": "\u4e0a\u6d77\u4f26\u8482\u8bfa\u4e2d\u9526\u56fd\u9645\u9152\u5e97\u516c\u5bd3", "order_time": ["2019-01-06 07:01:04"], "total_order": 1, "hotel_value": ["4.5"], "hotel_price": ["469"]}, "3893971": {"hotel_name": "\u4e0a\u6d77\u7a9d\u9002\u9152\u5e97", "order_time": ["2019-01-06 07:03:08", "2019-01-06 07:01:04"], "total_order": 2, "hotel_value": ["4.5", "4.5"], "hotel_price": ["388", "388"]}, "4687218": {"hotel_name": "\u4e0a\u6d77\u8fea\u58eb\u5c3c\u4e50\u56ed\u9152\u5e97", "order_time": ["2019-01-06 07:01:04"], "total_order": 1, "hotel_value": ["4.7"], "hotel_price": ["2123"]}, "4531036": {"hotel_name": "\u4e91\u548c\u56db\u5b63\u9152\u5e97\u5f0f\u516c\u5bd3(\u4e0a\u6d77\u4e34\u7a7a\u56ed\u533a\u5e97)", "order_time": ["2019-01-06 07:01:04"], "total_order": 1, "hotel_value": ["4.5"], "hotel_price": ["178"]}, "1487483": {"hotel_name": "\u6c49\u5ead\u9152\u5e97(\u4e0a\u6d77\u4eba\u6c11\u5e7f\u573a\u5e97)", "order_time": ["2019-01-06 07:01:05"], "total_order": 1, "hotel_value": ["4.5"], "hotel_price": ["224"]}, "24925264": {"hotel_name": "\u5982\u5bb6\u5feb\u6377\u9152\u5e97(\u4e0a\u6d77\u9547\u5b81\u8def\u5e97)", "order_time": ["2019-01-06 07:01:05"], "total_order": 1, "hotel_value": ["4.6"], "hotel_price": ["229"]}, "4959717": {"hotel_name": "\u6d77\u53cb\u826f\u54c1\u9152\u5e97(\u4e0a\u6d77\u91d1\u6865\u56fd\u9645\u5e7f\u573a\u5e97)(\u539f\u65b0\u91d1\u6865\u5e97)", "order_time": ["2019-01-06 07:01:05"], "total_order": 1, "hotel_value": ["4.2"], "hotel_price": ["125"]}, "5756683": {"hotel_name": "\u83ab\u6cf0168(\u4e0a\u6d77\u6d66\u6c5f\u4e09\u9c81\u516c\u8def\u53ec\u7a3c\u697c\u53e4\u9547\u5e97)", "order_time": ["2019-01-06 07:01:06"], "total_order": 1, "hotel_value": ["4.5"], "hotel_price": ["163"]}, "427578": {"hotel_name": "\u83ab\u6cf0168(\u4e0a\u6d77\u5916\u9ad8\u6865\u81ea\u8d38\u533a\u4e94\u53f7\u95e8\u6d32\u6d77\u8def\u5e97)", "order_time": ["2019-01-06 07:01:06"], "total_order": 1, "hotel_value": ["4.2"], "hotel_price": ["161"]}, "4722233": {"hotel_name": "99\u5bbe\u9986(\u4e0a\u6d77\u5f90\u6c47\u4ea4\u5927\u5e97)", "order_time": ["2019-01-06 07:01:08"], "total_order": 1, "hotel_value": ["3.4"], "hotel_price": ["176"]}, "1569581": {"hotel_name": "\u5982\u5bb6\u7cbe\u9009\u9152\u5e97(\u4e0a\u6d77\u5f90\u5bb6\u6c47\u5e97)", "order_time": ["2019-01-06 07:03:07"], "total_order": 1, "hotel_value": ["4.7"], "hotel_price": ["287"]}, "2260239": {"hotel_name": "\u9686\u6668\u5047\u65e5\u9152\u5e97(\u4e0a\u6d77\u9655\u897f\u5357\u8def\u5e97)(\u539f\u9686\u6668\u6c38\u5609\u5546\u52a1\u5bbe\u9986)", "order_time": ["2019-01-06 07:03:08"], "total_order": 1, "hotel_value": ["4.5"], "hotel_price": ["270"]}, "1217432": {"hotel_name": "\u9526\u6c5f\u4e4b\u661f\u54c1\u5c1a(\u4e0a\u6d77\u6d66\u4e1c\u673a\u573a\u5e97)", "order_time": ["2019-01-06 07:03:08", "2019-01-06 07:39:04"], "total_order": 2, "hotel_value": ["4.5", "4.5"], "hotel_price": ["329", "329"]}, "428142": {"hotel_name": "\u5982\u5bb6\u5feb\u6377\u9152\u5e97(\u4e0a\u6d77\u4e2d\u5c71\u516c\u56ed\u5ef6\u5b89\u897f\u8def\u5e97)", "order_time": ["2019-01-06 07:03:08"], "total_order": 1, "hotel_value": ["4.3"], "hotel_price": ["161"]}, "975293": {"hotel_name": "\u6c49\u5ead\u9152\u5e97(\u4e0a\u6d77\u91d1\u6c99\u6c5f\u8def\u5e97)", "order_time": ["2019-01-06 07:03:08"], "total_order": 1, "hotel_value": ["4.3"], "hotel_price": ["166"]}, "640509": {"hotel_name": "\u9526\u6c5f\u4e4b\u661f(\u4e0a\u6d77\u677e\u6c5f\u5927\u5b66\u57ce\u5e97)", "order_time": ["2019-01-06 07:03:11"], "total_order": 1, "hotel_value": ["4.5"], "hotel_price": ["210"]}, "374920": {"hotel_name": "\u4e0a\u6d77\u56fd\u4fe1\u7d2b\u91d1\u5c71\u5927\u9152\u5e97", "order_time": ["2019-01-06 07:05:06"], "total_order": 1, "hotel_value": ["4.6"], "hotel_price": ["587"]}, "8321425": {"hotel_name": "\u5168\u5b63\u9152\u5e97(\u4e0a\u6d77\u91d1\u6865\u56fd\u9645\u5546\u4e1a\u5e7f\u573a\u5e97)", "order_time": ["2019-01-06 07:05:06"], "total_order": 1, "hotel_value": ["4.8"], "hotel_price": ["245"]}, "1571185": {"hotel_name": "\u4e0a\u6d77\u5357\u7fd4\u5e0c\u5c14\u987f\u9038\u6797\u9152\u5e97", "order_time": ["2019-01-06 07:05:07"], "total_order": 1, "hotel_value": ["4.5"], "hotel_price": ["512"]}, "446926": {"hotel_name": "\u5f00\u5143\u66fc\u5c45\u00b7\u4e0a\u6d77\u65b0\u56fd\u9645\u535a\u89c8\u4e2d\u5fc3\u5e97", "order_time": ["2019-01-06 07:05:07"], "total_order": 1, "hotel_value": ["4.6"], "hotel_price": ["372"]}, "6352824": {"hotel_name": "\u4e0a\u6d77\u8bd7\u60a6\u7cbe\u54c1\u9152\u5e97", "order_time": ["2019-01-06 07:05:07"], "total_order": 1, "hotel_value": ["4.4"], "hotel_price": ["248"]}, "1501353": {"hotel_name": "\u83ab\u6cf0168(\u4e0a\u6d77\u5916\u6ee9\u56db\u5ddd\u5317\u8def\u4e03\u6d66\u8def\u5e97)", "order_time": ["2019-01-06 07:05:07"], "total_order": 1, "hotel_value": ["4.4"], "hotel_price": ["122"]}, "2619244": {"hotel_name": "\u4e0a\u6d77\u798f\u4e50\u65f6\u5c1a\u5bbe\u9986", "order_time": ["2019-01-06 07:05:09"], "total_order": 1, "hotel_value": ["4.3"], "hotel_price": ["170"]}, "374447": {"hotel_name": "\u4e0a\u6d77\u5b8f\u5b89\u745e\u58eb\u5927\u9152\u5e97", "order_time": ["2019-01-06 07:07:10"], "total_order": 1, "hotel_value": ["4.7"], "hotel_price": ["700"]}, "13329054": {"hotel_name": "\u4e0a\u6d77\u8679\u6865\u5546\u52a1\u533a\u51ef\u60a6\u5609\u8f69\u9152\u5e97", "order_time": ["2019-01-06 07:07:10"], "total_order": 1, "hotel_value": ["4.7"], "hotel_price": ["646"]}, "345021": {"hotel_name": "\u4e0a\u6d77\u6d66\u4e1c\u5047\u65e5\u9152\u5e97", "order_time": ["2019-01-06 07:07:10"], "total_order": 1, "hotel_value": ["4.6"], "hotel_price": ["499"]}, "5378603": {"hotel_name": "99\u65c5\u9986\u8fde\u9501(\u4e0a\u6d77\u513f\u7ae5\u533b\u5b66\u4e2d\u5fc3\u5e97)", "order_time": ["2019-01-06 07:07:10"], "total_order": 1, "hotel_value": ["4.2"], "hotel_price": ["183"]}, "794061": {"hotel_name": "\u4e0a\u6d77\u601d\u6155\u7cbe\u54c1\u9152\u5e97", "order_time": ["2019-01-06 07:07:10"], "total_order": 1, "hotel_value": ["4.2"], "hotel_price": ["122"]}, "768057": {"hotel_name": "\u683c\u6797\u8c6a\u6cf0(\u4e0a\u6d77\u5949\u8d24\u897f\u6e21\u5e97)", "order_time": ["2019-01-06 07:07:12"], "total_order": 1, "hotel_value": ["4.1"], "hotel_price": ["147"]}, "5378756": {"hotel_name": "\u5e03\u4e01\u9152\u5e97(\u4e0a\u6d77\u79c0\u6cbf\u8def\u5730\u94c1\u7ad9\u5e97)", "order_time": ["2019-01-06 07:07:13"], "total_order": 1, "hotel_value": ["4.3"], "hotel_price": ["117"]}, "533931": {"hotel_name": "\u4e0a\u6d77\u5609\u5b9a\u5bbe\u9986", "order_time": ["2019-01-06 07:09:08"], "total_order": 1, "hotel_value": ["4.7"], "hotel_price": ["528"]}, "372187": {"hotel_name": "\u4e0a\u6d77\u56db\u5b63\u9152\u5e97", "order_time": ["2019-01-06 07:09:09"], "total_order": 1, "hotel_value": ["4.6"], "hotel_price": ["1029"]}, "11825410": {"hotel_name": "\u5982\u5bb6\u7cbe\u9009\u9152\u5e97(\u4e0a\u6d77\u6ef4\u6c34\u6e56\u6e2f\u57ce\u65b0\u5929\u5730\u5e97)", "order_time": ["2019-01-06 07:09:10"], "total_order": 1, "hotel_value": ["4.7"], "hotel_price": ["275"]}, "2238304": {"hotel_name": "\u4e0a\u6d77\u9686\u683c\u6625\u5929\u7cbe\u54c1\u9152\u5e97", "order_time": ["2019-01-06 07:09:11"], "total_order": 1, "hotel_value": ["4.6"], "hotel_price": ["164"]}, "918092": {"hotel_name": "\u6c49\u5ead\u9152\u5e97(\u4e0a\u6d77\u659c\u571f\u4e1c\u8def\u5e97)", "order_time": ["2019-01-06 07:09:11"], "total_order": 1, "hotel_value": ["4.3"], "hotel_price": ["205"]}, "878888": {"hotel_name": "\u4e0a\u6d77\u749e\u7235\u9152\u5e97", "order_time": ["2019-01-06 07:09:11"], "total_order": 1, "hotel_value": ["4.2"], "hotel_price": ["178"]}, "24359077": {"hotel_name": "\u4e0a\u6d77\u5ef7\u5ead\u65c5\u9986", "order_time": ["2019-01-06 07:09:13"], "total_order": 1, "hotel_value": ["4.5"], "hotel_price": ["147"]}, "3459591": {"hotel_name": "\u6613\u4f70\u8fde\u9501\u9152\u5e97(\u4e0a\u6d77\u5170\u576a\u8def\u5e97)", "order_time": ["2019-01-06 07:09:13"], "total_order": 1, "hotel_value": ["3.7"], "hotel_price": ["80"]}, "1282980": {"hotel_name": "\u6613\u4f70\u8fde\u9501\u65c5\u5e97(\u4e0a\u6d77\u60e0\u5357\u5730\u94c1\u7ad9\u5e97)", "order_time": ["2019-01-06 07:09:14"], "total_order": 1, "hotel_value": ["4.3"], "hotel_price": ["87"]}, "1256432": {"hotel_name": "\u9ea6\u65b0\u683c\u7cbe\u54c1\u9152\u5e97(\u4e0a\u6d77\u9646\u5bb6\u5634\u4e1c\u65b9\u660e\u73e0\u5e97)", "order_time": ["2019-01-06 07:11:03"], "total_order": 1, "hotel_value": ["4.9"], "hotel_price": ["288"]}, "1809284": {"hotel_name": "\u6854\u5b50\u9152\u5e97\u00b7\u7cbe\u9009(\u4e0a\u6d77\u897f\u85cf\u5317\u8def\u5730\u94c1\u7ad9\u5e97)", "order_time": ["2019-01-06 07:11:03"], "total_order": 1, "hotel_value": ["4.8"], "hotel_price": ["455"]}, "669615": {"hotel_name": "\u5b9c\u5fc5\u601d\u9152\u5e97(\u4e0a\u6d77\u8054\u6d0b\u5e97)", "order_time": ["2019-01-06 07:11:04"], "total_order": 1, "hotel_value": ["4.4"], "hotel_price": ["191"]}, "1487387": {"hotel_name": "\u6c49\u5ead\u9152\u5e97(\u4e0a\u6d77\u9759\u5b89\u5bfa\u65b0\u5e97)", "order_time": ["2019-01-06 07:11:04"], "total_order": 1, "hotel_value": ["4.6"], "hotel_price": ["187"]}, "12064154": {"hotel_name": "\u767b\u5df4\u5ba2\u6808(\u4e0a\u6d77\u5916\u6ee9\u5e97)", "order_time": ["2019-01-06 07:11:04"], "total_order": 1, "hotel_value": ["4.6"], "hotel_price": ["73"]}, "5226678": {"hotel_name": "\u5e03\u4e01\u9152\u5e97(\u4e0a\u6d77\u63a7\u6c5f\u8def\u65b0\u534e\u533b\u9662\u5e97)", "order_time": ["2019-01-06 07:11:06"], "total_order": 1, "hotel_value": ["4.0"], "hotel_price": ["120"]}, "8434113": {"hotel_name": "\u5b66\u957f\u5bb6\u9752\u5e74\u6c42\u804c\u516c\u5bd3(\u4e0a\u6d77\u534e\u5e08\u5927\u91d1\u6c99\u6c5f\u8def\u5730\u94c1\u7ad9\u5e97)", "order_time": ["2019-01-06 07:11:13"], "total_order": 1, "hotel_value": ["3.8"], "hotel_price": ["32"]}, "431900": {"hotel_name": "24K\u56fd\u9645\u8fde\u9501\u9152\u5e97(\u4e0a\u6d77\u4eba\u6c11\u5e7f\u573a\u5e97)", "order_time": ["2019-01-06 07:13:06"], "total_order": 1, "hotel_value": ["4.2"], "hotel_price": ["153"]}, "16197084": {"hotel_name": "\u548c\u9890\u81f3\u5c0a\u9152\u5e97(\u4e0a\u6d77\u5357\u4eac\u8def\u6b65\u884c\u8857\u5e97)", "order_time": ["2019-01-06 07:35:06", "2019-01-06 07:13:06"], "total_order": 2, "hotel_value": ["4.7", "4.7"], "hotel_price": ["435", "435"]}, "6824517": {"hotel_name": "\u65b0\u7235\u7687\u5bb6\u9152\u5e97\u516c\u5bd3(\u4e0a\u6d77\u6d66\u4e1c\u673a\u573a\u5e97)", "order_time": ["2019-01-06 07:13:06"], "total_order": 1, "hotel_value": ["4.6"], "hotel_price": ["265"]}, "433981": {"hotel_name": "\u4e0a\u6d77\u5ef6\u5b89\u996d\u5e97", "order_time": ["2019-01-06 07:13:06"], "total_order": 1, "hotel_value": ["4.4"], "hotel_price": ["485"]}, "1487246": {"hotel_name": "\u6c49\u5ead\u4f18\u4f73\u9152\u5e97(\u4e0a\u6d77\u6052\u9686\u5e7f\u573a\u5e97)", "order_time": ["2019-01-06 07:13:07"], "total_order": 1, "hotel_value": ["4.6"], "hotel_price": ["271"]}, "479401": {"hotel_name": "\u4e0a\u6d77\u5bcc\u5efa\u9152\u5e97", "order_time": ["2019-01-06 07:13:07"], "total_order": 1, "hotel_value": ["4.5"], "hotel_price": ["566"]}, "668996": {"hotel_name": "\u9526\u6c5f\u4e4b\u661f\u54c1\u5c1a(\u4e0a\u6d77\u5357\u4eac\u8def\u6b65\u884c\u8857\u5e97)", "order_time": ["2019-01-06 07:13:07"], "total_order": 1, "hotel_value": ["4.5"], "hotel_price": ["340"]}, "1487285": {"hotel_name": "\u6c49\u5ead\u9152\u5e97(\u4e0a\u6d77\u5f90\u5bb6\u6c47\u4e8c\u5e97)", "order_time": ["2019-01-06 07:13:07"], "total_order": 1, "hotel_value": ["4.4"], "hotel_price": ["225"]}, "2301754": {"hotel_name": "\u4e0a\u6d77\u8fce\u56ed\u4e4b\u661f\u65c5\u9986", "order_time": ["2019-01-06 07:13:07"], "total_order": 1, "hotel_value": ["4.1"], "hotel_price": ["101"]}, "5982628": {"hotel_name": "\u6613\u4f70\u8fde\u9501\u65c5\u5e97(\u4e0a\u6d77\u5609\u5b9a\u767d\u94f6\u8def\u5730\u94c1\u7ad9\u5e97)", "order_time": ["2019-01-06 07:13:09"], "total_order": 1, "hotel_value": ["4.2"], "hotel_price": ["102"]}, "6238773": {"hotel_name": "\u4e0a\u6d77\u56fd\u91d1\u6c47\u9152\u5e97\u516c\u5bd3", "order_time": ["2019-01-06 07:15:16"], "total_order": 1, "hotel_value": ["4.5"], "hotel_price": ["1330"]}, "6044293": {"hotel_name": "\u4e0a\u6d77\u51e0\u6728\u7b71\u7b51\u9152\u5e97", "order_time": ["2019-01-06 07:15:16"], "total_order": 1, "hotel_value": ["4.7"], "hotel_price": ["287"]}, "375215": {"hotel_name": "\u4e0a\u6d77\u65b0\u56ed\u534e\u7f8e\u8fbe\u5e7f\u573a\u9152\u5e97", "order_time": ["2019-01-06 07:15:17"], "total_order": 1, "hotel_value": ["4.6"], "hotel_price": ["438"]}, "1721585": {"hotel_name": "\u4e0a\u6d77\u540c\u6d4e\u8fce\u5bbe\u9986", "order_time": ["2019-01-06 07:15:17"], "total_order": 1, "hotel_value": ["4.5"], "hotel_price": ["258"]}, "643149": {"hotel_name": "\u9526\u6c5f\u4e4b\u661f(\u4e0a\u6d77\u6c11\u751f\u8def\u5e97)", "order_time": ["2019-01-06 07:15:18"], "total_order": 1, "hotel_value": ["4.5"], "hotel_price": ["169"]}, "2148229": {"hotel_name": "7\u5929\u8fde\u9501\u9152\u5e97(\u4e0a\u6d77\u6f15\u5b9d\u8def\u5730\u94c1\u7ad9\u5e97)", "order_time": ["2019-01-06 07:15:18"], "total_order": 1, "hotel_value": ["4.1"], "hotel_price": ["151"]}, "1414852": {"hotel_name": "\u827e\u68ee\u4e3b\u9898\u9152\u5e97(\u4e0a\u6d77\u4e03\u5b9d\u5e97)", "order_time": ["2019-01-06 07:15:19"], "total_order": 1, "hotel_value": ["4.5"], "hotel_price": ["225"]}, "11159470": {"hotel_name": "\u4e0a\u6d77\u5b9c\u9ad8\u5feb\u6377\u9152\u5e97", "order_time": ["2019-01-06 07:15:20"], "total_order": 1, "hotel_value": ["4.6"], "hotel_price": ["77"]}, "1684012": {"hotel_name": "\u5e03\u4e01\u9152\u5e97(\u4e0a\u6d77\u6d66\u4e1c\u673a\u573a\u91ce\u751f\u52a8\u7269\u56ed\u60e0\u5357\u5e97)", "order_time": ["2019-01-06 07:31:16", "2019-01-06 07:15:20"], "total_order": 2, "hotel_value": ["4.2", "4.2"], "hotel_price": ["66", "66"]}, "4399431": {"hotel_name": "\u4e0a\u6d77\u540c\u6587\u541b\u4ead\u9152\u5e97", "order_time": ["2019-01-06 07:15:32"], "total_order": 1, "hotel_value": ["4.7"], "hotel_price": ["399"]}, "453317": {"hotel_name": "\u4e07\u4fe1\u9152\u5e97(\u4e0a\u6d77\u4e16\u535a\u56ed\u5e97)", "order_time": ["2019-01-06 07:15:32"], "total_order": 1, "hotel_value": ["4.6"], "hotel_price": ["389"]}, "428365": {"hotel_name": "\u4e0a\u6d77\u4e2d\u8c37\u5c0f\u5357\u56fd\u82b1\u56ed\u9152\u5e97", "order_time": ["2019-01-06 07:15:32"], "total_order": 1, "hotel_value": ["4.7"], "hotel_price": ["699"]}, "393916": {"hotel_name": "\u4e0a\u6d77\u8fdc\u6d0b\u5bbe\u9986", "order_time": ["2019-01-06 07:21:04", "2019-01-06 07:15:32"], "total_order": 2, "hotel_value": ["4.6", "4.6"], "hotel_price": ["530", "530"]}, "5599110": {"hotel_name": "\u4e0a\u6d77\u6d66\u4e1c\u4e3b\u9898\u4e50\u56ed\u4e07\u4fe1\u9152\u5e97", "order_time": ["2019-01-06 07:15:32"], "total_order": 1, "hotel_value": ["4.7"], "hotel_price": ["449"]}, "21349561": {"hotel_name": "\u4e0a\u6d77\u6d66\u4e1c\u673a\u573a\u6c5f\u9547\u4e9a\u6735S\u9152\u5e97", "order_time": ["2019-01-06 07:15:32"], "total_order": 1, "hotel_value": ["4.9"], "hotel_price": ["719"]}, "428827": {"hotel_name": "\u4e0a\u6d77\u4e94\u89d2\u573a\u534e\u7f8e\u8fbe\u5927\u9152\u5e97", "order_time": ["2019-01-06 07:15:32"], "total_order": 1, "hotel_value": ["4.2"], "hotel_price": ["359"]}, "12603011": {"hotel_name": "\u4e0a\u6d77Pagoda\u541b\u4ead\u8bbe\u8ba1\u9152\u5e97", "order_time": ["2019-01-06 07:15:32"], "total_order": 1, "hotel_value": ["4.7"], "hotel_price": ["619"]}, "6874402": {"hotel_name": "\u8c6a\u67ab\u96c5\u81f4\u9152\u5e97(\u4e0a\u6d77\u56fd\u9645\u65c5\u6e38\u5ea6\u5047\u533a\u5510\u9547\u5730\u94c1\u7ad9\u5e97)", "order_time": ["2019-01-06 07:15:32"], "total_order": 1, "hotel_value": ["4.9"], "hotel_price": ["288"]}, "23852115": {"hotel_name": "\u5bbf\u9002\u8f7b\u5962\u9152\u5e97(\u4e0a\u6d77\u5927\u4e16\u754c\u5730\u94c1\u7ad9\u5e97)", "order_time": ["2019-01-06 07:15:32"], "total_order": 1, "hotel_value": ["4.8"], "hotel_price": ["399"]}, "436187": {"hotel_name": "\u4e0a\u6d77\u5b9d\u5b89\u5927\u9152\u5e97", "order_time": ["2019-01-06 07:21:04", "2019-01-06 07:15:32"], "total_order": 2, "hotel_value": ["4.4", "4.4"], "hotel_price": ["428", "380"]}, "12782071": {"hotel_name": "\u5bbf\u9002\u8f7b\u5962\u9152\u5e97(\u4e0a\u6d77\u6253\u6d66\u6865\u7530\u5b50\u574a\u5e97)", "order_time": ["2019-01-06 07:15:32"], "total_order": 1, "hotel_value": ["4.8"], "hotel_price": ["339"]}, "15018773": {"hotel_name": "\u4e3d\u6602\u9152\u5e97(\u4e0a\u6d77\u65b0\u9759\u5b89\u5e97)", "order_time": ["2019-01-06 07:15:32"], "total_order": 1, "hotel_value": ["4.6"], "hotel_price": ["439"]}, "22755589": {"hotel_name": "\u4e91\u548c\u591c\u6cca\u9152\u5e97(\u4e0a\u6d77\u56fd\u9645\u65c5\u6e38\u5ea6\u5047\u533a\u6d66\u4e1c\u673a\u573a\u5e97)", "order_time": ["2019-01-06 07:15:32"], "total_order": 1, "hotel_value": ["4.9"], "hotel_price": ["388"]}, "473770": {"hotel_name": "\u4e0a\u6d77\u5f90\u6c47\u4e91\u777f\u9152\u5e97", "order_time": ["2019-01-06 07:15:32"], "total_order": 1, "hotel_value": ["4.6"], "hotel_price": ["246"]}, "2298751": {"hotel_name": "\u4e0a\u6d77\u590d\u65e6\u71d5\u56ed\u5bbe\u9986", "order_time": ["2019-01-06 07:17:08"], "total_order": 1, "hotel_value": ["4.3"], "hotel_price": ["343"]}, "6144102": {"hotel_name": "\u7ef4\u7eb3\u65af\u56fd\u9645\u9152\u5e97(\u4e0a\u6d77\u56fd\u9645\u65c5\u6e38\u5ea6\u5047\u533a\u91ce\u751f\u52a8\u7269\u56ed\u5e97)", "order_time": ["2019-01-06 07:17:08"], "total_order": 1, "hotel_value": ["4.8"], "hotel_price": ["279"]}, "427619": {"hotel_name": "\u4e0a\u6d77\u8d1d\u5c14\u7279\u9152\u5e97", "order_time": ["2019-01-06 07:17:08"], "total_order": 1, "hotel_value": ["4.4"], "hotel_price": ["399"]}, "2290501": {"hotel_name": "\u91d1\u5df4\u5170\u56fd\u9645\u9152\u5e97(\u4e0a\u6d77\u8679\u6865\u67a2\u7ebd\u56fd\u5bb6\u4f1a\u5c55\u4e2d\u5fc3\u5e97)", "order_time": ["2019-01-06 07:17:08"], "total_order": 1, "hotel_value": ["4.4"], "hotel_price": ["256"]}, "22767851": {"hotel_name": "\u4e0a\u6d77\u534f\u4fe1\u838e\u739b\u957f\u98ce\u670d\u52a1\u5f0f\u516c\u5bd3", "order_time": ["2019-01-06 07:17:09"], "total_order": 1, "hotel_value": ["4.6"], "hotel_price": ["580"]}, "1480638": {"hotel_name": "\u6c49\u5ead\u9152\u5e97(\u4e0a\u6d77\u4ea4\u5927\u5e97)", "order_time": ["2019-01-06 07:17:10"], "total_order": 1, "hotel_value": ["4.2"], "hotel_price": ["234"]}, "766113": {"hotel_name": "99\u65c5\u9986\u8fde\u9501(\u4e0a\u6d77\u5434\u4e2d\u8def\u83b2\u82b1\u5e7f\u573a\u5e97)", "order_time": ["2019-01-06 07:17:11"], "total_order": 1, "hotel_value": ["4.1"], "hotel_price": ["117"]}, "4397768": {"hotel_name": "\u91d1\u8461\u8404\u9152\u5e97(\u4e0a\u6d77\u5609\u5b9a\u767e\u8054\u5e97)", "order_time": ["2019-01-06 07:49:12", "2019-01-06 07:17:12"], "total_order": 2, "hotel_value": ["4.5", "4.5"], "hotel_price": ["186", "186"]}, "2390916": {"hotel_name": "\u9e23\u73cf\u670d\u52a1\u5f0f\u516c\u5bd3(\u4e0a\u6d77\u677e\u6c5f\u5927\u5b66\u57ce-\u4e07\u8fbe\u5e7f\u573a\u5e97)", "order_time": ["2019-01-06 07:17:12"], "total_order": 1, "hotel_value": ["4.6"], "hotel_price": ["198"]}, "2304575": {"hotel_name": "\u6613\u4f70\u8fde\u9501\u65c5\u5e97(\u4e0a\u6d77\u5927\u67cf\u6811\u5730\u94c1\u7ad9\u5e97)", "order_time": ["2019-01-06 07:17:13"], "total_order": 1, "hotel_value": ["4.4"], "hotel_price": ["119"]}, "1052528": {"hotel_name": "\u5e03\u4e01\u9152\u5e97(\u4e0a\u6d77\u590d\u65e6\u5927\u5b66\u4e94\u89d2\u573a\u5e97)", "order_time": ["2019-01-06 07:17:21"], "total_order": 1, "hotel_value": ["3.9"], "hotel_price": ["111"]}, "2147624": {"hotel_name": "7\u5929\u8fde\u9501\u9152\u5e97(\u4e0a\u6d77\u5357\u4eac\u8def\u6b65\u884c\u8857\u5e97)", "order_time": ["2019-01-06 07:19:08"], "total_order": 1, "hotel_value": ["4.4"], "hotel_price": ["189"]}, "1487261": {"hotel_name": "\u6c49\u5ead\u9152\u5e97(\u4e0a\u6d77\u5f20\u6c5f\u91d1\u878d\u4fe1\u606f\u56ed\u5e97)", "order_time": ["2019-01-06 07:19:08"], "total_order": 1, "hotel_value": ["4.3"], "hotel_price": ["146"]}, "1535300": {"hotel_name": "\u6d77\u53cb\u9152\u5e97(\u4e0a\u6d77\u6dee\u6d77\u4e2d\u8def\u5e97)", "order_time": ["2019-01-06 07:19:08"], "total_order": 1, "hotel_value": ["4.1"], "hotel_price": ["265"]}, "2895314": {"hotel_name": "\u96f6\u70b9\u4f9d\u7cbe\u81f4\u9152\u5e97(\u4e0a\u6d77\u706b\u8f66\u7ad9\u5e97)(\u539f\u6052\u4e30\u8def\u5e97)", "order_time": ["2019-01-06 07:19:08", "2019-01-06 07:39:04"], "total_order": 2, "hotel_value": ["4.6", "4.6"], "hotel_price": ["269", "269"]}, "21808950": {"hotel_name": "\u5eb7\u94c2\u9152\u5e97(\u4e0a\u6d77\u9759\u5b89\u5e97)", "order_time": ["2019-01-06 07:19:09"], "total_order": 1, "hotel_value": ["4.6"], "hotel_price": ["449"]}, "12544516": {"hotel_name": "\u827e\u5c1a\u5546\u52a1\u9152\u5e97(\u4e0a\u6d77\u706b\u8f66\u7ad9\u5e97)", "order_time": ["2019-01-06 07:19:09"], "total_order": 1, "hotel_value": ["4.3"], "hotel_price": ["116"]}, "5091117": {"hotel_name": "\u7ef4\u4e5f\u7eb3\u56fd\u9645\u9152\u5e97(\u4e0a\u6d77\u8679\u6865\u67a2\u7ebd\u5609\u5b9a\u9a6c\u9646\u5730\u94c1\u7ad9\u5e97)", "order_time": ["2019-01-06 07:19:10"], "total_order": 1, "hotel_value": ["4.8"], "hotel_price": ["256"]}, "18437126": {"hotel_name": "\u82f9\u679c\u9152\u5e97\u5f0f\u516c\u5bd3(\u4e0a\u6d77\u78a7\u6c5f\u5e7f\u573a\u5e97)", "order_time": ["2019-01-06 07:19:11"], "total_order": 1, "hotel_value": ["4.4"], "hotel_price": ["151"]}, "1299183": {"hotel_name": "\u4e0a\u6d77\u6ee1\u5706\u574a\u9152\u5e97", "order_time": ["2019-01-06 07:19:18"], "total_order": 1, "hotel_value": ["2.4"], "hotel_price": ["86"]}, "435639": {"hotel_name": "\u4e0a\u6d77\u8fce\u56ed\u996d\u5e97", "order_time": ["2019-01-06 07:21:03"], "total_order": 1, "hotel_value": ["4.3"], "hotel_price": ["208"]}, "662503": {"hotel_name": "\u4e0a\u6d77\u5408\u5bb6\u6b22\u5bbe\u9986", "order_time": ["2019-01-06 07:21:03"], "total_order": 1, "hotel_value": ["4.4"], "hotel_price": ["318"]}, "7904714": {"hotel_name": "\u4e0a\u6d77\u8679\u53e3\u5927\u67cf\u6811\u4e9a\u6735\u9152\u5e97", "order_time": ["2019-01-06 07:21:04"], "total_order": 1, "hotel_value": ["4.8"], "hotel_price": ["487"]}, "440996": {"hotel_name": "\u4e0a\u6d77\u7538\u56ed\u5bbe\u9986", "order_time": ["2019-01-06 07:21:04"], "total_order": 1, "hotel_value": ["4.4"], "hotel_price": ["496"]}, "1569678": {"hotel_name": "\u5982\u5bb6\u5feb\u6377\u9152\u5e97(\u4e0a\u6d77\u9646\u5bb6\u5634\u516b\u4f70\u4f34\u5e97)", "order_time": ["2019-01-06 07:21:05"], "total_order": 1, "hotel_value": ["4.4"], "hotel_price": ["130"]}, "6257126": {"hotel_name": "\u5168\u5b63\u9152\u5e97(\u4e0a\u6d77\u9646\u5bb6\u5634\u6d66\u4e1c\u5927\u9053\u5e97)(\u539f\u6d66\u4e1c\u5927\u9053\u6ee8\u6c5f\u5e97)", "order_time": ["2019-01-06 07:21:05"], "total_order": 1, "hotel_value": ["4.6"], "hotel_price": ["256"]}, "1114675": {"hotel_name": "\u9526\u6c5f\u90fd\u57ce\u7ecf\u5178(\u4e0a\u6d77\u5357\u4eac\u4e1c\u8def\u5916\u6ee9\u5e97)", "order_time": ["2019-01-06 07:23:13"], "total_order": 1, "hotel_value": ["4.8"], "hotel_price": ["629"]}, "346309": {"hotel_name": "\u4e0a\u6d77\u9526\u6c5f\u996d\u5e97", "order_time": ["2019-01-06 07:39:05", "2019-01-06 07:23:14"], "total_order": 2, "hotel_value": ["4.6", "4.6"], "hotel_price": ["690", "690"]}, "439420": {"hotel_name": "\u7ef4\u4e5f\u7eb3\u56fd\u9645\u9152\u5e97(\u4e0a\u6d77\u677e\u6c5f\u5e97)", "order_time": ["2019-01-06 07:23:14"], "total_order": 1, "hotel_value": ["4.6"], "hotel_price": ["269"]}, "1569673": {"hotel_name": "\u5982\u5bb6\u5feb\u6377\u9152\u5e97(\u4e0a\u6d77\u67ab\u6797\u8def\u4e2d\u56fd\u79d1\u5b66\u9662\u5e97)", "order_time": ["2019-01-06 07:23:14"], "total_order": 1, "hotel_value": ["4.4"], "hotel_price": ["245"]}, "1307636": {"hotel_name": "\u6c49\u5ead\u9152\u5e97(\u4e0a\u6d77\u706b\u8f66\u7ad9\u5e97)", "order_time": ["2019-01-06 07:23:15"], "total_order": 1, "hotel_value": ["4.1"], "hotel_price": ["205"]}, "1073814": {"hotel_name": "\u7ef4\u4e5f\u7eb3\u9152\u5e97(\u4e0a\u6d77\u6d66\u4e1c\u673a\u573a\u5e97)", "order_time": ["2019-01-06 07:23:15"], "total_order": 1, "hotel_value": ["4.7"], "hotel_price": ["278"]}, "425378": {"hotel_name": "\u4e0a\u6d77\u5916\u6ee9\u8302\u60a6\u5927\u9152\u5e97", "order_time": ["2019-01-06 07:25:06"], "total_order": 1, "hotel_value": ["4.6"], "hotel_price": ["1300"]}, "426595": {"hotel_name": "\u4e0a\u6d77\u4f73\u53cb\u552f\u666f\u5927\u9152\u5e97", "order_time": ["2019-01-06 07:25:07"], "total_order": 1, "hotel_value": ["4.5"], "hotel_price": ["366"]}, "429714": {"hotel_name": "\u4e0a\u6d77\u534e\u7f8e\u56fd\u9645\u9152\u5e97", "order_time": ["2019-01-06 07:25:07"], "total_order": 1, "hotel_value": ["3.7"], "hotel_price": ["226"]}, "9245575": {"hotel_name": "\u552f\u5ead\u9152\u5e97(\u4e0a\u6d77\u6dee\u6d77\u8def\u5e97)(\u539f\u9b54\u5c14\u516c\u5bd3)", "order_time": ["2019-01-06 07:25:08"], "total_order": 1, "hotel_value": ["4.5"], "hotel_price": ["268"]}, "3000361": {"hotel_name": "\u6d77\u53cb\u9152\u5e97(\u4e0a\u6d77\u5e02\u5317\u5de5\u4e1a\u56ed\u533a\u5e97)", "order_time": ["2019-01-06 07:25:08", "2019-01-06 07:45:06"], "total_order": 2, "hotel_value": ["4.3", "4.3"], "hotel_price": ["183", "183"]}, "5815656": {"hotel_name": "\u9526\u6c5f\u4e4b\u661f(\u4e0a\u6d77\u5f20\u6c5f\u91d1\u878d\u4fe1\u606f\u56ed\u66f9\u8def\u5730\u94c1\u7ad9\u5e97)", "order_time": ["2019-01-06 07:25:08"], "total_order": 1, "hotel_value": ["4.6"], "hotel_price": ["149"]}, "2147691": {"hotel_name": "7\u5929\u8fde\u9501\u9152\u5e97(\u4e0a\u6d77\u897f\u85cf\u5357\u8def\u5730\u94c1\u7ad9\u5e97)", "order_time": ["2019-01-06 07:25:08"], "total_order": 1, "hotel_value": ["4.2"], "hotel_price": ["193"]}, "429883": {"hotel_name": "\u5982\u5bb6\u5feb\u6377\u9152\u5e97(\u4e0a\u6d77\u8679\u6865\u673a\u573a\u56fd\u5bb6\u4f1a\u5c55\u4e2d\u5fc3\u4e03\u5b9d\u5e97)", "order_time": ["2019-01-06 07:25:09"], "total_order": 1, "hotel_value": ["3.9"], "hotel_price": ["122"]}, "2304206": {"hotel_name": "\u5982\u5bb6\u6d3e\u67cf\u00b7\u4e91\u9152\u5e97(\u4e0a\u6d77\u5236\u9020\u5c40\u8def\u5e97)", "order_time": ["2019-01-06 07:25:09"], "total_order": 1, "hotel_value": ["4.2"], "hotel_price": ["149"]}, "2096514": {"hotel_name": "\u6613\u4f70\u826f\u54c1\u9152\u5e97(\u4e0a\u6d77\u95f5\u884c\u534e\u5e08\u5927\u5e97)", "order_time": ["2019-01-06 07:25:09"], "total_order": 1, "hotel_value": ["4.3"], "hotel_price": ["122"]}, "1195257": {"hotel_name": "\u5e03\u4e01\u9152\u5e97(\u4e0a\u6d77\u534e\u5e08\u5927\u91d1\u6c99\u6c5f\u5730\u94c1\u7ad9\u5e97)", "order_time": ["2019-01-06 07:25:09"], "total_order": 1, "hotel_value": ["3.6"], "hotel_price": ["93"]}, "13422996": {"hotel_name": "\u5c1a\u5ba2\u4f18\u7cbe\u9009\u9152\u5e97(\u4e0a\u6d77\u8679\u6865\u56fd\u5c55\u4e2d\u5fc3\u5f90\u6cfe\u5317\u57ce\u5e97)", "order_time": ["2019-01-06 07:25:10"], "total_order": 1, "hotel_value": ["4.6"], "hotel_price": ["111"]}, "3265185": {"hotel_name": "\u5982\u5bb6\u9152\u5e97(\u4e0a\u6d77\u6caa\u592a\u8def\u884c\u77e5\u8def\u5730\u94c1\u7ad9\u5e97)", "order_time": ["2019-01-06 07:25:11"], "total_order": 1, "hotel_value": ["4.3"], "hotel_price": ["143"]}, "1311714": {"hotel_name": "\u5e03\u4e01\u9152\u5e97(\u4e0a\u6d77\u9646\u5bb6\u5634\u84dd\u6751\u8def\u5730\u94c1\u7ad9\u5e97)", "order_time": ["2019-01-06 07:27:04"], "total_order": 1, "hotel_value": ["4.1"], "hotel_price": ["109"]}, "643446": {"hotel_name": "\u9526\u6c5f\u4e4b\u661f(\u4e0a\u6d77\u4e2d\u5c71\u516c\u56ed\u5e97)", "order_time": ["2019-01-06 07:27:04"], "total_order": 1, "hotel_value": ["4.5"], "hotel_price": ["249"]}, "427787": {"hotel_name": "\u83ab\u6cf0168(\u4e0a\u6d77\u8679\u53e3\u8db3\u7403\u573a\u8d64\u5cf0\u8def\u5730\u94c1\u7ad9\u5e97)", "order_time": ["2019-01-06 07:27:04"], "total_order": 1, "hotel_value": ["4.3"], "hotel_price": ["171"]}, "468800": {"hotel_name": "\u4e0a\u6d77\u96c5\u820d\u5bbe\u9986", "order_time": ["2019-01-06 07:27:04"], "total_order": 1, "hotel_value": ["4.1"], "hotel_price": ["241"]}, "919928": {"hotel_name": "\u5168\u5b63\u9152\u5e97(\u4e0a\u6d77\u5ef6\u5b89\u8def\u5e97)", "order_time": ["2019-01-06 07:27:05"], "total_order": 1, "hotel_value": ["4.7"], "hotel_price": ["327"]}, "924917": {"hotel_name": "\u9526\u6c5f\u4e4b\u661f(\u4e0a\u6d77\u4eba\u6c11\u5e7f\u573a\u6dee\u6d77\u4e1c\u8def\u5e97)", "order_time": ["2019-01-06 07:27:05"], "total_order": 1, "hotel_value": ["4.6"], "hotel_price": ["279"]}, "3087600": {"hotel_name": "\u5168\u5b63\u9152\u5e97(\u4e0a\u6d77\u8679\u6865\u67a2\u7ebd\u4e34\u7a7a\u56ed\u533a\u5e97)", "order_time": ["2019-01-06 07:27:05"], "total_order": 1, "hotel_value": ["4.8"], "hotel_price": ["313"]}, "768097": {"hotel_name": "\u4e0a\u6d77\u4e9a\u90fd\u57ce\u5e02\u4e4b\u5bb6\u65c5\u5e97", "order_time": ["2019-01-06 07:27:05"], "total_order": 1, "hotel_value": ["4.3"], "hotel_price": ["226"]}, "1166920": {"hotel_name": "\u5982\u5bb6\u5feb\u6377\u9152\u5e97(\u4e0a\u6d77\u957f\u5b81\u8def\u6c5f\u82cf\u8def\u5730\u94c1\u7ad9\u5e97)(\u539f\u4e2d\u5c71\u516c\u56ed\u6c5f\u82cf\u8def\u5730\u94c1\u7ad9\u5e97)", "order_time": ["2019-01-06 07:27:06"], "total_order": 1, "hotel_value": ["4.3"], "hotel_price": ["165"]}, "1564946": {"hotel_name": "\u7ef4\u4e5f\u7eb3\u56fd\u9645\u9152\u5e97(\u4e0a\u6d77\u8679\u6865\u56fd\u5c55\u4e2d\u5fc3\u5929\u5c71\u897f\u8def\u5e97)", "order_time": ["2019-01-06 07:27:06"], "total_order": 1, "hotel_value": ["4.7"], "hotel_price": ["256"]}, "1639078": {"hotel_name": "\u683c\u6797\u8c6a\u6cf0(\u4e0a\u6d77\u8679\u6865\u8def\u5730\u94c1\u7ad9\u5e97)", "order_time": ["2019-01-06 07:27:08"], "total_order": 1, "hotel_value": ["4.2"], "hotel_price": ["162"]}, "5573738": {"hotel_name": "\u4e0a\u6d77\u4e00\u5885\u516c\u5bd3", "order_time": ["2019-01-06 07:27:11"], "total_order": 1, "hotel_value": ["4.7"], "hotel_price": ["170"]}, "7248211": {"hotel_name": "\u5e0c\u5cb8\u9152\u5e97(\u4e0a\u6d77\u8679\u6865\u673a\u573a\u56fd\u5c55\u4e2d\u5fc3\u5e97)", "order_time": ["2019-01-06 07:37:08", "2019-01-06 07:29:04"], "total_order": 2, "hotel_value": ["4.7", "4.7"], "hotel_price": ["222", "222"]}, "703527": {"hotel_name": "\u4e0a\u6d77\u8054\u50a8\u5e78\u798f\u9152\u5e97", "order_time": ["2019-01-06 07:29:05"], "total_order": 1, "hotel_value": ["4.2"], "hotel_price": ["256"]}, "19677165": {"hotel_name": "\u4e0a\u6d77\u6797\u9690\u5047\u65e5\u9152\u5e97", "order_time": ["2019-01-06 07:29:05"], "total_order": 1, "hotel_value": ["4.5"], "hotel_price": ["239"]}, "766058": {"hotel_name": "\u5e03\u4e01\u9152\u5e97(\u4e0a\u6d77\u590d\u65e6\u513f\u79d1\u533b\u9662\u5e97)", "order_time": ["2019-01-06 07:29:06"], "total_order": 1, "hotel_value": ["4.1"], "hotel_price": ["181"]}, "1284376": {"hotel_name": "\u7ef4\u4e5f\u7eb3\u9152\u5e97(\u4e0a\u6d77\u6d66\u4e1c\u65b0\u56fd\u9645\u535a\u89c8\u91d1\u6865\u5e97)", "order_time": ["2019-01-06 07:43:05", "2019-01-06 07:29:06"], "total_order": 2, "hotel_value": ["4.5", "4.5"], "hotel_price": ["298", "298"]}, "6299653": {"hotel_name": "\u4e91\u548c\u56db\u5b63\u516c\u5bd3(\u4e0a\u6d77\u9ec4\u6d66\u5e97)", "order_time": ["2019-01-06 07:29:09"], "total_order": 1, "hotel_value": ["4.6"], "hotel_price": ["236"]}, "7656994": {"hotel_name": "\u6c49\u5ead\u9152\u5e97(\u4e0a\u6d77\u66f9\u8def\u5730\u94c1\u7ad9\u5e97)(\u539f\u66f9\u8def\u9f9a\u8def\u5e97)", "order_time": ["2019-01-06 07:29:09"], "total_order": 1, "hotel_value": ["4.6"], "hotel_price": ["147"]}, "911928": {"hotel_name": "\u4e0a\u6d77\u8d62\u4f73\u5546\u52a1\u5bbe\u9986", "order_time": ["2019-01-06 07:29:11"], "total_order": 1, "hotel_value": [0], "hotel_price": ["58"]}, "8052290": {"hotel_name": "\u5168\u5b63\u9152\u5e97(\u4e0a\u6d77\u5916\u6ee9\u4e5d\u6c5f\u8def\u5e97)", "order_time": ["2019-01-06 07:31:12"], "total_order": 1, "hotel_value": ["4.5"], "hotel_price": ["322"]}, "427042": {"hotel_name": "\u4e0a\u6d77\u660e\u6377\u4e07\u4e3d\u9152\u5e97", "order_time": ["2019-01-06 07:31:12"], "total_order": 1, "hotel_value": ["4.7"], "hotel_price": ["742"]}, "479816": {"hotel_name": "\u5168\u5b63\u9152\u5e97(\u4e0a\u6d77\u5c40\u95e8\u8def\u5e97)", "order_time": ["2019-01-06 07:31:14"], "total_order": 1, "hotel_value": ["4.6"], "hotel_price": ["389"]}, "2506034": {"hotel_name": "\u4e0a\u6d77\u827e\u5c1a\u4e3b\u9898\u9152\u5e97", "order_time": ["2019-01-06 07:31:15"], "total_order": 1, "hotel_value": ["4.0"], "hotel_price": ["131"]}, "991590": {"hotel_name": "\u6d77\u53cb\u9152\u5e97(\u4e0a\u6d77\u65b0\u8679\u6865\u5e97)", "order_time": ["2019-01-06 07:31:15"], "total_order": 1, "hotel_value": ["4.2"], "hotel_price": ["126"]}, "1184261": {"hotel_name": "\u5e03\u4e01\u9152\u5e97(\u4e0a\u6d77\u9f99\u9633\u8def\u5730\u94c1\u7ad9\u65b0\u56fd\u9645\u535a\u89c8\u4e2d\u5fc3\u5e97)", "order_time": ["2019-01-06 07:31:15"], "total_order": 1, "hotel_value": ["3.9"], "hotel_price": ["128"]}, "25826725": {"hotel_name": "\u57ce\u5bb6\u516c\u5bd3\u5f0f\u9152\u5e97(\u4e0a\u6d77\u9646\u5bb6\u5634\u6c11\u751f\u8def\u5730\u94c1\u7ad9\u5e97)", "order_time": ["2019-01-06 07:35:06", "2019-01-06 07:33:07"], "total_order": 2, "hotel_value": ["4.7", "4.7"], "hotel_price": ["246", "246"]}, "427795": {"hotel_name": "\u83ab\u6cf0168(\u4e0a\u6d77\u5357\u4eac\u8def\u4eba\u6c11\u5e7f\u573a\u5e97)", "order_time": ["2019-01-06 07:33:07"], "total_order": 1, "hotel_value": ["4.3"], "hotel_price": ["126"]}, "966955": {"hotel_name": "\u83ab\u6cf0168(\u4e0a\u6d77\u706b\u8f66\u7ad9\u5317\u5e7f\u573a\u5ba2\u8fd0\u603b\u7ad9\u5e97)", "order_time": ["2019-01-06 07:33:08"], "total_order": 1, "hotel_value": ["4.5"], "hotel_price": ["122"]}, "369834": {"hotel_name": "\u4e0a\u6d77\u5df4\u9ece\u6625\u5929\u65b0\u4e16\u754c\u9152\u5e97", "order_time": ["2019-01-06 07:33:08"], "total_order": 1, "hotel_value": ["4.6"], "hotel_price": ["666"]}, "1994123": {"hotel_name": "\u6d66\u6c5f\u7cbe\u9009\u9152\u5e97(\u4e0a\u6d77\u8679\u6865\u67a2\u7ebd\u4f1a\u5c55\u4e2d\u5fc3\u5e97)", "order_time": ["2019-01-06 07:33:08"], "total_order": 1, "hotel_value": ["4.6"], "hotel_price": ["106"]}, "10897061": {"hotel_name": "\u6d77\u53cb\u9152\u5e97(\u4e0a\u6d77\u5357\u4eac\u4e1c\u8def\u5730\u94c1\u7ad9\u5e97)", "order_time": ["2019-01-06 07:33:09"], "total_order": 1, "hotel_value": ["4.3"], "hotel_price": ["133"]}, "8426350": {"hotel_name": "\u6613\u4f70\u826f\u54c1\u9152\u5e97(\u4e0a\u6d77\u677e\u6c5f\u8398\u677e\u8def\u5e97)", "order_time": ["2019-01-06 07:33:10"], "total_order": 1, "hotel_value": ["3.9"], "hotel_price": ["117"]}, "1303962": {"hotel_name": "\u683c\u6797\u8c6a\u6cf0(\u4e0a\u6d77\u677e\u6c5f\u65b0\u6865\u4e5d\u65b0\u8def\u5e97)", "order_time": ["2019-01-06 07:33:11"], "total_order": 1, "hotel_value": ["4.4"], "hotel_price": ["132"]}, "1183775": {"hotel_name": "\u4e92\u6b23\u7cbe\u54c1\u9152\u5e97(\u4e0a\u6d77\u65b0\u56fd\u9645\u535a\u89c8\u4e2d\u5fc3\u5e97)", "order_time": ["2019-01-06 07:35:05"], "total_order": 1, "hotel_value": ["4.2"], "hotel_price": ["98"]}, "7344835": {"hotel_name": "\u4e0a\u6d77\u8679\u6865\u5eb7\u5f97\u601d\u9152\u5e97", "order_time": ["2019-01-06 07:35:06"], "total_order": 1, "hotel_value": ["4.8"], "hotel_price": ["822"]}, "1702851": {"hotel_name": "\u548c\u9890\u81f3\u5c1a\u9152\u5e97(\u4e0a\u6d77\u84dd\u6751\u8def\u5730\u94c1\u7ad9\u5e97)", "order_time": ["2019-01-06 07:35:06"], "total_order": 1, "hotel_value": ["4.7"], "hotel_price": ["230"]}, "1249502": {"hotel_name": "\u4e0a\u6d77\u54c8\u8003\u7279\u5f00\u4f26\u9152\u5e97", "order_time": ["2019-01-06 07:35:06"], "total_order": 1, "hotel_value": ["4.2"], "hotel_price": ["146"]}, "767954": {"hotel_name": "99\u65c5\u9986\u8fde\u9501\u4e0a\u6d77\u5317\u5916\u6ee9\u5e97", "order_time": ["2019-01-06 07:35:07"], "total_order": 1, "hotel_value": ["4.1"], "hotel_price": ["103"]}, "4536686": {"hotel_name": "\u4e0a\u6d77\u4e54\u83ab\u7cbe\u54c1\u9152\u5e97", "order_time": ["2019-01-06 07:35:08"], "total_order": 1, "hotel_value": ["4.6"], "hotel_price": ["160"]}, "4312503": {"hotel_name": "\u9e97\u67ab\u9152\u5e97(\u4e0a\u6d77\u8679\u6865\u56fd\u5c55\u4e2d\u5fc3\u65b0\u6865\u5e97)", "order_time": ["2019-01-06 07:35:10"], "total_order": 1, "hotel_value": ["4.6"], "hotel_price": ["234"]}, "385105": {"hotel_name": "\u4e0a\u6d77\u88d5\u666f\u5927\u996d\u5e97", "order_time": ["2019-01-06 07:37:06"], "total_order": 1, "hotel_value": ["4.5"], "hotel_price": ["538"]}, "1480650": {"hotel_name": "\u6c49\u5ead\u9152\u5e97(\u4e0a\u6d77\u9646\u5bb6\u5634\u4e1c\u65b9\u660e\u73e0\u5e97)", "order_time": ["2019-01-06 07:37:06"], "total_order": 1, "hotel_value": ["4.4"], "hotel_price": ["224"]}, "19451924": {"hotel_name": "\u4e0a\u6d77\u6b22\u4e50\u8c37\u5609\u9014\u9152\u5e97", "order_time": ["2019-01-06 07:37:06"], "total_order": 1, "hotel_value": ["4.6"], "hotel_price": ["350"]}, "1434742": {"hotel_name": "\u5982\u5bb6\u5feb\u6377\u9152\u5e97(\u4e0a\u6d77\u9752\u6d66\u65b0\u57ce\u5730\u94c1\u7ad9\u9752\u5b89\u8def\u5e97)", "order_time": ["2019-01-06 07:37:08"], "total_order": 1, "hotel_value": ["4.5"], "hotel_price": ["153"]}, "11263345": {"hotel_name": "\u9a90\u5bd3\u6c11\u5bbf(\u4e0a\u6d77\u8302\u540d\u5317\u8def\u5e97)", "order_time": ["2019-01-06 07:37:08"], "total_order": 1, "hotel_value": ["4.6"], "hotel_price": ["189"]}, "2219772": {"hotel_name": "\u5e03\u4e01\u9152\u5e97(\u4e0a\u6d77\u706b\u8f66\u7ad9\u5317\u5e7f\u573a\u5ba2\u8fd0\u603b\u7ad9\u5e97)", "order_time": ["2019-01-06 07:37:09"], "total_order": 1, "hotel_value": ["3.8"], "hotel_price": ["99"]}, "8914152": {"hotel_name": "\u4e0a\u6d77\u82b1\u94bf\u00b7\u6c34\u5cb8\u7cbe\u54c1\u6c11\u5bbf", "order_time": ["2019-01-06 07:37:09"], "total_order": 1, "hotel_value": ["4.8"], "hotel_price": ["342"]}, "6030810": {"hotel_name": "7\u5929\u4f18\u54c1\u9152\u5e97(\u4e0a\u6d77\u6d66\u4e1c\u65b0\u533a\u822a\u5934\u5e97)(\u539f\u822a\u5934\u4e1c\u5730\u94c1\u7ad9\u5e97)", "order_time": ["2019-01-06 07:37:09"], "total_order": 1, "hotel_value": ["4.6"], "hotel_price": ["129"]}, "6410923": {"hotel_name": "\u4e0a\u6d77\u7fe0\u5ef7\u9152\u5e97", "order_time": ["2019-01-06 07:37:10"], "total_order": 1, "hotel_value": ["4.3"], "hotel_price": ["150"]}, "1586431": {"hotel_name": "\u4e0a\u6d77\u4e3d\u6069\u65f6\u5c1a\u4e3b\u9898\u5bbe\u9986", "order_time": ["2019-01-06 07:37:11"], "total_order": 1, "hotel_value": ["4.1"], "hotel_price": ["141"]}, "1094275": {"hotel_name": "\u4e0a\u6d77\u5c1a\u5cf096\u5bbe\u9986", "order_time": ["2019-01-06 07:37:12"], "total_order": 1, "hotel_value": ["3.4"], "hotel_price": ["81"]}, "662505": {"hotel_name": "\u4e0a\u6d77\u5929\u8679\u56fd\u9645\u5927\u9152\u5e97", "order_time": ["2019-01-06 07:39:05"], "total_order": 1, "hotel_value": ["4.1"], "hotel_price": ["246"]}, "1601276": {"hotel_name": "\u5982\u5bb6\u5feb\u6377\u9152\u5e97(\u4e0a\u6d77\u5357\u4eac\u8def\u4eba\u6c11\u5e7f\u573a\u5e97)", "order_time": ["2019-01-06 07:39:05"], "total_order": 1, "hotel_value": ["4.3"], "hotel_price": ["172"]}, "19613794": {"hotel_name": "\u4e0a\u6d77\u8679\u6865\u56fd\u5bb6\u4f1a\u5c55\u4e2d\u5fc3\u5e0c\u5c14\u987f\u6b22\u670b\u9152\u5e97", "order_time": ["2019-01-06 07:39:05"], "total_order": 1, "hotel_value": ["4.7"], "hotel_price": ["396"]}, "3067376": {"hotel_name": "\u4e0a\u6d77\u4e1c\u65b9\u9152\u697c", "order_time": ["2019-01-06 07:39:06", "2019-01-06 07:41:11"], "total_order": 2, "hotel_value": ["4.5", "4.5"], "hotel_price": ["199", "199"]}, "11159477": {"hotel_name": "\u4e0a\u6d77\u5de6\u5cb8\u7cbe\u54c1\u9752\u5e74\u65c5\u820d", "order_time": ["2019-01-06 07:39:08"], "total_order": 1, "hotel_value": ["4.6"], "hotel_price": ["27"]}, "5297211": {"hotel_name": "\u5e03\u4e01\u9152\u5e97(\u5609\u5b9a\u4e0a\u6d77\u5927\u5b66\u57ce\u4e2d\u8def\u5e97)", "order_time": ["2019-01-06 07:39:10"], "total_order": 1, "hotel_value": ["4.2"], "hotel_price": ["103"]}, "13694581": {"hotel_name": "\u4e0a\u6d77nice\u597d\u5bb6\u9752\u5e74\u65c5\u793e", "order_time": ["2019-01-06 07:39:12"], "total_order": 1, "hotel_value": ["4.3"], "hotel_price": ["16"]}, "980566": {"hotel_name": "\u6c49\u5ead\u9152\u5e97(\u4e0a\u6d77\u5f90\u5bb6\u6c47\u4e2d\u5fc3\u5e97)(\u539f\u5357\u4e39\u4e1c\u8def\u5e97)", "order_time": ["2019-01-06 07:41:10"], "total_order": 1, "hotel_value": ["4.5"], "hotel_price": ["241"]}, "7359951": {"hotel_name": "\u4e0a\u6d77\u99a8\u5e90\u82b1\u56ed\u9152\u5e97", "order_time": ["2019-01-06 07:41:10"], "total_order": 1, "hotel_value": ["4.9"], "hotel_price": ["345"]}, "5207638": {"hotel_name": "\u4e0a\u6d77\u67cf\u601d\u7279\u9152\u5e97", "order_time": ["2019-01-06 07:41:10"], "total_order": 1, "hotel_value": ["4.6"], "hotel_price": ["321"]}, "396490": {"hotel_name": "\u4e0a\u6d77\u5b8f\u6cc9\u4e3d\u7b19\u9152\u5e97", "order_time": ["2019-01-06 07:41:11"], "total_order": 1, "hotel_value": ["4.4"], "hotel_price": ["449"]}, "378777": {"hotel_name": "\u4e0a\u6d77\u822a\u7a7a\u9152\u5e97", "order_time": ["2019-01-06 07:41:11"], "total_order": 1, "hotel_value": ["4.2"], "hotel_price": ["292"]}, "16975877": {"hotel_name": "\u9526\u6c5f\u4e4b\u661f\u54c1\u5c1a(\u4e0a\u6d77\u706b\u8f66\u7ad9\u5357\u5e7f\u573a\u5e97)", "order_time": ["2019-01-06 07:41:11"], "total_order": 1, "hotel_value": ["4.5"], "hotel_price": ["246"]}, "5310859": {"hotel_name": "\u56fd\u5bb6\u4f1a\u5c55\u4e2d\u5fc3\u4e0a\u6d77\u6d32\u9645\u9152\u5e97", "order_time": ["2019-01-06 07:41:11"], "total_order": 1, "hotel_value": ["4.7"], "hotel_price": ["667"]}, "1441170": {"hotel_name": "\u5982\u5bb6\u5feb\u6377\u9152\u5e97(\u4e0a\u6d77\u5357\u4eac\u4e1c\u8def\u5916\u6ee9\u4e2d\u5fc3\u5e97)", "order_time": ["2019-01-06 07:41:11"], "total_order": 1, "hotel_value": ["4.1"], "hotel_price": ["155"]}, "2271532": {"hotel_name": "\u552f\u5ead\u5f3a\u751f\u9152\u5e97(\u4e0a\u6d77\u5357\u4eac\u8def\u6b65\u884c\u8857\u5e97)", "order_time": ["2019-01-06 07:41:11"], "total_order": 1, "hotel_value": ["4.7"], "hotel_price": ["302"]}, "5982152": {"hotel_name": "7\u5929\u4f18\u54c1\u00b7\u4e0a\u6d77\u56fd\u9645\u6c7d\u8f66\u57ce\u540c\u6d4e\u5927\u5b66\u5e97", "order_time": ["2019-01-06 07:41:12"], "total_order": 1, "hotel_value": ["4.5"], "hotel_price": ["190"]}, "6435857": {"hotel_name": "\u4e0a\u6d77\u827e\u5c1a\u7cbe\u9009\u9152\u5e97", "order_time": ["2019-01-06 07:41:12"], "total_order": 1, "hotel_value": ["4.4"], "hotel_price": ["150"]}, "2329481": {"hotel_name": "\u65b0\u7235\u7687\u5bb6\u9152\u5e97(\u4e0a\u6d77\u56fd\u5c55\u4e2d\u5fc3\u5e97)", "order_time": ["2019-01-06 07:41:13"], "total_order": 1, "hotel_value": ["4.6"], "hotel_price": ["280"]}, "6660441": {"hotel_name": "\u4e0a\u6d77\u9a8f\u9e23\u8fde\u9501\u9152\u5e97", "order_time": ["2019-01-06 07:41:13"], "total_order": 1, "hotel_value": ["4.3"], "hotel_price": ["124"]}, "2584623": {"hotel_name": "\u4e0a\u6d77\u5c1a\u5ba2\u7cbe\u54c1\u9152\u5e97", "order_time": ["2019-01-06 07:41:13"], "total_order": 1, "hotel_value": ["4.3"], "hotel_price": ["136"]}, "2110067": {"hotel_name": "\u5982\u5bb6\u7cbe\u9009\u9152\u5e97(\u4e0a\u6d77\u6b66\u5b81\u8def\u5730\u94c1\u7ad9\u5b89\u8fdc\u8def\u5e97)", "order_time": ["2019-01-06 07:43:03"], "total_order": 1, "hotel_value": ["4.6"], "hotel_price": ["274"]}, "5981447": {"hotel_name": "\u767b\u5df4\u5ba2\u6808(\u4e0a\u6d77\u65d7\u8230\u5e97)", "order_time": ["2019-01-06 07:43:04"], "total_order": 1, "hotel_value": ["4.5"], "hotel_price": ["74"]}, "1525186": {"hotel_name": "\u4e0a\u6d77\u5f90\u5bb6\u6c47\u4e9a\u6735\u77e5\u4e4e\u9152\u5e97", "order_time": ["2019-01-06 07:43:04"], "total_order": 1, "hotel_value": ["4.8"], "hotel_price": ["514"]}, "1624379": {"hotel_name": "\u5b9d\u9686\u5c45\u5bb6\u9152\u5e97(\u4e0a\u6d77\u5f90\u6c47\u5e97)", "order_time": ["2019-01-06 07:43:05"], "total_order": 1, "hotel_value": ["4.1"], "hotel_price": ["276"]}, "11406393": {"hotel_name": "\u4e0a\u6d77\u9e70\u90fd\u9152\u5e97", "order_time": ["2019-01-06 07:43:05"], "total_order": 1, "hotel_value": ["4.6"], "hotel_price": ["163"]}, "662839": {"hotel_name": "\u548c\u9890\u9152\u5e97(\u4e0a\u6d77\u91d1\u6865\u5e97)", "order_time": ["2019-01-06 07:43:05"], "total_order": 1, "hotel_value": ["4.7"], "hotel_price": ["242"]}, "5015896": {"hotel_name": "\u6c49\u5ead\u9152\u5e97(\u4e0a\u6d77\u4eba\u6c11\u5e7f\u573a\u798f\u5dde\u8def\u5e97)(\u539f\u5357\u4eac\u4e1c\u8def\u4e66\u57ce\u5e97)", "order_time": ["2019-01-06 07:43:05"], "total_order": 1, "hotel_value": ["4.5"], "hotel_price": ["183"]}, "419543": {"hotel_name": "\u4e0a\u6d77\u60a6\u9686\u9152\u5e97", "order_time": ["2019-01-06 07:43:05"], "total_order": 1, "hotel_value": ["4.3"], "hotel_price": ["406"]}, "896852": {"hotel_name": "\u6c49\u5ead\u9152\u5e97(\u4e0a\u6d77\u6f15\u5b9d\u8def\u5730\u94c1\u7ad9\u5e97)(\u539f\u5149\u5927\u5e97)", "order_time": ["2019-01-06 07:43:05"], "total_order": 1, "hotel_value": ["4.3"], "hotel_price": ["212"]}, "2023487": {"hotel_name": "\u57ce\u5e02\u4fbf\u6377\u9152\u5e97(\u4e0a\u6d77\u5b9d\u5c71\u534e\u548c\u8def\u5e97)", "order_time": ["2019-01-06 07:43:06"], "total_order": 1, "hotel_value": ["4.6"], "hotel_price": ["128"]}, "435793": {"hotel_name": "\u4e0a\u6d77\u957f\u822a\u5bbe\u9986", "order_time": ["2019-01-06 07:43:06"], "total_order": 1, "hotel_value": ["3.7"], "hotel_price": ["276"]}, "6657729": {"hotel_name": "\u6d77\u53cb\u9152\u5e97(\u4e0a\u6d77\u6d66\u4e1c\u673a\u573a\u6668\u9633\u8def\u5e97)", "order_time": ["2019-01-06 07:43:06"], "total_order": 1, "hotel_value": ["4.4"], "hotel_price": ["115"]}, "1226330": {"hotel_name": "\u4e0a\u6d77\u4e5d\u5b87\u65c5\u9986", "order_time": ["2019-01-06 07:43:07"], "total_order": 1, "hotel_value": ["4.0"], "hotel_price": ["99"]}, "1569736": {"hotel_name": "\u5982\u5bb6\u5feb\u6377\u9152\u5e97(\u4e0a\u6d77\u9752\u6d66\u6f15\u76c8\u8def\u5730\u94c1\u7ad9\u57ce\u4e2d\u5317\u8def\u5e97)", "order_time": ["2019-01-06 07:45:06"], "total_order": 1, "hotel_value": ["4.5"], "hotel_price": ["137"]}, "6044794": {"hotel_name": "\u7ef4\u4e5f\u7eb3\u9152\u5e97(\u5c0f\u4e0a\u6d77\u6b65\u884c\u8857\u5e97)", "order_time": ["2019-01-06 07:45:06"], "total_order": 1, "hotel_value": ["4.9"], "hotel_price": ["243"]}, "454251": {"hotel_name": "\u4e0a\u6d77\u91d1\u71d5\u5927\u53a6", "order_time": ["2019-01-06 07:45:07"], "total_order": 1, "hotel_value": ["4.4"], "hotel_price": ["446"]}, "1487307": {"hotel_name": "\u6c49\u5ead\u9152\u5e97(\u4e0a\u6d77\u65b0\u91d1\u6865\u5e97)", "order_time": ["2019-01-06 07:45:07"], "total_order": 1, "hotel_value": ["4.5"], "hotel_price": ["171"]}, "2043171": {"hotel_name": "7\u5929\u8fde\u9501\u9152\u5e97(\u4e0a\u6d77\u5b9c\u5ddd\u8def\u5e97)", "order_time": ["2019-01-06 07:45:07"], "total_order": 1, "hotel_value": ["4.5"], "hotel_price": ["116"]}, "4723835": {"hotel_name": "\u5409\u6cf0\u8fde\u9501\u9152\u5e97(\u4e0a\u6d77\u745e\u91d1\u5357\u8def\u5e97)", "order_time": ["2019-01-06 07:45:09"], "total_order": 1, "hotel_value": ["3.9"], "hotel_price": ["177"]}, "963129": {"hotel_name": "\u6d77\u53cb\u9152\u5e97(\u4e0a\u6d77\u5357\u4eac\u8def\u6b65\u884c\u8857\u5e97)", "order_time": ["2019-01-06 07:45:09"], "total_order": 1, "hotel_value": ["3.8"], "hotel_price": ["118"]}, "480141": {"hotel_name": "\u4e0a\u6d77\u96c5\u5ba2\u6ee8\u6c5f\u9152\u5e97\u5f0f\u670d\u52a1\u516c\u5bd3", "order_time": ["2019-01-06 07:47:06"], "total_order": 1, "hotel_value": ["4.5"], "hotel_price": ["298"]}, "375470": {"hotel_name": "\u4e0a\u6d77\u5927\u53a6", "order_time": ["2019-01-06 07:47:06"], "total_order": 1, "hotel_value": ["4.5"], "hotel_price": ["588"]}, "387238": {"hotel_name": "\u4e0a\u6d77\u5927\u9152\u5e97", "order_time": ["2019-01-06 07:49:08", "2019-01-06 07:47:06"], "total_order": 2, "hotel_value": ["4.7", "4.7"], "hotel_price": ["859", "859"]}, "1708132": {"hotel_name": "\u4e0a\u6d77\u597d\u671b\u89d2\u5927\u996d\u5e97", "order_time": ["2019-01-06 07:47:06"], "total_order": 1, "hotel_value": ["4.5"], "hotel_price": ["370"]}, "6306156": {"hotel_name": "\u5168\u5b63\u9152\u5e97(\u4e0a\u6d77\u957f\u5bff\u8def\u5e97)", "order_time": ["2019-01-06 07:47:07"], "total_order": 1, "hotel_value": ["4.8"], "hotel_price": ["290"]}, "5265676": {"hotel_name": "\u5bbf\u9002\u65f6\u5c1a\u9152\u5e97(\u4e0a\u6d77\u5357\u4eac\u4e1c\u8def\u5916\u6ee9\u5e97)", "order_time": ["2019-01-06 07:47:07"], "total_order": 1, "hotel_value": ["4.5"], "hotel_price": ["111"]}, "454259": {"hotel_name": "\u4e0a\u6d77\u51ef\u4ed5\u6469\u4e16\u7eaa\u65f6\u7a7a\u9152\u5e97\u5f0f\u670d\u52a1\u516c\u5bd3", "order_time": ["2019-01-06 07:47:07"], "total_order": 1, "hotel_value": ["4.5"], "hotel_price": ["336"]}, "643492": {"hotel_name": "\u9526\u6c5f\u4e4b\u661f(\u4e0a\u6d77\u56db\u5ddd\u5317\u8def\u5e97)", "order_time": ["2019-01-06 07:47:07"], "total_order": 1, "hotel_value": ["4.5"], "hotel_price": ["149"]}, "5903313": {"hotel_name": "\u5168\u5b63\u9152\u5e97(\u4e0a\u6d77\u8679\u6865\u5ef6\u5b89\u897f\u8def\u5e97)", "order_time": ["2019-01-06 07:47:07"], "total_order": 1, "hotel_value": ["4.8"], "hotel_price": ["297"]}, "1007648": {"hotel_name": "\u4e0a\u6d77\u6676\u67ab\u5927\u9152\u5e97", "order_time": ["2019-01-06 07:47:08"], "total_order": 1, "hotel_value": ["4.0"], "hotel_price": ["198"]}, "640504": {"hotel_name": "\u9526\u6c5f\u4e4b\u661f(\u4e0a\u6d77\u677e\u6c5f\u9189\u767d\u6c60\u5730\u94c1\u7ad9\u5e97)", "order_time": ["2019-01-06 07:47:08"], "total_order": 1, "hotel_value": ["4.5"], "hotel_price": ["182"]}, "1117141": {"hotel_name": "\u4e0a\u6d77\u84dd\u6e2f\u4e4b\u661f\u5bbe\u9986", "order_time": ["2019-01-06 07:47:08"], "total_order": 1, "hotel_value": ["4.4"], "hotel_price": ["118"]}, "2078923": {"hotel_name": "\u5982\u5bb6\u5feb\u6377\u9152\u5e97(\u4e0a\u6d77\u66f9\u8def\u9547\u4e0a\u5ddd\u8def\u91d1\u878d\u5b66\u9662\u5e97)", "order_time": ["2019-01-06 07:47:08"], "total_order": 1, "hotel_value": ["4.5"], "hotel_price": ["114"]}, "1809014": {"hotel_name": "\u5982\u5bb6\u5feb\u6377\u9152\u5e97(\u4e0a\u6d77\u8679\u6865\u67a2\u7ebd\u56fd\u5bb6\u4f1a\u5c55\u4e2d\u5fc3\u7eaa\u7fdf\u8def\u5e97)", "order_time": ["2019-01-06 07:47:08"], "total_order": 1, "hotel_value": ["4.3"], "hotel_price": ["87"]}, "5176488": {"hotel_name": "\u4e0a\u6d77\u8fea\u58f0\u65f6\u5c1a\u5bbe\u9986", "order_time": ["2019-01-06 07:47:10"], "total_order": 1, "hotel_value": ["4.4"], "hotel_price": ["112"]}, "17539463": {"hotel_name": "\u9047\u89c11920\u00b7\u8001\u6d0b\u623f\u827a\u672f\u6c11\u5bbf(\u4e0a\u6d77\u7530\u5b50\u574a\u6253\u6d66\u6865\u5e97)", "order_time": ["2019-01-06 07:47:11"], "total_order": 1, "hotel_value": ["4.6"], "hotel_price": ["217"]}, "900419": {"hotel_name": "\u4e0a\u6d77\u534e\u53cb\u65f6\u5c1a\u5bbe\u9986", "order_time": ["2019-01-06 07:47:13"], "total_order": 1, "hotel_value": ["4.6"], "hotel_price": ["90"]}, "3679919": {"hotel_name": "\u4e0a\u6d77\u9547\u576a\u667a\u9009\u5047\u65e5\u9152\u5e97", "order_time": ["2019-01-06 07:49:09"], "total_order": 1, "hotel_value": ["4.5"], "hotel_price": ["399"]}, "1412574": {"hotel_name": "\u5982\u5bb6\u5feb\u6377\u9152\u5e97(\u4e0a\u6d77\u65b0\u56fd\u9645\u535a\u89c8\u4e2d\u5fc3\u5f20\u6c5f\u9ad8\u79d1\u5730\u94c1\u7ad9\u5e97)", "order_time": ["2019-01-06 07:49:09"], "total_order": 1, "hotel_value": ["4.7"], "hotel_price": ["153"]}, "486048": {"hotel_name": "\u9526\u6c5f\u4e4b\u661f(\u4e0a\u6d77\u4e16\u535a\u5e97)", "order_time": ["2019-01-06 07:49:10"], "total_order": 1, "hotel_value": ["4.4"], "hotel_price": ["195"]}, "21790543": {"hotel_name": "\u81ea\u7531\u884c\u9752\u5e74\u65c5\u820d(\u4e0a\u6d77\u5916\u6ee9\u5e97)", "order_time": ["2019-01-06 07:49:11"], "total_order": 1, "hotel_value": ["4.7"], "hotel_price": ["57"]}, "2149214": {"hotel_name": "\u9526\u8bda\u8fde\u9501\u65c5\u5e97(\u4e0a\u6d77\u5b89\u5b81\u5e97)", "order_time": ["2019-01-06 07:49:14"], "total_order": 1, "hotel_value": ["4.0"], "hotel_price": ["106"]}}}