{"\u5f00\u59cb\u8bb0\u5f55\u65f6\u95f4": "2019-01-12 02:14:29", "\u7ed3\u675f\u8bb0\u5f55\u65f6\u95f4": "2019-01-12 03:52:05", "\u8ba2\u5355\u603b\u589e\u91cf": 426, "item": {"1064521": {"hotel_name": "\u548c\u9890\u9152\u5e97(\u4e0a\u6d77\u9759\u5b89\u5bfa\u5e97)", "order_time": ["2019-01-12 02:17:51"], "total_order": 1, "hotel_value": ["4.6"], "hotel_price": ["302"]}, "387231": {"hotel_name": "\u4e0a\u6d77\u5f90\u6c47\u745e\u5cf0\u9152\u5e97", "order_time": ["2019-01-12 02:47:14", "2019-01-12 02:17:55"], "total_order": 2, "hotel_value": ["4.2", "4.2"], "hotel_price": ["218", "218"]}, "1727111": {"hotel_name": "\u4e0a\u6d77\u6b66\u5b81\u8def\u4e9a\u6735S\u864e\u6251\u7bee\u7403\u9152\u5e97", "order_time": ["2019-01-12 02:17:55"], "total_order": 1, "hotel_value": ["4.7"], "hotel_price": ["523"]}, "6929152": {"hotel_name": "\u666f\u83b1\u9152\u5e97(\u4e0a\u6d77\u5357\u4eac\u4e1c\u8def\u5916\u6ee9\u5e97)", "order_time": ["2019-01-12 02:17:55"], "total_order": 1, "hotel_value": ["4.6"], "hotel_price": ["312"]}, "345050": {"hotel_name": "\u4e0a\u6d77\u9759\u5b89\u79a7\u777f\u9152\u5e97", "order_time": ["2019-01-12 02:17:55"], "total_order": 1, "hotel_value": ["4.1"], "hotel_price": ["294"]}, "1809220": {"hotel_name": "\u6854\u5b50\u9152\u5e97\u00b7\u7cbe\u9009(\u4e0a\u6d77\u9759\u5b89\u5e97)", "order_time": ["2019-01-12 02:17:56"], "total_order": 1, "hotel_value": ["4.8"], "hotel_price": ["398"]}, "5244159": {"hotel_name": "\u4e0a\u6d77\u5b89\u6b46\u54c1\u5fa1\u9152\u5e97", "order_time": ["2019-01-12 02:17:57"], "total_order": 1, "hotel_value": ["4.6"], "hotel_price": ["198"]}, "12603011": {"hotel_name": "\u4e0a\u6d77Pagoda\u541b\u4ead\u8bbe\u8ba1\u9152\u5e97", "order_time": ["2019-01-12 02:17:59"], "total_order": 1, "hotel_value": ["4.7"], "hotel_price": ["619"]}, "6165462": {"hotel_name": "\u4e0a\u6d77\u6021\u5bb6\u65f6\u5c1a\u9152\u5e97", "order_time": ["2019-01-12 02:17:59"], "total_order": 1, "hotel_value": ["4.2"], "hotel_price": ["99"]}, "435622": {"hotel_name": "\u4e0a\u6d77\u745e\u91d1\u6d32\u9645\u9152\u5e97", "order_time": ["2019-01-12 03:46:17", "2019-01-12 02:18:00"], "total_order": 2, "hotel_value": ["4.7", "4.7"], "hotel_price": ["1198", "1198"]}, "669639": {"hotel_name": "\u4e0a\u670d\u5047\u65e5\u9152\u5e97(\u4e0a\u6d77\u5357\u4eac\u4e1c\u8def\u6b65\u884c\u8857\u5e97)", "order_time": ["2019-01-12 02:18:01"], "total_order": 1, "hotel_value": ["4.2"], "hotel_price": ["218"]}, "5298135": {"hotel_name": "\u4e0a\u6d77\u4e94\u89d2\u573a\u51ef\u60a6\u9152\u5e97", "order_time": ["2019-01-12 02:18:01"], "total_order": 1, "hotel_value": ["4.7"], "hotel_price": ["920"]}, "396490": {"hotel_name": "\u4e0a\u6d77\u5b8f\u6cc9\u4e3d\u7b19\u9152\u5e97", "order_time": ["2019-01-12 02:18:02"], "total_order": 1, "hotel_value": ["4.4"], "hotel_price": ["450"]}, "2299163": {"hotel_name": "\u4e0a\u6d77\u6d77\u5bab\u9152\u5e97(\u539f\u534e\u5bab\u9152\u5e97)", "order_time": ["2019-01-12 02:18:05"], "total_order": 1, "hotel_value": ["4.2"], "hotel_price": ["198"]}, "26620189": {"hotel_name": "\u5b9c\u5c1a\u9152\u5e97(\u4e0a\u6d77\u8679\u6865\u9ad8\u94c1\u7ad9\u5e97)", "order_time": ["2019-01-12 02:18:09"], "total_order": 1, "hotel_value": [0], "hotel_price": ["298"]}, "1708274": {"hotel_name": "\u4e0a\u6d77\u5b63\u4f73\u56fd\u9645\u5546\u52a1\u9152\u5e97", "order_time": ["2019-01-12 02:18:19"], "total_order": 1, "hotel_value": ["4.0"], "hotel_price": ["208"]}, "1690464": {"hotel_name": "\u4e0a\u6d77\u7d2b\u90fd\u5bbe\u9986", "order_time": ["2019-01-12 02:18:33"], "total_order": 1, "hotel_value": ["3.4"], "hotel_price": ["98"]}, "2652073": {"hotel_name": "\u4e0a\u6d77\u7eff\u6c47\u5546\u52a1\u5bbe\u9986", "order_time": ["2019-01-12 02:18:36"], "total_order": 1, "hotel_value": ["4.0"], "hotel_price": ["180"]}, "22755589": {"hotel_name": "\u4e91\u548c\u591c\u6cca\u9152\u5e97(\u4e0a\u6d77\u56fd\u9645\u65c5\u6e38\u5ea6\u5047\u533a\u6d66\u4e1c\u673a\u573a\u5e97)", "order_time": ["2019-01-12 02:20:05"], "total_order": 1, "hotel_value": ["4.9"], "hotel_price": ["527"]}, "6082325": {"hotel_name": "\u5bbf\u9002\u8f7b\u5962\u9152\u5e97(\u4e0a\u6d77\u5ef6\u5b89\u897f\u8def\u5e97)(\u539f\u4e2d\u5c71\u516c\u56ed\u5e97)", "order_time": ["2019-01-12 03:20:06", "2019-01-12 02:20:56", "2019-01-12 03:10:02"], "total_order": 3, "hotel_value": ["4.5", "4.5", "4.5"], "hotel_price": ["239", "239", "239"]}, "5726716": {"hotel_name": "\u4e0a\u6d77\u8398\u5e84\u4e9a\u6735\u9152\u5e97", "order_time": ["2019-01-12 02:20:56"], "total_order": 1, "hotel_value": ["4.7"], "hotel_price": ["385"]}, "6731927": {"hotel_name": "\u4e0a\u6d77\u65b0\u65f6\u7a7a\u5168\u65b0\u9152\u5e97\u4e2d\u5c71\u516c\u56ed\u5e97", "order_time": ["2019-01-12 02:20:59"], "total_order": 1, "hotel_value": ["4.1"], "hotel_price": ["235"]}, "25678968": {"hotel_name": "\u5bbf\u9002\u8f7b\u5962\u9152\u5e97(\u4e0a\u6d77\u8679\u6885\u8def\u5e97)", "order_time": ["2019-01-12 02:34:21", "2019-01-12 02:21:00"], "total_order": 2, "hotel_value": ["4.8", "4.8"], "hotel_price": ["299", "299"]}, "21344518": {"hotel_name": "\u4e0a\u6d77\u9646\u5bb6\u5634\u660e\u57ce\u9152\u5e97", "order_time": ["2019-01-12 02:21:00"], "total_order": 1, "hotel_value": ["4.5"], "hotel_price": ["528"]}, "8633301": {"hotel_name": "\u4e0a\u6d77\u8679\u6865\u9f99\u67cf\u4e9a\u6735\u8f7b\u5c45\u9152\u5e97", "order_time": ["2019-01-12 02:21:01"], "total_order": 1, "hotel_value": ["4.8"], "hotel_price": ["351"]}, "437892": {"hotel_name": "\u6f2b\u5fc3\u9152\u5e97(\u4e0a\u6d77\u9759\u5b89\u5e97)", "order_time": ["2019-01-12 02:40:47", "2019-01-12 02:21:02"], "total_order": 2, "hotel_value": ["4.8", "4.8"], "hotel_price": ["531", "531"]}, "432130": {"hotel_name": "\u4e0a\u6d77\u6ee8\u6c5f\u6b23\u666f\u5927\u9152\u5e97", "order_time": ["2019-01-12 02:50:28", "2019-01-12 02:21:03"], "total_order": 2, "hotel_value": ["4.5", "4.5"], "hotel_price": ["459", "459"]}, "8569273": {"hotel_name": "\u5bbf\u9002\u7cbe\u9009\u9152\u5e97(\u4e0a\u6d77\u6f15\u6cb3\u6cfe\u5f00\u53d1\u533a\u5e97)", "order_time": ["2019-01-12 02:43:54", "2019-01-12 02:21:06"], "total_order": 2, "hotel_value": ["4.7", "4.7"], "hotel_price": ["121", "121"]}, "479401": {"hotel_name": "\u4e0a\u6d77\u5bcc\u5efa\u9152\u5e97", "order_time": ["2019-01-12 02:21:08"], "total_order": 1, "hotel_value": ["4.5"], "hotel_price": ["593"]}, "704910": {"hotel_name": "\u4e0a\u6d77\u5bf0\u661f\u9152\u5e97", "order_time": ["2019-01-12 02:21:08"], "total_order": 1, "hotel_value": ["4.6"], "hotel_price": ["478"]}, "372187": {"hotel_name": "\u4e0a\u6d77\u56db\u5b63\u9152\u5e97", "order_time": ["2019-01-12 02:21:08"], "total_order": 1, "hotel_value": ["4.6"], "hotel_price": ["1036"]}, "426312": {"hotel_name": "\u4e0a\u6d77\u4e1c\u65b9\u6ee8\u6c5f\u5927\u9152\u5e97(\u56fd\u9645\u4f1a\u8bae\u4e2d\u5fc3)", "order_time": ["2019-01-12 02:21:08"], "total_order": 1, "hotel_value": ["4.7"], "hotel_price": ["776"]}, "3152346": {"hotel_name": "\u6c49\u5ead\u4f18\u4f73\u9152\u5e97(\u4e0a\u6d77\u6253\u6d66\u6865\u65e5\u6708\u5149\u4e2d\u5fc3\u5e97)", "order_time": ["2019-01-12 02:21:08"], "total_order": 1, "hotel_value": ["4.6"], "hotel_price": ["297"]}, "479849": {"hotel_name": "\u901f8\u9152\u5e97(\u4e0a\u6d77\u6d66\u4e1c\u673a\u573a\u6668\u9633\u8def\u5e97)", "order_time": ["2019-01-12 02:21:13", "2019-01-12 02:27:56"], "total_order": 2, "hotel_value": ["4.4", "4.4"], "hotel_price": ["124", "124"]}, "24920624": {"hotel_name": "\u5e0c\u5cb8\u9152\u5e97(\u4e0a\u6d77\u677e\u6c5f\u4f53\u80b2\u4e2d\u5fc3\u5730\u94c1\u7ad9\u5e97)", "order_time": ["2019-01-12 02:21:14"], "total_order": 1, "hotel_value": ["4.8"], "hotel_price": ["215"]}, "769979": {"hotel_name": "\u683c\u6797\u8c6a\u6cf0(\u4e0a\u6d77\u66f9\u5b89\u8def\u8f7b\u7eba\u5e97)", "order_time": ["2019-01-12 02:21:21"], "total_order": 1, "hotel_value": ["4.1"], "hotel_price": ["207"]}, "6145609": {"hotel_name": "\u5982\u5bb6\u8054\u76df\u534e\u9a7f\u9152\u5e97(\u4e0a\u6d77\u677e\u6c5f\u6b22\u4e50\u8c37\u5e97)", "order_time": ["2019-01-12 02:21:22"], "total_order": 1, "hotel_value": ["3.7"], "hotel_price": ["142"]}, "6432389": {"hotel_name": "\u4e0a\u6d77\u6676\u660c\u5bbe\u9986", "order_time": ["2019-01-12 02:21:27"], "total_order": 1, "hotel_value": ["3.9"], "hotel_price": ["178"]}, "1577566": {"hotel_name": "\u4e2d\u5b89\u4e4b\u5bb6\u8fde\u9501\u9152\u5e97(\u4e0a\u6d77\u4e2d\u5b89\u5bbe\u9986)", "order_time": ["2019-01-12 02:21:29"], "total_order": 1, "hotel_value": ["4.5"], "hotel_price": ["176"]}, "15248042": {"hotel_name": "\u57ce\u5bb6\u516c\u5bd3(\u4e0a\u6d77\u6f15\u5b9d\u8def\u5e97)", "order_time": ["2019-01-12 02:21:31"], "total_order": 1, "hotel_value": [0], "hotel_price": ["368"]}, "441607": {"hotel_name": "\u7f8e\u8c6a\u9152\u5e97(\u4e0a\u6d77\u957f\u5bff\u8def\u5e97)", "order_time": ["2019-01-12 02:23:08"], "total_order": 1, "hotel_value": ["4.7"], "hotel_price": ["423"]}, "375211": {"hotel_name": "\u4e0a\u6d77\u8679\u6865\u4e2d\u5fc3\u7f8e\u5c45\u9152\u5e97", "order_time": ["2019-01-12 02:33:17", "2019-01-12 02:23:08", "2019-01-12 02:45:45", "2019-01-12 03:44:53"], "total_order": 4, "hotel_value": ["4.8", "4.8", "4.8", "4.8"], "hotel_price": ["342", "342", "342", "342"]}, "427259": {"hotel_name": "\u4e0a\u6d77\u5e1d\u749f\u4e3d\u81f4\u5927\u9152\u5e97", "order_time": ["2019-01-12 02:24:07"], "total_order": 1, "hotel_value": ["4.6"], "hotel_price": ["554"]}, "22272304": {"hotel_name": "\u4e0a\u6d77\u8679\u6865\u8bfa\u5bcc\u7279\u5168\u5957\u623f\u9152\u5e97", "order_time": ["2019-01-12 02:24:07"], "total_order": 1, "hotel_value": ["4.6"], "hotel_price": ["399"]}, "1480696": {"hotel_name": "\u4e0a\u6d77\u8679\u53e3\u5609\u5ef7\u9152\u5e97", "order_time": ["2019-01-12 02:24:08"], "total_order": 1, "hotel_value": ["4.5"], "hotel_price": ["334"]}, "21726580": {"hotel_name": "\u4e0a\u6d77\u96c5\u8fb0\u60a6\u5c45\u9152\u5e97", "order_time": ["2019-01-12 02:24:08"], "total_order": 1, "hotel_value": ["4.6"], "hotel_price": ["628"]}, "9240844": {"hotel_name": "\u4e0a\u6d77\u6caa\u5bb6\u96c5\u820d\u9614\u666f\u5e73\u5885", "order_time": ["2019-01-12 02:24:08"], "total_order": 1, "hotel_value": ["4.6"], "hotel_price": ["299"]}, "5599110": {"hotel_name": "\u4e0a\u6d77\u6d66\u4e1c\u4e3b\u9898\u4e50\u56ed\u4e07\u4fe1\u9152\u5e97", "order_time": ["2019-01-12 02:24:10"], "total_order": 1, "hotel_value": ["4.7"], "hotel_price": ["495"]}, "25323737": {"hotel_name": "\u9014\u5ba2\u4e2d\u56fd\u9152\u5e97(\u4e0a\u6d77\u8679\u6865\u5ef6\u5b89\u897f\u8def\u5e97)", "order_time": ["2019-01-12 02:24:10"], "total_order": 1, "hotel_value": ["4.9"], "hotel_price": ["401"]}, "5926952": {"hotel_name": "\u4e0a\u6d77\u6d66\u4e1c\u534e\u7f8e\u8fbe\u5b89\u53ef\u9152\u5e97", "order_time": ["2019-01-12 02:24:11"], "total_order": 1, "hotel_value": ["4.6"], "hotel_price": ["266"]}, "14095484": {"hotel_name": "\u4e0a\u6d77\u7406\u987a\u7cbe\u54c1\u9152\u5e97", "order_time": ["2019-01-12 02:24:11"], "total_order": 1, "hotel_value": ["4.5"], "hotel_price": ["191"]}, "5089316": {"hotel_name": "\u7f8e\u8c6a\u4e3d\u81f4\u9152\u5e97(\u4e0a\u6d77\u56fd\u9645\u65c5\u6e38\u5ea6\u5047\u533a\u5ddd\u6c99\u5e97)", "order_time": ["2019-01-12 02:24:12"], "total_order": 1, "hotel_value": ["4.8"], "hotel_price": ["476"]}, "345059": {"hotel_name": "\u4e0a\u6d77\u5174\u8363\u6e29\u5fb7\u59c6\u81f3\u5c0a\u8c6a\u5ef7\u9152\u5e97", "order_time": ["2019-01-12 03:26:53", "2019-01-12 02:24:12"], "total_order": 2, "hotel_value": ["4.5", "4.5"], "hotel_price": ["556", "556"]}, "345040": {"hotel_name": "\u4e0a\u6d77\u9f99\u4e4b\u68a6\u5927\u9152\u5e97", "order_time": ["2019-01-12 02:53:39", "2019-01-12 02:24:14", "2019-01-12 02:31:07"], "total_order": 3, "hotel_value": ["4.5", "4.5", "4.5"], "hotel_price": ["698", "698", "698"]}, "9585814": {"hotel_name": "\u4e0a\u6d77\u82cf\u5b81\u5b9d\u4e3d\u5609\u9152\u5e97", "order_time": ["2019-01-12 02:24:14"], "total_order": 1, "hotel_value": ["4.7"], "hotel_price": ["2332"]}, "347314": {"hotel_name": "\u4e0a\u6d77\u65b0\u9526\u6c5f\u5927\u9152\u5e97", "order_time": ["2019-01-12 02:24:15"], "total_order": 1, "hotel_value": ["4.5"], "hotel_price": ["576"]}, "13329054": {"hotel_name": "\u4e0a\u6d77\u8679\u6865\u5546\u52a1\u533a\u51ef\u60a6\u5609\u8f69\u9152\u5e97", "order_time": ["2019-01-12 02:24:15"], "total_order": 1, "hotel_value": ["4.7"], "hotel_price": ["643"]}, "7301054": {"hotel_name": "\u4e0a\u6d77\u6d66\u6c5f\u667a\u9009\u5047\u65e5\u9152\u5e97", "order_time": ["2019-01-12 02:24:19"], "total_order": 1, "hotel_value": ["4.6"], "hotel_price": ["473"]}, "1569671": {"hotel_name": "\u5982\u5bb6\u7cbe\u9009\u9152\u5e97(\u4e0a\u6d77\u5f20\u6c5f\u56ed\u533a\u5e97)", "order_time": ["2019-01-12 02:24:19"], "total_order": 1, "hotel_value": ["4.8"], "hotel_price": ["302"]}, "4036531": {"hotel_name": "\u7ef4\u4e5f\u7eb3\u56fd\u9645\u9152\u5e97(\u4e0a\u6d77\u5b9d\u5c71\u56fd\u9645\u6e38\u8f6e\u7801\u5934\u76d8\u53e4\u8def\u5e97)(\u539f\u76d8\u53e4\u8def\u5e97)", "order_time": ["2019-01-12 02:24:20"], "total_order": 1, "hotel_value": ["4.8"], "hotel_price": ["287"]}, "660322": {"hotel_name": "\u78a7\u4e91\u82b1\u56ed\u670d\u52a1\u516c\u5bd3(\u4e0a\u6d77\u4eba\u6c11\u5e7f\u573a\u5e97)", "order_time": ["2019-01-12 02:24:22"], "total_order": 1, "hotel_value": ["4.7"], "hotel_price": ["906"]}, "662505": {"hotel_name": "\u4e0a\u6d77\u5929\u8679\u56fd\u9645\u5927\u9152\u5e97", "order_time": ["2019-01-12 02:24:22", "2019-01-12 03:13:22"], "total_order": 2, "hotel_value": ["4.1", "4.1"], "hotel_price": ["246", "246"]}, "1212611": {"hotel_name": "\u683c\u6797\u8054\u76df(\u4e0a\u6d77\u590d\u65e6\u5927\u5b66\u90af\u90f8\u8def\u5e97)", "order_time": ["2019-01-12 02:24:27"], "total_order": 1, "hotel_value": ["4.1"], "hotel_price": ["231"]}, "436404": {"hotel_name": "\u9526\u6c5f\u4e4b\u661f\u98ce\u5c1a(\u4e0a\u6d77\u5357\u4eac\u8def\u6b65\u884c\u8857\u798f\u5efa\u4e2d\u8def\u5e97)(\u539f\u91d1\u5e7f\u5feb\u6377\u9152\u5e97\u4e0a\u6d77\u5357\u4eac\u8def\u6b65\u884c\u8857\u5e97)", "order_time": ["2019-01-12 02:24:29"], "total_order": 1, "hotel_value": ["4.3"], "hotel_price": ["159"]}, "13876914": {"hotel_name": "\u5b9d\u6cc9\u7cbe\u81f4\u9152\u5e97(\u4e0a\u6d77\u4eba\u6c11\u5e7f\u573a\u4e2d\u5fc3\u5e97)", "order_time": ["2019-01-12 02:24:30"], "total_order": 1, "hotel_value": ["4.3"], "hotel_price": ["217"]}, "5371481": {"hotel_name": "99\u4f18\u9009\u9152\u5e97(\u4e0a\u6d77\u8679\u6885\u5357\u8def\u5e97)", "order_time": ["2019-01-12 02:24:32"], "total_order": 1, "hotel_value": ["4.5"], "hotel_price": ["119"]}, "5982152": {"hotel_name": "7\u5929\u4f18\u54c1\u00b7\u4e0a\u6d77\u56fd\u9645\u6c7d\u8f66\u57ce\u540c\u6d4e\u5927\u5b66\u5e97", "order_time": ["2019-01-12 02:24:33"], "total_order": 1, "hotel_value": ["4.5"], "hotel_price": ["209"]}, "6817426": {"hotel_name": "\u5e03\u4e01\u9152\u5e97(\u4e0a\u6d77\u573a\u4e2d\u8def\u5730\u94c1\u7ad9\u4e0a\u6d77\u5927\u5b66\u5e97)", "order_time": ["2019-01-12 02:24:36"], "total_order": 1, "hotel_value": ["4.4"], "hotel_price": ["121"]}, "6653410": {"hotel_name": "F1\u7cbe\u54c1\u9152\u5e97(\u4e0a\u6d77\u897f\u5eb7\u8def\u5e97)", "order_time": ["2019-01-12 02:24:40", "2019-01-12 02:44:27"], "total_order": 2, "hotel_value": ["4.2", "4.2"], "hotel_price": ["177", "177"]}, "1635062": {"hotel_name": "\u9526\u6c5f\u4e4b\u661f(\u4e0a\u6d77\u95f5\u884c\u5de5\u4e1a\u56ed\u533a\u6587\u4e95\u8def\u5e97)", "order_time": ["2019-01-12 02:24:42"], "total_order": 1, "hotel_value": ["4.5"], "hotel_price": ["185"]}, "2702893": {"hotel_name": "\u683c\u6797\u8c6a\u6cf0(\u4e0a\u6d77\u6731\u6cfe\u4e1c\u6797\u5bfa\u5065\u5eb7\u8def\u5e97)", "order_time": ["2019-01-12 02:24:47"], "total_order": 1, "hotel_value": ["4.3"], "hotel_price": ["114"]}, "4122498": {"hotel_name": "\u91d1\u5965\u8bfa\u9601\u96c5\u9152\u5e97(\u4e0a\u6d77\u6253\u6d66\u6865\u5e97)", "order_time": ["2019-01-12 02:26:02"], "total_order": 1, "hotel_value": ["4.9"], "hotel_price": ["500"]}, "17890821": {"hotel_name": "\u5b9c\u5fc5\u601d\u9152\u5e97(\u4e0a\u6d77\u957f\u5bff\u8def\u5e97)", "order_time": ["2019-01-12 02:27:42"], "total_order": 1, "hotel_value": ["4.6"], "hotel_price": ["313"]}, "9185171": {"hotel_name": "\u4e07\u4fe1\u9152\u5e97(\u4e0a\u6d77\u56fd\u9645\u65c5\u6e38\u5ea6\u5047\u533a\u5ddd\u6c99\u5730\u94c1\u7ad9\u5e97)", "order_time": ["2019-01-12 02:27:44"], "total_order": 1, "hotel_value": ["4.9"], "hotel_price": ["366"]}, "6542110": {"hotel_name": "\u6854\u5b50\u6c34\u6676\u9152\u5e97(\u4e0a\u6d77\u56fd\u9645\u65c5\u6e38\u5ea6\u5047\u533a\u5468\u6d66\u4e07\u8fbe\u5e97)", "order_time": ["2019-01-12 02:27:44"], "total_order": 1, "hotel_value": ["4.9"], "hotel_price": ["313"]}, "428365": {"hotel_name": "\u4e0a\u6d77\u4e2d\u8c37\u5c0f\u5357\u56fd\u82b1\u56ed\u9152\u5e97", "order_time": ["2019-01-12 02:40:47", "2019-01-12 02:27:45"], "total_order": 2, "hotel_value": ["4.7", "4.7"], "hotel_price": ["699", "699"]}, "1883040": {"hotel_name": "\u4e0a\u6d77\u661f\u6cb3\u6e7e\u9152\u5e97", "order_time": ["2019-01-12 02:27:48", "2019-01-12 02:34:30"], "total_order": 2, "hotel_value": ["4.7", "4.7"], "hotel_price": ["739", "739"]}, "853431": {"hotel_name": "\u6c49\u5ead\u9152\u5e97(\u4e0a\u6d77\u94dc\u5ddd\u8def\u5e97)", "order_time": ["2019-01-12 02:27:49"], "total_order": 1, "hotel_value": ["4.4"], "hotel_price": ["256"]}, "437612": {"hotel_name": "\u4e0a\u6d77\u4e2d\u822a\u8679\u6865\u673a\u573a\u6cca\u60a6\u9152\u5e97", "order_time": ["2019-01-12 02:27:52"], "total_order": 1, "hotel_value": ["4.7"], "hotel_price": ["612"]}, "375539": {"hotel_name": "\u4e0a\u6d77\u548c\u5e73\u996d\u5e97", "order_time": ["2019-01-12 02:27:52"], "total_order": 1, "hotel_value": ["4.8"], "hotel_price": ["1750"]}, "823723": {"hotel_name": "\u6c49\u5ead\u9152\u5e97\uff08\u4e0a\u6d77\u56fd\u9645\u65c5\u6e38\u5ea6\u5047\u533a\u9152\u5e97\uff09", "order_time": ["2019-01-12 02:27:58"], "total_order": 1, "hotel_value": ["4.6"], "hotel_price": ["170"]}, "6449662": {"hotel_name": "\u4e0a\u6d77\u793c\u5b63\u7cbe\u54c1\u9152\u5e97", "order_time": ["2019-01-12 02:28:03"], "total_order": 1, "hotel_value": ["4.5"], "hotel_price": ["131"]}, "19914222": {"hotel_name": "\u4e0a\u6d77\u6d1b\u767b\u9152\u5e97\u5f0f\u516c\u5bd3", "order_time": ["2019-01-12 02:28:06"], "total_order": 1, "hotel_value": ["4.8"], "hotel_price": ["195"]}, "433963": {"hotel_name": "\u4e0a\u6d77\u5b9c\u5170\u8d35\u65af\u7cbe\u54c1\u9152\u5e97", "order_time": ["2019-01-12 02:28:08"], "total_order": 1, "hotel_value": ["4.0"], "hotel_price": ["166"]}, "5982198": {"hotel_name": "\u4e0a\u6d77\u666f\u83b1\u9152\u5e97\u5609\u5b9a\u4e0a\u6d77\u5927\u5b66\u5e97", "order_time": ["2019-01-12 02:28:11"], "total_order": 1, "hotel_value": ["4.8"], "hotel_price": ["169"]}, "1880834": {"hotel_name": "\u4e0a\u6d77\u6f6e\u65c598\u65c5\u9986\u8fde\u9501", "order_time": ["2019-01-12 02:28:18"], "total_order": 1, "hotel_value": ["4.0"], "hotel_price": ["168"]}, "767197": {"hotel_name": "99\u65c5\u9986\u8fde\u9501(\u4e0a\u6d77\u677e\u6c5f\u5927\u5b66\u57ce\u5e97)", "order_time": ["2019-01-12 02:28:23"], "total_order": 1, "hotel_value": ["4.2"], "hotel_price": ["109"]}, "6081000": {"hotel_name": "\u4e0a\u6d77\u6cfd\u946b\u9152\u5e97", "order_time": ["2019-01-12 02:28:27"], "total_order": 1, "hotel_value": ["4.0"], "hotel_price": ["84"]}, "1057624": {"hotel_name": "\u6f9c\u60a6\u7cbe\u54c1\u9152\u5e97(\u4e0a\u6d77\u5b5f\u9f99\u56db\u5e73\u8def\u5e97)(\u539f\u5b5f\u9f99\u65f6\u5c1a\u7cbe\u54c1\u9152\u5e97)", "order_time": ["2019-01-12 02:28:30"], "total_order": 1, "hotel_value": ["3.9"], "hotel_price": ["233"]}, "8578318": {"hotel_name": "\u4e0a\u6d77\u60a6\u6765\u5ba2\u6808", "order_time": ["2019-01-12 02:28:30"], "total_order": 1, "hotel_value": ["3.8"], "hotel_price": ["15"]}, "2303403": {"hotel_name": "\u6d77\u53cb\u9152\u5e97(\u4e0a\u6d77\u94dc\u5ddd\u8def\u5e97)(\u539f\u666f\u5c1a\u5047\u65e5\u5bbe\u9986)", "order_time": ["2019-01-12 02:28:34"], "total_order": 1, "hotel_value": ["4.4"], "hotel_price": ["123"]}, "1981449": {"hotel_name": "\u4e0a\u6d77\u7f57\u9633\u65c5\u9986", "order_time": ["2019-01-12 02:28:37"], "total_order": 1, "hotel_value": ["4.1"], "hotel_price": ["186"]}, "906426": {"hotel_name": "\u6613\u4f70\u826f\u54c1\u9152\u5e97(\u4e0a\u6d77\u60e0\u5357\u5730\u94c1\u7ad9\u5357\u95e8\u5e97)", "order_time": ["2019-01-12 02:29:07"], "total_order": 1, "hotel_value": ["4.3"], "hotel_price": ["84"]}, "13436922": {"hotel_name": "\u4e0a\u6d77\u5b9c\u5c45\u6c11\u5bbf", "order_time": ["2019-01-12 02:29:07"], "total_order": 1, "hotel_value": [0], "hotel_price": ["168"]}, "823777": {"hotel_name": "\u6c49\u5ead\u9152\u5e97(\u4e0a\u6d77\u6d66\u4e1c\u673a\u573a\u5e97)", "order_time": ["2019-01-12 02:31:01"], "total_order": 1, "hotel_value": ["4.7"], "hotel_price": ["180"]}, "427611": {"hotel_name": "\u4e0a\u6d77\u745e\u6cf0\u8679\u6865\u9152\u5e97", "order_time": ["2019-01-12 02:31:02"], "total_order": 1, "hotel_value": ["4.4"], "hotel_price": ["556"]}, "5981447": {"hotel_name": "\u767b\u5df4\u5ba2\u6808(\u4e0a\u6d77\u65d7\u8230\u5e97)", "order_time": ["2019-01-12 02:31:03", "2019-01-12 02:56:44"], "total_order": 2, "hotel_value": ["4.5", "4.5"], "hotel_price": ["84", "84"]}, "374915": {"hotel_name": "\u4e0a\u6d77\u9759\u5b89\u94c2\u5c14\u66fc\u9152\u5e97", "order_time": ["2019-01-12 03:46:17", "2019-01-12 02:31:04"], "total_order": 2, "hotel_value": ["4.5", "4.5"], "hotel_price": ["698", "698"]}, "345057": {"hotel_name": "\u4e0a\u6d77\u6d66\u4e1c\u673a\u573a\u534e\u7f8e\u8fbe\u5e7f\u573a\u9152\u5e97", "order_time": ["2019-01-12 02:31:04"], "total_order": 1, "hotel_value": ["4.5"], "hotel_price": ["1056"]}, "345021": {"hotel_name": "\u4e0a\u6d77\u6d66\u4e1c\u5047\u65e5\u9152\u5e97", "order_time": ["2019-01-12 02:31:04"], "total_order": 1, "hotel_value": ["4.6"], "hotel_price": ["506"]}, "15529375": {"hotel_name": "\u4e0a\u6d77\u5efa\u6ed4\u8bfa\u5bcc\u7279\u9152\u5e97", "order_time": ["2019-01-12 02:31:06"], "total_order": 1, "hotel_value": ["4.7"], "hotel_price": ["471"]}, "4507780": {"hotel_name": "\u4e0a\u6d77\u67e0\u83b1\u7cbe\u9009\u9152\u5e97", "order_time": ["2019-01-12 02:31:08", "2019-01-12 03:13:20"], "total_order": 2, "hotel_value": ["4.6", "4.6"], "hotel_price": ["168", "168"]}, "345033": {"hotel_name": "\u4e0a\u6d77\u94ed\u5fb7\u5927\u9152\u5e97", "order_time": ["2019-01-12 02:31:13", "2019-01-12 03:20:30"], "total_order": 2, "hotel_value": ["4.3", "4.3"], "hotel_price": ["598", "598"]}, "2329429": {"hotel_name": "\u80dc\u9ad8\u9152\u5e97(\u4e0a\u6d77\u4e16\u535a\u56ed\u65b0\u56fd\u9645\u535a\u89c8\u91d1\u8c0a\u5e7f\u573a\u5e97)(\u539f\u4e16\u535a\u4e09\u6797\u5e97)", "order_time": ["2019-01-12 02:31:20"], "total_order": 1, "hotel_value": ["4.8"], "hotel_price": ["168"]}, "2087006": {"hotel_name": "7\u5929\u8fde\u9501\u9152\u5e97(\u4e0a\u6d77\u5357\u4eac\u8def\u6b65\u884c\u8857\u4e8c\u5e97)", "order_time": ["2019-01-12 02:31:20"], "total_order": 1, "hotel_value": ["4.4"], "hotel_price": ["156"]}, "3483315": {"hotel_name": "\u6613\u4f70\u8fde\u9501\u65c5\u5e97(\u4e0a\u6d77\u957f\u9633\u8def\u5730\u94c1\u7ad9\u5e97)", "order_time": ["2019-01-12 02:31:21", "2019-01-12 02:47:28"], "total_order": 2, "hotel_value": ["4.4", "4.4"], "hotel_price": ["135", "135"]}, "23984115": {"hotel_name": "\u4e0a\u6d77\u9b54\u90fd\u4e91\u5e90\u6c11\u5bbf", "order_time": ["2019-01-12 02:31:21"], "total_order": 1, "hotel_value": ["5.0"], "hotel_price": ["443"]}, "1569670": {"hotel_name": "\u5982\u5bb6\u5feb\u6377\u9152\u5e97(\u4e0a\u6d77\u5317\u5916\u6ee9\u5927\u8fde\u8def\u5730\u94c1\u7ad9\u5e97)", "order_time": ["2019-01-12 02:31:22"], "total_order": 1, "hotel_value": ["4.7"], "hotel_price": ["211"]}, "8578414": {"hotel_name": "\u6fb3\u95e8\u8f7b\u5962\u9152\u5e97", "order_time": ["2019-01-12 02:31:30", "2019-01-12 03:20:23"], "total_order": 2, "hotel_value": ["4.3", "4.3"], "hotel_price": ["232", "232"]}, "3067618": {"hotel_name": "\u4e0a\u6d77\u8212\u5174\u9152\u5e97", "order_time": ["2019-01-12 02:31:36"], "total_order": 1, "hotel_value": ["4.5"], "hotel_price": ["201"]}, "1290740": {"hotel_name": "\u4e0a\u6d77\u827a\u5bb6\u7cbe\u54c1\u9152\u5e97", "order_time": ["2019-01-12 02:31:44"], "total_order": 1, "hotel_value": ["3.8"], "hotel_price": ["135"]}, "2382332": {"hotel_name": "\u5982\u5bb6\u7cbe\u9009\u9152\u5e97(\u4e0a\u6d77\u4e94\u89d2\u573a\u5e97)", "order_time": ["2019-01-12 03:41:39", "2019-01-12 02:33:17"], "total_order": 2, "hotel_value": ["4.7", "4.7"], "hotel_price": ["417", "417"]}, "6535018": {"hotel_name": "\u6e05\u6c90\u7cbe\u9009\u9152\u5e97(\u4e0a\u6d77\u8001\u897f\u95e8\u5730\u94c1\u7ad9\u5e97)", "order_time": ["2019-01-12 02:34:19"], "total_order": 1, "hotel_value": ["4.5"], "hotel_price": ["274"]}, "479208": {"hotel_name": "\u4e0a\u6d77\u8d22\u5bcc\u5927\u9152\u5e97", "order_time": ["2019-01-12 02:34:25"], "total_order": 1, "hotel_value": ["4.2"], "hotel_price": ["380"]}, "425940": {"hotel_name": "\u4e0a\u6d77\u8bc1\u5927\u7f8e\u7235\u9152\u5e97", "order_time": ["2019-01-12 02:34:26"], "total_order": 1, "hotel_value": ["4.6"], "hotel_price": ["460"]}, "7904714": {"hotel_name": "\u4e0a\u6d77\u8679\u53e3\u5927\u67cf\u6811\u4e9a\u6735\u9152\u5e97", "order_time": ["2019-01-12 02:34:26"], "total_order": 1, "hotel_value": ["4.8"], "hotel_price": ["551"]}, "430295": {"hotel_name": "\u4e0a\u6d77\u5927\u5b81\u798f\u670b\u559c\u6765\u767b\u9152\u5e97", "order_time": ["2019-01-12 02:34:29"], "total_order": 1, "hotel_value": ["4.5"], "hotel_price": ["692"]}, "21684717": {"hotel_name": "\u552f\u5ead\u9152\u5e97(\u4e0a\u6d77\u65b0\u5929\u5730\u5e97)", "order_time": ["2019-01-12 02:34:30"], "total_order": 1, "hotel_value": ["4.6"], "hotel_price": ["348"]}, "375477": {"hotel_name": "\u4e0a\u6d77\u7d22\u83f2\u7279\u6d77\u4ed1\u5bbe\u9986", "order_time": ["2019-01-12 02:34:31"], "total_order": 1, "hotel_value": ["4.6"], "hotel_price": ["828"]}, "345048": {"hotel_name": "\u4e0a\u6d77\u5149\u5927\u4f1a\u5c55\u4e2d\u5fc3\u56fd\u9645\u5927\u9152\u5e97", "order_time": ["2019-01-12 02:34:31"], "total_order": 1, "hotel_value": ["4.0"], "hotel_price": ["482"]}, "26118819": {"hotel_name": "\u5168\u5b63\u9152\u5e97(\u4e0a\u6d77\u8679\u6865\u4e07\u6e90\u8def\u5e97)", "order_time": ["2019-01-12 02:34:36"], "total_order": 1, "hotel_value": ["4.9"], "hotel_price": ["313"]}, "1320124": {"hotel_name": "\u4e0a\u6d77\u7ff0\u671d\u9152\u5e97", "order_time": ["2019-01-12 02:34:36"], "total_order": 1, "hotel_value": ["4.5"], "hotel_price": ["257"]}, "640572": {"hotel_name": "\u9526\u6c5f\u4e4b\u661f(\u4e0a\u6d77\u6f15\u6cb3\u6cfe\u661f\u4e2d\u8def\u5730\u94c1\u7ad9\u5e97)(\u539f\u6f15\u5b9d\u8def\u4e5d\u661f\u5efa\u6750\u5e02\u573a\u5e97)", "order_time": ["2019-01-12 02:34:41"], "total_order": 1, "hotel_value": ["4.5"], "hotel_price": ["199"]}, "6657729": {"hotel_name": "\u6d77\u53cb\u9152\u5e97(\u4e0a\u6d77\u6d66\u4e1c\u673a\u573a\u6668\u9633\u8def\u5e97)", "order_time": ["2019-01-12 02:34:48"], "total_order": 1, "hotel_value": ["4.4"], "hotel_price": ["119"]}, "766113": {"hotel_name": "99\u65c5\u9986\u8fde\u9501(\u4e0a\u6d77\u5434\u4e2d\u8def\u83b2\u82b1\u5e7f\u573a\u5e97)", "order_time": ["2019-01-12 02:34:53"], "total_order": 1, "hotel_value": ["4.1"], "hotel_price": ["129"]}, "6110239": {"hotel_name": "\u683c\u6797\u8c6a\u6cf0\u8d1d\u58f3\u9152\u5e97(\u4e0a\u6d77\u5357\u7fd4\u5730\u94c1\u7ad9\u5e97)", "order_time": ["2019-01-12 02:34:56"], "total_order": 1, "hotel_value": ["4.3"], "hotel_price": ["180"]}, "2302747": {"hotel_name": "99\u65c5\u9986\u8fde\u9501(\u4e0a\u6d77\u5b9d\u5c71\u4e07\u8fbe\u5e7f\u573a\u5e97)", "order_time": ["2019-01-12 02:34:59"], "total_order": 1, "hotel_value": ["4.1"], "hotel_price": ["209"]}, "26689013": {"hotel_name": "\u4e0a\u6d77\u9662\u5fd8\u82b1\u56ed\u6c11\u5bbf", "order_time": ["2019-01-12 02:35:04"], "total_order": 1, "hotel_value": ["5.0"], "hotel_price": ["284"]}, "1763033": {"hotel_name": "\u9ea6\u65b0\u683c\u7cbe\u54c1\u9152\u5e97(\u4e0a\u6d77\u56fd\u9645\u65c5\u6e38\u5ea6\u5047\u533a\u6d66\u4e1c\u673a\u573a\u5ddd\u6c99\u5e97)", "order_time": ["2019-01-12 02:37:31"], "total_order": 1, "hotel_value": ["4.9"], "hotel_price": ["236"]}, "1311714": {"hotel_name": "\u5e03\u4e01\u9152\u5e97(\u4e0a\u6d77\u9646\u5bb6\u5634\u84dd\u6751\u8def\u5730\u94c1\u7ad9\u5e97)", "order_time": ["2019-01-12 02:37:32"], "total_order": 1, "hotel_value": ["4.0"], "hotel_price": ["129"]}, "1193881": {"hotel_name": "\u96f6\u70b9\u4f9d\u7cbe\u81f4\u9152\u5e97(\u4e0a\u6d77\u5927\u5b81\u56fd\u9645\u5546\u4e1a\u533a\u6caa\u592a\u8def\u5e97)", "order_time": ["2019-01-12 03:03:32", "2019-01-12 02:37:38"], "total_order": 2, "hotel_value": ["4.6", "4.6"], "hotel_price": ["154", "154"]}, "661623": {"hotel_name": "\u4e0a\u6d77\u96c5\u8587\u65f6\u5c1a\u9152\u5e97", "order_time": ["2019-01-12 02:37:38"], "total_order": 1, "hotel_value": ["4.4"], "hotel_price": ["449"]}, "374456": {"hotel_name": "\u4e0a\u6d77\u8679\u53e3\u4e09\u81f3\u559c\u6765\u767b\u9152\u5e97", "order_time": ["2019-01-12 02:37:39"], "total_order": 1, "hotel_value": ["4.6"], "hotel_price": ["798"]}, "393109": {"hotel_name": "\u4e0a\u6d77\u5b89\u4ead\u522b\u5885\u9152\u5e97", "order_time": ["2019-01-12 02:37:40"], "total_order": 1, "hotel_value": ["4.7"], "hotel_price": ["586"]}, "385100": {"hotel_name": "\u4e0a\u6d77\u5e1d\u76db\u9152\u5e97", "order_time": ["2019-01-12 03:20:19", "2019-01-12 02:37:41"], "total_order": 2, "hotel_value": ["4.6", "4.6"], "hotel_price": ["476", "476"]}, "345001": {"hotel_name": "\u4e0a\u6d77\u65e5\u822a\u996d\u5e97", "order_time": ["2019-01-12 02:37:42", "2019-01-12 03:09:57"], "total_order": 2, "hotel_value": ["4.4", "4.4"], "hotel_price": ["738", "738"]}, "451986": {"hotel_name": "\u7ef4\u4e5f\u7eb3\u9152\u5e97(\u4e0a\u6d77\u6d66\u4e1c\u673a\u573a\u534e\u590f\u8def\u5e97)", "order_time": ["2019-01-12 02:37:44"], "total_order": 1, "hotel_value": ["4.8"], "hotel_price": ["236"]}, "1232417": {"hotel_name": "\u5409\u6cf0\u8fde\u9501\u9152\u5e97(\u4e0a\u6d77\u672c\u6eaa\u8def\u65b0\u534e\u533b\u9662\u5e97)", "order_time": ["2019-01-12 02:40:49"], "total_order": 1, "hotel_value": ["4.4"], "hotel_price": ["232"]}, "14074638": {"hotel_name": "\u4e0a\u6d77\u8679\u6865\u67a2\u7ebd\u56fd\u5c55\u4e2d\u5fc3\u4e9a\u6735\u9152\u5e97", "order_time": ["2019-01-12 02:40:52"], "total_order": 1, "hotel_value": ["4.8"], "hotel_price": ["413"]}, "2271894": {"hotel_name": "\u4e0a\u6d77\u65b0\u5149\u8fce\u5bbe\u9986", "order_time": ["2019-01-12 02:40:54"], "total_order": 1, "hotel_value": ["4.3"], "hotel_price": ["298"]}, "445579": {"hotel_name": "\u4e0a\u6d77\u4e1c\u6e56(\u5546\u52a1)\u5bbe\u9986", "order_time": ["2019-01-12 02:40:56"], "total_order": 1, "hotel_value": ["4.4"], "hotel_price": ["436"]}, "11406393": {"hotel_name": "\u4e0a\u6d77\u9e70\u90fd\u9152\u5e97", "order_time": ["2019-01-12 02:40:56"], "total_order": 1, "hotel_value": ["4.6"], "hotel_price": ["169"]}, "14153420": {"hotel_name": "\u5f17\u601d\u7279\u9038\u4f4f\u9152\u5e97(\u4e0a\u6d77\u5b9d\u5c71\u8def\u5730\u94c1\u7ad9\u5e97)", "order_time": ["2019-01-12 02:40:59"], "total_order": 1, "hotel_value": ["4.6"], "hotel_price": ["294"]}, "480929": {"hotel_name": "\u4e0a\u6d77\u6559\u80b2\u4f1a\u5802", "order_time": ["2019-01-12 02:40:59"], "total_order": 1, "hotel_value": ["4.1"], "hotel_price": ["460"]}, "2074299": {"hotel_name": "\u4e0a\u6d77\u65b0\u6613\u9014\u56fd\u9645\u9752\u5e74\u65c5\u820d", "order_time": ["2019-01-12 02:41:03"], "total_order": 1, "hotel_value": ["4.3"], "hotel_price": ["228"]}, "435499": {"hotel_name": "\u4e0a\u6d77\u5bbf\u9002\u7687\u51a0\u5927\u9152\u5e97(\u539f\u4e16\u7eaa\u548c\u5e73\u5e7f\u573a\u5927\u9152\u5e97)", "order_time": ["2019-01-12 02:41:04", "2019-01-12 02:50:36"], "total_order": 2, "hotel_value": ["4.2", "4.2"], "hotel_price": ["391", "391"]}, "429883": {"hotel_name": "\u5982\u5bb6\u5feb\u6377\u9152\u5e97(\u4e0a\u6d77\u8679\u6865\u673a\u573a\u56fd\u5bb6\u4f1a\u5c55\u4e2d\u5fc3\u4e03\u5b9d\u5e97)", "order_time": ["2019-01-12 02:41:06"], "total_order": 1, "hotel_value": ["3.9"], "hotel_price": ["161"]}, "1480640": {"hotel_name": "\u6c49\u5ead\u9152\u5e97(\u4e0a\u6d77\u91d1\u6865\u4e2d\u5fc3\u5e97)", "order_time": ["2019-01-12 02:41:08"], "total_order": 1, "hotel_value": ["3.9"], "hotel_price": ["132"]}, "12064154": {"hotel_name": "\u767b\u5df4\u5ba2\u6808(\u4e0a\u6d77\u5916\u6ee9\u5e97)", "order_time": ["2019-01-12 02:41:10"], "total_order": 1, "hotel_value": ["4.6"], "hotel_price": ["88"]}, "1477805": {"hotel_name": "\u683c\u6797\u8c6a\u6cf0(\u4e0a\u6d77\u677e\u6c5f\u5927\u5b66\u57ce\u5e97)", "order_time": ["2019-01-12 02:41:12"], "total_order": 1, "hotel_value": ["4.2"], "hotel_price": ["170"]}, "2649572": {"hotel_name": "\u6c49\u5ead\u9152\u5e97(\u4e0a\u6d77\u5317\u5916\u6ee9\u5927\u8fde\u8def\u5e97)(\u539f\u5927\u8fde\u8def\u5e97)", "order_time": ["2019-01-12 02:41:13"], "total_order": 1, "hotel_value": ["4.1"], "hotel_price": ["246"]}, "6044293": {"hotel_name": "\u4e0a\u6d77\u51e0\u6728\u7b71\u7b51\u9152\u5e97", "order_time": ["2019-01-12 03:00:10", "2019-01-12 02:41:14"], "total_order": 2, "hotel_value": ["4.7", "4.7"], "hotel_price": ["287", "287"]}, "438138": {"hotel_name": "\u661f\u4e4b\u60a6\u9152\u5e97(\u4e0a\u6d77\u8fea\u58eb\u5c3c\u665a\u971e\u5e97)", "order_time": ["2019-01-12 02:41:24", "2019-01-12 02:54:14"], "total_order": 2, "hotel_value": ["4.5", "4.5"], "hotel_price": ["218", "218"]}, "1007297": {"hotel_name": "Zsmart\u667a\u5c1a\u9152\u5e97(\u4e0a\u6d77\u4eba\u6c11\u5e7f\u573a\u5e97)", "order_time": ["2019-01-12 02:43:55"], "total_order": 1, "hotel_value": ["4.5"], "hotel_price": ["303"]}, "25508399": {"hotel_name": "\u5bbf\u9002\u8f7b\u5962\u9152\u5e97(\u4e0a\u6d77\u8087\u5609\u6d5c\u8def\u5e97)", "order_time": ["2019-01-12 02:44:00"], "total_order": 1, "hotel_value": ["4.8"], "hotel_price": ["359"]}, "918092": {"hotel_name": "\u6c49\u5ead\u9152\u5e97(\u4e0a\u6d77\u659c\u571f\u4e1c\u8def\u5e97)", "order_time": ["2019-01-12 02:44:06"], "total_order": 1, "hotel_value": ["4.3"], "hotel_price": ["265"]}, "7238320": {"hotel_name": "\u4e0a\u6d77\u73af\u7403\u6e2f\u51ef\u60a6\u9152\u5e97", "order_time": ["2019-01-12 02:44:08"], "total_order": 1, "hotel_value": ["4.6"], "hotel_price": ["840"]}, "451255": {"hotel_name": "\u6c49\u5ead\u9152\u5e97(\u4e0a\u6d77\u8679\u6865\u67a2\u7ebd\u706b\u8f66\u7ad9\u65b0\u5e97)", "order_time": ["2019-01-12 02:44:11"], "total_order": 1, "hotel_value": ["4.4"], "hotel_price": ["208"]}, "6223246": {"hotel_name": "\u4e0a\u6d77\u56fd\u9645\u65c5\u6e38\u5ea6\u5047\u533a\u79c0\u6cbf\u8def\u4e9a\u6735\u9152\u5e97", "order_time": ["2019-01-12 02:44:17"], "total_order": 1, "hotel_value": ["4.8"], "hotel_price": ["339"]}, "1583083": {"hotel_name": "\u5982\u5bb6\u5feb\u6377\u9152\u5e97(\u4e0a\u6d77\u6d66\u4e1c\u822a\u5934\u4e0b\u6c99\u6caa\u5357\u516c\u8def\u5e97)", "order_time": ["2019-01-12 02:44:31"], "total_order": 1, "hotel_value": ["4.4"], "hotel_price": ["113"]}, "21801928": {"hotel_name": "\u4e0a\u6d77\u82b1\u68a6\u4e4b\u65c5\u8001\u6d0b\u623f\u9752\u5e74\u65c5\u820d", "order_time": ["2019-01-12 02:44:37"], "total_order": 1, "hotel_value": ["4.9"], "hotel_price": ["124"]}, "684340": {"hotel_name": "\u4e0a\u6d77\u9646\u5bb6\u5634\u4e07\u4fe1\u9152\u5e97", "order_time": ["2019-01-12 02:45:44", "2019-01-12 03:48:26"], "total_order": 2, "hotel_value": ["4.6", "4.6"], "hotel_price": ["359", "359"]}, "346395": {"hotel_name": "\u4e0a\u6d77\u5916\u6ee9\u534e\u5c14\u9053\u592b\u9152\u5e97", "order_time": ["2019-01-12 02:50:28", "2019-01-12 02:47:11"], "total_order": 2, "hotel_value": ["4.7", "4.7"], "hotel_price": ["1790", "1790"]}, "25112175": {"hotel_name": "\u6854\u5b50\u9152\u5e97\u00b7\u7cbe\u9009(\u4e0a\u6d77\u6d66\u4e1c\u673a\u573a\u5e97)", "order_time": ["2019-01-12 02:47:12"], "total_order": 1, "hotel_value": ["4.7"], "hotel_price": ["474"]}, "427042": {"hotel_name": "\u4e0a\u6d77\u660e\u6377\u4e07\u4e3d\u9152\u5e97", "order_time": ["2019-01-12 03:26:54", "2019-01-12 02:47:14"], "total_order": 2, "hotel_value": ["4.7", "4.7"], "hotel_price": ["744", "744"]}, "21808950": {"hotel_name": "\u5eb7\u94c2\u9152\u5e97(\u4e0a\u6d77\u9759\u5b89\u5e97)", "order_time": ["2019-01-12 02:47:14"], "total_order": 1, "hotel_value": ["4.7"], "hotel_price": ["449"]}, "8451205": {"hotel_name": "\u5c16\u5fae\u7a7a\u95f4\u827a\u672f\u9152\u5e97(\u4e0a\u6d77\u666e\u5584\u8def\u5e97)", "order_time": ["2019-01-12 02:47:16"], "total_order": 1, "hotel_value": ["4.4"], "hotel_price": ["62"]}, "991585": {"hotel_name": "\u6d77\u53cb\u9152\u5e97(\u4e0a\u6d77\u9759\u5b89\u5bfa\u5e97)", "order_time": ["2019-01-12 02:47:18"], "total_order": 1, "hotel_value": ["3.9"], "hotel_price": ["151"]}, "386581": {"hotel_name": "\u4e0a\u6d77\u897f\u85cf\u5927\u53a6\u4e07\u6021\u9152\u5e97", "order_time": ["2019-01-12 02:47:20"], "total_order": 1, "hotel_value": ["4.7"], "hotel_price": ["816"]}, "3040878": {"hotel_name": "\u9a7f\u4ead\u56db\u5b63\u9152\u5e97(\u4e0a\u6d77\u4e09\u6797\u5e97)", "order_time": ["2019-01-12 02:47:23"], "total_order": 1, "hotel_value": ["4.3"], "hotel_price": ["139"]}, "3264527": {"hotel_name": "\u4e07\u4fe1\u6167\u9009\u9152\u5e97(\u4e0a\u6d77\u6d66\u4e1c\u673a\u573a\u5e97)", "order_time": ["2019-01-12 02:47:23", "2019-01-12 03:00:23"], "total_order": 2, "hotel_value": ["4.5", "4.5"], "hotel_price": ["176", "176"]}, "450719": {"hotel_name": "\u5168\u5b63\u9152\u5e97(\u4e0a\u6d77\u5f90\u5bb6\u6c47\u5b9c\u5c71\u8def\u5e97)", "order_time": ["2019-01-12 03:10:14", "2019-01-12 02:47:28"], "total_order": 2, "hotel_value": ["4.7", "4.7"], "hotel_price": ["332", "332"]}, "1194883": {"hotel_name": "\u4e0a\u6d77\u9a8f\u8c6a\u56fd\u9645\u5168\u5957\u623f\u9152\u5e97\u5f0f\u516c\u5bd3", "order_time": ["2019-01-12 02:47:28"], "total_order": 1, "hotel_value": ["4.4"], "hotel_price": ["358"]}, "1583114": {"hotel_name": "\u5982\u5bb6\u5feb\u6377\u9152\u5e97(\u4e0a\u6d77\u5357\u4eac\u8def\u6b65\u884c\u8857\u9ec4\u6cb3\u8def\u5e97)", "order_time": ["2019-01-12 02:47:37"], "total_order": 1, "hotel_value": ["4.3"], "hotel_price": ["265"]}, "706587": {"hotel_name": "\u4e0a\u6d77\u4e2d\u661f\u94c2\u5c14\u66fc\u5927\u9152\u5e97", "order_time": ["2019-01-12 02:47:39"], "total_order": 1, "hotel_value": ["4.7"], "hotel_price": ["966"]}, "431843": {"hotel_name": "24K\u56fd\u9645\u8fde\u9501\u9152\u5e97(\u4e0a\u6d77\u5357\u4eac\u4e1c\u8def\u6b65\u884c\u8857\u5e97)", "order_time": ["2019-01-12 02:49:03"], "total_order": 1, "hotel_value": ["4.0"], "hotel_price": ["528"]}, "3630661": {"hotel_name": "\u4e0a\u6d77\u5bcc\u9976\u5546\u52a1\u5bbe\u9986", "order_time": ["2019-01-12 02:50:26"], "total_order": 1, "hotel_value": ["4.3"], "hotel_price": ["156"]}, "7077676": {"hotel_name": "\u6854\u5b50\u9152\u5e97\u00b7\u7cbe\u9009(\u4e0a\u6d77\u8679\u6865\u53e4\u5317\u5e97)", "order_time": ["2019-01-12 02:50:27"], "total_order": 1, "hotel_value": ["4.8"], "hotel_price": ["341"]}, "3460049": {"hotel_name": "\u548c\u9890\u9152\u5e97(\u4e0a\u6d77\u8679\u6865\u56fd\u5bb6\u4f1a\u5c55\u4e2d\u5fc3\u6caa\u9752\u5e73\u5e97)", "order_time": ["2019-01-12 02:50:29"], "total_order": 1, "hotel_value": ["4.7"], "hotel_price": ["241"]}, "374910": {"hotel_name": "\u4e0a\u6d77\u5916\u6ee9\u60a6\u6995\u5e84", "order_time": ["2019-01-12 02:50:29"], "total_order": 1, "hotel_value": ["4.6"], "hotel_price": ["2323"]}, "19751230": {"hotel_name": "\u4e0a\u6d77\u7ed8\u4e91\u65f6\u5149\u91cc\u9152\u5e97", "order_time": ["2019-01-12 02:50:30"], "total_order": 1, "hotel_value": ["4.8"], "hotel_price": ["304"]}, "661555": {"hotel_name": "\u4e0a\u6d77\u60a6\u534e\u5927\u9152\u5e97", "order_time": ["2019-01-12 02:50:31"], "total_order": 1, "hotel_value": ["4.7"], "hotel_price": ["443"]}, "6545347": {"hotel_name": "\u4e0a\u6d77\u749e\u771f\u9152\u5e97", "order_time": ["2019-01-12 02:50:33"], "total_order": 1, "hotel_value": ["4.8"], "hotel_price": ["226"]}, "712980": {"hotel_name": "\u4e0a\u6d77\u5b9d\u534e\u4e07\u8c6a\u9152\u5e97", "order_time": ["2019-01-12 02:50:33"], "total_order": 1, "hotel_value": ["4.7"], "hotel_price": ["816"]}, "2291410": {"hotel_name": "\u5168\u5b63\u9152\u5e97(\u4e0a\u6d77\u8679\u6865\u5434\u4e2d\u8def\u5e97)", "order_time": ["2019-01-12 02:50:35"], "total_order": 1, "hotel_value": ["4.9"], "hotel_price": ["332"]}, "534982": {"hotel_name": "\u9526\u6c5f\u90fd\u57ce\u7ecf\u5178(\u4e0a\u6d77\u9759\u5b89\u5bfa\u5e97)(\u539f\u8fbe\u534e\u5e97)", "order_time": ["2019-01-12 02:50:35"], "total_order": 1, "hotel_value": ["4.7"], "hotel_price": ["399"]}, "1354941": {"hotel_name": "\u4e0a\u6d77\u6c49\u5ef7\u9152\u5e97", "order_time": ["2019-01-12 02:50:35"], "total_order": 1, "hotel_value": ["4.6"], "hotel_price": ["227"]}, "992765": {"hotel_name": "\u548c\u9890\u9152\u5e97(\u4e0a\u6d77\u5357\u4eac\u4e1c\u8def\u4eba\u6c11\u5e7f\u573a\u5e97)", "order_time": ["2019-01-12 02:50:35"], "total_order": 1, "hotel_value": ["4.7"], "hotel_price": ["459"]}, "469843": {"hotel_name": "\u4e0a\u6d77\u91d1\u6c99\u667a\u9009\u5047\u65e5\u9152\u5e97", "order_time": ["2019-01-12 02:50:36"], "total_order": 1, "hotel_value": ["4.7"], "hotel_price": ["459"]}, "8853762": {"hotel_name": "\u4e0a\u6d77\u5b9d\u5c71\u5fb7\u5c14\u5854\u9152\u5e97", "order_time": ["2019-01-12 02:50:37"], "total_order": 1, "hotel_value": ["4.5"], "hotel_price": ["498"]}, "387230": {"hotel_name": "\u4e0a\u6d77\u9f0e\u56ed\u745e\u5cf0\u516c\u5bd3\u9152\u5e97", "order_time": ["2019-01-12 02:50:38"], "total_order": 1, "hotel_value": ["4.2"], "hotel_price": ["372"]}, "5387930": {"hotel_name": "\u5e03\u4e01\u9152\u5e97(\u4e0a\u6d77\u9646\u5bb6\u5634\u5858\u6865\u5546\u4e1a\u5e7f\u573a\u5730\u94c1\u7ad9\u5e97)", "order_time": ["2019-01-12 02:50:41"], "total_order": 1, "hotel_value": ["4.2"], "hotel_price": ["140"]}, "28556836": {"hotel_name": "\u5168\u5b63\u9152\u5e97(\u4e0a\u6d77\u56fd\u5bb6\u4f1a\u5c55\u4e2d\u5fc3\u5357\u534e\u8857\u5e97)", "order_time": ["2019-01-12 02:50:45"], "total_order": 1, "hotel_value": [0], "hotel_price": ["265"]}, "2652253": {"hotel_name": "\u6d77\u53cb\u9152\u5e97(\u4e0a\u6d77\u5916\u6ee9\u5357\u4eac\u4e1c\u8def\u5e97)", "order_time": ["2019-01-12 02:50:47"], "total_order": 1, "hotel_value": ["4.2"], "hotel_price": ["218"]}, "1477107": {"hotel_name": "\u4e0a\u6d77\u84dd\u8c03\u65f6\u5c1a\u7cbe\u54c1\u8fde\u9501\u9152\u5e97", "order_time": ["2019-01-12 02:51:03"], "total_order": 1, "hotel_value": ["4.1"], "hotel_price": ["226"]}, "2391894": {"hotel_name": "\u4e0a\u6d77\u5c1a\u8f69\u65c5\u5e97", "order_time": ["2019-01-12 02:51:28"], "total_order": 1, "hotel_value": [0], "hotel_price": ["148"]}, "1582961": {"hotel_name": "\u5982\u5bb6\u5546\u65c5\u9152\u5e97(\u4e0a\u6d77\u5929\u76ee\u4e1c\u8def\u5b9d\u5c71\u8def\u5730\u94c1\u7ad9\u5e97)", "order_time": ["2019-01-12 02:52:35"], "total_order": 1, "hotel_value": ["4.7"], "hotel_price": ["284"]}, "536088": {"hotel_name": "\u9526\u6c5f\u90fd\u57ce\u7ecf\u5178\u4e0a\u6d77\u65b0\u57ce\u5916\u6ee9\u9152\u5e97", "order_time": ["2019-01-12 02:53:33"], "total_order": 1, "hotel_value": ["4.7"], "hotel_price": ["912"]}, "16020108": {"hotel_name": "\u4e0a\u6d77\u643a\u7a0b\u7f8e\u5c45\u9152\u5e97", "order_time": ["2019-01-12 02:53:35"], "total_order": 1, "hotel_value": ["4.7"], "hotel_price": ["356"]}, "347132": {"hotel_name": "\u4e0a\u6d77\u6d66\u4e1c\u56db\u5b63\u9152\u5e97", "order_time": ["2019-01-12 02:53:35"], "total_order": 1, "hotel_value": ["4.7"], "hotel_price": ["1489"]}, "5975399": {"hotel_name": "\u5bbf\u9002\u8f7b\u5962\u9152\u5e97(\u4e0a\u6d77\u4eba\u6c11\u5e7f\u573a\u5357\u4eac\u4e1c\u8def\u5e97)", "order_time": ["2019-01-12 02:53:35"], "total_order": 1, "hotel_value": ["4.6"], "hotel_price": ["459"]}, "1994123": {"hotel_name": "\u6d66\u6c5f\u7cbe\u9009\u9152\u5e97(\u4e0a\u6d77\u8679\u6865\u67a2\u7ebd\u4f1a\u5c55\u4e2d\u5fc3\u5e97)", "order_time": ["2019-01-12 02:53:38"], "total_order": 1, "hotel_value": ["4.6"], "hotel_price": ["165"]}, "16946069": {"hotel_name": "\u5bbf\u9002\u8f7b\u5962\u9152\u5e97(\u4e0a\u6d77\u5357\u7ad9\u6f15\u6cb3\u6cfe\u5e97)", "order_time": ["2019-01-12 02:53:39"], "total_order": 1, "hotel_value": ["4.8"], "hotel_price": ["299"]}, "5782019": {"hotel_name": "\u4e0a\u6d77\u94f6\u5ef7\u60a6\u83b1\u7cbe\u54c1\u9152\u5e97", "order_time": ["2019-01-12 02:53:43"], "total_order": 1, "hotel_value": ["4.6"], "hotel_price": ["519"]}, "6245432": {"hotel_name": "\u4e0a\u6d77\u9759\u5b89CitiGO\u6b22\u9601\u9152\u5e97", "order_time": ["2019-01-12 03:16:50", "2019-01-12 02:53:45"], "total_order": 2, "hotel_value": ["4.7", "4.7"], "hotel_price": ["569", "569"]}, "486572": {"hotel_name": "\u78a7\u60a6\u57ce\u5e02\u9152\u5e97(\u4e0a\u6d77\u91d1\u6865\u5e97)", "order_time": ["2019-01-12 02:53:47"], "total_order": 1, "hotel_value": ["4.5"], "hotel_price": ["389"]}, "2304996": {"hotel_name": "\u901f8\u9152\u5e97(\u4e0a\u6d77\u677e\u6c5f\u8f66\u58a9\u5f71\u89c6\u57ce\u5357\u59da\u8def\u5e97)", "order_time": ["2019-01-12 03:13:40", "2019-01-12 02:53:57", "2019-01-12 03:27:16"], "total_order": 3, "hotel_value": ["4.3", "4.3", "4.3"], "hotel_price": ["118", "118", "118"]}, "2202311": {"hotel_name": "\u4e0a\u6d77\u4e50\u52a0\u65f6\u5c1a\u7cbe\u54c1\u9152\u5e97", "order_time": ["2019-01-12 03:24:00", "2019-01-12 02:54:26"], "total_order": 2, "hotel_value": ["4.2", "4.2"], "hotel_price": ["158", "158"]}, "433205": {"hotel_name": "\u4e0a\u6d77\u8679\u6865\u7f8e\u4ed1\u7f8e\u5c45\u9152\u5e97", "order_time": ["2019-01-12 03:38:29", "2019-01-12 02:55:24"], "total_order": 2, "hotel_value": ["4.6", "4.6"], "hotel_price": ["359", "359"]}, "2298890": {"hotel_name": "\u6d66\u6c5f\u4e4b\u661f(\u57ce\u968d\u5e99\u8001\u897f\u95e8\u5730\u94c1\u7ad9)(\u539f\u4e1c\u53f0\u8def\u5e97)", "order_time": ["2019-01-12 02:56:48"], "total_order": 1, "hotel_value": ["4.1"], "hotel_price": ["162"]}, "11160458": {"hotel_name": "\u4e0a\u6d77\u9752\u5962\u6982\u5ff5\u9152\u5e97", "order_time": ["2019-01-12 02:56:49"], "total_order": 1, "hotel_value": ["4.7"], "hotel_price": ["265"]}, "1183775": {"hotel_name": "\u4e92\u6b23\u7cbe\u54c1\u9152\u5e97(\u4e0a\u6d77\u65b0\u56fd\u9645\u535a\u89c8\u4e2d\u5fc3\u5e97)", "order_time": ["2019-01-12 03:03:25", "2019-01-12 02:56:50"], "total_order": 2, "hotel_value": ["4.2", "4.2"], "hotel_price": ["142", "142"]}, "987608": {"hotel_name": "\u4e0a\u6d77\u6d77\u7acb\u65b9\u56fd\u9645\u9152\u5e97", "order_time": ["2019-01-12 02:56:51"], "total_order": 1, "hotel_value": ["4.7"], "hotel_price": ["408"]}, "6556423": {"hotel_name": "\u5409\u6cf0\u9152\u5e97(\u4e0a\u6d77\u5f90\u5bb6\u6c47\u4ea4\u5927\u5b9c\u5c71\u8def\u5730\u94c1\u7ad9\u5e97)", "order_time": ["2019-01-12 02:56:58"], "total_order": 1, "hotel_value": ["4.2"], "hotel_price": ["158"]}, "436431": {"hotel_name": "\u5982\u5bb6\u5feb\u6377\u9152\u5e97(\u4e0a\u6d77\u8679\u6865\u53e4\u5317\u5e97)", "order_time": ["2019-01-12 02:56:58"], "total_order": 1, "hotel_value": ["4.4"], "hotel_price": ["161"]}, "375549": {"hotel_name": "\u4e0a\u6d77\u6ef4\u6c34\u6e56\u7687\u51a0\u5047\u65e5\u9152\u5e97", "order_time": ["2019-01-12 02:57:00"], "total_order": 1, "hotel_value": ["4.4"], "hotel_price": ["2589"]}, "2306176": {"hotel_name": "\u683c\u6797\u8c6a\u6cf0(\u4e0a\u6d77\u4e94\u89d2\u573a\u5e97)", "order_time": ["2019-01-12 03:10:17", "2019-01-12 02:57:02"], "total_order": 2, "hotel_value": ["4.0", "4.0"], "hotel_price": ["269", "269"]}, "2472078": {"hotel_name": "\u4e0a\u6d77\u901a\u83b9\u65f6\u5c1a\u9152\u5e97(\u539f\u9ad8\u8001\u5e84\u5409\u7965\u574a)", "order_time": ["2019-01-12 02:57:05"], "total_order": 1, "hotel_value": ["4.1"], "hotel_price": ["150"]}, "5152726": {"hotel_name": "\u84dd\u8c03\u7cbe\u54c1\u9152\u5e97(\u4e0a\u6d77\u56fd\u5c55\u4e2d\u5fc3\u4e30\u5e84\u5730\u94c1\u7ad9\u5e97)", "order_time": ["2019-01-12 02:57:05"], "total_order": 1, "hotel_value": ["4.2"], "hotel_price": ["169"]}, "912147": {"hotel_name": "\u6d77\u53cb\u826f\u54c1\u9152\u5e97(\u4e0a\u6d77\u5317\u5916\u6ee9\u5b81\u56fd\u8def\u5730\u94c1\u7ad9\u5e97)(\u539f\u957f\u9633\u8def\u5e97)", "order_time": ["2019-01-12 02:57:06"], "total_order": 1, "hotel_value": ["4.5"], "hotel_price": ["199"]}, "6663557": {"hotel_name": "\u4e0a\u6d77\u8fea\u51ef\u7cbe\u9009\u9152\u5e97", "order_time": ["2019-01-12 02:57:13"], "total_order": 1, "hotel_value": ["4.3"], "hotel_price": ["219"]}, "2857980": {"hotel_name": "\u827e\u4eab\u65f6\u5c1a\u65c5\u5e97(\u4e0a\u6d77\u5929\u94a5\u6865\u8def\u5e97)", "order_time": ["2019-01-12 02:57:16"], "total_order": 1, "hotel_value": ["3.8"], "hotel_price": ["208"]}, "2638147": {"hotel_name": "\u4e0a\u6d77\u69b4\u6843\u9752\u5e74\u5ba2\u6808", "order_time": ["2019-01-12 02:57:49"], "total_order": 1, "hotel_value": ["3.3"], "hotel_price": ["47"]}, "346405": {"hotel_name": "\u4e0a\u6d77\u5916\u6ee9\u82f1\u8fea\u683c\u9152\u5e97", "order_time": ["2019-01-12 03:00:09"], "total_order": 1, "hotel_value": ["4.6"], "hotel_price": ["1199"]}, "13787993": {"hotel_name": "\u4e00\u95f4\u68ee\u6797\u9752\u5e74\u65c5\u793e(\u4e0a\u6d77\u9759\u5b89\u5e97)", "order_time": ["2019-01-12 03:00:10", "2019-01-12 03:17:02"], "total_order": 2, "hotel_value": ["4.8", "4.8"], "hotel_price": ["90", "90"]}, "4978892": {"hotel_name": "\u6854\u5b50\u9152\u5e97\u00b7\u7cbe\u9009(\u4e0a\u6d77\u6c5f\u6865\u66f9\u5b89\u516c\u8def\u5e97)(\u539f\u8679\u6865\u673a\u573a\u56fd\u5c55\u4e2d\u5fc3\u9152\u5e97)", "order_time": ["2019-01-12 03:00:11", "2019-01-12 03:23:33"], "total_order": 2, "hotel_value": ["4.8", "4.8"], "hotel_price": ["275", "275"]}, "429106": {"hotel_name": "\u4e0a\u6d77\u5fa1\u9526\u8f69\u51ef\u5bbe\u65af\u57fa\u5168\u5957\u623f\u9152\u5e97", "order_time": ["2019-01-12 03:00:13"], "total_order": 1, "hotel_value": ["4.5"], "hotel_price": ["896"]}, "1231581": {"hotel_name": "\u66fc\u54c8\u987f\u9152\u5e97(\u4e0a\u6d77\u95f5\u884c\u5e97)", "order_time": ["2019-01-12 03:00:13"], "total_order": 1, "hotel_value": ["4.6"], "hotel_price": ["448"]}, "417503": {"hotel_name": "\u4e0a\u6d77\u5229\u56ed\u56fd\u9645\u5927\u9152\u5e97", "order_time": ["2019-01-12 03:00:14"], "total_order": 1, "hotel_value": ["4.7"], "hotel_price": ["556"]}, "985088": {"hotel_name": "\u5168\u5b63\u9152\u5e97(\u4e0a\u6d77\u706b\u8f66\u7ad9\u5929\u76ee\u897f\u8def\u5e97)", "order_time": ["2019-01-12 03:00:18", "2019-01-12 03:33:49"], "total_order": 2, "hotel_value": ["4.6", "4.6"], "hotel_price": ["360", "360"]}, "346403": {"hotel_name": "\u4e0a\u6d77\u91d1\u8302\u541b\u60a6\u5927\u9152\u5e97", "order_time": ["2019-01-12 03:00:19"], "total_order": 1, "hotel_value": ["4.6"], "hotel_price": ["1229"]}, "346390": {"hotel_name": "\u4e0a\u6d77\u56fd\u9645\u8d35\u90fd\u5927\u996d\u5e97", "order_time": ["2019-01-12 03:00:20"], "total_order": 1, "hotel_value": ["4.6"], "hotel_price": ["666"]}, "454359": {"hotel_name": "\u4e0a\u6d77\u56fd\u9645\u4e3d\u90fd\u516c\u9986\u9152\u5e97\u5f0f\u670d\u52a1\u516c\u5bd3", "order_time": ["2019-01-12 03:00:24"], "total_order": 1, "hotel_value": ["4.6"], "hotel_price": ["480"]}, "932270": {"hotel_name": "\u7ef4\u4e5f\u7eb3\u56fd\u9645\u9152\u5e97(\u4e0a\u6d77\u56fd\u5c55\u4e2d\u5fc3\u66f9\u5b89\u516c\u8def\u5e97)(\u539f\u8679\u6865\u67a2\u7ebd\u56fd\u5c55\u5e97)", "order_time": ["2019-01-12 03:26:55", "2019-01-12 03:00:24", "2019-01-12 03:37:01"], "total_order": 3, "hotel_value": ["4.8", "4.8", "4.8"], "hotel_price": ["269", "269", "269"]}, "4036995": {"hotel_name": "\u5168\u5b63\u9152\u5e97(\u4e0a\u6d77\u989b\u6865\u4e07\u8fbe\u5e97)", "order_time": ["2019-01-12 03:00:24"], "total_order": 1, "hotel_value": ["4.9"], "hotel_price": ["436"]}, "2074200": {"hotel_name": "8090\u88d5\u8c6a\u9152\u5e97(\u4e0a\u6d77\u677e\u6c5f\u65b0\u57ce\u5e97)", "order_time": ["2019-01-12 03:00:25"], "total_order": 1, "hotel_value": ["4.3"], "hotel_price": ["232"]}, "5975757": {"hotel_name": "\u7ef4\u4e5f\u7eb3\u9152\u5e97(\u4e0a\u6d77\u8679\u6865\u67a2\u7ebd\u91d1\u90fd\u8def\u5e97)", "order_time": ["2019-01-12 03:00:29"], "total_order": 1, "hotel_value": ["4.8"], "hotel_price": ["326"]}, "23737091": {"hotel_name": "\u5168\u5b63\u9152\u5e97(\u4e0a\u6d77\u8679\u6865\u5a04\u5c71\u5173\u8def\u5730\u94c1\u7ad9\u5e97)", "order_time": ["2019-01-12 03:00:30"], "total_order": 1, "hotel_value": ["4.7"], "hotel_price": ["503"]}, "469055": {"hotel_name": "\u4e0a\u6d77\u9759\u5b89\u9999\u683c\u91cc\u62c9\u5927\u9152\u5e97", "order_time": ["2019-01-12 03:02:25"], "total_order": 1, "hotel_value": ["4.8"], "hotel_price": ["1735"]}, "12780887": {"hotel_name": "\u4e0a\u6d77\u7a7a\u96c6\u9752\u5e74\u65c5\u820d", "order_time": ["2019-01-12 03:03:25"], "total_order": 1, "hotel_value": ["4.6"], "hotel_price": ["439"]}, "21148002": {"hotel_name": "\u4e0a\u6d77\u745e\u8f69\u9152\u5e97", "order_time": ["2019-01-12 03:03:30"], "total_order": 1, "hotel_value": ["4.6"], "hotel_price": ["468"]}, "345827": {"hotel_name": "\u4e0a\u6d77\u96c5\u5c45\u4e50\u4e07\u8c6a\u9152\u5e97", "order_time": ["2019-01-12 03:03:32", "2019-01-12 03:20:14"], "total_order": 2, "hotel_value": ["4.7", "4.7"], "hotel_price": ["1046", "1046"]}, "429724": {"hotel_name": "\u4e0a\u6d77\u8d22\u5927\u8c6a\u751f\u5927\u9152\u5e97", "order_time": ["2019-01-12 03:03:35"], "total_order": 1, "hotel_value": ["4.7"], "hotel_price": ["686"]}, "1298603": {"hotel_name": "\u4e0a\u6d77\u660e\u73e0\u5927\u996d\u5e97", "order_time": ["2019-01-12 03:03:36"], "total_order": 1, "hotel_value": ["4.4"], "hotel_price": ["300"]}, "2887525": {"hotel_name": "\u91d1\u5df4\u5170\u9152\u5e97(\u4e0a\u6d77\u8398\u5e84\u5e97)", "order_time": ["2019-01-12 03:03:40"], "total_order": 1, "hotel_value": ["4.4"], "hotel_price": ["322"]}, "1307636": {"hotel_name": "\u6c49\u5ead\u9152\u5e97(\u4e0a\u6d77\u706b\u8f66\u7ad9\u5e97)", "order_time": ["2019-01-12 03:03:41"], "total_order": 1, "hotel_value": ["4.1"], "hotel_price": ["256"]}, "6736407": {"hotel_name": "\u5b9c\u5fc5\u601d\u5c1a\u54c1\u9152\u5e97(\u4e0a\u6d77\u8679\u6865\u673a\u573a\u6caa\u9752\u5e73\u516c\u8def\u5e97)", "order_time": ["2019-01-12 03:03:49"], "total_order": 1, "hotel_value": ["4.6"], "hotel_price": ["246"]}, "21437743": {"hotel_name": "\u4e07\u4fe1\u6167\u9009\u9152\u5e97(\u4e0a\u6d77\u66f9\u8def\u6c11\u96f7\u8def\u5730\u94c1\u7ad9\u5e97)", "order_time": ["2019-01-12 03:03:51"], "total_order": 1, "hotel_value": ["4.8"], "hotel_price": ["155"]}, "1217128": {"hotel_name": "\u8587\u7231\u7cbe\u54c1\u65f6\u5c1a\u9152\u5e97(\u4e0a\u6d77\u6843\u6d66\u897f\u7ad9\u5e97)", "order_time": ["2019-01-12 03:03:51"], "total_order": 1, "hotel_value": ["4.6"], "hotel_price": ["409"]}, "481545": {"hotel_name": "\u5e03\u4e01\u9152\u5e97(\u4e0a\u6d77\u5317\u5916\u6ee9\u5e97)", "order_time": ["2019-01-12 03:03:56"], "total_order": 1, "hotel_value": ["4.2"], "hotel_price": ["127"]}, "1335597": {"hotel_name": "\u79cb\u6797\u9601\u9152\u5e97(\u4e0a\u6d77\u5f20\u6c5f\u5e97)", "order_time": ["2019-01-12 03:04:05"], "total_order": 1, "hotel_value": ["4.3"], "hotel_price": ["220"]}, "1569721": {"hotel_name": "\u5982\u5bb6\u5feb\u6377\u9152\u5e97(\u4e0a\u6d77\u6768\u6d66\u5927\u6865\u9686\u660c\u8def\u5730\u94c1\u7ad9\u5e97)", "order_time": ["2019-01-12 03:06:41"], "total_order": 1, "hotel_value": ["4.4"], "hotel_price": ["179"]}, "416228": {"hotel_name": "\u4e0a\u6d77\u749e\u4e3d\u9152\u5e97", "order_time": ["2019-01-12 03:06:42"], "total_order": 1, "hotel_value": ["4.7"], "hotel_price": ["1480"]}, "449927": {"hotel_name": "\u5168\u5b63\u9152\u5e97(\u4e0a\u6d77\u5f90\u5bb6\u6c47\u5e97)", "order_time": ["2019-01-12 03:06:45"], "total_order": 1, "hotel_value": ["4.6"], "hotel_price": ["541"]}, "2305384": {"hotel_name": "\u5409\u6cf0\u8fde\u9501\u9152\u5e97(\u4e0a\u6d77\u4e16\u7eaa\u5927\u9053\u5e97)", "order_time": ["2019-01-12 03:06:57"], "total_order": 1, "hotel_value": ["4.2"], "hotel_price": ["169"]}, "2304456": {"hotel_name": "\u4e0a\u6d77\u9526\u5c1a\u5bbe\u9986", "order_time": ["2019-01-12 03:07:07"], "total_order": 1, "hotel_value": ["4.2"], "hotel_price": ["107"]}, "905996": {"hotel_name": "\u6613\u4f70\u8fde\u9501\u65c5\u5e97(\u4e0a\u6d77\u6c5f\u6d66\u8def\u5730\u94c1\u7ad9\u5e97)(\u539f\u6b27\u51ef\u65c5\u9986)", "order_time": ["2019-01-12 03:07:08"], "total_order": 1, "hotel_value": ["4.1"], "hotel_price": ["130"]}, "5319914": {"hotel_name": "\u6d77\u53cb\u9152\u5e97(\u4e0a\u6d77\u4e5d\u4ead\u5927\u8857\u5e97)", "order_time": ["2019-01-12 03:07:10"], "total_order": 1, "hotel_value": ["3.7"], "hotel_price": ["89"]}, "2636835": {"hotel_name": "\u4e0a\u6d77\u79cb\u6c34\u5858\u65c5\u5e97", "order_time": ["2019-01-12 03:07:13"], "total_order": 1, "hotel_value": [0], "hotel_price": ["148"]}, "962646": {"hotel_name": "\u4e0a\u6d77\u9970\u5e06\u5feb\u6377\u9152\u5e97", "order_time": ["2019-01-12 03:07:19"], "total_order": 1, "hotel_value": ["4.2"], "hotel_price": ["125"]}, "8578348": {"hotel_name": "\u4e0a\u6d77\u522b\u5885\u4e00\u9601\u7cbe\u54c1\u516c\u5bd3", "order_time": ["2019-01-12 03:07:20"], "total_order": 1, "hotel_value": ["4.6"], "hotel_price": ["187"]}, "1620117": {"hotel_name": "\u4e0a\u6d77\u9526\u5e90\u5546\u52a1\u5bbe\u9986(\u539f\u9526\u5362\u8fde\u9501\u65c5\u5e97\u5b89\u5b81\u5e97)", "order_time": ["2019-01-12 03:07:24"], "total_order": 1, "hotel_value": ["4.1"], "hotel_price": ["90"]}, "26535604": {"hotel_name": "\u6d77\u53cb\u9152\u5e97(\u4e0a\u6d77\u5317\u5916\u6ee9\u957f\u9633\u8def\u5e97)", "order_time": ["2019-01-12 03:07:27"], "total_order": 1, "hotel_value": [0], "hotel_price": ["139"]}, "912173": {"hotel_name": "\u4e0a\u6d77\u5b9c\u5c45\u7cbe\u54c1\u8fde\u9501\u9152\u5e97(\u539f\u8bd7\u97f3\u65c5\u9986)", "order_time": ["2019-01-12 03:07:35"], "total_order": 1, "hotel_value": ["4.1"], "hotel_price": ["159"]}, "449910": {"hotel_name": "\u5168\u5b63\u9152\u5e97(\u4e0a\u6d77\u6dee\u6d77\u8def\u5e97)", "order_time": ["2019-01-12 03:08:54"], "total_order": 1, "hotel_value": ["4.8"], "hotel_price": ["550"]}, "15878972": {"hotel_name": "\u548c\u9890\u81f3\u5c0a\u9152\u5e97(\u4e0a\u6d77\u4e16\u535a\u5e97)", "order_time": ["2019-01-12 03:09:56"], "total_order": 1, "hotel_value": ["4.6"], "hotel_price": ["617"]}, "2541699": {"hotel_name": "\u4e0a\u6d77\u4ebf\u5ba2\u65c5\u9986", "order_time": ["2019-01-12 03:10:01"], "total_order": 1, "hotel_value": ["4.3"], "hotel_price": ["123"]}, "9548847": {"hotel_name": "\u4e0a\u6d77\u9a8f\u8c6a\u9152\u5e97\u5f0f\u516c\u5bd3", "order_time": ["2019-01-12 03:10:07"], "total_order": 1, "hotel_value": ["4.4"], "hotel_price": ["298"]}, "2313419": {"hotel_name": "\u6c49\u5ead\u9152\u5e97(\u4e0a\u6d77\u5916\u6ee9\u6c5f\u897f\u4e2d\u8def\u5e97)", "order_time": ["2019-01-12 03:10:08"], "total_order": 1, "hotel_value": ["4.4"], "hotel_price": ["389"]}, "3656599": {"hotel_name": "\u9014\u5ba2\u4e2d\u56fd\u9152\u5e97(\u4e0a\u6d77\u5f90\u5bb6\u6c47\u8944\u9633\u5357\u8def\u5e97)", "order_time": ["2019-01-12 03:10:09"], "total_order": 1, "hotel_value": ["4.6"], "hotel_price": ["239"]}, "12299309": {"hotel_name": "\u5b9d\u6cc9\u7cbe\u81f4\u9152\u5e97(\u4e0a\u6d77\u5916\u6ee9\u4e2d\u5fc3\u5e97)", "order_time": ["2019-01-12 03:10:15"], "total_order": 1, "hotel_value": ["4.4"], "hotel_price": ["185"]}, "15726812": {"hotel_name": "\u7ef4\u4e5f\u7eb3\u9152\u5e97(\u4e0a\u6d77\u5609\u5b9a\u65b0\u57ce\u8fdc\u9999\u6e56\u5e97)", "order_time": ["2019-01-12 03:10:20"], "total_order": 1, "hotel_value": ["4.9"], "hotel_price": ["176"]}, "4037106": {"hotel_name": "\u6c49\u5ead\u9152\u5e97(\u4e0a\u6d77\u8679\u6865\u67a2\u7ebd\u706b\u8f66\u7ad9\u5357\u5e97)", "order_time": ["2019-01-12 03:10:21"], "total_order": 1, "hotel_value": ["4.3"], "hotel_price": ["123"]}, "975392": {"hotel_name": "\u6c49\u5ead\u9152\u5e97(\u4e0a\u6d77\u706b\u8f66\u7ad9\u4e2d\u5c71\u5317\u8def\u5e97)", "order_time": ["2019-01-12 03:10:21"], "total_order": 1, "hotel_value": ["4.5"], "hotel_price": ["216"]}, "3002806": {"hotel_name": "\u6c49\u5ead\u9152\u5e97(\u4e0a\u6d77\u7530\u5b50\u574a\u5e97)", "order_time": ["2019-01-12 03:10:23"], "total_order": 1, "hotel_value": ["4.3"], "hotel_price": ["246"]}, "2223170": {"hotel_name": "\u683c\u6797\u8c6a\u6cf0(\u4e0a\u6d77\u5eb7\u6865\u6d66\u4e09\u8def\u5730\u94c1\u7ad9\u9526\u7ee3\u8def\u5e97)", "order_time": ["2019-01-12 03:10:24"], "total_order": 1, "hotel_value": ["4.5"], "hotel_price": ["136"]}, "762176": {"hotel_name": "\u4e0a\u6d77\u67cf\u857e\u65f6\u5c1a\u9152\u5e97", "order_time": ["2019-01-12 03:10:33"], "total_order": 1, "hotel_value": ["4.0"], "hotel_price": ["228"]}, "1578931": {"hotel_name": "\u5eb7\u94c2\u9152\u5e97(\u4e0a\u6d77\u81ea\u7136\u535a\u7269\u9986\u5e97)", "order_time": ["2019-01-12 03:13:19"], "total_order": 1, "hotel_value": ["4.6"], "hotel_price": ["353"]}, "23234199": {"hotel_name": "\u4e0a\u6d77\u534f\u4fe1\u838e\u739b\u8679\u6865\u670d\u52a1\u5f0f\u516c\u5bd3", "order_time": ["2019-01-12 03:13:19"], "total_order": 1, "hotel_value": ["4.7"], "hotel_price": ["467"]}, "5256400": {"hotel_name": "\u4e0a\u6d77\u5ba2\u83b1\u798f\u8bfa\u5bcc\u7279\u9152\u5e97(\u539f\u5eb7\u6865\u8bfa\u5bcc\u7279\u9152\u5e97)", "order_time": ["2019-01-12 03:13:19"], "total_order": 1, "hotel_value": ["4.6"], "hotel_price": ["626"]}, "22249761": {"hotel_name": "\u4e0a\u6d77\u9690\u9a7f\u9152\u5e97", "order_time": ["2019-01-12 03:13:23"], "total_order": 1, "hotel_value": ["4.6"], "hotel_price": ["468"]}, "5573746": {"hotel_name": "\u7ef4\u4e5f\u7eb3\u56fd\u9645\u9152\u5e97(\u4e0a\u6d77\u5357\u6865\u5e97)", "order_time": ["2019-01-12 03:13:24"], "total_order": 1, "hotel_value": ["4.8"], "hotel_price": ["280"]}, "690633": {"hotel_name": "\u5168\u5b63\u9152\u5e97(\u4e0a\u6d77\u9646\u5bb6\u5634\u6d66\u4e1c\u5357\u8def\u5e97)(\u539f\u4e50\u8212\u9152\u5e97)", "order_time": ["2019-01-12 03:13:25"], "total_order": 1, "hotel_value": ["4.7"], "hotel_price": ["351"]}, "9237130": {"hotel_name": "\u827e\u4eab\u9152\u5e97(\u4e0a\u6d77\u53e4\u7f8e\u8def\u5e97)", "order_time": ["2019-01-12 03:13:25"], "total_order": 1, "hotel_value": ["4.7"], "hotel_price": ["231"]}, "346398": {"hotel_name": "\u4e0a\u6d77\u7eff\u5730\u4e07\u8c6a\u9152\u5e97", "order_time": ["2019-01-12 03:13:26"], "total_order": 1, "hotel_value": ["4.5"], "hotel_price": ["1079"]}, "458349": {"hotel_name": "\u9526\u6c5f\u90fd\u57ce\u7ecf\u5178\u4e0a\u6d77\u9752\u5e74\u4f1a\u4eba\u6c11\u5e7f\u573a\u9152\u5e97", "order_time": ["2019-01-12 03:39:55", "2019-01-12 03:13:26", "2019-01-12 03:33:49"], "total_order": 3, "hotel_value": ["4.7", "4.7", "4.7"], "hotel_price": ["620", "620", "620"]}, "6256784": {"hotel_name": "\u5168\u5b63\u9152\u5e97(\u4e0a\u6d77\u957f\u98ce\u516c\u56ed\u5e97)", "order_time": ["2019-01-12 03:13:27"], "total_order": 1, "hotel_value": ["4.8"], "hotel_price": ["408"]}, "826314": {"hotel_name": "\u4e0a\u6d77\u5723\u8bfa\u4e9a\u7687\u51a0\u5047\u65e5\u9152\u5e97", "order_time": ["2019-01-12 03:13:29"], "total_order": 1, "hotel_value": ["4.7"], "hotel_price": ["909"]}, "17482730": {"hotel_name": "\u7ef4\u4e5f\u7eb3\u9152\u5e97(\u4e0a\u6d77\u9759\u5b89\u9ad8\u5e73\u8def\u5e97)", "order_time": ["2019-01-12 03:13:30"], "total_order": 1, "hotel_value": ["4.6"], "hotel_price": ["318"]}, "486701": {"hotel_name": "\u4e0a\u6d77\u5723\u6dd8\u6c99\u4e07\u6021\u9152\u5e97(\u539f\u65b0\u53d1\u5c55\u5723\u6dd8\u6c99\u5927\u9152\u5e97)", "order_time": ["2019-01-12 03:13:31", "2019-01-12 03:33:39"], "total_order": 2, "hotel_value": ["4.6", "4.6"], "hotel_price": ["423", "423"]}, "640498": {"hotel_name": "\u9526\u6c5f\u4e4b\u661f(\u4e0a\u6d77\u6f15\u5b9d\u8def\u5730\u94c1\u7ad9\u5e97)", "order_time": ["2019-01-12 03:13:33"], "total_order": 1, "hotel_value": ["4.5"], "hotel_price": ["281"]}, "427737": {"hotel_name": "\u83ab\u6cf0168(\u4e0a\u6d77\u8679\u53e3\u8db3\u7403\u573a\u56db\u5e73\u8def\u5e97)", "order_time": ["2019-01-12 03:13:38"], "total_order": 1, "hotel_value": ["4.4"], "hotel_price": ["199"]}, "2305040": {"hotel_name": "\u7eb3\u5170\u65f6\u5c1a\u5bbe\u9986(\u4e0a\u6d77\u54c8\u5bc6\u8def\u5e97)", "order_time": ["2019-01-12 03:13:43"], "total_order": 1, "hotel_value": ["4.4"], "hotel_price": ["169"]}, "2251511": {"hotel_name": "\u6021\u83b1\u9152\u5e97(\u4e0a\u6d77\u8679\u6865\u897f\u90ca\u767e\u8054\u5e97)", "order_time": ["2019-01-12 03:13:45"], "total_order": 1, "hotel_value": ["4.2"], "hotel_price": ["168"]}, "13303818": {"hotel_name": "\u4e0a\u6d77\u6cc9\u6e7e\u5370\u8c61\u4e3b\u9898\u9152\u5e97", "order_time": ["2019-01-12 03:13:46"], "total_order": 1, "hotel_value": ["4.3"], "hotel_price": ["219"]}, "640509": {"hotel_name": "\u9526\u6c5f\u4e4b\u661f(\u4e0a\u6d77\u677e\u6c5f\u5927\u5b66\u57ce\u5e97)", "order_time": ["2019-01-12 03:13:48"], "total_order": 1, "hotel_value": ["4.5"], "hotel_price": ["208"]}, "1028692": {"hotel_name": "8090\u88d5\u8c6a\u9152\u5e97(\u4e0a\u6d77\u8363\u4e50\u5e97)", "order_time": ["2019-01-12 03:13:57"], "total_order": 1, "hotel_value": ["4.3"], "hotel_price": ["188"]}, "436255": {"hotel_name": "\u4e0a\u6d77\u8679\u6865\u673a\u573a\u534e\u6e2f\u96c5\u9601\u9152\u5e97", "order_time": ["2019-01-12 03:46:17", "2019-01-12 03:16:45"], "total_order": 2, "hotel_value": ["4.5", "4.5"], "hotel_price": ["438", "438"]}, "23930547": {"hotel_name": "\u4e0a\u6d77URSIDE\u6709\u5728\u9152\u5e97", "order_time": ["2019-01-12 03:16:54"], "total_order": 1, "hotel_value": ["4.8"], "hotel_price": ["303"]}, "1289402": {"hotel_name": "\u6c49\u5ead\u9152\u5e97(\u4e0a\u6d77\u6d66\u6c5f\u9ad8\u79d1\u6280\u56ed\u533a\u5e97)", "order_time": ["2019-01-12 03:20:07"], "total_order": 1, "hotel_value": ["4.3"], "hotel_price": ["265"]}, "7359951": {"hotel_name": "\u4e0a\u6d77\u99a8\u5e90\u82b1\u56ed\u9152\u5e97", "order_time": ["2019-01-12 03:20:08"], "total_order": 1, "hotel_value": ["4.9"], "hotel_price": ["442"]}, "13178424": {"hotel_name": "\u5b9c\u5fc5\u601d\u9152\u5e97(\u4e0a\u6d77\u5317\u5916\u6ee9\u5468\u5bb6\u5634\u8def\u5e97)", "order_time": ["2019-01-12 03:20:09"], "total_order": 1, "hotel_value": ["4.6"], "hotel_price": ["322"]}, "660024": {"hotel_name": "\u4e0a\u6d77\u9996\u5e2d\u516c\u9986\u9152\u5e97", "order_time": ["2019-01-12 03:20:10"], "total_order": 1, "hotel_value": ["4.5"], "hotel_price": ["1029"]}, "1771630": {"hotel_name": "\u6c49\u5ead\u9152\u5e97(\u4e0a\u6d77\u9f99\u9633\u8def\u78c1\u60ac\u6d6e\u5e97)", "order_time": ["2019-01-12 03:20:19"], "total_order": 1, "hotel_value": ["4.1"], "hotel_price": ["246"]}, "638444": {"hotel_name": "\u4e0a\u6d77\u60a6\u5c1a\u5c45\u5047\u65e5\u9152\u5e97(\u539f\u666f\u60a6\u56fd\u9645\u7cbe\u54c1\u9152\u5e97)", "order_time": ["2019-01-12 03:20:28"], "total_order": 1, "hotel_value": ["4.5"], "hotel_price": ["156"]}, "5304264": {"hotel_name": "\u548c\u9890\u9152\u5e97(\u4e0a\u6d77\u8c6b\u56ed\u5e97)", "order_time": ["2019-01-12 03:20:30"], "total_order": 1, "hotel_value": ["4.7"], "hotel_price": ["340"]}, "22475770": {"hotel_name": "\u4e0a\u6d77\u91d1\u5c71\u667a\u9009\u5047\u65e5\u9152\u5e97", "order_time": ["2019-01-12 03:22:13"], "total_order": 1, "hotel_value": ["4.6"], "hotel_price": ["422"]}, "4434906": {"hotel_name": "\u4e0a\u6d77\u4e3d\u5143LOFT\u9152\u5e97", "order_time": ["2019-01-12 03:23:28", "2019-01-12 03:46:14"], "total_order": 2, "hotel_value": ["4.7", "4.7"], "hotel_price": ["285", "285"]}, "15018492": {"hotel_name": "\u4e0a\u6d77\u5f90\u5bb6\u6c47\u79a7\u73a5\u9152\u5e97", "order_time": ["2019-01-12 03:23:28"], "total_order": 1, "hotel_value": ["4.7"], "hotel_price": ["759"]}, "12603706": {"hotel_name": "\u9526\u6c5f\u90fd\u57ce\u9152\u5e97(\u4e0a\u6d77\u8679\u6865\u673a\u573a\u5434\u4e2d\u8def\u5e97)", "order_time": ["2019-01-12 03:23:36"], "total_order": 1, "hotel_value": ["4.6"], "hotel_price": ["251"]}, "26224670": {"hotel_name": "Zsmart\u667a\u5c1a\u9152\u5e97(\u4e0a\u6d77\u65b0\u534e\u533b\u9662\u5e97)(\u539f\u6c5f\u6d66\u8def\u5730\u94c1\u7ad9\u5e97)", "order_time": ["2019-01-12 03:23:52"], "total_order": 1, "hotel_value": ["4.5"], "hotel_price": ["299"]}, "1230252": {"hotel_name": "\u5409\u6cf0\u8fde\u9501\u9152\u5e97(\u4e0a\u6d77\u5434\u6dde\u7801\u5934\u5e97)", "order_time": ["2019-01-12 03:23:53"], "total_order": 1, "hotel_value": ["4.2"], "hotel_price": ["206"]}, "1978076": {"hotel_name": "\u5409\u6cf0\u8fde\u9501\u9152\u5e97(\u4e0a\u6d77\u8679\u53e3\u8db3\u7403\u573a\u5e97)", "order_time": ["2019-01-12 03:23:55"], "total_order": 1, "hotel_value": ["4.0"], "hotel_price": ["148"]}, "2540928": {"hotel_name": "\u5168\u5b63\u9152\u5e97(\u4e0a\u6d77\u677e\u6c5f\u4f53\u80b2\u4e2d\u5fc3\u5e97)", "order_time": ["2019-01-12 03:26:53"], "total_order": 1, "hotel_value": ["4.8"], "hotel_price": ["294"]}, "429150": {"hotel_name": "\u4e0a\u6d77\u6d66\u897f\u4e07\u6021\u9152\u5e97", "order_time": ["2019-01-12 03:36:51", "2019-01-12 03:26:54"], "total_order": 2, "hotel_value": ["4.7", "4.7"], "hotel_price": ["699", "699"]}, "1741924": {"hotel_name": "\u5168\u5b63\u9152\u5e97(\u4e0a\u6d77\u4e07\u4f53\u9986\u5e97)", "order_time": ["2019-01-12 03:26:59"], "total_order": 1, "hotel_value": ["4.6"], "hotel_price": ["341"]}, "2364799": {"hotel_name": "\u4e0a\u6d77\u8679\u53e3\u8d22\u5bcc\u6234\u65af\u9152\u5e97", "order_time": ["2019-01-12 03:27:02"], "total_order": 1, "hotel_value": ["4.4"], "hotel_price": ["367"]}, "823807": {"hotel_name": "\u6c49\u5ead\u9152\u5e97(\u4e0a\u6d77\u8679\u6865\u673a\u573aT2\u822a\u7ad9\u697c\u5e97)(\u539f\u8679\u6865\u67a2\u7ebd\u6caa\u9752\u5e73\u516c\u8def\u5e97)", "order_time": ["2019-01-12 03:27:03"], "total_order": 1, "hotel_value": ["4.3"], "hotel_price": ["180"]}, "769782": {"hotel_name": "\u68a6\u91cc\u6c34\u4e61\u7cbe\u54c1\u9152\u5e97(\u4e0a\u6d77\u674e\u5b50\u56ed\u5730\u94c1\u7ad9\u5e97)", "order_time": ["2019-01-12 03:37:13", "2019-01-12 03:27:29"], "total_order": 2, "hotel_value": ["4.4", "4.4"], "hotel_price": ["223", "223"]}, "19613794": {"hotel_name": "\u4e0a\u6d77\u8679\u6865\u56fd\u5bb6\u4f1a\u5c55\u4e2d\u5fc3\u5e0c\u5c14\u987f\u6b22\u670b\u9152\u5e97", "order_time": ["2019-01-12 03:30:12"], "total_order": 1, "hotel_value": ["4.7"], "hotel_price": ["506"]}, "4687213": {"hotel_name": "\u4e0a\u6d77\u73a9\u5177\u603b\u52a8\u5458\u9152\u5e97", "order_time": ["2019-01-12 03:30:12"], "total_order": 1, "hotel_value": ["4.7"], "hotel_price": ["1227"]}, "1721613": {"hotel_name": "\u4e0a\u6d77\u6d77\u5916\u5bbe\u9986", "order_time": ["2019-01-12 03:30:16"], "total_order": 1, "hotel_value": ["4.4"], "hotel_price": ["358"]}, "3152995": {"hotel_name": "\u5168\u5b63\u9152\u5e97(\u4e0a\u6d77\u5949\u8d24\u5357\u6865\u6c7d\u8f66\u7ad9\u5e97)", "order_time": ["2019-01-12 03:30:25"], "total_order": 1, "hotel_value": ["4.9"], "hotel_price": ["322"]}, "2646440": {"hotel_name": "\u6d77\u53cb\u9152\u5e97(\u4e0a\u6d77\u677e\u6c5f\u5927\u5b66\u57ce\u4f53\u80b2\u9986\u5e97)", "order_time": ["2019-01-12 03:30:25"], "total_order": 1, "hotel_value": ["4.1"], "hotel_price": ["179"]}, "2298547": {"hotel_name": "\u683c\u6797\u8c6a\u6cf0(\u4e0a\u6d77\u5317\u5916\u6ee9\u5e97)", "order_time": ["2019-01-12 03:30:34"], "total_order": 1, "hotel_value": ["4.3"], "hotel_price": ["213"]}, "1274051": {"hotel_name": "\u5e03\u4e01\u9152\u5e97(\u4e0a\u6d77\u677e\u6c5f\u6b22\u4e50\u8c37\u5927\u5b66\u57ce\u4f53\u80b2\u9986\u5e97)", "order_time": ["2019-01-12 03:33:32"], "total_order": 1, "hotel_value": ["4.0"], "hotel_price": ["92"]}, "608450": {"hotel_name": "\u9526\u6c5f\u4e4b\u661f(\u4e0a\u6d77\u6d66\u4e1c\u5357\u8def\u5858\u6865\u5e97)", "order_time": ["2019-01-12 03:33:34"], "total_order": 1, "hotel_value": ["4.4"], "hotel_price": ["199"]}, "14997964": {"hotel_name": "\u4e0a\u6d77\u6c34\u6728\u4e91\u5e84\u56ed\u6797\u9152\u5e97", "order_time": ["2019-01-12 03:33:34"], "total_order": 1, "hotel_value": ["4.8"], "hotel_price": ["253"]}, "479964": {"hotel_name": "\u5982\u5bb6\u9152\u5e97(\u4e0a\u6d77\u9ad8\u79d1\u897f\u8def\u6768\u9ad8\u5357\u8def\u5730\u94c1\u7ad9\u5e97)", "order_time": ["2019-01-12 03:33:35"], "total_order": 1, "hotel_value": ["4.5"], "hotel_price": ["179"]}, "385069": {"hotel_name": "\u4e0a\u6d77\u54c1\u5c0a\u540d\u81f4\u7cbe\u54c1\u9152\u5e97\u516c\u5bd3", "order_time": ["2019-01-12 03:33:39"], "total_order": 1, "hotel_value": ["4.7"], "hotel_price": ["536"]}, "434658": {"hotel_name": "\u4e0a\u6d77\u65af\u6ce2\u7279\u5927\u9152\u5e97", "order_time": ["2019-01-12 03:33:39"], "total_order": 1, "hotel_value": ["4.4"], "hotel_price": ["457"]}, "15899894": {"hotel_name": "\u5982\u5bb6\u5546\u65c5\u9152\u5e97(\u4e0a\u6d77\u66f9\u8def\u6c11\u96f7\u8def\u5730\u94c1\u7ad9\u5e97)", "order_time": ["2019-01-12 03:33:40"], "total_order": 1, "hotel_value": ["4.7"], "hotel_price": ["208"]}, "762441": {"hotel_name": "\u5168\u5b63\u9152\u5e97(\u4e0a\u6d77\u6f15\u6cb3\u6cfe\u5e97)", "order_time": ["2019-01-12 03:33:43"], "total_order": 1, "hotel_value": ["4.8"], "hotel_price": ["313"]}, "427744": {"hotel_name": "\u5982\u5bb6\u7cbe\u9009\u9152\u5e97(\u4e0a\u6d77\u6d66\u4e1c\u673a\u573a\u5ddd\u6c99\u5730\u94c1\u7ad9\u5e97)", "order_time": ["2019-01-12 03:33:44"], "total_order": 1, "hotel_value": ["4.7"], "hotel_price": ["265"]}, "1217432": {"hotel_name": "\u9526\u6c5f\u4e4b\u661f\u54c1\u5c1a(\u4e0a\u6d77\u6d66\u4e1c\u673a\u573a\u5e97)", "order_time": ["2019-01-12 03:33:44"], "total_order": 1, "hotel_value": ["4.5"], "hotel_price": ["329"]}, "1452345": {"hotel_name": "\u4e0a\u6d77\u6c49\u739b\u5546\u52a1\u9152\u5e97", "order_time": ["2019-01-12 03:33:47"], "total_order": 1, "hotel_value": ["4.1"], "hotel_price": ["95"]}, "9560102": {"hotel_name": "\u5e03\u4e01\u9152\u5e97(\u4e0a\u6d77\u8398\u5e84\u5730\u94c1\u7ad9\u5e97)(\u539f\u8398\u5efa\u4e1c\u8def\u5e97)", "order_time": ["2019-01-12 03:34:12"], "total_order": 1, "hotel_value": ["4.1"], "hotel_price": ["129"]}, "768051": {"hotel_name": "\u683c\u6797\u8054\u76df(\u4e0a\u6d77\u95f5\u884c\u4ea4\u5927\u9152\u5e97)", "order_time": ["2019-01-12 03:34:14"], "total_order": 1, "hotel_value": ["4.3"], "hotel_price": ["188"]}, "8577978": {"hotel_name": "\u4e0a\u6d77\u79c0\u73cf\u9152\u5e97", "order_time": ["2019-01-12 03:34:33"], "total_order": 1, "hotel_value": [0], "hotel_price": ["98"]}, "6515714": {"hotel_name": "\u7ef4\u4e5f\u7eb3\u56fd\u9645\u9152\u5e97(\u4e0a\u6d77\u6d66\u4e1c\u673a\u573a\u81ea\u8d38\u533a\u5e97)", "order_time": ["2019-01-12 03:36:44"], "total_order": 1, "hotel_value": ["4.8"], "hotel_price": ["439"]}, "374924": {"hotel_name": "\u4e0a\u6d77\u65b0\u53d1\u5c55\u4e9a\u592aJW\u4e07\u8c6a\u9152\u5e97", "order_time": ["2019-01-12 03:36:49"], "total_order": 1, "hotel_value": ["4.6"], "hotel_price": ["836"]}, "1298584": {"hotel_name": "\u6854\u5b50\u6c34\u6676\u9152\u5e97(\u4e0a\u6d77\u5317\u5916\u6ee9\u5e97)", "order_time": ["2019-01-12 03:36:53"], "total_order": 1, "hotel_value": ["4.8"], "hotel_price": ["446"]}, "2640585": {"hotel_name": "\u4e0a\u6d77\u660a\u7f8e\u827a\u672f\u9152\u5e97", "order_time": ["2019-01-12 03:36:56"], "total_order": 1, "hotel_value": ["4.6"], "hotel_price": ["706"]}, "12843046": {"hotel_name": "\u4e0a\u6d77\u91d1\u9999\u4e3d\u5bbe\u9986", "order_time": ["2019-01-12 03:37:00"], "total_order": 1, "hotel_value": ["4.5"], "hotel_price": ["154"]}, "839140": {"hotel_name": "\u5982\u5bb6\u5feb\u6377\u9152\u5e97(\u4e0a\u6d77\u677e\u6c5f\u6cd7\u6cfe\u5730\u94c1\u7ad9\u5e97)", "order_time": ["2019-01-12 03:37:01"], "total_order": 1, "hotel_value": ["4.3"], "hotel_price": ["143"]}, "768112": {"hotel_name": "\u7231\u820d\u7a7a\u95f4\u4e3b\u9898\u6982\u5ff5\u9152\u5e97(\u4e0a\u6d77\u4eba\u6c11\u5e7f\u573a\u5e97)", "order_time": ["2019-01-12 03:39:54"], "total_order": 1, "hotel_value": ["4.5"], "hotel_price": ["219"]}, "15708678": {"hotel_name": "Sweetome\u65af\u7ef4\u767b\u4e1c\u6ee9\u60a6\u9152\u5e97\u516c\u5bd3", "order_time": ["2019-01-12 03:40:13"], "total_order": 1, "hotel_value": ["4.5"], "hotel_price": ["281"]}, "6524001": {"hotel_name": "\u9005\u6d77\u9152\u5e97(\u4e0a\u6d77\u91d1\u6c99\u6c5f\u8def\u957f\u98ce\u516c\u56ed\u5e97)", "order_time": ["2019-01-12 03:40:14"], "total_order": 1, "hotel_value": ["4.6"], "hotel_price": ["189"]}, "14215570": {"hotel_name": "\u5f04\u5802\u91cc\u00b7\u8001\u6d0b\u623f\u827a\u672f\u6c11\u5bbf(\u4e0a\u6d77\u8fdb\u8d24\u8def\u5e97)", "order_time": ["2019-01-12 03:40:39"], "total_order": 1, "hotel_value": ["4.5"], "hotel_price": ["292"]}, "428501": {"hotel_name": "\u4e0a\u6d77\u5174\u8363\u6e29\u5fb7\u59c6\u9152\u5e97", "order_time": ["2019-01-12 03:43:14"], "total_order": 1, "hotel_value": ["4.3"], "hotel_price": ["548"]}, "6685936": {"hotel_name": "\u6c49\u5ead\u9152\u5e97(\u4e0a\u6d77\u5357\u7fd4\u53e4\u7317\u56ed\u5e97)", "order_time": ["2019-01-12 03:43:32"], "total_order": 1, "hotel_value": ["4.4"], "hotel_price": ["256"]}, "447853": {"hotel_name": "\u4e0a\u6d77\u4e16\u7eaa\u65f6\u7a7a\u9152\u5e97\u516c\u5bd3", "order_time": ["2019-01-12 03:43:43"], "total_order": 1, "hotel_value": ["4.0"], "hotel_price": ["332"]}, "425821": {"hotel_name": "\u4e0a\u6d77\u51ef\u5bbe\u65af\u57fa\u5927\u9152\u5e97", "order_time": ["2019-01-12 03:46:22"], "total_order": 1, "hotel_value": ["4.7"], "hotel_price": ["1056"]}, "823725": {"hotel_name": "\u6c49\u5ead\u9152\u5e97(\u4e0a\u6d77\u9646\u5bb6\u5634\u6d66\u4e1c\u5357\u8def\u5e97)", "order_time": ["2019-01-12 03:46:22"], "total_order": 1, "hotel_value": ["4.4"], "hotel_price": ["313"]}, "6723871": {"hotel_name": "\u6613\u4f70\u826f\u54c1\u9152\u5e97(\u4e0a\u6d77\u65b0\u534e\u533b\u9662\u5e97)", "order_time": ["2019-01-12 03:46:33"], "total_order": 1, "hotel_value": ["4.5"], "hotel_price": ["134"]}, "1319434": {"hotel_name": "\u6613\u4f70\u8fde\u9501\u65c5\u5e97(\u4e0a\u6d77\u56fd\u5c55\u4e2d\u5fc3\u5e97)", "order_time": ["2019-01-12 03:46:33"], "total_order": 1, "hotel_value": ["4.2"], "hotel_price": ["79"]}, "375221": {"hotel_name": "\u4e0a\u6d77\u5efa\u56fd\u5bbe\u9986", "order_time": ["2019-01-12 03:46:33"], "total_order": 1, "hotel_value": ["4.5"], "hotel_price": ["464"]}, "449133": {"hotel_name": "\u9526\u6c5f\u4e4b\u661f(\u4e0a\u6d77\u9646\u5bb6\u5634\u5e97)", "order_time": ["2019-01-12 03:46:34"], "total_order": 1, "hotel_value": ["4.5"], "hotel_price": ["200"]}, "768095": {"hotel_name": "\u4e0a\u6d77\u8363\u5c45\u9152\u5e97(\u539f\u9ec4\u77f3\u5bbe\u9986)", "order_time": ["2019-01-12 03:46:51"], "total_order": 1, "hotel_value": ["4.6"], "hotel_price": ["68"]}, "766131": {"hotel_name": "\u6d77\u53cb\u826f\u54c1(\u4e0a\u6d77\u8679\u6865\u5b89\u987a\u8def\u5e97)", "order_time": ["2019-01-12 03:47:01"], "total_order": 1, "hotel_value": ["4.2"], "hotel_price": ["275"]}, "6765049": {"hotel_name": "\u4e0a\u6d77\u5929\u9645\u5357\u4eac\u8def\u6c11\u5bbf", "order_time": ["2019-01-12 03:47:02"], "total_order": 1, "hotel_value": ["4.0"], "hotel_price": ["66"]}, "1601276": {"hotel_name": "\u5982\u5bb6\u5feb\u6377\u9152\u5e97(\u4e0a\u6d77\u5357\u4eac\u8def\u4eba\u6c11\u5e7f\u573a\u5e97)", "order_time": ["2019-01-12 03:49:38"], "total_order": 1, "hotel_value": ["4.2"], "hotel_price": ["279"]}, "479212": {"hotel_name": "\u4e0a\u6d77\u5fa1\u82b1\u56ed\u9152\u5e97", "order_time": ["2019-01-12 03:49:42"], "total_order": 1, "hotel_value": ["4.6"], "hotel_price": ["286"]}, "1487386": {"hotel_name": "\u6c49\u5ead\u9152\u5e97(\u4e0a\u6d77\u897f\u5eb7\u8def\u5e97)", "order_time": ["2019-01-12 03:49:45"], "total_order": 1, "hotel_value": ["4.2"], "hotel_price": ["256"]}, "21331892": {"hotel_name": "\u4e0a\u6d77CitiHOME\u667a\u6167\u9152\u5e97", "order_time": ["2019-01-12 03:49:57"], "total_order": 1, "hotel_value": ["4.3"], "hotel_price": ["306"]}, "1232604": {"hotel_name": "\u4e0a\u6d77\u540d\u57ce\u7cbe\u54c1\u5bbe\u9986", "order_time": ["2019-01-12 03:49:58"], "total_order": 1, "hotel_value": ["3.7"], "hotel_price": ["208"]}, "8600840": {"hotel_name": "\u4e0a\u6d77\u9e7f\u9e23\u5c45", "order_time": ["2019-01-12 03:50:52"], "total_order": 1, "hotel_value": ["4.5"], "hotel_price": ["248"]}, "2128905": {"hotel_name": "\u4e0a\u6d77\u652f\u6d77\u91d1\u5b50\u6e7e\u65c5\u5e97", "order_time": ["2019-01-12 03:51:14"], "total_order": 1, "hotel_value": [0], "hotel_price": ["88"]}, "484110": {"hotel_name": "\u7ef4\u4e5f\u7eb3\u56fd\u9645\u9152\u5e97(\u4e0a\u6d77\u4e16\u535a\u56ed\u5e97)", "order_time": ["2019-01-12 03:52:00"], "total_order": 1, "hotel_value": ["4.7"], "hotel_price": ["569"]}}}