{"\u5f00\u59cb\u8bb0\u5f55\u65f6\u95f4": "2019-01-14 01:37:29", "\u7ed3\u675f\u8bb0\u5f55\u65f6\u95f4": "2019-01-14 03:14:21", "\u8ba2\u5355\u603b\u589e\u91cf": 375, "item": {"6657845": {"hotel_name": "\u4e0a\u6d77\u90bb\u5bb6\u9732\u8425\u5730", "order_time": ["2019-01-14 01:41:14"], "total_order": 1, "hotel_value": ["4.8"], "hotel_price": ["594"]}, "11544656": {"hotel_name": "\u6cd5\u66fc\u7cbe\u54c1\u9152\u5e97(\u4e0a\u6d77\u957f\u5bff\u8def\u5730\u94c1\u7ad9\u4e9a\u65b0\u751f\u6d3b\u5e7f\u573a\u5e97)", "order_time": ["2019-01-14 01:41:14"], "total_order": 1, "hotel_value": ["4.2"], "hotel_price": ["179"]}, "432298": {"hotel_name": "\u4e0a\u6d77\u5927\u4f17\u7a7a\u6e2f\u5bbe\u9986", "order_time": ["2019-01-14 02:29:56", "2019-01-14 02:49:25", "2019-01-14 02:58:57", "2019-01-14 01:41:15"], "total_order": 4, "hotel_value": ["4.4", "4.4", "4.4", "4.4"], "hotel_price": ["548", "548", "548", "548"]}, "345035": {"hotel_name": "\u4e0a\u6d77\u9f99\u4e4b\u68a6\u4e07\u4e3d\u9152\u5e97", "order_time": ["2019-01-14 01:41:28"], "total_order": 1, "hotel_value": ["4.6"], "hotel_price": ["1166"]}, "6064789": {"hotel_name": "\u4e0a\u6d77\u6995\u6811\u516c\u9986", "order_time": ["2019-01-14 01:41:32"], "total_order": 1, "hotel_value": ["4.3"], "hotel_price": ["272"]}, "8426350": {"hotel_name": "\u6613\u4f70\u826f\u54c1\u9152\u5e97(\u4e0a\u6d77\u677e\u6c5f\u8398\u677e\u8def\u5e97)", "order_time": ["2019-01-14 01:41:40"], "total_order": 1, "hotel_value": ["3.9"], "hotel_price": ["142"]}, "427791": {"hotel_name": "\u83ab\u6cf0168(\u4e0a\u6d77\u9ad8\u79d1\u897f\u8def\u65b0\u56fd\u9645\u535a\u89c8\u4e2d\u5fc3\u5e97)", "order_time": ["2019-01-14 01:41:40"], "total_order": 1, "hotel_value": ["4.3"], "hotel_price": ["96"]}, "25515605": {"hotel_name": "\u4e0a\u6d77\u9759\u5b89\u82f1\u8fea\u683c\u9152\u5e97", "order_time": ["2019-01-14 01:44:22"], "total_order": 1, "hotel_value": ["4.6"], "hotel_price": ["1056"]}, "911805": {"hotel_name": "\u683c\u6797\u8054\u76df\u9152\u5e97(\u4e0a\u6d77\u56fd\u9645\u65c5\u6e38\u5ea6\u5047\u533a\u5357\u95e8\u5e97)", "order_time": ["2019-01-14 01:44:22"], "total_order": 1, "hotel_value": ["4.3"], "hotel_price": ["138"]}, "5249581": {"hotel_name": "\u6613\u4f70\u826f\u54c1\u9152\u5e97(\u4e0a\u6d77\u8fea\u65af\u5c3c\u6d66\u4e09\u8def\u5730\u94c1\u7ad9\u5e97)", "order_time": ["2019-01-14 01:44:23"], "total_order": 1, "hotel_value": ["4.5"], "hotel_price": ["120"]}, "5494327": {"hotel_name": "\u5168\u5b63\u9152\u5e97(\u4e0a\u6d77\u5eb7\u6865\u79c0\u6cbf\u8def\u5e97)", "order_time": ["2019-01-14 01:44:24"], "total_order": 1, "hotel_value": ["4.7"], "hotel_price": ["284"]}, "25508399": {"hotel_name": "\u5bbf\u9002\u8f7b\u5962\u9152\u5e97(\u4e0a\u6d77\u8087\u5609\u6d5c\u8def\u5e97)", "order_time": ["2019-01-14 01:44:31"], "total_order": 1, "hotel_value": ["4.8"], "hotel_price": ["279"]}, "16975877": {"hotel_name": "\u9526\u6c5f\u4e4b\u661f\u54c1\u5c1a(\u4e0a\u6d77\u706b\u8f66\u7ad9\u5357\u5e7f\u573a\u5e97)", "order_time": ["2019-01-14 01:44:32"], "total_order": 1, "hotel_value": ["4.5"], "hotel_price": ["246"]}, "5559675": {"hotel_name": "\u5b9c\u5fc5\u601d\u9152\u5e97(\u4e0a\u6d77\u8679\u6865\u53e4\u5317\u5e97)(\u539f\u5434\u4e2d\u8def\u5e97)", "order_time": ["2019-01-14 01:44:34"], "total_order": 1, "hotel_value": ["4.5"], "hotel_price": ["329"]}, "387230": {"hotel_name": "\u4e0a\u6d77\u9f0e\u56ed\u745e\u5cf0\u516c\u5bd3\u9152\u5e97", "order_time": ["2019-01-14 01:44:35"], "total_order": 1, "hotel_value": ["4.2"], "hotel_price": ["372"]}, "14251196": {"hotel_name": "\u4e0a\u6d77\u661f\u516c\u5bd3", "order_time": ["2019-01-14 01:44:35"], "total_order": 1, "hotel_value": ["4.7"], "hotel_price": ["446"]}, "6504018": {"hotel_name": "\u4e0a\u6d77\u9646\u5bb6\u5634\u516b\u4f70\u4f34\u4e9a\u6735\u9152\u5e97", "order_time": ["2019-01-14 01:44:37"], "total_order": 1, "hotel_value": ["4.7"], "hotel_price": ["634"]}, "5892284": {"hotel_name": "\u4e0a\u6d778090\u4e3b\u9898\u9152\u5e97", "order_time": ["2019-01-14 01:44:40"], "total_order": 1, "hotel_value": ["4.7"], "hotel_price": ["142"]}, "1850265": {"hotel_name": "\u4e0a\u6d77\u6d77\u4e0a\u82b1\u5047\u65e5\u9152\u5e97", "order_time": ["2019-01-14 01:44:45"], "total_order": 1, "hotel_value": ["4.1"], "hotel_price": ["106"]}, "4722159": {"hotel_name": "\u683c\u6797\u8c6a\u6cf0(\u4e0a\u6d77\u5b9d\u5c71\u6768\u884c\u6c34\u4ea7\u8def\u5546\u52a1\u9152\u5e97)", "order_time": ["2019-01-14 01:44:47"], "total_order": 1, "hotel_value": ["4.5"], "hotel_price": ["165"]}, "4722829": {"hotel_name": "\u683c\u6797\u8c6a\u6cf0(\u4e0a\u6d77\u677e\u6c5f\u6cd7\u6cfe\u53e4\u9547\u6cd7\u6cfe\u5730\u94c1\u7ad9\u5e97)", "order_time": ["2019-01-14 01:44:54"], "total_order": 1, "hotel_value": ["4.4"], "hotel_price": ["157"]}, "5247994": {"hotel_name": "\u4e0a\u6d77\u6613\u5bb6\u9152\u5e97", "order_time": ["2019-01-14 01:44:59"], "total_order": 1, "hotel_value": ["4.0"], "hotel_price": ["98"]}, "2258966": {"hotel_name": "\u6613\u4f70\u8fde\u9501\u65c5\u5e97(\u4e0a\u6d77\u4e5d\u4ead\u5927\u8857\u5e97)", "order_time": ["2019-01-14 01:45:00"], "total_order": 1, "hotel_value": ["4.3"], "hotel_price": ["93"]}, "12131143": {"hotel_name": "\u5168\u5b63\u9152\u5e97(\u4e0a\u6d77\u4e16\u535a\u6768\u9ad8\u5357\u8def\u5e97)", "order_time": ["2019-01-14 01:47:40"], "total_order": 1, "hotel_value": ["4.7"], "hotel_price": ["322"]}, "17852995": {"hotel_name": "\u7ef4\u4e5f\u7eb3\u9152\u5e97(\u4e0a\u6d77\u987e\u6751\u516c\u56ed\u5e97)", "order_time": ["2019-01-14 01:47:41"], "total_order": 1, "hotel_value": ["4.8"], "hotel_price": ["268"]}, "1435106": {"hotel_name": "\u7fd4\u8fdc\u5927\u9152\u5e97(\u4e0a\u6d77\u6d66\u4e1c\u673a\u573a\u5e97)", "order_time": ["2019-01-14 02:10:31", "2019-01-14 01:47:42", "2019-01-14 03:08:42"], "total_order": 3, "hotel_value": ["4.8", "4.8", "4.8"], "hotel_price": ["253", "253", "253"]}, "4434906": {"hotel_name": "\u4e0a\u6d77\u4e3d\u5143LOFT\u9152\u5e97", "order_time": ["2019-01-14 01:47:42"], "total_order": 1, "hotel_value": ["4.7"], "hotel_price": ["285"]}, "12479527": {"hotel_name": "\u4e0a\u6d77\u5eb7\u6865\u4e07\u8c6a\u9152\u5e97", "order_time": ["2019-01-14 01:47:46"], "total_order": 1, "hotel_value": ["4.5"], "hotel_price": ["717"]}, "374915": {"hotel_name": "\u4e0a\u6d77\u9759\u5b89\u94c2\u5c14\u66fc\u9152\u5e97", "order_time": ["2019-01-14 03:12:02", "2019-01-14 01:47:47"], "total_order": 2, "hotel_value": ["4.5", "4.5"], "hotel_price": ["878", "878"]}, "1416266": {"hotel_name": "\u4e0a\u6d77\u738b\u5de2\u5fae\u4e94\u661f\u9152\u5e97", "order_time": ["2019-01-14 01:47:57"], "total_order": 1, "hotel_value": ["4.6"], "hotel_price": ["319"]}, "768133": {"hotel_name": "\u4e0a\u6d77\u7693\u6c5f\u516c\u9986", "order_time": ["2019-01-14 01:47:58"], "total_order": 1, "hotel_value": ["4.4"], "hotel_price": ["195"]}, "980487": {"hotel_name": "\u6c49\u5ead\u9152\u5e97(\u4e0a\u6d77\u6f15\u6cb3\u6cfe\u6f15\u5b9d\u8def\u5e97)(\u539f\u8679\u6865\u6f15\u5b9d\u8def\u5e97)", "order_time": ["2019-01-14 01:48:08"], "total_order": 1, "hotel_value": ["4.6"], "hotel_price": ["208"]}, "17900527": {"hotel_name": "\u5168\u5b63\u9152\u5e97(\u4e0a\u6d77\u5927\u5b81\u7075\u77f3\u516c\u56ed\u5e97)", "order_time": ["2019-01-14 01:49:31"], "total_order": 1, "hotel_value": ["4.4"], "hotel_price": ["503"]}, "14171664": {"hotel_name": "\u4e0a\u6d77\u6d66\u4e1c\u673a\u573a\u4e9a\u6735\u9152\u5e97", "order_time": ["2019-01-14 01:49:31"], "total_order": 1, "hotel_value": ["4.8"], "hotel_price": ["459"]}, "441607": {"hotel_name": "\u7f8e\u8c6a\u9152\u5e97(\u4e0a\u6d77\u957f\u5bff\u8def\u5e97)", "order_time": ["2019-01-14 01:49:31"], "total_order": 1, "hotel_value": ["4.7"], "hotel_price": ["423"]}, "378517": {"hotel_name": "\u5168\u5b63\u9152\u5e97(\u4e0a\u6d77\u8679\u6865\u5e97)", "order_time": ["2019-01-14 01:50:50"], "total_order": 1, "hotel_value": ["4.7"], "hotel_price": ["322"]}, "19751230": {"hotel_name": "\u4e0a\u6d77\u7ed8\u4e91\u65f6\u5149\u91cc\u9152\u5e97", "order_time": ["2019-01-14 01:50:51"], "total_order": 1, "hotel_value": ["4.9"], "hotel_price": ["315"]}, "8843829": {"hotel_name": "\u4e0a\u6d77\u6d77\u4e0a\u94c2\u60a6\u9152\u5e97", "order_time": ["2019-01-14 01:50:52"], "total_order": 1, "hotel_value": ["4.6"], "hotel_price": ["366"]}, "2290501": {"hotel_name": "\u91d1\u5df4\u5170\u56fd\u9645\u9152\u5e97(\u4e0a\u6d77\u8679\u6865\u67a2\u7ebd\u56fd\u5bb6\u4f1a\u5c55\u4e2d\u5fc3\u5e97)", "order_time": ["2019-01-14 01:50:53"], "total_order": 1, "hotel_value": ["4.4"], "hotel_price": ["243"]}, "13787993": {"hotel_name": "\u4e00\u95f4\u68ee\u6797\u9752\u5e74\u65c5\u793e(\u4e0a\u6d77\u9759\u5b89\u5e97)", "order_time": ["2019-01-14 01:50:53"], "total_order": 1, "hotel_value": ["4.8"], "hotel_price": ["82"]}, "1697465": {"hotel_name": "\u96c5\u7ea6\u81fb\u54c1\u9152\u5e97(\u4e0a\u6d77\u897f\u85cf\u5317\u8def\u5e97)", "order_time": ["2019-01-14 01:50:53"], "total_order": 1, "hotel_value": ["4.7"], "hotel_price": ["159"]}, "6391233": {"hotel_name": "\u5982\u5bb6\u7cbe\u9009\u9152\u5e97(\u4e0a\u6d77\u8679\u6865\u8def\u5730\u94c1\u7ad9\u5e97)", "order_time": ["2019-01-14 01:50:57"], "total_order": 1, "hotel_value": ["4.7"], "hotel_price": ["446"]}, "23942512": {"hotel_name": "\u5f00\u5143\u66fc\u5c45\u00b7\u4e0a\u6d77\u957f\u5174\u5c9b\u90ca\u91ce\u516c\u56ed\u5e97", "order_time": ["2019-01-14 01:51:00"], "total_order": 1, "hotel_value": ["4.8"], "hotel_price": ["412"]}, "6556423": {"hotel_name": "\u5409\u6cf0\u9152\u5e97(\u4e0a\u6d77\u5f90\u5bb6\u6c47\u4ea4\u5927\u5b9c\u5c71\u8def\u5730\u94c1\u7ad9\u5e97)", "order_time": ["2019-01-14 01:51:02"], "total_order": 1, "hotel_value": ["4.2"], "hotel_price": ["158"]}, "6327110": {"hotel_name": "\u6c49\u5ead\u9152\u5e97(\u4e0a\u6d77\u5434\u6cfe\u534e\u5e08\u5927\u5e97)", "order_time": ["2019-01-14 01:51:03"], "total_order": 1, "hotel_value": ["4.6"], "hotel_price": ["180"]}, "905996": {"hotel_name": "\u6613\u4f70\u8fde\u9501\u65c5\u5e97(\u4e0a\u6d77\u6c5f\u6d66\u8def\u5730\u94c1\u7ad9\u5e97)(\u539f\u6b27\u51ef\u65c5\u9986)", "order_time": ["2019-01-14 01:51:29"], "total_order": 1, "hotel_value": ["4.1"], "hotel_price": ["130"]}, "1293650": {"hotel_name": "\u4e0a\u6d77\u536b\u4e50\u56ed\u8001\u6d0b\u623f\u4e4b\u5bb6", "order_time": ["2019-01-14 01:51:30"], "total_order": 1, "hotel_value": ["4.8"], "hotel_price": ["335"]}, "5470497": {"hotel_name": "\u5982\u5bb6\u5feb\u6377\u9152\u5e97(\u4e0a\u6d77\u91ce\u751f\u52a8\u7269\u56ed\u5e97\u79b9\u6d32\u5546\u4e1a\u5e7f\u573a\u5e97)", "order_time": ["2019-01-14 01:51:33"], "total_order": 1, "hotel_value": ["4.5"], "hotel_price": ["104"]}, "1708287": {"hotel_name": "\u57ce\u5bb6\u516c\u5bd3(\u4e0a\u6d77\u91d1\u6c99\u6c5f\u8def\u5730\u94c1\u7ad9\u5e97)", "order_time": ["2019-01-14 01:51:35"], "total_order": 1, "hotel_value": ["4.3"], "hotel_price": ["198"]}, "2311144": {"hotel_name": "\u4e0a\u6d77\u5fbd\u98ce\u5feb\u6377\u9152\u5e97", "order_time": ["2019-01-14 01:51:37"], "total_order": 1, "hotel_value": ["4.4"], "hotel_price": ["103"]}, "18489642": {"hotel_name": "\u4e0a\u6d77\u76f8\u9047\u6c11\u5bbf", "order_time": ["2019-01-14 01:51:56"], "total_order": 1, "hotel_value": ["4.8"], "hotel_price": ["358"]}, "971869": {"hotel_name": "\u4e0a\u6d77\u5927\u6e05\u6cb3\u65c5\u9986", "order_time": ["2019-01-14 01:51:58"], "total_order": 1, "hotel_value": ["3.1"], "hotel_price": ["99"]}, "431843": {"hotel_name": "24K\u56fd\u9645\u8fde\u9501\u9152\u5e97(\u4e0a\u6d77\u5357\u4eac\u4e1c\u8def\u6b65\u884c\u8857\u5e97)", "order_time": ["2019-01-14 01:53:06", "2019-01-14 02:15:30"], "total_order": 2, "hotel_value": ["4.0", "4.0"], "hotel_price": ["216", "216"]}, "427259": {"hotel_name": "\u4e0a\u6d77\u5e1d\u749f\u4e3d\u81f4\u5927\u9152\u5e97", "order_time": ["2019-01-14 01:54:11"], "total_order": 1, "hotel_value": ["4.6"], "hotel_price": ["554"]}, "345050": {"hotel_name": "\u4e0a\u6d77\u9759\u5b89\u79a7\u777f\u9152\u5e97", "order_time": ["2019-01-14 01:54:12"], "total_order": 1, "hotel_value": ["4.1"], "hotel_price": ["294"]}, "375221": {"hotel_name": "\u4e0a\u6d77\u5efa\u56fd\u5bbe\u9986", "order_time": ["2019-01-14 01:54:13"], "total_order": 1, "hotel_value": ["4.5"], "hotel_price": ["550"]}, "1114675": {"hotel_name": "\u9526\u6c5f\u90fd\u57ce\u7ecf\u5178(\u4e0a\u6d77\u5357\u4eac\u4e1c\u8def\u5916\u6ee9\u5e97)", "order_time": ["2019-01-14 01:54:13"], "total_order": 1, "hotel_value": ["4.8"], "hotel_price": ["729"]}, "1686849": {"hotel_name": "\u901f8\u9152\u5e97(\u4e0a\u6d77\u5357\u4eac\u8def\u6b65\u884c\u8857\u5e97)", "order_time": ["2019-01-14 01:54:13"], "total_order": 1, "hotel_value": ["4.0"], "hotel_price": ["152"]}, "428052": {"hotel_name": "\u5982\u5bb6\u5feb\u6377\u9152\u5e97(\u4e0a\u6d77\u5916\u6ee9\u5916\u767d\u6e21\u6865\u56db\u5ddd\u5317\u8def\u5e97)", "order_time": ["2019-01-14 01:54:17"], "total_order": 1, "hotel_value": ["4.4"], "hotel_price": ["135"]}, "1720786": {"hotel_name": "\u6854\u5b50\u6c34\u6676\u9152\u5e97(\u4e0a\u6d77\u5317\u5916\u6ee9\u63d0\u7bee\u6865\u5730\u94c1\u7ad9\u5e97)", "order_time": ["2019-01-14 01:54:17"], "total_order": 1, "hotel_value": ["4.7"], "hotel_price": ["465"]}, "760045": {"hotel_name": "\u4e0a\u6d77\u4f26\u8482\u8bfa\u4e2d\u9526\u56fd\u9645\u9152\u5e97\u516c\u5bd3", "order_time": ["2019-01-14 01:54:18"], "total_order": 1, "hotel_value": ["4.6"], "hotel_price": ["489"]}, "344988": {"hotel_name": "\u4e0a\u6d77\u5bcc\u8c6a\u4e1c\u4e9a\u9152\u5e97", "order_time": ["2019-01-14 01:54:19", "2019-01-14 02:07:22"], "total_order": 2, "hotel_value": ["4.4", "4.4"], "hotel_price": ["489", "489"]}, "345021": {"hotel_name": "\u4e0a\u6d77\u6d66\u4e1c\u5047\u65e5\u9152\u5e97", "order_time": ["2019-01-14 01:54:22", "2019-01-14 03:05:36"], "total_order": 2, "hotel_value": ["4.6", "4.6"], "hotel_price": ["628", "628"]}, "369834": {"hotel_name": "\u4e0a\u6d77\u5df4\u9ece\u6625\u5929\u65b0\u4e16\u754c\u9152\u5e97", "order_time": ["2019-01-14 01:54:22"], "total_order": 1, "hotel_value": ["4.6"], "hotel_price": ["870"]}, "6062956": {"hotel_name": "\u4e0a\u6d77\u8679\u6865\u56fd\u5c55\u5434\u4e2d\u8def\u4e9a\u6735\u9152\u5e97", "order_time": ["2019-01-14 01:54:24"], "total_order": 1, "hotel_value": ["4.7"], "hotel_price": ["389"]}, "445579": {"hotel_name": "\u4e0a\u6d77\u4e1c\u6e56(\u5546\u52a1)\u5bbe\u9986", "order_time": ["2019-01-14 01:54:24"], "total_order": 1, "hotel_value": ["4.4"], "hotel_price": ["436"]}, "1771630": {"hotel_name": "\u6c49\u5ead\u9152\u5e97(\u4e0a\u6d77\u9f99\u9633\u8def\u78c1\u60ac\u6d6e\u5e97)", "order_time": ["2019-01-14 01:54:24"], "total_order": 1, "hotel_value": ["4.0"], "hotel_price": ["256"]}, "662505": {"hotel_name": "\u4e0a\u6d77\u5929\u8679\u56fd\u9645\u5927\u9152\u5e97", "order_time": ["2019-01-14 01:54:27"], "total_order": 1, "hotel_value": ["4.1"], "hotel_price": ["246"]}, "9558301": {"hotel_name": "\u767b\u5df4\u5ba2\u6808(\u4e0a\u6d77\u957f\u5bff\u8def\u5e97)", "order_time": ["2019-01-14 01:54:28"], "total_order": 1, "hotel_value": ["4.5"], "hotel_price": ["68"]}, "3517612": {"hotel_name": "\u7ef4\u4e5f\u7eb3\u9152\u5e97(\u4e0a\u6d77\u91d1\u6865\u516c\u56ed\u5e97)", "order_time": ["2019-01-14 01:54:28"], "total_order": 1, "hotel_value": ["4.7"], "hotel_price": ["336"]}, "484490": {"hotel_name": "\u9526\u6c5f\u4e4b\u661f(\u4e0a\u6d77\u8679\u6885\u5357\u8def\u5e97)", "order_time": ["2019-01-14 01:54:30"], "total_order": 1, "hotel_value": ["4.4"], "hotel_price": ["160"]}, "12780887": {"hotel_name": "\u4e0a\u6d77\u7a7a\u96c6\u9752\u5e74\u65c5\u820d", "order_time": ["2019-01-14 01:54:31"], "total_order": 1, "hotel_value": ["4.6"], "hotel_price": ["429"]}, "2801587": {"hotel_name": "\u5982\u5bb6\u5feb\u6377\u9152\u5e97(\u4e0a\u6d77\u6d66\u4e1c\u673a\u573a\u6668\u9633\u8def\u5e97)", "order_time": ["2019-01-14 01:54:31", "2019-01-14 02:03:56"], "total_order": 2, "hotel_value": ["4.5", "4.5"], "hotel_price": ["161", "161"]}, "25826725": {"hotel_name": "\u57ce\u5bb6\u516c\u5bd3\u5f0f\u9152\u5e97(\u4e0a\u6d77\u9646\u5bb6\u5634\u6c11\u751f\u8def\u5730\u94c1\u7ad9\u5e97)", "order_time": ["2019-01-14 01:54:31"], "total_order": 1, "hotel_value": ["4.7"], "hotel_price": ["258"]}, "1415956": {"hotel_name": "\u4e0a\u6d77\u4e07\u91cc\u8def\u56fd\u9645\u9752\u5e74\u9152\u5e97", "order_time": ["2019-01-14 01:54:32"], "total_order": 1, "hotel_value": ["3.8"], "hotel_price": ["62"]}, "2399984": {"hotel_name": "M\u5bb6\u793e\u533a\u9152\u5e97(\u4e0a\u6d77\u5468\u6d66\u5c0f\u4e0a\u6d77\u6b65\u884c\u8857\u5e97)", "order_time": ["2019-01-14 01:54:33"], "total_order": 1, "hotel_value": ["4.4"], "hotel_price": ["98"]}, "436025": {"hotel_name": "\u4e0a\u6d77\u5434\u5bab\u5927\u9152\u5e97", "order_time": ["2019-01-14 01:54:34"], "total_order": 1, "hotel_value": ["4.4"], "hotel_price": ["400"]}, "19914222": {"hotel_name": "\u4e0a\u6d77\u6d1b\u767b\u9152\u5e97\u5f0f\u516c\u5bd3", "order_time": ["2019-01-14 01:54:39"], "total_order": 1, "hotel_value": ["4.8"], "hotel_price": ["258"]}, "433205": {"hotel_name": "\u4e0a\u6d77\u8679\u6865\u7f8e\u4ed1\u7f8e\u5c45\u9152\u5e97", "order_time": ["2019-01-14 01:56:24"], "total_order": 1, "hotel_value": ["4.6"], "hotel_price": ["398"]}, "661555": {"hotel_name": "\u4e0a\u6d77\u60a6\u534e\u5927\u9152\u5e97", "order_time": ["2019-01-14 01:57:22"], "total_order": 1, "hotel_value": ["4.7"], "hotel_price": ["443"]}, "434658": {"hotel_name": "\u4e0a\u6d77\u65af\u6ce2\u7279\u5927\u9152\u5e97", "order_time": ["2019-01-14 01:57:24", "2019-01-14 02:07:17"], "total_order": 2, "hotel_value": ["4.4", "4.4"], "hotel_price": ["457", "457"]}, "661267": {"hotel_name": "\u83ab\u6cf0168(\u4e0a\u6d77\u6b66\u5b81\u8def\u5730\u94c1\u7ad9\u5b89\u8fdc\u8def\u5e97)", "order_time": ["2019-01-14 01:57:24"], "total_order": 1, "hotel_value": ["4.5"], "hotel_price": ["170"]}, "23234199": {"hotel_name": "\u4e0a\u6d77\u534f\u4fe1\u838e\u739b\u8679\u6865\u670d\u52a1\u5f0f\u516c\u5bd3", "order_time": ["2019-01-14 02:20:06", "2019-01-14 01:57:25"], "total_order": 2, "hotel_value": ["4.7", "4.7"], "hotel_price": ["467", "467"]}, "919928": {"hotel_name": "\u5168\u5b63\u9152\u5e97(\u4e0a\u6d77\u5ef6\u5b89\u8def\u5e97)", "order_time": ["2019-01-14 01:57:25"], "total_order": 1, "hotel_value": ["4.7"], "hotel_price": ["398"]}, "1714227": {"hotel_name": "\u4e0a\u6d77\u6d1b\u514b\u534e\u83f2\u9152\u5e97(\u539f\u94b1\u9f99\u5927\u9152\u5e97)", "order_time": ["2019-01-14 01:57:26"], "total_order": 1, "hotel_value": ["4.7"], "hotel_price": ["168"]}, "7555830": {"hotel_name": "\u8679\u4f70\u826f\u54c1\u9152\u5e97(\u4e0a\u6d77\u8679\u6865\u673a\u573a\u4f1a\u5c55\u4e2d\u5fc3\u5e97)(\u539f\u4e95\u4ead\u5929\u5730\u5e97)", "order_time": ["2019-01-14 01:57:26"], "total_order": 1, "hotel_value": ["4.7"], "hotel_price": ["160"]}, "1809303": {"hotel_name": "\u6854\u5b50\u9152\u5e97\u00b7\u7cbe\u9009(\u4e0a\u6d77\u4e2d\u5c71\u516c\u56ed\u534e\u5e08\u5927\u5e97)", "order_time": ["2019-01-14 01:57:28"], "total_order": 1, "hotel_value": ["4.8"], "hotel_price": ["360"]}, "425821": {"hotel_name": "\u4e0a\u6d77\u51ef\u5bbe\u65af\u57fa\u5927\u9152\u5e97", "order_time": ["2019-01-14 01:57:29", "2019-01-14 02:23:16"], "total_order": 2, "hotel_value": ["4.7", "4.7"], "hotel_price": ["1056", "1056"]}, "19439331": {"hotel_name": "\u4e0a\u6d77Town Box\u7cd6\u5b9d\u5ba2\u9152\u5e97", "order_time": ["2019-01-14 01:57:32"], "total_order": 1, "hotel_value": ["4.6"], "hotel_price": ["218"]}, "24346836": {"hotel_name": "\u6c49\u5ead\u4f18\u4f73\u9152\u5e97(\u4e0a\u6d77\u8398\u5e84\u5317\u5e7f\u573a\u5e97)", "order_time": ["2019-01-14 01:57:33"], "total_order": 1, "hotel_value": ["4.9"], "hotel_price": ["312"]}, "21343977": {"hotel_name": "\u548c\u9890\u81f3\u5c0a\u9152\u5e97(\u4e0a\u6d77\u4e94\u89d2\u573a\u5730\u94c1\u7ad9\u5e97)", "order_time": ["2019-01-14 01:57:34"], "total_order": 1, "hotel_value": ["4.5"], "hotel_price": ["348"]}, "6257126": {"hotel_name": "\u5168\u5b63\u9152\u5e97(\u4e0a\u6d77\u9646\u5bb6\u5634\u6d66\u4e1c\u5927\u9053\u5e97)(\u539f\u6d66\u4e1c\u5927\u9053\u6ee8\u6c5f\u5e97)", "order_time": ["2019-01-14 01:57:35"], "total_order": 1, "hotel_value": ["4.6"], "hotel_price": ["256"]}, "344981": {"hotel_name": "\u4e0a\u6d77\u6ce2\u7279\u66fc\u4e3d\u601d\u5361\u5c14\u987f\u9152\u5e97", "order_time": ["2019-01-14 01:57:35"], "total_order": 1, "hotel_value": ["4.7"], "hotel_price": ["1836"]}, "17077522": {"hotel_name": "\u4e0a\u6d77\u6781\u4e50\u6c64\u78a7\u4e91\u6e29\u6cc9\u9152\u5e97", "order_time": ["2019-01-14 01:57:37"], "total_order": 1, "hotel_value": ["4.7"], "hotel_price": ["390"]}, "1583086": {"hotel_name": "\u5982\u5bb6\u5feb\u6377\u9152\u5e97(\u4e0a\u6d77\u65b0\u56fd\u9645\u535a\u89c8\u4e2d\u5fc3\u4e16\u535a\u56ed\u533a\u9ad8\u79d1\u897f\u8def\u5730\u94c1\u7ad9\u5e97)", "order_time": ["2019-01-14 01:57:38"], "total_order": 1, "hotel_value": ["4.4"], "hotel_price": ["151"]}, "436284": {"hotel_name": "\u4e0a\u6d77\u8302\u4e1a\u534e\u7f8e\u8fbe\u5e7f\u573a\u9152\u5e97", "order_time": ["2019-01-14 01:57:40", "2019-01-14 02:20:19"], "total_order": 2, "hotel_value": ["4.2", "4.2"], "hotel_price": ["371", "371"]}, "878896": {"hotel_name": "\u5982\u5bb6\u5feb\u6377\u9152\u5e97(\u4e0a\u6d77\u798f\u5c71\u8def\u4e16\u7eaa\u5927\u9053\u5730\u94c1\u7ad9\u5e97)", "order_time": ["2019-01-14 01:57:41"], "total_order": 1, "hotel_value": ["4.4"], "hotel_price": ["180"]}, "922643": {"hotel_name": "\u683c\u6797\u8c6a\u6cf0(\u4e0a\u6d77\u8679\u6865\u673a\u573a\u6dde\u8679\u8def\u5e97)", "order_time": ["2019-01-14 01:57:43"], "total_order": 1, "hotel_value": ["4.2"], "hotel_price": ["141"]}, "3709311": {"hotel_name": "\u5982\u5bb6\u5feb\u6377\u9152\u5e97(\u4e0a\u6d77\u8679\u6865\u5317\u65b0\u6cfe\u5730\u94c1\u7ad9\u5251\u6cb3\u8def\u5e97)", "order_time": ["2019-01-14 01:57:44"], "total_order": 1, "hotel_value": ["4.4"], "hotel_price": ["161"]}, "2649572": {"hotel_name": "\u6c49\u5ead\u9152\u5e97(\u4e0a\u6d77\u5317\u5916\u6ee9\u5927\u8fde\u8def\u5e97)(\u539f\u5927\u8fde\u8def\u5e97)", "order_time": ["2019-01-14 01:57:47"], "total_order": 1, "hotel_value": ["4.1"], "hotel_price": ["208"]}, "6550449": {"hotel_name": "\u6d77\u7ef4\u5fb7\u9152\u5e97(\u4e0a\u6d77\u8679\u6865\u56fd\u5bb6\u4f1a\u5c55\u4e2d\u5fc3\u5e97)", "order_time": ["2019-01-14 01:57:48"], "total_order": 1, "hotel_value": ["4.5"], "hotel_price": ["169"]}, "5246828": {"hotel_name": "\u4e0a\u6d77\u683c\u6797\u8c6a\u6cf0\u9152\u5e97\u4f58\u5c71\u56fd\u5bb6\u68ee\u6797\u516c\u56ed\u5e97", "order_time": ["2019-01-14 01:57:49"], "total_order": 1, "hotel_value": ["4.4"], "hotel_price": ["169"]}, "2147495": {"hotel_name": "7\u5929\u8fde\u9501\u9152\u5e97(\u4e0a\u6d77\u706b\u8f66\u7ad9\u5e97)", "order_time": ["2019-01-14 01:57:50"], "total_order": 1, "hotel_value": ["4.2"], "hotel_price": ["149"]}, "5080723": {"hotel_name": "\u4e0a\u6d77\u7a9d\u5bb6\u9752\u5e74\u65c5\u820d", "order_time": ["2019-01-14 01:57:51"], "total_order": 1, "hotel_value": ["4.4"], "hotel_price": ["74"]}, "6817426": {"hotel_name": "\u5e03\u4e01\u9152\u5e97(\u4e0a\u6d77\u573a\u4e2d\u8def\u5730\u94c1\u7ad9\u4e0a\u6d77\u5927\u5b66\u5e97)", "order_time": ["2019-01-14 01:57:53"], "total_order": 1, "hotel_value": ["4.4"], "hotel_price": ["114"]}, "3360688": {"hotel_name": "\u6c49\u5ead\u9152\u5e97(\u4e0a\u6d77\u6d66\u4e1c\u673a\u573a\u5408\u5e86\u5e97)", "order_time": ["2019-01-14 01:57:53"], "total_order": 1, "hotel_value": ["4.5"], "hotel_price": ["132"]}, "3657234": {"hotel_name": "\u83ab\u6cf0168(\u4e0a\u6d77\u8679\u6865\u56fd\u5bb6\u4f1a\u5c55\u4e2d\u5fc3\u534e\u6c5f\u516c\u8def\u5e97)", "order_time": ["2019-01-14 01:57:55"], "total_order": 1, "hotel_value": ["4.3"], "hotel_price": ["123"]}, "2304970": {"hotel_name": "\u5982\u5bb6\u6d3e\u67cf\u00b7\u4e91\u9152\u5e97(\u4e0a\u6d77\u4e16\u535a\u56ed\u6d77\u9633\u8def\u5e97)", "order_time": ["2019-01-14 01:58:03"], "total_order": 1, "hotel_value": ["4.0"], "hotel_price": ["105"]}, "1624932": {"hotel_name": "\u4e0a\u6d77\u6d77\u87ba\u5feb\u6377\u9152\u5e97", "order_time": ["2019-01-14 01:58:04"], "total_order": 1, "hotel_value": ["4.3"], "hotel_price": ["145"]}, "1405268": {"hotel_name": "\u9526\u6c5f\u4e4b\u661f(\u5609\u5b9a\u4e0a\u6d77\u5927\u5b66\u5e97)", "order_time": ["2019-01-14 01:58:04"], "total_order": 1, "hotel_value": ["4.5"], "hotel_price": ["179"]}, "895951": {"hotel_name": "\u683c\u6797\u8c6a\u6cf0(\u4e0a\u6d77\u4e16\u535a\u56ed\u533a\u534e\u9e4f\u8def\u5730\u94c1\u7ad9\u5e97)", "order_time": ["2019-01-14 01:58:13"], "total_order": 1, "hotel_value": ["4.1"], "hotel_price": ["151"]}, "2895314": {"hotel_name": "\u96f6\u70b9\u4f9d\u7cbe\u81f4\u9152\u5e97(\u4e0a\u6d77\u706b\u8f66\u7ad9\u5e97)(\u539f\u6052\u4e30\u8def\u5e97)", "order_time": ["2019-01-14 01:59:22"], "total_order": 1, "hotel_value": ["4.6"], "hotel_price": ["269"]}, "21726580": {"hotel_name": "\u4e0a\u6d77\u96c5\u8fb0\u60a6\u5c45\u9152\u5e97", "order_time": ["2019-01-14 02:26:40", "2019-01-14 02:00:38", "2019-01-14 02:10:22"], "total_order": 3, "hotel_value": ["4.6", "4.6", "4.6"], "hotel_price": ["606", "606", "606"]}, "4889292": {"hotel_name": "\u4e0a\u6d77\u4e07\u8fbe\u745e\u534e\u9152\u5e97", "order_time": ["2019-01-14 02:00:38"], "total_order": 1, "hotel_value": ["4.8"], "hotel_price": ["1850"]}, "26102283": {"hotel_name": "\u4e0a\u6d77\u541b\u5fc3\u9152\u5e97", "order_time": ["2019-01-14 02:00:41"], "total_order": 1, "hotel_value": ["4.8"], "hotel_price": ["278"]}, "532946": {"hotel_name": "\u4e0a\u6d77\u65b0\u8679\u6865\u667a\u9009\u5047\u65e5\u9152\u5e97", "order_time": ["2019-01-14 02:00:44"], "total_order": 1, "hotel_value": ["4.5"], "hotel_price": ["283"]}, "8451205": {"hotel_name": "\u5c16\u5fae\u7a7a\u95f4\u827a\u672f\u9152\u5e97(\u4e0a\u6d77\u666e\u5584\u8def\u5e97)", "order_time": ["2019-01-14 02:00:47"], "total_order": 1, "hotel_value": ["4.4"], "hotel_price": ["70"]}, "1982059": {"hotel_name": "\u666f\u83b1\u9152\u5e97(\u4e0a\u6d77\u8c6b\u56ed\u65b0\u5929\u5730\u5e97)", "order_time": ["2019-01-14 02:00:48"], "total_order": 1, "hotel_value": ["4.5"], "hotel_price": ["216"]}, "4328919": {"hotel_name": "\u5168\u5b63\u9152\u5e97(\u4e0a\u6d77\u91d1\u90fd\u8def\u5e97)", "order_time": ["2019-01-14 02:00:49"], "total_order": 1, "hotel_value": ["4.8"], "hotel_price": ["398"]}, "5250043": {"hotel_name": "\u7fd4\u8fdc\u5927\u9152\u5e97(\u4e0a\u6d77\u6d66\u4e1c\u673a\u573a\u4e8c\u5e97)", "order_time": ["2019-01-14 02:00:53"], "total_order": 1, "hotel_value": ["3.8"], "hotel_price": ["168"]}, "823767": {"hotel_name": "\u901f8\u9152\u5e97(\u4e0a\u6d77\u677e\u6c5f\u65b0\u6865\u5e97)", "order_time": ["2019-01-14 02:00:57"], "total_order": 1, "hotel_value": ["4.6"], "hotel_price": ["134"]}, "2541921": {"hotel_name": "\u6d77\u53cb\u9152\u5e97(\u4e0a\u6d77\u4ea4\u5927\u7d2b\u7af9\u5e97)", "order_time": ["2019-01-14 02:01:09"], "total_order": 1, "hotel_value": ["3.9"], "hotel_price": ["132"]}, "21121606": {"hotel_name": "\u6d3e\u67cf\u4e91\u9152\u5e97(\u4e0a\u6d77\u66f9\u8def\u91d1\u878d\u5b66\u9662\u5e97)", "order_time": ["2019-01-14 02:01:12"], "total_order": 1, "hotel_value": ["4.7"], "hotel_price": ["110"]}, "10186575": {"hotel_name": "\u7eb3\u5170\u7cbe\u9009\u9152\u5e97(\u4e0a\u6d77\u8679\u6865\u5434\u4e2d\u8def\u5e97)", "order_time": ["2019-01-14 02:01:13"], "total_order": 1, "hotel_value": ["4.3"], "hotel_price": ["113"]}, "2936232": {"hotel_name": "\u4e0a\u6d77\u68a6\u90fd\u5546\u52a1\u5bbe\u9986", "order_time": ["2019-01-14 02:18:00", "2019-01-14 02:01:17"], "total_order": 2, "hotel_value": ["4.0", "4.0"], "hotel_price": ["118", "118"]}, "23884334": {"hotel_name": "\u8d1d\u58f3\u9152\u5e97(\u4e0a\u6d77\u94c1\u529b\u8def\u5730\u94c1\u7ad9\u94c1\u5cf0\u8def\u5e97)", "order_time": ["2019-01-14 02:01:30"], "total_order": 1, "hotel_value": ["4.2"], "hotel_price": ["140"]}, "1354941": {"hotel_name": "\u4e0a\u6d77\u6c49\u5ef7\u9152\u5e97", "order_time": ["2019-01-14 02:03:56"], "total_order": 1, "hotel_value": ["4.6"], "hotel_price": ["170"]}, "419612": {"hotel_name": "\u4e0a\u6d77\u5353\u7f8e\u4e9a\u559c\u739b\u62c9\u96c5\u9152\u5e97", "order_time": ["2019-01-14 02:03:58"], "total_order": 1, "hotel_value": ["4.7"], "hotel_price": ["886"]}, "21808950": {"hotel_name": "\u5eb7\u94c2\u9152\u5e97(\u4e0a\u6d77\u9759\u5b89\u5e97)", "order_time": ["2019-01-14 02:04:00"], "total_order": 1, "hotel_value": ["4.7"], "hotel_price": ["539"]}, "602604": {"hotel_name": "\u4e0a\u6d77\u5357\u822a\u660e\u73e0\u5927\u9152\u5e97", "order_time": ["2019-01-14 02:04:01"], "total_order": 1, "hotel_value": ["4.7"], "hotel_price": ["398"]}, "1311714": {"hotel_name": "\u5e03\u4e01\u9152\u5e97(\u4e0a\u6d77\u9646\u5bb6\u5634\u84dd\u6751\u8def\u5730\u94c1\u7ad9\u5e97)", "order_time": ["2019-01-14 02:04:02", "2019-01-14 02:33:01"], "total_order": 2, "hotel_value": ["4.1", "4.1"], "hotel_price": ["129", "129"]}, "2304206": {"hotel_name": "\u5982\u5bb6\u6d3e\u67cf\u00b7\u4e91\u9152\u5e97(\u4e0a\u6d77\u5236\u9020\u5c40\u8def\u5e97)", "order_time": ["2019-01-14 02:04:04", "2019-01-14 02:26:57"], "total_order": 2, "hotel_value": ["4.2", "4.2"], "hotel_price": ["165", "165"]}, "5298135": {"hotel_name": "\u4e0a\u6d77\u4e94\u89d2\u573a\u51ef\u60a6\u9152\u5e97", "order_time": ["2019-01-14 02:04:07"], "total_order": 1, "hotel_value": ["4.7"], "hotel_price": ["1265"]}, "387239": {"hotel_name": "\u4e0a\u6d77\u738b\u5b9d\u548c\u5927\u9152\u5e97", "order_time": ["2019-01-14 02:04:07"], "total_order": 1, "hotel_value": ["4.7"], "hotel_price": ["850"]}, "347412": {"hotel_name": "\u4e0a\u6d77\u5e7f\u573a\u957f\u57ce\u5047\u65e5\u9152\u5e97", "order_time": ["2019-01-14 02:04:10"], "total_order": 1, "hotel_value": ["4.4"], "hotel_price": ["550"]}, "4372540": {"hotel_name": "\u666f\u83b1\u9152\u5e97(\u4e0a\u6d77\u5ddd\u6c99\u5730\u94c1\u7ad9\u5e97)", "order_time": ["2019-01-14 02:04:14"], "total_order": 1, "hotel_value": ["4.5"], "hotel_price": ["159"]}, "441067": {"hotel_name": "\u4e0a\u6d77\u4e3d\u8c6a\u56fd\u9645\u5927\u9152\u5e97", "order_time": ["2019-01-14 02:04:16"], "total_order": 1, "hotel_value": ["4.4"], "hotel_price": ["339"]}, "454242": {"hotel_name": "\u4e0a\u6d77\u56fd\u97f5\u65e5\u5f0f\u7ba1\u5bb6\u9152\u5e97", "order_time": ["2019-01-14 02:04:16"], "total_order": 1, "hotel_value": ["3.9"], "hotel_price": ["158"]}, "975472": {"hotel_name": "\u6c49\u5ead\u9152\u5e97(\u4e0a\u6d77\u8679\u6865\u67a2\u7ebd\u4e03\u5b9d\u4e2d\u5fc3\u5e97)(\u539f\u4e03\u5b9d\u4e2d\u5fc3\u5e97)", "order_time": ["2019-01-14 02:04:16"], "total_order": 1, "hotel_value": ["4.4"], "hotel_price": ["227"]}, "436118": {"hotel_name": "\u5b9d\u9686\u5c45\u5bb6\u9152\u5e97(\u4e0a\u6d77\u6052\u9686\u5e97)", "order_time": ["2019-01-14 02:04:20"], "total_order": 1, "hotel_value": ["4.2"], "hotel_price": ["269"]}, "640608": {"hotel_name": "\u9526\u6c5f\u4e4b\u661f(\u4e0a\u6d77\u8f7b\u7eba\u5e02\u573a\u66f9\u5b89\u8def\u5e97)", "order_time": ["2019-01-14 02:04:22"], "total_order": 1, "hotel_value": ["4.5"], "hotel_price": ["170"]}, "16067595": {"hotel_name": "\u6d77\u53cb\u9152\u5e97(\u4e0a\u6d77\u5317\u5916\u6ee9\u5e73\u51c9\u8def\u5e97)", "order_time": ["2019-01-14 02:04:24"], "total_order": 1, "hotel_value": ["4.4"], "hotel_price": ["170"]}, "3689823": {"hotel_name": "\u4e0a\u6d77\u541b\u6cf0\u7cbe\u54c1\u9152\u5e97", "order_time": ["2019-01-14 02:04:24"], "total_order": 1, "hotel_value": ["3.8"], "hotel_price": ["209"]}, "2145275": {"hotel_name": "\u4e0a\u6d77\u4e0a\u5916\u5bbe\u9986", "order_time": ["2019-01-14 02:04:29"], "total_order": 1, "hotel_value": ["4.4"], "hotel_price": ["298"]}, "1684012": {"hotel_name": "\u5e03\u4e01\u9152\u5e97(\u4e0a\u6d77\u6d66\u4e1c\u673a\u573a\u91ce\u751f\u52a8\u7269\u56ed\u60e0\u5357\u5e97)", "order_time": ["2019-01-14 02:04:35"], "total_order": 1, "hotel_value": ["4.2"], "hotel_price": ["69"]}, "6014366": {"hotel_name": "\u6591\u6593\u5bb6\u6c11\u5bbf(\u4e0a\u6d77\u9759\u5b89\u5e97)", "order_time": ["2019-01-14 02:07:13"], "total_order": 1, "hotel_value": ["4.5"], "hotel_price": ["249"]}, "387231": {"hotel_name": "\u4e0a\u6d77\u5f90\u6c47\u745e\u5cf0\u9152\u5e97", "order_time": ["2019-01-14 02:07:13"], "total_order": 1, "hotel_value": ["4.2"], "hotel_price": ["218"]}, "5485352": {"hotel_name": "\u4e0a\u6d77\u56fd\u9645\u65c5\u6e38\u5ea6\u5047\u533a\u4e07\u6021\u9152\u5e97", "order_time": ["2019-01-14 02:07:14"], "total_order": 1, "hotel_value": ["4.6"], "hotel_price": ["568"]}, "19454410": {"hotel_name": "\u666f\u83b1\u9152\u5e97\u00b7\u81fb\u9009(\u4e0a\u6d77\u5f90\u5bb6\u6c47\u5e97)", "order_time": ["2019-01-14 02:07:15"], "total_order": 1, "hotel_value": ["4.6"], "hotel_price": ["419"]}, "375219": {"hotel_name": "\u4e0a\u6d77\u8679\u6865\u91d1\u53e4\u6e90\u8c6a\u751f\u5927\u9152\u5e97", "order_time": ["2019-01-14 02:07:16", "2019-01-14 02:36:19"], "total_order": 2, "hotel_value": ["4.5", "4.5"], "hotel_price": ["498", "498"]}, "8527564": {"hotel_name": "\u6c49\u5ead\u4f18\u4f73\u9152\u5e97(\u4e0a\u6d77\u8679\u6865\u67a2\u7ebd\u706b\u8f66\u7ad9\u5e97)", "order_time": ["2019-01-14 02:07:17"], "total_order": 1, "hotel_value": ["4.6"], "hotel_price": ["195"]}, "6238773": {"hotel_name": "\u4e0a\u6d77\u56fd\u91d1\u6c47\u9152\u5e97\u516c\u5bd3", "order_time": ["2019-01-14 02:07:18"], "total_order": 1, "hotel_value": ["4.5"], "hotel_price": ["1336"]}, "14074638": {"hotel_name": "\u4e0a\u6d77\u8679\u6865\u67a2\u7ebd\u56fd\u5c55\u4e2d\u5fc3\u4e9a\u6735\u9152\u5e97", "order_time": ["2019-01-14 02:07:20"], "total_order": 1, "hotel_value": ["4.8"], "hotel_price": ["468"]}, "13436038": {"hotel_name": "\u4e0a\u6d77\u667a\u5fae\u4e16\u7eaa\u4e3d\u5448\u9152\u5e97", "order_time": ["2019-01-14 02:07:20"], "total_order": 1, "hotel_value": ["4.7"], "hotel_price": ["398"]}, "1183635": {"hotel_name": "\u7ef4\u4e5f\u7eb3\u56fd\u9645\u9152\u5e97(\u4e0a\u6d77\u706b\u8f66\u7ad9\u9f99\u95e8\u5e97)", "order_time": ["2019-01-14 02:07:26"], "total_order": 1, "hotel_value": ["4.7"], "hotel_price": ["378"]}, "2298581": {"hotel_name": "\u83ab\u6cf0168(\u4e0a\u6d77\u601d\u5357\u8def\u5e97)", "order_time": ["2019-01-14 02:07:27"], "total_order": 1, "hotel_value": ["4.3"], "hotel_price": ["237"]}, "536005": {"hotel_name": "\u4e0a\u6d77\u82ad\u5824\u96c5\u5047\u65e5\u9152\u5e97", "order_time": ["2019-01-14 02:07:28"], "total_order": 1, "hotel_value": ["4.3"], "hotel_price": ["308"]}, "24874963": {"hotel_name": "\u6d77\u53cb\u9152\u5e97(\u4e0a\u6d77\u8679\u6865\u5b8b\u56ed\u8def\u5e97)", "order_time": ["2019-01-14 02:07:36"], "total_order": 1, "hotel_value": ["4.4"], "hotel_price": ["171"]}, "484861": {"hotel_name": "\u9526\u6c5f\u4e4b\u661f(\u4e0a\u6d77\u8398\u677e\u8def\u5e97)", "order_time": ["2019-01-14 02:07:38"], "total_order": 1, "hotel_value": ["4.1"], "hotel_price": ["199"]}, "2248783": {"hotel_name": "\u683c\u6797\u8c6a\u6cf0(\u4e0a\u6d77\u4e2d\u5c71\u6caa\u592a\u5546\u52a1\u9152\u5e97)", "order_time": ["2019-01-14 02:07:44"], "total_order": 1, "hotel_value": ["4.0"], "hotel_price": ["180"]}, "6841709": {"hotel_name": "\u4e0a\u6d77\u5fc3\u99a8\u9152\u5e97\u516c\u5bd3", "order_time": ["2019-01-14 02:08:01"], "total_order": 1, "hotel_value": ["4.7"], "hotel_price": ["238"]}, "7344835": {"hotel_name": "\u4e0a\u6d77\u8679\u6865\u5eb7\u5f97\u601d\u9152\u5e97", "order_time": ["2019-01-14 02:10:29", "2019-01-14 02:16:56"], "total_order": 2, "hotel_value": ["4.8", "4.8"], "hotel_price": ["926", "926"]}, "1584063": {"hotel_name": "\u4e0a\u6d77\u4f58\u5c71\u91d1\u5730\u5c9a\u97f5\u9152\u5e97", "order_time": ["2019-01-14 02:10:33"], "total_order": 1, "hotel_value": ["4.6"], "hotel_price": ["499"]}, "4358025": {"hotel_name": "\u827e\u68ee\u4e3b\u9898\u9152\u5e97(\u4e0a\u6d77\u957f\u5bff\u8def\u5730\u94c1\u7ad9\u5e97)(\u539f\u80f6\u5dde\u8def\u5e97)", "order_time": ["2019-01-14 02:10:46"], "total_order": 1, "hotel_value": ["4.2"], "hotel_price": ["195"]}, "6532841": {"hotel_name": "\u4e0a\u6d77\u661f\u8fb0\u9752\u5e74\u65c5\u820d", "order_time": ["2019-01-14 02:10:53"], "total_order": 1, "hotel_value": ["4.4"], "hotel_price": ["47"]}, "5237966": {"hotel_name": "\u4e0a\u6d77\u5fae\u7279\u9152\u5e97", "order_time": ["2019-01-14 02:10:54"], "total_order": 1, "hotel_value": ["4.1"], "hotel_price": ["258"]}, "1401634": {"hotel_name": "\u4e0a\u6d77\u4e9a\u68ee\u4e3b\u9898\u9152\u5e97", "order_time": ["2019-01-14 02:10:57"], "total_order": 1, "hotel_value": ["4.0"], "hotel_price": ["168"]}, "1028692": {"hotel_name": "8090\u88d5\u8c6a\u9152\u5e97(\u4e0a\u6d77\u8363\u4e50\u5e97)", "order_time": ["2019-01-14 02:11:00"], "total_order": 1, "hotel_value": ["4.3"], "hotel_price": ["188"]}, "966937": {"hotel_name": "\u4e0a\u6d77\u788c\u516b\u65c5\u9986", "order_time": ["2019-01-14 02:11:35"], "total_order": 1, "hotel_value": [0], "hotel_price": ["88"]}, "15036718": {"hotel_name": "\u4e0a\u6d77\u6d6a\u6f2b\u84b2\u516c\u82f1\u519c\u5bb6\u4e50", "order_time": ["2019-01-14 02:11:43"], "total_order": 1, "hotel_value": ["4.9"], "hotel_price": ["231"]}, "1349252": {"hotel_name": "\u7ef4\u4e5f\u7eb3\u9152\u5e97(\u4e0a\u6d77\u5f90\u5bb6\u6c47\u5b9c\u5c71\u8def\u5730\u94c1\u7ad9\u5e97)", "order_time": ["2019-01-14 02:55:48", "2019-01-14 02:13:51"], "total_order": 2, "hotel_value": ["4.9", "4.9"], "hotel_price": ["336", "336"]}, "458349": {"hotel_name": "\u9526\u6c5f\u90fd\u57ce\u7ecf\u5178\u4e0a\u6d77\u9752\u5e74\u4f1a\u4eba\u6c11\u5e7f\u573a\u9152\u5e97", "order_time": ["2019-01-14 02:13:54", "2019-01-14 02:17:11"], "total_order": 2, "hotel_value": ["4.7", "4.7"], "hotel_price": ["620", "620"]}, "345044": {"hotel_name": "\u4e0a\u6d77\u8679\u6865\u96c5\u9ad8\u7f8e\u7235\u9152\u5e97", "order_time": ["2019-01-14 02:13:54"], "total_order": 1, "hotel_value": ["4.5"], "hotel_price": ["588"]}, "23930547": {"hotel_name": "\u4e0a\u6d77URSIDE\u6709\u5728\u9152\u5e97", "order_time": ["2019-01-14 02:13:54"], "total_order": 1, "hotel_value": ["4.8"], "hotel_price": ["303"]}, "345033": {"hotel_name": "\u4e0a\u6d77\u94ed\u5fb7\u5927\u9152\u5e97", "order_time": ["2019-01-14 02:13:58"], "total_order": 1, "hotel_value": ["4.3"], "hotel_price": ["598"]}, "430071": {"hotel_name": "\u5982\u5bb6\u5feb\u6377\u9152\u5e97(\u4e0a\u6d77\u5916\u6ee9\u57ce\u968d\u5e99\u5e97)", "order_time": ["2019-01-14 02:13:59"], "total_order": 1, "hotel_value": ["4.2"], "hotel_price": ["180"]}, "5975757": {"hotel_name": "\u7ef4\u4e5f\u7eb3\u9152\u5e97(\u4e0a\u6d77\u8679\u6865\u67a2\u7ebd\u91d1\u90fd\u8def\u5e97)", "order_time": ["2019-01-14 02:14:07"], "total_order": 1, "hotel_value": ["4.8"], "hotel_price": ["326"]}, "669015": {"hotel_name": "\u9526\u6c5f\u90fd\u57ce\u9152\u5e97(\u4e0a\u6d77\u9646\u5bb6\u5634\u91d1\u6865\u82b1\u56ed\u5e97)", "order_time": ["2019-01-14 02:14:10", "2019-01-14 02:33:16"], "total_order": 2, "hotel_value": ["4.7", "4.7"], "hotel_price": ["299", "299"]}, "5860593": {"hotel_name": "\u4e0a\u6d77\u534e\u4e1c\u822a\u7a7a\u5927\u9152\u5e97", "order_time": ["2019-01-14 02:14:10"], "total_order": 1, "hotel_value": ["4.4"], "hotel_price": ["150"]}, "481531": {"hotel_name": "\u5e03\u4e01\u4e25\u9009\u9152\u5e97(\u4e0a\u6d77\u706b\u8f66\u7ad9\u5e97)", "order_time": ["2019-01-14 02:14:13"], "total_order": 1, "hotel_value": ["4.3"], "hotel_price": ["116"]}, "2311584": {"hotel_name": "\u6d3e\u67cf.\u4e91\u9152\u5e97(\u4e0a\u6d77\u5b9a\u897f\u8def\u5e97)(\u539f\u827e\u6b23\u7cbe\u54c1\u9152\u5e97)", "order_time": ["2019-01-14 02:14:23"], "total_order": 1, "hotel_value": ["3.7"], "hotel_price": ["132"]}, "374456": {"hotel_name": "\u4e0a\u6d77\u8679\u53e3\u4e09\u81f3\u559c\u6765\u767b\u9152\u5e97", "order_time": ["2019-01-14 02:16:56", "2019-01-14 03:12:00"], "total_order": 2, "hotel_value": ["4.6", "4.6"], "hotel_price": ["1048", "1048"]}, "347132": {"hotel_name": "\u4e0a\u6d77\u6d66\u4e1c\u56db\u5b63\u9152\u5e97", "order_time": ["2019-01-14 02:16:56"], "total_order": 1, "hotel_value": ["4.7"], "hotel_price": ["1712"]}, "387241": {"hotel_name": "\u4e0a\u6d77\u5343\u79a7\u6d77\u9e25\u5927\u9152\u5e97", "order_time": ["2019-01-14 02:16:59"], "total_order": 1, "hotel_value": ["4.6"], "hotel_price": ["2027"]}, "2147610": {"hotel_name": "7\u5929\u8fde\u9501\u9152\u5e97(\u4e0a\u6d77\u9646\u5bb6\u5634\u5e97)", "order_time": ["2019-01-14 02:17:02"], "total_order": 1, "hotel_value": ["4.2"], "hotel_price": ["155"]}, "643297": {"hotel_name": "\u9526\u6c5f\u4e4b\u661f(\u4e0a\u6d77\u6b66\u5b81\u8def\u5e97)", "order_time": ["2019-01-14 02:17:07"], "total_order": 1, "hotel_value": ["4.4"], "hotel_price": ["197"]}, "1513684": {"hotel_name": "\u4e0a\u6d77\u8fc8\u5178\u7cbe\u54c1\u9152\u5e97", "order_time": ["2019-01-14 02:17:14", "2019-01-14 02:46:27"], "total_order": 2, "hotel_value": ["4.4", "4.4"], "hotel_price": ["142", "142"]}, "1081452": {"hotel_name": "\u5409\u6cf0\u8fde\u9501\u9152\u5e97(\u4e0a\u6d77\u5929\u5c71\u8def\u5e97)", "order_time": ["2019-01-14 02:17:16"], "total_order": 1, "hotel_value": ["3.9"], "hotel_price": ["190"]}, "3364357": {"hotel_name": "\u6d77\u53cb\u9152\u5e97(\u4e0a\u6d77\u5357\u7ad9\u5e97)", "order_time": ["2019-01-14 02:17:23"], "total_order": 1, "hotel_value": ["4.3"], "hotel_price": ["180"]}, "374903": {"hotel_name": "\u4e0a\u6d77\u5929\u79a7\u5609\u798f\u749e\u7f07\u5ba2\u9152\u5e97", "order_time": ["2019-01-14 02:20:08", "2019-01-14 03:12:00"], "total_order": 2, "hotel_value": ["4.5", "4.5"], "hotel_price": ["756", "756"]}, "16946069": {"hotel_name": "\u5bbf\u9002\u8f7b\u5962\u9152\u5e97(\u4e0a\u6d77\u5357\u7ad9\u6f15\u6cb3\u6cfe\u5e97)", "order_time": ["2019-01-14 02:20:08"], "total_order": 1, "hotel_value": ["4.8"], "hotel_price": ["199"]}, "11411201": {"hotel_name": "\u4e0a\u6d77\u5916\u6ee9\u4e9a\u6735\u8f7b\u5c45\u9152\u5e97", "order_time": ["2019-01-14 02:20:08"], "total_order": 1, "hotel_value": ["4.7"], "hotel_price": ["560"]}, "346403": {"hotel_name": "\u4e0a\u6d77\u91d1\u8302\u541b\u60a6\u5927\u9152\u5e97", "order_time": ["2019-01-14 02:26:38", "2019-01-14 02:20:09"], "total_order": 2, "hotel_value": ["4.6", "4.6"], "hotel_price": ["1069", "1069"]}, "346393": {"hotel_name": "\u4e0a\u6d77\u534a\u5c9b\u9152\u5e97", "order_time": ["2019-01-14 02:20:09"], "total_order": 1, "hotel_value": ["4.8"], "hotel_price": ["2149"]}, "427622": {"hotel_name": "\u4e0a\u6d77\u5609\u8c6a\u6dee\u6d77\u56fd\u9645\u8c6a\u751f\u9152\u5e97", "order_time": ["2019-01-14 02:20:11", "2019-01-14 02:42:50", "2019-01-14 02:26:31"], "total_order": 3, "hotel_value": ["4.5", "4.5", "4.5"], "hotel_price": ["723", "723", "723"]}, "662485": {"hotel_name": "\u4e0a\u6d77\u67cf\u9633\u541b\u4ead\u9152\u5e97", "order_time": ["2019-01-14 02:20:11"], "total_order": 1, "hotel_value": ["4.6"], "hotel_price": ["458"]}, "346309": {"hotel_name": "\u4e0a\u6d77\u9526\u6c5f\u996d\u5e97", "order_time": ["2019-01-14 02:20:13"], "total_order": 1, "hotel_value": ["4.6"], "hotel_price": ["770"]}, "24925264": {"hotel_name": "\u5982\u5bb6\u5feb\u6377\u9152\u5e97(\u4e0a\u6d77\u9547\u5b81\u8def\u5e97)", "order_time": ["2019-01-14 02:20:14"], "total_order": 1, "hotel_value": ["4.6"], "hotel_price": ["305"]}, "14212692": {"hotel_name": "\u4e0a\u6d77\u5434\u6cfe\u5b9d\u9f99\u827a\u60a6\u9152\u5e97", "order_time": ["2019-01-14 02:20:17"], "total_order": 1, "hotel_value": ["4.7"], "hotel_price": ["377"]}, "1266841": {"hotel_name": "\u7ef4\u4e5f\u7eb3\u56fd\u9645\u9152\u5e97(\u4e0a\u6d77\u56fd\u9645\u65c5\u6e38\u5ea6\u5047\u533a\u5468\u6d66\u4e07\u8fbe\u5e97)", "order_time": ["2019-01-14 02:20:20"], "total_order": 1, "hotel_value": ["4.7"], "hotel_price": ["240"]}, "3801249": {"hotel_name": "\u5e03\u4e01\u9152\u5e97(\u4e0a\u6d77\u5317\u5916\u6ee9\u4e1c\u5b9d\u5174\u8def\u5730\u94c1\u7ad9\u5e97)", "order_time": ["2019-01-14 02:20:21"], "total_order": 1, "hotel_value": ["4.2"], "hotel_price": ["112"]}, "1951731": {"hotel_name": "\u4e0a\u6d77\u827e\u5427\u4e3b\u9898\u5bbe\u9986", "order_time": ["2019-01-14 02:20:35"], "total_order": 1, "hotel_value": ["4.4"], "hotel_price": ["118"]}, "2206372": {"hotel_name": "\u5c3c\u822a\u4e3b\u9898\u9152\u5e97(\u4e0a\u6d77\u6d66\u4e1c\u673a\u573a\u6668\u9633\u8def\u5e97)", "order_time": ["2019-01-14 02:20:40"], "total_order": 1, "hotel_value": ["4.2"], "hotel_price": ["160"]}, "2301754": {"hotel_name": "\u4e0a\u6d77\u8fce\u56ed\u4e4b\u661f\u65c5\u9986", "order_time": ["2019-01-14 02:20:47"], "total_order": 1, "hotel_value": ["4.1"], "hotel_price": ["103"]}, "1809035": {"hotel_name": "\u6d77\u53cb\u9152\u5e97(\u4e0a\u6d77\u9752\u6d66\u4e1c\u65b9\u5546\u53a6\u5e97)(\u539f\u5e99\u524d\u8857\u5e97)", "order_time": ["2019-01-14 02:20:51"], "total_order": 1, "hotel_value": ["3.8"], "hotel_price": ["99"]}, "4310817": {"hotel_name": "520\u4e3b\u9898\u5bbe\u9986(\u4e0a\u6d77\u5b89\u4ead\u5e97)", "order_time": ["2019-01-14 02:20:58"], "total_order": 1, "hotel_value": ["4.2"], "hotel_price": ["159"]}, "345046": {"hotel_name": "\u4e0a\u6d77\u5bcc\u8c6a\u73af\u7403\u4e1c\u4e9a\u9152\u5e97", "order_time": ["2019-01-14 02:23:16"], "total_order": 1, "hotel_value": ["4.5"], "hotel_price": ["686"]}, "346401": {"hotel_name": "\u4e0a\u6d77\u4e16\u8302\u7687\u5bb6\u827e\u7f8e\u9152\u5e97", "order_time": ["2019-01-14 02:23:17"], "total_order": 1, "hotel_value": ["4.5"], "hotel_price": ["1396"]}, "25644450": {"hotel_name": "\u7a7a\u96c6\u9752\u5e74\u65c5\u820d(\u4e0a\u6d77\u4e94\u89d2\u573a\u5e97)", "order_time": ["2019-01-14 02:23:19", "2019-01-14 02:46:14"], "total_order": 2, "hotel_value": ["4.8", "4.8"], "hotel_price": ["78", "78"]}, "11160458": {"hotel_name": "\u4e0a\u6d77\u9752\u5962\u6982\u5ff5\u9152\u5e97", "order_time": ["2019-01-14 02:23:24", "2019-01-14 03:08:36", "2019-01-14 03:02:21"], "total_order": 3, "hotel_value": ["4.7", "4.7", "4.7"], "hotel_price": ["199", "199", "199"]}, "6337433": {"hotel_name": "\u6854\u5b50\u6c34\u6676\u9152\u5e97(\u4e0a\u6d77\u56fd\u9645\u65c5\u6e38\u5ea6\u5047\u533a\u91ce\u751f\u52a8\u7269\u56ed\u5e97)", "order_time": ["2019-01-14 02:23:25"], "total_order": 1, "hotel_value": ["4.9"], "hotel_price": ["351"]}, "428501": {"hotel_name": "\u4e0a\u6d77\u5174\u8363\u6e29\u5fb7\u59c6\u9152\u5e97", "order_time": ["2019-01-14 02:23:27"], "total_order": 1, "hotel_value": ["4.3"], "hotel_price": ["628"]}, "1601276": {"hotel_name": "\u5982\u5bb6\u5feb\u6377\u9152\u5e97(\u4e0a\u6d77\u5357\u4eac\u8def\u4eba\u6c11\u5e7f\u573a\u5e97)", "order_time": ["2019-01-14 02:23:30"], "total_order": 1, "hotel_value": ["4.3"], "hotel_price": ["189"]}, "2170606": {"hotel_name": "\u4e0a\u6d77\u535a\u6f3e\u7cbe\u54c1\u9152\u5e97", "order_time": ["2019-01-14 02:23:43"], "total_order": 1, "hotel_value": ["4.6"], "hotel_price": ["191"]}, "1480640": {"hotel_name": "\u6c49\u5ead\u9152\u5e97(\u4e0a\u6d77\u91d1\u6865\u4e2d\u5fc3\u5e97)", "order_time": ["2019-01-14 02:23:43"], "total_order": 1, "hotel_value": ["3.9"], "hotel_price": ["142"]}, "5660989": {"hotel_name": "\u7ef4\u4e5f\u7eb3\u667a\u597d\u9152\u5e97(\u4e0a\u6d77\u91d1\u5c71\u5f20\u5830\u5de5\u4e1a\u56ed\u533a\u4e2d\u4fa8\u5b66\u9662\u5e97)", "order_time": ["2019-01-14 02:23:51"], "total_order": 1, "hotel_value": ["4.8"], "hotel_price": ["173"]}, "28130724": {"hotel_name": "\u4e0a\u6d77\u5f90\u6c47\u6ee8\u6c5f\u667a\u9009\u5047\u65e5\u9152\u5e97", "order_time": ["2019-01-14 02:23:58"], "total_order": 1, "hotel_value": ["5.0"], "hotel_price": ["439"]}, "2357140": {"hotel_name": "\u4e0a\u6d77\u5317\u76db\u65c5\u9986", "order_time": ["2019-01-14 02:24:05"], "total_order": 1, "hotel_value": ["2.6"], "hotel_price": ["90"]}, "13819538": {"hotel_name": "\u4e0a\u6d77\u8776\u6765\u5bf8\u6751\u91cc\u9152\u5e97", "order_time": ["2019-01-14 02:26:33"], "total_order": 1, "hotel_value": ["4.6"], "hotel_price": ["249"]}, "14095484": {"hotel_name": "\u4e0a\u6d77\u7406\u987a\u7cbe\u54c1\u9152\u5e97", "order_time": ["2019-01-14 02:26:36"], "total_order": 1, "hotel_value": ["4.5"], "hotel_price": ["191"]}, "1569678": {"hotel_name": "\u5982\u5bb6\u5feb\u6377\u9152\u5e97(\u4e0a\u6d77\u9646\u5bb6\u5634\u516b\u4f70\u4f34\u5e97)", "order_time": ["2019-01-14 02:26:37"], "total_order": 1, "hotel_value": ["4.4"], "hotel_price": ["161"]}, "12644631": {"hotel_name": "\u4e0a\u6d77\u8fea\u5bab\u5ea6\u5047\u533a\u827a\u672f\u9152\u5e97", "order_time": ["2019-01-14 02:26:38"], "total_order": 1, "hotel_value": ["4.8"], "hotel_price": ["233"]}, "447365": {"hotel_name": "\u4e0a\u6d77\u9ec4\u91d1\u5c9b\u5927\u9152\u5e97", "order_time": ["2019-01-14 02:26:38"], "total_order": 1, "hotel_value": ["4.2"], "hotel_price": ["243"]}, "4687213": {"hotel_name": "\u4e0a\u6d77\u73a9\u5177\u603b\u52a8\u5458\u9152\u5e97", "order_time": ["2019-01-14 02:26:38"], "total_order": 1, "hotel_value": ["4.7"], "hotel_price": ["1610"]}, "767147": {"hotel_name": "99\u65c5\u9986\u8fde\u9501(\u4e0a\u6d77\u8679\u6865\u673a\u573a\u4e09\u5e97)", "order_time": ["2019-01-14 02:26:49"], "total_order": 1, "hotel_value": ["4.2"], "hotel_price": ["99"]}, "2238593": {"hotel_name": "\u4e0a\u6d77\u7231\u838e\u9152\u5e97(\u539f\u7231\u7c73\u7c92\u65c5\u9986)", "order_time": ["2019-01-14 02:27:01"], "total_order": 1, "hotel_value": ["4.5"], "hotel_price": ["99"]}, "5599110": {"hotel_name": "\u4e0a\u6d77\u6d66\u4e1c\u4e3b\u9898\u4e50\u56ed\u4e07\u4fe1\u9152\u5e97", "order_time": ["2019-01-14 02:29:40"], "total_order": 1, "hotel_value": ["4.7"], "hotel_price": ["495"]}, "427920": {"hotel_name": "\u83ab\u6cf0168(\u4e0a\u6d77\u660c\u5e73\u8def\u5730\u94c1\u7ad9\u5e97)", "order_time": ["2019-01-14 02:29:42"], "total_order": 1, "hotel_value": ["4.6"], "hotel_price": ["186"]}, "441618": {"hotel_name": "\u6854\u5b50\u9152\u5e97\u00b7\u7cbe\u9009(\u4e0a\u6d77\u5a01\u5b81\u8def\u5730\u94c1\u7ad9\u5e97)", "order_time": ["2019-01-14 02:29:45"], "total_order": 1, "hotel_value": ["4.7"], "hotel_price": ["522"]}, "4687218": {"hotel_name": "\u4e0a\u6d77\u8fea\u58eb\u5c3c\u4e50\u56ed\u9152\u5e97", "order_time": ["2019-01-14 02:29:46"], "total_order": 1, "hotel_value": ["4.7"], "hotel_price": ["2146"]}, "5981447": {"hotel_name": "\u767b\u5df4\u5ba2\u6808(\u4e0a\u6d77\u65d7\u8230\u5e97)", "order_time": ["2019-01-14 02:29:47"], "total_order": 1, "hotel_value": ["4.5"], "hotel_price": ["74"]}, "6044173": {"hotel_name": "\u661f\u7a0b\u9152\u5e97(\u4e0a\u6d77\u5916\u6ee9\u5e97)", "order_time": ["2019-01-14 02:29:47"], "total_order": 1, "hotel_value": ["4.2"], "hotel_price": ["256"]}, "8162414": {"hotel_name": "\u4e00\u95f4\u68ee\u6797\u9752\u5e74\u65c5\u820d(\u4e0a\u6d77\u540c\u6d4e\u5e97)", "order_time": ["2019-01-14 02:29:47"], "total_order": 1, "hotel_value": ["4.8"], "hotel_price": ["79"]}, "850497": {"hotel_name": "\u548c\u9890\u9152\u5e97(\u4e0a\u6d77\u6e05\u6cb3\u8def\u5e97)", "order_time": ["2019-01-14 02:29:52"], "total_order": 1, "hotel_value": ["4.9"], "hotel_price": ["203"]}, "2124289": {"hotel_name": "99\u65c5\u9986\u8fde\u9501(\u4e0a\u6d77\u8679\u6865\u673a\u573a\u4e00\u5e97)", "order_time": ["2019-01-14 02:29:52"], "total_order": 1, "hotel_value": ["4.1"], "hotel_price": ["109"]}, "441015": {"hotel_name": "\u4e0a\u6d77\u4e2d\u5174\u548c\u6cf0\u9152\u5e97", "order_time": ["2019-01-14 02:49:25", "2019-01-14 02:29:53"], "total_order": 2, "hotel_value": ["4.4", "4.4"], "hotel_price": ["489", "489"]}, "428087": {"hotel_name": "\u4e0a\u6d77\u5e7f\u573a\u5609\u5ef7\u9152\u5e97", "order_time": ["2019-01-14 02:29:53"], "total_order": 1, "hotel_value": ["4.5"], "hotel_price": ["359"]}, "1776236": {"hotel_name": "\u5982\u5bb6\u5feb\u6377\u9152\u5e97(\u4e0a\u6d77\u6d66\u4e1c\u673a\u573a\u81ea\u7531\u8d38\u6613\u533a\u5e97)", "order_time": ["2019-01-14 02:29:56"], "total_order": 1, "hotel_value": ["4.4"], "hotel_price": ["233"]}, "6399146": {"hotel_name": "\u548c\u9890\u9152\u5e97(\u4e0a\u6d77\u957f\u5bff\u8def\u4e9a\u65b0\u751f\u6d3b\u5e7f\u573a\u5e97)", "order_time": ["2019-01-14 02:49:15", "2019-01-14 02:29:58"], "total_order": 2, "hotel_value": ["4.6", "4.6"], "hotel_price": ["302", "302"]}, "768112": {"hotel_name": "\u7231\u820d\u7a7a\u95f4\u4e3b\u9898\u6982\u5ff5\u9152\u5e97(\u4e0a\u6d77\u4eba\u6c11\u5e7f\u573a\u5e97)", "order_time": ["2019-01-14 02:29:59", "2019-01-14 02:36:24"], "total_order": 2, "hotel_value": ["4.5", "4.5"], "hotel_price": ["168", "168"]}, "2698285": {"hotel_name": "\u4e0a\u6d77\u7687\u7a0b\u6c34\u6676\u9152\u5e97", "order_time": ["2019-01-14 02:30:00"], "total_order": 1, "hotel_value": ["4.8"], "hotel_price": ["218"]}, "6535018": {"hotel_name": "\u6e05\u6c90\u7cbe\u9009\u9152\u5e97(\u4e0a\u6d77\u8001\u897f\u95e8\u5730\u94c1\u7ad9\u5e97)", "order_time": ["2019-01-14 02:30:10"], "total_order": 1, "hotel_value": ["4.5"], "hotel_price": ["179"]}, "6291690": {"hotel_name": "\u4e0a\u6d77\u6f2b\u57ce\u7cbe\u54c1\u9152\u5e97", "order_time": ["2019-01-14 02:30:25"], "total_order": 1, "hotel_value": ["3.9"], "hotel_price": ["228"]}, "1531589": {"hotel_name": "\u4e0a\u6d77\u7965\u5764\u5546\u52a1\u9152\u5e97", "order_time": ["2019-01-14 02:30:26"], "total_order": 1, "hotel_value": ["4.4"], "hotel_price": ["118"]}, "11022744": {"hotel_name": "\u4e0a\u6d77\u7d20\u51ef\u6cf0\u9152\u5e97", "order_time": ["2019-01-14 02:33:01"], "total_order": 1, "hotel_value": ["4.7"], "hotel_price": ["1816"]}, "15529375": {"hotel_name": "\u4e0a\u6d77\u5efa\u6ed4\u8bfa\u5bcc\u7279\u9152\u5e97", "order_time": ["2019-01-14 02:33:01"], "total_order": 1, "hotel_value": ["4.7"], "hotel_price": ["529"]}, "397163": {"hotel_name": "\u4e0a\u6d77\u4e1c\u6021\u5927\u9152\u5e97", "order_time": ["2019-01-14 02:33:02"], "total_order": 1, "hotel_value": ["4.7"], "hotel_price": ["549"]}, "12514331": {"hotel_name": "\u6d6e\u9690\u8f7b\u820d\u9152\u5e97(\u4e0a\u6d77\u56fd\u9645\u65c5\u6e38\u5ea6\u5047\u533a\u6d66\u4e1c\u56fd\u9645\u673a\u573a\u5e97)", "order_time": ["2019-01-14 02:33:05"], "total_order": 1, "hotel_value": ["4.7"], "hotel_price": ["318"]}, "429716": {"hotel_name": "\u4e0a\u6d77\u96c5\u8bd7\u9601\u6dee\u6d77\u8def\u670d\u52a1\u516c\u5bd3", "order_time": ["2019-01-14 02:36:19"], "total_order": 1, "hotel_value": ["4.5"], "hotel_price": ["1000"]}, "450719": {"hotel_name": "\u5168\u5b63\u9152\u5e97(\u4e0a\u6d77\u5f90\u5bb6\u6c47\u5b9c\u5c71\u8def\u5e97)", "order_time": ["2019-01-14 02:36:35"], "total_order": 1, "hotel_value": ["4.7"], "hotel_price": ["417"]}, "810310": {"hotel_name": "\u4e0a\u6d77\u4e50\u4eab\u56fd\u9645\u5927\u9152\u5e97", "order_time": ["2019-01-14 02:36:37"], "total_order": 1, "hotel_value": ["4.3"], "hotel_price": ["326"]}, "26118819": {"hotel_name": "\u5168\u5b63\u9152\u5e97(\u4e0a\u6d77\u8679\u6865\u4e07\u6e90\u8def\u5e97)", "order_time": ["2019-01-14 02:36:39"], "total_order": 1, "hotel_value": ["4.8"], "hotel_price": ["360"]}, "7359535": {"hotel_name": "\u4e0a\u6d77\u5f69\u8679\u5c4b\u9752\u5e74\u65c5\u820d", "order_time": ["2019-01-14 02:36:44"], "total_order": 1, "hotel_value": ["4.7"], "hotel_price": ["50"]}, "1692988": {"hotel_name": "\u827e\u68ee\u4e3b\u9898\u9152\u5e97(\u4e0a\u6d77\u897f\u85cf\u5317\u8def\u5730\u94c1\u7ad9\u5e97)", "order_time": ["2019-01-14 02:36:44"], "total_order": 1, "hotel_value": ["4.3"], "hotel_price": ["189"]}, "2541704": {"hotel_name": "M\u5bb6\u793e\u533a\u9152\u5e97(\u4e0a\u6d77\u6b66\u5b81\u8def\u5730\u94c1\u7ad9\u5e97)", "order_time": ["2019-01-14 02:36:47"], "total_order": 1, "hotel_value": ["4.1"], "hotel_price": ["188"]}, "16021468": {"hotel_name": "\u5e03\u4e01\u4e25\u9009\u9152\u5e97(\u4e0a\u6d77\u987e\u6751\u516c\u56ed\u534e\u5c71\u533b\u9662\u5e97)", "order_time": ["2019-01-14 02:36:57"], "total_order": 1, "hotel_value": ["4.4"], "hotel_price": ["136"]}, "1686089": {"hotel_name": "\u4e0a\u6d77\u9f99\u65b0\u65c5\u5e97", "order_time": ["2019-01-14 02:37:14"], "total_order": 1, "hotel_value": [0], "hotel_price": ["59"]}, "2323643": {"hotel_name": "\u4e0a\u6d77\u6cfd\u607a\u9038\u7cbe\u54c1\u9152\u5e97", "order_time": ["2019-01-14 02:39:27"], "total_order": 1, "hotel_value": ["4.4"], "hotel_price": ["193"]}, "5611472": {"hotel_name": "\u9526\u6c5f\u4e4b\u661f\u54c1\u5c1a(\u4e0a\u6d77\u56fd\u9645\u65c5\u6e38\u5ea6\u5047\u533a\u60e0\u5357\u91ce\u751f\u52a8\u7269\u56ed\u5e97)", "order_time": ["2019-01-14 02:52:40", "2019-01-14 02:39:32"], "total_order": 2, "hotel_value": ["4.7", "4.7"], "hotel_price": ["139", "139"]}, "374483": {"hotel_name": "\u4e0a\u6d77\u65b0\u5929\u5730\u6717\u5ef7\u9152\u5e97", "order_time": ["2019-01-14 02:39:35"], "total_order": 1, "hotel_value": ["4.7"], "hotel_price": ["1633"]}, "22418538": {"hotel_name": "\u4e0a\u6d77\u4e09\u7532\u6e2f\u7eff\u5730\u94c2\u9a8a\u9152\u5e97", "order_time": ["2019-01-14 02:39:40"], "total_order": 1, "hotel_value": ["4.4"], "hotel_price": ["675"]}, "2313513": {"hotel_name": "\u6c49\u5ead\u9152\u5e97(\u4e0a\u6d77\u9646\u5bb6\u5634\u4e1c\u65b9\u8def\u5e97)", "order_time": ["2019-01-14 02:39:47"], "total_order": 1, "hotel_value": ["4.6"], "hotel_price": ["417"]}, "439420": {"hotel_name": "\u7ef4\u4e5f\u7eb3\u56fd\u9645\u9152\u5e97(\u4e0a\u6d77\u677e\u6c5f\u5e97)", "order_time": ["2019-01-14 02:39:47"], "total_order": 1, "hotel_value": ["4.6"], "hotel_price": ["269"]}, "2148111": {"hotel_name": "7\u5929\u8fde\u9501\u9152\u5e97(\u4e0a\u6d77\u5f90\u5bb6\u6c47\u9f99\u6f15\u8def\u5730\u94c1\u7ad9\u5e97)", "order_time": ["2019-01-14 02:39:53"], "total_order": 1, "hotel_value": ["4.6"], "hotel_price": ["169"]}, "1274059": {"hotel_name": "\u683c\u6797\u8c6a\u6cf0(\u4e0a\u6d77\u677e\u6c5f\u677e\u4e1c\u5e97)", "order_time": ["2019-01-14 02:40:01"], "total_order": 1, "hotel_value": ["4.8"], "hotel_price": ["184"]}, "14998674": {"hotel_name": "\u6c49\u5ead\u4f18\u4f73\u9152\u5e97(\u4e0a\u6d77\u65b9\u5854\u5e97)", "order_time": ["2019-01-14 02:40:01"], "total_order": 1, "hotel_value": ["4.7"], "hotel_price": ["188"]}, "25586205": {"hotel_name": "\u4e0a\u6d77\u7693\u6708\u7cbe\u54c1\u9152\u5e97", "order_time": ["2019-01-14 02:40:05"], "total_order": 1, "hotel_value": ["4.7"], "hotel_price": ["268"]}, "6410906": {"hotel_name": "\u9752\u76ae\u6811\u9152\u5e97(\u4e0a\u6d77\u6d66\u4e1c\u673a\u573a\u8fdc\u4e1c\u5927\u9053\u5730\u94c1\u7ad9\u5e97)", "order_time": ["2019-01-14 02:40:11"], "total_order": 1, "hotel_value": ["4.5"], "hotel_price": ["123"]}, "25740822": {"hotel_name": "\u5168\u5bbf\u516c\u5bd3(\u4e0a\u6d77\u5317\u5916\u6ee9\u5e97)", "order_time": ["2019-01-14 02:40:28"], "total_order": 1, "hotel_value": ["4.8"], "hotel_price": ["188"]}, "12603011": {"hotel_name": "\u4e0a\u6d77Pagoda\u541b\u4ead\u8bbe\u8ba1\u9152\u5e97", "order_time": ["2019-01-14 02:42:45"], "total_order": 1, "hotel_value": ["4.7"], "hotel_price": ["619"]}, "24765697": {"hotel_name": "\u548c\u9890\u81f3\u683c\u9152\u5e97(\u4e0a\u6d77\u6d66\u4e1c\u673a\u573a\u81ea\u8d38\u533a\u5e97)", "order_time": ["2019-01-14 02:42:47"], "total_order": 1, "hotel_value": ["4.4"], "hotel_price": ["309"]}, "1073814": {"hotel_name": "\u7ef4\u4e5f\u7eb3\u9152\u5e97(\u4e0a\u6d77\u6d66\u4e1c\u673a\u573a\u5e97)", "order_time": ["2019-01-14 02:42:49"], "total_order": 1, "hotel_value": ["4.7"], "hotel_price": ["257"]}, "435622": {"hotel_name": "\u4e0a\u6d77\u745e\u91d1\u6d32\u9645\u9152\u5e97", "order_time": ["2019-01-14 02:42:54"], "total_order": 1, "hotel_value": ["4.7"], "hotel_price": ["1186"]}, "7238320": {"hotel_name": "\u4e0a\u6d77\u73af\u7403\u6e2f\u51ef\u60a6\u9152\u5e97", "order_time": ["2019-01-14 02:42:56"], "total_order": 1, "hotel_value": ["4.6"], "hotel_price": ["1012"]}, "2016309": {"hotel_name": "\u62fe\u52a0\u62fe\u5bbe\u9986(\u4e0a\u6d77\u5468\u5bb6\u5634\u8def\u5e97)", "order_time": ["2019-01-14 02:43:01"], "total_order": 1, "hotel_value": ["4.1"], "hotel_price": ["109"]}, "436431": {"hotel_name": "\u5982\u5bb6\u5feb\u6377\u9152\u5e97(\u4e0a\u6d77\u8679\u6865\u53e4\u5317\u5e97)", "order_time": ["2019-01-14 02:43:07"], "total_order": 1, "hotel_value": ["4.5"], "hotel_price": ["179"]}, "4722063": {"hotel_name": "\u6e56\u57ce\u5bbe\u9986(\u4e0a\u6d77\u5305\u5934\u8def\u5e97)", "order_time": ["2019-01-14 02:44:43"], "total_order": 1, "hotel_value": [0], "hotel_price": ["139"]}, "1625745": {"hotel_name": "\u4f0a\u4fac\u7f8e\u5bd3\u9152\u5e97(\u4e0a\u6d77\u65b0\u5929\u5730\u5e97)", "order_time": ["2019-01-14 02:46:04", "2019-01-14 02:52:44"], "total_order": 2, "hotel_value": ["4.7", "4.7"], "hotel_price": ["320", "320"]}, "3457139": {"hotel_name": "\u5168\u5b63\u9152\u5e97(\u4e0a\u6d77\u5f20\u6c5f\u534e\u590f\u4e2d\u8def\u5e97)", "order_time": ["2019-01-14 02:46:06"], "total_order": 1, "hotel_value": ["4.8"], "hotel_price": ["408"]}, "419539": {"hotel_name": "\u5e0c\u5cb8\u00b7\u8f7b\u96c5\u9152\u5e97(\u4e0a\u6d77\u8679\u6865\u67a2\u7ebd\u56fd\u5c55\u4e2d\u5fc3\u5e97)", "order_time": ["2019-01-14 02:46:09"], "total_order": 1, "hotel_value": ["4.7"], "hotel_price": ["187"]}, "1686524": {"hotel_name": "\u7b49\u9005\u8f7b\u5962\u9152\u5e97(\u4e0a\u6d77\u4e94\u89d2\u573a\u590d\u65e6\u5927\u5b66\u5e97)(\u539f\u7ea2\u8d1d\u5fb7\u98ce\u5c1a\u9152\u5e97)", "order_time": ["2019-01-14 02:46:28"], "total_order": 1, "hotel_value": ["4.8"], "hotel_price": ["359"]}, "1535774": {"hotel_name": "\u6c49\u5ead\u9152\u5e97(\u4e0a\u6d77\u56db\u5ddd\u5317\u8def\u5e97)", "order_time": ["2019-01-14 02:46:28"], "total_order": 1, "hotel_value": ["4.3"], "hotel_price": ["322"]}, "991599": {"hotel_name": "\u6c49\u5ead\u9152\u5e97(\u4e0a\u6d77\u6c5f\u6865\u5609\u6021\u8def\u5e97)", "order_time": ["2019-01-14 02:46:31"], "total_order": 1, "hotel_value": ["4.3"], "hotel_price": ["137"]}, "435865": {"hotel_name": "\u5982\u5bb6\u5feb\u6377\u9152\u5e97(\u4e0a\u6d77\u67f3\u5dde\u8def\u5149\u5927\u4f1a\u5c55\u4e2d\u5fc3\u5e97)", "order_time": ["2019-01-14 02:46:33"], "total_order": 1, "hotel_value": ["4.3"], "hotel_price": ["227"]}, "1707304": {"hotel_name": "\u4e0a\u6d77\u827e\u575e\u56fd\u9645\u9152\u5e97", "order_time": ["2019-01-14 02:46:34"], "total_order": 1, "hotel_value": ["4.1"], "hotel_price": ["118"]}, "8578438": {"hotel_name": "\u4e0a\u6d77\u4ec1\u542f\u5bbe\u9986", "order_time": ["2019-01-14 02:46:35"], "total_order": 1, "hotel_value": ["4.0"], "hotel_price": ["238"]}, "393916": {"hotel_name": "\u4e0a\u6d77\u8fdc\u6d0b\u5bbe\u9986", "order_time": ["2019-01-14 02:49:18"], "total_order": 1, "hotel_value": ["4.6"], "hotel_price": ["526"]}, "1584455": {"hotel_name": "\u9005\u6d77\u4e3b\u9898\u9152\u5e97(\u4e0a\u6d77\u706b\u8f66\u7ad9\u957f\u5bff\u8def\u5e97)", "order_time": ["2019-01-14 02:49:20"], "total_order": 1, "hotel_value": ["4.4"], "hotel_price": ["308"]}, "17449351": {"hotel_name": "\u6854\u5b50\u9152\u5e97\u00b7\u7cbe\u9009(\u4e0a\u6d77\u8679\u6865\u56fd\u5c55\u4e2d\u5fc3\u7533\u957f\u5317\u8def\u5e97)", "order_time": ["2019-01-14 02:49:21"], "total_order": 1, "hotel_value": ["4.7"], "hotel_price": ["360"]}, "26446793": {"hotel_name": "\u5586\u5561\u9152\u5e97(\u4e0a\u6d77\u8679\u6865\u67a2\u7ebd\u56fd\u5bb6\u4f1a\u5c55\u4e2d\u5fc3\u5e97)", "order_time": ["2019-01-14 02:49:24"], "total_order": 1, "hotel_value": ["4.8"], "hotel_price": ["224"]}, "387372": {"hotel_name": "\u4e0a\u6d77\u534e\u4ead\u5bbe\u9986", "order_time": ["2019-01-14 02:49:27"], "total_order": 1, "hotel_value": ["4.4"], "hotel_price": ["703"]}, "19435002": {"hotel_name": "\u4e0a\u6d77\u6797\u9690\u827a\u672f\u9152\u5e97", "order_time": ["2019-01-14 02:49:35"], "total_order": 1, "hotel_value": ["4.7"], "hotel_price": ["392"]}, "2302781": {"hotel_name": "\u6613\u4f70\u8fde\u9501\u65c5\u5e97(\u4e0a\u6d77\u4e03\u5b9d\u5e97)", "order_time": ["2019-01-14 02:49:45"], "total_order": 1, "hotel_value": ["3.8"], "hotel_price": ["127"]}, "756484": {"hotel_name": "\u9526\u6c5f\u90fd\u57ce\u7ecf\u5178\u9152\u5e97(\u4e0a\u6d77\u5357\u4eac\u8def\u6b65\u884c\u8857\u5357\u4eac\u996d\u5e97 )", "order_time": ["2019-01-14 02:52:31"], "total_order": 1, "hotel_value": ["4.8"], "hotel_price": ["598"]}, "6047537": {"hotel_name": "\u5e0c\u60f3\u7cbe\u54c1\u9152\u5e97(\u4e0a\u6d77\u4e07\u8c61\u57ce\u5e97)", "order_time": ["2019-01-14 02:52:35"], "total_order": 1, "hotel_value": ["4.4"], "hotel_price": ["158"]}, "11403849": {"hotel_name": "\u7ef4\u4e5f\u7eb3\u56fd\u9645\u9152\u5e97(\u4e0a\u6d77\u6ef4\u6c34\u6e56\u6d77\u6d0b\u516c\u56ed\u5e97)", "order_time": ["2019-01-14 02:52:45"], "total_order": 1, "hotel_value": ["4.8"], "hotel_price": ["300"]}, "428286": {"hotel_name": "\u5982\u5bb6\u5feb\u6377\u9152\u5e97(\u4e0a\u6d77\u5927\u5b81\u56fd\u9645\u5e7f\u4e2d\u8def\u9a6c\u620f\u57ce\u5e97)", "order_time": ["2019-01-14 02:52:46"], "total_order": 1, "hotel_value": ["4.4"], "hotel_price": ["227"]}, "13347982": {"hotel_name": "\u957f\u4e18\u56fd\u9645\u9752\u5e74\u65c5\u820d(\u4e0a\u6d77\u706b\u8f66\u7ad9\u5e97)", "order_time": ["2019-01-14 02:52:57"], "total_order": 1, "hotel_value": ["4.7"], "hotel_price": ["55"]}, "426315": {"hotel_name": "\u4e0a\u6d77\u626c\u5b50\u7cbe\u54c1\u9152\u5e97", "order_time": ["2019-01-14 02:55:45"], "total_order": 1, "hotel_value": ["4.7"], "hotel_price": ["923"]}, "12664686": {"hotel_name": "\u9e97\u67ab\u9152\u5e97(\u4e0a\u6d77\u5609\u5b9a\u65b0\u6210\u4f53\u80b2\u9986\u5e97)", "order_time": ["2019-01-14 02:55:47"], "total_order": 1, "hotel_value": ["4.8"], "hotel_price": ["213"]}, "481018": {"hotel_name": "Q\u52a0\u00b7\u4e0a\u6d77\u9e3f\u9526\u56fd\u9645\u9152\u5e97", "order_time": ["2019-01-14 02:55:47"], "total_order": 1, "hotel_value": ["4.7"], "hotel_price": ["229"]}, "1525186": {"hotel_name": "\u4e0a\u6d77\u5f90\u5bb6\u6c47\u4e9a\u6735\u77e5\u4e4e\u9152\u5e97", "order_time": ["2019-01-14 02:55:57"], "total_order": 1, "hotel_value": ["4.8"], "hotel_price": ["579"]}, "375468": {"hotel_name": "\u4e0a\u6d77\u79d1\u96c5\u56fd\u9645\u5927\u9152\u5e97", "order_time": ["2019-01-14 02:55:58"], "total_order": 1, "hotel_value": ["4.5"], "hotel_price": ["488"]}, "427671": {"hotel_name": "\u5982\u5bb6\u5feb\u6377\u9152\u5e97(\u4e0a\u6d77\u91d1\u6865\u6768\u9ad8\u4e2d\u8def\u84dd\u5929\u8def\u5730\u94c1\u7ad9\u5e97)", "order_time": ["2019-01-14 02:56:05"], "total_order": 1, "hotel_value": ["4.3"], "hotel_price": ["132"]}, "778044": {"hotel_name": "\u4e0a\u6d77\u9f99\u7fa4\u5ea6\u5047\u6751", "order_time": ["2019-01-14 02:56:17"], "total_order": 1, "hotel_value": ["4.4"], "hotel_price": ["289"]}, "640520": {"hotel_name": "\u9526\u6c5f\u4e4b\u661f(\u4e0a\u6d77\u8679\u6865\u67a2\u7ebd\u4e03\u5b9d\u987a\u6052\u56fd\u9645\u5e7f\u573a\u5e97)(\u539f\u6caa\u9752\u5e73\u516c\u8def\u4e8c\u5e97)", "order_time": ["2019-01-14 02:56:18"], "total_order": 1, "hotel_value": ["4.2"], "hotel_price": ["206"]}, "16917441": {"hotel_name": "\u9e70\u8679\u516c\u5bd3\u5f0f\u9152\u5e97(\u4e0a\u6d77\u91d1\u6865\u56fd\u9645\u5e97)", "order_time": ["2019-01-14 02:58:51"], "total_order": 1, "hotel_value": ["4.5"], "hotel_price": ["360"]}, "6547939": {"hotel_name": "\u6854\u5b50\u6c34\u6676\u9152\u5e97(\u4e0a\u6d77\u56fd\u9645\u65c5\u6e38\u5ea6\u5047\u533a\u7533\u6c5f\u5357\u8def\u5e97)", "order_time": ["2019-01-14 02:58:53"], "total_order": 1, "hotel_value": ["4.9"], "hotel_price": ["303"]}, "425378": {"hotel_name": "\u4e0a\u6d77\u5916\u6ee9\u8302\u60a6\u5927\u9152\u5e97", "order_time": ["2019-01-14 02:58:54"], "total_order": 1, "hotel_value": ["4.6"], "hotel_price": ["1406"]}, "9245575": {"hotel_name": "\u552f\u5ead\u9152\u5e97(\u4e0a\u6d77\u6dee\u6d77\u8def\u5e97)(\u539f\u9b54\u5c14\u516c\u5bd3)", "order_time": ["2019-01-14 02:58:54"], "total_order": 1, "hotel_value": ["4.6"], "hotel_price": ["287"]}, "3264089": {"hotel_name": "\u5982\u5bb6\u7cbe\u9009\u9152\u5e97(\u4e0a\u6d77\u6dee\u6d77\u8def\u601d\u5357\u8def\u5e97)", "order_time": ["2019-01-14 02:58:58"], "total_order": 1, "hotel_value": ["4.7"], "hotel_price": ["398"]}, "17513055": {"hotel_name": "\u4e0a\u6d77\u4e09\u7532\u6e2f\u7eff\u5730\u94c2\u6d3e\u9152\u5e97", "order_time": ["2019-01-14 02:59:03"], "total_order": 1, "hotel_value": ["4.4"], "hotel_price": ["516"]}, "480746": {"hotel_name": "\u4e0a\u6d77\u701a\u6d77\u660e\u7389\u5927\u9152\u5e97", "order_time": ["2019-01-14 02:59:32"], "total_order": 1, "hotel_value": ["4.3"], "hotel_price": ["498"]}, "1368306": {"hotel_name": "\u4e0a\u6d77\u6caa\u5149\u65c5\u9986", "order_time": ["2019-01-14 02:59:55"], "total_order": 1, "hotel_value": ["3.8"], "hotel_price": ["106"]}, "1193881": {"hotel_name": "\u96f6\u70b9\u4f9d\u7cbe\u81f4\u9152\u5e97(\u4e0a\u6d77\u5927\u5b81\u56fd\u9645\u5546\u4e1a\u533a\u6caa\u592a\u8def\u5e97)", "order_time": ["2019-01-14 03:02:21"], "total_order": 1, "hotel_value": ["4.6"], "hotel_price": ["153"]}, "1581597": {"hotel_name": "\u683c\u6797\u8054\u76df(\u4e0a\u6d77\u677e\u6c5f\u4e07\u8fbe\u5927\u5b66\u57ce\u5730\u94c1\u7ad9\u5e97)", "order_time": ["2019-01-14 03:02:22"], "total_order": 1, "hotel_value": ["4.7"], "hotel_price": ["238"]}, "445563": {"hotel_name": "\u4e0a\u6d77\u677e\u6c5f\u5f00\u5143\u540d\u90fd\u5927\u9152\u5e97", "order_time": ["2019-01-14 03:02:24"], "total_order": 1, "hotel_value": ["4.8"], "hotel_price": ["682"]}, "5930394": {"hotel_name": "\u6c49\u5ead\u9152\u5e97(\u4e0a\u6d77\u6885\u5ddd\u8def\u5e97)", "order_time": ["2019-01-14 03:02:29"], "total_order": 1, "hotel_value": ["4.5"], "hotel_price": ["284"]}, "26615457": {"hotel_name": "\u6e05\u6c90\u7cbe\u9009\u9152\u5e97(\u4e0a\u6d77\u706b\u8f66\u7ad9\u5e97)", "order_time": ["2019-01-14 03:02:46"], "total_order": 1, "hotel_value": [0], "hotel_price": ["201"]}, "1727469": {"hotel_name": "\u4e0a\u6d77\u7533\u6625\u5bbe\u9986", "order_time": ["2019-01-14 03:02:59"], "total_order": 1, "hotel_value": ["3.9"], "hotel_price": ["113"]}, "22762265": {"hotel_name": "\u4e0a\u6d77\u7af9\u5b50\u9752\u5e74\u65c5\u793e", "order_time": ["2019-01-14 03:03:09"], "total_order": 1, "hotel_value": ["4.9"], "hotel_price": ["65"]}, "25825579": {"hotel_name": "\u4e0a\u6d77\u6708\u534a\u6e7e\u7279\u8272\u4e3b\u9898\u9152\u5e97", "order_time": ["2019-01-14 03:03:09"], "total_order": 1, "hotel_value": [0], "hotel_price": ["99"]}, "1080606": {"hotel_name": "\u4e0a\u6d77\u4fbf\u4e50\u5546\u52a1\u5bbe\u9986", "order_time": ["2019-01-14 03:03:12"], "total_order": 1, "hotel_value": ["3.7"], "hotel_price": ["76"]}, "426317": {"hotel_name": "\u4e0a\u6d77\u5357\u6865\u7eff\u5730\u94c2\u9a8a\u9152\u5e97", "order_time": ["2019-01-14 03:05:29"], "total_order": 1, "hotel_value": ["4.4"], "hotel_price": ["486"]}, "4531036": {"hotel_name": "\u4e91\u548c\u56db\u5b63\u9152\u5e97\u5f0f\u516c\u5bd3(\u4e0a\u6d77\u4e34\u7a7a\u56ed\u533a\u5e97)", "order_time": ["2019-01-14 03:05:32"], "total_order": 1, "hotel_value": ["4.5"], "hotel_price": ["301"]}, "484249": {"hotel_name": "\u4e0a\u6d77\u8c6b\u56ed\u5b9c\u5fc5\u601d\u9152\u5e97", "order_time": ["2019-01-14 03:05:32"], "total_order": 1, "hotel_value": ["4.6"], "hotel_price": ["200"]}, "435499": {"hotel_name": "\u4e0a\u6d77\u5bbf\u9002\u7687\u51a0\u5927\u9152\u5e97(\u539f\u4e16\u7eaa\u548c\u5e73\u5e7f\u573a\u5927\u9152\u5e97)", "order_time": ["2019-01-14 03:05:38"], "total_order": 1, "hotel_value": ["4.2"], "hotel_price": ["303"]}, "484868": {"hotel_name": "\u9526\u6c5f\u4e4b\u661f(\u4e0a\u6d77\u9752\u6d66\u5e97)", "order_time": ["2019-01-14 03:05:40"], "total_order": 1, "hotel_value": ["4.5"], "hotel_price": ["245"]}, "8578414": {"hotel_name": "\u6fb3\u95e8\u8f7b\u5962\u9152\u5e97", "order_time": ["2019-01-14 03:05:45"], "total_order": 1, "hotel_value": ["4.3"], "hotel_price": ["232"]}, "766079": {"hotel_name": "\u83b1\u5361\u4f18\u54c1\u9152\u5e97(\u4e0a\u6d77\u66f9\u6768\u8def\u5e97)", "order_time": ["2019-01-14 03:05:50"], "total_order": 1, "hotel_value": ["4.6"], "hotel_price": ["189"]}, "1210005": {"hotel_name": "\u5409\u6cf0\u7cbe\u54c1\u8fde\u9501\u9152\u5e97(\u4e0a\u6d77\u6253\u6d66\u8def\u5e97)", "order_time": ["2019-01-14 03:05:51"], "total_order": 1, "hotel_value": ["4.0"], "hotel_price": ["184"]}, "374461": {"hotel_name": "\u4e0a\u6d77\u9759\u5b89\u6d32\u9645\u9152\u5e97(\u539f\u6d66\u897f\u6d32\u9645\u9152\u5e97)", "order_time": ["2019-01-14 03:08:41"], "total_order": 1, "hotel_value": ["4.6"], "hotel_price": ["1166"]}, "18431318": {"hotel_name": "\u5168\u5b63\u9152\u5e97(\u4e0a\u6d77\u5916\u6ee9\u91d1\u9675\u4e1c\u8def\u5e97)", "order_time": ["2019-01-14 03:08:44"], "total_order": 1, "hotel_value": ["4.7"], "hotel_price": ["417"]}, "767197": {"hotel_name": "99\u65c5\u9986\u8fde\u9501(\u4e0a\u6d77\u677e\u6c5f\u5927\u5b66\u57ce\u5e97)", "order_time": ["2019-01-14 03:09:23"], "total_order": 1, "hotel_value": ["4.3"], "hotel_price": ["79"]}, "14950281": {"hotel_name": "\u4e0a\u6d77\u6696\u9014\u65c5\u5e97", "order_time": ["2019-01-14 03:09:26"], "total_order": 1, "hotel_value": ["3.8"], "hotel_price": ["139"]}, "1785637": {"hotel_name": "\u9526\u6c5f\u90fd\u57ce\u9152\u5e97(\u4e0a\u6d77\u5e02\u5317\u5e97)", "order_time": ["2019-01-14 03:12:02"], "total_order": 1, "hotel_value": ["4.5"], "hotel_price": ["400"]}, "2301201": {"hotel_name": "\u6613\u4f70\u8fde\u9501\u65c5\u5e97(\u4e0a\u6d77\u6dde\u6ee8\u5730\u94c1\u7ad9\u5e97)", "order_time": ["2019-01-14 03:12:21"], "total_order": 1, "hotel_value": ["4.5"], "hotel_price": ["100"]}}}