{"\u5f00\u59cb\u8bb0\u5f55\u65f6\u95f4": "2019-01-07 02:52:04", "\u7ed3\u675f\u8bb0\u5f55\u65f6\u95f4": "2019-01-07 03:52:04", "\u8ba2\u5355\u603b\u589e\u91cf": 125, "item": {"14074638": {"hotel_name": "\u4e0a\u6d77\u8679\u6865\u67a2\u7ebd\u56fd\u5c55\u4e2d\u5fc3\u4e9a\u6735\u9152\u5e97", "order_time": ["2019-01-07 02:54:16"], "total_order": 1, "hotel_value": ["4.8"], "hotel_price": ["468"]}, "432293": {"hotel_name": "\u4e0a\u6d77\u8c6a\u5fb7\u4e07\u6e90\u5927\u9152\u5e97", "order_time": ["2019-01-07 02:56:18"], "total_order": 1, "hotel_value": ["4.2"], "hotel_price": ["329"]}, "1487307": {"hotel_name": "\u6c49\u5ead\u9152\u5e97(\u4e0a\u6d77\u65b0\u91d1\u6865\u5e97)", "order_time": ["2019-01-07 02:56:19"], "total_order": 1, "hotel_value": ["4.5"], "hotel_price": ["257"]}, "436298": {"hotel_name": "\u4e0a\u6d77\u6d66\u4e1c\u534e\u7f8e\u8fbe\u5927\u9152\u5e97", "order_time": ["2019-01-07 02:58:17"], "total_order": 1, "hotel_value": ["4.5"], "hotel_price": ["858"]}, "427787": {"hotel_name": "\u83ab\u6cf0168(\u4e0a\u6d77\u8679\u53e3\u8db3\u7403\u573a\u8d64\u5cf0\u8def\u5730\u94c1\u7ad9\u5e97)", "order_time": ["2019-01-07 02:58:17"], "total_order": 1, "hotel_value": ["4.3"], "hotel_price": ["171"]}, "6461313": {"hotel_name": "\u4e0a\u6d77\u96cd\u4e50\u9152\u5e97", "order_time": ["2019-01-07 02:58:18"], "total_order": 1, "hotel_value": ["4.7"], "hotel_price": ["175"]}, "436526": {"hotel_name": "\u521b\u4e1a\u5927\u9152\u5e97(\u4e0a\u6d77\u5916\u6ee9\u4e2d\u5fc3\u5e97)", "order_time": ["2019-01-07 03:00:18"], "total_order": 1, "hotel_value": ["4.5"], "hotel_price": ["145"]}, "387048": {"hotel_name": "\u4e0a\u6d77\u8861\u5c71\u8def\u5341\u4e8c\u53f7\u8c6a\u534e\u7cbe\u9009\u9152\u5e97", "order_time": ["2019-01-07 03:00:18"], "total_order": 1, "hotel_value": ["4.6"], "hotel_price": ["1516"]}, "23965616": {"hotel_name": "\u7ef4\u4e5f\u7eb3\u9152\u5e97(\u4e0a\u6d77\u5d07\u660e\u7eff\u6d77\u8def\u5e97)", "order_time": ["2019-01-07 03:00:20"], "total_order": 1, "hotel_value": ["4.7"], "hotel_price": ["206"]}, "766131": {"hotel_name": "\u6d77\u53cb\u826f\u54c1(\u4e0a\u6d77\u8679\u6865\u5b89\u987a\u8def\u5e97)", "order_time": ["2019-01-07 03:00:24"], "total_order": 1, "hotel_value": ["4.2"], "hotel_price": ["247"]}, "1002757": {"hotel_name": "\u5982\u5bb6\u5feb\u6377\u9152\u5e97(\u4e0a\u6d77\u5f20\u6c5f\u9ad8\u79d1\u5510\u9547\u5730\u94c1\u7ad9\u5e97\uff09", "order_time": ["2019-01-07 03:02:17"], "total_order": 1, "hotel_value": ["4.5"], "hotel_price": ["122"]}, "347314": {"hotel_name": "\u4e0a\u6d77\u65b0\u9526\u6c5f\u5927\u9152\u5e97", "order_time": ["2019-01-07 03:02:17"], "total_order": 1, "hotel_value": ["4.5"], "hotel_price": ["636"]}, "8451205": {"hotel_name": "\u5c16\u5fae\u7a7a\u95f4\u827a\u672f\u9152\u5e97(\u4e0a\u6d77\u666e\u5584\u8def\u5e97)", "order_time": ["2019-01-07 03:02:17", "2019-01-07 03:34:20"], "total_order": 2, "hotel_value": ["4.4", "4.4"], "hotel_price": ["62", "62"]}, "5265676": {"hotel_name": "\u5bbf\u9002\u65f6\u5c1a\u9152\u5e97(\u4e0a\u6d77\u5357\u4eac\u4e1c\u8def\u5916\u6ee9\u5e97)", "order_time": ["2019-01-07 03:02:18"], "total_order": 1, "hotel_value": ["4.5"], "hotel_price": ["130"]}, "425821": {"hotel_name": "\u4e0a\u6d77\u51ef\u5bbe\u65af\u57fa\u5927\u9152\u5e97", "order_time": ["2019-01-07 03:02:19"], "total_order": 1, "hotel_value": ["4.7"], "hotel_price": ["989"]}, "1714189": {"hotel_name": "\u4e0a\u6d77\u9152\u94a2\u5927\u9152\u5e97", "order_time": ["2019-01-07 03:02:19"], "total_order": 1, "hotel_value": ["4.6"], "hotel_price": ["271"]}, "24920624": {"hotel_name": "\u5e0c\u5cb8\u9152\u5e97(\u4e0a\u6d77\u677e\u6c5f\u4f53\u80b2\u4e2d\u5fc3\u5730\u94c1\u7ad9\u5e97)", "order_time": ["2019-01-07 03:02:20"], "total_order": 1, "hotel_value": ["4.8"], "hotel_price": ["186"]}, "765644": {"hotel_name": "\u4e0a\u6d77\u6e29\u6c99\u5bbe\u9986", "order_time": ["2019-01-07 03:02:28"], "total_order": 1, "hotel_value": [0], "hotel_price": ["80"]}, "2304952": {"hotel_name": "\u798f\u5730\u5927\u9152\u5e97(\u4e0a\u6d77\u7530\u5b50\u574a\u5e97)", "order_time": ["2019-01-07 03:04:17"], "total_order": 1, "hotel_value": ["4.6"], "hotel_price": ["387"]}, "17449351": {"hotel_name": "\u6854\u5b50\u9152\u5e97\u00b7\u7cbe\u9009(\u4e0a\u6d77\u8679\u6865\u56fd\u5c55\u4e2d\u5fc3\u7533\u957f\u5317\u8def\u5e97)", "order_time": ["2019-01-07 03:04:17"], "total_order": 1, "hotel_value": ["4.7"], "hotel_price": ["360"]}, "437612": {"hotel_name": "\u4e0a\u6d77\u4e2d\u822a\u8679\u6865\u673a\u573a\u6cca\u60a6\u9152\u5e97", "order_time": ["2019-01-07 03:20:18", "2019-01-07 03:04:18"], "total_order": 2, "hotel_value": ["4.7", "4.7"], "hotel_price": ["667", "667"]}, "1622994": {"hotel_name": "\u4e0a\u6d77\u65b0\u56fd\u9645\u535a\u89c8\u4e2d\u5fc3\u78c1\u60ac\u6d6e\u7ad9\u4e9a\u6735\u9152\u5e97", "order_time": ["2019-01-07 03:04:18"], "total_order": 1, "hotel_value": ["4.8"], "hotel_price": ["569"]}, "14479459": {"hotel_name": "\u548c\u9890\u9152\u5e97(\u4e0a\u6d77\u65b0\u5929\u5730\u7530\u5b50\u574a\u5e97)", "order_time": ["2019-01-07 03:04:19"], "total_order": 1, "hotel_value": ["4.6"], "hotel_price": ["325"]}, "378777": {"hotel_name": "\u4e0a\u6d77\u822a\u7a7a\u9152\u5e97", "order_time": ["2019-01-07 03:04:20"], "total_order": 1, "hotel_value": ["4.2"], "hotel_price": ["318"]}, "346388": {"hotel_name": "\u4e0a\u6d77\u4e16\u7eaa\u7687\u51a0\u5047\u65e5\u9152\u5e97", "order_time": ["2019-01-07 03:04:20"], "total_order": 1, "hotel_value": ["4.6"], "hotel_price": ["851"]}, "2147434": {"hotel_name": "\u4e0a\u6d77\u5982\u6765\u5927\u9152\u5e97", "order_time": ["2019-01-07 03:04:23"], "total_order": 1, "hotel_value": ["3.7"], "hotel_price": ["111"]}, "14171664": {"hotel_name": "\u4e0a\u6d77\u6d66\u4e1c\u673a\u573a\u4e9a\u6735\u9152\u5e97", "order_time": ["2019-01-07 03:04:30"], "total_order": 1, "hotel_value": ["4.8"], "hotel_price": ["459"]}, "345052": {"hotel_name": "\u4e0a\u6d77\u7f8e\u4e3d\u56ed\u5927\u9152\u5e97", "order_time": ["2019-01-07 03:14:16", "2019-01-07 03:06:18"], "total_order": 2, "hotel_value": ["4.5", "4.5"], "hotel_price": ["538", "538"]}, "8063900": {"hotel_name": "\u4e0a\u6d77\u9759\u5b89\u745e\u5409\u9152\u5e97", "order_time": ["2019-01-07 03:06:19"], "total_order": 1, "hotel_value": ["4.7"], "hotel_price": ["1723"]}, "22755589": {"hotel_name": "\u4e91\u548c\u591c\u6cca\u9152\u5e97(\u4e0a\u6d77\u56fd\u9645\u65c5\u6e38\u5ea6\u5047\u533a\u6d66\u4e1c\u673a\u573a\u5e97)", "order_time": ["2019-01-07 03:08:17"], "total_order": 1, "hotel_value": ["4.9"], "hotel_price": ["348"]}, "5073024": {"hotel_name": "\u6c49\u5ead\u9152\u5e97(\u4e0a\u6d77\u5510\u9547\u9ad8\u79d1\u4e1c\u8def\u5e97)", "order_time": ["2019-01-07 03:08:18"], "total_order": 1, "hotel_value": ["4.6"], "hotel_price": ["135"]}, "446917": {"hotel_name": "\u4e0a\u6d77\u65b0\u65f6\u7a7a\u5609\u5ef7\u9152\u5e97", "order_time": ["2019-01-07 03:08:18"], "total_order": 1, "hotel_value": ["4.5"], "hotel_price": ["329"]}, "5548921": {"hotel_name": "\u4e0a\u6d77\u8fea\u516b\u4e3b\u9898\u9152\u5e97", "order_time": ["2019-01-07 03:08:22"], "total_order": 1, "hotel_value": ["4.0"], "hotel_price": ["133"]}, "12516816": {"hotel_name": "\u4e0a\u6d77\u6fb3\u7235\u9152\u5e97", "order_time": ["2019-01-07 03:08:23"], "total_order": 1, "hotel_value": ["4.0"], "hotel_price": ["117"]}, "2069207": {"hotel_name": "\u4e0a\u6d77\u535c\u51e1\u56fd\u9645\u9752\u5e74\u9152\u5e97", "order_time": ["2019-01-07 03:08:23"], "total_order": 1, "hotel_value": ["4.4"], "hotel_price": ["45"]}, "11276919": {"hotel_name": "\u4e0a\u6d77\u5c0a\u60a6\u7cbe\u9009\u9152\u5e97", "order_time": ["2019-01-07 03:08:23"], "total_order": 1, "hotel_value": ["4.1"], "hotel_price": ["164"]}, "385069": {"hotel_name": "\u4e0a\u6d77\u54c1\u5c0a\u540d\u81f4\u7cbe\u54c1\u9152\u5e97\u516c\u5bd3", "order_time": ["2019-01-07 03:10:19"], "total_order": 1, "hotel_value": ["4.7"], "hotel_price": ["468"]}, "429106": {"hotel_name": "\u4e0a\u6d77\u5fa1\u9526\u8f69\u51ef\u5bbe\u65af\u57fa\u5168\u5957\u623f\u9152\u5e97", "order_time": ["2019-01-07 03:10:19"], "total_order": 1, "hotel_value": ["4.5"], "hotel_price": ["850"]}, "6049319": {"hotel_name": "\u5bbf\u9002\u7cbe\u81f4\u9152\u5e97(\u4e0a\u6d77\u5357\u4eac\u4e1c\u8def\u5916\u6ee9\u5e97)(\u539f\u5916\u6ee9\u4e2d\u5fc3\u5e97)", "order_time": ["2019-01-07 03:10:19"], "total_order": 1, "hotel_value": ["4.6"], "hotel_price": ["180"]}, "8578414": {"hotel_name": "\u6fb3\u95e8\u8f7b\u5962\u9152\u5e97", "order_time": ["2019-01-07 03:10:21"], "total_order": 1, "hotel_value": ["4.3"], "hotel_price": ["204"]}, "3630661": {"hotel_name": "\u4e0a\u6d77\u5bcc\u9976\u5546\u52a1\u5bbe\u9986", "order_time": ["2019-01-07 03:12:17"], "total_order": 1, "hotel_value": ["4.3"], "hotel_price": ["129"]}, "15529375": {"hotel_name": "\u4e0a\u6d77\u5efa\u6ed4\u8bfa\u5bcc\u7279\u9152\u5e97", "order_time": ["2019-01-07 03:12:17"], "total_order": 1, "hotel_value": ["4.7"], "hotel_price": ["529"]}, "4424125": {"hotel_name": "\u9ea6\u65b0\u683c\u7cbe\u54c1\u9152\u5e97(\u4e0a\u6d77\u5916\u9ad8\u6865\u81ea\u8d38\u533a\u4fdd\u7a0e\u533a\u5317\u5730\u94c1\u7ad9\u5e97)", "order_time": ["2019-01-07 03:12:17"], "total_order": 1, "hotel_value": ["4.9"], "hotel_price": ["371"]}, "2291410": {"hotel_name": "\u5168\u5b63\u9152\u5e97(\u4e0a\u6d77\u8679\u6865\u5434\u4e2d\u8def\u5e97)", "order_time": ["2019-01-07 03:12:17"], "total_order": 1, "hotel_value": ["4.9"], "hotel_price": ["406"]}, "2109327": {"hotel_name": "\u5982\u5bb6\u5feb\u6377\u9152\u5e97(\u4e0a\u6d77\u8679\u6865\u67a2\u7ebd\u4f1a\u5c55\u4e2d\u5fc3\u4e03\u5b9d\u53e4\u9547\u5e97)", "order_time": ["2019-01-07 03:12:18"], "total_order": 1, "hotel_value": ["4.4"], "hotel_price": ["151"]}, "668763": {"hotel_name": "\u9526\u6c5f\u4e4b\u661f(\u4e0a\u6d77\u8679\u6865\u67a2\u7ebd\u4e03\u8398\u8def\u5e97)", "order_time": ["2019-01-07 03:12:20", "2019-01-07 03:16:16"], "total_order": 2, "hotel_value": ["4.4", "4.4"], "hotel_price": ["208", "208"]}, "469858": {"hotel_name": "\u4e0a\u6d77\u9e4f\u5229\u8f89\u76db\u9601\u56fd\u9645\u516c\u5bd3", "order_time": ["2019-01-07 03:14:18"], "total_order": 1, "hotel_value": ["4.6"], "hotel_price": ["3556"]}, "2301013": {"hotel_name": "\u5982\u5bb6\u8054\u76df-\u534e\u9a7f\u7cbe\u9009\u9152\u5e97(\u4e0a\u6d77\u5b9d\u5c71\u53cb\u8c0a\u8def\u5e97)", "order_time": ["2019-01-07 03:14:21"], "total_order": 1, "hotel_value": ["4.0"], "hotel_price": ["198"]}, "387241": {"hotel_name": "\u4e0a\u6d77\u5343\u79a7\u6d77\u9e25\u5927\u9152\u5e97", "order_time": ["2019-01-07 03:16:15"], "total_order": 1, "hotel_value": ["4.6"], "hotel_price": ["863"]}, "6657845": {"hotel_name": "\u4e0a\u6d77\u90bb\u5bb6\u9732\u8425\u5730", "order_time": ["2019-01-07 03:16:16"], "total_order": 1, "hotel_value": ["4.8"], "hotel_price": ["598"]}, "2170606": {"hotel_name": "\u4e0a\u6d77\u535a\u6f3e\u7cbe\u54c1\u9152\u5e97", "order_time": ["2019-01-07 03:16:18"], "total_order": 1, "hotel_value": ["4.6"], "hotel_price": ["179"]}, "750888": {"hotel_name": "\u4e0a\u6d77\u6d32\u6d77\u82b1\u56ed\u9152\u5e97", "order_time": ["2019-01-07 03:16:19"], "total_order": 1, "hotel_value": ["4.6"], "hotel_price": ["626"]}, "9545503": {"hotel_name": "\u5409\u6cf0\u8fde\u9501\u9152\u5e97(\u4e0a\u6d77\u5b9d\u5b89\u516c\u8def\u5730\u94c1\u7ad9\u5e97)", "order_time": ["2019-01-07 03:16:19"], "total_order": 1, "hotel_value": ["4.2"], "hotel_price": ["156"]}, "5082306": {"hotel_name": "\u4e0a\u6d77\u9896\u5c1a\u8fde\u9501\u9152\u5e97", "order_time": ["2019-01-07 03:18:24", "2019-01-07 03:16:20"], "total_order": 2, "hotel_value": ["4.0", "4.0"], "hotel_price": ["107", "107"]}, "2362659": {"hotel_name": "\u6c49\u5ead\u9152\u5e97(\u4e0a\u6d77\u6c38\u9756\u8def\u5e97)", "order_time": ["2019-01-07 03:16:20"], "total_order": 1, "hotel_value": ["4.4"], "hotel_price": ["130"]}, "3049859": {"hotel_name": "\u5982\u5bb6\u5feb\u6377\u9152\u5e97(\u4e0a\u6d77\u65b0\u91d1\u6865\u4e2d\u60e0\u5e7f\u573a\u5e97)(\u539f\u91d1\u6865\u5f00\u53d1\u533a\u91d1\u6e58\u8def\u5e97)", "order_time": ["2019-01-07 03:24:17", "2019-01-07 03:18:20"], "total_order": 2, "hotel_value": ["4.1", "4.1"], "hotel_price": ["196", "196"]}, "843042": {"hotel_name": "\u5409\u6cf0\u8fde\u9501\u9152\u5e97(\u4e0a\u6d77\u6d66\u4e1c\u673a\u573a\u5e97)", "order_time": ["2019-01-07 03:18:21"], "total_order": 1, "hotel_value": ["3.9"], "hotel_price": ["147"]}, "3067376": {"hotel_name": "\u4e0a\u6d77\u4e1c\u65b9\u9152\u697c", "order_time": ["2019-01-07 03:18:21"], "total_order": 1, "hotel_value": ["4.5"], "hotel_price": ["199"]}, "28307427": {"hotel_name": "\u4e0a\u6d77\u81f3\u4f73\u9152\u5e97", "order_time": ["2019-01-07 03:18:25"], "total_order": 1, "hotel_value": [0], "hotel_price": ["114"]}, "10218108": {"hotel_name": "\u4e0a\u6d77\u4e07\u8fbe\u9752\u5e74\u516c\u5bd3", "order_time": ["2019-01-07 03:18:27"], "total_order": 1, "hotel_value": ["3.5"], "hotel_price": ["46"]}, "698201": {"hotel_name": "\u5982\u5bb6\u5feb\u6377\u9152\u5e97(\u4e0a\u6d77\u5357\u4eac\u8def\u6b65\u884c\u8857\u5e97)", "order_time": ["2019-01-07 03:20:16"], "total_order": 1, "hotel_value": ["4.5"], "hotel_price": ["170"]}, "450698": {"hotel_name": "\u5168\u5b63\u9152\u5e97(\u4e0a\u6d77\u8679\u6865\u8679\u8bb8\u8def\u5e97)(\u539f\u53e4\u5317\u5e97)", "order_time": ["2019-01-07 03:20:16"], "total_order": 1, "hotel_value": ["4.9"], "hotel_price": ["313"]}, "345057": {"hotel_name": "\u4e0a\u6d77\u6d66\u4e1c\u673a\u573a\u534e\u7f8e\u8fbe\u5e7f\u573a\u9152\u5e97", "order_time": ["2019-01-07 03:20:17"], "total_order": 1, "hotel_value": ["4.5"], "hotel_price": ["1056"]}, "21334806": {"hotel_name": "\u4e0a\u6d77\u8212\u9038\u5047\u65e5\u9152\u5e97", "order_time": ["2019-01-07 03:20:17"], "total_order": 1, "hotel_value": ["4.7"], "hotel_price": ["143"]}, "6843614": {"hotel_name": "\u4e0a\u6d77\u6c47\u5b9d\u9752\u5e74\u516c\u5bd3", "order_time": ["2019-01-07 03:20:25"], "total_order": 1, "hotel_value": ["3.5"], "hotel_price": ["30"]}, "985088": {"hotel_name": "\u5168\u5b63\u9152\u5e97(\u4e0a\u6d77\u706b\u8f66\u7ad9\u5929\u76ee\u897f\u8def\u5e97)", "order_time": ["2019-01-07 03:24:15", "2019-01-07 03:22:18"], "total_order": 2, "hotel_value": ["4.6", "4.6"], "hotel_price": ["290", "290"]}, "369834": {"hotel_name": "\u4e0a\u6d77\u5df4\u9ece\u6625\u5929\u65b0\u4e16\u754c\u9152\u5e97", "order_time": ["2019-01-07 03:22:18"], "total_order": 1, "hotel_value": ["4.6"], "hotel_price": ["670"]}, "4723882": {"hotel_name": "\u4e0a\u6d77\u9e3f\u4ead\u4e3b\u9898\u9152\u5e97", "order_time": ["2019-01-07 03:22:21"], "total_order": 1, "hotel_value": ["4.2"], "hotel_price": ["171"]}, "5981447": {"hotel_name": "\u767b\u5df4\u5ba2\u6808(\u4e0a\u6d77\u65d7\u8230\u5e97)", "order_time": ["2019-01-07 03:24:15"], "total_order": 1, "hotel_value": ["4.5"], "hotel_price": ["64"]}, "5942646": {"hotel_name": "\u4e07\u4fe1\u6167\u9009\u9152\u5e97(\u4e0a\u6d77\u6d66\u4e1c\u673a\u573a\u8fea\u65af\u5c3c\u5e97)", "order_time": ["2019-01-07 03:26:17"], "total_order": 1, "hotel_value": ["4.5"], "hotel_price": ["122"]}, "1585198": {"hotel_name": "\u7ef4\u4e5f\u7eb3\u9152\u5e97(\u4e0a\u6d77\u8679\u6865\u673a\u573a\u4e5d\u4ead\u5e97)", "order_time": ["2019-01-07 03:34:23", "2019-01-07 03:26:17"], "total_order": 2, "hotel_value": ["4.8", "4.8"], "hotel_price": ["306", "306"]}, "1619327": {"hotel_name": "\u4e0a\u6d77\u946b\u661f\u7cbe\u54c1\u9152\u5e97", "order_time": ["2019-01-07 03:26:19", "2019-01-07 03:36:21"], "total_order": 2, "hotel_value": ["4.0", "4.0"], "hotel_price": ["158", "158"]}, "1307211": {"hotel_name": "\u6d77\u53cb\u9152\u5e97(\u4e0a\u6d77\u5171\u548c\u65b0\u8def\u5927\u5b81\u5e97)", "order_time": ["2019-01-07 03:26:19"], "total_order": 1, "hotel_value": ["4.3"], "hotel_price": ["130"]}, "344988": {"hotel_name": "\u4e0a\u6d77\u5bcc\u8c6a\u4e1c\u4e9a\u9152\u5e97", "order_time": ["2019-01-07 03:28:18"], "total_order": 1, "hotel_value": ["4.4"], "hotel_price": ["489"]}, "756484": {"hotel_name": "\u9526\u6c5f\u90fd\u57ce\u7ecf\u5178\u9152\u5e97(\u4e0a\u6d77\u5357\u4eac\u8def\u6b65\u884c\u8857\u5357\u4eac\u996d\u5e97 )", "order_time": ["2019-01-07 03:28:22"], "total_order": 1, "hotel_value": ["4.8"], "hotel_price": ["578"]}, "2302424": {"hotel_name": "99\u65c5\u9986\u8fde\u9501(\u4e0a\u6d77\u6d66\u4e1c\u91d1\u6865\u8def\u5730\u94c1\u7ad9\u5e97)", "order_time": ["2019-01-07 03:28:22"], "total_order": 1, "hotel_value": ["4.0"], "hotel_price": ["103"]}, "991601": {"hotel_name": "\u6c49\u5ead\u9152\u5e97(\u4e0a\u6d77\u5357\u7ad9\u5e97)", "order_time": ["2019-01-07 03:30:16"], "total_order": 1, "hotel_value": ["4.3"], "hotel_price": ["213"]}, "374920": {"hotel_name": "\u4e0a\u6d77\u56fd\u4fe1\u7d2b\u91d1\u5c71\u5927\u9152\u5e97", "order_time": ["2019-01-07 03:30:17"], "total_order": 1, "hotel_value": ["4.6"], "hotel_price": ["598"]}, "6468107": {"hotel_name": "\u4e0a\u6d77M\u5bb6\u7cbe\u9009\u9152\u5e97", "order_time": ["2019-01-07 03:30:17"], "total_order": 1, "hotel_value": ["4.1"], "hotel_price": ["151"]}, "441067": {"hotel_name": "\u4e0a\u6d77\u4e3d\u8c6a\u56fd\u9645\u5927\u9152\u5e97", "order_time": ["2019-01-07 03:30:17"], "total_order": 1, "hotel_value": ["4.4"], "hotel_price": ["349"]}, "393445": {"hotel_name": "\u4e0a\u6d77\u65af\u683c\u5a01\u94c2\u5c14\u66fc\u5927\u9152\u5e97", "order_time": ["2019-01-07 03:30:18"], "total_order": 1, "hotel_value": ["4.6"], "hotel_price": ["698"]}, "14996071": {"hotel_name": "\u8bfa\u8a00\u6cd5\u5f0f\u65c5\u9986(\u4e0a\u6d77\u8d22\u7ecf\u5927\u5b66\u5e97)", "order_time": ["2019-01-07 03:30:18"], "total_order": 1, "hotel_value": ["4.8"], "hotel_price": ["293"]}, "9586866": {"hotel_name": "\u5982\u5bb6\u777f\u67cf\u00b7\u4e91\u9152\u5e97(\u4e0a\u6d77\u8679\u6865\u706b\u8f66\u7ad9\u56fd\u5c55\u4e2d\u5fc3\u4eac\u534e\u8def\u5e97)", "order_time": ["2019-01-07 03:30:19"], "total_order": 1, "hotel_value": ["4.4"], "hotel_price": ["127"]}, "906426": {"hotel_name": "\u6613\u4f70\u826f\u54c1\u9152\u5e97(\u4e0a\u6d77\u60e0\u5357\u5730\u94c1\u7ad9\u5357\u95e8\u5e97)", "order_time": ["2019-01-07 03:30:21"], "total_order": 1, "hotel_value": ["4.3"], "hotel_price": ["81"]}, "1735166": {"hotel_name": "\u4e0a\u6d77\u6d66\u4e1c\u673a\u573a\u822a\u7ad9\u697c\u5bbe\u9986", "order_time": ["2019-01-07 03:32:16"], "total_order": 1, "hotel_value": ["4.6"], "hotel_price": ["752"]}, "992765": {"hotel_name": "\u548c\u9890\u9152\u5e97(\u4e0a\u6d77\u5357\u4eac\u4e1c\u8def\u4eba\u6c11\u5e7f\u573a\u5e97)", "order_time": ["2019-01-07 03:32:17"], "total_order": 1, "hotel_value": ["4.7"], "hotel_price": ["360"]}, "703820": {"hotel_name": "\u4e0a\u6d77\u8001\u9655\u5ba2\u6808", "order_time": ["2019-01-07 03:32:20"], "total_order": 1, "hotel_value": ["4.5"], "hotel_price": ["75"]}, "15878972": {"hotel_name": "\u548c\u9890\u81f3\u5c0a\u9152\u5e97(\u4e0a\u6d77\u4e16\u535a\u5e97)", "order_time": ["2019-01-07 03:34:19"], "total_order": 1, "hotel_value": ["4.6"], "hotel_price": ["340"]}, "3120557": {"hotel_name": "\u6c49\u5ead\u9152\u5e97(\u4e0a\u6d77\u5468\u6d66\u5e74\u5bb6\u6d5c\u8def\u5e97)(\u539f\u5468\u6d66\u4e07\u8fbe\u5e7f\u573a\u5e97)", "order_time": ["2019-01-07 03:34:23"], "total_order": 1, "hotel_value": ["4.5"], "hotel_price": ["135"]}, "2147485": {"hotel_name": "7\u5929\u8fde\u9501\u9152\u5e97(\u4e0a\u6d77\u8679\u6885\u5357\u8def\u5e97)", "order_time": ["2019-01-07 03:34:24"], "total_order": 1, "hotel_value": ["4.3"], "hotel_price": ["132"]}, "939343": {"hotel_name": "\u5b81\u6cf0158\u5bbe\u9986(\u4e0a\u6d77\u6d66\u6c5f\u5e97)", "order_time": ["2019-01-07 03:34:25"], "total_order": 1, "hotel_value": ["4.0"], "hotel_price": ["140"]}, "535201": {"hotel_name": "\u5409\u6cf0\u7cbe\u54c1\u8fde\u9501\u9152\u5e97(\u4e0a\u6d77\u706b\u8f66\u7ad9\u6885\u56ed\u8def\u5e97)", "order_time": ["2019-01-07 03:36:18"], "total_order": 1, "hotel_value": ["4.1"], "hotel_price": ["194"]}, "375211": {"hotel_name": "\u4e0a\u6d77\u8679\u6865\u4e2d\u5fc3\u7f8e\u5c45\u9152\u5e97", "order_time": ["2019-01-07 03:36:35"], "total_order": 1, "hotel_value": ["4.8"], "hotel_price": ["341"]}, "396490": {"hotel_name": "\u4e0a\u6d77\u5b8f\u6cc9\u4e3d\u7b19\u9152\u5e97", "order_time": ["2019-01-07 03:38:16"], "total_order": 1, "hotel_value": ["4.4"], "hotel_price": ["510"]}, "1249502": {"hotel_name": "\u4e0a\u6d77\u54c8\u8003\u7279\u5f00\u4f26\u9152\u5e97", "order_time": ["2019-01-07 03:38:17"], "total_order": 1, "hotel_value": ["4.2"], "hotel_price": ["146"]}, "4687213": {"hotel_name": "\u4e0a\u6d77\u73a9\u5177\u603b\u52a8\u5458\u9152\u5e97", "order_time": ["2019-01-07 03:40:15"], "total_order": 1, "hotel_value": ["4.7"], "hotel_price": ["1486"]}, "374483": {"hotel_name": "\u4e0a\u6d77\u65b0\u5929\u5730\u6717\u5ef7\u9152\u5e97", "order_time": ["2019-01-07 03:40:16"], "total_order": 1, "hotel_value": ["4.7"], "hotel_price": ["1556"]}, "425587": {"hotel_name": "\u4e0a\u6d77\u8679\u6865\u5143\u4e00\u5e0c\u5c14\u987f\u9152\u5e97", "order_time": ["2019-01-07 03:40:16"], "total_order": 1, "hotel_value": ["4.6"], "hotel_price": ["1189"]}, "5243384": {"hotel_name": "\u9526\u6c5f\u4e4b\u661f(\u4e0a\u6d77\u56fd\u9645\u65c5\u6e38\u5ea6\u5047\u533a\u5eb7\u65b0\u516c\u8def\u5e97)", "order_time": ["2019-01-07 03:40:18"], "total_order": 1, "hotel_value": ["4.6"], "hotel_price": ["136"]}, "4498492": {"hotel_name": "\u6021\u83b1\u7cbe\u54c1\u9152\u5e97(\u4e0a\u6d77\u4e94\u89d2\u573a\u5e97)", "order_time": ["2019-01-07 03:42:18"], "total_order": 1, "hotel_value": ["4.3"], "hotel_price": ["143"]}, "2302781": {"hotel_name": "\u6613\u4f70\u8fde\u9501\u65c5\u5e97(\u4e0a\u6d77\u4e03\u5b9d\u5e97)", "order_time": ["2019-01-07 03:42:20"], "total_order": 1, "hotel_value": ["3.8"], "hotel_price": ["127"]}, "17014366": {"hotel_name": "\u6591\u6593\u5bb6\u516c\u5bd3(\u4e0a\u6d77\u4eba\u6c11\u5e7f\u573a\u5927\u60a6\u57ce\u5e97)", "order_time": ["2019-01-07 03:42:20"], "total_order": 1, "hotel_value": ["4.6"], "hotel_price": ["268"]}, "2290501": {"hotel_name": "\u91d1\u5df4\u5170\u56fd\u9645\u9152\u5e97(\u4e0a\u6d77\u8679\u6865\u67a2\u7ebd\u56fd\u5bb6\u4f1a\u5c55\u4e2d\u5fc3\u5e97)", "order_time": ["2019-01-07 03:44:16"], "total_order": 1, "hotel_value": ["4.4"], "hotel_price": ["256"]}, "6039118": {"hotel_name": "\u4e0a\u6d77\u6816\u822a\u5927\u9152\u5e97", "order_time": ["2019-01-07 03:44:16"], "total_order": 1, "hotel_value": ["4.2"], "hotel_price": ["159"]}, "5247607": {"hotel_name": "\u4e0a\u6d77\u827e\u4f73\u65f6\u5c1a\u9152\u5e97", "order_time": ["2019-01-07 03:44:20"], "total_order": 1, "hotel_value": ["4.5"], "hotel_price": ["131"]}, "480785": {"hotel_name": "\u4e0a\u6d77\u6d77\u60a6\u6ee8\u6c5f\u9152\u5e97\u516c\u5bd3", "order_time": ["2019-01-07 03:46:18"], "total_order": 1, "hotel_value": ["4.2"], "hotel_price": ["199"]}, "5215075": {"hotel_name": "\u7ef4\u4e5f\u7eb3\u56fd\u9645\u9152\u5e97(\u4e0a\u6d77\u6d66\u6c5f\u5e97)", "order_time": ["2019-01-07 03:46:20"], "total_order": 1, "hotel_value": ["4.8"], "hotel_price": ["338"]}, "5051162": {"hotel_name": "\u4e0a\u6d77\u4e1c\u65b9\u6155\u96c5\u9152\u5e97", "order_time": ["2019-01-07 03:48:19"], "total_order": 1, "hotel_value": ["4.4"], "hotel_price": ["368"]}, "454348": {"hotel_name": "\u4e0a\u6d77\u7231\u4fea\u8f69\u9152\u5e97\u516c\u5bd3", "order_time": ["2019-01-07 03:48:22"], "total_order": 1, "hotel_value": ["4.3"], "hotel_price": ["380"]}, "1436208": {"hotel_name": "\u9a7f\u4ead\u56db\u5b63\u9152\u5e97(\u4e0a\u6d77\u5317\u5916\u6ee9\u5e97)", "order_time": ["2019-01-07 03:48:23"], "total_order": 1, "hotel_value": ["3.6"], "hotel_price": ["128"]}, "5246828": {"hotel_name": "\u4e0a\u6d77\u683c\u6797\u8c6a\u6cf0\u9152\u5e97\u4f58\u5c71\u56fd\u5bb6\u68ee\u6797\u516c\u56ed\u5e97", "order_time": ["2019-01-07 03:48:26"], "total_order": 1, "hotel_value": ["4.4"], "hotel_price": ["169"]}, "428365": {"hotel_name": "\u4e0a\u6d77\u4e2d\u8c37\u5c0f\u5357\u56fd\u82b1\u56ed\u9152\u5e97", "order_time": ["2019-01-07 03:48:34"], "total_order": 1, "hotel_value": ["4.7"], "hotel_price": ["699"]}, "5599110": {"hotel_name": "\u4e0a\u6d77\u6d66\u4e1c\u4e3b\u9898\u4e50\u56ed\u4e07\u4fe1\u9152\u5e97", "order_time": ["2019-01-07 03:48:34"], "total_order": 1, "hotel_value": ["4.7"], "hotel_price": ["449"]}, "6515714": {"hotel_name": "\u7ef4\u4e5f\u7eb3\u56fd\u9645\u9152\u5e97(\u4e0a\u6d77\u6d66\u4e1c\u673a\u573a\u81ea\u8d38\u533a\u5e97)", "order_time": ["2019-01-07 03:48:34"], "total_order": 1, "hotel_value": ["4.8"], "hotel_price": ["386"]}, "23852115": {"hotel_name": "\u5bbf\u9002\u8f7b\u5962\u9152\u5e97(\u4e0a\u6d77\u5927\u4e16\u754c\u5730\u94c1\u7ad9\u5e97)", "order_time": ["2019-01-07 03:48:34"], "total_order": 1, "hotel_value": ["4.8"], "hotel_price": ["479"]}, "393916": {"hotel_name": "\u4e0a\u6d77\u8fdc\u6d0b\u5bbe\u9986", "order_time": ["2019-01-07 03:48:34"], "total_order": 1, "hotel_value": ["4.6"], "hotel_price": ["539"]}}}