{"\u5f00\u59cb\u8bb0\u5f55\u65f6\u95f4": "2019-01-27 01:51:37", "\u7ed3\u675f\u8bb0\u5f55\u65f6\u95f4": "2019-01-27 03:15:13", "\u8ba2\u5355\u603b\u589e\u91cf": 398, "item": {"2577312": {"hotel_name": "\u8d1d\u7231\u98ce\u5c1a\u9152\u5e97(\u6210\u90fd\u65d7\u8230\u5e97)", "order_time": ["2019-01-27 01:54:21"], "total_order": 1, "hotel_value": ["4.8"], "hotel_price": ["179"]}, "1887287": {"hotel_name": "\u6210\u90fd\u666f\u9633\u9152\u5e97(\u539f\u666f\u9633\u5546\u52a1\u9152\u5e97)", "order_time": ["2019-01-27 01:54:21"], "total_order": 1, "hotel_value": ["4.4"], "hotel_price": ["206"]}, "473564": {"hotel_name": "\u5609\u597d\u5f17\u65af\u8fbe\u9152\u5e97(\u6210\u90fd\u6587\u6b8a\u9662\u5730\u94c1\u7ad9\u5e97)", "order_time": ["2019-01-27 01:54:22"], "total_order": 1, "hotel_value": ["4.6"], "hotel_price": ["218"]}, "18483672": {"hotel_name": "\u82b3\u534e\u9152\u5e97(\u6210\u90fd\u5bbd\u7a84\u5df7\u5b50\u5e97)", "order_time": ["2019-01-27 01:54:22"], "total_order": 1, "hotel_value": ["4.6"], "hotel_price": ["209"]}, "2296973": {"hotel_name": "\u5c1a\u54c1\u81ea\u4e3b\u9152\u5e97(\u6210\u90fd\u5bbd\u7a84\u5df7\u5b50\u5e97)", "order_time": ["2019-01-27 02:16:39", "2019-01-27 01:54:23", "2019-01-27 02:27:35"], "total_order": 3, "hotel_value": ["4.1", "4.1", "4.1"], "hotel_price": ["93", "93", "93"]}, "803897": {"hotel_name": "\u5982\u5bb6\u5feb\u6377\u9152\u5e97(\u6210\u90fd\u53cc\u6d41\u673a\u573a\u65f6\u4ee3\u5965\u7279\u83b1\u65af\u9f99\u6865\u8def\u5730\u94c1\u7ad9\u5e97)", "order_time": ["2019-01-27 01:54:26", "2019-01-27 02:53:05"], "total_order": 2, "hotel_value": ["4.5", "4.5"], "hotel_price": ["151", "151"]}, "392750": {"hotel_name": "\u4e9a\u6735S\u9152\u5e97(\u6210\u90fd\u592a\u53e4\u91cc\u5e97)", "order_time": ["2019-01-27 01:54:26"], "total_order": 1, "hotel_value": ["4.8"], "hotel_price": ["629"]}, "1192526": {"hotel_name": "\u745e\u601d\u7279\u9152\u5e97(\u6210\u90fd\u6625\u7199\u592a\u53e4\u91cc\u5e97)(\u539f\u6625\u7199\u5370\u8c61\u5e97)", "order_time": ["2019-01-27 01:54:26"], "total_order": 1, "hotel_value": ["4.7"], "hotel_price": ["235"]}, "1866576": {"hotel_name": "\u745e\u6676\u9152\u5e97(\u6210\u90fd\u673a\u573a\u5e97)", "order_time": ["2019-01-27 01:54:36"], "total_order": 1, "hotel_value": ["4.5"], "hotel_price": ["195"]}, "5248846": {"hotel_name": "\u6210\u90fd\u661f\u6cb3\u9152\u5e97\u9f99\u6e56\u91d1\u6960\u5929\u8857\u5e97", "order_time": ["2019-01-27 01:54:36"], "total_order": 1, "hotel_value": ["4.6"], "hotel_price": ["193"]}, "3452055": {"hotel_name": "\u6210\u90fd\u666f\u9038\u5546\u52a1\u5bbe\u9986", "order_time": ["2019-01-27 01:54:42"], "total_order": 1, "hotel_value": ["4.7"], "hotel_price": ["67"]}, "28270630": {"hotel_name": "\u5e0c\u5cb8\u9152\u5e97(\u6210\u90fd\u5927\u4e30\u5bb6\u4e50\u798f\u5e97)", "order_time": ["2019-01-27 01:54:43"], "total_order": 1, "hotel_value": [0], "hotel_price": ["166"]}, "5248602": {"hotel_name": "\u6210\u90fd\u7f57\u66fc\u8482\u514b\u9152\u5e97", "order_time": ["2019-01-27 01:54:58"], "total_order": 1, "hotel_value": ["4.6"], "hotel_price": ["133"]}, "2227017": {"hotel_name": "\u7b80\u9633\u6625\u6696\u82b1\u5f00\u4e3b\u9898\u9152\u5e97", "order_time": ["2019-01-27 01:56:00"], "total_order": 1, "hotel_value": ["4.0"], "hotel_price": ["113"]}, "435518": {"hotel_name": "\u6210\u90fd\u5929\u5e9c\u9633\u5149\u9152\u5e97", "order_time": ["2019-01-27 01:57:02"], "total_order": 1, "hotel_value": ["4.8"], "hotel_price": ["289"]}, "3030922": {"hotel_name": "\u4e07\u7231\u60c5\u4fa3\u4e3b\u9898\u9152\u5e97(\u6210\u90fd\u6b66\u4faf\u7960\u9526\u91cc\u5e97)", "order_time": ["2019-01-27 01:57:05"], "total_order": 1, "hotel_value": ["4.7"], "hotel_price": ["164"]}, "434315": {"hotel_name": "\u51e4\u51f0\u5fa1\u5ead\u9152\u5e97\u8fde\u9501(\u6210\u90fd\u6625\u7199\u8def\u6b65\u884c\u8857\u5e97)", "order_time": ["2019-01-27 01:57:11"], "total_order": 1, "hotel_value": ["4.5"], "hotel_price": ["163"]}, "2305475": {"hotel_name": "\u4e5d\u70b9\u8fde\u9501\u9152\u5e97(\u6210\u90fd\u56db\u5ddd\u5927\u5b66\u706b\u8f66\u5357\u7ad9\u5e97)", "order_time": ["2019-01-27 01:57:11"], "total_order": 1, "hotel_value": ["4.5"], "hotel_price": ["205"]}, "432234": {"hotel_name": "\u6210\u90fd\u83f1\u5f69\u701a\u90fd\u9152\u5e97(\u539f\u701a\u90fd\u56fd\u9645\u9152\u5e97)", "order_time": ["2019-01-27 01:57:12"], "total_order": 1, "hotel_value": ["4.6"], "hotel_price": ["299"]}, "2298433": {"hotel_name": "\u6210\u90fd\u9526\u91cc\u4eba\u5bb6\u5ba2\u6808", "order_time": ["2019-01-27 01:57:12", "2019-01-27 02:02:49"], "total_order": 2, "hotel_value": ["4.2", "4.2"], "hotel_price": ["193", "193"]}, "1620217": {"hotel_name": "\u6210\u90fd\u5c1a\u82d1\u9152\u5e97", "order_time": ["2019-01-27 01:57:12"], "total_order": 1, "hotel_value": ["4.8"], "hotel_price": ["113"]}, "11409889": {"hotel_name": "Q\u52a0\u00b7\u4f18\u54c1\u9152\u5e97(\u6210\u90fd\u6587\u6b8a\u9662\u6b63\u5e9c\u8857\u5e97)", "order_time": ["2019-01-27 01:57:14"], "total_order": 1, "hotel_value": ["4.5"], "hotel_price": ["108"]}, "5894750": {"hotel_name": "\u901f8\u9152\u5e97(\u6210\u90fd\u6625\u7199\u5929\u5e9c\u5e7f\u573a\u5730\u94c1\u7ad9\u5e97)", "order_time": ["2019-01-27 02:19:29", "2019-01-27 01:57:19"], "total_order": 2, "hotel_value": ["4.3", "4.3"], "hotel_price": ["173", "173"]}, "6468065": {"hotel_name": "\u6210\u90fd\u5fb7\u58eb\u987f\u9152\u5e97\u9752\u767d\u6c5f\u5e97", "order_time": ["2019-01-27 01:57:19"], "total_order": 1, "hotel_value": ["4.3"], "hotel_price": ["103"]}, "4306542": {"hotel_name": "\u6210\u90fd\u7a7a\u6e2f\u798f\u5b89\u8fbe\u5bbe\u9986", "order_time": ["2019-01-27 01:57:22"], "total_order": 1, "hotel_value": ["4.5"], "hotel_price": ["115"]}, "6868904": {"hotel_name": "\u6210\u90fd\u6ee1\u5929\u661f\u516c\u5bd3", "order_time": ["2019-01-27 01:57:22"], "total_order": 1, "hotel_value": ["4.8"], "hotel_price": ["68"]}, "16029850": {"hotel_name": "\u91d1\u4e30\u6e2f\u9152\u5e97(\u6210\u90fd\u5927\u4e30\u65d7\u8230\u5e97)", "order_time": ["2019-01-27 01:57:23"], "total_order": 1, "hotel_value": ["4.7"], "hotel_price": ["143"]}, "1980092": {"hotel_name": "\u5982\u5bb6\u5feb\u6377\u9152\u5e97(\u6210\u90fd\u534e\u897f\u533b\u5927\u7389\u6797\u5317\u8def\u5e97)(\u539f\u6210\u90fd\u4e00\u73af\u8def\u5357\u4e09\u6bb5\u7389\u6797\u5317\u8def\u5e97)", "order_time": ["2019-01-27 01:57:27"], "total_order": 1, "hotel_value": ["4.7"], "hotel_price": ["161"]}, "1074688": {"hotel_name": "\u5e03\u4e01\u9152\u5e97(\u6210\u90fd\u706b\u8f66\u5317\u7ad9\u6881\u5bb6\u5df7\u5e97)", "order_time": ["2019-01-27 01:57:28"], "total_order": 1, "hotel_value": ["3.8"], "hotel_price": ["79"]}, "5811255": {"hotel_name": "\u6210\u90fd\u9f99\u57ce\u4e00\u53f7\u5bbe\u9986", "order_time": ["2019-01-27 01:57:29"], "total_order": 1, "hotel_value": ["4.9"], "hotel_price": ["83"]}, "27081060": {"hotel_name": "\u6210\u90fd\u82e5\u90bb\u5bbd\u7a84\u6c11\u5bbf", "order_time": ["2019-01-27 01:57:29"], "total_order": 1, "hotel_value": ["5.0"], "hotel_price": ["190"]}, "7649409": {"hotel_name": "\u6e05\u5c45(\u6210\u90fd\u9aa1\u9a6c\u5e02\u5730\u94c1\u7ad9\u5e97)", "order_time": ["2019-01-27 02:11:17", "2019-01-27 01:57:29"], "total_order": 2, "hotel_value": ["4.6", "4.6"], "hotel_price": ["162", "162"]}, "436649": {"hotel_name": "\u90fd\u6c5f\u5830\u9752\u57ce\u8c6a\u751f\u56fd\u9645\u9152\u5e97", "order_time": ["2019-01-27 01:58:28", "2019-01-27 02:52:09"], "total_order": 2, "hotel_value": ["4.8", "4.8"], "hotel_price": ["998", "998"]}, "473285": {"hotel_name": "\u91d1\u7d2b\u8587\u9152\u5e97(\u6210\u90fd\u6625\u7199\u8def\u6b65\u884c\u8857\u5e97)", "order_time": ["2019-01-27 01:59:41"], "total_order": 1, "hotel_value": ["4.6"], "hotel_price": ["196"]}, "449525": {"hotel_name": "\u6210\u90fd\u56db\u5ddd\u5bbe\u9986", "order_time": ["2019-01-27 03:07:17", "2019-01-27 01:59:42"], "total_order": 2, "hotel_value": ["4.7", "4.7"], "hotel_price": ["208", "208"]}, "28484081": {"hotel_name": "\u6210\u90fd\u84dd\u57ce\u60a6\u674f\u6e29\u6cc9\u7f8e\u98df\u9152\u5e97", "order_time": ["2019-01-27 01:59:44"], "total_order": 1, "hotel_value": ["4.9"], "hotel_price": ["427"]}, "697280": {"hotel_name": "\u6210\u90fd\u5e0c\u987f\u9152\u5e97", "order_time": ["2019-01-27 01:59:45"], "total_order": 1, "hotel_value": ["4.5"], "hotel_price": ["183"]}, "510077": {"hotel_name": "\u57ce\u5e02\u5ba2\u6808(\u6210\u90fd\u5bbd\u7a84\u5df7\u5b50\u5e97)", "order_time": ["2019-01-27 01:59:46"], "total_order": 1, "hotel_value": ["4.6"], "hotel_price": ["249"]}, "435688": {"hotel_name": "\u6210\u90fd\u4e1c\u5927\u660e\u5b87\u8c6a\u96c5\u996d\u5e97", "order_time": ["2019-01-27 01:59:46", "2019-01-27 02:05:21"], "total_order": 2, "hotel_value": ["4.8", "4.8"], "hotel_price": ["718", "718"]}, "1919049": {"hotel_name": "\u96c5\u661f\u9152\u5e97(\u6210\u90fd\u4e16\u7eaa\u57ce\u65b0\u4f1a\u5c55\u4e2d\u5fc3\u5730\u94c1\u7ad9\u5e97)", "order_time": ["2019-01-27 01:59:47"], "total_order": 1, "hotel_value": ["4.4"], "hotel_price": ["181"]}, "454717": {"hotel_name": "\u5609\u7acb\u8fde\u9501\u9152\u5e97(\u6210\u90fd\u6587\u6b8a\u9662\u5730\u94c1\u7ad9\u5e97)", "order_time": ["2019-01-27 01:59:48"], "total_order": 1, "hotel_value": ["4.6"], "hotel_price": ["92"]}, "6465181": {"hotel_name": "\u6210\u90fd\u6e05\u5c45(\u6625\u7199\u8def\u76d0\u5e02\u53e3\u5e97)", "order_time": ["2019-01-27 01:59:48"], "total_order": 1, "hotel_value": ["4.5"], "hotel_price": ["233"]}, "1601082": {"hotel_name": "\u597d\u83b1\u65af\u767b\u9152\u5e97(\u6210\u90fd\u9526\u534e\u4e07\u8fbe\u5e97)", "order_time": ["2019-01-27 02:41:35", "2019-01-27 02:33:12", "2019-01-27 01:59:52"], "total_order": 3, "hotel_value": ["4.5", "4.5", "4.5"], "hotel_price": ["173", "173", "173"]}, "3483821": {"hotel_name": "\u6210\u90fd\u84c9\u57ce\u521b\u5ba2\u9152\u5e97", "order_time": ["2019-01-27 02:02:44", "2019-01-27 01:59:55"], "total_order": 2, "hotel_value": ["4.4", "4.4"], "hotel_price": ["153", "153"]}, "5879724": {"hotel_name": "\u6210\u90fd\u9f99\u5e9c\u82b1\u56ed\u9152\u5e97", "order_time": ["2019-01-27 01:59:56"], "total_order": 1, "hotel_value": ["4.2"], "hotel_price": ["155"]}, "2621122": {"hotel_name": "\u6210\u90fd\u51e4\u6816\u6850\u7cbe\u54c1\u9152\u5e97", "order_time": ["2019-01-27 02:22:36", "2019-01-27 02:00:02"], "total_order": 2, "hotel_value": ["4.4", "4.4"], "hotel_price": ["144", "144"]}, "2842790": {"hotel_name": "\u6210\u90fd\u7a7a\u6e2f\u5bb6\u56ed\u5546\u52a1\u516c\u5bd3", "order_time": ["2019-01-27 02:00:04"], "total_order": 1, "hotel_value": ["4.2"], "hotel_price": ["110"]}, "2663869": {"hotel_name": "\u6210\u90fd\u91d1\u559c\u9152\u5e97(\u539f\u673a\u573a\u91d1\u7199\u9152\u5e97)", "order_time": ["2019-01-27 02:30:30", "2019-01-27 02:00:05"], "total_order": 2, "hotel_value": ["4.6", "4.6"], "hotel_price": ["167", "167"]}, "2079211": {"hotel_name": "\u6210\u90fd\u5df4\u65af\u987f\u9152\u5e97", "order_time": ["2019-01-27 02:00:13"], "total_order": 1, "hotel_value": ["3.0"], "hotel_price": ["128"]}, "8552758": {"hotel_name": "\u6210\u90fd\u683c\u8c03\u4e3b\u9898\u9152\u5e97", "order_time": ["2019-01-27 02:00:15"], "total_order": 1, "hotel_value": ["3.6"], "hotel_price": ["103"]}, "5241454": {"hotel_name": "\u5d07\u5dde\u540d\u4eba\u534a\u5c9b\u9152\u5e97", "order_time": ["2019-01-27 02:01:40"], "total_order": 1, "hotel_value": ["4.4"], "hotel_price": ["163"]}, "994289": {"hotel_name": "\u5982\u5bb6\u5feb\u6377\u9152\u5e97(\u90fd\u6c5f\u5830\u666f\u533a\u5929\u4e59\u8857\u5e97)", "order_time": ["2019-01-27 02:01:41", "2019-01-27 02:12:54"], "total_order": 2, "hotel_value": ["4.6", "4.6"], "hotel_price": ["93", "93"]}, "4602138": {"hotel_name": "\u909b\u5d03\u7434\u6d77\u5047\u65e5\u5546\u52a1\u9152\u5e97", "order_time": ["2019-01-27 02:01:42"], "total_order": 1, "hotel_value": ["3.9"], "hotel_price": ["118"]}, "2286241": {"hotel_name": "\u6210\u90fd\u767e\u4ea8\u9152\u5e97", "order_time": ["2019-01-27 02:02:36"], "total_order": 1, "hotel_value": ["4.7"], "hotel_price": ["208"]}, "4509955": {"hotel_name": "\u7f8e\u6e56\u5047\u65e5\u9152\u5e97(\u5ddd\u5e08\u5927\u6210\u90fd\u706b\u8f66\u4e1c\u7ad9\u5e97)", "order_time": ["2019-01-27 02:44:23", "2019-01-27 02:02:38"], "total_order": 2, "hotel_value": ["4.4", "4.4"], "hotel_price": ["149", "149"]}, "1777234": {"hotel_name": "\u6210\u90fd\u884c\u8005\u5c45\u522b\u5885\u5ba2\u6808\u2014\u683c\u6851\u5e97", "order_time": ["2019-01-27 02:02:39"], "total_order": 1, "hotel_value": ["4.7"], "hotel_price": ["113"]}, "14418632": {"hotel_name": "\u5bd3\u7f18\u9152\u5e97\uff08\u6d77\u5b81\u65b0\u90fd\u6591\u7af9\u56ed\u5e97\uff09", "order_time": ["2019-01-27 02:02:39"], "total_order": 1, "hotel_value": ["4.6"], "hotel_price": ["133"]}, "21132716": {"hotel_name": "\u6210\u90fd\u6625\u7199\u7f8e\u5c45\u9152\u5e97", "order_time": ["2019-01-27 02:36:07", "2019-01-27 02:02:40"], "total_order": 2, "hotel_value": ["4.7", "4.7"], "hotel_price": ["348", "348"]}, "468322": {"hotel_name": "\u6210\u90fd\u7d22\u83f2\u65af\u9526\u82d1\u5bbe\u9986", "order_time": ["2019-01-27 02:10:51", "2019-01-27 02:02:41"], "total_order": 2, "hotel_value": ["4.9", "4.9"], "hotel_price": ["489", "489"]}, "6902984": {"hotel_name": "\u6210\u90fd\u9e6d\u5609\u56fd\u9645\u9152\u5e97", "order_time": ["2019-01-27 02:02:42"], "total_order": 1, "hotel_value": ["4.8"], "hotel_price": ["353"]}, "8668551": {"hotel_name": "\u6210\u90fd\u8a89\u5cf0m4\u6c11\u5bbf", "order_time": ["2019-01-27 02:02:42"], "total_order": 1, "hotel_value": ["4.6"], "hotel_price": ["153"]}, "803512": {"hotel_name": "\u6210\u90fd\u9526\u5b87\u9152\u5e97", "order_time": ["2019-01-27 02:02:48"], "total_order": 1, "hotel_value": ["4.5"], "hotel_price": ["233"]}, "24465603": {"hotel_name": "\u6210\u90fd\u94c2\u4f26\u9152\u5e97", "order_time": ["2019-01-27 02:02:57"], "total_order": 1, "hotel_value": ["4.3"], "hotel_price": ["150"]}, "13390744": {"hotel_name": "\u6210\u90fd\u679c\u513f\u6587\u521b\u6c11\u5bbf(\u4e1c\u65b9\u5929\u5730\u5e97)", "order_time": ["2019-01-27 02:03:00"], "total_order": 1, "hotel_value": ["4.7"], "hotel_price": ["116"]}, "387005": {"hotel_name": "\u65b0\u5e0c\u671b\u6b66\u4faf\u667a\u9009\u5047\u65e5\u9152\u5e97(\u6210\u90fd\u6b66\u4faf\u7960\u9526\u91cc\u5e97)", "order_time": ["2019-01-27 02:05:21"], "total_order": 1, "hotel_value": ["4.6"], "hotel_price": ["396"]}, "2067382": {"hotel_name": "\u6843\u6e90\u5927\u9152\u5e97(\u6210\u90fd\u706b\u8f66\u4e1c\u7ad9\u5e97)", "order_time": ["2019-01-27 02:05:22", "2019-01-27 02:47:17"], "total_order": 2, "hotel_value": ["4.6", "4.6"], "hotel_price": ["129", "129"]}, "2276471": {"hotel_name": "\u777f\u67cf\u00b7\u4e91\u9152\u5e97(\u6210\u90fd\u4e07\u53cb\u5e97)", "order_time": ["2019-01-27 02:05:22"], "total_order": 1, "hotel_value": ["4.6"], "hotel_price": ["197"]}, "1720792": {"hotel_name": "\u6210\u90fd\u5c0f\u9e1f\u4e91\u5b63\u9152\u5e97", "order_time": ["2019-01-27 02:05:25"], "total_order": 1, "hotel_value": ["4.8"], "hotel_price": ["180"]}, "1882396": {"hotel_name": "\u5357\u90fd\u9152\u5e97(\u6210\u90fd\u4eba\u6c11\u5357\u8def\u7f8e\u9886\u9986\u5e97)", "order_time": ["2019-01-27 02:05:26"], "total_order": 1, "hotel_value": ["4.7"], "hotel_price": ["318"]}, "2128651": {"hotel_name": "\u5609\u7acb\u8fde\u9501\u9152\u5e97(\u6210\u90fd\u629a\u7434\u897f\u8def\u5e97)", "order_time": ["2019-01-27 02:05:26"], "total_order": 1, "hotel_value": ["4.1"], "hotel_price": ["75"]}, "6444112": {"hotel_name": "\u4f70\u5b9c\u601d\u9152\u5e97(\u6210\u90fd\u53cc\u5efa\u8def\u5e97)", "order_time": ["2019-01-27 02:05:35"], "total_order": 1, "hotel_value": ["4.0"], "hotel_price": ["153"]}, "6298651": {"hotel_name": "\u5929\u4e0b\u540d\u4eba\u9152\u5e97(\u6210\u90fd\u7406\u5de5\u5927\u5b66\u5730\u94c1\u53e3\u5e97)", "order_time": ["2019-01-27 02:05:40"], "total_order": 1, "hotel_value": ["4.4"], "hotel_price": ["133"]}, "6721600": {"hotel_name": "\u6210\u90fd\u7ea2\u82b1\u9152\u5e97", "order_time": ["2019-01-27 02:05:41"], "total_order": 1, "hotel_value": [0], "hotel_price": ["86"]}, "2871574": {"hotel_name": "IU\u9152\u5e97(\u6210\u90fd\u9ad8\u65b0\u897f\u533a\u9f99\u6e56\u65f6\u4ee3\u5929\u8857\u5e97)", "order_time": ["2019-01-27 02:05:41"], "total_order": 1, "hotel_value": ["4.6"], "hotel_price": ["136"]}, "5300605": {"hotel_name": "\u6210\u90fd\u4e1c\u90ca\u897f\u7199\u516c\u5bd3", "order_time": ["2019-01-27 02:05:51"], "total_order": 1, "hotel_value": ["4.7"], "hotel_price": ["145"]}, "639164": {"hotel_name": "\u7ef4\u4e5f\u7eb3\u9152\u5e97(\u6210\u90fd\u6625\u7199\u8def\u674e\u5bb6\u6cb1\u5730\u94c1\u7ad9\u5e97)", "order_time": ["2019-01-27 02:06:55"], "total_order": 1, "hotel_value": ["4.8"], "hotel_price": ["227"]}, "1510111": {"hotel_name": "\u65af\u7ef4\u767b\u670d\u52a1\u516c\u5bd3(\u6210\u90fd\u4e5d\u773c\u6865\u9633\u5149\u65b0\u4e1a\u4e2d\u5fc3\u5e97)", "order_time": ["2019-01-27 02:25:02", "2019-01-27 02:08:07"], "total_order": 2, "hotel_value": ["4.7", "4.7"], "hotel_price": ["220", "220"]}, "12132933": {"hotel_name": "\u6210\u90fd\u9605\u660e\u9152\u5e97", "order_time": ["2019-01-27 02:08:08"], "total_order": 1, "hotel_value": ["4.9"], "hotel_price": ["326"]}, "511413": {"hotel_name": "\u6210\u90fd\u53cb\u8c6a\u9526\u6c5f\u9152\u5e97", "order_time": ["2019-01-27 02:25:00", "2019-01-27 02:08:11"], "total_order": 2, "hotel_value": ["4.8", "4.8"], "hotel_price": ["399", "399"]}, "19653574": {"hotel_name": "\u51ef\u4f18\u5a01\u5c14\u9152\u5e97(\u6210\u90fd\u706b\u8f66\u4e1c\u7ad9468\u65d7\u8230\u5e97)", "order_time": ["2019-01-27 02:08:11"], "total_order": 1, "hotel_value": ["4.7"], "hotel_price": ["272"]}, "470094": {"hotel_name": "\u6210\u90fd\u745e\u57ce\u540d\u4eba\u9152\u5e97", "order_time": ["2019-01-27 02:27:42", "2019-01-27 02:08:12"], "total_order": 2, "hotel_value": ["4.8", "4.8"], "hotel_price": ["336", "336"]}, "1289799": {"hotel_name": "\u6210\u90fd\u6d77\u7eb3\u5c14\u9152\u5e97", "order_time": ["2019-01-27 02:08:12"], "total_order": 1, "hotel_value": ["4.3"], "hotel_price": ["157"]}, "425825": {"hotel_name": "\u6210\u90fd\u9999\u683c\u91cc\u62c9\u5927\u9152\u5e97", "order_time": ["2019-01-27 02:27:34", "2019-01-27 02:08:15"], "total_order": 2, "hotel_value": ["4.7", "4.7"], "hotel_price": ["999", "999"]}, "2116855": {"hotel_name": "\u901f8\u9152\u5e97(\u6210\u90fd\u5ddd\u5927\u897f\u95e8\u5e97)", "order_time": ["2019-01-27 02:53:15", "2019-01-27 02:08:19"], "total_order": 2, "hotel_value": ["4.2", "4.2"], "hotel_price": ["123", "123"]}, "11076199": {"hotel_name": "\u57ce\u5e02\u4fbf\u6377\u9152\u5e97(\u6210\u90fd\u5927\u718a\u732b\u57fa\u5730\u5e97)", "order_time": ["2019-01-27 02:08:24"], "total_order": 1, "hotel_value": ["4.7"], "hotel_price": ["168"]}, "23943143": {"hotel_name": "\u6210\u90fd\u608d\u9a6c\u9a7f\u6b4c\u5047\u65e5\u9152\u5e97", "order_time": ["2019-01-27 02:08:29"], "total_order": 1, "hotel_value": ["4.9"], "hotel_price": ["147"]}, "1420792": {"hotel_name": "\u6210\u90fd\u99a8\u4f73\u7f18\u9152\u5e97\u516c\u5bd3", "order_time": ["2019-01-27 02:41:52", "2019-01-27 02:08:33"], "total_order": 2, "hotel_value": ["4.4", "4.4"], "hotel_price": ["83", "83"]}, "1368272": {"hotel_name": "\u6210\u90fd\u53cb\u597d\u4eba\u5bb6\u65c5\u5e97", "order_time": ["2019-01-27 02:08:35"], "total_order": 1, "hotel_value": ["4.4"], "hotel_price": ["62"]}, "1541079": {"hotel_name": "\u6210\u90fd\u5f6c\u946b\u5927\u9152\u5e97", "order_time": ["2019-01-27 02:08:40"], "total_order": 1, "hotel_value": ["4.0"], "hotel_price": ["93"]}, "17080993": {"hotel_name": "S FEEL\u8bbe\u8ba1\u5e08\u9152\u5e97(\u6210\u90fd\u7d2b\u8346\u795e\u4ed9\u6811\u7389\u6797\u5e97)", "order_time": ["2019-01-27 02:24:59", "2019-01-27 02:10:51"], "total_order": 2, "hotel_value": ["4.7", "4.7"], "hotel_price": ["256", "256"]}, "1473537": {"hotel_name": "\u6210\u90fd\u534e\u946b\u9152\u5e97", "order_time": ["2019-01-27 02:10:52", "2019-01-27 02:38:48"], "total_order": 2, "hotel_value": ["4.4", "4.4"], "hotel_price": ["111", "111"]}, "4395895": {"hotel_name": "\u6210\u90fd\u7fa4\u5149\u541b\u60a6\u9152\u5e97", "order_time": ["2019-01-27 02:10:52"], "total_order": 1, "hotel_value": ["4.7"], "hotel_price": ["1066"]}, "1987101": {"hotel_name": "\u6210\u90fd\u5609\u5f97\u5229\u9152\u5e97", "order_time": ["2019-01-27 02:10:52"], "total_order": 1, "hotel_value": ["4.1"], "hotel_price": ["263"]}, "443338": {"hotel_name": "\u6210\u90fd\u660e\u60a6\u5927\u9152\u5e97", "order_time": ["2019-01-27 02:10:52", "2019-01-27 02:58:50"], "total_order": 2, "hotel_value": ["4.5", "4.5"], "hotel_price": ["398", "398"]}, "474450": {"hotel_name": "\u6210\u90fd\u683c\u6797\u5a01\u65af\u767b\u9152\u5e97", "order_time": ["2019-01-27 02:10:53"], "total_order": 1, "hotel_value": ["4.6"], "hotel_price": ["260"]}, "1619561": {"hotel_name": "\u91d1\u9675\u5ba2\u6808(\u6210\u90fd\u7701\u4f53\u80b2\u9986\u5730\u94c1\u7ad9\u5e97)", "order_time": ["2019-01-27 02:10:54"], "total_order": 1, "hotel_value": ["4.5"], "hotel_price": ["30"]}, "9149737": {"hotel_name": "\u4e9a\u6735\u9152\u5e97(\u6210\u90fd\u592a\u53e4\u91cc\u6cb3\u7554\u5e97)", "order_time": ["2019-01-27 02:10:55", "2019-01-27 02:22:20"], "total_order": 2, "hotel_value": ["4.8", "4.8"], "hotel_price": ["376", "376"]}, "447128": {"hotel_name": "\u6021\u5bb6\u4e3d\u666f\u9152\u5e97(\u6210\u90fd\u9526\u91cc\u6b66\u5019\u7960\u5e97)", "order_time": ["2019-01-27 02:10:56"], "total_order": 1, "hotel_value": ["4.5"], "hotel_price": ["225"]}, "14591707": {"hotel_name": "\u6210\u90fd\u9e7f\u5148\u68ee\u00b7\u6734\u5bbf", "order_time": ["2019-01-27 02:22:22", "2019-01-27 02:10:56"], "total_order": 2, "hotel_value": ["4.7", "4.7"], "hotel_price": ["67", "67"]}, "7142615": {"hotel_name": "\u68b5\u82b1\u8f7b\u5962\u5ea6\u5047\u516c\u5bd3(\u6210\u90fd\u5929\u5e9c\u5e7f\u573a\u6625\u7199\u8def\u592a\u53e4\u91cc\u5e97)", "order_time": ["2019-01-27 02:10:58"], "total_order": 1, "hotel_value": ["4.9"], "hotel_price": ["609"]}, "426544": {"hotel_name": "\u6210\u90fd\u5929\u5e9c\u4e3d\u90fd\u559c\u6765\u767b\u996d\u5e97", "order_time": ["2019-01-27 02:11:00"], "total_order": 1, "hotel_value": ["4.3"], "hotel_price": ["582"]}, "1372635": {"hotel_name": "\u6210\u90fd\u8ffd\u9a6c\u5361\u62c9\u9152\u5e97", "order_time": ["2019-01-27 02:11:01"], "total_order": 1, "hotel_value": ["4.3"], "hotel_price": ["232"]}, "12114042": {"hotel_name": "\u4e91\u5b5a\u91cc\u9152\u5e97(\u6210\u90fd\u7f8a\u7280\u7acb\u4ea4\u5e97)", "order_time": ["2019-01-27 02:11:02"], "total_order": 1, "hotel_value": ["4.7"], "hotel_price": ["257"]}, "443847": {"hotel_name": "\u6210\u90fd\u65b0\u534e\u5bbe\u9986", "order_time": ["2019-01-27 02:11:03"], "total_order": 1, "hotel_value": ["4.7"], "hotel_price": ["461"]}, "4685761": {"hotel_name": "\u6210\u90fd\u65b0\u5e0c\u671b\u9ad8\u65b0\u4e2d\u5fc3\u5047\u65e5\u9152\u5e97", "order_time": ["2019-01-27 02:11:03"], "total_order": 1, "hotel_value": ["4.7"], "hotel_price": ["369"]}, "14214395": {"hotel_name": "\u718a\u732b\u7cbe\u9009\u9152\u5e97(\u6210\u90fd\u5929\u5e9c\u5e7f\u573a\u5e97)", "order_time": ["2019-01-27 02:11:04"], "total_order": 1, "hotel_value": ["4.7"], "hotel_price": ["255"]}, "3364411": {"hotel_name": "\u6210\u90fd\u91d1\u4e0a\u4e3b\u9898\u9152\u5e97", "order_time": ["2019-01-27 02:11:09"], "total_order": 1, "hotel_value": ["3.8"], "hotel_price": ["97"]}, "22022449": {"hotel_name": "\u6210\u90fd\u91d1\u5409\u62c9\u516c\u5bd3\u5f0f\u9152\u5e97", "order_time": ["2019-01-27 02:11:26"], "total_order": 1, "hotel_value": ["4.9"], "hotel_price": ["133"]}, "13759681": {"hotel_name": "\u6210\u90fduoko\u516c\u5bd3\u9152\u5e97", "order_time": ["2019-01-27 02:11:48"], "total_order": 1, "hotel_value": ["4.6"], "hotel_price": ["103"]}, "2602261": {"hotel_name": "\u6210\u90fd\u67e0\u57ce\u9752\u5e74\u516c\u5bd3", "order_time": ["2019-01-27 02:11:49"], "total_order": 1, "hotel_value": ["4.0"], "hotel_price": ["49"]}, "2270505": {"hotel_name": "\u7b80\u9633\u6615\u96c5\u56fe\u9152\u5e97", "order_time": ["2019-01-27 02:12:51"], "total_order": 1, "hotel_value": ["4.6"], "hotel_price": ["257"]}, "1581180": {"hotel_name": "\u6210\u90fd\u5927\u6210\u5bbe\u9986(\u56db\u5ddd\u7701\u4eba\u5927\u4f1a\u8bae\u4e2d\u5fc3)", "order_time": ["2019-01-27 02:13:50"], "total_order": 1, "hotel_value": ["4.6"], "hotel_price": ["379"]}, "486596": {"hotel_name": "\u6210\u90fd\u4e3d\u65af\u987f\u9152\u5e97", "order_time": ["2019-01-27 02:30:19", "2019-01-27 02:13:51"], "total_order": 2, "hotel_value": ["4.4", "4.4"], "hotel_price": ["233", "233"]}, "5983630": {"hotel_name": "\u718a\u732b\u738b\u5b50\u9152\u5e97(\u6210\u90fd\u7ea2\u724c\u697c\u5730\u94c1\u7ad9\u5e97)", "order_time": ["2019-01-27 02:13:51"], "total_order": 1, "hotel_value": ["4.4"], "hotel_price": ["183"]}, "4603400": {"hotel_name": "\u6210\u90fd\u6021\u4fa8\u5047\u65e5\u9152\u5e97", "order_time": ["2019-01-27 02:13:54"], "total_order": 1, "hotel_value": ["4.6"], "hotel_price": ["186"]}, "8719478": {"hotel_name": "\u5b9c\u5fc5\u601d\u9152\u5e97(\u6210\u90fd\u6b66\u5019\u7960\u5e97 )", "order_time": ["2019-01-27 02:14:01"], "total_order": 1, "hotel_value": ["4.7"], "hotel_price": ["213"]}, "8546870": {"hotel_name": "\u6210\u90fd\u6d77\u60a6\u7f24\u7eb7\u9152\u5e97(\u5ddd\u5927\u7f8e\u9886\u9986\u5e97)", "order_time": ["2019-01-27 02:14:02"], "total_order": 1, "hotel_value": ["4.3"], "hotel_price": ["116"]}, "994342": {"hotel_name": "\u5982\u5bb6\u5feb\u6377\u9152\u5e97(\u6210\u90fd\u6b66\u4faf\u5927\u9053\u5730\u94c1\u7ad9\u5e97)", "order_time": ["2019-01-27 02:14:07"], "total_order": 1, "hotel_value": ["4.7"], "hotel_price": ["135"]}, "11083975": {"hotel_name": "\u6d77\u745e\u00b7\u6e29\u65af\u7279\u9152\u5e97(\u6210\u90fd\u6e29\u6c5f\u5927\u5b66\u57ce\u5e97)", "order_time": ["2019-01-27 02:14:12"], "total_order": 1, "hotel_value": ["4.6"], "hotel_price": ["214"]}, "1581226": {"hotel_name": "\u5927\u9091\u5b89\u9038\u95f2\u5ead\u9152\u5e97", "order_time": ["2019-01-27 02:15:30"], "total_order": 1, "hotel_value": ["4.1"], "hotel_price": ["104"]}, "2098708": {"hotel_name": "\u901f8\u9152\u5e97(\u6210\u90fd\u673a\u573a1\u5e97)", "order_time": ["2019-01-27 02:16:34"], "total_order": 1, "hotel_value": ["4.5"], "hotel_price": ["109"]}, "1334150": {"hotel_name": "\u5c1a\u9526\u548c\u7f8e\u9152\u5e97(\u6210\u90fd\u6625\u7199\u592a\u53e4\u91cc\u5e97)", "order_time": ["2019-01-27 02:16:35"], "total_order": 1, "hotel_value": ["4.9"], "hotel_price": ["216"]}, "25135732": {"hotel_name": "\u6210\u90fd\u54c1\u5bd3\u4e50\u5de2\u516c\u5bd3", "order_time": ["2019-01-27 02:16:35"], "total_order": 1, "hotel_value": ["4.9"], "hotel_price": ["103"]}, "28368203": {"hotel_name": "\u6469\u767bS\u9152\u5e97(\u6210\u90fd\u5929\u5e9c\u5e7f\u573a\u5e97)", "order_time": ["2019-01-27 02:16:37"], "total_order": 1, "hotel_value": ["4.7"], "hotel_price": ["311"]}, "428678": {"hotel_name": "\u6210\u90fd\u6625\u5929\u9152\u5e97", "order_time": ["2019-01-27 02:50:19", "2019-01-27 02:16:40"], "total_order": 2, "hotel_value": ["4.7", "4.7"], "hotel_price": ["313", "313"]}, "5803588": {"hotel_name": "\u6210\u90fd\u9f99\u4e4b\u68a6\u96c5\u4ed5\u5546\u52a1\u9152\u5e97(\u539f\u96c5\u4ed5\u5546\u52a1\u9152\u5e97)", "order_time": ["2019-01-27 02:16:43", "2019-01-27 03:04:26", "2019-01-27 02:47:16"], "total_order": 3, "hotel_value": ["4.4", "4.4", "4.4"], "hotel_price": ["188", "188", "188"]}, "1435091": {"hotel_name": "\u6210\u90fd\u559c\u5c45\u9152\u5e97", "order_time": ["2019-01-27 02:16:45"], "total_order": 1, "hotel_value": ["4.8"], "hotel_price": ["190"]}, "1596190": {"hotel_name": "\u6210\u90fd\u9999\u69df\u5047\u65e5\u9152\u5e97", "order_time": ["2019-01-27 02:16:52"], "total_order": 1, "hotel_value": ["4.4"], "hotel_price": ["158"]}, "2225617": {"hotel_name": "\u6210\u90fd\u820d\u6c76\u9ad8\u6500\u9152\u5e97", "order_time": ["2019-01-27 02:16:52"], "total_order": 1, "hotel_value": ["4.5"], "hotel_price": ["193"]}, "1485060": {"hotel_name": "\u91d1\u5c71\u9152\u5e97(\u6210\u90fd\u4e5d\u91cc\u5824\u5730\u94c1\u53e3\u5e97)", "order_time": ["2019-01-27 02:16:52"], "total_order": 1, "hotel_value": ["4.3"], "hotel_price": ["113"]}, "1686860": {"hotel_name": "\u84b2\u6c5f\u7eff\u8335\u9152\u5e97", "order_time": ["2019-01-27 02:18:06"], "total_order": 1, "hotel_value": ["4.1"], "hotel_price": ["99"]}, "8546749": {"hotel_name": "\u5e0c\u5cb8\u9152\u5e97(\u6210\u90fd\u706b\u8f66\u4e1c\u7ad9\u897f\u5e7f\u573a\u5e97)", "order_time": ["2019-01-27 02:19:20"], "total_order": 1, "hotel_value": ["4.7"], "hotel_price": ["229"]}, "512786": {"hotel_name": "\u6210\u90fd\u6fe0\u749f\u9152\u5e97", "order_time": ["2019-01-27 02:19:21"], "total_order": 1, "hotel_value": ["4.5"], "hotel_price": ["299"]}, "4122475": {"hotel_name": "\u66fc\u96c5\u9152\u5e97(\u6210\u90fd\u4e07\u8c61\u57ce\u5e97)", "order_time": ["2019-01-27 02:19:26"], "total_order": 1, "hotel_value": ["4.6"], "hotel_price": ["155"]}, "6450885": {"hotel_name": "\u6210\u90fd\u5bbd\u7a84\u4e91\u9526\u5ea6\u5047\u516c\u5bd3", "order_time": ["2019-01-27 02:19:26"], "total_order": 1, "hotel_value": ["4.6"], "hotel_price": ["179"]}, "1489908": {"hotel_name": "\u6210\u90fd\u62c9\u83f2\u56fd\u9645\u9152\u5e97", "order_time": ["2019-01-27 02:19:30"], "total_order": 1, "hotel_value": ["4.7"], "hotel_price": ["277"]}, "12604109": {"hotel_name": "\u5168\u5b63\u9152\u5e97(\u6210\u90fd\u706b\u8f66\u4e1c\u7ad9\u5e97)", "order_time": ["2019-01-27 02:19:32"], "total_order": 1, "hotel_value": ["4.6"], "hotel_price": ["282"]}, "896713": {"hotel_name": "7\u5929\u8fde\u9501\u9152\u5e97(\u6210\u90fd\u53cc\u6d41\u56fd\u9645\u673a\u573a\u5e97)", "order_time": ["2019-01-27 02:19:35"], "total_order": 1, "hotel_value": ["4.4"], "hotel_price": ["116"]}, "2037950": {"hotel_name": "\u51ef\u5bbe\u8fde\u9501\u9152\u5e97(\u6210\u90fd\u9752\u767d\u6c5f\u5e97)", "order_time": ["2019-01-27 02:19:36"], "total_order": 1, "hotel_value": ["4.5"], "hotel_price": ["103"]}, "5722189": {"hotel_name": "\u7e41\u661f\u6211\u4eec\u56fd\u9645\u9752\u5e74\u65c5\u820d(\u6210\u90fd\u6625\u7199\u8def\u592a\u5347\u8def\u5e97)", "order_time": ["2019-01-27 02:19:36"], "total_order": 1, "hotel_value": ["4.8"], "hotel_price": ["26"]}, "1564246": {"hotel_name": "\u6210\u90fd\u5357\u534e\u9e6d\u6d32\u4e3b\u9898\u9152\u5e97", "order_time": ["2019-01-27 02:19:49"], "total_order": 1, "hotel_value": ["4.3"], "hotel_price": ["129"]}, "1412130": {"hotel_name": "\u6210\u90fd\u51f9\u51f8\u9152\u5e97", "order_time": ["2019-01-27 02:19:53"], "total_order": 1, "hotel_value": ["3.8"], "hotel_price": ["98"]}, "8553030": {"hotel_name": "\u6210\u90fd\u6a58\u5b50\u9752\u5e74\u65c5\u820d", "order_time": ["2019-01-27 02:19:57"], "total_order": 1, "hotel_value": ["4.4"], "hotel_price": ["30"]}, "1418722": {"hotel_name": "\u5e03\u4e01\u9152\u5e97(\u6210\u90fd\u53cc\u6d41\u673a\u573a\u65f6\u4ee3\u5965\u7279\u83b1\u65af\u5e97)", "order_time": ["2019-01-27 02:20:17"], "total_order": 1, "hotel_value": ["4.2"], "hotel_price": ["67"]}, "22816899": {"hotel_name": "\u90fd\u6c5f\u5830\u95f2\u5728\u00b7\u9005\u820d\u9152\u5e97", "order_time": ["2019-01-27 02:21:17"], "total_order": 1, "hotel_value": ["4.9"], "hotel_price": ["979"]}, "1497969": {"hotel_name": "\u6c49\u5ead\u9152\u5e97(\u5d07\u5dde\u4e16\u7eaa\u5927\u9053\u5e97)", "order_time": ["2019-01-27 02:21:20"], "total_order": 1, "hotel_value": ["4.3"], "hotel_price": ["111"]}, "7686548": {"hotel_name": "\u7b80\u9633\u5170\u683c\u541b\u96c5\u9152\u5e97", "order_time": ["2019-01-27 02:21:21"], "total_order": 1, "hotel_value": ["4.7"], "hotel_price": ["133"]}, "1517366": {"hotel_name": "\u6210\u90fd\u82b1\u6c34\u6e7e\u98ce\u6e05\u626c\u5ba2\u6808", "order_time": ["2019-01-27 02:21:38"], "total_order": 1, "hotel_value": ["5.0"], "hotel_price": ["99"]}, "1525927": {"hotel_name": "\u6210\u90fd\u65af\u7ef4\u767b\u9152\u5e97\u5f0f\u516c\u5bd3(\u5bbd\u7a84\u5df7\u5b50\u534e\u6da6\u5cf0\u9526\u5e97)", "order_time": ["2019-01-27 02:22:21"], "total_order": 1, "hotel_value": ["4.7"], "hotel_price": ["156"]}, "392701": {"hotel_name": "\u56db\u5ddd\u9526\u6c5f\u5bbe\u9986", "order_time": ["2019-01-27 02:36:07", "2019-01-27 02:22:25"], "total_order": 2, "hotel_value": ["4.7", "4.7"], "hotel_price": ["619", "619"]}, "654804": {"hotel_name": "\u548c\u9890\u9152\u5e97(\u6210\u90fd\u695a\u5929\u541b\u4e34\u5e97)", "order_time": ["2019-01-27 02:22:27"], "total_order": 1, "hotel_value": ["4.7"], "hotel_price": ["398"]}, "1988687": {"hotel_name": "\u6210\u90fd\u5a01\u65af\u7279\u9152\u5e97", "order_time": ["2019-01-27 02:22:36"], "total_order": 1, "hotel_value": ["3.9"], "hotel_price": ["149"]}, "6039114": {"hotel_name": "\u6210\u90fd\u6d77\u4f26\u67cf\u60a6\u9152\u5e97", "order_time": ["2019-01-27 02:22:36"], "total_order": 1, "hotel_value": ["4.5"], "hotel_price": ["212"]}, "5512839": {"hotel_name": "\u6210\u90fd\u5148\u751f\u9152\u5e97", "order_time": ["2019-01-27 02:22:36"], "total_order": 1, "hotel_value": ["4.3"], "hotel_price": ["189"]}, "16948168": {"hotel_name": "\u6210\u90fd\u96ea\u8bfa\u9152\u5e97", "order_time": ["2019-01-27 02:22:36"], "total_order": 1, "hotel_value": ["4.5"], "hotel_price": ["154"]}, "765118": {"hotel_name": "\u6210\u90fd\u9a8a\u9f99\u9152\u5e97", "order_time": ["2019-01-27 02:22:36"], "total_order": 1, "hotel_value": ["4.6"], "hotel_price": ["105"]}, "859134": {"hotel_name": "\u6210\u90fd\u897f\u5c1a\u9152\u5e97", "order_time": ["2019-01-27 02:22:36"], "total_order": 1, "hotel_value": ["4.0"], "hotel_price": ["134"]}, "2057891": {"hotel_name": "\u5e03\u4e01\u9152\u5e97(\u6210\u90fd\u7389\u6797\u502a\u5bb6\u6865\u5730\u94c1\u7ad9\u5e97)", "order_time": ["2019-01-27 02:22:36"], "total_order": 1, "hotel_value": ["4.6"], "hotel_price": ["103"]}, "7350585": {"hotel_name": "\u6210\u90fdGnap\u795e\u79d8\u7761\u5ba2\u9152\u5e97\u5f0f\u516c\u5bd3", "order_time": ["2019-01-27 02:22:36", "2019-01-27 03:10:22"], "total_order": 2, "hotel_value": ["4.5", "4.5"], "hotel_price": ["228", "228"]}, "5293327": {"hotel_name": "\u5982\u5bb6\u777f\u67cf\u00b7\u4e91\u9152\u5e97(\u6210\u90fd\u540d\u90fd\u673a\u7535\u57ce\u6b22\u4e50\u8c37\u5e97)(\u539f\u5929\u5e9c\u540d\u90fd\u5546\u52a1\u9152\u5e97)", "order_time": ["2019-01-27 02:22:36"], "total_order": 1, "hotel_value": ["4.5"], "hotel_price": ["135"]}, "2298283": {"hotel_name": "\u6210\u90fd\u68e0\u6e56\u5bbe\u9986", "order_time": ["2019-01-27 02:22:36"], "total_order": 1, "hotel_value": ["4.1"], "hotel_price": ["154"]}, "440259": {"hotel_name": "\u7530\u56ed\u57ce\u5e02\u9152\u5e97(\u6210\u90fd\u673a\u573a\u5e97)", "order_time": ["2019-01-27 02:22:36"], "total_order": 1, "hotel_value": ["4.6"], "hotel_price": ["159"]}, "5248488": {"hotel_name": "\u6210\u90fd\u601d\u6668\u9152\u5e97", "order_time": ["2019-01-27 02:22:36"], "total_order": 1, "hotel_value": ["4.6"], "hotel_price": ["153"]}, "4963970": {"hotel_name": "\u6210\u90fd\u5317\u661f\u9152\u5e97", "order_time": ["2019-01-27 02:22:36"], "total_order": 1, "hotel_value": ["4.6"], "hotel_price": ["133"]}, "2075850": {"hotel_name": "\u5174\u4e45\u4e3b\u9898\u9152\u5e97(\u6210\u90fd\u4e1c\u95e8\u5927\u6865\u5730\u94c1\u7ad9\u5e97)", "order_time": ["2019-01-27 02:22:36"], "total_order": 1, "hotel_value": ["4.5"], "hotel_price": ["173"]}, "2068368": {"hotel_name": "\u6210\u90fd\u4f17\u8bda\u5546\u52a1\u5bbe\u9986", "order_time": ["2019-01-27 02:22:36"], "total_order": 1, "hotel_value": ["3.7"], "hotel_price": ["131"]}, "1414378": {"hotel_name": "\u6210\u90fd\u8679\u6865\u5ea6\u5047\u77ed\u79df\u516c\u5bd3", "order_time": ["2019-01-27 02:22:36"], "total_order": 1, "hotel_value": ["4.9"], "hotel_price": ["140"]}, "3688426": {"hotel_name": "IU\u9152\u5e97(\u6210\u90fd\u53cc\u6d41\u56fd\u9645\u673a\u573a\u5e97)", "order_time": ["2019-01-27 02:22:36"], "total_order": 1, "hotel_value": ["4.6"], "hotel_price": ["135"]}, "976261": {"hotel_name": "\u5982\u5bb6\u5feb\u6377\u9152\u5e97(\u6210\u90fd\u9752\u767d\u6c5f\u548c\u8c10\u5e7f\u573a\u5b89\u5c45\u8def\u5e97)", "order_time": ["2019-01-27 02:22:36"], "total_order": 1, "hotel_value": ["4.7"], "hotel_price": ["110"]}, "899935": {"hotel_name": "\u6210\u90fd\u51ef\u5e1d\u83b1\u65af\u9152\u5e97", "order_time": ["2019-01-27 02:22:36"], "total_order": 1, "hotel_value": ["4.6"], "hotel_price": ["243"]}, "12301418": {"hotel_name": "\u9038\u820d\u7cbe\u54c1\u9152\u5e97\u516c\u5bd3(\u6210\u90fd\u8a89\u5cf0\u5e97)", "order_time": ["2019-01-27 02:22:36"], "total_order": 1, "hotel_value": ["4.8"], "hotel_price": ["163"]}, "25287066": {"hotel_name": "\u9752\u57ce\u5c71\u00b7\u8f7b\u820d\u6c11\u5bbf", "order_time": ["2019-01-27 02:23:49"], "total_order": 1, "hotel_value": ["4.9"], "hotel_price": ["189"]}, "23863674": {"hotel_name": "\u6210\u90fd\u592a\u53e4\u91cc\u6625\u7199CitiGO\u6b22\u9601\u9152\u5e97", "order_time": ["2019-01-27 02:24:59"], "total_order": 1, "hotel_value": ["4.7"], "hotel_price": ["228"]}, "2337988": {"hotel_name": "POSHPACKER\u6210\u90fd\u62d6\u677f\u978b\u9752\u5e74\u65c5\u820d\u65c5\u884c\u9152\u5e97(\u592a\u53e4\u91cc\u6625\u7199\u8def\u5730\u94c1\u7ad9\u5e97)", "order_time": ["2019-01-27 02:25:01"], "total_order": 1, "hotel_value": ["4.8"], "hotel_price": ["50"]}, "970707": {"hotel_name": "\u6210\u90fd\u7d2b\u6249HOTEL", "order_time": ["2019-01-27 02:25:04", "2019-01-27 02:53:06"], "total_order": 2, "hotel_value": ["4.8", "4.8"], "hotel_price": ["233", "233"]}, "2206392": {"hotel_name": "\u65f6\u4ee3\u541b\u60a6\u5546\u52a1\u9152\u5e97(\u6210\u90fd\u6b66\u4faf\u7960\u9526\u91cc\u5e97)", "order_time": ["2019-01-27 02:25:06"], "total_order": 1, "hotel_value": ["4.5"], "hotel_price": ["152"]}, "8650215": {"hotel_name": "\u5586\u5561\u9152\u5e97(\u6210\u90fd\u53cc\u6d41\u56fd\u9645\u673a\u573a\u5e97)", "order_time": ["2019-01-27 02:25:09"], "total_order": 1, "hotel_value": ["4.7"], "hotel_price": ["223"]}, "3687533": {"hotel_name": "\u6210\u90fd\u84c9\u5357\u56fd\u9645\u9152\u5e97(\u539f\u91d1\u57df\u540d\u4eba\u56fd\u9645\u9152\u5e97)", "order_time": ["2019-01-27 02:25:10"], "total_order": 1, "hotel_value": ["4.7"], "hotel_price": ["286"]}, "643664": {"hotel_name": "\u8212\u6000\u9152\u5e97(\u6210\u90fd\u91d1\u6c99\u897f\u5355\u5e97)", "order_time": ["2019-01-27 02:25:12", "2019-01-27 02:33:22"], "total_order": 2, "hotel_value": ["3.7", "3.7"], "hotel_price": ["193", "193"]}, "668794": {"hotel_name": "\u6210\u90fd\u6842\u7965\u5927\u9152\u5e97", "order_time": ["2019-01-27 02:25:15", "2019-01-27 03:01:49"], "total_order": 2, "hotel_value": ["4.1", "4.1"], "hotel_price": ["230", "230"]}, "1706869": {"hotel_name": "\u6210\u90fd\u7eff\u8335\u8377\u6cf0\u9152\u5e97(\u4e00\u54c1\u5929\u4e0b\u5e97)", "order_time": ["2019-01-27 02:25:19"], "total_order": 1, "hotel_value": ["4.3"], "hotel_price": ["173"]}, "2303210": {"hotel_name": "\u745e\u767b\u9152\u5e97(\u6210\u90fd\u56fd\u5149\u4e00\u73af\u5927\u53a6\u5e97)", "order_time": ["2019-01-27 02:25:45"], "total_order": 1, "hotel_value": ["3.8"], "hotel_price": ["95"]}, "2042888": {"hotel_name": "\u9752\u57ce\u5c71\u4e91\u9690\u5ba2\u6808", "order_time": ["2019-01-27 02:26:19"], "total_order": 1, "hotel_value": ["4.7"], "hotel_price": ["113"]}, "2091256": {"hotel_name": "\u6210\u90fd\u7f6e\u4fe1\u5047\u671f\u9152\u5e97", "order_time": ["2019-01-27 02:27:33"], "total_order": 1, "hotel_value": ["4.9"], "hotel_price": ["402"]}, "506449": {"hotel_name": "\u7f8e\u4e3d\u8c6a\u9152\u5e97(\u6210\u90fd\u5bbd\u7a84\u5df7\u5b50\u5e97)", "order_time": ["2019-01-27 02:27:36", "2019-01-27 02:30:16"], "total_order": 2, "hotel_value": ["4.8", "4.8"], "hotel_price": ["288", "288"]}, "684413": {"hotel_name": "\u6210\u90fd\u9ad8\u65b0\u8c6a\u751f\u5927\u9152\u5e97", "order_time": ["2019-01-27 02:27:43"], "total_order": 1, "hotel_value": ["4.6"], "hotel_price": ["616"]}, "1746821": {"hotel_name": "\u5168\u5b63\u9152\u5e97(\u6210\u90fd\u6625\u7199\u8def\u5e97)", "order_time": ["2019-01-27 02:27:43"], "total_order": 1, "hotel_value": ["4.6"], "hotel_price": ["341"]}, "2157049": {"hotel_name": "\u5b9c\u5fc5\u601d\u9152\u5e97(\u6210\u90fd\u706b\u8f66\u4e1c\u7ad9\u5e97)", "order_time": ["2019-01-27 02:38:51", "2019-01-27 02:27:44"], "total_order": 2, "hotel_value": ["4.7", "4.7"], "hotel_price": ["167", "167"]}, "654733": {"hotel_name": "\u6210\u90fd\u6cf0\u745e\u9152\u5e97", "order_time": ["2019-01-27 02:27:47"], "total_order": 1, "hotel_value": ["4.5"], "hotel_price": ["201"]}, "1456758": {"hotel_name": "\u6210\u90fd\u4ec1\u548c\u62db\u5f85\u6240", "order_time": ["2019-01-27 02:28:47"], "total_order": 1, "hotel_value": [0], "hotel_price": ["58"]}, "533174": {"hotel_name": "\u6210\u90fd\u91d1\u6c99\u5927\u9152\u5e97", "order_time": ["2019-01-27 02:30:19", "2019-01-27 02:35:58"], "total_order": 2, "hotel_value": ["4.6", "4.6"], "hotel_price": ["238", "238"]}, "501737": {"hotel_name": "\u6210\u90fd\u4ec1\u548c\u6625\u5929\u9152\u5e97", "order_time": ["2019-01-27 02:30:19"], "total_order": 1, "hotel_value": ["4.9"], "hotel_price": ["799"]}, "6873571": {"hotel_name": "\u60a6\u4eab\u9526\u57ce\u9152\u5e97(\u6210\u90fd\u4e1c\u7ad9\u5e97)", "order_time": ["2019-01-27 02:30:20"], "total_order": 1, "hotel_value": ["4.5"], "hotel_price": ["178"]}, "7649393": {"hotel_name": "\u6210\u90fd\u749e\u91cc\u84dd\u5ba2\u57ce\u9152\u5e97", "order_time": ["2019-01-27 02:30:21"], "total_order": 1, "hotel_value": ["4.7"], "hotel_price": ["193"]}, "602682": {"hotel_name": "\u6210\u90fd\u7a7a\u6e2f\u5927\u9152\u5e97", "order_time": ["2019-01-27 02:30:23"], "total_order": 1, "hotel_value": ["4.7"], "hotel_price": ["650"]}, "435698": {"hotel_name": "\u6210\u90fd\u5e1d\u76db\u541b\u8c6a\u9152\u5e97", "order_time": ["2019-01-27 02:30:24"], "total_order": 1, "hotel_value": ["4.6"], "hotel_price": ["394"]}, "2971879": {"hotel_name": "\u5ddd\u8c6a\u5546\u52a1\u9152\u5e97(\u6210\u90fd\u4e5d\u773c\u6865\u5ddd\u5927\u5ddd\u97f3\u5e97)", "order_time": ["2019-01-27 02:30:33"], "total_order": 1, "hotel_value": ["4.4"], "hotel_price": ["83"]}, "691064": {"hotel_name": "\u6210\u90fd\u5929\u53cb\u56fd\u9645\u9152\u5e97", "order_time": ["2019-01-27 02:32:13"], "total_order": 1, "hotel_value": ["4.5"], "hotel_price": ["318"]}, "5890381": {"hotel_name": "\u6210\u90fd\u9f99\u4e4b\u68a6\u745e\u5cf0\u516c\u5bd3\u9152\u5e97(\u539f\u745e\u5cf0\u516c\u5bd3\u9152\u5e97)", "order_time": ["2019-01-27 02:33:09", "2019-01-27 02:50:09"], "total_order": 2, "hotel_value": ["4.6", "4.6"], "hotel_price": ["175", "175"]}, "24401271": {"hotel_name": "\u6210\u90fd\u5b63\u7f8e\u9152\u5e97(\u539f\u76ca\u6c11\u4e07\u5bb6\u9152\u5e97)", "order_time": ["2019-01-27 02:33:15"], "total_order": 1, "hotel_value": ["4.8"], "hotel_price": ["247"]}, "21071602": {"hotel_name": "S FEEL\u8bbe\u8ba1\u5e08\u9152\u5e97(\u9ad8\u65b0\u5e97)", "order_time": ["2019-01-27 02:33:16"], "total_order": 1, "hotel_value": ["4.8"], "hotel_price": ["336"]}, "1064823": {"hotel_name": "\u6210\u90fd\u7a7a\u6e2f\u5546\u52a1\u9152\u5e97", "order_time": ["2019-01-27 02:33:18"], "total_order": 1, "hotel_value": ["4.6"], "hotel_price": ["344"]}, "21812197": {"hotel_name": "\u6210\u90fdCamille\u5361\u7c73\u6b27\u5c0a\u4eab\u516c\u5bd3", "order_time": ["2019-01-27 02:33:19"], "total_order": 1, "hotel_value": ["4.8"], "hotel_price": ["419"]}, "474151": {"hotel_name": "\u6210\u90fd\u8bfa\u4e9a\u65b9\u821f\u9152\u5e97", "order_time": ["2019-01-27 02:33:19"], "total_order": 1, "hotel_value": ["4.2"], "hotel_price": ["384"]}, "2299833": {"hotel_name": "\u56db\u5ddd\u5927\u5b66\u5317\u82d1\u5bbe\u9986", "order_time": ["2019-01-27 02:33:23"], "total_order": 1, "hotel_value": ["4.2"], "hotel_price": ["274"]}, "4310444": {"hotel_name": "\u6210\u90fd\u84c9\u57ce\u535a\u5c14\u66fc\u7cbe\u54c1\u516c\u5bd3", "order_time": ["2019-01-27 02:33:24"], "total_order": 1, "hotel_value": ["4.6"], "hotel_price": ["136"]}, "1987595": {"hotel_name": "\u6210\u90fd\u82f1\u4f26\u9152\u5e97", "order_time": ["2019-01-27 02:33:27"], "total_order": 1, "hotel_value": ["4.1"], "hotel_price": ["143"]}, "21332657": {"hotel_name": "\u6210\u90fd\u9526\u90fd\u9152\u5e97", "order_time": ["2019-01-27 02:33:30"], "total_order": 1, "hotel_value": ["4.9"], "hotel_price": ["83"]}, "6254744": {"hotel_name": "\u6210\u90fd\u534e\u6765\u90fd\u5bbe\u9986", "order_time": ["2019-01-27 02:33:30"], "total_order": 1, "hotel_value": ["4.4"], "hotel_price": ["90"]}, "2231219": {"hotel_name": "\u9526\u5f18\u5eb7\u5ead\u9152\u5e97(\u6210\u90fd\u6587\u5e99\u5e97)", "order_time": ["2019-01-27 02:33:30"], "total_order": 1, "hotel_value": ["4.2"], "hotel_price": ["123"]}, "1577335": {"hotel_name": "7\u5929\u8fde\u9501\u9152\u5e97(\u6210\u90fd\u706b\u8f66\u4e1c\u7ad9\u4e1c\u5e7f\u573a\u4e07\u79d1\u9b45\u529b\u4e4b\u57ce\u5e97)", "order_time": ["2019-01-27 02:33:31"], "total_order": 1, "hotel_value": ["4.7"], "hotel_price": ["178"]}, "10476700": {"hotel_name": "\u6210\u90fd\u67ab\u6797\u665a\u60c5\u4fa3\u4e3b\u9898\u5ea6\u5047\u5c4b", "order_time": ["2019-01-27 02:33:31"], "total_order": 1, "hotel_value": ["4.4"], "hotel_price": ["194"]}, "3396196": {"hotel_name": "\u6210\u90fd\u541b\u60a6\u5047\u65e5\u9152\u5e97", "order_time": ["2019-01-27 02:33:33"], "total_order": 1, "hotel_value": ["4.5"], "hotel_price": ["116"]}, "2011584": {"hotel_name": "\u82f1\u660e\u5927\u9152\u5e97(\u6210\u90fd\u706b\u8f66\u4e1c\u7ad9\u5e97)", "order_time": ["2019-01-27 02:33:43"], "total_order": 1, "hotel_value": ["4.0"], "hotel_price": ["143"]}, "435202": {"hotel_name": "\u6210\u90fd\u82b1\u6c34\u6e7e\u91d1\u9675\u6e29\u6cc9\u5ea6\u5047\u9152\u5e97", "order_time": ["2019-01-27 02:34:37"], "total_order": 1, "hotel_value": ["4.6"], "hotel_price": ["1400"]}, "397156": {"hotel_name": "\u6210\u90fd\u5eb7\u666e\u96f7\u65af\u56fd\u9645\u9152\u5e97", "order_time": ["2019-01-27 02:35:59"], "total_order": 1, "hotel_value": ["4.6"], "hotel_price": ["305"]}, "2708798": {"hotel_name": "S\u8bbe\u8ba1\u5e08\u9152\u5e97(\u6210\u90fd\u5bbd\u7a84\u5df7\u5b50\u5e97)", "order_time": ["2019-01-27 02:36:01"], "total_order": 1, "hotel_value": ["4.7"], "hotel_price": ["413"]}, "3628318": {"hotel_name": "\u6210\u90fd\u8c6a\u4e30\u9152\u5e97", "order_time": ["2019-01-27 02:36:01"], "total_order": 1, "hotel_value": ["4.7"], "hotel_price": ["209"]}, "2306104": {"hotel_name": "\u548c\u9890\u81f3\u683c\u9152\u5e97(\u6210\u90fd\u6b66\u4faf\u7960\u9ad8\u5347\u6865\u5730\u94c1\u7ad9\u5e97)", "order_time": ["2019-01-27 02:36:02"], "total_order": 1, "hotel_value": ["5.0"], "hotel_price": ["231"]}, "23879933": {"hotel_name": "\u65c5\u9014\u5bb6\u56fd\u9645\u5ea6\u5047\u516c\u5bd3(\u6210\u90fd\u91d1\u878d\u57ce\u534e\u5546\u4e2d\u5fc3\u5e97)", "order_time": ["2019-01-27 02:36:02"], "total_order": 1, "hotel_value": ["4.9"], "hotel_price": ["395"]}, "1200139": {"hotel_name": "\u6210\u90fd\u9ea6\u7530\u5929\u9605\u9152\u5e97", "order_time": ["2019-01-27 02:36:06"], "total_order": 1, "hotel_value": ["4.7"], "hotel_price": ["339"]}, "1404495": {"hotel_name": "\u6607\u534e\u53f0\u5927\u9152\u5e97(\u6210\u90fd\u6b22\u4e50\u8c37\u5e97)", "order_time": ["2019-01-27 02:36:14"], "total_order": 1, "hotel_value": ["4.5"], "hotel_price": ["194"]}, "29658769": {"hotel_name": "\u7ef4\u4e5f\u7eb3\u56fd\u9645\u9152\u5e97(\u6210\u90fd\u4e2d\u548c\u5730\u94c1\u7ad9\u5e97)", "order_time": ["2019-01-27 02:36:15"], "total_order": 1, "hotel_value": [0], "hotel_price": ["178"]}, "4625895": {"hotel_name": "\u6210\u90fd\u5929\u5b50\u5723\u6cfd\u9152\u5e97", "order_time": ["2019-01-27 02:36:27"], "total_order": 1, "hotel_value": ["4.4"], "hotel_price": ["363"]}, "17266064": {"hotel_name": "\u6cd3\u99a8\u9152\u5e97\u516c\u5bd3(\u6210\u90fd\u91d1\u878d\u57ce\u8a89\u5cf0\u9047\u89c1\u5e97)", "order_time": ["2019-01-27 02:36:27"], "total_order": 1, "hotel_value": ["4.7"], "hotel_price": ["173"]}, "9615273": {"hotel_name": "\u6210\u90fd\u58f3\u5b50\u5047\u65e5\u9152\u5e97\u9752\u7f8a\u4e07\u8fbe\u5e97", "order_time": ["2019-01-27 02:38:43"], "total_order": 1, "hotel_value": ["4.8"], "hotel_price": ["196"]}, "2469509": {"hotel_name": "\u6c49\u5ead\u9152\u5e97(\u6210\u90fd\u5bbd\u7a84\u5df7\u5b50\u5e97)", "order_time": ["2019-01-27 02:38:43"], "total_order": 1, "hotel_value": ["4.5"], "hotel_price": ["162"]}, "1198406": {"hotel_name": "\u745e\u7199\u9152\u5e97(\u6210\u90fd\u56db\u5ddd\u5927\u5b66\u671b\u6c5f\u6821\u533a\u5e97)", "order_time": ["2019-01-27 02:38:43", "2019-01-27 02:50:15"], "total_order": 2, "hotel_value": ["4.8", "4.8"], "hotel_price": ["294", "294"]}, "2298353": {"hotel_name": "\u6210\u90fd\u7d22\u83f2\u65af\u5580\u8429\u838e\u9152\u5e97", "order_time": ["2019-01-27 02:38:43"], "total_order": 1, "hotel_value": ["4.8"], "hotel_price": ["260"]}, "6520632": {"hotel_name": "\u6210\u90fd\u9ad8\u65b0\u79a7\u73a5\u9152\u5e97", "order_time": ["2019-01-27 02:38:50"], "total_order": 1, "hotel_value": ["4.7"], "hotel_price": ["427"]}, "2301354": {"hotel_name": "\u51ef\u5bbe\u8fde\u9501\u9152\u5e97(\u6210\u90fd\u4e50\u6021\u5e97)", "order_time": ["2019-01-27 02:38:51"], "total_order": 1, "hotel_value": ["4.4"], "hotel_price": ["191"]}, "8056661": {"hotel_name": "\u6210\u90fd\u535a\u60a6\u56fd\u9645\u516c\u5bd3", "order_time": ["2019-01-27 02:38:51"], "total_order": 1, "hotel_value": ["4.9"], "hotel_price": ["197"]}, "17077488": {"hotel_name": "\u7ef4\u4e5f\u7eb3\u9152\u5e97(\u6210\u90fd\u8700\u897f\u8def\u73e0\u5b9d\u4e2d\u5fc3\u5e97)", "order_time": ["2019-01-27 02:38:52"], "total_order": 1, "hotel_value": ["4.8"], "hotel_price": ["254"]}, "1987472": {"hotel_name": "\u6210\u90fd\u8fce\u5bbe\u82d1\u9152\u5e97", "order_time": ["2019-01-27 02:56:01", "2019-01-27 02:58:55", "2019-01-27 02:38:53"], "total_order": 3, "hotel_value": ["4.7", "4.7", "4.7"], "hotel_price": ["197", "197", "197"]}, "1594347": {"hotel_name": "\u5929\u5408\u9152\u5e97(\u6210\u90fd\u6b66\u4faf\u5927\u9053\u5730\u94c1\u7ad9\u5e97)", "order_time": ["2019-01-27 02:38:55"], "total_order": 1, "hotel_value": ["4.3"], "hotel_price": ["107"]}, "10219789": {"hotel_name": "\u5047\u65e5sunshine\u9152\u5e97(\u6210\u90fd\u7389\u6797\u8863\u51a0\u5e99\u5730\u94c1\u7ad9\u5e97\uff09", "order_time": ["2019-01-27 02:38:57"], "total_order": 1, "hotel_value": ["4.7"], "hotel_price": ["209"]}, "5384016": {"hotel_name": "\u6210\u90fd\u6893\u9716\u5a01\u5bbe\u9986", "order_time": ["2019-01-27 02:38:58"], "total_order": 1, "hotel_value": ["4.2"], "hotel_price": ["113"]}, "1637147": {"hotel_name": "\u96c5\u4f4f158\u8fde\u9501\u9152\u5e97(\u9526\u534e\u5e97)", "order_time": ["2019-01-27 02:38:59"], "total_order": 1, "hotel_value": ["4.2"], "hotel_price": ["116"]}, "6845184": {"hotel_name": "\u6210\u90fd\u9526\u91cc\u4e9a\u6735\u8f7b\u5c45\u9152\u5e97", "order_time": ["2019-01-27 02:39:00"], "total_order": 1, "hotel_value": ["4.8"], "hotel_price": ["349"]}, "19494476": {"hotel_name": "\u6210\u90fd\u5929\u5b87\u52a8\u6f2b\u4e3b\u9898\u9152\u5e97", "order_time": ["2019-01-27 02:39:08"], "total_order": 1, "hotel_value": ["4.8"], "hotel_price": ["50"]}, "2574576": {"hotel_name": "\u6210\u90fd\u82b1\u795e\u9152\u5e97", "order_time": ["2019-01-27 02:39:15"], "total_order": 1, "hotel_value": ["3.6"], "hotel_price": ["91"]}, "5326748": {"hotel_name": "\u91d1\u5802\u53bf\u5c1a\u9038\u5546\u52a1\u9152\u5e97", "order_time": ["2019-01-27 02:40:39"], "total_order": 1, "hotel_value": ["4.3"], "hotel_price": ["63"]}, "1804900": {"hotel_name": "\u5d07\u5dde\u7ea2\u8fbe\u957f\u8fd0\u9152\u5e97", "order_time": ["2019-01-27 02:40:39"], "total_order": 1, "hotel_value": ["3.7"], "hotel_price": ["58"]}, "7649400": {"hotel_name": "\u90fd\u6c5f\u5830\u9752\u57ce\u5c71\u7d2b\u6850\u5c0f\u9662\u5ba2\u6808", "order_time": ["2019-01-27 02:40:39"], "total_order": 1, "hotel_value": ["4.9"], "hotel_price": ["107"]}, "24003759": {"hotel_name": "\u90fd\u6c5f\u5830\u521d\u58a8\u5c0f\u5c4b\u5ba2\u6808", "order_time": ["2019-01-27 02:40:39"], "total_order": 1, "hotel_value": ["4.8"], "hotel_price": ["93"]}, "1114417": {"hotel_name": "\u9752\u57ce\u5c71\u9690\u79c0\u5c1a\u5ead\u9152\u5e97", "order_time": ["2019-01-27 02:40:39"], "total_order": 1, "hotel_value": ["4.8"], "hotel_price": ["1626"]}, "913770": {"hotel_name": "\u909b\u5d03\u91d1\u90fd\u5546\u52a1\u5bbe\u9986", "order_time": ["2019-01-27 02:40:39"], "total_order": 1, "hotel_value": ["4.4"], "hotel_price": ["95"]}, "2254223": {"hotel_name": "\u6210\u90fd\u5bcc\u5b8f\u5927\u9152\u5e97", "order_time": ["2019-01-27 02:40:39"], "total_order": 1, "hotel_value": ["3.9"], "hotel_price": ["142"]}, "4598487": {"hotel_name": "\u91d1\u5802\u4e16\u754c\u5370\u8c61\u4e3b\u9898\u9152\u5e97", "order_time": ["2019-01-27 02:40:39"], "total_order": 1, "hotel_value": ["4.4"], "hotel_price": ["73"]}, "2981496": {"hotel_name": "\u5927\u9091\u897f\u5cad\u96ea\u5c71\u4e91\u5cf0\u5ea6\u5047\u5c71\u5e84", "order_time": ["2019-01-27 02:40:39"], "total_order": 1, "hotel_value": ["3.7"], "hotel_price": ["228"]}, "2308012": {"hotel_name": "\u6210\u90fd\u6d77\u8fd0\u9152\u5e97", "order_time": ["2019-01-27 02:40:40"], "total_order": 1, "hotel_value": ["4.1"], "hotel_price": ["87"]}, "1184333": {"hotel_name": "\u90fd\u6c5f\u5830\u8700\u5370\u667a\u6167\u9152\u5e97", "order_time": ["2019-01-27 02:40:40"], "total_order": 1, "hotel_value": ["4.4"], "hotel_price": ["197"]}, "5874701": {"hotel_name": "\u6210\u90fd\u5f6d\u5dde\u878d\u6052\u65f6\u4ee3\u9152\u5e97", "order_time": ["2019-01-27 02:40:40"], "total_order": 1, "hotel_value": ["4.3"], "hotel_price": ["154"]}, "2153876": {"hotel_name": "7\u5929\u4f18\u54c1\u9152\u5e97(\u6210\u90fd\u65b0\u6d25\u5112\u6797\u8def\u5730\u94c1\u7ad9\u5e97)", "order_time": ["2019-01-27 02:40:40"], "total_order": 1, "hotel_value": ["4.6"], "hotel_price": ["126"]}, "11218345": {"hotel_name": "H\u9152\u5e97(\u6210\u90fd\u53cc\u6d41\u673a\u573a\u6c34\u6676\u5e97)", "order_time": ["2019-01-27 02:41:32", "2019-01-27 03:10:05"], "total_order": 2, "hotel_value": ["4.8", "4.8"], "hotel_price": ["233", "233"]}, "14010043": {"hotel_name": "\u84c9\u9038\u7cbe\u54c1\u9152\u5e97(\u6210\u90fd\u897f\u7ad9\u9752\u7f8a\u4e07\u8fbe\u5e97)", "order_time": ["2019-01-27 02:41:34"], "total_order": 1, "hotel_value": ["4.8"], "hotel_price": ["230"]}, "730701": {"hotel_name": "\u5982\u5bb6\u5feb\u6377\u9152\u5e97(\u6210\u90fd\u6587\u6b8a\u574a\u592a\u5347\u5317\u8def\u5e97)", "order_time": ["2019-01-27 02:41:41"], "total_order": 1, "hotel_value": ["4.7"], "hotel_price": ["118"]}, "8594563": {"hotel_name": "\u90eb\u53bf\u82b3\u5cb8\u4e3b\u9898\u9152\u5e97", "order_time": ["2019-01-27 02:41:42"], "total_order": 1, "hotel_value": ["4.8"], "hotel_price": ["163"]}, "393246": {"hotel_name": "\u5c0f\u61a9\u9a7f\u7ad9\u9152\u5e97(\u6210\u90fdSOHO\u6cb8\u57ce\u5e97)", "order_time": ["2019-01-27 02:41:48"], "total_order": 1, "hotel_value": ["4.0"], "hotel_price": ["110"]}, "5860072": {"hotel_name": "\u9038\u5bb6\u667a\u9009\u5ea6\u5047\u516c\u5bd3(\u6210\u90fd\u9e6d\u5c9b\u56fd\u9645\u5e97)", "order_time": ["2019-01-27 02:50:22", "2019-01-27 02:41:51"], "total_order": 2, "hotel_value": ["4.7", "4.7"], "hotel_price": ["198", "198"]}, "419437": {"hotel_name": "\u5cb7\u5c71\u5b89\u9038\u5927\u9152\u5e97\uff08\u6210\u90fd\u6625\u7199\u592a\u53e4\u91cc\u5e97\uff09", "order_time": ["2019-01-27 02:41:55"], "total_order": 1, "hotel_value": ["4.5"], "hotel_price": ["317"]}, "23815851": {"hotel_name": "\u6210\u90fd\u82b1\u7530\u00b7\u56cd\u7b51\u5171\u4eab\u7cbe\u5962\u516c\u5bd3", "order_time": ["2019-01-27 02:44:20"], "total_order": 1, "hotel_value": ["4.8"], "hotel_price": ["172"]}, "2987521": {"hotel_name": "\u60a6\u83b1\u82b1\u56ed\u9152\u5e97(\u6210\u90fd\u56fd\u8272\u5929\u9999\u5e97)", "order_time": ["2019-01-27 02:44:31"], "total_order": 1, "hotel_value": ["4.6"], "hotel_price": ["193"]}, "1643787": {"hotel_name": "\u6210\u90fd\u5730\u7403\u6751\u9152\u5e97\u5f0f\u516c\u5bd3", "order_time": ["2019-01-27 02:44:41"], "total_order": 1, "hotel_value": ["4.3"], "hotel_price": ["101"]}, "5237107": {"hotel_name": "\u6210\u90fd\u7ea2\u65d7\u5bbe\u9986", "order_time": ["2019-01-27 02:44:43"], "total_order": 1, "hotel_value": ["4.1"], "hotel_price": ["93"]}, "765795": {"hotel_name": "\u6210\u90fd\u68a6\u4e61\u5bbe\u9986", "order_time": ["2019-01-27 02:45:03"], "total_order": 1, "hotel_value": ["4.1"], "hotel_price": ["49"]}, "1136963": {"hotel_name": "\u5d07\u5dde\u6ee8\u6c5f\u5370\u8c61\u9152\u5e97", "order_time": ["2019-01-27 02:46:18"], "total_order": 1, "hotel_value": ["4.5"], "hotel_price": ["84"]}, "385893": {"hotel_name": "\u5609\u597d\u60a6\u7f8e\u9152\u5e97(\u6210\u90fd\u5929\u5e9c\u5e7f\u573a\u5e97)", "order_time": ["2019-01-27 02:47:15"], "total_order": 1, "hotel_value": ["4.7"], "hotel_price": ["230"]}, "4056562": {"hotel_name": "\u6210\u90fd\u6d63\u82b1\u6eaa\u667a\u9009\u5047\u65e5\u9152\u5e97", "order_time": ["2019-01-27 02:47:15"], "total_order": 1, "hotel_value": ["4.8"], "hotel_price": ["379"]}, "689367": {"hotel_name": "\u6210\u90fd\u8d39\u5c14\u987f\u51ef\u83b1\u5927\u9152\u5e97", "order_time": ["2019-01-27 02:47:15"], "total_order": 1, "hotel_value": ["4.9"], "hotel_price": ["418"]}, "5642885": {"hotel_name": "\u6210\u90fd\u7a7a\u6e2f\u673a\u573a\u9152\u5e97", "order_time": ["2019-01-27 02:55:58", "2019-01-27 03:01:33", "2019-01-27 02:47:16"], "total_order": 3, "hotel_value": ["4.6", "4.6", "4.6"], "hotel_price": ["94", "94", "94"]}, "14213683": {"hotel_name": "\u6210\u90fd\u65af\u7ef4\u767b\u5ea6\u5047\u516c\u5bd3(\u5317\u661f\u5927\u9053\u4f18\u54c1\u9053\u5e7f\u573a)", "order_time": ["2019-01-27 02:47:18"], "total_order": 1, "hotel_value": ["4.7"], "hotel_price": ["113"]}, "4530003": {"hotel_name": "\u6210\u90fd\u9f99\u817e\u65f6\u4ee3\u9152\u5e97", "order_time": ["2019-01-27 02:47:18"], "total_order": 1, "hotel_value": ["4.6"], "hotel_price": ["201"]}, "438338": {"hotel_name": "\u661f\u9038\u9152\u5e97(\u6210\u90fd\u6625\u7199\u5e97)", "order_time": ["2019-01-27 02:47:22"], "total_order": 1, "hotel_value": ["4.7"], "hotel_price": ["302"]}, "437007": {"hotel_name": "\u6210\u90fd\u6d3e\u745e\u9152\u5e97", "order_time": ["2019-01-27 02:47:24"], "total_order": 1, "hotel_value": ["4.5"], "hotel_price": ["249"]}, "19644601": {"hotel_name": "\u6210\u90fd\u80cc\u5305\u5341\u5e74\u9752\u5e74\u65c5\u820d", "order_time": ["2019-01-27 02:47:25"], "total_order": 1, "hotel_value": ["4.9"], "hotel_price": ["55"]}, "5218429": {"hotel_name": "\u6210\u90fd\u540c\u65f6\u8fbe\u9152\u5e97", "order_time": ["2019-01-27 02:47:26"], "total_order": 1, "hotel_value": ["4.0"], "hotel_price": ["272"]}, "396942": {"hotel_name": "\u6210\u90fd\u9996\u5ea7\u4e07\u4e3d\u9152\u5e97", "order_time": ["2019-01-27 02:49:11"], "total_order": 1, "hotel_value": ["4.5"], "hotel_price": ["616"]}, "436650": {"hotel_name": "\u90fd\u6c5f\u5830\u9752\u6e90\u56fd\u9645\u5927\u9152\u5e97", "order_time": ["2019-01-27 02:49:14"], "total_order": 1, "hotel_value": ["4.8"], "hotel_price": ["748"]}, "8352822": {"hotel_name": "\u909b\u5d03\u5609\u548c\u9152\u5e97", "order_time": ["2019-01-27 02:49:14"], "total_order": 1, "hotel_value": ["4.7"], "hotel_price": ["198"]}, "453142": {"hotel_name": "\u56fe\u817e\u94c2\u91d1\u9152\u5e97(\u6210\u90fd\u4eba\u6c11\u5357\u8def\u7f8e\u9886\u9986\u5e97)", "order_time": ["2019-01-27 02:50:11"], "total_order": 1, "hotel_value": ["4.7"], "hotel_price": ["463"]}, "2694862": {"hotel_name": "\u5b89\u60a6.\u539f\u820d\u9152\u5e97\uff08\u6210\u90fd\u7985\u610f\u82b1\u56ed\u5e97\uff09", "order_time": ["2019-01-27 02:50:11"], "total_order": 1, "hotel_value": ["4.8"], "hotel_price": ["264"]}, "7862029": {"hotel_name": "\u6210\u90fd\u96c5\u7235\u9152\u5e97", "order_time": ["2019-01-27 02:50:12"], "total_order": 1, "hotel_value": ["4.8"], "hotel_price": ["268"]}, "23418359": {"hotel_name": "\u6210\u90fd\u6f2b\u52a8\u6001\u5f71\u89c6\u5b9e\u666f\u4e3b\u9898\u9152\u5e97", "order_time": ["2019-01-27 02:50:13"], "total_order": 1, "hotel_value": ["4.9"], "hotel_price": ["313"]}, "5729095": {"hotel_name": "\u5fc3\u5b89\u9a7f\u9152\u5e97(\u6210\u90fd\u706b\u8f66\u5357\u7ad9\u5e97)", "order_time": ["2019-01-27 02:50:26"], "total_order": 1, "hotel_value": ["4.4"], "hotel_price": ["229"]}, "27965396": {"hotel_name": "\u6210\u90fd\u6668\u714a\u7cbe\u54c1\u516c\u5bd3", "order_time": ["2019-01-27 02:50:28"], "total_order": 1, "hotel_value": [0], "hotel_price": ["235"]}, "8553194": {"hotel_name": "\u6210\u90fd\u6708\u4eae\u6e7e\u4e3b\u9898\u516c\u5bd3", "order_time": ["2019-01-27 02:50:40"], "total_order": 1, "hotel_value": ["4.3"], "hotel_price": ["123"]}, "768703": {"hotel_name": "\u6210\u90fd\u5929\u9f99\u5546\u52a1\u9152\u5e97", "order_time": ["2019-01-27 02:50:53"], "total_order": 1, "hotel_value": ["4.0"], "hotel_price": ["74"]}, "1861531": {"hotel_name": "\u82b1\u7b51\u00b7\u6210\u90fd\u8700\u8bed\u5370\u8c61\u9152\u5e97", "order_time": ["2019-01-27 03:01:44", "2019-01-27 02:53:10"], "total_order": 2, "hotel_value": ["4.5", "4.5"], "hotel_price": ["321", "321"]}, "6490758": {"hotel_name": "\u6210\u90fd\u675c\u752b\u8349\u5802\u4e9a\u6735\u9152\u5e97", "order_time": ["2019-01-27 02:53:13"], "total_order": 1, "hotel_value": ["4.8"], "hotel_price": ["361"]}, "778975": {"hotel_name": "\u5a01\u65af\u51ef\u5c14\u9152\u5e97(\u5929\u5e9c\u4e09\u8857\u798f\u5e74\u5e7f\u573a\u5e97)", "order_time": ["2019-01-27 02:53:15"], "total_order": 1, "hotel_value": ["4.8"], "hotel_price": ["242"]}, "1619571": {"hotel_name": "\u745e\u83b1\u65af\u9152\u5e97(\u6210\u90fd\u502a\u5bb6\u6865\u5730\u94c1\u7ad9\u5e97)", "order_time": ["2019-01-27 02:53:16"], "total_order": 1, "hotel_value": ["4.5"], "hotel_price": ["121"]}, "1620017": {"hotel_name": "\u6210\u90fd\u53cc\u6d41\u822a\u7f8e\u9152\u5e97", "order_time": ["2019-01-27 02:53:16"], "total_order": 1, "hotel_value": ["3.7"], "hotel_price": ["59"]}, "9648992": {"hotel_name": "\u6210\u90fd\u54f2\u9009\u5b9c\u5bb6\u9152\u5e97", "order_time": ["2019-01-27 02:53:17"], "total_order": 1, "hotel_value": ["4.5"], "hotel_price": ["92"]}, "397153": {"hotel_name": "\u56fe\u817e\u5370\u8c61\u9152\u5e97(\u6210\u90fd\u6b66\u4faf\u7960\u534e\u897f\u9526\u91cc\u5e97)", "order_time": ["2019-01-27 02:53:19"], "total_order": 1, "hotel_value": ["4.0"], "hotel_price": ["181"]}, "2284119": {"hotel_name": "\u6210\u90fd\u541b\u6021\u9152\u5e97(\u6b66\u4faf\u65d7\u8230\u5e97)", "order_time": ["2019-01-27 02:53:20"], "total_order": 1, "hotel_value": ["4.6"], "hotel_price": ["184"]}, "2304873": {"hotel_name": "\u6210\u90fd\u897f\u6eaa\u9152\u5e97", "order_time": ["2019-01-27 02:53:22"], "total_order": 1, "hotel_value": ["4.7"], "hotel_price": ["145"]}, "25643644": {"hotel_name": "\u6210\u90fd\u679c\u513f\u9152\u5e97", "order_time": ["2019-01-27 02:53:26"], "total_order": 1, "hotel_value": [0], "hotel_price": ["208"]}, "6472891": {"hotel_name": "\u6210\u90fd\u7a7a\u6e2f\u6842\u56ed\u6c11\u5bbf", "order_time": ["2019-01-27 02:53:26"], "total_order": 1, "hotel_value": ["4.1"], "hotel_price": ["84"]}, "436660": {"hotel_name": "\u6210\u90fd\u91d1\u5730\u996d\u5e97", "order_time": ["2019-01-27 02:55:51"], "total_order": 1, "hotel_value": ["4.8"], "hotel_price": ["266"]}, "19853161": {"hotel_name": "\u6210\u90fd\u83b1\u96c5\u8f7b\u5c45\u4e3b\u9898\u9152\u5e97", "order_time": ["2019-01-27 02:55:51"], "total_order": 1, "hotel_value": ["4.7"], "hotel_price": ["131"]}, "1575128": {"hotel_name": "\u6210\u90fd\u58f9\u5468\u5feb\u6377\u9152\u5e97", "order_time": ["2019-01-27 02:56:09"], "total_order": 1, "hotel_value": ["4.4"], "hotel_price": ["89"]}, "6173171": {"hotel_name": "\u897f\u59c6\u9152\u5e97(\u6210\u90fd\u897f\u59c6\u4f1a\u5c55\u4e2d\u5fc3\u5e97)", "order_time": ["2019-01-27 02:56:14"], "total_order": 1, "hotel_value": ["4.5"], "hotel_price": ["151"]}, "1504413": {"hotel_name": "\u897f\u73af\u5feb\u6377\u9152\u5e97(\u6210\u90fd\u9e4f\u745e\u5229\u5e97)", "order_time": ["2019-01-27 02:56:17"], "total_order": 1, "hotel_value": ["4.2"], "hotel_price": ["148"]}, "3661394": {"hotel_name": "\u9526\u6c5f\u4e4b\u661f(\u6210\u90fd\u9a6c\u8d85\u897f\u8def\u5730\u94c1\u7ad9\u5e97)", "order_time": ["2019-01-27 02:58:46"], "total_order": 1, "hotel_value": ["4.6"], "hotel_price": ["119"]}, "5928016": {"hotel_name": "\u9e97\u67ab\u9152\u5e97(\u6210\u90fd\u706b\u8f66\u4e1c\u7ad9\u5e97)", "order_time": ["2019-01-27 02:58:48"], "total_order": 1, "hotel_value": ["4.6"], "hotel_price": ["204"]}, "375513": {"hotel_name": "\u6210\u90fd\u699b\u60a6\u9686\u5821\u9152\u5e97", "order_time": ["2019-01-27 02:58:50"], "total_order": 1, "hotel_value": ["4.6"], "hotel_price": ["626"]}, "1594098": {"hotel_name": "\u6210\u90fd\u8302\u6587\u5927\u9152\u5e97", "order_time": ["2019-01-27 02:58:56"], "total_order": 1, "hotel_value": ["4.6"], "hotel_price": ["212"]}, "708049": {"hotel_name": "\u7b80\u9633\u57ce\u5e02\u540d\u4eba\u9152\u5e97", "order_time": ["2019-01-27 03:00:26"], "total_order": 1, "hotel_value": ["4.9"], "hotel_price": ["300"]}, "6405230": {"hotel_name": "\u6210\u90fdHorse & house\u5ea6\u5047\u516c\u5bd3", "order_time": ["2019-01-27 03:01:37"], "total_order": 1, "hotel_value": ["4.7"], "hotel_price": ["217"]}, "1610229": {"hotel_name": "\u7b11\u8138\u91cc\u00b7\u597d\u4e45\u4e0d\u89c1\u9752\u5e74\u65c5\u820d(\u6210\u90fd\u5bbd\u7a84\u5df7\u5b50\u5e97)(\u539f\u767b\u5df4\u8fde\u9501\u5ba2\u6808)", "order_time": ["2019-01-27 03:01:39"], "total_order": 1, "hotel_value": ["4.9"], "hotel_price": ["35"]}, "6760113": {"hotel_name": "\u6210\u90fd\u6d77\u6d0b\u4e4b\u604b\u4e3b\u9898\u9152\u5e97\u9f99\u57ce\u56fd\u9645\u5e97", "order_time": ["2019-01-27 03:01:49"], "total_order": 1, "hotel_value": ["4.4"], "hotel_price": ["124"]}, "416180": {"hotel_name": "\u6210\u90fd\u4e16\u7eaa\u57ce\u5929\u5802\u6d32\u9645\u5927\u996d\u5e97", "order_time": ["2019-01-27 03:03:00"], "total_order": 1, "hotel_value": ["4.7"], "hotel_price": ["836"]}, "15228680": {"hotel_name": "\u7ef4\u4e5f\u7eb3\u56fd\u9645\u9152\u5e97(\u6210\u90fd\u897f\u7ad9\u9752\u7f8a\u4e07\u8fbe\u5e97)", "order_time": ["2019-01-27 03:03:00"], "total_order": 1, "hotel_value": ["4.9"], "hotel_price": ["271"]}, "6627663": {"hotel_name": "AIR\u00b7\u9ad8\u7a7a\u5957\u623f\u516c\u5bd3(\u6210\u90fd\u6625\u7199\u8def\u5e97)", "order_time": ["2019-01-27 03:04:26"], "total_order": 1, "hotel_value": ["4.9"], "hotel_price": ["775"]}, "2031227": {"hotel_name": "\u6210\u90fd\u5341\u516b\u6b65\u5c9b\u9152\u5e97", "order_time": ["2019-01-27 03:04:31"], "total_order": 1, "hotel_value": ["4.6"], "hotel_price": ["88"]}, "15719774": {"hotel_name": "\u6210\u90fd\u820d\u91cc\u7cbe\u81f4\u9152\u5e97", "order_time": ["2019-01-27 03:04:35"], "total_order": 1, "hotel_value": ["4.7"], "hotel_price": ["153"]}, "1210209": {"hotel_name": "\u5e03\u4e01\u9152\u5e97(\u6210\u90fd\u8700\u6c49\u8def\u4e1c\u5730\u94c1\u7ad9\u5e97)", "order_time": ["2019-01-27 03:04:39"], "total_order": 1, "hotel_value": ["4.2"], "hotel_price": ["65"]}, "1619788": {"hotel_name": "\u6210\u90fd\u65b0\u7a7a\u6e2f\u82b1\u56ed\u5546\u52a1\u9152\u5e97", "order_time": ["2019-01-27 03:04:49"], "total_order": 1, "hotel_value": ["4.1"], "hotel_price": ["92"]}, "1433619": {"hotel_name": "\u6210\u90fd\u8212\u9002\u4f4f\u5bbf", "order_time": ["2019-01-27 03:05:09"], "total_order": 1, "hotel_value": [0], "hotel_price": ["58"]}, "1432148": {"hotel_name": "\u6210\u90fd\u6cd3\u5b87\u9152\u5e97", "order_time": ["2019-01-27 03:05:09"], "total_order": 1, "hotel_value": ["4.4"], "hotel_price": ["83"]}, "1431064": {"hotel_name": "99\u65c5\u9986\u8fde\u9501(\u6210\u90fd\u4e00\u54c1\u5929\u4e0b\u5e97)", "order_time": ["2019-01-27 03:05:09"], "total_order": 1, "hotel_value": ["4.4"], "hotel_price": ["69"]}, "766943": {"hotel_name": "\u6210\u90fd\u6e29\u6c5f\u6167\u5706\u5bbe\u9986", "order_time": ["2019-01-27 03:05:15"], "total_order": 1, "hotel_value": ["3.5"], "hotel_price": ["59"]}, "2076060": {"hotel_name": "\u6210\u90fd\u4e07\u53cb\u65f6\u4ee3\u9152\u5e97", "order_time": ["2019-01-27 03:05:18"], "total_order": 1, "hotel_value": ["4.9"], "hotel_price": ["113"]}, "21491487": {"hotel_name": "\u6210\u90fd\u7f8e\u60a6\u65f6\u5c1a\u4e3b\u9898\u516c\u5bd3", "order_time": ["2019-01-27 03:05:18"], "total_order": 1, "hotel_value": [0], "hotel_price": ["159"]}, "21147503": {"hotel_name": "\u6210\u90fd\u964c\u4e0a\u5c18\u5bbf\u516c\u5bd3", "order_time": ["2019-01-27 03:05:18"], "total_order": 1, "hotel_value": ["4.9"], "hotel_price": ["121"]}, "2043093": {"hotel_name": "\u6210\u90fd\u946b\u9a6c\u9152\u5e97", "order_time": ["2019-01-27 03:05:18"], "total_order": 1, "hotel_value": ["3.8"], "hotel_price": ["62"]}, "6746522": {"hotel_name": "\u6210\u90fd\u82e5\u95f2\u516c\u5bd3", "order_time": ["2019-01-27 03:05:19"], "total_order": 1, "hotel_value": [0], "hotel_price": ["49"]}, "2032563": {"hotel_name": "\u5e03\u4e01\u9152\u5e97(\u6210\u90fd\u706b\u8f66\u5317\u7ad9\u4e94\u5757\u77f3\u6c7d\u8f66\u7ad9\u5e97)", "order_time": ["2019-01-27 03:05:19"], "total_order": 1, "hotel_value": ["3.7"], "hotel_price": ["65"]}, "6777456": {"hotel_name": "\u6210\u90fd\u4e09\u59d0\u6e29\u99a8\u516c\u5bd3", "order_time": ["2019-01-27 03:05:25"], "total_order": 1, "hotel_value": ["4.4"], "hotel_price": ["73"]}, "2119368": {"hotel_name": "\u5c1a\u5ba2\u4f18\u9a8f\u6021\u8fde\u9501\u9152\u5e97(\u6210\u90fd\u7409\u7483\u573a\u5206\u5e97)(\u539f\u5fb7\u58eb\u987f\u9152\u5e97)", "order_time": ["2019-01-27 03:05:25"], "total_order": 1, "hotel_value": ["3.7"], "hotel_price": ["87"]}, "453148": {"hotel_name": "\u6210\u90fd\u671b\u6c5f\u5bbe\u9986", "order_time": ["2019-01-27 03:07:18"], "total_order": 1, "hotel_value": ["4.8"], "hotel_price": ["503"]}, "1481359": {"hotel_name": "\u6210\u90fd\u548c\u6d66\u9152\u5e97", "order_time": ["2019-01-27 03:07:26"], "total_order": 1, "hotel_value": ["4.3"], "hotel_price": ["145"]}, "6869418": {"hotel_name": "\u6210\u90fdME+\u4e3b\u9898\u9152\u5e97", "order_time": ["2019-01-27 03:07:33"], "total_order": 1, "hotel_value": [0], "hotel_price": ["118"]}, "429876": {"hotel_name": "\u6210\u90fd\u4e16\u7eaa\u57ce\u5047\u65e5\u9152\u5e97-\u897f\u697c", "order_time": ["2019-01-27 03:10:02"], "total_order": 1, "hotel_value": ["4.5"], "hotel_price": ["398"]}, "17018070": {"hotel_name": "\u7269\u8bed\u9ad8\u7aef\u5b9a\u5236\u516c\u5bd3(\u6210\u90fd\u4ec1\u548c\u9ad8\u65b0\u5e97)", "order_time": ["2019-01-27 03:10:07"], "total_order": 1, "hotel_value": ["4.9"], "hotel_price": ["364"]}, "2305297": {"hotel_name": "\u79a7\u745e\u9152\u5e97(\u6210\u90fd\u7701\u4f53\u80b2\u9986\u5730\u94c1\u7ad9\u5e97)(\u539f\u7389\u6797\u5e97)", "order_time": ["2019-01-27 03:10:15"], "total_order": 1, "hotel_value": ["4.4"], "hotel_price": ["148"]}, "2039445": {"hotel_name": "\u6210\u90fd\u6765\u9f99\u9152\u5e97", "order_time": ["2019-01-27 03:10:18"], "total_order": 1, "hotel_value": ["4.5"], "hotel_price": ["133"]}, "917036": {"hotel_name": "\u6210\u90fd\u65af\u7ef4\u767b\u5ea6\u5047\u516c\u5bd3(\u4e07\u8c61\u57ce\u89c2\u57ce)", "order_time": ["2019-01-27 03:10:19"], "total_order": 1, "hotel_value": ["4.5"], "hotel_price": ["139"]}, "695007": {"hotel_name": "\u5929\u8c6a\u5927\u9152\u5e97(\u6210\u90fd\u91d1\u725b\u4e07\u8fbe\u5e97)", "order_time": ["2019-01-27 03:10:21"], "total_order": 1, "hotel_value": ["4.4"], "hotel_price": ["161"]}, "12571567": {"hotel_name": "\u6e2f\u5ead\u5ea6\u5047\u516c\u5bd3(\u6210\u90fd\u706b\u8f66\u4e1c\u7ad9\u5e97)", "order_time": ["2019-01-27 03:10:46"], "total_order": 1, "hotel_value": ["4.0"], "hotel_price": ["98"]}, "438052": {"hotel_name": "\u6210\u90fd\u4e1c\u82ae\u9f99\u7199\u9152\u5e97", "order_time": ["2019-01-27 03:12:42"], "total_order": 1, "hotel_value": ["4.5"], "hotel_price": ["296"]}, "535359": {"hotel_name": "\u901f8\u9152\u5e97(\u6210\u90fd\u8425\u95e8\u53e3\u7acb\u4ea4\u5e97)", "order_time": ["2019-01-27 03:12:48"], "total_order": 1, "hotel_value": ["4.5"], "hotel_price": ["103"]}, "6294611": {"hotel_name": "\u5168\u5b63\u9152\u5e97(\u6210\u90fd\u6625\u7199\u8def\u592a\u53e4\u91cc\u5e97)", "order_time": ["2019-01-27 03:12:58"], "total_order": 1, "hotel_value": ["4.7"], "hotel_price": ["370"]}, "14009907": {"hotel_name": "\u6210\u90fd\u6f2b\u5c45\u5370\u8c61\u9152\u5e97", "order_time": ["2019-01-27 03:12:58"], "total_order": 1, "hotel_value": ["4.8"], "hotel_price": ["214"]}, "5374564": {"hotel_name": "\u6210\u90fd\u6843\u82b1\u6e90\u5047\u65e5\u9152\u5e97", "order_time": ["2019-01-27 03:13:05"], "total_order": 1, "hotel_value": ["3.3"], "hotel_price": ["148"]}, "1572053": {"hotel_name": "\u6210\u90fd\u946b\u4e07\u91cc\u5ba2\u9152\u5e97", "order_time": ["2019-01-27 03:13:31"], "total_order": 1, "hotel_value": ["4.2"], "hotel_price": ["75"]}}}