{"\u5f00\u59cb\u8bb0\u5f55\u65f6\u95f4": "2019-01-26 01:22:18", "\u7ed3\u675f\u8bb0\u5f55\u65f6\u95f4": "2019-01-26 02:44:19", "\u8ba2\u5355\u603b\u589e\u91cf": 445, "item": {"472757": {"hotel_name": "\u6210\u90fd\u91d1\u5e9c\u534e\u7f8e\u8fbe\u5927\u9152\u5e97", "order_time": ["2019-01-26 01:24:54"], "total_order": 1, "hotel_value": ["4.4"], "hotel_price": ["398"]}, "2091256": {"hotel_name": "\u6210\u90fd\u7f6e\u4fe1\u5047\u671f\u9152\u5e97", "order_time": ["2019-01-26 01:24:57"], "total_order": 1, "hotel_value": ["4.9"], "hotel_price": ["413"]}, "707927": {"hotel_name": "\u9526\u6c5f\u4e4b\u661f(\u6210\u90fd\u592a\u53e4\u91cc\u4e1c\u98ce\u5927\u6865\u5e97)", "order_time": ["2019-01-26 01:24:57"], "total_order": 1, "hotel_value": ["4.5"], "hotel_price": ["139"]}, "17500738": {"hotel_name": "\u84dd\u767d\u5b50\u7cbe\u54c1\u516c\u5bd3(\u6210\u90fd\u6625\u7199\u8def\u5e97)", "order_time": ["2019-01-26 01:24:58"], "total_order": 1, "hotel_value": ["4.9"], "hotel_price": ["155"]}, "482518": {"hotel_name": "\u6210\u90fd\u4e16\u4ee3\u9526\u6c5f\u56fd\u9645\u9152\u5e97", "order_time": ["2019-01-26 01:24:59"], "total_order": 1, "hotel_value": ["4.7"], "hotel_price": ["383"]}, "453148": {"hotel_name": "\u6210\u90fd\u671b\u6c5f\u5bbe\u9986", "order_time": ["2019-01-26 01:24:59"], "total_order": 1, "hotel_value": ["4.8"], "hotel_price": ["430"]}, "4395895": {"hotel_name": "\u6210\u90fd\u7fa4\u5149\u541b\u60a6\u9152\u5e97", "order_time": ["2019-01-26 01:24:59"], "total_order": 1, "hotel_value": ["4.7"], "hotel_price": ["1066"]}, "435360": {"hotel_name": "\u6210\u90fd\u7d22\u83f2\u65af\u6c11\u65cf\u5927\u9152\u5e97", "order_time": ["2019-01-26 01:30:12", "2019-01-26 01:25:00"], "total_order": 2, "hotel_value": ["4.7", "4.7"], "hotel_price": ["294", "294"]}, "1760671": {"hotel_name": "\u68a6\u4e4b\u65c5\u6587\u541b\u697c\u5ead\u9662\u9152\u5e97(\u6210\u90fd\u5bbd\u7a84\u5df7\u5b50\u5e97)", "order_time": ["2019-01-26 01:25:01"], "total_order": 1, "hotel_value": ["4.7"], "hotel_price": ["280"]}, "2303541": {"hotel_name": "\u67cf\u4e3d\u9152\u5e97(\u6210\u90fd\u4f18\u54c1\u5e97)", "order_time": ["2019-01-26 01:25:01"], "total_order": 1, "hotel_value": ["4.3"], "hotel_price": ["222"]}, "3734488": {"hotel_name": "\u6854\u5b50\u9152\u5e97\u7cbe\u9009(\u6210\u90fd\u987a\u57ce\u5e97)", "order_time": ["2019-01-26 01:25:02"], "total_order": 1, "hotel_value": ["4.9"], "hotel_price": ["273"]}, "1104365": {"hotel_name": "\u6210\u90fd\u7ea2\u8fbe\u9152\u5e97", "order_time": ["2019-01-26 01:25:03"], "total_order": 1, "hotel_value": ["4.0"], "hotel_price": ["109"]}, "2102868": {"hotel_name": "\u6e1d\u535a\u4e3b\u9898\u9152\u5e97(\u6210\u90fd\u767e\u8349\u8def\u5730\u94c1\u7ad9\u5e97)", "order_time": ["2019-01-26 01:25:04", "2019-01-26 02:26:25"], "total_order": 2, "hotel_value": ["4.0", "4.0"], "hotel_price": ["151", "151"]}, "24354641": {"hotel_name": "\u67cf\u83f2Seek House\u670d\u52a1\u516c\u5bd3(\u6210\u90fd\u4f1a\u5c55\u4e2d\u5fc3\u5e97)", "order_time": ["2019-01-26 01:25:04"], "total_order": 1, "hotel_value": ["4.8"], "hotel_price": ["188"]}, "2641913": {"hotel_name": "\u683c\u6797\u8054\u76df\u9152\u5e97(\u6210\u90fd\u706b\u8f66\u4e1c\u7ad9\u5e97)", "order_time": ["2019-01-26 01:25:04"], "total_order": 1, "hotel_value": ["4.5"], "hotel_price": ["183"]}, "19653574": {"hotel_name": "\u51ef\u4f18\u5a01\u5c14\u9152\u5e97(\u6210\u90fd\u706b\u8f66\u4e1c\u7ad9468\u65d7\u8230\u5e97)", "order_time": ["2019-01-26 01:25:07"], "total_order": 1, "hotel_value": ["4.7"], "hotel_price": ["289"]}, "474552": {"hotel_name": "\u6c49\u5ead\u9152\u5e97(\u6210\u90fd\u534e\u9633\u5e97)", "order_time": ["2019-01-26 01:47:47", "2019-01-26 01:25:07"], "total_order": 2, "hotel_value": ["4.5", "4.5"], "hotel_price": ["161", "161"]}, "828307": {"hotel_name": "\u5fc3\u6021\u7cbe\u54c1\u77ed\u79df\u516c\u5bd3(\u6210\u90fd\u6625\u7199\u8def\u7ea2\u661f\u56fd\u9645\u5e97)(\u539f\u6625\u7199\u8def\u5e02\u4e8c\u533b\u9662\u5e97))", "order_time": ["2019-01-26 01:25:08"], "total_order": 1, "hotel_value": ["4.7"], "hotel_price": ["140"]}, "2278035": {"hotel_name": "\u7eac\u5ea6\u5168\u57df\u9152\u5e97(\u6e29\u6c5f\u56fd\u8272\u5929\u4e61\u5e97)", "order_time": ["2019-01-26 01:25:11"], "total_order": 1, "hotel_value": ["4.6"], "hotel_price": ["208"]}, "2290794": {"hotel_name": "\u6210\u90fd\u65b0\u90fd\u94f6\u5ea7\u9152\u5e97", "order_time": ["2019-01-26 01:25:13"], "total_order": 1, "hotel_value": ["4.7"], "hotel_price": ["113"]}, "1400323": {"hotel_name": "\u6210\u90fd\u6d69\u5929\u5546\u52a1\u9152\u5e97", "order_time": ["2019-01-26 01:25:20"], "total_order": 1, "hotel_value": ["4.2"], "hotel_price": ["72"]}, "23680237": {"hotel_name": "\u6210\u90fd\u60a6\u83b1\u516c\u5bd3", "order_time": ["2019-01-26 01:25:20"], "total_order": 1, "hotel_value": ["4.2"], "hotel_price": ["113"]}, "1544211": {"hotel_name": "\u6210\u90fd\u6c99\u6cb3\u7f8e\u666f\u5bbe\u9986", "order_time": ["2019-01-26 01:25:24"], "total_order": 1, "hotel_value": ["4.0"], "hotel_price": ["108"]}, "15228680": {"hotel_name": "\u7ef4\u4e5f\u7eb3\u56fd\u9645\u9152\u5e97(\u6210\u90fd\u897f\u7ad9\u9752\u7f8a\u4e07\u8fbe\u5e97)", "order_time": ["2019-01-26 01:26:10"], "total_order": 1, "hotel_value": ["4.9"], "hotel_price": ["284"]}, "3652075": {"hotel_name": "\u5927\u9091\u5929\u8d50\u9152\u5e97", "order_time": ["2019-01-26 01:26:14"], "total_order": 1, "hotel_value": ["4.7"], "hotel_price": ["463"]}, "6482591": {"hotel_name": "\u6210\u90fd\u897f\u59c6\u5584\u5c45\u9152\u5e97", "order_time": ["2019-01-26 01:29:45", "2019-01-26 01:29:48", "2019-01-26 01:27:25", "2019-01-26 01:29:46"], "total_order": 4, "hotel_value": ["4.7", "4.7", "4.7", "4.7"], "hotel_price": ["283", "293", "293", "293"]}, "3681726": {"hotel_name": "\u84c9\u57ce\u5047\u65e5\u9152\u5e97(\u53cc\u6d41\u56fd\u9645\u673a\u573a\u5e97)", "order_time": ["2019-01-26 01:27:27"], "total_order": 1, "hotel_value": ["4.5"], "hotel_price": ["134"]}, "27961125": {"hotel_name": "\u5168\u5b63\u9152\u5e97(\u6210\u90fd\u6b66\u4faf\u7960\u6c38\u4e30\u8def\u5e97)", "order_time": ["2019-01-26 01:44:35", "2019-01-26 01:27:27", "2019-01-26 01:47:25", "2019-01-26 02:01:23"], "total_order": 4, "hotel_value": ["4.9", "4.9", "4.9", "4.9"], "hotel_price": ["313", "313", "313", "313"]}, "1208762": {"hotel_name": "\u6210\u90fd\u6cf0\u9038\u9152\u5e97", "order_time": ["2019-01-26 02:01:29", "2019-01-26 01:27:27"], "total_order": 2, "hotel_value": ["4.6", "4.6"], "hotel_price": ["289", "289"]}, "6869710": {"hotel_name": "\u6210\u90fd\u534e\u5c14\u9053\u592b\u9152\u5e97", "order_time": ["2019-01-26 01:27:28"], "total_order": 1, "hotel_value": ["4.7"], "hotel_price": ["1306"]}, "899335": {"hotel_name": "\u6210\u90fd\u5b89\u6cf0\u4e16\u7eaa\u9152\u5e97", "order_time": ["2019-01-26 01:27:28", "2019-01-26 01:47:28", "2019-01-26 02:09:50"], "total_order": 3, "hotel_value": ["4.7", "4.7", "4.7"], "hotel_price": ["221", "221", "221"]}, "22821230": {"hotel_name": "Free House\u4f18\u4eab\u516c\u5bd3(\u6210\u90fd\u9526\u91cc\u5e97)", "order_time": ["2019-01-26 01:27:31"], "total_order": 1, "hotel_value": ["4.9"], "hotel_price": ["269"]}, "6477304": {"hotel_name": "\u6854\u5b50\u9152\u5e97\u7cbe\u9009(\u6210\u90fd\u592a\u53e4\u91cc\u5e97)", "order_time": ["2019-01-26 01:27:32", "2019-01-26 02:42:04"], "total_order": 2, "hotel_value": ["4.9", "4.9"], "hotel_price": ["406", "406"]}, "2152804": {"hotel_name": "\u7cd6\u679c\u98ce\u5c1a\u9152\u5e97(\u6210\u90fd\u7280\u6d66\u5730\u94c1\u7ad9\u5e97)", "order_time": ["2019-01-26 01:27:33", "2019-01-26 01:41:40"], "total_order": 2, "hotel_value": ["4.2", "4.2"], "hotel_price": ["123", "123"]}, "479920": {"hotel_name": "\u6210\u90fd\u8d5b\u4ed1\u5409\u5730\u5927\u9152\u5e97", "order_time": ["2019-01-26 01:27:34", "2019-01-26 01:53:14"], "total_order": 2, "hotel_value": ["4.7", "4.7"], "hotel_price": ["286", "286"]}, "9367198": {"hotel_name": "\u6210\u90fd\u6f22\u5ba4\u535a\u7269\u9152\u5e97", "order_time": ["2019-01-26 01:27:35"], "total_order": 1, "hotel_value": ["4.8"], "hotel_price": ["364"]}, "6696643": {"hotel_name": "\u6210\u90fd\u534e\u8fb0\u9152\u5e97(\u7389\u6797\u502a\u5bb6\u6865\u5730\u94c1\u7ad9\u5e97)", "order_time": ["2019-01-26 01:27:43"], "total_order": 1, "hotel_value": ["4.3"], "hotel_price": ["248"]}, "447208": {"hotel_name": "\u6210\u90fd\u4e3d\u6fb3\u6ee8\u6c5f\u7cbe\u54c1\u9152\u5e97", "order_time": ["2019-01-26 01:27:52", "2019-01-26 01:53:24"], "total_order": 2, "hotel_value": ["4.7", "4.7"], "hotel_price": ["454", "454"]}, "534918": {"hotel_name": "\u82b1\u6c34\u6e7e\u9526\u6cf0\u6e29\u6cc9\u9152\u5e97", "order_time": ["2019-01-26 02:14:24", "2019-01-26 01:29:14"], "total_order": 2, "hotel_value": ["4.5", "4.5"], "hotel_price": ["798", "798"]}, "439242": {"hotel_name": "\u6210\u90fd\u5b89\u6cf0\u5b89\u84c9\u9152\u5e97", "order_time": ["2019-01-26 01:30:10", "2019-01-26 02:36:51"], "total_order": 2, "hotel_value": ["4.7", "4.7"], "hotel_price": ["278", "278"]}, "397156": {"hotel_name": "\u6210\u90fd\u5eb7\u666e\u96f7\u65af\u56fd\u9645\u9152\u5e97", "order_time": ["2019-01-26 01:30:11"], "total_order": 1, "hotel_value": ["4.6"], "hotel_price": ["305"]}, "6845184": {"hotel_name": "\u6210\u90fd\u9526\u91cc\u4e9a\u6735\u8f7b\u5c45\u9152\u5e97", "order_time": ["2019-01-26 01:30:11"], "total_order": 1, "hotel_value": ["4.8"], "hotel_price": ["367"]}, "13609745": {"hotel_name": "Colt House X(\u6210\u90fd\u6625\u7199\u592a\u53e4\u91ccWIFC\u5e97)", "order_time": ["2019-01-26 01:30:11"], "total_order": 1, "hotel_value": ["4.8"], "hotel_price": ["583"]}, "1319666": {"hotel_name": "\u897f\u59c6\u9152\u5e97(\u6210\u90fd\u5929\u5e9c\u5e7f\u573a\u5e97)", "order_time": ["2019-01-26 01:30:12"], "total_order": 1, "hotel_value": ["4.7"], "hotel_price": ["279"]}, "2297424": {"hotel_name": "\u6210\u90fd\u5e0c\u5c14\u987f\u9152\u5e97", "order_time": ["2019-01-26 01:30:12"], "total_order": 1, "hotel_value": ["4.7"], "hotel_price": ["777"]}, "1521470": {"hotel_name": "\u6210\u90fd\u8299\u84c9\u996d\u5e97(\u5bbd\u7a84\u5df7\u5b50\u5e97)", "order_time": ["2019-01-26 01:30:15"], "total_order": 1, "hotel_value": ["4.7"], "hotel_price": ["210"]}, "2905606": {"hotel_name": "\u6210\u90fd\u5112\u98ce\u9152\u5e97", "order_time": ["2019-01-26 01:30:16"], "total_order": 1, "hotel_value": ["4.6"], "hotel_price": ["222"]}, "2313397": {"hotel_name": "\u6c49\u5ead\u9152\u5e97(\u6210\u90fd\u9886\u4e8b\u9986\u8def\u5e97)", "order_time": ["2019-01-26 01:30:16"], "total_order": 1, "hotel_value": ["4.4"], "hotel_price": ["196"]}, "9149862": {"hotel_name": "\u9e97\u67ab\u9152\u5e97(\u6210\u90fd\u8700\u90fd\u4e07\u8fbe\u5e7f\u573a\u5e97)", "order_time": ["2019-01-26 01:30:16"], "total_order": 1, "hotel_value": ["4.8"], "hotel_price": ["216"]}, "1816884": {"hotel_name": "\u6210\u90fd\u4e5d\u773c\u6865\u9890\u548c\u9152\u5e97", "order_time": ["2019-01-26 01:30:16"], "total_order": 1, "hotel_value": ["4.7"], "hotel_price": ["229"]}, "1212541": {"hotel_name": "\u6210\u90fd\u878d\u6295\u9152\u5e97", "order_time": ["2019-01-26 01:30:17"], "total_order": 1, "hotel_value": ["4.7"], "hotel_price": ["298"]}, "425831": {"hotel_name": "\u6210\u90fd\u65af\u7ef4\u767b\u5ea6\u5047\u516c\u5bd3(\u9526\u91cc\u6b66\u4faf\u7960\u9e6d\u5c9b\u56fd\u9645)", "order_time": ["2019-01-26 01:30:18"], "total_order": 1, "hotel_value": ["4.6"], "hotel_price": ["167"]}, "2085698": {"hotel_name": "\u6210\u90fd\u7231\u5c1a\u9152\u5e97", "order_time": ["2019-01-26 01:30:19"], "total_order": 1, "hotel_value": ["4.7"], "hotel_price": ["285"]}, "845155": {"hotel_name": "7\u5929\u8fde\u9501\u9152\u5e97(\u6210\u90fd\u706b\u8f66\u5357\u7ad9\u5e97)", "order_time": ["2019-01-26 01:30:22"], "total_order": 1, "hotel_value": ["4.3"], "hotel_price": ["156"]}, "13411952": {"hotel_name": "\u6210\u90fd\u767e\u57ce\u540d\u4eba\u9152\u5e97", "order_time": ["2019-01-26 01:30:23"], "total_order": 1, "hotel_value": ["3.9"], "hotel_price": ["127"]}, "1747876": {"hotel_name": "\u5927\u9091\u897f\u5cad\u5c71\u5e84", "order_time": ["2019-01-26 01:31:57"], "total_order": 1, "hotel_value": ["4.6"], "hotel_price": ["168"]}, "1429794": {"hotel_name": "\u90fd\u6c5f\u5830\u4e2d\u5fc3\u5047\u65e5\u9152\u5e97", "order_time": ["2019-01-26 01:32:03"], "total_order": 1, "hotel_value": ["4.7"], "hotel_price": ["308"]}, "12651667": {"hotel_name": "\u9526\u5929\u5927\u9152\u5e97\uff08\u909b\u5d03\u9f0e\u76db\u65f6\u4ee3\u5e7f\u573a\u5e97\uff09", "order_time": ["2019-01-26 01:32:05"], "total_order": 1, "hotel_value": ["4.6"], "hotel_price": ["242"]}, "447569": {"hotel_name": "\u9526\u6c5f\u4e4b\u661f(\u6210\u90fd\u5bbd\u7a84\u5df7\u5b50\u91d1\u4ed9\u6865\u5e97)", "order_time": ["2019-01-26 01:33:04", "2019-01-26 01:41:37"], "total_order": 2, "hotel_value": ["4.5", "4.5"], "hotel_price": ["139", "139"]}, "433478": {"hotel_name": "\u6210\u90fd\u5929\u9091\u56fd\u9645\u9152\u5e97", "order_time": ["2019-01-26 01:33:05"], "total_order": 1, "hotel_value": ["4.5"], "hotel_price": ["389"]}, "1593971": {"hotel_name": "\u817e\u8f89\u7cbe\u54c1\u9152\u5e97(\u6210\u90fd\u73e0\u6c5f\u5e7f\u573a\u5e97)", "order_time": ["2019-01-26 01:33:05"], "total_order": 1, "hotel_value": ["4.7"], "hotel_price": ["206"]}, "3687533": {"hotel_name": "\u6210\u90fd\u84c9\u5357\u56fd\u9645\u9152\u5e97(\u539f\u91d1\u57df\u540d\u4eba\u56fd\u9645\u9152\u5e97)", "order_time": ["2019-01-26 01:33:05"], "total_order": 1, "hotel_value": ["4.7"], "hotel_price": ["286"]}, "6859410": {"hotel_name": "\u5b9c\u5c1a\u9152\u5e97(\u6210\u90fd\u5efa\u8bbe\u8defSM\u5e7f\u573a\u5e97)(\u539f\u7535\u5b50\u79d1\u6280\u5927\u5b66\u5e97)", "order_time": ["2019-01-26 01:33:05"], "total_order": 1, "hotel_value": ["4.8"], "hotel_price": ["255"]}, "28484081": {"hotel_name": "\u6210\u90fd\u84dd\u57ce\u60a6\u674f\u6e29\u6cc9\u7f8e\u98df\u9152\u5e97", "order_time": ["2019-01-26 01:33:06"], "total_order": 1, "hotel_value": ["4.9"], "hotel_price": ["429"]}, "17899658": {"hotel_name": "\u9b45\u57ce\u51ef\u51a0\u9152\u5e97(\u6210\u90fd\u897f\u7ad9\u9752\u7f8a\u4e07\u8fbe\u5e97)", "order_time": ["2019-01-26 01:33:06", "2019-01-26 01:47:34"], "total_order": 2, "hotel_value": ["4.8", "4.8"], "hotel_price": ["282", "282"]}, "643701": {"hotel_name": "\u6210\u90fd\u4e0a\u5c42\u540d\u4eba\u9152\u5e97", "order_time": ["2019-01-26 01:33:06"], "total_order": 1, "hotel_value": ["4.6"], "hotel_price": ["336"]}, "431970": {"hotel_name": "\u6210\u90fd\u77f3\u5316\u56fd\u9645\u9152\u5e97", "order_time": ["2019-01-26 01:33:06"], "total_order": 1, "hotel_value": ["4.5"], "hotel_price": ["342"]}, "2708798": {"hotel_name": "S\u8bbe\u8ba1\u5e08\u9152\u5e97(\u6210\u90fd\u5bbd\u7a84\u5df7\u5b50\u5e97)", "order_time": ["2019-01-26 01:33:07"], "total_order": 1, "hotel_value": ["4.7"], "hotel_price": ["417"]}, "1988406": {"hotel_name": "\u6210\u90fd\u827a\u5bb6\u57ce\u5e02\u9152\u5e97", "order_time": ["2019-01-26 01:33:08"], "total_order": 1, "hotel_value": ["4.7"], "hotel_price": ["299"]}, "8600884": {"hotel_name": "\u901f8\u9152\u5e97(\u6210\u90fd\u706b\u8f66\u4e1c\u7ad9\u5e97)", "order_time": ["2019-01-26 01:33:12"], "total_order": 1, "hotel_value": ["4.6"], "hotel_price": ["198"]}, "1666127": {"hotel_name": "\u6210\u90fd\u5c3c\u4f9d\u683c\u7f57\u9152\u5e97", "order_time": ["2019-01-26 01:33:12", "2019-01-26 02:15:28"], "total_order": 2, "hotel_value": ["4.8", "4.8"], "hotel_price": ["1552", "1552"]}, "6520632": {"hotel_name": "\u6210\u90fd\u9ad8\u65b0\u79a7\u73a5\u9152\u5e97", "order_time": ["2019-01-26 01:33:13", "2019-01-26 02:39:26", "2019-01-26 01:47:26"], "total_order": 3, "hotel_value": ["4.7", "4.7", "4.7"], "hotel_price": ["436", "436", "436"]}, "438300": {"hotel_name": "\u6210\u90fd\u8776\u6765\u82b1\u534a\u9152\u5e97(\u539f\u6210\u90fd\u5e03\u8863\u5ba2\u6808)", "order_time": ["2019-01-26 01:33:13"], "total_order": 1, "hotel_value": ["4.7"], "hotel_price": ["217"]}, "842965": {"hotel_name": "\u6210\u90fd\u9606\u4e2d\u5927\u9152\u5e97", "order_time": ["2019-01-26 01:53:08", "2019-01-26 01:33:14"], "total_order": 2, "hotel_value": ["4.4", "4.4"], "hotel_price": ["251", "251"]}, "1372232": {"hotel_name": "\u9f99\u6e56\u9152\u5e97(\u6210\u90fd\u5efa\u8bbe\u8def\u5e97)", "order_time": ["2019-01-26 01:33:14"], "total_order": 1, "hotel_value": ["4.5"], "hotel_price": ["149"]}, "996064": {"hotel_name": "\u6210\u90fd\u5ce8\u7709\u96ea\u82bd\u5927\u9152\u5e97", "order_time": ["2019-01-26 01:53:15", "2019-01-26 01:33:15"], "total_order": 2, "hotel_value": ["4.6", "4.6"], "hotel_price": ["400", "400"]}, "3450802": {"hotel_name": "\u8317\u5c71\u5c45\u4e3b\u9898\u9152\u5e97(\u6210\u90fd\u53cc\u6d41\u7a7a\u6e2f\u56fd\u9645\u673a\u573a\u5e97)", "order_time": ["2019-01-26 01:33:15"], "total_order": 1, "hotel_value": ["4.7"], "hotel_price": ["161"]}, "1673686": {"hotel_name": "\u9b45\u57ce\u9152\u5e97(\u6210\u90fd\u706b\u8f66\u4e1c\u7ad9\u5e97)", "order_time": ["2019-01-26 01:33:16"], "total_order": 1, "hotel_value": ["4.7"], "hotel_price": ["176"]}, "2116855": {"hotel_name": "\u901f8\u9152\u5e97(\u6210\u90fd\u5ddd\u5927\u897f\u95e8\u5e97)", "order_time": ["2019-01-26 01:33:16"], "total_order": 1, "hotel_value": ["4.2"], "hotel_price": ["133"]}, "10901851": {"hotel_name": "\u6210\u90fd\u516e\u5ba2\u9152\u5e97", "order_time": ["2019-01-26 01:33:17"], "total_order": 1, "hotel_value": ["4.5"], "hotel_price": ["162"]}, "13572211": {"hotel_name": "7\u5929\u4f18\u54c1\u9152\u5e97(\u6210\u90fd\u706b\u8f66\u4e1c\u7ad9\u5e97)", "order_time": ["2019-01-26 01:33:18"], "total_order": 1, "hotel_value": ["4.6"], "hotel_price": ["199"]}, "455395": {"hotel_name": "\u4f73\u8363\u7ef4\u9601\u9152\u5e97(\u6210\u90fd\u6625\u7199\u8def\u592a\u53e4\u91cc\u5e97)(\u539fSM\u5e7f\u573a\u4e1c\u90ca\u8bb0\u5fc6\u5e97)", "order_time": ["2019-01-26 01:33:21"], "total_order": 1, "hotel_value": ["4.7"], "hotel_price": ["188"]}, "2043005": {"hotel_name": "7\u5929\u8fde\u9501\u9152\u5e97(\u6210\u90fd\u5185\u53cc\u6960\u5927\u77f3\u897f\u8def\u5e97)", "order_time": ["2019-01-26 01:33:21"], "total_order": 1, "hotel_value": ["4.6"], "hotel_price": ["129"]}, "2305490": {"hotel_name": "\u6210\u90fd\u534e\u6668\u6620\u8c61\u5546\u52a1\u9152\u5e97", "order_time": ["2019-01-26 01:33:22"], "total_order": 1, "hotel_value": ["4.5"], "hotel_price": ["118"]}, "9194797": {"hotel_name": "\u6210\u90fd\u60a6\u767b\u9152\u5e97", "order_time": ["2019-01-26 01:33:23"], "total_order": 1, "hotel_value": ["4.6"], "hotel_price": ["181"]}, "15330348": {"hotel_name": "\u5927\u7c73\u667a\u80fd\u9152\u5e97(\u6210\u90fd\u706b\u8f66\u4e1c\u7ad9\u5e97)", "order_time": ["2019-01-26 01:33:23"], "total_order": 1, "hotel_value": ["4.8"], "hotel_price": ["247"]}, "4456046": {"hotel_name": "\u6210\u90fd\u53cc\u91d1\u827a\u672f\u9152\u5e97", "order_time": ["2019-01-26 01:33:30"], "total_order": 1, "hotel_value": ["4.0"], "hotel_price": ["123"]}, "28708474": {"hotel_name": "\u6210\u90fd\u60a6\u5149\u5e74\u516c\u5bd3", "order_time": ["2019-01-26 01:35:02"], "total_order": 1, "hotel_value": ["4.5"], "hotel_price": ["154"]}, "2048079": {"hotel_name": "\u90fd\u6c5f\u5830\u9752\u57ce\u5c71\u539f\u77f3\u6ee9\u9152\u5e97", "order_time": ["2019-01-26 01:35:04", "2019-01-26 01:37:41"], "total_order": 2, "hotel_value": ["4.7", "4.7"], "hotel_price": ["648", "648"]}, "757286": {"hotel_name": "\u90fd\u6c5f\u5830\u6bbf\u5ead\u7cbe\u54c1\u9152\u5e97", "order_time": ["2019-01-26 01:35:05"], "total_order": 1, "hotel_value": ["4.5"], "hotel_price": ["132"]}, "501737": {"hotel_name": "\u6210\u90fd\u4ec1\u548c\u6625\u5929\u9152\u5e97", "order_time": ["2019-01-26 01:35:56"], "total_order": 1, "hotel_value": ["4.9"], "hotel_price": ["888"]}, "375513": {"hotel_name": "\u6210\u90fd\u699b\u60a6\u9686\u5821\u9152\u5e97", "order_time": ["2019-01-26 01:35:56"], "total_order": 1, "hotel_value": ["4.6"], "hotel_price": ["626"]}, "684413": {"hotel_name": "\u6210\u90fd\u9ad8\u65b0\u8c6a\u751f\u5927\u9152\u5e97", "order_time": ["2019-01-26 01:35:56"], "total_order": 1, "hotel_value": ["4.6"], "hotel_price": ["616"]}, "2298634": {"hotel_name": "\u8d5b\u5bb6\u9152\u5e97(\u6210\u90fd\u6625\u7199\u8def\u5e97)", "order_time": ["2019-01-26 01:53:14", "2019-01-26 01:35:57"], "total_order": 2, "hotel_value": ["4.1", "4.1"], "hotel_price": ["145", "145"]}, "445244": {"hotel_name": "\u68a8\u5ead\u9152\u5e97(\u6210\u90fd\u5929\u5e9c\u5e7f\u573a\u5e97)", "order_time": ["2019-01-26 01:35:58"], "total_order": 1, "hotel_value": ["4.5"], "hotel_price": ["171"]}, "7835644": {"hotel_name": "\u897f\u91d1\u9152\u5e97(\u6210\u90fd\u53cc\u6d41\u56fd\u9645\u673a\u573a\u5e97)", "order_time": ["2019-01-26 01:35:58"], "total_order": 1, "hotel_value": ["4.6"], "hotel_price": ["182"]}, "1315505": {"hotel_name": "\u6210\u90fd\u661f\u745e\u7f8e\u4e3d\u534e\u9152\u5e97", "order_time": ["2019-01-26 01:35:58"], "total_order": 1, "hotel_value": ["4.6"], "hotel_price": ["228"]}, "393106": {"hotel_name": "\u6210\u90fd\u82b1\u56ed\u57ce\u5927\u9152\u5e97", "order_time": ["2019-01-26 01:35:59"], "total_order": 1, "hotel_value": ["4.6"], "hotel_price": ["265"]}, "1648380": {"hotel_name": "\u5609\u7acb\u9152\u5e97\u7cbe\u9009(\u6210\u90fd\u5bbd\u7a84\u5df7\u5b50\u5e97)", "order_time": ["2019-01-26 01:36:01"], "total_order": 1, "hotel_value": ["4.7"], "hotel_price": ["202"]}, "6039114": {"hotel_name": "\u6210\u90fd\u6d77\u4f26\u67cf\u60a6\u9152\u5e97", "order_time": ["2019-01-26 01:36:03"], "total_order": 1, "hotel_value": ["4.5"], "hotel_price": ["305"]}, "1366980": {"hotel_name": "\u6210\u90fd\u718a\u732b\u7af9\u97f5\u6587\u5316\u9152\u5e97", "order_time": ["2019-01-26 01:36:05"], "total_order": 1, "hotel_value": ["4.6"], "hotel_price": ["203"]}, "26359616": {"hotel_name": "\u901f8\u9152\u5e97(\u6210\u90fd\u592a\u5347\u8def\u5e97)", "order_time": ["2019-01-26 01:36:08"], "total_order": 1, "hotel_value": ["4.8"], "hotel_price": ["156"]}, "5916436": {"hotel_name": "\u592a\u53e4\u6676\u745e\u9152\u5e97\u516c\u5bd3(\u6210\u90fd\u6625\u7199\u8def\u592a\u53e4\u91cc\u5e97)", "order_time": ["2019-01-26 01:36:08"], "total_order": 1, "hotel_value": ["4.9"], "hotel_price": ["753"]}, "14775556": {"hotel_name": "\u6210\u90fd\u76db\u661f\u57ce\u8fde\u9501\u9152\u5e97", "order_time": ["2019-01-26 01:36:12"], "total_order": 1, "hotel_value": ["4.4"], "hotel_price": ["163"]}, "3994214": {"hotel_name": "\u6210\u90fd\u8c27\u8bed\u5ea6\u5047\u516c\u5bd3", "order_time": ["2019-01-26 01:36:14"], "total_order": 1, "hotel_value": ["4.7"], "hotel_price": ["262"]}, "21132716": {"hotel_name": "\u6210\u90fd\u6625\u7199\u7f8e\u5c45\u9152\u5e97", "order_time": ["2019-01-26 01:36:20", "2019-01-26 02:33:59"], "total_order": 2, "hotel_value": ["4.7", "4.7"], "hotel_price": ["399", "399"]}, "750817": {"hotel_name": "\u65b0\u6d25\u6d25\u60e0\u5927\u9152\u5e97", "order_time": ["2019-01-26 02:19:45", "2019-01-26 01:38:13", "2019-01-26 02:43:59"], "total_order": 3, "hotel_value": ["4.4", "4.4", "4.4"], "hotel_price": ["188", "188", "188"]}, "2314554": {"hotel_name": "\u897f\u59c6\u7ff0\u58a8\u9152\u5e97(\u6210\u90fd\u6625\u7199\u592a\u53e4\u91cc\u5e97)", "order_time": ["2019-01-26 01:38:13"], "total_order": 1, "hotel_value": ["4.8"], "hotel_price": ["366"]}, "2883077": {"hotel_name": "\u6210\u90fd\u5955\u5c45\u9152\u5e97(\u539f\u5b89\u7eb3\u897f\u9152\u5e97\u6210\u90fd\u4e16\u7eaa\u57ce\u65b0\u4f1a\u5c55\u4e2d\u5fc3\u5e97)", "order_time": ["2019-01-26 01:38:53"], "total_order": 1, "hotel_value": ["4.6"], "hotel_price": ["268"]}, "2031227": {"hotel_name": "\u6210\u90fd\u5341\u516b\u6b65\u5c9b\u9152\u5e97", "order_time": ["2019-01-26 01:38:53"], "total_order": 1, "hotel_value": ["4.6"], "hotel_price": ["88"]}, "17361631": {"hotel_name": "\u7530\u6a59\u4f11\u95f2\u5ea6\u5047\u516c\u5bd3(\u6210\u90fd\u9aa1\u9a6c\u5e02\u5730\u94c1\u7ad9\u5e97)", "order_time": ["2019-01-26 01:38:55"], "total_order": 1, "hotel_value": ["4.8"], "hotel_price": ["172"]}, "17017314": {"hotel_name": "IU\u9152\u5e97(\u6210\u90fd\u9a77\u9a6c\u6865\u662d\u89c9\u5bfa\u5730\u94c1\u5e97)", "order_time": ["2019-01-26 01:47:28", "2019-01-26 01:38:55", "2019-01-26 01:58:45"], "total_order": 3, "hotel_value": ["4.8", "4.8", "4.8"], "hotel_price": ["128", "128", "128"]}, "456981": {"hotel_name": "\u6210\u90fd\u4f0a\u4e3d\u7279\u9152\u5e97", "order_time": ["2019-01-26 01:38:59"], "total_order": 1, "hotel_value": ["4.6"], "hotel_price": ["184"]}, "6050481": {"hotel_name": "\u6210\u90fd\u8302\u4e1aJW\u4e07\u8c6a\u9152\u5e97", "order_time": ["2019-01-26 01:38:59"], "total_order": 1, "hotel_value": ["4.7"], "hotel_price": ["1047"]}, "6490758": {"hotel_name": "\u6210\u90fd\u675c\u752b\u8349\u5802\u4e9a\u6735\u9152\u5e97", "order_time": ["2019-01-26 01:39:00"], "total_order": 1, "hotel_value": ["4.8"], "hotel_price": ["370"]}, "13914661": {"hotel_name": "\u7f8e\u8c6a\u4e3d\u81f4\u9152\u5e97(\u6210\u90fd\u9ad8\u65b0\u5e97)", "order_time": ["2019-01-26 01:39:01"], "total_order": 1, "hotel_value": ["4.9"], "hotel_price": ["458"]}, "1404495": {"hotel_name": "\u6607\u534e\u53f0\u5927\u9152\u5e97(\u6210\u90fd\u6b22\u4e50\u8c37\u5e97)", "order_time": ["2019-01-26 01:39:06"], "total_order": 1, "hotel_value": ["4.5"], "hotel_price": ["194"]}, "3464011": {"hotel_name": "\u6210\u90fd\u58f9\u9152\u5e97", "order_time": ["2019-01-26 01:39:07"], "total_order": 1, "hotel_value": ["4.4"], "hotel_price": ["403"]}, "6186492": {"hotel_name": "1314\u60c5\u4fa3\u4e3b\u9898\u9152\u5e97(\u6210\u90fd\u6881\u5bb6\u5df7\u5e97)", "order_time": ["2019-01-26 02:26:30", "2019-01-26 01:39:07"], "total_order": 2, "hotel_value": ["4.0", "4.0"], "hotel_price": ["174", "174"]}, "994346": {"hotel_name": "\u5982\u5bb6\u5feb\u6377\u9152\u5e97(\u6210\u90fd\u5bbd\u7a84\u5df7\u5b50\u629a\u7434\u5e97)(\u539f\u4e00\u73af\u8def\u897f\u4e09\u6bb5\u629a\u7434\u5e97)", "order_time": ["2019-01-26 01:39:07"], "total_order": 1, "hotel_value": ["4.2"], "hotel_price": ["101"]}, "2225617": {"hotel_name": "\u6210\u90fd\u820d\u6c76\u9ad8\u6500\u9152\u5e97", "order_time": ["2019-01-26 01:39:08"], "total_order": 1, "hotel_value": ["4.5"], "hotel_price": ["193"]}, "6286812": {"hotel_name": "\u6210\u90fd\u5efa\u6797\u5bbe\u9986", "order_time": ["2019-01-26 01:39:09"], "total_order": 1, "hotel_value": ["4.0"], "hotel_price": ["70"]}, "901395": {"hotel_name": "7\u5929\u8fde\u9501\u9152\u5e97(\u6210\u90fd\u6b66\u4faf\u7960\u4f53\u80b2\u5b66\u9662\u5e97)", "order_time": ["2019-01-26 01:39:09"], "total_order": 1, "hotel_value": ["4.4"], "hotel_price": ["146"]}, "1194699": {"hotel_name": "\u6210\u90fd\u718a\u732b\u592b\u4eba\u9752\u5e74\u65c5\u820d", "order_time": ["2019-01-26 01:39:15"], "total_order": 1, "hotel_value": ["4.6"], "hotel_price": ["28"]}, "6939912": {"hotel_name": "\u9e3f\u946b\u62db\u5f85\u6240\uff08\u6210\u90fd\u534e\u897f\u533b\u9662\u5e97\uff09", "order_time": ["2019-01-26 01:39:17"], "total_order": 1, "hotel_value": ["4.0"], "hotel_price": ["190"]}, "2078770": {"hotel_name": "\u6210\u90fd\u987a\u548c\u9a7f\u7ad9", "order_time": ["2019-01-26 01:39:21"], "total_order": 1, "hotel_value": ["4.3"], "hotel_price": ["64"]}, "697625": {"hotel_name": "\u90fd\u6c5f\u5830\u4e16\u7eaa\u9752\u57ce\u5927\u9152\u5e97", "order_time": ["2019-01-26 01:40:13"], "total_order": 1, "hotel_value": ["4.3"], "hotel_price": ["198"]}, "21744538": {"hotel_name": "\u897f\u5cad\u96ea\u5c71\u82b1\u7530\u6708\u820d\u6c11\u5bbf\u9152\u5e97", "order_time": ["2019-01-26 01:40:18"], "total_order": 1, "hotel_value": ["4.1"], "hotel_price": ["398"]}, "710729": {"hotel_name": "\u909b\u5d03\u5170\u5ead\u5927\u9152\u5e97", "order_time": ["2019-01-26 01:40:20"], "total_order": 1, "hotel_value": ["4.6"], "hotel_price": ["267"]}, "1136963": {"hotel_name": "\u5d07\u5dde\u6ee8\u6c5f\u5370\u8c61\u9152\u5e97", "order_time": ["2019-01-26 01:40:22"], "total_order": 1, "hotel_value": ["4.5"], "hotel_price": ["89"]}, "1525957": {"hotel_name": "\u91d1\u5802\u5609\u4e00\u5feb\u6377\u9152\u5e97", "order_time": ["2019-01-26 01:40:25"], "total_order": 1, "hotel_value": ["4.0"], "hotel_price": ["83"]}, "1855522": {"hotel_name": "\u6210\u90fd\u767e\u6e2f\u56fd\u9645\u9152\u5e97", "order_time": ["2019-01-26 01:41:39"], "total_order": 1, "hotel_value": ["4.2"], "hotel_price": ["279"]}, "2853278": {"hotel_name": "\u4ea4\u96c6\u7ebf\u7cbe\u54c1\u9152\u5e97(\u6210\u90fd\u4e07\u8c61\u57ce\u4e1c\u7ad9\u5e97)", "order_time": ["2019-01-26 01:41:46"], "total_order": 1, "hotel_value": ["4.7"], "hotel_price": ["240"]}, "1500803": {"hotel_name": "\u83ab\u6cf0168(\u6210\u90fd\u5bbd\u7a84\u5df7\u5b50\u5e97)", "order_time": ["2019-01-26 01:41:47"], "total_order": 1, "hotel_value": ["4.6"], "hotel_price": ["152"]}, "2284289": {"hotel_name": "\u541b\u9038\u9152\u5e97(\u6210\u90fd\u6b22\u4e50\u8c37\u706b\u8f66\u5317\u7ad9\u5e97)", "order_time": ["2019-01-26 01:41:48"], "total_order": 1, "hotel_value": ["4.4"], "hotel_price": ["156"]}, "15343608": {"hotel_name": "\u4e91\u5b5a\u91cc\u9152\u5e97(\u6210\u90fd\u91d1\u6c99\u9057\u5740\u5e97)", "order_time": ["2019-01-26 01:41:48"], "total_order": 1, "hotel_value": ["4.6"], "hotel_price": ["217"]}, "2651022": {"hotel_name": "\u6210\u90fdmini\u9601\u8c03\u7cbe\u54c1\u5ea6\u5047\u516c\u5bd3", "order_time": ["2019-01-26 01:41:49"], "total_order": 1, "hotel_value": ["4.8"], "hotel_price": ["143"]}, "2304873": {"hotel_name": "\u6210\u90fd\u897f\u6eaa\u9152\u5e97", "order_time": ["2019-01-26 02:12:39", "2019-01-26 01:41:54"], "total_order": 2, "hotel_value": ["4.7", "4.7"], "hotel_price": ["164", "164"]}, "6080961": {"hotel_name": "\u6210\u90fd\u4e24\u6c5f\u4e94\u53f7\u9152\u5e97", "order_time": ["2019-01-26 01:42:07"], "total_order": 1, "hotel_value": ["4.5"], "hotel_price": ["154"]}, "3184561": {"hotel_name": "\u7b80\u9633\u7b80\u60a6\u9152\u5e97(\u539f\u96c5\u90e1\u9152\u5e97)", "order_time": ["2019-01-26 02:22:29", "2019-01-26 01:54:54", "2019-01-26 01:43:32"], "total_order": 3, "hotel_value": ["4.8", "4.8", "4.8"], "hotel_price": ["205", "205", "205"]}, "1217980": {"hotel_name": "\u82b1\u6c34\u6e7e\u7b2c\u4e00\u6751\u6e29\u6cc9\u5927\u9152\u5e97", "order_time": ["2019-01-26 01:43:34", "2019-01-26 01:51:55", "2019-01-26 02:05:59"], "total_order": 3, "hotel_value": ["4.6", "4.6", "4.6"], "hotel_price": ["1446", "1446", "1446"]}, "28582706": {"hotel_name": "\u82b1\u6c34\u6e7e\u521d\u5fc3\u516c\u5bd3", "order_time": ["2019-01-26 01:43:35"], "total_order": 1, "hotel_value": ["5.0"], "hotel_price": ["411"]}, "1941998": {"hotel_name": "\u84b2\u6c5f\u82f1\u6f9c\u6cb3\u7554\u9152\u5e97(\u77f3\u8c61\u6e56\u5e97)", "order_time": ["2019-01-26 01:43:41"], "total_order": 1, "hotel_value": ["4.6"], "hotel_price": ["352"]}, "2298828": {"hotel_name": "\u51ef\u5bbe\u8fde\u9501\u9152\u5e97(\u6210\u90fd\u9999\u69df\u5e97)", "order_time": ["2019-01-26 01:44:29"], "total_order": 1, "hotel_value": ["3.9"], "hotel_price": ["158"]}, "779097": {"hotel_name": "\u6210\u90fd\u70ac\u68ee\u00b7\u8d5b\u7eb3\u7ef4\u5927\u9152\u5e97", "order_time": ["2019-01-26 01:44:31"], "total_order": 1, "hotel_value": ["4.7"], "hotel_price": ["130"]}, "896713": {"hotel_name": "7\u5929\u8fde\u9501\u9152\u5e97(\u6210\u90fd\u53cc\u6d41\u56fd\u9645\u673a\u573a\u5e97)", "order_time": ["2019-01-26 01:44:31"], "total_order": 1, "hotel_value": ["4.4"], "hotel_price": ["116"]}, "453334": {"hotel_name": "\u6210\u90fd\u793c\u987f\u9152\u5e97(\u6625\u7199\u5e97)", "order_time": ["2019-01-26 01:44:33"], "total_order": 1, "hotel_value": ["4.6"], "hotel_price": ["203"]}, "1012894": {"hotel_name": "\u51ef\u5bbe\u8fde\u9501\u9152\u5e97(\u6210\u90fd\u725b\u738b\u5e99\u5730\u94c1\u7ad9\u5e97)(\u539f\u4e1c\u6052\u5e97)", "order_time": ["2019-01-26 01:44:33"], "total_order": 1, "hotel_value": ["3.9"], "hotel_price": ["159"]}, "453142": {"hotel_name": "\u56fe\u817e\u94c2\u91d1\u9152\u5e97(\u6210\u90fd\u4eba\u6c11\u5357\u8def\u7f8e\u9886\u9986\u5e97)", "order_time": ["2019-01-26 02:28:47", "2019-01-26 01:44:33", "2019-01-26 02:23:23"], "total_order": 3, "hotel_value": ["4.7", "4.7", "4.7"], "hotel_price": ["463", "463", "463"]}, "9036726": {"hotel_name": "\u5168\u5b63\u9152\u5e97(\u6210\u90fd\u592a\u53e4\u91cc\u6ee8\u6c5f\u8def\u5e97)", "order_time": ["2019-01-26 01:44:35"], "total_order": 1, "hotel_value": ["4.8"], "hotel_price": ["339"]}, "21071602": {"hotel_name": "S FEEL\u8bbe\u8ba1\u5e08\u9152\u5e97(\u9ad8\u65b0\u5e97)", "order_time": ["2019-01-26 01:44:36"], "total_order": 1, "hotel_value": ["4.8"], "hotel_price": ["336"]}, "2578863": {"hotel_name": "\u7530\u56ed\u5c71\u6c34\u9152\u5e97(\u6210\u90fd\u73af\u7403\u4e2d\u5fc3\u5e97)", "order_time": ["2019-01-26 01:44:37"], "total_order": 1, "hotel_value": ["4.7"], "hotel_price": ["217"]}, "2035720": {"hotel_name": "\u5a01\u767b\u9152\u5e97(\u6210\u90fd\u6625\u7199\u8def\u5e97)", "order_time": ["2019-01-26 01:44:43"], "total_order": 1, "hotel_value": ["4.4"], "hotel_price": ["144"]}, "1875407": {"hotel_name": "\u83ab\u6cf0168(\u6210\u90fd\u65b0\u4f1a\u5c55\u4e2d\u5fc3\u5e97)", "order_time": ["2019-01-26 01:44:44"], "total_order": 1, "hotel_value": ["4.6"], "hotel_price": ["136"]}, "2302801": {"hotel_name": "\u6d3e\u9152\u5e97(\u6210\u90fd\u65b0\u90fd\u5b9d\u5149\u5e7f\u573a\u5e97)(\u539f\u897f\u5317\u5bbe\u9986)", "order_time": ["2019-01-26 01:44:45"], "total_order": 1, "hotel_value": ["4.7"], "hotel_price": ["116"]}, "803512": {"hotel_name": "\u6210\u90fd\u9526\u5b87\u9152\u5e97", "order_time": ["2019-01-26 01:44:48"], "total_order": 1, "hotel_value": ["4.5"], "hotel_price": ["233"]}, "28648283": {"hotel_name": "\u6210\u90fd\u6021\u5ef7\u9152\u5e97", "order_time": ["2019-01-26 01:44:50"], "total_order": 1, "hotel_value": ["5.0"], "hotel_price": ["154"]}, "2301925": {"hotel_name": "\u6210\u90fd\u67ef\u5c3c\u8fbe\u9152\u5e97(\u539f\u65b0\u5df4\u5ba2\u5546\u52a1\u9152\u5e97)", "order_time": ["2019-01-26 01:44:53"], "total_order": 1, "hotel_value": ["4.3"], "hotel_price": ["143"]}, "1835284": {"hotel_name": "\u53cc\u6d41\u805a\u7f18\u516c\u5bd3", "order_time": ["2019-01-26 01:45:20"], "total_order": 1, "hotel_value": ["4.7"], "hotel_price": ["52"]}, "659206": {"hotel_name": "\u5d07\u5dde\u4e2d\u80dc\u5927\u9152\u5e97", "order_time": ["2019-01-26 01:46:25", "2019-01-26 02:30:08"], "total_order": 2, "hotel_value": ["4.5", "4.5"], "hotel_price": ["421", "421"]}, "436979": {"hotel_name": "\u6210\u90fd\u7eff\u6d32\u5927\u9152\u5e97", "order_time": ["2019-01-26 01:47:25"], "total_order": 1, "hotel_value": ["4.7"], "hotel_price": ["268"]}, "2036397": {"hotel_name": "\u6210\u90fd\u535a\u820d", "order_time": ["2019-01-26 01:50:30", "2019-01-26 01:47:26"], "total_order": 2, "hotel_value": ["4.7", "4.7"], "hotel_price": ["1646", "1646"]}, "470094": {"hotel_name": "\u6210\u90fd\u745e\u57ce\u540d\u4eba\u9152\u5e97", "order_time": ["2019-01-26 01:47:26"], "total_order": 1, "hotel_value": ["4.8"], "hotel_price": ["358"]}, "435194": {"hotel_name": "\u6210\u90fd\u57ce\u5e02\u540d\u4eba\u9152\u5e97", "order_time": ["2019-01-26 01:47:26"], "total_order": 1, "hotel_value": ["4.7"], "hotel_price": ["498"]}, "447131": {"hotel_name": "\u6021\u5bb6\u9152\u5e97\u7cbe\u9009(\u6210\u90fd\u53cc\u6d41\u8f66\u7ad9\u5e7f\u573a\u5e97)", "order_time": ["2019-01-26 01:47:29"], "total_order": 1, "hotel_value": ["4.7"], "hotel_price": ["196"]}, "447124": {"hotel_name": "\u6021\u5bb6\u57ce\u5e02\u9152\u5e97(\u6210\u90fd\u53cc\u6d41\u57ce\u5317\u5e97)", "order_time": ["2019-01-26 01:47:32"], "total_order": 1, "hotel_value": ["4.8"], "hotel_price": ["171"]}, "5642885": {"hotel_name": "\u6210\u90fd\u7a7a\u6e2f\u673a\u573a\u9152\u5e97", "order_time": ["2019-01-26 01:47:34"], "total_order": 1, "hotel_value": ["4.6"], "hotel_price": ["94"]}, "4695878": {"hotel_name": "\u4e3d\u67ab\u9152\u5e97(\u6210\u90fd\u79d1\u534e\u5317\u8def\u56db\u5ddd\u5927\u5b66\u5e97)", "order_time": ["2019-01-26 01:47:34"], "total_order": 1, "hotel_value": ["4.6"], "hotel_price": ["248"]}, "2592745": {"hotel_name": "\u84c9\u57ce\u5047\u65e5\u9152\u5e97(\u6210\u90fd\u4e07\u8c61\u57ce\u5e97)", "order_time": ["2019-01-26 01:47:35"], "total_order": 1, "hotel_value": ["4.6"], "hotel_price": ["194"]}, "15812015": {"hotel_name": "\u6210\u90fd\u4e00\u6728\u4f9d\u5c45\u9152\u5e97", "order_time": ["2019-01-26 01:47:35"], "total_order": 1, "hotel_value": ["4.6"], "hotel_price": ["197"]}, "6053587": {"hotel_name": "\u85e4\u83ef\u9152\u5e97(\u6210\u90fd\u662d\u89c9\u5bfa\u5730\u94c1\u7ad9\u9a77\u9a6c\u6865\u5e97)", "order_time": ["2019-01-26 01:47:37"], "total_order": 1, "hotel_value": ["4.6"], "hotel_price": ["154"]}, "8045818": {"hotel_name": "\u6210\u90fdCarol\u73af\u7403\u670d\u52a1\u5f0f\u516c\u5bd3", "order_time": ["2019-01-26 01:47:38"], "total_order": 1, "hotel_value": ["4.6"], "hotel_price": ["254"]}, "445852": {"hotel_name": "\u535a\u5c14\u7279\u9152\u5e97(\u6210\u90fd\u4e5d\u773c\u6865\u5ddd\u97f3\u5ddd\u5927\u5e97)", "order_time": ["2019-01-26 01:47:39"], "total_order": 1, "hotel_value": ["4.4"], "hotel_price": ["169"]}, "25695722": {"hotel_name": "\u7ef4\u4e5f\u7eb3\u9152\u5e97(\u6210\u90fd\u706b\u8f66\u5317\u7ad9\u5317\u5e7f\u573a\u5e97)", "order_time": ["2019-01-26 01:47:39"], "total_order": 1, "hotel_value": ["4.7"], "hotel_price": ["200"]}, "4494552": {"hotel_name": "\u5982\u5bb6\u5feb\u6377\u9152\u5e97(\u6210\u90fd\u7ea2\u724c\u697c\u5730\u94c1\u7ad9\u5e97)(\u539f\u7ea2\u724c\u697c\u9ad8\u5347\u6865\u5e97)", "order_time": ["2019-01-26 01:47:39", "2019-01-26 02:07:19"], "total_order": 2, "hotel_value": ["4.6", "4.6"], "hotel_price": ["169", "169"]}, "2153122": {"hotel_name": "\u5e03\u4e01\u9152\u5e97(\u6210\u90fd\u79d1\u534e\u5317\u8def\u5ddd\u5927\u5317\u95e8\u5e97)", "order_time": ["2019-01-26 01:47:54"], "total_order": 1, "hotel_value": ["4.0"], "hotel_price": ["113"]}, "691064": {"hotel_name": "\u6210\u90fd\u5929\u53cb\u56fd\u9645\u9152\u5e97", "order_time": ["2019-01-26 01:49:03"], "total_order": 1, "hotel_value": ["4.5"], "hotel_price": ["318"]}, "669021": {"hotel_name": "\u6210\u90fd\u84c9\u57ce\u6620\u8c61\u56fd\u9645\u9152\u5e97", "order_time": ["2019-01-26 01:50:23"], "total_order": 1, "hotel_value": ["4.1"], "hotel_price": ["358"]}, "1707759": {"hotel_name": "\u51ef\u7f8e\u9152\u5e97(\u6210\u90fd\u6625\u7199\u8def\u4e5d\u773c\u6865\u5e97)", "order_time": ["2019-01-26 01:50:25"], "total_order": 1, "hotel_value": ["4.8"], "hotel_price": ["247"]}, "1692646": {"hotel_name": "\u6210\u90fd\u6021\u5bb6\u82b1\u6d77\u6ea2\u90fd\u9152\u5e97", "order_time": ["2019-01-26 01:50:25"], "total_order": 1, "hotel_value": ["4.6"], "hotel_price": ["143"]}, "25371628": {"hotel_name": "\u6210\u90fd\u5343\u5c7f\u8d5b\u7eb3\u7ef4\u9152\u5e97", "order_time": ["2019-01-26 01:50:29"], "total_order": 1, "hotel_value": ["4.9"], "hotel_price": ["246"]}, "5795181": {"hotel_name": "\u6210\u90fd\u9f99\u4e4b\u68a6\u745e\u5cf0\u56fd\u9645\u9152\u5e97", "order_time": ["2019-01-26 01:50:30"], "total_order": 1, "hotel_value": ["4.5"], "hotel_price": ["338"]}, "5250150": {"hotel_name": "\u6210\u90fd\u58f9\u90fd\u9526\u9152\u5e97\u5f0f\u670d\u52a1\u516c\u5bd3", "order_time": ["2019-01-26 01:50:30"], "total_order": 1, "hotel_value": ["4.7"], "hotel_price": ["322"]}, "6869720": {"hotel_name": "\u6210\u90fd\u4e16\u8302\u8302\u5fa1\u9152\u5e97", "order_time": ["2019-01-26 01:50:30"], "total_order": 1, "hotel_value": ["4.7"], "hotel_price": ["622"]}, "416176": {"hotel_name": "\u6210\u90fd\u6cf0\u5408\u7d22\u83f2\u7279\u5927\u996d\u5e97", "order_time": ["2019-01-26 01:50:30"], "total_order": 1, "hotel_value": ["4.6"], "hotel_price": ["595"]}, "2271814": {"hotel_name": "\u6210\u90fd\u4e09\u5ce1\u516c\u5bd3\u9152\u5e97", "order_time": ["2019-01-26 01:50:31"], "total_order": 1, "hotel_value": ["4.7"], "hotel_price": ["409"]}, "23567278": {"hotel_name": "\u901f8\u9152\u5e97(\u6210\u90fd\u6b66\u4faf\u7acb\u4ea4\u5730\u94c1\u7ad9\u7cbe\u54c1\u5e97)", "order_time": ["2019-01-26 01:50:31"], "total_order": 1, "hotel_value": ["4.8"], "hotel_price": ["222"]}, "1582870": {"hotel_name": "\u5c71\u6c34\u65f6\u5c1a\u9152\u5e97(\u6210\u90fd\u4e5d\u773c\u6865\u5e97)(\u539f\u4e5d\u773c\u6865\u725b\u738b\u5e99\u5730\u94c1\u7ad9\u5e97)", "order_time": ["2019-01-26 01:50:32"], "total_order": 1, "hotel_value": ["4.6"], "hotel_price": ["189"]}, "2266226": {"hotel_name": "\u6210\u90fd\u5e1d\u9526\u5927\u9152\u5e97", "order_time": ["2019-01-26 01:50:35"], "total_order": 1, "hotel_value": ["4.5"], "hotel_price": ["168"]}, "2299937": {"hotel_name": "\u51ef\u5bbe\u8fde\u9501\u9152\u5e97(\u6210\u90fd\u5609\u56ed\u5e97)", "order_time": ["2019-01-26 01:50:37"], "total_order": 1, "hotel_value": ["4.3"], "hotel_price": ["153"]}, "1196950": {"hotel_name": "\u6210\u90fd\u4e01\u9999\u82b1\u4e3b\u9898\u9152\u5e97", "order_time": ["2019-01-26 01:50:39", "2019-01-26 02:07:29"], "total_order": 2, "hotel_value": ["3.8", "3.8"], "hotel_price": ["168", "168"]}, "2301916": {"hotel_name": "7\u5929\u8fde\u9501\u9152\u5e97(\u6210\u90fd\u662d\u89c9\u5bfa\u5357\u8def\u5730\u94c1\u7ad9\u5e97)(\u539f\u662d\u89c9\u5bfa\u6c7d\u8f66\u7ad9\u5e97)", "order_time": ["2019-01-26 01:50:39"], "total_order": 1, "hotel_value": ["4.4"], "hotel_price": ["101"]}, "1608950": {"hotel_name": "\u826f\u6668\u9152\u5e97(\u6210\u90fd\u5730\u94c1\u524d\u950b\u8def\u7ad9\u5e97)", "order_time": ["2019-01-26 01:50:42"], "total_order": 1, "hotel_value": ["4.4"], "hotel_price": ["82"]}, "994342": {"hotel_name": "\u5982\u5bb6\u5feb\u6377\u9152\u5e97(\u6210\u90fd\u6b66\u4faf\u5927\u9053\u5730\u94c1\u7ad9\u5e97)", "order_time": ["2019-01-26 01:50:46"], "total_order": 1, "hotel_value": ["4.7"], "hotel_price": ["139"]}, "26205114": {"hotel_name": "\u6210\u90fd\u543e\u60a6\u65f6\u5c1a\u9152\u5e97", "order_time": ["2019-01-26 01:50:47"], "total_order": 1, "hotel_value": [0], "hotel_price": ["198"]}, "6728313": {"hotel_name": "\u6210\u90fd\u5927\u7c73\u667a\u80fd\u9152\u5e97", "order_time": ["2019-01-26 01:50:49"], "total_order": 1, "hotel_value": ["4.6"], "hotel_price": ["163"]}, "2726606": {"hotel_name": "\u6210\u90fd\u7701\u8f66\u7ad9\u5feb\u6377\u9152\u5e97", "order_time": ["2019-01-26 01:51:02"], "total_order": 1, "hotel_value": ["4.3"], "hotel_price": ["88"]}, "6552930": {"hotel_name": "\u6021\u5bb6\u94c2\u96c5\u540d\u4eba\u9152\u5e97(\u5d07\u5dde\u5e97)", "order_time": ["2019-01-26 01:51:49"], "total_order": 1, "hotel_value": ["4.7"], "hotel_price": ["160"]}, "1580847": {"hotel_name": "\u5d07\u5149\u5927\u9152\u5e97(\u5d07\u5dde\u5927\u9152\u5e97)", "order_time": ["2019-01-26 01:51:49"], "total_order": 1, "hotel_value": ["4.5"], "hotel_price": ["127"]}, "437914": {"hotel_name": "\u5d07\u5dde\u8857\u5b50\u53e4\u9547\u9752\u57ce\u56ed\u6cb3\u7554\u82b1\u56ed\u9152\u5e97", "order_time": ["2019-01-26 01:51:55"], "total_order": 1, "hotel_value": ["4.3"], "hotel_price": ["300"]}, "8589668": {"hotel_name": "\u6210\u90fd\u6a59\u4e50\u516c\u5bd3\u5916\u5149\u534e\u4e07\u8fbe\u5e97", "order_time": ["2019-01-26 01:53:07"], "total_order": 1, "hotel_value": ["4.7"], "hotel_price": ["194"]}, "8016736": {"hotel_name": "\u6210\u90fd\u65af\u7ef4\u767b\u7cbe\u54c1\u9152\u5e97\u516c\u5bd3(\u73af\u7403\u4e2d\u5fc3)", "order_time": ["2019-01-26 01:53:08"], "total_order": 1, "hotel_value": ["4.7"], "hotel_price": ["273"]}, "2301354": {"hotel_name": "\u51ef\u5bbe\u8fde\u9501\u9152\u5e97(\u6210\u90fd\u4e50\u6021\u5e97)", "order_time": ["2019-01-26 01:53:09"], "total_order": 1, "hotel_value": ["4.4"], "hotel_price": ["189"]}, "16485244": {"hotel_name": "\u6210\u90fd\u5361\u5c14\u4e39\u9152\u5e97\u516c\u5bd3", "order_time": ["2019-01-26 01:53:11", "2019-01-26 02:04:18"], "total_order": 2, "hotel_value": ["4.8", "4.8"], "hotel_price": ["187", "187"]}, "23801920": {"hotel_name": "\u6210\u90fd\u57c3\u5fb7\u8499\u987f\u670d\u52a1\u516c\u5bd3", "order_time": ["2019-01-26 01:53:12"], "total_order": 1, "hotel_value": ["4.7"], "hotel_price": ["200"]}, "425825": {"hotel_name": "\u6210\u90fd\u9999\u683c\u91cc\u62c9\u5927\u9152\u5e97", "order_time": ["2019-01-26 01:53:13"], "total_order": 1, "hotel_value": ["4.7"], "hotel_price": ["999"]}, "4029585": {"hotel_name": "\u6210\u90fd\u65b0\u4f1a\u5c55\u4e9a\u6735\u9152\u5e97", "order_time": ["2019-01-26 01:53:15"], "total_order": 1, "hotel_value": ["4.8"], "hotel_price": ["333"]}, "8650215": {"hotel_name": "\u5586\u5561\u9152\u5e97(\u6210\u90fd\u53cc\u6d41\u56fd\u9645\u673a\u573a\u5e97)", "order_time": ["2019-01-26 01:53:15"], "total_order": 1, "hotel_value": ["4.7"], "hotel_price": ["223"]}, "15881552": {"hotel_name": "\u6728\u6728\u9152\u5e97\u516c\u5bd3(\u6210\u90fd\u6625\u7199\u8def\u5bbd\u7a84\u5df7\u5b50\u5e97)", "order_time": ["2019-01-26 01:53:15"], "total_order": 1, "hotel_value": ["4.8"], "hotel_price": ["193"]}, "2869643": {"hotel_name": "\u65f6\u4ee3\u5929\u5e9c\u9152\u5e97(\u6210\u90fd\u4e16\u7eaa\u57ce\u4f1a\u5c55\u4e2d\u5fc3\u5e97)", "order_time": ["2019-01-26 01:53:21"], "total_order": 1, "hotel_value": ["4.8"], "hotel_price": ["279"]}, "3733543": {"hotel_name": "\u6210\u90fd\u96c5\u90fd\u5546\u52a1\u5bbe\u9986", "order_time": ["2019-01-26 01:53:24"], "total_order": 1, "hotel_value": ["4.4"], "hotel_price": ["103"]}, "6337578": {"hotel_name": "\u7a7a\u6e2f\u53cb\u5bb6\u9152\u5e97(\u6210\u90fd\u53cc\u6d41\u56fd\u9645\u673a\u573a\u7a7a\u6e2f\u57ce\u5e97)(\u539f\u53cc\u6d41\u56fd\u9645\u673a\u573a\u822a\u7a7a\u6e2f\u5ddd\u5927\u5e97)", "order_time": ["2019-01-26 01:53:24"], "total_order": 1, "hotel_value": ["4.5"], "hotel_price": ["134"]}, "8546825": {"hotel_name": "\u6210\u90fd\u5e02\u5b89\u4fe1\u6c11\u5c45\u7cbe\u54c1\u516c\u5bd3", "order_time": ["2019-01-26 01:53:33"], "total_order": 1, "hotel_value": ["3.7"], "hotel_price": ["102"]}, "10685888": {"hotel_name": "\u548c\u67ab\u9152\u5e97(\u6210\u90fd\u90eb\u90fd\u4e07\u8fbe\u5e7f\u573a\u5e97)", "order_time": ["2019-01-26 01:53:39"], "total_order": 1, "hotel_value": ["4.7"], "hotel_price": ["183"]}, "1605816": {"hotel_name": "\u6210\u90fd\u5929\u5e9c\u7f8e\u4e3d\u534e\u9152\u5e97", "order_time": ["2019-01-26 01:53:47"], "total_order": 1, "hotel_value": ["4.1"], "hotel_price": ["131"]}, "765797": {"hotel_name": "\u6210\u90fd\u6e29\u6c5f\u541b\u60a6\u5546\u52a1\u5bbe\u9986", "order_time": ["2019-01-26 01:53:56"], "total_order": 1, "hotel_value": ["4.2"], "hotel_price": ["61"]}, "1467368": {"hotel_name": "\u6210\u90fd\u660a\u68ee\u5bbe\u9986", "order_time": ["2019-01-26 01:53:56"], "total_order": 1, "hotel_value": ["3.6"], "hotel_price": ["88"]}, "1798850": {"hotel_name": "\u6960\u6cf0\u8fde\u9501\u9152\u5e97(\u5d07\u5dde\u5e97)", "order_time": ["2019-01-26 01:54:49"], "total_order": 1, "hotel_value": ["4.8"], "hotel_price": ["173"]}, "6791557": {"hotel_name": "\u6210\u90fd\u5929\u5e9c\u667a\u9009\u5047\u65e5\u9152\u5e97", "order_time": ["2019-01-26 01:54:54"], "total_order": 1, "hotel_value": ["4.3"], "hotel_price": ["389"]}, "5246688": {"hotel_name": "\u53cb\u4f73\u4e3b\u9898\u9152\u5e97\uff08\u5f6d\u5dde\u897f\u534e\u5927\u5b66\u5e97\uff09", "order_time": ["2019-01-26 01:54:57"], "total_order": 1, "hotel_value": ["4.5"], "hotel_price": ["154"]}, "2041806": {"hotel_name": "\u9752\u6850\u57ce\u5e02\u9152\u5e97(\u6210\u90fd\u5bbd\u7a84\u5df7\u5b50\u5e97)", "order_time": ["2019-01-26 01:57:59", "2019-01-26 01:55:20", "2019-01-26 01:58:15", "2019-01-26 01:58:06", "2019-01-26 01:58:14"], "total_order": 5, "hotel_value": ["4.8", "4.8", "4.8", "4.8", "4.8"], "hotel_price": ["293", "293", "293", "293", "293"]}, "1192526": {"hotel_name": "\u745e\u601d\u7279\u9152\u5e97(\u6210\u90fd\u6625\u7199\u592a\u53e4\u91cc\u5e97)(\u539f\u6625\u7199\u5370\u8c61\u5e97)", "order_time": ["2019-01-26 01:55:20"], "total_order": 1, "hotel_value": ["4.7"], "hotel_price": ["278"]}, "6346365": {"hotel_name": "\u9690\u6816\u5802\u9152\u5e97(\u6210\u90fd\u675c\u752b\u8349\u5802\u5e97)", "order_time": ["2019-01-26 01:55:20"], "total_order": 1, "hotel_value": ["4.8"], "hotel_price": ["395"]}, "17973693": {"hotel_name": "\u5e0c\u5cb8Deluxe\u9152\u5e97(\u6210\u90fd\u6625\u7199\u8def\u592a\u53e4\u91cc\u5e97)", "order_time": ["2019-01-26 01:55:53"], "total_order": 1, "hotel_value": ["4.8"], "hotel_price": ["286"]}, "1066373": {"hotel_name": "\u6210\u90fd\u745e\u5409\u9152\u5e97", "order_time": ["2019-01-26 01:55:55", "2019-01-26 02:04:20"], "total_order": 2, "hotel_value": ["4.8", "4.8"], "hotel_price": ["1098", "1098"]}, "28709136": {"hotel_name": "\u6210\u90fd\u666f\u6f9c\u7f8e\u5c45\u9152\u5e97", "order_time": ["2019-01-26 01:55:55"], "total_order": 1, "hotel_value": ["4.9"], "hotel_price": ["359"]}, "1334161": {"hotel_name": "\u5c1a\u9526\u548c\u7f8e\u9152\u5e97(\u6210\u90fd\u7389\u6797\u6b66\u4faf\u7960\u5e97)", "order_time": ["2019-01-26 01:55:56", "2019-01-26 02:31:25"], "total_order": 2, "hotel_value": ["4.8", "4.8"], "hotel_price": ["254", "254"]}, "1433612": {"hotel_name": "\u57fa\u51c6\u9152\u5e97(\u6210\u90fd\u9e4f\u745e\u5229\u4e2d\u575d\u5730\u94c1\u7ad9\u5e97)", "order_time": ["2019-01-26 01:55:57"], "total_order": 1, "hotel_value": ["4.5"], "hotel_price": ["191"]}, "1208283": {"hotel_name": "\u5982\u5bb6\u5feb\u6377\u9152\u5e97(\u6210\u90fd\u7389\u6797\u751f\u6d3b\u5e7f\u573a\u5e97)", "order_time": ["2019-01-26 01:55:58"], "total_order": 1, "hotel_value": ["4.7"], "hotel_price": ["161"]}, "2006213": {"hotel_name": "\u6210\u90fd\u6175\u61d2\u4e3b\u9898\u5ba2\u6808", "order_time": ["2019-01-26 01:56:03"], "total_order": 1, "hotel_value": ["4.2"], "hotel_price": ["122"]}, "7106890": {"hotel_name": "\u6210\u90fd\u6052\u9f0e\u4e16\u7eaa\u9152\u5e97", "order_time": ["2019-01-26 01:56:05"], "total_order": 1, "hotel_value": ["4.7"], "hotel_price": ["298"]}, "2333410": {"hotel_name": "\u597d\u83b1\u65af\u767b\u9152\u5e97(\u6210\u90fd\u9a77\u9a6c\u6865\u52a8\u7269\u56ed\u5730\u94c1\u7ad9\u5e97)", "order_time": ["2019-01-26 01:56:06"], "total_order": 1, "hotel_value": ["4.4"], "hotel_price": ["123"]}, "2600889": {"hotel_name": "\u67cf\u4e3d24\u574a\u4e3b\u9898\u9152\u5e97(\u6210\u90fd\u53cc\u6d41\u673a\u573a\u5e97)", "order_time": ["2019-01-26 01:56:07"], "total_order": 1, "hotel_value": ["4.5"], "hotel_price": ["164"]}, "19539323": {"hotel_name": "\u94c2\u91d1\u65f6\u4ee3\u9152\u5e97(\u6210\u90fd\u8700\u90fd\u4e07\u8fbe\u5e97)", "order_time": ["2019-01-26 01:58:49"], "total_order": 1, "hotel_value": ["4.7"], "hotel_price": ["185"]}, "2017624": {"hotel_name": "\u6210\u90fd\u7f8e\u5ead\u9152\u5e97", "order_time": ["2019-01-26 01:58:51"], "total_order": 1, "hotel_value": ["4.1"], "hotel_price": ["153"]}, "6509805": {"hotel_name": "\u7ef4\u4e5f\u7eb3\u9152\u5e97(\u6210\u90fd\u5927\u4e30\u5730\u94c1\u7ad9\u5e97)", "order_time": ["2019-01-26 01:58:52"], "total_order": 1, "hotel_value": ["4.9"], "hotel_price": ["227"]}, "16115860": {"hotel_name": "\u6210\u90fd\u601d\u5904\u79c1\u5b9a\u9152\u5e97", "order_time": ["2019-01-26 01:58:52"], "total_order": 1, "hotel_value": ["4.7"], "hotel_price": ["873"]}, "2031292": {"hotel_name": "\u901f8\u9152\u5e97(\u6210\u90fd\u706b\u8f66\u5317\u7ad9\u4e94\u5757\u77f3\u5e97)", "order_time": ["2019-01-26 01:58:52"], "total_order": 1, "hotel_value": ["3.9"], "hotel_price": ["102"]}, "24610790": {"hotel_name": "\u6210\u90fd\u6717\u5764\u5347\u9152\u5e97\u5f0f\u516c\u5bd3(\u539fTAB\u6b47\u4f1a\u513f\u516c\u5bd3)", "order_time": ["2019-01-26 01:58:54"], "total_order": 1, "hotel_value": ["4.7"], "hotel_price": ["223"]}, "8552166": {"hotel_name": "\u6210\u90fd\u6e29\u99a8\u5c0f\u7a9d\u4f4f\u5bbf", "order_time": ["2019-01-26 01:58:56"], "total_order": 1, "hotel_value": ["3.4"], "hotel_price": ["88"]}, "17265814": {"hotel_name": "\u683c\u6797\u8c6a\u6cf0(\u6210\u90fd\u52a8\u7269\u56ed\u662d\u89c9\u5bfa\u5357\u8def\u5730\u94c1\u7ad9)", "order_time": ["2019-01-26 01:59:00"], "total_order": 1, "hotel_value": ["4.6"], "hotel_price": ["159"]}, "25689213": {"hotel_name": "\u6210\u90fd\u81fb\u7231\u60c5\u4fa3\u4e3b\u9898\u9152\u5e97", "order_time": ["2019-01-26 01:59:02"], "total_order": 1, "hotel_value": ["5.0"], "hotel_price": ["183"]}, "1581226": {"hotel_name": "\u5927\u9091\u5b89\u9038\u95f2\u5ead\u9152\u5e97", "order_time": ["2019-01-26 01:59:56"], "total_order": 1, "hotel_value": ["4.1"], "hotel_price": ["104"]}, "25696056": {"hotel_name": "\u9752\u57ce\u5c71\u00b7\u82b1\u90e1\u6e29\u6cc9\u5ea6\u5047\u522b\u5885", "order_time": ["2019-01-26 02:00:04"], "total_order": 1, "hotel_value": ["4.9"], "hotel_price": ["588"]}, "890063": {"hotel_name": "\u9526\u6c5f\u4e4b\u661f\u98ce\u5c1a(\u6210\u90fd\u53cc\u6d41\u56fd\u9645\u673a\u573a\u5e97)", "order_time": ["2019-01-26 02:01:21"], "total_order": 1, "hotel_value": ["4.5"], "hotel_price": ["149"]}, "5387987": {"hotel_name": "\u6210\u90fd\u5916\u53cc\u6960\u5e0c\u5c14\u987f\u6b22\u670b\u9152\u5e97", "order_time": ["2019-01-26 02:01:30"], "total_order": 1, "hotel_value": ["4.9"], "hotel_price": ["378"]}, "926121": {"hotel_name": "\u597d\u9038SMART\u9152\u5e97(\u6210\u90fd\u6625\u7199\u592a\u53e4\u91cc\u5e97)", "order_time": ["2019-01-26 02:01:30"], "total_order": 1, "hotel_value": ["4.7"], "hotel_price": ["198"]}, "2303428": {"hotel_name": "\u6210\u90fd\u8054\u68ee\u9152\u5e97", "order_time": ["2019-01-26 02:01:34"], "total_order": 1, "hotel_value": ["4.5"], "hotel_price": ["183"]}, "28477083": {"hotel_name": "\u79c1\u60a6\u9152\u5e97(\u6210\u90fd\u53cc\u6d41\u673a\u573a\u4e07\u8fbe\u5e97)", "order_time": ["2019-01-26 02:01:37"], "total_order": 1, "hotel_value": ["4.9"], "hotel_price": ["187"]}, "2469883": {"hotel_name": "\u9a6c\u4e01\u516c\u5bd3(\u6210\u90fd\u5b75\u5316\u56ed\u5730\u94c1\u73af\u7403\u4e2d\u5fc3\u5e97)", "order_time": ["2019-01-26 02:01:41"], "total_order": 1, "hotel_value": ["4.8"], "hotel_price": ["231"]}, "2298708": {"hotel_name": "\u84b2\u6c5f\u9e64\u90fd\u4eb2\u5b50\u4f1a\u8bae\u5ea6\u5047\u9152\u5e97", "order_time": ["2019-01-26 02:03:21"], "total_order": 1, "hotel_value": ["4.5"], "hotel_price": ["131"]}, "1804900": {"hotel_name": "\u5d07\u5dde\u7ea2\u8fbe\u957f\u8fd0\u9152\u5e97", "order_time": ["2019-01-26 02:03:24"], "total_order": 1, "hotel_value": ["3.7"], "hotel_price": ["58"]}, "2032870": {"hotel_name": "\u65b0\u6d25\u745e\u901a\u65c5\u9986", "order_time": ["2019-01-26 02:03:31"], "total_order": 1, "hotel_value": [0], "hotel_price": ["30"]}, "12644012": {"hotel_name": "\u6210\u90fd\u5f52\u7d20\u9152\u5e97", "order_time": ["2019-01-26 02:04:16"], "total_order": 1, "hotel_value": ["4.7"], "hotel_price": ["231"]}, "1490013": {"hotel_name": "\u79c1\u4eab\u5bb6\u00b7\u76db\u94c2\u4ed5\u4e39\u5ea6\u5047\u516c\u5bd3(\u6210\u90fd\u9e6d\u5c9b\u5e97)", "order_time": ["2019-01-26 02:04:16"], "total_order": 1, "hotel_value": ["4.8"], "hotel_price": ["199"]}, "6396021": {"hotel_name": "\u6210\u90fd\u8bb0\u5fc6\u7cbe\u9009\u9152\u5e97", "order_time": ["2019-01-26 02:04:21"], "total_order": 1, "hotel_value": ["4.7"], "hotel_price": ["210"]}, "15088814": {"hotel_name": "\u5586\u5561\u9152\u5e97(\u6210\u90fd\u706b\u8f66\u5357\u7ad9\u5e97)(\u539f\u795e\u4ed9\u6811\u673a\u573a\u5e97)", "order_time": ["2019-01-26 02:04:24", "2019-01-26 02:07:16"], "total_order": 2, "hotel_value": ["4.8", "4.8"], "hotel_price": ["228", "228"]}, "2943667": {"hotel_name": "\u901f8\u9152\u5e97\u6210\u90fd\u4e94\u5927\u82b1\u56ed\u91d1\u6960\u5929\u8857\u5e97", "order_time": ["2019-01-26 02:04:25", "2019-01-26 02:23:33"], "total_order": 2, "hotel_value": ["4.6", "4.6"], "hotel_price": ["168", "168"]}, "1516901": {"hotel_name": "\u6210\u90fd\u7ef4\u5bb6\u65af\u9152\u5e97", "order_time": ["2019-01-26 02:04:25"], "total_order": 1, "hotel_value": ["4.1"], "hotel_price": ["154"]}, "1594098": {"hotel_name": "\u6210\u90fd\u8302\u6587\u5927\u9152\u5e97", "order_time": ["2019-01-26 02:04:33"], "total_order": 1, "hotel_value": ["4.6"], "hotel_price": ["212"]}, "1707589": {"hotel_name": "\u76db\u94c2\u4ed5\u4e39\u9152\u5e97(\u6210\u90fd\u91d1\u878d\u57ce\u5e97)", "order_time": ["2019-01-26 02:07:06"], "total_order": 1, "hotel_value": ["4.7"], "hotel_price": ["244"]}, "431508": {"hotel_name": "\u6210\u90fd\u534e\u654f\u541b\u8c6a\u9152\u5e97", "order_time": ["2019-01-26 02:07:11"], "total_order": 1, "hotel_value": ["4.7"], "hotel_price": ["409"]}, "686853": {"hotel_name": "\u6210\u90fd\u5f17\u5c3c\u987f\u9152\u5e97", "order_time": ["2019-01-26 02:07:13"], "total_order": 1, "hotel_value": ["4.4"], "hotel_price": ["262"]}, "2300207": {"hotel_name": "\u51ef\u5bbe\u9152\u5e97(\u6210\u90fd\u5e9c\u9752\u5e97)", "order_time": ["2019-01-26 02:07:14"], "total_order": 1, "hotel_value": ["4.1"], "hotel_price": ["163"]}, "17350115": {"hotel_name": "\u4e07\u7231\u60c5\u4fa3\u9152\u5e97(\u6210\u90fd\u6b66\u4faf\u7960\u5e97)", "order_time": ["2019-01-26 02:07:16"], "total_order": 1, "hotel_value": ["4.8"], "hotel_price": ["254"]}, "435688": {"hotel_name": "\u6210\u90fd\u4e1c\u5927\u660e\u5b87\u8c6a\u96c5\u996d\u5e97", "order_time": ["2019-01-26 02:07:21"], "total_order": 1, "hotel_value": ["4.8"], "hotel_price": ["778"]}, "25678720": {"hotel_name": "\u4e16\u5bb6\u5546\u52a1\u5bbe\u9986(\u6210\u90fd\u53cc\u6d41\u673a\u573a\u5e97)", "order_time": ["2019-01-26 02:07:22"], "total_order": 1, "hotel_value": ["4.3"], "hotel_price": ["97"]}, "5979637": {"hotel_name": "\u6210\u90fd\u673a\u573a\u822a\u5929\u5546\u52a1\u9152\u5e97", "order_time": ["2019-01-26 02:31:28", "2019-01-26 02:07:24"], "total_order": 2, "hotel_value": ["4.3", "4.3"], "hotel_price": ["108", "111"]}, "1841724": {"hotel_name": "\u84c9\u57ce\u5047\u65e5\u9152\u5e97(\u6210\u90fd\u6625\u7199\u7389\u53cc\u8def\u5e97)", "order_time": ["2019-01-26 02:07:24"], "total_order": 1, "hotel_value": ["4.6"], "hotel_price": ["171"]}, "1210677": {"hotel_name": "\u96c5\u4f4f158\u8fde\u9501\u9152\u5e97(\u6210\u90fd\u6625\u7199\u8def\u5e97)", "order_time": ["2019-01-26 02:07:26"], "total_order": 1, "hotel_value": ["4.7"], "hotel_price": ["123"]}, "5620429": {"hotel_name": "\u661f\u7a0b\u9152\u5e97(\u6210\u90fd\u6625\u7199\u592a\u5347\u8def\u5e97)", "order_time": ["2019-01-26 02:07:27"], "total_order": 1, "hotel_value": ["4.4"], "hotel_price": ["120"]}, "1739871": {"hotel_name": "\u6210\u90fd\u5609\u534e\u9152\u5e97", "order_time": ["2019-01-26 02:07:27"], "total_order": 1, "hotel_value": ["4.0"], "hotel_price": ["94"]}, "23876021": {"hotel_name": "\u6210\u90fd\u7a7a\u6e2f\u516b\u5ea6\u6c11\u5bbf", "order_time": ["2019-01-26 02:07:33"], "total_order": 1, "hotel_value": [0], "hotel_price": ["104"]}, "768552": {"hotel_name": "\u5927\u9091\u5ddd\u6e1d\u5ead\u82d1", "order_time": ["2019-01-26 02:08:25", "2019-01-26 02:19:20"], "total_order": 2, "hotel_value": ["4.7", "4.7"], "hotel_price": ["375", "375"]}, "6287313": {"hotel_name": "\u6210\u90fd\u5bbd\u7a84\u5df7\u5b50\u5e0c\u5c14\u987f\u6b22\u670b\u9152\u5e97", "order_time": ["2019-01-26 02:09:03", "2019-01-26 02:11:44"], "total_order": 2, "hotel_value": ["4.8", "4.8"], "hotel_price": ["428", "428"]}, "29200622": {"hotel_name": "\u6210\u90fdCCHotle", "order_time": ["2019-01-26 02:09:49"], "total_order": 1, "hotel_value": ["4.8"], "hotel_price": ["128"]}, "859149": {"hotel_name": "\u6210\u90fd\u9ad8\u65b0\u4e9a\u6735\u9152\u5e97", "order_time": ["2019-01-26 02:09:56"], "total_order": 1, "hotel_value": ["4.9"], "hotel_price": ["441"]}, "1372635": {"hotel_name": "\u6210\u90fd\u8ffd\u9a6c\u5361\u62c9\u9152\u5e97", "order_time": ["2019-01-26 02:09:57"], "total_order": 1, "hotel_value": ["4.3"], "hotel_price": ["232"]}, "2156398": {"hotel_name": "\u6210\u90fd\u81ea\u7531\u65f6\u9152\u5e97", "order_time": ["2019-01-26 02:10:02"], "total_order": 1, "hotel_value": ["3.6"], "hotel_price": ["88"]}, "1895304": {"hotel_name": "\u5927\u9091\u8c0a\u7f8e\u65af\u9152\u5e97", "order_time": ["2019-01-26 02:11:18"], "total_order": 1, "hotel_value": ["4.7"], "hotel_price": ["163"]}, "468322": {"hotel_name": "\u6210\u90fd\u7d22\u83f2\u65af\u9526\u82d1\u5bbe\u9986", "order_time": ["2019-01-26 02:11:44"], "total_order": 1, "hotel_value": ["4.9"], "hotel_price": ["498"]}, "17141288": {"hotel_name": "\u7c73\u5a05\u8f7b\u5962\u56fd\u9645\u5ea6\u5047\u9152\u5e97(\u6210\u90fd\u9ad8\u65b0\u4ec1\u548c\u6625\u5929\u65d7\u8230\u5e97)", "order_time": ["2019-01-26 02:12:27"], "total_order": 1, "hotel_value": ["4.8"], "hotel_price": ["306"]}, "28635826": {"hotel_name": "\u6210\u90fd\u7a7a\u6e2f\u5ea6\u5047\u5546\u52a1\u9152\u5e97", "order_time": ["2019-01-26 02:12:30"], "total_order": 1, "hotel_value": ["4.6"], "hotel_price": ["90"]}, "1195595": {"hotel_name": "D6 Hotel(\u6210\u90fd\u6b66\u4faf\u7960\u5e97)(\u539f\u661f\u5ea7\u4e3b\u9898\u9152\u5e97\u53cc\u6960\u5e97)", "order_time": ["2019-01-26 02:12:33"], "total_order": 1, "hotel_value": ["4.6"], "hotel_price": ["146"]}, "6503611": {"hotel_name": "\u6210\u90fd\u6234\u5c14\u8499\u9152\u5e97", "order_time": ["2019-01-26 02:12:34"], "total_order": 1, "hotel_value": ["4.8"], "hotel_price": ["263"]}, "1802644": {"hotel_name": "\u897f\u683c\u9152\u5e97(\u6210\u90fd\u897f\u5357\u4ea4\u5927\u5e97)", "order_time": ["2019-01-26 02:12:39"], "total_order": 1, "hotel_value": ["4.4"], "hotel_price": ["173"]}, "2305997": {"hotel_name": "\u6210\u90fd\u91d1\u9f99\u9152\u5e97", "order_time": ["2019-01-26 02:12:45"], "total_order": 1, "hotel_value": ["4.4"], "hotel_price": ["193"]}, "7214379": {"hotel_name": "\u4f73\u9a7f\u7cbe\u54c1\u9152\u5e97(\u6210\u90fd\u5929\u8a89\u5e97)", "order_time": ["2019-01-26 02:12:46"], "total_order": 1, "hotel_value": ["4.6"], "hotel_price": ["160"]}, "16018831": {"hotel_name": "\u57ce\u5e02\u4fbf\u6377\u9152\u5e97(\u6210\u90fd\u6280\u5e08\u5b66\u9662\u5e97)(\u539f\u4e2d\u94c1\u94f6\u674f\u5e7f\u573a\u5e97)", "order_time": ["2019-01-26 02:12:46"], "total_order": 1, "hotel_value": ["4.8"], "hotel_price": ["144"]}, "23945236": {"hotel_name": "\u6210\u90fd\u822a\u7a7a\u5927\u9152\u5e97", "order_time": ["2019-01-26 02:12:47"], "total_order": 1, "hotel_value": ["4.5"], "hotel_price": ["133"]}, "481009": {"hotel_name": "\u5e03\u4e01\u9152\u5e97\u6210\u90fd\u5bbd\u7a84\u5df7\u5b50\u5317\u65b0\u57ce\u5e02\u5e7f\u573a\u5e97", "order_time": ["2019-01-26 02:13:14"], "total_order": 1, "hotel_value": ["4.2"], "hotel_price": ["50"]}, "5910593": {"hotel_name": "\u9e97\u67ab\u9152\u5e97(\u6210\u90fd\u7ea2\u724c\u697c\u5730\u94c1\u7ad9\u5e97)", "order_time": ["2019-01-26 02:15:23"], "total_order": 1, "hotel_value": ["4.8"], "hotel_price": ["328"]}, "5695253": {"hotel_name": "\u5982\u5bb6\u7cbe\u9009\u9152\u5e97(\u6210\u90fd\u706b\u8f66\u4e1c\u7ad9\u6210\u6e1d\u7acb\u4ea4\u5730\u94c1\u7ad9\u5e97)", "order_time": ["2019-01-26 02:15:24"], "total_order": 1, "hotel_value": ["4.8"], "hotel_price": ["279"]}, "12132933": {"hotel_name": "\u6210\u90fd\u9605\u660e\u9152\u5e97", "order_time": ["2019-01-26 02:15:24"], "total_order": 1, "hotel_value": ["4.9"], "hotel_price": ["326"]}, "1914408": {"hotel_name": "\u6210\u90fd\u534e\u897f\u5bbe\u9986", "order_time": ["2019-01-26 02:15:26"], "total_order": 1, "hotel_value": ["4.2"], "hotel_price": ["166"]}, "435698": {"hotel_name": "\u6210\u90fd\u5e1d\u76db\u541b\u8c6a\u9152\u5e97", "order_time": ["2019-01-26 02:36:56", "2019-01-26 02:15:28"], "total_order": 2, "hotel_value": ["4.6", "4.6"], "hotel_price": ["400", "400"]}, "419441": {"hotel_name": "\u6210\u90fd\u5ddd\u6e2f\u56fd\u9645\u9152\u5e97", "order_time": ["2019-01-26 02:15:28"], "total_order": 1, "hotel_value": ["4.3"], "hotel_price": ["183"]}, "8683106": {"hotel_name": "\u7ef4\u4e5f\u7eb3\u9152\u5e97(\u6210\u90fd\u73e0\u6c5f\u5e7f\u573a\u5e97)", "order_time": ["2019-01-26 02:15:28"], "total_order": 1, "hotel_value": ["4.9"], "hotel_price": ["296"]}, "6052538": {"hotel_name": "\u5982\u5bb6\u7d20\u67cf\u00b7\u4e91\u9152\u5e97(\u6210\u90fd\u662d\u89c9\u5bfa\u5357\u8def\u5730\u94c1\u7ad9\u9a77\u9a6c\u6865\u5e97)", "order_time": ["2019-01-26 02:15:30"], "total_order": 1, "hotel_value": ["4.8"], "hotel_price": ["199"]}, "1395210": {"hotel_name": "\u5bd3\u5c0a\u7cbe\u54c1\u516c\u5bd3(\u6210\u90fd\u6625\u7199\u8def\u5e97)", "order_time": ["2019-01-26 02:15:32"], "total_order": 1, "hotel_value": ["4.6"], "hotel_price": ["163"]}, "6866056": {"hotel_name": "\u6210\u90fd\u559c\u83b1\u987f\u9152\u5e97\u91d1\u6960\u5929\u8857\u5e97", "order_time": ["2019-01-26 02:15:38"], "total_order": 1, "hotel_value": ["4.8"], "hotel_price": ["184"]}, "5379380": {"hotel_name": "\u6210\u90fd\u7a7a\u519b5701\u5382\u62db\u5f85\u6240", "order_time": ["2019-01-26 02:16:13"], "total_order": 1, "hotel_value": [0], "hotel_price": ["248"]}, "1247364": {"hotel_name": "\u6210\u90fd\u79d1\u534e\u660e\u5b87\u8c6a\u96c5\u996d\u5e97", "order_time": ["2019-01-26 02:16:48"], "total_order": 1, "hotel_value": ["4.8"], "hotel_price": ["798"]}, "690169": {"hotel_name": "\u6210\u90fd\u516b\u5b9d\u5927\u9152\u5e97", "order_time": ["2019-01-26 02:31:27", "2019-01-26 02:17:56"], "total_order": 2, "hotel_value": ["4.8", "4.8"], "hotel_price": ["208", "208"]}, "5788738": {"hotel_name": "\u6210\u90fd\u6492\u54c8\u62c9\u00b7\u4f55\u516e\u9752\u5e74\u7a7a\u95f4", "order_time": ["2019-01-26 02:18:00"], "total_order": 1, "hotel_value": ["4.6"], "hotel_price": ["30"]}, "1563541": {"hotel_name": "\u6854\u5b50\u9152\u5e97\u7cbe\u9009(\u6210\u90fd\u6587\u6b8a\u9662\u5e97)", "order_time": ["2019-01-26 02:18:04"], "total_order": 1, "hotel_value": ["4.8"], "hotel_price": ["273"]}, "6253992": {"hotel_name": "S\u8bbe\u8ba1\u5e08\u9152\u5e97(\u6210\u90fd\u4eba\u6c11\u5357\u8def\u7f8e\u9886\u9986\u5e97)", "order_time": ["2019-01-26 02:18:06"], "total_order": 1, "hotel_value": ["4.8"], "hotel_price": ["471"]}, "4122475": {"hotel_name": "\u66fc\u96c5\u9152\u5e97(\u6210\u90fd\u4e07\u8c61\u57ce\u5e97)", "order_time": ["2019-01-26 02:18:07"], "total_order": 1, "hotel_value": ["4.6"], "hotel_price": ["162"]}, "1602141": {"hotel_name": "\u6210\u90fd\u5929\u4f7f\u604b\u7cbe\u54c1\u7231\u60c5\u9152\u5e97", "order_time": ["2019-01-26 02:18:07"], "total_order": 1, "hotel_value": ["4.2"], "hotel_price": ["161"]}, "7590569": {"hotel_name": "\u6210\u90fd\u8d35\u94a2\u9152\u5e97", "order_time": ["2019-01-26 02:18:15"], "total_order": 1, "hotel_value": ["4.5"], "hotel_price": ["146"]}, "5249017": {"hotel_name": "\u6210\u90fd\u946b\u7136\u4e4b\u5bb6\u9152\u5e97", "order_time": ["2019-01-26 02:18:27"], "total_order": 1, "hotel_value": [0], "hotel_price": ["98"]}, "22421168": {"hotel_name": "\u67cf\u66fc\u9152\u5e97(\u7b80\u9633\u65ed\u6d77\u65f6\u4ee3\u5e7f\u573a\u5e97)", "order_time": ["2019-01-26 02:19:21"], "total_order": 1, "hotel_value": ["4.3"], "hotel_price": ["296"]}, "2567852": {"hotel_name": "\u5927\u9091\u946b\u7f8e\u5609\u9152\u5e97(\u539f\u65b0\u827e\u5fb7\u9152\u5e97)", "order_time": ["2019-01-26 02:19:23"], "total_order": 1, "hotel_value": ["4.3"], "hotel_price": ["118"]}, "691792": {"hotel_name": "\u9526\u6c5f\u4e4b\u661f(\u6210\u90fd\u6587\u6b8a\u9662\u5730\u94c1\u7ad9\u5e97)", "order_time": ["2019-01-26 02:20:38"], "total_order": 1, "hotel_value": ["4.6"], "hotel_price": ["119"]}, "7514950": {"hotel_name": "\u6210\u90fd\u4e2d\u5fc3\u4e16\u8302\u777f\u9009\u5c1a\u54c1\u9152\u5e97(\u6210\u90fd\u6625\u7199\u592a\u53e4\u91cc\u5e97\uff09", "order_time": ["2019-01-26 02:20:40"], "total_order": 1, "hotel_value": ["4.8"], "hotel_price": ["292"]}, "6955586": {"hotel_name": "\u6210\u90fd\u539f\u5c9b\u9152\u5e97", "order_time": ["2019-01-26 02:20:40"], "total_order": 1, "hotel_value": ["4.7"], "hotel_price": ["379"]}, "695130": {"hotel_name": "\u897f\u95e8\u667a\u9009\u5047\u65e5\u9152\u5e97(\u6210\u90fd\u5bbd\u7a84\u5df7\u5b50\u5e97)", "order_time": ["2019-01-26 02:20:40"], "total_order": 1, "hotel_value": ["4.7"], "hotel_price": ["412"]}, "19612651": {"hotel_name": "\u5546\u9047Workingliving\u667a\u80fd\u516c\u5bd3(\u6210\u90fd\u91d1\u878d\u57ce\u73af\u7403\u4e2d\u5fc3\u5357\u7ad9\u8a89\u5cf0\u5e97)", "order_time": ["2019-01-26 02:20:41"], "total_order": 1, "hotel_value": ["4.9"], "hotel_price": ["257"]}, "426534": {"hotel_name": "\u6210\u90fd\u4ec1\u6052\u8f89\u76db\u9601\u56fd\u9645\u516c\u5bd3", "order_time": ["2019-01-26 02:20:43"], "total_order": 1, "hotel_value": ["4.8"], "hotel_price": ["726"]}, "6598066": {"hotel_name": "\u7ef4\u4e5f\u7eb3\u56fd\u9645\u9152\u5e97(\u6210\u90fd\u73af\u7403\u4e2d\u5fc3\u65b0\u4f1a\u5c55\u5e97)(\u539f\u4e16\u7eaa\u57ce\u4f1a\u5c55\u5e97)", "order_time": ["2019-01-26 02:20:43"], "total_order": 1, "hotel_value": ["4.8"], "hotel_price": ["253"]}, "2308372": {"hotel_name": "\u6210\u90fd\u6cf0\u534e\u5546\u52a1\u9152\u5e97", "order_time": ["2019-01-26 02:20:50"], "total_order": 1, "hotel_value": ["3.4"], "hotel_price": ["102"]}, "15719774": {"hotel_name": "\u6210\u90fd\u820d\u91cc\u7cbe\u81f4\u9152\u5e97", "order_time": ["2019-01-26 02:20:51"], "total_order": 1, "hotel_value": ["4.7"], "hotel_price": ["153"]}, "6846020": {"hotel_name": "\u91d1\u79d1\u5723\u5609\u9152\u5e97(\u6210\u90fd\u6b66\u4faf\u7960\u9526\u91cc\u5e97)", "order_time": ["2019-01-26 02:20:56"], "total_order": 1, "hotel_value": ["4.8"], "hotel_price": ["296"]}, "691474": {"hotel_name": "\u6210\u90fd\u4e2d\u6052\u6a80\u9999\u9152\u5e97", "order_time": ["2019-01-26 02:23:26"], "total_order": 1, "hotel_value": ["4.5"], "hotel_price": ["272"]}, "691457": {"hotel_name": "\u5609\u7acb\u5047\u65e5\u9152\u5e97(\u6210\u90fd\u897f\u95e8\u5e97)", "order_time": ["2019-01-26 02:23:30"], "total_order": 1, "hotel_value": ["4.5"], "hotel_price": ["165"]}, "431241": {"hotel_name": "\u6210\u90fd\u65b0\u683c\u6797\u666e\u5170\u7279\u9152\u5e97", "order_time": ["2019-01-26 02:23:31"], "total_order": 1, "hotel_value": ["4.5"], "hotel_price": ["292"]}, "1225543": {"hotel_name": "\u4f0a\u7538\u56ed\u9152\u5e97(\u6210\u90fd\u7535\u5b50\u8def\u5e97)", "order_time": ["2019-01-26 02:23:40"], "total_order": 1, "hotel_value": ["4.3"], "hotel_price": ["86"]}, "995391": {"hotel_name": "\u6210\u90fd\u5b87\u822a\u5546\u52a1\u9152\u5e97", "order_time": ["2019-01-26 02:23:52"], "total_order": 1, "hotel_value": ["3.9"], "hotel_price": ["94"]}, "6299710": {"hotel_name": "\u6210\u90fd\u609f\u7a7a\u9752\u5e74\u65c5\u820d(\u6625\u7199\u8def\u5e97)", "order_time": ["2019-01-26 02:24:07"], "total_order": 1, "hotel_value": ["4.4"], "hotel_price": ["16"]}, "1342870": {"hotel_name": "\u5927\u9091\u9091\u90fd\u9152\u5e97", "order_time": ["2019-01-26 02:25:08"], "total_order": 1, "hotel_value": ["4.5"], "hotel_price": ["138"]}, "11273552": {"hotel_name": "\u8033\u8bed\u82b1\u56ed\u670d\u52a1\u516c\u5bd3(\u6210\u90fd\u592a\u53e4\u91cc\u6625\u7199\u8def\u5e97)", "order_time": ["2019-01-26 02:26:12"], "total_order": 1, "hotel_value": ["4.9"], "hotel_price": ["640"]}, "1601082": {"hotel_name": "\u597d\u83b1\u65af\u767b\u9152\u5e97(\u6210\u90fd\u9526\u534e\u4e07\u8fbe\u5e97)", "order_time": ["2019-01-26 02:26:17"], "total_order": 1, "hotel_value": ["4.5"], "hotel_price": ["193"]}, "1209922": {"hotel_name": "\u6210\u90fd\u4e07\u529b\u591a\u5927\u9152\u5e97\u603b\u5e97", "order_time": ["2019-01-26 02:26:17"], "total_order": 1, "hotel_value": ["4.4"], "hotel_price": ["94"]}, "8969826": {"hotel_name": "\u9526\u6c5f\u4e4b\u7554\u670d\u52a1\u516c\u5bd3(\u6210\u90fd\u6625\u7199\u8def\u592a\u53e4\u91cc\u5e97)", "order_time": ["2019-01-26 02:26:20"], "total_order": 1, "hotel_value": ["4.9"], "hotel_price": ["363"]}, "803591": {"hotel_name": "\u6210\u90fd\u4e03\u91cc\u9999\u5927\u9152\u5e97", "order_time": ["2019-01-26 02:26:23"], "total_order": 1, "hotel_value": ["4.5"], "hotel_price": ["115"]}, "6285138": {"hotel_name": "\u6210\u90fd\u9752\u9038\u9152\u5e97", "order_time": ["2019-01-26 02:26:28"], "total_order": 1, "hotel_value": ["4.7"], "hotel_price": ["168"]}, "2307443": {"hotel_name": "7\u5929\u8fde\u9501\u9152\u5e97(\u6210\u90fd\u4e5d\u773c\u6865\u5ddd\u5927\u5317\u95e8\u5e97)", "order_time": ["2019-01-26 02:26:28"], "total_order": 1, "hotel_value": ["3.9"], "hotel_price": ["156"]}, "393253": {"hotel_name": "\u5c0f\u61a9\u9a7f\u7ad9(\u6210\u90fd\u5bbd\u7a84\u5df7\u5b50\u5e97)(\u539f\u91d1\u8272\u590f\u5a01\u5937\u5e97)", "order_time": ["2019-01-26 02:26:33"], "total_order": 1, "hotel_value": ["4.1"], "hotel_price": ["98"]}, "1687929": {"hotel_name": "\u5927\u9091\u65b0\u89c6\u7a97\u5047\u65e5\u9152\u5e97", "order_time": ["2019-01-26 02:27:33"], "total_order": 1, "hotel_value": ["4.6"], "hotel_price": ["273"]}, "21790061": {"hotel_name": "\u6210\u90fd\u58f9\u5bbf\u516c\u5bd3", "order_time": ["2019-01-26 02:28:48"], "total_order": 1, "hotel_value": ["4.9"], "hotel_price": ["436"]}, "17470668": {"hotel_name": "\u96c5\u65af\u7279\u56fd\u9645\u9152\u5e97(\u6210\u90fd\u53cc\u6d41\u56fd\u9645\u673a\u573a\u5e97)", "order_time": ["2019-01-26 02:28:52"], "total_order": 1, "hotel_value": ["4.7"], "hotel_price": ["259"]}, "1430830": {"hotel_name": "\u5b9c\u5fc5\u601d\u9152\u5e97(\u6210\u90fd\u79d1\u534e\u4e2d\u8def\u738b\u5e9c\u4e95\u5e97)", "order_time": ["2019-01-26 02:28:53"], "total_order": 1, "hotel_value": ["4.6"], "hotel_price": ["200"]}, "8553036": {"hotel_name": "\u5e0c\u60a6\u91cc\u9152\u5e97\u516c\u5bd3(\u6210\u90fd\u6625\u7199\u592a\u53e4\u91cc\u5e97)", "order_time": ["2019-01-26 02:29:01", "2019-01-26 02:42:19"], "total_order": 2, "hotel_value": ["4.9", "4.9"], "hotel_price": ["484", "484"]}, "859134": {"hotel_name": "\u6210\u90fd\u897f\u5c1a\u9152\u5e97", "order_time": ["2019-01-26 02:29:01"], "total_order": 1, "hotel_value": ["4.0"], "hotel_price": ["134"]}, "1306338": {"hotel_name": "\u6210\u90fd\u8700\u6e90\u9152\u5e97", "order_time": ["2019-01-26 02:29:10"], "total_order": 1, "hotel_value": ["4.1"], "hotel_price": ["118"]}, "1473432": {"hotel_name": "\u7d2b\u90fd\u5546\u52a1\u5bbe\u9986(\u6210\u90fd\u91d1\u6c99\u9057\u5740\u5e97)", "order_time": ["2019-01-26 02:29:15"], "total_order": 1, "hotel_value": ["4.2"], "hotel_price": ["141"]}, "1196120": {"hotel_name": "\u5c1a\u9526\u7fe1\u7fe0\u9152\u5e97(\u6210\u90fd\u6625\u7199\u8def\u7535\u5b50\u79d1\u5927\u5e97)", "order_time": ["2019-01-26 02:31:25"], "total_order": 1, "hotel_value": ["4.9"], "hotel_price": ["262"]}, "22572661": {"hotel_name": "\u5e0c\u5cb8\u9152\u5e97(\u6210\u90fd\u91d1\u79d1\u53cc\u6960\u7ad9\u5e97)", "order_time": ["2019-01-26 02:31:27"], "total_order": 1, "hotel_value": ["4.8"], "hotel_price": ["289"]}, "4068538": {"hotel_name": "\u6c49\u5ead\u9152\u5e97(\u6210\u90fd\u706b\u8f66\u4e1c\u7ad9\u5e97)", "order_time": ["2019-01-26 02:31:30"], "total_order": 1, "hotel_value": ["4.6"], "hotel_price": ["256"]}, "1623190": {"hotel_name": "\u6210\u90fd\u7231\u4e3d\u601d\u9152\u5e97", "order_time": ["2019-01-26 02:31:31"], "total_order": 1, "hotel_value": ["4.6"], "hotel_price": ["281"]}, "6819186": {"hotel_name": "\u9e97\u67ab\u9152\u5e97(\u6210\u90fd\u53cc\u6d41\u56fd\u9645\u673a\u573a\u5e97)", "order_time": ["2019-01-26 02:31:32"], "total_order": 1, "hotel_value": ["4.7"], "hotel_price": ["256"]}, "1619571": {"hotel_name": "\u745e\u83b1\u65af\u9152\u5e97(\u6210\u90fd\u502a\u5bb6\u6865\u5730\u94c1\u7ad9\u5e97)", "order_time": ["2019-01-26 02:31:33"], "total_order": 1, "hotel_value": ["4.5"], "hotel_price": ["121"]}, "23710629": {"hotel_name": "\u6210\u90fd\u8700\u9b41\u6c38\u5229\u9152\u5e97", "order_time": ["2019-01-26 02:31:34"], "total_order": 1, "hotel_value": ["4.8"], "hotel_price": ["248"]}, "2306095": {"hotel_name": "\u9ec4\u9f99\u6eaa\u6cd3\u660c\u82d1\u5ba2\u6808", "order_time": ["2019-01-26 02:32:07"], "total_order": 1, "hotel_value": ["4.0"], "hotel_price": ["80"]}, "396942": {"hotel_name": "\u6210\u90fd\u9996\u5ea7\u4e07\u4e3d\u9152\u5e97", "order_time": ["2019-01-26 02:32:54"], "total_order": 1, "hotel_value": ["4.5"], "hotel_price": ["596"]}, "23816042": {"hotel_name": "\u6210\u90fd\u5f64\u661fstar\u8bbe\u8ba1\u5e08\u670d\u52a1\u516c\u5bd3", "order_time": ["2019-01-26 02:33:59"], "total_order": 1, "hotel_value": ["4.7"], "hotel_price": ["117"]}, "28484557": {"hotel_name": "\u6210\u90fd\u6e05\u820d\u6c11\u5bbf", "order_time": ["2019-01-26 02:34:04"], "total_order": 1, "hotel_value": ["5.0"], "hotel_price": ["399"]}, "17880101": {"hotel_name": "\u6210\u90fd\u5317\u5ead\u9152\u5e97", "order_time": ["2019-01-26 02:34:06"], "total_order": 1, "hotel_value": ["4.4"], "hotel_price": ["163"]}, "8552944": {"hotel_name": "\u6210\u90fd\u5bb6\u548c\u827a\u672f\u4e3b\u9898\u516c\u5bd3", "order_time": ["2019-01-26 02:34:10"], "total_order": 1, "hotel_value": ["4.5"], "hotel_price": ["173"]}, "3384794": {"hotel_name": "\u5e03\u4e01\u9152\u5e97(\u6210\u90fd\u76d0\u5e02\u53e3\u673a\u573a\u5927\u5df4\u5e97)", "order_time": ["2019-01-26 02:34:14"], "total_order": 1, "hotel_value": ["4.4"], "hotel_price": ["93"]}, "2303932": {"hotel_name": "\u6210\u90fd\u6c49\u5bc6\u5c14\u987f\u9152\u5e97", "order_time": ["2019-01-26 02:34:15"], "total_order": 1, "hotel_value": ["3.8"], "hotel_price": ["165"]}, "2308577": {"hotel_name": "\u6210\u90fd\u53cc\u6d41\u673a\u573a\u540d\u5eb7\u9152\u5e97", "order_time": ["2019-01-26 02:34:17"], "total_order": 1, "hotel_value": ["4.6"], "hotel_price": ["113"]}, "6650279": {"hotel_name": "7\u5929\u9152\u5e97(\u6210\u90fd\u56fd\u8272\u5929\u4e61\u9ebb\u5e02\u8857\u5e97)", "order_time": ["2019-01-26 02:34:18"], "total_order": 1, "hotel_value": ["4.8"], "hotel_price": ["115"]}, "21694291": {"hotel_name": "\u6210\u90fd\u5bd3\u90fd\u56fd\u9645\u5ea6\u5047\u516c\u5bd3", "order_time": ["2019-01-26 02:34:22"], "total_order": 1, "hotel_value": ["5.0"], "hotel_price": ["213"]}, "2272000": {"hotel_name": "\u6210\u90fd\u516b\u8d24\u9152\u5e97", "order_time": ["2019-01-26 02:34:29"], "total_order": 1, "hotel_value": ["3.9"], "hotel_price": ["98"]}, "5916858": {"hotel_name": "\u6210\u90fd\u5b9c\u5bb6\u5feb\u6377\u9152\u5e97", "order_time": ["2019-01-26 02:35:48"], "total_order": 1, "hotel_value": ["3.2"], "hotel_price": ["108"]}, "19598270": {"hotel_name": "\u7b80\u9633\u60a6\u5c1a\u5bbe\u90fd\u9152\u5e97", "order_time": ["2019-01-26 02:35:56"], "total_order": 1, "hotel_value": ["4.7"], "hotel_price": ["128"]}, "2307598": {"hotel_name": "\u5e73\u4e50\u53e4\u9547\u5170\u4ead\u5ba2\u6808", "order_time": ["2019-01-26 02:35:59"], "total_order": 1, "hotel_value": ["4.8"], "hotel_price": ["93"]}, "12795954": {"hotel_name": "\u8c26\u5ddd\u9152\u5e97(\u91d1\u5802\u5e97)", "order_time": ["2019-01-26 02:36:00"], "total_order": 1, "hotel_value": ["4.7"], "hotel_price": ["213"]}, "1223540": {"hotel_name": "\u6210\u90fd\u5f62\u54c1\u827a\u672f\u9152\u5e97", "order_time": ["2019-01-26 02:37:00"], "total_order": 1, "hotel_value": ["4.4"], "hotel_price": ["201"]}, "23884956": {"hotel_name": "\u6210\u90fd\u67ab\u5a49\u5047\u65e5\u9152\u5e97", "order_time": ["2019-01-26 02:37:02"], "total_order": 1, "hotel_value": ["4.7"], "hotel_price": ["153"]}, "1594828": {"hotel_name": "\u5586\u5561\u9152\u5e97(\u6210\u90fd\u6625\u7199\u8def\u5e97)", "order_time": ["2019-01-26 02:37:06"], "total_order": 1, "hotel_value": ["4.5"], "hotel_price": ["188"]}, "6082376": {"hotel_name": "\u5927\u9091\u671d\u9633\u9152\u5e97(\u539f\u9633\u5149\u4e3b\u9898\u9152\u5e97)", "order_time": ["2019-01-26 02:38:13"], "total_order": 1, "hotel_value": ["4.4"], "hotel_price": ["113"]}, "506449": {"hotel_name": "\u7f8e\u4e3d\u8c6a\u9152\u5e97(\u6210\u90fd\u5bbd\u7a84\u5df7\u5b50\u5e97)", "order_time": ["2019-01-26 02:39:28"], "total_order": 1, "hotel_value": ["4.8"], "hotel_price": ["288"]}, "5371902": {"hotel_name": "ZMAX\u6f6e\u6f2b\u9152\u5e97(\u6210\u90fd\u5efa\u8bbe\u8def\u7535\u5b50\u79d1\u6280\u5927\u5b66\u5e97)", "order_time": ["2019-01-26 02:39:35"], "total_order": 1, "hotel_value": ["4.8"], "hotel_price": ["249"]}, "6307653": {"hotel_name": "\u590f\u8bed\u8f7b\u5962\u670d\u52a1\u516c\u5bd3(\u6210\u90fd\u6676\u878d\u6c47\u5e97)(\u539f\u9526\u9890\u5ea6\u5047\u670d\u52a1\u516c\u5bd3)", "order_time": ["2019-01-26 02:39:44"], "total_order": 1, "hotel_value": ["4.7"], "hotel_price": ["468"]}, "5462562": {"hotel_name": "\u6210\u90fd\u77e5\u97f3\u8700\u97f5\u4e3b\u9898\u9152\u5e97", "order_time": ["2019-01-26 02:39:49"], "total_order": 1, "hotel_value": ["3.6"], "hotel_price": ["93"]}, "26475394": {"hotel_name": "\u6210\u90fd\u4e00\u57ce\u00b7\u5c45\u9152\u5e97", "order_time": ["2019-01-26 02:39:52"], "total_order": 1, "hotel_value": ["5.0"], "hotel_price": ["252"]}, "2931383": {"hotel_name": "\u6210\u90fd\u4e50\u5bbe\u9152\u5e97", "order_time": ["2019-01-26 02:40:50"], "total_order": 1, "hotel_value": ["4.5"], "hotel_price": ["238"]}, "803897": {"hotel_name": "\u5982\u5bb6\u5feb\u6377\u9152\u5e97(\u6210\u90fd\u53cc\u6d41\u673a\u573a\u65f6\u4ee3\u5965\u7279\u83b1\u65af\u9f99\u6865\u8def\u5730\u94c1\u7ad9\u5e97)", "order_time": ["2019-01-26 02:42:06"], "total_order": 1, "hotel_value": ["4.5"], "hotel_price": ["151"]}, "19853161": {"hotel_name": "\u6210\u90fd\u83b1\u96c5\u8f7b\u5c45\u4e3b\u9898\u9152\u5e97", "order_time": ["2019-01-26 02:42:06"], "total_order": 1, "hotel_value": ["4.7"], "hotel_price": ["153"]}, "21794659": {"hotel_name": "\u6210\u90fd\u827e\u4e3d\u65af\u4e3b\u9898\u9152\u5e97", "order_time": ["2019-01-26 02:42:10"], "total_order": 1, "hotel_value": ["4.4"], "hotel_price": ["93"]}, "8553220": {"hotel_name": "\u6210\u90fd\u7ea2\u745e\u5fb7\u76ca\u9152\u5e97", "order_time": ["2019-01-26 02:42:13"], "total_order": 1, "hotel_value": ["4.6"], "hotel_price": ["242"]}, "9824767": {"hotel_name": "\u6210\u90fd\u4e1c\u9601\u7cbe\u54c1\u9152\u5e97", "order_time": ["2019-01-26 02:42:17"], "total_order": 1, "hotel_value": ["5.0"], "hotel_price": ["483"]}, "2304625": {"hotel_name": "\u6e29\u6c5f\u51ef\u4e3d\u9152\u5e97(\u6210\u90fd\u8d22\u5927\u5317\u95e8\u5e97)", "order_time": ["2019-01-26 02:42:17"], "total_order": 1, "hotel_value": ["4.2"], "hotel_price": ["99"]}, "2488379": {"hotel_name": "\u5929\u9e45\u604b\u60c5\u4fa3\u9152\u5e97(\u6210\u90fd\u4e1c\u98ce\u8def\u5e97)", "order_time": ["2019-01-26 02:42:18"], "total_order": 1, "hotel_value": ["4.7"], "hotel_price": ["204"]}}}