{"\u5f00\u59cb\u8bb0\u5f55\u65f6\u95f4": "2019-01-16 03:47:11", "\u7ed3\u675f\u8bb0\u5f55\u65f6\u95f4": "2019-01-16 05:51:13", "\u8ba2\u5355\u603b\u589e\u91cf": 210, "item": {"446107": {"hotel_name": "\u6210\u90fd\u91d1\u8302\u5047\u65e5\u9152\u5e97", "order_time": ["2019-01-16 03:52:31"], "total_order": 1, "hotel_value": ["4.6"], "hotel_price": ["189"]}, "5722189": {"hotel_name": "\u7e41\u661f\u6211\u4eec\u56fd\u9645\u9752\u5e74\u65c5\u820d(\u6210\u90fd\u6625\u7199\u8def\u592a\u5347\u8def\u5e97)", "order_time": ["2019-01-16 03:52:31"], "total_order": 1, "hotel_value": ["4.7"], "hotel_price": ["26"]}, "5795181": {"hotel_name": "\u6210\u90fd\u9f99\u4e4b\u68a6\u745e\u5cf0\u56fd\u9645\u9152\u5e97", "order_time": ["2019-01-16 03:52:32"], "total_order": 1, "hotel_value": ["4.5"], "hotel_price": ["338"]}, "25273741": {"hotel_name": "\u51ef\u91cc\u4e9a\u5fb7\u9152\u5e97(\u6210\u90fd\u6b66\u4faf\u65b0\u57ce\u5e97)", "order_time": ["2019-01-16 03:52:32"], "total_order": 1, "hotel_value": ["4.9"], "hotel_price": ["238"]}, "4654285": {"hotel_name": "\u6210\u90fd\u5bcc\u529b\u5929\u57ce\u9152\u5e97", "order_time": ["2019-01-16 03:52:34"], "total_order": 1, "hotel_value": ["4.5"], "hotel_price": ["121"]}, "14010043": {"hotel_name": "\u84c9\u9038\u7cbe\u54c1\u9152\u5e97(\u6210\u90fd\u897f\u7ad9\u9752\u7f8a\u4e07\u8fbe\u5e97)", "order_time": ["2019-01-16 03:52:42"], "total_order": 1, "hotel_value": ["4.8"], "hotel_price": ["212"]}, "690169": {"hotel_name": "\u6210\u90fd\u516b\u5b9d\u5927\u9152\u5e97", "order_time": ["2019-01-16 03:52:45"], "total_order": 1, "hotel_value": ["4.8"], "hotel_price": ["208"]}, "6811824": {"hotel_name": "\u6210\u90fd\u65b0\u6e2f\u5047\u65e5\u9152\u5e97", "order_time": ["2019-01-16 03:52:47"], "total_order": 1, "hotel_value": ["4.6"], "hotel_price": ["169"]}, "438300": {"hotel_name": "\u6210\u90fd\u8776\u6765\u82b1\u534a\u9152\u5e97(\u539f\u6210\u90fd\u5e03\u8863\u5ba2\u6808)", "order_time": ["2019-01-16 05:06:26", "2019-01-16 03:56:41"], "total_order": 2, "hotel_value": ["4.7", "4.7"], "hotel_price": ["211", "211"]}, "1669899": {"hotel_name": "\u56fe\u817e\u5370\u8c61\u9152\u5e97(\u6210\u90fd\u5bbd\u7a84\u5df7\u5b50\u5e97)", "order_time": ["2019-01-16 03:56:42"], "total_order": 1, "hotel_value": ["4.4"], "hotel_price": ["252"]}, "533174": {"hotel_name": "\u6210\u90fd\u91d1\u6c99\u5927\u9152\u5e97", "order_time": ["2019-01-16 03:56:42"], "total_order": 1, "hotel_value": ["4.6"], "hotel_price": ["255"]}, "1521470": {"hotel_name": "\u6210\u90fd\u8299\u84c9\u996d\u5e97(\u5bbd\u7a84\u5df7\u5b50\u5e97)", "order_time": ["2019-01-16 03:56:50"], "total_order": 1, "hotel_value": ["4.7"], "hotel_price": ["210"]}, "482518": {"hotel_name": "\u6210\u90fd\u4e16\u4ee3\u9526\u6c5f\u56fd\u9645\u9152\u5e97", "order_time": ["2019-01-16 03:56:51"], "total_order": 1, "hotel_value": ["4.7"], "hotel_price": ["438"]}, "434315": {"hotel_name": "\u51e4\u51f0\u5fa1\u5ead\u9152\u5e97\u8fde\u9501(\u6210\u90fd\u6625\u7199\u8def\u6b65\u884c\u8857\u5e97)", "order_time": ["2019-01-16 03:56:52"], "total_order": 1, "hotel_value": ["4.5"], "hotel_price": ["168"]}, "21336078": {"hotel_name": "\u6210\u90fd\u96c5\u5e9c\u9152\u5e97", "order_time": ["2019-01-16 03:56:53"], "total_order": 1, "hotel_value": ["4.7"], "hotel_price": ["178"]}, "6287313": {"hotel_name": "\u6210\u90fd\u5bbd\u7a84\u5df7\u5b50\u5e0c\u5c14\u987f\u6b22\u670b\u9152\u5e97", "order_time": ["2019-01-16 03:59:07"], "total_order": 1, "hotel_value": ["4.8"], "hotel_price": ["448"]}, "5979132": {"hotel_name": "\u6210\u90fd\u673a\u573a\u7a7a\u6e2f\u5609\u9675\u5546\u52a1\u9152\u5e97", "order_time": ["2019-01-16 04:00:42"], "total_order": 1, "hotel_value": ["4.6"], "hotel_price": ["107"]}, "534937": {"hotel_name": "\u6210\u90fd\u5bc5\u751f\u56fd\u9645\u9152\u5e97", "order_time": ["2019-01-16 04:00:43"], "total_order": 1, "hotel_value": ["4.9"], "hotel_price": ["260"]}, "21132716": {"hotel_name": "\u6210\u90fd\u6625\u7199\u7f8e\u5c45\u9152\u5e97", "order_time": ["2019-01-16 04:00:46"], "total_order": 1, "hotel_value": ["4.7"], "hotel_price": ["399"]}, "4603848": {"hotel_name": "\u5361\u5c14\u65af\u7cbe\u54c1\u516c\u5bd3(\u6210\u90fd\u6625\u7199\u5e97)", "order_time": ["2019-01-16 04:00:55"], "total_order": 1, "hotel_value": ["4.9"], "hotel_price": ["135"]}, "6261906": {"hotel_name": "\u6210\u90fd\u6e29\u6c5f\u6e29\u6cc9\u667a\u9009\u5047\u65e5\u9152\u5e97", "order_time": ["2019-01-16 04:00:56"], "total_order": 1, "hotel_value": ["4.6"], "hotel_price": ["368"]}, "18438319": {"hotel_name": "\u6210\u90fd\u8700\u96c5\u9152\u5e97", "order_time": ["2019-01-16 04:01:10"], "total_order": 1, "hotel_value": ["3.8"], "hotel_price": ["127"]}, "6378241": {"hotel_name": "\u6210\u90fd\u5174\u9686\u95e8\u5546\u52a1\u9152\u5e97", "order_time": ["2019-01-16 04:01:17"], "total_order": 1, "hotel_value": ["3.8"], "hotel_price": ["98"]}, "2847698": {"hotel_name": "\u6210\u90fd\u5bcc\u6e90\u5bbe\u9986", "order_time": ["2019-01-16 04:01:25"], "total_order": 1, "hotel_value": ["3.6"], "hotel_price": ["63"]}, "992206": {"hotel_name": "\u5927\u9091\u9091\u90fd\u5bbe\u9986", "order_time": ["2019-01-16 04:03:09"], "total_order": 1, "hotel_value": ["4.2"], "hotel_price": ["48"]}, "1536557": {"hotel_name": "\u6210\u90fd\u590f\u6728\u82b1\u56ed\u9752\u5e74\u65c5\u820d", "order_time": ["2019-01-16 04:04:51"], "total_order": 1, "hotel_value": ["4.5"], "hotel_price": ["30"]}, "7520920": {"hotel_name": "\u6210\u90fd\u543e\u4e61\u7985\u60a6\u5bbe\u9986", "order_time": ["2019-01-16 04:04:54"], "total_order": 1, "hotel_value": ["4.7"], "hotel_price": ["346"]}, "435194": {"hotel_name": "\u6210\u90fd\u57ce\u5e02\u540d\u4eba\u9152\u5e97", "order_time": ["2019-01-16 04:04:54", "2019-01-16 04:07:38"], "total_order": 2, "hotel_value": ["4.7", "4.7"], "hotel_price": ["748", "748"]}, "1334668": {"hotel_name": "\u6210\u90fd\u6b4c\u5df4\u83b1\u6cd5\u5f0f\u4e3b\u9898\u9152\u5e97", "order_time": ["2019-01-16 04:05:02"], "total_order": 1, "hotel_value": ["4.7"], "hotel_price": ["204"]}, "8589668": {"hotel_name": "\u6210\u90fd\u6a59\u4e50\u516c\u5bd3\u5916\u5149\u534e\u4e07\u8fbe\u5e97", "order_time": ["2019-01-16 04:05:02"], "total_order": 1, "hotel_value": ["4.7"], "hotel_price": ["153"]}, "2103111": {"hotel_name": "\u5982\u5bb6\u7cbe\u9009\u9152\u5e97(\u6210\u90fd\u65b0\u5357\u95e8\u5e97)", "order_time": ["2019-01-16 04:05:02"], "total_order": 1, "hotel_value": ["4.7"], "hotel_price": ["255"]}, "2276471": {"hotel_name": "\u777f\u67cf\u00b7\u4e91\u9152\u5e97(\u6210\u90fd\u4e07\u53cb\u5e97)", "order_time": ["2019-01-16 04:05:04", "2019-01-16 04:21:14"], "total_order": 2, "hotel_value": ["4.6", "4.6"], "hotel_price": ["197", "197"]}, "6053587": {"hotel_name": "\u85e4\u83ef\u9152\u5e97(\u6210\u90fd\u662d\u89c9\u5bfa\u5730\u94c1\u7ad9\u9a77\u9a6c\u6865\u5e97)", "order_time": ["2019-01-16 04:05:04"], "total_order": 1, "hotel_value": ["4.6"], "hotel_price": ["113"]}, "393367": {"hotel_name": "\u6210\u90fd\u534e\u667a\u73af\u7403\u9152\u5e97(\u539f\u91d1\u5e9c\u94f6\u5ea7\u9152\u5e97)", "order_time": ["2019-01-16 04:05:14"], "total_order": 1, "hotel_value": ["4.2"], "hotel_price": ["198"]}, "3364411": {"hotel_name": "\u6210\u90fd\u91d1\u4e0a\u4e3b\u9898\u9152\u5e97", "order_time": ["2019-01-16 04:05:16"], "total_order": 1, "hotel_value": ["3.8"], "hotel_price": ["108"]}, "1208162": {"hotel_name": "\u7f8e\u514b\u5b9c\u5bb6\u9152\u5e97(\u6210\u90fd\u5ddd\u5927\u79d1\u534e\u5e97)", "order_time": ["2019-01-16 04:05:20"], "total_order": 1, "hotel_value": ["4.4"], "hotel_price": ["196"]}, "2017578": {"hotel_name": "\u6210\u90fd\u701a\u9716\u9152\u5e97", "order_time": ["2019-01-16 04:05:33"], "total_order": 1, "hotel_value": ["3.3"], "hotel_price": ["68"]}, "8040081": {"hotel_name": "\u5982\u8f69\u6587\u5316\u7cbe\u54c1\u9152\u5e97(\u6210\u90fd\u91d1\u5802\u5e97)", "order_time": ["2019-01-16 04:07:03"], "total_order": 1, "hotel_value": ["4.6"], "hotel_price": ["168"]}, "470094": {"hotel_name": "\u6210\u90fd\u745e\u57ce\u540d\u4eba\u9152\u5e97", "order_time": ["2019-01-16 04:07:38"], "total_order": 1, "hotel_value": ["4.8"], "hotel_price": ["336"]}, "2694862": {"hotel_name": "\u5b89\u60a6.\u539f\u820d\u9152\u5e97\uff08\u6210\u90fd\u7985\u610f\u82b1\u56ed\u5e97\uff09", "order_time": ["2019-01-16 04:08:58"], "total_order": 1, "hotel_value": ["4.8"], "hotel_price": ["334"]}, "16036476": {"hotel_name": "\u8ff7\u6d25\u9752\u5e74\u65c5\u820d\uff08\u6210\u90fd\u5929\u5e9c\u5e7f\u573a\u5e97\uff09", "order_time": ["2019-01-16 04:09:01"], "total_order": 1, "hotel_value": ["4.8"], "hotel_price": ["40"]}, "2997815": {"hotel_name": "SUMMERISLAND\u670d\u52a1\u516c\u5bd3(\u6210\u90fd\u6625\u7199\u592a\u53e4\u91cc\u5e97)", "order_time": ["2019-01-16 04:09:03"], "total_order": 1, "hotel_value": ["4.9"], "hotel_price": ["498"]}, "670099": {"hotel_name": "\u6210\u90fd\u7ec5\u6cf0\u5927\u9152\u5e97", "order_time": ["2019-01-16 04:09:21"], "total_order": 1, "hotel_value": ["4.6"], "hotel_price": ["398"]}, "17973693": {"hotel_name": "\u5e0c\u5cb8Deluxe\u9152\u5e97(\u6210\u90fd\u6625\u7199\u8def\u592a\u53e4\u91cc\u5e97)", "order_time": ["2019-01-16 04:09:21"], "total_order": 1, "hotel_value": ["4.8"], "hotel_price": ["286"]}, "1625408": {"hotel_name": "\u4f0a\u7538\u56ed\u9152\u5e97(\u6210\u90fd\u65b0\u90fd\u5e97)", "order_time": ["2019-01-16 04:09:56"], "total_order": 1, "hotel_value": ["4.4"], "hotel_price": ["121"]}, "22667696": {"hotel_name": "\u5468\u8bb0\u00b7\u5409\u4ea8\u9152\u5e97(\u6210\u90fd\u706b\u8f66\u4e1c\u7ad9\u5e97)", "order_time": ["2019-01-16 04:13:04"], "total_order": 1, "hotel_value": ["4.7"], "hotel_price": ["288"]}, "1619531": {"hotel_name": "\u901f8\u9152\u5e97(\u6210\u90fd\u65b0\u4f1a\u5c55\u4e00\u5e97)", "order_time": ["2019-01-16 04:13:19"], "total_order": 1, "hotel_value": ["4.4"], "hotel_price": ["143"]}, "2987452": {"hotel_name": "\u6210\u90fd\u7530\u56ed\u5feb\u6377\u9152\u5e97", "order_time": ["2019-01-16 04:13:45"], "total_order": 1, "hotel_value": ["4.4"], "hotel_price": ["103"]}, "2098708": {"hotel_name": "\u901f8\u9152\u5e97(\u6210\u90fd\u673a\u573a1\u5e97)", "order_time": ["2019-01-16 04:17:07"], "total_order": 1, "hotel_value": ["4.5"], "hotel_price": ["111"]}, "6050481": {"hotel_name": "\u6210\u90fd\u8302\u4e1aJW\u4e07\u8c6a\u9152\u5e97", "order_time": ["2019-01-16 04:17:09"], "total_order": 1, "hotel_value": ["4.7"], "hotel_price": ["1082"]}, "15183278": {"hotel_name": "\u6469\u767bS\u9152\u5e97(\u6210\u90fd\u6b66\u4faf\u7960\u5e97)", "order_time": ["2019-01-16 04:17:12"], "total_order": 1, "hotel_value": ["4.7"], "hotel_price": ["316"]}, "27961125": {"hotel_name": "\u5168\u5b63\u9152\u5e97(\u6210\u90fd\u6b66\u4faf\u7960\u6c38\u4e30\u8def\u5e97)", "order_time": ["2019-01-16 04:17:14"], "total_order": 1, "hotel_value": ["4.9"], "hotel_price": ["251"]}, "6775049": {"hotel_name": "\u6210\u90fd\u827e\u7279\u516c\u5bd3(\u539f\u767e\u6210\u516c\u5bd3)", "order_time": ["2019-01-16 04:17:16"], "total_order": 1, "hotel_value": ["4.7"], "hotel_price": ["148"]}, "5971349": {"hotel_name": "\u6210\u90fd\u534e\u5ead\u9152\u5e97", "order_time": ["2019-01-16 04:17:27"], "total_order": 1, "hotel_value": ["3.8"], "hotel_price": ["168"]}, "1400270": {"hotel_name": "\u6210\u90fd\u5929\u66e6\u9152\u5e97", "order_time": ["2019-01-16 04:17:31"], "total_order": 1, "hotel_value": ["4.7"], "hotel_price": ["97"]}, "1803160": {"hotel_name": "\u6210\u90fd\u76d8\u77f3\u9152\u5e97", "order_time": ["2019-01-16 04:17:32"], "total_order": 1, "hotel_value": ["4.2"], "hotel_price": ["76"]}, "1882396": {"hotel_name": "\u5357\u90fd\u9152\u5e97(\u6210\u90fd\u4eba\u6c11\u5357\u8def\u7f8e\u9886\u9986\u5e97)", "order_time": ["2019-01-16 04:21:12"], "total_order": 1, "hotel_value": ["4.6"], "hotel_price": ["259"]}, "26203393": {"hotel_name": "\u96c5\u65af\u7279\u56fd\u9645\u9152\u5e97(\u6210\u90fd\u4e0a\u4e1c\u56fd\u9645\u5e97)", "order_time": ["2019-01-16 04:21:14"], "total_order": 1, "hotel_value": ["4.9"], "hotel_price": ["240"]}, "15847695": {"hotel_name": "\u9690\u6816\u5802\u9152\u5e97(\u6210\u90fd\u592a\u53e4\u91cc\u5e97)(\u539f\u5408\u6c5f\u4ead\u5e97))", "order_time": ["2019-01-16 04:21:14"], "total_order": 1, "hotel_value": ["4.8"], "hotel_price": ["396"]}, "1485064": {"hotel_name": "\u6c49\u5ead\u9152\u5e97(\u6210\u90fd\u5929\u5e9c\u5e7f\u573a\u5730\u94c1\u7ad9\u5e97)", "order_time": ["2019-01-16 04:21:14"], "total_order": 1, "hotel_value": ["4.6"], "hotel_price": ["189"]}, "6179704": {"hotel_name": "\u521b\u5ba2\u6b27\u827a\u9152\u5e97(\u6210\u90fd\u65b0\u4f1a\u5c55\u73af\u7403\u4e2d\u5fc3\u5e97)", "order_time": ["2019-01-16 04:21:14"], "total_order": 1, "hotel_value": ["4.7"], "hotel_price": ["163"]}, "996064": {"hotel_name": "\u6210\u90fd\u5ce8\u7709\u96ea\u82bd\u5927\u9152\u5e97", "order_time": ["2019-01-16 04:21:14"], "total_order": 1, "hotel_value": ["4.6"], "hotel_price": ["386"]}, "1987101": {"hotel_name": "\u6210\u90fd\u5609\u5f97\u5229\u9152\u5e97", "order_time": ["2019-01-16 04:21:14"], "total_order": 1, "hotel_value": ["4.1"], "hotel_price": ["170"]}, "5979598": {"hotel_name": "\u6210\u90fd\u53cc\u6d41\u56fd\u9645\u673a\u573a\u718a\u732b\u5c1a\u96c5\u5bbe\u9986", "order_time": ["2019-01-16 04:21:14"], "total_order": 1, "hotel_value": ["4.4"], "hotel_price": ["126"]}, "15088814": {"hotel_name": "\u5586\u5561\u9152\u5e97(\u6210\u90fd\u706b\u8f66\u5357\u7ad9\u5e97)(\u539f\u795e\u4ed9\u6811\u673a\u573a\u5e97)", "order_time": ["2019-01-16 04:21:14"], "total_order": 1, "hotel_value": ["4.8"], "hotel_price": ["258"]}, "1255474": {"hotel_name": "\u901f8\u9152\u5e97\u6210\u90fd\u53cc\u6d41\u673a\u573a\u4e34\u6e2f\u8def\u5e97", "order_time": ["2019-01-16 04:21:14"], "total_order": 1, "hotel_value": ["4.3"], "hotel_price": ["108"]}, "1438025": {"hotel_name": "\u6210\u90fd\u798f\u4e00\u5927\u9152\u5e97", "order_time": ["2019-01-16 04:21:14"], "total_order": 1, "hotel_value": ["4.5"], "hotel_price": ["268"]}, "6082529": {"hotel_name": "\u6210\u90fd\u4f70\u4ed5\u5ef7\u7ea2\u6960\u9152\u5e97", "order_time": ["2019-01-16 04:21:14", "2019-01-16 04:25:23"], "total_order": 2, "hotel_value": ["4.7", "4.7"], "hotel_price": ["350", "350"]}, "1195816": {"hotel_name": "\u6210\u90fd\u65af\u7ef4\u767b\u5ea6\u5047\u516c\u5bd3(\u65b0\u4f1a\u5c55\u4e2d\u5fc3)", "order_time": ["2019-01-16 04:21:14"], "total_order": 1, "hotel_value": ["4.6"], "hotel_price": ["246"]}, "3002921": {"hotel_name": "\u6210\u90fd\u6625\u7199\u5bbe\u9986", "order_time": ["2019-01-16 04:21:14"], "total_order": 1, "hotel_value": ["4.4"], "hotel_price": ["267"]}, "7339189": {"hotel_name": "\u6210\u90fd\u6a59\u5821\u516c\u5bd3(\u4e16\u7eaa\u57ce\u5e97)", "order_time": ["2019-01-16 04:21:14"], "total_order": 1, "hotel_value": ["4.6"], "hotel_price": ["140"]}, "433367": {"hotel_name": "\u56fe\u817e\u5370\u8c61\u9152\u5e97(\u6210\u90fd\u9526\u91cc\u6b66\u4faf\u7960\u4f53\u9662\u5e97)", "order_time": ["2019-01-16 04:21:14"], "total_order": 1, "hotel_value": ["4.5"], "hotel_price": ["225"]}, "12604109": {"hotel_name": "\u5168\u5b63\u9152\u5e97(\u6210\u90fd\u706b\u8f66\u4e1c\u7ad9\u5e97)", "order_time": ["2019-01-16 04:21:14"], "total_order": 1, "hotel_value": ["4.6"], "hotel_price": ["284"]}, "3158526": {"hotel_name": "\u5c1a\u5ba2\u4f18\u5feb\u6377\u9152\u5e97(\u6210\u90fd\u6b66\u4faf\u7960\u9526\u91cc\u534e\u897f\u533b\u9662\u5e97)", "order_time": ["2019-01-16 04:21:14"], "total_order": 1, "hotel_value": ["4.2"], "hotel_price": ["133"]}, "6173171": {"hotel_name": "\u897f\u59c6\u9152\u5e97(\u6210\u90fd\u897f\u59c6\u4f1a\u5c55\u4e2d\u5fc3\u5e97)", "order_time": ["2019-01-16 04:21:14"], "total_order": 1, "hotel_value": ["4.5"], "hotel_price": ["151"]}, "789541": {"hotel_name": "\u718a\u732b\u738b\u5b50\u6587\u5316\u9152\u5e97(\u6210\u90fd\u5357\u7ad9\u5e97)", "order_time": ["2019-01-16 04:21:14"], "total_order": 1, "hotel_value": ["4.6"], "hotel_price": ["249"]}, "639164": {"hotel_name": "\u7ef4\u4e5f\u7eb3\u9152\u5e97(\u6210\u90fd\u6625\u7199\u8def\u674e\u5bb6\u6cb1\u5730\u94c1\u7ad9\u5e97)", "order_time": ["2019-01-16 04:21:14"], "total_order": 1, "hotel_value": ["4.8"], "hotel_price": ["227"]}, "1430830": {"hotel_name": "\u5b9c\u5fc5\u601d\u9152\u5e97(\u6210\u90fd\u79d1\u534e\u4e2d\u8def\u738b\u5e9c\u4e95\u5e97)", "order_time": ["2019-01-16 04:21:14"], "total_order": 1, "hotel_value": ["4.6"], "hotel_price": ["203"]}, "974736": {"hotel_name": "\u6c49\u5ead\u4f18\u4f73\u9152\u5e97(\u6210\u90fd\u8700\u6c49\u8def\u4e1c\u5730\u94c1\u7ad9\u5e97)", "order_time": ["2019-01-16 04:21:14"], "total_order": 1, "hotel_value": ["4.9"], "hotel_price": ["237"]}, "16947765": {"hotel_name": "\u5b9c\u5fc5\u601d\u5c1a\u54c1\u9152\u5e97(\u6210\u90fd\u6625\u7199\u592a\u53e4\u91cc\u5e97)", "order_time": ["2019-01-16 04:21:14"], "total_order": 1, "hotel_value": ["4.7"], "hotel_price": ["281"]}, "431241": {"hotel_name": "\u6210\u90fd\u65b0\u683c\u6797\u666e\u5170\u7279\u9152\u5e97", "order_time": ["2019-01-16 05:23:16", "2019-01-16 04:21:14"], "total_order": 2, "hotel_value": ["4.5", "4.5"], "hotel_price": ["292", "292"]}, "686853": {"hotel_name": "\u6210\u90fd\u5f17\u5c3c\u987f\u9152\u5e97", "order_time": ["2019-01-16 04:42:05", "2019-01-16 04:21:22"], "total_order": 2, "hotel_value": ["4.4", "4.4"], "hotel_price": ["262", "262"]}, "1500803": {"hotel_name": "\u83ab\u6cf0168(\u6210\u90fd\u5bbd\u7a84\u5df7\u5b50\u5e97)", "order_time": ["2019-01-16 04:21:23"], "total_order": 1, "hotel_value": ["4.6"], "hotel_price": ["129"]}, "6086901": {"hotel_name": "\u597d\u83b1\u65af\u767b\u9152\u5e97(\u6210\u90fd\u6625\u7199\u5e97)", "order_time": ["2019-01-16 04:21:23"], "total_order": 1, "hotel_value": ["4.5"], "hotel_price": ["197"]}, "659127": {"hotel_name": "\u6210\u90fd\u534e\u8054\u4e1c\u73af\u9152\u5e97", "order_time": ["2019-01-16 04:21:28"], "total_order": 1, "hotel_value": ["4.4"], "hotel_price": ["206"]}, "3663302": {"hotel_name": "\u7a7a\u6e2f\u660e\u73e0\u9152\u5e97(\u6210\u90fd\u53cc\u6d41\u56fd\u9645\u673a\u573a\u5e97)", "order_time": ["2019-01-16 04:21:32"], "total_order": 1, "hotel_value": ["4.6"], "hotel_price": ["154"]}, "668244": {"hotel_name": "\u68ee\u6960\u827a\u672f\u9152\u5e97(\u6210\u90fd\u6625\u7199\u8def\u592a\u53e4\u91cc\u5e97)", "order_time": ["2019-01-16 04:21:32"], "total_order": 1, "hotel_value": ["4.6"], "hotel_price": ["183"]}, "6448676": {"hotel_name": "\u6210\u90fd\u9f99\u9526\u5927\u9152\u5e97", "order_time": ["2019-01-16 04:21:37"], "total_order": 1, "hotel_value": ["4.7"], "hotel_price": ["153"]}, "28273590": {"hotel_name": "\u6210\u90fd\u827e\u7f8e\u5c45214\u4e3b\u9898\u516c\u5bd3", "order_time": ["2019-01-16 04:21:41"], "total_order": 1, "hotel_value": [0], "hotel_price": ["126"]}, "2089094": {"hotel_name": "\u6210\u90fd\u4f73\u6021\u9152\u5e97", "order_time": ["2019-01-16 04:22:31"], "total_order": 1, "hotel_value": ["2.4"], "hotel_price": ["68"]}, "468322": {"hotel_name": "\u6210\u90fd\u7d22\u83f2\u65af\u9526\u82d1\u5bbe\u9986", "order_time": ["2019-01-16 04:24:02", "2019-01-16 04:28:12", "2019-01-16 05:18:47"], "total_order": 3, "hotel_value": ["4.9", "4.9", "4.9"], "hotel_price": ["489", "489", "489"]}, "11020316": {"hotel_name": "\u6210\u90fd\u5bbd\u7a84\u5df7\u5b50\u7f8e\u5c45\u9152\u5e97", "order_time": ["2019-01-16 04:24:02", "2019-01-16 04:28:12", "2019-01-16 05:47:51"], "total_order": 3, "hotel_value": ["4.9", "4.9", "4.9"], "hotel_price": ["439", "439", "439"]}, "1648380": {"hotel_name": "\u5609\u7acb\u9152\u5e97\u7cbe\u9009(\u6210\u90fd\u5bbd\u7a84\u5df7\u5b50\u5e97)", "order_time": ["2019-01-16 04:25:17"], "total_order": 1, "hotel_value": ["4.6"], "hotel_price": ["193"]}, "1741925": {"hotel_name": "\u6210\u90fd\u67d2\u559c\u9152\u5e97", "order_time": ["2019-01-16 04:25:18"], "total_order": 1, "hotel_value": ["4.4"], "hotel_price": ["165"]}, "669217": {"hotel_name": "\u6210\u90fd\u8054\u68ee\u9152\u5e97(\u5bbd\u7a84\u5df7\u5b50\u5e97)", "order_time": ["2019-01-16 04:25:20"], "total_order": 1, "hotel_value": ["4.5"], "hotel_price": ["292"]}, "14009907": {"hotel_name": "\u6210\u90fd\u6f2b\u5c45\u5370\u8c61\u9152\u5e97", "order_time": ["2019-01-16 04:25:21"], "total_order": 1, "hotel_value": ["4.9"], "hotel_price": ["214"]}, "6696643": {"hotel_name": "\u6210\u90fd\u534e\u8fb0\u9152\u5e97(\u7389\u6797\u502a\u5bb6\u6865\u5730\u94c1\u7ad9\u5e97)", "order_time": ["2019-01-16 04:25:25"], "total_order": 1, "hotel_value": ["4.2"], "hotel_price": ["227"]}, "27297170": {"hotel_name": "\u5f00\u5143\u66fc\u5c45\u00b7\u6210\u90fd\u6b66\u4faf\u4e07\u8fbe\u5e97", "order_time": ["2019-01-16 04:29:16"], "total_order": 1, "hotel_value": ["5.0"], "hotel_price": ["295"]}, "1319274": {"hotel_name": "\u6210\u90fd\u4e5d\u9f99\u5bbe\u9986", "order_time": ["2019-01-16 04:29:22"], "total_order": 1, "hotel_value": ["4.7"], "hotel_price": ["101"]}, "23983901": {"hotel_name": "\u6210\u90fd\u4e50\u6ea2\u7535\u7ade\u516c\u5bd3", "order_time": ["2019-01-16 04:29:27"], "total_order": 1, "hotel_value": ["4.9"], "hotel_price": ["376"]}, "23414199": {"hotel_name": "\u6210\u90fd\u7c73\u8bfa\u56fd\u9645\u516c\u5bd3", "order_time": ["2019-01-16 04:33:26"], "total_order": 1, "hotel_value": ["4.9"], "hotel_price": ["192"]}, "2297424": {"hotel_name": "\u6210\u90fd\u5e0c\u5c14\u987f\u9152\u5e97", "order_time": ["2019-01-16 04:33:30"], "total_order": 1, "hotel_value": ["4.7"], "hotel_price": ["1002"]}, "397159": {"hotel_name": "\u6210\u90fd\u5408\u6c5f\u4ead\u7ff0\u6587\u5927\u9152\u5e97", "order_time": ["2019-01-16 04:33:41"], "total_order": 1, "hotel_value": ["4.8"], "hotel_price": ["363"]}, "481009": {"hotel_name": "\u5e03\u4e01\u9152\u5e97\u6210\u90fd\u5bbd\u7a84\u5df7\u5b50\u5317\u65b0\u57ce\u5e02\u5e7f\u573a\u5e97", "order_time": ["2019-01-16 04:34:00"], "total_order": 1, "hotel_value": ["4.2"], "hotel_price": ["50"]}, "28755838": {"hotel_name": "\u5bb6\u8574\ufe52\u5c1a\u5ba2\u4f18\u7cbe\u9009\u9152\u5e97(\u7b80\u9633\u4e1c\u57ce\u534e\u5e9c\u5e97)", "order_time": ["2019-01-16 04:35:29"], "total_order": 1, "hotel_value": [0], "hotel_price": ["157"]}, "3033427": {"hotel_name": "\u6210\u90fd\u897f\u897f\u91cc\u7cbe\u54c1\u516c\u5bd3", "order_time": ["2019-01-16 04:37:20"], "total_order": 1, "hotel_value": ["4.7"], "hotel_price": ["144"]}, "6833415": {"hotel_name": "\u6210\u90fd\u73af\u7403\u4e2d\u5fc3\u6728\u83b2\u5e84\u9152\u5e97", "order_time": ["2019-01-16 04:37:26"], "total_order": 1, "hotel_value": ["4.8"], "hotel_price": ["399"]}, "1104365": {"hotel_name": "\u6210\u90fd\u7ea2\u8fbe\u9152\u5e97", "order_time": ["2019-01-16 04:37:31"], "total_order": 1, "hotel_value": ["4.0"], "hotel_price": ["109"]}, "21751425": {"hotel_name": "M\u8bbe\u8ba1\u5e08\u9152\u5e97(\u6210\u90fd\u5efa\u8bbe\u8def\u9ad8\u5730\u4e2d\u5fc3\u7535\u5b50\u79d1\u5927\u5e97)", "order_time": ["2019-01-16 04:37:36"], "total_order": 1, "hotel_value": ["4.8"], "hotel_price": ["178"]}, "23917765": {"hotel_name": "\u5f6d\u5dde\u6021\u5bb6\u4e3d\u666f\u9152\u5e97", "order_time": ["2019-01-16 04:39:12"], "total_order": 1, "hotel_value": ["4.7"], "hotel_price": ["129"]}, "6869720": {"hotel_name": "\u6210\u90fd\u4e16\u8302\u8302\u5fa1\u9152\u5e97", "order_time": ["2019-01-16 04:41:43"], "total_order": 1, "hotel_value": ["4.7"], "hotel_price": ["612"]}, "16151609": {"hotel_name": "\u5a01\u5c14\u946b\u9152\u5e97(\u6210\u90fd\u53cc\u6d41\u673a\u573a\u978b\u90fd\u5e97)", "order_time": ["2019-01-16 04:41:45"], "total_order": 1, "hotel_value": ["4.9"], "hotel_price": ["238"]}, "375513": {"hotel_name": "\u6210\u90fd\u699b\u60a6\u9686\u5821\u9152\u5e97", "order_time": ["2019-01-16 04:41:46"], "total_order": 1, "hotel_value": ["4.6"], "hotel_price": ["608"]}, "425827": {"hotel_name": "\u6210\u90fd\u76db\u6377\u6c5f\u7554\u670d\u52a1\u516c\u5bd3", "order_time": ["2019-01-16 04:41:47"], "total_order": 1, "hotel_value": ["4.6"], "hotel_price": ["546"]}, "1601082": {"hotel_name": "\u597d\u83b1\u65af\u767b\u9152\u5e97(\u6210\u90fd\u9526\u534e\u4e07\u8fbe\u5e97)", "order_time": ["2019-01-16 04:41:47"], "total_order": 1, "hotel_value": ["4.5"], "hotel_price": ["173"]}, "2290598": {"hotel_name": "\u6210\u90fd\u4e0a\u57ce\u5546\u52a1\u9152\u5e97", "order_time": ["2019-01-16 04:42:24"], "total_order": 1, "hotel_value": ["4.1"], "hotel_price": ["93"]}, "3455825": {"hotel_name": "\u6210\u90fd\u4e07\u8fbe\u745e\u534e\u9152\u5e97", "order_time": ["2019-01-16 04:45:43"], "total_order": 1, "hotel_value": ["4.8"], "hotel_price": ["1099"]}, "1228846": {"hotel_name": "\u6210\u90fd\u6625\u7199\u91cc\u9152\u5e97", "order_time": ["2019-01-16 04:46:21"], "total_order": 1, "hotel_value": ["3.7"], "hotel_price": ["108"]}, "3690050": {"hotel_name": "\u5168\u5b63\u9152\u5e97(\u90fd\u6c5f\u5830\u5e97)", "order_time": ["2019-01-16 04:47:28"], "total_order": 1, "hotel_value": ["4.8"], "hotel_price": ["228"]}, "1902480": {"hotel_name": "\u6210\u90fd\u84dd\u57ce\u60a6\u6995\u7cbe\u54c1\u6587\u5316\u9152\u5e97", "order_time": ["2019-01-16 04:49:43"], "total_order": 1, "hotel_value": ["4.8"], "hotel_price": ["298"]}, "6505449": {"hotel_name": "\u6210\u90fdIngood House \u516c\u5bd3(\u539f\u5962\u5c45\u56fd\u9645\u516c\u5bd3)", "order_time": ["2019-01-16 04:49:43"], "total_order": 1, "hotel_value": ["4.8"], "hotel_price": ["499"]}, "8668551": {"hotel_name": "\u6210\u90fd\u8a89\u5cf0m4\u6c11\u5bbf", "order_time": ["2019-01-16 04:49:47"], "total_order": 1, "hotel_value": ["4.6"], "hotel_price": ["153"]}, "2726606": {"hotel_name": "\u6210\u90fd\u7701\u8f66\u7ad9\u5feb\u6377\u9152\u5e97", "order_time": ["2019-01-16 04:50:14"], "total_order": 1, "hotel_value": ["4.3"], "hotel_price": ["93"]}, "6271688": {"hotel_name": "\u6210\u90fd\u7231\u5c1a\u4e91\u777f\u7cbe\u54c1\u516c\u5bd3", "order_time": ["2019-01-16 04:50:23"], "total_order": 1, "hotel_value": ["4.5"], "hotel_price": ["86"]}, "1306098": {"hotel_name": "\u60a6\u7a0b\u9152\u5e97(\u6210\u90fd\u91d1\u6c99\u9057\u5740\u5e97)", "order_time": ["2019-01-16 04:53:47", "2019-01-16 05:10:40"], "total_order": 2, "hotel_value": ["4.6", "4.6"], "hotel_price": ["177", "177"]}, "429876": {"hotel_name": "\u6210\u90fd\u4e16\u7eaa\u57ce\u5047\u65e5\u9152\u5e97-\u897f\u697c", "order_time": ["2019-01-16 04:55:30"], "total_order": 1, "hotel_value": ["4.5"], "hotel_price": ["578"]}, "14214681": {"hotel_name": "\u5723\u83f2\u4e9a\u9152\u5e97(\u6210\u90fd\u9ad8\u65b0\u4ec1\u548c\u6625\u5929\u5e7f\u573a\u5e97)", "order_time": ["2019-01-16 04:57:56"], "total_order": 1, "hotel_value": ["4.7"], "hotel_price": ["349"]}, "6839041": {"hotel_name": "\u6210\u90fd\u516d\u6708\u4e94\u53f7\u9752\u5e74\u65c5\u820d", "order_time": ["2019-01-16 04:58:50"], "total_order": 1, "hotel_value": [0], "hotel_price": ["13"]}, "1431064": {"hotel_name": "99\u65c5\u9986\u8fde\u9501(\u6210\u90fd\u4e00\u54c1\u5929\u4e0b\u5e97)", "order_time": ["2019-01-16 04:58:53"], "total_order": 1, "hotel_value": ["4.4"], "hotel_price": ["69"]}, "847232": {"hotel_name": "\u6d6a\u6f2b\u6ee1\u5c4b\u5ea6\u5047\u516c\u5bd3(\u6210\u90fd\u5bbd\u7a84\u5df7\u5b50\u5e97)", "order_time": ["2019-01-16 05:02:07"], "total_order": 1, "hotel_value": ["4.6"], "hotel_price": ["183"]}, "2172984": {"hotel_name": "\u6210\u90fd\u4e5d\u70b9\u827a\u5e93\u9152\u5e97", "order_time": ["2019-01-16 05:02:13"], "total_order": 1, "hotel_value": ["4.8"], "hotel_price": ["243"]}, "481054": {"hotel_name": "\u5e03\u4e01\u9152\u5e97(\u6210\u90fd\u5929\u5e9c\u5e7f\u573a\u5317\u87ba\u9a6c\u5e02\u5730\u94c1\u7ad9\u5e97)(\u539f\u5929\u5e9c\u5e7f\u573a\u5317\u9523\u9505\u5df7\u5e97)", "order_time": ["2019-01-16 05:02:39"], "total_order": 1, "hotel_value": ["4.3"], "hotel_price": ["79"]}, "473564": {"hotel_name": "\u5609\u597d\u5f17\u65af\u8fbe\u9152\u5e97(\u6210\u90fd\u6587\u6b8a\u9662\u5730\u94c1\u7ad9\u5e97)", "order_time": ["2019-01-16 05:06:18"], "total_order": 1, "hotel_value": ["4.6"], "hotel_price": ["199"]}, "7836276": {"hotel_name": "\u6df3\u610f\u00b7book\u9152\u5e97(\u6210\u90fd\u6625\u7199\u8def\u65b0\u5357\u95e8\u5730\u94c1\u7ad9\u5e97)", "order_time": ["2019-01-16 05:06:23"], "total_order": 1, "hotel_value": ["4.6"], "hotel_price": ["238"]}, "419443": {"hotel_name": "\u6210\u90fd\u53cb\u8c6a\u7f57\u66fc\u9152\u5e97", "order_time": ["2019-01-16 05:06:31", "2019-01-16 05:31:36"], "total_order": 2, "hotel_value": ["4.6", "4.6"], "hotel_price": ["458", "458"]}, "21713199": {"hotel_name": "\u6210\u90fd\u541b\u767b\u5821\u56fd\u9645\u516c\u5bd3", "order_time": ["2019-01-16 05:43:55", "2019-01-16 05:06:33"], "total_order": 2, "hotel_value": ["4.9", "4.9"], "hotel_price": ["410", "410"]}, "1988692": {"hotel_name": "\u592a\u901a\u5927\u9152\u5e97(\u6210\u90fd\u6625\u7199\u592a\u5347\u8def4\u53f7\u7ebf\u5730\u94c1\u7ad9\u5e97)", "order_time": ["2019-01-16 05:06:38"], "total_order": 1, "hotel_value": ["4.3"], "hotel_price": ["131"]}, "13912737": {"hotel_name": "\u6210\u90fd\u9752\u5de2\u00b7\u5bbd\u7a84\u7cbe\u54c1\u4e3b\u9898\u670d\u52a1\u516c\u5bd3", "order_time": ["2019-01-16 05:06:48"], "total_order": 1, "hotel_value": ["4.7"], "hotel_price": ["93"]}, "1360972": {"hotel_name": "\u6210\u90fd\u84dd\u6d77\u9152\u5e97", "order_time": ["2019-01-16 05:07:06"], "total_order": 1, "hotel_value": ["3.5"], "hotel_price": ["99"]}, "1385143": {"hotel_name": "\u6210\u90fd\u61d2\u7a9d\u9752\u5e74\u65c5\u820d", "order_time": ["2019-01-16 05:07:22"], "total_order": 1, "hotel_value": ["4.3"], "hotel_price": ["27"]}, "2036397": {"hotel_name": "\u6210\u90fd\u535a\u820d", "order_time": ["2019-01-16 05:10:38"], "total_order": 1, "hotel_value": ["4.7"], "hotel_price": ["1786"]}, "426534": {"hotel_name": "\u6210\u90fd\u4ec1\u6052\u8f89\u76db\u9601\u56fd\u9645\u516c\u5bd3", "order_time": ["2019-01-16 05:10:39"], "total_order": 1, "hotel_value": ["4.8"], "hotel_price": ["788"]}, "1763600": {"hotel_name": "\u5b9c\u90fd\u9152\u5e97(\u6210\u90fd\u795e\u4ed9\u6811\u5e97)(\u539f\u5b9c\u90fd\u5546\u52a1\u9152\u5e97)", "order_time": ["2019-01-16 05:10:48"], "total_order": 1, "hotel_value": ["4.4"], "hotel_price": ["202"]}, "7939406": {"hotel_name": "\u6210\u90fd\u98de\u6843\u82b1\u9752\u5e74\u65c5\u820d", "order_time": ["2019-01-16 05:10:55"], "total_order": 1, "hotel_value": ["4.8"], "hotel_price": ["59"]}, "6023761": {"hotel_name": "\u6210\u90fd\u57ce\u6210\u5546\u52a1\u9152\u5e97", "order_time": ["2019-01-16 05:10:55"], "total_order": 1, "hotel_value": ["3.9"], "hotel_price": ["96"]}, "2079994": {"hotel_name": "99\u65c5\u9986\u8fde\u9501(\u6210\u90fd\u6587\u6b8a\u574a\u597d\u5403\u8857\u5e97)(\u539f\u6587\u6b8a\u9662\u5730\u94c1\u7ad9\u5e97)", "order_time": ["2019-01-16 05:10:55"], "total_order": 1, "hotel_value": ["4.4"], "hotel_price": ["78"]}, "1608899": {"hotel_name": "\u6210\u90fd\u9752\u5ead\u80f6\u56ca\u516c\u5bd3", "order_time": ["2019-01-16 05:10:56"], "total_order": 1, "hotel_value": ["4.3"], "hotel_price": ["45"]}, "5994550": {"hotel_name": "\u58f9\u53f7\u516c\u5bd3(\u6210\u90fd\u6587\u6b8a\u9662\u5730\u94c1\u7ad9\u5e97)", "order_time": ["2019-01-16 05:10:56"], "total_order": 1, "hotel_value": ["4.5"], "hotel_price": ["154"]}, "2305304": {"hotel_name": "\u6210\u90fd\u5f18\u90fd\u5bbe\u9986", "order_time": ["2019-01-16 05:10:56"], "total_order": 1, "hotel_value": ["2.8"], "hotel_price": ["79"]}, "5980762": {"hotel_name": "\u6210\u90fd\u6021\u7136\u592a\u7a7a\u8231\u9752\u5e74\u65c5\u820d(\u6625\u7199\u8def\u592a\u53e4\u91cc\u5e97)", "order_time": ["2019-01-16 05:10:56"], "total_order": 1, "hotel_value": ["4.2"], "hotel_price": ["28"]}, "5644449": {"hotel_name": "\u6210\u90fd\u6854\u5b50\u5bb6\u9152\u5e97\u5f0f\u516c\u5bd3", "order_time": ["2019-01-16 05:10:56"], "total_order": 1, "hotel_value": ["4.5"], "hotel_price": ["163"]}, "770500": {"hotel_name": "\u6210\u90fd\u96c5\u4ed5\u83b1\u9152\u5e97", "order_time": ["2019-01-16 05:10:56"], "total_order": 1, "hotel_value": ["3.8"], "hotel_price": ["268"]}, "2276634": {"hotel_name": "\u8c6a\u60a6\u9152\u5e97(\u6210\u90fd\u6625\u7199\u592a\u53e4\u91cc\u5e97)", "order_time": ["2019-01-16 05:10:56"], "total_order": 1, "hotel_value": ["4.6"], "hotel_price": ["198"]}, "4984398": {"hotel_name": "\u6210\u90fd\u65ee\u65efer\u9752\u5e74\u65c5\u793e", "order_time": ["2019-01-16 05:11:02"], "total_order": 1, "hotel_value": ["4.7"], "hotel_price": ["30"]}, "15848521": {"hotel_name": "\u5b9c\u5fc5\u601d\u5c1a\u54c1\u9152\u5e97(\u6210\u90fd\u5929\u5e9c\u5e7f\u573a\u5730\u94c1\u7ad9\u5e97)", "order_time": ["2019-01-16 05:14:43"], "total_order": 1, "hotel_value": ["4.7"], "hotel_price": ["239"]}, "506449": {"hotel_name": "\u7f8e\u4e3d\u8c6a\u9152\u5e97(\u6210\u90fd\u5bbd\u7a84\u5df7\u5b50\u5e97)", "order_time": ["2019-01-16 05:14:46"], "total_order": 1, "hotel_value": ["4.8"], "hotel_price": ["288"]}, "419441": {"hotel_name": "\u6210\u90fd\u5ddd\u6e2f\u56fd\u9645\u9152\u5e97", "order_time": ["2019-01-16 05:14:49"], "total_order": 1, "hotel_value": ["4.3"], "hotel_price": ["193"]}, "2306553": {"hotel_name": "\u6210\u90fd\u5bb6\u5408\u5047\u65e5\u9152\u5e97\u9526\u91cc\u5206\u5e97", "order_time": ["2019-01-16 05:14:49"], "total_order": 1, "hotel_value": ["4.3"], "hotel_price": ["130"]}, "4547779": {"hotel_name": "\u6210\u90fd\u67e0\u6aac\u6c34\u6676\u9152\u5e97", "order_time": ["2019-01-16 05:15:15"], "total_order": 1, "hotel_value": ["4.4"], "hotel_price": ["133"]}, "24034644": {"hotel_name": "\u6210\u90fd\u7d22\u83f2\u5b89\u7b51\u6c11\u5bbf", "order_time": ["2019-01-16 05:18:48"], "total_order": 1, "hotel_value": ["4.8"], "hotel_price": ["175"]}, "705229": {"hotel_name": "\u6210\u90fd\u9493\u9c7c\u53f0\u7cbe\u54c1\u9152\u5e97", "order_time": ["2019-01-16 05:18:50"], "total_order": 1, "hotel_value": ["4.8"], "hotel_price": ["1700"]}, "5890381": {"hotel_name": "\u6210\u90fd\u9f99\u4e4b\u68a6\u745e\u5cf0\u516c\u5bd3\u9152\u5e97(\u539f\u745e\u5cf0\u516c\u5bd3\u9152\u5e97)", "order_time": ["2019-01-16 05:18:50"], "total_order": 1, "hotel_value": ["4.6"], "hotel_price": ["228"]}, "1302250": {"hotel_name": "\u5b89\u9038\u9152\u5e97(\u6210\u90fd\u897f\u5357\u8d22\u5927\u5730\u94c1\u7ad9\u5e97)", "order_time": ["2019-01-16 05:18:55"], "total_order": 1, "hotel_value": ["4.4"], "hotel_price": ["128"]}, "1064823": {"hotel_name": "\u6210\u90fd\u7a7a\u6e2f\u5546\u52a1\u9152\u5e97", "order_time": ["2019-01-16 05:18:56"], "total_order": 1, "hotel_value": ["4.6"], "hotel_price": ["344"]}, "9615273": {"hotel_name": "\u6210\u90fd\u58f3\u5b50\u5047\u65e5\u9152\u5e97\u9752\u7f8a\u4e07\u8fbe\u5e97", "order_time": ["2019-01-16 05:23:07", "2019-01-16 05:43:39"], "total_order": 2, "hotel_value": ["4.8", "4.8"], "hotel_price": ["196", "196"]}, "1419203": {"hotel_name": "\u6210\u90fd\u90fd\u5e02\u5bb6\u56ed\u9152\u5e97\u516c\u5bd3", "order_time": ["2019-01-16 05:23:11"], "total_order": 1, "hotel_value": ["4.5"], "hotel_price": ["145"]}, "21490650": {"hotel_name": "\u6210\u90fd\u946b\u76db\u6fe0\u9152\u5e97", "order_time": ["2019-01-16 05:23:23"], "total_order": 1, "hotel_value": ["4.7"], "hotel_price": ["193"]}, "1302226": {"hotel_name": "\u5cb7\u5c71\u5b89\u9038\u5927\u9152\u5e97(\u6210\u90fd\u5bbd\u7a84\u5df7\u5b50\u4eba\u6c11\u516c\u56ed\u5730\u94c1\u5e97)", "order_time": ["2019-01-16 05:27:07"], "total_order": 1, "hotel_value": ["4.7"], "hotel_price": ["253"]}, "6490758": {"hotel_name": "\u6210\u90fd\u675c\u752b\u8349\u5802\u4e9a\u6735\u9152\u5e97", "order_time": ["2019-01-16 05:27:20"], "total_order": 1, "hotel_value": ["4.8"], "hotel_price": ["370"]}, "1435157": {"hotel_name": "\u6210\u90fd\u7199\u7199\u5ea6\u5047\u77ed\u79df\u516c\u5bd3(\u539f\u9526\u57ce\u5ea6\u5047\u77ed\u79df\u516c\u5bd3\u6625\u7199\u5e97)", "order_time": ["2019-01-16 05:27:28"], "total_order": 1, "hotel_value": ["4.9"], "hotel_price": ["131"]}, "6048646": {"hotel_name": "\u6210\u90fd\u8299\u84c9\u5370\u8c61\u5927\u9152\u5e97", "order_time": ["2019-01-16 05:27:38"], "total_order": 1, "hotel_value": ["4.1"], "hotel_price": ["223"]}, "8683106": {"hotel_name": "\u7ef4\u4e5f\u7eb3\u9152\u5e97(\u6210\u90fd\u73e0\u6c5f\u5e7f\u573a\u5e97)", "order_time": ["2019-01-16 05:31:19"], "total_order": 1, "hotel_value": ["4.9"], "hotel_price": ["278"]}, "11218345": {"hotel_name": "H\u9152\u5e97(\u6210\u90fd\u53cc\u6d41\u673a\u573a\u6c34\u6676\u5e97)", "order_time": ["2019-01-16 05:31:22"], "total_order": 1, "hotel_value": ["4.8"], "hotel_price": ["233"]}, "5387987": {"hotel_name": "\u6210\u90fd\u5916\u53cc\u6960\u5e0c\u5c14\u987f\u6b22\u670b\u9152\u5e97", "order_time": ["2019-01-16 05:31:30"], "total_order": 1, "hotel_value": ["4.8"], "hotel_price": ["378"]}, "2266485": {"hotel_name": "\u6210\u90fd\u7280\u6d66\u7d2b\u767e\u5408\u9152\u5e97(\u539f\u51e4\u51f0\u5fa1\u5ead\u8fde\u9501\u9152\u5e97\u7280\u6d66\u5e97)", "order_time": ["2019-01-16 05:31:32"], "total_order": 1, "hotel_value": ["4.7"], "hotel_price": ["199"]}, "917036": {"hotel_name": "\u6210\u90fd\u65af\u7ef4\u767b\u5ea6\u5047\u516c\u5bd3(\u4e07\u8c61\u57ce\u89c2\u57ce)", "order_time": ["2019-01-16 05:31:36"], "total_order": 1, "hotel_value": ["4.5"], "hotel_price": ["157"]}, "2546420": {"hotel_name": "\u52a0\u5dde\u6d3e\u9152\u5e97(\u6210\u90fd\u6b66\u4faf\u5e97)", "order_time": ["2019-01-16 05:31:40"], "total_order": 1, "hotel_value": ["4.2"], "hotel_price": ["119"]}, "5248849": {"hotel_name": "\u9526\u6c5f\u4e4b\u661f\u54c1\u5c1a\u9152\u5e97(\u6210\u90fd\u5927\u4e30\u4e92\u60e0\u5927\u9053\u5e97)", "order_time": ["2019-01-16 05:31:49"], "total_order": 1, "hotel_value": ["4.7"], "hotel_price": ["177"]}, "1430980": {"hotel_name": "99\u65c5\u9986\u8fde\u9501(\u6210\u90fd\u8425\u95e8\u53e3\u5e97)", "order_time": ["2019-01-16 05:31:56"], "total_order": 1, "hotel_value": ["4.3"], "hotel_price": ["70"]}, "6402528": {"hotel_name": "\u6210\u90fd\u60a6\u4ead\u592a\u53e4\u91cc\u516c\u5bd3", "order_time": ["2019-01-16 05:31:57"], "total_order": 1, "hotel_value": ["4.6"], "hotel_price": ["185"]}, "15931679": {"hotel_name": "\u91d1\u5f00\u56fd\u9645\u516c\u5bd3\uff08\u6210\u90fd\u6587\u6b8a\u9662\u5e97\uff09", "order_time": ["2019-01-16 05:35:25"], "total_order": 1, "hotel_value": ["4.8"], "hotel_price": ["359"]}, "8511777": {"hotel_name": "\u6210\u90fd\u6591\u6593\u5bb6\u6c11\u5bbf\u4e5d\u773c\u6865\u5e97", "order_time": ["2019-01-16 05:35:36"], "total_order": 1, "hotel_value": ["4.8"], "hotel_price": ["184"]}, "2157645": {"hotel_name": "\u5a01\u65af\u51ef\u5c14\u5965\u7279\u9152\u5e97(\u6210\u90fd\u73af\u7403\u4e2d\u5fc3\u5e97)", "order_time": ["2019-01-16 05:35:38"], "total_order": 1, "hotel_value": ["4.5"], "hotel_price": ["201"]}, "6954819": {"hotel_name": "\u8d39\u5c14\u987f\u516c\u5bd3(\u6210\u90fd\u5929\u5e9c\u5e7f\u573a\u9aa1\u9a6c\u5e02\u5730\u94c1\u7ad9\u5e97)", "order_time": ["2019-01-16 05:35:38"], "total_order": 1, "hotel_value": ["4.7"], "hotel_price": ["147"]}, "5075891": {"hotel_name": "\u6210\u90fd\u8fbe\u5a01\u65af\u9152\u5e97", "order_time": ["2019-01-16 05:35:39"], "total_order": 1, "hotel_value": ["4.1"], "hotel_price": ["114"]}, "2929905": {"hotel_name": "\u98ce\u534e\u5929\u9a84\u7cbe\u54c1\u9152\u5e97(\u6210\u90fd\u9f99\u57ce\u5929\u9a84\u4f20\u5a92\u5b66\u9662\u5e97)", "order_time": ["2019-01-16 05:35:41"], "total_order": 1, "hotel_value": ["4.2"], "hotel_price": ["134"]}, "25264217": {"hotel_name": "\u6210\u90fd\u5e0c\u6f2b\u4e3b\u9898\u9152\u5e97", "order_time": ["2019-01-16 05:35:44"], "total_order": 1, "hotel_value": ["4.9"], "hotel_price": ["128"]}, "2311445": {"hotel_name": "\u6210\u90fd\u4e16\u8d38\u516c\u5bd3", "order_time": ["2019-01-16 05:40:20"], "total_order": 1, "hotel_value": ["4.7"], "hotel_price": ["83"]}, "1707589": {"hotel_name": "\u76db\u94c2\u4ed5\u4e39\u9152\u5e97(\u6210\u90fd\u91d1\u878d\u57ce\u5e97)", "order_time": ["2019-01-16 05:43:37"], "total_order": 1, "hotel_value": ["4.7"], "hotel_price": ["278"]}, "1229642": {"hotel_name": "\u5c1a\u4fed\u592a\u7a7a\u8231\u4e3b\u9898\u9752\u5e74\u65c5\u820d(\u6210\u90fd\u5bbd\u7a84\u5df7\u5b50\u5e97)", "order_time": ["2019-01-16 05:43:43"], "total_order": 1, "hotel_value": ["4.5"], "hotel_price": ["34"]}, "16084081": {"hotel_name": "\u6210\u90fd\u4e1c\u6625\u5317\u97f5\u9152\u5e97", "order_time": ["2019-01-16 05:44:08"], "total_order": 1, "hotel_value": ["4.9"], "hotel_price": ["182"]}, "385893": {"hotel_name": "\u5609\u597d\u60a6\u7f8e\u9152\u5e97(\u6210\u90fd\u5929\u5e9c\u5e7f\u573a\u5e97)", "order_time": ["2019-01-16 05:47:51"], "total_order": 1, "hotel_value": ["4.7"], "hotel_price": ["240"]}, "6760113": {"hotel_name": "\u6210\u90fd\u6d77\u6d0b\u4e4b\u604b\u4e3b\u9898\u9152\u5e97\u9f99\u57ce\u56fd\u9645\u5e97", "order_time": ["2019-01-16 05:47:57"], "total_order": 1, "hotel_value": ["4.4"], "hotel_price": ["124"]}, "1194699": {"hotel_name": "\u6210\u90fd\u718a\u732b\u592b\u4eba\u9752\u5e74\u65c5\u820d", "order_time": ["2019-01-16 05:48:16"], "total_order": 1, "hotel_value": ["4.6"], "hotel_price": ["30"]}, "8553030": {"hotel_name": "\u6210\u90fd\u6a58\u5b50\u9752\u5e74\u65c5\u820d", "order_time": ["2019-01-16 05:48:27"], "total_order": 1, "hotel_value": ["4.4"], "hotel_price": ["25"]}, "6746478": {"hotel_name": "\u6210\u90fd\u56db\u6d77\u5ba2\u6808", "order_time": ["2019-01-16 05:48:57"], "total_order": 1, "hotel_value": [0], "hotel_price": ["66"]}}}