{"\u5f00\u59cb\u8bb0\u5f55\u65f6\u95f4": "2019-01-22 05:32:22", "\u7ed3\u675f\u8bb0\u5f55\u65f6\u95f4": "2019-01-22 06:56:56", "\u8ba2\u5355\u603b\u589e\u91cf": 198, "item": {"634846": {"hotel_name": "\u7693\u5929\u56fd\u6cf0\u5927\u996d\u5e97(\u6210\u90fd\u53cc\u6d41\u56fd\u9645\u673a\u573a\u5e97)", "order_time": ["2019-01-22 05:35:13"], "total_order": 1, "hotel_value": ["4.9"], "hotel_price": ["270"]}, "456981": {"hotel_name": "\u6210\u90fd\u4f0a\u4e3d\u7279\u9152\u5e97", "order_time": ["2019-01-22 05:37:56", "2019-01-22 05:49:20"], "total_order": 2, "hotel_value": ["4.6", "4.6"], "hotel_price": ["184", "184"]}, "2088621": {"hotel_name": "\u6210\u90fd\u9ec4\u5927\u5e08\u7231\u5fc3\u9152\u5e97", "order_time": ["2019-01-22 05:38:06"], "total_order": 1, "hotel_value": ["4.2"], "hotel_price": ["168"]}, "2271185": {"hotel_name": "\u4e16\u4ee3\u6c5f\u7554\u516c\u5bd3(\u6210\u90fd\u5929\u5e9c\u5e7f\u573a\u5e97)", "order_time": ["2019-01-22 05:40:41"], "total_order": 1, "hotel_value": ["4.3"], "hotel_price": ["220"]}, "996673": {"hotel_name": "\u6210\u90fd\u4e16\u5916\u6843\u6e90\u9152\u5e97", "order_time": ["2019-01-22 05:40:46"], "total_order": 1, "hotel_value": ["4.8"], "hotel_price": ["871"]}, "704206": {"hotel_name": "\u9526\u6c5f\u4e4b\u661f(\u6210\u90fd\u6b66\u4faf\u7960\u4f53\u80b2\u5b66\u9662\u5e97)", "order_time": ["2019-01-22 05:40:48"], "total_order": 1, "hotel_value": ["4.6"], "hotel_price": ["139"]}, "2287216": {"hotel_name": "\u5168\u5b63\u9152\u5e97(\u6210\u90fd\u76db\u5927\u56fd\u9645\u5e97)", "order_time": ["2019-01-22 05:43:24", "2019-01-22 06:09:12"], "total_order": 2, "hotel_value": ["4.6", "4.6"], "hotel_price": ["245", "245"]}, "6520632": {"hotel_name": "\u6210\u90fd\u9ad8\u65b0\u79a7\u73a5\u9152\u5e97", "order_time": ["2019-01-22 05:46:21"], "total_order": 1, "hotel_value": ["4.7"], "hotel_price": ["549"]}, "2040348": {"hotel_name": "\u8389\u8482\u4e9a\u9152\u5e97(\u6210\u90fd\u706b\u8f66\u4e1c\u7ad9\u5e97)", "order_time": ["2019-01-22 05:46:22"], "total_order": 1, "hotel_value": ["4.6"], "hotel_price": ["169"]}, "486596": {"hotel_name": "\u6210\u90fd\u4e3d\u65af\u987f\u9152\u5e97", "order_time": ["2019-01-22 05:46:27"], "total_order": 1, "hotel_value": ["4.4"], "hotel_price": ["230"]}, "6066627": {"hotel_name": "\u718a\u732b\u738b\u5b50\u7cbe\u9009\u9152\u5e97(\u6210\u90fd\u65b0\u534e\u516c\u56ed\u5e97)", "order_time": ["2019-01-22 05:49:14"], "total_order": 1, "hotel_value": ["4.3"], "hotel_price": ["124"]}, "17466277": {"hotel_name": "\u6210\u90fd\u65b0\u4f1a\u5c55\u8d1d\u5c14\u7279\u9152\u5e97", "order_time": ["2019-01-22 05:49:14"], "total_order": 1, "hotel_value": ["4.8"], "hotel_price": ["438"]}, "435194": {"hotel_name": "\u6210\u90fd\u57ce\u5e02\u540d\u4eba\u9152\u5e97", "order_time": ["2019-01-22 06:34:05", "2019-01-22 06:48:32", "2019-01-22 06:56:30", "2019-01-22 05:49:15", "2019-01-22 05:54:58"], "total_order": 5, "hotel_value": ["4.7", "4.7", "4.7", "4.7", "4.7"], "hotel_price": ["598", "598", "598", "598", "598"]}, "26359616": {"hotel_name": "\u901f8\u9152\u5e97(\u6210\u90fd\u592a\u5347\u8def\u5e97)", "order_time": ["2019-01-22 05:49:36"], "total_order": 1, "hotel_value": ["4.8"], "hotel_price": ["151"]}, "2297424": {"hotel_name": "\u6210\u90fd\u5e0c\u5c14\u987f\u9152\u5e97", "order_time": ["2019-01-22 05:52:09"], "total_order": 1, "hotel_value": ["4.7"], "hotel_price": ["798"]}, "730701": {"hotel_name": "\u5982\u5bb6\u5feb\u6377\u9152\u5e97(\u6210\u90fd\u6587\u6b8a\u574a\u592a\u5347\u5317\u8def\u5e97)", "order_time": ["2019-01-22 05:52:10"], "total_order": 1, "hotel_value": ["4.7"], "hotel_price": ["118"]}, "8155750": {"hotel_name": "\u6210\u90fd\u822a\u5bb8\u56fd\u9645\u9152\u5e97", "order_time": ["2019-01-22 05:52:14"], "total_order": 1, "hotel_value": ["4.7"], "hotel_price": ["310"]}, "667831": {"hotel_name": "\u745e\u7199\u9152\u5e97(\u6210\u90fd\u5bbd\u7a84\u5df7\u5b50\u5e97)(\u539f\u897f\u5317\u6865\u5e97)", "order_time": ["2019-01-22 05:52:14"], "total_order": 1, "hotel_value": ["4.7"], "hotel_price": ["243"]}, "2298608": {"hotel_name": "\u6210\u90fd\u6d77\u4f26\u5546\u52a1\u9152\u5e97", "order_time": ["2019-01-22 05:52:24"], "total_order": 1, "hotel_value": ["4.3"], "hotel_price": ["108"]}, "468322": {"hotel_name": "\u6210\u90fd\u7d22\u83f2\u65af\u9526\u82d1\u5bbe\u9986", "order_time": ["2019-01-22 06:34:05", "2019-01-22 06:48:32", "2019-01-22 05:54:58"], "total_order": 3, "hotel_value": ["4.9", "4.9", "4.9"], "hotel_price": ["486", "486", "486"]}, "11020316": {"hotel_name": "\u6210\u90fd\u5bbd\u7a84\u5df7\u5b50\u7f8e\u5c45\u9152\u5e97", "order_time": ["2019-01-22 06:34:05", "2019-01-22 06:48:32", "2019-01-22 05:54:58"], "total_order": 3, "hotel_value": ["4.9", "4.9", "4.9"], "hotel_price": ["459", "459", "459"]}, "470094": {"hotel_name": "\u6210\u90fd\u745e\u57ce\u540d\u4eba\u9152\u5e97", "order_time": ["2019-01-22 06:34:05", "2019-01-22 06:48:32", "2019-01-22 05:54:58"], "total_order": 3, "hotel_value": ["4.8", "4.8", "4.8"], "hotel_price": ["336", "336", "336"]}, "23755233": {"hotel_name": "\u6765\u4f4fH\u00b7HOTEL(\u6210\u90fd\u592a\u53e4\u91cc\u4e5d\u773c\u6865\u5e97)", "order_time": ["2019-01-22 06:34:05", "2019-01-22 06:48:32", "2019-01-22 05:54:58"], "total_order": 3, "hotel_value": ["4.8", "4.8", "4.8"], "hotel_price": ["388", "388", "388"]}, "392750": {"hotel_name": "\u4e9a\u6735S\u9152\u5e97(\u6210\u90fd\u592a\u53e4\u91cc\u5e97)", "order_time": ["2019-01-22 06:34:05", "2019-01-22 06:43:10", "2019-01-22 05:54:58"], "total_order": 3, "hotel_value": ["4.8", "4.8", "4.8"], "hotel_price": ["632", "632", "632"]}, "2041806": {"hotel_name": "\u9752\u6850\u57ce\u5e02\u9152\u5e97(\u6210\u90fd\u5bbd\u7a84\u5df7\u5b50\u5e97)", "order_time": ["2019-01-22 06:09:11", "2019-01-22 05:54:58"], "total_order": 2, "hotel_value": ["4.8", "4.8"], "hotel_price": ["297", "297"]}, "481150": {"hotel_name": "\u6210\u90fd\u65b0\u826f\u5927\u9152\u5e97", "order_time": ["2019-01-22 05:54:58"], "total_order": 1, "hotel_value": ["4.7"], "hotel_price": ["289"]}, "2314554": {"hotel_name": "\u897f\u59c6\u7ff0\u58a8\u9152\u5e97(\u6210\u90fd\u6625\u7199\u592a\u53e4\u91cc\u5e97)", "order_time": ["2019-01-22 05:54:58"], "total_order": 1, "hotel_value": ["4.8"], "hotel_price": ["288"]}, "473285": {"hotel_name": "\u91d1\u7d2b\u8587\u9152\u5e97(\u6210\u90fd\u6625\u7199\u8def\u6b65\u884c\u8857\u5e97)", "order_time": ["2019-01-22 05:54:59"], "total_order": 1, "hotel_value": ["4.6"], "hotel_price": ["196"]}, "1192526": {"hotel_name": "\u745e\u601d\u7279\u9152\u5e97(\u6210\u90fd\u6625\u7199\u592a\u53e4\u91cc\u5e97)(\u539f\u6625\u7199\u5370\u8c61\u5e97)", "order_time": ["2019-01-22 05:54:59"], "total_order": 1, "hotel_value": ["4.7"], "hotel_price": ["190"]}, "1816884": {"hotel_name": "\u6210\u90fd\u4e5d\u773c\u6865\u9890\u548c\u9152\u5e97", "order_time": ["2019-01-22 05:54:59"], "total_order": 1, "hotel_value": ["4.7"], "hotel_price": ["229"]}, "6482591": {"hotel_name": "\u6210\u90fd\u897f\u59c6\u5584\u5c45\u9152\u5e97", "order_time": ["2019-01-22 05:54:59"], "total_order": 1, "hotel_value": ["4.7"], "hotel_price": ["279"]}, "6346365": {"hotel_name": "\u9690\u6816\u5802\u9152\u5e97(\u6210\u90fd\u675c\u752b\u8349\u5802\u5e97)", "order_time": ["2019-01-22 05:54:59"], "total_order": 1, "hotel_value": ["4.8"], "hotel_price": ["341"]}, "3668886": {"hotel_name": "\u6210\u90fd\u6625\u7199\u4e9a\u6735S\u540c\u9053\u661f\u5ea7\u9152\u5e97", "order_time": ["2019-01-22 05:54:59"], "total_order": 1, "hotel_value": ["4.8"], "hotel_price": ["379"]}, "2128651": {"hotel_name": "\u5609\u7acb\u8fde\u9501\u9152\u5e97(\u6210\u90fd\u629a\u7434\u897f\u8def\u5e97)", "order_time": ["2019-01-22 05:54:59"], "total_order": 1, "hotel_value": ["4.4"], "hotel_price": ["75"]}, "1064823": {"hotel_name": "\u6210\u90fd\u7a7a\u6e2f\u5546\u52a1\u9152\u5e97", "order_time": ["2019-01-22 05:55:03"], "total_order": 1, "hotel_value": ["4.6"], "hotel_price": ["344"]}, "1302226": {"hotel_name": "\u5cb7\u5c71\u5b89\u9038\u5927\u9152\u5e97(\u6210\u90fd\u5bbd\u7a84\u5df7\u5b50\u4eba\u6c11\u516c\u56ed\u5730\u94c1\u5e97)", "order_time": ["2019-01-22 05:55:14"], "total_order": 1, "hotel_value": ["4.7"], "hotel_price": ["253"]}, "1212541": {"hotel_name": "\u6210\u90fd\u878d\u6295\u9152\u5e97", "order_time": ["2019-01-22 05:57:50", "2019-01-22 06:49:05"], "total_order": 2, "hotel_value": ["4.7", "4.7"], "hotel_price": ["316", "316"]}, "23988651": {"hotel_name": "\u7e41\u661f\u6211\u4eec\u9752\u5e74\u65c5\u820d(\u6210\u90fd\u6625\u7199\u8def\u592a\u53e4\u91cc\u5e97)", "order_time": ["2019-01-22 05:57:55"], "total_order": 1, "hotel_value": ["4.9"], "hotel_price": ["47"]}, "6509805": {"hotel_name": "\u7ef4\u4e5f\u7eb3\u9152\u5e97(\u6210\u90fd\u5927\u4e30\u5730\u94c1\u7ad9\u5e97)", "order_time": ["2019-01-22 05:57:58"], "total_order": 1, "hotel_value": ["4.9"], "hotel_price": ["227"]}, "6299972": {"hotel_name": "\u6f6e\u6f2b\u9152\u5e97(\u6210\u90fd\u6625\u7199\u8def\u5e97)(\u539f\u6625\u7199\u8def\u5e02\u4e8c\u533b\u9662\u5730\u94c1\u53e3\u5e97)", "order_time": ["2019-01-22 05:58:02"], "total_order": 1, "hotel_value": ["4.7"], "hotel_price": ["214"]}, "2558997": {"hotel_name": "\u51ef\u5bbe\u9152\u5e97(\u6210\u90fd\u4f0a\u85e4\u5e97)", "order_time": ["2019-01-22 05:58:03"], "total_order": 1, "hotel_value": ["4.0"], "hotel_price": ["151"]}, "1666127": {"hotel_name": "\u6210\u90fd\u5c3c\u4f9d\u683c\u7f57\u9152\u5e97", "order_time": ["2019-01-22 06:00:37"], "total_order": 1, "hotel_value": ["4.8"], "hotel_price": ["1552"]}, "2206392": {"hotel_name": "\u65f6\u4ee3\u541b\u60a6\u5546\u52a1\u9152\u5e97(\u6210\u90fd\u6b66\u4faf\u7960\u9526\u91cc\u5e97)", "order_time": ["2019-01-22 06:00:37"], "total_order": 1, "hotel_value": ["4.5"], "hotel_price": ["152"]}, "2299088": {"hotel_name": "\u51ef\u5bbe\u8fde\u9501\u9152\u5e97(\u6210\u90fd\u8425\u95e8\u53e3\u5e97)", "order_time": ["2019-01-22 06:00:37"], "total_order": 1, "hotel_value": ["4.0"], "hotel_price": ["167"]}, "8552748": {"hotel_name": "\u6210\u90fd\u68ee\u6e56\u5bbe\u9986", "order_time": ["2019-01-22 06:00:37"], "total_order": 1, "hotel_value": ["4.4"], "hotel_price": ["135"]}, "18543154": {"hotel_name": "\u6210\u90fd\u8377\u82b1\u9038\u5c45\u9152\u5e97", "order_time": ["2019-01-22 06:00:37"], "total_order": 1, "hotel_value": ["4.4"], "hotel_price": ["102"]}, "8552594": {"hotel_name": "\u6210\u90fd\u8c6a\u7235\u7cbe\u54c1\u516c\u5bd3", "order_time": ["2019-01-22 06:00:37"], "total_order": 1, "hotel_value": ["4.7"], "hotel_price": ["80"]}, "1247719": {"hotel_name": "\u5b89\u9038\u9152\u5e97(\u6210\u90fd\u5bbd\u7a84\u5df7\u5b50\u897f\u5e97)", "order_time": ["2019-01-22 06:00:37"], "total_order": 1, "hotel_value": ["4.4"], "hotel_price": ["97"]}, "1101050": {"hotel_name": "\u6210\u90fd\u7ef4\u65af\u987f\u9152\u5e97", "order_time": ["2019-01-22 06:00:37"], "total_order": 1, "hotel_value": ["4.2"], "hotel_price": ["175"]}, "6061306": {"hotel_name": "\u5c1a\u4fed\u592a\u7a7a\u8231\u9152\u5e97(\u6210\u90fd\u6625\u7199\u8def\u5730\u94c1\u7ad9\u5e97)", "order_time": ["2019-01-22 06:00:37"], "total_order": 1, "hotel_value": ["4.6"], "hotel_price": ["38"]}, "5999495": {"hotel_name": "\u6a31\u82b1\u4e4b\u604b\u4e3b\u9898\u9152\u5e97(\u6210\u90fd\u6625\u7199\u8def\u592a\u53e4\u91cc\u5e97)", "order_time": ["2019-01-22 06:00:37"], "total_order": 1, "hotel_value": ["4.6"], "hotel_price": ["187"]}, "26483094": {"hotel_name": "\u6210\u90fd\u66fc\u67cf\u83f2\u5c14\u9152\u5e97", "order_time": ["2019-01-22 06:00:37"], "total_order": 1, "hotel_value": ["4.4"], "hotel_price": ["204"]}, "19912780": {"hotel_name": "\u6210\u90fd\u9752\u7f8a\u827e\u5c1a\u9152\u5e97", "order_time": ["2019-01-22 06:00:37"], "total_order": 1, "hotel_value": ["4.3"], "hotel_price": ["108"]}, "2626578": {"hotel_name": "\u5bcc\u84c9\u9152\u5e97\uff08\u6210\u90fd\u9f99\u6e56\u5929\u8857\u5e97\uff09", "order_time": ["2019-01-22 06:00:37"], "total_order": 1, "hotel_value": ["4.5"], "hotel_price": ["100"]}, "445847": {"hotel_name": "\u6210\u90fd\u91d1\u6708\u5546\u52a1\u5bbe\u9986", "order_time": ["2019-01-22 06:00:37"], "total_order": 1, "hotel_value": ["4.5"], "hotel_price": ["136"]}, "1466427": {"hotel_name": "\u9ec4\u9f99\u6eaa\u6b23\u745e\u5927\u9152\u5e97", "order_time": ["2019-01-22 06:00:37"], "total_order": 1, "hotel_value": ["4.6"], "hotel_price": ["300"]}, "2019086": {"hotel_name": "\u6210\u90fd\u9534\u71d5\u9152\u5e97", "order_time": ["2019-01-22 06:00:37"], "total_order": 1, "hotel_value": ["4.6"], "hotel_price": ["155"]}, "4496633": {"hotel_name": "\u8499\u592a\u5947\u4e3b\u9898\u516c\u5bd3(\u6210\u90fd\u7f8e\u9886\u9986\u5ddd\u5927\u5e97)", "order_time": ["2019-01-22 06:00:39"], "total_order": 1, "hotel_value": ["4.5"], "hotel_price": ["153"]}, "16011191": {"hotel_name": "\u7199\u5c45\u9152\u5e97\uff08\u6210\u90fd\u9f99\u6cc9\u543e\u60a6\u5e7f\u573a\u5e97\uff09", "order_time": ["2019-01-22 06:00:45"], "total_order": 1, "hotel_value": ["4.2"], "hotel_price": ["194"]}, "3666100": {"hotel_name": "\u99a8\u8bed\u9152\u5e97\u5f0f\u516c\u5bd3(\u6210\u90fd\u5929\u5e9c\u5e7f\u573a\u5730\u94c1\u7ad9\u5e97)", "order_time": ["2019-01-22 06:00:45"], "total_order": 1, "hotel_value": ["4.6"], "hotel_price": ["121"]}, "2299089": {"hotel_name": "\u51ef\u5bbe\u8fde\u9501\u9152\u5e97(\u6210\u90fd\u4e5d\u773c\u6865\u5ddd\u5927\u5ddd\u97f3\u5e97))", "order_time": ["2019-01-22 06:00:45"], "total_order": 1, "hotel_value": ["4.0"], "hotel_price": ["157"]}, "28557777": {"hotel_name": "\u6210\u90fdSleep house\u6da6\u5bcc\u56fd\u9645\u516c\u5bd3", "order_time": ["2019-01-22 06:00:45"], "total_order": 1, "hotel_value": ["5.0"], "hotel_price": ["151"]}, "1420774": {"hotel_name": "\u6210\u90fd\u4e50\u6d6e\u56fd\u9645\u9752\u5e74\u65c5\u820d", "order_time": ["2019-01-22 06:00:45"], "total_order": 1, "hotel_value": ["4.6"], "hotel_price": ["27"]}, "2118446": {"hotel_name": "\u6210\u90fd\u82b1\u9999\u76db\u4e16\u9152\u5e97", "order_time": ["2019-01-22 06:00:45"], "total_order": 1, "hotel_value": ["4.3"], "hotel_price": ["154"]}, "21908910": {"hotel_name": "\u6210\u90fd\u7235\u5e9c\u5ea6\u5047\u516c\u5bd3", "order_time": ["2019-01-22 06:00:45"], "total_order": 1, "hotel_value": ["4.9"], "hotel_price": ["173"]}, "1988692": {"hotel_name": "\u592a\u901a\u5927\u9152\u5e97(\u6210\u90fd\u6625\u7199\u592a\u5347\u8def4\u53f7\u7ebf\u5730\u94c1\u7ad9\u5e97)", "order_time": ["2019-01-22 06:00:49"], "total_order": 1, "hotel_value": ["4.3"], "hotel_price": ["131"]}, "8606769": {"hotel_name": "\u7ef4\u4e5f\u7eb3\u9152\u5e97(\u6210\u90fd\u673a\u573a\u978b\u90fd\u5e97)", "order_time": ["2019-01-22 06:00:55"], "total_order": 1, "hotel_value": ["4.8"], "hotel_price": ["249"]}, "4835506": {"hotel_name": "\u6210\u90fd\u683c\u6797\u8c6a\u6cf0\u673a\u573a\u8def\u73e0\u6c5f\u8def\u5feb\u6377\u9152\u5e97", "order_time": ["2019-01-22 06:01:02"], "total_order": 1, "hotel_value": ["4.3"], "hotel_price": ["139"]}, "770649": {"hotel_name": "\u5d07\u5dde\u91d1\u6d77\u4f26\u5546\u52a1\u9152\u5e97", "order_time": ["2019-01-22 06:02:31"], "total_order": 1, "hotel_value": ["4.5"], "hotel_price": ["124"]}, "2187476": {"hotel_name": "\u6021\u5bb6\u57ce\u5e02\u9152\u5e97(\u6210\u90fd\u6e29\u6c5f\u5357\u718f\u5927\u9053\u7ad9\u5e97)", "order_time": ["2019-01-22 06:03:37"], "total_order": 1, "hotel_value": ["4.8"], "hotel_price": ["179"]}, "2694862": {"hotel_name": "\u5b89\u60a6.\u539f\u820d\u9152\u5e97\uff08\u6210\u90fd\u7985\u610f\u82b1\u56ed\u5e97\uff09", "order_time": ["2019-01-22 06:06:19"], "total_order": 1, "hotel_value": ["4.8"], "hotel_price": ["277"]}, "397156": {"hotel_name": "\u6210\u90fd\u5eb7\u666e\u96f7\u65af\u56fd\u9645\u9152\u5e97", "order_time": ["2019-01-22 06:37:30", "2019-01-22 06:06:21"], "total_order": 2, "hotel_value": ["4.6", "4.6"], "hotel_price": ["305", "305"]}, "6827097": {"hotel_name": "\u6210\u90fd\u68a7\u6850\u8bed\u4e3b\u9898\u516c\u5bd3\u4f53\u80b2\u4e2d\u5fc3\u5e97", "order_time": ["2019-01-22 06:06:21"], "total_order": 1, "hotel_value": ["4.7"], "hotel_price": ["123"]}, "11020554": {"hotel_name": "\u76db\u94c2\u4ed5\u4e39\u9152\u5e97(\u6210\u90fd\u9526\u91cc\u6b66\u4faf\u7960\u5e97)", "order_time": ["2019-01-22 06:06:25"], "total_order": 1, "hotel_value": ["4.7"], "hotel_price": ["388"]}, "8553004": {"hotel_name": "\u9999\u7f07\u9152\u5e97(\u6210\u90fd\u897f\u534e\u5927\u5b66\u5e97)", "order_time": ["2019-01-22 06:06:40"], "total_order": 1, "hotel_value": ["4.5"], "hotel_price": ["107"]}, "2494231": {"hotel_name": "\u6210\u90fd\u5927\u9f0e\u4e16\u7eaa\u5927\u9152\u5e97(\u539f\u5927\u9f0e\u6234\u65af\u5927\u9152\u5e97)", "order_time": ["2019-01-22 06:09:08"], "total_order": 1, "hotel_value": ["4.7"], "hotel_price": ["399"]}, "25371628": {"hotel_name": "\u6210\u90fd\u5343\u5c7f\u8d5b\u7eb3\u7ef4\u9152\u5e97", "order_time": ["2019-01-22 06:09:12"], "total_order": 1, "hotel_value": ["4.9"], "hotel_price": ["189"]}, "430047": {"hotel_name": "\u6210\u90fd\u660e\u5b87\u5c1a\u96c5\u996d\u5e97", "order_time": ["2019-01-22 06:49:17", "2019-01-22 06:09:14"], "total_order": 2, "hotel_value": ["4.8", "4.8"], "hotel_price": ["538", "538"]}, "5803588": {"hotel_name": "\u6210\u90fd\u9f99\u4e4b\u68a6\u96c5\u4ed5\u5546\u52a1\u9152\u5e97(\u539f\u96c5\u4ed5\u5546\u52a1\u9152\u5e97)", "order_time": ["2019-01-22 06:09:18"], "total_order": 1, "hotel_value": ["4.4"], "hotel_price": ["188"]}, "17017314": {"hotel_name": "IU\u9152\u5e97(\u6210\u90fd\u9a77\u9a6c\u6865\u662d\u89c9\u5bfa\u5730\u94c1\u5e97)", "order_time": ["2019-01-22 06:09:19"], "total_order": 1, "hotel_value": ["4.8"], "hotel_price": ["138"]}, "5620429": {"hotel_name": "\u661f\u7a0b\u9152\u5e97(\u6210\u90fd\u6625\u7199\u592a\u5347\u8def\u5e97)", "order_time": ["2019-01-22 06:15:15", "2019-01-22 06:09:39"], "total_order": 2, "hotel_value": ["4.4", "4.4"], "hotel_price": ["110", "110"]}, "2220143": {"hotel_name": "\u5d07\u5dde\u91d1\u6e2f\u6e7e\u5feb\u6377\u9152\u5e97", "order_time": ["2019-01-22 06:10:39"], "total_order": 1, "hotel_value": ["4.2"], "hotel_price": ["94"]}, "1887287": {"hotel_name": "\u6210\u90fd\u666f\u9633\u9152\u5e97(\u539f\u666f\u9633\u5546\u52a1\u9152\u5e97)", "order_time": ["2019-01-22 06:12:02"], "total_order": 1, "hotel_value": ["4.4"], "hotel_price": ["206"]}, "15847695": {"hotel_name": "\u9690\u6816\u5802\u9152\u5e97(\u6210\u90fd\u592a\u53e4\u91cc\u5e97)(\u539f\u5408\u6c5f\u4ead\u5e97))", "order_time": ["2019-01-22 06:12:06"], "total_order": 1, "hotel_value": ["4.8"], "hotel_price": ["273"]}, "835590": {"hotel_name": "\u6210\u90fd\u9999\u57ce\u4e3b\u9898\u9152\u5e97(\u539f\u9999\u57ce\u5927\u9152\u5e97)", "order_time": ["2019-01-22 06:12:19"], "total_order": 1, "hotel_value": ["4.7"], "hotel_price": ["107"]}, "24465603": {"hotel_name": "\u6210\u90fd\u94c2\u4f26\u9152\u5e97", "order_time": ["2019-01-22 06:12:23"], "total_order": 1, "hotel_value": [0], "hotel_price": ["150"]}, "5683164": {"hotel_name": "\u6854\u5b50\u9152\u5e97\u7cbe\u9009(\u6210\u90fd\u6b66\u4faf\u7960\u9526\u91cc\u5e97)", "order_time": ["2019-01-22 06:14:45"], "total_order": 1, "hotel_value": ["4.8"], "hotel_price": ["341"]}, "533174": {"hotel_name": "\u6210\u90fd\u91d1\u6c99\u5927\u9152\u5e97", "order_time": ["2019-01-22 06:14:49"], "total_order": 1, "hotel_value": ["4.6"], "hotel_price": ["255"]}, "28484081": {"hotel_name": "\u6210\u90fd\u84dd\u57ce\u60a6\u674f\u6e29\u6cc9\u7f8e\u98df\u9152\u5e97", "order_time": ["2019-01-22 06:14:49"], "total_order": 1, "hotel_value": ["4.9"], "hotel_price": ["465"]}, "7514950": {"hotel_name": "\u6210\u90fd\u4e2d\u5fc3\u4e16\u8302\u777f\u9009\u5c1a\u54c1\u9152\u5e97(\u6210\u90fd\u6625\u7199\u592a\u53e4\u91cc\u5e97\uff09", "order_time": ["2019-01-22 06:49:17", "2019-01-22 06:31:46", "2019-01-22 06:43:10", "2019-01-22 06:14:50"], "total_order": 4, "hotel_value": ["4.8", "4.8", "4.8", "4.8"], "hotel_price": ["323", "323", "323", "323"]}, "9195631": {"hotel_name": "\u6210\u90fd\u5c1a\u73ba\u9152\u5e97", "order_time": ["2019-01-22 06:14:51"], "total_order": 1, "hotel_value": ["4.7"], "hotel_price": ["183"]}, "1746821": {"hotel_name": "\u5168\u5b63\u9152\u5e97(\u6210\u90fd\u6625\u7199\u8def\u5e97)", "order_time": ["2019-01-22 06:14:54"], "total_order": 1, "hotel_value": ["4.7"], "hotel_price": ["341"]}, "19828800": {"hotel_name": "\u805a\u524d\u56fd\u9645\u516c\u5bd3(\u6210\u90fd\u57ce\u5317\u6982\u5ff5\u5e97)", "order_time": ["2019-01-22 06:14:54"], "total_order": 1, "hotel_value": ["4.8"], "hotel_price": ["151"]}, "1484959": {"hotel_name": "\u6c49\u5ead\u9152\u5e97(\u6210\u90fd\u6625\u7199\u8def\u592a\u53e4\u91cc\u5e97)", "order_time": ["2019-01-22 06:15:01"], "total_order": 1, "hotel_value": ["4.1"], "hotel_price": ["125"]}, "21794659": {"hotel_name": "\u6210\u90fd\u827e\u4e3d\u65af\u4e3b\u9898\u9152\u5e97", "order_time": ["2019-01-22 06:15:03"], "total_order": 1, "hotel_value": ["4.4"], "hotel_price": ["103"]}, "4633212": {"hotel_name": "\u6210\u90fd\u65b0\u65f6\u4ee3\u7cbe\u54c1\u516c\u5bd3", "order_time": ["2019-01-22 06:15:03"], "total_order": 1, "hotel_value": ["4.6"], "hotel_price": ["114"]}, "5983165": {"hotel_name": "\u6210\u90fd\u5c0f\u78a7\u6c60\u9752\u5e74\u65c5\u820d\u6625\u7199\u8def\u5e97", "order_time": ["2019-01-22 06:15:06", "2019-01-22 06:23:45"], "total_order": 2, "hotel_value": ["4.8", "4.8"], "hotel_price": ["38", "38"]}, "2253384": {"hotel_name": "\u6210\u90fd\u718a\u732b\u6545\u4e8b\u9752\u5e74\u65c5\u820d", "order_time": ["2019-01-22 06:15:15"], "total_order": 1, "hotel_value": ["4.9"], "hotel_price": ["33"]}, "11265649": {"hotel_name": "\u6210\u90fd\u7834\u58f3\u9752\u5e74\u65c5\u820d(\u539f\u73c0\u58f3\u9752\u5e74\u65c5\u820d)", "order_time": ["2019-01-22 06:15:33"], "total_order": 1, "hotel_value": ["4.4"], "hotel_price": ["15"]}, "481054": {"hotel_name": "\u5e03\u4e01\u9152\u5e97(\u6210\u90fd\u5929\u5e9c\u5e7f\u573a\u5317\u87ba\u9a6c\u5e02\u5730\u94c1\u7ad9\u5e97)(\u539f\u5929\u5e9c\u5e7f\u573a\u5317\u9523\u9505\u5df7\u5e97)", "order_time": ["2019-01-22 06:15:38"], "total_order": 1, "hotel_value": ["4.3"], "hotel_price": ["79"]}, "925695": {"hotel_name": "\u8001\u53cb\u5c45\u516c\u5bd3(\u6210\u90fd\u5965\u514b\u65af\u5e7f\u573a\u5e97)", "order_time": ["2019-01-22 06:15:43"], "total_order": 1, "hotel_value": ["3.5"], "hotel_price": ["93"]}, "8498905": {"hotel_name": "\u6210\u90fd\u4e1c\u7ad9\u4e50\u5bb6\u5370\u8c61\u7cbe\u54c1\u516c\u5bd3", "order_time": ["2019-01-22 06:15:54"], "total_order": 1, "hotel_value": ["4.7"], "hotel_price": ["76"]}, "994652": {"hotel_name": "\u5a01\u65af\u51ef\u5c14\u9152\u5e97(\u6210\u90fd\u706b\u8f66\u5357\u7ad9\u5e97)", "order_time": ["2019-01-22 06:17:51"], "total_order": 1, "hotel_value": ["4.6"], "hotel_price": ["280"]}, "10231633": {"hotel_name": "\u83f2\u5c3c\u65af\u516c\u5bd3(\u6210\u90fd\u6625\u7199\u8def\u5e97)", "order_time": ["2019-01-22 06:18:01"], "total_order": 1, "hotel_value": ["4.8"], "hotel_price": ["136"]}, "5668685": {"hotel_name": "\u6210\u90fd99\u7279\u60e0\u516c\u5bd3", "order_time": ["2019-01-22 06:18:28"], "total_order": 1, "hotel_value": ["4.9"], "hotel_price": ["74"]}, "6552930": {"hotel_name": "\u6021\u5bb6\u94c2\u96c5\u540d\u4eba\u9152\u5e97(\u5d07\u5dde\u5e97)", "order_time": ["2019-01-22 06:19:29"], "total_order": 1, "hotel_value": ["4.7"], "hotel_price": ["160"]}, "3434116": {"hotel_name": "\u6210\u90fd\u661f\u5bb8\u822a\u90fd\u56fd\u9645\u9152\u5e97", "order_time": ["2019-01-22 06:20:39"], "total_order": 1, "hotel_value": ["4.8"], "hotel_price": ["476"]}, "2298634": {"hotel_name": "\u8d5b\u5bb6\u9152\u5e97(\u6210\u90fd\u6625\u7199\u8def\u5e97)", "order_time": ["2019-01-22 06:20:48"], "total_order": 1, "hotel_value": ["4.1"], "hotel_price": ["145"]}, "1941669": {"hotel_name": "\u6210\u90fd\u5723\u5929\u7f8e\u8fbe\u4e3b\u9898\u9152\u5e97", "order_time": ["2019-01-22 06:20:50"], "total_order": 1, "hotel_value": ["4.0"], "hotel_price": ["186"]}, "2304925": {"hotel_name": "\u6210\u90fd\u8700\u5ddd\u5546\u52a1\u9152\u5e97", "order_time": ["2019-01-22 06:20:53"], "total_order": 1, "hotel_value": ["4.1"], "hotel_price": ["73"]}, "2076741": {"hotel_name": "\u9ec4\u9f99\u6eaa\u4e00\u5bb6\u5ba2\u6808", "order_time": ["2019-01-22 06:21:08"], "total_order": 1, "hotel_value": ["4.5"], "hotel_price": ["94"]}, "803413": {"hotel_name": "\u745e\u798f\u6e90\u9152\u5e97(\u6210\u90fd\u8336\u5e97\u5b50\u5ba2\u8fd0\u7ad9\u5e97)", "order_time": ["2019-01-22 06:21:08"], "total_order": 1, "hotel_value": ["4.3"], "hotel_price": ["133"]}, "21337608": {"hotel_name": "\u9752\u57ce\u5c71\u82b1\u5f00\u65f6\u6c11\u5bbf", "order_time": ["2019-01-22 06:22:13"], "total_order": 1, "hotel_value": ["4.9"], "hotel_price": ["178"]}, "446107": {"hotel_name": "\u6210\u90fd\u91d1\u8302\u5047\u65e5\u9152\u5e97", "order_time": ["2019-01-22 06:23:29"], "total_order": 1, "hotel_value": ["4.5"], "hotel_price": ["178"]}, "4310923": {"hotel_name": "\u6709\u5ba2REX\u7535\u5f71\u4e3b\u9898\u7cbe\u54c1\u9152\u5e97(\u6210\u90fd\u6625\u7199\u8def)", "order_time": ["2019-01-22 06:23:33"], "total_order": 1, "hotel_value": ["4.7"], "hotel_price": ["211"]}, "2020728": {"hotel_name": "\u6210\u90fd\u5370\u8c61\u5ef7\u6708\u9152\u5e97", "order_time": ["2019-01-22 06:23:43"], "total_order": 1, "hotel_value": ["4.1"], "hotel_price": ["64"]}, "23859815": {"hotel_name": "\u6210\u90fd\u548c\u6684\u9152\u5e97", "order_time": ["2019-01-22 06:23:45"], "total_order": 1, "hotel_value": ["4.8"], "hotel_price": ["163"]}, "447569": {"hotel_name": "\u9526\u6c5f\u4e4b\u661f(\u6210\u90fd\u5bbd\u7a84\u5df7\u5b50\u91d1\u4ed9\u6865\u5e97)", "order_time": ["2019-01-22 06:26:15"], "total_order": 1, "hotel_value": ["4.5"], "hotel_price": ["139"]}, "29200622": {"hotel_name": "\u6210\u90fdCCHotle", "order_time": ["2019-01-22 06:26:17"], "total_order": 1, "hotel_value": ["4.9"], "hotel_price": ["99"]}, "9194693": {"hotel_name": "\u6210\u90fd\u84dd\u57ce\u5546\u52a1\u9152\u5e97", "order_time": ["2019-01-22 06:26:42"], "total_order": 1, "hotel_value": ["4.1"], "hotel_price": ["148"]}, "19614987": {"hotel_name": "\u9f99\u57ce\u5370\u8c61\u4e3b\u9898\u9152\u5e97(\u6210\u90fd\u7280\u6d66\u5e97)", "order_time": ["2019-01-22 06:26:47"], "total_order": 1, "hotel_value": ["4.7"], "hotel_price": ["92"]}, "4686666": {"hotel_name": "\u5e03\u4e01\u9152\u5e97(\u90fd\u6c5f\u5830\u5ba2\u8fd0\u4e2d\u5fc3\u674e\u51b0\u5e7f\u573a\u5e97)", "order_time": ["2019-01-22 06:27:40"], "total_order": 1, "hotel_value": ["4.3"], "hotel_price": ["39"]}, "1543141": {"hotel_name": "\u909b\u5d03\u67f3\u9e23\u5546\u52a1\u5bbe\u9986", "order_time": ["2019-01-22 06:27:41"], "total_order": 1, "hotel_value": ["4.4"], "hotel_price": ["94"]}, "7106890": {"hotel_name": "\u6210\u90fd\u6052\u9f0e\u4e16\u7eaa\u9152\u5e97", "order_time": ["2019-01-22 06:29:04"], "total_order": 1, "hotel_value": ["4.7"], "hotel_price": ["336"]}, "1798909": {"hotel_name": "\u6210\u90fd\u91d1\u6a59\u9152\u5e97(\u77f3\u4eba\u516c\u56ed\u5e97)", "order_time": ["2019-01-22 06:29:09"], "total_order": 1, "hotel_value": ["4.3"], "hotel_price": ["160"]}, "9195426": {"hotel_name": "\u6210\u90fd\u559c\u9a6c\u62c9\u96c5\u56fd\u9645\u516c\u5bd3\u6625\u7199\u8def\u5e97", "order_time": ["2019-01-22 06:29:18"], "total_order": 1, "hotel_value": ["4.9"], "hotel_price": ["492"]}, "19453415": {"hotel_name": "\u6210\u90fd\u9526\u8c6a\u57ce\u5e02\u7cbe\u54c1\u9152\u5e97", "order_time": ["2019-01-22 06:31:49"], "total_order": 1, "hotel_value": ["4.7"], "hotel_price": ["199"]}, "6078779": {"hotel_name": "\u6210\u90fd\u8c6a\u60a6\u56db\u5b63\u9152\u5e97", "order_time": ["2019-01-22 06:31:55"], "total_order": 1, "hotel_value": ["4.6"], "hotel_price": ["183"]}, "1518364": {"hotel_name": "\u5c45\u7f8e\u7cbe\u54c1\u516c\u5bd3(\u6210\u90fd\u5bbd\u7a84\u5df7\u5b50\u5e97)", "order_time": ["2019-01-22 06:32:00"], "total_order": 1, "hotel_value": ["4.5"], "hotel_price": ["164"]}, "20057050": {"hotel_name": "\u4e9a\u514b\u9152\u5e97(\u6210\u90fd\u706b\u8f66\u5317\u7ad9\u5730\u94c1\u7ad9\u5e97)", "order_time": ["2019-01-22 06:32:01"], "total_order": 1, "hotel_value": ["4.8"], "hotel_price": ["124"]}, "6522722": {"hotel_name": "\u6210\u90fd\u6b66\u4faf\u65b0\u57ce\u4e9a\u6735\u9152\u5e97\uff08\u539f\u53cc\u6d41\u673a\u573a\u4e9a\u6735\u9152\u5e97\uff09", "order_time": ["2019-01-22 06:34:33"], "total_order": 1, "hotel_value": ["4.8"], "hotel_price": ["385"]}, "1066373": {"hotel_name": "\u6210\u90fd\u745e\u5409\u9152\u5e97", "order_time": ["2019-01-22 06:34:36"], "total_order": 1, "hotel_value": ["4.8"], "hotel_price": ["1214"]}, "4682493": {"hotel_name": "S\u8bbe\u8ba1\u5e08\u9152\u5e97(\u6210\u90fd\u4e5d\u773c\u6865\u5ddd\u5927\u5e97)", "order_time": ["2019-01-22 06:34:38"], "total_order": 1, "hotel_value": ["4.8"], "hotel_price": ["375"]}, "686853": {"hotel_name": "\u6210\u90fd\u5f17\u5c3c\u987f\u9152\u5e97", "order_time": ["2019-01-22 06:34:43"], "total_order": 1, "hotel_value": ["4.4"], "hotel_price": ["262"]}, "16041743": {"hotel_name": "\u5982\u5bb6\u5546\u65c5\u9152\u5e97(\u6210\u90fd\u6e29\u6c5f\u5927\u5b66\u57ce\u51e4\u6eaa\u6cb3\u5730\u94c1\u7ad9\u5e97)", "order_time": ["2019-01-22 06:34:46"], "total_order": 1, "hotel_value": ["4.8"], "hotel_price": ["178"]}, "397153": {"hotel_name": "\u56fe\u817e\u5370\u8c61\u9152\u5e97(\u6210\u90fd\u6b66\u4faf\u7960\u534e\u897f\u9526\u91cc\u5e97)", "order_time": ["2019-01-22 06:34:50"], "total_order": 1, "hotel_value": ["4.0"], "hotel_price": ["183"]}, "2300940": {"hotel_name": "7\u5929\u8fde\u9501\u9152\u5e97(\u6210\u90fd\u8349\u5802\u5317\u8def\u5e97)", "order_time": ["2019-01-22 06:34:52"], "total_order": 1, "hotel_value": ["4.4"], "hotel_price": ["125"]}, "859134": {"hotel_name": "\u6210\u90fd\u897f\u5c1a\u9152\u5e97", "order_time": ["2019-01-22 06:35:00"], "total_order": 1, "hotel_value": ["4.0"], "hotel_price": ["131"]}, "11240585": {"hotel_name": "\u5929\u9047\u9152\u5e97(\u6210\u90fd\u6587\u6b8a\u9662\u5730\u94c1\u7ad9\u5e97)", "order_time": ["2019-01-22 06:37:29"], "total_order": 1, "hotel_value": ["4.8"], "hotel_price": ["168"]}, "2264349": {"hotel_name": "\u84c9\u57ce\u5047\u65e5\u7cbe\u9009\u9152\u5e97(\u6210\u90fd\u4e16\u7eaa\u57ce\u4f1a\u5c55\u5730\u94c1\u7ad9\u5e97)", "order_time": ["2019-01-22 06:37:31"], "total_order": 1, "hotel_value": ["4.7"], "hotel_price": ["99"]}, "9593369": {"hotel_name": "\u6210\u90fd\u667a\u6c47\u5802\u67ab\u6cfd\u5927\u9152\u5e97", "order_time": ["2019-01-22 06:37:33"], "total_order": 1, "hotel_value": ["4.8"], "hotel_price": ["299"]}, "9769930": {"hotel_name": "Pro24\u8c31\u6d1b\u5ba4\u9152\u5e97(\u6210\u90fd\u56db\u5ddd\u5927\u5b66\u5e97)", "order_time": ["2019-01-22 06:37:40"], "total_order": 1, "hotel_value": ["4.6"], "hotel_price": ["216"]}, "3687665": {"hotel_name": "\u57fa\u51c6\u4f18\u54c1\u9152\u5e97(\u6210\u90fd\u53cc\u6d41\u56fd\u9645\u673a\u573a\u91d1\u82b1\u5e97)", "order_time": ["2019-01-22 06:40:20"], "total_order": 1, "hotel_value": ["4.8"], "hotel_price": ["272"]}, "425825": {"hotel_name": "\u6210\u90fd\u9999\u683c\u91cc\u62c9\u5927\u9152\u5e97", "order_time": ["2019-01-22 06:40:20"], "total_order": 1, "hotel_value": ["4.7"], "hotel_price": ["999"]}, "2148428": {"hotel_name": "\u6210\u90fd\u8fce\u5bbe\u4e00\u53f7\u9152\u5e97", "order_time": ["2019-01-22 06:40:23"], "total_order": 1, "hotel_value": ["4.5"], "hotel_price": ["400"]}, "22665980": {"hotel_name": "\u6210\u90fd\u5fb7\u83b1\u6587\u7535\u7ade\u9152\u5e97", "order_time": ["2019-01-22 06:40:24"], "total_order": 1, "hotel_value": ["4.8"], "hotel_price": ["376"]}, "19644601": {"hotel_name": "\u6210\u90fd\u80cc\u5305\u5341\u5e74\u9752\u5e74\u65c5\u820d", "order_time": ["2019-01-22 06:40:25"], "total_order": 1, "hotel_value": ["4.9"], "hotel_price": ["55"]}, "1673686": {"hotel_name": "\u9b45\u57ce\u9152\u5e97(\u6210\u90fd\u706b\u8f66\u4e1c\u7ad9\u5e97)", "order_time": ["2019-01-22 06:40:27"], "total_order": 1, "hotel_value": ["4.7"], "hotel_price": ["143"]}, "419441": {"hotel_name": "\u6210\u90fd\u5ddd\u6e2f\u56fd\u9645\u9152\u5e97", "order_time": ["2019-01-22 06:40:31"], "total_order": 1, "hotel_value": ["4.3"], "hotel_price": ["184"]}, "535362": {"hotel_name": "\u6210\u90fd\u5927\u9152\u5e97", "order_time": ["2019-01-22 06:40:32"], "total_order": 1, "hotel_value": ["4.6"], "hotel_price": ["171"]}, "2076060": {"hotel_name": "\u6210\u90fd\u4e07\u53cb\u65f6\u4ee3\u9152\u5e97", "order_time": ["2019-01-22 06:41:01"], "total_order": 1, "hotel_value": ["4.9"], "hotel_price": ["85"]}, "5890381": {"hotel_name": "\u6210\u90fd\u9f99\u4e4b\u68a6\u745e\u5cf0\u516c\u5bd3\u9152\u5e97(\u539f\u745e\u5cf0\u516c\u5bd3\u9152\u5e97)", "order_time": ["2019-01-22 06:43:10"], "total_order": 1, "hotel_value": ["4.6"], "hotel_price": ["149"]}, "739873": {"hotel_name": "\u6210\u90fd\u9690\u5e90\u9152\u5e97", "order_time": ["2019-01-22 06:43:12"], "total_order": 1, "hotel_value": ["4.7"], "hotel_price": ["404"]}, "1620069": {"hotel_name": "\u6210\u90fd\u673a\u573a\u897f\u6e2f\u5047\u65e5\u9152\u5e97", "order_time": ["2019-01-22 06:43:22"], "total_order": 1, "hotel_value": ["3.8"], "hotel_price": ["80"]}, "2300043": {"hotel_name": "\u6210\u90fd\u6e29\u6c5f\u5929\u8c6a\u5546\u52a1\u9152\u5e97", "order_time": ["2019-01-22 06:43:23"], "total_order": 1, "hotel_value": ["4.2"], "hotel_price": ["96"]}, "4652581": {"hotel_name": "\u84c9\u57ce\u5047\u65e5\u9152\u5e97(\u6210\u90fd\u53cc\u6d41\u673a\u573a\u7cbe\u54c1\u5e97)", "order_time": ["2019-01-22 06:46:07"], "total_order": 1, "hotel_value": ["4.6"], "hotel_price": ["288"]}, "643719": {"hotel_name": "\u6210\u90fd\u827e\u514b\u7f8e\u96c5\u9601\u5927\u9152\u5e97", "order_time": ["2019-01-22 06:46:09"], "total_order": 1, "hotel_value": ["4.6"], "hotel_price": ["398"]}, "447208": {"hotel_name": "\u6210\u90fd\u4e3d\u6fb3\u6ee8\u6c5f\u7cbe\u54c1\u9152\u5e97", "order_time": ["2019-01-22 06:49:14", "2019-01-22 06:46:20"], "total_order": 2, "hotel_value": ["4.7", "4.7"], "hotel_price": ["428", "428"]}, "2274313": {"hotel_name": "\u6210\u90fd\u96c5\u5c45\u540d\u82d1\u516c\u5bd3", "order_time": ["2019-01-22 06:46:48"], "total_order": 1, "hotel_value": ["3.9"], "hotel_price": ["58"]}, "5091071": {"hotel_name": "\u9752\u57ce\u5c71\u5eb7\u5609\u9038\u5c45\u9152\u5e97", "order_time": ["2019-01-22 06:47:48"], "total_order": 1, "hotel_value": ["4.7"], "hotel_price": ["228"]}, "1582870": {"hotel_name": "\u5c71\u6c34\u65f6\u5c1a\u9152\u5e97(\u6210\u90fd\u4e5d\u773c\u6865\u5e97)(\u539f\u4e5d\u773c\u6865\u725b\u738b\u5e99\u5730\u94c1\u7ad9\u5e97)", "order_time": ["2019-01-22 06:49:08"], "total_order": 1, "hotel_value": ["4.6"], "hotel_price": ["189"]}, "447314": {"hotel_name": "\u7ef4\u4e5f\u7eb3\u56fd\u9645\u9152\u5e97(\u6210\u90fd\u6b66\u4faf\u7960\u795e\u4ed9\u6811\u5e97)", "order_time": ["2019-01-22 06:49:14"], "total_order": 1, "hotel_value": ["4.1"], "hotel_price": ["207"]}, "3364411": {"hotel_name": "\u6210\u90fd\u91d1\u4e0a\u4e3b\u9898\u9152\u5e97", "order_time": ["2019-01-22 06:49:22"], "total_order": 1, "hotel_value": ["3.8"], "hotel_price": ["97"]}, "5463860": {"hotel_name": "\u6210\u90fd\u543e\u6850\u91cc\u56fd\u9645\u9752\u5e74\u5ba2\u6808", "order_time": ["2019-01-22 06:51:52"], "total_order": 1, "hotel_value": ["4.7"], "hotel_price": ["43"]}, "1211494": {"hotel_name": "\u6021\u5bb6\u57ce\u5e02\u9152\u5e97(\u6210\u90fd\u6625\u7199\u592a\u53e4\u91cc\u5e97)", "order_time": ["2019-01-22 06:51:56"], "total_order": 1, "hotel_value": ["4.8"], "hotel_price": ["229"]}, "1359971": {"hotel_name": "\u6210\u90fd\u7231\u820d\u513f\u9152\u5e97(\u5ddd\u97f3.\u5ddd\u5927\u5e97)", "order_time": ["2019-01-22 06:51:59"], "total_order": 1, "hotel_value": ["4.2"], "hotel_price": ["227"]}, "1719851": {"hotel_name": "\u7ea2\u666f\u5730\u7cbe\u54c1\u9152\u5e97(\u6210\u90fd\u91d1\u725b\u4e07\u8fbe\u5e97)", "order_time": ["2019-01-22 06:52:06"], "total_order": 1, "hotel_value": ["4.5"], "hotel_price": ["123"]}, "602682": {"hotel_name": "\u6210\u90fd\u7a7a\u6e2f\u5927\u9152\u5e97", "order_time": ["2019-01-22 06:52:10"], "total_order": 1, "hotel_value": ["4.7"], "hotel_price": ["777"]}, "1219332": {"hotel_name": "7\u5929\u8fde\u9501\u9152\u5e97(\u6210\u90fd\u7c07\u6865\u5e97)(\u539f\u5973\u978b\u4e4b\u90fd\u5e97)", "order_time": ["2019-01-22 06:52:12"], "total_order": 1, "hotel_value": ["4.1"], "hotel_price": ["210"]}, "13542471": {"hotel_name": "\u6210\u90fd99\u4f18\u9009\u9152\u5e97\u53cc\u6d41\u673a\u573a\u5e97", "order_time": ["2019-01-22 06:52:23"], "total_order": 1, "hotel_value": ["3.8"], "hotel_price": ["77"]}, "1474632": {"hotel_name": "\u897f\u5cad\u96ea\u5c71\u91d1\u5b87\u9152\u5e97", "order_time": ["2019-01-22 06:53:17"], "total_order": 1, "hotel_value": ["4.6"], "hotel_price": ["191"]}, "1490005": {"hotel_name": "\u6210\u90fd\u6e29\u6c5f\u4e03\u79a7\u5546\u52a1\u9152\u5e97", "order_time": ["2019-01-22 06:55:05"], "total_order": 1, "hotel_value": ["3.9"], "hotel_price": ["107"]}}}