{"\u5f00\u59cb\u8bb0\u5f55\u65f6\u95f4": "2019-01-21 01:39:24", "\u7ed3\u675f\u8bb0\u5f55\u65f6\u95f4": "2019-01-21 03:48:54", "\u8ba2\u5355\u603b\u589e\u91cf": 377, "item": {"470094": {"hotel_name": "\u6210\u90fd\u745e\u57ce\u540d\u4eba\u9152\u5e97", "order_time": ["2019-01-21 01:43:38"], "total_order": 1, "hotel_value": ["4.8"], "hotel_price": ["336"]}, "533174": {"hotel_name": "\u6210\u90fd\u91d1\u6c99\u5927\u9152\u5e97", "order_time": ["2019-01-21 01:45:06"], "total_order": 1, "hotel_value": ["4.6"], "hotel_price": ["233"]}, "5300407": {"hotel_name": "\u661f\u5b87\u00b7\u8700\u5c45\u4e3b\u9898\u9152\u5e97(\u6210\u90fd\u6625\u7199\u8def\u592a\u53e4\u91cc\u5e97)", "order_time": ["2019-01-21 01:45:06"], "total_order": 1, "hotel_value": ["4.7"], "hotel_price": ["256"]}, "17481837": {"hotel_name": "\u6210\u90fd\u548c\u82b1\u548c\u6708\u5ea6\u5047\u516c\u5bd3", "order_time": ["2019-01-21 01:45:06"], "total_order": 1, "hotel_value": ["4.9"], "hotel_price": ["191"]}, "449525": {"hotel_name": "\u6210\u90fd\u56db\u5ddd\u5bbe\u9986", "order_time": ["2019-01-21 01:45:10", "2019-01-21 03:20:12"], "total_order": 2, "hotel_value": ["4.7", "4.7"], "hotel_price": ["208", "208"]}, "17077488": {"hotel_name": "\u7ef4\u4e5f\u7eb3\u9152\u5e97(\u6210\u90fd\u8700\u897f\u8def\u73e0\u5b9d\u4e2d\u5fc3\u5e97)", "order_time": ["2019-01-21 01:45:24"], "total_order": 1, "hotel_value": ["4.8"], "hotel_price": ["235"]}, "453148": {"hotel_name": "\u6210\u90fd\u671b\u6c5f\u5bbe\u9986", "order_time": ["2019-01-21 01:45:24"], "total_order": 1, "hotel_value": ["4.8"], "hotel_price": ["430"]}, "7569194": {"hotel_name": "\u5370\u4e3b\u9898\u57ce\u5e02\u522b\u5885\u9152\u5e97(\u6210\u90fd\u4e8c\u5e97)", "order_time": ["2019-01-21 01:45:27"], "total_order": 1, "hotel_value": ["4.8"], "hotel_price": ["136"]}, "436650": {"hotel_name": "\u90fd\u6c5f\u5830\u9752\u6e90\u56fd\u9645\u5927\u9152\u5e97", "order_time": ["2019-01-21 01:46:45"], "total_order": 1, "hotel_value": ["4.8"], "hotel_price": ["648"]}, "2305892": {"hotel_name": "\u4e5d\u70b9\u8fde\u9501\u9152\u5e97(\u6210\u90fd\u9752\u767d\u6c5f\u5e97)", "order_time": ["2019-01-21 01:49:16"], "total_order": 1, "hotel_value": ["4.7"], "hotel_price": ["124"]}, "5642885": {"hotel_name": "\u6210\u90fd\u7a7a\u6e2f\u673a\u573a\u9152\u5e97", "order_time": ["2019-01-21 01:49:16"], "total_order": 1, "hotel_value": ["4.6"], "hotel_price": ["94"]}, "6955586": {"hotel_name": "\u6210\u90fd\u539f\u5c9b\u9152\u5e97", "order_time": ["2019-01-21 01:49:20"], "total_order": 1, "hotel_value": ["4.7"], "hotel_price": ["386"]}, "1205702": {"hotel_name": "\u8001\u6210\u90fd\u5ba2\u6808(\u6210\u90fd\u6625\u7199\u8def\u592a\u53e4\u91cc\u5e97)", "order_time": ["2019-01-21 01:49:21"], "total_order": 1, "hotel_value": ["4.3"], "hotel_price": ["198"]}, "6106614": {"hotel_name": "\u6ef4\u6ef4\u7cbe\u54c1\u4e3b\u9898\u9152\u5e97(\u6210\u90fd\u7ea2\u724c\u697c\u5e97)", "order_time": ["2019-01-21 01:49:22"], "total_order": 1, "hotel_value": ["4.4"], "hotel_price": ["133"]}, "1817163": {"hotel_name": "\u6210\u90fd\u683c\u857e\u7279\u9152\u5e97", "order_time": ["2019-01-21 01:49:29"], "total_order": 1, "hotel_value": ["4.2"], "hotel_price": ["173"]}, "6867789": {"hotel_name": "\u827a\u5bbf\u91cc\u6e05\u6c34\u9601\u6c11\u5bbf(\u6210\u90fd\u5bbd\u7a84\u5df7\u5b50\u5e97)(\u539f\u9526\u73ba\u6e05\u6c34\u9601\u9152\u5e97\u629a\u7434\u897f\u8def\u5e97)", "order_time": ["2019-01-21 01:49:36"], "total_order": 1, "hotel_value": ["4.9"], "hotel_price": ["191"]}, "397159": {"hotel_name": "\u6210\u90fd\u5408\u6c5f\u4ead\u7ff0\u6587\u5927\u9152\u5e97", "order_time": ["2019-01-21 01:49:37", "2019-01-21 02:27:56"], "total_order": 2, "hotel_value": ["4.8", "4.8"], "hotel_price": ["363", "363"]}, "4365612": {"hotel_name": "\u6210\u90fd\u8bb0\u5fc6\u65c5\u884c\u5ea6\u5047\u77ed\u79df\u516c\u5bd3", "order_time": ["2019-01-21 01:49:38"], "total_order": 1, "hotel_value": ["4.7"], "hotel_price": ["146"]}, "6874483": {"hotel_name": "\u6210\u90fd\u5929\u946b\u65c5\u9986", "order_time": ["2019-01-21 01:49:46"], "total_order": 1, "hotel_value": ["3.8"], "hotel_price": ["102"]}, "28635826": {"hotel_name": "\u6210\u90fd\u7a7a\u6e2f\u5ea6\u5047\u5546\u52a1\u9152\u5e97", "order_time": ["2019-01-21 01:49:55", "2019-01-21 02:10:51"], "total_order": 2, "hotel_value": ["4.6", "4.6"], "hotel_price": ["106", "106"]}, "6839041": {"hotel_name": "\u6210\u90fd\u516d\u6708\u4e94\u53f7\u9752\u5e74\u65c5\u820d", "order_time": ["2019-01-21 01:50:24"], "total_order": 1, "hotel_value": [0], "hotel_price": ["13"]}, "9580708": {"hotel_name": "\u5927\u9091\u82b1\u6c34\u6e7e\u51e4\u6816\u6797\u6e29\u6cc9\u9152\u5e97", "order_time": ["2019-01-21 01:51:08"], "total_order": 1, "hotel_value": ["4.5"], "hotel_price": ["599"]}, "1217980": {"hotel_name": "\u82b1\u6c34\u6e7e\u7b2c\u4e00\u6751\u6e29\u6cc9\u5927\u9152\u5e97", "order_time": ["2019-01-21 01:51:10"], "total_order": 1, "hotel_value": ["4.6"], "hotel_price": ["999"]}, "1887858": {"hotel_name": "\u5d07\u5dde\u820d\u6c76\u9152\u5e97", "order_time": ["2019-01-21 03:13:38", "2019-01-21 01:51:18"], "total_order": 2, "hotel_value": ["4.6", "4.6"], "hotel_price": ["133", "133"]}, "1577373": {"hotel_name": "\u897f\u5cad\u96ea\u5c71\u6df1\u5ea6\u96c5\u5c45\u9152\u5e97", "order_time": ["2019-01-21 01:51:22"], "total_order": 1, "hotel_value": ["4.3"], "hotel_price": ["153"]}, "1610229": {"hotel_name": "\u7b11\u8138\u91cc\u00b7\u597d\u4e45\u4e0d\u89c1\u9752\u5e74\u65c5\u820d(\u6210\u90fd\u5bbd\u7a84\u5df7\u5b50\u5e97)(\u539f\u767b\u5df4\u8fde\u9501\u5ba2\u6808)", "order_time": ["2019-01-21 01:53:32"], "total_order": 1, "hotel_value": ["4.9"], "hotel_price": ["39"]}, "2303541": {"hotel_name": "\u67cf\u4e3d\u9152\u5e97(\u6210\u90fd\u4f18\u54c1\u5e97)", "order_time": ["2019-01-21 01:53:32"], "total_order": 1, "hotel_value": ["4.3"], "hotel_price": ["222"]}, "4690135": {"hotel_name": "\u6210\u90fd\u535a\u5ba2\u5e84\u56ed\u00b7\u7985\u8336\u9152\u5e97", "order_time": ["2019-01-21 01:53:34"], "total_order": 1, "hotel_value": ["4.6"], "hotel_price": ["152"]}, "1802994": {"hotel_name": "\u9510\u601d\u7279\u9038\u81f4\u9152\u5e97(\u6210\u90fd\u9606\u82d1\u91d1\u6c99\u5e97)", "order_time": ["2019-01-21 01:53:37"], "total_order": 1, "hotel_value": ["4.7"], "hotel_price": ["155"]}, "23863674": {"hotel_name": "\u6210\u90fd\u592a\u53e4\u91cc\u6625\u7199CitiGO\u6b22\u9601\u9152\u5e97", "order_time": ["2019-01-21 01:53:40"], "total_order": 1, "hotel_value": ["4.7"], "hotel_price": ["241"]}, "1801013": {"hotel_name": "\u5ba2\u9053\u9152\u5e97(\u6210\u90fd\u65b0\u5357\u95e8\u5730\u94c1\u7ad9\u5e97)", "order_time": ["2019-01-21 01:53:41"], "total_order": 1, "hotel_value": ["4.4"], "hotel_price": ["143"]}, "5795151": {"hotel_name": "\u6210\u90fd\u9f99\u4e4b\u68a6\u5927\u9152\u5e97", "order_time": ["2019-01-21 01:53:42"], "total_order": 1, "hotel_value": ["4.5"], "hotel_price": ["566"]}, "6261713": {"hotel_name": "\u6210\u90fd\u6e29\u6c5f\u7687\u51a0\u5047\u65e5\u9152\u5e97", "order_time": ["2019-01-21 01:53:44"], "total_order": 1, "hotel_value": ["4.6"], "hotel_price": ["618"]}, "1578584": {"hotel_name": "\u7ef4\u4e5f\u7eb3\u667a\u597d\u9152\u5e97(\u6210\u90fd\u5bbd\u7a84\u5df7\u5b50\u5e97)", "order_time": ["2019-01-21 01:53:44"], "total_order": 1, "hotel_value": ["4.8"], "hotel_price": ["216"]}, "3053855": {"hotel_name": "\u4f55\u65e5\u541b\u9152\u5e97(\u6210\u90fd\u4eba\u5357\u5e97)", "order_time": ["2019-01-21 01:53:44"], "total_order": 1, "hotel_value": ["4.2"], "hotel_price": ["223"]}, "445841": {"hotel_name": "\u7ef4\u4e5f\u7eb3\u9152\u5e97(\u6210\u90fd\u4f1a\u5c55\u4e2d\u5fc3\u534e\u9633\u5730\u94c1\u7ad9\u5e97)", "order_time": ["2019-01-21 01:53:44"], "total_order": 1, "hotel_value": ["4.8"], "hotel_price": ["263"]}, "431241": {"hotel_name": "\u6210\u90fd\u65b0\u683c\u6797\u666e\u5170\u7279\u9152\u5e97", "order_time": ["2019-01-21 01:53:46"], "total_order": 1, "hotel_value": ["4.5"], "hotel_price": ["283"]}, "15848521": {"hotel_name": "\u5b9c\u5fc5\u601d\u5c1a\u54c1\u9152\u5e97(\u6210\u90fd\u5929\u5e9c\u5e7f\u573a\u5730\u94c1\u7ad9\u5e97)", "order_time": ["2019-01-21 01:53:46"], "total_order": 1, "hotel_value": ["4.7"], "hotel_price": ["239"]}, "2305311": {"hotel_name": "\u6210\u90fd\u65af\u9ea6\u5c14\u00b7\u9759\u96c5\u9152\u5e97", "order_time": ["2019-01-21 01:53:56"], "total_order": 1, "hotel_value": ["4.2"], "hotel_price": ["129"]}, "2013912": {"hotel_name": "7\u5929\u4f18\u54c1\u9152\u5e97(\u6210\u90fd\u897f\u5357\u4ea4\u5927\u5730\u94c1\u7ad9\u6c99\u6e7e\u5e97)", "order_time": ["2019-01-21 01:54:01"], "total_order": 1, "hotel_value": ["4.5"], "hotel_price": ["106"]}, "811422": {"hotel_name": "\u6210\u90fd\u4ec1\u4ec1\u5bcc\u5927\u9152\u5e97", "order_time": ["2019-01-21 01:54:05"], "total_order": 1, "hotel_value": ["3.9"], "hotel_price": ["134"]}, "4345378": {"hotel_name": "\u6210\u90fd\u673a\u573a\u7a7a\u6e2f\u9633\u5149\u5feb\u6377\u9152\u5e97", "order_time": ["2019-01-21 01:54:11"], "total_order": 1, "hotel_value": ["3.6"], "hotel_price": ["85"]}, "28578204": {"hotel_name": "\u6210\u90fd\u6f88\u90b8\u6c11\u5bbf", "order_time": ["2019-01-21 01:54:29"], "total_order": 1, "hotel_value": [0], "hotel_price": ["219"]}, "7277878": {"hotel_name": "\u9752\u57ce\u5c71\u5fc3\u8d8a\u6e29\u6cc9\u5ea6\u5047\u9152\u5e97", "order_time": ["2019-01-21 02:56:30", "2019-01-21 01:55:23"], "total_order": 2, "hotel_value": ["4.8", "4.8"], "hotel_price": ["888", "888"]}, "1609943": {"hotel_name": "\u597d\u9038SMART\u9152\u5e97(\u6210\u90fd\u4e1c\u90ca\u8bb0\u5fc6\u5efa\u8bbe\u8def\u5e97)", "order_time": ["2019-01-21 01:57:45"], "total_order": 1, "hotel_value": ["4.7"], "hotel_price": ["199"]}, "926121": {"hotel_name": "\u597d\u9038SMART\u9152\u5e97(\u6210\u90fd\u6625\u7199\u592a\u53e4\u91cc\u5e97)", "order_time": ["2019-01-21 01:57:46"], "total_order": 1, "hotel_value": ["4.7"], "hotel_price": ["198"]}, "2624930": {"hotel_name": "\u6210\u90fd\u6e2f\u6e7e\u516c\u5bd3\u53cc\u6d41\u673a\u573a\u5e97", "order_time": ["2019-01-21 01:57:46"], "total_order": 1, "hotel_value": ["4.8"], "hotel_price": ["146"]}, "2694862": {"hotel_name": "\u5b89\u60a6.\u539f\u820d\u9152\u5e97\uff08\u6210\u90fd\u7985\u610f\u82b1\u56ed\u5e97\uff09", "order_time": ["2019-01-21 01:57:47"], "total_order": 1, "hotel_value": ["4.8"], "hotel_price": ["283"]}, "5099639": {"hotel_name": "\u745e\u79a7\u9152\u5e97(\u6210\u90fd\u6625\u7199\u7535\u5b50\u79d1\u5927\u5e97)", "order_time": ["2019-01-21 01:57:49"], "total_order": 1, "hotel_value": ["4.8"], "hotel_price": ["229"]}, "1484360": {"hotel_name": "\u7cd6\u679c\u9152\u5e97\u516c\u5bd3(\u6210\u90fd\u5929\u5e9c\u5e7f\u573a\u5e97)", "order_time": ["2019-01-21 01:57:51"], "total_order": 1, "hotel_value": ["4.2"], "hotel_price": ["129"]}, "1988406": {"hotel_name": "\u6210\u90fd\u827a\u5bb6\u57ce\u5e02\u9152\u5e97", "order_time": ["2019-01-21 01:57:53"], "total_order": 1, "hotel_value": ["4.7"], "hotel_price": ["416"]}, "3664815": {"hotel_name": "\u6210\u90fd\u6625\u7199\u8def\u7f51\u6613\u4e91\u97f3\u4e50\u4e9a\u6735\u8f7b\u5c45\u9152\u5e97", "order_time": ["2019-01-21 01:57:54", "2019-01-21 02:10:54"], "total_order": 2, "hotel_value": ["4.8", "4.8"], "hotel_price": ["303", "303"]}, "7514950": {"hotel_name": "\u6210\u90fd\u4e2d\u5fc3\u4e16\u8302\u777f\u9009\u5c1a\u54c1\u9152\u5e97(\u6210\u90fd\u6625\u7199\u592a\u53e4\u91cc\u5e97\uff09", "order_time": ["2019-01-21 01:57:55", "2019-01-21 03:07:08"], "total_order": 2, "hotel_value": ["4.8", "4.8"], "hotel_price": ["323", "323"]}, "19456186": {"hotel_name": "\u6210\u90fd\u871c\u601d\u4f18\u52a0\u9152\u5e97\u516c\u5bd3", "order_time": ["2019-01-21 01:57:55"], "total_order": 1, "hotel_value": ["4.9"], "hotel_price": ["77"]}, "438300": {"hotel_name": "\u6210\u90fd\u8776\u6765\u82b1\u534a\u9152\u5e97(\u539f\u6210\u90fd\u5e03\u8863\u5ba2\u6808)", "order_time": ["2019-01-21 02:02:00", "2019-01-21 01:57:56"], "total_order": 2, "hotel_value": ["4.7", "4.7"], "hotel_price": ["211", "211"]}, "3628318": {"hotel_name": "\u6210\u90fd\u8c6a\u4e30\u9152\u5e97", "order_time": ["2019-01-21 01:57:56"], "total_order": 1, "hotel_value": ["4.7"], "hotel_price": ["209"]}, "453334": {"hotel_name": "\u6210\u90fd\u793c\u987f\u9152\u5e97(\u6625\u7199\u5e97)", "order_time": ["2019-01-21 01:57:58"], "total_order": 1, "hotel_value": ["4.6"], "hotel_price": ["203"]}, "803897": {"hotel_name": "\u5982\u5bb6\u5feb\u6377\u9152\u5e97(\u6210\u90fd\u53cc\u6d41\u673a\u573a\u65f6\u4ee3\u5965\u7279\u83b1\u65af\u9f99\u6865\u8def\u5730\u94c1\u7ad9\u5e97)", "order_time": ["2019-01-21 01:57:58"], "total_order": 1, "hotel_value": ["4.5"], "hotel_price": ["151"]}, "3483821": {"hotel_name": "\u6210\u90fd\u84c9\u57ce\u521b\u5ba2\u9152\u5e97", "order_time": ["2019-01-21 01:58:01"], "total_order": 1, "hotel_value": ["4.4"], "hotel_price": ["154"]}, "23565365": {"hotel_name": "\u6210\u90fd\u672c\u4e00\u4e0d\u4e8c\u827a\u672f\u9152\u5e97", "order_time": ["2019-01-21 01:58:15"], "total_order": 1, "hotel_value": ["5.0"], "hotel_price": ["183"]}, "21929294": {"hotel_name": "\u6210\u90fd\u751f\u547d\u6811\u4e3b\u9898\u9152\u5e97", "order_time": ["2019-01-21 01:58:18"], "total_order": 1, "hotel_value": ["4.8"], "hotel_price": ["119"]}, "1827099": {"hotel_name": "\u96c5\u4f4f\u8fde\u9501\u9152\u5e97(\u6210\u90fd\u706b\u8f66\u5317\u7ad9\u5e97)", "order_time": ["2019-01-21 01:58:26"], "total_order": 1, "hotel_value": ["4.6"], "hotel_price": ["93"]}, "6375741": {"hotel_name": "\u7ef4\u4e5f\u7eb3\u9152\u5e97(\u5d07\u5dde\u5e97)", "order_time": ["2019-01-21 01:59:34"], "total_order": 1, "hotel_value": ["4.6"], "hotel_price": ["228"]}, "5293029": {"hotel_name": "\u5d07\u5dde\u91d1\u5730\u5170\u9152\u5e97", "order_time": ["2019-01-21 02:00:06"], "total_order": 1, "hotel_value": ["3.9"], "hotel_price": ["88"]}, "432805": {"hotel_name": "\u4f18\u5c3c\u5ba2\u9152\u5e97(\u6210\u90fd\u9526\u91cc\u6b66\u4faf\u7960\u5e97)", "order_time": ["2019-01-21 02:02:00"], "total_order": 1, "hotel_value": ["4.8"], "hotel_price": ["329"]}, "435688": {"hotel_name": "\u6210\u90fd\u4e1c\u5927\u660e\u5b87\u8c6a\u96c5\u996d\u5e97", "order_time": ["2019-01-21 02:02:00"], "total_order": 1, "hotel_value": ["4.8"], "hotel_price": ["718"]}, "1435167": {"hotel_name": "\u827e\u65af\u7279\u5047\u65e5\u9152\u5e97(\u6210\u90fd\u53cc\u6d41\u56fd\u9645\u673a\u573a\u5e97)", "order_time": ["2019-01-21 02:02:02"], "total_order": 1, "hotel_value": ["4.3"], "hotel_price": ["130"]}, "1306098": {"hotel_name": "\u60a6\u7a0b\u9152\u5e97(\u6210\u90fd\u91d1\u6c99\u9057\u5740\u5e97)", "order_time": ["2019-01-21 02:02:08", "2019-01-21 02:50:06"], "total_order": 2, "hotel_value": ["4.6", "4.6"], "hotel_price": ["177", "177"]}, "24034644": {"hotel_name": "\u6210\u90fd\u7d22\u83f2\u5b89\u7b51\u6c11\u5bbf", "order_time": ["2019-01-21 02:02:10"], "total_order": 1, "hotel_value": ["4.8"], "hotel_price": ["220"]}, "3663302": {"hotel_name": "\u7a7a\u6e2f\u660e\u73e0\u9152\u5e97(\u6210\u90fd\u53cc\u6d41\u56fd\u9645\u673a\u573a\u5e97)", "order_time": ["2019-01-21 02:02:10"], "total_order": 1, "hotel_value": ["4.6"], "hotel_price": ["154"]}, "8719478": {"hotel_name": "\u5b9c\u5fc5\u601d\u9152\u5e97(\u6210\u90fd\u6b66\u5019\u7960\u5e97 )", "order_time": ["2019-01-21 02:02:13"], "total_order": 1, "hotel_value": ["4.7"], "hotel_price": ["213"]}, "1420354": {"hotel_name": "\u6210\u90fd\u745e\u67ab\u9152\u5e97", "order_time": ["2019-01-21 02:02:14"], "total_order": 1, "hotel_value": ["4.7"], "hotel_price": ["195"]}, "1619531": {"hotel_name": "\u901f8\u9152\u5e97(\u6210\u90fd\u65b0\u4f1a\u5c55\u4e00\u5e97)", "order_time": ["2019-01-21 02:02:14"], "total_order": 1, "hotel_value": ["4.4"], "hotel_price": ["143"]}, "4835378": {"hotel_name": "\u6210\u90fd\u6e90\u7f8e\u91d1\u6960\u9152\u5e97", "order_time": ["2019-01-21 02:02:14", "2019-01-21 03:07:23"], "total_order": 2, "hotel_value": ["4.6", "4.6"], "hotel_price": ["183", "183"]}, "2035720": {"hotel_name": "\u5a01\u767b\u9152\u5e97(\u6210\u90fd\u6625\u7199\u8def\u5e97)", "order_time": ["2019-01-21 02:02:16"], "total_order": 1, "hotel_value": ["4.4"], "hotel_price": ["128"]}, "3362035": {"hotel_name": "\u6210\u90fd\u673a\u573a\u5feb\u6377\u9152\u5e97", "order_time": ["2019-01-21 02:02:30"], "total_order": 1, "hotel_value": ["3.9"], "hotel_price": ["96"]}, "6332131": {"hotel_name": "\u6210\u90fd\u597d\u5bb6\u7f18\u77ed\u79df\u516c\u5bd3", "order_time": ["2019-01-21 02:02:39"], "total_order": 1, "hotel_value": [0], "hotel_price": ["68"]}, "8579959": {"hotel_name": "\u6210\u90fd\u76ca\u6d32\u9152\u5e97\u516c\u5bd3", "order_time": ["2019-01-21 02:02:43"], "total_order": 1, "hotel_value": ["3.4"], "hotel_price": ["121"]}, "6131380": {"hotel_name": "\u6210\u90fd\u6708\u4eae\u6e7e\u4f4f\u5bbf", "order_time": ["2019-01-21 02:02:49"], "total_order": 1, "hotel_value": [0], "hotel_price": ["36"]}, "11536588": {"hotel_name": "\u6210\u90fd\u6b23\u6021\u7cbe\u54c1\u516c\u5bd3\u590d\u57ce\u56fd\u9645\u5e97", "order_time": ["2019-01-21 02:02:51"], "total_order": 1, "hotel_value": ["4.5"], "hotel_price": ["141"]}, "1619788": {"hotel_name": "\u6210\u90fd\u65b0\u7a7a\u6e2f\u82b1\u56ed\u5546\u52a1\u9152\u5e97", "order_time": ["2019-01-21 02:02:51"], "total_order": 1, "hotel_value": ["4.1"], "hotel_price": ["92"]}, "5300977": {"hotel_name": "\u4e03\u6816\u9152\u5e97(\u6210\u90fd\u706b\u8f66\u5317\u7ad9\u9a77\u9a6c\u6865\u5730\u94c1\u7ad9\u5e97)(\u539f\u94c2\u745e\u9152\u5e97)", "order_time": ["2019-01-21 02:02:52", "2019-01-21 02:33:36", "2019-01-21 03:16:22"], "total_order": 3, "hotel_value": ["4.6", "4.6", "4.6"], "hotel_price": ["103", "103", "103"]}, "2582780": {"hotel_name": "\u4ed6\u4e61\u5ba2\u6808(\u6210\u90fd\u5bbd\u7a84\u5df7\u5b50\u5e97)", "order_time": ["2019-01-21 02:02:53"], "total_order": 1, "hotel_value": [0], "hotel_price": ["20"]}, "6082376": {"hotel_name": "\u5927\u9091\u671d\u9633\u9152\u5e97(\u539f\u9633\u5149\u4e3b\u9898\u9152\u5e97)", "order_time": ["2019-01-21 02:04:20"], "total_order": 1, "hotel_value": ["4.4"], "hotel_price": ["113"]}, "1319180": {"hotel_name": "D6Hotel(\u6210\u90fd\u91d1\u6c99\u5e97)", "order_time": ["2019-01-21 02:06:27"], "total_order": 1, "hotel_value": ["4.7"], "hotel_price": ["226"]}, "436979": {"hotel_name": "\u6210\u90fd\u7eff\u6d32\u5927\u9152\u5e97", "order_time": ["2019-01-21 02:06:28"], "total_order": 1, "hotel_value": ["4.7"], "hotel_price": ["268"]}, "13861634": {"hotel_name": "\u6770\u6069\u9152\u5e97(\u6210\u90fd\u65d7\u8230\u5e97)", "order_time": ["2019-01-21 02:06:28"], "total_order": 1, "hotel_value": ["4.4"], "hotel_price": ["200"]}, "17017314": {"hotel_name": "IU\u9152\u5e97(\u6210\u90fd\u9a77\u9a6c\u6865\u662d\u89c9\u5bfa\u5730\u94c1\u5e97)", "order_time": ["2019-01-21 02:06:28"], "total_order": 1, "hotel_value": ["4.8"], "hotel_price": ["138"]}, "690916": {"hotel_name": "\u8c6a\u9601\u9047\u4e0a\u9152\u5e97(\u6210\u90fd\u5bbd\u7a84\u5df7\u5b50\u5e97)", "order_time": ["2019-01-21 02:06:31"], "total_order": 1, "hotel_value": ["4.8"], "hotel_price": ["218"]}, "481836": {"hotel_name": "\u8f69\u96c5\u6620\u6708\u9152\u5e97(\u6210\u90fd\u6625\u7199\u592a\u53e4\u91cc\u5e97)", "order_time": ["2019-01-21 02:06:31"], "total_order": 1, "hotel_value": ["4.6"], "hotel_price": ["162"]}, "1400615": {"hotel_name": "\u5982\u68a6\u4e91\u95f4\u9152\u5e97\u516c\u5bd3(\u6210\u90fd\u6625\u7199\u8def\u5929\u5e9c\u5e7f\u573a\u5e97)", "order_time": ["2019-01-21 02:06:31"], "total_order": 1, "hotel_value": ["4.1"], "hotel_price": ["103"]}, "1212541": {"hotel_name": "\u6210\u90fd\u878d\u6295\u9152\u5e97", "order_time": ["2019-01-21 02:06:31", "2019-01-21 02:19:35"], "total_order": 2, "hotel_value": ["4.7", "4.7"], "hotel_price": ["308", "308"]}, "21057949": {"hotel_name": "\u6854\u5b50\u9152\u5e97\u7cbe\u9009(\u6210\u90fd\u5929\u5e9c\u5e7f\u573a\u5e97)", "order_time": ["2019-01-21 02:06:32"], "total_order": 1, "hotel_value": ["4.8"], "hotel_price": ["288"]}, "18461874": {"hotel_name": "\u6210\u90fd\u99a8\u9038\u5bb6\u7cbe\u54c1\u516c\u5bd3", "order_time": ["2019-01-21 02:06:34"], "total_order": 1, "hotel_value": ["4.9"], "hotel_price": ["189"]}, "6477304": {"hotel_name": "\u6854\u5b50\u9152\u5e97\u7cbe\u9009(\u6210\u90fd\u592a\u53e4\u91cc\u5e97)", "order_time": ["2019-01-21 02:06:34"], "total_order": 1, "hotel_value": ["4.9"], "hotel_price": ["370"]}, "2031292": {"hotel_name": "\u901f8\u9152\u5e97(\u6210\u90fd\u706b\u8f66\u5317\u7ad9\u4e94\u5757\u77f3\u5e97)", "order_time": ["2019-01-21 02:06:35"], "total_order": 1, "hotel_value": ["3.9"], "hotel_price": ["93"]}, "8696929": {"hotel_name": "\u6210\u90fd\u5929\u5e9c\u946b\u822a\u516c\u5bd3", "order_time": ["2019-01-21 02:06:48"], "total_order": 1, "hotel_value": ["4.1"], "hotel_price": ["84"]}, "1411261": {"hotel_name": "\u6210\u90fd\u7267\u5c71\u00b7\u6c81\u56ed\u4f1a\u8bae\u5ea6\u5047\u9152\u5e97", "order_time": ["2019-01-21 02:06:49"], "total_order": 1, "hotel_value": ["4.6"], "hotel_price": ["348"]}, "4014767": {"hotel_name": "\u6210\u90fd1314\u60c5\u4fa3\u5ea6\u5047\u5c4b", "order_time": ["2019-01-21 02:06:51"], "total_order": 1, "hotel_value": ["3.6"], "hotel_price": ["164"]}, "5032059": {"hotel_name": "\u51ef\u7279\u540d\u7ec5\u9152\u5e97(\u6210\u90fd\u73af\u7403\u4e2d\u5fc3\u5e97)", "order_time": ["2019-01-21 02:06:52"], "total_order": 1, "hotel_value": ["4.6"], "hotel_price": ["262"]}, "1935134": {"hotel_name": "\u5c71\u6c34\u65f6\u5c1a\u9152\u5e97(\u6210\u90fd\u6625\u7199\u592a\u5347\u5e97\uff09", "order_time": ["2019-01-21 02:06:54"], "total_order": 1, "hotel_value": ["4.6"], "hotel_price": ["121"]}, "2311761": {"hotel_name": "\u6210\u90fd\u9022\u745c\u7cbe\u54c1\u9152\u5e97", "order_time": ["2019-01-21 02:07:01"], "total_order": 1, "hotel_value": ["4.4"], "hotel_price": ["138"]}, "445234": {"hotel_name": "\u8001\u5175\u56fd\u9645\u516c\u5bd3(\u6210\u90fd\u529b\u8fc5\u9886\u7b51\u5e97)", "order_time": ["2019-01-21 02:07:14"], "total_order": 1, "hotel_value": ["4.6"], "hotel_price": ["178"]}, "27971215": {"hotel_name": "\u6210\u90fd\u68b5\u5c3c\u8bd7\u4e39\u670d\u52a1\u516c\u5bd3", "order_time": ["2019-01-21 02:10:38"], "total_order": 1, "hotel_value": ["4.9"], "hotel_price": ["183"]}, "5917308": {"hotel_name": "\u6210\u90fd\u4e16\u7eaa\u540d\u95e8\u9152\u5e97", "order_time": ["2019-01-21 02:10:39"], "total_order": 1, "hotel_value": ["4.6"], "hotel_price": ["165"]}, "28484081": {"hotel_name": "\u6210\u90fd\u84dd\u57ce\u60a6\u674f\u6e29\u6cc9\u7f8e\u98df\u9152\u5e97", "order_time": ["2019-01-21 02:10:41"], "total_order": 1, "hotel_value": ["5.0"], "hotel_price": ["419"]}, "431508": {"hotel_name": "\u6210\u90fd\u534e\u654f\u541b\u8c6a\u9152\u5e97", "order_time": ["2019-01-21 02:10:45", "2019-01-21 02:27:55"], "total_order": 2, "hotel_value": ["4.7", "4.7"], "hotel_price": ["436", "436"]}, "2311314": {"hotel_name": "\u8292\u679c\u9152\u5e97(\u6210\u90fd\u897f\u6e90\u5927\u9053\u5e97)", "order_time": ["2019-01-21 02:10:47", "2019-01-21 03:15:51"], "total_order": 2, "hotel_value": ["4.6", "4.6"], "hotel_price": ["88", "88"]}, "435698": {"hotel_name": "\u6210\u90fd\u5e1d\u76db\u541b\u8c6a\u9152\u5e97", "order_time": ["2019-01-21 02:10:47"], "total_order": 1, "hotel_value": ["4.6"], "hotel_price": ["400"]}, "2578863": {"hotel_name": "\u7530\u56ed\u5c71\u6c34\u9152\u5e97(\u6210\u90fd\u73af\u7403\u4e2d\u5fc3\u5e97)", "order_time": ["2019-01-21 02:10:50"], "total_order": 1, "hotel_value": ["4.7"], "hotel_price": ["236"]}, "2600889": {"hotel_name": "\u67cf\u4e3d24\u574a\u4e3b\u9898\u9152\u5e97(\u6210\u90fd\u53cc\u6d41\u673a\u573a\u5e97)", "order_time": ["2019-01-21 02:10:51"], "total_order": 1, "hotel_value": ["4.5"], "hotel_price": ["165"]}, "2140863": {"hotel_name": "\u6210\u90fd\u738b\u5e9c\u4e95\u5546\u52a1\u9152\u5e97", "order_time": ["2019-01-21 02:10:59"], "total_order": 1, "hotel_value": ["3.9"], "hotel_price": ["163"]}, "6480900": {"hotel_name": "\u6210\u90fdm\u5bb6\u793e\u533a\u9152\u5e97\u6625\u7199\u8def\u6b65\u884c\u8857\u5e97", "order_time": ["2019-01-21 02:10:59"], "total_order": 1, "hotel_value": ["4.1"], "hotel_price": ["92"]}, "23945236": {"hotel_name": "\u6210\u90fd\u822a\u7a7a\u5927\u9152\u5e97", "order_time": ["2019-01-21 02:11:05"], "total_order": 1, "hotel_value": ["4.5"], "hotel_price": ["123"]}, "1800926": {"hotel_name": "\u9042\u5b89\u9152\u5e97(\u6210\u90fd\u4e00\u54c1\u5929\u4e0b\u5730\u94c1\u7ad9\u5e97)", "order_time": ["2019-01-21 02:11:10"], "total_order": 1, "hotel_value": ["3.9"], "hotel_price": ["131"]}, "1136109": {"hotel_name": "\u4e07\u5bb6\u6c11\u5bbf\u00b7\u5c1a\u82d1\u5ba2\u6808(\u9752\u57ce\u5c71\u6cc9\u9752\u8def\u5e97)", "order_time": ["2019-01-21 02:13:05"], "total_order": 1, "hotel_value": ["4.8"], "hotel_price": ["114"]}, "419437": {"hotel_name": "\u5cb7\u5c71\u5b89\u9038\u5927\u9152\u5e97\uff08\u6210\u90fd\u6625\u7199\u592a\u53e4\u91cc\u5e97\uff09", "order_time": ["2019-01-21 02:15:06"], "total_order": 1, "hotel_value": ["4.5"], "hotel_price": ["299"]}, "5523489": {"hotel_name": "\u6210\u90fd\u6850\u6893\u6797\u4e9a\u6735\u9152\u5e97", "order_time": ["2019-01-21 02:15:09"], "total_order": 1, "hotel_value": ["4.8"], "hotel_price": ["362"]}, "10923882": {"hotel_name": "\u7ef4\u4e5f\u7eb3\u9152\u5e97(\u6210\u90fd\u6625\u7199\u8def\u5929\u5e9c\u5e7f\u573a\u5730\u94c1\u7ad9\u5e97)", "order_time": ["2019-01-21 02:15:16"], "total_order": 1, "hotel_value": ["4.8"], "hotel_price": ["259"]}, "8492268": {"hotel_name": "\u5e0c\u5cb8\u9152\u5e97(\u6210\u90fd\u706b\u8f66\u4e1c\u7ad9\u51ef\u5fb7\u5e7f\u573a\u5e97)", "order_time": ["2019-01-21 02:41:20", "2019-01-21 02:15:17"], "total_order": 2, "hotel_value": ["4.9", "4.9"], "hotel_price": ["223", "223"]}, "4685949": {"hotel_name": "\u6210\u90fd\u9e6d\u5c9b\u7cbe\u54c1\u9152\u5e97", "order_time": ["2019-01-21 02:15:19"], "total_order": 1, "hotel_value": ["4.7"], "hotel_price": ["133"]}, "768490": {"hotel_name": "\u5e0c\u7f8e\u767b\u9152\u5e97(\u6210\u90fd\u5ddd\u5e08\u5927\u5e97)", "order_time": ["2019-01-21 02:15:21", "2019-01-21 02:23:45"], "total_order": 2, "hotel_value": ["4.8", "4.8"], "hotel_price": ["99", "99"]}, "1673686": {"hotel_name": "\u9b45\u57ce\u9152\u5e97(\u6210\u90fd\u706b\u8f66\u4e1c\u7ad9\u5e97)", "order_time": ["2019-01-21 02:45:57", "2019-01-21 02:15:21", "2019-01-21 03:07:23"], "total_order": 3, "hotel_value": ["4.7", "4.7", "4.7"], "hotel_price": ["151", "151", "151"]}, "2037950": {"hotel_name": "\u51ef\u5bbe\u8fde\u9501\u9152\u5e97(\u6210\u90fd\u9752\u767d\u6c5f\u5e97)", "order_time": ["2019-01-21 02:15:21"], "total_order": 1, "hotel_value": ["4.5"], "hotel_price": ["93"]}, "1367198": {"hotel_name": "\u6210\u90fd\u6717\u6668\u9152\u5e97", "order_time": ["2019-01-21 02:15:23"], "total_order": 1, "hotel_value": ["4.5"], "hotel_price": ["138"]}, "20615038": {"hotel_name": "\u56db\u5b63\u98ce\u5c1a\u9152\u5e97(\u6210\u90fd\u91d1\u725b\u4e07\u8fbe\u5e7f\u573a\u5e97)", "order_time": ["2019-01-21 02:15:32"], "total_order": 1, "hotel_value": ["4.3"], "hotel_price": ["99"]}, "3736604": {"hotel_name": "\u6210\u90fd\u94f6\u6cb3\u00b7\u4e91\u745e\u9152\u5e97", "order_time": ["2019-01-21 02:15:33"], "total_order": 1, "hotel_value": ["4.6"], "hotel_price": ["433"]}, "454802": {"hotel_name": "\u5c71\u6c34\u65f6\u5c1a\u9152\u5e97(\u6210\u90fd\u53cc\u6d41\u673a\u573a\u5e97)", "order_time": ["2019-01-21 02:15:34"], "total_order": 1, "hotel_value": ["4.5"], "hotel_price": ["130"]}, "4329497": {"hotel_name": "\u6210\u90fd\u6b23\u7136\u5546\u52a1\u5bbe\u9986", "order_time": ["2019-01-21 02:15:34"], "total_order": 1, "hotel_value": ["3.8"], "hotel_price": ["118"]}, "2305782": {"hotel_name": "\u6210\u90fd\u8001\u5b8b\u56fd\u9645\u9752\u5e74\u65c5\u820d", "order_time": ["2019-01-21 02:15:35"], "total_order": 1, "hotel_value": ["4.6"], "hotel_price": ["30"]}, "2624907": {"hotel_name": "\u7a7a\u6e2f\u6c11\u822a\u82b1\u56ed\u9152\u5e97(\u6210\u90fd\u673a\u573a\u5e97)", "order_time": ["2019-01-21 02:15:36"], "total_order": 1, "hotel_value": ["4.5"], "hotel_price": ["123"]}, "18034511": {"hotel_name": "\u6210\u90fd\u6e05\u9ece\u5c45\u9752\u5e74\u65c5\u820d", "order_time": ["2019-01-21 02:15:41"], "total_order": 1, "hotel_value": ["4.6"], "hotel_price": ["30"]}, "982155": {"hotel_name": "\u5927\u9091\u82b1\u6c34\u6e7e\u82b1\u89c1\u9152\u5e97", "order_time": ["2019-01-21 02:16:59"], "total_order": 1, "hotel_value": ["4.6"], "hotel_price": ["161"]}, "468322": {"hotel_name": "\u6210\u90fd\u7d22\u83f2\u65af\u9526\u82d1\u5bbe\u9986", "order_time": ["2019-01-21 02:17:31", "2019-01-21 02:49:59"], "total_order": 2, "hotel_value": ["4.9", "4.9"], "hotel_price": ["489", "489"]}, "1707759": {"hotel_name": "\u51ef\u7f8e\u9152\u5e97(\u6210\u90fd\u6625\u7199\u8def\u4e5d\u773c\u6865\u5e97)", "order_time": ["2019-01-21 02:54:21", "2019-01-21 02:19:21"], "total_order": 2, "hotel_value": ["4.8", "4.8"], "hotel_price": ["224", "224"]}, "1300612": {"hotel_name": "\u6210\u90fd\u7f8e\u96c6\u9152\u5e97", "order_time": ["2019-01-21 02:19:23"], "total_order": 1, "hotel_value": ["4.2"], "hotel_price": ["125"]}, "2577312": {"hotel_name": "\u8d1d\u7231\u98ce\u5c1a\u9152\u5e97(\u6210\u90fd\u65d7\u8230\u5e97)", "order_time": ["2019-01-21 02:19:27"], "total_order": 1, "hotel_value": ["4.8"], "hotel_price": ["199"]}, "392701": {"hotel_name": "\u56db\u5ddd\u9526\u6c5f\u5bbe\u9986", "order_time": ["2019-01-21 02:19:28"], "total_order": 1, "hotel_value": ["4.7"], "hotel_price": ["619"]}, "19880823": {"hotel_name": "\u6210\u90fd\u540d\u95e8\u5609\u9a7f\u9152\u5e97", "order_time": ["2019-01-21 02:19:33"], "total_order": 1, "hotel_value": ["4.7"], "hotel_price": ["146"]}, "2727776": {"hotel_name": "\u5586\u5561\u9152\u5e97(\u6210\u90fd\u767e\u8349\u8def\u5730\u94c1\u7ad9\u5e97)", "order_time": ["2019-01-21 02:19:34"], "total_order": 1, "hotel_value": ["4.7"], "hotel_price": ["172"]}, "6111515": {"hotel_name": "\u6210\u90fd\u6e05\u5c45(\u6625\u7199\u8def\u592a\u53e4\u91cc\u5e97)", "order_time": ["2019-01-21 02:19:35"], "total_order": 1, "hotel_value": ["4.5"], "hotel_price": ["205"]}, "2305426": {"hotel_name": "\u6210\u90fd\u9f99\u8fd0\u82b1\u56ed\u9152\u5e97", "order_time": ["2019-01-21 02:19:38"], "total_order": 1, "hotel_value": ["4.5"], "hotel_price": ["123"]}, "15228680": {"hotel_name": "\u7ef4\u4e5f\u7eb3\u56fd\u9645\u9152\u5e97(\u6210\u90fd\u897f\u7ad9\u9752\u7f8a\u4e07\u8fbe\u5e97)", "order_time": ["2019-01-21 03:16:02", "2019-01-21 02:19:39"], "total_order": 2, "hotel_value": ["4.9", "4.9"], "hotel_price": ["260", "260"]}, "996417": {"hotel_name": "\u68a6\u4e4b\u9601\u9152\u5e97(\u6210\u90fd\u6587\u6b8a\u574a\u6587\u6b8a\u9662\u5730\u94c1\u7ad9\u5e97)", "order_time": ["2019-01-21 02:19:42"], "total_order": 1, "hotel_value": ["4.4"], "hotel_price": ["85"]}, "535305": {"hotel_name": "\u6210\u90fd\u673a\u573a\u946b\u73ba\u5546\u52a1\u9152\u5e97", "order_time": ["2019-01-21 02:19:52"], "total_order": 1, "hotel_value": ["4.2"], "hotel_price": ["129"]}, "6829453": {"hotel_name": "\u6210\u90fd\u6cf0\u8c6a\u9152\u5e97", "order_time": ["2019-01-21 02:19:55"], "total_order": 1, "hotel_value": ["4.1"], "hotel_price": ["163"]}, "1362742": {"hotel_name": "\u6210\u90fd\u60a6\u626c\u5546\u52a1\u5ba2\u6808", "order_time": ["2019-01-21 02:19:55"], "total_order": 1, "hotel_value": ["4.5"], "hotel_price": ["66"]}, "9149737": {"hotel_name": "\u4e9a\u6735\u9152\u5e97(\u6210\u90fd\u592a\u53e4\u91cc\u6cb3\u7554\u5e97)", "order_time": ["2019-01-21 02:23:33", "2019-01-21 02:27:55"], "total_order": 2, "hotel_value": ["4.8", "4.8"], "hotel_price": ["376", "376"]}, "5387987": {"hotel_name": "\u6210\u90fd\u5916\u53cc\u6960\u5e0c\u5c14\u987f\u6b22\u670b\u9152\u5e97", "order_time": ["2019-01-21 02:23:33"], "total_order": 1, "hotel_value": ["4.8"], "hotel_price": ["378"]}, "1882396": {"hotel_name": "\u5357\u90fd\u9152\u5e97(\u6210\u90fd\u4eba\u6c11\u5357\u8def\u7f8e\u9886\u9986\u5e97)", "order_time": ["2019-01-21 02:23:35"], "total_order": 1, "hotel_value": ["4.7"], "hotel_price": ["318"]}, "432140": {"hotel_name": "\u6210\u90fd\u660e\u5b87\u4e3d\u96c5\u996d\u5e97", "order_time": ["2019-01-21 02:23:35"], "total_order": 1, "hotel_value": ["4.8"], "hotel_price": ["478"]}, "439242": {"hotel_name": "\u6210\u90fd\u5b89\u6cf0\u5b89\u84c9\u9152\u5e97", "order_time": ["2019-01-21 02:23:36"], "total_order": 1, "hotel_value": ["4.7"], "hotel_price": ["298"]}, "430047": {"hotel_name": "\u6210\u90fd\u660e\u5b87\u5c1a\u96c5\u996d\u5e97", "order_time": ["2019-01-21 02:23:36"], "total_order": 1, "hotel_value": ["4.8"], "hotel_price": ["588"]}, "13912708": {"hotel_name": "\u4e3d\u6a59\u9152\u5e97\u00b7\u9038(\u6210\u90fd\u6625\u7199\u8def\u5929\u5e9c\u5e7f\u573a\u5e97)", "order_time": ["2019-01-21 02:23:36", "2019-01-21 03:41:49"], "total_order": 2, "hotel_value": ["4.8", "4.8"], "hotel_price": ["329", "329"]}, "501737": {"hotel_name": "\u6210\u90fd\u4ec1\u548c\u6625\u5929\u9152\u5e97", "order_time": ["2019-01-21 02:23:38"], "total_order": 1, "hotel_value": ["4.9"], "hotel_price": ["796"]}, "6846020": {"hotel_name": "\u91d1\u79d1\u5723\u5609\u9152\u5e97(\u6210\u90fd\u6b66\u4faf\u7960\u9526\u91cc\u5e97)", "order_time": ["2019-01-21 02:23:38", "2019-01-21 03:41:51"], "total_order": 2, "hotel_value": ["4.8", "4.8"], "hotel_price": ["296", "296"]}, "1102596": {"hotel_name": "\u5982\u5bb6\u5feb\u6377\u9152\u5e97(\u6210\u90fd\u7ea2\u661f\u6865\u5730\u94c1\u7ad9\u5e97)(\u539f\u7ea2\u661f\u8def\u4e00\u6bb5\u4e00\u53f7\u6865\u5e97)", "order_time": ["2019-01-21 02:23:51"], "total_order": 1, "hotel_value": ["4.6"], "hotel_price": ["127"]}, "19857166": {"hotel_name": "\u6210\u90fd1\u5bb6\u9152\u5e97", "order_time": ["2019-01-21 02:23:57"], "total_order": 1, "hotel_value": ["4.7"], "hotel_price": ["154"]}, "10201523": {"hotel_name": "\u6210\u90fd\u8299\u84c9\u4e0a\u54c1\u9152\u5e97", "order_time": ["2019-01-21 02:23:58"], "total_order": 1, "hotel_value": ["4.6"], "hotel_price": ["158"]}, "22775223": {"hotel_name": "\u6a59\u5821\u516c\u5bd3(\u6210\u90fd\u53cc\u6d41\u673a\u573a\u767d\u5bb6\u5e97)", "order_time": ["2019-01-21 02:24:03"], "total_order": 1, "hotel_value": ["4.7"], "hotel_price": ["97"]}, "6337578": {"hotel_name": "\u7a7a\u6e2f\u53cb\u5bb6\u9152\u5e97(\u6210\u90fd\u53cc\u6d41\u56fd\u9645\u673a\u573a\u7a7a\u6e2f\u57ce\u5e97)(\u539f\u53cc\u6d41\u56fd\u9645\u673a\u573a\u822a\u7a7a\u6e2f\u5ddd\u5927\u5e97)", "order_time": ["2019-01-21 02:24:06", "2019-01-21 02:41:45"], "total_order": 2, "hotel_value": ["4.5", "4.5"], "hotel_price": ["134", "134"]}, "23876065": {"hotel_name": "\u4f0a\u820d\u516c\u5bd3(\u6210\u90fd\u76d0\u5e02\u53e3\u5e97)", "order_time": ["2019-01-21 02:24:19"], "total_order": 1, "hotel_value": ["5.0"], "hotel_price": ["158"]}, "447252": {"hotel_name": "\u6210\u90fd\u7a7a\u6e2f\u805a\u96c6\u5bbe\u9986", "order_time": ["2019-01-21 02:24:19"], "total_order": 1, "hotel_value": ["4.1"], "hotel_price": ["82"]}, "5212243": {"hotel_name": "\u7ef4\u5bb6\u65af\u6587\u5316\u9152\u5e97(\u6210\u90fd\u5c11\u9675\u8def\u5e97)", "order_time": ["2019-01-21 02:24:25"], "total_order": 1, "hotel_value": ["4.7"], "hotel_price": ["262"]}, "2009326": {"hotel_name": "\u65f6\u4ee3\u91d1\u5b87\u9152\u5e97(\u6210\u90fd\u7389\u6797\u4e1c\u8857\u5e97)", "order_time": ["2019-01-21 02:24:27"], "total_order": 1, "hotel_value": ["3.3"], "hotel_price": ["110"]}, "4826088": {"hotel_name": "\u6210\u90fd\u683c\u6797\u8c6a\u6cf0(\u5bbd\u7a84\u5df7\u5b50\u4eba\u6c11\u516c\u56ed\u5546\u52a1\u9152\u5e97)", "order_time": ["2019-01-21 02:24:35"], "total_order": 1, "hotel_value": ["4.3"], "hotel_price": ["150"]}, "16950886": {"hotel_name": "\u909b\u5d03\u6587\u541b\u6545\u91cc\u5370\u8c61\u9152\u5e97", "order_time": ["2019-01-21 02:25:58"], "total_order": 1, "hotel_value": ["4.7"], "hotel_price": ["252"]}, "24003759": {"hotel_name": "\u90fd\u6c5f\u5830\u521d\u58a8\u5c0f\u5c4b\u5ba2\u6808", "order_time": ["2019-01-21 02:26:01"], "total_order": 1, "hotel_value": ["4.8"], "hotel_price": ["123"]}, "434315": {"hotel_name": "\u51e4\u51f0\u5fa1\u5ead\u9152\u5e97\u8fde\u9501(\u6210\u90fd\u6625\u7199\u8def\u6b65\u884c\u8857\u5e97)", "order_time": ["2019-01-21 02:27:56"], "total_order": 1, "hotel_value": ["4.5"], "hotel_price": ["163"]}, "13912648": {"hotel_name": "\u6210\u90fd\u5929\u5e9c\u7cbe\u54c1\u516c\u5bd3", "order_time": ["2019-01-21 02:27:56"], "total_order": 1, "hotel_value": ["4.8"], "hotel_price": ["78"]}, "2067382": {"hotel_name": "\u6843\u6e90\u5927\u9152\u5e97(\u6210\u90fd\u706b\u8f66\u4e1c\u7ad9\u5e97)", "order_time": ["2019-01-21 02:27:57"], "total_order": 1, "hotel_value": ["4.6"], "hotel_price": ["132"]}, "2299950": {"hotel_name": "\u6210\u90fd\u7389\u6cc9\u5047\u65e5\u9152\u5e97", "order_time": ["2019-01-21 02:27:57"], "total_order": 1, "hotel_value": ["4.3"], "hotel_price": ["97"]}, "26587678": {"hotel_name": "\u6210\u90fd\u5047\u65e5\u7f8e\u5730\u9152\u5e97", "order_time": ["2019-01-21 02:27:58"], "total_order": 1, "hotel_value": ["4.8"], "hotel_price": ["276"]}, "22774977": {"hotel_name": "\u6210\u90fd\u9047\u89c1\u5317\u6b27\u9152\u5e97", "order_time": ["2019-01-21 02:27:58"], "total_order": 1, "hotel_value": ["4.6"], "hotel_price": ["131"]}, "974736": {"hotel_name": "\u6c49\u5ead\u4f18\u4f73\u9152\u5e97(\u6210\u90fd\u8700\u6c49\u8def\u4e1c\u5730\u94c1\u7ad9\u5e97)", "order_time": ["2019-01-21 02:27:59"], "total_order": 1, "hotel_value": ["4.9"], "hotel_price": ["237"]}, "1302250": {"hotel_name": "\u5b89\u9038\u9152\u5e97(\u6210\u90fd\u897f\u5357\u8d22\u5927\u5730\u94c1\u7ad9\u5e97)", "order_time": ["2019-01-21 02:27:59", "2019-01-21 03:46:09"], "total_order": 2, "hotel_value": ["4.4", "4.4"], "hotel_price": ["120", "120"]}, "8588658": {"hotel_name": "\u4e24\u6c5f\u56fd\u9645\u7cbe\u54c1\u4e3b\u9898\u516c\u5bd3(\u6210\u90fd\u65b0\u4f1a\u5c55\u73af\u7403\u4e2d\u5fc3\u5e97)", "order_time": ["2019-01-21 02:27:59"], "total_order": 1, "hotel_value": ["4.5"], "hotel_price": ["133"]}, "6396021": {"hotel_name": "\u6210\u90fd\u8bb0\u5fc6\u7cbe\u9009\u9152\u5e97", "order_time": ["2019-01-21 02:28:00"], "total_order": 1, "hotel_value": ["4.7"], "hotel_price": ["200"]}, "1301482": {"hotel_name": "\u6210\u90fd\u9014\u4e50\u516c\u5bd3\u5bbd\u7a84\u5df7\u5b50\u5e97", "order_time": ["2019-01-21 02:28:01"], "total_order": 1, "hotel_value": ["4.5"], "hotel_price": ["182"]}, "6352861": {"hotel_name": "\u5c1a\u5ba2\u4f18\u7cbe\u9009\u9152\u5e97(\u6210\u90fd\u6625\u7199\u8def\u6b65\u884c\u8857\u5e97)", "order_time": ["2019-01-21 02:28:05"], "total_order": 1, "hotel_value": ["4.3"], "hotel_price": ["183"]}, "14009907": {"hotel_name": "\u6210\u90fd\u6f2b\u5c45\u5370\u8c61\u9152\u5e97", "order_time": ["2019-01-21 02:28:05"], "total_order": 1, "hotel_value": ["4.9"], "hotel_price": ["214"]}, "1489908": {"hotel_name": "\u6210\u90fd\u62c9\u83f2\u56fd\u9645\u9152\u5e97", "order_time": ["2019-01-21 02:28:07"], "total_order": 1, "hotel_value": ["4.7"], "hotel_price": ["276"]}, "1415763": {"hotel_name": "\u5b9c\u5fc5\u601d\u9152\u5e97(\u6210\u90fd\u6c38\u4e30\u5e97)", "order_time": ["2019-01-21 02:28:08"], "total_order": 1, "hotel_value": ["4.4"], "hotel_price": ["149"]}, "917036": {"hotel_name": "\u6210\u90fd\u65af\u7ef4\u767b\u5ea6\u5047\u516c\u5bd3(\u4e07\u8c61\u57ce\u89c2\u57ce)", "order_time": ["2019-01-21 02:28:08"], "total_order": 1, "hotel_value": ["4.5"], "hotel_price": ["151"]}, "16066548": {"hotel_name": "\u7ef4\u798f\u987f\u9152\u5e97(\u6210\u90fd\u91d1\u878d\u57ce\u4f1a\u5c55\u4e2d\u5fc3\u5e97)", "order_time": ["2019-01-21 02:28:09"], "total_order": 1, "hotel_value": ["4.7"], "hotel_price": ["165"]}, "5979637": {"hotel_name": "\u6210\u90fd\u673a\u573a\u822a\u5929\u5546\u52a1\u9152\u5e97", "order_time": ["2019-01-21 02:28:09"], "total_order": 1, "hotel_value": ["4.3"], "hotel_price": ["101"]}, "6788388": {"hotel_name": "\u6210\u90fd\u56db\u6d77\u9038\u5bb6\u4e1c\u7ad9\u516c\u5bd3", "order_time": ["2019-01-21 02:28:12"], "total_order": 1, "hotel_value": ["4.7"], "hotel_price": ["119"]}, "835594": {"hotel_name": "\u6c11\u751f\u5feb\u6377\u9152\u5e97(\u6210\u90fd\u53cc\u6d41\u673a\u573a\u5e97)", "order_time": ["2019-01-21 02:28:13"], "total_order": 1, "hotel_value": ["4.2"], "hotel_price": ["95"]}, "1812459": {"hotel_name": "\u6210\u90fd\u661f\u5ea7\u98ce\u5c1a\u9152\u5e97(\u9526\u534e\u5e97)", "order_time": ["2019-01-21 02:28:14"], "total_order": 1, "hotel_value": ["4.3"], "hotel_price": ["158"]}, "18024985": {"hotel_name": "\u6210\u90fdA\u00b7M\u7cbe\u54c1\u516c\u5bd3", "order_time": ["2019-01-21 02:28:16"], "total_order": 1, "hotel_value": ["4.9"], "hotel_price": ["188"]}, "23917765": {"hotel_name": "\u5f6d\u5dde\u6021\u5bb6\u4e3d\u666f\u9152\u5e97", "order_time": ["2019-01-21 02:30:18"], "total_order": 1, "hotel_value": ["4.7"], "hotel_price": ["112"]}, "1526905": {"hotel_name": "\u9038\u8c6a\u9152\u5e97(\u6210\u90fd\u4e00\u54c1\u5929\u4e0b\u91d1\u6c99\u5e97)", "order_time": ["2019-01-21 02:32:20"], "total_order": 1, "hotel_value": ["4.4"], "hotel_price": ["151"]}, "705260": {"hotel_name": "\u6210\u90fd\u73af\u7403\u4e2d\u5fc3\u5929\u5802\u6d32\u9645\u5927\u996d\u5e97", "order_time": ["2019-01-21 02:32:20"], "total_order": 1, "hotel_value": ["4.6"], "hotel_price": ["883"]}, "5928016": {"hotel_name": "\u9e97\u67ab\u9152\u5e97(\u6210\u90fd\u706b\u8f66\u4e1c\u7ad9\u5e97)", "order_time": ["2019-01-21 02:32:21"], "total_order": 1, "hotel_value": ["4.6"], "hotel_price": ["192"]}, "847232": {"hotel_name": "\u6d6a\u6f2b\u6ee1\u5c4b\u5ea6\u5047\u516c\u5bd3(\u6210\u90fd\u5bbd\u7a84\u5df7\u5b50\u5e97)", "order_time": ["2019-01-21 02:32:23"], "total_order": 1, "hotel_value": ["4.6"], "hotel_price": ["193"]}, "2098708": {"hotel_name": "\u901f8\u9152\u5e97(\u6210\u90fd\u673a\u573a1\u5e97)", "order_time": ["2019-01-21 02:32:28"], "total_order": 1, "hotel_value": ["4.5"], "hotel_price": ["100"]}, "431543": {"hotel_name": "\u6210\u90fd\u5e7f\u90fd\u56fd\u9645\u9152\u5e97", "order_time": ["2019-01-21 02:32:28"], "total_order": 1, "hotel_value": ["4.3"], "hotel_price": ["283"]}, "19644601": {"hotel_name": "\u6210\u90fd\u80cc\u5305\u5341\u5e74\u9752\u5e74\u65c5\u820d", "order_time": ["2019-01-21 02:32:31", "2019-01-21 02:58:49"], "total_order": 2, "hotel_value": ["4.9", "4.9"], "hotel_price": ["55", "55"]}, "1780799": {"hotel_name": "\u6210\u90fdCOCO\u683c\u8c03\u9152\u5e97", "order_time": ["2019-01-21 02:32:33"], "total_order": 1, "hotel_value": ["4.6"], "hotel_price": ["222"]}, "2233137": {"hotel_name": "D6 Hotel (\u6210\u90fd\u6850\u6893\u6797\u5e97)(\u539f\u7f8e\u5f0f\u4e61\u6751\u5e97)", "order_time": ["2019-01-21 02:32:34"], "total_order": 1, "hotel_value": ["4.6"], "hotel_price": ["222"]}, "1730101": {"hotel_name": "\u6854\u5b50\u9152\u5e97\u00b7\u7cbe\u9009(\u6210\u90fd\u6d63\u82b1\u6eaa\u5e97)", "order_time": ["2019-01-21 02:32:37"], "total_order": 1, "hotel_value": ["5.0"], "hotel_price": ["303"]}, "2315528": {"hotel_name": "\u84c9\u6e2f\u9152\u5e97(\u6210\u90fd\u53cc\u6d41\u56fd\u9645\u673a\u573a\u5e97)", "order_time": ["2019-01-21 02:32:38"], "total_order": 1, "hotel_value": ["4.4"], "hotel_price": ["141"]}, "472901": {"hotel_name": "\u6210\u90fd\u5bb6\u56ed\u56fd\u9645\u9152\u5e97", "order_time": ["2019-01-21 02:32:38"], "total_order": 1, "hotel_value": ["4.7"], "hotel_price": ["474"]}, "1343227": {"hotel_name": "\u6210\u90fd\u8679\u5e06\u5546\u52a1\u9152\u5e97", "order_time": ["2019-01-21 02:32:42"], "total_order": 1, "hotel_value": ["3.7"], "hotel_price": ["118"]}, "1678692": {"hotel_name": "\u6210\u90fd\u5c0f\u738b\u59d0\u5ba2\u6808", "order_time": ["2019-01-21 02:33:09"], "total_order": 1, "hotel_value": [0], "hotel_price": ["45"]}, "1352586": {"hotel_name": "\u6210\u90fd\u767e\u5408\u516c\u5bd3", "order_time": ["2019-01-21 02:33:21"], "total_order": 1, "hotel_value": ["4.6"], "hotel_price": ["83"]}, "432138": {"hotel_name": "\u6210\u90fd\u6d77\u60a6\u9152\u5e97", "order_time": ["2019-01-21 02:36:51", "2019-01-21 03:33:20"], "total_order": 2, "hotel_value": ["4.6", "4.6"], "hotel_price": ["618", "618"]}, "375517": {"hotel_name": "\u6210\u90fd\u65b0\u4e1c\u65b9\u5343\u79a7\u5927\u9152\u5e97", "order_time": ["2019-01-21 02:36:51"], "total_order": 1, "hotel_value": ["4.7"], "hotel_price": ["579"]}, "2024868": {"hotel_name": "\u68a6\u4e4b\u65c5\u56fd\u9645\u9752\u5e74\u65c5\u820d\u5ba2\u6808(\u6210\u90fd\u6b66\u5019\u7960\u9526\u91cc\u5e97)", "order_time": ["2019-01-21 02:36:52"], "total_order": 1, "hotel_value": ["4.7"], "hotel_price": ["40"]}, "1435091": {"hotel_name": "\u6210\u90fd\u559c\u5c45\u9152\u5e97", "order_time": ["2019-01-21 02:36:53"], "total_order": 1, "hotel_value": ["4.8"], "hotel_price": ["190"]}, "3746267": {"hotel_name": "\u6770\u6069\u9152\u5e97(\u6210\u90fd\u4e16\u7eaa\u57ce\u65b0\u4f1a\u5c55\u5e97)", "order_time": ["2019-01-21 02:37:00"], "total_order": 1, "hotel_value": ["4.5"], "hotel_price": ["197"]}, "512786": {"hotel_name": "\u6210\u90fd\u6fe0\u749f\u9152\u5e97", "order_time": ["2019-01-21 02:37:01", "2019-01-21 02:49:59"], "total_order": 2, "hotel_value": ["4.4", "4.4"], "hotel_price": ["299", "299"]}, "23885072": {"hotel_name": "\u6210\u90fd\u6734\u6816\u5408\u9662\u9152\u5e97", "order_time": ["2019-01-21 02:37:03"], "total_order": 1, "hotel_value": ["4.8"], "hotel_price": ["345"]}, "759649": {"hotel_name": "\u56db\u5ddd\u96c5\u4e50\u5927\u9152\u5e97", "order_time": ["2019-01-21 02:37:05"], "total_order": 1, "hotel_value": ["4.5"], "hotel_price": ["193"]}, "9769930": {"hotel_name": "Pro24\u8c31\u6d1b\u5ba4\u9152\u5e97(\u6210\u90fd\u56db\u5ddd\u5927\u5b66\u5e97)", "order_time": ["2019-01-21 02:37:05"], "total_order": 1, "hotel_value": ["4.6"], "hotel_price": ["173"]}, "1620069": {"hotel_name": "\u6210\u90fd\u673a\u573a\u897f\u6e2f\u5047\u65e5\u9152\u5e97", "order_time": ["2019-01-21 02:37:07"], "total_order": 1, "hotel_value": ["3.8"], "hotel_price": ["80"]}, "1850203": {"hotel_name": "\u6210\u90fd\u946b\u6e90\u9152\u5e97", "order_time": ["2019-01-21 02:37:08"], "total_order": 1, "hotel_value": ["4.5"], "hotel_price": ["168"]}, "3030922": {"hotel_name": "\u4e07\u7231\u60c5\u4fa3\u4e3b\u9898\u9152\u5e97(\u6210\u90fd\u6b66\u4faf\u7960\u9526\u91cc\u5e97)", "order_time": ["2019-01-21 02:54:29", "2019-01-21 02:37:10"], "total_order": 2, "hotel_value": ["4.7", "4.7"], "hotel_price": ["164", "164"]}, "437007": {"hotel_name": "\u6210\u90fd\u6d3e\u745e\u9152\u5e97", "order_time": ["2019-01-21 02:37:12"], "total_order": 1, "hotel_value": ["4.6"], "hotel_price": ["238"]}, "21124062": {"hotel_name": "\u9752\u57ce\u5c71\u7d20\u8282\u91cc\u7cbe\u54c1\u6c11\u5bbf", "order_time": ["2019-01-21 02:38:44"], "total_order": 1, "hotel_value": ["5.0"], "hotel_price": ["199"]}, "2173745": {"hotel_name": "\u5f6d\u5dde\u9e3f\u798f\u5546\u52a1\u5bbe\u9986", "order_time": ["2019-01-21 02:38:52"], "total_order": 1, "hotel_value": [0], "hotel_price": ["72"]}, "6066627": {"hotel_name": "\u718a\u732b\u738b\u5b50\u7cbe\u9009\u9152\u5e97(\u6210\u90fd\u65b0\u534e\u516c\u56ed\u5e97)", "order_time": ["2019-01-21 02:41:20"], "total_order": 1, "hotel_value": ["4.3"], "hotel_price": ["124"]}, "2103111": {"hotel_name": "\u5982\u5bb6\u7cbe\u9009\u9152\u5e97(\u6210\u90fd\u65b0\u5357\u95e8\u5e97)", "order_time": ["2019-01-21 02:41:23"], "total_order": 1, "hotel_value": ["4.7"], "hotel_price": ["288"]}, "11083975": {"hotel_name": "\u6d77\u745e\u00b7\u6e29\u65af\u7279\u9152\u5e97(\u6210\u90fd\u6e29\u6c5f\u5927\u5b66\u57ce\u5e97)", "order_time": ["2019-01-21 02:41:24"], "total_order": 1, "hotel_value": ["4.6"], "hotel_price": ["195"]}, "1372613": {"hotel_name": "\u6210\u90fd\u53cc\u6d41\u56fd\u4ed5\u5546\u52a1\u9152\u5e97", "order_time": ["2019-01-21 02:41:46"], "total_order": 1, "hotel_value": ["4.6"], "hotel_price": ["134"]}, "1711092": {"hotel_name": "\u6210\u90fd\u7965\u745e\u5546\u52a1\u9152\u5e97", "order_time": ["2019-01-21 02:41:47"], "total_order": 1, "hotel_value": ["4.4"], "hotel_price": ["131"]}, "9146925": {"hotel_name": "\u6210\u90fd\u5bfb\u4f4f\u9152\u5e97\u5f0f\u516c\u5bd3", "order_time": ["2019-01-21 03:24:49", "2019-01-21 02:41:48"], "total_order": 2, "hotel_value": ["4.8", "4.8"], "hotel_price": ["94", "94"]}, "12795954": {"hotel_name": "\u8c26\u5ddd\u9152\u5e97(\u91d1\u5802\u5e97)", "order_time": ["2019-01-21 02:43:35"], "total_order": 1, "hotel_value": ["4.7"], "hotel_price": ["213"]}, "8969826": {"hotel_name": "\u9526\u6c5f\u4e4b\u7554\u670d\u52a1\u516c\u5bd3(\u6210\u90fd\u6625\u7199\u8def\u592a\u53e4\u91cc\u5e97)", "order_time": ["2019-01-21 02:45:47"], "total_order": 1, "hotel_value": ["4.9"], "hotel_price": ["323"]}, "21132716": {"hotel_name": "\u6210\u90fd\u6625\u7199\u7f8e\u5c45\u9152\u5e97", "order_time": ["2019-01-21 02:45:48"], "total_order": 1, "hotel_value": ["4.7"], "hotel_price": ["399"]}, "1064823": {"hotel_name": "\u6210\u90fd\u7a7a\u6e2f\u5546\u52a1\u9152\u5e97", "order_time": ["2019-01-21 02:45:51"], "total_order": 1, "hotel_value": ["4.6"], "hotel_price": ["344"]}, "6845903": {"hotel_name": "\u6210\u90fd\u60a6\u5c1a\u9152\u5e97", "order_time": ["2019-01-21 02:45:55"], "total_order": 1, "hotel_value": ["4.9"], "hotel_price": ["390"]}, "11218345": {"hotel_name": "H\u9152\u5e97(\u6210\u90fd\u53cc\u6d41\u673a\u573a\u6c34\u6676\u5e97)", "order_time": ["2019-01-21 02:45:55"], "total_order": 1, "hotel_value": ["4.8"], "hotel_price": ["243"]}, "896713": {"hotel_name": "7\u5929\u8fde\u9501\u9152\u5e97(\u6210\u90fd\u53cc\u6d41\u56fd\u9645\u673a\u573a\u5e97)", "order_time": ["2019-01-21 02:45:59"], "total_order": 1, "hotel_value": ["4.4"], "hotel_price": ["116"]}, "442473": {"hotel_name": "\u51e4\u51f0\u5fa1\u5ead\u8fde\u9501\u9152\u5e97(\u6210\u90fd\u592a\u5347\u5e97)(\u539f\u6625\u71992\u5e97)", "order_time": ["2019-01-21 02:46:01"], "total_order": 1, "hotel_value": ["4.6"], "hotel_price": ["128"]}, "2225617": {"hotel_name": "\u6210\u90fd\u820d\u6c76\u9ad8\u6500\u9152\u5e97", "order_time": ["2019-01-21 02:46:03"], "total_order": 1, "hotel_value": ["4.3"], "hotel_price": ["192"]}, "6472891": {"hotel_name": "\u6210\u90fd\u7a7a\u6e2f\u6842\u56ed\u6c11\u5bbf", "order_time": ["2019-01-21 02:46:11"], "total_order": 1, "hotel_value": ["4.1"], "hotel_price": ["84"]}, "1431755": {"hotel_name": "\u909b\u5d03\u5e73\u4e50\u53e4\u9547\u82b1\u95f4\u96c5\u9601", "order_time": ["2019-01-21 02:47:35"], "total_order": 1, "hotel_value": ["4.8"], "hotel_price": ["103"]}, "2600794": {"hotel_name": "\u65b0\u6d25\u4e91\u666f\u6e7e\u5546\u52a1\u9152\u5e97", "order_time": ["2019-01-21 02:47:35"], "total_order": 1, "hotel_value": ["4.3"], "hotel_price": ["113"]}, "1458133": {"hotel_name": "\u90fd\u6c5f\u5830\u9752\u57ce\u00b7\u5929\u8c37\u9152\u5e97", "order_time": ["2019-01-21 02:47:35"], "total_order": 1, "hotel_value": ["4.0"], "hotel_price": ["180"]}, "1051534": {"hotel_name": "\u5927\u9091\u827a\u57ce\u5047\u65e5\u9152\u5e97", "order_time": ["2019-01-21 02:47:36"], "total_order": 1, "hotel_value": ["4.6"], "hotel_price": ["120"]}, "5895997": {"hotel_name": "\u65b0\u6d25\u541b\u5ead\u9152\u5e97", "order_time": ["2019-01-21 02:47:36"], "total_order": 1, "hotel_value": ["4.2"], "hotel_price": ["103"]}, "12551354": {"hotel_name": "\u65b0\u6d25\u91d1\u73ab\u7470\u4e3b\u9898\u5bbe\u9986", "order_time": ["2019-01-21 02:47:36"], "total_order": 1, "hotel_value": ["4.2"], "hotel_price": ["83"]}, "5384080": {"hotel_name": "\u5d07\u5dde\u60dc\u7f18\u5ba2\u6808", "order_time": ["2019-01-21 02:47:36"], "total_order": 1, "hotel_value": ["4.8"], "hotel_price": ["107"]}, "8035894": {"hotel_name": "\u6210\u90fd\u7396\u4f73\u9091\u9152\u5e97(\u5927\u9091\u5e97)", "order_time": ["2019-01-21 02:47:36"], "total_order": 1, "hotel_value": ["4.8"], "hotel_price": ["97"]}, "16947352": {"hotel_name": "\u6eaa\u73a5\u9152\u5e97(\u6210\u90fd\u65b0\u4f1a\u5c55\u73af\u7403\u4e2d\u5fc3\u5e97)", "order_time": ["2019-01-21 02:50:11"], "total_order": 1, "hotel_value": ["4.8"], "hotel_price": ["193"]}, "1988699": {"hotel_name": "\u5982\u5bb6\u5feb\u6377\u9152\u5e97(\u6210\u90fd\u65b0\u5357\u95e8\u56db\u5ddd\u5927\u5b66\u534e\u897f\u533b\u5b66\u9662\u5e97)(\u539f\u80dc\u5229\u6751\u534e\u897f\u5c0f\u5b66\u5e97)", "order_time": ["2019-01-21 02:50:12"], "total_order": 1, "hotel_value": ["4.5"], "hotel_price": ["132"]}, "1802927": {"hotel_name": "\u6d77\u60a6\u7f24\u7eb7\u9152\u5e97(\u6210\u90fd\u78e8\u5b50\u6865\u5730\u94c1\u7ad9\u5e97)", "order_time": ["2019-01-21 02:50:14"], "total_order": 1, "hotel_value": ["4.2"], "hotel_price": ["104"]}, "5702189": {"hotel_name": "\u6210\u90fd\u94c2\u6797\u4e3b\u9898\u9152\u5e97", "order_time": ["2019-01-21 02:50:32"], "total_order": 1, "hotel_value": ["4.2"], "hotel_price": ["198"]}, "5798057": {"hotel_name": "\u6210\u90fd\u5fd8\u5fe7\u592a\u7a7a\u8231\u9752\u5e74\u65c5\u820d", "order_time": ["2019-01-21 02:51:01"], "total_order": 1, "hotel_value": ["4.4"], "hotel_price": ["51"]}, "1572390": {"hotel_name": "\u4f73\u83b1\u96c5\u7cbe\u54c1\u516c\u5bd3(\u6210\u90fd\u5929\u5e9c\u5e7f\u573a\u5e97)", "order_time": ["2019-01-21 02:54:29"], "total_order": 1, "hotel_value": ["4.4"], "hotel_price": ["114"]}, "1601082": {"hotel_name": "\u597d\u83b1\u65af\u767b\u9152\u5e97(\u6210\u90fd\u9526\u534e\u4e07\u8fbe\u5e97)", "order_time": ["2019-01-21 02:54:36"], "total_order": 1, "hotel_value": ["4.5"], "hotel_price": ["223"]}, "2310203": {"hotel_name": "\u6210\u90fd\u543e\u4e61\u7985\u610f\u9152\u5e97", "order_time": ["2019-01-21 02:54:43"], "total_order": 1, "hotel_value": ["4.4"], "hotel_price": ["158"]}, "2100191": {"hotel_name": "\u6021\u8c6a\u9152\u5e97(\u6210\u90fd\u53cc\u6d41\u5e97)", "order_time": ["2019-01-21 02:54:46"], "total_order": 1, "hotel_value": ["4.3"], "hotel_price": ["83"]}, "5237934": {"hotel_name": "\u53cb\u4f73\u5bbe\u9986(\u5f6d\u5dde\u8f66\u7ad9\u5e97)", "order_time": ["2019-01-21 02:56:33"], "total_order": 1, "hotel_value": ["4.6"], "hotel_price": ["94"]}, "13386294": {"hotel_name": "\u6210\u90fd\u541b\u4eea\u9152\u5e97", "order_time": ["2019-01-21 02:58:38"], "total_order": 1, "hotel_value": ["4.7"], "hotel_price": ["302"]}, "397156": {"hotel_name": "\u6210\u90fd\u5eb7\u666e\u96f7\u65af\u56fd\u9645\u9152\u5e97", "order_time": ["2019-01-21 03:37:35", "2019-01-21 02:58:39"], "total_order": 2, "hotel_value": ["4.6", "4.6"], "hotel_price": ["305", "305"]}, "445891": {"hotel_name": "\u6021\u5bb6\u4e3d\u666f\u9152\u5e97(\u6210\u90fd\u6e29\u6c5f\u5357\u6d66\u8def\u5e97)", "order_time": ["2019-01-21 02:58:46"], "total_order": 1, "hotel_value": ["4.8"], "hotel_price": ["185"]}, "447314": {"hotel_name": "\u7ef4\u4e5f\u7eb3\u56fd\u9645\u9152\u5e97(\u6210\u90fd\u6b66\u4faf\u7960\u795e\u4ed9\u6811\u5e97)", "order_time": ["2019-01-21 02:58:50"], "total_order": 1, "hotel_value": ["4.1"], "hotel_price": ["207"]}, "6939912": {"hotel_name": "\u9e3f\u946b\u62db\u5f85\u6240\uff08\u6210\u90fd\u534e\u897f\u533b\u9662\u5e97\uff09", "order_time": ["2019-01-21 02:58:57"], "total_order": 1, "hotel_value": ["4.0"], "hotel_price": ["200"]}, "7461995": {"hotel_name": "\u6210\u90fd\u5409\u7965\u4e30\u767b\u9152\u5e97\u516c\u5bd3", "order_time": ["2019-01-21 02:58:58"], "total_order": 1, "hotel_value": ["4.7"], "hotel_price": ["69"]}, "1763600": {"hotel_name": "\u5b9c\u90fd\u9152\u5e97(\u6210\u90fd\u795e\u4ed9\u6811\u5e97)(\u539f\u5b9c\u90fd\u5546\u52a1\u9152\u5e97)", "order_time": ["2019-01-21 02:59:01"], "total_order": 1, "hotel_value": ["4.4"], "hotel_price": ["208"]}, "4835506": {"hotel_name": "\u6210\u90fd\u683c\u6797\u8c6a\u6cf0\u673a\u573a\u8def\u73e0\u6c5f\u8def\u5feb\u6377\u9152\u5e97", "order_time": ["2019-01-21 02:59:02"], "total_order": 1, "hotel_value": ["4.3"], "hotel_price": ["139"]}, "375513": {"hotel_name": "\u6210\u90fd\u699b\u60a6\u9686\u5821\u9152\u5e97", "order_time": ["2019-01-21 03:02:52"], "total_order": 1, "hotel_value": ["4.6"], "hotel_price": ["609"]}, "1372623": {"hotel_name": "\u83ab\u975e\u4e4b\u57ce\u670d\u52a1\u516c\u5bd3(\u6210\u90fd\u6625\u7199\u592a\u53e4\u91cc\u5e97)", "order_time": ["2019-01-21 03:33:17", "2019-01-21 03:02:58"], "total_order": 2, "hotel_value": ["4.8", "4.8"], "hotel_price": ["313", "313"]}, "1484959": {"hotel_name": "\u6c49\u5ead\u9152\u5e97(\u6210\u90fd\u6625\u7199\u8def\u592a\u53e4\u91cc\u5e97)", "order_time": ["2019-01-21 03:02:58"], "total_order": 1, "hotel_value": ["4.1"], "hotel_price": ["125"]}, "602682": {"hotel_name": "\u6210\u90fd\u7a7a\u6e2f\u5927\u9152\u5e97", "order_time": ["2019-01-21 03:02:59"], "total_order": 1, "hotel_value": ["4.7"], "hotel_price": ["650"]}, "1319583": {"hotel_name": "\u901f8\u9152\u5e97(\u6210\u90fd\u6625\u7199\u5fb7\u76db\u8def\u5e97)", "order_time": ["2019-01-21 03:03:04"], "total_order": 1, "hotel_value": ["4.6"], "hotel_price": ["113"]}, "19573743": {"hotel_name": "\u5e0c\u66fc\u559c\u7a0b\u9152\u5e97(\u6210\u90fd\u5efa\u8bbe\u8def\u7406\u5de5\u5927\u5b66\u5730\u94c1\u53e3\u5e97)", "order_time": ["2019-01-21 03:37:51", "2019-01-21 03:03:15"], "total_order": 2, "hotel_value": ["4.8", "4.8"], "hotel_price": ["137", "146"]}, "20057050": {"hotel_name": "\u4e9a\u514b\u9152\u5e97(\u6210\u90fd\u706b\u8f66\u5317\u7ad9\u5730\u94c1\u7ad9\u5e97)", "order_time": ["2019-01-21 03:03:17"], "total_order": 1, "hotel_value": ["4.8"], "hotel_price": ["124"]}, "1594869": {"hotel_name": "\u6021\u8c6a\u5546\u52a1\u9152\u5e97(\u6210\u90fd\u673a\u6295\u5e97)", "order_time": ["2019-01-21 03:03:43"], "total_order": 1, "hotel_value": ["3.2"], "hotel_price": ["107"]}, "2058664": {"hotel_name": "\u5feb\u4e50E\u5bb6\u9152\u5e97\u516c\u5bd3(\u6210\u90fd\u8336\u5e97\u5b50\u5ba2\u8fd0\u7ad9\u5e97)", "order_time": ["2019-01-21 03:03:46"], "total_order": 1, "hotel_value": ["3.5"], "hotel_price": ["208"]}, "779097": {"hotel_name": "\u6210\u90fd\u70ac\u68ee\u00b7\u8d5b\u7eb3\u7ef4\u5927\u9152\u5e97", "order_time": ["2019-01-21 03:07:12", "2019-01-21 03:28:51"], "total_order": 2, "hotel_value": ["4.7", "4.7"], "hotel_price": ["144", "144"]}, "1247719": {"hotel_name": "\u5b89\u9038\u9152\u5e97(\u6210\u90fd\u5bbd\u7a84\u5df7\u5b50\u897f\u5e97)", "order_time": ["2019-01-21 03:07:14"], "total_order": 1, "hotel_value": ["4.4"], "hotel_price": ["97"]}, "779937": {"hotel_name": "\u6210\u90fd\u4e91\u9f99\u9152\u5e97", "order_time": ["2019-01-21 03:07:20", "2019-01-21 03:20:16"], "total_order": 2, "hotel_value": ["4.6", "4.6"], "hotel_price": ["294", "294"]}, "1504413": {"hotel_name": "\u897f\u73af\u5feb\u6377\u9152\u5e97(\u6210\u90fd\u9e4f\u745e\u5229\u5e97)", "order_time": ["2019-01-21 03:07:24"], "total_order": 1, "hotel_value": ["4.2"], "hotel_price": ["143"]}, "1194699": {"hotel_name": "\u6210\u90fd\u718a\u732b\u592b\u4eba\u9752\u5e74\u65c5\u820d", "order_time": ["2019-01-21 03:07:29"], "total_order": 1, "hotel_value": ["4.6"], "hotel_price": ["33"]}, "5460007": {"hotel_name": "\u718a\u732b\u738b\u5b50\u9152\u5e97(\u6210\u90fd\u5927\u4e30\u5e97)", "order_time": ["2019-01-21 03:07:30"], "total_order": 1, "hotel_value": ["4.4"], "hotel_price": ["131"]}, "12650662": {"hotel_name": "\u6210\u90fd\u4e91\u58a8\u9152\u5e97", "order_time": ["2019-01-21 03:07:33"], "total_order": 1, "hotel_value": ["4.6"], "hotel_price": ["165"]}, "2344014": {"hotel_name": "\u6210\u90fd\u901f8\u8fde\u9501\u516c\u5bd3", "order_time": ["2019-01-21 03:07:40"], "total_order": 1, "hotel_value": ["4.3"], "hotel_price": ["79"]}, "6031222": {"hotel_name": "\u5377\u8212\u5802\u5370\u8c61\u9152\u5e97(\u6210\u90fd\u5bbd\u7a84\u5df7\u5b50\u5e97)(\u539f\u4e00\u73af\u8def\u897f\u4e09\u6bb5\u629a\u7434\u5e97)", "order_time": ["2019-01-21 03:07:42"], "total_order": 1, "hotel_value": ["4.3"], "hotel_price": ["126"]}, "479920": {"hotel_name": "\u6210\u90fd\u8d5b\u4ed1\u5409\u5730\u5927\u9152\u5e97", "order_time": ["2019-01-21 03:11:25"], "total_order": 1, "hotel_value": ["4.7"], "hotel_price": ["297"]}, "4682493": {"hotel_name": "S\u8bbe\u8ba1\u5e08\u9152\u5e97(\u6210\u90fd\u4e5d\u773c\u6865\u5ddd\u5927\u5e97)", "order_time": ["2019-01-21 03:11:25"], "total_order": 1, "hotel_value": ["4.8"], "hotel_price": ["375"]}, "25510367": {"hotel_name": "\u57ce\u5e02\u4fbf\u6377\u9152\u5e97(\u6210\u90fd\u897f\u8700\u5c1a\u90fd\u5ba2\u8fd0\u7ad9\u5e97)(\u539f\u957f\u5b89\u8def\u5e97)", "order_time": ["2019-01-21 03:11:26"], "total_order": 1, "hotel_value": ["4.7"], "hotel_price": ["139"]}, "21336078": {"hotel_name": "\u6210\u90fd\u96c5\u5e9c\u9152\u5e97", "order_time": ["2019-01-21 03:11:34"], "total_order": 1, "hotel_value": ["4.8"], "hotel_price": ["185"]}, "2304240": {"hotel_name": "7\u5929\u8fde\u9501\u9152\u5e97(\u6210\u90fd\u6625\u7199\u8def\u76d0\u5e02\u53e3\u5e97)", "order_time": ["2019-01-21 03:11:43"], "total_order": 1, "hotel_value": ["4.6"], "hotel_price": ["148"]}, "1736122": {"hotel_name": "\u6210\u90fd\u6211\u5bb6\u9152\u5e97", "order_time": ["2019-01-21 03:11:48"], "total_order": 1, "hotel_value": ["4.4"], "hotel_price": ["113"]}, "2298850": {"hotel_name": "\u6708\u53cb\u8fde\u9501\u9152\u5e97(\u6210\u90fd\u4e5d\u773c\u6865\u5e97)", "order_time": ["2019-01-21 03:12:03"], "total_order": 1, "hotel_value": ["3.5"], "hotel_price": ["118"]}, "768703": {"hotel_name": "\u6210\u90fd\u5929\u9f99\u5546\u52a1\u9152\u5e97", "order_time": ["2019-01-21 03:12:24"], "total_order": 1, "hotel_value": ["4.0"], "hotel_price": ["92"]}, "2374811": {"hotel_name": "\u5d07\u5dde\u5bcc\u6e90\u5546\u52a1\u9152\u5e97", "order_time": ["2019-01-21 03:13:42"], "total_order": 1, "hotel_value": ["4.6"], "hotel_price": ["93"]}, "473471": {"hotel_name": "\u6210\u90fd\u534e\u7eb3\u4e3d\u5c0a\u9152\u5e97", "order_time": ["2019-01-21 03:15:43"], "total_order": 1, "hotel_value": ["4.5"], "hotel_price": ["428"]}, "2870251": {"hotel_name": "\u6210\u90fd\u79a7\u60a6\u9152\u5e97", "order_time": ["2019-01-21 03:24:27", "2019-01-21 03:15:46"], "total_order": 2, "hotel_value": ["4.8", "4.8"], "hotel_price": ["298", "298"]}, "3915741": {"hotel_name": "\u6210\u90fd\u5de6\u5cb8\u7cbe\u54c1\u516c\u5bd3(\u6625\u7199\u8def\u592a\u53e4\u91cc\u5e97)", "order_time": ["2019-01-21 03:15:48"], "total_order": 1, "hotel_value": ["4.6"], "hotel_price": ["203"]}, "5788738": {"hotel_name": "\u6210\u90fd\u6492\u54c8\u62c9\u00b7\u4f55\u516e\u9752\u5e74\u7a7a\u95f4", "order_time": ["2019-01-21 03:15:51"], "total_order": 1, "hotel_value": ["4.6"], "hotel_price": ["30"]}, "6696643": {"hotel_name": "\u6210\u90fd\u534e\u8fb0\u9152\u5e97(\u7389\u6797\u502a\u5bb6\u6865\u5730\u94c1\u7ad9\u5e97)", "order_time": ["2019-01-21 03:15:55"], "total_order": 1, "hotel_value": ["4.3"], "hotel_price": ["240"]}, "6531784": {"hotel_name": "D6 HOTEL(\u6210\u90fd\u5bbd\u7a84\u5df7\u5b50\u5e97)", "order_time": ["2019-01-21 03:15:59"], "total_order": 1, "hotel_value": ["4.5"], "hotel_price": ["130"]}, "2300764": {"hotel_name": "\u901f8\u9152\u5e97(\u6210\u90fd\u706b\u8f66\u5317\u7ad9\u4e07\u8fbe\u5e7f\u573a\u5730\u94c1\u7ad9\u5e97)", "order_time": ["2019-01-21 03:16:01"], "total_order": 1, "hotel_value": ["4.5"], "hotel_price": ["108"]}, "1501016": {"hotel_name": "\u5982\u5bb6\u5feb\u6377\u9152\u5e97(\u6210\u90fd\u5bbd\u7a84\u5df7\u5b50\u65b0\u57ce\u5e02\u5e7f\u573a\u5e97)", "order_time": ["2019-01-21 03:16:01"], "total_order": 1, "hotel_value": ["4.6"], "hotel_price": ["135"]}, "2039445": {"hotel_name": "\u6210\u90fd\u6765\u9f99\u9152\u5e97", "order_time": ["2019-01-21 03:16:01"], "total_order": 1, "hotel_value": ["4.5"], "hotel_price": ["128"]}, "686853": {"hotel_name": "\u6210\u90fd\u5f17\u5c3c\u987f\u9152\u5e97", "order_time": ["2019-01-21 03:16:10", "2019-01-21 03:37:35"], "total_order": 2, "hotel_value": ["4.4", "4.4"], "hotel_price": ["262", "262"]}, "2313397": {"hotel_name": "\u6c49\u5ead\u9152\u5e97(\u6210\u90fd\u9886\u4e8b\u9986\u8def\u5e97)", "order_time": ["2019-01-21 03:20:17"], "total_order": 1, "hotel_value": ["4.4"], "hotel_price": ["218"]}, "2276593": {"hotel_name": "\u6210\u90fd\u4e0a\u4e1c\u9152\u5e97", "order_time": ["2019-01-21 03:20:21"], "total_order": 1, "hotel_value": ["4.2"], "hotel_price": ["123"]}, "6788028": {"hotel_name": "\u6210\u90fd\u90fd\u9526\u9152\u5e97\u5f0f\u516c\u5bd3(\u539f\u53bb\u4ed6\u4e61\u77ed\u79df\u516c\u5bd3)", "order_time": ["2019-01-21 03:20:26"], "total_order": 1, "hotel_value": ["4.9"], "hotel_price": ["145"]}, "2048114": {"hotel_name": "\u6210\u90fd\u7231\u60c5\u6d77\u4e3b\u9898\u9152\u5e97", "order_time": ["2019-01-21 03:20:29"], "total_order": 1, "hotel_value": ["4.2"], "hotel_price": ["91"]}, "835590": {"hotel_name": "\u6210\u90fd\u9999\u57ce\u4e3b\u9898\u9152\u5e97(\u539f\u9999\u57ce\u5927\u9152\u5e97)", "order_time": ["2019-01-21 03:20:32"], "total_order": 1, "hotel_value": ["4.7"], "hotel_price": ["107"]}, "25273741": {"hotel_name": "\u51ef\u91cc\u4e9a\u5fb7\u9152\u5e97(\u6210\u90fd\u6b66\u4faf\u65b0\u57ce\u5e97)", "order_time": ["2019-01-21 03:24:29"], "total_order": 1, "hotel_value": ["4.9"], "hotel_price": ["238"]}, "689367": {"hotel_name": "\u6210\u90fd\u8d39\u5c14\u987f\u51ef\u83b1\u5927\u9152\u5e97", "order_time": ["2019-01-21 03:24:32", "2019-01-21 03:33:19"], "total_order": 2, "hotel_value": ["4.9", "4.9"], "hotel_price": ["418", "418"]}, "19579969": {"hotel_name": "\u5bbf\u6cca\u7801\u5934\u5171\u4eab\u516c\u5bd3(\u6210\u90fd\u9ad8\u65b0\u4ec1\u548c\u6625\u5929\u5e97)", "order_time": ["2019-01-21 03:24:33"], "total_order": 1, "hotel_value": ["4.9"], "hotel_price": ["273"]}, "772100": {"hotel_name": "\u6210\u90fd\u7f8e\u5b9c\u4f73\u9152\u5e97", "order_time": ["2019-01-21 03:24:35"], "total_order": 1, "hotel_value": ["4.3"], "hotel_price": ["108"]}, "1712704": {"hotel_name": "\u6210\u90fd\u6d77\u4f26\u5047\u65e5\u9152\u5e97", "order_time": ["2019-01-21 03:24:50"], "total_order": 1, "hotel_value": ["4.3"], "hotel_price": ["123"]}, "768589": {"hotel_name": "\u6210\u90fd\u5bb6\u7f18\u5546\u52a1\u9152\u5e97", "order_time": ["2019-01-21 03:25:06"], "total_order": 1, "hotel_value": ["3.3"], "hotel_price": ["83"]}, "425825": {"hotel_name": "\u6210\u90fd\u9999\u683c\u91cc\u62c9\u5927\u9152\u5e97", "order_time": ["2019-01-21 03:28:53"], "total_order": 1, "hotel_value": ["4.7"], "hotel_price": ["999"]}, "2307466": {"hotel_name": "\u597d\u83b1\u65af\u767b\u9152\u5e97(\u6210\u90fd\u706b\u8f66\u4e1c\u7ad9\u6210\u6e1d\u7acb\u4ea4\u5730\u94c1\u7ad9\u5e97)", "order_time": ["2019-01-21 03:29:00"], "total_order": 1, "hotel_value": ["4.6"], "hotel_price": ["173"]}, "6286812": {"hotel_name": "\u6210\u90fd\u5efa\u6797\u5bbe\u9986", "order_time": ["2019-01-21 03:29:09"], "total_order": 1, "hotel_value": ["4.0"], "hotel_price": ["70"]}, "1996380": {"hotel_name": "\u6210\u90fd\u4ea4\u901a\u996d\u5e97", "order_time": ["2019-01-21 03:29:11"], "total_order": 1, "hotel_value": ["4.4"], "hotel_price": ["102"]}, "4957226": {"hotel_name": "\u6210\u90fd\u8700\u82d1\u5341\u4e8c\u751f\u8096\u9152\u5e97", "order_time": ["2019-01-21 03:29:15"], "total_order": 1, "hotel_value": ["4.5"], "hotel_price": ["125"]}, "691064": {"hotel_name": "\u6210\u90fd\u5929\u53cb\u56fd\u9645\u9152\u5e97", "order_time": ["2019-01-21 03:35:19", "2019-01-21 03:30:39"], "total_order": 2, "hotel_value": ["4.5", "4.5"], "hotel_price": ["318", "318"]}, "5795181": {"hotel_name": "\u6210\u90fd\u9f99\u4e4b\u68a6\u745e\u5cf0\u56fd\u9645\u9152\u5e97", "order_time": ["2019-01-21 03:37:34"], "total_order": 1, "hotel_value": ["4.5"], "hotel_price": ["338"]}, "13787370": {"hotel_name": "\u6210\u90fd\u6c89\u7280\u79cb\u6708\u9152\u5e97\u516c\u5bd3", "order_time": ["2019-01-21 03:37:36"], "total_order": 1, "hotel_value": ["4.6"], "hotel_price": ["146"]}, "2400490": {"hotel_name": "Q\u52a0\u00b70\u70b9\u9152\u5e97(\u6210\u90fd\u897f\u95e8\u5e97)", "order_time": ["2019-01-21 03:37:37"], "total_order": 1, "hotel_value": ["4.4"], "hotel_price": ["128"]}, "535359": {"hotel_name": "\u901f8\u9152\u5e97(\u6210\u90fd\u8425\u95e8\u53e3\u7acb\u4ea4\u5e97)", "order_time": ["2019-01-21 03:37:40"], "total_order": 1, "hotel_value": ["4.4"], "hotel_price": ["103"]}, "6447506": {"hotel_name": "\u901f8\u9152\u5e97(\u6210\u90fd\u9ad8\u65b0\u4fdd\u7a0e\u533a\u5c1a\u534e\u8def\u5e97)", "order_time": ["2019-01-21 03:37:50"], "total_order": 1, "hotel_value": ["4.6"], "hotel_price": ["125"]}, "1520530": {"hotel_name": "\u6210\u90fd\u9526\u57ce\u6e56\u9152\u5e97", "order_time": ["2019-01-21 03:37:55"], "total_order": 1, "hotel_value": ["4.2"], "hotel_price": ["218"]}, "1247755": {"hotel_name": "\u5b89\u9038\u9152\u5e97(\u6210\u90fd\u6625\u7199\u7ea2\u661f\u8def\u5e97)", "order_time": ["2019-01-21 03:38:04"], "total_order": 1, "hotel_value": ["4.3"], "hotel_price": ["102"]}, "2219682": {"hotel_name": "\u6210\u90fd\u4eea\u7279\u5546\u52a1\u9152\u5e97", "order_time": ["2019-01-21 03:38:07"], "total_order": 1, "hotel_value": ["3.8"], "hotel_price": ["126"]}, "970707": {"hotel_name": "\u6210\u90fd\u7d2b\u6249HOTEL", "order_time": ["2019-01-21 03:41:45"], "total_order": 1, "hotel_value": ["4.8"], "hotel_price": ["225"]}, "690730": {"hotel_name": "\u6210\u90fd\u6797\u6069\u56fd\u9645\u9152\u5e97", "order_time": ["2019-01-21 03:41:48"], "total_order": 1, "hotel_value": ["4.6"], "hotel_price": ["388"]}, "28139825": {"hotel_name": "\u6210\u90fd\u9526\u4e0a\u4e91\u91cc\u9152\u5e97", "order_time": ["2019-01-21 03:41:48"], "total_order": 1, "hotel_value": ["4.9"], "hotel_price": ["191"]}, "707927": {"hotel_name": "\u9526\u6c5f\u4e4b\u661f(\u6210\u90fd\u592a\u53e4\u91cc\u4e1c\u98ce\u5927\u6865\u5e97)", "order_time": ["2019-01-21 03:41:49"], "total_order": 1, "hotel_value": ["4.5"], "hotel_price": ["139"]}, "17533506": {"hotel_name": "\u6210\u90fd\u65af\u7ef4\u767b\u670d\u52a1\u516c\u5bd3(\u4e1c\u90ca\u8bb0\u5fc6\u4e2d\u592e\u534e\u57ce)", "order_time": ["2019-01-21 03:41:57"], "total_order": 1, "hotel_value": ["4.6"], "hotel_price": ["148"]}, "3033621": {"hotel_name": "\u5982\u5bb6\u5feb\u6377\u9152\u5e97(\u6210\u90fd\u68e0\u6e56\u516c\u56ed\u6c83\u5c14\u739b\u4e1c\u5347\u5730\u94c1\u7ad9\u5e97)", "order_time": ["2019-01-21 03:41:59"], "total_order": 1, "hotel_value": ["4.6"], "hotel_price": ["127"]}, "18057204": {"hotel_name": "\u6210\u90fd\u732b\u5c7f\u592a\u7a7a\u8231\u9752\u5e74\u65c5\u820d", "order_time": ["2019-01-21 03:42:40"], "total_order": 1, "hotel_value": ["4.9"], "hotel_price": ["30"]}, "437863": {"hotel_name": "\u6210\u90fd\u535a\u7eb3\u65af\u9152\u5e97(\u539f\u58f9\u8857\u53c1\u865f\u00b7\u4e0a\u6210\u9152\u5e97\u6625\u7199\u7389\u53cc\u5730\u94c1\u5e97)", "order_time": ["2019-01-21 03:45:57"], "total_order": 1, "hotel_value": ["4.4"], "hotel_price": ["140"]}, "445244": {"hotel_name": "\u68a8\u5ead\u9152\u5e97(\u6210\u90fd\u5929\u5e9c\u5e7f\u573a\u5e97)", "order_time": ["2019-01-21 03:46:10"], "total_order": 1, "hotel_value": ["4.5"], "hotel_price": ["161"]}, "2033712": {"hotel_name": "\u6210\u90fd\u53cc\u6d41\u56fd\u9645\u673a\u573a\u94f6\u6e2f\u5546\u52a1\u9152\u5e97", "order_time": ["2019-01-21 03:46:18"], "total_order": 1, "hotel_value": ["4.1"], "hotel_price": ["137"]}, "2236103": {"hotel_name": "\u82b1\u6c34\u6e7e\u9526\u53a2\u5c0f\u7b51\u516c\u5bd3(\u539f\u5c71\u9752\u516d\u516d\u56ed)", "order_time": ["2019-01-21 03:47:47"], "total_order": 1, "hotel_value": ["4.8"], "hotel_price": ["194"]}}}