{"\u5f00\u59cb\u8bb0\u5f55\u65f6\u95f4": "2019-01-05 05:57:10", "\u7ed3\u675f\u8bb0\u5f55\u65f6\u95f4": "2019-01-05 06:57:10", "\u8ba2\u5355\u603b\u589e\u91cf": 144, "item": {"643701": {"hotel_name": "\u6210\u90fd\u4e0a\u5c42\u540d\u4eba\u9152\u5e97", "order_time": ["2019-01-05 05:59:28"], "total_order": 1, "hotel_value": ["4.6"], "hotel_price": ["338"]}, "1302226": {"hotel_name": "\u5cb7\u5c71\u5b89\u9038\u5927\u9152\u5e97(\u6210\u90fd\u5bbd\u7a84\u5df7\u5b50\u4eba\u6c11\u516c\u56ed\u5730\u94c1\u5e97)", "order_time": ["2019-01-05 06:01:29"], "total_order": 1, "hotel_value": ["4.7"], "hotel_price": ["253"]}, "1996380": {"hotel_name": "\u6210\u90fd\u4ea4\u901a\u996d\u5e97", "order_time": ["2019-01-05 06:01:30"], "total_order": 1, "hotel_value": ["4.4"], "hotel_price": ["69"]}, "5541269": {"hotel_name": "\u9a7f\u4f20\u4e1c\u5761\u6587\u5316\u4e3b\u9898\u9152\u5e97(\u6210\u90fd\u4e16\u7eaa\u57ce\u65b0\u4f1a\u5c55\u4e2d\u5fc3\u5e97)", "order_time": ["2019-01-05 06:03:35"], "total_order": 1, "hotel_value": ["4.8"], "hotel_price": ["239"]}, "705260": {"hotel_name": "\u6210\u90fd\u73af\u7403\u4e2d\u5fc3\u5929\u5802\u6d32\u9645\u5927\u996d\u5e97", "order_time": ["2019-01-05 06:03:35", "2019-01-05 06:31:29"], "total_order": 2, "hotel_value": ["4.6", "4.6"], "hotel_price": ["960", "960"]}, "10923882": {"hotel_name": "\u7ef4\u4e5f\u7eb3\u9152\u5e97(\u6210\u90fd\u6625\u7199\u8def\u5929\u5e9c\u5e7f\u573a\u5730\u94c1\u7ad9\u5e97)", "order_time": ["2019-01-05 06:03:36"], "total_order": 1, "hotel_value": ["4.8"], "hotel_price": ["240"]}, "2592722": {"hotel_name": "\u827a\u83f2\u9152\u5e97(\u6210\u90fd\u592a\u5e73\u56ed\u5730\u94c1\u7ad9\u5e97)", "order_time": ["2019-01-05 06:41:26", "2019-01-05 06:03:36"], "total_order": 2, "hotel_value": ["4.5", "4.5"], "hotel_price": ["140", "140"]}, "1907411": {"hotel_name": "\u51e4\u51f0\u5fa1\u5ead\u9152\u5e97\u8fde\u9501(\u6210\u90fd\u91d1\u725b\u4e07\u8fbe\u6881\u5bb6\u5df7\u6c7d\u8f66\u7ad9\u5e97)(\u539f\u8700\u5317\u5e97)", "order_time": ["2019-01-05 06:03:36"], "total_order": 1, "hotel_value": ["4.8"], "hotel_price": ["123"]}, "1198406": {"hotel_name": "\u745e\u7199\u57ce\u5e02\u9152\u5e97(\u6210\u90fd\u56db\u5ddd\u5927\u5b66\u671b\u6c5f\u6821\u533a\u5e97)(\u539f\u5ddd\u5927\u79d1\u534e\u5e97)", "order_time": ["2019-01-05 06:05:29"], "total_order": 1, "hotel_value": ["4.8"], "hotel_price": ["298"]}, "6696643": {"hotel_name": "\u6210\u90fd\u534e\u8fb0\u9152\u5e97(\u7389\u6797\u502a\u5bb6\u6865\u5730\u94c1\u7ad9\u5e97)", "order_time": ["2019-01-05 06:05:30"], "total_order": 1, "hotel_value": ["4.1"], "hotel_price": ["194"]}, "828353": {"hotel_name": "\u6210\u90fd\u597d\u5ba2\u5927\u9152\u5e97(\u6b66\u4faf\u7960\u9526\u91cc\u5e97)", "order_time": ["2019-01-05 06:07:27"], "total_order": 1, "hotel_value": ["4.5"], "hotel_price": ["296"]}, "1205182": {"hotel_name": "\u57ce\u5e02\u4fbf\u6377\u9152\u5e97(\u6210\u90fd\u6e29\u6c5f\u5927\u5b66\u57ce\u5e97)", "order_time": ["2019-01-05 06:07:27"], "total_order": 1, "hotel_value": ["4.0"], "hotel_price": ["118"]}, "2869643": {"hotel_name": "\u65f6\u4ee3\u5929\u5e9c\u9152\u5e97(\u6210\u90fd\u4e16\u7eaa\u57ce\u4f1a\u5c55\u4e2d\u5fc3\u5e97)", "order_time": ["2019-01-05 06:39:25", "2019-01-05 06:07:28"], "total_order": 2, "hotel_value": ["4.8", "4.8"], "hotel_price": ["208", "208"]}, "449967": {"hotel_name": "\u6210\u90fd\u52a0\u5dde\u58f9\u53f7\u9152\u5e97", "order_time": ["2019-01-05 06:07:28"], "total_order": 1, "hotel_value": ["4.6"], "hotel_price": ["205"]}, "994323": {"hotel_name": "\u5982\u5bb6\u5feb\u6377\u9152\u5e97(\u6210\u90fd\u6625\u7199\u8def\u5730\u94c1\u7ad9\u5e97)", "order_time": ["2019-01-05 06:07:28"], "total_order": 1, "hotel_value": ["4.6"], "hotel_price": ["137"]}, "2047014": {"hotel_name": "\u6210\u90fd\u946b\u4eea\u7279\u5546\u52a1\u9152\u5e97", "order_time": ["2019-01-05 06:07:30"], "total_order": 1, "hotel_value": ["4.0"], "hotel_price": ["124"]}, "393246": {"hotel_name": "\u5c0f\u61a9\u9a7f\u7ad9\u9152\u5e97(\u6210\u90fdSOHO\u6cb8\u57ce\u5e97)", "order_time": ["2019-01-05 06:07:30"], "total_order": 1, "hotel_value": ["4.0"], "hotel_price": ["116"]}, "1565795": {"hotel_name": "\u65b0\u9752\u5e74\u9152\u5e97\u516c\u5bd3(\u6210\u90fd\u5929\u5e9c\u5e7f\u573a\u5e97)", "order_time": ["2019-01-05 06:07:31"], "total_order": 1, "hotel_value": ["4.1"], "hotel_price": ["105"]}, "1999262": {"hotel_name": "\u6210\u90fd\u534e\u534f\u9152\u5e97\u534e\u897f\u533b\u9662\u5e97", "order_time": ["2019-01-05 06:07:31"], "total_order": 1, "hotel_value": ["4.1"], "hotel_price": ["123"]}, "1192526": {"hotel_name": "\u745e\u601d\u7279\u9152\u5e97(\u6210\u90fd\u6625\u7199\u592a\u53e4\u91cc\u5e97)(\u539f\u6625\u7199\u5370\u8c61\u5e97)", "order_time": ["2019-01-05 06:09:30"], "total_order": 1, "hotel_value": ["4.7"], "hotel_price": ["194"]}, "2298634": {"hotel_name": "\u8d5b\u5bb6\u9152\u5e97(\u6210\u90fd\u6625\u7199\u8def\u5e97)", "order_time": ["2019-01-05 06:09:30"], "total_order": 1, "hotel_value": ["4.1"], "hotel_price": ["143"]}, "23967523": {"hotel_name": "\u767d\u7389\u5170\u9152\u5e97(\u6210\u90fd\u592a\u53e4\u91cc\u5e97)", "order_time": ["2019-01-05 06:11:28"], "total_order": 1, "hotel_value": ["4.8"], "hotel_price": ["209"]}, "432887": {"hotel_name": "\u6b63\u7199\u56fd\u9645\u9152\u5e97(\u6210\u90fd\u6625\u7199\u592a\u53e4\u91cc\u5e97)", "order_time": ["2019-01-05 06:11:28"], "total_order": 1, "hotel_value": ["4.7"], "hotel_price": ["358"]}, "419437": {"hotel_name": "\u5cb7\u5c71\u5b89\u9038\u5927\u9152\u5e97\uff08\u6210\u90fd\u6625\u7199\u592a\u53e4\u91cc\u5e97\uff09", "order_time": ["2019-01-05 06:11:30"], "total_order": 1, "hotel_value": ["4.5"], "hotel_price": ["294"]}, "2853278": {"hotel_name": "\u4ea4\u96c6\u7ebf\u7cbe\u54c1\u9152\u5e97(\u6210\u90fd\u4e07\u8c61\u57ce\u4e1c\u7ad9\u5e97)", "order_time": ["2019-01-05 06:11:31"], "total_order": 1, "hotel_value": ["4.7"], "hotel_price": ["198"]}, "436873": {"hotel_name": "\u6210\u90fd\u94f6\u6cb3\u738b\u671d\u5927\u9152\u5e97", "order_time": ["2019-01-05 06:13:28"], "total_order": 1, "hotel_value": ["4.4"], "hotel_price": ["299"]}, "4656182": {"hotel_name": "\u4fdd\u5229\u9999\u69df8090\u5c0a\u60a6\u9152\u5e97(\u6210\u90fd\u767e\u8349\u8def\u5730\u94c1\u7ad9\u5e97)", "order_time": ["2019-01-05 06:13:30"], "total_order": 1, "hotel_value": ["4.8"], "hotel_price": ["154"]}, "2996938": {"hotel_name": "\u9752\u94bf\u9152\u5e97(\u6210\u90fd\u73af\u7403\u4e2d\u5fc3\u4e16\u7eaa\u57ce\u65b0\u4f1a\u5c55\u5730\u94c1\u7ad9\u5e97)", "order_time": ["2019-01-05 06:13:30"], "total_order": 1, "hotel_value": ["4.6"], "hotel_price": ["234"]}, "480936": {"hotel_name": "\u9526\u6c5f\u4e4b\u661f(\u6210\u90fd\u767d\u679c\u6797\u5730\u94c1\u7ad9\u5e97)", "order_time": ["2019-01-05 06:17:35", "2019-01-05 06:13:31"], "total_order": 2, "hotel_value": ["4.5", "4.5"], "hotel_price": ["181", "181"]}, "6450885": {"hotel_name": "\u6210\u90fd\u5bbd\u7a84\u4e91\u9526\u5ea6\u5047\u516c\u5bd3", "order_time": ["2019-01-05 06:15:33"], "total_order": 1, "hotel_value": ["4.6"], "hotel_price": ["178"]}, "1798909": {"hotel_name": "\u6210\u90fd\u91d1\u6a59\u9152\u5e97(\u77f3\u4eba\u516c\u56ed\u5e97)", "order_time": ["2019-01-05 06:15:33"], "total_order": 1, "hotel_value": ["4.3"], "hotel_price": ["142"]}, "845193": {"hotel_name": "7\u5929\u8fde\u9501\u9152\u5e97(\u6210\u90fd\u65b0\u4f1a\u5c55\u8f6f\u4ef6\u56ed\u5e7f\u90fd\u5730\u94c1\u7ad9\u5e97)", "order_time": ["2019-01-05 06:15:34"], "total_order": 1, "hotel_value": ["4.4"], "hotel_price": ["134"]}, "3384794": {"hotel_name": "\u5e03\u4e01\u9152\u5e97(\u6210\u90fd\u76d0\u5e02\u53e3\u673a\u573a\u5927\u5df4\u5e97)", "order_time": ["2019-01-05 06:15:34"], "total_order": 1, "hotel_value": ["4.4"], "hotel_price": ["93"]}, "1719851": {"hotel_name": "\u7ea2\u666f\u5730\u7cbe\u54c1\u9152\u5e97(\u6210\u90fd\u91d1\u725b\u4e07\u8fbe\u5e97)", "order_time": ["2019-01-05 06:15:34"], "total_order": 1, "hotel_value": ["4.4"], "hotel_price": ["121"]}, "5218429": {"hotel_name": "\u6210\u90fd\u540c\u65f6\u8fbe\u9152\u5e97", "order_time": ["2019-01-05 06:15:35"], "total_order": 1, "hotel_value": ["4.1"], "hotel_price": ["93"]}, "12651667": {"hotel_name": "\u9526\u5929\u5927\u9152\u5e97\uff08\u909b\u5d03\u9f0e\u76db\u65f6\u4ee3\u5e7f\u573a\u5e97\uff09", "order_time": ["2019-01-05 06:15:42"], "total_order": 1, "hotel_value": ["4.7"], "hotel_price": ["274"]}, "5890381": {"hotel_name": "\u6210\u90fd\u9f99\u4e4b\u68a6\u745e\u5cf0\u516c\u5bd3\u9152\u5e97(\u539f\u745e\u5cf0\u516c\u5bd3\u9152\u5e97)", "order_time": ["2019-01-05 06:17:33", "2019-01-05 06:35:27", "2019-01-05 06:31:29"], "total_order": 3, "hotel_value": ["4.6", "4.6", "4.6"], "hotel_price": ["98", "98", "98"]}, "691457": {"hotel_name": "\u5609\u7acb\u5047\u65e5\u9152\u5e97(\u6210\u90fd\u897f\u95e8\u5e97)", "order_time": ["2019-01-05 06:17:35"], "total_order": 1, "hotel_value": ["4.5"], "hotel_price": ["163"]}, "759649": {"hotel_name": "\u56db\u5ddd\u96c5\u4e50\u5927\u9152\u5e97", "order_time": ["2019-01-05 06:17:35"], "total_order": 1, "hotel_value": ["4.5"], "hotel_price": ["193"]}, "2998175": {"hotel_name": "\u6210\u90fd\u5fae\u5bb6\u77ed\u79df\u516c\u5bd3", "order_time": ["2019-01-05 06:19:33"], "total_order": 1, "hotel_value": ["4.7"], "hotel_price": ["179"]}, "1497940": {"hotel_name": "\u6210\u90fd\u6e29\u6c5f\u65f6\u4ee3\u5546\u52a1\u9152\u5e97", "order_time": ["2019-01-05 06:19:33"], "total_order": 1, "hotel_value": ["4.1"], "hotel_price": ["145"]}, "5246728": {"hotel_name": "\u90eb\u53bf\u60e0\u5c14\u767b\u9152\u5e97", "order_time": ["2019-01-05 06:19:33"], "total_order": 1, "hotel_value": ["4.2"], "hotel_price": ["103"]}, "765399": {"hotel_name": "\u5fa1\u9601\u8fde\u9501\u9152\u5e97\uff08\u6e29\u6c5f\u5927\u5b66\u57ce\u5e97\uff09", "order_time": ["2019-01-05 06:19:33"], "total_order": 1, "hotel_value": ["4.4"], "hotel_price": ["121"]}, "2878789": {"hotel_name": "\u6fb3\u90fd\u5546\u52a1\u9152\u5e97(\u6210\u90fd\u897f\u534e\u5927\u5b66\u5e97)", "order_time": ["2019-01-05 06:19:33"], "total_order": 1, "hotel_value": ["3.8"], "hotel_price": ["102"]}, "8551964": {"hotel_name": "\u6210\u90fd99\u4f18\u9009\u9152\u5e97\u534e\u9633\u6b63\u5317\u4e2d\u8857\u5e97", "order_time": ["2019-01-05 06:19:33"], "total_order": 1, "hotel_value": ["4.1"], "hotel_price": ["106"]}, "2303949": {"hotel_name": "\u6210\u90fd\u701a\u6d77\u5047\u65e5\u9152\u5e97", "order_time": ["2019-01-05 06:19:33"], "total_order": 1, "hotel_value": ["4.1"], "hotel_price": ["96"]}, "8552734": {"hotel_name": "\u6210\u90fd\u6d77\u6d0b\u4e4b\u604b\u9152\u5e97", "order_time": ["2019-01-05 06:19:33"], "total_order": 1, "hotel_value": ["4.3"], "hotel_price": ["94"]}, "2305571": {"hotel_name": "\u661f\u671f\u5929\u5546\u52a1\u9152\u5e97(\u6210\u90fd\u9759\u5b89\u5e97)", "order_time": ["2019-01-05 06:19:33"], "total_order": 1, "hotel_value": ["4.0"], "hotel_price": ["93"]}, "4625895": {"hotel_name": "\u6210\u90fd\u5929\u5b50\u5723\u6cfd\u9152\u5e97", "order_time": ["2019-01-05 06:19:33"], "total_order": 1, "hotel_value": ["4.5"], "hotel_price": ["263"]}, "8552166": {"hotel_name": "\u6210\u90fd\u6e29\u99a8\u5c0f\u7a9d\u4f4f\u5bbf", "order_time": ["2019-01-05 06:19:33"], "total_order": 1, "hotel_value": ["3.4"], "hotel_price": ["71"]}, "2032563": {"hotel_name": "\u5e03\u4e01\u9152\u5e97(\u6210\u90fd\u706b\u8f66\u5317\u7ad9\u4e94\u5757\u77f3\u6c7d\u8f66\u7ad9\u5e97)", "order_time": ["2019-01-05 06:19:33"], "total_order": 1, "hotel_value": ["3.8"], "hotel_price": ["67"]}, "2971879": {"hotel_name": "\u5ddd\u8c6a\u5546\u52a1\u9152\u5e97(\u6210\u90fd\u4e5d\u773c\u6865\u5ddd\u5927\u5ddd\u97f3\u5e97)", "order_time": ["2019-01-05 06:19:33"], "total_order": 1, "hotel_value": ["4.4"], "hotel_price": ["102"]}, "5926947": {"hotel_name": "\u6210\u90fd\u5927\u597d\u6cb3\u5c71\u9152\u5e97(\u57ce\u5e02\u516c\u56ed\u5e97)", "order_time": ["2019-01-05 06:19:33"], "total_order": 1, "hotel_value": ["4.4"], "hotel_price": ["288"]}, "2784714": {"hotel_name": "\u6210\u90fd\u9050\u9f84\u5c45\u5546\u52a1\u5bbe\u9986", "order_time": ["2019-01-05 06:19:33"], "total_order": 1, "hotel_value": ["3.7"], "hotel_price": ["144"]}, "4716409": {"hotel_name": "\u6210\u90fd\u9a6c\u624e\u7f57\u79c1\u4eba\u516c\u5bd3\u9152\u5e97", "order_time": ["2019-01-05 06:19:33"], "total_order": 1, "hotel_value": ["4.9"], "hotel_price": ["214"]}, "5638466": {"hotel_name": "\u90eb\u53bf\u96c5\u4f26\u9152\u5e97", "order_time": ["2019-01-05 06:19:33"], "total_order": 1, "hotel_value": [0], "hotel_price": ["90"]}, "8338655": {"hotel_name": "\u65c5\u9014\u4f73\u5ea6\u5047\u516c\u5bd3(\u6210\u90fd\u6625\u7199\u8def\u592a\u53e4\u91cc\u5e97)", "order_time": ["2019-01-05 06:19:33"], "total_order": 1, "hotel_value": ["4.8"], "hotel_price": ["626"]}, "1400051": {"hotel_name": "\u6210\u90fd\u9999\u820d\u5c14\u9152\u5e97", "order_time": ["2019-01-05 06:19:33"], "total_order": 1, "hotel_value": ["3.8"], "hotel_price": ["98"]}, "6780294": {"hotel_name": "\u6210\u90fd\u6e05\u6c5f\u4e0a\u9662\u9152\u5e97", "order_time": ["2019-01-05 06:19:33"], "total_order": 1, "hotel_value": ["3.8"], "hotel_price": ["159"]}, "5722552": {"hotel_name": "\u7b11\u8138\u91cc\u00b7\u597d\u4e45\u4e0d\u89c1\u9752\u5e74\u65c5\u820d(\u6210\u90fd\u9526\u91cc\u6b66\u4faf\u7960\u5e97)", "order_time": ["2019-01-05 06:21:29"], "total_order": 1, "hotel_value": ["4.9"], "hotel_price": ["31"]}, "4423104": {"hotel_name": "\u5e03\u4e01\u9152\u5e97(\u6210\u90fd\u706b\u8f66\u5317\u7ad9\u8377\u82b1\u6c60\u5e97)", "order_time": ["2019-01-05 06:21:31"], "total_order": 1, "hotel_value": ["4.3"], "hotel_price": ["93"]}, "1841724": {"hotel_name": "\u84c9\u57ce\u5047\u65e5\u9152\u5e97(\u6210\u90fd\u6625\u7199\u7389\u53cc\u8def\u5e97)", "order_time": ["2019-01-05 06:21:32"], "total_order": 1, "hotel_value": ["4.6"], "hotel_price": ["171"]}, "6044301": {"hotel_name": "\u8d1d\u514b\u8857221\u53f7\u6c5f\u666f\u4e3b\u9898\u516c\u5bd3(\u6210\u90fd\u7ea2\u661f\u6865\u5730\u94c1\u53e3\u5e97)", "order_time": ["2019-01-05 06:21:32"], "total_order": 1, "hotel_value": ["4.4"], "hotel_price": ["176"]}, "8683106": {"hotel_name": "\u7ef4\u4e5f\u7eb3\u9152\u5e97(\u6210\u90fd\u73e0\u6c5f\u5e7f\u573a\u5e97)", "order_time": ["2019-01-05 06:23:30"], "total_order": 1, "hotel_value": ["4.9"], "hotel_price": ["289"]}, "1538305": {"hotel_name": "\u6210\u90fd\u9a7b\u7f18\u5bbe\u9986", "order_time": ["2019-01-05 06:23:35"], "total_order": 1, "hotel_value": [0], "hotel_price": ["41"]}, "6873571": {"hotel_name": "\u60a6\u4eab\u9526\u57ce\u9152\u5e97(\u6210\u90fd\u4e1c\u7ad9\u5e97)", "order_time": ["2019-01-05 06:25:30"], "total_order": 1, "hotel_value": ["4.5"], "hotel_price": ["228"]}, "391650": {"hotel_name": "\u56db\u5ddd\u5cb7\u5c71\u996d\u5e97", "order_time": ["2019-01-05 06:25:30"], "total_order": 1, "hotel_value": ["4.8"], "hotel_price": ["558"]}, "6321847": {"hotel_name": "\u8054\u5347\u767e\u65af\u7279\u9152\u5e97(\u6210\u90fd\u56db\u5ddd\u65c5\u6e38\u5b66\u9662\u5e97)", "order_time": ["2019-01-05 06:25:31"], "total_order": 1, "hotel_value": ["4.5"], "hotel_price": ["132"]}, "1490013": {"hotel_name": "\u79c1\u4eab\u5bb6\u00b7\u76db\u94c2\u4ed5\u4e39\u5ea6\u5047\u516c\u5bd3(\u6210\u90fd\u9e6d\u5c9b\u5e97)", "order_time": ["2019-01-05 06:27:30"], "total_order": 1, "hotel_value": ["4.8"], "hotel_price": ["238"]}, "1987101": {"hotel_name": "\u6210\u90fd\u5609\u5f97\u5229\u9152\u5e97", "order_time": ["2019-01-05 06:27:30"], "total_order": 1, "hotel_value": ["4.1"], "hotel_price": ["143"]}, "6053587": {"hotel_name": "\u85e4\u83ef\u9152\u5e97(\u6210\u90fd\u662d\u89c9\u5bfa\u5730\u94c1\u7ad9\u9a77\u9a6c\u6865\u5e97)", "order_time": ["2019-01-05 06:27:31"], "total_order": 1, "hotel_value": ["4.7"], "hotel_price": ["111"]}, "668151": {"hotel_name": "\u6210\u90fd\u502a\u6c0f\u56fd\u9645\u9152\u5e97(\u539f\u987a\u98ce\u56fd\u9645\u9152\u5e97)", "order_time": ["2019-01-05 06:27:32"], "total_order": 1, "hotel_value": ["4.1"], "hotel_price": ["223"]}, "1935574": {"hotel_name": "\u6c34\u6728\u5ba2\u6808(\u6210\u90fd\u673a\u573a\u5e97)(\u539f\u4e3d\u90fd\u5bbe\u9986)", "order_time": ["2019-01-05 06:27:33"], "total_order": 1, "hotel_value": ["4.6"], "hotel_price": ["44"]}, "5218538": {"hotel_name": "\u6210\u90fd\u9999\u5f71\u9152\u5e97", "order_time": ["2019-01-05 06:27:34"], "total_order": 1, "hotel_value": ["4.0"], "hotel_price": ["76"]}, "1582870": {"hotel_name": "\u5c71\u6c34\u65f6\u5c1a\u9152\u5e97(\u6210\u90fd\u4e5d\u773c\u6865\u5e97)(\u539f\u4e5d\u773c\u6865\u725b\u738b\u5e99\u5730\u94c1\u7ad9\u5e97)", "order_time": ["2019-01-05 06:29:28"], "total_order": 1, "hotel_value": ["4.6"], "hotel_price": ["195"]}, "15183278": {"hotel_name": "\u6469\u767bS\u9152\u5e97(\u6210\u90fd\u6b66\u4faf\u7960\u5e97)", "order_time": ["2019-01-05 06:29:29"], "total_order": 1, "hotel_value": ["4.7"], "hotel_price": ["289"]}, "4122390": {"hotel_name": "\u90fd\u5e02\u4e91\u7aef\u9152\u5e97(\u5f6d\u5dde\u7b2c\u4e8c\u529e\u516c\u533a\u7261\u4e39\u540d\u57ce\u5e97)", "order_time": ["2019-01-05 06:41:46", "2019-01-05 06:37:42", "2019-01-05 06:29:44"], "total_order": 3, "hotel_value": ["4.8", "4.8", "4.8"], "hotel_price": ["160", "160", "160"]}, "1914408": {"hotel_name": "\u6210\u90fd\u534e\u897f\u5bbe\u9986", "order_time": ["2019-01-05 06:31:29"], "total_order": 1, "hotel_value": ["4.3"], "hotel_price": ["166"]}, "5599950": {"hotel_name": "\u5982\u5bb6\u7cbe\u9009\u9152\u5e97(\u6210\u90fd\u9ad8\u65b0\u73af\u7403\u4e2d\u5fc3\u5e97)", "order_time": ["2019-01-05 06:31:29"], "total_order": 1, "hotel_value": ["4.8"], "hotel_price": ["293"]}, "1875147": {"hotel_name": "\u548c\u9890\u9152\u5e97(\u6210\u90fd\u65b0\u4f1a\u5c55\u4e2d\u5fc3\u5e97)", "order_time": ["2019-01-05 06:31:29"], "total_order": 1, "hotel_value": ["4.8"], "hotel_price": ["274"]}, "3418805": {"hotel_name": "\u6210\u90fd\u4e0a\u96c5\u7ea2\u53f6\u9152\u5e97", "order_time": ["2019-01-05 06:31:29"], "total_order": 1, "hotel_value": ["4.6"], "hotel_price": ["246"]}, "28173735": {"hotel_name": "\u6210\u90fd\u79d1\u5c3c\u7279\u56fd\u9645\u8fde\u9501\u9152\u5e97", "order_time": ["2019-01-05 06:31:29"], "total_order": 1, "hotel_value": [0], "hotel_price": ["379"]}, "27943997": {"hotel_name": "\u6210\u90fd\u6625\u7199\u574a\u9152\u5e97", "order_time": ["2019-01-05 06:31:29"], "total_order": 1, "hotel_value": [0], "hotel_price": ["249"]}, "27297170": {"hotel_name": "\u5f00\u5143\u66fc\u5c45\u00b7\u6210\u90fd\u6b66\u4faf\u4e07\u8fbe\u5e97", "order_time": ["2019-01-05 06:31:29"], "total_order": 1, "hotel_value": [0], "hotel_price": ["296"]}, "707402": {"hotel_name": "\u6210\u90fd\u535a\u745e\u82b1\u56ed\u9152\u5e97", "order_time": ["2019-01-05 06:31:29"], "total_order": 1, "hotel_value": ["4.9"], "hotel_price": ["348"]}, "443389": {"hotel_name": "\u6210\u90fd\u68a8\u56ed\u7965\u4e3d\u96c5\u9601\u9152\u5e97", "order_time": ["2019-01-05 06:31:29"], "total_order": 1, "hotel_value": ["4.7"], "hotel_price": ["358"]}, "425825": {"hotel_name": "\u6210\u90fd\u9999\u683c\u91cc\u62c9\u5927\u9152\u5e97", "order_time": ["2019-01-05 06:31:29", "2019-01-05 06:51:27"], "total_order": 2, "hotel_value": ["4.7", "4.7"], "hotel_price": ["999", "999"]}, "1066373": {"hotel_name": "\u6210\u90fd\u745e\u5409\u9152\u5e97", "order_time": ["2019-01-05 06:31:29"], "total_order": 1, "hotel_value": ["4.8"], "hotel_price": ["1273"]}, "512284": {"hotel_name": "\u6210\u90fd\u5bcc\u529b\u4e3d\u601d\u5361\u5c14\u987f\u9152\u5e97", "order_time": ["2019-01-05 06:31:29"], "total_order": 1, "hotel_value": ["4.7"], "hotel_price": ["1306"]}, "6050481": {"hotel_name": "\u6210\u90fd\u8302\u4e1aJW\u4e07\u8c6a\u9152\u5e97", "order_time": ["2019-01-05 06:31:29"], "total_order": 1, "hotel_value": ["4.7"], "hotel_price": ["1234"]}, "6869710": {"hotel_name": "\u6210\u90fd\u534e\u5c14\u9053\u592b\u9152\u5e97", "order_time": ["2019-01-05 06:31:29"], "total_order": 1, "hotel_value": ["4.7"], "hotel_price": ["1306"]}, "432140": {"hotel_name": "\u6210\u90fd\u660e\u5b87\u4e3d\u96c5\u996d\u5e97", "order_time": ["2019-01-05 06:31:29"], "total_order": 1, "hotel_value": ["4.8"], "hotel_price": ["498"]}, "482518": {"hotel_name": "\u6210\u90fd\u4e16\u4ee3\u9526\u6c5f\u56fd\u9645\u9152\u5e97", "order_time": ["2019-01-05 06:31:29"], "total_order": 1, "hotel_value": ["4.7"], "hotel_price": ["370"]}, "435688": {"hotel_name": "\u6210\u90fd\u4e1c\u5927\u660e\u5b87\u8c6a\u96c5\u996d\u5e97", "order_time": ["2019-01-05 06:31:29"], "total_order": 1, "hotel_value": ["4.8"], "hotel_price": ["778"]}, "430047": {"hotel_name": "\u6210\u90fd\u660e\u5b87\u5c1a\u96c5\u996d\u5e97", "order_time": ["2019-01-05 06:31:29"], "total_order": 1, "hotel_value": ["4.8"], "hotel_price": ["620"]}, "1209922": {"hotel_name": "\u6210\u90fd\u4e07\u529b\u591a\u5927\u9152\u5e97\u603b\u5e97", "order_time": ["2019-01-05 06:31:29"], "total_order": 1, "hotel_value": ["4.3"], "hotel_price": ["137"]}, "453148": {"hotel_name": "\u6210\u90fd\u671b\u6c5f\u5bbe\u9986", "order_time": ["2019-01-05 06:31:29"], "total_order": 1, "hotel_value": ["4.8"], "hotel_price": ["432"]}, "5250150": {"hotel_name": "\u6210\u90fd\u58f9\u90fd\u9526\u9152\u5e97\u5f0f\u670d\u52a1\u516c\u5bd3", "order_time": ["2019-01-05 06:33:29"], "total_order": 1, "hotel_value": ["4.7"], "hotel_price": ["312"]}, "22774555": {"hotel_name": "\u84c9\u9038\u9152\u5e97(\u6210\u90fd\u6b66\u9752\u5317\u8def\u5730\u94c1\u7ad9\u5e97)", "order_time": ["2019-01-05 06:33:29"], "total_order": 1, "hotel_value": ["4.9"], "hotel_price": ["146"]}, "8589668": {"hotel_name": "\u6210\u90fd\u6a59\u4e50\u516c\u5bd3\u5916\u5149\u534e\u4e07\u8fbe\u5e97", "order_time": ["2019-01-05 06:33:30"], "total_order": 1, "hotel_value": ["4.7"], "hotel_price": ["143"]}, "6069097": {"hotel_name": "\u6210\u90fd\u673a\u573a\u53e4\u5854\u56ed\u6797\u5bbe\u9986", "order_time": ["2019-01-05 06:35:28"], "total_order": 1, "hotel_value": ["4.6"], "hotel_price": ["143"]}, "1739871": {"hotel_name": "\u6210\u90fd\u5609\u534e\u9152\u5e97", "order_time": ["2019-01-05 06:37:31"], "total_order": 1, "hotel_value": ["4.1"], "hotel_price": ["94"]}, "23863674": {"hotel_name": "\u6210\u90fd\u592a\u53e4\u91cc\u6625\u7199CitiGO\u6b22\u9601\u9152\u5e97", "order_time": ["2019-01-05 06:39:25"], "total_order": 1, "hotel_value": ["4.7"], "hotel_price": ["274"]}, "1371770": {"hotel_name": "\u6210\u90fd\u5ce8\u7709\u5c71\u996d\u5e97\u00b7\u7985\u60a6", "order_time": ["2019-01-05 06:39:25"], "total_order": 1, "hotel_value": ["4.8"], "hotel_price": ["286"]}, "14010043": {"hotel_name": "\u84c9\u9038\u7cbe\u54c1\u9152\u5e97(\u6210\u90fd\u897f\u7ad9\u9752\u7f8a\u4e07\u8fbe\u5e97)", "order_time": ["2019-01-05 06:39:26", "2019-01-05 06:47:31"], "total_order": 2, "hotel_value": ["4.8", "4.8"], "hotel_price": ["218", "218"]}, "2577801": {"hotel_name": "\u5343\u5bfb\u516c\u5bd3(\u53cc\u6d41\u673a\u573a\u5e97)", "order_time": ["2019-01-05 06:41:28"], "total_order": 1, "hotel_value": ["4.7"], "hotel_price": ["150"]}, "6461355": {"hotel_name": "\u6df3\u610fV\u9152\u5e97(\u6210\u90fd\u6625\u7199\u8def\u592a\u53e4\u91cc\u5e97)", "order_time": ["2019-01-05 06:43:25"], "total_order": 1, "hotel_value": ["4.6"], "hotel_price": ["289"]}, "6049078": {"hotel_name": "\u6210\u90fd\u65af\u7ef4\u767b\u670d\u52a1\u516c\u5bd3(\u706b\u8f66\u4e1c\u7ad9\u7c73\u5a05\u4e2d\u5fc3)", "order_time": ["2019-01-05 06:43:25"], "total_order": 1, "hotel_value": ["4.7"], "hotel_price": ["176"]}, "535748": {"hotel_name": "\u6210\u90fd\u5e0c\u6069\u56fd\u9645\u9152\u5e97", "order_time": ["2019-01-05 06:43:26"], "total_order": 1, "hotel_value": ["4.7"], "hotel_price": ["302"]}, "449525": {"hotel_name": "\u6210\u90fd\u56db\u5ddd\u5bbe\u9986", "order_time": ["2019-01-05 06:43:26"], "total_order": 1, "hotel_value": ["4.7"], "hotel_price": ["208"]}, "768438": {"hotel_name": "\u6210\u90fd\u84dd\u90e1\u94c2\u745e\u9152\u5e97", "order_time": ["2019-01-05 06:43:26"], "total_order": 1, "hotel_value": ["4.6"], "hotel_price": ["109"]}, "670099": {"hotel_name": "\u6210\u90fd\u7ec5\u6cf0\u5927\u9152\u5e97", "order_time": ["2019-01-05 06:45:27"], "total_order": 1, "hotel_value": ["4.7"], "hotel_price": ["398"]}, "7913493": {"hotel_name": "\u91d1\u9f99\u5047\u65e5\u9152\u5e97(\u6210\u90fd\u91d1\u878d\u57ce\u5e97)", "order_time": ["2019-01-05 06:47:30"], "total_order": 1, "hotel_value": ["4.6"], "hotel_price": ["206"]}, "1902480": {"hotel_name": "\u6210\u90fd\u84dd\u57ce\u60a6\u6995\u7cbe\u54c1\u6587\u5316\u9152\u5e97", "order_time": ["2019-01-05 06:47:30"], "total_order": 1, "hotel_value": ["4.8"], "hotel_price": ["298"]}, "455981": {"hotel_name": "\u6210\u90fd68\u9152\u5e97\u516c\u5bd3(\u6625\u7199\u5e97)", "order_time": ["2019-01-05 06:47:35"], "total_order": 1, "hotel_value": ["4.8"], "hotel_price": ["113"]}, "1373971": {"hotel_name": "\u65af\u7ef4\u767b\u5ea6\u5047\u516c\u5bd3(\u6210\u90fd\u5bbd\u7a84\u5df7\u5b50\u529b\u8fc5\u9886\u7b51\u5e97)", "order_time": ["2019-01-05 06:49:39"], "total_order": 1, "hotel_value": ["4.6"], "hotel_price": ["187"]}, "2705868": {"hotel_name": "\u6210\u90fd\u54c1\u9999\u56db\u5b63\u9152\u5e97(\u4e16\u7eaa\u57ce\u65b0\u4f1a\u5c55\u4e2d\u5fc3\u5730\u94c1\u7ad9\u5e97)", "order_time": ["2019-01-05 06:49:40"], "total_order": 1, "hotel_value": ["4.7"], "hotel_price": ["198"]}, "1593971": {"hotel_name": "\u817e\u8f89\u7cbe\u54c1\u9152\u5e97(\u6210\u90fd\u73e0\u6c5f\u5e7f\u573a\u5e97)", "order_time": ["2019-01-05 06:49:40"], "total_order": 1, "hotel_value": ["4.7"], "hotel_price": ["206"]}, "1610229": {"hotel_name": "\u7b11\u8138\u91cc\u00b7\u597d\u4e45\u4e0d\u89c1\u9752\u5e74\u65c5\u820d(\u6210\u90fd\u5bbd\u7a84\u5df7\u5b50\u5e97)(\u539f\u767b\u5df4\u8fde\u9501\u5ba2\u6808)", "order_time": ["2019-01-05 06:49:40"], "total_order": 1, "hotel_value": ["4.9"], "hotel_price": ["35"]}, "531603": {"hotel_name": "\u6210\u90fd\u56fe\u817e\u94c2\u96c5\u9152\u5e97(\u6b66\u4faf\u5ddd\u5927\u5e97)", "order_time": ["2019-01-05 06:49:40"], "total_order": 1, "hotel_value": ["4.6"], "hotel_price": ["326"]}, "1372635": {"hotel_name": "\u6210\u90fd\u8ffd\u9a6c\u5361\u62c9\u9152\u5e97", "order_time": ["2019-01-05 06:49:41"], "total_order": 1, "hotel_value": ["4.3"], "hotel_price": ["185"]}, "18538935": {"hotel_name": "\u6210\u90fd\u751c\u751c\u9a7f\u7ad9", "order_time": ["2019-01-05 06:49:43"], "total_order": 1, "hotel_value": ["3.9"], "hotel_price": ["78"]}, "1962537": {"hotel_name": "\u6210\u90fd\u5e78\u798f\u5546\u52a1\u9152\u5e97", "order_time": ["2019-01-05 06:49:43"], "total_order": 1, "hotel_value": ["3.1"], "hotel_price": ["98"]}, "4645730": {"hotel_name": "\u6210\u90fd\u534e\u6e2f\u5885\u9662\u6c11\u5bbf", "order_time": ["2019-01-05 06:49:43"], "total_order": 1, "hotel_value": ["4.7"], "hotel_price": ["133"]}, "1343609": {"hotel_name": "\u6210\u90fd\u5982\u5bbe\u4f4f\u5bbf", "order_time": ["2019-01-05 06:49:43"], "total_order": 1, "hotel_value": ["3.7"], "hotel_price": ["45"]}, "8546870": {"hotel_name": "\u6210\u90fd\u6d77\u60a6\u7f24\u7eb7\u9152\u5e97(\u5ddd\u5927\u7f8e\u9886\u9986\u5e97)", "order_time": ["2019-01-05 06:51:27"], "total_order": 1, "hotel_value": ["4.2"], "hotel_price": ["133"]}, "1804895": {"hotel_name": "\u5d07\u5dde\u946b\u6d77\u5bbe\u9986", "order_time": ["2019-01-05 06:51:49"], "total_order": 1, "hotel_value": ["3.6"], "hotel_price": ["80"]}, "846919": {"hotel_name": "\u5982\u5bb6\u5feb\u6377\u9152\u5e97(\u6210\u90fd\u9526\u91cc\u6b66\u4faf\u7960\u9ad8\u5347\u6865\u5730\u94c1\u7ad9\u5e97)", "order_time": ["2019-01-05 06:53:29"], "total_order": 1, "hotel_value": ["4.6"], "hotel_price": ["163"]}, "25739493": {"hotel_name": "\u6210\u90fd\u65af\u7ef4\u767b\u670d\u52a1\u516c\u5bd3(\u534e\u5e9c\u5927\u9053)", "order_time": ["2019-01-05 06:53:29"], "total_order": 1, "hotel_value": ["4.8"], "hotel_price": ["211"]}, "5374555": {"hotel_name": "\u6210\u90fd\u701a\u6d0b\u5927\u9152\u5e97", "order_time": ["2019-01-05 06:53:33"], "total_order": 1, "hotel_value": ["4.7"], "hotel_price": ["248"]}, "4456046": {"hotel_name": "\u6210\u90fd\u53cc\u91d1\u827a\u672f\u9152\u5e97", "order_time": ["2019-01-05 06:55:29"], "total_order": 1, "hotel_value": ["4.0"], "hotel_price": ["119"]}, "456981": {"hotel_name": "\u6210\u90fd\u4f0a\u4e3d\u7279\u9152\u5e97", "order_time": ["2019-01-05 06:55:29"], "total_order": 1, "hotel_value": ["4.6"], "hotel_price": ["184"]}, "1247719": {"hotel_name": "\u5b89\u9038\u9152\u5e97(\u6210\u90fd\u5bbd\u7a84\u5df7\u5b50\u897f\u5e97)", "order_time": ["2019-01-05 06:55:29"], "total_order": 1, "hotel_value": ["4.4"], "hotel_price": ["95"]}, "21336078": {"hotel_name": "\u6210\u90fd\u96c5\u5e9c\u9152\u5e97", "order_time": ["2019-01-05 06:55:30"], "total_order": 1, "hotel_value": ["4.8"], "hotel_price": ["198"]}}}