{"\u5f00\u59cb\u8bb0\u5f55\u65f6\u95f4": "2019-01-12 03:56:18", "\u7ed3\u675f\u8bb0\u5f55\u65f6\u95f4": "2019-01-12 05:58:28", "\u8ba2\u5355\u603b\u589e\u91cf": 196, "item": {"473471": {"hotel_name": "\u6210\u90fd\u534e\u7eb3\u4e3d\u5c0a\u9152\u5e97", "order_time": ["2019-01-12 04:01:20"], "total_order": 1, "hotel_value": ["4.5"], "hotel_price": ["429"]}, "21132716": {"hotel_name": "\u6210\u90fd\u6625\u7199\u7f8e\u5c45\u9152\u5e97", "order_time": ["2019-01-12 04:01:24", "2019-01-12 04:50:36"], "total_order": 2, "hotel_value": ["4.7", "4.7"], "hotel_price": ["399", "399"]}, "393108": {"hotel_name": "\u6210\u90fd\u51ef\u5bbe\u65af\u57fa\u996d\u5e97", "order_time": ["2019-01-12 04:01:28"], "total_order": 1, "hotel_value": ["4.4"], "hotel_price": ["704"]}, "3628318": {"hotel_name": "\u6210\u90fd\u8c6a\u4e30\u9152\u5e97", "order_time": ["2019-01-12 04:01:28"], "total_order": 1, "hotel_value": ["4.7"], "hotel_price": ["218"]}, "2569253": {"hotel_name": "\u6210\u90fd\u552f\u7231solelove\u4e3b\u9898\u9152\u5e97\u516c\u5bd3", "order_time": ["2019-01-12 04:01:46"], "total_order": 1, "hotel_value": ["4.4"], "hotel_price": ["153"]}, "643701": {"hotel_name": "\u6210\u90fd\u4e0a\u5c42\u540d\u4eba\u9152\u5e97", "order_time": ["2019-01-12 04:05:29"], "total_order": 1, "hotel_value": ["4.6"], "hotel_price": ["283"]}, "25804079": {"hotel_name": "\u6591\u6593\u5bb6\u6c11\u5bbf(\u6210\u90fd\u6625\u7199\u8def\u5e97)", "order_time": ["2019-01-12 04:05:33"], "total_order": 1, "hotel_value": ["4.8"], "hotel_price": ["178"]}, "3668886": {"hotel_name": "\u6210\u90fd\u6625\u7199\u4e9a\u6735S\u540c\u9053\u661f\u5ea7\u9152\u5e97", "order_time": ["2019-01-12 04:05:35"], "total_order": 1, "hotel_value": ["4.8"], "hotel_price": ["365"]}, "23863674": {"hotel_name": "\u6210\u90fd\u592a\u53e4\u91cc\u6625\u7199CitiGO\u6b22\u9601\u9152\u5e97", "order_time": ["2019-01-12 04:05:35"], "total_order": 1, "hotel_value": ["4.7"], "hotel_price": ["333"]}, "1373971": {"hotel_name": "\u65af\u7ef4\u767b\u5ea6\u5047\u516c\u5bd3(\u6210\u90fd\u5bbd\u7a84\u5df7\u5b50\u529b\u8fc5\u9886\u7b51\u5e97)", "order_time": ["2019-01-12 04:05:37"], "total_order": 1, "hotel_value": ["4.6"], "hotel_price": ["187"]}, "5803588": {"hotel_name": "\u6210\u90fd\u9f99\u4e4b\u68a6\u96c5\u4ed5\u5546\u52a1\u9152\u5e97(\u539f\u96c5\u4ed5\u5546\u52a1\u9152\u5e97)", "order_time": ["2019-01-12 04:05:40"], "total_order": 1, "hotel_value": ["4.4"], "hotel_price": ["188"]}, "2057891": {"hotel_name": "\u5e03\u4e01\u9152\u5e97(\u6210\u90fd\u7389\u6797\u502a\u5bb6\u6865\u5730\u94c1\u7ad9\u5e97)", "order_time": ["2019-01-12 04:05:53"], "total_order": 1, "hotel_value": ["4.6"], "hotel_price": ["108"]}, "3782430": {"hotel_name": "\u6816\u5c71\u9752\u5e74\u65c5\u820d(\u6210\u90fd\u6625\u7199\u592a\u5347\u8def\u5e97)", "order_time": ["2019-01-12 04:05:55"], "total_order": 1, "hotel_value": ["4.4"], "hotel_price": ["28"]}, "481079": {"hotel_name": "\u5e03\u4e01\u9152\u5e97(\u6210\u90fd\u5bbd\u7a84\u5df7\u5b50\u5317\u82b1\u724c\u574a\u5e97)", "order_time": ["2019-01-12 04:06:02"], "total_order": 1, "hotel_value": ["4.2"], "hotel_price": ["79"]}, "8186996": {"hotel_name": "\u6210\u90fd\u9526\u57ce\u00b7\u5bbd\u7a84\u7cbe\u54c1\u4e3b\u9898\u670d\u52a1\u516c\u5bd3(\u539f\u5e3d\u7f8e\u5bbd\u7a84\u7cbe\u54c1\u4f53\u9a8c\u516c\u5bd3)", "order_time": ["2019-01-12 04:06:05"], "total_order": 1, "hotel_value": ["4.7"], "hotel_price": ["153"]}, "534918": {"hotel_name": "\u82b1\u6c34\u6e7e\u9526\u6cf0\u6e29\u6cc9\u9152\u5e97", "order_time": ["2019-01-12 04:07:23"], "total_order": 1, "hotel_value": ["4.5"], "hotel_price": ["1128"]}, "12795954": {"hotel_name": "\u8c26\u5ddd\u9152\u5e97(\u91d1\u5802\u5e97)", "order_time": ["2019-01-12 04:07:24"], "total_order": 1, "hotel_value": ["4.7"], "hotel_price": ["178"]}, "6375741": {"hotel_name": "\u7ef4\u4e5f\u7eb3\u9152\u5e97(\u5d07\u5dde\u5e97)", "order_time": ["2019-01-12 04:07:24"], "total_order": 1, "hotel_value": ["4.6"], "hotel_price": ["218"]}, "6552930": {"hotel_name": "\u6021\u5bb6\u94c2\u96c5\u540d\u4eba\u9152\u5e97(\u5d07\u5dde\u5e97)", "order_time": ["2019-01-12 04:07:24"], "total_order": 1, "hotel_value": ["4.7"], "hotel_price": ["161"]}, "8328585": {"hotel_name": "\u91d1\u5802\u6717\u60a6\u9152\u5e97(\u91d1\u6c99\u516c\u56ed\u5e97)", "order_time": ["2019-01-12 04:07:24"], "total_order": 1, "hotel_value": ["4.7"], "hotel_price": ["210"]}, "536777": {"hotel_name": "\u90fd\u6c5f\u5830\u4f11\u606f\u6811\u9152\u5e97", "order_time": ["2019-01-12 04:07:24"], "total_order": 1, "hotel_value": ["4.5"], "hotel_price": ["218"]}, "19575320": {"hotel_name": "\u5f6d\u5dde\u739b\u838e\u52a0\u5c14\u5927\u9152\u5e97", "order_time": ["2019-01-12 04:07:24"], "total_order": 1, "hotel_value": ["4.6"], "hotel_price": ["318"]}, "6106836": {"hotel_name": "\u5927\u9091\u51ef\u745e\u57ce\u5e02\u9152\u5e97", "order_time": ["2019-01-12 04:07:24"], "total_order": 1, "hotel_value": ["4.6"], "hotel_price": ["228"]}, "22421168": {"hotel_name": "\u67cf\u66fc\u9152\u5e97(\u7b80\u9633\u65ed\u6d77\u65f6\u4ee3\u5e7f\u573a\u5e97)", "order_time": ["2019-01-12 04:07:24"], "total_order": 1, "hotel_value": ["4.3"], "hotel_price": ["286"]}, "2918462": {"hotel_name": "\u7b80\u9633\u65b0\u4e1c\u5357\u56fd\u9645\u5927\u9152\u5e97", "order_time": ["2019-01-12 04:07:24"], "total_order": 1, "hotel_value": ["4.4"], "hotel_price": ["252"]}, "11211788": {"hotel_name": "\u90fd\u6c5f\u5830\u6c5f\u4e0a\u540d\u90fd\u9152\u5e97", "order_time": ["2019-01-12 04:07:24"], "total_order": 1, "hotel_value": ["4.7"], "hotel_price": ["182"]}, "1747876": {"hotel_name": "\u5927\u9091\u897f\u5cad\u5c71\u5e84", "order_time": ["2019-01-12 04:07:24"], "total_order": 1, "hotel_value": ["4.6"], "hotel_price": ["168"]}, "2354741": {"hotel_name": "\u90fd\u6c5f\u5830\u8679\u53e3\u5c71\u666f\u8c6a\u5b9c\u6e29\u6cc9\u9152\u5e97", "order_time": ["2019-01-12 04:07:24"], "total_order": 1, "hotel_value": ["4.5"], "hotel_price": ["609"]}, "1167314": {"hotel_name": "\u5927\u9091\u5170\u5ead\u5927\u9152\u5e97", "order_time": ["2019-01-12 04:07:24"], "total_order": 1, "hotel_value": ["4.7"], "hotel_price": ["193"]}, "2043921": {"hotel_name": "\u65b0\u6d25\u5a01\u559c\u767b\u9152\u5e97", "order_time": ["2019-01-12 04:07:24"], "total_order": 1, "hotel_value": ["4.5"], "hotel_price": ["213"]}, "16083515": {"hotel_name": "\u5927\u9091\u534e\u4fa8\u57ce\u5b89\u4ec1\u516c\u9986", "order_time": ["2019-01-12 04:07:24"], "total_order": 1, "hotel_value": ["4.9"], "hotel_price": ["676"]}, "6300107": {"hotel_name": "\u5927\u9091\u53bf\u897f\u96c5\u56fe\u5047\u65e5\u9152\u5e97", "order_time": ["2019-01-12 04:07:24"], "total_order": 1, "hotel_value": ["4.6"], "hotel_price": ["174"]}, "18418065": {"hotel_name": "\u65af\u7ef4\u767b\u5ea6\u5047\u516c\u5bd3(\u90fd\u6c5f\u5830\u4e1c\u80fd\u8d22\u5bcc\u5e7f\u573a\u5e97)", "order_time": ["2019-01-12 04:07:24"], "total_order": 1, "hotel_value": ["4.7"], "hotel_price": ["161"]}, "2298708": {"hotel_name": "\u84b2\u6c5f\u9e64\u90fd\u4eb2\u5b50\u4f1a\u8bae\u5ea6\u5047\u9152\u5e97", "order_time": ["2019-01-12 04:07:24"], "total_order": 1, "hotel_value": ["4.5"], "hotel_price": ["164"]}, "5237982": {"hotel_name": "\u5927\u9091\u6052\u76ca\u5bbe\u9986", "order_time": ["2019-01-12 04:07:24"], "total_order": 1, "hotel_value": ["4.8"], "hotel_price": ["143"]}, "21134143": {"hotel_name": "\u909b\u5d03\u909b\u5dde\u5370\u8c61\u9152\u5e97", "order_time": ["2019-01-12 04:07:24"], "total_order": 1, "hotel_value": ["4.7"], "hotel_price": ["232"]}, "1798850": {"hotel_name": "\u6960\u6cf0\u8fde\u9501\u9152\u5e97(\u5d07\u5dde\u5e97)", "order_time": ["2019-01-12 04:07:24"], "total_order": 1, "hotel_value": ["4.8"], "hotel_price": ["173"]}, "4089718": {"hotel_name": "\u7b80\u9633\u7b80\u5dde\u5927\u996d\u5e97", "order_time": ["2019-01-12 04:07:24"], "total_order": 1, "hotel_value": ["4.2"], "hotel_price": ["133"]}, "3797053": {"hotel_name": "\u82b1\u6c34\u6e7e\u7f57\u9a6c\u5047\u65e5\u6e29\u6cc9\u522b\u5885\u9152\u5e97", "order_time": ["2019-01-12 04:07:24"], "total_order": 1, "hotel_value": ["4.6"], "hotel_price": ["921"]}, "16950886": {"hotel_name": "\u909b\u5d03\u6587\u541b\u6545\u91cc\u5370\u8c61\u9152\u5e97", "order_time": ["2019-01-12 04:07:24"], "total_order": 1, "hotel_value": ["4.7"], "hotel_price": ["262"]}, "1198406": {"hotel_name": "\u745e\u7199\u9152\u5e97(\u6210\u90fd\u56db\u5ddd\u5927\u5b66\u671b\u6c5f\u6821\u533a\u5e97)", "order_time": ["2019-01-12 04:09:34"], "total_order": 1, "hotel_value": ["4.8"], "hotel_price": ["298"]}, "1319666": {"hotel_name": "\u897f\u59c6\u9152\u5e97(\u6210\u90fd\u5929\u5e9c\u5e7f\u573a\u5e97)", "order_time": ["2019-01-12 04:34:16", "2019-01-12 04:09:34"], "total_order": 2, "hotel_value": ["4.8", "4.8"], "hotel_price": ["278", "278"]}, "2041806": {"hotel_name": "\u9752\u6850\u57ce\u5e02\u9152\u5e97(\u6210\u90fd\u5bbd\u7a84\u5df7\u5b50\u5e97)", "order_time": ["2019-01-12 05:10:37", "2019-01-12 04:09:35", "2019-01-12 05:06:46"], "total_order": 3, "hotel_value": ["4.8", "4.8", "4.8"], "hotel_price": ["285", "285", "285"]}, "2024868": {"hotel_name": "\u68a6\u4e4b\u65c5\u56fd\u9645\u9752\u5e74\u65c5\u820d\u5ba2\u6808(\u6210\u90fd\u6b66\u5019\u7960\u9526\u91cc\u5e97)", "order_time": ["2019-01-12 04:09:37", "2019-01-12 04:17:53"], "total_order": 2, "hotel_value": ["4.6", "4.6"], "hotel_price": ["36", "36"]}, "2299950": {"hotel_name": "\u6210\u90fd\u7389\u6cc9\u5047\u65e5\u9152\u5e97", "order_time": ["2019-01-12 04:09:39"], "total_order": 1, "hotel_value": ["4.3"], "hotel_price": ["94"]}, "1209878": {"hotel_name": "Q\u52a0\u00b7\u6210\u90fd\u7396\u5c45\u6e2f\u6e7e\u9152\u5e97", "order_time": ["2019-01-12 04:10:04"], "total_order": 1, "hotel_value": ["4.6"], "hotel_price": ["192"]}, "2307597": {"hotel_name": "\u8c6a\u5ead\u8fde\u9501\u9152\u5e97(\u6210\u90fd\u7409\u7483\u5e97)", "order_time": ["2019-01-12 04:10:05"], "total_order": 1, "hotel_value": ["4.2"], "hotel_price": ["107"]}, "17905369": {"hotel_name": "\u5927\u9091\u4e16\u7eaa\u9526\u8c6a\u5047\u65e5\u9152\u5e97", "order_time": ["2019-01-12 04:32:21", "2019-01-12 04:11:47"], "total_order": 2, "hotel_value": ["4.6", "4.6"], "hotel_price": ["260", "260"]}, "2102904": {"hotel_name": "\u5f6d\u5dde\u9e4f\u7a0b\u6607\u660e\u9152\u5e97", "order_time": ["2019-01-12 04:11:49"], "total_order": 1, "hotel_value": ["4.5"], "hotel_price": ["149"]}, "23817962": {"hotel_name": "\u6210\u90fd\u718a\u732b\u7684\u5ba2\u4eba\u9152\u5e97", "order_time": ["2019-01-12 04:13:50"], "total_order": 1, "hotel_value": ["4.7"], "hotel_price": ["148"]}, "1868238": {"hotel_name": "\u8776\u604b\u82b1\u7cbe\u54c1\u9152\u5e97\u516c\u5bd3(\u6210\u90fd\u6587\u6b8a\u9662\u5730\u94c1\u7ad9\u5e97)", "order_time": ["2019-01-12 04:13:51"], "total_order": 1, "hotel_value": ["4.7"], "hotel_price": ["145"]}, "2301354": {"hotel_name": "\u51ef\u5bbe\u8fde\u9501\u9152\u5e97(\u6210\u90fd\u4e50\u6021\u5e97)", "order_time": ["2019-01-12 04:13:51"], "total_order": 1, "hotel_value": ["4.4"], "hotel_price": ["189"]}, "970707": {"hotel_name": "\u6210\u90fd\u7d2b\u6249HOTEL", "order_time": ["2019-01-12 04:13:59"], "total_order": 1, "hotel_value": ["4.8"], "hotel_price": ["174"]}, "5293327": {"hotel_name": "\u5982\u5bb6\u777f\u67cf\u00b7\u4e91\u9152\u5e97(\u6210\u90fd\u540d\u90fd\u673a\u7535\u57ce\u6b22\u4e50\u8c37\u5e97)(\u539f\u5929\u5e9c\u540d\u90fd\u5546\u52a1\u9152\u5e97)", "order_time": ["2019-01-12 04:14:01"], "total_order": 1, "hotel_value": ["4.4"], "hotel_price": ["144"]}, "2376569": {"hotel_name": "\u6210\u90fd\u9a6c\u514b\u7684\u9752\u5e74\u65c5\u820d", "order_time": ["2019-01-12 04:14:07"], "total_order": 1, "hotel_value": ["4.7"], "hotel_price": ["38"]}, "21122952": {"hotel_name": "\u548c\u7f07\u9152\u5e97(\u6210\u90fd\u4e16\u7eaa\u57ce\u65b0\u4f1a\u5c55\u5e97)", "order_time": ["2019-01-12 04:14:08"], "total_order": 1, "hotel_value": ["4.5"], "hotel_price": ["133"]}, "416180": {"hotel_name": "\u6210\u90fd\u4e16\u7eaa\u57ce\u5929\u5802\u6d32\u9645\u5927\u996d\u5e97", "order_time": ["2019-01-12 04:15:31"], "total_order": 1, "hotel_value": ["4.7"], "hotel_price": ["1008"]}, "1200139": {"hotel_name": "\u6210\u90fd\u9ea6\u7530\u5929\u9605\u9152\u5e97", "order_time": ["2019-01-12 04:17:44"], "total_order": 1, "hotel_value": ["4.7"], "hotel_price": ["360"]}, "6833415": {"hotel_name": "\u6210\u90fd\u73af\u7403\u4e2d\u5fc3\u6728\u83b2\u5e84\u9152\u5e97", "order_time": ["2019-01-12 04:17:49"], "total_order": 1, "hotel_value": ["4.8"], "hotel_price": ["399"]}, "1745546": {"hotel_name": "\u6210\u90fd\u5ddd\u89c6\u5b9d\u5149\u5bbe\u9986", "order_time": ["2019-01-12 04:17:50"], "total_order": 1, "hotel_value": ["4.6"], "hotel_price": ["202"]}, "445219": {"hotel_name": "\u6210\u90fd\u4e5d\u5be8\u6c9f\u996d\u5e97", "order_time": ["2019-01-12 04:17:53"], "total_order": 1, "hotel_value": ["4.8"], "hotel_price": ["300"]}, "4496633": {"hotel_name": "\u8499\u592a\u5947\u4e3b\u9898\u516c\u5bd3(\u6210\u90fd\u7f8e\u9886\u9986\u5ddd\u5927\u5e97)", "order_time": ["2019-01-12 04:17:54"], "total_order": 1, "hotel_value": ["4.5"], "hotel_price": ["211"]}, "17350115": {"hotel_name": "\u4e07\u7231\u60c5\u4fa3\u9152\u5e97(\u6210\u90fd\u6b66\u4faf\u7960\u5e97)", "order_time": ["2019-01-12 04:17:55"], "total_order": 1, "hotel_value": ["4.8"], "hotel_price": ["194"]}, "5212243": {"hotel_name": "\u7ef4\u5bb6\u65af\u6587\u5316\u9152\u5e97(\u6210\u90fd\u5c11\u9675\u8def\u5e97)", "order_time": ["2019-01-12 04:18:15"], "total_order": 1, "hotel_value": ["4.7"], "hotel_price": ["292"]}, "1501019": {"hotel_name": "\u5982\u5bb6\u5feb\u6377\u9152\u5e97(\u6210\u90fd\u6c99\u6e7e\u897f\u5357\u4ea4\u5927\u5730\u94c1\u7ad9\u5e97)", "order_time": ["2019-01-12 04:18:16"], "total_order": 1, "hotel_value": ["4.7"], "hotel_price": ["118"]}, "3040541": {"hotel_name": "\u6210\u90fd\u9e3f\u6d69\u9152\u5e97\u5f0f\u516c\u5bd3", "order_time": ["2019-01-12 04:18:17"], "total_order": 1, "hotel_value": ["3.9"], "hotel_price": ["108"]}, "1619788": {"hotel_name": "\u6210\u90fd\u65b0\u7a7a\u6e2f\u82b1\u56ed\u5546\u52a1\u9152\u5e97", "order_time": ["2019-01-12 04:18:54"], "total_order": 1, "hotel_value": ["4.1"], "hotel_price": ["97"]}, "8506853": {"hotel_name": "\u7eee\u4e3d\u96c5\u9152\u5e97(\u6210\u90fd\u4e16\u7eaa\u57ce\u65b0\u4f1a\u5c55\u73af\u7403\u4e2d\u5fc3\u5929\u5e9c\u4e09\u8857\u5e97)", "order_time": ["2019-01-12 04:21:41"], "total_order": 1, "hotel_value": ["4.8"], "hotel_price": ["372"]}, "4310923": {"hotel_name": "\u6709\u5ba2REX\u7535\u5f71\u4e3b\u9898\u7cbe\u54c1\u9152\u5e97(\u6210\u90fd\u6625\u7199\u8def)", "order_time": ["2019-01-12 04:21:52"], "total_order": 1, "hotel_value": ["4.7"], "hotel_price": ["247"]}, "432138": {"hotel_name": "\u6210\u90fd\u6d77\u60a6\u9152\u5e97", "order_time": ["2019-01-12 04:21:52"], "total_order": 1, "hotel_value": ["4.6"], "hotel_price": ["560"]}, "6448545": {"hotel_name": "\u5eb7\u5609\u9038\u5c45\u5eb7\u517b\u5ea6\u5047\u516c\u5bd3(\u6210\u90fd\u6e29\u6c5f\u534e\u897f\u533b\u9662\u5e97)", "order_time": ["2019-01-12 04:22:05", "2019-01-12 05:35:19"], "total_order": 2, "hotel_value": ["4.8", "4.8"], "hotel_price": ["181", "181"]}, "11020316": {"hotel_name": "\u6210\u90fd\u5bbd\u7a84\u5df7\u5b50\u7f8e\u5c45\u9152\u5e97", "order_time": ["2019-01-12 04:24:41", "2019-01-12 04:24:45", "2019-01-12 04:24:38", "2019-01-12 04:24:37", "2019-01-12 04:24:48", "2019-01-12 04:24:44"], "total_order": 6, "hotel_value": ["4.9", "4.9", "4.9", "4.9", "4.9", "4.9"], "hotel_price": ["499", "499", "499", "499", "499", "499"]}, "432140": {"hotel_name": "\u6210\u90fd\u660e\u5b87\u4e3d\u96c5\u996d\u5e97", "order_time": ["2019-01-12 04:25:47"], "total_order": 1, "hotel_value": ["4.8"], "hotel_price": ["392"]}, "1104365": {"hotel_name": "\u6210\u90fd\u7ea2\u8fbe\u9152\u5e97", "order_time": ["2019-01-12 04:25:49"], "total_order": 1, "hotel_value": ["4.0"], "hotel_price": ["109"]}, "1334150": {"hotel_name": "\u5c1a\u9526\u548c\u7f8e\u9152\u5e97(\u6210\u90fd\u6625\u7199\u592a\u53e4\u91cc\u5e97)", "order_time": ["2019-01-12 04:25:51"], "total_order": 1, "hotel_value": ["4.9"], "hotel_price": ["202"]}, "18538811": {"hotel_name": "\u6210\u90fd\u4e00\u8d77\u4e00\u8d77\u00b7\u95ea\u94f6\u76d2\u5b50\u9752\u5e74\u65c5\u820d", "order_time": ["2019-01-12 04:25:56"], "total_order": 1, "hotel_value": ["4.8"], "hotel_price": ["29"]}, "803591": {"hotel_name": "\u6210\u90fd\u4e03\u91cc\u9999\u5927\u9152\u5e97", "order_time": ["2019-01-12 04:25:57"], "total_order": 1, "hotel_value": ["4.5"], "hotel_price": ["119"]}, "5974600": {"hotel_name": "\u6e2f\u534e\u6c49\u94c2\u9152\u5e97\uff08\u6210\u90fd\u4e16\u7eaa\u57ce\u65b0\u4f1a\u5c55\u73af\u7403\u4e2d\u5fc3\u5e97\uff09", "order_time": ["2019-01-12 04:26:01"], "total_order": 1, "hotel_value": ["4.7"], "hotel_price": ["276"]}, "2626648": {"hotel_name": "\u6148\u5f53\u9152\u5e97(\u6210\u90fd\u9526\u91cc\u6b66\u4faf\u7960\u5e97)", "order_time": ["2019-01-12 04:34:31", "2019-01-12 04:26:18"], "total_order": 2, "hotel_value": ["4.6", "4.6"], "hotel_price": ["171", "171"]}, "20058640": {"hotel_name": "\u5927\u9091\u5b7a\u5b50\u725b\u60a6\u6d3b\u5929\u5730\u5ea6\u5047\u4e2d\u5fc3", "order_time": ["2019-01-12 04:28:29"], "total_order": 1, "hotel_value": ["4.5"], "hotel_price": ["288"]}, "472757": {"hotel_name": "\u6210\u90fd\u91d1\u5e9c\u534e\u7f8e\u8fbe\u5927\u9152\u5e97", "order_time": ["2019-01-12 04:29:53"], "total_order": 1, "hotel_value": ["4.4"], "hotel_price": ["398"]}, "6253992": {"hotel_name": "S\u8bbe\u8ba1\u5e08\u9152\u5e97(\u6210\u90fd\u4eba\u6c11\u5357\u8def\u7f8e\u9886\u9986\u5e97)", "order_time": ["2019-01-12 04:29:53"], "total_order": 1, "hotel_value": ["4.8"], "hotel_price": ["471"]}, "470094": {"hotel_name": "\u6210\u90fd\u745e\u57ce\u540d\u4eba\u9152\u5e97", "order_time": ["2019-01-12 04:29:56", "2019-01-12 04:54:42"], "total_order": 2, "hotel_value": ["4.8", "4.8"], "hotel_price": ["346", "346"]}, "2085698": {"hotel_name": "\u6210\u90fd\u7231\u5c1a\u9152\u5e97", "order_time": ["2019-01-12 04:30:05"], "total_order": 1, "hotel_value": ["4.7"], "hotel_price": ["127"]}, "4529799": {"hotel_name": "\u6210\u90fd\u7687\u671d\u5047\u65e5\u9152\u5e97", "order_time": ["2019-01-12 04:30:07"], "total_order": 1, "hotel_value": ["4.2"], "hotel_price": ["184"]}, "1485935": {"hotel_name": "\u6210\u90fd\u7ef4\u591a\u5229\u4e9a\u7cbe\u54c1\u4e3b\u9898\u516c\u5bd3", "order_time": ["2019-01-12 04:30:09"], "total_order": 1, "hotel_value": ["4.6"], "hotel_price": ["209"]}, "4440146": {"hotel_name": "\u6210\u90fd\u4f9b\u9500\u793e\u5ba2\u6808", "order_time": ["2019-01-12 04:30:41"], "total_order": 1, "hotel_value": ["4.4"], "hotel_price": ["45"]}, "11020554": {"hotel_name": "\u76db\u94c2\u4ed5\u4e39\u9152\u5e97(\u6210\u90fd\u9526\u91cc\u6b66\u4faf\u7960\u5e97)", "order_time": ["2019-01-12 04:34:01"], "total_order": 1, "hotel_value": ["4.7"], "hotel_price": ["388"]}, "7660458": {"hotel_name": "\u5c1a\u54c1\u6c47\u9152\u5e97(\u6210\u90fd\u706b\u8f66\u4e1c\u7ad9\u56db\u5ddd\u5e08\u8303\u5927\u5b66\u5730\u94c1\u7ad9\u5e97)", "order_time": ["2019-01-12 04:34:02"], "total_order": 1, "hotel_value": ["4.6"], "hotel_price": ["194"]}, "2651022": {"hotel_name": "\u6210\u90fdmini\u9601\u8c03\u7cbe\u54c1\u5ea6\u5047\u516c\u5bd3", "order_time": ["2019-01-12 04:34:04"], "total_order": 1, "hotel_value": ["4.8"], "hotel_price": ["133"]}, "17589708": {"hotel_name": "\u6210\u90fdVHotel\u7cbe\u54c1\u9152\u5e97", "order_time": ["2019-01-12 04:34:11"], "total_order": 1, "hotel_value": ["4.8"], "hotel_price": ["332"]}, "442473": {"hotel_name": "\u51e4\u51f0\u5fa1\u5ead\u8fde\u9501\u9152\u5e97(\u6210\u90fd\u592a\u5347\u5e97)(\u539f\u6625\u71992\u5e97)", "order_time": ["2019-01-12 04:34:35"], "total_order": 1, "hotel_value": ["4.6"], "hotel_price": ["128"]}, "512786": {"hotel_name": "\u6210\u90fd\u6fe0\u749f\u9152\u5e97", "order_time": ["2019-01-12 04:38:09"], "total_order": 1, "hotel_value": ["4.4"], "hotel_price": ["299"]}, "3687533": {"hotel_name": "\u6210\u90fd\u84c9\u5357\u56fd\u9645\u9152\u5e97(\u539f\u91d1\u57df\u540d\u4eba\u56fd\u9645\u9152\u5e97)", "order_time": ["2019-01-12 05:02:42", "2019-01-12 04:38:09"], "total_order": 2, "hotel_value": ["4.7", "4.7"], "hotel_price": ["286", "286"]}, "6461355": {"hotel_name": "\u6df3\u610fV\u9152\u5e97(\u6210\u90fd\u6625\u7199\u8def\u592a\u53e4\u91cc\u5e97)", "order_time": ["2019-01-12 04:38:11"], "total_order": 1, "hotel_value": ["4.6"], "hotel_price": ["281"]}, "375517": {"hotel_name": "\u6210\u90fd\u65b0\u4e1c\u65b9\u5343\u79a7\u5927\u9152\u5e97", "order_time": ["2019-01-12 04:38:13"], "total_order": 1, "hotel_value": ["4.7"], "hotel_price": ["579"]}, "994652": {"hotel_name": "\u5a01\u65af\u51ef\u5c14\u9152\u5e97(\u6210\u90fd\u706b\u8f66\u5357\u7ad9\u5e97)", "order_time": ["2019-01-12 04:38:13"], "total_order": 1, "hotel_value": ["4.6"], "hotel_price": ["272"]}, "4014654": {"hotel_name": "\u6210\u90fd\u4e09\u90fd\u9152\u5e97", "order_time": ["2019-01-12 04:38:27"], "total_order": 1, "hotel_value": ["4.2"], "hotel_price": ["127"]}, "6410918": {"hotel_name": "\u6210\u90fd\u4e16\u5bb6\u9152\u5e97\u4e07\u5b87\u8def\u5e97", "order_time": ["2019-01-12 04:38:27"], "total_order": 1, "hotel_value": ["4.7"], "hotel_price": ["146"]}, "23945236": {"hotel_name": "\u6210\u90fd\u822a\u7a7a\u5927\u9152\u5e97", "order_time": ["2019-01-12 04:39:08"], "total_order": 1, "hotel_value": ["4.3"], "hotel_price": ["123"]}, "1861531": {"hotel_name": "\u82b1\u7b51\u00b7\u6210\u90fd\u8700\u8bed\u5370\u8c61\u9152\u5e97", "order_time": ["2019-01-12 04:42:15"], "total_order": 1, "hotel_value": ["4.5"], "hotel_price": ["303"]}, "1319180": {"hotel_name": "D6Hotel(\u6210\u90fd\u91d1\u6c99\u5e97)", "order_time": ["2019-01-12 04:42:19"], "total_order": 1, "hotel_value": ["4.7"], "hotel_price": ["226"]}, "5728496": {"hotel_name": "\u5982\u5bb6\u7cbe\u9009\u9152\u5e97(\u6210\u90fd\u592a\u53e4\u91cc\u5929\u7965\u8857\u5e97)", "order_time": ["2019-01-12 04:42:20"], "total_order": 1, "hotel_value": ["4.8"], "hotel_price": ["249"]}, "661640": {"hotel_name": "\u6210\u90fd\u9ad8\u9038\u9152\u5e97", "order_time": ["2019-01-12 04:42:23"], "total_order": 1, "hotel_value": ["4.7"], "hotel_price": ["343"]}, "24405514": {"hotel_name": "\u6210\u90fdEmma Mini house", "order_time": ["2019-01-12 04:43:24"], "total_order": 1, "hotel_value": ["4.9"], "hotel_price": ["121"]}, "26588437": {"hotel_name": "\u7b11\u8138\u91cc\u00b7\u597d\u4e45\u4e0d\u89c1\u9752\u5e74\u65c5\u820d(\u6210\u90fd\u5929\u5e9c\u5e7f\u573a\u5e97)", "order_time": ["2019-01-12 04:46:27"], "total_order": 1, "hotel_value": ["5.0"], "hotel_price": ["39"]}, "2157049": {"hotel_name": "\u5b9c\u5fc5\u601d\u9152\u5e97(\u6210\u90fd\u706b\u8f66\u4e1c\u7ad9\u5e97)", "order_time": ["2019-01-12 04:46:33"], "total_order": 1, "hotel_value": ["4.7"], "hotel_price": ["167"]}, "6479696": {"hotel_name": "\u6210\u90fd\u592a\u53e4\u91cc\u7cbe\u54c1\u9152\u5e97\u516c\u5bd3", "order_time": ["2019-01-12 04:46:34"], "total_order": 1, "hotel_value": ["4.7"], "hotel_price": ["230"]}, "1780799": {"hotel_name": "\u6210\u90fdCOCO\u683c\u8c03\u9152\u5e97", "order_time": ["2019-01-12 04:46:42"], "total_order": 1, "hotel_value": ["4.6"], "hotel_price": ["261"]}, "2271121": {"hotel_name": "\u718a\u732b\u738b\u5b50\u9152\u5e97(\u6210\u90fd\u6625\u7199\u8def\u5e97)", "order_time": ["2019-01-12 04:46:45"], "total_order": 1, "hotel_value": ["4.5"], "hotel_price": ["169"]}, "447128": {"hotel_name": "\u6021\u5bb6\u4e3d\u666f\u9152\u5e97(\u6210\u90fd\u9526\u91cc\u6b66\u5019\u7960\u5e97)", "order_time": ["2019-01-12 04:50:38"], "total_order": 1, "hotel_value": ["4.5"], "hotel_price": ["225"]}, "4496732": {"hotel_name": "M\u5bb6\u793e\u533a\u9152\u5e97(\u6210\u90fd\u76d0\u5e02\u53e3\u5927\u4e1a\u8def\u5e97)", "order_time": ["2019-01-12 04:50:45"], "total_order": 1, "hotel_value": ["4.3"], "hotel_price": ["99"]}, "14016193": {"hotel_name": "\u91d1\u5802\u5fc3\u8df3\u8bbe\u8ba1\u5e08\u9152\u5e97", "order_time": ["2019-01-12 04:52:53"], "total_order": 1, "hotel_value": ["4.6"], "hotel_price": ["133"]}, "5928016": {"hotel_name": "\u9e97\u67ab\u9152\u5e97(\u6210\u90fd\u706b\u8f66\u4e1c\u7ad9\u5e97)", "order_time": ["2019-01-12 04:54:37"], "total_order": 1, "hotel_value": ["4.7"], "hotel_price": ["214"]}, "1577335": {"hotel_name": "7\u5929\u8fde\u9501\u9152\u5e97(\u6210\u90fd\u706b\u8f66\u4e1c\u7ad9\u4e1c\u5e7f\u573a\u4e07\u79d1\u9b45\u529b\u4e4b\u57ce\u5e97)", "order_time": ["2019-01-12 04:54:51"], "total_order": 1, "hotel_value": ["4.7"], "hotel_price": ["210"]}, "24858593": {"hotel_name": "\u6210\u90fd\u57ce\u4e0a\u8f7b\u5c45\u9152\u5e97", "order_time": ["2019-01-12 04:54:52"], "total_order": 1, "hotel_value": ["4.9"], "hotel_price": ["123"]}, "2714958": {"hotel_name": "\u6210\u90fd\u5e7f\u5b89\u5bbe\u9986", "order_time": ["2019-01-12 04:55:07"], "total_order": 1, "hotel_value": ["4.3"], "hotel_price": ["158"]}, "659206": {"hotel_name": "\u5d07\u5dde\u4e2d\u80dc\u5927\u9152\u5e97", "order_time": ["2019-01-12 04:56:31"], "total_order": 1, "hotel_value": ["4.5"], "hotel_price": ["430"]}, "482518": {"hotel_name": "\u6210\u90fd\u4e16\u4ee3\u9526\u6c5f\u56fd\u9645\u9152\u5e97", "order_time": ["2019-01-12 04:58:37", "2019-01-12 05:39:09"], "total_order": 2, "hotel_value": ["4.7", "4.7"], "hotel_price": ["376", "376"]}, "670099": {"hotel_name": "\u6210\u90fd\u7ec5\u6cf0\u5927\u9152\u5e97", "order_time": ["2019-01-12 04:58:46"], "total_order": 1, "hotel_value": ["4.6"], "hotel_price": ["398"]}, "17899658": {"hotel_name": "\u9b45\u57ce\u51ef\u51a0\u9152\u5e97(\u6210\u90fd\u897f\u7ad9\u9752\u7f8a\u4e07\u8fbe\u5e97)", "order_time": ["2019-01-12 04:58:47"], "total_order": 1, "hotel_value": ["4.8"], "hotel_price": ["299"]}, "2727776": {"hotel_name": "\u5586\u5561\u9152\u5e97(\u6210\u90fd\u767e\u8349\u8def\u5730\u94c1\u7ad9\u5e97)", "order_time": ["2019-01-12 04:58:50"], "total_order": 1, "hotel_value": ["4.7"], "hotel_price": ["192"]}, "511413": {"hotel_name": "\u6210\u90fd\u53cb\u8c6a\u9526\u6c5f\u9152\u5e97", "order_time": ["2019-01-12 04:59:02"], "total_order": 1, "hotel_value": ["4.8"], "hotel_price": ["462"]}, "3659737": {"hotel_name": "\u897f\u73af\u5feb\u6377\u9152\u5e97(\u6210\u90fd\u6e05\u6ce2\u5e97)", "order_time": ["2019-01-12 04:59:04"], "total_order": 1, "hotel_value": ["3.9"], "hotel_price": ["138"]}, "1620069": {"hotel_name": "\u6210\u90fd\u673a\u573a\u897f\u6e2f\u5047\u65e5\u9152\u5e97", "order_time": ["2019-01-12 05:02:44", "2019-01-12 05:14:51"], "total_order": 2, "hotel_value": ["3.8", "3.8"], "hotel_price": ["79", "79"]}, "6506714": {"hotel_name": "\u6210\u90fd\u65b0\u6708\u516c\u5bd3\u4e1c\u7ad9\u5e97", "order_time": ["2019-01-12 05:02:56", "2019-01-12 05:27:13"], "total_order": 2, "hotel_value": ["4.8", "4.8"], "hotel_price": ["78", "78"]}, "1988670": {"hotel_name": "\u5982\u5bb6\u5feb\u6377\u9152\u5e97(\u6210\u90fd\u592a\u53e4\u91cc\u6625\u7199\u8def\u4e2d\u5fc3\u5e97)", "order_time": ["2019-01-12 05:55:40", "2019-01-12 05:02:57"], "total_order": 2, "hotel_value": ["4.5", "4.5"], "hotel_price": ["189", "189"]}, "917036": {"hotel_name": "\u6210\u90fd\u65af\u7ef4\u767b\u5ea6\u5047\u516c\u5bd3(\u4e07\u8c61\u57ce\u89c2\u57ce)", "order_time": ["2019-01-12 05:06:54"], "total_order": 1, "hotel_value": ["4.5"], "hotel_price": ["159"]}, "431241": {"hotel_name": "\u6210\u90fd\u65b0\u683c\u6797\u666e\u5170\u7279\u9152\u5e97", "order_time": ["2019-01-12 05:06:55"], "total_order": 1, "hotel_value": ["4.5"], "hotel_price": ["262"]}, "1802934": {"hotel_name": "\u661f\u6d69\u7cbe\u54c1\u9152\u5e97(\u6210\u90fd\u6625\u7199\u8def\u7535\u5b50\u79d1\u5927\u5e97)", "order_time": ["2019-01-12 05:07:01"], "total_order": 1, "hotel_value": ["4.7"], "hotel_price": ["183"]}, "850077": {"hotel_name": "\u6210\u90fd\u96c5\u5c45\u4e50\u8c6a\u751f\u5927\u9152\u5e97", "order_time": ["2019-01-12 05:10:50"], "total_order": 1, "hotel_value": ["4.7"], "hotel_price": ["557"]}, "6086901": {"hotel_name": "\u597d\u83b1\u65af\u767b\u9152\u5e97(\u6210\u90fd\u6625\u7199\u5e97)", "order_time": ["2019-01-12 05:10:50"], "total_order": 1, "hotel_value": ["4.5"], "hotel_price": ["197"]}, "12650662": {"hotel_name": "\u6210\u90fd\u4e91\u58a8\u9152\u5e97", "order_time": ["2019-01-12 05:10:55"], "total_order": 1, "hotel_value": ["4.6"], "hotel_price": ["163"]}, "2300111": {"hotel_name": "\u6210\u90fd\u5927\u901a\u65b0\u4e16\u7eaa\u9152\u5e97", "order_time": ["2019-01-12 05:11:10"], "total_order": 1, "hotel_value": ["4.2"], "hotel_price": ["78"]}, "899335": {"hotel_name": "\u6210\u90fd\u5b89\u6cf0\u4e16\u7eaa\u9152\u5e97", "order_time": ["2019-01-12 05:14:42"], "total_order": 1, "hotel_value": ["4.7"], "hotel_price": ["222"]}, "4652581": {"hotel_name": "\u84c9\u57ce\u5047\u65e5\u9152\u5e97(\u6210\u90fd\u53cc\u6d41\u673a\u573a\u7cbe\u54c1\u5e97)", "order_time": ["2019-01-12 05:14:44"], "total_order": 1, "hotel_value": ["4.6"], "hotel_price": ["209"]}, "690916": {"hotel_name": "\u8c6a\u9601\u9047\u4e0a\u9152\u5e97(\u6210\u90fd\u5bbd\u7a84\u5df7\u5b50\u5e97)", "order_time": ["2019-01-12 05:14:46"], "total_order": 1, "hotel_value": ["4.8"], "hotel_price": ["218"]}, "2297424": {"hotel_name": "\u6210\u90fd\u5e0c\u5c14\u987f\u9152\u5e97", "order_time": ["2019-01-12 05:14:47"], "total_order": 1, "hotel_value": ["4.7"], "hotel_price": ["829"]}, "6868843": {"hotel_name": "\u6210\u90fd\u5e03\u9c81\u516c\u5bd3", "order_time": ["2019-01-12 05:18:42"], "total_order": 1, "hotel_value": ["4.9"], "hotel_price": ["54"]}, "1594538": {"hotel_name": "\u6210\u90fd\u65f6\u4ee3\u9526\u57ce\u9152\u5e97", "order_time": ["2019-01-12 05:18:48"], "total_order": 1, "hotel_value": ["4.3"], "hotel_price": ["233"]}, "1430904": {"hotel_name": "99\u65c5\u9986\u8fde\u9501(\u6210\u90fd\u8700\u6c49\u8def\u4e1c\u5730\u94c1\u7ad9\u5e97\u539f\u629a\u7434\u897f\u8def\u5e97)", "order_time": ["2019-01-12 05:19:13"], "total_order": 1, "hotel_value": ["4.4"], "hotel_price": ["72"]}, "14214395": {"hotel_name": "\u718a\u732b\u7cbe\u9009\u9152\u5e97(\u6210\u90fd\u5929\u5e9c\u5e7f\u573a\u5e97)", "order_time": ["2019-01-12 05:22:54"], "total_order": 1, "hotel_value": ["4.6"], "hotel_price": ["255"]}, "6548884": {"hotel_name": "\u4e00\u54c1\u4e91\u5885\u56fd\u9645\u516c\u5bd3(\u6210\u90fd\u6625\u7199\u8def\u5e97)", "order_time": ["2019-01-12 05:22:57"], "total_order": 1, "hotel_value": ["4.8"], "hotel_price": ["598"]}, "2305475": {"hotel_name": "\u4e5d\u70b9\u8fde\u9501\u9152\u5e97(\u6210\u90fd\u56db\u5ddd\u5927\u5b66\u706b\u8f66\u5357\u7ad9\u5e97)", "order_time": ["2019-01-12 05:23:01"], "total_order": 1, "hotel_value": ["4.5"], "hotel_price": ["209"]}, "6167646": {"hotel_name": "\u5168\u5b63\u9152\u5e97(\u6210\u90fd\u9ad8\u65b0\u9152\u5e97)", "order_time": ["2019-01-12 05:23:02"], "total_order": 1, "hotel_value": ["4.8"], "hotel_price": ["275"]}, "2592722": {"hotel_name": "\u827a\u83f2\u9152\u5e97(\u6210\u90fd\u592a\u5e73\u56ed\u5730\u94c1\u7ad9\u5e97)", "order_time": ["2019-01-12 05:23:03"], "total_order": 1, "hotel_value": ["4.5"], "hotel_price": ["143"]}, "19549516": {"hotel_name": "\u57ce\u5e02\u4fbf\u6377\u9152\u5e97(\u5d07\u5dde\u5927\u5212\u5e97)", "order_time": ["2019-01-12 05:25:11"], "total_order": 1, "hotel_value": ["4.5"], "hotel_price": ["126"]}, "686853": {"hotel_name": "\u6210\u90fd\u5f17\u5c3c\u987f\u9152\u5e97", "order_time": ["2019-01-12 05:27:08"], "total_order": 1, "hotel_value": ["4.4"], "hotel_price": ["262"]}, "994292": {"hotel_name": "\u5982\u5bb6\u5feb\u6377\u9152\u5e97(\u6210\u90fd\u4e07\u8c61\u57ce\u53cc\u6865\u8def\u5730\u94c1\u7ad9\u5e97)(\u539f\u53cc\u6865\u5b50\u7ecf\u534e\u5317\u8def\u5e97)", "order_time": ["2019-01-12 05:27:16"], "total_order": 1, "hotel_value": ["4.6"], "hotel_price": ["135"]}, "6030828": {"hotel_name": "\u6210\u90fd\u534e\u745e\u9152\u5e97\u6b66\u4faf\u7acb\u4ea4\u91d1\u6960\u5929\u8857\u5927\u60a6\u57ce\u5e97", "order_time": ["2019-01-12 05:27:21"], "total_order": 1, "hotel_value": ["4.5"], "hotel_price": ["193"]}, "2870251": {"hotel_name": "\u6210\u90fd\u79a7\u60a6\u9152\u5e97", "order_time": ["2019-01-12 05:35:13"], "total_order": 1, "hotel_value": ["4.8"], "hotel_price": ["298"]}, "684413": {"hotel_name": "\u6210\u90fd\u9ad8\u65b0\u8c6a\u751f\u5927\u9152\u5e97", "order_time": ["2019-01-12 05:35:17"], "total_order": 1, "hotel_value": ["4.6"], "hotel_price": ["627"]}, "6547447": {"hotel_name": "\u6210\u90fdMix\u7cbe\u54c1\u8bbe\u8ba1\u516c\u5bd3", "order_time": ["2019-01-12 05:35:45"], "total_order": 1, "hotel_value": ["4.6"], "hotel_price": ["183"]}, "2694862": {"hotel_name": "\u5b89\u60a6.\u539f\u820d\u9152\u5e97\uff08\u6210\u90fd\u7985\u610f\u82b1\u56ed\u5e97\uff09", "order_time": ["2019-01-12 05:39:18"], "total_order": 1, "hotel_value": ["4.8"], "hotel_price": ["271"]}, "426534": {"hotel_name": "\u6210\u90fd\u4ec1\u6052\u8f89\u76db\u9601\u56fd\u9645\u516c\u5bd3", "order_time": ["2019-01-12 05:39:18"], "total_order": 1, "hotel_value": ["4.8"], "hotel_price": ["788"]}, "6053587": {"hotel_name": "\u85e4\u83ef\u9152\u5e97(\u6210\u90fd\u662d\u89c9\u5bfa\u5730\u94c1\u7ad9\u9a77\u9a6c\u6865\u5e97)", "order_time": ["2019-01-12 05:39:21"], "total_order": 1, "hotel_value": ["4.6"], "hotel_price": ["124"]}, "433510": {"hotel_name": "\u6210\u90fd\u7ffc\u679c\u9152\u5e97", "order_time": ["2019-01-12 05:39:43"], "total_order": 1, "hotel_value": ["4.3"], "hotel_price": ["148"]}, "1861202": {"hotel_name": "\u6210\u90fd\u7a7a\u6e2f\u5047\u65e5\u9152\u5e97", "order_time": ["2019-01-12 05:40:18"], "total_order": 1, "hotel_value": ["4.4"], "hotel_price": ["121"]}, "24126297": {"hotel_name": "\u6210\u90fd\u897f\u683c\u739b\u4e3b\u9898\u516c\u5bd3", "order_time": ["2019-01-12 05:43:15"], "total_order": 1, "hotel_value": ["4.8"], "hotel_price": ["193"]}, "1763600": {"hotel_name": "\u5b9c\u90fd\u9152\u5e97(\u6210\u90fd\u795e\u4ed9\u6811\u5e97)(\u539f\u5b9c\u90fd\u5546\u52a1\u9152\u5e97)", "order_time": ["2019-01-12 05:43:32"], "total_order": 1, "hotel_value": ["4.4"], "hotel_price": ["202"]}, "4306542": {"hotel_name": "\u6210\u90fd\u7a7a\u6e2f\u798f\u5b89\u8fbe\u5bbe\u9986", "order_time": ["2019-01-12 05:43:37"], "total_order": 1, "hotel_value": ["4.5"], "hotel_price": ["98"]}, "1744222": {"hotel_name": "\u6210\u90fd\u91d1\u7acb\u65b9\u5927\u9152\u5e97", "order_time": ["2019-01-12 05:47:22"], "total_order": 1, "hotel_value": ["4.5"], "hotel_price": ["163"]}, "1675681": {"hotel_name": "\u5609\u7acb\u5047\u65e5\u9152\u5e97(\u6210\u90fd\u5bbd\u7a84\u5df7\u5b50\u5e97)(\u539f\u516b\u5b9d\u8857\u5e97)", "order_time": ["2019-01-12 05:47:30"], "total_order": 1, "hotel_value": ["4.6"], "hotel_price": ["143"]}, "5683164": {"hotel_name": "\u6854\u5b50\u9152\u5e97\u7cbe\u9009(\u6210\u90fd\u6b66\u4faf\u7960\u9526\u91cc\u5e97)", "order_time": ["2019-01-12 05:51:21"], "total_order": 1, "hotel_value": ["4.8"], "hotel_price": ["351"]}, "16036476": {"hotel_name": "\u8ff7\u6d25\u9752\u5e74\u65c5\u820d\uff08\u6210\u90fd\u5929\u5e9c\u5e7f\u573a\u5e97\uff09", "order_time": ["2019-01-12 05:51:22"], "total_order": 1, "hotel_value": ["4.8"], "hotel_price": ["36"]}, "4509955": {"hotel_name": "\u7f8e\u6e56\u5047\u65e5\u9152\u5e97(\u5ddd\u5e08\u5927\u6210\u90fd\u706b\u8f66\u4e1c\u7ad9\u5e97)", "order_time": ["2019-01-12 05:51:24"], "total_order": 1, "hotel_value": ["4.4"], "hotel_price": ["124"]}, "6294611": {"hotel_name": "\u5168\u5b63\u9152\u5e97(\u6210\u90fd\u6625\u7199\u8def\u592a\u53e4\u91cc\u5e97)", "order_time": ["2019-01-12 05:51:29"], "total_order": 1, "hotel_value": ["4.7"], "hotel_price": ["389"]}, "16196076": {"hotel_name": "\u6210\u90fd\u964b\u5ba4\u94ed\u65c5\u9986", "order_time": ["2019-01-12 05:52:15"], "total_order": 1, "hotel_value": ["4.5"], "hotel_price": ["64"]}, "1255704": {"hotel_name": "\u897f\u5cad\u96ea\u5c71\u9f99\u6c60\u5ea6\u5047\u5c71\u5e84", "order_time": ["2019-01-12 05:53:37"], "total_order": 1, "hotel_value": ["3.9"], "hotel_price": ["197"]}, "8600298": {"hotel_name": "\u4e34\u7a7a\u667a\u9009\u5047\u65e5\u9152\u5e97(\u6210\u90fd\u53cc\u6d41\u56fd\u9645\u673a\u573a\u5e97)", "order_time": ["2019-01-12 05:55:23"], "total_order": 1, "hotel_value": ["4.8"], "hotel_price": ["399"]}, "28368203": {"hotel_name": "\u6469\u767bS\u9152\u5e97(\u6210\u90fd\u5929\u5e9c\u5e7f\u573a\u5e97)", "order_time": ["2019-01-12 05:55:26"], "total_order": 1, "hotel_value": ["4.9"], "hotel_price": ["308"]}, "7569217": {"hotel_name": "\u5370\u4e3b\u9898\u57ce\u5e02\u522b\u5885\u9152\u5e97(\u6210\u90fd\u4e09\u5e97)(\u539f\u675c\u752b\u82b1\u56ed\u5e97)", "order_time": ["2019-01-12 05:55:28"], "total_order": 1, "hotel_value": ["4.9"], "hotel_price": ["226"]}, "10482450": {"hotel_name": "\u6210\u90fd\u8700\u60a6\u5047\u65e5\u9152\u5e97", "order_time": ["2019-01-12 05:55:36"], "total_order": 1, "hotel_value": ["4.7"], "hotel_price": ["232"]}, "1306569": {"hotel_name": "\u6210\u90fd\u6625\u66e6\u5fa1\u666f\u9152\u5e97(\u539f\u6625\u7199\u65f6\u5149\u9152\u5e97)", "order_time": ["2019-01-12 05:55:43"], "total_order": 1, "hotel_value": ["4.2"], "hotel_price": ["121"]}, "6866056": {"hotel_name": "\u6210\u90fd\u559c\u83b1\u987f\u9152\u5e97\u91d1\u6960\u5929\u8857\u5e97", "order_time": ["2019-01-12 05:55:45"], "total_order": 1, "hotel_value": ["4.7"], "hotel_price": ["184"]}, "5384184": {"hotel_name": "\u6210\u90fd\u514b\u62c9\u604b\u4eba\u4e3b\u9898\u9152\u5e97", "order_time": ["2019-01-12 05:57:21"], "total_order": 1, "hotel_value": ["4.6"], "hotel_price": ["113"]}, "6287313": {"hotel_name": "\u6210\u90fd\u5bbd\u7a84\u5df7\u5b50\u5e0c\u5c14\u987f\u6b22\u670b\u9152\u5e97", "order_time": ["2019-01-12 05:57:53"], "total_order": 1, "hotel_value": ["4.8"], "hotel_price": ["428"]}}}