{"\u5f00\u59cb\u8bb0\u5f55\u65f6\u95f4": "2019-01-21 23:30:41", "\u7ed3\u675f\u8bb0\u5f55\u65f6\u95f4": "2019-01-22 00:30:41", "\u8ba2\u5355\u603b\u589e\u91cf": 229, "item": {"1185042": {"hotel_name": "\u4e09\u4e9a\u6e7e\u7ea2\u6811\u6797\u5ea6\u5047\u4e16\u754c(\u83e9\u63d0\u9152\u5e97)", "order_time": ["2019-01-21 23:31:31"], "total_order": 1, "hotel_value": ["4.7"], "hotel_price": ["930"]}, "346676": {"hotel_name": "\u4e09\u4e9a\u56fd\u5149\u8c6a\u751f\u5ea6\u5047\u9152\u5e97", "order_time": ["2019-01-21 23:37:13", "2019-01-21 23:33:01"], "total_order": 2, "hotel_value": ["4.6", "4.6"], "hotel_price": ["669", "669"]}, "344928": {"hotel_name": "\u4e09\u4e9a\u4e9a\u9f99\u6e7e\u4e07\u8c6a\u5ea6\u5047\u9152\u5e97", "order_time": ["2019-01-21 23:33:01"], "total_order": 1, "hotel_value": ["4.6"], "hotel_price": ["799"]}, "8577439": {"hotel_name": "\u5361\u739b\u51b2\u6d6a\u5ba2\u6808\uff08\u4e09\u4e9a\u8708\u652f\u6d32\u5c9b\u7801\u5934\u5e97\uff09", "order_time": ["2019-01-21 23:33:01", "2019-01-21 23:43:13"], "total_order": 2, "hotel_value": ["4.4", "4.4"], "hotel_price": ["183", "183"]}, "344912": {"hotel_name": "\u4e09\u4e9a\u6d77\u5929\u5927\u9152\u5e97", "order_time": ["2019-01-21 23:33:03"], "total_order": 1, "hotel_value": ["4.6"], "hotel_price": ["580"]}, "427279": {"hotel_name": "\u4e09\u4e9a\u5357\u5c71\u8fce\u5bbe\u9986", "order_time": ["2019-01-21 23:37:03", "2019-01-21 23:33:03", "2019-01-21 23:47:06", "2019-01-21 23:41:06"], "total_order": 4, "hotel_value": ["4.6", "4.6", "4.6", "4.6"], "hotel_price": ["938", "938", "938", "938"]}, "707593": {"hotel_name": "\u4e09\u4e9a\u51e4\u51f0\u5c9b\u6d77\u6d0b\u4e4b\u661f\u5ea6\u5047\u9152\u5e97", "order_time": ["2019-01-21 23:33:05"], "total_order": 1, "hotel_value": ["4.6"], "hotel_price": ["452"]}, "3631084": {"hotel_name": "\u4e09\u4e9a\u6e7e\u5e0c\u5c14\u987f\u6b22\u670b\u9152\u5e97", "order_time": ["2019-01-21 23:33:06"], "total_order": 1, "hotel_value": ["4.8"], "hotel_price": ["648"]}, "16948036": {"hotel_name": "\u4e09\u4e9a\u6e7e\u7ea2\u6811\u6797\u5ea6\u5047\u4e16\u754c(\u5927\u738b\u68d5\u9152\u5e97)", "order_time": ["2019-01-21 23:33:08"], "total_order": 1, "hotel_value": ["4.7"], "hotel_price": ["900"]}, "19589458": {"hotel_name": "\u4e09\u4e9a\u6800\u5b50\u6d77\u6d77\u666f\u5ea6\u5047\u516c\u5bd3(\u539f\u6d77\u6708\u8f69\u6d77\u666f\u5ea6\u5047\u516c\u5bd3)", "order_time": ["2019-01-21 23:33:10"], "total_order": 1, "hotel_value": ["5.0"], "hotel_price": ["283"]}, "18555139": {"hotel_name": "\u4e09\u4e9a\u69df\u6994\u8c37\u6e05\u5885\u5ba2\u6808", "order_time": ["2019-01-21 23:33:11"], "total_order": 1, "hotel_value": ["4.9"], "hotel_price": ["319"]}, "1019767": {"hotel_name": "\u6d77\u820d\u79c1\u4eba\u8ba2\u5236\u9152\u5e97(\u4e09\u4e9a\u8708\u652f\u6d32\u5c9b\u5e97)", "order_time": ["2019-01-21 23:33:11"], "total_order": 1, "hotel_value": ["4.5"], "hotel_price": ["161"]}, "24609830": {"hotel_name": "\u4e09\u4e9a\u6d77\u68e0\u6e7e\u5c0f\u68e0\u522b\u9662\u827a\u672f\u6c11\u5bbf", "order_time": ["2019-01-21 23:53:11", "2019-01-21 23:35:03"], "total_order": 2, "hotel_value": ["4.8", "4.8"], "hotel_price": ["401", "401"]}, "2893419": {"hotel_name": "\u4e09\u4e9a\u5229\u83b1\u9152\u5e97(\u539f\u6021\u83b1\u9152\u5e97)", "order_time": ["2019-01-21 23:35:07"], "total_order": 1, "hotel_value": ["4.0"], "hotel_price": ["119"]}, "25104976": {"hotel_name": "\u4e09\u4e9a\u5343\u6d54\u5c7f\u5bbf\u8bbe\u8ba1\u6c11\u5bbf", "order_time": ["2019-01-21 23:35:08"], "total_order": 1, "hotel_value": ["4.8"], "hotel_price": ["544"]}, "26449232": {"hotel_name": "\u4e09\u4e9a\u65e5\u5915\u5885\u6c11\u5bbf", "order_time": ["2019-01-21 23:35:08"], "total_order": 1, "hotel_value": ["4.9"], "hotel_price": ["184"]}, "7864205": {"hotel_name": "\u65f6\u4ee3\u5927\u6811\u5ea6\u5047\u9152\u5e97(\u4e09\u4e9a\u7f8e\u4e3d\u4e4b\u51a0\u5e97)(\u539f\u7f8e\u4e3d\u4e4b\u51a0\u5927\u6811\u5ea6\u5047\u9152\u5e97)", "order_time": ["2019-01-21 23:35:09"], "total_order": 1, "hotel_value": ["4.7"], "hotel_price": ["178"]}, "353871": {"hotel_name": "\u4e09\u4e9a\u7ef4\u666f\u56fd\u9645\u5ea6\u5047\u9152\u5e97", "order_time": ["2019-01-21 23:35:09"], "total_order": 1, "hotel_value": ["4.8"], "hotel_price": ["1588"]}, "12671479": {"hotel_name": "\u4e09\u4e9a\u6da6\u5fb7\u6e7f\u5730\u516c\u56ed\u9152\u5e97", "order_time": ["2019-01-22 00:15:01", "2019-01-22 00:09:05", "2019-01-21 23:35:09"], "total_order": 3, "hotel_value": ["4.7", "4.7", "4.7"], "hotel_price": ["390", "384", "384"]}, "1577831": {"hotel_name": "\u4e09\u4e9a\u94c2\u514b\u66fc\u9152\u5e97", "order_time": ["2019-01-21 23:35:11"], "total_order": 1, "hotel_value": ["4.2"], "hotel_price": ["118"]}, "1434723": {"hotel_name": "\u4e09\u4e9a\u667a\u53cb\u4e3b\u9898\u5bbe\u9986", "order_time": ["2019-01-21 23:35:11"], "total_order": 1, "hotel_value": ["4.7"], "hotel_price": ["95"]}, "4544785": {"hotel_name": "\u4e09\u4e9a\u9759\u6d77\u5c4b\u5ea6\u5047\u516c\u5bd3", "order_time": ["2019-01-21 23:35:12"], "total_order": 1, "hotel_value": ["4.7"], "hotel_price": ["262"]}, "2880019": {"hotel_name": "\u4e09\u4e9a\u661f\u6708\u6d77\u666f\u5ea6\u5047\u516c\u5bd3", "order_time": ["2019-01-21 23:35:13"], "total_order": 1, "hotel_value": ["4.9"], "hotel_price": ["302"]}, "2044026": {"hotel_name": "\u4e09\u4e9a\u6d77\u4f9d\u604b\u5feb\u6377\u5bbe\u9986", "order_time": ["2019-01-21 23:35:15"], "total_order": 1, "hotel_value": ["4.8"], "hotel_price": ["83"]}, "14119383": {"hotel_name": "\u4e09\u4e9a\u6734\u5bbf\u8bbe\u8ba1\u6c11\u5bbf", "order_time": ["2019-01-21 23:35:24"], "total_order": 1, "hotel_value": ["4.7"], "hotel_price": ["158"]}, "1570339": {"hotel_name": "\u4e09\u4e9a\u548c\u6cd3\u517b\u751f\u5ea6\u5047\u9152\u5e97", "order_time": ["2019-01-21 23:37:09"], "total_order": 1, "hotel_value": ["4.6"], "hotel_price": ["280"]}, "1457262": {"hotel_name": "\u4e09\u4e9a\u5c71\u6d77\u5929JW\u4e07\u8c6a\u9152\u5e97", "order_time": ["2019-01-21 23:37:11"], "total_order": 1, "hotel_value": ["4.7"], "hotel_price": ["802"]}, "532834": {"hotel_name": "\u4e09\u4e9a\u6d77\u68e0\u6e7e\u6c11\u751f\u5a01\u65af\u6c40\u5ea6\u5047\u9152\u5e97", "order_time": ["2019-01-21 23:37:13"], "total_order": 1, "hotel_value": ["4.6"], "hotel_price": ["1556"]}, "26098129": {"hotel_name": "\u4e09\u4e9a\u4e9a\u83b1\u7279\u65c5\u79df", "order_time": ["2019-01-21 23:37:14"], "total_order": 1, "hotel_value": ["5.0"], "hotel_price": ["129"]}, "5841884": {"hotel_name": "\u4e09\u4e9a\u9a7f\u65c5\u9633\u5149\u4e3b\u9898\u9152\u5e97", "order_time": ["2019-01-21 23:37:17"], "total_order": 1, "hotel_value": ["3.6"], "hotel_price": ["129"]}, "21931169": {"hotel_name": "\u4e09\u4e9a\u946b\u8c6a\u82d1\u9152\u5e97", "order_time": ["2019-01-21 23:37:18"], "total_order": 1, "hotel_value": ["4.6"], "hotel_price": ["198"]}, "17533420": {"hotel_name": "\u4e09\u4e9a\u5927\u4e1c\u6d77\u9152\u5e97", "order_time": ["2019-01-21 23:37:25", "2019-01-21 23:49:15"], "total_order": 2, "hotel_value": ["4.8", "4.8"], "hotel_price": ["699", "699"]}, "346691": {"hotel_name": "\u4e09\u4e9a\u9e3f\u6d32\u57c3\u5fb7\u745e\u9152\u5e97", "order_time": ["2019-01-21 23:39:02"], "total_order": 1, "hotel_value": ["4.3"], "hotel_price": ["408"]}, "6476957": {"hotel_name": "\u4e09\u4e9a\u5174\u5b89\u957f\u5cf0\u5927\u9152\u5e97", "order_time": ["2019-01-21 23:39:02", "2019-01-21 23:43:02"], "total_order": 2, "hotel_value": ["4.5", "4.5"], "hotel_price": ["298", "298"]}, "643641": {"hotel_name": "\u4e09\u4e9a\u51e4\u51f0\u673a\u573a\u6d77\u822a\u5feb\u6377\u9152\u5e97", "order_time": ["2019-01-21 23:39:02"], "total_order": 1, "hotel_value": ["4.1"], "hotel_price": ["208"]}, "372154": {"hotel_name": "\u4e09\u4e9a\u798f\u670b\u559c\u6765\u767b\u9152\u5e97", "order_time": ["2019-01-21 23:43:04", "2019-01-21 23:39:03"], "total_order": 2, "hotel_value": ["4.5", "4.5"], "hotel_price": ["560", "560"]}, "455490": {"hotel_name": "\u4e09\u4e9a\u4e9a\u9f99\u6e7e\u77f3\u6eaa\u5885\u5efa\u56fd\u5ea6\u5047\u9152\u5e97", "order_time": ["2019-01-22 00:01:22", "2019-01-21 23:39:03"], "total_order": 2, "hotel_value": ["4.6", "4.6"], "hotel_price": ["468", "507"]}, "346664": {"hotel_name": "\u4e09\u4e9a\u541b\u7136\u6e29\u6cc9\u5ea6\u5047\u9152\u5e97", "order_time": ["2019-01-21 23:39:03", "2019-01-22 00:01:10"], "total_order": 2, "hotel_value": ["4.5", "4.5"], "hotel_price": ["349", "319"]}, "1874773": {"hotel_name": "\u4e09\u4e9a\u6d77\u68e0\u6e7e\u798f\u6e7e\u5ea6\u5047\u516c\u5bd3(\u539f\u6d77\u68e0\u798f\u6e7e\u9ad8\u7ea7\u6d77\u666f\u516c\u5bd3)", "order_time": ["2019-01-21 23:39:04"], "total_order": 1, "hotel_value": ["4.8"], "hotel_price": ["430"]}, "747674": {"hotel_name": "\u9675\u6c34\u6e05\u6c34\u6e7e\u6d77\u6d0b\u4e4b\u661f\u9152\u5e97", "order_time": ["2019-01-21 23:39:06"], "total_order": 1, "hotel_value": ["4.5"], "hotel_price": ["342"]}, "1289697": {"hotel_name": "\u4e09\u4e9a\u66a7\u552f\u5957\u623f\u6d77\u666f\u96c5\u5c45", "order_time": ["2019-01-21 23:39:07"], "total_order": 1, "hotel_value": ["4.6"], "hotel_price": ["195"]}, "10900048": {"hotel_name": "\u4e09\u4e9a\u521d\u96e8\u7cbe\u54c1\u5ba2\u6808", "order_time": ["2019-01-21 23:39:08"], "total_order": 1, "hotel_value": ["4.8"], "hotel_price": ["81"]}, "482829": {"hotel_name": "\u4e09\u4e9a\u4e16\u7eaa\u5c71\u6c34\u9152\u5e97", "order_time": ["2019-01-21 23:39:08"], "total_order": 1, "hotel_value": ["3.9"], "hotel_price": ["253"]}, "1487778": {"hotel_name": "\u4e09\u4e9a\u732e\u7ed9\u6167\u9752\u5e74\u9a7f\u7ad9", "order_time": ["2019-01-21 23:39:17"], "total_order": 1, "hotel_value": ["4.5"], "hotel_price": ["38"]}, "1648269": {"hotel_name": "\u4e09\u4e9a\u5fc6\u4e61\u4eba\u5c71\u5885\u5ba2\u6808", "order_time": ["2019-01-21 23:39:18"], "total_order": 1, "hotel_value": ["4.6"], "hotel_price": ["243"]}, "1297349": {"hotel_name": "\u4e09\u4e9a\u73ab\u7470\u6d77\u5cb8\u5ba2\u6808", "order_time": ["2019-01-21 23:39:21"], "total_order": 1, "hotel_value": ["4.7"], "hotel_price": ["131"]}, "9152102": {"hotel_name": "\u4e09\u4e9a\u6d77\u68e0\u6e7e\u5982\u4f73\u5bbe\u9986\u8fde\u9501\u5e97", "order_time": ["2019-01-21 23:41:02"], "total_order": 1, "hotel_value": ["4.4"], "hotel_price": ["115"]}, "3180637": {"hotel_name": "\u4e09\u4e9a\u9752\u827a\u672f\u96c5\u7b51\u5ba2\u6808(\u4e09\u4e9a\u6e7e\u5e97)", "order_time": ["2019-01-21 23:41:04"], "total_order": 1, "hotel_value": ["4.9"], "hotel_price": ["134"]}, "4388404": {"hotel_name": "\u4e09\u4e9a\u7f8e\u4e3d\u4e4b\u51a0\u5927\u6811\u9152\u5e97", "order_time": ["2019-01-21 23:41:08"], "total_order": 1, "hotel_value": ["4.3"], "hotel_price": ["233"]}, "6261136": {"hotel_name": "\u7ef4\u4e5f\u7eb3\u9152\u5e97(\u4e09\u4e9a\u4e9a\u9f99\u6e7e\u5343\u53e4\u60c5\u5e97)", "order_time": ["2019-01-21 23:41:10"], "total_order": 1, "hotel_value": ["4.8"], "hotel_price": ["316"]}, "25768287": {"hotel_name": "\u4e09\u4e9a\u5357\u590f\u51ef\u83b1\u60a6\u4eab\u9152\u5e97", "order_time": ["2019-01-21 23:41:10"], "total_order": 1, "hotel_value": ["4.8"], "hotel_price": ["574"]}, "435983": {"hotel_name": "\u4e09\u4e9a\u4e9a\u9f99\u6e7e\u4eba\u95f4\u5929\u5802-\u9e1f\u5de2\u5ea6\u5047\u6751", "order_time": ["2019-01-22 00:03:03", "2019-01-21 23:43:09", "2019-01-22 00:29:04", "2019-01-21 23:41:15"], "total_order": 4, "hotel_value": ["4.6", "4.6", "4.6", "4.6"], "hotel_price": ["1270", "1270", "1270", "1270"]}, "429615": {"hotel_name": "\u4e09\u4e9a\u4e9a\u9f99\u6e7e\u541b\u6f9c\u5ea6\u5047\u9152\u5e97(\u539f\u5047\u65e5\u5ea6\u5047\u9152\u5e97)", "order_time": ["2019-01-21 23:41:15"], "total_order": 1, "hotel_value": ["4.5"], "hotel_price": ["660"]}, "486003": {"hotel_name": "\u4e09\u4e9a\u8708\u652f\u6d32\u5c9b\u73ca\u745a\u9152\u5e97", "order_time": ["2019-01-21 23:41:24", "2019-01-21 23:49:15", "2019-01-21 23:53:24"], "total_order": 3, "hotel_value": ["4.8", "4.8", "4.8"], "hotel_price": ["1100", "1100", "1100"]}, "346711": {"hotel_name": "\u4e09\u4e9a\u541b\u9526\u6ee8\u6d77\u9152\u5e97", "order_time": ["2019-01-21 23:43:02"], "total_order": 1, "hotel_value": ["4.4"], "hotel_price": ["266"]}, "8616662": {"hotel_name": "\u4e09\u4e9a\u62fe\u5149\u96c6\u827a\u672f\u4e3b\u9898\u9152\u5e97(\u539f\u4e09\u4e9a\u62fe\u5149\u96c6\u7cbe\u54c1\u6c11\u5bbf)", "order_time": ["2019-01-21 23:43:03"], "total_order": 1, "hotel_value": ["4.8"], "hotel_price": ["183"]}, "1137078": {"hotel_name": "\u6d77\u5357\u6e05\u6c34\u6e7e\u5047\u65e5\u5ea6\u5047\u9152\u5e97", "order_time": ["2019-01-21 23:43:04"], "total_order": 1, "hotel_value": ["4.7"], "hotel_price": ["475"]}, "843599": {"hotel_name": "\u4e09\u4e9a\u56db\u5b63\u6d77\u5ead\u9152\u5e97", "order_time": ["2019-01-21 23:43:04"], "total_order": 1, "hotel_value": ["4.6"], "hotel_price": ["300"]}, "6684663": {"hotel_name": "\u4e09\u4e9a\u6d77\u68e0\u6e7e\u67cf\u4e3d\u5ea6\u5047\u9152\u5e97", "order_time": ["2019-01-21 23:43:06"], "total_order": 1, "hotel_value": ["4.3"], "hotel_price": ["240"]}, "1682691": {"hotel_name": "\u4e09\u4e9a\u4eac\u6d77\u56fd\u9645\u5047\u65e5\u9152\u5e97", "order_time": ["2019-01-21 23:43:06", "2019-01-21 23:43:33", "2019-01-21 23:43:40", "2019-01-21 23:53:08"], "total_order": 4, "hotel_value": ["4.6", "4.6", "4.6", "4.6"], "hotel_price": ["538", "673", "673", "538"]}, "1061478": {"hotel_name": "\u4e45\u6816\u00b7\u4e09\u4e9aiHome\u6d77\u666f\u5ea6\u5047\u516c\u5bd3", "order_time": ["2019-01-21 23:43:07"], "total_order": 1, "hotel_value": ["4.7"], "hotel_price": ["326"]}, "1602239": {"hotel_name": "\u4e09\u4e9a\u4e09\u6b65\u6d77\u5ba2\u6808", "order_time": ["2019-01-21 23:53:11", "2019-01-21 23:43:07"], "total_order": 2, "hotel_value": ["4.8", "4.8"], "hotel_price": ["143", "143"]}, "28366169": {"hotel_name": "7\u5929\u4f18\u54c1\u9152\u5e97(\u4e09\u4e9a\u6e7e\u6d77\u6708\u5e7f\u573a\u6d77\u666f\u5e97)", "order_time": ["2019-01-21 23:57:21", "2019-01-21 23:43:08"], "total_order": 2, "hotel_value": ["4.7", "4.7"], "hotel_price": ["159", "159"]}, "917373": {"hotel_name": "\u4e09\u4e9a\u8273\u9633\u5929\u5ba2\u6808(\u539f\u6f9c\u60a6\u9633\u5149\u6d77\u666f\u5ba2\u6808)", "order_time": ["2019-01-21 23:43:08"], "total_order": 1, "hotel_value": ["4.6"], "hotel_price": ["94"]}, "9580477": {"hotel_name": "\u5411\u65e5\u8475\u6d77\u5cb8\u5ba2\u6808(\u4e09\u4e9a\u51e4\u51f0\u673a\u573a\u5e97)", "order_time": ["2019-01-21 23:43:11"], "total_order": 1, "hotel_value": ["4.6"], "hotel_price": ["163"]}, "1323661": {"hotel_name": "\u4e09\u4e9a\u5448\u7965\u5bbe\u9986", "order_time": ["2019-01-21 23:43:19"], "total_order": 1, "hotel_value": [0], "hotel_price": ["102"]}, "436677": {"hotel_name": "\u4e09\u4e9a\u4e3d\u666f\u6d77\u6e7e\u9152\u5e97", "order_time": ["2019-01-21 23:45:03"], "total_order": 1, "hotel_value": ["4.6"], "hotel_price": ["315"]}, "1458417": {"hotel_name": "\u4e09\u4e9a\u8587\u8587\u6d77\u5cb8\u65c5\u9986", "order_time": ["2019-01-21 23:45:04"], "total_order": 1, "hotel_value": ["4.4"], "hotel_price": ["133"]}, "842954": {"hotel_name": "\u9526\u6c5f\u4e4b\u661f(\u4e09\u4e9a\u6e7e\u5409\u7965\u8857\u6d77\u666f\u9152\u5e97)", "order_time": ["2019-01-21 23:45:06"], "total_order": 1, "hotel_value": ["4.5"], "hotel_price": ["139"]}, "2216767": {"hotel_name": "\u7ef4\u4e5f\u7eb3\u9152\u5e97(\u4e09\u4e9a\u6e7e\u5e97)", "order_time": ["2019-01-21 23:49:11", "2019-01-21 23:45:08"], "total_order": 2, "hotel_value": ["4.8", "4.8"], "hotel_price": ["368", "368"]}, "14074913": {"hotel_name": "\u4e09\u4e9a\u4e9a\u9f99\u6e7e\u96c5\u9601\u6e29\u6cc9\u5ea6\u5047\u9152\u5e97", "order_time": ["2019-01-21 23:45:12"], "total_order": 1, "hotel_value": ["4.7"], "hotel_price": ["2188"]}, "5902128": {"hotel_name": "\u9685\u82b1\u539f\u5c71\u95f4\u8bbe\u8ba1\u9152\u5e97(\u4e09\u4e9a\u51e4\u51f0\u673a\u573a\u5e97)", "order_time": ["2019-01-21 23:45:13"], "total_order": 1, "hotel_value": ["4.7"], "hotel_price": ["263"]}, "6781451": {"hotel_name": "\u4e09\u4e9a\u79d1\u5b9d\u5927\u9152\u5e97", "order_time": ["2019-01-21 23:45:14"], "total_order": 1, "hotel_value": ["4.8"], "hotel_price": ["123"]}, "1377327": {"hotel_name": "\u4e09\u4e9a\u6e58\u5cb3\u6d77\u666f\u516c\u5bd3", "order_time": ["2019-01-21 23:45:15"], "total_order": 1, "hotel_value": ["4.3"], "hotel_price": ["88"]}, "3509427": {"hotel_name": "\u4e09\u4e9a\u6d77\u8679\u5ea6\u5047\u9152\u5e97", "order_time": ["2019-01-21 23:47:03"], "total_order": 1, "hotel_value": ["4.4"], "hotel_price": ["282"]}, "6450523": {"hotel_name": "\u4e09\u4e9a\u5c71\u6d77\u5929\u5927\u9152\u5e97\u00b7\u50b2\u9014\u683c\u7cbe\u9009", "order_time": ["2019-01-21 23:47:04"], "total_order": 1, "hotel_value": ["4.8"], "hotel_price": ["986"]}, "457450": {"hotel_name": "\u4e09\u4e9a\u534a\u5c71\u534a\u5c9b\u5b89\u7eb3\u5854\u62c9\u5ea6\u5047\u9152\u5e97", "order_time": ["2019-01-21 23:47:04"], "total_order": 1, "hotel_value": ["4.5"], "hotel_price": ["761"]}, "431932": {"hotel_name": "\u4e09\u4e9a\u94f6\u97f5\u6d77\u666f\u5ea6\u5047\u9152\u5e97", "order_time": ["2019-01-21 23:47:05"], "total_order": 1, "hotel_value": ["4.7"], "hotel_price": ["300"]}, "3289499": {"hotel_name": "\u4e09\u4e9a\u5cad\u5357\u6c34\u4e61\u5ea6\u5047\u516c\u5bd3", "order_time": ["2019-01-21 23:47:09"], "total_order": 1, "hotel_value": ["4.4"], "hotel_price": ["242"]}, "15812110": {"hotel_name": "\u4e09\u4e9a\u7ea2\u5858\u6e7e\u5efa\u56fd\u5ea6\u5047\u9152\u5e97", "order_time": ["2019-01-21 23:49:04", "2019-01-21 23:47:16"], "total_order": 2, "hotel_value": ["4.7", "4.7"], "hotel_price": ["366", "366"]}, "845218": {"hotel_name": "\u6d77\u5357\u7eff\u57ce\u84dd\u6e7e\u5ea6\u5047\u9152\u5e97", "order_time": ["2019-01-21 23:47:16"], "total_order": 1, "hotel_value": ["4.7"], "hotel_price": ["620"]}, "436692": {"hotel_name": "\u4e09\u4e9a\u4e9a\u592a\u6d77\u822a\u5ea6\u5047\u9152\u5e97\u66a8\u4e9a\u592a\u56fd\u9645\u4f1a\u8bae\u4e2d\u5fc3", "order_time": ["2019-01-21 23:47:31", "2019-01-21 23:53:23"], "total_order": 2, "hotel_value": ["4.5", "4.5"], "hotel_price": ["380", "380"]}, "2013876": {"hotel_name": "\u4e09\u4e9a\u9999\u6c34\u6e7e\u6d77\u4e0a\u4e2d\u56fd\u9662\u5b50\u5ea6\u5047\u522b\u5885", "order_time": ["2019-01-21 23:49:08"], "total_order": 1, "hotel_value": ["4.7"], "hotel_price": ["1688"]}, "2574467": {"hotel_name": "\u4e09\u4e9a\u5609\u65fa\u5bb6\u5ead\u65c5\u9986", "order_time": ["2019-01-21 23:49:09"], "total_order": 1, "hotel_value": ["4.3"], "hotel_price": ["102"]}, "25665180": {"hotel_name": "\u4e09\u4e9a\u5609\u4f69\u4e50\u5ea6\u5047\u9152\u5e97", "order_time": ["2019-01-21 23:49:11"], "total_order": 1, "hotel_value": ["4.6"], "hotel_price": ["2408"]}, "2372110": {"hotel_name": "\u4e09\u4e9a\u6d77\u697c\u4e91\u6708\u6d77\u666f\u5ea6\u5047\u516c\u5bd3", "order_time": ["2019-01-21 23:51:02"], "total_order": 1, "hotel_value": ["4.5"], "hotel_price": ["291"]}, "1458154": {"hotel_name": "\u4e09\u4e9a\u8f6c\u89d2\u9047\u5230\u6d77\u4e3b\u9898\u5ba2\u6808", "order_time": ["2019-01-21 23:51:04"], "total_order": 1, "hotel_value": ["4.4"], "hotel_price": ["114"]}, "8577347": {"hotel_name": "\u4e09\u4e9a\u4e3d\u820d\u6d77\u666f\u5957\u623f\u5ea6\u5047\u516c\u5bd3", "order_time": ["2019-01-21 23:51:07"], "total_order": 1, "hotel_value": ["4.8"], "hotel_price": ["461"]}, "6287098": {"hotel_name": "\u4e09\u4e9a\u6ce5\u5bbf\u827a\u672f\u9152\u5e97", "order_time": ["2019-01-21 23:51:09"], "total_order": 1, "hotel_value": ["4.5"], "hotel_price": ["126"]}, "346684": {"hotel_name": "\u4e09\u4e9a\u73e0\u6c5f\u5357\u7530\u6e29\u6cc9\u5ea6\u5047\u533a", "order_time": ["2019-01-22 00:05:16", "2019-01-21 23:51:16"], "total_order": 2, "hotel_value": ["4.3", "4.3"], "hotel_price": ["428", "359"]}, "346775": {"hotel_name": "\u4e09\u4e9a\u4e9a\u9f99\u6e7e\u73af\u7403\u57ce\u5927\u9152\u5e97", "order_time": ["2019-01-22 00:07:09", "2019-01-21 23:51:16"], "total_order": 2, "hotel_value": ["4.2", "4.2"], "hotel_price": ["399", "390"]}, "3068224": {"hotel_name": "\u4e09\u4e9a\u5927\u4e1c\u6d77HOME\u5957\u623f\u5ea6\u5047\u6d77\u666f\u5ba2\u6808", "order_time": ["2019-01-21 23:51:16"], "total_order": 1, "hotel_value": ["4.8"], "hotel_price": ["138"]}, "1994723": {"hotel_name": "\u4e09\u4e9a\u51e4\u51f0\u5c9b\u661f\u5bb8\u6d77\u666f\u5ea6\u5047\u9152\u5e97", "order_time": ["2019-01-21 23:51:24", "2019-01-21 23:55:23"], "total_order": 2, "hotel_value": ["4.2", "4.2"], "hotel_price": ["418", "418"]}, "1651443": {"hotel_name": "\u5c1a\u5ba2\u4f18\u5feb\u6377\u9152\u5e97(\u4e09\u4e9a\u6e7e\u5e97)", "order_time": ["2019-01-21 23:53:07"], "total_order": 1, "hotel_value": ["3.9"], "hotel_price": ["103"]}, "396500": {"hotel_name": "\u4e09\u4e9a\u6e7e\u4ed9\u5c45\u5e9c\u6d77\u666f\u9152\u5e97", "order_time": ["2019-01-21 23:53:09", "2019-01-22 00:05:16"], "total_order": 2, "hotel_value": ["4.4", "4.4"], "hotel_price": ["403", "351"]}, "6446036": {"hotel_name": "\u4e09\u4e9a\u51e4\u51f0\u673a\u573a\u9152\u5e97", "order_time": ["2019-01-22 00:01:22", "2019-01-22 00:21:01", "2019-01-22 00:13:03", "2019-01-22 00:07:10", "2019-01-21 23:53:10"], "total_order": 5, "hotel_value": ["4.6", "4.6", "4.6", "4.6", "4.6"], "hotel_price": ["411", "406", "406", "406", "406"]}, "6457048": {"hotel_name": "\u4f73\u8f69\u5047\u65e5\u9152\u5e97(\u4e09\u4e9a\u51e4\u51f0\u673a\u573a\u5e97)", "order_time": ["2019-01-21 23:53:23"], "total_order": 1, "hotel_value": ["4.5"], "hotel_price": ["208"]}, "608191": {"hotel_name": "\u4e09\u4e9a\u6e7e\u6d77\u666f\u65c5\u9986", "order_time": ["2019-01-21 23:53:24"], "total_order": 1, "hotel_value": ["4.2"], "hotel_price": ["89"]}, "386919": {"hotel_name": "\u4e09\u4e9a\u4e07\u5609\u5ea6\u5047\u9152\u5e97", "order_time": ["2019-01-21 23:55:04", "2019-01-22 00:01:10"], "total_order": 2, "hotel_value": ["4.4", "4.4"], "hotel_price": ["358", "358"]}, "346702": {"hotel_name": "\u4e09\u4e9a\u8fb0\u5149\u514b\u62c9\u7801\u5934\u9152\u5e97", "order_time": ["2019-01-21 23:55:04"], "total_order": 1, "hotel_value": ["4.6"], "hotel_price": ["401"]}, "9626476": {"hotel_name": "\u4e09\u4e9a\u67ab\u6797\u665a\u667a\u6167\u4e3b\u9898\u9152\u5e97\u51e4\u51f0\u673a\u573a\u5e97", "order_time": ["2019-01-21 23:55:09"], "total_order": 1, "hotel_value": ["4.8"], "hotel_price": ["192"]}, "5429887": {"hotel_name": "\u4e09\u4e9a\u975e\u4f60\u83ab\u5bbf\u7cbe\u54c1\u5ba2\u6808", "order_time": ["2019-01-21 23:55:10"], "total_order": 1, "hotel_value": ["4.8"], "hotel_price": ["121"]}, "6541448": {"hotel_name": "\u4e09\u4e9a\u745e\u6cf0\u660e\u73e0\u9152\u5e97(\u51e4\u51f0\u673a\u573a\u5e97)", "order_time": ["2019-01-21 23:55:17"], "total_order": 1, "hotel_value": ["4.6"], "hotel_price": ["174"]}, "5982505": {"hotel_name": "\u4e09\u4e9a\u6d1b\u4e3d\u5854\u6d77\u666f\u5ea6\u5047\u516c\u9986", "order_time": ["2019-01-21 23:57:03"], "total_order": 1, "hotel_value": ["4.7"], "hotel_price": ["230"]}, "879580": {"hotel_name": "\u9526\u6c5f\u4e4b\u661f(\u4e09\u4e9a\u56fd\u9645\u8d2d\u7269\u4e2d\u5fc3\u6d77\u666f\u5e97)", "order_time": ["2019-01-21 23:57:05"], "total_order": 1, "hotel_value": ["4.5"], "hotel_price": ["179"]}, "468875": {"hotel_name": "\u6674\u5929\u7389\u6ee9\u6d77\u666f\u5ea6\u5047\u516c\u5bd3(\u4e09\u4e9a\u6e7e\u5e97)", "order_time": ["2019-01-22 00:04:59", "2019-01-21 23:59:01"], "total_order": 2, "hotel_value": ["4.1", "4.1"], "hotel_price": ["132", "156"]}, "440975": {"hotel_name": "\u4e09\u4e9a\u4e1c\u65b9\u6d77\u666f\u5927\u9152\u5e97", "order_time": ["2019-01-21 23:59:03"], "total_order": 1, "hotel_value": ["4.3"], "hotel_price": ["266"]}, "6126289": {"hotel_name": "\u4e09\u4e9a\u84dd\u6d77\u4e00\u53f7\u6d77\u5cb8\u9152\u5e97", "order_time": ["2019-01-21 23:59:05"], "total_order": 1, "hotel_value": ["4.8"], "hotel_price": ["118"]}, "4033951": {"hotel_name": "\u4e09\u4e9a\u51e4\u51f0\u5c9b\u6d77\u6d0b\u4e4b\u68a6\u5ea6\u5047\u9152\u5e97", "order_time": ["2019-01-21 23:59:06"], "total_order": 1, "hotel_value": ["4.6"], "hotel_price": ["1259"]}, "396523": {"hotel_name": "\u4e09\u4e9a\u4e9a\u9f99\u6e7e\u5929\u9e3f\u5ea6\u5047\u6751", "order_time": ["2019-01-21 23:59:10"], "total_order": 1, "hotel_value": ["4.7"], "hotel_price": ["629"]}, "1739015": {"hotel_name": "\u4e09\u4e9a\u9f99\u5174\u83b1\u66fc\u6d77\u666f\u5ea6\u5047\u9152\u5e97", "order_time": ["2019-01-21 23:59:10"], "total_order": 1, "hotel_value": ["4.4"], "hotel_price": ["388"]}, "4398479": {"hotel_name": "\u4e09\u4e9a\u4e00\u60a6\u79cb\u820d\u9152\u5e97", "order_time": ["2019-01-21 23:59:11", "2019-01-22 00:23:17"], "total_order": 2, "hotel_value": ["4.4", "4.4"], "hotel_price": ["134", "167"]}, "346698": {"hotel_name": "\u4e09\u4e9a\u5bb9\u9526\u9152\u5e97(\u539f\u6d77\u60a6\u6e7e\u5ea6\u5047\u9152\u5e97)", "order_time": ["2019-01-22 00:01:02"], "total_order": 1, "hotel_value": ["4.4"], "hotel_price": ["267"]}, "428335": {"hotel_name": "\u5982\u5bb6\u5feb\u6377\u9152\u5e97(\u4e09\u4e9a\u6986\u4e9a\u8def\u5927\u4e1c\u6d77\u5e97)", "order_time": ["2019-01-22 00:01:08"], "total_order": 1, "hotel_value": ["4.6"], "hotel_price": ["227"]}, "345069": {"hotel_name": "\u4e09\u4e9a\u6d77\u68e0\u6e7e\u4e07\u8fbe\u5e0c\u5c14\u987f\u9038\u6797\u5ea6\u5047\u9152\u5e97", "order_time": ["2019-01-22 00:13:09", "2019-01-22 00:01:09"], "total_order": 2, "hotel_value": ["4.5", "4.5"], "hotel_price": ["630", "630"]}, "371722": {"hotel_name": "\u4e09\u4e9a\u4e9a\u9f99\u6e7e\u91d1\u68d5\u6988\u5ea6\u5047\u9152\u5e97", "order_time": ["2019-01-22 00:01:10"], "total_order": 1, "hotel_value": ["4.6"], "hotel_price": ["528"]}, "345076": {"hotel_name": "\u4e09\u4e9a\u4e9a\u9f99\u6e7e\u7231\u7434\u6d77\u5168\u5957\u623f\u7cbe\u54c1\u5ea6\u5047\u9152\u5e97", "order_time": ["2019-01-22 00:01:10"], "total_order": 1, "hotel_value": ["4.5"], "hotel_price": ["619"]}, "430163": {"hotel_name": "\u4e09\u4e9a\u4e9a\u9f99\u6e7e\u94c2\u5c14\u66fc\u522b\u5885\u5ea6\u5047\u9152\u5e97", "order_time": ["2019-01-22 00:01:10"], "total_order": 1, "hotel_value": ["4.6"], "hotel_price": ["999"]}, "420069": {"hotel_name": "\u4e09\u4e9a\u4e2d\u4e9a\u56fd\u9645\u5927\u9152\u5e97", "order_time": ["2019-01-22 00:05:04", "2019-01-22 00:01:15", "2019-01-22 00:25:08"], "total_order": 3, "hotel_value": ["4.5", "4.5", "4.5"], "hotel_price": ["396", "396", "396"]}, "346735": {"hotel_name": "\u4e09\u4e9a\u5357\u7530\u6e29\u6cc9\u597d\u6c49\u5761\u56fd\u9645\u5ea6\u5047\u9152\u5e97", "order_time": ["2019-01-22 00:01:15"], "total_order": 1, "hotel_value": ["4.3"], "hotel_price": ["346"]}, "17325404": {"hotel_name": "\u4e09\u4e9a\u6d1b\u514b\u94c2\u91d1\u6d77\u666f\u9152\u5e97", "order_time": ["2019-01-22 00:01:22"], "total_order": 1, "hotel_value": ["4.4"], "hotel_price": ["479"]}, "15696546": {"hotel_name": "\u4e09\u4e9a\u4e2d\u5fc3\u51ef\u60a6\u5609\u8f69\u9152\u5e97", "order_time": ["2019-01-22 00:03:01"], "total_order": 1, "hotel_value": ["4.5"], "hotel_price": ["499"]}, "6841281": {"hotel_name": "\u4e09\u4e9a\u60a6\u4fe1\u7f8e\u9ad8\u7f8e\u56fd\u9645\u9152\u5e97", "order_time": ["2019-01-22 00:03:02"], "total_order": 1, "hotel_value": ["4.6"], "hotel_price": ["443"]}, "2220704": {"hotel_name": "\u4e09\u4e9a\u827e\u5f17\u745e\u56fd\u9645\u5ea6\u5047\u516c\u5bd3", "order_time": ["2019-01-22 00:03:03"], "total_order": 1, "hotel_value": ["4.7"], "hotel_price": ["220"]}, "4841962": {"hotel_name": "\u4e09\u4e9a\u7231\u7b51\u6545\u4e8b\u5ba2\u6808", "order_time": ["2019-01-22 00:03:06"], "total_order": 1, "hotel_value": ["4.8"], "hotel_price": ["138"]}, "1315499": {"hotel_name": "\u4e09\u4e9a\u8001\u73ed\u957f\u56fd\u9645\u9752\u5e74\u65c5\u820d", "order_time": ["2019-01-22 00:03:09"], "total_order": 1, "hotel_value": ["4.5"], "hotel_price": ["65"]}, "345074": {"hotel_name": "\u4e09\u4e9a\u4e9a\u9f99\u6e7e\u745e\u5409\u5ea6\u5047\u9152\u5e97", "order_time": ["2019-01-22 00:03:10"], "total_order": 1, "hotel_value": ["4.7"], "hotel_price": ["1574"]}, "6708909": {"hotel_name": "\u4e09\u4e9a\u6d77\u68e0\u6e7e\u798f\u6d77\u68e0\u6d77\u666f\u5957\u623f\u5ea6\u5047\u9152\u5e97", "order_time": ["2019-01-22 00:03:10"], "total_order": 1, "hotel_value": ["4.6"], "hotel_price": ["428"]}, "23929438": {"hotel_name": "\u90b8\u8bfa\u5171\u4eab\u522b\u5885\u516c\u5bd3(\u4e09\u4e9a\u6d77\u68e0\u6e7e\u5e97)", "order_time": ["2019-01-22 00:03:12"], "total_order": 1, "hotel_value": ["4.7"], "hotel_price": ["571"]}, "28707548": {"hotel_name": "\u4e09\u4e9a\u9a7f\u95f4\u5ba2\u6808", "order_time": ["2019-01-22 00:03:22"], "total_order": 1, "hotel_value": [0], "hotel_price": ["308"]}, "1282995": {"hotel_name": "\u4e09\u4e9a\u6e7e\u8f6c\u89d2\u9047\u89c1\u6d77\u7cbe\u54c1\u5ba2\u6808", "order_time": ["2019-01-22 00:05:00"], "total_order": 1, "hotel_value": ["4.6"], "hotel_price": ["153"]}, "2785460": {"hotel_name": "L\u6d77\u666f\u5ea6\u5047\u516c\u9986(\u4e09\u4e9a\u9e3f\u6d32\u56fd\u9645\u5e97)(\u539f\u4e09\u4e9a\u9e3f\u6d32\u56fd\u9645\u6d77\u666f\u5ea6\u5047\u516c\u9986)", "order_time": ["2019-01-22 00:05:02"], "total_order": 1, "hotel_value": ["4.6"], "hotel_price": ["230"]}, "396528": {"hotel_name": "\u4e09\u4e9a\u4e9a\u9f99\u6e7e\u4e94\u53f7\u5ea6\u5047\u522b\u5885\u9152\u5e97", "order_time": ["2019-01-22 00:05:03"], "total_order": 1, "hotel_value": ["4.6"], "hotel_price": ["649"]}, "346673": {"hotel_name": "\u4e09\u4e9a\u534a\u5c71\u534a\u5c9b\u5ea6\u5047\u9152\u5e97(\u5168\u5957\u623f)", "order_time": ["2019-01-22 00:05:03"], "total_order": 1, "hotel_value": ["4.6"], "hotel_price": ["590"]}, "1723380": {"hotel_name": "\u4e09\u4e9a\u65f6\u5149\u4ed3\u6000\u65e7\u827a\u672f\u5ba2\u6808", "order_time": ["2019-01-22 00:05:04"], "total_order": 1, "hotel_value": ["4.6"], "hotel_price": ["266"]}, "346719": {"hotel_name": "\u4e09\u4e9a\u534a\u5c71\u534a\u5c9b\u5e06\u8239\u6e2f\u9152\u5e97", "order_time": ["2019-01-22 00:05:04"], "total_order": 1, "hotel_value": ["4.7"], "hotel_price": ["384"]}, "428318": {"hotel_name": "\u4e09\u4e9a\u6021\u5ead\u9152\u5e97", "order_time": ["2019-01-22 00:05:04", "2019-01-22 00:18:57"], "total_order": 2, "hotel_value": ["4.8", "4.8"], "hotel_price": ["217", "217"]}, "11830979": {"hotel_name": "\u4e09\u4e9a\u4fdd\u5229\u745c\u749f\u9601\u6d77\u68e0\u6e7e\u5ea6\u5047\u522b\u5885", "order_time": ["2019-01-22 00:07:03"], "total_order": 1, "hotel_value": ["4.6"], "hotel_price": ["532"]}, "346760": {"hotel_name": "\u4e09\u4e9a\u4e9a\u9f99\u6e7e\u8f9b\u7279\u62c9\u8d4f\u693f\u5957\u623f\u5ea6\u5047\u9152\u5e97", "order_time": ["2019-01-22 00:07:06"], "total_order": 1, "hotel_value": ["4.3"], "hotel_price": ["363"]}, "6396993": {"hotel_name": "\u4e09\u4e9a\u9a74\u6258\u90a6\u884c\u8005\u9752\u5e74\u65c5\u820d", "order_time": ["2019-01-22 00:07:12"], "total_order": 1, "hotel_value": ["4.0"], "hotel_price": ["36"]}, "1101735": {"hotel_name": "\u4e09\u4e9a\u5fc6\u4e61\u4eba\u7cbe\u54c1\u5ba2\u6808", "order_time": ["2019-01-22 00:09:02"], "total_order": 1, "hotel_value": ["4.4"], "hotel_price": ["153"]}, "1642576": {"hotel_name": "\u4e09\u4e9a\u5b50\u60a6\u5eb7\u5e74\u4e3b\u9898\u5957\u623f\u5ea6\u5047\u9152\u5e97", "order_time": ["2019-01-22 00:09:04"], "total_order": 1, "hotel_value": ["4.7"], "hotel_price": ["394"]}, "346757": {"hotel_name": "\u6d77\u5357\u9999\u6c34\u6e7e\u541b\u6f9c\u5ea6\u5047\u9152\u5e97", "order_time": ["2019-01-22 00:09:05"], "total_order": 1, "hotel_value": ["4.9"], "hotel_price": ["1188"]}, "6388655": {"hotel_name": "\u4e09\u4e9a\u5411\u65e5\u8475\u6d77\u5cb8\u5ba2\u6808\u5e97", "order_time": ["2019-01-22 00:09:06"], "total_order": 1, "hotel_value": ["4.8"], "hotel_price": ["146"]}, "5898698": {"hotel_name": "\u4e09\u4e9a\u6cf0\u9601\u6d77\u666f\u5ba2\u6808", "order_time": ["2019-01-22 00:09:06"], "total_order": 1, "hotel_value": ["4.9"], "hotel_price": ["115"]}, "14293102": {"hotel_name": "\u4e09\u4e9a\u5c71\u6c34\u95f4\u667a\u80fd\u516c\u5bd3\u6986\u4e9a\u8def\u5e97", "order_time": ["2019-01-22 00:09:07"], "total_order": 1, "hotel_value": ["4.9"], "hotel_price": ["202"]}, "469109": {"hotel_name": "\u4e09\u4e9a\u7720\u901f\u00b7\u4f18\u516c\u5bd3(\u539f18\u00b0\u9633\u5149\u5ea6\u5047\u516c\u5bd3)", "order_time": ["2019-01-22 00:09:07"], "total_order": 1, "hotel_value": ["4.9"], "hotel_price": ["254"]}, "5634155": {"hotel_name": "\u4e09\u4e9a\u6e7e\u7ea2\u6811\u6797\u5ea6\u5047\u4e16\u754c(\u68d5\u6988\u738b\u56fd\u4eb2\u5b50\u4e3b\u9898\u5e97)", "order_time": ["2019-01-22 00:09:10"], "total_order": 1, "hotel_value": ["4.7"], "hotel_price": ["1176"]}, "3181378": {"hotel_name": "\u4e91\u4e0a\u65f6\u5149\u5ba2\u6808(\u4e09\u4e9a\u8708\u652f\u6d32\u5c9b\u5e97)(\u539f\u4e91\u4e0a\u6c99\u6ee9\u522b\u9662)", "order_time": ["2019-01-22 00:09:12"], "total_order": 1, "hotel_value": ["4.4"], "hotel_price": ["58"]}, "1057752": {"hotel_name": "\u4e09\u4e9a\u68a6\u56de\u5929\u5802\u5ba2\u6808", "order_time": ["2019-01-22 00:09:15", "2019-01-22 00:23:10"], "total_order": 2, "hotel_value": ["4.2", "4.2"], "hotel_price": ["187", "187"]}, "1513355": {"hotel_name": "\u4e09\u4e9a\u5d16\u4f18\u65c5\u79df(\u539f\u7ea2\u8f89\u4f4f\u5bbf)", "order_time": ["2019-01-22 00:09:17"], "total_order": 1, "hotel_value": [0], "hotel_price": ["68"]}, "24036490": {"hotel_name": "\u4e09\u4e9a\u65f6\u5149\u5c0f\u820d\u6d77\u8fb9\u7cbe\u54c1\u5ba2\u6808", "order_time": ["2019-01-22 00:11:21", "2019-01-22 00:09:21"], "total_order": 2, "hotel_value": ["4.9", "4.9"], "hotel_price": ["227", "227"]}, "6275536": {"hotel_name": "\u4e09\u4e9a\u4e9a\u9f99\u6e7e\u4e50\u5c45\u8c6a\u5b85\u5ea6\u5047\u516c\u5bd3", "order_time": ["2019-01-22 00:13:03"], "total_order": 1, "hotel_value": ["4.8"], "hotel_price": ["338"]}, "10821256": {"hotel_name": "\u4e09\u4e9a\u9752\u79be\u53f6\u82b1\u56ed\u522b\u5885", "order_time": ["2019-01-22 00:13:05"], "total_order": 1, "hotel_value": ["4.8"], "hotel_price": ["203"]}, "6043700": {"hotel_name": "\u4e09\u4e9a\u67ab\u6797\u665a\u4e3b\u9898\u9152\u5e97", "order_time": ["2019-01-22 00:13:05"], "total_order": 1, "hotel_value": ["4.7"], "hotel_price": ["153"]}, "374842": {"hotel_name": "\u4e09\u4e9a\u6e7e\u6d77\u5c45\u94c2\u5c14\u66fc\u5ea6\u5047\u9152\u5e97", "order_time": ["2019-01-22 00:13:09", "2019-01-22 00:22:58"], "total_order": 2, "hotel_value": ["4.7", "4.7"], "hotel_price": ["840", "840"]}, "1486685": {"hotel_name": "\u4e09\u4e9a\u51e4\u51f0\u5c9b\u5ea6\u5047\u9152\u5e97", "order_time": ["2019-01-22 00:15:03"], "total_order": 1, "hotel_value": ["4.7"], "hotel_price": ["1058"]}, "1419670": {"hotel_name": "\u84dd\u5929\u56fd\u9645\u9752\u5e74\u65c5\u820d(\u4e09\u4e9a\u5927\u4e1c\u6d77\u5e97)", "order_time": ["2019-01-22 00:15:08"], "total_order": 1, "hotel_value": ["4.7"], "hotel_price": ["60"]}, "1881142": {"hotel_name": "7\u5929\u8fde\u9501\u9152\u5e97(\u4e09\u4e9a\u5409\u7965\u8857\u6d77\u666f\u5e97)", "order_time": ["2019-01-22 00:15:08"], "total_order": 1, "hotel_value": ["4.5"], "hotel_price": ["132"]}, "8657412": {"hotel_name": "\u4e09\u4e9a\u5927\u6811\u5ea6\u5047\u9152\u5e97", "order_time": ["2019-01-22 00:15:09"], "total_order": 1, "hotel_value": ["3.9"], "hotel_price": ["186"]}, "1251671": {"hotel_name": "\u9526\u6c5f\u4e4b\u661f(\u4e09\u4e9a\u6cb3\u897f\u8def\u6b65\u884c\u6865\u6cb3\u666f\u5e97)", "order_time": ["2019-01-22 00:23:07", "2019-01-22 00:17:03"], "total_order": 2, "hotel_value": ["4.5", "4.5"], "hotel_price": ["179", "179"]}, "1350444": {"hotel_name": "\u4e09\u4e9a\u7f8e\u6866\u5546\u52a1\u516c\u5bd3", "order_time": ["2019-01-22 00:17:19"], "total_order": 1, "hotel_value": ["4.3"], "hotel_price": ["95"]}, "6460482": {"hotel_name": "\u4e09\u4e9a\u4e9a\u9f99\u6e7e\u751f\u547d\u6cc9\u7cbe\u54c1\u5ea6\u5047\u9152\u5e97", "order_time": ["2019-01-22 00:18:57"], "total_order": 1, "hotel_value": ["4.7"], "hotel_price": ["360"]}, "6298012": {"hotel_name": "\u683c\u6797\u8054\u76df\u9152\u5e97(\u4e09\u4e9a\u4e00\u5e02\u573a\u5e97)", "order_time": ["2019-01-22 00:19:03"], "total_order": 1, "hotel_value": ["4.8"], "hotel_price": ["129"]}, "6020310": {"hotel_name": "\u4e09\u4e9a\u6606\u6cf0\u9152\u5e97", "order_time": ["2019-01-22 00:20:58"], "total_order": 1, "hotel_value": ["4.8"], "hotel_price": ["341"]}, "4410283": {"hotel_name": "\u4e09\u4e9a\u5b50\u60a6\u5eb7\u5e74\u9152\u5e97(\u539f\u4e2d\u94c1\u5b50\u60a6\u5eb7\u5e74\u5546\u52a1\u9152\u5e97)", "order_time": ["2019-01-22 00:20:59"], "total_order": 1, "hotel_value": ["4.6"], "hotel_price": ["380"]}, "21765890": {"hotel_name": "\u4e09\u4e9a\u5361\u838e\u4e3b\u9898\u9152\u5e97", "order_time": ["2019-01-22 00:21:00"], "total_order": 1, "hotel_value": ["4.6"], "hotel_price": ["102"]}, "346766": {"hotel_name": "\u4e09\u4e9a\u4e9a\u9f99\u6e7e\u51ef\u83b1\u4ed9\u4eba\u638c\u5ea6\u5047\u9152\u5e97", "order_time": ["2019-01-22 00:21:01"], "total_order": 1, "hotel_value": ["4.6"], "hotel_price": ["410"]}, "1715599": {"hotel_name": "\u4e09\u4e9a\u585e\u7eb3\u6d77\u5cb8\u827a\u672f\u5ba2\u6808", "order_time": ["2019-01-22 00:23:00"], "total_order": 1, "hotel_value": ["4.8"], "hotel_price": ["155"]}, "1486657": {"hotel_name": "\u4e09\u4e9a\u661f\u60a6\u5ea6\u5047\u9152\u5e97", "order_time": ["2019-01-22 00:23:05", "2019-01-22 00:27:08"], "total_order": 2, "hotel_value": ["4.3", "4.3"], "hotel_price": ["125", "125"]}, "4435530": {"hotel_name": "\u7f8e\u5c45\u5c0f\u9547\u5ea6\u5047\u516c\u5bd3(\u4e09\u4e9a\u68ee\u6797\u5e97)(\u539f\u4e07\u79d1\u68ee\u6797\u5ea6\u5047\u7cbe\u54c1\u516c\u5bd3)", "order_time": ["2019-01-22 00:23:10"], "total_order": 1, "hotel_value": ["4.8"], "hotel_price": ["396"]}, "3358744": {"hotel_name": "\u4e09\u4e9a\u8346\u68d8\u9e1f\u9752\u5e74\u65c5\u820d", "order_time": ["2019-01-22 00:23:10"], "total_order": 1, "hotel_value": ["4.4"], "hotel_price": ["47"]}, "21740686": {"hotel_name": "\u6811\u4e4b\u68a6\u5ea6\u5047\u516c\u5bd3(\u4e09\u4e9a\u7f8e\u4e3d\u4e4b\u51a0\u5e97)", "order_time": ["2019-01-22 00:23:10"], "total_order": 1, "hotel_value": [0], "hotel_price": ["198"]}, "25798965": {"hotel_name": "\u4e09\u4e9a\u6781\u4e4b\u5c4b\u522b\u5885", "order_time": ["2019-01-22 00:23:10"], "total_order": 1, "hotel_value": ["4.9"], "hotel_price": ["164"]}, "1716674": {"hotel_name": "\u4e09\u4e9a\u946b\u798f\u5feb\u6377\u9152\u5e97", "order_time": ["2019-01-22 00:23:10"], "total_order": 1, "hotel_value": ["4.7"], "hotel_price": ["95"]}, "1066794": {"hotel_name": "\u4e09\u4e9a\u6d77\u65f6\u95f4\u5ba2\u6808", "order_time": ["2019-01-22 00:23:10"], "total_order": 1, "hotel_value": ["4.8"], "hotel_price": ["164"]}, "6159864": {"hotel_name": "\u4e09\u4e9a\u4e91\u9f99\u5546\u52a1\u9152\u5e97(\u539f\u51e4\u51f0\u5047\u65e5\u673a\u573a\u5feb\u6377\u9152\u5e97)", "order_time": ["2019-01-22 00:23:10"], "total_order": 1, "hotel_value": ["4.5"], "hotel_price": ["153"]}, "1379592": {"hotel_name": "\u683c\u6797\u8c6a\u6cf0(\u4e09\u4e9a\u51e4\u51f0\u673a\u573a\u8def\u5e97)", "order_time": ["2019-01-22 00:25:06"], "total_order": 1, "hotel_value": ["4.0"], "hotel_price": ["163"]}, "437661": {"hotel_name": "\u4e09\u4e9a\u534a\u5c71\u9526\u6c5f\u6d77\u666f\u5ea6\u5047\u9152\u5e97", "order_time": ["2019-01-22 00:25:09"], "total_order": 1, "hotel_value": ["4.6"], "hotel_price": ["358"]}, "976249": {"hotel_name": "\u54ea\u91cc\u90a3\u91cc\u6d77\u5cb8\u7cbe\u54c1\u5ba2\u6808(\u4e09\u4e9a\u5927\u4e1c\u6d77\u5e97)", "order_time": ["2019-01-22 00:25:13"], "total_order": 1, "hotel_value": ["4.8"], "hotel_price": ["231"]}, "438193": {"hotel_name": "\u6d77\u5357\u798f\u6e7e\u6885\u8bfa\u5361\u5ea6\u5047\u9152\u5e97", "order_time": ["2019-01-22 00:27:03"], "total_order": 1, "hotel_value": ["4.4"], "hotel_price": ["317"]}, "4371952": {"hotel_name": "\u4e09\u4e9a\u534e\u5b87\u4e9a\u9f99\u6e7e\u8fce\u5bbe\u9986", "order_time": ["2019-01-22 00:27:10"], "total_order": 1, "hotel_value": ["4.7"], "hotel_price": ["1169"]}, "835120": {"hotel_name": "\u4e09\u4e9a\u4e3d\u90fd\u6d77\u666f\u5546\u52a1\u9152\u5e97", "order_time": ["2019-01-22 00:29:11"], "total_order": 1, "hotel_value": ["4.1"], "hotel_price": ["154"]}}}