{"\u5f00\u59cb\u8bb0\u5f55\u65f6\u95f4": "2019-01-19 08:17:40", "\u7ed3\u675f\u8bb0\u5f55\u65f6\u95f4": "2019-01-19 09:17:40", "\u8ba2\u5355\u603b\u589e\u91cf": 172, "item": {"346702": {"hotel_name": "\u4e09\u4e9a\u8fb0\u5149\u514b\u62c9\u7801\u5934\u9152\u5e97", "order_time": ["2019-01-19 08:20:01"], "total_order": 1, "hotel_value": ["4.6"], "hotel_price": ["408"]}, "670132": {"hotel_name": "\u5929\u827a\u56fd\u9645\u9152\u5e97(\u4e09\u4e9a\u5927\u4e1c\u6d77\u5e97)(\u539f\u4e16\u7eaa\u8c6a\u5ead\u9152\u5e97)", "order_time": ["2019-01-19 08:20:02"], "total_order": 1, "hotel_value": ["4.3"], "hotel_price": ["288"]}, "428318": {"hotel_name": "\u4e09\u4e9a\u6021\u5ead\u9152\u5e97", "order_time": ["2019-01-19 08:20:04"], "total_order": 1, "hotel_value": ["4.8"], "hotel_price": ["250"]}, "12671479": {"hotel_name": "\u4e09\u4e9a\u6da6\u5fb7\u6e7f\u5730\u516c\u56ed\u9152\u5e97", "order_time": ["2019-01-19 08:20:05"], "total_order": 1, "hotel_value": ["4.7"], "hotel_price": ["423"]}, "6610953": {"hotel_name": "\u4e09\u4e9a520\u5ba2\u6808", "order_time": ["2019-01-19 08:20:16"], "total_order": 1, "hotel_value": ["4.2"], "hotel_price": ["113"]}, "23225651": {"hotel_name": "\u4e09\u4e9a\u5c71\u5c45\u65e5\u8bb0\u5ba2\u6808", "order_time": ["2019-01-19 08:20:16"], "total_order": 1, "hotel_value": ["4.8"], "hotel_price": ["120"]}, "23134111": {"hotel_name": "\u4e09\u4e9a\u827e\u6bd4\u5229\u6d77\u666f\u4e3b\u9898\u6c11\u5bbf", "order_time": ["2019-01-19 08:20:18"], "total_order": 1, "hotel_value": ["5.0"], "hotel_price": ["121"]}, "14249344": {"hotel_name": "\u4e09\u4e9a\u4e9a\u7279\u5170\u8482\u65af\u9152\u5e97", "order_time": ["2019-01-19 08:34:03", "2019-01-19 08:22:01"], "total_order": 2, "hotel_value": ["4.6", "4.6"], "hotel_price": ["3288", "3288"]}, "345071": {"hotel_name": "\u91d1\u8302\u4e09\u4e9a\u4e9a\u9f99\u6e7e\u5e0c\u5c14\u987f\u5927\u9152\u5e97", "order_time": ["2019-01-19 08:22:01", "2019-01-19 08:29:59", "2019-01-19 08:24:03"], "total_order": 3, "hotel_value": ["4.6", "4.6", "4.6"], "hotel_price": ["1079", "1079", "1079"]}, "8577364": {"hotel_name": "\u65e9\u5b89\u5927\u6811\u9152\u5e97(\u4e09\u4e9a\u7f8e\u4e3d\u4e4b\u51a0\u5e97)(\u539f\u4e09\u4e9a\u65e9\u5b89\u6591\u514b\u9152\u5e97\u5927\u6811\u516c\u9986\u5e97)", "order_time": ["2019-01-19 08:22:03"], "total_order": 1, "hotel_value": ["4.5"], "hotel_price": ["191"]}, "455490": {"hotel_name": "\u4e09\u4e9a\u4e9a\u9f99\u6e7e\u77f3\u6eaa\u5885\u5efa\u56fd\u5ea6\u5047\u9152\u5e97", "order_time": ["2019-01-19 08:22:03"], "total_order": 1, "hotel_value": ["4.6"], "hotel_price": ["478"]}, "11444334": {"hotel_name": "\u4e09\u4e9a\u4e9a\u9f99\u6e7e\u5e0c\u60a6\u7cbe\u54c1\u522b\u5885\u9152\u5e97", "order_time": ["2019-01-19 08:22:04"], "total_order": 1, "hotel_value": ["4.6"], "hotel_price": ["393"]}, "3041884": {"hotel_name": "\u4e09\u4e9a\u4e3d\u79be\u6e29\u5fb7\u59c6\u9152\u5e97", "order_time": ["2019-01-19 08:22:05"], "total_order": 1, "hotel_value": ["4.8"], "hotel_price": ["800"]}, "347462": {"hotel_name": "\u4e09\u4e9a\u6d77\u68e0\u6e7e9\u53f7\u5ea6\u5047\u9152\u5e97", "order_time": ["2019-01-19 08:22:05"], "total_order": 1, "hotel_value": ["4.7"], "hotel_price": ["719"]}, "436675": {"hotel_name": "\u4e09\u4e9a\u5927\u4e1c\u6d77\u541b\u4ead\u9152\u5e97", "order_time": ["2019-01-19 08:22:05"], "total_order": 1, "hotel_value": ["4.8"], "hotel_price": ["333"]}, "5729359": {"hotel_name": "\u4e09\u4e9a\u6d77\u8c5a\u6e7e\u7cbe\u54c1\u5ba2\u6808", "order_time": ["2019-01-19 08:22:12"], "total_order": 1, "hotel_value": ["4.9"], "hotel_price": ["211"]}, "5234726": {"hotel_name": "\u4e09\u4e9a\u4e1c\u6e2f\u6d77\u666f\u4e3b\u9898\u9152\u5e97(\u56fd\u9645\u8d2d\u7269\u4e2d\u5fc3\u5e97)(\u539f\u4e1c\u6e2f\u4e3b\u9898\u9152\u5e97)", "order_time": ["2019-01-19 08:24:01"], "total_order": 1, "hotel_value": ["4.3"], "hotel_price": ["131"]}, "1410547": {"hotel_name": "\u4e09\u4e9a18\u5ea6\u6d77\u5cb8\u65c5\u9986", "order_time": ["2019-01-19 08:24:01"], "total_order": 1, "hotel_value": ["4.2"], "hotel_price": ["139"]}, "1486685": {"hotel_name": "\u4e09\u4e9a\u51e4\u51f0\u5c9b\u5ea6\u5047\u9152\u5e97", "order_time": ["2019-01-19 08:44:04", "2019-01-19 08:28:09", "2019-01-19 08:24:02"], "total_order": 3, "hotel_value": ["4.7", "4.7", "4.7"], "hotel_price": ["1108", "1108", "1108"]}, "345553": {"hotel_name": "\u4e09\u4e9a\u4e9a\u9f99\u6e7e\u7ea2\u6811\u6797\u5ea6\u5047\u9152\u5e97", "order_time": ["2019-01-19 08:24:03"], "total_order": 1, "hotel_value": ["4.7"], "hotel_price": ["988"]}, "1601597": {"hotel_name": "\u4e09\u4e9a\u592a\u9633\u6e7e\u67cf\u60a6\u9152\u5e97", "order_time": ["2019-01-19 08:24:05", "2019-01-19 09:13:59", "2019-01-19 08:26:01"], "total_order": 3, "hotel_value": ["4.8", "4.8", "4.8"], "hotel_price": ["2289", "2289", "2289"]}, "428289": {"hotel_name": "\u5982\u5bb6\u5feb\u6377\u9152\u5e97(\u4e09\u4e9a\u89e3\u653e\u8def\u65b0\u98ce\u8857\u4e09\u4e9a\u6e7e\u5e97)", "order_time": ["2019-01-19 08:24:08"], "total_order": 1, "hotel_value": ["4.3"], "hotel_price": ["197"]}, "2021754": {"hotel_name": "\u4e09\u4e9a\u4fdd\u5229\u5929\u827a\u51e4\u51f0\u9152\u5e97", "order_time": ["2019-01-19 08:24:08"], "total_order": 1, "hotel_value": ["4.4"], "hotel_price": ["322"]}, "1723380": {"hotel_name": "\u4e09\u4e9a\u65f6\u5149\u4ed3\u6000\u65e7\u827a\u672f\u5ba2\u6808", "order_time": ["2019-01-19 08:24:09"], "total_order": 1, "hotel_value": ["4.6"], "hotel_price": ["190"]}, "3035404": {"hotel_name": "\u4e09\u4e9a\u6e7e\u94f6\u82d1\u4e34\u6d77\u4e3b\u9898\u9152\u5e97", "order_time": ["2019-01-19 08:24:10"], "total_order": 1, "hotel_value": ["4.1"], "hotel_price": ["240"]}, "16028847": {"hotel_name": "\u4e09\u4e9a\u5343\u53e4\u60c5\u5ba2\u6808", "order_time": ["2019-01-19 08:31:59", "2019-01-19 08:24:15"], "total_order": 2, "hotel_value": ["4.7", "4.7"], "hotel_price": ["468", "468"]}, "7364268": {"hotel_name": "\u4e09\u4e9a\u946b\u6d77\u6d0b\u5ea6\u5047\u6d77\u666f\u516c\u5bd3", "order_time": ["2019-01-19 08:24:18"], "total_order": 1, "hotel_value": [0], "hotel_price": ["228"]}, "993928": {"hotel_name": "\u5982\u5bb6\u5feb\u6377\u9152\u5e97(\u4e09\u4e9a\u5927\u4e1c\u6d77\u6e38\u5ba2\u4e2d\u5fc3\u5e97)", "order_time": ["2019-01-19 08:25:56"], "total_order": 1, "hotel_value": ["4.3"], "hotel_price": ["158"]}, "7864205": {"hotel_name": "\u65f6\u4ee3\u5927\u6811\u5ea6\u5047\u9152\u5e97(\u4e09\u4e9a\u7f8e\u4e3d\u4e4b\u51a0\u5e97)(\u539f\u7f8e\u4e3d\u4e4b\u51a0\u5927\u6811\u5ea6\u5047\u9152\u5e97)", "order_time": ["2019-01-19 08:26:01"], "total_order": 1, "hotel_value": ["4.6"], "hotel_price": ["230"]}, "1874773": {"hotel_name": "\u4e09\u4e9a\u6d77\u68e0\u6e7e\u798f\u6e7e\u5ea6\u5047\u516c\u5bd3(\u539f\u6d77\u68e0\u798f\u6e7e\u9ad8\u7ea7\u6d77\u666f\u516c\u5bd3)", "order_time": ["2019-01-19 08:26:01"], "total_order": 1, "hotel_value": ["4.8"], "hotel_price": ["429"]}, "9789923": {"hotel_name": "\u4e09\u4e9a\u5eb7\u5e74\u9152\u5e97", "order_time": ["2019-01-19 08:26:03", "2019-01-19 08:44:04", "2019-01-19 08:40:09"], "total_order": 3, "hotel_value": ["4.7", "4.7", "4.7"], "hotel_price": ["1638", "1638", "1638"]}, "1284874": {"hotel_name": "\u4e09\u4e9a\u9999\u683c\u91cc\u62c9\u5ea6\u5047\u9152\u5e97", "order_time": ["2019-01-19 08:26:03"], "total_order": 1, "hotel_value": ["4.6"], "hotel_price": ["1866"]}, "4371952": {"hotel_name": "\u4e09\u4e9a\u534e\u5b87\u4e9a\u9f99\u6e7e\u8fce\u5bbe\u9986", "order_time": ["2019-01-19 08:26:03"], "total_order": 1, "hotel_value": ["4.7"], "hotel_price": ["909"]}, "25219265": {"hotel_name": "\u4e09\u4e9a\u7f18\u6765\u58f9\u5bb6\u5ba2\u6808", "order_time": ["2019-01-19 08:28:05", "2019-01-19 08:26:05"], "total_order": 2, "hotel_value": ["4.8", "4.8"], "hotel_price": ["164", "164"]}, "21430217": {"hotel_name": "\u4e09\u4e9a\u4f34\u5c71\u4f34\u5c9b\u9152\u5e97", "order_time": ["2019-01-19 08:26:20"], "total_order": 1, "hotel_value": [0], "hotel_price": ["156"]}, "6865019": {"hotel_name": "\u4e09\u4e9a\u57ce\u5e02\u4e03\u661f\u65c5\u79df", "order_time": ["2019-01-19 08:26:20"], "total_order": 1, "hotel_value": ["4.8"], "hotel_price": ["105"]}, "1355644": {"hotel_name": "\u4e09\u4e9a\u7267\u9a6c\u4eba\u5546\u52a1\u9152\u5e97", "order_time": ["2019-01-19 08:26:20"], "total_order": 1, "hotel_value": ["4.1"], "hotel_price": ["139"]}, "4332410": {"hotel_name": "\u4e09\u4e9a\u5a01\u9f99\u5bbe\u9986", "order_time": ["2019-01-19 08:26:20"], "total_order": 1, "hotel_value": [0], "hotel_price": ["169"]}, "1722537": {"hotel_name": "\u4e09\u4e9a\u89c2\u6765\u5546\u52a1\u9152\u5e97", "order_time": ["2019-01-19 08:26:20"], "total_order": 1, "hotel_value": ["4.2"], "hotel_price": ["145"]}, "1513355": {"hotel_name": "\u4e09\u4e9a\u5d16\u4f18\u65c5\u79df(\u539f\u7ea2\u8f89\u4f4f\u5bbf)", "order_time": ["2019-01-19 08:26:20"], "total_order": 1, "hotel_value": [0], "hotel_price": ["68"]}, "1964967": {"hotel_name": "\u4f73\u6377\u8fde\u9501\u9152\u5e97(\u4e09\u4e9a\u51e4\u51f0\u5c9b\u5e97)", "order_time": ["2019-01-19 08:56:10", "2019-01-19 08:28:04"], "total_order": 2, "hotel_value": ["4.4", "4.4"], "hotel_price": ["123", "123"]}, "2216767": {"hotel_name": "\u7ef4\u4e5f\u7eb3\u9152\u5e97(\u4e09\u4e9a\u6e7e\u5e97)", "order_time": ["2019-01-19 08:28:06"], "total_order": 1, "hotel_value": ["4.8"], "hotel_price": ["398"]}, "471663": {"hotel_name": "\u4e09\u4e9a\u5206\u754c\u6d32\u5c9b\u6d77\u9493\u4f1a\u6240", "order_time": ["2019-01-19 08:28:09"], "total_order": 1, "hotel_value": ["4.5"], "hotel_price": ["736"]}, "481441": {"hotel_name": "\u4e09\u4e9a\u6e7e\u667a\u9009\u5047\u65e5\u9152\u5e97", "order_time": ["2019-01-19 08:28:11"], "total_order": 1, "hotel_value": ["4.3"], "hotel_price": ["268"]}, "2701655": {"hotel_name": "\u4e09\u4e9a\u6162\u8282\u594f\u6d77\u666f\u7cbe\u54c1\u5ba2\u6808", "order_time": ["2019-01-19 08:28:12"], "total_order": 1, "hotel_value": ["4.7"], "hotel_price": ["113"]}, "26483436": {"hotel_name": "\u4e09\u4e9a\u4e0e\u9e7f\u9752\u5e74\u65c5\u820d", "order_time": ["2019-01-19 08:28:15"], "total_order": 1, "hotel_value": ["4.9"], "hotel_price": ["42"]}, "854467": {"hotel_name": "\u4e09\u4e9a\u67d2\u73a5\u6d77\u8bed\u6d77\u666f\u4e3b\u9898\u9152\u5e97", "order_time": ["2019-01-19 08:40:03", "2019-01-19 08:28:20"], "total_order": 2, "hotel_value": ["4.6", "4.6"], "hotel_price": ["97", "97"]}, "1342310": {"hotel_name": "\u4e09\u4e9a\u610f\u5bb6\u4e3b\u9898\u516c\u5bd3", "order_time": ["2019-01-19 08:28:22"], "total_order": 1, "hotel_value": ["4.1"], "hotel_price": ["91"]}, "470577": {"hotel_name": "\u4e09\u4e9a\u5357\u5c71\u4f11\u95f2\u4f1a\u9986\u7985\u4fee\u4e3b\u9898", "order_time": ["2019-01-19 08:29:57"], "total_order": 1, "hotel_value": ["4.5"], "hotel_price": ["688"]}, "15249049": {"hotel_name": "\u7f8e\u4e3d\u4e4b\u51a0\u5927\u6811\u7687\u51a0\u5047\u65e5\u9152\u5e97", "order_time": ["2019-01-19 08:29:59"], "total_order": 1, "hotel_value": ["4.4"], "hotel_price": ["222"]}, "707593": {"hotel_name": "\u4e09\u4e9a\u51e4\u51f0\u5c9b\u6d77\u6d0b\u4e4b\u661f\u5ea6\u5047\u9152\u5e97", "order_time": ["2019-01-19 08:46:03", "2019-01-19 08:30:04"], "total_order": 2, "hotel_value": ["4.7", "4.7"], "hotel_price": ["471", "471"]}, "384973": {"hotel_name": "\u4e09\u4e9a\u6d77\u68e0\u6e7e\u5f00\u7ef4\u4e07\u8fbe\u6587\u534e\u5ea6\u5047\u9152\u5e97", "order_time": ["2019-01-19 08:32:01"], "total_order": 1, "hotel_value": ["4.5"], "hotel_price": ["648"]}, "17325404": {"hotel_name": "\u4e09\u4e9a\u6d1b\u514b\u94c2\u91d1\u6d77\u666f\u9152\u5e97", "order_time": ["2019-01-19 08:32:01"], "total_order": 1, "hotel_value": ["4.4"], "hotel_price": ["479"]}, "346664": {"hotel_name": "\u4e09\u4e9a\u541b\u7136\u6e29\u6cc9\u5ea6\u5047\u9152\u5e97", "order_time": ["2019-01-19 08:32:03"], "total_order": 1, "hotel_value": ["4.5"], "hotel_price": ["253"]}, "345088": {"hotel_name": "\u4e09\u4e9a\u5929\u6cfd\u6d77\u97f5\u5ea6\u5047\u9152\u5e97", "order_time": ["2019-01-19 08:33:57"], "total_order": 1, "hotel_value": ["4.4"], "hotel_price": ["398"]}, "9152102": {"hotel_name": "\u4e09\u4e9a\u6d77\u68e0\u6e7e\u5982\u4f73\u5bbe\u9986\u8fde\u9501\u5e97", "order_time": ["2019-01-19 08:37:56"], "total_order": 1, "hotel_value": ["4.4"], "hotel_price": ["115"]}, "5247024": {"hotel_name": "\u4e09\u4e9a\u90a3\u4e00\u5e74\u521d\u89c1\u7cbe\u54c1\u5ba2\u6808", "order_time": ["2019-01-19 08:37:56"], "total_order": 1, "hotel_value": ["4.6"], "hotel_price": ["168"]}, "2878026": {"hotel_name": "\u60a6\u65af\u5ea6\u5047\u516c\u5bd3(\u4e09\u4e9a\u4e07\u79d1\u6e56\u7554\u5e97)(\u539f\u4e07\u79d1\u6e56\u7554\u81ea\u52a9\u516c\u5bd3)", "order_time": ["2019-01-19 08:37:56"], "total_order": 1, "hotel_value": ["4.6"], "hotel_price": ["393"]}, "371696": {"hotel_name": "\u4e09\u4e9a\u590f\u5a01\u5937\u5927\u9152\u5e97", "order_time": ["2019-01-19 08:37:58"], "total_order": 1, "hotel_value": ["4.4"], "hotel_price": ["280"]}, "5398745": {"hotel_name": "\u4e09\u4e9a\u897f\u85cf\u5927\u53a6\u5f00\u5143\u540d\u90fd\u9152\u5e97", "order_time": ["2019-01-19 08:37:58"], "total_order": 1, "hotel_value": ["4.7"], "hotel_price": ["408"]}, "1722374": {"hotel_name": "\u4e09\u4e9a\u7ef4\u7eb3\u65af\u82b1\u56ed\u5ea6\u5047\u9152\u5e97", "order_time": ["2019-01-19 08:37:58"], "total_order": 1, "hotel_value": ["4.8"], "hotel_price": ["300"]}, "10821256": {"hotel_name": "\u4e09\u4e9a\u9752\u79be\u53f6\u82b1\u56ed\u522b\u5885", "order_time": ["2019-01-19 08:58:11", "2019-01-19 08:38:00"], "total_order": 2, "hotel_value": ["4.8", "4.8"], "hotel_price": ["202", "202"]}, "1720697": {"hotel_name": "\u4e09\u4e9a\u65b0\u5b87\u9152\u5e97", "order_time": ["2019-01-19 08:38:01"], "total_order": 1, "hotel_value": ["4.3"], "hotel_price": ["156"]}, "1470056": {"hotel_name": "Q\u52a0\u00b7\u4e09\u4e9a\u8fd9\u7247\u6d77\u5ea6\u5047\u6d77\u666f\u5ba2\u6808", "order_time": ["2019-01-19 08:38:01"], "total_order": 1, "hotel_value": ["4.6"], "hotel_price": ["177"]}, "2091425": {"hotel_name": "\u4e09\u4e9a\u7965\u548c\u9152\u5e97", "order_time": ["2019-01-19 08:38:05"], "total_order": 1, "hotel_value": ["4.5"], "hotel_price": ["175"]}, "6562139": {"hotel_name": "\u4e09\u4e9a\u552f\u66a7\u7cbe\u54c1\u4e3b\u9898\u9152\u5e97", "order_time": ["2019-01-19 08:38:05"], "total_order": 1, "hotel_value": ["4.8"], "hotel_price": ["153"]}, "10898472": {"hotel_name": "\u4e09\u4e9a\u9605\u5fb7\u6069\u5ba2\u6808", "order_time": ["2019-01-19 08:38:05"], "total_order": 1, "hotel_value": ["4.9"], "hotel_price": ["125"]}, "6042438": {"hotel_name": "\u4e09\u4e9a\u6d77\u4e2b\u6545\u4e8b\u6c11\u4fd7\u6587\u5316\u4e3b\u9898\u5ba2\u6808(\u539f\u6d77\u5357\u6545\u4e8b\u4e3b\u9898\u5ba2\u6808)", "order_time": ["2019-01-19 08:38:05"], "total_order": 1, "hotel_value": ["4.7"], "hotel_price": ["137"]}, "375179": {"hotel_name": "\u4e09\u4e9a\u6e7e\u7ea2\u6811\u6797\u5ea6\u5047\u4e16\u754c(\u6728\u68c9\u9152\u5e97)", "order_time": ["2019-01-19 08:48:05", "2019-01-19 08:38:06"], "total_order": 2, "hotel_value": ["4.6", "4.6"], "hotel_price": ["802", "802"]}, "1458154": {"hotel_name": "\u4e09\u4e9a\u8f6c\u89d2\u9047\u5230\u6d77\u4e3b\u9898\u5ba2\u6808", "order_time": ["2019-01-19 08:38:07"], "total_order": 1, "hotel_value": ["4.4"], "hotel_price": ["96"]}, "6484684": {"hotel_name": "\u4e09\u4e9a\u4e07\u5ef7\u4e3b\u9898\u9152\u5e97", "order_time": ["2019-01-19 08:38:11"], "total_order": 1, "hotel_value": ["4.7"], "hotel_price": ["183"]}, "2785414": {"hotel_name": "\u5168\u5b63\u9152\u5e97(\u4e09\u4e9a\u5927\u4e1c\u6d77\u5e97)", "order_time": ["2019-01-19 08:38:11"], "total_order": 1, "hotel_value": ["4.5"], "hotel_price": ["322"]}, "15812110": {"hotel_name": "\u4e09\u4e9a\u7ea2\u5858\u6e7e\u5efa\u56fd\u5ea6\u5047\u9152\u5e97", "order_time": ["2019-01-19 08:40:03"], "total_order": 1, "hotel_value": ["4.7"], "hotel_price": ["388"]}, "429615": {"hotel_name": "\u4e09\u4e9a\u4e9a\u9f99\u6e7e\u541b\u6f9c\u5ea6\u5047\u9152\u5e97(\u539f\u5047\u65e5\u5ea6\u5047\u9152\u5e97)", "order_time": ["2019-01-19 08:40:03", "2019-01-19 08:52:09"], "total_order": 2, "hotel_value": ["4.5", "4.5"], "hotel_price": ["663", "663"]}, "14999032": {"hotel_name": "\u4e09\u4e9a\u4e9a\u9f99\u6e7e\u6d6e\u751f\u82e5\u5bbf\u8bbe\u8ba1\u6c11\u5bbf", "order_time": ["2019-01-19 08:40:04"], "total_order": 1, "hotel_value": ["4.9"], "hotel_price": ["457"]}, "1061478": {"hotel_name": "\u4e45\u6816\u00b7\u4e09\u4e9aiHome\u6d77\u666f\u5ea6\u5047\u516c\u5bd3", "order_time": ["2019-01-19 08:40:06"], "total_order": 1, "hotel_value": ["4.7"], "hotel_price": ["398"]}, "763575": {"hotel_name": "\u4e09\u4e9a\u6728\u5361\u59c6\u7cbe\u54c1\u9152\u5e97", "order_time": ["2019-01-19 08:40:07"], "total_order": 1, "hotel_value": ["4.4"], "hotel_price": ["128"]}, "514355": {"hotel_name": "\u4e09\u4e9a\u65c5\u5de2\u6d77\u666f\u5ea6\u5047\u516c\u5bd3", "order_time": ["2019-01-19 08:40:08"], "total_order": 1, "hotel_value": ["4.7"], "hotel_price": ["260"]}, "1185042": {"hotel_name": "\u4e09\u4e9a\u6e7e\u7ea2\u6811\u6797\u5ea6\u5047\u4e16\u754c(\u83e9\u63d0\u9152\u5e97)", "order_time": ["2019-01-19 08:40:09"], "total_order": 1, "hotel_value": ["4.7"], "hotel_price": ["786"]}, "25804375": {"hotel_name": "\u4e09\u4e9a\u6e90\u5bbf\u5c0f\u9662", "order_time": ["2019-01-19 08:40:12"], "total_order": 1, "hotel_value": ["4.9"], "hotel_price": ["153"]}, "6020310": {"hotel_name": "\u4e09\u4e9a\u6606\u6cf0\u9152\u5e97", "order_time": ["2019-01-19 08:40:22"], "total_order": 1, "hotel_value": ["4.8"], "hotel_price": ["341"]}, "684215": {"hotel_name": "\u4e09\u4e9a\u6d77\u68e0\u6e7e\u5929\u623f\u6d32\u9645\u5ea6\u5047\u9152\u5e97", "order_time": ["2019-01-19 09:14:08", "2019-01-19 08:42:04"], "total_order": 2, "hotel_value": ["4.7", "4.7"], "hotel_price": ["18773", "18773"]}, "1716674": {"hotel_name": "\u4e09\u4e9a\u946b\u798f\u5feb\u6377\u9152\u5e97", "order_time": ["2019-01-19 08:42:24"], "total_order": 1, "hotel_value": ["4.7"], "hotel_price": ["95"]}, "427279": {"hotel_name": "\u4e09\u4e9a\u5357\u5c71\u8fce\u5bbe\u9986", "order_time": ["2019-01-19 08:45:59", "2019-01-19 08:44:00"], "total_order": 2, "hotel_value": ["4.6", "4.6"], "hotel_price": ["779", "779"]}, "7073052": {"hotel_name": "\u4e09\u4e9a\u514b\u62c9\u5c14\u9633\u5149\u6d77\u666f\u516c\u5bd3", "order_time": ["2019-01-19 08:44:01"], "total_order": 1, "hotel_value": ["4.8"], "hotel_price": ["184"]}, "6446036": {"hotel_name": "\u4e09\u4e9a\u51e4\u51f0\u673a\u573a\u9152\u5e97", "order_time": ["2019-01-19 08:44:06"], "total_order": 1, "hotel_value": ["4.5"], "hotel_price": ["406"]}, "662588": {"hotel_name": "\u4e09\u4e9a\u51e4\u51f0\u5c9b\u91d1\u5e06\u8239\u56fd\u9645\u5ea6\u5047\u516c\u5bd3", "order_time": ["2019-01-19 08:44:06"], "total_order": 1, "hotel_value": ["4.4"], "hotel_price": ["448"]}, "512827": {"hotel_name": "\u4e09\u4e9a\u6c38\u8302\u5927\u9152\u5e97", "order_time": ["2019-01-19 08:44:10"], "total_order": 1, "hotel_value": ["4.2"], "hotel_price": ["278"]}, "8577342": {"hotel_name": "\u4e09\u4e9a\u6d77\u5706\u68a6\u6d77\u666f\u5ba2\u6808", "order_time": ["2019-01-19 08:46:03"], "total_order": 1, "hotel_value": ["4.8"], "hotel_price": ["128"]}, "6560276": {"hotel_name": "\u4e09\u4e9a\u51ef\u745e\u83b1\u6d77\u666f\u5ea6\u5047\u9152\u5e97", "order_time": ["2019-01-19 08:46:03"], "total_order": 1, "hotel_value": ["4.2"], "hotel_price": ["312"]}, "346766": {"hotel_name": "\u4e09\u4e9a\u4e9a\u9f99\u6e7e\u51ef\u83b1\u4ed9\u4eba\u638c\u5ea6\u5047\u9152\u5e97", "order_time": ["2019-01-19 08:46:03", "2019-01-19 08:54:03"], "total_order": 2, "hotel_value": ["4.6", "4.6"], "hotel_price": ["394", "394"]}, "12104544": {"hotel_name": "\u60a6\u746d\u00b7\u4e09\u4e9a\u6d77\u7cbe\u9009\u9152\u5e97", "order_time": ["2019-01-19 08:46:04"], "total_order": 1, "hotel_value": ["4.8"], "hotel_price": ["222"]}, "24609830": {"hotel_name": "\u4e09\u4e9a\u6d77\u68e0\u6e7e\u5c0f\u68e0\u522b\u9662\u827a\u672f\u6c11\u5bbf", "order_time": ["2019-01-19 08:46:05"], "total_order": 1, "hotel_value": ["4.8"], "hotel_price": ["321"]}, "983678": {"hotel_name": "\u6c49\u5ead\u9152\u5e97(\u4e09\u4e9a\u4e09\u4e9a\u6e7e\u5e97)(\u539f\u5409\u7965\u8857\u5e97)", "order_time": ["2019-01-19 08:46:06"], "total_order": 1, "hotel_value": ["4.1"], "hotel_price": ["149"]}, "1480106": {"hotel_name": "\u4e09\u4e9a\u91d1\u8354\u6e7e\u9152\u5e97", "order_time": ["2019-01-19 08:46:08"], "total_order": 1, "hotel_value": ["4.0"], "hotel_price": ["113"]}, "345522": {"hotel_name": "\u4e09\u4e9a\u5929\u57df\u5ea6\u5047\u9152\u5e97", "order_time": ["2019-01-19 09:06:30", "2019-01-19 08:46:30"], "total_order": 2, "hotel_value": ["4.8", "4.8"], "hotel_price": ["1399", "1399"]}, "1486657": {"hotel_name": "\u4e09\u4e9a\u661f\u60a6\u5ea6\u5047\u9152\u5e97", "order_time": ["2019-01-19 08:47:59"], "total_order": 1, "hotel_value": ["4.3"], "hotel_price": ["125"]}, "1648269": {"hotel_name": "\u4e09\u4e9a\u5fc6\u4e61\u4eba\u5c71\u5885\u5ba2\u6808", "order_time": ["2019-01-19 08:48:01"], "total_order": 1, "hotel_value": ["4.6"], "hotel_price": ["135"]}, "3002283": {"hotel_name": "\u4e09\u4e9a\u60a6\u5ba2\u6808\u4e3b\u9898\u9152\u5e97", "order_time": ["2019-01-19 08:48:01"], "total_order": 1, "hotel_value": ["4.5"], "hotel_price": ["119"]}, "1137078": {"hotel_name": "\u6d77\u5357\u6e05\u6c34\u6e7e\u5047\u65e5\u5ea6\u5047\u9152\u5e97", "order_time": ["2019-01-19 08:48:03"], "total_order": 1, "hotel_value": ["4.7"], "hotel_price": ["475"]}, "4033951": {"hotel_name": "\u4e09\u4e9a\u51e4\u51f0\u5c9b\u6d77\u6d0b\u4e4b\u68a6\u5ea6\u5047\u9152\u5e97", "order_time": ["2019-01-19 08:48:04"], "total_order": 1, "hotel_value": ["4.7"], "hotel_price": ["529"]}, "345095": {"hotel_name": "\u4e09\u4e9a\u9ece\u5ba2\u56fd\u9645\u9152\u5e97", "order_time": ["2019-01-19 09:00:04", "2019-01-19 08:50:02"], "total_order": 2, "hotel_value": ["4.4", "4.4"], "hotel_price": ["369", "369"]}, "454362": {"hotel_name": "\u4e09\u4e9a\u4ebf\u6e90\u8f69\u5b87\u5927\u9152\u5e97", "order_time": ["2019-01-19 08:50:03"], "total_order": 1, "hotel_value": ["4.6"], "hotel_price": ["423"]}, "1251671": {"hotel_name": "\u9526\u6c5f\u4e4b\u661f(\u4e09\u4e9a\u6cb3\u897f\u8def\u6b65\u884c\u6865\u6cb3\u666f\u5e97)", "order_time": ["2019-01-19 08:50:06"], "total_order": 1, "hotel_value": ["4.5"], "hotel_price": ["159"]}, "26622150": {"hotel_name": "\u4e09\u4e9a\u81ea\u7531\u81ea\u5728\u6d77\u666f\u516c\u5bd3", "order_time": ["2019-01-19 08:54:05"], "total_order": 1, "hotel_value": ["5.0"], "hotel_price": ["206"]}, "741295": {"hotel_name": "\u4e09\u4e9a\u8fdc\u8fd1\u6d77\u666f\u9152\u5e97", "order_time": ["2019-01-19 08:54:07"], "total_order": 1, "hotel_value": ["4.6"], "hotel_price": ["113"]}, "16011199": {"hotel_name": "\u4e09\u4e9a\u900d\u9065\u6d77\u5ea6\u5047\u516c\u5bd3", "order_time": ["2019-01-19 08:54:17"], "total_order": 1, "hotel_value": ["4.5"], "hotel_price": ["181"]}, "1651443": {"hotel_name": "\u5c1a\u5ba2\u4f18\u5feb\u6377\u9152\u5e97(\u4e09\u4e9a\u6e7e\u5e97)", "order_time": ["2019-01-19 08:56:12"], "total_order": 1, "hotel_value": ["3.9"], "hotel_price": ["109"]}, "13975638": {"hotel_name": "\u4e09\u4e9a\u9b45\u84dd\u4e4b\u591c\u4e3b\u9898\u9152\u5e97", "order_time": ["2019-01-19 08:58:00"], "total_order": 1, "hotel_value": ["4.8"], "hotel_price": ["126"]}, "473306": {"hotel_name": "\u4e09\u4e9a\u9e3f\u82b3\u4e2d\u6d0b\u6d77\u666f\u9152\u5e97", "order_time": ["2019-01-19 08:58:03"], "total_order": 1, "hotel_value": ["4.3"], "hotel_price": ["179"]}, "1434723": {"hotel_name": "\u4e09\u4e9a\u667a\u53cb\u4e3b\u9898\u5bbe\u9986", "order_time": ["2019-01-19 09:02:03"], "total_order": 1, "hotel_value": ["4.7"], "hotel_price": ["108"]}, "435983": {"hotel_name": "\u4e09\u4e9a\u4e9a\u9f99\u6e7e\u4eba\u95f4\u5929\u5802-\u9e1f\u5de2\u5ea6\u5047\u6751", "order_time": ["2019-01-19 09:02:03"], "total_order": 1, "hotel_value": ["4.6"], "hotel_price": ["1370"]}, "8589084": {"hotel_name": "\u4e09\u4e9a\u51e4\u51f0\u7f8e\u4e3d\u5927\u9152\u5e97", "order_time": ["2019-01-19 09:02:06"], "total_order": 1, "hotel_value": ["4.8"], "hotel_price": ["184"]}, "6503543": {"hotel_name": "\u4e09\u4e9a\u6c5f\u5357\u767e\u60a6\u5546\u52a1\u5927\u9152\u5e97", "order_time": ["2019-01-19 09:02:08"], "total_order": 1, "hotel_value": ["4.2"], "hotel_price": ["227"]}, "437589": {"hotel_name": "\u4e09\u4e9a\u6797\u8fbe\u6d77\u666f\u9152\u5e97", "order_time": ["2019-01-19 09:03:59"], "total_order": 1, "hotel_value": ["4.5"], "hotel_price": ["263"]}, "902130": {"hotel_name": "\u4e09\u4e9a\u6da6\u5b89\u5047\u65e5\u6d77\u666f\u5ea6\u5047\u516c\u5bd3", "order_time": ["2019-01-19 09:04:01"], "total_order": 1, "hotel_value": ["4.6"], "hotel_price": ["292"]}, "1379655": {"hotel_name": "\u4e09\u4e9a\u6d6a\u6f2b\u6d77\u666f\u516c\u5bd3", "order_time": ["2019-01-19 09:04:02"], "total_order": 1, "hotel_value": ["4.8"], "hotel_price": ["272"]}, "431932": {"hotel_name": "\u4e09\u4e9a\u94f6\u97f5\u6d77\u666f\u5ea6\u5047\u9152\u5e97", "order_time": ["2019-01-19 09:04:09"], "total_order": 1, "hotel_value": ["4.7"], "hotel_price": ["200"]}, "15330406": {"hotel_name": "7\u5929\u9152\u5e97(\u4e09\u4e9a\u4e9a\u9f99\u6e7e\u666f\u533a\u5e97)", "order_time": ["2019-01-19 09:06:09"], "total_order": 1, "hotel_value": ["4.5"], "hotel_price": ["144"]}, "2201212": {"hotel_name": "\u4e09\u4e9a1119\u5ea6\u5047\u751f\u6d3b\u522b\u9986", "order_time": ["2019-01-19 09:06:11"], "total_order": 1, "hotel_value": ["4.9"], "hotel_price": ["263"]}, "11015845": {"hotel_name": "\u4e09\u4e9a\u4e9a\u9f99\u6e7e\u53f3\u5cb8\u7cbe\u54c1\u6d0b\u623f\u522b\u5885", "order_time": ["2019-01-19 09:06:16"], "total_order": 1, "hotel_value": ["4.8"], "hotel_price": ["3293"]}, "2893419": {"hotel_name": "\u6021\u83b1\u9152\u5e97(\u4e09\u4e9a\u89e3\u653e\u8def\u6b65\u884c\u8857\u5e97)(\u539f\u7b2c\u4e00\u5e02\u573a\u5e97)", "order_time": ["2019-01-19 09:08:00"], "total_order": 1, "hotel_value": ["3.9"], "hotel_price": ["125"]}, "17338444": {"hotel_name": "\u4e09\u4e9a\u6d77\u97f5\u65b9\u821f\u6d77\u666f\u5ea6\u5047\u516c\u5bd3", "order_time": ["2019-01-19 09:08:07"], "total_order": 1, "hotel_value": ["4.9"], "hotel_price": ["350"]}, "6504155": {"hotel_name": "\u4e09\u4e9a\u552f\u66fc\u6735\u6d77\u666f\u5957\u623f\u5ea6\u5047\u516c\u5bd3", "order_time": ["2019-01-19 09:14:00", "2019-01-19 09:08:08"], "total_order": 2, "hotel_value": ["4.8", "4.8"], "hotel_price": ["221", "221"]}, "28366169": {"hotel_name": "7\u5929\u4f18\u54c1\u9152\u5e97(\u4e09\u4e9a\u6e7e\u6d77\u6708\u5e7f\u573a\u6d77\u666f\u5e97)", "order_time": ["2019-01-19 09:08:09"], "total_order": 1, "hotel_value": ["4.3"], "hotel_price": ["169"]}, "470083": {"hotel_name": "\u6d77\u5357\u96c5\u5c45\u4e50\u83b1\u4f5b\u58eb\u9152\u5e97", "order_time": ["2019-01-19 09:08:15"], "total_order": 1, "hotel_value": ["4.8"], "hotel_price": ["1099"]}, "1571259": {"hotel_name": "\u4e09\u4e9a\u6d77\u9614\u5929\u7a7a\u9a7f\u7ad9", "order_time": ["2019-01-19 09:08:19"], "total_order": 1, "hotel_value": [0], "hotel_price": ["132"]}, "14996879": {"hotel_name": "\u4e09\u4e9a\u6d77\u68e0\u6e7e\u4ec1\u6052\u7687\u51a0\u5047\u65e5\u5ea6\u5047\u9152\u5e97", "order_time": ["2019-01-19 09:08:31"], "total_order": 1, "hotel_value": ["4.8"], "hotel_price": ["1880"]}, "5899496": {"hotel_name": "\u4e09\u4e9a\u9526\u9601\u5ea6\u5047\u516c\u5bd3", "order_time": ["2019-01-19 09:10:03"], "total_order": 1, "hotel_value": ["4.9"], "hotel_price": ["283"]}, "13328890": {"hotel_name": "\u5982\u5bb6\u7cbe\u9009\u9152\u5e97(\u4e09\u4e9a\u8c6a\u5a01\u9e92\u9e9f\u5e97)", "order_time": ["2019-01-19 09:10:04"], "total_order": 1, "hotel_value": ["4.6"], "hotel_price": ["279"]}, "345082": {"hotel_name": "\u4e09\u4e9a\u6587\u534e\u4e1c\u65b9\u9152\u5e97", "order_time": ["2019-01-19 09:10:05"], "total_order": 1, "hotel_value": ["4.7"], "hotel_price": ["1358"]}, "345074": {"hotel_name": "\u4e09\u4e9a\u4e9a\u9f99\u6e7e\u745e\u5409\u5ea6\u5047\u9152\u5e97", "order_time": ["2019-01-19 09:10:05"], "total_order": 1, "hotel_value": ["4.7"], "hotel_price": ["1699"]}, "3732039": {"hotel_name": "\u4e09\u4e9a\u6d77\u68e0\u6e7e\u6bd4\u90bbnear\u6930\u6797\u7f8e\u5bbf(\u539f\u6bd4\u90bb\u6cf3\u6c60\u5ea6\u5047\u7cbe\u54c1\u5ba2\u6808)", "order_time": ["2019-01-19 09:10:07"], "total_order": 1, "hotel_value": ["4.5"], "hotel_price": ["332"]}, "8600297": {"hotel_name": "\u4e09\u4e9a\u4e9a\u9f99\u6e7e\u6930\u98ce\u6d77\u5cb8\u82b1\u56ed\u6d0b\u623f", "order_time": ["2019-01-19 09:10:08"], "total_order": 1, "hotel_value": ["4.9"], "hotel_price": ["326"]}, "6106715": {"hotel_name": "\u4e09\u4e9a\u4e07\u9686\u6c47\u6d0b\u6d77\u666f\u9152\u5e97", "order_time": ["2019-01-19 09:10:09"], "total_order": 1, "hotel_value": ["4.7"], "hotel_price": ["259"]}, "1570339": {"hotel_name": "\u4e09\u4e9a\u548c\u6cd3\u517b\u751f\u5ea6\u5047\u9152\u5e97", "order_time": ["2019-01-19 09:10:11"], "total_order": 1, "hotel_value": ["4.6"], "hotel_price": ["280"]}, "1415812": {"hotel_name": "\u4e09\u4e9a\u4e00\u51e1\u98ce\u60c5\u5047\u65e5\u9152\u5e97", "order_time": ["2019-01-19 09:10:17"], "total_order": 1, "hotel_value": ["4.0"], "hotel_price": ["135"]}, "346770": {"hotel_name": "\u4e09\u4e9a\u5929\u901a\u5efa\u56fd\u9152\u5e97", "order_time": ["2019-01-19 09:10:17"], "total_order": 1, "hotel_value": ["4.5"], "hotel_price": ["480"]}, "15226809": {"hotel_name": "\u4e09\u4e9a\u9999\u6c34\u6e7e\u4e66\u9999\u6d77\u666f\u522b\u5885\u9152\u5e97", "order_time": ["2019-01-19 09:10:17"], "total_order": 1, "hotel_value": ["4.8"], "hotel_price": ["569"]}, "344912": {"hotel_name": "\u4e09\u4e9a\u6d77\u5929\u5927\u9152\u5e97", "order_time": ["2019-01-19 09:10:17"], "total_order": 1, "hotel_value": ["4.6"], "hotel_price": ["319"]}, "428335": {"hotel_name": "\u5982\u5bb6\u5feb\u6377\u9152\u5e97(\u4e09\u4e9a\u6986\u4e9a\u8def\u5927\u4e1c\u6d77\u5e97)", "order_time": ["2019-01-19 09:11:59"], "total_order": 1, "hotel_value": ["4.6"], "hotel_price": ["227"]}, "6460482": {"hotel_name": "\u4e09\u4e9a\u4e9a\u9f99\u6e7e\u751f\u547d\u6cc9\u7cbe\u54c1\u5ea6\u5047\u9152\u5e97", "order_time": ["2019-01-19 09:11:59"], "total_order": 1, "hotel_value": ["4.7"], "hotel_price": ["360"]}, "20617615": {"hotel_name": "\u5982\u4f73\u5feb\u6377\u5bbe\u9986(\u4e09\u4e9a\u6d77\u68e0\u6e7e\u5e97)", "order_time": ["2019-01-19 09:12:01"], "total_order": 1, "hotel_value": ["4.7"], "hotel_price": ["124"]}, "1444959": {"hotel_name": "\u4e09\u4e9a\u6e7e\u6d77\u91cc\u68a6\u91cc\u4e3b\u9898\u9152\u5e97", "order_time": ["2019-01-19 09:12:19"], "total_order": 1, "hotel_value": ["3.2"], "hotel_price": ["158"]}, "17338449": {"hotel_name": "\u4e09\u4e9a\u666f\u660e\u5047\u65e5\u65c5\u79df", "order_time": ["2019-01-19 09:13:59"], "total_order": 1, "hotel_value": ["4.6"], "hotel_price": ["110"]}, "1583257": {"hotel_name": "\u4e09\u4e9a\u559c\u798f\u65af\u9152\u5e97", "order_time": ["2019-01-19 09:13:59"], "total_order": 1, "hotel_value": ["4.0"], "hotel_price": ["145"]}, "740890": {"hotel_name": "\u4e09\u4e9a\u4e2d\u80dc\u5e78\u798f\u5ea6\u5047\u9152\u5e97", "order_time": ["2019-01-19 09:14:05"], "total_order": 1, "hotel_value": ["3.8"], "hotel_price": ["138"]}, "23880384": {"hotel_name": "\u4e09\u4e9a\u521d\u89c1\u806a\u54e5\u6d77\u666f\u516c\u5bd3", "order_time": ["2019-01-19 09:14:14"], "total_order": 1, "hotel_value": ["5.0"], "hotel_price": ["202"]}, "3068224": {"hotel_name": "\u4e09\u4e9a\u5927\u4e1c\u6d77HOME\u5957\u623f\u5ea6\u5047\u6d77\u666f\u5ba2\u6808", "order_time": ["2019-01-19 09:15:59"], "total_order": 1, "hotel_value": ["4.8"], "hotel_price": ["139"]}}}