{"\u5f00\u59cb\u8bb0\u5f55\u65f6\u95f4": "2019-01-13 09:53:49", "\u7ed3\u675f\u8bb0\u5f55\u65f6\u95f4": "2019-01-13 10:53:49", "\u8ba2\u5355\u603b\u589e\u91cf": 228, "item": {"346693": {"hotel_name": "\u4e09\u4e9a\u4e9a\u9f99\u6e7e\u534e\u5b87\u5ea6\u5047\u9152\u5e97", "order_time": ["2019-01-13 09:54:32"], "total_order": 1, "hotel_value": ["4.6"], "hotel_price": ["509"]}, "345522": {"hotel_name": "\u4e09\u4e9a\u5929\u57df\u5ea6\u5047\u9152\u5e97", "order_time": ["2019-01-13 09:54:32"], "total_order": 1, "hotel_value": ["4.8"], "hotel_price": ["799"]}, "486003": {"hotel_name": "\u4e09\u4e9a\u8708\u652f\u6d32\u5c9b\u73ca\u745a\u9152\u5e97", "order_time": ["2019-01-13 09:56:05", "2019-01-13 10:02:39"], "total_order": 2, "hotel_value": ["4.8", "4.8"], "hotel_price": ["749", "749"]}, "5729359": {"hotel_name": "\u4e09\u4e9a\u6d77\u8c5a\u6e7e\u7cbe\u54c1\u5ba2\u6808", "order_time": ["2019-01-13 09:56:12"], "total_order": 1, "hotel_value": ["4.9"], "hotel_price": ["182"]}, "428280": {"hotel_name": "\u5982\u5bb6\u5feb\u6377\u9152\u5e97(\u4e09\u4e9a\u89e3\u653e\u8def\u6b65\u884c\u8857\u6c7d\u8f66\u603b\u7ad9\u5e97)(\u539f\u89e3\u653e\u8def\u4e2d\u592e\u5927\u9053\u65c5\u6e38\u8857\u5e97)", "order_time": ["2019-01-13 09:56:14"], "total_order": 1, "hotel_value": ["4.4"], "hotel_price": ["154"]}, "396500": {"hotel_name": "\u4e09\u4e9a\u6e7e\u4ed9\u5c45\u5e9c\u6d77\u666f\u9152\u5e97", "order_time": ["2019-01-13 09:56:15"], "total_order": 1, "hotel_value": ["4.4"], "hotel_price": ["351"]}, "1254854": {"hotel_name": "\u4e09\u4e9aWWW\u6d77\u666f\u516c\u5bd3", "order_time": ["2019-01-13 09:56:15"], "total_order": 1, "hotel_value": ["4.8"], "hotel_price": ["137"]}, "437377": {"hotel_name": "\u4e09\u4e9a\u6d77\u68e0\u6e7e\u5fa1\u6d77\u68e0\u8c6a\u534e\u7cbe\u9009\u5ea6\u5047\u9152\u5e97", "order_time": ["2019-01-13 09:56:16"], "total_order": 1, "hotel_value": ["4.7"], "hotel_price": ["1400"]}, "372203": {"hotel_name": "\u4e09\u4e9a\u6d77\u68e0\u6e7e\u5eb7\u83b1\u5fb7\u9152\u5e97", "order_time": ["2019-01-13 09:56:17"], "total_order": 1, "hotel_value": ["4.6"], "hotel_price": ["1190"]}, "6315469": {"hotel_name": "\u4e09\u4e9a\u6765\u5566\u5230\u5566\u4e3b\u9898\u9152\u5e97", "order_time": ["2019-01-13 09:58:05"], "total_order": 1, "hotel_value": ["4.8"], "hotel_price": ["154"]}, "6588982": {"hotel_name": "\u4e09\u4e9a\u5c0a\u5ba2\u5ea6\u5047\u9152\u5e97", "order_time": ["2019-01-13 09:58:05"], "total_order": 1, "hotel_value": ["4.7"], "hotel_price": ["143"]}, "436690": {"hotel_name": "\u4e09\u4e9a\u8708\u652f\u6d32\u5c9b\u73ca\u745a\u9152\u5e97\u6728\u5c4b", "order_time": ["2019-01-13 09:58:13"], "total_order": 1, "hotel_value": ["4.6"], "hotel_price": ["813"]}, "986446": {"hotel_name": "\u4e09\u4e9a\u4e9a\u9f99\u6e7e\u5c71\u6e56\u6d77\u522b\u5885\u5ea6\u5047\u9152\u5e97", "order_time": ["2019-01-13 09:58:13"], "total_order": 1, "hotel_value": ["4.2"], "hotel_price": ["293"]}, "1484428": {"hotel_name": "\u4e09\u4e9a\u7965\u6668\u65c5\u9986", "order_time": ["2019-01-13 09:58:14"], "total_order": 1, "hotel_value": ["4.6"], "hotel_price": ["83"]}, "345080": {"hotel_name": "\u4e09\u4e9a\u4e9a\u9f99\u6e7e\u559c\u6765\u767b\u5ea6\u5047\u9152\u5e97", "order_time": ["2019-01-13 09:58:14", "2019-01-13 10:24:06", "2019-01-13 10:10:06"], "total_order": 3, "hotel_value": ["4.6", "4.6", "4.6"], "hotel_price": ["1051", "1051", "1051"]}, "3041884": {"hotel_name": "\u4e09\u4e9a\u4e3d\u79be\u6e29\u5fb7\u59c6\u9152\u5e97", "order_time": ["2019-01-13 09:58:14"], "total_order": 1, "hotel_value": ["4.8"], "hotel_price": ["730"]}, "17533420": {"hotel_name": "\u4e09\u4e9a\u5927\u4e1c\u6d77\u9152\u5e97", "order_time": ["2019-01-13 10:08:06", "2019-01-13 09:58:14"], "total_order": 2, "hotel_value": ["4.8", "4.8"], "hotel_price": ["469", "469"]}, "1415685": {"hotel_name": "\u4e09\u4e9a9\u53f7\u4e3b\u9898\u516c\u5bd3", "order_time": ["2019-01-13 09:58:15"], "total_order": 1, "hotel_value": ["4.9"], "hotel_price": ["298"]}, "26217161": {"hotel_name": "\u4e09\u4e9a\u6155\u6f9c\u5bd3\u5ea6\u5047\u516c\u5bd3", "order_time": ["2019-01-13 09:58:16"], "total_order": 1, "hotel_value": [0], "hotel_price": ["356"]}, "1701208": {"hotel_name": "\u4e09\u4e9a8\u6beb\u7c73\u6d77\u666f\u5ba2\u6808", "order_time": ["2019-01-13 09:58:17"], "total_order": 1, "hotel_value": ["4.4"], "hotel_price": ["257"]}, "17325404": {"hotel_name": "\u4e09\u4e9a\u6d1b\u514b\u94c2\u91d1\u6d77\u666f\u9152\u5e97", "order_time": ["2019-01-13 10:30:11", "2019-01-13 09:58:18"], "total_order": 2, "hotel_value": ["4.4", "4.4"], "hotel_price": ["479", "479"]}, "9152765": {"hotel_name": "\u4e09\u4e9a\u5fc6\u6816\u4e3b\u9898\u5ba2\u6808", "order_time": ["2019-01-13 09:58:19"], "total_order": 1, "hotel_value": ["4.5"], "hotel_price": ["116"]}, "473351": {"hotel_name": "\u4e09\u4e9a\u4e9a\u9f99\u6e7e\u827e\u7433\u8fbe\u7cbe\u54c1\u5ea6\u5047\u9152\u5e97", "order_time": ["2019-01-13 09:58:21"], "total_order": 1, "hotel_value": ["4.1"], "hotel_price": ["278"]}, "3068224": {"hotel_name": "\u4e09\u4e9a\u5927\u4e1c\u6d77HOME\u5957\u623f\u5ea6\u5047\u6d77\u666f\u5ba2\u6808", "order_time": ["2019-01-13 10:00:04"], "total_order": 1, "hotel_value": ["4.8"], "hotel_price": ["147"]}, "879580": {"hotel_name": "\u9526\u6c5f\u4e4b\u661f(\u4e09\u4e9a\u56fd\u9645\u8d2d\u7269\u4e2d\u5fc3\u6d77\u666f\u5e97)", "order_time": ["2019-01-13 10:00:04"], "total_order": 1, "hotel_value": ["4.5"], "hotel_price": ["179"]}, "346766": {"hotel_name": "\u4e09\u4e9a\u4e9a\u9f99\u6e7e\u51ef\u83b1\u4ed9\u4eba\u638c\u5ea6\u5047\u9152\u5e97", "order_time": ["2019-01-13 10:00:05"], "total_order": 1, "hotel_value": ["4.6"], "hotel_price": ["400"]}, "430163": {"hotel_name": "\u4e09\u4e9a\u4e9a\u9f99\u6e7e\u94c2\u5c14\u66fc\u522b\u5885\u5ea6\u5047\u9152\u5e97", "order_time": ["2019-01-13 10:00:08", "2019-01-13 10:28:06"], "total_order": 2, "hotel_value": ["4.6", "4.6"], "hotel_price": ["990", "990"]}, "386919": {"hotel_name": "\u4e09\u4e9a\u4e07\u5609\u5ea6\u5047\u9152\u5e97(\u539f\u4e07\u5609\u6234\u65af\u5ea6\u5047\u9152\u5e97)", "order_time": ["2019-01-13 10:24:12", "2019-01-13 10:00:08"], "total_order": 2, "hotel_value": ["4.4", "4.4"], "hotel_price": ["358", "358"]}, "2167754": {"hotel_name": "\u4e09\u4e9a\u4eac\u97f5\u6d77\u666f\u5927\u9152\u5e97", "order_time": ["2019-01-13 10:00:09"], "total_order": 1, "hotel_value": ["4.5"], "hotel_price": ["272"]}, "808618": {"hotel_name": "7\u5929\u8fde\u9501\u9152\u5e97(\u4e09\u4e9a\u4e09\u4e9a\u6e7e\u6d77\u666f\u5e97)", "order_time": ["2019-01-13 10:00:10"], "total_order": 1, "hotel_value": ["4.2"], "hotel_price": ["129"]}, "473665": {"hotel_name": "\u9526\u6c5f\u4e4b\u661f\u54c1\u5c1a(\u4e09\u4e9a\u6e7e\u91d1\u9e21\u5cad\u5e97)", "order_time": ["2019-01-13 10:00:10"], "total_order": 1, "hotel_value": ["4.4"], "hotel_price": ["199"]}, "2266347": {"hotel_name": "\u4f9d\u6d77\u4f73\u7f18\u6d77\u666f\u5957\u623f\u516c\u5bd3(\u4e09\u4e9a\u6e7e\u5e97)", "order_time": ["2019-01-13 10:00:13"], "total_order": 1, "hotel_value": ["4.9"], "hotel_price": ["299"]}, "346739": {"hotel_name": "\u4e09\u4e9a\u9e3f\u6d32\u56fd\u9645\u6e38\u8247\u9152\u5e97", "order_time": ["2019-01-13 10:00:14", "2019-01-13 10:06:15"], "total_order": 2, "hotel_value": ["4.7", "4.7"], "hotel_price": ["550", "550"]}, "344934": {"hotel_name": "\u4e09\u4e9a\u6930\u6797\u6ee9\u5927\u9152\u5e97", "order_time": ["2019-01-13 10:00:14"], "total_order": 1, "hotel_value": ["4.4"], "hotel_price": ["325"]}, "23918136": {"hotel_name": "\u4e09\u4e9a\u9999\u6c34\u6e7e\u963f\u5c14\u5361\u8fea\u4e9a\u5ea6\u5047\u9152\u5e97", "order_time": ["2019-01-13 10:00:20"], "total_order": 1, "hotel_value": ["4.6"], "hotel_price": ["558"]}, "1052966": {"hotel_name": "\u4e09\u4e9a\u540e\u6d773\u53f7\u5ea6\u5047\u9152\u5e97", "order_time": ["2019-01-13 10:00:21"], "total_order": 1, "hotel_value": ["3.6"], "hotel_price": ["104"]}, "20617225": {"hotel_name": "\u7ea6\u00b7\u8bbe\u8ba1\u4e3b\u9898\u9152\u5e97(\u4e09\u4e9a\u5343\u53e4\u60c5\u5e97)", "order_time": ["2019-01-13 10:02:04", "2019-01-13 10:36:10"], "total_order": 2, "hotel_value": ["4.7", "4.7"], "hotel_price": ["188", "188"]}, "346673": {"hotel_name": "\u4e09\u4e9a\u534a\u5c71\u534a\u5c9b\u5ea6\u5047\u9152\u5e97(\u5168\u5957\u623f)", "order_time": ["2019-01-13 10:02:06"], "total_order": 1, "hotel_value": ["4.6"], "hotel_price": ["590"]}, "16897771": {"hotel_name": "\u4e09\u4e9a\u6d77\u68e0\u6e7e\u9e93\u6e56\u5ea6\u5047\u9152\u5e97", "order_time": ["2019-01-13 10:02:06", "2019-01-13 10:06:13"], "total_order": 2, "hotel_value": ["4.7", "4.7"], "hotel_price": ["479", "479"]}, "345065": {"hotel_name": "\u4e09\u4e9a\u4e07\u4e3d\u5ea6\u5047\u9152\u5e97", "order_time": ["2019-01-13 10:02:07"], "total_order": 1, "hotel_value": ["4.7"], "hotel_price": ["718"]}, "2005665": {"hotel_name": "\u4e09\u4e9a\u6d77\u68e0\u6e7e9\u53f7\u884c\u653f\u697c", "order_time": ["2019-01-13 10:02:07"], "total_order": 1, "hotel_value": ["4.6"], "hotel_price": ["887"]}, "27264086": {"hotel_name": "\u4e09\u4e9a\u4e0d\u4e8c\u4e3b\u9898\u6c11\u5bbf", "order_time": ["2019-01-13 10:02:11"], "total_order": 1, "hotel_value": ["4.8"], "hotel_price": ["133"]}, "435983": {"hotel_name": "\u4e09\u4e9a\u4e9a\u9f99\u6e7e\u4eba\u95f4\u5929\u5802-\u9e1f\u5de2\u5ea6\u5047\u6751", "order_time": ["2019-01-13 10:02:12"], "total_order": 1, "hotel_value": ["4.6"], "hotel_price": ["1270"]}, "436683": {"hotel_name": "\u4e09\u4e9a\u5357\u4e2d\u56fd\u5927\u9152\u5e97", "order_time": ["2019-01-13 10:02:13"], "total_order": 1, "hotel_value": ["4.5"], "hotel_price": ["562"]}, "1682691": {"hotel_name": "\u4e09\u4e9a\u4eac\u6d77\u56fd\u9645\u5047\u65e5\u9152\u5e97", "order_time": ["2019-01-13 10:04:06", "2019-01-13 10:04:45"], "total_order": 2, "hotel_value": ["4.6", "4.6"], "hotel_price": ["572", "673"]}, "346719": {"hotel_name": "\u4e09\u4e9a\u534a\u5c71\u534a\u5c9b\u5e06\u8239\u6e2f\u9152\u5e97", "order_time": ["2019-01-13 10:04:07"], "total_order": 1, "hotel_value": ["4.7"], "hotel_price": ["488"]}, "4388404": {"hotel_name": "\u4e09\u4e9a\u7f8e\u4e3d\u4e4b\u51a0\u5927\u6811\u9152\u5e97", "order_time": ["2019-01-13 10:04:07"], "total_order": 1, "hotel_value": ["4.3"], "hotel_price": ["250"]}, "6327433": {"hotel_name": "\u4e09\u4e9a\u9999\u6c34\u6e7e\u8363\u9038\u6e29\u60c5\u9152\u5e97", "order_time": ["2019-01-13 10:04:08"], "total_order": 1, "hotel_value": ["4.7"], "hotel_price": ["356"]}, "436673": {"hotel_name": "\u4e09\u4e9a\u9e7f\u5cad\u6d77\u6e7e\u7ef4\u666f\u56fd\u9645\u5927\u9152\u5e97(\u539f\u4e09\u4e9a\u6d77\u6e7e\u7ef4\u666f\u56fd\u9645\u5927\u9152\u5e97)", "order_time": ["2019-01-13 10:04:09"], "total_order": 1, "hotel_value": ["4.6"], "hotel_price": ["296"]}, "843599": {"hotel_name": "\u4e09\u4e9a\u56db\u5b63\u6d77\u5ead\u9152\u5e97", "order_time": ["2019-01-13 10:08:06", "2019-01-13 10:04:09"], "total_order": 2, "hotel_value": ["4.6", "4.6"], "hotel_price": ["324", "324"]}, "6388655": {"hotel_name": "\u4e09\u4e9a\u5411\u65e5\u8475\u6d77\u5cb8\u5ba2\u6808\u5e97", "order_time": ["2019-01-13 10:04:10"], "total_order": 1, "hotel_value": ["4.8"], "hotel_price": ["110"]}, "426360": {"hotel_name": "\u4e09\u4e9a\u67cf\u745e\u7cbe\u54c1\u6d77\u666f\u9152\u5e97", "order_time": ["2019-01-13 10:04:10"], "total_order": 1, "hotel_value": ["4.6"], "hotel_price": ["280"]}, "25634977": {"hotel_name": "\u4e09\u4e9a\u827e\u514b\u5a01\u9152\u5e97", "order_time": ["2019-01-13 10:04:10"], "total_order": 1, "hotel_value": ["4.9"], "hotel_price": ["340"]}, "21634169": {"hotel_name": "\u7f18\u7b51\u00b7\u4e09\u4e9a\u6162\u70b9\u5ea6\u5047\u516c\u5bd3(\u64ce\u5929\u534a\u5c9b\u5e97)", "order_time": ["2019-01-13 10:22:15", "2019-01-13 10:04:10"], "total_order": 2, "hotel_value": ["4.8", "4.8"], "hotel_price": ["194", "194"]}, "5234726": {"hotel_name": "\u4e09\u4e9a\u4e1c\u6e2f\u6d77\u666f\u4e3b\u9898\u9152\u5e97(\u56fd\u9645\u8d2d\u7269\u4e2d\u5fc3\u5e97)(\u539f\u4e1c\u6e2f\u4e3b\u9898\u9152\u5e97)", "order_time": ["2019-01-13 10:04:12"], "total_order": 1, "hotel_value": ["4.3"], "hotel_price": ["131"]}, "6261136": {"hotel_name": "\u7ef4\u4e5f\u7eb3\u9152\u5e97(\u4e09\u4e9a\u4e9a\u9f99\u6e7e\u5343\u53e4\u60c5\u5e97)", "order_time": ["2019-01-13 10:04:12"], "total_order": 1, "hotel_value": ["4.8"], "hotel_price": ["276"]}, "14074913": {"hotel_name": "\u4e09\u4e9a\u4e9a\u9f99\u6e7e\u96c5\u9601\u6e29\u6cc9\u5ea6\u5047\u9152\u5e97", "order_time": ["2019-01-13 10:04:12"], "total_order": 1, "hotel_value": ["4.7"], "hotel_price": ["528"]}, "12779869": {"hotel_name": "\u548c\u9890\u81f3\u683c\u9152\u5e97(\u4e09\u4e9a\u8c6a\u5a01\u9e92\u9e9f\u5e97)", "order_time": ["2019-01-13 10:04:14"], "total_order": 1, "hotel_value": ["4.6"], "hotel_price": ["298"]}, "346702": {"hotel_name": "\u4e09\u4e9a\u8fb0\u5149\u514b\u62c9\u7801\u5934\u9152\u5e97", "order_time": ["2019-01-13 10:44:31", "2019-01-13 10:04:15", "2019-01-13 10:50:10", "2019-01-13 10:14:15"], "total_order": 4, "hotel_value": ["4.6", "4.6", "4.6", "4.6"], "hotel_price": ["456", "456", "456", "503"]}, "14999032": {"hotel_name": "\u4e09\u4e9a\u4e9a\u9f99\u6e7e\u6d6e\u751f\u82e5\u5bbf\u8bbe\u8ba1\u6c11\u5bbf", "order_time": ["2019-01-13 10:04:19"], "total_order": 1, "hotel_value": ["4.9"], "hotel_price": ["457"]}, "4652436": {"hotel_name": "IU\u9152\u5e97(\u4e09\u4e9a\u4e9a\u9f99\u6e7e\u5e97)", "order_time": ["2019-01-13 10:06:05"], "total_order": 1, "hotel_value": ["4.5"], "hotel_price": ["177"]}, "5634155": {"hotel_name": "\u4e09\u4e9a\u6e7e\u7ea2\u6811\u6797\u5ea6\u5047\u4e16\u754c(\u68d5\u6988\u738b\u56fd\u4eb2\u5b50\u4e3b\u9898\u5e97)", "order_time": ["2019-01-13 10:06:05"], "total_order": 1, "hotel_value": ["4.7"], "hotel_price": ["1026"]}, "19480145": {"hotel_name": "\u4e09\u4e9a\u51e4\u51f0\u5c9b\u81f3\u5c0a\u6d77\u666f\u5ea6\u5047\u9152\u5e97", "order_time": ["2019-01-13 10:06:05"], "total_order": 1, "hotel_value": ["4.5"], "hotel_price": ["452"]}, "6504155": {"hotel_name": "\u4e09\u4e9a\u552f\u66fc\u6735\u6d77\u666f\u5957\u623f\u5ea6\u5047\u516c\u5bd3", "order_time": ["2019-01-13 10:06:06"], "total_order": 1, "hotel_value": ["4.8"], "hotel_price": ["245"]}, "345095": {"hotel_name": "\u4e09\u4e9a\u9ece\u5ba2\u56fd\u9645\u9152\u5e97", "order_time": ["2019-01-13 10:06:07", "2019-01-13 10:14:12"], "total_order": 2, "hotel_value": ["4.4", "4.4"], "hotel_price": ["376", "376"]}, "2705938": {"hotel_name": "\u4e09\u4e9a\u514b\u62c9\u5c14\u9152\u5e97\u00b7\u6d77\u5cb8\u7cbe\u9009", "order_time": ["2019-01-13 10:06:09", "2019-01-13 10:46:18"], "total_order": 2, "hotel_value": ["4.7", "4.7"], "hotel_price": ["168", "168"]}, "1289697": {"hotel_name": "\u4e09\u4e9a\u66a7\u552f\u5957\u623f\u6d77\u666f\u96c5\u5c45", "order_time": ["2019-01-13 10:06:09"], "total_order": 1, "hotel_value": ["4.6"], "hotel_price": ["168"]}, "374842": {"hotel_name": "\u4e09\u4e9a\u6e7e\u6d77\u5c45\u94c2\u5c14\u66fc\u5ea6\u5047\u9152\u5e97", "order_time": ["2019-01-13 10:06:09"], "total_order": 1, "hotel_value": ["4.7"], "hotel_price": ["840"]}, "347462": {"hotel_name": "\u4e09\u4e9a\u6d77\u68e0\u6e7e9\u53f7\u5ea6\u5047\u9152\u5e97", "order_time": ["2019-01-13 10:06:09", "2019-01-13 10:22:13"], "total_order": 2, "hotel_value": ["4.7", "4.7"], "hotel_price": ["788", "788"]}, "1710855": {"hotel_name": "\u4e09\u4e9a\u96c5\u4f73\u516c\u5bd3", "order_time": ["2019-01-13 10:06:10"], "total_order": 1, "hotel_value": ["3.3"], "hotel_price": ["88"]}, "346735": {"hotel_name": "\u4e09\u4e9a\u5357\u7530\u6e29\u6cc9\u597d\u6c49\u5761\u56fd\u9645\u5ea6\u5047\u9152\u5e97", "order_time": ["2019-01-13 10:06:12", "2019-01-13 10:48:04"], "total_order": 2, "hotel_value": ["4.3", "4.3"], "hotel_price": ["346", "346"]}, "346679": {"hotel_name": "\u4e09\u4e9a\u6e7e\u7687\u51a0\u5047\u65e5\u5ea6\u5047\u9152\u5e97", "order_time": ["2019-01-13 10:06:12"], "total_order": 1, "hotel_value": ["4.6"], "hotel_price": ["499"]}, "16948036": {"hotel_name": "\u4e09\u4e9a\u6e7e\u7ea2\u6811\u6797\u5ea6\u5047\u4e16\u754c(\u5927\u738b\u68d5\u9152\u5e97)", "order_time": ["2019-01-13 10:06:13"], "total_order": 1, "hotel_value": ["4.7"], "hotel_price": ["549"]}, "1700938": {"hotel_name": "\u4e09\u4e9a\u541b\u4e34\u5047\u65e5\u9152\u5e97", "order_time": ["2019-01-13 10:06:14"], "total_order": 1, "hotel_value": ["4.5"], "hotel_price": ["111"]}, "1377449": {"hotel_name": "Q\u52a0\u00b7\u4e09\u4e9a\u51e4\u51f0\u5c9b\u60a6\u4f73\u6d77\u4e0a\u516c\u5bd3", "order_time": ["2019-01-13 10:06:15"], "total_order": 1, "hotel_value": ["4.7"], "hotel_price": ["578"]}, "5661660": {"hotel_name": "\u4e09\u4e9a\u5927\u4e1c\u6d77\u4e0d\u89c1\u4e0d\u6563\u6d77\u666f\u5ba2\u6808", "order_time": ["2019-01-13 10:06:20"], "total_order": 1, "hotel_value": ["4.7"], "hotel_price": ["154"]}, "8649263": {"hotel_name": "\u4e09\u4e9a\u6d77\u8fb9\u4eba\u5bb6\u9752\u5e74\u65c5\u820d", "order_time": ["2019-01-13 10:06:24"], "total_order": 1, "hotel_value": ["4.6"], "hotel_price": ["20"]}, "396528": {"hotel_name": "\u4e09\u4e9a\u4e9a\u9f99\u6e7e\u4e94\u53f7\u5ea6\u5047\u522b\u5885\u9152\u5e97", "order_time": ["2019-01-13 10:08:06"], "total_order": 1, "hotel_value": ["4.7"], "hotel_price": ["649"]}, "21765890": {"hotel_name": "\u4e09\u4e9a\u5361\u838e\u4e3b\u9898\u9152\u5e97", "order_time": ["2019-01-13 10:08:12"], "total_order": 1, "hotel_value": ["4.6"], "hotel_price": ["119"]}, "25779316": {"hotel_name": "\u4e09\u4e9a\u8fc8\u5178\u6d77\u666f\u5ea6\u5047\u516c\u5bd3", "order_time": ["2019-01-13 10:08:13"], "total_order": 1, "hotel_value": ["4.9"], "hotel_price": ["392"]}, "6490921": {"hotel_name": "\u4e09\u4e9a\u6930\u68a6\u6d77\u666f\u4e3b\u9898\u9152\u5e97", "order_time": ["2019-01-13 10:08:16"], "total_order": 1, "hotel_value": ["4.6"], "hotel_price": ["146"]}, "15811019": {"hotel_name": "\u4e09\u4e9a\u6800\u66ae\u65c5\u9986", "order_time": ["2019-01-13 10:08:17"], "total_order": 1, "hotel_value": ["4.3"], "hotel_price": ["163"]}, "4841962": {"hotel_name": "\u4e09\u4e9a\u7231\u7b51\u6545\u4e8b\u5ba2\u6808", "order_time": ["2019-01-13 10:08:21"], "total_order": 1, "hotel_value": ["4.9"], "hotel_price": ["144"]}, "6331979": {"hotel_name": "\u4e09\u4e9a\u6d77\u68e0\u6e7e\u7ea2\u6811\u6797\u5ea6\u5047\u9152\u5e97", "order_time": ["2019-01-13 10:18:17", "2019-01-13 10:10:06"], "total_order": 2, "hotel_value": ["4.6", "4.6"], "hotel_price": ["1039", "1039"]}, "346676": {"hotel_name": "\u4e09\u4e9a\u56fd\u5149\u8c6a\u751f\u5ea6\u5047\u9152\u5e97", "order_time": ["2019-01-13 10:18:17", "2019-01-13 10:10:06"], "total_order": 2, "hotel_value": ["4.6", "4.6"], "hotel_price": ["576", "576"]}, "1598713": {"hotel_name": "\u4e09\u4e9a\u660e\u6708\u697c\u9152\u5e97", "order_time": ["2019-01-13 10:10:07"], "total_order": 1, "hotel_value": ["4.1"], "hotel_price": ["145"]}, "18075076": {"hotel_name": "\u4e09\u4e9a\u827e\u8a00\u9152\u5e97", "order_time": ["2019-01-13 10:10:08", "2019-01-13 10:12:13", "2019-01-13 10:24:24"], "total_order": 3, "hotel_value": ["4.8", "4.8", "4.8"], "hotel_price": ["366", "366", "344"]}, "1315536": {"hotel_name": "\u4e09\u4e9a\u5e15\u5c14\u7f8e\u7eb3\u56fd\u9645\u5ea6\u5047\u516c\u5bd3", "order_time": ["2019-01-13 10:36:07", "2019-01-13 10:10:09"], "total_order": 2, "hotel_value": ["4.8", "4.8"], "hotel_price": ["268", "268"]}, "13433212": {"hotel_name": "\u4e09\u4e9a\u91d1\u90fd\u851a\u666f\u6e29\u5fb7\u59c6\u9152\u5e97", "order_time": ["2019-01-13 10:10:10"], "total_order": 1, "hotel_value": ["4.7"], "hotel_price": ["531"]}, "25647873": {"hotel_name": "\u4e09\u4e9a\u5bbf\u989c\u7cbe\u9009\u5ea6\u5047\u9152\u5e97", "order_time": ["2019-01-13 10:10:10"], "total_order": 1, "hotel_value": ["4.7"], "hotel_price": ["187"]}, "917373": {"hotel_name": "\u4e09\u4e9a\u8273\u9633\u5929\u5ba2\u6808(\u539f\u6f9c\u60a6\u9633\u5149\u6d77\u666f\u5ba2\u6808)", "order_time": ["2019-01-13 10:10:12"], "total_order": 1, "hotel_value": ["4.6"], "hotel_price": ["92"]}, "344912": {"hotel_name": "\u4e09\u4e9a\u6d77\u5929\u5927\u9152\u5e97", "order_time": ["2019-01-13 10:10:13"], "total_order": 1, "hotel_value": ["4.6"], "hotel_price": ["319"]}, "7499776": {"hotel_name": "\u4e09\u4e9a\u96e8\u8f69\u4e4b\u5bb6\u9152\u5e97\u5f0f\u516c\u5bd3", "order_time": ["2019-01-13 10:10:14"], "total_order": 1, "hotel_value": ["4.4"], "hotel_price": ["582"]}, "10148339": {"hotel_name": "\u4e09\u4e9a\u6b66\u65b0\u5ba2\u6808", "order_time": ["2019-01-13 10:10:15"], "total_order": 1, "hotel_value": ["4.4"], "hotel_price": ["95"]}, "15164961": {"hotel_name": "\u4e09\u4e9a\u5c4b\u5947\u9152\u5e97(\u6b65\u884c\u8857\u5e97)", "order_time": ["2019-01-13 10:12:04"], "total_order": 1, "hotel_value": ["4.6"], "hotel_price": ["232"]}, "976648": {"hotel_name": "\u6c49\u5ead\u9152\u5e97(\u4e09\u4e9a\u6625\u56ed\u6d77\u9c9c\u5e7f\u573a\u5e97)", "order_time": ["2019-01-13 10:12:05"], "total_order": 1, "hotel_value": ["4.4"], "hotel_price": ["209"]}, "1980387": {"hotel_name": "\u9e97\u67ab\u9152\u5e97(\u4e09\u4e9a\u6b65\u884c\u8857\u5e97)", "order_time": ["2019-01-13 10:12:05"], "total_order": 1, "hotel_value": ["4.8"], "hotel_price": ["371"]}, "6126289": {"hotel_name": "\u4e09\u4e9a\u84dd\u6d77\u4e00\u53f7\u6d77\u5cb8\u9152\u5e97", "order_time": ["2019-01-13 10:12:06"], "total_order": 1, "hotel_value": ["4.8"], "hotel_price": ["163"]}, "473314": {"hotel_name": "\u4e09\u4e9a\u4e8c\u6708\u6d77\u6d77\u666f\u9152\u5e97", "order_time": ["2019-01-13 10:12:08"], "total_order": 1, "hotel_value": ["4.9"], "hotel_price": ["191"]}, "24051573": {"hotel_name": "\u4e09\u4e9a\u6d77\u7720\u827a\u5bbf\u8bbe\u8ba1\u6c11\u5bbf", "order_time": ["2019-01-13 10:12:09"], "total_order": 1, "hotel_value": ["4.7"], "hotel_price": ["238"]}, "18555139": {"hotel_name": "\u4e09\u4e9a\u6e05\u5885\u6c11\u5bbf", "order_time": ["2019-01-13 10:12:14"], "total_order": 1, "hotel_value": ["4.9"], "hotel_price": ["105"]}, "6476957": {"hotel_name": "\u4e09\u4e9a\u5174\u5b89\u957f\u5cf0\u5927\u9152\u5e97", "order_time": ["2019-01-13 10:14:05"], "total_order": 1, "hotel_value": ["4.5"], "hotel_price": ["288"]}, "6345626": {"hotel_name": "\u67cf\u680e\u5ea6\u5047\u9152\u5e97(\u4e09\u4e9a\u5343\u53e4\u60c5\u5e97)", "order_time": ["2019-01-13 10:14:05"], "total_order": 1, "hotel_value": ["4.5"], "hotel_price": ["362"]}, "10187052": {"hotel_name": "\u4e09\u4e9a\u897f\u897f\u91cc\u7cbe\u54c1\u6c11\u5bbf", "order_time": ["2019-01-13 10:14:06"], "total_order": 1, "hotel_value": ["4.9"], "hotel_price": ["314"]}, "370837": {"hotel_name": "\u4e09\u4e9a\u78a7\u6d77\u91d1\u6c99\u9152\u5e97", "order_time": ["2019-01-13 10:14:06"], "total_order": 1, "hotel_value": ["4.6"], "hotel_price": ["280"]}, "17338449": {"hotel_name": "\u4e09\u4e9a\u666f\u660e\u5047\u65e5\u65c5\u79df", "order_time": ["2019-01-13 10:14:11"], "total_order": 1, "hotel_value": ["4.7"], "hotel_price": ["146"]}, "437661": {"hotel_name": "\u4e09\u4e9a\u534a\u5c71\u9526\u6c5f\u6d77\u666f\u5ea6\u5047\u9152\u5e97", "order_time": ["2019-01-13 10:20:09", "2019-01-13 10:14:15"], "total_order": 2, "hotel_value": ["4.6", "4.6"], "hotel_price": ["418", "418"]}, "1439128": {"hotel_name": "\u4e09\u4e9a\u4e9a\u9f99\u6e7e\u9633\u5149\u522b\u9662", "order_time": ["2019-01-13 10:14:19"], "total_order": 1, "hotel_value": ["4.4"], "hotel_price": ["220"]}, "8528324": {"hotel_name": "\u4e09\u4e9a\u5a77\u82d1\u5bbe\u9986", "order_time": ["2019-01-13 10:14:20"], "total_order": 1, "hotel_value": [0], "hotel_price": ["118"]}, "4033951": {"hotel_name": "\u4e09\u4e9a\u51e4\u51f0\u5c9b\u6d77\u6d0b\u4e4b\u68a6\u5ea6\u5047\u9152\u5e97", "order_time": ["2019-01-13 10:16:05", "2019-01-13 10:24:11"], "total_order": 2, "hotel_value": ["4.7", "4.7"], "hotel_price": ["469", "469"]}, "427277": {"hotel_name": "\u4e09\u4e9a\u4e2d\u5fc3\u7687\u51a0\u5047\u65e5\u9152\u5e97", "order_time": ["2019-01-13 10:16:10"], "total_order": 1, "hotel_value": ["4.7"], "hotel_price": ["400"]}, "690765": {"hotel_name": "\u4e09\u4e9a\u6d77\u7acb\u65b9\u5ea6\u5047\u9152\u5e97", "order_time": ["2019-01-13 10:16:21", "2019-01-13 10:20:08"], "total_order": 2, "hotel_value": ["4.6", "4.6"], "hotel_price": ["378", "378"]}, "3040204": {"hotel_name": "\u521d\u89c1\u4e09\u4e9a\u6d77\u666f\u7a7a\u4e2d\u82b1\u56ed\u5ba2\u6808", "order_time": ["2019-01-13 10:46:06", "2019-01-13 10:18:06"], "total_order": 2, "hotel_value": ["4.9", "4.9"], "hotel_price": ["1032", "1032"]}, "11439512": {"hotel_name": "\u4e09\u4e9a\u56fd\u5c0a\u6d77\u666f\u9152\u5e97", "order_time": ["2019-01-13 10:18:15"], "total_order": 1, "hotel_value": ["4.0"], "hotel_price": ["126"]}, "8627044": {"hotel_name": "\u4e09\u4e9a\u4fdd\u5229\u7470\u4e3d\u9152\u5e97", "order_time": ["2019-01-13 10:46:06", "2019-01-13 10:18:17"], "total_order": 2, "hotel_value": ["4.7", "4.7"], "hotel_price": ["1842", "1842"]}, "1577831": {"hotel_name": "\u4e09\u4e9a\u94c2\u514b\u66fc\u9152\u5e97", "order_time": ["2019-01-13 10:20:04"], "total_order": 1, "hotel_value": ["4.2"], "hotel_price": ["58"]}, "26444304": {"hotel_name": "\u4e09\u4e9a\u6240\u5728\u6d77\u666f\u7cbe\u54c1\u6c11\u5bbf", "order_time": ["2019-01-13 10:20:06"], "total_order": 1, "hotel_value": ["5.0"], "hotel_price": ["316"]}, "3631084": {"hotel_name": "\u4e09\u4e9a\u6e7e\u5e0c\u5c14\u987f\u6b22\u670b\u9152\u5e97", "order_time": ["2019-01-13 10:20:09"], "total_order": 1, "hotel_value": ["4.8"], "hotel_price": ["526"]}, "8836577": {"hotel_name": "\u4e09\u4e9a\u51e4\u51f0\u5bb6\u5ead\u65c5\u79df", "order_time": ["2019-01-13 10:20:10"], "total_order": 1, "hotel_value": ["4.3"], "hotel_price": ["109"]}, "8577331": {"hotel_name": "\u7f8e\u51a0\u5047\u65e5\u9152\u5e97(\u4e09\u4e9a\u5927\u6811\u516c\u9986\u5e97)", "order_time": ["2019-01-13 10:20:12"], "total_order": 1, "hotel_value": ["4.5"], "hotel_price": ["192"]}, "15717524": {"hotel_name": "\u8d30\u53f7\u8bbe\u8ba1\u9152\u5e97(\u4e09\u4e9a\u51e4\u51f0\u673a\u573a\u5e97)", "order_time": ["2019-01-13 10:22:09"], "total_order": 1, "hotel_value": ["4.6"], "hotel_price": ["201"]}, "1024633": {"hotel_name": "\u8fce\u5546\u4f73\u4eae\u8fce\u5bbe\u5927\u9152\u5e97(\u4e09\u4e9a\u5927\u4e1c\u6d77\u5e97)", "order_time": ["2019-01-13 10:22:10"], "total_order": 1, "hotel_value": ["4.3"], "hotel_price": ["210"]}, "5292077": {"hotel_name": "\u4e09\u4e9a\u6d77\u8c5a\u6e7e\u4e3b\u9898\u9152\u5e97", "order_time": ["2019-01-13 10:28:07", "2019-01-13 10:22:12"], "total_order": 2, "hotel_value": ["4.5", "4.5"], "hotel_price": ["133", "143"]}, "910293": {"hotel_name": "\u4e09\u4e9a\u4e9a\u9f99\u6e7e\u68a6\u65c5\u4eba\u5ba2\u6808", "order_time": ["2019-01-13 10:22:12"], "total_order": 1, "hotel_value": ["4.9"], "hotel_price": ["133"]}, "1601597": {"hotel_name": "\u4e09\u4e9a\u592a\u9633\u6e7e\u67cf\u60a6\u9152\u5e97", "order_time": ["2019-01-13 10:22:13"], "total_order": 1, "hotel_value": ["4.8"], "hotel_price": ["2050"]}, "1340218": {"hotel_name": "\u4e09\u4e9a\u671b\u6d77\u9752\u5e74\u9152\u5e97", "order_time": ["2019-01-13 10:22:15"], "total_order": 1, "hotel_value": ["4.6"], "hotel_price": ["260"]}, "437589": {"hotel_name": "\u4e09\u4e9a\u6797\u8fbe\u6d77\u666f\u9152\u5e97", "order_time": ["2019-01-13 10:24:07"], "total_order": 1, "hotel_value": ["4.5"], "hotel_price": ["272"]}, "6280766": {"hotel_name": "\u4e09\u4e9a\u5927\u4e1c\u6d77\u82b1\u8bed\u6d77\u666f\u5ea6\u5047\u516c\u5bd3", "order_time": ["2019-01-13 10:24:07"], "total_order": 1, "hotel_value": ["4.4"], "hotel_price": ["141"]}, "3385222": {"hotel_name": "\u4e09\u4e9a\u6d77\u60a6\u4e1c\u65b9\u9152\u5e97", "order_time": ["2019-01-13 10:24:07"], "total_order": 1, "hotel_value": ["4.4"], "hotel_price": ["133"]}, "1061497": {"hotel_name": "\u4e09\u4e9a\u6052\u76db\u6d77\u666f\u5ea6\u5047\u516c\u5bd3(\u91d1\u51e4\u51f0\u6d77\u666f\u516c\u5bd3\u5e97)", "order_time": ["2019-01-13 10:24:13"], "total_order": 1, "hotel_value": ["4.9"], "hotel_price": ["256"]}, "22764616": {"hotel_name": "\u4e09\u4e9a\u6d77\u65ed\u660e\u6708\u6d77\u666f\u516c\u5bd3", "order_time": ["2019-01-13 10:24:13"], "total_order": 1, "hotel_value": ["4.9"], "hotel_price": ["794"]}, "14479512": {"hotel_name": "\u4e09\u4e9a\u6c90\u6797\u5885\u6728\u5c4b\u6c11\u5bbf", "order_time": ["2019-01-13 10:24:14"], "total_order": 1, "hotel_value": ["4.9"], "hotel_price": ["291"]}, "2949427": {"hotel_name": "\u4e09\u4e9a\u548c\u5bb6\u5546\u52a1\u5bbe\u9986", "order_time": ["2019-01-13 10:24:15"], "total_order": 1, "hotel_value": ["4.4"], "hotel_price": ["113"]}, "16448430": {"hotel_name": "\u4e09\u4e9a\u4e2d\u5ed6\u6751\u6c11\u5bbf", "order_time": ["2019-01-13 10:24:18"], "total_order": 1, "hotel_value": ["4.8"], "hotel_price": ["209"]}, "8581510": {"hotel_name": "\u4e09\u4e9a\u534a\u5c71\u9a7f\u6d77\u5cb8\u7cbe\u54c1\u5ba2\u6808(\u539f\u871c\u5bb6\u5c0f\u9662)", "order_time": ["2019-01-13 10:24:24"], "total_order": 1, "hotel_value": ["4.7"], "hotel_price": ["151"]}, "1410547": {"hotel_name": "\u4e09\u4e9a18\u5ea6\u6d77\u5cb8\u65c5\u9986", "order_time": ["2019-01-13 10:26:08"], "total_order": 1, "hotel_value": ["4.2"], "hotel_price": ["139"]}, "1458154": {"hotel_name": "\u4e09\u4e9a\u8f6c\u89d2\u9047\u5230\u6d77\u4e3b\u9898\u5ba2\u6808", "order_time": ["2019-01-13 10:26:20"], "total_order": 1, "hotel_value": ["4.4"], "hotel_price": ["103"]}, "901006": {"hotel_name": "\u4e09\u4e9a\u5929\u5168\u5bbe\u9986", "order_time": ["2019-01-13 10:26:22"], "total_order": 1, "hotel_value": ["4.4"], "hotel_price": ["79"]}, "14248278": {"hotel_name": "\u4e09\u4e9a\u4e9a\u9f99\u6e7e\u6d77\u5c9b\u5ea6\u5047\u6d0b\u623f", "order_time": ["2019-01-13 10:28:05"], "total_order": 1, "hotel_value": ["4.8"], "hotel_price": ["383"]}, "375179": {"hotel_name": "\u4e09\u4e9a\u6e7e\u7ea2\u6811\u6797\u5ea6\u5047\u4e16\u754c(\u6728\u68c9\u9152\u5e97)", "order_time": ["2019-01-13 10:38:21", "2019-01-13 10:28:11"], "total_order": 2, "hotel_value": ["4.6", "4.6"], "hotel_price": ["773", "773"]}, "895697": {"hotel_name": "7\u5929\u8fde\u9501\u9152\u5e97(\u4e09\u4e9a\u6e7e\u80dc\u5229\u8d2d\u7269\u5e7f\u573a\u5e97)", "order_time": ["2019-01-13 10:28:14"], "total_order": 1, "hotel_value": ["4.3"], "hotel_price": ["138"]}, "5398745": {"hotel_name": "\u4e09\u4e9a\u897f\u85cf\u5927\u53a6\u5f00\u5143\u540d\u90fd\u9152\u5e97", "order_time": ["2019-01-13 10:28:14"], "total_order": 1, "hotel_value": ["4.7"], "hotel_price": ["408"]}, "2372110": {"hotel_name": "\u4e09\u4e9a\u6d77\u697c\u4e91\u6708\u6d77\u666f\u5ea6\u5047\u516c\u5bd3", "order_time": ["2019-01-13 10:28:15"], "total_order": 1, "hotel_value": ["4.5"], "hotel_price": ["226"]}, "15901219": {"hotel_name": "\u4e09\u4e9aFRIENDLY\u6c11\u5bbf", "order_time": ["2019-01-13 10:28:18"], "total_order": 1, "hotel_value": ["4.8"], "hotel_price": ["419"]}, "24036490": {"hotel_name": "\u4e09\u4e9a\u65f6\u5149\u5c0f\u820d\u6d77\u8fb9\u7cbe\u54c1\u5ba2\u6808", "order_time": ["2019-01-13 10:30:07"], "total_order": 1, "hotel_value": ["4.9"], "hotel_price": ["263"]}, "433675": {"hotel_name": "\u4e09\u4e9a\u51e4\u51f0\u6c34\u57ce\u51ef\u83b1\u5ea6\u5047\u9152\u5e97", "order_time": ["2019-01-13 10:30:08"], "total_order": 1, "hotel_value": ["4.5"], "hotel_price": ["338"]}, "6075238": {"hotel_name": "\u4e09\u4e9a\u8fdc\u6d0b\u6d77\u666f\u5957\u623f\u5ea6\u5047\u516c\u9986(\u539f\u8fdc\u6d0b\u516c\u9986\u6d77\u666f\u5ea6\u5047\u4e2d\u5fc3)", "order_time": ["2019-01-13 10:30:09"], "total_order": 1, "hotel_value": ["4.8"], "hotel_price": ["292"]}, "11654974": {"hotel_name": "\u5c0f\u9e7f\u8fb0\u5ba2\u6d77\u666f\u5ea6\u5047\u516c\u5bd3(\u4e09\u4e9a\u5927\u4e1c\u6d77\u5e97)", "order_time": ["2019-01-13 10:50:11", "2019-01-13 10:30:10"], "total_order": 2, "hotel_value": ["4.9", "4.9"], "hotel_price": ["137", "137"]}, "15280412": {"hotel_name": "\u4e09\u4e9a\u54c1\u5c1a\u827a\u672f\u4e3b\u9898\u5ba2\u6808", "order_time": ["2019-01-13 10:30:10"], "total_order": 1, "hotel_value": ["4.8"], "hotel_price": ["222"]}, "6396157": {"hotel_name": "\u4e09\u4e9a\u6668\u5915\u5c0f\u820d\u7cbe\u54c1\u5ba2\u6808\u673a\u573a\u522b\u5885\u5e97", "order_time": ["2019-01-13 10:30:12"], "total_order": 1, "hotel_value": ["4.7"], "hotel_price": ["159"]}, "14003763": {"hotel_name": "\u4e09\u4e9a\u5fc3\u4e00\u5883\u7985\u610f\u5927\u9152\u5e97", "order_time": ["2019-01-13 10:32:09"], "total_order": 1, "hotel_value": ["4.8"], "hotel_price": ["322"]}, "835120": {"hotel_name": "\u4e09\u4e9a\u4e3d\u90fd\u6d77\u666f\u5546\u52a1\u9152\u5e97", "order_time": ["2019-01-13 10:32:12"], "total_order": 1, "hotel_value": ["4.1"], "hotel_price": ["154"]}, "4544785": {"hotel_name": "\u4e09\u4e9a\u9759\u6d77\u5c4b\u5ea6\u5047\u516c\u5bd3", "order_time": ["2019-01-13 10:32:15"], "total_order": 1, "hotel_value": ["4.7"], "hotel_price": ["262"]}, "429615": {"hotel_name": "\u4e09\u4e9a\u4e9a\u9f99\u6e7e\u541b\u6f9c\u5ea6\u5047\u9152\u5e97(\u539f\u5047\u65e5\u5ea6\u5047\u9152\u5e97)", "order_time": ["2019-01-13 10:32:16"], "total_order": 1, "hotel_value": ["4.5"], "hotel_price": ["636"]}, "2893419": {"hotel_name": "\u6021\u83b1\u9152\u5e97(\u4e09\u4e9a\u89e3\u653e\u8def\u6b65\u884c\u8857\u5e97)(\u539f\u7b2c\u4e00\u5e02\u573a\u5e97)", "order_time": ["2019-01-13 10:34:06"], "total_order": 1, "hotel_value": ["3.9"], "hotel_price": ["109"]}, "14119383": {"hotel_name": "\u4e09\u4e9a\u6734\u5bbf\u8bbe\u8ba1\u6c11\u5bbf", "order_time": ["2019-01-13 10:34:08"], "total_order": 1, "hotel_value": ["4.7"], "hotel_price": ["116"]}, "1101735": {"hotel_name": "\u4e09\u4e9a\u5fc6\u4e61\u4eba\u7cbe\u54c1\u5ba2\u6808", "order_time": ["2019-01-13 10:34:09"], "total_order": 1, "hotel_value": ["4.4"], "hotel_price": ["253"]}, "2040995": {"hotel_name": "\u4e09\u4e9a\u6e29\u99a8\u6e2f\u6e7e\u6d77\u666f\u9152\u5e97", "order_time": ["2019-01-13 10:34:26"], "total_order": 1, "hotel_value": ["4.3"], "hotel_price": ["193"]}, "7864205": {"hotel_name": "\u65f6\u4ee3\u5927\u6811\u5ea6\u5047\u9152\u5e97(\u4e09\u4e9a\u7f8e\u4e3d\u4e4b\u51a0\u5e97)(\u539f\u7f8e\u4e3d\u4e4b\u51a0\u5927\u6811\u5ea6\u5047\u9152\u5e97)", "order_time": ["2019-01-13 10:38:05"], "total_order": 1, "hotel_value": ["4.7"], "hotel_price": ["193"]}, "6043700": {"hotel_name": "\u4e09\u4e9a\u67ab\u6797\u665a\u4e3b\u9898\u9152\u5e97", "order_time": ["2019-01-13 10:38:06"], "total_order": 1, "hotel_value": ["4.7"], "hotel_price": ["158"]}, "741295": {"hotel_name": "\u4e09\u4e9a\u8fdc\u8fd1\u6d77\u666f\u9152\u5e97", "order_time": ["2019-01-13 10:38:08", "2019-01-13 10:48:05"], "total_order": 2, "hotel_value": ["4.6", "4.6"], "hotel_price": ["164", "164"]}, "28366169": {"hotel_name": "7\u5929\u4f18\u54c1\u9152\u5e97(\u4e09\u4e9a\u6e7e\u6d77\u6708\u5e7f\u573a\u6d77\u666f\u5e97)", "order_time": ["2019-01-13 10:44:15", "2019-01-13 10:38:09"], "total_order": 2, "hotel_value": ["4.8", "4.8"], "hotel_price": ["149", "149"]}, "12671479": {"hotel_name": "\u4e09\u4e9a\u6da6\u5fb7\u6e7f\u5730\u516c\u56ed\u9152\u5e97", "order_time": ["2019-01-13 10:38:11"], "total_order": 1, "hotel_value": ["4.7"], "hotel_price": ["390"]}, "3663230": {"hotel_name": "\u4e09\u4e9a\u534a\u5cad\u6e29\u6cc9\u6d77\u97f5\u522b\u5885\u5ea6\u5047\u9152\u5e97", "order_time": ["2019-01-13 10:38:12"], "total_order": 1, "hotel_value": ["4.9"], "hotel_price": ["5180"]}, "1642576": {"hotel_name": "\u4e09\u4e9a\u5b50\u60a6\u5eb7\u5e74\u4e3b\u9898\u5957\u623f\u5ea6\u5047\u9152\u5e97", "order_time": ["2019-01-13 10:40:09"], "total_order": 1, "hotel_value": ["4.7"], "hotel_price": ["422"]}, "1019767": {"hotel_name": "\u6d77\u820d\u79c1\u4eba\u8ba2\u5236\u9152\u5e97(\u4e09\u4e9a\u8708\u652f\u6d32\u5c9b\u5e97)", "order_time": ["2019-01-13 10:40:11"], "total_order": 1, "hotel_value": ["4.4"], "hotel_price": ["335"]}, "927707": {"hotel_name": "\u4e09\u4e9a\u82b3\u59d0\u6d77\u666f\u5ea6\u5047\u516c\u5bd3", "order_time": ["2019-01-13 10:40:14"], "total_order": 1, "hotel_value": ["4.6"], "hotel_price": ["192"]}, "481441": {"hotel_name": "\u4e09\u4e9a\u6e7e\u667a\u9009\u5047\u65e5\u9152\u5e97", "order_time": ["2019-01-13 10:40:16"], "total_order": 1, "hotel_value": ["4.3"], "hotel_price": ["268"]}, "4494524": {"hotel_name": "\u683c\u6797\u8054\u76df\u9152\u5e97(\u4e09\u4e9a\u706b\u8f66\u7ad9\u5e97)", "order_time": ["2019-01-13 10:40:20"], "total_order": 1, "hotel_value": ["3.3"], "hotel_price": ["134"]}, "4845384": {"hotel_name": "\u4e09\u4e9a\u84dd\u5cb8\u6d77\u8fb9\u4e3b\u9898\u9152\u5e97", "order_time": ["2019-01-13 10:42:05"], "total_order": 1, "hotel_value": ["4.7"], "hotel_price": ["131"]}, "25484761": {"hotel_name": "\u4e09\u4e9a\u4eac\u822b\u6c60\u6c11\u5bbf", "order_time": ["2019-01-13 10:42:12"], "total_order": 1, "hotel_value": ["4.9"], "hotel_price": ["258"]}, "1608834": {"hotel_name": "\u4e09\u4e9a\u6930\u98ce\u6d77\u5cb8\u5047\u65e5\u9152\u5e97", "order_time": ["2019-01-13 10:42:14"], "total_order": 1, "hotel_value": ["4.3"], "hotel_price": ["131"]}, "4371952": {"hotel_name": "\u4e09\u4e9a\u534e\u5b87\u4e9a\u9f99\u6e7e\u8fce\u5bbe\u9986", "order_time": ["2019-01-13 10:44:10"], "total_order": 1, "hotel_value": ["4.8"], "hotel_price": ["899"]}, "993927": {"hotel_name": "\u5982\u5bb6\u5feb\u6377\u9152\u5e97(\u4e09\u4e9a\u5409\u9633\u4e9a\u9f99\u6e7e\u5e97)", "order_time": ["2019-01-13 10:44:14"], "total_order": 1, "hotel_value": ["4.6"], "hotel_price": ["193"]}, "842998": {"hotel_name": "\u541b\u6f9c\u00b7\u4e09\u4e9a\u6e7e\u8fce\u5bbe\u9986\u6d77\u666f\u5ea6\u5047\u9152\u5e97", "order_time": ["2019-01-13 10:46:06"], "total_order": 1, "hotel_value": ["4.8"], "hotel_price": ["529"]}, "5772127": {"hotel_name": "\u4e09\u4e9a\u5927\u4e1c\u6d77\u5929\u9a84\u7cbe\u54c1\u5957\u623f\u6d77\u666f\u516c\u5bd3", "order_time": ["2019-01-13 10:46:23"], "total_order": 1, "hotel_value": ["4.9"], "hotel_price": ["275"]}, "1573160": {"hotel_name": "\u683c\u6797\u8c6a\u6cf0(\u4e09\u4e9a\u4e9a\u9f99\u6e7e\u5e97)", "order_time": ["2019-01-13 10:48:05"], "total_order": 1, "hotel_value": ["4.5"], "hotel_price": ["193"]}, "480163": {"hotel_name": "\u4e09\u4e9a\u6d77\u89d2\u4e4b\u65c5\u9152\u5e97(\u539f\u60a6\u6765\u5ba2\u6808\u4e09\u4e9a\u51e4\u51f0\u673a\u573a\u6c34\u5cb8\u5e97)", "order_time": ["2019-01-13 10:48:05"], "total_order": 1, "hotel_value": ["4.6"], "hotel_price": ["153"]}, "20238200": {"hotel_name": "\u4e09\u4e9a\u516d\u7532\u9152\u5e97", "order_time": ["2019-01-13 10:48:07"], "total_order": 1, "hotel_value": ["4.2"], "hotel_price": ["333"]}, "6420180": {"hotel_name": "\u4e09\u4e9a\u98d8\u6d77\u666f\u4e3b\u9898\u5ba2\u6808", "order_time": ["2019-01-13 10:48:07"], "total_order": 1, "hotel_value": ["4.8"], "hotel_price": ["993"]}, "6287098": {"hotel_name": "\u4e09\u4e9a\u6ce5\u5bbf\u827a\u672f\u9152\u5e97", "order_time": ["2019-01-13 10:48:08"], "total_order": 1, "hotel_value": ["4.5"], "hotel_price": ["126"]}, "1861354": {"hotel_name": "\u683c\u6797\u8c6a\u6cf0(\u4e09\u4e9a\u6625\u56ed\u6d77\u9c9c\u5e7f\u573a\u5feb\u6377\u9152\u5e97)", "order_time": ["2019-01-13 10:48:13"], "total_order": 1, "hotel_value": ["4.1"], "hotel_price": ["154"]}, "12874170": {"hotel_name": "\u4e09\u4e9a\u503e\u57ce\u6735\u7f8e\u9152\u5e97", "order_time": ["2019-01-13 10:48:13"], "total_order": 1, "hotel_value": ["4.2"], "hotel_price": ["193"]}, "1017179": {"hotel_name": "\u4e09\u4e9a\u5361\u7eb3\u6d77\u5cb8\u827a\u672f\u5ba2\u6808", "order_time": ["2019-01-13 10:50:06"], "total_order": 1, "hotel_value": ["4.9"], "hotel_price": ["193"]}, "6867681": {"hotel_name": "\u4e09\u4e9a\u590f\u672b\u82b1\u5f00\u5c71\u95f4\u5c0f\u7b51", "order_time": ["2019-01-13 10:50:09"], "total_order": 1, "hotel_value": ["4.8"], "hotel_price": ["153"]}, "15249049": {"hotel_name": "\u7f8e\u4e3d\u4e4b\u51a0\u5927\u6811\u7687\u51a0\u5047\u65e5\u9152\u5e97", "order_time": ["2019-01-13 10:50:09"], "total_order": 1, "hotel_value": ["4.4"], "hotel_price": ["222"]}, "6396995": {"hotel_name": "\u9633\u5149\u5047\u65e5\u5ea6\u5047\u516c\u5bd3(\u4e09\u4e9a\u4e9a\u9f99\u6e7e\u5e97)", "order_time": ["2019-01-13 10:50:12"], "total_order": 1, "hotel_value": ["4.3"], "hotel_price": ["208"]}, "1387216": {"hotel_name": "\u4e09\u4e9a\u4e59\u9759\u96c5\u6d77\u666f\u5ea6\u5047\u516c\u5bd3", "order_time": ["2019-01-13 10:50:14"], "total_order": 1, "hotel_value": ["4.8"], "hotel_price": ["212"]}, "23134111": {"hotel_name": "\u4e09\u4e9a\u827e\u6bd4\u5229\u6d77\u666f\u4e3b\u9898\u6c11\u5bbf", "order_time": ["2019-01-13 10:50:17"], "total_order": 1, "hotel_value": ["5.0"], "hotel_price": ["116"]}, "8577403": {"hotel_name": "\u4e09\u4e9a\u6d77\u67ab\u6d77\u666f\u516c\u5bd3", "order_time": ["2019-01-13 10:50:19"], "total_order": 1, "hotel_value": ["4.4"], "hotel_price": ["232"]}, "2509293": {"hotel_name": "\u4e09\u4e9a\u6e7e\u9633\u5149\u6d77\u5cb8\u6d77\u666f\u5ea6\u5047\u516c\u5bd3(\u539f\u4e50\u6d9b\u8f69\u6d77\u666f\u5ea6\u5047\u516c\u5bd3)", "order_time": ["2019-01-13 10:52:08"], "total_order": 1, "hotel_value": ["4.7"], "hotel_price": ["230"]}, "13634279": {"hotel_name": "\u8ff7\u5bb6\u5c0f\u7b51\u4e3b\u9898\u5ba2\u6808(\u5343\u53e4\u60c5\u5e97)", "order_time": ["2019-01-13 10:52:15"], "total_order": 1, "hotel_value": ["4.2"], "hotel_price": ["89"]}, "808551": {"hotel_name": "\u4e09\u4e9a\u5178\u4e30\u6d77\u5cb8\u5bbe\u9986", "order_time": ["2019-01-13 10:52:15"], "total_order": 1, "hotel_value": ["3.9"], "hotel_price": ["86"]}}}