{"\u5f00\u59cb\u8bb0\u5f55\u65f6\u95f4": "2019-01-16 03:47:41", "\u7ed3\u675f\u8bb0\u5f55\u65f6\u95f4": "2019-01-16 04:47:41", "\u8ba2\u5355\u603b\u589e\u91cf": 38, "item": {"371722": {"hotel_name": "\u4e09\u4e9a\u4e9a\u9f99\u6e7e\u91d1\u68d5\u6988\u5ea6\u5047\u9152\u5e97", "order_time": ["2019-01-16 03:51:46"], "total_order": 1, "hotel_value": ["4.6"], "hotel_price": ["456"]}, "345069": {"hotel_name": "\u4e09\u4e9a\u6d77\u68e0\u6e7e\u4e07\u8fbe\u5e0c\u5c14\u987f\u9038\u6797\u5ea6\u5047\u9152\u5e97", "order_time": ["2019-01-16 03:53:45"], "total_order": 1, "hotel_value": ["4.5"], "hotel_price": ["610"]}, "386919": {"hotel_name": "\u4e09\u4e9a\u4e07\u5609\u5ea6\u5047\u9152\u5e97(\u539f\u4e07\u5609\u6234\u65af\u5ea6\u5047\u9152\u5e97)", "order_time": ["2019-01-16 04:45:47", "2019-01-16 03:53:46"], "total_order": 2, "hotel_value": ["4.4", "4.4"], "hotel_price": ["358", "358"]}, "1723380": {"hotel_name": "\u4e09\u4e9a\u65f6\u5149\u4ed3\u6000\u65e7\u827a\u672f\u5ba2\u6808", "order_time": ["2019-01-16 03:53:48"], "total_order": 1, "hotel_value": ["4.6"], "hotel_price": ["190"]}, "6708909": {"hotel_name": "\u4e09\u4e9a\u6d77\u68e0\u6e7e\u798f\u6d77\u68e0\u6d77\u666f\u5957\u623f\u5ea6\u5047\u9152\u5e97", "order_time": ["2019-01-16 03:55:47"], "total_order": 1, "hotel_value": ["4.6"], "hotel_price": ["428"]}, "1415685": {"hotel_name": "\u4e09\u4e9a9\u53f7\u4e3b\u9898\u516c\u5bd3", "order_time": ["2019-01-16 03:55:47"], "total_order": 1, "hotel_value": ["4.9"], "hotel_price": ["238"]}, "1483190": {"hotel_name": "\u4e09\u4e9a\u4e9a\u9f99\u6e7e\u7fe1\u7fe0\u5ea6\u5047\u516c\u5bd3", "order_time": ["2019-01-16 03:59:47"], "total_order": 1, "hotel_value": ["4.6"], "hotel_price": ["212"]}, "374842": {"hotel_name": "\u4e09\u4e9a\u6e7e\u6d77\u5c45\u94c2\u5c14\u66fc\u5ea6\u5047\u9152\u5e97", "order_time": ["2019-01-16 04:01:45"], "total_order": 1, "hotel_value": ["4.7"], "hotel_price": ["840"]}, "1486685": {"hotel_name": "\u4e09\u4e9a\u51e4\u51f0\u5c9b\u5ea6\u5047\u9152\u5e97", "order_time": ["2019-01-16 04:01:45"], "total_order": 1, "hotel_value": ["4.7"], "hotel_price": ["688"]}, "1697997": {"hotel_name": "\u4e09\u4e9a\u5d16\u57ce\u5609\u79be\u5546\u52a1\u9152\u5e97(\u539f\u5609\u6636\u5546\u52a1\u9152\u5e97)", "order_time": ["2019-01-16 04:01:47"], "total_order": 1, "hotel_value": ["4.0"], "hotel_price": ["84"]}, "16108470": {"hotel_name": "\u4e09\u4e9a\u6e38\u7267\u864e\u5ea6\u5047\u516c\u5bd3(\u4e09\u4e9a\u6e7e\u8def\u5e97)", "order_time": ["2019-01-16 04:01:48"], "total_order": 1, "hotel_value": [0], "hotel_price": ["696"]}, "14249344": {"hotel_name": "\u4e09\u4e9a\u4e9a\u7279\u5170\u8482\u65af\u9152\u5e97", "order_time": ["2019-01-16 04:03:46"], "total_order": 1, "hotel_value": ["4.6"], "hotel_price": ["3088"]}, "345078": {"hotel_name": "\u4e09\u4e9a\u4e9a\u9f99\u6e7e\u7f8e\u9ad8\u6885\u5ea6\u5047\u9152\u5e97", "order_time": ["2019-01-16 04:03:46"], "total_order": 1, "hotel_value": ["4.7"], "hotel_price": ["999"]}, "12671479": {"hotel_name": "\u4e09\u4e9a\u6da6\u5fb7\u6e7f\u5730\u516c\u56ed\u9152\u5e97", "order_time": ["2019-01-16 04:07:46"], "total_order": 1, "hotel_value": ["4.7"], "hotel_price": ["481"]}, "707593": {"hotel_name": "\u4e09\u4e9a\u51e4\u51f0\u5c9b\u6d77\u6d0b\u4e4b\u661f\u5ea6\u5047\u9152\u5e97", "order_time": ["2019-01-16 04:07:46"], "total_order": 1, "hotel_value": ["4.7"], "hotel_price": ["432"]}, "346724": {"hotel_name": "\u4e09\u4e9a\u56fd\u9645\u996d\u5e97", "order_time": ["2019-01-16 04:07:47"], "total_order": 1, "hotel_value": ["3.9"], "hotel_price": ["308"]}, "1444927": {"hotel_name": "\u4e09\u4e9a\u5341\u6b65\u6d77\u5cb8\u9752\u5e74\u65c5\u820d", "order_time": ["2019-01-16 04:11:50"], "total_order": 1, "hotel_value": ["4.3"], "hotel_price": ["59"]}, "4544785": {"hotel_name": "\u4e09\u4e9a\u9759\u6d77\u5c4b\u5ea6\u5047\u516c\u5bd3", "order_time": ["2019-01-16 04:11:50"], "total_order": 1, "hotel_value": ["4.7"], "hotel_price": ["227"]}, "3385222": {"hotel_name": "\u4e09\u4e9a\u6d77\u60a6\u4e1c\u65b9\u9152\u5e97", "order_time": ["2019-01-16 04:21:46", "2019-01-16 04:11:50"], "total_order": 2, "hotel_value": ["4.3", "4.3"], "hotel_price": ["105", "105"]}, "9789923": {"hotel_name": "\u4e09\u4e9a\u5eb7\u5e74\u9152\u5e97", "order_time": ["2019-01-16 04:15:46"], "total_order": 1, "hotel_value": ["4.7"], "hotel_price": ["976"]}, "345522": {"hotel_name": "\u4e09\u4e9a\u5929\u57df\u5ea6\u5047\u9152\u5e97", "order_time": ["2019-01-16 04:15:46"], "total_order": 1, "hotel_value": ["4.8"], "hotel_price": ["799"]}, "345093": {"hotel_name": "\u4e09\u4e9a\u9633\u5149\u5927\u9152\u5e97", "order_time": ["2019-01-16 04:17:47"], "total_order": 1, "hotel_value": ["4.6"], "hotel_price": ["406"]}, "2048043": {"hotel_name": "\u4e09\u4e9a\u91d1\u51e4\u51f0\u6d77\u5cb8\u5ea6\u5047\u516c\u5bd3", "order_time": ["2019-01-16 04:17:48"], "total_order": 1, "hotel_value": ["4.7"], "hotel_price": ["298"]}, "1137078": {"hotel_name": "\u6d77\u5357\u6e05\u6c34\u6e7e\u5047\u65e5\u5ea6\u5047\u9152\u5e97", "order_time": ["2019-01-16 04:19:46"], "total_order": 1, "hotel_value": ["4.7"], "hotel_price": ["493"]}, "6279068": {"hotel_name": "\u4e09\u4e9a\u6d77\u6f2b\u6f2b\u5ba2\u6808", "order_time": ["2019-01-16 04:19:46"], "total_order": 1, "hotel_value": ["4.5"], "hotel_price": ["128"]}, "6450523": {"hotel_name": "\u4e09\u4e9a\u5c71\u6d77\u5929\u5927\u9152\u5e97\u00b7\u50b2\u9014\u683c\u7cbe\u9009", "order_time": ["2019-01-16 04:19:46"], "total_order": 1, "hotel_value": ["4.8"], "hotel_price": ["1190"]}, "6294985": {"hotel_name": "\u4e09\u4e9a\u660c\u5170\u697c\u5feb\u6377\u9152\u5e97", "order_time": ["2019-01-16 04:21:47"], "total_order": 1, "hotel_value": ["3.8"], "hotel_price": ["108"]}, "28710421": {"hotel_name": "\u4e09\u4e9a\u8fce\u5bbf\u4e3b\u9898\u9152\u5e97", "order_time": ["2019-01-16 04:23:48"], "total_order": 1, "hotel_value": ["5.0"], "hotel_price": ["93"]}, "3068224": {"hotel_name": "\u4e09\u4e9a\u5927\u4e1c\u6d77HOME\u5957\u623f\u5ea6\u5047\u6d77\u666f\u5ba2\u6808", "order_time": ["2019-01-16 04:27:46"], "total_order": 1, "hotel_value": ["4.8"], "hotel_price": ["147"]}, "854161": {"hotel_name": "\u4e09\u4e9a\u6e7e\u65b0\u7586\u5927\u53a6\u5ea6\u5047\u9152\u5e97", "order_time": ["2019-01-16 04:29:47"], "total_order": 1, "hotel_value": ["4.5"], "hotel_price": ["304"]}, "9666280": {"hotel_name": "\u4e09\u4e9ahello\u6d77\u666f\u5ea6\u5047\u516c\u5bd3", "order_time": ["2019-01-16 04:31:47"], "total_order": 1, "hotel_value": ["4.8"], "hotel_price": ["274"]}, "26483436": {"hotel_name": "\u4e09\u4e9a\u4e0e\u9e7f\u9752\u5e74\u65c5\u820d", "order_time": ["2019-01-16 04:33:48"], "total_order": 1, "hotel_value": ["4.9"], "hotel_price": ["44"]}, "6118712": {"hotel_name": "\u4e09\u4e9a\u91d1\u4e2d\u6d77\u84dd\u94bb\u5ea6\u5047\u516c\u5bd3\u4e09\u4e9a\u6e7e\u5e97", "order_time": ["2019-01-16 04:35:47"], "total_order": 1, "hotel_value": ["4.7"], "hotel_price": ["232"]}, "481437": {"hotel_name": "\u9526\u6c5f\u4e4b\u661f(\u4e09\u4e9a\u89e3\u653e\u8def\u5e97)", "order_time": ["2019-01-16 04:41:46"], "total_order": 1, "hotel_value": ["4.6"], "hotel_price": ["189"]}, "11444334": {"hotel_name": "\u4e09\u4e9a\u4e9a\u9f99\u6e7e\u5e0c\u60a6\u7cbe\u54c1\u522b\u5885\u9152\u5e97", "order_time": ["2019-01-16 04:43:46"], "total_order": 1, "hotel_value": ["4.6"], "hotel_price": ["540"]}, "2893419": {"hotel_name": "\u6021\u83b1\u9152\u5e97(\u4e09\u4e9a\u89e3\u653e\u8def\u6b65\u884c\u8857\u5e97)(\u539f\u7b2c\u4e00\u5e02\u573a\u5e97)", "order_time": ["2019-01-16 04:43:47"], "total_order": 1, "hotel_value": ["3.9"], "hotel_price": ["125"]}}}