{"\u5f00\u59cb\u8bb0\u5f55\u65f6\u95f4": "2019-01-23 00:43:57", "\u7ed3\u675f\u8bb0\u5f55\u65f6\u95f4": "2019-01-23 01:43:57", "\u8ba2\u5355\u603b\u589e\u91cf": 149, "item": {"1185042": {"hotel_name": "\u4e09\u4e9a\u6e7e\u7ea2\u6811\u6797\u5ea6\u5047\u4e16\u754c(\u83e9\u63d0\u9152\u5e97)", "order_time": ["2019-01-23 00:44:53"], "total_order": 1, "hotel_value": ["4.7"], "hotel_price": ["690"]}, "4388404": {"hotel_name": "\u4e09\u4e9a\u7f8e\u4e3d\u4e4b\u51a0\u5927\u6811\u9152\u5e97", "order_time": ["2019-01-23 00:46:16"], "total_order": 1, "hotel_value": ["4.3"], "hotel_price": ["220"]}, "842998": {"hotel_name": "\u541b\u6f9c\u00b7\u4e09\u4e9a\u6e7e\u8fce\u5bbe\u9986\u6d77\u666f\u5ea6\u5047\u9152\u5e97", "order_time": ["2019-01-23 00:46:18"], "total_order": 1, "hotel_value": ["4.8"], "hotel_price": ["529"]}, "13698570": {"hotel_name": "\u4e09\u4e9a\u539f\u820d\u8bbe\u8ba1\u9152\u5e97", "order_time": ["2019-01-23 00:46:21"], "total_order": 1, "hotel_value": ["4.6"], "hotel_price": ["155"]}, "386917": {"hotel_name": "\u4e09\u4e9a\u6d77\u97f5\u5ea6\u5047\u9152\u5e97", "order_time": ["2019-01-23 00:46:34"], "total_order": 1, "hotel_value": ["4.7"], "hotel_price": ["696"]}, "486003": {"hotel_name": "\u4e09\u4e9a\u8708\u652f\u6d32\u5c9b\u73ca\u745a\u9152\u5e97", "order_time": ["2019-01-23 00:46:43"], "total_order": 1, "hotel_value": ["4.8"], "hotel_price": ["1100"]}, "8627044": {"hotel_name": "\u4e09\u4e9a\u4fdd\u5229\u7470\u4e3d\u9152\u5e97", "order_time": ["2019-01-23 00:48:19", "2019-01-23 01:38:25"], "total_order": 2, "hotel_value": ["4.7", "4.7"], "hotel_price": ["1609", "1609"]}, "345080": {"hotel_name": "\u4e09\u4e9a\u4e9a\u9f99\u6e7e\u559c\u6765\u767b\u5ea6\u5047\u9152\u5e97", "order_time": ["2019-01-23 01:20:16", "2019-01-23 00:48:19", "2019-01-23 01:10:27", "2019-01-23 00:58:20"], "total_order": 4, "hotel_value": ["4.6", "4.6", "4.6", "4.6"], "hotel_price": ["1031", "1031", "1031", "1031"]}, "345069": {"hotel_name": "\u4e09\u4e9a\u6d77\u68e0\u6e7e\u4e07\u8fbe\u5e0c\u5c14\u987f\u9038\u6797\u5ea6\u5047\u9152\u5e97", "order_time": ["2019-01-23 00:48:19", "2019-01-23 01:16:36", "2019-01-23 00:56:18"], "total_order": 3, "hotel_value": ["4.5", "4.5", "4.5"], "hotel_price": ["650", "650", "650"]}, "1682691": {"hotel_name": "\u4e09\u4e9a\u4eac\u6d77\u56fd\u9645\u5047\u65e5\u9152\u5e97", "order_time": ["2019-01-23 01:20:49", "2019-01-23 00:48:23"], "total_order": 2, "hotel_value": ["4.6", "4.6"], "hotel_price": ["538", "673"]}, "3040204": {"hotel_name": "\u521d\u89c1\u4e09\u4e9a\u6d77\u666f\u7a7a\u4e2d\u82b1\u56ed\u5ba2\u6808", "order_time": ["2019-01-23 00:54:24", "2019-01-23 00:48:24"], "total_order": 2, "hotel_value": ["4.9", "4.9"], "hotel_price": ["215", "215"]}, "6635244": {"hotel_name": "\u4e09\u4e9a\u6893\u8def\u5ba2\u6808", "order_time": ["2019-01-23 00:48:24"], "total_order": 1, "hotel_value": ["4.7"], "hotel_price": ["122"]}, "2201212": {"hotel_name": "\u4e09\u4e9a1119\u5ea6\u5047\u751f\u6d3b\u522b\u9986", "order_time": ["2019-01-23 00:48:24"], "total_order": 1, "hotel_value": ["4.9"], "hotel_price": ["282"]}, "420069": {"hotel_name": "\u4e09\u4e9a\u4e2d\u4e9a\u56fd\u9645\u5927\u9152\u5e97", "order_time": ["2019-01-23 00:48:25", "2019-01-23 01:26:20"], "total_order": 2, "hotel_value": ["4.5", "4.5"], "hotel_price": ["393", "393"]}, "470577": {"hotel_name": "\u4e09\u4e9a\u5357\u5c71\u4f11\u95f2\u4f1a\u9986\u7985\u4fee\u4e3b\u9898", "order_time": ["2019-01-23 00:48:26"], "total_order": 1, "hotel_value": ["4.5"], "hotel_price": ["539"]}, "428335": {"hotel_name": "\u5982\u5bb6\u5feb\u6377\u9152\u5e97(\u4e09\u4e9a\u6986\u4e9a\u8def\u5927\u4e1c\u6d77\u5e97)", "order_time": ["2019-01-23 00:50:17"], "total_order": 1, "hotel_value": ["4.5"], "hotel_price": ["237"]}, "470083": {"hotel_name": "\u6d77\u5357\u96c5\u5c45\u4e50\u83b1\u4f5b\u58eb\u9152\u5e97", "order_time": ["2019-01-23 00:50:17", "2019-01-23 00:56:18"], "total_order": 2, "hotel_value": ["4.8", "4.8"], "hotel_price": ["988", "988"]}, "427277": {"hotel_name": "\u4e09\u4e9a\u4e2d\u5fc3\u7687\u51a0\u5047\u65e5\u9152\u5e97", "order_time": ["2019-01-23 00:50:17", "2019-01-23 01:12:16", "2019-01-23 00:52:22", "2019-01-23 01:02:37"], "total_order": 4, "hotel_value": ["4.7", "4.7", "4.7", "4.7"], "hotel_price": ["537", "537", "537", "537"]}, "1243740": {"hotel_name": "\u4e09\u4e9a\u6021\u5fc3\u5047\u65e5\u6d77\u8fb9\u5ba2\u6808(\u539f\u5341\u6b65\u770b\u6d77\u6021\u5fc3\u5ba2\u6808)", "order_time": ["2019-01-23 00:50:21", "2019-01-23 00:54:35"], "total_order": 2, "hotel_value": ["4.8", "4.8"], "hotel_price": ["188", "188"]}, "345065": {"hotel_name": "\u4e09\u4e9a\u4e07\u4e3d\u5ea6\u5047\u9152\u5e97", "order_time": ["2019-01-23 00:50:21"], "total_order": 1, "hotel_value": ["4.7"], "hotel_price": ["616"]}, "25665180": {"hotel_name": "\u4e09\u4e9a\u5609\u4f69\u4e50\u5ea6\u5047\u9152\u5e97", "order_time": ["2019-01-23 00:50:29"], "total_order": 1, "hotel_value": ["4.6"], "hotel_price": ["2808"]}, "431932": {"hotel_name": "\u4e09\u4e9a\u94f6\u97f5\u6d77\u666f\u5ea6\u5047\u9152\u5e97", "order_time": ["2019-01-23 00:52:27"], "total_order": 1, "hotel_value": ["4.7"], "hotel_price": ["349"]}, "384973": {"hotel_name": "\u4e09\u4e9a\u6d77\u68e0\u6e7e\u5f00\u7ef4\u4e07\u8fbe\u6587\u534e\u5ea6\u5047\u9152\u5e97", "order_time": ["2019-01-23 00:54:17"], "total_order": 1, "hotel_value": ["4.5"], "hotel_price": ["628"]}, "707593": {"hotel_name": "\u4e09\u4e9a\u51e4\u51f0\u5c9b\u6d77\u6d0b\u4e4b\u661f\u5ea6\u5047\u9152\u5e97", "order_time": ["2019-01-23 00:54:17", "2019-01-23 01:06:23"], "total_order": 2, "hotel_value": ["4.6", "4.6"], "hotel_price": ["462", "462"]}, "346735": {"hotel_name": "\u4e09\u4e9a\u5357\u7530\u6e29\u6cc9\u597d\u6c49\u5761\u56fd\u9645\u5ea6\u5047\u9152\u5e97", "order_time": ["2019-01-23 01:16:27", "2019-01-23 00:54:24"], "total_order": 2, "hotel_value": ["4.3", "4.3"], "hotel_price": ["346", "346"]}, "6371552": {"hotel_name": "\u4e09\u4e9a\u96c5\u5e03\u4f26\u5065\u5eb7\u7597\u517b\u5ea6\u5047\u9152\u5e97(\u539f\u96c5\u5e03\u4f26\u5ea6\u5047\u9152\u5e97)", "order_time": ["2019-01-23 00:54:24"], "total_order": 1, "hotel_value": ["4.4"], "hotel_price": ["325"]}, "1470056": {"hotel_name": "Q\u52a0\u00b7\u4e09\u4e9a\u8fd9\u7247\u6d77\u5ea6\u5047\u6d77\u666f\u5ba2\u6808", "order_time": ["2019-01-23 00:54:24"], "total_order": 1, "hotel_value": ["4.6"], "hotel_price": ["177"]}, "854467": {"hotel_name": "\u4e09\u4e9a\u67d2\u73a5\u6d77\u8bed\u6d77\u666f\u4e3b\u9898\u9152\u5e97", "order_time": ["2019-01-23 00:54:24"], "total_order": 1, "hotel_value": ["4.6"], "hotel_price": ["111"]}, "670132": {"hotel_name": "\u5929\u827a\u56fd\u9645\u9152\u5e97(\u4e09\u4e9a\u5927\u4e1c\u6d77\u5e97)(\u539f\u4e16\u7eaa\u8c6a\u5ead\u9152\u5e97)", "order_time": ["2019-01-23 00:54:24"], "total_order": 1, "hotel_value": ["4.4"], "hotel_price": ["288"]}, "13990082": {"hotel_name": "\u4e09\u4e9a\u6e7e\u5341\u516b\u6e21\u84dd\u5ea6\u5047\u9152\u5e97", "order_time": ["2019-01-23 00:54:24"], "total_order": 1, "hotel_value": ["4.5"], "hotel_price": ["408"]}, "2883738": {"hotel_name": "\u4e09\u4e9a\u9082\u9005\u65f6\u5149\u827a\u672f\u5ba2\u6808", "order_time": ["2019-01-23 00:54:24"], "total_order": 1, "hotel_value": ["4.6"], "hotel_price": ["163"]}, "6839693": {"hotel_name": "\u4e09\u4e9a\u68ee\u6797\u6d77\u5cb8\u6cf3\u6c60\u5ea6\u5047\u522b\u5885", "order_time": ["2019-01-23 00:54:24"], "total_order": 1, "hotel_value": ["4.9"], "hotel_price": ["526"]}, "12458747": {"hotel_name": "\u4e09\u4e9a\u851a\u84dd\u6d77\u5cb8\u6d77\u666f\u516c\u5bd3", "order_time": ["2019-01-23 00:54:24"], "total_order": 1, "hotel_value": ["4.9"], "hotel_price": ["392"]}, "1715599": {"hotel_name": "\u4e09\u4e9a\u585e\u7eb3\u6d77\u5cb8\u827a\u672f\u5ba2\u6808", "order_time": ["2019-01-23 00:54:24"], "total_order": 1, "hotel_value": ["4.8"], "hotel_price": ["155"]}, "1061478": {"hotel_name": "\u4e45\u6816\u00b7\u4e09\u4e9aiHome\u6d77\u666f\u5ea6\u5047\u516c\u5bd3", "order_time": ["2019-01-23 00:54:24"], "total_order": 1, "hotel_value": ["4.7"], "hotel_price": ["439"]}, "21634169": {"hotel_name": "\u7f18\u7b51\u00b7\u4e09\u4e9a\u6162\u70b9\u5ea6\u5047\u516c\u5bd3(\u64ce\u5929\u534a\u5c9b\u5e97)", "order_time": ["2019-01-23 00:54:24"], "total_order": 1, "hotel_value": ["4.7"], "hotel_price": ["182"]}, "6275536": {"hotel_name": "\u4e09\u4e9a\u4e9a\u9f99\u6e7e\u4e50\u5c45\u8c6a\u5b85\u5ea6\u5047\u516c\u5bd3", "order_time": ["2019-01-23 00:54:24"], "total_order": 1, "hotel_value": ["4.8"], "hotel_price": ["275"]}, "28366175": {"hotel_name": "\u4e09\u4e9a\u81ea\u6e38\u6e2f\u68e0\u6e7e\u5ea6\u5047\u9152\u5e97", "order_time": ["2019-01-23 00:54:24"], "total_order": 1, "hotel_value": ["4.6"], "hotel_price": ["862"]}, "691654": {"hotel_name": "\u4e09\u4e9a\u4e9a\u9f99\u6e7e\u9ad8\u5c14\u592b\u7403\u4f1a", "order_time": ["2019-01-23 00:54:24"], "total_order": 1, "hotel_value": ["4.5"], "hotel_price": ["558"]}, "976249": {"hotel_name": "\u54ea\u91cc\u90a3\u91cc\u6d77\u5cb8\u7cbe\u54c1\u5ba2\u6808(\u4e09\u4e9a\u5927\u4e1c\u6d77\u5e97)", "order_time": ["2019-01-23 00:54:24", "2019-01-23 01:04:25"], "total_order": 2, "hotel_value": ["4.8", "4.8"], "hotel_price": ["219", "219"]}, "1720697": {"hotel_name": "\u4e09\u4e9a\u65b0\u5b87\u9152\u5e97", "order_time": ["2019-01-23 00:54:24"], "total_order": 1, "hotel_value": ["4.3"], "hotel_price": ["156"]}, "15717224": {"hotel_name": "\u5fc6\u8bed\u6d41\u5e74\u7cbe\u54c1\u6c11\u5bbf", "order_time": ["2019-01-23 00:54:24"], "total_order": 1, "hotel_value": ["4.8"], "hotel_price": ["224"]}, "2686334": {"hotel_name": "\u7231\u820d\u6d77\u666f\u5ea6\u5047\u516c\u5bd3(\u4e09\u4e9a\u6d77\u6708\u5e7f\u573a\u6930\u68a6\u957f\u5eca\u5e97)", "order_time": ["2019-01-23 00:54:24"], "total_order": 1, "hotel_value": ["4.8"], "hotel_price": ["307"]}, "17292860": {"hotel_name": "\u4e09\u4e9a\u6d77\u68e0\u6e7e\u6155\u820d\u96ea\u83b1\u6d0b\u623f\u522b\u5885", "order_time": ["2019-01-23 00:54:24"], "total_order": 1, "hotel_value": ["4.8"], "hotel_price": ["1027"]}, "6867681": {"hotel_name": "\u4e09\u4e9a\u590f\u672b\u82b1\u5f00\u5c71\u95f4\u5c0f\u7b51", "order_time": ["2019-01-23 01:22:22", "2019-01-23 00:54:24"], "total_order": 2, "hotel_value": ["4.8", "4.8"], "hotel_price": ["153", "153"]}, "1580558": {"hotel_name": "\u901f8\u9152\u5e97(\u4e09\u4e9a\u6e7e\u5409\u7965\u8857\u5e97)", "order_time": ["2019-01-23 00:54:24"], "total_order": 1, "hotel_value": ["4.6"], "hotel_price": ["168"]}, "8530756": {"hotel_name": "\u5927\u6811\u6811\u5b9d\u9152\u5e97\u516c\u5bd3(\u4e09\u4e9a\u7f8e\u4e3d\u4e4b\u51a0\u5e97)", "order_time": ["2019-01-23 00:54:24"], "total_order": 1, "hotel_value": ["4.7"], "hotel_price": ["170"]}, "346673": {"hotel_name": "\u4e09\u4e9a\u534a\u5c71\u534a\u5c9b\u5ea6\u5047\u9152\u5e97(\u5168\u5957\u623f)", "order_time": ["2019-01-23 00:56:17"], "total_order": 1, "hotel_value": ["4.6"], "hotel_price": ["752"]}, "371722": {"hotel_name": "\u4e09\u4e9a\u4e9a\u9f99\u6e7e\u91d1\u68d5\u6988\u5ea6\u5047\u9152\u5e97", "order_time": ["2019-01-23 00:56:18"], "total_order": 1, "hotel_value": ["4.6"], "hotel_price": ["528"]}, "3041884": {"hotel_name": "\u4e09\u4e9a\u4e3d\u79be\u6e29\u5fb7\u59c6\u9152\u5e97", "order_time": ["2019-01-23 00:56:18"], "total_order": 1, "hotel_value": ["4.8"], "hotel_price": ["730"]}, "436673": {"hotel_name": "\u4e09\u4e9a\u9e7f\u5cad\u6d77\u6e7e\u7ef4\u666f\u56fd\u9645\u5927\u9152\u5e97(\u539f\u4e09\u4e9a\u6d77\u6e7e\u7ef4\u666f\u56fd\u9645\u5927\u9152\u5e97)", "order_time": ["2019-01-23 01:36:17", "2019-01-23 00:56:18"], "total_order": 2, "hotel_value": ["4.6", "4.6"], "hotel_price": ["321", "321"]}, "15330406": {"hotel_name": "7\u5929\u9152\u5e97(\u4e09\u4e9a\u4e9a\u9f99\u6e7e\u666f\u533a\u5e97)", "order_time": ["2019-01-23 00:56:19"], "total_order": 1, "hotel_value": ["4.5"], "hotel_price": ["154"]}, "346766": {"hotel_name": "\u4e09\u4e9a\u4e9a\u9f99\u6e7e\u51ef\u83b1\u4ed9\u4eba\u638c\u5ea6\u5047\u9152\u5e97", "order_time": ["2019-01-23 00:58:21"], "total_order": 1, "hotel_value": ["4.6"], "hotel_price": ["444"]}, "2645085": {"hotel_name": "\u4e09\u4e9a\u9f99\u5f97\u6c34\u82d1\u4e3b\u9898\u5ba2\u6808\uff08\u6d77\u6708\u5e7f\u573a\u5e97\uff09", "order_time": ["2019-01-23 00:58:22"], "total_order": 1, "hotel_value": ["4.5"], "hotel_price": ["113"]}, "18554984": {"hotel_name": "\u4e09\u4e9a\u98d8\u827a\u672f\u5ba2\u6808(\u51e4\u51f0\u673a\u573a\u5e97)", "order_time": ["2019-01-23 00:58:23"], "total_order": 1, "hotel_value": ["4.9"], "hotel_price": ["192"]}, "2147975": {"hotel_name": "\u4e09\u4e9a\u80cc\u5305\u5ba2\u56fd\u9645\u9752\u5e74\u65c5\u820d(\u539f\u9633\u5149\u56fd\u9645\u9752\u5e74\u65c5\u820d)", "order_time": ["2019-01-23 00:58:32"], "total_order": 1, "hotel_value": ["4.6"], "hotel_price": ["50"]}, "2096534": {"hotel_name": "\u4e09\u4e9a\u4eac\u4e9a\u516c\u5bd3", "order_time": ["2019-01-23 00:58:41"], "total_order": 1, "hotel_value": [0], "hotel_price": ["59"]}, "3735187": {"hotel_name": "\u4e09\u4e9a\u7406\u6587\u7d22\u83f2\u7279\u5ea6\u5047\u9152\u5e97", "order_time": ["2019-01-23 01:36:17", "2019-01-23 01:00:27"], "total_order": 2, "hotel_value": ["4.6", "4.6"], "hotel_price": ["909", "909"]}, "21696606": {"hotel_name": "\u989c\u820d\u6d77\u666f\u522b\u5885\u9152\u5e97(\u4e09\u4e9a\u5927\u4e1c\u6d77\u5e97)", "order_time": ["2019-01-23 01:02:21"], "total_order": 1, "hotel_value": ["4.8"], "hotel_price": ["172"]}, "25804375": {"hotel_name": "\u4e09\u4e9a\u6e90\u5bbf\u5c0f\u9662", "order_time": ["2019-01-23 01:02:23"], "total_order": 1, "hotel_value": ["4.9"], "hotel_price": ["193"]}, "1486685": {"hotel_name": "\u4e09\u4e9a\u51e4\u51f0\u5c9b\u5ea6\u5047\u9152\u5e97", "order_time": ["2019-01-23 01:18:26", "2019-01-23 01:02:29"], "total_order": 2, "hotel_value": ["4.7", "4.7"], "hotel_price": ["1358", "1358"]}, "374842": {"hotel_name": "\u4e09\u4e9a\u6e7e\u6d77\u5c45\u94c2\u5c14\u66fc\u5ea6\u5047\u9152\u5e97", "order_time": ["2019-01-23 01:02:37"], "total_order": 1, "hotel_value": ["4.7"], "hotel_price": ["840"]}, "436675": {"hotel_name": "\u4e09\u4e9a\u5927\u4e1c\u6d77\u541b\u4ead\u9152\u5e97", "order_time": ["2019-01-23 01:02:37"], "total_order": 1, "hotel_value": ["4.8"], "hotel_price": ["333"]}, "1340218": {"hotel_name": "\u4e09\u4e9a\u671b\u6d77\u9752\u5e74\u9152\u5e97", "order_time": ["2019-01-23 01:02:46"], "total_order": 1, "hotel_value": ["4.7"], "hotel_price": ["313"]}, "438193": {"hotel_name": "\u6d77\u5357\u798f\u6e7e\u6885\u8bfa\u5361\u5ea6\u5047\u9152\u5e97", "order_time": ["2019-01-23 01:04:23"], "total_order": 1, "hotel_value": ["4.4"], "hotel_price": ["317"]}, "372133": {"hotel_name": "\u4e09\u4e9a\u73e0\u6c5f\u82b1\u56ed\u9152\u5e97", "order_time": ["2019-01-23 01:04:25"], "total_order": 1, "hotel_value": ["4.4"], "hotel_price": ["393"]}, "4371952": {"hotel_name": "\u4e09\u4e9a\u534e\u5b87\u4e9a\u9f99\u6e7e\u8fce\u5bbe\u9986", "order_time": ["2019-01-23 01:06:28"], "total_order": 1, "hotel_value": ["4.7"], "hotel_price": ["2249"]}, "1690612": {"hotel_name": "\u4e09\u4e9a\u6587\u82f1\u5bbe\u9986", "order_time": ["2019-01-23 01:06:38"], "total_order": 1, "hotel_value": ["4.5"], "hotel_price": ["129"]}, "1980387": {"hotel_name": "\u9e97\u67ab\u9152\u5e97(\u4e09\u4e9a\u6b65\u884c\u8857\u5e97)", "order_time": ["2019-01-23 01:08:15"], "total_order": 1, "hotel_value": ["4.8"], "hotel_price": ["397"]}, "440685": {"hotel_name": "\u4e09\u4e9a\u7389\u6d77\u56fd\u9645\u5ea6\u5047\u9152\u5e97", "order_time": ["2019-01-23 01:08:17"], "total_order": 1, "hotel_value": ["4.5"], "hotel_price": ["299"]}, "435983": {"hotel_name": "\u4e09\u4e9a\u4e9a\u9f99\u6e7e\u4eba\u95f4\u5929\u5802-\u9e1f\u5de2\u5ea6\u5047\u6751", "order_time": ["2019-01-23 01:08:18"], "total_order": 1, "hotel_value": ["4.6"], "hotel_price": ["1270"]}, "6866752": {"hotel_name": "\u4e09\u4e9a\u5929\u6daf\u6d77\u89d2\u9047\u89c1\u65f6\u5149\u6d77\u666f\u5ba2\u6808", "order_time": ["2019-01-23 01:08:18"], "total_order": 1, "hotel_value": ["4.9"], "hotel_price": ["105"]}, "2705938": {"hotel_name": "\u4e09\u4e9a\u514b\u62c9\u5c14\u9152\u5e97\u00b7\u6d77\u5cb8\u7cbe\u9009", "order_time": ["2019-01-23 01:08:23"], "total_order": 1, "hotel_value": ["4.7"], "hotel_price": ["168"]}, "430163": {"hotel_name": "\u4e09\u4e9a\u4e9a\u9f99\u6e7e\u94c2\u5c14\u66fc\u522b\u5885\u5ea6\u5047\u9152\u5e97", "order_time": ["2019-01-23 01:08:25"], "total_order": 1, "hotel_value": ["4.6"], "hotel_price": ["2199"]}, "473314": {"hotel_name": "\u4e09\u4e9a\u4e8c\u6708\u6d77\u6d77\u666f\u9152\u5e97", "order_time": ["2019-01-23 01:10:22", "2019-01-23 01:14:23"], "total_order": 2, "hotel_value": ["4.8", "4.8"], "hotel_price": ["191", "191"]}, "15696546": {"hotel_name": "\u4e09\u4e9a\u4e2d\u5fc3\u51ef\u60a6\u5609\u8f69\u9152\u5e97", "order_time": ["2019-01-23 01:38:17", "2019-01-23 01:10:22"], "total_order": 2, "hotel_value": ["4.5", "4.5"], "hotel_price": ["499", "499"]}, "24032181": {"hotel_name": "\u4e09\u4e9a\u5fc3\u5bbf\u7cbe\u54c1\u4e3b\u9898\u9152\u5e97", "order_time": ["2019-01-23 01:10:23"], "total_order": 1, "hotel_value": ["4.9"], "hotel_price": ["111"]}, "6056059": {"hotel_name": "\u6d77\u5357\u6e05\u6c34\u6e7e\u6e29\u5fb7\u59c6\u5ea6\u5047\u9152\u5e97", "order_time": ["2019-01-23 01:12:19"], "total_order": 1, "hotel_value": ["4.6"], "hotel_price": ["516"]}, "6184724": {"hotel_name": "\u4e09\u4e9a\u767b\u4ed5\u4f73\u9152\u5e97(\u539f\u6c11\u751f\u804c\u5de5\u4e4b\u5bb6\u9152\u5e97)", "order_time": ["2019-01-23 01:14:21"], "total_order": 1, "hotel_value": ["4.6"], "hotel_price": ["199"]}, "3328368": {"hotel_name": "\u4e09\u4e9a\u7f57\u9a6c\u65f6\u5149\u6d77\u666f\u5ea6\u5047\u516c\u5bd3", "order_time": ["2019-01-23 01:14:27"], "total_order": 1, "hotel_value": ["4.7"], "hotel_price": ["123"]}, "346684": {"hotel_name": "\u4e09\u4e9a\u73e0\u6c5f\u5357\u7530\u6e29\u6cc9\u5ea6\u5047\u533a", "order_time": ["2019-01-23 01:16:19", "2019-01-23 01:14:29"], "total_order": 2, "hotel_value": ["4.3", "4.3"], "hotel_price": ["349", "349"]}, "437115": {"hotel_name": "\u4e09\u4e9a\u767e\u680e\u56fd\u9645\u5ea6\u5047\u516c\u5bd3", "order_time": ["2019-01-23 01:18:18"], "total_order": 1, "hotel_value": ["4.3"], "hotel_price": ["257"]}, "346775": {"hotel_name": "\u4e09\u4e9a\u4e9a\u9f99\u6e7e\u73af\u7403\u57ce\u5927\u9152\u5e97", "order_time": ["2019-01-23 01:18:22"], "total_order": 1, "hotel_value": ["4.2"], "hotel_price": ["390"]}, "346739": {"hotel_name": "\u4e09\u4e9a\u9e3f\u6d32\u56fd\u9645\u6e38\u8247\u9152\u5e97", "order_time": ["2019-01-23 01:18:24"], "total_order": 1, "hotel_value": ["4.7"], "hotel_price": ["628"]}, "8589084": {"hotel_name": "\u4e09\u4e9a\u51e4\u51f0\u7f8e\u4e3d\u5927\u9152\u5e97", "order_time": ["2019-01-23 01:20:22"], "total_order": 1, "hotel_value": ["4.8"], "hotel_price": ["167"]}, "440975": {"hotel_name": "\u4e09\u4e9a\u4e1c\u65b9\u6d77\u666f\u5927\u9152\u5e97", "order_time": ["2019-01-23 01:20:25"], "total_order": 1, "hotel_value": ["4.3"], "hotel_price": ["266"]}, "2785460": {"hotel_name": "L\u6d77\u666f\u5ea6\u5047\u516c\u9986(\u4e09\u4e9a\u9e3f\u6d32\u56fd\u9645\u5e97)(\u539f\u4e09\u4e9a\u9e3f\u6d32\u56fd\u9645\u6d77\u666f\u5ea6\u5047\u516c\u9986)", "order_time": ["2019-01-23 01:22:17"], "total_order": 1, "hotel_value": ["4.6"], "hotel_price": ["204"]}, "16897771": {"hotel_name": "\u4e09\u4e9a\u6d77\u68e0\u6e7e\u9e93\u6e56\u5ea6\u5047\u9152\u5e97", "order_time": ["2019-01-23 01:22:18"], "total_order": 1, "hotel_value": ["4.7"], "hotel_price": ["491"]}, "428327": {"hotel_name": "\u5982\u5bb6\u5feb\u6377\u9152\u5e97(\u4e09\u4e9a\u4e09\u4e9a\u6e7e\u5409\u7965\u8857\u6d77\u666f\u5e97)", "order_time": ["2019-01-23 01:28:23", "2019-01-23 01:42:19", "2019-01-23 01:22:18"], "total_order": 3, "hotel_value": ["4.2", "4.2", "4.2"], "hotel_price": ["152", "152", "152"]}, "5896791": {"hotel_name": "\u4e09\u4e9a\u8d70\u8d70\u505c\u505c\u7cbe\u54c1\u5ba2\u6808\u5927\u4e1c\u6d77\u5e97", "order_time": ["2019-01-23 01:22:19"], "total_order": 1, "hotel_value": ["4.8"], "hotel_price": ["202"]}, "1964800": {"hotel_name": "\u4e09\u4e9a\u62fe\u5149\u4e3b\u9898\u5bb6\u5ead\u65c5\u9986", "order_time": ["2019-01-23 01:24:27", "2019-01-23 01:28:29"], "total_order": 2, "hotel_value": ["4.8", "4.8"], "hotel_price": ["115", "115"]}, "346690": {"hotel_name": "\u4e09\u4e9a\u94f6\u6cf0\u9633\u5149\u5ea6\u5047\u9152\u5e97(\u539f\u4e09\u4e9a\u6e58\u6295\u94f6\u6cf0\u5ea6\u5047\u9152\u5e97)", "order_time": ["2019-01-23 01:24:32"], "total_order": 1, "hotel_value": ["4.8"], "hotel_price": ["689"]}, "3631084": {"hotel_name": "\u4e09\u4e9a\u6e7e\u5e0c\u5c14\u987f\u6b22\u670b\u9152\u5e97", "order_time": ["2019-01-23 01:26:17"], "total_order": 1, "hotel_value": ["4.8"], "hotel_price": ["529"]}, "455490": {"hotel_name": "\u4e09\u4e9a\u4e9a\u9f99\u6e7e\u77f3\u6eaa\u5885\u5efa\u56fd\u5ea6\u5047\u9152\u5e97", "order_time": ["2019-01-23 01:26:19"], "total_order": 1, "hotel_value": ["4.6"], "hotel_price": ["488"]}, "684215": {"hotel_name": "\u4e09\u4e9a\u6d77\u68e0\u6e7e\u5929\u623f\u6d32\u9645\u5ea6\u5047\u9152\u5e97", "order_time": ["2019-01-23 01:30:20", "2019-01-23 01:26:20"], "total_order": 2, "hotel_value": ["4.7", "4.7"], "hotel_price": ["1455", "1455"]}, "16028847": {"hotel_name": "\u4e09\u4e9a\u5343\u53e4\u60c5\u5ba2\u6808", "order_time": ["2019-01-23 01:36:17", "2019-01-23 01:28:16"], "total_order": 2, "hotel_value": ["4.7", "4.7"], "hotel_price": ["458", "458"]}, "345095": {"hotel_name": "\u4e09\u4e9a\u9ece\u5ba2\u56fd\u9645\u9152\u5e97", "order_time": ["2019-01-23 01:28:21", "2019-01-23 01:36:18"], "total_order": 2, "hotel_value": ["4.4", "4.4"], "hotel_price": ["366", "366"]}, "1496463": {"hotel_name": "\u4e09\u4e9a\u5c0f\u9c7c\u513f\u5ea6\u5047\u5c71\u5e84", "order_time": ["2019-01-23 01:28:33"], "total_order": 1, "hotel_value": ["4.4"], "hotel_price": ["105"]}, "4410283": {"hotel_name": "\u4e09\u4e9a\u5b50\u60a6\u5eb7\u5e74\u9152\u5e97(\u539f\u4e2d\u94c1\u5b50\u60a6\u5eb7\u5e74\u5546\u52a1\u9152\u5e97)", "order_time": ["2019-01-23 01:30:26"], "total_order": 1, "hotel_value": ["4.6"], "hotel_price": ["380"]}, "16011247": {"hotel_name": "\u4e09\u4e9a\u6c38\u6210\u4e03\u4ed9\u6f6e\u6c55\u9152\u5e97", "order_time": ["2019-01-23 01:30:29"], "total_order": 1, "hotel_value": ["4.2"], "hotel_price": ["318"]}, "18075076": {"hotel_name": "\u4e09\u4e9a\u827e\u8a00\u9152\u5e97", "order_time": ["2019-01-23 01:34:19"], "total_order": 1, "hotel_value": ["4.8"], "hotel_price": ["371"]}, "429615": {"hotel_name": "\u4e09\u4e9a\u4e9a\u9f99\u6e7e\u541b\u6f9c\u5ea6\u5047\u9152\u5e97(\u539f\u5047\u65e5\u5ea6\u5047\u9152\u5e97)", "order_time": ["2019-01-23 01:34:20"], "total_order": 1, "hotel_value": ["4.5"], "hotel_price": ["660"]}, "16948036": {"hotel_name": "\u4e09\u4e9a\u6e7e\u7ea2\u6811\u6797\u5ea6\u5047\u4e16\u754c(\u5927\u738b\u68d5\u9152\u5e97)", "order_time": ["2019-01-23 01:34:20"], "total_order": 1, "hotel_value": ["4.7"], "hotel_price": ["656"]}, "4033951": {"hotel_name": "\u4e09\u4e9a\u51e4\u51f0\u5c9b\u6d77\u6d0b\u4e4b\u68a6\u5ea6\u5047\u9152\u5e97", "order_time": ["2019-01-23 01:34:20"], "total_order": 1, "hotel_value": ["4.7"], "hotel_price": ["528"]}, "346664": {"hotel_name": "\u4e09\u4e9a\u541b\u7136\u6e29\u6cc9\u5ea6\u5047\u9152\u5e97", "order_time": ["2019-01-23 01:34:26"], "total_order": 1, "hotel_value": ["4.5"], "hotel_price": ["309"]}, "344928": {"hotel_name": "\u4e09\u4e9a\u4e9a\u9f99\u6e7e\u4e07\u8c6a\u5ea6\u5047\u9152\u5e97", "order_time": ["2019-01-23 01:34:26"], "total_order": 1, "hotel_value": ["4.6"], "hotel_price": ["889"]}, "1118574": {"hotel_name": "\u4e09\u4e9a\u6fb3\u59ae\u65af\u9152\u5e97", "order_time": ["2019-01-23 01:34:30"], "total_order": 1, "hotel_value": ["4.8"], "hotel_price": ["198"]}, "454362": {"hotel_name": "\u4e09\u4e9a\u4ebf\u6e90\u8f69\u5b87\u5927\u9152\u5e97", "order_time": ["2019-01-23 01:36:17"], "total_order": 1, "hotel_value": ["4.6"], "hotel_price": ["423"]}, "23946400": {"hotel_name": "\u4e09\u4e9a\u7f8e\u5885\u65e5\u8bb0\u522b\u5885", "order_time": ["2019-01-23 01:36:22"], "total_order": 1, "hotel_value": ["4.9"], "hotel_price": ["265"]}, "12671479": {"hotel_name": "\u4e09\u4e9a\u6da6\u5fb7\u6e7f\u5730\u516c\u56ed\u9152\u5e97", "order_time": ["2019-01-23 01:36:22"], "total_order": 1, "hotel_value": ["4.7"], "hotel_price": ["390"]}, "441316": {"hotel_name": "\u4e09\u4e9a\u8c6a\u5a01\u9e92\u9e9f\u5927\u9152\u5e97", "order_time": ["2019-01-23 01:36:22"], "total_order": 1, "hotel_value": ["4.4"], "hotel_price": ["240"]}, "347462": {"hotel_name": "\u4e09\u4e9a\u6d77\u68e0\u6e7e9\u53f7\u5ea6\u5047\u9152\u5e97", "order_time": ["2019-01-23 01:38:18"], "total_order": 1, "hotel_value": ["4.7"], "hotel_price": ["900"]}, "2922099": {"hotel_name": "\u4e09\u4e9a\u7d2b\u9f99\u82b1\u56ed\u6d0b\u623f\u5ea6\u5047\u516c\u5bd3", "order_time": ["2019-01-23 01:40:20"], "total_order": 1, "hotel_value": ["4.7"], "hotel_price": ["230"]}, "427279": {"hotel_name": "\u4e09\u4e9a\u5357\u5c71\u8fce\u5bbe\u9986", "order_time": ["2019-01-23 01:40:21"], "total_order": 1, "hotel_value": ["4.6"], "hotel_price": ["636"]}, "13328890": {"hotel_name": "\u5982\u5bb6\u7cbe\u9009\u9152\u5e97(\u4e09\u4e9a\u8c6a\u5a01\u9e92\u9e9f\u5e97)", "order_time": ["2019-01-23 01:42:25"], "total_order": 1, "hotel_value": ["4.6"], "hotel_price": ["279"]}, "21765890": {"hotel_name": "\u4e09\u4e9a\u5361\u838e\u4e3b\u9898\u9152\u5e97", "order_time": ["2019-01-23 01:42:26"], "total_order": 1, "hotel_value": ["4.6"], "hotel_price": ["102"]}, "4845384": {"hotel_name": "\u4e09\u4e9a\u84dd\u5cb8\u6d77\u8fb9\u4e3b\u9898\u9152\u5e97", "order_time": ["2019-01-23 01:42:26"], "total_order": 1, "hotel_value": ["4.7"], "hotel_price": ["157"]}, "1719843": {"hotel_name": "\u4e09\u4e9a\u5d16\u57ce\u4e39\u6e90\u65c5\u79df(\u539f\u4e2d\u6e90\u5bbe\u9986)", "order_time": ["2019-01-23 01:42:38"], "total_order": 1, "hotel_value": ["3.8"], "hotel_price": ["70"]}, "426360": {"hotel_name": "\u4e09\u4e9a\u67cf\u745e\u7cbe\u54c1\u6d77\u666f\u9152\u5e97", "order_time": ["2019-01-23 01:42:40"], "total_order": 1, "hotel_value": ["4.6"], "hotel_price": ["280"]}}}