{"\u5f00\u59cb\u8bb0\u5f55\u65f6\u95f4": "2019-01-24 05:30:35", "\u7ed3\u675f\u8bb0\u5f55\u65f6\u95f4": "2019-01-24 06:30:35", "\u8ba2\u5355\u603b\u589e\u91cf": 49, "item": {"5982932": {"hotel_name": "\u4e09\u4e9a\u6930\u8def\u5bbe\u9986", "order_time": ["2019-01-24 05:35:10"], "total_order": 1, "hotel_value": ["4.6"], "hotel_price": ["95"]}, "6331979": {"hotel_name": "\u4e09\u4e9a\u6d77\u68e0\u6e7e\u7ea2\u6811\u6797\u5ea6\u5047\u9152\u5e97", "order_time": ["2019-01-24 05:36:56"], "total_order": 1, "hotel_value": ["4.6"], "hotel_price": ["999"]}, "438193": {"hotel_name": "\u6d77\u5357\u798f\u6e7e\u6885\u8bfa\u5361\u5ea6\u5047\u9152\u5e97", "order_time": ["2019-01-24 05:37:00"], "total_order": 1, "hotel_value": ["4.4"], "hotel_price": ["317"]}, "15330406": {"hotel_name": "7\u5929\u9152\u5e97(\u4e09\u4e9a\u4e9a\u9f99\u6e7e\u666f\u533a\u5e97)", "order_time": ["2019-01-24 05:37:02"], "total_order": 1, "hotel_value": ["4.5"], "hotel_price": ["144"]}, "2216767": {"hotel_name": "\u7ef4\u4e5f\u7eb3\u9152\u5e97(\u4e09\u4e9a\u6e7e\u5e97)", "order_time": ["2019-01-24 05:39:10"], "total_order": 1, "hotel_value": ["4.8"], "hotel_price": ["368"]}, "346691": {"hotel_name": "\u4e09\u4e9a\u9e3f\u6d32\u57c3\u5fb7\u745e\u9152\u5e97", "order_time": ["2019-01-24 05:39:11"], "total_order": 1, "hotel_value": ["4.3"], "hotel_price": ["408"]}, "8581510": {"hotel_name": "\u4e09\u4e9a\u534a\u5c71\u9a7f\u6d77\u5cb8\u7cbe\u54c1\u5ba2\u6808(\u539f\u871c\u5bb6\u5c0f\u9662)", "order_time": ["2019-01-24 05:43:24"], "total_order": 1, "hotel_value": ["4.7"], "hotel_price": ["183"]}, "6450523": {"hotel_name": "\u4e09\u4e9a\u5c71\u6d77\u5929\u5927\u9152\u5e97\u00b7\u50b2\u9014\u683c\u7cbe\u9009", "order_time": ["2019-01-24 05:50:54"], "total_order": 1, "hotel_value": ["4.8"], "hotel_price": ["996"]}, "10920931": {"hotel_name": "\u4e09\u4e9a\u4e9a\u9f99\u6e7e\u5c71\u6d77\u9601\u522b\u5885\u5ea6\u5047\u9152\u5e97", "order_time": ["2019-01-24 05:51:18"], "total_order": 1, "hotel_value": ["4.7"], "hotel_price": ["1229"]}, "25634977": {"hotel_name": "\u4e09\u4e9a\u827e\u514b\u5a01\u9152\u5e97", "order_time": ["2019-01-24 05:57:03"], "total_order": 1, "hotel_value": ["4.9"], "hotel_price": ["310"]}, "14249344": {"hotel_name": "\u4e09\u4e9a\u4e9a\u7279\u5170\u8482\u65af\u9152\u5e97", "order_time": ["2019-01-24 05:57:20"], "total_order": 1, "hotel_value": ["4.6"], "hotel_price": ["3261"]}, "346693": {"hotel_name": "\u4e09\u4e9a\u4e9a\u9f99\u6e7e\u534e\u5b87\u5ea6\u5047\u9152\u5e97", "order_time": ["2019-01-24 05:58:56"], "total_order": 1, "hotel_value": ["4.6"], "hotel_price": ["499"]}, "7687149": {"hotel_name": "\u4e09\u4e9a\u5d16\u5dde\u6e7e\u5ea6\u5047\u6751\u5e0c\u5c14\u987f\u683c\u82ae\u7cbe\u9009\u9152\u5e97", "order_time": ["2019-01-24 05:59:01", "2019-01-24 06:01:13"], "total_order": 2, "hotel_value": ["4.5", "4.5"], "hotel_price": ["527", "527"]}, "643641": {"hotel_name": "\u4e09\u4e9a\u51e4\u51f0\u673a\u573a\u6d77\u822a\u5feb\u6377\u9152\u5e97", "order_time": ["2019-01-24 06:02:53"], "total_order": 1, "hotel_value": ["4.1"], "hotel_price": ["208"]}, "396528": {"hotel_name": "\u4e09\u4e9a\u4e9a\u9f99\u6e7e\u4e94\u53f7\u5ea6\u5047\u522b\u5885\u9152\u5e97", "order_time": ["2019-01-24 06:02:57"], "total_order": 1, "hotel_value": ["4.6"], "hotel_price": ["649"]}, "10900048": {"hotel_name": "\u4e09\u4e9a\u521d\u96e8\u7cbe\u54c1\u5ba2\u6808", "order_time": ["2019-01-24 06:03:23"], "total_order": 1, "hotel_value": ["4.8"], "hotel_price": ["62"]}, "707593": {"hotel_name": "\u4e09\u4e9a\u51e4\u51f0\u5c9b\u6d77\u6d0b\u4e4b\u661f\u5ea6\u5047\u9152\u5e97", "order_time": ["2019-01-24 06:05:00"], "total_order": 1, "hotel_value": ["4.6"], "hotel_price": ["482"]}, "7073052": {"hotel_name": "\u4e09\u4e9a\u514b\u62c9\u5c14\u9633\u5149\u6d77\u666f\u516c\u5bd3", "order_time": ["2019-01-24 06:07:06"], "total_order": 1, "hotel_value": ["4.8"], "hotel_price": ["161"]}, "2574467": {"hotel_name": "\u4e09\u4e9a\u5609\u65fa\u5bb6\u5ead\u65c5\u9986", "order_time": ["2019-01-24 06:07:09"], "total_order": 1, "hotel_value": ["4.4"], "hotel_price": ["118"]}, "21634169": {"hotel_name": "\u7f18\u7b51\u00b7\u4e09\u4e9a\u6162\u70b9\u5ea6\u5047\u516c\u5bd3(\u64ce\u5929\u534a\u5c9b\u5e97)", "order_time": ["2019-01-24 06:07:23"], "total_order": 1, "hotel_value": ["4.7"], "hotel_price": ["185"]}, "346711": {"hotel_name": "\u4e09\u4e9a\u541b\u9526\u6ee8\u6d77\u9152\u5e97", "order_time": ["2019-01-24 06:08:59"], "total_order": 1, "hotel_value": ["4.4"], "hotel_price": ["260"]}, "15847536": {"hotel_name": "\u4e09\u4e9a\u8f69\u4e9a\u65c5\u79df\u4e3b\u9898\u5ba2\u6808", "order_time": ["2019-01-24 06:11:11"], "total_order": 1, "hotel_value": ["4.7"], "hotel_price": ["133"]}, "21815400": {"hotel_name": "\u4e09\u4e9a\u51e4\u6850\u9601\u65c5\u79df", "order_time": ["2019-01-24 06:11:11"], "total_order": 1, "hotel_value": ["4.8"], "hotel_price": ["154"]}, "1684696": {"hotel_name": "\u6d6a\u6dd8\u6c99\u9a7f\u7ad9(\u4e09\u4e9a\u5929\u6daf\u6d77\u89d2\u5357\u5c71\u5bfa\u5e97)", "order_time": ["2019-01-24 06:11:11"], "total_order": 1, "hotel_value": ["3.6"], "hotel_price": ["200"]}, "482373": {"hotel_name": "\u4e09\u4e9a\u7c9f\u6d77\u6e29\u6cc9\u5927\u9152\u5e97", "order_time": ["2019-01-24 06:11:11"], "total_order": 1, "hotel_value": ["4.2"], "hotel_price": ["330"]}, "6396995": {"hotel_name": "\u9633\u5149\u5047\u65e5\u5ea6\u5047\u516c\u5bd3(\u4e09\u4e9a\u4e9a\u9f99\u6e7e\u5e97)", "order_time": ["2019-01-24 06:11:11"], "total_order": 1, "hotel_value": ["4.3"], "hotel_price": ["316"]}, "426357": {"hotel_name": "\u4e09\u4e9a\u94c2\u91d1\u6d77\u666f\u5927\u9152\u5e97", "order_time": ["2019-01-24 06:11:11"], "total_order": 1, "hotel_value": ["4.2"], "hotel_price": ["300"]}, "4310281": {"hotel_name": "\u4e03\u661fe\u5bb6\u6d0b\u623f\u522b\u5885(\u4e9a\u9f99\u6e7e\u516c\u4e3b\u90e1\u5e97)", "order_time": ["2019-01-24 06:11:11"], "total_order": 1, "hotel_value": ["4.3"], "hotel_price": ["352"]}, "25688390": {"hotel_name": "\u4e09\u4e9a\u5fae\u4f73\u5546\u52a1\u65c5\u79df", "order_time": ["2019-01-24 06:11:11"], "total_order": 1, "hotel_value": [0], "hotel_price": ["92"]}, "6705222": {"hotel_name": "\u4e09\u4e9a\u69df\u6994\u6cb3\u6e29\u6cc9\u9152\u5e97", "order_time": ["2019-01-24 06:11:11"], "total_order": 1, "hotel_value": ["4.2"], "hotel_price": ["235"]}, "11439512": {"hotel_name": "\u4e09\u4e9a\u56fd\u5c0a\u6d77\u666f\u9152\u5e97", "order_time": ["2019-01-24 06:11:12"], "total_order": 1, "hotel_value": ["4.1"], "hotel_price": ["162"]}, "468978": {"hotel_name": "\u4e09\u4e9a\u590f\u65e5\u6d77\u5cb8\u5ea6\u5047\u9152\u5e97", "order_time": ["2019-01-24 06:11:12"], "total_order": 1, "hotel_value": ["4.4"], "hotel_price": ["266"]}, "1719765": {"hotel_name": "\u4e09\u4e9a\u9f99\u745e\u7965\u9152\u5e97", "order_time": ["2019-01-24 06:11:12"], "total_order": 1, "hotel_value": ["4.5"], "hotel_price": ["107"]}, "9152765": {"hotel_name": "\u4e09\u4e9a\u5fc6\u6816\u4e3b\u9898\u5ba2\u6808", "order_time": ["2019-01-24 06:11:12"], "total_order": 1, "hotel_value": ["4.5"], "hotel_price": ["100"]}, "2083899": {"hotel_name": "\u4e09\u4e9a\u6d77\u68e0\u6e7e\u542c\u6d9b\u5c0f\u7b51\u5ba2\u6808(\u539f\u8def\u6613\u9152\u5e97)", "order_time": ["2019-01-24 06:11:12"], "total_order": 1, "hotel_value": ["4.6"], "hotel_price": ["65"]}, "698750": {"hotel_name": "\u4e09\u4e9a\u6e7e\u8d85\u8d8a\u5bb6\u5ead\u65c5\u9986(\u5bb6\u5ead\u65c5\u9986)", "order_time": ["2019-01-24 06:11:18"], "total_order": 1, "hotel_value": ["4.3"], "hotel_price": ["148"]}, "1316258": {"hotel_name": "\u4e09\u4e9a\u8427\u6021\u8f69\u6d77\u666f\u5ea6\u5047\u516c\u5bd3", "order_time": ["2019-01-24 06:11:18"], "total_order": 1, "hotel_value": [0], "hotel_price": ["277"]}, "1996069": {"hotel_name": "\u4e09\u4e9a\u4e9a\u9f99\u6e7e\u516c\u4e3b\u90e1\u6cf3\u6c60\u522b\u5885", "order_time": ["2019-01-24 06:11:18"], "total_order": 1, "hotel_value": ["3.9"], "hotel_price": ["311"]}, "1457262": {"hotel_name": "\u4e09\u4e9a\u5c71\u6d77\u5929JW\u4e07\u8c6a\u9152\u5e97", "order_time": ["2019-01-24 06:12:59"], "total_order": 1, "hotel_value": ["4.7"], "hotel_price": ["802"]}, "6781451": {"hotel_name": "\u4e09\u4e9a\u79d1\u5b9d\u5927\u9152\u5e97", "order_time": ["2019-01-24 06:14:52"], "total_order": 1, "hotel_value": ["4.8"], "hotel_price": ["130"]}, "2785460": {"hotel_name": "L\u6d77\u666f\u5ea6\u5047\u516c\u9986(\u4e09\u4e9a\u9e3f\u6d32\u56fd\u9645\u5e97)(\u539f\u4e09\u4e9a\u9e3f\u6d32\u56fd\u9645\u6d77\u666f\u5ea6\u5047\u516c\u9986)", "order_time": ["2019-01-24 06:15:01"], "total_order": 1, "hotel_value": ["4.6"], "hotel_price": ["204"]}, "5580111": {"hotel_name": "\u6d77\u5357V8\u5feb\u6377\u9152\u5e97\u7965\u745e\u5e97", "order_time": ["2019-01-24 06:15:03"], "total_order": 1, "hotel_value": ["4.3"], "hotel_price": ["103"]}, "440975": {"hotel_name": "\u4e09\u4e9a\u4e1c\u65b9\u6d77\u666f\u5927\u9152\u5e97", "order_time": ["2019-01-24 06:18:55"], "total_order": 1, "hotel_value": ["4.3"], "hotel_price": ["266"]}, "1067226": {"hotel_name": "\u5927\u597d\u6cb3\u5c71\u4e3b\u9898\u9152\u5e97(\u4e09\u4e9a\u5927\u4e1c\u6d77\u5e97)", "order_time": ["2019-01-24 06:21:11"], "total_order": 1, "hotel_value": ["4.5"], "hotel_price": ["163"]}, "9789923": {"hotel_name": "\u4e09\u4e9a\u5eb7\u5e74\u9152\u5e97", "order_time": ["2019-01-24 06:21:22"], "total_order": 1, "hotel_value": ["4.7"], "hotel_price": ["988"]}, "6275536": {"hotel_name": "\u4e09\u4e9a\u4e9a\u9f99\u6e7e\u4e50\u5c45\u8c6a\u5b85\u5ea6\u5047\u516c\u5bd3", "order_time": ["2019-01-24 06:27:09"], "total_order": 1, "hotel_value": ["4.8"], "hotel_price": ["620"]}, "902130": {"hotel_name": "\u4e09\u4e9a\u6da6\u5b89\u5047\u65e5\u6d77\u666f\u5ea6\u5047\u516c\u5bd3", "order_time": ["2019-01-24 06:29:01"], "total_order": 1, "hotel_value": ["4.6"], "hotel_price": ["281"]}, "23932008": {"hotel_name": "\u4e09\u4e9a\u6d77\u68e0\u6e7e\u897f\u6e8f\u5ea6\u5047\u516c\u5bd3(\u539f\u5c1a\u4e66\u96c5\u82d1\u5ea6\u5047\u522b\u5885)", "order_time": ["2019-01-24 06:29:09"], "total_order": 1, "hotel_value": ["4.8"], "hotel_price": ["312"]}}}