{"\u5f00\u59cb\u8bb0\u5f55\u65f6\u95f4": "2019-01-29 03:45:07", "\u7ed3\u675f\u8bb0\u5f55\u65f6\u95f4": "2019-01-29 04:45:07", "\u8ba2\u5355\u603b\u589e\u91cf": 27, "item": {"1682691": {"hotel_name": "\u4e09\u4e9a\u4eac\u6d77\u56fd\u9645\u5047\u65e5\u9152\u5e97", "order_time": ["2019-01-29 03:47:29"], "total_order": 1, "hotel_value": ["4.6"], "hotel_price": ["585"]}, "8589084": {"hotel_name": "\u4e09\u4e9a\u51e4\u51f0\u7f8e\u4e3d\u5927\u9152\u5e97", "order_time": ["2019-01-29 03:49:25"], "total_order": 1, "hotel_value": ["4.8"], "hotel_price": ["188"]}, "426360": {"hotel_name": "\u4e09\u4e9a\u67cf\u745e\u7cbe\u54c1\u6d77\u666f\u9152\u5e97", "order_time": ["2019-01-29 03:49:42"], "total_order": 1, "hotel_value": ["4.6"], "hotel_price": ["370"]}, "707593": {"hotel_name": "\u4e09\u4e9a\u51e4\u51f0\u5c9b\u6d77\u6d0b\u4e4b\u661f\u5ea6\u5047\u9152\u5e97", "order_time": ["2019-01-29 03:51:27"], "total_order": 1, "hotel_value": ["4.7"], "hotel_price": ["798"]}, "5398387": {"hotel_name": "\u4e09\u4e9a\u5927\u6811\u4e03\u661f\u9152\u5e97", "order_time": ["2019-01-29 03:53:42"], "total_order": 1, "hotel_value": ["4.4"], "hotel_price": ["239"]}, "1308563": {"hotel_name": "\u57ce\u5e02\u4fbf\u6377\u9152\u5e97(\u4e09\u4e9a\u6d77\u6708\u5e7f\u573a\u5e97)", "order_time": ["2019-01-29 03:57:31"], "total_order": 1, "hotel_value": ["4.2"], "hotel_price": ["192"]}, "660311": {"hotel_name": "\u4e09\u4e9a\u6e7e\u559c\u6765\u767b\u5ea6\u5047\u9152\u5e97", "order_time": ["2019-01-29 03:59:29"], "total_order": 1, "hotel_value": ["4.6"], "hotel_price": ["765"]}, "3041884": {"hotel_name": "\u4e09\u4e9a\u4e3d\u79be\u6e29\u5fb7\u59c6\u9152\u5e97", "order_time": ["2019-01-29 04:03:31"], "total_order": 1, "hotel_value": ["4.8"], "hotel_price": ["1160"]}, "436689": {"hotel_name": "\u4e09\u4e9a\u6ee8\u6d77\u5929\u798f\u6e90\u5ea6\u5047\u9152\u5e97", "order_time": ["2019-01-29 04:05:27"], "total_order": 1, "hotel_value": ["4.5"], "hotel_price": ["298"]}, "370834": {"hotel_name": "\u4e09\u4e9a\u7389\u534e\u82d1\u6d77\u666f\u9152\u5e97", "order_time": ["2019-01-29 04:05:36"], "total_order": 1, "hotel_value": ["4.6"], "hotel_price": ["338"]}, "436673": {"hotel_name": "\u4e09\u4e9a\u9e7f\u5cad\u6d77\u6e7e\u7ef4\u666f\u56fd\u9645\u5927\u9152\u5e97(\u539f\u4e09\u4e9a\u6d77\u6e7e\u7ef4\u666f\u56fd\u9645\u5927\u9152\u5e97)", "order_time": ["2019-01-29 04:09:28"], "total_order": 1, "hotel_value": ["4.6"], "hotel_price": ["1066"]}, "6298012": {"hotel_name": "\u683c\u6797\u8054\u76df\u9152\u5e97(\u4e09\u4e9a\u4e00\u5e02\u573a\u5e97)", "order_time": ["2019-01-29 04:09:37"], "total_order": 1, "hotel_value": ["4.8"], "hotel_price": ["129"]}, "17325404": {"hotel_name": "\u4e09\u4e9a\u6d1b\u514b\u94c2\u91d1\u6d77\u666f\u9152\u5e97", "order_time": ["2019-01-29 04:29:24", "2019-01-29 04:13:32"], "total_order": 2, "hotel_value": ["4.4", "4.4"], "hotel_price": ["559", "559"]}, "17265739": {"hotel_name": "\u4e09\u4e9a\u6d77\u68e0\u6e7e\u6d77\u97f5\u5361\u897f\u8bfa\u6d77\u666f\u5ea6\u5047\u516c\u5bd3", "order_time": ["2019-01-29 04:13:38"], "total_order": 1, "hotel_value": ["4.8"], "hotel_price": ["1159"]}, "28366175": {"hotel_name": "\u4e09\u4e9a\u81ea\u6e38\u6e2f\u68e0\u6e7e\u5ea6\u5047\u9152\u5e97", "order_time": ["2019-01-29 04:15:28"], "total_order": 1, "hotel_value": ["4.7"], "hotel_price": ["860"]}, "346690": {"hotel_name": "\u4e09\u4e9a\u94f6\u6cf0\u9633\u5149\u5ea6\u5047\u9152\u5e97(\u539f\u4e09\u4e9a\u6e58\u6295\u94f6\u6cf0\u5ea6\u5047\u9152\u5e97)", "order_time": ["2019-01-29 04:17:29"], "total_order": 1, "hotel_value": ["4.8"], "hotel_price": ["778"]}, "28366169": {"hotel_name": "7\u5929\u4f18\u54c1\u9152\u5e97(\u4e09\u4e9a\u6e7e\u6d77\u6708\u5e7f\u573a\u6d77\u666f\u5e97)", "order_time": ["2019-01-29 04:17:30"], "total_order": 1, "hotel_value": ["4.8"], "hotel_price": ["189"]}, "5423919": {"hotel_name": "\u4e09\u4e9a\u6d77\u6615\u5c1a\u666f\u4e3b\u9898\u9152\u5e97", "order_time": ["2019-01-29 04:19:33"], "total_order": 1, "hotel_value": ["3.5"], "hotel_price": ["82"]}, "1415685": {"hotel_name": "\u4e09\u4e9a9\u53f7\u4e3b\u9898\u516c\u5bd3", "order_time": ["2019-01-29 04:21:26"], "total_order": 1, "hotel_value": ["4.9"], "hotel_price": ["376"]}, "15987765": {"hotel_name": "\u4e09\u4e9a\u6e7e\u9999\u6c34\u6d77\u5ea6\u5047\u516c\u5bd3(\u4e09\u4e9a\u6e7e\u8def\u5206\u5e97)", "order_time": ["2019-01-29 04:21:29"], "total_order": 1, "hotel_value": [0], "hotel_price": ["218"]}, "345095": {"hotel_name": "\u4e09\u4e9a\u9ece\u5ba2\u56fd\u9645\u9152\u5e97", "order_time": ["2019-01-29 04:21:30"], "total_order": 1, "hotel_value": ["4.4"], "hotel_price": ["372"]}, "895694": {"hotel_name": "7\u5929\u8fde\u9501\u9152\u5e97(\u4e09\u4e9a\u6e7e\u5409\u7965\u8857\u5e97)", "order_time": ["2019-01-29 04:23:28"], "total_order": 1, "hotel_value": ["4.4"], "hotel_price": ["151"]}, "1458417": {"hotel_name": "\u4e09\u4e9a\u8587\u8587\u6d77\u5cb8\u5ba2\u6808", "order_time": ["2019-01-29 04:25:35"], "total_order": 1, "hotel_value": ["4.5"], "hotel_price": ["135"]}, "436677": {"hotel_name": "\u4e09\u4e9a\u4e3d\u666f\u6d77\u6e7e\u9152\u5e97", "order_time": ["2019-01-29 04:29:25"], "total_order": 1, "hotel_value": ["4.6"], "hotel_price": ["315"]}, "4398479": {"hotel_name": "\u4e09\u4e9a\u4e00\u60a6\u79cb\u820d\u9152\u5e97", "order_time": ["2019-01-29 04:29:39"], "total_order": 1, "hotel_value": ["4.4"], "hotel_price": ["180"]}, "21931169": {"hotel_name": "\u4e09\u4e9a\u946b\u8c6a\u82d1\u9152\u5e97", "order_time": ["2019-01-29 04:37:38"], "total_order": 1, "hotel_value": ["4.5"], "hotel_price": ["198"]}}}