{"\u5f00\u59cb\u8bb0\u5f55\u65f6\u95f4": "2019-01-14 09:59:04", "\u7ed3\u675f\u8bb0\u5f55\u65f6\u95f4": "2019-01-14 10:59:04", "\u8ba2\u5355\u603b\u589e\u91cf": 184, "item": {"14249344": {"hotel_name": "\u4e09\u4e9a\u4e9a\u7279\u5170\u8482\u65af\u9152\u5e97", "order_time": ["2019-01-14 10:01:22"], "total_order": 1, "hotel_value": ["4.6"], "hotel_price": ["3088"]}, "910293": {"hotel_name": "\u4e09\u4e9a\u4e9a\u9f99\u6e7e\u68a6\u65c5\u4eba\u5ba2\u6808", "order_time": ["2019-01-14 10:01:25"], "total_order": 1, "hotel_value": ["4.9"], "hotel_price": ["141"]}, "346690": {"hotel_name": "\u4e09\u4e9a\u94f6\u6cf0\u9633\u5149\u5ea6\u5047\u9152\u5e97(\u539f\u4e09\u4e9a\u6e58\u6295\u94f6\u6cf0\u5ea6\u5047\u9152\u5e97)", "order_time": ["2019-01-14 10:19:28", "2019-01-14 10:01:26"], "total_order": 2, "hotel_value": ["4.8", "4.8"], "hotel_price": ["709", "709"]}, "976249": {"hotel_name": "\u54ea\u91cc\u90a3\u91cc\u6d77\u5cb8\u7cbe\u54c1\u5ba2\u6808(\u4e09\u4e9a\u5927\u4e1c\u6d77\u5e97)", "order_time": ["2019-01-14 10:01:27"], "total_order": 1, "hotel_value": ["4.8"], "hotel_price": ["168"]}, "6541448": {"hotel_name": "\u4e09\u4e9a\u745e\u6cf0\u660e\u73e0\u9152\u5e97(\u51e4\u51f0\u673a\u573a\u5e97)", "order_time": ["2019-01-14 10:01:29"], "total_order": 1, "hotel_value": ["4.6"], "hotel_price": ["152"]}, "4845384": {"hotel_name": "\u4e09\u4e9a\u84dd\u5cb8\u6d77\u8fb9\u4e3b\u9898\u9152\u5e97", "order_time": ["2019-01-14 10:01:31"], "total_order": 1, "hotel_value": ["4.7"], "hotel_price": ["180"]}, "346679": {"hotel_name": "\u4e09\u4e9a\u6e7e\u7687\u51a0\u5047\u65e5\u5ea6\u5047\u9152\u5e97", "order_time": ["2019-01-14 10:01:40"], "total_order": 1, "hotel_value": ["4.6"], "hotel_price": ["499"]}, "16948036": {"hotel_name": "\u4e09\u4e9a\u6e7e\u7ea2\u6811\u6797\u5ea6\u5047\u4e16\u754c(\u5927\u738b\u68d5\u9152\u5e97)", "order_time": ["2019-01-14 10:01:40"], "total_order": 1, "hotel_value": ["4.7"], "hotel_price": ["549"]}, "1441681": {"hotel_name": "\u4e09\u4e9a\u7231\u7434\u5c9b\u5bbe\u9986", "order_time": ["2019-01-14 10:01:41"], "total_order": 1, "hotel_value": ["3.5"], "hotel_price": ["78"]}, "6708909": {"hotel_name": "\u4e09\u4e9a\u6d77\u68e0\u6e7e\u798f\u6d77\u68e0\u6d77\u666f\u5957\u623f\u5ea6\u5047\u9152\u5e97", "order_time": ["2019-01-14 10:03:22"], "total_order": 1, "hotel_value": ["4.6"], "hotel_price": ["418"]}, "6457048": {"hotel_name": "\u4f73\u8f69\u5047\u65e5\u9152\u5e97(\u4e09\u4e9a\u51e4\u51f0\u673a\u573a\u5e97)", "order_time": ["2019-01-14 10:03:23", "2019-01-14 10:05:24"], "total_order": 2, "hotel_value": ["4.5", "4.5"], "hotel_price": ["207", "207"]}, "3197195": {"hotel_name": "\u54ea\u91cc\u90a3\u91cc\u6d77\u5cb8\u7cbe\u54c1\u5ba2\u6808(\u4e09\u4e9a\u4e9a\u9f99\u6e7e\u5e97)", "order_time": ["2019-01-14 10:05:22", "2019-01-14 10:03:26"], "total_order": 2, "hotel_value": ["4.8", "4.8"], "hotel_price": ["135", "135"]}, "15249049": {"hotel_name": "\u7f8e\u4e3d\u4e4b\u51a0\u5927\u6811\u7687\u51a0\u5047\u65e5\u9152\u5e97", "order_time": ["2019-01-14 10:03:27"], "total_order": 1, "hotel_value": ["4.4"], "hotel_price": ["202"]}, "21910420": {"hotel_name": "\u4e09\u4e9a\u4f9d\u9716\u7cbe\u54c1\u5ea6\u5047\u516c\u5bd3", "order_time": ["2019-01-14 10:03:28"], "total_order": 1, "hotel_value": ["4.9"], "hotel_price": ["234"]}, "917373": {"hotel_name": "\u4e09\u4e9a\u8273\u9633\u5929\u5ba2\u6808(\u539f\u6f9c\u60a6\u9633\u5149\u6d77\u666f\u5ba2\u6808)", "order_time": ["2019-01-14 10:03:29"], "total_order": 1, "hotel_value": ["4.6"], "hotel_price": ["92"]}, "12671479": {"hotel_name": "\u4e09\u4e9a\u6da6\u5fb7\u6e7f\u5730\u516c\u56ed\u9152\u5e97", "order_time": ["2019-01-14 10:03:30", "2019-01-14 10:13:27"], "total_order": 2, "hotel_value": ["4.7", "4.7"], "hotel_price": ["481", "481"]}, "1137078": {"hotel_name": "\u6d77\u5357\u6e05\u6c34\u6e7e\u5047\u65e5\u5ea6\u5047\u9152\u5e97", "order_time": ["2019-01-14 10:03:30", "2019-01-14 10:23:25", "2019-01-14 10:29:19", "2019-01-14 10:47:20"], "total_order": 4, "hotel_value": ["4.7", "4.7", "4.7", "4.7"], "hotel_price": ["550", "550", "550", "550"]}, "3631084": {"hotel_name": "\u4e09\u4e9a\u6e7e\u5e0c\u5c14\u987f\u6b22\u670b\u9152\u5e97", "order_time": ["2019-01-14 10:03:30"], "total_order": 1, "hotel_value": ["4.8"], "hotel_price": ["526"]}, "18075076": {"hotel_name": "\u4e09\u4e9a\u827e\u8a00\u9152\u5e97", "order_time": ["2019-01-14 10:03:30", "2019-01-14 10:35:19"], "total_order": 2, "hotel_value": ["4.8", "4.8"], "hotel_price": ["332", "332"]}, "16897771": {"hotel_name": "\u4e09\u4e9a\u6d77\u68e0\u6e7e\u9e93\u6e56\u5ea6\u5047\u9152\u5e97", "order_time": ["2019-01-14 10:03:34"], "total_order": 1, "hotel_value": ["4.7"], "hotel_price": ["489"]}, "5729359": {"hotel_name": "\u4e09\u4e9a\u6d77\u8c5a\u6e7e\u7cbe\u54c1\u5ba2\u6808", "order_time": ["2019-01-14 10:03:37"], "total_order": 1, "hotel_value": ["4.9"], "hotel_price": ["119"]}, "473314": {"hotel_name": "\u4e09\u4e9a\u4e8c\u6708\u6d77\u6d77\u666f\u9152\u5e97", "order_time": ["2019-01-14 10:53:23", "2019-01-14 10:05:22"], "total_order": 2, "hotel_value": ["4.9", "4.9"], "hotel_price": ["191", "191"]}, "346724": {"hotel_name": "\u4e09\u4e9a\u56fd\u9645\u996d\u5e97", "order_time": ["2019-01-14 10:05:24"], "total_order": 1, "hotel_value": ["3.9"], "hotel_price": ["288"]}, "8581510": {"hotel_name": "\u4e09\u4e9a\u534a\u5c71\u9a7f\u6d77\u5cb8\u7cbe\u54c1\u5ba2\u6808(\u539f\u871c\u5bb6\u5c0f\u9662)", "order_time": ["2019-01-14 10:05:24"], "total_order": 1, "hotel_value": ["4.7"], "hotel_price": ["148"]}, "20617225": {"hotel_name": "\u7ea6\u00b7\u8bbe\u8ba1\u4e3b\u9898\u9152\u5e97(\u4e09\u4e9a\u5343\u53e4\u60c5\u5e97)", "order_time": ["2019-01-14 10:23:23", "2019-01-14 10:05:25"], "total_order": 2, "hotel_value": ["4.7", "4.7"], "hotel_price": ["192", "192"]}, "13433212": {"hotel_name": "\u4e09\u4e9a\u91d1\u90fd\u851a\u666f\u6e29\u5fb7\u59c6\u9152\u5e97", "order_time": ["2019-01-14 10:17:20", "2019-01-14 10:05:27"], "total_order": 2, "hotel_value": ["4.7", "4.7"], "hotel_price": ["531", "531"]}, "6056059": {"hotel_name": "\u6d77\u5357\u6e05\u6c34\u6e7e\u6e29\u5fb7\u59c6\u5ea6\u5047\u9152\u5e97", "order_time": ["2019-01-14 10:05:29"], "total_order": 1, "hotel_value": ["4.6"], "hotel_price": ["516"]}, "470577": {"hotel_name": "\u4e09\u4e9a\u5357\u5c71\u4f11\u95f2\u4f1a\u9986\u7985\u4fee\u4e3b\u9898", "order_time": ["2019-01-14 10:05:29"], "total_order": 1, "hotel_value": ["4.5"], "hotel_price": ["600"]}, "437377": {"hotel_name": "\u4e09\u4e9a\u6d77\u68e0\u6e7e\u5fa1\u6d77\u68e0\u8c6a\u534e\u7cbe\u9009\u5ea6\u5047\u9152\u5e97", "order_time": ["2019-01-14 10:05:36"], "total_order": 1, "hotel_value": ["4.7"], "hotel_price": ["1400"]}, "1185042": {"hotel_name": "\u4e09\u4e9a\u6e7e\u7ea2\u6811\u6797\u5ea6\u5047\u4e16\u754c(\u83e9\u63d0\u9152\u5e97)", "order_time": ["2019-01-14 10:07:22"], "total_order": 1, "hotel_value": ["4.7"], "hotel_price": ["548"]}, "1484444": {"hotel_name": "\u4e09\u4e9a\u6ee8\u83b1\u5047\u65e5\u5bbe\u9986", "order_time": ["2019-01-14 10:07:24"], "total_order": 1, "hotel_value": ["4.1"], "hotel_price": ["82"]}, "3180637": {"hotel_name": "\u4e09\u4e9a\u9752\u827a\u672f\u96c5\u7b51\u5ba2\u6808(\u4e09\u4e9a\u6e7e\u5e97)", "order_time": ["2019-01-14 10:07:27"], "total_order": 1, "hotel_value": ["4.8"], "hotel_price": ["137"]}, "827128": {"hotel_name": "\u4e09\u4e9a\u5df4\u54c8\u9a6c\u5ea6\u5047\u9152\u5e97", "order_time": ["2019-01-14 10:07:29"], "total_order": 1, "hotel_value": ["4.1"], "hotel_price": ["289"]}, "344904": {"hotel_name": "\u4e09\u4e9a\u80dc\u610f\u5927\u9152\u5e97", "order_time": ["2019-01-14 10:09:20"], "total_order": 1, "hotel_value": ["4.7"], "hotel_price": ["393"]}, "1980387": {"hotel_name": "\u9e97\u67ab\u9152\u5e97(\u4e09\u4e9a\u6b65\u884c\u8857\u5e97)", "order_time": ["2019-01-14 10:09:20"], "total_order": 1, "hotel_value": ["4.8"], "hotel_price": ["364"]}, "976648": {"hotel_name": "\u6c49\u5ead\u9152\u5e97(\u4e09\u4e9a\u6625\u56ed\u6d77\u9c9c\u5e7f\u573a\u5e97)", "order_time": ["2019-01-14 10:23:26", "2019-01-14 10:09:23"], "total_order": 2, "hotel_value": ["4.4", "4.4"], "hotel_price": ["209", "209"]}, "6635244": {"hotel_name": "\u4e09\u4e9a\u6893\u8def\u5ba2\u6808", "order_time": ["2019-01-14 10:09:23"], "total_order": 1, "hotel_value": ["4.7"], "hotel_price": ["129"]}, "372203": {"hotel_name": "\u4e09\u4e9a\u6d77\u68e0\u6e7e\u5eb7\u83b1\u5fb7\u9152\u5e97", "order_time": ["2019-01-14 10:29:19", "2019-01-14 10:09:27"], "total_order": 2, "hotel_value": ["4.6", "4.6"], "hotel_price": ["1190", "1190"]}, "1457262": {"hotel_name": "\u4e09\u4e9a\u5c71\u6d77\u5929JW\u4e07\u8c6a\u9152\u5e97", "order_time": ["2019-01-14 10:41:24", "2019-01-14 10:09:27"], "total_order": 2, "hotel_value": ["4.7", "4.7"], "hotel_price": ["882", "882"]}, "953990": {"hotel_name": "\u4e09\u4e9a\u6930\u6d77\u98ce\u60c5\u7cbe\u54c1\u6d77\u666f\u516c\u5bd3(\u539f\u6930\u6d77\u98ce\u60c5\u5ea6\u5047\u65c5\u9986)", "order_time": ["2019-01-14 10:09:47"], "total_order": 1, "hotel_value": ["4.7"], "hotel_price": ["95"]}, "1682691": {"hotel_name": "\u4e09\u4e9a\u4eac\u6d77\u56fd\u9645\u5047\u65e5\u9152\u5e97", "order_time": ["2019-01-14 10:09:51"], "total_order": 1, "hotel_value": ["4.6"], "hotel_price": ["673"]}, "9638235": {"hotel_name": "\u84dd\u68a6\u6811\u4e4b\u604b\u5ea6\u5047\u9152\u5e97(\u4e09\u4e9a\u7f8e\u4e3d\u4e4b\u51a0\u5e97)", "order_time": ["2019-01-14 10:11:19"], "total_order": 1, "hotel_value": ["4.6"], "hotel_price": ["180"]}, "345080": {"hotel_name": "\u4e09\u4e9a\u4e9a\u9f99\u6e7e\u559c\u6765\u767b\u5ea6\u5047\u9152\u5e97", "order_time": ["2019-01-14 10:13:25", "2019-01-14 10:11:22"], "total_order": 2, "hotel_value": ["4.6", "4.6"], "hotel_price": ["1051", "1051"]}, "431279": {"hotel_name": "\u4e45\u6816\u00b7\u4e09\u4e9a\u5170\u6d77\u5ea6\u5047\u9152\u5e97\u516c\u5bd3", "order_time": ["2019-01-14 10:11:26"], "total_order": 1, "hotel_value": ["4.5"], "hotel_price": ["192"]}, "643641": {"hotel_name": "\u4e09\u4e9a\u51e4\u51f0\u673a\u573a\u6d77\u822a\u5feb\u6377\u9152\u5e97", "order_time": ["2019-01-14 10:11:29"], "total_order": 1, "hotel_value": ["4.1"], "hotel_price": ["208"]}, "25631653": {"hotel_name": "\u4e09\u4e9a\u7531\u7c73\u671b\u6d77", "order_time": ["2019-01-14 10:11:30"], "total_order": 1, "hotel_value": ["5.0"], "hotel_price": ["362"]}, "346764": {"hotel_name": "\u4e09\u4e9a\u541b\u6f9c\u00b7\u9e7f\u56de\u5934\u56fd\u5bbe\u9986(\u539f\u9e7f\u56de\u5934\u56fd\u5bbe\u9986)", "order_time": ["2019-01-14 10:13:20"], "total_order": 1, "hotel_value": ["4.8"], "hotel_price": ["616"]}, "1701113": {"hotel_name": "\u9526\u6c5f\u90fd\u57ce(\u4e09\u4e9a\u6e7e\u5e97)", "order_time": ["2019-01-14 10:45:26", "2019-01-14 10:13:23"], "total_order": 2, "hotel_value": ["4.9", "4.9"], "hotel_price": ["299", "299"]}, "346713": {"hotel_name": "\u4e09\u4e9a\u534e\u5b9d\u77f3\u5927\u9152\u5e97", "order_time": ["2019-01-14 10:13:23"], "total_order": 1, "hotel_value": ["4.4"], "hotel_price": ["226"]}, "4436448": {"hotel_name": "\u4e09\u4e9a\u590f\u672b\u82b1\u5f00\u6d77\u5cb8\u5ba2\u6808(\u539f\u6625\u5929\u7684\u6545\u4e8b\u6d77\u5cb8\u5ba2\u6808)", "order_time": ["2019-01-14 10:13:23"], "total_order": 1, "hotel_value": ["4.8"], "hotel_price": ["151"]}, "9626476": {"hotel_name": "\u4e09\u4e9a\u67ab\u6797\u665a\u667a\u6167\u4e3b\u9898\u9152\u5e97\u51e4\u51f0\u673a\u573a\u5e97", "order_time": ["2019-01-14 10:13:28"], "total_order": 1, "hotel_value": ["4.8"], "hotel_price": ["222"]}, "740890": {"hotel_name": "\u4e09\u4e9a\u4e2d\u80dc\u5e78\u798f\u5ea6\u5047\u9152\u5e97", "order_time": ["2019-01-14 10:13:29"], "total_order": 1, "hotel_value": ["3.8"], "hotel_price": ["112"]}, "28554801": {"hotel_name": "\u4e09\u4e9a\u5728\u4e91\u7aef\u9752\u5e74\u65c5\u820d", "order_time": ["2019-01-14 10:13:30"], "total_order": 1, "hotel_value": [0], "hotel_price": ["15"]}, "1378336": {"hotel_name": "\u4e09\u4e9a\u7f8e\u5c14\u6d77\u60a6\u53f0\u9152\u5e97", "order_time": ["2019-01-14 10:15:22"], "total_order": 1, "hotel_value": ["4.2"], "hotel_price": ["272"]}, "28366169": {"hotel_name": "7\u5929\u4f18\u54c1\u9152\u5e97(\u4e09\u4e9a\u6e7e\u6d77\u6708\u5e7f\u573a\u6d77\u666f\u5e97)", "order_time": ["2019-01-14 10:37:31", "2019-01-14 10:15:22"], "total_order": 2, "hotel_value": ["4.8", "4.8"], "hotel_price": ["125", "125"]}, "371696": {"hotel_name": "\u4e09\u4e9a\u590f\u5a01\u5937\u5927\u9152\u5e97", "order_time": ["2019-01-14 10:19:27", "2019-01-14 10:15:23"], "total_order": 2, "hotel_value": ["4.4", "4.4"], "hotel_price": ["290", "290"]}, "12874170": {"hotel_name": "\u4e09\u4e9a\u503e\u57ce\u6735\u7f8e\u9152\u5e97", "order_time": ["2019-01-14 10:55:33", "2019-01-14 10:15:24"], "total_order": 2, "hotel_value": ["4.2", "4.2"], "hotel_price": ["272", "242"]}, "433675": {"hotel_name": "\u4e09\u4e9a\u51e4\u51f0\u6c34\u57ce\u51ef\u83b1\u5ea6\u5047\u9152\u5e97", "order_time": ["2019-01-14 10:45:20", "2019-01-14 10:15:26"], "total_order": 2, "hotel_value": ["4.5", "4.5"], "hotel_price": ["338", "338"]}, "1419670": {"hotel_name": "\u84dd\u5929\u56fd\u9645\u9752\u5e74\u65c5\u820d(\u4e09\u4e9a\u5927\u4e1c\u6d77\u5e97)", "order_time": ["2019-01-14 10:15:26"], "total_order": 1, "hotel_value": ["4.7"], "hotel_price": ["49"]}, "2922099": {"hotel_name": "\u4e09\u4e9a\u7d2b\u9f99\u82b1\u56ed\u6d0b\u623f\u5ea6\u5047\u516c\u5bd3", "order_time": ["2019-01-14 10:15:26"], "total_order": 1, "hotel_value": ["4.7"], "hotel_price": ["313"]}, "481437": {"hotel_name": "\u9526\u6c5f\u4e4b\u661f(\u4e09\u4e9a\u89e3\u653e\u8def\u5e97)", "order_time": ["2019-01-14 10:15:30", "2019-01-14 10:45:20"], "total_order": 2, "hotel_value": ["4.6", "4.6"], "hotel_price": ["179", "179"]}, "808618": {"hotel_name": "7\u5929\u8fde\u9501\u9152\u5e97(\u4e09\u4e9a\u4e09\u4e9a\u6e7e\u6d77\u666f\u5e97)", "order_time": ["2019-01-14 10:15:30"], "total_order": 1, "hotel_value": ["4.2"], "hotel_price": ["119"]}, "2883738": {"hotel_name": "\u4e09\u4e9a\u9082\u9005\u65f6\u5149\u827a\u672f\u5ba2\u6808", "order_time": ["2019-01-14 10:15:31"], "total_order": 1, "hotel_value": ["4.6"], "hotel_price": ["158"]}, "10520963": {"hotel_name": "\u4e09\u4e9a\u91d1\u838e\u73fa\u5510\u9152\u5e97", "order_time": ["2019-01-14 10:17:20"], "total_order": 1, "hotel_value": ["4.8"], "hotel_price": ["428"]}, "345095": {"hotel_name": "\u4e09\u4e9a\u9ece\u5ba2\u56fd\u9645\u9152\u5e97", "order_time": ["2019-01-14 10:17:21"], "total_order": 1, "hotel_value": ["4.4"], "hotel_price": ["367"]}, "1580379": {"hotel_name": "\u4e09\u4e9a\u5982\u7ea6\u5feb\u6377\u9152\u5e97", "order_time": ["2019-01-14 10:19:26"], "total_order": 1, "hotel_value": ["4.6"], "hotel_price": ["123"]}, "4371952": {"hotel_name": "\u4e09\u4e9a\u534e\u5b87\u4e9a\u9f99\u6e7e\u8fce\u5bbe\u9986", "order_time": ["2019-01-14 10:19:26", "2019-01-14 10:25:21"], "total_order": 2, "hotel_value": ["4.7", "4.7"], "hotel_price": ["899", "899"]}, "7687149": {"hotel_name": "\u4e09\u4e9a\u5d16\u5dde\u6e7e\u5ea6\u5047\u6751\u5e0c\u5c14\u987f\u683c\u82ae\u7cbe\u9009\u9152\u5e97", "order_time": ["2019-01-14 10:19:27"], "total_order": 1, "hotel_value": ["4.5"], "hotel_price": ["643"]}, "346684": {"hotel_name": "\u4e09\u4e9a\u73e0\u6c5f\u5357\u7530\u6e29\u6cc9\u5ea6\u5047\u533a", "order_time": ["2019-01-14 10:19:28"], "total_order": 1, "hotel_value": ["4.3"], "hotel_price": ["354"]}, "344912": {"hotel_name": "\u4e09\u4e9a\u6d77\u5929\u5927\u9152\u5e97", "order_time": ["2019-01-14 10:19:28"], "total_order": 1, "hotel_value": ["4.6"], "hotel_price": ["319"]}, "1700938": {"hotel_name": "\u4e09\u4e9a\u541b\u4e34\u5047\u65e5\u9152\u5e97", "order_time": ["2019-01-14 10:19:30"], "total_order": 1, "hotel_value": ["4.5"], "hotel_price": ["101"]}, "480163": {"hotel_name": "\u4e09\u4e9a\u6d77\u89d2\u4e4b\u65c5\u9152\u5e97(\u539f\u60a6\u6765\u5ba2\u6808\u4e09\u4e9a\u51e4\u51f0\u673a\u573a\u6c34\u5cb8\u5e97)", "order_time": ["2019-01-14 10:19:33"], "total_order": 1, "hotel_value": ["4.6"], "hotel_price": ["153"]}, "11052603": {"hotel_name": "\u4e09\u4e9a\u4e0e\u6d77\u5171\u671d\u65c5\u79df(\u539f\u5929\u6daf\u5c45\u5c9b\u4e4b\u5317\u5ba2\u6808)", "order_time": ["2019-01-14 10:19:36"], "total_order": 1, "hotel_value": ["4.7"], "hotel_price": ["128"]}, "1340218": {"hotel_name": "\u4e09\u4e9a\u671b\u6d77\u9752\u5e74\u9152\u5e97", "order_time": ["2019-01-14 10:21:24"], "total_order": 1, "hotel_value": ["4.6"], "hotel_price": ["260"]}, "14082552": {"hotel_name": "\u4e09\u4e9a\u9e7f\u5ba2\u6d77\u666f\u5ea6\u5047\u516c\u5bd3\u5927\u4e1c\u6d77\u5e97", "order_time": ["2019-01-14 10:21:50"], "total_order": 1, "hotel_value": [0], "hotel_price": ["223"]}, "15280412": {"hotel_name": "\u4e09\u4e9a\u54c1\u5c1a\u827a\u672f\u4e3b\u9898\u5ba2\u6808", "order_time": ["2019-01-14 10:23:22"], "total_order": 1, "hotel_value": ["4.8"], "hotel_price": ["222"]}, "386919": {"hotel_name": "\u4e09\u4e9a\u4e07\u5609\u5ea6\u5047\u9152\u5e97(\u539f\u4e07\u5609\u6234\u65af\u5ea6\u5047\u9152\u5e97)", "order_time": ["2019-01-14 10:23:25"], "total_order": 1, "hotel_value": ["4.4"], "hotel_price": ["358"]}, "396500": {"hotel_name": "\u4e09\u4e9a\u6e7e\u4ed9\u5c45\u5e9c\u6d77\u666f\u9152\u5e97", "order_time": ["2019-01-14 10:23:25"], "total_order": 1, "hotel_value": ["4.4"], "hotel_price": ["351"]}, "2605845": {"hotel_name": "\u4e09\u4e9a\u91d1\u6cf0\u82b1\u56ed\u6d0b\u623f\u522b\u5885", "order_time": ["2019-01-14 10:23:25"], "total_order": 1, "hotel_value": ["4.8"], "hotel_price": ["306"]}, "6866752": {"hotel_name": "\u4e09\u4e9a\u5929\u6daf\u6d77\u89d2\u9047\u89c1\u65f6\u5149\u6d77\u666f\u5ba2\u6808", "order_time": ["2019-01-14 10:23:29"], "total_order": 1, "hotel_value": ["4.9"], "hotel_price": ["121"]}, "24410525": {"hotel_name": "\u4e09\u4e9a\u5723\u5586\u65c5\u79df", "order_time": ["2019-01-14 10:23:35"], "total_order": 1, "hotel_value": ["4.9"], "hotel_price": ["183"]}, "1710855": {"hotel_name": "\u4e09\u4e9a\u96c5\u4f73\u516c\u5bd3", "order_time": ["2019-01-14 10:23:35"], "total_order": 1, "hotel_value": ["3.3"], "hotel_price": ["88"]}, "14996879": {"hotel_name": "\u4e09\u4e9a\u6d77\u68e0\u6e7e\u4ec1\u6052\u7687\u51a0\u5047\u65e5\u5ea6\u5047\u9152\u5e97", "order_time": ["2019-01-14 10:23:52"], "total_order": 1, "hotel_value": ["4.8"], "hotel_price": ["1680"]}, "435983": {"hotel_name": "\u4e09\u4e9a\u4e9a\u9f99\u6e7e\u4eba\u95f4\u5929\u5802-\u9e1f\u5de2\u5ea6\u5047\u6751", "order_time": ["2019-01-14 10:27:23"], "total_order": 1, "hotel_value": ["4.6"], "hotel_price": ["970"]}, "443561": {"hotel_name": "\u4e09\u4e9a\u94f6\u5929\u5ea6\u5047\u9152\u5e97", "order_time": ["2019-01-14 10:27:23"], "total_order": 1, "hotel_value": ["4.3"], "hotel_price": ["153"]}, "773075": {"hotel_name": "\u4e09\u4e9a\u6d3e\u745e\u9152\u5e97", "order_time": ["2019-01-14 10:27:29"], "total_order": 1, "hotel_value": ["4.4"], "hotel_price": ["262"]}, "3068224": {"hotel_name": "\u4e09\u4e9a\u5927\u4e1c\u6d77HOME\u5957\u623f\u5ea6\u5047\u6d77\u666f\u5ba2\u6808", "order_time": ["2019-01-14 10:27:33"], "total_order": 1, "hotel_value": ["4.8"], "hotel_price": ["147"]}, "6450523": {"hotel_name": "\u4e09\u4e9a\u5c71\u6d77\u5929\u5927\u9152\u5e97\u00b7\u50b2\u9014\u683c\u7cbe\u9009", "order_time": ["2019-01-14 10:29:20", "2019-01-14 10:33:22"], "total_order": 2, "hotel_value": ["4.8", "4.8"], "hotel_price": ["1190", "1190"]}, "660317": {"hotel_name": "\u4e09\u4e9a\u4eac\u6da6\u73cd\u73e0\u4e3b\u9898\u9152\u5e97", "order_time": ["2019-01-14 10:29:20"], "total_order": 1, "hotel_value": ["4.5"], "hotel_price": ["222"]}, "993927": {"hotel_name": "\u5982\u5bb6\u5feb\u6377\u9152\u5e97(\u4e09\u4e9a\u5409\u9633\u4e9a\u9f99\u6e7e\u5e97)", "order_time": ["2019-01-14 10:29:21"], "total_order": 1, "hotel_value": ["4.6"], "hotel_price": ["184"]}, "12824693": {"hotel_name": "\u6811\u4ebf\u5927\u6811\u5ea6\u5047\u9152\u5e97(\u4e09\u4e9a\u7f8e\u4e3d\u4e4b\u51a0\u5e02\u4e2d\u5fc3\u5e97)", "order_time": ["2019-01-14 10:29:25"], "total_order": 1, "hotel_value": ["4.5"], "hotel_price": ["183"]}, "6868782": {"hotel_name": "\u4e09\u4e9a\u6d77\u68e0\u6e7e\u6d77\u7684\u9662\u5b50\u6c11\u5bbf", "order_time": ["2019-01-14 10:29:25"], "total_order": 1, "hotel_value": ["4.4"], "hotel_price": ["176"]}, "1459327": {"hotel_name": "\u4e09\u4e9a\u6d77\u90fd\u65c5\u9986", "order_time": ["2019-01-14 10:29:38"], "total_order": 1, "hotel_value": ["4.9"], "hotel_price": ["133"]}, "437661": {"hotel_name": "\u4e09\u4e9a\u534a\u5c71\u9526\u6c5f\u6d77\u666f\u5ea6\u5047\u9152\u5e97", "order_time": ["2019-01-14 10:31:19"], "total_order": 1, "hotel_value": ["4.6"], "hotel_price": ["358"]}, "1379592": {"hotel_name": "\u683c\u6797\u8c6a\u6cf0(\u4e09\u4e9a\u51e4\u51f0\u673a\u573a\u8def\u5e97)", "order_time": ["2019-01-14 10:31:22"], "total_order": 1, "hotel_value": ["4.0"], "hotel_price": ["183"]}, "21634169": {"hotel_name": "\u7f18\u7b51\u00b7\u4e09\u4e9a\u6162\u70b9\u5ea6\u5047\u516c\u5bd3(\u64ce\u5929\u534a\u5c9b\u5e97)", "order_time": ["2019-01-14 10:31:23"], "total_order": 1, "hotel_value": ["4.8"], "hotel_price": ["194"]}, "7485514": {"hotel_name": "\u4e45\u6816\u00b7\u4e09\u4e9a\u60a0\u7136\u6d77\u8fb9\u5ea6\u5047\u516c\u5bd3", "order_time": ["2019-01-14 10:31:23"], "total_order": 1, "hotel_value": ["4.9"], "hotel_price": ["213"]}, "13328890": {"hotel_name": "\u5982\u5bb6\u7cbe\u9009\u9152\u5e97(\u4e09\u4e9a\u8c6a\u5a01\u9e92\u9e9f\u5e97)", "order_time": ["2019-01-14 10:31:23"], "total_order": 1, "hotel_value": ["4.6"], "hotel_price": ["289"]}, "632301": {"hotel_name": "\u4e09\u4e9a\u5927\u536b\u4f20\u5947\u7231\u60c5\u5ea6\u5047\u9152\u5e97", "order_time": ["2019-01-14 10:31:24"], "total_order": 1, "hotel_value": ["4.4"], "hotel_price": ["1000"]}, "1459517": {"hotel_name": "\u4e09\u4e9a\u7f8e\u4e3d\u65f6\u5149\u5047\u65e5\u9152\u5e97", "order_time": ["2019-01-14 10:31:27"], "total_order": 1, "hotel_value": ["4.0"], "hotel_price": ["123"]}, "6828655": {"hotel_name": "\u4e09\u4e9a\u6d77\u660e\u6708\u6d77\u666f\u5957\u623f\u516c\u5bd3", "order_time": ["2019-01-14 10:31:31"], "total_order": 1, "hotel_value": ["4.9"], "hotel_price": ["261"]}, "2220650": {"hotel_name": "\u4e09\u4e9a\u65c5\u884c\u5bb6\u9152\u5e97\u5f0f\u5ea6\u5047\u516c\u5bd3", "order_time": ["2019-01-14 10:31:31", "2019-01-14 10:41:25"], "total_order": 2, "hotel_value": ["4.8", "4.8"], "hotel_price": ["277", "363"]}, "428289": {"hotel_name": "\u5982\u5bb6\u5feb\u6377\u9152\u5e97(\u4e09\u4e9a\u89e3\u653e\u8def\u65b0\u98ce\u8857\u4e09\u4e9a\u6e7e\u5e97)", "order_time": ["2019-01-14 10:33:21", "2019-01-14 10:43:24"], "total_order": 2, "hotel_value": ["4.3", "4.3"], "hotel_price": ["197", "197"]}, "761219": {"hotel_name": "\u6d77\u53cb\u9152\u5e97(\u4e09\u4e9a\u6e7e\u5e97)", "order_time": ["2019-01-14 10:33:27"], "total_order": 1, "hotel_value": ["4.3"], "hotel_price": ["132"]}, "7073052": {"hotel_name": "\u4e09\u4e9a\u514b\u62c9\u5c14\u9633\u5149\u6d77\u666f\u516c\u5bd3", "order_time": ["2019-01-14 10:33:34"], "total_order": 1, "hotel_value": ["4.8"], "hotel_price": ["184"]}, "470083": {"hotel_name": "\u6d77\u5357\u96c5\u5c45\u4e50\u83b1\u4f5b\u58eb\u9152\u5e97", "order_time": ["2019-01-14 10:35:19"], "total_order": 1, "hotel_value": ["4.8"], "hotel_price": ["4548"]}, "1541942": {"hotel_name": "\u4e45\u6816\u00b7\u4e09\u4e9a\u4eca\u65e5\u6d77\u666f\u516c\u5bd3", "order_time": ["2019-01-14 10:35:21"], "total_order": 1, "hotel_value": ["4.8"], "hotel_price": ["117"]}, "6866770": {"hotel_name": "\u4e09\u4e9a\u94ed\u8f69\u5546\u52a1\u9152\u5e97(\u539f\u94ed\u8f69\u65c5\u79df\u4f4f\u5bbf)", "order_time": ["2019-01-14 10:35:22"], "total_order": 1, "hotel_value": ["4.5"], "hotel_price": ["188"]}, "22764616": {"hotel_name": "\u4e09\u4e9a\u6d77\u65ed\u660e\u6708\u6d77\u666f\u516c\u5bd3", "order_time": ["2019-01-14 10:35:23"], "total_order": 1, "hotel_value": ["4.9"], "hotel_price": ["212"]}, "473306": {"hotel_name": "\u4e09\u4e9a\u9e3f\u82b3\u4e2d\u6d0b\u6d77\u666f\u9152\u5e97", "order_time": ["2019-01-14 10:35:24"], "total_order": 1, "hotel_value": ["4.3"], "hotel_price": ["179"]}, "5980581": {"hotel_name": "\u4e09\u4e9a\u73ba\u6cfd\u6d77\u666f\u65c5\u5c45(\u539f\u6d77\u60a6\u661f\u8fb0\u6d77\u666f\u5ea6\u5047\u516c\u5bd3)", "order_time": ["2019-01-14 10:35:24"], "total_order": 1, "hotel_value": ["4.9"], "hotel_price": ["212"]}, "25647873": {"hotel_name": "\u4e09\u4e9a\u5bbf\u989c\u7cbe\u9009\u5ea6\u5047\u9152\u5e97", "order_time": ["2019-01-14 10:35:26"], "total_order": 1, "hotel_value": ["4.7"], "hotel_price": ["178"]}, "16028847": {"hotel_name": "\u4e09\u4e9a\u5343\u53e4\u60c5\u5ba2\u6808", "order_time": ["2019-01-14 10:35:26"], "total_order": 1, "hotel_value": ["4.7"], "hotel_price": ["489"]}, "6926836": {"hotel_name": "\u4e09\u4e9a\u7530\u72ec\u91d1\u6cfd\u56ed\u65c5\u9986", "order_time": ["2019-01-14 10:35:33"], "total_order": 1, "hotel_value": ["5.0"], "hotel_price": ["115"]}, "1851255": {"hotel_name": "\u4e09\u4e9a\u6d77\u4e4b\u84dd\u6c34\u679c\u82b1\u623f\u4e3b\u9898\u5ba2\u6808", "order_time": ["2019-01-14 10:37:35"], "total_order": 1, "hotel_value": ["4.0"], "hotel_price": ["63"]}, "6504155": {"hotel_name": "\u4e09\u4e9a\u552f\u66fc\u6735\u6d77\u666f\u5957\u623f\u5ea6\u5047\u516c\u5bd3", "order_time": ["2019-01-14 10:39:32", "2019-01-14 10:51:30"], "total_order": 2, "hotel_value": ["4.8", "4.8"], "hotel_price": ["245", "245"]}, "6808599": {"hotel_name": "\u4e09\u4e9a\u5d16\u57ce\u65bd\u987f\u9152\u5e97(\u539f\u65bd\u987f\u8fce\u5bbe\u9986)", "order_time": ["2019-01-14 10:41:20"], "total_order": 1, "hotel_value": ["4.2"], "hotel_price": ["258"]}, "8577342": {"hotel_name": "\u4e09\u4e9a\u6d77\u5706\u68a6\u6d77\u666f\u5ba2\u6808", "order_time": ["2019-01-14 10:41:26"], "total_order": 1, "hotel_value": ["4.8"], "hotel_price": ["101"]}, "428335": {"hotel_name": "\u5982\u5bb6\u5feb\u6377\u9152\u5e97(\u4e09\u4e9a\u6986\u4e9a\u8def\u5927\u4e1c\u6d77\u5e97)", "order_time": ["2019-01-14 10:43:19"], "total_order": 1, "hotel_value": ["4.6"], "hotel_price": ["227"]}, "1302048": {"hotel_name": "\u4e09\u4e9a\u5929\u6daf\u6f6e\u58f0\u5165\u68a6\u6d77\u666f\u5ba2\u6808(\u539f\u7c73\u7c92\u6d77\u666f\u5ba2\u6808\u4e09\u4e9a\u6e7e\u5e97)", "order_time": ["2019-01-14 10:43:21"], "total_order": 1, "hotel_value": ["4.7"], "hotel_price": ["95"]}, "25634977": {"hotel_name": "\u4e09\u4e9a\u827e\u514b\u5a01\u9152\u5e97", "order_time": ["2019-01-14 10:53:25", "2019-01-14 10:43:21"], "total_order": 2, "hotel_value": ["4.9", "4.9"], "hotel_price": ["252", "252"]}, "26622150": {"hotel_name": "\u4e09\u4e9a\u81ea\u7531\u81ea\u5728\u6d77\u666f\u516c\u5bd3", "order_time": ["2019-01-14 10:43:22"], "total_order": 1, "hotel_value": [0], "hotel_price": ["189"]}, "10919963": {"hotel_name": "\u4e09\u4e9a\u5149\u5f71\u5e74\u8f6e\u7cbe\u54c1\u5ba2\u6808", "order_time": ["2019-01-14 10:45:21"], "total_order": 1, "hotel_value": ["4.8"], "hotel_price": ["137"]}, "6287098": {"hotel_name": "\u4e09\u4e9a\u6ce5\u5bbf\u827a\u672f\u9152\u5e97", "order_time": ["2019-01-14 10:45:22"], "total_order": 1, "hotel_value": ["4.5"], "hotel_price": ["126"]}, "3732039": {"hotel_name": "\u4e09\u4e9a\u6d77\u68e0\u6e7e\u6bd4\u90bbnear\u6930\u6797\u7f8e\u5bbf(\u539f\u6bd4\u90bb\u6cf3\u6c60\u5ea6\u5047\u7cbe\u54c1\u5ba2\u6808)", "order_time": ["2019-01-14 10:45:22"], "total_order": 1, "hotel_value": ["4.5"], "hotel_price": ["292"]}, "6126289": {"hotel_name": "\u4e09\u4e9a\u84dd\u6d77\u4e00\u53f7\u6d77\u5cb8\u9152\u5e97", "order_time": ["2019-01-14 10:45:22"], "total_order": 1, "hotel_value": ["4.8"], "hotel_price": ["153"]}, "23134111": {"hotel_name": "\u4e09\u4e9a\u827e\u6bd4\u5229\u6d77\u666f\u4e3b\u9898\u6c11\u5bbf", "order_time": ["2019-01-14 10:45:30"], "total_order": 1, "hotel_value": ["5.0"], "hotel_price": ["116"]}, "1444927": {"hotel_name": "\u4e09\u4e9a\u5341\u6b65\u6d77\u5cb8\u9752\u5e74\u65c5\u820d", "order_time": ["2019-01-14 10:47:25"], "total_order": 1, "hotel_value": ["4.3"], "hotel_price": ["59"]}, "608364": {"hotel_name": "\u4e09\u4e9a\u65b0\u5174\u6d77\u666f\u5927\u9152\u5e97(\u7b2c\u4e00\u5e02\u573a\u5e97)", "order_time": ["2019-01-14 10:47:27"], "total_order": 1, "hotel_value": ["4.0"], "hotel_price": ["157"]}, "11503483": {"hotel_name": "\u4e09\u4e9a\u884c\u8005\u65e0\u7586\u9752\u5e74\u65c5\u820d", "order_time": ["2019-01-14 10:47:30"], "total_order": 1, "hotel_value": [0], "hotel_price": ["33"]}, "3777325": {"hotel_name": "\u4e09\u4e9a\u90a3\u65f6\u5149\u6000\u65e7\u5ba2\u6808", "order_time": ["2019-01-14 10:49:24"], "total_order": 1, "hotel_value": ["4.8"], "hotel_price": ["118"]}, "16128581": {"hotel_name": "\u4e09\u4e9a\u7cd6\u679c\u6d77\u666f\u5957\u623f\u5ea6\u5047\u516c\u5bd3", "order_time": ["2019-01-14 10:49:29"], "total_order": 1, "hotel_value": ["4.6"], "hotel_price": ["193"]}, "26444304": {"hotel_name": "\u4e09\u4e9a\u6240\u5728\u6d77\u666f\u7cbe\u54c1\u6c11\u5bbf", "order_time": ["2019-01-14 10:51:30", "2019-01-14 10:49:29"], "total_order": 2, "hotel_value": ["5.0", "5.0"], "hotel_price": ["316", "316"]}, "8577364": {"hotel_name": "\u65e9\u5b89\u5927\u6811\u9152\u5e97(\u4e09\u4e9a\u7f8e\u4e3d\u4e4b\u51a0\u5e97)(\u539f\u4e09\u4e9a\u65e9\u5b89\u6591\u514b\u9152\u5e97\u5927\u6811\u516c\u9986\u5e97)", "order_time": ["2019-01-14 10:51:24"], "total_order": 1, "hotel_value": ["4.5"], "hotel_price": ["202"]}, "5296769": {"hotel_name": "\u4e09\u4e9a\u6d77\u68e0\u6e7e\u541b\u60a6\u9152\u5e97", "order_time": ["2019-01-14 10:51:26"], "total_order": 1, "hotel_value": ["4.7"], "hotel_price": ["1840"]}, "707593": {"hotel_name": "\u4e09\u4e9a\u51e4\u51f0\u5c9b\u6d77\u6d0b\u4e4b\u661f\u5ea6\u5047\u9152\u5e97", "order_time": ["2019-01-14 10:55:27", "2019-01-14 10:51:26"], "total_order": 2, "hotel_value": ["4.7", "4.7"], "hotel_price": ["432", "432"]}, "21641576": {"hotel_name": "\u7f8e\u4e3d\u6d77\u9152\u5e97(\u4e09\u4e9a\u51e4\u51f0\u673a\u573a\u5e97)", "order_time": ["2019-01-14 10:51:27"], "total_order": 1, "hotel_value": ["4.5"], "hotel_price": ["137"]}, "1642576": {"hotel_name": "\u4e09\u4e9a\u5b50\u60a6\u5eb7\u5e74\u4e3b\u9898\u5957\u623f\u5ea6\u5047\u9152\u5e97", "order_time": ["2019-01-14 10:51:27"], "total_order": 1, "hotel_value": ["4.7"], "hotel_price": ["392"]}, "1315536": {"hotel_name": "\u4e09\u4e9a\u5e15\u5c14\u7f8e\u7eb3\u56fd\u9645\u5ea6\u5047\u516c\u5bd3", "order_time": ["2019-01-14 10:51:28"], "total_order": 1, "hotel_value": ["4.8"], "hotel_price": ["268"]}, "1480855": {"hotel_name": "\u4e09\u4e9a\u51ef\u5e1d\u6d77\u666f\u9152\u5e97", "order_time": ["2019-01-14 10:51:28"], "total_order": 1, "hotel_value": ["4.5"], "hotel_price": ["112"]}, "426964": {"hotel_name": "\u4e09\u4e9a\u5eb7\u7279\u738b\u5e9c\u4f1a\u8bae\u5ea6\u5047\u9152\u5e97", "order_time": ["2019-01-14 10:51:33"], "total_order": 1, "hotel_value": ["4.6"], "hotel_price": ["273"]}, "9666280": {"hotel_name": "\u4e09\u4e9ahello\u6d77\u666f\u5ea6\u5047\u516c\u5bd3", "order_time": ["2019-01-14 10:51:33"], "total_order": 1, "hotel_value": ["4.8"], "hotel_price": ["264"]}, "24609830": {"hotel_name": "\u4e09\u4e9a\u6d77\u68e0\u6e7e\u5c0f\u68e0\u522b\u9662\u827a\u672f\u6c11\u5bbf", "order_time": ["2019-01-14 10:51:33"], "total_order": 1, "hotel_value": ["4.8"], "hotel_price": ["330"]}, "6476957": {"hotel_name": "\u4e09\u4e9a\u5174\u5b89\u957f\u5cf0\u5927\u9152\u5e97", "order_time": ["2019-01-14 10:51:33"], "total_order": 1, "hotel_value": ["4.5"], "hotel_price": ["288"]}, "17140010": {"hotel_name": "\u4e09\u4e9a\u60a6\u670b\u00b7\u6d77\u534a\u95f4\u4eba\u6587\u8bbe\u8ba1\u6d77\u666f\u9152\u5e97", "order_time": ["2019-01-14 10:51:33"], "total_order": 1, "hotel_value": ["4.8"], "hotel_price": ["253"]}, "346686": {"hotel_name": "\u4e09\u4e9a\u739b\u745e\u7eb3\u9152\u5e97", "order_time": ["2019-01-14 10:51:33"], "total_order": 1, "hotel_value": ["4.6"], "hotel_price": ["410"]}, "10226392": {"hotel_name": "\u81fb\u7231\u9038\u5bb6\u7cbe\u54c1\u522b\u5885(\u4e09\u4e9a\u6e7e\u7ea2\u6811\u6797\u5e97)", "order_time": ["2019-01-14 10:53:20"], "total_order": 1, "hotel_value": ["4.8"], "hotel_price": ["228"]}, "6280766": {"hotel_name": "\u4e09\u4e9a\u5927\u4e1c\u6d77\u82b1\u8bed\u6d77\u666f\u5ea6\u5047\u516c\u5bd3", "order_time": ["2019-01-14 10:53:20"], "total_order": 1, "hotel_value": ["4.4"], "hotel_price": ["141"]}, "6867681": {"hotel_name": "\u4e09\u4e9a\u590f\u672b\u82b1\u5f00\u5c71\u95f4\u5c0f\u7b51", "order_time": ["2019-01-14 10:53:24"], "total_order": 1, "hotel_value": ["4.8"], "hotel_price": ["153"]}, "1719765": {"hotel_name": "\u4e09\u4e9a\u9f99\u745e\u7965\u9152\u5e97", "order_time": ["2019-01-14 10:53:25"], "total_order": 1, "hotel_value": ["4.4"], "hotel_price": ["107"]}, "4339553": {"hotel_name": "\u4e09\u4e9a\u94c2\u7acb\u541b\u9a7f\u7cbe\u54c1\u9152\u5e97(\u5343\u53e4\u60c5\u5e97)(\u539f\u94c2\u7acb\u7cbe\u54c1\u9152\u5e97)", "order_time": ["2019-01-14 10:55:21"], "total_order": 1, "hotel_value": ["4.4"], "hotel_price": ["153"]}, "17496511": {"hotel_name": "\u4e09\u4e9a\u6e05\u6c34\u6e7e\u749e\u534e\u6d77\u666f\u5ea6\u5047\u516c\u9986", "order_time": ["2019-01-14 10:55:24"], "total_order": 1, "hotel_value": ["4.7"], "hotel_price": ["220"]}, "17325404": {"hotel_name": "\u4e09\u4e9a\u6d1b\u514b\u94c2\u91d1\u6d77\u666f\u9152\u5e97", "order_time": ["2019-01-14 10:55:27"], "total_order": 1, "hotel_value": ["4.4"], "hotel_price": ["479"]}, "1415685": {"hotel_name": "\u4e09\u4e9a9\u53f7\u4e3b\u9898\u516c\u5bd3", "order_time": ["2019-01-14 10:57:22"], "total_order": 1, "hotel_value": ["4.9"], "hotel_price": ["238"]}, "6080085": {"hotel_name": "\u4e09\u4e9a\u65c5\u884c\u8005\u4e4b\u5bb6\u9752\u5e74\u65c5\u793e", "order_time": ["2019-01-14 10:57:38"], "total_order": 1, "hotel_value": [0], "hotel_price": ["22"]}}}