{"\u5f00\u59cb\u8bb0\u5f55\u65f6\u95f4": "2019-01-18 18:55:10", "\u7ed3\u675f\u8bb0\u5f55\u65f6\u95f4": "2019-01-18 19:55:10", "\u8ba2\u5355\u603b\u589e\u91cf": 144, "item": {"1717871": {"hotel_name": "\u4e09\u4e9a\u5b89\u6f2b\u4e91\u820d\u5047\u65e5\u9152\u5e97(\u539f\u542c\u98ce\u5ea6\u5047\u516c\u5bd3)", "order_time": ["2019-01-18 18:57:18"], "total_order": 1, "hotel_value": ["4.7"], "hotel_price": ["173"]}, "429615": {"hotel_name": "\u4e09\u4e9a\u4e9a\u9f99\u6e7e\u541b\u6f9c\u5ea6\u5047\u9152\u5e97(\u539f\u5047\u65e5\u5ea6\u5047\u9152\u5e97)", "order_time": ["2019-01-18 18:57:18"], "total_order": 1, "hotel_value": ["4.5"], "hotel_price": ["688"]}, "4033951": {"hotel_name": "\u4e09\u4e9a\u51e4\u51f0\u5c9b\u6d77\u6d0b\u4e4b\u68a6\u5ea6\u5047\u9152\u5e97", "order_time": ["2019-01-18 18:57:18"], "total_order": 1, "hotel_value": ["4.7"], "hotel_price": ["729"]}, "707593": {"hotel_name": "\u4e09\u4e9a\u51e4\u51f0\u5c9b\u6d77\u6d0b\u4e4b\u661f\u5ea6\u5047\u9152\u5e97", "order_time": ["2019-01-18 18:57:18"], "total_order": 1, "hotel_value": ["4.7"], "hotel_price": ["432"]}, "372203": {"hotel_name": "\u4e09\u4e9a\u6d77\u68e0\u6e7e\u5eb7\u83b1\u5fb7\u9152\u5e97", "order_time": ["2019-01-18 18:57:19"], "total_order": 1, "hotel_value": ["4.6"], "hotel_price": ["1430"]}, "13411954": {"hotel_name": "\u4e09\u4e9a\u6816\u6f9c\u6d77\u68e0\u522b\u5885\u6c11\u5bbf", "order_time": ["2019-01-18 18:57:20"], "total_order": 1, "hotel_value": ["5.0"], "hotel_price": ["1377"]}, "1013120": {"hotel_name": "\u4e09\u4e9a\u6e58\u4e9a\u9152\u5e97", "order_time": ["2019-01-18 18:57:22"], "total_order": 1, "hotel_value": ["4.7"], "hotel_price": ["94"]}, "11276759": {"hotel_name": "\u4e09\u4e9a\u9047\u89c1\u7231\u6d77\u666f\u516c\u5bd3", "order_time": ["2019-01-18 18:57:26"], "total_order": 1, "hotel_value": ["5.0"], "hotel_price": ["376"]}, "918535": {"hotel_name": "\u4e45\u6816\u00b7\u4e09\u4e9a\u67ab\u4f20\u8bf4\u6d77\u666f\u5ea6\u5047\u516c\u5bd3", "order_time": ["2019-01-18 18:57:26"], "total_order": 1, "hotel_value": ["4.9"], "hotel_price": ["211"]}, "9152765": {"hotel_name": "\u4e09\u4e9a\u5fc6\u6816\u4e3b\u9898\u5ba2\u6808", "order_time": ["2019-01-18 18:57:26"], "total_order": 1, "hotel_value": ["4.5"], "hotel_price": ["114"]}, "5988590": {"hotel_name": "\u4e09\u4e9a\u6e05\u6c34\u6e7e\u6bd4\u5229\u5f17\u6d77\u666f\u516c\u5bd3", "order_time": ["2019-01-18 18:59:16"], "total_order": 1, "hotel_value": ["4.8"], "hotel_price": ["240"]}, "345069": {"hotel_name": "\u4e09\u4e9a\u6d77\u68e0\u6e7e\u4e07\u8fbe\u5e0c\u5c14\u987f\u9038\u6797\u5ea6\u5047\u9152\u5e97", "order_time": ["2019-01-18 18:59:16"], "total_order": 1, "hotel_value": ["4.5"], "hotel_price": ["910"]}, "436675": {"hotel_name": "\u4e09\u4e9a\u5927\u4e1c\u6d77\u541b\u4ead\u9152\u5e97", "order_time": ["2019-01-18 19:01:17", "2019-01-18 18:59:17"], "total_order": 2, "hotel_value": ["4.8", "4.8"], "hotel_price": ["333", "333"]}, "346702": {"hotel_name": "\u4e09\u4e9a\u8fb0\u5149\u514b\u62c9\u7801\u5934\u9152\u5e97", "order_time": ["2019-01-18 18:59:17"], "total_order": 1, "hotel_value": ["4.6"], "hotel_price": ["408"]}, "1137078": {"hotel_name": "\u6d77\u5357\u6e05\u6c34\u6e7e\u5047\u65e5\u5ea6\u5047\u9152\u5e97", "order_time": ["2019-01-18 18:59:17"], "total_order": 1, "hotel_value": ["4.7"], "hotel_price": ["475"]}, "15018544": {"hotel_name": "\u4e09\u4e9a\u9047\u89c1\u6d77\u68e0\u522b\u5885\u9152\u5e97", "order_time": ["2019-01-18 18:59:18"], "total_order": 1, "hotel_value": ["4.6"], "hotel_price": ["2026"]}, "396500": {"hotel_name": "\u4e09\u4e9a\u6e7e\u4ed9\u5c45\u5e9c\u6d77\u666f\u9152\u5e97", "order_time": ["2019-01-18 18:59:18"], "total_order": 1, "hotel_value": ["4.4"], "hotel_price": ["344"]}, "436696": {"hotel_name": "\u4e09\u4e9a\u6930\u84dd\u6e7e\u5ea6\u5047\u9152\u5e97", "order_time": ["2019-01-18 18:59:18"], "total_order": 1, "hotel_value": ["4.4"], "hotel_price": ["289"]}, "2260152": {"hotel_name": "\u4e09\u4e9a\u51e4\u51f0\u56fd\u9645\u673a\u573a100\u5ba2\u6808", "order_time": ["2019-01-18 18:59:20"], "total_order": 1, "hotel_value": ["4.4"], "hotel_price": ["121"]}, "10188701": {"hotel_name": "\u4e09\u4e9a\u6c34\u6676\u4e4b\u604b\u4e3b\u9898\u9152\u5e97", "order_time": ["2019-01-18 18:59:20"], "total_order": 1, "hotel_value": ["4.7"], "hotel_price": ["193"]}, "808618": {"hotel_name": "7\u5929\u8fde\u9501\u9152\u5e97(\u4e09\u4e9a\u4e09\u4e9a\u6e7e\u6d77\u666f\u5e97)", "order_time": ["2019-01-18 18:59:20"], "total_order": 1, "hotel_value": ["4.2"], "hotel_price": ["139"]}, "1640179": {"hotel_name": "\u4e09\u4e9a\u4ec1\u548c\u5bbe\u9986", "order_time": ["2019-01-18 18:59:26"], "total_order": 1, "hotel_value": [0], "hotel_price": ["79"]}, "4090289": {"hotel_name": "\u4e09\u4e9a\u98ce\u8046\u6d77\u827a\u672f\u5ba2\u6808", "order_time": ["2019-01-18 19:01:16"], "total_order": 1, "hotel_value": ["4.8"], "hotel_price": ["98"]}, "6279068": {"hotel_name": "\u4e09\u4e9a\u6d77\u6f2b\u6f2b\u5ba2\u6808", "order_time": ["2019-01-18 19:01:16"], "total_order": 1, "hotel_value": ["4.5"], "hotel_price": ["119"]}, "437377": {"hotel_name": "\u4e09\u4e9a\u6d77\u68e0\u6e7e\u5fa1\u6d77\u68e0\u8c6a\u534e\u7cbe\u9009\u5ea6\u5047\u9152\u5e97", "order_time": ["2019-01-18 19:01:17"], "total_order": 1, "hotel_value": ["4.7"], "hotel_price": ["900"]}, "21765890": {"hotel_name": "\u4e09\u4e9a\u5361\u838e\u4e3b\u9898\u9152\u5e97", "order_time": ["2019-01-18 19:05:25", "2019-01-18 19:01:18"], "total_order": 2, "hotel_value": ["4.6", "4.6"], "hotel_price": ["119", "119"]}, "345074": {"hotel_name": "\u4e09\u4e9a\u4e9a\u9f99\u6e7e\u745e\u5409\u5ea6\u5047\u9152\u5e97", "order_time": ["2019-01-18 19:01:18"], "total_order": 1, "hotel_value": ["4.7"], "hotel_price": ["1699"]}, "24051573": {"hotel_name": "\u4e09\u4e9a\u6d77\u7720\u827a\u5bbf\u8bbe\u8ba1\u6c11\u5bbf", "order_time": ["2019-01-18 19:53:16", "2019-01-18 19:01:18"], "total_order": 2, "hotel_value": ["4.7", "4.7"], "hotel_price": ["230", "230"]}, "20617225": {"hotel_name": "\u7ea6\u00b7\u8bbe\u8ba1\u4e3b\u9898\u9152\u5e97(\u4e09\u4e9a\u5343\u53e4\u60c5\u5e97)", "order_time": ["2019-01-18 19:01:18"], "total_order": 1, "hotel_value": ["4.7"], "hotel_price": ["192"]}, "25804375": {"hotel_name": "\u4e09\u4e9a\u6e90\u5bbf\u5c0f\u9662", "order_time": ["2019-01-18 19:01:22"], "total_order": 1, "hotel_value": ["4.9"], "hotel_price": ["154"]}, "374842": {"hotel_name": "\u4e09\u4e9a\u6e7e\u6d77\u5c45\u94c2\u5c14\u66fc\u5ea6\u5047\u9152\u5e97", "order_time": ["2019-01-18 19:03:18"], "total_order": 1, "hotel_value": ["4.7"], "hotel_price": ["944"]}, "5896791": {"hotel_name": "\u4e09\u4e9a\u8d70\u8d70\u505c\u505c\u7cbe\u54c1\u5ba2\u6808\u5927\u4e1c\u6d77\u5e97", "order_time": ["2019-01-18 19:03:19"], "total_order": 1, "hotel_value": ["4.8"], "hotel_price": ["143"]}, "1410632": {"hotel_name": "\u683c\u6797\u8c6a\u6cf0(\u4e09\u4e9a\u548c\u5e73\u8857\u60c5\u4eba\u6865\u5e97)", "order_time": ["2019-01-18 19:03:19"], "total_order": 1, "hotel_value": ["4.2"], "hotel_price": ["133"]}, "4374867": {"hotel_name": "\u4e09\u4e9a\u53cc\u5927\u56fd\u9645\u9152\u5e97", "order_time": ["2019-01-18 19:03:20"], "total_order": 1, "hotel_value": ["4.5"], "hotel_price": ["432"]}, "6868782": {"hotel_name": "\u4e09\u4e9a\u6d77\u68e0\u6e7e\u6d77\u7684\u9662\u5b50\u6c11\u5bbf", "order_time": ["2019-01-18 19:05:22"], "total_order": 1, "hotel_value": ["4.4"], "hotel_price": ["176"]}, "6476957": {"hotel_name": "\u4e09\u4e9a\u5174\u5b89\u957f\u5cf0\u5927\u9152\u5e97", "order_time": ["2019-01-18 19:05:25"], "total_order": 1, "hotel_value": ["4.5"], "hotel_price": ["298"]}, "1251671": {"hotel_name": "\u9526\u6c5f\u4e4b\u661f(\u4e09\u4e9a\u6cb3\u897f\u8def\u6b65\u884c\u6865\u6cb3\u666f\u5e97)", "order_time": ["2019-01-18 19:05:26"], "total_order": 1, "hotel_value": ["4.5"], "hotel_price": ["139"]}, "384973": {"hotel_name": "\u4e09\u4e9a\u6d77\u68e0\u6e7e\u5f00\u7ef4\u4e07\u8fbe\u6587\u534e\u5ea6\u5047\u9152\u5e97", "order_time": ["2019-01-18 19:05:26"], "total_order": 1, "hotel_value": ["4.5"], "hotel_price": ["598"]}, "28757681": {"hotel_name": "\u4e09\u4e9a\u4e9a\u9f99\u6e7e\u62fe\u6e7e\u4f9d\u5c71\u820d\u6c11\u5bbf", "order_time": ["2019-01-18 19:05:27"], "total_order": 1, "hotel_value": [0], "hotel_price": ["151"]}, "1415685": {"hotel_name": "\u4e09\u4e9a9\u53f7\u4e3b\u9898\u516c\u5bd3", "order_time": ["2019-01-18 19:07:16"], "total_order": 1, "hotel_value": ["4.9"], "hotel_price": ["229"]}, "1377566": {"hotel_name": "\u4e09\u4e9a\u4e9a\u9f99\u6e7e\u4ec1\u8fbe\u5ea6\u5047\u516c\u5bd3", "order_time": ["2019-01-18 19:07:17"], "total_order": 1, "hotel_value": ["4.6"], "hotel_price": ["259"]}, "1553194": {"hotel_name": "\u4e09\u4e9a\u4e9a\u9f99\u6e7e\u6c34\u4e91\u6da7\u7cbe\u54c1\u5ba2\u6808", "order_time": ["2019-01-18 19:07:18"], "total_order": 1, "hotel_value": ["4.4"], "hotel_price": ["754"]}, "1964967": {"hotel_name": "\u4f73\u6377\u8fde\u9501\u9152\u5e97(\u4e09\u4e9a\u51e4\u51f0\u5c9b\u5e97)", "order_time": ["2019-01-18 19:07:18"], "total_order": 1, "hotel_value": ["4.4"], "hotel_price": ["103"]}, "8577248": {"hotel_name": "\u4e09\u4e9a\u73b2\u73d1\u7cbe\u54c1\u5ea6\u5047\u516c\u5bd3", "order_time": ["2019-01-18 19:07:19"], "total_order": 1, "hotel_value": ["4.9"], "hotel_price": ["286"]}, "1303364": {"hotel_name": "\u53cb\u5bb6\u5ea6\u5047\u516c\u5bd3(\u4e09\u4e9a\u4e9a\u9f99\u6e7e\u7533\u4e9a\u7fe1\u7fe0\u8c37\u5e97)", "order_time": ["2019-01-18 19:07:21"], "total_order": 1, "hotel_value": ["4.6"], "hotel_price": ["185"]}, "6484684": {"hotel_name": "\u4e09\u4e9a\u4e07\u5ef7\u4e3b\u9898\u9152\u5e97", "order_time": ["2019-01-18 19:09:19"], "total_order": 1, "hotel_value": ["4.7"], "hotel_price": ["203"]}, "15249049": {"hotel_name": "\u7f8e\u4e3d\u4e4b\u51a0\u5927\u6811\u7687\u51a0\u5047\u65e5\u9152\u5e97", "order_time": ["2019-01-18 19:13:16", "2019-01-18 19:09:19"], "total_order": 2, "hotel_value": ["4.4", "4.4"], "hotel_price": ["202", "202"]}, "1570339": {"hotel_name": "\u4e09\u4e9a\u548c\u6cd3\u517b\u751f\u5ea6\u5047\u9152\u5e97", "order_time": ["2019-01-18 19:09:22"], "total_order": 1, "hotel_value": ["4.6"], "hotel_price": ["280"]}, "5892127": {"hotel_name": "\u4e09\u4e9a\u6d77\u68e0\u6e7eHANATOALICE\u6d77\u666f\u9152\u5e97", "order_time": ["2019-01-18 19:11:15", "2019-01-18 19:41:16"], "total_order": 2, "hotel_value": ["4.4", "4.4"], "hotel_price": ["426", "426"]}, "17533420": {"hotel_name": "\u4e09\u4e9a\u5927\u4e1c\u6d77\u9152\u5e97", "order_time": ["2019-01-18 19:11:15", "2019-01-18 19:25:17", "2019-01-18 19:29:21"], "total_order": 3, "hotel_value": ["4.8", "4.8", "4.8"], "hotel_price": ["2388", "2388", "2388"]}, "6075238": {"hotel_name": "\u4e09\u4e9a\u8fdc\u6d0b\u6d77\u666f\u5957\u623f\u5ea6\u5047\u516c\u9986(\u539f\u8fdc\u6d0b\u516c\u9986\u6d77\u666f\u5ea6\u5047\u4e2d\u5fc3)", "order_time": ["2019-01-18 19:11:15"], "total_order": 1, "hotel_value": ["4.8"], "hotel_price": ["392"]}, "1651443": {"hotel_name": "\u5c1a\u5ba2\u4f18\u5feb\u6377\u9152\u5e97(\u4e09\u4e9a\u6e7e\u5e97)", "order_time": ["2019-01-18 19:11:15"], "total_order": 1, "hotel_value": ["3.9"], "hotel_price": ["109"]}, "6106463": {"hotel_name": "\u4e09\u4e9a\u7f8e\u4e9a\u56db\u5b63\u9152\u5e97", "order_time": ["2019-01-18 19:11:16"], "total_order": 1, "hotel_value": ["4.6"], "hotel_price": ["311"]}, "8581510": {"hotel_name": "\u4e09\u4e9a\u534a\u5c71\u9a7f\u6d77\u5cb8\u7cbe\u54c1\u5ba2\u6808(\u539f\u871c\u5bb6\u5c0f\u9662)", "order_time": ["2019-01-18 19:11:16"], "total_order": 1, "hotel_value": ["4.7"], "hotel_price": ["131"]}, "468875": {"hotel_name": "\u6674\u5929\u7389\u6ee9\u6d77\u666f\u5ea6\u5047\u516c\u5bd3(\u4e09\u4e9a\u6e7e\u5e97)", "order_time": ["2019-01-18 19:11:16"], "total_order": 1, "hotel_value": ["4.1"], "hotel_price": ["123"]}, "473306": {"hotel_name": "\u4e09\u4e9a\u9e3f\u82b3\u4e2d\u6d0b\u6d77\u666f\u9152\u5e97", "order_time": ["2019-01-18 19:11:16"], "total_order": 1, "hotel_value": ["4.3"], "hotel_price": ["179"]}, "11188504": {"hotel_name": "\u4e09\u4e9a\u6d77\u68e0\u6e7e\u7559\u4e0b\u5c0f\u7b51\u4e3b\u9898\u6c11\u5bbf", "order_time": ["2019-01-18 19:11:16"], "total_order": 1, "hotel_value": ["4.8"], "hotel_price": ["126"]}, "5793623": {"hotel_name": "\u4e09\u4e9a\u4e91\u6d77\u7476\u6d77\u666f\u5ba2\u6808\u5929\u6daf\u6d77\u89d2\u5e97", "order_time": ["2019-01-18 19:11:17"], "total_order": 1, "hotel_value": ["4.6"], "hotel_price": ["121"]}, "5634155": {"hotel_name": "\u4e09\u4e9a\u6e7e\u7ea2\u6811\u6797\u5ea6\u5047\u4e16\u754c(\u68d5\u6988\u738b\u56fd\u4eb2\u5b50\u4e3b\u9898\u5e97)", "order_time": ["2019-01-18 19:11:17"], "total_order": 1, "hotel_value": ["4.7"], "hotel_price": ["1146"]}, "10667238": {"hotel_name": "\u4e09\u4e9a\u53f6\u5b50\u7cbe\u9009\u4e3b\u9898\u516c\u5bd3", "order_time": ["2019-01-18 19:13:15"], "total_order": 1, "hotel_value": ["4.9"], "hotel_price": ["314"]}, "435983": {"hotel_name": "\u4e09\u4e9a\u4e9a\u9f99\u6e7e\u4eba\u95f4\u5929\u5802-\u9e1f\u5de2\u5ea6\u5047\u6751", "order_time": ["2019-01-18 19:13:16"], "total_order": 1, "hotel_value": ["4.6"], "hotel_price": ["1370"]}, "1645957": {"hotel_name": "\u4e09\u4e9a\u4e61\u60c5\u5ba2\u6808", "order_time": ["2019-01-18 19:13:16"], "total_order": 1, "hotel_value": ["2.0"], "hotel_price": ["93"]}, "6457048": {"hotel_name": "\u4f73\u8f69\u5047\u65e5\u9152\u5e97(\u4e09\u4e9a\u51e4\u51f0\u673a\u573a\u5e97)", "order_time": ["2019-01-18 19:13:16"], "total_order": 1, "hotel_value": ["4.5"], "hotel_price": ["207"]}, "5647540": {"hotel_name": "\u4e03\u68f5\u6811\u5927\u6811\u9152\u5e97(\u4e09\u4e9a\u7f8e\u4e3d\u4e4b\u51a0\u5e97)(\u539f\u7f8e\u4e3d\u4e4b\u51a0\u4e5d\u68f5\u5927\u6811\u9152\u5e97)", "order_time": ["2019-01-18 19:13:16"], "total_order": 1, "hotel_value": ["4.2"], "hotel_price": ["206"]}, "436677": {"hotel_name": "\u4e09\u4e9a\u4e3d\u666f\u6d77\u6e7e\u9152\u5e97", "order_time": ["2019-01-18 19:13:18", "2019-01-18 19:25:17", "2019-01-18 19:29:21"], "total_order": 3, "hotel_value": ["4.6", "4.6", "4.6"], "hotel_price": ["315", "315", "315"]}, "3197195": {"hotel_name": "\u54ea\u91cc\u90a3\u91cc\u6d77\u5cb8\u7cbe\u54c1\u5ba2\u6808(\u4e09\u4e9a\u4e9a\u9f99\u6e7e\u5e97)", "order_time": ["2019-01-18 19:15:17"], "total_order": 1, "hotel_value": ["4.8"], "hotel_price": ["182"]}, "5898698": {"hotel_name": "\u4e09\u4e9a\u6cf0\u9601\u6d77\u666f\u5ba2\u6808", "order_time": ["2019-01-18 19:15:18"], "total_order": 1, "hotel_value": ["4.9"], "hotel_price": ["116"]}, "15164961": {"hotel_name": "\u4e09\u4e9a\u5c4b\u5947\u9152\u5e97(\u6b65\u884c\u8857\u5e97)", "order_time": ["2019-01-18 19:15:19"], "total_order": 1, "hotel_value": ["4.6"], "hotel_price": ["158"]}, "473314": {"hotel_name": "\u4e09\u4e9a\u4e8c\u6708\u6d77\u6d77\u666f\u9152\u5e97", "order_time": ["2019-01-18 19:15:20", "2019-01-18 19:37:18", "2019-01-18 19:45:17"], "total_order": 3, "hotel_value": ["4.8", "4.8", "4.8"], "hotel_price": ["191", "191", "191"]}, "433675": {"hotel_name": "\u4e09\u4e9a\u51e4\u51f0\u6c34\u57ce\u51ef\u83b1\u5ea6\u5047\u9152\u5e97", "order_time": ["2019-01-18 19:17:16"], "total_order": 1, "hotel_value": ["4.5"], "hotel_price": ["400"]}, "26535660": {"hotel_name": "\u4e09\u4e9a\u7231\u5fc5\u4fac\u68e0\u6e7e\u5ea6\u5047\u516c\u5bd3", "order_time": ["2019-01-18 19:17:17"], "total_order": 1, "hotel_value": ["4.4"], "hotel_price": ["1090"]}, "8577364": {"hotel_name": "\u65e9\u5b89\u5927\u6811\u9152\u5e97(\u4e09\u4e9a\u7f8e\u4e3d\u4e4b\u51a0\u5e97)(\u539f\u4e09\u4e9a\u65e9\u5b89\u6591\u514b\u9152\u5e97\u5927\u6811\u516c\u9986\u5e97)", "order_time": ["2019-01-18 19:19:19"], "total_order": 1, "hotel_value": ["4.5"], "hotel_price": ["191"]}, "6266014": {"hotel_name": "\u4e09\u4e9a\u6c34\u4e2d\u6c99\u6d77\u666f\u5ba2\u6808", "order_time": ["2019-01-18 19:19:20"], "total_order": 1, "hotel_value": ["4.9"], "hotel_price": ["136"]}, "4522257": {"hotel_name": "\u4e09\u4e9a\u7b80\u901487\u7a7a\u4e2d\u697c\u9601\u5ba2\u6808(\u539f\u67cf\u745e\u7b80\u9014\u7cbe\u54c1\u9152\u5e97)", "order_time": ["2019-01-18 19:21:15"], "total_order": 1, "hotel_value": ["4.1"], "hotel_price": ["181"]}, "12874170": {"hotel_name": "\u4e09\u4e9a\u503e\u57ce\u6735\u7f8e\u9152\u5e97", "order_time": ["2019-01-18 19:21:17"], "total_order": 1, "hotel_value": ["4.2"], "hotel_price": ["203"]}, "25680638": {"hotel_name": "\u4e09\u4e9a\u5e0c\u5c14\u987f\u82b1\u56ed\u9152\u5e97", "order_time": ["2019-01-18 19:21:18"], "total_order": 1, "hotel_value": [0], "hotel_price": ["578"]}, "5968179": {"hotel_name": "\u4e09\u4e9a\u7231\u4e4b\u7f18\u60c5\u4fa3\u5f71\u9662\u4e3b\u9898\u9152\u5e97(\u539f\u7231\u4e4b\u7f18\u5f71\u89c6\u8fde\u9501\u4e3b\u9898\u9152\u5e97)", "order_time": ["2019-01-18 19:23:15"], "total_order": 1, "hotel_value": ["4.8"], "hotel_price": ["222"]}, "16948036": {"hotel_name": "\u4e09\u4e9a\u6e7e\u7ea2\u6811\u6797\u5ea6\u5047\u4e16\u754c(\u5927\u738b\u68d5\u9152\u5e97)", "order_time": ["2019-01-18 19:23:15", "2019-01-18 19:39:16"], "total_order": 2, "hotel_value": ["4.7", "4.7"], "hotel_price": ["900", "900"]}, "6450523": {"hotel_name": "\u4e09\u4e9a\u5c71\u6d77\u5929\u5927\u9152\u5e97\u00b7\u50b2\u9014\u683c\u7cbe\u9009", "order_time": ["2019-01-18 19:23:16", "2019-01-18 19:43:16"], "total_order": 2, "hotel_value": ["4.8", "4.8"], "hotel_price": ["1452", "1452"]}, "6639583": {"hotel_name": "\u4e09\u4e9a\u6d77\u7eb3\u6377\u7cbe\u54c1\u5ba2\u6808\uff08\u4e9a\u9f99\u6e7e\u5e97\uff09", "order_time": ["2019-01-18 19:23:16"], "total_order": 1, "hotel_value": ["4.5"], "hotel_price": ["164"]}, "13914509": {"hotel_name": "\u4e09\u4e9a\u4eca\u4e16\u7f18\u6d77\u666f\u9152\u5e97", "order_time": ["2019-01-18 19:23:16"], "total_order": 1, "hotel_value": ["4.6"], "hotel_price": ["135"]}, "21641576": {"hotel_name": "\u7f8e\u4e3d\u6d77\u9152\u5e97(\u4e09\u4e9a\u51e4\u51f0\u673a\u573a\u5e97)", "order_time": ["2019-01-18 19:23:16"], "total_order": 1, "hotel_value": ["4.5"], "hotel_price": ["122"]}, "6730915": {"hotel_name": "\u8d35\u666f\u6625\u9152\u5e97", "order_time": ["2019-01-18 19:23:18"], "total_order": 1, "hotel_value": [0], "hotel_price": ["89"]}, "428289": {"hotel_name": "\u5982\u5bb6\u5feb\u6377\u9152\u5e97(\u4e09\u4e9a\u89e3\u653e\u8def\u65b0\u98ce\u8857\u4e09\u4e9a\u6e7e\u5e97)", "order_time": ["2019-01-18 19:25:16"], "total_order": 1, "hotel_value": ["4.3"], "hotel_price": ["206"]}, "346684": {"hotel_name": "\u4e09\u4e9a\u73e0\u6c5f\u5357\u7530\u6e29\u6cc9\u5ea6\u5047\u533a", "order_time": ["2019-01-18 19:25:17"], "total_order": 1, "hotel_value": ["4.3"], "hotel_price": ["319"]}, "5830820": {"hotel_name": "\u96e8\u6797\u6f2b\u6b65\u5ea6\u5047\u6d0b\u623f\u522b\u5885(\u4e09\u4e9a\u4e9a\u9f99\u6e7e\u516c\u4e3b\u90e1\u5e97)", "order_time": ["2019-01-18 19:25:17"], "total_order": 1, "hotel_value": ["4.5"], "hotel_price": ["272"]}, "10148339": {"hotel_name": "\u4e09\u4e9a\u6b66\u65b0\u5ba2\u6808", "order_time": ["2019-01-18 19:25:17"], "total_order": 1, "hotel_value": ["4.4"], "hotel_price": ["97"]}, "1249405": {"hotel_name": "\u4e09\u4e9a\u7b1b\u4f73\u5ba2\u6808(\u539f\u7f8e\u4f73\u5ba2\u6808)", "order_time": ["2019-01-18 19:25:17"], "total_order": 1, "hotel_value": ["4.3"], "hotel_price": ["123"]}, "26861830": {"hotel_name": "\u4e09\u4e9a\u9f99\u697c\u82b1\u82d1\u65c5\u79df", "order_time": ["2019-01-18 19:25:18"], "total_order": 1, "hotel_value": ["5.0"], "hotel_price": ["111"]}, "5902128": {"hotel_name": "\u9685\u82b1\u539f\u5c71\u95f4\u8bbe\u8ba1\u9152\u5e97(\u4e09\u4e9a\u51e4\u51f0\u673a\u573a\u5e97)", "order_time": ["2019-01-18 19:25:20", "2019-01-18 19:41:19"], "total_order": 2, "hotel_value": ["4.7", "4.7"], "hotel_price": ["328", "328"]}, "6042438": {"hotel_name": "\u4e09\u4e9a\u6d77\u4e2b\u6545\u4e8b\u6c11\u4fd7\u6587\u5316\u4e3b\u9898\u5ba2\u6808(\u539f\u6d77\u5357\u6545\u4e8b\u4e3b\u9898\u5ba2\u6808)", "order_time": ["2019-01-18 19:33:16", "2019-01-18 19:27:17"], "total_order": 2, "hotel_value": ["4.7", "4.7"], "hotel_price": ["128", "128"]}, "6275536": {"hotel_name": "\u4e09\u4e9a\u4e9a\u9f99\u6e7e\u4e50\u5c45\u8c6a\u5b85\u5ea6\u5047\u516c\u5bd3", "order_time": ["2019-01-18 19:27:17"], "total_order": 1, "hotel_value": ["4.8"], "hotel_price": ["338"]}, "24847433": {"hotel_name": "\u4e09\u4e9a\u745e\u5c14\u66fc\u6d77\u666f\u5ea6\u5047\u516c\u5bd3", "order_time": ["2019-01-18 19:29:20", "2019-01-18 19:31:16"], "total_order": 2, "hotel_value": ["4.9", "4.9"], "hotel_price": ["220", "220"]}, "1340218": {"hotel_name": "\u4e09\u4e9a\u671b\u6d77\u9752\u5e74\u9152\u5e97", "order_time": ["2019-01-18 19:29:21"], "total_order": 1, "hotel_value": ["4.6"], "hotel_price": ["213"]}, "1459327": {"hotel_name": "\u4e09\u4e9a\u6d77\u90fd\u65c5\u9986", "order_time": ["2019-01-18 19:31:17"], "total_order": 1, "hotel_value": ["4.9"], "hotel_price": ["98"]}, "9626476": {"hotel_name": "\u4e09\u4e9a\u67ab\u6797\u665a\u667a\u6167\u4e3b\u9898\u9152\u5e97\u51e4\u51f0\u673a\u573a\u5e97", "order_time": ["2019-01-18 19:31:17"], "total_order": 1, "hotel_value": ["4.7"], "hotel_price": ["192"]}, "4388404": {"hotel_name": "\u4e09\u4e9a\u7f8e\u4e3d\u4e4b\u51a0\u5927\u6811\u9152\u5e97", "order_time": ["2019-01-18 19:49:16", "2019-01-18 19:31:17"], "total_order": 2, "hotel_value": ["4.3", "4.3"], "hotel_price": ["208", "208"]}, "20617615": {"hotel_name": "\u5982\u4f73\u5feb\u6377\u5bbe\u9986(\u4e09\u4e9a\u6d77\u68e0\u6e7e\u5e97)", "order_time": ["2019-01-18 19:33:16"], "total_order": 1, "hotel_value": ["4.7"], "hotel_price": ["124"]}, "5766520": {"hotel_name": "\u4e09\u4e9a\u5927\u4e1c\u6d77H\u6d77\u666f\u5ea6\u5047\u516c\u5bd3", "order_time": ["2019-01-18 19:33:16"], "total_order": 1, "hotel_value": ["4.6"], "hotel_price": ["371"]}, "371696": {"hotel_name": "\u4e09\u4e9a\u590f\u5a01\u5937\u5927\u9152\u5e97", "order_time": ["2019-01-18 19:35:16"], "total_order": 1, "hotel_value": ["4.4"], "hotel_price": ["280"]}, "1692016": {"hotel_name": "\u4e09\u4e9a\u65f6\u5c1a\u6807\u81f4\u7cbe\u54c1\u9152\u5e97(\u539f\u65f6\u5c1a\u6807\u5fd7\u7cbe\u54c1\u9152\u5e97)", "order_time": ["2019-01-18 19:35:16"], "total_order": 1, "hotel_value": ["4.0"], "hotel_price": ["113"]}, "1715599": {"hotel_name": "\u4e09\u4e9a\u585e\u7eb3\u6d77\u5cb8\u827a\u672f\u5ba2\u6808", "order_time": ["2019-01-18 19:35:19"], "total_order": 1, "hotel_value": ["4.8"], "hotel_price": ["170"]}, "5247024": {"hotel_name": "\u4e09\u4e9a\u90a3\u4e00\u5e74\u521d\u89c1\u7cbe\u54c1\u5ba2\u6808", "order_time": ["2019-01-18 19:37:17"], "total_order": 1, "hotel_value": ["4.6"], "hotel_price": ["168"]}, "1720697": {"hotel_name": "\u4e09\u4e9a\u65b0\u5b87\u9152\u5e97", "order_time": ["2019-01-18 19:37:18"], "total_order": 1, "hotel_value": ["4.3"], "hotel_price": ["156"]}, "976249": {"hotel_name": "\u54ea\u91cc\u90a3\u91cc\u6d77\u5cb8\u7cbe\u54c1\u5ba2\u6808(\u4e09\u4e9a\u5927\u4e1c\u6d77\u5e97)", "order_time": ["2019-01-18 19:37:18"], "total_order": 1, "hotel_value": ["4.8"], "hotel_price": ["201"]}, "25768287": {"hotel_name": "\u4e09\u4e9a\u5357\u590f\u51ef\u83b1\u60a6\u4eab\u9152\u5e97", "order_time": ["2019-01-18 19:37:18"], "total_order": 1, "hotel_value": ["4.8"], "hotel_price": ["441"]}, "670132": {"hotel_name": "\u5929\u827a\u56fd\u9645\u9152\u5e97(\u4e09\u4e9a\u5927\u4e1c\u6d77\u5e97)(\u539f\u4e16\u7eaa\u8c6a\u5ead\u9152\u5e97)", "order_time": ["2019-01-18 19:37:18"], "total_order": 1, "hotel_value": ["4.3"], "hotel_price": ["288"]}, "3777325": {"hotel_name": "\u4e09\u4e9a\u90a3\u65f6\u5149\u6000\u65e7\u5ba2\u6808", "order_time": ["2019-01-18 19:37:18"], "total_order": 1, "hotel_value": ["4.8"], "hotel_price": ["118"]}, "10226392": {"hotel_name": "\u81fb\u7231\u9038\u5bb6\u7cbe\u54c1\u522b\u5885(\u4e09\u4e9a\u6e7e\u7ea2\u6811\u6797\u5e97)", "order_time": ["2019-01-18 19:39:17"], "total_order": 1, "hotel_value": ["4.8"], "hotel_price": ["217"]}, "7660007": {"hotel_name": "\u4e09\u4e9a\u767e\u9999\u679c\u7279\u8272\u4e3b\u9898\u5ba2\u6808", "order_time": ["2019-01-18 19:39:18"], "total_order": 1, "hotel_value": ["4.7"], "hotel_price": ["125"]}, "11444334": {"hotel_name": "\u4e09\u4e9a\u4e9a\u9f99\u6e7e\u5e0c\u60a6\u7cbe\u54c1\u522b\u5885\u9152\u5e97", "order_time": ["2019-01-18 19:41:17"], "total_order": 1, "hotel_value": ["4.6"], "hotel_price": ["350"]}, "6864960": {"hotel_name": "\u4e09\u4e9a\u7530\u72ec\u65c5\u5e97", "order_time": ["2019-01-18 19:41:18"], "total_order": 1, "hotel_value": [0], "hotel_price": ["60"]}, "5398387": {"hotel_name": "\u4e09\u4e9a\u5927\u6811\u4e03\u661f\u9152\u5e97", "order_time": ["2019-01-18 19:43:16"], "total_order": 1, "hotel_value": ["4.4"], "hotel_price": ["210"]}, "345093": {"hotel_name": "\u4e09\u4e9a\u9633\u5149\u5927\u9152\u5e97", "order_time": ["2019-01-18 19:45:16"], "total_order": 1, "hotel_value": ["4.6"], "hotel_price": ["425"]}, "10836607": {"hotel_name": "\u4e09\u4e9a\u5ba2\u6021\u5c45\u65c5\u79df(\u539f\u5bb6\u4e4b\u5bb6\u5bbe\u9986)", "order_time": ["2019-01-18 19:45:16"], "total_order": 1, "hotel_value": ["4.8"], "hotel_price": ["90"]}, "346719": {"hotel_name": "\u4e09\u4e9a\u534a\u5c71\u534a\u5c9b\u5e06\u8239\u6e2f\u9152\u5e97", "order_time": ["2019-01-18 19:45:17"], "total_order": 1, "hotel_value": ["4.7"], "hotel_price": ["942"]}, "1480855": {"hotel_name": "\u4e09\u4e9a\u51ef\u5e1d\u6d77\u666f\u9152\u5e97", "order_time": ["2019-01-18 19:45:17"], "total_order": 1, "hotel_value": ["4.5"], "hotel_price": ["97"]}, "6781451": {"hotel_name": "\u4e09\u4e9a\u79d1\u5b9d\u5927\u9152\u5e97", "order_time": ["2019-01-18 19:47:16"], "total_order": 1, "hotel_value": ["4.8"], "hotel_price": ["140"]}, "2598376": {"hotel_name": "\u7ef4\u7eb3\u6d77\u5957\u623f\u6d77\u666f\u516c\u5bd3(\u4e09\u4e9a\u5927\u4e1c\u6d77\u5e97)", "order_time": ["2019-01-18 19:47:17"], "total_order": 1, "hotel_value": ["4.8"], "hotel_price": ["176"]}, "1212645": {"hotel_name": "\u4e09\u4e9a\u4fe1\u6d77\u5feb\u6377\u9152\u5e97", "order_time": ["2019-01-18 19:47:18"], "total_order": 1, "hotel_value": ["4.3"], "hotel_price": ["126"]}, "346690": {"hotel_name": "\u4e09\u4e9a\u94f6\u6cf0\u9633\u5149\u5ea6\u5047\u9152\u5e97(\u539f\u4e09\u4e9a\u6e58\u6295\u94f6\u6cf0\u5ea6\u5047\u9152\u5e97)", "order_time": ["2019-01-18 19:47:20"], "total_order": 1, "hotel_value": ["4.8"], "hotel_price": ["798"]}, "25825346": {"hotel_name": "\u4e09\u4e9a\u6f6e\u5bbf\u90a6\u7cbe\u54c1\u516c\u5bd3", "order_time": ["2019-01-18 19:49:15"], "total_order": 1, "hotel_value": ["5.0"], "hotel_price": ["304"]}, "6245445": {"hotel_name": "\u4e09\u4e9a\u8d1d\u65af\u7279\u97e6\u65af\u7279\u7cbe\u54c1\u56fd\u9645\u5ea6\u5047\u9152\u5e97", "order_time": ["2019-01-18 19:49:17"], "total_order": 1, "hotel_value": ["4.7"], "hotel_price": ["468"]}, "346764": {"hotel_name": "\u4e09\u4e9a\u541b\u6f9c\u00b7\u9e7f\u56de\u5934\u56fd\u5bbe\u9986(\u539f\u9e7f\u56de\u5934\u56fd\u5bbe\u9986)", "order_time": ["2019-01-18 19:49:17"], "total_order": 1, "hotel_value": ["4.8"], "hotel_price": ["663"]}, "3631084": {"hotel_name": "\u4e09\u4e9a\u6e7e\u5e0c\u5c14\u987f\u6b22\u670b\u9152\u5e97", "order_time": ["2019-01-18 19:49:17"], "total_order": 1, "hotel_value": ["4.8"], "hotel_price": ["547"]}, "481441": {"hotel_name": "\u4e09\u4e9a\u6e7e\u667a\u9009\u5047\u65e5\u9152\u5e97", "order_time": ["2019-01-18 19:51:16"], "total_order": 1, "hotel_value": ["4.3"], "hotel_price": ["268"]}, "21499686": {"hotel_name": "\u4e09\u4e9a\u5446\u7b51\u6d77\u57df\u6d77\u666f\u522b\u5885", "order_time": ["2019-01-18 19:53:17"], "total_order": 1, "hotel_value": ["4.8"], "hotel_price": ["221"]}}}