{"\u5f00\u59cb\u8bb0\u5f55\u65f6\u95f4": "2019-01-26 19:41:20", "\u7ed3\u675f\u8bb0\u5f55\u65f6\u95f4": "2019-01-26 20:41:20", "\u8ba2\u5355\u603b\u589e\u91cf": 154, "item": {"437377": {"hotel_name": "\u4e09\u4e9a\u6d77\u68e0\u6e7e\u5fa1\u6d77\u68e0\u8c6a\u534e\u7cbe\u9009\u5ea6\u5047\u9152\u5e97", "order_time": ["2019-01-26 19:43:41"], "total_order": 1, "hotel_value": ["4.7"], "hotel_price": ["989"]}, "1377449": {"hotel_name": "Q\u52a0\u00b7\u4e09\u4e9a\u51e4\u51f0\u5c9b\u60a6\u4f73\u6d77\u4e0a\u516c\u5bd3", "order_time": ["2019-01-26 19:43:42"], "total_order": 1, "hotel_value": ["4.7"], "hotel_price": ["748"]}, "372133": {"hotel_name": "\u4e09\u4e9a\u73e0\u6c5f\u82b1\u56ed\u9152\u5e97", "order_time": ["2019-01-26 19:43:46"], "total_order": 1, "hotel_value": ["4.4"], "hotel_price": ["393"]}, "2574467": {"hotel_name": "\u4e09\u4e9a\u5609\u65fa\u5bb6\u5ead\u65c5\u9986", "order_time": ["2019-01-26 19:43:47"], "total_order": 1, "hotel_value": ["4.5"], "hotel_price": ["114"]}, "1701113": {"hotel_name": "\u9526\u6c5f\u90fd\u57ce(\u4e09\u4e9a\u6e7e\u5e97)", "order_time": ["2019-01-26 19:43:50"], "total_order": 1, "hotel_value": ["4.9"], "hotel_price": ["560"]}, "5898698": {"hotel_name": "\u4e09\u4e9a\u6cf0\u9601\u6d77\u666f\u5ba2\u6808", "order_time": ["2019-01-26 19:43:50"], "total_order": 1, "hotel_value": ["4.9"], "hotel_price": ["123"]}, "9121765": {"hotel_name": "\u4e09\u4e9a\u6d77\u9038\u9752\u5e74\u5ba2\u6808", "order_time": ["2019-01-26 19:43:54"], "total_order": 1, "hotel_value": ["4.7"], "hotel_price": ["31"]}, "10919963": {"hotel_name": "\u4e09\u4e9a\u5149\u5f71\u5e74\u8f6e\u7cbe\u54c1\u5ba2\u6808", "order_time": ["2019-01-26 20:34:10", "2019-01-26 19:44:13"], "total_order": 2, "hotel_value": ["4.8", "4.8"], "hotel_price": ["136", "136"]}, "2605845": {"hotel_name": "\u4e09\u4e9a\u91d1\u6cf0\u82b1\u56ed\u6d0b\u623f\u522b\u5885", "order_time": ["2019-01-26 19:45:38"], "total_order": 1, "hotel_value": ["4.8"], "hotel_price": ["533"]}, "13914509": {"hotel_name": "\u4e09\u4e9a\u4eca\u4e16\u7f18\u6d77\u666f\u9152\u5e97", "order_time": ["2019-01-26 19:45:38"], "total_order": 1, "hotel_value": ["4.6"], "hotel_price": ["154"]}, "1101735": {"hotel_name": "\u4e09\u4e9a\u5fc6\u4e61\u4eba\u7cbe\u54c1\u5ba2\u6808", "order_time": ["2019-01-26 19:45:39"], "total_order": 1, "hotel_value": ["4.4"], "hotel_price": ["342"]}, "691654": {"hotel_name": "\u4e09\u4e9a\u4e9a\u9f99\u6e7e\u9ad8\u5c14\u592b\u7403\u4f1a", "order_time": ["2019-01-26 19:45:39"], "total_order": 1, "hotel_value": ["4.5"], "hotel_price": ["558"]}, "346775": {"hotel_name": "\u4e09\u4e9a\u4e9a\u9f99\u6e7e\u73af\u7403\u57ce\u5927\u9152\u5e97", "order_time": ["2019-01-26 19:45:40"], "total_order": 1, "hotel_value": ["4.2"], "hotel_price": ["450"]}, "14999032": {"hotel_name": "\u4e09\u4e9a\u4e9a\u9f99\u6e7e\u6d6e\u751f\u82e5\u5bbf\u8bbe\u8ba1\u6c11\u5bbf", "order_time": ["2019-01-26 19:45:40"], "total_order": 1, "hotel_value": ["4.9"], "hotel_price": ["611"]}, "17533420": {"hotel_name": "\u4e09\u4e9a\u5927\u4e1c\u6d77\u9152\u5e97", "order_time": ["2019-01-26 19:45:42"], "total_order": 1, "hotel_value": ["4.8"], "hotel_price": ["2888"]}, "346693": {"hotel_name": "\u4e09\u4e9a\u4e9a\u9f99\u6e7e\u534e\u5b87\u5ea6\u5047\u9152\u5e97", "order_time": ["2019-01-26 19:45:44"], "total_order": 1, "hotel_value": ["4.6"], "hotel_price": ["809"]}, "643641": {"hotel_name": "\u4e09\u4e9a\u51e4\u51f0\u673a\u573a\u6d77\u822a\u5feb\u6377\u9152\u5e97", "order_time": ["2019-01-26 19:45:45"], "total_order": 1, "hotel_value": ["4.1"], "hotel_price": ["268"]}, "346770": {"hotel_name": "\u4e09\u4e9a\u5929\u901a\u5efa\u56fd\u9152\u5e97", "order_time": ["2019-01-26 19:45:46"], "total_order": 1, "hotel_value": ["4.5"], "hotel_price": ["739"]}, "346713": {"hotel_name": "\u4e09\u4e9a\u534e\u5b9d\u77f3\u5927\u9152\u5e97", "order_time": ["2019-01-26 19:47:39"], "total_order": 1, "hotel_value": ["4.4"], "hotel_price": ["236"]}, "1457262": {"hotel_name": "\u4e09\u4e9a\u5c71\u6d77\u5929JW\u4e07\u8c6a\u9152\u5e97", "order_time": ["2019-01-26 19:47:40"], "total_order": 1, "hotel_value": ["4.7"], "hotel_price": ["965"]}, "5429887": {"hotel_name": "\u4e09\u4e9a\u975e\u4f60\u83ab\u5bbf\u7cbe\u54c1\u5ba2\u6808", "order_time": ["2019-01-26 19:47:41"], "total_order": 1, "hotel_value": ["4.8"], "hotel_price": ["146"]}, "436688": {"hotel_name": "\u4e09\u4e9a\u65af\u7ef4\u767b\u5ea6\u5047\u516c\u5bd3(\u4e9a\u9f99\u6e7e)", "order_time": ["2019-01-26 19:47:41"], "total_order": 1, "hotel_value": ["4.5"], "hotel_price": ["350"]}, "1409912": {"hotel_name": "\u4e09\u4e9a3W\u6d77\u666f\u9152\u5e97", "order_time": ["2019-01-26 19:47:46"], "total_order": 1, "hotel_value": ["4.7"], "hotel_price": ["131"]}, "1434723": {"hotel_name": "\u4e09\u4e9a\u667a\u53cb\u4e3b\u9898\u5bbe\u9986", "order_time": ["2019-01-26 19:47:46"], "total_order": 1, "hotel_value": ["4.7"], "hotel_price": ["124"]}, "3362163": {"hotel_name": "\u4e09\u4e9a\u54c8\u66fc\u5ea6\u5047\u9152\u5e97", "order_time": ["2019-01-26 19:49:43"], "total_order": 1, "hotel_value": ["4.7"], "hotel_price": ["758"]}, "6020310": {"hotel_name": "\u4e09\u4e9a\u6606\u6cf0\u9152\u5e97", "order_time": ["2019-01-26 19:49:43"], "total_order": 1, "hotel_value": ["4.8"], "hotel_price": ["341"]}, "6868782": {"hotel_name": "\u4e09\u4e9a\u6d77\u68e0\u6e7e\u6d77\u7684\u9662\u5b50\u6c11\u5bbf", "order_time": ["2019-01-26 19:49:44"], "total_order": 1, "hotel_value": ["4.4"], "hotel_price": ["205"]}, "10900048": {"hotel_name": "\u4e09\u4e9a\u521d\u96e8\u7cbe\u54c1\u5ba2\u6808", "order_time": ["2019-01-26 19:49:48"], "total_order": 1, "hotel_value": ["4.8"], "hotel_price": ["62"]}, "346766": {"hotel_name": "\u4e09\u4e9a\u4e9a\u9f99\u6e7e\u51ef\u83b1\u4ed9\u4eba\u638c\u5ea6\u5047\u9152\u5e97", "order_time": ["2019-01-26 19:49:50"], "total_order": 1, "hotel_value": ["4.6"], "hotel_price": ["542"]}, "4033951": {"hotel_name": "\u4e09\u4e9a\u51e4\u51f0\u5c9b\u6d77\u6d0b\u4e4b\u68a6\u5ea6\u5047\u9152\u5e97", "order_time": ["2019-01-26 19:50:10"], "total_order": 1, "hotel_value": ["4.6"], "hotel_price": ["609"]}, "15330406": {"hotel_name": "7\u5929\u9152\u5e97(\u4e09\u4e9a\u4e9a\u9f99\u6e7e\u666f\u533a\u5e97)", "order_time": ["2019-01-26 19:51:41"], "total_order": 1, "hotel_value": ["4.5"], "hotel_price": ["144"]}, "433675": {"hotel_name": "\u4e09\u4e9a\u51e4\u51f0\u6c34\u57ce\u51ef\u83b1\u5ea6\u5047\u9152\u5e97", "order_time": ["2019-01-26 20:35:42", "2019-01-26 20:05:50", "2019-01-26 19:51:42"], "total_order": 3, "hotel_value": ["4.5", "4.5", "4.5"], "hotel_price": ["600", "600", "600"]}, "8577314": {"hotel_name": "\u4e09\u4e9a\u7f8e\u4e3d\u4e4b\u51a0\u5e78\u798f\u6811\u5ea6\u5047\u9152\u5e97", "order_time": ["2019-01-26 20:07:43", "2019-01-26 19:51:42"], "total_order": 2, "hotel_value": ["4.0", "4.0"], "hotel_price": ["247", "247"]}, "747674": {"hotel_name": "\u9675\u6c34\u6e05\u6c34\u6e7e\u6d77\u6d0b\u4e4b\u661f\u9152\u5e97", "order_time": ["2019-01-26 19:51:44"], "total_order": 1, "hotel_value": ["4.5"], "hotel_price": ["342"]}, "986446": {"hotel_name": "\u4e09\u4e9a\u4e9a\u9f99\u6e7e\u5c71\u6e56\u6d77\u522b\u5885\u5ea6\u5047\u9152\u5e97", "order_time": ["2019-01-26 19:51:44"], "total_order": 1, "hotel_value": ["4.1"], "hotel_price": ["373"]}, "12874170": {"hotel_name": "\u4e09\u4e9a\u503e\u57ce\u6735\u7f8e\u9152\u5e97", "order_time": ["2019-01-26 19:51:47"], "total_order": 1, "hotel_value": ["4.2"], "hotel_price": ["190"]}, "430994": {"hotel_name": "\u5982\u5bb6\u5feb\u6377\u9152\u5e97(\u4e09\u4e9a\u6e7e\u6625\u56ed\u6d77\u9c9c\u5e7f\u573a\u5e97)", "order_time": ["2019-01-26 19:51:51"], "total_order": 1, "hotel_value": ["4.5"], "hotel_price": ["135"]}, "345086": {"hotel_name": "\u4e09\u4e9a\u65b0\u57ce\u9152\u5e97", "order_time": ["2019-01-26 19:51:51"], "total_order": 1, "hotel_value": ["4.9"], "hotel_price": ["298"]}, "3358744": {"hotel_name": "\u4e09\u4e9a\u8346\u68d8\u9e1f\u9752\u5e74\u65c5\u820d", "order_time": ["2019-01-26 19:51:53"], "total_order": 1, "hotel_value": ["4.4"], "hotel_price": ["51"]}, "9789923": {"hotel_name": "\u4e09\u4e9a\u5eb7\u5e74\u9152\u5e97", "order_time": ["2019-01-26 19:53:45"], "total_order": 1, "hotel_value": ["4.7"], "hotel_price": ["2499"]}, "13323312": {"hotel_name": "\u4e09\u4e9a\u6cf0\u4ed5\u5546\u52a1\u9152\u5e97", "order_time": ["2019-01-26 19:55:42"], "total_order": 1, "hotel_value": ["4.8"], "hotel_price": ["137"]}, "6541448": {"hotel_name": "\u4e09\u4e9a\u745e\u6cf0\u660e\u73e0\u9152\u5e97(\u51e4\u51f0\u673a\u573a\u5e97)", "order_time": ["2019-01-26 19:55:42"], "total_order": 1, "hotel_value": ["4.7"], "hotel_price": ["244"]}, "1282995": {"hotel_name": "\u4e09\u4e9a\u6e7e\u8f6c\u89d2\u9047\u89c1\u6d77\u7cbe\u54c1\u5ba2\u6808", "order_time": ["2019-01-26 19:55:43"], "total_order": 1, "hotel_value": ["4.5"], "hotel_price": ["133"]}, "5247024": {"hotel_name": "\u4e09\u4e9a\u90a3\u4e00\u5e74\u521d\u89c1\u7cbe\u54c1\u5ba2\u6808", "order_time": ["2019-01-26 19:55:43"], "total_order": 1, "hotel_value": ["4.6"], "hotel_price": ["196"]}, "469044": {"hotel_name": "\u4e9a\u9f99\u6e7e\u8fdc\u65b9\u5728\u7530\u8fb9\u7cbe\u54c1\u5ba2\u6808", "order_time": ["2019-01-26 19:55:43"], "total_order": 1, "hotel_value": ["4.6"], "hotel_price": ["113"]}, "1185042": {"hotel_name": "\u4e09\u4e9a\u6e7e\u7ea2\u6811\u6797\u5ea6\u5047\u4e16\u754c(\u83e9\u63d0\u9152\u5e97)", "order_time": ["2019-01-26 20:05:42", "2019-01-26 19:55:45"], "total_order": 2, "hotel_value": ["4.7", "4.7"], "hotel_price": ["730", "730"]}, "1682691": {"hotel_name": "\u4e09\u4e9a\u4eac\u6d77\u56fd\u9645\u5047\u65e5\u9152\u5e97", "order_time": ["2019-01-26 19:55:45"], "total_order": 1, "hotel_value": ["4.6"], "hotel_price": ["15910"]}, "28761487": {"hotel_name": "\u9a8f\u6021\u8f7b\u5c45\u8fde\u9501\u5bbe\u9986(\u4e09\u4e9a\u51e4\u51f0\u673a\u573a\u5e97)", "order_time": ["2019-01-26 19:55:48"], "total_order": 1, "hotel_value": ["4.9"], "hotel_price": ["183"]}, "481441": {"hotel_name": "\u4e09\u4e9a\u6e7e\u667a\u9009\u5047\u65e5\u9152\u5e97", "order_time": ["2019-01-26 19:57:46", "2019-01-26 20:19:38"], "total_order": 2, "hotel_value": ["4.4", "4.4"], "hotel_price": ["308", "308"]}, "27264086": {"hotel_name": "\u4e09\u4e9a\u4e0d\u4e8c\u4e3b\u9898\u6c11\u5bbf", "order_time": ["2019-01-26 19:57:58"], "total_order": 1, "hotel_value": ["4.8"], "hotel_price": ["123"]}, "486003": {"hotel_name": "\u4e09\u4e9a\u8708\u652f\u6d32\u5c9b\u73ca\u745a\u9152\u5e97", "order_time": ["2019-01-26 19:58:11", "2019-01-26 20:22:11", "2019-01-26 20:12:09", "2019-01-26 20:16:11"], "total_order": 4, "hotel_value": ["4.8", "4.8", "4.8", "4.8"], "hotel_price": ["1300", "1300", "1300", "1300"]}, "346673": {"hotel_name": "\u4e09\u4e9a\u534a\u5c71\u534a\u5c9b\u5ea6\u5047\u9152\u5e97(\u5168\u5957\u623f)", "order_time": ["2019-01-26 20:28:11", "2019-01-26 19:58:12", "2019-01-26 20:06:10"], "total_order": 3, "hotel_value": ["4.6", "4.6", "4.6"], "hotel_price": ["918", "918", "918"]}, "707593": {"hotel_name": "\u4e09\u4e9a\u51e4\u51f0\u5c9b\u6d77\u6d0b\u4e4b\u661f\u5ea6\u5047\u9152\u5e97", "order_time": ["2019-01-26 20:22:11", "2019-01-26 19:58:12"], "total_order": 2, "hotel_value": ["4.6", "4.6"], "hotel_price": ["708", "708"]}, "1603531": {"hotel_name": "\u91d1\u7684\u7cbe\u54c1\u5ea6\u5047\u9152\u5e97(\u4e09\u4e9a\u56fd\u822a\u5e15\u5c14\u7f8e\u7eb3\u5e97)", "order_time": ["2019-01-26 19:58:12"], "total_order": 1, "hotel_value": ["4.7"], "hotel_price": ["246"]}, "608364": {"hotel_name": "\u4e09\u4e9a\u65b0\u5174\u6d77\u666f\u5927\u9152\u5e97(\u7b2c\u4e00\u5e02\u573a\u5e97)", "order_time": ["2019-01-26 19:59:40"], "total_order": 1, "hotel_value": ["4.0"], "hotel_price": ["157"]}, "6653676": {"hotel_name": "\u4e09\u4e9a\u9038\u548c\u5047\u65e5\u4f4f\u5bbf", "order_time": ["2019-01-26 19:59:46"], "total_order": 1, "hotel_value": ["4.4"], "hotel_price": ["93"]}, "1580558": {"hotel_name": "\u901f8\u9152\u5e97(\u4e09\u4e9a\u6e7e\u5409\u7965\u8857\u5e97)", "order_time": ["2019-01-26 20:05:41", "2019-01-26 19:59:46"], "total_order": 2, "hotel_value": ["4.6", "4.6"], "hotel_price": ["198", "198"]}, "5982932": {"hotel_name": "\u4e09\u4e9a\u6930\u8def\u5bbe\u9986", "order_time": ["2019-01-26 19:59:48"], "total_order": 1, "hotel_value": ["4.6"], "hotel_price": ["105"]}, "1274136": {"hotel_name": "\u4e09\u4e9a\u60a6\u4e9a\u5546\u65c5", "order_time": ["2019-01-26 19:59:57"], "total_order": 1, "hotel_value": ["2.9"], "hotel_price": ["140"]}, "1486685": {"hotel_name": "\u4e09\u4e9a\u51e4\u51f0\u5c9b\u5ea6\u5047\u9152\u5e97", "order_time": ["2019-01-26 20:11:43", "2019-01-26 20:01:37", "2019-01-26 20:17:48", "2019-01-26 20:18:18"], "total_order": 4, "hotel_value": ["4.7", "4.7", "4.7", "4.7"], "hotel_price": ["1438", "1438", "1438", "1438"]}, "9638235": {"hotel_name": "\u84dd\u68a6\u6811\u4e4b\u604b\u5ea6\u5047\u9152\u5e97(\u4e09\u4e9a\u7f8e\u4e3d\u4e4b\u51a0\u5e97)", "order_time": ["2019-01-26 20:01:37"], "total_order": 1, "hotel_value": ["4.6"], "hotel_price": ["246"]}, "10821256": {"hotel_name": "\u4e09\u4e9a\u9752\u79be\u53f6\u82b1\u56ed\u522b\u5885", "order_time": ["2019-01-26 20:01:38"], "total_order": 1, "hotel_value": ["4.8"], "hotel_price": ["203"]}, "3423490": {"hotel_name": "\u4e09\u4e9a\u4e3d\u79be\u534e\u7f8e\u8fbe\u5e7f\u573a\u9152\u5e97", "order_time": ["2019-01-26 20:01:39"], "total_order": 1, "hotel_value": ["4.7"], "hotel_price": ["646"]}, "1055585": {"hotel_name": "\u9e97\u67ab\u9152\u5e97(\u4e09\u4e9a\u6e7e\u5409\u7965\u8857\u5e97)", "order_time": ["2019-01-26 20:03:43"], "total_order": 1, "hotel_value": ["4.7"], "hotel_price": ["261"]}, "372154": {"hotel_name": "\u4e09\u4e9a\u798f\u670b\u559c\u6765\u767b\u9152\u5e97", "order_time": ["2019-01-26 20:03:46"], "total_order": 1, "hotel_value": ["4.5"], "hotel_price": ["750"]}, "1419670": {"hotel_name": "\u84dd\u5929\u56fd\u9645\u9752\u5e74\u65c5\u820d(\u4e09\u4e9a\u5927\u4e1c\u6d77\u5e97)", "order_time": ["2019-01-26 20:03:48", "2019-01-26 20:07:44"], "total_order": 2, "hotel_value": ["4.7", "4.7"], "hotel_price": ["49", "49"]}, "28724769": {"hotel_name": "\u4e09\u4e9a\u521d\u89c1\u827a\u5bbf", "order_time": ["2019-01-26 20:03:49"], "total_order": 1, "hotel_value": ["5.0"], "hotel_price": ["83"]}, "15717224": {"hotel_name": "\u5fc6\u8bed\u6d41\u5e74\u7cbe\u54c1\u6c11\u5bbf", "order_time": ["2019-01-26 20:03:50"], "total_order": 1, "hotel_value": ["4.8"], "hotel_price": ["226"]}, "808618": {"hotel_name": "7\u5929\u8fde\u9501\u9152\u5e97(\u4e09\u4e9a\u4e09\u4e9a\u6e7e\u6d77\u666f\u5e97)", "order_time": ["2019-01-26 20:05:41"], "total_order": 1, "hotel_value": ["4.2"], "hotel_price": ["239"]}, "1715599": {"hotel_name": "\u4e09\u4e9a\u585e\u7eb3\u6d77\u5cb8\u827a\u672f\u5ba2\u6808", "order_time": ["2019-01-26 20:05:43"], "total_order": 1, "hotel_value": ["4.8"], "hotel_price": ["178"]}, "346690": {"hotel_name": "\u4e09\u4e9a\u94f6\u6cf0\u9633\u5149\u5ea6\u5047\u9152\u5e97(\u539f\u4e09\u4e9a\u6e58\u6295\u94f6\u6cf0\u5ea6\u5047\u9152\u5e97)", "order_time": ["2019-01-26 20:05:47"], "total_order": 1, "hotel_value": ["4.8"], "hotel_price": ["2560"]}, "2147975": {"hotel_name": "\u4e09\u4e9a\u80cc\u5305\u5ba2\u56fd\u9645\u9752\u5e74\u65c5\u820d(\u539f\u9633\u5149\u56fd\u9645\u9752\u5e74\u65c5\u820d)", "order_time": ["2019-01-26 20:06:12"], "total_order": 1, "hotel_value": ["4.6"], "hotel_price": ["44"]}, "11830979": {"hotel_name": "\u4e09\u4e9a\u4fdd\u5229\u745c\u749f\u9601\u6d77\u68e0\u6e7e\u5ea6\u5047\u522b\u5885", "order_time": ["2019-01-26 20:07:41", "2019-01-26 20:21:44"], "total_order": 2, "hotel_value": ["4.6", "4.6"], "hotel_price": ["538", "538"]}, "2260152": {"hotel_name": "\u4e09\u4e9a\u51e4\u51f0\u56fd\u9645\u673a\u573a100\u5ba2\u6808", "order_time": ["2019-01-26 20:07:45"], "total_order": 1, "hotel_value": ["4.4"], "hotel_price": ["112"]}, "1483190": {"hotel_name": "\u4e09\u4e9a\u4e9a\u9f99\u6e7e\u7fe1\u7fe0\u5ea6\u5047\u516c\u5bd3", "order_time": ["2019-01-26 20:07:50"], "total_order": 1, "hotel_value": ["4.6"], "hotel_price": ["5888"]}, "660311": {"hotel_name": "\u4e09\u4e9a\u6e7e\u559c\u6765\u767b\u5ea6\u5047\u9152\u5e97", "order_time": ["2019-01-26 20:28:11", "2019-01-26 20:08:00"], "total_order": 2, "hotel_value": ["4.6", "4.6"], "hotel_price": ["728", "728"]}, "6460482": {"hotel_name": "\u4e09\u4e9a\u4e9a\u9f99\u6e7e\u751f\u547d\u6cc9\u7cbe\u54c1\u5ea6\u5047\u9152\u5e97", "order_time": ["2019-01-26 20:08:00"], "total_order": 1, "hotel_value": ["4.7"], "hotel_price": ["500"]}, "8616662": {"hotel_name": "\u4e09\u4e9a\u62fe\u5149\u96c6\u827a\u672f\u4e3b\u9898\u9152\u5e97(\u539f\u4e09\u4e9a\u62fe\u5149\u96c6\u7cbe\u54c1\u6c11\u5bbf)", "order_time": ["2019-01-26 20:08:00"], "total_order": 1, "hotel_value": ["4.8"], "hotel_price": ["227"]}, "23929438": {"hotel_name": "\u90b8\u8bfa\u5171\u4eab\u522b\u5885\u516c\u5bd3(\u4e09\u4e9a\u6d77\u68e0\u6e7e\u5e97)", "order_time": ["2019-01-26 20:09:40"], "total_order": 1, "hotel_value": ["4.7"], "hotel_price": ["573"]}, "8577342": {"hotel_name": "\u4e09\u4e9a\u6d77\u5706\u68a6\u6d77\u666f\u5ba2\u6808", "order_time": ["2019-01-26 20:09:43"], "total_order": 1, "hotel_value": ["4.8"], "hotel_price": ["99"]}, "5634998": {"hotel_name": "\u540d\u4eba\u5ea6\u5047\u9152\u5e97(\u4e09\u4e9a\u5343\u53e4\u60c5\u5e97)", "order_time": ["2019-01-26 20:09:44"], "total_order": 1, "hotel_value": ["4.4"], "hotel_price": ["123"]}, "428318": {"hotel_name": "\u4e09\u4e9a\u6021\u5ead\u9152\u5e97", "order_time": ["2019-01-26 20:09:45"], "total_order": 1, "hotel_value": ["4.8"], "hotel_price": ["300"]}, "4694643": {"hotel_name": "\u4e09\u4e9a\u4e9a\u9f99\u6e7e\u559c\u820d\u6cf3\u6c60\u522b\u5885\u5ea6\u5047\u516c\u5bd3(\u539f\u559c\u820d\u4eca\u559c\u6765\u7cbe\u54c1\u5ea6\u5047\u9152\u5e97)", "order_time": ["2019-01-26 20:11:40"], "total_order": 1, "hotel_value": ["4.7"], "hotel_price": ["314"]}, "13328890": {"hotel_name": "\u5982\u5bb6\u7cbe\u9009\u9152\u5e97(\u4e09\u4e9a\u8c6a\u5a01\u9e92\u9e9f\u5e97)", "order_time": ["2019-01-26 20:11:48"], "total_order": 1, "hotel_value": ["4.6"], "hotel_price": ["289"]}, "2893419": {"hotel_name": "\u4e09\u4e9a\u5229\u83b1\u9152\u5e97(\u539f\u6021\u83b1\u9152\u5e97)", "order_time": ["2019-01-26 20:11:54"], "total_order": 1, "hotel_value": ["4.0"], "hotel_price": ["122"]}, "1645771": {"hotel_name": "\u4e09\u4e9a\u68c0\u987a\u5546\u52a1\u9152\u5e97(\u539f\u805a\u946b\u56ed\u5546\u52a1\u9152\u5e97)", "order_time": ["2019-01-26 20:13:44"], "total_order": 1, "hotel_value": ["4.1"], "hotel_price": ["168"]}, "9152102": {"hotel_name": "\u4e09\u4e9a\u6d77\u68e0\u6e7e\u5982\u4f73\u5bbe\u9986\u8fde\u9501\u5e97", "order_time": ["2019-01-26 20:13:44"], "total_order": 1, "hotel_value": ["4.4"], "hotel_price": ["101"]}, "1444888": {"hotel_name": "\u4e09\u4e9a\u5149\u660e\u65c5\u79df", "order_time": ["2019-01-26 20:14:01"], "total_order": 1, "hotel_value": [0], "hotel_price": ["100"]}, "1232956": {"hotel_name": "\u4e09\u4e9a\u7231\u9014\u6d77\u5cb8\u516c\u5bd3\u5f0f\u4e3b\u9898\u9152\u5e97", "order_time": ["2019-01-26 20:15:43"], "total_order": 1, "hotel_value": ["4.5"], "hotel_price": ["140"]}, "25804375": {"hotel_name": "\u4e09\u4e9a\u6e90\u5bbf\u5c0f\u9662", "order_time": ["2019-01-26 20:17:42"], "total_order": 1, "hotel_value": ["4.9"], "hotel_price": ["213"]}, "345076": {"hotel_name": "\u4e09\u4e9a\u4e9a\u9f99\u6e7e\u7231\u7434\u6d77\u5168\u5957\u623f\u7cbe\u54c1\u5ea6\u5047\u9152\u5e97", "order_time": ["2019-01-26 20:20:03"], "total_order": 1, "hotel_value": ["4.5"], "hotel_price": ["2818"]}, "741295": {"hotel_name": "\u4e09\u4e9a\u8fdc\u8fd1\u6d77\u666f\u9152\u5e97", "order_time": ["2019-01-26 20:21:44"], "total_order": 1, "hotel_value": ["4.6"], "hotel_price": ["197"]}, "8581510": {"hotel_name": "\u4e09\u4e9a\u534a\u5c71\u9a7f\u6d77\u5cb8\u7cbe\u54c1\u5ba2\u6808(\u539f\u871c\u5bb6\u5c0f\u9662)", "order_time": ["2019-01-26 20:22:10"], "total_order": 1, "hotel_value": ["4.7"], "hotel_price": ["208"]}, "6396494": {"hotel_name": "80\u5e74\u534e\u5ea6\u5047\u516c\u5bd3(\u4e09\u4e9a\u5927\u4e1c\u6d77\u5e97)", "order_time": ["2019-01-26 20:22:16"], "total_order": 1, "hotel_value": [0], "hotel_price": ["410"]}, "470577": {"hotel_name": "\u4e09\u4e9a\u5357\u5c71\u4f11\u95f2\u4f1a\u9986\u7985\u4fee\u4e3b\u9898", "order_time": ["2019-01-26 20:23:41"], "total_order": 1, "hotel_value": ["4.5"], "hotel_price": ["566"]}, "1251671": {"hotel_name": "\u9526\u6c5f\u4e4b\u661f(\u4e09\u4e9a\u6cb3\u897f\u8def\u6b65\u884c\u6865\u6cb3\u666f\u5e97)", "order_time": ["2019-01-26 20:23:45"], "total_order": 1, "hotel_value": ["4.5"], "hotel_price": ["197"]}, "4090289": {"hotel_name": "\u4e09\u4e9a\u98ce\u8046\u6d77\u827a\u672f\u5ba2\u6808", "order_time": ["2019-01-26 20:23:45"], "total_order": 1, "hotel_value": ["4.8"], "hotel_price": ["118"]}, "7043890": {"hotel_name": "\u4e09\u4e9a\u534e\u4f4f\u6d77\u69ad\u516c\u5bd3(\u539f\u963f\u82e5\u62c9\u6d77\u666f\u82b1\u56ed\u9152\u5e97\u5f0f\u516c\u5bd3)", "order_time": ["2019-01-26 20:23:46"], "total_order": 1, "hotel_value": ["4.7"], "hotel_price": ["262"]}, "3002283": {"hotel_name": "\u4e09\u4e9a\u60a6\u5ba2\u6808\u4e3b\u9898\u9152\u5e97", "order_time": ["2019-01-26 20:23:46"], "total_order": 1, "hotel_value": ["4.5"], "hotel_price": ["173"]}, "13293731": {"hotel_name": "\u4e09\u4e9a\u6f9c\u82d1\u5546\u52a1\u9152\u5e97", "order_time": ["2019-01-26 20:23:46"], "total_order": 1, "hotel_value": ["4.5"], "hotel_price": ["300"]}, "375179": {"hotel_name": "\u4e09\u4e9a\u6e7e\u7ea2\u6811\u6797\u5ea6\u5047\u4e16\u754c(\u6728\u68c9\u9152\u5e97)", "order_time": ["2019-01-26 20:25:48"], "total_order": 1, "hotel_value": ["4.6"], "hotel_price": ["709"]}, "1580379": {"hotel_name": "\u4e09\u4e9a\u5982\u7ea6\u5feb\u6377\u9152\u5e97", "order_time": ["2019-01-26 20:27:44"], "total_order": 1, "hotel_value": ["4.4"], "hotel_price": ["123"]}, "1434740": {"hotel_name": "\u67ab\u6797\u665a\u4e3b\u9898\u9152\u5e97(\u4e09\u4e9a\u6625\u56ed\u6d77\u9c9c\u5e7f\u573a\u5e97)", "order_time": ["2019-01-26 20:27:45"], "total_order": 1, "hotel_value": ["4.9"], "hotel_price": ["163"]}, "1697997": {"hotel_name": "\u4e09\u4e9a\u5d16\u57ce\u5609\u79be\u5546\u52a1\u9152\u5e97(\u539f\u5609\u6636\u5546\u52a1\u9152\u5e97)", "order_time": ["2019-01-26 20:27:50"], "total_order": 1, "hotel_value": ["4.0"], "hotel_price": ["84"]}, "917373": {"hotel_name": "\u4e09\u4e9a\u8273\u9633\u5929\u5ba2\u6808(\u539f\u6f9c\u60a6\u9633\u5149\u6d77\u666f\u5ba2\u6808)", "order_time": ["2019-01-26 20:27:52"], "total_order": 1, "hotel_value": ["4.6"], "hotel_price": ["109"]}, "5793623": {"hotel_name": "\u4e09\u4e9a\u4e91\u6d77\u7476\u6d77\u666f\u5ba2\u6808\u5929\u6daf\u6d77\u89d2\u5e97", "order_time": ["2019-01-26 20:27:53"], "total_order": 1, "hotel_value": ["4.7"], "hotel_price": ["101"]}, "6239220": {"hotel_name": "\u4e09\u4e9a\u6e1d\u5dde\u5546\u52a1\u9152\u5e97", "order_time": ["2019-01-26 20:27:53"], "total_order": 1, "hotel_value": ["4.3"], "hotel_price": ["97"]}, "1274183": {"hotel_name": "\u4e09\u4e9a\u6668\u98ce\u6d77\u666f\u5ea6\u5047\u9152\u5e97\u516c\u5bd3", "order_time": ["2019-01-26 20:27:54"], "total_order": 1, "hotel_value": ["4.2"], "hotel_price": ["190"]}, "761219": {"hotel_name": "\u6d77\u53cb\u9152\u5e97(\u4e09\u4e9a\u6e7e\u5e97)", "order_time": ["2019-01-26 20:38:06", "2019-01-26 20:28:10"], "total_order": 2, "hotel_value": ["4.3", "4.3"], "hotel_price": ["123", "123"]}, "13975638": {"hotel_name": "\u4e09\u4e9a\u9b45\u84dd\u4e4b\u591c\u4e3b\u9898\u9152\u5e97", "order_time": ["2019-01-26 20:29:39"], "total_order": 1, "hotel_value": ["4.8"], "hotel_price": ["146"]}, "1410547": {"hotel_name": "\u4e09\u4e9a18\u5ea6\u6d77\u5cb8\u65c5\u9986", "order_time": ["2019-01-26 20:29:42"], "total_order": 1, "hotel_value": ["4.2"], "hotel_price": ["155"]}, "17496511": {"hotel_name": "\u4e09\u4e9a\u6e05\u6c34\u6e7e\u749e\u534e\u6d77\u666f\u5ea6\u5047\u516c\u9986", "order_time": ["2019-01-26 20:31:46"], "total_order": 1, "hotel_value": ["4.7"], "hotel_price": ["192"]}, "4844826": {"hotel_name": "\u4e09\u4e9a\u5343\u767e\u987a\u516c\u5bd3", "order_time": ["2019-01-26 20:31:54"], "total_order": 1, "hotel_value": [0], "hotel_price": ["89"]}, "5624035": {"hotel_name": "\u4e09\u4e9a\u5fae\u84dd\u6d77\u666f\u5ea6\u5047\u516c\u5bd3", "order_time": ["2019-01-26 20:31:56"], "total_order": 1, "hotel_value": ["4.6"], "hotel_price": ["236"]}, "6635244": {"hotel_name": "\u4e09\u4e9a\u6893\u8def\u5ba2\u6808", "order_time": ["2019-01-26 20:32:00"], "total_order": 1, "hotel_value": ["4.7"], "hotel_price": ["145"]}, "24032181": {"hotel_name": "\u4e09\u4e9a\u5fc3\u5bbf\u7cbe\u54c1\u4e3b\u9898\u9152\u5e97", "order_time": ["2019-01-26 20:33:46"], "total_order": 1, "hotel_value": ["4.9"], "hotel_price": ["111"]}, "5634155": {"hotel_name": "\u4e09\u4e9a\u6e7e\u7ea2\u6811\u6797\u5ea6\u5047\u4e16\u754c(\u68d5\u6988\u738b\u56fd\u4eb2\u5b50\u4e3b\u9898\u5e97)", "order_time": ["2019-01-26 20:35:49"], "total_order": 1, "hotel_value": ["4.7"], "hotel_price": ["1149"]}, "25104976": {"hotel_name": "\u4e09\u4e9a\u5343\u6d54\u5c7f\u5bbf\u8bbe\u8ba1\u6c11\u5bbf", "order_time": ["2019-01-26 20:37:40"], "total_order": 1, "hotel_value": ["4.8"], "hotel_price": ["409"]}, "473665": {"hotel_name": "\u9526\u6c5f\u4e4b\u661f\u54c1\u5c1a(\u4e09\u4e9a\u6e7e\u91d1\u9e21\u5cad\u5e97)", "order_time": ["2019-01-26 20:37:41"], "total_order": 1, "hotel_value": ["4.5"], "hotel_price": ["269"]}, "13411954": {"hotel_name": "\u4e09\u4e9a\u6816\u6f9c\u6d77\u68e0\u522b\u5885\u6c11\u5bbf", "order_time": ["2019-01-26 20:37:45"], "total_order": 1, "hotel_value": ["5.0"], "hotel_price": ["1748"]}, "1720655": {"hotel_name": "\u4e09\u4e9a\u4fe1\u548c\u5546\u52a1\u9152\u5e97", "order_time": ["2019-01-26 20:37:52"], "total_order": 1, "hotel_value": ["3.4"], "hotel_price": ["121"]}, "13698570": {"hotel_name": "\u4e09\u4e9a\u539f\u820d\u8bbe\u8ba1\u9152\u5e97", "order_time": ["2019-01-26 20:38:06"], "total_order": 1, "hotel_value": ["4.6"], "hotel_price": ["220"]}, "5812543": {"hotel_name": "\u843d\u5b89\u6d77\u666f\u5ba2\u6808(\u4e09\u4e9a\u6d77\u68e0\u6e7e\u8708\u652f\u6d32\u5c9b\u5e97)", "order_time": ["2019-01-26 20:38:06"], "total_order": 1, "hotel_value": ["4.5"], "hotel_price": ["138"]}, "917379": {"hotel_name": "\u4e09\u4e9a\u85b0\u8863\u8349\u6d77\u8fb9\u7cbe\u54c1\u5ba2\u6808", "order_time": ["2019-01-26 20:38:06"], "total_order": 1, "hotel_value": ["4.4"], "hotel_price": ["158"]}, "2701655": {"hotel_name": "\u4e09\u4e9a\u6162\u8282\u594f\u6d77\u666f\u7cbe\u54c1\u5ba2\u6808", "order_time": ["2019-01-26 20:38:06"], "total_order": 1, "hotel_value": ["4.7"], "hotel_price": ["138"]}, "1738425": {"hotel_name": "\u4e09\u4e9a\u4f34\u6d77\u65f6\u5149\u9152\u5e97", "order_time": ["2019-01-26 20:38:06"], "total_order": 1, "hotel_value": ["4.6"], "hotel_price": ["128"]}, "25665237": {"hotel_name": "\u4e09\u4e9a\u6c90\u5fc3\u5c0f\u7b51\u7cbe\u54c1\u6c11\u5bbf", "order_time": ["2019-01-26 20:38:06"], "total_order": 1, "hotel_value": ["4.9"], "hotel_price": ["158"]}, "6639583": {"hotel_name": "\u4e09\u4e9a\u6d77\u7eb3\u6377\u7cbe\u54c1\u5ba2\u6808\uff08\u4e9a\u9f99\u6e7e\u5e97\uff09", "order_time": ["2019-01-26 20:38:06"], "total_order": 1, "hotel_value": ["4.5"], "hotel_price": ["166"]}, "21806731": {"hotel_name": "\u4e09\u4e9a\u590f\u65e5\u6d6a\u82b1\u5ea6\u5047\u6d0b\u623f\u522b\u5885", "order_time": ["2019-01-26 20:38:07"], "total_order": 1, "hotel_value": ["4.9"], "hotel_price": ["478"]}, "661552": {"hotel_name": "\u4e09\u4e9a\u51e4\u51f0\u5c9b\u5927\u603b\u7edf\u5ea6\u5047\u9152\u5e97", "order_time": ["2019-01-26 20:38:07"], "total_order": 1, "hotel_value": ["4.1"], "hotel_price": ["446"]}, "1480106": {"hotel_name": "\u4e09\u4e9a\u91d1\u8354\u6e7e\u9152\u5e97", "order_time": ["2019-01-26 20:38:07"], "total_order": 1, "hotel_value": ["3.9"], "hotel_price": ["118"]}, "6007595": {"hotel_name": "\u4e09\u4e9a\u8ffd\u68a6\u6d77\u4e0a\u5ea6\u5047\u9152\u5e97", "order_time": ["2019-01-26 20:38:07"], "total_order": 1, "hotel_value": ["4.8"], "hotel_price": ["538"]}, "22421309": {"hotel_name": "\u4e09\u4e9a\u5c1a\u9a7b\u5c0f\u9662\u8bbe\u8ba1\u6c11\u5bbf", "order_time": ["2019-01-26 20:38:07"], "total_order": 1, "hotel_value": ["4.5"], "hotel_price": ["159"]}, "15708320": {"hotel_name": "\u7f8e\u6811\u6770\u660e\u5047\u65e5\u9152\u5e97(\u4e09\u4e9a\u5927\u6811\u516c\u9986\u5e97)", "order_time": ["2019-01-26 20:38:07"], "total_order": 1, "hotel_value": ["4.4"], "hotel_price": ["278"]}}}