{"\u5f00\u59cb\u8bb0\u5f55\u65f6\u95f4": "2019-01-17 23:24:16", "\u7ed3\u675f\u8bb0\u5f55\u65f6\u95f4": "2019-01-18 00:24:16", "\u8ba2\u5355\u603b\u589e\u91cf": 205, "item": {"346693": {"hotel_name": "\u4e09\u4e9a\u4e9a\u9f99\u6e7e\u534e\u5b87\u5ea6\u5047\u9152\u5e97", "order_time": ["2019-01-17 23:26:22"], "total_order": 1, "hotel_value": ["4.6"], "hotel_price": ["499"]}, "14249344": {"hotel_name": "\u4e09\u4e9a\u4e9a\u7279\u5170\u8482\u65af\u9152\u5e97", "order_time": ["2019-01-17 23:26:22"], "total_order": 1, "hotel_value": ["4.6"], "hotel_price": ["3088"]}, "345071": {"hotel_name": "\u91d1\u8302\u4e09\u4e9a\u4e9a\u9f99\u6e7e\u5e0c\u5c14\u987f\u5927\u9152\u5e97", "order_time": ["2019-01-17 23:26:22"], "total_order": 1, "hotel_value": ["4.6"], "hotel_price": ["999"]}, "345553": {"hotel_name": "\u4e09\u4e9a\u4e9a\u9f99\u6e7e\u7ea2\u6811\u6797\u5ea6\u5047\u9152\u5e97", "order_time": ["2019-01-17 23:26:22"], "total_order": 1, "hotel_value": ["4.7"], "hotel_price": ["788"]}, "15249049": {"hotel_name": "\u7f8e\u4e3d\u4e4b\u51a0\u5927\u6811\u7687\u51a0\u5047\u65e5\u9152\u5e97", "order_time": ["2019-01-17 23:26:22"], "total_order": 1, "hotel_value": ["4.4"], "hotel_price": ["262"]}, "4656822": {"hotel_name": "\u4e45\u6816\u00b7\u4e09\u4e9a\u6d77\u84dd\u84dd\u6d77\u666f\u6c11\u5bbf", "order_time": ["2019-01-17 23:26:23"], "total_order": 1, "hotel_value": ["4.6"], "hotel_price": ["143"]}, "879235": {"hotel_name": "Q\u52a0\u00b7\u4e09\u4e9a\u591a\u4e50\u5c45\u5bb6\u5ead\u6d77\u666f\u516c\u5bd3", "order_time": ["2019-01-17 23:26:23"], "total_order": 1, "hotel_value": ["4.7"], "hotel_price": ["160"]}, "10148339": {"hotel_name": "\u4e09\u4e9a\u6b66\u65b0\u5ba2\u6808", "order_time": ["2019-01-17 23:26:23"], "total_order": 1, "hotel_value": ["4.4"], "hotel_price": ["97"]}, "3002283": {"hotel_name": "\u4e09\u4e9a\u60a6\u5ba2\u6808\u4e3b\u9898\u9152\u5e97", "order_time": ["2019-01-17 23:26:23"], "total_order": 1, "hotel_value": ["4.5"], "hotel_price": ["135"]}, "346690": {"hotel_name": "\u4e09\u4e9a\u94f6\u6cf0\u9633\u5149\u5ea6\u5047\u9152\u5e97(\u539f\u4e09\u4e9a\u6e58\u6295\u94f6\u6cf0\u5ea6\u5047\u9152\u5e97)", "order_time": ["2019-01-17 23:26:23"], "total_order": 1, "hotel_value": ["4.8"], "hotel_price": ["788"]}, "346757": {"hotel_name": "\u6d77\u5357\u9999\u6c34\u6e7e\u541b\u6f9c\u5ea6\u5047\u9152\u5e97", "order_time": ["2019-01-17 23:26:23"], "total_order": 1, "hotel_value": ["4.9"], "hotel_price": ["1188"]}, "6159864": {"hotel_name": "\u4e09\u4e9a\u4e91\u9f99\u5546\u52a1\u9152\u5e97(\u539f\u51e4\u51f0\u5047\u65e5\u673a\u573a\u5feb\u6377\u9152\u5e97)", "order_time": ["2019-01-17 23:26:24"], "total_order": 1, "hotel_value": ["4.5"], "hotel_price": ["153"]}, "4398479": {"hotel_name": "\u4e09\u4e9a\u4e00\u60a6\u79cb\u820d\u9152\u5e97", "order_time": ["2019-01-17 23:26:24"], "total_order": 1, "hotel_value": ["4.4"], "hotel_price": ["151"]}, "1642576": {"hotel_name": "\u4e09\u4e9a\u5b50\u60a6\u5eb7\u5e74\u4e3b\u9898\u5957\u623f\u5ea6\u5047\u9152\u5e97", "order_time": ["2019-01-17 23:26:24", "2019-01-17 23:32:24", "2019-01-17 23:30:23"], "total_order": 3, "hotel_value": ["4.7", "4.7", "4.7"], "hotel_price": ["422", "422", "422"]}, "2497465": {"hotel_name": "\u4e09\u4e9a\u52a0\u5dde\u65c5\u9986(\u539f\u65e9\u5b89\u52a0\u5dde\u65c5\u9986)", "order_time": ["2019-01-17 23:34:25", "2019-01-17 23:26:25"], "total_order": 2, "hotel_value": ["4.5", "4.5"], "hotel_price": ["102", "102"]}, "1315984": {"hotel_name": "\u4e09\u4e9a\u6d77\u7ef5\u8d1d\u8d1d\u65c5\u79df(\u539f\u6c90\u6d77\u65f6\u4ee3\u5ba2\u6808)", "order_time": ["2019-01-17 23:28:25"], "total_order": 1, "hotel_value": ["4.5"], "hotel_price": ["130"]}, "1716858": {"hotel_name": "\u4e09\u4e9a\u6d3b\u7c92\u517b\u751f\u5546\u52a1\u9152\u5e97(\u539f\u957f\u88d5\u517b\u751f\u7ca5\u5546\u52a1\u9152\u5e97)", "order_time": ["2019-01-17 23:28:25"], "total_order": 1, "hotel_value": ["4.0"], "hotel_price": ["101"]}, "1580558": {"hotel_name": "\u901f8\u9152\u5e97(\u4e09\u4e9a\u6e7e\u5409\u7965\u8857\u5e97)", "order_time": ["2019-01-17 23:28:25"], "total_order": 1, "hotel_value": ["4.6"], "hotel_price": ["135"]}, "2883738": {"hotel_name": "\u4e09\u4e9a\u9082\u9005\u65f6\u5149\u827a\u672f\u5ba2\u6808", "order_time": ["2019-01-17 23:28:25", "2019-01-17 23:30:22"], "total_order": 2, "hotel_value": ["4.6", "4.6"], "hotel_price": ["148", "148"]}, "1682691": {"hotel_name": "\u4e09\u4e9a\u4eac\u6d77\u56fd\u9645\u5047\u65e5\u9152\u5e97", "order_time": ["2019-01-17 23:52:21", "2019-01-17 23:36:24", "2019-01-17 23:28:26"], "total_order": 3, "hotel_value": ["4.6", "4.6", "4.6"], "hotel_price": ["538", "538", "538"]}, "6867681": {"hotel_name": "\u4e09\u4e9a\u590f\u672b\u82b1\u5f00\u5c71\u95f4\u5c0f\u7b51", "order_time": ["2019-01-17 23:28:26"], "total_order": 1, "hotel_value": ["4.8"], "hotel_price": ["161"]}, "6287098": {"hotel_name": "\u4e09\u4e9a\u6ce5\u5bbf\u827a\u672f\u9152\u5e97", "order_time": ["2019-01-17 23:28:26"], "total_order": 1, "hotel_value": ["4.5"], "hotel_price": ["140"]}, "9656278": {"hotel_name": "\u4e09\u4e9a\u90c1\u6797\u7ea2\u53f6\u5546\u52a1\u9152\u5e97", "order_time": ["2019-01-17 23:28:26"], "total_order": 1, "hotel_value": ["3.5"], "hotel_price": ["106"]}, "486003": {"hotel_name": "\u4e09\u4e9a\u8708\u652f\u6d32\u5c9b\u73ca\u745a\u9152\u5e97", "order_time": ["2019-01-17 23:40:25", "2019-01-17 23:28:28", "2019-01-17 23:34:25"], "total_order": 3, "hotel_value": ["4.8", "4.8", "4.8"], "hotel_price": ["999", "999", "999"]}, "431932": {"hotel_name": "\u4e09\u4e9a\u94f6\u97f5\u6d77\u666f\u5ea6\u5047\u9152\u5e97", "order_time": ["2019-01-17 23:28:28"], "total_order": 1, "hotel_value": ["4.7"], "hotel_price": ["356"]}, "5896791": {"hotel_name": "\u4e09\u4e9a\u8d70\u8d70\u505c\u505c\u7cbe\u54c1\u5ba2\u6808\u5927\u4e1c\u6d77\u5e97", "order_time": ["2019-01-17 23:30:22", "2019-01-17 23:42:23"], "total_order": 2, "hotel_value": ["4.8", "4.8"], "hotel_price": ["143", "143"]}, "854161": {"hotel_name": "\u4e09\u4e9a\u6e7e\u65b0\u7586\u5927\u53a6\u5ea6\u5047\u9152\u5e97", "order_time": ["2019-01-17 23:30:22"], "total_order": 1, "hotel_value": ["4.5"], "hotel_price": ["295"]}, "1061478": {"hotel_name": "\u4e45\u6816\u00b7\u4e09\u4e9aiHome\u6d77\u666f\u5ea6\u5047\u516c\u5bd3", "order_time": ["2019-01-18 00:04:23", "2019-01-17 23:30:22"], "total_order": 2, "hotel_value": ["4.7", "4.7"], "hotel_price": ["445", "398"]}, "346686": {"hotel_name": "\u4e09\u4e9a\u739b\u745e\u7eb3\u9152\u5e97", "order_time": ["2019-01-17 23:32:24", "2019-01-17 23:30:22"], "total_order": 2, "hotel_value": ["4.6", "4.6"], "hotel_price": ["350", "350"]}, "707593": {"hotel_name": "\u4e09\u4e9a\u51e4\u51f0\u5c9b\u6d77\u6d0b\u4e4b\u661f\u5ea6\u5047\u9152\u5e97", "order_time": ["2019-01-17 23:30:23"], "total_order": 1, "hotel_value": ["4.7"], "hotel_price": ["432"]}, "6446036": {"hotel_name": "\u4e09\u4e9a\u51e4\u51f0\u673a\u573a\u9152\u5e97", "order_time": ["2019-01-17 23:30:23"], "total_order": 1, "hotel_value": ["4.6"], "hotel_price": ["434"]}, "435983": {"hotel_name": "\u4e09\u4e9a\u4e9a\u9f99\u6e7e\u4eba\u95f4\u5929\u5802-\u9e1f\u5de2\u5ea6\u5047\u6751", "order_time": ["2019-01-17 23:30:23"], "total_order": 1, "hotel_value": ["4.6"], "hotel_price": ["1370"]}, "643641": {"hotel_name": "\u4e09\u4e9a\u51e4\u51f0\u673a\u573a\u6d77\u822a\u5feb\u6377\u9152\u5e97", "order_time": ["2019-01-17 23:30:23"], "total_order": 1, "hotel_value": ["4.1"], "hotel_price": ["208"]}, "5902128": {"hotel_name": "\u9685\u82b1\u539f\u5c71\u95f4\u8bbe\u8ba1\u9152\u5e97(\u4e09\u4e9a\u51e4\u51f0\u673a\u573a\u5e97)", "order_time": ["2019-01-17 23:30:23"], "total_order": 1, "hotel_value": ["4.7"], "hotel_price": ["222"]}, "1701113": {"hotel_name": "\u9526\u6c5f\u90fd\u57ce(\u4e09\u4e9a\u6e7e\u5e97)", "order_time": ["2019-01-17 23:38:22", "2019-01-17 23:30:23"], "total_order": 2, "hotel_value": ["4.9", "4.9"], "hotel_price": ["339", "339"]}, "1692016": {"hotel_name": "\u4e09\u4e9a\u65f6\u5c1a\u6807\u81f4\u7cbe\u54c1\u9152\u5e97(\u539f\u65f6\u5c1a\u6807\u5fd7\u7cbe\u54c1\u9152\u5e97)", "order_time": ["2019-01-17 23:30:23"], "total_order": 1, "hotel_value": ["4.0"], "hotel_price": ["123"]}, "9626476": {"hotel_name": "\u4e09\u4e9a\u67ab\u6797\u665a\u667a\u6167\u4e3b\u9898\u9152\u5e97\u51e4\u51f0\u673a\u573a\u5e97", "order_time": ["2019-01-17 23:30:25"], "total_order": 1, "hotel_value": ["4.7"], "hotel_price": ["177"]}, "13293731": {"hotel_name": "\u4e09\u4e9a\u6f9c\u82d1\u5546\u52a1\u9152\u5e97", "order_time": ["2019-01-17 23:30:25"], "total_order": 1, "hotel_value": ["4.5"], "hotel_price": ["282"]}, "2785460": {"hotel_name": "L\u6d77\u666f\u5ea6\u5047\u516c\u9986(\u4e09\u4e9a\u9e3f\u6d32\u56fd\u9645\u5e97)(\u539f\u4e09\u4e9a\u9e3f\u6d32\u56fd\u9645\u6d77\u666f\u5ea6\u5047\u516c\u9986)", "order_time": ["2019-01-17 23:30:25"], "total_order": 1, "hotel_value": ["4.6"], "hotel_price": ["154"]}, "8577364": {"hotel_name": "\u65e9\u5b89\u5927\u6811\u9152\u5e97(\u4e09\u4e9a\u7f8e\u4e3d\u4e4b\u51a0\u5e97)(\u539f\u4e09\u4e9a\u65e9\u5b89\u6591\u514b\u9152\u5e97\u5927\u6811\u516c\u9986\u5e97)", "order_time": ["2019-01-17 23:30:25"], "total_order": 1, "hotel_value": ["4.5"], "hotel_price": ["180"]}, "346711": {"hotel_name": "\u4e09\u4e9a\u541b\u9526\u6ee8\u6d77\u9152\u5e97", "order_time": ["2019-01-17 23:32:24"], "total_order": 1, "hotel_value": ["4.4"], "hotel_price": ["266"]}, "2326428": {"hotel_name": "\u4e09\u4e9a\u5802\u820d\u5c4b\u95f4\u6d77\u666f\u5ea6\u5047\u516c\u5bd3(\u539f\u559c\u83b1\u6d77\u666f\u5ea6\u5047\u516c\u5bd3)", "order_time": ["2019-01-17 23:32:24"], "total_order": 1, "hotel_value": ["4.8"], "hotel_price": ["277"]}, "1484444": {"hotel_name": "\u4e09\u4e9a\u6ee8\u83b1\u5047\u65e5\u5bbe\u9986", "order_time": ["2019-01-17 23:32:24"], "total_order": 1, "hotel_value": ["4.1"], "hotel_price": ["75"]}, "5398745": {"hotel_name": "\u4e09\u4e9a\u897f\u85cf\u5927\u53a6\u5f00\u5143\u540d\u90fd\u9152\u5e97", "order_time": ["2019-01-17 23:32:24"], "total_order": 1, "hotel_value": ["4.7"], "hotel_price": ["448"]}, "1602239": {"hotel_name": "\u4e09\u4e9a\u4e09\u6b65\u6d77\u5ba2\u6808", "order_time": ["2019-01-17 23:32:24"], "total_order": 1, "hotel_value": ["4.8"], "hotel_price": ["133"]}, "12827681": {"hotel_name": "\u4e09\u4e9a\u5b89\u9685\u9152\u5e97", "order_time": ["2019-01-17 23:32:24", "2019-01-18 00:16:28"], "total_order": 2, "hotel_value": ["4.9", "4.9"], "hotel_price": ["1119", "1118"]}, "1980387": {"hotel_name": "\u9e97\u67ab\u9152\u5e97(\u4e09\u4e9a\u6b65\u884c\u8857\u5e97)", "order_time": ["2019-01-17 23:34:22", "2019-01-17 23:42:23"], "total_order": 2, "hotel_value": ["4.8", "4.8"], "hotel_price": ["345", "362"]}, "13698570": {"hotel_name": "\u4e09\u4e9a\u539f\u820d\u8bbe\u8ba1\u9152\u5e97", "order_time": ["2019-01-17 23:34:22"], "total_order": 1, "hotel_value": ["4.6"], "hotel_price": ["112"]}, "21124267": {"hotel_name": "\u4e09\u4e9a\u7545\u4eab\u6d77\u666f\u5ea6\u5047\u516c\u5bd3", "order_time": ["2019-01-17 23:34:24"], "total_order": 1, "hotel_value": ["5.0"], "hotel_price": ["150"]}, "1442470": {"hotel_name": "\u4e09\u4e9a\u9ebb\u96c0\u5c0f\u4f4f\u6d77\u8fb9\u5ba2\u6808", "order_time": ["2019-01-17 23:34:24"], "total_order": 1, "hotel_value": [0], "hotel_price": ["338"]}, "1185042": {"hotel_name": "\u4e09\u4e9a\u6e7e\u7ea2\u6811\u6797\u5ea6\u5047\u4e16\u754c(\u83e9\u63d0\u9152\u5e97)", "order_time": ["2019-01-17 23:36:24"], "total_order": 1, "hotel_value": ["4.7"], "hotel_price": ["786"]}, "3362163": {"hotel_name": "\u4e09\u4e9a\u54c8\u66fc\u5ea6\u5047\u9152\u5e97", "order_time": ["2019-01-17 23:36:24"], "total_order": 1, "hotel_value": ["4.7"], "hotel_price": ["758"]}, "11439512": {"hotel_name": "\u4e09\u4e9a\u56fd\u5c0a\u6d77\u666f\u9152\u5e97", "order_time": ["2019-01-17 23:36:24"], "total_order": 1, "hotel_value": ["4.0"], "hotel_price": ["123"]}, "2005665": {"hotel_name": "\u4e09\u4e9a\u6d77\u68e0\u6e7e9\u53f7\u884c\u653f\u697c", "order_time": ["2019-01-17 23:36:24"], "total_order": 1, "hotel_value": ["4.6"], "hotel_price": ["779"]}, "454362": {"hotel_name": "\u4e09\u4e9a\u4ebf\u6e90\u8f69\u5b87\u5927\u9152\u5e97", "order_time": ["2019-01-17 23:36:24"], "total_order": 1, "hotel_value": ["4.6"], "hotel_price": ["429"]}, "854467": {"hotel_name": "\u4e09\u4e9a\u67d2\u73a5\u6d77\u8bed\u6d77\u666f\u4e3b\u9898\u9152\u5e97", "order_time": ["2019-01-17 23:36:24"], "total_order": 1, "hotel_value": ["4.6"], "hotel_price": ["119"]}, "25805017": {"hotel_name": "\u4e09\u4e9a\u5fc6\u5885\u5bb6\u5ea6\u5047\u522b\u5885", "order_time": ["2019-01-17 23:36:25"], "total_order": 1, "hotel_value": ["4.7"], "hotel_price": ["134"]}, "6808599": {"hotel_name": "\u4e09\u4e9a\u5d16\u57ce\u65bd\u987f\u9152\u5e97(\u539f\u65bd\u987f\u8fce\u5bbe\u9986)", "order_time": ["2019-01-17 23:36:25"], "total_order": 1, "hotel_value": ["4.2"], "hotel_price": ["322"]}, "440975": {"hotel_name": "\u4e09\u4e9a\u4e1c\u65b9\u6d77\u666f\u5927\u9152\u5e97", "order_time": ["2019-01-17 23:36:27"], "total_order": 1, "hotel_value": ["4.3"], "hotel_price": ["266"]}, "4339553": {"hotel_name": "\u4e09\u4e9a\u94c2\u7acb\u541b\u9a7f\u7cbe\u54c1\u9152\u5e97(\u5343\u53e4\u60c5\u5e97)(\u539f\u94c2\u7acb\u7cbe\u54c1\u9152\u5e97)", "order_time": ["2019-01-17 23:38:22"], "total_order": 1, "hotel_value": ["4.4"], "hotel_price": ["144"]}, "11444334": {"hotel_name": "\u4e09\u4e9a\u4e9a\u9f99\u6e7e\u5e0c\u60a6\u7cbe\u54c1\u522b\u5885\u9152\u5e97", "order_time": ["2019-01-17 23:38:22"], "total_order": 1, "hotel_value": ["4.6"], "hotel_price": ["406"]}, "1648269": {"hotel_name": "\u4e09\u4e9a\u5fc6\u4e61\u4eba\u5c71\u5885\u5ba2\u6808", "order_time": ["2019-01-17 23:38:22"], "total_order": 1, "hotel_value": ["4.6"], "hotel_price": ["155"]}, "431643": {"hotel_name": "\u5168\u5b63\u9152\u5e97(\u4e09\u4e9a\u4e2d\u5fc3\u5e97)", "order_time": ["2019-01-17 23:38:22"], "total_order": 1, "hotel_value": ["4.6"], "hotel_price": ["322"]}, "6684663": {"hotel_name": "\u4e09\u4e9a\u6d77\u68e0\u6e7e\u67cf\u4e3d\u5ea6\u5047\u9152\u5e97", "order_time": ["2019-01-17 23:38:22"], "total_order": 1, "hotel_value": ["4.3"], "hotel_price": ["220"]}, "13692378": {"hotel_name": "\u4e09\u4e9a\u98ce\u7434\u6e7e\u6d77\u666f\u516c\u5bd3", "order_time": ["2019-01-17 23:38:22"], "total_order": 1, "hotel_value": ["4.9"], "hotel_price": ["153"]}, "2574467": {"hotel_name": "\u4e09\u4e9a\u5609\u65fa\u5bb6\u5ead\u65c5\u9986", "order_time": ["2019-01-17 23:38:22"], "total_order": 1, "hotel_value": ["4.1"], "hotel_price": ["102"]}, "21696606": {"hotel_name": "\u989c\u820d\u6d77\u666f\u522b\u5885\u9152\u5e97(\u4e09\u4e9a\u5927\u4e1c\u6d77\u5e97)", "order_time": ["2019-01-17 23:38:22"], "total_order": 1, "hotel_value": ["4.8"], "hotel_price": ["172"]}, "1048330": {"hotel_name": "\u4e09\u4e9aNANUNA\u51b2\u6d6a\u5ea6\u5047\u9152\u5e97", "order_time": ["2019-01-17 23:38:22"], "total_order": 1, "hotel_value": ["4.1"], "hotel_price": ["553"]}, "6371552": {"hotel_name": "\u4e09\u4e9a\u96c5\u5e03\u4f26\u5065\u5eb7\u7597\u517b\u5ea6\u5047\u9152\u5e97(\u539f\u96c5\u5e03\u4f26\u5ea6\u5047\u9152\u5e97)", "order_time": ["2019-01-17 23:38:22"], "total_order": 1, "hotel_value": ["4.4"], "hotel_price": ["318"]}, "3197195": {"hotel_name": "\u54ea\u91cc\u90a3\u91cc\u6d77\u5cb8\u7cbe\u54c1\u5ba2\u6808(\u4e09\u4e9a\u4e9a\u9f99\u6e7e\u5e97)", "order_time": ["2019-01-18 00:02:26", "2019-01-17 23:38:22"], "total_order": 2, "hotel_value": ["4.8", "4.8"], "hotel_price": ["183", "182"]}, "19589458": {"hotel_name": "\u4e09\u4e9a\u6800\u5b50\u6d77\u6d77\u666f\u5ea6\u5047\u516c\u5bd3(\u539f\u6d77\u6708\u8f69\u6d77\u666f\u5ea6\u5047\u516c\u5bd3)", "order_time": ["2019-01-17 23:38:22"], "total_order": 1, "hotel_value": ["5.0"], "hotel_price": ["185"]}, "1315536": {"hotel_name": "\u4e09\u4e9a\u5e15\u5c14\u7f8e\u7eb3\u56fd\u9645\u5ea6\u5047\u516c\u5bd3", "order_time": ["2019-01-17 23:38:22"], "total_order": 1, "hotel_value": ["4.8"], "hotel_price": ["279"]}, "608176": {"hotel_name": "\u4e09\u4e9a\u8c6a\u5a01\u6d77\u666f\u5927\u9152\u5e97", "order_time": ["2019-01-17 23:38:22"], "total_order": 1, "hotel_value": ["4.1"], "hotel_price": ["450"]}, "902130": {"hotel_name": "\u4e09\u4e9a\u6da6\u5b89\u5047\u65e5\u6d77\u666f\u5ea6\u5047\u516c\u5bd3", "order_time": ["2019-01-17 23:38:22"], "total_order": 1, "hotel_value": ["4.6"], "hotel_price": ["292"]}, "473351": {"hotel_name": "\u4e09\u4e9a\u4e9a\u9f99\u6e7e\u827e\u7433\u8fbe\u7cbe\u54c1\u5ea6\u5047\u9152\u5e97", "order_time": ["2019-01-17 23:58:23", "2019-01-17 23:38:22"], "total_order": 2, "hotel_value": ["4.1", "4.1"], "hotel_price": ["249", "249"]}, "9638235": {"hotel_name": "\u84dd\u68a6\u6811\u4e4b\u604b\u5ea6\u5047\u9152\u5e97(\u4e09\u4e9a\u7f8e\u4e3d\u4e4b\u51a0\u5e97)", "order_time": ["2019-01-17 23:38:22"], "total_order": 1, "hotel_value": ["4.6"], "hotel_price": ["175"]}, "7043890": {"hotel_name": "\u4e09\u4e9a\u534e\u4f4f\u6d77\u69ad\u516c\u5bd3(\u539f\u963f\u82e5\u62c9\u6d77\u666f\u82b1\u56ed\u9152\u5e97\u5f0f\u516c\u5bd3)", "order_time": ["2019-01-17 23:38:22", "2019-01-17 23:50:23"], "total_order": 2, "hotel_value": ["4.7", "4.7"], "hotel_price": ["204", "204"]}, "3385222": {"hotel_name": "\u4e09\u4e9a\u6d77\u60a6\u4e1c\u65b9\u9152\u5e97", "order_time": ["2019-01-17 23:38:22"], "total_order": 1, "hotel_value": ["4.3"], "hotel_price": ["114"]}, "15696546": {"hotel_name": "\u4e09\u4e9a\u4e2d\u5fc3\u51ef\u60a6\u5609\u8f69\u9152\u5e97", "order_time": ["2019-01-17 23:38:23"], "total_order": 1, "hotel_value": ["4.5"], "hotel_price": ["449"]}, "513355": {"hotel_name": "\u4e09\u4e9a\u51ef\u4e30\u5927\u9152\u5e97", "order_time": ["2019-01-17 23:38:24"], "total_order": 1, "hotel_value": ["3.9"], "hotel_price": ["248"]}, "346664": {"hotel_name": "\u4e09\u4e9a\u541b\u7136\u6e29\u6cc9\u5ea6\u5047\u9152\u5e97", "order_time": ["2019-01-17 23:40:23"], "total_order": 1, "hotel_value": ["4.5"], "hotel_price": ["250"]}, "6562139": {"hotel_name": "\u4e09\u4e9a\u552f\u66a7\u7cbe\u54c1\u4e3b\u9898\u9152\u5e97", "order_time": ["2019-01-17 23:40:23"], "total_order": 1, "hotel_value": ["4.8"], "hotel_price": ["208"]}, "437115": {"hotel_name": "\u4e09\u4e9a\u767e\u680e\u56fd\u9645\u5ea6\u5047\u516c\u5bd3", "order_time": ["2019-01-17 23:40:23"], "total_order": 1, "hotel_value": ["4.3"], "hotel_price": ["257"]}, "5398387": {"hotel_name": "\u4e09\u4e9a\u5927\u6811\u4e03\u661f\u9152\u5e97", "order_time": ["2019-01-17 23:40:23"], "total_order": 1, "hotel_value": ["4.4"], "hotel_price": ["221"]}, "6839693": {"hotel_name": "\u4e09\u4e9a\u68ee\u6797\u6d77\u5cb8\u6cf3\u6c60\u5ea6\u5047\u522b\u5885", "order_time": ["2019-01-17 23:40:24"], "total_order": 1, "hotel_value": ["4.9"], "hotel_price": ["468"]}, "11388764": {"hotel_name": "\u5723\u4e91\u4e3b\u9898\u7cbe\u54c1\u5ba2\u6808(\u4e9a\u9f99\u6e7e\u5e97)", "order_time": ["2019-01-17 23:40:24"], "total_order": 1, "hotel_value": ["4.6"], "hotel_price": ["93"]}, "346739": {"hotel_name": "\u4e09\u4e9a\u9e3f\u6d32\u56fd\u9645\u6e38\u8247\u9152\u5e97", "order_time": ["2019-01-17 23:42:23"], "total_order": 1, "hotel_value": ["4.7"], "hotel_price": ["726"]}, "440685": {"hotel_name": "\u4e09\u4e9a\u7389\u6d77\u56fd\u9645\u5ea6\u5047\u9152\u5e97", "order_time": ["2019-01-17 23:42:23"], "total_order": 1, "hotel_value": ["4.5"], "hotel_price": ["249"]}, "7687149": {"hotel_name": "\u4e09\u4e9a\u5d16\u5dde\u6e7e\u5ea6\u5047\u6751\u5e0c\u5c14\u987f\u683c\u82ae\u7cbe\u9009\u9152\u5e97", "order_time": ["2019-01-17 23:42:23"], "total_order": 1, "hotel_value": ["4.5"], "hotel_price": ["585"]}, "9666280": {"hotel_name": "\u4e09\u4e9ahello\u6d77\u666f\u5ea6\u5047\u516c\u5bd3", "order_time": ["2019-01-17 23:42:23"], "total_order": 1, "hotel_value": ["4.8"], "hotel_price": ["214"]}, "643764": {"hotel_name": "\u6d77\u5357\u96c5\u5c45\u4e50\u65c5\u5bb6\u5ea6\u5047\u9152\u5e97", "order_time": ["2019-01-17 23:42:23"], "total_order": 1, "hotel_value": ["4.3"], "hotel_price": ["262"]}, "371696": {"hotel_name": "\u4e09\u4e9a\u590f\u5a01\u5937\u5927\u9152\u5e97", "order_time": ["2019-01-17 23:42:23"], "total_order": 1, "hotel_value": ["4.4"], "hotel_price": ["290"]}, "17292860": {"hotel_name": "\u4e09\u4e9a\u6d77\u68e0\u6e7e\u6155\u820d\u96ea\u83b1\u6d0b\u623f\u522b\u5885", "order_time": ["2019-01-17 23:42:23"], "total_order": 1, "hotel_value": ["4.8"], "hotel_price": ["576"]}, "438193": {"hotel_name": "\u6d77\u5357\u798f\u6e7e\u6885\u8bfa\u5361\u5ea6\u5047\u9152\u5e97", "order_time": ["2019-01-17 23:42:23"], "total_order": 1, "hotel_value": ["4.4"], "hotel_price": ["317"]}, "6327433": {"hotel_name": "\u4e09\u4e9a\u9999\u6c34\u6e7e\u8363\u9038\u6e29\u60c5\u9152\u5e97", "order_time": ["2019-01-17 23:42:23"], "total_order": 1, "hotel_value": ["4.7"], "hotel_price": ["356"]}, "6395268": {"hotel_name": "\u4e09\u4e9a\u60a6\u6d77\u5ea6\u5047\u6d0b\u623f\u522b\u5885", "order_time": ["2019-01-17 23:42:23"], "total_order": 1, "hotel_value": ["4.7"], "hotel_price": ["388"]}, "6541448": {"hotel_name": "\u4e09\u4e9a\u745e\u6cf0\u660e\u73e0\u9152\u5e97(\u51e4\u51f0\u673a\u573a\u5e97)", "order_time": ["2019-01-17 23:42:23"], "total_order": 1, "hotel_value": ["4.6"], "hotel_price": ["152"]}, "896368": {"hotel_name": "\u4e09\u4e9a\u90a3\u8fb9\u6d77\u6d77\u666f\u5ea6\u5047\u516c\u5bd3", "order_time": ["2019-01-17 23:42:23"], "total_order": 1, "hotel_value": ["4.8"], "hotel_price": ["250"]}, "344934": {"hotel_name": "\u4e09\u4e9a\u6930\u6797\u6ee9\u5927\u9152\u5e97", "order_time": ["2019-01-17 23:42:23"], "total_order": 1, "hotel_value": ["4.4"], "hotel_price": ["325"]}, "6476957": {"hotel_name": "\u4e09\u4e9a\u5174\u5b89\u957f\u5cf0\u5927\u9152\u5e97", "order_time": ["2019-01-17 23:42:23"], "total_order": 1, "hotel_value": ["4.5"], "hotel_price": ["298"]}, "24609830": {"hotel_name": "\u4e09\u4e9a\u6d77\u68e0\u6e7e\u5c0f\u68e0\u522b\u9662\u827a\u672f\u6c11\u5bbf", "order_time": ["2019-01-17 23:42:23"], "total_order": 1, "hotel_value": ["4.8"], "hotel_price": ["321"]}, "3423490": {"hotel_name": "\u4e09\u4e9a\u4e3d\u79be\u9152\u5e97", "order_time": ["2019-01-17 23:42:23"], "total_order": 1, "hotel_value": ["4.7"], "hotel_price": ["480"]}, "7082759": {"hotel_name": "\u4e09\u4e9a\u5fa1\u6d77\u65f6\u4ee3\u6d77\u666f\u5ea6\u5047\u522b\u9986", "order_time": ["2019-01-17 23:42:23"], "total_order": 1, "hotel_value": ["4.9"], "hotel_price": ["350"]}, "5924640": {"hotel_name": "\u4e09\u4e9a\u503e\u5fc3\u6d77\u666f\u5ea6\u5047\u9152\u5e97\u5f0f\u516c\u5bd3", "order_time": ["2019-01-17 23:42:23"], "total_order": 1, "hotel_value": ["4.7"], "hotel_price": ["209"]}, "17140010": {"hotel_name": "\u4e09\u4e9a\u60a6\u670b\u00b7\u6d77\u534a\u95f4\u4eba\u6587\u8bbe\u8ba1\u6d77\u666f\u9152\u5e97", "order_time": ["2019-01-17 23:50:23", "2019-01-17 23:42:23"], "total_order": 2, "hotel_value": ["4.8", "4.8"], "hotel_price": ["253", "253"]}, "370832": {"hotel_name": "\u4e09\u4e9a\u9e7f\u9890\u6d77\u666f\u9152\u5e97(\u539f\u8377\u6cf0\u6d77\u666f\u9152\u5e97)", "order_time": ["2019-01-17 23:42:23"], "total_order": 1, "hotel_value": ["4.6"], "hotel_price": ["338"]}, "468707": {"hotel_name": "\u54ea\u91cc\u90a3\u91cc\u6d77\u5cb8\u7cbe\u54c1\u5ba2\u6808(\u4e09\u4e9a\u6e7e\u5e97)", "order_time": ["2019-01-17 23:54:22", "2019-01-17 23:42:23"], "total_order": 2, "hotel_value": ["4.6", "4.6"], "hotel_price": ["189", "189"]}, "1315499": {"hotel_name": "\u4e09\u4e9a\u8001\u73ed\u957f\u56fd\u9645\u9752\u5e74\u65c5\u820d", "order_time": ["2019-01-17 23:42:24"], "total_order": 1, "hotel_value": ["4.5"], "hotel_price": ["49"]}, "440033": {"hotel_name": "Q\u52a0\u00b7\u4e09\u4e9a\u7f8e\u6021\u6d77\u5cb8\u5ba2\u6808", "order_time": ["2019-01-17 23:42:25"], "total_order": 1, "hotel_value": ["4.7"], "hotel_price": ["123"]}, "6298012": {"hotel_name": "\u683c\u6797\u8054\u76df\u9152\u5e97(\u4e09\u4e9a\u4e00\u5e02\u573a\u5e97)", "order_time": ["2019-01-17 23:44:25"], "total_order": 1, "hotel_value": ["4.8"], "hotel_price": ["143"]}, "6043700": {"hotel_name": "\u4e09\u4e9a\u67ab\u6797\u665a\u4e3b\u9898\u9152\u5e97", "order_time": ["2019-01-17 23:46:23"], "total_order": 1, "hotel_value": ["4.7"], "hotel_price": ["126"]}, "483075": {"hotel_name": "\u5982\u5bb6\u5feb\u6377\u9152\u5e97(\u4e09\u4e9a\u4e34\u6625\u6cb3\u8def\u767d\u9e6d\u516c\u56ed\u6d77\u666f\u5e97)", "order_time": ["2019-01-17 23:46:24"], "total_order": 1, "hotel_value": ["4.4"], "hotel_price": ["152"]}, "28554801": {"hotel_name": "\u4e09\u4e9a\u5728\u4e91\u7aef\u9752\u5e74\u65c5\u820d", "order_time": ["2019-01-17 23:46:24"], "total_order": 1, "hotel_value": [0], "hotel_price": ["21"]}, "1964800": {"hotel_name": "\u4e09\u4e9a\u62fe\u5149\u4e3b\u9898\u5bb6\u5ead\u65c5\u9986", "order_time": ["2019-01-17 23:46:25"], "total_order": 1, "hotel_value": ["4.8"], "hotel_price": ["150"]}, "1861354": {"hotel_name": "\u683c\u6797\u8c6a\u6cf0(\u4e09\u4e9a\u6625\u56ed\u6d77\u9c9c\u5e7f\u573a\u5feb\u6377\u9152\u5e97)", "order_time": ["2019-01-17 23:48:22"], "total_order": 1, "hotel_value": ["4.0"], "hotel_price": ["154"]}, "993927": {"hotel_name": "\u5982\u5bb6\u5feb\u6377\u9152\u5e97(\u4e09\u4e9a\u5409\u9633\u4e9a\u9f99\u6e7e\u5e97)", "order_time": ["2019-01-17 23:50:24"], "total_order": 1, "hotel_value": ["4.6"], "hotel_price": ["175"]}, "3289499": {"hotel_name": "\u4e09\u4e9a\u5cad\u5357\u6c34\u4e61\u5ea6\u5047\u516c\u5bd3", "order_time": ["2019-01-17 23:52:21"], "total_order": 1, "hotel_value": ["4.4"], "hotel_price": ["263"]}, "5968179": {"hotel_name": "\u4e09\u4e9a\u7231\u4e4b\u7f18\u60c5\u4fa3\u5f71\u9662\u4e3b\u9898\u9152\u5e97(\u539f\u7231\u4e4b\u7f18\u5f71\u89c6\u8fde\u9501\u4e3b\u9898\u9152\u5e97)", "order_time": ["2019-01-17 23:52:22"], "total_order": 1, "hotel_value": ["4.8"], "hotel_price": ["268"]}, "5292077": {"hotel_name": "\u4e09\u4e9a\u6d77\u8c5a\u6e7e\u4e3b\u9898\u9152\u5e97", "order_time": ["2019-01-17 23:54:23"], "total_order": 1, "hotel_value": ["4.5"], "hotel_price": ["116"]}, "15989436": {"hotel_name": "\u5e86\u4e49\u4e45\u7cbe\u54c1\u5ba2\u6808(\u4e9a\u9f99\u6e7e\u5343\u53e4\u60c5\u5e97)", "order_time": ["2019-01-17 23:54:23"], "total_order": 1, "hotel_value": ["4.7"], "hotel_price": ["135"]}, "12797173": {"hotel_name": "\u4e09\u4e9a\u9690\u5c45\u6d77\u4e0a\u00b7\u9999\u6c34\u6e7e\u9152\u5e97", "order_time": ["2019-01-17 23:56:22"], "total_order": 1, "hotel_value": ["4.5"], "hotel_price": ["466"]}, "15847536": {"hotel_name": "\u4e09\u4e9a\u8f69\u4e9a\u65c5\u79df\u4e3b\u9898\u5ba2\u6808", "order_time": ["2019-01-17 23:56:23"], "total_order": 1, "hotel_value": ["4.7"], "hotel_price": ["133"]}, "842954": {"hotel_name": "\u9526\u6c5f\u4e4b\u661f(\u4e09\u4e9a\u6e7e\u5409\u7965\u8857\u6d77\u666f\u9152\u5e97)", "order_time": ["2019-01-17 23:58:24"], "total_order": 1, "hotel_value": ["4.5"], "hotel_price": ["149"]}, "4841285": {"hotel_name": "\u4e09\u4e9a\u7c73\u7b1b\u5c0f\u65c5", "order_time": ["2019-01-17 23:58:24"], "total_order": 1, "hotel_value": ["4.8"], "hotel_price": ["48"]}, "1340218": {"hotel_name": "\u4e09\u4e9a\u671b\u6d77\u9752\u5e74\u9152\u5e97", "order_time": ["2019-01-17 23:58:24"], "total_order": 1, "hotel_value": ["4.6"], "hotel_price": ["213"]}, "2091425": {"hotel_name": "\u4e09\u4e9a\u7965\u548c\u9152\u5e97", "order_time": ["2019-01-18 00:00:22"], "total_order": 1, "hotel_value": ["4.5"], "hotel_price": ["175"]}, "1254854": {"hotel_name": "\u4e09\u4e9aWWW\u6d77\u666f\u516c\u5bd3", "order_time": ["2019-01-18 00:00:22"], "total_order": 1, "hotel_value": ["4.8"], "hotel_price": ["169"]}, "879580": {"hotel_name": "\u9526\u6c5f\u4e4b\u661f(\u4e09\u4e9a\u56fd\u9645\u8d2d\u7269\u4e2d\u5fc3\u6d77\u666f\u5e97)", "order_time": ["2019-01-18 00:00:22"], "total_order": 1, "hotel_value": ["4.5"], "hotel_price": ["199"]}, "1067285": {"hotel_name": "\u6d77\u5357\u84dd\u6e7e\u7eff\u57ce\u5a01\u65af\u6c40\u5ea6\u5047\u9152\u5e97", "order_time": ["2019-01-18 00:00:22"], "total_order": 1, "hotel_value": ["4.7"], "hotel_price": ["29724"]}, "7073052": {"hotel_name": "\u4e09\u4e9a\u514b\u62c9\u5c14\u9633\u5149\u6d77\u666f\u516c\u5bd3", "order_time": ["2019-01-18 00:00:22"], "total_order": 1, "hotel_value": ["4.8"], "hotel_price": ["184"]}, "370837": {"hotel_name": "\u4e09\u4e9a\u78a7\u6d77\u91d1\u6c99\u9152\u5e97", "order_time": ["2019-01-18 00:00:22"], "total_order": 1, "hotel_value": ["4.6"], "hotel_price": ["280"]}, "741295": {"hotel_name": "\u4e09\u4e9a\u8fdc\u8fd1\u6d77\u666f\u9152\u5e97", "order_time": ["2019-01-18 00:00:22"], "total_order": 1, "hotel_value": ["4.6"], "hotel_price": ["133"]}, "443574": {"hotel_name": "\u4e09\u4e9a\u9f99\u6c90\u6e7e\u6e29\u5fb7\u59c6\u81f3\u5c0a\u8c6a\u5ef7\u5927\u9152\u5e97", "order_time": ["2019-01-18 00:00:22"], "total_order": 1, "hotel_value": ["4.7"], "hotel_price": ["502"]}, "2021754": {"hotel_name": "\u4e09\u4e9a\u4fdd\u5229\u5929\u827a\u51e4\u51f0\u9152\u5e97", "order_time": ["2019-01-18 00:00:22"], "total_order": 1, "hotel_value": ["4.4"], "hotel_price": ["322"]}, "4374867": {"hotel_name": "\u4e09\u4e9a\u53cc\u5927\u56fd\u9645\u9152\u5e97", "order_time": ["2019-01-18 00:00:22"], "total_order": 1, "hotel_value": ["4.5"], "hotel_price": ["432"]}, "468875": {"hotel_name": "\u6674\u5929\u7389\u6ee9\u6d77\u666f\u5ea6\u5047\u516c\u5bd3(\u4e09\u4e9a\u6e7e\u5e97)", "order_time": ["2019-01-18 00:00:22"], "total_order": 1, "hotel_value": ["4.1"], "hotel_price": ["137"]}, "3290149": {"hotel_name": "\u4e09\u4e9a\u5b9d\u76db\u7cbe\u54c1\u5927\u9152\u5e97(\u539f\u5b9d\u76db\u6d77\u666f\u5927\u9152\u5e97)", "order_time": ["2019-01-18 00:00:22"], "total_order": 1, "hotel_value": ["4.1"], "hotel_price": ["219"]}, "8627044": {"hotel_name": "\u4e09\u4e9a\u4fdd\u5229\u7470\u4e3d\u9152\u5e97", "order_time": ["2019-01-18 00:00:22"], "total_order": 1, "hotel_value": ["4.7"], "hotel_price": ["2075"]}, "430163": {"hotel_name": "\u4e09\u4e9a\u4e9a\u9f99\u6e7e\u94c2\u5c14\u66fc\u522b\u5885\u5ea6\u5047\u9152\u5e97", "order_time": ["2019-01-18 00:06:22", "2019-01-18 00:00:23"], "total_order": 2, "hotel_value": ["4.6", "4.6"], "hotel_price": ["666", "666"]}, "4301411": {"hotel_name": "\u5982\u5bb6\u5feb\u6377\u9152\u5e97(\u4e09\u4e9a\u5546\u54c1\u8857\u5927\u9053\u5e97)", "order_time": ["2019-01-18 00:00:23"], "total_order": 1, "hotel_value": ["4.5"], "hotel_price": ["155"]}, "345095": {"hotel_name": "\u4e09\u4e9a\u9ece\u5ba2\u56fd\u9645\u9152\u5e97", "order_time": ["2019-01-18 00:00:23"], "total_order": 1, "hotel_value": ["4.4"], "hotel_price": ["366"]}, "1486685": {"hotel_name": "\u4e09\u4e9a\u51e4\u51f0\u5c9b\u5ea6\u5047\u9152\u5e97", "order_time": ["2019-01-18 00:02:25", "2019-01-18 00:00:23"], "total_order": 2, "hotel_value": ["4.7", "4.7"], "hotel_price": ["948", "948"]}, "26678166": {"hotel_name": "\u4e09\u4e9a\u6d77\u68e0\u6e7e\u91d1\u591a\u6e2f\u65c5\u79df", "order_time": ["2019-01-18 00:00:23"], "total_order": 1, "hotel_value": ["4.6"], "hotel_price": ["133"]}, "1458154": {"hotel_name": "\u4e09\u4e9a\u8f6c\u89d2\u9047\u5230\u6d77\u4e3b\u9898\u5ba2\u6808", "order_time": ["2019-01-18 00:00:23"], "total_order": 1, "hotel_value": ["4.4"], "hotel_price": ["96"]}, "4410283": {"hotel_name": "\u4e09\u4e9a\u5b50\u60a6\u5eb7\u5e74\u9152\u5e97(\u539f\u4e2d\u94c1\u5b50\u60a6\u5eb7\u5e74\u5546\u52a1\u9152\u5e97)", "order_time": ["2019-01-18 00:00:23"], "total_order": 1, "hotel_value": ["4.6"], "hotel_price": ["380"]}, "346764": {"hotel_name": "\u4e09\u4e9a\u541b\u6f9c\u00b7\u9e7f\u56de\u5934\u56fd\u5bbe\u9986(\u539f\u9e7f\u56de\u5934\u56fd\u5bbe\u9986)", "order_time": ["2019-01-18 00:00:23"], "total_order": 1, "hotel_value": ["4.8"], "hotel_price": ["663"]}, "6321309": {"hotel_name": "\u4e09\u4e9a\u65f6\u5149\u6d77\u5cb8\u6d77\u666f\u5ea6\u5047\u516c\u5bd3", "order_time": ["2019-01-18 00:00:23"], "total_order": 1, "hotel_value": ["4.6"], "hotel_price": ["151"]}, "1465678": {"hotel_name": "\u4e09\u4e9a\u5ad2\u5c1a\u9152\u5e97", "order_time": ["2019-01-18 00:00:24"], "total_order": 1, "hotel_value": ["4.0"], "hotel_price": ["101"]}, "1573160": {"hotel_name": "\u683c\u6797\u8c6a\u6cf0(\u4e09\u4e9a\u4e9a\u9f99\u6e7e\u5e97)", "order_time": ["2019-01-18 00:02:24"], "total_order": 1, "hotel_value": ["4.5"], "hotel_price": ["193"]}, "13433212": {"hotel_name": "\u4e09\u4e9a\u91d1\u90fd\u851a\u666f\u6e29\u5fb7\u59c6\u9152\u5e97", "order_time": ["2019-01-18 00:02:25"], "total_order": 1, "hotel_value": ["4.7"], "hotel_price": ["531"]}, "12824693": {"hotel_name": "\u6811\u4ebf\u5927\u6811\u5ea6\u5047\u9152\u5e97(\u4e09\u4e9a\u7f8e\u4e3d\u4e4b\u51a0\u5e02\u4e2d\u5fc3\u5e97)", "order_time": ["2019-01-18 00:02:25"], "total_order": 1, "hotel_value": ["4.5"], "hotel_price": ["206"]}, "3292125": {"hotel_name": "\u4e09\u4e9a\u5927\u4e1c\u6d77\u4e50\u5de2\u6d77\u666f\u5ba2\u6808", "order_time": ["2019-01-18 00:02:25"], "total_order": 1, "hotel_value": ["4.6"], "hotel_price": ["191"]}, "17496511": {"hotel_name": "\u4e09\u4e9a\u6e05\u6c34\u6e7e\u749e\u534e\u6d77\u666f\u5ea6\u5047\u516c\u9986", "order_time": ["2019-01-18 00:02:25"], "total_order": 1, "hotel_value": ["4.7"], "hotel_price": ["220"]}, "6261136": {"hotel_name": "\u7ef4\u4e5f\u7eb3\u9152\u5e97(\u4e09\u4e9a\u4e9a\u9f99\u6e7e\u5343\u53e4\u60c5\u5e97)", "order_time": ["2019-01-18 00:02:26"], "total_order": 1, "hotel_value": ["4.8"], "hotel_price": ["296"]}, "808618": {"hotel_name": "7\u5929\u8fde\u9501\u9152\u5e97(\u4e09\u4e9a\u4e09\u4e9a\u6e7e\u6d77\u666f\u5e97)", "order_time": ["2019-01-18 00:04:23"], "total_order": 1, "hotel_value": ["4.2"], "hotel_price": ["119"]}, "1458417": {"hotel_name": "\u4e09\u4e9a\u8587\u8587\u6d77\u5cb8\u65c5\u9986", "order_time": ["2019-01-18 00:20:23", "2019-01-18 00:04:23"], "total_order": 2, "hotel_value": ["4.4", "4.4"], "hotel_price": ["123", "123"]}, "1964967": {"hotel_name": "\u4f73\u6377\u8fde\u9501\u9152\u5e97(\u4e09\u4e9a\u51e4\u51f0\u5c9b\u5e97)", "order_time": ["2019-01-18 00:04:23"], "total_order": 1, "hotel_value": ["4.4"], "hotel_price": ["123"]}, "5812543": {"hotel_name": "\u843d\u5b89\u6d77\u666f\u5ba2\u6808(\u4e09\u4e9a\u6d77\u68e0\u6e7e\u8708\u652f\u6d32\u5c9b\u5e97)", "order_time": ["2019-01-18 00:04:24"], "total_order": 1, "hotel_value": ["4.5"], "hotel_price": ["103"]}, "24036490": {"hotel_name": "\u4e09\u4e9a\u65f6\u5149\u5c0f\u820d\u6d77\u8fb9\u7cbe\u54c1\u5ba2\u6808", "order_time": ["2019-01-18 00:06:24"], "total_order": 1, "hotel_value": ["4.9"], "hotel_price": ["119"]}, "481437": {"hotel_name": "\u9526\u6c5f\u4e4b\u661f(\u4e09\u4e9a\u89e3\u653e\u8def\u5e97)", "order_time": ["2019-01-18 00:06:25"], "total_order": 1, "hotel_value": ["4.6"], "hotel_price": ["189"]}, "345065": {"hotel_name": "\u4e09\u4e9a\u4e07\u4e3d\u5ea6\u5047\u9152\u5e97", "order_time": ["2019-01-18 00:06:25", "2019-01-18 00:10:27"], "total_order": 2, "hotel_value": ["4.7", "4.7"], "hotel_price": ["778", "778"]}, "6706003": {"hotel_name": "\u4e09\u4e9a\u4e9a\u9f99\u6e7e\u827e\u5f17\u745e\u8c6a\u5b85\u5ea6\u5047\u522b\u5885", "order_time": ["2019-01-18 00:06:25"], "total_order": 1, "hotel_value": ["4.9"], "hotel_price": ["2735"]}, "17533420": {"hotel_name": "\u4e09\u4e9a\u5927\u4e1c\u6d77\u9152\u5e97", "order_time": ["2019-01-18 00:08:23", "2019-01-18 00:10:24"], "total_order": 2, "hotel_value": ["4.8", "4.8"], "hotel_price": ["519", "519"]}, "9580477": {"hotel_name": "\u5411\u65e5\u8475\u6d77\u5cb8\u5ba2\u6808(\u4e09\u4e9a\u51e4\u51f0\u673a\u573a\u5e97)", "order_time": ["2019-01-18 00:08:23"], "total_order": 1, "hotel_value": ["4.6"], "hotel_price": ["199"]}, "346679": {"hotel_name": "\u4e09\u4e9a\u6e7e\u7687\u51a0\u5047\u65e5\u5ea6\u5047\u9152\u5e97", "order_time": ["2019-01-18 00:08:23"], "total_order": 1, "hotel_value": ["4.6"], "hotel_price": ["579"]}, "10520963": {"hotel_name": "\u4e09\u4e9a\u91d1\u838e\u73fa\u5510\u9152\u5e97", "order_time": ["2019-01-18 00:08:23"], "total_order": 1, "hotel_value": ["4.8"], "hotel_price": ["428"]}, "8649263": {"hotel_name": "\u4e09\u4e9a\u6d77\u8fb9\u4eba\u5bb6\u9752\u5e74\u65c5\u820d", "order_time": ["2019-01-18 00:08:24"], "total_order": 1, "hotel_value": ["4.6"], "hotel_price": ["25"]}, "346702": {"hotel_name": "\u4e09\u4e9a\u8fb0\u5149\u514b\u62c9\u7801\u5934\u9152\u5e97", "order_time": ["2019-01-18 00:10:24"], "total_order": 1, "hotel_value": ["4.6"], "hotel_price": ["532"]}, "5429887": {"hotel_name": "\u4e09\u4e9a\u975e\u4f60\u83ab\u5bbf\u7cbe\u54c1\u5ba2\u6808", "order_time": ["2019-01-18 00:10:24"], "total_order": 1, "hotel_value": ["4.8"], "hotel_price": ["131"]}, "345082": {"hotel_name": "\u4e09\u4e9a\u6587\u534e\u4e1c\u65b9\u9152\u5e97", "order_time": ["2019-01-18 00:10:24"], "total_order": 1, "hotel_value": ["4.7"], "hotel_price": ["1268"]}, "345080": {"hotel_name": "\u4e09\u4e9a\u4e9a\u9f99\u6e7e\u559c\u6765\u767b\u5ea6\u5047\u9152\u5e97", "order_time": ["2019-01-18 00:10:24"], "total_order": 1, "hotel_value": ["4.6"], "hotel_price": ["1142"]}, "5772127": {"hotel_name": "\u4e09\u4e9a\u5927\u4e1c\u6d77\u5929\u9a84\u7cbe\u54c1\u5957\u623f\u6d77\u666f\u516c\u5bd3", "order_time": ["2019-01-18 00:10:25"], "total_order": 1, "hotel_value": ["4.9"], "hotel_price": ["275"]}, "6486443": {"hotel_name": "\u4e09\u4e9a\u5b9d\u745e\u7cbe\u54c1\u5ea6\u5047\u516c\u5bd3", "order_time": ["2019-01-18 00:12:23"], "total_order": 1, "hotel_value": ["4.4"], "hotel_price": ["193"]}, "1256749": {"hotel_name": "\u4e09\u4e9a\u8fd07\u5feb\u6377\u5bbe\u9986", "order_time": ["2019-01-18 00:12:25"], "total_order": 1, "hotel_value": ["4.0"], "hotel_price": ["84"]}, "18555139": {"hotel_name": "\u4e09\u4e9a\u6e05\u5885\u6c11\u5bbf", "order_time": ["2019-01-18 00:12:25"], "total_order": 1, "hotel_value": ["4.9"], "hotel_price": ["123"]}, "346766": {"hotel_name": "\u4e09\u4e9a\u4e9a\u9f99\u6e7e\u51ef\u83b1\u4ed9\u4eba\u638c\u5ea6\u5047\u9152\u5e97", "order_time": ["2019-01-18 00:14:23"], "total_order": 1, "hotel_value": ["4.6"], "hotel_price": ["428"]}, "15160074": {"hotel_name": "\u4e09\u4e9a\u4fdd\u5229\u8bfa\u96c5\u5ea6\u5047\u516c\u5bd3", "order_time": ["2019-01-18 00:14:23"], "total_order": 1, "hotel_value": ["4.8"], "hotel_price": ["719"]}, "28366169": {"hotel_name": "7\u5929\u4f18\u54c1\u9152\u5e97(\u4e09\u4e9a\u6e7e\u6d77\u6708\u5e7f\u573a\u6d77\u666f\u5e97)", "order_time": ["2019-01-18 00:14:24"], "total_order": 1, "hotel_value": ["4.5"], "hotel_price": ["191"]}, "8616662": {"hotel_name": "\u4e09\u4e9a\u62fe\u5149\u96c6\u827a\u672f\u4e3b\u9898\u9152\u5e97(\u539f\u4e09\u4e9a\u62fe\u5149\u96c6\u7cbe\u54c1\u6c11\u5bbf)", "order_time": ["2019-01-18 00:18:22"], "total_order": 1, "hotel_value": ["4.8"], "hotel_price": ["234"]}, "1061497": {"hotel_name": "\u4e09\u4e9a\u6052\u76db\u6d77\u666f\u5ea6\u5047\u516c\u5bd3(\u91d1\u51e4\u51f0\u6d77\u666f\u516c\u5bd3\u5e97)", "order_time": ["2019-01-18 00:20:22"], "total_order": 1, "hotel_value": ["4.9"], "hotel_price": ["282"]}, "1434723": {"hotel_name": "\u4e09\u4e9a\u667a\u53cb\u4e3b\u9898\u5bbe\u9986", "order_time": ["2019-01-18 00:22:25"], "total_order": 1, "hotel_value": ["4.7"], "hotel_price": ["90"]}}}