{"\u5f00\u59cb\u8bb0\u5f55\u65f6\u95f4": "2019-01-22 10:45:00", "\u7ed3\u675f\u8bb0\u5f55\u65f6\u95f4": "2019-01-22 11:45:00", "\u8ba2\u5355\u603b\u589e\u91cf": 196, "item": {"1408318": {"hotel_name": "\u4e45\u6816\u00b7\u4e09\u4e9a\u91d1\u51e4\u51f0\u8001\u90ed\u5bb6\u6d77\u666f\u5ea6\u5047\u516c\u5bd3", "order_time": ["2019-01-22 10:47:06"], "total_order": 1, "hotel_value": ["4.9"], "hotel_price": ["789"]}, "3041884": {"hotel_name": "\u4e09\u4e9a\u4e3d\u79be\u6e29\u5fb7\u59c6\u9152\u5e97", "order_time": ["2019-01-22 10:47:06"], "total_order": 1, "hotel_value": ["4.8"], "hotel_price": ["730"]}, "660317": {"hotel_name": "\u4e09\u4e9a\u4eac\u6da6\u73cd\u73e0\u4e3b\u9898\u9152\u5e97", "order_time": ["2019-01-22 10:47:06"], "total_order": 1, "hotel_value": ["4.5"], "hotel_price": ["230"]}, "28366169": {"hotel_name": "7\u5929\u4f18\u54c1\u9152\u5e97(\u4e09\u4e9a\u6e7e\u6d77\u6708\u5e7f\u573a\u6d77\u666f\u5e97)", "order_time": ["2019-01-22 10:47:06"], "total_order": 1, "hotel_value": ["4.7"], "hotel_price": ["169"]}, "468875": {"hotel_name": "\u6674\u5929\u7389\u6ee9\u6d77\u666f\u5ea6\u5047\u516c\u5bd3(\u4e09\u4e9a\u6e7e\u5e97)", "order_time": ["2019-01-22 10:47:07", "2019-01-22 11:05:07", "2019-01-22 10:51:11"], "total_order": 3, "hotel_value": ["4.1", "4.1", "4.1"], "hotel_price": ["156", "156", "156"]}, "4436448": {"hotel_name": "\u4e09\u4e9a\u590f\u672b\u82b1\u5f00\u6d77\u5cb8\u5ba2\u6808(\u539f\u6625\u5929\u7684\u6545\u4e8b\u6d77\u5cb8\u5ba2\u6808)", "order_time": ["2019-01-22 10:47:07"], "total_order": 1, "hotel_value": ["4.8"], "hotel_price": ["223"]}, "6395268": {"hotel_name": "\u4e09\u4e9a\u60a6\u6d77\u5ea6\u5047\u6d0b\u623f\u522b\u5885", "order_time": ["2019-01-22 10:47:07"], "total_order": 1, "hotel_value": ["4.7"], "hotel_price": ["368"]}, "429907": {"hotel_name": "\u4e09\u4e9a\u660e\u7533\u9ad8\u5c14\u592b\u5ea6\u5047\u9152\u5e97", "order_time": ["2019-01-22 10:59:08", "2019-01-22 10:47:07"], "total_order": 2, "hotel_value": ["4.6", "4.6"], "hotel_price": ["330", "330"]}, "643641": {"hotel_name": "\u4e09\u4e9a\u51e4\u51f0\u673a\u573a\u6d77\u822a\u5feb\u6377\u9152\u5e97", "order_time": ["2019-01-22 10:47:09", "2019-01-22 10:53:11", "2019-01-22 10:55:06"], "total_order": 3, "hotel_value": ["4.1", "4.1", "4.1"], "hotel_price": ["208", "208", "208"]}, "396500": {"hotel_name": "\u4e09\u4e9a\u6e7e\u4ed9\u5c45\u5e9c\u6d77\u666f\u9152\u5e97", "order_time": ["2019-01-22 10:47:10"], "total_order": 1, "hotel_value": ["4.4"], "hotel_price": ["363"]}, "371696": {"hotel_name": "\u4e09\u4e9a\u590f\u5a01\u5937\u5927\u9152\u5e97", "order_time": ["2019-01-22 10:47:10"], "total_order": 1, "hotel_value": ["4.4"], "hotel_price": ["282"]}, "5830820": {"hotel_name": "\u96e8\u6797\u6f2b\u6b65\u5ea6\u5047\u6d0b\u623f\u522b\u5885(\u4e09\u4e9a\u4e9a\u9f99\u6e7e\u516c\u4e3b\u90e1\u5e97)", "order_time": ["2019-01-22 10:55:10", "2019-01-22 10:47:11"], "total_order": 2, "hotel_value": ["4.5", "4.5"], "hotel_price": ["264", "96"]}, "24036490": {"hotel_name": "\u4e09\u4e9a\u65f6\u5149\u5c0f\u820d\u6d77\u8fb9\u7cbe\u54c1\u5ba2\u6808", "order_time": ["2019-01-22 10:47:11"], "total_order": 1, "hotel_value": ["4.9"], "hotel_price": ["227"]}, "344912": {"hotel_name": "\u4e09\u4e9a\u6d77\u5929\u5927\u9152\u5e97", "order_time": ["2019-01-22 11:31:10", "2019-01-22 10:47:12"], "total_order": 2, "hotel_value": ["4.6", "4.6"], "hotel_price": ["319", "372"]}, "8504245": {"hotel_name": "\u90b8\u8bfa\u5171\u4eab\u522b\u5885\u516c\u5bd3(\u4e09\u4e9a\u4e9a\u9f99\u6e7e\u5e97)", "order_time": ["2019-01-22 10:47:12"], "total_order": 1, "hotel_value": ["4.7"], "hotel_price": ["328"]}, "6844747": {"hotel_name": "\u81ea\u5728\u7f8e\u6797\u6c34\u5c45\u9152\u5e97\u5f0f\u516c\u5bd3(\u4e09\u4e9a\u6e7e\u51e4\u51f0\u6c34\u57ce\u5e97)", "order_time": ["2019-01-22 10:47:13"], "total_order": 1, "hotel_value": ["4.7"], "hotel_price": ["335"]}, "5498432": {"hotel_name": "\u4e09\u4e9a\u521d\u590f\u7cbe\u54c1\u5957\u623f\u6d77\u666f\u516c\u5bd3", "order_time": ["2019-01-22 10:47:21"], "total_order": 1, "hotel_value": ["4.8"], "hotel_price": ["122"]}, "6275536": {"hotel_name": "\u4e09\u4e9a\u4e9a\u9f99\u6e7e\u4e50\u5c45\u8c6a\u5b85\u5ea6\u5047\u516c\u5bd3", "order_time": ["2019-01-22 10:49:06"], "total_order": 1, "hotel_value": ["4.8"], "hotel_price": ["338"]}, "10940232": {"hotel_name": "\u4e09\u4e9a\u5c3c\u666e\u987f\u6d77\u666f\u516c\u5bd3", "order_time": ["2019-01-22 10:49:06"], "total_order": 1, "hotel_value": ["4.9"], "hotel_price": ["217"]}, "6106463": {"hotel_name": "\u4e09\u4e9a\u7f8e\u4e9a\u56db\u5b63\u9152\u5e97", "order_time": ["2019-01-22 10:49:06"], "total_order": 1, "hotel_value": ["4.7"], "hotel_price": ["317"]}, "25212808": {"hotel_name": "\u65c5\u4e4b\u5bb6\u6d77\u666f\u5ea6\u5047\u516c\u5bd3(\u4e09\u4e9a\u6e7e\u5e97)", "order_time": ["2019-01-22 10:49:07"], "total_order": 1, "hotel_value": ["5.0"], "hotel_price": ["121"]}, "346676": {"hotel_name": "\u4e09\u4e9a\u56fd\u5149\u8c6a\u751f\u5ea6\u5047\u9152\u5e97", "order_time": ["2019-01-22 10:57:06", "2019-01-22 10:49:07"], "total_order": 2, "hotel_value": ["4.6", "4.6"], "hotel_price": ["669", "669"]}, "345093": {"hotel_name": "\u4e09\u4e9a\u9633\u5149\u5927\u9152\u5e97", "order_time": ["2019-01-22 10:49:07", "2019-01-22 11:43:07"], "total_order": 2, "hotel_value": ["4.6", "4.6"], "hotel_price": ["406", "406"]}, "6460482": {"hotel_name": "\u4e09\u4e9a\u4e9a\u9f99\u6e7e\u751f\u547d\u6cc9\u7cbe\u54c1\u5ea6\u5047\u9152\u5e97", "order_time": ["2019-01-22 10:49:08"], "total_order": 1, "hotel_value": ["4.7"], "hotel_price": ["360"]}, "6450523": {"hotel_name": "\u4e09\u4e9a\u5c71\u6d77\u5929\u5927\u9152\u5e97\u00b7\u50b2\u9014\u683c\u7cbe\u9009", "order_time": ["2019-01-22 10:49:08"], "total_order": 1, "hotel_value": ["4.8"], "hotel_price": ["986"]}, "6446036": {"hotel_name": "\u4e09\u4e9a\u51e4\u51f0\u673a\u573a\u9152\u5e97", "order_time": ["2019-01-22 10:49:08"], "total_order": 1, "hotel_value": ["4.6"], "hotel_price": ["406"]}, "17325404": {"hotel_name": "\u4e09\u4e9a\u6d1b\u514b\u94c2\u91d1\u6d77\u666f\u9152\u5e97", "order_time": ["2019-01-22 10:49:08"], "total_order": 1, "hotel_value": ["4.4"], "hotel_price": ["479"]}, "24847433": {"hotel_name": "\u4e09\u4e9a\u745e\u5c14\u66fc\u6d77\u666f\u5ea6\u5047\u516c\u5bd3", "order_time": ["2019-01-22 10:49:08"], "total_order": 1, "hotel_value": ["4.8"], "hotel_price": ["211"]}, "12458747": {"hotel_name": "\u4e09\u4e9a\u851a\u84dd\u6d77\u5cb8\u6d77\u666f\u516c\u5bd3", "order_time": ["2019-01-22 10:49:08"], "total_order": 1, "hotel_value": ["4.9"], "hotel_price": ["392"]}, "1470056": {"hotel_name": "Q\u52a0\u00b7\u4e09\u4e9a\u8fd9\u7247\u6d77\u5ea6\u5047\u6d77\u666f\u5ba2\u6808", "order_time": ["2019-01-22 10:49:09"], "total_order": 1, "hotel_value": ["4.6"], "hotel_price": ["177"]}, "435983": {"hotel_name": "\u4e09\u4e9a\u4e9a\u9f99\u6e7e\u4eba\u95f4\u5929\u5802-\u9e1f\u5de2\u5ea6\u5047\u6751", "order_time": ["2019-01-22 10:49:09", "2019-01-22 10:53:11"], "total_order": 2, "hotel_value": ["4.6", "4.6"], "hotel_price": ["1270", "1270"]}, "735390": {"hotel_name": "\u4e09\u4e9a\u9890\u548c\u5927\u9152\u5e97", "order_time": ["2019-01-22 10:49:12"], "total_order": 1, "hotel_value": ["4.5"], "hotel_price": ["391"]}, "437661": {"hotel_name": "\u4e09\u4e9a\u534a\u5c71\u9526\u6c5f\u6d77\u666f\u5ea6\u5047\u9152\u5e97", "order_time": ["2019-01-22 10:49:13"], "total_order": 1, "hotel_value": ["4.6"], "hotel_price": ["438"]}, "1377449": {"hotel_name": "Q\u52a0\u00b7\u4e09\u4e9a\u51e4\u51f0\u5c9b\u60a6\u4f73\u6d77\u4e0a\u516c\u5bd3", "order_time": ["2019-01-22 10:49:13"], "total_order": 1, "hotel_value": ["4.7"], "hotel_price": ["634"]}, "5398387": {"hotel_name": "\u4e09\u4e9a\u5927\u6811\u4e03\u661f\u9152\u5e97", "order_time": ["2019-01-22 10:51:07"], "total_order": 1, "hotel_value": ["4.4"], "hotel_price": ["220"]}, "4374867": {"hotel_name": "\u4e09\u4e9a\u53cc\u5927\u56fd\u9645\u9152\u5e97", "order_time": ["2019-01-22 10:51:08"], "total_order": 1, "hotel_value": ["4.5"], "hotel_price": ["432"]}, "8577364": {"hotel_name": "\u65e9\u5b89\u5927\u6811\u9152\u5e97(\u4e09\u4e9a\u7f8e\u4e3d\u4e4b\u51a0\u5e97)(\u539f\u4e09\u4e9a\u65e9\u5b89\u6591\u514b\u9152\u5e97\u5927\u6811\u516c\u9986\u5e97)", "order_time": ["2019-01-22 11:33:08", "2019-01-22 10:51:08"], "total_order": 2, "hotel_value": ["4.4", "4.4"], "hotel_price": ["178", "178"]}, "428330": {"hotel_name": "\u7231\u4e3d\u9152\u5e97(\u4e09\u4e9a\u5e97)", "order_time": ["2019-01-22 11:05:07", "2019-01-22 10:51:09"], "total_order": 2, "hotel_value": ["4.5", "4.5"], "hotel_price": ["108", "114"]}, "6684663": {"hotel_name": "\u4e09\u4e9a\u6d77\u68e0\u6e7e\u67cf\u4e3d\u5ea6\u5047\u9152\u5e97", "order_time": ["2019-01-22 10:51:12"], "total_order": 1, "hotel_value": ["4.3"], "hotel_price": ["240"]}, "8368601": {"hotel_name": "\u4e09\u4e9a\u4f18\u4f4f\u8c6a\u534e\u6d77\u666f\u516c\u5bd3", "order_time": ["2019-01-22 10:51:15"], "total_order": 1, "hotel_value": [0], "hotel_price": ["1112"]}, "4845384": {"hotel_name": "\u4e09\u4e9a\u84dd\u5cb8\u6d77\u8fb9\u4e3b\u9898\u9152\u5e97", "order_time": ["2019-01-22 10:51:16", "2019-01-22 11:17:12", "2019-01-22 11:05:10"], "total_order": 3, "hotel_value": ["4.7", "4.7", "4.7"], "hotel_price": ["136", "136", "136"]}, "1490189": {"hotel_name": "\u4e09\u4e9a\u68a7\u6850\u5885\u5168\u522b\u5885\u7cbe\u54c1\u9152\u5e97", "order_time": ["2019-01-22 10:51:18"], "total_order": 1, "hotel_value": ["4.4"], "hotel_price": ["248"]}, "15249049": {"hotel_name": "\u7f8e\u4e3d\u4e4b\u51a0\u5927\u6811\u7687\u51a0\u5047\u65e5\u9152\u5e97", "order_time": ["2019-01-22 10:53:07"], "total_order": 1, "hotel_value": ["4.4"], "hotel_price": ["202"]}, "5988590": {"hotel_name": "\u4e09\u4e9a\u6e05\u6c34\u6e7e\u6bd4\u5229\u5f17\u6d77\u666f\u516c\u5bd3", "order_time": ["2019-01-22 10:53:08"], "total_order": 1, "hotel_value": ["4.8"], "hotel_price": ["252"]}, "4410283": {"hotel_name": "\u4e09\u4e9a\u5b50\u60a6\u5eb7\u5e74\u9152\u5e97(\u539f\u4e2d\u94c1\u5b50\u60a6\u5eb7\u5e74\u5546\u52a1\u9152\u5e97)", "order_time": ["2019-01-22 10:53:08"], "total_order": 1, "hotel_value": ["4.6"], "hotel_price": ["380"]}, "918535": {"hotel_name": "\u4e45\u6816\u00b7\u4e09\u4e9a\u67ab\u4f20\u8bf4\u6d77\u666f\u5ea6\u5047\u516c\u5bd3", "order_time": ["2019-01-22 10:53:08"], "total_order": 1, "hotel_value": ["4.9"], "hotel_price": ["226"]}, "18075076": {"hotel_name": "\u4e09\u4e9a\u827e\u8a00\u9152\u5e97", "order_time": ["2019-01-22 10:53:08"], "total_order": 1, "hotel_value": ["4.8"], "hotel_price": ["332"]}, "13323312": {"hotel_name": "\u4e09\u4e9a\u6cf0\u4ed5\u5546\u52a1\u9152\u5e97", "order_time": ["2019-01-22 10:53:09"], "total_order": 1, "hotel_value": ["4.8"], "hotel_price": ["136"]}, "5090410": {"hotel_name": "\u4e09\u4e9a\u6930\u4e4b\u6d77\u6d77\u666f\u5ea6\u5047\u516c\u5bd3(\u539f\u6d77\u5cb8\u540d\u90fd\u7cbe\u54c1\u6d77\u666f\u516c\u5bd3)", "order_time": ["2019-01-22 10:53:09"], "total_order": 1, "hotel_value": ["4.9"], "hotel_price": ["312"]}, "632301": {"hotel_name": "\u4e09\u4e9a\u5927\u536b\u4f20\u5947\u7231\u60c5\u5ea6\u5047\u9152\u5e97", "order_time": ["2019-01-22 10:53:10"], "total_order": 1, "hotel_value": ["4.4"], "hotel_price": ["398"]}, "20176036": {"hotel_name": "\u4e09\u4e9a\u65b0\u73af\u5883\u6d77\u666f\u5ea6\u5047\u516c\u5bd3", "order_time": ["2019-01-22 10:53:10"], "total_order": 1, "hotel_value": ["4.9"], "hotel_price": ["217"]}, "4033951": {"hotel_name": "\u4e09\u4e9a\u51e4\u51f0\u5c9b\u6d77\u6d0b\u4e4b\u68a6\u5ea6\u5047\u9152\u5e97", "order_time": ["2019-01-22 10:53:11"], "total_order": 1, "hotel_value": ["4.6"], "hotel_price": ["669"]}, "8616662": {"hotel_name": "\u4e09\u4e9a\u62fe\u5149\u96c6\u827a\u672f\u4e3b\u9898\u9152\u5e97(\u539f\u4e09\u4e9a\u62fe\u5149\u96c6\u7cbe\u54c1\u6c11\u5bbf)", "order_time": ["2019-01-22 10:53:15"], "total_order": 1, "hotel_value": ["4.8"], "hotel_price": ["208"]}, "6635244": {"hotel_name": "\u4e09\u4e9a\u6893\u8def\u5ba2\u6808", "order_time": ["2019-01-22 10:53:16"], "total_order": 1, "hotel_value": ["4.7"], "hotel_price": ["118"]}, "5982932": {"hotel_name": "\u4e09\u4e9a\u6930\u8def\u5bbe\u9986", "order_time": ["2019-01-22 10:55:06", "2019-01-22 11:05:06"], "total_order": 2, "hotel_value": ["4.5", "4.5"], "hotel_price": ["85", "85"]}, "470577": {"hotel_name": "\u4e09\u4e9a\u5357\u5c71\u4f11\u95f2\u4f1a\u9986\u7985\u4fee\u4e3b\u9898", "order_time": ["2019-01-22 10:55:06"], "total_order": 1, "hotel_value": ["4.5"], "hotel_price": ["566"]}, "428335": {"hotel_name": "\u5982\u5bb6\u5feb\u6377\u9152\u5e97(\u4e09\u4e9a\u6986\u4e9a\u8def\u5927\u4e1c\u6d77\u5e97)", "order_time": ["2019-01-22 10:55:07"], "total_order": 1, "hotel_value": ["4.5"], "hotel_price": ["237"]}, "5634155": {"hotel_name": "\u4e09\u4e9a\u6e7e\u7ea2\u6811\u6797\u5ea6\u5047\u4e16\u754c(\u68d5\u6988\u738b\u56fd\u4eb2\u5b50\u4e3b\u9898\u5e97)", "order_time": ["2019-01-22 10:55:08"], "total_order": 1, "hotel_value": ["4.7"], "hotel_price": ["1176"]}, "6405320": {"hotel_name": "\u4e09\u4e9a\u4e9a\u9f99\u6e7e\u6728\u843d\u5ba2\u6808", "order_time": ["2019-01-22 11:25:07", "2019-01-22 10:57:06"], "total_order": 2, "hotel_value": ["4.5", "4.5"], "hotel_price": ["125", "125"]}, "14842258": {"hotel_name": "\u4e09\u4e9a\u604b\u590f\u522b\u5885", "order_time": ["2019-01-22 10:57:06"], "total_order": 1, "hotel_value": ["4.8"], "hotel_price": ["170"]}, "6020310": {"hotel_name": "\u4e09\u4e9a\u6606\u6cf0\u9152\u5e97", "order_time": ["2019-01-22 10:57:06"], "total_order": 1, "hotel_value": ["4.8"], "hotel_price": ["341"]}, "426360": {"hotel_name": "\u4e09\u4e9a\u67cf\u745e\u7cbe\u54c1\u6d77\u666f\u9152\u5e97", "order_time": ["2019-01-22 10:57:06"], "total_order": 1, "hotel_value": ["4.6"], "hotel_price": ["280"]}, "8600297": {"hotel_name": "\u4e09\u4e9a\u4e9a\u9f99\u6e7e\u6930\u98ce\u6d77\u5cb8\u82b1\u56ed\u6d0b\u623f", "order_time": ["2019-01-22 10:57:07"], "total_order": 1, "hotel_value": ["4.9"], "hotel_price": ["326"]}, "812564": {"hotel_name": "\u4e09\u4e9a\u91d1\u8c6a\u9152\u5e97", "order_time": ["2019-01-22 10:57:07"], "total_order": 1, "hotel_value": ["4.3"], "hotel_price": ["217"]}, "5899496": {"hotel_name": "\u4e09\u4e9a\u9526\u9601\u5ea6\u5047\u516c\u5bd3", "order_time": ["2019-01-22 10:57:07"], "total_order": 1, "hotel_value": ["4.9"], "hotel_price": ["272"]}, "6476957": {"hotel_name": "\u4e09\u4e9a\u5174\u5b89\u957f\u5cf0\u5927\u9152\u5e97", "order_time": ["2019-01-22 10:59:06", "2019-01-22 11:37:07"], "total_order": 2, "hotel_value": ["4.5", "4.5"], "hotel_price": ["298", "298"]}, "6781451": {"hotel_name": "\u4e09\u4e9a\u79d1\u5b9d\u5927\u9152\u5e97", "order_time": ["2019-01-22 10:59:07"], "total_order": 1, "hotel_value": ["4.8"], "hotel_price": ["120"]}, "18554984": {"hotel_name": "\u4e09\u4e9a\u98d8\u827a\u672f\u5ba2\u6808(\u51e4\u51f0\u673a\u573a\u5e97)", "order_time": ["2019-01-22 10:59:07"], "total_order": 1, "hotel_value": ["4.8"], "hotel_price": ["168"]}, "11052603": {"hotel_name": "\u4e09\u4e9a\u4e0e\u6d77\u5171\u671d\u65c5\u79df(\u539f\u5929\u6daf\u5c45\u5c9b\u4e4b\u5317\u5ba2\u6808)", "order_time": ["2019-01-22 10:59:07"], "total_order": 1, "hotel_value": ["4.7"], "hotel_price": ["120"]}, "1583257": {"hotel_name": "\u4e09\u4e9a\u559c\u798f\u65af\u9152\u5e97", "order_time": ["2019-01-22 10:59:07"], "total_order": 1, "hotel_value": ["4.0"], "hotel_price": ["164"]}, "6345626": {"hotel_name": "\u67cf\u680e\u5ea6\u5047\u9152\u5e97(\u4e09\u4e9a\u5343\u53e4\u60c5\u5e97)", "order_time": ["2019-01-22 10:59:08", "2019-01-22 11:29:07"], "total_order": 2, "hotel_value": ["4.5", "4.5"], "hotel_price": ["373", "373"]}, "4310281": {"hotel_name": "\u4e03\u661fe\u5bb6\u6d0b\u623f\u522b\u5885(\u4e9a\u9f99\u6e7e\u516c\u4e3b\u90e1\u5e97)", "order_time": ["2019-01-22 10:59:09"], "total_order": 1, "hotel_value": ["4.3"], "hotel_price": ["352"]}, "2083899": {"hotel_name": "\u4e09\u4e9a\u6d77\u68e0\u6e7e\u542c\u6d9b\u5c0f\u7b51\u5ba2\u6808(\u539f\u8def\u6613\u9152\u5e97)", "order_time": ["2019-01-22 10:59:09"], "total_order": 1, "hotel_value": ["4.6"], "hotel_price": ["58"]}, "16948036": {"hotel_name": "\u4e09\u4e9a\u6e7e\u7ea2\u6811\u6797\u5ea6\u5047\u4e16\u754c(\u5927\u738b\u68d5\u9152\u5e97)", "order_time": ["2019-01-22 10:59:10"], "total_order": 1, "hotel_value": ["4.7"], "hotel_price": ["900"]}, "473665": {"hotel_name": "\u9526\u6c5f\u4e4b\u661f\u54c1\u5c1a(\u4e09\u4e9a\u6e7e\u91d1\u9e21\u5cad\u5e97)", "order_time": ["2019-01-22 11:01:08"], "total_order": 1, "hotel_value": ["4.5"], "hotel_price": ["199"]}, "5247024": {"hotel_name": "\u4e09\u4e9a\u90a3\u4e00\u5e74\u521d\u89c1\u7cbe\u54c1\u5ba2\u6808", "order_time": ["2019-01-22 11:03:06", "2019-01-22 11:01:09"], "total_order": 2, "hotel_value": ["4.6", "4.6"], "hotel_price": ["145", "145"]}, "684215": {"hotel_name": "\u4e09\u4e9a\u6d77\u68e0\u6e7e\u5929\u623f\u6d32\u9645\u5ea6\u5047\u9152\u5e97", "order_time": ["2019-01-22 11:13:09", "2019-01-22 11:01:10", "2019-01-22 11:07:08"], "total_order": 3, "hotel_value": ["4.7", "4.7", "4.7"], "hotel_price": ["2390", "2390", "2390"]}, "707593": {"hotel_name": "\u4e09\u4e9a\u51e4\u51f0\u5c9b\u6d77\u6d0b\u4e4b\u661f\u5ea6\u5047\u9152\u5e97", "order_time": ["2019-01-22 11:17:08", "2019-01-22 11:01:10"], "total_order": 2, "hotel_value": ["4.6", "4.6"], "hotel_price": ["491", "491"]}, "346766": {"hotel_name": "\u4e09\u4e9a\u4e9a\u9f99\u6e7e\u51ef\u83b1\u4ed9\u4eba\u638c\u5ea6\u5047\u9152\u5e97", "order_time": ["2019-01-22 11:01:10"], "total_order": 1, "hotel_value": ["4.6"], "hotel_price": ["410"]}, "12420349": {"hotel_name": "\u65c5\u5bb6\u6d77\u666f\u5ea6\u5047\u9152\u5e97\u5f0f\u516c\u5bd3(\u4e09\u4e9a\u5927\u4e1c\u6d77\u5e97)", "order_time": ["2019-01-22 11:03:07"], "total_order": 1, "hotel_value": ["4.9"], "hotel_price": ["206"]}, "25630698": {"hotel_name": "\u4e09\u4e9a\u6d77\u68e0\u6e7e\u8ffd\u6d77\u6d41\u5149\u65c5\u79df", "order_time": ["2019-01-22 11:03:07"], "total_order": 1, "hotel_value": ["4.6"], "hotel_price": ["146"]}, "2505902": {"hotel_name": "\u4e09\u4e9a\u6e7e\u7f8e\u7eb3\u8c6a\u5b85\u6d77\u666f\u5ea6\u5047\u516c\u5bd3", "order_time": ["2019-01-22 11:03:10"], "total_order": 1, "hotel_value": ["4.8"], "hotel_price": ["282"]}, "430163": {"hotel_name": "\u4e09\u4e9a\u4e9a\u9f99\u6e7e\u94c2\u5c14\u66fc\u522b\u5885\u5ea6\u5047\u9152\u5e97", "order_time": ["2019-01-22 11:03:11"], "total_order": 1, "hotel_value": ["4.6"], "hotel_price": ["666"]}, "346679": {"hotel_name": "\u4e09\u4e9a\u6e7e\u7687\u51a0\u5047\u65e5\u5ea6\u5047\u9152\u5e97", "order_time": ["2019-01-22 11:05:06"], "total_order": 1, "hotel_value": ["4.6"], "hotel_price": ["518"]}, "473355": {"hotel_name": "\u4e09\u4e9a\u6d77\u5c9b\u9e7f\u57ce\u6d77\u666f\u5ea6\u5047\u516c\u5bd3", "order_time": ["2019-01-22 11:05:06"], "total_order": 1, "hotel_value": ["4.8"], "hotel_price": ["161"]}, "1378336": {"hotel_name": "\u4e09\u4e9a\u7f8e\u5c14\u6d77\u60a6\u53f0\u9152\u5e97", "order_time": ["2019-01-22 11:05:07"], "total_order": 1, "hotel_value": ["4.2"], "hotel_price": ["253"]}, "345074": {"hotel_name": "\u4e09\u4e9a\u4e9a\u9f99\u6e7e\u745e\u5409\u5ea6\u5047\u9152\u5e97", "order_time": ["2019-01-22 11:13:10", "2019-01-22 11:05:07"], "total_order": 2, "hotel_value": ["4.7", "4.7"], "hotel_price": ["1574", "1574"]}, "13990082": {"hotel_name": "\u4e09\u4e9a\u6e7e\u5341\u516b\u6e21\u84dd\u5ea6\u5047\u9152\u5e97", "order_time": ["2019-01-22 11:05:07"], "total_order": 1, "hotel_value": ["4.6"], "hotel_price": ["408"]}, "5292077": {"hotel_name": "\u4e09\u4e9a\u6d77\u8c5a\u6e7e\u4e3b\u9898\u9152\u5e97", "order_time": ["2019-01-22 11:05:08"], "total_order": 1, "hotel_value": ["4.5"], "hotel_price": ["145"]}, "473314": {"hotel_name": "\u4e09\u4e9a\u4e8c\u6708\u6d77\u6d77\u666f\u9152\u5e97", "order_time": ["2019-01-22 11:07:07"], "total_order": 1, "hotel_value": ["4.8"], "hotel_price": ["191"]}, "10901446": {"hotel_name": "\u4e09\u4e9a\u4ee5\u6cab\u6d77\u666f\u5ba2\u6808", "order_time": ["2019-01-22 11:07:08"], "total_order": 1, "hotel_value": ["4.8"], "hotel_price": ["128"]}, "10188701": {"hotel_name": "\u4e09\u4e9a\u6c34\u6676\u4e4b\u604b\u4e3b\u9898\u9152\u5e97", "order_time": ["2019-01-22 11:07:08", "2019-01-22 11:43:07"], "total_order": 2, "hotel_value": ["4.7", "4.7"], "hotel_price": ["163", "163"]}, "14999032": {"hotel_name": "\u4e09\u4e9a\u4e9a\u9f99\u6e7e\u6d6e\u751f\u82e5\u5bbf\u8bbe\u8ba1\u6c11\u5bbf", "order_time": ["2019-01-22 11:09:07"], "total_order": 1, "hotel_value": ["4.9"], "hotel_price": ["457"]}, "25485679": {"hotel_name": "\u4e09\u4e9a\u5b8c\u7f8e\u5047\u671f\u6d77\u666f\u516c\u5bd3", "order_time": ["2019-01-22 11:09:07"], "total_order": 1, "hotel_value": ["5.0"], "hotel_price": ["512"]}, "396528": {"hotel_name": "\u4e09\u4e9a\u4e9a\u9f99\u6e7e\u4e94\u53f7\u5ea6\u5047\u522b\u5885\u9152\u5e97", "order_time": ["2019-01-22 11:11:07"], "total_order": 1, "hotel_value": ["4.6"], "hotel_price": ["649"]}, "2574467": {"hotel_name": "\u4e09\u4e9a\u5609\u65fa\u5bb6\u5ead\u65c5\u9986", "order_time": ["2019-01-22 11:11:07", "2019-01-22 11:43:07"], "total_order": 2, "hotel_value": ["4.3", "4.3"], "hotel_price": ["102", "102"]}, "827128": {"hotel_name": "\u4e09\u4e9a\u5df4\u54c8\u9a6c\u5ea6\u5047\u9152\u5e97", "order_time": ["2019-01-22 11:13:09"], "total_order": 1, "hotel_value": ["4.1"], "hotel_price": ["329"]}, "353871": {"hotel_name": "\u4e09\u4e9a\u7ef4\u666f\u56fd\u9645\u5ea6\u5047\u9152\u5e97", "order_time": ["2019-01-22 11:13:09"], "total_order": 1, "hotel_value": ["4.8"], "hotel_price": ["888"]}, "430981": {"hotel_name": "\u5982\u5bb6\u5feb\u6377\u9152\u5e97(\u4e09\u4e9a\u89e3\u653e\u8def\u660e\u73e0\u5e7f\u573a\u8d2d\u7269\u4e2d\u5fc3\u5e97)", "order_time": ["2019-01-22 11:13:10"], "total_order": 1, "hotel_value": ["4.6"], "hotel_price": ["158"]}, "1315499": {"hotel_name": "\u4e09\u4e9a\u8001\u73ed\u957f\u56fd\u9645\u9752\u5e74\u65c5\u820d", "order_time": ["2019-01-22 11:13:10"], "total_order": 1, "hotel_value": ["4.5"], "hotel_price": ["57"]}, "8681237": {"hotel_name": "\u4e09\u4e9a\u5927\u4e1c\u6d77\u5fc6\u8bed\u6d41\u5e74\u4e3b\u9898\u9152\u5e97", "order_time": ["2019-01-22 11:13:10"], "total_order": 1, "hotel_value": ["4.8"], "hotel_price": ["151"]}, "1458417": {"hotel_name": "\u4e09\u4e9a\u8587\u8587\u6d77\u5cb8\u65c5\u9986", "order_time": ["2019-01-22 11:15:06"], "total_order": 1, "hotel_value": ["4.5"], "hotel_price": ["133"]}, "21641576": {"hotel_name": "\u7f8e\u4e3d\u6d77\u9152\u5e97(\u4e09\u4e9a\u51e4\u51f0\u673a\u573a\u5e97)", "order_time": ["2019-01-22 11:15:07"], "total_order": 1, "hotel_value": ["4.5"], "hotel_price": ["122"]}, "2032262": {"hotel_name": "\u7ef4\u4e5f\u7eb3\u9152\u5e97(\u4e09\u4e9a\u6e7e\u51e4\u51f0\u5c9b\u5e97)(\u539f\u4e09\u4e9a\u7b2c\u4e00\u5e02\u573a\u5e97)", "order_time": ["2019-01-22 11:15:07"], "total_order": 1, "hotel_value": ["4.7"], "hotel_price": ["240"]}, "10226392": {"hotel_name": "\u81fb\u7231\u9038\u5bb6\u7cbe\u54c1\u522b\u5885(\u4e09\u4e9a\u6e7e\u7ea2\u6811\u6797\u5e97)", "order_time": ["2019-01-22 11:15:07"], "total_order": 1, "hotel_value": ["4.8"], "hotel_price": ["217"]}, "24411657": {"hotel_name": "\u4e09\u4e9a\u7b80\u5c4b\u9752\u5e74\u65c5\u820d", "order_time": ["2019-01-22 11:15:08"], "total_order": 1, "hotel_value": ["4.9"], "hotel_price": ["50"]}, "741161": {"hotel_name": "\u4e09\u4e9a\u6b63\u626c\u56fd\u9645\u5ea6\u5047\u9152\u5e97", "order_time": ["2019-01-22 11:15:09"], "total_order": 1, "hotel_value": ["4.2"], "hotel_price": ["289"]}, "23932008": {"hotel_name": "\u4e09\u4e9a\u4e9a\u9f99\u6e7e\u5c1a\u4e66\u96c5\u82d1\u5ea6\u5047\u522b\u5885", "order_time": ["2019-01-22 11:17:08"], "total_order": 1, "hotel_value": ["4.8"], "hotel_price": ["312"]}, "4388404": {"hotel_name": "\u4e09\u4e9a\u7f8e\u4e3d\u4e4b\u51a0\u5927\u6811\u9152\u5e97", "order_time": ["2019-01-22 11:17:08"], "total_order": 1, "hotel_value": ["4.3"], "hotel_price": ["220"]}, "6280766": {"hotel_name": "\u4e09\u4e9a\u5927\u4e1c\u6d77\u82b1\u8bed\u6d77\u666f\u5ea6\u5047\u516c\u5bd3", "order_time": ["2019-01-22 11:19:08"], "total_order": 1, "hotel_value": ["4.4"], "hotel_price": ["152"]}, "1315187": {"hotel_name": "\u7267\u6d77\u65c5\u820d(\u4e09\u4e9a\u6d77\u5cb8\u540d\u90fd\u5e97)", "order_time": ["2019-01-22 11:19:09"], "total_order": 1, "hotel_value": ["4.9"], "hotel_price": ["254"]}, "26449232": {"hotel_name": "\u4e09\u4e9a\u65e5\u5915\u5885\u6c11\u5bbf", "order_time": ["2019-01-22 11:19:09"], "total_order": 1, "hotel_value": ["4.9"], "hotel_price": ["236"]}, "917373": {"hotel_name": "\u4e09\u4e9a\u8273\u9633\u5929\u5ba2\u6808(\u539f\u6f9c\u60a6\u9633\u5149\u6d77\u666f\u5ba2\u6808)", "order_time": ["2019-01-22 11:21:07"], "total_order": 1, "hotel_value": ["4.6"], "hotel_price": ["83"]}, "2005665": {"hotel_name": "\u4e09\u4e9a\u6d77\u68e0\u6e7e9\u53f7\u884c\u653f\u697c", "order_time": ["2019-01-22 11:21:07"], "total_order": 1, "hotel_value": ["4.6"], "hotel_price": ["1407"]}, "2208553": {"hotel_name": "\u4e09\u4e9a\u79be\u98ce\u5546\u52a1\u516c\u5bd3", "order_time": ["2019-01-22 11:21:09"], "total_order": 1, "hotel_value": ["4.2"], "hotel_price": ["85"]}, "21133797": {"hotel_name": "\u4e09\u4e9a\u541b\u6765\u89c2\u5c71\u6d77\u4f11\u95f2\u5ba2\u6808", "order_time": ["2019-01-22 11:21:10"], "total_order": 1, "hotel_value": ["4.8"], "hotel_price": ["220"]}, "16128581": {"hotel_name": "\u4e09\u4e9a\u7cd6\u679c\u6d77\u666f\u5957\u623f\u5ea6\u5047\u516c\u5bd3", "order_time": ["2019-01-22 11:23:06", "2019-01-22 11:43:07"], "total_order": 2, "hotel_value": ["4.7", "4.7"], "hotel_price": ["193", "193"]}, "6298012": {"hotel_name": "\u683c\u6797\u8054\u76df\u9152\u5e97(\u4e09\u4e9a\u4e00\u5e02\u573a\u5e97)", "order_time": ["2019-01-22 11:23:07"], "total_order": 1, "hotel_value": ["4.8"], "hotel_price": ["129"]}, "5924618": {"hotel_name": "\u4e9a\u9f99\u6e7e\u4f9d\u5c71\u5c45\u522b\u5885\u9152\u5e97(\u4e09\u4e9a\u9e1f\u5de2\u5e97)(\u539f\u4e9a\u9f99\u6e7e\u82b1\u56ed\u522b\u5885\u9152\u5e97)", "order_time": ["2019-01-22 11:23:07"], "total_order": 1, "hotel_value": ["4.4"], "hotel_price": ["281"]}, "24863062": {"hotel_name": "\u4e09\u4e9a\u8046\u6d77\u5c0f\u5885\u65c5\u79df", "order_time": ["2019-01-22 11:23:08"], "total_order": 1, "hotel_value": ["4.8"], "hotel_price": ["151"]}, "6396494": {"hotel_name": "80\u5e74\u534e\u5ea6\u5047\u516c\u5bd3(\u4e09\u4e9a\u5927\u4e1c\u6d77\u5e97)", "order_time": ["2019-01-22 11:23:10"], "total_order": 1, "hotel_value": [0], "hotel_price": ["297"]}, "2650221": {"hotel_name": "\u4e09\u4e9a\u7c73\u6735\u4e3b\u9898\u6d77\u666f\u516c\u5bd3", "order_time": ["2019-01-22 11:25:07"], "total_order": 1, "hotel_value": ["4.7"], "hotel_price": ["262"]}, "2266347": {"hotel_name": "\u4f9d\u6d77\u4f73\u7f18\u6d77\u666f\u5957\u623f\u516c\u5bd3(\u4e09\u4e9a\u6e7e\u5e97)", "order_time": ["2019-01-22 11:25:07"], "total_order": 1, "hotel_value": ["4.9"], "hotel_price": ["288"]}, "9626476": {"hotel_name": "\u4e09\u4e9a\u67ab\u6797\u665a\u667a\u6167\u4e3b\u9898\u9152\u5e97\u51e4\u51f0\u673a\u573a\u5e97", "order_time": ["2019-01-22 11:25:08"], "total_order": 1, "hotel_value": ["4.8"], "hotel_price": ["212"]}, "6167318": {"hotel_name": "\u4e09\u4e9a\u5eb7\u7279\u738b\u5e9c\u5546\u52a1\u9152\u5e97", "order_time": ["2019-01-22 11:25:08"], "total_order": 1, "hotel_value": ["4.8"], "hotel_price": ["298"]}, "18054307": {"hotel_name": "\u4e09\u4e9a\u5c7f\u5bbf\u9752\u5e74\u65c5\u793e", "order_time": ["2019-01-22 11:25:08"], "total_order": 1, "hotel_value": ["4.5"], "hotel_price": ["59"]}, "895503": {"hotel_name": "7\u5929\u8fde\u9501\u9152\u5e97(\u4e09\u4e9a\u6e7e\u6625\u56ed\u6d77\u9c9c\u5e7f\u573a\u5e97)", "order_time": ["2019-01-22 11:27:07"], "total_order": 1, "hotel_value": ["4.5"], "hotel_price": ["128"]}, "449558": {"hotel_name": "\u65c5\u5bb6\u5ea6\u5047\u516c\u5bd3(\u4e09\u4e9a\u6e7e\u5e97)", "order_time": ["2019-01-22 11:27:07"], "total_order": 1, "hotel_value": ["4.8"], "hotel_price": ["220"]}, "1444937": {"hotel_name": "\u4e09\u4e9a\u5357\u90fd\u5546\u52a1\u9152\u5e97", "order_time": ["2019-01-22 11:27:09"], "total_order": 1, "hotel_value": ["4.0"], "hotel_price": ["89"]}, "2048043": {"hotel_name": "\u4e09\u4e9a\u91d1\u51e4\u51f0\u6d77\u5cb8\u5ea6\u5047\u516c\u5bd3", "order_time": ["2019-01-22 11:29:08", "2019-01-22 11:37:07"], "total_order": 2, "hotel_value": ["4.7", "4.7"], "hotel_price": ["298", "298"]}, "28554801": {"hotel_name": "\u4e09\u4e9a\u5728\u4e91\u7aef\u9752\u5e74\u65c5\u820d", "order_time": ["2019-01-22 11:29:08"], "total_order": 1, "hotel_value": [0], "hotel_price": ["25"]}, "4090817": {"hotel_name": "\u4e09\u4e9a\u9a6c\u5170\u82b1\u5047\u65e5\u9152\u5e97(\u539f\u5b81\u590f\u5927\u53a6)", "order_time": ["2019-01-22 11:29:08"], "total_order": 1, "hotel_value": ["4.5"], "hotel_price": ["368"]}, "447842": {"hotel_name": "\u4e09\u4e9a\u666f\u5229\u83b1\u5ea6\u5047\u9152\u5e97", "order_time": ["2019-01-22 11:29:08"], "total_order": 1, "hotel_value": ["4.4"], "hotel_price": ["240"]}, "6457048": {"hotel_name": "\u4f73\u8f69\u5047\u65e5\u9152\u5e97(\u4e09\u4e9a\u51e4\u51f0\u673a\u573a\u5e97)", "order_time": ["2019-01-22 11:29:08"], "total_order": 1, "hotel_value": ["4.5"], "hotel_price": ["228"]}, "12603715": {"hotel_name": "\u4e09\u4e9a\u6d77\u6ee8\u5ea6\u5047\u9152\u5e97", "order_time": ["2019-01-22 11:29:08"], "total_order": 1, "hotel_value": ["4.0"], "hotel_price": ["330"]}, "24051573": {"hotel_name": "\u4e09\u4e9a\u6d77\u7720\u827a\u5bbf\u8bbe\u8ba1\u6c11\u5bbf", "order_time": ["2019-01-22 11:31:11"], "total_order": 1, "hotel_value": ["4.7"], "hotel_price": ["179"]}, "15164961": {"hotel_name": "\u4e09\u4e9a\u5c4b\u5947\u9152\u5e97(\u6b65\u884c\u8857\u5e97)", "order_time": ["2019-01-22 11:31:12"], "total_order": 1, "hotel_value": ["4.6"], "hotel_price": ["272"]}, "7073052": {"hotel_name": "\u4e09\u4e9a\u514b\u62c9\u5c14\u9633\u5149\u6d77\u666f\u516c\u5bd3", "order_time": ["2019-01-22 11:33:07"], "total_order": 1, "hotel_value": ["4.8"], "hotel_price": ["184"]}, "8599790": {"hotel_name": "\u4e09\u4e9a\u745e\u9038\u5ea6\u5047\u516c\u5bd3(\u5929\u6daf\u5e97)", "order_time": ["2019-01-22 11:33:08"], "total_order": 1, "hotel_value": ["4.8"], "hotel_price": ["242"]}, "9561788": {"hotel_name": "\u4e09\u4e9a\u76db\u4e16\u91d1\u6811\u5ea6\u5047\u9152\u5e97\u7f8e\u4e3d\u4e4b\u51a0\u5e97", "order_time": ["2019-01-22 11:33:10"], "total_order": 1, "hotel_value": ["4.8"], "hotel_price": ["201"]}, "11188504": {"hotel_name": "\u4e09\u4e9a\u6d77\u68e0\u6e7e\u7559\u4e0b\u5c0f\u7b51\u4e3b\u9898\u6c11\u5bbf", "order_time": ["2019-01-22 11:35:08"], "total_order": 1, "hotel_value": ["4.8"], "hotel_price": ["151"]}, "1283993": {"hotel_name": "\u4e09\u4e9a\u6d77\u8fb9\u98ce\u60c5\u5ea6\u5047\u516c\u5bd3", "order_time": ["2019-01-22 11:35:08"], "total_order": 1, "hotel_value": ["4.9"], "hotel_price": ["233"]}, "608176": {"hotel_name": "\u4e09\u4e9a\u8c6a\u5a01\u6d77\u666f\u5927\u9152\u5e97", "order_time": ["2019-01-22 11:35:08"], "total_order": 1, "hotel_value": ["4.1"], "hotel_price": ["272"]}, "1716384": {"hotel_name": "\u4e09\u4e9a\u5723\u73ba\u5bbe\u9986", "order_time": ["2019-01-22 11:35:08"], "total_order": 1, "hotel_value": ["4.4"], "hotel_price": ["76"]}, "6118712": {"hotel_name": "\u4e09\u4e9a\u91d1\u4e2d\u6d77\u84dd\u94bb\u5ea6\u5047\u516c\u5bd3\u4e09\u4e9a\u6e7e\u5e97", "order_time": ["2019-01-22 11:37:07"], "total_order": 1, "hotel_value": ["4.7"], "hotel_price": ["232"]}, "6111359": {"hotel_name": "\u4e09\u4e9a\u666f\u7476\u6d77\u666f\u5ba2\u6808", "order_time": ["2019-01-22 11:37:07"], "total_order": 1, "hotel_value": ["4.5"], "hotel_price": ["88"]}, "3328368": {"hotel_name": "\u4e09\u4e9a\u7f57\u9a6c\u65f6\u5149\u6d77\u666f\u5ea6\u5047\u516c\u5bd3", "order_time": ["2019-01-22 11:37:07"], "total_order": 1, "hotel_value": ["4.7"], "hotel_price": ["123"]}, "428333": {"hotel_name": "\u5982\u5bb6\u5feb\u6377\u9152\u5e97(\u4e09\u4e9a\u6b65\u884c\u8857\u7f8e\u98df\u5e7f\u573a\u5e97)\u539f(\u4e09\u4e9a\u6587\u660e\u8def\u653f\u5e9c\u4e8c\u529e\u5e97)", "order_time": ["2019-01-22 11:37:08"], "total_order": 1, "hotel_value": ["4.3"], "hotel_price": ["149"]}, "1099178": {"hotel_name": "\u4e09\u4e9a\u5510\u5409\u8f72\u5fb7\u5ba2\u6808", "order_time": ["2019-01-22 11:37:08"], "total_order": 1, "hotel_value": ["4.7"], "hotel_price": ["40"]}, "15280412": {"hotel_name": "\u4e09\u4e9a\u54c1\u5c1a\u827a\u672f\u4e3b\u9898\u5ba2\u6808", "order_time": ["2019-01-22 11:39:07"], "total_order": 1, "hotel_value": ["4.8"], "hotel_price": ["223"]}, "3732039": {"hotel_name": "\u4e09\u4e9a\u6d77\u68e0\u6e7e\u6bd4\u90bbnear\u6930\u6797\u7f8e\u5bbf(\u539f\u6bd4\u90bb\u6cf3\u6c60\u5ea6\u5047\u7cbe\u54c1\u5ba2\u6808)", "order_time": ["2019-01-22 11:41:07"], "total_order": 1, "hotel_value": ["4.5"], "hotel_price": ["309"]}, "425743": {"hotel_name": "\u4e09\u4e9a\u679c\u559c\u5927\u9152\u5e97", "order_time": ["2019-01-22 11:41:07"], "total_order": 1, "hotel_value": ["4.6"], "hotel_price": ["323"]}, "842998": {"hotel_name": "\u541b\u6f9c\u00b7\u4e09\u4e9a\u6e7e\u8fce\u5bbe\u9986\u6d77\u666f\u5ea6\u5047\u9152\u5e97", "order_time": ["2019-01-22 11:41:07"], "total_order": 1, "hotel_value": ["4.8"], "hotel_price": ["529"]}, "11444334": {"hotel_name": "\u4e09\u4e9a\u4e9a\u9f99\u6e7e\u5e0c\u60a6\u7cbe\u54c1\u522b\u5885\u9152\u5e97", "order_time": ["2019-01-22 11:41:08"], "total_order": 1, "hotel_value": ["4.6"], "hotel_price": ["670"]}, "24609830": {"hotel_name": "\u4e09\u4e9a\u6d77\u68e0\u6e7e\u5c0f\u68e0\u522b\u9662\u827a\u672f\u6c11\u5bbf", "order_time": ["2019-01-22 11:43:07"], "total_order": 1, "hotel_value": ["4.8"], "hotel_price": ["401"]}, "3385222": {"hotel_name": "\u4e09\u4e9a\u6d77\u60a6\u4e1c\u65b9\u9152\u5e97", "order_time": ["2019-01-22 11:43:07"], "total_order": 1, "hotel_value": ["4.3"], "hotel_price": ["114"]}, "1701113": {"hotel_name": "\u9526\u6c5f\u90fd\u57ce(\u4e09\u4e9a\u6e7e\u5e97)", "order_time": ["2019-01-22 11:43:07"], "total_order": 1, "hotel_value": ["4.9"], "hotel_price": ["299"]}, "25779316": {"hotel_name": "\u4e09\u4e9a\u8fc8\u5178\u6d77\u666f\u5ea6\u5047\u516c\u5bd3", "order_time": ["2019-01-22 11:43:07"], "total_order": 1, "hotel_value": ["4.9"], "hotel_price": ["410"]}, "345076": {"hotel_name": "\u4e09\u4e9a\u4e9a\u9f99\u6e7e\u7231\u7434\u6d77\u5168\u5957\u623f\u7cbe\u54c1\u5ea6\u5047\u9152\u5e97", "order_time": ["2019-01-22 11:43:07"], "total_order": 1, "hotel_value": ["4.5"], "hotel_price": ["696"]}, "1444927": {"hotel_name": "\u4e09\u4e9a\u5341\u6b65\u6d77\u5cb8\u9752\u5e74\u65c5\u820d", "order_time": ["2019-01-22 11:43:07"], "total_order": 1, "hotel_value": ["4.3"], "hotel_price": ["59"]}, "5423919": {"hotel_name": "\u4e09\u4e9a\u6d77\u6615\u5c1a\u666f\u4e3b\u9898\u9152\u5e97", "order_time": ["2019-01-22 11:43:07"], "total_order": 1, "hotel_value": ["3.5"], "hotel_price": ["74"]}, "10836607": {"hotel_name": "\u4e09\u4e9a\u5ba2\u6021\u5c45\u65c5\u79df(\u539f\u5bb6\u4e4b\u5bb6\u5bbe\u9986)", "order_time": ["2019-01-22 11:43:07"], "total_order": 1, "hotel_value": ["4.8"], "hotel_price": ["95"]}, "10919963": {"hotel_name": "\u4e09\u4e9a\u5149\u5f71\u5e74\u8f6e\u7cbe\u54c1\u5ba2\u6808", "order_time": ["2019-01-22 11:43:07"], "total_order": 1, "hotel_value": ["4.8"], "hotel_price": ["134"]}, "28710421": {"hotel_name": "\u4e09\u4e9a\u8fce\u5bbf\u4e3b\u9898\u9152\u5e97", "order_time": ["2019-01-22 11:43:07"], "total_order": 1, "hotel_value": ["4.9"], "hotel_price": ["93"]}, "6396157": {"hotel_name": "\u4e09\u4e9a\u6668\u5915\u5c0f\u820d\u7cbe\u54c1\u5ba2\u6808\u673a\u573a\u522b\u5885\u5e97", "order_time": ["2019-01-22 11:43:08"], "total_order": 1, "hotel_value": ["4.7"], "hotel_price": ["159"]}, "6864962": {"hotel_name": "\u4e09\u4e9a\u5609\u5bb6\u6930\u6797\u6d0b\u623f\u5ea6\u5047\u516c\u5bd3", "order_time": ["2019-01-22 11:43:08"], "total_order": 1, "hotel_value": ["4.8"], "hotel_price": ["217"]}, "25768431": {"hotel_name": "\u4e09\u4e9a\u9526\u5174\u56ed\u65c5\u79df", "order_time": ["2019-01-22 11:43:08"], "total_order": 1, "hotel_value": [0], "hotel_price": ["170"]}, "24056976": {"hotel_name": "\u4e09\u4e9a\u4f10\u6728\u7d2f\u4e3b\u9898\u65c5\u79df", "order_time": ["2019-01-22 11:43:08"], "total_order": 1, "hotel_value": ["4.9"], "hotel_price": ["225"]}, "1739015": {"hotel_name": "\u4e09\u4e9a\u9f99\u5174\u83b1\u66fc\u6d77\u666f\u5ea6\u5047\u9152\u5e97", "order_time": ["2019-01-22 11:43:08"], "total_order": 1, "hotel_value": ["4.4"], "hotel_price": ["309"]}}}