{"\u5f00\u59cb\u8bb0\u5f55\u65f6\u95f4": "2019-01-09 21:00:01", "\u7ed3\u675f\u8bb0\u5f55\u65f6\u95f4": "2019-01-09 22:00:01", "\u8ba2\u5355\u603b\u589e\u91cf": 366, "item": {"1185042": {"hotel_name": "\u4e09\u4e9a\u6e7e\u7ea2\u6811\u6797\u5ea6\u5047\u4e16\u754c(\u83e9\u63d0\u9152\u5e97)", "order_time": ["2019-01-09 21:00:46"], "total_order": 1, "hotel_value": ["4.7"], "hotel_price": ["548"]}, "14999032": {"hotel_name": "\u4e09\u4e9a\u4e9a\u9f99\u6e7e\u6d6e\u751f\u82e5\u5bbf\u8bbe\u8ba1\u6c11\u5bbf", "order_time": ["2019-01-09 21:28:18", "2019-01-09 21:02:17"], "total_order": 2, "hotel_value": ["4.9", "4.9"], "hotel_price": ["394", "394"]}, "1739015": {"hotel_name": "\u4e09\u4e9a\u9f99\u5174\u83b1\u66fc\u6d77\u666f\u5ea6\u5047\u9152\u5e97", "order_time": ["2019-01-09 21:34:24", "2019-01-09 21:02:17", "2019-01-09 21:08:20"], "total_order": 3, "hotel_value": ["4.4", "4.4", "4.4"], "hotel_price": ["388", "388", "388"]}, "6446036": {"hotel_name": "\u4e09\u4e9a\u51e4\u51f0\u673a\u573a\u9152\u5e97", "order_time": ["2019-01-09 21:02:17"], "total_order": 1, "hotel_value": ["4.5"], "hotel_price": ["410"]}, "843599": {"hotel_name": "\u4e09\u4e9a\u56db\u5b63\u6d77\u5ead\u9152\u5e97", "order_time": ["2019-01-09 21:06:17", "2019-01-09 21:02:17"], "total_order": 2, "hotel_value": ["4.6", "4.6"], "hotel_price": ["294", "294"]}, "17325404": {"hotel_name": "\u4e09\u4e9a\u6d1b\u514b\u94c2\u91d1\u6d77\u666f\u9152\u5e97", "order_time": ["2019-01-09 21:02:18"], "total_order": 1, "hotel_value": ["4.4"], "hotel_price": ["439"]}, "8577314": {"hotel_name": "\u4e09\u4e9a\u7f8e\u4e3d\u4e4b\u51a0\u5e78\u798f\u6811\u5ea6\u5047\u9152\u5e97", "order_time": ["2019-01-09 21:02:19", "2019-01-09 21:56:26"], "total_order": 2, "hotel_value": ["4.0", "4.0"], "hotel_price": ["200", "200"]}, "9626476": {"hotel_name": "\u4e09\u4e9a\u67ab\u6797\u665a\u667a\u6167\u4e3b\u9898\u9152\u5e97\u51e4\u51f0\u673a\u573a\u5e97", "order_time": ["2019-01-09 21:02:19", "2019-01-09 21:56:26"], "total_order": 2, "hotel_value": ["4.8", "4.8"], "hotel_price": ["210", "210"]}, "18075076": {"hotel_name": "\u4e09\u4e9a\u827e\u8a00\u9152\u5e97", "order_time": ["2019-01-09 21:02:23", "2019-01-09 21:58:33", "2019-01-09 21:46:18"], "total_order": 3, "hotel_value": ["4.8", "4.8", "4.8"], "hotel_price": ["292", "292", "292"]}, "396523": {"hotel_name": "\u4e09\u4e9a\u4e9a\u9f99\u6e7e\u5929\u9e3f\u5ea6\u5047\u6751", "order_time": ["2019-01-09 21:02:23"], "total_order": 1, "hotel_value": ["4.7"], "hotel_price": ["629"]}, "20617615": {"hotel_name": "\u5982\u4f73\u5feb\u6377\u5bbe\u9986(\u4e09\u4e9a\u6d77\u68e0\u6e7e\u5e97)", "order_time": ["2019-01-09 21:02:24"], "total_order": 1, "hotel_value": ["4.9"], "hotel_price": ["107"]}, "4374867": {"hotel_name": "\u4e09\u4e9a\u53cc\u5927\u56fd\u9645\u9152\u5e97", "order_time": ["2019-01-09 21:10:19", "2019-01-09 21:02:33"], "total_order": 2, "hotel_value": ["4.5", "4.5"], "hotel_price": ["452", "452"]}, "6327433": {"hotel_name": "\u4e09\u4e9a\u9999\u6c34\u6e7e\u8363\u9038\u6e29\u60c5\u9152\u5e97", "order_time": ["2019-01-09 21:02:33"], "total_order": 1, "hotel_value": ["4.7"], "hotel_price": ["356"]}, "8530756": {"hotel_name": "\u5927\u6811\u6811\u5b9d\u9152\u5e97\u516c\u5bd3(\u4e09\u4e9a\u7f8e\u4e3d\u4e4b\u51a0\u5e97)", "order_time": ["2019-01-09 21:04:18"], "total_order": 1, "hotel_value": ["4.7"], "hotel_price": ["179"]}, "1017179": {"hotel_name": "\u4e09\u4e9a\u5361\u7eb3\u6d77\u5cb8\u827a\u672f\u5ba2\u6808", "order_time": ["2019-01-09 21:04:18", "2019-01-09 21:14:25"], "total_order": 2, "hotel_value": ["4.9", "4.9"], "hotel_price": ["173", "164"]}, "346676": {"hotel_name": "\u4e09\u4e9a\u56fd\u5149\u8c6a\u751f\u5ea6\u5047\u9152\u5e97", "order_time": ["2019-01-09 21:04:19", "2019-01-09 21:48:26", "2019-01-09 21:06:19", "2019-01-09 21:42:20"], "total_order": 4, "hotel_value": ["4.5", "4.5", "4.5", "4.6"], "hotel_price": ["569", "569", "569", "569"]}, "374842": {"hotel_name": "\u4e09\u4e9a\u6e7e\u6d77\u5c45\u94c2\u5c14\u66fc\u5ea6\u5047\u9152\u5e97", "order_time": ["2019-01-09 21:04:19", "2019-01-09 21:44:19"], "total_order": 2, "hotel_value": ["4.7", "4.7"], "hotel_price": ["840", "840"]}, "426360": {"hotel_name": "\u4e09\u4e9a\u67cf\u745e\u7cbe\u54c1\u6d77\u666f\u9152\u5e97", "order_time": ["2019-01-09 21:04:19"], "total_order": 1, "hotel_value": ["4.6"], "hotel_price": ["280"]}, "808618": {"hotel_name": "7\u5929\u8fde\u9501\u9152\u5e97(\u4e09\u4e9a\u4e09\u4e9a\u6e7e\u6d77\u666f\u5e97)", "order_time": ["2019-01-09 21:38:22", "2019-01-09 21:08:27", "2019-01-09 21:04:20", "2019-01-09 21:54:47", "2019-01-09 21:34:22"], "total_order": 5, "hotel_value": ["4.2", "4.2", "4.2", "4.2", "4.2"], "hotel_price": ["135", "135", "135", "135", "138"]}, "25219265": {"hotel_name": "\u4e09\u4e9a\u7f18\u6765\u58f9\u5bb6\u5ba2\u6808", "order_time": ["2019-01-09 21:04:21"], "total_order": 1, "hotel_value": ["4.8"], "hotel_price": ["187"]}, "3385222": {"hotel_name": "\u4e09\u4e9a\u6d77\u60a6\u4e1c\u65b9\u9152\u5e97", "order_time": ["2019-01-09 21:04:22", "2019-01-09 21:22:23"], "total_order": 2, "hotel_value": ["4.4", "4.4"], "hotel_price": ["105", "105"]}, "7660007": {"hotel_name": "\u4e09\u4e9a\u767e\u9999\u679c\u7279\u8272\u4e3b\u9898\u5ba2\u6808", "order_time": ["2019-01-09 21:04:22"], "total_order": 1, "hotel_value": ["4.7"], "hotel_price": ["166"]}, "9638235": {"hotel_name": "\u84dd\u68a6\u6811\u4e4b\u604b\u5ea6\u5047\u9152\u5e97(\u4e09\u4e9a\u7f8e\u4e3d\u4e4b\u51a0\u5e97)", "order_time": ["2019-01-09 21:04:22"], "total_order": 1, "hotel_value": ["4.6"], "hotel_price": ["183"]}, "6476957": {"hotel_name": "\u4e09\u4e9a\u5174\u5b89\u957f\u5cf0\u5927\u9152\u5e97", "order_time": ["2019-01-09 21:04:26"], "total_order": 1, "hotel_value": ["4.5"], "hotel_price": ["288"]}, "346735": {"hotel_name": "\u4e09\u4e9a\u5357\u7530\u6e29\u6cc9\u597d\u6c49\u5761\u56fd\u9645\u5ea6\u5047\u9152\u5e97", "order_time": ["2019-01-09 21:04:31", "2019-01-09 21:06:21"], "total_order": 2, "hotel_value": ["4.3", "4.3"], "hotel_price": ["346", "346"]}, "5902128": {"hotel_name": "\u9685\u82b1\u539f\u5c71\u95f4\u8bbe\u8ba1\u9152\u5e97(\u4e09\u4e9a\u51e4\u51f0\u673a\u573a\u5e97)", "order_time": ["2019-01-09 21:04:32"], "total_order": 1, "hotel_value": ["4.7"], "hotel_price": ["288"]}, "16897771": {"hotel_name": "\u4e09\u4e9a\u6d77\u68e0\u6e7e\u9e93\u6e56\u5ea6\u5047\u9152\u5e97", "order_time": ["2019-01-09 21:48:22", "2019-01-09 21:06:17", "2019-01-09 21:34:19"], "total_order": 3, "hotel_value": ["4.7", "4.7", "4.7"], "hotel_price": ["529", "529", "529"]}, "346664": {"hotel_name": "\u4e09\u4e9a\u541b\u7136\u6e29\u6cc9\u5ea6\u5047\u9152\u5e97", "order_time": ["2019-01-09 21:56:17", "2019-01-09 21:06:18", "2019-01-09 21:40:21"], "total_order": 3, "hotel_value": ["4.5", "4.5", "4.5"], "hotel_price": ["240", "240", "240"]}, "346711": {"hotel_name": "\u4e09\u4e9a\u541b\u9526\u6ee8\u6d77\u9152\u5e97", "order_time": ["2019-01-09 21:16:17", "2019-01-09 21:06:18", "2019-01-09 21:10:38", "2019-01-09 21:58:19"], "total_order": 4, "hotel_value": ["4.5", "4.5", "4.5", "4.5"], "hotel_price": ["266", "266", "266", "266"]}, "427277": {"hotel_name": "\u4e09\u4e9a\u4e2d\u5fc3\u7687\u51a0\u5047\u65e5\u9152\u5e97", "order_time": ["2019-01-09 21:06:19", "2019-01-09 21:58:18", "2019-01-09 21:44:19"], "total_order": 3, "hotel_value": ["4.7", "4.7", "4.7"], "hotel_price": ["684", "684", "684"]}, "9351184": {"hotel_name": "\u4e09\u4e9a\u82b1\u5c7f\u6d77\u7cbe\u54c1\u9152\u5e97", "order_time": ["2019-01-09 21:06:19"], "total_order": 1, "hotel_value": ["4.3"], "hotel_price": ["161"]}, "420069": {"hotel_name": "\u4e09\u4e9a\u4e2d\u4e9a\u56fd\u9645\u5927\u9152\u5e97", "order_time": ["2019-01-09 21:50:22", "2019-01-09 21:30:23", "2019-01-09 21:06:20"], "total_order": 3, "hotel_value": ["4.5", "4.5", "4.5"], "hotel_price": ["390", "390", "390"]}, "986446": {"hotel_name": "\u4e09\u4e9a\u4e9a\u9f99\u6e7e\u5c71\u6e56\u6d77\u522b\u5885\u5ea6\u5047\u9152\u5e97", "order_time": ["2019-01-09 21:12:19", "2019-01-09 21:06:20"], "total_order": 2, "hotel_value": ["4.2", "4.2"], "hotel_price": ["293", "293"]}, "15280412": {"hotel_name": "\u4e09\u4e9a\u54c1\u5c1a\u827a\u672f\u4e3b\u9898\u5ba2\u6808", "order_time": ["2019-01-09 21:06:21"], "total_order": 1, "hotel_value": ["4.8"], "hotel_price": ["221"]}, "12104544": {"hotel_name": "\u60a6\u746d\u00b7\u4e09\u4e9a\u6d77\u7cbe\u9009\u9152\u5e97", "order_time": ["2019-01-09 21:06:22"], "total_order": 1, "hotel_value": ["4.8"], "hotel_price": ["250"]}, "346719": {"hotel_name": "\u4e09\u4e9a\u534a\u5c71\u534a\u5c9b\u5e06\u8239\u6e2f\u9152\u5e97", "order_time": ["2019-01-09 21:32:18", "2019-01-09 21:06:24"], "total_order": 2, "hotel_value": ["4.7", "4.7"], "hotel_price": ["507", "507"]}, "8923782": {"hotel_name": "\u4e09\u4e9a\u6d6a\u91cc\u6d6a\u5ba2\u6808", "order_time": ["2019-01-09 21:06:28"], "total_order": 1, "hotel_value": ["4.5"], "hotel_price": ["123"]}, "4038025": {"hotel_name": "\u4e09\u4e9a\u9ece\u5cd2\u90e8\u843d\u84dd\u96c5\u5c45\u6c11\u5bbf", "order_time": ["2019-01-09 21:06:29"], "total_order": 1, "hotel_value": [0], "hotel_price": ["148"]}, "18425048": {"hotel_name": "\u4e09\u4e9a\u4e9a\u9f99\u6e7e\u4e1b\u6797\u5c0f\u7b51\u65c5\u79df", "order_time": ["2019-01-09 21:06:29"], "total_order": 1, "hotel_value": ["4.9"], "hotel_price": ["168"]}, "6402325": {"hotel_name": "\u4e09\u4e9a\u7b49\u82b1\u513f\u5f00\u827a\u672f\u6c11\u5bbf", "order_time": ["2019-01-09 21:06:31", "2019-01-09 21:28:17"], "total_order": 2, "hotel_value": ["4.7", "4.7"], "hotel_price": ["126", "126"]}, "2147975": {"hotel_name": "\u4e09\u4e9a\u80cc\u5305\u5ba2\u56fd\u9645\u9752\u5e74\u65c5\u820d(\u539f\u9633\u5149\u56fd\u9645\u9752\u5e74\u65c5\u820d)", "order_time": ["2019-01-09 21:06:52"], "total_order": 1, "hotel_value": ["4.6"], "hotel_price": ["46"]}, "457505": {"hotel_name": "\u4e09\u4e9a\u534e\u5ead\u5546\u52a1\u9152\u5e97", "order_time": ["2019-01-09 21:08:19", "2019-01-09 21:30:25"], "total_order": 2, "hotel_value": ["3.9", "3.9"], "hotel_price": ["232", "232"]}, "346775": {"hotel_name": "\u4e09\u4e9a\u4e9a\u9f99\u6e7e\u73af\u7403\u57ce\u5927\u9152\u5e97", "order_time": ["2019-01-09 21:36:22", "2019-01-09 21:28:18", "2019-01-09 21:08:20"], "total_order": 3, "hotel_value": ["4.2", "4.2", "4.2"], "hotel_price": ["542", "542", "542"]}, "879580": {"hotel_name": "\u9526\u6c5f\u4e4b\u661f(\u4e09\u4e9a\u56fd\u9645\u8d2d\u7269\u4e2d\u5fc3\u6d77\u666f\u5e97)", "order_time": ["2019-01-09 21:28:18", "2019-01-09 21:08:20"], "total_order": 2, "hotel_value": ["4.5", "4.5"], "hotel_price": ["179", "179"]}, "6684663": {"hotel_name": "\u4e09\u4e9a\u6d77\u68e0\u6e7e\u67cf\u4e3d\u5ea6\u5047\u9152\u5e97", "order_time": ["2019-01-09 21:08:22"], "total_order": 1, "hotel_value": ["4.3"], "hotel_price": ["242"]}, "15717524": {"hotel_name": "\u8d30\u53f7\u8bbe\u8ba1\u9152\u5e97(\u4e09\u4e9a\u51e4\u51f0\u673a\u573a\u5e97)", "order_time": ["2019-01-09 21:08:22"], "total_order": 1, "hotel_value": ["4.6"], "hotel_price": ["218"]}, "4371952": {"hotel_name": "\u4e09\u4e9a\u534e\u5b87\u4e9a\u9f99\u6e7e\u8fce\u5bbe\u9986", "order_time": ["2019-01-09 21:16:20", "2019-01-09 21:28:27", "2019-01-09 21:08:23"], "total_order": 3, "hotel_value": ["4.7", "4.7", "4.7"], "hotel_price": ["899", "899", "899"]}, "429615": {"hotel_name": "\u4e09\u4e9a\u4e9a\u9f99\u6e7e\u541b\u6f9c\u5ea6\u5047\u9152\u5e97(\u539f\u5047\u65e5\u5ea6\u5047\u9152\u5e97)", "order_time": ["2019-01-09 21:08:23", "2019-01-09 21:26:35"], "total_order": 2, "hotel_value": ["4.5", "4.5"], "hotel_price": ["636", "636"]}, "1419670": {"hotel_name": "\u84dd\u5929\u56fd\u9645\u9752\u5e74\u65c5\u820d(\u4e09\u4e9a\u5927\u4e1c\u6d77\u5e97)", "order_time": ["2019-01-09 21:08:23"], "total_order": 1, "hotel_value": ["4.7"], "hotel_price": ["49"]}, "6043700": {"hotel_name": "\u4e09\u4e9a\u67ab\u6797\u665a\u4e3b\u9898\u9152\u5e97", "order_time": ["2019-01-09 21:08:24"], "total_order": 1, "hotel_value": ["4.7"], "hotel_price": ["145"]}, "17140010": {"hotel_name": "\u4e09\u4e9a\u60a6\u670b\u00b7\u6d77\u534a\u95f4\u4eba\u6587\u8bbe\u8ba1\u6d77\u666f\u9152\u5e97", "order_time": ["2019-01-09 21:08:25", "2019-01-09 21:54:17"], "total_order": 2, "hotel_value": ["4.8", "4.8"], "hotel_price": ["253", "253"]}, "386919": {"hotel_name": "\u4e09\u4e9a\u4e07\u5609\u5ea6\u5047\u9152\u5e97(\u539f\u4e07\u5609\u6234\u65af\u5ea6\u5047\u9152\u5e97)", "order_time": ["2019-01-09 21:08:27", "2019-01-09 21:10:21"], "total_order": 2, "hotel_value": ["4.4", "4.4"], "hotel_price": ["358", "358"]}, "1253111": {"hotel_name": "\u6d77\u8fb9\u5ea6\u5047\u5c4b(\u4e09\u4e9a\u5927\u4e1c\u6d77\u5e97)", "order_time": ["2019-01-09 21:08:30"], "total_order": 1, "hotel_value": ["4.8"], "hotel_price": ["129"]}, "3041884": {"hotel_name": "\u4e09\u4e9a\u4e3d\u79be\u6e29\u5fb7\u59c6\u9152\u5e97", "order_time": ["2019-01-09 21:10:18"], "total_order": 1, "hotel_value": ["4.8"], "hotel_price": ["730"]}, "6007926": {"hotel_name": "\u4e09\u4e9a\u827e\u8fea\u900a\u9152\u5e97", "order_time": ["2019-01-09 21:12:18", "2019-01-09 21:10:18"], "total_order": 2, "hotel_value": ["4.7", "4.7"], "hotel_price": ["1948", "1948"]}, "347462": {"hotel_name": "\u4e09\u4e9a\u6d77\u68e0\u6e7e9\u53f7\u5ea6\u5047\u9152\u5e97", "order_time": ["2019-01-09 21:16:25", "2019-01-09 21:30:18", "2019-01-09 21:10:18"], "total_order": 3, "hotel_value": ["4.7", "4.7", "4.7"], "hotel_price": ["667", "667", "667"]}, "25798965": {"hotel_name": "\u4e09\u4e9a\u6781\u4e4b\u5c4b\u522b\u5885", "order_time": ["2019-01-09 21:10:20"], "total_order": 1, "hotel_value": ["4.9"], "hotel_price": ["60"]}, "918535": {"hotel_name": "\u4e45\u6816\u00b7\u4e09\u4e9a\u67ab\u4f20\u8bf4\u6d77\u666f\u5ea6\u5047\u516c\u5bd3", "order_time": ["2019-01-09 21:10:21"], "total_order": 1, "hotel_value": ["4.9"], "hotel_price": ["238"]}, "21765890": {"hotel_name": "\u4e09\u4e9a\u5361\u838e\u4e3b\u9898\u9152\u5e97", "order_time": ["2019-01-09 21:10:22", "2019-01-09 21:20:18", "2019-01-09 21:56:22"], "total_order": 3, "hotel_value": ["4.6", "4.6", "4.6"], "hotel_price": ["115", "115", "115"]}, "643641": {"hotel_name": "\u4e09\u4e9a\u51e4\u51f0\u673a\u573a\u6d77\u822a\u5feb\u6377\u9152\u5e97", "order_time": ["2019-01-09 21:10:22"], "total_order": 1, "hotel_value": ["4.1"], "hotel_price": ["207"]}, "25768287": {"hotel_name": "\u4e09\u4e9a\u5357\u590f\u51ef\u83b1\u60a6\u4eab\u9152\u5e97", "order_time": ["2019-01-09 21:20:22", "2019-01-09 21:50:20", "2019-01-09 21:10:23"], "total_order": 3, "hotel_value": ["4.8", "4.8", "4.8"], "hotel_price": ["308", "308", "308"]}, "4545915": {"hotel_name": "\u4e09\u4e9a\u4e9a\u9f99\u6e7e\u534e\u5b87\u767e\u82b1\u8c37\u9152\u5e97(\u539f\u4e09\u4e9a\u4e9a\u9f99\u6e7e\u534e\u5b87\u5ea6\u5047\u9152\u5e97\u522b\u5885\u533a)", "order_time": ["2019-01-09 21:10:23"], "total_order": 1, "hotel_value": ["4.6"], "hotel_price": ["682"]}, "827128": {"hotel_name": "\u4e09\u4e9a\u5df4\u54c8\u9a6c\u5ea6\u5047\u9152\u5e97", "order_time": ["2019-01-09 21:10:24"], "total_order": 1, "hotel_value": ["4.1"], "hotel_price": ["316"]}, "10898472": {"hotel_name": "\u4e09\u4e9a\u9605\u5fb7\u6069\u5ba2\u6808", "order_time": ["2019-01-09 21:10:26"], "total_order": 1, "hotel_value": ["4.9"], "hotel_price": ["153"]}, "2785414": {"hotel_name": "\u5168\u5b63\u9152\u5e97(\u4e09\u4e9a\u5927\u4e1c\u6d77\u5e97)", "order_time": ["2019-01-09 21:10:27"], "total_order": 1, "hotel_value": ["4.5"], "hotel_price": ["280"]}, "21696606": {"hotel_name": "\u989c\u820d\u6d77\u666f\u522b\u5885\u9152\u5e97(\u4e09\u4e9a\u5927\u4e1c\u6d77\u5e97)", "order_time": ["2019-01-09 21:10:30"], "total_order": 1, "hotel_value": ["4.9"], "hotel_price": ["310"]}, "1385802": {"hotel_name": "\u4e09\u4e9a\u8f69\u5ca9\u65c5\u79df(\u539f\u4f0a\u76db\u5546\u52a1\u9152\u5e97)", "order_time": ["2019-01-09 21:10:31"], "total_order": 1, "hotel_value": ["4.2"], "hotel_price": ["141"]}, "345069": {"hotel_name": "\u4e09\u4e9a\u6d77\u68e0\u6e7e\u4e07\u8fbe\u5e0c\u5c14\u987f\u9038\u6797\u5ea6\u5047\u9152\u5e97", "order_time": ["2019-01-09 21:12:19"], "total_order": 1, "hotel_value": ["4.5"], "hotel_price": ["760"]}, "3735187": {"hotel_name": "\u4e09\u4e9a\u7406\u6587\u7d22\u83f2\u7279\u5ea6\u5047\u9152\u5e97", "order_time": ["2019-01-09 21:12:19"], "total_order": 1, "hotel_value": ["4.6"], "hotel_price": ["1165"]}, "1361281": {"hotel_name": "\u4e09\u4e9a\u6e7e\u7ea2\u6811\u6797\u5ea6\u5047\u4e16\u754c(\u6930\u6797\u9152\u5e97)", "order_time": ["2019-01-09 21:12:19"], "total_order": 1, "hotel_value": ["4.7"], "hotel_price": ["542"]}, "6635244": {"hotel_name": "\u4e09\u4e9a\u6893\u8def\u5ba2\u6808", "order_time": ["2019-01-09 21:12:20"], "total_order": 1, "hotel_value": ["4.7"], "hotel_price": ["135"]}, "4090289": {"hotel_name": "\u4e09\u4e9a\u98ce\u8046\u6d77\u827a\u672f\u5ba2\u6808", "order_time": ["2019-01-09 21:12:22"], "total_order": 1, "hotel_value": ["4.8"], "hotel_price": ["111"]}, "1282995": {"hotel_name": "\u4e09\u4e9a\u6e7e\u8f6c\u89d2\u9047\u89c1\u6d77\u7cbe\u54c1\u5ba2\u6808", "order_time": ["2019-01-09 21:56:21", "2019-01-09 21:12:23"], "total_order": 2, "hotel_value": ["4.6", "4.6"], "hotel_price": ["123", "123"]}, "1055585": {"hotel_name": "\u9e97\u67ab\u9152\u5e97(\u4e09\u4e9a\u6e7e\u5409\u7965\u8857\u5e97)", "order_time": ["2019-01-09 21:12:27"], "total_order": 1, "hotel_value": ["4.7"], "hotel_price": ["227"]}, "436677": {"hotel_name": "\u4e09\u4e9a\u4e3d\u666f\u6d77\u6e7e\u9152\u5e97", "order_time": ["2019-01-09 21:12:38"], "total_order": 1, "hotel_value": ["4.6"], "hotel_price": ["315"]}, "6056059": {"hotel_name": "\u6d77\u5357\u6e05\u6c34\u6e7e\u6e29\u5fb7\u59c6\u5ea6\u5047\u9152\u5e97", "order_time": ["2019-01-09 21:12:38", "2019-01-09 21:42:20"], "total_order": 2, "hotel_value": ["4.6", "4.6"], "hotel_price": ["516", "516"]}, "14996879": {"hotel_name": "\u4e09\u4e9a\u6d77\u68e0\u6e7e\u4ec1\u6052\u7687\u51a0\u5047\u65e5\u5ea6\u5047\u9152\u5e97", "order_time": ["2019-01-09 21:12:51", "2019-01-09 21:30:49"], "total_order": 2, "hotel_value": ["4.8", "4.8"], "hotel_price": ["1680", "1680"]}, "6867681": {"hotel_name": "\u4e09\u4e9a\u590f\u672b\u82b1\u5f00\u5c71\u95f4\u5c0f\u7b51", "order_time": ["2019-01-09 21:12:51", "2019-01-09 21:18:45"], "total_order": 2, "hotel_value": ["4.8", "4.8"], "hotel_price": ["156", "156"]}, "371722": {"hotel_name": "\u4e09\u4e9a\u4e9a\u9f99\u6e7e\u91d1\u68d5\u6988\u5ea6\u5047\u9152\u5e97", "order_time": ["2019-01-09 21:14:17", "2019-01-09 21:20:18"], "total_order": 2, "hotel_value": ["4.6", "4.6"], "hotel_price": ["442", "450"]}, "13692378": {"hotel_name": "\u4e09\u4e9a\u98ce\u7434\u6e7e\u6d77\u666f\u516c\u5bd3", "order_time": ["2019-01-09 21:14:19"], "total_order": 1, "hotel_value": ["4.9"], "hotel_price": ["188"]}, "1718734": {"hotel_name": "\u4e09\u4e9a\u9633\u5149\u6d77\u666f\u516c\u5bd3\u9152\u5e97(\u5168\u6d77\u666f\u5957\u623f)", "order_time": ["2019-01-09 21:14:20"], "total_order": 1, "hotel_value": ["4.6"], "hotel_price": ["166"]}, "24051573": {"hotel_name": "\u4e09\u4e9a\u6d77\u7720\u827a\u5bbf\u8bbe\u8ba1\u6c11\u5bbf", "order_time": ["2019-01-09 21:14:22", "2019-01-09 21:56:21", "2019-01-09 21:16:23"], "total_order": 3, "hotel_value": ["4.7", "4.7", "4.7"], "hotel_price": ["247", "247", "247"]}, "17292860": {"hotel_name": "\u4e09\u4e9a\u6d77\u68e0\u6e7e\u6155\u820d\u96ea\u83b1\u6d0b\u623f\u522b\u5885", "order_time": ["2019-01-09 21:14:22"], "total_order": 1, "hotel_value": ["4.8"], "hotel_price": ["576"]}, "11830979": {"hotel_name": "\u4e09\u4e9a\u4fdd\u5229\u745c\u749f\u9601\u6d77\u68e0\u6e7e\u5ea6\u5047\u522b\u5885", "order_time": ["2019-01-09 21:14:25"], "total_order": 1, "hotel_value": ["4.6"], "hotel_price": ["482"]}, "345080": {"hotel_name": "\u4e09\u4e9a\u4e9a\u9f99\u6e7e\u559c\u6765\u767b\u5ea6\u5047\u9152\u5e97", "order_time": ["2019-01-09 21:14:28", "2019-01-09 21:26:30", "2019-01-09 21:34:28"], "total_order": 3, "hotel_value": ["4.6", "4.6", "4.6"], "hotel_price": ["1051", "1051", "1051"]}, "6331979": {"hotel_name": "\u4e09\u4e9a\u6d77\u68e0\u6e7e\u7ea2\u6811\u6797\u5ea6\u5047\u9152\u5e97", "order_time": ["2019-01-09 21:14:28"], "total_order": 1, "hotel_value": ["4.6"], "hotel_price": ["1139"]}, "1682691": {"hotel_name": "\u4e09\u4e9a\u4eac\u6d77\u56fd\u9645\u5047\u65e5\u9152\u5e97", "order_time": ["2019-01-09 21:48:55", "2019-01-09 21:26:56", "2019-01-09 21:28:49", "2019-01-09 21:14:56"], "total_order": 4, "hotel_value": ["4.6", "4.6", "4.6", "4.6"], "hotel_price": ["673", "673", "673", "673"]}, "386917": {"hotel_name": "\u4e09\u4e9a\u6d77\u97f5\u5ea6\u5047\u9152\u5e97", "order_time": ["2019-01-09 21:26:56", "2019-01-09 21:28:47", "2019-01-09 21:28:16", "2019-01-09 21:14:56"], "total_order": 4, "hotel_value": ["4.7", "4.7", "4.7", "4.7"], "hotel_price": ["748", "748", "748", "748"]}, "346686": {"hotel_name": "\u4e09\u4e9a\u739b\u745e\u7eb3\u9152\u5e97", "order_time": ["2019-01-09 21:16:16"], "total_order": 1, "hotel_value": ["4.6"], "hotel_price": ["571"]}, "440685": {"hotel_name": "\u4e09\u4e9a\u7389\u6d77\u56fd\u9645\u5ea6\u5047\u9152\u5e97", "order_time": ["2019-01-09 21:16:17"], "total_order": 1, "hotel_value": ["4.5"], "hotel_price": ["230"]}, "427279": {"hotel_name": "\u4e09\u4e9a\u5357\u5c71\u8fce\u5bbe\u9986", "order_time": ["2019-01-09 21:22:30", "2019-01-09 21:52:25", "2019-01-09 21:16:17", "2019-01-09 21:28:25", "2019-01-09 21:56:25"], "total_order": 5, "hotel_value": ["4.6", "4.6", "4.6", "4.6", "4.6"], "hotel_price": ["586", "586", "586", "586", "586"]}, "1964967": {"hotel_name": "\u4f73\u6377\u8fde\u9501\u9152\u5e97(\u4e09\u4e9a\u51e4\u51f0\u5c9b\u5e97)", "order_time": ["2019-01-09 21:50:26", "2019-01-09 21:16:18"], "total_order": 2, "hotel_value": ["4.3", "4.3"], "hotel_price": ["140", "140"]}, "473665": {"hotel_name": "\u9526\u6c5f\u4e4b\u661f\u54c1\u5c1a(\u4e09\u4e9a\u6e7e\u91d1\u9e21\u5cad\u5e97)", "order_time": ["2019-01-09 21:16:19"], "total_order": 1, "hotel_value": ["4.4"], "hotel_price": ["199"]}, "470083": {"hotel_name": "\u6d77\u5357\u96c5\u5c45\u4e50\u83b1\u4f5b\u58eb\u9152\u5e97", "order_time": ["2019-01-09 21:16:25"], "total_order": 1, "hotel_value": ["4.8"], "hotel_price": ["1268"]}, "1710855": {"hotel_name": "\u4e09\u4e9a\u96c5\u4f73\u516c\u5bd3", "order_time": ["2019-01-09 21:30:33", "2019-01-09 21:16:32", "2019-01-09 21:20:42"], "total_order": 3, "hotel_value": ["3.3", "3.3", "3.3"], "hotel_price": ["83", "83", "83"]}, "372133": {"hotel_name": "\u4e09\u4e9a\u73e0\u6c5f\u82b1\u56ed\u9152\u5e97", "order_time": ["2019-01-09 21:16:36"], "total_order": 1, "hotel_value": ["4.4"], "hotel_price": ["393"]}, "431932": {"hotel_name": "\u4e09\u4e9a\u94f6\u97f5\u6d77\u666f\u5ea6\u5047\u9152\u5e97", "order_time": ["2019-01-09 21:18:21"], "total_order": 1, "hotel_value": ["4.7"], "hotel_price": ["290"]}, "18554984": {"hotel_name": "\u4e09\u4e9a\u98d8\u827a\u672f\u5ba2\u6808(\u51e4\u51f0\u673a\u573a\u5e97)", "order_time": ["2019-01-09 21:18:21"], "total_order": 1, "hotel_value": ["4.8"], "hotel_price": ["185"]}, "4388404": {"hotel_name": "\u4e09\u4e9a\u7f8e\u4e3d\u4e4b\u51a0\u5927\u6811\u9152\u5e97", "order_time": ["2019-01-09 21:30:22", "2019-01-09 21:24:22", "2019-01-09 21:18:24"], "total_order": 3, "hotel_value": ["4.3", "4.3", "4.3"], "hotel_price": ["252", "252", "252"]}, "4033951": {"hotel_name": "\u4e09\u4e9a\u51e4\u51f0\u5c9b\u6d77\u6d0b\u4e4b\u68a6\u5ea6\u5047\u9152\u5e97", "order_time": ["2019-01-09 21:28:21", "2019-01-09 21:24:22", "2019-01-09 21:18:24"], "total_order": 3, "hotel_value": ["4.7", "4.7", "4.7"], "hotel_price": ["1258", "1258", "1258"]}, "2652155": {"hotel_name": "\u4e09\u4e9a\u4e9a\u9f99\u6e7e\u590f\u81f3\u672a\u81f3\u5ba2\u6808", "order_time": ["2019-01-09 21:18:44"], "total_order": 1, "hotel_value": ["4.7"], "hotel_price": ["107"]}, "976249": {"hotel_name": "\u54ea\u91cc\u90a3\u91cc\u6d77\u5cb8\u7cbe\u54c1\u5ba2\u6808(\u4e09\u4e9a\u5927\u4e1c\u6d77\u5e97)", "order_time": ["2019-01-09 21:20:18", "2019-01-09 21:24:26"], "total_order": 2, "hotel_value": ["4.8", "4.8"], "hotel_price": ["205", "180"]}, "6106463": {"hotel_name": "\u4e09\u4e9a\u7f8e\u4e9a\u56db\u5b63\u9152\u5e97", "order_time": ["2019-01-09 21:20:18"], "total_order": 1, "hotel_value": ["4.6"], "hotel_price": ["308"]}, "879235": {"hotel_name": "Q\u52a0\u00b7\u4e09\u4e9a\u591a\u4e50\u5c45\u5bb6\u5ead\u6d77\u666f\u516c\u5bd3", "order_time": ["2019-01-09 21:20:20"], "total_order": 1, "hotel_value": ["4.7"], "hotel_price": ["161"]}, "346768": {"hotel_name": "\u4e09\u4e9a\u534a\u5c71\u9526\u6c5f\u6d77\u666f\u5ea6\u5047\u9152\u5e97(\u8d35\u5bbe\u697c)", "order_time": ["2019-01-09 21:20:29"], "total_order": 1, "hotel_value": ["4.6"], "hotel_price": ["586"]}, "3290149": {"hotel_name": "\u4e09\u4e9a\u5b9d\u76db\u7cbe\u54c1\u5927\u9152\u5e97(\u539f\u5b9d\u76db\u6d77\u666f\u5927\u9152\u5e97)", "order_time": ["2019-01-09 21:20:31"], "total_order": 1, "hotel_value": ["4.1"], "hotel_price": ["189"]}, "15249049": {"hotel_name": "\u7f8e\u4e3d\u4e4b\u51a0\u5927\u6811\u7687\u51a0\u5047\u65e5\u9152\u5e97", "order_time": ["2019-01-09 21:26:22", "2019-01-09 21:22:21"], "total_order": 2, "hotel_value": ["4.4", "4.4"], "hotel_price": ["202", "202"]}, "440975": {"hotel_name": "\u4e09\u4e9a\u4e1c\u65b9\u6d77\u666f\u5927\u9152\u5e97", "order_time": ["2019-01-09 21:22:23"], "total_order": 1, "hotel_value": ["4.3"], "hotel_price": ["256"]}, "15226316": {"hotel_name": "TOWO\u4e0a\u54c1\u9152\u5e97(\u4e09\u4e9a\u6e7e\u5e97)", "order_time": ["2019-01-09 21:22:24"], "total_order": 1, "hotel_value": ["4.6"], "hotel_price": ["161"]}, "6126289": {"hotel_name": "\u4e09\u4e9a\u84dd\u6d77\u4e00\u53f7\u6d77\u5cb8\u9152\u5e97", "order_time": ["2019-01-09 21:22:24"], "total_order": 1, "hotel_value": ["4.8"], "hotel_price": ["144"]}, "457450": {"hotel_name": "\u4e09\u4e9a\u534a\u5c71\u534a\u5c9b\u5b89\u7eb3\u5854\u62c9\u5ea6\u5047\u9152\u5e97", "order_time": ["2019-01-09 21:22:29", "2019-01-09 21:44:29"], "total_order": 2, "hotel_value": ["4.5", "4.5"], "hotel_price": ["900", "900"]}, "4410283": {"hotel_name": "\u4e09\u4e9a\u5b50\u60a6\u5eb7\u5e74\u9152\u5e97(\u539f\u4e2d\u94c1\u5b50\u60a6\u5eb7\u5e74\u5546\u52a1\u9152\u5e97)", "order_time": ["2019-01-09 21:22:29"], "total_order": 1, "hotel_value": ["4.6"], "hotel_price": ["373"]}, "346766": {"hotel_name": "\u4e09\u4e9a\u4e9a\u9f99\u6e7e\u51ef\u83b1\u4ed9\u4eba\u638c\u5ea6\u5047\u9152\u5e97", "order_time": ["2019-01-09 21:22:29"], "total_order": 1, "hotel_value": ["4.6"], "hotel_price": ["430"]}, "372203": {"hotel_name": "\u4e09\u4e9a\u6d77\u68e0\u6e7e\u5eb7\u83b1\u5fb7\u9152\u5e97", "order_time": ["2019-01-09 21:22:29"], "total_order": 1, "hotel_value": ["4.6"], "hotel_price": ["1330"]}, "4035288": {"hotel_name": "\u4e09\u4e9a\u9752\u6d77\u5927\u53a6", "order_time": ["2019-01-09 21:24:16"], "total_order": 1, "hotel_value": ["4.4"], "hotel_price": ["388"]}, "660311": {"hotel_name": "\u4e09\u4e9a\u6e7e\u559c\u6765\u767b\u5ea6\u5047\u9152\u5e97", "order_time": ["2019-01-09 21:24:17"], "total_order": 1, "hotel_value": ["4.6"], "hotel_price": ["623"]}, "346691": {"hotel_name": "\u4e09\u4e9a\u9e3f\u6d32\u57c3\u5fb7\u745e\u9152\u5e97", "order_time": ["2019-01-09 21:24:18"], "total_order": 1, "hotel_value": ["4.3"], "hotel_price": ["457"]}, "396500": {"hotel_name": "\u4e09\u4e9a\u6e7e\u4ed9\u5c45\u5e9c\u6d77\u666f\u9152\u5e97", "order_time": ["2019-01-09 21:24:21", "2019-01-09 21:32:21"], "total_order": 2, "hotel_value": ["4.4", "4.4"], "hotel_price": ["344", "344"]}, "895694": {"hotel_name": "7\u5929\u8fde\u9501\u9152\u5e97(\u4e09\u4e9a\u6e7e\u5409\u7965\u8857\u5e97)", "order_time": ["2019-01-09 21:24:21"], "total_order": 1, "hotel_value": ["4.3"], "hotel_price": ["135"]}, "5234726": {"hotel_name": "\u4e09\u4e9a\u4e1c\u6e2f\u6d77\u666f\u4e3b\u9898\u9152\u5e97(\u56fd\u9645\u8d2d\u7269\u4e2d\u5fc3\u5e97)(\u539f\u4e1c\u6e2f\u4e3b\u9898\u9152\u5e97)", "order_time": ["2019-01-09 21:24:22"], "total_order": 1, "hotel_value": ["4.3"], "hotel_price": ["130"]}, "6345626": {"hotel_name": "\u67cf\u680e\u5ea6\u5047\u9152\u5e97(\u4e09\u4e9a\u5343\u53e4\u60c5\u5e97)", "order_time": ["2019-01-09 21:28:19", "2019-01-09 21:24:26"], "total_order": 2, "hotel_value": ["4.5", "4.5"], "hotel_price": ["362", "362"]}, "6343548": {"hotel_name": "\u4e09\u4e9a\u6d77\u8fb9\u7cbe\u54c1\u5ea6\u5047\u516c\u5bd3", "order_time": ["2019-01-09 21:32:21", "2019-01-09 21:24:26"], "total_order": 2, "hotel_value": ["4.9", "4.9"], "hotel_price": ["190", "190"]}, "608364": {"hotel_name": "\u4e09\u4e9a\u65b0\u5174\u6d77\u666f\u5927\u9152\u5e97(\u7b2c\u4e00\u5e02\u573a\u5e97)", "order_time": ["2019-01-09 21:26:21"], "total_order": 1, "hotel_value": ["4.0"], "hotel_price": ["157"]}, "434509": {"hotel_name": "\u4e09\u4e9a\u9526\u6c5f\u5b9d\u5b8f\u5927\u9152\u5e97\u526f\u697c", "order_time": ["2019-01-09 21:26:22"], "total_order": 1, "hotel_value": ["4.5"], "hotel_price": ["310"]}, "4656822": {"hotel_name": "\u4e45\u6816\u00b7\u4e09\u4e9a\u6d77\u84dd\u84dd\u6d77\u666f\u6c11\u5bbf", "order_time": ["2019-01-09 21:26:24", "2019-01-09 21:54:24"], "total_order": 2, "hotel_value": ["4.6", "4.6"], "hotel_price": ["129", "129"]}, "15696546": {"hotel_name": "\u4e09\u4e9a\u4e2d\u5fc3\u51ef\u60a6\u5609\u8f69\u9152\u5e97", "order_time": ["2019-01-09 21:26:31", "2019-01-09 21:28:26"], "total_order": 2, "hotel_value": ["4.5", "4.5"], "hotel_price": ["478", "478"]}, "13720686": {"hotel_name": "\u4e09\u4e9a\u4e9a\u9f99\u6e7e\u604b\u6e7e\u5ba2\u6808", "order_time": ["2019-01-09 21:26:32"], "total_order": 1, "hotel_value": ["4.7"], "hotel_price": ["135"]}, "473314": {"hotel_name": "\u4e09\u4e9a\u4e8c\u6708\u6d77\u6d77\u666f\u9152\u5e97", "order_time": ["2019-01-09 21:26:34", "2019-01-09 21:34:28", "2019-01-09 21:52:20"], "total_order": 3, "hotel_value": ["4.8", "4.8", "4.8"], "hotel_price": ["163", "163", "163"]}, "4694643": {"hotel_name": "\u4e09\u4e9a\u4e9a\u9f99\u6e7e\u559c\u820d\u6cf3\u6c60\u522b\u5885\u5ea6\u5047\u516c\u5bd3(\u539f\u559c\u820d\u4eca\u559c\u6765\u7cbe\u54c1\u5ea6\u5047\u9152\u5e97)", "order_time": ["2019-01-09 21:26:35"], "total_order": 1, "hotel_value": ["4.7"], "hotel_price": ["2200"]}, "13323312": {"hotel_name": "\u4e09\u4e9a\u6cf0\u4ed5\u5546\u52a1\u9152\u5e97", "order_time": ["2019-01-09 21:26:35"], "total_order": 1, "hotel_value": ["4.8"], "hotel_price": ["164"]}, "1308537": {"hotel_name": "\u4e09\u4e9a\u68a6\u9010\u65c5\u79df(\u539f\u6c38\u601d\u8fbe\u5bbe\u9986)", "order_time": ["2019-01-09 21:26:36"], "total_order": 1, "hotel_value": ["4.3"], "hotel_price": ["107"]}, "8649263": {"hotel_name": "\u4e09\u4e9a\u6d77\u8fb9\u4eba\u5bb6\u9752\u5e74\u65c5\u820d", "order_time": ["2019-01-09 21:26:39"], "total_order": 1, "hotel_value": ["4.6"], "hotel_price": ["27"]}, "436673": {"hotel_name": "\u4e09\u4e9a\u9e7f\u5cad\u6d77\u6e7e\u7ef4\u666f\u56fd\u9645\u5927\u9152\u5e97(\u539f\u4e09\u4e9a\u6d77\u6e7e\u7ef4\u666f\u56fd\u9645\u5927\u9152\u5e97)", "order_time": ["2019-01-09 21:28:17", "2019-01-09 21:38:18", "2019-01-09 21:30:18"], "total_order": 3, "hotel_value": ["4.6", "4.6", "4.6"], "hotel_price": ["321", "321", "321"]}, "3732039": {"hotel_name": "\u4e09\u4e9a\u6d77\u68e0\u6e7e\u6bd4\u90bbnear\u6930\u6797\u7f8e\u5bbf(\u539f\u6bd4\u90bb\u6cf3\u6c60\u5ea6\u5047\u7cbe\u54c1\u5ba2\u6808)", "order_time": ["2019-01-09 21:28:19"], "total_order": 1, "hotel_value": ["4.5"], "hotel_price": ["286"]}, "9656278": {"hotel_name": "\u4e09\u4e9a\u90c1\u6797\u7ea2\u53f6\u5546\u52a1\u9152\u5e97", "order_time": ["2019-01-09 21:34:32", "2019-01-09 21:28:20"], "total_order": 2, "hotel_value": ["3.3", "3.3"], "hotel_price": ["112", "112"]}, "6562139": {"hotel_name": "\u4e09\u4e9a\u552f\u66a7\u7cbe\u54c1\u4e3b\u9898\u9152\u5e97", "order_time": ["2019-01-09 21:28:24"], "total_order": 1, "hotel_value": ["4.8"], "hotel_price": ["180"]}, "430163": {"hotel_name": "\u4e09\u4e9a\u4e9a\u9f99\u6e7e\u94c2\u5c14\u66fc\u522b\u5885\u5ea6\u5047\u9152\u5e97", "order_time": ["2019-01-09 21:28:26"], "total_order": 1, "hotel_value": ["4.6"], "hotel_price": ["904"]}, "15989436": {"hotel_name": "\u5e86\u4e49\u4e45\u7cbe\u54c1\u5ba2\u6808(\u4e9a\u9f99\u6e7e\u5343\u53e4\u60c5\u5e97)", "order_time": ["2019-01-09 21:28:31"], "total_order": 1, "hotel_value": ["4.8"], "hotel_price": ["147"]}, "8577374": {"hotel_name": "\u4e09\u4e9a\u78a7\u6d77\u60c5\u5ea6\u5047\u522b\u5885", "order_time": ["2019-01-09 21:28:33"], "total_order": 1, "hotel_value": ["4.3"], "hotel_price": ["172"]}, "7295706": {"hotel_name": "\u4e09\u4e9a365\u6d77\u666f\u516c\u5bd3", "order_time": ["2019-01-09 21:28:33"], "total_order": 1, "hotel_value": [0], "hotel_price": ["269"]}, "2650221": {"hotel_name": "\u4e09\u4e9a\u7c73\u6735\u4e3b\u9898\u6d77\u666f\u516c\u5bd3", "order_time": ["2019-01-09 21:28:39"], "total_order": 1, "hotel_value": ["4.7"], "hotel_price": ["231"]}, "845218": {"hotel_name": "\u6d77\u5357\u7eff\u57ce\u84dd\u6e7e\u5ea6\u5047\u9152\u5e97", "order_time": ["2019-01-09 21:30:19"], "total_order": 1, "hotel_value": ["4.7"], "hotel_price": ["573"]}, "454362": {"hotel_name": "\u4e09\u4e9a\u4ebf\u6e90\u8f69\u5b87\u5927\u9152\u5e97", "order_time": ["2019-01-09 21:48:20", "2019-01-09 21:30:21"], "total_order": 2, "hotel_value": ["4.6", "4.6"], "hotel_price": ["423", "423"]}, "375179": {"hotel_name": "\u4e09\u4e9a\u6e7e\u7ea2\u6811\u6797\u5ea6\u5047\u4e16\u754c(\u6728\u68c9\u9152\u5e97)", "order_time": ["2019-01-09 21:30:21"], "total_order": 1, "hotel_value": ["4.6"], "hotel_price": ["548"]}, "1980387": {"hotel_name": "\u9e97\u67ab\u9152\u5e97(\u4e09\u4e9a\u6b65\u884c\u8857\u5e97)", "order_time": ["2019-01-09 21:36:22", "2019-01-09 21:30:21"], "total_order": 2, "hotel_value": ["4.8", "4.8"], "hotel_price": ["311", "311"]}, "468875": {"hotel_name": "\u6674\u5929\u7389\u6ee9\u6d77\u666f\u5ea6\u5047\u516c\u5bd3(\u4e09\u4e9a\u6e7e\u5e97)", "order_time": ["2019-01-09 21:30:21"], "total_order": 1, "hotel_value": ["4.1"], "hotel_price": ["142"]}, "6261136": {"hotel_name": "\u7ef4\u4e5f\u7eb3\u9152\u5e97(\u4e09\u4e9a\u4e9a\u9f99\u6e7e\u5343\u53e4\u60c5\u5e97)", "order_time": ["2019-01-09 21:30:21"], "total_order": 1, "hotel_value": ["4.8"], "hotel_price": ["276"]}, "428335": {"hotel_name": "\u5982\u5bb6\u5feb\u6377\u9152\u5e97(\u4e09\u4e9a\u6986\u4e9a\u8def\u5927\u4e1c\u6d77\u5e97)", "order_time": ["2019-01-09 21:30:22", "2019-01-09 21:52:21"], "total_order": 2, "hotel_value": ["4.6", "4.6"], "hotel_price": ["259", "232"]}, "2785534": {"hotel_name": "\u4e09\u4e9a\u6e38\u4e50\u7f8e\u6d77\u666f\u5ea6\u5047\u516c\u5bd3", "order_time": ["2019-01-09 21:30:24", "2019-01-09 21:36:23"], "total_order": 2, "hotel_value": ["4.8", "4.8"], "hotel_price": ["198", "198"]}, "8589084": {"hotel_name": "\u4e09\u4e9a\u51e4\u51f0\u7f8e\u4e3d\u5927\u9152\u5e97", "order_time": ["2019-01-09 21:30:25"], "total_order": 1, "hotel_value": ["4.8"], "hotel_price": ["192"]}, "1700938": {"hotel_name": "\u4e09\u4e9a\u541b\u4e34\u5047\u65e5\u9152\u5e97", "order_time": ["2019-01-09 21:30:27"], "total_order": 1, "hotel_value": ["4.5"], "hotel_price": ["121"]}, "3509427": {"hotel_name": "\u4e09\u4e9a\u6d77\u8679\u5ea6\u5047\u9152\u5e97", "order_time": ["2019-01-09 21:30:28"], "total_order": 1, "hotel_value": ["4.4"], "hotel_price": ["278"]}, "854705": {"hotel_name": "\u4e09\u4e9a\u6d77\u89d28\u53f7\u6d77\u666f\u522b\u5885\u5ba2\u6808", "order_time": ["2019-01-09 21:30:34"], "total_order": 1, "hotel_value": ["4.2"], "hotel_price": ["90"]}, "8616662": {"hotel_name": "\u4e09\u4e9a\u62fe\u5149\u96c6\u827a\u672f\u4e3b\u9898\u9152\u5e97(\u539f\u4e09\u4e9a\u62fe\u5149\u96c6\u7cbe\u54c1\u6c11\u5bbf)", "order_time": ["2019-01-09 21:30:49", "2019-01-09 21:38:27"], "total_order": 2, "hotel_value": ["4.8", "4.8"], "hotel_price": ["198", "198"]}, "6287098": {"hotel_name": "\u4e09\u4e9a\u6ce5\u5bbf\u827a\u672f\u9152\u5e97", "order_time": ["2019-01-09 21:58:18", "2019-01-09 21:32:17"], "total_order": 2, "hotel_value": ["4.6", "4.6"], "hotel_price": ["153", "153"]}, "4339553": {"hotel_name": "\u4e09\u4e9a\u94c2\u7acb\u541b\u9a7f\u7cbe\u54c1\u9152\u5e97(\u5343\u53e4\u60c5\u5e97)(\u539f\u94c2\u7acb\u7cbe\u54c1\u9152\u5e97)", "order_time": ["2019-01-09 21:32:18"], "total_order": 1, "hotel_value": ["4.4"], "hotel_price": ["159"]}, "455490": {"hotel_name": "\u4e09\u4e9a\u4e9a\u9f99\u6e7e\u77f3\u6eaa\u5885\u5efa\u56fd\u5ea6\u5047\u9152\u5e97", "order_time": ["2019-01-09 21:32:19"], "total_order": 1, "hotel_value": ["4.6"], "hotel_price": ["450"]}, "17265739": {"hotel_name": "\u4e09\u4e9a\u6d77\u68e0\u6e7e\u6d77\u97f5\u5361\u897f\u8bfa\u6d77\u666f\u5ea6\u5047\u516c\u5bd3", "order_time": ["2019-01-09 21:32:21"], "total_order": 1, "hotel_value": ["4.8"], "hotel_price": ["1017"]}, "2043273": {"hotel_name": "\u4e09\u4e9a\u65b0\u6982\u5ff5\u4e3b\u9898\u65c5\u79df(\u539f\u4e03\u5929\u65f6\u5c1a\u516c\u5bd3)", "order_time": ["2019-01-09 21:32:31"], "total_order": 1, "hotel_value": ["3.5"], "hotel_price": ["105"]}, "16948036": {"hotel_name": "\u4e09\u4e9a\u6e7e\u7ea2\u6811\u6797\u5ea6\u5047\u4e16\u754c(\u5927\u738b\u68d5\u9152\u5e97)", "order_time": ["2019-01-09 21:34:20"], "total_order": 1, "hotel_value": ["4.7"], "hotel_price": ["620"]}, "2705938": {"hotel_name": "\u4e09\u4e9a\u514b\u62c9\u5c14\u9152\u5e97\u00b7\u6d77\u5cb8\u7cbe\u9009", "order_time": ["2019-01-09 21:34:23"], "total_order": 1, "hotel_value": ["4.7"], "hotel_price": ["168"]}, "3423490": {"hotel_name": "\u4e09\u4e9a\u4e3d\u79be\u9152\u5e97", "order_time": ["2019-01-09 21:34:24"], "total_order": 1, "hotel_value": ["4.7"], "hotel_price": ["480"]}, "1118574": {"hotel_name": "\u4e09\u4e9a\u6fb3\u59ae\u65af\u9152\u5e97", "order_time": ["2019-01-09 21:34:25"], "total_order": 1, "hotel_value": ["4.9"], "hotel_price": ["192"]}, "346684": {"hotel_name": "\u4e09\u4e9a\u73e0\u6c5f\u5357\u7530\u6e29\u6cc9\u5ea6\u5047\u533a", "order_time": ["2019-01-09 21:34:29"], "total_order": 1, "hotel_value": ["4.3"], "hotel_price": ["428"]}, "1701097": {"hotel_name": "\u4e09\u4e9a\u6dcb\u68ee\u5546\u52a1\u9152\u5e97", "order_time": ["2019-01-09 21:34:32"], "total_order": 1, "hotel_value": ["4.1"], "hotel_price": ["148"]}, "3803571": {"hotel_name": "\u4e09\u4e9a\u65f6\u5149\u65c5\u884c\u6d77\u666f\u5ea6\u5047\u516c\u5bd3", "order_time": ["2019-01-09 21:34:32"], "total_order": 1, "hotel_value": ["4.6"], "hotel_price": ["367"]}, "6864961": {"hotel_name": "\u4e09\u4e9a\u6930\u6797\u7f18\u7cbe\u54c1\u5ba2\u6808", "order_time": ["2019-01-09 21:34:32"], "total_order": 1, "hotel_value": ["4.2"], "hotel_price": ["132"]}, "486003": {"hotel_name": "\u4e09\u4e9a\u8708\u652f\u6d32\u5c9b\u73ca\u745a\u9152\u5e97", "order_time": ["2019-01-09 21:34:50"], "total_order": 1, "hotel_value": ["4.8"], "hotel_price": ["999"]}, "4436448": {"hotel_name": "\u4e09\u4e9a\u590f\u672b\u82b1\u5f00\u6d77\u5cb8\u5ba2\u6808(\u539f\u6625\u5929\u7684\u6545\u4e8b\u6d77\u5cb8\u5ba2\u6808)", "order_time": ["2019-01-09 21:34:50"], "total_order": 1, "hotel_value": ["4.8"], "hotel_price": ["138"]}, "6298012": {"hotel_name": "\u683c\u6797\u8054\u76df\u9152\u5e97(\u4e09\u4e9a\u4e00\u5e02\u573a\u5e97)", "order_time": ["2019-01-09 21:36:19", "2019-01-09 21:42:25"], "total_order": 2, "hotel_value": ["4.8", "4.8"], "hotel_price": ["132", "132"]}, "470577": {"hotel_name": "\u4e09\u4e9a\u5357\u5c71\u4f11\u95f2\u4f1a\u9986\u7985\u4fee\u4e3b\u9898", "order_time": ["2019-01-09 21:36:21"], "total_order": 1, "hotel_value": ["4.5"], "hotel_price": ["600"]}, "1642576": {"hotel_name": "\u4e09\u4e9a\u5b50\u60a6\u5eb7\u5e74\u4e3b\u9898\u5957\u623f\u5ea6\u5047\u9152\u5e97", "order_time": ["2019-01-09 21:36:21"], "total_order": 1, "hotel_value": ["4.6"], "hotel_price": ["422"]}, "371696": {"hotel_name": "\u4e09\u4e9a\u590f\u5a01\u5937\u5927\u9152\u5e97", "order_time": ["2019-01-09 21:36:21", "2019-01-09 21:40:21"], "total_order": 2, "hotel_value": ["4.4", "4.4"], "hotel_price": ["284", "284"]}, "10520963": {"hotel_name": "\u4e09\u4e9a\u91d1\u838e\u73fa\u5510\u9152\u5e97", "order_time": ["2019-01-09 21:36:22"], "total_order": 1, "hotel_value": ["4.7"], "hotel_price": ["428"]}, "8058071": {"hotel_name": "\u968f\u5fc3\u968f\u610f\u9152\u5e97(\u4e09\u4e9a\u6e7e\u5e97)", "order_time": ["2019-01-09 21:36:33"], "total_order": 1, "hotel_value": ["4.4"], "hotel_price": ["130"]}, "1480106": {"hotel_name": "\u4e09\u4e9a\u91d1\u8354\u6e7e\u9152\u5e97", "order_time": ["2019-01-09 21:36:34"], "total_order": 1, "hotel_value": ["4.1"], "hotel_price": ["128"]}, "1379592": {"hotel_name": "\u683c\u6797\u8c6a\u6cf0(\u4e09\u4e9a\u51e4\u51f0\u673a\u573a\u8def\u5e97)", "order_time": ["2019-01-09 21:36:50"], "total_order": 1, "hotel_value": ["4.0"], "hotel_price": ["179"]}, "384973": {"hotel_name": "\u4e09\u4e9a\u6d77\u68e0\u6e7e\u5f00\u7ef4\u4e07\u8fbe\u6587\u534e\u5ea6\u5047\u9152\u5e97", "order_time": ["2019-01-09 21:38:18", "2019-01-09 21:44:19"], "total_order": 2, "hotel_value": ["4.5", "4.5"], "hotel_price": ["750", "750"]}, "437589": {"hotel_name": "\u4e09\u4e9a\u6797\u8fbe\u6d77\u666f\u9152\u5e97", "order_time": ["2019-01-09 21:38:19"], "total_order": 1, "hotel_value": ["4.4"], "hotel_price": ["292"]}, "25630698": {"hotel_name": "\u4e09\u4e9a\u6d77\u68e0\u6e7e\u8ffd\u6d77\u6d41\u5149\u65c5\u79df", "order_time": ["2019-01-09 21:38:19"], "total_order": 1, "hotel_value": ["4.6"], "hotel_price": ["137"]}, "428318": {"hotel_name": "\u4e09\u4e9a\u6021\u5ead\u9152\u5e97", "order_time": ["2019-01-09 21:56:17", "2019-01-09 21:38:20"], "total_order": 2, "hotel_value": ["4.8", "4.8"], "hotel_price": ["257", "257"]}, "346754": {"hotel_name": "\u4e09\u4e9a\u534a\u5c71\u534a\u5c9b\u6d32\u9645\u5ea6\u5047\u9152\u5e97", "order_time": ["2019-01-09 21:38:21"], "total_order": 1, "hotel_value": ["4.6"], "hotel_price": ["1248"]}, "14074913": {"hotel_name": "\u4e09\u4e9a\u4e9a\u9f99\u6e7e\u96c5\u9601\u6e29\u6cc9\u5ea6\u5047\u9152\u5e97", "order_time": ["2019-01-09 21:50:21", "2019-01-09 21:38:23"], "total_order": 2, "hotel_value": ["4.7", "4.7"], "hotel_price": ["708", "708"]}, "436675": {"hotel_name": "\u4e09\u4e9a\u5927\u4e1c\u6d77\u541b\u4ead\u9152\u5e97", "order_time": ["2019-01-09 21:58:17", "2019-01-09 21:38:23"], "total_order": 2, "hotel_value": ["4.8", "4.8"], "hotel_price": ["333", "333"]}, "372154": {"hotel_name": "\u4e09\u4e9a\u798f\u670b\u559c\u6765\u767b\u9152\u5e97", "order_time": ["2019-01-09 21:50:21", "2019-01-09 21:40:27", "2019-01-09 21:38:23"], "total_order": 3, "hotel_value": ["4.5", "4.5", "4.5"], "hotel_price": ["674", "674", "674"]}, "2013175": {"hotel_name": "\u4e09\u4e9a\u5bcc\u65af\u9152\u5e97", "order_time": ["2019-01-09 21:38:26"], "total_order": 1, "hotel_value": ["4.8"], "hotel_price": ["242"]}, "2032262": {"hotel_name": "\u7ef4\u4e5f\u7eb3\u9152\u5e97(\u4e09\u4e9a\u6e7e\u51e4\u51f0\u5c9b\u5e97)(\u539f\u4e09\u4e9a\u7b2c\u4e00\u5e02\u573a\u5e97)", "order_time": ["2019-01-09 21:38:30"], "total_order": 1, "hotel_value": ["4.7"], "hotel_price": ["266"]}, "6486443": {"hotel_name": "\u4e09\u4e9a\u5b9d\u745e\u7cbe\u54c1\u5ea6\u5047\u516c\u5bd3", "order_time": ["2019-01-09 21:38:30"], "total_order": 1, "hotel_value": ["4.4"], "hotel_price": ["163"]}, "6833004": {"hotel_name": "\u4e09\u4e9a\u6d77\u66e6\u5bbe\u9986", "order_time": ["2019-01-09 21:38:32", "2019-01-09 21:56:31"], "total_order": 2, "hotel_value": ["4.0", "4.0"], "hotel_price": ["181", "181"]}, "17582744": {"hotel_name": "\u4e09\u4e9aGreen House\u4e3b\u9898\u9152\u5e97", "order_time": ["2019-01-09 21:38:32"], "total_order": 1, "hotel_value": ["4.8"], "hotel_price": ["173"]}, "1513355": {"hotel_name": "\u4e09\u4e9a\u5d16\u4f18\u65c5\u79df(\u539f\u7ea2\u8f89\u4f4f\u5bbf)", "order_time": ["2019-01-09 21:38:35"], "total_order": 1, "hotel_value": [0], "hotel_price": ["62"]}, "344912": {"hotel_name": "\u4e09\u4e9a\u6d77\u5929\u5927\u9152\u5e97", "order_time": ["2019-01-09 21:50:24", "2019-01-09 21:40:17"], "total_order": 2, "hotel_value": ["4.6", "4.6"], "hotel_price": ["350", "350"]}, "1340218": {"hotel_name": "\u4e09\u4e9a\u671b\u6d77\u9752\u5e74\u9152\u5e97", "order_time": ["2019-01-09 21:40:18"], "total_order": 1, "hotel_value": ["4.6"], "hotel_price": ["260"]}, "1580558": {"hotel_name": "\u901f8\u9152\u5e97(\u4e09\u4e9a\u6e7e\u5409\u7965\u8857\u5e97)", "order_time": ["2019-01-09 21:40:18"], "total_order": 1, "hotel_value": ["4.6"], "hotel_price": ["145"]}, "6866770": {"hotel_name": "\u4e09\u4e9a\u94ed\u8f69\u5546\u52a1\u9152\u5e97(\u539f\u94ed\u8f69\u65c5\u79df\u4f4f\u5bbf)", "order_time": ["2019-01-09 21:40:19"], "total_order": 1, "hotel_value": ["4.5"], "hotel_price": ["186"]}, "7043890": {"hotel_name": "\u4e09\u4e9a\u963f\u82e5\u62c9\u6d77\u666f\u82b1\u56ed\u9152\u5e97\u5f0f\u516c\u5bd3", "order_time": ["2019-01-09 21:40:24"], "total_order": 1, "hotel_value": ["4.7"], "hotel_price": ["247"]}, "345082": {"hotel_name": "\u4e09\u4e9a\u6587\u534e\u4e1c\u65b9\u9152\u5e97", "order_time": ["2019-01-09 21:40:24"], "total_order": 1, "hotel_value": ["4.7"], "hotel_price": ["1279"]}, "2083899": {"hotel_name": "\u4e09\u4e9a\u6d77\u68e0\u6e7e\u542c\u6d9b\u5c0f\u7b51\u5ba2\u6808(\u539f\u8def\u6613\u9152\u5e97)", "order_time": ["2019-01-09 21:40:25"], "total_order": 1, "hotel_value": ["4.6"], "hotel_price": ["58"]}, "9121765": {"hotel_name": "\u4e09\u4e9a\u6d77\u9038\u9752\u5e74\u5ba2\u6808", "order_time": ["2019-01-09 21:40:28"], "total_order": 1, "hotel_value": ["4.7"], "hotel_price": ["38"]}, "1670089": {"hotel_name": "v8\u5feb\u6377\u9152\u5e97(\u4e09\u4e9a\u5546\u54c1\u8857\u5e97)", "order_time": ["2019-01-09 21:40:30"], "total_order": 1, "hotel_value": ["4.0"], "hotel_price": ["83"]}, "426964": {"hotel_name": "\u4e09\u4e9a\u5eb7\u7279\u738b\u5e9c\u4f1a\u8bae\u5ea6\u5047\u9152\u5e97", "order_time": ["2019-01-09 21:42:24", "2019-01-09 21:50:22"], "total_order": 2, "hotel_value": ["4.6", "4.6"], "hotel_price": ["1663", "1663"]}, "8581510": {"hotel_name": "\u4e09\u4e9a\u534a\u5c71\u9a7f\u6d77\u5cb8\u7cbe\u54c1\u5ba2\u6808(\u539f\u871c\u5bb6\u5c0f\u9662)", "order_time": ["2019-01-09 21:42:30"], "total_order": 1, "hotel_value": ["4.7"], "hotel_price": ["233"]}, "21133797": {"hotel_name": "\u4e09\u4e9a\u541b\u6765\u89c2\u5c71\u6d77\u4f11\u95f2\u5ba2\u6808", "order_time": ["2019-01-09 21:42:34"], "total_order": 1, "hotel_value": ["4.8"], "hotel_price": ["220"]}, "6420180": {"hotel_name": "\u4e09\u4e9a\u98d8\u6d77\u666f\u4e3b\u9898\u5ba2\u6808", "order_time": ["2019-01-09 21:42:35"], "total_order": 1, "hotel_value": ["4.8"], "hotel_price": ["993"]}, "1488073": {"hotel_name": "\u4e09\u4e9a\u987a\u548c\u5feb\u6377\u9152\u5e97", "order_time": ["2019-01-09 21:42:40"], "total_order": 1, "hotel_value": [0], "hotel_price": ["110"]}, "346702": {"hotel_name": "\u4e09\u4e9a\u8fb0\u5149\u514b\u62c9\u7801\u5934\u9152\u5e97", "order_time": ["2019-01-09 21:44:17", "2019-01-09 21:46:18"], "total_order": 2, "hotel_value": ["4.6", "4.6"], "hotel_price": ["408", "408"]}, "23930040": {"hotel_name": "\u90b8\u8bfa\u5171\u4eab\u522b\u5885\u516c\u5bd3(\u4e09\u4e9a\u6e7e\u5e97)", "order_time": ["2019-01-09 21:44:20"], "total_order": 1, "hotel_value": ["4.8"], "hotel_price": ["429"]}, "6541448": {"hotel_name": "\u4e09\u4e9a\u745e\u6cf0\u660e\u73e0\u9152\u5e97(\u51e4\u51f0\u673a\u573a\u5e97)", "order_time": ["2019-01-09 21:44:20"], "total_order": 1, "hotel_value": ["4.6"], "hotel_price": ["174"]}, "11276759": {"hotel_name": "\u4e09\u4e9a\u9047\u89c1\u7231\u6d77\u666f\u516c\u5bd3", "order_time": ["2019-01-09 21:44:25"], "total_order": 1, "hotel_value": ["4.9"], "hotel_price": ["561"]}, "993928": {"hotel_name": "\u5982\u5bb6\u5feb\u6377\u9152\u5e97(\u4e09\u4e9a\u5927\u4e1c\u6d77\u6e38\u5ba2\u4e2d\u5fc3\u5e97)", "order_time": ["2019-01-09 21:44:26"], "total_order": 1, "hotel_value": ["4.3"], "hotel_price": ["132"]}, "10900048": {"hotel_name": "\u4e09\u4e9a\u521d\u96e8\u7cbe\u54c1\u5ba2\u6808", "order_time": ["2019-01-09 21:44:27"], "total_order": 1, "hotel_value": ["4.8"], "hotel_price": ["110"]}, "15168099": {"hotel_name": "\u4e09\u4e9a\u6797\u5915\u6d77\u5cb8\u6d77\u666f\u5ea6\u5047\u516c\u5bd3", "order_time": ["2019-01-09 21:44:28"], "total_order": 1, "hotel_value": ["4.8"], "hotel_price": ["216"]}, "6610953": {"hotel_name": "\u4e09\u4e9a520\u5ba2\u6808", "order_time": ["2019-01-09 21:44:31"], "total_order": 1, "hotel_value": ["4.2"], "hotel_price": ["113"]}, "2883738": {"hotel_name": "\u4e09\u4e9a\u9082\u9005\u65f6\u5149\u827a\u672f\u5ba2\u6808", "order_time": ["2019-01-09 21:48:36", "2019-01-09 21:44:36"], "total_order": 2, "hotel_value": ["4.7", "4.7"], "hotel_price": ["158", "158"]}, "6239220": {"hotel_name": "\u4e09\u4e9a\u6e1d\u5dde\u5546\u52a1\u9152\u5e97", "order_time": ["2019-01-09 21:44:48"], "total_order": 1, "hotel_value": ["4.4"], "hotel_price": ["98"]}, "1648269": {"hotel_name": "\u4e09\u4e9a\u5fc6\u4e61\u4eba\u5c71\u5885\u5ba2\u6808", "order_time": ["2019-01-09 21:46:17"], "total_order": 1, "hotel_value": ["4.5"], "hotel_price": ["173"]}, "3737569": {"hotel_name": "\u5ba2\u6765\u601d\u4e50\u7cbe\u54c1\u5ea6\u5047\u516c\u5bd3(\u4e09\u4e9a\u51e4\u51f0\u6c34\u57ce\u7fe0\u5c4f\u5e97)", "order_time": ["2019-01-09 21:46:18"], "total_order": 1, "hotel_value": ["4.5"], "hotel_price": ["295"]}, "690765": {"hotel_name": "\u4e09\u4e9a\u6d77\u7acb\u65b9\u5ea6\u5047\u9152\u5e97", "order_time": ["2019-01-09 21:46:18"], "total_order": 1, "hotel_value": ["4.6"], "hotel_price": ["399"]}, "5398387": {"hotel_name": "\u4e09\u4e9a\u5927\u6811\u4e03\u661f\u9152\u5e97", "order_time": ["2019-01-09 21:46:18"], "total_order": 1, "hotel_value": ["4.3"], "hotel_price": ["245"]}, "437377": {"hotel_name": "\u4e09\u4e9a\u6d77\u68e0\u6e7e\u5fa1\u6d77\u68e0\u8c6a\u534e\u7cbe\u9009\u5ea6\u5047\u9152\u5e97", "order_time": ["2019-01-09 21:46:18"], "total_order": 1, "hotel_value": ["4.7"], "hotel_price": ["900"]}, "1573160": {"hotel_name": "\u683c\u6797\u8c6a\u6cf0(\u4e09\u4e9a\u4e9a\u9f99\u6e7e\u5e97)", "order_time": ["2019-01-09 21:46:20", "2019-01-09 21:48:21"], "total_order": 2, "hotel_value": ["4.5", "4.5"], "hotel_price": ["207", "207"]}, "6405320": {"hotel_name": "\u4e09\u4e9a\u4e9a\u9f99\u6e7e\u6728\u843d\u5ba2\u6808", "order_time": ["2019-01-09 21:46:21"], "total_order": 1, "hotel_value": ["4.5"], "hotel_price": ["130"]}, "15989410": {"hotel_name": "\u4e09\u4e9a\u6d77\u9038\u9601\u7cbe\u54c1\u6c11\u5bbf", "order_time": ["2019-01-09 21:46:25"], "total_order": 1, "hotel_value": ["4.8"], "hotel_price": ["152"]}, "20617225": {"hotel_name": "\u7ea6\u00b7\u8bbe\u8ba1\u4e3b\u9898\u9152\u5e97(\u4e09\u4e9a\u5343\u53e4\u60c5\u5e97)", "order_time": ["2019-01-09 21:46:33"], "total_order": 1, "hotel_value": ["4.7"], "hotel_price": ["258"]}, "1994723": {"hotel_name": "\u4e09\u4e9a\u51e4\u51f0\u5c9b\u661f\u5bb8\u6d77\u666f\u5ea6\u5047\u9152\u5e97", "order_time": ["2019-01-09 21:48:19"], "total_order": 1, "hotel_value": ["3.8"], "hotel_price": ["382"]}, "842954": {"hotel_name": "\u9526\u6c5f\u4e4b\u661f(\u4e09\u4e9a\u6e7e\u5409\u7965\u8857\u6d77\u666f\u9152\u5e97)", "order_time": ["2019-01-09 21:48:20"], "total_order": 1, "hotel_value": ["4.5"], "hotel_price": ["137"]}, "707593": {"hotel_name": "\u4e09\u4e9a\u51e4\u51f0\u5c9b\u6d77\u6d0b\u4e4b\u661f\u5ea6\u5047\u9152\u5e97", "order_time": ["2019-01-09 21:56:20", "2019-01-09 21:48:26"], "total_order": 2, "hotel_value": ["4.7", "4.7"], "hotel_price": ["695", "653"]}, "1713309": {"hotel_name": "\u4e09\u4e9a\u5e7d\u5de2\u4eba\u6587\u6d77\u666f\u5ba2\u6808(\u539f\u6d77\u6d0b\u4e4b\u5bb6\u4e3b\u9898\u5ba2\u6808\u8708\u652f\u6d32\u5c9b\u5e97)", "order_time": ["2019-01-09 21:48:28"], "total_order": 1, "hotel_value": ["4.0"], "hotel_price": ["209"]}, "4494524": {"hotel_name": "\u683c\u6797\u8054\u76df\u9152\u5e97(\u4e09\u4e9a\u706b\u8f66\u7ad9\u5e97)", "order_time": ["2019-01-09 21:48:34"], "total_order": 1, "hotel_value": ["3.3"], "hotel_price": ["342"]}, "1465017": {"hotel_name": "\u4e09\u4e9a\u84dd\u6d77\u5cb8\u6d77\u666f\u5ea6\u5047\u516c\u5bd3", "order_time": ["2019-01-09 21:48:46"], "total_order": 1, "hotel_value": ["4.8"], "hotel_price": ["256"]}, "467200": {"hotel_name": "\u4e09\u4e9a\u53c8\u4e00\u5c42\u7cbe\u54c1\u5ba2\u6808(\u539f\u4e09\u4e9a\u8fdc\u65b9\u6709\u4e00\u5c42\u7cbe\u54c1\u5ba2\u6808)", "order_time": ["2019-01-09 21:48:46"], "total_order": 1, "hotel_value": ["4.3"], "hotel_price": ["353"]}, "1454370": {"hotel_name": "\u4e09\u4e9a\u6d77\u6b4c\u5ea6\u5047\u516c\u5bd3", "order_time": ["2019-01-09 21:48:46"], "total_order": 1, "hotel_value": ["4.6"], "hotel_price": ["359"]}, "608191": {"hotel_name": "\u4e09\u4e9a\u6e7e\u6d77\u666f\u65c5\u9986", "order_time": ["2019-01-09 21:48:47"], "total_order": 1, "hotel_value": ["4.2"], "hotel_price": ["79"]}, "370837": {"hotel_name": "\u4e09\u4e9a\u78a7\u6d77\u91d1\u6c99\u9152\u5e97", "order_time": ["2019-01-09 21:50:18"], "total_order": 1, "hotel_value": ["4.6"], "hotel_price": ["335"]}, "1772127": {"hotel_name": "\u4e09\u4e9a\u6e7e\u7ea2\u6811\u6797\u5ea6\u5047\u4e16\u754c(\u7687\u540e\u68d5\u9152\u5e97)", "order_time": ["2019-01-09 21:50:20"], "total_order": 1, "hotel_value": ["4.7"], "hotel_price": ["669"]}, "6069072": {"hotel_name": "\u4e09\u4e9a\u83b2\u99a8\u5c0f\u7b51\u6d77\u666f\u5ea6\u5047\u516c\u5bd3", "order_time": ["2019-01-09 21:50:22"], "total_order": 1, "hotel_value": ["4.8"], "hotel_price": ["214"]}, "6396157": {"hotel_name": "\u4e09\u4e9a\u6668\u5915\u5c0f\u820d\u7cbe\u54c1\u5ba2\u6808\u673a\u573a\u522b\u5885\u5e97", "order_time": ["2019-01-09 21:50:26"], "total_order": 1, "hotel_value": ["4.7"], "hotel_price": ["140"]}, "6872950": {"hotel_name": "\u4e09\u4e9a\u90a3\u5c71\u00b7\u90a3\u6d77\u6d77\u666f\u6c11\u5bbf", "order_time": ["2019-01-09 21:50:40"], "total_order": 1, "hotel_value": ["4.6"], "hotel_price": ["88"]}, "481437": {"hotel_name": "\u9526\u6c5f\u4e4b\u661f(\u4e09\u4e9a\u89e3\u653e\u8def\u5e97)", "order_time": ["2019-01-09 21:52:19"], "total_order": 1, "hotel_value": ["4.6"], "hotel_price": ["171"]}, "900548": {"hotel_name": "\u57ce\u5e02\u4fbf\u6377\u9152\u5e97(\u4e09\u4e9a\u6e7e\u6b65\u884c\u8857\u5e97)", "order_time": ["2019-01-09 21:52:21"], "total_order": 1, "hotel_value": ["4.4"], "hotel_price": ["173"]}, "741295": {"hotel_name": "\u4e09\u4e9a\u8fdc\u8fd1\u6d77\u666f\u9152\u5e97", "order_time": ["2019-01-09 21:52:22"], "total_order": 1, "hotel_value": ["4.6"], "hotel_price": ["224"]}, "435983": {"hotel_name": "\u4e09\u4e9a\u4e9a\u9f99\u6e7e\u4eba\u95f4\u5929\u5802-\u9e1f\u5de2\u5ea6\u5047\u6751", "order_time": ["2019-01-09 21:52:22"], "total_order": 1, "hotel_value": ["4.6"], "hotel_price": ["1270"]}, "346724": {"hotel_name": "\u4e09\u4e9a\u56fd\u9645\u996d\u5e97", "order_time": ["2019-01-09 21:54:19"], "total_order": 1, "hotel_value": ["3.9"], "hotel_price": ["288"]}, "6656398": {"hotel_name": "\u4e09\u4e9a\u6d77\u68e0\u6e7e\u6797\u65fa\u6d77\u6e90\u5546\u52a1\u9152\u5e97(\u8708\u652f\u6d32\u5c9b\u5e97)", "order_time": ["2019-01-09 21:54:21"], "total_order": 1, "hotel_value": ["4.3"], "hotel_price": ["104"]}, "428330": {"hotel_name": "\u7231\u4e3d\u9152\u5e97(\u4e09\u4e9a\u5e97)", "order_time": ["2019-01-09 21:54:26"], "total_order": 1, "hotel_value": ["4.5"], "hotel_price": ["98"]}, "8577331": {"hotel_name": "\u7f8e\u51a0\u5047\u65e5\u9152\u5e97(\u4e09\u4e9a\u5927\u6811\u516c\u9986\u5e97)", "order_time": ["2019-01-09 21:54:26"], "total_order": 1, "hotel_value": ["4.5"], "hotel_price": ["213"]}, "7687149": {"hotel_name": "\u4e09\u4e9a\u5d16\u5dde\u6e7e\u5ea6\u5047\u6751\u5e0c\u5c14\u987f\u683c\u82ae\u7cbe\u9009\u9152\u5e97", "order_time": ["2019-01-09 21:54:29"], "total_order": 1, "hotel_value": ["4.5"], "hotel_price": ["643"]}, "1208108": {"hotel_name": "\u6d77\u77e5\u6cc9\u5ea6\u5047\u516c\u5bd3(\u4e09\u4e9a\u51e4\u51f0\u6c34\u57ce\u5e97)", "order_time": ["2019-01-09 21:54:46"], "total_order": 1, "hotel_value": ["4.6"], "hotel_price": ["208"]}, "5896791": {"hotel_name": "\u4e09\u4e9a\u8d70\u8d70\u505c\u505c\u7cbe\u54c1\u5ba2\u6808\u5927\u4e1c\u6d77\u5e97", "order_time": ["2019-01-09 21:54:47"], "total_order": 1, "hotel_value": ["4.9"], "hotel_price": ["173"]}, "5988590": {"hotel_name": "\u4e09\u4e9a\u6e05\u6c34\u6e7e\u6bd4\u5229\u5f17\u6d77\u666f\u516c\u5bd3", "order_time": ["2019-01-09 21:54:47"], "total_order": 1, "hotel_value": ["4.8"], "hotel_price": ["266"]}, "1099239": {"hotel_name": "\u4e09\u4e9a\u6d77\u84dd\u6e7e\u5ea6\u5047\u9152\u5e97", "order_time": ["2019-01-09 21:56:19"], "total_order": 1, "hotel_value": ["4.0"], "hotel_price": ["169"]}, "396528": {"hotel_name": "\u4e09\u4e9a\u4e9a\u9f99\u6e7e\u4e94\u53f7\u5ea6\u5047\u522b\u5885\u9152\u5e97", "order_time": ["2019-01-09 21:56:20"], "total_order": 1, "hotel_value": ["4.7"], "hotel_price": ["749"]}, "1861354": {"hotel_name": "\u683c\u6797\u8c6a\u6cf0(\u4e09\u4e9a\u6625\u56ed\u6d77\u9c9c\u5e7f\u573a\u5feb\u6377\u9152\u5e97)", "order_time": ["2019-01-09 21:56:23"], "total_order": 1, "hotel_value": ["4.0"], "hotel_price": ["151"]}, "11188504": {"hotel_name": "\u4e09\u4e9a\u6d77\u68e0\u6e7e\u7559\u4e0b\u5c0f\u7b51\u4e3b\u9898\u6c11\u5bbf", "order_time": ["2019-01-09 21:56:29"], "total_order": 1, "hotel_value": ["4.8"], "hotel_price": ["125"]}, "1457262": {"hotel_name": "\u4e09\u4e9a\u5c71\u6d77\u5929JW\u4e07\u8c6a\u9152\u5e97", "order_time": ["2019-01-09 21:58:19"], "total_order": 1, "hotel_value": ["4.7"], "hotel_price": ["1233"]}, "3040204": {"hotel_name": "\u521d\u89c1\u4e09\u4e9a\u6d77\u666f\u7a7a\u4e2d\u82b1\u56ed\u5ba2\u6808", "order_time": ["2019-01-09 21:58:23"], "total_order": 1, "hotel_value": ["4.9"], "hotel_price": ["861"]}}}