{"\u5f00\u59cb\u8bb0\u5f55\u65f6\u95f4": "2019-01-24 22:11:00", "\u7ed3\u675f\u8bb0\u5f55\u65f6\u95f4": "2019-01-24 23:11:00", "\u8ba2\u5355\u603b\u589e\u91cf": 407, "item": {"3362163": {"hotel_name": "\u4e09\u4e9a\u54c8\u66fc\u5ea6\u5047\u9152\u5e97", "order_time": ["2019-01-24 22:11:48"], "total_order": 1, "hotel_value": ["4.7"], "hotel_price": ["499"]}, "25634977": {"hotel_name": "\u4e09\u4e9a\u827e\u514b\u5a01\u9152\u5e97", "order_time": ["2019-01-24 22:13:21"], "total_order": 1, "hotel_value": ["4.9"], "hotel_price": ["344"]}, "1061497": {"hotel_name": "\u4e09\u4e9a\u6052\u76db\u6d77\u666f\u5ea6\u5047\u516c\u5bd3(\u91d1\u51e4\u51f0\u6d77\u666f\u516c\u5bd3\u5e97)", "order_time": ["2019-01-24 22:13:24"], "total_order": 1, "hotel_value": ["4.9"], "hotel_price": ["392"]}, "6446036": {"hotel_name": "\u4e09\u4e9a\u51e4\u51f0\u673a\u573a\u9152\u5e97", "order_time": ["2019-01-24 23:05:25", "2019-01-24 22:57:19", "2019-01-24 22:45:21", "2019-01-24 22:39:20", "2019-01-24 22:29:30", "2019-01-24 22:13:26", "2019-01-24 23:09:34", "2019-01-24 22:19:38"], "total_order": 8, "hotel_value": ["4.6", "4.6", "4.6", "4.6", "4.6", "4.6", "4.6", "4.6"], "hotel_price": ["440", "440", "440", "440", "440", "440", "444", "444"]}, "371722": {"hotel_name": "\u4e09\u4e9a\u4e9a\u9f99\u6e7e\u91d1\u68d5\u6988\u5ea6\u5047\u9152\u5e97", "order_time": ["2019-01-24 22:13:27", "2019-01-24 22:31:28", "2019-01-24 22:49:22"], "total_order": 3, "hotel_value": ["4.6", "4.6", "4.6"], "hotel_price": ["528", "528", "528"]}, "433675": {"hotel_name": "\u4e09\u4e9a\u51e4\u51f0\u6c34\u57ce\u51ef\u83b1\u5ea6\u5047\u9152\u5e97", "order_time": ["2019-01-24 22:13:27", "2019-01-24 22:19:39", "2019-01-24 22:23:23", "2019-01-24 22:45:21"], "total_order": 4, "hotel_value": ["4.5", "4.5", "4.5", "4.5"], "hotel_price": ["338", "338", "338", "338"]}, "1486685": {"hotel_name": "\u4e09\u4e9a\u51e4\u51f0\u5c9b\u5ea6\u5047\u9152\u5e97", "order_time": ["2019-01-24 22:13:27", "2019-01-24 22:35:27", "2019-01-24 22:37:38", "2019-01-24 22:35:46"], "total_order": 4, "hotel_value": ["4.7", "4.7", "4.7", "4.7"], "hotel_price": ["1438", "1438", "1438", "1438"]}, "1185042": {"hotel_name": "\u4e09\u4e9a\u6e7e\u7ea2\u6811\u6797\u5ea6\u5047\u4e16\u754c(\u83e9\u63d0\u9152\u5e97)", "order_time": ["2019-01-24 22:13:27", "2019-01-24 22:33:39", "2019-01-24 22:15:53"], "total_order": 3, "hotel_value": ["4.7", "4.7", "4.7"], "hotel_price": ["556", "556", "556"]}, "6839693": {"hotel_name": "\u4e09\u4e9a\u68ee\u6797\u6d77\u5cb8\u6cf3\u6c60\u5ea6\u5047\u522b\u5885", "order_time": ["2019-01-24 22:13:27", "2019-01-24 23:07:27"], "total_order": 2, "hotel_value": ["4.9", "4.9"], "hotel_price": ["518", "518"]}, "346719": {"hotel_name": "\u4e09\u4e9a\u534a\u5c71\u534a\u5c9b\u5e06\u8239\u6e2f\u9152\u5e97", "order_time": ["2019-01-24 22:13:32", "2019-01-24 22:43:26"], "total_order": 2, "hotel_value": ["4.7", "4.7"], "hotel_price": ["394", "394"]}, "23134111": {"hotel_name": "\u4e09\u4e9a\u827e\u6bd4\u5229\u6d77\u666f\u4e3b\u9898\u6c11\u5bbf", "order_time": ["2019-01-24 22:13:35", "2019-01-24 22:53:35", "2019-01-24 23:09:36"], "total_order": 3, "hotel_value": ["4.9", "4.9", "4.9"], "hotel_price": ["121", "121", "121"]}, "486003": {"hotel_name": "\u4e09\u4e9a\u8708\u652f\u6d32\u5c9b\u73ca\u745a\u9152\u5e97", "order_time": ["2019-01-24 22:13:48"], "total_order": 1, "hotel_value": ["4.8"], "hotel_price": ["1050"]}, "396500": {"hotel_name": "\u4e09\u4e9a\u6e7e\u4ed9\u5c45\u5e9c\u6d77\u666f\u9152\u5e97", "order_time": ["2019-01-24 22:15:22"], "total_order": 1, "hotel_value": ["4.4"], "hotel_price": ["863"]}, "843599": {"hotel_name": "\u4e09\u4e9a\u56db\u5b63\u6d77\u5ead\u9152\u5e97", "order_time": ["2019-01-24 22:15:22", "2019-01-24 22:27:26", "2019-01-24 22:23:21", "2019-01-24 22:27:20"], "total_order": 4, "hotel_value": ["4.6", "4.6", "4.6", "4.6"], "hotel_price": ["654", "350", "350", "350"]}, "6457048": {"hotel_name": "\u4f73\u8f69\u5047\u65e5\u9152\u5e97(\u4e09\u4e9a\u51e4\u51f0\u673a\u573a\u5e97)", "order_time": ["2019-01-24 22:15:24", "2019-01-24 22:25:22"], "total_order": 2, "hotel_value": ["4.5", "4.5"], "hotel_price": ["226", "226"]}, "4029762": {"hotel_name": "\u4e09\u4e9a\u6d77\u5fc3\u613f\u6d77\u666f\u5ea6\u5047\u516c\u5bd3", "order_time": ["2019-01-24 22:15:24"], "total_order": 1, "hotel_value": ["4.7"], "hotel_price": ["384"]}, "6287098": {"hotel_name": "\u4e09\u4e9a\u6ce5\u5bbf\u827a\u672f\u9152\u5e97", "order_time": ["2019-01-24 22:15:25"], "total_order": 1, "hotel_value": ["4.5"], "hotel_price": ["137"]}, "435983": {"hotel_name": "\u4e09\u4e9a\u4e9a\u9f99\u6e7e\u4eba\u95f4\u5929\u5802-\u9e1f\u5de2\u5ea6\u5047\u6751", "order_time": ["2019-01-24 22:15:26", "2019-01-24 23:05:22"], "total_order": 2, "hotel_value": ["4.6", "4.6"], "hotel_price": ["1370", "1370"]}, "372133": {"hotel_name": "\u4e09\u4e9a\u73e0\u6c5f\u82b1\u56ed\u9152\u5e97", "order_time": ["2019-01-24 22:15:26"], "total_order": 1, "hotel_value": ["4.4"], "hotel_price": ["358"]}, "879580": {"hotel_name": "\u9526\u6c5f\u4e4b\u661f(\u4e09\u4e9a\u56fd\u9645\u8d2d\u7269\u4e2d\u5fc3\u6d77\u666f\u5e97)", "order_time": ["2019-01-24 23:09:28", "2019-01-24 22:59:22", "2019-01-24 22:15:26"], "total_order": 3, "hotel_value": ["4.5", "4.5", "4.5"], "hotel_price": ["179", "179", "179"]}, "344904": {"hotel_name": "\u4e09\u4e9a\u80dc\u610f\u5927\u9152\u5e97", "order_time": ["2019-01-24 22:15:27", "2019-01-24 22:51:41"], "total_order": 2, "hotel_value": ["4.7", "4.7"], "hotel_price": ["508", "508"]}, "707593": {"hotel_name": "\u4e09\u4e9a\u51e4\u51f0\u5c9b\u6d77\u6d0b\u4e4b\u661f\u5ea6\u5047\u9152\u5e97", "order_time": ["2019-01-24 22:25:29", "2019-01-24 22:39:20", "2019-01-24 22:15:27", "2019-01-24 22:31:24"], "total_order": 4, "hotel_value": ["4.6", "4.6", "4.6", "4.6"], "hotel_price": ["552", "552", "552", "552"]}, "1251671": {"hotel_name": "\u9526\u6c5f\u4e4b\u661f(\u4e09\u4e9a\u6cb3\u897f\u8def\u6b65\u884c\u6865\u6cb3\u666f\u5e97)", "order_time": ["2019-01-24 22:15:28"], "total_order": 1, "hotel_value": ["4.5"], "hotel_price": ["183"]}, "473314": {"hotel_name": "\u4e09\u4e9a\u4e8c\u6708\u6d77\u6d77\u666f\u9152\u5e97", "order_time": ["2019-01-24 22:15:28", "2019-01-24 22:55:26"], "total_order": 2, "hotel_value": ["4.8", "4.8"], "hotel_price": ["153", "153"]}, "436675": {"hotel_name": "\u4e09\u4e9a\u5927\u4e1c\u6d77\u541b\u4ead\u9152\u5e97", "order_time": ["2019-01-24 22:15:30"], "total_order": 1, "hotel_value": ["4.8"], "hotel_price": ["333"]}, "6476957": {"hotel_name": "\u4e09\u4e9a\u5174\u5b89\u957f\u5cf0\u5927\u9152\u5e97", "order_time": ["2019-01-24 22:15:31", "2019-01-24 22:25:24"], "total_order": 2, "hotel_value": ["4.5", "4.5"], "hotel_price": ["298", "298"]}, "1601597": {"hotel_name": "\u4e09\u4e9a\u592a\u9633\u6e7e\u67cf\u60a6\u9152\u5e97", "order_time": ["2019-01-24 23:07:39", "2019-01-24 22:47:29", "2019-01-24 22:15:32"], "total_order": 3, "hotel_value": ["4.7", "4.7", "4.7"], "hotel_price": ["1967", "1967", "1967"]}, "4498098": {"hotel_name": "\u4e09\u4e9a\u91d1\u6d77\u6e7e\u9752\u5e74\u65c5\u820d", "order_time": ["2019-01-24 22:15:35"], "total_order": 1, "hotel_value": ["4.4"], "hotel_price": ["36"]}, "1645771": {"hotel_name": "\u4e09\u4e9a\u68c0\u987a\u5546\u52a1\u9152\u5e97(\u539f\u805a\u946b\u56ed\u5546\u52a1\u9152\u5e97)", "order_time": ["2019-01-24 22:17:21"], "total_order": 1, "hotel_value": ["4.1"], "hotel_price": ["168"]}, "13975638": {"hotel_name": "\u4e09\u4e9a\u9b45\u84dd\u4e4b\u591c\u4e3b\u9898\u9152\u5e97", "order_time": ["2019-01-24 22:17:22"], "total_order": 1, "hotel_value": ["4.8"], "hotel_price": ["126"]}, "17533420": {"hotel_name": "\u4e09\u4e9a\u5927\u4e1c\u6d77\u9152\u5e97", "order_time": ["2019-01-24 22:51:31", "2019-01-24 22:17:22", "2019-01-24 22:23:29", "2019-01-24 22:31:24", "2019-01-24 22:45:22", "2019-01-24 22:37:24"], "total_order": 6, "hotel_value": ["4.8", "4.8", "4.8", "4.8", "4.8", "4.8"], "hotel_price": ["483", "483", "483", "483", "483", "483"]}, "347462": {"hotel_name": "\u4e09\u4e9a\u6d77\u68e0\u6e7e9\u53f7\u5ea6\u5047\u9152\u5e97", "order_time": ["2019-01-24 22:19:26", "2019-01-24 22:31:24", "2019-01-24 22:17:22", "2019-01-24 22:45:22"], "total_order": 4, "hotel_value": ["4.7", "4.7", "4.7", "4.7"], "hotel_price": ["746", "746", "746", "746"]}, "346691": {"hotel_name": "\u4e09\u4e9a\u9e3f\u6d32\u57c3\u5fb7\u745e\u9152\u5e97", "order_time": ["2019-01-24 22:21:20", "2019-01-24 22:17:23"], "total_order": 2, "hotel_value": ["4.3", "4.3"], "hotel_price": ["408", "408"]}, "6486443": {"hotel_name": "\u4e09\u4e9a\u5b9d\u745e\u7cbe\u54c1\u5ea6\u5047\u516c\u5bd3", "order_time": ["2019-01-24 23:01:27", "2019-01-24 22:17:23"], "total_order": 2, "hotel_value": ["4.4", "4.4"], "hotel_price": ["193", "203"]}, "918535": {"hotel_name": "\u4e45\u6816\u00b7\u4e09\u4e9a\u67ab\u4f20\u8bf4\u6d77\u666f\u5ea6\u5047\u516c\u5bd3", "order_time": ["2019-01-24 23:01:21", "2019-01-24 22:17:24"], "total_order": 2, "hotel_value": ["4.9", "4.9"], "hotel_price": ["242", "242"]}, "6841281": {"hotel_name": "\u4e09\u4e9a\u60a6\u4fe1\u7f8e\u9ad8\u7f8e\u56fd\u9645\u9152\u5e97", "order_time": ["2019-01-24 22:17:24"], "total_order": 1, "hotel_value": ["4.6"], "hotel_price": ["423"]}, "9626476": {"hotel_name": "\u4e09\u4e9a\u67ab\u6797\u665a\u667a\u6167\u4e3b\u9898\u9152\u5e97\u51e4\u51f0\u673a\u573a\u5e97", "order_time": ["2019-01-24 22:17:25", "2019-01-24 22:45:26"], "total_order": 2, "hotel_value": ["4.7", "4.7"], "hotel_price": ["181", "181"]}, "773075": {"hotel_name": "\u4e09\u4e9a\u6d3e\u745e\u9152\u5e97", "order_time": ["2019-01-24 22:57:24", "2019-01-24 22:17:27", "2019-01-24 22:25:20"], "total_order": 3, "hotel_value": ["4.5", "4.5", "4.5"], "hotel_price": ["232", "232", "232"]}, "470577": {"hotel_name": "\u4e09\u4e9a\u5357\u5c71\u4f11\u95f2\u4f1a\u9986\u7985\u4fee\u4e3b\u9898", "order_time": ["2019-01-24 22:23:37", "2019-01-24 22:17:28", "2019-01-24 22:25:22"], "total_order": 3, "hotel_value": ["4.5", "4.5", "4.5"], "hotel_price": ["566", "566", "566"]}, "4033951": {"hotel_name": "\u4e09\u4e9a\u51e4\u51f0\u5c9b\u6d77\u6d0b\u4e4b\u68a6\u5ea6\u5047\u9152\u5e97", "order_time": ["2019-01-24 22:17:28", "2019-01-24 22:59:22", "2019-01-24 22:21:28", "2019-01-24 22:27:25"], "total_order": 4, "hotel_value": ["4.7", "4.7", "4.7", "4.7"], "hotel_price": ["1259", "1259", "1259", "1259"]}, "20238200": {"hotel_name": "\u4e09\u4e9a\u516d\u7532\u9152\u5e97", "order_time": ["2019-01-24 22:17:30"], "total_order": 1, "hotel_value": ["4.6"], "hotel_price": ["417"]}, "25212808": {"hotel_name": "\u65c5\u4e4b\u5bb6\u6d77\u666f\u5ea6\u5047\u516c\u5bd3(\u4e09\u4e9a\u6e7e\u5e97)", "order_time": ["2019-01-24 22:55:24", "2019-01-24 23:03:29", "2019-01-24 22:17:32", "2019-01-24 22:53:41"], "total_order": 4, "hotel_value": ["5.0", "5.0", "5.0", "5.0"], "hotel_price": ["121", "121", "121", "121"]}, "3291978": {"hotel_name": "\u4e09\u4e9a\u6d41\u6d6a\u8005\u9a7f\u7ad9", "order_time": ["2019-01-24 22:17:36"], "total_order": 1, "hotel_value": ["4.7"], "hotel_price": ["40"]}, "773878": {"hotel_name": "\u9f99\u4e91\u5546\u52a1\u5feb\u6377\u9152\u5e97(\u4e09\u4e9a\u51e4\u51f0\u673a\u573a\u5e97)", "order_time": ["2019-01-24 22:17:43"], "total_order": 1, "hotel_value": ["4.2"], "hotel_price": ["133"]}, "11444334": {"hotel_name": "\u4e09\u4e9a\u4e9a\u9f99\u6e7e\u5e0c\u60a6\u7cbe\u54c1\u522b\u5885\u9152\u5e97", "order_time": ["2019-01-24 22:17:50"], "total_order": 1, "hotel_value": ["4.6"], "hotel_price": ["529"]}, "2645085": {"hotel_name": "\u4e09\u4e9a\u9f99\u5f97\u6c34\u82d1\u4e3b\u9898\u5ba2\u6808\uff08\u6d77\u6708\u5e7f\u573a\u5e97\uff09", "order_time": ["2019-01-24 22:19:23"], "total_order": 1, "hotel_value": ["4.5"], "hotel_price": ["113"]}, "19107609": {"hotel_name": "\u4e09\u4e9a\u8054\u6295\u541b\u4ead\u9152\u5e97", "order_time": ["2019-01-24 22:19:25"], "total_order": 1, "hotel_value": ["4.6"], "hotel_price": ["588"]}, "468875": {"hotel_name": "\u6674\u5929\u7389\u6ee9\u6d77\u666f\u5ea6\u5047\u516c\u5bd3(\u4e09\u4e9a\u6e7e\u5e97)", "order_time": ["2019-01-24 22:19:25"], "total_order": 1, "hotel_value": ["4.1"], "hotel_price": ["134"]}, "428318": {"hotel_name": "\u4e09\u4e9a\u6021\u5ead\u9152\u5e97", "order_time": ["2019-01-24 22:39:20", "2019-01-24 22:19:25", "2019-01-24 22:31:24"], "total_order": 3, "hotel_value": ["4.8", "4.8", "4.8"], "hotel_price": ["266", "266", "266"]}, "440685": {"hotel_name": "\u4e09\u4e9a\u7389\u6d77\u56fd\u9645\u5ea6\u5047\u9152\u5e97", "order_time": ["2019-01-24 22:25:29", "2019-01-24 22:19:26"], "total_order": 2, "hotel_value": ["4.5", "4.5"], "hotel_price": ["309", "309"]}, "4371952": {"hotel_name": "\u4e09\u4e9a\u534e\u5b87\u4e9a\u9f99\u6e7e\u8fce\u5bbe\u9986", "order_time": ["2019-01-24 22:19:26", "2019-01-24 23:01:25", "2019-01-24 22:45:22"], "total_order": 3, "hotel_value": ["4.7", "4.7", "4.7"], "hotel_price": ["899", "899", "899"]}, "453426": {"hotel_name": "\u4e09\u4e9a\u7f8e\u5ea6\u9152\u5e97", "order_time": ["2019-01-24 22:59:27", "2019-01-24 22:19:31"], "total_order": 2, "hotel_value": ["4.4", "4.4"], "hotel_price": ["129", "129"]}, "5265993": {"hotel_name": "\u4e09\u4e9a\u6d77\u8fb9\u513f\u5ea6\u5047\u522b\u5885(\u5929\u6daf\u6d77\u89d2\u5e97)", "order_time": ["2019-01-24 22:19:33"], "total_order": 1, "hotel_value": ["4.7"], "hotel_price": ["443"]}, "4410283": {"hotel_name": "\u4e09\u4e9a\u5b50\u60a6\u5eb7\u5e74\u9152\u5e97(\u539f\u4e2d\u94c1\u5b50\u60a6\u5eb7\u5e74\u5546\u52a1\u9152\u5e97)", "order_time": ["2019-01-24 22:19:39"], "total_order": 1, "hotel_value": ["4.6"], "hotel_price": ["380"]}, "440975": {"hotel_name": "\u4e09\u4e9a\u4e1c\u65b9\u6d77\u666f\u5927\u9152\u5e97", "order_time": ["2019-01-24 22:19:39", "2019-01-24 22:45:27"], "total_order": 2, "hotel_value": ["4.3", "4.3"], "hotel_price": ["266", "266"]}, "14999032": {"hotel_name": "\u4e09\u4e9a\u4e9a\u9f99\u6e7e\u6d6e\u751f\u82e5\u5bbf\u8bbe\u8ba1\u6c11\u5bbf", "order_time": ["2019-01-24 22:21:20"], "total_order": 1, "hotel_value": ["4.9"], "hotel_price": ["457"]}, "3197195": {"hotel_name": "\u54ea\u91cc\u90a3\u91cc\u6d77\u5cb8\u7cbe\u54c1\u5ba2\u6808(\u4e09\u4e9a\u4e9a\u9f99\u6e7e\u5e97)", "order_time": ["2019-01-24 22:21:22", "2019-01-24 22:25:27"], "total_order": 2, "hotel_value": ["4.8", "4.8"], "hotel_price": ["371", "371"]}, "3041884": {"hotel_name": "\u4e09\u4e9a\u4e3d\u79be\u6e29\u5fb7\u59c6\u9152\u5e97", "order_time": ["2019-01-24 22:21:25"], "total_order": 1, "hotel_value": ["4.8"], "hotel_price": ["730"]}, "429615": {"hotel_name": "\u4e09\u4e9a\u4e9a\u9f99\u6e7e\u541b\u6f9c\u5ea6\u5047\u9152\u5e97(\u539f\u5047\u65e5\u5ea6\u5047\u9152\u5e97)", "order_time": ["2019-01-24 22:21:25", "2019-01-24 22:25:29"], "total_order": 2, "hotel_value": ["4.5", "4.5"], "hotel_price": ["668", "668"]}, "12420349": {"hotel_name": "\u65c5\u5bb6\u6d77\u666f\u5ea6\u5047\u9152\u5e97\u5f0f\u516c\u5bd3(\u4e09\u4e9a\u5927\u4e1c\u6d77\u5e97)", "order_time": ["2019-01-24 22:21:25", "2019-01-24 23:05:30", "2019-01-24 23:01:22"], "total_order": 3, "hotel_value": ["4.9", "4.9", "4.9"], "hotel_price": ["206", "206", "206"]}, "25804375": {"hotel_name": "\u4e09\u4e9a\u6e90\u5bbf\u5c0f\u9662", "order_time": ["2019-01-24 22:21:25"], "total_order": 1, "hotel_value": ["4.9"], "hotel_price": ["183"]}, "346690": {"hotel_name": "\u4e09\u4e9a\u94f6\u6cf0\u9633\u5149\u5ea6\u5047\u9152\u5e97(\u539f\u4e09\u4e9a\u6e58\u6295\u94f6\u6cf0\u5ea6\u5047\u9152\u5e97)", "order_time": ["2019-01-24 22:21:25", "2019-01-24 22:59:28"], "total_order": 2, "hotel_value": ["4.8", "4.8"], "hotel_price": ["1436", "1436"]}, "17325404": {"hotel_name": "\u4e09\u4e9a\u6d1b\u514b\u94c2\u91d1\u6d77\u666f\u9152\u5e97", "order_time": ["2019-01-24 22:55:24", "2019-01-24 22:43:26", "2019-01-24 22:21:27"], "total_order": 3, "hotel_value": ["4.4", "4.4", "4.4"], "hotel_price": ["559", "559", "559"]}, "16948036": {"hotel_name": "\u4e09\u4e9a\u6e7e\u7ea2\u6811\u6797\u5ea6\u5047\u4e16\u754c(\u5927\u738b\u68d5\u9152\u5e97)", "order_time": ["2019-01-24 22:45:29", "2019-01-24 22:21:28"], "total_order": 2, "hotel_value": ["4.7", "4.7"], "hotel_price": ["656", "656"]}, "643641": {"hotel_name": "\u4e09\u4e9a\u51e4\u51f0\u673a\u573a\u6d77\u822a\u5feb\u6377\u9152\u5e97", "order_time": ["2019-01-24 22:21:28", "2019-01-24 23:05:22"], "total_order": 2, "hotel_value": ["4.1", "4.1"], "hotel_price": ["208", "208"]}, "1739015": {"hotel_name": "\u4e09\u4e9a\u9f99\u5174\u83b1\u66fc\u6d77\u666f\u5ea6\u5047\u9152\u5e97", "order_time": ["2019-01-24 22:21:29", "2019-01-24 23:03:22", "2019-01-24 22:25:41"], "total_order": 3, "hotel_value": ["4.4", "4.4", "4.4"], "hotel_price": ["489", "489", "489"]}, "2021754": {"hotel_name": "\u4e09\u4e9a\u4fdd\u5229\u5929\u827a\u51e4\u51f0\u9152\u5e97", "order_time": ["2019-01-24 22:21:29", "2019-01-24 22:59:41"], "total_order": 2, "hotel_value": ["4.4", "4.4"], "hotel_price": ["320", "320"]}, "661552": {"hotel_name": "\u4e09\u4e9a\u51e4\u51f0\u5c9b\u5927\u603b\u7edf\u5ea6\u5047\u9152\u5e97", "order_time": ["2019-01-24 22:21:50"], "total_order": 1, "hotel_value": ["4.1"], "hotel_price": ["389"]}, "8577347": {"hotel_name": "\u4e09\u4e9a\u4e3d\u820d\u6d77\u666f\u5957\u623f\u5ea6\u5047\u516c\u5bd3", "order_time": ["2019-01-24 22:23:22"], "total_order": 1, "hotel_value": ["4.8"], "hotel_price": ["461"]}, "15812110": {"hotel_name": "\u4e09\u4e9a\u7ea2\u5858\u6e7e\u5efa\u56fd\u5ea6\u5047\u9152\u5e97", "order_time": ["2019-01-24 22:25:30", "2019-01-24 22:23:24"], "total_order": 2, "hotel_value": ["4.7", "4.7"], "hotel_price": ["390", "390"]}, "346684": {"hotel_name": "\u4e09\u4e9a\u73e0\u6c5f\u5357\u7530\u6e29\u6cc9\u5ea6\u5047\u533a", "order_time": ["2019-01-24 22:45:35", "2019-01-24 22:23:24"], "total_order": 2, "hotel_value": ["4.3", "4.3"], "hotel_price": ["428", "428"]}, "24609830": {"hotel_name": "\u4e09\u4e9a\u6d77\u68e0\u6e7e\u5c0f\u68e0\u522b\u9662\u827a\u672f\u6c11\u5bbf", "order_time": ["2019-01-24 22:23:24"], "total_order": 1, "hotel_value": ["4.8"], "hotel_price": ["367"]}, "15249049": {"hotel_name": "\u7f8e\u4e3d\u4e4b\u51a0\u5927\u6811\u7687\u51a0\u5047\u65e5\u9152\u5e97", "order_time": ["2019-01-24 22:23:24"], "total_order": 1, "hotel_value": ["4.4"], "hotel_price": ["242"]}, "896114": {"hotel_name": "\u4e09\u4e9a\u534a\u5c9b\u6d77\u666f\u5ea6\u5047\u516c\u5bd3", "order_time": ["2019-01-24 22:23:25"], "total_order": 1, "hotel_value": ["4.8"], "hotel_price": ["216"]}, "473351": {"hotel_name": "\u4e09\u4e9a\u4e9a\u9f99\u6e7e\u827e\u7433\u8fbe\u7cbe\u54c1\u5ea6\u5047\u9152\u5e97", "order_time": ["2019-01-24 22:23:26"], "total_order": 1, "hotel_value": ["4.1"], "hotel_price": ["249"]}, "431643": {"hotel_name": "\u5168\u5b63\u9152\u5e97(\u4e09\u4e9a\u4e2d\u5fc3\u5e97)", "order_time": ["2019-01-24 22:23:26"], "total_order": 1, "hotel_value": ["4.6"], "hotel_price": ["341"]}, "23405481": {"hotel_name": "\u4e09\u4e9a\u6d77\u68e0\u6e7e\u4e9a\u4e01\u65af\u5ea6\u5047\u522b\u5885", "order_time": ["2019-01-24 22:23:26"], "total_order": 1, "hotel_value": ["4.9"], "hotel_price": ["682"]}, "447842": {"hotel_name": "\u4e09\u4e9a\u666f\u5229\u83b1\u5ea6\u5047\u9152\u5e97", "order_time": ["2019-01-24 22:23:28"], "total_order": 1, "hotel_value": ["4.4"], "hotel_price": ["292"]}, "2021336": {"hotel_name": "\u4e09\u4e9a\u82f1\u8fea\u65af\u5ea6\u5047\u65c5\u79df", "order_time": ["2019-01-24 22:23:28", "2019-01-24 22:57:22"], "total_order": 2, "hotel_value": ["4.5", "4.5"], "hotel_price": ["123", "123"]}, "346676": {"hotel_name": "\u4e09\u4e9a\u56fd\u5149\u8c6a\u751f\u5ea6\u5047\u9152\u5e97", "order_time": ["2019-01-24 22:23:29", "2019-01-24 23:03:18", "2019-01-24 22:45:22", "2019-01-24 23:01:25", "2019-01-24 22:37:24"], "total_order": 5, "hotel_value": ["4.6", "4.6", "4.6", "4.6", "4.6"], "hotel_price": ["749", "749", "749", "749", "749"]}, "441316": {"hotel_name": "\u4e09\u4e9a\u8c6a\u5a01\u9e92\u9e9f\u5927\u9152\u5e97", "order_time": ["2019-01-24 22:23:30"], "total_order": 1, "hotel_value": ["4.4"], "hotel_price": ["216"]}, "10492389": {"hotel_name": "\u4e09\u4e9a\u9082\u9005\u6d77\u666f\u9752\u5e74\u65c5\u820d", "order_time": ["2019-01-24 22:23:40"], "total_order": 1, "hotel_value": ["4.6"], "hotel_price": ["30"]}, "1052890": {"hotel_name": "\u4e09\u4e9a\u597d\u671b\u89d2\u6d77\u666f\u6c11\u5bbf", "order_time": ["2019-01-24 22:23:51"], "total_order": 1, "hotel_value": ["4.4"], "hotel_price": ["168"]}, "21696606": {"hotel_name": "\u989c\u820d\u6d77\u666f\u522b\u5885\u9152\u5e97(\u4e09\u4e9a\u5927\u4e1c\u6d77\u5e97)", "order_time": ["2019-01-24 22:25:20"], "total_order": 1, "hotel_value": ["4.8"], "hotel_price": ["171"]}, "2883738": {"hotel_name": "\u4e09\u4e9a\u9082\u9005\u65f6\u5149\u827a\u672f\u5ba2\u6808", "order_time": ["2019-01-24 22:53:26", "2019-01-24 22:25:20", "2019-01-24 22:51:23"], "total_order": 3, "hotel_value": ["4.6", "4.6", "4.6"], "hotel_price": ["168", "168", "168"]}, "6345626": {"hotel_name": "\u67cf\u680e\u5ea6\u5047\u9152\u5e97(\u4e09\u4e9a\u5343\u53e4\u60c5\u5e97)", "order_time": ["2019-01-24 22:25:24"], "total_order": 1, "hotel_value": ["4.5"], "hotel_price": ["382"]}, "8589293": {"hotel_name": "\u4e09\u4e9a\u6e7e\u6768\u5174\u7cbe\u54c1\u5ea6\u5047\u9152\u5e97(\u4e09\u4e9a\u6e7e\u827e\u9605\u7cbe\u54c1\u5ea6\u5047\u9152\u5e97)", "order_time": ["2019-01-24 22:25:26"], "total_order": 1, "hotel_value": ["4.8"], "hotel_price": ["262"]}, "470083": {"hotel_name": "\u6d77\u5357\u96c5\u5c45\u4e50\u83b1\u4f5b\u58eb\u9152\u5e97", "order_time": ["2019-01-24 22:25:28"], "total_order": 1, "hotel_value": ["4.8"], "hotel_price": ["988"]}, "345069": {"hotel_name": "\u4e09\u4e9a\u6d77\u68e0\u6e7e\u4e07\u8fbe\u5e0c\u5c14\u987f\u9038\u6797\u5ea6\u5047\u9152\u5e97", "order_time": ["2019-01-24 22:25:28"], "total_order": 1, "hotel_value": ["4.5"], "hotel_price": ["630"]}, "2266347": {"hotel_name": "\u4f9d\u6d77\u4f73\u7f18\u6d77\u666f\u5957\u623f\u516c\u5bd3(\u4e09\u4e9a\u6e7e\u5e97)", "order_time": ["2019-01-24 22:25:29", "2019-01-24 22:37:22"], "total_order": 2, "hotel_value": ["4.9", "4.9"], "hotel_price": ["340", "340"]}, "346702": {"hotel_name": "\u4e09\u4e9a\u8fb0\u5149\u514b\u62c9\u7801\u5934\u9152\u5e97", "order_time": ["2019-01-24 22:25:29", "2019-01-24 22:49:22", "2019-01-24 22:43:26"], "total_order": 3, "hotel_value": ["4.6", "4.6", "4.6"], "hotel_price": ["406", "406", "406"]}, "2013175": {"hotel_name": "\u4e09\u4e9a\u5bcc\u65af\u9152\u5e97", "order_time": ["2019-01-24 22:25:34"], "total_order": 1, "hotel_value": ["4.8"], "hotel_price": ["154"]}, "2705938": {"hotel_name": "\u4e09\u4e9a\u514b\u62c9\u5c14\u9152\u5e97\u00b7\u6d77\u5cb8\u7cbe\u9009", "order_time": ["2019-01-24 22:25:41", "2019-01-24 22:59:34", "2019-01-24 22:27:21"], "total_order": 3, "hotel_value": ["4.7", "4.7", "4.7"], "hotel_price": ["146", "146", "146"]}, "21641576": {"hotel_name": "\u7f8e\u4e3d\u6d77\u9152\u5e97(\u4e09\u4e9a\u51e4\u51f0\u673a\u573a\u5e97)", "order_time": ["2019-01-24 22:27:23"], "total_order": 1, "hotel_value": ["4.5"], "hotel_price": ["130"]}, "427277": {"hotel_name": "\u4e09\u4e9a\u4e2d\u5fc3\u7687\u51a0\u5047\u65e5\u9152\u5e97", "order_time": ["2019-01-24 22:35:20", "2019-01-24 22:49:22", "2019-01-24 22:45:35", "2019-01-24 22:27:24"], "total_order": 4, "hotel_value": ["4.7", "4.7", "4.7", "4.7"], "hotel_price": ["1639", "1639", "1639", "1639"]}, "346775": {"hotel_name": "\u4e09\u4e9a\u4e9a\u9f99\u6e7e\u73af\u7403\u57ce\u5927\u9152\u5e97", "order_time": ["2019-01-24 22:27:24"], "total_order": 1, "hotel_value": ["4.2"], "hotel_price": ["390"]}, "6395268": {"hotel_name": "\u4e09\u4e9a\u60a6\u6d77\u5ea6\u5047\u6d0b\u623f\u522b\u5885", "order_time": ["2019-01-24 22:27:24"], "total_order": 1, "hotel_value": ["4.7"], "hotel_price": ["378"]}, "427279": {"hotel_name": "\u4e09\u4e9a\u5357\u5c71\u8fce\u5bbe\u9986", "order_time": ["2019-01-24 22:27:25", "2019-01-24 22:55:25"], "total_order": 2, "hotel_value": ["4.6", "4.6"], "hotel_price": ["609", "609"]}, "15717524": {"hotel_name": "\u8d30\u53f7\u8bbe\u8ba1\u9152\u5e97(\u4e09\u4e9a\u51e4\u51f0\u673a\u573a\u5e97)", "order_time": ["2019-01-24 22:27:26"], "total_order": 1, "hotel_value": ["4.6"], "hotel_price": ["179"]}, "346673": {"hotel_name": "\u4e09\u4e9a\u534a\u5c71\u534a\u5c9b\u5ea6\u5047\u9152\u5e97(\u5168\u5957\u623f)", "order_time": ["2019-01-24 23:09:34", "2019-01-24 22:27:26", "2019-01-24 22:45:21"], "total_order": 3, "hotel_value": ["4.6", "4.6", "4.6"], "hotel_price": ["752", "752", "752"]}, "16897771": {"hotel_name": "\u4e09\u4e9a\u6d77\u68e0\u6e7e\u9e93\u6e56\u5ea6\u5047\u9152\u5e97", "order_time": ["2019-01-24 22:29:30", "2019-01-24 22:45:21"], "total_order": 2, "hotel_value": ["4.7", "4.7"], "hotel_price": ["493", "493"]}, "6007926": {"hotel_name": "\u4e09\u4e9a\u827e\u8fea\u900a\u9152\u5e97", "order_time": ["2019-01-24 22:59:30", "2019-01-24 23:07:25", "2019-01-24 22:47:22", "2019-01-24 22:31:24", "2019-01-24 22:45:22"], "total_order": 5, "hotel_value": ["4.7", "4.7", "4.7", "4.7", "4.7"], "hotel_price": ["1788", "1788", "1788", "1788", "1788"]}, "345093": {"hotel_name": "\u4e09\u4e9a\u9633\u5149\u5927\u9152\u5e97", "order_time": ["2019-01-24 22:31:28"], "total_order": 1, "hotel_value": ["4.6"], "hotel_price": ["406"]}, "1851255": {"hotel_name": "\u4e09\u4e9a\u6d77\u4e4b\u84dd\u6c34\u679c\u82b1\u623f\u4e3b\u9898\u5ba2\u6808", "order_time": ["2019-01-24 22:31:46"], "total_order": 1, "hotel_value": ["4.0"], "hotel_price": ["64"]}, "14074913": {"hotel_name": "\u4e09\u4e9a\u4e9a\u9f99\u6e7e\u96c5\u9601\u6e29\u6cc9\u5ea6\u5047\u9152\u5e97", "order_time": ["2019-01-24 22:33:22", "2019-01-24 22:43:23"], "total_order": 2, "hotel_value": ["4.7", "4.7"], "hotel_price": ["2188", "2188"]}, "1137078": {"hotel_name": "\u6d77\u5357\u6e05\u6c34\u6e7e\u5047\u65e5\u5ea6\u5047\u9152\u5e97", "order_time": ["2019-01-24 22:33:22"], "total_order": 1, "hotel_value": ["4.7"], "hotel_price": ["550"]}, "346664": {"hotel_name": "\u4e09\u4e9a\u541b\u7136\u6e29\u6cc9\u5ea6\u5047\u9152\u5e97", "order_time": ["2019-01-24 23:05:23", "2019-01-24 22:35:20"], "total_order": 2, "hotel_value": ["4.5", "4.5"], "hotel_price": ["319", "319"]}, "346768": {"hotel_name": "\u4e09\u4e9a\u534a\u5c71\u9526\u6c5f\u6d77\u666f\u5ea6\u5047\u9152\u5e97(\u8d35\u5bbe\u697c)", "order_time": ["2019-01-24 22:35:23", "2019-01-24 22:49:22"], "total_order": 2, "hotel_value": ["4.5", "4.5"], "hotel_price": ["448", "448"]}, "28366169": {"hotel_name": "7\u5929\u4f18\u54c1\u9152\u5e97(\u4e09\u4e9a\u6e7e\u6d77\u6708\u5e7f\u573a\u6d77\u666f\u5e97)", "order_time": ["2019-01-24 22:43:43", "2019-01-24 22:35:42"], "total_order": 2, "hotel_value": ["4.7", "4.7"], "hotel_price": ["161", "161"]}, "1458154": {"hotel_name": "\u4e09\u4e9a\u8f6c\u89d2\u9047\u5230\u6d77\u4e3b\u9898\u5ba2\u6808", "order_time": ["2019-01-24 22:35:43"], "total_order": 1, "hotel_value": ["4.4"], "hotel_price": ["108"]}, "6245445": {"hotel_name": "\u4e09\u4e9a\u8d1d\u65af\u7279\u97e6\u65af\u7279\u7cbe\u54c1\u56fd\u9645\u5ea6\u5047\u9152\u5e97", "order_time": ["2019-01-24 22:37:27"], "total_order": 1, "hotel_value": ["4.7"], "hotel_price": ["468"]}, "430163": {"hotel_name": "\u4e09\u4e9a\u4e9a\u9f99\u6e7e\u94c2\u5c14\u66fc\u522b\u5885\u5ea6\u5047\u9152\u5e97", "order_time": ["2019-01-24 22:37:27"], "total_order": 1, "hotel_value": ["4.6"], "hotel_price": ["1899"]}, "26535660": {"hotel_name": "\u4e09\u4e9a\u7231\u5fc5\u4fac\u68e0\u6e7e\u5ea6\u5047\u516c\u5bd3", "order_time": ["2019-01-24 22:47:22", "2019-01-24 22:39:23"], "total_order": 2, "hotel_value": ["4.4", "4.4"], "hotel_price": ["929", "929"]}, "4845384": {"hotel_name": "\u4e09\u4e9a\u84dd\u5cb8\u6d77\u8fb9\u4e3b\u9898\u9152\u5e97", "order_time": ["2019-01-24 22:41:42"], "total_order": 1, "hotel_value": ["4.7"], "hotel_price": ["127"]}, "12671479": {"hotel_name": "\u4e09\u4e9a\u6da6\u5fb7\u6e7f\u5730\u516c\u56ed\u9152\u5e97", "order_time": ["2019-01-24 22:43:23"], "total_order": 1, "hotel_value": ["4.7"], "hotel_price": ["390"]}, "2005665": {"hotel_name": "\u4e09\u4e9a\u6d77\u68e0\u6e7e9\u53f7\u884c\u653f\u697c", "order_time": ["2019-01-24 22:43:26"], "total_order": 1, "hotel_value": ["4.6"], "hotel_price": ["879"]}, "437377": {"hotel_name": "\u4e09\u4e9a\u6d77\u68e0\u6e7e\u5fa1\u6d77\u68e0\u8c6a\u534e\u7cbe\u9009\u5ea6\u5047\u9152\u5e97", "order_time": ["2019-01-24 22:45:21"], "total_order": 1, "hotel_value": ["4.7"], "hotel_price": ["899"]}, "346772": {"hotel_name": "\u4e09\u4e9a\u60a6\u6995\u5e84", "order_time": ["2019-01-24 22:45:21"], "total_order": 1, "hotel_value": ["4.7"], "hotel_price": ["2988"]}, "346766": {"hotel_name": "\u4e09\u4e9a\u4e9a\u9f99\u6e7e\u51ef\u83b1\u4ed9\u4eba\u638c\u5ea6\u5047\u9152\u5e97", "order_time": ["2019-01-24 22:45:21"], "total_order": 1, "hotel_value": ["4.6"], "hotel_price": ["444"]}, "374842": {"hotel_name": "\u4e09\u4e9a\u6e7e\u6d77\u5c45\u94c2\u5c14\u66fc\u5ea6\u5047\u9152\u5e97", "order_time": ["2019-01-24 22:45:22", "2019-01-24 22:49:21", "2019-01-24 23:09:25"], "total_order": 3, "hotel_value": ["4.7", "4.7", "4.7"], "hotel_price": ["840", "840", "840"]}, "345074": {"hotel_name": "\u4e09\u4e9a\u4e9a\u9f99\u6e7e\u745e\u5409\u5ea6\u5047\u9152\u5e97", "order_time": ["2019-01-24 22:45:22", "2019-01-24 22:49:21", "2019-01-24 23:01:25"], "total_order": 3, "hotel_value": ["4.7", "4.7", "4.7"], "hotel_price": ["1399", "1399", "1399"]}, "25630698": {"hotel_name": "\u4e09\u4e9a\u6d77\u68e0\u6e7e\u8ffd\u6d77\u6d41\u5149\u65c5\u79df", "order_time": ["2019-01-24 22:45:23"], "total_order": 1, "hotel_value": ["4.6"], "hotel_price": ["163"]}, "481437": {"hotel_name": "\u9526\u6c5f\u4e4b\u661f(\u4e09\u4e9a\u89e3\u653e\u8def\u5e97)", "order_time": ["2019-01-24 22:45:23"], "total_order": 1, "hotel_value": ["4.6"], "hotel_price": ["169"]}, "1118574": {"hotel_name": "\u4e09\u4e9a\u6fb3\u59ae\u65af\u9152\u5e97", "order_time": ["2019-01-24 22:45:23"], "total_order": 1, "hotel_value": ["4.8"], "hotel_price": ["198"]}, "1700938": {"hotel_name": "\u4e09\u4e9a\u541b\u4e34\u5047\u65e5\u9152\u5e97", "order_time": ["2019-01-24 22:45:23"], "total_order": 1, "hotel_value": ["4.5"], "hotel_price": ["95"]}, "4398479": {"hotel_name": "\u4e09\u4e9a\u4e00\u60a6\u79cb\u820d\u9152\u5e97", "order_time": ["2019-01-24 22:45:23"], "total_order": 1, "hotel_value": ["4.4"], "hotel_price": ["142"]}, "1603531": {"hotel_name": "\u91d1\u7684\u7cbe\u54c1\u5ea6\u5047\u9152\u5e97(\u4e09\u4e9a\u56fd\u822a\u5e15\u5c14\u7f8e\u7eb3\u5e97)", "order_time": ["2019-01-24 22:45:24"], "total_order": 1, "hotel_value": ["4.7"], "hotel_price": ["358"]}, "3180637": {"hotel_name": "\u4e09\u4e9a\u9752\u827a\u672f\u96c5\u7b51\u5ba2\u6808(\u4e09\u4e9a\u6e7e\u5e97)", "order_time": ["2019-01-24 23:07:52", "2019-01-24 22:45:24"], "total_order": 2, "hotel_value": ["4.9", "4.9"], "hotel_price": ["188", "188"]}, "17496511": {"hotel_name": "\u4e09\u4e9a\u6e05\u6c34\u6e7e\u749e\u534e\u6d77\u666f\u5ea6\u5047\u516c\u9986", "order_time": ["2019-01-24 22:45:24"], "total_order": 1, "hotel_value": ["4.7"], "hotel_price": ["192"]}, "895694": {"hotel_name": "7\u5929\u8fde\u9501\u9152\u5e97(\u4e09\u4e9a\u6e7e\u5409\u7965\u8857\u5e97)", "order_time": ["2019-01-24 22:45:24"], "total_order": 1, "hotel_value": ["4.4"], "hotel_price": ["130"]}, "8681237": {"hotel_name": "\u4e09\u4e9a\u5927\u4e1c\u6d77\u5fc6\u8bed\u6d41\u5e74\u4e3b\u9898\u9152\u5e97", "order_time": ["2019-01-24 22:45:24"], "total_order": 1, "hotel_value": ["4.8"], "hotel_price": ["183"]}, "1720697": {"hotel_name": "\u4e09\u4e9a\u65b0\u5b87\u9152\u5e97", "order_time": ["2019-01-24 22:45:25"], "total_order": 1, "hotel_value": ["4.3"], "hotel_price": ["156"]}, "854467": {"hotel_name": "\u4e09\u4e9a\u67d2\u73a5\u6d77\u8bed\u6d77\u666f\u4e3b\u9898\u9152\u5e97", "order_time": ["2019-01-24 22:45:25", "2019-01-24 22:51:23"], "total_order": 2, "hotel_value": ["4.6", "4.6"], "hotel_price": ["104", "104"]}, "1419670": {"hotel_name": "\u84dd\u5929\u56fd\u9645\u9752\u5e74\u65c5\u820d(\u4e09\u4e9a\u5927\u4e1c\u6d77\u5e97)", "order_time": ["2019-01-24 22:45:25"], "total_order": 1, "hotel_value": ["4.7"], "hotel_price": ["46"]}, "2032262": {"hotel_name": "\u7ef4\u4e5f\u7eb3\u9152\u5e97(\u4e09\u4e9a\u6e7e\u51e4\u51f0\u5c9b\u5e97)(\u539f\u4e09\u4e9a\u7b2c\u4e00\u5e02\u573a\u5e97)", "order_time": ["2019-01-24 22:45:25"], "total_order": 1, "hotel_value": ["4.7"], "hotel_price": ["297"]}, "25779316": {"hotel_name": "\u4e09\u4e9a\u8fc8\u5178\u6d77\u666f\u5ea6\u5047\u516c\u5bd3", "order_time": ["2019-01-24 22:45:25"], "total_order": 1, "hotel_value": ["4.9"], "hotel_price": ["408"]}, "1379655": {"hotel_name": "\u4e09\u4e9a\u6d6a\u6f2b\u6d77\u666f\u516c\u5bd3", "order_time": ["2019-01-24 22:45:25"], "total_order": 1, "hotel_value": ["4.8"], "hotel_price": ["298"]}, "1861354": {"hotel_name": "\u683c\u6797\u8c6a\u6cf0(\u4e09\u4e9a\u6625\u56ed\u6d77\u9c9c\u5e7f\u573a\u5feb\u6377\u9152\u5e97)", "order_time": ["2019-01-24 22:45:25"], "total_order": 1, "hotel_value": ["4.0"], "hotel_price": ["134"]}, "2785460": {"hotel_name": "L\u6d77\u666f\u5ea6\u5047\u516c\u9986(\u4e09\u4e9a\u9e3f\u6d32\u56fd\u9645\u5e97)(\u539f\u4e09\u4e9a\u9e3f\u6d32\u56fd\u9645\u6d77\u666f\u5ea6\u5047\u516c\u9986)", "order_time": ["2019-01-24 22:45:25"], "total_order": 1, "hotel_value": ["4.6"], "hotel_price": ["239"]}, "1651443": {"hotel_name": "\u5c1a\u5ba2\u4f18\u5feb\u6377\u9152\u5e97(\u4e09\u4e9a\u6e7e\u5e97)", "order_time": ["2019-01-24 22:45:25"], "total_order": 1, "hotel_value": ["3.9"], "hotel_price": ["107"]}, "9638235": {"hotel_name": "\u84dd\u68a6\u6811\u4e4b\u604b\u5ea6\u5047\u9152\u5e97(\u4e09\u4e9a\u7f8e\u4e3d\u4e4b\u51a0\u5e97)", "order_time": ["2019-01-24 22:45:25", "2019-01-24 23:09:28"], "total_order": 2, "hotel_value": ["4.6", "4.6"], "hotel_price": ["183", "183"]}, "8589084": {"hotel_name": "\u4e09\u4e9a\u51e4\u51f0\u7f8e\u4e3d\u5927\u9152\u5e97", "order_time": ["2019-01-24 22:45:26", "2019-01-24 23:07:33"], "total_order": 2, "hotel_value": ["4.8", "4.8"], "hotel_price": ["135", "135"]}, "8577314": {"hotel_name": "\u4e09\u4e9a\u7f8e\u4e3d\u4e4b\u51a0\u5e78\u798f\u6811\u5ea6\u5047\u9152\u5e97", "order_time": ["2019-01-24 22:53:25", "2019-01-24 22:45:26"], "total_order": 2, "hotel_value": ["4.0", "4.0"], "hotel_price": ["177", "177"]}, "1067226": {"hotel_name": "\u5927\u597d\u6cb3\u5c71\u4e3b\u9898\u9152\u5e97(\u4e09\u4e9a\u5927\u4e1c\u6d77\u5e97)", "order_time": ["2019-01-24 22:45:26"], "total_order": 1, "hotel_value": ["4.5"], "hotel_price": ["163"]}, "2893419": {"hotel_name": "\u4e09\u4e9a\u5229\u83b1\u9152\u5e97(\u539f\u6021\u83b1\u9152\u5e97)", "order_time": ["2019-01-24 22:45:26"], "total_order": 1, "hotel_value": ["4.0"], "hotel_price": ["99"]}, "15330406": {"hotel_name": "7\u5929\u9152\u5e97(\u4e09\u4e9a\u4e9a\u9f99\u6e7e\u666f\u533a\u5e97)", "order_time": ["2019-01-24 22:45:27"], "total_order": 1, "hotel_value": ["4.5"], "hotel_price": ["144"]}, "5292077": {"hotel_name": "\u4e09\u4e9a\u6d77\u8c5a\u6e7e\u4e3b\u9898\u9152\u5e97", "order_time": ["2019-01-24 22:45:27"], "total_order": 1, "hotel_value": ["4.5"], "hotel_price": ["145"]}, "1881142": {"hotel_name": "7\u5929\u8fde\u9501\u9152\u5e97(\u4e09\u4e9a\u5409\u7965\u8857\u6d77\u666f\u5e97)", "order_time": ["2019-01-24 22:45:27"], "total_order": 1, "hotel_value": ["4.5"], "hotel_price": ["111"]}, "6503543": {"hotel_name": "\u4e09\u4e9a\u6c5f\u5357\u767e\u60a6\u5546\u52a1\u5927\u9152\u5e97", "order_time": ["2019-01-24 22:45:27"], "total_order": 1, "hotel_value": ["4.2"], "hotel_price": ["225"]}, "370837": {"hotel_name": "\u4e09\u4e9a\u78a7\u6d77\u91d1\u6c99\u9152\u5e97", "order_time": ["2019-01-24 22:45:27"], "total_order": 1, "hotel_value": ["4.6"], "hotel_price": ["382"]}, "6712212": {"hotel_name": "\u7b49\u98ce\u6765\u6d77\u666f\u516c\u5bd3(\u4e09\u4e9a\u91d1\u9675\u6d77\u666f\u82b1\u56ed\u5e97)", "order_time": ["2019-01-24 22:51:27", "2019-01-24 23:07:27", "2019-01-24 22:45:27"], "total_order": 3, "hotel_value": ["4.9", "4.9", "4.9"], "hotel_price": ["238", "68", "210"]}, "6280766": {"hotel_name": "\u4e09\u4e9a\u5927\u4e1c\u6d77\u82b1\u8bed\u6d77\u666f\u5ea6\u5047\u516c\u5bd3", "order_time": ["2019-01-24 23:03:19", "2019-01-24 22:45:27", "2019-01-24 22:51:26"], "total_order": 3, "hotel_value": ["4.4", "4.4", "4.4"], "hotel_price": ["162", "162", "162"]}, "2326428": {"hotel_name": "\u4e09\u4e9a\u5802\u820d\u5c4b\u95f4\u6d77\u666f\u5ea6\u5047\u516c\u5bd3(\u539f\u559c\u83b1\u6d77\u666f\u5ea6\u5047\u516c\u5bd3)", "order_time": ["2019-01-24 22:45:29"], "total_order": 1, "hotel_value": ["4.8"], "hotel_price": ["292"]}, "375179": {"hotel_name": "\u4e09\u4e9a\u6e7e\u7ea2\u6811\u6797\u5ea6\u5047\u4e16\u754c(\u6728\u68c9\u9152\u5e97)", "order_time": ["2019-01-24 22:45:29", "2019-01-24 22:55:25"], "total_order": 2, "hotel_value": ["4.6", "4.6"], "hotel_price": ["730", "730"]}, "13433212": {"hotel_name": "\u4e09\u4e9a\u91d1\u90fd\u851a\u666f\u6e29\u5fb7\u59c6\u9152\u5e97", "order_time": ["2019-01-24 22:45:29", "2019-01-24 22:51:40", "2019-01-24 23:05:22"], "total_order": 3, "hotel_value": ["4.7", "4.7", "4.7"], "hotel_price": ["531", "531", "531"]}, "986446": {"hotel_name": "\u4e09\u4e9a\u4e9a\u9f99\u6e7e\u5c71\u6e56\u6d77\u522b\u5885\u5ea6\u5047\u9152\u5e97", "order_time": ["2019-01-24 22:45:30", "2019-01-24 23:05:22"], "total_order": 2, "hotel_value": ["4.1", "4.1"], "hotel_price": ["283", "283"]}, "917544": {"hotel_name": "\u4e09\u4e9a\u99a8\u5170\u6d77\u666f\u5ea6\u5047\u516c\u5bd3(\u539f\u7231\u4e0a\u6d77\u666f\u5ea6\u5047\u516c\u5bd3)", "order_time": ["2019-01-24 22:45:30"], "total_order": 1, "hotel_value": ["4.8"], "hotel_price": ["272"]}, "25219265": {"hotel_name": "\u4e09\u4e9a\u7f18\u6765\u58f9\u5bb6\u5ba2\u6808", "order_time": ["2019-01-24 22:45:30"], "total_order": 1, "hotel_value": ["4.8"], "hotel_price": ["164"]}, "7864205": {"hotel_name": "\u65f6\u4ee3\u5927\u6811\u5ea6\u5047\u9152\u5e97(\u4e09\u4e9a\u7f8e\u4e3d\u4e4b\u51a0\u5e97)(\u539f\u7f8e\u4e3d\u4e4b\u51a0\u5927\u6811\u5ea6\u5047\u9152\u5e97)", "order_time": ["2019-01-24 22:45:30"], "total_order": 1, "hotel_value": ["4.7"], "hotel_price": ["191"]}, "6781451": {"hotel_name": "\u4e09\u4e9a\u79d1\u5b9d\u5927\u9152\u5e97", "order_time": ["2019-01-24 22:45:31"], "total_order": 1, "hotel_value": ["4.8"], "hotel_price": ["130"]}, "2701655": {"hotel_name": "\u4e09\u4e9a\u6162\u8282\u594f\u6d77\u666f\u7cbe\u54c1\u5ba2\u6808", "order_time": ["2019-01-24 22:45:34"], "total_order": 1, "hotel_value": ["4.7"], "hotel_price": ["187"]}, "346735": {"hotel_name": "\u4e09\u4e9a\u5357\u7530\u6e29\u6cc9\u597d\u6c49\u5761\u56fd\u9645\u5ea6\u5047\u9152\u5e97", "order_time": ["2019-01-24 22:45:35"], "total_order": 1, "hotel_value": ["4.3"], "hotel_price": ["340"]}, "438193": {"hotel_name": "\u6d77\u5357\u798f\u6e7e\u6885\u8bfa\u5361\u5ea6\u5047\u9152\u5e97", "order_time": ["2019-01-24 22:45:35"], "total_order": 1, "hotel_value": ["4.4"], "hotel_price": ["317"]}, "17292860": {"hotel_name": "\u4e09\u4e9a\u6d77\u68e0\u6e7e\u6155\u820d\u96ea\u83b1\u6d0b\u623f\u522b\u5885", "order_time": ["2019-01-24 22:45:35"], "total_order": 1, "hotel_value": ["4.8"], "hotel_price": ["624"]}, "976249": {"hotel_name": "\u54ea\u91cc\u90a3\u91cc\u6d77\u5cb8\u7cbe\u54c1\u5ba2\u6808(\u4e09\u4e9a\u5927\u4e1c\u6d77\u5e97)", "order_time": ["2019-01-24 22:45:35"], "total_order": 1, "hotel_value": ["4.8"], "hotel_price": ["150"]}, "2650221": {"hotel_name": "\u4e09\u4e9a\u7c73\u6735\u4e3b\u9898\u6d77\u666f\u516c\u5bd3", "order_time": ["2019-01-24 22:45:35", "2019-01-24 23:05:35"], "total_order": 2, "hotel_value": ["4.7", "4.7"], "hotel_price": ["382", "382"]}, "22416215": {"hotel_name": "\u4e09\u4e9a\u74e6\u683c\u7eb3\u6d77\u666f\u5ea6\u5047\u9152\u5e97", "order_time": ["2019-01-24 22:45:35"], "total_order": 1, "hotel_value": ["4.8"], "hotel_price": ["169"]}, "20176036": {"hotel_name": "\u4e09\u4e9a\u65b0\u73af\u5883\u6d77\u666f\u5ea6\u5047\u516c\u5bd3", "order_time": ["2019-01-24 22:45:36"], "total_order": 1, "hotel_value": ["4.9"], "hotel_price": ["326"]}, "1484444": {"hotel_name": "\u4e09\u4e9a\u6ee8\u83b1\u5047\u65e5\u5bbe\u9986", "order_time": ["2019-01-24 22:45:36"], "total_order": 1, "hotel_value": ["4.3"], "hotel_price": ["83"]}, "8859003": {"hotel_name": "\u4e09\u4e9a\u5929\u5929\u590f\u65e5\u84dd\u5929\u9152\u5e97", "order_time": ["2019-01-24 22:45:38"], "total_order": 1, "hotel_value": ["3.6"], "hotel_price": ["138"]}, "835120": {"hotel_name": "\u4e09\u4e9a\u4e3d\u90fd\u6d77\u666f\u5546\u52a1\u9152\u5e97", "order_time": ["2019-01-24 22:45:39"], "total_order": 1, "hotel_value": ["4.1"], "hotel_price": ["154"]}, "13323312": {"hotel_name": "\u4e09\u4e9a\u6cf0\u4ed5\u5546\u52a1\u9152\u5e97", "order_time": ["2019-01-24 22:45:39"], "total_order": 1, "hotel_value": ["4.8"], "hotel_price": ["160"]}, "1466154": {"hotel_name": "\u4e09\u4e9a\u8363\u5eb7\u9152\u5e97", "order_time": ["2019-01-24 22:45:41"], "total_order": 1, "hotel_value": ["4.3"], "hotel_price": ["103"]}, "5580111": {"hotel_name": "\u6d77\u5357V8\u5feb\u6377\u9152\u5e97\u7965\u745e\u5e97", "order_time": ["2019-01-24 22:45:43"], "total_order": 1, "hotel_value": ["4.3"], "hotel_price": ["103"]}, "430981": {"hotel_name": "\u5982\u5bb6\u5feb\u6377\u9152\u5e97(\u4e09\u4e9a\u89e3\u653e\u8def\u660e\u73e0\u5e7f\u573a\u8d2d\u7269\u4e2d\u5fc3\u5e97)", "order_time": ["2019-01-24 22:45:50"], "total_order": 1, "hotel_value": ["4.6"], "hotel_price": ["160"]}, "3777325": {"hotel_name": "\u4e09\u4e9a\u90a3\u65f6\u5149\u6000\u65e7\u5ba2\u6808", "order_time": ["2019-01-24 22:45:50"], "total_order": 1, "hotel_value": ["4.8"], "hotel_price": ["118"]}, "1994723": {"hotel_name": "\u4e09\u4e9a\u51e4\u51f0\u5c9b\u661f\u5bb8\u6d77\u666f\u5ea6\u5047\u9152\u5e97", "order_time": ["2019-01-24 22:45:50"], "total_order": 1, "hotel_value": ["4.2"], "hotel_price": ["512"]}, "5247024": {"hotel_name": "\u4e09\u4e9a\u90a3\u4e00\u5e74\u521d\u89c1\u7cbe\u54c1\u5ba2\u6808", "order_time": ["2019-01-24 22:45:50"], "total_order": 1, "hotel_value": ["4.6"], "hotel_price": ["172"]}, "25680638": {"hotel_name": "\u4e09\u4e9a\u5e0c\u5c14\u987f\u82b1\u56ed\u9152\u5e97", "order_time": ["2019-01-24 22:45:50"], "total_order": 1, "hotel_value": [0], "hotel_price": ["592"]}, "8057510": {"hotel_name": "\u4e09\u4e9a\u83b2\u5bbf\u9152\u5e97\uff08\u5927\u4e1c\u6d77\u5e97\uff09", "order_time": ["2019-01-24 22:45:50", "2019-01-24 23:03:21"], "total_order": 2, "hotel_value": ["4.8", "4.8"], "hotel_price": ["240", "240"]}, "842954": {"hotel_name": "\u9526\u6c5f\u4e4b\u661f(\u4e09\u4e9a\u6e7e\u5409\u7965\u8857\u6d77\u666f\u9152\u5e97)", "order_time": ["2019-01-24 22:51:21", "2019-01-24 23:07:27"], "total_order": 2, "hotel_value": ["4.5", "4.5"], "hotel_price": ["139", "139"]}, "4841285": {"hotel_name": "\u4e09\u4e9a\u7c73\u7b1b\u5c0f\u65c5", "order_time": ["2019-01-24 22:51:22"], "total_order": 1, "hotel_value": ["4.8"], "hotel_price": ["48"]}, "5812543": {"hotel_name": "\u843d\u5b89\u6d77\u666f\u5ba2\u6808(\u4e09\u4e9a\u6d77\u68e0\u6e7e\u8708\u652f\u6d32\u5c9b\u5e97)", "order_time": ["2019-01-24 22:51:22"], "total_order": 1, "hotel_value": ["4.5"], "hotel_price": ["133"]}, "8581510": {"hotel_name": "\u4e09\u4e9a\u534a\u5c71\u9a7f\u6d77\u5cb8\u7cbe\u54c1\u5ba2\u6808(\u539f\u871c\u5bb6\u5c0f\u9662)", "order_time": ["2019-01-24 22:51:22", "2019-01-24 22:55:20"], "total_order": 2, "hotel_value": ["4.7", "4.7"], "hotel_price": ["113", "113"]}, "12458747": {"hotel_name": "\u4e09\u4e9a\u851a\u84dd\u6d77\u5cb8\u6d77\u666f\u516c\u5bd3", "order_time": ["2019-01-24 22:51:22"], "total_order": 1, "hotel_value": ["4.9"], "hotel_price": ["292"]}, "6867681": {"hotel_name": "\u4e09\u4e9a\u590f\u672b\u82b1\u5f00\u5c71\u95f4\u5c0f\u7b51", "order_time": ["2019-01-24 22:51:22"], "total_order": 1, "hotel_value": ["4.8"], "hotel_price": ["134"]}, "28366175": {"hotel_name": "\u4e09\u4e9a\u81ea\u6e38\u6e2f\u68e0\u6e7e\u5ea6\u5047\u9152\u5e97", "order_time": ["2019-01-24 22:51:23"], "total_order": 1, "hotel_value": ["4.6"], "hotel_price": ["809"]}, "11830979": {"hotel_name": "\u4e09\u4e9a\u4fdd\u5229\u745c\u749f\u9601\u6d77\u68e0\u6e7e\u5ea6\u5047\u522b\u5885", "order_time": ["2019-01-24 22:51:23"], "total_order": 1, "hotel_value": ["4.6"], "hotel_price": ["617"]}, "6405320": {"hotel_name": "\u4e09\u4e9a\u4e9a\u9f99\u6e7e\u6728\u843d\u5ba2\u6808", "order_time": ["2019-01-24 22:51:23"], "total_order": 1, "hotel_value": ["4.5"], "hotel_price": ["125"]}, "346724": {"hotel_name": "\u4e09\u4e9a\u56fd\u9645\u996d\u5e97", "order_time": ["2019-01-24 22:51:23"], "total_order": 1, "hotel_value": ["4.0"], "hotel_price": ["286"]}, "6167318": {"hotel_name": "\u4e09\u4e9a\u5eb7\u7279\u738b\u5e9c\u5546\u52a1\u9152\u5e97", "order_time": ["2019-01-24 22:51:25"], "total_order": 1, "hotel_value": ["4.8"], "hotel_price": ["348"]}, "1598713": {"hotel_name": "\u4e09\u4e9a\u660e\u6708\u697c\u9152\u5e97", "order_time": ["2019-01-24 22:51:25"], "total_order": 1, "hotel_value": ["4.2"], "hotel_price": ["133"]}, "690765": {"hotel_name": "\u4e09\u4e9a\u6d77\u7acb\u65b9\u5ea6\u5047\u9152\u5e97", "order_time": ["2019-01-24 22:51:26"], "total_order": 1, "hotel_value": ["4.6"], "hotel_price": ["463"]}, "3002283": {"hotel_name": "\u4e09\u4e9a\u60a6\u5ba2\u6808\u4e3b\u9898\u9152\u5e97", "order_time": ["2019-01-24 22:59:26", "2019-01-24 22:51:26"], "total_order": 2, "hotel_value": ["4.5", "4.5"], "hotel_price": ["119", "119"]}, "3068224": {"hotel_name": "\u4e09\u4e9a\u5927\u4e1c\u6d77HOME\u5957\u623f\u5ea6\u5047\u6d77\u666f\u5ba2\u6808", "order_time": ["2019-01-24 22:55:25", "2019-01-24 22:51:26"], "total_order": 2, "hotel_value": ["4.8", "4.8"], "hotel_price": ["138", "138"]}, "1061478": {"hotel_name": "\u4e45\u6816\u00b7\u4e09\u4e9aiHome\u6d77\u666f\u5ea6\u5047\u516c\u5bd3", "order_time": ["2019-01-24 22:51:27"], "total_order": 1, "hotel_value": ["4.7"], "hotel_price": ["336"]}, "1723380": {"hotel_name": "\u4e09\u4e9a\u65f6\u5149\u4ed3\u6000\u65e7\u827a\u672f\u5ba2\u6808", "order_time": ["2019-01-24 22:51:27", "2019-01-24 22:59:34"], "total_order": 2, "hotel_value": ["4.6", "4.6"], "hotel_price": ["266", "266"]}, "344912": {"hotel_name": "\u4e09\u4e9a\u6d77\u5929\u5927\u9152\u5e97", "order_time": ["2019-01-24 22:51:28", "2019-01-24 23:07:28"], "total_order": 2, "hotel_value": ["4.6", "4.6"], "hotel_price": ["882", "882"]}, "1648269": {"hotel_name": "\u4e09\u4e9a\u5fc6\u4e61\u4eba\u5c71\u5885\u5ba2\u6808", "order_time": ["2019-01-24 22:51:29"], "total_order": 1, "hotel_value": ["4.6"], "hotel_price": ["201"]}, "1580379": {"hotel_name": "\u4e09\u4e9a\u5982\u7ea6\u5feb\u6377\u9152\u5e97", "order_time": ["2019-01-24 22:51:30"], "total_order": 1, "hotel_value": ["4.4"], "hotel_price": ["123"]}, "6184724": {"hotel_name": "\u4e09\u4e9a\u767b\u4ed5\u4f73\u9152\u5e97(\u539f\u6c11\u751f\u804c\u5de5\u4e4b\u5bb6\u9152\u5e97)", "order_time": ["2019-01-24 22:51:30"], "total_order": 1, "hotel_value": ["4.6"], "hotel_price": ["203"]}, "24930071": {"hotel_name": "\u6d77\u5cb8\u7ebf\u5ea6\u5047\u516c\u5bd3(\u4e09\u4e9a\u6e7e\u5e97)", "order_time": ["2019-01-24 22:51:30"], "total_order": 1, "hotel_value": [0], "hotel_price": ["336"]}, "16115006": {"hotel_name": "\u4e09\u4e9a\u5609\u6fe0\u65c5\u79df(\u539f\u7f8e\u666f\u82b1\u56ed\u5047\u65e5\u9152\u5e97)", "order_time": ["2019-01-24 22:51:30"], "total_order": 1, "hotel_value": [0], "hotel_price": ["178"]}, "3663230": {"hotel_name": "\u4e09\u4e9a\u534a\u5cad\u6e29\u6cc9\u6d77\u97f5\u522b\u5885\u5ea6\u5047\u9152\u5e97", "order_time": ["2019-01-24 22:51:32"], "total_order": 1, "hotel_value": ["4.9"], "hotel_price": ["5180"]}, "1996069": {"hotel_name": "\u4e09\u4e9a\u4e9a\u9f99\u6e7e\u516c\u4e3b\u90e1\u6cf3\u6c60\u522b\u5885", "order_time": ["2019-01-24 22:51:33"], "total_order": 1, "hotel_value": ["3.9"], "hotel_price": ["321"]}, "4046158": {"hotel_name": "\u4e09\u4e9a\u81ea\u7531\u8005\u5ba2\u6808", "order_time": ["2019-01-24 22:51:37"], "total_order": 1, "hotel_value": ["4.3"], "hotel_price": ["135"]}, "345095": {"hotel_name": "\u4e09\u4e9a\u9ece\u5ba2\u56fd\u9645\u9152\u5e97", "order_time": ["2019-01-24 22:51:40"], "total_order": 1, "hotel_value": ["4.4"], "hotel_price": ["369"]}, "1772127": {"hotel_name": "\u4e09\u4e9a\u6e7e\u7ea2\u6811\u6797\u5ea6\u5047\u4e16\u754c(\u7687\u540e\u68d5\u9152\u5e97)", "order_time": ["2019-01-24 22:51:40"], "total_order": 1, "hotel_value": ["4.7"], "hotel_price": ["680"]}, "2012970": {"hotel_name": "\u4e09\u4e9a\u5982\u610f\u5ba2\u6808", "order_time": ["2019-01-24 22:51:48"], "total_order": 1, "hotel_value": ["4.6"], "hotel_price": ["94"]}, "1361281": {"hotel_name": "\u4e09\u4e9a\u6e7e\u7ea2\u6811\u6797\u5ea6\u5047\u4e16\u754c(\u6930\u6797\u9152\u5e97)", "order_time": ["2019-01-24 23:09:28", "2019-01-24 22:59:22", "2019-01-24 22:53:21"], "total_order": 3, "hotel_value": ["4.7", "4.7", "4.7"], "hotel_price": ["526", "526", "606"]}, "429907": {"hotel_name": "\u4e09\u4e9a\u660e\u7533\u9ad8\u5c14\u592b\u5ea6\u5047\u9152\u5e97", "order_time": ["2019-01-24 22:53:22"], "total_order": 1, "hotel_value": ["4.5"], "hotel_price": ["330"]}, "29598243": {"hotel_name": "\u4e09\u4e9a\u9ece\u5bb6\u548c\u82d1\u6c11\u5bbf", "order_time": ["2019-01-24 22:53:23"], "total_order": 1, "hotel_value": [0], "hotel_price": ["494"]}, "1602239": {"hotel_name": "\u4e09\u4e9a\u4e09\u6b65\u6d77\u5ba2\u6808", "order_time": ["2019-01-24 23:09:25", "2019-01-24 22:53:24"], "total_order": 2, "hotel_value": ["4.8", "4.8"], "hotel_price": ["143", "133"]}, "1055585": {"hotel_name": "\u9e97\u67ab\u9152\u5e97(\u4e09\u4e9a\u6e7e\u5409\u7965\u8857\u5e97)", "order_time": ["2019-01-24 22:53:26"], "total_order": 1, "hotel_value": ["4.7"], "hotel_price": ["328"]}, "26483436": {"hotel_name": "\u4e09\u4e9a\u4e0e\u9e7f\u9752\u5e74\u65c5\u820d", "order_time": ["2019-01-24 22:53:33"], "total_order": 1, "hotel_value": ["4.9"], "hotel_price": ["44"]}, "25798939": {"hotel_name": "\u4e09\u4e9a\u6d77\u68e0\u6e7e\u4e7e\u56ed\u65c5\u79df", "order_time": ["2019-01-24 22:53:35"], "total_order": 1, "hotel_value": [0], "hotel_price": ["188"]}, "6042438": {"hotel_name": "\u4e09\u4e9a\u6d77\u4e2b\u6545\u4e8b\u6c11\u4fd7\u6587\u5316\u4e3b\u9898\u5ba2\u6808(\u539f\u6d77\u5357\u6545\u4e8b\u4e3b\u9898\u5ba2\u6808)", "order_time": ["2019-01-24 22:53:50", "2019-01-24 22:57:37"], "total_order": 2, "hotel_value": ["4.7", "4.7"], "hotel_price": ["155", "155"]}, "10919963": {"hotel_name": "\u4e09\u4e9a\u5149\u5f71\u5e74\u8f6e\u7cbe\u54c1\u5ba2\u6808", "order_time": ["2019-01-24 22:53:51"], "total_order": 1, "hotel_value": ["4.8"], "hotel_price": ["136"]}, "1342310": {"hotel_name": "\u4e09\u4e9a\u610f\u5bb6\u4e3b\u9898\u516c\u5bd3", "order_time": ["2019-01-24 22:53:53"], "total_order": 1, "hotel_value": ["4.1"], "hotel_price": ["100"]}, "981739": {"hotel_name": "\u767e\u4e8b\u8fbe\u9152\u5e97(\u4e09\u4e9a\u4e34\u6625\u6cb3\u767d\u9e6d\u516c\u56ed\u5e97)", "order_time": ["2019-01-24 22:55:21"], "total_order": 1, "hotel_value": ["4.5"], "hotel_price": ["108"]}, "455490": {"hotel_name": "\u4e09\u4e9a\u4e9a\u9f99\u6e7e\u77f3\u6eaa\u5885\u5efa\u56fd\u5ea6\u5047\u9152\u5e97", "order_time": ["2019-01-24 22:55:22", "2019-01-24 23:03:22"], "total_order": 2, "hotel_value": ["4.6", "4.6"], "hotel_price": ["508", "508"]}, "608176": {"hotel_name": "\u4e09\u4e9a\u8c6a\u5a01\u6d77\u666f\u5927\u9152\u5e97", "order_time": ["2019-01-24 22:55:22"], "total_order": 1, "hotel_value": ["4.1"], "hotel_price": ["283"]}, "1254854": {"hotel_name": "\u4e09\u4e9aWWW\u6d77\u666f\u516c\u5bd3", "order_time": ["2019-01-24 22:55:24"], "total_order": 1, "hotel_value": ["4.8"], "hotel_price": ["183"]}, "11276759": {"hotel_name": "\u4e09\u4e9a\u9047\u89c1\u7231\u6d77\u666f\u516c\u5bd3", "order_time": ["2019-01-24 22:55:25"], "total_order": 1, "hotel_value": ["5.0"], "hotel_price": ["489"]}, "3385222": {"hotel_name": "\u4e09\u4e9a\u6d77\u60a6\u4e1c\u65b9\u9152\u5e97", "order_time": ["2019-01-24 22:55:26"], "total_order": 1, "hotel_value": ["4.3"], "hotel_price": ["105"]}, "747674": {"hotel_name": "\u9675\u6c34\u6e05\u6c34\u6e7e\u6d77\u6d0b\u4e4b\u661f\u9152\u5e97", "order_time": ["2019-01-24 22:55:26"], "total_order": 1, "hotel_value": ["4.5"], "hotel_price": ["689"]}, "21765890": {"hotel_name": "\u4e09\u4e9a\u5361\u838e\u4e3b\u9898\u9152\u5e97", "order_time": ["2019-01-24 22:55:31"], "total_order": 1, "hotel_value": ["4.6"], "hotel_price": ["169"]}, "450374": {"hotel_name": "\u4e09\u4e9a\u4e9a\u9f99\u6e7e\u8fdc\u65b9\u6709\u4e2a\u6751\u7cbe\u54c1\u5ba2\u6808", "order_time": ["2019-01-24 22:55:31"], "total_order": 1, "hotel_value": ["4.6"], "hotel_price": ["177"]}, "6808599": {"hotel_name": "\u4e09\u4e9a\u5d16\u57ce\u65bd\u987f\u9152\u5e97(\u539f\u65bd\u987f\u8fce\u5bbe\u9986)", "order_time": ["2019-01-24 22:57:19"], "total_order": 1, "hotel_value": ["4.1"], "hotel_price": ["258"]}, "443574": {"hotel_name": "\u4e09\u4e9a\u9f99\u6c90\u6e7e\u6e29\u5fb7\u59c6\u81f3\u5c0a\u8c6a\u5ef7\u5927\u9152\u5e97", "order_time": ["2019-01-24 22:57:19"], "total_order": 1, "hotel_value": ["4.7"], "hotel_price": ["532"]}, "8530756": {"hotel_name": "\u5927\u6811\u6811\u5b9d\u9152\u5e97\u516c\u5bd3(\u4e09\u4e9a\u7f8e\u4e3d\u4e4b\u51a0\u5e97)", "order_time": ["2019-01-24 22:57:20"], "total_order": 1, "hotel_value": ["4.7"], "hotel_price": ["160"]}, "15989436": {"hotel_name": "\u5e86\u4e49\u4e45\u7cbe\u54c1\u5ba2\u6808(\u4e9a\u9f99\u6e7e\u5343\u53e4\u60c5\u5e97)", "order_time": ["2019-01-24 22:57:22"], "total_order": 1, "hotel_value": ["4.5"], "hotel_price": ["183"]}, "431279": {"hotel_name": "\u4e45\u6816\u00b7\u4e09\u4e9a\u5170\u6d77\u5ea6\u5047\u9152\u5e97\u516c\u5bd3", "order_time": ["2019-01-24 22:57:27"], "total_order": 1, "hotel_value": ["4.5"], "hotel_price": ["182"]}, "1580558": {"hotel_name": "\u901f8\u9152\u5e97(\u4e09\u4e9a\u6e7e\u5409\u7965\u8857\u5e97)", "order_time": ["2019-01-24 22:57:37"], "total_order": 1, "hotel_value": ["4.6"], "hotel_price": ["155"]}, "4339553": {"hotel_name": "\u4e09\u4e9a\u94c2\u7acb\u541b\u9a7f\u7cbe\u54c1\u9152\u5e97(\u5343\u53e4\u60c5\u5e97)(\u539f\u94c2\u7acb\u7cbe\u54c1\u9152\u5e97)", "order_time": ["2019-01-24 22:59:30"], "total_order": 1, "hotel_value": ["4.4"], "hotel_price": ["123"]}, "6844747": {"hotel_name": "\u81ea\u5728\u7f8e\u6797\u6c34\u5c45\u9152\u5e97\u5f0f\u516c\u5bd3(\u4e09\u4e9a\u6e7e\u51e4\u51f0\u6c34\u57ce\u5e97)", "order_time": ["2019-01-24 23:03:28", "2019-01-24 23:01:27"], "total_order": 2, "hotel_value": ["4.7", "4.7"], "hotel_price": ["298", "298"]}, "11061480": {"hotel_name": "\u4e09\u4e9a\u73ca\u745a\u6d77\u5ba2\u6808", "order_time": ["2019-01-24 23:01:36"], "total_order": 1, "hotel_value": ["4.8"], "hotel_price": ["95"]}, "481441": {"hotel_name": "\u4e09\u4e9a\u6e7e\u667a\u9009\u5047\u65e5\u9152\u5e97", "order_time": ["2019-01-24 23:03:19"], "total_order": 1, "hotel_value": ["4.4"], "hotel_price": ["288"]}, "457450": {"hotel_name": "\u4e09\u4e9a\u534a\u5c71\u534a\u5c9b\u5b89\u7eb3\u5854\u62c9\u5ea6\u5047\u9152\u5e97", "order_time": ["2019-01-24 23:03:22"], "total_order": 1, "hotel_value": ["4.5"], "hotel_price": ["761"]}, "691654": {"hotel_name": "\u4e09\u4e9a\u4e9a\u9f99\u6e7e\u9ad8\u5c14\u592b\u7403\u4f1a", "order_time": ["2019-01-24 23:03:22"], "total_order": 1, "hotel_value": ["4.5"], "hotel_price": ["558"]}, "5634155": {"hotel_name": "\u4e09\u4e9a\u6e7e\u7ea2\u6811\u6797\u5ea6\u5047\u4e16\u754c(\u68d5\u6988\u738b\u56fd\u4eb2\u5b50\u4e3b\u9898\u5e97)", "order_time": ["2019-01-24 23:03:23"], "total_order": 1, "hotel_value": ["4.7"], "hotel_price": ["1149"]}, "15226809": {"hotel_name": "\u4e09\u4e9a\u9999\u6c34\u6e7e\u4e66\u9999\u6d77\u666f\u522b\u5885\u9152\u5e97", "order_time": ["2019-01-24 23:03:23"], "total_order": 1, "hotel_value": ["4.8"], "hotel_price": ["479"]}, "469044": {"hotel_name": "\u4e9a\u9f99\u6e7e\u8fdc\u65b9\u5728\u7530\u8fb9\u7cbe\u54c1\u5ba2\u6808", "order_time": ["2019-01-24 23:03:30"], "total_order": 1, "hotel_value": ["4.6"], "hotel_price": ["187"]}, "6420180": {"hotel_name": "\u4e09\u4e9a\u98d8\u6d77\u666f\u4e3b\u9898\u5ba2\u6808", "order_time": ["2019-01-24 23:03:32"], "total_order": 1, "hotel_value": ["4.8"], "hotel_price": ["174"]}, "1101735": {"hotel_name": "\u4e09\u4e9a\u5fc6\u4e61\u4eba\u7cbe\u54c1\u5ba2\u6808", "order_time": ["2019-01-24 23:03:32"], "total_order": 1, "hotel_value": ["4.4"], "hotel_price": ["191"]}, "896368": {"hotel_name": "\u4e09\u4e9a\u90a3\u8fb9\u6d77\u6d77\u666f\u5ea6\u5047\u516c\u5bd3", "order_time": ["2019-01-24 23:05:26"], "total_order": 1, "hotel_value": ["4.8"], "hotel_price": ["252"]}, "1561957": {"hotel_name": "\u6d77\u5357\u6e05\u6c34\u6e7e\u963f\u7f57\u54c8\u7231\u7434\u6d77\u666f\u5957\u623f\u5ea6\u5047\u9152\u5e97", "order_time": ["2019-01-24 23:05:27"], "total_order": 1, "hotel_value": ["4.7"], "hotel_price": ["658"]}, "18554984": {"hotel_name": "\u4e09\u4e9a\u98d8\u827a\u672f\u5ba2\u6808(\u51e4\u51f0\u673a\u573a\u5e97)", "order_time": ["2019-01-24 23:05:28"], "total_order": 1, "hotel_value": ["4.8"], "hotel_price": ["190"]}, "1480855": {"hotel_name": "\u4e09\u4e9a\u51ef\u5e1d\u6d77\u666f\u9152\u5e97", "order_time": ["2019-01-24 23:05:29"], "total_order": 1, "hotel_value": ["4.5"], "hotel_price": ["119"]}, "10821256": {"hotel_name": "\u4e09\u4e9a\u9752\u79be\u53f6\u82b1\u56ed\u522b\u5885", "order_time": ["2019-01-24 23:05:32"], "total_order": 1, "hotel_value": ["4.8"], "hotel_price": ["343"]}, "28724769": {"hotel_name": "\u4e09\u4e9a\u521d\u89c1\u827a\u5bbf", "order_time": ["2019-01-24 23:05:41"], "total_order": 1, "hotel_value": ["5.0"], "hotel_price": ["84"]}, "443561": {"hotel_name": "\u4e09\u4e9a\u94f6\u5929\u5ea6\u5047\u9152\u5e97", "order_time": ["2019-01-24 23:05:43"], "total_order": 1, "hotel_value": ["4.3"], "hotel_price": ["158"]}, "1303364": {"hotel_name": "\u53cb\u5bb6\u5ea6\u5047\u516c\u5bd3(\u4e09\u4e9a\u4e9a\u9f99\u6e7e\u7533\u4e9a\u7fe1\u7fe0\u8c37\u5e97)", "order_time": ["2019-01-24 23:05:50"], "total_order": 1, "hotel_value": ["4.6"], "hotel_price": ["190"]}, "1701208": {"hotel_name": "\u4e09\u4e9a8\u6beb\u7c73\u6d77\u666f\u5ba2\u6808", "order_time": ["2019-01-24 23:07:25"], "total_order": 1, "hotel_value": ["4.4"], "hotel_price": ["195"]}, "24051573": {"hotel_name": "\u4e09\u4e9a\u6d77\u7720\u827a\u5bbf\u8bbe\u8ba1\u6c11\u5bbf", "order_time": ["2019-01-24 23:07:29"], "total_order": 1, "hotel_value": ["4.7"], "hotel_price": ["268"]}, "660317": {"hotel_name": "\u4e09\u4e9a\u4eac\u6da6\u73cd\u73e0\u4e3b\u9898\u9152\u5e97", "order_time": ["2019-01-24 23:07:34"], "total_order": 1, "hotel_value": ["4.5"], "hotel_price": ["222"]}, "1410632": {"hotel_name": "\u683c\u6797\u8c6a\u6cf0(\u4e09\u4e9a\u548c\u5e73\u8857\u60c5\u4eba\u6865\u5e97)", "order_time": ["2019-01-24 23:07:37"], "total_order": 1, "hotel_value": ["4.2"], "hotel_price": ["138"]}, "5896791": {"hotel_name": "\u4e09\u4e9a\u8d70\u8d70\u505c\u505c\u7cbe\u54c1\u5ba2\u6808\u5927\u4e1c\u6d77\u5e97", "order_time": ["2019-01-24 23:07:52"], "total_order": 1, "hotel_value": ["4.8"], "hotel_price": ["173"]}, "7073052": {"hotel_name": "\u4e09\u4e9a\u514b\u62c9\u5c14\u9633\u5149\u6d77\u666f\u516c\u5bd3", "order_time": ["2019-01-24 23:09:25"], "total_order": 1, "hotel_value": ["4.8"], "hotel_price": ["231"]}, "2083899": {"hotel_name": "\u4e09\u4e9a\u6d77\u68e0\u6e7e\u542c\u6d9b\u5c0f\u7b51\u5ba2\u6808(\u539f\u8def\u6613\u9152\u5e97)", "order_time": ["2019-01-24 23:09:33"], "total_order": 1, "hotel_value": ["4.6"], "hotel_price": ["60"]}, "6042331": {"hotel_name": "\u4e09\u4e9a\u6d77\u68e0\u6e7e\u5357\u6c40\u5ba2\u6808(\u539f\u69b4\u83b2\u65c5\u820d)", "order_time": ["2019-01-24 23:09:36"], "total_order": 1, "hotel_value": ["4.7"], "hotel_price": ["98"]}, "5498432": {"hotel_name": "\u4e09\u4e9a\u521d\u590f\u7cbe\u54c1\u5957\u623f\u6d77\u666f\u516c\u5bd3", "order_time": ["2019-01-24 23:09:36"], "total_order": 1, "hotel_value": ["4.8"], "hotel_price": ["113"]}, "24039926": {"hotel_name": "\u4e09\u4e9a\u6d6a\u6f2b\u96c5\u5c45\u6d77\u666f\u516c\u5bd3", "order_time": ["2019-01-24 23:09:36"], "total_order": 1, "hotel_value": ["5.0"], "hotel_price": ["205"]}, "11186577": {"hotel_name": "\u4e09\u4e9a\u6ee8\u6d77\u4e4b\u5bb6\u6d77\u666f\u5ea6\u5047\u516c\u5bd3", "order_time": ["2019-01-24 23:09:36"], "total_order": 1, "hotel_value": ["4.9"], "hotel_price": ["292"]}, "9668428": {"hotel_name": "\u4e09\u4e9a\u5c1a\u9690\u6d77\u9662\u5ba2\u6808", "order_time": ["2019-01-24 23:09:36"], "total_order": 1, "hotel_value": ["4.4"], "hotel_price": ["304"]}, "6266014": {"hotel_name": "\u4e09\u4e9a\u6c34\u4e2d\u6c99\u6d77\u666f\u5ba2\u6808", "order_time": ["2019-01-24 23:09:36"], "total_order": 1, "hotel_value": ["4.9"], "hotel_price": ["146"]}, "450326": {"hotel_name": "\u6c49\u5ead\u9152\u5e97(\u4e09\u4e9a\u4e2d\u5fc3\u5e97)(\u539f\u767d\u9e6d\u516c\u56ed\u5e97)", "order_time": ["2019-01-24 23:09:36"], "total_order": 1, "hotel_value": ["4.0"], "hotel_price": ["199"]}, "1701092": {"hotel_name": "\u4e09\u4e9a\u6d77\u68e0\u6e7e\u5eb7\u559c\u5546\u52a1\u9152\u5e97", "order_time": ["2019-01-24 23:09:36"], "total_order": 1, "hotel_value": [0], "hotel_price": ["148"]}, "1193737": {"hotel_name": "\u4e09\u4e9a\u7f8e\u9a7f\u6cb3\u7554\u7cbe\u54c1\u5ba2\u6808", "order_time": ["2019-01-24 23:09:36"], "total_order": 1, "hotel_value": ["4.2"], "hotel_price": ["95"]}}}