{"\u5f00\u59cb\u8bb0\u5f55\u65f6\u95f4": "2019-01-08 01:07:05", "\u7ed3\u675f\u8bb0\u5f55\u65f6\u95f4": "2019-01-08 02:07:05", "\u8ba2\u5355\u603b\u589e\u91cf": 103, "item": {"1185042": {"hotel_name": "\u4e09\u4e9a\u6e7e\u7ea2\u6811\u6797\u5ea6\u5047\u4e16\u754c(\u83e9\u63d0\u9152\u5e97)", "order_time": ["2019-01-08 01:09:10"], "total_order": 1, "hotel_value": ["4.7"], "hotel_price": ["548"]}, "346693": {"hotel_name": "\u4e09\u4e9a\u4e9a\u9f99\u6e7e\u534e\u5b87\u5ea6\u5047\u9152\u5e97", "order_time": ["2019-01-08 01:09:10"], "total_order": 1, "hotel_value": ["4.6"], "hotel_price": ["683"]}, "6450523": {"hotel_name": "\u4e09\u4e9a\u5c71\u6d77\u5929\u5927\u9152\u5e97\u00b7\u50b2\u9014\u683c\u7cbe\u9009", "order_time": ["2019-01-08 01:09:11"], "total_order": 1, "hotel_value": ["4.8"], "hotel_price": ["1190"]}, "6635244": {"hotel_name": "\u4e09\u4e9a\u6893\u8def\u5ba2\u6808", "order_time": ["2019-01-08 01:09:11"], "total_order": 1, "hotel_value": ["4.7"], "hotel_price": ["128"]}, "427277": {"hotel_name": "\u4e09\u4e9a\u4e2d\u5fc3\u7687\u51a0\u5047\u65e5\u9152\u5e97", "order_time": ["2019-01-08 01:09:11"], "total_order": 1, "hotel_value": ["4.7"], "hotel_price": ["440"]}, "12376606": {"hotel_name": "\u4e09\u4e9a\u4e34\u6c34\u98ce\u60c5\u6d77\u666f\u6c11\u5bbf", "order_time": ["2019-01-08 01:09:13"], "total_order": 1, "hotel_value": ["4.9"], "hotel_price": ["178"]}, "2147975": {"hotel_name": "\u4e09\u4e9a\u80cc\u5305\u5ba2\u56fd\u9645\u9752\u5e74\u65c5\u820d(\u539f\u9633\u5149\u56fd\u9645\u9752\u5e74\u65c5\u820d)", "order_time": ["2019-01-08 01:09:13"], "total_order": 1, "hotel_value": ["4.6"], "hotel_price": ["43"]}, "4388404": {"hotel_name": "\u4e09\u4e9a\u7f8e\u4e3d\u4e4b\u51a0\u5927\u6811\u9152\u5e97", "order_time": ["2019-01-08 01:11:11"], "total_order": 1, "hotel_value": ["4.3"], "hotel_price": ["236"]}, "486003": {"hotel_name": "\u4e09\u4e9a\u8708\u652f\u6d32\u5c9b\u73ca\u745a\u9152\u5e97", "order_time": ["2019-01-08 02:05:11", "2019-01-08 01:11:11", "2019-01-08 01:53:12"], "total_order": 3, "hotel_value": ["4.8", "4.8", "4.8"], "hotel_price": ["749", "749", "749"]}, "347462": {"hotel_name": "\u4e09\u4e9a\u6d77\u68e0\u6e7e9\u53f7\u5ea6\u5047\u9152\u5e97", "order_time": ["2019-01-08 01:21:12", "2019-01-08 01:11:11"], "total_order": 2, "hotel_value": ["4.7", "4.7"], "hotel_price": ["736", "736"]}, "346766": {"hotel_name": "\u4e09\u4e9a\u4e9a\u9f99\u6e7e\u51ef\u83b1\u4ed9\u4eba\u638c\u5ea6\u5047\u9152\u5e97", "order_time": ["2019-01-08 01:11:11"], "total_order": 1, "hotel_value": ["4.6"], "hotel_price": ["404"]}, "1377449": {"hotel_name": "Q\u52a0\u00b7\u4e09\u4e9a\u51e4\u51f0\u5c9b\u60a6\u4f73\u6d77\u4e0a\u516c\u5bd3", "order_time": ["2019-01-08 01:11:11"], "total_order": 1, "hotel_value": ["4.7"], "hotel_price": ["431"]}, "1738425": {"hotel_name": "\u4e09\u4e9a\u4f34\u6d77\u65f6\u5149\u9152\u5e97", "order_time": ["2019-01-08 01:13:13"], "total_order": 1, "hotel_value": ["4.9"], "hotel_price": ["103"]}, "6868782": {"hotel_name": "\u4e09\u4e9a\u6d77\u68e0\u6e7e\u6d77\u7684\u9662\u5b50\u6c11\u5bbf", "order_time": ["2019-01-08 01:13:14"], "total_order": 1, "hotel_value": ["4.4"], "hotel_price": ["170"]}, "21634169": {"hotel_name": "\u7f18\u7b51\u00b7\u4e09\u4e9a\u6162\u70b9\u5ea6\u5047\u516c\u5bd3(\u64ce\u5929\u534a\u5c9b\u5e97)", "order_time": ["2019-01-08 01:15:11"], "total_order": 1, "hotel_value": ["4.8"], "hotel_price": ["189"]}, "17140010": {"hotel_name": "\u4e09\u4e9a\u60a6\u670b\u00b7\u6d77\u534a\u95f4\u4eba\u6587\u8bbe\u8ba1\u6d77\u666f\u9152\u5e97", "order_time": ["2019-01-08 01:17:11", "2019-01-08 01:15:13"], "total_order": 2, "hotel_value": ["4.8", "4.8"], "hotel_price": ["250", "250"]}, "6867169": {"hotel_name": "\u4e09\u4e9a\u6e7e\u5170\u6d77\u4e4b\u97f5\u6d77\u666f\u516c\u5bd3(\u539f\u6d77\u7684\u65b9\u5411\u6d77\u666f\u5ba2\u6808)", "order_time": ["2019-01-08 01:15:13"], "total_order": 1, "hotel_value": ["4.8"], "hotel_price": ["144"]}, "1582460": {"hotel_name": "\u4e09\u4e9a\u6c49\u6d77\u5feb\u6377\u9152\u5e97", "order_time": ["2019-01-08 01:15:13"], "total_order": 1, "hotel_value": ["4.0"], "hotel_price": ["121"]}, "16925950": {"hotel_name": "\u4e09\u4e9a\u82b1\u6da7\u5885\u522b\u5885\u5ba2\u6808", "order_time": ["2019-01-08 01:15:13"], "total_order": 1, "hotel_value": ["4.9"], "hotel_price": ["162"]}, "773878": {"hotel_name": "\u9f99\u4e91\u5546\u52a1\u5feb\u6377\u9152\u5e97(\u4e09\u4e9a\u51e4\u51f0\u673a\u573a\u5e97)", "order_time": ["2019-01-08 01:15:13"], "total_order": 1, "hotel_value": ["4.2"], "hotel_price": ["153"]}, "6321309": {"hotel_name": "\u4e09\u4e9a\u65f6\u5149\u6d77\u5cb8\u6d77\u666f\u5ea6\u5047\u516c\u5bd3", "order_time": ["2019-01-08 01:15:13"], "total_order": 1, "hotel_value": ["4.6"], "hotel_price": ["151"]}, "1717786": {"hotel_name": "\u6d6a\u6f2b\u6d77\u666f\u516c\u5bd3(\u4e09\u4e9a\u5170\u6d77\u4e09\u671f\u5e97)", "order_time": ["2019-01-08 01:15:13"], "total_order": 1, "hotel_value": ["4.7"], "hotel_price": ["301"]}, "1682691": {"hotel_name": "\u4e09\u4e9a\u4eac\u6d77\u56fd\u9645\u5047\u65e5\u9152\u5e97", "order_time": ["2019-01-08 01:29:11", "2019-01-08 01:17:10"], "total_order": 2, "hotel_value": ["4.6", "4.6"], "hotel_price": ["572", "572"]}, "9789923": {"hotel_name": "\u4e09\u4e9a\u5eb7\u5e74\u9152\u5e97", "order_time": ["2019-01-08 01:41:12", "2019-01-08 01:47:10", "2019-01-08 01:35:13", "2019-01-08 01:29:11", "2019-01-08 01:17:10"], "total_order": 5, "hotel_value": ["4.7", "4.7", "4.7", "4.7", "4.7"], "hotel_price": ["888", "888", "888", "888", "888"]}, "17533420": {"hotel_name": "\u4e09\u4e9a\u5927\u4e1c\u6d77\u9152\u5e97", "order_time": ["2019-01-08 01:17:11"], "total_order": 1, "hotel_value": ["4.8"], "hotel_price": ["549"]}, "662588": {"hotel_name": "\u4e09\u4e9a\u51e4\u51f0\u5c9b\u91d1\u5e06\u8239\u56fd\u9645\u5ea6\u5047\u516c\u5bd3", "order_time": ["2019-01-08 01:17:11"], "total_order": 1, "hotel_value": ["4.4"], "hotel_price": ["428"]}, "1602239": {"hotel_name": "\u4e09\u4e9a\u4e09\u6b65\u6d77\u5ba2\u6808", "order_time": ["2019-01-08 01:17:11"], "total_order": 1, "hotel_value": ["4.8"], "hotel_price": ["153"]}, "429615": {"hotel_name": "\u4e09\u4e9a\u4e9a\u9f99\u6e7e\u541b\u6f9c\u5ea6\u5047\u9152\u5e97(\u539f\u5047\u65e5\u5ea6\u5047\u9152\u5e97)", "order_time": ["2019-01-08 01:17:11", "2019-01-08 01:27:10"], "total_order": 2, "hotel_value": ["4.5", "4.5"], "hotel_price": ["636", "636"]}, "1415685": {"hotel_name": "\u4e09\u4e9a9\u53f7\u4e3b\u9898\u516c\u5bd3", "order_time": ["2019-01-08 01:17:11"], "total_order": 1, "hotel_value": ["4.9"], "hotel_price": ["298"]}, "346724": {"hotel_name": "\u4e09\u4e9a\u56fd\u9645\u996d\u5e97", "order_time": ["2019-01-08 01:17:11", "2019-01-08 02:03:10"], "total_order": 2, "hotel_value": ["3.9", "3.9"], "hotel_price": ["296", "296"]}, "842998": {"hotel_name": "\u541b\u6f9c\u00b7\u4e09\u4e9a\u6e7e\u8fce\u5bbe\u9986\u6d77\u666f\u5ea6\u5047\u9152\u5e97", "order_time": ["2019-01-08 01:19:11"], "total_order": 1, "hotel_value": ["4.8"], "hotel_price": ["529"]}, "426360": {"hotel_name": "\u4e09\u4e9a\u67cf\u745e\u7cbe\u54c1\u6d77\u666f\u9152\u5e97", "order_time": ["2019-01-08 01:19:11"], "total_order": 1, "hotel_value": ["4.6"], "hotel_price": ["315"]}, "14996879": {"hotel_name": "\u4e09\u4e9a\u6d77\u68e0\u6e7e\u4ec1\u6052\u7687\u51a0\u5047\u65e5\u5ea6\u5047\u9152\u5e97", "order_time": ["2019-01-08 01:19:11"], "total_order": 1, "hotel_value": ["4.8"], "hotel_price": ["1805"]}, "25219265": {"hotel_name": "\u4e09\u4e9a\u7f18\u6765\u58f9\u5bb6\u5ba2\u6808", "order_time": ["2019-01-08 01:19:12"], "total_order": 1, "hotel_value": ["4.8"], "hotel_price": ["192"]}, "1347408": {"hotel_name": "\u4e09\u4e9a\u661f\u9645\u5b9d\u8d1d\u9752\u5e74\u65c5\u820d", "order_time": ["2019-01-08 01:19:12"], "total_order": 1, "hotel_value": ["4.4"], "hotel_price": ["51"]}, "6402325": {"hotel_name": "\u4e09\u4e9a\u7b49\u82b1\u513f\u5f00\u827a\u672f\u6c11\u5bbf", "order_time": ["2019-01-08 01:21:11", "2019-01-08 01:45:11"], "total_order": 2, "hotel_value": ["4.7", "4.7"], "hotel_price": ["126", "126"]}, "13323312": {"hotel_name": "\u4e09\u4e9a\u6cf0\u4ed5\u5546\u52a1\u9152\u5e97", "order_time": ["2019-01-08 01:21:11"], "total_order": 1, "hotel_value": ["4.8"], "hotel_price": ["164"]}, "24051573": {"hotel_name": "\u4e09\u4e9a\u6d77\u7720\u827a\u5bbf\u8bbe\u8ba1\u6c11\u5bbf", "order_time": ["2019-01-08 01:21:11"], "total_order": 1, "hotel_value": ["4.6"], "hotel_price": ["246"]}, "6476957": {"hotel_name": "\u4e09\u4e9a\u5174\u5b89\u957f\u5cf0\u5927\u9152\u5e97", "order_time": ["2019-01-08 01:21:11"], "total_order": 1, "hotel_value": ["4.5"], "hotel_price": ["288"]}, "1598713": {"hotel_name": "\u4e09\u4e9a\u660e\u6708\u697c\u9152\u5e97", "order_time": ["2019-01-08 01:21:11"], "total_order": 1, "hotel_value": ["4.3"], "hotel_price": ["142"]}, "430981": {"hotel_name": "\u5982\u5bb6\u5feb\u6377\u9152\u5e97(\u4e09\u4e9a\u89e3\u653e\u8def\u660e\u73e0\u5e7f\u573a\u8d2d\u7269\u4e2d\u5fc3\u5e97)", "order_time": ["2019-01-08 01:21:11"], "total_order": 1, "hotel_value": ["4.5"], "hotel_price": ["140"]}, "6298012": {"hotel_name": "\u683c\u6797\u8054\u76df\u9152\u5e97(\u4e09\u4e9a\u4e00\u5e02\u573a\u5e97)", "order_time": ["2019-01-08 01:21:11"], "total_order": 1, "hotel_value": ["4.8"], "hotel_price": ["159"]}, "16948036": {"hotel_name": "\u4e09\u4e9a\u6e7e\u7ea2\u6811\u6797\u5ea6\u5047\u4e16\u754c(\u5927\u738b\u68d5\u9152\u5e97)", "order_time": ["2019-01-08 01:21:12"], "total_order": 1, "hotel_value": ["4.7"], "hotel_price": ["668"]}, "2005665": {"hotel_name": "\u4e09\u4e9a\u6d77\u68e0\u6e7e9\u53f7\u884c\u653f\u697c", "order_time": ["2019-01-08 01:21:12"], "total_order": 1, "hotel_value": ["4.6"], "hotel_price": ["899"]}, "430163": {"hotel_name": "\u4e09\u4e9a\u4e9a\u9f99\u6e7e\u94c2\u5c14\u66fc\u522b\u5885\u5ea6\u5047\u9152\u5e97", "order_time": ["2019-01-08 01:23:11"], "total_order": 1, "hotel_value": ["4.6"], "hotel_price": ["661"]}, "4410283": {"hotel_name": "\u4e09\u4e9a\u5b50\u60a6\u5eb7\u5e74\u9152\u5e97(\u539f\u4e2d\u94c1\u5b50\u60a6\u5eb7\u5e74\u5546\u52a1\u9152\u5e97)", "order_time": ["2019-01-08 01:25:11", "2019-01-08 01:31:11"], "total_order": 2, "hotel_value": ["4.6", "4.6"], "hotel_price": ["373", "373"]}, "6320106": {"hotel_name": "\u4e09\u4e9a\u5927\u4e1c\u6d77\u9082\u9005\u6d77\u5ea6\u5047\u516c\u5bd3", "order_time": ["2019-01-08 01:25:14"], "total_order": 1, "hotel_value": ["4.9"], "hotel_price": ["114"]}, "4652436": {"hotel_name": "IU\u9152\u5e97(\u4e09\u4e9a\u4e9a\u9f99\u6e7e\u5e97)", "order_time": ["2019-01-08 01:31:10"], "total_order": 1, "hotel_value": ["4.5"], "hotel_price": ["157"]}, "740890": {"hotel_name": "\u4e09\u4e9a\u4e2d\u80dc\u5e78\u798f\u5ea6\u5047\u9152\u5e97", "order_time": ["2019-01-08 01:31:11"], "total_order": 1, "hotel_value": ["3.8"], "hotel_price": ["101"]}, "2109324": {"hotel_name": "\u4e09\u4e9a\u552f\u7231\u4e3b\u9898\u516c\u5bd3", "order_time": ["2019-01-08 01:31:12"], "total_order": 1, "hotel_value": ["4.8"], "hotel_price": ["162"]}, "6261136": {"hotel_name": "\u7ef4\u4e5f\u7eb3\u9152\u5e97(\u4e09\u4e9a\u4e9a\u9f99\u6e7e\u5343\u53e4\u60c5\u5e97)", "order_time": ["2019-01-08 01:33:11"], "total_order": 1, "hotel_value": ["4.8"], "hotel_price": ["316"]}, "4522257": {"hotel_name": "\u4e09\u4e9a\u7b80\u901487\u7a7a\u4e2d\u697c\u9601\u5ba2\u6808(\u539f\u67cf\u745e\u7b80\u9014\u7cbe\u54c1\u9152\u5e97)", "order_time": ["2019-01-08 01:33:12"], "total_order": 1, "hotel_value": ["4.1"], "hotel_price": ["163"]}, "6442620": {"hotel_name": "\u4e09\u4e9a\u89c6\u91ce\u98ce\u753b\u4e3b\u9898\u9152\u5e97", "order_time": ["2019-01-08 01:33:13"], "total_order": 1, "hotel_value": ["4.2"], "hotel_price": ["161"]}, "1302656": {"hotel_name": "\u4e09\u4e9a\u7231\u4e3d\u5c0f\u820d\u4e3b\u9898\u5ba2\u6808", "order_time": ["2019-01-08 01:35:13"], "total_order": 1, "hotel_value": ["4.6"], "hotel_price": ["129"]}, "6844747": {"hotel_name": "\u81ea\u5728\u7f8e\u6797\u6c34\u5c45\u9152\u5e97\u5f0f\u516c\u5bd3(\u4e09\u4e9a\u6e7e\u51e4\u51f0\u6c34\u57ce\u5e97)", "order_time": ["2019-01-08 01:35:13"], "total_order": 1, "hotel_value": ["4.7"], "hotel_price": ["298"]}, "1881142": {"hotel_name": "7\u5929\u8fde\u9501\u9152\u5e97(\u4e09\u4e9a\u5409\u7965\u8857\u6d77\u666f\u5e97)", "order_time": ["2019-01-08 01:35:13"], "total_order": 1, "hotel_value": ["4.5"], "hotel_price": ["135"]}, "436676": {"hotel_name": "\u4e09\u4e9a\u9ec4\u91d1\u9053\u5927\u9152\u5e97", "order_time": ["2019-01-08 01:37:12"], "total_order": 1, "hotel_value": ["3.9"], "hotel_price": ["168"]}, "7687149": {"hotel_name": "\u4e09\u4e9a\u5d16\u5dde\u6e7e\u5ea6\u5047\u6751\u5e0c\u5c14\u987f\u683c\u82ae\u7cbe\u9009\u9152\u5e97", "order_time": ["2019-01-08 01:37:13"], "total_order": 1, "hotel_value": ["4.5"], "hotel_price": ["643"]}, "6839693": {"hotel_name": "\u4e09\u4e9a\u68ee\u6797\u6d77\u5cb8\u6cf3\u6c60\u5ea6\u5047\u522b\u5885", "order_time": ["2019-01-08 01:39:13"], "total_order": 1, "hotel_value": ["4.9"], "hotel_price": ["409"]}, "5079062": {"hotel_name": "\u4e09\u4e9a\u5343\u767e\u5ea6\u9752\u5e74\u65c5\u820d", "order_time": ["2019-01-08 01:39:13"], "total_order": 1, "hotel_value": ["2.7"], "hotel_price": ["14"]}, "5988590": {"hotel_name": "\u4e09\u4e9a\u6e05\u6c34\u6e7e\u6bd4\u5229\u5f17\u6d77\u666f\u516c\u5bd3", "order_time": ["2019-01-08 01:39:13"], "total_order": 1, "hotel_value": ["4.8"], "hotel_price": ["217"]}, "4301411": {"hotel_name": "\u5982\u5bb6\u5feb\u6377\u9152\u5e97(\u4e09\u4e9a\u5546\u54c1\u8857\u5927\u9053\u5e97)", "order_time": ["2019-01-08 01:39:13"], "total_order": 1, "hotel_value": ["4.5"], "hotel_price": ["137"]}, "1193737": {"hotel_name": "\u4e09\u4e9a\u7f8e\u9a7f\u6cb3\u7554\u7cbe\u54c1\u5ba2\u6808", "order_time": ["2019-01-08 01:41:13"], "total_order": 1, "hotel_value": ["4.2"], "hotel_price": ["97"]}, "5647540": {"hotel_name": "\u4e03\u68f5\u6811\u5927\u6811\u9152\u5e97(\u4e09\u4e9a\u7f8e\u4e3d\u4e4b\u51a0\u5e97)(\u539f\u7f8e\u4e3d\u4e4b\u51a0\u4e5d\u68f5\u5927\u6811\u9152\u5e97)", "order_time": ["2019-01-08 01:43:10"], "total_order": 1, "hotel_value": ["4.3"], "hotel_price": ["210"]}, "5498432": {"hotel_name": "\u4e09\u4e9a\u521d\u590f\u7cbe\u54c1\u5957\u623f\u6d77\u666f\u516c\u5bd3", "order_time": ["2019-01-08 01:43:13"], "total_order": 1, "hotel_value": ["4.8"], "hotel_price": ["123"]}, "6864900": {"hotel_name": "\u4e09\u4e9a\u9526\u8f69\u6c5f\u5357\u516c\u5bd3\u5f0f\u9152\u5e97(\u539f\u9526\u8f69\u6d77\u666f\u5ea6\u5047\u516c\u5bd3)", "order_time": ["2019-01-08 01:43:13"], "total_order": 1, "hotel_value": ["4.8"], "hotel_price": ["168"]}, "384973": {"hotel_name": "\u4e09\u4e9a\u6d77\u68e0\u6e7e\u5f00\u7ef4\u4e07\u8fbe\u6587\u534e\u5ea6\u5047\u9152\u5e97", "order_time": ["2019-01-08 01:45:11"], "total_order": 1, "hotel_value": ["4.5"], "hotel_price": ["788"]}, "2645085": {"hotel_name": "\u4e09\u4e9a\u9f99\u5f97\u6c34\u82d1\u4e3b\u9898\u5ba2\u6808\uff08\u6d77\u6708\u5e7f\u573a\u5e97\uff09", "order_time": ["2019-01-08 01:47:10"], "total_order": 1, "hotel_value": ["4.5"], "hotel_price": ["111"]}, "5398745": {"hotel_name": "\u4e09\u4e9a\u897f\u85cf\u5927\u53a6\u5f00\u5143\u540d\u90fd\u9152\u5e97", "order_time": ["2019-01-08 01:47:10"], "total_order": 1, "hotel_value": ["4.6"], "hotel_price": ["410"]}, "431643": {"hotel_name": "\u5168\u5b63\u9152\u5e97(\u4e09\u4e9a\u4e2d\u5fc3\u5e97)", "order_time": ["2019-01-08 01:47:11"], "total_order": 1, "hotel_value": ["4.6"], "hotel_price": ["290"]}, "3509427": {"hotel_name": "\u4e09\u4e9a\u6d77\u8679\u5ea6\u5047\u9152\u5e97", "order_time": ["2019-01-08 01:49:11"], "total_order": 1, "hotel_value": ["4.4"], "hotel_price": ["278"]}, "2574467": {"hotel_name": "\u4e09\u4e9a\u5609\u65fa\u5bb6\u5ead\u65c5\u9986", "order_time": ["2019-01-08 01:49:12"], "total_order": 1, "hotel_value": ["4.1"], "hotel_price": ["123"]}, "1861354": {"hotel_name": "\u683c\u6797\u8c6a\u6cf0(\u4e09\u4e9a\u6625\u56ed\u6d77\u9c9c\u5e7f\u573a\u5feb\u6377\u9152\u5e97)", "order_time": ["2019-01-08 01:49:12"], "total_order": 1, "hotel_value": ["4.0"], "hotel_price": ["151"]}, "6541448": {"hotel_name": "\u4e09\u4e9a\u745e\u6cf0\u660e\u73e0\u9152\u5e97(\u51e4\u51f0\u673a\u573a\u5e97)", "order_time": ["2019-01-08 01:51:11"], "total_order": 1, "hotel_value": ["4.7"], "hotel_price": ["191"]}, "346739": {"hotel_name": "\u4e09\u4e9a\u9e3f\u6d32\u56fd\u9645\u6e38\u8247\u9152\u5e97", "order_time": ["2019-01-08 01:51:11"], "total_order": 1, "hotel_value": ["4.7"], "hotel_price": ["550"]}, "1055585": {"hotel_name": "\u9e97\u67ab\u9152\u5e97(\u4e09\u4e9a\u6e7e\u5409\u7965\u8857\u5e97)", "order_time": ["2019-01-08 01:53:12"], "total_order": 1, "hotel_value": ["4.7"], "hotel_price": ["233"]}, "1379592": {"hotel_name": "\u683c\u6797\u8c6a\u6cf0(\u4e09\u4e9a\u51e4\u51f0\u673a\u573a\u8def\u5e97)", "order_time": ["2019-01-08 02:03:11", "2019-01-08 01:53:12"], "total_order": 2, "hotel_value": ["4.0", "4.0"], "hotel_price": ["179", "179"]}, "1537529": {"hotel_name": "\u4e09\u4e9a\u4f60\u597d\u00b7\u65e7\u65f6\u5149\u65c5\u884c\u5ba2\u6808", "order_time": ["2019-01-08 01:53:13"], "total_order": 1, "hotel_value": ["4.6"], "hotel_price": ["127"]}, "1320702": {"hotel_name": "\u4e09\u4e9a\u6d77\u6ee8\u5ea6\u5047\u5546\u52a1\u9152\u5e97", "order_time": ["2019-01-08 01:55:11"], "total_order": 1, "hotel_value": ["4.6"], "hotel_price": ["256"]}, "6043700": {"hotel_name": "\u4e09\u4e9a\u67ab\u6797\u665a\u4e3b\u9898\u9152\u5e97", "order_time": ["2019-01-08 01:57:11"], "total_order": 1, "hotel_value": ["4.7"], "hotel_price": ["160"]}, "1430879": {"hotel_name": "\u4e09\u4e9a\u6e7e\u54c7\u827e\u9c81\u6d77\u5cb8\u522b\u5885", "order_time": ["2019-01-08 01:57:11"], "total_order": 1, "hotel_value": ["4.6"], "hotel_price": ["182"]}, "1212645": {"hotel_name": "\u4e09\u4e9a\u4fe1\u6d77\u5feb\u6377\u9152\u5e97", "order_time": ["2019-01-08 01:57:12"], "total_order": 1, "hotel_value": ["4.1"], "hotel_price": ["115"]}, "6184724": {"hotel_name": "\u4e09\u4e9a\u767b\u4ed5\u4f73\u9152\u5e97(\u539f\u6c11\u751f\u804c\u5de5\u4e4b\u5bb6\u9152\u5e97)", "order_time": ["2019-01-08 02:01:10"], "total_order": 1, "hotel_value": ["4.6"], "hotel_price": ["199"]}, "3035404": {"hotel_name": "\u4e09\u4e9a\u6e7e\u94f6\u82d1\u4e34\u6d77\u4e3b\u9898\u9152\u5e97", "order_time": ["2019-01-08 02:01:10"], "total_order": 1, "hotel_value": ["4.1"], "hotel_price": ["296"]}, "10821256": {"hotel_name": "\u4e09\u4e9a\u9752\u79be\u53f6\u82b1\u56ed\u522b\u5885", "order_time": ["2019-01-08 02:01:10"], "total_order": 1, "hotel_value": ["4.8"], "hotel_price": ["202"]}, "1486685": {"hotel_name": "\u4e09\u4e9a\u51e4\u51f0\u5c9b\u5ea6\u5047\u9152\u5e97", "order_time": ["2019-01-08 02:03:10"], "total_order": 1, "hotel_value": ["4.7"], "hotel_price": ["688"]}, "11830979": {"hotel_name": "\u4e09\u4e9a\u4fdd\u5229\u745c\u749f\u9601\u6d77\u68e0\u6e7e\u5ea6\u5047\u522b\u5885", "order_time": ["2019-01-08 02:03:11"], "total_order": 1, "hotel_value": ["4.6"], "hotel_price": ["480"]}, "344934": {"hotel_name": "\u4e09\u4e9a\u6930\u6797\u6ee9\u5927\u9152\u5e97", "order_time": ["2019-01-08 02:05:11"], "total_order": 1, "hotel_value": ["4.4"], "hotel_price": ["320"]}, "4033951": {"hotel_name": "\u4e09\u4e9a\u51e4\u51f0\u5c9b\u6d77\u6d0b\u4e4b\u68a6\u5ea6\u5047\u9152\u5e97", "order_time": ["2019-01-08 02:05:11"], "total_order": 1, "hotel_value": ["4.7"], "hotel_price": ["438"]}}}