{"\u5f00\u59cb\u8bb0\u5f55\u65f6\u95f4": "2019-01-22 16:34:21", "\u7ed3\u675f\u8bb0\u5f55\u65f6\u95f4": "2019-01-22 17:34:21", "\u8ba2\u5355\u603b\u589e\u91cf": 327, "item": {"346690": {"hotel_name": "\u4e09\u4e9a\u94f6\u6cf0\u9633\u5149\u5ea6\u5047\u9152\u5e97(\u539f\u4e09\u4e9a\u6e58\u6295\u94f6\u6cf0\u5ea6\u5047\u9152\u5e97)", "order_time": ["2019-01-22 17:02:51", "2019-01-22 17:26:44", "2019-01-22 16:36:44", "2019-01-22 17:14:47"], "total_order": 4, "hotel_value": ["4.8", "4.8", "4.8", "4.8"], "hotel_price": ["689", "689", "689", "689"]}, "7687149": {"hotel_name": "\u4e09\u4e9a\u5d16\u5dde\u6e7e\u5ea6\u5047\u6751\u5e0c\u5c14\u987f\u683c\u82ae\u7cbe\u9009\u9152\u5e97", "order_time": ["2019-01-22 16:36:44"], "total_order": 1, "hotel_value": ["4.5"], "hotel_price": ["585"]}, "3041884": {"hotel_name": "\u4e09\u4e9a\u4e3d\u79be\u6e29\u5fb7\u59c6\u9152\u5e97", "order_time": ["2019-01-22 16:36:46", "2019-01-22 17:00:51"], "total_order": 2, "hotel_value": ["4.8", "4.8"], "hotel_price": ["730", "730"]}, "470083": {"hotel_name": "\u6d77\u5357\u96c5\u5c45\u4e50\u83b1\u4f5b\u58eb\u9152\u5e97", "order_time": ["2019-01-22 17:26:40", "2019-01-22 16:42:40", "2019-01-22 16:36:46"], "total_order": 3, "hotel_value": ["4.8", "4.8", "4.8"], "hotel_price": ["988", "988", "988"]}, "14074913": {"hotel_name": "\u4e09\u4e9a\u4e9a\u9f99\u6e7e\u96c5\u9601\u6e29\u6cc9\u5ea6\u5047\u9152\u5e97", "order_time": ["2019-01-22 16:36:49"], "total_order": 1, "hotel_value": ["4.7"], "hotel_price": ["2188"]}, "26449232": {"hotel_name": "\u4e09\u4e9a\u65e5\u5915\u5885\u6c11\u5bbf", "order_time": ["2019-01-22 16:36:50"], "total_order": 1, "hotel_value": ["4.9"], "hotel_price": ["332"]}, "801220": {"hotel_name": "\u4e09\u4e9a\u91d1\u5170\u6e7e\u8c6a\u5b85\u6d77\u666f\u5ea6\u5047\u516c\u5bd3", "order_time": ["2019-01-22 16:36:55"], "total_order": 1, "hotel_value": ["4.6"], "hotel_price": ["232"]}, "468875": {"hotel_name": "\u6674\u5929\u7389\u6ee9\u6d77\u666f\u5ea6\u5047\u516c\u5bd3(\u4e09\u4e9a\u6e7e\u5e97)", "order_time": ["2019-01-22 16:42:56", "2019-01-22 17:02:45", "2019-01-22 17:20:46", "2019-01-22 16:36:57"], "total_order": 4, "hotel_value": ["4.1", "4.1", "4.1", "4.1"], "hotel_price": ["156", "156", "156", "182"]}, "6321309": {"hotel_name": "\u4e09\u4e9a\u65f6\u5149\u6d77\u5cb8\u6d77\u666f\u5ea6\u5047\u516c\u5bd3", "order_time": ["2019-01-22 16:36:59"], "total_order": 1, "hotel_value": ["4.6"], "hotel_price": ["151"]}, "18473481": {"hotel_name": "\u4e09\u4e9a\u6668\u66e6\u6d77\u666f\u5ea6\u5047\u516c\u5bd3(\u738b\u6d77\u56fd\u9645\u5ea6\u5047\u6751\u5206\u5e97)", "order_time": ["2019-01-22 16:36:59"], "total_order": 1, "hotel_value": ["5.0"], "hotel_price": ["292"]}, "834000": {"hotel_name": "\u4e09\u4e9a\u987a\u946b\u5bbe\u9986", "order_time": ["2019-01-22 16:36:59"], "total_order": 1, "hotel_value": ["4.5"], "hotel_price": ["84"]}, "24056976": {"hotel_name": "\u4e09\u4e9a\u4f10\u6728\u7d2f\u4e3b\u9898\u65c5\u79df", "order_time": ["2019-01-22 16:36:59", "2019-01-22 16:42:55"], "total_order": 2, "hotel_value": ["4.9", "4.9"], "hotel_price": ["225", "225"]}, "5498432": {"hotel_name": "\u4e09\u4e9a\u521d\u590f\u7cbe\u54c1\u5957\u623f\u6d77\u666f\u516c\u5bd3", "order_time": ["2019-01-22 16:36:59"], "total_order": 1, "hotel_value": ["4.8"], "hotel_price": ["122"]}, "6120884": {"hotel_name": "\u4e09\u4e9a\u7f18\u805a\u6d77\u666f\u9752\u5e74\u65c5\u820d(\u539f\u5f02\u4e61\u4eba\u6d77\u666f\u9752\u5e74\u65c5\u793e)", "order_time": ["2019-01-22 16:36:59"], "total_order": 1, "hotel_value": ["4.2"], "hotel_price": ["30"]}, "2044026": {"hotel_name": "\u4e09\u4e9a\u6d77\u4f9d\u604b\u5feb\u6377\u5bbe\u9986", "order_time": ["2019-01-22 16:36:59"], "total_order": 1, "hotel_value": ["4.8"], "hotel_price": ["83"]}, "21497973": {"hotel_name": "\u4e09\u4e9a\u7231\u8bfa\u60c5\u6d77\u4e3b\u9898\u522b\u5885", "order_time": ["2019-01-22 16:36:59"], "total_order": 1, "hotel_value": ["4.6"], "hotel_price": ["151"]}, "4332410": {"hotel_name": "\u4e09\u4e9a\u5a01\u9f99\u5bbe\u9986", "order_time": ["2019-01-22 16:36:59"], "total_order": 1, "hotel_value": [0], "hotel_price": ["169"]}, "1273536": {"hotel_name": "\u4e09\u4e9a\u76db\u5982\u5feb\u6377\u9152\u5e97", "order_time": ["2019-01-22 16:36:59"], "total_order": 1, "hotel_value": ["4.3"], "hotel_price": ["113"]}, "23134111": {"hotel_name": "\u4e09\u4e9a\u827e\u6bd4\u5229\u6d77\u666f\u4e3b\u9898\u6c11\u5bbf", "order_time": ["2019-01-22 16:36:59"], "total_order": 1, "hotel_value": ["4.9"], "hotel_price": ["112"]}, "473357": {"hotel_name": "\u65c5\u5bb6\u5ea6\u5047\u516c\u5bd3(\u4e09\u4e9a\u51e4\u51f0\u6c34\u57ce\u5357\u5cb8\u5e97)", "order_time": ["2019-01-22 16:36:59"], "total_order": 1, "hotel_value": ["4.6"], "hotel_price": ["188"]}, "5898698": {"hotel_name": "\u4e09\u4e9a\u6cf0\u9601\u6d77\u666f\u5ba2\u6808", "order_time": ["2019-01-22 16:36:59"], "total_order": 1, "hotel_value": ["4.9"], "hotel_price": ["495"]}, "6446036": {"hotel_name": "\u4e09\u4e9a\u51e4\u51f0\u673a\u573a\u9152\u5e97", "order_time": ["2019-01-22 16:38:43", "2019-01-22 17:10:45", "2019-01-22 17:32:44", "2019-01-22 16:58:49", "2019-01-22 16:48:38", "2019-01-22 16:44:51"], "total_order": 6, "hotel_value": ["4.6", "4.6", "4.6", "4.6", "4.6", "4.6"], "hotel_price": ["406", "406", "406", "406", "406", "406"]}, "1601597": {"hotel_name": "\u4e09\u4e9a\u592a\u9633\u6e7e\u67cf\u60a6\u9152\u5e97", "order_time": ["2019-01-22 16:56:44", "2019-01-22 16:38:44"], "total_order": 2, "hotel_value": ["4.8", "4.8"], "hotel_price": ["2039", "2039"]}, "3180637": {"hotel_name": "\u4e09\u4e9a\u9752\u827a\u672f\u96c5\u7b51\u5ba2\u6808(\u4e09\u4e9a\u6e7e\u5e97)", "order_time": ["2019-01-22 16:38:46"], "total_order": 1, "hotel_value": ["4.9"], "hotel_price": ["185"]}, "9313922": {"hotel_name": "\u4e09\u4e9a\u9047\u89c1\u6f2b\u65f6\u5149\u6d0b\u623f\u522b\u5885", "order_time": ["2019-01-22 16:38:47"], "total_order": 1, "hotel_value": ["4.9"], "hotel_price": ["325"]}, "684215": {"hotel_name": "\u4e09\u4e9a\u6d77\u68e0\u6e7e\u5929\u623f\u6d32\u9645\u5ea6\u5047\u9152\u5e97", "order_time": ["2019-01-22 17:08:41", "2019-01-22 16:38:47"], "total_order": 2, "hotel_value": ["4.7", "4.7"], "hotel_price": ["1903", "1903"]}, "346684": {"hotel_name": "\u4e09\u4e9a\u73e0\u6c5f\u5357\u7530\u6e29\u6cc9\u5ea6\u5047\u533a", "order_time": ["2019-01-22 16:50:38", "2019-01-22 16:38:47"], "total_order": 2, "hotel_value": ["4.3", "4.3"], "hotel_price": ["359", "359"]}, "433675": {"hotel_name": "\u4e09\u4e9a\u51e4\u51f0\u6c34\u57ce\u51ef\u83b1\u5ea6\u5047\u9152\u5e97", "order_time": ["2019-01-22 16:38:47"], "total_order": 1, "hotel_value": ["4.5"], "hotel_price": ["400"]}, "6106715": {"hotel_name": "\u4e09\u4e9a\u4e07\u9686\u6c47\u6d0b\u6d77\u666f\u9152\u5e97", "order_time": ["2019-01-22 16:38:47"], "total_order": 1, "hotel_value": ["4.7"], "hotel_price": ["259"]}, "1361281": {"hotel_name": "\u4e09\u4e9a\u6e7e\u7ea2\u6811\u6797\u5ea6\u5047\u4e16\u754c(\u6930\u6797\u9152\u5e97)", "order_time": ["2019-01-22 16:38:49"], "total_order": 1, "hotel_value": ["4.7"], "hotel_price": ["806"]}, "8577342": {"hotel_name": "\u4e09\u4e9a\u6d77\u5706\u68a6\u6d77\u666f\u5ba2\u6808", "order_time": ["2019-01-22 16:38:51"], "total_order": 1, "hotel_value": ["4.8"], "hotel_price": ["110"]}, "6043700": {"hotel_name": "\u4e09\u4e9a\u67ab\u6797\u665a\u4e3b\u9898\u9152\u5e97", "order_time": ["2019-01-22 16:38:52", "2019-01-22 17:06:49"], "total_order": 2, "hotel_value": ["4.7", "4.7"], "hotel_price": ["128", "128"]}, "15164961": {"hotel_name": "\u4e09\u4e9a\u5c4b\u5947\u9152\u5e97(\u6b65\u884c\u8857\u5e97)", "order_time": ["2019-01-22 16:38:52", "2019-01-22 17:26:43"], "total_order": 2, "hotel_value": ["4.6", "4.6"], "hotel_price": ["194", "194"]}, "371696": {"hotel_name": "\u4e09\u4e9a\u590f\u5a01\u5937\u5927\u9152\u5e97", "order_time": ["2019-01-22 16:38:53"], "total_order": 1, "hotel_value": ["4.4"], "hotel_price": ["282"]}, "6056059": {"hotel_name": "\u6d77\u5357\u6e05\u6c34\u6e7e\u6e29\u5fb7\u59c6\u5ea6\u5047\u9152\u5e97", "order_time": ["2019-01-22 16:38:53", "2019-01-22 17:12:46"], "total_order": 2, "hotel_value": ["4.6", "4.6"], "hotel_price": ["668", "668"]}, "17265739": {"hotel_name": "\u4e09\u4e9a\u6d77\u68e0\u6e7e\u6d77\u97f5\u5361\u897f\u8bfa\u6d77\u666f\u5ea6\u5047\u516c\u5bd3", "order_time": ["2019-01-22 17:14:42", "2019-01-22 17:12:48", "2019-01-22 16:38:53", "2019-01-22 16:58:50", "2019-01-22 16:42:43"], "total_order": 5, "hotel_value": ["4.8", "4.8", "4.8", "4.8", "4.8"], "hotel_price": ["200", "1898", "200", "200", "200"]}, "25804375": {"hotel_name": "\u4e09\u4e9a\u6e90\u5bbf\u5c0f\u9662", "order_time": ["2019-01-22 17:08:42", "2019-01-22 16:38:55"], "total_order": 2, "hotel_value": ["4.9", "4.9"], "hotel_price": ["253", "183"]}, "14996879": {"hotel_name": "\u4e09\u4e9a\u6d77\u68e0\u6e7e\u4ec1\u6052\u7687\u51a0\u5047\u65e5\u5ea6\u5047\u9152\u5e97", "order_time": ["2019-01-22 16:39:15"], "total_order": 1, "hotel_value": ["4.8"], "hotel_price": ["1680"]}, "346764": {"hotel_name": "\u4e09\u4e9a\u541b\u6f9c\u00b7\u9e7f\u56de\u5934\u56fd\u5bbe\u9986(\u539f\u9e7f\u56de\u5934\u56fd\u5bbe\u9986)", "order_time": ["2019-01-22 16:40:41"], "total_order": 1, "hotel_value": ["4.8"], "hotel_price": ["663"]}, "374842": {"hotel_name": "\u4e09\u4e9a\u6e7e\u6d77\u5c45\u94c2\u5c14\u66fc\u5ea6\u5047\u9152\u5e97", "order_time": ["2019-01-22 16:40:42", "2019-01-22 17:20:47"], "total_order": 2, "hotel_value": ["4.7", "4.7"], "hotel_price": ["840", "840"]}, "6460482": {"hotel_name": "\u4e09\u4e9a\u4e9a\u9f99\u6e7e\u751f\u547d\u6cc9\u7cbe\u54c1\u5ea6\u5047\u9152\u5e97", "order_time": ["2019-01-22 17:04:50", "2019-01-22 16:40:43"], "total_order": 2, "hotel_value": ["4.7", "4.7"], "hotel_price": ["466", "430"]}, "345069": {"hotel_name": "\u4e09\u4e9a\u6d77\u68e0\u6e7e\u4e07\u8fbe\u5e0c\u5c14\u987f\u9038\u6797\u5ea6\u5047\u9152\u5e97", "order_time": ["2019-01-22 16:40:43", "2019-01-22 16:46:41"], "total_order": 2, "hotel_value": ["4.5", "4.5"], "hotel_price": ["650", "650"]}, "436675": {"hotel_name": "\u4e09\u4e9a\u5927\u4e1c\u6d77\u541b\u4ead\u9152\u5e97", "order_time": ["2019-01-22 17:30:52", "2019-01-22 17:26:44", "2019-01-22 16:40:43", "2019-01-22 16:58:49"], "total_order": 4, "hotel_value": ["4.8", "4.8", "4.8", "4.8"], "hotel_price": ["333", "333", "333", "333"]}, "16897771": {"hotel_name": "\u4e09\u4e9a\u6d77\u68e0\u6e7e\u9e93\u6e56\u5ea6\u5047\u9152\u5e97", "order_time": ["2019-01-22 17:06:40", "2019-01-22 16:40:43", "2019-01-22 16:44:50"], "total_order": 3, "hotel_value": ["4.7", "4.7", "4.7"], "hotel_price": ["491", "491", "491"]}, "1486685": {"hotel_name": "\u4e09\u4e9a\u51e4\u51f0\u5c9b\u5ea6\u5047\u9152\u5e97", "order_time": ["2019-01-22 16:40:44"], "total_order": 1, "hotel_value": ["4.7"], "hotel_price": ["1558"]}, "6684663": {"hotel_name": "\u4e09\u4e9a\u6d77\u68e0\u6e7e\u67cf\u4e3d\u5ea6\u5047\u9152\u5e97", "order_time": ["2019-01-22 16:40:45", "2019-01-22 16:50:42"], "total_order": 2, "hotel_value": ["4.3", "4.3"], "hotel_price": ["240", "240"]}, "2260152": {"hotel_name": "\u4e09\u4e9a\u51e4\u51f0\u56fd\u9645\u673a\u573a100\u5ba2\u6808", "order_time": ["2019-01-22 16:40:50"], "total_order": 1, "hotel_value": ["4.4"], "hotel_price": ["112"]}, "808618": {"hotel_name": "7\u5929\u8fde\u9501\u9152\u5e97(\u4e09\u4e9a\u4e09\u4e9a\u6e7e\u6d77\u666f\u5e97)", "order_time": ["2019-01-22 16:40:51"], "total_order": 1, "hotel_value": ["4.2"], "hotel_price": ["129"]}, "660317": {"hotel_name": "\u4e09\u4e9a\u4eac\u6da6\u73cd\u73e0\u4e3b\u9898\u9152\u5e97", "order_time": ["2019-01-22 16:40:51"], "total_order": 1, "hotel_value": ["4.5"], "hotel_price": ["230"]}, "345095": {"hotel_name": "\u4e09\u4e9a\u9ece\u5ba2\u56fd\u9645\u9152\u5e97", "order_time": ["2019-01-22 16:40:56", "2019-01-22 17:00:45", "2019-01-22 16:56:50"], "total_order": 3, "hotel_value": ["4.4", "4.4", "4.4"], "hotel_price": ["367", "367", "367"]}, "473314": {"hotel_name": "\u4e09\u4e9a\u4e8c\u6708\u6d77\u6d77\u666f\u9152\u5e97", "order_time": ["2019-01-22 16:40:56"], "total_order": 1, "hotel_value": ["4.8"], "hotel_price": ["191"]}, "443561": {"hotel_name": "\u4e09\u4e9a\u94f6\u5929\u5ea6\u5047\u9152\u5e97", "order_time": ["2019-01-22 16:41:13"], "total_order": 1, "hotel_value": ["4.3"], "hotel_price": ["158"]}, "345082": {"hotel_name": "\u4e09\u4e9a\u6587\u534e\u4e1c\u65b9\u9152\u5e97", "order_time": ["2019-01-22 16:42:40"], "total_order": 1, "hotel_value": ["4.7"], "hotel_price": ["1376"]}, "707593": {"hotel_name": "\u4e09\u4e9a\u51e4\u51f0\u5c9b\u6d77\u6d0b\u4e4b\u661f\u5ea6\u5047\u9152\u5e97", "order_time": ["2019-01-22 17:06:40", "2019-01-22 16:42:41", "2019-01-22 17:22:53", "2019-01-22 17:17:00"], "total_order": 4, "hotel_value": ["4.6", "4.6", "4.6", "4.6"], "hotel_price": ["482", "482", "482", "482"]}, "347462": {"hotel_name": "\u4e09\u4e9a\u6d77\u68e0\u6e7e9\u53f7\u5ea6\u5047\u9152\u5e97", "order_time": ["2019-01-22 17:06:40", "2019-01-22 16:52:46", "2019-01-22 16:42:41"], "total_order": 3, "hotel_value": ["4.7", "4.7", "4.7"], "hotel_price": ["900", "900", "900"]}, "440685": {"hotel_name": "\u4e09\u4e9a\u7389\u6d77\u56fd\u9645\u5ea6\u5047\u9152\u5e97", "order_time": ["2019-01-22 16:42:43"], "total_order": 1, "hotel_value": ["4.5"], "hotel_price": ["334"]}, "5398387": {"hotel_name": "\u4e09\u4e9a\u5927\u6811\u4e03\u661f\u9152\u5e97", "order_time": ["2019-01-22 17:22:48", "2019-01-22 16:50:45", "2019-01-22 16:56:43", "2019-01-22 16:42:43"], "total_order": 4, "hotel_value": ["4.4", "4.4", "4.4", "4.4"], "hotel_price": ["210", "210", "210", "210"]}, "879580": {"hotel_name": "\u9526\u6c5f\u4e4b\u661f(\u4e09\u4e9a\u56fd\u9645\u8d2d\u7269\u4e2d\u5fc3\u6d77\u666f\u5e97)", "order_time": ["2019-01-22 16:42:44", "2019-01-22 16:52:47"], "total_order": 2, "hotel_value": ["4.5", "4.5"], "hotel_price": ["179", "179"]}, "481437": {"hotel_name": "\u9526\u6c5f\u4e4b\u661f(\u4e09\u4e9a\u89e3\u653e\u8def\u5e97)", "order_time": ["2019-01-22 16:42:45"], "total_order": 1, "hotel_value": ["4.6"], "hotel_price": ["169"]}, "643641": {"hotel_name": "\u4e09\u4e9a\u51e4\u51f0\u673a\u573a\u6d77\u822a\u5feb\u6377\u9152\u5e97", "order_time": ["2019-01-22 16:46:43", "2019-01-22 16:42:47", "2019-01-22 16:56:50"], "total_order": 3, "hotel_value": ["4.1", "4.1", "4.1"], "hotel_price": ["208", "208", "208"]}, "16448430": {"hotel_name": "\u4e09\u4e9a\u4e2d\u5ed6\u6751\u6c11\u5bbf", "order_time": ["2019-01-22 16:48:59", "2019-01-22 16:42:50"], "total_order": 2, "hotel_value": ["4.8", "4.8"], "hotel_price": ["209", "209"]}, "2893419": {"hotel_name": "\u4e09\u4e9a\u5229\u83b1\u9152\u5e97(\u539f\u6021\u83b1\u9152\u5e97)", "order_time": ["2019-01-22 16:44:43"], "total_order": 1, "hotel_value": ["4.0"], "hotel_price": ["119"]}, "835120": {"hotel_name": "\u4e09\u4e9a\u4e3d\u90fd\u6d77\u666f\u5546\u52a1\u9152\u5e97", "order_time": ["2019-01-22 16:44:45"], "total_order": 1, "hotel_value": ["4.1"], "hotel_price": ["154"]}, "1434723": {"hotel_name": "\u4e09\u4e9a\u667a\u53cb\u4e3b\u9898\u5bbe\u9986", "order_time": ["2019-01-22 16:44:47"], "total_order": 1, "hotel_value": ["4.7"], "hotel_price": ["108"]}, "5892127": {"hotel_name": "\u4e09\u4e9a\u6d77\u68e0\u6e7eHANATOALICE\u6d77\u666f\u9152\u5e97", "order_time": ["2019-01-22 16:44:48"], "total_order": 1, "hotel_value": ["4.4"], "hotel_price": ["537"]}, "2021754": {"hotel_name": "\u4e09\u4e9a\u4fdd\u5229\u5929\u827a\u51e4\u51f0\u9152\u5e97", "order_time": ["2019-01-22 16:44:48"], "total_order": 1, "hotel_value": ["4.4"], "hotel_price": ["313"]}, "986446": {"hotel_name": "\u4e09\u4e9a\u4e9a\u9f99\u6e7e\u5c71\u6e56\u6d77\u522b\u5885\u5ea6\u5047\u9152\u5e97", "order_time": ["2019-01-22 17:22:46", "2019-01-22 16:44:50"], "total_order": 2, "hotel_value": ["4.1", "4.1"], "hotel_price": ["283", "283"]}, "346711": {"hotel_name": "\u4e09\u4e9a\u541b\u9526\u6ee8\u6d77\u9152\u5e97", "order_time": ["2019-01-22 16:44:50"], "total_order": 1, "hotel_value": ["4.4"], "hotel_price": ["266"]}, "396500": {"hotel_name": "\u4e09\u4e9a\u6e7e\u4ed9\u5c45\u5e9c\u6d77\u666f\u9152\u5e97", "order_time": ["2019-01-22 16:44:50"], "total_order": 1, "hotel_value": ["4.4"], "hotel_price": ["385"]}, "6708909": {"hotel_name": "\u4e09\u4e9a\u6d77\u68e0\u6e7e\u798f\u6d77\u68e0\u6d77\u666f\u5957\u623f\u5ea6\u5047\u9152\u5e97", "order_time": ["2019-01-22 16:44:50"], "total_order": 1, "hotel_value": ["4.6"], "hotel_price": ["428"]}, "6405320": {"hotel_name": "\u4e09\u4e9a\u4e9a\u9f99\u6e7e\u6728\u843d\u5ba2\u6808", "order_time": ["2019-01-22 16:44:53"], "total_order": 1, "hotel_value": ["4.5"], "hotel_price": ["125"]}, "8681237": {"hotel_name": "\u4e09\u4e9a\u5927\u4e1c\u6d77\u5fc6\u8bed\u6d41\u5e74\u4e3b\u9898\u9152\u5e97", "order_time": ["2019-01-22 17:24:47", "2019-01-22 16:46:41"], "total_order": 2, "hotel_value": ["4.8", "4.8"], "hotel_price": ["151", "151"]}, "660311": {"hotel_name": "\u4e09\u4e9a\u6e7e\u559c\u6765\u767b\u5ea6\u5047\u9152\u5e97", "order_time": ["2019-01-22 16:46:41"], "total_order": 1, "hotel_value": ["4.6"], "hotel_price": ["623"]}, "384973": {"hotel_name": "\u4e09\u4e9a\u6d77\u68e0\u6e7e\u5f00\u7ef4\u4e07\u8fbe\u6587\u534e\u5ea6\u5047\u9152\u5e97", "order_time": ["2019-01-22 16:46:41"], "total_order": 1, "hotel_value": ["4.5"], "hotel_price": ["628"]}, "4841962": {"hotel_name": "\u4e09\u4e9a\u7231\u7b51\u6545\u4e8b\u5ba2\u6808", "order_time": ["2019-01-22 16:46:43"], "total_order": 1, "hotel_value": ["4.8"], "hotel_price": ["138"]}, "4845384": {"hotel_name": "\u4e09\u4e9a\u84dd\u5cb8\u6d77\u8fb9\u4e3b\u9898\u9152\u5e97", "order_time": ["2019-01-22 16:46:43", "2019-01-22 17:16:42"], "total_order": 2, "hotel_value": ["4.7", "4.7"], "hotel_price": ["141", "157"]}, "346760": {"hotel_name": "\u4e09\u4e9a\u4e9a\u9f99\u6e7e\u8f9b\u7279\u62c9\u8d4f\u693f\u5957\u623f\u5ea6\u5047\u9152\u5e97", "order_time": ["2019-01-22 17:04:47", "2019-01-22 16:46:46"], "total_order": 2, "hotel_value": ["4.3", "4.3"], "hotel_price": ["380", "380"]}, "428333": {"hotel_name": "\u5982\u5bb6\u5feb\u6377\u9152\u5e97(\u4e09\u4e9a\u6b65\u884c\u8857\u7f8e\u98df\u5e7f\u573a\u5e97)\u539f(\u4e09\u4e9a\u6587\u660e\u8def\u653f\u5e9c\u4e8c\u529e\u5e97)", "order_time": ["2019-01-22 16:46:46"], "total_order": 1, "hotel_value": ["4.3"], "hotel_price": ["149"]}, "346766": {"hotel_name": "\u4e09\u4e9a\u4e9a\u9f99\u6e7e\u51ef\u83b1\u4ed9\u4eba\u638c\u5ea6\u5047\u9152\u5e97", "order_time": ["2019-01-22 17:24:47", "2019-01-22 16:46:47", "2019-01-22 16:52:46", "2019-01-22 17:00:42"], "total_order": 4, "hotel_value": ["4.6", "4.6", "4.6", "4.6"], "hotel_price": ["388", "388", "388", "388"]}, "4388404": {"hotel_name": "\u4e09\u4e9a\u7f8e\u4e3d\u4e4b\u51a0\u5927\u6811\u9152\u5e97", "order_time": ["2019-01-22 17:14:44", "2019-01-22 16:50:53", "2019-01-22 16:46:50"], "total_order": 3, "hotel_value": ["4.3", "4.3", "4.3"], "hotel_price": ["220", "220", "220"]}, "8578912": {"hotel_name": "\u4e09\u4e9a\u6d77\u9614\u5929\u7a7a\u5496\u5561\u65c5\u9986(\u5929\u6daf\u6d77\u89d2\u5e97)", "order_time": ["2019-01-22 16:46:52"], "total_order": 1, "hotel_value": ["4.6"], "hotel_price": ["123"]}, "4648710": {"hotel_name": "\u4e09\u4e9a\u534a\u5cad\u6e29\u6cc9\u4e2d\u5fc3", "order_time": ["2019-01-22 16:56:46", "2019-01-22 16:47:11"], "total_order": 2, "hotel_value": ["4.4", "4.4"], "hotel_price": ["556", "556"]}, "431932": {"hotel_name": "\u4e09\u4e9a\u94f6\u97f5\u6d77\u666f\u5ea6\u5047\u9152\u5e97", "order_time": ["2019-01-22 16:47:18"], "total_order": 1, "hotel_value": ["4.7"], "hotel_price": ["200"]}, "4371952": {"hotel_name": "\u4e09\u4e9a\u534e\u5b87\u4e9a\u9f99\u6e7e\u8fce\u5bbe\u9986", "order_time": ["2019-01-22 16:48:38"], "total_order": 1, "hotel_value": ["4.7"], "hotel_price": ["2249"]}, "17325404": {"hotel_name": "\u4e09\u4e9a\u6d1b\u514b\u94c2\u91d1\u6d77\u666f\u9152\u5e97", "order_time": ["2019-01-22 17:30:52", "2019-01-22 16:48:38"], "total_order": 2, "hotel_value": ["4.4", "4.4"], "hotel_price": ["479", "479"]}, "4410283": {"hotel_name": "\u4e09\u4e9a\u5b50\u60a6\u5eb7\u5e74\u9152\u5e97(\u539f\u4e2d\u94c1\u5b50\u60a6\u5eb7\u5e74\u5546\u52a1\u9152\u5e97)", "order_time": ["2019-01-22 16:48:38"], "total_order": 1, "hotel_value": ["4.6"], "hotel_price": ["380"]}, "10836607": {"hotel_name": "\u4e09\u4e9a\u5ba2\u6021\u5c45\u65c5\u79df(\u539f\u5bb6\u4e4b\u5bb6\u5bbe\u9986)", "order_time": ["2019-01-22 16:48:39"], "total_order": 1, "hotel_value": ["4.8"], "hotel_price": ["95"]}, "21133855": {"hotel_name": "\u4e09\u4e9a\u6709\u95f4\u6d77\u666f\u5ea6\u5047\u516c\u5bd3", "order_time": ["2019-01-22 16:50:48", "2019-01-22 16:48:39"], "total_order": 2, "hotel_value": ["4.9", "4.9"], "hotel_price": ["128", "306"]}, "5980581": {"hotel_name": "\u4e09\u4e9a\u73ba\u6cfd\u6d77\u666f\u65c5\u5c45(\u539f\u6d77\u60a6\u661f\u8fb0\u6d77\u666f\u5ea6\u5047\u516c\u5bd3)", "order_time": ["2019-01-22 16:48:40"], "total_order": 1, "hotel_value": ["4.8"], "hotel_price": ["280"]}, "1410632": {"hotel_name": "\u683c\u6797\u8c6a\u6cf0(\u4e09\u4e9a\u548c\u5e73\u8857\u60c5\u4eba\u6865\u5e97)", "order_time": ["2019-01-22 17:28:47", "2019-01-22 16:48:47", "2019-01-22 16:50:47"], "total_order": 3, "hotel_value": ["4.2", "4.2", "4.2"], "hotel_price": ["133", "133", "133"]}, "5253602": {"hotel_name": "\u4e09\u4e9a\u6e7e\u98ce\u5c1a\u6d77\u666f\u5ea6\u5047\u516c\u5bd3", "order_time": ["2019-01-22 16:48:49"], "total_order": 1, "hotel_value": ["4.9"], "hotel_price": ["253"]}, "12671479": {"hotel_name": "\u4e09\u4e9a\u6da6\u5fb7\u6e7f\u5730\u516c\u56ed\u9152\u5e97", "order_time": ["2019-01-22 16:50:38", "2019-01-22 17:00:46", "2019-01-22 17:18:42"], "total_order": 3, "hotel_value": ["4.7", "4.7", "4.7"], "hotel_price": ["390", "390", "390"]}, "353871": {"hotel_name": "\u4e09\u4e9a\u7ef4\u666f\u56fd\u9645\u5ea6\u5047\u9152\u5e97", "order_time": ["2019-01-22 16:50:46"], "total_order": 1, "hotel_value": ["4.8"], "hotel_price": ["1678"]}, "1315536": {"hotel_name": "\u4e09\u4e9a\u5e15\u5c14\u7f8e\u7eb3\u56fd\u9645\u5ea6\u5047\u516c\u5bd3", "order_time": ["2019-01-22 16:50:48"], "total_order": 1, "hotel_value": ["4.8"], "hotel_price": ["385"]}, "28638966": {"hotel_name": "\u4e09\u4e9a\u9038\u81f3\u65c5\u79df", "order_time": ["2019-01-22 16:50:50"], "total_order": 1, "hotel_value": [0], "hotel_price": ["47"]}, "23806773": {"hotel_name": "\u4e09\u4e9a\u552f\u7231\u9038\u5bb6\u65c5\u79df", "order_time": ["2019-01-22 16:50:51"], "total_order": 1, "hotel_value": ["4.7"], "hotel_price": ["229"]}, "6106463": {"hotel_name": "\u4e09\u4e9a\u7f8e\u4e9a\u56db\u5b63\u9152\u5e97", "order_time": ["2019-01-22 16:50:53"], "total_order": 1, "hotel_value": ["4.7"], "hotel_price": ["317"]}, "14122212": {"hotel_name": "\u4e09\u4e9a\u5c0f\u592a\u9633\u6d77\u666f\u9752\u5e74\u65c5\u793e", "order_time": ["2019-01-22 16:50:58"], "total_order": 1, "hotel_value": ["4.9"], "hotel_price": ["29"]}, "18075076": {"hotel_name": "\u4e09\u4e9a\u827e\u8a00\u9152\u5e97", "order_time": ["2019-01-22 16:51:09"], "total_order": 1, "hotel_value": ["4.8"], "hotel_price": ["338"]}, "6003000": {"hotel_name": "\u4e09\u4e9a\u4e9a\u9f99\u6e7e\u9014\u5c45\u7cbe\u54c1\u5ea6\u5047\u516c\u5bd3", "order_time": ["2019-01-22 16:51:10"], "total_order": 1, "hotel_value": ["4.9"], "hotel_price": ["320"]}, "23932008": {"hotel_name": "\u4e09\u4e9a\u6d77\u68e0\u6e7e\u897f\u6e8f\u5ea6\u5047\u516c\u5bd3(\u539f\u5c1a\u4e66\u96c5\u82d1\u5ea6\u5047\u522b\u5885)", "order_time": ["2019-01-22 16:52:40", "2019-01-22 17:24:45", "2019-01-22 17:12:50"], "total_order": 3, "hotel_value": ["4.8", "4.8", "4.8"], "hotel_price": ["312", "312", "312"]}, "1067285": {"hotel_name": "\u6d77\u5357\u84dd\u6e7e\u7eff\u57ce\u5a01\u65af\u6c40\u5ea6\u5047\u9152\u5e97", "order_time": ["2019-01-22 16:52:46"], "total_order": 1, "hotel_value": ["4.7"], "hotel_price": ["986"]}, "346775": {"hotel_name": "\u4e09\u4e9a\u4e9a\u9f99\u6e7e\u73af\u7403\u57ce\u5927\u9152\u5e97", "order_time": ["2019-01-22 16:52:47"], "total_order": 1, "hotel_value": ["4.2"], "hotel_price": ["390"]}, "428318": {"hotel_name": "\u4e09\u4e9a\u6021\u5ead\u9152\u5e97", "order_time": ["2019-01-22 16:52:47"], "total_order": 1, "hotel_value": ["4.8"], "hotel_price": ["215"]}, "4638068": {"hotel_name": "\u7559\u4e00\u95f4\u7cbe\u54c1\u9152\u5e97(\u4e09\u4e9a\u6e7e\u51e4\u51f0\u673a\u573a\u5e97)", "order_time": ["2019-01-22 16:52:49"], "total_order": 1, "hotel_value": ["4.3"], "hotel_price": ["208"]}, "28366169": {"hotel_name": "7\u5929\u4f18\u54c1\u9152\u5e97(\u4e09\u4e9a\u6e7e\u6d77\u6708\u5e7f\u573a\u6d77\u666f\u5e97)", "order_time": ["2019-01-22 17:26:41", "2019-01-22 17:10:45", "2019-01-22 16:52:55"], "total_order": 3, "hotel_value": ["4.7", "4.7", "4.7"], "hotel_price": ["159", "159", "159"]}, "22416215": {"hotel_name": "\u4e09\u4e9a\u74e6\u683c\u7eb3\u6d77\u666f\u5ea6\u5047\u9152\u5e97", "order_time": ["2019-01-22 16:54:40"], "total_order": 1, "hotel_value": ["4.8"], "hotel_price": ["175"]}, "2157963": {"hotel_name": "\u4e09\u4e9a\u4e07\u79d1\u68ee\u6797\u60a6\u5ea6\u5047\u6751", "order_time": ["2019-01-22 16:54:42"], "total_order": 1, "hotel_value": ["4.4"], "hotel_price": ["546"]}, "346673": {"hotel_name": "\u4e09\u4e9a\u534a\u5c71\u534a\u5c9b\u5ea6\u5047\u9152\u5e97(\u5168\u5957\u623f)", "order_time": ["2019-01-22 16:54:44"], "total_order": 1, "hotel_value": ["4.6"], "hotel_price": ["752"]}, "3631084": {"hotel_name": "\u4e09\u4e9a\u6e7e\u5e0c\u5c14\u987f\u6b22\u670b\u9152\u5e97", "order_time": ["2019-01-22 16:54:44"], "total_order": 1, "hotel_value": ["4.8"], "hotel_price": ["839"]}, "15696546": {"hotel_name": "\u4e09\u4e9a\u4e2d\u5fc3\u51ef\u60a6\u5609\u8f69\u9152\u5e97", "order_time": ["2019-01-22 16:54:44"], "total_order": 1, "hotel_value": ["4.5"], "hotel_price": ["499"]}, "372154": {"hotel_name": "\u4e09\u4e9a\u798f\u670b\u559c\u6765\u767b\u9152\u5e97", "order_time": ["2019-01-22 16:54:44", "2019-01-22 17:10:55"], "total_order": 2, "hotel_value": ["4.5", "4.5"], "hotel_price": ["665", "665"]}, "6635244": {"hotel_name": "\u4e09\u4e9a\u6893\u8def\u5ba2\u6808", "order_time": ["2019-01-22 16:54:47"], "total_order": 1, "hotel_value": ["4.7"], "hotel_price": ["238"]}, "346691": {"hotel_name": "\u4e09\u4e9a\u9e3f\u6d32\u57c3\u5fb7\u745e\u9152\u5e97", "order_time": ["2019-01-22 17:12:49", "2019-01-22 16:54:48"], "total_order": 2, "hotel_value": ["4.3", "4.3"], "hotel_price": ["408", "408"]}, "514355": {"hotel_name": "\u4e09\u4e9a\u65c5\u5de2\u6d77\u666f\u5ea6\u5047\u516c\u5bd3", "order_time": ["2019-01-22 16:56:42"], "total_order": 1, "hotel_value": ["4.7"], "hotel_price": ["278"]}, "6503543": {"hotel_name": "\u4e09\u4e9a\u6c5f\u5357\u767e\u60a6\u5546\u52a1\u5927\u9152\u5e97", "order_time": ["2019-01-22 16:56:48"], "total_order": 1, "hotel_value": ["4.2"], "hotel_price": ["227"]}, "426966": {"hotel_name": "\u4e09\u4e9a\u5927\u5c0f\u6d1e\u5929\u5c0f\u6708\u6e7e\u5ea6\u5047\u9152\u5e97", "order_time": ["2019-01-22 16:56:48", "2019-01-22 17:04:49"], "total_order": 2, "hotel_value": ["4.5", "4.5"], "hotel_price": ["468", "468"]}, "6444329": {"hotel_name": "\u84dd\u8272\u7406\u60f3\u6d77\u666f\u5ba2\u6808(\u4e09\u4e9a\u6e7e\u522b\u5885\u4e3b\u9898\u5e97)(\u539f\u6d77\u738b\u661f\u4e3b\u9898\u5ba2\u6808)", "order_time": ["2019-01-22 17:08:50", "2019-01-22 16:56:56"], "total_order": 2, "hotel_value": ["4.7", "4.7"], "hotel_price": ["226", "226"]}, "4656822": {"hotel_name": "\u4e45\u6816\u00b7\u4e09\u4e9a\u6d77\u84dd\u84dd\u6d77\u666f\u6c11\u5bbf", "order_time": ["2019-01-22 17:08:42", "2019-01-22 16:58:46"], "total_order": 2, "hotel_value": ["4.6", "4.6"], "hotel_price": ["170", "170"]}, "1715599": {"hotel_name": "\u4e09\u4e9a\u585e\u7eb3\u6d77\u5cb8\u827a\u672f\u5ba2\u6808", "order_time": ["2019-01-22 16:58:46"], "total_order": 1, "hotel_value": ["4.8"], "hotel_price": ["161"]}, "17140010": {"hotel_name": "\u4e09\u4e9a\u60a6\u670b\u00b7\u6d77\u534a\u95f4\u4eba\u6587\u8bbe\u8ba1\u6d77\u666f\u9152\u5e97", "order_time": ["2019-01-22 17:06:48", "2019-01-22 16:58:46"], "total_order": 2, "hotel_value": ["4.8", "4.8"], "hotel_price": ["253", "253"]}, "8577314": {"hotel_name": "\u4e09\u4e9a\u7f8e\u4e3d\u4e4b\u51a0\u5e78\u798f\u6811\u5ea6\u5047\u9152\u5e97", "order_time": ["2019-01-22 16:58:49"], "total_order": 1, "hotel_value": ["4.0"], "hotel_price": ["167"]}, "371722": {"hotel_name": "\u4e09\u4e9a\u4e9a\u9f99\u6e7e\u91d1\u68d5\u6988\u5ea6\u5047\u9152\u5e97", "order_time": ["2019-01-22 16:58:49"], "total_order": 1, "hotel_value": ["4.6"], "hotel_price": ["528"]}, "3002283": {"hotel_name": "\u4e09\u4e9a\u60a6\u5ba2\u6808\u4e3b\u9898\u9152\u5e97", "order_time": ["2019-01-22 16:58:49", "2019-01-22 17:14:47"], "total_order": 2, "hotel_value": ["4.5", "4.5"], "hotel_price": ["108", "108"]}, "346686": {"hotel_name": "\u4e09\u4e9a\u739b\u745e\u7eb3\u9152\u5e97", "order_time": ["2019-01-22 16:58:50"], "total_order": 1, "hotel_value": ["4.6"], "hotel_price": ["350"]}, "3197195": {"hotel_name": "\u54ea\u91cc\u90a3\u91cc\u6d77\u5cb8\u7cbe\u54c1\u5ba2\u6808(\u4e09\u4e9a\u4e9a\u9f99\u6e7e\u5e97)", "order_time": ["2019-01-22 16:58:53"], "total_order": 1, "hotel_value": ["4.8"], "hotel_price": ["135"]}, "436690": {"hotel_name": "\u4e09\u4e9a\u8708\u652f\u6d32\u5c9b\u73ca\u745a\u9152\u5e97\u6728\u5c4b", "order_time": ["2019-01-22 16:58:53"], "total_order": 1, "hotel_value": ["4.6"], "hotel_price": ["1600"]}, "6809050": {"hotel_name": "\u4e09\u4e9a\u5170\u6d77\u5ea6\u5047\u9152\u5e97\u516c\u5bd3\u84dd\u8272\u6d77\u5cb8\u5e97", "order_time": ["2019-01-22 17:00:42"], "total_order": 1, "hotel_value": ["4.7"], "hotel_price": ["193"]}, "25779316": {"hotel_name": "\u4e09\u4e9a\u8fc8\u5178\u6d77\u666f\u5ea6\u5047\u516c\u5bd3", "order_time": ["2019-01-22 17:00:45"], "total_order": 1, "hotel_value": ["4.9"], "hotel_price": ["410"]}, "2083899": {"hotel_name": "\u4e09\u4e9a\u6d77\u68e0\u6e7e\u542c\u6d9b\u5c0f\u7b51\u5ba2\u6808(\u539f\u8def\u6613\u9152\u5e97)", "order_time": ["2019-01-22 17:00:50"], "total_order": 1, "hotel_value": ["4.6"], "hotel_price": ["65"]}, "10226392": {"hotel_name": "\u81fb\u7231\u9038\u5bb6\u7cbe\u54c1\u522b\u5885(\u4e09\u4e9a\u6e7e\u7ea2\u6811\u6797\u5e97)", "order_time": ["2019-01-22 17:02:42", "2019-01-22 17:10:50"], "total_order": 2, "hotel_value": ["4.8", "4.8"], "hotel_price": ["217", "217"]}, "1772127": {"hotel_name": "\u4e09\u4e9a\u6e7e\u7ea2\u6811\u6797\u5ea6\u5047\u4e16\u754c(\u7687\u540e\u68d5\u9152\u5e97)", "order_time": ["2019-01-22 17:02:45"], "total_order": 1, "hotel_value": ["4.7"], "hotel_price": ["930"]}, "345088": {"hotel_name": "\u4e09\u4e9a\u5929\u6cfd\u6d77\u97f5\u5ea6\u5047\u9152\u5e97", "order_time": ["2019-01-22 17:02:47"], "total_order": 1, "hotel_value": ["4.4"], "hotel_price": ["388"]}, "5647540": {"hotel_name": "\u4e03\u68f5\u6811\u5927\u6811\u9152\u5e97(\u4e09\u4e9a\u7f8e\u4e3d\u4e4b\u51a0\u5e97)(\u539f\u7f8e\u4e3d\u4e4b\u51a0\u4e5d\u68f5\u5927\u6811\u9152\u5e97)", "order_time": ["2019-01-22 17:02:47"], "total_order": 1, "hotel_value": ["4.2"], "hotel_price": ["195"]}, "9666280": {"hotel_name": "\u4e09\u4e9ahello\u6d77\u666f\u5ea6\u5047\u516c\u5bd3", "order_time": ["2019-01-22 17:02:48", "2019-01-22 17:28:50"], "total_order": 2, "hotel_value": ["4.8", "4.8"], "hotel_price": ["182", "259"]}, "18425048": {"hotel_name": "\u4e09\u4e9a\u4e9a\u9f99\u6e7e\u4e1b\u6797\u5c0f\u7b51\u65c5\u79df", "order_time": ["2019-01-22 17:02:50"], "total_order": 1, "hotel_value": ["4.9"], "hotel_price": ["107"]}, "12184321": {"hotel_name": "\u4e09\u4e9a\u7d2b\u6930\u6797\u6d77\u5cb8\u4e3b\u9898\u9152\u5e97", "order_time": ["2019-01-22 17:02:50"], "total_order": 1, "hotel_value": ["4.5"], "hotel_price": ["113"]}, "1670089": {"hotel_name": "v8\u5feb\u6377\u9152\u5e97(\u4e09\u4e9a\u5546\u54c1\u8857\u5e97)", "order_time": ["2019-01-22 17:02:59"], "total_order": 1, "hotel_value": ["4.0"], "hotel_price": ["85"]}, "1308446": {"hotel_name": "\u4e09\u4e9a\u559c\u7965\u65c5\u9986", "order_time": ["2019-01-22 17:03:00"], "total_order": 1, "hotel_value": [0], "hotel_price": ["106"]}, "12458747": {"hotel_name": "\u4e09\u4e9a\u851a\u84dd\u6d77\u5cb8\u6d77\u666f\u516c\u5bd3", "order_time": ["2019-01-22 17:04:44"], "total_order": 1, "hotel_value": ["4.9"], "hotel_price": ["392"]}, "1340218": {"hotel_name": "\u4e09\u4e9a\u671b\u6d77\u9752\u5e74\u9152\u5e97", "order_time": ["2019-01-22 17:04:44"], "total_order": 1, "hotel_value": ["4.6"], "hotel_price": ["213"]}, "6541448": {"hotel_name": "\u4e09\u4e9a\u745e\u6cf0\u660e\u73e0\u9152\u5e97(\u51e4\u51f0\u673a\u573a\u5e97)", "order_time": ["2019-01-22 17:28:44", "2019-01-22 17:04:46"], "total_order": 2, "hotel_value": ["4.6", "4.6"], "hotel_price": ["206", "206"]}, "10919963": {"hotel_name": "\u4e09\u4e9a\u5149\u5f71\u5e74\u8f6e\u7cbe\u54c1\u5ba2\u6808", "order_time": ["2019-01-22 17:04:46"], "total_order": 1, "hotel_value": ["4.8"], "hotel_price": ["121"]}, "1055585": {"hotel_name": "\u9e97\u67ab\u9152\u5e97(\u4e09\u4e9a\u6e7e\u5409\u7965\u8857\u5e97)", "order_time": ["2019-01-22 17:04:46"], "total_order": 1, "hotel_value": ["4.7"], "hotel_price": ["233"]}, "470577": {"hotel_name": "\u4e09\u4e9a\u5357\u5c71\u4f11\u95f2\u4f1a\u9986\u7985\u4fee\u4e3b\u9898", "order_time": ["2019-01-22 17:06:40", "2019-01-22 17:04:48", "2019-01-22 17:16:53"], "total_order": 3, "hotel_value": ["4.5", "4.5", "4.5"], "hotel_price": ["566", "566", "566"]}, "7864205": {"hotel_name": "\u65f6\u4ee3\u5927\u6811\u5ea6\u5047\u9152\u5e97(\u4e09\u4e9a\u7f8e\u4e3d\u4e4b\u51a0\u5e97)(\u539f\u7f8e\u4e3d\u4e4b\u51a0\u5927\u6811\u5ea6\u5047\u9152\u5e97)", "order_time": ["2019-01-22 17:04:49"], "total_order": 1, "hotel_value": ["4.7"], "hotel_price": ["183"]}, "346735": {"hotel_name": "\u4e09\u4e9a\u5357\u7530\u6e29\u6cc9\u597d\u6c49\u5761\u56fd\u9645\u5ea6\u5047\u9152\u5e97", "order_time": ["2019-01-22 17:04:50"], "total_order": 1, "hotel_value": ["4.3"], "hotel_price": ["346"]}, "1209482": {"hotel_name": "\u4e09\u4e9a\u8717\u65f6\u5149\u5ea6\u5047\u9152\u5e97", "order_time": ["2019-01-22 17:04:51"], "total_order": 1, "hotel_value": ["4.3"], "hotel_price": ["222"]}, "6562139": {"hotel_name": "\u4e09\u4e9a\u552f\u66a7\u7cbe\u54c1\u4e3b\u9898\u9152\u5e97", "order_time": ["2019-01-22 17:04:52"], "total_order": 1, "hotel_value": ["4.8"], "hotel_price": ["153"]}, "6266014": {"hotel_name": "\u4e09\u4e9a\u6c34\u4e2d\u6c99\u6d77\u666f\u5ba2\u6808", "order_time": ["2019-01-22 17:04:54"], "total_order": 1, "hotel_value": ["4.9"], "hotel_price": ["119"]}, "346702": {"hotel_name": "\u4e09\u4e9a\u8fb0\u5149\u514b\u62c9\u7801\u5934\u9152\u5e97", "order_time": ["2019-01-22 17:04:59", "2019-01-22 17:30:52", "2019-01-22 17:21:03"], "total_order": 3, "hotel_value": ["4.6", "4.6", "4.6"], "hotel_price": ["404", "404", "404"]}, "24609830": {"hotel_name": "\u4e09\u4e9a\u6d77\u68e0\u6e7e\u5c0f\u68e0\u522b\u9662\u827a\u672f\u6c11\u5bbf", "order_time": ["2019-01-22 17:06:41"], "total_order": 1, "hotel_value": ["4.8"], "hotel_price": ["401"]}, "1434875": {"hotel_name": "\u4e09\u4e9a\u5170\u6d77\u5047\u65e5\u6d77\u666f\u5ea6\u5047\u516c\u5bd3", "order_time": ["2019-01-22 17:06:42"], "total_order": 1, "hotel_value": ["4.7"], "hotel_price": ["282"]}, "427279": {"hotel_name": "\u4e09\u4e9a\u5357\u5c71\u8fce\u5bbe\u9986", "order_time": ["2019-01-22 17:06:46"], "total_order": 1, "hotel_value": ["4.6"], "hotel_price": ["683"]}, "6839693": {"hotel_name": "\u4e09\u4e9a\u68ee\u6797\u6d77\u5cb8\u6cf3\u6c60\u5ea6\u5047\u522b\u5885", "order_time": ["2019-01-22 17:06:53"], "total_order": 1, "hotel_value": ["4.9"], "hotel_price": ["518"]}, "5234726": {"hotel_name": "\u4e09\u4e9a\u4e1c\u6e2f\u6d77\u666f\u4e3b\u9898\u9152\u5e97(\u56fd\u9645\u8d2d\u7269\u4e2d\u5fc3\u5e97)(\u539f\u4e1c\u6e2f\u4e3b\u9898\u9152\u5e97)", "order_time": ["2019-01-22 17:08:42"], "total_order": 1, "hotel_value": ["4.3"], "hotel_price": ["132"]}, "1251671": {"hotel_name": "\u9526\u6c5f\u4e4b\u661f(\u4e09\u4e9a\u6cb3\u897f\u8def\u6b65\u884c\u6865\u6cb3\u666f\u5e97)", "order_time": ["2019-01-22 17:08:47"], "total_order": 1, "hotel_value": ["4.5"], "hotel_price": ["183"]}, "25628398": {"hotel_name": "\u5927\u8c61\u6c11\u5bbf(\u4e09\u4e9a\u5170\u6d77\u82b1\u56ed\u5e97)", "order_time": ["2019-01-22 17:08:49"], "total_order": 1, "hotel_value": ["5.0"], "hotel_price": ["433"]}, "8859003": {"hotel_name": "\u4e09\u4e9a\u5929\u5929\u590f\u65e5\u84dd\u5929\u9152\u5e97", "order_time": ["2019-01-22 17:08:50"], "total_order": 1, "hotel_value": ["3.6"], "hotel_price": ["138"]}, "455490": {"hotel_name": "\u4e09\u4e9a\u4e9a\u9f99\u6e7e\u77f3\u6eaa\u5885\u5efa\u56fd\u5ea6\u5047\u9152\u5e97", "order_time": ["2019-01-22 17:08:53"], "total_order": 1, "hotel_value": ["4.6"], "hotel_price": ["488"]}, "1254854": {"hotel_name": "\u4e09\u4e9aWWW\u6d77\u666f\u516c\u5bd3", "order_time": ["2019-01-22 17:10:44"], "total_order": 1, "hotel_value": ["4.8"], "hotel_price": ["175"]}, "8577364": {"hotel_name": "\u65e9\u5b89\u5927\u6811\u9152\u5e97(\u4e09\u4e9a\u7f8e\u4e3d\u4e4b\u51a0\u5e97)(\u539f\u4e09\u4e9a\u65e9\u5b89\u6591\u514b\u9152\u5e97\u5927\u6811\u516c\u9986\u5e97)", "order_time": ["2019-01-22 17:10:44"], "total_order": 1, "hotel_value": ["4.4"], "hotel_price": ["160"]}, "1739015": {"hotel_name": "\u4e09\u4e9a\u9f99\u5174\u83b1\u66fc\u6d77\u666f\u5ea6\u5047\u9152\u5e97", "order_time": ["2019-01-22 17:10:44"], "total_order": 1, "hotel_value": ["4.4"], "hotel_price": ["419"]}, "6280766": {"hotel_name": "\u4e09\u4e9a\u5927\u4e1c\u6d77\u82b1\u8bed\u6d77\u666f\u5ea6\u5047\u516c\u5bd3", "order_time": ["2019-01-22 17:10:46"], "total_order": 1, "hotel_value": ["4.4"], "hotel_price": ["152"]}, "4398479": {"hotel_name": "\u4e09\u4e9a\u4e00\u60a6\u79cb\u820d\u9152\u5e97", "order_time": ["2019-01-22 17:10:46"], "total_order": 1, "hotel_value": ["4.4"], "hotel_price": ["142"]}, "4388602": {"hotel_name": "\u4e09\u4e9a\u90a3\u6247\u95e8\u7cbe\u54c1\u5ba2\u6808", "order_time": ["2019-01-22 17:10:48"], "total_order": 1, "hotel_value": ["4.7"], "hotel_price": ["133"]}, "5634155": {"hotel_name": "\u4e09\u4e9a\u6e7e\u7ea2\u6811\u6797\u5ea6\u5047\u4e16\u754c(\u68d5\u6988\u738b\u56fd\u4eb2\u5b50\u4e3b\u9898\u5e97)", "order_time": ["2019-01-22 17:10:49"], "total_order": 1, "hotel_value": ["4.7"], "hotel_price": ["1149"]}, "344904": {"hotel_name": "\u4e09\u4e9a\u80dc\u610f\u5927\u9152\u5e97", "order_time": ["2019-01-22 17:10:50"], "total_order": 1, "hotel_value": ["4.7"], "hotel_price": ["480"]}, "426964": {"hotel_name": "\u4e09\u4e9a\u5eb7\u7279\u738b\u5e9c\u4f1a\u8bae\u5ea6\u5047\u9152\u5e97", "order_time": ["2019-01-22 17:10:50"], "total_order": 1, "hotel_value": ["4.6"], "hotel_price": ["418"]}, "21641576": {"hotel_name": "\u7f8e\u4e3d\u6d77\u9152\u5e97(\u4e09\u4e9a\u51e4\u51f0\u673a\u573a\u5e97)", "order_time": ["2019-01-22 17:10:50"], "total_order": 1, "hotel_value": ["4.5"], "hotel_price": ["122"]}, "608354": {"hotel_name": "\u4e45\u6816\u00b7\u4e09\u4e9a\u6e7e\u99a8\u7f18\u91d1\u51e4\u51f0\u6d77\u666f\u5ea6\u5047\u516c\u5bd3", "order_time": ["2019-01-22 17:10:54"], "total_order": 1, "hotel_value": ["4.5"], "hotel_price": ["729"]}, "15950437": {"hotel_name": "\u4e09\u4e9a\u5fd8\u5fe7\u5047\u65e5\u65c5\u79df", "order_time": ["2019-01-22 17:11:09"], "total_order": 1, "hotel_value": ["5.0"], "hotel_price": ["83"]}, "25215526": {"hotel_name": "\u4e09\u4e9a\u7d2b\u68a6\u56ed\u65c5\u79df", "order_time": ["2019-01-22 17:11:09"], "total_order": 1, "hotel_value": [0], "hotel_price": ["109"]}, "5074683": {"hotel_name": "\u4e09\u4e9a\u4eba\u548c\u5bbe\u9986", "order_time": ["2019-01-22 17:11:10"], "total_order": 1, "hotel_value": [0], "hotel_price": ["88"]}, "427635": {"hotel_name": "\u4e09\u4e9a\u5609\u5bbe\u56fd\u9645\u9152\u5e97(5\u53f6\u7eff\u8272\u996d\u5e97)", "order_time": ["2019-01-22 17:12:47"], "total_order": 1, "hotel_value": ["4.6"], "hotel_price": ["469"]}, "1457262": {"hotel_name": "\u4e09\u4e9a\u5c71\u6d77\u5929JW\u4e07\u8c6a\u9152\u5e97", "order_time": ["2019-01-22 17:12:49", "2019-01-22 17:22:53"], "total_order": 2, "hotel_value": ["4.7", "4.7"], "hotel_price": ["802", "802"]}, "429615": {"hotel_name": "\u4e09\u4e9a\u4e9a\u9f99\u6e7e\u541b\u6f9c\u5ea6\u5047\u9152\u5e97(\u539f\u5047\u65e5\u5ea6\u5047\u9152\u5e97)", "order_time": ["2019-01-22 17:12:50", "2019-01-22 17:16:53"], "total_order": 2, "hotel_value": ["4.5", "4.5"], "hotel_price": ["660", "660"]}, "12420349": {"hotel_name": "\u65c5\u5bb6\u6d77\u666f\u5ea6\u5047\u9152\u5e97\u5f0f\u516c\u5bd3(\u4e09\u4e9a\u5927\u4e1c\u6d77\u5e97)", "order_time": ["2019-01-22 17:24:43", "2019-01-22 17:12:55"], "total_order": 2, "hotel_value": ["4.9", "4.9"], "hotel_price": ["219", "219"]}, "917379": {"hotel_name": "\u4e09\u4e9a\u85b0\u8863\u8349\u6d77\u8fb9\u7cbe\u54c1\u5ba2\u6808", "order_time": ["2019-01-22 17:12:56"], "total_order": 1, "hotel_value": ["4.4"], "hotel_price": ["145"]}, "1208108": {"hotel_name": "\u6d77\u77e5\u6cc9\u5ea6\u5047\u516c\u5bd3(\u4e09\u4e9a\u51e4\u51f0\u6c34\u57ce\u5e97)", "order_time": ["2019-01-22 17:13:00"], "total_order": 1, "hotel_value": ["4.7"], "hotel_price": ["122"]}, "1573160": {"hotel_name": "\u683c\u6797\u8c6a\u6cf0(\u4e09\u4e9a\u4e9a\u9f99\u6e7e\u5e97)", "order_time": ["2019-01-22 17:13:03"], "total_order": 1, "hotel_value": ["4.4"], "hotel_price": ["193"]}, "5292077": {"hotel_name": "\u4e09\u4e9a\u6d77\u8c5a\u6e7e\u4e3b\u9898\u9152\u5e97", "order_time": ["2019-01-22 17:13:03"], "total_order": 1, "hotel_value": ["4.5"], "hotel_price": ["131"]}, "6486443": {"hotel_name": "\u4e09\u4e9a\u5b9d\u745e\u7cbe\u54c1\u5ea6\u5047\u516c\u5bd3", "order_time": ["2019-01-22 17:13:04"], "total_order": 1, "hotel_value": ["4.4"], "hotel_price": ["193"]}, "608176": {"hotel_name": "\u4e09\u4e9a\u8c6a\u5a01\u6d77\u666f\u5927\u9152\u5e97", "order_time": ["2019-01-22 17:13:05"], "total_order": 1, "hotel_value": ["4.1"], "hotel_price": ["272"]}, "428330": {"hotel_name": "\u7231\u4e3d\u9152\u5e97(\u4e09\u4e9a\u5e97)", "order_time": ["2019-01-22 17:14:43"], "total_order": 1, "hotel_value": ["4.5"], "hotel_price": ["128"]}, "346679": {"hotel_name": "\u4e09\u4e9a\u6e7e\u7687\u51a0\u5047\u65e5\u5ea6\u5047\u9152\u5e97", "order_time": ["2019-01-22 17:14:46"], "total_order": 1, "hotel_value": ["4.6"], "hotel_price": ["518"]}, "6450523": {"hotel_name": "\u4e09\u4e9a\u5c71\u6d77\u5929\u5927\u9152\u5e97\u00b7\u50b2\u9014\u683c\u7cbe\u9009", "order_time": ["2019-01-22 17:14:46"], "total_order": 1, "hotel_value": ["4.8"], "hotel_price": ["986"]}, "10188701": {"hotel_name": "\u4e09\u4e9a\u6c34\u6676\u4e4b\u604b\u4e3b\u9898\u9152\u5e97", "order_time": ["2019-01-22 17:14:47"], "total_order": 1, "hotel_value": ["4.7"], "hotel_price": ["163"]}, "3031230": {"hotel_name": "\u6021\u6d77\u84dd\u6e7e\u6d77\u666f\u522b\u5885(\u4e09\u4e9a\u51e4\u51f0\u5c9b\u5e97)", "order_time": ["2019-01-22 17:14:51"], "total_order": 1, "hotel_value": ["4.5"], "hotel_price": ["270"]}, "895697": {"hotel_name": "7\u5929\u8fde\u9501\u9152\u5e97(\u4e09\u4e9a\u6e7e\u80dc\u5229\u8d2d\u7269\u5e7f\u573a\u5e97)", "order_time": ["2019-01-22 17:14:52"], "total_order": 1, "hotel_value": ["4.3"], "hotel_price": ["127"]}, "852840": {"hotel_name": "\u4e09\u4e9a\u5929\u6daf\u540e\u6765\u65c5\u79df(\u539f\u4e09\u4e9a\u6daf\u4e4b\u6d32\u6d77\u666f\u5ba2\u6808)", "order_time": ["2019-01-22 17:14:55"], "total_order": 1, "hotel_value": ["4.2"], "hotel_price": ["52"]}, "9626476": {"hotel_name": "\u4e09\u4e9a\u67ab\u6797\u665a\u667a\u6167\u4e3b\u9898\u9152\u5e97\u51e4\u51f0\u673a\u573a\u5e97", "order_time": ["2019-01-22 17:16:43"], "total_order": 1, "hotel_value": ["4.8"], "hotel_price": ["202"]}, "3035404": {"hotel_name": "\u4e09\u4e9a\u6e7e\u94f6\u82d1\u4e34\u6d77\u4e3b\u9898\u9152\u5e97", "order_time": ["2019-01-22 17:16:46"], "total_order": 1, "hotel_value": ["4.1"], "hotel_price": ["228"]}, "2574467": {"hotel_name": "\u4e09\u4e9a\u5609\u65fa\u5bb6\u5ead\u65c5\u9986", "order_time": ["2019-01-22 17:16:46", "2019-01-22 17:32:44"], "total_order": 2, "hotel_value": ["4.4", "4.4"], "hotel_price": ["102", "102"]}, "14999032": {"hotel_name": "\u4e09\u4e9a\u4e9a\u9f99\u6e7e\u6d6e\u751f\u82e5\u5bbf\u8bbe\u8ba1\u6c11\u5bbf", "order_time": ["2019-01-22 17:16:46", "2019-01-22 17:18:48"], "total_order": 2, "hotel_value": ["4.9", "4.9"], "hotel_price": ["457", "457"]}, "6476957": {"hotel_name": "\u4e09\u4e9a\u5174\u5b89\u957f\u5cf0\u5927\u9152\u5e97", "order_time": ["2019-01-22 17:16:47", "2019-01-22 17:30:38"], "total_order": 2, "hotel_value": ["4.5", "4.5"], "hotel_price": ["298", "298"]}, "429624": {"hotel_name": "\u6709\u9897\u7cd6\u6d77\u5cb8\u7cbe\u54c1\u5ba2\u6808(\u4e09\u4e9a\u5927\u4e1c\u6d77\u5e97)(\u539f\u6709\u9897\u7cd6\u5ea6\u5047\u9152\u5e97)", "order_time": ["2019-01-22 17:16:47"], "total_order": 1, "hotel_value": ["4.4"], "hotel_price": ["124"]}, "2032262": {"hotel_name": "\u7ef4\u4e5f\u7eb3\u9152\u5e97(\u4e09\u4e9a\u6e7e\u51e4\u51f0\u5c9b\u5e97)(\u539f\u4e09\u4e9a\u7b2c\u4e00\u5e02\u573a\u5e97)", "order_time": ["2019-01-22 17:16:49"], "total_order": 1, "hotel_value": ["4.7"], "hotel_price": ["297"]}, "2012665": {"hotel_name": "\u4e09\u4e9a\u5317\u65b9\u516c\u5bd3", "order_time": ["2019-01-22 17:16:49"], "total_order": 1, "hotel_value": [0], "hotel_price": ["100"]}, "3292125": {"hotel_name": "\u4e09\u4e9a\u5927\u4e1c\u6d77\u4e50\u5de2\u6d77\u666f\u5ba2\u6808", "order_time": ["2019-01-22 17:16:50"], "total_order": 1, "hotel_value": ["4.6"], "hotel_price": ["191"]}, "435983": {"hotel_name": "\u4e09\u4e9a\u4e9a\u9f99\u6e7e\u4eba\u95f4\u5929\u5802-\u9e1f\u5de2\u5ea6\u5047\u6751", "order_time": ["2019-01-22 17:16:53"], "total_order": 1, "hotel_value": ["4.6"], "hotel_price": ["1270"]}, "5624035": {"hotel_name": "\u4e09\u4e9a\u5fae\u84dd\u6d77\u666f\u5ea6\u5047\u516c\u5bd3", "order_time": ["2019-01-22 17:17:00"], "total_order": 1, "hotel_value": ["4.6"], "hotel_price": ["161"]}, "6245445": {"hotel_name": "\u4e09\u4e9a\u8d1d\u65af\u7279\u97e6\u65af\u7279\u7cbe\u54c1\u56fd\u9645\u5ea6\u5047\u9152\u5e97", "order_time": ["2019-01-22 17:18:43"], "total_order": 1, "hotel_value": ["4.7"], "hotel_price": ["468"]}, "3462113": {"hotel_name": "\u5982\u5bb6\u6d3e\u67cf\u00b7\u4e91\u9152\u5e97(\u4e09\u4e9a\u4e9a\u9f99\u6e7e\u5e97)(\u539f\u91d1\u601d\u8fbe\u5047\u65e5\u9152\u5e97)", "order_time": ["2019-01-22 17:18:44"], "total_order": 1, "hotel_value": ["4.2"], "hotel_price": ["132"]}, "5812543": {"hotel_name": "\u843d\u5b89\u6d77\u666f\u5ba2\u6808(\u4e09\u4e9a\u6d77\u68e0\u6e7e\u8708\u652f\u6d32\u5c9b\u5e97)", "order_time": ["2019-01-22 17:18:47"], "total_order": 1, "hotel_value": ["4.5"], "hotel_price": ["126"]}, "12797173": {"hotel_name": "\u4e09\u4e9a\u9690\u5c45\u6d77\u4e0a\u00b7\u9999\u6c34\u6e7e\u9152\u5e97", "order_time": ["2019-01-22 17:18:48"], "total_order": 1, "hotel_value": ["4.5"], "hotel_price": ["403"]}, "854161": {"hotel_name": "\u4e09\u4e9a\u6e7e\u65b0\u7586\u5927\u53a6\u5ea6\u5047\u9152\u5e97", "order_time": ["2019-01-22 17:18:48"], "total_order": 1, "hotel_value": ["4.5"], "hotel_price": ["304"]}, "3732039": {"hotel_name": "\u4e09\u4e9a\u6d77\u68e0\u6e7e\u6bd4\u90bbnear\u6930\u6797\u7f8e\u5bbf(\u539f\u6bd4\u90bb\u6cf3\u6c60\u5ea6\u5047\u7cbe\u54c1\u5ba2\u6808)", "order_time": ["2019-01-22 17:18:48"], "total_order": 1, "hotel_value": ["4.5"], "hotel_price": ["309"]}, "5951056": {"hotel_name": "\u4e09\u4e9a\u4e50\u9ea6\u6d77\u666f\u5ea6\u5047\u516c\u5bd3", "order_time": ["2019-01-22 17:19:04"], "total_order": 1, "hotel_value": ["4.6"], "hotel_price": ["183"]}, "8504245": {"hotel_name": "\u90b8\u8bfa\u5171\u4eab\u522b\u5885\u516c\u5bd3(\u4e09\u4e9a\u4e9a\u9f99\u6e7e\u5e97)", "order_time": ["2019-01-22 17:20:46"], "total_order": 1, "hotel_value": ["4.7"], "hotel_price": ["328"]}, "3797635": {"hotel_name": "\u4e09\u4e9a\u5bcc\u5bb6\u5546\u52a1\u65c5\u79df(\u539f\u5706\u68a6\u5546\u52a1\u9152\u5e97)", "order_time": ["2019-01-22 17:20:50"], "total_order": 1, "hotel_value": ["4.6"], "hotel_price": ["126"]}, "2598376": {"hotel_name": "\u7ef4\u7eb3\u6d77\u5957\u623f\u6d77\u666f\u516c\u5bd3(\u4e09\u4e9a\u5927\u4e1c\u6d77\u5e97)", "order_time": ["2019-01-22 17:20:53"], "total_order": 1, "hotel_value": ["4.8"], "hotel_price": ["186"]}, "2645085": {"hotel_name": "\u4e09\u4e9a\u9f99\u5f97\u6c34\u82d1\u4e3b\u9898\u5ba2\u6808\uff08\u6d77\u6708\u5e7f\u573a\u5e97\uff09", "order_time": ["2019-01-22 17:22:44"], "total_order": 1, "hotel_value": ["4.5"], "hotel_price": ["113"]}, "346676": {"hotel_name": "\u4e09\u4e9a\u56fd\u5149\u8c6a\u751f\u5ea6\u5047\u9152\u5e97", "order_time": ["2019-01-22 17:22:45"], "total_order": 1, "hotel_value": ["4.6"], "hotel_price": ["669"]}, "1137078": {"hotel_name": "\u6d77\u5357\u6e05\u6c34\u6e7e\u5047\u65e5\u5ea6\u5047\u9152\u5e97", "order_time": ["2019-01-22 17:22:45"], "total_order": 1, "hotel_value": ["4.7"], "hotel_price": ["475"]}, "420069": {"hotel_name": "\u4e09\u4e9a\u4e2d\u4e9a\u56fd\u9645\u5927\u9152\u5e97", "order_time": ["2019-01-22 17:22:48"], "total_order": 1, "hotel_value": ["4.5"], "hotel_price": ["393"]}, "6287098": {"hotel_name": "\u4e09\u4e9a\u6ce5\u5bbf\u827a\u672f\u9152\u5e97", "order_time": ["2019-01-22 17:22:49"], "total_order": 1, "hotel_value": ["4.5"], "hotel_price": ["133"]}, "761219": {"hotel_name": "\u6d77\u53cb\u9152\u5e97(\u4e09\u4e9a\u6e7e\u5e97)", "order_time": ["2019-01-22 17:22:51"], "total_order": 1, "hotel_value": ["4.3"], "hotel_price": ["113"]}, "7073052": {"hotel_name": "\u4e09\u4e9a\u514b\u62c9\u5c14\u9633\u5149\u6d77\u666f\u516c\u5bd3", "order_time": ["2019-01-22 17:24:45"], "total_order": 1, "hotel_value": ["4.8"], "hotel_price": ["184"]}, "457505": {"hotel_name": "\u4e09\u4e9a\u534e\u5ead\u5546\u52a1\u9152\u5e97", "order_time": ["2019-01-22 17:24:48"], "total_order": 1, "hotel_value": ["3.9"], "hotel_price": ["217"]}, "372133": {"hotel_name": "\u4e09\u4e9a\u73e0\u6c5f\u82b1\u56ed\u9152\u5e97", "order_time": ["2019-01-22 17:26:42"], "total_order": 1, "hotel_value": ["4.4"], "hotel_price": ["393"]}, "1302048": {"hotel_name": "\u4e09\u4e9a\u5929\u6daf\u6f6e\u58f0\u5165\u68a6\u6d77\u666f\u5ba2\u6808(\u539f\u7c73\u7c92\u6d77\u666f\u5ba2\u6808\u4e09\u4e9a\u6e7e\u5e97)", "order_time": ["2019-01-22 17:26:45", "2019-01-22 17:28:48"], "total_order": 2, "hotel_value": ["4.7", "4.7"], "hotel_price": ["78", "78"]}, "436696": {"hotel_name": "\u4e09\u4e9a\u6930\u84dd\u6e7e\u5ea6\u5047\u9152\u5e97", "order_time": ["2019-01-22 17:26:46"], "total_order": 1, "hotel_value": ["4.4"], "hotel_price": ["289"]}, "1480855": {"hotel_name": "\u4e09\u4e9a\u51ef\u5e1d\u6d77\u666f\u9152\u5e97", "order_time": ["2019-01-22 17:26:47"], "total_order": 1, "hotel_value": ["4.5"], "hotel_price": ["111"]}, "842954": {"hotel_name": "\u9526\u6c5f\u4e4b\u661f(\u4e09\u4e9a\u6e7e\u5409\u7965\u8857\u6d77\u666f\u9152\u5e97)", "order_time": ["2019-01-22 17:26:49"], "total_order": 1, "hotel_value": ["4.5"], "hotel_price": ["139"]}, "15812110": {"hotel_name": "\u4e09\u4e9a\u7ea2\u5858\u6e7e\u5efa\u56fd\u5ea6\u5047\u9152\u5e97", "order_time": ["2019-01-22 17:27:10"], "total_order": 1, "hotel_value": ["4.7"], "hotel_price": ["378"]}, "2505902": {"hotel_name": "\u4e09\u4e9a\u6e7e\u7f8e\u7eb3\u8c6a\u5b85\u6d77\u666f\u5ea6\u5047\u516c\u5bd3", "order_time": ["2019-01-22 17:27:10"], "total_order": 1, "hotel_value": ["4.8"], "hotel_price": ["282"]}, "5729359": {"hotel_name": "\u4e09\u4e9a\u6d77\u8c5a\u6e7e\u7cbe\u54c1\u5ba2\u6808", "order_time": ["2019-01-22 17:27:15"], "total_order": 1, "hotel_value": ["4.9"], "hotel_price": ["150"]}, "5296769": {"hotel_name": "\u4e09\u4e9a\u6d77\u68e0\u6e7e\u541b\u60a6\u9152\u5e97", "order_time": ["2019-01-22 17:28:50"], "total_order": 1, "hotel_value": ["4.7"], "hotel_price": ["2013"]}, "3358744": {"hotel_name": "\u4e09\u4e9a\u8346\u68d8\u9e1f\u9752\u5e74\u65c5\u820d", "order_time": ["2019-01-22 17:28:54"], "total_order": 1, "hotel_value": ["4.4"], "hotel_price": ["47"]}, "1212645": {"hotel_name": "\u4e09\u4e9a\u4fe1\u6d77\u5feb\u6377\u9152\u5e97", "order_time": ["2019-01-22 17:30:38"], "total_order": 1, "hotel_value": ["4.3"], "hotel_price": ["126"]}, "346713": {"hotel_name": "\u4e09\u4e9a\u534e\u5b9d\u77f3\u5927\u9152\u5e97", "order_time": ["2019-01-22 17:30:42"], "total_order": 1, "hotel_value": ["4.4"], "hotel_price": ["213"]}, "1651443": {"hotel_name": "\u5c1a\u5ba2\u4f18\u5feb\u6377\u9152\u5e97(\u4e09\u4e9a\u6e7e\u5e97)", "order_time": ["2019-01-22 17:30:45"], "total_order": 1, "hotel_value": ["3.9"], "hotel_price": ["103"]}, "741295": {"hotel_name": "\u4e09\u4e9a\u8fdc\u8fd1\u6d77\u666f\u9152\u5e97", "order_time": ["2019-01-22 17:30:46"], "total_order": 1, "hotel_value": ["4.6"], "hotel_price": ["133"]}, "481441": {"hotel_name": "\u4e09\u4e9a\u6e7e\u667a\u9009\u5047\u65e5\u9152\u5e97", "order_time": ["2019-01-22 17:32:41"], "total_order": 1, "hotel_value": ["4.4"], "hotel_price": ["268"]}, "1066497": {"hotel_name": "\u4e09\u4e9a\u5ddd\u4e9a\u5bbe\u9986", "order_time": ["2019-01-22 17:32:42"], "total_order": 1, "hotel_value": ["4.2"], "hotel_price": ["183"]}, "11830979": {"hotel_name": "\u4e09\u4e9a\u4fdd\u5229\u745c\u749f\u9601\u6d77\u68e0\u6e7e\u5ea6\u5047\u522b\u5885", "order_time": ["2019-01-22 17:32:43"], "total_order": 1, "hotel_value": ["4.6"], "hotel_price": ["652"]}}}