{"\u5f00\u59cb\u8bb0\u5f55\u65f6\u95f4": "2019-01-13 03:52:43", "\u7ed3\u675f\u8bb0\u5f55\u65f6\u95f4": "2019-01-13 04:52:43", "\u8ba2\u5355\u603b\u589e\u91cf": 38, "item": {"435983": {"hotel_name": "\u4e09\u4e9a\u4e9a\u9f99\u6e7e\u4eba\u95f4\u5929\u5802-\u9e1f\u5de2\u5ea6\u5047\u6751", "order_time": ["2019-01-13 03:54:58"], "total_order": 1, "hotel_value": ["4.6"], "hotel_price": ["1270"]}, "21765890": {"hotel_name": "\u4e09\u4e9a\u5361\u838e\u4e3b\u9898\u9152\u5e97", "order_time": ["2019-01-13 03:55:16"], "total_order": 1, "hotel_value": ["4.6"], "hotel_price": ["119"]}, "23946400": {"hotel_name": "\u4e09\u4e9a\u7f8e\u5885\u65e5\u8bb0\u522b\u5885", "order_time": ["2019-01-13 03:59:07"], "total_order": 1, "hotel_value": ["4.9"], "hotel_price": ["242"]}, "1881142": {"hotel_name": "7\u5929\u8fde\u9501\u9152\u5e97(\u4e09\u4e9a\u5409\u7965\u8857\u6d77\u666f\u5e97)", "order_time": ["2019-01-13 03:59:07"], "total_order": 1, "hotel_value": ["4.5"], "hotel_price": ["151"]}, "346713": {"hotel_name": "\u4e09\u4e9a\u534e\u5b9d\u77f3\u5927\u9152\u5e97", "order_time": ["2019-01-13 03:59:07"], "total_order": 1, "hotel_value": ["4.4"], "hotel_price": ["230"]}, "6118712": {"hotel_name": "\u4e09\u4e9a\u91d1\u4e2d\u6d77\u84dd\u94bb\u5ea6\u5047\u516c\u5bd3\u4e09\u4e9a\u6e7e\u5e97", "order_time": ["2019-01-13 03:59:07"], "total_order": 1, "hotel_value": ["4.7"], "hotel_price": ["232"]}, "24051573": {"hotel_name": "\u4e09\u4e9a\u6d77\u7720\u827a\u5bbf\u8bbe\u8ba1\u6c11\u5bbf", "order_time": ["2019-01-13 03:59:07"], "total_order": 1, "hotel_value": ["4.7"], "hotel_price": ["238"]}, "1678359": {"hotel_name": "\u4e09\u4e9a\u4e91\u6d77\u5885\u4e3b\u9898\u522b\u5885\u5ba2\u6808\u5927\u4e1c\u6d77\u5e97", "order_time": ["2019-01-13 03:59:07"], "total_order": 1, "hotel_value": ["4.6"], "hotel_price": ["134"]}, "428289": {"hotel_name": "\u5982\u5bb6\u5feb\u6377\u9152\u5e97(\u4e09\u4e9a\u89e3\u653e\u8def\u65b0\u98ce\u8857\u4e09\u4e9a\u6e7e\u5e97)", "order_time": ["2019-01-13 03:59:07"], "total_order": 1, "hotel_value": ["4.3"], "hotel_price": ["206"]}, "426966": {"hotel_name": "\u4e09\u4e9a\u5927\u5c0f\u6d1e\u5929\u5c0f\u6708\u6e7e\u5ea6\u5047\u9152\u5e97", "order_time": ["2019-01-13 03:59:07"], "total_order": 1, "hotel_value": ["4.5"], "hotel_price": ["426"]}, "3735687": {"hotel_name": "\u4e09\u4e9a\u6d77\u68e0\u6e7e\u7ea2\u5c4b\u9876\u7cbe\u54c1\u9152\u5e97", "order_time": ["2019-01-13 03:59:07"], "total_order": 1, "hotel_value": ["4.1"], "hotel_price": ["310"]}, "6866770": {"hotel_name": "\u4e09\u4e9a\u94ed\u8f69\u5546\u52a1\u9152\u5e97(\u539f\u94ed\u8f69\u65c5\u79df\u4f4f\u5bbf)", "order_time": ["2019-01-13 03:59:07"], "total_order": 1, "hotel_value": ["4.5"], "hotel_price": ["188"]}, "11654974": {"hotel_name": "\u5c0f\u9e7f\u8fb0\u5ba2\u6d77\u666f\u5ea6\u5047\u516c\u5bd3(\u4e09\u4e9a\u5927\u4e1c\u6d77\u5e97)", "order_time": ["2019-01-13 03:59:07"], "total_order": 1, "hotel_value": ["4.9"], "hotel_price": ["137"]}, "3509427": {"hotel_name": "\u4e09\u4e9a\u6d77\u8679\u5ea6\u5047\u9152\u5e97", "order_time": ["2019-01-13 03:59:07"], "total_order": 1, "hotel_value": ["4.4"], "hotel_price": ["284"]}, "6388655": {"hotel_name": "\u4e09\u4e9a\u5411\u65e5\u8475\u6d77\u5cb8\u5ba2\u6808\u5e97", "order_time": ["2019-01-13 03:59:07"], "total_order": 1, "hotel_value": ["4.8"], "hotel_price": ["128"]}, "13293731": {"hotel_name": "\u4e09\u4e9a\u6f9c\u82d1\u5546\u52a1\u9152\u5e97", "order_time": ["2019-01-13 03:59:07"], "total_order": 1, "hotel_value": ["4.5"], "hotel_price": ["324"]}, "468707": {"hotel_name": "\u54ea\u91cc\u90a3\u91cc\u6d77\u5cb8\u7cbe\u54c1\u5ba2\u6808(\u4e09\u4e9a\u6e7e\u5e97)", "order_time": ["2019-01-13 03:59:07"], "total_order": 1, "hotel_value": ["4.6"], "hotel_price": ["147"]}, "5292077": {"hotel_name": "\u4e09\u4e9a\u6d77\u8c5a\u6e7e\u4e3b\u9898\u9152\u5e97", "order_time": ["2019-01-13 03:59:07"], "total_order": 1, "hotel_value": ["4.5"], "hotel_price": ["133"]}, "1715599": {"hotel_name": "\u4e09\u4e9a\u585e\u7eb3\u6d77\u5cb8\u827a\u672f\u5ba2\u6808", "order_time": ["2019-01-13 03:59:07"], "total_order": 1, "hotel_value": ["4.8"], "hotel_price": ["170"]}, "6402325": {"hotel_name": "\u4e09\u4e9a\u7b49\u82b1\u513f\u5f00\u827a\u672f\u6c11\u5bbf", "order_time": ["2019-01-13 03:59:07"], "total_order": 1, "hotel_value": ["4.7"], "hotel_price": ["126"]}, "15280412": {"hotel_name": "\u4e09\u4e9a\u54c1\u5c1a\u827a\u672f\u4e3b\u9898\u5ba2\u6808", "order_time": ["2019-01-13 03:59:07"], "total_order": 1, "hotel_value": ["4.8"], "hotel_price": ["222"]}, "6405320": {"hotel_name": "\u4e09\u4e9a\u4e9a\u9f99\u6e7e\u6728\u843d\u5ba2\u6808", "order_time": ["2019-01-13 03:59:07"], "total_order": 1, "hotel_value": ["4.5"], "hotel_price": ["130"]}, "1101735": {"hotel_name": "\u4e09\u4e9a\u5fc6\u4e61\u4eba\u7cbe\u54c1\u5ba2\u6808", "order_time": ["2019-01-13 03:59:07"], "total_order": 1, "hotel_value": ["4.4"], "hotel_price": ["193"]}, "1379655": {"hotel_name": "\u4e09\u4e9a\u6d6a\u6f2b\u6d77\u666f\u516c\u5bd3", "order_time": ["2019-01-13 03:59:07"], "total_order": 1, "hotel_value": ["4.8"], "hotel_price": ["292"]}, "346693": {"hotel_name": "\u4e09\u4e9a\u4e9a\u9f99\u6e7e\u534e\u5b87\u5ea6\u5047\u9152\u5e97", "order_time": ["2019-01-13 04:00:59"], "total_order": 1, "hotel_value": ["4.6"], "hotel_price": ["509"]}, "1602239": {"hotel_name": "\u4e09\u4e9a\u4e09\u6b65\u6d77\u5ba2\u6808", "order_time": ["2019-01-13 04:01:04"], "total_order": 1, "hotel_value": ["4.8"], "hotel_price": ["151"]}, "454362": {"hotel_name": "\u4e09\u4e9a\u4ebf\u6e90\u8f69\u5b87\u5927\u9152\u5e97", "order_time": ["2019-01-13 04:13:13"], "total_order": 1, "hotel_value": ["4.6"], "hotel_price": ["423"]}, "4845384": {"hotel_name": "\u4e09\u4e9a\u84dd\u5cb8\u6d77\u8fb9\u4e3b\u9898\u9152\u5e97", "order_time": ["2019-01-13 04:17:04"], "total_order": 1, "hotel_value": ["4.7"], "hotel_price": ["131"]}, "12671479": {"hotel_name": "\u4e09\u4e9a\u6da6\u5fb7\u6e7f\u5730\u516c\u56ed\u9152\u5e97", "order_time": ["2019-01-13 04:36:59", "2019-01-13 04:51:08", "2019-01-13 04:21:00"], "total_order": 3, "hotel_value": ["4.7", "4.7", "4.7"], "hotel_price": ["390", "390", "390"]}, "346764": {"hotel_name": "\u4e09\u4e9a\u541b\u6f9c\u00b7\u9e7f\u56de\u5934\u56fd\u5bbe\u9986(\u539f\u9e7f\u56de\u5934\u56fd\u5bbe\u9986)", "order_time": ["2019-01-13 04:21:00"], "total_order": 1, "hotel_value": ["4.8"], "hotel_price": ["636"]}, "6245445": {"hotel_name": "\u4e09\u4e9a\u8d1d\u65af\u7279\u97e6\u65af\u7279\u7cbe\u54c1\u56fd\u9645\u5ea6\u5047\u9152\u5e97", "order_time": ["2019-01-13 04:21:01"], "total_order": 1, "hotel_value": ["4.6"], "hotel_price": ["498"]}, "2574467": {"hotel_name": "\u4e09\u4e9a\u5609\u65fa\u5bb6\u5ead\u65c5\u9986", "order_time": ["2019-01-13 04:26:59"], "total_order": 1, "hotel_value": ["4.1"], "hotel_price": ["116"]}, "900548": {"hotel_name": "\u57ce\u5e02\u4fbf\u6377\u9152\u5e97(\u4e09\u4e9a\u6e7e\u6b65\u884c\u8857\u5e97)", "order_time": ["2019-01-13 04:31:08"], "total_order": 1, "hotel_value": ["4.4"], "hotel_price": ["175"]}, "17325404": {"hotel_name": "\u4e09\u4e9a\u6d1b\u514b\u94c2\u91d1\u6d77\u666f\u9152\u5e97", "order_time": ["2019-01-13 04:34:57"], "total_order": 1, "hotel_value": ["4.4"], "hotel_price": ["479"]}, "4841962": {"hotel_name": "\u4e09\u4e9a\u7231\u7b51\u6545\u4e8b\u5ba2\u6808", "order_time": ["2019-01-13 04:45:02"], "total_order": 1, "hotel_value": ["4.9"], "hotel_price": ["144"]}, "1772127": {"hotel_name": "\u4e09\u4e9a\u6e7e\u7ea2\u6811\u6797\u5ea6\u5047\u4e16\u754c(\u7687\u540e\u68d5\u9152\u5e97)", "order_time": ["2019-01-13 04:49:02"], "total_order": 1, "hotel_value": ["4.7"], "hotel_price": ["663"]}}}