{"\u5f00\u59cb\u8bb0\u5f55\u65f6\u95f4": "2019-01-18 07:25:07", "\u7ed3\u675f\u8bb0\u5f55\u65f6\u95f4": "2019-01-18 08:25:07", "\u8ba2\u5355\u603b\u589e\u91cf": 118, "item": {"6007926": {"hotel_name": "\u4e09\u4e9a\u827e\u8fea\u900a\u9152\u5e97", "order_time": ["2019-01-18 07:27:25"], "total_order": 1, "hotel_value": ["4.7"], "hotel_price": ["1948"]}, "6371552": {"hotel_name": "\u4e09\u4e9a\u96c5\u5e03\u4f26\u5065\u5eb7\u7597\u517b\u5ea6\u5047\u9152\u5e97(\u539f\u96c5\u5e03\u4f26\u5ea6\u5047\u9152\u5e97)", "order_time": ["2019-01-18 07:29:21"], "total_order": 1, "hotel_value": ["4.4"], "hotel_price": ["318"]}, "346724": {"hotel_name": "\u4e09\u4e9a\u56fd\u9645\u996d\u5e97", "order_time": ["2019-01-18 07:29:22"], "total_order": 1, "hotel_value": ["3.9"], "hotel_price": ["302"]}, "346702": {"hotel_name": "\u4e09\u4e9a\u8fb0\u5149\u514b\u62c9\u7801\u5934\u9152\u5e97", "order_time": ["2019-01-18 07:29:23"], "total_order": 1, "hotel_value": ["4.6"], "hotel_price": ["532"]}, "6335192": {"hotel_name": "\u4e09\u4e9amissyou\u6d77\u666f\u516c\u5bd3", "order_time": ["2019-01-18 07:29:26"], "total_order": 1, "hotel_value": ["4.4"], "hotel_price": ["148"]}, "2220704": {"hotel_name": "\u4e09\u4e9a\u827e\u5f17\u745e\u56fd\u9645\u5ea6\u5047\u516c\u5bd3", "order_time": ["2019-01-18 07:29:26"], "total_order": 1, "hotel_value": ["4.7"], "hotel_price": ["220"]}, "6315469": {"hotel_name": "\u4e09\u4e9a\u6765\u5566\u5230\u5566\u4e3b\u9898\u9152\u5e97", "order_time": ["2019-01-18 07:29:30"], "total_order": 1, "hotel_value": ["4.7"], "hotel_price": ["135"]}, "15696546": {"hotel_name": "\u4e09\u4e9a\u4e2d\u5fc3\u51ef\u60a6\u5609\u8f69\u9152\u5e97", "order_time": ["2019-01-18 07:29:31"], "total_order": 1, "hotel_value": ["4.5"], "hotel_price": ["449"]}, "17533420": {"hotel_name": "\u4e09\u4e9a\u5927\u4e1c\u6d77\u9152\u5e97", "order_time": ["2019-01-18 07:29:31"], "total_order": 1, "hotel_value": ["4.8"], "hotel_price": ["519"]}, "345080": {"hotel_name": "\u4e09\u4e9a\u4e9a\u9f99\u6e7e\u559c\u6765\u767b\u5ea6\u5047\u9152\u5e97", "order_time": ["2019-01-18 07:31:21"], "total_order": 1, "hotel_value": ["4.6"], "hotel_price": ["1142"]}, "437377": {"hotel_name": "\u4e09\u4e9a\u6d77\u68e0\u6e7e\u5fa1\u6d77\u68e0\u8c6a\u534e\u7cbe\u9009\u5ea6\u5047\u9152\u5e97", "order_time": ["2019-01-18 07:31:22"], "total_order": 1, "hotel_value": ["4.7"], "hotel_price": ["1000"]}, "7660007": {"hotel_name": "\u4e09\u4e9a\u767e\u9999\u679c\u7279\u8272\u4e3b\u9898\u5ba2\u6808", "order_time": ["2019-01-18 07:31:25"], "total_order": 1, "hotel_value": ["4.7"], "hotel_price": ["187"]}, "371696": {"hotel_name": "\u4e09\u4e9a\u590f\u5a01\u5937\u5927\u9152\u5e97", "order_time": ["2019-01-18 07:31:26", "2019-01-18 07:47:30"], "total_order": 2, "hotel_value": ["4.4", "4.4"], "hotel_price": ["274", "274"]}, "8532215": {"hotel_name": "\u4e09\u4e9a\u60a6\u83b1\u7279\u5927\u9152\u5e97", "order_time": ["2019-01-18 07:31:27"], "total_order": 1, "hotel_value": ["4.6"], "hotel_price": ["208"]}, "976249": {"hotel_name": "\u54ea\u91cc\u90a3\u91cc\u6d77\u5cb8\u7cbe\u54c1\u5ba2\u6808(\u4e09\u4e9a\u5927\u4e1c\u6d77\u5e97)", "order_time": ["2019-01-18 07:31:28"], "total_order": 1, "hotel_value": ["4.8"], "hotel_price": ["159"]}, "23134111": {"hotel_name": "\u4e09\u4e9a\u827e\u6bd4\u5229\u6d77\u666f\u4e3b\u9898\u6c11\u5bbf", "order_time": ["2019-01-18 07:31:35"], "total_order": 1, "hotel_value": ["5.0"], "hotel_price": ["121"]}, "345071": {"hotel_name": "\u91d1\u8302\u4e09\u4e9a\u4e9a\u9f99\u6e7e\u5e0c\u5c14\u987f\u5927\u9152\u5e97", "order_time": ["2019-01-18 07:33:22"], "total_order": 1, "hotel_value": ["4.6"], "hotel_price": ["1246"]}, "8577336": {"hotel_name": "\u4e09\u4e9a\u946b\u6d77\u5cb8\u6d77\u666f\u5ea6\u5047\u516c\u5bd3", "order_time": ["2019-01-18 07:33:28"], "total_order": 1, "hotel_value": ["4.2"], "hotel_price": ["158"]}, "8836577": {"hotel_name": "\u4e09\u4e9a\u51e4\u51f0\u5bb6\u5ead\u65c5\u79df", "order_time": ["2019-01-18 07:33:31"], "total_order": 1, "hotel_value": ["4.3"], "hotel_price": ["100"]}, "1486685": {"hotel_name": "\u4e09\u4e9a\u51e4\u51f0\u5c9b\u5ea6\u5047\u9152\u5e97", "order_time": ["2019-01-18 07:33:55", "2019-01-18 07:51:29"], "total_order": 2, "hotel_value": ["4.7", "4.7"], "hotel_price": ["948", "948"]}, "1682691": {"hotel_name": "\u4e09\u4e9a\u4eac\u6d77\u56fd\u9645\u5047\u65e5\u9152\u5e97", "order_time": ["2019-01-18 08:17:24", "2019-01-18 08:09:29", "2019-01-18 07:33:55"], "total_order": 3, "hotel_value": ["4.6", "4.6", "4.6"], "hotel_price": ["673", "538", "538"]}, "486003": {"hotel_name": "\u4e09\u4e9a\u8708\u652f\u6d32\u5c9b\u73ca\u745a\u9152\u5e97", "order_time": ["2019-01-18 08:01:22", "2019-01-18 07:33:55"], "total_order": 2, "hotel_value": ["4.8", "4.8"], "hotel_price": ["799", "799"]}, "386917": {"hotel_name": "\u4e09\u4e9a\u6d77\u97f5\u5ea6\u5047\u9152\u5e97", "order_time": ["2019-01-18 08:17:24", "2019-01-18 07:33:55"], "total_order": 2, "hotel_value": ["4.7", "4.7"], "hotel_price": ["848", "848"]}, "9789923": {"hotel_name": "\u4e09\u4e9a\u5eb7\u5e74\u9152\u5e97", "order_time": ["2019-01-18 08:17:24", "2019-01-18 07:33:55"], "total_order": 2, "hotel_value": ["4.7", "4.7"], "hotel_price": ["1369", "1369"]}, "1185042": {"hotel_name": "\u4e09\u4e9a\u6e7e\u7ea2\u6811\u6797\u5ea6\u5047\u4e16\u754c(\u83e9\u63d0\u9152\u5e97)", "order_time": ["2019-01-18 07:33:55"], "total_order": 1, "hotel_value": ["4.7"], "hotel_price": ["786"]}, "346693": {"hotel_name": "\u4e09\u4e9a\u4e9a\u9f99\u6e7e\u534e\u5b87\u5ea6\u5047\u9152\u5e97", "order_time": ["2019-01-18 07:33:55", "2019-01-18 08:05:41"], "total_order": 2, "hotel_value": ["4.6", "4.6"], "hotel_price": ["599", "599"]}, "3362163": {"hotel_name": "\u4e09\u4e9a\u54c8\u66fc\u5ea6\u5047\u9152\u5e97", "order_time": ["2019-01-18 07:33:55", "2019-01-18 07:43:25"], "total_order": 2, "hotel_value": ["4.7", "4.7"], "hotel_price": ["758", "758"]}, "14249344": {"hotel_name": "\u4e09\u4e9a\u4e9a\u7279\u5170\u8482\u65af\u9152\u5e97", "order_time": ["2019-01-18 08:17:24", "2019-01-18 07:33:55", "2019-01-18 07:57:24"], "total_order": 3, "hotel_value": ["4.6", "4.6", "4.6"], "hotel_price": ["3288", "3288", "3288"]}, "345522": {"hotel_name": "\u4e09\u4e9a\u5929\u57df\u5ea6\u5047\u9152\u5e97", "order_time": ["2019-01-18 07:33:55"], "total_order": 1, "hotel_value": ["4.8"], "hotel_price": ["1199"]}, "345067": {"hotel_name": "\u4e09\u4e9a\u6d77\u68e0\u6e7e\u559c\u6765\u767b\u5ea6\u5047\u9152\u5e97", "order_time": ["2019-01-18 07:33:55", "2019-01-18 08:11:27"], "total_order": 2, "hotel_value": ["4.6", "4.6"], "hotel_price": ["1000", "1000"]}, "345078": {"hotel_name": "\u4e09\u4e9a\u4e9a\u9f99\u6e7e\u7f8e\u9ad8\u6885\u5ea6\u5047\u9152\u5e97", "order_time": ["2019-01-18 07:33:55", "2019-01-18 07:43:25"], "total_order": 2, "hotel_value": ["4.7", "4.7"], "hotel_price": ["1229", "1229"]}, "747674": {"hotel_name": "\u9675\u6c34\u6e05\u6c34\u6e7e\u6d77\u6d0b\u4e4b\u661f\u9152\u5e97", "order_time": ["2019-01-18 07:35:22"], "total_order": 1, "hotel_value": ["4.5"], "hotel_price": ["342"]}, "1458417": {"hotel_name": "\u4e09\u4e9a\u8587\u8587\u6d77\u5cb8\u65c5\u9986", "order_time": ["2019-01-18 07:35:24"], "total_order": 1, "hotel_value": ["4.4"], "hotel_price": ["123"]}, "1573160": {"hotel_name": "\u683c\u6797\u8c6a\u6cf0(\u4e09\u4e9a\u4e9a\u9f99\u6e7e\u5e97)", "order_time": ["2019-01-18 07:35:24"], "total_order": 1, "hotel_value": ["4.5"], "hotel_price": ["193"]}, "707593": {"hotel_name": "\u4e09\u4e9a\u51e4\u51f0\u5c9b\u6d77\u6d0b\u4e4b\u661f\u5ea6\u5047\u9152\u5e97", "order_time": ["2019-01-18 08:15:23", "2019-01-18 07:39:41", "2019-01-18 08:03:24", "2019-01-18 07:35:27"], "total_order": 4, "hotel_value": ["4.7", "4.7", "4.7", "4.7"], "hotel_price": ["471", "471", "471", "471"]}, "384973": {"hotel_name": "\u4e09\u4e9a\u6d77\u68e0\u6e7e\u5f00\u7ef4\u4e07\u8fbe\u6587\u534e\u5ea6\u5047\u9152\u5e97", "order_time": ["2019-01-18 07:37:29"], "total_order": 1, "hotel_value": ["4.5"], "hotel_price": ["523"]}, "6042438": {"hotel_name": "\u4e09\u4e9a\u6d77\u4e2b\u6545\u4e8b\u6c11\u4fd7\u6587\u5316\u4e3b\u9898\u5ba2\u6808(\u539f\u6d77\u5357\u6545\u4e8b\u4e3b\u9898\u5ba2\u6808)", "order_time": ["2019-01-18 07:37:32"], "total_order": 1, "hotel_value": ["4.7"], "hotel_price": ["128"]}, "346673": {"hotel_name": "\u4e09\u4e9a\u534a\u5c71\u534a\u5c9b\u5ea6\u5047\u9152\u5e97(\u5168\u5957\u623f)", "order_time": ["2019-01-18 07:41:24"], "total_order": 1, "hotel_value": ["4.6"], "hotel_price": ["602"]}, "1377449": {"hotel_name": "Q\u52a0\u00b7\u4e09\u4e9a\u51e4\u51f0\u5c9b\u60a6\u4f73\u6d77\u4e0a\u516c\u5bd3", "order_time": ["2019-01-18 07:41:26"], "total_order": 1, "hotel_value": ["4.7"], "hotel_price": ["471"]}, "346711": {"hotel_name": "\u4e09\u4e9a\u541b\u9526\u6ee8\u6d77\u9152\u5e97", "order_time": ["2019-01-18 07:41:27"], "total_order": 1, "hotel_value": ["4.4"], "hotel_price": ["266"]}, "443574": {"hotel_name": "\u4e09\u4e9a\u9f99\u6c90\u6e7e\u6e29\u5fb7\u59c6\u81f3\u5c0a\u8c6a\u5ef7\u5927\u9152\u5e97", "order_time": ["2019-01-18 07:43:30"], "total_order": 1, "hotel_value": ["4.7"], "hotel_price": ["502"]}, "1137078": {"hotel_name": "\u6d77\u5357\u6e05\u6c34\u6e7e\u5047\u65e5\u5ea6\u5047\u9152\u5e97", "order_time": ["2019-01-18 08:03:30", "2019-01-18 07:43:31"], "total_order": 2, "hotel_value": ["4.7", "4.7"], "hotel_price": ["493", "493"]}, "15018544": {"hotel_name": "\u4e09\u4e9a\u9047\u89c1\u6d77\u68e0\u522b\u5885\u9152\u5e97", "order_time": ["2019-01-18 07:43:54"], "total_order": 1, "hotel_value": ["4.6"], "hotel_price": ["5999"]}, "6486443": {"hotel_name": "\u4e09\u4e9a\u5b9d\u745e\u7cbe\u54c1\u5ea6\u5047\u516c\u5bd3", "order_time": ["2019-01-18 07:45:23"], "total_order": 1, "hotel_value": ["4.4"], "hotel_price": ["193"]}, "470577": {"hotel_name": "\u4e09\u4e9a\u5357\u5c71\u4f11\u95f2\u4f1a\u9986\u7985\u4fee\u4e3b\u9898", "order_time": ["2019-01-18 08:09:29", "2019-01-18 07:45:28", "2019-01-18 08:19:37"], "total_order": 3, "hotel_value": ["4.5", "4.5", "4.5"], "hotel_price": ["566", "566", "566"]}, "443561": {"hotel_name": "\u4e09\u4e9a\u94f6\u5929\u5ea6\u5047\u9152\u5e97", "order_time": ["2019-01-18 07:45:30"], "total_order": 1, "hotel_value": ["4.3"], "hotel_price": ["153"]}, "8577314": {"hotel_name": "\u4e09\u4e9a\u7f8e\u4e3d\u4e4b\u51a0\u5e78\u798f\u6811\u5ea6\u5047\u9152\u5e97", "order_time": ["2019-01-18 07:45:31"], "total_order": 1, "hotel_value": ["4.0"], "hotel_price": ["217"]}, "5398387": {"hotel_name": "\u4e09\u4e9a\u5927\u6811\u4e03\u661f\u9152\u5e97", "order_time": ["2019-01-18 07:47:30"], "total_order": 1, "hotel_value": ["4.4"], "hotel_price": ["210"]}, "1719765": {"hotel_name": "\u4e09\u4e9a\u9f99\u745e\u7965\u9152\u5e97", "order_time": ["2019-01-18 07:47:30"], "total_order": 1, "hotel_value": ["4.5"], "hotel_price": ["116"]}, "344904": {"hotel_name": "\u4e09\u4e9a\u80dc\u610f\u5927\u9152\u5e97", "order_time": ["2019-01-18 07:49:24"], "total_order": 1, "hotel_value": ["4.7"], "hotel_price": ["433"]}, "1410632": {"hotel_name": "\u683c\u6797\u8c6a\u6cf0(\u4e09\u4e9a\u548c\u5e73\u8857\u60c5\u4eba\u6865\u5e97)", "order_time": ["2019-01-18 07:49:29", "2019-01-18 07:57:26"], "total_order": 2, "hotel_value": ["4.2", "4.2"], "hotel_price": ["133", "133"]}, "1361281": {"hotel_name": "\u4e09\u4e9a\u6e7e\u7ea2\u6811\u6797\u5ea6\u5047\u4e16\u754c(\u6930\u6797\u9152\u5e97)", "order_time": ["2019-01-18 07:51:25"], "total_order": 1, "hotel_value": ["4.7"], "hotel_price": ["802"]}, "25798965": {"hotel_name": "\u4e09\u4e9a\u6781\u4e4b\u5c4b\u522b\u5885", "order_time": ["2019-01-18 07:51:33", "2019-01-18 07:59:30"], "total_order": 2, "hotel_value": ["4.9", "4.9"], "hotel_price": ["183", "183"]}, "435983": {"hotel_name": "\u4e09\u4e9a\u4e9a\u9f99\u6e7e\u4eba\u95f4\u5929\u5802-\u9e1f\u5de2\u5ea6\u5047\u6751", "order_time": ["2019-01-18 07:53:24"], "total_order": 1, "hotel_value": ["4.6"], "hotel_price": ["1370"]}, "344934": {"hotel_name": "\u4e09\u4e9a\u6930\u6797\u6ee9\u5927\u9152\u5e97", "order_time": ["2019-01-18 07:53:25"], "total_order": 1, "hotel_value": ["4.4"], "hotel_price": ["325"]}, "2652155": {"hotel_name": "\u4e09\u4e9a\u4e9a\u9f99\u6e7e\u590f\u81f3\u672a\u81f3\u5ba2\u6808", "order_time": ["2019-01-18 07:53:35"], "total_order": 1, "hotel_value": ["4.7"], "hotel_price": ["97"]}, "471663": {"hotel_name": "\u4e09\u4e9a\u5206\u754c\u6d32\u5c9b\u6d77\u9493\u4f1a\u6240", "order_time": ["2019-01-18 07:55:22"], "total_order": 1, "hotel_value": ["4.5"], "hotel_price": ["676"]}, "1648269": {"hotel_name": "\u4e09\u4e9a\u5fc6\u4e61\u4eba\u5c71\u5885\u5ba2\u6808", "order_time": ["2019-01-18 07:55:29"], "total_order": 1, "hotel_value": ["4.6"], "hotel_price": ["164"]}, "1487778": {"hotel_name": "\u4e09\u4e9a\u732e\u7ed9\u6167\u9752\u5e74\u9a7f\u7ad9", "order_time": ["2019-01-18 07:55:49"], "total_order": 1, "hotel_value": ["4.4"], "hotel_price": ["38"]}, "1739015": {"hotel_name": "\u4e09\u4e9a\u9f99\u5174\u83b1\u66fc\u6d77\u666f\u5ea6\u5047\u9152\u5e97", "order_time": ["2019-01-18 07:57:25"], "total_order": 1, "hotel_value": ["4.4"], "hotel_price": ["369"]}, "1580379": {"hotel_name": "\u4e09\u4e9a\u5982\u7ea6\u5feb\u6377\u9152\u5e97", "order_time": ["2019-01-18 07:57:31"], "total_order": 1, "hotel_value": ["4.5"], "hotel_price": ["123"]}, "15838390": {"hotel_name": "\u4e09\u4e9a\u7f8e\u4f73\u5b9c\u5546\u52a1\u65c5\u79df", "order_time": ["2019-01-18 07:57:37"], "total_order": 1, "hotel_value": ["4.6"], "hotel_price": ["113"]}, "11087914": {"hotel_name": "\u4e09\u4e9a\u4e00\u7f15\u9633\u5149\u6d77\u666f\u5ea6\u5047\u516c\u5bd3", "order_time": ["2019-01-18 07:57:50"], "total_order": 1, "hotel_value": ["4.8"], "hotel_price": ["201"]}, "1980387": {"hotel_name": "\u9e97\u67ab\u9152\u5e97(\u4e09\u4e9a\u6b65\u884c\u8857\u5e97)", "order_time": ["2019-01-18 07:59:25"], "total_order": 1, "hotel_value": ["4.8"], "hotel_price": ["352"]}, "6327433": {"hotel_name": "\u4e09\u4e9a\u9999\u6c34\u6e7e\u8363\u9038\u6e29\u60c5\u9152\u5e97", "order_time": ["2019-01-18 07:59:25"], "total_order": 1, "hotel_value": ["4.7"], "hotel_price": ["343"]}, "2368621": {"hotel_name": "\u4e09\u4e9a\u56db\u5b63\u82b1\u56ed\u6d77\u666f\u5ea6\u5047\u516c\u5bd3", "order_time": ["2019-01-18 07:59:33"], "total_order": 1, "hotel_value": ["4.5"], "hotel_price": ["270"]}, "1251671": {"hotel_name": "\u9526\u6c5f\u4e4b\u661f(\u4e09\u4e9a\u6cb3\u897f\u8def\u6b65\u884c\u6865\u6cb3\u666f\u5e97)", "order_time": ["2019-01-18 08:07:28", "2019-01-18 08:17:31", "2019-01-18 07:59:33"], "total_order": 3, "hotel_value": ["4.5", "4.5", "4.5"], "hotel_price": ["159", "159", "159"]}, "1480855": {"hotel_name": "\u4e09\u4e9a\u51ef\u5e1d\u6d77\u666f\u9152\u5e97", "order_time": ["2019-01-18 08:01:29"], "total_order": 1, "hotel_value": ["4.5"], "hotel_price": ["117"]}, "1701113": {"hotel_name": "\u9526\u6c5f\u90fd\u57ce(\u4e09\u4e9a\u6e7e\u5e97)", "order_time": ["2019-01-18 08:01:33"], "total_order": 1, "hotel_value": ["4.9"], "hotel_price": ["299"]}, "5292077": {"hotel_name": "\u4e09\u4e9a\u6d77\u8c5a\u6e7e\u4e3b\u9898\u9152\u5e97", "order_time": ["2019-01-18 08:01:33"], "total_order": 1, "hotel_value": ["4.5"], "hotel_price": ["121"]}, "660317": {"hotel_name": "\u4e09\u4e9a\u4eac\u6da6\u73cd\u73e0\u4e3b\u9898\u9152\u5e97", "order_time": ["2019-01-18 08:03:25"], "total_order": 1, "hotel_value": ["4.5"], "hotel_price": ["222"]}, "428327": {"hotel_name": "\u5982\u5bb6\u5feb\u6377\u9152\u5e97(\u4e09\u4e9a\u4e09\u4e9a\u6e7e\u5409\u7965\u8857\u6d77\u666f\u5e97)", "order_time": ["2019-01-18 08:03:26"], "total_order": 1, "hotel_value": ["4.2"], "hotel_price": ["152"]}, "2645085": {"hotel_name": "\u4e09\u4e9a\u9f99\u5f97\u6c34\u82d1\u4e3b\u9898\u5ba2\u6808\uff08\u6d77\u6708\u5e7f\u573a\u5e97\uff09", "order_time": ["2019-01-18 08:03:27"], "total_order": 1, "hotel_value": ["4.5"], "hotel_price": ["113"]}, "1964967": {"hotel_name": "\u4f73\u6377\u8fde\u9501\u9152\u5e97(\u4e09\u4e9a\u51e4\u51f0\u5c9b\u5e97)", "order_time": ["2019-01-18 08:07:25"], "total_order": 1, "hotel_value": ["4.4"], "hotel_price": ["123"]}, "4638068": {"hotel_name": "\u7559\u4e00\u95f4\u7cbe\u54c1\u9152\u5e97(\u4e09\u4e9a\u6e7e\u51e4\u51f0\u673a\u573a\u5e97)", "order_time": ["2019-01-18 08:07:31"], "total_order": 1, "hotel_value": ["4.3"], "hotel_price": ["184"]}, "16897771": {"hotel_name": "\u4e09\u4e9a\u6d77\u68e0\u6e7e\u9e93\u6e56\u5ea6\u5047\u9152\u5e97", "order_time": ["2019-01-18 08:09:22"], "total_order": 1, "hotel_value": ["4.7"], "hotel_price": ["583"]}, "6460482": {"hotel_name": "\u4e09\u4e9a\u4e9a\u9f99\u6e7e\u751f\u547d\u6cc9\u7cbe\u54c1\u5ea6\u5047\u9152\u5e97", "order_time": ["2019-01-18 08:09:25"], "total_order": 1, "hotel_value": ["4.7"], "hotel_price": ["360"]}, "3385222": {"hotel_name": "\u4e09\u4e9a\u6d77\u60a6\u4e1c\u65b9\u9152\u5e97", "order_time": ["2019-01-18 08:09:26"], "total_order": 1, "hotel_value": ["4.3"], "hotel_price": ["133"]}, "513355": {"hotel_name": "\u4e09\u4e9a\u51ef\u4e30\u5927\u9152\u5e97", "order_time": ["2019-01-18 08:09:31"], "total_order": 1, "hotel_value": ["3.9"], "hotel_price": ["260"]}, "1282995": {"hotel_name": "\u4e09\u4e9a\u6e7e\u8f6c\u89d2\u9047\u89c1\u6d77\u7cbe\u54c1\u5ba2\u6808", "order_time": ["2019-01-18 08:11:27"], "total_order": 1, "hotel_value": ["4.6"], "hotel_price": ["143"]}, "1416242": {"hotel_name": "\u4e09\u4e9a\u7389\u84dd\u6e7e\u6d77\u666f\u9152\u5e97", "order_time": ["2019-01-18 08:11:39"], "total_order": 1, "hotel_value": ["4.5"], "hotel_price": ["131"]}, "5898698": {"hotel_name": "\u4e09\u4e9a\u6cf0\u9601\u6d77\u666f\u5ba2\u6808", "order_time": ["2019-01-18 08:13:24"], "total_order": 1, "hotel_value": ["4.9"], "hotel_price": ["116"]}, "6069146": {"hotel_name": "\u4e09\u4e9a\u78a7\u6c34\u4e91\u5929\u7cbe\u54c1\u5ba2\u6808", "order_time": ["2019-01-18 08:13:36"], "total_order": 1, "hotel_value": ["4.4"], "hotel_price": ["113"]}, "436683": {"hotel_name": "\u4e09\u4e9a\u5357\u4e2d\u56fd\u5927\u9152\u5e97", "order_time": ["2019-01-18 08:13:38"], "total_order": 1, "hotel_value": ["4.5"], "hotel_price": ["382"]}, "5772127": {"hotel_name": "\u4e09\u4e9a\u5927\u4e1c\u6d77\u5929\u9a84\u7cbe\u54c1\u5957\u623f\u6d77\u666f\u516c\u5bd3", "order_time": ["2019-01-18 08:21:34", "2019-01-18 08:15:41"], "total_order": 2, "hotel_value": ["4.9", "4.9"], "hotel_price": ["275", "275"]}, "12049649": {"hotel_name": "\u4e09\u4e9a\u9010\u68a6\u6808\u9752\u5e74\u65c5\u820d", "order_time": ["2019-01-18 08:17:40"], "total_order": 1, "hotel_value": ["4.4"], "hotel_price": ["38"]}, "8616662": {"hotel_name": "\u4e09\u4e9a\u62fe\u5149\u96c6\u827a\u672f\u4e3b\u9898\u9152\u5e97(\u539f\u4e09\u4e9a\u62fe\u5149\u96c6\u7cbe\u54c1\u6c11\u5bbf)", "order_time": ["2019-01-18 08:19:24"], "total_order": 1, "hotel_value": ["4.8"], "hotel_price": ["234"]}, "24863062": {"hotel_name": "\u4e09\u4e9a\u8046\u6d77\u5c0f\u5885\u65c5\u79df", "order_time": ["2019-01-18 08:19:26"], "total_order": 1, "hotel_value": ["4.8"], "hotel_price": ["151"]}, "15330406": {"hotel_name": "7\u5929\u9152\u5e97(\u4e09\u4e9a\u4e9a\u9f99\u6e7e\u666f\u533a\u5e97)", "order_time": ["2019-01-18 08:19:31"], "total_order": 1, "hotel_value": ["4.5"], "hotel_price": ["144"]}, "6043700": {"hotel_name": "\u4e09\u4e9a\u67ab\u6797\u665a\u4e3b\u9898\u9152\u5e97", "order_time": ["2019-01-18 08:21:24"], "total_order": 1, "hotel_value": ["4.7"], "hotel_price": ["148"]}, "436688": {"hotel_name": "\u4e09\u4e9a\u65af\u7ef4\u767b\u5ea6\u5047\u516c\u5bd3(\u4e9a\u9f99\u6e7e)", "order_time": ["2019-01-18 08:21:30"], "total_order": 1, "hotel_value": ["4.5"], "hotel_price": ["315"]}, "3002283": {"hotel_name": "\u4e09\u4e9a\u60a6\u5ba2\u6808\u4e3b\u9898\u9152\u5e97", "order_time": ["2019-01-18 08:21:31"], "total_order": 1, "hotel_value": ["4.5"], "hotel_price": ["119"]}, "17325404": {"hotel_name": "\u4e09\u4e9a\u6d1b\u514b\u94c2\u91d1\u6d77\u666f\u9152\u5e97", "order_time": ["2019-01-18 08:23:26"], "total_order": 1, "hotel_value": ["4.4"], "hotel_price": ["479"]}, "426964": {"hotel_name": "\u4e09\u4e9a\u5eb7\u7279\u738b\u5e9c\u4f1a\u8bae\u5ea6\u5047\u9152\u5e97", "order_time": ["2019-01-18 08:23:54"], "total_order": 1, "hotel_value": ["4.6"], "hotel_price": ["284"]}}}