{"\u5f00\u59cb\u8bb0\u5f55\u65f6\u95f4": "2019-01-09 17:59:28", "\u7ed3\u675f\u8bb0\u5f55\u65f6\u95f4": "2019-01-09 18:59:28", "\u8ba2\u5355\u603b\u589e\u91cf": 223, "item": {"371696": {"hotel_name": "\u4e09\u4e9a\u590f\u5a01\u5937\u5927\u9152\u5e97", "order_time": ["2019-01-09 18:01:44", "2019-01-09 18:15:54"], "total_order": 2, "hotel_value": ["4.4", "4.4"], "hotel_price": ["284", "284"]}, "10920931": {"hotel_name": "\u4e09\u4e9a\u5c71\u6d77\u9601\u5ea6\u5047\u522b\u5885\u9152\u5e97", "order_time": ["2019-01-09 18:01:44"], "total_order": 1, "hotel_value": ["4.8"], "hotel_price": ["1165"]}, "1682691": {"hotel_name": "\u4e09\u4e9a\u4eac\u6d77\u56fd\u9645\u5047\u65e5\u9152\u5e97", "order_time": ["2019-01-09 18:01:44", "2019-01-09 18:04:00"], "total_order": 2, "hotel_value": ["4.6", "4.6"], "hotel_price": ["572", "572"]}, "9789923": {"hotel_name": "\u4e09\u4e9a\u5eb7\u5e74\u9152\u5e97", "order_time": ["2019-01-09 18:01:44"], "total_order": 1, "hotel_value": ["4.7"], "hotel_price": ["888"]}, "4371952": {"hotel_name": "\u4e09\u4e9a\u534e\u5b87\u4e9a\u9f99\u6e7e\u8fce\u5bbe\u9986", "order_time": ["2019-01-09 18:45:47", "2019-01-09 18:55:53", "2019-01-09 18:43:53", "2019-01-09 18:05:54", "2019-01-09 18:01:46"], "total_order": 5, "hotel_value": ["4.8", "4.8", "4.8", "4.8", "4.8"], "hotel_price": ["899", "899", "899", "899", "899"]}, "1361281": {"hotel_name": "\u4e09\u4e9a\u6e7e\u7ea2\u6811\u6797\u5ea6\u5047\u4e16\u754c(\u6930\u6797\u9152\u5e97)", "order_time": ["2019-01-09 18:19:47", "2019-01-09 18:01:47", "2019-01-09 18:23:46", "2019-01-09 18:11:46"], "total_order": 4, "hotel_value": ["4.7", "4.7", "4.7", "4.7"], "hotel_price": ["542", "542", "542", "542"]}, "346766": {"hotel_name": "\u4e09\u4e9a\u4e9a\u9f99\u6e7e\u51ef\u83b1\u4ed9\u4eba\u638c\u5ea6\u5047\u9152\u5e97", "order_time": ["2019-01-09 18:01:51", "2019-01-09 18:51:46"], "total_order": 2, "hotel_value": ["4.6", "4.6"], "hotel_price": ["430", "430"]}, "9561788": {"hotel_name": "\u4e09\u4e9a\u76db\u4e16\u91d1\u6811\u5ea6\u5047\u9152\u5e97\u7f8e\u4e3d\u4e4b\u51a0\u5e97", "order_time": ["2019-01-09 18:01:52"], "total_order": 1, "hotel_value": ["4.8"], "hotel_price": ["225"]}, "13975638": {"hotel_name": "\u4e09\u4e9a\u9b45\u84dd\u4e4b\u591c\u4e3b\u9898\u9152\u5e97", "order_time": ["2019-01-09 18:21:47", "2019-01-09 18:01:53"], "total_order": 2, "hotel_value": ["4.8", "4.8"], "hotel_price": ["126", "126"]}, "12874170": {"hotel_name": "\u4e09\u4e9a\u503e\u57ce\u6735\u7f8e\u9152\u5e97", "order_time": ["2019-01-09 18:03:46"], "total_order": 1, "hotel_value": ["4.2"], "hotel_price": ["219"]}, "8530756": {"hotel_name": "\u5927\u6811\u6811\u5b9d\u9152\u5e97\u516c\u5bd3(\u4e09\u4e9a\u7f8e\u4e3d\u4e4b\u51a0\u5e97)", "order_time": ["2019-01-09 18:03:47"], "total_order": 1, "hotel_value": ["4.7"], "hotel_price": ["169"]}, "3631084": {"hotel_name": "\u4e09\u4e9a\u6e7e\u5e0c\u5c14\u987f\u6b22\u670b\u9152\u5e97", "order_time": ["2019-01-09 18:03:47", "2019-01-09 18:07:49"], "total_order": 2, "hotel_value": ["4.8", "4.8"], "hotel_price": ["529", "529"]}, "918535": {"hotel_name": "\u4e45\u6816\u00b7\u4e09\u4e9a\u67ab\u4f20\u8bf4\u6d77\u666f\u5ea6\u5047\u516c\u5bd3", "order_time": ["2019-01-09 18:03:47", "2019-01-09 18:57:46"], "total_order": 2, "hotel_value": ["4.9", "4.9"], "hotel_price": ["254", "238"]}, "436692": {"hotel_name": "\u4e09\u4e9a\u4e9a\u592a\u6d77\u822a\u5ea6\u5047\u9152\u5e97\u66a8\u4e9a\u592a\u56fd\u9645\u4f1a\u8bae\u4e2d\u5fc3", "order_time": ["2019-01-09 18:03:50"], "total_order": 1, "hotel_value": ["4.5"], "hotel_price": ["380"]}, "12671479": {"hotel_name": "\u4e09\u4e9a\u6da6\u5fb7\u6e7f\u5730\u516c\u56ed\u9152\u5e97", "order_time": ["2019-01-09 18:03:51", "2019-01-09 18:05:44"], "total_order": 2, "hotel_value": ["4.7", "4.7"], "hotel_price": ["390", "390"]}, "6486443": {"hotel_name": "\u4e09\u4e9a\u5b9d\u745e\u7cbe\u54c1\u5ea6\u5047\u516c\u5bd3", "order_time": ["2019-01-09 18:23:47", "2019-01-09 18:19:45", "2019-01-09 18:03:52"], "total_order": 3, "hotel_value": ["4.4", "4.4", "4.4"], "hotel_price": ["173", "163", "163"]}, "993927": {"hotel_name": "\u5982\u5bb6\u5feb\u6377\u9152\u5e97(\u4e09\u4e9a\u5409\u9633\u4e9a\u9f99\u6e7e\u5e97)", "order_time": ["2019-01-09 18:35:51", "2019-01-09 18:03:53", "2019-01-09 18:27:48"], "total_order": 3, "hotel_value": ["4.6", "4.6", "4.6"], "hotel_price": ["162", "170", "170"]}, "1719843": {"hotel_name": "\u4e09\u4e9a\u5d16\u57ce\u4e39\u6e90\u65c5\u79df(\u539f\u4e2d\u6e90\u5bbe\u9986)", "order_time": ["2019-01-09 18:03:58"], "total_order": 1, "hotel_value": ["3.8"], "hotel_price": ["66"]}, "1185042": {"hotel_name": "\u4e09\u4e9a\u6e7e\u7ea2\u6811\u6797\u5ea6\u5047\u4e16\u754c(\u83e9\u63d0\u9152\u5e97)", "order_time": ["2019-01-09 18:04:00"], "total_order": 1, "hotel_value": ["4.7"], "hotel_price": ["548"]}, "2216767": {"hotel_name": "\u7ef4\u4e5f\u7eb3\u9152\u5e97(\u4e09\u4e9a\u6e7e\u5e97)", "order_time": ["2019-01-09 18:05:46", "2019-01-09 18:55:46"], "total_order": 2, "hotel_value": ["4.8", "4.8"], "hotel_price": ["358", "358"]}, "2157963": {"hotel_name": "\u4e09\u4e9a\u4e07\u79d1\u68ee\u6797\u60a6\u5ea6\u5047\u6751", "order_time": ["2019-01-09 18:05:47"], "total_order": 1, "hotel_value": ["4.4"], "hotel_price": ["419"]}, "895694": {"hotel_name": "7\u5929\u8fde\u9501\u9152\u5e97(\u4e09\u4e9a\u6e7e\u5409\u7965\u8857\u5e97)", "order_time": ["2019-01-09 18:05:47"], "total_order": 1, "hotel_value": ["4.3"], "hotel_price": ["141"]}, "5647540": {"hotel_name": "\u4e03\u68f5\u6811\u5927\u6811\u9152\u5e97(\u4e09\u4e9a\u7f8e\u4e3d\u4e4b\u51a0\u5e97)(\u539f\u7f8e\u4e3d\u4e4b\u51a0\u4e5d\u68f5\u5927\u6811\u9152\u5e97)", "order_time": ["2019-01-09 18:05:47"], "total_order": 1, "hotel_value": ["4.3"], "hotel_price": ["183"]}, "6781451": {"hotel_name": "\u4e09\u4e9a\u79d1\u5b9d\u5927\u9152\u5e97", "order_time": ["2019-01-09 18:05:49"], "total_order": 1, "hotel_value": ["4.8"], "hotel_price": ["123"]}, "1410632": {"hotel_name": "\u683c\u6797\u8c6a\u6cf0(\u4e09\u4e9a\u548c\u5e73\u8857\u60c5\u4eba\u6865\u5e97)", "order_time": ["2019-01-09 18:05:51"], "total_order": 1, "hotel_value": ["4.2"], "hotel_price": ["151"]}, "20617615": {"hotel_name": "\u5982\u4f73\u5feb\u6377\u5bbe\u9986(\u4e09\u4e9a\u6d77\u68e0\u6e7e\u5e97)", "order_time": ["2019-01-09 18:05:51"], "total_order": 1, "hotel_value": ["4.9"], "hotel_price": ["107"]}, "396528": {"hotel_name": "\u4e09\u4e9a\u4e9a\u9f99\u6e7e\u4e94\u53f7\u5ea6\u5047\u522b\u5885\u9152\u5e97", "order_time": ["2019-01-09 18:51:47", "2019-01-09 18:05:51"], "total_order": 2, "hotel_value": ["4.7", "4.7"], "hotel_price": ["749", "749"]}, "6484684": {"hotel_name": "\u4e09\u4e9a\u4e07\u5ef7\u4e3b\u9898\u9152\u5e97", "order_time": ["2019-01-09 18:05:57", "2019-01-09 18:25:45", "2019-01-09 18:39:46"], "total_order": 3, "hotel_value": ["4.7", "4.7", "4.7"], "hotel_price": ["189", "189", "189"]}, "428333": {"hotel_name": "\u5982\u5bb6\u5feb\u6377\u9152\u5e97(\u4e09\u4e9a\u6b65\u884c\u8857\u7f8e\u98df\u5e7f\u573a\u5e97)\u539f(\u4e09\u4e9a\u6587\u660e\u8def\u653f\u5e9c\u4e8c\u529e\u5e97)", "order_time": ["2019-01-09 18:06:03"], "total_order": 1, "hotel_value": ["4.3"], "hotel_price": ["153"]}, "3732039": {"hotel_name": "\u4e09\u4e9a\u6d77\u68e0\u6e7e\u6bd4\u90bbnear\u6930\u6797\u7f8e\u5bbf(\u539f\u6bd4\u90bb\u6cf3\u6c60\u5ea6\u5047\u7cbe\u54c1\u5ba2\u6808)", "order_time": ["2019-01-09 18:07:45"], "total_order": 1, "hotel_value": ["4.5"], "hotel_price": ["286"]}, "431279": {"hotel_name": "\u4e45\u6816\u00b7\u4e09\u4e9a\u5170\u6d77\u5ea6\u5047\u9152\u5e97\u516c\u5bd3", "order_time": ["2019-01-09 18:07:47"], "total_order": 1, "hotel_value": ["4.5"], "hotel_price": ["211"]}, "481437": {"hotel_name": "\u9526\u6c5f\u4e4b\u661f(\u4e09\u4e9a\u89e3\u653e\u8def\u5e97)", "order_time": ["2019-01-09 18:41:48", "2019-01-09 18:21:48", "2019-01-09 18:17:49", "2019-01-09 18:07:48"], "total_order": 4, "hotel_value": ["4.6", "4.6", "4.6", "4.6"], "hotel_price": ["179", "179", "179", "179"]}, "428335": {"hotel_name": "\u5982\u5bb6\u5feb\u6377\u9152\u5e97(\u4e09\u4e9a\u6986\u4e9a\u8def\u5927\u4e1c\u6d77\u5e97)", "order_time": ["2019-01-09 18:07:51"], "total_order": 1, "hotel_value": ["4.6"], "hotel_price": ["213"]}, "344934": {"hotel_name": "\u4e09\u4e9a\u6930\u6797\u6ee9\u5927\u9152\u5e97", "order_time": ["2019-01-09 18:07:51"], "total_order": 1, "hotel_value": ["4.4"], "hotel_price": ["316"]}, "1964967": {"hotel_name": "\u4f73\u6377\u8fde\u9501\u9152\u5e97(\u4e09\u4e9a\u51e4\u51f0\u5c9b\u5e97)", "order_time": ["2019-01-09 18:07:53"], "total_order": 1, "hotel_value": ["4.3"], "hotel_price": ["121"]}, "8581510": {"hotel_name": "\u4e09\u4e9a\u534a\u5c71\u9a7f\u6d77\u5cb8\u7cbe\u54c1\u5ba2\u6808(\u539f\u871c\u5bb6\u5c0f\u9662)", "order_time": ["2019-01-09 18:07:54"], "total_order": 1, "hotel_value": ["4.7"], "hotel_price": ["178"]}, "5898698": {"hotel_name": "\u4e09\u4e9a\u6cf0\u9601\u6d77\u666f\u5ba2\u6808", "order_time": ["2019-01-09 18:07:56"], "total_order": 1, "hotel_value": ["4.9"], "hotel_price": ["113"]}, "14013399": {"hotel_name": "\u4e09\u4e9a\u5112\u5bb6\u5047\u65e5\u9152\u5e97", "order_time": ["2019-01-09 18:11:57", "2019-01-09 18:07:57"], "total_order": 2, "hotel_value": ["4.8", "4.8"], "hotel_price": ["74", "74"]}, "346724": {"hotel_name": "\u4e09\u4e9a\u56fd\u9645\u996d\u5e97", "order_time": ["2019-01-09 18:08:10"], "total_order": 1, "hotel_value": ["3.9"], "hotel_price": ["288"]}, "3292125": {"hotel_name": "\u4e09\u4e9a\u5927\u4e1c\u6d77\u4e50\u5de2\u6d77\u666f\u5ba2\u6808", "order_time": ["2019-01-09 18:09:44"], "total_order": 1, "hotel_value": ["4.6"], "hotel_price": ["179"]}, "346684": {"hotel_name": "\u4e09\u4e9a\u73e0\u6c5f\u5357\u7530\u6e29\u6cc9\u5ea6\u5047\u533a", "order_time": ["2019-01-09 18:09:45"], "total_order": 1, "hotel_value": ["4.3"], "hotel_price": ["428"]}, "741295": {"hotel_name": "\u4e09\u4e9a\u8fdc\u8fd1\u6d77\u666f\u9152\u5e97", "order_time": ["2019-01-09 18:09:45"], "total_order": 1, "hotel_value": ["4.6"], "hotel_price": ["224"]}, "6656398": {"hotel_name": "\u4e09\u4e9a\u6d77\u68e0\u6e7e\u6797\u65fa\u6d77\u6e90\u5546\u52a1\u9152\u5e97(\u8708\u652f\u6d32\u5c9b\u5e97)", "order_time": ["2019-01-09 18:09:46", "2019-01-09 18:40:01"], "total_order": 2, "hotel_value": ["4.3", "4.3"], "hotel_price": ["104", "104"]}, "1137078": {"hotel_name": "\u6d77\u5357\u6e05\u6c34\u6e7e\u5047\u65e5\u5ea6\u5047\u9152\u5e97", "order_time": ["2019-01-09 18:09:47"], "total_order": 1, "hotel_value": ["4.7"], "hotel_price": ["550"]}, "690765": {"hotel_name": "\u4e09\u4e9a\u6d77\u7acb\u65b9\u5ea6\u5047\u9152\u5e97", "order_time": ["2019-01-09 18:09:47"], "total_order": 1, "hotel_value": ["4.6"], "hotel_price": ["399"]}, "1480153": {"hotel_name": "\u4e09\u4e9a\u8354\u4e61\u5bbe\u9986", "order_time": ["2019-01-09 18:09:55"], "total_order": 1, "hotel_value": ["4.5"], "hotel_price": ["93"]}, "1458154": {"hotel_name": "\u4e09\u4e9a\u8f6c\u89d2\u9047\u5230\u6d77\u4e3b\u9898\u5ba2\u6808", "order_time": ["2019-01-09 18:09:57", "2019-01-09 18:21:45"], "total_order": 2, "hotel_value": ["4.4", "4.4"], "hotel_price": ["98", "98"]}, "433675": {"hotel_name": "\u4e09\u4e9a\u51e4\u51f0\u6c34\u57ce\u51ef\u83b1\u5ea6\u5047\u9152\u5e97", "order_time": ["2019-01-09 18:10:02"], "total_order": 1, "hotel_value": ["4.5"], "hotel_price": ["412"]}, "371722": {"hotel_name": "\u4e09\u4e9a\u4e9a\u9f99\u6e7e\u91d1\u68d5\u6988\u5ea6\u5047\u9152\u5e97", "order_time": ["2019-01-09 18:10:13"], "total_order": 1, "hotel_value": ["4.6"], "hotel_price": ["442"]}, "345095": {"hotel_name": "\u4e09\u4e9a\u9ece\u5ba2\u56fd\u9645\u9152\u5e97", "order_time": ["2019-01-09 18:11:46"], "total_order": 1, "hotel_value": ["4.4"], "hotel_price": ["356"]}, "6450523": {"hotel_name": "\u4e09\u4e9a\u5c71\u6d77\u5929\u5927\u9152\u5e97\u00b7\u50b2\u9014\u683c\u7cbe\u9009", "order_time": ["2019-01-09 18:51:47", "2019-01-09 18:11:46"], "total_order": 2, "hotel_value": ["4.8", "4.8"], "hotel_price": ["1190", "1190"]}, "6446036": {"hotel_name": "\u4e09\u4e9a\u51e4\u51f0\u673a\u573a\u9152\u5e97", "order_time": ["2019-01-09 18:11:46"], "total_order": 1, "hotel_value": ["4.5"], "hotel_price": ["410"]}, "16948036": {"hotel_name": "\u4e09\u4e9a\u6e7e\u7ea2\u6811\u6797\u5ea6\u5047\u4e16\u754c(\u5927\u738b\u68d5\u9152\u5e97)", "order_time": ["2019-01-09 18:11:46"], "total_order": 1, "hotel_value": ["4.7"], "hotel_price": ["620"]}, "430163": {"hotel_name": "\u4e09\u4e9a\u4e9a\u9f99\u6e7e\u94c2\u5c14\u66fc\u522b\u5885\u5ea6\u5047\u9152\u5e97", "order_time": ["2019-01-09 18:11:46"], "total_order": 1, "hotel_value": ["4.6"], "hotel_price": ["904"]}, "436690": {"hotel_name": "\u4e09\u4e9a\u8708\u652f\u6d32\u5c9b\u73ca\u745a\u9152\u5e97\u6728\u5c4b", "order_time": ["2019-01-09 18:11:46"], "total_order": 1, "hotel_value": ["4.6"], "hotel_price": ["883"]}, "370832": {"hotel_name": "\u4e09\u4e9a\u9e7f\u9890\u6d77\u666f\u9152\u5e97(\u539f\u8377\u6cf0\u6d77\u666f\u9152\u5e97)", "order_time": ["2019-01-09 18:11:47"], "total_order": 1, "hotel_value": ["4.5"], "hotel_price": ["338"]}, "6327433": {"hotel_name": "\u4e09\u4e9a\u9999\u6c34\u6e7e\u8363\u9038\u6e29\u60c5\u9152\u5e97", "order_time": ["2019-01-09 18:51:53", "2019-01-09 18:11:48"], "total_order": 2, "hotel_value": ["4.7", "4.7"], "hotel_price": ["356", "356"]}, "26535660": {"hotel_name": "\u4e09\u4e9a\u7231\u5fc5\u4fac\u68e0\u6e7e\u5ea6\u5047\u516c\u5bd3", "order_time": ["2019-01-09 18:11:48"], "total_order": 1, "hotel_value": ["4.5"], "hotel_price": ["841"]}, "346702": {"hotel_name": "\u4e09\u4e9a\u8fb0\u5149\u514b\u62c9\u7801\u5934\u9152\u5e97", "order_time": ["2019-01-09 18:11:49"], "total_order": 1, "hotel_value": ["4.6"], "hotel_price": ["408"]}, "345080": {"hotel_name": "\u4e09\u4e9a\u4e9a\u9f99\u6e7e\u559c\u6765\u767b\u5ea6\u5047\u9152\u5e97", "order_time": ["2019-01-09 18:11:50"], "total_order": 1, "hotel_value": ["4.6"], "hotel_price": ["1051"]}, "346676": {"hotel_name": "\u4e09\u4e9a\u56fd\u5149\u8c6a\u751f\u5ea6\u5047\u9152\u5e97", "order_time": ["2019-01-09 18:55:47", "2019-01-09 18:11:50"], "total_order": 2, "hotel_value": ["4.5", "4.5"], "hotel_price": ["569", "569"]}, "429624": {"hotel_name": "\u6709\u9897\u7cd6\u6d77\u5cb8\u7cbe\u54c1\u5ba2\u6808(\u4e09\u4e9a\u5927\u4e1c\u6d77\u5e97)(\u539f\u6709\u9897\u7cd6\u5ea6\u5047\u9152\u5e97)", "order_time": ["2019-01-09 18:11:52"], "total_order": 1, "hotel_value": ["4.4"], "hotel_price": ["162"]}, "5423919": {"hotel_name": "\u4e09\u4e9a\u6d77\u6615\u5c1a\u666f\u4e3b\u9898\u9152\u5e97", "order_time": ["2019-01-09 18:11:52"], "total_order": 1, "hotel_value": ["3.6"], "hotel_price": ["72"]}, "440033": {"hotel_name": "Q\u52a0\u00b7\u4e09\u4e9a\u7f8e\u6021\u6d77\u5cb8\u5ba2\u6808", "order_time": ["2019-01-09 18:11:54"], "total_order": 1, "hotel_value": ["4.7"], "hotel_price": ["143"]}, "16011247": {"hotel_name": "\u4e09\u4e9a\u6c38\u6210\u4e03\u4ed9\u6f6e\u6c55\u9152\u5e97", "order_time": ["2019-01-09 18:11:57"], "total_order": 1, "hotel_value": ["4.2"], "hotel_price": ["298"]}, "1249405": {"hotel_name": "\u4e09\u4e9a\u7b1b\u4f73\u5ba2\u6808(\u539f\u7f8e\u4f73\u5ba2\u6808)", "order_time": ["2019-01-09 18:11:58", "2019-01-09 18:47:57", "2019-01-09 18:21:45"], "total_order": 3, "hotel_value": ["4.2", "4.2", "4.2"], "hotel_price": ["121", "113", "113"]}, "1308563": {"hotel_name": "\u57ce\u5e02\u4fbf\u6377\u9152\u5e97(\u4e09\u4e9a\u6d77\u6708\u5e7f\u573a\u5e97)", "order_time": ["2019-01-09 18:13:49"], "total_order": 1, "hotel_value": ["4.2"], "hotel_price": ["188"]}, "13293731": {"hotel_name": "\u4e09\u4e9a\u6f9c\u82d1\u5546\u52a1\u9152\u5e97", "order_time": ["2019-01-09 18:13:50"], "total_order": 1, "hotel_value": ["4.5"], "hotel_price": ["291"]}, "1980387": {"hotel_name": "\u9e97\u67ab\u9152\u5e97(\u4e09\u4e9a\u6b65\u884c\u8857\u5e97)", "order_time": ["2019-01-09 18:13:51"], "total_order": 1, "hotel_value": ["4.8"], "hotel_price": ["371"]}, "486003": {"hotel_name": "\u4e09\u4e9a\u8708\u652f\u6d32\u5c9b\u73ca\u745a\u9152\u5e97", "order_time": ["2019-01-09 18:14:13"], "total_order": 1, "hotel_value": ["4.8"], "hotel_price": ["999"]}, "14996879": {"hotel_name": "\u4e09\u4e9a\u6d77\u68e0\u6e7e\u4ec1\u6052\u7687\u51a0\u5047\u65e5\u5ea6\u5047\u9152\u5e97", "order_time": ["2019-01-09 18:14:13"], "total_order": 1, "hotel_value": ["4.8"], "hotel_price": ["1680"]}, "344904": {"hotel_name": "\u4e09\u4e9a\u80dc\u610f\u5927\u9152\u5e97", "order_time": ["2019-01-09 18:21:49", "2019-01-09 18:15:45"], "total_order": 2, "hotel_value": ["4.7", "4.7"], "hotel_price": ["629", "629"]}, "2598376": {"hotel_name": "\u7ef4\u7eb3\u6d77\u5957\u623f\u6d77\u666f\u516c\u5bd3(\u4e09\u4e9a\u5927\u4e1c\u6d77\u5e97)", "order_time": ["2019-01-09 18:15:46"], "total_order": 1, "hotel_value": ["4.8"], "hotel_price": ["228"]}, "429615": {"hotel_name": "\u4e09\u4e9a\u4e9a\u9f99\u6e7e\u541b\u6f9c\u5ea6\u5047\u9152\u5e97(\u539f\u5047\u65e5\u5ea6\u5047\u9152\u5e97)", "order_time": ["2019-01-09 18:21:50", "2019-01-09 18:15:47"], "total_order": 2, "hotel_value": ["4.5", "4.5"], "hotel_price": ["636", "636"]}, "17265739": {"hotel_name": "\u4e09\u4e9a\u6d77\u68e0\u6e7e\u6d77\u97f5\u5361\u897f\u8bfa\u6d77\u666f\u5ea6\u5047\u516c\u5bd3", "order_time": ["2019-01-09 18:15:52"], "total_order": 1, "hotel_value": ["4.8"], "hotel_price": ["1837"]}, "6279068": {"hotel_name": "\u4e09\u4e9a\u6d77\u6f2b\u6f2b\u5ba2\u6808", "order_time": ["2019-01-09 18:16:02"], "total_order": 1, "hotel_value": ["4.5"], "hotel_price": ["115"]}, "894403": {"hotel_name": "\u4e09\u4e9a\u96cd\u548c\u56fd\u9645\u9752\u5e74\u65c5\u820d", "order_time": ["2019-01-09 18:16:02"], "total_order": 1, "hotel_value": ["4.6"], "hotel_price": ["46"]}, "3462113": {"hotel_name": "\u5982\u5bb6\u6d3e\u67cf\u00b7\u4e91\u9152\u5e97(\u4e09\u4e9a\u4e9a\u9f99\u6e7e\u5e97)(\u539f\u91d1\u601d\u8fbe\u5047\u65e5\u9152\u5e97)", "order_time": ["2019-01-09 18:17:52"], "total_order": 1, "hotel_value": ["4.2"], "hotel_price": ["122"]}, "827128": {"hotel_name": "\u4e09\u4e9a\u5df4\u54c8\u9a6c\u5ea6\u5047\u9152\u5e97", "order_time": ["2019-01-09 18:19:44"], "total_order": 1, "hotel_value": ["4.1"], "hotel_price": ["316"]}, "346764": {"hotel_name": "\u4e09\u4e9a\u541b\u6f9c\u00b7\u9e7f\u56de\u5934\u56fd\u5bbe\u9986(\u539f\u9e7f\u56de\u5934\u56fd\u5bbe\u9986)", "order_time": ["2019-01-09 18:19:45"], "total_order": 1, "hotel_value": ["4.8"], "hotel_price": ["606"]}, "1561957": {"hotel_name": "\u6d77\u5357\u6e05\u6c34\u6e7e\u963f\u7f57\u54c8\u7231\u7434\u6d77\u666f\u5957\u623f\u5ea6\u5047\u9152\u5e97", "order_time": ["2019-01-09 18:19:45"], "total_order": 1, "hotel_value": ["4.7"], "hotel_price": ["1118"]}, "6955535": {"hotel_name": "\u4e09\u4e9a\u6cca\u5cb8\u5c0f\u5ead\u516c\u5bd3\u8708\u652f\u6d32\u5c9b\u5e97", "order_time": ["2019-01-09 18:19:47"], "total_order": 1, "hotel_value": ["4.2"], "hotel_price": ["178"]}, "8599790": {"hotel_name": "\u4e09\u4e9a\u745e\u9038\u5ea6\u5047\u516c\u5bd3(\u5929\u6daf\u5e97)", "order_time": ["2019-01-09 18:19:49"], "total_order": 1, "hotel_value": ["4.9"], "hotel_price": ["236"]}, "6635244": {"hotel_name": "\u4e09\u4e9a\u6893\u8def\u5ba2\u6808", "order_time": ["2019-01-09 18:19:49"], "total_order": 1, "hotel_value": ["4.7"], "hotel_price": ["130"]}, "372133": {"hotel_name": "\u4e09\u4e9a\u73e0\u6c5f\u82b1\u56ed\u9152\u5e97", "order_time": ["2019-01-09 18:19:51"], "total_order": 1, "hotel_value": ["4.4"], "hotel_price": ["393"]}, "17325404": {"hotel_name": "\u4e09\u4e9a\u6d1b\u514b\u94c2\u91d1\u6d77\u666f\u9152\u5e97", "order_time": ["2019-01-09 18:19:51"], "total_order": 1, "hotel_value": ["4.4"], "hotel_price": ["439"]}, "4033951": {"hotel_name": "\u4e09\u4e9a\u51e4\u51f0\u5c9b\u6d77\u6d0b\u4e4b\u68a6\u5ea6\u5047\u9152\u5e97", "order_time": ["2019-01-09 18:19:51"], "total_order": 1, "hotel_value": ["4.7"], "hotel_price": ["1258"]}, "12462953": {"hotel_name": "\u4e09\u4e9a\u6d77\u4e0a\u65f6\u5149\u522b\u5885\u5ba2\u6808", "order_time": ["2019-01-09 18:19:53"], "total_order": 1, "hotel_value": ["4.8"], "hotel_price": ["218"]}, "5764385": {"hotel_name": "517\u9a91\u884c\u9a7f\u7ad9(\u4e09\u4e9a\u5927\u4e1c\u6d77\u5e97)", "order_time": ["2019-01-09 18:19:55"], "total_order": 1, "hotel_value": ["4.5"], "hotel_price": ["41"]}, "808551": {"hotel_name": "\u4e09\u4e9a\u5178\u4e30\u6d77\u5cb8\u5bbe\u9986", "order_time": ["2019-01-09 18:19:57"], "total_order": 1, "hotel_value": ["3.9"], "hotel_price": ["122"]}, "512853": {"hotel_name": "\u4e09\u4e9a\u7267\u6d77\u65c5\u820d\u4e09\u4e9a\u6e7e\u5e97", "order_time": ["2019-01-09 18:21:46", "2019-01-09 18:45:50"], "total_order": 2, "hotel_value": ["4.7", "4.7"], "hotel_price": ["101", "101"]}, "10188701": {"hotel_name": "\u4e09\u4e9a\u6c34\u6676\u4e4b\u604b\u4e3b\u9898\u9152\u5e97", "order_time": ["2019-01-09 18:21:48"], "total_order": 1, "hotel_value": ["4.6"], "hotel_price": ["166"]}, "2948927": {"hotel_name": "\u4e09\u4e9a\u6d77\u4e4b\u7ffc\u7cbe\u54c1\u6d77\u666f\u4e3b\u9898\u5ba2\u6808", "order_time": ["2019-01-09 18:21:49"], "total_order": 1, "hotel_value": ["4.7"], "hotel_price": ["88"]}, "25219265": {"hotel_name": "\u4e09\u4e9a\u7f18\u6765\u58f9\u5bb6\u5ba2\u6808", "order_time": ["2019-01-09 18:21:53"], "total_order": 1, "hotel_value": ["4.8"], "hotel_price": ["187"]}, "13323312": {"hotel_name": "\u4e09\u4e9a\u6cf0\u4ed5\u5546\u52a1\u9152\u5e97", "order_time": ["2019-01-09 18:21:53"], "total_order": 1, "hotel_value": ["4.8"], "hotel_price": ["164"]}, "1458417": {"hotel_name": "\u4e09\u4e9a\u8587\u8587\u6d77\u5cb8\u65c5\u9986", "order_time": ["2019-01-09 18:21:54"], "total_order": 1, "hotel_value": ["4.4"], "hotel_price": ["123"]}, "6864797": {"hotel_name": "\u4e09\u4e9a\u5982\u798f\u65c5\u79df(\u539f\u745c\u749f\u65c5\u79df\u4f4f\u5bbf)", "order_time": ["2019-01-09 18:22:20"], "total_order": 1, "hotel_value": [0], "hotel_price": ["117"]}, "8578912": {"hotel_name": "\u4e09\u4e9a\u6d77\u9614\u5929\u7a7a\u5496\u5561\u65c5\u9986(\u5929\u6daf\u6d77\u89d2\u5e97)", "order_time": ["2019-01-09 18:23:50"], "total_order": 1, "hotel_value": ["4.6"], "hotel_price": ["110"]}, "447842": {"hotel_name": "\u4e09\u4e9a\u666f\u5229\u83b1\u5ea6\u5047\u9152\u5e97", "order_time": ["2019-01-09 18:23:51"], "total_order": 1, "hotel_value": ["4.4"], "hotel_price": ["233"]}, "981739": {"hotel_name": "\u767e\u4e8b\u8fbe\u9152\u5e97(\u4e09\u4e9a\u4e34\u6625\u6cb3\u767d\u9e6d\u516c\u56ed\u5e97)", "order_time": ["2019-01-09 18:24:10", "2019-01-09 18:57:47"], "total_order": 2, "hotel_value": ["4.5", "4.5"], "hotel_price": ["123", "123"]}, "1678359": {"hotel_name": "\u4e09\u4e9a\u4e91\u6d77\u5885\u4e3b\u9898\u522b\u5885\u5ba2\u6808\u5927\u4e1c\u6d77\u5e97", "order_time": ["2019-01-09 18:25:43"], "total_order": 1, "hotel_value": ["4.7"], "hotel_price": ["143"]}, "2260152": {"hotel_name": "\u4e09\u4e9a\u51e4\u51f0\u56fd\u9645\u673a\u573a100\u5ba2\u6808", "order_time": ["2019-01-09 18:25:53"], "total_order": 1, "hotel_value": ["4.3"], "hotel_price": ["116"]}, "18554984": {"hotel_name": "\u4e09\u4e9a\u98d8\u827a\u672f\u5ba2\u6808(\u51e4\u51f0\u673a\u573a\u5e97)", "order_time": ["2019-01-09 18:27:44"], "total_order": 1, "hotel_value": ["4.8"], "hotel_price": ["185"]}, "18488062": {"hotel_name": "\u4e09\u4e9a\u8fb0\u5149\u5c7f\u6d77\u6d77\u666f\u5ea6\u5047\u516c\u5bd3", "order_time": ["2019-01-09 18:27:46"], "total_order": 1, "hotel_value": ["4.8"], "hotel_price": ["154"]}, "13914509": {"hotel_name": "\u4e09\u4e9a\u4eca\u4e16\u7f18\u6d77\u666f\u9152\u5e97", "order_time": ["2019-01-09 18:27:51"], "total_order": 1, "hotel_value": ["4.6"], "hotel_price": ["249"]}, "345069": {"hotel_name": "\u4e09\u4e9a\u6d77\u68e0\u6e7e\u4e07\u8fbe\u5e0c\u5c14\u987f\u9038\u6797\u5ea6\u5047\u9152\u5e97", "order_time": ["2019-01-09 18:27:52"], "total_order": 1, "hotel_value": ["4.5"], "hotel_price": ["760"]}, "5841884": {"hotel_name": "\u4e09\u4e9a\u9a7f\u65c5\u9633\u5149\u4e3b\u9898\u9152\u5e97", "order_time": ["2019-01-09 18:27:53", "2019-01-09 18:41:49"], "total_order": 2, "hotel_value": ["3.7", "3.7"], "hotel_price": ["132", "132"]}, "1323512": {"hotel_name": "\u4e09\u4e9a\u6e58\u695a\u9152\u5e97", "order_time": ["2019-01-09 18:28:14"], "total_order": 1, "hotel_value": ["3.8"], "hotel_price": ["98"]}, "2220650": {"hotel_name": "\u4e09\u4e9a\u65c5\u884c\u5bb6\u9152\u5e97\u5f0f\u5ea6\u5047\u516c\u5bd3", "order_time": ["2019-01-09 18:29:42"], "total_order": 1, "hotel_value": ["4.7"], "hotel_price": ["647"]}, "8836577": {"hotel_name": "\u4e09\u4e9a\u51e4\u51f0\u5bb6\u5ead\u65c5\u79df", "order_time": ["2019-01-09 18:29:43"], "total_order": 1, "hotel_value": ["4.3"], "hotel_price": ["115"]}, "740890": {"hotel_name": "\u4e09\u4e9a\u4e2d\u80dc\u5e78\u798f\u5ea6\u5047\u9152\u5e97", "order_time": ["2019-01-09 18:29:47"], "total_order": 1, "hotel_value": ["3.8"], "hotel_price": ["101"]}, "435983": {"hotel_name": "\u4e09\u4e9a\u4e9a\u9f99\u6e7e\u4eba\u95f4\u5929\u5802-\u9e1f\u5de2\u5ea6\u5047\u6751", "order_time": ["2019-01-09 18:41:47", "2019-01-09 18:45:47", "2019-01-09 18:29:49"], "total_order": 3, "hotel_value": ["4.6", "4.6", "4.6"], "hotel_price": ["1270", "1270", "1270"]}, "1690245": {"hotel_name": "\u4e09\u4e9a\u6d41\u4e91\u6d77\u666f\u9152\u5e97(\u539f\u51ef\u8d8a\u6d77\u666f\u9152\u5e97)", "order_time": ["2019-01-09 18:29:52"], "total_order": 1, "hotel_value": ["3.9"], "hotel_price": ["134"]}, "8923782": {"hotel_name": "\u4e09\u4e9a\u6d6a\u91cc\u6d6a\u5ba2\u6808", "order_time": ["2019-01-09 18:30:13"], "total_order": 1, "hotel_value": ["4.5"], "hotel_price": ["99"]}, "6639564": {"hotel_name": "\u4e09\u4e9a\u6930\u6811\u6d77\u666f\u5ea6\u5047\u516c\u5bd3", "order_time": ["2019-01-09 18:31:44"], "total_order": 1, "hotel_value": ["4.8"], "hotel_price": ["266"]}, "14999032": {"hotel_name": "\u4e09\u4e9a\u4e9a\u9f99\u6e7e\u6d6e\u751f\u82e5\u5bbf\u8bbe\u8ba1\u6c11\u5bbf", "order_time": ["2019-01-09 18:31:44"], "total_order": 1, "hotel_value": ["4.9"], "hotel_price": ["394"]}, "346754": {"hotel_name": "\u4e09\u4e9a\u534a\u5c71\u534a\u5c9b\u6d32\u9645\u5ea6\u5047\u9152\u5e97", "order_time": ["2019-01-09 18:31:45"], "total_order": 1, "hotel_value": ["4.6"], "hotel_price": ["1248"]}, "2574467": {"hotel_name": "\u4e09\u4e9a\u5609\u65fa\u5bb6\u5ead\u65c5\u9986", "order_time": ["2019-01-09 18:31:46"], "total_order": 1, "hotel_value": ["4.1"], "hotel_price": ["123"]}, "6298012": {"hotel_name": "\u683c\u6797\u8054\u76df\u9152\u5e97(\u4e09\u4e9a\u4e00\u5e02\u573a\u5e97)", "order_time": ["2019-01-09 18:31:46"], "total_order": 1, "hotel_value": ["4.8"], "hotel_price": ["132"]}, "3041884": {"hotel_name": "\u4e09\u4e9a\u4e3d\u79be\u6e29\u5fb7\u59c6\u9152\u5e97", "order_time": ["2019-01-09 18:33:43"], "total_order": 1, "hotel_value": ["4.8"], "hotel_price": ["730"]}, "15249049": {"hotel_name": "\u7f8e\u4e3d\u4e4b\u51a0\u5927\u6811\u7687\u51a0\u5047\u65e5\u9152\u5e97", "order_time": ["2019-01-09 18:35:43"], "total_order": 1, "hotel_value": ["4.4"], "hotel_price": ["202"]}, "386919": {"hotel_name": "\u4e09\u4e9a\u4e07\u5609\u5ea6\u5047\u9152\u5e97(\u539f\u4e07\u5609\u6234\u65af\u5ea6\u5047\u9152\u5e97)", "order_time": ["2019-01-09 18:35:45", "2019-01-09 18:47:50"], "total_order": 2, "hotel_value": ["4.4", "4.4"], "hotel_price": ["358", "358"]}, "24051573": {"hotel_name": "\u4e09\u4e9a\u6d77\u7720\u827a\u5bbf\u8bbe\u8ba1\u6c11\u5bbf", "order_time": ["2019-01-09 18:35:48"], "total_order": 1, "hotel_value": ["4.7"], "hotel_price": ["247"]}, "5634998": {"hotel_name": "\u540d\u4eba\u5ea6\u5047\u9152\u5e97(\u4e09\u4e9a\u5343\u53e4\u60c5\u5e97)", "order_time": ["2019-01-09 18:35:53"], "total_order": 1, "hotel_value": ["4.4"], "hotel_price": ["123"]}, "481441": {"hotel_name": "\u4e09\u4e9a\u6e7e\u667a\u9009\u5047\u65e5\u9152\u5e97", "order_time": ["2019-01-09 18:37:43"], "total_order": 1, "hotel_value": ["4.3"], "hotel_price": ["268"]}, "16448430": {"hotel_name": "\u4e09\u4e9a\u4e2d\u5ed6\u6751\u6c11\u5bbf", "order_time": ["2019-01-09 18:37:44"], "total_order": 1, "hotel_value": ["4.8"], "hotel_price": ["196"]}, "346768": {"hotel_name": "\u4e09\u4e9a\u534a\u5c71\u9526\u6c5f\u6d77\u666f\u5ea6\u5047\u9152\u5e97(\u8d35\u5bbe\u697c)", "order_time": ["2019-01-09 18:39:41"], "total_order": 1, "hotel_value": ["4.6"], "hotel_price": ["470"]}, "26622150": {"hotel_name": "\u4e09\u4e9a\u81ea\u7531\u81ea\u5728\u6d77\u666f\u516c\u5bd3", "order_time": ["2019-01-09 18:39:43"], "total_order": 1, "hotel_value": [0], "hotel_price": ["160"]}, "15717524": {"hotel_name": "\u8d30\u53f7\u8bbe\u8ba1\u9152\u5e97(\u4e09\u4e9a\u51e4\u51f0\u673a\u573a\u5e97)", "order_time": ["2019-01-09 18:39:46"], "total_order": 1, "hotel_value": ["4.6"], "hotel_price": ["201"]}, "5830820": {"hotel_name": "\u96e8\u6797\u6f2b\u6b65\u5ea6\u5047\u6d0b\u623f\u522b\u5885(\u4e09\u4e9a\u4e9a\u9f99\u6e7e\u516c\u4e3b\u90e1\u5e97)", "order_time": ["2019-01-09 18:39:52"], "total_order": 1, "hotel_value": ["4.3"], "hotel_price": ["298"]}, "28366169": {"hotel_name": "7\u5929\u4f18\u54c1\u9152\u5e97(\u4e09\u4e9a\u6e7e\u6d77\u6708\u5e7f\u573a\u6d77\u666f\u5e97)", "order_time": ["2019-01-09 18:39:53"], "total_order": 1, "hotel_value": [0], "hotel_price": ["133"]}, "3291978": {"hotel_name": "\u4e09\u4e9a\u6d41\u6d6a\u8005\u9a7f\u7ad9", "order_time": ["2019-01-09 18:39:59"], "total_order": 1, "hotel_value": ["4.7"], "hotel_price": ["35"]}, "3031230": {"hotel_name": "\u6021\u6d77\u84dd\u6e7e\u6d77\u666f\u522b\u5885(\u4e09\u4e9a\u51e4\u51f0\u5c9b\u5e97)", "order_time": ["2019-01-09 18:40:01"], "total_order": 1, "hotel_value": ["4.5"], "hotel_price": ["182"]}, "1994723": {"hotel_name": "\u4e09\u4e9a\u51e4\u51f0\u5c9b\u661f\u5bb8\u6d77\u666f\u5ea6\u5047\u9152\u5e97", "order_time": ["2019-01-09 18:41:52"], "total_order": 1, "hotel_value": ["3.8"], "hotel_price": ["382"]}, "6388655": {"hotel_name": "\u4e09\u4e9a\u5411\u65e5\u8475\u6d77\u5cb8\u5ba2\u6808\u5e97", "order_time": ["2019-01-09 18:41:52"], "total_order": 1, "hotel_value": ["4.8"], "hotel_price": ["128"]}, "6865019": {"hotel_name": "\u4e09\u4e9a\u57ce\u5e02\u4e03\u661f\u65c5\u79df", "order_time": ["2019-01-09 18:42:00"], "total_order": 1, "hotel_value": ["4.8"], "hotel_price": ["94"]}, "6866770": {"hotel_name": "\u4e09\u4e9a\u94ed\u8f69\u5546\u52a1\u9152\u5e97(\u539f\u94ed\u8f69\u65c5\u79df\u4f4f\u5bbf)", "order_time": ["2019-01-09 18:43:46"], "total_order": 1, "hotel_value": ["4.5"], "hotel_price": ["166"]}, "6503543": {"hotel_name": "\u4e09\u4e9a\u6c5f\u5357\u767e\u60a6\u5546\u52a1\u5927\u9152\u5e97", "order_time": ["2019-01-09 18:43:46"], "total_order": 1, "hotel_value": ["4.2"], "hotel_price": ["215"]}, "23946400": {"hotel_name": "\u4e09\u4e9a\u7f8e\u5885\u65e5\u8bb0\u522b\u5885", "order_time": ["2019-01-09 18:43:47"], "total_order": 1, "hotel_value": ["4.9"], "hotel_price": ["219"]}, "808618": {"hotel_name": "7\u5929\u8fde\u9501\u9152\u5e97(\u4e09\u4e9a\u4e09\u4e9a\u6e7e\u6d77\u666f\u5e97)", "order_time": ["2019-01-09 18:43:52", "2019-01-09 18:55:49"], "total_order": 2, "hotel_value": ["4.2", "4.2"], "hotel_price": ["119", "119"]}, "1444927": {"hotel_name": "\u4e09\u4e9a\u5341\u6b65\u6d77\u5cb8\u9752\u5e74\u65c5\u820d", "order_time": ["2019-01-09 18:43:54", "2019-01-09 18:53:47"], "total_order": 2, "hotel_value": ["4.3", "4.3"], "hotel_price": ["55", "55"]}, "12049649": {"hotel_name": "\u4e09\u4e9a\u9010\u68a6\u6808\u9752\u5e74\u65c5\u820d", "order_time": ["2019-01-09 18:44:00"], "total_order": 1, "hotel_value": ["4.4"], "hotel_price": ["35"]}, "5892127": {"hotel_name": "\u4e09\u4e9a\u6d77\u68e0\u6e7eHANATOALICE\u6d77\u666f\u9152\u5e97", "order_time": ["2019-01-09 18:45:47", "2019-01-09 18:47:52"], "total_order": 2, "hotel_value": ["4.4", "4.4"], "hotel_price": ["350", "350"]}, "15330406": {"hotel_name": "7\u5929\u9152\u5e97(\u4e09\u4e9a\u4e9a\u9f99\u6e7e\u666f\u533a\u5e97)", "order_time": ["2019-01-09 18:45:52"], "total_order": 1, "hotel_value": ["4.4"], "hotel_price": ["160"]}, "8057510": {"hotel_name": "\u4e09\u4e9a\u83b2\u5bbf\u9152\u5e97\uff08\u5927\u4e1c\u6d77\u5e97\uff09", "order_time": ["2019-01-09 18:47:51"], "total_order": 1, "hotel_value": ["4.8"], "hotel_price": ["244"]}, "6610953": {"hotel_name": "\u4e09\u4e9a520\u5ba2\u6808", "order_time": ["2019-01-09 18:49:55"], "total_order": 1, "hotel_value": ["4.2"], "hotel_price": ["113"]}, "4836754": {"hotel_name": "\u4e09\u4e9a\u5bcc\u5929\u4e50\u9152\u5e97", "order_time": ["2019-01-09 18:51:45"], "total_order": 1, "hotel_value": ["4.4"], "hotel_price": ["128"]}, "470083": {"hotel_name": "\u6d77\u5357\u96c5\u5c45\u4e50\u83b1\u4f5b\u58eb\u9152\u5e97", "order_time": ["2019-01-09 18:51:47"], "total_order": 1, "hotel_value": ["4.8"], "hotel_price": ["1268"]}, "347462": {"hotel_name": "\u4e09\u4e9a\u6d77\u68e0\u6e7e9\u53f7\u5ea6\u5047\u9152\u5e97", "order_time": ["2019-01-09 18:51:47"], "total_order": 1, "hotel_value": ["4.7"], "hotel_price": ["667"]}, "374842": {"hotel_name": "\u4e09\u4e9a\u6e7e\u6d77\u5c45\u94c2\u5c14\u66fc\u5ea6\u5047\u9152\u5e97", "order_time": ["2019-01-09 18:51:47"], "total_order": 1, "hotel_value": ["4.7"], "hotel_price": ["840"]}, "345082": {"hotel_name": "\u4e09\u4e9a\u6587\u534e\u4e1c\u65b9\u9152\u5e97", "order_time": ["2019-01-09 18:51:47"], "total_order": 1, "hotel_value": ["4.7"], "hotel_price": ["1279"]}, "1415685": {"hotel_name": "\u4e09\u4e9a9\u53f7\u4e3b\u9898\u516c\u5bd3", "order_time": ["2019-01-09 18:51:47"], "total_order": 1, "hotel_value": ["4.9"], "hotel_price": ["298"]}, "17533420": {"hotel_name": "\u4e09\u4e9a\u5927\u4e1c\u6d77\u9152\u5e97", "order_time": ["2019-01-09 18:51:47"], "total_order": 1, "hotel_value": ["4.8"], "hotel_price": ["559"]}, "426360": {"hotel_name": "\u4e09\u4e9a\u67cf\u745e\u7cbe\u54c1\u6d77\u666f\u9152\u5e97", "order_time": ["2019-01-09 18:51:47"], "total_order": 1, "hotel_value": ["4.6"], "hotel_price": ["280"]}, "384973": {"hotel_name": "\u4e09\u4e9a\u6d77\u68e0\u6e7e\u5f00\u7ef4\u4e07\u8fbe\u6587\u534e\u5ea6\u5047\u9152\u5e97", "order_time": ["2019-01-09 18:51:47"], "total_order": 1, "hotel_value": ["4.5"], "hotel_price": ["750"]}, "346713": {"hotel_name": "\u4e09\u4e9a\u534e\u5b9d\u77f3\u5927\u9152\u5e97", "order_time": ["2019-01-09 18:51:48"], "total_order": 1, "hotel_value": ["4.4"], "hotel_price": ["223"]}, "2167754": {"hotel_name": "\u4e09\u4e9a\u4eac\u97f5\u6d77\u666f\u5927\u9152\u5e97", "order_time": ["2019-01-09 18:51:48"], "total_order": 1, "hotel_value": ["4.5"], "hotel_price": ["265"]}, "3197195": {"hotel_name": "\u54ea\u91cc\u90a3\u91cc\u6d77\u5cb8\u7cbe\u54c1\u5ba2\u6808(\u4e09\u4e9a\u4e9a\u9f99\u6e7e\u5e97)", "order_time": ["2019-01-09 18:51:48"], "total_order": 1, "hotel_value": ["4.8"], "hotel_price": ["205"]}, "1648269": {"hotel_name": "\u4e09\u4e9a\u5fc6\u4e61\u4eba\u5c71\u5885\u5ba2\u6808", "order_time": ["2019-01-09 18:51:48"], "total_order": 1, "hotel_value": ["4.5"], "hotel_price": ["173"]}, "9580477": {"hotel_name": "\u5411\u65e5\u8475\u6d77\u5cb8\u5ba2\u6808(\u4e09\u4e9a\u51e4\u51f0\u673a\u573a\u5e97)", "order_time": ["2019-01-09 18:51:49"], "total_order": 1, "hotel_value": ["4.6"], "hotel_price": ["223"]}, "2013175": {"hotel_name": "\u4e09\u4e9a\u5bcc\u65af\u9152\u5e97", "order_time": ["2019-01-09 18:51:49"], "total_order": 1, "hotel_value": ["4.8"], "hotel_price": ["198"]}, "1739015": {"hotel_name": "\u4e09\u4e9a\u9f99\u5174\u83b1\u66fc\u6d77\u666f\u5ea6\u5047\u9152\u5e97", "order_time": ["2019-01-09 18:51:52"], "total_order": 1, "hotel_value": ["4.4"], "hotel_price": ["388"]}, "10900048": {"hotel_name": "\u4e09\u4e9a\u521d\u96e8\u7cbe\u54c1\u5ba2\u6808", "order_time": ["2019-01-09 18:51:53"], "total_order": 1, "hotel_value": ["4.8"], "hotel_price": ["88"]}, "443574": {"hotel_name": "\u4e09\u4e9a\u9f99\u6c90\u6e7e\u6e29\u5fb7\u59c6\u81f3\u5c0a\u8c6a\u5ef7\u5927\u9152\u5e97", "order_time": ["2019-01-09 18:51:53"], "total_order": 1, "hotel_value": ["4.7"], "hotel_price": ["502"]}, "375179": {"hotel_name": "\u4e09\u4e9a\u6e7e\u7ea2\u6811\u6797\u5ea6\u5047\u4e16\u754c(\u6728\u68c9\u9152\u5e97)", "order_time": ["2019-01-09 18:51:53"], "total_order": 1, "hotel_value": ["4.6"], "hotel_price": ["548"]}, "344912": {"hotel_name": "\u4e09\u4e9a\u6d77\u5929\u5927\u9152\u5e97", "order_time": ["2019-01-09 18:51:53"], "total_order": 1, "hotel_value": ["4.6"], "hotel_price": ["350"]}, "6287098": {"hotel_name": "\u4e09\u4e9a\u6ce5\u5bbf\u827a\u672f\u9152\u5e97", "order_time": ["2019-01-09 18:51:53"], "total_order": 1, "hotel_value": ["4.6"], "hotel_price": ["153"]}, "1645771": {"hotel_name": "\u4e09\u4e9a\u68c0\u987a\u5546\u52a1\u9152\u5e97(\u539f\u805a\u946b\u56ed\u5546\u52a1\u9152\u5e97)", "order_time": ["2019-01-09 18:57:55", "2019-01-09 18:53:45"], "total_order": 2, "hotel_value": ["4.2", "4.2"], "hotel_price": ["266", "208"]}, "917373": {"hotel_name": "\u4e09\u4e9a\u8273\u9633\u5929\u5ba2\u6808(\u539f\u6f9c\u60a6\u9633\u5149\u6d77\u666f\u5ba2\u6808)", "order_time": ["2019-01-09 18:53:46"], "total_order": 1, "hotel_value": ["4.6"], "hotel_price": ["76"]}, "15018544": {"hotel_name": "\u4e09\u4e9a\u9047\u89c1\u6d77\u68e0\u522b\u5885\u9152\u5e97", "order_time": ["2019-01-09 18:53:46"], "total_order": 1, "hotel_value": ["4.6"], "hotel_price": ["129"]}, "986446": {"hotel_name": "\u4e09\u4e9a\u4e9a\u9f99\u6e7e\u5c71\u6e56\u6d77\u522b\u5885\u5ea6\u5047\u9152\u5e97", "order_time": ["2019-01-09 18:53:48"], "total_order": 1, "hotel_value": ["4.2"], "hotel_price": ["293"]}, "1720697": {"hotel_name": "\u4e09\u4e9a\u65b0\u5b87\u9152\u5e97", "order_time": ["2019-01-09 18:53:50"], "total_order": 1, "hotel_value": ["4.3"], "hotel_price": ["160"]}, "483075": {"hotel_name": "\u5982\u5bb6\u5feb\u6377\u9152\u5e97(\u4e09\u4e9a\u4e34\u6625\u6cb3\u8def\u767d\u9e6d\u516c\u56ed\u6d77\u666f\u5e97)", "order_time": ["2019-01-09 18:53:53"], "total_order": 1, "hotel_value": ["4.5"], "hotel_price": ["126"]}, "1718704": {"hotel_name": "\u4e09\u4e9a\u7f8e\u4e9a\u5bbe\u9986", "order_time": ["2019-01-09 18:53:55"], "total_order": 1, "hotel_value": ["4.3"], "hotel_price": ["110"]}, "1061299": {"hotel_name": "\u4e09\u4e9aHello Summer\u6d77\u5cb8\u4e3b\u9898\u5ba2\u6808(\u539f\u5de2\u6c50\u827a\u672f\u4e3b\u9898\u9152\u5e97)", "order_time": ["2019-01-09 18:55:53"], "total_order": 1, "hotel_value": ["4.7"], "hotel_price": ["143"]}, "3663230": {"hotel_name": "\u4e09\u4e9a\u534a\u5cad\u6e29\u6cc9\u6d77\u97f5\u522b\u5885\u5ea6\u5047\u9152\u5e97", "order_time": ["2019-01-09 18:57:48"], "total_order": 1, "hotel_value": ["4.9"], "hotel_price": ["5180"]}, "5924618": {"hotel_name": "\u4e9a\u9f99\u6e7e\u4f9d\u5c71\u5c45\u522b\u5885\u9152\u5e97(\u4e09\u4e9a\u9e1f\u5de2\u5e97)(\u539f\u4e9a\u9f99\u6e7e\u82b1\u56ed\u522b\u5885\u9152\u5e97)", "order_time": ["2019-01-09 18:57:54"], "total_order": 1, "hotel_value": ["4.4"], "hotel_price": ["257"]}, "1498102": {"hotel_name": "\u4e09\u4e9a\u5b8c\u7f8e\u5927\u6d77\u5ba2\u6808", "order_time": ["2019-01-09 18:58:01"], "total_order": 1, "hotel_value": ["4.5"], "hotel_price": ["154"]}}}