{"\u5f00\u59cb\u8bb0\u5f55\u65f6\u95f4": "2019-01-16 13:48:18", "\u7ed3\u675f\u8bb0\u5f55\u65f6\u95f4": "2019-01-16 14:48:18", "\u8ba2\u5355\u603b\u589e\u91cf": 233, "item": {"24051573": {"hotel_name": "\u4e09\u4e9a\u6d77\u7720\u827a\u5bbf\u8bbe\u8ba1\u6c11\u5bbf", "order_time": ["2019-01-16 14:36:28", "2019-01-16 13:50:24"], "total_order": 2, "hotel_value": ["4.7", "4.7"], "hotel_price": ["232", "232"]}, "17582744": {"hotel_name": "\u4e09\u4e9aGreen House\u4e3b\u9898\u9152\u5e97", "order_time": ["2019-01-16 13:50:24"], "total_order": 1, "hotel_value": ["4.8"], "hotel_price": ["145"]}, "1598713": {"hotel_name": "\u4e09\u4e9a\u660e\u6708\u697c\u9152\u5e97", "order_time": ["2019-01-16 13:50:24"], "total_order": 1, "hotel_value": ["4.1"], "hotel_price": ["145"]}, "25634977": {"hotel_name": "\u4e09\u4e9a\u827e\u514b\u5a01\u9152\u5e97", "order_time": ["2019-01-16 13:50:25"], "total_order": 1, "hotel_value": ["4.9"], "hotel_price": ["315"]}, "6808599": {"hotel_name": "\u4e09\u4e9a\u5d16\u57ce\u65bd\u987f\u9152\u5e97(\u539f\u65bd\u987f\u8fce\u5bbe\u9986)", "order_time": ["2019-01-16 13:50:25"], "total_order": 1, "hotel_value": ["4.2"], "hotel_price": ["258"]}, "3385222": {"hotel_name": "\u4e09\u4e9a\u6d77\u60a6\u4e1c\u65b9\u9152\u5e97", "order_time": ["2019-01-16 13:50:25"], "total_order": 1, "hotel_value": ["4.3"], "hotel_price": ["105"]}, "428289": {"hotel_name": "\u5982\u5bb6\u5feb\u6377\u9152\u5e97(\u4e09\u4e9a\u89e3\u653e\u8def\u65b0\u98ce\u8857\u4e09\u4e9a\u6e7e\u5e97)", "order_time": ["2019-01-16 14:02:24", "2019-01-16 13:50:25", "2019-01-16 14:36:27"], "total_order": 3, "hotel_value": ["4.3", "4.3", "4.3"], "hotel_price": ["197", "197", "206"]}, "4374867": {"hotel_name": "\u4e09\u4e9a\u53cc\u5927\u56fd\u9645\u9152\u5e97", "order_time": ["2019-01-16 13:50:25"], "total_order": 1, "hotel_value": ["4.5"], "hotel_price": ["432"]}, "486003": {"hotel_name": "\u4e09\u4e9a\u8708\u652f\u6d32\u5c9b\u73ca\u745a\u9152\u5e97", "order_time": ["2019-01-16 14:00:28", "2019-01-16 13:58:26", "2019-01-16 13:50:25", "2019-01-16 13:50:28"], "total_order": 4, "hotel_value": ["4.8", "4.8", "4.8", "4.8"], "hotel_price": ["749", "749", "749", "749"]}, "1185042": {"hotel_name": "\u4e09\u4e9a\u6e7e\u7ea2\u6811\u6797\u5ea6\u5047\u4e16\u754c(\u83e9\u63d0\u9152\u5e97)", "order_time": ["2019-01-16 13:50:25"], "total_order": 1, "hotel_value": ["4.7"], "hotel_price": ["539"]}, "1772127": {"hotel_name": "\u4e09\u4e9a\u6e7e\u7ea2\u6811\u6797\u5ea6\u5047\u4e16\u754c(\u7687\u540e\u68d5\u9152\u5e97)", "order_time": ["2019-01-16 13:50:25"], "total_order": 1, "hotel_value": ["4.7"], "hotel_price": ["633"]}, "6422040": {"hotel_name": "\u4e09\u4e9a\u5317\u65b9\u65c5\u9986", "order_time": ["2019-01-16 13:50:25"], "total_order": 1, "hotel_value": [0], "hotel_price": ["95"]}, "6841281": {"hotel_name": "\u4e09\u4e9a\u60a6\u4fe1\u7f8e\u9ad8\u7f8e\u56fd\u9645\u9152\u5e97", "order_time": ["2019-01-16 13:50:27"], "total_order": 1, "hotel_value": ["4.6"], "hotel_price": ["568"]}, "6446036": {"hotel_name": "\u4e09\u4e9a\u51e4\u51f0\u673a\u573a\u9152\u5e97", "order_time": ["2019-01-16 13:52:24"], "total_order": 1, "hotel_value": ["4.6"], "hotel_price": ["410"]}, "8627044": {"hotel_name": "\u4e09\u4e9a\u4fdd\u5229\u7470\u4e3d\u9152\u5e97", "order_time": ["2019-01-16 14:44:24", "2019-01-16 13:52:24", "2019-01-16 14:40:25", "2019-01-16 14:36:27"], "total_order": 4, "hotel_value": ["4.7", "4.7", "4.7", "4.7"], "hotel_price": ["1609", "1609", "1609", "1609"]}, "436673": {"hotel_name": "\u4e09\u4e9a\u9e7f\u5cad\u6d77\u6e7e\u7ef4\u666f\u56fd\u9645\u5927\u9152\u5e97(\u539f\u4e09\u4e9a\u6d77\u6e7e\u7ef4\u666f\u56fd\u9645\u5927\u9152\u5e97)", "order_time": ["2019-01-16 14:26:26", "2019-01-16 13:52:24", "2019-01-16 14:16:24"], "total_order": 3, "hotel_value": ["4.6", "4.6", "4.6"], "hotel_price": ["426", "370", "370"]}, "3735187": {"hotel_name": "\u4e09\u4e9a\u7406\u6587\u7d22\u83f2\u7279\u5ea6\u5047\u9152\u5e97", "order_time": ["2019-01-16 13:52:24"], "total_order": 1, "hotel_value": ["4.6"], "hotel_price": ["757"]}, "879235": {"hotel_name": "Q\u52a0\u00b7\u4e09\u4e9a\u591a\u4e50\u5c45\u5bb6\u5ead\u6d77\u666f\u516c\u5bd3", "order_time": ["2019-01-16 14:44:24", "2019-01-16 13:52:24"], "total_order": 2, "hotel_value": ["4.7", "4.7"], "hotel_price": ["163", "163"]}, "345069": {"hotel_name": "\u4e09\u4e9a\u6d77\u68e0\u6e7e\u4e07\u8fbe\u5e0c\u5c14\u987f\u9038\u6797\u5ea6\u5047\u9152\u5e97", "order_time": ["2019-01-16 13:52:24"], "total_order": 1, "hotel_value": ["4.5"], "hotel_price": ["631"]}, "7864205": {"hotel_name": "\u65f6\u4ee3\u5927\u6811\u5ea6\u5047\u9152\u5e97(\u4e09\u4e9a\u7f8e\u4e3d\u4e4b\u51a0\u5e97)(\u539f\u7f8e\u4e3d\u4e4b\u51a0\u5927\u6811\u5ea6\u5047\u9152\u5e97)", "order_time": ["2019-01-16 13:52:24"], "total_order": 1, "hotel_value": ["4.7"], "hotel_price": ["193"]}, "375179": {"hotel_name": "\u4e09\u4e9a\u6e7e\u7ea2\u6811\u6797\u5ea6\u5047\u4e16\u754c(\u6728\u68c9\u9152\u5e97)", "order_time": ["2019-01-16 13:52:24"], "total_order": 1, "hotel_value": ["4.6"], "hotel_price": ["536"]}, "454362": {"hotel_name": "\u4e09\u4e9a\u4ebf\u6e90\u8f69\u5b87\u5927\u9152\u5e97", "order_time": ["2019-01-16 13:52:24"], "total_order": 1, "hotel_value": ["4.6"], "hotel_price": ["423"]}, "17532545": {"hotel_name": "\u4e09\u4e9a\u91d1\u90fd\u6d77\u666f\u9152\u5e97", "order_time": ["2019-01-16 13:52:26"], "total_order": 1, "hotel_value": [0], "hotel_price": ["309"]}, "26623643": {"hotel_name": "\u9047\u89c1\u6f2b\u65f6\u5149\u5ea6\u5047\u6d0b\u623f\u522b\u5885", "order_time": ["2019-01-16 13:52:27"], "total_order": 1, "hotel_value": [0], "hotel_price": ["552"]}, "10821256": {"hotel_name": "\u4e09\u4e9a\u9752\u79be\u53f6\u82b1\u56ed\u522b\u5885", "order_time": ["2019-01-16 13:54:24", "2019-01-16 14:02:24"], "total_order": 2, "hotel_value": ["4.8", "4.8"], "hotel_price": ["252", "252"]}, "1208108": {"hotel_name": "\u6d77\u77e5\u6cc9\u5ea6\u5047\u516c\u5bd3(\u4e09\u4e9a\u51e4\u51f0\u6c34\u57ce\u5e97)", "order_time": ["2019-01-16 13:54:24", "2019-01-16 14:04:23"], "total_order": 2, "hotel_value": ["4.6", "4.6"], "hotel_price": ["183", "183"]}, "643764": {"hotel_name": "\u6d77\u5357\u96c5\u5c45\u4e50\u65c5\u5bb6\u5ea6\u5047\u9152\u5e97", "order_time": ["2019-01-16 13:54:24"], "total_order": 1, "hotel_value": ["4.3"], "hotel_price": ["262"]}, "1377449": {"hotel_name": "Q\u52a0\u00b7\u4e09\u4e9a\u51e4\u51f0\u5c9b\u60a6\u4f73\u6d77\u4e0a\u516c\u5bd3", "order_time": ["2019-01-16 13:54:24"], "total_order": 1, "hotel_value": ["4.7"], "hotel_price": ["404"]}, "1415685": {"hotel_name": "\u4e09\u4e9a9\u53f7\u4e3b\u9898\u516c\u5bd3", "order_time": ["2019-01-16 13:54:24"], "total_order": 1, "hotel_value": ["4.9"], "hotel_price": ["226"]}, "374842": {"hotel_name": "\u4e09\u4e9a\u6e7e\u6d77\u5c45\u94c2\u5c14\u66fc\u5ea6\u5047\u9152\u5e97", "order_time": ["2019-01-16 13:54:24"], "total_order": 1, "hotel_value": ["4.7"], "hotel_price": ["840"]}, "371722": {"hotel_name": "\u4e09\u4e9a\u4e9a\u9f99\u6e7e\u91d1\u68d5\u6988\u5ea6\u5047\u9152\u5e97", "order_time": ["2019-01-16 13:54:24"], "total_order": 1, "hotel_value": ["4.6"], "hotel_price": ["456"]}, "17533420": {"hotel_name": "\u4e09\u4e9a\u5927\u4e1c\u6d77\u9152\u5e97", "order_time": ["2019-01-16 13:54:25"], "total_order": 1, "hotel_value": ["4.8"], "hotel_price": ["439"]}, "353871": {"hotel_name": "\u4e09\u4e9a\u7ef4\u666f\u56fd\u9645\u5ea6\u5047\u9152\u5e97", "order_time": ["2019-01-16 13:54:25"], "total_order": 1, "hotel_value": ["4.8"], "hotel_price": ["638"]}, "1303364": {"hotel_name": "\u53cb\u5bb6\u5ea6\u5047\u516c\u5bd3(\u4e09\u4e9a\u4e9a\u9f99\u6e7e\u7533\u4e9a\u7fe1\u7fe0\u8c37\u5e97)", "order_time": ["2019-01-16 13:54:25"], "total_order": 1, "hotel_value": ["4.6"], "hotel_price": ["185"]}, "429615": {"hotel_name": "\u4e09\u4e9a\u4e9a\u9f99\u6e7e\u541b\u6f9c\u5ea6\u5047\u9152\u5e97(\u539f\u5047\u65e5\u5ea6\u5047\u9152\u5e97)", "order_time": ["2019-01-16 14:22:25", "2019-01-16 13:58:26", "2019-01-16 13:54:25"], "total_order": 3, "hotel_value": ["4.5", "4.5", "4.5"], "hotel_price": ["640", "640", "640"]}, "28366169": {"hotel_name": "7\u5929\u4f18\u54c1\u9152\u5e97(\u4e09\u4e9a\u6e7e\u6d77\u6708\u5e7f\u573a\u6d77\u666f\u5e97)", "order_time": ["2019-01-16 14:06:24", "2019-01-16 13:54:25"], "total_order": 2, "hotel_value": ["4.8", "4.8"], "hotel_price": ["161", "161"]}, "895576": {"hotel_name": "7\u5929\u8fde\u9501\u9152\u5e97(\u4e09\u4e9a\u5927\u4e1c\u6d77\u5e97)", "order_time": ["2019-01-16 14:06:24", "2019-01-16 13:54:25"], "total_order": 2, "hotel_value": ["4.5", "4.5"], "hotel_price": ["148", "148"]}, "3041884": {"hotel_name": "\u4e09\u4e9a\u4e3d\u79be\u6e29\u5fb7\u59c6\u9152\u5e97", "order_time": ["2019-01-16 14:00:28", "2019-01-16 13:56:23"], "total_order": 2, "hotel_value": ["4.8", "4.8"], "hotel_price": ["730", "730"]}, "4841285": {"hotel_name": "\u4e09\u4e9a\u7c73\u7b1b\u5c0f\u65c5", "order_time": ["2019-01-16 14:00:28", "2019-01-16 13:56:23"], "total_order": 2, "hotel_value": ["4.8", "4.8"], "hotel_price": ["48", "48"]}, "2083899": {"hotel_name": "\u4e09\u4e9a\u6d77\u68e0\u6e7e\u542c\u6d9b\u5c0f\u7b51\u5ba2\u6808(\u539f\u8def\u6613\u9152\u5e97)", "order_time": ["2019-01-16 13:56:23"], "total_order": 1, "hotel_value": ["4.6"], "hotel_price": ["58"]}, "346754": {"hotel_name": "\u4e09\u4e9a\u534a\u5c71\u534a\u5c9b\u6d32\u9645\u5ea6\u5047\u9152\u5e97", "order_time": ["2019-01-16 14:14:24", "2019-01-16 13:56:24", "2019-01-16 14:18:23", "2019-01-16 14:04:23"], "total_order": 4, "hotel_value": ["4.6", "4.6", "4.6", "4.6"], "hotel_price": ["799", "799", "799", "799"]}, "3180637": {"hotel_name": "\u4e09\u4e9a\u9752\u827a\u672f\u96c5\u7b51\u5ba2\u6808(\u4e09\u4e9a\u6e7e\u5e97)", "order_time": ["2019-01-16 14:04:24", "2019-01-16 13:56:24", "2019-01-16 14:06:24", "2019-01-16 14:12:24"], "total_order": 4, "hotel_value": ["4.8", "4.8", "4.8", "4.8"], "hotel_price": ["116", "116", "116", "116"]}, "15226316": {"hotel_name": "TOWO\u4e0a\u54c1\u9152\u5e97(\u4e09\u4e9a\u6e7e\u5e97)", "order_time": ["2019-01-16 13:56:24"], "total_order": 1, "hotel_value": ["4.7"], "hotel_price": ["183"]}, "8589084": {"hotel_name": "\u4e09\u4e9a\u51e4\u51f0\u7f8e\u4e3d\u5927\u9152\u5e97", "order_time": ["2019-01-16 13:56:24"], "total_order": 1, "hotel_value": ["4.8"], "hotel_price": ["160"]}, "976249": {"hotel_name": "\u54ea\u91cc\u90a3\u91cc\u6d77\u5cb8\u7cbe\u54c1\u5ba2\u6808(\u4e09\u4e9a\u5927\u4e1c\u6d77\u5e97)", "order_time": ["2019-01-16 14:24:26", "2019-01-16 13:56:24"], "total_order": 2, "hotel_value": ["4.8", "4.8"], "hotel_price": ["187", "187"]}, "443574": {"hotel_name": "\u4e09\u4e9a\u9f99\u6c90\u6e7e\u6e29\u5fb7\u59c6\u81f3\u5c0a\u8c6a\u5ef7\u5927\u9152\u5e97", "order_time": ["2019-01-16 13:56:24", "2019-01-16 14:26:27"], "total_order": 2, "hotel_value": ["4.7", "4.7"], "hotel_price": ["532", "530"]}, "13975638": {"hotel_name": "\u4e09\u4e9a\u9b45\u84dd\u4e4b\u591c\u4e3b\u9898\u9152\u5e97", "order_time": ["2019-01-16 14:44:24", "2019-01-16 13:56:24", "2019-01-16 14:36:27"], "total_order": 3, "hotel_value": ["4.8", "4.8", "4.8"], "hotel_price": ["139", "139", "139"]}, "15342894": {"hotel_name": "\u4e09\u4e9a\u542c\u6d77\u8d77\u70b9\u9752\u65c5", "order_time": ["2019-01-16 13:56:24"], "total_order": 1, "hotel_value": ["3.9"], "hotel_price": ["44"]}, "436675": {"hotel_name": "\u4e09\u4e9a\u5927\u4e1c\u6d77\u541b\u4ead\u9152\u5e97", "order_time": ["2019-01-16 13:58:25"], "total_order": 1, "hotel_value": ["4.8"], "hotel_price": ["330"]}, "371696": {"hotel_name": "\u4e09\u4e9a\u590f\u5a01\u5937\u5927\u9152\u5e97", "order_time": ["2019-01-16 14:46:25", "2019-01-16 13:58:25"], "total_order": 2, "hotel_value": ["4.4", "4.4"], "hotel_price": ["280", "280"]}, "436677": {"hotel_name": "\u4e09\u4e9a\u4e3d\u666f\u6d77\u6e7e\u9152\u5e97", "order_time": ["2019-01-16 13:58:25"], "total_order": 1, "hotel_value": ["4.6"], "hotel_price": ["315"]}, "470083": {"hotel_name": "\u6d77\u5357\u96c5\u5c45\u4e50\u83b1\u4f5b\u58eb\u9152\u5e97", "order_time": ["2019-01-16 13:58:25"], "total_order": 1, "hotel_value": ["4.8"], "hotel_price": ["988"]}, "347462": {"hotel_name": "\u4e09\u4e9a\u6d77\u68e0\u6e7e9\u53f7\u5ea6\u5047\u9152\u5e97", "order_time": ["2019-01-16 13:58:25"], "total_order": 1, "hotel_value": ["4.7"], "hotel_price": ["700"]}, "15717524": {"hotel_name": "\u8d30\u53f7\u8bbe\u8ba1\u9152\u5e97(\u4e09\u4e9a\u51e4\u51f0\u673a\u573a\u5e97)", "order_time": ["2019-01-16 13:58:25"], "total_order": 1, "hotel_value": ["4.6"], "hotel_price": ["219"]}, "6541448": {"hotel_name": "\u4e09\u4e9a\u745e\u6cf0\u660e\u73e0\u9152\u5e97(\u51e4\u51f0\u673a\u573a\u5e97)", "order_time": ["2019-01-16 13:58:26"], "total_order": 1, "hotel_value": ["4.6"], "hotel_price": ["209"]}, "6075238": {"hotel_name": "\u4e09\u4e9a\u8fdc\u6d0b\u6d77\u666f\u5957\u623f\u5ea6\u5047\u516c\u9986(\u539f\u8fdc\u6d0b\u516c\u9986\u6d77\u666f\u5ea6\u5047\u4e2d\u5fc3)", "order_time": ["2019-01-16 14:08:26", "2019-01-16 13:58:26"], "total_order": 2, "hotel_value": ["4.8", "4.8"], "hotel_price": ["422", "422"]}, "1687513": {"hotel_name": "\u4e09\u4e9a\u73c2\u7532\u6d77\u666f\u5ea6\u5047\u516c\u5bd3", "order_time": ["2019-01-16 13:58:26"], "total_order": 1, "hotel_value": ["4.5"], "hotel_price": ["315"]}, "1583257": {"hotel_name": "\u4e09\u4e9a\u559c\u798f\u65af\u9152\u5e97", "order_time": ["2019-01-16 14:00:28", "2019-01-16 14:38:25"], "total_order": 2, "hotel_value": ["4.0", "4.0"], "hotel_price": ["145", "145"]}, "6261136": {"hotel_name": "\u7ef4\u4e5f\u7eb3\u9152\u5e97(\u4e09\u4e9a\u4e9a\u9f99\u6e7e\u5343\u53e4\u60c5\u5e97)", "order_time": ["2019-01-16 14:00:28"], "total_order": 1, "hotel_value": ["4.8"], "hotel_price": ["296"]}, "2705938": {"hotel_name": "\u4e09\u4e9a\u514b\u62c9\u5c14\u9152\u5e97\u00b7\u6d77\u5cb8\u7cbe\u9009", "order_time": ["2019-01-16 14:00:28"], "total_order": 1, "hotel_value": ["4.7"], "hotel_price": ["148"]}, "4371952": {"hotel_name": "\u4e09\u4e9a\u534e\u5b87\u4e9a\u9f99\u6e7e\u8fce\u5bbe\u9986", "order_time": ["2019-01-16 14:00:28", "2019-01-16 14:32:24"], "total_order": 2, "hotel_value": ["4.7", "4.7"], "hotel_price": ["759", "759"]}, "1019767": {"hotel_name": "\u6d77\u820d\u79c1\u4eba\u8ba2\u5236\u9152\u5e97(\u4e09\u4e9a\u8708\u652f\u6d32\u5c9b\u5e97)", "order_time": ["2019-01-16 14:00:28"], "total_order": 1, "hotel_value": ["4.4"], "hotel_price": ["381"]}, "346664": {"hotel_name": "\u4e09\u4e9a\u541b\u7136\u6e29\u6cc9\u5ea6\u5047\u9152\u5e97", "order_time": ["2019-01-16 14:00:28"], "total_order": 1, "hotel_value": ["4.5"], "hotel_price": ["250"]}, "2260152": {"hotel_name": "\u4e09\u4e9a\u51e4\u51f0\u56fd\u9645\u673a\u573a100\u5ba2\u6808", "order_time": ["2019-01-16 14:00:30"], "total_order": 1, "hotel_value": ["4.4"], "hotel_price": ["121"]}, "23918136": {"hotel_name": "\u4e09\u4e9a\u9999\u6c34\u6e7e\u963f\u5c14\u5361\u8fea\u4e9a\u5ea6\u5047\u9152\u5e97", "order_time": ["2019-01-16 14:02:24"], "total_order": 1, "hotel_value": ["4.6"], "hotel_price": ["558"]}, "6375656": {"hotel_name": "\u4e09\u4e9a\u99a8\u7f8e\u6d77\u666f\u5ea6\u5047\u516c\u5bd3", "order_time": ["2019-01-16 14:02:24"], "total_order": 1, "hotel_value": ["4.7"], "hotel_price": ["241"]}, "1137078": {"hotel_name": "\u6d77\u5357\u6e05\u6c34\u6e7e\u5047\u65e5\u5ea6\u5047\u9152\u5e97", "order_time": ["2019-01-16 14:38:25", "2019-01-16 14:02:24"], "total_order": 2, "hotel_value": ["4.7", "4.7"], "hotel_price": ["493", "493"]}, "8530756": {"hotel_name": "\u5927\u6811\u6811\u5b9d\u9152\u5e97\u516c\u5bd3(\u4e09\u4e9a\u7f8e\u4e3d\u4e4b\u51a0\u5e97)", "order_time": ["2019-01-16 14:06:23", "2019-01-16 14:02:25", "2019-01-16 14:32:23", "2019-01-16 14:12:24"], "total_order": 4, "hotel_value": ["4.7", "4.7", "4.7", "4.7"], "hotel_price": ["218", "218", "218", "218"]}, "910293": {"hotel_name": "\u4e09\u4e9a\u4e9a\u9f99\u6e7e\u68a6\u65c5\u4eba\u5ba2\u6808", "order_time": ["2019-01-16 14:02:25"], "total_order": 1, "hotel_value": ["4.9"], "hotel_price": ["110"]}, "427279": {"hotel_name": "\u4e09\u4e9a\u5357\u5c71\u8fce\u5bbe\u9986", "order_time": ["2019-01-16 14:04:23"], "total_order": 1, "hotel_value": ["4.6"], "hotel_price": ["609"]}, "24609830": {"hotel_name": "\u4e09\u4e9a\u6d77\u68e0\u6e7e\u5c0f\u68e0\u522b\u9662\u827a\u672f\u6c11\u5bbf", "order_time": ["2019-01-16 14:04:23"], "total_order": 1, "hotel_value": ["4.8"], "hotel_price": ["367"]}, "4388404": {"hotel_name": "\u4e09\u4e9a\u7f8e\u4e3d\u4e4b\u51a0\u5927\u6811\u9152\u5e97", "order_time": ["2019-01-16 14:26:27", "2019-01-16 14:04:23"], "total_order": 2, "hotel_value": ["4.3", "4.3"], "hotel_price": ["242", "242"]}, "643641": {"hotel_name": "\u4e09\u4e9a\u51e4\u51f0\u673a\u573a\u6d77\u822a\u5feb\u6377\u9152\u5e97", "order_time": ["2019-01-16 14:04:23"], "total_order": 1, "hotel_value": ["4.1"], "hotel_price": ["208"]}, "707593": {"hotel_name": "\u4e09\u4e9a\u51e4\u51f0\u5c9b\u6d77\u6d0b\u4e4b\u661f\u5ea6\u5047\u9152\u5e97", "order_time": ["2019-01-16 14:04:24", "2019-01-16 14:08:24"], "total_order": 2, "hotel_value": ["4.7", "4.7"], "hotel_price": ["482", "482"]}, "17140010": {"hotel_name": "\u4e09\u4e9a\u60a6\u670b\u00b7\u6d77\u534a\u95f4\u4eba\u6587\u8bbe\u8ba1\u6d77\u666f\u9152\u5e97", "order_time": ["2019-01-16 14:04:24", "2019-01-16 14:26:27", "2019-01-16 14:32:24"], "total_order": 3, "hotel_value": ["4.8", "4.8", "4.8"], "hotel_price": ["250", "250", "250"]}, "470577": {"hotel_name": "\u4e09\u4e9a\u5357\u5c71\u4f11\u95f2\u4f1a\u9986\u7985\u4fee\u4e3b\u9898", "order_time": ["2019-01-16 14:06:23"], "total_order": 1, "hotel_value": ["4.5"], "hotel_price": ["1228"]}, "9626476": {"hotel_name": "\u4e09\u4e9a\u67ab\u6797\u665a\u667a\u6167\u4e3b\u9898\u9152\u5e97\u51e4\u51f0\u673a\u573a\u5e97", "order_time": ["2019-01-16 14:06:25"], "total_order": 1, "hotel_value": ["4.8"], "hotel_price": ["202"]}, "2091425": {"hotel_name": "\u4e09\u4e9a\u7965\u548c\u9152\u5e97", "order_time": ["2019-01-16 14:06:25"], "total_order": 1, "hotel_value": ["4.5"], "hotel_price": ["175"]}, "1700938": {"hotel_name": "\u4e09\u4e9a\u541b\u4e34\u5047\u65e5\u9152\u5e97", "order_time": ["2019-01-16 14:08:23"], "total_order": 1, "hotel_value": ["4.5"], "hotel_price": ["107"]}, "428330": {"hotel_name": "\u7231\u4e3d\u9152\u5e97(\u4e09\u4e9a\u5e97)", "order_time": ["2019-01-16 14:08:23"], "total_order": 1, "hotel_value": ["4.5"], "hotel_price": ["108"]}, "447842": {"hotel_name": "\u4e09\u4e9a\u666f\u5229\u83b1\u5ea6\u5047\u9152\u5e97", "order_time": ["2019-01-16 14:08:23"], "total_order": 1, "hotel_value": ["4.4"], "hotel_price": ["232"]}, "21634169": {"hotel_name": "\u7f18\u7b51\u00b7\u4e09\u4e9a\u6162\u70b9\u5ea6\u5047\u516c\u5bd3(\u64ce\u5929\u534a\u5c9b\u5e97)", "order_time": ["2019-01-16 14:08:24"], "total_order": 1, "hotel_value": ["4.7"], "hotel_price": ["190"]}, "17292860": {"hotel_name": "\u4e09\u4e9a\u6d77\u68e0\u6e7e\u6155\u820d\u96ea\u83b1\u6d0b\u623f\u522b\u5885", "order_time": ["2019-01-16 14:08:24"], "total_order": 1, "hotel_value": ["4.8"], "hotel_price": ["576"]}, "6639583": {"hotel_name": "\u4e09\u4e9a\u6d77\u7eb3\u6377\u7cbe\u54c1\u5ba2\u6808\uff08\u4e9a\u9f99\u6e7e\u5e97\uff09", "order_time": ["2019-01-16 14:08:24"], "total_order": 1, "hotel_value": ["4.5"], "hotel_price": ["194"]}, "469109": {"hotel_name": "\u4e09\u4e9a\u7720\u901f\u00b7\u4f18\u516c\u5bd3(\u539f18\u00b0\u9633\u5149\u5ea6\u5047\u516c\u5bd3)", "order_time": ["2019-01-16 14:08:24", "2019-01-16 14:38:25"], "total_order": 2, "hotel_value": ["4.8", "4.8"], "hotel_price": ["117", "117"]}, "1486685": {"hotel_name": "\u4e09\u4e9a\u51e4\u51f0\u5c9b\u5ea6\u5047\u9152\u5e97", "order_time": ["2019-01-16 14:14:24", "2019-01-16 14:32:24", "2019-01-16 14:10:24", "2019-01-16 14:16:29"], "total_order": 4, "hotel_value": ["4.7", "4.7", "4.7", "4.7"], "hotel_price": ["1098", "1098", "1098", "1098"]}, "896368": {"hotel_name": "\u4e09\u4e9a\u90a3\u8fb9\u6d77\u6d77\u666f\u5ea6\u5047\u516c\u5bd3", "order_time": ["2019-01-16 14:10:24"], "total_order": 1, "hotel_value": ["4.8"], "hotel_price": ["295"]}, "6287098": {"hotel_name": "\u4e09\u4e9a\u6ce5\u5bbf\u827a\u672f\u9152\u5e97", "order_time": ["2019-01-16 14:10:24"], "total_order": 1, "hotel_value": ["4.5"], "hotel_price": ["168"]}, "28273535": {"hotel_name": "\u4e09\u4e9a\u6d77\u89d2\u4e1c\u5cb3\u5c71\u5e84", "order_time": ["2019-01-16 14:10:24"], "total_order": 1, "hotel_value": [0], "hotel_price": ["99"]}, "25647873": {"hotel_name": "\u4e09\u4e9a\u5bbf\u989c\u7cbe\u9009\u5ea6\u5047\u9152\u5e97", "order_time": ["2019-01-16 14:10:25"], "total_order": 1, "hotel_value": ["4.7"], "hotel_price": ["142"]}, "4844826": {"hotel_name": "\u4e09\u4e9a\u5343\u767e\u987a\u516c\u5bd3", "order_time": ["2019-01-16 14:10:26"], "total_order": 1, "hotel_value": [0], "hotel_price": ["79"]}, "345080": {"hotel_name": "\u4e09\u4e9a\u4e9a\u9f99\u6e7e\u559c\u6765\u767b\u5ea6\u5047\u9152\u5e97", "order_time": ["2019-01-16 14:12:24"], "total_order": 1, "hotel_value": ["4.6"], "hotel_price": ["1051"]}, "24863062": {"hotel_name": "\u4e09\u4e9a\u8046\u6d77\u5c0f\u5885\u65c5\u79df", "order_time": ["2019-01-16 14:12:24"], "total_order": 1, "hotel_value": ["4.8"], "hotel_price": ["151"]}, "4638068": {"hotel_name": "\u7559\u4e00\u95f4\u7cbe\u54c1\u9152\u5e97(\u4e09\u4e9a\u6e7e\u51e4\u51f0\u673a\u573a\u5e97)", "order_time": ["2019-01-16 14:12:25"], "total_order": 1, "hotel_value": ["4.3"], "hotel_price": ["184"]}, "26449232": {"hotel_name": "\u4e09\u4e9a\u65e5\u5915\u5885\u6c11\u5bbf", "order_time": ["2019-01-16 14:12:25"], "total_order": 1, "hotel_value": ["4.9"], "hotel_price": ["252"]}, "2880019": {"hotel_name": "\u4e09\u4e9a\u661f\u6708\u6d77\u666f\u5ea6\u5047\u516c\u5bd3", "order_time": ["2019-01-16 14:12:26"], "total_order": 1, "hotel_value": ["4.9"], "hotel_price": ["282"]}, "346775": {"hotel_name": "\u4e09\u4e9a\u4e9a\u9f99\u6e7e\u73af\u7403\u57ce\u5927\u9152\u5e97", "order_time": ["2019-01-16 14:14:23", "2019-01-16 14:32:24"], "total_order": 2, "hotel_value": ["4.2", "4.2"], "hotel_price": ["399", "399"]}, "1701208": {"hotel_name": "\u4e09\u4e9a8\u6beb\u7c73\u6d77\u666f\u5ba2\u6808", "order_time": ["2019-01-16 14:14:23"], "total_order": 1, "hotel_value": ["4.4"], "hotel_price": ["257"]}, "436690": {"hotel_name": "\u4e09\u4e9a\u8708\u652f\u6d32\u5c9b\u73ca\u745a\u9152\u5e97\u6728\u5c4b", "order_time": ["2019-01-16 14:14:24"], "total_order": 1, "hotel_value": ["4.6"], "hotel_price": ["782"]}, "6420180": {"hotel_name": "\u4e09\u4e9a\u98d8\u6d77\u666f\u4e3b\u9898\u5ba2\u6808", "order_time": ["2019-01-16 14:14:26"], "total_order": 1, "hotel_value": ["4.8"], "hotel_price": ["153"]}, "6331979": {"hotel_name": "\u4e09\u4e9a\u6d77\u68e0\u6e7e\u7ea2\u6811\u6797\u5ea6\u5047\u9152\u5e97", "order_time": ["2019-01-16 14:16:24"], "total_order": 1, "hotel_value": ["4.6"], "hotel_price": ["939"]}, "1017179": {"hotel_name": "\u4e09\u4e9a\u5361\u7eb3\u6d77\u5cb8\u827a\u672f\u5ba2\u6808", "order_time": ["2019-01-16 14:16:24"], "total_order": 1, "hotel_value": ["4.9"], "hotel_price": ["199"]}, "1682691": {"hotel_name": "\u4e09\u4e9a\u4eac\u6d77\u56fd\u9645\u5047\u65e5\u9152\u5e97", "order_time": ["2019-01-16 14:16:29"], "total_order": 1, "hotel_value": ["4.6"], "hotel_price": ["673"]}, "14999032": {"hotel_name": "\u4e09\u4e9a\u4e9a\u9f99\u6e7e\u6d6e\u751f\u82e5\u5bbf\u8bbe\u8ba1\u6c11\u5bbf", "order_time": ["2019-01-16 14:18:23"], "total_order": 1, "hotel_value": ["4.9"], "hotel_price": ["457"]}, "4656822": {"hotel_name": "\u4e45\u6816\u00b7\u4e09\u4e9a\u6d77\u84dd\u84dd\u6d77\u666f\u6c11\u5bbf", "order_time": ["2019-01-16 14:18:24"], "total_order": 1, "hotel_value": ["4.6"], "hotel_price": ["153"]}, "431932": {"hotel_name": "\u4e09\u4e9a\u94f6\u97f5\u6d77\u666f\u5ea6\u5047\u9152\u5e97", "order_time": ["2019-01-16 14:18:26"], "total_order": 1, "hotel_value": ["4.7"], "hotel_price": ["200"]}, "8504245": {"hotel_name": "\u90b8\u8bfa\u5171\u4eab\u522b\u5885\u516c\u5bd3(\u4e09\u4e9a\u4e9a\u9f99\u6e7e\u5e97)", "order_time": ["2019-01-16 14:20:24"], "total_order": 1, "hotel_value": ["4.7"], "hotel_price": ["355"]}, "9152102": {"hotel_name": "\u4e09\u4e9a\u6d77\u68e0\u6e7e\u5982\u4f73\u5bbe\u9986\u8fde\u9501\u5e97", "order_time": ["2019-01-16 14:20:25"], "total_order": 1, "hotel_value": ["4.4"], "hotel_price": ["115"]}, "450326": {"hotel_name": "\u6c49\u5ead\u9152\u5e97(\u4e09\u4e9a\u4e2d\u5fc3\u5e97)(\u539f\u767d\u9e6d\u516c\u56ed\u5e97)", "order_time": ["2019-01-16 14:20:25"], "total_order": 1, "hotel_value": ["4.0"], "hotel_price": ["180"]}, "430981": {"hotel_name": "\u5982\u5bb6\u5feb\u6377\u9152\u5e97(\u4e09\u4e9a\u89e3\u653e\u8def\u660e\u73e0\u5e7f\u573a\u8d2d\u7269\u4e2d\u5fc3\u5e97)", "order_time": ["2019-01-16 14:20:26"], "total_order": 1, "hotel_value": ["4.6"], "hotel_price": ["140"]}, "986446": {"hotel_name": "\u4e09\u4e9a\u4e9a\u9f99\u6e7e\u5c71\u6e56\u6d77\u522b\u5885\u5ea6\u5047\u9152\u5e97", "order_time": ["2019-01-16 14:22:25", "2019-01-16 14:38:25", "2019-01-16 14:28:24"], "total_order": 3, "hotel_value": ["4.2", "4.2", "4.2"], "hotel_price": ["293", "293", "293"]}, "2021754": {"hotel_name": "\u4e09\u4e9a\u4fdd\u5229\u5929\u827a\u51e4\u51f0\u9152\u5e97", "order_time": ["2019-01-16 14:22:25"], "total_order": 1, "hotel_value": ["4.4"], "hotel_price": ["317"]}, "28710421": {"hotel_name": "\u4e09\u4e9a\u8fce\u5bbf\u4e3b\u9898\u9152\u5e97", "order_time": ["2019-01-16 14:22:25"], "total_order": 1, "hotel_value": ["5.0"], "hotel_price": ["93"]}, "6402325": {"hotel_name": "\u4e09\u4e9a\u7b49\u82b1\u513f\u5f00\u827a\u672f\u6c11\u5bbf", "order_time": ["2019-01-16 14:22:25"], "total_order": 1, "hotel_value": ["4.7"], "hotel_price": ["107"]}, "6395268": {"hotel_name": "\u4e09\u4e9a\u60a6\u6d77\u5ea6\u5047\u6d0b\u623f\u522b\u5885", "order_time": ["2019-01-16 14:22:25"], "total_order": 1, "hotel_value": ["4.7"], "hotel_price": ["388"]}, "12671479": {"hotel_name": "\u4e09\u4e9a\u6da6\u5fb7\u6e7f\u5730\u516c\u56ed\u9152\u5e97", "order_time": ["2019-01-16 14:40:25", "2019-01-16 14:22:26"], "total_order": 2, "hotel_value": ["4.7", "4.7"], "hotel_price": ["550", "550"]}, "346702": {"hotel_name": "\u4e09\u4e9a\u8fb0\u5149\u514b\u62c9\u7801\u5934\u9152\u5e97", "order_time": ["2019-01-16 14:22:26"], "total_order": 1, "hotel_value": ["4.6"], "hotel_price": ["427"]}, "12104544": {"hotel_name": "\u60a6\u746d\u00b7\u4e09\u4e9a\u6d77\u7cbe\u9009\u9152\u5e97", "order_time": ["2019-01-16 14:30:24", "2019-01-16 14:22:26"], "total_order": 2, "hotel_value": ["4.7", "4.7"], "hotel_price": ["214", "214"]}, "6975552": {"hotel_name": "\u89c2\u5c71\u4f34\u6d77\u5ba2\u6808(\u4e09\u4e9a\u5927\u83e0\u841d\u5e97)", "order_time": ["2019-01-16 14:22:26"], "total_order": 1, "hotel_value": ["4.3"], "hotel_price": ["214"]}, "345095": {"hotel_name": "\u4e09\u4e9a\u9ece\u5ba2\u56fd\u9645\u9152\u5e97", "order_time": ["2019-01-16 14:24:25"], "total_order": 1, "hotel_value": ["4.4"], "hotel_price": ["382"]}, "15717224": {"hotel_name": "\u5fc6\u8bed\u6d41\u5e74\u7cbe\u54c1\u6c11\u5bbf", "order_time": ["2019-01-16 14:24:25"], "total_order": 1, "hotel_value": ["4.8"], "hotel_price": ["165"]}, "3292125": {"hotel_name": "\u4e09\u4e9a\u5927\u4e1c\u6d77\u4e50\u5de2\u6d77\u666f\u5ba2\u6808", "order_time": ["2019-01-16 14:24:26"], "total_order": 1, "hotel_value": ["4.6"], "hotel_price": ["191"]}, "2220704": {"hotel_name": "\u4e09\u4e9a\u827e\u5f17\u745e\u56fd\u9645\u5ea6\u5047\u516c\u5bd3", "order_time": ["2019-01-16 14:24:26"], "total_order": 1, "hotel_value": ["4.7"], "hotel_price": ["220"]}, "3290149": {"hotel_name": "\u4e09\u4e9a\u5b9d\u76db\u7cbe\u54c1\u5927\u9152\u5e97(\u539f\u5b9d\u76db\u6d77\u666f\u5927\u9152\u5e97)", "order_time": ["2019-01-16 14:24:26"], "total_order": 1, "hotel_value": ["4.1"], "hotel_price": ["219"]}, "6327433": {"hotel_name": "\u4e09\u4e9a\u9999\u6c34\u6e7e\u8363\u9038\u6e29\u60c5\u9152\u5e97", "order_time": ["2019-01-16 14:24:26"], "total_order": 1, "hotel_value": ["4.7"], "hotel_price": ["356"]}, "481437": {"hotel_name": "\u9526\u6c5f\u4e4b\u661f(\u4e09\u4e9a\u89e3\u653e\u8def\u5e97)", "order_time": ["2019-01-16 14:24:26"], "total_order": 1, "hotel_value": ["4.6"], "hotel_price": ["185"]}, "608360": {"hotel_name": "\u65b0\u5174\u82b1\u56ed\u5927\u9152\u5e97(\u4e09\u4e9a\u6e7e\u5e97)", "order_time": ["2019-01-16 14:24:26"], "total_order": 1, "hotel_value": ["3.9"], "hotel_price": ["186"]}, "14119383": {"hotel_name": "\u4e09\u4e9a\u6734\u5bbf\u8bbe\u8ba1\u6c11\u5bbf", "order_time": ["2019-01-16 14:24:26"], "total_order": 1, "hotel_value": ["4.7"], "hotel_price": ["116"]}, "2157963": {"hotel_name": "\u4e09\u4e9a\u4e07\u79d1\u68ee\u6797\u60a6\u5ea6\u5047\u6751", "order_time": ["2019-01-16 14:24:26"], "total_order": 1, "hotel_value": ["4.4"], "hotel_price": ["506"]}, "2032262": {"hotel_name": "\u7ef4\u4e5f\u7eb3\u9152\u5e97(\u4e09\u4e9a\u6e7e\u51e4\u51f0\u5c9b\u5e97)(\u539f\u4e09\u4e9a\u7b2c\u4e00\u5e02\u573a\u5e97)", "order_time": ["2019-01-16 14:24:26"], "total_order": 1, "hotel_value": ["4.7"], "hotel_price": ["240"]}, "842998": {"hotel_name": "\u541b\u6f9c\u00b7\u4e09\u4e9a\u6e7e\u8fce\u5bbe\u9986\u6d77\u666f\u5ea6\u5047\u9152\u5e97", "order_time": ["2019-01-16 14:26:26"], "total_order": 1, "hotel_value": ["4.8"], "hotel_price": ["529"]}, "1580558": {"hotel_name": "\u901f8\u9152\u5e97(\u4e09\u4e9a\u6e7e\u5409\u7965\u8857\u5e97)", "order_time": ["2019-01-16 14:26:27", "2019-01-16 14:28:24"], "total_order": 2, "hotel_value": ["4.6", "4.6"], "hotel_price": ["145", "145"]}, "6588982": {"hotel_name": "\u4e09\u4e9a\u5c0a\u5ba2\u5ea6\u5047\u9152\u5e97", "order_time": ["2019-01-16 14:26:27"], "total_order": 1, "hotel_value": ["4.6"], "hotel_price": ["143"]}, "4648710": {"hotel_name": "\u4e09\u4e9a\u534a\u5cad\u6e29\u6cc9\u4e2d\u5fc3", "order_time": ["2019-01-16 14:26:27"], "total_order": 1, "hotel_value": ["4.4"], "hotel_price": ["1306"]}, "1053835": {"hotel_name": "\u4e09\u4e9a\u4ebc\u4e50\u51b2\u6d6a\u5ba2\u6808", "order_time": ["2019-01-16 14:26:27"], "total_order": 1, "hotel_value": ["4.2"], "hotel_price": ["283"]}, "14082552": {"hotel_name": "\u4e09\u4e9a\u9e7f\u5ba2\u6d77\u666f\u5ea6\u5047\u516c\u5bd3\u5927\u4e1c\u6d77\u5e97", "order_time": ["2019-01-16 14:26:29"], "total_order": 1, "hotel_value": [0], "hotel_price": ["223"]}, "1498102": {"hotel_name": "\u4e09\u4e9a\u5b8c\u7f8e\u5927\u6d77\u5ba2\u6808", "order_time": ["2019-01-16 14:26:30"], "total_order": 1, "hotel_value": ["4.5"], "hotel_price": ["183"]}, "16028847": {"hotel_name": "\u4e09\u4e9a\u5343\u53e4\u60c5\u5ba2\u6808", "order_time": ["2019-01-16 14:28:24"], "total_order": 1, "hotel_value": ["4.7"], "hotel_price": ["466"]}, "1484428": {"hotel_name": "\u4e09\u4e9a\u7965\u6668\u65c5\u9986", "order_time": ["2019-01-16 14:28:25"], "total_order": 1, "hotel_value": ["4.7"], "hotel_price": ["85"]}, "441316": {"hotel_name": "\u4e09\u4e9a\u8c6a\u5a01\u9e92\u9e9f\u5927\u9152\u5e97", "order_time": ["2019-01-16 14:30:23"], "total_order": 1, "hotel_value": ["4.4"], "hotel_price": ["223"]}, "345084": {"hotel_name": "\u4e09\u4e9a\u9526\u6c5f\u5b9d\u5b8f\u5927\u9152\u5e97\u4e3b\u697c", "order_time": ["2019-01-16 14:30:23"], "total_order": 1, "hotel_value": ["4.6"], "hotel_price": ["338"]}, "6476957": {"hotel_name": "\u4e09\u4e9a\u5174\u5b89\u957f\u5cf0\u5927\u9152\u5e97", "order_time": ["2019-01-16 14:30:23"], "total_order": 1, "hotel_value": ["4.5"], "hotel_price": ["318"]}, "6298012": {"hotel_name": "\u683c\u6797\u8054\u76df\u9152\u5e97(\u4e09\u4e9a\u4e00\u5e02\u573a\u5e97)", "order_time": ["2019-01-16 14:30:24"], "total_order": 1, "hotel_value": ["4.8"], "hotel_price": ["129"]}, "2005665": {"hotel_name": "\u4e09\u4e9a\u6d77\u68e0\u6e7e9\u53f7\u884c\u653f\u697c", "order_time": ["2019-01-16 14:30:25"], "total_order": 1, "hotel_value": ["4.6"], "hotel_price": ["779"]}, "879580": {"hotel_name": "\u9526\u6c5f\u4e4b\u661f(\u4e09\u4e9a\u56fd\u9645\u8d2d\u7269\u4e2d\u5fc3\u6d77\u666f\u5e97)", "order_time": ["2019-01-16 14:30:25"], "total_order": 1, "hotel_value": ["4.5"], "hotel_price": ["179"]}, "1289697": {"hotel_name": "\u4e09\u4e9a\u66a7\u552f\u5957\u623f\u6d77\u666f\u96c5\u5c45", "order_time": ["2019-01-16 14:30:25"], "total_order": 1, "hotel_value": ["4.6"], "hotel_price": ["189"]}, "17338449": {"hotel_name": "\u4e09\u4e9a\u666f\u660e\u5047\u65e5\u65c5\u79df", "order_time": ["2019-01-16 14:32:23"], "total_order": 1, "hotel_value": ["4.7"], "hotel_price": ["110"]}, "11444334": {"hotel_name": "\u4e09\u4e9a\u4e9a\u9f99\u6e7e\u5e0c\u60a6\u7cbe\u54c1\u522b\u5885\u9152\u5e97", "order_time": ["2019-01-16 14:32:23"], "total_order": 1, "hotel_value": ["4.6"], "hotel_price": ["670"]}, "6405320": {"hotel_name": "\u4e09\u4e9a\u4e9a\u9f99\u6e7e\u6728\u843d\u5ba2\u6808", "order_time": ["2019-01-16 14:32:23"], "total_order": 1, "hotel_value": ["4.5"], "hotel_price": ["130"]}, "344934": {"hotel_name": "\u4e09\u4e9a\u6930\u6797\u6ee9\u5927\u9152\u5e97", "order_time": ["2019-01-16 14:32:24"], "total_order": 1, "hotel_value": ["4.4"], "hotel_price": ["325"]}, "2701655": {"hotel_name": "\u4e09\u4e9a\u6162\u8282\u594f\u6d77\u666f\u7cbe\u54c1\u5ba2\u6808", "order_time": ["2019-01-16 14:32:24"], "total_order": 1, "hotel_value": ["4.7"], "hotel_price": ["133"]}, "5764385": {"hotel_name": "517\u9a91\u884c\u9a7f\u7ad9(\u4e09\u4e9a\u5927\u4e1c\u6d77\u5e97)", "order_time": ["2019-01-16 14:32:24"], "total_order": 1, "hotel_value": ["4.5"], "hotel_price": ["45"]}, "1308563": {"hotel_name": "\u57ce\u5e02\u4fbf\u6377\u9152\u5e97(\u4e09\u4e9a\u6d77\u6708\u5e7f\u573a\u5e97)", "order_time": ["2019-01-16 14:32:25"], "total_order": 1, "hotel_value": ["4.2"], "hotel_price": ["192"]}, "1717871": {"hotel_name": "\u4e09\u4e9a\u5b89\u6f2b\u4e91\u820d\u5047\u65e5\u9152\u5e97(\u539f\u542c\u98ce\u5ea6\u5047\u516c\u5bd3)", "order_time": ["2019-01-16 14:32:25"], "total_order": 1, "hotel_value": ["4.7"], "hotel_price": ["183"]}, "1964967": {"hotel_name": "\u4f73\u6377\u8fde\u9501\u9152\u5e97(\u4e09\u4e9a\u51e4\u51f0\u5c9b\u5e97)", "order_time": ["2019-01-16 14:32:25"], "total_order": 1, "hotel_value": ["4.4"], "hotel_price": ["123"]}, "1340218": {"hotel_name": "\u4e09\u4e9a\u671b\u6d77\u9752\u5e74\u9152\u5e97", "order_time": ["2019-01-16 14:34:24"], "total_order": 1, "hotel_value": ["4.6"], "hotel_price": ["286"]}, "10898472": {"hotel_name": "\u4e09\u4e9a\u9605\u5fb7\u6069\u5ba2\u6808", "order_time": ["2019-01-16 14:34:25"], "total_order": 1, "hotel_value": ["4.9"], "hotel_price": ["142"]}, "808551": {"hotel_name": "\u4e09\u4e9a\u5178\u4e30\u6d77\u5cb8\u5bbe\u9986", "order_time": ["2019-01-16 14:34:25"], "total_order": 1, "hotel_value": ["3.9"], "hotel_price": ["86"]}, "468875": {"hotel_name": "\u6674\u5929\u7389\u6ee9\u6d77\u666f\u5ea6\u5047\u516c\u5bd3(\u4e09\u4e9a\u6e7e\u5e97)", "order_time": ["2019-01-16 14:40:27", "2019-01-16 14:36:26"], "total_order": 2, "hotel_value": ["4.1", "4.1"], "hotel_price": ["127", "127"]}, "10920931": {"hotel_name": "\u4e09\u4e9a\u4e9a\u9f99\u6e7e\u5c71\u6d77\u9601\u522b\u5885\u5ea6\u5047\u9152\u5e97", "order_time": ["2019-01-16 14:36:26"], "total_order": 1, "hotel_value": ["4.8"], "hotel_price": ["1169"]}, "10919963": {"hotel_name": "\u4e09\u4e9a\u5149\u5f71\u5e74\u8f6e\u7cbe\u54c1\u5ba2\u6808", "order_time": ["2019-01-16 14:36:26"], "total_order": 1, "hotel_value": ["4.8"], "hotel_price": ["126"]}, "25665180": {"hotel_name": "\u4e09\u4e9a\u5609\u4f69\u4e50\u5ea6\u5047\u9152\u5e97", "order_time": ["2019-01-16 14:36:26"], "total_order": 1, "hotel_value": ["4.8"], "hotel_price": ["2408"]}, "6705222": {"hotel_name": "\u4e09\u4e9a\u69df\u6994\u6cb3\u6e29\u6cc9\u9152\u5e97", "order_time": ["2019-01-16 14:36:28"], "total_order": 1, "hotel_value": ["4.2"], "hotel_price": ["216"]}, "438193": {"hotel_name": "\u6d77\u5357\u798f\u6e7e\u6885\u8bfa\u5361\u5ea6\u5047\u9152\u5e97", "order_time": ["2019-01-16 14:38:24"], "total_order": 1, "hotel_value": ["4.4"], "hotel_price": ["317"]}, "927805": {"hotel_name": "\u4e09\u4e9a\u6d77\u6d0b\u5370\u8c61\u5bb6\u5ead\u9a7f\u7ad9", "order_time": ["2019-01-16 14:46:26", "2019-01-16 14:38:27"], "total_order": 2, "hotel_value": ["4.6", "4.6"], "hotel_price": ["252", "252"]}, "2216767": {"hotel_name": "\u7ef4\u4e5f\u7eb3\u9152\u5e97(\u4e09\u4e9a\u6e7e\u5e97)", "order_time": ["2019-01-16 14:40:25"], "total_order": 1, "hotel_value": ["4.8"], "hotel_price": ["335"]}, "1503146": {"hotel_name": "\u4e09\u4e9a\u7f8e\u5bb6\u6e90\u516c\u5bd3", "order_time": ["2019-01-16 14:40:27"], "total_order": 1, "hotel_value": ["3.7"], "hotel_price": ["90"]}, "9666280": {"hotel_name": "\u4e09\u4e9ahello\u6d77\u666f\u5ea6\u5047\u516c\u5bd3", "order_time": ["2019-01-16 14:44:23"], "total_order": 1, "hotel_value": ["4.8"], "hotel_price": ["172"]}, "5892127": {"hotel_name": "\u4e09\u4e9a\u6d77\u68e0\u6e7eHANATOALICE\u6d77\u666f\u9152\u5e97", "order_time": ["2019-01-16 14:44:24"], "total_order": 1, "hotel_value": ["4.4"], "hotel_price": ["426"]}, "854705": {"hotel_name": "\u4e09\u4e9a\u6d77\u89d28\u53f7\u6d77\u666f\u522b\u5885\u5ba2\u6808", "order_time": ["2019-01-16 14:44:25"], "total_order": 1, "hotel_value": ["4.2"], "hotel_price": ["131"]}, "3509427": {"hotel_name": "\u4e09\u4e9a\u6d77\u8679\u5ea6\u5047\u9152\u5e97", "order_time": ["2019-01-16 14:44:26"], "total_order": 1, "hotel_value": ["4.3"], "hotel_price": ["384"]}, "16897771": {"hotel_name": "\u4e09\u4e9a\u6d77\u68e0\u6e7e\u9e93\u6e56\u5ea6\u5047\u9152\u5e97", "order_time": ["2019-01-16 14:46:24"], "total_order": 1, "hotel_value": ["4.7"], "hotel_price": ["491"]}, "1603531": {"hotel_name": "\u91d1\u7684\u7cbe\u54c1\u5ea6\u5047\u9152\u5e97(\u4e09\u4e9a\u56fd\u822a\u5e15\u5c14\u7f8e\u7eb3\u5e97)", "order_time": ["2019-01-16 14:46:25"], "total_order": 1, "hotel_value": ["4.7"], "hotel_price": ["240"]}, "346711": {"hotel_name": "\u4e09\u4e9a\u541b\u9526\u6ee8\u6d77\u9152\u5e97", "order_time": ["2019-01-16 14:46:25"], "total_order": 1, "hotel_value": ["4.5"], "hotel_price": ["266"]}, "11276759": {"hotel_name": "\u4e09\u4e9a\u9047\u89c1\u7231\u6d77\u666f\u516c\u5bd3", "order_time": ["2019-01-16 14:46:25"], "total_order": 1, "hotel_value": ["5.0"], "hotel_price": ["299"]}, "440685": {"hotel_name": "\u4e09\u4e9a\u7389\u6d77\u56fd\u9645\u5ea6\u5047\u9152\u5e97", "order_time": ["2019-01-16 14:46:25"], "total_order": 1, "hotel_value": ["4.5"], "hotel_price": ["249"]}, "370834": {"hotel_name": "\u4e09\u4e9a\u7389\u534e\u82d1\u6d77\u666f\u9152\u5e97", "order_time": ["2019-01-16 14:46:25"], "total_order": 1, "hotel_value": ["4.6"], "hotel_price": ["308"]}, "5772799": {"hotel_name": "\u4e09\u4e9a\u6d77\u5cb8\u4e4b\u5bb6\u6d77\u666f\u5ea6\u5047\u516c\u5bd3", "order_time": ["2019-01-16 14:46:25"], "total_order": 1, "hotel_value": ["4.9"], "hotel_price": ["206"]}, "1434740": {"hotel_name": "\u67ab\u6797\u665a\u4e3b\u9898\u9152\u5e97(\u4e09\u4e9a\u6625\u56ed\u6d77\u9c9c\u5e7f\u573a\u5e97)", "order_time": ["2019-01-16 14:46:25"], "total_order": 1, "hotel_value": ["4.9"], "hotel_price": ["138"]}}}