{"\u5f00\u59cb\u8bb0\u5f55\u65f6\u95f4": "2019-01-08 12:08:56", "\u7ed3\u675f\u8bb0\u5f55\u65f6\u95f4": "2019-01-08 13:08:56", "\u8ba2\u5355\u603b\u589e\u91cf": 237, "item": {"374842": {"hotel_name": "\u4e09\u4e9a\u6e7e\u6d77\u5c45\u94c2\u5c14\u66fc\u5ea6\u5047\u9152\u5e97", "order_time": ["2019-01-08 12:11:13", "2019-01-08 13:05:15", "2019-01-08 13:07:15"], "total_order": 3, "hotel_value": ["4.7", "4.7", "4.7"], "hotel_price": ["835", "835", "835"]}, "344928": {"hotel_name": "\u4e09\u4e9a\u4e9a\u9f99\u6e7e\u4e07\u8c6a\u5ea6\u5047\u9152\u5e97", "order_time": ["2019-01-08 12:11:13"], "total_order": 1, "hotel_value": ["4.6"], "hotel_price": ["899"]}, "660311": {"hotel_name": "\u4e09\u4e9a\u6e7e\u559c\u6765\u767b\u5ea6\u5047\u9152\u5e97", "order_time": ["2019-01-08 12:11:13"], "total_order": 1, "hotel_value": ["4.6"], "hotel_price": ["623"]}, "346766": {"hotel_name": "\u4e09\u4e9a\u4e9a\u9f99\u6e7e\u51ef\u83b1\u4ed9\u4eba\u638c\u5ea6\u5047\u9152\u5e97", "order_time": ["2019-01-08 12:11:13"], "total_order": 1, "hotel_value": ["4.6"], "hotel_price": ["409"]}, "6476957": {"hotel_name": "\u4e09\u4e9a\u5174\u5b89\u957f\u5cf0\u5927\u9152\u5e97", "order_time": ["2019-01-08 12:11:14", "2019-01-08 12:59:23"], "total_order": 2, "hotel_value": ["4.5", "4.5"], "hotel_price": ["288", "288"]}, "1720697": {"hotel_name": "\u4e09\u4e9a\u65b0\u5b87\u9152\u5e97", "order_time": ["2019-01-08 12:11:17"], "total_order": 1, "hotel_value": ["4.3"], "hotel_price": ["160"]}, "24847433": {"hotel_name": "\u4e09\u4e9a\u745e\u5c14\u66fc\u6d77\u666f\u5ea6\u5047\u516c\u5bd3", "order_time": ["2019-01-08 12:11:20"], "total_order": 1, "hotel_value": ["4.9"], "hotel_price": ["230"]}, "15717524": {"hotel_name": "\u8d30\u53f7\u8bbe\u8ba1\u9152\u5e97(\u4e09\u4e9a\u51e4\u51f0\u673a\u573a\u5e97)", "order_time": ["2019-01-08 12:11:20"], "total_order": 1, "hotel_value": ["4.6"], "hotel_price": ["201"]}, "435983": {"hotel_name": "\u4e09\u4e9a\u4e9a\u9f99\u6e7e\u4eba\u95f4\u5929\u5802-\u9e1f\u5de2\u5ea6\u5047\u6751", "order_time": ["2019-01-08 12:13:19", "2019-01-08 12:11:23"], "total_order": 2, "hotel_value": ["4.6", "4.6"], "hotel_price": ["1270", "1270"]}, "2147975": {"hotel_name": "\u4e09\u4e9a\u80cc\u5305\u5ba2\u56fd\u9645\u9752\u5e74\u65c5\u820d(\u539f\u9633\u5149\u56fd\u9645\u9752\u5e74\u65c5\u820d)", "order_time": ["2019-01-08 12:23:33", "2019-01-08 12:11:35"], "total_order": 2, "hotel_value": ["4.6", "4.6"], "hotel_price": ["43", "43"]}, "4371952": {"hotel_name": "\u4e09\u4e9a\u534e\u5b87\u4e9a\u9f99\u6e7e\u8fce\u5bbe\u9986", "order_time": ["2019-01-08 12:23:13", "2019-01-08 12:13:13", "2019-01-08 13:07:15"], "total_order": 3, "hotel_value": ["4.8", "4.8", "4.8"], "hotel_price": ["899", "899", "899"]}, "895503": {"hotel_name": "7\u5929\u8fde\u9501\u9152\u5e97(\u4e09\u4e9a\u6e7e\u6625\u56ed\u6d77\u9c9c\u5e7f\u573a\u5e97)", "order_time": ["2019-01-08 12:13:14"], "total_order": 1, "hotel_value": ["4.5"], "hotel_price": ["139"]}, "1486685": {"hotel_name": "\u4e09\u4e9a\u51e4\u51f0\u5c9b\u5ea6\u5047\u9152\u5e97", "order_time": ["2019-01-08 12:13:15"], "total_order": 1, "hotel_value": ["4.7"], "hotel_price": ["888"]}, "14249344": {"hotel_name": "\u4e09\u4e9a\u4e9a\u7279\u5170\u8482\u65af\u9152\u5e97", "order_time": ["2019-01-08 12:13:15", "2019-01-08 12:15:15"], "total_order": 2, "hotel_value": ["4.6", "4.6"], "hotel_price": ["3088", "3088"]}, "26535660": {"hotel_name": "\u4e09\u4e9a\u7231\u5fc5\u4fac\u68e0\u6e7e\u5ea6\u5047\u516c\u5bd3", "order_time": ["2019-01-08 12:13:15"], "total_order": 1, "hotel_value": ["4.5"], "hotel_price": ["880"]}, "983678": {"hotel_name": "\u6c49\u5ead\u9152\u5e97(\u4e09\u4e9a\u4e09\u4e9a\u6e7e\u5e97)(\u539f\u5409\u7965\u8857\u5e97)", "order_time": ["2019-01-08 12:13:16"], "total_order": 1, "hotel_value": ["4.1"], "hotel_price": ["158"]}, "6280766": {"hotel_name": "\u4e09\u4e9a\u5927\u4e1c\u6d77\u82b1\u8bed\u6d77\u666f\u5ea6\u5047\u516c\u5bd3", "order_time": ["2019-01-08 12:19:23", "2019-01-08 12:13:16"], "total_order": 2, "hotel_value": ["4.4", "4.4"], "hotel_price": ["137", "137"]}, "18054307": {"hotel_name": "\u4e09\u4e9a\u5c7f\u5bbf\u9752\u5e74\u65c5\u793e", "order_time": ["2019-01-08 12:13:16"], "total_order": 1, "hotel_value": ["4.4"], "hotel_price": ["47"]}, "4301411": {"hotel_name": "\u5982\u5bb6\u5feb\u6377\u9152\u5e97(\u4e09\u4e9a\u5546\u54c1\u8857\u5927\u9053\u5e97)", "order_time": ["2019-01-08 12:13:20"], "total_order": 1, "hotel_value": ["4.5"], "hotel_price": ["137"]}, "12071397": {"hotel_name": "\u4e09\u4e9a\u6d77\u68e0\u6e7e\u51ef\u5229\u65c5\u9986\uff08\u539f\u6cca\u683c\u96c5\u65c5\u9986\uff09", "order_time": ["2019-01-08 12:13:22"], "total_order": 1, "hotel_value": ["4.1"], "hotel_price": ["227"]}, "346719": {"hotel_name": "\u4e09\u4e9a\u534a\u5c71\u534a\u5c9b\u5e06\u8239\u6e2f\u9152\u5e97", "order_time": ["2019-01-08 12:13:22"], "total_order": 1, "hotel_value": ["4.7"], "hotel_price": ["727"]}, "986446": {"hotel_name": "\u4e09\u4e9a\u4e9a\u9f99\u6e7e\u5c71\u6e56\u6d77\u522b\u5885\u5ea6\u5047\u9152\u5e97", "order_time": ["2019-01-08 12:13:22"], "total_order": 1, "hotel_value": ["4.2"], "hotel_price": ["338"]}, "660317": {"hotel_name": "\u4e09\u4e9a\u4eac\u6da6\u73cd\u73e0\u4e3b\u9898\u9152\u5e97", "order_time": ["2019-01-08 12:13:25"], "total_order": 1, "hotel_value": ["4.5"], "hotel_price": ["230"]}, "13433212": {"hotel_name": "\u4e09\u4e9a\u91d1\u90fd\u851a\u666f\u6e29\u5fb7\u59c6\u9152\u5e97", "order_time": ["2019-01-08 12:13:25"], "total_order": 1, "hotel_value": ["4.7"], "hotel_price": ["529"]}, "19853526": {"hotel_name": "\u51e4\u51f0\u5c9b\u94ed\u6d77\u5ea6\u5047\u9152\u5e97", "order_time": ["2019-01-08 12:15:13"], "total_order": 1, "hotel_value": ["4.7"], "hotel_price": ["386"]}, "6504155": {"hotel_name": "\u4e09\u4e9a\u552f\u66fc\u6735\u6d77\u666f\u5957\u623f\u5ea6\u5047\u516c\u5bd3", "order_time": ["2019-01-08 12:37:28", "2019-01-08 12:15:13"], "total_order": 2, "hotel_value": ["4.8", "4.8"], "hotel_price": ["309", "309"]}, "386917": {"hotel_name": "\u4e09\u4e9a\u6d77\u97f5\u5ea6\u5047\u9152\u5e97", "order_time": ["2019-01-08 12:15:14"], "total_order": 1, "hotel_value": ["4.7"], "hotel_price": ["770"]}, "345522": {"hotel_name": "\u4e09\u4e9a\u5929\u57df\u5ea6\u5047\u9152\u5e97", "order_time": ["2019-01-08 12:15:15"], "total_order": 1, "hotel_value": ["4.8"], "hotel_price": ["799"]}, "346711": {"hotel_name": "\u4e09\u4e9a\u541b\u9526\u6ee8\u6d77\u9152\u5e97", "order_time": ["2019-01-08 12:15:16"], "total_order": 1, "hotel_value": ["4.5"], "hotel_price": ["249"]}, "4388404": {"hotel_name": "\u4e09\u4e9a\u7f8e\u4e3d\u4e4b\u51a0\u5927\u6811\u9152\u5e97", "order_time": ["2019-01-08 12:41:22", "2019-01-08 12:15:20", "2019-01-08 12:19:16", "2019-01-08 12:33:11"], "total_order": 4, "hotel_value": ["4.3", "4.3", "4.3", "4.3"], "hotel_price": ["227", "227", "227", "227"]}, "2220650": {"hotel_name": "\u4e09\u4e9a\u65c5\u884c\u5bb6\u9152\u5e97\u5f0f\u5ea6\u5047\u516c\u5bd3", "order_time": ["2019-01-08 12:15:20"], "total_order": 1, "hotel_value": ["4.7"], "hotel_price": ["325"]}, "6167318": {"hotel_name": "\u4e09\u4e9a\u5eb7\u7279\u738b\u5e9c\u5546\u52a1\u9152\u5e97", "order_time": ["2019-01-08 12:15:22"], "total_order": 1, "hotel_value": ["4.8"], "hotel_price": ["339"]}, "6331979": {"hotel_name": "\u4e09\u4e9a\u6d77\u68e0\u6e7e\u7ea2\u6811\u6797\u5ea6\u5047\u9152\u5e97", "order_time": ["2019-01-08 12:15:25"], "total_order": 1, "hotel_value": ["4.6"], "hotel_price": ["1139"]}, "11657818": {"hotel_name": "\u4e09\u4e9a\u62fe\u5149\u91cc\u6d77\u666f\u4e3b\u9898\u5ba2\u6808", "order_time": ["2019-01-08 12:41:43", "2019-01-08 12:15:28"], "total_order": 2, "hotel_value": ["4.6", "4.6"], "hotel_price": ["120", "125"]}, "25104976": {"hotel_name": "\u4e09\u4e9a\u5343\u6d54\u5c7f\u5bbf\u8bbe\u8ba1\u6c11\u5bbf", "order_time": ["2019-01-08 12:15:45"], "total_order": 1, "hotel_value": ["4.9"], "hotel_price": ["409"]}, "436696": {"hotel_name": "\u4e09\u4e9a\u6930\u84dd\u6e7e\u5ea6\u5047\u9152\u5e97", "order_time": ["2019-01-08 12:17:16"], "total_order": 1, "hotel_value": ["4.4"], "hotel_price": ["295"]}, "17533420": {"hotel_name": "\u4e09\u4e9a\u5927\u4e1c\u6d77\u9152\u5e97", "order_time": ["2019-01-08 13:05:15", "2019-01-08 13:07:15", "2019-01-08 12:17:16", "2019-01-08 12:37:17"], "total_order": 4, "hotel_value": ["4.8", "4.8", "4.8", "4.8"], "hotel_price": ["559", "559", "559", "559"]}, "345080": {"hotel_name": "\u4e09\u4e9a\u4e9a\u9f99\u6e7e\u559c\u6765\u767b\u5ea6\u5047\u9152\u5e97", "order_time": ["2019-01-08 12:17:16"], "total_order": 1, "hotel_value": ["4.6"], "hotel_price": ["1051"]}, "3041884": {"hotel_name": "\u4e09\u4e9a\u4e3d\u79be\u6e29\u5fb7\u59c6\u9152\u5e97", "order_time": ["2019-01-08 12:17:16"], "total_order": 1, "hotel_value": ["4.8"], "hotel_price": ["700"]}, "468875": {"hotel_name": "\u6674\u5929\u7389\u6ee9\u6d77\u666f\u5ea6\u5047\u516c\u5bd3(\u4e09\u4e9a\u6e7e\u5e97)", "order_time": ["2019-01-08 12:17:17"], "total_order": 1, "hotel_value": ["4.1"], "hotel_price": ["142"]}, "835120": {"hotel_name": "\u4e09\u4e9a\u4e3d\u90fd\u6d77\u666f\u5546\u52a1\u9152\u5e97", "order_time": ["2019-01-08 12:17:18"], "total_order": 1, "hotel_value": ["4.1"], "hotel_price": ["152"]}, "1682691": {"hotel_name": "\u4e09\u4e9a\u4eac\u6d77\u56fd\u9645\u5047\u65e5\u9152\u5e97", "order_time": ["2019-01-08 12:21:13", "2019-01-08 13:01:19", "2019-01-08 12:35:48", "2019-01-08 12:51:16", "2019-01-08 12:33:12", "2019-01-08 12:47:21", "2019-01-08 12:17:19"], "total_order": 7, "hotel_value": ["4.6", "4.6", "4.6", "4.6", "4.6", "4.6", "4.6"], "hotel_price": ["572", "572", "572", "673", "572", "572", "572"]}, "23557117": {"hotel_name": "\u4e09\u4e9a\u79cb\u6708\u99a8\u5c45\u6d77\u666f\u5ea6\u5047\u516c\u5bd3", "order_time": ["2019-01-08 12:17:20"], "total_order": 1, "hotel_value": ["4.9"], "hotel_price": ["201"]}, "6588982": {"hotel_name": "\u4e09\u4e9a\u5c0a\u5ba2\u5ea6\u5047\u9152\u5e97", "order_time": ["2019-01-08 12:17:23"], "total_order": 1, "hotel_value": ["4.7"], "hotel_price": ["134"]}, "10821256": {"hotel_name": "\u4e09\u4e9a\u9752\u79be\u53f6\u82b1\u56ed\u522b\u5885", "order_time": ["2019-01-08 12:17:24"], "total_order": 1, "hotel_value": ["4.8"], "hotel_price": ["252"]}, "1645771": {"hotel_name": "\u4e09\u4e9a\u68c0\u987a\u5546\u52a1\u9152\u5e97(\u539f\u805a\u946b\u56ed\u5546\u52a1\u9152\u5e97)", "order_time": ["2019-01-08 12:17:25"], "total_order": 1, "hotel_value": ["4.2"], "hotel_price": ["179"]}, "1251671": {"hotel_name": "\u9526\u6c5f\u4e4b\u661f(\u4e09\u4e9a\u6cb3\u897f\u8def\u6b65\u884c\u6865\u6cb3\u666f\u5e97)", "order_time": ["2019-01-08 12:17:25"], "total_order": 1, "hotel_value": ["4.5"], "hotel_price": ["172"]}, "396528": {"hotel_name": "\u4e09\u4e9a\u4e9a\u9f99\u6e7e\u4e94\u53f7\u5ea6\u5047\u522b\u5885\u9152\u5e97", "order_time": ["2019-01-08 12:19:16"], "total_order": 1, "hotel_value": ["4.7"], "hotel_price": ["749"]}, "436673": {"hotel_name": "\u4e09\u4e9a\u9e7f\u5cad\u6d77\u6e7e\u7ef4\u666f\u56fd\u9645\u5927\u9152\u5e97(\u539f\u4e09\u4e9a\u6d77\u6e7e\u7ef4\u666f\u56fd\u9645\u5927\u9152\u5e97)", "order_time": ["2019-01-08 12:19:16"], "total_order": 1, "hotel_value": ["4.6"], "hotel_price": ["380"]}, "473337": {"hotel_name": "\u4e45\u6816\u00b7\u4e09\u4e9a\u900d\u9065\u8f69\u6d77\u666f\u5ea6\u5047\u516c\u5bd3", "order_time": ["2019-01-08 12:19:23", "2019-01-08 12:53:14"], "total_order": 2, "hotel_value": ["4.7", "4.7"], "hotel_price": ["292", "292"]}, "15226316": {"hotel_name": "TOWO\u4e0a\u54c1\u9152\u5e97(\u4e09\u4e9a\u6e7e\u5e97)", "order_time": ["2019-01-08 12:19:26"], "total_order": 1, "hotel_value": ["4.6"], "hotel_price": ["214"]}, "21914303": {"hotel_name": "\u4e09\u4e9a\u4e91\u6c50\u6d77\u666f\u4e3b\u9898\u5ea6\u5047\u516c\u9986", "order_time": ["2019-01-08 12:19:29"], "total_order": 1, "hotel_value": ["4.9"], "hotel_price": ["247"]}, "346691": {"hotel_name": "\u4e09\u4e9a\u9e3f\u6d32\u57c3\u5fb7\u745e\u9152\u5e97", "order_time": ["2019-01-08 12:59:24", "2019-01-08 12:21:12", "2019-01-08 12:41:15", "2019-01-08 12:25:21"], "total_order": 4, "hotel_value": ["4.3", "4.3", "4.3", "4.3"], "hotel_price": ["408", "408", "408", "408"]}, "1252444": {"hotel_name": "\u4e09\u4e9a\u6930\u6d77\u65f6\u5149\u6d77\u666f\u5ea6\u5047\u516c\u5bd3", "order_time": ["2019-01-08 12:21:12"], "total_order": 1, "hotel_value": ["4.9"], "hotel_price": ["1057"]}, "15812110": {"hotel_name": "\u4e09\u4e9a\u7ea2\u5858\u6e7e\u5efa\u56fd\u5ea6\u5047\u9152\u5e97", "order_time": ["2019-01-08 12:21:12"], "total_order": 1, "hotel_value": ["4.7"], "hotel_price": ["358"]}, "3040204": {"hotel_name": "\u521d\u89c1\u4e09\u4e9a\u6d77\u666f\u7a7a\u4e2d\u82b1\u56ed\u5ba2\u6808", "order_time": ["2019-01-08 12:21:12"], "total_order": 1, "hotel_value": ["4.9"], "hotel_price": ["893"]}, "4410283": {"hotel_name": "\u4e09\u4e9a\u5b50\u60a6\u5eb7\u5e74\u9152\u5e97(\u539f\u4e2d\u94c1\u5b50\u60a6\u5eb7\u5e74\u5546\u52a1\u9152\u5e97)", "order_time": ["2019-01-08 12:21:13", "2019-01-08 12:45:11"], "total_order": 2, "hotel_value": ["4.6", "4.6"], "hotel_price": ["373", "373"]}, "2880019": {"hotel_name": "\u4e09\u4e9a\u661f\u6708\u6d77\u666f\u5ea6\u5047\u516c\u5bd3", "order_time": ["2019-01-08 12:21:14"], "total_order": 1, "hotel_value": ["4.9"], "hotel_price": ["270"]}, "21369544": {"hotel_name": "\u4e09\u4e9a\u51e4\u51f0\u5c9b\u70ed\u5e26\u98ce\u60c5\u5ea6\u5047\u9152\u5e97", "order_time": ["2019-01-08 12:21:15"], "total_order": 1, "hotel_value": ["4.6"], "hotel_price": ["437"]}, "6639564": {"hotel_name": "\u4e09\u4e9a\u6930\u6811\u6d77\u666f\u5ea6\u5047\u516c\u5bd3", "order_time": ["2019-01-08 12:21:19"], "total_order": 1, "hotel_value": ["4.8"], "hotel_price": ["60"]}, "346679": {"hotel_name": "\u4e09\u4e9a\u6e7e\u7687\u51a0\u5047\u65e5\u5ea6\u5047\u9152\u5e97", "order_time": ["2019-01-08 12:21:20"], "total_order": 1, "hotel_value": ["4.6"], "hotel_price": ["499"]}, "8074206": {"hotel_name": "\u4e09\u4e9a\u7f8e\u4e3d\u6d77\u5cb8\u6d77\u666f\u5ea6\u5047\u516c\u5bd3(\u4e09\u4e9a\u6e7e\u5e97)", "order_time": ["2019-01-08 12:23:13"], "total_order": 1, "hotel_value": ["4.9"], "hotel_price": ["298"]}, "25484761": {"hotel_name": "\u4e09\u4e9a\u4eac\u822b\u6c60\u6c11\u5bbf", "order_time": ["2019-01-08 12:23:15"], "total_order": 1, "hotel_value": ["4.9"], "hotel_price": ["193"]}, "684215": {"hotel_name": "\u4e09\u4e9a\u6d77\u68e0\u6e7e\u5929\u623f\u6d32\u9645\u5ea6\u5047\u9152\u5e97", "order_time": ["2019-01-08 12:23:17"], "total_order": 1, "hotel_value": ["4.7"], "hotel_price": ["1108"]}, "5902128": {"hotel_name": "\u9685\u82b1\u539f\u5c71\u95f4\u8bbe\u8ba1\u9152\u5e97(\u4e09\u4e9a\u51e4\u51f0\u673a\u573a\u5e97)", "order_time": ["2019-01-08 12:25:20", "2019-01-08 12:23:22"], "total_order": 2, "hotel_value": ["4.7", "4.7"], "hotel_price": ["252", "252"]}, "22416215": {"hotel_name": "\u4e09\u4e9a\u74e6\u683c\u7eb3\u6d77\u666f\u5ea6\u5047\u9152\u5e97", "order_time": ["2019-01-08 12:23:22"], "total_order": 1, "hotel_value": ["4.8"], "hotel_price": ["183"]}, "2598376": {"hotel_name": "\u7ef4\u7eb3\u6d77\u5957\u623f\u6d77\u666f\u516c\u5bd3(\u4e09\u4e9a\u5927\u4e1c\u6d77\u5e97)", "order_time": ["2019-01-08 12:23:23"], "total_order": 1, "hotel_value": ["4.8"], "hotel_price": ["228"]}, "2229957": {"hotel_name": "\u4e09\u4e9a\u635e\u798f\u6765\u9152\u5e97", "order_time": ["2019-01-08 12:23:26"], "total_order": 1, "hotel_value": ["4.0"], "hotel_price": ["123"]}, "469109": {"hotel_name": "\u4e09\u4e9a\u7720\u901f\u00b7\u4f18\u516c\u5bd3(\u539f18\u00b0\u9633\u5149\u5ea6\u5047\u516c\u5bd3)", "order_time": ["2019-01-08 12:23:27", "2019-01-08 12:59:28"], "total_order": 2, "hotel_value": ["4.8", "4.8"], "hotel_price": ["137", "137"]}, "11052603": {"hotel_name": "\u4e09\u4e9a\u4e0e\u6d77\u5171\u671d\u65c5\u79df(\u539f\u5929\u6daf\u5c45\u5c9b\u4e4b\u5317\u5ba2\u6808)", "order_time": ["2019-01-08 12:23:30"], "total_order": 1, "hotel_value": ["4.7"], "hotel_price": ["126"]}, "20617225": {"hotel_name": "\u7ea6\u00b7\u8bbe\u8ba1\u4e3b\u9898\u9152\u5e97(\u4e09\u4e9a\u5343\u53e4\u60c5\u5e97)", "order_time": ["2019-01-08 13:01:18", "2019-01-08 12:25:14"], "total_order": 2, "hotel_value": ["4.8", "4.8"], "hotel_price": ["234", "234"]}, "1483190": {"hotel_name": "\u4e09\u4e9a\u4e9a\u9f99\u6e7e\u7fe1\u7fe0\u5ea6\u5047\u516c\u5bd3", "order_time": ["2019-01-08 12:25:16"], "total_order": 1, "hotel_value": ["4.6"], "hotel_price": ["232"]}, "6019143": {"hotel_name": "\u4e09\u4e9a\u5927\u4e1c\u6d77\u661f\u7a7a\u4e3b\u9898\u5ea6\u5047\u9152\u5e97", "order_time": ["2019-01-08 12:25:19"], "total_order": 1, "hotel_value": ["4.5"], "hotel_price": ["151"]}, "993928": {"hotel_name": "\u5982\u5bb6\u5feb\u6377\u9152\u5e97(\u4e09\u4e9a\u5927\u4e1c\u6d77\u6e38\u5ba2\u4e2d\u5fc3\u5e97)", "order_time": ["2019-01-08 12:25:19"], "total_order": 1, "hotel_value": ["4.3"], "hotel_price": ["147"]}, "3290149": {"hotel_name": "\u4e09\u4e9a\u5b9d\u76db\u7cbe\u54c1\u5927\u9152\u5e97(\u539f\u5b9d\u76db\u6d77\u666f\u5927\u9152\u5e97)", "order_time": ["2019-01-08 12:25:19"], "total_order": 1, "hotel_value": ["4.1"], "hotel_price": ["189"]}, "5234726": {"hotel_name": "\u4e09\u4e9a\u4e1c\u6e2f\u6d77\u666f\u4e3b\u9898\u9152\u5e97(\u56fd\u9645\u8d2d\u7269\u4e2d\u5fc3\u5e97)(\u539f\u4e1c\u6e2f\u4e3b\u9898\u9152\u5e97)", "order_time": ["2019-01-08 12:25:21"], "total_order": 1, "hotel_value": ["4.3"], "hotel_price": ["128"]}, "842954": {"hotel_name": "\u9526\u6c5f\u4e4b\u661f(\u4e09\u4e9a\u6e7e\u5409\u7965\u8857\u6d77\u666f\u9152\u5e97)", "order_time": ["2019-01-08 12:25:23"], "total_order": 1, "hotel_value": ["4.5"], "hotel_price": ["143"]}, "473314": {"hotel_name": "\u4e09\u4e9a\u4e8c\u6708\u6d77\u6d77\u666f\u9152\u5e97", "order_time": ["2019-01-08 12:25:24"], "total_order": 1, "hotel_value": ["4.8"], "hotel_price": ["191"]}, "9121765": {"hotel_name": "\u4e09\u4e9a\u6d77\u9038\u9752\u5e74\u5ba2\u6808", "order_time": ["2019-01-08 12:25:29"], "total_order": 1, "hotel_value": ["4.7"], "hotel_price": ["38"]}, "1024633": {"hotel_name": "\u8fce\u5546\u4f73\u4eae\u8fce\u5bbe\u5927\u9152\u5e97(\u4e09\u4e9a\u5927\u4e1c\u6d77\u5e97)", "order_time": ["2019-01-08 12:25:33"], "total_order": 1, "hotel_value": ["4.3"], "hotel_price": ["185"]}, "11188504": {"hotel_name": "\u4e09\u4e9a\u6d77\u68e0\u6e7e\u7559\u4e0b\u5c0f\u7b51\u4e3b\u9898\u6c11\u5bbf", "order_time": ["2019-01-08 12:27:13"], "total_order": 1, "hotel_value": ["4.8"], "hotel_price": ["125"]}, "6043700": {"hotel_name": "\u4e09\u4e9a\u67ab\u6797\u665a\u4e3b\u9898\u9152\u5e97", "order_time": ["2019-01-08 12:27:14"], "total_order": 1, "hotel_value": ["4.7"], "hotel_price": ["148"]}, "17325404": {"hotel_name": "\u4e09\u4e9a\u6d1b\u514b\u94c2\u91d1\u6d77\u666f\u9152\u5e97", "order_time": ["2019-01-08 12:27:15"], "total_order": 1, "hotel_value": ["4.4"], "hotel_price": ["469"]}, "15249049": {"hotel_name": "\u7f8e\u4e3d\u4e4b\u51a0\u5927\u6811\u7687\u51a0\u5047\u65e5\u9152\u5e97", "order_time": ["2019-01-08 12:27:18"], "total_order": 1, "hotel_value": ["4.4"], "hotel_price": ["202"]}, "918535": {"hotel_name": "\u4e45\u6816\u00b7\u4e09\u4e9a\u67ab\u4f20\u8bf4\u6d77\u666f\u5ea6\u5047\u516c\u5bd3", "order_time": ["2019-01-08 12:27:19"], "total_order": 1, "hotel_value": ["4.8"], "hotel_price": ["220"]}, "25768287": {"hotel_name": "\u4e09\u4e9a\u5357\u590f\u51ef\u83b1\u60a6\u4eab\u9152\u5e97", "order_time": ["2019-01-08 12:27:19"], "total_order": 1, "hotel_value": ["4.8"], "hotel_price": ["342"]}, "12603715": {"hotel_name": "\u4e09\u4e9a\u6d77\u6ee8\u5ea6\u5047\u9152\u5e97", "order_time": ["2019-01-08 12:27:20"], "total_order": 1, "hotel_value": ["4.0"], "hotel_price": ["330"]}, "6486443": {"hotel_name": "\u4e09\u4e9a\u5b9d\u745e\u7cbe\u54c1\u5ea6\u5047\u516c\u5bd3", "order_time": ["2019-01-08 12:27:26"], "total_order": 1, "hotel_value": ["4.4"], "hotel_price": ["173"]}, "1379655": {"hotel_name": "\u4e09\u4e9a\u6d6a\u6f2b\u6d77\u666f\u516c\u5bd3", "order_time": ["2019-01-08 12:29:14"], "total_order": 1, "hotel_value": ["4.8"], "hotel_price": ["268"]}, "6150511": {"hotel_name": "\u9cb8\u6d77\u5ea6\u5047\u516c\u5bd3(\u4e09\u4e9a\u5170\u6d77\u4e09\u671f\u5e97)(\u539fSEVEN\u6d77\u666f\u5ea6\u5047\u516c\u5bd3)", "order_time": ["2019-01-08 12:29:18"], "total_order": 1, "hotel_value": ["4.7"], "hotel_price": ["325"]}, "2013175": {"hotel_name": "\u4e09\u4e9a\u5bcc\u65af\u9152\u5e97", "order_time": ["2019-01-08 12:29:21"], "total_order": 1, "hotel_value": ["4.8"], "hotel_price": ["189"]}, "1603531": {"hotel_name": "\u91d1\u7684\u7cbe\u54c1\u5ea6\u5047\u9152\u5e97(\u4e09\u4e9a\u56fd\u822a\u5e15\u5c14\u7f8e\u7eb3\u5e97)", "order_time": ["2019-01-08 12:29:21"], "total_order": 1, "hotel_value": ["4.6"], "hotel_price": ["240"]}, "386919": {"hotel_name": "\u4e09\u4e9a\u4e07\u5609\u5ea6\u5047\u9152\u5e97(\u539f\u4e07\u5609\u6234\u65af\u5ea6\u5047\u9152\u5e97)", "order_time": ["2019-01-08 12:29:24", "2019-01-08 12:31:11"], "total_order": 2, "hotel_value": ["4.4", "4.4"], "hotel_price": ["358", "358"]}, "7073052": {"hotel_name": "\u4e09\u4e9a\u514b\u62c9\u5c14\u9633\u5149\u6d77\u666f\u516c\u5bd3", "order_time": ["2019-01-08 12:29:26"], "total_order": 1, "hotel_value": ["4.8"], "hotel_price": ["184"]}, "15306617": {"hotel_name": "\u6d77\u8fb9\u6545\u4e8b\u5ba2\u6808(\u4e09\u4e9a\u8708\u652f\u6d32\u5c9b\u5e97\uff09", "order_time": ["2019-01-08 12:29:27"], "total_order": 1, "hotel_value": ["4.6"], "hotel_price": ["121"]}, "1710855": {"hotel_name": "\u4e09\u4e9a\u96c5\u4f73\u516c\u5bd3", "order_time": ["2019-01-08 12:29:33"], "total_order": 1, "hotel_value": ["3.3"], "hotel_price": ["80"]}, "346735": {"hotel_name": "\u4e09\u4e9a\u5357\u7530\u6e29\u6cc9\u597d\u6c49\u5761\u56fd\u9645\u5ea6\u5047\u9152\u5e97", "order_time": ["2019-01-08 12:31:11", "2019-01-08 12:47:18"], "total_order": 2, "hotel_value": ["4.3", "4.3"], "hotel_price": ["346", "346"]}, "481437": {"hotel_name": "\u9526\u6c5f\u4e4b\u661f(\u4e09\u4e9a\u89e3\u653e\u8def\u5e97)", "order_time": ["2019-01-08 12:31:12"], "total_order": 1, "hotel_value": ["4.6"], "hotel_price": ["179"]}, "3068224": {"hotel_name": "\u4e09\u4e9a\u5927\u4e1c\u6d77HOME\u5957\u623f\u5ea6\u5047\u6d77\u666f\u5ba2\u6808", "order_time": ["2019-01-08 12:31:13"], "total_order": 1, "hotel_value": ["4.7"], "hotel_price": ["168"]}, "1409912": {"hotel_name": "\u4e09\u4e9a3W\u6d77\u666f\u9152\u5e97", "order_time": ["2019-01-08 12:31:13"], "total_order": 1, "hotel_value": ["4.8"], "hotel_price": ["127"]}, "2509293": {"hotel_name": "\u4e09\u4e9a\u6e7e\u9633\u5149\u6d77\u5cb8\u6d77\u666f\u5ea6\u5047\u516c\u5bd3(\u539f\u4e50\u6d9b\u8f69\u6d77\u666f\u5ea6\u5047\u516c\u5bd3)", "order_time": ["2019-01-08 12:31:13"], "total_order": 1, "hotel_value": ["4.7"], "hotel_price": ["256"]}, "910293": {"hotel_name": "\u4e09\u4e9a\u4e9a\u9f99\u6e7e\u68a6\u65c5\u4eba\u5ba2\u6808", "order_time": ["2019-01-08 12:31:14"], "total_order": 1, "hotel_value": ["4.9"], "hotel_price": ["173"]}, "1580379": {"hotel_name": "\u4e09\u4e9a\u5982\u7ea6\u5feb\u6377\u9152\u5e97", "order_time": ["2019-01-08 12:31:14"], "total_order": 1, "hotel_value": ["4.6"], "hotel_price": ["121"]}, "8577364": {"hotel_name": "\u65e9\u5b89\u5927\u6811\u9152\u5e97(\u4e09\u4e9a\u7f8e\u4e3d\u4e4b\u51a0\u5e97)(\u539f\u4e09\u4e9a\u65e9\u5b89\u6591\u514b\u9152\u5e97\u5927\u6811\u516c\u9986\u5e97)", "order_time": ["2019-01-08 12:31:19", "2019-01-08 12:37:15"], "total_order": 2, "hotel_value": ["4.5", "4.5"], "hotel_price": ["201", "225"]}, "443561": {"hotel_name": "\u4e09\u4e9a\u94f6\u5929\u5ea6\u5047\u9152\u5e97", "order_time": ["2019-01-08 12:33:15"], "total_order": 1, "hotel_value": ["4.3"], "hotel_price": ["159"]}, "5429887": {"hotel_name": "\u4e09\u4e9a\u975e\u4f60\u83ab\u5bbf\u7cbe\u54c1\u5ba2\u6808", "order_time": ["2019-01-08 12:33:17"], "total_order": 1, "hotel_value": ["4.8"], "hotel_price": ["152"]}, "879580": {"hotel_name": "\u9526\u6c5f\u4e4b\u661f(\u4e09\u4e9a\u56fd\u9645\u8d2d\u7269\u4e2d\u5fc3\u6d77\u666f\u5e97)", "order_time": ["2019-01-08 13:05:15", "2019-01-08 12:33:17", "2019-01-08 12:49:14"], "total_order": 3, "hotel_value": ["4.5", "4.5", "4.5"], "hotel_price": ["199", "199", "199"]}, "990688": {"hotel_name": "\u4e45\u6816\u00b7\u4e09\u4e9a\u5de6\u5cb8\u6d77\u666f\u5ea6\u5047\u516c\u5bd3", "order_time": ["2019-01-08 12:33:20"], "total_order": 1, "hotel_value": ["4.9"], "hotel_price": ["272"]}, "1715599": {"hotel_name": "\u4e09\u4e9a\u585e\u7eb3\u6d77\u5cb8\u827a\u672f\u5ba2\u6808", "order_time": ["2019-01-08 12:33:20"], "total_order": 1, "hotel_value": ["4.8"], "hotel_price": ["166"]}, "1687513": {"hotel_name": "\u4e09\u4e9a\u73c2\u7532\u6d77\u666f\u5ea6\u5047\u516c\u5bd3", "order_time": ["2019-01-08 12:33:20"], "total_order": 1, "hotel_value": ["4.5"], "hotel_price": ["344"]}, "3631084": {"hotel_name": "\u4e09\u4e9a\u6e7e\u5e0c\u5c14\u987f\u6b22\u670b\u9152\u5e97", "order_time": ["2019-01-08 13:07:14", "2019-01-08 12:35:14"], "total_order": 2, "hotel_value": ["4.8", "4.8"], "hotel_price": ["529", "529"]}, "18075076": {"hotel_name": "\u4e09\u4e9a\u827e\u8a00\u9152\u5e97", "order_time": ["2019-01-08 12:35:14", "2019-01-08 12:41:18"], "total_order": 2, "hotel_value": ["4.8", "4.8"], "hotel_price": ["309", "309"]}, "670132": {"hotel_name": "\u5929\u827a\u56fd\u9645\u9152\u5e97(\u4e09\u4e9a\u5927\u4e1c\u6d77\u5e97)(\u539f\u4e16\u7eaa\u8c6a\u5ead\u9152\u5e97)", "order_time": ["2019-01-08 12:35:17"], "total_order": 1, "hotel_value": ["4.4"], "hotel_price": ["288"]}, "9152102": {"hotel_name": "\u4e09\u4e9a\u6d77\u68e0\u6e7e\u5982\u4f73\u5bbe\u9986\u8fde\u9501\u5e97", "order_time": ["2019-01-08 12:35:21"], "total_order": 1, "hotel_value": ["4.4"], "hotel_price": ["113"]}, "25665237": {"hotel_name": "\u4e09\u4e9a\u6c90\u5fc3\u5c0f\u7b51\u7cbe\u54c1\u6c11\u5bbf", "order_time": ["2019-01-08 12:35:22"], "total_order": 1, "hotel_value": ["4.9"], "hotel_price": ["179"]}, "6844747": {"hotel_name": "\u81ea\u5728\u7f8e\u6797\u6c34\u5c45\u9152\u5e97\u5f0f\u516c\u5bd3(\u4e09\u4e9a\u6e7e\u51e4\u51f0\u6c34\u57ce\u5e97)", "order_time": ["2019-01-08 12:35:28"], "total_order": 1, "hotel_value": ["4.7"], "hotel_price": ["298"]}, "8578912": {"hotel_name": "\u4e09\u4e9a\u6d77\u9614\u5929\u7a7a\u5496\u5561\u65c5\u9986(\u5929\u6daf\u6d77\u89d2\u5e97)", "order_time": ["2019-01-08 12:37:14"], "total_order": 1, "hotel_value": ["4.5"], "hotel_price": ["116"]}, "10188701": {"hotel_name": "\u4e09\u4e9a\u6c34\u6676\u4e4b\u604b\u4e3b\u9898\u9152\u5e97", "order_time": ["2019-01-08 12:37:16"], "total_order": 1, "hotel_value": ["4.6"], "hotel_price": ["168"]}, "1061478": {"hotel_name": "\u4e45\u6816\u00b7\u4e09\u4e9aiHome\u6d77\u666f\u5ea6\u5047\u516c\u5bd3", "order_time": ["2019-01-08 12:37:16", "2019-01-08 12:57:16"], "total_order": 2, "hotel_value": ["4.7", "4.7"], "hotel_price": ["400", "400"]}, "18554984": {"hotel_name": "\u4e09\u4e9a\u98d8\u827a\u672f\u5ba2\u6808(\u51e4\u51f0\u673a\u573a\u5e97)", "order_time": ["2019-01-08 12:37:18"], "total_order": 1, "hotel_value": ["4.8"], "hotel_price": ["188"]}, "1455059": {"hotel_name": "\u4e09\u4e9a\u6162\u4eab\u65f6\u5149\u6d77\u666f\u5ba2\u6808", "order_time": ["2019-01-08 12:37:22"], "total_order": 1, "hotel_value": ["4.5"], "hotel_price": ["121"]}, "2043305": {"hotel_name": "\u4e09\u4e9a\u6797\u59b9\u59b9\u7684\u9752\u5e74\u65c5\u820d", "order_time": ["2019-01-08 12:37:31"], "total_order": 1, "hotel_value": ["4.5"], "hotel_price": ["37"]}, "5398745": {"hotel_name": "\u4e09\u4e9a\u897f\u85cf\u5927\u53a6\u5f00\u5143\u540d\u90fd\u9152\u5e97", "order_time": ["2019-01-08 12:39:16"], "total_order": 1, "hotel_value": ["4.6"], "hotel_price": ["387"]}, "6315469": {"hotel_name": "\u4e09\u4e9a\u6765\u5566\u5230\u5566\u4e3b\u9898\u9152\u5e97", "order_time": ["2019-01-08 12:39:23"], "total_order": 1, "hotel_value": ["4.8"], "hotel_price": ["159"]}, "976249": {"hotel_name": "\u54ea\u91cc\u90a3\u91cc\u6d77\u5cb8\u7cbe\u54c1\u5ba2\u6808(\u4e09\u4e9a\u5927\u4e1c\u6d77\u5e97)", "order_time": ["2019-01-08 12:41:14"], "total_order": 1, "hotel_value": ["4.8"], "hotel_price": ["199"]}, "468707": {"hotel_name": "\u54ea\u91cc\u90a3\u91cc\u6d77\u5cb8\u7cbe\u54c1\u5ba2\u6808(\u4e09\u4e9a\u6e7e\u5e97)", "order_time": ["2019-01-08 12:41:15"], "total_order": 1, "hotel_value": ["4.6"], "hotel_price": ["147"]}, "24930071": {"hotel_name": "\u6d77\u5cb8\u7ebf\u5ea6\u5047\u516c\u5bd3(\u4e09\u4e9a\u6e7e\u5e97)", "order_time": ["2019-01-08 12:41:17"], "total_order": 1, "hotel_value": [0], "hotel_price": ["189"]}, "28410650": {"hotel_name": "\u4e09\u4e9a\u79c1\u4eab\u4e3b\u9898\u516c\u5bd3", "order_time": ["2019-01-08 12:41:24"], "total_order": 1, "hotel_value": ["4.9"], "hotel_price": ["303"]}, "26413397": {"hotel_name": "\u4e09\u4e9a\u871c\u65c5\u82cf\u683c\u9152\u5e97", "order_time": ["2019-01-08 12:43:15"], "total_order": 1, "hotel_value": ["4.8"], "hotel_price": ["183"]}, "1315536": {"hotel_name": "\u4e09\u4e9a\u5e15\u5c14\u7f8e\u7eb3\u56fd\u9645\u5ea6\u5047\u516c\u5bd3", "order_time": ["2019-01-08 13:03:13", "2019-01-08 12:43:15"], "total_order": 2, "hotel_value": ["4.8", "4.8"], "hotel_price": ["241", "241"]}, "5899496": {"hotel_name": "\u4e09\u4e9a\u9526\u9601\u5ea6\u5047\u516c\u5bd3", "order_time": ["2019-01-08 12:43:16"], "total_order": 1, "hotel_value": ["4.9"], "hotel_price": ["283"]}, "428280": {"hotel_name": "\u5982\u5bb6\u5feb\u6377\u9152\u5e97(\u4e09\u4e9a\u89e3\u653e\u8def\u6b65\u884c\u8857\u6c7d\u8f66\u603b\u7ad9\u5e97)(\u539f\u89e3\u653e\u8def\u4e2d\u592e\u5927\u9053\u65c5\u6e38\u8857\u5e97)", "order_time": ["2019-01-08 12:43:18"], "total_order": 1, "hotel_value": ["4.3"], "hotel_price": ["132"]}, "2705938": {"hotel_name": "\u4e09\u4e9a\u514b\u62c9\u5c14\u9152\u5e97\u00b7\u6d77\u5cb8\u7cbe\u9009", "order_time": ["2019-01-08 12:43:19"], "total_order": 1, "hotel_value": ["4.7"], "hotel_price": ["168"]}, "8836577": {"hotel_name": "\u4e09\u4e9a\u51e4\u51f0\u5bb6\u5ead\u65c5\u79df", "order_time": ["2019-01-08 12:43:19"], "total_order": 1, "hotel_value": ["4.3"], "hotel_price": ["115"]}, "6080085": {"hotel_name": "\u4e09\u4e9a\u65c5\u884c\u8005\u4e4b\u5bb6\u9752\u5e74\u65c5\u793e", "order_time": ["2019-01-08 12:43:30"], "total_order": 1, "hotel_value": [0], "hotel_price": ["20"]}, "1459517": {"hotel_name": "\u4e09\u4e9a\u7f8e\u4e3d\u65f6\u5149\u5047\u65e5\u9152\u5e97", "order_time": ["2019-01-08 12:43:31"], "total_order": 1, "hotel_value": ["4.0"], "hotel_price": ["113"]}, "1723380": {"hotel_name": "\u4e09\u4e9a\u65f6\u5149\u4ed3\u6000\u65e7\u827a\u672f\u5ba2\u6808", "order_time": ["2019-01-08 12:45:13"], "total_order": 1, "hotel_value": ["4.6"], "hotel_price": ["213"]}, "345074": {"hotel_name": "\u4e09\u4e9a\u4e9a\u9f99\u6e7e\u745e\u5409\u5ea6\u5047\u9152\u5e97", "order_time": ["2019-01-08 12:45:15"], "total_order": 1, "hotel_value": ["4.7"], "hotel_price": ["1299"]}, "346754": {"hotel_name": "\u4e09\u4e9a\u534a\u5c71\u534a\u5c9b\u6d32\u9645\u5ea6\u5047\u9152\u5e97", "order_time": ["2019-01-08 12:45:16", "2019-01-08 12:51:18"], "total_order": 2, "hotel_value": ["4.6", "4.6"], "hotel_price": ["899", "899"]}, "372203": {"hotel_name": "\u4e09\u4e9a\u6d77\u68e0\u6e7e\u5eb7\u83b1\u5fb7\u9152\u5e97", "order_time": ["2019-01-08 12:45:16"], "total_order": 1, "hotel_value": ["4.6"], "hotel_price": ["1330"]}, "346690": {"hotel_name": "\u4e09\u4e9a\u94f6\u6cf0\u9633\u5149\u5ea6\u5047\u9152\u5e97(\u539f\u4e09\u4e9a\u6e58\u6295\u94f6\u6cf0\u5ea6\u5047\u9152\u5e97)", "order_time": ["2019-01-08 12:45:16"], "total_order": 1, "hotel_value": ["4.8"], "hotel_price": ["698"]}, "345095": {"hotel_name": "\u4e09\u4e9a\u9ece\u5ba2\u56fd\u9645\u9152\u5e97", "order_time": ["2019-01-08 12:45:16", "2019-01-08 12:51:18"], "total_order": 2, "hotel_value": ["4.4", "4.4"], "hotel_price": ["367", "367"]}, "344904": {"hotel_name": "\u4e09\u4e9a\u80dc\u610f\u5927\u9152\u5e97", "order_time": ["2019-01-08 12:45:16"], "total_order": 1, "hotel_value": ["4.7"], "hotel_price": ["422"]}, "346770": {"hotel_name": "\u4e09\u4e9a\u5929\u901a\u5efa\u56fd\u9152\u5e97", "order_time": ["2019-01-08 12:45:16", "2019-01-08 12:51:18"], "total_order": 2, "hotel_value": ["4.5", "4.5"], "hotel_price": ["480", "480"]}, "1772127": {"hotel_name": "\u4e09\u4e9a\u6e7e\u7ea2\u6811\u6797\u5ea6\u5047\u4e16\u754c(\u7687\u540e\u68d5\u9152\u5e97)", "order_time": ["2019-01-08 12:45:16"], "total_order": 1, "hotel_value": ["4.7"], "hotel_price": ["648"]}, "346760": {"hotel_name": "\u4e09\u4e9a\u4e9a\u9f99\u6e7e\u8f9b\u7279\u62c9\u8d4f\u693f\u5957\u623f\u5ea6\u5047\u9152\u5e97", "order_time": ["2019-01-08 12:45:16"], "total_order": 1, "hotel_value": ["4.3"], "hotel_price": ["426"]}, "371696": {"hotel_name": "\u4e09\u4e9a\u590f\u5a01\u5937\u5927\u9152\u5e97", "order_time": ["2019-01-08 12:45:16"], "total_order": 1, "hotel_value": ["4.4"], "hotel_price": ["263"]}, "6866752": {"hotel_name": "\u4e09\u4e9a\u5929\u6daf\u6d77\u89d2\u9047\u89c1\u65f6\u5149\u6d77\u666f\u5ba2\u6808", "order_time": ["2019-01-08 12:45:16"], "total_order": 1, "hotel_value": ["4.9"], "hotel_price": ["121"]}, "19844684": {"hotel_name": "\u4e09\u4e9a\u8212\u4e4b\u4f73\u5ba2\u6808", "order_time": ["2019-01-08 12:45:26"], "total_order": 1, "hotel_value": ["4.8"], "hotel_price": ["103"]}, "15901219": {"hotel_name": "\u4e09\u4e9aFRIENDLY\u6c11\u5bbf", "order_time": ["2019-01-08 12:45:28"], "total_order": 1, "hotel_value": ["4.8"], "hotel_price": ["350"]}, "16948036": {"hotel_name": "\u4e09\u4e9a\u6e7e\u7ea2\u6811\u6797\u5ea6\u5047\u4e16\u754c(\u5927\u738b\u68d5\u9152\u5e97)", "order_time": ["2019-01-08 12:57:22", "2019-01-08 12:47:16", "2019-01-08 13:03:13"], "total_order": 3, "hotel_value": ["4.7", "4.7", "4.7"], "hotel_price": ["663", "663", "663"]}, "643641": {"hotel_name": "\u4e09\u4e9a\u51e4\u51f0\u673a\u573a\u6d77\u822a\u5feb\u6377\u9152\u5e97", "order_time": ["2019-01-08 12:57:22", "2019-01-08 12:47:16"], "total_order": 2, "hotel_value": ["4.1", "4.1"], "hotel_price": ["207", "207"]}, "2883738": {"hotel_name": "\u4e09\u4e9a\u9082\u9005\u65f6\u5149\u827a\u672f\u5ba2\u6808", "order_time": ["2019-01-08 13:03:15", "2019-01-08 12:47:17"], "total_order": 2, "hotel_value": ["4.7", "4.7"], "hotel_price": ["158", "158"]}, "24032181": {"hotel_name": "\u4e09\u4e9a\u5fc3\u5bbf\u7cbe\u54c1\u4e3b\u9898\u9152\u5e97", "order_time": ["2019-01-08 12:47:18"], "total_order": 1, "hotel_value": ["4.9"], "hotel_price": ["122"]}, "1480855": {"hotel_name": "\u4e09\u4e9a\u51ef\u5e1d\u6d77\u666f\u9152\u5e97", "order_time": ["2019-01-08 12:47:19"], "total_order": 1, "hotel_value": ["4.5"], "hotel_price": ["112"]}, "5292077": {"hotel_name": "\u4e09\u4e9a\u6d77\u8c5a\u6e7e\u4e3b\u9898\u9152\u5e97", "order_time": ["2019-01-08 12:55:15", "2019-01-08 12:47:19"], "total_order": 2, "hotel_value": ["4.5", "4.5"], "hotel_price": ["143", "143"]}, "4638068": {"hotel_name": "\u7559\u4e00\u95f4\u7cbe\u54c1\u9152\u5e97(\u4e09\u4e9a\u6e7e\u51e4\u51f0\u673a\u573a\u5e97)", "order_time": ["2019-01-08 12:47:19"], "total_order": 1, "hotel_value": ["4.3"], "hotel_price": ["217"]}, "3197195": {"hotel_name": "\u54ea\u91cc\u90a3\u91cc\u6d77\u5cb8\u7cbe\u54c1\u5ba2\u6808(\u4e09\u4e9a\u4e9a\u9f99\u6e7e\u5e97)", "order_time": ["2019-01-08 12:49:17"], "total_order": 1, "hotel_value": ["4.8"], "hotel_price": ["178"]}, "13293731": {"hotel_name": "\u4e09\u4e9a\u6f9c\u82d1\u5546\u52a1\u9152\u5e97", "order_time": ["2019-01-08 12:49:19"], "total_order": 1, "hotel_value": ["4.5"], "hotel_price": ["332"]}, "19480145": {"hotel_name": "\u4e09\u4e9a\u51e4\u51f0\u5c9b\u81f3\u5c0a\u6d77\u666f\u5ea6\u5047\u9152\u5e97", "order_time": ["2019-01-08 12:49:20"], "total_order": 1, "hotel_value": ["4.5"], "hotel_price": ["518"]}, "2021336": {"hotel_name": "\u4e09\u4e9a\u82f1\u8fea\u65af\u5ea6\u5047\u65c5\u79df", "order_time": ["2019-01-08 12:49:25"], "total_order": 1, "hotel_value": ["4.4"], "hotel_price": ["179"]}, "17496511": {"hotel_name": "\u4e09\u4e9a\u6e05\u6c34\u6e7e\u749e\u534e\u6d77\u666f\u5ea6\u5047\u516c\u9986", "order_time": ["2019-01-08 12:51:14"], "total_order": 1, "hotel_value": ["4.7"], "hotel_price": ["177"]}, "1744812": {"hotel_name": "\u4e09\u4e9a\u65af\u7ef4\u767b\u5ea6\u5047\u516c\u5bd3(\u51ac\u90fd\u5927\u53a6)", "order_time": ["2019-01-08 12:53:13"], "total_order": 1, "hotel_value": ["4.7"], "hotel_price": ["440"]}, "426966": {"hotel_name": "\u4e09\u4e9a\u5927\u5c0f\u6d1e\u5929\u5c0f\u6708\u6e7e\u5ea6\u5047\u9152\u5e97", "order_time": ["2019-01-08 13:01:11", "2019-01-08 12:53:14"], "total_order": 2, "hotel_value": ["4.5", "4.5"], "hotel_price": ["436", "436"]}, "1570339": {"hotel_name": "\u4e09\u4e9a\u548c\u6cd3\u517b\u751f\u5ea6\u5047\u9152\u5e97", "order_time": ["2019-01-08 12:55:15"], "total_order": 1, "hotel_value": ["4.6"], "hotel_price": ["251"]}, "15280412": {"hotel_name": "\u4e09\u4e9a\u54c1\u5c1a\u827a\u672f\u4e3b\u9898\u5ba2\u6808", "order_time": ["2019-01-08 12:57:14", "2019-01-08 12:55:18"], "total_order": 2, "hotel_value": ["4.8", "4.8"], "hotel_price": ["250", "250"]}, "430981": {"hotel_name": "\u5982\u5bb6\u5feb\u6377\u9152\u5e97(\u4e09\u4e9a\u89e3\u653e\u8def\u660e\u73e0\u5e7f\u573a\u8d2d\u7269\u4e2d\u5fc3\u5e97)", "order_time": ["2019-01-08 12:55:20"], "total_order": 1, "hotel_value": ["4.5"], "hotel_price": ["153"]}, "6610953": {"hotel_name": "\u4e09\u4e9a520\u5ba2\u6808", "order_time": ["2019-01-08 12:55:34"], "total_order": 1, "hotel_value": ["4.2"], "hotel_price": ["106"]}, "4841962": {"hotel_name": "\u4e09\u4e9a\u7231\u7b51\u6545\u4e8b\u5ba2\u6808", "order_time": ["2019-01-08 12:57:13"], "total_order": 1, "hotel_value": ["4.9"], "hotel_price": ["129"]}, "14479512": {"hotel_name": "\u4e09\u4e9a\u6c90\u6797\u5885\u6728\u5c4b\u6c11\u5bbf", "order_time": ["2019-01-08 13:01:12"], "total_order": 1, "hotel_value": ["4.9"], "hotel_price": ["342"]}, "1361281": {"hotel_name": "\u4e09\u4e9a\u6e7e\u7ea2\u6811\u6797\u5ea6\u5047\u4e16\u754c(\u6930\u6797\u9152\u5e97)", "order_time": ["2019-01-08 13:01:13"], "total_order": 1, "hotel_value": ["4.7"], "hotel_price": ["526"]}, "2032262": {"hotel_name": "\u7ef4\u4e5f\u7eb3\u9152\u5e97(\u4e09\u4e9a\u6e7e\u51e4\u51f0\u5c9b\u5e97)(\u539f\u4e09\u4e9a\u7b2c\u4e00\u5e02\u573a\u5e97)", "order_time": ["2019-01-08 13:01:14"], "total_order": 1, "hotel_value": ["4.7"], "hotel_price": ["266"]}, "5982932": {"hotel_name": "\u4e09\u4e9a\u6930\u8def\u5bbe\u9986", "order_time": ["2019-01-08 13:01:16"], "total_order": 1, "hotel_value": ["4.5"], "hotel_price": ["104"]}, "4388602": {"hotel_name": "\u4e09\u4e9a\u90a3\u6247\u95e8\u7cbe\u54c1\u5ba2\u6808", "order_time": ["2019-01-08 13:01:17"], "total_order": 1, "hotel_value": ["4.7"], "hotel_price": ["132"]}, "895697": {"hotel_name": "7\u5929\u8fde\u9501\u9152\u5e97(\u4e09\u4e9a\u6e7e\u80dc\u5229\u8d2d\u7269\u5e7f\u573a\u5e97)", "order_time": ["2019-01-08 13:01:19"], "total_order": 1, "hotel_value": ["4.3"], "hotel_price": ["138"]}, "384973": {"hotel_name": "\u4e09\u4e9a\u6d77\u68e0\u6e7e\u5f00\u7ef4\u4e07\u8fbe\u6587\u534e\u5ea6\u5047\u9152\u5e97", "order_time": ["2019-01-08 13:03:11"], "total_order": 1, "hotel_value": ["4.5"], "hotel_price": ["658"]}, "10919963": {"hotel_name": "\u4e09\u4e9a\u5149\u5f71\u5e74\u8f6e\u7cbe\u54c1\u5ba2\u6808", "order_time": ["2019-01-08 13:03:11"], "total_order": 1, "hotel_value": ["4.8"], "hotel_price": ["137"]}, "2893419": {"hotel_name": "\u6021\u83b1\u9152\u5e97(\u4e09\u4e9a\u89e3\u653e\u8def\u6b65\u884c\u8857\u5e97)(\u539f\u7b2c\u4e00\u5e02\u573a\u5e97)", "order_time": ["2019-01-08 13:03:11"], "total_order": 1, "hotel_value": ["3.9"], "hotel_price": ["84"]}, "345069": {"hotel_name": "\u4e09\u4e9a\u6d77\u68e0\u6e7e\u4e07\u8fbe\u5e0c\u5c14\u987f\u9038\u6797\u5ea6\u5047\u9152\u5e97", "order_time": ["2019-01-08 13:03:13"], "total_order": 1, "hotel_value": ["4.5"], "hotel_price": ["680"]}, "6446036": {"hotel_name": "\u4e09\u4e9a\u51e4\u51f0\u673a\u573a\u9152\u5e97", "order_time": ["2019-01-08 13:03:13"], "total_order": 1, "hotel_value": ["4.6"], "hotel_price": ["494"]}, "1701113": {"hotel_name": "\u9526\u6c5f\u90fd\u57ce(\u4e09\u4e9a\u6e7e\u5e97)", "order_time": ["2019-01-08 13:03:15"], "total_order": 1, "hotel_value": ["4.9"], "hotel_price": ["299"]}, "1356753": {"hotel_name": "7\u5929\u8fde\u9501\u9152\u5e97(\u4e09\u4e9a\u6b65\u884c\u8857\u7f8e\u98df\u5e7f\u573a\u5e97)", "order_time": ["2019-01-08 13:05:11"], "total_order": 1, "hotel_value": ["4.5"], "hotel_price": ["159"]}, "5924618": {"hotel_name": "\u4e9a\u9f99\u6e7e\u4f9d\u5c71\u5c45\u522b\u5885\u9152\u5e97(\u4e09\u4e9a\u9e1f\u5de2\u5e97)(\u539f\u4e9a\u9f99\u6e7e\u82b1\u56ed\u522b\u5885\u9152\u5e97)", "order_time": ["2019-01-08 13:05:11"], "total_order": 1, "hotel_value": ["4.4"], "hotel_price": ["333"]}, "436690": {"hotel_name": "\u4e09\u4e9a\u8708\u652f\u6d32\u5c9b\u73ca\u745a\u9152\u5e97\u6728\u5c4b", "order_time": ["2019-01-08 13:05:13"], "total_order": 1, "hotel_value": ["4.6"], "hotel_price": ["699"]}, "6402325": {"hotel_name": "\u4e09\u4e9a\u7b49\u82b1\u513f\u5f00\u827a\u672f\u6c11\u5bbf", "order_time": ["2019-01-08 13:05:15"], "total_order": 1, "hotel_value": ["4.7"], "hotel_price": ["126"]}, "7864205": {"hotel_name": "\u65f6\u4ee3\u5927\u6811\u5ea6\u5047\u9152\u5e97(\u4e09\u4e9a\u7f8e\u4e3d\u4e4b\u51a0\u5e97)(\u539f\u7f8e\u4e3d\u4e4b\u51a0\u5927\u6811\u5ea6\u5047\u9152\u5e97)", "order_time": ["2019-01-08 13:05:21"], "total_order": 1, "hotel_value": ["4.7"], "hotel_price": ["193"]}, "5907918": {"hotel_name": "\u4e09\u4e9a\u4e1c\u65b9\u5c0f\u9547\u516c\u5bd3", "order_time": ["2019-01-08 13:07:34"], "total_order": 1, "hotel_value": ["4.6"], "hotel_price": ["201"]}}}