{"\u5f00\u59cb\u8bb0\u5f55\u65f6\u95f4": "2019-01-09 02:49:51", "\u7ed3\u675f\u8bb0\u5f55\u65f6\u95f4": "2019-01-09 03:49:51", "\u8ba2\u5355\u603b\u589e\u91cf": 73, "item": {"918535": {"hotel_name": "\u4e45\u6816\u00b7\u4e09\u4e9a\u67ab\u4f20\u8bf4\u6d77\u666f\u5ea6\u5047\u516c\u5bd3", "order_time": ["2019-01-09 02:51:58"], "total_order": 1, "hotel_value": ["4.9"], "hotel_price": ["220"]}, "1185042": {"hotel_name": "\u4e09\u4e9a\u6e7e\u7ea2\u6811\u6797\u5ea6\u5047\u4e16\u754c(\u83e9\u63d0\u9152\u5e97)", "order_time": ["2019-01-09 02:52:02"], "total_order": 1, "hotel_value": ["4.7"], "hotel_price": ["548"]}, "440685": {"hotel_name": "\u4e09\u4e9a\u7389\u6d77\u56fd\u9645\u5ea6\u5047\u9152\u5e97", "order_time": ["2019-01-09 02:53:57", "2019-01-09 02:57:58"], "total_order": 2, "hotel_value": ["4.5", "4.5"], "hotel_price": ["260", "260"]}, "346770": {"hotel_name": "\u4e09\u4e9a\u5929\u901a\u5efa\u56fd\u9152\u5e97", "order_time": ["2019-01-09 02:53:57"], "total_order": 1, "hotel_value": ["4.5"], "hotel_price": ["480"]}, "428327": {"hotel_name": "\u5982\u5bb6\u5feb\u6377\u9152\u5e97(\u4e09\u4e9a\u4e09\u4e9a\u6e7e\u5409\u7965\u8857\u6d77\u666f\u5e97)", "order_time": ["2019-01-09 02:53:58"], "total_order": 1, "hotel_value": ["4.2"], "hotel_price": ["163"]}, "21765890": {"hotel_name": "\u4e09\u4e9a\u5361\u838e\u4e3b\u9898\u9152\u5e97", "order_time": ["2019-01-09 02:53:59"], "total_order": 1, "hotel_value": ["4.7"], "hotel_price": ["131"]}, "12874170": {"hotel_name": "\u4e09\u4e9a\u503e\u57ce\u6735\u7f8e\u9152\u5e97", "order_time": ["2019-01-09 02:56:01"], "total_order": 1, "hotel_value": ["4.2"], "hotel_price": ["200"]}, "12671479": {"hotel_name": "\u4e09\u4e9a\u6da6\u5fb7\u6e7f\u5730\u516c\u56ed\u9152\u5e97", "order_time": ["2019-01-09 02:57:57"], "total_order": 1, "hotel_value": ["4.7"], "hotel_price": ["384"]}, "375179": {"hotel_name": "\u4e09\u4e9a\u6e7e\u7ea2\u6811\u6797\u5ea6\u5047\u4e16\u754c(\u6728\u68c9\u9152\u5e97)", "order_time": ["2019-01-09 02:57:59"], "total_order": 1, "hotel_value": ["4.6"], "hotel_price": ["536"]}, "4845384": {"hotel_name": "\u4e09\u4e9a\u84dd\u5cb8\u6d77\u8fb9\u4e3b\u9898\u9152\u5e97", "order_time": ["2019-01-09 02:58:08"], "total_order": 1, "hotel_value": ["4.7"], "hotel_price": ["136"]}, "843599": {"hotel_name": "\u4e09\u4e9a\u56db\u5b63\u6d77\u5ead\u9152\u5e97", "order_time": ["2019-01-09 02:59:56"], "total_order": 1, "hotel_value": ["4.6"], "hotel_price": ["394"]}, "2893419": {"hotel_name": "\u6021\u83b1\u9152\u5e97(\u4e09\u4e9a\u89e3\u653e\u8def\u6b65\u884c\u8857\u5e97)(\u539f\u7b2c\u4e00\u5e02\u573a\u5e97)", "order_time": ["2019-01-09 03:01:58"], "total_order": 1, "hotel_value": ["3.9"], "hotel_price": ["84"]}, "13692378": {"hotel_name": "\u4e09\u4e9a\u98ce\u7434\u6e7e\u6d77\u666f\u516c\u5bd3", "order_time": ["2019-01-09 03:01:58"], "total_order": 1, "hotel_value": ["4.9"], "hotel_price": ["188"]}, "434509": {"hotel_name": "\u4e09\u4e9a\u9526\u6c5f\u5b9d\u5b8f\u5927\u9152\u5e97\u526f\u697c", "order_time": ["2019-01-09 03:03:57"], "total_order": 1, "hotel_value": ["4.5"], "hotel_price": ["318"]}, "1772127": {"hotel_name": "\u4e09\u4e9a\u6e7e\u7ea2\u6811\u6797\u5ea6\u5047\u4e16\u754c(\u7687\u540e\u68d5\u9152\u5e97)", "order_time": ["2019-01-09 03:07:56"], "total_order": 1, "hotel_value": ["4.7"], "hotel_price": ["663"]}, "386917": {"hotel_name": "\u4e09\u4e9a\u6d77\u97f5\u5ea6\u5047\u9152\u5e97", "order_time": ["2019-01-09 03:07:58"], "total_order": 1, "hotel_value": ["4.7"], "hotel_price": ["748"]}, "1192030": {"hotel_name": "\u4e09\u4e9a\u6717\u6708\u661f\u5546\u52a1\u9152\u5e97", "order_time": ["2019-01-09 03:07:58"], "total_order": 1, "hotel_value": ["3.9"], "hotel_price": ["137"]}, "6007926": {"hotel_name": "\u4e09\u4e9a\u827e\u8fea\u900a\u9152\u5e97", "order_time": ["2019-01-09 03:09:58"], "total_order": 1, "hotel_value": ["4.7"], "hotel_price": ["1948"]}, "3041884": {"hotel_name": "\u4e09\u4e9a\u4e3d\u79be\u6e29\u5fb7\u59c6\u9152\u5e97", "order_time": ["2019-01-09 03:09:58"], "total_order": 1, "hotel_value": ["4.8"], "hotel_price": ["700"]}, "5398745": {"hotel_name": "\u4e09\u4e9a\u897f\u85cf\u5927\u53a6\u5f00\u5143\u540d\u90fd\u9152\u5e97", "order_time": ["2019-01-09 03:11:57"], "total_order": 1, "hotel_value": ["4.6"], "hotel_price": ["387"]}, "6457048": {"hotel_name": "\u4f73\u8f69\u5047\u65e5\u9152\u5e97(\u4e09\u4e9a\u51e4\u51f0\u673a\u573a\u5e97)", "order_time": ["2019-01-09 03:13:58"], "total_order": 1, "hotel_value": ["4.5"], "hotel_price": ["226"]}, "436683": {"hotel_name": "\u4e09\u4e9a\u5357\u4e2d\u56fd\u5927\u9152\u5e97", "order_time": ["2019-01-09 03:13:58"], "total_order": 1, "hotel_value": ["4.5"], "hotel_price": ["332"]}, "346690": {"hotel_name": "\u4e09\u4e9a\u94f6\u6cf0\u9633\u5149\u5ea6\u5047\u9152\u5e97(\u539f\u4e09\u4e9a\u6e58\u6295\u94f6\u6cf0\u5ea6\u5047\u9152\u5e97)", "order_time": ["2019-01-09 03:13:58"], "total_order": 1, "hotel_value": ["4.8"], "hotel_price": ["653"]}, "346719": {"hotel_name": "\u4e09\u4e9a\u534a\u5c71\u534a\u5c9b\u5e06\u8239\u6e2f\u9152\u5e97", "order_time": ["2019-01-09 03:13:58"], "total_order": 1, "hotel_value": ["4.7"], "hotel_price": ["496"]}, "344912": {"hotel_name": "\u4e09\u4e9a\u6d77\u5929\u5927\u9152\u5e97", "order_time": ["2019-01-09 03:13:58"], "total_order": 1, "hotel_value": ["4.6"], "hotel_price": ["323"]}, "1281635": {"hotel_name": "\u4e09\u4e9a\u4e9a\u9f99\u6e7e\u516c\u4e3b\u90e1\u4e09\u671f\u6d0b\u623f", "order_time": ["2019-01-09 03:13:58"], "total_order": 1, "hotel_value": ["4.6"], "hotel_price": ["409"]}, "2021754": {"hotel_name": "\u4e09\u4e9a\u4fdd\u5229\u5929\u827a\u51e4\u51f0\u9152\u5e97", "order_time": ["2019-01-09 03:13:58"], "total_order": 1, "hotel_value": ["4.4"], "hotel_price": ["342"]}, "6020310": {"hotel_name": "\u4e09\u4e9a\u6606\u6cf0\u9152\u5e97", "order_time": ["2019-01-09 03:13:58"], "total_order": 1, "hotel_value": ["4.8"], "hotel_price": ["341"]}, "447842": {"hotel_name": "\u4e09\u4e9a\u666f\u5229\u83b1\u5ea6\u5047\u9152\u5e97", "order_time": ["2019-01-09 03:13:58"], "total_order": 1, "hotel_value": ["4.4"], "hotel_price": ["257"]}, "5902128": {"hotel_name": "\u9685\u82b1\u539f\u5c71\u95f4\u8bbe\u8ba1\u9152\u5e97(\u4e09\u4e9a\u51e4\u51f0\u673a\u573a\u5e97)", "order_time": ["2019-01-09 03:13:58"], "total_order": 1, "hotel_value": ["4.7"], "hotel_price": ["252"]}, "4090817": {"hotel_name": "\u4e09\u4e9a\u9a6c\u5170\u82b1\u5047\u65e5\u9152\u5e97(\u539f\u5b81\u590f\u5927\u53a6)", "order_time": ["2019-01-09 03:13:58"], "total_order": 1, "hotel_value": ["4.5"], "hotel_price": ["321"]}, "443574": {"hotel_name": "\u4e09\u4e9a\u9f99\u6c90\u6e7e\u6e29\u5fb7\u59c6\u81f3\u5c0a\u8c6a\u5ef7\u5927\u9152\u5e97", "order_time": ["2019-01-09 03:13:58"], "total_order": 1, "hotel_value": ["4.7"], "hotel_price": ["502"]}, "986446": {"hotel_name": "\u4e09\u4e9a\u4e9a\u9f99\u6e7e\u5c71\u6e56\u6d77\u522b\u5885\u5ea6\u5047\u9152\u5e97", "order_time": ["2019-01-09 03:13:58"], "total_order": 1, "hotel_value": ["4.2"], "hotel_price": ["393"]}, "2216767": {"hotel_name": "\u7ef4\u4e5f\u7eb3\u9152\u5e97(\u4e09\u4e9a\u6e7e\u5e97)", "order_time": ["2019-01-09 03:13:58"], "total_order": 1, "hotel_value": ["4.8"], "hotel_price": ["358"]}, "4374867": {"hotel_name": "\u4e09\u4e9a\u53cc\u5927\u56fd\u9645\u9152\u5e97", "order_time": ["2019-01-09 03:13:58"], "total_order": 1, "hotel_value": ["4.5"], "hotel_price": ["482"]}, "21369544": {"hotel_name": "\u4e09\u4e9a\u51e4\u51f0\u5c9b\u70ed\u5e26\u98ce\u60c5\u5ea6\u5047\u9152\u5e97", "order_time": ["2019-01-09 03:13:58"], "total_order": 1, "hotel_value": ["4.6"], "hotel_price": ["437"]}, "346724": {"hotel_name": "\u4e09\u4e9a\u56fd\u9645\u996d\u5e97", "order_time": ["2019-01-09 03:13:58"], "total_order": 1, "hotel_value": ["3.9"], "hotel_price": ["283"]}, "6106463": {"hotel_name": "\u4e09\u4e9a\u7f8e\u4e9a\u56db\u5b63\u9152\u5e97", "order_time": ["2019-01-09 03:13:58"], "total_order": 1, "hotel_value": ["4.6"], "hotel_price": ["308"]}, "23918136": {"hotel_name": "\u4e09\u4e9a\u9999\u6c34\u6e7e\u963f\u5c14\u5361\u8fea\u4e9a\u5ea6\u5047\u9152\u5e97", "order_time": ["2019-01-09 03:13:58"], "total_order": 1, "hotel_value": ["4.6"], "hotel_price": ["612"]}, "22416215": {"hotel_name": "\u4e09\u4e9a\u74e6\u683c\u7eb3\u6d77\u666f\u5ea6\u5047\u9152\u5e97", "order_time": ["2019-01-09 03:13:58"], "total_order": 1, "hotel_value": ["4.8"], "hotel_price": ["202"]}, "5090410": {"hotel_name": "\u4e09\u4e9a\u6930\u4e4b\u6d77\u6d77\u666f\u5ea6\u5047\u516c\u5bd3(\u539f\u6d77\u5cb8\u540d\u90fd\u7cbe\u54c1\u6d77\u666f\u516c\u5bd3)", "order_time": ["2019-01-09 03:13:58"], "total_order": 1, "hotel_value": ["4.8"], "hotel_price": ["302"]}, "6327433": {"hotel_name": "\u4e09\u4e9a\u9999\u6c34\u6e7e\u8363\u9038\u6e29\u60c5\u9152\u5e97", "order_time": ["2019-01-09 03:13:58"], "total_order": 1, "hotel_value": ["4.7"], "hotel_price": ["356"]}, "25104976": {"hotel_name": "\u4e09\u4e9a\u5343\u6d54\u5c7f\u5bbf\u8bbe\u8ba1\u6c11\u5bbf", "order_time": ["2019-01-09 03:13:58"], "total_order": 1, "hotel_value": ["4.9"], "hotel_price": ["420"]}, "2032262": {"hotel_name": "\u7ef4\u4e5f\u7eb3\u9152\u5e97(\u4e09\u4e9a\u6e7e\u51e4\u51f0\u5c9b\u5e97)(\u539f\u4e09\u4e9a\u7b2c\u4e00\u5e02\u573a\u5e97)", "order_time": ["2019-01-09 03:13:58"], "total_order": 1, "hotel_value": ["4.7"], "hotel_price": ["268"]}, "11444334": {"hotel_name": "\u4e09\u4e9a\u4e9a\u9f99\u6e7e\u5e0c\u60a6\u7cbe\u54c1\u522b\u5885\u9152\u5e97", "order_time": ["2019-01-09 03:13:58"], "total_order": 1, "hotel_value": ["4.6"], "hotel_price": ["360"]}, "3362163": {"hotel_name": "\u4e09\u4e9a\u54c8\u66fc\u5ea6\u5047\u9152\u5e97", "order_time": ["2019-01-09 03:39:56", "2019-01-09 03:15:57", "2019-01-09 03:19:56"], "total_order": 3, "hotel_value": ["4.7", "4.7", "4.7"], "hotel_price": ["628", "628", "628"]}, "2883738": {"hotel_name": "\u4e09\u4e9a\u9082\u9005\u65f6\u5149\u827a\u672f\u5ba2\u6808", "order_time": ["2019-01-09 03:15:57"], "total_order": 1, "hotel_value": ["4.7"], "hotel_price": ["148"]}, "1067285": {"hotel_name": "\u6d77\u5357\u84dd\u6e7e\u7eff\u57ce\u5a01\u65af\u6c40\u5ea6\u5047\u9152\u5e97", "order_time": ["2019-01-09 03:15:58"], "total_order": 1, "hotel_value": ["4.7"], "hotel_price": ["891"]}, "12458747": {"hotel_name": "\u4e09\u4e9a\u851a\u84dd\u6d77\u5cb8\u6d77\u666f\u516c\u5bd3", "order_time": ["2019-01-09 03:15:59"], "total_order": 1, "hotel_value": ["4.9"], "hotel_price": ["416"]}, "16128581": {"hotel_name": "\u4e09\u4e9a\u7cd6\u679c\u6d77\u666f\u5957\u623f\u5ea6\u5047\u516c\u5bd3", "order_time": ["2019-01-09 03:18:00"], "total_order": 1, "hotel_value": ["4.6"], "hotel_price": ["194"]}, "2012657": {"hotel_name": "\u4e09\u4e9a\u5047\u65e5\u6d77\u6ee9\u5ea6\u5047\u516c\u5bd3", "order_time": ["2019-01-09 03:18:00"], "total_order": 1, "hotel_value": ["4.9"], "hotel_price": ["218"]}, "3734981": {"hotel_name": "\u4e09\u4e9a\u94f6\u5821\u6e7e\u9152\u5e97", "order_time": ["2019-01-09 03:18:00"], "total_order": 1, "hotel_value": ["3.9"], "hotel_price": ["90"]}, "24039926": {"hotel_name": "\u4e09\u4e9a\u6d6a\u6f2b\u96c5\u5c45\u6d77\u666f\u516c\u5bd3", "order_time": ["2019-01-09 03:18:00"], "total_order": 1, "hotel_value": ["5.0"], "hotel_price": ["311"]}, "1721614": {"hotel_name": "\u4e09\u4e9a\u8499\u53e4\u4eba\u516c\u5bd3", "order_time": ["2019-01-09 03:18:00"], "total_order": 1, "hotel_value": ["4.8"], "hotel_price": ["160"]}, "734793": {"hotel_name": "\u4e09\u4e9a\u6d77\u6f9c\u6e7e\u5927\u9152\u5e97", "order_time": ["2019-01-09 03:18:00"], "total_order": 1, "hotel_value": ["3.7"], "hotel_price": ["197"]}, "740890": {"hotel_name": "\u4e09\u4e9a\u4e2d\u80dc\u5e78\u798f\u5ea6\u5047\u9152\u5e97", "order_time": ["2019-01-09 03:19:57"], "total_order": 1, "hotel_value": ["3.8"], "hotel_price": ["101"]}, "346711": {"hotel_name": "\u4e09\u4e9a\u541b\u9526\u6ee8\u6d77\u9152\u5e97", "order_time": ["2019-01-09 03:21:57"], "total_order": 1, "hotel_value": ["4.5"], "hotel_price": ["256"]}, "670132": {"hotel_name": "\u5929\u827a\u56fd\u9645\u9152\u5e97(\u4e09\u4e9a\u5927\u4e1c\u6d77\u5e97)(\u539f\u4e16\u7eaa\u8c6a\u5ead\u9152\u5e97)", "order_time": ["2019-01-09 03:23:57", "2019-01-09 03:47:56"], "total_order": 2, "hotel_value": ["4.4", "4.4"], "hotel_price": ["288", "288"]}, "344934": {"hotel_name": "\u4e09\u4e9a\u6930\u6797\u6ee9\u5927\u9152\u5e97", "order_time": ["2019-01-09 03:23:57"], "total_order": 1, "hotel_value": ["4.4"], "hotel_price": ["323"]}, "854467": {"hotel_name": "\u4e09\u4e9a\u67d2\u73a5\u6d77\u8bed\u6d77\u666f\u4e3b\u9898\u9152\u5e97", "order_time": ["2019-01-09 03:27:57"], "total_order": 1, "hotel_value": ["4.6"], "hotel_price": ["118"]}, "3068224": {"hotel_name": "\u4e09\u4e9a\u5927\u4e1c\u6d77HOME\u5957\u623f\u5ea6\u5047\u6d77\u666f\u5ba2\u6808", "order_time": ["2019-01-09 03:29:56"], "total_order": 1, "hotel_value": ["4.8"], "hotel_price": ["168"]}, "842890": {"hotel_name": "\u4e09\u4e9a\u52c3\u7fd4\u6d77\u666f\u9152\u5e97(\u539f\u4e00\u8def\u5411\u5357\u65c5\u884c\u5ba2\u6808)", "order_time": ["2019-01-09 03:31:57"], "total_order": 1, "hotel_value": ["4.4"], "hotel_price": ["97"]}, "1118574": {"hotel_name": "\u4e09\u4e9a\u6fb3\u59ae\u65af\u9152\u5e97", "order_time": ["2019-01-09 03:31:57"], "total_order": 1, "hotel_value": ["4.9"], "hotel_price": ["192"]}, "471663": {"hotel_name": "\u4e09\u4e9a\u5206\u754c\u6d32\u5c9b\u6d77\u9493\u4f1a\u6240", "order_time": ["2019-01-09 03:35:59"], "total_order": 1, "hotel_value": ["4.5"], "hotel_price": ["670"]}, "1361281": {"hotel_name": "\u4e09\u4e9a\u6e7e\u7ea2\u6811\u6797\u5ea6\u5047\u4e16\u754c(\u6930\u6797\u9152\u5e97)", "order_time": ["2019-01-09 03:37:59"], "total_order": 1, "hotel_value": ["4.7"], "hotel_price": ["552"]}, "346693": {"hotel_name": "\u4e09\u4e9a\u4e9a\u9f99\u6e7e\u534e\u5b87\u5ea6\u5047\u9152\u5e97", "order_time": ["2019-01-09 03:39:56"], "total_order": 1, "hotel_value": ["4.6"], "hotel_price": ["759"]}, "473368": {"hotel_name": "\u5982\u5bb6\u6d3e\u67cf\u00b7\u4e91\u9152\u5e97(\u4e09\u4e9a\u9e7f\u56de\u5934\u516c\u56ed\u6d77\u666f\u5e97)(\u539f\u661f\u5ea7\u9152\u5e97)", "order_time": ["2019-01-09 03:43:57"], "total_order": 1, "hotel_value": [0], "hotel_price": ["136"]}, "9666280": {"hotel_name": "\u4e09\u4e9ahello\u6d77\u666f\u5ea6\u5047\u516c\u5bd3", "order_time": ["2019-01-09 03:45:57"], "total_order": 1, "hotel_value": ["4.8"], "hotel_price": ["207"]}, "976249": {"hotel_name": "\u54ea\u91cc\u90a3\u91cc\u6d77\u5cb8\u7cbe\u54c1\u5ba2\u6808(\u4e09\u4e9a\u5927\u4e1c\u6d77\u5e97)", "order_time": ["2019-01-09 03:47:56"], "total_order": 1, "hotel_value": ["4.8"], "hotel_price": ["169"]}}}