{"\u5f00\u59cb\u8bb0\u5f55\u65f6\u95f4": "2019-01-29 11:14:12", "\u7ed3\u675f\u8bb0\u5f55\u65f6\u95f4": "2019-01-29 12:14:12", "\u8ba2\u5355\u603b\u589e\u91cf": 345, "item": {"17582744": {"hotel_name": "\u4e09\u4e9aGreen House\u4e3b\u9898\u9152\u5e97", "order_time": ["2019-01-29 11:36:21", "2019-01-29 11:16:19"], "total_order": 2, "hotel_value": ["4.8", "4.8"], "hotel_price": ["116", "116"]}, "436675": {"hotel_name": "\u4e09\u4e9a\u5927\u4e1c\u6d77\u541b\u4ead\u9152\u5e97", "order_time": ["2019-01-29 11:16:19"], "total_order": 1, "hotel_value": ["4.8"], "hotel_price": ["393"]}, "3362163": {"hotel_name": "\u4e09\u4e9a\u54c8\u66fc\u5ea6\u5047\u9152\u5e97", "order_time": ["2019-01-29 12:00:22", "2019-01-29 11:16:19", "2019-01-29 11:28:20"], "total_order": 3, "hotel_value": ["4.7", "4.7", "4.7"], "hotel_price": ["998", "998", "998"]}, "9789923": {"hotel_name": "\u4e09\u4e9a\u5eb7\u5e74\u9152\u5e97", "order_time": ["2019-01-29 11:58:21", "2019-01-29 11:38:28", "2019-01-29 11:32:19", "2019-01-29 11:16:19", "2019-01-29 11:22:22"], "total_order": 5, "hotel_value": ["4.7", "4.7", "4.7", "4.7", "4.7"], "hotel_price": ["1338", "1338", "1338", "1338", "2688"]}, "1470056": {"hotel_name": "Q\u52a0\u00b7\u4e09\u4e9a\u8fd9\u7247\u6d77\u5ea6\u5047\u6d77\u666f\u5ba2\u6808", "order_time": ["2019-01-29 11:16:20", "2019-01-29 11:36:22", "2019-01-29 11:52:21"], "total_order": 3, "hotel_value": ["4.6", "4.6", "4.6"], "hotel_price": ["177", "177", "177"]}, "4371952": {"hotel_name": "\u4e09\u4e9a\u534e\u5b87\u4e9a\u9f99\u6e7e\u8fce\u5bbe\u9986", "order_time": ["2019-01-29 11:26:19", "2019-01-29 11:16:22"], "total_order": 2, "hotel_value": ["4.7", "4.7"], "hotel_price": ["1439", "1439"]}, "372203": {"hotel_name": "\u4e09\u4e9a\u6d77\u68e0\u6e7e\u5eb7\u83b1\u5fb7\u9152\u5e97", "order_time": ["2019-01-29 11:16:22"], "total_order": 1, "hotel_value": ["4.6"], "hotel_price": ["2400"]}, "10520963": {"hotel_name": "\u4e09\u4e9a\u91d1\u838e\u73fa\u5510\u9152\u5e97", "order_time": ["2019-01-29 11:16:22"], "total_order": 1, "hotel_value": ["4.8"], "hotel_price": ["550"]}, "438193": {"hotel_name": "\u6d77\u5357\u798f\u6e7e\u6885\u8bfa\u5361\u5ea6\u5047\u9152\u5e97", "order_time": ["2019-01-29 11:50:19", "2019-01-29 11:16:23"], "total_order": 2, "hotel_value": ["4.4", "4.4"], "hotel_price": ["317", "317"]}, "15696546": {"hotel_name": "\u4e09\u4e9a\u4e2d\u5fc3\u51ef\u60a6\u5609\u8f69\u9152\u5e97", "order_time": ["2019-01-29 11:36:21", "2019-01-29 11:58:21", "2019-01-29 11:16:24", "2019-01-29 11:30:20"], "total_order": 4, "hotel_value": ["4.5", "4.5", "4.5", "4.5"], "hotel_price": ["479", "479", "479", "479"]}, "346664": {"hotel_name": "\u4e09\u4e9a\u541b\u7136\u6e29\u6cc9\u5ea6\u5047\u9152\u5e97", "order_time": ["2019-01-29 11:58:21", "2019-01-29 12:00:22", "2019-01-29 11:22:21", "2019-01-29 11:54:19", "2019-01-29 11:16:24"], "total_order": 5, "hotel_value": ["4.5", "4.5", "4.5", "4.5", "4.5"], "hotel_price": ["349", "349", "349", "349", "349"]}, "471663": {"hotel_name": "\u4e09\u4e9a\u5206\u754c\u6d32\u5c9b\u6d77\u9493\u4f1a\u6240", "order_time": ["2019-01-29 11:16:24"], "total_order": 1, "hotel_value": ["4.5"], "hotel_price": ["738"]}, "371696": {"hotel_name": "\u4e09\u4e9a\u590f\u5a01\u5937\u5927\u9152\u5e97", "order_time": ["2019-01-29 11:26:19", "2019-01-29 11:16:24", "2019-01-29 12:04:20"], "total_order": 3, "hotel_value": ["4.4", "4.4", "4.4"], "hotel_price": ["280", "280", "280"]}, "470577": {"hotel_name": "\u4e09\u4e9a\u5357\u5c71\u4f11\u95f2\u4f1a\u9986\u7985\u4fee\u4e3b\u9898", "order_time": ["2019-01-29 11:16:25"], "total_order": 1, "hotel_value": ["4.5"], "hotel_price": ["566"]}, "12064842": {"hotel_name": "\u4e09\u4e9a\u6625\u590f\u79cb\u8bbe\u8ba1\u6c11\u5bbf", "order_time": ["2019-01-29 11:16:25", "2019-01-29 11:52:22", "2019-01-29 12:02:20", "2019-01-29 11:58:22"], "total_order": 4, "hotel_value": ["4.7", "4.7", "4.7", "4.7"], "hotel_price": ["160", "160", "160", "160"]}, "345101": {"hotel_name": "\u91d1\u8302\u4e09\u4e9a\u4e9a\u9f99\u6e7e\u4e3d\u601d\u5361\u5c14\u987f\u9152\u5e97", "order_time": ["2019-01-29 11:16:31"], "total_order": 1, "hotel_value": ["4.7"], "hotel_price": ["1852"]}, "1419670": {"hotel_name": "\u84dd\u5929\u56fd\u9645\u9752\u5e74\u65c5\u820d(\u4e09\u4e9a\u5927\u4e1c\u6d77\u5e97)", "order_time": ["2019-01-29 11:28:19", "2019-01-29 11:32:19", "2019-01-29 11:18:18"], "total_order": 3, "hotel_value": ["4.7", "4.7", "4.7"], "hotel_price": ["58", "58", "58"]}, "6007926": {"hotel_name": "\u4e09\u4e9a\u827e\u8fea\u900a\u9152\u5e97", "order_time": ["2019-01-29 11:18:18"], "total_order": 1, "hotel_value": ["4.7"], "hotel_price": ["1588"]}, "1284874": {"hotel_name": "\u4e09\u4e9a\u9999\u683c\u91cc\u62c9\u5ea6\u5047\u9152\u5e97", "order_time": ["2019-01-29 11:18:18"], "total_order": 1, "hotel_value": ["4.6"], "hotel_price": ["1516"]}, "23930040": {"hotel_name": "\u90b8\u8bfa\u5171\u4eab\u522b\u5885\u516c\u5bd3(\u4e09\u4e9a\u6e7e\u5e97)", "order_time": ["2019-01-29 11:18:19"], "total_order": 1, "hotel_value": ["4.8"], "hotel_price": ["617"]}, "1739015": {"hotel_name": "\u4e09\u4e9a\u9f99\u5174\u83b1\u66fc\u6d77\u666f\u5ea6\u5047\u9152\u5e97", "order_time": ["2019-01-29 11:18:19", "2019-01-29 11:24:20", "2019-01-29 12:10:19"], "total_order": 3, "hotel_value": ["4.4", "4.4", "4.4"], "hotel_price": ["419", "419", "419"]}, "346764": {"hotel_name": "\u4e09\u4e9a\u541b\u6f9c\u00b7\u9e7f\u56de\u5934\u56fd\u5bbe\u9986(\u539f\u9e7f\u56de\u5934\u56fd\u5bbe\u9986)", "order_time": ["2019-01-29 11:18:19"], "total_order": 1, "hotel_value": ["4.8"], "hotel_price": ["879"]}, "2147975": {"hotel_name": "\u4e09\u4e9a\u80cc\u5305\u5ba2\u56fd\u9645\u9752\u5e74\u65c5\u820d(\u539f\u9633\u5149\u56fd\u9645\u9752\u5e74\u65c5\u820d)", "order_time": ["2019-01-29 11:18:19"], "total_order": 1, "hotel_value": ["4.6"], "hotel_price": ["44"]}, "1602239": {"hotel_name": "\u4e09\u4e9a\u4e09\u6b65\u6d77\u5ba2\u6808", "order_time": ["2019-01-29 11:18:21", "2019-01-29 11:34:19"], "total_order": 2, "hotel_value": ["4.8", "4.8"], "hotel_price": ["199", "199"]}, "426360": {"hotel_name": "\u4e09\u4e9a\u67cf\u745e\u7cbe\u54c1\u6d77\u666f\u9152\u5e97", "order_time": ["2019-01-29 11:18:22"], "total_order": 1, "hotel_value": ["4.6"], "hotel_price": ["370"]}, "384973": {"hotel_name": "\u4e09\u4e9a\u6d77\u68e0\u6e7e\u5f00\u7ef4\u4e07\u8fbe\u6587\u534e\u5ea6\u5047\u9152\u5e97", "order_time": ["2019-01-29 11:26:19", "2019-01-29 11:30:21", "2019-01-29 11:18:22"], "total_order": 3, "hotel_value": ["4.5", "4.5", "4.5"], "hotel_price": ["646", "649", "649"]}, "345069": {"hotel_name": "\u4e09\u4e9a\u6d77\u68e0\u6e7e\u4e07\u8fbe\u5e0c\u5c14\u987f\u9038\u6797\u5ea6\u5047\u9152\u5e97", "order_time": ["2019-01-29 11:18:22"], "total_order": 1, "hotel_value": ["4.5"], "hotel_price": ["2000"]}, "6484684": {"hotel_name": "\u4e09\u4e9a\u4e07\u5ef7\u4e3b\u9898\u9152\u5e97", "order_time": ["2019-01-29 11:18:24", "2019-01-29 11:34:20"], "total_order": 2, "hotel_value": ["4.7", "4.7"], "hotel_price": ["183", "183"]}, "17277167": {"hotel_name": "\u4e09\u4e9a\u79c0\u6770\u5ea6\u5047\u6d0b\u623f\u522b\u5885", "order_time": ["2019-01-29 11:18:27"], "total_order": 1, "hotel_value": [0], "hotel_price": ["569"]}, "347462": {"hotel_name": "\u4e09\u4e9a\u6d77\u68e0\u6e7e9\u53f7\u5ea6\u5047\u9152\u5e97", "order_time": ["2019-01-29 11:52:20", "2019-01-29 11:48:20", "2019-01-29 11:32:19", "2019-01-29 11:20:20"], "total_order": 4, "hotel_value": ["4.7", "4.7", "4.7", "4.7"], "hotel_price": ["967", "967", "967", "967"]}, "470083": {"hotel_name": "\u6d77\u5357\u96c5\u5c45\u4e50\u83b1\u4f5b\u58eb\u9152\u5e97", "order_time": ["2019-01-29 11:26:19", "2019-01-29 11:20:20"], "total_order": 2, "hotel_value": ["4.8", "4.8"], "hotel_price": ["988", "988"]}, "843599": {"hotel_name": "\u4e09\u4e9a\u56db\u5b63\u6d77\u5ead\u9152\u5e97", "order_time": ["2019-01-29 11:20:20"], "total_order": 1, "hotel_value": ["4.6"], "hotel_price": ["444"]}, "14003763": {"hotel_name": "\u4e09\u4e9a\u5fc3\u4e00\u5883\u7985\u610f\u5927\u9152\u5e97", "order_time": ["2019-01-29 11:20:20"], "total_order": 1, "hotel_value": ["4.8"], "hotel_price": ["306"]}, "346775": {"hotel_name": "\u4e09\u4e9a\u4e9a\u9f99\u6e7e\u73af\u7403\u57ce\u5927\u9152\u5e97", "order_time": ["2019-01-29 11:50:19", "2019-01-29 11:56:19", "2019-01-29 11:40:19", "2019-01-29 11:20:20"], "total_order": 4, "hotel_value": ["4.2", "4.2", "4.2", "4.2"], "hotel_price": ["680", "680", "680", "680"]}, "29589243": {"hotel_name": "\u4e09\u4e9a\u4e9a\u9f99\u6e7e\u60a6\u83b1\u6d77\u5885\u7cbe\u54c1\u6c11\u5bbf", "order_time": ["2019-01-29 11:46:18", "2019-01-29 11:20:20", "2019-01-29 12:02:20", "2019-01-29 11:36:21", "2019-01-29 12:12:21"], "total_order": 5, "hotel_value": ["5.0", "5.0", "5.0", "5.0", "5.0"], "hotel_price": ["193", "193", "193", "193", "193"]}, "25219265": {"hotel_name": "\u4e09\u4e9a\u7f18\u6765\u58f9\u5bb6\u5ba2\u6808", "order_time": ["2019-01-29 11:42:20", "2019-01-29 11:20:20"], "total_order": 2, "hotel_value": ["4.8", "4.8"], "hotel_price": ["183", "183"]}, "2091425": {"hotel_name": "\u4e09\u4e9a\u7965\u548c\u9152\u5e97", "order_time": ["2019-01-29 11:20:20"], "total_order": 1, "hotel_value": ["4.5"], "hotel_price": ["184"]}, "28366169": {"hotel_name": "7\u5929\u4f18\u54c1\u9152\u5e97(\u4e09\u4e9a\u6e7e\u6d77\u6708\u5e7f\u573a\u6d77\u666f\u5e97)", "order_time": ["2019-01-29 11:20:20"], "total_order": 1, "hotel_value": ["4.8"], "hotel_price": ["189"]}, "1682691": {"hotel_name": "\u4e09\u4e9a\u4eac\u6d77\u56fd\u9645\u5047\u65e5\u9152\u5e97", "order_time": ["2019-01-29 12:06:20", "2019-01-29 11:20:20", "2019-01-29 11:24:21", "2019-01-29 11:54:19", "2019-01-29 11:26:23"], "total_order": 5, "hotel_value": ["4.6", "4.6", "4.6", "4.6", "4.6"], "hotel_price": ["585", "585", "585", "585", "585"]}, "386917": {"hotel_name": "\u4e09\u4e9a\u6d77\u97f5\u5ea6\u5047\u9152\u5e97", "order_time": ["2019-01-29 11:54:19", "2019-01-29 11:30:20", "2019-01-29 11:20:20"], "total_order": 3, "hotel_value": ["4.7", "4.7", "4.7"], "hotel_price": ["1358", "1046", "1046"]}, "1457262": {"hotel_name": "\u4e09\u4e9a\u5c71\u6d77\u5929JW\u4e07\u8c6a\u9152\u5e97", "order_time": ["2019-01-29 11:54:19", "2019-01-29 11:28:20", "2019-01-29 11:36:20", "2019-01-29 11:20:20"], "total_order": 4, "hotel_value": ["4.7", "4.7", "4.7", "4.7"], "hotel_price": ["962", "962", "962", "962"]}, "1486685": {"hotel_name": "\u4e09\u4e9a\u51e4\u51f0\u5c9b\u5ea6\u5047\u9152\u5e97", "order_time": ["2019-01-29 12:00:22", "2019-01-29 11:32:19", "2019-01-29 11:20:20", "2019-01-29 11:40:19", "2019-01-29 11:52:20"], "total_order": 5, "hotel_value": ["4.7", "4.7", "4.7", "4.7", "4.7"], "hotel_price": ["1538", "1538", "1538", "1538", "1538"]}, "345078": {"hotel_name": "\u4e09\u4e9a\u4e9a\u9f99\u6e7e\u7f8e\u9ad8\u6885\u5ea6\u5047\u9152\u5e97", "order_time": ["2019-01-29 11:20:20"], "total_order": 1, "hotel_value": ["4.7"], "hotel_price": ["1499"]}, "643641": {"hotel_name": "\u4e09\u4e9a\u51e4\u51f0\u673a\u573a\u6d77\u822a\u5feb\u6377\u9152\u5e97", "order_time": ["2019-01-29 11:58:21", "2019-01-29 11:20:21", "2019-01-29 12:02:19"], "total_order": 3, "hotel_value": ["4.1", "4.1", "4.1"], "hotel_price": ["208", "208", "208"]}, "23946400": {"hotel_name": "\u4e09\u4e9a\u7f8e\u5885\u65e5\u8bb0\u522b\u5885", "order_time": ["2019-01-29 11:20:21", "2019-01-29 11:44:20"], "total_order": 2, "hotel_value": ["4.9", "4.9"], "hotel_price": ["249", "210"]}, "28724769": {"hotel_name": "\u4e09\u4e9a\u521d\u89c1\u827a\u5bbf", "order_time": ["2019-01-29 11:36:21", "2019-01-29 11:24:21", "2019-01-29 11:20:21"], "total_order": 3, "hotel_value": ["4.9", "4.9", "4.9"], "hotel_price": ["142", "142", "142"]}, "6486443": {"hotel_name": "\u4e09\u4e9a\u5b9d\u745e\u7cbe\u54c1\u5ea6\u5047\u516c\u5bd3", "order_time": ["2019-01-29 11:20:21"], "total_order": 1, "hotel_value": ["4.4"], "hotel_price": ["193"]}, "2893419": {"hotel_name": "\u4e09\u4e9a\u5229\u83b1\u9152\u5e97(\u539f\u6021\u83b1\u9152\u5e97)", "order_time": ["2019-01-29 11:32:20", "2019-01-29 11:20:22"], "total_order": 2, "hotel_value": ["4.0", "4.0"], "hotel_price": ["99", "99"]}, "24609830": {"hotel_name": "\u4e09\u4e9a\u6d77\u68e0\u6e7e\u5c0f\u68e0\u522b\u9662\u827a\u672f\u6c11\u5bbf", "order_time": ["2019-01-29 11:20:22"], "total_order": 1, "hotel_value": ["4.8"], "hotel_price": ["407"]}, "8649263": {"hotel_name": "\u4e09\u4e9a\u6d77\u8fb9\u4eba\u5bb6\u9752\u5e74\u65c5\u820d", "order_time": ["2019-01-29 11:20:27"], "total_order": 1, "hotel_value": ["4.6"], "hotel_price": ["35"]}, "375179": {"hotel_name": "\u4e09\u4e9a\u6e7e\u7ea2\u6811\u6797\u5ea6\u5047\u4e16\u754c(\u6728\u68c9\u9152\u5e97)", "order_time": ["2019-01-29 11:22:20"], "total_order": 1, "hotel_value": ["4.6"], "hotel_price": ["706"]}, "372133": {"hotel_name": "\u4e09\u4e9a\u73e0\u6c5f\u82b1\u56ed\u9152\u5e97", "order_time": ["2019-01-29 11:22:20", "2019-01-29 11:24:21"], "total_order": 2, "hotel_value": ["4.4", "4.4"], "hotel_price": ["393", "393"]}, "468875": {"hotel_name": "\u6674\u5929\u7389\u6ee9\u6d77\u666f\u5ea6\u5047\u516c\u5bd3(\u4e09\u4e9a\u6e7e\u5e97)", "order_time": ["2019-01-29 11:22:20"], "total_order": 1, "hotel_value": ["4.1"], "hotel_price": ["158"]}, "346724": {"hotel_name": "\u4e09\u4e9a\u56fd\u9645\u996d\u5e97", "order_time": ["2019-01-29 12:00:22", "2019-01-29 11:22:21"], "total_order": 2, "hotel_value": ["4.0", "4.0"], "hotel_price": ["286", "286"]}, "8577364": {"hotel_name": "\u65e9\u5b89\u5927\u6811\u9152\u5e97(\u4e09\u4e9a\u7f8e\u4e3d\u4e4b\u51a0\u5e97)(\u539f\u4e09\u4e9a\u65e9\u5b89\u6591\u514b\u9152\u5e97\u5927\u6811\u516c\u9986\u5e97)", "order_time": ["2019-01-29 11:22:21"], "total_order": 1, "hotel_value": ["4.5"], "hotel_price": ["198"]}, "1430879": {"hotel_name": "\u4e09\u4e9a\u6e7e\u54c7\u827e\u9c81\u6d77\u5cb8\u522b\u5885", "order_time": ["2019-01-29 11:22:21"], "total_order": 1, "hotel_value": ["4.6"], "hotel_price": ["256"]}, "16948036": {"hotel_name": "\u4e09\u4e9a\u6e7e\u7ea2\u6811\u6797\u5ea6\u5047\u4e16\u754c(\u5927\u738b\u68d5\u9152\u5e97)", "order_time": ["2019-01-29 11:22:22"], "total_order": 1, "hotel_value": ["4.7"], "hotel_price": ["544"]}, "660311": {"hotel_name": "\u4e09\u4e9a\u6e7e\u559c\u6765\u767b\u5ea6\u5047\u9152\u5e97", "order_time": ["2019-01-29 11:22:22"], "total_order": 1, "hotel_value": ["4.6"], "hotel_price": ["765"]}, "1067285": {"hotel_name": "\u6d77\u5357\u84dd\u6e7e\u7eff\u57ce\u5a01\u65af\u6c40\u5ea6\u5047\u9152\u5e97", "order_time": ["2019-01-29 11:22:22"], "total_order": 1, "hotel_value": ["4.7"], "hotel_price": ["891"]}, "455490": {"hotel_name": "\u4e09\u4e9a\u4e9a\u9f99\u6e7e\u77f3\u6eaa\u5885\u5efa\u56fd\u5ea6\u5047\u9152\u5e97", "order_time": ["2019-01-29 11:22:22"], "total_order": 1, "hotel_value": ["4.6"], "hotel_price": ["741"]}, "25665180": {"hotel_name": "\u4e09\u4e9a\u5609\u4f69\u4e50\u5ea6\u5047\u9152\u5e97", "order_time": ["2019-01-29 11:22:22"], "total_order": 1, "hotel_value": ["4.7"], "hotel_price": ["2998"]}, "346693": {"hotel_name": "\u4e09\u4e9a\u4e9a\u9f99\u6e7e\u534e\u5b87\u5ea6\u5047\u9152\u5e97", "order_time": ["2019-01-29 11:36:20", "2019-01-29 11:32:19", "2019-01-29 11:22:22", "2019-01-29 11:32:24", "2019-01-29 11:32:25"], "total_order": 5, "hotel_value": ["4.6", "4.6", "4.6", "4.6", "4.6"], "hotel_price": ["1079", "1079", "1079", "1079", "1079"]}, "345522": {"hotel_name": "\u4e09\u4e9a\u5929\u57df\u5ea6\u5047\u9152\u5e97", "order_time": ["2019-01-29 11:28:20", "2019-01-29 11:22:22"], "total_order": 2, "hotel_value": ["4.8", "4.8"], "hotel_price": ["2299", "2299"]}, "433675": {"hotel_name": "\u4e09\u4e9a\u51e4\u51f0\u6c34\u57ce\u51ef\u83b1\u5ea6\u5047\u9152\u5e97", "order_time": ["2019-01-29 11:22:22"], "total_order": 1, "hotel_value": ["4.5"], "hotel_price": ["338"]}, "1544957": {"hotel_name": "\u4e09\u4e9a\u843d\u5b89\u9752\u5e74\u65c5\u820d", "order_time": ["2019-01-29 11:22:23"], "total_order": 1, "hotel_value": ["4.7"], "hotel_price": ["60"]}, "1701200": {"hotel_name": "\u4e09\u4e9a\u534e\u5546\u5546\u52a1\u9152\u5e97", "order_time": ["2019-01-29 11:22:24"], "total_order": 1, "hotel_value": ["4.8"], "hotel_price": ["178"]}, "3054391": {"hotel_name": "\u4e09\u4e9a\u7433\u73d1\u747e\u631a\u6d77\u666f\u5ea6\u5047\u9152\u5e97", "order_time": ["2019-01-29 11:22:25"], "total_order": 1, "hotel_value": ["4.3"], "hotel_price": ["164"]}, "1580558": {"hotel_name": "\u901f8\u9152\u5e97(\u4e09\u4e9a\u6e7e\u5409\u7965\u8857\u5e97)", "order_time": ["2019-01-29 11:24:20"], "total_order": 1, "hotel_value": ["4.6"], "hotel_price": ["168"]}, "346713": {"hotel_name": "\u4e09\u4e9a\u534e\u5b9d\u77f3\u5927\u9152\u5e97", "order_time": ["2019-01-29 11:24:20"], "total_order": 1, "hotel_value": ["4.4"], "hotel_price": ["240"]}, "1377449": {"hotel_name": "Q\u52a0\u00b7\u4e09\u4e9a\u51e4\u51f0\u5c9b\u60a6\u4f73\u6d77\u4e0a\u516c\u5bd3", "order_time": ["2019-01-29 11:24:20", "2019-01-29 11:30:20"], "total_order": 2, "hotel_value": ["4.7", "4.7"], "hotel_price": ["664", "753"]}, "353871": {"hotel_name": "\u4e09\u4e9a\u7ef4\u666f\u56fd\u9645\u5ea6\u5047\u9152\u5e97", "order_time": ["2019-01-29 11:58:21", "2019-01-29 11:24:21", "2019-01-29 11:38:28"], "total_order": 3, "hotel_value": ["4.8", "4.8", "4.8"], "hotel_price": ["1978", "1978", "1978"]}, "440033": {"hotel_name": "Q\u52a0\u00b7\u4e09\u4e9a\u7f8e\u6021\u6d77\u5cb8\u5ba2\u6808", "order_time": ["2019-01-29 11:24:21"], "total_order": 1, "hotel_value": ["4.7"], "hotel_price": ["143"]}, "345086": {"hotel_name": "\u4e09\u4e9a\u65b0\u57ce\u9152\u5e97", "order_time": ["2019-01-29 11:24:21"], "total_order": 1, "hotel_value": ["4.8"], "hotel_price": ["295"]}, "346754": {"hotel_name": "\u4e09\u4e9a\u534a\u5c71\u534a\u5c9b\u6d32\u9645\u5ea6\u5047\u9152\u5e97", "order_time": ["2019-01-29 11:28:21", "2019-01-29 11:24:21"], "total_order": 2, "hotel_value": ["4.6", "4.6"], "hotel_price": ["999", "999"]}, "345088": {"hotel_name": "\u4e09\u4e9a\u5929\u6cfd\u6d77\u97f5\u5ea6\u5047\u9152\u5e97", "order_time": ["2019-01-29 11:24:22"], "total_order": 1, "hotel_value": ["4.4"], "hotel_price": ["699"]}, "346766": {"hotel_name": "\u4e09\u4e9a\u4e9a\u9f99\u6e7e\u51ef\u83b1\u4ed9\u4eba\u638c\u5ea6\u5047\u9152\u5e97", "order_time": ["2019-01-29 11:24:22"], "total_order": 1, "hotel_value": ["4.6"], "hotel_price": ["608"]}, "28140213": {"hotel_name": "\u4e09\u4e9a\u5bbf\u7ea6107\u7f8e\u5bbf", "order_time": ["2019-01-29 11:24:23"], "total_order": 1, "hotel_value": [0], "hotel_price": ["398"]}, "1302656": {"hotel_name": "\u4e09\u4e9a\u7231\u4e3d\u5c0f\u820d\u4e3b\u9898\u5ba2\u6808", "order_time": ["2019-01-29 11:24:24"], "total_order": 1, "hotel_value": ["4.6"], "hotel_price": ["143"]}, "1306846": {"hotel_name": "\u4e09\u4e9a\u8292\u679c\u6d77\u666f\u9152\u5e97", "order_time": ["2019-01-29 11:24:24"], "total_order": 1, "hotel_value": ["4.7"], "hotel_price": ["244"]}, "436674": {"hotel_name": "\u4e09\u4e9a\u534e\u9e3f\u5927\u9152\u5e97", "order_time": ["2019-01-29 11:24:24"], "total_order": 1, "hotel_value": ["3.9"], "hotel_price": ["168"]}, "1899276": {"hotel_name": "\u4e09\u4e9a\u68ee\u7cae\u826f\u54c1\u5bb6\u5ead\u65c5\u9986", "order_time": ["2019-01-29 11:52:20", "2019-01-29 11:24:24"], "total_order": 2, "hotel_value": ["4.8", "4.8"], "hotel_price": ["143", "143"]}, "1099239": {"hotel_name": "\u4e09\u4e9a\u6d77\u84dd\u6e7e\u5ea6\u5047\u9152\u5e97", "order_time": ["2019-01-29 11:24:24"], "total_order": 1, "hotel_value": ["4.1"], "hotel_price": ["173"]}, "25485679": {"hotel_name": "\u4e09\u4e9a\u5b8c\u7f8e\u5047\u671f\u6d77\u666f\u516c\u5bd3", "order_time": ["2019-01-29 11:24:24"], "total_order": 1, "hotel_value": ["5.0"], "hotel_price": ["482"]}, "428330": {"hotel_name": "\u7231\u4e3d\u9152\u5e97(\u4e09\u4e9a\u5e97)", "order_time": ["2019-01-29 11:24:24"], "total_order": 1, "hotel_value": ["4.5"], "hotel_price": ["98"]}, "28707548": {"hotel_name": "\u4e09\u4e9a\u9a7f\u95f4\u5ba2\u6808", "order_time": ["2019-01-29 11:24:24"], "total_order": 1, "hotel_value": [0], "hotel_price": ["386"]}, "1118574": {"hotel_name": "\u4e09\u4e9a\u6fb3\u59ae\u65af\u9152\u5e97", "order_time": ["2019-01-29 11:24:24"], "total_order": 1, "hotel_value": ["4.8"], "hotel_price": ["198"]}, "436676": {"hotel_name": "\u4e09\u4e9a\u9ec4\u91d1\u9053\u5927\u9152\u5e97", "order_time": ["2019-01-29 11:24:24"], "total_order": 1, "hotel_value": ["3.8"], "hotel_price": ["169"]}, "29408810": {"hotel_name": "\u4e09\u4e9a\u5927\u767d\u9cb8\u00b7\u6d77\u6d0b\u63a2\u7d22\u4e16\u754c", "order_time": ["2019-01-29 11:24:24"], "total_order": 1, "hotel_value": [0], "hotel_price": ["467"]}, "5423919": {"hotel_name": "\u4e09\u4e9a\u6d77\u6615\u5c1a\u666f\u4e3b\u9898\u9152\u5e97", "order_time": ["2019-01-29 11:36:20", "2019-01-29 11:24:24"], "total_order": 2, "hotel_value": ["3.5", "3.5"], "hotel_price": ["82", "82"]}, "1718734": {"hotel_name": "\u4e09\u4e9a\u9633\u5149\u6d77\u666f\u516c\u5bd3\u9152\u5e97(\u5168\u6d77\u666f\u5957\u623f)", "order_time": ["2019-01-29 11:24:24"], "total_order": 1, "hotel_value": ["4.6"], "hotel_price": ["239"]}, "19480145": {"hotel_name": "\u4e09\u4e9a\u51e4\u51f0\u5c9b\u81f3\u5c0a\u6d77\u666f\u5ea6\u5047\u9152\u5e97", "order_time": ["2019-01-29 11:26:19", "2019-01-29 11:24:24"], "total_order": 2, "hotel_value": ["4.5", "4.5"], "hotel_price": ["548", "548"]}, "6866752": {"hotel_name": "\u4e09\u4e9a\u5929\u6daf\u6d77\u89d2\u9047\u89c1\u65f6\u5149\u6d77\u666f\u5ba2\u6808", "order_time": ["2019-01-29 11:24:24"], "total_order": 1, "hotel_value": ["4.8"], "hotel_price": ["121"]}, "1458154": {"hotel_name": "\u4e09\u4e9a\u8f6c\u89d2\u9047\u5230\u6d77\u4e3b\u9898\u5ba2\u6808", "order_time": ["2019-01-29 11:24:24"], "total_order": 1, "hotel_value": ["4.3"], "hotel_price": ["128"]}, "5429887": {"hotel_name": "\u4e09\u4e9a\u975e\u4f60\u83ab\u5bbf\u7cbe\u54c1\u5ba2\u6808", "order_time": ["2019-01-29 11:24:24"], "total_order": 1, "hotel_value": ["4.8"], "hotel_price": ["146"]}, "6111359": {"hotel_name": "\u4e09\u4e9a\u666f\u7476\u6d77\u666f\u5ba2\u6808", "order_time": ["2019-01-29 11:24:24"], "total_order": 1, "hotel_value": ["4.5"], "hotel_price": ["278"]}, "1249405": {"hotel_name": "\u4e09\u4e9a\u7b1b\u4f73\u5ba2\u6808(\u539f\u7f8e\u4f73\u5ba2\u6808)", "order_time": ["2019-01-29 11:24:24"], "total_order": 1, "hotel_value": ["4.3"], "hotel_price": ["123"]}, "21641576": {"hotel_name": "\u7f8e\u4e3d\u6d77\u9152\u5e97(\u4e09\u4e9a\u51e4\u51f0\u673a\u573a\u5e97)", "order_time": ["2019-01-29 11:24:24"], "total_order": 1, "hotel_value": ["4.5"], "hotel_price": ["144"]}, "17338449": {"hotel_name": "\u4e09\u4e9a\u666f\u660e\u5047\u65e5\u65c5\u79df", "order_time": ["2019-01-29 11:24:24"], "total_order": 1, "hotel_value": ["4.6"], "hotel_price": ["119"]}, "1687513": {"hotel_name": "\u4e09\u4e9a\u73c2\u7532\u6d77\u666f\u5ea6\u5047\u516c\u5bd3", "order_time": ["2019-01-29 11:24:24"], "total_order": 1, "hotel_value": ["4.5"], "hotel_price": ["1582"]}, "1861354": {"hotel_name": "\u683c\u6797\u8c6a\u6cf0(\u4e09\u4e9a\u6625\u56ed\u6d77\u9c9c\u5e7f\u573a\u5feb\u6377\u9152\u5e97)", "order_time": ["2019-01-29 11:26:19"], "total_order": 1, "hotel_value": ["4.0"], "hotel_price": ["134"]}, "1408318": {"hotel_name": "\u4e45\u6816\u00b7\u4e09\u4e9a\u91d1\u51e4\u51f0\u8001\u90ed\u5bb6\u6d77\u666f\u5ea6\u5047\u516c\u5bd3", "order_time": ["2019-01-29 11:26:19"], "total_order": 1, "hotel_value": ["4.9"], "hotel_price": ["1088"]}, "1498102": {"hotel_name": "\u4e09\u4e9a\u5b8c\u7f8e\u5927\u6d77\u5ba2\u6808", "order_time": ["2019-01-29 11:26:21"], "total_order": 1, "hotel_value": ["4.5"], "hotel_price": ["254"]}, "1101735": {"hotel_name": "\u4e09\u4e9a\u5fc6\u4e61\u4eba\u7cbe\u54c1\u5ba2\u6808", "order_time": ["2019-01-29 11:38:27", "2019-01-29 11:26:22"], "total_order": 2, "hotel_value": ["4.4", "4.4"], "hotel_price": ["164", "164"]}, "14249344": {"hotel_name": "\u4e09\u4e9a\u4e9a\u7279\u5170\u8482\u65af\u9152\u5e97", "order_time": ["2019-01-29 11:58:21", "2019-01-29 11:38:28", "2019-01-29 11:48:20", "2019-01-29 11:26:23", "2019-01-29 11:52:20"], "total_order": 5, "hotel_value": ["4.6", "4.6", "4.6", "4.6", "4.6"], "hotel_price": ["3688", "3688", "3688", "3688", "3688"]}, "431932": {"hotel_name": "\u4e09\u4e9a\u94f6\u97f5\u6d77\u666f\u5ea6\u5047\u9152\u5e97", "order_time": ["2019-01-29 11:26:25"], "total_order": 1, "hotel_value": ["4.7"], "hotel_price": ["200"]}, "486003": {"hotel_name": "\u4e09\u4e9a\u8708\u652f\u6d32\u5c9b\u73ca\u745a\u9152\u5e97", "order_time": ["2019-01-29 11:32:22", "2019-01-29 11:26:27"], "total_order": 2, "hotel_value": ["4.8", "4.8"], "hotel_price": ["1100", "1100"]}, "14996879": {"hotel_name": "\u4e09\u4e9a\u6d77\u68e0\u6e7e\u4ec1\u6052\u7687\u51a0\u5047\u65e5\u5ea6\u5047\u9152\u5e97", "order_time": ["2019-01-29 11:26:27"], "total_order": 1, "hotel_value": ["4.9"], "hotel_price": ["1680"]}, "24771665": {"hotel_name": "\u4e09\u4e9a\u6d77\u68e0\u6e7e\u6d77\u5fc5\u4f4f\u5ea6\u5047\u516c\u5bd3", "order_time": ["2019-01-29 11:52:20", "2019-01-29 11:28:19"], "total_order": 2, "hotel_value": ["4.8", "4.8"], "hotel_price": ["273", "273"]}, "9638235": {"hotel_name": "\u84dd\u68a6\u6811\u4e4b\u604b\u5ea6\u5047\u9152\u5e97(\u4e09\u4e9a\u7f8e\u4e3d\u4e4b\u51a0\u5e97)", "order_time": ["2019-01-29 11:28:19"], "total_order": 1, "hotel_value": ["4.6"], "hotel_price": ["210"]}, "9626476": {"hotel_name": "\u4e09\u4e9a\u67ab\u6797\u665a\u667a\u6167\u4e3b\u9898\u9152\u5e97\u51e4\u51f0\u673a\u573a\u5e97", "order_time": ["2019-01-29 11:28:19", "2019-01-29 11:58:22", "2019-01-29 11:40:19"], "total_order": 3, "hotel_value": ["4.8", "4.8", "4.8"], "hotel_price": ["207", "207", "237"]}, "13975638": {"hotel_name": "\u4e09\u4e9a\u9b45\u84dd\u4e4b\u591c\u4e3b\u9898\u9152\u5e97", "order_time": ["2019-01-29 11:36:21", "2019-01-29 11:48:21", "2019-01-29 11:28:20"], "total_order": 3, "hotel_value": ["4.8", "4.8", "4.8"], "hotel_price": ["119", "119", "119"]}, "436688": {"hotel_name": "\u4e09\u4e9a\u65af\u7ef4\u767b\u5ea6\u5047\u516c\u5bd3(\u4e9a\u9f99\u6e7e)", "order_time": ["2019-01-29 11:28:21", "2019-01-29 11:50:19", "2019-01-29 11:32:19"], "total_order": 3, "hotel_value": ["4.5", "4.5", "4.5"], "hotel_price": ["352", "352", "392"]}, "2880019": {"hotel_name": "\u4e09\u4e9a\u661f\u6708\u6d77\u666f\u5ea6\u5047\u516c\u5bd3", "order_time": ["2019-01-29 11:36:21", "2019-01-29 11:28:21"], "total_order": 2, "hotel_value": ["4.9", "4.9"], "hotel_price": ["302", "302"]}, "3484551": {"hotel_name": "\u4e09\u4e9a\u5929\u6daf\u5ba2\u7cbe\u54c1\u5ba2\u6808", "order_time": ["2019-01-29 11:28:21"], "total_order": 1, "hotel_value": ["4.7"], "hotel_price": ["157"]}, "427279": {"hotel_name": "\u4e09\u4e9a\u5357\u5c71\u8fce\u5bbe\u9986", "order_time": ["2019-01-29 11:30:20"], "total_order": 1, "hotel_value": ["4.6"], "hotel_price": ["1629"]}, "976249": {"hotel_name": "\u54ea\u91cc\u90a3\u91cc\u6d77\u5cb8\u7cbe\u54c1\u5ba2\u6808(\u4e09\u4e9a\u5927\u4e1c\u6d77\u5e97)", "order_time": ["2019-01-29 11:30:20"], "total_order": 1, "hotel_value": ["4.8"], "hotel_price": ["209"]}, "9580477": {"hotel_name": "\u5411\u65e5\u8475\u6d77\u5cb8\u5ba2\u6808(\u4e09\u4e9a\u51e4\u51f0\u673a\u573a\u5e97)", "order_time": ["2019-01-29 11:30:20"], "total_order": 1, "hotel_value": ["4.6"], "hotel_price": ["199"]}, "6287098": {"hotel_name": "\u4e09\u4e9a\u6ce5\u5bbf\u827a\u672f\u9152\u5e97", "order_time": ["2019-01-29 11:46:18", "2019-01-29 11:30:20"], "total_order": 2, "hotel_value": ["4.5", "4.5"], "hotel_price": ["178", "178"]}, "761219": {"hotel_name": "\u6d77\u53cb\u9152\u5e97(\u4e09\u4e9a\u6e7e\u5e97)", "order_time": ["2019-01-29 11:30:20"], "total_order": 1, "hotel_value": ["4.3"], "hotel_price": ["139"]}, "6331979": {"hotel_name": "\u4e09\u4e9a\u6d77\u68e0\u6e7e\u7ea2\u6811\u6797\u5ea6\u5047\u9152\u5e97", "order_time": ["2019-01-29 11:30:21"], "total_order": 1, "hotel_value": ["4.6"], "hotel_price": ["999"]}, "1097399": {"hotel_name": "\u4e09\u4e9a\u6930\u4e30\u9152\u5e97", "order_time": ["2019-01-29 11:50:20", "2019-01-29 11:30:21"], "total_order": 2, "hotel_value": ["3.9", "3.9"], "hotel_price": ["152", "152"]}, "1716384": {"hotel_name": "\u4e09\u4e9a\u5723\u73ba\u5bbe\u9986", "order_time": ["2019-01-29 11:30:23"], "total_order": 1, "hotel_value": ["4.4"], "hotel_price": ["75"]}, "8577347": {"hotel_name": "\u4e09\u4e9a\u4e3d\u820d\u6d77\u666f\u5957\u623f\u5ea6\u5047\u516c\u5bd3", "order_time": ["2019-01-29 11:32:19"], "total_order": 1, "hotel_value": ["4.8"], "hotel_price": ["578"]}, "6021299": {"hotel_name": "\u4e09\u4e9a\u9633\u5149\u96e8\u9732\u98ce\u6d77\u666f\u5ea6\u5047\u516c\u5bd3", "order_time": ["2019-01-29 12:06:19", "2019-01-29 11:32:19", "2019-01-29 11:54:19"], "total_order": 3, "hotel_value": ["4.9", "4.9", "4.9"], "hotel_price": ["233", "233", "233"]}, "7492940": {"hotel_name": "\u4e09\u4e9a\u6d77\u4e4b\u84dd\u6d77\u666f\u5ea6\u5047\u516c\u5bd3", "order_time": ["2019-01-29 11:32:20"], "total_order": 1, "hotel_value": ["4.9"], "hotel_price": ["280"]}, "1067226": {"hotel_name": "\u5927\u597d\u6cb3\u5c71\u4e3b\u9898\u9152\u5e97(\u4e09\u4e9a\u5927\u4e1c\u6d77\u5e97)", "order_time": ["2019-01-29 11:32:20"], "total_order": 1, "hotel_value": ["4.5"], "hotel_price": ["163"]}, "447842": {"hotel_name": "\u4e09\u4e9a\u666f\u5229\u83b1\u5ea6\u5047\u9152\u5e97", "order_time": ["2019-01-29 11:32:21"], "total_order": 1, "hotel_value": ["4.4"], "hotel_price": ["273"]}, "608176": {"hotel_name": "\u4e09\u4e9a\u8c6a\u5a01\u6d77\u666f\u5927\u9152\u5e97", "order_time": ["2019-01-29 11:32:21"], "total_order": 1, "hotel_value": ["4.1"], "hotel_price": ["272"]}, "346684": {"hotel_name": "\u4e09\u4e9a\u73e0\u6c5f\u5357\u7530\u6e29\u6cc9\u5ea6\u5047\u533a", "order_time": ["2019-01-29 11:58:21", "2019-01-29 12:06:20", "2019-01-29 11:48:20", "2019-01-29 12:02:19", "2019-01-29 11:34:19"], "total_order": 5, "hotel_value": ["4.3", "4.3", "4.3", "4.3", "4.3"], "hotel_price": ["461", "480", "472", "456", "456"]}, "2645085": {"hotel_name": "\u4e09\u4e9a\u9f99\u5f97\u6c34\u82d1\u4e3b\u9898\u5ba2\u6808\uff08\u6d77\u6708\u5e7f\u573a\u5e97\uff09", "order_time": ["2019-01-29 11:54:19", "2019-01-29 11:34:19"], "total_order": 2, "hotel_value": ["4.5", "4.5"], "hotel_price": ["113", "113"]}, "21133855": {"hotel_name": "\u4e09\u4e9a\u6709\u95f4\u6d77\u666f\u5ea6\u5047\u516c\u5bd3", "order_time": ["2019-01-29 11:34:19"], "total_order": 1, "hotel_value": ["4.9"], "hotel_price": ["138"]}, "3197195": {"hotel_name": "\u54ea\u91cc\u90a3\u91cc\u6d77\u5cb8\u7cbe\u54c1\u5ba2\u6808(\u4e09\u4e9a\u4e9a\u9f99\u6e7e\u5e97)", "order_time": ["2019-01-29 11:34:19"], "total_order": 1, "hotel_value": ["4.8"], "hotel_price": ["270"]}, "25804375": {"hotel_name": "\u4e09\u4e9a\u6e90\u5bbf\u5c0f\u9662", "order_time": ["2019-01-29 11:34:19"], "total_order": 1, "hotel_value": ["4.9"], "hotel_price": ["223"]}, "15717224": {"hotel_name": "\u5fc6\u8bed\u6d41\u5e74\u7cbe\u54c1\u6c11\u5bbf", "order_time": ["2019-01-29 11:34:20"], "total_order": 1, "hotel_value": ["4.8"], "hotel_price": ["194"]}, "346760": {"hotel_name": "\u4e09\u4e9a\u4e9a\u9f99\u6e7e\u8f9b\u7279\u62c9\u8d4f\u693f\u5957\u623f\u5ea6\u5047\u9152\u5e97", "order_time": ["2019-01-29 11:34:20"], "total_order": 1, "hotel_value": ["4.3"], "hotel_price": ["578"]}, "14074913": {"hotel_name": "\u4e09\u4e9a\u4e9a\u9f99\u6e7e\u96c5\u9601\u6e29\u6cc9\u5ea6\u5047\u9152\u5e97", "order_time": ["2019-01-29 11:36:20"], "total_order": 1, "hotel_value": ["4.7"], "hotel_price": ["1888"]}, "6315469": {"hotel_name": "\u4e09\u4e9a\u6765\u5566\u5230\u5566\u4e3b\u9898\u9152\u5e97", "order_time": ["2019-01-29 11:36:21"], "total_order": 1, "hotel_value": ["4.7"], "hotel_price": ["164"]}, "25779316": {"hotel_name": "\u4e09\u4e9a\u8fc8\u5178\u6d77\u666f\u5ea6\u5047\u516c\u5bd3", "order_time": ["2019-01-29 11:36:21", "2019-01-29 12:06:19"], "total_order": 2, "hotel_value": ["4.9", "4.9"], "hotel_price": ["452", "452"]}, "428280": {"hotel_name": "\u5982\u5bb6\u5feb\u6377\u9152\u5e97(\u4e09\u4e9a\u89e3\u653e\u8def\u6b65\u884c\u8857\u6c7d\u8f66\u603b\u7ad9\u5e97)(\u539f\u89e3\u653e\u8def\u4e2d\u592e\u5927\u9053\u65c5\u6e38\u8857\u5e97)", "order_time": ["2019-01-29 11:36:21"], "total_order": 1, "hotel_value": ["4.4"], "hotel_price": ["144"]}, "21093178": {"hotel_name": "\u4e09\u4e9a\u60c5\u6d77\u4e00\u5bbf\u65c5\u79df", "order_time": ["2019-01-29 11:36:21"], "total_order": 1, "hotel_value": ["4.9"], "hotel_price": ["133"]}, "1185042": {"hotel_name": "\u4e09\u4e9a\u6e7e\u7ea2\u6811\u6797\u5ea6\u5047\u4e16\u754c(\u83e9\u63d0\u9152\u5e97)", "order_time": ["2019-01-29 11:52:20", "2019-01-29 12:12:22", "2019-01-29 11:38:28"], "total_order": 3, "hotel_value": ["4.7", "4.7", "4.7"], "hotel_price": ["706", "706", "706"]}, "436683": {"hotel_name": "\u4e09\u4e9a\u5357\u4e2d\u56fd\u5927\u9152\u5e97", "order_time": ["2019-01-29 11:38:28"], "total_order": 1, "hotel_value": ["4.5"], "hotel_price": ["382"]}, "374842": {"hotel_name": "\u4e09\u4e9a\u6e7e\u6d77\u5c45\u94c2\u5c14\u66fc\u5ea6\u5047\u9152\u5e97", "order_time": ["2019-01-29 11:48:20", "2019-01-29 11:38:28"], "total_order": 2, "hotel_value": ["4.7", "4.7"], "hotel_price": ["3043", "3043"]}, "396500": {"hotel_name": "\u4e09\u4e9a\u6e7e\u4ed9\u5c45\u5e9c\u6d77\u666f\u9152\u5e97", "order_time": ["2019-01-29 11:58:21", "2019-01-29 12:00:22", "2019-01-29 12:12:22", "2019-01-29 11:38:28"], "total_order": 4, "hotel_value": ["4.4", "4.4", "4.4", "4.4"], "hotel_price": ["341", "341", "341", "341"]}, "5234726": {"hotel_name": "\u4e09\u4e9a\u4e1c\u6e2f\u6d77\u666f\u4e3b\u9898\u9152\u5e97(\u56fd\u9645\u8d2d\u7269\u4e2d\u5fc3\u5e97)(\u539f\u4e1c\u6e2f\u4e3b\u9898\u9152\u5e97)", "order_time": ["2019-01-29 11:38:28"], "total_order": 1, "hotel_value": ["4.3"], "hotel_price": ["131"]}, "24045213": {"hotel_name": "\u4e09\u4e9a\u79a7\u66fc\u5c45\u5ea6\u5047\u516c\u5bd3", "order_time": ["2019-01-29 11:38:29"], "total_order": 1, "hotel_value": ["5.0"], "hotel_price": ["465"]}, "25212808": {"hotel_name": "\u65c5\u4e4b\u5bb6\u6d77\u666f\u5ea6\u5047\u516c\u5bd3(\u4e09\u4e9a\u6e7e\u5e97)", "order_time": ["2019-01-29 11:38:29"], "total_order": 1, "hotel_value": ["5.0"], "hotel_price": ["153"]}, "763583": {"hotel_name": "\u4e09\u4e9a\u60a6\u4e3d\u5feb\u6377\u9152\u5e97", "order_time": ["2019-01-29 11:52:21", "2019-01-29 11:38:29"], "total_order": 2, "hotel_value": ["4.5", "4.5"], "hotel_price": ["93", "93"]}, "6396993": {"hotel_name": "\u4e09\u4e9a\u9a74\u6258\u90a6\u884c\u8005\u9752\u5e74\u65c5\u820d", "order_time": ["2019-01-29 11:38:30"], "total_order": 1, "hotel_value": ["4.0"], "hotel_price": ["40"]}, "2922099": {"hotel_name": "\u4e09\u4e9a\u7d2b\u9f99\u82b1\u56ed\u6d0b\u623f\u5ea6\u5047\u516c\u5bd3", "order_time": ["2019-01-29 11:40:19"], "total_order": 1, "hotel_value": ["4.7"], "hotel_price": ["315"]}, "345082": {"hotel_name": "\u4e09\u4e9a\u6587\u534e\u4e1c\u65b9\u9152\u5e97", "order_time": ["2019-01-29 11:40:19"], "total_order": 1, "hotel_value": ["4.7"], "hotel_price": ["5894"]}, "18554984": {"hotel_name": "\u4e09\u4e9a\u98d8\u827a\u672f\u5ba2\u6808(\u51e4\u51f0\u673a\u573a\u5e97)", "order_time": ["2019-01-29 11:40:19"], "total_order": 1, "hotel_value": ["4.8"], "hotel_price": ["181"]}, "5292077": {"hotel_name": "\u4e09\u4e9a\u6d77\u8c5a\u6e7e\u4e3b\u9898\u9152\u5e97", "order_time": ["2019-01-29 11:40:19"], "total_order": 1, "hotel_value": ["4.5"], "hotel_price": ["135"]}, "910293": {"hotel_name": "\u4e09\u4e9a\u4e9a\u9f99\u6e7e\u68a6\u65c5\u4eba\u5ba2\u6808", "order_time": ["2019-01-29 11:50:19", "2019-01-29 11:40:20"], "total_order": 2, "hotel_value": ["4.9", "4.9"], "hotel_price": ["128", "128"]}, "2949427": {"hotel_name": "\u4e09\u4e9a\u548c\u5bb6\u5546\u52a1\u5bbe\u9986", "order_time": ["2019-01-29 11:40:20"], "total_order": 1, "hotel_value": ["4.4"], "hotel_price": ["103"]}, "6327433": {"hotel_name": "\u4e09\u4e9a\u9999\u6c34\u6e7e\u8363\u9038\u6e29\u60c5\u9152\u5e97", "order_time": ["2019-01-29 11:40:22", "2019-01-29 11:56:19"], "total_order": 2, "hotel_value": ["4.7", "4.7"], "hotel_price": ["352", "352"]}, "1651443": {"hotel_name": "\u5c1a\u5ba2\u4f18\u5feb\u6377\u9152\u5e97(\u4e09\u4e9a\u6e7e\u5e97)", "order_time": ["2019-01-29 11:42:19"], "total_order": 1, "hotel_value": ["3.9"], "hotel_price": ["125"]}, "808618": {"hotel_name": "7\u5929\u8fde\u9501\u9152\u5e97(\u4e09\u4e9a\u4e09\u4e9a\u6e7e\u6d77\u666f\u5e97)", "order_time": ["2019-01-29 11:42:20"], "total_order": 1, "hotel_value": ["4.2"], "hotel_price": ["129"]}, "12420349": {"hotel_name": "\u65c5\u5bb6\u6d77\u666f\u5ea6\u5047\u9152\u5e97\u5f0f\u516c\u5bd3(\u4e09\u4e9a\u5927\u4e1c\u6d77\u5e97)", "order_time": ["2019-01-29 11:42:20"], "total_order": 1, "hotel_value": ["4.9"], "hotel_price": ["206"]}, "6020310": {"hotel_name": "\u4e09\u4e9a\u6606\u6cf0\u9152\u5e97", "order_time": ["2019-01-29 11:42:20", "2019-01-29 11:44:20"], "total_order": 2, "hotel_value": ["4.8", "4.8"], "hotel_price": ["376", "376"]}, "1362210": {"hotel_name": "\u4e09\u4e9a\u6d77\u6d0b\u5fc3\u5bb6\u5ead\u5ea6\u5047\u516c\u5bd3", "order_time": ["2019-01-29 11:42:20"], "total_order": 1, "hotel_value": ["4.4"], "hotel_price": ["153"]}, "24411657": {"hotel_name": "\u4e09\u4e9a\u7b80\u5c4b\u9752\u5e74\u65c5\u820d", "order_time": ["2019-01-29 11:42:21"], "total_order": 1, "hotel_value": ["4.9"], "hotel_price": ["50"]}, "26669466": {"hotel_name": "\u4e09\u4e9a\u81ea\u7531\u7a7a\u95f4\u65c5\u79df", "order_time": ["2019-01-29 11:42:21"], "total_order": 1, "hotel_value": ["4.6"], "hotel_price": ["221"]}, "10901446": {"hotel_name": "\u4e09\u4e9a\u4ee5\u6cab\u6d77\u666f\u5ba2\u6808", "order_time": ["2019-01-29 11:42:21"], "total_order": 1, "hotel_value": ["4.8"], "hotel_price": ["146"]}, "1067912": {"hotel_name": "\u4e09\u4e9a\u7ea2\u8272\u6c34\u6676\u5ba2\u6808", "order_time": ["2019-01-29 11:42:21"], "total_order": 1, "hotel_value": ["4.6"], "hotel_price": ["103"]}, "1851255": {"hotel_name": "\u4e09\u4e9a\u6d77\u4e4b\u84dd\u6c34\u679c\u82b1\u623f\u4e3b\u9898\u5ba2\u6808", "order_time": ["2019-01-29 11:42:22"], "total_order": 1, "hotel_value": ["4.0"], "hotel_price": ["62"]}, "1700938": {"hotel_name": "\u4e09\u4e9a\u541b\u4e34\u5047\u65e5\u9152\u5e97", "order_time": ["2019-01-29 11:44:20"], "total_order": 1, "hotel_value": ["4.5"], "hotel_price": ["95"]}, "6388655": {"hotel_name": "\u4e09\u4e9a\u5411\u65e5\u8475\u6d77\u5cb8\u5ba2\u6808\u5e97", "order_time": ["2019-01-29 11:44:21"], "total_order": 1, "hotel_value": ["4.8"], "hotel_price": ["178"]}, "1251671": {"hotel_name": "\u9526\u6c5f\u4e4b\u661f(\u4e09\u4e9a\u6cb3\u897f\u8def\u6b65\u884c\u6865\u6cb3\u666f\u5e97)", "order_time": ["2019-01-29 11:44:21", "2019-01-29 11:56:19"], "total_order": 2, "hotel_value": ["4.5", "4.5"], "hotel_price": ["179", "179"]}, "4339553": {"hotel_name": "\u4e09\u4e9a\u94c2\u7acb\u541b\u9a7f\u7cbe\u54c1\u9152\u5e97(\u5343\u53e4\u60c5\u5e97)(\u539f\u94c2\u7acb\u7cbe\u54c1\u9152\u5e97)", "order_time": ["2019-01-29 11:44:21"], "total_order": 1, "hotel_value": ["4.4"], "hotel_price": ["123"]}, "6106463": {"hotel_name": "\u4e09\u4e9a\u7f8e\u4e9a\u56db\u5b63\u9152\u5e97", "order_time": ["2019-01-29 11:46:18"], "total_order": 1, "hotel_value": ["4.7"], "hotel_price": ["317"]}, "346770": {"hotel_name": "\u4e09\u4e9a\u5929\u901a\u5efa\u56fd\u9152\u5e97", "order_time": ["2019-01-29 11:46:18"], "total_order": 1, "hotel_value": ["4.5"], "hotel_price": ["580"]}, "1382708": {"hotel_name": "\u4e09\u4e9a\u6d77\u66fc\u5ea6\u5047\u516c\u5bd3(\u539f\u6d77\u97f5\u5ea6\u5047\u516c\u5bd3)", "order_time": ["2019-01-29 11:46:19"], "total_order": 1, "hotel_value": ["3.5"], "hotel_price": ["80"]}, "1377566": {"hotel_name": "\u4e09\u4e9a\u4e9a\u9f99\u6e7e\u4ec1\u8fbe\u5ea6\u5047\u516c\u5bd3", "order_time": ["2019-01-29 11:48:19"], "total_order": 1, "hotel_value": ["4.6"], "hotel_price": ["516"]}, "473314": {"hotel_name": "\u4e09\u4e9a\u4e8c\u6708\u6d77\u6d77\u666f\u9152\u5e97", "order_time": ["2019-01-29 11:48:20"], "total_order": 1, "hotel_value": ["4.8"], "hotel_price": ["182"]}, "25825346": {"hotel_name": "\u4e09\u4e9a\u6f6e\u5bbf\u90a6\u7cbe\u54c1\u516c\u5bd3", "order_time": ["2019-01-29 11:48:20"], "total_order": 1, "hotel_value": ["5.0"], "hotel_price": ["430"]}, "1283993": {"hotel_name": "\u4e09\u4e9a\u6d77\u8fb9\u98ce\u60c5\u5ea6\u5047\u516c\u5bd3", "order_time": ["2019-01-29 11:50:19"], "total_order": 1, "hotel_value": ["4.9"], "hotel_price": ["468"]}, "11188504": {"hotel_name": "\u4e09\u4e9a\u6d77\u68e0\u6e7e\u7559\u4e0b\u5c0f\u7b51\u4e3b\u9898\u6c11\u5bbf", "order_time": ["2019-01-29 11:50:19", "2019-01-29 11:54:19"], "total_order": 2, "hotel_value": ["4.8", "4.8"], "hotel_price": ["101", "248"]}, "18425048": {"hotel_name": "\u4e09\u4e9a\u4e9a\u9f99\u6e7e\u4e1b\u6797\u5c0f\u7b51\u65c5\u79df", "order_time": ["2019-01-29 11:50:20"], "total_order": 1, "hotel_value": ["4.8"], "hotel_price": ["151"]}, "1256749": {"hotel_name": "\u4e09\u4e9a\u8fd07\u5feb\u6377\u5bbe\u9986", "order_time": ["2019-01-29 11:50:20"], "total_order": 1, "hotel_value": ["4.1"], "hotel_price": ["77"]}, "2096534": {"hotel_name": "\u4e09\u4e9a\u4eac\u4e9a\u516c\u5bd3", "order_time": ["2019-01-29 11:50:20"], "total_order": 1, "hotel_value": [0], "hotel_price": ["58"]}, "22757707": {"hotel_name": "\u4e09\u4e9a\u6765\u4e9a\u65c5\u79df", "order_time": ["2019-01-29 11:50:20"], "total_order": 1, "hotel_value": [0], "hotel_price": ["129"]}, "6872950": {"hotel_name": "\u4e09\u4e9a\u90a3\u5c71\u00b7\u90a3\u6d77\u6d77\u666f\u6c11\u5bbf", "order_time": ["2019-01-29 11:50:20"], "total_order": 1, "hotel_value": ["4.6"], "hotel_price": ["103"]}, "6817297": {"hotel_name": "\u4e09\u4e9a\u534e\u5229\u516c\u5bd3", "order_time": ["2019-01-29 11:50:20"], "total_order": 1, "hotel_value": [0], "hotel_price": ["78"]}, "1719624": {"hotel_name": "\u4e09\u4e9a\u84dd\u6e7e\u5ba2\u6808", "order_time": ["2019-01-29 11:50:20"], "total_order": 1, "hotel_value": ["2.1"], "hotel_price": ["106"]}, "1686153": {"hotel_name": "\u4e09\u4e9a\u5409\u7965\u5bbe\u9986", "order_time": ["2019-01-29 11:50:21"], "total_order": 1, "hotel_value": ["4.7"], "hotel_price": ["91"]}, "346702": {"hotel_name": "\u4e09\u4e9a\u8fb0\u5149\u514b\u62c9\u7801\u5934\u9152\u5e97", "order_time": ["2019-01-29 11:52:20"], "total_order": 1, "hotel_value": ["4.6"], "hotel_price": ["450"]}, "1061299": {"hotel_name": "\u4e09\u4e9aHello Summer\u6d77\u5cb8\u4e3b\u9898\u5ba2\u6808(\u539f\u5de2\u6c50\u827a\u672f\u4e3b\u9898\u9152\u5e97)", "order_time": ["2019-01-29 11:52:20"], "total_order": 1, "hotel_value": ["4.7"], "hotel_price": ["179"]}, "773878": {"hotel_name": "\u9f99\u4e91\u5546\u52a1\u5feb\u6377\u9152\u5e97(\u4e09\u4e9a\u51e4\u51f0\u673a\u573a\u5e97)", "order_time": ["2019-01-29 11:52:21"], "total_order": 1, "hotel_value": ["4.2"], "hotel_price": ["128"]}, "443561": {"hotel_name": "\u4e09\u4e9a\u94f6\u5929\u5ea6\u5047\u9152\u5e97", "order_time": ["2019-01-29 11:54:18"], "total_order": 1, "hotel_value": ["4.3"], "hotel_price": ["153"]}, "1648269": {"hotel_name": "\u4e09\u4e9a\u5fc6\u4e61\u4eba\u5c71\u5885\u5ba2\u6808", "order_time": ["2019-01-29 11:54:19"], "total_order": 1, "hotel_value": ["4.6"], "hotel_price": ["207"]}, "437377": {"hotel_name": "\u4e09\u4e9a\u6d77\u68e0\u6e7e\u5fa1\u6d77\u68e0\u8c6a\u534e\u7cbe\u9009\u5ea6\u5047\u9152\u5e97", "order_time": ["2019-01-29 12:02:19", "2019-01-29 11:54:19"], "total_order": 2, "hotel_value": ["4.7", "4.7"], "hotel_price": ["999", "999"]}, "429615": {"hotel_name": "\u4e09\u4e9a\u4e9a\u9f99\u6e7e\u541b\u6f9c\u5ea6\u5047\u9152\u5e97(\u539f\u5047\u65e5\u5ea6\u5047\u9152\u5e97)", "order_time": ["2019-01-29 12:12:21", "2019-01-29 11:54:19"], "total_order": 2, "hotel_value": ["4.5", "4.5"], "hotel_price": ["1268", "1268"]}, "346739": {"hotel_name": "\u4e09\u4e9a\u9e3f\u6d32\u56fd\u9645\u6e38\u8247\u9152\u5e97", "order_time": ["2019-01-29 11:54:19"], "total_order": 1, "hotel_value": ["4.7"], "hotel_price": ["550"]}, "1410632": {"hotel_name": "\u683c\u6797\u8c6a\u6cf0(\u4e09\u4e9a\u548c\u5e73\u8857\u60c5\u4eba\u6865\u5e97)", "order_time": ["2019-01-29 11:56:19"], "total_order": 1, "hotel_value": ["4.3"], "hotel_price": ["143"]}, "15717524": {"hotel_name": "\u8d30\u53f7\u8bbe\u8ba1\u9152\u5e97(\u4e09\u4e9a\u51e4\u51f0\u673a\u573a\u5e97)", "order_time": ["2019-01-29 11:56:19"], "total_order": 1, "hotel_value": ["4.7"], "hotel_price": ["197"]}, "4494524": {"hotel_name": "\u683c\u6797\u8054\u76df\u9152\u5e97(\u4e09\u4e9a\u706b\u8f66\u7ad9\u5e97)", "order_time": ["2019-01-29 11:56:20"], "total_order": 1, "hotel_value": ["3.3"], "hotel_price": ["138"]}, "1458417": {"hotel_name": "\u4e09\u4e9a\u8587\u8587\u6d77\u5cb8\u5ba2\u6808", "order_time": ["2019-01-29 12:08:19", "2019-01-29 11:56:20", "2019-01-29 12:10:19"], "total_order": 3, "hotel_value": ["4.5", "4.5", "4.5"], "hotel_price": ["164", "164", "164"]}, "1486657": {"hotel_name": "\u4e09\u4e9a\u661f\u60a6\u5ea6\u5047\u9152\u5e97", "order_time": ["2019-01-29 11:56:20"], "total_order": 1, "hotel_value": ["4.3"], "hotel_price": ["125"]}, "26535660": {"hotel_name": "\u4e09\u4e9a\u7231\u5fc5\u4fac\u68e0\u6e7e\u5ea6\u5047\u516c\u5bd3", "order_time": ["2019-01-29 11:56:20"], "total_order": 1, "hotel_value": ["4.5"], "hotel_price": ["1128"]}, "372154": {"hotel_name": "\u4e09\u4e9a\u798f\u670b\u559c\u6765\u767b\u9152\u5e97", "order_time": ["2019-01-29 11:58:21"], "total_order": 1, "hotel_value": ["4.5"], "hotel_price": ["798"]}, "10920931": {"hotel_name": "\u4e09\u4e9a\u4e9a\u9f99\u6e7e\u5c71\u6d77\u9601\u522b\u5885\u5ea6\u5047\u9152\u5e97", "order_time": ["2019-01-29 11:58:21"], "total_order": 1, "hotel_value": ["4.8"], "hotel_price": ["2178"]}, "6056059": {"hotel_name": "\u6d77\u5357\u6e05\u6c34\u6e7e\u6e29\u5fb7\u59c6\u5ea6\u5047\u9152\u5e97", "order_time": ["2019-01-29 11:58:21", "2019-01-29 12:12:22"], "total_order": 2, "hotel_value": ["4.6", "4.6"], "hotel_price": ["516", "516"]}, "10148339": {"hotel_name": "\u4e09\u4e9a\u6b66\u65b0\u5ba2\u6808", "order_time": ["2019-01-29 11:58:21"], "total_order": 1, "hotel_value": ["4.4"], "hotel_price": ["88"]}, "6298012": {"hotel_name": "\u683c\u6797\u8054\u76df\u9152\u5e97(\u4e09\u4e9a\u4e00\u5e02\u573a\u5e97)", "order_time": ["2019-01-29 11:58:21"], "total_order": 1, "hotel_value": ["4.8"], "hotel_price": ["129"]}, "24036577": {"hotel_name": "\u4e09\u4e9a\u6d77\u89d2\u5c0f\u61a9\u5ba2\u6808", "order_time": ["2019-01-29 11:58:22", "2019-01-29 12:10:20", "2019-01-29 12:00:23"], "total_order": 3, "hotel_value": ["5.0", "5.0", "5.0"], "hotel_price": ["111", "111", "111"]}, "11439512": {"hotel_name": "\u4e09\u4e9a\u56fd\u5c0a\u6d77\u666f\u9152\u5e97", "order_time": ["2019-01-29 11:58:24"], "total_order": 1, "hotel_value": ["4.1"], "hotel_price": ["184"]}, "481437": {"hotel_name": "\u9526\u6c5f\u4e4b\u661f(\u4e09\u4e9a\u89e3\u653e\u8def\u5e97)", "order_time": ["2019-01-29 12:00:22"], "total_order": 1, "hotel_value": ["4.6"], "hotel_price": ["199"]}, "773075": {"hotel_name": "\u4e09\u4e9a\u6d3e\u745e\u9152\u5e97", "order_time": ["2019-01-29 12:00:22"], "total_order": 1, "hotel_value": ["4.5"], "hotel_price": ["214"]}, "900548": {"hotel_name": "\u57ce\u5e02\u4fbf\u6377\u9152\u5e97(\u4e09\u4e9a\u6e7e\u6b65\u884c\u8857\u5e97)", "order_time": ["2019-01-29 12:00:22"], "total_order": 1, "hotel_value": ["4.4"], "hotel_price": ["189"]}, "8616662": {"hotel_name": "\u4e09\u4e9a\u62fe\u5149\u96c6\u827a\u672f\u4e3b\u9898\u9152\u5e97(\u539f\u4e09\u4e9a\u62fe\u5149\u96c6\u7cbe\u54c1\u6c11\u5bbf)", "order_time": ["2019-01-29 12:00:25"], "total_order": 1, "hotel_value": ["4.8"], "hotel_price": ["227"]}, "5892127": {"hotel_name": "\u4e09\u4e9a\u6d77\u68e0\u6e7eHANATOALICE\u6d77\u666f\u9152\u5e97", "order_time": ["2019-01-29 12:00:25", "2019-01-29 12:02:22", "2019-01-29 12:06:21"], "total_order": 3, "hotel_value": ["4.4", "4.4", "4.4"], "hotel_price": ["356", "356", "356"]}, "1061478": {"hotel_name": "\u4e45\u6816\u00b7\u4e09\u4e9aiHome\u6d77\u666f\u5ea6\u5047\u516c\u5bd3", "order_time": ["2019-01-29 12:02:19"], "total_order": 1, "hotel_value": ["4.7"], "hotel_price": ["289"]}, "24051573": {"hotel_name": "\u4e09\u4e9a\u6d77\u7720\u827a\u5bbf\u8bbe\u8ba1\u6c11\u5bbf", "order_time": ["2019-01-29 12:02:19", "2019-01-29 12:04:19"], "total_order": 2, "hotel_value": ["4.7", "4.7"], "hotel_price": ["242", "242"]}, "6118712": {"hotel_name": "\u4e09\u4e9a\u91d1\u4e2d\u6d77\u84dd\u94bb\u5ea6\u5047\u516c\u5bd3\u4e09\u4e9a\u6e7e\u5e97", "order_time": ["2019-01-29 12:02:20"], "total_order": 1, "hotel_value": ["4.7"], "hotel_price": ["322"]}, "2032262": {"hotel_name": "\u7ef4\u4e5f\u7eb3\u9152\u5e97(\u4e09\u4e9a\u6e7e\u51e4\u51f0\u5c9b\u5e97)(\u539f\u4e09\u4e9a\u7b2c\u4e00\u5e02\u573a\u5e97)", "order_time": ["2019-01-29 12:04:19"], "total_order": 1, "hotel_value": ["4.7"], "hotel_price": ["289"]}, "26483436": {"hotel_name": "\u4e09\u4e9a\u4e0e\u9e7f\u9752\u5e74\u65c5\u820d", "order_time": ["2019-01-29 12:08:19"], "total_order": 1, "hotel_value": ["4.9"], "hotel_price": ["38"]}, "917373": {"hotel_name": "\u4e09\u4e9a\u8273\u9633\u5929\u5ba2\u6808(\u539f\u6f9c\u60a6\u9633\u5149\u6d77\u666f\u5ba2\u6808)", "order_time": ["2019-01-29 12:08:19"], "total_order": 1, "hotel_value": ["4.6"], "hotel_price": ["175"]}, "835120": {"hotel_name": "\u4e09\u4e9a\u4e3d\u90fd\u6d77\u666f\u5546\u52a1\u9152\u5e97", "order_time": ["2019-01-29 12:10:19"], "total_order": 1, "hotel_value": ["4.1"], "hotel_price": ["154"]}, "8577314": {"hotel_name": "\u4e09\u4e9a\u7f8e\u4e3d\u4e4b\u51a0\u5e78\u798f\u6811\u5ea6\u5047\u9152\u5e97", "order_time": ["2019-01-29 12:10:19"], "total_order": 1, "hotel_value": ["4.0"], "hotel_price": ["220"]}, "440975": {"hotel_name": "\u4e09\u4e9a\u4e1c\u65b9\u6d77\u666f\u5927\u9152\u5e97", "order_time": ["2019-01-29 12:12:21"], "total_order": 1, "hotel_value": ["4.3"], "hotel_price": ["270"]}, "3631084": {"hotel_name": "\u4e09\u4e9a\u6e7e\u5e0c\u5c14\u987f\u6b22\u670b\u9152\u5e97", "order_time": ["2019-01-29 12:12:21"], "total_order": 1, "hotel_value": ["4.8"], "hotel_price": ["479"]}, "6809050": {"hotel_name": "\u4e09\u4e9a\u5170\u6d77\u5ea6\u5047\u9152\u5e97\u516c\u5bd3\u84dd\u8272\u6d77\u5cb8\u5e97", "order_time": ["2019-01-29 12:12:21"], "total_order": 1, "hotel_value": ["4.7"], "hotel_price": ["272"]}}}