{"\u5f00\u59cb\u8bb0\u5f55\u65f6\u95f4": "2019-01-10 16:36:00", "\u7ed3\u675f\u8bb0\u5f55\u65f6\u95f4": "2019-01-10 17:36:00", "\u8ba2\u5355\u603b\u589e\u91cf": 213, "item": {"345088": {"hotel_name": "\u4e09\u4e9a\u5929\u6cfd\u6d77\u97f5\u5ea6\u5047\u9152\u5e97", "order_time": ["2019-01-10 16:38:16"], "total_order": 1, "hotel_value": ["4.5"], "hotel_price": ["388"]}, "11069281": {"hotel_name": "\u4e09\u7c73\u7a7a\u95f4\u4e3b\u9898\u9152\u5e97(\u4e09\u4e9a\u6e7e\u6d77\u8fb9\u5e97)", "order_time": ["2019-01-10 16:38:16", "2019-01-10 16:52:21"], "total_order": 2, "hotel_value": ["4.7", "4.7"], "hotel_price": ["126", "126"]}, "482829": {"hotel_name": "\u4e09\u4e9a\u4e16\u7eaa\u5c71\u6c34\u9152\u5e97", "order_time": ["2019-01-10 16:38:16"], "total_order": 1, "hotel_value": ["3.9"], "hotel_price": ["209"]}, "843599": {"hotel_name": "\u4e09\u4e9a\u56db\u5b63\u6d77\u5ead\u9152\u5e97", "order_time": ["2019-01-10 16:38:18"], "total_order": 1, "hotel_value": ["4.6"], "hotel_price": ["344"]}, "375179": {"hotel_name": "\u4e09\u4e9a\u6e7e\u7ea2\u6811\u6797\u5ea6\u5047\u4e16\u754c(\u6728\u68c9\u9152\u5e97)", "order_time": ["2019-01-10 16:38:18"], "total_order": 1, "hotel_value": ["4.6"], "hotel_price": ["536"]}, "25768287": {"hotel_name": "\u4e09\u4e9a\u5357\u590f\u51ef\u83b1\u60a6\u4eab\u9152\u5e97", "order_time": ["2019-01-10 16:38:19", "2019-01-10 17:04:21"], "total_order": 2, "hotel_value": ["4.8", "4.8"], "hotel_price": ["328", "328"]}, "16948036": {"hotel_name": "\u4e09\u4e9a\u6e7e\u7ea2\u6811\u6797\u5ea6\u5047\u4e16\u754c(\u5927\u738b\u68d5\u9152\u5e97)", "order_time": ["2019-01-10 16:38:21"], "total_order": 1, "hotel_value": ["4.7"], "hotel_price": ["620"]}, "17533420": {"hotel_name": "\u4e09\u4e9a\u5927\u4e1c\u6d77\u9152\u5e97", "order_time": ["2019-01-10 16:38:21"], "total_order": 1, "hotel_value": ["4.8"], "hotel_price": ["669"]}, "436676": {"hotel_name": "\u4e09\u4e9a\u9ec4\u91d1\u9053\u5927\u9152\u5e97", "order_time": ["2019-01-10 16:38:21"], "total_order": 1, "hotel_value": ["3.9"], "hotel_price": ["166"]}, "25688390": {"hotel_name": "\u4e09\u4e9a\u5fae\u4f73\u5546\u52a1\u65c5\u79df", "order_time": ["2019-01-10 16:38:24"], "total_order": 1, "hotel_value": [0], "hotel_price": ["95"]}, "1744812": {"hotel_name": "\u4e09\u4e9a\u65af\u7ef4\u767b\u5ea6\u5047\u516c\u5bd3(\u51ac\u90fd\u5927\u53a6)", "order_time": ["2019-01-10 16:38:56", "2019-01-10 16:44:48"], "total_order": 2, "hotel_value": ["4.7", "4.7"], "hotel_price": ["272", "272"]}, "1486685": {"hotel_name": "\u4e09\u4e9a\u51e4\u51f0\u5c9b\u5ea6\u5047\u9152\u5e97", "order_time": ["2019-01-10 16:40:55", "2019-01-10 16:40:58", "2019-01-10 16:40:57", "2019-01-10 16:40:43", "2019-01-10 17:26:19", "2019-01-10 16:40:54", "2019-01-10 16:40:49", "2019-01-10 16:40:59", "2019-01-10 17:10:32", "2019-01-10 16:40:56", "2019-01-10 16:41:00", "2019-01-10 16:40:16", "2019-01-10 16:41:01", "2019-01-10 17:30:18"], "total_order": 14, "hotel_value": ["4.7", "4.7", "4.7", "4.7", "4.7", "4.7", "4.7", "4.7", "4.7", "4.7", "4.7", "4.7", "4.7", "4.7"], "hotel_price": ["1108", "1108", "1108", "1108", "1108", "1108", "1108", "1108", "1108", "1108", "1108", "1108", "1108", "1108"]}, "3362163": {"hotel_name": "\u4e09\u4e9a\u54c8\u66fc\u5ea6\u5047\u9152\u5e97", "order_time": ["2019-01-10 16:40:16"], "total_order": 1, "hotel_value": ["4.7"], "hotel_price": ["628"]}, "14249344": {"hotel_name": "\u4e09\u4e9a\u4e9a\u7279\u5170\u8482\u65af\u9152\u5e97", "order_time": ["2019-01-10 16:40:16"], "total_order": 1, "hotel_value": ["4.6"], "hotel_price": ["3388"]}, "345522": {"hotel_name": "\u4e09\u4e9a\u5929\u57df\u5ea6\u5047\u9152\u5e97", "order_time": ["2019-01-10 16:40:16"], "total_order": 1, "hotel_value": ["4.8"], "hotel_price": ["799"]}, "345071": {"hotel_name": "\u91d1\u8302\u4e09\u4e9a\u4e9a\u9f99\u6e7e\u5e0c\u5c14\u987f\u5927\u9152\u5e97", "order_time": ["2019-01-10 16:40:16"], "total_order": 1, "hotel_value": ["4.6"], "hotel_price": ["1491"]}, "4436448": {"hotel_name": "\u4e09\u4e9a\u590f\u672b\u82b1\u5f00\u6d77\u5cb8\u5ba2\u6808(\u539f\u6625\u5929\u7684\u6545\u4e8b\u6d77\u5cb8\u5ba2\u6808)", "order_time": ["2019-01-10 16:40:16", "2019-01-10 16:56:42"], "total_order": 2, "hotel_value": ["4.8", "4.8"], "hotel_price": ["137", "137"]}, "3631084": {"hotel_name": "\u4e09\u4e9a\u6e7e\u5e0c\u5c14\u987f\u6b22\u670b\u9152\u5e97", "order_time": ["2019-01-10 16:40:26"], "total_order": 1, "hotel_value": ["4.8"], "hotel_price": ["526"]}, "433675": {"hotel_name": "\u4e09\u4e9a\u51e4\u51f0\u6c34\u57ce\u51ef\u83b1\u5ea6\u5047\u9152\u5e97", "order_time": ["2019-01-10 16:40:26"], "total_order": 1, "hotel_value": ["4.5"], "hotel_price": ["354"]}, "1580558": {"hotel_name": "\u901f8\u9152\u5e97(\u4e09\u4e9a\u6e7e\u5409\u7965\u8857\u5e97)", "order_time": ["2019-01-10 16:42:16"], "total_order": 1, "hotel_value": ["4.6"], "hotel_price": ["145"]}, "346686": {"hotel_name": "\u4e09\u4e9a\u739b\u745e\u7eb3\u9152\u5e97", "order_time": ["2019-01-10 16:42:18"], "total_order": 1, "hotel_value": ["4.6"], "hotel_price": ["571"]}, "1185042": {"hotel_name": "\u4e09\u4e9a\u6e7e\u7ea2\u6811\u6797\u5ea6\u5047\u4e16\u754c(\u83e9\u63d0\u9152\u5e97)", "order_time": ["2019-01-10 16:42:19"], "total_order": 1, "hotel_value": ["4.7"], "hotel_price": ["519"]}, "13433212": {"hotel_name": "\u4e09\u4e9a\u91d1\u90fd\u851a\u666f\u6e29\u5fb7\u59c6\u9152\u5e97", "order_time": ["2019-01-10 16:42:19"], "total_order": 1, "hotel_value": ["4.7"], "hotel_price": ["823"]}, "3290149": {"hotel_name": "\u4e09\u4e9a\u5b9d\u76db\u7cbe\u54c1\u5927\u9152\u5e97(\u539f\u5b9d\u76db\u6d77\u666f\u5927\u9152\u5e97)", "order_time": ["2019-01-10 16:42:20"], "total_order": 1, "hotel_value": ["4.1"], "hotel_price": ["189"]}, "8506973": {"hotel_name": "\u4e09\u4e9a\u5bbf\u516e\u9152\u5e97\u5f0f\u516c\u5bd3", "order_time": ["2019-01-10 16:42:22"], "total_order": 1, "hotel_value": ["4.8"], "hotel_price": ["244"]}, "18425048": {"hotel_name": "\u4e09\u4e9a\u4e9a\u9f99\u6e7e\u4e1b\u6797\u5c0f\u7b51\u65c5\u79df", "order_time": ["2019-01-10 16:42:23"], "total_order": 1, "hotel_value": ["4.9"], "hotel_price": ["142"]}, "8836577": {"hotel_name": "\u4e09\u4e9a\u51e4\u51f0\u5bb6\u5ead\u65c5\u79df", "order_time": ["2019-01-10 16:42:24"], "total_order": 1, "hotel_value": ["4.3"], "hotel_price": ["115"]}, "1409881": {"hotel_name": "\u4e09\u4e9a\u89c2\u6d77\u5c0f\u5c4b\u5ea6\u5047\u516c\u5bd3", "order_time": ["2019-01-10 16:42:24"], "total_order": 1, "hotel_value": ["4.5"], "hotel_price": ["253"]}, "374842": {"hotel_name": "\u4e09\u4e9a\u6e7e\u6d77\u5c45\u94c2\u5c14\u66fc\u5ea6\u5047\u9152\u5e97", "order_time": ["2019-01-10 17:32:22", "2019-01-10 16:42:25"], "total_order": 2, "hotel_value": ["4.7", "4.7"], "hotel_price": ["835", "835"]}, "19589458": {"hotel_name": "\u4e09\u4e9a\u6800\u5b50\u6d77\u6d77\u666f\u5ea6\u5047\u516c\u5bd3(\u539f\u6d77\u6708\u8f69\u6d77\u666f\u5ea6\u5047\u516c\u5bd3)", "order_time": ["2019-01-10 16:42:35"], "total_order": 1, "hotel_value": ["5.0"], "hotel_price": ["233"]}, "1980387": {"hotel_name": "\u9e97\u67ab\u9152\u5e97(\u4e09\u4e9a\u6b65\u884c\u8857\u5e97)", "order_time": ["2019-01-10 16:44:17"], "total_order": 1, "hotel_value": ["4.8"], "hotel_price": ["371"]}, "1682691": {"hotel_name": "\u4e09\u4e9a\u4eac\u6d77\u56fd\u9645\u5047\u65e5\u9152\u5e97", "order_time": ["2019-01-10 16:44:18", "2019-01-10 17:12:23"], "total_order": 2, "hotel_value": ["4.6", "4.6"], "hotel_price": ["572", "572"]}, "6463579": {"hotel_name": "\u5982\u5bb6\u9a7f\u5c45\u9152\u5e97(\u4e09\u4e9a\u6986\u4e9a\u8def\u5927\u4e1c\u6d77\u5e97)", "order_time": ["2019-01-10 16:44:19"], "total_order": 1, "hotel_value": ["4.5"], "hotel_price": ["212"]}, "428318": {"hotel_name": "\u4e09\u4e9a\u6021\u5ead\u9152\u5e97", "order_time": ["2019-01-10 16:44:20"], "total_order": 1, "hotel_value": ["4.8"], "hotel_price": ["257"]}, "15226316": {"hotel_name": "TOWO\u4e0a\u54c1\u9152\u5e97(\u4e09\u4e9a\u6e7e\u5e97)", "order_time": ["2019-01-10 16:44:20", "2019-01-10 17:12:23"], "total_order": 2, "hotel_value": ["4.6", "4.6"], "hotel_price": ["182", "182"]}, "4301411": {"hotel_name": "\u5982\u5bb6\u5feb\u6377\u9152\u5e97(\u4e09\u4e9a\u5546\u54c1\u8857\u5927\u9053\u5e97)", "order_time": ["2019-01-10 16:44:21"], "total_order": 1, "hotel_value": ["4.5"], "hotel_price": ["137"]}, "426966": {"hotel_name": "\u4e09\u4e9a\u5927\u5c0f\u6d1e\u5929\u5c0f\u6708\u6e7e\u5ea6\u5047\u9152\u5e97", "order_time": ["2019-01-10 16:44:24"], "total_order": 1, "hotel_value": ["4.5"], "hotel_price": ["436"]}, "8859003": {"hotel_name": "\u4e09\u4e9a\u5929\u5929\u590f\u65e5\u84dd\u5929\u9152\u5e97", "order_time": ["2019-01-10 16:44:30"], "total_order": 1, "hotel_value": ["3.6"], "hotel_price": ["134"]}, "6867681": {"hotel_name": "\u4e09\u4e9a\u590f\u672b\u82b1\u5f00\u5c71\u95f4\u5c0f\u7b51", "order_time": ["2019-01-10 16:44:48"], "total_order": 1, "hotel_value": ["4.8"], "hotel_price": ["153"]}, "345080": {"hotel_name": "\u4e09\u4e9a\u4e9a\u9f99\u6e7e\u559c\u6765\u767b\u5ea6\u5047\u9152\u5e97", "order_time": ["2019-01-10 16:50:22", "2019-01-10 16:46:18"], "total_order": 2, "hotel_value": ["4.6", "4.6"], "hotel_price": ["1051", "1051"]}, "6955535": {"hotel_name": "\u4e09\u4e9a\u6cca\u5cb8\u5c0f\u5ead\u516c\u5bd3\u8708\u652f\u6d32\u5c9b\u5e97", "order_time": ["2019-01-10 16:46:20"], "total_order": 1, "hotel_value": ["4.2"], "hotel_price": ["178"]}, "18488062": {"hotel_name": "\u4e09\u4e9a\u8fb0\u5149\u5c7f\u6d77\u6d77\u666f\u5ea6\u5047\u516c\u5bd3", "order_time": ["2019-01-10 16:46:21"], "total_order": 1, "hotel_value": ["4.8"], "hotel_price": ["111"]}, "473665": {"hotel_name": "\u9526\u6c5f\u4e4b\u661f\u54c1\u5c1a(\u4e09\u4e9a\u6e7e\u91d1\u9e21\u5cad\u5e97)", "order_time": ["2019-01-10 16:46:22"], "total_order": 1, "hotel_value": ["4.4"], "hotel_price": ["219"]}, "17338449": {"hotel_name": "\u4e09\u4e9a\u666f\u660e\u5047\u65e5\u65c5\u79df", "order_time": ["2019-01-10 16:46:24"], "total_order": 1, "hotel_value": ["4.7"], "hotel_price": ["145"]}, "436675": {"hotel_name": "\u4e09\u4e9a\u5927\u4e1c\u6d77\u541b\u4ead\u9152\u5e97", "order_time": ["2019-01-10 16:46:25"], "total_order": 1, "hotel_value": ["4.8"], "hotel_price": ["332"]}, "1550936": {"hotel_name": "\u4e09\u4e9a\u5d16\u57ce\u5584\u851a\u65c5\u79df", "order_time": ["2019-01-10 16:46:28"], "total_order": 1, "hotel_value": ["3.8"], "hotel_price": ["157"]}, "3197195": {"hotel_name": "\u54ea\u91cc\u90a3\u91cc\u6d77\u5cb8\u7cbe\u54c1\u5ba2\u6808(\u4e09\u4e9a\u4e9a\u9f99\u6e7e\u5e97)", "order_time": ["2019-01-10 16:48:14", "2019-01-10 17:00:19"], "total_order": 2, "hotel_value": ["4.8", "4.8"], "hotel_price": ["211", "211"]}, "427277": {"hotel_name": "\u4e09\u4e9a\u4e2d\u5fc3\u7687\u51a0\u5047\u65e5\u9152\u5e97", "order_time": ["2019-01-10 16:52:15", "2019-01-10 16:48:16"], "total_order": 2, "hotel_value": ["4.7", "4.7"], "hotel_price": ["849", "849"]}, "14074913": {"hotel_name": "\u4e09\u4e9a\u4e9a\u9f99\u6e7e\u96c5\u9601\u6e29\u6cc9\u5ea6\u5047\u9152\u5e97", "order_time": ["2019-01-10 16:48:17"], "total_order": 1, "hotel_value": ["4.7"], "hotel_price": ["448"]}, "371722": {"hotel_name": "\u4e09\u4e9a\u4e9a\u9f99\u6e7e\u91d1\u68d5\u6988\u5ea6\u5047\u9152\u5e97", "order_time": ["2019-01-10 16:48:17"], "total_order": 1, "hotel_value": ["4.6"], "hotel_price": ["517"]}, "435983": {"hotel_name": "\u4e09\u4e9a\u4e9a\u9f99\u6e7e\u4eba\u95f4\u5929\u5802-\u9e1f\u5de2\u5ea6\u5047\u6751", "order_time": ["2019-01-10 16:48:17"], "total_order": 1, "hotel_value": ["4.6"], "hotel_price": ["1370"]}, "1739015": {"hotel_name": "\u4e09\u4e9a\u9f99\u5174\u83b1\u66fc\u6d77\u666f\u5ea6\u5047\u9152\u5e97", "order_time": ["2019-01-10 16:52:22", "2019-01-10 16:48:22"], "total_order": 2, "hotel_value": ["4.4", "4.4"], "hotel_price": ["412", "412"]}, "1377449": {"hotel_name": "Q\u52a0\u00b7\u4e09\u4e9a\u51e4\u51f0\u5c9b\u60a6\u4f73\u6d77\u4e0a\u516c\u5bd3", "order_time": ["2019-01-10 16:48:22"], "total_order": 1, "hotel_value": ["4.7"], "hotel_price": ["431"]}, "346775": {"hotel_name": "\u4e09\u4e9a\u4e9a\u9f99\u6e7e\u73af\u7403\u57ce\u5927\u9152\u5e97", "order_time": ["2019-01-10 16:48:22"], "total_order": 1, "hotel_value": ["4.2"], "hotel_price": ["562"]}, "5983642": {"hotel_name": "\u4e09\u4e9a\u6d77\u98ce\u6c11\u5bbf", "order_time": ["2019-01-10 16:48:30"], "total_order": 1, "hotel_value": ["4.8"], "hotel_price": ["230"]}, "6446036": {"hotel_name": "\u4e09\u4e9a\u51e4\u51f0\u673a\u573a\u9152\u5e97", "order_time": ["2019-01-10 16:50:19", "2019-01-10 16:58:28"], "total_order": 2, "hotel_value": ["4.5", "4.5"], "hotel_price": ["410", "410"]}, "14999032": {"hotel_name": "\u4e09\u4e9a\u4e9a\u9f99\u6e7e\u6d6e\u751f\u82e5\u5bbf\u8bbe\u8ba1\u6c11\u5bbf", "order_time": ["2019-01-10 16:50:20"], "total_order": 1, "hotel_value": ["4.9"], "hotel_price": ["576"]}, "2021754": {"hotel_name": "\u4e09\u4e9a\u4fdd\u5229\u5929\u827a\u51e4\u51f0\u9152\u5e97", "order_time": ["2019-01-10 16:50:21"], "total_order": 1, "hotel_value": ["4.4"], "hotel_price": ["327"]}, "15249049": {"hotel_name": "\u7f8e\u4e3d\u4e4b\u51a0\u5927\u6811\u7687\u51a0\u5047\u65e5\u9152\u5e97", "order_time": ["2019-01-10 16:50:21"], "total_order": 1, "hotel_value": ["4.4"], "hotel_price": ["212"]}, "346754": {"hotel_name": "\u4e09\u4e9a\u534a\u5c71\u534a\u5c9b\u6d32\u9645\u5ea6\u5047\u9152\u5e97", "order_time": ["2019-01-10 16:50:26"], "total_order": 1, "hotel_value": ["4.6"], "hotel_price": ["999"]}, "827128": {"hotel_name": "\u4e09\u4e9a\u5df4\u54c8\u9a6c\u5ea6\u5047\u9152\u5e97", "order_time": ["2019-01-10 16:50:27"], "total_order": 1, "hotel_value": ["4.1"], "hotel_price": ["315"]}, "953990": {"hotel_name": "\u4e09\u4e9a\u6930\u6d77\u98ce\u60c5\u7cbe\u54c1\u6d77\u666f\u516c\u5bd3(\u539f\u6930\u6d77\u98ce\u60c5\u5ea6\u5047\u65c5\u9986)", "order_time": ["2019-01-10 16:50:30"], "total_order": 1, "hotel_value": ["4.7"], "hotel_price": ["105"]}, "436673": {"hotel_name": "\u4e09\u4e9a\u9e7f\u5cad\u6d77\u6e7e\u7ef4\u666f\u56fd\u9645\u5927\u9152\u5e97(\u539f\u4e09\u4e9a\u6d77\u6e7e\u7ef4\u666f\u56fd\u9645\u5927\u9152\u5e97)", "order_time": ["2019-01-10 16:54:31", "2019-01-10 16:52:15"], "total_order": 2, "hotel_value": ["4.6", "4.6"], "hotel_price": ["321", "321"]}, "7073052": {"hotel_name": "\u4e09\u4e9a\u514b\u62c9\u5c14\u9633\u5149\u6d77\u666f\u516c\u5bd3", "order_time": ["2019-01-10 16:52:16"], "total_order": 1, "hotel_value": ["4.8"], "hotel_price": ["254"]}, "6484684": {"hotel_name": "\u4e09\u4e9a\u4e07\u5ef7\u4e3b\u9898\u9152\u5e97", "order_time": ["2019-01-10 16:52:19"], "total_order": 1, "hotel_value": ["4.7"], "hotel_price": ["178"]}, "483075": {"hotel_name": "\u5982\u5bb6\u5feb\u6377\u9152\u5e97(\u4e09\u4e9a\u4e34\u6625\u6cb3\u8def\u767d\u9e6d\u516c\u56ed\u6d77\u666f\u5e97)", "order_time": ["2019-01-10 17:04:24", "2019-01-10 16:52:25"], "total_order": 2, "hotel_value": ["4.5", "4.5"], "hotel_price": ["134", "134"]}, "9656278": {"hotel_name": "\u4e09\u4e9a\u90c1\u6797\u7ea2\u53f6\u5546\u52a1\u9152\u5e97", "order_time": ["2019-01-10 16:52:27"], "total_order": 1, "hotel_value": ["3.3"], "hotel_price": ["112"]}, "427279": {"hotel_name": "\u4e09\u4e9a\u5357\u5c71\u8fce\u5bbe\u9986", "order_time": ["2019-01-10 16:54:20"], "total_order": 1, "hotel_value": ["4.6"], "hotel_price": ["636"]}, "6395268": {"hotel_name": "\u4e09\u4e9a\u60a6\u6d77\u5ea6\u5047\u6d0b\u623f\u522b\u5885", "order_time": ["2019-01-10 16:54:21"], "total_order": 1, "hotel_value": ["4.7"], "hotel_price": ["388"]}, "6245445": {"hotel_name": "\u4e09\u4e9a\u8d1d\u65af\u7279\u97e6\u65af\u7279\u7cbe\u54c1\u56fd\u9645\u5ea6\u5047\u9152\u5e97", "order_time": ["2019-01-10 16:54:25"], "total_order": 1, "hotel_value": ["4.7"], "hotel_price": ["468"]}, "18467174": {"hotel_name": "\u4e09\u4e9a1\u53f7\u4e3b\u9898\u6d77\u666f\u5ea6\u5047\u516c\u5bd3", "order_time": ["2019-01-10 16:54:36"], "total_order": 1, "hotel_value": [0], "hotel_price": ["350"]}, "345069": {"hotel_name": "\u4e09\u4e9a\u6d77\u68e0\u6e7e\u4e07\u8fbe\u5e0c\u5c14\u987f\u9038\u6797\u5ea6\u5047\u9152\u5e97", "order_time": ["2019-01-10 16:56:19"], "total_order": 1, "hotel_value": ["4.5"], "hotel_price": ["710"]}, "429907": {"hotel_name": "\u4e09\u4e9a\u660e\u7533\u9ad8\u5c14\u592b\u5ea6\u5047\u9152\u5e97", "order_time": ["2019-01-10 16:56:19"], "total_order": 1, "hotel_value": ["4.6"], "hotel_price": ["479"]}, "431643": {"hotel_name": "\u5168\u5b63\u9152\u5e97(\u4e09\u4e9a\u4e2d\u5fc3\u5e97)", "order_time": ["2019-01-10 16:56:19"], "total_order": 1, "hotel_value": ["4.6"], "hotel_price": ["322"]}, "6839693": {"hotel_name": "\u4e09\u4e9a\u68ee\u6797\u6d77\u5cb8\u6cf3\u6c60\u5ea6\u5047\u522b\u5885", "order_time": ["2019-01-10 16:56:20"], "total_order": 1, "hotel_value": ["4.9"], "hotel_price": ["463"]}, "6541448": {"hotel_name": "\u4e09\u4e9a\u745e\u6cf0\u660e\u73e0\u9152\u5e97(\u51e4\u51f0\u673a\u573a\u5e97)", "order_time": ["2019-01-10 16:56:21"], "total_order": 1, "hotel_value": ["4.6"], "hotel_price": ["174"]}, "4388404": {"hotel_name": "\u4e09\u4e9a\u7f8e\u4e3d\u4e4b\u51a0\u5927\u6811\u9152\u5e97", "order_time": ["2019-01-10 16:56:22"], "total_order": 1, "hotel_value": ["4.3"], "hotel_price": ["227"]}, "747674": {"hotel_name": "\u9675\u6c34\u6e05\u6c34\u6e7e\u6d77\u6d0b\u4e4b\u661f\u9152\u5e97", "order_time": ["2019-01-10 16:56:22", "2019-01-10 17:14:25"], "total_order": 2, "hotel_value": ["4.5", "4.5"], "hotel_price": ["323", "323"]}, "438193": {"hotel_name": "\u6d77\u5357\u798f\u6e7e\u6885\u8bfa\u5361\u5ea6\u5047\u9152\u5e97", "order_time": ["2019-01-10 16:56:22"], "total_order": 1, "hotel_value": ["4.4"], "hotel_price": ["317"]}, "443574": {"hotel_name": "\u4e09\u4e9a\u9f99\u6c90\u6e7e\u6e29\u5fb7\u59c6\u81f3\u5c0a\u8c6a\u5ef7\u5927\u9152\u5e97", "order_time": ["2019-01-10 16:56:22"], "total_order": 1, "hotel_value": ["4.7"], "hotel_price": ["530"]}, "8589084": {"hotel_name": "\u4e09\u4e9a\u51e4\u51f0\u7f8e\u4e3d\u5927\u9152\u5e97", "order_time": ["2019-01-10 16:56:23"], "total_order": 1, "hotel_value": ["4.8"], "hotel_price": ["192"]}, "5830820": {"hotel_name": "\u96e8\u6797\u6f2b\u6b65\u5ea6\u5047\u6d0b\u623f\u522b\u5885(\u4e09\u4e9a\u4e9a\u9f99\u6e7e\u516c\u4e3b\u90e1\u5e97)", "order_time": ["2019-01-10 16:56:28"], "total_order": 1, "hotel_value": ["4.3"], "hotel_price": ["296"]}, "15342894": {"hotel_name": "\u4e09\u4e9a\u542c\u6d77\u8d77\u70b9\u9752\u65c5", "order_time": ["2019-01-10 16:56:38"], "total_order": 1, "hotel_value": [0], "hotel_price": ["41"]}, "4332410": {"hotel_name": "\u4e09\u4e9a\u5a01\u9f99\u5bbe\u9986", "order_time": ["2019-01-10 16:56:42"], "total_order": 1, "hotel_value": [0], "hotel_price": ["153"]}, "9580477": {"hotel_name": "\u5411\u65e5\u8475\u6d77\u5cb8\u5ba2\u6808(\u4e09\u4e9a\u51e4\u51f0\u673a\u573a\u5e97)", "order_time": ["2019-01-10 16:58:16"], "total_order": 1, "hotel_value": ["4.6"], "hotel_price": ["199"]}, "2645085": {"hotel_name": "\u4e09\u4e9a\u9f99\u5f97\u6c34\u82d1\u4e3b\u9898\u5ba2\u6808\uff08\u6d77\u6708\u5e7f\u573a\u5e97\uff09", "order_time": ["2019-01-10 16:58:16"], "total_order": 1, "hotel_value": ["4.5"], "hotel_price": ["140"]}, "8627044": {"hotel_name": "\u4e09\u4e9a\u4fdd\u5229\u7470\u4e3d\u9152\u5e97", "order_time": ["2019-01-10 16:58:16"], "total_order": 1, "hotel_value": ["4.7"], "hotel_price": ["1842"]}, "1212645": {"hotel_name": "\u4e09\u4e9a\u4fe1\u6d77\u5feb\u6377\u9152\u5e97", "order_time": ["2019-01-10 16:58:22"], "total_order": 1, "hotel_value": ["4.2"], "hotel_price": ["115"]}, "14013399": {"hotel_name": "\u4e09\u4e9a\u5112\u5bb6\u5047\u65e5\u9152\u5e97", "order_time": ["2019-01-10 16:58:28"], "total_order": 1, "hotel_value": ["4.8"], "hotel_price": ["74"]}, "1583257": {"hotel_name": "\u4e09\u4e9a\u559c\u798f\u65af\u9152\u5e97", "order_time": ["2019-01-10 16:58:33"], "total_order": 1, "hotel_value": ["4.0"], "hotel_price": ["120"]}, "976249": {"hotel_name": "\u54ea\u91cc\u90a3\u91cc\u6d77\u5cb8\u7cbe\u54c1\u5ba2\u6808(\u4e09\u4e9a\u5927\u4e1c\u6d77\u5e97)", "order_time": ["2019-01-10 17:00:19"], "total_order": 1, "hotel_value": ["4.8"], "hotel_price": ["183"]}, "8657412": {"hotel_name": "\u4e09\u4e9a\u5927\u6811\u5ea6\u5047\u9152\u5e97", "order_time": ["2019-01-10 17:00:20"], "total_order": 1, "hotel_value": ["3.8"], "hotel_price": ["205"]}, "6486443": {"hotel_name": "\u4e09\u4e9a\u5b9d\u745e\u7cbe\u54c1\u5ea6\u5047\u516c\u5bd3", "order_time": ["2019-01-10 17:00:27"], "total_order": 1, "hotel_value": ["4.4"], "hotel_price": ["163"]}, "5498432": {"hotel_name": "\u4e09\u4e9a\u521d\u590f\u7cbe\u54c1\u5957\u623f\u6d77\u666f\u516c\u5bd3", "order_time": ["2019-01-10 17:00:30"], "total_order": 1, "hotel_value": ["4.8"], "hotel_price": ["121"]}, "6841281": {"hotel_name": "\u4e09\u4e9a\u60a6\u4fe1\u7f8e\u9ad8\u7f8e\u56fd\u9645\u9152\u5e97", "order_time": ["2019-01-10 17:02:18"], "total_order": 1, "hotel_value": ["4.6"], "hotel_price": ["561"]}, "1251671": {"hotel_name": "\u9526\u6c5f\u4e4b\u661f(\u4e09\u4e9a\u6cb3\u897f\u8def\u6b65\u884c\u6865\u6cb3\u666f\u5e97)", "order_time": ["2019-01-10 17:02:19"], "total_order": 1, "hotel_value": ["4.5"], "hotel_price": ["173"]}, "21765890": {"hotel_name": "\u4e09\u4e9a\u5361\u838e\u4e3b\u9898\u9152\u5e97", "order_time": ["2019-01-10 17:02:19"], "total_order": 1, "hotel_value": ["4.6"], "hotel_price": ["115"]}, "5980581": {"hotel_name": "\u4e09\u4e9a\u73ba\u6cfd\u6d77\u666f\u65c5\u5c45(\u539f\u6d77\u60a6\u661f\u8fb0\u6d77\u666f\u5ea6\u5047\u516c\u5bd3)", "order_time": ["2019-01-10 17:02:19"], "total_order": 1, "hotel_value": ["4.9"], "hotel_price": ["249"]}, "632301": {"hotel_name": "\u4e09\u4e9a\u5927\u536b\u4f20\u5947\u7231\u60c5\u5ea6\u5047\u9152\u5e97", "order_time": ["2019-01-10 17:02:22"], "total_order": 1, "hotel_value": ["4.4"], "hotel_price": ["318"]}, "1419670": {"hotel_name": "\u84dd\u5929\u56fd\u9645\u9752\u5e74\u65c5\u820d(\u4e09\u4e9a\u5927\u4e1c\u6d77\u5e97)", "order_time": ["2019-01-10 17:02:23"], "total_order": 1, "hotel_value": ["4.7"], "hotel_price": ["49"]}, "11052603": {"hotel_name": "\u4e09\u4e9a\u4e0e\u6d77\u5171\u671d\u65c5\u79df(\u539f\u5929\u6daf\u5c45\u5c9b\u4e4b\u5317\u5ba2\u6808)", "order_time": ["2019-01-10 17:02:25"], "total_order": 1, "hotel_value": ["4.7"], "hotel_price": ["126"]}, "22421309": {"hotel_name": "\u4e09\u4e9a\u5c1a\u9a7b\u5c0f\u9662\u8bbe\u8ba1\u6c11\u5bbf", "order_time": ["2019-01-10 17:02:26"], "total_order": 1, "hotel_value": ["4.4"], "hotel_price": ["122"]}, "10188701": {"hotel_name": "\u4e09\u4e9a\u6c34\u6676\u4e4b\u604b\u4e3b\u9898\u9152\u5e97", "order_time": ["2019-01-10 17:02:31"], "total_order": 1, "hotel_value": ["4.6"], "hotel_price": ["150"]}, "15140269": {"hotel_name": "\u4e09\u4e9a\u6e7e\u9752\u871c\u6ee8\u6d77\u522b\u5885\u9152\u5e97", "order_time": ["2019-01-10 17:02:40"], "total_order": 1, "hotel_value": ["4.9"], "hotel_price": ["313"]}, "4845384": {"hotel_name": "\u4e09\u4e9a\u84dd\u5cb8\u6d77\u8fb9\u4e3b\u9898\u9152\u5e97", "order_time": ["2019-01-10 17:02:48", "2019-01-10 17:12:57"], "total_order": 2, "hotel_value": ["4.7", "4.7"], "hotel_price": ["136", "136"]}, "346735": {"hotel_name": "\u4e09\u4e9a\u5357\u7530\u6e29\u6cc9\u597d\u6c49\u5761\u56fd\u9645\u5ea6\u5047\u9152\u5e97", "order_time": ["2019-01-10 17:04:14"], "total_order": 1, "hotel_value": ["4.3"], "hotel_price": ["346"]}, "1315187": {"hotel_name": "\u7267\u6d77\u65c5\u820d(\u4e09\u4e9a\u6d77\u5cb8\u540d\u90fd\u5e97)", "order_time": ["2019-01-10 17:04:14"], "total_order": 1, "hotel_value": ["4.9"], "hotel_price": ["194"]}, "1444927": {"hotel_name": "\u4e09\u4e9a\u5341\u6b65\u6d77\u5cb8\u9752\u5e74\u65c5\u820d", "order_time": ["2019-01-10 17:04:18"], "total_order": 1, "hotel_value": ["4.3"], "hotel_price": ["55"]}, "8057510": {"hotel_name": "\u4e09\u4e9a\u83b2\u5bbf\u9152\u5e97\uff08\u5927\u4e1c\u6d77\u5e97\uff09", "order_time": ["2019-01-10 17:04:20"], "total_order": 1, "hotel_value": ["4.8"], "hotel_price": ["254"]}, "23918136": {"hotel_name": "\u4e09\u4e9a\u9999\u6c34\u6e7e\u963f\u5c14\u5361\u8fea\u4e9a\u5ea6\u5047\u9152\u5e97", "order_time": ["2019-01-10 17:04:20"], "total_order": 1, "hotel_value": ["4.6"], "hotel_price": ["612"]}, "346673": {"hotel_name": "\u4e09\u4e9a\u534a\u5c71\u534a\u5c9b\u5ea6\u5047\u9152\u5e97(\u5168\u5957\u623f)", "order_time": ["2019-01-10 17:04:20"], "total_order": 1, "hotel_value": ["4.6"], "hotel_price": ["590"]}, "372133": {"hotel_name": "\u4e09\u4e9a\u73e0\u6c5f\u82b1\u56ed\u9152\u5e97", "order_time": ["2019-01-10 17:04:21"], "total_order": 1, "hotel_value": ["4.4"], "hotel_price": ["393"]}, "1412495": {"hotel_name": "\u4e09\u4e9a\u51e4\u946b\u65c5\u9986(\u539f\u4ebf\u5bb6\u7f18\u5bbe\u9986)", "order_time": ["2019-01-10 17:04:43"], "total_order": 1, "hotel_value": ["4.5"], "hotel_price": ["137"]}, "1067285": {"hotel_name": "\u6d77\u5357\u84dd\u6e7e\u7eff\u57ce\u5a01\u65af\u6c40\u5ea6\u5047\u9152\u5e97", "order_time": ["2019-01-10 17:04:44"], "total_order": 1, "hotel_value": ["4.7"], "hotel_price": ["1129"]}, "430163": {"hotel_name": "\u4e09\u4e9a\u4e9a\u9f99\u6e7e\u94c2\u5c14\u66fc\u522b\u5885\u5ea6\u5047\u9152\u5e97", "order_time": ["2019-01-10 17:06:16"], "total_order": 1, "hotel_value": ["4.6"], "hotel_price": ["994"]}, "21634169": {"hotel_name": "\u7f18\u7b51\u00b7\u4e09\u4e9a\u6162\u70b9\u5ea6\u5047\u516c\u5bd3(\u64ce\u5929\u534a\u5c9b\u5e97)", "order_time": ["2019-01-10 17:06:17"], "total_order": 1, "hotel_value": ["4.8"], "hotel_price": ["163"]}, "2032262": {"hotel_name": "\u7ef4\u4e5f\u7eb3\u9152\u5e97(\u4e09\u4e9a\u6e7e\u51e4\u51f0\u5c9b\u5e97)(\u539f\u4e09\u4e9a\u7b2c\u4e00\u5e02\u573a\u5e97)", "order_time": ["2019-01-10 17:06:18"], "total_order": 1, "hotel_value": ["4.7"], "hotel_price": ["266"]}, "684215": {"hotel_name": "\u4e09\u4e9a\u6d77\u68e0\u6e7e\u5929\u623f\u6d32\u9645\u5ea6\u5047\u9152\u5e97", "order_time": ["2019-01-10 17:06:21", "2019-01-10 17:10:33"], "total_order": 2, "hotel_value": ["4.7", "4.7"], "hotel_price": ["1697", "1697"]}, "439582": {"hotel_name": "\u4e09\u4e9a\u6c49\u5510\u5ea6\u5047\u516c\u5bd3", "order_time": ["2019-01-10 17:06:23"], "total_order": 1, "hotel_value": ["4.2"], "hotel_price": ["99"]}, "28645593": {"hotel_name": "\u4e09\u4e9a\u60a6\u5149\u5e74\u827a\u672f\u6c11\u5bbf", "order_time": ["2019-01-10 17:06:24"], "total_order": 1, "hotel_value": ["5.0"], "hotel_price": ["160"]}, "24051573": {"hotel_name": "\u4e09\u4e9a\u6d77\u7720\u827a\u5bbf\u8bbe\u8ba1\u6c11\u5bbf", "order_time": ["2019-01-10 17:08:21"], "total_order": 1, "hotel_value": ["4.7"], "hotel_price": ["246"]}, "371696": {"hotel_name": "\u4e09\u4e9a\u590f\u5a01\u5937\u5927\u9152\u5e97", "order_time": ["2019-01-10 17:08:21"], "total_order": 1, "hotel_value": ["4.4"], "hotel_price": ["284"]}, "6844747": {"hotel_name": "\u81ea\u5728\u7f8e\u6797\u6c34\u5c45\u9152\u5e97\u5f0f\u516c\u5bd3(\u4e09\u4e9a\u6e7e\u51e4\u51f0\u6c34\u57ce\u5e97)", "order_time": ["2019-01-10 17:08:26"], "total_order": 1, "hotel_value": ["4.7"], "hotel_price": ["266"]}, "1281635": {"hotel_name": "\u4e09\u4e9a\u4e9a\u9f99\u6e7e\u516c\u4e3b\u90e1\u4e09\u671f\u6d0b\u623f", "order_time": ["2019-01-10 17:10:15"], "total_order": 1, "hotel_value": ["4.6"], "hotel_price": ["332"]}, "6343548": {"hotel_name": "\u4e09\u4e9a\u6d77\u8fb9\u7cbe\u54c1\u5ea6\u5047\u516c\u5bd3", "order_time": ["2019-01-10 17:10:18"], "total_order": 1, "hotel_value": ["4.9"], "hotel_price": ["190"]}, "3732039": {"hotel_name": "\u4e09\u4e9a\u6d77\u68e0\u6e7e\u6bd4\u90bbnear\u6930\u6797\u7f8e\u5bbf(\u539f\u6bd4\u90bb\u6cf3\u6c60\u5ea6\u5047\u7cbe\u54c1\u5ba2\u6808)", "order_time": ["2019-01-10 17:10:18"], "total_order": 1, "hotel_value": ["4.5"], "hotel_price": ["286"]}, "1289697": {"hotel_name": "\u4e09\u4e9a\u66a7\u552f\u5957\u623f\u6d77\u666f\u96c5\u5c45", "order_time": ["2019-01-10 17:10:18"], "total_order": 1, "hotel_value": ["4.6"], "hotel_price": ["188"]}, "6111359": {"hotel_name": "\u4e09\u4e9a\u666f\u7476\u6d77\u666f\u5ba2\u6808", "order_time": ["2019-01-10 17:10:21"], "total_order": 1, "hotel_value": ["4.5"], "hotel_price": ["99"]}, "5137861": {"hotel_name": "\u6d77\u4e91\u5c45\u6d77\u666f\u5ea6\u5047\u516c\u5bd3(\u4e09\u4e9a\u5927\u4e1c\u6d77\u5e97)", "order_time": ["2019-01-10 17:10:29"], "total_order": 1, "hotel_value": ["4.8"], "hotel_price": ["133"]}, "486003": {"hotel_name": "\u4e09\u4e9a\u8708\u652f\u6d32\u5c9b\u73ca\u745a\u9152\u5e97", "order_time": ["2019-01-10 17:10:32"], "total_order": 1, "hotel_value": ["4.8"], "hotel_price": ["749"]}, "1720344": {"hotel_name": "\u4e09\u4e9a\u5d16\u57ce\u5357\u6ee8\u798f\u5a03\u5bbe\u9986", "order_time": ["2019-01-10 17:10:33"], "total_order": 1, "hotel_value": [0], "hotel_price": ["93"]}, "12184321": {"hotel_name": "\u4e09\u4e9a\u7d2b\u6930\u6797\u6d77\u5cb8\u4e3b\u9898\u9152\u5e97", "order_time": ["2019-01-10 17:10:46"], "total_order": 1, "hotel_value": ["4.4"], "hotel_price": ["118"]}, "426360": {"hotel_name": "\u4e09\u4e9a\u67cf\u745e\u7cbe\u54c1\u6d77\u666f\u9152\u5e97", "order_time": ["2019-01-10 17:12:16"], "total_order": 1, "hotel_value": ["4.6"], "hotel_price": ["500"]}, "6279068": {"hotel_name": "\u4e09\u4e9a\u6d77\u6f2b\u6f2b\u5ba2\u6808", "order_time": ["2019-01-10 17:12:18"], "total_order": 1, "hotel_value": ["4.5"], "hotel_price": ["110"]}, "4836754": {"hotel_name": "\u4e09\u4e9a\u5bcc\u5929\u4e50\u9152\u5e97", "order_time": ["2019-01-10 17:12:19"], "total_order": 1, "hotel_value": ["4.4"], "hotel_price": ["128"]}, "6261136": {"hotel_name": "\u7ef4\u4e5f\u7eb3\u9152\u5e97(\u4e09\u4e9a\u4e9a\u9f99\u6e7e\u5343\u53e4\u60c5\u5e97)", "order_time": ["2019-01-10 17:12:21"], "total_order": 1, "hotel_value": ["4.8"], "hotel_price": ["269"]}, "6043700": {"hotel_name": "\u4e09\u4e9a\u67ab\u6797\u665a\u4e3b\u9898\u9152\u5e97", "order_time": ["2019-01-10 17:12:23"], "total_order": 1, "hotel_value": ["4.7"], "hotel_price": ["143"]}, "3040204": {"hotel_name": "\u521d\u89c1\u4e09\u4e9a\u6d77\u666f\u7a7a\u4e2d\u82b1\u56ed\u5ba2\u6808", "order_time": ["2019-01-10 17:12:23"], "total_order": 1, "hotel_value": ["4.9"], "hotel_price": ["191"]}, "26483436": {"hotel_name": "\u4e09\u4e9a\u4e0e\u9e7f\u9752\u5e74\u65c5\u820d", "order_time": ["2019-01-10 17:12:26"], "total_order": 1, "hotel_value": ["4.9"], "hotel_price": ["34"]}, "835120": {"hotel_name": "\u4e09\u4e9a\u4e3d\u90fd\u6d77\u666f\u5546\u52a1\u9152\u5e97", "order_time": ["2019-01-10 17:12:28"], "total_order": 1, "hotel_value": ["4.1"], "hotel_price": ["198"]}, "15330406": {"hotel_name": "7\u5929\u9152\u5e97(\u4e09\u4e9a\u4e9a\u9f99\u6e7e\u666f\u533a\u5e97)", "order_time": ["2019-01-10 17:14:18"], "total_order": 1, "hotel_value": ["4.4"], "hotel_price": ["141"]}, "11155396": {"hotel_name": "\u4e09\u4e9a\u5c71\u884c\u6d77\u5bbf\u5ba2\u6808", "order_time": ["2019-01-10 17:14:20"], "total_order": 1, "hotel_value": ["4.6"], "hotel_price": ["250"]}, "6402325": {"hotel_name": "\u4e09\u4e9a\u7b49\u82b1\u513f\u5f00\u827a\u672f\u6c11\u5bbf", "order_time": ["2019-01-10 17:14:21"], "total_order": 1, "hotel_value": ["4.7"], "hotel_price": ["126"]}, "4656822": {"hotel_name": "\u4e45\u6816\u00b7\u4e09\u4e9a\u6d77\u84dd\u84dd\u6d77\u666f\u6c11\u5bbf", "order_time": ["2019-01-10 17:14:21"], "total_order": 1, "hotel_value": ["4.6"], "hotel_price": ["159"]}, "1440676": {"hotel_name": "\u4e09\u4e9a\u6021\u5bb6\u6d77\u666f\u5ea6\u5047\u516c\u5bd3", "order_time": ["2019-01-10 17:14:23"], "total_order": 1, "hotel_value": ["4.9"], "hotel_price": ["182"]}, "346684": {"hotel_name": "\u4e09\u4e9a\u73e0\u6c5f\u5357\u7530\u6e29\u6cc9\u5ea6\u5047\u533a", "order_time": ["2019-01-10 17:14:25"], "total_order": 1, "hotel_value": ["4.3"], "hotel_price": ["428"]}, "4033951": {"hotel_name": "\u4e09\u4e9a\u51e4\u51f0\u5c9b\u6d77\u6d0b\u4e4b\u68a6\u5ea6\u5047\u9152\u5e97", "order_time": ["2019-01-10 17:14:25"], "total_order": 1, "hotel_value": ["4.6"], "hotel_price": ["1258"]}, "346768": {"hotel_name": "\u4e09\u4e9a\u534a\u5c71\u9526\u6c5f\u6d77\u666f\u5ea6\u5047\u9152\u5e97(\u8d35\u5bbe\u697c)", "order_time": ["2019-01-10 17:14:25"], "total_order": 1, "hotel_value": ["4.6"], "hotel_price": ["529"]}, "6781451": {"hotel_name": "\u4e09\u4e9a\u79d1\u5b9d\u5927\u9152\u5e97", "order_time": ["2019-01-10 17:16:19"], "total_order": 1, "hotel_value": ["4.8"], "hotel_price": ["120"]}, "5398745": {"hotel_name": "\u4e09\u4e9a\u897f\u85cf\u5927\u53a6\u5f00\u5143\u540d\u90fd\u9152\u5e97", "order_time": ["2019-01-10 17:16:21"], "total_order": 1, "hotel_value": ["4.6"], "hotel_price": ["387"]}, "1377566": {"hotel_name": "\u4e09\u4e9a\u4e9a\u9f99\u6e7e\u4ec1\u8fbe\u5ea6\u5047\u516c\u5bd3", "order_time": ["2019-01-10 17:16:21"], "total_order": 1, "hotel_value": ["4.5"], "hotel_price": ["256"]}, "3031230": {"hotel_name": "\u6021\u6d77\u84dd\u6e7e\u6d77\u666f\u522b\u5885(\u4e09\u4e9a\u51e4\u51f0\u5c9b\u5e97)", "order_time": ["2019-01-10 17:16:23"], "total_order": 1, "hotel_value": ["4.5"], "hotel_price": ["182"]}, "1282013": {"hotel_name": "\u4e09\u4e9a\u6d77\u68e0\u6e7e\u5e1b\u751f\u5ea6\u5047\u516c\u9986", "order_time": ["2019-01-10 17:16:23"], "total_order": 1, "hotel_value": ["4.4"], "hotel_price": ["465"]}, "1053835": {"hotel_name": "\u4e09\u4e9a\u4ebc\u4e50\u51b2\u6d6a\u5ba2\u6808", "order_time": ["2019-01-10 17:26:18", "2019-01-10 17:16:24"], "total_order": 2, "hotel_value": ["4.2", "4.2"], "hotel_price": ["467", "467"]}, "4371952": {"hotel_name": "\u4e09\u4e9a\u534e\u5b87\u4e9a\u9f99\u6e7e\u8fce\u5bbe\u9986", "order_time": ["2019-01-10 17:16:27"], "total_order": 1, "hotel_value": ["4.7"], "hotel_price": ["1079"]}, "895697": {"hotel_name": "7\u5929\u8fde\u9501\u9152\u5e97(\u4e09\u4e9a\u6e7e\u80dc\u5229\u8d2d\u7269\u5e7f\u573a\u5e97)", "order_time": ["2019-01-10 17:18:24"], "total_order": 1, "hotel_value": ["4.3"], "hotel_price": ["138"]}, "7332740": {"hotel_name": "\u4e09\u4e9a\u806a\u806a\u5ba2\u6808", "order_time": ["2019-01-10 17:18:28"], "total_order": 1, "hotel_value": ["4.4"], "hotel_price": ["78"]}, "1719843": {"hotel_name": "\u4e09\u4e9a\u5d16\u57ce\u4e39\u6e90\u65c5\u79df(\u539f\u4e2d\u6e90\u5bbe\u9986)", "order_time": ["2019-01-10 17:18:29"], "total_order": 1, "hotel_value": ["3.8"], "hotel_price": ["66"]}, "19844684": {"hotel_name": "\u4e09\u4e9a\u8212\u4e4b\u4f73\u5ba2\u6808", "order_time": ["2019-01-10 17:18:29"], "total_order": 1, "hotel_value": ["4.8"], "hotel_price": ["102"]}, "1458154": {"hotel_name": "\u4e09\u4e9a\u8f6c\u89d2\u9047\u5230\u6d77\u4e3b\u9898\u5ba2\u6808", "order_time": ["2019-01-10 17:18:29"], "total_order": 1, "hotel_value": ["4.4"], "hotel_price": ["128"]}, "2094898": {"hotel_name": "\u4e09\u4e9a\u56db\u5b63\u5982\u5bb6\u5bbe\u9986", "order_time": ["2019-01-10 17:18:29"], "total_order": 1, "hotel_value": ["3.8"], "hotel_price": ["143"]}, "2044026": {"hotel_name": "\u4e09\u4e9a\u6d77\u4f9d\u604b\u5feb\u6377\u5bbe\u9986", "order_time": ["2019-01-10 17:18:29"], "total_order": 1, "hotel_value": ["4.4"], "hotel_price": ["82"]}, "11503483": {"hotel_name": "\u4e09\u4e9a\u884c\u8005\u65e0\u7586\u9752\u5e74\u65c5\u820d", "order_time": ["2019-01-10 17:18:29"], "total_order": 1, "hotel_value": [0], "hotel_price": ["29"]}, "6833004": {"hotel_name": "\u4e09\u4e9a\u6d77\u66e6\u5bbe\u9986", "order_time": ["2019-01-10 17:18:29"], "total_order": 1, "hotel_value": ["4.0"], "hotel_price": ["181"]}, "1273536": {"hotel_name": "\u4e09\u4e9a\u76db\u5982\u5feb\u6377\u9152\u5e97", "order_time": ["2019-01-10 17:18:29"], "total_order": 1, "hotel_value": ["4.3"], "hotel_price": ["107"]}, "25733451": {"hotel_name": "\u4e09\u4e9a\u4e09\u751f\u77f3\u6d77\u666f\u5ea6\u5047\u516c\u5bd3", "order_time": ["2019-01-10 17:18:29"], "total_order": 1, "hotel_value": [0], "hotel_price": ["108"]}, "15018544": {"hotel_name": "\u4e09\u4e9a\u9047\u89c1\u6d77\u68e0\u522b\u5885\u9152\u5e97", "order_time": ["2019-01-10 17:20:14"], "total_order": 1, "hotel_value": ["4.6"], "hotel_price": ["154"]}, "4339553": {"hotel_name": "\u4e09\u4e9a\u94c2\u7acb\u541b\u9a7f\u7cbe\u54c1\u9152\u5e97(\u5343\u53e4\u60c5\u5e97)(\u539f\u94c2\u7acb\u7cbe\u54c1\u9152\u5e97)", "order_time": ["2019-01-10 17:20:15"], "total_order": 1, "hotel_value": ["4.4"], "hotel_price": ["132"]}, "690765": {"hotel_name": "\u4e09\u4e9a\u6d77\u7acb\u65b9\u5ea6\u5047\u9152\u5e97", "order_time": ["2019-01-10 17:20:20"], "total_order": 1, "hotel_value": ["4.6"], "hotel_price": ["399"]}, "5924618": {"hotel_name": "\u4e9a\u9f99\u6e7e\u4f9d\u5c71\u5c45\u522b\u5885\u9152\u5e97(\u4e09\u4e9a\u9e1f\u5de2\u5e97)(\u539f\u4e9a\u9f99\u6e7e\u82b1\u56ed\u522b\u5885\u9152\u5e97)", "order_time": ["2019-01-10 17:20:21"], "total_order": 1, "hotel_value": ["4.4"], "hotel_price": ["318"]}, "431932": {"hotel_name": "\u4e09\u4e9a\u94f6\u97f5\u6d77\u666f\u5ea6\u5047\u9152\u5e97", "order_time": ["2019-01-10 17:20:41"], "total_order": 1, "hotel_value": ["4.7"], "hotel_price": ["318"]}, "15168099": {"hotel_name": "\u4e09\u4e9a\u6797\u5915\u6d77\u5cb8\u6d77\u666f\u5ea6\u5047\u516c\u5bd3", "order_time": ["2019-01-10 17:22:19"], "total_order": 1, "hotel_value": ["4.8"], "hotel_price": ["232"]}, "10492389": {"hotel_name": "\u4e09\u4e9a\u9082\u9005\u6d77\u666f\u9752\u5e74\u65c5\u820d", "order_time": ["2019-01-10 17:22:26"], "total_order": 1, "hotel_value": ["4.7"], "hotel_price": ["28"]}, "2216767": {"hotel_name": "\u7ef4\u4e5f\u7eb3\u9152\u5e97(\u4e09\u4e9a\u6e7e\u5e97)", "order_time": ["2019-01-10 17:24:16"], "total_order": 1, "hotel_value": ["4.8"], "hotel_price": ["358"]}, "473314": {"hotel_name": "\u4e09\u4e9a\u4e8c\u6708\u6d77\u6d77\u666f\u9152\u5e97", "order_time": ["2019-01-10 17:24:20"], "total_order": 1, "hotel_value": ["4.8"], "hotel_price": ["191"]}, "6019143": {"hotel_name": "\u4e09\u4e9a\u5927\u4e1c\u6d77\u661f\u7a7a\u4e3b\u9898\u5ea6\u5047\u9152\u5e97", "order_time": ["2019-01-10 17:24:20"], "total_order": 1, "hotel_value": ["4.5"], "hotel_price": ["150"]}, "473351": {"hotel_name": "\u4e09\u4e9a\u4e9a\u9f99\u6e7e\u827e\u7433\u8fbe\u7cbe\u54c1\u5ea6\u5047\u9152\u5e97", "order_time": ["2019-01-10 17:26:19", "2019-01-10 17:34:17"], "total_order": 2, "hotel_value": ["4.1", "4.1"], "hotel_price": ["270", "270"]}, "6507002": {"hotel_name": "\u4e09\u4e9a\u96e8\u7199\u5ba2\u6808", "order_time": ["2019-01-10 17:26:48"], "total_order": 1, "hotel_value": ["4.8"], "hotel_price": ["198"]}, "1687513": {"hotel_name": "\u4e09\u4e9a\u73c2\u7532\u6d77\u666f\u5ea6\u5047\u516c\u5bd3", "order_time": ["2019-01-10 17:30:19"], "total_order": 1, "hotel_value": ["4.5"], "hotel_price": ["315"]}, "2574467": {"hotel_name": "\u4e09\u4e9a\u5609\u65fa\u5bb6\u5ead\u65c5\u9986", "order_time": ["2019-01-10 17:32:21"], "total_order": 1, "hotel_value": ["4.1"], "hotel_price": ["120"]}, "353871": {"hotel_name": "\u4e09\u4e9a\u7ef4\u666f\u56fd\u9645\u5ea6\u5047\u9152\u5e97", "order_time": ["2019-01-10 17:32:22"], "total_order": 1, "hotel_value": ["4.8"], "hotel_price": ["658"]}}}