{"\u5f00\u59cb\u8bb0\u5f55\u65f6\u95f4": "2019-01-19 17:48:20", "\u7ed3\u675f\u8bb0\u5f55\u65f6\u95f4": "2019-01-19 18:48:21", "\u8ba2\u5355\u603b\u589e\u91cf": 180, "item": {"372154": {"hotel_name": "\u4e09\u4e9a\u798f\u670b\u559c\u6765\u767b\u9152\u5e97", "order_time": ["2019-01-19 18:24:37", "2019-01-19 17:50:26"], "total_order": 2, "hotel_value": ["4.5", "4.5"], "hotel_price": ["655", "655"]}, "6450523": {"hotel_name": "\u4e09\u4e9a\u5c71\u6d77\u5929\u5927\u9152\u5e97\u00b7\u50b2\u9014\u683c\u7cbe\u9009", "order_time": ["2019-01-19 18:24:37", "2019-01-19 17:50:26", "2019-01-19 18:04:34"], "total_order": 3, "hotel_value": ["4.8", "4.8", "4.8"], "hotel_price": ["1452", "1452", "1452"]}, "345076": {"hotel_name": "\u4e09\u4e9a\u4e9a\u9f99\u6e7e\u7231\u7434\u6d77\u5168\u5957\u623f\u7cbe\u54c1\u5ea6\u5047\u9152\u5e97", "order_time": ["2019-01-19 18:36:43", "2019-01-19 17:50:26"], "total_order": 2, "hotel_value": ["4.5", "4.5"], "hotel_price": ["772", "772"]}, "346702": {"hotel_name": "\u4e09\u4e9a\u8fb0\u5149\u514b\u62c9\u7801\u5934\u9152\u5e97", "order_time": ["2019-01-19 17:50:26"], "total_order": 1, "hotel_value": ["4.6"], "hotel_price": ["408"]}, "429615": {"hotel_name": "\u4e09\u4e9a\u4e9a\u9f99\u6e7e\u541b\u6f9c\u5ea6\u5047\u9152\u5e97(\u539f\u5047\u65e5\u5ea6\u5047\u9152\u5e97)", "order_time": ["2019-01-19 18:00:33", "2019-01-19 17:50:26"], "total_order": 2, "hotel_value": ["4.5", "4.5"], "hotel_price": ["660", "660"]}, "372133": {"hotel_name": "\u4e09\u4e9a\u73e0\u6c5f\u82b1\u56ed\u9152\u5e97", "order_time": ["2019-01-19 17:50:26"], "total_order": 1, "hotel_value": ["4.4"], "hotel_price": ["393"]}, "512853": {"hotel_name": "\u4e09\u4e9a\u7267\u6d77\u65c5\u820d\u4e09\u4e9a\u6e7e\u5e97", "order_time": ["2019-01-19 17:50:26"], "total_order": 1, "hotel_value": ["4.7"], "hotel_price": ["192"]}, "346693": {"hotel_name": "\u4e09\u4e9a\u4e9a\u9f99\u6e7e\u534e\u5b87\u5ea6\u5047\u9152\u5e97", "order_time": ["2019-01-19 17:50:26"], "total_order": 1, "hotel_value": ["4.6"], "hotel_price": ["699"]}, "14249344": {"hotel_name": "\u4e09\u4e9a\u4e9a\u7279\u5170\u8482\u65af\u9152\u5e97", "order_time": ["2019-01-19 17:50:26"], "total_order": 1, "hotel_value": ["4.6"], "hotel_price": ["3288"]}, "345078": {"hotel_name": "\u4e09\u4e9a\u4e9a\u9f99\u6e7e\u7f8e\u9ad8\u6885\u5ea6\u5047\u9152\u5e97", "order_time": ["2019-01-19 17:50:26"], "total_order": 1, "hotel_value": ["4.7"], "hotel_price": ["1249"]}, "346676": {"hotel_name": "\u4e09\u4e9a\u56fd\u5149\u8c6a\u751f\u5ea6\u5047\u9152\u5e97", "order_time": ["2019-01-19 17:50:26"], "total_order": 1, "hotel_value": ["4.6"], "hotel_price": ["721"]}, "345074": {"hotel_name": "\u4e09\u4e9a\u4e9a\u9f99\u6e7e\u745e\u5409\u5ea6\u5047\u9152\u5e97", "order_time": ["2019-01-19 17:50:26"], "total_order": 1, "hotel_value": ["4.7"], "hotel_price": ["1699"]}, "428318": {"hotel_name": "\u4e09\u4e9a\u6021\u5ead\u9152\u5e97", "order_time": ["2019-01-19 17:50:26"], "total_order": 1, "hotel_value": ["4.8"], "hotel_price": ["229"]}, "1377449": {"hotel_name": "Q\u52a0\u00b7\u4e09\u4e9a\u51e4\u51f0\u5c9b\u60a6\u4f73\u6d77\u4e0a\u516c\u5bd3", "order_time": ["2019-01-19 17:50:27"], "total_order": 1, "hotel_value": ["4.7"], "hotel_price": ["521"]}, "346719": {"hotel_name": "\u4e09\u4e9a\u534a\u5c71\u534a\u5c9b\u5e06\u8239\u6e2f\u9152\u5e97", "order_time": ["2019-01-19 17:50:27", "2019-01-19 18:28:43"], "total_order": 2, "hotel_value": ["4.7", "4.7"], "hotel_price": ["630", "942"]}, "11388764": {"hotel_name": "\u5723\u4e91\u4e3b\u9898\u7cbe\u54c1\u5ba2\u6808(\u4e9a\u9f99\u6e7e\u5e97)", "order_time": ["2019-01-19 17:50:27"], "total_order": 1, "hotel_value": ["4.7"], "hotel_price": ["93"]}, "396500": {"hotel_name": "\u4e09\u4e9a\u6e7e\u4ed9\u5c45\u5e9c\u6d77\u666f\u9152\u5e97", "order_time": ["2019-01-19 17:50:27", "2019-01-19 17:56:26"], "total_order": 2, "hotel_value": ["4.4", "4.4"], "hotel_price": ["344", "344"]}, "346664": {"hotel_name": "\u4e09\u4e9a\u541b\u7136\u6e29\u6cc9\u5ea6\u5047\u9152\u5e97", "order_time": ["2019-01-19 17:50:27"], "total_order": 1, "hotel_value": ["4.5"], "hotel_price": ["252"]}, "900660": {"hotel_name": "\u4e09\u4e9a\u6d77\u8339\u5170\u5bbe\u9986", "order_time": ["2019-01-19 17:50:29"], "total_order": 1, "hotel_value": ["4.8"], "hotel_price": ["79"]}, "670132": {"hotel_name": "\u5929\u827a\u56fd\u9645\u9152\u5e97(\u4e09\u4e9a\u5927\u4e1c\u6d77\u5e97)(\u539f\u4e16\u7eaa\u8c6a\u5ead\u9152\u5e97)", "order_time": ["2019-01-19 17:52:26"], "total_order": 1, "hotel_value": ["4.3"], "hotel_price": ["288"]}, "6457048": {"hotel_name": "\u4f73\u8f69\u5047\u65e5\u9152\u5e97(\u4e09\u4e9a\u51e4\u51f0\u673a\u573a\u5e97)", "order_time": ["2019-01-19 18:16:50", "2019-01-19 17:52:26"], "total_order": 2, "hotel_value": ["4.5", "4.5"], "hotel_price": ["207", "207"]}, "1486685": {"hotel_name": "\u4e09\u4e9a\u51e4\u51f0\u5c9b\u5ea6\u5047\u9152\u5e97", "order_time": ["2019-01-19 17:52:26"], "total_order": 1, "hotel_value": ["4.7"], "hotel_price": ["1108"]}, "386917": {"hotel_name": "\u4e09\u4e9a\u6d77\u97f5\u5ea6\u5047\u9152\u5e97", "order_time": ["2019-01-19 17:52:26"], "total_order": 1, "hotel_value": ["4.7"], "hotel_price": ["906"]}, "436683": {"hotel_name": "\u4e09\u4e9a\u5357\u4e2d\u56fd\u5927\u9152\u5e97", "order_time": ["2019-01-19 17:52:27"], "total_order": 1, "hotel_value": ["4.5"], "hotel_price": ["452"]}, "4090817": {"hotel_name": "\u4e09\u4e9a\u9a6c\u5170\u82b1\u5047\u65e5\u9152\u5e97(\u539f\u5b81\u590f\u5927\u53a6)", "order_time": ["2019-01-19 17:52:27"], "total_order": 1, "hotel_value": ["4.5"], "hotel_price": ["368"]}, "344928": {"hotel_name": "\u4e09\u4e9a\u4e9a\u9f99\u6e7e\u4e07\u8c6a\u5ea6\u5047\u9152\u5e97", "order_time": ["2019-01-19 17:52:27"], "total_order": 1, "hotel_value": ["4.6"], "hotel_price": ["989"]}, "4845384": {"hotel_name": "\u4e09\u4e9a\u84dd\u5cb8\u6d77\u8fb9\u4e3b\u9898\u9152\u5e97", "order_time": ["2019-01-19 17:52:27", "2019-01-19 17:58:37"], "total_order": 2, "hotel_value": ["4.7", "4.7"], "hotel_price": ["136", "136"]}, "346691": {"hotel_name": "\u4e09\u4e9a\u9e3f\u6d32\u57c3\u5fb7\u745e\u9152\u5e97", "order_time": ["2019-01-19 17:52:27"], "total_order": 1, "hotel_value": ["4.3"], "hotel_price": ["408"]}, "346684": {"hotel_name": "\u4e09\u4e9a\u73e0\u6c5f\u5357\u7530\u6e29\u6cc9\u5ea6\u5047\u533a", "order_time": ["2019-01-19 17:52:27"], "total_order": 1, "hotel_value": ["4.3"], "hotel_price": ["459"]}, "879580": {"hotel_name": "\u9526\u6c5f\u4e4b\u661f(\u4e09\u4e9a\u56fd\u9645\u8d2d\u7269\u4e2d\u5fc3\u6d77\u666f\u5e97)", "order_time": ["2019-01-19 17:52:27", "2019-01-19 18:02:33"], "total_order": 2, "hotel_value": ["4.5", "4.5"], "hotel_price": ["179", "179"]}, "17292860": {"hotel_name": "\u4e09\u4e9a\u6d77\u68e0\u6e7e\u6155\u820d\u96ea\u83b1\u6d0b\u623f\u522b\u5885", "order_time": ["2019-01-19 17:52:27"], "total_order": 1, "hotel_value": ["4.8"], "hotel_price": ["576"]}, "14003763": {"hotel_name": "\u4e09\u4e9a\u5fc3\u4e00\u5883\u7985\u610f\u5927\u9152\u5e97", "order_time": ["2019-01-19 17:52:27"], "total_order": 1, "hotel_value": ["4.8"], "hotel_price": ["469"]}, "11052603": {"hotel_name": "\u4e09\u4e9a\u4e0e\u6d77\u5171\u671d\u65c5\u79df(\u539f\u5929\u6daf\u5c45\u5c9b\u4e4b\u5317\u5ba2\u6808)", "order_time": ["2019-01-19 17:52:28"], "total_order": 1, "hotel_value": ["4.7"], "hotel_price": ["102"]}, "6298012": {"hotel_name": "\u683c\u6797\u8054\u76df\u9152\u5e97(\u4e09\u4e9a\u4e00\u5e02\u573a\u5e97)", "order_time": ["2019-01-19 17:52:28", "2019-01-19 18:12:38", "2019-01-19 18:44:44"], "total_order": 3, "hotel_value": ["4.8", "4.8", "4.8"], "hotel_price": ["129", "129", "129"]}, "437115": {"hotel_name": "\u4e09\u4e9a\u767e\u680e\u56fd\u9645\u5ea6\u5047\u516c\u5bd3", "order_time": ["2019-01-19 17:54:25"], "total_order": 1, "hotel_value": ["4.3"], "hotel_price": ["257"]}, "6867681": {"hotel_name": "\u4e09\u4e9a\u590f\u672b\u82b1\u5f00\u5c71\u95f4\u5c0f\u7b51", "order_time": ["2019-01-19 17:54:26"], "total_order": 1, "hotel_value": ["4.8"], "hotel_price": ["153"]}, "15249049": {"hotel_name": "\u7f8e\u4e3d\u4e4b\u51a0\u5927\u6811\u7687\u51a0\u5047\u65e5\u9152\u5e97", "order_time": ["2019-01-19 17:54:26"], "total_order": 1, "hotel_value": ["4.4"], "hotel_price": ["212"]}, "24032181": {"hotel_name": "\u4e09\u4e9a\u5fc3\u5bbf\u7cbe\u54c1\u4e3b\u9898\u9152\u5e97", "order_time": ["2019-01-19 17:54:26"], "total_order": 1, "hotel_value": ["4.9"], "hotel_price": ["130"]}, "707593": {"hotel_name": "\u4e09\u4e9a\u51e4\u51f0\u5c9b\u6d77\u6d0b\u4e4b\u661f\u5ea6\u5047\u9152\u5e97", "order_time": ["2019-01-19 17:54:26"], "total_order": 1, "hotel_value": ["4.6"], "hotel_price": ["702"]}, "6279156": {"hotel_name": "\u4e09\u4e9a\u83ba\u6b4c\u6d77\u9752\u5e74\u65c5\u820d", "order_time": ["2019-01-19 17:54:27"], "total_order": 1, "hotel_value": ["4.7"], "hotel_price": ["40"]}, "1419670": {"hotel_name": "\u84dd\u5929\u56fd\u9645\u9752\u5e74\u65c5\u820d(\u4e09\u4e9a\u5927\u4e1c\u6d77\u5e97)", "order_time": ["2019-01-19 17:56:26"], "total_order": 1, "hotel_value": ["4.7"], "hotel_price": ["59"]}, "1648269": {"hotel_name": "\u4e09\u4e9a\u5fc6\u4e61\u4eba\u5c71\u5885\u5ba2\u6808", "order_time": ["2019-01-19 17:56:26"], "total_order": 1, "hotel_value": ["4.6"], "hotel_price": ["183"]}, "470083": {"hotel_name": "\u6d77\u5357\u96c5\u5c45\u4e50\u83b1\u4f5b\u58eb\u9152\u5e97", "order_time": ["2019-01-19 17:56:26"], "total_order": 1, "hotel_value": ["4.8"], "hotel_price": ["1099"]}, "436673": {"hotel_name": "\u4e09\u4e9a\u9e7f\u5cad\u6d77\u6e7e\u7ef4\u666f\u56fd\u9645\u5927\u9152\u5e97(\u539f\u4e09\u4e9a\u6d77\u6e7e\u7ef4\u666f\u56fd\u9645\u5927\u9152\u5e97)", "order_time": ["2019-01-19 17:56:26"], "total_order": 1, "hotel_value": ["4.6"], "hotel_price": ["321"]}, "13323312": {"hotel_name": "\u4e09\u4e9a\u6cf0\u4ed5\u5546\u52a1\u9152\u5e97", "order_time": ["2019-01-19 17:56:26"], "total_order": 1, "hotel_value": ["4.8"], "hotel_price": ["160"]}, "3663230": {"hotel_name": "\u4e09\u4e9a\u534a\u5cad\u6e29\u6cc9\u6d77\u97f5\u522b\u5885\u5ea6\u5047\u9152\u5e97", "order_time": ["2019-01-19 17:56:26"], "total_order": 1, "hotel_value": ["4.9"], "hotel_price": ["5180"]}, "420069": {"hotel_name": "\u4e09\u4e9a\u4e2d\u4e9a\u56fd\u9645\u5927\u9152\u5e97", "order_time": ["2019-01-19 17:56:26"], "total_order": 1, "hotel_value": ["4.5"], "hotel_price": ["392"]}, "346754": {"hotel_name": "\u4e09\u4e9a\u534a\u5c71\u534a\u5c9b\u6d32\u9645\u5ea6\u5047\u9152\u5e97", "order_time": ["2019-01-19 17:56:26"], "total_order": 1, "hotel_value": ["4.6"], "hotel_price": ["999"]}, "643764": {"hotel_name": "\u6d77\u5357\u96c5\u5c45\u4e50\u65c5\u5bb6\u5ea6\u5047\u9152\u5e97", "order_time": ["2019-01-19 17:56:27"], "total_order": 1, "hotel_value": ["4.3"], "hotel_price": ["262"]}, "1067912": {"hotel_name": "\u4e09\u4e9a\u7ea2\u8272\u6c34\u6676\u5ba2\u6808", "order_time": ["2019-01-19 17:56:27", "2019-01-19 18:16:55"], "total_order": 2, "hotel_value": ["4.6", "4.6"], "hotel_price": ["103", "123"]}, "6833004": {"hotel_name": "\u4e09\u4e9a\u6d77\u66e6\u5bbe\u9986", "order_time": ["2019-01-19 17:56:28"], "total_order": 1, "hotel_value": ["4.0"], "hotel_price": ["193"]}, "5830820": {"hotel_name": "\u96e8\u6797\u6f2b\u6b65\u5ea6\u5047\u6d0b\u623f\u522b\u5885(\u4e09\u4e9a\u4e9a\u9f99\u6e7e\u516c\u4e3b\u90e1\u5e97)", "order_time": ["2019-01-19 17:58:29"], "total_order": 1, "hotel_value": ["4.5"], "hotel_price": ["272"]}, "1718734": {"hotel_name": "\u4e09\u4e9a\u9633\u5149\u6d77\u666f\u516c\u5bd3\u9152\u5e97(\u5168\u6d77\u666f\u5957\u623f)", "order_time": ["2019-01-19 17:58:32"], "total_order": 1, "hotel_value": ["4.6"], "hotel_price": ["216"]}, "346775": {"hotel_name": "\u4e09\u4e9a\u4e9a\u9f99\u6e7e\u73af\u7403\u57ce\u5927\u9152\u5e97", "order_time": ["2019-01-19 18:06:40", "2019-01-19 17:58:34"], "total_order": 2, "hotel_value": ["4.2", "4.2"], "hotel_price": ["390", "390"]}, "6870864": {"hotel_name": "\u4e09\u4e9a\u4e00\u7f15\u9633\u5149\u5ea6\u5047\u516c\u5bd3", "order_time": ["2019-01-19 17:58:37"], "total_order": 1, "hotel_value": ["4.9"], "hotel_price": ["730"]}, "443561": {"hotel_name": "\u4e09\u4e9a\u94f6\u5929\u5ea6\u5047\u9152\u5e97", "order_time": ["2019-01-19 17:58:37"], "total_order": 1, "hotel_value": ["4.3"], "hotel_price": ["158"]}, "430163": {"hotel_name": "\u4e09\u4e9a\u4e9a\u9f99\u6e7e\u94c2\u5c14\u66fc\u522b\u5885\u5ea6\u5047\u9152\u5e97", "order_time": ["2019-01-19 18:28:44", "2019-01-19 18:00:28"], "total_order": 2, "hotel_value": ["4.6", "4.6"], "hotel_price": ["889", "889"]}, "16948036": {"hotel_name": "\u4e09\u4e9a\u6e7e\u7ea2\u6811\u6797\u5ea6\u5047\u4e16\u754c(\u5927\u738b\u68d5\u9152\u5e97)", "order_time": ["2019-01-19 18:00:31"], "total_order": 1, "hotel_value": ["4.7"], "hotel_price": ["949"]}, "25768287": {"hotel_name": "\u4e09\u4e9a\u5357\u590f\u51ef\u83b1\u60a6\u4eab\u9152\u5e97", "order_time": ["2019-01-19 18:00:31"], "total_order": 1, "hotel_value": ["4.8"], "hotel_price": ["582"]}, "15164961": {"hotel_name": "\u4e09\u4e9a\u5c4b\u5947\u9152\u5e97(\u6b65\u884c\u8857\u5e97)", "order_time": ["2019-01-19 18:38:45", "2019-01-19 18:02:31"], "total_order": 2, "hotel_value": ["4.6", "4.6"], "hotel_price": ["158", "214"]}, "396523": {"hotel_name": "\u4e09\u4e9a\u4e9a\u9f99\u6e7e\u5929\u9e3f\u5ea6\u5047\u6751", "order_time": ["2019-01-19 18:02:33"], "total_order": 1, "hotel_value": ["4.7"], "hotel_price": ["656"]}, "1457262": {"hotel_name": "\u4e09\u4e9a\u5c71\u6d77\u5929JW\u4e07\u8c6a\u9152\u5e97", "order_time": ["2019-01-19 18:02:36"], "total_order": 1, "hotel_value": ["4.7"], "hotel_price": ["799"]}, "3462113": {"hotel_name": "\u5982\u5bb6\u6d3e\u67cf\u00b7\u4e91\u9152\u5e97(\u4e09\u4e9a\u4e9a\u9f99\u6e7e\u5e97)(\u539f\u91d1\u601d\u8fbe\u5047\u65e5\u9152\u5e97)", "order_time": ["2019-01-19 18:02:37"], "total_order": 1, "hotel_value": ["4.2"], "hotel_price": ["132"]}, "486003": {"hotel_name": "\u4e09\u4e9a\u8708\u652f\u6d32\u5c9b\u73ca\u745a\u9152\u5e97", "order_time": ["2019-01-19 18:11:06", "2019-01-19 18:04:46"], "total_order": 2, "hotel_value": ["4.8", "4.8"], "hotel_price": ["1049", "1049"]}, "21765890": {"hotel_name": "\u4e09\u4e9a\u5361\u838e\u4e3b\u9898\u9152\u5e97", "order_time": ["2019-01-19 18:26:49", "2019-01-19 18:06:35"], "total_order": 2, "hotel_value": ["4.6", "4.6"], "hotel_price": ["136", "136"]}, "1470056": {"hotel_name": "Q\u52a0\u00b7\u4e09\u4e9a\u8fd9\u7247\u6d77\u5ea6\u5047\u6d77\u666f\u5ba2\u6808", "order_time": ["2019-01-19 18:06:35"], "total_order": 1, "hotel_value": ["4.6"], "hotel_price": ["177"]}, "24863062": {"hotel_name": "\u4e09\u4e9a\u8046\u6d77\u5c0f\u5885\u65c5\u79df", "order_time": ["2019-01-19 18:06:36"], "total_order": 1, "hotel_value": ["4.8"], "hotel_price": ["151"]}, "1251671": {"hotel_name": "\u9526\u6c5f\u4e4b\u661f(\u4e09\u4e9a\u6cb3\u897f\u8def\u6b65\u884c\u6865\u6cb3\u666f\u5e97)", "order_time": ["2019-01-19 18:06:36"], "total_order": 1, "hotel_value": ["4.5"], "hotel_price": ["149"]}, "741295": {"hotel_name": "\u4e09\u4e9a\u8fdc\u8fd1\u6d77\u666f\u9152\u5e97", "order_time": ["2019-01-19 18:06:38"], "total_order": 1, "hotel_value": ["4.6"], "hotel_price": ["245"]}, "6446036": {"hotel_name": "\u4e09\u4e9a\u51e4\u51f0\u673a\u573a\u9152\u5e97", "order_time": ["2019-01-19 18:06:38"], "total_order": 1, "hotel_value": ["4.5"], "hotel_price": ["440"]}, "9351184": {"hotel_name": "\u4e09\u4e9a\u82b1\u5c7f\u6d77\u7cbe\u54c1\u9152\u5e97", "order_time": ["2019-01-19 18:06:39"], "total_order": 1, "hotel_value": ["4.3"], "hotel_price": ["145"]}, "4494807": {"hotel_name": "\u4e09\u4e9a\u4e34\u6d77\u542c\u98ce\u7cbe\u54c1\u5ba2\u6808", "order_time": ["2019-01-19 18:06:41"], "total_order": 1, "hotel_value": ["4.8"], "hotel_price": ["153"]}, "9563699": {"hotel_name": "\u4e09\u4e9a\u6c34\u7a3b\u56fd\u5bb6\u516c\u56ed\u623f\u8f66\u4f53\u9a8c\u4e2d\u5fc3", "order_time": ["2019-01-19 18:08:37"], "total_order": 1, "hotel_value": ["4.7"], "hotel_price": ["443"]}, "21093178": {"hotel_name": "\u4e09\u4e9a\u60c5\u6d77\u4e00\u5bbf\u65c5\u79df", "order_time": ["2019-01-19 18:08:40"], "total_order": 1, "hotel_value": ["4.9"], "hotel_price": ["123"]}, "1302048": {"hotel_name": "\u4e09\u4e9a\u5929\u6daf\u6f6e\u58f0\u5165\u68a6\u6d77\u666f\u5ba2\u6808(\u539f\u7c73\u7c92\u6d77\u666f\u5ba2\u6808\u4e09\u4e9a\u6e7e\u5e97)", "order_time": ["2019-01-19 18:08:41"], "total_order": 1, "hotel_value": ["4.7"], "hotel_price": ["92"]}, "2652378": {"hotel_name": "\u6d77\u5c9b\u68a6\u6d77\u666f\u516c\u5bd3(\u4e09\u4e9a\u5927\u4e1c\u6d77\u5e97)", "order_time": ["2019-01-19 18:08:42"], "total_order": 1, "hotel_value": ["4.5"], "hotel_price": ["143"]}, "2083899": {"hotel_name": "\u4e09\u4e9a\u6d77\u68e0\u6e7e\u542c\u6d9b\u5c0f\u7b51\u5ba2\u6808(\u539f\u8def\u6613\u9152\u5e97)", "order_time": ["2019-01-19 18:08:43"], "total_order": 1, "hotel_value": ["4.6"], "hotel_price": ["58"]}, "346735": {"hotel_name": "\u4e09\u4e9a\u5357\u7530\u6e29\u6cc9\u597d\u6c49\u5761\u56fd\u9645\u5ea6\u5047\u9152\u5e97", "order_time": ["2019-01-19 18:08:46"], "total_order": 1, "hotel_value": ["4.3"], "hotel_price": ["346"]}, "1497774": {"hotel_name": "\u4e09\u4e9a\u7696\u6c5f\u5ea6\u5047\u516c\u5bd3", "order_time": ["2019-01-19 18:08:48"], "total_order": 1, "hotel_value": ["4.6"], "hotel_price": ["149"]}, "16028847": {"hotel_name": "\u4e09\u4e9a\u5343\u53e4\u60c5\u5ba2\u6808", "order_time": ["2019-01-19 18:08:58"], "total_order": 1, "hotel_value": ["4.7"], "hotel_price": ["469"]}, "370832": {"hotel_name": "\u4e09\u4e9a\u9e7f\u9890\u6d77\u666f\u9152\u5e97(\u539f\u8377\u6cf0\u6d77\u666f\u9152\u5e97)", "order_time": ["2019-01-19 18:10:38", "2019-01-19 18:36:45", "2019-01-19 18:18:43"], "total_order": 3, "hotel_value": ["4.6", "4.6", "4.6"], "hotel_price": ["460", "488", "488"]}, "8577331": {"hotel_name": "\u7f8e\u51a0\u5047\u65e5\u9152\u5e97(\u4e09\u4e9a\u5927\u6811\u516c\u9986\u5e97)", "order_time": ["2019-01-19 18:10:41"], "total_order": 1, "hotel_value": ["4.5"], "hotel_price": ["202"]}, "1212645": {"hotel_name": "\u4e09\u4e9a\u4fe1\u6d77\u5feb\u6377\u9152\u5e97", "order_time": ["2019-01-19 18:10:42"], "total_order": 1, "hotel_value": ["4.3"], "hotel_price": ["126"]}, "16097189": {"hotel_name": "\u4e09\u4e9a\u51e4\u51f0\u6c34\u57ce\u7cbe\u88c5\u516c\u5bd3", "order_time": ["2019-01-19 18:10:46"], "total_order": 1, "hotel_value": [0], "hotel_price": ["256"]}, "2698616": {"hotel_name": "\u4e09\u4e9a\u5929\u6daf\u6b64\u65f6\u7cbe\u54c1\u5ba2\u6808", "order_time": ["2019-01-19 18:10:48", "2019-01-19 18:26:55"], "total_order": 2, "hotel_value": ["4.1", "4.1"], "hotel_price": ["35", "35"]}, "23405481": {"hotel_name": "\u4e09\u4e9a\u6d77\u68e0\u6e7e\u4e9a\u4e01\u65af\u5ea6\u5047\u522b\u5885", "order_time": ["2019-01-19 18:12:36"], "total_order": 1, "hotel_value": ["4.9"], "hotel_price": ["650"]}, "842954": {"hotel_name": "\u9526\u6c5f\u4e4b\u661f(\u4e09\u4e9a\u6e7e\u5409\u7965\u8857\u6d77\u666f\u9152\u5e97)", "order_time": ["2019-01-19 18:12:36"], "total_order": 1, "hotel_value": ["4.5"], "hotel_price": ["149"]}, "6484684": {"hotel_name": "\u4e09\u4e9a\u4e07\u5ef7\u4e3b\u9898\u9152\u5e97", "order_time": ["2019-01-19 18:12:36"], "total_order": 1, "hotel_value": ["4.7"], "hotel_price": ["203"]}, "370834": {"hotel_name": "\u4e09\u4e9a\u7389\u534e\u82d1\u6d77\u666f\u9152\u5e97", "order_time": ["2019-01-19 18:12:39"], "total_order": 1, "hotel_value": ["4.6"], "hotel_price": ["293"]}, "4841962": {"hotel_name": "\u4e09\u4e9a\u7231\u7b51\u6545\u4e8b\u5ba2\u6808", "order_time": ["2019-01-19 18:12:40"], "total_order": 1, "hotel_value": ["4.8"], "hotel_price": ["138"]}, "13975638": {"hotel_name": "\u4e09\u4e9a\u9b45\u84dd\u4e4b\u591c\u4e3b\u9898\u9152\u5e97", "order_time": ["2019-01-19 18:12:40"], "total_order": 1, "hotel_value": ["4.8"], "hotel_price": ["126"]}, "6106715": {"hotel_name": "\u4e09\u4e9a\u4e07\u9686\u6c47\u6d0b\u6d77\u666f\u9152\u5e97", "order_time": ["2019-01-19 18:12:43"], "total_order": 1, "hotel_value": ["4.7"], "hotel_price": ["259"]}, "2260152": {"hotel_name": "\u4e09\u4e9a\u51e4\u51f0\u56fd\u9645\u673a\u573a100\u5ba2\u6808", "order_time": ["2019-01-19 18:12:45"], "total_order": 1, "hotel_value": ["4.4"], "hotel_price": ["112"]}, "347462": {"hotel_name": "\u4e09\u4e9a\u6d77\u68e0\u6e7e9\u53f7\u5ea6\u5047\u9152\u5e97", "order_time": ["2019-01-19 18:14:46", "2019-01-19 18:38:37", "2019-01-19 18:26:52"], "total_order": 3, "hotel_value": ["4.7", "4.7", "4.7"], "hotel_price": ["950", "950", "950"]}, "5764385": {"hotel_name": "517\u9a91\u884c\u9a7f\u7ad9(\u4e09\u4e9a\u5927\u4e1c\u6d77\u5e97)", "order_time": ["2019-01-19 18:14:48"], "total_order": 1, "hotel_value": ["4.6"], "hotel_price": ["45"]}, "3289062": {"hotel_name": "\u79d1\u5b9d\u5e84\u56ed\u5927\u9152\u5e97(\u4e09\u4e9a\u5d16\u5dde\u5e97)", "order_time": ["2019-01-19 18:14:48"], "total_order": 1, "hotel_value": ["4.1"], "hotel_price": ["237"]}, "6080085": {"hotel_name": "\u4e09\u4e9a\u65c5\u884c\u8005\u4e4b\u5bb6\u9752\u5e74\u65c5\u793e", "order_time": ["2019-01-19 18:14:58"], "total_order": 1, "hotel_value": [0], "hotel_price": ["22"]}, "470577": {"hotel_name": "\u4e09\u4e9a\u5357\u5c71\u4f11\u95f2\u4f1a\u9986\u7985\u4fee\u4e3b\u9898", "order_time": ["2019-01-19 18:16:45"], "total_order": 1, "hotel_value": ["4.5"], "hotel_price": ["539"]}, "5793623": {"hotel_name": "\u4e09\u4e9a\u4e91\u6d77\u7476\u6d77\u666f\u5ba2\u6808\u5929\u6daf\u6d77\u89d2\u5e97", "order_time": ["2019-01-19 18:16:47"], "total_order": 1, "hotel_value": ["4.6"], "hotel_price": ["121"]}, "427279": {"hotel_name": "\u4e09\u4e9a\u5357\u5c71\u8fce\u5bbe\u9986", "order_time": ["2019-01-19 18:16:50"], "total_order": 1, "hotel_value": ["4.6"], "hotel_price": ["779"]}, "346713": {"hotel_name": "\u4e09\u4e9a\u534e\u5b9d\u77f3\u5927\u9152\u5e97", "order_time": ["2019-01-19 18:18:39"], "total_order": 1, "hotel_value": ["4.4"], "hotel_price": ["230"]}, "374842": {"hotel_name": "\u4e09\u4e9a\u6e7e\u6d77\u5c45\u94c2\u5c14\u66fc\u5ea6\u5047\u9152\u5e97", "order_time": ["2019-01-19 18:18:40"], "total_order": 1, "hotel_value": ["4.7"], "hotel_price": ["944"]}, "1573160": {"hotel_name": "\u683c\u6797\u8c6a\u6cf0(\u4e09\u4e9a\u4e9a\u9f99\u6e7e\u5e97)", "order_time": ["2019-01-19 18:28:45", "2019-01-19 18:18:41"], "total_order": 2, "hotel_value": ["4.5", "4.5"], "hotel_price": ["193", "193"]}, "1980387": {"hotel_name": "\u9e97\u67ab\u9152\u5e97(\u4e09\u4e9a\u6b65\u884c\u8857\u5e97)", "order_time": ["2019-01-19 18:18:42"], "total_order": 1, "hotel_value": ["4.8"], "hotel_price": ["365"]}, "17140010": {"hotel_name": "\u4e09\u4e9a\u60a6\u670b\u00b7\u6d77\u534a\u95f4\u4eba\u6587\u8bbe\u8ba1\u6d77\u666f\u9152\u5e97", "order_time": ["2019-01-19 18:18:42"], "total_order": 1, "hotel_value": ["4.8"], "hotel_price": ["352"]}, "6781451": {"hotel_name": "\u4e09\u4e9a\u79d1\u5b9d\u5927\u9152\u5e97", "order_time": ["2019-01-19 18:18:45", "2019-01-19 18:32:44"], "total_order": 2, "hotel_value": ["4.8", "4.8"], "hotel_price": ["133", "133"]}, "443574": {"hotel_name": "\u4e09\u4e9a\u9f99\u6c90\u6e7e\u6e29\u5fb7\u59c6\u81f3\u5c0a\u8c6a\u5ef7\u5927\u9152\u5e97", "order_time": ["2019-01-19 18:20:45"], "total_order": 1, "hotel_value": ["4.7"], "hotel_price": ["502"]}, "8532215": {"hotel_name": "\u4e09\u4e9a\u60a6\u83b1\u7279\u5927\u9152\u5e97", "order_time": ["2019-01-19 18:20:46"], "total_order": 1, "hotel_value": ["4.6"], "hotel_price": ["208"]}, "8577314": {"hotel_name": "\u4e09\u4e9a\u7f8e\u4e3d\u4e4b\u51a0\u5e78\u798f\u6811\u5ea6\u5047\u9152\u5e97", "order_time": ["2019-01-19 18:20:47"], "total_order": 1, "hotel_value": ["4.0"], "hotel_price": ["217"]}, "25630698": {"hotel_name": "\u4e09\u4e9a\u6d77\u68e0\u6e7e\u8ffd\u6d77\u6d41\u5149\u65c5\u79df", "order_time": ["2019-01-19 18:20:49"], "total_order": 1, "hotel_value": ["4.6"], "hotel_price": ["146"]}, "2785414": {"hotel_name": "\u5168\u5b63\u9152\u5e97(\u4e09\u4e9a\u5927\u4e1c\u6d77\u5e97)", "order_time": ["2019-01-19 18:21:01"], "total_order": 1, "hotel_value": ["4.5"], "hotel_price": ["292"]}, "5924640": {"hotel_name": "\u4e09\u4e9a\u503e\u5fc3\u6d77\u666f\u5ea6\u5047\u9152\u5e97\u5f0f\u516c\u5bd3", "order_time": ["2019-01-19 18:22:45"], "total_order": 1, "hotel_value": ["4.7"], "hotel_price": ["208"]}, "608176": {"hotel_name": "\u4e09\u4e9a\u8c6a\u5a01\u6d77\u666f\u5927\u9152\u5e97", "order_time": ["2019-01-19 18:22:51"], "total_order": 1, "hotel_value": ["4.1"], "hotel_price": ["272"]}, "468707": {"hotel_name": "\u54ea\u91cc\u90a3\u91cc\u6d77\u5cb8\u7cbe\u54c1\u5ba2\u6808(\u4e09\u4e9a\u6e7e\u5e97)", "order_time": ["2019-01-19 18:22:54"], "total_order": 1, "hotel_value": ["4.6"], "hotel_price": ["156"]}, "17533420": {"hotel_name": "\u4e09\u4e9a\u5927\u4e1c\u6d77\u9152\u5e97", "order_time": ["2019-01-19 18:38:39", "2019-01-19 18:24:37"], "total_order": 2, "hotel_value": ["4.8", "4.8"], "hotel_price": ["2029", "2029"]}, "436675": {"hotel_name": "\u4e09\u4e9a\u5927\u4e1c\u6d77\u541b\u4ead\u9152\u5e97", "order_time": ["2019-01-19 18:24:37"], "total_order": 1, "hotel_value": ["4.8"], "hotel_price": ["353"]}, "8494830": {"hotel_name": "\u4e09\u4e9a\u6d77\u5929\u6b22\u4e50\u9882\u522b\u5885\u9152\u5e97", "order_time": ["2019-01-19 18:24:37"], "total_order": 1, "hotel_value": ["4.8"], "hotel_price": ["4839"]}, "455490": {"hotel_name": "\u4e09\u4e9a\u4e9a\u9f99\u6e7e\u77f3\u6eaa\u5885\u5efa\u56fd\u5ea6\u5047\u9152\u5e97", "order_time": ["2019-01-19 18:24:37"], "total_order": 1, "hotel_value": ["4.6"], "hotel_price": ["478"]}, "6828655": {"hotel_name": "\u4e09\u4e9a\u6d77\u660e\u6708\u6d77\u666f\u5957\u623f\u516c\u5bd3", "order_time": ["2019-01-19 18:24:40"], "total_order": 1, "hotel_value": ["4.9"], "hotel_price": ["261"]}, "24609830": {"hotel_name": "\u4e09\u4e9a\u6d77\u68e0\u6e7e\u5c0f\u68e0\u522b\u9662\u827a\u672f\u6c11\u5bbf", "order_time": ["2019-01-19 18:24:40"], "total_order": 1, "hotel_value": ["4.8"], "hotel_price": ["332"]}, "454362": {"hotel_name": "\u4e09\u4e9a\u4ebf\u6e90\u8f69\u5b87\u5927\u9152\u5e97", "order_time": ["2019-01-19 18:24:40"], "total_order": 1, "hotel_value": ["4.6"], "hotel_price": ["423"]}, "5988590": {"hotel_name": "\u4e09\u4e9a\u6e05\u6c34\u6e7e\u6bd4\u5229\u5f17\u6d77\u666f\u516c\u5bd3", "order_time": ["2019-01-19 18:24:43"], "total_order": 1, "hotel_value": ["4.8"], "hotel_price": ["240"]}, "11830979": {"hotel_name": "\u4e09\u4e9a\u4fdd\u5229\u745c\u749f\u9601\u6d77\u68e0\u6e7e\u5ea6\u5047\u522b\u5885", "order_time": ["2019-01-19 18:24:43"], "total_order": 1, "hotel_value": ["4.6"], "hotel_price": ["497"]}, "15989436": {"hotel_name": "\u5e86\u4e49\u4e45\u7cbe\u54c1\u5ba2\u6808(\u4e9a\u9f99\u6e7e\u5343\u53e4\u60c5\u5e97)", "order_time": ["2019-01-19 18:24:46"], "total_order": 1, "hotel_value": ["4.7"], "hotel_price": ["135"]}, "2021336": {"hotel_name": "\u4e09\u4e9a\u82f1\u8fea\u65af\u5ea6\u5047\u65c5\u79df", "order_time": ["2019-01-19 18:26:46"], "total_order": 1, "hotel_value": ["4.5"], "hotel_price": ["133"]}, "1048330": {"hotel_name": "\u4e09\u4e9aNANUNA\u51b2\u6d6a\u5ea6\u5047\u9152\u5e97", "order_time": ["2019-01-19 18:26:48"], "total_order": 1, "hotel_value": ["4.1"], "hotel_price": ["453"]}, "2883738": {"hotel_name": "\u4e09\u4e9a\u9082\u9005\u65f6\u5149\u827a\u672f\u5ba2\u6808", "order_time": ["2019-01-19 18:26:50"], "total_order": 1, "hotel_value": ["4.6"], "hotel_price": ["178"]}, "4410283": {"hotel_name": "\u4e09\u4e9a\u5b50\u60a6\u5eb7\u5e74\u9152\u5e97(\u539f\u4e2d\u94c1\u5b50\u60a6\u5eb7\u5e74\u5546\u52a1\u9152\u5e97)", "order_time": ["2019-01-19 18:30:45", "2019-01-19 18:26:52"], "total_order": 2, "hotel_value": ["4.6", "4.6"], "hotel_price": ["380", "380"]}, "14013399": {"hotel_name": "\u4e09\u4e9a\u5112\u5bb6\u5047\u65e5\u9152\u5e97", "order_time": ["2019-01-19 18:26:56"], "total_order": 1, "hotel_value": ["4.7"], "hotel_price": ["79"]}, "6111359": {"hotel_name": "\u4e09\u4e9a\u666f\u7476\u6d77\u666f\u5ba2\u6808", "order_time": ["2019-01-19 18:28:41"], "total_order": 1, "hotel_value": ["4.5"], "hotel_price": ["98"]}, "6866752": {"hotel_name": "\u4e09\u4e9a\u5929\u6daf\u6d77\u89d2\u9047\u89c1\u65f6\u5149\u6d77\u666f\u5ba2\u6808", "order_time": ["2019-01-19 18:28:42"], "total_order": 1, "hotel_value": ["4.9"], "hotel_price": ["188"]}, "1282013": {"hotel_name": "\u4e09\u4e9a\u6d77\u68e0\u6e7e\u5e1b\u751f\u5ea6\u5047\u516c\u9986", "order_time": ["2019-01-19 18:28:42"], "total_order": 1, "hotel_value": ["4.4"], "hotel_price": ["342"]}, "17325404": {"hotel_name": "\u4e09\u4e9a\u6d1b\u514b\u94c2\u91d1\u6d77\u666f\u9152\u5e97", "order_time": ["2019-01-19 18:28:44"], "total_order": 1, "hotel_value": ["4.4"], "hotel_price": ["439"]}, "24036577": {"hotel_name": "\u4e09\u4e9a\u6d77\u89d2\u5c0f\u61a9\u5ba2\u6808", "order_time": ["2019-01-19 18:28:48"], "total_order": 1, "hotel_value": ["5.0"], "hotel_price": ["102"]}, "6541448": {"hotel_name": "\u4e09\u4e9a\u745e\u6cf0\u660e\u73e0\u9152\u5e97(\u51e4\u51f0\u673a\u573a\u5e97)", "order_time": ["2019-01-19 18:28:51"], "total_order": 1, "hotel_value": ["4.6"], "hotel_price": ["185"]}, "22421309": {"hotel_name": "\u4e09\u4e9a\u5c1a\u9a7b\u5c0f\u9662\u8bbe\u8ba1\u6c11\u5bbf", "order_time": ["2019-01-19 18:29:08"], "total_order": 1, "hotel_value": ["4.4"], "hotel_price": ["159"]}, "6864962": {"hotel_name": "\u4e09\u4e9a\u5609\u5bb6\u6930\u6797\u6d0b\u623f\u5ea6\u5047\u516c\u5bd3", "order_time": ["2019-01-19 18:30:44"], "total_order": 1, "hotel_value": ["4.8"], "hotel_price": ["199"]}, "986446": {"hotel_name": "\u4e09\u4e9a\u4e9a\u9f99\u6e7e\u5c71\u6e56\u6d77\u522b\u5885\u5ea6\u5047\u9152\u5e97", "order_time": ["2019-01-19 18:32:45"], "total_order": 1, "hotel_value": ["4.1"], "hotel_price": ["283"]}, "430994": {"hotel_name": "\u5982\u5bb6\u5feb\u6377\u9152\u5e97(\u4e09\u4e9a\u6e7e\u6625\u56ed\u6d77\u9c9c\u5e7f\u573a\u5e97)", "order_time": ["2019-01-19 18:32:50", "2019-01-19 18:44:53", "2019-01-19 18:42:45"], "total_order": 3, "hotel_value": ["4.5", "4.5", "4.5"], "hotel_price": ["140", "140", "140"]}, "1454138": {"hotel_name": "\u4e09\u4e9a\u5927\u4e1c\u6d77\u5c0f\u811a\u4e2b\u6d77\u666f\u516c\u5bd3", "order_time": ["2019-01-19 18:32:51"], "total_order": 1, "hotel_value": ["4.2"], "hotel_price": ["107"]}, "14950177": {"hotel_name": "\u4e09\u4e9a\u6d77\u68e0\u6e7e\u5c0f\u6613\u7684\u5ba2\u6808", "order_time": ["2019-01-19 18:32:56"], "total_order": 1, "hotel_value": ["4.5"], "hotel_price": ["183"]}, "1442622": {"hotel_name": "\u4e09\u4e9a\u4e03\u8272\u6d77\u65c5\u9986(\u5bb6\u5ead\u65c5\u9986)", "order_time": ["2019-01-19 18:34:52"], "total_order": 1, "hotel_value": ["4.6"], "hotel_price": ["110"]}, "17338449": {"hotel_name": "\u4e09\u4e9a\u666f\u660e\u5047\u65e5\u65c5\u79df", "order_time": ["2019-01-19 18:34:54"], "total_order": 1, "hotel_value": ["4.6"], "hotel_price": ["123"]}, "23757427": {"hotel_name": "\u4e09\u4e9a\u9e23\u8d3a\u65c5\u79df\u6c11\u5bbf", "order_time": ["2019-01-19 18:36:52"], "total_order": 1, "hotel_value": ["4.8"], "hotel_price": ["150"]}, "16448430": {"hotel_name": "\u4e09\u4e9a\u4e2d\u5ed6\u6751\u6c11\u5bbf", "order_time": ["2019-01-19 18:38:39", "2019-01-19 18:40:50"], "total_order": 2, "hotel_value": ["4.8", "4.8"], "hotel_price": ["209", "209"]}, "895694": {"hotel_name": "7\u5929\u8fde\u9501\u9152\u5e97(\u4e09\u4e9a\u6e7e\u5409\u7965\u8857\u5e97)", "order_time": ["2019-01-19 18:40:43"], "total_order": 1, "hotel_value": ["4.3"], "hotel_price": ["141"]}, "25634977": {"hotel_name": "\u4e09\u4e9a\u827e\u514b\u5a01\u9152\u5e97", "order_time": ["2019-01-19 18:40:45"], "total_order": 1, "hotel_value": ["4.9"], "hotel_price": ["280"]}, "5879750": {"hotel_name": "\u4e09\u4e9a\u6d77\u68e0\u6e7e517\u9a7f\u7ad9\u9752\u5e74\u65c5\u793e", "order_time": ["2019-01-19 18:44:52"], "total_order": 1, "hotel_value": ["4.8"], "hotel_price": ["46"]}, "26669466": {"hotel_name": "\u4e09\u4e9a\u81ea\u7531\u7a7a\u95f4\u65c5\u79df", "order_time": ["2019-01-19 18:46:56"], "total_order": 1, "hotel_value": ["4.7"], "hotel_price": ["108"]}, "6867012": {"hotel_name": "\u4e09\u4e9a\u5d16\u57ce\u6e56\u6797\u5546\u52a1\u65c5\u79df(\u539f\u6d32\u6d0b\u5546\u52a1\u5bbe\u9986)", "order_time": ["2019-01-19 18:46:56"], "total_order": 1, "hotel_value": ["4.1"], "hotel_price": ["121"]}}}