{"\u5f00\u59cb\u8bb0\u5f55\u65f6\u95f4": "2019-01-09 16:59:18", "\u7ed3\u675f\u8bb0\u5f55\u65f6\u95f4": "2019-01-09 17:59:18", "\u8ba2\u5355\u603b\u589e\u91cf": 228, "item": {"15812110": {"hotel_name": "\u4e09\u4e9a\u7ea2\u5858\u6e7e\u5efa\u56fd\u5ea6\u5047\u9152\u5e97", "order_time": ["2019-01-09 17:01:34"], "total_order": 1, "hotel_value": ["4.7"], "hotel_price": ["379"]}, "1739015": {"hotel_name": "\u4e09\u4e9a\u9f99\u5174\u83b1\u66fc\u6d77\u666f\u5ea6\u5047\u9152\u5e97", "order_time": ["2019-01-09 17:01:34"], "total_order": 1, "hotel_value": ["4.4"], "hotel_price": ["339"]}, "845218": {"hotel_name": "\u6d77\u5357\u7eff\u57ce\u84dd\u6e7e\u5ea6\u5047\u9152\u5e97", "order_time": ["2019-01-09 17:01:34"], "total_order": 1, "hotel_value": ["4.7"], "hotel_price": ["573"]}, "9789923": {"hotel_name": "\u4e09\u4e9a\u5eb7\u5e74\u9152\u5e97", "order_time": ["2019-01-09 17:01:35"], "total_order": 1, "hotel_value": ["4.7"], "hotel_price": ["888"]}, "773878": {"hotel_name": "\u9f99\u4e91\u5546\u52a1\u5feb\u6377\u9152\u5e97(\u4e09\u4e9a\u51e4\u51f0\u673a\u573a\u5e97)", "order_time": ["2019-01-09 17:01:37"], "total_order": 1, "hotel_value": ["4.2"], "hotel_price": ["153"]}, "15717224": {"hotel_name": "\u5fc6\u8bed\u6d41\u5e74\u4e3b\u9898\u5ba2\u6808(\u4e09\u4e9a\u6d77\u68e0\u6e7e\u5e97)", "order_time": ["2019-01-09 17:01:38"], "total_order": 1, "hotel_value": ["4.8"], "hotel_price": ["157"]}, "6446036": {"hotel_name": "\u4e09\u4e9a\u51e4\u51f0\u673a\u573a\u9152\u5e97", "order_time": ["2019-01-09 17:09:46", "2019-01-09 17:01:38", "2019-01-09 17:11:32"], "total_order": 3, "hotel_value": ["4.5", "4.5", "4.5"], "hotel_price": ["410", "410", "410"]}, "10836607": {"hotel_name": "\u4e09\u4e9a\u5ba2\u6021\u5c45\u65c5\u79df(\u539f\u5bb6\u4e4b\u5bb6\u5bbe\u9986)", "order_time": ["2019-01-09 17:01:41"], "total_order": 1, "hotel_value": ["4.7"], "hotel_price": ["92"]}, "8836577": {"hotel_name": "\u4e09\u4e9a\u51e4\u51f0\u5bb6\u5ead\u65c5\u79df", "order_time": ["2019-01-09 17:01:41"], "total_order": 1, "hotel_value": ["4.3"], "hotel_price": ["115"]}, "512853": {"hotel_name": "\u4e09\u4e9a\u7267\u6d77\u65c5\u820d\u4e09\u4e9a\u6e7e\u5e97", "order_time": ["2019-01-09 17:25:38", "2019-01-09 17:01:42"], "total_order": 2, "hotel_value": ["4.7", "4.7"], "hotel_price": ["101", "101"]}, "1409912": {"hotel_name": "\u4e09\u4e9a3W\u6d77\u666f\u9152\u5e97", "order_time": ["2019-01-09 17:01:42"], "total_order": 1, "hotel_value": ["4.8"], "hotel_price": ["127"]}, "684215": {"hotel_name": "\u4e09\u4e9a\u6d77\u68e0\u6e7e\u5929\u623f\u6d32\u9645\u5ea6\u5047\u9152\u5e97", "order_time": ["2019-01-09 17:01:43"], "total_order": 1, "hotel_value": ["4.7"], "hotel_price": ["1697"]}, "845362": {"hotel_name": "\u6d77\u5357\u6d77\u6d0b\u4e4b\u5fc3\u9152\u5e97", "order_time": ["2019-01-09 17:01:43"], "total_order": 1, "hotel_value": ["4.4"], "hotel_price": ["306"]}, "1416242": {"hotel_name": "\u4e09\u4e9a\u7389\u84dd\u6e7e\u6d77\u666f\u9152\u5e97", "order_time": ["2019-01-09 17:01:45"], "total_order": 1, "hotel_value": ["4.6"], "hotel_price": ["125"]}, "918535": {"hotel_name": "\u4e45\u6816\u00b7\u4e09\u4e9a\u67ab\u4f20\u8bf4\u6d77\u666f\u5ea6\u5047\u516c\u5bd3", "order_time": ["2019-01-09 17:01:46"], "total_order": 1, "hotel_value": ["4.9"], "hotel_price": ["254"]}, "6056059": {"hotel_name": "\u6d77\u5357\u6e05\u6c34\u6e7e\u6e29\u5fb7\u59c6\u5ea6\u5047\u9152\u5e97", "order_time": ["2019-01-09 17:01:46"], "total_order": 1, "hotel_value": ["4.6"], "hotel_price": ["516"]}, "1444937": {"hotel_name": "\u4e09\u4e9a\u5357\u90fd\u5546\u52a1\u9152\u5e97", "order_time": ["2019-01-09 17:01:53"], "total_order": 1, "hotel_value": ["4.0"], "hotel_price": ["96"]}, "2147975": {"hotel_name": "\u4e09\u4e9a\u80cc\u5305\u5ba2\u56fd\u9645\u9752\u5e74\u65c5\u820d(\u539f\u9633\u5149\u56fd\u9645\u9752\u5e74\u65c5\u820d)", "order_time": ["2019-01-09 17:01:58"], "total_order": 1, "hotel_value": ["4.6"], "hotel_price": ["46"]}, "429615": {"hotel_name": "\u4e09\u4e9a\u4e9a\u9f99\u6e7e\u541b\u6f9c\u5ea6\u5047\u9152\u5e97(\u539f\u5047\u65e5\u5ea6\u5047\u9152\u5e97)", "order_time": ["2019-01-09 17:23:37", "2019-01-09 17:03:41"], "total_order": 2, "hotel_value": ["4.5", "4.5"], "hotel_price": ["636", "636"]}, "345095": {"hotel_name": "\u4e09\u4e9a\u9ece\u5ba2\u56fd\u9645\u9152\u5e97", "order_time": ["2019-01-09 17:03:41"], "total_order": 1, "hotel_value": ["4.4"], "hotel_price": ["361"]}, "643641": {"hotel_name": "\u4e09\u4e9a\u51e4\u51f0\u673a\u573a\u6d77\u822a\u5feb\u6377\u9152\u5e97", "order_time": ["2019-01-09 17:03:41"], "total_order": 1, "hotel_value": ["4.1"], "hotel_price": ["207"]}, "5902128": {"hotel_name": "\u9685\u82b1\u539f\u5c71\u95f4\u8bbe\u8ba1\u9152\u5e97(\u4e09\u4e9a\u51e4\u51f0\u673a\u573a\u5e97)", "order_time": ["2019-01-09 17:03:42"], "total_order": 1, "hotel_value": ["4.7"], "hotel_price": ["282"]}, "15330406": {"hotel_name": "7\u5929\u9152\u5e97(\u4e09\u4e9a\u4e9a\u9f99\u6e7e\u666f\u533a\u5e97)", "order_time": ["2019-01-09 17:03:45"], "total_order": 1, "hotel_value": ["4.4"], "hotel_price": ["141"]}, "473368": {"hotel_name": "\u5982\u5bb6\u6d3e\u67cf\u00b7\u4e91\u9152\u5e97(\u4e09\u4e9a\u9e7f\u56de\u5934\u516c\u56ed\u6d77\u666f\u5e97)(\u539f\u661f\u5ea7\u9152\u5e97)", "order_time": ["2019-01-09 17:23:38", "2019-01-09 17:03:49"], "total_order": 2, "hotel_value": [0, 0], "hotel_price": ["136", "136"]}, "3362163": {"hotel_name": "\u4e09\u4e9a\u54c8\u66fc\u5ea6\u5047\u9152\u5e97", "order_time": ["2019-01-09 17:03:54"], "total_order": 1, "hotel_value": ["4.7"], "hotel_price": ["628"]}, "346691": {"hotel_name": "\u4e09\u4e9a\u9e3f\u6d32\u57c3\u5fb7\u745e\u9152\u5e97", "order_time": ["2019-01-09 17:05:35", "2019-01-09 17:29:32"], "total_order": 2, "hotel_value": ["4.3", "4.3"], "hotel_price": ["457", "457"]}, "386917": {"hotel_name": "\u4e09\u4e9a\u6d77\u97f5\u5ea6\u5047\u9152\u5e97", "order_time": ["2019-01-09 17:05:36"], "total_order": 1, "hotel_value": ["4.7"], "hotel_price": ["748"]}, "16897771": {"hotel_name": "\u4e09\u4e9a\u6d77\u68e0\u6e7e\u9e93\u6e56\u5ea6\u5047\u9152\u5e97", "order_time": ["2019-01-09 17:05:37"], "total_order": 1, "hotel_value": ["4.7"], "hotel_price": ["529"]}, "375179": {"hotel_name": "\u4e09\u4e9a\u6e7e\u7ea2\u6811\u6797\u5ea6\u5047\u4e16\u754c(\u6728\u68c9\u9152\u5e97)", "order_time": ["2019-01-09 17:37:35", "2019-01-09 17:53:37", "2019-01-09 17:05:40"], "total_order": 3, "hotel_value": ["4.6", "4.6", "4.6"], "hotel_price": ["548", "548", "548"]}, "2785460": {"hotel_name": "L\u6d77\u666f\u5ea6\u5047\u516c\u9986(\u4e09\u4e9a\u9e3f\u6d32\u56fd\u9645\u5e97)(\u539f\u4e09\u4e9a\u9e3f\u6d32\u56fd\u9645\u6d77\u666f\u5ea6\u5047\u516c\u9986)", "order_time": ["2019-01-09 17:05:41"], "total_order": 1, "hotel_value": ["4.6"], "hotel_price": ["247"]}, "345088": {"hotel_name": "\u4e09\u4e9a\u5929\u6cfd\u6d77\u97f5\u5ea6\u5047\u9152\u5e97", "order_time": ["2019-01-09 17:05:43"], "total_order": 1, "hotel_value": ["4.5"], "hotel_price": ["388"]}, "6541448": {"hotel_name": "\u4e09\u4e9a\u745e\u6cf0\u660e\u73e0\u9152\u5e97(\u51e4\u51f0\u673a\u573a\u5e97)", "order_time": ["2019-01-09 17:05:43"], "total_order": 1, "hotel_value": ["4.7"], "hotel_price": ["174"]}, "6388655": {"hotel_name": "\u4e09\u4e9a\u5411\u65e5\u8475\u6d77\u5cb8\u5ba2\u6808\u5e97", "order_time": ["2019-01-09 17:07:36"], "total_order": 1, "hotel_value": ["4.8"], "hotel_price": ["222"]}, "19480145": {"hotel_name": "\u4e09\u4e9a\u51e4\u51f0\u5c9b\u81f3\u5c0a\u6d77\u666f\u5ea6\u5047\u9152\u5e97", "order_time": ["2019-01-09 17:07:39"], "total_order": 1, "hotel_value": ["4.5"], "hotel_price": ["477"]}, "1738729": {"hotel_name": "\u4e09\u4e9a\u51ef\u745e\u7965\u548c\u9152\u5e97", "order_time": ["2019-01-09 17:07:39"], "total_order": 1, "hotel_value": ["3.9"], "hotel_price": ["268"]}, "3631084": {"hotel_name": "\u4e09\u4e9a\u6e7e\u5e0c\u5c14\u987f\u6b22\u670b\u9152\u5e97", "order_time": ["2019-01-09 17:07:42", "2019-01-09 17:21:36", "2019-01-09 17:13:35"], "total_order": 3, "hotel_value": ["4.8", "4.8", "4.8"], "hotel_price": ["529", "529", "529"]}, "11052603": {"hotel_name": "\u4e09\u4e9a\u4e0e\u6d77\u5171\u671d\u65c5\u79df(\u539f\u5929\u6daf\u5c45\u5c9b\u4e4b\u5317\u5ba2\u6808)", "order_time": ["2019-01-09 17:07:43"], "total_order": 1, "hotel_value": ["4.7"], "hotel_price": ["126"]}, "8657412": {"hotel_name": "\u4e09\u4e9a\u5927\u6811\u5ea6\u5047\u9152\u5e97", "order_time": ["2019-01-09 17:07:45"], "total_order": 1, "hotel_value": ["3.8"], "hotel_price": ["188"]}, "1347716": {"hotel_name": "\u4e09\u4e9a519\u5047\u65e5\u5bbe\u9986", "order_time": ["2019-01-09 17:07:47"], "total_order": 1, "hotel_value": ["3.4"], "hotel_price": ["76"]}, "486003": {"hotel_name": "\u4e09\u4e9a\u8708\u652f\u6d32\u5c9b\u73ca\u745a\u9152\u5e97", "order_time": ["2019-01-09 17:42:09", "2019-01-09 17:11:43", "2019-01-09 17:09:36", "2019-01-09 17:46:04", "2019-01-09 17:15:37"], "total_order": 5, "hotel_value": ["4.8", "4.8", "4.8", "4.8", "4.8"], "hotel_price": ["799", "799", "799", "999", "999"]}, "15164961": {"hotel_name": "\u4e09\u4e9a\u5c4b\u5947\u9152\u5e97(\u6b65\u884c\u8857\u5e97)", "order_time": ["2019-01-09 17:09:37"], "total_order": 1, "hotel_value": ["4.6"], "hotel_price": ["208"]}, "1550936": {"hotel_name": "\u4e09\u4e9a\u5d16\u57ce\u5584\u851a\u65c5\u79df", "order_time": ["2019-01-09 17:09:40"], "total_order": 1, "hotel_value": ["3.8"], "hotel_price": ["139"]}, "11831271": {"hotel_name": "\u4e09\u4e9a\u743c\u741a\uff08\u7cbe\u54c1\uff09\u6c11\u5bbf", "order_time": ["2019-01-09 17:09:43", "2019-01-09 17:11:35"], "total_order": 2, "hotel_value": ["5.0", "5.0"], "hotel_price": ["200", "200"]}, "12199685": {"hotel_name": "\u4e09\u4e9a\u54c8\u6c0f\u6c11\u5bbf\u65c5\u79df\u4e3b\u9898\u5ba2\u6808", "order_time": ["2019-01-09 17:09:44"], "total_order": 1, "hotel_value": ["4.9"], "hotel_price": ["145"]}, "21696606": {"hotel_name": "\u989c\u820d\u6d77\u666f\u522b\u5885\u9152\u5e97(\u4e09\u4e9a\u5927\u4e1c\u6d77\u5e97)", "order_time": ["2019-01-09 17:29:36", "2019-01-09 17:09:48", "2019-01-09 17:15:46"], "total_order": 3, "hotel_value": ["4.9", "4.9", "4.9"], "hotel_price": ["247", "247", "247"]}, "6833004": {"hotel_name": "\u4e09\u4e9a\u6d77\u66e6\u5bbe\u9986", "order_time": ["2019-01-09 17:09:50"], "total_order": 1, "hotel_value": ["4.0"], "hotel_price": ["181"]}, "6420180": {"hotel_name": "\u4e09\u4e9a\u98d8\u6d77\u666f\u4e3b\u9898\u5ba2\u6808", "order_time": ["2019-01-09 17:11:37"], "total_order": 1, "hotel_value": ["4.8"], "hotel_price": ["993"]}, "6106463": {"hotel_name": "\u4e09\u4e9a\u7f8e\u4e9a\u56db\u5b63\u9152\u5e97", "order_time": ["2019-01-09 17:11:45", "2019-01-09 17:27:42"], "total_order": 2, "hotel_value": ["4.6", "4.6"], "hotel_price": ["308", "308"]}, "1306846": {"hotel_name": "\u4e09\u4e9a\u8292\u679c\u6d77\u666f\u9152\u5e97", "order_time": ["2019-01-09 17:11:46", "2019-01-09 17:37:55", "2019-01-09 17:27:47"], "total_order": 3, "hotel_value": ["4.7", "4.7", "4.7"], "hotel_price": ["291", "291", "291"]}, "14122212": {"hotel_name": "\u4e09\u4e9a\u5c0f\u592a\u9633\u6d77\u666f\u9752\u5e74\u65c5\u793e", "order_time": ["2019-01-09 17:11:53"], "total_order": 1, "hotel_value": ["5.0"], "hotel_price": ["27"]}, "5423919": {"hotel_name": "\u4e09\u4e9a\u6d77\u6615\u5c1a\u666f\u4e3b\u9898\u9152\u5e97", "order_time": ["2019-01-09 17:13:35"], "total_order": 1, "hotel_value": ["3.6"], "hotel_price": ["72"]}, "345069": {"hotel_name": "\u4e09\u4e9a\u6d77\u68e0\u6e7e\u4e07\u8fbe\u5e0c\u5c14\u987f\u9038\u6797\u5ea6\u5047\u9152\u5e97", "order_time": ["2019-01-09 17:13:36"], "total_order": 1, "hotel_value": ["4.5"], "hotel_price": ["760"]}, "8577331": {"hotel_name": "\u7f8e\u51a0\u5047\u65e5\u9152\u5e97(\u4e09\u4e9a\u5927\u6811\u516c\u9986\u5e97)", "order_time": ["2019-01-09 17:13:36"], "total_order": 1, "hotel_value": ["4.5"], "hotel_price": ["202"]}, "12824693": {"hotel_name": "\u6811\u4ebf\u5927\u6811\u5ea6\u5047\u9152\u5e97(\u4e09\u4e9a\u7f8e\u4e3d\u4e4b\u51a0\u5e02\u4e2d\u5fc3\u5e97)", "order_time": ["2019-01-09 17:13:36"], "total_order": 1, "hotel_value": ["4.5"], "hotel_price": ["182"]}, "468875": {"hotel_name": "\u6674\u5929\u7389\u6ee9\u6d77\u666f\u5ea6\u5047\u516c\u5bd3(\u4e09\u4e9a\u6e7e\u5e97)", "order_time": ["2019-01-09 17:13:37", "2019-01-09 17:41:38", "2019-01-09 17:21:41"], "total_order": 3, "hotel_value": ["4.1", "4.1", "4.1"], "hotel_price": ["142", "142", "142"]}, "437589": {"hotel_name": "\u4e09\u4e9a\u6797\u8fbe\u6d77\u666f\u9152\u5e97", "order_time": ["2019-01-09 17:13:43"], "total_order": 1, "hotel_value": ["4.4"], "hotel_price": ["262"]}, "4374867": {"hotel_name": "\u4e09\u4e9a\u53cc\u5927\u56fd\u9645\u9152\u5e97", "order_time": ["2019-01-09 17:13:44"], "total_order": 1, "hotel_value": ["4.5"], "hotel_price": ["452"]}, "4090817": {"hotel_name": "\u4e09\u4e9a\u9a6c\u5170\u82b1\u5047\u65e5\u9152\u5e97(\u539f\u5b81\u590f\u5927\u53a6)", "order_time": ["2019-01-09 17:13:44"], "total_order": 1, "hotel_value": ["4.5"], "hotel_price": ["321"]}, "2880019": {"hotel_name": "\u4e09\u4e9a\u661f\u6708\u6d77\u666f\u5ea6\u5047\u516c\u5bd3", "order_time": ["2019-01-09 17:13:44"], "total_order": 1, "hotel_value": ["4.9"], "hotel_price": ["270"]}, "6261136": {"hotel_name": "\u7ef4\u4e5f\u7eb3\u9152\u5e97(\u4e09\u4e9a\u4e9a\u9f99\u6e7e\u5343\u53e4\u60c5\u5e97)", "order_time": ["2019-01-09 17:13:44"], "total_order": 1, "hotel_value": ["4.8"], "hotel_price": ["306"]}, "1137078": {"hotel_name": "\u6d77\u5357\u6e05\u6c34\u6e7e\u5047\u65e5\u5ea6\u5047\u9152\u5e97", "order_time": ["2019-01-09 17:15:38"], "total_order": 1, "hotel_value": ["4.7"], "hotel_price": ["550"]}, "12458747": {"hotel_name": "\u4e09\u4e9a\u851a\u84dd\u6d77\u5cb8\u6d77\u666f\u516c\u5bd3", "order_time": ["2019-01-09 17:15:40"], "total_order": 1, "hotel_value": ["4.9"], "hotel_price": ["416"]}, "6426463": {"hotel_name": "\u4e09\u4e9a\u6d77\u6708\u6d77\u666f\u5ea6\u5047\u516c\u5bd3", "order_time": ["2019-01-09 17:15:41"], "total_order": 1, "hotel_value": ["4.5"], "hotel_price": ["292"]}, "9638235": {"hotel_name": "\u84dd\u68a6\u6811\u4e4b\u604b\u5ea6\u5047\u9152\u5e97(\u4e09\u4e9a\u7f8e\u4e3d\u4e4b\u51a0\u5e97)", "order_time": ["2019-01-09 17:15:45"], "total_order": 1, "hotel_value": ["4.6"], "hotel_price": ["183"]}, "14996879": {"hotel_name": "\u4e09\u4e9a\u6d77\u68e0\u6e7e\u4ec1\u6052\u7687\u51a0\u5047\u65e5\u5ea6\u5047\u9152\u5e97", "order_time": ["2019-01-09 17:16:07"], "total_order": 1, "hotel_value": ["4.8"], "hotel_price": ["1680"]}, "6839693": {"hotel_name": "\u4e09\u4e9a\u68ee\u6797\u6d77\u5cb8\u6cf3\u6c60\u5ea6\u5047\u522b\u5885", "order_time": ["2019-01-09 17:16:07", "2019-01-09 17:44:00", "2019-01-09 17:40:05"], "total_order": 3, "hotel_value": ["4.9", "4.9", "4.9"], "hotel_price": ["428", "428", "428"]}, "900548": {"hotel_name": "\u57ce\u5e02\u4fbf\u6377\u9152\u5e97(\u4e09\u4e9a\u6e7e\u6b65\u884c\u8857\u5e97)", "order_time": ["2019-01-09 17:17:38"], "total_order": 1, "hotel_value": ["4.4"], "hotel_price": ["173"]}, "5980581": {"hotel_name": "\u4e09\u4e9a\u73ba\u6cfd\u6d77\u666f\u65c5\u5c45(\u539f\u6d77\u60a6\u661f\u8fb0\u6d77\u666f\u5ea6\u5047\u516c\u5bd3)", "order_time": ["2019-01-09 17:17:40"], "total_order": 1, "hotel_value": ["4.9"], "hotel_price": ["350"]}, "10900048": {"hotel_name": "\u4e09\u4e9a\u521d\u96e8\u7cbe\u54c1\u5ba2\u6808", "order_time": ["2019-01-09 17:17:40"], "total_order": 1, "hotel_value": ["4.8"], "hotel_price": ["88"]}, "2091425": {"hotel_name": "\u4e09\u4e9a\u7965\u548c\u9152\u5e97", "order_time": ["2019-01-09 17:17:40"], "total_order": 1, "hotel_value": ["4.5"], "hotel_price": ["174"]}, "1682691": {"hotel_name": "\u4e09\u4e9a\u4eac\u6d77\u56fd\u9645\u5047\u65e5\u9152\u5e97", "order_time": ["2019-01-09 17:17:41"], "total_order": 1, "hotel_value": ["4.6"], "hotel_price": ["572"]}, "514355": {"hotel_name": "\u4e09\u4e9a\u65c5\u5de2\u6d77\u666f\u5ea6\u5047\u516c\u5bd3", "order_time": ["2019-01-09 17:17:43"], "total_order": 1, "hotel_value": ["4.7"], "hotel_price": ["220"]}, "346754": {"hotel_name": "\u4e09\u4e9a\u534a\u5c71\u534a\u5c9b\u6d32\u9645\u5ea6\u5047\u9152\u5e97", "order_time": ["2019-01-09 17:17:44", "2019-01-09 17:43:40"], "total_order": 2, "hotel_value": ["4.6", "4.6"], "hotel_price": ["1248", "1248"]}, "2216767": {"hotel_name": "\u7ef4\u4e5f\u7eb3\u9152\u5e97(\u4e09\u4e9a\u6e7e\u5e97)", "order_time": ["2019-01-09 17:17:45"], "total_order": 1, "hotel_value": ["4.8"], "hotel_price": ["358"]}, "986446": {"hotel_name": "\u4e09\u4e9a\u4e9a\u9f99\u6e7e\u5c71\u6e56\u6d77\u522b\u5885\u5ea6\u5047\u9152\u5e97", "order_time": ["2019-01-09 17:17:45"], "total_order": 1, "hotel_value": ["4.2"], "hotel_price": ["293"]}, "19853526": {"hotel_name": "\u51e4\u51f0\u5c9b\u94ed\u6d77\u5ea6\u5047\u9152\u5e97", "order_time": ["2019-01-09 17:17:47", "2019-01-09 17:23:45"], "total_order": 2, "hotel_value": ["4.7", "4.7"], "hotel_price": ["874", "874"]}, "993928": {"hotel_name": "\u5982\u5bb6\u5feb\u6377\u9152\u5e97(\u4e09\u4e9a\u5927\u4e1c\u6d77\u6e38\u5ba2\u4e2d\u5fc3\u5e97)", "order_time": ["2019-01-09 17:17:51"], "total_order": 1, "hotel_value": ["4.3"], "hotel_price": ["147"]}, "5634998": {"hotel_name": "\u540d\u4eba\u5ea6\u5047\u9152\u5e97(\u4e09\u4e9a\u5343\u53e4\u60c5\u5e97)", "order_time": ["2019-01-09 17:19:36"], "total_order": 1, "hotel_value": ["4.4"], "hotel_price": ["123"]}, "1561957": {"hotel_name": "\u6d77\u5357\u6e05\u6c34\u6e7e\u963f\u7f57\u54c8\u7231\u7434\u6d77\u666f\u5957\u623f\u5ea6\u5047\u9152\u5e97", "order_time": ["2019-01-09 17:19:43"], "total_order": 1, "hotel_value": ["4.7"], "hotel_price": ["1118"]}, "23843328": {"hotel_name": "\u4e09\u4e9a\u6d77\u68e0\u6e7e\u4e0d\u4e8c\u5bb6\u6d0b\u623f\u522b\u5885", "order_time": ["2019-01-09 17:19:44"], "total_order": 1, "hotel_value": ["4.8"], "hotel_price": ["152"]}, "1480855": {"hotel_name": "\u4e09\u4e9a\u51ef\u5e1d\u6d77\u666f\u9152\u5e97", "order_time": ["2019-01-09 17:19:52"], "total_order": 1, "hotel_value": ["4.5"], "hotel_price": ["112"]}, "433675": {"hotel_name": "\u4e09\u4e9a\u51e4\u51f0\u6c34\u57ce\u51ef\u83b1\u5ea6\u5047\u9152\u5e97", "order_time": ["2019-01-09 17:21:34"], "total_order": 1, "hotel_value": ["4.5"], "hotel_price": ["412"]}, "17325404": {"hotel_name": "\u4e09\u4e9a\u6d1b\u514b\u94c2\u91d1\u6d77\u666f\u9152\u5e97", "order_time": ["2019-01-09 17:21:34"], "total_order": 1, "hotel_value": ["4.4"], "hotel_price": ["479"]}, "25104976": {"hotel_name": "\u4e09\u4e9a\u5343\u6d54\u5c7f\u5bbf\u8bbe\u8ba1\u6c11\u5bbf", "order_time": ["2019-01-09 17:21:35"], "total_order": 1, "hotel_value": ["4.9"], "hotel_price": ["386"]}, "12671479": {"hotel_name": "\u4e09\u4e9a\u6da6\u5fb7\u6e7f\u5730\u516c\u56ed\u9152\u5e97", "order_time": ["2019-01-09 17:27:41", "2019-01-09 17:21:36"], "total_order": 2, "hotel_value": ["4.7", "4.7"], "hotel_price": ["384", "390"]}, "1738425": {"hotel_name": "\u4e09\u4e9a\u4f34\u6d77\u65f6\u5149\u9152\u5e97", "order_time": ["2019-01-09 17:21:39"], "total_order": 1, "hotel_value": ["4.7"], "hotel_price": ["118"]}, "396528": {"hotel_name": "\u4e09\u4e9a\u4e9a\u9f99\u6e7e\u4e94\u53f7\u5ea6\u5047\u522b\u5885\u9152\u5e97", "order_time": ["2019-01-09 17:21:39"], "total_order": 1, "hotel_value": ["4.7"], "hotel_price": ["749"]}, "470083": {"hotel_name": "\u6d77\u5357\u96c5\u5c45\u4e50\u83b1\u4f5b\u58eb\u9152\u5e97", "order_time": ["2019-01-09 17:41:33", "2019-01-09 17:21:39"], "total_order": 2, "hotel_value": ["4.8", "4.8"], "hotel_price": ["1268", "1268"]}, "346679": {"hotel_name": "\u4e09\u4e9a\u6e7e\u7687\u51a0\u5047\u65e5\u5ea6\u5047\u9152\u5e97", "order_time": ["2019-01-09 17:33:37", "2019-01-09 17:21:40"], "total_order": 2, "hotel_value": ["4.6", "4.6"], "hotel_price": ["599", "599"]}, "4090289": {"hotel_name": "\u4e09\u4e9a\u98ce\u8046\u6d77\u827a\u672f\u5ba2\u6808", "order_time": ["2019-01-09 17:21:43"], "total_order": 1, "hotel_value": ["4.8"], "hotel_price": ["111"]}, "1861354": {"hotel_name": "\u683c\u6797\u8c6a\u6cf0(\u4e09\u4e9a\u6625\u56ed\u6d77\u9c9c\u5e7f\u573a\u5feb\u6377\u9152\u5e97)", "order_time": ["2019-01-09 17:21:43"], "total_order": 1, "hotel_value": ["4.0"], "hotel_price": ["151"]}, "6019143": {"hotel_name": "\u4e09\u4e9a\u5927\u4e1c\u6d77\u661f\u7a7a\u4e3b\u9898\u5ea6\u5047\u9152\u5e97", "order_time": ["2019-01-09 17:23:36"], "total_order": 1, "hotel_value": ["4.5"], "hotel_price": ["150"]}, "345080": {"hotel_name": "\u4e09\u4e9a\u4e9a\u9f99\u6e7e\u559c\u6765\u767b\u5ea6\u5047\u9152\u5e97", "order_time": ["2019-01-09 17:37:33", "2019-01-09 17:45:40", "2019-01-09 17:53:38", "2019-01-09 17:23:36"], "total_order": 4, "hotel_value": ["4.6", "4.6", "4.6", "4.6"], "hotel_price": ["1051", "1051", "1051", "1051"]}, "3735187": {"hotel_name": "\u4e09\u4e9a\u7406\u6587\u7d22\u83f2\u7279\u5ea6\u5047\u9152\u5e97", "order_time": ["2019-01-09 17:23:37"], "total_order": 1, "hotel_value": ["4.6"], "hotel_price": ["1165"]}, "1470056": {"hotel_name": "Q\u52a0\u00b7\u4e09\u4e9a\u8fd9\u7247\u6d77\u5ea6\u5047\u6d77\u666f\u5ba2\u6808", "order_time": ["2019-01-09 17:23:38"], "total_order": 1, "hotel_value": ["4.6"], "hotel_price": ["193"]}, "15280412": {"hotel_name": "\u4e09\u4e9a\u54c1\u5c1a\u827a\u672f\u4e3b\u9898\u5ba2\u6808", "order_time": ["2019-01-09 17:23:38"], "total_order": 1, "hotel_value": ["4.8"], "hotel_price": ["221"]}, "1302048": {"hotel_name": "\u4e09\u4e9a\u5929\u6daf\u6f6e\u58f0\u5165\u68a6\u6d77\u666f\u5ba2\u6808(\u539f\u7c73\u7c92\u6d77\u666f\u5ba2\u6808\u4e09\u4e9a\u6e7e\u5e97)", "order_time": ["2019-01-09 17:23:47"], "total_order": 1, "hotel_value": ["4.7"], "hotel_price": ["185"]}, "1719868": {"hotel_name": "\u4e09\u4e9a\u661f\u5929\u5706\u5bbe\u9986", "order_time": ["2019-01-09 17:25:35"], "total_order": 1, "hotel_value": ["4.8"], "hotel_price": ["132"]}, "1570339": {"hotel_name": "\u4e09\u4e9a\u548c\u6cd3\u517b\u751f\u5ea6\u5047\u9152\u5e97", "order_time": ["2019-01-09 17:25:35"], "total_order": 1, "hotel_value": ["4.6"], "hotel_price": ["251"]}, "8577248": {"hotel_name": "\u4e09\u4e9a\u73b2\u73d1\u7cbe\u54c1\u5ea6\u5047\u516c\u5bd3", "order_time": ["2019-01-09 17:26:03"], "total_order": 1, "hotel_value": ["4.9"], "hotel_price": ["258"]}, "1099239": {"hotel_name": "\u4e09\u4e9a\u6d77\u84dd\u6e7e\u5ea6\u5047\u9152\u5e97", "order_time": ["2019-01-09 17:27:35"], "total_order": 1, "hotel_value": ["4.0"], "hotel_price": ["164"]}, "3041884": {"hotel_name": "\u4e09\u4e9a\u4e3d\u79be\u6e29\u5fb7\u59c6\u9152\u5e97", "order_time": ["2019-01-09 17:27:36"], "total_order": 1, "hotel_value": ["4.8"], "hotel_price": ["730"]}, "384973": {"hotel_name": "\u4e09\u4e9a\u6d77\u68e0\u6e7e\u5f00\u7ef4\u4e07\u8fbe\u6587\u534e\u5ea6\u5047\u9152\u5e97", "order_time": ["2019-01-09 17:27:37"], "total_order": 1, "hotel_value": ["4.5"], "hotel_price": ["750"]}, "1289697": {"hotel_name": "\u4e09\u4e9a\u66a7\u552f\u5957\u623f\u6d77\u666f\u96c5\u5c45", "order_time": ["2019-01-09 17:27:37"], "total_order": 1, "hotel_value": ["4.6"], "hotel_price": ["188"]}, "10188701": {"hotel_name": "\u4e09\u4e9a\u6c34\u6676\u4e4b\u604b\u4e3b\u9898\u9152\u5e97", "order_time": ["2019-01-09 17:27:43"], "total_order": 1, "hotel_value": ["4.6"], "hotel_price": ["166"]}, "1544957": {"hotel_name": "\u4e09\u4e9a\u843d\u5b89\u9752\u5e74\u65c5\u820d", "order_time": ["2019-01-09 17:27:44"], "total_order": 1, "hotel_value": ["4.5"], "hotel_price": ["45"]}, "2686334": {"hotel_name": "\u7231\u820d\u6d77\u666f\u5ea6\u5047\u516c\u5bd3(\u4e09\u4e9a\u6d77\u6708\u5e7f\u573a\u6930\u68a6\u957f\u5eca\u5e97)", "order_time": ["2019-01-09 17:29:33"], "total_order": 1, "hotel_value": ["4.8"], "hotel_price": ["292"]}, "6588982": {"hotel_name": "\u4e09\u4e9a\u5c0a\u5ba2\u5ea6\u5047\u9152\u5e97", "order_time": ["2019-01-09 17:29:35"], "total_order": 1, "hotel_value": ["4.7"], "hotel_price": ["134"]}, "6279068": {"hotel_name": "\u4e09\u4e9a\u6d77\u6f2b\u6f2b\u5ba2\u6808", "order_time": ["2019-01-09 17:29:39"], "total_order": 1, "hotel_value": ["4.5"], "hotel_price": ["115"]}, "24051573": {"hotel_name": "\u4e09\u4e9a\u6d77\u7720\u827a\u5bbf\u8bbe\u8ba1\u6c11\u5bbf", "order_time": ["2019-01-09 17:29:39", "2019-01-09 17:47:31"], "total_order": 2, "hotel_value": ["4.7", "4.7"], "hotel_price": ["247", "247"]}, "5982194": {"hotel_name": "\u4e09\u4e9a\u661f\u6d77\u604b\u6d77\u666f\u5ba2\u6808", "order_time": ["2019-01-09 17:29:46"], "total_order": 1, "hotel_value": ["4.4"], "hotel_price": ["168"]}, "1055585": {"hotel_name": "\u9e97\u67ab\u9152\u5e97(\u4e09\u4e9a\u6e7e\u5409\u7965\u8857\u5e97)", "order_time": ["2019-01-09 17:29:50"], "total_order": 1, "hotel_value": ["4.7"], "hotel_price": ["227"]}, "436673": {"hotel_name": "\u4e09\u4e9a\u9e7f\u5cad\u6d77\u6e7e\u7ef4\u666f\u56fd\u9645\u5927\u9152\u5e97(\u539f\u4e09\u4e9a\u6d77\u6e7e\u7ef4\u666f\u56fd\u9645\u5927\u9152\u5e97)", "order_time": ["2019-01-09 17:55:37", "2019-01-09 17:31:35"], "total_order": 2, "hotel_value": ["4.6", "4.6"], "hotel_price": ["321", "321"]}, "20617615": {"hotel_name": "\u5982\u4f73\u5feb\u6377\u5bbe\u9986(\u4e09\u4e9a\u6d77\u68e0\u6e7e\u5e97)", "order_time": ["2019-01-09 17:35:36"], "total_order": 1, "hotel_value": ["4.9"], "hotel_price": ["107"]}, "6656398": {"hotel_name": "\u4e09\u4e9a\u6d77\u68e0\u6e7e\u6797\u65fa\u6d77\u6e90\u5546\u52a1\u9152\u5e97(\u8708\u652f\u6d32\u5c9b\u5e97)", "order_time": ["2019-01-09 17:35:36"], "total_order": 1, "hotel_value": ["4.3"], "hotel_price": ["104"]}, "5234726": {"hotel_name": "\u4e09\u4e9a\u4e1c\u6e2f\u6d77\u666f\u4e3b\u9898\u9152\u5e97(\u56fd\u9645\u8d2d\u7269\u4e2d\u5fc3\u5e97)(\u539f\u4e1c\u6e2f\u4e3b\u9898\u9152\u5e97)", "order_time": ["2019-01-09 17:35:36"], "total_order": 1, "hotel_value": ["4.3"], "hotel_price": ["130"]}, "473314": {"hotel_name": "\u4e09\u4e9a\u4e8c\u6708\u6d77\u6d77\u666f\u9152\u5e97", "order_time": ["2019-01-09 17:35:38"], "total_order": 1, "hotel_value": ["4.8"], "hotel_price": ["191"]}, "26669466": {"hotel_name": "\u4e09\u4e9a\u81ea\u7531\u7a7a\u95f4\u65c5\u79df", "order_time": ["2019-01-09 17:35:38"], "total_order": 1, "hotel_value": ["4.6"], "hotel_price": ["107"]}, "25219265": {"hotel_name": "\u4e09\u4e9a\u7f18\u6765\u58f9\u5bb6\u5ba2\u6808", "order_time": ["2019-01-09 17:43:31", "2019-01-09 17:35:41"], "total_order": 2, "hotel_value": ["4.8", "4.8"], "hotel_price": ["178", "187"]}, "5841884": {"hotel_name": "\u4e09\u4e9a\u9a7f\u65c5\u9633\u5149\u4e3b\u9898\u9152\u5e97", "order_time": ["2019-01-09 17:35:42"], "total_order": 1, "hotel_value": ["3.7"], "hotel_price": ["132"]}, "1282995": {"hotel_name": "\u4e09\u4e9a\u6e7e\u8f6c\u89d2\u9047\u89c1\u6d77\u7cbe\u54c1\u5ba2\u6808", "order_time": ["2019-01-09 17:35:42"], "total_order": 1, "hotel_value": ["4.6"], "hotel_price": ["123"]}, "19589458": {"hotel_name": "\u4e09\u4e9a\u6800\u5b50\u6d77\u6d77\u666f\u5ea6\u5047\u516c\u5bd3(\u539f\u6d77\u6708\u8f69\u6d77\u666f\u5ea6\u5047\u516c\u5bd3)", "order_time": ["2019-01-09 17:35:44"], "total_order": 1, "hotel_value": ["5.0"], "hotel_price": ["234"]}, "1207127": {"hotel_name": "\u4e09\u4e9a\u5411\u65e5\u8475\u6d77\u666f\u5ba2\u6808", "order_time": ["2019-01-09 17:35:47"], "total_order": 1, "hotel_value": ["4.2"], "hotel_price": ["110"]}, "1874773": {"hotel_name": "\u4e09\u4e9a\u6d77\u68e0\u6e7e\u798f\u6e7e\u5ea6\u5047\u516c\u5bd3(\u539f\u6d77\u68e0\u798f\u6e7e\u9ad8\u7ea7\u6d77\u666f\u516c\u5bd3)", "order_time": ["2019-01-09 17:35:47"], "total_order": 1, "hotel_value": ["4.8"], "hotel_price": ["420"]}, "4371952": {"hotel_name": "\u4e09\u4e9a\u534e\u5b87\u4e9a\u9f99\u6e7e\u8fce\u5bbe\u9986", "order_time": ["2019-01-09 17:35:47", "2019-01-09 17:49:38"], "total_order": 2, "hotel_value": ["4.8", "4.8"], "hotel_price": ["899", "899"]}, "1580379": {"hotel_name": "\u4e09\u4e9a\u5982\u7ea6\u5feb\u6377\u9152\u5e97", "order_time": ["2019-01-09 17:37:37", "2019-01-09 17:53:41", "2019-01-09 17:43:39"], "total_order": 3, "hotel_value": ["4.6", "4.6", "4.6"], "hotel_price": ["121", "121", "121"]}, "976648": {"hotel_name": "\u6c49\u5ead\u9152\u5e97(\u4e09\u4e9a\u6625\u56ed\u6d77\u9c9c\u5e7f\u573a\u5e97)", "order_time": ["2019-01-09 17:37:41"], "total_order": 1, "hotel_value": ["4.4"], "hotel_price": ["196"]}, "15989436": {"hotel_name": "\u5e86\u4e49\u4e45\u7cbe\u54c1\u5ba2\u6808(\u4e9a\u9f99\u6e7e\u5343\u53e4\u60c5\u5e97)", "order_time": ["2019-01-09 17:37:48"], "total_order": 1, "hotel_value": ["4.8"], "hotel_price": ["147"]}, "1410901": {"hotel_name": "\u4e09\u4e9a\u5bcc\u4e3d\u666f\u5bbe\u9986", "order_time": ["2019-01-09 17:37:50"], "total_order": 1, "hotel_value": ["4.0"], "hotel_price": ["93"]}, "1377449": {"hotel_name": "Q\u52a0\u00b7\u4e09\u4e9a\u51e4\u51f0\u5c9b\u60a6\u4f73\u6d77\u4e0a\u516c\u5bd3", "order_time": ["2019-01-09 17:44:00", "2019-01-09 17:38:04"], "total_order": 2, "hotel_value": ["4.7", "4.7"], "hotel_price": ["486", "486"]}, "5892127": {"hotel_name": "\u4e09\u4e9a\u6d77\u68e0\u6e7eHANATOALICE\u6d77\u666f\u9152\u5e97", "order_time": ["2019-01-09 17:39:35"], "total_order": 1, "hotel_value": ["4.4"], "hotel_price": ["350"]}, "5398745": {"hotel_name": "\u4e09\u4e9a\u897f\u85cf\u5927\u53a6\u5f00\u5143\u540d\u90fd\u9152\u5e97", "order_time": ["2019-01-09 17:39:38"], "total_order": 1, "hotel_value": ["4.6"], "hotel_price": ["424"]}, "1701113": {"hotel_name": "\u9526\u6c5f\u90fd\u57ce(\u4e09\u4e9a\u6e7e\u5e97)", "order_time": ["2019-01-09 17:39:41"], "total_order": 1, "hotel_value": ["4.9"], "hotel_price": ["299"]}, "431932": {"hotel_name": "\u4e09\u4e9a\u94f6\u97f5\u6d77\u666f\u5ea6\u5047\u9152\u5e97", "order_time": ["2019-01-09 17:39:43"], "total_order": 1, "hotel_value": ["4.7"], "hotel_price": ["290"]}, "6864961": {"hotel_name": "\u4e09\u4e9a\u6930\u6797\u7f18\u7cbe\u54c1\u5ba2\u6808", "order_time": ["2019-01-09 17:39:47"], "total_order": 1, "hotel_value": ["4.2"], "hotel_price": ["132"]}, "6955535": {"hotel_name": "\u4e09\u4e9a\u6cca\u5cb8\u5c0f\u5ead\u516c\u5bd3\u8708\u652f\u6d32\u5c9b\u5e97", "order_time": ["2019-01-09 17:41:34"], "total_order": 1, "hotel_value": ["4.2"], "hotel_price": ["178"]}, "437661": {"hotel_name": "\u4e09\u4e9a\u534a\u5c71\u9526\u6c5f\u6d77\u666f\u5ea6\u5047\u9152\u5e97", "order_time": ["2019-01-09 17:41:39"], "total_order": 1, "hotel_value": ["4.6"], "hotel_price": ["486"]}, "6867681": {"hotel_name": "\u4e09\u4e9a\u590f\u672b\u82b1\u5f00\u5c71\u95f4\u5c0f\u7b51", "order_time": ["2019-01-09 17:41:40"], "total_order": 1, "hotel_value": ["4.8"], "hotel_price": ["156"]}, "15160074": {"hotel_name": "\u4e09\u4e9a\u4fdd\u5229\u8bfa\u96c5\u5ea6\u5047\u516c\u5bd3", "order_time": ["2019-01-09 17:41:41"], "total_order": 1, "hotel_value": ["4.8"], "hotel_price": ["970"]}, "17496511": {"hotel_name": "\u4e09\u4e9a\u6e05\u6c34\u6e7e\u749e\u534e\u6d77\u666f\u5ea6\u5047\u516c\u9986", "order_time": ["2019-01-09 17:43:35"], "total_order": 1, "hotel_value": ["4.7"], "hotel_price": ["153"]}, "4841285": {"hotel_name": "\u4e09\u4e9a\u7c73\u7b1b\u5c0f\u65c5", "order_time": ["2019-01-09 17:43:38"], "total_order": 1, "hotel_value": ["4.8"], "hotel_price": ["44"]}, "1378336": {"hotel_name": "\u4e09\u4e9a\u7f8e\u5c14\u6d77\u60a6\u53f0\u9152\u5e97", "order_time": ["2019-01-09 17:43:39"], "total_order": 1, "hotel_value": ["4.2"], "hotel_price": ["276"]}, "9313922": {"hotel_name": "\u4e09\u4e9a\u9047\u89c1\u6f2b\u65f6\u5149\u6d0b\u623f\u522b\u5885", "order_time": ["2019-01-09 17:43:39"], "total_order": 1, "hotel_value": ["4.9"], "hotel_price": ["353"]}, "1717843": {"hotel_name": "\u4e09\u4e9a\u4e09\u4e9a\u6e7e\u6d77\u666f\u6d3e\u67cf\u00b7\u4e91\u9152\u5e97", "order_time": ["2019-01-09 17:43:39"], "total_order": 1, "hotel_value": ["4.3"], "hotel_price": ["245"]}, "4045745": {"hotel_name": "\u4e09\u4e9a\u897f\u5c9b\u5c0f\u5eb7\u522b\u82d1\u9ad8\u7aef\u5ea6\u5047\u5c4b", "order_time": ["2019-01-09 17:43:39"], "total_order": 1, "hotel_value": ["4.8"], "hotel_price": ["352"]}, "1583257": {"hotel_name": "\u4e09\u4e9a\u559c\u798f\u65af\u9152\u5e97", "order_time": ["2019-01-09 17:43:39"], "total_order": 1, "hotel_value": ["4.0"], "hotel_price": ["145"]}, "6639583": {"hotel_name": "\u4e09\u4e9a\u6d77\u7eb3\u6377\u7cbe\u54c1\u5ba2\u6808\uff08\u4e9a\u9f99\u6e7e\u5e97\uff09", "order_time": ["2019-01-09 17:43:39"], "total_order": 1, "hotel_value": ["4.5"], "hotel_price": ["164"]}, "428333": {"hotel_name": "\u5982\u5bb6\u5feb\u6377\u9152\u5e97(\u4e09\u4e9a\u6b65\u884c\u8857\u7f8e\u98df\u5e7f\u573a\u5e97)\u539f(\u4e09\u4e9a\u6587\u660e\u8def\u653f\u5e9c\u4e8c\u529e\u5e97)", "order_time": ["2019-01-09 17:51:48", "2019-01-09 17:43:39"], "total_order": 2, "hotel_value": ["4.3", "4.3"], "hotel_price": ["147", "153"]}, "21336505": {"hotel_name": "\u4e09\u4e9a\u6d77\u5929\u76db\u7b75\u56fd\u9645\u6e38\u8247\u6e2f\u5ea6\u5047\u516c\u5bd3", "order_time": ["2019-01-09 17:43:39"], "total_order": 1, "hotel_value": ["4.9"], "hotel_price": ["368"]}, "28645593": {"hotel_name": "\u4e09\u4e9a\u60a6\u5149\u5e74\u827a\u672f\u6c11\u5bbf", "order_time": ["2019-01-09 17:43:39"], "total_order": 1, "hotel_value": ["5.0"], "hotel_price": ["168"]}, "8506973": {"hotel_name": "\u4e09\u4e9a\u5bbf\u516e\u9152\u5e97\u5f0f\u516c\u5bd3", "order_time": ["2019-01-09 17:43:39"], "total_order": 1, "hotel_value": ["4.8"], "hotel_price": ["197"]}, "1297349": {"hotel_name": "\u4e09\u4e9a\u73ab\u7470\u6d77\u5cb8\u5ba2\u6808", "order_time": ["2019-01-09 17:43:39"], "total_order": 1, "hotel_value": ["4.6"], "hotel_price": ["137"]}, "6839992": {"hotel_name": "\u4e09\u4e9a\u6e38\u7267\u864e\u5ea6\u5047\u516c\u5bd3\u7f8e\u4e3d\u65b0\u6d77\u5cb8\u5e97", "order_time": ["2019-01-09 17:43:39"], "total_order": 1, "hotel_value": ["4.7"], "hotel_price": ["182"]}, "450374": {"hotel_name": "\u4e09\u4e9a\u4e9a\u9f99\u6e7e\u8fdc\u65b9\u6709\u4e2a\u6751\u7cbe\u54c1\u5ba2\u6808", "order_time": ["2019-01-09 17:43:39"], "total_order": 1, "hotel_value": ["4.6"], "hotel_price": ["158"]}, "5830820": {"hotel_name": "\u96e8\u6797\u6f2b\u6b65\u5ea6\u5047\u6d0b\u623f\u522b\u5885(\u4e09\u4e9a\u4e9a\u9f99\u6e7e\u516c\u4e3b\u90e1\u5e97)", "order_time": ["2019-01-09 17:43:39"], "total_order": 1, "hotel_value": ["4.3"], "hotel_price": ["298"]}, "1721614": {"hotel_name": "\u4e09\u4e9a\u8499\u53e4\u4eba\u516c\u5bd3", "order_time": ["2019-01-09 17:43:45"], "total_order": 1, "hotel_value": ["4.8"], "hotel_price": ["158"]}, "428330": {"hotel_name": "\u7231\u4e3d\u9152\u5e97(\u4e09\u4e9a\u5e97)", "order_time": ["2019-01-09 17:43:46"], "total_order": 1, "hotel_value": ["4.5"], "hotel_price": ["108"]}, "5896791": {"hotel_name": "\u4e09\u4e9a\u8d70\u8d70\u505c\u505c\u7cbe\u54c1\u5ba2\u6808\u5927\u4e1c\u6d77\u5e97", "order_time": ["2019-01-09 17:44:00"], "total_order": 1, "hotel_value": ["4.9"], "hotel_price": ["173"]}, "5988590": {"hotel_name": "\u4e09\u4e9a\u6e05\u6c34\u6e7e\u6bd4\u5229\u5f17\u6d77\u666f\u516c\u5bd3", "order_time": ["2019-01-09 17:44:00"], "total_order": 1, "hotel_value": ["4.8"], "hotel_price": ["266"]}, "4845384": {"hotel_name": "\u4e09\u4e9a\u84dd\u5cb8\u6d77\u8fb9\u4e3b\u9898\u9152\u5e97", "order_time": ["2019-01-09 17:44:00"], "total_order": 1, "hotel_value": ["4.7"], "hotel_price": ["136"]}, "12071397": {"hotel_name": "\u4e09\u4e9a\u6d77\u68e0\u6e7e\u51ef\u5229\u65c5\u9986\uff08\u539f\u6cca\u683c\u96c5\u65c5\u9986\uff09", "order_time": ["2019-01-09 17:45:37"], "total_order": 1, "hotel_value": ["4.1"], "hotel_price": ["227"]}, "5247024": {"hotel_name": "\u4e09\u4e9a\u90a3\u4e00\u5e74\u521d\u89c1\u7cbe\u54c1\u5ba2\u6808", "order_time": ["2019-01-09 17:45:37"], "total_order": 1, "hotel_value": ["4.6"], "hotel_price": ["165"]}, "2032262": {"hotel_name": "\u7ef4\u4e5f\u7eb3\u9152\u5e97(\u4e09\u4e9a\u6e7e\u51e4\u51f0\u5c9b\u5e97)(\u539f\u4e09\u4e9a\u7b2c\u4e00\u5e02\u573a\u5e97)", "order_time": ["2019-01-09 17:45:49"], "total_order": 1, "hotel_value": ["4.7"], "hotel_price": ["266"]}, "11276759": {"hotel_name": "\u4e09\u4e9a\u9047\u89c1\u7231\u6d77\u666f\u516c\u5bd3", "order_time": ["2019-01-09 17:47:39"], "total_order": 1, "hotel_value": ["4.9"], "hotel_price": ["561"]}, "6486443": {"hotel_name": "\u4e09\u4e9a\u5b9d\u745e\u7cbe\u54c1\u5ea6\u5047\u516c\u5bd3", "order_time": ["2019-01-09 17:47:40"], "total_order": 1, "hotel_value": ["4.4"], "hotel_price": ["173"]}, "396523": {"hotel_name": "\u4e09\u4e9a\u4e9a\u9f99\u6e7e\u5929\u9e3f\u5ea6\u5047\u6751", "order_time": ["2019-01-09 17:49:34"], "total_order": 1, "hotel_value": ["4.7"], "hotel_price": ["629"]}, "17140010": {"hotel_name": "\u4e09\u4e9a\u60a6\u670b\u00b7\u6d77\u534a\u95f4\u4eba\u6587\u8bbe\u8ba1\u6d77\u666f\u9152\u5e97", "order_time": ["2019-01-09 17:49:35"], "total_order": 1, "hotel_value": ["4.8"], "hotel_price": ["262"]}, "747674": {"hotel_name": "\u9675\u6c34\u6e05\u6c34\u6e7e\u6d77\u6d0b\u4e4b\u661f\u9152\u5e97", "order_time": ["2019-01-09 17:49:37"], "total_order": 1, "hotel_value": ["4.5"], "hotel_price": ["297"]}, "345084": {"hotel_name": "\u4e09\u4e9a\u9526\u6c5f\u5b9d\u5b8f\u5927\u9152\u5e97\u4e3b\u697c", "order_time": ["2019-01-09 17:49:37"], "total_order": 1, "hotel_value": ["4.6"], "hotel_price": ["377"]}, "1419670": {"hotel_name": "\u84dd\u5929\u56fd\u9645\u9752\u5e74\u65c5\u820d(\u4e09\u4e9a\u5927\u4e1c\u6d77\u5e97)", "order_time": ["2019-01-09 17:49:39"], "total_order": 1, "hotel_value": ["4.7"], "hotel_price": ["49"]}, "2883738": {"hotel_name": "\u4e09\u4e9a\u9082\u9005\u65f6\u5149\u827a\u672f\u5ba2\u6808", "order_time": ["2019-01-09 17:49:39"], "total_order": 1, "hotel_value": ["4.7"], "hotel_price": ["158"]}, "7073052": {"hotel_name": "\u4e09\u4e9a\u514b\u62c9\u5c14\u9633\u5149\u6d77\u666f\u516c\u5bd3", "order_time": ["2019-01-09 17:49:41"], "total_order": 1, "hotel_value": ["4.8"], "hotel_price": ["254"]}, "6397008": {"hotel_name": "\u4e09\u4e9a365\u4e00\u7ebf\u6d77\u666f\u5ea6\u5047\u5c4b", "order_time": ["2019-01-09 17:49:44"], "total_order": 1, "hotel_value": ["4.8"], "hotel_price": ["67"]}, "26535660": {"hotel_name": "\u4e09\u4e9a\u7231\u5fc5\u4fac\u68e0\u6e7e\u5ea6\u5047\u516c\u5bd3", "order_time": ["2019-01-09 17:49:45"], "total_order": 1, "hotel_value": ["4.5"], "hotel_price": ["841"]}, "13975638": {"hotel_name": "\u4e09\u4e9a\u9b45\u84dd\u4e4b\u591c\u4e3b\u9898\u9152\u5e97", "order_time": ["2019-01-09 17:49:46", "2019-01-09 17:53:37"], "total_order": 2, "hotel_value": ["4.8", "4.8"], "hotel_price": ["126", "126"]}, "481441": {"hotel_name": "\u4e09\u4e9a\u6e7e\u667a\u9009\u5047\u65e5\u9152\u5e97", "order_time": ["2019-01-09 17:49:48"], "total_order": 1, "hotel_value": ["4.3"], "hotel_price": ["268"]}, "6450523": {"hotel_name": "\u4e09\u4e9a\u5c71\u6d77\u5929\u5927\u9152\u5e97\u00b7\u50b2\u9014\u683c\u7cbe\u9009", "order_time": ["2019-01-09 17:51:35"], "total_order": 1, "hotel_value": ["4.8"], "hotel_price": ["1190"]}, "3732039": {"hotel_name": "\u4e09\u4e9a\u6d77\u68e0\u6e7e\u6bd4\u90bbnear\u6930\u6797\u7f8e\u5bbf(\u539f\u6bd4\u90bb\u6cf3\u6c60\u5ea6\u5047\u7cbe\u54c1\u5ba2\u6808)", "order_time": ["2019-01-09 17:57:49", "2019-01-09 17:51:43"], "total_order": 2, "hotel_value": ["4.5", "4.5"], "hotel_price": ["286", "286"]}, "6507002": {"hotel_name": "\u4e09\u4e9a\u96e8\u7199\u5ba2\u6808", "order_time": ["2019-01-09 17:51:46"], "total_order": 1, "hotel_value": ["4.8"], "hotel_price": ["179"]}, "1483190": {"hotel_name": "\u4e09\u4e9a\u4e9a\u9f99\u6e7e\u7fe1\u7fe0\u5ea6\u5047\u516c\u5bd3", "order_time": ["2019-01-09 17:53:40"], "total_order": 1, "hotel_value": ["4.6"], "hotel_price": ["257"]}, "808618": {"hotel_name": "7\u5929\u8fde\u9501\u9152\u5e97(\u4e09\u4e9a\u4e09\u4e9a\u6e7e\u6d77\u666f\u5e97)", "order_time": ["2019-01-09 17:53:42"], "total_order": 1, "hotel_value": ["4.3"], "hotel_price": ["119"]}, "2021754": {"hotel_name": "\u4e09\u4e9a\u4fdd\u5229\u5929\u827a\u51e4\u51f0\u9152\u5e97", "order_time": ["2019-01-09 17:55:40"], "total_order": 1, "hotel_value": ["4.4"], "hotel_price": ["362"]}, "12054114": {"hotel_name": "\u4e09\u4e9a\u6e7e\u6d77\u6d0b\u5b63\u7cbe\u54c1\u5ba2\u6808", "order_time": ["2019-01-09 17:55:44"], "total_order": 1, "hotel_value": ["4.8"], "hotel_price": ["179"]}, "1315499": {"hotel_name": "\u4e09\u4e9a\u8001\u73ed\u957f\u56fd\u9645\u9752\u5e74\u65c5\u820d", "order_time": ["2019-01-09 17:57:34"], "total_order": 1, "hotel_value": ["4.5"], "hotel_price": ["41"]}, "3292125": {"hotel_name": "\u4e09\u4e9a\u5927\u4e1c\u6d77\u4e50\u5de2\u6d77\u666f\u5ba2\u6808", "order_time": ["2019-01-09 17:57:35"], "total_order": 1, "hotel_value": ["4.6"], "hotel_price": ["179"]}, "11654974": {"hotel_name": "\u5c0f\u9e7f\u8fb0\u5ba2\u6d77\u666f\u5ea6\u5047\u516c\u5bd3(\u4e09\u4e9a\u5927\u4e1c\u6d77\u5e97)", "order_time": ["2019-01-09 17:57:41"], "total_order": 1, "hotel_value": ["4.9"], "hotel_price": ["146"]}}}