{"\u5f00\u59cb\u8bb0\u5f55\u65f6\u95f4": "2019-01-23 10:56:48", "\u7ed3\u675f\u8bb0\u5f55\u65f6\u95f4": "2019-01-23 11:56:48", "\u8ba2\u5355\u603b\u589e\u91cf": 352, "item": {"471663": {"hotel_name": "\u4e09\u4e9a\u5206\u754c\u6d32\u5c9b\u6d77\u9493\u4f1a\u6240", "order_time": ["2019-01-23 10:59:05"], "total_order": 1, "hotel_value": ["4.5"], "hotel_price": ["680"]}, "345067": {"hotel_name": "\u4e09\u4e9a\u6d77\u68e0\u6e7e\u559c\u6765\u767b\u5ea6\u5047\u9152\u5e97", "order_time": ["2019-01-23 10:59:06"], "total_order": 1, "hotel_value": ["4.6"], "hotel_price": ["1030"]}, "842998": {"hotel_name": "\u541b\u6f9c\u00b7\u4e09\u4e9a\u6e7e\u8fce\u5bbe\u9986\u6d77\u666f\u5ea6\u5047\u9152\u5e97", "order_time": ["2019-01-23 10:59:06"], "total_order": 1, "hotel_value": ["4.8"], "hotel_price": ["529"]}, "532834": {"hotel_name": "\u4e09\u4e9a\u6d77\u68e0\u6e7e\u6c11\u751f\u5a01\u65af\u6c40\u5ea6\u5047\u9152\u5e97", "order_time": ["2019-01-23 10:59:06"], "total_order": 1, "hotel_value": ["4.6"], "hotel_price": ["1238"]}, "6708909": {"hotel_name": "\u4e09\u4e9a\u6d77\u68e0\u6e7e\u798f\u6d77\u68e0\u6d77\u666f\u5957\u623f\u5ea6\u5047\u9152\u5e97", "order_time": ["2019-01-23 11:27:20", "2019-01-23 10:59:07"], "total_order": 2, "hotel_value": ["4.6", "4.6"], "hotel_price": ["1678", "1678"]}, "346676": {"hotel_name": "\u4e09\u4e9a\u56fd\u5149\u8c6a\u751f\u5ea6\u5047\u9152\u5e97", "order_time": ["2019-01-23 10:59:09"], "total_order": 1, "hotel_value": ["4.6"], "hotel_price": ["669"]}, "346764": {"hotel_name": "\u4e09\u4e9a\u541b\u6f9c\u00b7\u9e7f\u56de\u5934\u56fd\u5bbe\u9986(\u539f\u9e7f\u56de\u5934\u56fd\u5bbe\u9986)", "order_time": ["2019-01-23 10:59:11"], "total_order": 1, "hotel_value": ["4.8"], "hotel_price": ["663"]}, "1444927": {"hotel_name": "\u4e09\u4e9a\u5341\u6b65\u6d77\u5cb8\u9752\u5e74\u65c5\u820d", "order_time": ["2019-01-23 10:59:11"], "total_order": 1, "hotel_value": ["4.3"], "hotel_price": ["59"]}, "707593": {"hotel_name": "\u4e09\u4e9a\u51e4\u51f0\u5c9b\u6d77\u6d0b\u4e4b\u661f\u5ea6\u5047\u9152\u5e97", "order_time": ["2019-01-23 10:59:13", "2019-01-23 11:39:06", "2019-01-23 11:43:13", "2019-01-23 11:07:10"], "total_order": 4, "hotel_value": ["4.6", "4.6", "4.6", "4.6"], "hotel_price": ["462", "462", "462", "462"]}, "6446036": {"hotel_name": "\u4e09\u4e9a\u51e4\u51f0\u673a\u573a\u9152\u5e97", "order_time": ["2019-01-23 10:59:13", "2019-01-23 11:03:16", "2019-01-23 11:25:12", "2019-01-23 11:15:07"], "total_order": 4, "hotel_value": ["4.6", "4.6", "4.6", "4.6"], "hotel_price": ["406", "406", "406", "406"]}, "372154": {"hotel_name": "\u4e09\u4e9a\u798f\u670b\u559c\u6765\u767b\u9152\u5e97", "order_time": ["2019-01-23 10:59:13"], "total_order": 1, "hotel_value": ["4.5"], "hotel_price": ["560"]}, "455490": {"hotel_name": "\u4e09\u4e9a\u4e9a\u9f99\u6e7e\u77f3\u6eaa\u5885\u5efa\u56fd\u5ea6\u5047\u9152\u5e97", "order_time": ["2019-01-23 10:59:13", "2019-01-23 11:15:07"], "total_order": 2, "hotel_value": ["4.6", "4.6"], "hotel_price": ["488", "488"]}, "747674": {"hotel_name": "\u9675\u6c34\u6e05\u6c34\u6e7e\u6d77\u6d0b\u4e4b\u661f\u9152\u5e97", "order_time": ["2019-01-23 10:59:14", "2019-01-23 11:25:18"], "total_order": 2, "hotel_value": ["4.5", "4.5"], "hotel_price": ["342", "342"]}, "19107609": {"hotel_name": "\u4e09\u4e9a\u8054\u6295\u541b\u4ead\u9152\u5e97", "order_time": ["2019-01-23 10:59:14", "2019-01-23 11:17:17", "2019-01-23 11:25:18"], "total_order": 3, "hotel_value": ["4.6", "4.6", "4.6"], "hotel_price": ["588", "588", "588"]}, "440975": {"hotel_name": "\u4e09\u4e9a\u4e1c\u65b9\u6d77\u666f\u5927\u9152\u5e97", "order_time": ["2019-01-23 10:59:17"], "total_order": 1, "hotel_value": ["4.3"], "hotel_price": ["266"]}, "2880019": {"hotel_name": "\u4e09\u4e9a\u661f\u6708\u6d77\u666f\u5ea6\u5047\u516c\u5bd3", "order_time": ["2019-01-23 11:01:07"], "total_order": 1, "hotel_value": ["4.9"], "hotel_price": ["302"]}, "13975638": {"hotel_name": "\u4e09\u4e9a\u9b45\u84dd\u4e4b\u591c\u4e3b\u9898\u9152\u5e97", "order_time": ["2019-01-23 11:49:20", "2019-01-23 11:01:08"], "total_order": 2, "hotel_value": ["4.8", "4.8"], "hotel_price": ["126", "126"]}, "1486685": {"hotel_name": "\u4e09\u4e9a\u51e4\u51f0\u5c9b\u5ea6\u5047\u9152\u5e97", "order_time": ["2019-01-23 11:53:44", "2019-01-23 11:01:09", "2019-01-23 11:05:07", "2019-01-23 11:31:51", "2019-01-23 11:35:47"], "total_order": 5, "hotel_value": ["4.7", "4.7", "4.7", "4.7", "4.7"], "hotel_price": ["1358", "1358", "1358", "1358", "1358"]}, "1682691": {"hotel_name": "\u4e09\u4e9a\u4eac\u6d77\u56fd\u9645\u5047\u65e5\u9152\u5e97", "order_time": ["2019-01-23 11:01:09", "2019-01-23 11:01:33"], "total_order": 2, "hotel_value": ["4.6", "4.6"], "hotel_price": ["538", "673"]}, "1185042": {"hotel_name": "\u4e09\u4e9a\u6e7e\u7ea2\u6811\u6797\u5ea6\u5047\u4e16\u754c(\u83e9\u63d0\u9152\u5e97)", "order_time": ["2019-01-23 11:01:09"], "total_order": 1, "hotel_value": ["4.7"], "hotel_price": ["690"]}, "900548": {"hotel_name": "\u57ce\u5e02\u4fbf\u6377\u9152\u5e97(\u4e09\u4e9a\u6e7e\u6b65\u884c\u8857\u5e97)", "order_time": ["2019-01-23 11:01:09"], "total_order": 1, "hotel_value": ["4.4"], "hotel_price": ["168"]}, "1486657": {"hotel_name": "\u4e09\u4e9a\u661f\u60a6\u5ea6\u5047\u9152\u5e97", "order_time": ["2019-01-23 11:01:09", "2019-01-23 11:47:12"], "total_order": 2, "hotel_value": ["4.3", "4.3"], "hotel_price": ["125", "125"]}, "17533420": {"hotel_name": "\u4e09\u4e9a\u5927\u4e1c\u6d77\u9152\u5e97", "order_time": ["2019-01-23 11:01:10"], "total_order": 1, "hotel_value": ["4.8"], "hotel_price": ["619"]}, "7864205": {"hotel_name": "\u65f6\u4ee3\u5927\u6811\u5ea6\u5047\u9152\u5e97(\u4e09\u4e9a\u7f8e\u4e3d\u4e4b\u51a0\u5e97)(\u539f\u7f8e\u4e3d\u4e4b\u51a0\u5927\u6811\u5ea6\u5047\u9152\u5e97)", "order_time": ["2019-01-23 11:01:10", "2019-01-23 11:35:09", "2019-01-23 11:25:09", "2019-01-23 11:47:12", "2019-01-23 11:13:11"], "total_order": 5, "hotel_value": ["4.7", "4.7", "4.7", "4.7", "4.7"], "hotel_price": ["164", "164", "191", "213", "183"]}, "3180637": {"hotel_name": "\u4e09\u4e9a\u9752\u827a\u672f\u96c5\u7b51\u5ba2\u6808(\u4e09\u4e9a\u6e7e\u5e97)", "order_time": ["2019-01-23 11:01:12"], "total_order": 1, "hotel_value": ["4.9"], "hotel_price": ["185"]}, "26449232": {"hotel_name": "\u4e09\u4e9a\u65e5\u5915\u5885\u6c11\u5bbf", "order_time": ["2019-01-23 11:01:12", "2019-01-23 11:41:13"], "total_order": 2, "hotel_value": ["4.9", "4.9"], "hotel_price": ["263", "263"]}, "11052603": {"hotel_name": "\u4e09\u4e9a\u4e0e\u6d77\u5171\u671d\u65c5\u79df(\u539f\u5929\u6daf\u5c45\u5c9b\u4e4b\u5317\u5ba2\u6808)", "order_time": ["2019-01-23 11:01:13"], "total_order": 1, "hotel_value": ["4.7"], "hotel_price": ["146"]}, "345078": {"hotel_name": "\u4e09\u4e9a\u4e9a\u9f99\u6e7e\u7f8e\u9ad8\u6885\u5ea6\u5047\u9152\u5e97", "order_time": ["2019-01-23 11:01:15", "2019-01-23 11:05:10"], "total_order": 2, "hotel_value": ["4.7", "4.7"], "hotel_price": ["1569", "1569"]}, "1315499": {"hotel_name": "\u4e09\u4e9a\u8001\u73ed\u957f\u56fd\u9645\u9752\u5e74\u65c5\u820d", "order_time": ["2019-01-23 11:01:17", "2019-01-23 11:31:12"], "total_order": 2, "hotel_value": ["4.5", "4.5"], "hotel_price": ["48", "48"]}, "2147975": {"hotel_name": "\u4e09\u4e9a\u80cc\u5305\u5ba2\u56fd\u9645\u9752\u5e74\u65c5\u820d(\u539f\u9633\u5149\u56fd\u9645\u9752\u5e74\u65c5\u820d)", "order_time": ["2019-01-23 11:17:21", "2019-01-23 11:01:18"], "total_order": 2, "hotel_value": ["4.6", "4.6"], "hotel_price": ["50", "52"]}, "346684": {"hotel_name": "\u4e09\u4e9a\u73e0\u6c5f\u5357\u7530\u6e29\u6cc9\u5ea6\u5047\u533a", "order_time": ["2019-01-23 11:01:26", "2019-01-23 11:13:18"], "total_order": 2, "hotel_value": ["4.3", "4.3"], "hotel_price": ["356", "356"]}, "6705222": {"hotel_name": "\u4e09\u4e9a\u69df\u6994\u6cb3\u6e29\u6cc9\u9152\u5e97", "order_time": ["2019-01-23 11:01:26"], "total_order": 1, "hotel_value": ["4.2"], "hotel_price": ["235"]}, "346693": {"hotel_name": "\u4e09\u4e9a\u4e9a\u9f99\u6e7e\u534e\u5b87\u5ea6\u5047\u9152\u5e97", "order_time": ["2019-01-23 11:01:33"], "total_order": 1, "hotel_value": ["4.6"], "hotel_price": ["863"]}, "437377": {"hotel_name": "\u4e09\u4e9a\u6d77\u68e0\u6e7e\u5fa1\u6d77\u68e0\u8c6a\u534e\u7cbe\u9009\u5ea6\u5047\u9152\u5e97", "order_time": ["2019-01-23 11:03:16"], "total_order": 1, "hotel_value": ["4.7"], "hotel_price": ["999"]}, "5090410": {"hotel_name": "\u4e09\u4e9a\u6930\u4e4b\u6d77\u6d77\u666f\u5ea6\u5047\u516c\u5bd3(\u539f\u6d77\u5cb8\u540d\u90fd\u7cbe\u54c1\u6d77\u666f\u516c\u5bd3)", "order_time": ["2019-01-23 11:03:19"], "total_order": 1, "hotel_value": ["4.9"], "hotel_price": ["224"]}, "2013175": {"hotel_name": "\u4e09\u4e9a\u5bcc\u65af\u9152\u5e97", "order_time": ["2019-01-23 11:03:19"], "total_order": 1, "hotel_value": ["4.8"], "hotel_price": ["154"]}, "396500": {"hotel_name": "\u4e09\u4e9a\u6e7e\u4ed9\u5c45\u5e9c\u6d77\u666f\u9152\u5e97", "order_time": ["2019-01-23 11:17:22", "2019-01-23 11:03:20", "2019-01-23 11:05:06"], "total_order": 3, "hotel_value": ["4.4", "4.4", "4.4"], "hotel_price": ["351", "351", "351"]}, "910293": {"hotel_name": "\u4e09\u4e9a\u4e9a\u9f99\u6e7e\u68a6\u65c5\u4eba\u5ba2\u6808", "order_time": ["2019-01-23 11:43:10", "2019-01-23 11:03:22"], "total_order": 2, "hotel_value": ["4.9", "4.9"], "hotel_price": ["101", "101"]}, "21931169": {"hotel_name": "\u4e09\u4e9a\u946b\u8c6a\u82d1\u9152\u5e97", "order_time": ["2019-01-23 11:03:23"], "total_order": 1, "hotel_value": ["4.6"], "hotel_price": ["198"]}, "879235": {"hotel_name": "Q\u52a0\u00b7\u4e09\u4e9a\u591a\u4e50\u5c45\u5bb6\u5ead\u6d77\u666f\u516c\u5bd3", "order_time": ["2019-01-23 11:03:24"], "total_order": 1, "hotel_value": ["4.7"], "hotel_price": ["148"]}, "26483436": {"hotel_name": "\u4e09\u4e9a\u4e0e\u9e7f\u9752\u5e74\u65c5\u820d", "order_time": ["2019-01-23 11:03:26"], "total_order": 1, "hotel_value": ["4.9"], "hotel_price": ["49"]}, "1582460": {"hotel_name": "\u4e09\u4e9a\u6c49\u6d77\u5feb\u6377\u9152\u5e97", "order_time": ["2019-01-23 11:03:30"], "total_order": 1, "hotel_value": ["4.2"], "hotel_price": ["114"]}, "1410547": {"hotel_name": "\u4e09\u4e9a18\u5ea6\u6d77\u5cb8\u65c5\u9986", "order_time": ["2019-01-23 11:03:32"], "total_order": 1, "hotel_value": ["4.2"], "hotel_price": ["173"]}, "8589084": {"hotel_name": "\u4e09\u4e9a\u51e4\u51f0\u7f8e\u4e3d\u5927\u9152\u5e97", "order_time": ["2019-01-23 11:03:32"], "total_order": 1, "hotel_value": ["4.8"], "hotel_price": ["168"]}, "1294588": {"hotel_name": "\u4e09\u4e9a\u5927\u4e1c\u6d77\u542c\u6d77\u5c0f\u7b51\u6d77\u666f\u516c\u5bd3", "order_time": ["2019-01-23 11:03:45"], "total_order": 1, "hotel_value": ["4.7"], "hotel_price": ["320"]}, "426964": {"hotel_name": "\u4e09\u4e9a\u5eb7\u7279\u738b\u5e9c\u4f1a\u8bae\u5ea6\u5047\u9152\u5e97", "order_time": ["2019-01-23 11:05:05"], "total_order": 1, "hotel_value": ["4.6"], "hotel_price": ["283"]}, "4410283": {"hotel_name": "\u4e09\u4e9a\u5b50\u60a6\u5eb7\u5e74\u9152\u5e97(\u539f\u4e2d\u94c1\u5b50\u60a6\u5eb7\u5e74\u5546\u52a1\u9152\u5e97)", "order_time": ["2019-01-23 11:27:09", "2019-01-23 11:05:06"], "total_order": 2, "hotel_value": ["4.6", "4.6"], "hotel_price": ["380", "380"]}, "1415685": {"hotel_name": "\u4e09\u4e9a9\u53f7\u4e3b\u9898\u516c\u5bd3", "order_time": ["2019-01-23 11:05:08", "2019-01-23 11:39:06"], "total_order": 2, "hotel_value": ["4.9", "4.9"], "hotel_price": ["419", "419"]}, "346766": {"hotel_name": "\u4e09\u4e9a\u4e9a\u9f99\u6e7e\u51ef\u83b1\u4ed9\u4eba\u638c\u5ea6\u5047\u9152\u5e97", "order_time": ["2019-01-23 11:05:08", "2019-01-23 11:23:09", "2019-01-23 11:13:09", "2019-01-23 11:17:26"], "total_order": 4, "hotel_value": ["4.6", "4.6", "4.6", "4.6"], "hotel_price": ["444", "444", "444", "444"]}, "371722": {"hotel_name": "\u4e09\u4e9a\u4e9a\u9f99\u6e7e\u91d1\u68d5\u6988\u5ea6\u5047\u9152\u5e97", "order_time": ["2019-01-23 11:19:09", "2019-01-23 11:05:09"], "total_order": 2, "hotel_value": ["4.6", "4.6"], "hotel_price": ["528", "528"]}, "345080": {"hotel_name": "\u4e09\u4e9a\u4e9a\u9f99\u6e7e\u559c\u6765\u767b\u5ea6\u5047\u9152\u5e97", "order_time": ["2019-01-23 11:11:12", "2019-01-23 11:05:10"], "total_order": 2, "hotel_value": ["4.6", "4.6"], "hotel_price": ["1031", "1031"]}, "10940232": {"hotel_name": "\u4e09\u4e9a\u5c3c\u666e\u987f\u6d77\u666f\u516c\u5bd3", "order_time": ["2019-01-23 11:05:11"], "total_order": 1, "hotel_value": ["4.9"], "hotel_price": ["222"]}, "1315187": {"hotel_name": "\u7267\u6d77\u65c5\u820d(\u4e09\u4e9a\u6d77\u5cb8\u540d\u90fd\u5e97)", "order_time": ["2019-01-23 11:15:17", "2019-01-23 11:05:13"], "total_order": 2, "hotel_value": ["4.9", "4.9"], "hotel_price": ["375", "375"]}, "25634977": {"hotel_name": "\u4e09\u4e9a\u827e\u514b\u5a01\u9152\u5e97", "order_time": ["2019-01-23 11:05:13"], "total_order": 1, "hotel_value": ["4.9"], "hotel_price": ["310"]}, "344904": {"hotel_name": "\u4e09\u4e9a\u80dc\u610f\u5927\u9152\u5e97", "order_time": ["2019-01-23 11:05:17"], "total_order": 1, "hotel_value": ["4.7"], "hotel_price": ["522"]}, "1716384": {"hotel_name": "\u4e09\u4e9a\u5723\u73ba\u5bbe\u9986", "order_time": ["2019-01-23 11:05:22"], "total_order": 1, "hotel_value": ["4.4"], "hotel_price": ["76"]}, "428335": {"hotel_name": "\u5982\u5bb6\u5feb\u6377\u9152\u5e97(\u4e09\u4e9a\u6986\u4e9a\u8def\u5927\u4e1c\u6d77\u5e97)", "order_time": ["2019-01-23 11:07:10"], "total_order": 1, "hotel_value": ["4.5"], "hotel_price": ["237"]}, "346673": {"hotel_name": "\u4e09\u4e9a\u534a\u5c71\u534a\u5c9b\u5ea6\u5047\u9152\u5e97(\u5168\u5957\u623f)", "order_time": ["2019-01-23 11:07:11"], "total_order": 1, "hotel_value": ["4.6"], "hotel_price": ["752"]}, "23932008": {"hotel_name": "\u4e09\u4e9a\u6d77\u68e0\u6e7e\u897f\u6e8f\u5ea6\u5047\u516c\u5bd3(\u539f\u5c1a\u4e66\u96c5\u82d1\u5ea6\u5047\u522b\u5885)", "order_time": ["2019-01-23 11:07:12"], "total_order": 1, "hotel_value": ["4.8"], "hotel_price": ["312"]}, "23946400": {"hotel_name": "\u4e09\u4e9a\u7f8e\u5885\u65e5\u8bb0\u522b\u5885", "order_time": ["2019-01-23 11:07:13"], "total_order": 1, "hotel_value": ["4.9"], "hotel_price": ["242"]}, "21641576": {"hotel_name": "\u7f8e\u4e3d\u6d77\u9152\u5e97(\u4e09\u4e9a\u51e4\u51f0\u673a\u573a\u5e97)", "order_time": ["2019-01-23 11:07:13"], "total_order": 1, "hotel_value": ["4.5"], "hotel_price": ["122"]}, "436689": {"hotel_name": "\u4e09\u4e9a\u6ee8\u6d77\u5929\u798f\u6e90\u5ea6\u5047\u9152\u5e97", "order_time": ["2019-01-23 11:07:14"], "total_order": 1, "hotel_value": ["4.5"], "hotel_price": ["298"]}, "1377449": {"hotel_name": "Q\u52a0\u00b7\u4e09\u4e9a\u51e4\u51f0\u5c9b\u60a6\u4f73\u6d77\u4e0a\u516c\u5bd3", "order_time": ["2019-01-23 11:07:16", "2019-01-23 11:21:18", "2019-01-23 11:15:10", "2019-01-23 11:39:07"], "total_order": 4, "hotel_value": ["4.7", "4.7", "4.7", "4.7"], "hotel_price": ["400", "400", "400", "400"]}, "346775": {"hotel_name": "\u4e09\u4e9a\u4e9a\u9f99\u6e7e\u73af\u7403\u57ce\u5927\u9152\u5e97", "order_time": ["2019-01-23 11:51:17", "2019-01-23 11:07:16", "2019-01-23 11:19:22", "2019-01-23 11:15:10"], "total_order": 4, "hotel_value": ["4.2", "4.2", "4.2", "4.2"], "hotel_price": ["400", "400", "400", "400"]}, "370837": {"hotel_name": "\u4e09\u4e9a\u78a7\u6d77\u91d1\u6c99\u9152\u5e97", "order_time": ["2019-01-23 11:07:17", "2019-01-23 11:43:09", "2019-01-23 11:17:15"], "total_order": 3, "hotel_value": ["4.6", "4.6", "4.6"], "hotel_price": ["353", "961", "353"]}, "28710421": {"hotel_name": "\u4e09\u4e9a\u8fce\u5bbf\u4e3b\u9898\u9152\u5e97", "order_time": ["2019-01-23 11:07:17"], "total_order": 1, "hotel_value": ["4.9"], "hotel_price": ["103"]}, "1994723": {"hotel_name": "\u4e09\u4e9a\u51e4\u51f0\u5c9b\u661f\u5bb8\u6d77\u666f\u5ea6\u5047\u9152\u5e97", "order_time": ["2019-01-23 11:07:25"], "total_order": 1, "hotel_value": ["4.2"], "hotel_price": ["512"]}, "4845384": {"hotel_name": "\u4e09\u4e9a\u84dd\u5cb8\u6d77\u8fb9\u4e3b\u9898\u9152\u5e97", "order_time": ["2019-01-23 11:09:06"], "total_order": 1, "hotel_value": ["4.7"], "hotel_price": ["114"]}, "1061497": {"hotel_name": "\u4e09\u4e9a\u6052\u76db\u6d77\u666f\u5ea6\u5047\u516c\u5bd3(\u91d1\u51e4\u51f0\u6d77\u666f\u516c\u5bd3\u5e97)", "order_time": ["2019-01-23 11:09:08", "2019-01-23 11:53:06"], "total_order": 2, "hotel_value": ["4.9", "4.9"], "hotel_price": ["392", "266"]}, "15696546": {"hotel_name": "\u4e09\u4e9a\u4e2d\u5fc3\u51ef\u60a6\u5609\u8f69\u9152\u5e97", "order_time": ["2019-01-23 11:09:09", "2019-01-23 11:43:12"], "total_order": 2, "hotel_value": ["4.5", "4.5"], "hotel_price": ["499", "499"]}, "3631084": {"hotel_name": "\u4e09\u4e9a\u6e7e\u5e0c\u5c14\u987f\u6b22\u670b\u9152\u5e97", "order_time": ["2019-01-23 11:09:09", "2019-01-23 11:11:16"], "total_order": 2, "hotel_value": ["4.8", "4.8"], "hotel_price": ["624", "624"]}, "2785534": {"hotel_name": "\u4e09\u4e9a\u6e38\u4e50\u7f8e\u6d77\u666f\u5ea6\u5047\u516c\u5bd3", "order_time": ["2019-01-23 11:09:12"], "total_order": 1, "hotel_value": ["4.8"], "hotel_price": ["159"]}, "2260152": {"hotel_name": "\u4e09\u4e9a\u51e4\u51f0\u56fd\u9645\u673a\u573a100\u5ba2\u6808", "order_time": ["2019-01-23 11:09:13"], "total_order": 1, "hotel_value": ["4.4"], "hotel_price": ["112"]}, "5830820": {"hotel_name": "\u96e8\u6797\u6f2b\u6b65\u5ea6\u5047\u6d0b\u623f\u522b\u5885(\u4e09\u4e9a\u4e9a\u9f99\u6e7e\u516c\u4e3b\u90e1\u5e97)", "order_time": ["2019-01-23 11:09:13"], "total_order": 1, "hotel_value": ["4.6"], "hotel_price": ["264"]}, "8577331": {"hotel_name": "\u7f8e\u51a0\u5047\u65e5\u9152\u5e97(\u4e09\u4e9a\u5927\u6811\u516c\u9986\u5e97)", "order_time": ["2019-01-23 11:49:16", "2019-01-23 11:09:13", "2019-01-23 11:15:14"], "total_order": 3, "hotel_value": ["4.5", "4.5", "4.5"], "hotel_price": ["164", "164", "164"]}, "17325404": {"hotel_name": "\u4e09\u4e9a\u6d1b\u514b\u94c2\u91d1\u6d77\u666f\u9152\u5e97", "order_time": ["2019-01-23 11:09:14"], "total_order": 1, "hotel_value": ["4.4"], "hotel_price": ["479"]}, "8681237": {"hotel_name": "\u4e09\u4e9a\u5927\u4e1c\u6d77\u5fc6\u8bed\u6d41\u5e74\u4e3b\u9898\u9152\u5e97", "order_time": ["2019-01-23 11:39:10", "2019-01-23 11:45:18", "2019-01-23 11:09:16"], "total_order": 3, "hotel_value": ["4.8", "4.8", "4.8"], "hotel_price": ["151", "153", "161"]}, "12054114": {"hotel_name": "\u4e09\u4e9a\u6e7e\u6d77\u6d0b\u5b63\u7cbe\u54c1\u5ba2\u6808", "order_time": ["2019-01-23 11:09:16"], "total_order": 1, "hotel_value": ["4.8"], "hotel_price": ["192"]}, "1316218": {"hotel_name": "\u4e09\u4e9a\u7f8e\u4e3d\u65b0\u6d77\u5cb8\u6d77\u666f\u516c\u5bd3", "order_time": ["2019-01-23 11:15:21", "2019-01-23 11:09:20"], "total_order": 2, "hotel_value": ["4.4", "4.4"], "hotel_price": ["228", "228"]}, "6261136": {"hotel_name": "\u7ef4\u4e5f\u7eb3\u9152\u5e97(\u4e09\u4e9a\u4e9a\u9f99\u6e7e\u5343\u53e4\u60c5\u5e97)", "order_time": ["2019-01-23 11:11:10"], "total_order": 1, "hotel_value": ["4.8"], "hotel_price": ["316"]}, "1642576": {"hotel_name": "\u4e09\u4e9a\u5b50\u60a6\u5eb7\u5e74\u4e3b\u9898\u5957\u623f\u5ea6\u5047\u9152\u5e97", "order_time": ["2019-01-23 11:25:25", "2019-01-23 11:11:12", "2019-01-23 11:53:15"], "total_order": 3, "hotel_value": ["4.7", "4.7", "4.7"], "hotel_price": ["394", "394", "394"]}, "436677": {"hotel_name": "\u4e09\u4e9a\u4e3d\u666f\u6d77\u6e7e\u9152\u5e97", "order_time": ["2019-01-23 11:21:28", "2019-01-23 11:11:12"], "total_order": 2, "hotel_value": ["4.6", "4.6"], "hotel_price": ["315", "315"]}, "1419670": {"hotel_name": "\u84dd\u5929\u56fd\u9645\u9752\u5e74\u65c5\u820d(\u4e09\u4e9a\u5927\u4e1c\u6d77\u5e97)", "order_time": ["2019-01-23 11:11:14"], "total_order": 1, "hotel_value": ["4.7"], "hotel_price": ["46"]}, "1544957": {"hotel_name": "\u4e09\u4e9a\u843d\u5b89\u9752\u5e74\u65c5\u820d", "order_time": ["2019-01-23 11:11:14"], "total_order": 1, "hotel_value": ["4.7"], "hotel_price": ["55"]}, "4388404": {"hotel_name": "\u4e09\u4e9a\u7f8e\u4e3d\u4e4b\u51a0\u5927\u6811\u9152\u5e97", "order_time": ["2019-01-23 11:23:11", "2019-01-23 11:35:09", "2019-01-23 11:37:08", "2019-01-23 11:11:15"], "total_order": 4, "hotel_value": ["4.3", "4.3", "4.3", "4.3"], "hotel_price": ["214", "214", "214", "214"]}, "2216767": {"hotel_name": "\u7ef4\u4e5f\u7eb3\u9152\u5e97(\u4e09\u4e9a\u6e7e\u5e97)", "order_time": ["2019-01-23 11:11:16"], "total_order": 1, "hotel_value": ["4.8"], "hotel_price": ["368"]}, "9666280": {"hotel_name": "\u4e09\u4e9ahello\u6d77\u666f\u5ea6\u5047\u516c\u5bd3", "order_time": ["2019-01-23 11:11:17", "2019-01-23 11:47:25"], "total_order": 2, "hotel_value": ["4.8", "4.8"], "hotel_price": ["248", "248"]}, "6460482": {"hotel_name": "\u4e09\u4e9a\u4e9a\u9f99\u6e7e\u751f\u547d\u6cc9\u7cbe\u54c1\u5ea6\u5047\u9152\u5e97", "order_time": ["2019-01-23 11:11:18"], "total_order": 1, "hotel_value": ["4.7"], "hotel_price": ["594"]}, "5580111": {"hotel_name": "\u6d77\u5357V8\u5feb\u6377\u9152\u5e97\u7965\u745e\u5e97", "order_time": ["2019-01-23 11:11:21"], "total_order": 1, "hotel_value": ["4.3"], "hotel_price": ["103"]}, "2044026": {"hotel_name": "\u4e09\u4e9a\u6d77\u4f9d\u604b\u5feb\u6377\u5bbe\u9986", "order_time": ["2019-01-23 11:11:23"], "total_order": 1, "hotel_value": ["4.8"], "hotel_price": ["83"]}, "1454138": {"hotel_name": "\u4e09\u4e9a\u5927\u4e1c\u6d77\u5c0f\u811a\u4e2b\u6d77\u666f\u516c\u5bd3", "order_time": ["2019-01-23 11:11:24"], "total_order": 1, "hotel_value": ["4.2"], "hotel_price": ["138"]}, "19570483": {"hotel_name": "\u4e09\u4e9a\u70ed\u5e26\u96e8\u6797\u6d77\u666f\u5ea6\u5047\u516c\u5bd3(\u539f\u5b89\u8425\u6d77\u666f\u5ea6\u5047\u516c\u5bd3)", "order_time": ["2019-01-23 11:11:25"], "total_order": 1, "hotel_value": ["4.7"], "hotel_price": ["173"]}, "457450": {"hotel_name": "\u4e09\u4e9a\u534a\u5c71\u534a\u5c9b\u5b89\u7eb3\u5854\u62c9\u5ea6\u5047\u9152\u5e97", "order_time": ["2019-01-23 11:13:09"], "total_order": 1, "hotel_value": ["4.5"], "hotel_price": ["879"]}, "1283993": {"hotel_name": "\u4e09\u4e9a\u6d77\u8fb9\u98ce\u60c5\u5ea6\u5047\u516c\u5bd3", "order_time": ["2019-01-23 11:13:10"], "total_order": 1, "hotel_value": ["4.9"], "hotel_price": ["221"]}, "26413397": {"hotel_name": "\u4e09\u4e9a\u871c\u65c5\u82cf\u683c\u9152\u5e97", "order_time": ["2019-01-23 11:47:12", "2019-01-23 11:13:11"], "total_order": 2, "hotel_value": ["4.9", "4.9"], "hotel_price": ["197", "197"]}, "473314": {"hotel_name": "\u4e09\u4e9a\u4e8c\u6708\u6d77\u6d77\u666f\u9152\u5e97", "order_time": ["2019-01-23 11:13:12"], "total_order": 1, "hotel_value": ["4.8"], "hotel_price": ["191"]}, "6541448": {"hotel_name": "\u4e09\u4e9a\u745e\u6cf0\u660e\u73e0\u9152\u5e97(\u51e4\u51f0\u673a\u573a\u5e97)", "order_time": ["2019-01-23 11:13:12"], "total_order": 1, "hotel_value": ["4.6"], "hotel_price": ["174"]}, "481437": {"hotel_name": "\u9526\u6c5f\u4e4b\u661f(\u4e09\u4e9a\u89e3\u653e\u8def\u5e97)", "order_time": ["2019-01-23 11:13:15", "2019-01-23 11:29:18", "2019-01-23 11:35:16"], "total_order": 3, "hotel_value": ["4.6", "4.6", "4.6"], "hotel_price": ["169", "169", "169"]}, "2883738": {"hotel_name": "\u4e09\u4e9a\u9082\u9005\u65f6\u5149\u827a\u672f\u5ba2\u6808", "order_time": ["2019-01-23 11:51:12", "2019-01-23 11:29:20", "2019-01-23 11:13:18"], "total_order": 3, "hotel_value": ["4.6", "4.6", "4.6"], "hotel_price": ["163", "163", "163"]}, "25768287": {"hotel_name": "\u4e09\u4e9a\u5357\u590f\u51ef\u83b1\u60a6\u4eab\u9152\u5e97", "order_time": ["2019-01-23 11:25:15", "2019-01-23 11:13:18", "2019-01-23 11:31:12"], "total_order": 3, "hotel_value": ["4.8", "4.8", "4.8"], "hotel_price": ["375", "375", "375"]}, "10226392": {"hotel_name": "\u81fb\u7231\u9038\u5bb6\u7cbe\u54c1\u522b\u5885(\u4e09\u4e9a\u6e7e\u7ea2\u6811\u6797\u5e97)", "order_time": ["2019-01-23 11:13:23", "2019-01-23 11:51:13"], "total_order": 2, "hotel_value": ["4.8", "4.8"], "hotel_price": ["217", "217"]}, "1601597": {"hotel_name": "\u4e09\u4e9a\u592a\u9633\u6e7e\u67cf\u60a6\u9152\u5e97", "order_time": ["2019-01-23 11:15:07"], "total_order": 1, "hotel_value": ["4.8"], "hotel_price": ["3509"]}, "5647540": {"hotel_name": "\u4e03\u68f5\u6811\u5927\u6811\u9152\u5e97(\u4e09\u4e9a\u7f8e\u4e3d\u4e4b\u51a0\u5e97)(\u539f\u7f8e\u4e3d\u4e4b\u51a0\u4e5d\u68f5\u5927\u6811\u9152\u5e97)", "order_time": ["2019-01-23 11:15:08"], "total_order": 1, "hotel_value": ["4.2"], "hotel_price": ["200"]}, "6484684": {"hotel_name": "\u4e09\u4e9a\u4e07\u5ef7\u4e3b\u9898\u9152\u5e97", "order_time": ["2019-01-23 11:15:08"], "total_order": 1, "hotel_value": ["4.7"], "hotel_price": ["183"]}, "25779316": {"hotel_name": "\u4e09\u4e9a\u8fc8\u5178\u6d77\u666f\u5ea6\u5047\u516c\u5bd3", "order_time": ["2019-01-23 11:15:08"], "total_order": 1, "hotel_value": ["4.9"], "hotel_price": ["408"]}, "10900048": {"hotel_name": "\u4e09\u4e9a\u521d\u96e8\u7cbe\u54c1\u5ba2\u6808", "order_time": ["2019-01-23 11:15:09"], "total_order": 1, "hotel_value": ["4.8"], "hotel_price": ["90"]}, "1738425": {"hotel_name": "\u4e09\u4e9a\u4f34\u6d77\u65f6\u5149\u9152\u5e97", "order_time": ["2019-01-23 11:15:09"], "total_order": 1, "hotel_value": ["4.6"], "hotel_price": ["103"]}, "12671479": {"hotel_name": "\u4e09\u4e9a\u6da6\u5fb7\u6e7f\u5730\u516c\u56ed\u9152\u5e97", "order_time": ["2019-01-23 11:25:15", "2019-01-23 11:15:10"], "total_order": 2, "hotel_value": ["4.7", "4.7"], "hotel_price": ["390", "390"]}, "433675": {"hotel_name": "\u4e09\u4e9a\u51e4\u51f0\u6c34\u57ce\u51ef\u83b1\u5ea6\u5047\u9152\u5e97", "order_time": ["2019-01-23 11:41:25", "2019-01-23 11:15:10"], "total_order": 2, "hotel_value": ["4.5", "4.5"], "hotel_price": ["338", "338"]}, "2021754": {"hotel_name": "\u4e09\u4e9a\u4fdd\u5229\u5929\u827a\u51e4\u51f0\u9152\u5e97", "order_time": ["2019-01-23 11:51:17", "2019-01-23 11:15:11"], "total_order": 2, "hotel_value": ["4.4", "4.4"], "hotel_price": ["314", "314"]}, "1379592": {"hotel_name": "\u683c\u6797\u8c6a\u6cf0(\u4e09\u4e9a\u51e4\u51f0\u673a\u573a\u8def\u5e97)", "order_time": ["2019-01-23 11:15:17"], "total_order": 1, "hotel_value": ["4.0"], "hotel_price": ["163"]}, "437115": {"hotel_name": "\u4e09\u4e9a\u767e\u680e\u56fd\u9645\u5ea6\u5047\u516c\u5bd3", "order_time": ["2019-01-23 11:15:18", "2019-01-23 11:47:12"], "total_order": 2, "hotel_value": ["4.3", "4.3"], "hotel_price": ["257", "257"]}, "6266014": {"hotel_name": "\u4e09\u4e9a\u6c34\u4e2d\u6c99\u6d77\u666f\u5ba2\u6808", "order_time": ["2019-01-23 11:35:21", "2019-01-23 11:15:20"], "total_order": 2, "hotel_value": ["4.9", "4.9"], "hotel_price": ["119", "173"]}, "5902128": {"hotel_name": "\u9685\u82b1\u539f\u5c71\u95f4\u8bbe\u8ba1\u9152\u5e97(\u4e09\u4e9a\u51e4\u51f0\u673a\u573a\u5e97)", "order_time": ["2019-01-23 11:15:27"], "total_order": 1, "hotel_value": ["4.7"], "hotel_price": ["263"]}, "6106463": {"hotel_name": "\u4e09\u4e9a\u7f8e\u4e9a\u56db\u5b63\u9152\u5e97", "order_time": ["2019-01-23 11:17:10"], "total_order": 1, "hotel_value": ["4.7"], "hotel_price": ["317"]}, "13323312": {"hotel_name": "\u4e09\u4e9a\u6cf0\u4ed5\u5546\u52a1\u9152\u5e97", "order_time": ["2019-01-23 11:17:12"], "total_order": 1, "hotel_value": ["4.8"], "hotel_price": ["160"]}, "1723380": {"hotel_name": "\u4e09\u4e9a\u65f6\u5149\u4ed3\u6000\u65e7\u827a\u672f\u5ba2\u6808", "order_time": ["2019-01-23 11:21:18", "2019-01-23 11:17:16"], "total_order": 2, "hotel_value": ["4.6", "4.6"], "hotel_price": ["266", "266"]}, "4033951": {"hotel_name": "\u4e09\u4e9a\u51e4\u51f0\u5c9b\u6d77\u6d0b\u4e4b\u68a6\u5ea6\u5047\u9152\u5e97", "order_time": ["2019-01-23 11:17:17", "2019-01-23 11:49:14"], "total_order": 2, "hotel_value": ["4.7", "4.7"], "hotel_price": ["669", "669"]}, "436696": {"hotel_name": "\u4e09\u4e9a\u6930\u84dd\u6e7e\u5ea6\u5047\u9152\u5e97", "order_time": ["2019-01-23 11:19:07"], "total_order": 1, "hotel_value": ["4.4"], "hotel_price": ["289"]}, "6829684": {"hotel_name": "\u4e09\u4e9a\u6d77\u4f20\u5947\u6d77\u666f\u5ea6\u5047\u516c\u5bd3", "order_time": ["2019-01-23 11:19:13"], "total_order": 1, "hotel_value": ["5.0"], "hotel_price": ["303"]}, "6420180": {"hotel_name": "\u4e09\u4e9a\u98d8\u6d77\u666f\u4e3b\u9898\u5ba2\u6808", "order_time": ["2019-01-23 11:19:16"], "total_order": 1, "hotel_value": ["4.8"], "hotel_price": ["174"]}, "4090289": {"hotel_name": "\u4e09\u4e9a\u98ce\u8046\u6d77\u827a\u672f\u5ba2\u6808", "order_time": ["2019-01-23 11:19:16"], "total_order": 1, "hotel_value": ["4.8"], "hotel_price": ["128"]}, "9626476": {"hotel_name": "\u4e09\u4e9a\u67ab\u6797\u665a\u667a\u6167\u4e3b\u9898\u9152\u5e97\u51e4\u51f0\u673a\u573a\u5e97", "order_time": ["2019-01-23 11:51:18", "2019-01-23 11:19:18"], "total_order": 2, "hotel_value": ["4.7", "4.7"], "hotel_price": ["212", "212"]}, "24771665": {"hotel_name": "\u4e09\u4e9a\u6d77\u68e0\u6e7e\u6d77\u5fc5\u4f4f\u5ea6\u5047\u516c\u5bd3", "order_time": ["2019-01-23 11:21:16", "2019-01-23 11:19:22", "2019-01-23 11:29:28"], "total_order": 3, "hotel_value": ["4.8", "4.8", "4.8"], "hotel_price": ["299", "299", "299"]}, "643764": {"hotel_name": "\u6d77\u5357\u96c5\u5c45\u4e50\u65c5\u5bb6\u5ea6\u5047\u9152\u5e97", "order_time": ["2019-01-23 11:33:38", "2019-01-23 11:19:22", "2019-01-23 11:43:09"], "total_order": 3, "hotel_value": ["4.2", "4.2", "4.2"], "hotel_price": ["262", "262", "262"]}, "14013399": {"hotel_name": "\u4e09\u4e9a\u5112\u5bb6\u5047\u65e5\u9152\u5e97", "order_time": ["2019-01-23 11:19:32"], "total_order": 1, "hotel_value": ["4.7"], "hotel_price": ["78"]}, "1772127": {"hotel_name": "\u4e09\u4e9a\u6e7e\u7ea2\u6811\u6797\u5ea6\u5047\u4e16\u754c(\u7687\u540e\u68d5\u9152\u5e97)", "order_time": ["2019-01-23 11:29:13", "2019-01-23 11:21:11"], "total_order": 2, "hotel_value": ["4.7", "4.7"], "hotel_price": ["680", "680"]}, "2652155": {"hotel_name": "\u4e09\u4e9a\u4e9a\u9f99\u6e7e\u590f\u81f3\u672a\u81f3\u5ba2\u6808", "order_time": ["2019-01-23 11:21:13", "2019-01-23 11:39:18"], "total_order": 2, "hotel_value": ["4.7", "4.7"], "hotel_price": ["97", "97"]}, "1067912": {"hotel_name": "\u4e09\u4e9a\u7ea2\u8272\u6c34\u6676\u5ba2\u6808", "order_time": ["2019-01-23 11:21:15"], "total_order": 1, "hotel_value": ["4.6"], "hotel_price": ["103"]}, "854467": {"hotel_name": "\u4e09\u4e9a\u67d2\u73a5\u6d77\u8bed\u6d77\u666f\u4e3b\u9898\u9152\u5e97", "order_time": ["2019-01-23 11:21:19"], "total_order": 1, "hotel_value": ["4.6"], "hotel_price": ["111"]}, "3509427": {"hotel_name": "\u4e09\u4e9a\u6d77\u8679\u5ea6\u5047\u9152\u5e97", "order_time": ["2019-01-23 11:21:25"], "total_order": 1, "hotel_value": ["4.4"], "hotel_price": ["282"]}, "1744812": {"hotel_name": "\u4e09\u4e9a\u65af\u7ef4\u767b\u5ea6\u5047\u516c\u5bd3(\u51ac\u90fd\u5927\u53a6)", "order_time": ["2019-01-23 11:21:26", "2019-01-23 11:35:16"], "total_order": 2, "hotel_value": ["4.7", "4.7"], "hotel_price": ["236", "236"]}, "1137078": {"hotel_name": "\u6d77\u5357\u6e05\u6c34\u6e7e\u5047\u65e5\u5ea6\u5047\u9152\u5e97", "order_time": ["2019-01-23 11:23:07"], "total_order": 1, "hotel_value": ["4.7"], "hotel_price": ["493"]}, "6841281": {"hotel_name": "\u4e09\u4e9a\u60a6\u4fe1\u7f8e\u9ad8\u7f8e\u56fd\u9645\u9152\u5e97", "order_time": ["2019-01-23 11:23:07"], "total_order": 1, "hotel_value": ["4.6"], "hotel_price": ["460"]}, "15249049": {"hotel_name": "\u7f8e\u4e3d\u4e4b\u51a0\u5927\u6811\u7687\u51a0\u5047\u65e5\u9152\u5e97", "order_time": ["2019-01-23 11:23:09"], "total_order": 1, "hotel_value": ["4.4"], "hotel_price": ["202"]}, "347462": {"hotel_name": "\u4e09\u4e9a\u6d77\u68e0\u6e7e9\u53f7\u5ea6\u5047\u9152\u5e97", "order_time": ["2019-01-23 11:23:09"], "total_order": 1, "hotel_value": ["4.7"], "hotel_price": ["907"]}, "8074206": {"hotel_name": "\u4e09\u4e9a\u7f8e\u4e3d\u6d77\u5cb8\u6d77\u666f\u5ea6\u5047\u516c\u5bd3(\u4e09\u4e9a\u6e7e\u5e97)", "order_time": ["2019-01-23 11:23:10"], "total_order": 1, "hotel_value": ["4.9"], "hotel_price": ["308"]}, "16948036": {"hotel_name": "\u4e09\u4e9a\u6e7e\u7ea2\u6811\u6797\u5ea6\u5047\u4e16\u754c(\u5927\u738b\u68d5\u9152\u5e97)", "order_time": ["2019-01-23 11:23:10"], "total_order": 1, "hotel_value": ["4.7"], "hotel_price": ["656"]}, "470577": {"hotel_name": "\u4e09\u4e9a\u5357\u5c71\u4f11\u95f2\u4f1a\u9986\u7985\u4fee\u4e3b\u9898", "order_time": ["2019-01-23 11:23:11"], "total_order": 1, "hotel_value": ["4.5"], "hotel_price": ["539"]}, "8504245": {"hotel_name": "\u90b8\u8bfa\u5171\u4eab\u522b\u5885\u516c\u5bd3(\u4e09\u4e9a\u4e9a\u9f99\u6e7e\u5e97)", "order_time": ["2019-01-23 11:23:11"], "total_order": 1, "hotel_value": ["4.7"], "hotel_price": ["328"]}, "2032262": {"hotel_name": "\u7ef4\u4e5f\u7eb3\u9152\u5e97(\u4e09\u4e9a\u6e7e\u51e4\u51f0\u5c9b\u5e97)(\u539f\u4e09\u4e9a\u7b2c\u4e00\u5e02\u573a\u5e97)", "order_time": ["2019-01-23 11:23:11"], "total_order": 1, "hotel_value": ["4.7"], "hotel_price": ["240"]}, "431643": {"hotel_name": "\u5168\u5b63\u9152\u5e97(\u4e09\u4e9a\u4e2d\u5fc3\u5e97)", "order_time": ["2019-01-23 11:23:12", "2019-01-23 11:31:28"], "total_order": 2, "hotel_value": ["4.6", "4.6"], "hotel_price": ["341", "341"]}, "15717224": {"hotel_name": "\u5fc6\u8bed\u6d41\u5e74\u7cbe\u54c1\u6c11\u5bbf", "order_time": ["2019-01-23 11:23:15"], "total_order": 1, "hotel_value": ["4.8"], "hotel_price": ["224"]}, "6684663": {"hotel_name": "\u4e09\u4e9a\u6d77\u68e0\u6e7e\u67cf\u4e3d\u5ea6\u5047\u9152\u5e97", "order_time": ["2019-01-23 11:25:10"], "total_order": 1, "hotel_value": ["4.3"], "hotel_price": ["214"]}, "3002283": {"hotel_name": "\u4e09\u4e9a\u60a6\u5ba2\u6808\u4e3b\u9898\u9152\u5e97", "order_time": ["2019-01-23 11:25:10", "2019-01-23 11:37:09", "2019-01-23 11:45:12"], "total_order": 3, "hotel_value": ["4.5", "4.5", "4.5"], "hotel_price": ["119", "119", "119"]}, "1648269": {"hotel_name": "\u4e09\u4e9a\u5fc6\u4e61\u4eba\u5c71\u5885\u5ba2\u6808", "order_time": ["2019-01-23 11:25:11"], "total_order": 1, "hotel_value": ["4.6"], "hotel_price": ["135"]}, "6327433": {"hotel_name": "\u4e09\u4e9a\u9999\u6c34\u6e7e\u8363\u9038\u6e29\u60c5\u9152\u5e97", "order_time": ["2019-01-23 11:51:17", "2019-01-23 11:25:12"], "total_order": 2, "hotel_value": ["4.7", "4.7"], "hotel_price": ["380", "380"]}, "1067285": {"hotel_name": "\u6d77\u5357\u84dd\u6e7e\u7eff\u57ce\u5a01\u65af\u6c40\u5ea6\u5047\u9152\u5e97", "order_time": ["2019-01-23 11:25:12"], "total_order": 1, "hotel_value": ["4.7"], "hotel_price": ["986"]}, "440033": {"hotel_name": "Q\u52a0\u00b7\u4e09\u4e9a\u7f8e\u6021\u6d77\u5cb8\u5ba2\u6808", "order_time": ["2019-01-23 11:25:17"], "total_order": 1, "hotel_value": ["4.7"], "hotel_price": ["123"]}, "986446": {"hotel_name": "\u4e09\u4e9a\u4e9a\u9f99\u6e7e\u5c71\u6e56\u6d77\u522b\u5885\u5ea6\u5047\u9152\u5e97", "order_time": ["2019-01-23 11:29:13", "2019-01-23 11:25:18", "2019-01-23 11:33:22"], "total_order": 3, "hotel_value": ["4.1", "4.1", "4.1"], "hotel_price": ["323", "323", "323"]}, "4374867": {"hotel_name": "\u4e09\u4e9a\u53cc\u5927\u56fd\u9645\u9152\u5e97", "order_time": ["2019-01-23 11:25:18"], "total_order": 1, "hotel_value": ["4.5"], "hotel_price": ["432"]}, "8923788": {"hotel_name": "\u4e09\u4e9a\u6765\u6d77\u65b0\u661f\u6d77\u666f\u5ea6\u5047\u65c5\u9986", "order_time": ["2019-01-23 11:25:25"], "total_order": 1, "hotel_value": ["4.0"], "hotel_price": ["175"]}, "346679": {"hotel_name": "\u4e09\u4e9a\u6e7e\u7687\u51a0\u5047\u65e5\u5ea6\u5047\u9152\u5e97", "order_time": ["2019-01-23 11:27:11", "2019-01-23 11:35:10"], "total_order": 2, "hotel_value": ["4.6", "4.6"], "hotel_price": ["499", "499"]}, "396528": {"hotel_name": "\u4e09\u4e9a\u4e9a\u9f99\u6e7e\u4e94\u53f7\u5ea6\u5047\u522b\u5885\u9152\u5e97", "order_time": ["2019-01-23 11:27:11"], "total_order": 1, "hotel_value": ["4.6"], "hotel_price": ["649"]}, "1303364": {"hotel_name": "\u53cb\u5bb6\u5ea6\u5047\u516c\u5bd3(\u4e09\u4e9a\u4e9a\u9f99\u6e7e\u7533\u4e9a\u7fe1\u7fe0\u8c37\u5e97)", "order_time": ["2019-01-23 11:27:13"], "total_order": 1, "hotel_value": ["4.6"], "hotel_price": ["235"]}, "370834": {"hotel_name": "\u4e09\u4e9a\u7389\u534e\u82d1\u6d77\u666f\u9152\u5e97", "order_time": ["2019-01-23 11:27:13"], "total_order": 1, "hotel_value": ["4.6"], "hotel_price": ["353"]}, "3197195": {"hotel_name": "\u54ea\u91cc\u90a3\u91cc\u6d77\u5cb8\u7cbe\u54c1\u5ba2\u6808(\u4e09\u4e9a\u4e9a\u9f99\u6e7e\u5e97)", "order_time": ["2019-01-23 11:27:17", "2019-01-23 11:31:19"], "total_order": 2, "hotel_value": ["4.8", "4.8"], "hotel_price": ["135", "135"]}, "9152765": {"hotel_name": "\u4e09\u4e9a\u5fc6\u6816\u4e3b\u9898\u5ba2\u6808", "order_time": ["2019-01-23 11:27:19"], "total_order": 1, "hotel_value": ["4.5"], "hotel_price": ["100"]}, "4090817": {"hotel_name": "\u4e09\u4e9a\u9a6c\u5170\u82b1\u5047\u65e5\u9152\u5e97(\u539f\u5b81\u590f\u5927\u53a6)", "order_time": ["2019-01-23 11:27:22"], "total_order": 1, "hotel_value": ["4.5"], "hotel_price": ["368"]}, "1457936": {"hotel_name": "\u4e09\u4e9a\u89c2\u6d77\u5885\u5ba2\u6808", "order_time": ["2019-01-23 11:27:24"], "total_order": 1, "hotel_value": ["4.7"], "hotel_price": ["155"]}, "372133": {"hotel_name": "\u4e09\u4e9a\u73e0\u6c5f\u82b1\u56ed\u9152\u5e97", "order_time": ["2019-01-23 11:29:13"], "total_order": 1, "hotel_value": ["4.4"], "hotel_price": ["393"]}, "6635244": {"hotel_name": "\u4e09\u4e9a\u6893\u8def\u5ba2\u6808", "order_time": ["2019-01-23 11:29:15"], "total_order": 1, "hotel_value": ["4.7"], "hotel_price": ["122"]}, "443561": {"hotel_name": "\u4e09\u4e9a\u94f6\u5929\u5ea6\u5047\u9152\u5e97", "order_time": ["2019-01-23 11:29:16"], "total_order": 1, "hotel_value": ["4.3"], "hotel_price": ["274"]}, "21369544": {"hotel_name": "\u4e09\u4e9a\u51e4\u51f0\u5c9b\u70ed\u5e26\u98ce\u60c5\u5ea6\u5047\u9152\u5e97", "order_time": ["2019-01-23 11:29:18"], "total_order": 1, "hotel_value": ["4.6"], "hotel_price": ["462"]}, "6287098": {"hotel_name": "\u4e09\u4e9a\u6ce5\u5bbf\u827a\u672f\u9152\u5e97", "order_time": ["2019-01-23 11:29:19"], "total_order": 1, "hotel_value": ["4.5"], "hotel_price": ["126"]}, "427279": {"hotel_name": "\u4e09\u4e9a\u5357\u5c71\u8fce\u5bbe\u9986", "order_time": ["2019-01-23 11:29:22"], "total_order": 1, "hotel_value": ["4.6"], "hotel_price": ["683"]}, "1570339": {"hotel_name": "\u4e09\u4e9a\u548c\u6cd3\u517b\u751f\u5ea6\u5047\u9152\u5e97", "order_time": ["2019-01-23 11:37:09", "2019-01-23 11:31:19"], "total_order": 2, "hotel_value": ["4.6", "4.6"], "hotel_price": ["280", "280"]}, "513355": {"hotel_name": "\u4e09\u4e9a\u51ef\u4e30\u5927\u9152\u5e97", "order_time": ["2019-01-23 11:31:24"], "total_order": 1, "hotel_value": ["3.9"], "hotel_price": ["267"]}, "18056566": {"hotel_name": "\u4e09\u4e9a\u84c9\u90fd\u65c5\u79df", "order_time": ["2019-01-23 11:31:29"], "total_order": 1, "hotel_value": [0], "hotel_price": ["140"]}, "2652702": {"hotel_name": "\u4e09\u4e9a\u6e7e\u534a\u590f\u5149\u5e74\u6d77\u666f\u4e3b\u9898\u516c\u5bd3(\u4e09\u4e9a\u7f8e\u4e3d\u65b0\u6d77\u5cb8\u5e97)", "order_time": ["2019-01-23 11:33:12"], "total_order": 1, "hotel_value": ["4.8"], "hotel_price": ["209"]}, "346768": {"hotel_name": "\u4e09\u4e9a\u534a\u5c71\u9526\u6c5f\u6d77\u666f\u5ea6\u5047\u9152\u5e97(\u8d35\u5bbe\u697c)", "order_time": ["2019-01-23 11:33:13"], "total_order": 1, "hotel_value": ["4.5"], "hotel_price": ["422"]}, "13411954": {"hotel_name": "\u4e09\u4e9a\u6816\u6f9c\u6d77\u68e0\u522b\u5885\u6c11\u5bbf", "order_time": ["2019-01-23 11:33:19"], "total_order": 1, "hotel_value": ["5.0"], "hotel_price": ["582"]}, "436673": {"hotel_name": "\u4e09\u4e9a\u9e7f\u5cad\u6d77\u6e7e\u7ef4\u666f\u56fd\u9645\u5927\u9152\u5e97(\u539f\u4e09\u4e9a\u6d77\u6e7e\u7ef4\u666f\u56fd\u9645\u5927\u9152\u5e97)", "order_time": ["2019-01-23 11:45:18", "2019-01-23 11:37:09", "2019-01-23 11:33:20"], "total_order": 3, "hotel_value": ["4.6", "4.6", "4.6"], "hotel_price": ["368", "368", "368"]}, "1212645": {"hotel_name": "\u4e09\u4e9a\u4fe1\u6d77\u5feb\u6377\u9152\u5e97", "order_time": ["2019-01-23 11:33:25"], "total_order": 1, "hotel_value": ["4.3"], "hotel_price": ["126"]}, "28554801": {"hotel_name": "\u4e09\u4e9a\u5728\u4e91\u7aef\u9752\u5e74\u65c5\u820d", "order_time": ["2019-01-23 11:33:31"], "total_order": 1, "hotel_value": [0], "hotel_price": ["25"]}, "879580": {"hotel_name": "\u9526\u6c5f\u4e4b\u661f(\u4e09\u4e9a\u56fd\u9645\u8d2d\u7269\u4e2d\u5fc3\u6d77\u666f\u5e97)", "order_time": ["2019-01-23 11:33:37"], "total_order": 1, "hotel_value": ["4.5"], "hotel_price": ["179"]}, "983678": {"hotel_name": "\u6c49\u5ead\u9152\u5e97(\u4e09\u4e9a\u4e09\u4e9a\u6e7e\u5e97)(\u539f\u5409\u7965\u8857\u5e97)", "order_time": ["2019-01-23 11:47:12", "2019-01-23 11:35:09"], "total_order": 2, "hotel_value": ["4.2", "4.2"], "hotel_price": ["139", "139"]}, "4841962": {"hotel_name": "\u4e09\u4e9a\u7231\u7b51\u6545\u4e8b\u5ba2\u6808", "order_time": ["2019-01-23 11:35:09"], "total_order": 1, "hotel_value": ["4.8"], "hotel_price": ["121"]}, "1580558": {"hotel_name": "\u901f8\u9152\u5e97(\u4e09\u4e9a\u6e7e\u5409\u7965\u8857\u5e97)", "order_time": ["2019-01-23 11:35:10"], "total_order": 1, "hotel_value": ["4.6"], "hotel_price": ["158"]}, "6867681": {"hotel_name": "\u4e09\u4e9a\u590f\u672b\u82b1\u5f00\u5c71\u95f4\u5c0f\u7b51", "order_time": ["2019-01-23 11:35:10"], "total_order": 1, "hotel_value": ["4.8"], "hotel_price": ["158"]}, "5137861": {"hotel_name": "\u6d77\u4e91\u5c45\u6d77\u666f\u5ea6\u5047\u516c\u5bd3(\u4e09\u4e9a\u5927\u4e1c\u6d77\u5e97)", "order_time": ["2019-01-23 11:35:20"], "total_order": 1, "hotel_value": ["4.8"], "hotel_price": ["124"]}, "344912": {"hotel_name": "\u4e09\u4e9a\u6d77\u5929\u5927\u9152\u5e97", "order_time": ["2019-01-23 11:37:09"], "total_order": 1, "hotel_value": ["4.6"], "hotel_price": ["882"]}, "24847433": {"hotel_name": "\u4e09\u4e9a\u745e\u5c14\u66fc\u6d77\u666f\u5ea6\u5047\u516c\u5bd3", "order_time": ["2019-01-23 11:37:10"], "total_order": 1, "hotel_value": ["4.8"], "hotel_price": ["160"]}, "9580477": {"hotel_name": "\u5411\u65e5\u8475\u6d77\u5cb8\u5ba2\u6808(\u4e09\u4e9a\u51e4\u51f0\u673a\u573a\u5e97)", "order_time": ["2019-01-23 11:37:15"], "total_order": 1, "hotel_value": ["4.6"], "hotel_price": ["164"]}, "21765890": {"hotel_name": "\u4e09\u4e9a\u5361\u838e\u4e3b\u9898\u9152\u5e97", "order_time": ["2019-01-23 11:37:17"], "total_order": 1, "hotel_value": ["4.6"], "hotel_price": ["102"]}, "6069072": {"hotel_name": "\u4e09\u4e9a\u83b2\u99a8\u5c0f\u7b51\u6d77\u666f\u5ea6\u5047\u516c\u5bd3", "order_time": ["2019-01-23 11:47:13", "2019-01-23 11:37:30"], "total_order": 2, "hotel_value": ["4.8", "4.8"], "hotel_price": ["232", "232"]}, "854161": {"hotel_name": "\u4e09\u4e9a\u6e7e\u65b0\u7586\u5927\u53a6\u5ea6\u5047\u9152\u5e97", "order_time": ["2019-01-23 11:37:44", "2019-01-23 11:45:42"], "total_order": 2, "hotel_value": ["4.5", "4.5"], "hotel_price": ["306", "306"]}, "1315536": {"hotel_name": "\u4e09\u4e9a\u5e15\u5c14\u7f8e\u7eb3\u56fd\u9645\u5ea6\u5047\u516c\u5bd3", "order_time": ["2019-01-23 11:37:44"], "total_order": 1, "hotel_value": ["4.8"], "hotel_price": ["292"]}, "6388655": {"hotel_name": "\u4e09\u4e9a\u5411\u65e5\u8475\u6d77\u5cb8\u5ba2\u6808\u5e97", "order_time": ["2019-01-23 11:37:44"], "total_order": 1, "hotel_value": ["4.8"], "hotel_price": ["168"]}, "345084": {"hotel_name": "\u4e09\u4e9a\u9526\u6c5f\u5b9d\u5b8f\u5927\u9152\u5e97\u4e3b\u697c", "order_time": ["2019-01-23 11:39:08"], "total_order": 1, "hotel_value": ["4.6"], "hotel_price": ["368"]}, "6457048": {"hotel_name": "\u4f73\u8f69\u5047\u65e5\u9152\u5e97(\u4e09\u4e9a\u51e4\u51f0\u673a\u573a\u5e97)", "order_time": ["2019-01-23 11:39:08"], "total_order": 1, "hotel_value": ["4.5"], "hotel_price": ["226"]}, "346757": {"hotel_name": "\u6d77\u5357\u9999\u6c34\u6e7e\u541b\u6f9c\u5ea6\u5047\u9152\u5e97", "order_time": ["2019-01-23 11:39:08"], "total_order": 1, "hotel_value": ["4.9"], "hotel_price": ["1188"]}, "3385222": {"hotel_name": "\u4e09\u4e9a\u6d77\u60a6\u4e1c\u65b9\u9152\u5e97", "order_time": ["2019-01-23 11:39:10"], "total_order": 1, "hotel_value": ["4.3"], "hotel_price": ["114"]}, "15249093": {"hotel_name": "\u4e09\u4e9a\u5b9d\u5b8f\u5c1a\u6d77\u534e\u5ef7\u7cbe\u54c1\u9152\u5e97(\u539f\u5c1a\u6d77\u534e\u5ef7\u7cbe\u54c1\u5ea6\u5047\u9152\u5e97)", "order_time": ["2019-01-23 11:39:12"], "total_order": 1, "hotel_value": ["4.5"], "hotel_price": ["389"]}, "16028847": {"hotel_name": "\u4e09\u4e9a\u5343\u53e4\u60c5\u5ba2\u6808", "order_time": ["2019-01-23 11:39:12"], "total_order": 1, "hotel_value": ["4.7"], "hotel_price": ["489"]}, "917373": {"hotel_name": "\u4e09\u4e9a\u8273\u9633\u5929\u5ba2\u6808(\u539f\u6f9c\u60a6\u9633\u5149\u6d77\u666f\u5ba2\u6808)", "order_time": ["2019-01-23 11:39:14"], "total_order": 1, "hotel_value": ["4.6"], "hotel_price": ["94"]}, "15847536": {"hotel_name": "\u4e09\u4e9a\u8f69\u4e9a\u65c5\u79df\u4e3b\u9898\u5ba2\u6808", "order_time": ["2019-01-23 11:39:15"], "total_order": 1, "hotel_value": ["4.7"], "hotel_price": ["133"]}, "1964800": {"hotel_name": "\u4e09\u4e9a\u62fe\u5149\u4e3b\u9898\u5bb6\u5ead\u65c5\u9986", "order_time": ["2019-01-23 11:39:16", "2019-01-23 11:55:24"], "total_order": 2, "hotel_value": ["4.8", "4.8"], "hotel_price": ["115", "115"]}, "684215": {"hotel_name": "\u4e09\u4e9a\u6d77\u68e0\u6e7e\u5929\u623f\u6d32\u9645\u5ea6\u5047\u9152\u5e97", "order_time": ["2019-01-23 11:41:14"], "total_order": 1, "hotel_value": ["4.7"], "hotel_price": ["1455"]}, "24051573": {"hotel_name": "\u4e09\u4e9a\u6d77\u7720\u827a\u5bbf\u8bbe\u8ba1\u6c11\u5bbf", "order_time": ["2019-01-23 11:41:16"], "total_order": 1, "hotel_value": ["4.7"], "hotel_price": ["203"]}, "1308520": {"hotel_name": "\u4e09\u4e9a\u5fc3\u9a7f\u5bbe\u9986", "order_time": ["2019-01-23 11:41:38"], "total_order": 1, "hotel_value": [0], "hotel_price": ["93"]}, "1408318": {"hotel_name": "\u4e45\u6816\u00b7\u4e09\u4e9a\u91d1\u51e4\u51f0\u8001\u90ed\u5bb6\u6d77\u666f\u5ea6\u5047\u516c\u5bd3", "order_time": ["2019-01-23 11:43:09"], "total_order": 1, "hotel_value": ["4.9"], "hotel_price": ["789"]}, "426360": {"hotel_name": "\u4e09\u4e9a\u67cf\u745e\u7cbe\u54c1\u6d77\u666f\u9152\u5e97", "order_time": ["2019-01-23 11:43:13"], "total_order": 1, "hotel_value": ["4.6"], "hotel_price": ["280"]}, "5988590": {"hotel_name": "\u4e09\u4e9a\u6e05\u6c34\u6e7e\u6bd4\u5229\u5f17\u6d77\u666f\u516c\u5bd3", "order_time": ["2019-01-23 11:43:38"], "total_order": 1, "hotel_value": ["4.8"], "hotel_price": ["256"]}, "842890": {"hotel_name": "\u4e09\u4e9a\u52c3\u7fd4\u6d77\u666f\u9152\u5e97(\u539f\u4e00\u8def\u5411\u5357\u65c5\u884c\u5ba2\u6808)", "order_time": ["2019-01-23 11:45:14"], "total_order": 1, "hotel_value": ["4.5"], "hotel_price": ["97"]}, "4301411": {"hotel_name": "\u5982\u5bb6\u5feb\u6377\u9152\u5e97(\u4e09\u4e9a\u5546\u54c1\u8857\u5927\u9053\u5e97)", "order_time": ["2019-01-23 11:45:15"], "total_order": 1, "hotel_value": ["4.5"], "hotel_price": ["170"]}, "430994": {"hotel_name": "\u5982\u5bb6\u5feb\u6377\u9152\u5e97(\u4e09\u4e9a\u6e7e\u6625\u56ed\u6d77\u9c9c\u5e7f\u573a\u5e97)", "order_time": ["2019-01-23 11:45:15"], "total_order": 1, "hotel_value": ["4.5"], "hotel_price": ["149"]}, "2574467": {"hotel_name": "\u4e09\u4e9a\u5609\u65fa\u5bb6\u5ead\u65c5\u9986", "order_time": ["2019-01-23 11:45:36"], "total_order": 1, "hotel_value": ["4.4"], "hotel_price": ["102"]}, "11188504": {"hotel_name": "\u4e09\u4e9a\u6d77\u68e0\u6e7e\u7559\u4e0b\u5c0f\u7b51\u4e3b\u9898\u6c11\u5bbf", "order_time": ["2019-01-23 11:47:10"], "total_order": 1, "hotel_value": ["4.8"], "hotel_price": ["164"]}, "3290149": {"hotel_name": "\u4e09\u4e9a\u5b9d\u76db\u7cbe\u54c1\u5927\u9152\u5e97(\u539f\u5b9d\u76db\u6d77\u666f\u5927\u9152\u5e97)", "order_time": ["2019-01-23 11:47:12"], "total_order": 1, "hotel_value": ["4.1"], "hotel_price": ["219"]}, "1701208": {"hotel_name": "\u4e09\u4e9a8\u6beb\u7c73\u6d77\u666f\u5ba2\u6808", "order_time": ["2019-01-23 11:47:12"], "total_order": 1, "hotel_value": ["4.4"], "hotel_price": ["257"]}, "8657412": {"hotel_name": "\u4e09\u4e9a\u5927\u6811\u5ea6\u5047\u9152\u5e97", "order_time": ["2019-01-23 11:47:12"], "total_order": 1, "hotel_value": ["3.9"], "hotel_price": ["186"]}, "25680638": {"hotel_name": "\u4e09\u4e9a\u5e0c\u5c14\u987f\u82b1\u56ed\u9152\u5e97", "order_time": ["2019-01-23 11:47:12"], "total_order": 1, "hotel_value": [0], "hotel_price": ["592"]}, "25644103": {"hotel_name": "\u4e09\u4e9a\u6d77\u68e0\u82b1\u820d\u6d77\u666f\u5ea6\u5047\u9152\u5e97\u5f0f\u516c\u5bd3", "order_time": ["2019-01-23 11:47:12"], "total_order": 1, "hotel_value": ["4.9"], "hotel_price": ["484"]}, "7660007": {"hotel_name": "\u4e09\u4e9a\u767e\u9999\u679c\u7279\u8272\u4e3b\u9898\u5ba2\u6808", "order_time": ["2019-01-23 11:47:12"], "total_order": 1, "hotel_value": ["4.7"], "hotel_price": ["161"]}, "1019767": {"hotel_name": "\u6d77\u820d\u79c1\u4eba\u8ba2\u5236\u9152\u5e97(\u4e09\u4e9a\u8708\u652f\u6d32\u5c9b\u5e97)", "order_time": ["2019-01-23 11:47:12"], "total_order": 1, "hotel_value": ["4.5"], "hotel_price": ["401"]}, "6588982": {"hotel_name": "\u4e09\u4e9a\u5c0a\u5ba2\u5ea6\u5047\u9152\u5e97", "order_time": ["2019-01-23 11:47:12"], "total_order": 1, "hotel_value": ["4.6"], "hotel_price": ["143"]}, "3777325": {"hotel_name": "\u4e09\u4e9a\u90a3\u65f6\u5149\u6000\u65e7\u5ba2\u6808", "order_time": ["2019-01-23 11:47:12"], "total_order": 1, "hotel_value": ["4.8"], "hotel_price": ["118"]}, "21910420": {"hotel_name": "\u4e09\u4e9a\u4f9d\u9716\u7cbe\u54c1\u5ea6\u5047\u516c\u5bd3", "order_time": ["2019-01-23 11:47:12"], "total_order": 1, "hotel_value": ["4.9"], "hotel_price": ["226"]}, "11654974": {"hotel_name": "\u5c0f\u9e7f\u8fb0\u5ba2\u6d77\u666f\u5ea6\u5047\u516c\u5bd3(\u4e09\u4e9a\u5927\u4e1c\u6d77\u5e97)", "order_time": ["2019-01-23 11:47:13"], "total_order": 1, "hotel_value": ["4.9"], "hotel_price": ["153"]}, "14119383": {"hotel_name": "\u4e09\u4e9a\u6734\u5bbf\u8bbe\u8ba1\u6c11\u5bbf", "order_time": ["2019-01-23 11:47:13"], "total_order": 1, "hotel_value": ["4.7"], "hotel_price": ["230"]}, "6781451": {"hotel_name": "\u4e09\u4e9a\u79d1\u5b9d\u5927\u9152\u5e97", "order_time": ["2019-01-23 11:47:13"], "total_order": 1, "hotel_value": ["4.8"], "hotel_price": ["120"]}, "1964967": {"hotel_name": "\u4f73\u6377\u8fde\u9501\u9152\u5e97(\u4e09\u4e9a\u51e4\u51f0\u5c9b\u5e97)", "order_time": ["2019-01-23 11:47:13"], "total_order": 1, "hotel_value": ["4.4"], "hotel_price": ["123"]}, "608364": {"hotel_name": "\u4e09\u4e9a\u65b0\u5174\u6d77\u666f\u5927\u9152\u5e97(\u7b2c\u4e00\u5e02\u573a\u5e97)", "order_time": ["2019-01-23 11:47:13"], "total_order": 1, "hotel_value": ["4.0"], "hotel_price": ["157"]}, "6808599": {"hotel_name": "\u4e09\u4e9a\u5d16\u57ce\u65bd\u987f\u9152\u5e97(\u539f\u65bd\u987f\u8fce\u5bbe\u9986)", "order_time": ["2019-01-23 11:47:13"], "total_order": 1, "hotel_value": ["4.1"], "hotel_price": ["258"]}, "8577314": {"hotel_name": "\u4e09\u4e9a\u7f8e\u4e3d\u4e4b\u51a0\u5e78\u798f\u6811\u5ea6\u5047\u9152\u5e97", "order_time": ["2019-01-23 11:47:13", "2019-01-23 11:49:19"], "total_order": 2, "hotel_value": ["4.0", "4.0"], "hotel_price": ["167", "167"]}, "5247024": {"hotel_name": "\u4e09\u4e9a\u90a3\u4e00\u5e74\u521d\u89c1\u7cbe\u54c1\u5ba2\u6808", "order_time": ["2019-01-23 11:47:19"], "total_order": 1, "hotel_value": ["4.6"], "hotel_price": ["160"]}, "2509293": {"hotel_name": "\u4e09\u4e9a\u6e7e\u9633\u5149\u6d77\u5cb8\u6d77\u666f\u5ea6\u5047\u516c\u5bd3(\u539f\u4e50\u6d9b\u8f69\u6d77\u666f\u5ea6\u5047\u516c\u5bd3)", "order_time": ["2019-01-23 11:47:20"], "total_order": 1, "hotel_value": ["4.8"], "hotel_price": ["281"]}, "764147": {"hotel_name": "\u4e09\u4e9a\u542c\u6d77\u5c45\u516c\u5bd3", "order_time": ["2019-01-23 11:47:30"], "total_order": 1, "hotel_value": ["4.7"], "hotel_price": ["113"]}, "481441": {"hotel_name": "\u4e09\u4e9a\u6e7e\u667a\u9009\u5047\u65e5\u9152\u5e97", "order_time": ["2019-01-23 11:49:11"], "total_order": 1, "hotel_value": ["4.4"], "hotel_price": ["268"]}, "13990082": {"hotel_name": "\u4e09\u4e9a\u6e7e\u5341\u516b\u6e21\u84dd\u5ea6\u5047\u9152\u5e97", "order_time": ["2019-01-23 11:49:12"], "total_order": 1, "hotel_value": ["4.5"], "hotel_price": ["408"]}, "345088": {"hotel_name": "\u4e09\u4e9a\u5929\u6cfd\u6d77\u97f5\u5ea6\u5047\u9152\u5e97", "order_time": ["2019-01-23 11:49:13"], "total_order": 1, "hotel_value": ["4.4"], "hotel_price": ["398"]}, "1561957": {"hotel_name": "\u6d77\u5357\u6e05\u6c34\u6e7e\u963f\u7f57\u54c8\u7231\u7434\u6d77\u666f\u5957\u623f\u5ea6\u5047\u9152\u5e97", "order_time": ["2019-01-23 11:49:14"], "total_order": 1, "hotel_value": ["4.7"], "hotel_price": ["458"]}, "3068224": {"hotel_name": "\u4e09\u4e9a\u5927\u4e1c\u6d77HOME\u5957\u623f\u5ea6\u5047\u6d77\u666f\u5ba2\u6808", "order_time": ["2019-01-23 11:49:14"], "total_order": 1, "hotel_value": ["4.8"], "hotel_price": ["165"]}, "1442622": {"hotel_name": "\u4e09\u4e9a\u4e03\u8272\u6d77\u65c5\u9986(\u5bb6\u5ead\u65c5\u9986)", "order_time": ["2019-01-23 11:49:21"], "total_order": 1, "hotel_value": ["4.6"], "hotel_price": ["105"]}, "473665": {"hotel_name": "\u9526\u6c5f\u4e4b\u661f\u54c1\u5c1a(\u4e09\u4e9a\u6e7e\u91d1\u9e21\u5cad\u5e97)", "order_time": ["2019-01-23 11:51:10"], "total_order": 1, "hotel_value": ["4.5"], "hotel_price": ["199"]}, "1739015": {"hotel_name": "\u4e09\u4e9a\u9f99\u5174\u83b1\u66fc\u6d77\u666f\u5ea6\u5047\u9152\u5e97", "order_time": ["2019-01-23 11:51:17"], "total_order": 1, "hotel_value": ["4.4"], "hotel_price": ["419"]}, "8577342": {"hotel_name": "\u4e09\u4e9a\u6d77\u5706\u68a6\u6d77\u666f\u5ba2\u6808", "order_time": ["2019-01-23 11:51:18"], "total_order": 1, "hotel_value": ["4.8"], "hotel_price": ["101"]}, "854135": {"hotel_name": "\u4e09\u4e9a\u4e50\u5728\u65c5\u9014\u6d77\u666f\u5ea6\u5047\u516c\u5bd3", "order_time": ["2019-01-23 11:51:19"], "total_order": 1, "hotel_value": ["4.8"], "hotel_price": ["236"]}, "1273536": {"hotel_name": "\u4e09\u4e9a\u76db\u5982\u5feb\u6377\u9152\u5e97", "order_time": ["2019-01-23 11:51:33"], "total_order": 1, "hotel_value": ["4.3"], "hotel_price": ["113"]}, "346713": {"hotel_name": "\u4e09\u4e9a\u534e\u5b9d\u77f3\u5927\u9152\u5e97", "order_time": ["2019-01-23 11:53:06"], "total_order": 1, "hotel_value": ["4.4"], "hotel_price": ["218"]}, "5896791": {"hotel_name": "\u4e09\u4e9a\u8d70\u8d70\u505c\u505c\u7cbe\u54c1\u5ba2\u6808\u5927\u4e1c\u6d77\u5e97", "order_time": ["2019-01-23 11:53:06"], "total_order": 1, "hotel_value": ["4.8"], "hotel_price": ["235"]}, "1470056": {"hotel_name": "Q\u52a0\u00b7\u4e09\u4e9a\u8fd9\u7247\u6d77\u5ea6\u5047\u6d77\u666f\u5ba2\u6808", "order_time": ["2019-01-23 11:55:04", "2019-01-23 11:53:08"], "total_order": 2, "hotel_value": ["4.6", "4.6"], "hotel_price": ["177", "177"]}, "6056059": {"hotel_name": "\u6d77\u5357\u6e05\u6c34\u6e7e\u6e29\u5fb7\u59c6\u5ea6\u5047\u9152\u5e97", "order_time": ["2019-01-23 11:53:10"], "total_order": 1, "hotel_value": ["4.6"], "hotel_price": ["516"]}, "1651443": {"hotel_name": "\u5c1a\u5ba2\u4f18\u5feb\u6377\u9152\u5e97(\u4e09\u4e9a\u6e7e\u5e97)", "order_time": ["2019-01-23 11:53:15"], "total_order": 1, "hotel_value": ["3.9"], "hotel_price": ["125"]}, "9121765": {"hotel_name": "\u4e09\u4e9a\u6d77\u9038\u9752\u5e74\u5ba2\u6808", "order_time": ["2019-01-23 11:53:20"], "total_order": 1, "hotel_value": ["4.7"], "hotel_price": ["36"]}, "1444937": {"hotel_name": "\u4e09\u4e9a\u5357\u90fd\u5546\u52a1\u9152\u5e97", "order_time": ["2019-01-23 11:53:25"], "total_order": 1, "hotel_value": ["3.6"], "hotel_price": ["89"]}, "25484761": {"hotel_name": "\u4e09\u4e9a\u4eac\u822b\u6c60\u6c11\u5bbf", "order_time": ["2019-01-23 11:55:06"], "total_order": 1, "hotel_value": ["4.9"], "hotel_price": ["221"]}, "1440676": {"hotel_name": "\u4e09\u4e9a\u6021\u5bb6\u6d77\u666f\u5ea6\u5047\u516c\u5bd3", "order_time": ["2019-01-23 11:55:07"], "total_order": 1, "hotel_value": ["4.9"], "hotel_price": ["183"]}, "8057510": {"hotel_name": "\u4e09\u4e9a\u83b2\u5bbf\u9152\u5e97\uff08\u5927\u4e1c\u6d77\u5e97\uff09", "order_time": ["2019-01-23 11:55:08"], "total_order": 1, "hotel_value": ["4.8"], "hotel_price": ["240"]}, "6063218": {"hotel_name": "\u4e09\u4e9a\u4e91\u6c34\u95f4\u522b\u5885\u4e3b\u9898\u5ba2\u6808", "order_time": ["2019-01-23 11:55:16"], "total_order": 1, "hotel_value": ["4.5"], "hotel_price": ["123"]}}}