{"\u5f00\u59cb\u8bb0\u5f55\u65f6\u95f4": "2019-01-15 19:47:16", "\u7ed3\u675f\u8bb0\u5f55\u65f6\u95f4": "2019-01-15 20:47:16", "\u8ba2\u5355\u603b\u589e\u91cf": 275, "item": {"14249344": {"hotel_name": "\u4e09\u4e9a\u4e9a\u7279\u5170\u8482\u65af\u9152\u5e97", "order_time": ["2019-01-15 19:49:22"], "total_order": 1, "hotel_value": ["4.6"], "hotel_price": ["3088"]}, "345522": {"hotel_name": "\u4e09\u4e9a\u5929\u57df\u5ea6\u5047\u9152\u5e97", "order_time": ["2019-01-15 19:49:22"], "total_order": 1, "hotel_value": ["4.8"], "hotel_price": ["799"]}, "345078": {"hotel_name": "\u4e09\u4e9a\u4e9a\u9f99\u6e7e\u7f8e\u9ad8\u6885\u5ea6\u5047\u9152\u5e97", "order_time": ["2019-01-15 19:49:22"], "total_order": 1, "hotel_value": ["4.7"], "hotel_price": ["1049"]}, "4371952": {"hotel_name": "\u4e09\u4e9a\u534e\u5b87\u4e9a\u9f99\u6e7e\u8fce\u5bbe\u9986", "order_time": ["2019-01-15 19:49:22"], "total_order": 1, "hotel_value": ["4.7"], "hotel_price": ["759"]}, "345080": {"hotel_name": "\u4e09\u4e9a\u4e9a\u9f99\u6e7e\u559c\u6765\u767b\u5ea6\u5047\u9152\u5e97", "order_time": ["2019-01-15 19:49:22"], "total_order": 1, "hotel_value": ["4.6"], "hotel_price": ["1051"]}, "396528": {"hotel_name": "\u4e09\u4e9a\u4e9a\u9f99\u6e7e\u4e94\u53f7\u5ea6\u5047\u522b\u5885\u9152\u5e97", "order_time": ["2019-01-15 19:49:22"], "total_order": 1, "hotel_value": ["4.7"], "hotel_price": ["649"]}, "345082": {"hotel_name": "\u4e09\u4e9a\u6587\u534e\u4e1c\u65b9\u9152\u5e97", "order_time": ["2019-01-15 19:49:22"], "total_order": 1, "hotel_value": ["4.7"], "hotel_price": ["1379"]}, "900548": {"hotel_name": "\u57ce\u5e02\u4fbf\u6377\u9152\u5e97(\u4e09\u4e9a\u6e7e\u6b65\u884c\u8857\u5e97)", "order_time": ["2019-01-15 19:49:22"], "total_order": 1, "hotel_value": ["4.4"], "hotel_price": ["168"]}, "375179": {"hotel_name": "\u4e09\u4e9a\u6e7e\u7ea2\u6811\u6797\u5ea6\u5047\u4e16\u754c(\u6728\u68c9\u9152\u5e97)", "order_time": ["2019-01-15 19:49:22", "2019-01-15 20:41:24", "2019-01-15 20:01:24"], "total_order": 3, "hotel_value": ["4.6", "4.6", "4.6"], "hotel_price": ["536", "536", "536"]}, "447842": {"hotel_name": "\u4e09\u4e9a\u666f\u5229\u83b1\u5ea6\u5047\u9152\u5e97", "order_time": ["2019-01-15 19:49:22"], "total_order": 1, "hotel_value": ["4.4"], "hotel_price": ["233"]}, "4090289": {"hotel_name": "\u4e09\u4e9a\u98ce\u8046\u6d77\u827a\u672f\u5ba2\u6808", "order_time": ["2019-01-15 19:49:23"], "total_order": 1, "hotel_value": ["4.8"], "hotel_price": ["106"]}, "433675": {"hotel_name": "\u4e09\u4e9a\u51e4\u51f0\u6c34\u57ce\u51ef\u83b1\u5ea6\u5047\u9152\u5e97", "order_time": ["2019-01-15 19:49:23"], "total_order": 1, "hotel_value": ["4.5"], "hotel_price": ["400"]}, "6867681": {"hotel_name": "\u4e09\u4e9a\u590f\u672b\u82b1\u5f00\u5c71\u95f4\u5c0f\u7b51", "order_time": ["2019-01-15 19:49:23"], "total_order": 1, "hotel_value": ["4.8"], "hotel_price": ["159"]}, "28531406": {"hotel_name": "\u4e09\u4e9a\u542c\u98ce\u5c0f\u820d\u5ba2\u6808", "order_time": ["2019-01-15 19:59:24", "2019-01-15 19:49:23"], "total_order": 2, "hotel_value": [0, 0], "hotel_price": ["56", "56"]}, "2216767": {"hotel_name": "\u7ef4\u4e5f\u7eb3\u9152\u5e97(\u4e09\u4e9a\u6e7e\u5e97)", "order_time": ["2019-01-15 19:49:24"], "total_order": 1, "hotel_value": ["4.8"], "hotel_price": ["350"]}, "1553194": {"hotel_name": "\u4e09\u4e9a\u4e9a\u9f99\u6e7e\u6c34\u4e91\u6da7\u7cbe\u54c1\u5ba2\u6808", "order_time": ["2019-01-15 19:49:24"], "total_order": 1, "hotel_value": ["4.4"], "hotel_price": ["123"]}, "993927": {"hotel_name": "\u5982\u5bb6\u5feb\u6377\u9152\u5e97(\u4e09\u4e9a\u5409\u9633\u4e9a\u9f99\u6e7e\u5e97)", "order_time": ["2019-01-15 19:51:21"], "total_order": 1, "hotel_value": ["4.6"], "hotel_price": ["175"]}, "17496511": {"hotel_name": "\u4e09\u4e9a\u6e05\u6c34\u6e7e\u749e\u534e\u6d77\u666f\u5ea6\u5047\u516c\u9986", "order_time": ["2019-01-15 19:51:21"], "total_order": 1, "hotel_value": ["4.7"], "hotel_price": ["176"]}, "835120": {"hotel_name": "\u4e09\u4e9a\u4e3d\u90fd\u6d77\u666f\u5546\u52a1\u9152\u5e97", "order_time": ["2019-01-15 19:57:23", "2019-01-15 19:51:21"], "total_order": 2, "hotel_value": ["4.1", "4.1"], "hotel_price": ["154", "154"]}, "370834": {"hotel_name": "\u4e09\u4e9a\u7389\u534e\u82d1\u6d77\u666f\u9152\u5e97", "order_time": ["2019-01-15 19:51:21"], "total_order": 1, "hotel_value": ["4.6"], "hotel_price": ["293"]}, "15330406": {"hotel_name": "7\u5929\u9152\u5e97(\u4e09\u4e9a\u4e9a\u9f99\u6e7e\u666f\u533a\u5e97)", "order_time": ["2019-01-15 20:09:23", "2019-01-15 19:51:21"], "total_order": 2, "hotel_value": ["4.5", "4.5"], "hotel_price": ["144", "144"]}, "14996879": {"hotel_name": "\u4e09\u4e9a\u6d77\u68e0\u6e7e\u4ec1\u6052\u7687\u51a0\u5047\u65e5\u5ea6\u5047\u9152\u5e97", "order_time": ["2019-01-15 19:57:23", "2019-01-15 19:51:21"], "total_order": 2, "hotel_value": ["4.8", "4.8"], "hotel_price": ["3706", "3706"]}, "470083": {"hotel_name": "\u6d77\u5357\u96c5\u5c45\u4e50\u83b1\u4f5b\u58eb\u9152\u5e97", "order_time": ["2019-01-15 19:51:21"], "total_order": 1, "hotel_value": ["4.8"], "hotel_price": ["1358"]}, "346702": {"hotel_name": "\u4e09\u4e9a\u8fb0\u5149\u514b\u62c9\u7801\u5934\u9152\u5e97", "order_time": ["2019-01-15 19:51:22", "2019-01-15 20:05:22", "2019-01-15 20:33:25", "2019-01-15 20:07:21", "2019-01-15 20:19:21"], "total_order": 5, "hotel_value": ["4.6", "4.6", "4.6", "4.6", "4.6"], "hotel_price": ["427", "456", "456", "456", "456"]}, "21765890": {"hotel_name": "\u4e09\u4e9a\u5361\u838e\u4e3b\u9898\u9152\u5e97", "order_time": ["2019-01-15 19:51:22"], "total_order": 1, "hotel_value": ["4.6"], "hotel_price": ["114"]}, "1185042": {"hotel_name": "\u4e09\u4e9a\u6e7e\u7ea2\u6811\u6797\u5ea6\u5047\u4e16\u754c(\u83e9\u63d0\u9152\u5e97)", "order_time": ["2019-01-15 20:21:27", "2019-01-15 19:51:22", "2019-01-15 20:29:21", "2019-01-15 19:59:22", "2019-01-15 20:07:21", "2019-01-15 20:03:21", "2019-01-15 20:23:21", "2019-01-15 20:23:24"], "total_order": 8, "hotel_value": ["4.7", "4.7", "4.7", "4.7", "4.7", "4.7", "4.7", "4.7"], "hotel_price": ["529", "529", "529", "529", "529", "529", "529", "529"]}, "1067226": {"hotel_name": "\u5927\u597d\u6cb3\u5c71\u4e3b\u9898\u9152\u5e97(\u4e09\u4e9a\u5927\u4e1c\u6d77\u5e97)", "order_time": ["2019-01-15 19:51:22", "2019-01-15 20:01:24"], "total_order": 2, "hotel_value": ["4.5", "4.5"], "hotel_price": ["232", "232"]}, "1410901": {"hotel_name": "\u4e09\u4e9a\u5bcc\u4e3d\u666f\u5bbe\u9986", "order_time": ["2019-01-15 19:51:23"], "total_order": 1, "hotel_value": ["4.0"], "hotel_price": ["93"]}, "1601597": {"hotel_name": "\u4e09\u4e9a\u592a\u9633\u6e7e\u67cf\u60a6\u9152\u5e97", "order_time": ["2019-01-15 19:53:21"], "total_order": 1, "hotel_value": ["4.8"], "hotel_price": ["2059"]}, "386917": {"hotel_name": "\u4e09\u4e9a\u6d77\u97f5\u5ea6\u5047\u9152\u5e97", "order_time": ["2019-01-15 20:21:27", "2019-01-15 19:57:23", "2019-01-15 20:31:23", "2019-01-15 20:37:22", "2019-01-15 19:57:26", "2019-01-15 19:53:21"], "total_order": 6, "hotel_value": ["4.7", "4.7", "4.7", "4.7", "4.7", "4.7"], "hotel_price": ["748", "748", "748", "748", "748", "748"]}, "1486685": {"hotel_name": "\u4e09\u4e9a\u51e4\u51f0\u5c9b\u5ea6\u5047\u9152\u5e97", "order_time": ["2019-01-15 19:57:23", "2019-01-15 19:53:21"], "total_order": 2, "hotel_value": ["4.7", "4.7"], "hotel_price": ["1568", "1568"]}, "3732039": {"hotel_name": "\u4e09\u4e9a\u6d77\u68e0\u6e7e\u6bd4\u90bbnear\u6930\u6797\u7f8e\u5bbf(\u539f\u6bd4\u90bb\u6cf3\u6c60\u5ea6\u5047\u7cbe\u54c1\u5ba2\u6808)", "order_time": ["2019-01-15 19:53:22"], "total_order": 1, "hotel_value": ["4.5"], "hotel_price": ["298"]}, "4410283": {"hotel_name": "\u4e09\u4e9a\u5b50\u60a6\u5eb7\u5e74\u9152\u5e97(\u539f\u4e2d\u94c1\u5b50\u60a6\u5eb7\u5e74\u5546\u52a1\u9152\u5e97)", "order_time": ["2019-01-15 20:37:21", "2019-01-15 19:53:22", "2019-01-15 19:57:22"], "total_order": 3, "hotel_value": ["4.6", "4.6", "4.6"], "hotel_price": ["373", "373", "373"]}, "10899615": {"hotel_name": "\u4e09\u4e9a\u6c89\u9999\u7cbe\u54c1\u516c\u5bd3", "order_time": ["2019-01-15 19:53:22"], "total_order": 1, "hotel_value": ["4.7"], "hotel_price": ["406"]}, "428318": {"hotel_name": "\u4e09\u4e9a\u6021\u5ead\u9152\u5e97", "order_time": ["2019-01-15 19:55:21"], "total_order": 1, "hotel_value": ["4.8"], "hotel_price": ["243"]}, "345076": {"hotel_name": "\u4e09\u4e9a\u4e9a\u9f99\u6e7e\u7231\u7434\u6d77\u5168\u5957\u623f\u7cbe\u54c1\u5ea6\u5047\u9152\u5e97", "order_time": ["2019-01-15 19:55:21"], "total_order": 1, "hotel_value": ["4.5"], "hotel_price": ["696"]}, "9789923": {"hotel_name": "\u4e09\u4e9a\u5eb7\u5e74\u9152\u5e97", "order_time": ["2019-01-15 20:21:27", "2019-01-15 19:55:25", "2019-01-15 19:55:21", "2019-01-15 20:45:22"], "total_order": 4, "hotel_value": ["4.7", "4.7", "4.7", "4.7"], "hotel_price": ["1438", "1438", "1438", "1438"]}, "6450523": {"hotel_name": "\u4e09\u4e9a\u5c71\u6d77\u5929\u5927\u9152\u5e97\u00b7\u50b2\u9014\u683c\u7cbe\u9009", "order_time": ["2019-01-15 19:57:23", "2019-01-15 20:37:22", "2019-01-15 20:07:20", "2019-01-15 20:23:21", "2019-01-15 19:55:21"], "total_order": 5, "hotel_value": ["4.8", "4.8", "4.8", "4.8", "4.8"], "hotel_price": ["1190", "1190", "1190", "1190", "1190"]}, "1738425": {"hotel_name": "\u4e09\u4e9a\u4f34\u6d77\u65f6\u5149\u9152\u5e97", "order_time": ["2019-01-15 19:55:22"], "total_order": 1, "hotel_value": ["4.5"], "hotel_price": ["143"]}, "435983": {"hotel_name": "\u4e09\u4e9a\u4e9a\u9f99\u6e7e\u4eba\u95f4\u5929\u5802-\u9e1f\u5de2\u5ea6\u5047\u6751", "order_time": ["2019-01-15 19:55:23", "2019-01-15 20:09:23"], "total_order": 2, "hotel_value": ["4.6", "4.6"], "hotel_price": ["1270", "1270"]}, "1281635": {"hotel_name": "\u4e09\u4e9a\u4e9a\u9f99\u6e7e\u516c\u4e3b\u90e1\u4e09\u671f\u6d0b\u623f", "order_time": ["2019-01-15 19:55:23"], "total_order": 1, "hotel_value": ["4.6"], "hotel_price": ["315"]}, "747674": {"hotel_name": "\u9675\u6c34\u6e05\u6c34\u6e7e\u6d77\u6d0b\u4e4b\u661f\u9152\u5e97", "order_time": ["2019-01-15 19:55:23"], "total_order": 1, "hotel_value": ["4.5"], "hotel_price": ["323"]}, "486003": {"hotel_name": "\u4e09\u4e9a\u8708\u652f\u6d32\u5c9b\u73ca\u745a\u9152\u5e97", "order_time": ["2019-01-15 20:13:26", "2019-01-15 20:01:27", "2019-01-15 20:11:25", "2019-01-15 19:55:25", "2019-01-15 20:07:24"], "total_order": 5, "hotel_value": ["4.8", "4.8", "4.8", "4.8", "4.8"], "hotel_price": ["999", "999", "999", "999", "999"]}, "690765": {"hotel_name": "\u4e09\u4e9a\u6d77\u7acb\u65b9\u5ea6\u5047\u9152\u5e97", "order_time": ["2019-01-15 20:09:22", "2019-01-15 19:57:22"], "total_order": 2, "hotel_value": ["4.6", "4.6"], "hotel_price": ["463", "463"]}, "346775": {"hotel_name": "\u4e09\u4e9a\u4e9a\u9f99\u6e7e\u73af\u7403\u57ce\u5927\u9152\u5e97", "order_time": ["2019-01-15 20:21:24", "2019-01-15 19:57:22"], "total_order": 2, "hotel_value": ["4.2", "4.2"], "hotel_price": ["399", "399"]}, "346760": {"hotel_name": "\u4e09\u4e9a\u4e9a\u9f99\u6e7e\u8f9b\u7279\u62c9\u8d4f\u693f\u5957\u623f\u5ea6\u5047\u9152\u5e97", "order_time": ["2019-01-15 19:57:22"], "total_order": 1, "hotel_value": ["4.3"], "hotel_price": ["387"]}, "468875": {"hotel_name": "\u6674\u5929\u7389\u6ee9\u6d77\u666f\u5ea6\u5047\u516c\u5bd3(\u4e09\u4e9a\u6e7e\u5e97)", "order_time": ["2019-01-15 19:57:22"], "total_order": 1, "hotel_value": ["4.1"], "hotel_price": ["112"]}, "1719765": {"hotel_name": "\u4e09\u4e9a\u9f99\u745e\u7965\u9152\u5e97", "order_time": ["2019-01-15 19:57:22"], "total_order": 1, "hotel_value": ["4.4"], "hotel_price": ["107"]}, "15249049": {"hotel_name": "\u7f8e\u4e3d\u4e4b\u51a0\u5927\u6811\u7687\u51a0\u5047\u65e5\u9152\u5e97", "order_time": ["2019-01-15 20:35:21", "2019-01-15 19:57:22"], "total_order": 2, "hotel_value": ["4.4", "4.4"], "hotel_price": ["182", "182"]}, "20617615": {"hotel_name": "\u5982\u4f73\u5feb\u6377\u5bbe\u9986(\u4e09\u4e9a\u6d77\u68e0\u6e7e\u5e97)", "order_time": ["2019-01-15 20:29:22", "2019-01-15 19:57:22"], "total_order": 2, "hotel_value": ["4.7", "4.7"], "hotel_price": ["143", "143"]}, "371722": {"hotel_name": "\u4e09\u4e9a\u4e9a\u9f99\u6e7e\u91d1\u68d5\u6988\u5ea6\u5047\u9152\u5e97", "order_time": ["2019-01-15 19:57:23"], "total_order": 1, "hotel_value": ["4.6"], "hotel_price": ["456"]}, "473351": {"hotel_name": "\u4e09\u4e9a\u4e9a\u9f99\u6e7e\u827e\u7433\u8fbe\u7cbe\u54c1\u5ea6\u5047\u9152\u5e97", "order_time": ["2019-01-15 19:57:23", "2019-01-15 20:29:22"], "total_order": 2, "hotel_value": ["4.1", "4.1"], "hotel_price": ["249", "249"]}, "24847433": {"hotel_name": "\u4e09\u4e9a\u745e\u5c14\u66fc\u6d77\u666f\u5ea6\u5047\u516c\u5bd3", "order_time": ["2019-01-15 19:57:23", "2019-01-15 20:09:22", "2019-01-15 20:45:22"], "total_order": 3, "hotel_value": ["4.9", "4.9", "4.9"], "hotel_price": ["181", "181", "181"]}, "1410632": {"hotel_name": "\u683c\u6797\u8c6a\u6cf0(\u4e09\u4e9a\u548c\u5e73\u8857\u60c5\u4eba\u6865\u5e97)", "order_time": ["2019-01-15 19:57:23"], "total_order": 1, "hotel_value": ["4.2"], "hotel_price": ["152"]}, "3362163": {"hotel_name": "\u4e09\u4e9a\u54c8\u66fc\u5ea6\u5047\u9152\u5e97", "order_time": ["2019-01-15 20:21:27", "2019-01-15 19:57:23", "2019-01-15 20:31:23", "2019-01-15 20:43:22", "2019-01-15 19:57:26"], "total_order": 5, "hotel_value": ["4.7", "4.7", "4.7", "4.7", "4.7"], "hotel_price": ["658", "658", "658", "658", "658"]}, "5634155": {"hotel_name": "\u4e09\u4e9a\u6e7e\u7ea2\u6811\u6797\u5ea6\u5047\u4e16\u754c(\u68d5\u6988\u738b\u56fd\u4eb2\u5b50\u4e3b\u9898\u5e97)", "order_time": ["2019-01-15 19:59:21"], "total_order": 1, "hotel_value": ["4.7"], "hotel_price": ["1100"]}, "854467": {"hotel_name": "\u4e09\u4e9a\u67d2\u73a5\u6d77\u8bed\u6d77\u666f\u4e3b\u9898\u9152\u5e97", "order_time": ["2019-01-15 19:59:22"], "total_order": 1, "hotel_value": ["4.6"], "hotel_price": ["98"]}, "372203": {"hotel_name": "\u4e09\u4e9a\u6d77\u68e0\u6e7e\u5eb7\u83b1\u5fb7\u9152\u5e97", "order_time": ["2019-01-15 19:59:22"], "total_order": 1, "hotel_value": ["4.6"], "hotel_price": ["1330"]}, "1642576": {"hotel_name": "\u4e09\u4e9a\u5b50\u60a6\u5eb7\u5e74\u4e3b\u9898\u5957\u623f\u5ea6\u5047\u9152\u5e97", "order_time": ["2019-01-15 19:59:22"], "total_order": 1, "hotel_value": ["4.7"], "hotel_price": ["422"]}, "879580": {"hotel_name": "\u9526\u6c5f\u4e4b\u661f(\u4e09\u4e9a\u56fd\u9645\u8d2d\u7269\u4e2d\u5fc3\u6d77\u666f\u5e97)", "order_time": ["2019-01-15 19:59:22"], "total_order": 1, "hotel_value": ["4.5"], "hotel_price": ["179"]}, "4909173": {"hotel_name": "\u4e09\u4e9a\u9999\u6c34\u6e7e\u541b\u6f9c\u5206\u65f6\u5ea6\u5047\u522b\u5885", "order_time": ["2019-01-15 19:59:24"], "total_order": 1, "hotel_value": ["4.7"], "hotel_price": ["1688"]}, "1497919": {"hotel_name": "\u4e09\u4e9a\u84dd\u8272\u7406\u60f3\u6d77\u666f\u5ba2\u6808", "order_time": ["2019-01-15 19:59:24"], "total_order": 1, "hotel_value": ["4.4"], "hotel_price": ["113"]}, "25665237": {"hotel_name": "\u4e09\u4e9a\u6c90\u5fc3\u5c0f\u7b51\u7cbe\u54c1\u6c11\u5bbf", "order_time": ["2019-01-15 19:59:25", "2019-01-15 20:25:25"], "total_order": 2, "hotel_value": ["4.9", "4.9"], "hotel_price": ["148", "148"]}, "6298012": {"hotel_name": "\u683c\u6797\u8054\u76df\u9152\u5e97(\u4e09\u4e9a\u4e00\u5e02\u573a\u5e97)", "order_time": ["2019-01-15 20:01:22", "2019-01-15 20:37:22"], "total_order": 2, "hotel_value": ["4.8", "4.8"], "hotel_price": ["129", "129"]}, "6541448": {"hotel_name": "\u4e09\u4e9a\u745e\u6cf0\u660e\u73e0\u9152\u5e97(\u51e4\u51f0\u673a\u573a\u5e97)", "order_time": ["2019-01-15 20:01:23"], "total_order": 1, "hotel_value": ["4.6"], "hotel_price": ["147"]}, "8616662": {"hotel_name": "\u4e09\u4e9a\u62fe\u5149\u96c6\u827a\u672f\u4e3b\u9898\u9152\u5e97(\u539f\u4e09\u4e9a\u62fe\u5149\u96c6\u7cbe\u54c1\u6c11\u5bbf)", "order_time": ["2019-01-15 20:11:21", "2019-01-15 20:01:23"], "total_order": 2, "hotel_value": ["4.8", "4.8"], "hotel_price": ["238", "174"]}, "6275536": {"hotel_name": "\u4e09\u4e9a\u4e9a\u9f99\u6e7e\u4e50\u5c45\u8c6a\u5b85\u5ea6\u5047\u516c\u5bd3", "order_time": ["2019-01-15 20:01:23"], "total_order": 1, "hotel_value": ["4.8"], "hotel_price": ["250"]}, "345095": {"hotel_name": "\u4e09\u4e9a\u9ece\u5ba2\u56fd\u9645\u9152\u5e97", "order_time": ["2019-01-15 20:15:23", "2019-01-15 20:01:23"], "total_order": 2, "hotel_value": ["4.4", "4.4"], "hotel_price": ["356", "356"]}, "20617225": {"hotel_name": "\u7ea6\u00b7\u8bbe\u8ba1\u4e3b\u9898\u9152\u5e97(\u4e09\u4e9a\u5343\u53e4\u60c5\u5e97)", "order_time": ["2019-01-15 20:01:23"], "total_order": 1, "hotel_value": ["4.7"], "hotel_price": ["192"]}, "1602239": {"hotel_name": "\u4e09\u4e9a\u4e09\u6b65\u6d77\u5ba2\u6808", "order_time": ["2019-01-15 20:21:24", "2019-01-15 20:01:23"], "total_order": 2, "hotel_value": ["4.8", "4.8"], "hotel_price": ["166", "151"]}, "25768287": {"hotel_name": "\u4e09\u4e9a\u5357\u590f\u51ef\u83b1\u60a6\u4eab\u9152\u5e97", "order_time": ["2019-01-15 20:37:22", "2019-01-15 20:01:24"], "total_order": 2, "hotel_value": ["4.8", "4.8"], "hotel_price": ["532", "532"]}, "3197195": {"hotel_name": "\u54ea\u91cc\u90a3\u91cc\u6d77\u5cb8\u7cbe\u54c1\u5ba2\u6808(\u4e09\u4e9a\u4e9a\u9f99\u6e7e\u5e97)", "order_time": ["2019-01-15 20:01:24"], "total_order": 1, "hotel_value": ["4.8"], "hotel_price": ["167"]}, "5647540": {"hotel_name": "\u4e03\u68f5\u6811\u5927\u6811\u9152\u5e97(\u4e09\u4e9a\u7f8e\u4e3d\u4e4b\u51a0\u5e97)(\u539f\u7f8e\u4e3d\u4e4b\u51a0\u4e5d\u68f5\u5927\u6811\u9152\u5e97)", "order_time": ["2019-01-15 20:01:25"], "total_order": 1, "hotel_value": ["4.2"], "hotel_price": ["183"]}, "6388655": {"hotel_name": "\u4e09\u4e9a\u5411\u65e5\u8475\u6d77\u5cb8\u5ba2\u6808\u5e97", "order_time": ["2019-01-15 20:03:20"], "total_order": 1, "hotel_value": ["4.8"], "hotel_price": ["110"]}, "1573160": {"hotel_name": "\u683c\u6797\u8c6a\u6cf0(\u4e09\u4e9a\u4e9a\u9f99\u6e7e\u5e97)", "order_time": ["2019-01-15 20:03:21"], "total_order": 1, "hotel_value": ["4.5"], "hotel_price": ["213"]}, "986446": {"hotel_name": "\u4e09\u4e9a\u4e9a\u9f99\u6e7e\u5c71\u6e56\u6d77\u522b\u5885\u5ea6\u5047\u9152\u5e97", "order_time": ["2019-01-15 20:03:21"], "total_order": 1, "hotel_value": ["4.2"], "hotel_price": ["293"]}, "6261136": {"hotel_name": "\u7ef4\u4e5f\u7eb3\u9152\u5e97(\u4e09\u4e9a\u4e9a\u9f99\u6e7e\u5343\u53e4\u60c5\u5e97)", "order_time": ["2019-01-15 20:03:21"], "total_order": 1, "hotel_value": ["4.8"], "hotel_price": ["268"]}, "437377": {"hotel_name": "\u4e09\u4e9a\u6d77\u68e0\u6e7e\u5fa1\u6d77\u68e0\u8c6a\u534e\u7cbe\u9009\u5ea6\u5047\u9152\u5e97", "order_time": ["2019-01-15 20:03:21"], "total_order": 1, "hotel_value": ["4.7"], "hotel_price": ["1260"]}, "2013175": {"hotel_name": "\u4e09\u4e9a\u5bcc\u65af\u9152\u5e97", "order_time": ["2019-01-15 20:03:21"], "total_order": 1, "hotel_value": ["4.8"], "hotel_price": ["192"]}, "15280412": {"hotel_name": "\u4e09\u4e9a\u54c1\u5c1a\u827a\u672f\u4e3b\u9898\u5ba2\u6808", "order_time": ["2019-01-15 20:25:21", "2019-01-15 20:03:22"], "total_order": 2, "hotel_value": ["4.8", "4.8"], "hotel_price": ["228", "228"]}, "1347716": {"hotel_name": "\u4e09\u4e9a519\u5047\u65e5\u5bbe\u9986", "order_time": ["2019-01-15 20:03:22"], "total_order": 1, "hotel_value": ["3.4"], "hotel_price": ["67"]}, "976249": {"hotel_name": "\u54ea\u91cc\u90a3\u91cc\u6d77\u5cb8\u7cbe\u54c1\u5ba2\u6808(\u4e09\u4e9a\u5927\u4e1c\u6d77\u5e97)", "order_time": ["2019-01-15 20:03:23"], "total_order": 1, "hotel_value": ["4.8"], "hotel_price": ["150"]}, "1682691": {"hotel_name": "\u4e09\u4e9a\u4eac\u6d77\u56fd\u9645\u5047\u65e5\u9152\u5e97", "order_time": ["2019-01-15 20:21:27", "2019-01-15 20:05:21"], "total_order": 2, "hotel_value": ["4.6", "4.6"], "hotel_price": ["572", "673"]}, "436674": {"hotel_name": "\u4e09\u4e9a\u534e\u9e3f\u5927\u9152\u5e97", "order_time": ["2019-01-15 20:05:21"], "total_order": 1, "hotel_value": ["3.9"], "hotel_price": ["168"]}, "371696": {"hotel_name": "\u4e09\u4e9a\u590f\u5a01\u5937\u5927\u9152\u5e97", "order_time": ["2019-01-15 20:19:22", "2019-01-15 20:05:21"], "total_order": 2, "hotel_value": ["4.4", "4.4"], "hotel_price": ["280", "280"]}, "420069": {"hotel_name": "\u4e09\u4e9a\u4e2d\u4e9a\u56fd\u9645\u5927\u9152\u5e97", "order_time": ["2019-01-15 20:05:21"], "total_order": 1, "hotel_value": ["4.5"], "hotel_price": ["390"]}, "7687149": {"hotel_name": "\u4e09\u4e9a\u5d16\u5dde\u6e7e\u5ea6\u5047\u6751\u5e0c\u5c14\u987f\u683c\u82ae\u7cbe\u9009\u9152\u5e97", "order_time": ["2019-01-15 20:05:21"], "total_order": 1, "hotel_value": ["4.5"], "hotel_price": ["605"]}, "4652436": {"hotel_name": "IU\u9152\u5e97(\u4e09\u4e9a\u4e9a\u9f99\u6e7e\u5e97)", "order_time": ["2019-01-15 20:05:23"], "total_order": 1, "hotel_value": ["4.5"], "hotel_price": ["198"]}, "14999032": {"hotel_name": "\u4e09\u4e9a\u4e9a\u9f99\u6e7e\u6d6e\u751f\u82e5\u5bbf\u8bbe\u8ba1\u6c11\u5bbf", "order_time": ["2019-01-15 20:05:25"], "total_order": 1, "hotel_value": ["4.9"], "hotel_price": ["478"]}, "347462": {"hotel_name": "\u4e09\u4e9a\u6d77\u68e0\u6e7e9\u53f7\u5ea6\u5047\u9152\u5e97", "order_time": ["2019-01-15 20:19:22", "2019-01-15 20:25:22", "2019-01-15 20:07:20", "2019-01-15 20:45:23"], "total_order": 4, "hotel_value": ["4.7", "4.7", "4.7", "4.7"], "hotel_price": ["700", "700", "700", "700"]}, "6056059": {"hotel_name": "\u6d77\u5357\u6e05\u6c34\u6e7e\u6e29\u5fb7\u59c6\u5ea6\u5047\u9152\u5e97", "order_time": ["2019-01-15 20:07:21"], "total_order": 1, "hotel_value": ["4.6"], "hotel_price": ["516"]}, "17280619": {"hotel_name": "\u4e09\u4e9a\u6e7e\u7f8e\u4e3d\u65b0\u6d77\u5cb8\u6d77\u666f\u516c\u5bd3", "order_time": ["2019-01-15 20:07:22"], "total_order": 1, "hotel_value": [0], "hotel_price": ["298"]}, "3292125": {"hotel_name": "\u4e09\u4e9a\u5927\u4e1c\u6d77\u4e50\u5de2\u6d77\u666f\u5ba2\u6808", "order_time": ["2019-01-15 20:09:22"], "total_order": 1, "hotel_value": ["4.6"], "hotel_price": ["191"]}, "2883738": {"hotel_name": "\u4e09\u4e9a\u9082\u9005\u65f6\u5149\u827a\u672f\u5ba2\u6808", "order_time": ["2019-01-15 20:09:22"], "total_order": 1, "hotel_value": ["4.6"], "hotel_price": ["168"]}, "1323512": {"hotel_name": "\u4e09\u4e9a\u6e58\u695a\u9152\u5e97", "order_time": ["2019-01-15 20:09:23"], "total_order": 1, "hotel_value": ["4.1"], "hotel_price": ["93"]}, "1115860": {"hotel_name": "\u4e09\u4e9a\u5fae\u84dd\u827a\u672f\u65c5\u5c45", "order_time": ["2019-01-15 20:09:23"], "total_order": 1, "hotel_value": ["4.6"], "hotel_price": ["198"]}, "4033951": {"hotel_name": "\u4e09\u4e9a\u51e4\u51f0\u5c9b\u6d77\u6d0b\u4e4b\u68a6\u5ea6\u5047\u9152\u5e97", "order_time": ["2019-01-15 20:09:23", "2019-01-15 20:23:22"], "total_order": 2, "hotel_value": ["4.7", "4.7"], "hotel_price": ["1259", "1259"]}, "8577331": {"hotel_name": "\u7f8e\u51a0\u5047\u65e5\u9152\u5e97(\u4e09\u4e9a\u5927\u6811\u516c\u9986\u5e97)", "order_time": ["2019-01-15 20:09:23"], "total_order": 1, "hotel_value": ["4.5"], "hotel_price": ["282"]}, "28710421": {"hotel_name": "\u4e09\u4e9a\u8fce\u5bbf\u4e3b\u9898\u9152\u5e97", "order_time": ["2019-01-15 20:09:23"], "total_order": 1, "hotel_value": ["5.0"], "hotel_price": ["93"]}, "5812543": {"hotel_name": "\u843d\u5b89\u6d77\u666f\u5ba2\u6808(\u4e09\u4e9a\u6d77\u68e0\u6e7e\u8708\u652f\u6d32\u5c9b\u5e97)", "order_time": ["2019-01-15 20:09:24", "2019-01-15 20:11:22", "2019-01-15 20:45:22"], "total_order": 3, "hotel_value": ["4.5", "4.5", "4.5"], "hotel_price": ["103", "103", "103"]}, "17325404": {"hotel_name": "\u4e09\u4e9a\u6d1b\u514b\u94c2\u91d1\u6d77\u666f\u9152\u5e97", "order_time": ["2019-01-15 20:09:24"], "total_order": 1, "hotel_value": ["4.4"], "hotel_price": ["579"]}, "643764": {"hotel_name": "\u6d77\u5357\u96c5\u5c45\u4e50\u65c5\u5bb6\u5ea6\u5047\u9152\u5e97", "order_time": ["2019-01-15 20:11:21"], "total_order": 1, "hotel_value": ["4.3"], "hotel_price": ["262"]}, "346754": {"hotel_name": "\u4e09\u4e9a\u534a\u5c71\u534a\u5c9b\u6d32\u9645\u5ea6\u5047\u9152\u5e97", "order_time": ["2019-01-15 20:11:21"], "total_order": 1, "hotel_value": ["4.6"], "hotel_price": ["799"]}, "1361281": {"hotel_name": "\u4e09\u4e9a\u6e7e\u7ea2\u6811\u6797\u5ea6\u5047\u4e16\u754c(\u6930\u6797\u9152\u5e97)", "order_time": ["2019-01-15 20:11:21"], "total_order": 1, "hotel_value": ["4.7"], "hotel_price": ["546"]}, "1409912": {"hotel_name": "\u4e09\u4e9a3W\u6d77\u666f\u9152\u5e97", "order_time": ["2019-01-15 20:11:22"], "total_order": 1, "hotel_value": ["4.8"], "hotel_price": ["104"]}, "5398745": {"hotel_name": "\u4e09\u4e9a\u897f\u85cf\u5927\u53a6\u5f00\u5143\u540d\u90fd\u9152\u5e97", "order_time": ["2019-01-15 20:11:22"], "total_order": 1, "hotel_value": ["4.7"], "hotel_price": ["408"]}, "2705938": {"hotel_name": "\u4e09\u4e9a\u514b\u62c9\u5c14\u9152\u5e97\u00b7\u6d77\u5cb8\u7cbe\u9009", "order_time": ["2019-01-15 20:11:22"], "total_order": 1, "hotel_value": ["4.7"], "hotel_price": ["148"]}, "345093": {"hotel_name": "\u4e09\u4e9a\u9633\u5149\u5927\u9152\u5e97", "order_time": ["2019-01-15 20:13:22"], "total_order": 1, "hotel_value": ["4.6"], "hotel_price": ["406"]}, "3290149": {"hotel_name": "\u4e09\u4e9a\u5b9d\u76db\u7cbe\u54c1\u5927\u9152\u5e97(\u539f\u5b9d\u76db\u6d77\u666f\u5927\u9152\u5e97)", "order_time": ["2019-01-15 20:13:22"], "total_order": 1, "hotel_value": ["4.1"], "hotel_price": ["189"]}, "6331979": {"hotel_name": "\u4e09\u4e9a\u6d77\u68e0\u6e7e\u7ea2\u6811\u6797\u5ea6\u5047\u9152\u5e97", "order_time": ["2019-01-15 20:13:22"], "total_order": 1, "hotel_value": ["4.6"], "hotel_price": ["1899"]}, "16028847": {"hotel_name": "\u4e09\u4e9a\u5343\u53e4\u60c5\u5ba2\u6808", "order_time": ["2019-01-15 20:33:25", "2019-01-15 20:13:23"], "total_order": 2, "hotel_value": ["4.7", "4.7"], "hotel_price": ["469", "469"]}, "1019767": {"hotel_name": "\u6d77\u820d\u79c1\u4eba\u8ba2\u5236\u9152\u5e97(\u4e09\u4e9a\u8708\u652f\u6d32\u5c9b\u5e97)", "order_time": ["2019-01-15 20:15:22"], "total_order": 1, "hotel_value": ["4.4"], "hotel_price": ["221"]}, "431643": {"hotel_name": "\u5168\u5b63\u9152\u5e97(\u4e09\u4e9a\u4e2d\u5fc3\u5e97)", "order_time": ["2019-01-15 20:15:22"], "total_order": 1, "hotel_value": ["4.6"], "hotel_price": ["322"]}, "3041884": {"hotel_name": "\u4e09\u4e9a\u4e3d\u79be\u6e29\u5fb7\u59c6\u9152\u5e97", "order_time": ["2019-01-15 20:15:22", "2019-01-15 20:29:21"], "total_order": 2, "hotel_value": ["4.8", "4.8"], "hotel_price": ["730", "730"]}, "10901446": {"hotel_name": "\u4e09\u4e9a\u4ee5\u6cab\u6d77\u666f\u5ba2\u6808", "order_time": ["2019-01-15 20:17:21", "2019-01-15 20:15:22"], "total_order": 2, "hotel_value": ["4.8", "4.8"], "hotel_price": ["128", "128"]}, "436688": {"hotel_name": "\u4e09\u4e9a\u65af\u7ef4\u767b\u5ea6\u5047\u516c\u5bd3(\u4e9a\u9f99\u6e7e)", "order_time": ["2019-01-15 20:15:23"], "total_order": 1, "hotel_value": ["4.5"], "hotel_price": ["280"]}, "6485827": {"hotel_name": "\u4e09\u4e9a\u6d77\u5e95\u4e16\u754c\u6d77\u666f\u5ba2\u6808\u5929\u6daf\u6d77\u89d2\u5e97", "order_time": ["2019-01-15 20:15:23"], "total_order": 1, "hotel_value": ["4.4"], "hotel_price": ["110"]}, "26483436": {"hotel_name": "\u4e09\u4e9a\u4e0e\u9e7f\u9752\u5e74\u65c5\u820d", "order_time": ["2019-01-15 20:15:23", "2019-01-15 20:23:22"], "total_order": 2, "hotel_value": ["4.9", "4.9"], "hotel_price": ["9", "40"]}, "6007595": {"hotel_name": "\u4e09\u4e9a\u8ffd\u68a6\u6d77\u4e0a\u5ea6\u5047\u9152\u5e97", "order_time": ["2019-01-15 20:15:23"], "total_order": 1, "hotel_value": ["4.7"], "hotel_price": ["519"]}, "7492940": {"hotel_name": "\u4e09\u4e9a\u6d77\u4e4b\u84dd\u6d77\u666f\u5ea6\u5047\u516c\u5bd3", "order_time": ["2019-01-15 20:15:23"], "total_order": 1, "hotel_value": ["4.9"], "hotel_price": ["208"]}, "11388764": {"hotel_name": "\u5723\u4e91\u4e3b\u9898\u7cbe\u54c1\u5ba2\u6808(\u4e9a\u9f99\u6e7e\u5e97)", "order_time": ["2019-01-15 20:15:23"], "total_order": 1, "hotel_value": ["4.6"], "hotel_price": ["93"]}, "3054391": {"hotel_name": "\u4e09\u4e9a\u7433\u73d1\u747e\u631a\u6d77\u666f\u5ea6\u5047\u9152\u5e97", "order_time": ["2019-01-15 20:15:23"], "total_order": 1, "hotel_value": ["4.2"], "hotel_price": ["203"]}, "1253111": {"hotel_name": "\u6d77\u8fb9\u5ea6\u5047\u5c4b(\u4e09\u4e9a\u5927\u4e1c\u6d77\u5e97)", "order_time": ["2019-01-15 20:15:23"], "total_order": 1, "hotel_value": ["4.7"], "hotel_price": ["133"]}, "2652378": {"hotel_name": "\u6d77\u5c9b\u68a6\u6d77\u666f\u516c\u5bd3(\u4e09\u4e9a\u5927\u4e1c\u6d77\u5e97)", "order_time": ["2019-01-15 20:15:23"], "total_order": 1, "hotel_value": ["4.5"], "hotel_price": ["112"]}, "6865019": {"hotel_name": "\u4e09\u4e9a\u57ce\u5e02\u4e03\u661f\u65c5\u79df", "order_time": ["2019-01-15 20:15:24"], "total_order": 1, "hotel_value": ["4.8"], "hotel_price": ["70"]}, "4656822": {"hotel_name": "\u4e45\u6816\u00b7\u4e09\u4e9a\u6d77\u84dd\u84dd\u6d77\u666f\u6c11\u5bbf", "order_time": ["2019-01-15 20:29:21", "2019-01-15 20:17:22"], "total_order": 2, "hotel_value": ["4.6", "4.6"], "hotel_price": ["143", "143"]}, "1980387": {"hotel_name": "\u9e97\u67ab\u9152\u5e97(\u4e09\u4e9a\u6b65\u884c\u8857\u5e97)", "order_time": ["2019-01-15 20:41:24", "2019-01-15 20:17:22", "2019-01-15 20:33:26"], "total_order": 3, "hotel_value": ["4.8", "4.8", "4.8"], "hotel_price": ["352", "352", "352"]}, "6396157": {"hotel_name": "\u4e09\u4e9a\u6668\u5915\u5c0f\u820d\u7cbe\u54c1\u5ba2\u6808\u673a\u573a\u522b\u5885\u5e97", "order_time": ["2019-01-15 20:17:22"], "total_order": 1, "hotel_value": ["4.7"], "hotel_price": ["131"]}, "428333": {"hotel_name": "\u5982\u5bb6\u5feb\u6377\u9152\u5e97(\u4e09\u4e9a\u6b65\u884c\u8857\u7f8e\u98df\u5e7f\u573a\u5e97)\u539f(\u4e09\u4e9a\u6587\u660e\u8def\u653f\u5e9c\u4e8c\u529e\u5e97)", "order_time": ["2019-01-15 20:19:22"], "total_order": 1, "hotel_value": ["4.3"], "hotel_price": ["151"]}, "346686": {"hotel_name": "\u4e09\u4e9a\u739b\u745e\u7eb3\u9152\u5e97", "order_time": ["2019-01-15 20:21:24"], "total_order": 1, "hotel_value": ["4.6"], "hotel_price": ["1455"]}, "428327": {"hotel_name": "\u5982\u5bb6\u5feb\u6377\u9152\u5e97(\u4e09\u4e9a\u4e09\u4e9a\u6e7e\u5409\u7965\u8857\u6d77\u666f\u5e97)", "order_time": ["2019-01-15 20:21:25"], "total_order": 1, "hotel_value": ["4.2"], "hotel_price": ["152"]}, "3631084": {"hotel_name": "\u4e09\u4e9a\u6e7e\u5e0c\u5c14\u987f\u6b22\u670b\u9152\u5e97", "order_time": ["2019-01-15 20:21:25"], "total_order": 1, "hotel_value": ["4.8"], "hotel_price": ["517"]}, "1701009": {"hotel_name": "\u4e09\u4e9a\u946b\u6d77\u6e7e\u5546\u52a1\u9152\u5e97", "order_time": ["2019-01-15 20:21:26"], "total_order": 1, "hotel_value": ["3.8"], "hotel_price": ["131"]}, "346724": {"hotel_name": "\u4e09\u4e9a\u56fd\u9645\u996d\u5e97", "order_time": ["2019-01-15 20:23:21"], "total_order": 1, "hotel_value": ["3.9"], "hotel_price": ["302"]}, "6402325": {"hotel_name": "\u4e09\u4e9a\u7b49\u82b1\u513f\u5f00\u827a\u672f\u6c11\u5bbf", "order_time": ["2019-01-15 20:23:21", "2019-01-15 20:27:22"], "total_order": 2, "hotel_value": ["4.7", "4.7"], "hotel_price": ["107", "107"]}, "6280766": {"hotel_name": "\u4e09\u4e9a\u5927\u4e1c\u6d77\u82b1\u8bed\u6d77\u666f\u5ea6\u5047\u516c\u5bd3", "order_time": ["2019-01-15 20:23:22"], "total_order": 1, "hotel_value": ["4.4"], "hotel_price": ["141"]}, "4374867": {"hotel_name": "\u4e09\u4e9a\u53cc\u5927\u56fd\u9645\u9152\u5e97", "order_time": ["2019-01-15 20:25:21"], "total_order": 1, "hotel_value": ["4.5"], "hotel_price": ["432"]}, "993049": {"hotel_name": "\u4e09\u4e9a\u4e07\u610f\u82b1\u56ed\u6d0b\u623f\u5ea6\u5047\u516c\u5bd3", "order_time": ["2019-01-15 20:25:21"], "total_order": 1, "hotel_value": ["4.5"], "hotel_price": ["304"]}, "894403": {"hotel_name": "\u4e09\u4e9a\u96cd\u548c\u56fd\u9645\u9752\u5e74\u65c5\u820d", "order_time": ["2019-01-15 20:25:22"], "total_order": 1, "hotel_value": ["4.6"], "hotel_price": ["50"]}, "346664": {"hotel_name": "\u4e09\u4e9a\u541b\u7136\u6e29\u6cc9\u5ea6\u5047\u9152\u5e97", "order_time": ["2019-01-15 20:25:22"], "total_order": 1, "hotel_value": ["4.5"], "hotel_price": ["259"]}, "436673": {"hotel_name": "\u4e09\u4e9a\u9e7f\u5cad\u6d77\u6e7e\u7ef4\u666f\u56fd\u9645\u5927\u9152\u5e97(\u539f\u4e09\u4e9a\u6d77\u6e7e\u7ef4\u666f\u56fd\u9645\u5927\u9152\u5e97)", "order_time": ["2019-01-15 20:27:22"], "total_order": 1, "hotel_value": ["4.6"], "hotel_price": ["321"]}, "5896791": {"hotel_name": "\u4e09\u4e9a\u8d70\u8d70\u505c\u505c\u7cbe\u54c1\u5ba2\u6808\u5927\u4e1c\u6d77\u5e97", "order_time": ["2019-01-15 20:39:22", "2019-01-15 20:27:22"], "total_order": 2, "hotel_value": ["4.8", "4.8"], "hotel_price": ["143", "143"]}, "370837": {"hotel_name": "\u4e09\u4e9a\u78a7\u6d77\u91d1\u6c99\u9152\u5e97", "order_time": ["2019-01-15 20:27:22"], "total_order": 1, "hotel_value": ["4.6"], "hotel_price": ["280"]}, "15717224": {"hotel_name": "\u5fc6\u8bed\u6d41\u5e74\u7cbe\u54c1\u6c11\u5bbf", "order_time": ["2019-01-15 20:27:22"], "total_order": 1, "hotel_value": ["4.8"], "hotel_price": ["167"]}, "1964967": {"hotel_name": "\u4f73\u6377\u8fde\u9501\u9152\u5e97(\u4e09\u4e9a\u51e4\u51f0\u5c9b\u5e97)", "order_time": ["2019-01-15 20:29:21"], "total_order": 1, "hotel_value": ["4.3"], "hotel_price": ["123"]}, "25799488": {"hotel_name": "\u4e09\u4e9a\u6dc7\u745e\u670d\u52a1\u5f0f\u6d77\u666f\u516c\u5bd3", "order_time": ["2019-01-15 20:29:21"], "total_order": 1, "hotel_value": ["5.0"], "hotel_price": ["703"]}, "6405320": {"hotel_name": "\u4e09\u4e9a\u4e9a\u9f99\u6e7e\u6728\u843d\u5ba2\u6808", "order_time": ["2019-01-15 20:29:21"], "total_order": 1, "hotel_value": ["4.5"], "hotel_price": ["130"]}, "20238200": {"hotel_name": "\u4e09\u4e9a\u516d\u7532\u9152\u5e97", "order_time": ["2019-01-15 20:29:21"], "total_order": 1, "hotel_value": ["4.4"], "hotel_price": ["320"]}, "4836754": {"hotel_name": "\u4e09\u4e9a\u5bcc\u5929\u4e50\u9152\u5e97", "order_time": ["2019-01-15 20:29:22"], "total_order": 1, "hotel_value": ["4.4"], "hotel_price": ["131"]}, "428280": {"hotel_name": "\u5982\u5bb6\u5feb\u6377\u9152\u5e97(\u4e09\u4e9a\u89e3\u653e\u8def\u6b65\u884c\u8857\u6c7d\u8f66\u603b\u7ad9\u5e97)(\u539f\u89e3\u653e\u8def\u4e2d\u592e\u5927\u9053\u65c5\u6e38\u8857\u5e97)", "order_time": ["2019-01-15 20:29:22"], "total_order": 1, "hotel_value": ["4.4"], "hotel_price": ["149"]}, "3181378": {"hotel_name": "\u4e91\u4e0a\u65f6\u5149\u5ba2\u6808(\u4e09\u4e9a\u8708\u652f\u6d32\u5c9b\u5e97)(\u539f\u4e91\u4e0a\u6c99\u6ee9\u522b\u9662)", "order_time": ["2019-01-15 20:29:25"], "total_order": 1, "hotel_value": ["4.4"], "hotel_price": ["58"]}, "344934": {"hotel_name": "\u4e09\u4e9a\u6930\u6797\u6ee9\u5927\u9152\u5e97", "order_time": ["2019-01-15 20:31:24"], "total_order": 1, "hotel_value": ["4.4"], "hotel_price": ["325"]}, "845218": {"hotel_name": "\u6d77\u5357\u7eff\u57ce\u84dd\u6e7e\u5ea6\u5047\u9152\u5e97", "order_time": ["2019-01-15 20:31:24"], "total_order": 1, "hotel_value": ["4.7"], "hotel_price": ["590"]}, "5248625": {"hotel_name": "\u4e09\u4e9a\u7559\u590f\u5c0f\u7b51\u4e3b\u9898\u5ba2\u6808", "order_time": ["2019-01-15 20:31:24"], "total_order": 1, "hotel_value": ["4.2"], "hotel_price": ["69"]}, "4388602": {"hotel_name": "\u4e09\u4e9a\u90a3\u6247\u95e8\u7cbe\u54c1\u5ba2\u6808", "order_time": ["2019-01-15 20:33:25"], "total_order": 1, "hotel_value": ["4.7"], "hotel_price": ["134"]}, "438193": {"hotel_name": "\u6d77\u5357\u798f\u6e7e\u6885\u8bfa\u5361\u5ea6\u5047\u9152\u5e97", "order_time": ["2019-01-15 20:37:22", "2019-01-15 20:33:26"], "total_order": 2, "hotel_value": ["4.4", "4.4"], "hotel_price": ["317", "317"]}, "6294985": {"hotel_name": "\u4e09\u4e9a\u660c\u5170\u697c\u5feb\u6377\u9152\u5e97", "order_time": ["2019-01-15 20:33:26"], "total_order": 1, "hotel_value": ["3.8"], "hotel_price": ["108"]}, "2701655": {"hotel_name": "\u4e09\u4e9a\u6162\u8282\u594f\u6d77\u666f\u7cbe\u54c1\u5ba2\u6808", "order_time": ["2019-01-15 20:35:20"], "total_order": 1, "hotel_value": ["4.7"], "hotel_price": ["133"]}, "2021754": {"hotel_name": "\u4e09\u4e9a\u4fdd\u5229\u5929\u827a\u51e4\u51f0\u9152\u5e97", "order_time": ["2019-01-15 20:35:21"], "total_order": 1, "hotel_value": ["4.4"], "hotel_price": ["306"]}, "18488062": {"hotel_name": "\u4e09\u4e9a\u8fb0\u5149\u5c7f\u6d77\u6d77\u666f\u5ea6\u5047\u516c\u5bd3", "order_time": ["2019-01-15 20:35:21"], "total_order": 1, "hotel_value": ["4.8"], "hotel_price": ["233"]}, "5234726": {"hotel_name": "\u4e09\u4e9a\u4e1c\u6e2f\u6d77\u666f\u4e3b\u9898\u9152\u5e97(\u56fd\u9645\u8d2d\u7269\u4e2d\u5fc3\u5e97)(\u539f\u4e1c\u6e2f\u4e3b\u9898\u9152\u5e97)", "order_time": ["2019-01-15 20:35:21"], "total_order": 1, "hotel_value": ["4.3"], "hotel_price": ["131"]}, "346768": {"hotel_name": "\u4e09\u4e9a\u534a\u5c71\u9526\u6c5f\u6d77\u666f\u5ea6\u5047\u9152\u5e97(\u8d35\u5bbe\u697c)", "order_time": ["2019-01-15 20:35:21"], "total_order": 1, "hotel_value": ["4.6"], "hotel_price": ["490"]}, "344904": {"hotel_name": "\u4e09\u4e9a\u80dc\u610f\u5927\u9152\u5e97", "order_time": ["2019-01-15 20:35:21"], "total_order": 1, "hotel_value": ["4.7"], "hotel_price": ["414"]}, "532834": {"hotel_name": "\u4e09\u4e9a\u6d77\u68e0\u6e7e\u6c11\u751f\u5a01\u65af\u6c40\u5ea6\u5047\u9152\u5e97", "order_time": ["2019-01-15 20:35:21"], "total_order": 1, "hotel_value": ["4.6"], "hotel_price": ["1509"]}, "470577": {"hotel_name": "\u4e09\u4e9a\u5357\u5c71\u4f11\u95f2\u4f1a\u9986\u7985\u4fee\u4e3b\u9898", "order_time": ["2019-01-15 20:35:21"], "total_order": 1, "hotel_value": ["4.5"], "hotel_price": ["548"]}, "5398387": {"hotel_name": "\u4e09\u4e9a\u5927\u6811\u4e03\u661f\u9152\u5e97", "order_time": ["2019-01-15 20:35:21"], "total_order": 1, "hotel_value": ["4.4"], "hotel_price": ["221"]}, "1254854": {"hotel_name": "\u4e09\u4e9aWWW\u6d77\u666f\u516c\u5bd3", "order_time": ["2019-01-15 20:35:21"], "total_order": 1, "hotel_value": ["4.8"], "hotel_price": ["176"]}, "473314": {"hotel_name": "\u4e09\u4e9a\u4e8c\u6708\u6d77\u6d77\u666f\u9152\u5e97", "order_time": ["2019-01-15 20:35:21"], "total_order": 1, "hotel_value": ["4.9"], "hotel_price": ["191"]}, "707593": {"hotel_name": "\u4e09\u4e9a\u51e4\u51f0\u5c9b\u6d77\u6d0b\u4e4b\u661f\u5ea6\u5047\u9152\u5e97", "order_time": ["2019-01-15 20:37:22", "2019-01-15 20:35:22"], "total_order": 2, "hotel_value": ["4.7", "4.7"], "hotel_price": ["432", "432"]}, "481441": {"hotel_name": "\u4e09\u4e9a\u6e7e\u667a\u9009\u5047\u65e5\u9152\u5e97", "order_time": ["2019-01-15 20:37:21", "2019-01-15 20:45:22"], "total_order": 2, "hotel_value": ["4.3", "4.3"], "hotel_price": ["268", "268"]}, "17265739": {"hotel_name": "\u4e09\u4e9a\u6d77\u68e0\u6e7e\u6d77\u97f5\u5361\u897f\u8bfa\u6d77\u666f\u5ea6\u5047\u516c\u5bd3", "order_time": ["2019-01-15 20:37:21"], "total_order": 1, "hotel_value": ["4.8"], "hotel_price": ["1878"]}, "2652702": {"hotel_name": "\u4e09\u4e9a\u6e7e\u534a\u590f\u5149\u5e74\u6d77\u666f\u4e3b\u9898\u516c\u5bd3(\u4e09\u4e9a\u7f8e\u4e3d\u65b0\u6d77\u5cb8\u5e97)", "order_time": ["2019-01-15 20:37:21"], "total_order": 1, "hotel_value": ["4.8"], "hotel_price": ["209"]}, "10900048": {"hotel_name": "\u4e09\u4e9a\u521d\u96e8\u7cbe\u54c1\u5ba2\u6808", "order_time": ["2019-01-15 20:37:22"], "total_order": 1, "hotel_value": ["4.8"], "hotel_price": ["86"]}, "845362": {"hotel_name": "\u6d77\u5357\u6d77\u6d0b\u4e4b\u5fc3\u9152\u5e97", "order_time": ["2019-01-15 20:37:22"], "total_order": 1, "hotel_value": ["4.5"], "hotel_price": ["325"]}, "23806773": {"hotel_name": "\u4e09\u4e9a\u552f\u7231\u9038\u5bb6\u65c5\u79df", "order_time": ["2019-01-15 20:37:22"], "total_order": 1, "hotel_value": ["4.7"], "hotel_price": ["191"]}, "1716518": {"hotel_name": "\u4e09\u4e9a\u4f70\u987a\u8fbe\u5546\u52a1\u5bbe\u9986", "order_time": ["2019-01-15 20:37:22"], "total_order": 1, "hotel_value": ["4.3"], "hotel_price": ["123"]}, "1690612": {"hotel_name": "\u4e09\u4e9a\u6587\u82f1\u5bbe\u9986", "order_time": ["2019-01-15 20:37:22", "2019-01-15 20:41:26"], "total_order": 2, "hotel_value": ["4.5", "4.5"], "hotel_price": ["133", "133"]}, "2208553": {"hotel_name": "\u4e09\u4e9a\u79be\u98ce\u5546\u52a1\u516c\u5bd3", "order_time": ["2019-01-15 20:37:22"], "total_order": 1, "hotel_value": ["4.2"], "hotel_price": ["83"]}, "429615": {"hotel_name": "\u4e09\u4e9a\u4e9a\u9f99\u6e7e\u541b\u6f9c\u5ea6\u5047\u9152\u5e97(\u539f\u5047\u65e5\u5ea6\u5047\u9152\u5e97)", "order_time": ["2019-01-15 20:39:21", "2019-01-15 20:41:25"], "total_order": 2, "hotel_value": ["4.5", "4.5"], "hotel_price": ["626", "626"]}, "3735687": {"hotel_name": "\u4e09\u4e9a\u6d77\u68e0\u6e7e\u7ea2\u5c4b\u9876\u7cbe\u54c1\u9152\u5e97", "order_time": ["2019-01-15 20:39:21"], "total_order": 1, "hotel_value": ["4.1"], "hotel_price": ["310"]}, "16448430": {"hotel_name": "\u4e09\u4e9a\u4e2d\u5ed6\u6751\u6c11\u5bbf", "order_time": ["2019-01-15 20:39:21"], "total_order": 1, "hotel_value": ["4.8"], "hotel_price": ["209"]}, "26669466": {"hotel_name": "\u4e09\u4e9a\u81ea\u7531\u7a7a\u95f4\u65c5\u79df", "order_time": ["2019-01-15 20:41:24"], "total_order": 1, "hotel_value": ["4.7"], "hotel_price": ["107"]}, "8057510": {"hotel_name": "\u4e09\u4e9a\u83b2\u5bbf\u9152\u5e97\uff08\u5927\u4e1c\u6d77\u5e97\uff09", "order_time": ["2019-01-15 20:41:25"], "total_order": 1, "hotel_value": ["4.8"], "hotel_price": ["293"]}, "12462953": {"hotel_name": "\u4e09\u4e9a\u6d77\u4e0a\u65f6\u5149\u522b\u5885\u5ba2\u6808", "order_time": ["2019-01-15 20:41:25"], "total_order": 1, "hotel_value": ["4.9"], "hotel_price": ["133"]}, "983678": {"hotel_name": "\u6c49\u5ead\u9152\u5e97(\u4e09\u4e9a\u4e09\u4e9a\u6e7e\u5e97)(\u539f\u5409\u7965\u8857\u5e97)", "order_time": ["2019-01-15 20:41:25"], "total_order": 1, "hotel_value": ["4.1"], "hotel_price": ["149"]}, "5423919": {"hotel_name": "\u4e09\u4e9a\u6d77\u6615\u5c1a\u666f\u4e3b\u9898\u9152\u5e97", "order_time": ["2019-01-15 20:41:25"], "total_order": 1, "hotel_value": ["3.6"], "hotel_price": ["72"]}, "5729359": {"hotel_name": "\u4e09\u4e9a\u6d77\u8c5a\u6e7e\u7cbe\u54c1\u5ba2\u6808", "order_time": ["2019-01-15 20:41:25"], "total_order": 1, "hotel_value": ["4.9"], "hotel_price": ["558"]}, "3068224": {"hotel_name": "\u4e09\u4e9a\u5927\u4e1c\u6d77HOME\u5957\u623f\u5ea6\u5047\u6d77\u666f\u5ba2\u6808", "order_time": ["2019-01-15 20:43:22"], "total_order": 1, "hotel_value": ["4.8"], "hotel_price": ["147"]}, "1061299": {"hotel_name": "\u4e09\u4e9aHello Summer\u6d77\u5cb8\u4e3b\u9898\u5ba2\u6808(\u539f\u5de2\u6c50\u827a\u672f\u4e3b\u9898\u9152\u5e97)", "order_time": ["2019-01-15 20:43:22"], "total_order": 1, "hotel_value": ["4.7"], "hotel_price": ["142"]}, "8504245": {"hotel_name": "\u90b8\u8bfa\u5171\u4eab\u522b\u5885\u516c\u5bd3(\u4e09\u4e9a\u4e9a\u9f99\u6e7e\u5e97)", "order_time": ["2019-01-15 20:43:23"], "total_order": 1, "hotel_value": ["4.7"], "hotel_price": ["249"]}, "8581510": {"hotel_name": "\u4e09\u4e9a\u534a\u5c71\u9a7f\u6d77\u5cb8\u7cbe\u54c1\u5ba2\u6808(\u539f\u871c\u5bb6\u5c0f\u9662)", "order_time": ["2019-01-15 20:43:23"], "total_order": 1, "hotel_value": ["4.7"], "hotel_price": ["101"]}, "370832": {"hotel_name": "\u4e09\u4e9a\u9e7f\u9890\u6d77\u666f\u9152\u5e97(\u539f\u8377\u6cf0\u6d77\u666f\u9152\u5e97)", "order_time": ["2019-01-15 20:43:23"], "total_order": 1, "hotel_value": ["4.5"], "hotel_price": ["338"]}, "346684": {"hotel_name": "\u4e09\u4e9a\u73e0\u6c5f\u5357\u7530\u6e29\u6cc9\u5ea6\u5047\u533a", "order_time": ["2019-01-15 20:43:23"], "total_order": 1, "hotel_value": ["4.3"], "hotel_price": ["360"]}, "1561957": {"hotel_name": "\u6d77\u5357\u6e05\u6c34\u6e7e\u963f\u7f57\u54c8\u7231\u7434\u6d77\u666f\u5957\u623f\u5ea6\u5047\u9152\u5e97", "order_time": ["2019-01-15 20:45:22"], "total_order": 1, "hotel_value": ["4.7"], "hotel_price": ["458"]}, "10667238": {"hotel_name": "\u4e09\u4e9a\u53f6\u5b50\u7cbe\u9009\u4e3b\u9898\u516c\u5bd3", "order_time": ["2019-01-15 20:45:22"], "total_order": 1, "hotel_value": ["4.9"], "hotel_price": ["314"]}, "13411954": {"hotel_name": "\u4e09\u4e9a\u6816\u6f9c\u6d77\u68e0\u522b\u5885\u6c11\u5bbf", "order_time": ["2019-01-15 20:45:22"], "total_order": 1, "hotel_value": ["5.0"], "hotel_price": ["554"]}, "13975638": {"hotel_name": "\u4e09\u4e9a\u9b45\u84dd\u4e4b\u591c\u4e3b\u9898\u9152\u5e97", "order_time": ["2019-01-15 20:45:23"], "total_order": 1, "hotel_value": ["4.8"], "hotel_price": ["123"]}}}