{"\u5f00\u59cb\u8bb0\u5f55\u65f6\u95f4": "2019-01-27 14:35:10", "\u7ed3\u675f\u8bb0\u5f55\u65f6\u95f4": "2019-01-27 15:35:10", "\u8ba2\u5355\u603b\u589e\u91cf": 173, "item": {"6708909": {"hotel_name": "\u4e09\u4e9a\u6d77\u68e0\u6e7e\u798f\u6d77\u68e0\u6d77\u666f\u5957\u623f\u5ea6\u5047\u9152\u5e97", "order_time": ["2019-01-27 14:37:30", "2019-01-27 14:57:32"], "total_order": 2, "hotel_value": ["4.7", "4.7"], "hotel_price": ["1678", "1678"]}, "427277": {"hotel_name": "\u4e09\u4e9a\u4e2d\u5fc3\u7687\u51a0\u5047\u65e5\u9152\u5e97", "order_time": ["2019-01-27 14:37:32"], "total_order": 1, "hotel_value": ["4.7"], "hotel_price": ["899"]}, "374842": {"hotel_name": "\u4e09\u4e9a\u6e7e\u6d77\u5c45\u94c2\u5c14\u66fc\u5ea6\u5047\u9152\u5e97", "order_time": ["2019-01-27 14:37:32"], "total_order": 1, "hotel_value": ["4.7"], "hotel_price": ["840"]}, "842954": {"hotel_name": "\u9526\u6c5f\u4e4b\u661f(\u4e09\u4e9a\u6e7e\u5409\u7965\u8857\u6d77\u666f\u9152\u5e97)", "order_time": ["2019-01-27 14:37:33"], "total_order": 1, "hotel_value": ["4.5"], "hotel_price": ["149"]}, "28724769": {"hotel_name": "\u4e09\u4e9a\u521d\u89c1\u827a\u5bbf", "order_time": ["2019-01-27 14:37:35", "2019-01-27 14:41:32", "2019-01-27 14:59:34"], "total_order": 3, "hotel_value": ["5.0", "5.0", "5.0"], "hotel_price": ["133", "133", "133"]}, "1701113": {"hotel_name": "\u9526\u6c5f\u90fd\u57ce(\u4e09\u4e9a\u6e7e\u5e97)", "order_time": ["2019-01-27 14:43:42", "2019-01-27 14:37:36"], "total_order": 2, "hotel_value": ["4.9", "4.9"], "hotel_price": ["299", "299"]}, "910293": {"hotel_name": "\u4e09\u4e9a\u4e9a\u9f99\u6e7e\u68a6\u65c5\u4eba\u5ba2\u6808", "order_time": ["2019-01-27 14:37:38"], "total_order": 1, "hotel_value": ["4.9"], "hotel_price": ["161"]}, "372133": {"hotel_name": "\u4e09\u4e9a\u73e0\u6c5f\u82b1\u56ed\u9152\u5e97", "order_time": ["2019-01-27 14:37:38", "2019-01-27 15:25:32"], "total_order": 2, "hotel_value": ["4.4", "4.4"], "hotel_price": ["393", "393"]}, "15696546": {"hotel_name": "\u4e09\u4e9a\u4e2d\u5fc3\u51ef\u60a6\u5609\u8f69\u9152\u5e97", "order_time": ["2019-01-27 14:37:39"], "total_order": 1, "hotel_value": ["4.5"], "hotel_price": ["479"]}, "1543516": {"hotel_name": "\u4e09\u4e9a\u6d77\u6021\u9759\u820d\u5ea6\u5047\u516c\u5bd3", "order_time": ["2019-01-27 14:37:43"], "total_order": 1, "hotel_value": ["4.8"], "hotel_price": ["362"]}, "643764": {"hotel_name": "\u6d77\u5357\u96c5\u5c45\u4e50\u65c5\u5bb6\u5ea6\u5047\u9152\u5e97", "order_time": ["2019-01-27 14:37:46"], "total_order": 1, "hotel_value": ["4.2"], "hotel_price": ["262"]}, "2880019": {"hotel_name": "\u4e09\u4e9a\u661f\u6708\u6d77\u666f\u5ea6\u5047\u516c\u5bd3", "order_time": ["2019-01-27 14:39:31"], "total_order": 1, "hotel_value": ["4.9"], "hotel_price": ["302"]}, "346770": {"hotel_name": "\u4e09\u4e9a\u5929\u901a\u5efa\u56fd\u9152\u5e97", "order_time": ["2019-01-27 14:39:31"], "total_order": 1, "hotel_value": ["4.5"], "hotel_price": ["650"]}, "426360": {"hotel_name": "\u4e09\u4e9a\u67cf\u745e\u7cbe\u54c1\u6d77\u666f\u9152\u5e97", "order_time": ["2019-01-27 14:39:34"], "total_order": 1, "hotel_value": ["4.6"], "hotel_price": ["637"]}, "6331979": {"hotel_name": "\u4e09\u4e9a\u6d77\u68e0\u6e7e\u7ea2\u6811\u6797\u5ea6\u5047\u9152\u5e97", "order_time": ["2019-01-27 14:39:35"], "total_order": 1, "hotel_value": ["4.6"], "hotel_price": ["999"]}, "345069": {"hotel_name": "\u4e09\u4e9a\u6d77\u68e0\u6e7e\u4e07\u8fbe\u5e0c\u5c14\u987f\u9038\u6797\u5ea6\u5047\u9152\u5e97", "order_time": ["2019-01-27 14:39:35"], "total_order": 1, "hotel_value": ["4.5"], "hotel_price": ["680"]}, "6287098": {"hotel_name": "\u4e09\u4e9a\u6ce5\u5bbf\u827a\u672f\u9152\u5e97", "order_time": ["2019-01-27 14:39:36"], "total_order": 1, "hotel_value": ["4.5"], "hotel_price": ["170"]}, "16028847": {"hotel_name": "\u4e09\u4e9a\u5343\u53e4\u60c5\u5ba2\u6808", "order_time": ["2019-01-27 14:41:39", "2019-01-27 14:39:38"], "total_order": 2, "hotel_value": ["4.7", "4.7"], "hotel_price": ["758", "758"]}, "12420349": {"hotel_name": "\u65c5\u5bb6\u6d77\u666f\u5ea6\u5047\u9152\u5e97\u5f0f\u516c\u5bd3(\u4e09\u4e9a\u5927\u4e1c\u6d77\u5e97)", "order_time": ["2019-01-27 14:39:38"], "total_order": 1, "hotel_value": ["4.9"], "hotel_price": ["219"]}, "13293731": {"hotel_name": "\u4e09\u4e9a\u6f9c\u82d1\u5546\u52a1\u9152\u5e97", "order_time": ["2019-01-27 14:39:39"], "total_order": 1, "hotel_value": ["4.5"], "hotel_price": ["282"]}, "11188504": {"hotel_name": "\u4e09\u4e9a\u6d77\u68e0\u6e7e\u7559\u4e0b\u5c0f\u7b51\u4e3b\u9898\u6c11\u5bbf", "order_time": ["2019-01-27 14:39:40"], "total_order": 1, "hotel_value": ["4.8"], "hotel_price": ["147"]}, "1707691": {"hotel_name": "\u65b0\u57ce\u7f8e\u820d\u6d77\u666f\u5ea6\u5047\u516c\u5bd3(\u4e09\u4e9a\u51e4\u51f0\u673a\u573a\u5e97)", "order_time": ["2019-01-27 14:39:40"], "total_order": 1, "hotel_value": ["4.6"], "hotel_price": ["301"]}, "1252444": {"hotel_name": "\u4e09\u4e9a\u6930\u6d77\u65f6\u5149\u6d77\u666f\u5ea6\u5047\u516c\u5bd3", "order_time": ["2019-01-27 14:39:41"], "total_order": 1, "hotel_value": ["4.9"], "hotel_price": ["453"]}, "2043305": {"hotel_name": "\u4e09\u4e9a\u6797\u59b9\u59b9\u7684\u9752\u5e74\u65c5\u820d", "order_time": ["2019-01-27 14:39:42"], "total_order": 1, "hotel_value": ["4.8"], "hotel_price": ["36"]}, "11444334": {"hotel_name": "\u4e09\u4e9a\u4e9a\u9f99\u6e7e\u5e0c\u60a6\u7cbe\u54c1\u522b\u5885\u9152\u5e97", "order_time": ["2019-01-27 14:39:52"], "total_order": 1, "hotel_value": ["4.6"], "hotel_price": ["529"]}, "1067912": {"hotel_name": "\u4e09\u4e9a\u7ea2\u8272\u6c34\u6676\u5ba2\u6808", "order_time": ["2019-01-27 14:41:32"], "total_order": 1, "hotel_value": ["4.6"], "hotel_price": ["103"]}, "1284874": {"hotel_name": "\u4e09\u4e9a\u9999\u683c\u91cc\u62c9\u5ea6\u5047\u9152\u5e97", "order_time": ["2019-01-27 14:41:35"], "total_order": 1, "hotel_value": ["4.6"], "hotel_price": ["1399"]}, "436673": {"hotel_name": "\u4e09\u4e9a\u9e7f\u5cad\u6d77\u6e7e\u7ef4\u666f\u56fd\u9645\u5927\u9152\u5e97(\u539f\u4e09\u4e9a\u6d77\u6e7e\u7ef4\u666f\u56fd\u9645\u5927\u9152\u5e97)", "order_time": ["2019-01-27 15:29:45", "2019-01-27 14:41:35"], "total_order": 2, "hotel_value": ["4.6", "4.6"], "hotel_price": ["351", "351"]}, "470083": {"hotel_name": "\u6d77\u5357\u96c5\u5c45\u4e50\u83b1\u4f5b\u58eb\u9152\u5e97", "order_time": ["2019-01-27 14:41:35"], "total_order": 1, "hotel_value": ["4.8"], "hotel_price": ["988"]}, "1772127": {"hotel_name": "\u4e09\u4e9a\u6e7e\u7ea2\u6811\u6797\u5ea6\u5047\u4e16\u754c(\u7687\u540e\u68d5\u9152\u5e97)", "order_time": ["2019-01-27 14:41:39"], "total_order": 1, "hotel_value": ["4.7"], "hotel_price": ["656"]}, "4388404": {"hotel_name": "\u4e09\u4e9a\u7f8e\u4e3d\u4e4b\u51a0\u5927\u6811\u9152\u5e97", "order_time": ["2019-01-27 14:41:40"], "total_order": 1, "hotel_value": ["4.3"], "hotel_price": ["240"]}, "773878": {"hotel_name": "\u9f99\u4e91\u5546\u52a1\u5feb\u6377\u9152\u5e97(\u4e09\u4e9a\u51e4\u51f0\u673a\u573a\u5e97)", "order_time": ["2019-01-27 14:41:42"], "total_order": 1, "hotel_value": ["4.2"], "hotel_price": ["134"]}, "643641": {"hotel_name": "\u4e09\u4e9a\u51e4\u51f0\u673a\u573a\u6d77\u822a\u5feb\u6377\u9152\u5e97", "order_time": ["2019-01-27 14:43:30"], "total_order": 1, "hotel_value": ["4.1"], "hotel_price": ["248"]}, "1361281": {"hotel_name": "\u4e09\u4e9a\u6e7e\u7ea2\u6811\u6797\u5ea6\u5047\u4e16\u754c(\u6930\u6797\u9152\u5e97)", "order_time": ["2019-01-27 14:43:30"], "total_order": 1, "hotel_value": ["4.7"], "hotel_price": ["606"]}, "346702": {"hotel_name": "\u4e09\u4e9a\u8fb0\u5149\u514b\u62c9\u7801\u5934\u9152\u5e97", "order_time": ["2019-01-27 14:43:30"], "total_order": 1, "hotel_value": ["4.6"], "hotel_price": ["860"]}, "28761487": {"hotel_name": "\u9a8f\u6021\u8f7b\u5c45\u8fde\u9501\u5bbe\u9986(\u4e09\u4e9a\u51e4\u51f0\u673a\u573a\u5e97)", "order_time": ["2019-01-27 14:43:40"], "total_order": 1, "hotel_value": ["4.9"], "hotel_price": ["173"]}, "24036577": {"hotel_name": "\u4e09\u4e9a\u6d77\u89d2\u5c0f\u61a9\u5ba2\u6808", "order_time": ["2019-01-27 14:43:40"], "total_order": 1, "hotel_value": ["5.0"], "hotel_price": ["111"]}, "447842": {"hotel_name": "\u4e09\u4e9a\u666f\u5229\u83b1\u5ea6\u5047\u9152\u5e97", "order_time": ["2019-01-27 15:19:32", "2019-01-27 14:43:41"], "total_order": 2, "hotel_value": ["4.4", "4.4"], "hotel_price": ["292", "292"]}, "1315536": {"hotel_name": "\u4e09\u4e9a\u5e15\u5c14\u7f8e\u7eb3\u56fd\u9645\u5ea6\u5047\u516c\u5bd3", "order_time": ["2019-01-27 15:03:41", "2019-01-27 14:45:28"], "total_order": 2, "hotel_value": ["4.8", "4.8"], "hotel_price": ["297", "297"]}, "1980387": {"hotel_name": "\u9e97\u67ab\u9152\u5e97(\u4e09\u4e9a\u6b65\u884c\u8857\u5e97)", "order_time": ["2019-01-27 14:45:31"], "total_order": 1, "hotel_value": ["4.8"], "hotel_price": ["360"]}, "7073052": {"hotel_name": "\u4e09\u4e9a\u514b\u62c9\u5c14\u9633\u5149\u6d77\u666f\u516c\u5bd3", "order_time": ["2019-01-27 14:45:31"], "total_order": 1, "hotel_value": ["4.8"], "hotel_price": ["191"]}, "375179": {"hotel_name": "\u4e09\u4e9a\u6e7e\u7ea2\u6811\u6797\u5ea6\u5047\u4e16\u754c(\u6728\u68c9\u9152\u5e97)", "order_time": ["2019-01-27 14:47:31"], "total_order": 1, "hotel_value": ["4.6"], "hotel_price": ["706"]}, "346711": {"hotel_name": "\u4e09\u4e9a\u541b\u9526\u6ee8\u6d77\u9152\u5e97", "order_time": ["2019-01-27 14:47:32"], "total_order": 1, "hotel_value": ["4.4"], "hotel_price": ["260"]}, "6684663": {"hotel_name": "\u4e09\u4e9a\u6d77\u68e0\u6e7e\u67cf\u4e3d\u5ea6\u5047\u9152\u5e97", "order_time": ["2019-01-27 14:47:32"], "total_order": 1, "hotel_value": ["4.3"], "hotel_price": ["212"]}, "23932008": {"hotel_name": "\u4e09\u4e9a\u6d77\u68e0\u6e7e\u897f\u6e8f\u5ea6\u5047\u516c\u5bd3(\u539f\u5c1a\u4e66\u96c5\u82d1\u5ea6\u5047\u522b\u5885)", "order_time": ["2019-01-27 15:11:34", "2019-01-27 15:17:35", "2019-01-27 14:47:33"], "total_order": 3, "hotel_value": ["4.8", "4.8", "4.8"], "hotel_price": ["303", "303", "303"]}, "13975638": {"hotel_name": "\u4e09\u4e9a\u9b45\u84dd\u4e4b\u591c\u4e3b\u9898\u9152\u5e97", "order_time": ["2019-01-27 14:47:33"], "total_order": 1, "hotel_value": ["4.8"], "hotel_price": ["119"]}, "21634169": {"hotel_name": "\u7f18\u7b51\u00b7\u4e09\u4e9a\u6162\u70b9\u5ea6\u5047\u516c\u5bd3(\u64ce\u5929\u534a\u5c9b\u5e97)", "order_time": ["2019-01-27 14:47:36"], "total_order": 1, "hotel_value": ["4.7"], "hotel_price": ["198"]}, "346760": {"hotel_name": "\u4e09\u4e9a\u4e9a\u9f99\u6e7e\u8f9b\u7279\u62c9\u8d4f\u693f\u5957\u623f\u5ea6\u5047\u9152\u5e97", "order_time": ["2019-01-27 14:47:36"], "total_order": 1, "hotel_value": ["4.3"], "hotel_price": ["530"]}, "11069281": {"hotel_name": "\u4e09\u7c73\u7a7a\u95f4\u4e3b\u9898\u9152\u5e97(\u4e09\u4e9a\u6e7e\u6d77\u8fb9\u5e97)", "order_time": ["2019-01-27 14:47:38"], "total_order": 1, "hotel_value": ["4.7"], "hotel_price": ["116"]}, "1440676": {"hotel_name": "\u4e09\u4e9a\u6021\u5bb6\u6d77\u666f\u5ea6\u5047\u516c\u5bd3", "order_time": ["2019-01-27 14:47:40"], "total_order": 1, "hotel_value": ["4.9"], "hotel_price": ["198"]}, "17292860": {"hotel_name": "\u4e09\u4e9a\u6d77\u68e0\u6e7e\u6155\u820d\u96ea\u83b1\u6d0b\u623f\u522b\u5885", "order_time": ["2019-01-27 14:47:58"], "total_order": 1, "hotel_value": ["4.8"], "hotel_price": ["742"]}, "26449232": {"hotel_name": "\u4e09\u4e9a\u65e5\u5915\u5885\u6c11\u5bbf", "order_time": ["2019-01-27 14:49:35"], "total_order": 1, "hotel_value": ["4.9"], "hotel_price": ["311"]}, "1964967": {"hotel_name": "\u4f73\u6377\u8fde\u9501\u9152\u5e97(\u4e09\u4e9a\u51e4\u51f0\u5c9b\u5e97)", "order_time": ["2019-01-27 14:55:35", "2019-01-27 14:49:38"], "total_order": 2, "hotel_value": ["4.4", "4.4"], "hotel_price": ["123", "123"]}, "5247024": {"hotel_name": "\u4e09\u4e9a\u90a3\u4e00\u5e74\u521d\u89c1\u7cbe\u54c1\u5ba2\u6808", "order_time": ["2019-01-27 14:49:38"], "total_order": 1, "hotel_value": ["4.6"], "hotel_price": ["191"]}, "8546321": {"hotel_name": "\u6765\u548c\u6d77\u666f\u516c\u5bd3(\u4e09\u4e9a\u5927\u4e1c\u6d77\u5e97)(\u539f\u5927\u4e1c\u6d77\u5e1d\u65af\u66fc\u6d77\u666f\u9152\u5e97)", "order_time": ["2019-01-27 14:49:44"], "total_order": 1, "hotel_value": ["4.8"], "hotel_price": ["294"]}, "29589243": {"hotel_name": "\u4e09\u4e9a\u4e9a\u9f99\u6e7e\u60a6\u83b1\u6d77\u5885\u7cbe\u54c1\u6c11\u5bbf", "order_time": ["2019-01-27 15:17:38", "2019-01-27 14:49:47", "2019-01-27 14:55:37"], "total_order": 3, "hotel_value": ["5.0", "5.0", "5.0"], "hotel_price": ["153", "153", "153"]}, "6042438": {"hotel_name": "\u4e09\u4e9a\u6d77\u4e2b\u6545\u4e8b\u6c11\u4fd7\u6587\u5316\u4e3b\u9898\u5ba2\u6808(\u539f\u6d77\u5357\u6545\u4e8b\u4e3b\u9898\u5ba2\u6808)", "order_time": ["2019-01-27 14:49:52"], "total_order": 1, "hotel_value": ["4.7"], "hotel_price": ["148"]}, "346691": {"hotel_name": "\u4e09\u4e9a\u9e3f\u6d32\u57c3\u5fb7\u745e\u9152\u5e97", "order_time": ["2019-01-27 14:51:30"], "total_order": 1, "hotel_value": ["4.3"], "hotel_price": ["828"]}, "347462": {"hotel_name": "\u4e09\u4e9a\u6d77\u68e0\u6e7e9\u53f7\u5ea6\u5047\u9152\u5e97", "order_time": ["2019-01-27 14:51:31"], "total_order": 1, "hotel_value": ["4.7"], "hotel_price": ["746"]}, "1444927": {"hotel_name": "\u4e09\u4e9a\u5341\u6b65\u6d77\u5cb8\u9752\u5e74\u65c5\u820d", "order_time": ["2019-01-27 14:51:31"], "total_order": 1, "hotel_value": ["4.3"], "hotel_price": ["59"]}, "6280766": {"hotel_name": "\u4e09\u4e9a\u5927\u4e1c\u6d77\u82b1\u8bed\u6d77\u666f\u5ea6\u5047\u516c\u5bd3", "order_time": ["2019-01-27 14:51:32"], "total_order": 1, "hotel_value": ["4.4"], "hotel_price": ["152"]}, "25484761": {"hotel_name": "\u4e09\u4e9a\u4eac\u822b\u6c60\u6c11\u5bbf", "order_time": ["2019-01-27 14:51:37"], "total_order": 1, "hotel_value": ["4.9"], "hotel_price": ["221"]}, "6020310": {"hotel_name": "\u4e09\u4e9a\u6606\u6cf0\u9152\u5e97", "order_time": ["2019-01-27 14:53:30"], "total_order": 1, "hotel_value": ["4.8"], "hotel_price": ["341"]}, "2157963": {"hotel_name": "\u4e09\u4e9a\u4e07\u79d1\u68ee\u6797\u60a6\u5ea6\u5047\u6751", "order_time": ["2019-01-27 14:53:30"], "total_order": 1, "hotel_value": ["4.4"], "hotel_price": ["546"]}, "473314": {"hotel_name": "\u4e09\u4e9a\u4e8c\u6708\u6d77\u6d77\u666f\u9152\u5e97", "order_time": ["2019-01-27 14:53:30"], "total_order": 1, "hotel_value": ["4.8"], "hotel_price": ["182"]}, "514355": {"hotel_name": "\u4e09\u4e9a\u65c5\u5de2\u6d77\u666f\u5ea6\u5047\u516c\u5bd3", "order_time": ["2019-01-27 14:53:32"], "total_order": 1, "hotel_value": ["4.7"], "hotel_price": ["260"]}, "14119383": {"hotel_name": "\u4e09\u4e9a\u6734\u5bbf\u8bbe\u8ba1\u6c11\u5bbf", "order_time": ["2019-01-27 14:55:32"], "total_order": 1, "hotel_value": ["4.7"], "hotel_price": ["151"]}, "437377": {"hotel_name": "\u4e09\u4e9a\u6d77\u68e0\u6e7e\u5fa1\u6d77\u68e0\u8c6a\u534e\u7cbe\u9009\u5ea6\u5047\u9152\u5e97", "order_time": ["2019-01-27 14:55:34"], "total_order": 1, "hotel_value": ["4.7"], "hotel_price": ["1200"]}, "5234726": {"hotel_name": "\u4e09\u4e9a\u4e1c\u6e2f\u6d77\u666f\u4e3b\u9898\u9152\u5e97(\u56fd\u9645\u8d2d\u7269\u4e2d\u5fc3\u5e97)(\u539f\u4e1c\u6e2f\u4e3b\u9898\u9152\u5e97)", "order_time": ["2019-01-27 14:55:37"], "total_order": 1, "hotel_value": ["4.3"], "hotel_price": ["131"]}, "6955535": {"hotel_name": "\u4e09\u4e9a\u6cca\u5cb8\u5c0f\u5ead\u516c\u5bd3\u8708\u652f\u6d32\u5c9b\u5e97", "order_time": ["2019-01-27 14:55:40", "2019-01-27 15:07:38"], "total_order": 2, "hotel_value": ["4.2", "4.2"], "hotel_price": ["204", "204"]}, "1682691": {"hotel_name": "\u4e09\u4e9a\u4eac\u6d77\u56fd\u9645\u5047\u65e5\u9152\u5e97", "order_time": ["2019-01-27 14:55:41"], "total_order": 1, "hotel_value": ["4.6"], "hotel_price": ["585"]}, "1350444": {"hotel_name": "\u4e09\u4e9a\u7f8e\u6866\u5546\u52a1\u516c\u5bd3", "order_time": ["2019-01-27 14:55:55"], "total_order": 1, "hotel_value": ["4.3"], "hotel_price": ["95"]}, "1251671": {"hotel_name": "\u9526\u6c5f\u4e4b\u661f(\u4e09\u4e9a\u6cb3\u897f\u8def\u6b65\u884c\u6865\u6cb3\u666f\u5e97)", "order_time": ["2019-01-27 14:57:33"], "total_order": 1, "hotel_value": ["4.5"], "hotel_price": ["170"]}, "443561": {"hotel_name": "\u4e09\u4e9a\u94f6\u5929\u5ea6\u5047\u9152\u5e97", "order_time": ["2019-01-27 14:57:39"], "total_order": 1, "hotel_value": ["4.3"], "hotel_price": ["183"]}, "1066794": {"hotel_name": "\u4e09\u4e9a\u6d77\u65f6\u95f4\u5ba2\u6808", "order_time": ["2019-01-27 14:58:01"], "total_order": 1, "hotel_value": ["4.8"], "hotel_price": ["163"]}, "6327433": {"hotel_name": "\u4e09\u4e9a\u9999\u6c34\u6e7e\u8363\u9038\u6e29\u60c5\u9152\u5e97", "order_time": ["2019-01-27 14:59:33"], "total_order": 1, "hotel_value": ["4.7"], "hotel_price": ["367"]}, "25805017": {"hotel_name": "\u4e09\u4e9a\u5fc6\u5885\u5bb6\u5ea6\u5047\u522b\u5885", "order_time": ["2019-01-27 14:59:35"], "total_order": 1, "hotel_value": ["4.7"], "hotel_price": ["133"]}, "894403": {"hotel_name": "\u4e09\u4e9a\u96cd\u548c\u56fd\u9645\u9752\u5e74\u65c5\u820d", "order_time": ["2019-01-27 14:59:38"], "total_order": 1, "hotel_value": ["4.6"], "hotel_price": ["50"]}, "3487933": {"hotel_name": "\u4e09\u4e9a\u6f2b\u5929\u6daf\u7cbe\u54c1\u6d77\u666f\u5ba2\u6808", "order_time": ["2019-01-27 14:59:41"], "total_order": 1, "hotel_value": ["4.0"], "hotel_price": ["293"]}, "6872950": {"hotel_name": "\u4e09\u4e9a\u90a3\u5c71\u00b7\u90a3\u6d77\u6d77\u666f\u6c11\u5bbf", "order_time": ["2019-01-27 14:59:44"], "total_order": 1, "hotel_value": ["4.6"], "hotel_price": ["103"]}, "1484444": {"hotel_name": "\u4e09\u4e9a\u6ee8\u83b1\u5047\u65e5\u5bbe\u9986", "order_time": ["2019-01-27 14:59:45"], "total_order": 1, "hotel_value": ["4.3"], "hotel_price": ["79"]}, "18075076": {"hotel_name": "\u4e09\u4e9a\u827e\u8a00\u9152\u5e97", "order_time": ["2019-01-27 15:00:00"], "total_order": 1, "hotel_value": ["4.8"], "hotel_price": ["358"]}, "16948036": {"hotel_name": "\u4e09\u4e9a\u6e7e\u7ea2\u6811\u6797\u5ea6\u5047\u4e16\u754c(\u5927\u738b\u68d5\u9152\u5e97)", "order_time": ["2019-01-27 15:01:32", "2019-01-27 15:03:31"], "total_order": 2, "hotel_value": ["4.7", "4.7"], "hotel_price": ["544", "544"]}, "25630698": {"hotel_name": "\u4e09\u4e9a\u6d77\u68e0\u6e7e\u8ffd\u6d77\u6d41\u5149\u65c5\u79df", "order_time": ["2019-01-27 15:01:34"], "total_order": 1, "hotel_value": ["4.7"], "hotel_price": ["148"]}, "6457048": {"hotel_name": "\u4f73\u8f69\u5047\u65e5\u9152\u5e97(\u4e09\u4e9a\u51e4\u51f0\u673a\u573a\u5e97)", "order_time": ["2019-01-27 15:01:37", "2019-01-27 15:23:37"], "total_order": 2, "hotel_value": ["4.5", "4.5"], "hotel_price": ["226", "226"]}, "2188684": {"hotel_name": "\u4e09\u4e9a\u4e2d\u9014\u6d77\u666f\u516c\u5bd3", "order_time": ["2019-01-27 15:02:02"], "total_order": 1, "hotel_value": ["4.6"], "hotel_price": ["432"]}, "12462953": {"hotel_name": "\u4e09\u4e9a\u6d77\u4e0a\u65f6\u5149\u522b\u5885\u5ba2\u6808", "order_time": ["2019-01-27 15:03:28"], "total_order": 1, "hotel_value": ["4.9"], "hotel_price": ["154"]}, "1419670": {"hotel_name": "\u84dd\u5929\u56fd\u9645\u9752\u5e74\u65c5\u820d(\u4e09\u4e9a\u5927\u4e1c\u6d77\u5e97)", "order_time": ["2019-01-27 15:03:29"], "total_order": 1, "hotel_value": ["4.7"], "hotel_price": ["63"]}, "1444888": {"hotel_name": "\u4e09\u4e9a\u5149\u660e\u65c5\u79df", "order_time": ["2019-01-27 15:03:43"], "total_order": 1, "hotel_value": [0], "hotel_price": ["100"]}, "6298012": {"hotel_name": "\u683c\u6797\u8054\u76df\u9152\u5e97(\u4e09\u4e9a\u4e00\u5e02\u573a\u5e97)", "order_time": ["2019-01-27 15:05:33"], "total_order": 1, "hotel_value": ["4.8"], "hotel_price": ["129"]}, "9626476": {"hotel_name": "\u4e09\u4e9a\u67ab\u6797\u665a\u667a\u6167\u4e3b\u9898\u9152\u5e97\u51e4\u51f0\u673a\u573a\u5e97", "order_time": ["2019-01-27 15:05:36"], "total_order": 1, "hotel_value": ["4.8"], "hotel_price": ["199"]}, "25212808": {"hotel_name": "\u65c5\u4e4b\u5bb6\u6d77\u666f\u5ea6\u5047\u516c\u5bd3(\u4e09\u4e9a\u6e7e\u5e97)", "order_time": ["2019-01-27 15:05:40"], "total_order": 1, "hotel_value": ["5.0"], "hotel_price": ["153"]}, "28233192": {"hotel_name": "\u4e09\u4e9a\u6d77\u4e4b\u6d32\u56fd\u9645\u5ea6\u5047\u516c\u5bd3", "order_time": ["2019-01-27 15:06:00"], "total_order": 1, "hotel_value": ["5.0"], "hotel_price": ["966"]}, "1249405": {"hotel_name": "\u4e09\u4e9a\u7b1b\u4f73\u5ba2\u6808(\u539f\u7f8e\u4f73\u5ba2\u6808)", "order_time": ["2019-01-27 15:07:38"], "total_order": 1, "hotel_value": ["4.3"], "hotel_price": ["123"]}, "13323312": {"hotel_name": "\u4e09\u4e9a\u6cf0\u4ed5\u5546\u52a1\u9152\u5e97", "order_time": ["2019-01-27 15:07:39"], "total_order": 1, "hotel_value": ["4.8"], "hotel_price": ["154"]}, "6829684": {"hotel_name": "\u4e09\u4e9a\u6d77\u4f20\u5947\u6d77\u666f\u5ea6\u5047\u516c\u5bd3", "order_time": ["2019-01-27 15:07:58"], "total_order": 1, "hotel_value": ["5.0"], "hotel_price": ["309"]}, "5902128": {"hotel_name": "\u9685\u82b1\u539f\u5c71\u95f4\u8bbe\u8ba1\u9152\u5e97(\u4e09\u4e9a\u51e4\u51f0\u673a\u573a\u5e97)", "order_time": ["2019-01-27 15:08:02"], "total_order": 1, "hotel_value": ["4.7"], "hotel_price": ["298"]}, "18555006": {"hotel_name": "\u4e09\u4e9a\u99a8\u6d77\u5c45\u82b1\u56ed\u6d0b\u623f\u5ea6\u5047\u516c\u5bd3", "order_time": ["2019-01-27 15:09:30"], "total_order": 1, "hotel_value": ["4.9"], "hotel_price": ["340"]}, "6345626": {"hotel_name": "\u67cf\u680e\u5ea6\u5047\u9152\u5e97(\u4e09\u4e9a\u5343\u53e4\u60c5\u5e97)", "order_time": ["2019-01-27 15:09:32"], "total_order": 1, "hotel_value": ["4.5"], "hotel_price": ["373"]}, "6868782": {"hotel_name": "\u4e09\u4e9a\u6d77\u68e0\u6e7e\u6d77\u7684\u9662\u5b50\u6c11\u5bbf", "order_time": ["2019-01-27 15:09:33"], "total_order": 1, "hotel_value": ["4.4"], "hotel_price": ["176"]}, "6486443": {"hotel_name": "\u4e09\u4e9a\u5b9d\u745e\u7cbe\u54c1\u5ea6\u5047\u516c\u5bd3", "order_time": ["2019-01-27 15:09:39"], "total_order": 1, "hotel_value": ["4.4"], "hotel_price": ["193"]}, "2044026": {"hotel_name": "\u4e09\u4e9a\u6d77\u4f9d\u604b\u5feb\u6377\u5bbe\u9986", "order_time": ["2019-01-27 15:09:42"], "total_order": 1, "hotel_value": ["4.8"], "hotel_price": ["83"]}, "10187052": {"hotel_name": "\u4e09\u4e9a\u897f\u897f\u91cc\u7cbe\u54c1\u6c11\u5bbf", "order_time": ["2019-01-27 15:11:31"], "total_order": 1, "hotel_value": ["4.9"], "hotel_price": ["334"]}, "1910344": {"hotel_name": "Q\u52a0\u00b7\u4e09\u4e9a\u5e7f\u4f73\u5047\u65e5\u9152\u5e97", "order_time": ["2019-01-27 15:11:59"], "total_order": 1, "hotel_value": ["4.7"], "hotel_price": ["159"]}, "28366169": {"hotel_name": "7\u5929\u4f18\u54c1\u9152\u5e97(\u4e09\u4e9a\u6e7e\u6d77\u6708\u5e7f\u573a\u6d77\u666f\u5e97)", "order_time": ["2019-01-27 15:13:34"], "total_order": 1, "hotel_value": ["4.8"], "hotel_price": ["172"]}, "18554984": {"hotel_name": "\u4e09\u4e9a\u98d8\u827a\u672f\u5ba2\u6808(\u51e4\u51f0\u673a\u573a\u5e97)", "order_time": ["2019-01-27 15:13:34"], "total_order": 1, "hotel_value": ["4.8"], "hotel_price": ["234"]}, "15717524": {"hotel_name": "\u8d30\u53f7\u8bbe\u8ba1\u9152\u5e97(\u4e09\u4e9a\u51e4\u51f0\u673a\u573a\u5e97)", "order_time": ["2019-01-27 15:13:35"], "total_order": 1, "hotel_value": ["4.7"], "hotel_price": ["197"]}, "469109": {"hotel_name": "\u4e09\u4e9a\u7720\u901f\u00b7\u4f18\u516c\u5bd3(\u539f18\u00b0\u9633\u5149\u5ea6\u5047\u516c\u5bd3)", "order_time": ["2019-01-27 15:13:35"], "total_order": 1, "hotel_value": ["4.9"], "hotel_price": ["178"]}, "24032181": {"hotel_name": "\u4e09\u4e9a\u5fc3\u5bbf\u7cbe\u54c1\u4e3b\u9898\u9152\u5e97", "order_time": ["2019-01-27 15:13:36"], "total_order": 1, "hotel_value": ["4.9"], "hotel_price": ["111"]}, "3002283": {"hotel_name": "\u4e09\u4e9a\u60a6\u5ba2\u6808\u4e3b\u9898\u9152\u5e97", "order_time": ["2019-01-27 15:13:37"], "total_order": 1, "hotel_value": ["4.5"], "hotel_price": ["129"]}, "24045213": {"hotel_name": "\u4e09\u4e9a\u79a7\u66fc\u5c45\u5ea6\u5047\u516c\u5bd3", "order_time": ["2019-01-27 15:13:40"], "total_order": 1, "hotel_value": ["5.0"], "hotel_price": ["502"]}, "3358744": {"hotel_name": "\u4e09\u4e9a\u8346\u68d8\u9e1f\u9752\u5e74\u65c5\u820d", "order_time": ["2019-01-27 15:13:43"], "total_order": 1, "hotel_value": ["4.4"], "hotel_price": ["51"]}, "6480327": {"hotel_name": "\u4e09\u4e9a\u9a91\u884c\u5929\u6daf\u592a\u7a7a\u8231\u9752\u5e74\u65c5\u820d", "order_time": ["2019-01-27 15:15:39"], "total_order": 1, "hotel_value": ["4.2"], "hotel_price": ["40"]}, "28638966": {"hotel_name": "\u4e09\u4e9a\u9038\u81f3\u65c5\u79df", "order_time": ["2019-01-27 15:17:29"], "total_order": 1, "hotel_value": [0], "hotel_price": ["61"]}, "5732547": {"hotel_name": "\u4e09\u4e9a\u8d77\u70b9\u9752\u5e74\u65c5\u820d", "order_time": ["2019-01-27 15:17:33"], "total_order": 1, "hotel_value": ["4.9"], "hotel_price": ["48"]}, "15330406": {"hotel_name": "7\u5929\u9152\u5e97(\u4e09\u4e9a\u4e9a\u9f99\u6e7e\u666f\u533a\u5e97)", "order_time": ["2019-01-27 15:19:30"], "total_order": 1, "hotel_value": ["4.5"], "hotel_price": ["144"]}, "2701655": {"hotel_name": "\u4e09\u4e9a\u6162\u8282\u594f\u6d77\u666f\u7cbe\u54c1\u5ba2\u6808", "order_time": ["2019-01-27 15:19:31"], "total_order": 1, "hotel_value": ["4.7"], "hotel_price": ["133"]}, "1642576": {"hotel_name": "\u4e09\u4e9a\u5b50\u60a6\u5eb7\u5e74\u4e3b\u9898\u5957\u623f\u5ea6\u5047\u9152\u5e97", "order_time": ["2019-01-27 15:19:31"], "total_order": 1, "hotel_value": ["4.7"], "hotel_price": ["422"]}, "1700938": {"hotel_name": "\u4e09\u4e9a\u541b\u4e34\u5047\u65e5\u9152\u5e97", "order_time": ["2019-01-27 15:19:33"], "total_order": 1, "hotel_value": ["4.5"], "hotel_price": ["110"]}, "21696606": {"hotel_name": "\u989c\u820d\u6d77\u666f\u522b\u5885\u9152\u5e97(\u4e09\u4e9a\u5927\u4e1c\u6d77\u5e97)", "order_time": ["2019-01-27 15:21:30"], "total_order": 1, "hotel_value": ["4.8"], "hotel_price": ["198"]}, "1692016": {"hotel_name": "\u4e09\u4e9a\u65f6\u5c1a\u6807\u81f4\u7cbe\u54c1\u9152\u5e97(\u539f\u65f6\u5c1a\u6807\u5fd7\u7cbe\u54c1\u9152\u5e97)", "order_time": ["2019-01-27 15:21:32"], "total_order": 1, "hotel_value": ["4.0"], "hotel_price": ["113"]}, "1382708": {"hotel_name": "\u4e09\u4e9a\u6d77\u66fc\u5ea6\u5047\u516c\u5bd3(\u539f\u6d77\u97f5\u5ea6\u5047\u516c\u5bd3)", "order_time": ["2019-01-27 15:21:33"], "total_order": 1, "hotel_value": ["3.5"], "hotel_price": ["76"]}, "4694643": {"hotel_name": "\u4e09\u4e9a\u4e9a\u9f99\u6e7e\u559c\u820d\u6cf3\u6c60\u522b\u5885\u5ea6\u5047\u516c\u5bd3(\u539f\u559c\u820d\u4eca\u559c\u6765\u7cbe\u54c1\u5ea6\u5047\u9152\u5e97)", "order_time": ["2019-01-27 15:21:33"], "total_order": 1, "hotel_value": ["4.7"], "hotel_price": ["314"]}, "12104544": {"hotel_name": "\u60a6\u746d\u00b7\u4e09\u4e9a\u6d77\u7cbe\u9009\u9152\u5e97", "order_time": ["2019-01-27 15:21:33"], "total_order": 1, "hotel_value": ["4.8"], "hotel_price": ["323"]}, "346766": {"hotel_name": "\u4e09\u4e9a\u4e9a\u9f99\u6e7e\u51ef\u83b1\u4ed9\u4eba\u638c\u5ea6\u5047\u9152\u5e97", "order_time": ["2019-01-27 15:21:47"], "total_order": 1, "hotel_value": ["4.6"], "hotel_price": ["548"]}, "28127884": {"hotel_name": "\u4e09\u4e9a\u6d77\u68e0\u6e7e\u8def\u68ee\u6d77\u5cb8\u6cf3\u6c60\u522b\u5885", "order_time": ["2019-01-27 15:21:57"], "total_order": 1, "hotel_value": ["5.0"], "hotel_price": ["3020"]}, "21806731": {"hotel_name": "\u4e09\u4e9a\u590f\u65e5\u6d6a\u82b1\u5ea6\u5047\u6d0b\u623f\u522b\u5885", "order_time": ["2019-01-27 15:21:57"], "total_order": 1, "hotel_value": ["4.9"], "hotel_price": ["478"]}, "670132": {"hotel_name": "\u5929\u827a\u56fd\u9645\u9152\u5e97(\u4e09\u4e9a\u5927\u4e1c\u6d77\u5e97)(\u539f\u4e16\u7eaa\u8c6a\u5ead\u9152\u5e97)", "order_time": ["2019-01-27 15:23:35"], "total_order": 1, "hotel_value": ["4.3"], "hotel_price": ["287"]}, "1994723": {"hotel_name": "\u4e09\u4e9a\u51e4\u51f0\u5c9b\u661f\u5bb8\u6d77\u666f\u5ea6\u5047\u9152\u5e97", "order_time": ["2019-01-27 15:23:35"], "total_order": 1, "hotel_value": ["4.2"], "hotel_price": ["512"]}, "345095": {"hotel_name": "\u4e09\u4e9a\u9ece\u5ba2\u56fd\u9645\u9152\u5e97", "order_time": ["2019-01-27 15:23:49"], "total_order": 1, "hotel_value": ["4.4"], "hotel_price": ["386"]}, "470577": {"hotel_name": "\u4e09\u4e9a\u5357\u5c71\u4f11\u95f2\u4f1a\u9986\u7985\u4fee\u4e3b\u9898", "order_time": ["2019-01-27 15:23:49"], "total_order": 1, "hotel_value": ["4.5"], "hotel_price": ["566"]}, "747674": {"hotel_name": "\u9675\u6c34\u6e05\u6c34\u6e7e\u6d77\u6d0b\u4e4b\u661f\u9152\u5e97", "order_time": ["2019-01-27 15:23:49"], "total_order": 1, "hotel_value": ["4.5"], "hotel_price": ["342"]}, "25395393": {"hotel_name": "\u4e09\u4e9a\u51e4\u51f0\u82b1\u5f00\u5728\u8def\u4e0a\u6c11\u5bbf", "order_time": ["2019-01-27 15:25:48"], "total_order": 1, "hotel_value": [0], "hotel_price": ["125"]}, "8616662": {"hotel_name": "\u4e09\u4e9a\u62fe\u5149\u96c6\u827a\u672f\u4e3b\u9898\u9152\u5e97(\u539f\u4e09\u4e9a\u62fe\u5149\u96c6\u7cbe\u54c1\u6c11\u5bbf)", "order_time": ["2019-01-27 15:25:57"], "total_order": 1, "hotel_value": ["4.8"], "hotel_price": ["227"]}, "1377566": {"hotel_name": "\u4e09\u4e9a\u4e9a\u9f99\u6e7e\u4ec1\u8fbe\u5ea6\u5047\u516c\u5bd3", "order_time": ["2019-01-27 15:27:38"], "total_order": 1, "hotel_value": ["4.6"], "hotel_price": ["318"]}, "3289062": {"hotel_name": "\u79d1\u5b9d\u5e84\u56ed\u5927\u9152\u5e97(\u4e09\u4e9a\u5d16\u5dde\u5e97)", "order_time": ["2019-01-27 15:29:31"], "total_order": 1, "hotel_value": ["4.2"], "hotel_price": ["240"]}, "983678": {"hotel_name": "\u6c49\u5ead\u9152\u5e97(\u4e09\u4e9a\u4e09\u4e9a\u6e7e\u5e97)(\u539f\u5409\u7965\u8857\u5e97)", "order_time": ["2019-01-27 15:29:31"], "total_order": 1, "hotel_value": ["4.1"], "hotel_price": ["169"]}, "6503543": {"hotel_name": "\u4e09\u4e9a\u6c5f\u5357\u767e\u60a6\u5546\u52a1\u5927\u9152\u5e97", "order_time": ["2019-01-27 15:29:31"], "total_order": 1, "hotel_value": ["4.2"], "hotel_price": ["230"]}, "8681237": {"hotel_name": "\u4e09\u4e9a\u5927\u4e1c\u6d77\u5fc6\u8bed\u6d41\u5e74\u4e3b\u9898\u9152\u5e97", "order_time": ["2019-01-27 15:29:31"], "total_order": 1, "hotel_value": ["4.8"], "hotel_price": ["182"]}, "3290149": {"hotel_name": "\u4e09\u4e9a\u5b9d\u76db\u7cbe\u54c1\u5927\u9152\u5e97(\u539f\u5b9d\u76db\u6d77\u666f\u5927\u9152\u5e97)", "order_time": ["2019-01-27 15:29:31"], "total_order": 1, "hotel_value": ["4.1"], "hotel_price": ["189"]}, "2883738": {"hotel_name": "\u4e09\u4e9a\u9082\u9005\u65f6\u5149\u827a\u672f\u5ba2\u6808", "order_time": ["2019-01-27 15:29:31"], "total_order": 1, "hotel_value": ["4.6"], "hotel_price": ["185"]}, "15226316": {"hotel_name": "TOWO\u4e0a\u54c1\u9152\u5e97(\u4e09\u4e9a\u6e7e\u5e97)", "order_time": ["2019-01-27 15:29:33"], "total_order": 1, "hotel_value": ["4.7"], "hotel_price": ["255"]}, "24771665": {"hotel_name": "\u4e09\u4e9a\u6d77\u68e0\u6e7e\u6d77\u5fc5\u4f4f\u5ea6\u5047\u516c\u5bd3", "order_time": ["2019-01-27 15:29:33"], "total_order": 1, "hotel_value": ["4.8"], "hotel_price": ["299"]}, "1874773": {"hotel_name": "\u4e09\u4e9a\u6d77\u68e0\u6e7e\u798f\u6e7e\u5ea6\u5047\u516c\u5bd3(\u539f\u6d77\u68e0\u798f\u6e7e\u9ad8\u7ea7\u6d77\u666f\u516c\u5bd3)", "order_time": ["2019-01-27 15:29:33"], "total_order": 1, "hotel_value": ["4.8"], "hotel_price": ["529"]}, "23929438": {"hotel_name": "\u90b8\u8bfa\u5171\u4eab\u522b\u5885\u516c\u5bd3(\u4e09\u4e9a\u6d77\u68e0\u6e7e\u5e97)", "order_time": ["2019-01-27 15:29:33"], "total_order": 1, "hotel_value": ["4.7"], "hotel_price": ["574"]}, "8577439": {"hotel_name": "\u5361\u739b\u51b2\u6d6a\u5ba2\u6808\uff08\u4e09\u4e9a\u8708\u652f\u6d32\u5c9b\u7801\u5934\u5e97\uff09", "order_time": ["2019-01-27 15:29:35"], "total_order": 1, "hotel_value": ["4.4"], "hotel_price": ["239"]}, "2893419": {"hotel_name": "\u4e09\u4e9a\u5229\u83b1\u9152\u5e97(\u539f\u6021\u83b1\u9152\u5e97)", "order_time": ["2019-01-27 15:29:36"], "total_order": 1, "hotel_value": ["4.0"], "hotel_price": ["99"]}, "1701097": {"hotel_name": "\u4e09\u4e9a\u6dcb\u68ee\u5546\u52a1\u9152\u5e97", "order_time": ["2019-01-27 15:29:38"], "total_order": 1, "hotel_value": ["4.1"], "hotel_price": ["145"]}, "900548": {"hotel_name": "\u57ce\u5e02\u4fbf\u6377\u9152\u5e97(\u4e09\u4e9a\u6e7e\u6b65\u884c\u8857\u5e97)", "order_time": ["2019-01-27 15:29:38"], "total_order": 1, "hotel_value": ["4.4"], "hotel_price": ["175"]}, "5980581": {"hotel_name": "\u4e09\u4e9a\u73ba\u6cfd\u6d77\u666f\u65c5\u5c45(\u539f\u6d77\u60a6\u661f\u8fb0\u6d77\u666f\u5ea6\u5047\u516c\u5bd3)", "order_time": ["2019-01-27 15:29:39"], "total_order": 1, "hotel_value": ["4.8"], "hotel_price": ["200"]}, "1409912": {"hotel_name": "\u4e09\u4e9a3W\u6d77\u666f\u9152\u5e97", "order_time": ["2019-01-27 15:29:39"], "total_order": 1, "hotel_value": ["4.7"], "hotel_price": ["148"]}, "1048330": {"hotel_name": "\u4e09\u4e9aNANUNA\u51b2\u6d6a\u5ea6\u5047\u9152\u5e97", "order_time": ["2019-01-27 15:29:40"], "total_order": 1, "hotel_value": ["4.1"], "hotel_price": ["453"]}, "345093": {"hotel_name": "\u4e09\u4e9a\u9633\u5149\u5927\u9152\u5e97", "order_time": ["2019-01-27 15:29:45"], "total_order": 1, "hotel_value": ["4.6"], "hotel_price": ["406"]}, "21093178": {"hotel_name": "\u4e09\u4e9a\u60c5\u6d77\u4e00\u5bbf\u65c5\u79df", "order_time": ["2019-01-27 15:30:06"], "total_order": 1, "hotel_value": ["4.9"], "hotel_price": ["133"]}, "10919963": {"hotel_name": "\u4e09\u4e9a\u5149\u5f71\u5e74\u8f6e\u7cbe\u54c1\u5ba2\u6808", "order_time": ["2019-01-27 15:31:30"], "total_order": 1, "hotel_value": ["4.8"], "hotel_price": ["129"]}, "15708320": {"hotel_name": "\u7f8e\u6811\u6770\u660e\u5047\u65e5\u9152\u5e97(\u4e09\u4e9a\u5927\u6811\u516c\u9986\u5e97)", "order_time": ["2019-01-27 15:33:30"], "total_order": 1, "hotel_value": ["4.4"], "hotel_price": ["222"]}}}