{"\u5f00\u59cb\u8bb0\u5f55\u65f6\u95f4": "2019-01-22 21:43:21", "\u7ed3\u675f\u8bb0\u5f55\u65f6\u95f4": "2019-01-22 22:43:22", "\u8ba2\u5355\u603b\u589e\u91cf": 204, "item": {"5634155": {"hotel_name": "\u4e09\u4e9a\u6e7e\u7ea2\u6811\u6797\u5ea6\u5047\u4e16\u754c(\u68d5\u6988\u738b\u56fd\u4eb2\u5b50\u4e3b\u9898\u5e97)", "order_time": ["2019-01-22 21:47:29", "2019-01-22 21:45:28"], "total_order": 2, "hotel_value": ["4.7", "4.7"], "hotel_price": ["1149", "1149"]}, "6541448": {"hotel_name": "\u4e09\u4e9a\u745e\u6cf0\u660e\u73e0\u9152\u5e97(\u51e4\u51f0\u673a\u573a\u5e97)", "order_time": ["2019-01-22 21:47:29", "2019-01-22 21:45:28"], "total_order": 2, "hotel_value": ["4.6", "4.6"], "hotel_price": ["206", "206"]}, "13293731": {"hotel_name": "\u4e09\u4e9a\u6f9c\u82d1\u5546\u52a1\u9152\u5e97", "order_time": ["2019-01-22 21:45:28"], "total_order": 1, "hotel_value": ["4.5"], "hotel_price": ["296"]}, "6841281": {"hotel_name": "\u4e09\u4e9a\u60a6\u4fe1\u7f8e\u9ad8\u7f8e\u56fd\u9645\u9152\u5e97", "order_time": ["2019-01-22 21:45:28"], "total_order": 1, "hotel_value": ["4.6"], "hotel_price": ["453"]}, "346711": {"hotel_name": "\u4e09\u4e9a\u541b\u9526\u6ee8\u6d77\u9152\u5e97", "order_time": ["2019-01-22 21:45:28"], "total_order": 1, "hotel_value": ["4.4"], "hotel_price": ["260"]}, "1682691": {"hotel_name": "\u4e09\u4e9a\u4eac\u6d77\u56fd\u9645\u5047\u65e5\u9152\u5e97", "order_time": ["2019-01-22 21:45:28"], "total_order": 1, "hotel_value": ["4.6"], "hotel_price": ["538"]}, "14249344": {"hotel_name": "\u4e09\u4e9a\u4e9a\u7279\u5170\u8482\u65af\u9152\u5e97", "order_time": ["2019-01-22 21:45:28"], "total_order": 1, "hotel_value": ["4.6"], "hotel_price": ["3088"]}, "374842": {"hotel_name": "\u4e09\u4e9a\u6e7e\u6d77\u5c45\u94c2\u5c14\u66fc\u5ea6\u5047\u9152\u5e97", "order_time": ["2019-01-22 21:45:28"], "total_order": 1, "hotel_value": ["4.7"], "hotel_price": ["840"]}, "6294985": {"hotel_name": "\u4e09\u4e9a\u660c\u5170\u697c\u5feb\u6377\u9152\u5e97", "order_time": ["2019-01-22 21:45:28"], "total_order": 1, "hotel_value": ["3.8"], "hotel_price": ["108"]}, "468875": {"hotel_name": "\u6674\u5929\u7389\u6ee9\u6d77\u666f\u5ea6\u5047\u516c\u5bd3(\u4e09\u4e9a\u6e7e\u5e97)", "order_time": ["2019-01-22 21:45:29"], "total_order": 1, "hotel_value": ["4.1"], "hotel_price": ["132"]}, "1874773": {"hotel_name": "\u4e09\u4e9a\u6d77\u68e0\u6e7e\u798f\u6e7e\u5ea6\u5047\u516c\u5bd3(\u539f\u6d77\u68e0\u798f\u6e7e\u9ad8\u7ea7\u6d77\u666f\u516c\u5bd3)", "order_time": ["2019-01-22 21:45:29"], "total_order": 1, "hotel_value": ["4.8"], "hotel_price": ["400"]}, "910293": {"hotel_name": "\u4e09\u4e9a\u4e9a\u9f99\u6e7e\u68a6\u65c5\u4eba\u5ba2\u6808", "order_time": ["2019-01-22 21:45:29", "2019-01-22 21:51:27"], "total_order": 2, "hotel_value": ["4.9", "4.9"], "hotel_price": ["97", "97"]}, "370832": {"hotel_name": "\u4e09\u4e9a\u9e7f\u9890\u6d77\u666f\u9152\u5e97(\u539f\u8377\u6cf0\u6d77\u666f\u9152\u5e97)", "order_time": ["2019-01-22 21:45:29"], "total_order": 1, "hotel_value": ["4.6"], "hotel_price": ["488"]}, "468707": {"hotel_name": "\u54ea\u91cc\u90a3\u91cc\u6d77\u5cb8\u7cbe\u54c1\u5ba2\u6808(\u4e09\u4e9a\u6e7e\u5e97)", "order_time": ["2019-01-22 22:33:49", "2019-01-22 21:45:31"], "total_order": 2, "hotel_value": ["4.6", "4.6"], "hotel_price": ["189", "189"]}, "6460482": {"hotel_name": "\u4e09\u4e9a\u4e9a\u9f99\u6e7e\u751f\u547d\u6cc9\u7cbe\u54c1\u5ea6\u5047\u9152\u5e97", "order_time": ["2019-01-22 21:47:28"], "total_order": 1, "hotel_value": ["4.7"], "hotel_price": ["500"]}, "1580558": {"hotel_name": "\u901f8\u9152\u5e97(\u4e09\u4e9a\u6e7e\u5409\u7965\u8857\u5e97)", "order_time": ["2019-01-22 21:47:29"], "total_order": 1, "hotel_value": ["4.6"], "hotel_price": ["135"]}, "21634169": {"hotel_name": "\u7f18\u7b51\u00b7\u4e09\u4e9a\u6162\u70b9\u5ea6\u5047\u516c\u5bd3(\u64ce\u5929\u534a\u5c9b\u5e97)", "order_time": ["2019-01-22 21:47:29"], "total_order": 1, "hotel_value": ["4.7"], "hotel_price": ["178"]}, "808618": {"hotel_name": "7\u5929\u8fde\u9501\u9152\u5e97(\u4e09\u4e9a\u4e09\u4e9a\u6e7e\u6d77\u666f\u5e97)", "order_time": ["2019-01-22 21:47:29", "2019-01-22 22:11:47"], "total_order": 2, "hotel_value": ["4.2", "4.2"], "hotel_price": ["115", "115"]}, "16948036": {"hotel_name": "\u4e09\u4e9a\u6e7e\u7ea2\u6811\u6797\u5ea6\u5047\u4e16\u754c(\u5927\u738b\u68d5\u9152\u5e97)", "order_time": ["2019-01-22 21:47:29", "2019-01-22 22:33:41", "2019-01-22 22:07:41"], "total_order": 3, "hotel_value": ["4.7", "4.7", "4.7"], "hotel_price": ["900", "900", "900"]}, "2216767": {"hotel_name": "\u7ef4\u4e5f\u7eb3\u9152\u5e97(\u4e09\u4e9a\u6e7e\u5e97)", "order_time": ["2019-01-22 21:47:29"], "total_order": 1, "hotel_value": ["4.8"], "hotel_price": ["368"]}, "4388404": {"hotel_name": "\u4e09\u4e9a\u7f8e\u4e3d\u4e4b\u51a0\u5927\u6811\u9152\u5e97", "order_time": ["2019-01-22 21:47:29"], "total_order": 1, "hotel_value": ["4.3"], "hotel_price": ["230"]}, "879235": {"hotel_name": "Q\u52a0\u00b7\u4e09\u4e9a\u591a\u4e50\u5c45\u5bb6\u5ead\u6d77\u666f\u516c\u5bd3", "order_time": ["2019-01-22 21:47:30"], "total_order": 1, "hotel_value": ["4.7"], "hotel_price": ["148"]}, "2048043": {"hotel_name": "\u4e09\u4e9a\u91d1\u51e4\u51f0\u6d77\u5cb8\u5ea6\u5047\u516c\u5bd3", "order_time": ["2019-01-22 21:47:30"], "total_order": 1, "hotel_value": ["4.7"], "hotel_price": ["298"]}, "375179": {"hotel_name": "\u4e09\u4e9a\u6e7e\u7ea2\u6811\u6797\u5ea6\u5047\u4e16\u754c(\u6728\u68c9\u9152\u5e97)", "order_time": ["2019-01-22 21:49:28"], "total_order": 1, "hotel_value": ["4.6"], "hotel_price": ["756"]}, "6781451": {"hotel_name": "\u4e09\u4e9a\u79d1\u5b9d\u5927\u9152\u5e97", "order_time": ["2019-01-22 21:49:28"], "total_order": 1, "hotel_value": ["4.8"], "hotel_price": ["128"]}, "21765890": {"hotel_name": "\u4e09\u4e9a\u5361\u838e\u4e3b\u9898\u9152\u5e97", "order_time": ["2019-01-22 21:49:28"], "total_order": 1, "hotel_value": ["4.6"], "hotel_price": ["118"]}, "9152765": {"hotel_name": "\u4e09\u4e9a\u5fc6\u6816\u4e3b\u9898\u5ba2\u6808", "order_time": ["2019-01-22 21:49:28"], "total_order": 1, "hotel_value": ["4.5"], "hotel_price": ["100"]}, "1470056": {"hotel_name": "Q\u52a0\u00b7\u4e09\u4e9a\u8fd9\u7247\u6d77\u5ea6\u5047\u6d77\u666f\u5ba2\u6808", "order_time": ["2019-01-22 21:49:28"], "total_order": 1, "hotel_value": ["4.6"], "hotel_price": ["177"]}, "6446036": {"hotel_name": "\u4e09\u4e9a\u51e4\u51f0\u673a\u573a\u9152\u5e97", "order_time": ["2019-01-22 21:49:28"], "total_order": 1, "hotel_value": ["4.6"], "hotel_price": ["406"]}, "5902128": {"hotel_name": "\u9685\u82b1\u539f\u5c71\u95f4\u8bbe\u8ba1\u9152\u5e97(\u4e09\u4e9a\u51e4\u51f0\u673a\u573a\u5e97)", "order_time": ["2019-01-22 22:33:44", "2019-01-22 21:49:28"], "total_order": 2, "hotel_value": ["4.7", "4.7"], "hotel_price": ["213", "213"]}, "9626476": {"hotel_name": "\u4e09\u4e9a\u67ab\u6797\u665a\u667a\u6167\u4e3b\u9898\u9152\u5e97\u51e4\u51f0\u673a\u573a\u5e97", "order_time": ["2019-01-22 21:49:28"], "total_order": 1, "hotel_value": ["4.7"], "hotel_price": ["268"]}, "345082": {"hotel_name": "\u4e09\u4e9a\u6587\u534e\u4e1c\u65b9\u9152\u5e97", "order_time": ["2019-01-22 21:49:28"], "total_order": 1, "hotel_value": ["4.7"], "hotel_price": ["1376"]}, "1303364": {"hotel_name": "\u53cb\u5bb6\u5ea6\u5047\u516c\u5bd3(\u4e09\u4e9a\u4e9a\u9f99\u6e7e\u7533\u4e9a\u7fe1\u7fe0\u8c37\u5e97)", "order_time": ["2019-01-22 21:49:29"], "total_order": 1, "hotel_value": ["4.6"], "hotel_price": ["235"]}, "21124267": {"hotel_name": "\u4e09\u4e9a\u7545\u4eab\u6d77\u666f\u5ea6\u5047\u516c\u5bd3", "order_time": ["2019-01-22 21:49:29"], "total_order": 1, "hotel_value": ["5.0"], "hotel_price": ["150"]}, "25219265": {"hotel_name": "\u4e09\u4e9a\u7f18\u6765\u58f9\u5bb6\u5ba2\u6808", "order_time": ["2019-01-22 22:24:19", "2019-01-22 21:49:31", "2019-01-22 22:22:10"], "total_order": 3, "hotel_value": ["4.8", "4.8", "4.8"], "hotel_price": ["188", "188", "188"]}, "1377449": {"hotel_name": "Q\u52a0\u00b7\u4e09\u4e9a\u51e4\u51f0\u5c9b\u60a6\u4f73\u6d77\u4e0a\u516c\u5bd3", "order_time": ["2019-01-22 21:51:27"], "total_order": 1, "hotel_value": ["4.7"], "hotel_price": ["1063"]}, "428318": {"hotel_name": "\u4e09\u4e9a\u6021\u5ead\u9152\u5e97", "order_time": ["2019-01-22 21:51:27"], "total_order": 1, "hotel_value": ["4.7"], "hotel_price": ["215"]}, "1651443": {"hotel_name": "\u5c1a\u5ba2\u4f18\u5feb\u6377\u9152\u5e97(\u4e09\u4e9a\u6e7e\u5e97)", "order_time": ["2019-01-22 21:51:27"], "total_order": 1, "hotel_value": ["3.9"], "hotel_price": ["103"]}, "13323312": {"hotel_name": "\u4e09\u4e9a\u6cf0\u4ed5\u5546\u52a1\u9152\u5e97", "order_time": ["2019-01-22 21:51:27"], "total_order": 1, "hotel_value": ["4.8"], "hotel_price": ["136"]}, "6450523": {"hotel_name": "\u4e09\u4e9a\u5c71\u6d77\u5929\u5927\u9152\u5e97\u00b7\u50b2\u9014\u683c\u7cbe\u9009", "order_time": ["2019-01-22 21:51:27"], "total_order": 1, "hotel_value": ["4.8"], "hotel_price": ["986"]}, "6126289": {"hotel_name": "\u4e09\u4e9a\u84dd\u6d77\u4e00\u53f7\u6d77\u5cb8\u9152\u5e97", "order_time": ["2019-01-22 21:51:28"], "total_order": 1, "hotel_value": ["4.8"], "hotel_price": ["162"]}, "457450": {"hotel_name": "\u4e09\u4e9a\u534a\u5c71\u534a\u5c9b\u5b89\u7eb3\u5854\u62c9\u5ea6\u5047\u9152\u5e97", "order_time": ["2019-01-22 21:51:28", "2019-01-22 22:25:46"], "total_order": 2, "hotel_value": ["4.5", "4.5"], "hotel_price": ["855", "855"]}, "896368": {"hotel_name": "\u4e09\u4e9a\u90a3\u8fb9\u6d77\u6d77\u666f\u5ea6\u5047\u516c\u5bd3", "order_time": ["2019-01-22 21:53:32"], "total_order": 1, "hotel_value": ["4.8"], "hotel_price": ["660"]}, "879580": {"hotel_name": "\u9526\u6c5f\u4e4b\u661f(\u4e09\u4e9a\u56fd\u9645\u8d2d\u7269\u4e2d\u5fc3\u6d77\u666f\u5e97)", "order_time": ["2019-01-22 21:53:32"], "total_order": 1, "hotel_value": ["4.5"], "hotel_price": ["169"]}, "6639568": {"hotel_name": "\u4e09\u4e9a\u6f2b\u751f\u6d3b\u5ea6\u5047\u7cbe\u54c1\u6d0b\u623f\u522b\u5885", "order_time": ["2019-01-22 21:53:32"], "total_order": 1, "hotel_value": ["4.6"], "hotel_price": ["690"]}, "14842258": {"hotel_name": "\u4e09\u4e9a\u604b\u590f\u522b\u5885", "order_time": ["2019-01-22 21:53:33"], "total_order": 1, "hotel_value": ["4.8"], "hotel_price": ["171"]}, "345088": {"hotel_name": "\u4e09\u4e9a\u5929\u6cfd\u6d77\u97f5\u5ea6\u5047\u9152\u5e97", "order_time": ["2019-01-22 21:53:39"], "total_order": 1, "hotel_value": ["4.4"], "hotel_price": ["388"]}, "842998": {"hotel_name": "\u541b\u6f9c\u00b7\u4e09\u4e9a\u6e7e\u8fce\u5bbe\u9986\u6d77\u666f\u5ea6\u5047\u9152\u5e97", "order_time": ["2019-01-22 21:55:30"], "total_order": 1, "hotel_value": ["4.8"], "hotel_price": ["529"]}, "1739015": {"hotel_name": "\u4e09\u4e9a\u9f99\u5174\u83b1\u66fc\u6d77\u666f\u5ea6\u5047\u9152\u5e97", "order_time": ["2019-01-22 21:55:30"], "total_order": 1, "hotel_value": ["4.4"], "hotel_price": ["489"]}, "3068224": {"hotel_name": "\u4e09\u4e9a\u5927\u4e1c\u6d77HOME\u5957\u623f\u5ea6\u5047\u6d77\u666f\u5ba2\u6808", "order_time": ["2019-01-22 21:55:31"], "total_order": 1, "hotel_value": ["4.8"], "hotel_price": ["138"]}, "20617615": {"hotel_name": "\u5982\u4f73\u5feb\u6377\u5bbe\u9986(\u4e09\u4e9a\u6d77\u68e0\u6e7e\u5e97)", "order_time": ["2019-01-22 22:05:50", "2019-01-22 21:55:31"], "total_order": 2, "hotel_value": ["4.7", "4.7"], "hotel_price": ["124", "124"]}, "2260152": {"hotel_name": "\u4e09\u4e9a\u51e4\u51f0\u56fd\u9645\u673a\u573a100\u5ba2\u6808", "order_time": ["2019-01-22 21:55:35"], "total_order": 1, "hotel_value": ["4.4"], "hotel_price": ["112"]}, "2650221": {"hotel_name": "\u4e09\u4e9a\u7c73\u6735\u4e3b\u9898\u6d77\u666f\u516c\u5bd3", "order_time": ["2019-01-22 21:57:30"], "total_order": 1, "hotel_value": ["4.7"], "hotel_price": ["372"]}, "470083": {"hotel_name": "\u6d77\u5357\u96c5\u5c45\u4e50\u83b1\u4f5b\u58eb\u9152\u5e97", "order_time": ["2019-01-22 21:57:32"], "total_order": 1, "hotel_value": ["4.8"], "hotel_price": ["988"]}, "10187052": {"hotel_name": "\u4e09\u4e9a\u897f\u897f\u91cc\u7cbe\u54c1\u6c11\u5bbf", "order_time": ["2019-01-22 21:57:36"], "total_order": 1, "hotel_value": ["4.9"], "hotel_price": ["257"]}, "6610953": {"hotel_name": "\u4e09\u4e9a520\u5ba2\u6808", "order_time": ["2019-01-22 21:59:34"], "total_order": 1, "hotel_value": ["4.2"], "hotel_price": ["113"]}, "9580477": {"hotel_name": "\u5411\u65e5\u8475\u6d77\u5cb8\u5ba2\u6808(\u4e09\u4e9a\u51e4\u51f0\u673a\u573a\u5e97)", "order_time": ["2019-01-22 21:59:35"], "total_order": 1, "hotel_value": ["4.6"], "hotel_price": ["164"]}, "1861354": {"hotel_name": "\u683c\u6797\u8c6a\u6cf0(\u4e09\u4e9a\u6625\u56ed\u6d77\u9c9c\u5e7f\u573a\u5feb\u6377\u9152\u5e97)", "order_time": ["2019-01-22 21:59:35"], "total_order": 1, "hotel_value": ["4.0"], "hotel_price": ["134"]}, "6485192": {"hotel_name": "\u4e09\u4e9a\u5927\u4e1c\u6d77\u7cbe\u54c1\u6d77\u666f\u5ea6\u5047\u516c\u5bd3", "order_time": ["2019-01-22 21:59:35"], "total_order": 1, "hotel_value": ["4.6"], "hotel_price": ["146"]}, "5982505": {"hotel_name": "\u4e09\u4e9a\u6d1b\u4e3d\u5854\u6d77\u666f\u5ea6\u5047\u516c\u9986", "order_time": ["2019-01-22 21:59:35"], "total_order": 1, "hotel_value": ["4.7"], "hotel_price": ["204"]}, "3041884": {"hotel_name": "\u4e09\u4e9a\u4e3d\u79be\u6e29\u5fb7\u59c6\u9152\u5e97", "order_time": ["2019-01-22 21:59:36", "2019-01-22 22:11:43"], "total_order": 2, "hotel_value": ["4.8", "4.8"], "hotel_price": ["730", "730"]}, "15989436": {"hotel_name": "\u5e86\u4e49\u4e45\u7cbe\u54c1\u5ba2\u6808(\u4e9a\u9f99\u6e7e\u5343\u53e4\u60c5\u5e97)", "order_time": ["2019-01-22 21:59:37"], "total_order": 1, "hotel_value": ["4.7"], "hotel_price": ["135"]}, "480163": {"hotel_name": "\u4e09\u4e9a\u6d77\u89d2\u4e4b\u65c5\u9152\u5e97(\u539f\u60a6\u6765\u5ba2\u6808\u4e09\u4e9a\u51e4\u51f0\u673a\u573a\u6c34\u5cb8\u5e97)", "order_time": ["2019-01-22 21:59:39"], "total_order": 1, "hotel_value": ["4.6"], "hotel_price": ["153"]}, "8577314": {"hotel_name": "\u4e09\u4e9a\u7f8e\u4e3d\u4e4b\u51a0\u5e78\u798f\u6811\u5ea6\u5047\u9152\u5e97", "order_time": ["2019-01-22 21:59:40"], "total_order": 1, "hotel_value": ["4.0"], "hotel_price": ["167"]}, "1720655": {"hotel_name": "\u4e09\u4e9a\u4fe1\u548c\u5546\u52a1\u9152\u5e97", "order_time": ["2019-01-22 21:59:41"], "total_order": 1, "hotel_value": ["3.4"], "hotel_price": ["122"]}, "842890": {"hotel_name": "\u4e09\u4e9a\u52c3\u7fd4\u6d77\u666f\u9152\u5e97(\u539f\u4e00\u8def\u5411\u5357\u65c5\u884c\u5ba2\u6808)", "order_time": ["2019-01-22 21:59:42"], "total_order": 1, "hotel_value": ["4.5"], "hotel_price": ["97"]}, "1302656": {"hotel_name": "\u4e09\u4e9a\u7231\u4e3d\u5c0f\u820d\u4e3b\u9898\u5ba2\u6808", "order_time": ["2019-01-22 21:59:42"], "total_order": 1, "hotel_value": ["4.6"], "hotel_price": ["124"]}, "1689837": {"hotel_name": "\u4e09\u4e9a\u534e\u9038\u5546\u52a1\u9152\u5e97", "order_time": ["2019-01-22 21:59:43"], "total_order": 1, "hotel_value": ["2.8"], "hotel_price": ["88"]}, "437661": {"hotel_name": "\u4e09\u4e9a\u534a\u5c71\u9526\u6c5f\u6d77\u666f\u5ea6\u5047\u9152\u5e97", "order_time": ["2019-01-22 22:01:34"], "total_order": 1, "hotel_value": ["4.6"], "hotel_price": ["471"]}, "1486657": {"hotel_name": "\u4e09\u4e9a\u661f\u60a6\u5ea6\u5047\u9152\u5e97", "order_time": ["2019-01-22 22:01:34"], "total_order": 1, "hotel_value": ["4.3"], "hotel_price": ["125"]}, "26483436": {"hotel_name": "\u4e09\u4e9a\u4e0e\u9e7f\u9752\u5e74\u65c5\u820d", "order_time": ["2019-01-22 22:01:35"], "total_order": 1, "hotel_value": ["4.9"], "hotel_price": ["49"]}, "4371952": {"hotel_name": "\u4e09\u4e9a\u534e\u5b87\u4e9a\u9f99\u6e7e\u8fce\u5bbe\u9986", "order_time": ["2019-01-22 22:11:43", "2019-01-22 22:01:36"], "total_order": 2, "hotel_value": ["4.7", "4.7"], "hotel_price": ["2249", "2249"]}, "440033": {"hotel_name": "Q\u52a0\u00b7\u4e09\u4e9a\u7f8e\u6021\u6d77\u5cb8\u5ba2\u6808", "order_time": ["2019-01-22 22:01:38"], "total_order": 1, "hotel_value": ["4.7"], "hotel_price": ["123"]}, "1281635": {"hotel_name": "\u4e09\u4e9a\u4e9a\u9f99\u6e7e\u516c\u4e3b\u90e1\u4e09\u671f\u6d0b\u623f", "order_time": ["2019-01-22 22:01:39"], "total_order": 1, "hotel_value": ["4.6"], "hotel_price": ["412"]}, "1713309": {"hotel_name": "\u4e09\u4e9a\u5e7d\u5de2\u4eba\u6587\u6d77\u666f\u5ba2\u6808(\u539f\u6d77\u6d0b\u4e4b\u5bb6\u4e3b\u9898\u5ba2\u6808\u8708\u652f\u6d32\u5c9b\u5e97)", "order_time": ["2019-01-22 22:01:41"], "total_order": 1, "hotel_value": ["4.0"], "hotel_price": ["217"]}, "23806773": {"hotel_name": "\u4e09\u4e9a\u552f\u7231\u9038\u5bb6\u65c5\u79df", "order_time": ["2019-01-22 22:01:41"], "total_order": 1, "hotel_value": ["4.7"], "hotel_price": ["229"]}, "26861830": {"hotel_name": "\u4e09\u4e9a\u9f99\u697c\u82b1\u82d1\u65c5\u79df", "order_time": ["2019-01-22 22:01:41"], "total_order": 1, "hotel_value": ["5.0"], "hotel_price": ["94"]}, "981739": {"hotel_name": "\u767e\u4e8b\u8fbe\u9152\u5e97(\u4e09\u4e9a\u4e34\u6625\u6cb3\u767d\u9e6d\u516c\u56ed\u5e97)", "order_time": ["2019-01-22 22:01:41"], "total_order": 1, "hotel_value": ["4.5"], "hotel_price": ["152"]}, "6239220": {"hotel_name": "\u4e09\u4e9a\u6e1d\u5dde\u5546\u52a1\u9152\u5e97", "order_time": ["2019-01-22 22:01:41"], "total_order": 1, "hotel_value": ["4.3"], "hotel_price": ["89"]}, "16011247": {"hotel_name": "\u4e09\u4e9a\u6c38\u6210\u4e03\u4ed9\u6f6e\u6c55\u9152\u5e97", "order_time": ["2019-01-22 22:01:41"], "total_order": 1, "hotel_value": ["4.2"], "hotel_price": ["350"]}, "1583257": {"hotel_name": "\u4e09\u4e9a\u559c\u798f\u65af\u9152\u5e97", "order_time": ["2019-01-22 22:01:41"], "total_order": 1, "hotel_value": ["4.0"], "hotel_price": ["164"]}, "1454138": {"hotel_name": "\u4e09\u4e9a\u5927\u4e1c\u6d77\u5c0f\u811a\u4e2b\u6d77\u666f\u516c\u5bd3", "order_time": ["2019-01-22 22:01:41"], "total_order": 1, "hotel_value": ["4.2"], "hotel_price": ["107"]}, "23225651": {"hotel_name": "\u4e09\u4e9a\u5c71\u5c45\u65e5\u8bb0\u5ba2\u6808", "order_time": ["2019-01-22 22:01:41"], "total_order": 1, "hotel_value": ["4.8"], "hotel_price": ["120"]}, "25798965": {"hotel_name": "\u4e09\u4e9a\u6781\u4e4b\u5c4b\u522b\u5885", "order_time": ["2019-01-22 22:01:41"], "total_order": 1, "hotel_value": ["4.9"], "hotel_price": ["62"]}, "6266014": {"hotel_name": "\u4e09\u4e9a\u6c34\u4e2d\u6c99\u6d77\u666f\u5ba2\u6808", "order_time": ["2019-01-22 22:01:41"], "total_order": 1, "hotel_value": ["4.9"], "hotel_price": ["119"]}, "1323512": {"hotel_name": "\u4e09\u4e9a\u6e58\u695a\u9152\u5e97", "order_time": ["2019-01-22 22:01:41"], "total_order": 1, "hotel_value": ["4.1"], "hotel_price": ["95"]}, "11657818": {"hotel_name": "\u4e09\u4e9a\u62fe\u5149\u91cc\u6d77\u666f\u4e3b\u9898\u5ba2\u6808", "order_time": ["2019-01-22 22:01:41"], "total_order": 1, "hotel_value": ["4.6"], "hotel_price": ["153"]}, "6337669": {"hotel_name": "\u4e09\u4e9a\u6cfd\u5947\u65f6\u5149\u91cc\u5ba2\u6808(\u5927\u4e1c\u6d77\u5e97)", "order_time": ["2019-01-22 22:01:41"], "total_order": 1, "hotel_value": ["4.8"], "hotel_price": ["68"]}, "28724769": {"hotel_name": "\u4e09\u4e9a\u521d\u89c1\u827a\u5bbf", "order_time": ["2019-01-22 22:01:41"], "total_order": 1, "hotel_value": [0], "hotel_price": ["89"]}, "26098129": {"hotel_name": "\u4e09\u4e9a\u4e9a\u83b1\u7279\u65c5\u79df", "order_time": ["2019-01-22 22:01:41"], "total_order": 1, "hotel_value": ["5.0"], "hotel_price": ["129"]}, "24036490": {"hotel_name": "\u4e09\u4e9a\u65f6\u5149\u5c0f\u820d\u6d77\u8fb9\u7cbe\u54c1\u5ba2\u6808", "order_time": ["2019-01-22 22:33:48", "2019-01-22 22:01:48"], "total_order": 2, "hotel_value": ["4.9", "4.9"], "hotel_price": ["138", "138"]}, "2147975": {"hotel_name": "\u4e09\u4e9a\u80cc\u5305\u5ba2\u56fd\u9645\u9752\u5e74\u65c5\u820d(\u539f\u9633\u5149\u56fd\u9645\u9752\u5e74\u65c5\u820d)", "order_time": ["2019-01-22 22:01:49"], "total_order": 1, "hotel_value": ["4.6"], "hotel_price": ["44"]}, "18075076": {"hotel_name": "\u4e09\u4e9a\u827e\u8a00\u9152\u5e97", "order_time": ["2019-01-22 22:01:54", "2019-01-22 22:06:06"], "total_order": 2, "hotel_value": ["4.8", "4.8"], "hotel_price": ["338", "338"]}, "6656398": {"hotel_name": "\u4e09\u4e9a\u6d77\u68e0\u6e7e\u6797\u65fa\u6d77\u6e90\u5546\u52a1\u9152\u5e97(\u8708\u652f\u6d32\u5c9b\u5e97)", "order_time": ["2019-01-22 22:03:40"], "total_order": 1, "hotel_value": ["4.2"], "hotel_price": ["116"]}, "5982932": {"hotel_name": "\u4e09\u4e9a\u6930\u8def\u5bbe\u9986", "order_time": ["2019-01-22 22:03:44"], "total_order": 1, "hotel_value": ["4.5"], "hotel_price": ["85"]}, "6275536": {"hotel_name": "\u4e09\u4e9a\u4e9a\u9f99\u6e7e\u4e50\u5c45\u8c6a\u5b85\u5ea6\u5047\u516c\u5bd3", "order_time": ["2019-01-22 22:03:53"], "total_order": 1, "hotel_value": ["4.8"], "hotel_price": ["589"]}, "740890": {"hotel_name": "\u4e09\u4e9a\u4e2d\u80dc\u5e78\u798f\u5ea6\u5047\u9152\u5e97", "order_time": ["2019-01-22 22:05:42"], "total_order": 1, "hotel_value": ["3.8"], "hotel_price": ["112"]}, "486003": {"hotel_name": "\u4e09\u4e9a\u8708\u652f\u6d32\u5c9b\u73ca\u745a\u9152\u5e97", "order_time": ["2019-01-22 22:10:09", "2019-01-22 22:06:06", "2019-01-22 22:38:10"], "total_order": 3, "hotel_value": ["4.8", "4.8", "4.8"], "hotel_price": ["1400", "1400", "1400"]}, "454362": {"hotel_name": "\u4e09\u4e9a\u4ebf\u6e90\u8f69\u5b87\u5927\u9152\u5e97", "order_time": ["2019-01-22 22:07:40"], "total_order": 1, "hotel_value": ["4.6"], "hotel_price": ["423"]}, "2883738": {"hotel_name": "\u4e09\u4e9a\u9082\u9005\u65f6\u5149\u827a\u672f\u5ba2\u6808", "order_time": ["2019-01-22 22:07:40"], "total_order": 1, "hotel_value": ["4.6"], "hotel_price": ["168"]}, "8577331": {"hotel_name": "\u7f8e\u51a0\u5047\u65e5\u9152\u5e97(\u4e09\u4e9a\u5927\u6811\u516c\u9986\u5e97)", "order_time": ["2019-01-22 22:07:41"], "total_order": 1, "hotel_value": ["4.5"], "hotel_price": ["159"]}, "3289499": {"hotel_name": "\u4e09\u4e9a\u5cad\u5357\u6c34\u4e61\u5ea6\u5047\u516c\u5bd3", "order_time": ["2019-01-22 22:07:42", "2019-01-22 22:15:48"], "total_order": 2, "hotel_value": ["4.4", "4.4"], "hotel_price": ["242", "242"]}, "6075238": {"hotel_name": "\u4e09\u4e9a\u8fdc\u6d0b\u6d77\u666f\u5957\u623f\u5ea6\u5047\u516c\u9986(\u539f\u8fdc\u6d0b\u516c\u9986\u6d77\u666f\u5ea6\u5047\u4e2d\u5fc3)", "order_time": ["2019-01-22 22:07:44"], "total_order": 1, "hotel_value": ["4.8"], "hotel_price": ["392"]}, "3180637": {"hotel_name": "\u4e09\u4e9a\u9752\u827a\u672f\u96c5\u7b51\u5ba2\u6808(\u4e09\u4e9a\u6e7e\u5e97)", "order_time": ["2019-01-22 22:07:45"], "total_order": 1, "hotel_value": ["4.9"], "hotel_price": ["169"]}, "608364": {"hotel_name": "\u4e09\u4e9a\u65b0\u5174\u6d77\u666f\u5927\u9152\u5e97(\u7b2c\u4e00\u5e02\u573a\u5e97)", "order_time": ["2019-01-22 22:09:40"], "total_order": 1, "hotel_value": ["4.0"], "hotel_price": ["157"]}, "430163": {"hotel_name": "\u4e09\u4e9a\u4e9a\u9f99\u6e7e\u94c2\u5c14\u66fc\u522b\u5885\u5ea6\u5047\u9152\u5e97", "order_time": ["2019-01-22 22:21:44", "2019-01-22 22:09:43"], "total_order": 2, "hotel_value": ["4.6", "4.6"], "hotel_price": ["1099", "1099"]}, "473665": {"hotel_name": "\u9526\u6c5f\u4e4b\u661f\u54c1\u5c1a(\u4e09\u4e9a\u6e7e\u91d1\u9e21\u5cad\u5e97)", "order_time": ["2019-01-22 22:09:45"], "total_order": 1, "hotel_value": ["4.5"], "hotel_price": ["199"]}, "25733561": {"hotel_name": "\u4e09\u4e9a\u6734\u5885\u65c5\u79df", "order_time": ["2019-01-22 22:09:52"], "total_order": 1, "hotel_value": [0], "hotel_price": ["108"]}, "433675": {"hotel_name": "\u4e09\u4e9a\u51e4\u51f0\u6c34\u57ce\u51ef\u83b1\u5ea6\u5047\u9152\u5e97", "order_time": ["2019-01-22 22:11:44"], "total_order": 1, "hotel_value": ["4.5"], "hotel_price": ["500"]}, "25768287": {"hotel_name": "\u4e09\u4e9a\u5357\u590f\u51ef\u83b1\u60a6\u4eab\u9152\u5e97", "order_time": ["2019-01-22 22:11:49"], "total_order": 1, "hotel_value": ["4.8"], "hotel_price": ["466"]}, "438193": {"hotel_name": "\u6d77\u5357\u798f\u6e7e\u6885\u8bfa\u5361\u5ea6\u5047\u9152\u5e97", "order_time": ["2019-01-22 22:11:51"], "total_order": 1, "hotel_value": ["4.4"], "hotel_price": ["317"]}, "440975": {"hotel_name": "\u4e09\u4e9a\u4e1c\u65b9\u6d77\u666f\u5927\u9152\u5e97", "order_time": ["2019-01-22 22:11:51"], "total_order": 1, "hotel_value": ["4.3"], "hotel_price": ["266"]}, "14996879": {"hotel_name": "\u4e09\u4e9a\u6d77\u68e0\u6e7e\u4ec1\u6052\u7687\u51a0\u5047\u65e5\u5ea6\u5047\u9152\u5e97", "order_time": ["2019-01-22 22:32:08", "2019-01-22 22:12:09"], "total_order": 2, "hotel_value": ["4.8", "4.8"], "hotel_price": ["1680", "1680"]}, "5429887": {"hotel_name": "\u4e09\u4e9a\u975e\u4f60\u83ab\u5bbf\u7cbe\u54c1\u5ba2\u6808", "order_time": ["2019-01-22 22:13:41"], "total_order": 1, "hotel_value": ["4.8"], "hotel_price": ["121"]}, "10900048": {"hotel_name": "\u4e09\u4e9a\u521d\u96e8\u7cbe\u54c1\u5ba2\u6808", "order_time": ["2019-01-22 22:13:45"], "total_order": 1, "hotel_value": ["4.8"], "hotel_price": ["90"]}, "835120": {"hotel_name": "\u4e09\u4e9a\u4e3d\u90fd\u6d77\u666f\u5546\u52a1\u9152\u5e97", "order_time": ["2019-01-22 22:13:49"], "total_order": 1, "hotel_value": ["4.1"], "hotel_price": ["154"]}, "9638235": {"hotel_name": "\u84dd\u68a6\u6811\u4e4b\u604b\u5ea6\u5047\u9152\u5e97(\u4e09\u4e9a\u7f8e\u4e3d\u4e4b\u51a0\u5e97)", "order_time": ["2019-01-22 22:13:52"], "total_order": 1, "hotel_value": ["4.6"], "hotel_price": ["158"]}, "28366169": {"hotel_name": "7\u5929\u4f18\u54c1\u9152\u5e97(\u4e09\u4e9a\u6e7e\u6d77\u6708\u5e7f\u573a\u6d77\u666f\u5e97)", "order_time": ["2019-01-22 22:35:51", "2019-01-22 22:31:49", "2019-01-22 22:15:43"], "total_order": 3, "hotel_value": ["4.7", "4.7", "4.7"], "hotel_price": ["149", "149", "149"]}, "437377": {"hotel_name": "\u4e09\u4e9a\u6d77\u68e0\u6e7e\u5fa1\u6d77\u68e0\u8c6a\u534e\u7cbe\u9009\u5ea6\u5047\u9152\u5e97", "order_time": ["2019-01-22 22:15:44"], "total_order": 1, "hotel_value": ["4.7"], "hotel_price": ["1440"]}, "437115": {"hotel_name": "\u4e09\u4e9a\u767e\u680e\u56fd\u9645\u5ea6\u5047\u516c\u5bd3", "order_time": ["2019-01-22 22:15:47"], "total_order": 1, "hotel_value": ["4.3"], "hotel_price": ["257"]}, "1488360": {"hotel_name": "\u4e09\u4e9a\u94f6\u90fd\u65c5\u9986", "order_time": ["2019-01-22 22:15:56"], "total_order": 1, "hotel_value": ["4.3"], "hotel_price": ["213"]}, "12184321": {"hotel_name": "\u4e09\u4e9a\u7d2b\u6930\u6797\u6d77\u5cb8\u4e3b\u9898\u9152\u5e97", "order_time": ["2019-01-22 22:16:10"], "total_order": 1, "hotel_value": ["4.5"], "hotel_price": ["108"]}, "4841962": {"hotel_name": "\u4e09\u4e9a\u7231\u7b51\u6545\u4e8b\u5ba2\u6808", "order_time": ["2019-01-22 22:18:05", "2019-01-22 22:17:41"], "total_order": 2, "hotel_value": ["4.8", "4.8"], "hotel_price": ["121", "121"]}, "17582744": {"hotel_name": "\u4e09\u4e9aGreen House\u4e3b\u9898\u9152\u5e97", "order_time": ["2019-01-22 22:17:51"], "total_order": 1, "hotel_value": ["4.8"], "hotel_price": ["116"]}, "28233192": {"hotel_name": "\u4e09\u4e9a\u6d77\u4e4b\u6d32\u56fd\u9645\u5ea6\u5047\u516c\u5bd3", "order_time": ["2019-01-22 22:26:08", "2019-01-22 22:18:10"], "total_order": 2, "hotel_value": ["5.0", "5.0"], "hotel_price": ["160", "160"]}, "1718734": {"hotel_name": "\u4e09\u4e9a\u9633\u5149\u6d77\u666f\u516c\u5bd3\u9152\u5e97(\u5168\u6d77\u666f\u5957\u623f)", "order_time": ["2019-01-22 22:19:43"], "total_order": 1, "hotel_value": ["4.6"], "hotel_price": ["166"]}, "1434740": {"hotel_name": "\u67ab\u6797\u665a\u4e3b\u9898\u9152\u5e97(\u4e09\u4e9a\u6625\u56ed\u6d77\u9c9c\u5e7f\u573a\u5e97)", "order_time": ["2019-01-22 22:19:44"], "total_order": 1, "hotel_value": ["4.9"], "hotel_price": ["133"]}, "1249405": {"hotel_name": "\u4e09\u4e9a\u7b1b\u4f73\u5ba2\u6808(\u539f\u7f8e\u4f73\u5ba2\u6808)", "order_time": ["2019-01-22 22:19:48"], "total_order": 1, "hotel_value": ["4.3"], "hotel_price": ["123"]}, "4643493": {"hotel_name": "\u6d77\u68e0\u798f\u6e7e\u8d1d\u9ad8\u8389\u5ea6\u5047\u516c\u5bd3", "order_time": ["2019-01-22 22:21:49"], "total_order": 1, "hotel_value": ["4.5"], "hotel_price": ["319"]}, "429907": {"hotel_name": "\u4e09\u4e9a\u660e\u7533\u9ad8\u5c14\u592b\u5ea6\u5047\u9152\u5e97", "order_time": ["2019-01-22 22:23:44"], "total_order": 1, "hotel_value": ["4.6"], "hotel_price": ["287"]}, "6261136": {"hotel_name": "\u7ef4\u4e5f\u7eb3\u9152\u5e97(\u4e09\u4e9a\u4e9a\u9f99\u6e7e\u5343\u53e4\u60c5\u5e97)", "order_time": ["2019-01-22 22:23:49"], "total_order": 1, "hotel_value": ["4.8"], "hotel_price": ["308"]}, "1101735": {"hotel_name": "\u4e09\u4e9a\u5fc6\u4e61\u4eba\u7cbe\u54c1\u5ba2\u6808", "order_time": ["2019-01-22 22:29:49", "2019-01-22 22:23:52"], "total_order": 2, "hotel_value": ["4.4", "4.4"], "hotel_price": ["225", "230"]}, "6684663": {"hotel_name": "\u4e09\u4e9a\u6d77\u68e0\u6e7e\u67cf\u4e3d\u5ea6\u5047\u9152\u5e97", "order_time": ["2019-01-22 22:23:53"], "total_order": 1, "hotel_value": ["4.3"], "hotel_price": ["240"]}, "371696": {"hotel_name": "\u4e09\u4e9a\u590f\u5a01\u5937\u5927\u9152\u5e97", "order_time": ["2019-01-22 22:25:49"], "total_order": 1, "hotel_value": ["4.4"], "hotel_price": ["282"]}, "1738729": {"hotel_name": "\u4e09\u4e9a\u51ef\u745e\u7965\u548c\u9152\u5e97", "order_time": ["2019-01-22 22:26:09"], "total_order": 1, "hotel_value": ["4.0"], "hotel_price": ["268"]}, "983678": {"hotel_name": "\u6c49\u5ead\u9152\u5e97(\u4e09\u4e9a\u4e09\u4e9a\u6e7e\u5e97)(\u539f\u5409\u7965\u8857\u5e97)", "order_time": ["2019-01-22 22:27:44"], "total_order": 1, "hotel_value": ["4.2"], "hotel_price": ["139"]}, "6245445": {"hotel_name": "\u4e09\u4e9a\u8d1d\u65af\u7279\u97e6\u65af\u7279\u7cbe\u54c1\u56fd\u9645\u5ea6\u5047\u9152\u5e97", "order_time": ["2019-01-22 22:27:46"], "total_order": 1, "hotel_value": ["4.7"], "hotel_price": ["468"]}, "6043700": {"hotel_name": "\u4e09\u4e9a\u67ab\u6797\u665a\u4e3b\u9898\u9152\u5e97", "order_time": ["2019-01-22 22:27:49"], "total_order": 1, "hotel_value": ["4.7"], "hotel_price": ["151"]}, "6463579": {"hotel_name": "\u5982\u5bb6\u9a7f\u5c45\u9152\u5e97(\u4e09\u4e9a\u6986\u4e9a\u8def\u5927\u4e1c\u6d77\u5e97)", "order_time": ["2019-01-22 22:29:41"], "total_order": 1, "hotel_value": ["4.6"], "hotel_price": ["279"]}, "1580379": {"hotel_name": "\u4e09\u4e9a\u5982\u7ea6\u5feb\u6377\u9152\u5e97", "order_time": ["2019-01-22 22:29:48"], "total_order": 1, "hotel_value": ["4.4"], "hotel_price": ["123"]}, "6327433": {"hotel_name": "\u4e09\u4e9a\u9999\u6c34\u6e7e\u8363\u9038\u6e29\u60c5\u9152\u5e97", "order_time": ["2019-01-22 22:29:48"], "total_order": 1, "hotel_value": ["4.7"], "hotel_price": ["340"]}, "2021754": {"hotel_name": "\u4e09\u4e9a\u4fdd\u5229\u5929\u827a\u51e4\u51f0\u9152\u5e97", "order_time": ["2019-01-22 22:29:48"], "total_order": 1, "hotel_value": ["4.4"], "hotel_price": ["313"]}, "6395268": {"hotel_name": "\u4e09\u4e9a\u60a6\u6d77\u5ea6\u5047\u6d0b\u623f\u522b\u5885", "order_time": ["2019-01-22 22:29:48"], "total_order": 1, "hotel_value": ["4.7"], "hotel_price": ["368"]}, "431279": {"hotel_name": "\u4e45\u6816\u00b7\u4e09\u4e9a\u5170\u6d77\u5ea6\u5047\u9152\u5e97\u516c\u5bd3", "order_time": ["2019-01-22 22:31:42"], "total_order": 1, "hotel_value": ["4.5"], "hotel_price": ["182"]}, "2574467": {"hotel_name": "\u4e09\u4e9a\u5609\u65fa\u5bb6\u5ead\u65c5\u9986", "order_time": ["2019-01-22 22:33:39"], "total_order": 1, "hotel_value": ["4.4"], "hotel_price": ["102"]}, "2091425": {"hotel_name": "\u4e09\u4e9a\u7965\u548c\u9152\u5e97", "order_time": ["2019-01-22 22:33:40"], "total_order": 1, "hotel_value": ["4.5"], "hotel_price": ["175"]}, "8836577": {"hotel_name": "\u4e09\u4e9a\u51e4\u51f0\u5bb6\u5ead\u65c5\u79df", "order_time": ["2019-01-22 22:33:40"], "total_order": 1, "hotel_value": ["4.3"], "hotel_price": ["100"]}, "1564235": {"hotel_name": "\u57ce\u5e02\u4fbf\u6377\u9152\u5e97(\u4e09\u4e9a\u6986\u4e9a\u8def\u4e9a\u9f99\u6e7e\u5e97)", "order_time": ["2019-01-22 22:33:41"], "total_order": 1, "hotel_value": ["4.4"], "hotel_price": ["292"]}, "895694": {"hotel_name": "7\u5929\u8fde\u9501\u9152\u5e97(\u4e09\u4e9a\u6e7e\u5409\u7965\u8857\u5e97)", "order_time": ["2019-01-22 22:33:41"], "total_order": 1, "hotel_value": ["4.3"], "hotel_price": ["161"]}, "13975638": {"hotel_name": "\u4e09\u4e9a\u9b45\u84dd\u4e4b\u591c\u4e3b\u9898\u9152\u5e97", "order_time": ["2019-01-22 22:33:42"], "total_order": 1, "hotel_value": ["4.8"], "hotel_price": ["131"]}, "6486443": {"hotel_name": "\u4e09\u4e9a\u5b9d\u745e\u7cbe\u54c1\u5ea6\u5047\u516c\u5bd3", "order_time": ["2019-01-22 22:33:44"], "total_order": 1, "hotel_value": ["4.4"], "hotel_price": ["198"]}, "2652155": {"hotel_name": "\u4e09\u4e9a\u4e9a\u9f99\u6e7e\u590f\u81f3\u672a\u81f3\u5ba2\u6808", "order_time": ["2019-01-22 22:33:44"], "total_order": 1, "hotel_value": ["4.7"], "hotel_price": ["97"]}, "917544": {"hotel_name": "\u4e09\u4e9a\u99a8\u5170\u6d77\u666f\u5ea6\u5047\u516c\u5bd3(\u539f\u7231\u4e0a\u6d77\u666f\u5ea6\u5047\u516c\u5bd3)", "order_time": ["2019-01-22 22:33:45"], "total_order": 1, "hotel_value": ["4.8"], "hotel_price": ["288"]}, "426964": {"hotel_name": "\u4e09\u4e9a\u5eb7\u7279\u738b\u5e9c\u4f1a\u8bae\u5ea6\u5047\u9152\u5e97", "order_time": ["2019-01-22 22:33:45"], "total_order": 1, "hotel_value": ["4.6"], "hotel_price": ["558"]}, "1483190": {"hotel_name": "\u4e09\u4e9a\u4e9a\u9f99\u6e7e\u7fe1\u7fe0\u5ea6\u5047\u516c\u5bd3", "order_time": ["2019-01-22 22:33:48"], "total_order": 1, "hotel_value": ["4.6"], "hotel_price": ["208"]}, "16448430": {"hotel_name": "\u4e09\u4e9a\u4e2d\u5ed6\u6751\u6c11\u5bbf", "order_time": ["2019-01-22 22:33:49"], "total_order": 1, "hotel_value": ["4.8"], "hotel_price": ["365"]}, "6280766": {"hotel_name": "\u4e09\u4e9a\u5927\u4e1c\u6d77\u82b1\u8bed\u6d77\u666f\u5ea6\u5047\u516c\u5bd3", "order_time": ["2019-01-22 22:33:49"], "total_order": 1, "hotel_value": ["4.4"], "hotel_price": ["157"]}, "25680638": {"hotel_name": "\u4e09\u4e9a\u5e0c\u5c14\u987f\u82b1\u56ed\u9152\u5e97", "order_time": ["2019-01-22 22:33:49"], "total_order": 1, "hotel_value": [0], "hotel_price": ["686"]}, "13698570": {"hotel_name": "\u4e09\u4e9a\u539f\u820d\u8bbe\u8ba1\u9152\u5e97", "order_time": ["2019-01-22 22:33:50"], "total_order": 1, "hotel_value": ["4.6"], "hotel_price": ["178"]}, "11052603": {"hotel_name": "\u4e09\u4e9a\u4e0e\u6d77\u5171\u671d\u65c5\u79df(\u539f\u5929\u6daf\u5c45\u5c9b\u4e4b\u5317\u5ba2\u6808)", "order_time": ["2019-01-22 22:33:51"], "total_order": 1, "hotel_value": ["4.7"], "hotel_price": ["120"]}, "1293939": {"hotel_name": "\u4e09\u4e9a\u7f8e\u51a0\u9152\u5e97", "order_time": ["2019-01-22 22:33:53"], "total_order": 1, "hotel_value": ["3.0"], "hotel_price": ["106"]}, "1462497": {"hotel_name": "\u6d77\u68e0\u5047\u65e5\u5ba2\u6808(\u4e09\u4e9a\u6d77\u68e0\u6e7e\u5e97)", "order_time": ["2019-01-22 22:35:48"], "total_order": 1, "hotel_value": ["4.3"], "hotel_price": ["173"]}, "8577364": {"hotel_name": "\u65e9\u5b89\u5927\u6811\u9152\u5e97(\u4e09\u4e9a\u7f8e\u4e3d\u4e4b\u51a0\u5e97)(\u539f\u4e09\u4e9a\u65e9\u5b89\u6591\u514b\u9152\u5e97\u5927\u6811\u516c\u9986\u5e97)", "order_time": ["2019-01-22 22:35:50"], "total_order": 1, "hotel_value": ["4.4"], "hotel_price": ["158"]}, "1480855": {"hotel_name": "\u4e09\u4e9a\u51ef\u5e1d\u6d77\u666f\u9152\u5e97", "order_time": ["2019-01-22 22:35:51"], "total_order": 1, "hotel_value": ["4.5"], "hotel_price": ["86"]}, "763583": {"hotel_name": "\u4e09\u4e9a\u60a6\u4e3d\u5feb\u6377\u9152\u5e97", "order_time": ["2019-01-22 22:35:53"], "total_order": 1, "hotel_value": ["4.5"], "hotel_price": ["104"]}, "9351184": {"hotel_name": "\u4e09\u4e9a\u82b1\u5c7f\u6d77\u7cbe\u54c1\u9152\u5e97", "order_time": ["2019-01-22 22:36:00", "2019-01-22 22:37:46"], "total_order": 2, "hotel_value": ["4.3", "4.3"], "hotel_price": ["181", "181"]}, "346713": {"hotel_name": "\u4e09\u4e9a\u534e\u5b9d\u77f3\u5927\u9152\u5e97", "order_time": ["2019-01-22 22:37:47"], "total_order": 1, "hotel_value": ["4.4"], "hotel_price": ["213"]}, "4845384": {"hotel_name": "\u4e09\u4e9a\u84dd\u5cb8\u6d77\u8fb9\u4e3b\u9898\u9152\u5e97", "order_time": ["2019-01-22 22:38:01"], "total_order": 1, "hotel_value": ["4.7"], "hotel_price": ["136"]}, "917379": {"hotel_name": "\u4e09\u4e9a\u85b0\u8863\u8349\u6d77\u8fb9\u7cbe\u54c1\u5ba2\u6808", "order_time": ["2019-01-22 22:38:02"], "total_order": 1, "hotel_value": ["4.4"], "hotel_price": ["138"]}, "25665237": {"hotel_name": "\u4e09\u4e9a\u6c90\u5fc3\u5c0f\u7b51\u7cbe\u54c1\u6c11\u5bbf", "order_time": ["2019-01-22 22:38:02"], "total_order": 1, "hotel_value": ["4.9"], "hotel_price": ["158"]}, "443561": {"hotel_name": "\u4e09\u4e9a\u94f6\u5929\u5ea6\u5047\u9152\u5e97", "order_time": ["2019-01-22 22:38:02"], "total_order": 1, "hotel_value": ["4.3"], "hotel_price": ["158"]}, "21133797": {"hotel_name": "\u4e09\u4e9a\u541b\u6765\u89c2\u5c71\u6d77\u4f11\u95f2\u5ba2\u6808", "order_time": ["2019-01-22 22:38:02"], "total_order": 1, "hotel_value": ["4.8"], "hotel_price": ["220"]}, "6809050": {"hotel_name": "\u4e09\u4e9a\u5170\u6d77\u5ea6\u5047\u9152\u5e97\u516c\u5bd3\u84dd\u8272\u6d77\u5cb8\u5e97", "order_time": ["2019-01-22 22:39:46"], "total_order": 1, "hotel_value": ["4.7"], "hotel_price": ["193"]}, "13301368": {"hotel_name": "\u4e09\u4e9a\u6d77\u68e0\u6e7e\u6b22\u4e50\u6c47\u65c5\u5bb6\u5ba2\u6808", "order_time": ["2019-01-22 22:39:52"], "total_order": 1, "hotel_value": ["4.4"], "hotel_price": ["253"]}, "25212808": {"hotel_name": "\u65c5\u4e4b\u5bb6\u6d77\u666f\u5ea6\u5047\u516c\u5bd3(\u4e09\u4e9a\u6e7e\u5e97)", "order_time": ["2019-01-22 22:39:59"], "total_order": 1, "hotel_value": ["5.0"], "hotel_price": ["121"]}, "346719": {"hotel_name": "\u4e09\u4e9a\u534a\u5c71\u534a\u5c9b\u5e06\u8239\u6e2f\u9152\u5e97", "order_time": ["2019-01-22 22:41:50"], "total_order": 1, "hotel_value": ["4.7"], "hotel_price": ["384"]}, "12462953": {"hotel_name": "\u4e09\u4e9a\u6d77\u4e0a\u65f6\u5149\u522b\u5885\u5ba2\u6808", "order_time": ["2019-01-22 22:41:53"], "total_order": 1, "hotel_value": ["4.9"], "hotel_price": ["154"]}}}