{"\u5f00\u59cb\u8bb0\u5f55\u65f6\u95f4": "2019-01-19 15:02:48", "\u7ed3\u675f\u8bb0\u5f55\u65f6\u95f4": "2019-01-19 16:02:49", "\u8ba2\u5355\u603b\u589e\u91cf": 351, "item": {"9789923": {"hotel_name": "\u4e09\u4e9a\u5eb7\u5e74\u9152\u5e97", "order_time": ["2019-01-19 15:02:57"], "total_order": 1, "hotel_value": ["4.7"], "hotel_price": ["1638"]}, "14249344": {"hotel_name": "\u4e09\u4e9a\u4e9a\u7279\u5170\u8482\u65af\u9152\u5e97", "order_time": ["2019-01-19 15:02:57"], "total_order": 1, "hotel_value": ["4.6"], "hotel_price": ["3288"]}, "345067": {"hotel_name": "\u4e09\u4e9a\u6d77\u68e0\u6e7e\u559c\u6765\u767b\u5ea6\u5047\u9152\u5e97", "order_time": ["2019-01-19 15:02:57"], "total_order": 1, "hotel_value": ["4.6"], "hotel_price": ["1388"]}, "345553": {"hotel_name": "\u4e09\u4e9a\u4e9a\u9f99\u6e7e\u7ea2\u6811\u6797\u5ea6\u5047\u9152\u5e97", "order_time": ["2019-01-19 15:02:57"], "total_order": 1, "hotel_value": ["4.7"], "hotel_price": ["988"]}, "371696": {"hotel_name": "\u4e09\u4e9a\u590f\u5a01\u5937\u5927\u9152\u5e97", "order_time": ["2019-01-19 15:27:08", "2019-01-19 15:04:55"], "total_order": 2, "hotel_value": ["4.4", "4.4"], "hotel_price": ["280", "280"]}, "7687149": {"hotel_name": "\u4e09\u4e9a\u5d16\u5dde\u6e7e\u5ea6\u5047\u6751\u5e0c\u5c14\u987f\u683c\u82ae\u7cbe\u9009\u9152\u5e97", "order_time": ["2019-01-19 15:04:55"], "total_order": 1, "hotel_value": ["4.5"], "hotel_price": ["585"]}, "14479512": {"hotel_name": "\u4e09\u4e9a\u6c90\u6797\u5885\u6728\u5c4b\u6c11\u5bbf", "order_time": ["2019-01-19 15:51:07", "2019-01-19 15:04:55"], "total_order": 2, "hotel_value": ["4.9", "4.9"], "hotel_price": ["305", "275"]}, "16948036": {"hotel_name": "\u4e09\u4e9a\u6e7e\u7ea2\u6811\u6797\u5ea6\u5047\u4e16\u754c(\u5927\u738b\u68d5\u9152\u5e97)", "order_time": ["2019-01-19 15:04:55", "2019-01-19 15:17:01"], "total_order": 2, "hotel_value": ["4.7", "4.7"], "hotel_price": ["949", "949"]}, "843599": {"hotel_name": "\u4e09\u4e9a\u56db\u5b63\u6d77\u5ead\u9152\u5e97", "order_time": ["2019-01-19 15:15:03", "2019-01-19 15:27:13", "2019-01-19 15:10:56", "2019-01-19 15:04:55", "2019-01-19 15:29:14"], "total_order": 5, "hotel_value": ["4.6", "4.6", "4.6", "4.6", "4.6"], "hotel_price": ["394", "394", "394", "394", "394"]}, "384973": {"hotel_name": "\u4e09\u4e9a\u6d77\u68e0\u6e7e\u5f00\u7ef4\u4e07\u8fbe\u6587\u534e\u5ea6\u5047\u9152\u5e97", "order_time": ["2019-01-19 15:04:55", "2019-01-19 15:29:14"], "total_order": 2, "hotel_value": ["4.5", "4.5"], "hotel_price": ["648", "648"]}, "428289": {"hotel_name": "\u5982\u5bb6\u5feb\u6377\u9152\u5e97(\u4e09\u4e9a\u89e3\u653e\u8def\u65b0\u98ce\u8857\u4e09\u4e9a\u6e7e\u5e97)", "order_time": ["2019-01-19 15:04:55"], "total_order": 1, "hotel_value": ["4.3"], "hotel_price": ["197"]}, "1541942": {"hotel_name": "\u4e45\u6816\u00b7\u4e09\u4e9a\u4eca\u65e5\u6d77\u666f\u516c\u5bd3", "order_time": ["2019-01-19 15:04:56"], "total_order": 1, "hotel_value": ["4.8"], "hotel_price": ["118"]}, "6635244": {"hotel_name": "\u4e09\u4e9a\u6893\u8def\u5ba2\u6808", "order_time": ["2019-01-19 15:04:56"], "total_order": 1, "hotel_value": ["4.7"], "hotel_price": ["107"]}, "1281635": {"hotel_name": "\u4e09\u4e9a\u4e9a\u9f99\u6e7e\u516c\u4e3b\u90e1\u4e09\u671f\u6d0b\u623f", "order_time": ["2019-01-19 15:04:57"], "total_order": 1, "hotel_value": ["4.6"], "hotel_price": ["431"]}, "1434875": {"hotel_name": "\u4e09\u4e9a\u5170\u6d77\u5047\u65e5\u6d77\u666f\u5ea6\u5047\u516c\u5bd3", "order_time": ["2019-01-19 15:04:57"], "total_order": 1, "hotel_value": ["4.7"], "hotel_price": ["282"]}, "17077345": {"hotel_name": "\u4e09\u4e9a\u4e00\u514b\u6d77\u6d77\u666f\u516c\u5bd3", "order_time": ["2019-01-19 15:19:19", "2019-01-19 15:04:59"], "total_order": 2, "hotel_value": ["5.0", "5.0"], "hotel_price": ["508", "508"]}, "426964": {"hotel_name": "\u4e09\u4e9a\u5eb7\u7279\u738b\u5e9c\u4f1a\u8bae\u5ea6\u5047\u9152\u5e97", "order_time": ["2019-01-19 15:06:55", "2019-01-19 15:45:08"], "total_order": 2, "hotel_value": ["4.6", "4.6"], "hotel_price": ["283", "283"]}, "879580": {"hotel_name": "\u9526\u6c5f\u4e4b\u661f(\u4e09\u4e9a\u56fd\u9645\u8d2d\u7269\u4e2d\u5fc3\u6d77\u666f\u5e97)", "order_time": ["2019-01-19 15:06:55", "2019-01-19 15:23:04", "2019-01-19 15:29:15"], "total_order": 3, "hotel_value": ["4.5", "4.5", "4.5"], "hotel_price": ["189", "189", "189"]}, "18554984": {"hotel_name": "\u4e09\u4e9a\u98d8\u827a\u672f\u5ba2\u6808(\u51e4\u51f0\u673a\u573a\u5e97)", "order_time": ["2019-01-19 15:06:55", "2019-01-19 15:45:18", "2019-01-19 15:49:24"], "total_order": 3, "hotel_value": ["4.9", "4.9", "4.9"], "hotel_price": ["168", "168", "168"]}, "372203": {"hotel_name": "\u4e09\u4e9a\u6d77\u68e0\u6e7e\u5eb7\u83b1\u5fb7\u9152\u5e97", "order_time": ["2019-01-19 15:06:55"], "total_order": 1, "hotel_value": ["4.6"], "hotel_price": ["1430"]}, "3735187": {"hotel_name": "\u4e09\u4e9a\u7406\u6587\u7d22\u83f2\u7279\u5ea6\u5047\u9152\u5e97", "order_time": ["2019-01-19 15:06:55"], "total_order": 1, "hotel_value": ["4.6"], "hotel_price": ["1107"]}, "2091425": {"hotel_name": "\u4e09\u4e9a\u7965\u548c\u9152\u5e97", "order_time": ["2019-01-19 15:06:56"], "total_order": 1, "hotel_value": ["4.5"], "hotel_price": ["175"]}, "26098129": {"hotel_name": "\u4e09\u4e9a\u4e9a\u83b1\u7279\u65c5\u79df", "order_time": ["2019-01-19 15:06:57"], "total_order": 1, "hotel_value": ["5.0"], "hotel_price": ["129"]}, "486003": {"hotel_name": "\u4e09\u4e9a\u8708\u652f\u6d32\u5c9b\u73ca\u745a\u9152\u5e97", "order_time": ["2019-01-19 15:06:57"], "total_order": 1, "hotel_value": ["4.8"], "hotel_price": ["849"]}, "1185042": {"hotel_name": "\u4e09\u4e9a\u6e7e\u7ea2\u6811\u6797\u5ea6\u5047\u4e16\u754c(\u83e9\u63d0\u9152\u5e97)", "order_time": ["2019-01-19 15:06:57"], "total_order": 1, "hotel_value": ["4.7"], "hotel_price": ["786"]}, "1415685": {"hotel_name": "\u4e09\u4e9a9\u53f7\u4e3b\u9898\u516c\u5bd3", "order_time": ["2019-01-19 15:25:05", "2019-01-19 15:08:54"], "total_order": 2, "hotel_value": ["4.9", "4.9"], "hotel_price": ["235", "235"]}, "346766": {"hotel_name": "\u4e09\u4e9a\u4e9a\u9f99\u6e7e\u51ef\u83b1\u4ed9\u4eba\u638c\u5ea6\u5047\u9152\u5e97", "order_time": ["2019-01-19 15:29:23", "2019-01-19 15:59:11", "2019-01-19 15:39:17", "2019-01-19 15:47:14", "2019-01-19 15:08:54"], "total_order": 5, "hotel_value": ["4.6", "4.6", "4.6", "4.6", "4.6"], "hotel_price": ["400", "400", "400", "400", "400"]}, "1580558": {"hotel_name": "\u901f8\u9152\u5e97(\u4e09\u4e9a\u6e7e\u5409\u7965\u8857\u5e97)", "order_time": ["2019-01-19 15:55:27", "2019-01-19 15:08:54"], "total_order": 2, "hotel_value": ["4.6", "4.6"], "hotel_price": ["135", "135"]}, "24609830": {"hotel_name": "\u4e09\u4e9a\u6d77\u68e0\u6e7e\u5c0f\u68e0\u522b\u9662\u827a\u672f\u6c11\u5bbf", "order_time": ["2019-01-19 15:08:54"], "total_order": 1, "hotel_value": ["4.8"], "hotel_price": ["321"]}, "346754": {"hotel_name": "\u4e09\u4e9a\u534a\u5c71\u534a\u5c9b\u6d32\u9645\u5ea6\u5047\u9152\u5e97", "order_time": ["2019-01-19 15:08:55", "2019-01-19 15:33:13", "2019-01-19 15:45:22", "2019-01-19 15:25:12", "2019-01-19 15:37:13"], "total_order": 5, "hotel_value": ["4.6", "4.6", "4.6", "4.6", "4.6"], "hotel_price": ["999", "999", "999", "999", "999"]}, "1772127": {"hotel_name": "\u4e09\u4e9a\u6e7e\u7ea2\u6811\u6797\u5ea6\u5047\u4e16\u754c(\u7687\u540e\u68d5\u9152\u5e97)", "order_time": ["2019-01-19 15:23:06", "2019-01-19 15:08:55"], "total_order": 2, "hotel_value": ["4.7", "4.7"], "hotel_price": ["930", "930"]}, "5296769": {"hotel_name": "\u4e09\u4e9a\u6d77\u68e0\u6e7e\u541b\u60a6\u9152\u5e97", "order_time": ["2019-01-19 15:08:55", "2019-01-19 15:39:31"], "total_order": 2, "hotel_value": ["4.6", "4.6"], "hotel_price": ["1610", "1610"]}, "436676": {"hotel_name": "\u4e09\u4e9a\u9ec4\u91d1\u9053\u5927\u9152\u5e97", "order_time": ["2019-01-19 15:08:55", "2019-01-19 15:15:05"], "total_order": 2, "hotel_value": ["3.8", "3.8"], "hotel_price": ["169", "169"]}, "6588982": {"hotel_name": "\u4e09\u4e9a\u5c0a\u5ba2\u5ea6\u5047\u9152\u5e97", "order_time": ["2019-01-19 15:15:06", "2019-01-19 15:08:55"], "total_order": 2, "hotel_value": ["4.6", "4.6"], "hotel_price": ["143", "143"]}, "2893419": {"hotel_name": "\u6021\u83b1\u9152\u5e97(\u4e09\u4e9a\u89e3\u653e\u8def\u6b65\u884c\u8857\u5e97)(\u539f\u7b2c\u4e00\u5e02\u573a\u5e97)", "order_time": ["2019-01-19 15:08:55"], "total_order": 1, "hotel_value": ["3.9"], "hotel_price": ["125"]}, "6420180": {"hotel_name": "\u4e09\u4e9a\u98d8\u6d77\u666f\u4e3b\u9898\u5ba2\u6808", "order_time": ["2019-01-19 15:08:55"], "total_order": 1, "hotel_value": ["4.8"], "hotel_price": ["243"]}, "1458154": {"hotel_name": "\u4e09\u4e9a\u8f6c\u89d2\u9047\u5230\u6d77\u4e3b\u9898\u5ba2\u6808", "order_time": ["2019-01-19 15:08:56"], "total_order": 1, "hotel_value": ["4.4"], "hotel_price": ["96"]}, "346735": {"hotel_name": "\u4e09\u4e9a\u5357\u7530\u6e29\u6cc9\u597d\u6c49\u5761\u56fd\u9645\u5ea6\u5047\u9152\u5e97", "order_time": ["2019-01-19 15:57:18", "2019-01-19 15:23:03", "2019-01-19 15:35:28", "2019-01-19 15:10:56", "2019-01-19 15:41:10"], "total_order": 5, "hotel_value": ["4.3", "4.3", "4.3", "4.3", "4.3"], "hotel_price": ["346", "346", "346", "346", "346"]}, "436688": {"hotel_name": "\u4e09\u4e9a\u65af\u7ef4\u767b\u5ea6\u5047\u516c\u5bd3(\u4e9a\u9f99\u6e7e)", "order_time": ["2019-01-19 15:10:56"], "total_order": 1, "hotel_value": ["4.5"], "hotel_price": ["324"]}, "12671479": {"hotel_name": "\u4e09\u4e9a\u6da6\u5fb7\u6e7f\u5730\u516c\u56ed\u9152\u5e97", "order_time": ["2019-01-19 15:10:56"], "total_order": 1, "hotel_value": ["4.7"], "hotel_price": ["423"]}, "386919": {"hotel_name": "\u4e09\u4e9a\u4e07\u5609\u5ea6\u5047\u9152\u5e97(\u539f\u4e07\u5609\u6234\u65af\u5ea6\u5047\u9152\u5e97)", "order_time": ["2019-01-19 15:10:56"], "total_order": 1, "hotel_value": ["4.4"], "hotel_price": ["358"]}, "1537529": {"hotel_name": "\u4e09\u4e9a\u4f60\u597d\u00b7\u65e7\u65f6\u5149\u65c5\u884c\u5ba2\u6808", "order_time": ["2019-01-19 15:10:56"], "total_order": 1, "hotel_value": ["4.6"], "hotel_price": ["116"]}, "24056976": {"hotel_name": "\u4e09\u4e9a\u4f10\u6728\u7d2f\u4e3b\u9898\u65c5\u79df", "order_time": ["2019-01-19 15:45:21", "2019-01-19 15:10:56", "2019-01-19 15:49:18", "2019-01-19 15:55:21"], "total_order": 4, "hotel_value": ["4.9", "4.9", "4.9", "4.9"], "hotel_price": ["126", "16", "126", "16"]}, "4845384": {"hotel_name": "\u4e09\u4e9a\u84dd\u5cb8\u6d77\u8fb9\u4e3b\u9898\u9152\u5e97", "order_time": ["2019-01-19 15:10:56", "2019-01-19 15:19:05"], "total_order": 2, "hotel_value": ["4.7", "4.7"], "hotel_price": ["175", "175"]}, "1881142": {"hotel_name": "7\u5929\u8fde\u9501\u9152\u5e97(\u4e09\u4e9a\u5409\u7965\u8857\u6d77\u666f\u5e97)", "order_time": ["2019-01-19 15:10:56"], "total_order": 1, "hotel_value": ["4.6"], "hotel_price": ["139"]}, "437115": {"hotel_name": "\u4e09\u4e9a\u767e\u680e\u56fd\u9645\u5ea6\u5047\u516c\u5bd3", "order_time": ["2019-01-19 15:10:56"], "total_order": 1, "hotel_value": ["4.3"], "hotel_price": ["257"]}, "345069": {"hotel_name": "\u4e09\u4e9a\u6d77\u68e0\u6e7e\u4e07\u8fbe\u5e0c\u5c14\u987f\u9038\u6797\u5ea6\u5047\u9152\u5e97", "order_time": ["2019-01-19 15:10:56", "2019-01-19 15:16:57", "2019-01-19 15:25:11"], "total_order": 3, "hotel_value": ["4.5", "4.5", "4.5"], "hotel_price": ["950", "950", "950"]}, "1570339": {"hotel_name": "\u4e09\u4e9a\u548c\u6cd3\u517b\u751f\u5ea6\u5047\u9152\u5e97", "order_time": ["2019-01-19 15:10:56"], "total_order": 1, "hotel_value": ["4.6"], "hotel_price": ["280"]}, "344912": {"hotel_name": "\u4e09\u4e9a\u6d77\u5929\u5927\u9152\u5e97", "order_time": ["2019-01-19 15:10:56", "2019-01-19 15:45:23", "2019-01-19 15:15:04"], "total_order": 3, "hotel_value": ["4.6", "4.6", "4.6"], "hotel_price": ["319", "319", "319"]}, "1486685": {"hotel_name": "\u4e09\u4e9a\u51e4\u51f0\u5c9b\u5ea6\u5047\u9152\u5e97", "order_time": ["2019-01-19 15:10:56", "2019-01-19 15:19:17"], "total_order": 2, "hotel_value": ["4.7", "4.7"], "hotel_price": ["1108", "1108"]}, "1682691": {"hotel_name": "\u4e09\u4e9a\u4eac\u6d77\u56fd\u9645\u5047\u65e5\u9152\u5e97", "order_time": ["2019-01-19 15:10:56"], "total_order": 1, "hotel_value": ["4.6"], "hotel_price": ["538"]}, "976648": {"hotel_name": "\u6c49\u5ead\u9152\u5e97(\u4e09\u4e9a\u6625\u56ed\u6d77\u9c9c\u5e7f\u573a\u5e97)", "order_time": ["2019-01-19 15:10:56"], "total_order": 1, "hotel_value": ["4.4"], "hotel_price": ["209"]}, "10836607": {"hotel_name": "\u4e09\u4e9a\u5ba2\u6021\u5c45\u65c5\u79df(\u539f\u5bb6\u4e4b\u5bb6\u5bbe\u9986)", "order_time": ["2019-01-19 15:43:15", "2019-01-19 15:10:57"], "total_order": 2, "hotel_value": ["4.8", "4.8"], "hotel_price": ["90", "90"]}, "11439512": {"hotel_name": "\u4e09\u4e9a\u56fd\u5c0a\u6d77\u666f\u9152\u5e97", "order_time": ["2019-01-19 15:19:02", "2019-01-19 15:10:57"], "total_order": 2, "hotel_value": ["4.1", "4.1"], "hotel_price": ["123", "123"]}, "468875": {"hotel_name": "\u6674\u5929\u7389\u6ee9\u6d77\u666f\u5ea6\u5047\u516c\u5bd3(\u4e09\u4e9a\u6e7e\u5e97)", "order_time": ["2019-01-19 15:53:11", "2019-01-19 15:10:57", "2019-01-19 15:23:05", "2019-01-19 15:35:19"], "total_order": 4, "hotel_value": ["4.1", "4.1", "4.1", "4.1"], "hotel_price": ["138", "138", "138", "138"]}, "346711": {"hotel_name": "\u4e09\u4e9a\u541b\u9526\u6ee8\u6d77\u9152\u5e97", "order_time": ["2019-01-19 15:12:56"], "total_order": 1, "hotel_value": ["4.4"], "hotel_price": ["266"]}, "345074": {"hotel_name": "\u4e09\u4e9a\u4e9a\u9f99\u6e7e\u745e\u5409\u5ea6\u5047\u9152\u5e97", "order_time": ["2019-01-19 15:12:56"], "total_order": 1, "hotel_value": ["4.7"], "hotel_price": ["1699"]}, "707593": {"hotel_name": "\u4e09\u4e9a\u51e4\u51f0\u5c9b\u6d77\u6d0b\u4e4b\u661f\u5ea6\u5047\u9152\u5e97", "order_time": ["2019-01-19 15:49:07", "2019-01-19 15:41:19", "2019-01-19 15:12:56", "2019-01-19 15:27:12"], "total_order": 4, "hotel_value": ["4.6", "4.6", "4.6", "4.6"], "hotel_price": ["702", "702", "702", "702"]}, "15696546": {"hotel_name": "\u4e09\u4e9a\u4e2d\u5fc3\u51ef\u60a6\u5609\u8f69\u9152\u5e97", "order_time": ["2019-01-19 15:12:56"], "total_order": 1, "hotel_value": ["4.5"], "hotel_price": ["449"]}, "18555139": {"hotel_name": "\u4e09\u4e9a\u6e05\u5885\u6c11\u5bbf", "order_time": ["2019-01-19 15:12:56"], "total_order": 1, "hotel_value": ["4.9"], "hotel_price": ["143"]}, "986446": {"hotel_name": "\u4e09\u4e9a\u4e9a\u9f99\u6e7e\u5c71\u6e56\u6d77\u522b\u5885\u5ea6\u5047\u9152\u5e97", "order_time": ["2019-01-19 15:12:57", "2019-01-19 15:21:03"], "total_order": 2, "hotel_value": ["4.1", "4.1"], "hotel_price": ["283", "283"]}, "917373": {"hotel_name": "\u4e09\u4e9a\u8273\u9633\u5929\u5ba2\u6808(\u539f\u6f9c\u60a6\u9633\u5149\u6d77\u666f\u5ba2\u6808)", "order_time": ["2019-01-19 15:12:57", "2019-01-19 16:01:17"], "total_order": 2, "hotel_value": ["4.6", "4.6"], "hotel_price": ["90", "90"]}, "747674": {"hotel_name": "\u9675\u6c34\u6e05\u6c34\u6e7e\u6d77\u6d0b\u4e4b\u661f\u9152\u5e97", "order_time": ["2019-01-19 15:12:57"], "total_order": 1, "hotel_value": ["4.5"], "hotel_price": ["342"]}, "17140010": {"hotel_name": "\u4e09\u4e9a\u60a6\u670b\u00b7\u6d77\u534a\u95f4\u4eba\u6587\u8bbe\u8ba1\u6d77\u666f\u9152\u5e97", "order_time": ["2019-01-19 15:15:03", "2019-01-19 15:29:07"], "total_order": 2, "hotel_value": ["4.8", "4.8"], "hotel_price": ["253", "267"]}, "6446036": {"hotel_name": "\u4e09\u4e9a\u51e4\u51f0\u673a\u573a\u9152\u5e97", "order_time": ["2019-01-19 15:23:04", "2019-01-19 15:41:19", "2019-01-19 15:15:03", "2019-01-19 15:51:11"], "total_order": 4, "hotel_value": ["4.5", "4.5", "4.5", "4.5"], "hotel_price": ["440", "440", "440", "440"]}, "372154": {"hotel_name": "\u4e09\u4e9a\u798f\u670b\u559c\u6765\u767b\u9152\u5e97", "order_time": ["2019-01-19 15:15:03"], "total_order": 1, "hotel_value": ["4.5"], "hotel_price": ["655"]}, "1458417": {"hotel_name": "\u4e09\u4e9a\u8587\u8587\u6d77\u5cb8\u65c5\u9986", "order_time": ["2019-01-19 15:15:03"], "total_order": 1, "hotel_value": ["4.4"], "hotel_price": ["114"]}, "436673": {"hotel_name": "\u4e09\u4e9a\u9e7f\u5cad\u6d77\u6e7e\u7ef4\u666f\u56fd\u9645\u5927\u9152\u5e97(\u539f\u4e09\u4e9a\u6d77\u6e7e\u7ef4\u666f\u56fd\u9645\u5927\u9152\u5e97)", "order_time": ["2019-01-19 15:47:11", "2019-01-19 15:15:03"], "total_order": 2, "hotel_value": ["4.6", "4.6"], "hotel_price": ["321", "321"]}, "427277": {"hotel_name": "\u4e09\u4e9a\u4e2d\u5fc3\u7687\u51a0\u5047\u65e5\u9152\u5e97", "order_time": ["2019-01-19 15:15:03", "2019-01-19 15:23:08"], "total_order": 2, "hotel_value": ["4.7", "4.7"], "hotel_price": ["557", "557"]}, "643641": {"hotel_name": "\u4e09\u4e9a\u51e4\u51f0\u673a\u573a\u6d77\u822a\u5feb\u6377\u9152\u5e97", "order_time": ["2019-01-19 15:59:08", "2019-01-19 15:23:06", "2019-01-19 15:45:23", "2019-01-19 15:15:04"], "total_order": 4, "hotel_value": ["4.1", "4.1", "4.1", "4.1"], "hotel_price": ["208", "208", "208", "208"]}, "27264086": {"hotel_name": "\u4e09\u4e9a\u4e0d\u4e8c\u4e3b\u9898\u6c11\u5bbf", "order_time": ["2019-01-19 15:15:05"], "total_order": 1, "hotel_value": ["4.8"], "hotel_price": ["125"]}, "3385222": {"hotel_name": "\u4e09\u4e9a\u6d77\u60a6\u4e1c\u65b9\u9152\u5e97", "order_time": ["2019-01-19 15:53:06", "2019-01-19 15:15:06", "2019-01-19 15:57:09"], "total_order": 3, "hotel_value": ["4.3", "4.3", "4.3"], "hotel_price": ["114", "114", "114"]}, "2883738": {"hotel_name": "\u4e09\u4e9a\u9082\u9005\u65f6\u5149\u827a\u672f\u5ba2\u6808", "order_time": ["2019-01-19 15:15:06"], "total_order": 1, "hotel_value": ["4.6"], "hotel_price": ["178"]}, "670132": {"hotel_name": "\u5929\u827a\u56fd\u9645\u9152\u5e97(\u4e09\u4e9a\u5927\u4e1c\u6d77\u5e97)(\u539f\u4e16\u7eaa\u8c6a\u5ead\u9152\u5e97)", "order_time": ["2019-01-19 15:16:58"], "total_order": 1, "hotel_value": ["4.3"], "hotel_price": ["288"]}, "12797173": {"hotel_name": "\u4e09\u4e9a\u9690\u5c45\u6d77\u4e0a\u00b7\u9999\u6c34\u6e7e\u9152\u5e97", "order_time": ["2019-01-19 15:16:58"], "total_order": 1, "hotel_value": ["4.5"], "hotel_price": ["394"]}, "473306": {"hotel_name": "\u4e09\u4e9a\u9e3f\u82b3\u4e2d\u6d0b\u6d77\u666f\u9152\u5e97", "order_time": ["2019-01-19 15:16:58"], "total_order": 1, "hotel_value": ["4.3"], "hotel_price": ["179"]}, "12104544": {"hotel_name": "\u60a6\u746d\u00b7\u4e09\u4e9a\u6d77\u7cbe\u9009\u9152\u5e97", "order_time": ["2019-01-19 15:16:59"], "total_order": 1, "hotel_value": ["4.8"], "hotel_price": ["222"]}, "3197195": {"hotel_name": "\u54ea\u91cc\u90a3\u91cc\u6d77\u5cb8\u7cbe\u54c1\u5ba2\u6808(\u4e09\u4e9a\u4e9a\u9f99\u6e7e\u5e97)", "order_time": ["2019-01-19 15:16:59"], "total_order": 1, "hotel_value": ["4.8"], "hotel_price": ["135"]}, "370832": {"hotel_name": "\u4e09\u4e9a\u9e7f\u9890\u6d77\u666f\u9152\u5e97(\u539f\u8377\u6cf0\u6d77\u666f\u9152\u5e97)", "order_time": ["2019-01-19 15:16:59"], "total_order": 1, "hotel_value": ["4.6"], "hotel_price": ["388"]}, "8546321": {"hotel_name": "\u6765\u548c\u6d77\u666f\u516c\u5bd3(\u4e09\u4e9a\u5927\u4e1c\u6d77\u5e97)(\u539f\u5927\u4e1c\u6d77\u5e1d\u65af\u66fc\u6d77\u666f\u9152\u5e97)", "order_time": ["2019-01-19 15:37:16", "2019-01-19 15:17:02"], "total_order": 2, "hotel_value": ["4.8", "4.8"], "hotel_price": ["294", "294"]}, "8513975": {"hotel_name": "\u4e09\u4e9a\u516d\u4f73\u5feb\u6377\u65c5\u79df", "order_time": ["2019-01-19 15:17:11"], "total_order": 1, "hotel_value": [0], "hotel_price": ["131"]}, "3180637": {"hotel_name": "\u4e09\u4e9a\u9752\u827a\u672f\u96c5\u7b51\u5ba2\u6808(\u4e09\u4e9a\u6e7e\u5e97)", "order_time": ["2019-01-19 15:37:15", "2019-01-19 15:43:07", "2019-01-19 15:25:08", "2019-01-19 15:19:01"], "total_order": 4, "hotel_value": ["4.8", "4.8", "4.8", "4.9"], "hotel_price": ["185", "169", "169", "169"]}, "428318": {"hotel_name": "\u4e09\u4e9a\u6021\u5ead\u9152\u5e97", "order_time": ["2019-01-19 15:27:08", "2019-01-19 15:19:02"], "total_order": 2, "hotel_value": ["4.8", "4.8"], "hotel_price": ["250", "250"]}, "12064842": {"hotel_name": "\u4e09\u4e9a\u6625\u590f\u79cb\u8bbe\u8ba1\u6c11\u5bbf", "order_time": ["2019-01-19 15:19:03", "2019-01-19 15:47:20"], "total_order": 2, "hotel_value": ["4.7", "4.7"], "hotel_price": ["225", "225"]}, "6354307": {"hotel_name": "\u4e09\u4e9a\u5929\u6daf\u9047\u89c1\u4f60\u7cbe\u54c1\u4e3b\u9898\u5ba2\u6808", "order_time": ["2019-01-19 15:19:13"], "total_order": 1, "hotel_value": ["4.6"], "hotel_price": ["153"]}, "443561": {"hotel_name": "\u4e09\u4e9a\u94f6\u5929\u5ea6\u5047\u9152\u5e97", "order_time": ["2019-01-19 15:19:19"], "total_order": 1, "hotel_value": ["4.3"], "hotel_price": ["158"]}, "431932": {"hotel_name": "\u4e09\u4e9a\u94f6\u97f5\u6d77\u666f\u5ea6\u5047\u9152\u5e97", "order_time": ["2019-01-19 15:21:01", "2019-01-19 15:29:14", "2019-01-19 16:01:21"], "total_order": 3, "hotel_value": ["4.7", "4.7", "4.7"], "hotel_price": ["359", "359", "361"]}, "10520963": {"hotel_name": "\u4e09\u4e9a\u91d1\u838e\u73fa\u5510\u9152\u5e97", "order_time": ["2019-01-19 15:21:02"], "total_order": 1, "hotel_value": ["4.8"], "hotel_price": ["560"]}, "6450523": {"hotel_name": "\u4e09\u4e9a\u5c71\u6d77\u5929\u5927\u9152\u5e97\u00b7\u50b2\u9014\u683c\u7cbe\u9009", "order_time": ["2019-01-19 15:21:02"], "total_order": 1, "hotel_value": ["4.8"], "hotel_price": ["1452"]}, "470577": {"hotel_name": "\u4e09\u4e9a\u5357\u5c71\u4f11\u95f2\u4f1a\u9986\u7985\u4fee\u4e3b\u9898", "order_time": ["2019-01-19 15:21:03", "2019-01-19 15:41:12"], "total_order": 2, "hotel_value": ["4.5", "4.5"], "hotel_price": ["1066", "1066"]}, "5980581": {"hotel_name": "\u4e09\u4e9a\u73ba\u6cfd\u6d77\u666f\u65c5\u5c45(\u539f\u6d77\u60a6\u661f\u8fb0\u6d77\u666f\u5ea6\u5047\u516c\u5bd3)", "order_time": ["2019-01-19 15:21:03"], "total_order": 1, "hotel_value": ["4.8"], "hotel_price": ["281"]}, "6503543": {"hotel_name": "\u4e09\u4e9a\u6c5f\u5357\u767e\u60a6\u5546\u52a1\u5927\u9152\u5e97", "order_time": ["2019-01-19 15:21:04"], "total_order": 1, "hotel_value": ["4.2"], "hotel_price": ["230"]}, "440033": {"hotel_name": "Q\u52a0\u00b7\u4e09\u4e9a\u7f8e\u6021\u6d77\u5cb8\u5ba2\u6808", "order_time": ["2019-01-19 15:21:07"], "total_order": 1, "hotel_value": ["4.7"], "hotel_price": ["123"]}, "8577314": {"hotel_name": "\u4e09\u4e9a\u7f8e\u4e3d\u4e4b\u51a0\u5e78\u798f\u6811\u5ea6\u5047\u9152\u5e97", "order_time": ["2019-01-19 15:21:08", "2019-01-19 15:27:14"], "total_order": 2, "hotel_value": ["4.0", "4.0"], "hotel_price": ["217", "217"]}, "9626476": {"hotel_name": "\u4e09\u4e9a\u67ab\u6797\u665a\u667a\u6167\u4e3b\u9898\u9152\u5e97\u51e4\u51f0\u673a\u573a\u5e97", "order_time": ["2019-01-19 15:21:08"], "total_order": 1, "hotel_value": ["4.8"], "hotel_price": ["187"]}, "346739": {"hotel_name": "\u4e09\u4e9a\u9e3f\u6d32\u56fd\u9645\u6e38\u8247\u9152\u5e97", "order_time": ["2019-01-19 15:21:09"], "total_order": 1, "hotel_value": ["4.7"], "hotel_price": ["600"]}, "4410283": {"hotel_name": "\u4e09\u4e9a\u5b50\u60a6\u5eb7\u5e74\u9152\u5e97(\u539f\u4e2d\u94c1\u5b50\u60a6\u5eb7\u5e74\u5546\u52a1\u9152\u5e97)", "order_time": ["2019-01-19 15:23:01", "2019-01-19 15:53:11", "2019-01-19 16:01:14"], "total_order": 3, "hotel_value": ["4.6", "4.6", "4.6"], "hotel_price": ["380", "380", "380"]}, "3777325": {"hotel_name": "\u4e09\u4e9a\u90a3\u65f6\u5149\u6000\u65e7\u5ba2\u6808", "order_time": ["2019-01-19 15:23:02"], "total_order": 1, "hotel_value": ["4.8"], "hotel_price": ["148"]}, "449558": {"hotel_name": "\u65c5\u5bb6\u5ea6\u5047\u516c\u5bd3(\u4e09\u4e9a\u6e7e\u5e97)", "order_time": ["2019-01-19 15:23:02"], "total_order": 1, "hotel_value": ["4.8"], "hotel_price": ["190"]}, "10919963": {"hotel_name": "\u4e09\u4e9a\u5149\u5f71\u5e74\u8f6e\u7cbe\u54c1\u5ba2\u6808", "order_time": ["2019-01-19 15:55:44", "2019-01-19 15:23:03"], "total_order": 2, "hotel_value": ["4.8", "4.8"], "hotel_price": ["121", "126"]}, "4522257": {"hotel_name": "\u4e09\u4e9a\u7b80\u901487\u7a7a\u4e2d\u697c\u9601\u5ba2\u6808(\u539f\u67cf\u745e\u7b80\u9014\u7cbe\u54c1\u9152\u5e97)", "order_time": ["2019-01-19 15:23:03"], "total_order": 1, "hotel_value": ["4.1"], "hotel_price": ["178"]}, "8681237": {"hotel_name": "\u4e09\u4e9a\u5927\u4e1c\u6d77\u5fc6\u8bed\u6d41\u5e74\u4e3b\u9898\u9152\u5e97", "order_time": ["2019-01-19 15:23:03"], "total_order": 1, "hotel_value": ["4.8"], "hotel_price": ["161"]}, "346684": {"hotel_name": "\u4e09\u4e9a\u73e0\u6c5f\u5357\u7530\u6e29\u6cc9\u5ea6\u5047\u533a", "order_time": ["2019-01-19 15:23:03"], "total_order": 1, "hotel_value": ["4.3"], "hotel_price": ["459"]}, "346760": {"hotel_name": "\u4e09\u4e9a\u4e9a\u9f99\u6e7e\u8f9b\u7279\u62c9\u8d4f\u693f\u5957\u623f\u5ea6\u5047\u9152\u5e97", "order_time": ["2019-01-19 15:23:03"], "total_order": 1, "hotel_value": ["4.3"], "hotel_price": ["362"]}, "900548": {"hotel_name": "\u57ce\u5e02\u4fbf\u6377\u9152\u5e97(\u4e09\u4e9a\u6e7e\u6b65\u884c\u8857\u5e97)", "order_time": ["2019-01-19 15:23:04"], "total_order": 1, "hotel_value": ["4.4"], "hotel_price": ["175"]}, "5800223": {"hotel_name": "\u4e09\u4e9a\u64ce\u5929\u534a\u5c9b\u671b\u6d77\u6d77\u666f\u9152\u5e97", "order_time": ["2019-01-19 15:23:04"], "total_order": 1, "hotel_value": ["4.5"], "hotel_price": ["421"]}, "6069072": {"hotel_name": "\u4e09\u4e9a\u83b2\u99a8\u5c0f\u7b51\u6d77\u666f\u5ea6\u5047\u516c\u5bd3", "order_time": ["2019-01-19 15:23:04"], "total_order": 1, "hotel_value": ["4.8"], "hotel_price": ["232"]}, "2598376": {"hotel_name": "\u7ef4\u7eb3\u6d77\u5957\u623f\u6d77\u666f\u516c\u5bd3(\u4e09\u4e9a\u5927\u4e1c\u6d77\u5e97)", "order_time": ["2019-01-19 15:23:04"], "total_order": 1, "hotel_value": ["4.8"], "hotel_price": ["178"]}, "6808599": {"hotel_name": "\u4e09\u4e9a\u5d16\u57ce\u65bd\u987f\u9152\u5e97(\u539f\u65bd\u987f\u8fce\u5bbe\u9986)", "order_time": ["2019-01-19 15:23:04"], "total_order": 1, "hotel_value": ["4.1"], "hotel_price": ["258"]}, "4035288": {"hotel_name": "\u4e09\u4e9a\u9752\u6d77\u5927\u53a6", "order_time": ["2019-01-19 15:23:04"], "total_order": 1, "hotel_value": ["4.4"], "hotel_price": ["400"]}, "26413397": {"hotel_name": "\u4e09\u4e9a\u871c\u65c5\u82cf\u683c\u9152\u5e97", "order_time": ["2019-01-19 15:23:04"], "total_order": 1, "hotel_value": ["4.8"], "hotel_price": ["227"]}, "6043700": {"hotel_name": "\u4e09\u4e9a\u67ab\u6797\u665a\u4e3b\u9898\u9152\u5e97", "order_time": ["2019-01-19 15:23:04"], "total_order": 1, "hotel_value": ["4.7"], "hotel_price": ["153"]}, "3289062": {"hotel_name": "\u79d1\u5b9d\u5e84\u56ed\u5927\u9152\u5e97(\u4e09\u4e9a\u5d16\u5dde\u5e97)", "order_time": ["2019-01-19 15:23:04"], "total_order": 1, "hotel_value": ["4.1"], "hotel_price": ["237"]}, "7856790": {"hotel_name": "\u539f\u91ce\u6d77\u666f\u5ea6\u5047\u516c\u5bd3(\u4e09\u4e9a\u6e7e\u5e97)(\u539f\u51ef\u82ae\u6b27\u6d77\u6f9c\u516c\u9986)", "order_time": ["2019-01-19 15:23:04"], "total_order": 1, "hotel_value": ["4.9"], "hotel_price": ["342"]}, "4638068": {"hotel_name": "\u7559\u4e00\u95f4\u7cbe\u54c1\u9152\u5e97(\u4e09\u4e9a\u6e7e\u51e4\u51f0\u673a\u573a\u5e97)", "order_time": ["2019-01-19 15:23:04"], "total_order": 1, "hotel_value": ["4.3"], "hotel_price": ["208"]}, "1687513": {"hotel_name": "\u4e09\u4e9a\u73c2\u7532\u6d77\u666f\u5ea6\u5047\u516c\u5bd3", "order_time": ["2019-01-19 15:23:04"], "total_order": 1, "hotel_value": ["4.5"], "hotel_price": ["582"]}, "9580477": {"hotel_name": "\u5411\u65e5\u8475\u6d77\u5cb8\u5ba2\u6808(\u4e09\u4e9a\u51e4\u51f0\u673a\u573a\u5e97)", "order_time": ["2019-01-19 15:23:04"], "total_order": 1, "hotel_value": ["4.6"], "hotel_price": ["199"]}, "8057510": {"hotel_name": "\u4e09\u4e9a\u83b2\u5bbf\u9152\u5e97\uff08\u5927\u4e1c\u6d77\u5e97\uff09", "order_time": ["2019-01-19 15:23:04"], "total_order": 1, "hotel_value": ["4.8"], "hotel_price": ["238"]}, "473337": {"hotel_name": "\u4e45\u6816\u00b7\u4e09\u4e9a\u900d\u9065\u8f69\u6d77\u666f\u5ea6\u5047\u516c\u5bd3", "order_time": ["2019-01-19 15:23:04"], "total_order": 1, "hotel_value": ["4.7"], "hotel_price": ["292"]}, "4301411": {"hotel_name": "\u5982\u5bb6\u5feb\u6377\u9152\u5e97(\u4e09\u4e9a\u5546\u54c1\u8857\u5927\u9053\u5e97)", "order_time": ["2019-01-19 15:23:04"], "total_order": 1, "hotel_value": ["4.5"], "hotel_price": ["155"]}, "1480855": {"hotel_name": "\u4e09\u4e9a\u51ef\u5e1d\u6d77\u666f\u9152\u5e97", "order_time": ["2019-01-19 15:23:04"], "total_order": 1, "hotel_value": ["4.5"], "hotel_price": ["117"]}, "5247024": {"hotel_name": "\u4e09\u4e9a\u90a3\u4e00\u5e74\u521d\u89c1\u7cbe\u54c1\u5ba2\u6808", "order_time": ["2019-01-19 15:23:04"], "total_order": 1, "hotel_value": ["4.6"], "hotel_price": ["168"]}, "993928": {"hotel_name": "\u5982\u5bb6\u5feb\u6377\u9152\u5e97(\u4e09\u4e9a\u5927\u4e1c\u6d77\u6e38\u5ba2\u4e2d\u5fc3\u5e97)", "order_time": ["2019-01-19 15:23:04"], "total_order": 1, "hotel_value": ["4.3"], "hotel_price": ["158"]}, "346702": {"hotel_name": "\u4e09\u4e9a\u8fb0\u5149\u514b\u62c9\u7801\u5934\u9152\u5e97", "order_time": ["2019-01-19 15:23:04", "2019-01-19 15:51:11", "2019-01-19 15:45:17"], "total_order": 3, "hotel_value": ["4.6", "4.6", "4.6"], "hotel_price": ["408", "408", "408"]}, "375179": {"hotel_name": "\u4e09\u4e9a\u6e7e\u7ea2\u6811\u6797\u5ea6\u5047\u4e16\u754c(\u6728\u68c9\u9152\u5e97)", "order_time": ["2019-01-19 15:23:06", "2019-01-19 15:43:10"], "total_order": 2, "hotel_value": ["4.6", "4.6"], "hotel_price": ["802", "802"]}, "740890": {"hotel_name": "\u4e09\u4e9a\u4e2d\u80dc\u5e78\u798f\u5ea6\u5047\u9152\u5e97", "order_time": ["2019-01-19 15:23:06"], "total_order": 1, "hotel_value": ["3.8"], "hotel_price": ["112"]}, "427279": {"hotel_name": "\u4e09\u4e9a\u5357\u5c71\u8fce\u5bbe\u9986", "order_time": ["2019-01-19 15:23:07"], "total_order": 1, "hotel_value": ["4.6"], "hotel_price": ["779"]}, "6839693": {"hotel_name": "\u4e09\u4e9a\u68ee\u6797\u6d77\u5cb8\u6cf3\u6c60\u5ea6\u5047\u522b\u5885", "order_time": ["2019-01-19 15:23:08"], "total_order": 1, "hotel_value": ["4.9"], "hotel_price": ["395"]}, "473314": {"hotel_name": "\u4e09\u4e9a\u4e8c\u6708\u6d77\u6d77\u666f\u9152\u5e97", "order_time": ["2019-01-19 15:57:10", "2019-01-19 15:23:14"], "total_order": 2, "hotel_value": ["4.8", "4.8"], "hotel_price": ["191", "191"]}, "23405481": {"hotel_name": "\u4e09\u4e9a\u6d77\u68e0\u6e7e\u4e9a\u4e01\u65af\u5ea6\u5047\u522b\u5885", "order_time": ["2019-01-19 15:25:04"], "total_order": 1, "hotel_value": ["4.9"], "hotel_price": ["630"]}, "512853": {"hotel_name": "\u4e09\u4e9a\u7267\u6d77\u65c5\u820d\u4e09\u4e9a\u6e7e\u5e97", "order_time": ["2019-01-19 15:25:09"], "total_order": 1, "hotel_value": ["4.7"], "hotel_price": ["192"]}, "457647": {"hotel_name": "\u5168\u5b63\u9152\u5e97(\u4e09\u4e9a\u6e7e\u5e97)", "order_time": ["2019-01-19 15:25:10"], "total_order": 1, "hotel_value": ["4.6"], "hotel_price": ["322"]}, "436677": {"hotel_name": "\u4e09\u4e9a\u4e3d\u666f\u6d77\u6e7e\u9152\u5e97", "order_time": ["2019-01-19 15:25:11"], "total_order": 1, "hotel_value": ["4.6"], "hotel_price": ["315"]}, "345065": {"hotel_name": "\u4e09\u4e9a\u4e07\u4e3d\u5ea6\u5047\u9152\u5e97", "order_time": ["2019-01-19 15:25:11"], "total_order": 1, "hotel_value": ["4.7"], "hotel_price": ["618"]}, "1361281": {"hotel_name": "\u4e09\u4e9a\u6e7e\u7ea2\u6811\u6797\u5ea6\u5047\u4e16\u754c(\u6930\u6797\u9152\u5e97)", "order_time": ["2019-01-19 15:25:12"], "total_order": 1, "hotel_value": ["4.7"], "hotel_price": ["802"]}, "5398387": {"hotel_name": "\u4e09\u4e9a\u5927\u6811\u4e03\u661f\u9152\u5e97", "order_time": ["2019-01-19 15:27:07"], "total_order": 1, "hotel_value": ["4.4"], "hotel_price": ["210"]}, "430981": {"hotel_name": "\u5982\u5bb6\u5feb\u6377\u9152\u5e97(\u4e09\u4e9a\u89e3\u653e\u8def\u660e\u73e0\u5e7f\u573a\u8d2d\u7269\u4e2d\u5fc3\u5e97)", "order_time": ["2019-01-19 15:27:08"], "total_order": 1, "hotel_value": ["4.6"], "hotel_price": ["158"]}, "12779869": {"hotel_name": "\u548c\u9890\u81f3\u683c\u9152\u5e97(\u4e09\u4e9a\u8c6a\u5a01\u9e92\u9e9f\u5e97)", "order_time": ["2019-01-19 15:27:11"], "total_order": 1, "hotel_value": ["4.7"], "hotel_price": ["298"]}, "344928": {"hotel_name": "\u4e09\u4e9a\u4e9a\u9f99\u6e7e\u4e07\u8c6a\u5ea6\u5047\u9152\u5e97", "order_time": ["2019-01-19 15:27:13"], "total_order": 1, "hotel_value": ["4.6"], "hotel_price": ["989"]}, "427635": {"hotel_name": "\u4e09\u4e9a\u5609\u5bbe\u56fd\u9645\u9152\u5e97(5\u53f6\u7eff\u8272\u996d\u5e97)", "order_time": ["2019-01-19 15:27:16"], "total_order": 1, "hotel_value": ["4.5"], "hotel_price": ["463"]}, "345522": {"hotel_name": "\u4e09\u4e9a\u5929\u57df\u5ea6\u5047\u9152\u5e97", "order_time": ["2019-01-19 15:49:38", "2019-01-19 15:27:36"], "total_order": 2, "hotel_value": ["4.8", "4.8"], "hotel_price": ["1399", "1399"]}, "14996879": {"hotel_name": "\u4e09\u4e9a\u6d77\u68e0\u6e7e\u4ec1\u6052\u7687\u51a0\u5047\u65e5\u5ea6\u5047\u9152\u5e97", "order_time": ["2019-01-19 15:27:36"], "total_order": 1, "hotel_value": ["4.8"], "hotel_price": ["1880"]}, "2922099": {"hotel_name": "\u4e09\u4e9a\u7d2b\u9f99\u82b1\u56ed\u6d0b\u623f\u5ea6\u5047\u516c\u5bd3", "order_time": ["2019-01-19 15:27:36"], "total_order": 1, "hotel_value": ["4.7"], "hotel_price": ["258"]}, "2216767": {"hotel_name": "\u7ef4\u4e5f\u7eb3\u9152\u5e97(\u4e09\u4e9a\u6e7e\u5e97)", "order_time": ["2019-01-19 15:33:13", "2019-01-19 15:29:07"], "total_order": 2, "hotel_value": ["4.8", "4.8"], "hotel_price": ["368", "368"]}, "6245445": {"hotel_name": "\u4e09\u4e9a\u8d1d\u65af\u7279\u97e6\u65af\u7279\u7cbe\u54c1\u56fd\u9645\u5ea6\u5047\u9152\u5e97", "order_time": ["2019-01-19 15:29:09"], "total_order": 1, "hotel_value": ["4.7"], "hotel_price": ["498"]}, "1118574": {"hotel_name": "\u4e09\u4e9a\u6fb3\u59ae\u65af\u9152\u5e97", "order_time": ["2019-01-19 15:29:10"], "total_order": 1, "hotel_value": ["4.8"], "hotel_price": ["198"]}, "8577439": {"hotel_name": "\u5361\u739b\u51b2\u6d6a\u5ba2\u6808\uff08\u4e09\u4e9a\u8708\u652f\u6d32\u5c9b\u7801\u5934\u5e97\uff09", "order_time": ["2019-01-19 15:29:12"], "total_order": 1, "hotel_value": ["4.4"], "hotel_price": ["239"]}, "1861354": {"hotel_name": "\u683c\u6797\u8c6a\u6cf0(\u4e09\u4e9a\u6625\u56ed\u6d77\u9c9c\u5e7f\u573a\u5feb\u6377\u9152\u5e97)", "order_time": ["2019-01-19 15:29:14"], "total_order": 1, "hotel_value": ["4.0"], "hotel_price": ["134"]}, "1678359": {"hotel_name": "\u4e09\u4e9a\u4e91\u6d77\u5885\u4e3b\u9898\u522b\u5885\u5ba2\u6808\u5927\u4e1c\u6d77\u5e97", "order_time": ["2019-01-19 15:29:14"], "total_order": 1, "hotel_value": ["4.6"], "hotel_price": ["159"]}, "16897771": {"hotel_name": "\u4e09\u4e9a\u6d77\u68e0\u6e7e\u9e93\u6e56\u5ea6\u5047\u9152\u5e97", "order_time": ["2019-01-19 15:29:15"], "total_order": 1, "hotel_value": ["4.7"], "hotel_price": ["942"]}, "6335192": {"hotel_name": "\u4e09\u4e9amissyou\u6d77\u666f\u516c\u5bd3", "order_time": ["2019-01-19 15:29:15"], "total_order": 1, "hotel_value": ["4.4"], "hotel_price": ["163"]}, "10188701": {"hotel_name": "\u4e09\u4e9a\u6c34\u6676\u4e4b\u604b\u4e3b\u9898\u9152\u5e97", "order_time": ["2019-01-19 15:29:16"], "total_order": 1, "hotel_value": ["4.7"], "hotel_price": ["173"]}, "6327435": {"hotel_name": "\u4e09\u4e9a\u604b\u590f\u00b7\u8f7b\u5962\u6d77\u666f\u516c\u5bd3", "order_time": ["2019-01-19 15:29:18"], "total_order": 1, "hotel_value": ["4.8"], "hotel_price": ["107"]}, "1457262": {"hotel_name": "\u4e09\u4e9a\u5c71\u6d77\u5929JW\u4e07\u8c6a\u9152\u5e97", "order_time": ["2019-01-19 15:29:22"], "total_order": 1, "hotel_value": ["4.7"], "hotel_price": ["799"]}, "7073052": {"hotel_name": "\u4e09\u4e9a\u514b\u62c9\u5c14\u9633\u5149\u6d77\u666f\u516c\u5bd3", "order_time": ["2019-01-19 15:31:14"], "total_order": 1, "hotel_value": ["4.8"], "hotel_price": ["184"]}, "1739015": {"hotel_name": "\u4e09\u4e9a\u9f99\u5174\u83b1\u66fc\u6d77\u666f\u5ea6\u5047\u9152\u5e97", "order_time": ["2019-01-19 15:31:16"], "total_order": 1, "hotel_value": ["4.4"], "hotel_price": ["419"]}, "1251671": {"hotel_name": "\u9526\u6c5f\u4e4b\u661f(\u4e09\u4e9a\u6cb3\u897f\u8def\u6b65\u884c\u6865\u6cb3\u666f\u5e97)", "order_time": ["2019-01-19 15:33:07", "2019-01-19 15:57:09"], "total_order": 2, "hotel_value": ["4.5", "4.5"], "hotel_price": ["169", "169"]}, "14999032": {"hotel_name": "\u4e09\u4e9a\u4e9a\u9f99\u6e7e\u6d6e\u751f\u82e5\u5bbf\u8bbe\u8ba1\u6c11\u5bbf", "order_time": ["2019-01-19 16:01:16", "2019-01-19 15:33:10"], "total_order": 2, "hotel_value": ["4.9", "4.9"], "hotel_price": ["457", "457"]}, "420069": {"hotel_name": "\u4e09\u4e9a\u4e2d\u4e9a\u56fd\u9645\u5927\u9152\u5e97", "order_time": ["2019-01-19 15:51:08", "2019-01-19 15:33:10"], "total_order": 2, "hotel_value": ["4.5", "4.5"], "hotel_price": ["392", "392"]}, "14074913": {"hotel_name": "\u4e09\u4e9a\u4e9a\u9f99\u6e7e\u96c5\u9601\u6e29\u6cc9\u5ea6\u5047\u9152\u5e97", "order_time": ["2019-01-19 15:33:10"], "total_order": 1, "hotel_value": ["4.7"], "hotel_price": ["1188"]}, "396528": {"hotel_name": "\u4e09\u4e9a\u4e9a\u9f99\u6e7e\u4e94\u53f7\u5ea6\u5047\u522b\u5885\u9152\u5e97", "order_time": ["2019-01-19 15:33:12"], "total_order": 1, "hotel_value": ["4.7"], "hotel_price": ["699"]}, "345076": {"hotel_name": "\u4e09\u4e9a\u4e9a\u9f99\u6e7e\u7231\u7434\u6d77\u5168\u5957\u623f\u7cbe\u54c1\u5ea6\u5047\u9152\u5e97", "order_time": ["2019-01-19 15:35:10"], "total_order": 1, "hotel_value": ["4.5"], "hotel_price": ["772"]}, "1137078": {"hotel_name": "\u6d77\u5357\u6e05\u6c34\u6e7e\u5047\u65e5\u5ea6\u5047\u9152\u5e97", "order_time": ["2019-01-19 15:41:19", "2019-01-19 15:35:10"], "total_order": 2, "hotel_value": ["4.7", "4.7"], "hotel_price": ["475", "475"]}, "643764": {"hotel_name": "\u6d77\u5357\u96c5\u5c45\u4e50\u65c5\u5bb6\u5ea6\u5047\u9152\u5e97", "order_time": ["2019-01-19 15:35:15"], "total_order": 1, "hotel_value": ["4.3"], "hotel_price": ["262"]}, "24051573": {"hotel_name": "\u4e09\u4e9a\u6d77\u7720\u827a\u5bbf\u8bbe\u8ba1\u6c11\u5bbf", "order_time": ["2019-01-19 15:35:16"], "total_order": 1, "hotel_value": ["4.7"], "hotel_price": ["230"]}, "842954": {"hotel_name": "\u9526\u6c5f\u4e4b\u661f(\u4e09\u4e9a\u6e7e\u5409\u7965\u8857\u6d77\u666f\u9152\u5e97)", "order_time": ["2019-01-19 15:35:16"], "total_order": 1, "hotel_value": ["4.5"], "hotel_price": ["156"]}, "6261136": {"hotel_name": "\u7ef4\u4e5f\u7eb3\u9152\u5e97(\u4e09\u4e9a\u4e9a\u9f99\u6e7e\u5343\u53e4\u60c5\u5e97)", "order_time": ["2019-01-19 15:35:19"], "total_order": 1, "hotel_value": ["4.8"], "hotel_price": ["316"]}, "346719": {"hotel_name": "\u4e09\u4e9a\u534a\u5c71\u534a\u5c9b\u5e06\u8239\u6e2f\u9152\u5e97", "order_time": ["2019-01-19 15:37:10"], "total_order": 1, "hotel_value": ["4.7"], "hotel_price": ["942"]}, "13293731": {"hotel_name": "\u4e09\u4e9a\u6f9c\u82d1\u5546\u52a1\u9152\u5e97", "order_time": ["2019-01-19 15:37:12"], "total_order": 1, "hotel_value": ["4.5"], "hotel_price": ["282"]}, "346770": {"hotel_name": "\u4e09\u4e9a\u5929\u901a\u5efa\u56fd\u9152\u5e97", "order_time": ["2019-01-19 15:53:14", "2019-01-19 15:37:13"], "total_order": 2, "hotel_value": ["4.5", "4.5"], "hotel_price": ["480", "480"]}, "1315499": {"hotel_name": "\u4e09\u4e9a\u8001\u73ed\u957f\u56fd\u9645\u9752\u5e74\u65c5\u820d", "order_time": ["2019-01-19 15:37:13"], "total_order": 1, "hotel_value": ["4.5"], "hotel_price": ["49"]}, "4388404": {"hotel_name": "\u4e09\u4e9a\u7f8e\u4e3d\u4e4b\u51a0\u5927\u6811\u9152\u5e97", "order_time": ["2019-01-19 15:43:08", "2019-01-19 15:37:14"], "total_order": 2, "hotel_value": ["4.3", "4.3"], "hotel_price": ["233", "233"]}, "23632312": {"hotel_name": "\u4e09\u4e9a\u7396\u95f4\u623f\u65c5\u79df", "order_time": ["2019-01-19 15:37:16", "2019-01-19 15:47:20"], "total_order": 2, "hotel_value": ["4.9", "4.9"], "hotel_price": ["103", "103"]}, "7485514": {"hotel_name": "\u4e45\u6816\u00b7\u4e09\u4e9a\u60a0\u7136\u6d77\u8fb9\u5ea6\u5047\u516c\u5bd3", "order_time": ["2019-01-19 15:39:11"], "total_order": 1, "hotel_value": ["4.9"], "hotel_price": ["177"]}, "2705938": {"hotel_name": "\u4e09\u4e9a\u514b\u62c9\u5c14\u9152\u5e97\u00b7\u6d77\u5cb8\u7cbe\u9009", "order_time": ["2019-01-19 15:39:12", "2019-01-19 15:59:12"], "total_order": 2, "hotel_value": ["4.7", "4.7"], "hotel_price": ["148", "148"]}, "10187052": {"hotel_name": "\u4e09\u4e9a\u897f\u897f\u91cc\u7cbe\u54c1\u6c11\u5bbf", "order_time": ["2019-01-19 15:39:12"], "total_order": 1, "hotel_value": ["4.9"], "hotel_price": ["321"]}, "4656822": {"hotel_name": "\u4e45\u6816\u00b7\u4e09\u4e9a\u6d77\u84dd\u84dd\u6d77\u666f\u6c11\u5bbf", "order_time": ["2019-01-19 15:39:12"], "total_order": 1, "hotel_value": ["4.6"], "hotel_price": ["158"]}, "1470056": {"hotel_name": "Q\u52a0\u00b7\u4e09\u4e9a\u8fd9\u7247\u6d77\u5ea6\u5047\u6d77\u666f\u5ba2\u6808", "order_time": ["2019-01-19 15:39:12"], "total_order": 1, "hotel_value": ["4.6"], "hotel_price": ["177"]}, "12603715": {"hotel_name": "\u4e09\u4e9a\u6d77\u6ee8\u5ea6\u5047\u9152\u5e97", "order_time": ["2019-01-19 15:39:14"], "total_order": 1, "hotel_value": ["4.0"], "hotel_price": ["330"]}, "13433212": {"hotel_name": "\u4e09\u4e9a\u91d1\u90fd\u851a\u666f\u6e29\u5fb7\u59c6\u9152\u5e97", "order_time": ["2019-01-19 15:39:22"], "total_order": 1, "hotel_value": ["4.7"], "hotel_price": ["556"]}, "1484444": {"hotel_name": "\u4e09\u4e9a\u6ee8\u83b1\u5047\u65e5\u5bbe\u9986", "order_time": ["2019-01-19 15:39:27", "2019-01-19 16:01:23"], "total_order": 2, "hotel_value": ["4.1", "4.1"], "hotel_price": ["83", "83"]}, "1690612": {"hotel_name": "\u4e09\u4e9a\u6587\u82f1\u5bbe\u9986", "order_time": ["2019-01-19 15:39:29"], "total_order": 1, "hotel_value": ["4.5"], "hotel_price": ["128"]}, "433675": {"hotel_name": "\u4e09\u4e9a\u51e4\u51f0\u6c34\u57ce\u51ef\u83b1\u5ea6\u5047\u9152\u5e97", "order_time": ["2019-01-19 15:41:11"], "total_order": 1, "hotel_value": ["4.5"], "hotel_price": ["338"]}, "1603531": {"hotel_name": "\u91d1\u7684\u7cbe\u54c1\u5ea6\u5047\u9152\u5e97(\u4e09\u4e9a\u56fd\u822a\u5e15\u5c14\u7f8e\u7eb3\u5e97)", "order_time": ["2019-01-19 15:53:06", "2019-01-19 16:01:12", "2019-01-19 15:41:13"], "total_order": 3, "hotel_value": ["4.7", "4.7", "4.7"], "hotel_price": ["240", "240", "240"]}, "6345626": {"hotel_name": "\u67cf\u680e\u5ea6\u5047\u9152\u5e97(\u4e09\u4e9a\u5343\u53e4\u60c5\u5e97)", "order_time": ["2019-01-19 15:41:13"], "total_order": 1, "hotel_value": ["4.5"], "hotel_price": ["373"]}, "436675": {"hotel_name": "\u4e09\u4e9a\u5927\u4e1c\u6d77\u541b\u4ead\u9152\u5e97", "order_time": ["2019-01-19 16:01:14", "2019-01-19 15:41:19", "2019-01-19 15:47:14"], "total_order": 3, "hotel_value": ["4.8", "4.8", "4.8"], "hotel_price": ["353", "390", "353"]}, "371722": {"hotel_name": "\u4e09\u4e9a\u4e9a\u9f99\u6e7e\u91d1\u68d5\u6988\u5ea6\u5047\u9152\u5e97", "order_time": ["2019-01-19 15:41:19"], "total_order": 1, "hotel_value": ["4.6"], "hotel_price": ["590"]}, "1601597": {"hotel_name": "\u4e09\u4e9a\u592a\u9633\u6e7e\u67cf\u60a6\u9152\u5e97", "order_time": ["2019-01-19 15:41:19"], "total_order": 1, "hotel_value": ["4.8"], "hotel_price": ["2289"]}, "3041884": {"hotel_name": "\u4e09\u4e9a\u4e3d\u79be\u6e29\u5fb7\u59c6\u9152\u5e97", "order_time": ["2019-01-19 15:57:11", "2019-01-19 15:41:19", "2019-01-19 15:59:09"], "total_order": 3, "hotel_value": ["4.8", "4.8", "4.8"], "hotel_price": ["800", "800", "800"]}, "345095": {"hotel_name": "\u4e09\u4e9a\u9ece\u5ba2\u56fd\u9645\u9152\u5e97", "order_time": ["2019-01-19 15:51:09", "2019-01-19 15:41:20"], "total_order": 2, "hotel_value": ["4.4", "4.4"], "hotel_price": ["367", "367"]}, "372133": {"hotel_name": "\u4e09\u4e9a\u73e0\u6c5f\u82b1\u56ed\u9152\u5e97", "order_time": ["2019-01-19 15:41:20"], "total_order": 1, "hotel_value": ["4.4"], "hotel_price": ["393"]}, "15717224": {"hotel_name": "\u5fc6\u8bed\u6d41\u5e74\u7cbe\u54c1\u6c11\u5bbf", "order_time": ["2019-01-19 15:43:07"], "total_order": 1, "hotel_value": ["4.8"], "hotel_price": ["224"]}, "15717524": {"hotel_name": "\u8d30\u53f7\u8bbe\u8ba1\u9152\u5e97(\u4e09\u4e9a\u51e4\u51f0\u673a\u573a\u5e97)", "order_time": ["2019-01-19 15:49:24", "2019-01-19 15:43:07"], "total_order": 2, "hotel_value": ["4.7", "4.7"], "hotel_price": ["175", "175"]}, "1252444": {"hotel_name": "\u4e09\u4e9a\u6930\u6d77\u65f6\u5149\u6d77\u666f\u5ea6\u5047\u516c\u5bd3", "order_time": ["2019-01-19 15:43:12"], "total_order": 1, "hotel_value": ["4.9"], "hotel_price": ["998"]}, "481441": {"hotel_name": "\u4e09\u4e9a\u6e7e\u667a\u9009\u5047\u65e5\u9152\u5e97", "order_time": ["2019-01-19 15:43:14"], "total_order": 1, "hotel_value": ["4.4"], "hotel_price": ["268"]}, "1055585": {"hotel_name": "\u9e97\u67ab\u9152\u5e97(\u4e09\u4e9a\u6e7e\u5409\u7965\u8857\u5e97)", "order_time": ["2019-01-19 15:43:15"], "total_order": 1, "hotel_value": ["4.7"], "hotel_price": ["252"]}, "5968179": {"hotel_name": "\u4e09\u4e9a\u7231\u4e4b\u7f18\u60c5\u4fa3\u5f71\u9662\u4e3b\u9898\u9152\u5e97(\u539f\u7231\u4e4b\u7f18\u5f71\u89c6\u8fde\u9501\u4e3b\u9898\u9152\u5e97)", "order_time": ["2019-01-19 15:43:15"], "total_order": 1, "hotel_value": ["4.8"], "hotel_price": ["190"]}, "3509427": {"hotel_name": "\u4e09\u4e9a\u6d77\u8679\u5ea6\u5047\u9152\u5e97", "order_time": ["2019-01-19 15:43:18"], "total_order": 1, "hotel_value": ["4.4"], "hotel_price": ["284"]}, "8577364": {"hotel_name": "\u65e9\u5b89\u5927\u6811\u9152\u5e97(\u4e09\u4e9a\u7f8e\u4e3d\u4e4b\u51a0\u5e97)(\u539f\u4e09\u4e9a\u65e9\u5b89\u6591\u514b\u9152\u5e97\u5927\u6811\u516c\u9986\u5e97)", "order_time": ["2019-01-19 15:43:18"], "total_order": 1, "hotel_value": ["4.5"], "hotel_price": ["191"]}, "24045213": {"hotel_name": "\u4e09\u4e9a\u79a7\u66fc\u5c45\u5ea6\u5047\u516c\u5bd3", "order_time": ["2019-01-19 15:45:10"], "total_order": 1, "hotel_value": ["5.0"], "hotel_price": ["415"]}, "2005665": {"hotel_name": "\u4e09\u4e9a\u6d77\u68e0\u6e7e9\u53f7\u884c\u653f\u697c", "order_time": ["2019-01-19 15:45:17"], "total_order": 1, "hotel_value": ["4.6"], "hotel_price": ["1104"]}, "5841884": {"hotel_name": "\u4e09\u4e9a\u9a7f\u65c5\u9633\u5149\u4e3b\u9898\u9152\u5e97", "order_time": ["2019-01-19 15:45:18"], "total_order": 1, "hotel_value": ["3.6"], "hotel_price": ["114"]}, "1323512": {"hotel_name": "\u4e09\u4e9a\u6e58\u695a\u9152\u5e97", "order_time": ["2019-01-19 15:45:19"], "total_order": 1, "hotel_value": ["4.1"], "hotel_price": ["95"]}, "346673": {"hotel_name": "\u4e09\u4e9a\u534a\u5c71\u534a\u5c9b\u5ea6\u5047\u9152\u5e97(\u5168\u5957\u623f)", "order_time": ["2019-01-19 15:47:14"], "total_order": 1, "hotel_value": ["4.6"], "hotel_price": ["590"]}, "6275536": {"hotel_name": "\u4e09\u4e9a\u4e9a\u9f99\u6e7e\u4e50\u5c45\u8c6a\u5b85\u5ea6\u5047\u516c\u5bd3", "order_time": ["2019-01-19 15:47:15"], "total_order": 1, "hotel_value": ["4.8"], "hotel_price": ["275"]}, "6684663": {"hotel_name": "\u4e09\u4e9a\u6d77\u68e0\u6e7e\u67cf\u4e3d\u5ea6\u5047\u9152\u5e97", "order_time": ["2019-01-19 15:47:16"], "total_order": 1, "hotel_value": ["4.3"], "hotel_price": ["220"]}, "1580379": {"hotel_name": "\u4e09\u4e9a\u5982\u7ea6\u5feb\u6377\u9152\u5e97", "order_time": ["2019-01-19 15:47:20"], "total_order": 1, "hotel_value": ["4.5"], "hotel_price": ["123"]}, "6402325": {"hotel_name": "\u4e09\u4e9a\u7b49\u82b1\u513f\u5f00\u827a\u672f\u6c11\u5bbf", "order_time": ["2019-01-19 15:47:28"], "total_order": 1, "hotel_value": ["4.7"], "hotel_price": ["107"]}, "6484684": {"hotel_name": "\u4e09\u4e9a\u4e07\u5ef7\u4e3b\u9898\u9152\u5e97", "order_time": ["2019-01-19 15:49:11"], "total_order": 1, "hotel_value": ["4.7"], "hotel_price": ["183"]}, "6866770": {"hotel_name": "\u4e09\u4e9a\u94ed\u8f69\u5546\u52a1\u9152\u5e97(\u539f\u94ed\u8f69\u65c5\u79df\u4f4f\u5bbf)", "order_time": ["2019-01-19 15:49:11"], "total_order": 1, "hotel_value": ["4.5"], "hotel_price": ["198"]}, "25634977": {"hotel_name": "\u4e09\u4e9a\u827e\u514b\u5a01\u9152\u5e97", "order_time": ["2019-01-19 15:49:12"], "total_order": 1, "hotel_value": ["4.9"], "hotel_price": ["280"]}, "1340218": {"hotel_name": "\u4e09\u4e9a\u671b\u6d77\u9752\u5e74\u9152\u5e97", "order_time": ["2019-01-19 15:49:13"], "total_order": 1, "hotel_value": ["4.6"], "hotel_price": ["307"]}, "11188504": {"hotel_name": "\u4e09\u4e9a\u6d77\u68e0\u6e7e\u7559\u4e0b\u5c0f\u7b51\u4e3b\u9898\u6c11\u5bbf", "order_time": ["2019-01-19 15:49:13"], "total_order": 1, "hotel_value": ["4.8"], "hotel_price": ["137"]}, "15164961": {"hotel_name": "\u4e09\u4e9a\u5c4b\u5947\u9152\u5e97(\u6b65\u884c\u8857\u5e97)", "order_time": ["2019-01-19 15:49:15"], "total_order": 1, "hotel_value": ["4.6"], "hotel_price": ["199"]}, "3732039": {"hotel_name": "\u4e09\u4e9a\u6d77\u68e0\u6e7e\u6bd4\u90bbnear\u6930\u6797\u7f8e\u5bbf(\u539f\u6bd4\u90bb\u6cf3\u6c60\u5ea6\u5047\u7cbe\u54c1\u5ba2\u6808)", "order_time": ["2019-01-19 15:49:16"], "total_order": 1, "hotel_value": ["4.5"], "hotel_price": ["350"]}, "6287098": {"hotel_name": "\u4e09\u4e9a\u6ce5\u5bbf\u827a\u672f\u9152\u5e97", "order_time": ["2019-01-19 15:49:23"], "total_order": 1, "hotel_value": ["4.5"], "hotel_price": ["161"]}, "1994723": {"hotel_name": "\u4e09\u4e9a\u51e4\u51f0\u5c9b\u661f\u5bb8\u6d77\u666f\u5ea6\u5047\u9152\u5e97", "order_time": ["2019-01-19 15:51:09"], "total_order": 1, "hotel_value": ["3.8"], "hotel_price": ["498"]}, "6298012": {"hotel_name": "\u683c\u6797\u8054\u76df\u9152\u5e97(\u4e09\u4e9a\u4e00\u5e02\u573a\u5e97)", "order_time": ["2019-01-19 15:51:09"], "total_order": 1, "hotel_value": ["4.8"], "hotel_price": ["129"]}, "346690": {"hotel_name": "\u4e09\u4e9a\u94f6\u6cf0\u9633\u5149\u5ea6\u5047\u9152\u5e97(\u539f\u4e09\u4e9a\u6e58\u6295\u94f6\u6cf0\u5ea6\u5047\u9152\u5e97)", "order_time": ["2019-01-19 15:51:11"], "total_order": 1, "hotel_value": ["4.8"], "hotel_price": ["712"]}, "6457048": {"hotel_name": "\u4f73\u8f69\u5047\u65e5\u9152\u5e97(\u4e09\u4e9a\u51e4\u51f0\u673a\u573a\u5e97)", "order_time": ["2019-01-19 15:51:12"], "total_order": 1, "hotel_value": ["4.5"], "hotel_price": ["207"]}, "1980387": {"hotel_name": "\u9e97\u67ab\u9152\u5e97(\u4e09\u4e9a\u6b65\u884c\u8857\u5e97)", "order_time": ["2019-01-19 15:51:14"], "total_order": 1, "hotel_value": ["4.8"], "hotel_price": ["365"]}, "25768287": {"hotel_name": "\u4e09\u4e9a\u5357\u590f\u51ef\u83b1\u60a6\u4eab\u9152\u5e97", "order_time": ["2019-01-19 15:53:05"], "total_order": 1, "hotel_value": ["4.8"], "hotel_price": ["582"]}, "1377327": {"hotel_name": "\u4e09\u4e9a\u6e58\u5cb3\u6d77\u666f\u516c\u5bd3", "order_time": ["2019-01-19 15:53:17"], "total_order": 1, "hotel_value": ["4.3"], "hotel_price": ["89"]}, "763583": {"hotel_name": "\u4e09\u4e9a\u60a6\u4e3d\u5feb\u6377\u9152\u5e97", "order_time": ["2019-01-19 15:53:17"], "total_order": 1, "hotel_value": ["4.5"], "hotel_price": ["113"]}, "5248625": {"hotel_name": "\u4e09\u4e9a\u7559\u590f\u5c0f\u7b51\u4e3b\u9898\u5ba2\u6808", "order_time": ["2019-01-19 15:53:17"], "total_order": 1, "hotel_value": ["4.2"], "hotel_price": ["81"]}, "2701655": {"hotel_name": "\u4e09\u4e9a\u6162\u8282\u594f\u6d77\u666f\u7cbe\u54c1\u5ba2\u6808", "order_time": ["2019-01-19 15:53:18"], "total_order": 1, "hotel_value": ["4.7"], "hotel_price": ["113"]}, "854467": {"hotel_name": "\u4e09\u4e9a\u67d2\u73a5\u6d77\u8bed\u6d77\u666f\u4e3b\u9898\u9152\u5e97", "order_time": ["2019-01-19 15:53:25", "2019-01-19 15:57:08"], "total_order": 2, "hotel_value": ["4.6", "4.6"], "hotel_price": ["105", "105"]}, "374842": {"hotel_name": "\u4e09\u4e9a\u6e7e\u6d77\u5c45\u94c2\u5c14\u66fc\u5ea6\u5047\u9152\u5e97", "order_time": ["2019-01-19 15:55:12"], "total_order": 1, "hotel_value": ["4.7"], "hotel_price": ["944"]}, "8504245": {"hotel_name": "\u90b8\u8bfa\u5171\u4eab\u522b\u5885\u516c\u5bd3(\u4e09\u4e9a\u4e9a\u9f99\u6e7e\u5e97)", "order_time": ["2019-01-19 15:55:20"], "total_order": 1, "hotel_value": ["4.7"], "hotel_price": ["355"]}, "1602239": {"hotel_name": "\u4e09\u4e9a\u4e09\u6b65\u6d77\u5ba2\u6808", "order_time": ["2019-01-19 15:55:20", "2019-01-19 15:59:13"], "total_order": 2, "hotel_value": ["4.8", "4.8"], "hotel_price": ["166", "166"]}, "9563699": {"hotel_name": "\u4e09\u4e9a\u6c34\u7a3b\u56fd\u5bb6\u516c\u56ed\u623f\u8f66\u4f53\u9a8c\u4e2d\u5fc3", "order_time": ["2019-01-19 15:55:23"], "total_order": 1, "hotel_value": ["4.7"], "hotel_price": ["443"]}, "8577380": {"hotel_name": "\u4e09\u4e9a\u65fa\u6765\u5546\u52a1\u65c5\u79df", "order_time": ["2019-01-19 15:55:36"], "total_order": 1, "hotel_value": ["3.7"], "hotel_price": ["131"]}, "1715599": {"hotel_name": "\u4e09\u4e9a\u585e\u7eb3\u6d77\u5cb8\u827a\u672f\u5ba2\u6808", "order_time": ["2019-01-19 15:59:09"], "total_order": 1, "hotel_value": ["4.8"], "hotel_price": ["139"]}, "993927": {"hotel_name": "\u5982\u5bb6\u5feb\u6377\u9152\u5e97(\u4e09\u4e9a\u5409\u9633\u4e9a\u9f99\u6e7e\u5e97)", "order_time": ["2019-01-19 15:59:10"], "total_order": 1, "hotel_value": ["4.6"], "hotel_price": ["175"]}, "437377": {"hotel_name": "\u4e09\u4e9a\u6d77\u68e0\u6e7e\u5fa1\u6d77\u68e0\u8c6a\u534e\u7cbe\u9009\u5ea6\u5047\u9152\u5e97", "order_time": ["2019-01-19 15:59:10"], "total_order": 1, "hotel_value": ["4.7"], "hotel_price": ["1150"]}, "15812110": {"hotel_name": "\u4e09\u4e9a\u7ea2\u5858\u6e7e\u5efa\u56fd\u5ea6\u5047\u9152\u5e97", "order_time": ["2019-01-19 15:59:11"], "total_order": 1, "hotel_value": ["4.7"], "hotel_price": ["388"]}, "8581510": {"hotel_name": "\u4e09\u4e9a\u534a\u5c71\u9a7f\u6d77\u5cb8\u7cbe\u54c1\u5ba2\u6808(\u539f\u871c\u5bb6\u5c0f\u9662)", "order_time": ["2019-01-19 15:59:13"], "total_order": 1, "hotel_value": ["4.7"], "hotel_price": ["168"]}, "2645085": {"hotel_name": "\u4e09\u4e9a\u9f99\u5f97\u6c34\u82d1\u4e3b\u9898\u5ba2\u6808\uff08\u6d77\u6708\u5e7f\u573a\u5e97\uff09", "order_time": ["2019-01-19 15:59:15"], "total_order": 1, "hotel_value": ["4.5"], "hotel_price": ["113"]}, "7492940": {"hotel_name": "\u4e09\u4e9a\u6d77\u4e4b\u84dd\u6d77\u666f\u5ea6\u5047\u516c\u5bd3", "order_time": ["2019-01-19 15:59:18"], "total_order": 1, "hotel_value": ["4.9"], "hotel_price": ["193"]}, "15989436": {"hotel_name": "\u5e86\u4e49\u4e45\u7cbe\u54c1\u5ba2\u6808(\u4e9a\u9f99\u6e7e\u5343\u53e4\u60c5\u5e97)", "order_time": ["2019-01-19 16:01:09"], "total_order": 1, "hotel_value": ["4.7"], "hotel_price": ["135"]}, "28554801": {"hotel_name": "\u4e09\u4e9a\u5728\u4e91\u7aef\u9752\u5e74\u65c5\u820d", "order_time": ["2019-01-19 16:01:11"], "total_order": 1, "hotel_value": [0], "hotel_price": ["21"]}, "25647873": {"hotel_name": "\u4e09\u4e9a\u5bbf\u989c\u7cbe\u9009\u5ea6\u5047\u9152\u5e97", "order_time": ["2019-01-19 16:01:15"], "total_order": 1, "hotel_value": ["4.7"], "hotel_price": ["178"]}, "1738425": {"hotel_name": "\u4e09\u4e9a\u4f34\u6d77\u65f6\u5149\u9152\u5e97", "order_time": ["2019-01-19 16:01:17"], "total_order": 1, "hotel_value": ["4.6"], "hotel_price": ["133"]}, "437661": {"hotel_name": "\u4e09\u4e9a\u534a\u5c71\u9526\u6c5f\u6d77\u666f\u5ea6\u5047\u9152\u5e97", "order_time": ["2019-01-19 16:01:21"], "total_order": 1, "hotel_value": ["4.6"], "hotel_price": ["529"]}, "2043305": {"hotel_name": "\u4e09\u4e9a\u6797\u59b9\u59b9\u7684\u9752\u5e74\u65c5\u820d", "order_time": ["2019-01-19 16:01:21"], "total_order": 1, "hotel_value": ["4.6"], "hotel_price": ["40"]}, "5879750": {"hotel_name": "\u4e09\u4e9a\u6d77\u68e0\u6e7e517\u9a7f\u7ad9\u9752\u5e74\u65c5\u793e", "order_time": ["2019-01-19 16:01:23"], "total_order": 1, "hotel_value": ["4.8"], "hotel_price": ["46"]}, "21914303": {"hotel_name": "\u4e09\u4e9a\u4e91\u6c50\u6d77\u666f\u4e3b\u9898\u5ea6\u5047\u516c\u9986", "order_time": ["2019-01-19 16:01:23"], "total_order": 1, "hotel_value": ["4.9"], "hotel_price": ["213"]}, "23757427": {"hotel_name": "\u4e09\u4e9a\u9e23\u8d3a\u65c5\u79df\u6c11\u5bbf", "order_time": ["2019-01-19 16:01:23"], "total_order": 1, "hotel_value": ["4.8"], "hotel_price": ["150"]}, "2043273": {"hotel_name": "\u4e09\u4e9a\u65b0\u6982\u5ff5\u4e3b\u9898\u65c5\u79df(\u539f\u4e03\u5929\u65f6\u5c1a\u516c\u5bd3)", "order_time": ["2019-01-19 16:01:23"], "total_order": 1, "hotel_value": ["3.5"], "hotel_price": ["102"]}, "1496463": {"hotel_name": "\u4e09\u4e9a\u5c0f\u9c7c\u513f\u5ea6\u5047\u5c71\u5e84", "order_time": ["2019-01-19 16:01:23"], "total_order": 1, "hotel_value": ["4.4"], "hotel_price": ["85"]}, "6395261": {"hotel_name": "\u4e09\u4e9a\u5317\u4eac\u5ea6\u5047\u516c\u9986", "order_time": ["2019-01-19 16:01:23"], "total_order": 1, "hotel_value": ["4.5"], "hotel_price": ["296"]}}}