{"\u5f00\u59cb\u8bb0\u5f55\u65f6\u95f4": "2019-01-18 23:15:00", "\u7ed3\u675f\u8bb0\u5f55\u65f6\u95f4": "2019-01-19 00:15:00", "\u8ba2\u5355\u603b\u589e\u91cf": 181, "item": {"6111359": {"hotel_name": "\u4e09\u4e9a\u666f\u7476\u6d77\u666f\u5ba2\u6808", "order_time": ["2019-01-18 23:17:05"], "total_order": 1, "hotel_value": ["4.5"], "hotel_price": ["138"]}, "17533420": {"hotel_name": "\u4e09\u4e9a\u5927\u4e1c\u6d77\u9152\u5e97", "order_time": ["2019-01-18 23:17:05"], "total_order": 1, "hotel_value": ["4.8"], "hotel_price": ["2388"]}, "14249344": {"hotel_name": "\u4e09\u4e9a\u4e9a\u7279\u5170\u8482\u65af\u9152\u5e97", "order_time": ["2019-01-18 23:17:06", "2019-01-18 23:19:08"], "total_order": 2, "hotel_value": ["4.6", "4.6"], "hotel_price": ["3288", "3288"]}, "345074": {"hotel_name": "\u4e09\u4e9a\u4e9a\u9f99\u6e7e\u745e\u5409\u5ea6\u5047\u9152\u5e97", "order_time": ["2019-01-18 23:17:06"], "total_order": 1, "hotel_value": ["4.7"], "hotel_price": ["1699"]}, "3197195": {"hotel_name": "\u54ea\u91cc\u90a3\u91cc\u6d77\u5cb8\u7cbe\u54c1\u5ba2\u6808(\u4e09\u4e9a\u4e9a\u9f99\u6e7e\u5e97)", "order_time": ["2019-01-18 23:17:07"], "total_order": 1, "hotel_value": ["4.8"], "hotel_price": ["144"]}, "1881142": {"hotel_name": "7\u5929\u8fde\u9501\u9152\u5e97(\u4e09\u4e9a\u5409\u7965\u8857\u6d77\u666f\u5e97)", "order_time": ["2019-01-18 23:17:07"], "total_order": 1, "hotel_value": ["4.5"], "hotel_price": ["111"]}, "4841285": {"hotel_name": "\u4e09\u4e9a\u7c73\u7b1b\u5c0f\u65c5", "order_time": ["2019-01-18 23:17:08"], "total_order": 1, "hotel_value": ["4.8"], "hotel_price": ["48"]}, "384973": {"hotel_name": "\u4e09\u4e9a\u6d77\u68e0\u6e7e\u5f00\u7ef4\u4e07\u8fbe\u6587\u534e\u5ea6\u5047\u9152\u5e97", "order_time": ["2019-01-18 23:17:08"], "total_order": 1, "hotel_value": ["4.5"], "hotel_price": ["598"]}, "486003": {"hotel_name": "\u4e09\u4e9a\u8708\u652f\u6d32\u5c9b\u73ca\u745a\u9152\u5e97", "order_time": ["2019-01-18 23:17:16", "2019-01-18 23:45:09", "2019-01-18 23:25:13", "2019-01-18 23:47:08"], "total_order": 4, "hotel_value": ["4.8", "4.8", "4.8", "4.8"], "hotel_price": ["1080", "1080", "1080", "1080"]}, "6420180": {"hotel_name": "\u4e09\u4e9a\u98d8\u6d77\u666f\u4e3b\u9898\u5ba2\u6808", "order_time": ["2019-01-18 23:19:07"], "total_order": 1, "hotel_value": ["4.8"], "hotel_price": ["245"]}, "6184724": {"hotel_name": "\u4e09\u4e9a\u767b\u4ed5\u4f73\u9152\u5e97(\u539f\u6c11\u751f\u804c\u5de5\u4e4b\u5bb6\u9152\u5e97)", "order_time": ["2019-01-18 23:19:07"], "total_order": 1, "hotel_value": ["4.6"], "hotel_price": ["198"]}, "347462": {"hotel_name": "\u4e09\u4e9a\u6d77\u68e0\u6e7e9\u53f7\u5ea6\u5047\u9152\u5e97", "order_time": ["2019-01-18 23:31:09", "2019-01-18 23:19:07", "2019-01-18 23:33:06"], "total_order": 3, "hotel_value": ["4.7", "4.7", "4.7"], "hotel_price": ["709", "709", "709"]}, "345082": {"hotel_name": "\u4e09\u4e9a\u6587\u534e\u4e1c\u65b9\u9152\u5e97", "order_time": ["2019-01-18 23:19:07", "2019-01-18 23:27:08"], "total_order": 2, "hotel_value": ["4.7", "4.7"], "hotel_price": ["1358", "1358"]}, "6446036": {"hotel_name": "\u4e09\u4e9a\u51e4\u51f0\u673a\u573a\u9152\u5e97", "order_time": ["2019-01-18 23:27:09", "2019-01-18 23:21:07", "2019-01-18 23:19:07", "2019-01-18 23:37:06"], "total_order": 4, "hotel_value": ["4.5", "4.5", "4.5", "4.5"], "hotel_price": ["411", "411", "411", "411"]}, "372203": {"hotel_name": "\u4e09\u4e9a\u6d77\u68e0\u6e7e\u5eb7\u83b1\u5fb7\u9152\u5e97", "order_time": ["2019-01-18 23:19:07"], "total_order": 1, "hotel_value": ["4.6"], "hotel_price": ["1250"]}, "1486685": {"hotel_name": "\u4e09\u4e9a\u51e4\u51f0\u5c9b\u5ea6\u5047\u9152\u5e97", "order_time": ["2019-01-18 23:21:06", "2019-01-18 23:19:08"], "total_order": 2, "hotel_value": ["4.7", "4.7"], "hotel_price": ["1108", "1108"]}, "1185042": {"hotel_name": "\u4e09\u4e9a\u6e7e\u7ea2\u6811\u6797\u5ea6\u5047\u4e16\u754c(\u83e9\u63d0\u9152\u5e97)", "order_time": ["2019-01-18 23:19:08"], "total_order": 1, "hotel_value": ["4.7"], "hotel_price": ["786"]}, "345067": {"hotel_name": "\u4e09\u4e9a\u6d77\u68e0\u6e7e\u559c\u6765\u767b\u5ea6\u5047\u9152\u5e97", "order_time": ["2019-01-18 23:19:08"], "total_order": 1, "hotel_value": ["4.6"], "hotel_price": ["1224"]}, "480163": {"hotel_name": "\u4e09\u4e9a\u6d77\u89d2\u4e4b\u65c5\u9152\u5e97(\u539f\u60a6\u6765\u5ba2\u6808\u4e09\u4e9a\u51e4\u51f0\u673a\u573a\u6c34\u5cb8\u5e97)", "order_time": ["2019-01-18 23:19:08"], "total_order": 1, "hotel_value": ["4.6"], "hotel_price": ["133"]}, "26449232": {"hotel_name": "\u4e09\u4e9a\u65e5\u5915\u5885\u6c11\u5bbf", "order_time": ["2019-01-18 23:23:08", "2019-01-18 23:19:09"], "total_order": 2, "hotel_value": ["4.9", "4.9"], "hotel_price": ["252", "252"]}, "6126289": {"hotel_name": "\u4e09\u4e9a\u84dd\u6d77\u4e00\u53f7\u6d77\u5cb8\u9152\u5e97", "order_time": ["2019-01-18 23:37:06", "2019-01-18 23:19:09"], "total_order": 2, "hotel_value": ["4.8", "4.8"], "hotel_price": ["119", "119"]}, "1251671": {"hotel_name": "\u9526\u6c5f\u4e4b\u661f(\u4e09\u4e9a\u6cb3\u897f\u8def\u6b65\u884c\u6865\u6cb3\u666f\u5e97)", "order_time": ["2019-01-18 23:19:10"], "total_order": 1, "hotel_value": ["4.5"], "hotel_price": ["179"]}, "420069": {"hotel_name": "\u4e09\u4e9a\u4e2d\u4e9a\u56fd\u9645\u5927\u9152\u5e97", "order_time": ["2019-01-18 23:19:10"], "total_order": 1, "hotel_value": ["4.5"], "hotel_price": ["397"]}, "2883738": {"hotel_name": "\u4e09\u4e9a\u9082\u9005\u65f6\u5149\u827a\u672f\u5ba2\u6808", "order_time": ["2019-01-18 23:19:13"], "total_order": 1, "hotel_value": ["4.6"], "hotel_price": ["168"]}, "1430182": {"hotel_name": "\u4e09\u4e9a\u8fce\u7965\u5bbe\u9986", "order_time": ["2019-01-18 23:19:14"], "total_order": 1, "hotel_value": ["4.5"], "hotel_price": ["85"]}, "11444334": {"hotel_name": "\u4e09\u4e9a\u4e9a\u9f99\u6e7e\u5e0c\u60a6\u7cbe\u54c1\u522b\u5885\u9152\u5e97", "order_time": ["2019-01-18 23:19:15"], "total_order": 1, "hotel_value": ["4.6"], "hotel_price": ["353"]}, "473665": {"hotel_name": "\u9526\u6c5f\u4e4b\u661f\u54c1\u5c1a(\u4e09\u4e9a\u6e7e\u91d1\u9e21\u5cad\u5e97)", "order_time": ["2019-01-18 23:21:06"], "total_order": 1, "hotel_value": ["4.5"], "hotel_price": ["199"]}, "2005665": {"hotel_name": "\u4e09\u4e9a\u6d77\u68e0\u6e7e9\u53f7\u884c\u653f\u697c", "order_time": ["2019-01-18 23:21:06"], "total_order": 1, "hotel_value": ["4.6"], "hotel_price": ["779"]}, "8589084": {"hotel_name": "\u4e09\u4e9a\u51e4\u51f0\u7f8e\u4e3d\u5927\u9152\u5e97", "order_time": ["2019-01-18 23:21:06"], "total_order": 1, "hotel_value": ["4.8"], "hotel_price": ["139"]}, "346702": {"hotel_name": "\u4e09\u4e9a\u8fb0\u5149\u514b\u62c9\u7801\u5934\u9152\u5e97", "order_time": ["2019-01-18 23:21:07"], "total_order": 1, "hotel_value": ["4.6"], "hotel_price": ["408"]}, "6450523": {"hotel_name": "\u4e09\u4e9a\u5c71\u6d77\u5929\u5927\u9152\u5e97\u00b7\u50b2\u9014\u683c\u7cbe\u9009", "order_time": ["2019-01-18 23:21:07"], "total_order": 1, "hotel_value": ["4.8"], "hotel_price": ["1452"]}, "1458417": {"hotel_name": "\u4e09\u4e9a\u8587\u8587\u6d77\u5cb8\u65c5\u9986", "order_time": ["2019-01-18 23:21:07"], "total_order": 1, "hotel_value": ["4.4"], "hotel_price": ["119"]}, "428333": {"hotel_name": "\u5982\u5bb6\u5feb\u6377\u9152\u5e97(\u4e09\u4e9a\u6b65\u884c\u8857\u7f8e\u98df\u5e7f\u573a\u5e97)\u539f(\u4e09\u4e9a\u6587\u660e\u8def\u653f\u5e9c\u4e8c\u529e\u5e97)", "order_time": ["2019-01-18 23:21:08"], "total_order": 1, "hotel_value": ["4.3"], "hotel_price": ["166"]}, "20617225": {"hotel_name": "\u7ea6\u00b7\u8bbe\u8ba1\u4e3b\u9898\u9152\u5e97(\u4e09\u4e9a\u5343\u53e4\u60c5\u5e97)", "order_time": ["2019-01-18 23:21:08", "2019-01-18 23:25:07"], "total_order": 2, "hotel_value": ["4.7", "4.7"], "hotel_price": ["163", "163"]}, "976648": {"hotel_name": "\u6c49\u5ead\u9152\u5e97(\u4e09\u4e9a\u6625\u56ed\u6d77\u9c9c\u5e7f\u573a\u5e97)", "order_time": ["2019-01-18 23:21:09"], "total_order": 1, "hotel_value": ["4.4"], "hotel_price": ["179"]}, "2260152": {"hotel_name": "\u4e09\u4e9a\u51e4\u51f0\u56fd\u9645\u673a\u573a100\u5ba2\u6808", "order_time": ["2019-01-18 23:23:06"], "total_order": 1, "hotel_value": ["4.4"], "hotel_price": ["103"]}, "9152102": {"hotel_name": "\u4e09\u4e9a\u6d77\u68e0\u6e7e\u5982\u4f73\u5bbe\u9986\u8fde\u9501\u5e97", "order_time": ["2019-01-18 23:23:06"], "total_order": 1, "hotel_value": ["4.4"], "hotel_price": ["115"]}, "843599": {"hotel_name": "\u4e09\u4e9a\u56db\u5b63\u6d77\u5ead\u9152\u5e97", "order_time": ["2019-01-18 23:23:06"], "total_order": 1, "hotel_value": ["4.6"], "hotel_price": ["300"]}, "436692": {"hotel_name": "\u4e09\u4e9a\u4e9a\u592a\u6d77\u822a\u5ea6\u5047\u9152\u5e97\u66a8\u4e9a\u592a\u56fd\u9645\u4f1a\u8bae\u4e2d\u5fc3", "order_time": ["2019-01-18 23:23:07"], "total_order": 1, "hotel_value": ["4.5"], "hotel_price": ["788"]}, "1994723": {"hotel_name": "\u4e09\u4e9a\u51e4\u51f0\u5c9b\u661f\u5bb8\u6d77\u666f\u5ea6\u5047\u9152\u5e97", "order_time": ["2019-01-18 23:23:07"], "total_order": 1, "hotel_value": ["3.8"], "hotel_price": ["409"]}, "481441": {"hotel_name": "\u4e09\u4e9a\u6e7e\u667a\u9009\u5047\u65e5\u9152\u5e97", "order_time": ["2019-01-18 23:23:07"], "total_order": 1, "hotel_value": ["4.3"], "hotel_price": ["268"]}, "25688390": {"hotel_name": "\u4e09\u4e9a\u5fae\u4f73\u5546\u52a1\u65c5\u79df", "order_time": ["2019-01-18 23:23:08"], "total_order": 1, "hotel_value": [0], "hotel_price": ["86"]}, "454362": {"hotel_name": "\u4e09\u4e9a\u4ebf\u6e90\u8f69\u5b87\u5927\u9152\u5e97", "order_time": ["2019-01-18 23:25:07"], "total_order": 1, "hotel_value": ["4.6"], "hotel_price": ["454"]}, "1212645": {"hotel_name": "\u4e09\u4e9a\u4fe1\u6d77\u5feb\u6377\u9152\u5e97", "order_time": ["2019-01-18 23:25:08"], "total_order": 1, "hotel_value": ["4.3"], "hotel_price": ["136"]}, "346679": {"hotel_name": "\u4e09\u4e9a\u6e7e\u7687\u51a0\u5047\u65e5\u5ea6\u5047\u9152\u5e97", "order_time": ["2019-01-18 23:25:09"], "total_order": 1, "hotel_value": ["4.6"], "hotel_price": ["1888"]}, "3735187": {"hotel_name": "\u4e09\u4e9a\u7406\u6587\u7d22\u83f2\u7279\u5ea6\u5047\u9152\u5e97", "order_time": ["2019-01-18 23:25:09"], "total_order": 1, "hotel_value": ["4.6"], "hotel_price": ["990"]}, "436675": {"hotel_name": "\u4e09\u4e9a\u5927\u4e1c\u6d77\u541b\u4ead\u9152\u5e97", "order_time": ["2019-01-18 23:25:09"], "total_order": 1, "hotel_value": ["4.8"], "hotel_price": ["353"]}, "8616662": {"hotel_name": "\u4e09\u4e9a\u62fe\u5149\u96c6\u827a\u672f\u4e3b\u9898\u9152\u5e97(\u539f\u4e09\u4e9a\u62fe\u5149\u96c6\u7cbe\u54c1\u6c11\u5bbf)", "order_time": ["2019-01-18 23:35:09", "2019-01-18 23:25:13"], "total_order": 2, "hotel_value": ["4.8", "4.8"], "hotel_price": ["198", "198"]}, "15164961": {"hotel_name": "\u4e09\u4e9a\u5c4b\u5947\u9152\u5e97(\u6b65\u884c\u8857\u5e97)", "order_time": ["2019-01-18 23:25:18"], "total_order": 1, "hotel_value": ["4.6"], "hotel_price": ["195"]}, "8599790": {"hotel_name": "\u4e09\u4e9a\u745e\u9038\u5ea6\u5047\u516c\u5bd3(\u5929\u6daf\u5e97)", "order_time": ["2019-01-18 23:27:06"], "total_order": 1, "hotel_value": ["4.8"], "hotel_price": ["242"]}, "23918136": {"hotel_name": "\u4e09\u4e9a\u9999\u6c34\u6e7e\u963f\u5c14\u5361\u8fea\u4e9a\u5ea6\u5047\u9152\u5e97", "order_time": ["2019-01-18 23:27:07"], "total_order": 1, "hotel_value": ["4.7"], "hotel_price": ["558"]}, "457647": {"hotel_name": "\u5168\u5b63\u9152\u5e97(\u4e09\u4e9a\u6e7e\u5e97)", "order_time": ["2019-01-18 23:27:07"], "total_order": 1, "hotel_value": ["4.6"], "hotel_price": ["360"]}, "3509427": {"hotel_name": "\u4e09\u4e9a\u6d77\u8679\u5ea6\u5047\u9152\u5e97", "order_time": ["2019-01-18 23:27:07"], "total_order": 1, "hotel_value": ["4.4"], "hotel_price": ["282"]}, "1430879": {"hotel_name": "\u4e09\u4e9a\u6e7e\u54c7\u827e\u9c81\u6d77\u5cb8\u522b\u5885", "order_time": ["2019-01-18 23:27:07"], "total_order": 1, "hotel_value": ["4.6"], "hotel_price": ["230"]}, "353871": {"hotel_name": "\u4e09\u4e9a\u7ef4\u666f\u56fd\u9645\u5ea6\u5047\u9152\u5e97", "order_time": ["2019-01-18 23:27:08"], "total_order": 1, "hotel_value": ["4.8"], "hotel_price": ["778"]}, "15226809": {"hotel_name": "\u4e09\u4e9a\u9999\u6c34\u6e7e\u4e66\u9999\u6d77\u666f\u522b\u5885\u9152\u5e97", "order_time": ["2019-01-18 23:27:08"], "total_order": 1, "hotel_value": ["4.8"], "hotel_price": ["549"]}, "3631084": {"hotel_name": "\u4e09\u4e9a\u6e7e\u5e0c\u5c14\u987f\u6b22\u670b\u9152\u5e97", "order_time": ["2019-01-18 23:35:06", "2019-01-18 23:29:07"], "total_order": 2, "hotel_value": ["4.8", "4.8"], "hotel_price": ["547", "547"]}, "1738425": {"hotel_name": "\u4e09\u4e9a\u4f34\u6d77\u65f6\u5149\u9152\u5e97", "order_time": ["2019-01-18 23:29:08"], "total_order": 1, "hotel_value": ["4.6"], "hotel_price": ["143"]}, "13975638": {"hotel_name": "\u4e09\u4e9a\u9b45\u84dd\u4e4b\u591c\u4e3b\u9898\u9152\u5e97", "order_time": ["2019-01-18 23:29:08"], "total_order": 1, "hotel_value": ["4.8"], "hotel_price": ["151"]}, "2785414": {"hotel_name": "\u5168\u5b63\u9152\u5e97(\u4e09\u4e9a\u5927\u4e1c\u6d77\u5e97)", "order_time": ["2019-01-18 23:29:10"], "total_order": 1, "hotel_value": ["4.5"], "hotel_price": ["292"]}, "6656398": {"hotel_name": "\u4e09\u4e9a\u6d77\u68e0\u6e7e\u6797\u65fa\u6d77\u6e90\u5546\u52a1\u9152\u5e97(\u8708\u652f\u6d32\u5c9b\u5e97)", "order_time": ["2019-01-18 23:31:06"], "total_order": 1, "hotel_value": ["4.3"], "hotel_price": ["117"]}, "2701655": {"hotel_name": "\u4e09\u4e9a\u6162\u8282\u594f\u6d77\u666f\u7cbe\u54c1\u5ba2\u6808", "order_time": ["2019-01-18 23:31:06"], "total_order": 1, "hotel_value": ["4.7"], "hotel_price": ["113"]}, "13433212": {"hotel_name": "\u4e09\u4e9a\u91d1\u90fd\u851a\u666f\u6e29\u5fb7\u59c6\u9152\u5e97", "order_time": ["2019-01-18 23:31:06"], "total_order": 1, "hotel_value": ["4.7"], "hotel_price": ["531"]}, "1580558": {"hotel_name": "\u901f8\u9152\u5e97(\u4e09\u4e9a\u6e7e\u5409\u7965\u8857\u5e97)", "order_time": ["2019-01-18 23:31:08"], "total_order": 1, "hotel_value": ["4.6"], "hotel_price": ["135"]}, "3041884": {"hotel_name": "\u4e09\u4e9a\u4e3d\u79be\u6e29\u5fb7\u59c6\u9152\u5e97", "order_time": ["2019-01-18 23:31:09"], "total_order": 1, "hotel_value": ["4.8"], "hotel_price": ["800"]}, "436673": {"hotel_name": "\u4e09\u4e9a\u9e7f\u5cad\u6d77\u6e7e\u7ef4\u666f\u56fd\u9645\u5927\u9152\u5e97(\u539f\u4e09\u4e9a\u6d77\u6e7e\u7ef4\u666f\u56fd\u9645\u5927\u9152\u5e97)", "order_time": ["2019-01-18 23:31:09"], "total_order": 1, "hotel_value": ["4.6"], "hotel_price": ["321"]}, "346690": {"hotel_name": "\u4e09\u4e9a\u94f6\u6cf0\u9633\u5149\u5ea6\u5047\u9152\u5e97(\u539f\u4e09\u4e9a\u6e58\u6295\u94f6\u6cf0\u5ea6\u5047\u9152\u5e97)", "order_time": ["2019-01-18 23:47:08", "2019-01-18 23:31:10"], "total_order": 2, "hotel_value": ["4.8", "4.8"], "hotel_price": ["798", "798"]}, "1739015": {"hotel_name": "\u4e09\u4e9a\u9f99\u5174\u83b1\u66fc\u6d77\u666f\u5ea6\u5047\u9152\u5e97", "order_time": ["2019-01-18 23:59:06", "2019-01-18 23:33:06"], "total_order": 2, "hotel_value": ["4.4", "4.4"], "hotel_price": ["489", "489"]}, "6484684": {"hotel_name": "\u4e09\u4e9a\u4e07\u5ef7\u4e3b\u9898\u9152\u5e97", "order_time": ["2019-01-18 23:33:06"], "total_order": 1, "hotel_value": ["4.7"], "hotel_price": ["183"]}, "3002283": {"hotel_name": "\u4e09\u4e9a\u60a6\u5ba2\u6808\u4e3b\u9898\u9152\u5e97", "order_time": ["2019-01-18 23:33:06"], "total_order": 1, "hotel_value": ["4.5"], "hotel_price": ["109"]}, "1480855": {"hotel_name": "\u4e09\u4e9a\u51ef\u5e1d\u6d77\u666f\u9152\u5e97", "order_time": ["2019-01-18 23:33:06"], "total_order": 1, "hotel_value": ["4.5"], "hotel_price": ["79"]}, "1434723": {"hotel_name": "\u4e09\u4e9a\u667a\u53cb\u4e3b\u9898\u5bbe\u9986", "order_time": ["2019-01-18 23:33:07"], "total_order": 1, "hotel_value": ["4.7"], "hotel_price": ["151"]}, "435983": {"hotel_name": "\u4e09\u4e9a\u4e9a\u9f99\u6e7e\u4eba\u95f4\u5929\u5802-\u9e1f\u5de2\u5ea6\u5047\u6751", "order_time": ["2019-01-18 23:33:07"], "total_order": 1, "hotel_value": ["4.6"], "hotel_price": ["1370"]}, "372133": {"hotel_name": "\u4e09\u4e9a\u73e0\u6c5f\u82b1\u56ed\u9152\u5e97", "order_time": ["2019-01-18 23:33:07", "2019-01-19 00:07:06"], "total_order": 2, "hotel_value": ["4.4", "4.4"], "hotel_price": ["393", "393"]}, "3180637": {"hotel_name": "\u4e09\u4e9a\u9752\u827a\u672f\u96c5\u7b51\u5ba2\u6808(\u4e09\u4e9a\u6e7e\u5e97)", "order_time": ["2019-01-18 23:33:12"], "total_order": 1, "hotel_value": ["4.8"], "hotel_price": ["168"]}, "643641": {"hotel_name": "\u4e09\u4e9a\u51e4\u51f0\u673a\u573a\u6d77\u822a\u5feb\u6377\u9152\u5e97", "order_time": ["2019-01-18 23:33:12", "2019-01-18 23:35:09"], "total_order": 2, "hotel_value": ["4.1", "4.1"], "hotel_price": ["208", "208"]}, "1601597": {"hotel_name": "\u4e09\u4e9a\u592a\u9633\u6e7e\u67cf\u60a6\u9152\u5e97", "order_time": ["2019-01-18 23:35:05"], "total_order": 1, "hotel_value": ["4.8"], "hotel_price": ["2289"]}, "6287098": {"hotel_name": "\u4e09\u4e9a\u6ce5\u5bbf\u827a\u672f\u9152\u5e97", "order_time": ["2019-01-18 23:35:05"], "total_order": 1, "hotel_value": ["4.5"], "hotel_price": ["695"]}, "740890": {"hotel_name": "\u4e09\u4e9a\u4e2d\u80dc\u5e78\u798f\u5ea6\u5047\u9152\u5e97", "order_time": ["2019-01-18 23:35:06"], "total_order": 1, "hotel_value": ["3.8"], "hotel_price": ["112"]}, "345069": {"hotel_name": "\u4e09\u4e9a\u6d77\u68e0\u6e7e\u4e07\u8fbe\u5e0c\u5c14\u987f\u9038\u6797\u5ea6\u5047\u9152\u5e97", "order_time": ["2019-01-18 23:35:06"], "total_order": 1, "hotel_value": ["4.5"], "hotel_price": ["860"]}, "8577314": {"hotel_name": "\u4e09\u4e9a\u7f8e\u4e3d\u4e4b\u51a0\u5e78\u798f\u6811\u5ea6\u5047\u9152\u5e97", "order_time": ["2019-01-18 23:35:06", "2019-01-18 23:41:06"], "total_order": 2, "hotel_value": ["4.0", "4.0"], "hotel_price": ["237", "237"]}, "608364": {"hotel_name": "\u4e09\u4e9a\u65b0\u5174\u6d77\u666f\u5927\u9152\u5e97(\u7b2c\u4e00\u5e02\u573a\u5e97)", "order_time": ["2019-01-18 23:35:07"], "total_order": 1, "hotel_value": ["4.0"], "hotel_price": ["157"]}, "21124267": {"hotel_name": "\u4e09\u4e9a\u7545\u4eab\u6d77\u666f\u5ea6\u5047\u516c\u5bd3", "order_time": ["2019-01-18 23:35:08"], "total_order": 1, "hotel_value": ["5.0"], "hotel_price": ["150"]}, "25768287": {"hotel_name": "\u4e09\u4e9a\u5357\u590f\u51ef\u83b1\u60a6\u4eab\u9152\u5e97", "order_time": ["2019-01-18 23:35:09"], "total_order": 1, "hotel_value": ["4.8"], "hotel_price": ["396"]}, "427635": {"hotel_name": "\u4e09\u4e9a\u5609\u5bbe\u56fd\u9645\u9152\u5e97(5\u53f6\u7eff\u8272\u996d\u5e97)", "order_time": ["2019-01-18 23:37:06"], "total_order": 1, "hotel_value": ["4.5"], "hotel_price": ["422"]}, "6817297": {"hotel_name": "\u4e09\u4e9a\u534e\u5229\u516c\u5bd3", "order_time": ["2019-01-18 23:37:07"], "total_order": 1, "hotel_value": [0], "hotel_price": ["78"]}, "18075076": {"hotel_name": "\u4e09\u4e9a\u827e\u8a00\u9152\u5e97", "order_time": ["2019-01-18 23:37:07"], "total_order": 1, "hotel_value": ["4.8"], "hotel_price": ["352"]}, "21497973": {"hotel_name": "\u4e09\u4e9a\u7231\u8bfa\u60c5\u6d77\u4e3b\u9898\u522b\u5885", "order_time": ["2019-01-18 23:37:08"], "total_order": 1, "hotel_value": ["4.6"], "hotel_price": ["125"]}, "8627044": {"hotel_name": "\u4e09\u4e9a\u4fdd\u5229\u7470\u4e3d\u9152\u5e97", "order_time": ["2019-01-18 23:45:08", "2019-01-18 23:57:06", "2019-01-18 23:39:06"], "total_order": 3, "hotel_value": ["4.7", "4.7", "4.7"], "hotel_price": ["3250", "3250", "3250"]}, "5988590": {"hotel_name": "\u4e09\u4e9a\u6e05\u6c34\u6e7e\u6bd4\u5229\u5f17\u6d77\u666f\u516c\u5bd3", "order_time": ["2019-01-18 23:39:06"], "total_order": 1, "hotel_value": ["4.8"], "hotel_price": ["240"]}, "1489158": {"hotel_name": "\u4e09\u4e9a\u661f\u8ff9\u65c5\u79df(\u539f\u661f\u9645\u516c\u5bd3)", "order_time": ["2019-01-18 23:39:06"], "total_order": 1, "hotel_value": ["2.3"], "hotel_price": ["129"]}, "25219265": {"hotel_name": "\u4e09\u4e9a\u7f18\u6765\u58f9\u5bb6\u5ba2\u6808", "order_time": ["2019-01-18 23:39:08"], "total_order": 1, "hotel_value": ["4.8"], "hotel_price": ["188"]}, "346775": {"hotel_name": "\u4e09\u4e9a\u4e9a\u9f99\u6e7e\u73af\u7403\u57ce\u5927\u9152\u5e97", "order_time": ["2019-01-18 23:41:06"], "total_order": 1, "hotel_value": ["4.2"], "hotel_price": ["390"]}, "4845384": {"hotel_name": "\u4e09\u4e9a\u84dd\u5cb8\u6d77\u8fb9\u4e3b\u9898\u9152\u5e97", "order_time": ["2019-01-18 23:41:08"], "total_order": 1, "hotel_value": ["4.7"], "hotel_price": ["136"]}, "808618": {"hotel_name": "7\u5929\u8fde\u9501\u9152\u5e97(\u4e09\u4e9a\u4e09\u4e9a\u6e7e\u6d77\u666f\u5e97)", "order_time": ["2019-01-18 23:41:08"], "total_order": 1, "hotel_value": ["4.2"], "hotel_price": ["129"]}, "514355": {"hotel_name": "\u4e09\u4e9a\u65c5\u5de2\u6d77\u666f\u5ea6\u5047\u516c\u5bd3", "order_time": ["2019-01-18 23:41:09"], "total_order": 1, "hotel_value": ["4.7"], "hotel_price": ["260"]}, "344934": {"hotel_name": "\u4e09\u4e9a\u6930\u6797\u6ee9\u5927\u9152\u5e97", "order_time": ["2019-01-18 23:43:06"], "total_order": 1, "hotel_value": ["4.4"], "hotel_price": ["325"]}, "8589293": {"hotel_name": "\u4e09\u4e9a\u6e7e\u6768\u5174\u7cbe\u54c1\u5ea6\u5047\u9152\u5e97(\u4e09\u4e9a\u6e7e\u827e\u9605\u7cbe\u54c1\u5ea6\u5047\u9152\u5e97)", "order_time": ["2019-01-18 23:43:06"], "total_order": 1, "hotel_value": ["4.8"], "hotel_price": ["263"]}, "2091425": {"hotel_name": "\u4e09\u4e9a\u7965\u548c\u9152\u5e97", "order_time": ["2019-01-18 23:43:06"], "total_order": 1, "hotel_value": ["4.5"], "hotel_price": ["216"]}, "431932": {"hotel_name": "\u4e09\u4e9a\u94f6\u97f5\u6d77\u666f\u5ea6\u5047\u9152\u5e97", "order_time": ["2019-01-18 23:43:08"], "total_order": 1, "hotel_value": ["4.7"], "hotel_price": ["356"]}, "436689": {"hotel_name": "\u4e09\u4e9a\u6ee8\u6d77\u5929\u798f\u6e90\u5ea6\u5047\u9152\u5e97", "order_time": ["2019-01-18 23:45:06"], "total_order": 1, "hotel_value": ["4.5"], "hotel_price": ["298"]}, "691654": {"hotel_name": "\u4e09\u4e9a\u4e9a\u9f99\u6e7e\u9ad8\u5c14\u592b\u7403\u4f1a", "order_time": ["2019-01-18 23:45:07"], "total_order": 1, "hotel_value": ["4.5"], "hotel_price": ["558"]}, "1067285": {"hotel_name": "\u6d77\u5357\u84dd\u6e7e\u7eff\u57ce\u5a01\u65af\u6c40\u5ea6\u5047\u9152\u5e97", "order_time": ["2019-01-18 23:45:09"], "total_order": 1, "hotel_value": ["4.7"], "hotel_price": ["1388"]}, "5729359": {"hotel_name": "\u4e09\u4e9a\u6d77\u8c5a\u6e7e\u7cbe\u54c1\u5ba2\u6808", "order_time": ["2019-01-18 23:45:09"], "total_order": 1, "hotel_value": ["4.9"], "hotel_price": ["150"]}, "1700938": {"hotel_name": "\u4e09\u4e9a\u541b\u4e34\u5047\u65e5\u9152\u5e97", "order_time": ["2019-01-18 23:47:07"], "total_order": 1, "hotel_value": ["4.5"], "hotel_price": ["105"]}, "1718734": {"hotel_name": "\u4e09\u4e9a\u9633\u5149\u6d77\u666f\u516c\u5bd3\u9152\u5e97(\u5168\u6d77\u666f\u5957\u623f)", "order_time": ["2019-01-18 23:47:07"], "total_order": 1, "hotel_value": ["4.6"], "hotel_price": ["180"]}, "1061299": {"hotel_name": "\u4e09\u4e9aHello Summer\u6d77\u5cb8\u4e3b\u9898\u5ba2\u6808(\u539f\u5de2\u6c50\u827a\u672f\u4e3b\u9898\u9152\u5e97)", "order_time": ["2019-01-18 23:47:07"], "total_order": 1, "hotel_value": ["4.7"], "hotel_price": ["154"]}, "6402325": {"hotel_name": "\u4e09\u4e9a\u7b49\u82b1\u513f\u5f00\u827a\u672f\u6c11\u5bbf", "order_time": ["2019-01-18 23:49:05"], "total_order": 1, "hotel_value": ["4.7"], "hotel_price": ["107"]}, "18554984": {"hotel_name": "\u4e09\u4e9a\u98d8\u827a\u672f\u5ba2\u6808(\u51e4\u51f0\u673a\u573a\u5e97)", "order_time": ["2019-01-18 23:49:05"], "total_order": 1, "hotel_value": ["4.9"], "hotel_price": ["184"]}, "1720697": {"hotel_name": "\u4e09\u4e9a\u65b0\u5b87\u9152\u5e97", "order_time": ["2019-01-18 23:49:05"], "total_order": 1, "hotel_value": ["4.3"], "hotel_price": ["163"]}, "4656822": {"hotel_name": "\u4e45\u6816\u00b7\u4e09\u4e9a\u6d77\u84dd\u84dd\u6d77\u666f\u6c11\u5bbf", "order_time": ["2019-01-18 23:49:06", "2019-01-18 23:55:06"], "total_order": 2, "hotel_value": ["4.6", "4.6"], "hotel_price": ["143", "143"]}, "346724": {"hotel_name": "\u4e09\u4e9a\u56fd\u9645\u996d\u5e97", "order_time": ["2019-01-18 23:49:06"], "total_order": 1, "hotel_value": ["3.9"], "hotel_price": ["368"]}, "6042438": {"hotel_name": "\u4e09\u4e9a\u6d77\u4e2b\u6545\u4e8b\u6c11\u4fd7\u6587\u5316\u4e3b\u9898\u5ba2\u6808(\u539f\u6d77\u5357\u6545\u4e8b\u4e3b\u9898\u5ba2\u6808)", "order_time": ["2019-01-18 23:49:07"], "total_order": 1, "hotel_value": ["4.7"], "hotel_price": ["135"]}, "470577": {"hotel_name": "\u4e09\u4e9a\u5357\u5c71\u4f11\u95f2\u4f1a\u9986\u7985\u4fee\u4e3b\u9898", "order_time": ["2019-01-18 23:51:05"], "total_order": 1, "hotel_value": ["4.5"], "hotel_price": ["4976"]}, "345084": {"hotel_name": "\u4e09\u4e9a\u9526\u6c5f\u5b9d\u5b8f\u5927\u9152\u5e97\u4e3b\u697c", "order_time": ["2019-01-18 23:51:06"], "total_order": 1, "hotel_value": ["4.6"], "hotel_price": ["368"]}, "346770": {"hotel_name": "\u4e09\u4e9a\u5929\u901a\u5efa\u56fd\u9152\u5e97", "order_time": ["2019-01-18 23:57:05", "2019-01-18 23:51:06"], "total_order": 2, "hotel_value": ["4.5", "4.5"], "hotel_price": ["480", "480"]}, "4014854": {"hotel_name": "\u4e09\u4e9a\u8309\u8389\u82b1\u5f00\u5546\u52a1\u5bbe\u9986", "order_time": ["2019-01-18 23:51:07"], "total_order": 1, "hotel_value": ["4.6"], "hotel_price": ["93"]}, "15812110": {"hotel_name": "\u4e09\u4e9a\u7ea2\u5858\u6e7e\u5efa\u56fd\u5ea6\u5047\u9152\u5e97", "order_time": ["2019-01-18 23:51:07"], "total_order": 1, "hotel_value": ["4.7"], "hotel_price": ["369"]}, "17325404": {"hotel_name": "\u4e09\u4e9a\u6d1b\u514b\u94c2\u91d1\u6d77\u666f\u9152\u5e97", "order_time": ["2019-01-18 23:53:06"], "total_order": 1, "hotel_value": ["4.4"], "hotel_price": ["649"]}, "16011247": {"hotel_name": "\u4e09\u4e9a\u6c38\u6210\u4e03\u4ed9\u6f6e\u6c55\u9152\u5e97", "order_time": ["2019-01-18 23:55:06"], "total_order": 1, "hotel_value": ["4.2"], "hotel_price": ["318"]}, "895528": {"hotel_name": "7\u5929\u8fde\u9501\u9152\u5e97(\u4e09\u4e9a\u6e7e\u51e4\u51f0\u5c9b\u6d77\u666f\u5e97)", "order_time": ["2019-01-18 23:55:06"], "total_order": 1, "hotel_value": ["4.4"], "hotel_price": ["137"]}, "346764": {"hotel_name": "\u4e09\u4e9a\u541b\u6f9c\u00b7\u9e7f\u56de\u5934\u56fd\u5bbe\u9986(\u539f\u9e7f\u56de\u5934\u56fd\u5bbe\u9986)", "order_time": ["2019-01-18 23:55:06"], "total_order": 1, "hotel_value": ["4.8"], "hotel_price": ["613"]}, "24051573": {"hotel_name": "\u4e09\u4e9a\u6d77\u7720\u827a\u5bbf\u8bbe\u8ba1\u6c11\u5bbf", "order_time": ["2019-01-18 23:55:06"], "total_order": 1, "hotel_value": ["4.7"], "hotel_price": ["230"]}, "9371542": {"hotel_name": "\u4e09\u4e9a\u5927\u4e1c\u6d77\u661f\u6d77\u5047\u65e5\u6d77\u666f\u516c\u5bd3", "order_time": ["2019-01-18 23:55:07"], "total_order": 1, "hotel_value": [0], "hotel_price": ["138"]}, "6056059": {"hotel_name": "\u6d77\u5357\u6e05\u6c34\u6e7e\u6e29\u5fb7\u59c6\u5ea6\u5047\u9152\u5e97", "order_time": ["2019-01-18 23:57:05"], "total_order": 1, "hotel_value": ["4.6"], "hotel_price": ["566"]}, "370832": {"hotel_name": "\u4e09\u4e9a\u9e7f\u9890\u6d77\u666f\u9152\u5e97(\u539f\u8377\u6cf0\u6d77\u666f\u9152\u5e97)", "order_time": ["2019-01-18 23:57:05"], "total_order": 1, "hotel_value": ["4.6"], "hotel_price": ["488"]}, "14119383": {"hotel_name": "\u4e09\u4e9a\u6734\u5bbf\u8bbe\u8ba1\u6c11\u5bbf", "order_time": ["2019-01-18 23:59:06"], "total_order": 1, "hotel_value": ["4.7"], "hotel_price": ["116"]}, "2216767": {"hotel_name": "\u7ef4\u4e5f\u7eb3\u9152\u5e97(\u4e09\u4e9a\u6e7e\u5e97)", "order_time": ["2019-01-18 23:59:06"], "total_order": 1, "hotel_value": ["4.8"], "hotel_price": ["368"]}, "6503543": {"hotel_name": "\u4e09\u4e9a\u6c5f\u5357\u767e\u60a6\u5546\u52a1\u5927\u9152\u5e97", "order_time": ["2019-01-18 23:59:06"], "total_order": 1, "hotel_value": ["4.2"], "hotel_price": ["210"]}, "4694643": {"hotel_name": "\u4e09\u4e9a\u4e9a\u9f99\u6e7e\u559c\u820d\u6cf3\u6c60\u522b\u5885\u5ea6\u5047\u516c\u5bd3(\u539f\u559c\u820d\u4eca\u559c\u6765\u7cbe\u54c1\u5ea6\u5047\u9152\u5e97)", "order_time": ["2019-01-18 23:59:07"], "total_order": 1, "hotel_value": ["4.7"], "hotel_price": ["310"]}, "21765890": {"hotel_name": "\u4e09\u4e9a\u5361\u838e\u4e3b\u9898\u9152\u5e97", "order_time": ["2019-01-19 00:01:06"], "total_order": 1, "hotel_value": ["4.6"], "hotel_price": ["119"]}, "684215": {"hotel_name": "\u4e09\u4e9a\u6d77\u68e0\u6e7e\u5929\u623f\u6d32\u9645\u5ea6\u5047\u9152\u5e97", "order_time": ["2019-01-19 00:01:07"], "total_order": 1, "hotel_value": ["4.7"], "hotel_price": ["18773"]}, "16948036": {"hotel_name": "\u4e09\u4e9a\u6e7e\u7ea2\u6811\u6797\u5ea6\u5047\u4e16\u754c(\u5927\u738b\u68d5\u9152\u5e97)", "order_time": ["2019-01-19 00:01:07", "2019-01-19 00:13:06"], "total_order": 2, "hotel_value": ["4.7", "4.7"], "hotel_price": ["900", "900"]}, "2021754": {"hotel_name": "\u4e09\u4e9a\u4fdd\u5229\u5929\u827a\u51e4\u51f0\u9152\u5e97", "order_time": ["2019-01-19 00:01:07"], "total_order": 1, "hotel_value": ["4.4"], "hotel_price": ["322"]}, "5090410": {"hotel_name": "\u4e09\u4e9a\u6930\u4e4b\u6d77\u6d77\u666f\u5ea6\u5047\u516c\u5bd3(\u539f\u6d77\u5cb8\u540d\u90fd\u7cbe\u54c1\u6d77\u666f\u516c\u5bd3)", "order_time": ["2019-01-19 00:01:07"], "total_order": 1, "hotel_value": ["4.9"], "hotel_price": ["292"]}, "5296769": {"hotel_name": "\u4e09\u4e9a\u6d77\u68e0\u6e7e\u541b\u60a6\u9152\u5e97", "order_time": ["2019-01-19 00:01:07"], "total_order": 1, "hotel_value": ["4.6"], "hotel_price": ["1610"]}, "854161": {"hotel_name": "\u4e09\u4e9a\u6e7e\u65b0\u7586\u5927\u53a6\u5ea6\u5047\u9152\u5e97", "order_time": ["2019-01-19 00:01:07"], "total_order": 1, "hotel_value": ["4.5"], "hotel_price": ["304"]}, "10187052": {"hotel_name": "\u4e09\u4e9a\u897f\u897f\u91cc\u7cbe\u54c1\u6c11\u5bbf", "order_time": ["2019-01-19 00:03:07"], "total_order": 1, "hotel_value": ["4.9"], "hotel_price": ["266"]}, "8577331": {"hotel_name": "\u7f8e\u51a0\u5047\u65e5\u9152\u5e97(\u4e09\u4e9a\u5927\u6811\u516c\u9986\u5e97)", "order_time": ["2019-01-19 00:03:07"], "total_order": 1, "hotel_value": ["4.5"], "hotel_price": ["238"]}, "25665237": {"hotel_name": "\u4e09\u4e9a\u6c90\u5fc3\u5c0f\u7b51\u7cbe\u54c1\u6c11\u5bbf", "order_time": ["2019-01-19 00:03:08"], "total_order": 1, "hotel_value": ["4.9"], "hotel_price": ["164"]}, "6460482": {"hotel_name": "\u4e09\u4e9a\u4e9a\u9f99\u6e7e\u751f\u547d\u6cc9\u7cbe\u54c1\u5ea6\u5047\u9152\u5e97", "order_time": ["2019-01-19 00:03:08"], "total_order": 1, "hotel_value": ["4.7"], "hotel_price": ["360"]}, "9216515": {"hotel_name": "\u4e09\u4e9a\u5b89\u5409\u62c9\u5047\u65e5\u9152\u5e97", "order_time": ["2019-01-19 00:03:09"], "total_order": 1, "hotel_value": ["4.6"], "hotel_price": ["543"]}, "6019143": {"hotel_name": "\u4e09\u4e9a\u5927\u4e1c\u6d77\u661f\u7a7a\u4e3b\u9898\u5ea6\u5047\u9152\u5e97", "order_time": ["2019-01-19 00:05:10"], "total_order": 1, "hotel_value": ["4.5"], "hotel_price": ["158"]}, "1462497": {"hotel_name": "\u6d77\u68e0\u5047\u65e5\u5ba2\u6808(\u4e09\u4e9a\u6d77\u68e0\u6e7e\u5e97)", "order_time": ["2019-01-19 00:05:11"], "total_order": 1, "hotel_value": ["4.3"], "hotel_price": ["164"]}, "707593": {"hotel_name": "\u4e09\u4e9a\u51e4\u51f0\u5c9b\u6d77\u6d0b\u4e4b\u661f\u5ea6\u5047\u9152\u5e97", "order_time": ["2019-01-19 00:07:07"], "total_order": 1, "hotel_value": ["4.7"], "hotel_price": ["471"]}, "10900048": {"hotel_name": "\u4e09\u4e9a\u521d\u96e8\u7cbe\u54c1\u5ba2\u6808", "order_time": ["2019-01-19 00:07:08"], "total_order": 1, "hotel_value": ["4.8"], "hotel_price": ["90"]}, "438193": {"hotel_name": "\u6d77\u5357\u798f\u6e7e\u6885\u8bfa\u5361\u5ea6\u5047\u9152\u5e97", "order_time": ["2019-01-19 00:09:06"], "total_order": 1, "hotel_value": ["4.4"], "hotel_price": ["317"]}, "6405320": {"hotel_name": "\u4e09\u4e9a\u4e9a\u9f99\u6e7e\u6728\u843d\u5ba2\u6808", "order_time": ["2019-01-19 00:09:06"], "total_order": 1, "hotel_value": ["4.5"], "hotel_price": ["130"]}, "1722841": {"hotel_name": "\u516d\u516d\u4e3b\u9898\u8fde\u9501\u9152\u5e97(\u4e09\u4e9a\u673a\u573a\u5206\u5e97)", "order_time": ["2019-01-19 00:09:07"], "total_order": 1, "hotel_value": ["4.3"], "hotel_price": ["153"]}, "2652378": {"hotel_name": "\u6d77\u5c9b\u68a6\u6d77\u666f\u516c\u5bd3(\u4e09\u4e9a\u5927\u4e1c\u6d77\u5e97)", "order_time": ["2019-01-19 00:11:07"], "total_order": 1, "hotel_value": ["4.5"], "hotel_price": ["143"]}, "7864205": {"hotel_name": "\u65f6\u4ee3\u5927\u6811\u5ea6\u5047\u9152\u5e97(\u4e09\u4e9a\u7f8e\u4e3d\u4e4b\u51a0\u5e97)(\u539f\u7f8e\u4e3d\u4e4b\u51a0\u5927\u6811\u5ea6\u5047\u9152\u5e97)", "order_time": ["2019-01-19 00:11:07"], "total_order": 1, "hotel_value": ["4.6"], "hotel_price": ["192"]}, "1281635": {"hotel_name": "\u4e09\u4e9a\u4e9a\u9f99\u6e7e\u516c\u4e3b\u90e1\u4e09\u671f\u6d0b\u623f", "order_time": ["2019-01-19 00:11:07"], "total_order": 1, "hotel_value": ["4.6"], "hotel_price": ["335"]}, "660317": {"hotel_name": "\u4e09\u4e9a\u4eac\u6da6\u73cd\u73e0\u4e3b\u9898\u9152\u5e97", "order_time": ["2019-01-19 00:13:05"], "total_order": 1, "hotel_value": ["4.5"], "hotel_price": ["230"]}, "481437": {"hotel_name": "\u9526\u6c5f\u4e4b\u661f(\u4e09\u4e9a\u89e3\u653e\u8def\u5e97)", "order_time": ["2019-01-19 00:13:06"], "total_order": 1, "hotel_value": ["4.6"], "hotel_price": ["185"]}, "1715599": {"hotel_name": "\u4e09\u4e9a\u585e\u7eb3\u6d77\u5cb8\u827a\u672f\u5ba2\u6808", "order_time": ["2019-01-19 00:13:06"], "total_order": 1, "hotel_value": ["4.8"], "hotel_price": ["139"]}}}