{"\u5f00\u59cb\u8bb0\u5f55\u65f6\u95f4": "2019-01-11 21:45:16", "\u7ed3\u675f\u8bb0\u5f55\u65f6\u95f4": "2019-01-11 22:45:16", "\u8ba2\u5355\u603b\u589e\u91cf": 214, "item": {"1486685": {"hotel_name": "\u4e09\u4e9a\u51e4\u51f0\u5c9b\u5ea6\u5047\u9152\u5e97", "order_time": ["2019-01-11 21:47:35", "2019-01-11 21:46:13"], "total_order": 2, "hotel_value": ["4.7", "4.7"], "hotel_price": ["1108", "1108"]}, "420069": {"hotel_name": "\u4e09\u4e9a\u4e2d\u4e9a\u56fd\u9645\u5927\u9152\u5e97", "order_time": ["2019-01-11 21:47:31", "2019-01-11 21:49:47"], "total_order": 2, "hotel_value": ["4.5", "4.5"], "hotel_price": ["390", "390"]}, "371696": {"hotel_name": "\u4e09\u4e9a\u590f\u5a01\u5937\u5927\u9152\u5e97", "order_time": ["2019-01-11 21:47:31"], "total_order": 1, "hotel_value": ["4.4"], "hotel_price": ["290"]}, "6457048": {"hotel_name": "\u4f73\u8f69\u5047\u65e5\u9152\u5e97(\u4e09\u4e9a\u51e4\u51f0\u673a\u573a\u5e97)", "order_time": ["2019-01-11 21:47:32", "2019-01-11 21:55:41", "2019-01-11 21:53:34"], "total_order": 3, "hotel_value": ["4.5", "4.5", "4.5"], "hotel_price": ["226", "226", "226"]}, "2216767": {"hotel_name": "\u7ef4\u4e5f\u7eb3\u9152\u5e97(\u4e09\u4e9a\u6e7e\u5e97)", "order_time": ["2019-01-11 21:47:32"], "total_order": 1, "hotel_value": ["4.8"], "hotel_price": ["358"]}, "436673": {"hotel_name": "\u4e09\u4e9a\u9e7f\u5cad\u6d77\u6e7e\u7ef4\u666f\u56fd\u9645\u5927\u9152\u5e97(\u539f\u4e09\u4e9a\u6d77\u6e7e\u7ef4\u666f\u56fd\u9645\u5927\u9152\u5e97)", "order_time": ["2019-01-11 21:47:33"], "total_order": 1, "hotel_value": ["4.6"], "hotel_price": ["321"]}, "3041884": {"hotel_name": "\u4e09\u4e9a\u4e3d\u79be\u6e29\u5fb7\u59c6\u9152\u5e97", "order_time": ["2019-01-11 21:47:33"], "total_order": 1, "hotel_value": ["4.8"], "hotel_price": ["688"]}, "843599": {"hotel_name": "\u4e09\u4e9a\u56db\u5b63\u6d77\u5ead\u9152\u5e97", "order_time": ["2019-01-11 21:47:33"], "total_order": 1, "hotel_value": ["4.6"], "hotel_price": ["308"]}, "426360": {"hotel_name": "\u4e09\u4e9a\u67cf\u745e\u7cbe\u54c1\u6d77\u666f\u9152\u5e97", "order_time": ["2019-01-11 21:47:33"], "total_order": 1, "hotel_value": ["4.6"], "hotel_price": ["280"]}, "7073052": {"hotel_name": "\u4e09\u4e9a\u514b\u62c9\u5c14\u9633\u5149\u6d77\u666f\u516c\u5bd3", "order_time": ["2019-01-11 21:47:35"], "total_order": 1, "hotel_value": ["4.8"], "hotel_price": ["184"]}, "9789923": {"hotel_name": "\u4e09\u4e9a\u5eb7\u5e74\u9152\u5e97", "order_time": ["2019-01-11 21:47:35"], "total_order": 1, "hotel_value": ["4.7"], "hotel_price": ["938"]}, "346693": {"hotel_name": "\u4e09\u4e9a\u4e9a\u9f99\u6e7e\u534e\u5b87\u5ea6\u5047\u9152\u5e97", "order_time": ["2019-01-11 21:47:35"], "total_order": 1, "hotel_value": ["4.6"], "hotel_price": ["609"]}, "14249344": {"hotel_name": "\u4e09\u4e9a\u4e9a\u7279\u5170\u8482\u65af\u9152\u5e97", "order_time": ["2019-01-11 21:47:35"], "total_order": 1, "hotel_value": ["4.6"], "hotel_price": ["3288"]}, "345522": {"hotel_name": "\u4e09\u4e9a\u5929\u57df\u5ea6\u5047\u9152\u5e97", "order_time": ["2019-01-11 21:47:35"], "total_order": 1, "hotel_value": ["4.8"], "hotel_price": ["899"]}, "344928": {"hotel_name": "\u4e09\u4e9a\u4e9a\u9f99\u6e7e\u4e07\u8c6a\u5ea6\u5047\u9152\u5e97", "order_time": ["2019-01-11 21:47:35"], "total_order": 1, "hotel_value": ["4.6"], "hotel_price": ["999"]}, "684215": {"hotel_name": "\u4e09\u4e9a\u6d77\u68e0\u6e7e\u5929\u623f\u6d32\u9645\u5ea6\u5047\u9152\u5e97", "order_time": ["2019-01-11 21:47:35"], "total_order": 1, "hotel_value": ["4.7"], "hotel_price": ["1058"]}, "6866770": {"hotel_name": "\u4e09\u4e9a\u94ed\u8f69\u5546\u52a1\u9152\u5e97(\u539f\u94ed\u8f69\u65c5\u79df\u4f4f\u5bbf)", "order_time": ["2019-01-11 21:47:36", "2019-01-11 22:05:32"], "total_order": 2, "hotel_value": ["4.5", "4.5"], "hotel_price": ["188", "188"]}, "2372110": {"hotel_name": "\u4e09\u4e9a\u6d77\u697c\u4e91\u6708\u6d77\u666f\u5ea6\u5047\u516c\u5bd3", "order_time": ["2019-01-11 21:47:37"], "total_order": 1, "hotel_value": ["4.5"], "hotel_price": ["226"]}, "6867012": {"hotel_name": "\u4e09\u4e9a\u5d16\u57ce\u6e56\u6797\u5546\u52a1\u65c5\u79df(\u539f\u6d32\u6d0b\u5546\u52a1\u5bbe\u9986)", "order_time": ["2019-01-11 21:47:37"], "total_order": 1, "hotel_value": ["4.2"], "hotel_price": ["121"]}, "773075": {"hotel_name": "\u4e09\u4e9a\u6d3e\u745e\u9152\u5e97", "order_time": ["2019-01-11 21:47:37"], "total_order": 1, "hotel_value": ["4.4"], "hotel_price": ["267"]}, "1434723": {"hotel_name": "\u4e09\u4e9a\u667a\u53cb\u4e3b\u9898\u5bbe\u9986", "order_time": ["2019-01-11 21:47:37"], "total_order": 1, "hotel_value": ["4.8"], "hotel_price": ["108"]}, "16948036": {"hotel_name": "\u4e09\u4e9a\u6e7e\u7ea2\u6811\u6797\u5ea6\u5047\u4e16\u754c(\u5927\u738b\u68d5\u9152\u5e97)", "order_time": ["2019-01-11 21:47:40"], "total_order": 1, "hotel_value": ["4.7"], "hotel_price": ["549"]}, "1377449": {"hotel_name": "Q\u52a0\u00b7\u4e09\u4e9a\u51e4\u51f0\u5c9b\u60a6\u4f73\u6d77\u4e0a\u516c\u5bd3", "order_time": ["2019-01-11 21:47:43"], "total_order": 1, "hotel_value": ["4.7"], "hotel_price": ["566"]}, "643641": {"hotel_name": "\u4e09\u4e9a\u51e4\u51f0\u673a\u573a\u6d77\u822a\u5feb\u6377\u9152\u5e97", "order_time": ["2019-01-11 22:01:33", "2019-01-11 21:49:32"], "total_order": 2, "hotel_value": ["4.1", "4.1"], "hotel_price": ["208", "208"]}, "372133": {"hotel_name": "\u4e09\u4e9a\u73e0\u6c5f\u82b1\u56ed\u9152\u5e97", "order_time": ["2019-01-11 21:51:41", "2019-01-11 21:49:32"], "total_order": 2, "hotel_value": ["4.4", "4.4"], "hotel_price": ["393", "393"]}, "1580558": {"hotel_name": "\u901f8\u9152\u5e97(\u4e09\u4e9a\u6e7e\u5409\u7965\u8857\u5e97)", "order_time": ["2019-01-11 21:59:38", "2019-01-11 21:49:32"], "total_order": 2, "hotel_value": ["4.6", "4.6"], "hotel_price": ["145", "145"]}, "15226809": {"hotel_name": "\u4e09\u4e9a\u9999\u6c34\u6e7e\u4e66\u9999\u6d77\u666f\u522b\u5885\u9152\u5e97", "order_time": ["2019-01-11 21:49:34", "2019-01-11 21:53:40"], "total_order": 2, "hotel_value": ["4.8", "4.8"], "hotel_price": ["558", "558"]}, "1601597": {"hotel_name": "\u4e09\u4e9a\u592a\u9633\u6e7e\u67cf\u60a6\u9152\u5e97", "order_time": ["2019-01-11 21:49:34"], "total_order": 1, "hotel_value": ["4.8"], "hotel_price": ["4445"]}, "1498102": {"hotel_name": "\u4e09\u4e9a\u5b8c\u7f8e\u5927\u6d77\u5ba2\u6808", "order_time": ["2019-01-11 21:49:36", "2019-01-11 22:09:36", "2019-01-11 22:25:33"], "total_order": 3, "hotel_value": ["4.5", "4.5", "4.5"], "hotel_price": ["154", "154", "154"]}, "1052966": {"hotel_name": "\u4e09\u4e9a\u540e\u6d773\u53f7\u5ea6\u5047\u9152\u5e97", "order_time": ["2019-01-11 21:49:46"], "total_order": 1, "hotel_value": ["3.6"], "hotel_price": ["115"]}, "428335": {"hotel_name": "\u5982\u5bb6\u5feb\u6377\u9152\u5e97(\u4e09\u4e9a\u6986\u4e9a\u8def\u5927\u4e1c\u6d77\u5e97)", "order_time": ["2019-01-11 21:51:32"], "total_order": 1, "hotel_value": ["4.6"], "hotel_price": ["227"]}, "8577331": {"hotel_name": "\u7f8e\u51a0\u5047\u65e5\u9152\u5e97(\u4e09\u4e9a\u5927\u6811\u516c\u9986\u5e97)", "order_time": ["2019-01-11 21:51:34"], "total_order": 1, "hotel_value": ["4.5"], "hotel_price": ["192"]}, "4090289": {"hotel_name": "\u4e09\u4e9a\u98ce\u8046\u6d77\u827a\u672f\u5ba2\u6808", "order_time": ["2019-01-11 21:51:34"], "total_order": 1, "hotel_value": ["4.8"], "hotel_price": ["118"]}, "481437": {"hotel_name": "\u9526\u6c5f\u4e4b\u661f(\u4e09\u4e9a\u89e3\u653e\u8def\u5e97)", "order_time": ["2019-01-11 21:51:35", "2019-01-11 22:07:32"], "total_order": 2, "hotel_value": ["4.6", "4.6"], "hotel_price": ["179", "179"]}, "370837": {"hotel_name": "\u4e09\u4e9a\u78a7\u6d77\u91d1\u6c99\u9152\u5e97", "order_time": ["2019-01-11 21:51:35"], "total_order": 1, "hotel_value": ["4.6"], "hotel_price": ["280"]}, "7864205": {"hotel_name": "\u65f6\u4ee3\u5927\u6811\u5ea6\u5047\u9152\u5e97(\u4e09\u4e9a\u7f8e\u4e3d\u4e4b\u51a0\u5e97)(\u539f\u7f8e\u4e3d\u4e4b\u51a0\u5927\u6811\u5ea6\u5047\u9152\u5e97)", "order_time": ["2019-01-11 21:51:35"], "total_order": 1, "hotel_value": ["4.7"], "hotel_price": ["207"]}, "454362": {"hotel_name": "\u4e09\u4e9a\u4ebf\u6e90\u8f69\u5b87\u5927\u9152\u5e97", "order_time": ["2019-01-11 21:51:37"], "total_order": 1, "hotel_value": ["4.6"], "hotel_price": ["402"]}, "2021754": {"hotel_name": "\u4e09\u4e9a\u4fdd\u5229\u5929\u827a\u51e4\u51f0\u9152\u5e97", "order_time": ["2019-01-11 21:51:37"], "total_order": 1, "hotel_value": ["4.4"], "hotel_price": ["306"]}, "344934": {"hotel_name": "\u4e09\u4e9a\u6930\u6797\u6ee9\u5927\u9152\u5e97", "order_time": ["2019-01-11 21:51:39"], "total_order": 1, "hotel_value": ["4.4"], "hotel_price": ["316"]}, "927707": {"hotel_name": "\u4e09\u4e9a\u82b3\u59d0\u6d77\u666f\u5ea6\u5047\u516c\u5bd3", "order_time": ["2019-01-11 21:51:49"], "total_order": 1, "hotel_value": ["4.6"], "hotel_price": ["192"]}, "1471695": {"hotel_name": "\u4e09\u4e9a\u60e0\u5f18\u65c5\u9986", "order_time": ["2019-01-11 21:51:51"], "total_order": 1, "hotel_value": [0], "hotel_price": ["100"]}, "6635244": {"hotel_name": "\u4e09\u4e9a\u6893\u8def\u5ba2\u6808", "order_time": ["2019-01-11 21:53:32"], "total_order": 1, "hotel_value": ["4.7"], "hotel_price": ["135"]}, "11444334": {"hotel_name": "\u4e09\u4e9a\u4e9a\u9f99\u6e7e\u5e0c\u60a6\u7cbe\u54c1\u522b\u5885\u9152\u5e97", "order_time": ["2019-01-11 21:53:35", "2019-01-11 22:37:34"], "total_order": 2, "hotel_value": ["4.6", "4.6"], "hotel_price": ["406", "406"]}, "1701208": {"hotel_name": "\u4e09\u4e9a8\u6beb\u7c73\u6d77\u666f\u5ba2\u6808", "order_time": ["2019-01-11 21:53:36"], "total_order": 1, "hotel_value": ["4.4"], "hotel_price": ["257"]}, "3290149": {"hotel_name": "\u4e09\u4e9a\u5b9d\u76db\u7cbe\u54c1\u5927\u9152\u5e97(\u539f\u5b9d\u76db\u6d77\u666f\u5927\u9152\u5e97)", "order_time": ["2019-01-11 21:53:39"], "total_order": 1, "hotel_value": ["4.1"], "hotel_price": ["189"]}, "2574467": {"hotel_name": "\u4e09\u4e9a\u5609\u65fa\u5bb6\u5ead\u65c5\u9986", "order_time": ["2019-01-11 21:53:40", "2019-01-11 22:27:32"], "total_order": 2, "hotel_value": ["4.1", "4.1"], "hotel_price": ["111", "111"]}, "3733598": {"hotel_name": "\u666f\u516e\u9601(\u4e09\u4e9a\u5e97)", "order_time": ["2019-01-11 21:53:46"], "total_order": 1, "hotel_value": ["4.3"], "hotel_price": ["102"]}, "2068636": {"hotel_name": "\u4e09\u4e9a\u5341\u4e8c\u6a61\u6811\u522b\u5885\u5ea6\u5047\u9152\u5e97(\u539f\u6a2a\u4e30\u5885\u6ee8\u6d77\u5ea6\u5047\u9152\u5e97)", "order_time": ["2019-01-11 21:54:01"], "total_order": 1, "hotel_value": ["4.6"], "hotel_price": ["289"]}, "396500": {"hotel_name": "\u4e09\u4e9a\u6e7e\u4ed9\u5c45\u5e9c\u6d77\u666f\u9152\u5e97", "order_time": ["2019-01-11 21:55:35"], "total_order": 1, "hotel_value": ["4.4"], "hotel_price": ["573"]}, "480163": {"hotel_name": "\u4e09\u4e9a\u6d77\u89d2\u4e4b\u65c5\u9152\u5e97(\u539f\u60a6\u6765\u5ba2\u6808\u4e09\u4e9a\u51e4\u51f0\u673a\u573a\u6c34\u5cb8\u5e97)", "order_time": ["2019-01-11 21:55:38"], "total_order": 1, "hotel_value": ["4.6"], "hotel_price": ["495"]}, "12104544": {"hotel_name": "\u60a6\u746d\u00b7\u4e09\u4e9a\u6d77\u7cbe\u9009\u9152\u5e97", "order_time": ["2019-01-11 22:35:38", "2019-01-11 21:55:42"], "total_order": 2, "hotel_value": ["4.8", "4.8"], "hotel_price": ["253", "253"]}, "17140010": {"hotel_name": "\u4e09\u4e9a\u60a6\u670b\u00b7\u6d77\u534a\u95f4\u4eba\u6587\u8bbe\u8ba1\u6d77\u666f\u9152\u5e97", "order_time": ["2019-01-11 22:11:38", "2019-01-11 22:15:39", "2019-01-11 21:57:33"], "total_order": 3, "hotel_value": ["4.8", "4.8", "4.8"], "hotel_price": ["253", "253", "253"]}, "345069": {"hotel_name": "\u4e09\u4e9a\u6d77\u68e0\u6e7e\u4e07\u8fbe\u5e0c\u5c14\u987f\u9038\u6797\u5ea6\u5047\u9152\u5e97", "order_time": ["2019-01-11 21:57:34"], "total_order": 1, "hotel_value": ["4.5"], "hotel_price": ["1100"]}, "6287098": {"hotel_name": "\u4e09\u4e9a\u6ce5\u5bbf\u827a\u672f\u9152\u5e97", "order_time": ["2019-01-11 21:57:35", "2019-01-11 21:59:33"], "total_order": 2, "hotel_value": ["4.6", "4.6"], "hotel_price": ["289", "289"]}, "741295": {"hotel_name": "\u4e09\u4e9a\u8fdc\u8fd1\u6d77\u666f\u9152\u5e97", "order_time": ["2019-01-11 21:59:34"], "total_order": 1, "hotel_value": ["4.6"], "hotel_price": ["164"]}, "1707691": {"hotel_name": "\u65b0\u57ce\u7f8e\u820d\u6d77\u666f\u5ea6\u5047\u516c\u5bd3(\u4e09\u4e9a\u51e4\u51f0\u673a\u573a\u5e97)", "order_time": ["2019-01-11 21:59:35"], "total_order": 1, "hotel_value": ["4.7"], "hotel_price": ["262"]}, "6588982": {"hotel_name": "\u4e09\u4e9a\u5c0a\u5ba2\u5ea6\u5047\u9152\u5e97", "order_time": ["2019-01-11 21:59:35"], "total_order": 1, "hotel_value": ["4.7"], "hotel_price": ["153"]}, "12824693": {"hotel_name": "\u6811\u4ebf\u5927\u6811\u5ea6\u5047\u9152\u5e97(\u4e09\u4e9a\u7f8e\u4e3d\u4e4b\u51a0\u5e02\u4e2d\u5fc3\u5e97)", "order_time": ["2019-01-11 21:59:36"], "total_order": 1, "hotel_value": ["4.5"], "hotel_price": ["180"]}, "6126289": {"hotel_name": "\u4e09\u4e9a\u84dd\u6d77\u4e00\u53f7\u6d77\u5cb8\u9152\u5e97", "order_time": ["2019-01-11 21:59:36"], "total_order": 1, "hotel_value": ["4.8"], "hotel_price": ["162"]}, "6446036": {"hotel_name": "\u4e09\u4e9a\u51e4\u51f0\u673a\u573a\u9152\u5e97", "order_time": ["2019-01-11 21:59:37", "2019-01-11 22:11:42"], "total_order": 2, "hotel_value": ["4.5", "4.5"], "hotel_price": ["410", "410"]}, "660317": {"hotel_name": "\u4e09\u4e9a\u4eac\u6da6\u73cd\u73e0\u4e3b\u9898\u9152\u5e97", "order_time": ["2019-01-11 21:59:38"], "total_order": 1, "hotel_value": ["4.5"], "hotel_price": ["222"]}, "879235": {"hotel_name": "Q\u52a0\u00b7\u4e09\u4e9a\u591a\u4e50\u5c45\u5bb6\u5ead\u6d77\u666f\u516c\u5bd3", "order_time": ["2019-01-11 21:59:38"], "total_order": 1, "hotel_value": ["4.7"], "hotel_price": ["143"]}, "1251671": {"hotel_name": "\u9526\u6c5f\u4e4b\u661f(\u4e09\u4e9a\u6cb3\u897f\u8def\u6b65\u884c\u6865\u6cb3\u666f\u5e97)", "order_time": ["2019-01-11 21:59:38"], "total_order": 1, "hotel_value": ["4.5"], "hotel_price": ["179"]}, "1415545": {"hotel_name": "\u5929\u9e45\u604b\u7cbe\u54c1\u4e3b\u9898\u9152\u5e97(\u4e09\u4e9a\u89e3\u653e\u8def\u6b65\u884c\u8857\u5e97)", "order_time": ["2019-01-11 21:59:39"], "total_order": 1, "hotel_value": ["4.4"], "hotel_price": ["244"]}, "8681237": {"hotel_name": "\u4e09\u4e9a\u5927\u4e1c\u6d77\u5fc6\u8bed\u6d41\u5e74\u4e3b\u9898\u9152\u5e97", "order_time": ["2019-01-11 21:59:41"], "total_order": 1, "hotel_value": ["4.8"], "hotel_price": ["163"]}, "436688": {"hotel_name": "\u4e09\u4e9a\u65af\u7ef4\u767b\u5ea6\u5047\u516c\u5bd3(\u4e9a\u9f99\u6e7e)", "order_time": ["2019-01-11 22:03:36", "2019-01-11 22:01:33"], "total_order": 2, "hotel_value": ["4.5", "4.5"], "hotel_price": ["324", "324"]}, "346702": {"hotel_name": "\u4e09\u4e9a\u8fb0\u5149\u514b\u62c9\u7801\u5934\u9152\u5e97", "order_time": ["2019-01-11 22:01:52"], "total_order": 1, "hotel_value": ["4.6"], "hotel_price": ["380"]}, "345093": {"hotel_name": "\u4e09\u4e9a\u9633\u5149\u5927\u9152\u5e97", "order_time": ["2019-01-11 22:01:52"], "total_order": 1, "hotel_value": ["4.6"], "hotel_price": ["406"]}, "436696": {"hotel_name": "\u4e09\u4e9a\u6930\u84dd\u6e7e\u5ea6\u5047\u9152\u5e97", "order_time": ["2019-01-11 22:01:52"], "total_order": 1, "hotel_value": ["4.4"], "hotel_price": ["296"]}, "3732039": {"hotel_name": "\u4e09\u4e9a\u6d77\u68e0\u6e7e\u6bd4\u90bbnear\u6930\u6797\u7f8e\u5bbf(\u539f\u6bd4\u90bb\u6cf3\u6c60\u5ea6\u5047\u7cbe\u54c1\u5ba2\u6808)", "order_time": ["2019-01-11 22:03:34"], "total_order": 1, "hotel_value": ["4.5"], "hotel_price": ["309"]}, "25647873": {"hotel_name": "\u4e09\u4e9a\u5bbf\u989c\u7cbe\u9009\u5ea6\u5047\u9152\u5e97", "order_time": ["2019-01-11 22:03:34"], "total_order": 1, "hotel_value": ["4.7"], "hotel_price": ["187"]}, "3002283": {"hotel_name": "\u4e09\u4e9a\u60a6\u5ba2\u6808\u4e3b\u9898\u9152\u5e97", "order_time": ["2019-01-11 22:03:43"], "total_order": 1, "hotel_value": ["4.5"], "hotel_price": ["164"]}, "346775": {"hotel_name": "\u4e09\u4e9a\u4e9a\u9f99\u6e7e\u73af\u7403\u57ce\u5927\u9152\u5e97", "order_time": ["2019-01-11 22:33:37", "2019-01-11 22:05:30"], "total_order": 2, "hotel_value": ["4.2", "4.2"], "hotel_price": ["459", "459"]}, "17292860": {"hotel_name": "\u4e09\u4e9a\u6d77\u68e0\u6e7e\u6155\u820d\u96ea\u83b1\u6d0b\u623f\u522b\u5885", "order_time": ["2019-01-11 22:05:31", "2019-01-11 22:18:00"], "total_order": 2, "hotel_value": ["4.8", "4.8"], "hotel_price": ["685", "685"]}, "11654974": {"hotel_name": "\u5c0f\u9e7f\u8fb0\u5ba2\u6d77\u666f\u5ea6\u5047\u516c\u5bd3(\u4e09\u4e9a\u5927\u4e1c\u6d77\u5e97)", "order_time": ["2019-01-11 22:05:32"], "total_order": 1, "hotel_value": ["4.9"], "hotel_price": ["139"]}, "1881142": {"hotel_name": "7\u5929\u8fde\u9501\u9152\u5e97(\u4e09\u4e9a\u5409\u7965\u8857\u6d77\u666f\u5e97)", "order_time": ["2019-01-11 22:05:32"], "total_order": 1, "hotel_value": ["4.5"], "hotel_price": ["149"]}, "5090410": {"hotel_name": "\u4e09\u4e9a\u6930\u4e4b\u6d77\u6d77\u666f\u5ea6\u5047\u516c\u5bd3(\u539f\u6d77\u5cb8\u540d\u90fd\u7cbe\u54c1\u6d77\u666f\u516c\u5bd3)", "order_time": ["2019-01-11 22:05:32"], "total_order": 1, "hotel_value": ["4.9"], "hotel_price": ["292"]}, "1980387": {"hotel_name": "\u9e97\u67ab\u9152\u5e97(\u4e09\u4e9a\u6b65\u884c\u8857\u5e97)", "order_time": ["2019-01-11 22:05:32"], "total_order": 1, "hotel_value": ["4.8"], "hotel_price": ["362"]}, "19107609": {"hotel_name": "\u4e09\u4e9a\u8054\u6295\u541b\u4ead\u9152\u5e97", "order_time": ["2019-01-11 22:05:33"], "total_order": 1, "hotel_value": ["4.6"], "hotel_price": ["588"]}, "6261136": {"hotel_name": "\u7ef4\u4e5f\u7eb3\u9152\u5e97(\u4e09\u4e9a\u4e9a\u9f99\u6e7e\u5343\u53e4\u60c5\u5e97)", "order_time": ["2019-01-11 22:05:33"], "total_order": 1, "hotel_value": ["4.8"], "hotel_price": ["258"]}, "344904": {"hotel_name": "\u4e09\u4e9a\u80dc\u610f\u5927\u9152\u5e97", "order_time": ["2019-01-11 22:05:33"], "total_order": 1, "hotel_value": ["4.7"], "hotel_price": ["867"]}, "8581510": {"hotel_name": "\u4e09\u4e9a\u534a\u5c71\u9a7f\u6d77\u5cb8\u7cbe\u54c1\u5ba2\u6808(\u539f\u871c\u5bb6\u5c0f\u9662)", "order_time": ["2019-01-11 22:05:33"], "total_order": 1, "hotel_value": ["4.7"], "hotel_price": ["111"]}, "436675": {"hotel_name": "\u4e09\u4e9a\u5927\u4e1c\u6d77\u541b\u4ead\u9152\u5e97", "order_time": ["2019-01-11 22:05:34"], "total_order": 1, "hotel_value": ["4.8"], "hotel_price": ["324"]}, "14074913": {"hotel_name": "\u4e09\u4e9a\u4e9a\u9f99\u6e7e\u96c5\u9601\u6e29\u6cc9\u5ea6\u5047\u9152\u5e97", "order_time": ["2019-01-11 22:05:34"], "total_order": 1, "hotel_value": ["4.7"], "hotel_price": ["578"]}, "429615": {"hotel_name": "\u4e09\u4e9a\u4e9a\u9f99\u6e7e\u541b\u6f9c\u5ea6\u5047\u9152\u5e97(\u539f\u5047\u65e5\u5ea6\u5047\u9152\u5e97)", "order_time": ["2019-01-11 22:05:35"], "total_order": 1, "hotel_value": ["4.5"], "hotel_price": ["788"]}, "5423919": {"hotel_name": "\u4e09\u4e9a\u6d77\u6615\u5c1a\u666f\u4e3b\u9898\u9152\u5e97", "order_time": ["2019-01-11 22:05:36", "2019-01-11 22:25:45"], "total_order": 2, "hotel_value": ["3.6", "3.6"], "hotel_price": ["97", "97"]}, "386917": {"hotel_name": "\u4e09\u4e9a\u6d77\u97f5\u5ea6\u5047\u9152\u5e97", "order_time": ["2019-01-11 22:23:33", "2019-01-11 22:12:07", "2019-01-11 22:05:37"], "total_order": 3, "hotel_value": ["4.7", "4.7", "4.7"], "hotel_price": ["848", "848", "848"]}, "6239220": {"hotel_name": "\u4e09\u4e9a\u6e1d\u5dde\u5546\u52a1\u9152\u5e97", "order_time": ["2019-01-11 22:05:42"], "total_order": 1, "hotel_value": ["4.4"], "hotel_price": ["88"]}, "7499493": {"hotel_name": "\u4e09\u4e9a\u4e9a\u9f99\u6e7e\u65e9\u5c45\u9ad8\u7aef\u5ea6\u5047\u516c\u5bd3", "order_time": ["2019-01-11 22:05:42"], "total_order": 1, "hotel_value": ["4.3"], "hotel_price": ["352"]}, "1307183": {"hotel_name": "\u4e09\u4e9a\u5019\u9e1f\u6e7e\u517b\u751f\u8fde\u9501\u9152\u5e97", "order_time": ["2019-01-11 22:05:42"], "total_order": 1, "hotel_value": ["4.0"], "hotel_price": ["124"]}, "1385802": {"hotel_name": "\u4e09\u4e9a\u8f69\u5ca9\u65c5\u79df(\u539f\u4f0a\u76db\u5546\u52a1\u9152\u5e97)", "order_time": ["2019-01-11 22:05:43"], "total_order": 1, "hotel_value": ["4.2"], "hotel_price": ["148"]}, "24056976": {"hotel_name": "\u4e09\u4e9a\u4f10\u6728\u7d2f\u4e3b\u9898\u65c5\u79df", "order_time": ["2019-01-11 22:05:43"], "total_order": 1, "hotel_value": ["4.9"], "hotel_price": ["214"]}, "2040995": {"hotel_name": "\u4e09\u4e9a\u6e29\u99a8\u6e2f\u6e7e\u6d77\u666f\u9152\u5e97", "order_time": ["2019-01-11 22:05:45"], "total_order": 1, "hotel_value": ["4.3"], "hotel_price": ["193"]}, "2872434": {"hotel_name": "\u4e09\u4e9a\u6cca\u7231\u6d77\u666f\u5ea6\u5047\u516c\u5bd3", "order_time": ["2019-01-11 22:09:52", "2019-01-11 22:05:48"], "total_order": 2, "hotel_value": ["4.4", "4.4"], "hotel_price": ["257", "257"]}, "1682691": {"hotel_name": "\u4e09\u4e9a\u4eac\u6d77\u56fd\u9645\u5047\u65e5\u9152\u5e97", "order_time": ["2019-01-11 22:27:36", "2019-01-11 22:12:07", "2019-01-11 22:23:33", "2019-01-11 22:07:38"], "total_order": 4, "hotel_value": ["4.6", "4.6", "4.6", "4.6"], "hotel_price": ["572", "673", "572", "572"]}, "24051573": {"hotel_name": "\u4e09\u4e9a\u6d77\u7720\u827a\u5bbf\u8bbe\u8ba1\u6c11\u5bbf", "order_time": ["2019-01-11 22:07:40", "2019-01-11 22:15:31"], "total_order": 2, "hotel_value": ["4.7", "4.7"], "hotel_price": ["252", "252"]}, "1720231": {"hotel_name": "\u4e09\u4e9a\u6d77\u60a6\u5a01\u5ea6\u5047\u516c\u5bd3", "order_time": ["2019-01-11 22:07:42"], "total_order": 1, "hotel_value": ["4.4"], "hotel_price": ["200"]}, "3197195": {"hotel_name": "\u54ea\u91cc\u90a3\u91cc\u6d77\u5cb8\u7cbe\u54c1\u5ba2\u6808(\u4e09\u4e9a\u4e9a\u9f99\u6e7e\u5e97)", "order_time": ["2019-01-11 22:07:46"], "total_order": 1, "hotel_value": ["4.8"], "hotel_price": ["167"]}, "917544": {"hotel_name": "\u4e09\u4e9a\u99a8\u5170\u6d77\u666f\u5ea6\u5047\u516c\u5bd3(\u539f\u7231\u4e0a\u6d77\u666f\u5ea6\u5047\u516c\u5bd3)", "order_time": ["2019-01-11 22:09:36"], "total_order": 1, "hotel_value": ["4.8"], "hotel_price": ["258"]}, "670132": {"hotel_name": "\u5929\u827a\u56fd\u9645\u9152\u5e97(\u4e09\u4e9a\u5927\u4e1c\u6d77\u5e97)(\u539f\u4e16\u7eaa\u8c6a\u5ead\u9152\u5e97)", "order_time": ["2019-01-11 22:09:41"], "total_order": 1, "hotel_value": ["4.3"], "hotel_price": ["288"]}, "12184321": {"hotel_name": "\u4e09\u4e9a\u7d2b\u6930\u6797\u6d77\u5cb8\u4e3b\u9898\u9152\u5e97", "order_time": ["2019-01-11 22:09:42"], "total_order": 1, "hotel_value": ["4.4"], "hotel_price": ["163"]}, "21634169": {"hotel_name": "\u7f18\u7b51\u00b7\u4e09\u4e9a\u6162\u70b9\u5ea6\u5047\u516c\u5bd3(\u64ce\u5929\u534a\u5c9b\u5e97)", "order_time": ["2019-01-11 22:11:34"], "total_order": 1, "hotel_value": ["4.8"], "hotel_price": ["163"]}, "6335192": {"hotel_name": "\u4e09\u4e9amissyou\u6d77\u666f\u516c\u5bd3", "order_time": ["2019-01-11 22:11:34"], "total_order": 1, "hotel_value": ["4.5"], "hotel_price": ["49"]}, "430994": {"hotel_name": "\u5982\u5bb6\u5feb\u6377\u9152\u5e97(\u4e09\u4e9a\u6e7e\u6625\u56ed\u6d77\u9c9c\u5e7f\u573a\u5e97)", "order_time": ["2019-01-11 22:11:40"], "total_order": 1, "hotel_value": ["4.5"], "hotel_price": ["131"]}, "8577369": {"hotel_name": "\u4e09\u4e9a\u9047\u89c1\u84dd\u6d77\u666f\u5ea6\u5047\u516c\u5bd3", "order_time": ["2019-01-11 22:11:51"], "total_order": 1, "hotel_value": [0], "hotel_price": ["399"]}, "4371952": {"hotel_name": "\u4e09\u4e9a\u534e\u5b87\u4e9a\u9f99\u6e7e\u8fce\u5bbe\u9986", "order_time": ["2019-01-11 22:13:34", "2019-01-11 22:31:41"], "total_order": 2, "hotel_value": ["4.8", "4.8"], "hotel_price": ["999", "999"]}, "6486443": {"hotel_name": "\u4e09\u4e9a\u5b9d\u745e\u7cbe\u54c1\u5ea6\u5047\u516c\u5bd3", "order_time": ["2019-01-11 22:17:35", "2019-01-11 22:13:36"], "total_order": 2, "hotel_value": ["4.4", "4.4"], "hotel_price": ["173", "293"]}, "1019767": {"hotel_name": "\u6d77\u820d\u79c1\u4eba\u8ba2\u5236\u9152\u5e97(\u4e09\u4e9a\u8708\u652f\u6d32\u5c9b\u5e97)", "order_time": ["2019-01-11 22:13:38"], "total_order": 1, "hotel_value": ["4.4"], "hotel_price": ["228"]}, "372154": {"hotel_name": "\u4e09\u4e9a\u798f\u670b\u559c\u6765\u767b\u9152\u5e97", "order_time": ["2019-01-11 22:13:41"], "total_order": 1, "hotel_value": ["4.5"], "hotel_price": ["730"]}, "13323312": {"hotel_name": "\u4e09\u4e9a\u6cf0\u4ed5\u5546\u52a1\u9152\u5e97", "order_time": ["2019-01-11 22:13:50"], "total_order": 1, "hotel_value": ["4.8"], "hotel_price": ["172"]}, "6450523": {"hotel_name": "\u4e09\u4e9a\u5c71\u6d77\u5929\u5927\u9152\u5e97\u00b7\u50b2\u9014\u683c\u7cbe\u9009", "order_time": ["2019-01-11 22:13:51"], "total_order": 1, "hotel_value": ["4.8"], "hotel_price": ["1264"]}, "486003": {"hotel_name": "\u4e09\u4e9a\u8708\u652f\u6d32\u5c9b\u73ca\u745a\u9152\u5e97", "order_time": ["2019-01-11 22:40:00", "2019-01-11 22:14:02", "2019-01-11 22:21:58"], "total_order": 3, "hotel_value": ["4.8", "4.8", "4.8"], "hotel_price": ["1049", "1049", "1049"]}, "1137078": {"hotel_name": "\u6d77\u5357\u6e05\u6c34\u6e7e\u5047\u65e5\u5ea6\u5047\u9152\u5e97", "order_time": ["2019-01-11 22:14:02"], "total_order": 1, "hotel_value": ["4.7"], "hotel_price": ["620"]}, "345088": {"hotel_name": "\u4e09\u4e9a\u5929\u6cfd\u6d77\u97f5\u5ea6\u5047\u9152\u5e97", "order_time": ["2019-01-11 22:14:02"], "total_order": 1, "hotel_value": ["4.5"], "hotel_price": ["396"]}, "1483190": {"hotel_name": "\u4e09\u4e9a\u4e9a\u9f99\u6e7e\u7fe1\u7fe0\u5ea6\u5047\u516c\u5bd3", "order_time": ["2019-01-11 22:15:36"], "total_order": 1, "hotel_value": ["4.6"], "hotel_price": ["232"]}, "11188504": {"hotel_name": "\u4e09\u4e9a\u6d77\u68e0\u6e7e\u7559\u4e0b\u5c0f\u7b51\u4e3b\u9898\u6c11\u5bbf", "order_time": ["2019-01-11 22:29:32", "2019-01-11 22:15:37"], "total_order": 2, "hotel_value": ["4.8", "4.8"], "hotel_price": ["144", "144"]}, "6712212": {"hotel_name": "\u7b49\u98ce\u6765\u6d77\u666f\u516c\u5bd3(\u4e09\u4e9a\u91d1\u9675\u6d77\u666f\u82b1\u56ed\u5e97)", "order_time": ["2019-01-11 22:15:39"], "total_order": 1, "hotel_value": ["4.9"], "hotel_price": ["83"]}, "4374867": {"hotel_name": "\u4e09\u4e9a\u53cc\u5927\u56fd\u9645\u9152\u5e97", "order_time": ["2019-01-11 22:15:40"], "total_order": 1, "hotel_value": ["4.5"], "hotel_price": ["452"]}, "2645085": {"hotel_name": "\u4e09\u4e9a\u9f99\u5f97\u6c34\u82d1\u4e3b\u9898\u5ba2\u6808\uff08\u6d77\u6708\u5e7f\u573a\u5e97\uff09", "order_time": ["2019-01-11 22:17:34"], "total_order": 1, "hotel_value": ["4.5"], "hotel_price": ["153"]}, "1282995": {"hotel_name": "\u4e09\u4e9a\u6e7e\u8f6c\u89d2\u9047\u89c1\u6d77\u7cbe\u54c1\u5ba2\u6808", "order_time": ["2019-01-11 22:17:41"], "total_order": 1, "hotel_value": ["4.6"], "hotel_price": ["123"]}, "15708320": {"hotel_name": "\u7f8e\u6811\u6770\u660e\u5047\u65e5\u9152\u5e97(\u4e09\u4e9a\u5927\u6811\u516c\u9986\u5e97)", "order_time": ["2019-01-11 22:17:42"], "total_order": 1, "hotel_value": ["4.4"], "hotel_price": ["202"]}, "3631084": {"hotel_name": "\u4e09\u4e9a\u6e7e\u5e0c\u5c14\u987f\u6b22\u670b\u9152\u5e97", "order_time": ["2019-01-11 22:17:47"], "total_order": 1, "hotel_value": ["4.8"], "hotel_price": ["517"]}, "1340218": {"hotel_name": "\u4e09\u4e9a\u671b\u6d77\u9752\u5e74\u9152\u5e97", "order_time": ["2019-01-11 22:19:32"], "total_order": 1, "hotel_value": ["4.6"], "hotel_price": ["304"]}, "895694": {"hotel_name": "7\u5929\u8fde\u9501\u9152\u5e97(\u4e09\u4e9a\u6e7e\u5409\u7965\u8857\u5e97)", "order_time": ["2019-01-11 22:19:33"], "total_order": 1, "hotel_value": ["4.3"], "hotel_price": ["141"]}, "26622150": {"hotel_name": "\u4e09\u4e9a\u81ea\u7531\u81ea\u5728\u6d77\u666f\u516c\u5bd3", "order_time": ["2019-01-11 22:19:33"], "total_order": 1, "hotel_value": [0], "hotel_price": ["183"]}, "1055585": {"hotel_name": "\u9e97\u67ab\u9152\u5e97(\u4e09\u4e9a\u6e7e\u5409\u7965\u8857\u5e97)", "order_time": ["2019-01-11 22:33:37", "2019-01-11 22:19:39"], "total_order": 2, "hotel_value": ["4.7", "4.7"], "hotel_price": ["195", "195"]}, "917373": {"hotel_name": "\u4e09\u4e9a\u8273\u9633\u5929\u5ba2\u6808(\u539f\u6f9c\u60a6\u9633\u5149\u6d77\u666f\u5ba2\u6808)", "order_time": ["2019-01-11 22:19:40"], "total_order": 1, "hotel_value": ["4.6"], "hotel_price": ["103"]}, "6955535": {"hotel_name": "\u4e09\u4e9a\u6cca\u5cb8\u5c0f\u5ead\u516c\u5bd3\u8708\u652f\u6d32\u5c9b\u5e97", "order_time": ["2019-01-11 22:21:32"], "total_order": 1, "hotel_value": ["4.2"], "hotel_price": ["178"]}, "3180637": {"hotel_name": "\u4e09\u4e9a\u9752\u827a\u672f\u96c5\u7b51\u5ba2\u6808(\u4e09\u4e9a\u6e7e\u5e97)", "order_time": ["2019-01-11 22:21:35"], "total_order": 1, "hotel_value": ["4.8"], "hotel_price": ["148"]}, "473306": {"hotel_name": "\u4e09\u4e9a\u9e3f\u82b3\u4e2d\u6d0b\u6d77\u666f\u9152\u5e97", "order_time": ["2019-01-11 22:21:39"], "total_order": 1, "hotel_value": ["4.3"], "hotel_price": ["179"]}, "5979909": {"hotel_name": "\u4e09\u4e9a\u6d77\u4e91\u82b1\u95f4\u6d77\u666f\u5ea6\u5047\u516c\u5bd3", "order_time": ["2019-01-11 22:21:40"], "total_order": 1, "hotel_value": ["4.9"], "hotel_price": ["277"]}, "1415812": {"hotel_name": "\u4e09\u4e9a\u4e00\u51e1\u98ce\u60c5\u5047\u65e5\u9152\u5e97", "order_time": ["2019-01-11 22:21:42"], "total_order": 1, "hotel_value": ["4.0"], "hotel_price": ["144"]}, "6476957": {"hotel_name": "\u4e09\u4e9a\u5174\u5b89\u957f\u5cf0\u5927\u9152\u5e97", "order_time": ["2019-01-11 22:23:33"], "total_order": 1, "hotel_value": ["4.5"], "hotel_price": ["288"]}, "1602239": {"hotel_name": "\u4e09\u4e9a\u4e09\u6b65\u6d77\u5ba2\u6808", "order_time": ["2019-01-11 22:23:38"], "total_order": 1, "hotel_value": ["4.8"], "hotel_price": ["151"]}, "4522257": {"hotel_name": "\u4e09\u4e9a\u7b80\u901487\u7a7a\u4e2d\u697c\u9601\u5ba2\u6808(\u539f\u67cf\u745e\u7b80\u9014\u7cbe\u54c1\u9152\u5e97)", "order_time": ["2019-01-11 22:23:40"], "total_order": 1, "hotel_value": ["4.1"], "hotel_price": ["184"]}, "346713": {"hotel_name": "\u4e09\u4e9a\u534e\u5b9d\u77f3\u5927\u9152\u5e97", "order_time": ["2019-01-11 22:25:39"], "total_order": 1, "hotel_value": ["4.4"], "hotel_price": ["226"]}, "690765": {"hotel_name": "\u4e09\u4e9a\u6d77\u7acb\u65b9\u5ea6\u5047\u9152\u5e97", "order_time": ["2019-01-11 22:25:55"], "total_order": 1, "hotel_value": ["4.6"], "hotel_price": ["378"]}, "345078": {"hotel_name": "\u4e09\u4e9a\u4e9a\u9f99\u6e7e\u7f8e\u9ad8\u6885\u5ea6\u5047\u9152\u5e97", "order_time": ["2019-01-11 22:26:00"], "total_order": 1, "hotel_value": ["4.7"], "hotel_price": ["1299"]}, "10920931": {"hotel_name": "\u4e09\u4e9a\u5c71\u6d77\u9601\u5ea6\u5047\u522b\u5885\u9152\u5e97", "order_time": ["2019-01-11 22:26:00"], "total_order": 1, "hotel_value": ["4.8"], "hotel_price": ["1276"]}, "371722": {"hotel_name": "\u4e09\u4e9a\u4e9a\u9f99\u6e7e\u91d1\u68d5\u6988\u5ea6\u5047\u9152\u5e97", "order_time": ["2019-01-11 22:27:32"], "total_order": 1, "hotel_value": ["4.6"], "hotel_price": ["450"]}, "1580379": {"hotel_name": "\u4e09\u4e9a\u5982\u7ea6\u5feb\u6377\u9152\u5e97", "order_time": ["2019-01-11 22:27:34"], "total_order": 1, "hotel_value": ["4.6"], "hotel_price": ["133"]}, "2032262": {"hotel_name": "\u7ef4\u4e5f\u7eb3\u9152\u5e97(\u4e09\u4e9a\u6e7e\u51e4\u51f0\u5c9b\u5e97)(\u539f\u4e09\u4e9a\u7b2c\u4e00\u5e02\u573a\u5e97)", "order_time": ["2019-01-11 22:27:38"], "total_order": 1, "hotel_value": ["4.7"], "hotel_price": ["368"]}, "482829": {"hotel_name": "\u4e09\u4e9a\u4e16\u7eaa\u5c71\u6c34\u9152\u5e97", "order_time": ["2019-01-11 22:29:31"], "total_order": 1, "hotel_value": ["3.9"], "hotel_price": ["230"]}, "9152097": {"hotel_name": "\u4e09\u4e9a\u79b9\u601d\u6c47\u5ba2\u6d77\u666f\u7cbe\u54c1\u5ea6\u5047\u516c\u5bd3", "order_time": ["2019-01-11 22:29:32"], "total_order": 1, "hotel_value": ["4.9"], "hotel_price": ["334"]}, "6867681": {"hotel_name": "\u4e09\u4e9a\u590f\u672b\u82b1\u5f00\u5c71\u95f4\u5c0f\u7b51", "order_time": ["2019-01-11 22:29:37"], "total_order": 1, "hotel_value": ["4.8"], "hotel_price": ["153"]}, "9627376": {"hotel_name": "\u4e09\u4e9a\u5cf0\u5cf0\u65c5\u79df", "order_time": ["2019-01-11 22:30:01"], "total_order": 1, "hotel_value": [0], "hotel_price": ["87"]}, "5580111": {"hotel_name": "\u6d77\u5357V8\u5feb\u6377\u9152\u5e97\u7965\u745e\u5e97", "order_time": ["2019-01-11 22:31:33"], "total_order": 1, "hotel_value": ["4.3"], "hotel_price": ["113"]}, "740890": {"hotel_name": "\u4e09\u4e9a\u4e2d\u80dc\u5e78\u798f\u5ea6\u5047\u9152\u5e97", "order_time": ["2019-01-11 22:33:34"], "total_order": 1, "hotel_value": ["3.8"], "hotel_price": ["140"]}, "6315469": {"hotel_name": "\u4e09\u4e9a\u6765\u5566\u5230\u5566\u4e3b\u9898\u9152\u5e97", "order_time": ["2019-01-11 22:33:35"], "total_order": 1, "hotel_value": ["4.8"], "hotel_price": ["169"]}, "842890": {"hotel_name": "\u4e09\u4e9a\u52c3\u7fd4\u6d77\u666f\u9152\u5e97(\u539f\u4e00\u8def\u5411\u5357\u65c5\u884c\u5ba2\u6808)", "order_time": ["2019-01-11 22:33:35"], "total_order": 1, "hotel_value": ["4.4"], "hotel_price": ["97"]}, "1315499": {"hotel_name": "\u4e09\u4e9a\u8001\u73ed\u957f\u56fd\u9645\u9752\u5e74\u65c5\u820d", "order_time": ["2019-01-11 22:35:31"], "total_order": 1, "hotel_value": ["4.5"], "hotel_price": ["50"]}, "8589084": {"hotel_name": "\u4e09\u4e9a\u51e4\u51f0\u7f8e\u4e3d\u5927\u9152\u5e97", "order_time": ["2019-01-11 22:35:37"], "total_order": 1, "hotel_value": ["4.8"], "hotel_price": ["160"]}, "14119383": {"hotel_name": "\u4e09\u4e9a\u6734\u5bbf\u8bbe\u8ba1\u6c11\u5bbf", "order_time": ["2019-01-11 22:35:39"], "total_order": 1, "hotel_value": ["4.7"], "hotel_price": ["178"]}, "443561": {"hotel_name": "\u4e09\u4e9a\u94f6\u5929\u5ea6\u5047\u9152\u5e97", "order_time": ["2019-01-11 22:35:42"], "total_order": 1, "hotel_value": ["4.3"], "hotel_price": ["221"]}, "835120": {"hotel_name": "\u4e09\u4e9a\u4e3d\u90fd\u6d77\u666f\u5546\u52a1\u9152\u5e97", "order_time": ["2019-01-11 22:37:42"], "total_order": 1, "hotel_value": ["4.1"], "hotel_price": ["184"]}, "791682": {"hotel_name": "\u4e09\u4e9a\u5929\u6daf\u751f\u6001\u56ed\u5ea6\u5047\u5c71\u5e84", "order_time": ["2019-01-11 22:37:44"], "total_order": 1, "hotel_value": ["4.6"], "hotel_price": ["123"]}, "6395268": {"hotel_name": "\u4e09\u4e9a\u60a6\u6d77\u5ea6\u5047\u6d0b\u623f\u522b\u5885", "order_time": ["2019-01-11 22:41:32"], "total_order": 1, "hotel_value": ["4.7"], "hotel_price": ["388"]}, "1379592": {"hotel_name": "\u683c\u6797\u8c6a\u6cf0(\u4e09\u4e9a\u51e4\u51f0\u673a\u573a\u8def\u5e97)", "order_time": ["2019-01-11 22:41:32"], "total_order": 1, "hotel_value": ["4.0"], "hotel_price": ["183"]}, "808618": {"hotel_name": "7\u5929\u8fde\u9501\u9152\u5e97(\u4e09\u4e9a\u4e09\u4e9a\u6e7e\u6d77\u666f\u5e97)", "order_time": ["2019-01-11 22:41:38"], "total_order": 1, "hotel_value": ["4.2"], "hotel_price": ["139"]}, "2893419": {"hotel_name": "\u6021\u83b1\u9152\u5e97(\u4e09\u4e9a\u89e3\u653e\u8def\u6b65\u884c\u8857\u5e97)(\u539f\u7b2c\u4e00\u5e02\u573a\u5e97)", "order_time": ["2019-01-11 22:41:39"], "total_order": 1, "hotel_value": ["3.9"], "hotel_price": ["109"]}, "25825346": {"hotel_name": "\u4e09\u4e9a\u6f6e\u5bbf\u90a6\u7cbe\u54c1\u516c\u5bd3", "order_time": ["2019-01-11 22:41:40"], "total_order": 1, "hotel_value": ["5.0"], "hotel_price": ["299"]}, "6388655": {"hotel_name": "\u4e09\u4e9a\u5411\u65e5\u8475\u6d77\u5cb8\u5ba2\u6808\u5e97", "order_time": ["2019-01-11 22:41:45"], "total_order": 1, "hotel_value": ["4.8"], "hotel_price": ["164"]}, "6422040": {"hotel_name": "\u4e09\u4e9a\u5317\u65b9\u65c5\u9986", "order_time": ["2019-01-11 22:41:48"], "total_order": 1, "hotel_value": [0], "hotel_price": ["123"]}, "5398745": {"hotel_name": "\u4e09\u4e9a\u897f\u85cf\u5927\u53a6\u5f00\u5143\u540d\u90fd\u9152\u5e97", "order_time": ["2019-01-11 22:43:31"], "total_order": 1, "hotel_value": ["4.7"], "hotel_price": ["448"]}, "481441": {"hotel_name": "\u4e09\u4e9a\u6e7e\u667a\u9009\u5047\u65e5\u9152\u5e97", "order_time": ["2019-01-11 22:43:31"], "total_order": 1, "hotel_value": ["4.3"], "hotel_price": ["268"]}, "6844747": {"hotel_name": "\u81ea\u5728\u7f8e\u6797\u6c34\u5c45\u9152\u5e97\u5f0f\u516c\u5bd3(\u4e09\u4e9a\u6e7e\u51e4\u51f0\u6c34\u57ce\u5e97)", "order_time": ["2019-01-11 22:43:32"], "total_order": 1, "hotel_value": ["4.7"], "hotel_price": ["318"]}, "25219265": {"hotel_name": "\u4e09\u4e9a\u7f18\u6765\u58f9\u5bb6\u5ba2\u6808", "order_time": ["2019-01-11 22:43:33"], "total_order": 1, "hotel_value": ["4.8"], "hotel_price": ["194"]}, "435983": {"hotel_name": "\u4e09\u4e9a\u4e9a\u9f99\u6e7e\u4eba\u95f4\u5929\u5802-\u9e1f\u5de2\u5ea6\u5047\u6751", "order_time": ["2019-01-11 22:43:33"], "total_order": 1, "hotel_value": ["4.6"], "hotel_price": ["1370"]}, "436683": {"hotel_name": "\u4e09\u4e9a\u5357\u4e2d\u56fd\u5927\u9152\u5e97", "order_time": ["2019-01-11 22:43:35"], "total_order": 1, "hotel_value": ["4.5"], "hotel_price": ["338"]}, "346690": {"hotel_name": "\u4e09\u4e9a\u94f6\u6cf0\u9633\u5149\u5ea6\u5047\u9152\u5e97(\u539f\u4e09\u4e9a\u6e58\u6295\u94f6\u6cf0\u5ea6\u5047\u9152\u5e97)", "order_time": ["2019-01-11 22:43:35"], "total_order": 1, "hotel_value": ["4.8"], "hotel_price": ["808"]}, "22416215": {"hotel_name": "\u4e09\u4e9a\u74e6\u683c\u7eb3\u6d77\u666f\u5ea6\u5047\u9152\u5e97", "order_time": ["2019-01-11 22:43:35"], "total_order": 1, "hotel_value": ["4.8"], "hotel_price": ["166"]}, "15280412": {"hotel_name": "\u4e09\u4e9a\u54c1\u5c1a\u827a\u672f\u4e3b\u9898\u5ba2\u6808", "order_time": ["2019-01-11 22:43:36"], "total_order": 1, "hotel_value": ["4.8"], "hotel_price": ["222"]}, "6503543": {"hotel_name": "\u4e09\u4e9a\u6c5f\u5357\u767e\u60a6\u5546\u52a1\u5927\u9152\u5e97", "order_time": ["2019-01-11 22:43:36"], "total_order": 1, "hotel_value": ["4.2"], "hotel_price": ["215"]}, "1720697": {"hotel_name": "\u4e09\u4e9a\u65b0\u5b87\u9152\u5e97", "order_time": ["2019-01-11 22:43:38"], "total_order": 1, "hotel_value": ["4.3"], "hotel_price": ["160"]}, "4545915": {"hotel_name": "\u4e09\u4e9a\u4e9a\u9f99\u6e7e\u534e\u5b87\u767e\u82b1\u8c37\u9152\u5e97(\u539f\u4e09\u4e9a\u4e9a\u9f99\u6e7e\u534e\u5b87\u5ea6\u5047\u9152\u5e97\u522b\u5885\u533a)", "order_time": ["2019-01-11 22:43:38"], "total_order": 1, "hotel_value": ["4.6"], "hotel_price": ["509"]}, "1718734": {"hotel_name": "\u4e09\u4e9a\u9633\u5149\u6d77\u666f\u516c\u5bd3\u9152\u5e97(\u5168\u6d77\u666f\u5957\u623f)", "order_time": ["2019-01-11 22:43:41"], "total_order": 1, "hotel_value": ["4.6"], "hotel_price": ["221"]}, "24036490": {"hotel_name": "\u4e09\u4e9a\u65f6\u5149\u5c0f\u820d\u6d77\u8fb9\u7cbe\u54c1\u5ba2\u6808", "order_time": ["2019-01-11 22:43:43"], "total_order": 1, "hotel_value": ["4.9"], "hotel_price": ["138"]}, "6653676": {"hotel_name": "\u4e09\u4e9a\u9038\u548c\u5047\u65e5\u4f4f\u5bbf", "order_time": ["2019-01-11 22:43:49"], "total_order": 1, "hotel_value": ["3.9"], "hotel_price": ["85"]}}}