{"\u5f00\u59cb\u8bb0\u5f55\u65f6\u95f4": "2019-01-08 17:09:53", "\u7ed3\u675f\u8bb0\u5f55\u65f6\u95f4": "2019-01-08 18:09:53", "\u8ba2\u5355\u603b\u589e\u91cf": 178, "item": {"384973": {"hotel_name": "\u4e09\u4e9a\u6d77\u68e0\u6e7e\u5f00\u7ef4\u4e07\u8fbe\u6587\u534e\u5ea6\u5047\u9152\u5e97", "order_time": ["2019-01-08 17:32:08", "2019-01-08 17:24:12", "2019-01-08 17:14:10", "2019-01-08 18:02:11", "2019-01-08 17:12:09"], "total_order": 5, "hotel_value": ["4.5", "4.5", "4.5", "4.5", "4.5"], "hotel_price": ["636", "636", "636", "636", "636"]}, "346676": {"hotel_name": "\u4e09\u4e9a\u56fd\u5149\u8c6a\u751f\u5ea6\u5047\u9152\u5e97", "order_time": ["2019-01-08 17:12:09"], "total_order": 1, "hotel_value": ["4.5"], "hotel_price": ["919"]}, "347462": {"hotel_name": "\u4e09\u4e9a\u6d77\u68e0\u6e7e9\u53f7\u5ea6\u5047\u9152\u5e97", "order_time": ["2019-01-08 17:12:09"], "total_order": 1, "hotel_value": ["4.7"], "hotel_price": ["726"]}, "707593": {"hotel_name": "\u4e09\u4e9a\u51e4\u51f0\u5c9b\u6d77\u6d0b\u4e4b\u661f\u5ea6\u5047\u9152\u5e97", "order_time": ["2019-01-08 17:12:09"], "total_order": 1, "hotel_value": ["4.7"], "hotel_price": ["540"]}, "22764616": {"hotel_name": "\u4e09\u4e9a\u6d77\u65ed\u660e\u6708\u6d77\u666f\u516c\u5bd3", "order_time": ["2019-01-08 17:12:11"], "total_order": 1, "hotel_value": ["4.9"], "hotel_price": ["200"]}, "12671479": {"hotel_name": "\u4e09\u4e9a\u6da6\u5fb7\u6e7f\u5730\u516c\u56ed\u9152\u5e97", "order_time": ["2019-01-08 17:12:12"], "total_order": 1, "hotel_value": ["4.7"], "hotel_price": ["384"]}, "344904": {"hotel_name": "\u4e09\u4e9a\u80dc\u610f\u5927\u9152\u5e97", "order_time": ["2019-01-08 17:58:15", "2019-01-08 17:12:14"], "total_order": 2, "hotel_value": ["4.7", "4.7"], "hotel_price": ["404", "404"]}, "440033": {"hotel_name": "Q\u52a0\u00b7\u4e09\u4e9a\u7f8e\u6021\u6d77\u5cb8\u5ba2\u6808", "order_time": ["2019-01-08 17:12:14"], "total_order": 1, "hotel_value": ["4.7"], "hotel_price": ["138"]}, "5988590": {"hotel_name": "\u4e09\u4e9a\u6e05\u6c34\u6e7e\u6bd4\u5229\u5f17\u6d77\u666f\u516c\u5bd3", "order_time": ["2019-01-08 17:12:16"], "total_order": 1, "hotel_value": ["4.8"], "hotel_price": ["220"]}, "993927": {"hotel_name": "\u5982\u5bb6\u5feb\u6377\u9152\u5e97(\u4e09\u4e9a\u5409\u9633\u4e9a\u9f99\u6e7e\u5e97)", "order_time": ["2019-01-08 17:12:18"], "total_order": 1, "hotel_value": ["4.6"], "hotel_price": ["140"]}, "1053702": {"hotel_name": "\u4e09\u4e9a\u540e\u6d77\u9a7f\u7ad9", "order_time": ["2019-01-08 17:12:21"], "total_order": 1, "hotel_value": ["4.6"], "hotel_price": ["142"]}, "896114": {"hotel_name": "\u4e09\u4e9a\u534a\u5c9b\u6d77\u666f\u5ea6\u5047\u516c\u5bd3", "order_time": ["2019-01-08 17:14:10"], "total_order": 1, "hotel_value": ["4.8"], "hotel_price": ["216"]}, "18075076": {"hotel_name": "\u4e09\u4e9a\u827e\u8a00\u9152\u5e97", "order_time": ["2019-01-08 17:14:13"], "total_order": 1, "hotel_value": ["4.8"], "hotel_price": ["335"]}, "15812110": {"hotel_name": "\u4e09\u4e9a\u7ea2\u5858\u6e7e\u5efa\u56fd\u5ea6\u5047\u9152\u5e97", "order_time": ["2019-01-08 17:14:13"], "total_order": 1, "hotel_value": ["4.7"], "hotel_price": ["288"]}, "454362": {"hotel_name": "\u4e09\u4e9a\u4ebf\u6e90\u8f69\u5b87\u5927\u9152\u5e97", "order_time": ["2019-01-08 17:14:13"], "total_order": 1, "hotel_value": ["4.6"], "hotel_price": ["422"]}, "6245445": {"hotel_name": "\u4e09\u4e9a\u8d1d\u65af\u7279\u97e6\u65af\u7279\u7cbe\u54c1\u56fd\u9645\u5ea6\u5047\u9152\u5e97", "order_time": ["2019-01-08 17:14:16"], "total_order": 1, "hotel_value": ["4.6"], "hotel_price": ["468"]}, "437377": {"hotel_name": "\u4e09\u4e9a\u6d77\u68e0\u6e7e\u5fa1\u6d77\u68e0\u8c6a\u534e\u7cbe\u9009\u5ea6\u5047\u9152\u5e97", "order_time": ["2019-01-08 17:14:17"], "total_order": 1, "hotel_value": ["4.7"], "hotel_price": ["900"]}, "801220": {"hotel_name": "\u4e09\u4e9a\u91d1\u5170\u6e7e\u8c6a\u5b85\u6d77\u666f\u5ea6\u5047\u516c\u5bd3", "order_time": ["2019-01-08 17:14:17"], "total_order": 1, "hotel_value": ["4.6"], "hotel_price": ["233"]}, "4035288": {"hotel_name": "\u4e09\u4e9a\u9752\u6d77\u5927\u53a6", "order_time": ["2019-01-08 17:14:20"], "total_order": 1, "hotel_value": ["4.4"], "hotel_price": ["445"]}, "5879750": {"hotel_name": "\u4e09\u4e9a\u6d77\u68e0\u6e7e517\u9a7f\u7ad9\u9752\u5e74\u65c5\u793e", "order_time": ["2019-01-08 17:14:20"], "total_order": 1, "hotel_value": ["4.7"], "hotel_price": ["42"]}, "346768": {"hotel_name": "\u4e09\u4e9a\u534a\u5c71\u9526\u6c5f\u6d77\u666f\u5ea6\u5047\u9152\u5e97(\u8d35\u5bbe\u697c)", "order_time": ["2019-01-08 17:16:12"], "total_order": 1, "hotel_value": ["4.6"], "hotel_price": ["431"]}, "14996879": {"hotel_name": "\u4e09\u4e9a\u6d77\u68e0\u6e7e\u4ec1\u6052\u7687\u51a0\u5047\u65e5\u5ea6\u5047\u9152\u5e97", "order_time": ["2019-01-08 17:16:13"], "total_order": 1, "hotel_value": ["4.8"], "hotel_price": ["1805"]}, "371722": {"hotel_name": "\u4e09\u4e9a\u4e9a\u9f99\u6e7e\u91d1\u68d5\u6988\u5ea6\u5047\u9152\u5e97", "order_time": ["2019-01-08 17:16:13"], "total_order": 1, "hotel_value": ["4.6"], "hotel_price": ["450"]}, "6476957": {"hotel_name": "\u4e09\u4e9a\u5174\u5b89\u957f\u5cf0\u5927\u9152\u5e97", "order_time": ["2019-01-08 17:16:13"], "total_order": 1, "hotel_value": ["4.5"], "hotel_price": ["288"]}, "440685": {"hotel_name": "\u4e09\u4e9a\u7389\u6d77\u56fd\u9645\u5ea6\u5047\u9152\u5e97", "order_time": ["2019-01-08 17:16:13"], "total_order": 1, "hotel_value": ["4.5"], "hotel_price": ["260"]}, "1561957": {"hotel_name": "\u6d77\u5357\u6e05\u6c34\u6e7e\u963f\u7f57\u54c8\u7231\u7434\u6d77\u666f\u5957\u623f\u5ea6\u5047\u9152\u5e97", "order_time": ["2019-01-08 17:16:13"], "total_order": 1, "hotel_value": ["4.7"], "hotel_price": ["458"]}, "372133": {"hotel_name": "\u4e09\u4e9a\u73e0\u6c5f\u82b1\u56ed\u9152\u5e97", "order_time": ["2019-01-08 17:16:15", "2019-01-08 17:44:15"], "total_order": 2, "hotel_value": ["4.4", "4.4"], "hotel_price": ["390", "390"]}, "5764385": {"hotel_name": "517\u9a91\u884c\u9a7f\u7ad9(\u4e09\u4e9a\u5927\u4e1c\u6d77\u5e97)", "order_time": ["2019-01-08 17:16:23"], "total_order": 1, "hotel_value": ["4.5"], "hotel_price": ["41"]}, "468875": {"hotel_name": "\u6674\u5929\u7389\u6ee9\u6d77\u666f\u5ea6\u5047\u516c\u5bd3(\u4e09\u4e9a\u6e7e\u5e97)", "order_time": ["2019-01-08 17:18:09"], "total_order": 1, "hotel_value": ["4.1"], "hotel_price": ["142"]}, "346735": {"hotel_name": "\u4e09\u4e9a\u5357\u7530\u6e29\u6cc9\u597d\u6c49\u5761\u56fd\u9645\u5ea6\u5047\u9152\u5e97", "order_time": ["2019-01-08 17:34:11", "2019-01-08 17:18:11"], "total_order": 2, "hotel_value": ["4.3", "4.3"], "hotel_price": ["346", "346"]}, "2372110": {"hotel_name": "\u4e09\u4e9a\u6d77\u697c\u4e91\u6708\u6d77\u666f\u5ea6\u5047\u516c\u5bd3", "order_time": ["2019-01-08 17:18:12"], "total_order": 1, "hotel_value": ["4.5"], "hotel_price": ["233"]}, "6106463": {"hotel_name": "\u4e09\u4e9a\u7f8e\u4e9a\u56db\u5b63\u9152\u5e97", "order_time": ["2019-01-08 17:18:13"], "total_order": 1, "hotel_value": ["4.6"], "hotel_price": ["324"]}, "8074206": {"hotel_name": "\u4e09\u4e9a\u7f8e\u4e3d\u6d77\u5cb8\u6d77\u666f\u5ea6\u5047\u516c\u5bd3(\u4e09\u4e9a\u6e7e\u5e97)", "order_time": ["2019-01-08 17:18:15"], "total_order": 1, "hotel_value": ["4.9"], "hotel_price": ["298"]}, "374842": {"hotel_name": "\u4e09\u4e9a\u6e7e\u6d77\u5c45\u94c2\u5c14\u66fc\u5ea6\u5047\u9152\u5e97", "order_time": ["2019-01-08 17:18:15"], "total_order": 1, "hotel_value": ["4.7"], "hotel_price": ["835"]}, "16897771": {"hotel_name": "\u4e09\u4e9a\u6d77\u68e0\u6e7e\u9e93\u6e56\u5ea6\u5047\u9152\u5e97", "order_time": ["2019-01-08 17:18:16"], "total_order": 1, "hotel_value": ["4.7"], "hotel_price": ["653"]}, "2266347": {"hotel_name": "\u4f9d\u6d77\u4f73\u7f18\u6d77\u666f\u5957\u623f\u516c\u5bd3(\u4e09\u4e9a\u6e7e\u5e97)", "order_time": ["2019-01-08 17:18:16"], "total_order": 1, "hotel_value": ["4.9"], "hotel_price": ["368"]}, "6388655": {"hotel_name": "\u4e09\u4e9a\u5411\u65e5\u8475\u6d77\u5cb8\u5ba2\u6808\u5e97", "order_time": ["2019-01-08 17:18:18"], "total_order": 1, "hotel_value": ["4.8"], "hotel_price": ["146"]}, "1415812": {"hotel_name": "\u4e09\u4e9a\u4e00\u51e1\u98ce\u60c5\u5047\u65e5\u9152\u5e97", "order_time": ["2019-01-08 17:18:19"], "total_order": 1, "hotel_value": ["4.0"], "hotel_price": ["153"]}, "25634977": {"hotel_name": "\u4e09\u4e9a\u827e\u514b\u5a01\u9152\u5e97", "order_time": ["2019-01-08 17:18:40"], "total_order": 1, "hotel_value": ["4.9"], "hotel_price": ["343"]}, "15226316": {"hotel_name": "TOWO\u4e0a\u54c1\u9152\u5e97(\u4e09\u4e9a\u6e7e\u5e97)", "order_time": ["2019-01-08 17:20:08"], "total_order": 1, "hotel_value": ["4.6"], "hotel_price": ["170"]}, "12104544": {"hotel_name": "\u60a6\u746d\u00b7\u4e09\u4e9a\u6d77\u7cbe\u9009\u9152\u5e97", "order_time": ["2019-01-08 17:20:08"], "total_order": 1, "hotel_value": ["4.8"], "hotel_price": ["243"]}, "17325404": {"hotel_name": "\u4e09\u4e9a\u6d1b\u514b\u94c2\u91d1\u6d77\u666f\u9152\u5e97", "order_time": ["2019-01-08 17:20:09"], "total_order": 1, "hotel_value": ["4.4"], "hotel_price": ["479"]}, "346766": {"hotel_name": "\u4e09\u4e9a\u4e9a\u9f99\u6e7e\u51ef\u83b1\u4ed9\u4eba\u638c\u5ea6\u5047\u9152\u5e97", "order_time": ["2019-01-08 17:20:09"], "total_order": 1, "hotel_value": ["4.6"], "hotel_price": ["423"]}, "25219265": {"hotel_name": "\u4e09\u4e9a\u7f18\u6765\u58f9\u5bb6\u5ba2\u6808", "order_time": ["2019-01-08 17:20:12"], "total_order": 1, "hotel_value": ["4.8"], "hotel_price": ["188"]}, "345080": {"hotel_name": "\u4e09\u4e9a\u4e9a\u9f99\u6e7e\u559c\u6765\u767b\u5ea6\u5047\u9152\u5e97", "order_time": ["2019-01-08 17:20:13", "2019-01-08 17:30:09"], "total_order": 2, "hotel_value": ["4.6", "4.6"], "hotel_price": ["1051", "1051"]}, "346702": {"hotel_name": "\u4e09\u4e9a\u8fb0\u5149\u514b\u62c9\u7801\u5934\u9152\u5e97", "order_time": ["2019-01-08 17:30:10", "2019-01-08 17:20:14"], "total_order": 2, "hotel_value": ["4.6", "4.6"], "hotel_price": ["380", "380"]}, "5951247": {"hotel_name": "\u4e09\u4e9a\u89c5\u6d77\u5ba2\u6808", "order_time": ["2019-01-08 17:20:17"], "total_order": 1, "hotel_value": ["4.6"], "hotel_price": ["107"]}, "1315499": {"hotel_name": "\u4e09\u4e9a\u8001\u73ed\u957f\u56fd\u9645\u9752\u5e74\u65c5\u820d", "order_time": ["2019-01-08 17:22:09"], "total_order": 1, "hotel_value": ["4.5"], "hotel_price": ["52"]}, "4410283": {"hotel_name": "\u4e09\u4e9a\u5b50\u60a6\u5eb7\u5e74\u9152\u5e97(\u539f\u4e2d\u94c1\u5b50\u60a6\u5eb7\u5e74\u5546\u52a1\u9152\u5e97)", "order_time": ["2019-01-08 18:08:09", "2019-01-08 18:06:13", "2019-01-08 17:44:15", "2019-01-08 17:22:10"], "total_order": 4, "hotel_value": ["4.6", "4.6", "4.6", "4.6"], "hotel_price": ["373", "373", "373", "373"]}, "6460482": {"hotel_name": "\u4e09\u4e9a\u4e9a\u9f99\u6e7e\u751f\u547d\u6cc9\u7cbe\u54c1\u5ea6\u5047\u9152\u5e97", "order_time": ["2019-01-08 17:22:10"], "total_order": 1, "hotel_value": ["4.7"], "hotel_price": ["380"]}, "21931169": {"hotel_name": "\u4e09\u4e9a\u946b\u8c6a\u82d1\u9152\u5e97", "order_time": ["2019-01-08 17:22:10"], "total_order": 1, "hotel_value": ["4.6"], "hotel_price": ["198"]}, "4371952": {"hotel_name": "\u4e09\u4e9a\u534e\u5b87\u4e9a\u9f99\u6e7e\u8fce\u5bbe\u9986", "order_time": ["2019-01-08 17:22:15"], "total_order": 1, "hotel_value": ["4.8"], "hotel_price": ["899"]}, "1682691": {"hotel_name": "\u4e09\u4e9a\u4eac\u6d77\u56fd\u9645\u5047\u65e5\u9152\u5e97", "order_time": ["2019-01-08 17:22:17", "2019-01-08 17:58:14"], "total_order": 2, "hotel_value": ["4.6", "4.6"], "hotel_price": ["572", "572"]}, "1379655": {"hotel_name": "\u4e09\u4e9a\u6d6a\u6f2b\u6d77\u666f\u516c\u5bd3", "order_time": ["2019-01-08 17:22:17"], "total_order": 1, "hotel_value": ["4.8"], "hotel_price": ["268"]}, "1055585": {"hotel_name": "\u9e97\u67ab\u9152\u5e97(\u4e09\u4e9a\u6e7e\u5409\u7965\u8857\u5e97)", "order_time": ["2019-01-08 17:22:17", "2019-01-08 17:36:15"], "total_order": 2, "hotel_value": ["4.7", "4.7"], "hotel_price": ["199", "199"]}, "19107609": {"hotel_name": "\u4e09\u4e9a\u8054\u6295\u541b\u4ead\u9152\u5e97", "order_time": ["2019-01-08 17:24:11"], "total_order": 1, "hotel_value": ["4.6"], "hotel_price": ["498"]}, "6405320": {"hotel_name": "\u4e09\u4e9a\u4e9a\u9f99\u6e7e\u6728\u843d\u5ba2\u6808", "order_time": ["2019-01-08 17:24:14", "2019-01-08 18:04:10", "2019-01-08 18:02:14"], "total_order": 3, "hotel_value": ["4.5", "4.5", "4.5"], "hotel_price": ["130", "130", "130"]}, "3197195": {"hotel_name": "\u54ea\u91cc\u90a3\u91cc\u6d77\u5cb8\u7cbe\u54c1\u5ba2\u6808(\u4e09\u4e9a\u4e9a\u9f99\u6e7e\u5e97)", "order_time": ["2019-01-08 17:24:16"], "total_order": 1, "hotel_value": ["4.8"], "hotel_price": ["213"]}, "1061478": {"hotel_name": "\u4e45\u6816\u00b7\u4e09\u4e9aiHome\u6d77\u666f\u5ea6\u5047\u516c\u5bd3", "order_time": ["2019-01-08 17:24:17"], "total_order": 1, "hotel_value": ["4.7"], "hotel_price": ["445"]}, "17140010": {"hotel_name": "\u4e09\u4e9a\u60a6\u670b\u00b7\u6d77\u534a\u95f4\u4eba\u6587\u8bbe\u8ba1\u6d77\u666f\u9152\u5e97", "order_time": ["2019-01-08 17:24:17"], "total_order": 1, "hotel_value": ["4.8"], "hotel_price": ["391"]}, "473368": {"hotel_name": "\u5982\u5bb6\u6d3e\u67cf\u00b7\u4e91\u9152\u5e97(\u4e09\u4e9a\u9e7f\u56de\u5934\u516c\u56ed\u6d77\u666f\u5e97)(\u539f\u661f\u5ea7\u9152\u5e97)", "order_time": ["2019-01-08 17:24:17"], "total_order": 1, "hotel_value": [0], "hotel_price": ["147"]}, "1480855": {"hotel_name": "\u4e09\u4e9a\u51ef\u5e1d\u6d77\u666f\u9152\u5e97", "order_time": ["2019-01-08 17:26:18", "2019-01-08 17:24:25"], "total_order": 2, "hotel_value": ["4.5", "4.5"], "hotel_price": ["112", "112"]}, "854467": {"hotel_name": "\u4e09\u4e9a\u67d2\u73a5\u6d77\u8bed\u6d77\u666f\u4e3b\u9898\u9152\u5e97", "order_time": ["2019-01-08 17:26:10"], "total_order": 1, "hotel_value": ["4.6"], "hotel_price": ["109"]}, "1416242": {"hotel_name": "\u4e09\u4e9a\u7389\u84dd\u6e7e\u6d77\u666f\u9152\u5e97", "order_time": ["2019-01-08 17:26:11"], "total_order": 1, "hotel_value": ["4.6"], "hotel_price": ["133"]}, "8616662": {"hotel_name": "\u4e09\u4e9a\u62fe\u5149\u96c6\u827a\u672f\u4e3b\u9898\u9152\u5e97(\u539f\u4e09\u4e9a\u62fe\u5149\u96c6\u7cbe\u54c1\u6c11\u5bbf)", "order_time": ["2019-01-08 17:26:13"], "total_order": 1, "hotel_value": ["4.8"], "hotel_price": ["178"]}, "12184321": {"hotel_name": "\u4e09\u4e9a\u7d2b\u6930\u6797\u6d77\u5cb8\u4e3b\u9898\u9152\u5e97", "order_time": ["2019-01-08 17:44:10", "2019-01-08 17:26:15"], "total_order": 2, "hotel_value": ["4.4", "4.4"], "hotel_price": ["107", "107"]}, "371696": {"hotel_name": "\u4e09\u4e9a\u590f\u5a01\u5937\u5927\u9152\u5e97", "order_time": ["2019-01-08 17:26:15"], "total_order": 1, "hotel_value": ["4.4"], "hotel_price": ["263"]}, "3797635": {"hotel_name": "\u4e09\u4e9a\u5bcc\u5bb6\u5546\u52a1\u65c5\u79df(\u539f\u5706\u68a6\u5546\u52a1\u9152\u5e97)", "order_time": ["2019-01-08 17:26:20"], "total_order": 1, "hotel_value": ["4.6"], "hotel_price": ["156"]}, "7660007": {"hotel_name": "\u4e09\u4e9a\u767e\u9999\u679c\u7279\u8272\u4e3b\u9898\u5ba2\u6808", "order_time": ["2019-01-08 17:28:13"], "total_order": 1, "hotel_value": ["4.7"], "hotel_price": ["148"]}, "6635244": {"hotel_name": "\u4e09\u4e9a\u6893\u8def\u5ba2\u6808", "order_time": ["2019-01-08 17:28:13"], "total_order": 1, "hotel_value": ["4.7"], "hotel_price": ["126"]}, "6656398": {"hotel_name": "\u4e09\u4e9a\u6d77\u68e0\u6e7e\u6797\u65fa\u6d77\u6e90\u5546\u52a1\u9152\u5e97(\u8708\u652f\u6d32\u5c9b\u5e97)", "order_time": ["2019-01-08 17:28:15"], "total_order": 1, "hotel_value": ["4.3"], "hotel_price": ["104"]}, "18425048": {"hotel_name": "\u4e09\u4e9a\u4e9a\u9f99\u6e7e\u4e1b\u6797\u5c0f\u7b51\u65c5\u79df", "order_time": ["2019-01-08 17:28:17"], "total_order": 1, "hotel_value": ["4.9"], "hotel_price": ["125"]}, "3732039": {"hotel_name": "\u4e09\u4e9a\u6d77\u68e0\u6e7e\u6bd4\u90bbnear\u6930\u6797\u7f8e\u5bbf(\u539f\u6bd4\u90bb\u6cf3\u6c60\u5ea6\u5047\u7cbe\u54c1\u5ba2\u6808)", "order_time": ["2019-01-08 17:30:16"], "total_order": 1, "hotel_value": ["4.5"], "hotel_price": ["286"]}, "457450": {"hotel_name": "\u4e09\u4e9a\u534a\u5c71\u534a\u5c9b\u5b89\u7eb3\u5854\u62c9\u5ea6\u5047\u9152\u5e97", "order_time": ["2019-01-08 17:30:17"], "total_order": 1, "hotel_value": ["4.5"], "hotel_price": ["788"]}, "6327433": {"hotel_name": "\u4e09\u4e9a\u9999\u6c34\u6e7e\u8363\u9038\u6e29\u60c5\u9152\u5e97", "order_time": ["2019-01-08 17:30:35"], "total_order": 1, "hotel_value": ["4.7"], "hotel_price": ["356"]}, "1486685": {"hotel_name": "\u4e09\u4e9a\u51e4\u51f0\u5c9b\u5ea6\u5047\u9152\u5e97", "order_time": ["2019-01-08 17:30:40", "2019-01-08 17:34:13"], "total_order": 2, "hotel_value": ["4.7", "4.7"], "hotel_price": ["958", "958"]}, "345522": {"hotel_name": "\u4e09\u4e9a\u5929\u57df\u5ea6\u5047\u9152\u5e97", "order_time": ["2019-01-08 17:30:41"], "total_order": 1, "hotel_value": ["4.8"], "hotel_price": ["799"]}, "3385222": {"hotel_name": "\u4e09\u4e9a\u6d77\u60a6\u4e1c\u65b9\u9152\u5e97", "order_time": ["2019-01-08 17:32:09"], "total_order": 1, "hotel_value": ["4.4"], "hotel_price": ["105"]}, "1284874": {"hotel_name": "\u4e09\u4e9a\u9999\u683c\u91cc\u62c9\u5ea6\u5047\u9152\u5e97", "order_time": ["2019-01-08 17:32:11"], "total_order": 1, "hotel_value": ["4.6"], "hotel_price": ["816"]}, "345553": {"hotel_name": "\u4e09\u4e9a\u4e9a\u9f99\u6e7e\u7ea2\u6811\u6797\u5ea6\u5047\u9152\u5e97", "order_time": ["2019-01-08 17:32:12"], "total_order": 1, "hotel_value": ["4.7"], "hotel_price": ["888"]}, "6007926": {"hotel_name": "\u4e09\u4e9a\u827e\u8fea\u900a\u9152\u5e97", "order_time": ["2019-01-08 17:32:12"], "total_order": 1, "hotel_value": ["4.7"], "hotel_price": ["1448"]}, "1254854": {"hotel_name": "\u4e09\u4e9aWWW\u6d77\u666f\u516c\u5bd3", "order_time": ["2019-01-08 17:32:12"], "total_order": 1, "hotel_value": ["4.8"], "hotel_price": ["183"]}, "1874773": {"hotel_name": "\u4e09\u4e9a\u6d77\u68e0\u6e7e\u798f\u6e7e\u5ea6\u5047\u516c\u5bd3(\u539f\u6d77\u68e0\u798f\u6e7e\u9ad8\u7ea7\u6d77\u666f\u516c\u5bd3)", "order_time": ["2019-01-08 17:32:14"], "total_order": 1, "hotel_value": ["4.8"], "hotel_price": ["420"]}, "10821256": {"hotel_name": "\u4e09\u4e9a\u9752\u79be\u53f6\u82b1\u56ed\u522b\u5885", "order_time": ["2019-01-08 17:32:17"], "total_order": 1, "hotel_value": ["4.8"], "hotel_price": ["252"]}, "6345626": {"hotel_name": "\u67cf\u680e\u5ea6\u5047\u9152\u5e97(\u4e09\u4e9a\u5343\u53e4\u60c5\u5e97)", "order_time": ["2019-01-08 17:34:11"], "total_order": 1, "hotel_value": ["4.5"], "hotel_price": ["362"]}, "1185042": {"hotel_name": "\u4e09\u4e9a\u6e7e\u7ea2\u6811\u6797\u5ea6\u5047\u4e16\u754c(\u83e9\u63d0\u9152\u5e97)", "order_time": ["2019-01-08 17:34:12"], "total_order": 1, "hotel_value": ["4.7"], "hotel_price": ["548"]}, "3362163": {"hotel_name": "\u4e09\u4e9a\u54c8\u66fc\u5ea6\u5047\u9152\u5e97", "order_time": ["2019-01-08 17:34:12"], "total_order": 1, "hotel_value": ["4.7"], "hotel_price": ["628"]}, "6504155": {"hotel_name": "\u4e09\u4e9a\u552f\u66fc\u6735\u6d77\u666f\u5957\u623f\u5ea6\u5047\u516c\u5bd3", "order_time": ["2019-01-08 17:34:13"], "total_order": 1, "hotel_value": ["4.8"], "hotel_price": ["309"]}, "14249344": {"hotel_name": "\u4e09\u4e9a\u4e9a\u7279\u5170\u8482\u65af\u9152\u5e97", "order_time": ["2019-01-08 17:34:13"], "total_order": 1, "hotel_value": ["4.6"], "hotel_price": ["3088"]}, "26535660": {"hotel_name": "\u4e09\u4e9a\u7231\u5fc5\u4fac\u68e0\u6e7e\u5ea6\u5047\u516c\u5bd3", "order_time": ["2019-01-08 17:34:13"], "total_order": 1, "hotel_value": ["4.5"], "hotel_price": ["880"]}, "514355": {"hotel_name": "\u4e09\u4e9a\u65c5\u5de2\u6d77\u666f\u5ea6\u5047\u516c\u5bd3", "order_time": ["2019-01-08 17:34:13"], "total_order": 1, "hotel_value": ["4.7"], "hotel_price": ["220"]}, "436673": {"hotel_name": "\u4e09\u4e9a\u9e7f\u5cad\u6d77\u6e7e\u7ef4\u666f\u56fd\u9645\u5927\u9152\u5e97(\u539f\u4e09\u4e9a\u6d77\u6e7e\u7ef4\u666f\u56fd\u9645\u5927\u9152\u5e97)", "order_time": ["2019-01-08 17:34:14"], "total_order": 1, "hotel_value": ["4.6"], "hotel_price": ["372"]}, "345069": {"hotel_name": "\u4e09\u4e9a\u6d77\u68e0\u6e7e\u4e07\u8fbe\u5e0c\u5c14\u987f\u9038\u6797\u5ea6\u5047\u9152\u5e97", "order_time": ["2019-01-08 17:34:17"], "total_order": 1, "hotel_value": ["4.5"], "hotel_price": ["630"]}, "375179": {"hotel_name": "\u4e09\u4e9a\u6e7e\u7ea2\u6811\u6797\u5ea6\u5047\u4e16\u754c(\u6728\u68c9\u9152\u5e97)", "order_time": ["2019-01-08 17:34:17"], "total_order": 1, "hotel_value": ["4.6"], "hotel_price": ["536"]}, "3002283": {"hotel_name": "\u4e09\u4e9a\u60a6\u5ba2\u6808\u4e3b\u9898\u9152\u5e97", "order_time": ["2019-01-08 17:40:14", "2019-01-08 17:34:25"], "total_order": 2, "hotel_value": ["4.5", "4.5"], "hotel_price": ["95", "95"]}, "1484444": {"hotel_name": "\u4e09\u4e9a\u6ee8\u83b1\u5047\u65e5\u5bbe\u9986", "order_time": ["2019-01-08 17:34:33", "2019-01-08 17:42:21"], "total_order": 2, "hotel_value": ["4.1", "4.1"], "hotel_price": ["72", "72"]}, "6684663": {"hotel_name": "\u4e09\u4e9a\u6d77\u68e0\u6e7e\u67cf\u4e3d\u5ea6\u5047\u9152\u5e97", "order_time": ["2019-01-08 17:36:12"], "total_order": 1, "hotel_value": ["4.3"], "hotel_price": ["242"]}, "1419670": {"hotel_name": "\u84dd\u5929\u56fd\u9645\u9752\u5e74\u65c5\u820d(\u4e09\u4e9a\u5927\u4e1c\u6d77\u5e97)", "order_time": ["2019-01-08 17:36:12"], "total_order": 1, "hotel_value": ["4.7"], "hotel_price": ["50"]}, "13692378": {"hotel_name": "\u4e09\u4e9a\u98ce\u7434\u6e7e\u6d77\u666f\u516c\u5bd3", "order_time": ["2019-01-08 17:38:18", "2019-01-08 17:36:12"], "total_order": 2, "hotel_value": ["4.9", "4.9"], "hotel_price": ["188", "188"]}, "2574467": {"hotel_name": "\u4e09\u4e9a\u5609\u65fa\u5bb6\u5ead\u65c5\u9986", "order_time": ["2019-01-08 17:36:17"], "total_order": 1, "hotel_value": ["4.1"], "hotel_price": ["123"]}, "11654974": {"hotel_name": "\u5c0f\u9e7f\u8fb0\u5ba2\u6d77\u666f\u5ea6\u5047\u516c\u5bd3(\u4e09\u4e9a\u5927\u4e1c\u6d77\u5e97)", "order_time": ["2019-01-08 17:36:17"], "total_order": 1, "hotel_value": ["4.9"], "hotel_price": ["135"]}, "1361281": {"hotel_name": "\u4e09\u4e9a\u6e7e\u7ea2\u6811\u6797\u5ea6\u5047\u4e16\u754c(\u6930\u6797\u9152\u5e97)", "order_time": ["2019-01-08 17:36:19"], "total_order": 1, "hotel_value": ["4.7"], "hotel_price": ["526"]}, "11052603": {"hotel_name": "\u4e09\u4e9a\u4e0e\u6d77\u5171\u671d\u65c5\u79df(\u539f\u5929\u6daf\u5c45\u5c9b\u4e4b\u5317\u5ba2\u6808)", "order_time": ["2019-01-08 17:36:20"], "total_order": 1, "hotel_value": ["4.7"], "hotel_price": ["126"]}, "428289": {"hotel_name": "\u5982\u5bb6\u5feb\u6377\u9152\u5e97(\u4e09\u4e9a\u89e3\u653e\u8def\u65b0\u98ce\u8857\u4e09\u4e9a\u6e7e\u5e97)", "order_time": ["2019-01-08 17:36:46"], "total_order": 1, "hotel_value": ["4.3"], "hotel_price": ["182"]}, "1701208": {"hotel_name": "\u4e09\u4e9a8\u6beb\u7c73\u6d77\u666f\u5ba2\u6808", "order_time": ["2019-01-08 17:38:15"], "total_order": 1, "hotel_value": ["4.5"], "hotel_price": ["169"]}, "2021754": {"hotel_name": "\u4e09\u4e9a\u4fdd\u5229\u5929\u827a\u51e4\u51f0\u9152\u5e97", "order_time": ["2019-01-08 17:38:17"], "total_order": 1, "hotel_value": ["4.4"], "hotel_price": ["322"]}, "1645771": {"hotel_name": "\u4e09\u4e9a\u68c0\u987a\u5546\u52a1\u9152\u5e97(\u539f\u805a\u946b\u56ed\u5546\u52a1\u9152\u5e97)", "order_time": ["2019-01-08 17:38:19"], "total_order": 1, "hotel_value": ["4.2"], "hotel_price": ["179"]}, "5647540": {"hotel_name": "\u4e03\u68f5\u6811\u5927\u6811\u9152\u5e97(\u4e09\u4e9a\u7f8e\u4e3d\u4e4b\u51a0\u5e97)(\u539f\u7f8e\u4e3d\u4e4b\u51a0\u4e5d\u68f5\u5927\u6811\u9152\u5e97)", "order_time": ["2019-01-08 17:40:14"], "total_order": 1, "hotel_value": ["4.3"], "hotel_price": ["194"]}, "7082759": {"hotel_name": "\u4e09\u4e9a\u5fa1\u6d77\u65f6\u4ee3\u6d77\u666f\u5ea6\u5047\u522b\u9986", "order_time": ["2019-01-08 17:40:16", "2019-01-08 17:48:16"], "total_order": 2, "hotel_value": ["4.9", "4.9"], "hotel_price": ["280", "280"]}, "8577371": {"hotel_name": "\u5ad2\u5c1a\u6d77\u666f\u5ea6\u5047\u516c\u5bd3(\u4e09\u4e9a\u5927\u4e1c\u6d77\u5e97)", "order_time": ["2019-01-08 17:40:25"], "total_order": 1, "hotel_value": [0], "hotel_price": ["281"]}, "436677": {"hotel_name": "\u4e09\u4e9a\u4e3d\u666f\u6d77\u6e7e\u9152\u5e97", "order_time": ["2019-01-08 17:42:09"], "total_order": 1, "hotel_value": ["4.6"], "hotel_price": ["315"]}, "1315187": {"hotel_name": "\u7267\u6d77\u65c5\u820d(\u4e09\u4e9a\u6d77\u5cb8\u540d\u90fd\u5e97)", "order_time": ["2019-01-08 17:42:12"], "total_order": 1, "hotel_value": ["4.9"], "hotel_price": ["220"]}, "1651443": {"hotel_name": "\u5c1a\u5ba2\u4f18\u5feb\u6377\u9152\u5e97(\u4e09\u4e9a\u6e7e\u5e97)", "order_time": ["2019-01-08 17:44:11"], "total_order": 1, "hotel_value": ["3.9"], "hotel_price": ["112"]}, "436696": {"hotel_name": "\u4e09\u4e9a\u6930\u84dd\u6e7e\u5ea6\u5047\u9152\u5e97", "order_time": ["2019-01-08 17:44:15"], "total_order": 1, "hotel_value": ["4.4"], "hotel_price": ["298"]}, "5830820": {"hotel_name": "\u96e8\u6797\u6f2b\u6b65\u5ea6\u5047\u6d0b\u623f\u522b\u5885(\u4e09\u4e9a\u4e9a\u9f99\u6e7e\u516c\u4e3b\u90e1\u5e97)", "order_time": ["2019-01-08 17:44:32"], "total_order": 1, "hotel_value": ["4.3"], "hotel_price": ["298"]}, "1350444": {"hotel_name": "\u4e09\u4e9a\u7f8e\u6866\u5546\u52a1\u516c\u5bd3", "order_time": ["2019-01-08 17:46:17"], "total_order": 1, "hotel_value": ["4.3"], "hotel_price": ["89"]}, "6476167": {"hotel_name": "\u4e09\u4e9a\u60a6\u5c1a\u6d77\u666f\u5ea6\u5047\u516c\u5bd3", "order_time": ["2019-01-08 17:48:09"], "total_order": 1, "hotel_value": ["4.7"], "hotel_price": ["293"]}, "6327435": {"hotel_name": "\u4e09\u4e9a\u604b\u590f\u00b7\u8f7b\u5962\u6d77\u666f\u516c\u5bd3", "order_time": ["2019-01-08 17:48:10"], "total_order": 1, "hotel_value": ["4.8"], "hotel_price": ["105"]}, "25768287": {"hotel_name": "\u4e09\u4e9a\u5357\u590f\u51ef\u83b1\u60a6\u4eab\u9152\u5e97", "order_time": ["2019-01-08 17:48:10"], "total_order": 1, "hotel_value": ["4.8"], "hotel_price": ["308"]}, "6402325": {"hotel_name": "\u4e09\u4e9a\u7b49\u82b1\u513f\u5f00\u827a\u672f\u6c11\u5bbf", "order_time": ["2019-01-08 17:48:15"], "total_order": 1, "hotel_value": ["4.7"], "hotel_price": ["126"]}, "21093178": {"hotel_name": "\u4e09\u4e9a\u60c5\u6d77\u4e00\u5bbf\u65c5\u79df", "order_time": ["2019-01-08 17:48:17"], "total_order": 1, "hotel_value": ["4.8"], "hotel_price": ["153"]}, "1619635": {"hotel_name": "\u4e09\u4e9a\u6930\u5b50\u5c9b\u4e3b\u9898\u9152\u5e97", "order_time": ["2019-01-08 17:48:18"], "total_order": 1, "hotel_value": ["3.1"], "hotel_price": ["141"]}, "3358744": {"hotel_name": "\u4e09\u4e9a\u8346\u68d8\u9e1f\u9752\u5e74\u65c5\u820d", "order_time": ["2019-01-08 17:48:19"], "total_order": 1, "hotel_value": ["4.4"], "hotel_price": ["46"]}, "1302656": {"hotel_name": "\u4e09\u4e9a\u7231\u4e3d\u5c0f\u820d\u4e3b\u9898\u5ba2\u6808", "order_time": ["2019-01-08 17:50:09"], "total_order": 1, "hotel_value": ["4.6"], "hotel_price": ["137"]}, "3181378": {"hotel_name": "\u4e91\u4e0a\u65f6\u5149\u5ba2\u6808(\u4e09\u4e9a\u8708\u652f\u6d32\u5c9b\u5e97)(\u539f\u4e91\u4e0a\u6c99\u6ee9\u522b\u9662)", "order_time": ["2019-01-08 17:50:10"], "total_order": 1, "hotel_value": ["4.4"], "hotel_price": ["58"]}, "6315469": {"hotel_name": "\u4e09\u4e9a\u6765\u5566\u5230\u5566\u4e3b\u9898\u9152\u5e97", "order_time": ["2019-01-08 17:50:10"], "total_order": 1, "hotel_value": ["4.8"], "hotel_price": ["170"]}, "4841962": {"hotel_name": "\u4e09\u4e9a\u7231\u7b51\u6545\u4e8b\u5ba2\u6808", "order_time": ["2019-01-08 17:50:11"], "total_order": 1, "hotel_value": ["4.9"], "hotel_price": ["129"]}, "2922099": {"hotel_name": "\u4e09\u4e9a\u7d2b\u9f99\u82b1\u56ed\u6d0b\u623f\u5ea6\u5047\u516c\u5bd3", "order_time": ["2019-01-08 17:50:12"], "total_order": 1, "hotel_value": ["4.7"], "hotel_price": ["391"]}, "3289062": {"hotel_name": "\u79d1\u5b9d\u5e84\u56ed\u5927\u9152\u5e97(\u4e09\u4e9a\u5d16\u5dde\u5e97)", "order_time": ["2019-01-08 17:50:14"], "total_order": 1, "hotel_value": ["4.1"], "hotel_price": ["237"]}, "1457936": {"hotel_name": "\u4e09\u4e9a\u89c2\u6d77\u5885\u5ba2\u6808", "order_time": ["2019-01-08 17:50:23"], "total_order": 1, "hotel_value": ["4.7"], "hotel_price": ["164"]}, "346698": {"hotel_name": "\u4e09\u4e9a\u5bb9\u9526\u9152\u5e97(\u539f\u6d77\u60a6\u6e7e\u5ea6\u5047\u9152\u5e97)", "order_time": ["2019-01-08 17:52:10"], "total_order": 1, "hotel_value": ["4.4"], "hotel_price": ["209"]}, "6287098": {"hotel_name": "\u4e09\u4e9a\u6ce5\u5bbf\u827a\u672f\u9152\u5e97", "order_time": ["2019-01-08 17:52:14"], "total_order": 1, "hotel_value": ["4.6"], "hotel_price": ["521"]}, "986446": {"hotel_name": "\u4e09\u4e9a\u4e9a\u9f99\u6e7e\u5c71\u6e56\u6d77\u522b\u5885\u5ea6\u5047\u9152\u5e97", "order_time": ["2019-01-08 17:52:15"], "total_order": 1, "hotel_value": ["4.2"], "hotel_price": ["338"]}, "386917": {"hotel_name": "\u4e09\u4e9a\u6d77\u97f5\u5ea6\u5047\u9152\u5e97", "order_time": ["2019-01-08 17:52:28"], "total_order": 1, "hotel_value": ["4.7"], "hotel_price": ["770"]}, "6781451": {"hotel_name": "\u4e09\u4e9a\u79d1\u5b9d\u5927\u9152\u5e97", "order_time": ["2019-01-08 17:54:19"], "total_order": 1, "hotel_value": ["4.8"], "hotel_price": ["132"]}, "1544957": {"hotel_name": "\u4e09\u4e9a\u843d\u5b89\u9752\u5e74\u65c5\u820d", "order_time": ["2019-01-08 17:54:20"], "total_order": 1, "hotel_value": ["4.5"], "hotel_price": ["45"]}, "895694": {"hotel_name": "7\u5929\u8fde\u9501\u9152\u5e97(\u4e09\u4e9a\u6e7e\u5409\u7965\u8857\u5e97)", "order_time": ["2019-01-08 17:56:12"], "total_order": 1, "hotel_value": ["4.3"], "hotel_price": ["141"]}, "345074": {"hotel_name": "\u4e09\u4e9a\u4e9a\u9f99\u6e7e\u745e\u5409\u5ea6\u5047\u9152\u5e97", "order_time": ["2019-01-08 17:56:15"], "total_order": 1, "hotel_value": ["4.7"], "hotel_price": ["1299"]}, "473314": {"hotel_name": "\u4e09\u4e9a\u4e8c\u6708\u6d77\u6d77\u666f\u9152\u5e97", "order_time": ["2019-01-08 17:56:16"], "total_order": 1, "hotel_value": ["4.8"], "hotel_price": ["191"]}, "13975638": {"hotel_name": "\u4e09\u4e9a\u9b45\u84dd\u4e4b\u591c\u4e3b\u9898\u9152\u5e97", "order_time": ["2019-01-08 17:58:13"], "total_order": 1, "hotel_value": ["4.8"], "hotel_price": ["158"]}, "4800977": {"hotel_name": "\u4e09\u4e9a\u91d1\u946b\u82b1\u56ed\u6d0b\u623f\u5ea6\u5047\u516c\u5bd3", "order_time": ["2019-01-08 17:58:13"], "total_order": 1, "hotel_value": ["4.9"], "hotel_price": ["340"]}, "26483436": {"hotel_name": "\u4e09\u4e9a\u4e0e\u9e7f\u9752\u5e74\u65c5\u820d", "order_time": ["2019-01-08 17:58:20"], "total_order": 1, "hotel_value": ["4.9"], "hotel_price": ["34"]}, "1487778": {"hotel_name": "\u4e09\u4e9a\u732e\u7ed9\u6167\u9752\u5e74\u9a7f\u7ad9", "order_time": ["2019-01-08 17:58:27"], "total_order": 1, "hotel_value": ["4.4"], "hotel_price": ["38"]}, "8581510": {"hotel_name": "\u4e09\u4e9a\u534a\u5c71\u9a7f\u6d77\u5cb8\u7cbe\u54c1\u5ba2\u6808(\u539f\u871c\u5bb6\u5c0f\u9662)", "order_time": ["2019-01-08 18:00:13"], "total_order": 1, "hotel_value": ["4.7"], "hotel_price": ["158"]}, "18054307": {"hotel_name": "\u4e09\u4e9a\u5c7f\u5bbf\u9752\u5e74\u65c5\u793e", "order_time": ["2019-01-08 18:00:22"], "total_order": 1, "hotel_value": ["4.4"], "hotel_price": ["47"]}, "608360": {"hotel_name": "\u65b0\u5174\u82b1\u56ed\u5927\u9152\u5e97(\u4e09\u4e9a\u6e7e\u5e97)", "order_time": ["2019-01-08 18:02:10", "2019-01-08 18:08:08"], "total_order": 2, "hotel_value": ["3.8", "3.8"], "hotel_price": ["177", "177"]}, "28410650": {"hotel_name": "\u4e09\u4e9a\u79c1\u4eab\u4e3b\u9898\u516c\u5bd3", "order_time": ["2019-01-08 18:02:10"], "total_order": 1, "hotel_value": ["4.9"], "hotel_price": ["242"]}, "6019143": {"hotel_name": "\u4e09\u4e9a\u5927\u4e1c\u6d77\u661f\u7a7a\u4e3b\u9898\u5ea6\u5047\u9152\u5e97", "order_time": ["2019-01-08 18:02:11"], "total_order": 1, "hotel_value": ["4.5"], "hotel_price": ["151"]}, "428280": {"hotel_name": "\u5982\u5bb6\u5feb\u6377\u9152\u5e97(\u4e09\u4e9a\u89e3\u653e\u8def\u6b65\u884c\u8857\u6c7d\u8f66\u603b\u7ad9\u5e97)(\u539f\u89e3\u653e\u8def\u4e2d\u592e\u5927\u9053\u65c5\u6e38\u8857\u5e97)", "order_time": ["2019-01-08 18:02:15"], "total_order": 1, "hotel_value": ["4.3"], "hotel_price": ["132"]}, "1687513": {"hotel_name": "\u4e09\u4e9a\u73c2\u7532\u6d77\u666f\u5ea6\u5047\u516c\u5bd3", "order_time": ["2019-01-08 18:02:19"], "total_order": 1, "hotel_value": ["4.5"], "hotel_price": ["344"]}, "12462953": {"hotel_name": "\u4e09\u4e9a\u6d77\u4e0a\u65f6\u5149\u522b\u5885\u5ba2\u6808", "order_time": ["2019-01-08 18:04:10"], "total_order": 1, "hotel_value": ["4.8"], "hotel_price": ["141"]}, "1342310": {"hotel_name": "\u4e09\u4e9a\u610f\u5bb6\u4e3b\u9898\u516c\u5bd3", "order_time": ["2019-01-08 18:04:25"], "total_order": 1, "hotel_value": ["4.1"], "hotel_price": ["101"]}, "346679": {"hotel_name": "\u4e09\u4e9a\u6e7e\u7687\u51a0\u5047\u65e5\u5ea6\u5047\u9152\u5e97", "order_time": ["2019-01-08 18:06:16"], "total_order": 1, "hotel_value": ["4.6"], "hotel_price": ["499"]}, "5968179": {"hotel_name": "\u4e09\u4e9a\u7231\u4e4b\u7f18\u60c5\u4fa3\u5f71\u9662\u4e3b\u9898\u9152\u5e97(\u539f\u7231\u4e4b\u7f18\u5f71\u89c6\u8fde\u9501\u4e3b\u9898\u9152\u5e97)", "order_time": ["2019-01-08 18:08:08"], "total_order": 1, "hotel_value": ["4.8"], "hotel_price": ["226"]}}}