{"\u5f00\u59cb\u8bb0\u5f55\u65f6\u95f4": "2019-01-06 01:09:32", "\u7ed3\u675f\u8bb0\u5f55\u65f6\u95f4": "2019-01-06 02:09:32", "\u8ba2\u5355\u603b\u589e\u91cf": 75, "item": {"457450": {"hotel_name": "\u4e09\u4e9a\u534a\u5c71\u534a\u5c9b\u5b89\u7eb3\u5854\u62c9\u5ea6\u5047\u9152\u5e97", "order_time": ["2019-01-06 01:11:39"], "total_order": 1, "hotel_value": ["4.5"], "hotel_price": ["788"]}, "9666280": {"hotel_name": "\u4e09\u4e9ahello\u6d77\u666f\u5ea6\u5047\u516c\u5bd3", "order_time": ["2019-01-06 01:11:39"], "total_order": 1, "hotel_value": ["4.8"], "hotel_price": ["170"]}, "3002283": {"hotel_name": "\u4e09\u4e9a\u60a6\u5ba2\u6808\u4e3b\u9898\u9152\u5e97", "order_time": ["2019-01-06 01:13:37"], "total_order": 1, "hotel_value": ["4.5"], "hotel_price": ["114"]}, "2260152": {"hotel_name": "\u4e09\u4e9a\u51e4\u51f0\u56fd\u9645\u673a\u573a100\u5ba2\u6808", "order_time": ["2019-01-06 01:13:38"], "total_order": 1, "hotel_value": ["4.4"], "hotel_price": ["117"]}, "895503": {"hotel_name": "7\u5929\u8fde\u9501\u9152\u5e97(\u4e09\u4e9a\u6e7e\u6625\u56ed\u6d77\u9c9c\u5e7f\u573a\u5e97)", "order_time": ["2019-01-06 01:13:38"], "total_order": 1, "hotel_value": ["4.5"], "hotel_price": ["139"]}, "15164961": {"hotel_name": "\u4e09\u4e9a\u5c4b\u5947\u9152\u5e97(\u6b65\u884c\u8857\u5e97)", "order_time": ["2019-01-06 01:13:38"], "total_order": 1, "hotel_value": ["4.6"], "hotel_price": ["298"]}, "4410283": {"hotel_name": "\u4e09\u4e9a\u5b50\u60a6\u5eb7\u5e74\u9152\u5e97(\u539f\u4e2d\u94c1\u5b50\u60a6\u5eb7\u5e74\u5546\u52a1\u9152\u5e97)", "order_time": ["2019-01-06 01:13:40"], "total_order": 1, "hotel_value": ["4.6"], "hotel_price": ["363"]}, "386917": {"hotel_name": "\u4e09\u4e9a\u6d77\u97f5\u5ea6\u5047\u9152\u5e97", "order_time": ["2019-01-06 01:15:37"], "total_order": 1, "hotel_value": ["4.7"], "hotel_price": ["748"]}, "684215": {"hotel_name": "\u4e09\u4e9a\u6d77\u68e0\u6e7e\u5929\u623f\u6d32\u9645\u5ea6\u5047\u9152\u5e97", "order_time": ["2019-01-06 01:15:38"], "total_order": 1, "hotel_value": ["4.7"], "hotel_price": ["1455"]}, "6056059": {"hotel_name": "\u6d77\u5357\u6e05\u6c34\u6e7e\u6e29\u5fb7\u59c6\u5ea6\u5047\u9152\u5e97", "order_time": ["2019-01-06 01:15:38"], "total_order": 1, "hotel_value": ["4.6"], "hotel_price": ["520"]}, "12671479": {"hotel_name": "\u4e09\u4e9a\u6da6\u5fb7\u6e7f\u5730\u516c\u56ed\u9152\u5e97", "order_time": ["2019-01-06 01:15:38"], "total_order": 1, "hotel_value": ["4.7"], "hotel_price": ["413"]}, "6420180": {"hotel_name": "\u4e09\u4e9a\u98d8\u6d77\u666f\u4e3b\u9898\u5ba2\u6808", "order_time": ["2019-01-06 01:15:38"], "total_order": 1, "hotel_value": ["4.8"], "hotel_price": ["173"]}, "842890": {"hotel_name": "\u4e09\u4e9a\u52c3\u7fd4\u6d77\u666f\u9152\u5e97(\u539f\u4e00\u8def\u5411\u5357\u65c5\u884c\u5ba2\u6808)", "order_time": ["2019-01-06 01:15:39"], "total_order": 1, "hotel_value": ["4.4"], "hotel_price": ["153"]}, "4845384": {"hotel_name": "\u4e09\u4e9a\u84dd\u5cb8\u6d77\u8fb9\u4e3b\u9898\u9152\u5e97", "order_time": ["2019-01-06 01:15:39"], "total_order": 1, "hotel_value": ["4.7"], "hotel_price": ["141"]}, "976648": {"hotel_name": "\u6c49\u5ead\u9152\u5e97(\u4e09\u4e9a\u6625\u56ed\u6d77\u9c9c\u5e7f\u573a\u5e97)", "order_time": ["2019-01-06 01:17:38"], "total_order": 1, "hotel_value": ["4.4"], "hotel_price": ["210"]}, "11188504": {"hotel_name": "\u4e09\u4e9a\u6d77\u68e0\u6e7e\u7559\u4e0b\u5c0f\u7b51\u4e3b\u9898\u6c11\u5bbf", "order_time": ["2019-01-06 01:17:38"], "total_order": 1, "hotel_value": ["4.8"], "hotel_price": ["125"]}, "1488073": {"hotel_name": "\u4e09\u4e9a\u987a\u548c\u5feb\u6377\u9152\u5e97", "order_time": ["2019-01-06 01:17:40"], "total_order": 1, "hotel_value": [0], "hotel_price": ["100"]}, "23946400": {"hotel_name": "\u4e09\u4e9a\u7f8e\u5885\u65e5\u8bb0\u522b\u5885", "order_time": ["2019-01-06 01:19:38"], "total_order": 1, "hotel_value": ["4.9"], "hotel_price": ["221"]}, "1293939": {"hotel_name": "\u4e09\u4e9a\u7f8e\u51a0\u9152\u5e97", "order_time": ["2019-01-06 01:19:38"], "total_order": 1, "hotel_value": ["3.0"], "hotel_price": ["115"]}, "896368": {"hotel_name": "\u4e09\u4e9a\u90a3\u8fb9\u6d77\u6d77\u666f\u5ea6\u5047\u516c\u5bd3", "order_time": ["2019-01-06 01:19:38"], "total_order": 1, "hotel_value": ["4.8"], "hotel_price": ["398"]}, "6007595": {"hotel_name": "\u4e09\u4e9a\u8ffd\u68a6\u6d77\u4e0a\u5ea6\u5047\u9152\u5e97", "order_time": ["2019-01-06 01:19:38"], "total_order": 1, "hotel_value": ["4.7"], "hotel_price": ["507"]}, "15280412": {"hotel_name": "\u4e09\u4e9a\u54c1\u5c1a\u827a\u672f\u4e3b\u9898\u5ba2\u6808", "order_time": ["2019-01-06 01:21:38"], "total_order": 1, "hotel_value": ["4.8"], "hotel_price": ["221"]}, "1480106": {"hotel_name": "\u4e09\u4e9a\u91d1\u8354\u6e7e\u9152\u5e97", "order_time": ["2019-01-06 01:21:39"], "total_order": 1, "hotel_value": ["4.1"], "hotel_price": ["111"]}, "7043890": {"hotel_name": "\u4e09\u4e9a\u963f\u82e5\u62c9\u6d77\u666f\u82b1\u56ed\u9152\u5e97\u5f0f\u516c\u5bd3", "order_time": ["2019-01-06 01:23:39"], "total_order": 1, "hotel_value": ["4.7"], "hotel_price": ["247"]}, "8368829": {"hotel_name": "\u4e09\u4e9a\u672a\u89c1\u5bbf\u516e\u7cbe\u54c1\u516c\u5bd3(\u539f\u6e38\u8247\u4f1a\u65c5\u5c45\u6c11\u5bbf)", "order_time": ["2019-01-06 01:23:40"], "total_order": 1, "hotel_value": [0], "hotel_price": ["279"]}, "17325404": {"hotel_name": "\u4e09\u4e9a\u6d1b\u514b\u94c2\u91d1\u6d77\u666f\u9152\u5e97", "order_time": ["2019-01-06 01:25:40"], "total_order": 1, "hotel_value": ["4.4"], "hotel_price": ["479"]}, "4037056": {"hotel_name": "Club Med\u4e09\u4e9a\u5ea6\u5047\u6751", "order_time": ["2019-01-06 01:25:40"], "total_order": 1, "hotel_value": ["4.0"], "hotel_price": ["3028"]}, "6446036": {"hotel_name": "\u4e09\u4e9a\u51e4\u51f0\u673a\u573a\u9152\u5e97", "order_time": ["2019-01-06 01:25:41"], "total_order": 1, "hotel_value": ["4.6"], "hotel_price": ["416"]}, "345071": {"hotel_name": "\u91d1\u8302\u4e09\u4e9a\u4e9a\u9f99\u6e7e\u5e0c\u5c14\u987f\u5927\u9152\u5e97", "order_time": ["2019-01-06 01:27:38"], "total_order": 1, "hotel_value": ["4.6"], "hotel_price": ["1242"]}, "23918136": {"hotel_name": "\u4e09\u4e9a\u9999\u6c34\u6e7e\u963f\u5c14\u5361\u8fea\u4e9a\u5ea6\u5047\u9152\u5e97", "order_time": ["2019-01-06 01:27:38"], "total_order": 1, "hotel_value": ["4.9"], "hotel_price": ["612"]}, "1861354": {"hotel_name": "\u683c\u6797\u8c6a\u6cf0(\u4e09\u4e9a\u6625\u56ed\u6d77\u9c9c\u5e7f\u573a\u5feb\u6377\u9152\u5e97)", "order_time": ["2019-01-06 01:27:38"], "total_order": 1, "hotel_value": ["4.0"], "hotel_price": ["151"]}, "5896791": {"hotel_name": "\u4e09\u4e9a\u8d70\u8d70\u505c\u505c\u7cbe\u54c1\u5ba2\u6808\u5927\u4e1c\u6d77\u5e97", "order_time": ["2019-01-06 01:27:38"], "total_order": 1, "hotel_value": ["4.8"], "hotel_price": ["213"]}, "435983": {"hotel_name": "\u4e09\u4e9a\u4e9a\u9f99\u6e7e\u4eba\u95f4\u5929\u5802-\u9e1f\u5de2\u5ea6\u5047\u6751", "order_time": ["2019-01-06 01:27:39"], "total_order": 1, "hotel_value": ["4.6"], "hotel_price": ["1270"]}, "2705938": {"hotel_name": "\u4e09\u4e9a\u514b\u62c9\u5c14\u9152\u5e97\u00b7\u6d77\u5cb8\u7cbe\u9009", "order_time": ["2019-01-06 01:27:40"], "total_order": 1, "hotel_value": ["4.7"], "hotel_price": ["168"]}, "1430182": {"hotel_name": "\u4e09\u4e9a\u8fce\u7965\u5bbe\u9986", "order_time": ["2019-01-06 01:27:41"], "total_order": 1, "hotel_value": ["4.5"], "hotel_price": ["89"]}, "6503543": {"hotel_name": "\u4e09\u4e9a\u6c5f\u5357\u767e\u60a6\u5546\u52a1\u5927\u9152\u5e97", "order_time": ["2019-01-06 01:29:38"], "total_order": 1, "hotel_value": ["4.2"], "hotel_price": ["218"]}, "346702": {"hotel_name": "\u4e09\u4e9a\u8fb0\u5149\u514b\u62c9\u7801\u5934\u9152\u5e97", "order_time": ["2019-01-06 01:45:38", "2019-01-06 01:29:38"], "total_order": 2, "hotel_value": ["4.6", "4.6"], "hotel_price": ["380", "380"]}, "1682691": {"hotel_name": "\u4e09\u4e9a\u4eac\u6d77\u56fd\u9645\u5047\u65e5\u9152\u5e97", "order_time": ["2019-01-06 01:31:38", "2019-01-06 01:33:38"], "total_order": 2, "hotel_value": ["4.6", "4.6"], "hotel_price": ["489", "489"]}, "1415685": {"hotel_name": "\u4e09\u4e9a9\u53f7\u4e3b\u9898\u516c\u5bd3", "order_time": ["2019-01-06 01:31:38"], "total_order": 1, "hotel_value": ["4.9"], "hotel_price": ["298"]}, "4652436": {"hotel_name": "IU\u9152\u5e97(\u4e09\u4e9a\u4e9a\u9f99\u6e7e\u5e97)", "order_time": ["2019-01-06 01:31:38"], "total_order": 1, "hotel_value": ["4.5"], "hotel_price": ["157"]}, "1964967": {"hotel_name": "\u4f73\u6377\u8fde\u9501\u9152\u5e97(\u4e09\u4e9a\u51e4\u51f0\u5c9b\u5e97)", "order_time": ["2019-01-06 01:31:40"], "total_order": 1, "hotel_value": ["4.3"], "hotel_price": ["121"]}, "6476957": {"hotel_name": "\u4e09\u4e9a\u5174\u5b89\u957f\u5cf0\u5927\u9152\u5e97", "order_time": ["2019-01-06 01:33:38"], "total_order": 1, "hotel_value": ["4.5"], "hotel_price": ["318"]}, "4301411": {"hotel_name": "\u5982\u5bb6\u5feb\u6377\u9152\u5e97(\u4e09\u4e9a\u5546\u54c1\u8857\u5927\u9053\u5e97)", "order_time": ["2019-01-06 01:35:38"], "total_order": 1, "hotel_value": ["4.5"], "hotel_price": ["137"]}, "854161": {"hotel_name": "\u4e09\u4e9a\u6e7e\u65b0\u7586\u5927\u53a6\u5ea6\u5047\u9152\u5e97", "order_time": ["2019-01-06 01:35:38"], "total_order": 1, "hotel_value": ["4.5"], "hotel_price": ["313"]}, "6781451": {"hotel_name": "\u4e09\u4e9a\u79d1\u5b9d\u5927\u9152\u5e97", "order_time": ["2019-01-06 01:35:39"], "total_order": 1, "hotel_value": ["4.8"], "hotel_price": ["134"]}, "344904": {"hotel_name": "\u4e09\u4e9a\u80dc\u610f\u5927\u9152\u5e97", "order_time": ["2019-01-06 01:37:39", "2019-01-06 01:47:38"], "total_order": 2, "hotel_value": ["4.7", "4.7"], "hotel_price": ["450", "450"]}, "18075076": {"hotel_name": "\u4e09\u4e9a\u827e\u8a00\u9152\u5e97", "order_time": ["2019-01-06 01:37:40"], "total_order": 1, "hotel_value": ["4.8"], "hotel_price": ["344"]}, "843599": {"hotel_name": "\u4e09\u4e9a\u56db\u5b63\u6d77\u5ead\u9152\u5e97", "order_time": ["2019-01-06 01:37:40"], "total_order": 1, "hotel_value": ["4.6"], "hotel_price": ["324"]}, "6126289": {"hotel_name": "\u4e09\u4e9a\u84dd\u6d77\u4e00\u53f7\u6d77\u5cb8\u9152\u5e97", "order_time": ["2019-01-06 01:39:38"], "total_order": 1, "hotel_value": ["4.8"], "hotel_price": ["163"]}, "3197195": {"hotel_name": "\u54ea\u91cc\u90a3\u91cc\u6d77\u5cb8\u7cbe\u54c1\u5ba2\u6808(\u4e09\u4e9a\u4e9a\u9f99\u6e7e\u5e97)", "order_time": ["2019-01-06 01:39:38"], "total_order": 1, "hotel_value": ["4.8"], "hotel_price": ["190"]}, "346691": {"hotel_name": "\u4e09\u4e9a\u9e3f\u6d32\u57c3\u5fb7\u745e\u9152\u5e97", "order_time": ["2019-01-06 01:39:38"], "total_order": 1, "hotel_value": ["4.3"], "hotel_price": ["383"]}, "15717224": {"hotel_name": "\u5fc6\u8bed\u6d41\u5e74\u4e3b\u9898\u5ba2\u6808(\u4e09\u4e9a\u6d77\u68e0\u6e7e\u5e97)", "order_time": ["2019-01-06 01:41:38"], "total_order": 1, "hotel_value": ["4.8"], "hotel_price": ["209"]}, "374842": {"hotel_name": "\u4e09\u4e9a\u6e7e\u6d77\u5c45\u94c2\u5c14\u66fc\u5ea6\u5047\u9152\u5e97", "order_time": ["2019-01-06 01:41:38"], "total_order": 1, "hotel_value": ["4.7"], "hotel_price": ["840"]}, "2701655": {"hotel_name": "\u4e09\u4e9a\u6162\u8282\u594f\u6d77\u666f\u7cbe\u54c1\u5ba2\u6808", "order_time": ["2019-01-06 01:41:38"], "total_order": 1, "hotel_value": ["4.7"], "hotel_price": ["126"]}, "5423919": {"hotel_name": "\u4e09\u4e9a\u6d77\u6615\u5c1a\u666f\u4e3b\u9898\u9152\u5e97", "order_time": ["2019-01-06 01:41:39"], "total_order": 1, "hotel_value": ["3.6"], "hotel_price": ["78"]}, "1670089": {"hotel_name": "v8\u5feb\u6377\u9152\u5e97(\u4e09\u4e9a\u5546\u54c1\u8857\u5e97)", "order_time": ["2019-01-06 01:41:40"], "total_order": 1, "hotel_value": ["4.0"], "hotel_price": ["83"]}, "371696": {"hotel_name": "\u4e09\u4e9a\u590f\u5a01\u5937\u5927\u9152\u5e97", "order_time": ["2019-01-06 01:43:38"], "total_order": 1, "hotel_value": ["4.4"], "hotel_price": ["283"]}, "346690": {"hotel_name": "\u4e09\u4e9a\u94f6\u6cf0\u9633\u5149\u5ea6\u5047\u9152\u5e97(\u539f\u4e09\u4e9a\u6e58\u6295\u94f6\u6cf0\u5ea6\u5047\u9152\u5e97)", "order_time": ["2019-01-06 01:45:38"], "total_order": 1, "hotel_value": ["4.8"], "hotel_price": ["698"]}, "346760": {"hotel_name": "\u4e09\u4e9a\u4e9a\u9f99\u6e7e\u8f9b\u7279\u62c9\u8d4f\u693f\u5957\u623f\u5ea6\u5047\u9152\u5e97", "order_time": ["2019-01-06 01:47:38"], "total_order": 1, "hotel_value": ["4.3"], "hotel_price": ["426"]}, "428289": {"hotel_name": "\u5982\u5bb6\u5feb\u6377\u9152\u5e97(\u4e09\u4e9a\u89e3\u653e\u8def\u65b0\u98ce\u8857\u4e09\u4e9a\u6e7e\u5e97)", "order_time": ["2019-01-06 01:47:40"], "total_order": 1, "hotel_value": ["4.3"], "hotel_price": ["190"]}, "426964": {"hotel_name": "\u4e09\u4e9a\u5eb7\u7279\u738b\u5e9c\u4f1a\u8bae\u5ea6\u5047\u9152\u5e97", "order_time": ["2019-01-06 01:49:40"], "total_order": 1, "hotel_value": ["4.6"], "hotel_price": ["390"]}, "16897771": {"hotel_name": "\u4e09\u4e9a\u6d77\u68e0\u6e7e\u9e93\u6e56\u5ea6\u5047\u9152\u5e97", "order_time": ["2019-01-06 01:49:41"], "total_order": 1, "hotel_value": ["4.7"], "hotel_price": ["839"]}, "1720697": {"hotel_name": "\u4e09\u4e9a\u65b0\u5b87\u9152\u5e97", "order_time": ["2019-01-06 01:51:38"], "total_order": 1, "hotel_value": ["4.3"], "hotel_price": ["160"]}, "512870": {"hotel_name": "7\u5929\u8fde\u9501\u9152\u5e97(\u4e09\u4e9a\u5927\u4e1c\u6d77\u5546\u54c1\u8857\u5e97)(\u539f\u4e34\u6625\u6cb3\u7f8e\u4e3d\u4e4b\u51a0\u5e97)", "order_time": ["2019-01-06 01:51:38"], "total_order": 1, "hotel_value": ["4.5"], "hotel_price": ["150"]}, "420069": {"hotel_name": "\u4e09\u4e9a\u4e2d\u4e9a\u56fd\u9645\u5927\u9152\u5e97", "order_time": ["2019-01-06 01:51:38"], "total_order": 1, "hotel_value": ["4.5"], "hotel_price": ["383"]}, "747674": {"hotel_name": "\u9675\u6c34\u6e05\u6c34\u6e7e\u6d77\u6d0b\u4e4b\u661f\u9152\u5e97", "order_time": ["2019-01-06 01:51:38"], "total_order": 1, "hotel_value": ["4.5"], "hotel_price": ["279"]}, "6610953": {"hotel_name": "\u4e09\u4e9a520\u5ba2\u6808", "order_time": ["2019-01-06 02:01:38"], "total_order": 1, "hotel_value": ["4.2"], "hotel_price": ["111"]}, "345069": {"hotel_name": "\u4e09\u4e9a\u6d77\u68e0\u6e7e\u4e07\u8fbe\u5e0c\u5c14\u987f\u9038\u6797\u5ea6\u5047\u9152\u5e97", "order_time": ["2019-01-06 02:01:39"], "total_order": 1, "hotel_value": ["4.5"], "hotel_price": ["800"]}, "3631084": {"hotel_name": "\u4e09\u4e9a\u6e7e\u5e0c\u5c14\u987f\u6b22\u670b\u9152\u5e97", "order_time": ["2019-01-06 02:03:38"], "total_order": 1, "hotel_value": ["4.8"], "hotel_price": ["529"]}, "6388655": {"hotel_name": "\u4e09\u4e9a\u5411\u65e5\u8475\u6d77\u5cb8\u5ba2\u6808\u5e97", "order_time": ["2019-01-06 02:03:39"], "total_order": 1, "hotel_value": ["4.8"], "hotel_price": ["155"]}, "425743": {"hotel_name": "\u4e09\u4e9a\u679c\u559c\u5927\u9152\u5e97", "order_time": ["2019-01-06 02:05:38"], "total_order": 1, "hotel_value": ["4.6"], "hotel_price": ["321"]}, "20617225": {"hotel_name": "\u7ea6\u00b7\u8bbe\u8ba1\u4e3b\u9898\u9152\u5e97(\u4e09\u4e9a\u5343\u53e4\u60c5\u5e97)", "order_time": ["2019-01-06 02:07:38"], "total_order": 1, "hotel_value": ["4.8"], "hotel_price": ["192"]}}}