{"\u5f00\u59cb\u8bb0\u5f55\u65f6\u95f4": "2019-01-19 22:02:11", "\u7ed3\u675f\u8bb0\u5f55\u65f6\u95f4": "2019-01-19 23:02:11", "\u8ba2\u5355\u603b\u589e\u91cf": 241, "item": {"346775": {"hotel_name": "\u4e09\u4e9a\u4e9a\u9f99\u6e7e\u73af\u7403\u57ce\u5927\u9152\u5e97", "order_time": ["2019-01-19 22:04:30"], "total_order": 1, "hotel_value": ["4.2"], "hotel_price": ["390"]}, "6371552": {"hotel_name": "\u4e09\u4e9a\u96c5\u5e03\u4f26\u5065\u5eb7\u7597\u517b\u5ea6\u5047\u9152\u5e97(\u539f\u96c5\u5e03\u4f26\u5ea6\u5047\u9152\u5e97)", "order_time": ["2019-01-19 22:04:30"], "total_order": 1, "hotel_value": ["4.4"], "hotel_price": ["325"]}, "1486685": {"hotel_name": "\u4e09\u4e9a\u51e4\u51f0\u5c9b\u5ea6\u5047\u9152\u5e97", "order_time": ["2019-01-19 22:14:35", "2019-01-19 22:24:31", "2019-01-19 22:04:31", "2019-01-19 22:26:42", "2019-01-19 22:08:37"], "total_order": 5, "hotel_value": ["4.7", "4.7", "4.7", "4.7", "4.7"], "hotel_price": ["1108", "1108", "1108", "1108", "1108"]}, "18554984": {"hotel_name": "\u4e09\u4e9a\u98d8\u827a\u672f\u5ba2\u6808(\u51e4\u51f0\u673a\u573a\u5e97)", "order_time": ["2019-01-19 22:04:31"], "total_order": 1, "hotel_value": ["4.9"], "hotel_price": ["168"]}, "436683": {"hotel_name": "\u4e09\u4e9a\u5357\u4e2d\u56fd\u5927\u9152\u5e97", "order_time": ["2019-01-19 22:04:32"], "total_order": 1, "hotel_value": ["4.5"], "hotel_price": ["1982"]}, "608176": {"hotel_name": "\u4e09\u4e9a\u8c6a\u5a01\u6d77\u666f\u5927\u9152\u5e97", "order_time": ["2019-01-19 22:04:32"], "total_order": 1, "hotel_value": ["4.1"], "hotel_price": ["272"]}, "371696": {"hotel_name": "\u4e09\u4e9a\u590f\u5a01\u5937\u5927\u9152\u5e97", "order_time": ["2019-01-19 22:16:39", "2019-01-19 22:04:32"], "total_order": 2, "hotel_value": ["4.4", "4.4"], "hotel_price": ["280", "280"]}, "8627044": {"hotel_name": "\u4e09\u4e9a\u4fdd\u5229\u7470\u4e3d\u9152\u5e97", "order_time": ["2019-01-19 22:18:27", "2019-01-19 22:04:35"], "total_order": 2, "hotel_value": ["4.7", "4.7"], "hotel_price": ["2542", "2542"]}, "5896791": {"hotel_name": "\u4e09\u4e9a\u8d70\u8d70\u505c\u505c\u7cbe\u54c1\u5ba2\u6808\u5927\u4e1c\u6d77\u5e97", "order_time": ["2019-01-19 22:04:38"], "total_order": 1, "hotel_value": ["4.8"], "hotel_price": ["143"]}, "1283993": {"hotel_name": "\u4e09\u4e9a\u6d77\u8fb9\u98ce\u60c5\u5ea6\u5047\u516c\u5bd3", "order_time": ["2019-01-19 22:04:42"], "total_order": 1, "hotel_value": ["4.9"], "hotel_price": ["211"]}, "2044026": {"hotel_name": "\u4e09\u4e9a\u6d77\u4f9d\u604b\u5feb\u6377\u5bbe\u9986", "order_time": ["2019-01-19 22:04:43"], "total_order": 1, "hotel_value": ["4.4"], "hotel_price": ["83"]}, "845362": {"hotel_name": "\u6d77\u5357\u6d77\u6d0b\u4e4b\u5fc3\u9152\u5e97", "order_time": ["2019-01-19 22:06:32", "2019-01-19 22:38:36"], "total_order": 2, "hotel_value": ["4.5", "4.5"], "hotel_price": ["262", "262"]}, "22764616": {"hotel_name": "\u4e09\u4e9a\u6d77\u65ed\u660e\u6708\u6d77\u666f\u516c\u5bd3", "order_time": ["2019-01-19 22:06:34"], "total_order": 1, "hotel_value": ["4.9"], "hotel_price": ["882"]}, "24051573": {"hotel_name": "\u4e09\u4e9a\u6d77\u7720\u827a\u5bbf\u8bbe\u8ba1\u6c11\u5bbf", "order_time": ["2019-01-19 22:32:33", "2019-01-19 22:06:38"], "total_order": 2, "hotel_value": ["4.7", "4.7"], "hotel_price": ["188", "188"]}, "843599": {"hotel_name": "\u4e09\u4e9a\u56db\u5b63\u6d77\u5ead\u9152\u5e97", "order_time": ["2019-01-19 22:14:38", "2019-01-19 22:06:38", "2019-01-19 22:44:34"], "total_order": 3, "hotel_value": ["4.6", "4.6", "4.6"], "hotel_price": ["357", "357", "351"]}, "1415685": {"hotel_name": "\u4e09\u4e9a9\u53f7\u4e3b\u9898\u516c\u5bd3", "order_time": ["2019-01-19 22:06:38"], "total_order": 1, "hotel_value": ["4.9"], "hotel_price": ["235"]}, "6446036": {"hotel_name": "\u4e09\u4e9a\u51e4\u51f0\u673a\u573a\u9152\u5e97", "order_time": ["2019-01-19 22:06:38"], "total_order": 1, "hotel_value": ["4.5"], "hotel_price": ["440"]}, "345076": {"hotel_name": "\u4e09\u4e9a\u4e9a\u9f99\u6e7e\u7231\u7434\u6d77\u5168\u5957\u623f\u7cbe\u54c1\u5ea6\u5047\u9152\u5e97", "order_time": ["2019-01-19 22:16:33", "2019-01-19 22:06:39"], "total_order": 2, "hotel_value": ["4.5", "4.5"], "hotel_price": ["772", "772"]}, "24609830": {"hotel_name": "\u4e09\u4e9a\u6d77\u68e0\u6e7e\u5c0f\u68e0\u522b\u9662\u827a\u672f\u6c11\u5bbf", "order_time": ["2019-01-19 22:06:39"], "total_order": 1, "hotel_value": ["4.8"], "hotel_price": ["359"]}, "927678": {"hotel_name": "\u4e09\u4e9a\u5723\u82ad\u82ad\u62c9\u5ea6\u5047\u516c\u5bd3", "order_time": ["2019-01-19 22:06:42"], "total_order": 1, "hotel_value": ["4.5"], "hotel_price": ["402"]}, "976249": {"hotel_name": "\u54ea\u91cc\u90a3\u91cc\u6d77\u5cb8\u7cbe\u54c1\u5ba2\u6808(\u4e09\u4e9a\u5927\u4e1c\u6d77\u5e97)", "order_time": ["2019-01-19 22:08:34"], "total_order": 1, "hotel_value": ["4.8"], "hotel_price": ["190"]}, "1458417": {"hotel_name": "\u4e09\u4e9a\u8587\u8587\u6d77\u5cb8\u65c5\u9986", "order_time": ["2019-01-19 22:34:31", "2019-01-19 22:08:36"], "total_order": 2, "hotel_value": ["4.4", "4.4"], "hotel_price": ["114", "114"]}, "345074": {"hotel_name": "\u4e09\u4e9a\u4e9a\u9f99\u6e7e\u745e\u5409\u5ea6\u5047\u9152\u5e97", "order_time": ["2019-01-19 22:08:38", "2019-01-19 22:48:37"], "total_order": 2, "hotel_value": ["4.7", "4.7"], "hotel_price": ["1699", "1699"]}, "14999032": {"hotel_name": "\u4e09\u4e9a\u4e9a\u9f99\u6e7e\u6d6e\u751f\u82e5\u5bbf\u8bbe\u8ba1\u6c11\u5bbf", "order_time": ["2019-01-19 22:08:38"], "total_order": 1, "hotel_value": ["4.9"], "hotel_price": ["558"]}, "15717524": {"hotel_name": "\u8d30\u53f7\u8bbe\u8ba1\u9152\u5e97(\u4e09\u4e9a\u51e4\u51f0\u673a\u573a\u5e97)", "order_time": ["2019-01-19 22:08:39"], "total_order": 1, "hotel_value": ["4.7"], "hotel_price": ["158"]}, "808618": {"hotel_name": "7\u5929\u8fde\u9501\u9152\u5e97(\u4e09\u4e9a\u4e09\u4e9a\u6e7e\u6d77\u666f\u5e97)", "order_time": ["2019-01-19 22:08:41", "2019-01-19 22:46:38"], "total_order": 2, "hotel_value": ["4.2", "4.2"], "hotel_price": ["119", "119"]}, "4388404": {"hotel_name": "\u4e09\u4e9a\u7f8e\u4e3d\u4e4b\u51a0\u5927\u6811\u9152\u5e97", "order_time": ["2019-01-19 22:08:44"], "total_order": 1, "hotel_value": ["4.3"], "hotel_price": ["226"]}, "6541448": {"hotel_name": "\u4e09\u4e9a\u745e\u6cf0\u660e\u73e0\u9152\u5e97(\u51e4\u51f0\u673a\u573a\u5e97)", "order_time": ["2019-01-19 22:10:35"], "total_order": 1, "hotel_value": ["4.6"], "hotel_price": ["185"]}, "8589293": {"hotel_name": "\u4e09\u4e9a\u6e7e\u6768\u5174\u7cbe\u54c1\u5ea6\u5047\u9152\u5e97(\u4e09\u4e9a\u6e7e\u827e\u9605\u7cbe\u54c1\u5ea6\u5047\u9152\u5e97)", "order_time": ["2019-01-19 22:10:37"], "total_order": 1, "hotel_value": ["4.8"], "hotel_price": ["263"]}, "6450523": {"hotel_name": "\u4e09\u4e9a\u5c71\u6d77\u5929\u5927\u9152\u5e97\u00b7\u50b2\u9014\u683c\u7cbe\u9009", "order_time": ["2019-01-19 22:10:39"], "total_order": 1, "hotel_value": ["4.8"], "hotel_price": ["1452"]}, "371722": {"hotel_name": "\u4e09\u4e9a\u4e9a\u9f99\u6e7e\u91d1\u68d5\u6988\u5ea6\u5047\u9152\u5e97", "order_time": ["2019-01-19 22:10:39"], "total_order": 1, "hotel_value": ["4.6"], "hotel_price": ["590"]}, "1377449": {"hotel_name": "Q\u52a0\u00b7\u4e09\u4e9a\u51e4\u51f0\u5c9b\u60a6\u4f73\u6d77\u4e0a\u516c\u5bd3", "order_time": ["2019-01-19 22:10:39"], "total_order": 1, "hotel_value": ["4.7"], "hotel_price": ["521"]}, "842998": {"hotel_name": "\u541b\u6f9c\u00b7\u4e09\u4e9a\u6e7e\u8fce\u5bbe\u9986\u6d77\u666f\u5ea6\u5047\u9152\u5e97", "order_time": ["2019-01-19 22:16:28", "2019-01-19 22:10:40"], "total_order": 2, "hotel_value": ["4.8", "4.8"], "hotel_price": ["558", "558"]}, "773075": {"hotel_name": "\u4e09\u4e9a\u6d3e\u745e\u9152\u5e97", "order_time": ["2019-01-19 22:10:40"], "total_order": 1, "hotel_value": ["4.5"], "hotel_price": ["262"]}, "8577331": {"hotel_name": "\u7f8e\u51a0\u5047\u65e5\u9152\u5e97(\u4e09\u4e9a\u5927\u6811\u516c\u9986\u5e97)", "order_time": ["2019-01-19 22:10:40"], "total_order": 1, "hotel_value": ["4.5"], "hotel_price": ["218"]}, "449558": {"hotel_name": "\u65c5\u5bb6\u5ea6\u5047\u516c\u5bd3(\u4e09\u4e9a\u6e7e\u5e97)", "order_time": ["2019-01-19 22:10:41"], "total_order": 1, "hotel_value": ["4.8"], "hotel_price": ["190"]}, "436696": {"hotel_name": "\u4e09\u4e9a\u6930\u84dd\u6e7e\u5ea6\u5047\u9152\u5e97", "order_time": ["2019-01-19 22:10:48"], "total_order": 1, "hotel_value": ["4.4"], "hotel_price": ["289"]}, "1450007": {"hotel_name": "\u4e09\u4e9a\u957f\u4e30\u516c\u5bd3", "order_time": ["2019-01-19 22:10:50"], "total_order": 1, "hotel_value": ["4.4"], "hotel_price": ["88"]}, "21765890": {"hotel_name": "\u4e09\u4e9a\u5361\u838e\u4e3b\u9898\u9152\u5e97", "order_time": ["2019-01-19 22:18:30", "2019-01-19 22:10:51", "2019-01-19 22:12:33"], "total_order": 3, "hotel_value": ["4.6", "4.6", "4.6"], "hotel_price": ["150", "150", "150"]}, "468875": {"hotel_name": "\u6674\u5929\u7389\u6ee9\u6d77\u666f\u5ea6\u5047\u516c\u5bd3(\u4e09\u4e9a\u6e7e\u5e97)", "order_time": ["2019-01-19 22:28:34", "2019-01-19 22:10:53"], "total_order": 2, "hotel_value": ["4.1", "4.1"], "hotel_price": ["132", "132"]}, "1048330": {"hotel_name": "\u4e09\u4e9aNANUNA\u51b2\u6d6a\u5ea6\u5047\u9152\u5e97", "order_time": ["2019-01-19 22:10:53"], "total_order": 1, "hotel_value": ["4.1"], "hotel_price": ["453"]}, "643641": {"hotel_name": "\u4e09\u4e9a\u51e4\u51f0\u673a\u573a\u6d77\u822a\u5feb\u6377\u9152\u5e97", "order_time": ["2019-01-19 22:18:31", "2019-01-19 22:24:31", "2019-01-19 22:10:59"], "total_order": 3, "hotel_value": ["4.1", "4.1", "4.1"], "hotel_price": ["208", "208", "208"]}, "346719": {"hotel_name": "\u4e09\u4e9a\u534a\u5c71\u534a\u5c9b\u5e06\u8239\u6e2f\u9152\u5e97", "order_time": ["2019-01-19 22:10:59"], "total_order": 1, "hotel_value": ["4.7"], "hotel_price": ["942"]}, "6287098": {"hotel_name": "\u4e09\u4e9a\u6ce5\u5bbf\u827a\u672f\u9152\u5e97", "order_time": ["2019-01-19 22:12:29", "2019-01-19 22:24:29", "2019-01-19 23:00:35"], "total_order": 3, "hotel_value": ["4.5", "4.5", "4.5"], "hotel_price": ["196", "196", "196"]}, "1642576": {"hotel_name": "\u4e09\u4e9a\u5b50\u60a6\u5eb7\u5e74\u4e3b\u9898\u5957\u623f\u5ea6\u5047\u9152\u5e97", "order_time": ["2019-01-19 22:12:29", "2019-01-19 22:26:38"], "total_order": 2, "hotel_value": ["4.7", "4.7"], "hotel_price": ["422", "422"]}, "346684": {"hotel_name": "\u4e09\u4e9a\u73e0\u6c5f\u5357\u7530\u6e29\u6cc9\u5ea6\u5047\u533a", "order_time": ["2019-01-19 22:58:38", "2019-01-19 22:12:30"], "total_order": 2, "hotel_value": ["4.3", "4.3"], "hotel_price": ["459", "459"]}, "10901446": {"hotel_name": "\u4e09\u4e9a\u4ee5\u6cab\u6d77\u666f\u5ba2\u6808", "order_time": ["2019-01-19 22:12:30"], "total_order": 1, "hotel_value": ["4.8"], "hotel_price": ["128"]}, "13914509": {"hotel_name": "\u4e09\u4e9a\u4eca\u4e16\u7f18\u6d77\u666f\u9152\u5e97", "order_time": ["2019-01-19 22:12:30"], "total_order": 1, "hotel_value": ["4.6"], "hotel_price": ["135"]}, "6126289": {"hotel_name": "\u4e09\u4e9a\u84dd\u6d77\u4e00\u53f7\u6d77\u5cb8\u9152\u5e97", "order_time": ["2019-01-19 22:12:33"], "total_order": 1, "hotel_value": ["4.8"], "hotel_price": ["119"]}, "6460482": {"hotel_name": "\u4e09\u4e9a\u4e9a\u9f99\u6e7e\u751f\u547d\u6cc9\u7cbe\u54c1\u5ea6\u5047\u9152\u5e97", "order_time": ["2019-01-19 22:12:36"], "total_order": 1, "hotel_value": ["4.7"], "hotel_price": ["360"]}, "346711": {"hotel_name": "\u4e09\u4e9a\u541b\u9526\u6ee8\u6d77\u9152\u5e97", "order_time": ["2019-01-19 22:12:36"], "total_order": 1, "hotel_value": ["4.4"], "hotel_price": ["266"]}, "8504245": {"hotel_name": "\u90b8\u8bfa\u5171\u4eab\u522b\u5885\u516c\u5bd3(\u4e09\u4e9a\u4e9a\u9f99\u6e7e\u5e97)", "order_time": ["2019-01-19 22:12:36"], "total_order": 1, "hotel_value": ["4.7"], "hotel_price": ["355"]}, "24056976": {"hotel_name": "\u4e09\u4e9a\u4f10\u6728\u7d2f\u4e3b\u9898\u65c5\u79df", "order_time": ["2019-01-19 22:12:39"], "total_order": 1, "hotel_value": ["4.9"], "hotel_price": ["182"]}, "9216515": {"hotel_name": "\u4e09\u4e9a\u5b89\u5409\u62c9\u5047\u65e5\u9152\u5e97", "order_time": ["2019-01-19 22:12:40"], "total_order": 1, "hotel_value": ["4.6"], "hotel_price": ["543"]}, "6775490": {"hotel_name": "\u4e1c\u5317\u5927\u59d0\u5bb6\u5ead\u65c5\u9986(\u4e09\u4e9a\u5927\u4e1c\u6d77\u5e97)", "order_time": ["2019-01-19 22:12:43"], "total_order": 1, "hotel_value": [0], "hotel_price": ["468"]}, "6331979": {"hotel_name": "\u4e09\u4e9a\u6d77\u68e0\u6e7e\u7ea2\u6811\u6797\u5ea6\u5047\u9152\u5e97", "order_time": ["2019-01-19 22:13:02", "2019-01-19 22:26:34", "2019-01-19 22:30:33"], "total_order": 3, "hotel_value": ["4.6", "4.6", "4.6"], "hotel_price": ["1539", "1539", "1539"]}, "396528": {"hotel_name": "\u4e09\u4e9a\u4e9a\u9f99\u6e7e\u4e94\u53f7\u5ea6\u5047\u522b\u5885\u9152\u5e97", "order_time": ["2019-01-19 22:13:02"], "total_order": 1, "hotel_value": ["4.7"], "hotel_price": ["699"]}, "5296769": {"hotel_name": "\u4e09\u4e9a\u6d77\u68e0\u6e7e\u541b\u60a6\u9152\u5e97", "order_time": ["2019-01-19 22:13:02"], "total_order": 1, "hotel_value": ["4.6"], "hotel_price": ["1610"]}, "346673": {"hotel_name": "\u4e09\u4e9a\u534a\u5c71\u534a\u5c9b\u5ea6\u5047\u9152\u5e97(\u5168\u5957\u623f)", "order_time": ["2019-01-19 22:13:02"], "total_order": 1, "hotel_value": ["4.6"], "hotel_price": ["590"]}, "1682691": {"hotel_name": "\u4e09\u4e9a\u4eac\u6d77\u56fd\u9645\u5047\u65e5\u9152\u5e97", "order_time": ["2019-01-19 22:14:35"], "total_order": 1, "hotel_value": ["4.6"], "hotel_price": ["538"]}, "7687149": {"hotel_name": "\u4e09\u4e9a\u5d16\u5dde\u6e7e\u5ea6\u5047\u6751\u5e0c\u5c14\u987f\u683c\u82ae\u7cbe\u9009\u9152\u5e97", "order_time": ["2019-01-19 22:14:35"], "total_order": 1, "hotel_value": ["4.5"], "hotel_price": ["585"]}, "25665180": {"hotel_name": "\u4e09\u4e9a\u5609\u4f69\u4e50\u5ea6\u5047\u9152\u5e97", "order_time": ["2019-01-19 22:14:37"], "total_order": 1, "hotel_value": ["4.6"], "hotel_price": ["2608"]}, "3041884": {"hotel_name": "\u4e09\u4e9a\u4e3d\u79be\u6e29\u5fb7\u59c6\u9152\u5e97", "order_time": ["2019-01-19 22:14:38", "2019-01-19 22:44:33"], "total_order": 2, "hotel_value": ["4.8", "4.8"], "hotel_price": ["800", "800"]}, "353871": {"hotel_name": "\u4e09\u4e9a\u7ef4\u666f\u56fd\u9645\u5ea6\u5047\u9152\u5e97", "order_time": ["2019-01-19 22:14:38", "2019-01-19 22:24:32"], "total_order": 2, "hotel_value": ["4.8", "4.8"], "hotel_price": ["786", "786"]}, "384973": {"hotel_name": "\u4e09\u4e9a\u6d77\u68e0\u6e7e\u5f00\u7ef4\u4e07\u8fbe\u6587\u534e\u5ea6\u5047\u9152\u5e97", "order_time": ["2019-01-19 22:14:38"], "total_order": 1, "hotel_value": ["4.5"], "hotel_price": ["648"]}, "346766": {"hotel_name": "\u4e09\u4e9a\u4e9a\u9f99\u6e7e\u51ef\u83b1\u4ed9\u4eba\u638c\u5ea6\u5047\u9152\u5e97", "order_time": ["2019-01-19 22:14:39"], "total_order": 1, "hotel_value": ["4.6"], "hotel_price": ["400"]}, "14074913": {"hotel_name": "\u4e09\u4e9a\u4e9a\u9f99\u6e7e\u96c5\u9601\u6e29\u6cc9\u5ea6\u5047\u9152\u5e97", "order_time": ["2019-01-19 22:14:39"], "total_order": 1, "hotel_value": ["4.7"], "hotel_price": ["1188"]}, "427635": {"hotel_name": "\u4e09\u4e9a\u5609\u5bbe\u56fd\u9645\u9152\u5e97(5\u53f6\u7eff\u8272\u996d\u5e97)", "order_time": ["2019-01-19 22:14:41"], "total_order": 1, "hotel_value": ["4.5"], "hotel_price": ["422"]}, "3180637": {"hotel_name": "\u4e09\u4e9a\u9752\u827a\u672f\u96c5\u7b51\u5ba2\u6808(\u4e09\u4e9a\u6e7e\u5e97)", "order_time": ["2019-01-19 22:15:06"], "total_order": 1, "hotel_value": ["4.9"], "hotel_price": ["168"]}, "470577": {"hotel_name": "\u4e09\u4e9a\u5357\u5c71\u4f11\u95f2\u4f1a\u9986\u7985\u4fee\u4e3b\u9898", "order_time": ["2019-01-19 22:15:06"], "total_order": 1, "hotel_value": ["4.5"], "hotel_price": ["539"]}, "346764": {"hotel_name": "\u4e09\u4e9a\u541b\u6f9c\u00b7\u9e7f\u56de\u5934\u56fd\u5bbe\u9986(\u539f\u9e7f\u56de\u5934\u56fd\u5bbe\u9986)", "order_time": ["2019-01-19 22:16:29"], "total_order": 1, "hotel_value": ["4.8"], "hotel_price": ["613"]}, "3068224": {"hotel_name": "\u4e09\u4e9a\u5927\u4e1c\u6d77HOME\u5957\u623f\u5ea6\u5047\u6d77\u666f\u5ba2\u6808", "order_time": ["2019-01-19 22:16:29"], "total_order": 1, "hotel_value": ["4.8"], "hotel_price": ["147"]}, "11276759": {"hotel_name": "\u4e09\u4e9a\u9047\u89c1\u7231\u6d77\u666f\u516c\u5bd3", "order_time": ["2019-01-19 22:16:29"], "total_order": 1, "hotel_value": ["5.0"], "hotel_price": ["358"]}, "5988590": {"hotel_name": "\u4e09\u4e9a\u6e05\u6c34\u6e7e\u6bd4\u5229\u5f17\u6d77\u666f\u516c\u5bd3", "order_time": ["2019-01-19 22:16:29"], "total_order": 1, "hotel_value": ["4.8"], "hotel_price": ["240"]}, "6712212": {"hotel_name": "\u7b49\u98ce\u6765\u6d77\u666f\u516c\u5bd3(\u4e09\u4e9a\u91d1\u9675\u6d77\u666f\u82b1\u56ed\u5e97)", "order_time": ["2019-01-19 22:16:29"], "total_order": 1, "hotel_value": ["4.9"], "hotel_price": ["68"]}, "436675": {"hotel_name": "\u4e09\u4e9a\u5927\u4e1c\u6d77\u541b\u4ead\u9152\u5e97", "order_time": ["2019-01-19 22:16:33"], "total_order": 1, "hotel_value": ["4.8"], "hotel_price": ["353"]}, "2216767": {"hotel_name": "\u7ef4\u4e5f\u7eb3\u9152\u5e97(\u4e09\u4e9a\u6e7e\u5e97)", "order_time": ["2019-01-19 22:16:33"], "total_order": 1, "hotel_value": ["4.8"], "hotel_price": ["398"]}, "895576": {"hotel_name": "7\u5929\u8fde\u9501\u9152\u5e97(\u4e09\u4e9a\u5927\u4e1c\u6d77\u5e97)", "order_time": ["2019-01-19 22:16:45"], "total_order": 1, "hotel_value": ["4.5"], "hotel_price": ["149"]}, "455490": {"hotel_name": "\u4e09\u4e9a\u4e9a\u9f99\u6e7e\u77f3\u6eaa\u5885\u5efa\u56fd\u5ea6\u5047\u9152\u5e97", "order_time": ["2019-01-19 22:18:27"], "total_order": 1, "hotel_value": ["4.6"], "hotel_price": ["478"]}, "346702": {"hotel_name": "\u4e09\u4e9a\u8fb0\u5149\u514b\u62c9\u7801\u5934\u9152\u5e97", "order_time": ["2019-01-19 22:18:27"], "total_order": 1, "hotel_value": ["4.6"], "hotel_price": ["408"]}, "1410632": {"hotel_name": "\u683c\u6797\u8c6a\u6cf0(\u4e09\u4e9a\u548c\u5e73\u8857\u60c5\u4eba\u6865\u5e97)", "order_time": ["2019-01-19 22:18:29"], "total_order": 1, "hotel_value": ["4.2"], "hotel_price": ["152"]}, "6106463": {"hotel_name": "\u4e09\u4e9a\u7f8e\u4e9a\u56db\u5b63\u9152\u5e97", "order_time": ["2019-01-19 22:18:30"], "total_order": 1, "hotel_value": ["4.7"], "hotel_price": ["311"]}, "15812110": {"hotel_name": "\u4e09\u4e9a\u7ea2\u5858\u6e7e\u5efa\u56fd\u5ea6\u5047\u9152\u5e97", "order_time": ["2019-01-19 22:18:32"], "total_order": 1, "hotel_value": ["4.7"], "hotel_price": ["388"]}, "6868782": {"hotel_name": "\u4e09\u4e9a\u6d77\u68e0\u6e7e\u6d77\u7684\u9662\u5b50\u6c11\u5bbf", "order_time": ["2019-01-19 22:18:34"], "total_order": 1, "hotel_value": ["4.4"], "hotel_price": ["176"]}, "14996879": {"hotel_name": "\u4e09\u4e9a\u6d77\u68e0\u6e7e\u4ec1\u6052\u7687\u51a0\u5047\u65e5\u5ea6\u5047\u9152\u5e97", "order_time": ["2019-01-19 22:18:47"], "total_order": 1, "hotel_value": ["4.8"], "hotel_price": ["1880"]}, "431932": {"hotel_name": "\u4e09\u4e9a\u94f6\u97f5\u6d77\u666f\u5ea6\u5047\u9152\u5e97", "order_time": ["2019-01-19 22:18:47"], "total_order": 1, "hotel_value": ["4.7"], "hotel_price": ["356"]}, "9152102": {"hotel_name": "\u4e09\u4e9a\u6d77\u68e0\u6e7e\u5982\u4f73\u5bbe\u9986\u8fde\u9501\u5e97", "order_time": ["2019-01-19 22:32:37", "2019-01-19 22:20:39"], "total_order": 2, "hotel_value": ["4.4", "4.4"], "hotel_price": ["115", "115"]}, "374842": {"hotel_name": "\u4e09\u4e9a\u6e7e\u6d77\u5c45\u94c2\u5c14\u66fc\u5ea6\u5047\u9152\u5e97", "order_time": ["2019-01-19 22:20:40"], "total_order": 1, "hotel_value": ["4.7"], "hotel_price": ["944"]}, "436673": {"hotel_name": "\u4e09\u4e9a\u9e7f\u5cad\u6d77\u6e7e\u7ef4\u666f\u56fd\u9645\u5927\u9152\u5e97(\u539f\u4e09\u4e9a\u6d77\u6e7e\u7ef4\u666f\u56fd\u9645\u5927\u9152\u5e97)", "order_time": ["2019-01-19 22:46:35", "2019-01-19 22:20:40", "2019-01-19 22:48:37"], "total_order": 3, "hotel_value": ["4.6", "4.6", "4.6"], "hotel_price": ["321", "321", "321"]}, "900548": {"hotel_name": "\u57ce\u5e02\u4fbf\u6377\u9152\u5e97(\u4e09\u4e9a\u6e7e\u6b65\u884c\u8857\u5e97)", "order_time": ["2019-01-19 22:20:41"], "total_order": 1, "hotel_value": ["4.4"], "hotel_price": ["175"]}, "6279068": {"hotel_name": "\u4e09\u4e9a\u6d77\u6f2b\u6f2b\u5ba2\u6808", "order_time": ["2019-01-19 22:20:44"], "total_order": 1, "hotel_value": ["4.5"], "hotel_price": ["119"]}, "486003": {"hotel_name": "\u4e09\u4e9a\u8708\u652f\u6d32\u5c9b\u73ca\u745a\u9152\u5e97", "order_time": ["2019-01-19 22:21:02", "2019-01-19 22:34:52"], "total_order": 2, "hotel_value": ["4.8", "4.8"], "hotel_price": ["849", "849"]}, "25644103": {"hotel_name": "\u4e09\u4e9a\u6d77\u68e0\u82b1\u820d\u6d77\u666f\u5ea6\u5047\u9152\u5e97\u5f0f\u516c\u5bd3", "order_time": ["2019-01-19 22:22:33"], "total_order": 1, "hotel_value": ["4.9"], "hotel_price": ["444"]}, "346735": {"hotel_name": "\u4e09\u4e9a\u5357\u7530\u6e29\u6cc9\u597d\u6c49\u5761\u56fd\u9645\u5ea6\u5047\u9152\u5e97", "order_time": ["2019-01-19 22:22:34"], "total_order": 1, "hotel_value": ["4.3"], "hotel_price": ["346"]}, "1899276": {"hotel_name": "\u4e09\u4e9a\u68ee\u7cae\u826f\u54c1\u5bb6\u5ead\u65c5\u9986", "order_time": ["2019-01-19 22:22:36"], "total_order": 1, "hotel_value": ["4.8"], "hotel_price": ["126"]}, "12184321": {"hotel_name": "\u4e09\u4e9a\u7d2b\u6930\u6797\u6d77\u5cb8\u4e3b\u9898\u9152\u5e97", "order_time": ["2019-01-19 22:22:37"], "total_order": 1, "hotel_value": ["4.4"], "hotel_price": ["113"]}, "16948036": {"hotel_name": "\u4e09\u4e9a\u6e7e\u7ea2\u6811\u6797\u5ea6\u5047\u4e16\u754c(\u5927\u738b\u68d5\u9152\u5e97)", "order_time": ["2019-01-19 22:22:39"], "total_order": 1, "hotel_value": ["4.7"], "hotel_price": ["980"]}, "1598713": {"hotel_name": "\u4e09\u4e9a\u660e\u6708\u697c\u9152\u5e97", "order_time": ["2019-01-19 22:22:40"], "total_order": 1, "hotel_value": ["4.2"], "hotel_price": ["163"]}, "1379457": {"hotel_name": "\u4e09\u4e9a\u8f66\u4f73\u623f\u9152\u5e97(\u539f\u6e90\u6cc9\u6d77\u666f\u9152\u5e97)", "order_time": ["2019-01-19 22:22:43"], "total_order": 1, "hotel_value": ["4.6"], "hotel_price": ["153"]}, "10919963": {"hotel_name": "\u4e09\u4e9a\u5149\u5f71\u5e74\u8f6e\u7cbe\u54c1\u5ba2\u6808", "order_time": ["2019-01-19 22:23:01", "2019-01-19 22:24:58"], "total_order": 2, "hotel_value": ["4.8", "4.8"], "hotel_price": ["126", "126"]}, "15164961": {"hotel_name": "\u4e09\u4e9a\u5c4b\u5947\u9152\u5e97(\u6b65\u884c\u8857\u5e97)", "order_time": ["2019-01-19 22:24:29"], "total_order": 1, "hotel_value": ["4.6"], "hotel_price": ["338"]}, "15717224": {"hotel_name": "\u5fc6\u8bed\u6d41\u5e74\u7cbe\u54c1\u6c11\u5bbf", "order_time": ["2019-01-19 22:24:29"], "total_order": 1, "hotel_value": ["4.8"], "hotel_price": ["193"]}, "1715599": {"hotel_name": "\u4e09\u4e9a\u585e\u7eb3\u6d77\u5cb8\u827a\u672f\u5ba2\u6808", "order_time": ["2019-01-19 22:24:30"], "total_order": 1, "hotel_value": ["4.8"], "hotel_price": ["139"]}, "430994": {"hotel_name": "\u5982\u5bb6\u5feb\u6377\u9152\u5e97(\u4e09\u4e9a\u6e7e\u6625\u56ed\u6d77\u9c9c\u5e7f\u573a\u5e97)", "order_time": ["2019-01-19 22:24:33"], "total_order": 1, "hotel_value": ["4.5"], "hotel_price": ["140"]}, "6486443": {"hotel_name": "\u4e09\u4e9a\u5b9d\u745e\u7cbe\u54c1\u5ea6\u5047\u516c\u5bd3", "order_time": ["2019-01-19 22:24:38"], "total_order": 1, "hotel_value": ["4.4"], "hotel_price": ["193"]}, "18054307": {"hotel_name": "\u4e09\u4e9a\u5c7f\u5bbf\u9752\u5e74\u65c5\u793e", "order_time": ["2019-01-19 22:24:39"], "total_order": 1, "hotel_value": ["4.5"], "hotel_price": ["59"]}, "1444888": {"hotel_name": "\u4e09\u4e9a\u5149\u660e\u65c5\u79df", "order_time": ["2019-01-19 22:24:44"], "total_order": 1, "hotel_value": [0], "hotel_price": ["108"]}, "684215": {"hotel_name": "\u4e09\u4e9a\u6d77\u68e0\u6e7e\u5929\u623f\u6d32\u9645\u5ea6\u5047\u9152\u5e97", "order_time": ["2019-01-19 22:36:56", "2019-01-19 22:24:57"], "total_order": 2, "hotel_value": ["4.7", "4.7"], "hotel_price": ["1691", "1691"]}, "8616662": {"hotel_name": "\u4e09\u4e9a\u62fe\u5149\u96c6\u827a\u672f\u4e3b\u9898\u9152\u5e97(\u539f\u4e09\u4e9a\u62fe\u5149\u96c6\u7cbe\u54c1\u6c11\u5bbf)", "order_time": ["2019-01-19 22:40:54", "2019-01-19 22:24:57"], "total_order": 2, "hotel_value": ["4.8", "4.8"], "hotel_price": ["198", "198"]}, "3777325": {"hotel_name": "\u4e09\u4e9a\u90a3\u65f6\u5149\u6000\u65e7\u5ba2\u6808", "order_time": ["2019-01-19 22:25:05"], "total_order": 1, "hotel_value": ["4.8"], "hotel_price": ["118"]}, "17533420": {"hotel_name": "\u4e09\u4e9a\u5927\u4e1c\u6d77\u9152\u5e97", "order_time": ["2019-01-19 22:26:30"], "total_order": 1, "hotel_value": ["4.8"], "hotel_price": ["2029"]}, "2880019": {"hotel_name": "\u4e09\u4e9a\u661f\u6708\u6d77\u666f\u5ea6\u5047\u516c\u5bd3", "order_time": ["2019-01-19 22:26:32"], "total_order": 1, "hotel_value": ["4.9"], "hotel_price": ["302"]}, "6457048": {"hotel_name": "\u4f73\u8f69\u5047\u65e5\u9152\u5e97(\u4e09\u4e9a\u51e4\u51f0\u673a\u573a\u5e97)", "order_time": ["2019-01-19 22:56:32", "2019-01-19 22:26:32"], "total_order": 2, "hotel_value": ["4.5", "4.5"], "hotel_price": ["207", "207"]}, "1580558": {"hotel_name": "\u901f8\u9152\u5e97(\u4e09\u4e9a\u6e7e\u5409\u7965\u8857\u5e97)", "order_time": ["2019-01-19 22:54:44", "2019-01-19 22:26:35"], "total_order": 2, "hotel_value": ["4.6", "4.6"], "hotel_price": ["135", "135"]}, "3732039": {"hotel_name": "\u4e09\u4e9a\u6d77\u68e0\u6e7e\u6bd4\u90bbnear\u6930\u6797\u7f8e\u5bbf(\u539f\u6bd4\u90bb\u6cf3\u6c60\u5ea6\u5047\u7cbe\u54c1\u5ba2\u6808)", "order_time": ["2019-01-19 22:26:35"], "total_order": 1, "hotel_value": ["4.5"], "hotel_price": ["460"]}, "2220650": {"hotel_name": "\u4e09\u4e9a\u65c5\u884c\u5bb6\u9152\u5e97\u5f0f\u5ea6\u5047\u516c\u5bd3", "order_time": ["2019-01-19 22:28:33"], "total_order": 1, "hotel_value": ["4.7"], "hotel_price": ["232"]}, "5247024": {"hotel_name": "\u4e09\u4e9a\u90a3\u4e00\u5e74\u521d\u89c1\u7cbe\u54c1\u5ba2\u6808", "order_time": ["2019-01-19 22:28:33"], "total_order": 1, "hotel_value": ["4.6"], "hotel_price": ["168"]}, "7499776": {"hotel_name": "\u4e09\u4e9a\u96e8\u8f69\u4e4b\u5bb6\u9152\u5e97\u5f0f\u516c\u5bd3", "order_time": ["2019-01-19 22:28:34"], "total_order": 1, "hotel_value": ["4.4"], "hotel_price": ["556"]}, "5234726": {"hotel_name": "\u4e09\u4e9a\u4e1c\u6e2f\u6d77\u666f\u4e3b\u9898\u9152\u5e97(\u56fd\u9645\u8d2d\u7269\u4e2d\u5fc3\u5e97)(\u539f\u4e1c\u6e2f\u4e3b\u9898\u9152\u5e97)", "order_time": ["2019-01-19 22:28:35"], "total_order": 1, "hotel_value": ["4.3"], "hotel_price": ["134"]}, "21910420": {"hotel_name": "\u4e09\u4e9a\u4f9d\u9716\u7cbe\u54c1\u5ea6\u5047\u516c\u5bd3", "order_time": ["2019-01-19 22:28:38"], "total_order": 1, "hotel_value": ["4.9"], "hotel_price": ["282"]}, "1580379": {"hotel_name": "\u4e09\u4e9a\u5982\u7ea6\u5feb\u6377\u9152\u5e97", "order_time": ["2019-01-19 22:28:38"], "total_order": 1, "hotel_value": ["4.5"], "hotel_price": ["123"]}, "24863062": {"hotel_name": "\u4e09\u4e9a\u8046\u6d77\u5c0f\u5885\u65c5\u79df", "order_time": ["2019-01-19 22:28:40"], "total_order": 1, "hotel_value": ["4.8"], "hotel_price": ["151"]}, "834161": {"hotel_name": "\u4e09\u4e9a\u591a\u7f8e\u597d\u5bbe\u9986", "order_time": ["2019-01-19 22:28:47"], "total_order": 1, "hotel_value": ["2.8"], "hotel_price": ["103"]}, "3385222": {"hotel_name": "\u4e09\u4e9a\u6d77\u60a6\u4e1c\u65b9\u9152\u5e97", "order_time": ["2019-01-19 22:30:34"], "total_order": 1, "hotel_value": ["4.3"], "hotel_price": ["105"]}, "1308374": {"hotel_name": "\u4e09\u4e9a\u4e1c\u54c1\u5bbe\u9986", "order_time": ["2019-01-19 22:30:46"], "total_order": 1, "hotel_value": ["4.5"], "hotel_price": ["96"]}, "2705938": {"hotel_name": "\u4e09\u4e9a\u514b\u62c9\u5c14\u9152\u5e97\u00b7\u6d77\u5cb8\u7cbe\u9009", "order_time": ["2019-01-19 22:30:54"], "total_order": 1, "hotel_value": ["4.7"], "hotel_price": ["148"]}, "690765": {"hotel_name": "\u4e09\u4e9a\u6d77\u7acb\u65b9\u5ea6\u5047\u9152\u5e97", "order_time": ["2019-01-19 22:30:57"], "total_order": 1, "hotel_value": ["4.6"], "hotel_price": ["988"]}, "6476957": {"hotel_name": "\u4e09\u4e9a\u5174\u5b89\u957f\u5cf0\u5927\u9152\u5e97", "order_time": ["2019-01-19 22:32:29"], "total_order": 1, "hotel_value": ["4.5"], "hotel_price": ["298"]}, "15249049": {"hotel_name": "\u7f8e\u4e3d\u4e4b\u51a0\u5927\u6811\u7687\u51a0\u5047\u65e5\u9152\u5e97", "order_time": ["2019-01-19 22:32:30"], "total_order": 1, "hotel_value": ["4.4"], "hotel_price": ["218"]}, "6298012": {"hotel_name": "\u683c\u6797\u8054\u76df\u9152\u5e97(\u4e09\u4e9a\u4e00\u5e02\u573a\u5e97)", "order_time": ["2019-01-19 22:32:31"], "total_order": 1, "hotel_value": ["4.8"], "hotel_price": ["143"]}, "1486657": {"hotel_name": "\u4e09\u4e9a\u661f\u60a6\u5ea6\u5047\u9152\u5e97", "order_time": ["2019-01-19 22:32:31", "2019-01-19 22:46:34"], "total_order": 2, "hotel_value": ["4.3", "4.3"], "hotel_price": ["125", "125"]}, "11830979": {"hotel_name": "\u4e09\u4e9a\u4fdd\u5229\u745c\u749f\u9601\u6d77\u68e0\u6e7e\u5ea6\u5047\u522b\u5885", "order_time": ["2019-01-19 22:34:32"], "total_order": 1, "hotel_value": ["4.6"], "hotel_price": ["497"]}, "895640": {"hotel_name": "7\u5929\u8fde\u9501\u9152\u5e97(\u4e09\u4e9a\u89e3\u653e\u8def\u6b65\u884c\u8857\u5e97)", "order_time": ["2019-01-19 22:38:30", "2019-01-19 22:34:37"], "total_order": 2, "hotel_value": ["4.4", "4.4"], "hotel_price": ["149", "149"]}, "3735187": {"hotel_name": "\u4e09\u4e9a\u7406\u6587\u7d22\u83f2\u7279\u5ea6\u5047\u9152\u5e97", "order_time": ["2019-01-19 22:34:37"], "total_order": 1, "hotel_value": ["4.6"], "hotel_price": ["1107"]}, "5398387": {"hotel_name": "\u4e09\u4e9a\u5927\u6811\u4e03\u661f\u9152\u5e97", "order_time": ["2019-01-19 22:34:39"], "total_order": 1, "hotel_value": ["4.4"], "hotel_price": ["315"]}, "347462": {"hotel_name": "\u4e09\u4e9a\u6d77\u68e0\u6e7e9\u53f7\u5ea6\u5047\u9152\u5e97", "order_time": ["2019-01-19 22:34:52"], "total_order": 1, "hotel_value": ["4.7"], "hotel_price": ["728"]}, "345069": {"hotel_name": "\u4e09\u4e9a\u6d77\u68e0\u6e7e\u4e07\u8fbe\u5e0c\u5c14\u987f\u9038\u6797\u5ea6\u5047\u9152\u5e97", "order_time": ["2019-01-19 22:46:59", "2019-01-19 22:38:56", "2019-01-19 22:34:52"], "total_order": 3, "hotel_value": ["4.5", "4.5", "4.5"], "hotel_price": ["888", "888", "888"]}, "2650221": {"hotel_name": "\u4e09\u4e9a\u7c73\u6735\u4e3b\u9898\u6d77\u666f\u516c\u5bd3", "order_time": ["2019-01-19 22:36:29"], "total_order": 1, "hotel_value": ["4.7"], "hotel_price": ["230"]}, "5766520": {"hotel_name": "\u4e09\u4e9a\u5927\u4e1c\u6d77H\u6d77\u666f\u5ea6\u5047\u516c\u5bd3", "order_time": ["2019-01-19 22:36:30"], "total_order": 1, "hotel_value": ["4.6"], "hotel_price": ["318"]}, "2922099": {"hotel_name": "\u4e09\u4e9a\u7d2b\u9f99\u82b1\u56ed\u6d0b\u623f\u5ea6\u5047\u516c\u5bd3", "order_time": ["2019-01-19 22:37:02"], "total_order": 1, "hotel_value": ["4.7"], "hotel_price": ["258"]}, "440685": {"hotel_name": "\u4e09\u4e9a\u7389\u6d77\u56fd\u9645\u5ea6\u5047\u9152\u5e97", "order_time": ["2019-01-19 22:38:34"], "total_order": 1, "hotel_value": ["4.5"], "hotel_price": ["249"]}, "5090410": {"hotel_name": "\u4e09\u4e9a\u6930\u4e4b\u6d77\u6d77\u666f\u5ea6\u5047\u516c\u5bd3(\u539f\u6d77\u5cb8\u540d\u90fd\u7cbe\u54c1\u6d77\u666f\u516c\u5bd3)", "order_time": ["2019-01-19 22:38:36"], "total_order": 1, "hotel_value": ["4.9"], "hotel_price": ["292"]}, "17392114": {"hotel_name": "\u4e09\u4e9a\u827a\u99a8\u6d77\u666f\u5ea6\u5047\u516c\u9986", "order_time": ["2019-01-19 22:42:38", "2019-01-19 22:38:36"], "total_order": 2, "hotel_value": ["4.9", "4.9"], "hotel_price": ["286", "286"]}, "6848399": {"hotel_name": "\u4e09\u4e9a\u5c0f\u9662\u91cc\u5ba2\u6808", "order_time": ["2019-01-19 22:38:48"], "total_order": 1, "hotel_value": ["3.5"], "hotel_price": ["131"]}, "8581510": {"hotel_name": "\u4e09\u4e9a\u534a\u5c71\u9a7f\u6d77\u5cb8\u7cbe\u54c1\u5ba2\u6808(\u539f\u871c\u5bb6\u5c0f\u9662)", "order_time": ["2019-01-19 22:40:28", "2019-01-19 22:46:45"], "total_order": 2, "hotel_value": ["4.7", "4.7"], "hotel_price": ["121", "121"]}, "7492940": {"hotel_name": "\u4e09\u4e9a\u6d77\u4e4b\u84dd\u6d77\u666f\u5ea6\u5047\u516c\u5bd3", "order_time": ["2019-01-19 22:40:35"], "total_order": 1, "hotel_value": ["4.9"], "hotel_price": ["184"]}, "6019143": {"hotel_name": "\u4e09\u4e9a\u5927\u4e1c\u6d77\u661f\u7a7a\u4e3b\u9898\u5ea6\u5047\u9152\u5e97", "order_time": ["2019-01-19 22:40:36"], "total_order": 1, "hotel_value": ["4.5"], "hotel_price": ["138"]}, "386919": {"hotel_name": "\u4e09\u4e9a\u4e07\u5609\u5ea6\u5047\u9152\u5e97(\u539f\u4e07\u5609\u6234\u65af\u5ea6\u5047\u9152\u5e97)", "order_time": ["2019-01-19 22:40:36"], "total_order": 1, "hotel_value": ["4.4"], "hotel_price": ["358"]}, "457505": {"hotel_name": "\u4e09\u4e9a\u534e\u5ead\u5546\u52a1\u9152\u5e97", "order_time": ["2019-01-19 22:48:34", "2019-01-19 22:40:37"], "total_order": 2, "hotel_value": ["3.9", "3.9"], "hotel_price": ["206", "206"]}, "345095": {"hotel_name": "\u4e09\u4e9a\u9ece\u5ba2\u56fd\u9645\u9152\u5e97", "order_time": ["2019-01-19 22:40:54"], "total_order": 1, "hotel_value": ["4.4"], "hotel_price": ["388"]}, "18488062": {"hotel_name": "\u4e09\u4e9a\u8fb0\u5149\u5c7f\u6d77\u6d77\u666f\u5ea6\u5047\u516c\u5bd3", "order_time": ["2019-01-19 22:42:36"], "total_order": 1, "hotel_value": ["4.8"], "hotel_price": ["496"]}, "4339553": {"hotel_name": "\u4e09\u4e9a\u94c2\u7acb\u541b\u9a7f\u7cbe\u54c1\u9152\u5e97(\u5343\u53e4\u60c5\u5e97)(\u539f\u94c2\u7acb\u7cbe\u54c1\u9152\u5e97)", "order_time": ["2019-01-19 22:42:38"], "total_order": 1, "hotel_value": ["4.4"], "hotel_price": ["153"]}, "1861354": {"hotel_name": "\u683c\u6797\u8c6a\u6cf0(\u4e09\u4e9a\u6625\u56ed\u6d77\u9c9c\u5e7f\u573a\u5feb\u6377\u9152\u5e97)", "order_time": ["2019-01-19 22:42:40"], "total_order": 1, "hotel_value": ["4.0"], "hotel_price": ["134"]}, "372154": {"hotel_name": "\u4e09\u4e9a\u798f\u670b\u559c\u6765\u767b\u9152\u5e97", "order_time": ["2019-01-19 22:44:32"], "total_order": 1, "hotel_value": ["4.5"], "hotel_price": ["655"]}, "3358744": {"hotel_name": "\u4e09\u4e9a\u8346\u68d8\u9e1f\u9752\u5e74\u65c5\u820d", "order_time": ["2019-01-19 22:44:43"], "total_order": 1, "hotel_value": ["4.4"], "hotel_price": ["47"]}, "1651443": {"hotel_name": "\u5c1a\u5ba2\u4f18\u5feb\u6377\u9152\u5e97(\u4e09\u4e9a\u6e7e\u5e97)", "order_time": ["2019-01-19 22:44:43"], "total_order": 1, "hotel_value": ["3.9"], "hotel_price": ["109"]}, "15018544": {"hotel_name": "\u4e09\u4e9a\u9047\u89c1\u6d77\u68e0\u522b\u5885\u9152\u5e97", "order_time": ["2019-01-19 22:46:35"], "total_order": 1, "hotel_value": ["4.7"], "hotel_price": ["1222"]}, "854705": {"hotel_name": "\u4e09\u4e9a\u6d77\u89d28\u53f7\u6d77\u666f\u522b\u5885\u5ba2\u6808", "order_time": ["2019-01-19 22:46:45"], "total_order": 1, "hotel_value": ["4.2"], "hotel_price": ["110"]}, "6809050": {"hotel_name": "\u4e09\u4e9a\u5170\u6d77\u5ea6\u5047\u9152\u5e97\u516c\u5bd3\u84dd\u8272\u6d77\u5cb8\u5e97", "order_time": ["2019-01-19 22:48:39"], "total_order": 1, "hotel_value": ["4.7"], "hotel_price": ["193"]}, "6245445": {"hotel_name": "\u4e09\u4e9a\u8d1d\u65af\u7279\u97e6\u65af\u7279\u7cbe\u54c1\u56fd\u9645\u5ea6\u5047\u9152\u5e97", "order_time": ["2019-01-19 22:48:39"], "total_order": 1, "hotel_value": ["4.7"], "hotel_price": ["468"]}, "26483436": {"hotel_name": "\u4e09\u4e9a\u4e0e\u9e7f\u9752\u5e74\u65c5\u820d", "order_time": ["2019-01-19 22:48:43"], "total_order": 1, "hotel_value": ["4.9"], "hotel_price": ["42"]}, "10188701": {"hotel_name": "\u4e09\u4e9a\u6c34\u6676\u4e4b\u604b\u4e3b\u9898\u9152\u5e97", "order_time": ["2019-01-19 22:48:53"], "total_order": 1, "hotel_value": ["4.7"], "hotel_price": ["173"]}, "5980581": {"hotel_name": "\u4e09\u4e9a\u73ba\u6cfd\u6d77\u666f\u65c5\u5c45(\u539f\u6d77\u60a6\u661f\u8fb0\u6d77\u666f\u5ea6\u5047\u516c\u5bd3)", "order_time": ["2019-01-19 22:50:30"], "total_order": 1, "hotel_value": ["4.9"], "hotel_price": ["281"]}, "16925950": {"hotel_name": "\u4e09\u4e9a\u82b1\u6da7\u5885\u522b\u5885\u5ba2\u6808", "order_time": ["2019-01-19 22:50:31"], "total_order": 1, "hotel_value": ["4.9"], "hotel_price": ["190"]}, "3035404": {"hotel_name": "\u4e09\u4e9a\u6e7e\u94f6\u82d1\u4e34\u6d77\u4e3b\u9898\u9152\u5e97", "order_time": ["2019-01-19 22:50:35"], "total_order": 1, "hotel_value": ["4.1"], "hotel_price": ["240"]}, "426966": {"hotel_name": "\u4e09\u4e9a\u5927\u5c0f\u6d1e\u5929\u5c0f\u6708\u6e7e\u5ea6\u5047\u9152\u5e97", "order_time": ["2019-01-19 22:50:50", "2019-01-19 22:54:35"], "total_order": 2, "hotel_value": ["4.5", "4.5"], "hotel_price": ["428", "428"]}, "1101735": {"hotel_name": "\u4e09\u4e9a\u5fc6\u4e61\u4eba\u7cbe\u54c1\u5ba2\u6808", "order_time": ["2019-01-19 22:52:37"], "total_order": 1, "hotel_value": ["4.4"], "hotel_price": ["225"]}, "15838390": {"hotel_name": "\u4e09\u4e9a\u7f8e\u4f73\u5b9c\u5546\u52a1\u65c5\u79df", "order_time": ["2019-01-19 22:54:33"], "total_order": 1, "hotel_value": ["4.6"], "hotel_price": ["163"]}, "1964967": {"hotel_name": "\u4f73\u6377\u8fde\u9501\u9152\u5e97(\u4e09\u4e9a\u51e4\u51f0\u5c9b\u5e97)", "order_time": ["2019-01-19 22:54:36"], "total_order": 1, "hotel_value": ["4.4"], "hotel_price": ["103"]}, "6261136": {"hotel_name": "\u7ef4\u4e5f\u7eb3\u9152\u5e97(\u4e09\u4e9a\u4e9a\u9f99\u6e7e\u5343\u53e4\u60c5\u5e97)", "order_time": ["2019-01-19 22:54:36"], "total_order": 1, "hotel_value": ["4.8"], "hotel_price": ["349"]}, "14003763": {"hotel_name": "\u4e09\u4e9a\u5fc3\u4e00\u5883\u7985\u610f\u5927\u9152\u5e97", "order_time": ["2019-01-19 22:56:29"], "total_order": 1, "hotel_value": ["4.8"], "hotel_price": ["469"]}, "25647873": {"hotel_name": "\u4e09\u4e9a\u5bbf\u989c\u7cbe\u9009\u5ea6\u5047\u9152\u5e97", "order_time": ["2019-01-19 22:56:30"], "total_order": 1, "hotel_value": ["4.7"], "hotel_price": ["178"]}, "20617225": {"hotel_name": "\u7ea6\u00b7\u8bbe\u8ba1\u4e3b\u9898\u9152\u5e97(\u4e09\u4e9a\u5343\u53e4\u60c5\u5e97)", "order_time": ["2019-01-19 22:56:30"], "total_order": 1, "hotel_value": ["4.7"], "hotel_price": ["226"]}, "396523": {"hotel_name": "\u4e09\u4e9a\u4e9a\u9f99\u6e7e\u5929\u9e3f\u5ea6\u5047\u6751", "order_time": ["2019-01-19 22:56:30"], "total_order": 1, "hotel_value": ["4.7"], "hotel_price": ["656"]}, "879580": {"hotel_name": "\u9526\u6c5f\u4e4b\u661f(\u4e09\u4e9a\u56fd\u9645\u8d2d\u7269\u4e2d\u5fc3\u6d77\u666f\u5e97)", "order_time": ["2019-01-19 22:56:30"], "total_order": 1, "hotel_value": ["4.5"], "hotel_price": ["179"]}, "426964": {"hotel_name": "\u4e09\u4e9a\u5eb7\u7279\u738b\u5e9c\u4f1a\u8bae\u5ea6\u5047\u9152\u5e97", "order_time": ["2019-01-19 22:56:31"], "total_order": 1, "hotel_value": ["4.6"], "hotel_price": ["283"]}, "643764": {"hotel_name": "\u6d77\u5357\u96c5\u5c45\u4e50\u65c5\u5bb6\u5ea6\u5047\u9152\u5e97", "order_time": ["2019-01-19 22:56:31"], "total_order": 1, "hotel_value": ["4.3"], "hotel_price": ["262"]}, "346686": {"hotel_name": "\u4e09\u4e9a\u739b\u745e\u7eb3\u9152\u5e97", "order_time": ["2019-01-19 22:56:31"], "total_order": 1, "hotel_value": ["4.6"], "hotel_price": ["350"]}, "2021754": {"hotel_name": "\u4e09\u4e9a\u4fdd\u5229\u5929\u827a\u51e4\u51f0\u9152\u5e97", "order_time": ["2019-01-19 22:56:32"], "total_order": 1, "hotel_value": ["4.4"], "hotel_price": ["312"]}, "25805017": {"hotel_name": "\u4e09\u4e9a\u5fc6\u5885\u5bb6\u5ea6\u5047\u522b\u5885", "order_time": ["2019-01-19 22:56:38"], "total_order": 1, "hotel_value": ["4.7"], "hotel_price": ["145"]}, "835120": {"hotel_name": "\u4e09\u4e9a\u4e3d\u90fd\u6d77\u666f\u5546\u52a1\u9152\u5e97", "order_time": ["2019-01-19 22:56:38"], "total_order": 1, "hotel_value": ["4.1"], "hotel_price": ["154"]}, "691654": {"hotel_name": "\u4e09\u4e9a\u4e9a\u9f99\u6e7e\u9ad8\u5c14\u592b\u7403\u4f1a", "order_time": ["2019-01-19 22:56:45"], "total_order": 1, "hotel_value": ["4.5"], "hotel_price": ["558"]}, "6484684": {"hotel_name": "\u4e09\u4e9a\u4e07\u5ef7\u4e3b\u9898\u9152\u5e97", "order_time": ["2019-01-19 22:58:32"], "total_order": 1, "hotel_value": ["4.7"], "hotel_price": ["203"]}, "16897771": {"hotel_name": "\u4e09\u4e9a\u6d77\u68e0\u6e7e\u9e93\u6e56\u5ea6\u5047\u9152\u5e97", "order_time": ["2019-01-19 22:58:38"], "total_order": 1, "hotel_value": ["4.7"], "hotel_price": ["942"]}, "435983": {"hotel_name": "\u4e09\u4e9a\u4e9a\u9f99\u6e7e\u4eba\u95f4\u5929\u5802-\u9e1f\u5de2\u5ea6\u5047\u6751", "order_time": ["2019-01-19 22:58:39"], "total_order": 1, "hotel_value": ["4.6"], "hotel_price": ["1370"]}, "429615": {"hotel_name": "\u4e09\u4e9a\u4e9a\u9f99\u6e7e\u541b\u6f9c\u5ea6\u5047\u9152\u5e97(\u539f\u5047\u65e5\u5ea6\u5047\u9152\u5e97)", "order_time": ["2019-01-19 22:58:39"], "total_order": 1, "hotel_value": ["4.5"], "hotel_price": ["660"]}, "2785460": {"hotel_name": "L\u6d77\u666f\u5ea6\u5047\u516c\u9986(\u4e09\u4e9a\u9e3f\u6d32\u56fd\u9645\u5e97)(\u539f\u4e09\u4e9a\u9e3f\u6d32\u56fd\u9645\u6d77\u666f\u5ea6\u5047\u516c\u9986)", "order_time": ["2019-01-19 22:58:40"], "total_order": 1, "hotel_value": ["4.6"], "hotel_price": ["204"]}, "23930040": {"hotel_name": "\u90b8\u8bfa\u5171\u4eab\u522b\u5885\u516c\u5bd3(\u4e09\u4e9a\u6e7e\u5e97)", "order_time": ["2019-01-19 22:58:42"], "total_order": 1, "hotel_value": ["4.8"], "hotel_price": ["402"]}, "468707": {"hotel_name": "\u54ea\u91cc\u90a3\u91cc\u6d77\u5cb8\u7cbe\u54c1\u5ba2\u6808(\u4e09\u4e9a\u6e7e\u5e97)", "order_time": ["2019-01-19 23:00:30"], "total_order": 1, "hotel_value": ["4.6"], "hotel_price": ["189"]}, "6588982": {"hotel_name": "\u4e09\u4e9a\u5c0a\u5ba2\u5ea6\u5047\u9152\u5e97", "order_time": ["2019-01-19 23:00:32"], "total_order": 1, "hotel_value": ["4.6"], "hotel_price": ["143"]}, "660317": {"hotel_name": "\u4e09\u4e9a\u4eac\u6da6\u73cd\u73e0\u4e3b\u9898\u9152\u5e97", "order_time": ["2019-01-19 23:00:34"], "total_order": 1, "hotel_value": ["4.5"], "hotel_price": ["230"]}, "346768": {"hotel_name": "\u4e09\u4e9a\u534a\u5c71\u9526\u6c5f\u6d77\u666f\u5ea6\u5047\u9152\u5e97(\u8d35\u5bbe\u697c)", "order_time": ["2019-01-19 23:00:38"], "total_order": 1, "hotel_value": ["4.5"], "hotel_price": ["478"]}, "879235": {"hotel_name": "Q\u52a0\u00b7\u4e09\u4e9a\u591a\u4e50\u5c45\u5bb6\u5ead\u6d77\u666f\u516c\u5bd3", "order_time": ["2019-01-19 23:00:38"], "total_order": 1, "hotel_value": ["4.7"], "hotel_price": ["144"]}, "344912": {"hotel_name": "\u4e09\u4e9a\u6d77\u5929\u5927\u9152\u5e97", "order_time": ["2019-01-19 23:00:38"], "total_order": 1, "hotel_value": ["4.6"], "hotel_price": ["382"]}, "4374867": {"hotel_name": "\u4e09\u4e9a\u53cc\u5927\u56fd\u9645\u9152\u5e97", "order_time": ["2019-01-19 23:00:38"], "total_order": 1, "hotel_value": ["4.5"], "hotel_price": ["432"]}, "447842": {"hotel_name": "\u4e09\u4e9a\u666f\u5229\u83b1\u5ea6\u5047\u9152\u5e97", "order_time": ["2019-01-19 23:00:38"], "total_order": 1, "hotel_value": ["4.4"], "hotel_price": ["232"]}}}