{"\u5f00\u59cb\u8bb0\u5f55\u65f6\u95f4": "2019-01-19 04:15:49", "\u7ed3\u675f\u8bb0\u5f55\u65f6\u95f4": "2019-01-19 05:15:49", "\u8ba2\u5355\u603b\u589e\u91cf": 27, "item": {"6460482": {"hotel_name": "\u4e09\u4e9a\u4e9a\u9f99\u6e7e\u751f\u547d\u6cc9\u7cbe\u54c1\u5ea6\u5047\u9152\u5e97", "order_time": ["2019-01-19 04:26:30", "2019-01-19 04:18:18"], "total_order": 2, "hotel_value": ["4.7", "4.7"], "hotel_price": ["360", "360"]}, "345078": {"hotel_name": "\u4e09\u4e9a\u4e9a\u9f99\u6e7e\u7f8e\u9ad8\u6885\u5ea6\u5047\u9152\u5e97", "order_time": ["2019-01-19 04:24:10"], "total_order": 1, "hotel_value": ["4.7"], "hotel_price": ["1049"]}, "440033": {"hotel_name": "Q\u52a0\u00b7\u4e09\u4e9a\u7f8e\u6021\u6d77\u5cb8\u5ba2\u6808", "order_time": ["2019-01-19 04:24:17"], "total_order": 1, "hotel_value": ["4.7"], "hotel_price": ["123"]}, "344912": {"hotel_name": "\u4e09\u4e9a\u6d77\u5929\u5927\u9152\u5e97", "order_time": ["2019-01-19 04:26:13"], "total_order": 1, "hotel_value": ["4.6"], "hotel_price": ["319"]}, "2021754": {"hotel_name": "\u4e09\u4e9a\u4fdd\u5229\u5929\u827a\u51e4\u51f0\u9152\u5e97", "order_time": ["2019-01-19 04:26:18"], "total_order": 1, "hotel_value": ["4.4"], "hotel_price": ["322"]}, "434509": {"hotel_name": "\u4e09\u4e9a\u9526\u6c5f\u5b9d\u5b8f\u5927\u9152\u5e97\u526f\u697c", "order_time": ["2019-01-19 04:26:22"], "total_order": 1, "hotel_value": ["4.5"], "hotel_price": ["318"]}, "707593": {"hotel_name": "\u4e09\u4e9a\u51e4\u51f0\u5c9b\u6d77\u6d0b\u4e4b\u661f\u5ea6\u5047\u9152\u5e97", "order_time": ["2019-01-19 04:26:31"], "total_order": 1, "hotel_value": ["4.7"], "hotel_price": ["471"]}, "14996879": {"hotel_name": "\u4e09\u4e9a\u6d77\u68e0\u6e7e\u4ec1\u6052\u7687\u51a0\u5047\u65e5\u5ea6\u5047\u9152\u5e97", "order_time": ["2019-01-19 04:32:34", "2019-01-19 04:36:38"], "total_order": 2, "hotel_value": ["4.8", "4.8"], "hotel_price": ["1880", "1880"]}, "1861354": {"hotel_name": "\u683c\u6797\u8c6a\u6cf0(\u4e09\u4e9a\u6625\u56ed\u6d77\u9c9c\u5e7f\u573a\u5feb\u6377\u9152\u5e97)", "order_time": ["2019-01-19 04:36:05"], "total_order": 1, "hotel_value": ["4.0"], "hotel_price": ["154"]}, "426360": {"hotel_name": "\u4e09\u4e9a\u67cf\u745e\u7cbe\u54c1\u6d77\u666f\u9152\u5e97", "order_time": ["2019-01-19 04:36:09"], "total_order": 1, "hotel_value": ["4.6"], "hotel_price": ["380"]}, "1480855": {"hotel_name": "\u4e09\u4e9a\u51ef\u5e1d\u6d77\u666f\u9152\u5e97", "order_time": ["2019-01-19 04:36:15"], "total_order": 1, "hotel_value": ["4.5"], "hotel_price": ["117"]}, "17533420": {"hotel_name": "\u4e09\u4e9a\u5927\u4e1c\u6d77\u9152\u5e97", "order_time": ["2019-01-19 04:38:09"], "total_order": 1, "hotel_value": ["4.8"], "hotel_price": ["439"]}, "344928": {"hotel_name": "\u4e09\u4e9a\u4e9a\u9f99\u6e7e\u4e07\u8c6a\u5ea6\u5047\u9152\u5e97", "order_time": ["2019-01-19 04:38:09"], "total_order": 1, "hotel_value": ["4.6"], "hotel_price": ["989"]}, "345095": {"hotel_name": "\u4e09\u4e9a\u9ece\u5ba2\u56fd\u9645\u9152\u5e97", "order_time": ["2019-01-19 04:42:16"], "total_order": 1, "hotel_value": ["4.4"], "hotel_price": ["369"]}, "12671479": {"hotel_name": "\u4e09\u4e9a\u6da6\u5fb7\u6e7f\u5730\u516c\u56ed\u9152\u5e97", "order_time": ["2019-01-19 04:42:18"], "total_order": 1, "hotel_value": ["4.7"], "hotel_price": ["423"]}, "1570339": {"hotel_name": "\u4e09\u4e9a\u548c\u6cd3\u517b\u751f\u5ea6\u5047\u9152\u5e97", "order_time": ["2019-01-19 04:42:21"], "total_order": 1, "hotel_value": ["4.6"], "hotel_price": ["280"]}, "482829": {"hotel_name": "\u4e09\u4e9a\u4e16\u7eaa\u5c71\u6c34\u9152\u5e97", "order_time": ["2019-01-19 04:44:12"], "total_order": 1, "hotel_value": ["3.9"], "hotel_price": ["183"]}, "345065": {"hotel_name": "\u4e09\u4e9a\u4e07\u4e3d\u5ea6\u5047\u9152\u5e97", "order_time": ["2019-01-19 04:44:22"], "total_order": 1, "hotel_value": ["4.7"], "hotel_price": ["618"]}, "14479512": {"hotel_name": "\u4e09\u4e9a\u6c90\u6797\u5885\u6728\u5c4b\u6c11\u5bbf", "order_time": ["2019-01-19 04:48:11"], "total_order": 1, "hotel_value": ["4.9"], "hotel_price": ["305"]}, "835120": {"hotel_name": "\u4e09\u4e9a\u4e3d\u90fd\u6d77\u666f\u5546\u52a1\u9152\u5e97", "order_time": ["2019-01-19 04:50:11"], "total_order": 1, "hotel_value": ["4.1"], "hotel_price": ["154"]}, "1434740": {"hotel_name": "\u67ab\u6797\u665a\u4e3b\u9898\u9152\u5e97(\u4e09\u4e9a\u6625\u56ed\u6d77\u9c9c\u5e7f\u573a\u5e97)", "order_time": ["2019-01-19 04:52:20"], "total_order": 1, "hotel_value": ["4.9"], "hotel_price": ["173"]}, "15226316": {"hotel_name": "TOWO\u4e0a\u54c1\u9152\u5e97(\u4e09\u4e9a\u6e7e\u5e97)", "order_time": ["2019-01-19 04:58:10"], "total_order": 1, "hotel_value": ["4.7"], "hotel_price": ["173"]}, "808618": {"hotel_name": "7\u5929\u8fde\u9501\u9152\u5e97(\u4e09\u4e9a\u4e09\u4e9a\u6e7e\u6d77\u666f\u5e97)", "order_time": ["2019-01-19 05:00:11"], "total_order": 1, "hotel_value": ["4.2"], "hotel_price": ["129"]}, "346775": {"hotel_name": "\u4e09\u4e9a\u4e9a\u9f99\u6e7e\u73af\u7403\u57ce\u5927\u9152\u5e97", "order_time": ["2019-01-19 05:04:17"], "total_order": 1, "hotel_value": ["4.2"], "hotel_price": ["390"]}, "386919": {"hotel_name": "\u4e09\u4e9a\u4e07\u5609\u5ea6\u5047\u9152\u5e97(\u539f\u4e07\u5609\u6234\u65af\u5ea6\u5047\u9152\u5e97)", "order_time": ["2019-01-19 05:08:11"], "total_order": 1, "hotel_value": ["4.4"], "hotel_price": ["358"]}}}