{"\u5f00\u59cb\u8bb0\u5f55\u65f6\u95f4": "2019-01-21 05:29:43", "\u7ed3\u675f\u8bb0\u5f55\u65f6\u95f4": "2019-01-21 06:29:44", "\u8ba2\u5355\u603b\u589e\u91cf": 37, "item": {"843599": {"hotel_name": "\u4e09\u4e9a\u56db\u5b63\u6d77\u5ead\u9152\u5e97", "order_time": ["2019-01-21 05:31:49"], "total_order": 1, "hotel_value": ["4.6"], "hotel_price": ["324"]}, "457505": {"hotel_name": "\u4e09\u4e9a\u534e\u5ead\u5546\u52a1\u9152\u5e97", "order_time": ["2019-01-21 05:31:49"], "total_order": 1, "hotel_value": ["3.9"], "hotel_price": ["206"]}, "25647873": {"hotel_name": "\u4e09\u4e9a\u5bbf\u989c\u7cbe\u9009\u5ea6\u5047\u9152\u5e97", "order_time": ["2019-01-21 05:31:49"], "total_order": 1, "hotel_value": ["4.7"], "hotel_price": ["181"]}, "773878": {"hotel_name": "\u9f99\u4e91\u5546\u52a1\u5feb\u6377\u9152\u5e97(\u4e09\u4e9a\u51e4\u51f0\u673a\u573a\u5e97)", "order_time": ["2019-01-21 05:33:51"], "total_order": 1, "hotel_value": ["4.2"], "hotel_price": ["133"]}, "1881142": {"hotel_name": "7\u5929\u8fde\u9501\u9152\u5e97(\u4e09\u4e9a\u5409\u7965\u8857\u6d77\u666f\u5e97)", "order_time": ["2019-01-21 05:39:51"], "total_order": 1, "hotel_value": ["4.5"], "hotel_price": ["132"]}, "6446036": {"hotel_name": "\u4e09\u4e9a\u51e4\u51f0\u673a\u573a\u9152\u5e97", "order_time": ["2019-01-21 05:39:51"], "total_order": 1, "hotel_value": ["4.5"], "hotel_price": ["406"]}, "6275536": {"hotel_name": "\u4e09\u4e9a\u4e9a\u9f99\u6e7e\u4e50\u5c45\u8c6a\u5b85\u5ea6\u5047\u516c\u5bd3", "order_time": ["2019-01-21 05:39:51"], "total_order": 1, "hotel_value": ["4.8"], "hotel_price": ["275"]}, "346693": {"hotel_name": "\u4e09\u4e9a\u4e9a\u9f99\u6e7e\u534e\u5b87\u5ea6\u5047\u9152\u5e97", "order_time": ["2019-01-21 05:39:53"], "total_order": 1, "hotel_value": ["4.6"], "hotel_price": ["953"]}, "12671479": {"hotel_name": "\u4e09\u4e9a\u6da6\u5fb7\u6e7f\u5730\u516c\u56ed\u9152\u5e97", "order_time": ["2019-01-21 05:43:54"], "total_order": 1, "hotel_value": ["4.7"], "hotel_price": ["384"]}, "6504155": {"hotel_name": "\u4e09\u4e9a\u552f\u66fc\u6735\u6d77\u666f\u5957\u623f\u5ea6\u5047\u516c\u5bd3", "order_time": ["2019-01-21 05:45:59"], "total_order": 1, "hotel_value": ["4.8"], "hotel_price": ["221"]}, "6610953": {"hotel_name": "\u4e09\u4e9a520\u5ba2\u6808", "order_time": ["2019-01-21 05:52:02"], "total_order": 1, "hotel_value": ["4.2"], "hotel_price": ["113"]}, "9656278": {"hotel_name": "\u4e09\u4e9a\u90c1\u6797\u7ea2\u53f6\u5546\u52a1\u9152\u5e97", "order_time": ["2019-01-21 05:52:02"], "total_order": 1, "hotel_value": ["3.5"], "hotel_price": ["106"]}, "1355644": {"hotel_name": "\u4e09\u4e9a\u7267\u9a6c\u4eba\u5546\u52a1\u9152\u5e97", "order_time": ["2019-01-21 05:52:02"], "total_order": 1, "hotel_value": ["4.1"], "hotel_price": ["134"]}, "28724769": {"hotel_name": "\u4e09\u4e9a\u521d\u89c1\u827a\u5bbf", "order_time": ["2019-01-21 05:52:02"], "total_order": 1, "hotel_value": [0], "hotel_price": ["133"]}, "1713309": {"hotel_name": "\u4e09\u4e9a\u5e7d\u5de2\u4eba\u6587\u6d77\u666f\u5ba2\u6808(\u539f\u6d77\u6d0b\u4e4b\u5bb6\u4e3b\u9898\u5ba2\u6808\u8708\u652f\u6d32\u5c9b\u5e97)", "order_time": ["2019-01-21 05:52:02"], "total_order": 1, "hotel_value": ["4.0"], "hotel_price": ["217"]}, "14013399": {"hotel_name": "\u4e09\u4e9a\u5112\u5bb6\u5047\u65e5\u9152\u5e97", "order_time": ["2019-01-21 05:52:02"], "total_order": 1, "hotel_value": ["4.7"], "hotel_price": ["76"]}, "5764385": {"hotel_name": "517\u9a91\u884c\u9a7f\u7ad9(\u4e09\u4e9a\u5927\u4e1c\u6d77\u5e97)", "order_time": ["2019-01-21 05:52:02"], "total_order": 1, "hotel_value": ["4.6"], "hotel_price": ["45"]}, "24036577": {"hotel_name": "\u4e09\u4e9a\u6d77\u89d2\u5c0f\u61a9\u5ba2\u6808", "order_time": ["2019-01-21 05:52:02"], "total_order": 1, "hotel_value": ["5.0"], "hotel_price": ["111"]}, "854135": {"hotel_name": "\u4e09\u4e9a\u4e50\u5728\u65c5\u9014\u6d77\u666f\u5ea6\u5047\u516c\u5bd3", "order_time": ["2019-01-21 05:52:02"], "total_order": 1, "hotel_value": ["4.8"], "hotel_price": ["332"]}, "26098129": {"hotel_name": "\u4e09\u4e9a\u4e9a\u83b1\u7279\u65c5\u79df", "order_time": ["2019-01-21 05:52:02"], "total_order": 1, "hotel_value": ["5.0"], "hotel_price": ["129"]}, "808551": {"hotel_name": "\u4e09\u4e9a\u5178\u4e30\u6d77\u5cb8\u5bbe\u9986", "order_time": ["2019-01-21 05:52:02"], "total_order": 1, "hotel_value": ["4.1"], "hotel_price": ["81"]}, "9789923": {"hotel_name": "\u4e09\u4e9a\u5eb7\u5e74\u9152\u5e97", "order_time": ["2019-01-21 05:58:21"], "total_order": 1, "hotel_value": ["4.7"], "hotel_price": ["988"]}, "15160074": {"hotel_name": "\u4e09\u4e9a\u4fdd\u5229\u8bfa\u96c5\u5ea6\u5047\u516c\u5bd3", "order_time": ["2019-01-21 06:00:02"], "total_order": 1, "hotel_value": ["4.7"], "hotel_price": ["686"]}, "8057510": {"hotel_name": "\u4e09\u4e9a\u83b2\u5bbf\u9152\u5e97\uff08\u5927\u4e1c\u6d77\u5e97\uff09", "order_time": ["2019-01-21 06:00:06"], "total_order": 1, "hotel_value": ["4.8"], "hotel_price": ["232"]}, "1687513": {"hotel_name": "\u4e09\u4e9a\u73c2\u7532\u6d77\u666f\u5ea6\u5047\u516c\u5bd3", "order_time": ["2019-01-21 06:04:08", "2019-01-21 06:12:16"], "total_order": 2, "hotel_value": ["4.5", "4.5"], "hotel_price": ["315", "315"]}, "440033": {"hotel_name": "Q\u52a0\u00b7\u4e09\u4e9a\u7f8e\u6021\u6d77\u5cb8\u5ba2\u6808", "order_time": ["2019-01-21 06:04:09"], "total_order": 1, "hotel_value": ["4.7"], "hotel_price": ["123"]}, "2650221": {"hotel_name": "\u4e09\u4e9a\u7c73\u6735\u4e3b\u9898\u6d77\u666f\u516c\u5bd3", "order_time": ["2019-01-21 06:06:06"], "total_order": 1, "hotel_value": ["4.7"], "hotel_price": ["233"]}, "346690": {"hotel_name": "\u4e09\u4e9a\u94f6\u6cf0\u9633\u5149\u5ea6\u5047\u9152\u5e97(\u539f\u4e09\u4e9a\u6e58\u6295\u94f6\u6cf0\u5ea6\u5047\u9152\u5e97)", "order_time": ["2019-01-21 06:06:08"], "total_order": 1, "hotel_value": ["4.8"], "hotel_price": ["689"]}, "486003": {"hotel_name": "\u4e09\u4e9a\u8708\u652f\u6d32\u5c9b\u73ca\u745a\u9152\u5e97", "order_time": ["2019-01-21 06:06:08"], "total_order": 1, "hotel_value": ["4.8"], "hotel_price": ["1150"]}, "5296769": {"hotel_name": "\u4e09\u4e9a\u6d77\u68e0\u6e7e\u541b\u60a6\u9152\u5e97", "order_time": ["2019-01-21 06:12:07"], "total_order": 1, "hotel_value": ["4.7"], "hotel_price": ["2013"]}, "3041884": {"hotel_name": "\u4e09\u4e9a\u4e3d\u79be\u6e29\u5fb7\u59c6\u9152\u5e97", "order_time": ["2019-01-21 06:16:03"], "total_order": 1, "hotel_value": ["4.8"], "hotel_price": ["730"]}, "371696": {"hotel_name": "\u4e09\u4e9a\u590f\u5a01\u5937\u5927\u9152\u5e97", "order_time": ["2019-01-21 06:22:17"], "total_order": 1, "hotel_value": ["4.4"], "hotel_price": ["280"]}, "5812543": {"hotel_name": "\u843d\u5b89\u6d77\u666f\u5ba2\u6808(\u4e09\u4e9a\u6d77\u68e0\u6e7e\u8708\u652f\u6d32\u5c9b\u5e97)", "order_time": ["2019-01-21 06:22:18"], "total_order": 1, "hotel_value": ["4.5"], "hotel_price": ["97"]}, "24609830": {"hotel_name": "\u4e09\u4e9a\u6d77\u68e0\u6e7e\u5c0f\u68e0\u522b\u9662\u827a\u672f\u6c11\u5bbf", "order_time": ["2019-01-21 06:22:30"], "total_order": 1, "hotel_value": ["4.8"], "hotel_price": ["341"]}, "427277": {"hotel_name": "\u4e09\u4e9a\u4e2d\u5fc3\u7687\u51a0\u5047\u65e5\u9152\u5e97", "order_time": ["2019-01-21 06:24:02"], "total_order": 1, "hotel_value": ["4.7"], "hotel_price": ["537"]}, "15838390": {"hotel_name": "\u4e09\u4e9a\u7f8e\u4f73\u5b9c\u5546\u52a1\u65c5\u79df", "order_time": ["2019-01-21 06:28:14"], "total_order": 1, "hotel_value": ["4.6"], "hotel_price": ["113"]}}}