{"\u5f00\u59cb\u8bb0\u5f55\u65f6\u95f4": "2019-01-18 14:27:11", "\u7ed3\u675f\u8bb0\u5f55\u65f6\u95f4": "2019-01-18 15:27:11", "\u8ba2\u5355\u603b\u589e\u91cf": 211, "item": {"2032262": {"hotel_name": "\u7ef4\u4e5f\u7eb3\u9152\u5e97(\u4e09\u4e9a\u6e7e\u51e4\u51f0\u5c9b\u5e97)(\u539f\u4e09\u4e9a\u7b2c\u4e00\u5e02\u573a\u5e97)", "order_time": ["2019-01-18 14:29:32", "2019-01-18 14:55:33", "2019-01-18 14:31:39"], "total_order": 3, "hotel_value": ["4.7", "4.7", "4.7"], "hotel_price": ["240", "240", "240"]}, "25779316": {"hotel_name": "\u4e09\u4e9a\u8fc8\u5178\u6d77\u666f\u5ea6\u5047\u516c\u5bd3", "order_time": ["2019-01-18 14:53:41", "2019-01-18 14:29:33", "2019-01-18 15:17:38"], "total_order": 3, "hotel_value": ["4.9", "4.9", "4.9"], "hotel_price": ["392", "392", "392"]}, "9666280": {"hotel_name": "\u4e09\u4e9ahello\u6d77\u666f\u5ea6\u5047\u516c\u5bd3", "order_time": ["2019-01-18 14:29:33", "2019-01-18 14:33:53"], "total_order": 2, "hotel_value": ["4.8", "4.8"], "hotel_price": ["182", "182"]}, "1486685": {"hotel_name": "\u4e09\u4e9a\u51e4\u51f0\u5c9b\u5ea6\u5047\u9152\u5e97", "order_time": ["2019-01-18 14:29:38"], "total_order": 1, "hotel_value": ["4.7"], "hotel_price": ["1108"]}, "1185042": {"hotel_name": "\u4e09\u4e9a\u6e7e\u7ea2\u6811\u6797\u5ea6\u5047\u4e16\u754c(\u83e9\u63d0\u9152\u5e97)", "order_time": ["2019-01-18 14:29:38"], "total_order": 1, "hotel_value": ["4.7"], "hotel_price": ["786"]}, "2574467": {"hotel_name": "\u4e09\u4e9a\u5609\u65fa\u5bb6\u5ead\u65c5\u9986", "order_time": ["2019-01-18 15:01:35", "2019-01-18 14:29:41"], "total_order": 2, "hotel_value": ["4.1", "4.1"], "hotel_price": ["102", "102"]}, "808618": {"hotel_name": "7\u5929\u8fde\u9501\u9152\u5e97(\u4e09\u4e9a\u4e09\u4e9a\u6e7e\u6d77\u666f\u5e97)", "order_time": ["2019-01-18 15:21:38", "2019-01-18 14:29:42"], "total_order": 2, "hotel_value": ["4.2", "4.2"], "hotel_price": ["145", "145"]}, "436675": {"hotel_name": "\u4e09\u4e9a\u5927\u4e1c\u6d77\u541b\u4ead\u9152\u5e97", "order_time": ["2019-01-18 14:29:43"], "total_order": 1, "hotel_value": ["4.8"], "hotel_price": ["353"]}, "6450523": {"hotel_name": "\u4e09\u4e9a\u5c71\u6d77\u5929\u5927\u9152\u5e97\u00b7\u50b2\u9014\u683c\u7cbe\u9009", "order_time": ["2019-01-18 14:29:43"], "total_order": 1, "hotel_value": ["4.8"], "hotel_price": ["1452"]}, "5296769": {"hotel_name": "\u4e09\u4e9a\u6d77\u68e0\u6e7e\u541b\u60a6\u9152\u5e97", "order_time": ["2019-01-18 14:29:44"], "total_order": 1, "hotel_value": ["4.6"], "hotel_price": ["1265"]}, "3041884": {"hotel_name": "\u4e09\u4e9a\u4e3d\u79be\u6e29\u5fb7\u59c6\u9152\u5e97", "order_time": ["2019-01-18 14:29:44"], "total_order": 1, "hotel_value": ["4.8"], "hotel_price": ["800"]}, "5247024": {"hotel_name": "\u4e09\u4e9a\u90a3\u4e00\u5e74\u521d\u89c1\u7cbe\u54c1\u5ba2\u6808", "order_time": ["2019-01-18 14:31:35"], "total_order": 1, "hotel_value": ["4.6"], "hotel_price": ["168"]}, "6809050": {"hotel_name": "\u4e09\u4e9a\u5170\u6d77\u5ea6\u5047\u9152\u5e97\u516c\u5bd3\u84dd\u8272\u6d77\u5cb8\u5e97", "order_time": ["2019-01-18 14:31:36", "2019-01-18 15:03:48"], "total_order": 2, "hotel_value": ["4.7", "4.7"], "hotel_price": ["193", "193"]}, "6126289": {"hotel_name": "\u4e09\u4e9a\u84dd\u6d77\u4e00\u53f7\u6d77\u5cb8\u9152\u5e97", "order_time": ["2019-01-18 14:31:37"], "total_order": 1, "hotel_value": ["4.8"], "hotel_price": ["135"]}, "3423490": {"hotel_name": "\u4e09\u4e9a\u4e3d\u79be\u9152\u5e97", "order_time": ["2019-01-18 14:31:37"], "total_order": 1, "hotel_value": ["4.7"], "hotel_price": ["530"]}, "1251671": {"hotel_name": "\u9526\u6c5f\u4e4b\u661f(\u4e09\u4e9a\u6cb3\u897f\u8def\u6b65\u884c\u6865\u6cb3\u666f\u5e97)", "order_time": ["2019-01-18 14:31:38"], "total_order": 1, "hotel_value": ["4.5"], "hotel_price": ["159"]}, "372133": {"hotel_name": "\u4e09\u4e9a\u73e0\u6c5f\u82b1\u56ed\u9152\u5e97", "order_time": ["2019-01-18 14:55:42", "2019-01-18 14:31:38"], "total_order": 2, "hotel_value": ["4.4", "4.4"], "hotel_price": ["393", "393"]}, "1561957": {"hotel_name": "\u6d77\u5357\u6e05\u6c34\u6e7e\u963f\u7f57\u54c8\u7231\u7434\u6d77\u666f\u5957\u623f\u5ea6\u5047\u9152\u5e97", "order_time": ["2019-01-18 14:31:40", "2019-01-18 15:15:37"], "total_order": 2, "hotel_value": ["4.7", "4.7"], "hotel_price": ["558", "558"]}, "14999032": {"hotel_name": "\u4e09\u4e9a\u4e9a\u9f99\u6e7e\u6d6e\u751f\u82e5\u5bbf\u8bbe\u8ba1\u6c11\u5bbf", "order_time": ["2019-01-18 14:31:41"], "total_order": 1, "hotel_value": ["4.9"], "hotel_price": ["478"]}, "1739015": {"hotel_name": "\u4e09\u4e9a\u9f99\u5174\u83b1\u66fc\u6d77\u666f\u5ea6\u5047\u9152\u5e97", "order_time": ["2019-01-18 14:31:41"], "total_order": 1, "hotel_value": ["4.4"], "hotel_price": ["419"]}, "512827": {"hotel_name": "\u4e09\u4e9a\u6c38\u8302\u5927\u9152\u5e97", "order_time": ["2019-01-18 14:31:43"], "total_order": 1, "hotel_value": ["4.2"], "hotel_price": ["278"]}, "707593": {"hotel_name": "\u4e09\u4e9a\u51e4\u51f0\u5c9b\u6d77\u6d0b\u4e4b\u661f\u5ea6\u5047\u9152\u5e97", "order_time": ["2019-01-18 14:31:45"], "total_order": 1, "hotel_value": ["4.7"], "hotel_price": ["471"]}, "16948036": {"hotel_name": "\u4e09\u4e9a\u6e7e\u7ea2\u6811\u6797\u5ea6\u5047\u4e16\u754c(\u5927\u738b\u68d5\u9152\u5e97)", "order_time": ["2019-01-18 14:31:45"], "total_order": 1, "hotel_value": ["4.7"], "hotel_price": ["900"]}, "346702": {"hotel_name": "\u4e09\u4e9a\u8fb0\u5149\u514b\u62c9\u7801\u5934\u9152\u5e97", "order_time": ["2019-01-18 14:31:45"], "total_order": 1, "hotel_value": ["4.6"], "hotel_price": ["451"]}, "5248858": {"hotel_name": "\u4e09\u4e9a\u4f18\u7c73\u5bb6\u6d77\u666f\u5ea6\u5047\u9152\u5e97\u5f0f\u516c\u5bd3", "order_time": ["2019-01-18 14:31:53"], "total_order": 1, "hotel_value": ["4.2"], "hotel_price": ["262"]}, "6653676": {"hotel_name": "\u4e09\u4e9a\u9038\u548c\u5047\u65e5\u4f4f\u5bbf", "order_time": ["2019-01-18 14:31:54"], "total_order": 1, "hotel_value": ["3.9"], "hotel_price": ["86"]}, "993928": {"hotel_name": "\u5982\u5bb6\u5feb\u6377\u9152\u5e97(\u4e09\u4e9a\u5927\u4e1c\u6d77\u6e38\u5ba2\u4e2d\u5fc3\u5e97)", "order_time": ["2019-01-18 14:33:31"], "total_order": 1, "hotel_value": ["4.3"], "hotel_price": ["140"]}, "468875": {"hotel_name": "\u6674\u5929\u7389\u6ee9\u6d77\u666f\u5ea6\u5047\u516c\u5bd3(\u4e09\u4e9a\u6e7e\u5e97)", "order_time": ["2019-01-18 14:43:39", "2019-01-18 14:33:31"], "total_order": 2, "hotel_value": ["4.1", "4.1"], "hotel_price": ["137", "138"]}, "1583257": {"hotel_name": "\u4e09\u4e9a\u559c\u798f\u65af\u9152\u5e97", "order_time": ["2019-01-18 14:35:33"], "total_order": 1, "hotel_value": ["4.0"], "hotel_price": ["145"]}, "21641576": {"hotel_name": "\u7f8e\u4e3d\u6d77\u9152\u5e97(\u4e09\u4e9a\u51e4\u51f0\u673a\u573a\u5e97)", "order_time": ["2019-01-18 14:35:34"], "total_order": 1, "hotel_value": ["4.5"], "hotel_price": ["129"]}, "386919": {"hotel_name": "\u4e09\u4e9a\u4e07\u5609\u5ea6\u5047\u9152\u5e97(\u539f\u4e07\u5609\u6234\u65af\u5ea6\u5047\u9152\u5e97)", "order_time": ["2019-01-18 14:35:36"], "total_order": 1, "hotel_value": ["4.4"], "hotel_price": ["358"]}, "1302048": {"hotel_name": "\u4e09\u4e9a\u5929\u6daf\u6f6e\u58f0\u5165\u68a6\u6d77\u666f\u5ba2\u6808(\u539f\u7c73\u7c92\u6d77\u666f\u5ba2\u6808\u4e09\u4e9a\u6e7e\u5e97)", "order_time": ["2019-01-18 14:35:36", "2019-01-18 15:19:29"], "total_order": 2, "hotel_value": ["4.7", "4.7"], "hotel_price": ["92", "92"]}, "345080": {"hotel_name": "\u4e09\u4e9a\u4e9a\u9f99\u6e7e\u559c\u6765\u767b\u5ea6\u5047\u9152\u5e97", "order_time": ["2019-01-18 14:35:36", "2019-01-18 14:39:39"], "total_order": 2, "hotel_value": ["4.6", "4.6"], "hotel_price": ["1142", "1142"]}, "6007926": {"hotel_name": "\u4e09\u4e9a\u827e\u8fea\u900a\u9152\u5e97", "order_time": ["2019-01-18 14:35:36"], "total_order": 1, "hotel_value": ["4.7"], "hotel_price": ["1948"]}, "346711": {"hotel_name": "\u4e09\u4e9a\u541b\u9526\u6ee8\u6d77\u9152\u5e97", "order_time": ["2019-01-18 14:35:38"], "total_order": 1, "hotel_value": ["4.4"], "hotel_price": ["266"]}, "8546321": {"hotel_name": "\u6765\u548c\u6d77\u666f\u516c\u5bd3(\u4e09\u4e9a\u5927\u4e1c\u6d77\u5e97)(\u539f\u5927\u4e1c\u6d77\u5e1d\u65af\u66fc\u6d77\u666f\u9152\u5e97)", "order_time": ["2019-01-18 14:36:08"], "total_order": 1, "hotel_value": ["4.8"], "hotel_price": ["294"]}, "344912": {"hotel_name": "\u4e09\u4e9a\u6d77\u5929\u5927\u9152\u5e97", "order_time": ["2019-01-18 14:37:29"], "total_order": 1, "hotel_value": ["4.6"], "hotel_price": ["458"]}, "473314": {"hotel_name": "\u4e09\u4e9a\u4e8c\u6708\u6d77\u6d77\u666f\u9152\u5e97", "order_time": ["2019-01-18 14:41:42", "2019-01-18 14:37:34", "2019-01-18 15:05:36"], "total_order": 3, "hotel_value": ["4.8", "4.8", "4.8"], "hotel_price": ["191", "191", "191"]}, "854467": {"hotel_name": "\u4e09\u4e9a\u67d2\u73a5\u6d77\u8bed\u6d77\u666f\u4e3b\u9898\u9152\u5e97", "order_time": ["2019-01-18 14:37:44"], "total_order": 1, "hotel_value": ["4.6"], "hotel_price": ["107"]}, "1410547": {"hotel_name": "\u4e09\u4e9a18\u5ea6\u6d77\u5cb8\u65c5\u9986", "order_time": ["2019-01-18 14:39:33", "2019-01-18 15:01:38"], "total_order": 2, "hotel_value": ["4.2", "4.2"], "hotel_price": ["139", "139"]}, "8058071": {"hotel_name": "\u968f\u5fc3\u968f\u610f\u9152\u5e97(\u4e09\u4e9a\u6e7e\u5e97)", "order_time": ["2019-01-18 14:39:36"], "total_order": 1, "hotel_value": ["4.4"], "hotel_price": ["130"]}, "17338449": {"hotel_name": "\u4e09\u4e9a\u666f\u660e\u5047\u65e5\u65c5\u79df", "order_time": ["2019-01-18 14:39:38"], "total_order": 1, "hotel_value": ["4.6"], "hotel_price": ["110"]}, "8627044": {"hotel_name": "\u4e09\u4e9a\u4fdd\u5229\u7470\u4e3d\u9152\u5e97", "order_time": ["2019-01-18 15:01:32", "2019-01-18 14:39:39", "2019-01-18 14:45:36"], "total_order": 3, "hotel_value": ["4.7", "4.7", "4.7"], "hotel_price": ["2075", "2075", "2075"]}, "6056059": {"hotel_name": "\u6d77\u5357\u6e05\u6c34\u6e7e\u6e29\u5fb7\u59c6\u5ea6\u5047\u9152\u5e97", "order_time": ["2019-01-18 14:39:40"], "total_order": 1, "hotel_value": ["4.6"], "hotel_price": ["566"]}, "436677": {"hotel_name": "\u4e09\u4e9a\u4e3d\u666f\u6d77\u6e7e\u9152\u5e97", "order_time": ["2019-01-18 14:39:40"], "total_order": 1, "hotel_value": ["4.6"], "hotel_price": ["315"]}, "18075076": {"hotel_name": "\u4e09\u4e9a\u827e\u8a00\u9152\u5e97", "order_time": ["2019-01-18 14:39:40"], "total_order": 1, "hotel_value": ["4.8"], "hotel_price": ["344"]}, "918535": {"hotel_name": "\u4e45\u6816\u00b7\u4e09\u4e9a\u67ab\u4f20\u8bf4\u6d77\u666f\u5ea6\u5047\u516c\u5bd3", "order_time": ["2019-01-18 14:39:41"], "total_order": 1, "hotel_value": ["4.9"], "hotel_price": ["226"]}, "346690": {"hotel_name": "\u4e09\u4e9a\u94f6\u6cf0\u9633\u5149\u5ea6\u5047\u9152\u5e97(\u539f\u4e09\u4e9a\u6e58\u6295\u94f6\u6cf0\u5ea6\u5047\u9152\u5e97)", "order_time": ["2019-01-18 14:40:02"], "total_order": 1, "hotel_value": ["4.8"], "hotel_price": ["798"]}, "426964": {"hotel_name": "\u4e09\u4e9a\u5eb7\u7279\u738b\u5e9c\u4f1a\u8bae\u5ea6\u5047\u9152\u5e97", "order_time": ["2019-01-18 14:40:02"], "total_order": 1, "hotel_value": ["4.6"], "hotel_price": ["284"]}, "2785414": {"hotel_name": "\u5168\u5b63\u9152\u5e97(\u4e09\u4e9a\u5927\u4e1c\u6d77\u5e97)", "order_time": ["2019-01-18 14:41:32"], "total_order": 1, "hotel_value": ["4.5"], "hotel_price": ["322"]}, "1466154": {"hotel_name": "\u4e09\u4e9a\u8363\u5eb7\u9152\u5e97", "order_time": ["2019-01-18 14:41:40"], "total_order": 1, "hotel_value": ["4.3"], "hotel_price": ["93"]}, "9626476": {"hotel_name": "\u4e09\u4e9a\u67ab\u6797\u665a\u667a\u6167\u4e3b\u9898\u9152\u5e97\u51e4\u51f0\u673a\u573a\u5e97", "order_time": ["2019-01-18 14:41:42"], "total_order": 1, "hotel_value": ["4.7"], "hotel_price": ["192"]}, "1057752": {"hotel_name": "\u4e09\u4e9a\u68a6\u56de\u5929\u5802\u5ba2\u6808", "order_time": ["2019-01-18 14:41:42"], "total_order": 1, "hotel_value": ["4.2"], "hotel_price": ["114"]}, "26449232": {"hotel_name": "\u4e09\u4e9a\u65e5\u5915\u5885\u6c11\u5bbf", "order_time": ["2019-01-18 14:43:30"], "total_order": 1, "hotel_value": ["4.9"], "hotel_price": ["252"]}, "473306": {"hotel_name": "\u4e09\u4e9a\u9e3f\u82b3\u4e2d\u6d0b\u6d77\u666f\u9152\u5e97", "order_time": ["2019-01-18 15:09:38", "2019-01-18 14:43:32"], "total_order": 2, "hotel_value": ["4.3", "4.3"], "hotel_price": ["179", "179"]}, "25634977": {"hotel_name": "\u4e09\u4e9a\u827e\u514b\u5a01\u9152\u5e97", "order_time": ["2019-01-18 14:43:33", "2019-01-18 15:07:37", "2019-01-18 14:55:34"], "total_order": 3, "hotel_value": ["4.9", "4.9", "4.9"], "hotel_price": ["226", "226", "262"]}, "1642576": {"hotel_name": "\u4e09\u4e9a\u5b50\u60a6\u5eb7\u5e74\u4e3b\u9898\u5957\u623f\u5ea6\u5047\u9152\u5e97", "order_time": ["2019-01-18 14:43:35"], "total_order": 1, "hotel_value": ["4.7"], "hotel_price": ["422"]}, "3737569": {"hotel_name": "\u5ba2\u6765\u601d\u4e50\u7cbe\u54c1\u5ea6\u5047\u516c\u5bd3(\u4e09\u4e9a\u51e4\u51f0\u6c34\u57ce\u7fe0\u5c4f\u5e97)", "order_time": ["2019-01-18 14:43:36"], "total_order": 1, "hotel_value": ["4.5"], "hotel_price": ["292"]}, "7864205": {"hotel_name": "\u65f6\u4ee3\u5927\u6811\u5ea6\u5047\u9152\u5e97(\u4e09\u4e9a\u7f8e\u4e3d\u4e4b\u51a0\u5e97)(\u539f\u7f8e\u4e3d\u4e4b\u51a0\u5927\u6811\u5ea6\u5047\u9152\u5e97)", "order_time": ["2019-01-18 15:19:30", "2019-01-18 15:13:32", "2019-01-18 14:43:37"], "total_order": 3, "hotel_value": ["4.6", "4.6", "4.6"], "hotel_price": ["210", "210", "210"]}, "8577336": {"hotel_name": "\u4e09\u4e9a\u946b\u6d77\u5cb8\u6d77\u666f\u5ea6\u5047\u516c\u5bd3", "order_time": ["2019-01-18 14:43:37"], "total_order": 1, "hotel_value": ["4.2"], "hotel_price": ["158"]}, "8581510": {"hotel_name": "\u4e09\u4e9a\u534a\u5c71\u9a7f\u6d77\u5cb8\u7cbe\u54c1\u5ba2\u6808(\u539f\u871c\u5bb6\u5c0f\u9662)", "order_time": ["2019-01-18 15:01:32", "2019-01-18 14:43:39", "2019-01-18 15:07:48"], "total_order": 3, "hotel_value": ["4.7", "4.7", "4.7"], "hotel_price": ["148", "148", "148"]}, "25104976": {"hotel_name": "\u4e09\u4e9a\u5343\u6d54\u5c7f\u5bbf\u8bbe\u8ba1\u6c11\u5bbf", "order_time": ["2019-01-18 14:45:30"], "total_order": 1, "hotel_value": ["4.8"], "hotel_price": ["381"]}, "8616662": {"hotel_name": "\u4e09\u4e9a\u62fe\u5149\u96c6\u827a\u672f\u4e3b\u9898\u9152\u5e97(\u539f\u4e09\u4e9a\u62fe\u5149\u96c6\u7cbe\u54c1\u6c11\u5bbf)", "order_time": ["2019-01-18 15:13:38", "2019-01-18 14:45:30"], "total_order": 2, "hotel_value": ["4.8", "4.8"], "hotel_price": ["199", "199"]}, "7660007": {"hotel_name": "\u4e09\u4e9a\u767e\u9999\u679c\u7279\u8272\u4e3b\u9898\u5ba2\u6808", "order_time": ["2019-01-18 14:45:32"], "total_order": 1, "hotel_value": ["4.7"], "hotel_price": ["140"]}, "13411954": {"hotel_name": "\u4e09\u4e9a\u6816\u6f9c\u6d77\u68e0\u522b\u5885\u6c11\u5bbf", "order_time": ["2019-01-18 14:45:34"], "total_order": 1, "hotel_value": ["5.0"], "hotel_price": ["1574"]}, "25768287": {"hotel_name": "\u4e09\u4e9a\u5357\u590f\u51ef\u83b1\u60a6\u4eab\u9152\u5e97", "order_time": ["2019-01-18 14:45:35", "2019-01-18 14:51:37"], "total_order": 2, "hotel_value": ["4.8", "4.8"], "hotel_price": ["318", "324"]}, "1645771": {"hotel_name": "\u4e09\u4e9a\u68c0\u987a\u5546\u52a1\u9152\u5e97(\u539f\u805a\u946b\u56ed\u5546\u52a1\u9152\u5e97)", "order_time": ["2019-01-18 14:45:36"], "total_order": 1, "hotel_value": ["4.2"], "hotel_price": ["172"]}, "370837": {"hotel_name": "\u4e09\u4e9a\u78a7\u6d77\u91d1\u6c99\u9152\u5e97", "order_time": ["2019-01-18 14:45:39"], "total_order": 1, "hotel_value": ["4.6"], "hotel_price": ["280"]}, "4909173": {"hotel_name": "\u4e09\u4e9a\u9999\u6c34\u6e7e\u541b\u6f9c\u5206\u65f6\u5ea6\u5047\u522b\u5885", "order_time": ["2019-01-18 14:45:39"], "total_order": 1, "hotel_value": ["4.7"], "hotel_price": ["1988"]}, "3358744": {"hotel_name": "\u4e09\u4e9a\u8346\u68d8\u9e1f\u9752\u5e74\u65c5\u820d", "order_time": ["2019-01-18 14:45:42"], "total_order": 1, "hotel_value": ["4.4"], "hotel_price": ["47"]}, "4332410": {"hotel_name": "\u4e09\u4e9a\u5a01\u9f99\u5bbe\u9986", "order_time": ["2019-01-18 14:45:45"], "total_order": 1, "hotel_value": [0], "hotel_price": ["169"]}, "2497465": {"hotel_name": "\u4e09\u4e9a\u52a0\u5dde\u65c5\u9986(\u539f\u65e9\u5b89\u52a0\u5dde\u65c5\u9986)", "order_time": ["2019-01-18 14:46:03"], "total_order": 1, "hotel_value": ["4.5"], "hotel_price": ["102"]}, "346679": {"hotel_name": "\u4e09\u4e9a\u6e7e\u7687\u51a0\u5047\u65e5\u5ea6\u5047\u9152\u5e97", "order_time": ["2019-01-18 14:47:33"], "total_order": 1, "hotel_value": ["4.6"], "hotel_price": ["638"]}, "371696": {"hotel_name": "\u4e09\u4e9a\u590f\u5a01\u5937\u5927\u9152\u5e97", "order_time": ["2019-01-18 14:47:36", "2019-01-18 14:55:37"], "total_order": 2, "hotel_value": ["4.4", "4.4"], "hotel_price": ["280", "280"]}, "7687149": {"hotel_name": "\u4e09\u4e9a\u5d16\u5dde\u6e7e\u5ea6\u5047\u6751\u5e0c\u5c14\u987f\u683c\u82ae\u7cbe\u9009\u9152\u5e97", "order_time": ["2019-01-18 14:47:36"], "total_order": 1, "hotel_value": ["4.5"], "hotel_price": ["644"]}, "24609830": {"hotel_name": "\u4e09\u4e9a\u6d77\u68e0\u6e7e\u5c0f\u68e0\u522b\u9662\u827a\u672f\u6c11\u5bbf", "order_time": ["2019-01-18 14:47:37"], "total_order": 1, "hotel_value": ["4.8"], "hotel_price": ["321"]}, "4841962": {"hotel_name": "\u4e09\u4e9a\u7231\u7b51\u6545\u4e8b\u5ba2\u6808", "order_time": ["2019-01-18 14:47:37"], "total_order": 1, "hotel_value": ["4.8"], "hotel_price": ["158"]}, "8504245": {"hotel_name": "\u90b8\u8bfa\u5171\u4eab\u522b\u5885\u516c\u5bd3(\u4e09\u4e9a\u4e9a\u9f99\u6e7e\u5e97)", "order_time": ["2019-01-18 14:47:38"], "total_order": 1, "hotel_value": ["4.7"], "hotel_price": ["356"]}, "21910420": {"hotel_name": "\u4e09\u4e9a\u4f9d\u9716\u7cbe\u54c1\u5ea6\u5047\u516c\u5bd3", "order_time": ["2019-01-18 14:47:39"], "total_order": 1, "hotel_value": ["4.9"], "hotel_price": ["216"]}, "1378336": {"hotel_name": "\u4e09\u4e9a\u7f8e\u5c14\u6d77\u60a6\u53f0\u9152\u5e97", "order_time": ["2019-01-18 14:47:40"], "total_order": 1, "hotel_value": ["4.2"], "hotel_price": ["260"]}, "1361281": {"hotel_name": "\u4e09\u4e9a\u6e7e\u7ea2\u6811\u6797\u5ea6\u5047\u4e16\u754c(\u6930\u6797\u9152\u5e97)", "order_time": ["2019-01-18 15:07:40", "2019-01-18 14:49:28"], "total_order": 2, "hotel_value": ["4.7", "4.7"], "hotel_price": ["778", "778"]}, "4388404": {"hotel_name": "\u4e09\u4e9a\u7f8e\u4e3d\u4e4b\u51a0\u5927\u6811\u9152\u5e97", "order_time": ["2019-01-18 14:49:31"], "total_order": 1, "hotel_value": ["4.3"], "hotel_price": ["221"]}, "346664": {"hotel_name": "\u4e09\u4e9a\u541b\u7136\u6e29\u6cc9\u5ea6\u5047\u9152\u5e97", "order_time": ["2019-01-18 15:13:34", "2019-01-18 14:49:32"], "total_order": 2, "hotel_value": ["4.5", "4.5"], "hotel_price": ["253", "253"]}, "13975638": {"hotel_name": "\u4e09\u4e9a\u9b45\u84dd\u4e4b\u591c\u4e3b\u9898\u9152\u5e97", "order_time": ["2019-01-18 14:49:35"], "total_order": 1, "hotel_value": ["4.8"], "hotel_price": ["126"]}, "1434723": {"hotel_name": "\u4e09\u4e9a\u667a\u53cb\u4e3b\u9898\u5bbe\u9986", "order_time": ["2019-01-18 14:49:36"], "total_order": 1, "hotel_value": ["4.7"], "hotel_price": ["103"]}, "11444334": {"hotel_name": "\u4e09\u4e9a\u4e9a\u9f99\u6e7e\u5e0c\u60a6\u7cbe\u54c1\u522b\u5885\u9152\u5e97", "order_time": ["2019-01-18 14:49:42", "2019-01-18 15:07:36"], "total_order": 2, "hotel_value": ["4.6", "4.6"], "hotel_price": ["540", "540"]}, "5253602": {"hotel_name": "\u4e09\u4e9a\u6e7e\u98ce\u5c1a\u6d77\u666f\u5ea6\u5047\u516c\u5bd3", "order_time": ["2019-01-18 14:51:32"], "total_order": 1, "hotel_value": ["4.9"], "hotel_price": ["384"]}, "22421309": {"hotel_name": "\u4e09\u4e9a\u5c1a\u9a7b\u5c0f\u9662\u8bbe\u8ba1\u6c11\u5bbf", "order_time": ["2019-01-18 14:51:35", "2019-01-18 14:59:40"], "total_order": 2, "hotel_value": ["4.4", "4.4"], "hotel_price": ["122", "134"]}, "25805017": {"hotel_name": "\u4e09\u4e9a\u5fc6\u5885\u5bb6\u5ea6\u5047\u522b\u5885", "order_time": ["2019-01-18 14:51:36"], "total_order": 1, "hotel_value": ["4.7"], "hotel_price": ["134"]}, "428318": {"hotel_name": "\u4e09\u4e9a\u6021\u5ead\u9152\u5e97", "order_time": ["2019-01-18 14:51:36"], "total_order": 1, "hotel_value": ["4.8"], "hotel_price": ["250"]}, "1067285": {"hotel_name": "\u6d77\u5357\u84dd\u6e7e\u7eff\u57ce\u5a01\u65af\u6c40\u5ea6\u5047\u9152\u5e97", "order_time": ["2019-01-18 14:51:37"], "total_order": 1, "hotel_value": ["4.7"], "hotel_price": ["29724"]}, "25804375": {"hotel_name": "\u4e09\u4e9a\u6e90\u5bbf\u5c0f\u9662", "order_time": ["2019-01-18 14:51:37"], "total_order": 1, "hotel_value": ["4.9"], "hotel_price": ["145"]}, "441316": {"hotel_name": "\u4e09\u4e9a\u8c6a\u5a01\u9e92\u9e9f\u5927\u9152\u5e97", "order_time": ["2019-01-18 14:51:40"], "total_order": 1, "hotel_value": ["4.4"], "hotel_price": ["214"]}, "2260152": {"hotel_name": "\u4e09\u4e9a\u51e4\u51f0\u56fd\u9645\u673a\u573a100\u5ba2\u6808", "order_time": ["2019-01-18 14:51:42"], "total_order": 1, "hotel_value": ["4.4"], "hotel_price": ["121"]}, "21337854": {"hotel_name": "\u4e09\u4e9a\u671b\u6d77\u8f69\u5ea6\u5047\u516c\u5bd3", "order_time": ["2019-01-18 14:51:49"], "total_order": 1, "hotel_value": [0], "hotel_price": ["197"]}, "532834": {"hotel_name": "\u4e09\u4e9a\u6d77\u68e0\u6e7e\u6c11\u751f\u5a01\u65af\u6c40\u5ea6\u5047\u9152\u5e97", "order_time": ["2019-01-18 14:53:38"], "total_order": 1, "hotel_value": ["4.6"], "hotel_price": ["5200"]}, "3631084": {"hotel_name": "\u4e09\u4e9a\u6e7e\u5e0c\u5c14\u987f\u6b22\u670b\u9152\u5e97", "order_time": ["2019-01-18 14:53:44"], "total_order": 1, "hotel_value": ["4.8"], "hotel_price": ["609"]}, "473355": {"hotel_name": "\u4e09\u4e9a\u6d77\u5c9b\u9e7f\u57ce\u6d77\u666f\u5ea6\u5047\u516c\u5bd3", "order_time": ["2019-01-18 14:53:44"], "total_order": 1, "hotel_value": ["4.8"], "hotel_price": ["160"]}, "2157963": {"hotel_name": "\u4e09\u4e9a\u4e07\u79d1\u68ee\u6797\u60a6\u5ea6\u5047\u6751", "order_time": ["2019-01-18 14:55:33"], "total_order": 1, "hotel_value": ["4.4"], "hotel_price": ["546"]}, "3777325": {"hotel_name": "\u4e09\u4e9a\u90a3\u65f6\u5149\u6000\u65e7\u5ba2\u6808", "order_time": ["2019-01-18 14:55:34"], "total_order": 1, "hotel_value": ["4.8"], "hotel_price": ["118"]}, "6562139": {"hotel_name": "\u4e09\u4e9a\u552f\u66a7\u7cbe\u54c1\u4e3b\u9898\u9152\u5e97", "order_time": ["2019-01-18 14:55:39"], "total_order": 1, "hotel_value": ["4.8"], "hotel_price": ["163"]}, "8836577": {"hotel_name": "\u4e09\u4e9a\u51e4\u51f0\u5bb6\u5ead\u65c5\u79df", "order_time": ["2019-01-18 14:55:39"], "total_order": 1, "hotel_value": ["4.3"], "hotel_price": ["100"]}, "24036490": {"hotel_name": "\u4e09\u4e9a\u65f6\u5149\u5c0f\u820d\u6d77\u8fb9\u7cbe\u54c1\u5ba2\u6808", "order_time": ["2019-01-18 14:55:40"], "total_order": 1, "hotel_value": ["4.9"], "hotel_price": ["119"]}, "835120": {"hotel_name": "\u4e09\u4e9a\u4e3d\u90fd\u6d77\u666f\u5546\u52a1\u9152\u5e97", "order_time": ["2019-01-18 14:55:41"], "total_order": 1, "hotel_value": ["4.1"], "hotel_price": ["154"]}, "4033951": {"hotel_name": "\u4e09\u4e9a\u51e4\u51f0\u5c9b\u6d77\u6d0b\u4e4b\u68a6\u5ea6\u5047\u9152\u5e97", "order_time": ["2019-01-18 14:55:42"], "total_order": 1, "hotel_value": ["4.7"], "hotel_price": ["657"]}, "1772127": {"hotel_name": "\u4e09\u4e9a\u6e7e\u7ea2\u6811\u6797\u5ea6\u5047\u4e16\u754c(\u7687\u540e\u68d5\u9152\u5e97)", "order_time": ["2019-01-18 14:55:42"], "total_order": 1, "hotel_value": ["4.7"], "hotel_price": ["900"]}, "12462953": {"hotel_name": "\u4e09\u4e9a\u6d77\u4e0a\u65f6\u5149\u522b\u5885\u5ba2\u6808", "order_time": ["2019-01-18 14:55:44"], "total_order": 1, "hotel_value": ["4.9"], "hotel_price": ["216"]}, "1207127": {"hotel_name": "\u4e09\u4e9a\u5411\u65e5\u8475\u6d77\u666f\u5ba2\u6808", "order_time": ["2019-01-18 14:55:45"], "total_order": 1, "hotel_value": ["4.1"], "hotel_price": ["101"]}, "6258601": {"hotel_name": "\u4e09\u4e9a\u4e60\u8336\u5c45\u4e3b\u9898\u5ba2\u6808(\u5929\u6daf\u6d77\u89d2\u5e97)", "order_time": ["2019-01-18 14:56:03"], "total_order": 1, "hotel_value": ["4.7"], "hotel_price": ["158"]}, "374842": {"hotel_name": "\u4e09\u4e9a\u6e7e\u6d77\u5c45\u94c2\u5c14\u66fc\u5ea6\u5047\u9152\u5e97", "order_time": ["2019-01-18 15:05:41", "2019-01-18 14:57:33"], "total_order": 2, "hotel_value": ["4.7", "4.7"], "hotel_price": ["944", "944"]}, "15901219": {"hotel_name": "\u4e09\u4e9aFRIENDLY\u6c11\u5bbf", "order_time": ["2019-01-18 14:57:37"], "total_order": 1, "hotel_value": ["4.9"], "hotel_price": ["419"]}, "21093178": {"hotel_name": "\u4e09\u4e9a\u60c5\u6d77\u4e00\u5bbf\u65c5\u79df", "order_time": ["2019-01-18 15:13:38", "2019-01-18 14:57:39"], "total_order": 2, "hotel_value": ["4.9", "4.9"], "hotel_price": ["113", "113"]}, "741295": {"hotel_name": "\u4e09\u4e9a\u8fdc\u8fd1\u6d77\u666f\u9152\u5e97", "order_time": ["2019-01-18 14:59:34"], "total_order": 1, "hotel_value": ["4.6"], "hotel_price": ["113"]}, "3385222": {"hotel_name": "\u4e09\u4e9a\u6d77\u60a6\u4e1c\u65b9\u9152\u5e97", "order_time": ["2019-01-18 14:59:36"], "total_order": 1, "hotel_value": ["4.3"], "hotel_price": ["133"]}, "6287098": {"hotel_name": "\u4e09\u4e9a\u6ce5\u5bbf\u827a\u672f\u9152\u5e97", "order_time": ["2019-01-18 15:23:38", "2019-01-18 14:59:39"], "total_order": 2, "hotel_value": ["4.5", "4.5"], "hotel_price": ["184", "189"]}, "1061497": {"hotel_name": "\u4e09\u4e9a\u6052\u76db\u6d77\u666f\u5ea6\u5047\u516c\u5bd3(\u91d1\u51e4\u51f0\u6d77\u666f\u516c\u5bd3\u5e97)", "order_time": ["2019-01-18 14:59:39"], "total_order": 1, "hotel_value": ["4.9"], "hotel_price": ["282"]}, "1716616": {"hotel_name": "\u4e09\u4e9a\u5317\u6797\u5bbe\u9986", "order_time": ["2019-01-18 15:01:42"], "total_order": 1, "hotel_value": ["3.6"], "hotel_price": ["217"]}, "453426": {"hotel_name": "\u4e09\u4e9a\u7f8e\u5ea6\u9152\u5e97", "order_time": ["2019-01-18 15:01:43"], "total_order": 1, "hotel_value": ["4.4"], "hotel_price": ["146"]}, "976249": {"hotel_name": "\u54ea\u91cc\u90a3\u91cc\u6d77\u5cb8\u7cbe\u54c1\u5ba2\u6808(\u4e09\u4e9a\u5927\u4e1c\u6d77\u5e97)", "order_time": ["2019-01-18 15:03:32", "2019-01-18 15:21:41"], "total_order": 2, "hotel_value": ["4.8", "4.8"], "hotel_price": ["175", "178"]}, "2785534": {"hotel_name": "\u4e09\u4e9a\u6e38\u4e50\u7f8e\u6d77\u666f\u5ea6\u5047\u516c\u5bd3", "order_time": ["2019-01-18 15:03:32"], "total_order": 1, "hotel_value": ["4.8"], "hotel_price": ["159"]}, "345093": {"hotel_name": "\u4e09\u4e9a\u9633\u5149\u5927\u9152\u5e97", "order_time": ["2019-01-18 15:03:37"], "total_order": 1, "hotel_value": ["4.6"], "hotel_price": ["454"]}, "6864951": {"hotel_name": "\u4e09\u4e9a\u6052\u76db\u5ea6\u5047\u516c\u5bd3", "order_time": ["2019-01-18 15:03:42"], "total_order": 1, "hotel_value": ["4.5"], "hotel_price": ["193"]}, "2705938": {"hotel_name": "\u4e09\u4e9a\u514b\u62c9\u5c14\u9152\u5e97\u00b7\u6d77\u5cb8\u7cbe\u9009", "order_time": ["2019-01-18 15:03:55"], "total_order": 1, "hotel_value": ["4.7"], "hotel_price": ["148"]}, "345065": {"hotel_name": "\u4e09\u4e9a\u4e07\u4e3d\u5ea6\u5047\u9152\u5e97", "order_time": ["2019-01-18 15:16:04", "2019-01-18 15:04:01", "2019-01-18 15:19:57"], "total_order": 3, "hotel_value": ["4.7", "4.7", "4.7"], "hotel_price": ["718", "718", "718"]}, "1470056": {"hotel_name": "Q\u52a0\u00b7\u4e09\u4e9a\u8fd9\u7247\u6d77\u5ea6\u5047\u6d77\u666f\u5ba2\u6808", "order_time": ["2019-01-18 15:05:32"], "total_order": 1, "hotel_value": ["4.6"], "hotel_price": ["177"]}, "15226316": {"hotel_name": "TOWO\u4e0a\u54c1\u9152\u5e97(\u4e09\u4e9a\u6e7e\u5e97)", "order_time": ["2019-01-18 15:05:33", "2019-01-18 15:07:32"], "total_order": 2, "hotel_value": ["4.7", "4.7"], "hotel_price": ["183", "183"]}, "26669466": {"hotel_name": "\u4e09\u4e9a\u81ea\u7531\u7a7a\u95f4\u65c5\u79df", "order_time": ["2019-01-18 15:05:35"], "total_order": 1, "hotel_value": ["4.7"], "hotel_price": ["109"]}, "345095": {"hotel_name": "\u4e09\u4e9a\u9ece\u5ba2\u56fd\u9645\u9152\u5e97", "order_time": ["2019-01-18 15:05:40"], "total_order": 1, "hotel_value": ["4.4"], "hotel_price": ["369"]}, "16897771": {"hotel_name": "\u4e09\u4e9a\u6d77\u68e0\u6e7e\u9e93\u6e56\u5ea6\u5047\u9152\u5e97", "order_time": ["2019-01-18 15:05:41"], "total_order": 1, "hotel_value": ["4.7"], "hotel_price": ["583"]}, "28761487": {"hotel_name": "\u9a8f\u6021\u8f7b\u5c45\u8fde\u9501\u5bbe\u9986(\u4e09\u4e9a\u51e4\u51f0\u673a\u573a\u5e97)", "order_time": ["2019-01-18 15:05:44"], "total_order": 1, "hotel_value": [0], "hotel_price": ["173"]}, "5942960": {"hotel_name": "\u4e09\u4e9a\u6e05\u51c9\u6d77\u666f\u5ea6\u5047\u516c\u5bd3", "order_time": ["2019-01-18 15:05:45"], "total_order": 1, "hotel_value": ["4.7"], "hotel_price": ["198"]}, "10898472": {"hotel_name": "\u4e09\u4e9a\u9605\u5fb7\u6069\u5ba2\u6808", "order_time": ["2019-01-18 15:05:48"], "total_order": 1, "hotel_value": ["4.9"], "hotel_price": ["107"]}, "2701655": {"hotel_name": "\u4e09\u4e9a\u6162\u8282\u594f\u6d77\u666f\u7cbe\u54c1\u5ba2\u6808", "order_time": ["2019-01-18 15:07:33"], "total_order": 1, "hotel_value": ["4.7"], "hotel_price": ["113"]}, "6396157": {"hotel_name": "\u4e09\u4e9a\u6668\u5915\u5c0f\u820d\u7cbe\u54c1\u5ba2\u6808\u673a\u573a\u522b\u5885\u5e97", "order_time": ["2019-01-18 15:07:38"], "total_order": 1, "hotel_value": ["4.7"], "hotel_price": ["131"]}, "25280922": {"hotel_name": "\u4e09\u4e9a\u4e9a\u9f99\u6e7e\u7fe1\u7fe0\u8c37\u4e00\u671f\u522b\u5885", "order_time": ["2019-01-18 15:07:40"], "total_order": 1, "hotel_value": [0], "hotel_price": ["232"]}, "9580477": {"hotel_name": "\u5411\u65e5\u8475\u6d77\u5cb8\u5ba2\u6808(\u4e09\u4e9a\u51e4\u51f0\u673a\u573a\u5e97)", "order_time": ["2019-01-18 15:07:41"], "total_order": 1, "hotel_value": ["4.6"], "hotel_price": ["199"]}, "1434740": {"hotel_name": "\u67ab\u6797\u665a\u4e3b\u9898\u9152\u5e97(\u4e09\u4e9a\u6625\u56ed\u6d77\u9c9c\u5e7f\u573a\u5e97)", "order_time": ["2019-01-18 15:07:41"], "total_order": 1, "hotel_value": ["4.9"], "hotel_price": ["173"]}, "2021754": {"hotel_name": "\u4e09\u4e9a\u4fdd\u5229\u5929\u827a\u51e4\u51f0\u9152\u5e97", "order_time": ["2019-01-18 15:07:48"], "total_order": 1, "hotel_value": ["4.4"], "hotel_price": ["322"]}, "5902128": {"hotel_name": "\u9685\u82b1\u539f\u5c71\u95f4\u8bbe\u8ba1\u9152\u5e97(\u4e09\u4e9a\u51e4\u51f0\u673a\u573a\u5e97)", "order_time": ["2019-01-18 15:07:48", "2019-01-18 15:19:31"], "total_order": 2, "hotel_value": ["4.7", "4.7"], "hotel_price": ["322", "322"]}, "4845384": {"hotel_name": "\u4e09\u4e9a\u84dd\u5cb8\u6d77\u8fb9\u4e3b\u9898\u9152\u5e97", "order_time": ["2019-01-18 15:09:33"], "total_order": 1, "hotel_value": ["4.7"], "hotel_price": ["229"]}, "14119383": {"hotel_name": "\u4e09\u4e9a\u6734\u5bbf\u8bbe\u8ba1\u6c11\u5bbf", "order_time": ["2019-01-18 15:09:42"], "total_order": 1, "hotel_value": ["4.7"], "hotel_price": ["125"]}, "3180637": {"hotel_name": "\u4e09\u4e9a\u9752\u827a\u672f\u96c5\u7b51\u5ba2\u6808(\u4e09\u4e9a\u6e7e\u5e97)", "order_time": ["2019-01-18 15:11:39", "2019-01-18 15:15:36"], "total_order": 2, "hotel_value": ["4.8", "4.8"], "hotel_price": ["139", "139"]}, "12458747": {"hotel_name": "\u4e09\u4e9a\u851a\u84dd\u6d77\u5cb8\u6d77\u666f\u516c\u5bd3", "order_time": ["2019-01-18 15:13:31"], "total_order": 1, "hotel_value": ["4.9"], "hotel_price": ["292"]}, "481437": {"hotel_name": "\u9526\u6c5f\u4e4b\u661f(\u4e09\u4e9a\u89e3\u653e\u8def\u5e97)", "order_time": ["2019-01-18 15:14:01"], "total_order": 1, "hotel_value": ["4.6"], "hotel_price": ["179"]}, "643641": {"hotel_name": "\u4e09\u4e9a\u51e4\u51f0\u673a\u573a\u6d77\u822a\u5feb\u6377\u9152\u5e97", "order_time": ["2019-01-18 15:15:35", "2019-01-18 15:21:43", "2019-01-18 15:23:30"], "total_order": 3, "hotel_value": ["4.1", "4.1", "4.1"], "hotel_price": ["478", "478", "478"]}, "428330": {"hotel_name": "\u7231\u4e3d\u9152\u5e97(\u4e09\u4e9a\u5e97)", "order_time": ["2019-01-18 15:17:37"], "total_order": 1, "hotel_value": ["4.5"], "hotel_price": ["108"]}, "895697": {"hotel_name": "7\u5929\u8fde\u9501\u9152\u5e97(\u4e09\u4e9a\u6e7e\u80dc\u5229\u8d2d\u7269\u5e7f\u573a\u5e97)", "order_time": ["2019-01-18 15:17:37"], "total_order": 1, "hotel_value": ["4.3"], "hotel_price": ["167"]}, "469109": {"hotel_name": "\u4e09\u4e9a\u7720\u901f\u00b7\u4f18\u516c\u5bd3(\u539f18\u00b0\u9633\u5149\u5ea6\u5047\u516c\u5bd3)", "order_time": ["2019-01-18 15:17:39"], "total_order": 1, "hotel_value": ["4.8"], "hotel_price": ["117"]}, "6402325": {"hotel_name": "\u4e09\u4e9a\u7b49\u82b1\u513f\u5f00\u827a\u672f\u6c11\u5bbf", "order_time": ["2019-01-18 15:17:41"], "total_order": 1, "hotel_value": ["4.7"], "hotel_price": ["107"]}, "447842": {"hotel_name": "\u4e09\u4e9a\u666f\u5229\u83b1\u5ea6\u5047\u9152\u5e97", "order_time": ["2019-01-18 15:17:41"], "total_order": 1, "hotel_value": ["4.4"], "hotel_price": ["232"]}, "8681237": {"hotel_name": "\u4e09\u4e9a\u5927\u4e1c\u6d77\u5fc6\u8bed\u6d41\u5e74\u4e3b\u9898\u9152\u5e97", "order_time": ["2019-01-18 15:17:42"], "total_order": 1, "hotel_value": ["4.8"], "hotel_price": ["189"]}, "6321309": {"hotel_name": "\u4e09\u4e9a\u65f6\u5149\u6d77\u5cb8\u6d77\u666f\u5ea6\u5047\u516c\u5bd3", "order_time": ["2019-01-18 15:17:45"], "total_order": 1, "hotel_value": ["4.6"], "hotel_price": ["151"]}, "25647873": {"hotel_name": "\u4e09\u4e9a\u5bbf\u989c\u7cbe\u9009\u5ea6\u5047\u9152\u5e97", "order_time": ["2019-01-18 15:19:29"], "total_order": 1, "hotel_value": ["4.7"], "hotel_price": ["178"]}, "13323312": {"hotel_name": "\u4e09\u4e9a\u6cf0\u4ed5\u5546\u52a1\u9152\u5e97", "order_time": ["2019-01-18 15:19:30"], "total_order": 1, "hotel_value": ["4.8"], "hotel_price": ["160"]}, "8577342": {"hotel_name": "\u4e09\u4e9a\u6d77\u5706\u68a6\u6d77\u666f\u5ba2\u6808", "order_time": ["2019-01-18 15:19:34"], "total_order": 1, "hotel_value": ["4.8"], "hotel_price": ["110"]}, "28710421": {"hotel_name": "\u4e09\u4e9a\u8fce\u5bbf\u4e3b\u9898\u9152\u5e97", "order_time": ["2019-01-18 15:19:37"], "total_order": 1, "hotel_value": ["5.0"], "hotel_price": ["93"]}, "345074": {"hotel_name": "\u4e09\u4e9a\u4e9a\u9f99\u6e7e\u745e\u5409\u5ea6\u5047\u9152\u5e97", "order_time": ["2019-01-18 15:21:34", "2019-01-18 15:25:26"], "total_order": 2, "hotel_value": ["4.7", "4.7"], "hotel_price": ["1499", "1499"]}, "345088": {"hotel_name": "\u4e09\u4e9a\u5929\u6cfd\u6d77\u97f5\u5ea6\u5047\u9152\u5e97", "order_time": ["2019-01-18 15:21:36"], "total_order": 1, "hotel_value": ["4.4"], "hotel_price": ["398"]}, "10187052": {"hotel_name": "\u4e09\u4e9a\u897f\u897f\u91cc\u7cbe\u54c1\u6c11\u5bbf", "order_time": ["2019-01-18 15:21:38"], "total_order": 1, "hotel_value": ["4.9"], "hotel_price": ["226"]}, "1543516": {"hotel_name": "\u4e09\u4e9a\u6d77\u6021\u9759\u820d\u5ea6\u5047\u516c\u5bd3", "order_time": ["2019-01-18 15:21:40"], "total_order": 1, "hotel_value": ["4.8"], "hotel_price": ["361"]}, "1101735": {"hotel_name": "\u4e09\u4e9a\u5fc6\u4e61\u4eba\u7cbe\u54c1\u5ba2\u6808", "order_time": ["2019-01-18 15:21:43"], "total_order": 1, "hotel_value": ["4.3"], "hotel_price": ["153"]}, "3509427": {"hotel_name": "\u4e09\u4e9a\u6d77\u8679\u5ea6\u5047\u9152\u5e97", "order_time": ["2019-01-18 15:21:43"], "total_order": 1, "hotel_value": ["4.3"], "hotel_price": ["284"]}, "1303364": {"hotel_name": "\u53cb\u5bb6\u5ea6\u5047\u516c\u5bd3(\u4e09\u4e9a\u4e9a\u9f99\u6e7e\u7533\u4e9a\u7fe1\u7fe0\u8c37\u5e97)", "order_time": ["2019-01-18 15:21:49"], "total_order": 1, "hotel_value": ["4.6"], "hotel_price": ["185"]}, "763575": {"hotel_name": "\u4e09\u4e9a\u6728\u5361\u59c6\u7cbe\u54c1\u9152\u5e97", "order_time": ["2019-01-18 15:23:33"], "total_order": 1, "hotel_value": ["4.4"], "hotel_price": ["128"]}, "17140010": {"hotel_name": "\u4e09\u4e9a\u60a6\u670b\u00b7\u6d77\u534a\u95f4\u4eba\u6587\u8bbe\u8ba1\u6d77\u666f\u9152\u5e97", "order_time": ["2019-01-18 15:23:39"], "total_order": 1, "hotel_value": ["4.8"], "hotel_price": ["250"]}, "6405320": {"hotel_name": "\u4e09\u4e9a\u4e9a\u9f99\u6e7e\u6728\u843d\u5ba2\u6808", "order_time": ["2019-01-18 15:25:28"], "total_order": 1, "hotel_value": ["4.5"], "hotel_price": ["130"]}, "429615": {"hotel_name": "\u4e09\u4e9a\u4e9a\u9f99\u6e7e\u541b\u6f9c\u5ea6\u5047\u9152\u5e97(\u539f\u5047\u65e5\u5ea6\u5047\u9152\u5e97)", "order_time": ["2019-01-18 15:25:29"], "total_order": 1, "hotel_value": ["4.5"], "hotel_price": ["688"]}}}