{"\u5f00\u59cb\u8bb0\u5f55\u65f6\u95f4": "2019-01-08 23:10:03", "\u7ed3\u675f\u8bb0\u5f55\u65f6\u95f4": "2019-01-09 00:10:03", "\u8ba2\u5355\u603b\u589e\u91cf": 288, "item": {"6239220": {"hotel_name": "\u4e09\u4e9a\u6e1d\u5dde\u5546\u52a1\u9152\u5e97", "order_time": ["2019-01-08 23:12:11"], "total_order": 1, "hotel_value": ["4.4"], "hotel_price": ["88"]}, "5953265": {"hotel_name": "\u4e09\u4e9a\u884c\u8005\u00b7\u6cb3\u7554\u7cbe\u54c1\u5ba2\u6808", "order_time": ["2019-01-08 23:12:12"], "total_order": 1, "hotel_value": ["4.6"], "hotel_price": ["125"]}, "345080": {"hotel_name": "\u4e09\u4e9a\u4e9a\u9f99\u6e7e\u559c\u6765\u767b\u5ea6\u5047\u9152\u5e97", "order_time": ["2019-01-08 23:12:12", "2019-01-09 00:00:10"], "total_order": 2, "hotel_value": ["4.6", "4.6"], "hotel_price": ["1051", "1051"]}, "15696546": {"hotel_name": "\u4e09\u4e9a\u4e2d\u5fc3\u51ef\u60a6\u5609\u8f69\u9152\u5e97", "order_time": ["2019-01-08 23:24:09", "2019-01-08 23:12:13"], "total_order": 2, "hotel_value": ["4.5", "4.5"], "hotel_price": ["430", "430"]}, "429624": {"hotel_name": "\u6709\u9897\u7cd6\u6d77\u5cb8\u7cbe\u54c1\u5ba2\u6808(\u4e09\u4e9a\u5927\u4e1c\u6d77\u5e97)(\u539f\u6709\u9897\u7cd6\u5ea6\u5047\u9152\u5e97)", "order_time": ["2019-01-08 23:12:14"], "total_order": 1, "hotel_value": ["4.4"], "hotel_price": ["162"]}, "436677": {"hotel_name": "\u4e09\u4e9a\u4e3d\u666f\u6d77\u6e7e\u9152\u5e97", "order_time": ["2019-01-08 23:12:15"], "total_order": 1, "hotel_value": ["4.6"], "hotel_price": ["315"]}, "993927": {"hotel_name": "\u5982\u5bb6\u5feb\u6377\u9152\u5e97(\u4e09\u4e9a\u5409\u9633\u4e9a\u9f99\u6e7e\u5e97)", "order_time": ["2019-01-08 23:12:15", "2019-01-09 00:00:10"], "total_order": 2, "hotel_value": ["4.6", "4.6"], "hotel_price": ["162", "140"]}, "345522": {"hotel_name": "\u4e09\u4e9a\u5929\u57df\u5ea6\u5047\u9152\u5e97", "order_time": ["2019-01-08 23:34:12", "2019-01-08 23:12:15", "2019-01-08 23:22:12", "2019-01-08 23:16:10", "2019-01-08 23:32:12"], "total_order": 5, "hotel_value": ["4.8", "4.8", "4.8", "4.8", "4.8"], "hotel_price": ["799", "799", "799", "799", "799"]}, "1284874": {"hotel_name": "\u4e09\u4e9a\u9999\u683c\u91cc\u62c9\u5ea6\u5047\u9152\u5e97", "order_time": ["2019-01-08 23:12:15", "2019-01-08 23:14:14"], "total_order": 2, "hotel_value": ["4.6", "4.6"], "hotel_price": ["816", "816"]}, "5988590": {"hotel_name": "\u4e09\u4e9a\u6e05\u6c34\u6e7e\u6bd4\u5229\u5f17\u6d77\u666f\u516c\u5bd3", "order_time": ["2019-01-08 23:12:22"], "total_order": 1, "hotel_value": ["4.8"], "hotel_price": ["266"]}, "26678166": {"hotel_name": "\u4e09\u4e9a\u6d77\u68e0\u6e7e\u91d1\u591a\u6e2f\u65c5\u79df", "order_time": ["2019-01-08 23:14:11"], "total_order": 1, "hotel_value": ["4.3"], "hotel_price": ["111"]}, "346684": {"hotel_name": "\u4e09\u4e9a\u73e0\u6c5f\u5357\u7530\u6e29\u6cc9\u5ea6\u5047\u533a", "order_time": ["2019-01-08 23:14:12"], "total_order": 1, "hotel_value": ["4.3"], "hotel_price": ["390"]}, "6446036": {"hotel_name": "\u4e09\u4e9a\u51e4\u51f0\u673a\u573a\u9152\u5e97", "order_time": ["2019-01-08 23:14:12", "2019-01-09 00:00:11"], "total_order": 2, "hotel_value": ["4.6", "4.6"], "hotel_price": ["550", "410"]}, "808618": {"hotel_name": "7\u5929\u8fde\u9501\u9152\u5e97(\u4e09\u4e9a\u4e09\u4e9a\u6e7e\u6d77\u666f\u5e97)", "order_time": ["2019-01-08 23:14:12", "2019-01-08 23:38:09"], "total_order": 2, "hotel_value": ["4.3", "4.3"], "hotel_price": ["132", "132"]}, "436683": {"hotel_name": "\u4e09\u4e9a\u5357\u4e2d\u56fd\u5927\u9152\u5e97", "order_time": ["2019-01-08 23:14:13"], "total_order": 1, "hotel_value": ["4.5"], "hotel_price": ["502"]}, "25219265": {"hotel_name": "\u4e09\u4e9a\u7f18\u6765\u58f9\u5bb6\u5ba2\u6808", "order_time": ["2019-01-08 23:14:13"], "total_order": 1, "hotel_value": ["4.8"], "hotel_price": ["168"]}, "8577331": {"hotel_name": "\u7f8e\u51a0\u5047\u65e5\u9152\u5e97(\u4e09\u4e9a\u5927\u6811\u516c\u9986\u5e97)", "order_time": ["2019-01-08 23:14:13", "2019-01-08 23:42:11"], "total_order": 2, "hotel_value": ["4.5", "4.5"], "hotel_price": ["200", "199"]}, "843599": {"hotel_name": "\u4e09\u4e9a\u56db\u5b63\u6d77\u5ead\u9152\u5e97", "order_time": ["2019-01-08 23:28:15", "2019-01-08 23:40:11", "2019-01-08 23:54:11", "2019-01-08 23:14:14", "2019-01-08 23:32:11"], "total_order": 5, "hotel_value": ["4.6", "4.6", "4.6", "4.6", "4.6"], "hotel_price": ["294", "294", "294", "294", "294"]}, "346693": {"hotel_name": "\u4e09\u4e9a\u4e9a\u9f99\u6e7e\u534e\u5b87\u5ea6\u5047\u9152\u5e97", "order_time": ["2019-01-08 23:40:11", "2019-01-08 23:30:12", "2019-01-08 23:14:14"], "total_order": 3, "hotel_value": ["4.6", "4.6", "4.6"], "hotel_price": ["683", "683", "683"]}, "3362163": {"hotel_name": "\u4e09\u4e9a\u54c8\u66fc\u5ea6\u5047\u9152\u5e97", "order_time": ["2019-01-09 00:00:10", "2019-01-08 23:28:12", "2019-01-08 23:22:12", "2019-01-08 23:14:14"], "total_order": 4, "hotel_value": ["4.7", "4.7", "4.7", "4.7"], "hotel_price": ["628", "628", "628", "628"]}, "9789923": {"hotel_name": "\u4e09\u4e9a\u5eb7\u5e74\u9152\u5e97", "order_time": ["2019-01-08 23:22:12", "2019-01-08 23:14:14"], "total_order": 2, "hotel_value": ["4.7", "4.7"], "hotel_price": ["888", "888"]}, "345101": {"hotel_name": "\u91d1\u8302\u4e09\u4e9a\u4e9a\u9f99\u6e7e\u4e3d\u601d\u5361\u5c14\u987f\u9152\u5e97", "order_time": ["2019-01-08 23:14:14"], "total_order": 1, "hotel_value": ["4.7"], "hotel_price": ["1780"]}, "384973": {"hotel_name": "\u4e09\u4e9a\u6d77\u68e0\u6e7e\u5f00\u7ef4\u4e07\u8fbe\u6587\u534e\u5ea6\u5047\u9152\u5e97", "order_time": ["2019-01-08 23:46:10", "2019-01-08 23:36:10", "2019-01-08 23:14:14"], "total_order": 3, "hotel_value": ["4.5", "4.5", "4.5"], "hotel_price": ["606", "606", "606"]}, "345093": {"hotel_name": "\u4e09\u4e9a\u9633\u5149\u5927\u9152\u5e97", "order_time": ["2019-01-08 23:36:10", "2019-01-08 23:14:14"], "total_order": 2, "hotel_value": ["4.6", "4.6"], "hotel_price": ["458", "458"]}, "5398387": {"hotel_name": "\u4e09\u4e9a\u5927\u6811\u4e03\u661f\u9152\u5e97", "order_time": ["2019-01-08 23:14:14"], "total_order": 1, "hotel_value": ["4.3"], "hotel_price": ["269"]}, "427279": {"hotel_name": "\u4e09\u4e9a\u5357\u5c71\u8fce\u5bbe\u9986", "order_time": ["2019-01-08 23:44:10", "2019-01-08 23:14:14"], "total_order": 2, "hotel_value": ["4.6", "4.6"], "hotel_price": ["638", "638"]}, "386919": {"hotel_name": "\u4e09\u4e9a\u4e07\u5609\u5ea6\u5047\u9152\u5e97(\u539f\u4e07\u5609\u6234\u65af\u5ea6\u5047\u9152\u5e97)", "order_time": ["2019-01-08 23:14:15"], "total_order": 1, "hotel_value": ["4.4"], "hotel_price": ["358"]}, "8616662": {"hotel_name": "\u4e09\u4e9a\u62fe\u5149\u96c6\u827a\u672f\u4e3b\u9898\u9152\u5e97(\u539f\u4e09\u4e9a\u62fe\u5149\u96c6\u7cbe\u54c1\u6c11\u5bbf)", "order_time": ["2019-01-08 23:14:19"], "total_order": 1, "hotel_value": ["4.8"], "hotel_price": ["198"]}, "457647": {"hotel_name": "\u5168\u5b63\u9152\u5e97(\u4e09\u4e9a\u6e7e\u5e97)", "order_time": ["2019-01-08 23:16:10"], "total_order": 1, "hotel_value": ["4.7"], "hotel_price": ["348"]}, "386917": {"hotel_name": "\u4e09\u4e9a\u6d77\u97f5\u5ea6\u5047\u9152\u5e97", "order_time": ["2019-01-09 00:00:10", "2019-01-08 23:58:11", "2019-01-08 23:16:10"], "total_order": 3, "hotel_value": ["4.7", "4.7", "4.7"], "hotel_price": ["770", "770", "748"]}, "346702": {"hotel_name": "\u4e09\u4e9a\u8fb0\u5149\u514b\u62c9\u7801\u5934\u9152\u5e97", "order_time": ["2019-01-08 23:16:11"], "total_order": 1, "hotel_value": ["4.6"], "hotel_price": ["380"]}, "10920931": {"hotel_name": "\u4e09\u4e9a\u5c71\u6d77\u9601\u5ea6\u5047\u522b\u5885\u9152\u5e97", "order_time": ["2019-01-08 23:16:11"], "total_order": 1, "hotel_value": ["4.8"], "hotel_price": ["1030"]}, "433675": {"hotel_name": "\u4e09\u4e9a\u51e4\u51f0\u6c34\u57ce\u51ef\u83b1\u5ea6\u5047\u9152\u5e97", "order_time": ["2019-01-08 23:16:11", "2019-01-08 23:22:13"], "total_order": 2, "hotel_value": ["4.5", "4.5"], "hotel_price": ["2192", "2192"]}, "370837": {"hotel_name": "\u4e09\u4e9a\u78a7\u6d77\u91d1\u6c99\u9152\u5e97", "order_time": ["2019-01-08 23:16:11"], "total_order": 1, "hotel_value": ["4.6"], "hotel_price": ["303"]}, "1101735": {"hotel_name": "\u4e09\u4e9a\u5fc6\u4e61\u4eba\u7cbe\u54c1\u5ba2\u6808", "order_time": ["2019-01-08 23:22:17", "2019-01-08 23:16:12"], "total_order": 2, "hotel_value": ["4.4", "4.4"], "hotel_price": ["184", "184"]}, "6298012": {"hotel_name": "\u683c\u6797\u8054\u76df\u9152\u5e97(\u4e09\u4e9a\u4e00\u5e02\u573a\u5e97)", "order_time": ["2019-01-08 23:16:12"], "total_order": 1, "hotel_value": ["4.8"], "hotel_price": ["139"]}, "435983": {"hotel_name": "\u4e09\u4e9a\u4e9a\u9f99\u6e7e\u4eba\u95f4\u5929\u5802-\u9e1f\u5de2\u5ea6\u5047\u6751", "order_time": ["2019-01-08 23:22:11", "2019-01-08 23:16:13", "2019-01-08 23:42:12", "2019-01-08 23:26:11"], "total_order": 4, "hotel_value": ["4.6", "4.6", "4.6", "4.6"], "hotel_price": ["1270", "1270", "1270", "1270"]}, "372203": {"hotel_name": "\u4e09\u4e9a\u6d77\u68e0\u6e7e\u5eb7\u83b1\u5fb7\u9152\u5e97", "order_time": ["2019-01-08 23:16:13"], "total_order": 1, "hotel_value": ["4.6"], "hotel_price": ["1200"]}, "643641": {"hotel_name": "\u4e09\u4e9a\u51e4\u51f0\u673a\u573a\u6d77\u822a\u5feb\u6377\u9152\u5e97", "order_time": ["2019-01-08 23:16:13", "2019-01-08 23:50:10"], "total_order": 2, "hotel_value": ["4.1", "4.1"], "hotel_price": ["216", "237"]}, "353871": {"hotel_name": "\u4e09\u4e9a\u7ef4\u666f\u56fd\u9645\u5ea6\u5047\u9152\u5e97", "order_time": ["2019-01-08 23:16:13", "2019-01-08 23:22:12"], "total_order": 2, "hotel_value": ["4.8", "4.8"], "hotel_price": ["1278", "1278"]}, "17533420": {"hotel_name": "\u4e09\u4e9a\u5927\u4e1c\u6d77\u9152\u5e97", "order_time": ["2019-01-08 23:16:13"], "total_order": 1, "hotel_value": ["4.8"], "hotel_price": ["2329"]}, "6817297": {"hotel_name": "\u4e09\u4e9a\u534e\u5229\u516c\u5bd3", "order_time": ["2019-01-08 23:16:16"], "total_order": 1, "hotel_value": [0], "hotel_price": ["71"]}, "4845384": {"hotel_name": "\u4e09\u4e9a\u84dd\u5cb8\u6d77\u8fb9\u4e3b\u9898\u9152\u5e97", "order_time": ["2019-01-08 23:16:18"], "total_order": 1, "hotel_value": ["4.7"], "hotel_price": ["136"]}, "1185042": {"hotel_name": "\u4e09\u4e9a\u6e7e\u7ea2\u6811\u6797\u5ea6\u5047\u4e16\u754c(\u83e9\u63d0\u9152\u5e97)", "order_time": ["2019-01-08 23:24:09", "2019-01-08 23:18:12"], "total_order": 2, "hotel_value": ["4.7", "4.7"], "hotel_price": ["548", "548"]}, "14249344": {"hotel_name": "\u4e09\u4e9a\u4e9a\u7279\u5170\u8482\u65af\u9152\u5e97", "order_time": ["2019-01-08 23:30:12", "2019-01-08 23:18:12", "2019-01-08 23:22:12"], "total_order": 3, "hotel_value": ["4.6", "4.6", "4.6"], "hotel_price": ["3088", "3088", "3088"]}, "436675": {"hotel_name": "\u4e09\u4e9a\u5927\u4e1c\u6d77\u541b\u4ead\u9152\u5e97", "order_time": ["2019-01-08 23:22:14", "2019-01-08 23:48:11", "2019-01-08 23:18:12", "2019-01-08 23:26:10"], "total_order": 4, "hotel_value": ["4.8", "4.8", "4.8", "4.8"], "hotel_price": ["333", "333", "333", "333"]}, "918535": {"hotel_name": "\u4e45\u6816\u00b7\u4e09\u4e9a\u67ab\u4f20\u8bf4\u6d77\u666f\u5ea6\u5047\u516c\u5bd3", "order_time": ["2019-01-08 23:18:12"], "total_order": 1, "hotel_value": ["4.9"], "hotel_price": ["254"]}, "1645771": {"hotel_name": "\u4e09\u4e9a\u68c0\u987a\u5546\u52a1\u9152\u5e97(\u539f\u805a\u946b\u56ed\u5546\u52a1\u9152\u5e97)", "order_time": ["2019-01-08 23:18:12"], "total_order": 1, "hotel_value": ["4.2"], "hotel_price": ["250"]}, "1602239": {"hotel_name": "\u4e09\u4e9a\u4e09\u6b65\u6d77\u5ba2\u6808", "order_time": ["2019-01-08 23:18:14", "2019-01-08 23:58:12"], "total_order": 2, "hotel_value": ["4.8", "4.8"], "hotel_price": ["453", "453"]}, "747674": {"hotel_name": "\u9675\u6c34\u6e05\u6c34\u6e7e\u6d77\u6d0b\u4e4b\u661f\u9152\u5e97", "order_time": ["2019-01-08 23:18:14"], "total_order": 1, "hotel_value": ["4.5"], "hotel_price": ["323"]}, "661552": {"hotel_name": "\u4e09\u4e9a\u51e4\u51f0\u5c9b\u5927\u603b\u7edf\u5ea6\u5047\u9152\u5e97", "order_time": ["2019-01-08 23:18:14"], "total_order": 1, "hotel_value": ["4.0"], "hotel_price": ["383"]}, "4388602": {"hotel_name": "\u4e09\u4e9a\u90a3\u6247\u95e8\u7cbe\u54c1\u5ba2\u6808", "order_time": ["2019-01-08 23:18:14"], "total_order": 1, "hotel_value": ["4.7"], "hotel_price": ["132"]}, "486003": {"hotel_name": "\u4e09\u4e9a\u8708\u652f\u6d32\u5c9b\u73ca\u745a\u9152\u5e97", "order_time": ["2019-01-08 23:20:16", "2019-01-09 00:08:10", "2019-01-08 23:42:13", "2019-01-08 23:18:17"], "total_order": 4, "hotel_value": ["4.8", "4.8", "4.8", "4.8"], "hotel_price": ["999", "999", "999", "749"]}, "3041884": {"hotel_name": "\u4e09\u4e9a\u4e3d\u79be\u6e29\u5fb7\u59c6\u9152\u5e97", "order_time": ["2019-01-08 23:44:10", "2019-01-08 23:18:17"], "total_order": 2, "hotel_value": ["4.8", "4.8"], "hotel_price": ["700", "700"]}, "24032181": {"hotel_name": "\u4e09\u4e9a\u5fc3\u5bbf\u7cbe\u54c1\u4e3b\u9898\u9152\u5e97", "order_time": ["2019-01-08 23:18:18"], "total_order": 1, "hotel_value": ["4.9"], "hotel_price": ["127"]}, "14996879": {"hotel_name": "\u4e09\u4e9a\u6d77\u68e0\u6e7e\u4ec1\u6052\u7687\u51a0\u5047\u65e5\u5ea6\u5047\u9152\u5e97", "order_time": ["2019-01-08 23:18:18", "2019-01-08 23:42:12", "2019-01-08 23:36:10"], "total_order": 3, "hotel_value": ["4.8", "4.8", "4.8"], "hotel_price": ["1805", "1805", "1805"]}, "25768287": {"hotel_name": "\u4e09\u4e9a\u5357\u590f\u51ef\u83b1\u60a6\u4eab\u9152\u5e97", "order_time": ["2019-01-08 23:48:14", "2019-01-08 23:18:20", "2019-01-09 00:06:10"], "total_order": 3, "hotel_value": ["4.8", "4.8", "4.8"], "hotel_price": ["308", "308", "308"]}, "6056059": {"hotel_name": "\u6d77\u5357\u6e05\u6c34\u6e7e\u6e29\u5fb7\u59c6\u5ea6\u5047\u9152\u5e97", "order_time": ["2019-01-08 23:30:12", "2019-01-08 23:20:12", "2019-01-08 23:54:11"], "total_order": 3, "hotel_value": ["4.6", "4.6", "4.6"], "hotel_price": ["516", "516", "516"]}, "6460482": {"hotel_name": "\u4e09\u4e9a\u4e9a\u9f99\u6e7e\u751f\u547d\u6cc9\u7cbe\u54c1\u5ea6\u5047\u9152\u5e97", "order_time": ["2019-01-08 23:20:12"], "total_order": 1, "hotel_value": ["4.7"], "hotel_price": ["443"]}, "6541448": {"hotel_name": "\u4e09\u4e9a\u745e\u6cf0\u660e\u73e0\u9152\u5e97(\u51e4\u51f0\u673a\u573a\u5e97)", "order_time": ["2019-01-08 23:44:11", "2019-01-08 23:20:12"], "total_order": 2, "hotel_value": ["4.7", "4.7"], "hotel_price": ["191", "191"]}, "12874170": {"hotel_name": "\u4e09\u4e9a\u503e\u57ce\u6735\u7f8e\u9152\u5e97", "order_time": ["2019-01-08 23:20:12"], "total_order": 1, "hotel_value": ["4.2"], "hotel_price": ["206"]}, "1410632": {"hotel_name": "\u683c\u6797\u8c6a\u6cf0(\u4e09\u4e9a\u548c\u5e73\u8857\u60c5\u4eba\u6865\u5e97)", "order_time": ["2019-01-08 23:20:12"], "total_order": 1, "hotel_value": ["4.2"], "hotel_price": ["170"]}, "2091425": {"hotel_name": "\u4e09\u4e9a\u7965\u548c\u9152\u5e97", "order_time": ["2019-01-08 23:20:13"], "total_order": 1, "hotel_value": ["4.5"], "hotel_price": ["214"]}, "473314": {"hotel_name": "\u4e09\u4e9a\u4e8c\u6708\u6d77\u6d77\u666f\u9152\u5e97", "order_time": ["2019-01-08 23:38:09", "2019-01-09 00:06:12", "2019-01-08 23:20:13", "2019-01-08 23:58:13"], "total_order": 4, "hotel_value": ["4.8", "4.8", "4.8", "4.8"], "hotel_price": ["163", "163", "163", "191"]}, "917373": {"hotel_name": "\u4e09\u4e9a\u8273\u9633\u5929\u5ba2\u6808(\u539f\u6f9c\u60a6\u9633\u5149\u6d77\u666f\u5ba2\u6808)", "order_time": ["2019-01-08 23:20:13"], "total_order": 1, "hotel_value": ["4.6"], "hotel_price": ["74"]}, "1564372": {"hotel_name": "\u4e09\u4e9a\u91d1\u798f\u6e7e\u9152\u5e97", "order_time": ["2019-01-08 23:20:13"], "total_order": 1, "hotel_value": ["3.9"], "hotel_price": ["98"]}, "429615": {"hotel_name": "\u4e09\u4e9a\u4e9a\u9f99\u6e7e\u541b\u6f9c\u5ea6\u5047\u9152\u5e97(\u539f\u5047\u65e5\u5ea6\u5047\u9152\u5e97)", "order_time": ["2019-01-08 23:26:11", "2019-01-08 23:20:13"], "total_order": 2, "hotel_value": ["4.5", "4.5"], "hotel_price": ["636", "636"]}, "14074913": {"hotel_name": "\u4e09\u4e9a\u4e9a\u9f99\u6e7e\u96c5\u9601\u6e29\u6cc9\u5ea6\u5047\u9152\u5e97", "order_time": ["2019-01-08 23:20:14"], "total_order": 1, "hotel_value": ["4.7"], "hotel_price": ["457"]}, "5979200": {"hotel_name": "\u4e09\u4e9a\u6930\u6d77\u604b\u6d77\u666f\u5ea6\u5047\u516c\u5bd3", "order_time": ["2019-01-08 23:20:14"], "total_order": 1, "hotel_value": ["4.6"], "hotel_price": ["682"]}, "1387160": {"hotel_name": "\u4e09\u4e9a\u89c1\u84dd\u542c\u6d77\u5ba2\u6808(\u539f\u65e9\u5b89\u827a\u672f\u65c5\u5c45)", "order_time": ["2019-01-08 23:20:14"], "total_order": 1, "hotel_value": ["4.7"], "hotel_price": ["162"]}, "431932": {"hotel_name": "\u4e09\u4e9a\u94f6\u97f5\u6d77\u666f\u5ea6\u5047\u9152\u5e97", "order_time": ["2019-01-08 23:20:16"], "total_order": 1, "hotel_value": ["4.7"], "hotel_price": ["349"]}, "4388404": {"hotel_name": "\u4e09\u4e9a\u7f8e\u4e3d\u4e4b\u51a0\u5927\u6811\u9152\u5e97", "order_time": ["2019-01-08 23:22:12"], "total_order": 1, "hotel_value": ["4.3"], "hotel_price": ["272"]}, "346676": {"hotel_name": "\u4e09\u4e9a\u56fd\u5149\u8c6a\u751f\u5ea6\u5047\u9152\u5e97", "order_time": ["2019-01-08 23:24:09", "2019-01-08 23:22:12"], "total_order": 2, "hotel_value": ["4.5", "4.5"], "hotel_price": ["919", "919"]}, "481441": {"hotel_name": "\u4e09\u4e9a\u6e7e\u667a\u9009\u5047\u65e5\u9152\u5e97", "order_time": ["2019-01-08 23:22:14", "2019-01-08 23:34:11"], "total_order": 2, "hotel_value": ["4.3", "4.3"], "hotel_price": ["268", "268"]}, "12671479": {"hotel_name": "\u4e09\u4e9a\u6da6\u5fb7\u6e7f\u5730\u516c\u56ed\u9152\u5e97", "order_time": ["2019-01-08 23:22:14", "2019-01-08 23:24:09"], "total_order": 2, "hotel_value": ["4.7", "4.7"], "hotel_price": ["384", "384"]}, "346690": {"hotel_name": "\u4e09\u4e9a\u94f6\u6cf0\u9633\u5149\u5ea6\u5047\u9152\u5e97(\u539f\u4e09\u4e9a\u6e58\u6295\u94f6\u6cf0\u5ea6\u5047\u9152\u5e97)", "order_time": ["2019-01-08 23:22:17"], "total_order": 1, "hotel_value": ["4.8"], "hotel_price": ["698"]}, "740890": {"hotel_name": "\u4e09\u4e9a\u4e2d\u80dc\u5e78\u798f\u5ea6\u5047\u9152\u5e97", "order_time": ["2019-01-09 00:08:10", "2019-01-08 23:22:17"], "total_order": 2, "hotel_value": ["3.8", "3.8"], "hotel_price": ["101", "101"]}, "346673": {"hotel_name": "\u4e09\u4e9a\u534a\u5c71\u534a\u5c9b\u5ea6\u5047\u9152\u5e97(\u5168\u5957\u623f)", "order_time": ["2019-01-08 23:24:09"], "total_order": 1, "hotel_value": ["4.6"], "hotel_price": ["590"]}, "371722": {"hotel_name": "\u4e09\u4e9a\u4e9a\u9f99\u6e7e\u91d1\u68d5\u6988\u5ea6\u5047\u9152\u5e97", "order_time": ["2019-01-08 23:34:12", "2019-01-08 23:24:09"], "total_order": 2, "hotel_value": ["4.6", "4.6"], "hotel_price": ["450", "450"]}, "346766": {"hotel_name": "\u4e09\u4e9a\u4e9a\u9f99\u6e7e\u51ef\u83b1\u4ed9\u4eba\u638c\u5ea6\u5047\u9152\u5e97", "order_time": ["2019-01-08 23:38:09", "2019-01-08 23:46:10", "2019-01-08 23:24:09"], "total_order": 3, "hotel_value": ["4.6", "4.6", "4.6"], "hotel_price": ["423", "423", "423"]}, "436673": {"hotel_name": "\u4e09\u4e9a\u9e7f\u5cad\u6d77\u6e7e\u7ef4\u666f\u56fd\u9645\u5927\u9152\u5e97(\u539f\u4e09\u4e9a\u6d77\u6e7e\u7ef4\u666f\u56fd\u9645\u5927\u9152\u5e97)", "order_time": ["2019-01-08 23:24:09"], "total_order": 1, "hotel_value": ["4.6"], "hotel_price": ["372"]}, "427277": {"hotel_name": "\u4e09\u4e9a\u4e2d\u5fc3\u7687\u51a0\u5047\u65e5\u9152\u5e97", "order_time": ["2019-01-08 23:24:09"], "total_order": 1, "hotel_value": ["4.7"], "hotel_price": ["508"]}, "345082": {"hotel_name": "\u4e09\u4e9a\u6587\u534e\u4e1c\u65b9\u9152\u5e97", "order_time": ["2019-01-08 23:24:09"], "total_order": 1, "hotel_value": ["4.7"], "hotel_price": ["1379"]}, "2705938": {"hotel_name": "\u4e09\u4e9a\u514b\u62c9\u5c14\u9152\u5e97\u00b7\u6d77\u5cb8\u7cbe\u9009", "order_time": ["2019-01-08 23:32:12", "2019-01-08 23:28:12", "2019-01-08 23:24:10"], "total_order": 3, "hotel_value": ["4.7", "4.7", "4.7"], "hotel_price": ["168", "168", "168"]}, "5896791": {"hotel_name": "\u4e09\u4e9a\u8d70\u8d70\u505c\u505c\u7cbe\u54c1\u5ba2\u6808\u5927\u4e1c\u6d77\u5e97", "order_time": ["2019-01-08 23:24:10"], "total_order": 1, "hotel_value": ["4.9"], "hotel_price": ["928"]}, "1355644": {"hotel_name": "\u4e09\u4e9a\u7267\u9a6c\u4eba\u5546\u52a1\u9152\u5e97", "order_time": ["2019-01-08 23:24:13"], "total_order": 1, "hotel_value": ["4.1"], "hotel_price": ["125"]}, "8577402": {"hotel_name": "\u4e09\u4e9a\u6bd4\u683c\u745e\u7279\u6d77\u666f\u5ea6\u5047\u516c\u5bd3", "order_time": ["2019-01-08 23:24:16"], "total_order": 1, "hotel_value": ["4.9"], "hotel_price": ["351"]}, "707593": {"hotel_name": "\u4e09\u4e9a\u51e4\u51f0\u5c9b\u6d77\u6d0b\u4e4b\u661f\u5ea6\u5047\u9152\u5e97", "order_time": ["2019-01-08 23:26:10"], "total_order": 1, "hotel_value": ["4.7"], "hotel_price": ["422"]}, "6484684": {"hotel_name": "\u4e09\u4e9a\u4e07\u5ef7\u4e3b\u9898\u9152\u5e97", "order_time": ["2019-01-08 23:26:11"], "total_order": 1, "hotel_value": ["4.7"], "hotel_price": ["262"]}, "3002283": {"hotel_name": "\u4e09\u4e9a\u60a6\u5ba2\u6808\u4e3b\u9898\u9152\u5e97", "order_time": ["2019-01-08 23:26:11"], "total_order": 1, "hotel_value": ["4.5"], "hotel_price": ["111"]}, "1419670": {"hotel_name": "\u84dd\u5929\u56fd\u9645\u9752\u5e74\u65c5\u820d(\u4e09\u4e9a\u5927\u4e1c\u6d77\u5e97)", "order_time": ["2019-01-08 23:32:11", "2019-01-08 23:26:11", "2019-01-08 23:40:11", "2019-01-08 23:34:12"], "total_order": 4, "hotel_value": ["4.7", "4.7", "4.7", "4.7"], "hotel_price": ["49", "49", "49", "49"]}, "6808599": {"hotel_name": "\u4e09\u4e9a\u5d16\u57ce\u65bd\u987f\u9152\u5e97(\u539f\u65bd\u987f\u8fce\u5bbe\u9986)", "order_time": ["2019-01-08 23:26:11"], "total_order": 1, "hotel_value": ["4.2"], "hotel_price": ["247"]}, "438193": {"hotel_name": "\u6d77\u5357\u798f\u6e7e\u6885\u8bfa\u5361\u5ea6\u5047\u9152\u5e97", "order_time": ["2019-01-08 23:26:11"], "total_order": 1, "hotel_value": ["4.4"], "hotel_price": ["317"]}, "986446": {"hotel_name": "\u4e09\u4e9a\u4e9a\u9f99\u6e7e\u5c71\u6e56\u6d77\u522b\u5885\u5ea6\u5047\u9152\u5e97", "order_time": ["2019-01-08 23:28:11"], "total_order": 1, "hotel_value": ["4.2"], "hotel_price": ["338"]}, "375179": {"hotel_name": "\u4e09\u4e9a\u6e7e\u7ea2\u6811\u6797\u5ea6\u5047\u4e16\u754c(\u6728\u68c9\u9152\u5e97)", "order_time": ["2019-01-08 23:54:10", "2019-01-08 23:28:11"], "total_order": 2, "hotel_value": ["4.6", "4.6"], "hotel_price": ["559", "566"]}, "6639583": {"hotel_name": "\u4e09\u4e9a\u6d77\u7eb3\u6377\u7cbe\u54c1\u5ba2\u6808\uff08\u4e9a\u9f99\u6e7e\u5e97\uff09", "order_time": ["2019-01-08 23:28:11"], "total_order": 1, "hotel_value": ["4.5"], "hotel_price": ["197"]}, "346739": {"hotel_name": "\u4e09\u4e9a\u9e3f\u6d32\u56fd\u9645\u6e38\u8247\u9152\u5e97", "order_time": ["2019-01-08 23:28:12"], "total_order": 1, "hotel_value": ["4.7"], "hotel_price": ["550"]}, "2165527": {"hotel_name": "\u4e09\u4e9a\u6d77\u8fb9\u6f2b\u6b65\u6d77\u666f\u516c\u5bd3", "order_time": ["2019-01-08 23:28:13"], "total_order": 1, "hotel_value": ["4.9"], "hotel_price": ["262"]}, "6420180": {"hotel_name": "\u4e09\u4e9a\u98d8\u6d77\u666f\u4e3b\u9898\u5ba2\u6808", "order_time": ["2019-01-08 23:28:14"], "total_order": 1, "hotel_value": ["4.8"], "hotel_price": ["993"]}, "1430879": {"hotel_name": "\u4e09\u4e9a\u6e7e\u54c7\u827e\u9c81\u6d77\u5cb8\u522b\u5885", "order_time": ["2019-01-08 23:28:14"], "total_order": 1, "hotel_value": ["4.6"], "hotel_price": ["246"]}, "1209482": {"hotel_name": "\u4e09\u4e9a\u8717\u65f6\u5149\u5ea6\u5047\u9152\u5e97", "order_time": ["2019-01-08 23:30:12"], "total_order": 1, "hotel_value": ["4.3"], "hotel_price": ["214"]}, "430163": {"hotel_name": "\u4e09\u4e9a\u4e9a\u9f99\u6e7e\u94c2\u5c14\u66fc\u522b\u5885\u5ea6\u5047\u9152\u5e97", "order_time": ["2019-01-08 23:54:10", "2019-01-08 23:30:12"], "total_order": 2, "hotel_value": ["4.6", "4.6"], "hotel_price": ["661", "661"]}, "842954": {"hotel_name": "\u9526\u6c5f\u4e4b\u661f(\u4e09\u4e9a\u6e7e\u5409\u7965\u8857\u6d77\u666f\u9152\u5e97)", "order_time": ["2019-01-08 23:30:13"], "total_order": 1, "hotel_value": ["4.5"], "hotel_price": ["159"]}, "345095": {"hotel_name": "\u4e09\u4e9a\u9ece\u5ba2\u56fd\u9645\u9152\u5e97", "order_time": ["2019-01-08 23:30:13"], "total_order": 1, "hotel_value": ["4.4"], "hotel_price": ["372"]}, "1861354": {"hotel_name": "\u683c\u6797\u8c6a\u6cf0(\u4e09\u4e9a\u6625\u56ed\u6d77\u9c9c\u5e7f\u573a\u5feb\u6377\u9152\u5e97)", "order_time": ["2019-01-08 23:32:11"], "total_order": 1, "hotel_value": ["4.0"], "hotel_price": ["151"]}, "2650221": {"hotel_name": "\u4e09\u4e9a\u7c73\u6735\u4e3b\u9898\u6d77\u666f\u516c\u5bd3", "order_time": ["2019-01-08 23:32:11"], "total_order": 1, "hotel_value": ["4.7"], "hotel_price": ["724"]}, "6287098": {"hotel_name": "\u4e09\u4e9a\u6ce5\u5bbf\u827a\u672f\u9152\u5e97", "order_time": ["2019-01-08 23:32:11"], "total_order": 1, "hotel_value": ["4.6"], "hotel_price": ["521"]}, "6684663": {"hotel_name": "\u4e09\u4e9a\u6d77\u68e0\u6e7e\u67cf\u4e3d\u5ea6\u5047\u9152\u5e97", "order_time": ["2019-01-08 23:32:11"], "total_order": 1, "hotel_value": ["4.3"], "hotel_price": ["242"]}, "14003763": {"hotel_name": "\u4e09\u4e9a\u5fc3\u4e00\u5883\u7985\u610f\u5927\u9152\u5e97", "order_time": ["2019-01-08 23:32:12"], "total_order": 1, "hotel_value": ["4.8"], "hotel_price": ["356"]}, "10187052": {"hotel_name": "\u4e09\u4e9a\u897f\u897f\u91cc\u7cbe\u54c1\u6c11\u5bbf", "order_time": ["2019-01-08 23:32:12"], "total_order": 1, "hotel_value": ["4.9"], "hotel_price": ["216"]}, "1580558": {"hotel_name": "\u901f8\u9152\u5e97(\u4e09\u4e9a\u6e7e\u5409\u7965\u8857\u5e97)", "order_time": ["2019-01-08 23:32:12"], "total_order": 1, "hotel_value": ["4.6"], "hotel_price": ["145"]}, "1851132": {"hotel_name": "\u4e09\u4e9a\u6d77\u7ef4\u5229\u4e9a\u5546\u52a1\u9152\u5e97", "order_time": ["2019-01-08 23:32:12"], "total_order": 1, "hotel_value": ["3.8"], "hotel_price": ["207"]}, "5793623": {"hotel_name": "\u4e09\u4e9a\u4e91\u6d77\u7476\u6d77\u666f\u5ba2\u6808\u5929\u6daf\u6d77\u89d2\u5e97", "order_time": ["2019-01-08 23:32:12"], "total_order": 1, "hotel_value": ["4.6"], "hotel_price": ["146"]}, "1458154": {"hotel_name": "\u4e09\u4e9a\u8f6c\u89d2\u9047\u5230\u6d77\u4e3b\u9898\u5ba2\u6808", "order_time": ["2019-01-08 23:32:12"], "total_order": 1, "hotel_value": ["4.4"], "hotel_price": ["98"]}, "1496463": {"hotel_name": "\u4e09\u4e9a\u5c0f\u9c7c\u513f\u5ea6\u5047\u5c71\u5e84", "order_time": ["2019-01-08 23:32:12"], "total_order": 1, "hotel_value": ["4.4"], "hotel_price": ["103"]}, "1249405": {"hotel_name": "\u4e09\u4e9a\u7b1b\u4f73\u5ba2\u6808(\u539f\u7f8e\u4f73\u5ba2\u6808)", "order_time": ["2019-01-08 23:32:12"], "total_order": 1, "hotel_value": ["4.2"], "hotel_price": ["113"]}, "2216767": {"hotel_name": "\u7ef4\u4e5f\u7eb3\u9152\u5e97(\u4e09\u4e9a\u6e7e\u5e97)", "order_time": ["2019-01-08 23:32:12"], "total_order": 1, "hotel_value": ["4.8"], "hotel_price": ["358"]}, "1498068": {"hotel_name": "\u4e09\u4e9a\u4e1c\u5347\u5bbe\u9986", "order_time": ["2019-01-08 23:32:12"], "total_order": 1, "hotel_value": [0], "hotel_price": ["102"]}, "6480327": {"hotel_name": "\u4e09\u4e9a\u9a91\u884c\u5929\u6daf\u592a\u7a7a\u8231\u9752\u5e74\u65c5\u820d", "order_time": ["2019-01-08 23:32:12"], "total_order": 1, "hotel_value": ["4.2"], "hotel_price": ["37"]}, "1480106": {"hotel_name": "\u4e09\u4e9a\u91d1\u8354\u6e7e\u9152\u5e97", "order_time": ["2019-01-08 23:32:12"], "total_order": 1, "hotel_value": ["4.1"], "hotel_price": ["160"]}, "13698570": {"hotel_name": "\u4e09\u4e9a\u539f\u820d\u8bbe\u8ba1\u9152\u5e97", "order_time": ["2019-01-08 23:32:13"], "total_order": 1, "hotel_value": ["4.6"], "hotel_price": ["283"]}, "13411954": {"hotel_name": "\u4e09\u4e9a\u6816\u6f9c\u6d77\u68e0\u522b\u5885\u6c11\u5bbf", "order_time": ["2019-01-08 23:34:11"], "total_order": 1, "hotel_value": ["5.0"], "hotel_price": ["573"]}, "6841281": {"hotel_name": "\u4e09\u4e9a\u60a6\u4fe1\u7f8e\u9ad8\u7f8e\u56fd\u9645\u9152\u5e97", "order_time": ["2019-01-08 23:38:09", "2019-01-08 23:34:11", "2019-01-08 23:56:11"], "total_order": 3, "hotel_value": ["4.6", "4.6", "4.6"], "hotel_price": ["449", "449", "449"]}, "4371952": {"hotel_name": "\u4e09\u4e9a\u534e\u5b87\u4e9a\u9f99\u6e7e\u8fce\u5bbe\u9986", "order_time": ["2019-01-08 23:34:11"], "total_order": 1, "hotel_value": ["4.7"], "hotel_price": ["899"]}, "25484761": {"hotel_name": "\u4e09\u4e9a\u4eac\u822b\u6c60\u6c11\u5bbf", "order_time": ["2019-01-08 23:34:12"], "total_order": 1, "hotel_value": ["4.9"], "hotel_price": ["193"]}, "6402523": {"hotel_name": "\u4e09\u4e9a\u5168\u666f\u89c2\u6d77\u516c\u5bd3", "order_time": ["2019-01-08 23:34:12"], "total_order": 1, "hotel_value": ["4.9"], "hotel_price": ["181"]}, "2645085": {"hotel_name": "\u4e09\u4e9a\u9f99\u5f97\u6c34\u82d1\u4e3b\u9898\u5ba2\u6808\uff08\u6d77\u6708\u5e7f\u573a\u5e97\uff09", "order_time": ["2019-01-08 23:34:13"], "total_order": 1, "hotel_value": ["4.5"], "hotel_price": ["111"]}, "1964967": {"hotel_name": "\u4f73\u6377\u8fde\u9501\u9152\u5e97(\u4e09\u4e9a\u51e4\u51f0\u5c9b\u5e97)", "order_time": ["2019-01-08 23:34:13"], "total_order": 1, "hotel_value": ["4.3"], "hotel_price": ["131"]}, "346679": {"hotel_name": "\u4e09\u4e9a\u6e7e\u7687\u51a0\u5047\u65e5\u5ea6\u5047\u9152\u5e97", "order_time": ["2019-01-08 23:36:10"], "total_order": 1, "hotel_value": ["4.6"], "hotel_price": ["499"]}, "993049": {"hotel_name": "\u4e09\u4e9a\u4e07\u610f\u82b1\u56ed\u6d0b\u623f\u5ea6\u5047\u516c\u5bd3", "order_time": ["2019-01-08 23:36:10"], "total_order": 1, "hotel_value": ["4.5"], "hotel_price": ["304"]}, "346664": {"hotel_name": "\u4e09\u4e9a\u541b\u7136\u6e29\u6cc9\u5ea6\u5047\u9152\u5e97", "order_time": ["2019-01-08 23:36:10"], "total_order": 1, "hotel_value": ["4.5"], "hotel_price": ["269"]}, "346711": {"hotel_name": "\u4e09\u4e9a\u541b\u9526\u6ee8\u6d77\u9152\u5e97", "order_time": ["2019-01-08 23:36:10"], "total_order": 1, "hotel_value": ["4.5"], "hotel_price": ["266"]}, "346686": {"hotel_name": "\u4e09\u4e9a\u739b\u745e\u7eb3\u9152\u5e97", "order_time": ["2019-01-08 23:36:10"], "total_order": 1, "hotel_value": ["4.6"], "hotel_price": ["1455"]}, "879580": {"hotel_name": "\u9526\u6c5f\u4e4b\u661f(\u4e09\u4e9a\u56fd\u9645\u8d2d\u7269\u4e2d\u5fc3\u6d77\u666f\u5e97)", "order_time": ["2019-01-08 23:36:10", "2019-01-08 23:56:10"], "total_order": 2, "hotel_value": ["4.5", "4.5"], "hotel_price": ["179", "179"]}, "13433212": {"hotel_name": "\u4e09\u4e9a\u91d1\u90fd\u851a\u666f\u6e29\u5fb7\u59c6\u9152\u5e97", "order_time": ["2019-01-08 23:36:10"], "total_order": 1, "hotel_value": ["4.7"], "hotel_price": ["582"]}, "16948036": {"hotel_name": "\u4e09\u4e9a\u6e7e\u7ea2\u6811\u6797\u5ea6\u5047\u4e16\u754c(\u5927\u738b\u68d5\u9152\u5e97)", "order_time": ["2019-01-08 23:36:10"], "total_order": 1, "hotel_value": ["4.7"], "hotel_price": ["620"]}, "6708909": {"hotel_name": "\u4e09\u4e9a\u6d77\u68e0\u6e7e\u798f\u6d77\u68e0\u6d77\u666f\u5957\u623f\u5ea6\u5047\u9152\u5e97", "order_time": ["2019-01-08 23:36:10"], "total_order": 1, "hotel_value": ["4.6"], "hotel_price": ["618"]}, "371696": {"hotel_name": "\u4e09\u4e9a\u590f\u5a01\u5937\u5927\u9152\u5e97", "order_time": ["2019-01-09 00:00:10", "2019-01-08 23:36:10"], "total_order": 2, "hotel_value": ["4.4", "4.4"], "hotel_price": ["290", "263"]}, "15164961": {"hotel_name": "\u4e09\u4e9a\u5c4b\u5947\u9152\u5e97(\u6b65\u884c\u8857\u5e97)", "order_time": ["2019-01-08 23:36:10"], "total_order": 1, "hotel_value": ["4.6"], "hotel_price": ["208"]}, "1682691": {"hotel_name": "\u4e09\u4e9a\u4eac\u6d77\u56fd\u9645\u5047\u65e5\u9152\u5e97", "order_time": ["2019-01-08 23:36:11", "2019-01-09 00:00:10"], "total_order": 2, "hotel_value": ["4.6", "4.6"], "hotel_price": ["572", "572"]}, "346719": {"hotel_name": "\u4e09\u4e9a\u534a\u5c71\u534a\u5c9b\u5e06\u8239\u6e2f\u9152\u5e97", "order_time": ["2019-01-08 23:36:11", "2019-01-08 23:52:10"], "total_order": 2, "hotel_value": ["4.7", "4.7"], "hotel_price": ["1235", "1235"]}, "1061478": {"hotel_name": "\u4e45\u6816\u00b7\u4e09\u4e9aiHome\u6d77\u666f\u5ea6\u5047\u516c\u5bd3", "order_time": ["2019-01-08 23:38:09"], "total_order": 1, "hotel_value": ["4.7"], "hotel_price": ["445"]}, "4301411": {"hotel_name": "\u5982\u5bb6\u5feb\u6377\u9152\u5e97(\u4e09\u4e9a\u5546\u54c1\u8857\u5927\u9053\u5e97)", "order_time": ["2019-01-08 23:38:10", "2019-01-08 23:54:10"], "total_order": 2, "hotel_value": ["4.5", "4.5"], "hotel_price": ["154", "154"]}, "473665": {"hotel_name": "\u9526\u6c5f\u4e4b\u661f\u54c1\u5c1a(\u4e09\u4e9a\u6e7e\u91d1\u9e21\u5cad\u5e97)", "order_time": ["2019-01-08 23:38:12"], "total_order": 1, "hotel_value": ["4.4"], "hotel_price": ["269"]}, "1701113": {"hotel_name": "\u9526\u6c5f\u90fd\u57ce(\u4e09\u4e9a\u6e7e\u5e97)", "order_time": ["2019-01-08 23:38:12"], "total_order": 1, "hotel_value": ["4.9"], "hotel_price": ["299"]}, "346754": {"hotel_name": "\u4e09\u4e9a\u534a\u5c71\u534a\u5c9b\u6d32\u9645\u5ea6\u5047\u9152\u5e97", "order_time": ["2019-01-08 23:40:11"], "total_order": 1, "hotel_value": ["4.6"], "hotel_price": ["899"]}, "347462": {"hotel_name": "\u4e09\u4e9a\u6d77\u68e0\u6e7e9\u53f7\u5ea6\u5047\u9152\u5e97", "order_time": ["2019-01-08 23:40:11", "2019-01-08 23:50:11"], "total_order": 2, "hotel_value": ["4.7", "4.7"], "hotel_price": ["726", "726"]}, "1486685": {"hotel_name": "\u4e09\u4e9a\u51e4\u51f0\u5c9b\u5ea6\u5047\u9152\u5e97", "order_time": ["2019-01-08 23:40:11"], "total_order": 1, "hotel_value": ["4.7"], "hotel_price": ["958"]}, "24036490": {"hotel_name": "\u4e09\u4e9a\u65f6\u5149\u5c0f\u820d\u6d77\u8fb9\u7cbe\u54c1\u5ba2\u6808", "order_time": ["2019-01-08 23:40:12"], "total_order": 1, "hotel_value": ["4.9"], "hotel_price": ["119"]}, "15330406": {"hotel_name": "7\u5929\u9152\u5e97(\u4e09\u4e9a\u4e9a\u9f99\u6e7e\u666f\u533a\u5e97)", "order_time": ["2019-01-08 23:42:12"], "total_order": 1, "hotel_value": ["4.4"], "hotel_price": ["160"]}, "834000": {"hotel_name": "\u4e09\u4e9a\u987a\u946b\u5bbe\u9986", "order_time": ["2019-01-08 23:42:13"], "total_order": 1, "hotel_value": ["4.3"], "hotel_price": ["98"]}, "14119383": {"hotel_name": "\u4e09\u4e9a\u6734\u5bbf\u8bbe\u8ba1\u6c11\u5bbf", "order_time": ["2019-01-08 23:42:13"], "total_order": 1, "hotel_value": ["4.7"], "hotel_price": ["216"]}, "993928": {"hotel_name": "\u5982\u5bb6\u5feb\u6377\u9152\u5e97(\u4e09\u4e9a\u5927\u4e1c\u6d77\u6e38\u5ba2\u4e2d\u5fc3\u5e97)", "order_time": ["2019-01-08 23:42:14", "2019-01-08 23:56:12"], "total_order": 2, "hotel_value": ["4.3", "4.3"], "hotel_price": ["147", "147"]}, "15249049": {"hotel_name": "\u7f8e\u4e3d\u4e4b\u51a0\u5927\u6811\u7687\u51a0\u5047\u65e5\u9152\u5e97", "order_time": ["2019-01-08 23:44:10"], "total_order": 1, "hotel_value": ["4.4"], "hotel_price": ["208"]}, "1744812": {"hotel_name": "\u4e09\u4e9a\u65af\u7ef4\u767b\u5ea6\u5047\u516c\u5bd3(\u51ac\u90fd\u5927\u53a6)", "order_time": ["2019-01-08 23:44:10"], "total_order": 1, "hotel_value": ["4.7"], "hotel_price": ["258"]}, "1379655": {"hotel_name": "\u4e09\u4e9a\u6d6a\u6f2b\u6d77\u666f\u516c\u5bd3", "order_time": ["2019-01-08 23:44:10"], "total_order": 1, "hotel_value": ["4.8"], "hotel_price": ["268"]}, "25662784": {"hotel_name": "\u4e09\u4e9a\u6d77\u68e0\u6e7e\u9646\u53f7\u5c0f\u9547\u5ea6\u5047\u516c\u5bd3", "order_time": ["2019-01-08 23:44:10"], "total_order": 1, "hotel_value": ["4.8"], "hotel_price": ["661"]}, "5498432": {"hotel_name": "\u4e09\u4e9a\u521d\u590f\u7cbe\u54c1\u5957\u623f\u6d77\u666f\u516c\u5bd3", "order_time": ["2019-01-08 23:44:12"], "total_order": 1, "hotel_value": ["4.8"], "hotel_price": ["116"]}, "1415685": {"hotel_name": "\u4e09\u4e9a9\u53f7\u4e3b\u9898\u516c\u5bd3", "order_time": ["2019-01-08 23:46:10"], "total_order": 1, "hotel_value": ["4.9"], "hotel_price": ["298"]}, "660311": {"hotel_name": "\u4e09\u4e9a\u6e7e\u559c\u6765\u767b\u5ea6\u5047\u9152\u5e97", "order_time": ["2019-01-08 23:48:11"], "total_order": 1, "hotel_value": ["4.6"], "hotel_price": ["623"]}, "426360": {"hotel_name": "\u4e09\u4e9a\u67cf\u745e\u7cbe\u54c1\u6d77\u666f\u9152\u5e97", "order_time": ["2019-01-08 23:48:11"], "total_order": 1, "hotel_value": ["4.6"], "hotel_price": ["315"]}, "12462953": {"hotel_name": "\u4e09\u4e9a\u6d77\u4e0a\u65f6\u5149\u522b\u5885\u5ba2\u6808", "order_time": ["2019-01-08 23:48:12"], "total_order": 1, "hotel_value": ["4.8"], "hotel_price": ["141"]}, "1459517": {"hotel_name": "\u4e09\u4e9a\u7f8e\u4e3d\u65f6\u5149\u5047\u65e5\u9152\u5e97", "order_time": ["2019-01-08 23:48:12"], "total_order": 1, "hotel_value": ["4.0"], "hotel_price": ["113"]}, "27264086": {"hotel_name": "\u4e09\u4e9a\u4e0d\u4e8c\u4e3b\u9898\u6c11\u5bbf", "order_time": ["2019-01-08 23:48:13"], "total_order": 1, "hotel_value": ["4.8"], "hotel_price": ["138"]}, "895528": {"hotel_name": "7\u5929\u8fde\u9501\u9152\u5e97(\u4e09\u4e9a\u6e7e\u51e4\u51f0\u5c9b\u6d77\u666f\u5e97)", "order_time": ["2019-01-08 23:48:13"], "total_order": 1, "hotel_value": ["4.4"], "hotel_price": ["136"]}, "6375656": {"hotel_name": "\u4e09\u4e9a\u99a8\u7f8e\u6d77\u666f\u5ea6\u5047\u516c\u5bd3", "order_time": ["2019-01-08 23:48:13"], "total_order": 1, "hotel_value": ["4.8"], "hotel_price": ["709"]}, "6476957": {"hotel_name": "\u4e09\u4e9a\u5174\u5b89\u957f\u5cf0\u5927\u9152\u5e97", "order_time": ["2019-01-08 23:48:14"], "total_order": 1, "hotel_value": ["4.5"], "hotel_price": ["288"]}, "2883738": {"hotel_name": "\u4e09\u4e9a\u9082\u9005\u65f6\u5149\u827a\u672f\u5ba2\u6808", "order_time": ["2019-01-08 23:50:10"], "total_order": 1, "hotel_value": ["4.7"], "hotel_price": ["148"]}, "437589": {"hotel_name": "\u4e09\u4e9a\u6797\u8fbe\u6d77\u666f\u9152\u5e97", "order_time": ["2019-01-08 23:50:11"], "total_order": 1, "hotel_value": ["4.4"], "hotel_price": ["262"]}, "25665237": {"hotel_name": "\u4e09\u4e9a\u6c90\u5fc3\u5c0f\u7b51\u7cbe\u54c1\u6c11\u5bbf", "order_time": ["2019-01-08 23:50:11"], "total_order": 1, "hotel_value": ["4.9"], "hotel_price": ["168"]}, "1377449": {"hotel_name": "Q\u52a0\u00b7\u4e09\u4e9a\u51e4\u51f0\u5c9b\u60a6\u4f73\u6d77\u4e0a\u516c\u5bd3", "order_time": ["2019-01-08 23:52:09"], "total_order": 1, "hotel_value": ["4.7"], "hotel_price": ["431"]}, "15717524": {"hotel_name": "\u8d30\u53f7\u8bbe\u8ba1\u9152\u5e97(\u4e09\u4e9a\u51e4\u51f0\u673a\u573a\u5e97)", "order_time": ["2019-01-08 23:52:10"], "total_order": 1, "hotel_value": ["4.6"], "hotel_price": ["201"]}, "8681237": {"hotel_name": "\u4e09\u4e9a\u5927\u4e1c\u6d77\u5fc6\u8bed\u6d41\u5e74\u4e3b\u9898\u9152\u5e97", "order_time": ["2019-01-09 00:08:11", "2019-01-08 23:52:10"], "total_order": 2, "hotel_value": ["4.8", "4.8"], "hotel_price": ["179", "155"]}, "5265993": {"hotel_name": "\u4e09\u4e9a\u6d77\u8fb9\u513f\u5ea6\u5047\u522b\u5885(\u5929\u6daf\u6d77\u89d2\u5e97)", "order_time": ["2019-01-08 23:54:10"], "total_order": 1, "hotel_value": ["4.5"], "hotel_price": ["108"]}, "12824693": {"hotel_name": "\u6811\u4ebf\u5927\u6811\u5ea6\u5047\u9152\u5e97(\u4e09\u4e9a\u7f8e\u4e3d\u4e4b\u51a0\u5e02\u4e2d\u5fc3\u5e97)", "order_time": ["2019-01-08 23:54:10"], "total_order": 1, "hotel_value": ["4.5"], "hotel_price": ["178"]}, "426964": {"hotel_name": "\u4e09\u4e9a\u5eb7\u7279\u738b\u5e9c\u4f1a\u8bae\u5ea6\u5047\u9152\u5e97", "order_time": ["2019-01-08 23:54:10"], "total_order": 1, "hotel_value": ["4.6"], "hotel_price": ["340"]}, "3328368": {"hotel_name": "\u4e09\u4e9a\u7f57\u9a6c\u65f6\u5149\u6d77\u666f\u5ea6\u5047\u516c\u5bd3", "order_time": ["2019-01-08 23:56:10"], "total_order": 1, "hotel_value": ["4.7"], "hotel_price": ["111"]}, "834161": {"hotel_name": "\u4e09\u4e9a\u591a\u7f8e\u597d\u5bbe\u9986", "order_time": ["2019-01-08 23:56:11"], "total_order": 1, "hotel_value": ["2.8"], "hotel_price": ["95"]}, "2021754": {"hotel_name": "\u4e09\u4e9a\u4fdd\u5229\u5929\u827a\u51e4\u51f0\u9152\u5e97", "order_time": ["2019-01-08 23:58:11"], "total_order": 1, "hotel_value": ["4.4"], "hotel_price": ["317"]}, "473368": {"hotel_name": "\u5982\u5bb6\u6d3e\u67cf\u00b7\u4e91\u9152\u5e97(\u4e09\u4e9a\u9e7f\u56de\u5934\u516c\u56ed\u6d77\u666f\u5e97)(\u539f\u661f\u5ea7\u9152\u5e97)", "order_time": ["2019-01-08 23:58:11"], "total_order": 1, "hotel_value": [0], "hotel_price": ["147"]}, "1462497": {"hotel_name": "\u6d77\u68e0\u5047\u65e5\u5ba2\u6808(\u4e09\u4e9a\u6d77\u68e0\u6e7e\u5e97)", "order_time": ["2019-01-08 23:58:11"], "total_order": 1, "hotel_value": ["4.2"], "hotel_price": ["146"]}, "10226392": {"hotel_name": "\u81fb\u7231\u9038\u5bb6\u7cbe\u54c1\u522b\u5885(\u4e09\u4e9a\u6e7e\u7ea2\u6811\u6797\u5e97)", "order_time": ["2019-01-08 23:58:12"], "total_order": 1, "hotel_value": ["4.8"], "hotel_price": ["211"]}, "3462113": {"hotel_name": "\u5982\u5bb6\u6d3e\u67cf\u00b7\u4e91\u9152\u5e97(\u4e09\u4e9a\u4e9a\u9f99\u6e7e\u5e97)(\u539f\u91d1\u601d\u8fbe\u5047\u65e5\u9152\u5e97)", "order_time": ["2019-01-08 23:58:12"], "total_order": 1, "hotel_value": ["4.2"], "hotel_price": ["122"]}, "428289": {"hotel_name": "\u5982\u5bb6\u5feb\u6377\u9152\u5e97(\u4e09\u4e9a\u89e3\u653e\u8def\u65b0\u98ce\u8857\u4e09\u4e9a\u6e7e\u5e97)", "order_time": ["2019-01-08 23:58:12"], "total_order": 1, "hotel_value": ["4.3"], "hotel_price": ["188"]}, "17265739": {"hotel_name": "\u4e09\u4e9a\u6d77\u68e0\u6e7e\u6d77\u97f5\u5361\u897f\u8bfa\u6d77\u666f\u5ea6\u5047\u516c\u5bd3", "order_time": ["2019-01-09 00:00:10"], "total_order": 1, "hotel_value": ["4.8"], "hotel_price": ["1028"]}, "17292860": {"hotel_name": "\u4e09\u4e9a\u6d77\u68e0\u6e7e\u6155\u820d\u96ea\u83b1\u6d0b\u623f\u522b\u5885", "order_time": ["2019-01-09 00:00:10"], "total_order": 1, "hotel_value": ["4.8"], "hotel_price": ["577"]}, "5234726": {"hotel_name": "\u4e09\u4e9a\u4e1c\u6e2f\u6d77\u666f\u4e3b\u9898\u9152\u5e97(\u56fd\u9645\u8d2d\u7269\u4e2d\u5fc3\u5e97)(\u539f\u4e1c\u6e2f\u4e3b\u9898\u9152\u5e97)", "order_time": ["2019-01-09 00:00:10"], "total_order": 1, "hotel_value": ["4.3"], "hotel_price": ["130"]}, "5902128": {"hotel_name": "\u9685\u82b1\u539f\u5c71\u95f4\u8bbe\u8ba1\u9152\u5e97(\u4e09\u4e9a\u51e4\u51f0\u673a\u573a\u5e97)", "order_time": ["2019-01-09 00:00:10"], "total_order": 1, "hotel_value": ["4.7"], "hotel_price": ["252"]}, "684215": {"hotel_name": "\u4e09\u4e9a\u6d77\u68e0\u6e7e\u5929\u623f\u6d32\u9645\u5ea6\u5047\u9152\u5e97", "order_time": ["2019-01-09 00:00:10"], "total_order": 1, "hotel_value": ["4.7"], "hotel_price": ["1697"]}, "6245445": {"hotel_name": "\u4e09\u4e9a\u8d1d\u65af\u7279\u97e6\u65af\u7279\u7cbe\u54c1\u56fd\u9645\u5ea6\u5047\u9152\u5e97", "order_time": ["2019-01-09 00:00:10"], "total_order": 1, "hotel_value": ["4.6"], "hotel_price": ["498"]}, "3735187": {"hotel_name": "\u4e09\u4e9a\u7406\u6587\u7d22\u83f2\u7279\u5ea6\u5047\u9152\u5e97", "order_time": ["2019-01-09 00:00:11", "2019-01-09 00:04:10"], "total_order": 2, "hotel_value": ["4.6", "4.6"], "hotel_price": ["933", "933"]}, "6486443": {"hotel_name": "\u4e09\u4e9a\u5b9d\u745e\u7cbe\u54c1\u5ea6\u5047\u516c\u5bd3", "order_time": ["2019-01-09 00:00:12"], "total_order": 1, "hotel_value": ["4.4"], "hotel_price": ["170"]}, "6405320": {"hotel_name": "\u4e09\u4e9a\u4e9a\u9f99\u6e7e\u6728\u843d\u5ba2\u6808", "order_time": ["2019-01-09 00:00:12"], "total_order": 1, "hotel_value": ["4.5"], "hotel_price": ["130"]}, "5980581": {"hotel_name": "\u4e09\u4e9a\u73ba\u6cfd\u6d77\u666f\u65c5\u5c45(\u539f\u6d77\u60a6\u661f\u8fb0\u6d77\u666f\u5ea6\u5047\u516c\u5bd3)", "order_time": ["2019-01-09 00:02:10"], "total_order": 1, "hotel_value": ["4.9"], "hotel_price": ["190"]}, "1723380": {"hotel_name": "\u4e09\u4e9a\u65f6\u5149\u4ed3\u6000\u65e7\u827a\u672f\u5ba2\u6808", "order_time": ["2019-01-09 00:02:10"], "total_order": 1, "hotel_value": ["4.6"], "hotel_price": ["215"]}, "3732039": {"hotel_name": "\u4e09\u4e9a\u6d77\u68e0\u6e7e\u6bd4\u90bbnear\u6930\u6797\u7f8e\u5bbf(\u539f\u6bd4\u90bb\u6cf3\u6c60\u5ea6\u5047\u7cbe\u54c1\u5ba2\u6808)", "order_time": ["2019-01-09 00:02:10"], "total_order": 1, "hotel_value": ["4.5"], "hotel_price": ["286"]}, "14999032": {"hotel_name": "\u4e09\u4e9a\u4e9a\u9f99\u6e7e\u6d6e\u751f\u82e5\u5bbf\u8bbe\u8ba1\u6c11\u5bbf", "order_time": ["2019-01-09 00:02:11", "2019-01-09 00:06:10"], "total_order": 2, "hotel_value": ["4.9", "4.9"], "hotel_price": ["394", "394"]}, "896368": {"hotel_name": "\u4e09\u4e9a\u90a3\u8fb9\u6d77\u6d77\u666f\u5ea6\u5047\u516c\u5bd3", "order_time": ["2019-01-09 00:02:11"], "total_order": 1, "hotel_value": ["4.8"], "hotel_price": ["283"]}, "436696": {"hotel_name": "\u4e09\u4e9a\u6930\u84dd\u6e7e\u5ea6\u5047\u9152\u5e97", "order_time": ["2019-01-09 00:04:11"], "total_order": 1, "hotel_value": ["4.4"], "hotel_price": ["295"]}, "4374867": {"hotel_name": "\u4e09\u4e9a\u53cc\u5927\u56fd\u9645\u9152\u5e97", "order_time": ["2019-01-09 00:06:10"], "total_order": 1, "hotel_value": ["4.5"], "hotel_price": ["482"]}, "1379457": {"hotel_name": "\u4e09\u4e9a\u8f66\u4f73\u623f\u9152\u5e97(\u539f\u6e90\u6cc9\u6d77\u666f\u9152\u5e97)", "order_time": ["2019-01-09 00:06:10"], "total_order": 1, "hotel_value": ["4.6"], "hotel_price": ["143"]}, "21634169": {"hotel_name": "\u7f18\u7b51\u00b7\u4e09\u4e9a\u6162\u70b9\u5ea6\u5047\u516c\u5bd3(\u64ce\u5929\u534a\u5c9b\u5e97)", "order_time": ["2019-01-09 00:06:11"], "total_order": 1, "hotel_value": ["4.8"], "hotel_price": ["191"]}, "6396157": {"hotel_name": "\u4e09\u4e9a\u6668\u5915\u5c0f\u820d\u7cbe\u54c1\u5ba2\u6808\u673a\u573a\u522b\u5885\u5e97", "order_time": ["2019-01-09 00:06:11"], "total_order": 1, "hotel_value": ["4.7"], "hotel_price": ["169"]}, "1302048": {"hotel_name": "\u4e09\u4e9a\u5929\u6daf\u6f6e\u58f0\u5165\u68a6\u6d77\u666f\u5ba2\u6808(\u539f\u7c73\u7c92\u6d77\u666f\u5ba2\u6808\u4e09\u4e9a\u6e7e\u5e97)", "order_time": ["2019-01-09 00:08:10"], "total_order": 1, "hotel_value": ["4.7"], "hotel_price": ["108"]}, "3181378": {"hotel_name": "\u4e91\u4e0a\u65f6\u5149\u5ba2\u6808(\u4e09\u4e9a\u8708\u652f\u6d32\u5c9b\u5e97)(\u539f\u4e91\u4e0a\u6c99\u6ee9\u522b\u9662)", "order_time": ["2019-01-09 00:08:10"], "total_order": 1, "hotel_value": ["4.4"], "hotel_price": ["58"]}, "26661908": {"hotel_name": "\u4e09\u4e9a\u989c\u5148\u7ec5\u65c5\u79df", "order_time": ["2019-01-09 00:08:11"], "total_order": 1, "hotel_value": [0], "hotel_price": ["148"]}}}