{"\u5f00\u59cb\u8bb0\u5f55\u65f6\u95f4": "2019-01-16 06:47:50", "\u7ed3\u675f\u8bb0\u5f55\u65f6\u95f4": "2019-01-16 07:47:50", "\u8ba2\u5355\u603b\u589e\u91cf": 90, "item": {"346676": {"hotel_name": "\u4e09\u4e9a\u56fd\u5149\u8c6a\u751f\u5ea6\u5047\u9152\u5e97", "order_time": ["2019-01-16 07:45:56", "2019-01-16 06:53:55"], "total_order": 2, "hotel_value": ["4.6", "4.6"], "hotel_price": ["576", "576"]}, "346693": {"hotel_name": "\u4e09\u4e9a\u4e9a\u9f99\u6e7e\u534e\u5b87\u5ea6\u5047\u9152\u5e97", "order_time": ["2019-01-16 06:53:56"], "total_order": 1, "hotel_value": ["4.6"], "hotel_price": ["599"]}, "643641": {"hotel_name": "\u4e09\u4e9a\u51e4\u51f0\u673a\u573a\u6d77\u822a\u5feb\u6377\u9152\u5e97", "order_time": ["2019-01-16 07:03:55"], "total_order": 1, "hotel_value": ["4.1"], "hotel_price": ["208"]}, "5772799": {"hotel_name": "\u4e09\u4e9a\u6d77\u5cb8\u4e4b\u5bb6\u6d77\u666f\u5ea6\u5047\u516c\u5bd3", "order_time": ["2019-01-16 07:03:56"], "total_order": 1, "hotel_value": ["4.9"], "hotel_price": ["206"]}, "430981": {"hotel_name": "\u5982\u5bb6\u5feb\u6377\u9152\u5e97(\u4e09\u4e9a\u89e3\u653e\u8def\u660e\u73e0\u5e7f\u573a\u8d2d\u7269\u4e2d\u5fc3\u5e97)", "order_time": ["2019-01-16 07:03:56"], "total_order": 1, "hotel_value": ["4.6"], "hotel_price": ["140"]}, "26483436": {"hotel_name": "\u4e09\u4e9a\u4e0e\u9e7f\u9752\u5e74\u65c5\u820d", "order_time": ["2019-01-16 07:25:56", "2019-01-16 07:07:56"], "total_order": 2, "hotel_value": ["4.9", "4.9"], "hotel_price": ["51", "51"]}, "976249": {"hotel_name": "\u54ea\u91cc\u90a3\u91cc\u6d77\u5cb8\u7cbe\u54c1\u5ba2\u6808(\u4e09\u4e9a\u5927\u4e1c\u6d77\u5e97)", "order_time": ["2019-01-16 07:09:55"], "total_order": 1, "hotel_value": ["4.8"], "hotel_price": ["175"]}, "3041884": {"hotel_name": "\u4e09\u4e9a\u4e3d\u79be\u6e29\u5fb7\u59c6\u9152\u5e97", "order_time": ["2019-01-16 07:09:55"], "total_order": 1, "hotel_value": ["4.8"], "hotel_price": ["730"]}, "440685": {"hotel_name": "\u4e09\u4e9a\u7389\u6d77\u56fd\u9645\u5ea6\u5047\u9152\u5e97", "order_time": ["2019-01-16 07:11:55"], "total_order": 1, "hotel_value": ["4.5"], "hotel_price": ["243"]}, "6331979": {"hotel_name": "\u4e09\u4e9a\u6d77\u68e0\u6e7e\u7ea2\u6811\u6797\u5ea6\u5047\u9152\u5e97", "order_time": ["2019-01-16 07:11:55"], "total_order": 1, "hotel_value": ["4.6"], "hotel_price": ["939"]}, "26098129": {"hotel_name": "\u4e09\u4e9a\u4e9a\u83b1\u7279\u65c5\u79df", "order_time": ["2019-01-16 07:11:55"], "total_order": 1, "hotel_value": ["5.0"], "hotel_price": ["83"]}, "608364": {"hotel_name": "\u4e09\u4e9a\u65b0\u5174\u6d77\u666f\u5927\u9152\u5e97(\u7b2c\u4e00\u5e02\u573a\u5e97)", "order_time": ["2019-01-16 07:13:56"], "total_order": 1, "hotel_value": ["4.0"], "hotel_price": ["157"]}, "346664": {"hotel_name": "\u4e09\u4e9a\u541b\u7136\u6e29\u6cc9\u5ea6\u5047\u9152\u5e97", "order_time": ["2019-01-16 07:13:56"], "total_order": 1, "hotel_value": ["4.5"], "hotel_price": ["250"]}, "3040204": {"hotel_name": "\u521d\u89c1\u4e09\u4e9a\u6d77\u666f\u7a7a\u4e2d\u82b1\u56ed\u5ba2\u6808", "order_time": ["2019-01-16 07:13:57"], "total_order": 1, "hotel_value": ["4.9"], "hotel_price": ["262"]}, "426360": {"hotel_name": "\u4e09\u4e9a\u67cf\u745e\u7cbe\u54c1\u6d77\u666f\u9152\u5e97", "order_time": ["2019-01-16 07:13:57", "2019-01-16 07:39:56"], "total_order": 2, "hotel_value": ["4.6", "4.6"], "hotel_price": ["280", "280"]}, "1701009": {"hotel_name": "\u4e09\u4e9a\u946b\u6d77\u6e7e\u5546\u52a1\u9152\u5e97", "order_time": ["2019-01-16 07:13:58"], "total_order": 1, "hotel_value": ["3.8"], "hotel_price": ["131"]}, "344912": {"hotel_name": "\u4e09\u4e9a\u6d77\u5929\u5927\u9152\u5e97", "order_time": ["2019-01-16 07:15:55"], "total_order": 1, "hotel_value": ["4.6"], "hotel_price": ["361"]}, "16897771": {"hotel_name": "\u4e09\u4e9a\u6d77\u68e0\u6e7e\u9e93\u6e56\u5ea6\u5047\u9152\u5e97", "order_time": ["2019-01-16 07:15:56", "2019-01-16 07:37:56"], "total_order": 2, "hotel_value": ["4.7", "4.7"], "hotel_price": ["487", "487"]}, "6656398": {"hotel_name": "\u4e09\u4e9a\u6d77\u68e0\u6e7e\u6797\u65fa\u6d77\u6e90\u5546\u52a1\u9152\u5e97(\u8708\u652f\u6d32\u5c9b\u5e97)", "order_time": ["2019-01-16 07:17:56"], "total_order": 1, "hotel_value": ["4.3"], "hotel_price": ["110"]}, "11276759": {"hotel_name": "\u4e09\u4e9a\u9047\u89c1\u7231\u6d77\u666f\u516c\u5bd3", "order_time": ["2019-01-16 07:19:55"], "total_order": 1, "hotel_value": ["5.0"], "hotel_price": ["285"]}, "5265993": {"hotel_name": "\u4e09\u4e9a\u6d77\u8fb9\u513f\u5ea6\u5047\u522b\u5885(\u5929\u6daf\u6d77\u89d2\u5e97)", "order_time": ["2019-01-16 07:19:55"], "total_order": 1, "hotel_value": ["4.6"], "hotel_price": ["92"]}, "346760": {"hotel_name": "\u4e09\u4e9a\u4e9a\u9f99\u6e7e\u8f9b\u7279\u62c9\u8d4f\u693f\u5957\u623f\u5ea6\u5047\u9152\u5e97", "order_time": ["2019-01-16 07:27:56", "2019-01-16 07:19:55"], "total_order": 2, "hotel_value": ["4.3", "4.3"], "hotel_price": ["387", "387"]}, "2878026": {"hotel_name": "\u60a6\u65af\u5ea6\u5047\u516c\u5bd3(\u4e09\u4e9a\u4e07\u79d1\u6e56\u7554\u5e97)(\u539f\u4e07\u79d1\u6e56\u7554\u81ea\u52a9\u516c\u5bd3)", "order_time": ["2019-01-16 07:19:55"], "total_order": 1, "hotel_value": ["4.6"], "hotel_price": ["384"]}, "1486685": {"hotel_name": "\u4e09\u4e9a\u51e4\u51f0\u5c9b\u5ea6\u5047\u9152\u5e97", "order_time": ["2019-01-16 07:43:56", "2019-01-16 07:19:59", "2019-01-16 07:19:55", "2019-01-16 07:23:55"], "total_order": 4, "hotel_value": ["4.7", "4.7", "4.7", "4.7"], "hotel_price": ["688", "688", "688", "688"]}, "473351": {"hotel_name": "\u4e09\u4e9a\u4e9a\u9f99\u6e7e\u827e\u7433\u8fbe\u7cbe\u54c1\u5ea6\u5047\u9152\u5e97", "order_time": ["2019-01-16 07:19:57"], "total_order": 1, "hotel_value": ["4.1"], "hotel_price": ["249"]}, "6541448": {"hotel_name": "\u4e09\u4e9a\u745e\u6cf0\u660e\u73e0\u9152\u5e97(\u51e4\u51f0\u673a\u573a\u5e97)", "order_time": ["2019-01-16 07:21:56"], "total_order": 1, "hotel_value": ["4.6"], "hotel_price": ["152"]}, "707593": {"hotel_name": "\u4e09\u4e9a\u51e4\u51f0\u5c9b\u6d77\u6d0b\u4e4b\u661f\u5ea6\u5047\u9152\u5e97", "order_time": ["2019-01-16 07:21:58"], "total_order": 1, "hotel_value": ["4.7"], "hotel_price": ["432"]}, "436675": {"hotel_name": "\u4e09\u4e9a\u5927\u4e1c\u6d77\u541b\u4ead\u9152\u5e97", "order_time": ["2019-01-16 07:21:58"], "total_order": 1, "hotel_value": ["4.8"], "hotel_price": ["330"]}, "346702": {"hotel_name": "\u4e09\u4e9a\u8fb0\u5149\u514b\u62c9\u7801\u5934\u9152\u5e97", "order_time": ["2019-01-16 07:41:55", "2019-01-16 07:25:56", "2019-01-16 07:45:56"], "total_order": 3, "hotel_value": ["4.6", "4.6", "4.6"], "hotel_price": ["427", "427", "427"]}, "6457048": {"hotel_name": "\u4f73\u8f69\u5047\u65e5\u9152\u5e97(\u4e09\u4e9a\u51e4\u51f0\u673a\u573a\u5e97)", "order_time": ["2019-01-16 07:33:55", "2019-01-16 07:27:56"], "total_order": 2, "hotel_value": ["4.5", "4.5"], "hotel_price": ["189", "189"]}, "433675": {"hotel_name": "\u4e09\u4e9a\u51e4\u51f0\u6c34\u57ce\u51ef\u83b1\u5ea6\u5047\u9152\u5e97", "order_time": ["2019-01-16 07:27:56"], "total_order": 1, "hotel_value": ["4.5"], "hotel_price": ["338"]}, "6388655": {"hotel_name": "\u4e09\u4e9a\u5411\u65e5\u8475\u6d77\u5cb8\u5ba2\u6808\u5e97", "order_time": ["2019-01-16 07:27:58"], "total_order": 1, "hotel_value": ["4.8"], "hotel_price": ["146"]}, "15696546": {"hotel_name": "\u4e09\u4e9a\u4e2d\u5fc3\u51ef\u60a6\u5609\u8f69\u9152\u5e97", "order_time": ["2019-01-16 07:29:58"], "total_order": 1, "hotel_value": ["4.5"], "hotel_price": ["449"]}, "1315536": {"hotel_name": "\u4e09\u4e9a\u5e15\u5c14\u7f8e\u7eb3\u56fd\u9645\u5ea6\u5047\u516c\u5bd3", "order_time": ["2019-01-16 07:29:58"], "total_order": 1, "hotel_value": ["4.8"], "hotel_price": ["279"]}, "6126289": {"hotel_name": "\u4e09\u4e9a\u84dd\u6d77\u4e00\u53f7\u6d77\u5cb8\u9152\u5e97", "order_time": ["2019-01-16 07:29:59"], "total_order": 1, "hotel_value": ["4.8"], "hotel_price": ["153"]}, "429615": {"hotel_name": "\u4e09\u4e9a\u4e9a\u9f99\u6e7e\u541b\u6f9c\u5ea6\u5047\u9152\u5e97(\u539f\u5047\u65e5\u5ea6\u5047\u9152\u5e97)", "order_time": ["2019-01-16 07:31:55"], "total_order": 1, "hotel_value": ["4.5"], "hotel_price": ["640"]}, "4388404": {"hotel_name": "\u4e09\u4e9a\u7f8e\u4e3d\u4e4b\u51a0\u5927\u6811\u9152\u5e97", "order_time": ["2019-01-16 07:31:55"], "total_order": 1, "hotel_value": ["4.3"], "hotel_price": ["250"]}, "879580": {"hotel_name": "\u9526\u6c5f\u4e4b\u661f(\u4e09\u4e9a\u56fd\u9645\u8d2d\u7269\u4e2d\u5fc3\u6d77\u666f\u5e97)", "order_time": ["2019-01-16 07:31:56"], "total_order": 1, "hotel_value": ["4.5"], "hotel_price": ["179"]}, "6867681": {"hotel_name": "\u4e09\u4e9a\u590f\u672b\u82b1\u5f00\u5c71\u95f4\u5c0f\u7b51", "order_time": ["2019-01-16 07:31:57"], "total_order": 1, "hotel_value": ["4.8"], "hotel_price": ["157"]}, "2686334": {"hotel_name": "\u7231\u820d\u6d77\u666f\u5ea6\u5047\u516c\u5bd3(\u4e09\u4e9a\u6d77\u6708\u5e7f\u573a\u6930\u68a6\u957f\u5eca\u5e97)", "order_time": ["2019-01-16 07:33:55"], "total_order": 1, "hotel_value": ["4.8"], "hotel_price": ["268"]}, "690765": {"hotel_name": "\u4e09\u4e9a\u6d77\u7acb\u65b9\u5ea6\u5047\u9152\u5e97", "order_time": ["2019-01-16 07:35:55"], "total_order": 1, "hotel_value": ["4.6"], "hotel_price": ["468"]}, "6420180": {"hotel_name": "\u4e09\u4e9a\u98d8\u6d77\u666f\u4e3b\u9898\u5ba2\u6808", "order_time": ["2019-01-16 07:35:56"], "total_order": 1, "hotel_value": ["4.8"], "hotel_price": ["153"]}, "345069": {"hotel_name": "\u4e09\u4e9a\u6d77\u68e0\u6e7e\u4e07\u8fbe\u5e0c\u5c14\u987f\u9038\u6797\u5ea6\u5047\u9152\u5e97", "order_time": ["2019-01-16 07:35:57"], "total_order": 1, "hotel_value": ["4.5"], "hotel_price": ["610"]}, "372154": {"hotel_name": "\u4e09\u4e9a\u798f\u670b\u559c\u6765\u767b\u9152\u5e97", "order_time": ["2019-01-16 07:39:56"], "total_order": 1, "hotel_value": ["4.5"], "hotel_price": ["607"]}, "2032262": {"hotel_name": "\u7ef4\u4e5f\u7eb3\u9152\u5e97(\u4e09\u4e9a\u6e7e\u51e4\u51f0\u5c9b\u5e97)(\u539f\u4e09\u4e9a\u7b2c\u4e00\u5e02\u573a\u5e97)", "order_time": ["2019-01-16 07:39:56"], "total_order": 1, "hotel_value": ["4.7"], "hotel_price": ["246"]}, "1470056": {"hotel_name": "Q\u52a0\u00b7\u4e09\u4e9a\u8fd9\u7247\u6d77\u5ea6\u5047\u6d77\u666f\u5ba2\u6808", "order_time": ["2019-01-16 07:39:56"], "total_order": 1, "hotel_value": ["4.6"], "hotel_price": ["177"]}, "384973": {"hotel_name": "\u4e09\u4e9a\u6d77\u68e0\u6e7e\u5f00\u7ef4\u4e07\u8fbe\u6587\u534e\u5ea6\u5047\u9152\u5e97", "order_time": ["2019-01-16 07:41:55"], "total_order": 1, "hotel_value": ["4.5"], "hotel_price": ["628"]}, "346735": {"hotel_name": "\u4e09\u4e9a\u5357\u7530\u6e29\u6cc9\u597d\u6c49\u5761\u56fd\u9645\u5ea6\u5047\u9152\u5e97", "order_time": ["2019-01-16 07:41:55"], "total_order": 1, "hotel_value": ["4.3"], "hotel_price": ["346"]}, "3362163": {"hotel_name": "\u4e09\u4e9a\u54c8\u66fc\u5ea6\u5047\u9152\u5e97", "order_time": ["2019-01-16 07:41:55"], "total_order": 1, "hotel_value": ["4.7"], "hotel_price": ["658"]}, "1744812": {"hotel_name": "\u4e09\u4e9a\u65af\u7ef4\u767b\u5ea6\u5047\u516c\u5bd3(\u51ac\u90fd\u5927\u53a6)", "order_time": ["2019-01-16 07:41:56", "2019-01-16 07:45:56"], "total_order": 2, "hotel_value": ["4.7", "4.7"], "hotel_price": ["248", "248"]}, "8577331": {"hotel_name": "\u7f8e\u51a0\u5047\u65e5\u9152\u5e97(\u4e09\u4e9a\u5927\u6811\u516c\u9986\u5e97)", "order_time": ["2019-01-16 07:41:56"], "total_order": 1, "hotel_value": ["4.5"], "hotel_price": ["242"]}, "481441": {"hotel_name": "\u4e09\u4e9a\u6e7e\u667a\u9009\u5047\u65e5\u9152\u5e97", "order_time": ["2019-01-16 07:43:56"], "total_order": 1, "hotel_value": ["4.3"], "hotel_price": ["268"]}, "24051573": {"hotel_name": "\u4e09\u4e9a\u6d77\u7720\u827a\u5bbf\u8bbe\u8ba1\u6c11\u5bbf", "order_time": ["2019-01-16 07:43:56"], "total_order": 1, "hotel_value": ["4.7"], "hotel_price": ["232"]}, "11155396": {"hotel_name": "\u4e09\u4e9a\u5c71\u884c\u6d77\u5bbf\u5ba2\u6808", "order_time": ["2019-01-16 07:43:56"], "total_order": 1, "hotel_value": ["4.6"], "hotel_price": ["228"]}, "1573160": {"hotel_name": "\u683c\u6797\u8c6a\u6cf0(\u4e09\u4e9a\u4e9a\u9f99\u6e7e\u5e97)", "order_time": ["2019-01-16 07:43:57"], "total_order": 1, "hotel_value": ["4.5"], "hotel_price": ["193"]}, "17325404": {"hotel_name": "\u4e09\u4e9a\u6d1b\u514b\u94c2\u91d1\u6d77\u666f\u9152\u5e97", "order_time": ["2019-01-16 07:45:56"], "total_order": 1, "hotel_value": ["4.4"], "hotel_price": ["479"]}, "347462": {"hotel_name": "\u4e09\u4e9a\u6d77\u68e0\u6e7e9\u53f7\u5ea6\u5047\u9152\u5e97", "order_time": ["2019-01-16 07:45:56"], "total_order": 1, "hotel_value": ["4.7"], "hotel_price": ["708"]}, "470083": {"hotel_name": "\u6d77\u5357\u96c5\u5c45\u4e50\u83b1\u4f5b\u58eb\u9152\u5e97", "order_time": ["2019-01-16 07:45:56"], "total_order": 1, "hotel_value": ["4.8"], "hotel_price": ["988"]}, "1281635": {"hotel_name": "\u4e09\u4e9a\u4e9a\u9f99\u6e7e\u516c\u4e3b\u90e1\u4e09\u671f\u6d0b\u623f", "order_time": ["2019-01-16 07:45:56"], "total_order": 1, "hotel_value": ["4.6"], "hotel_price": ["313"]}, "11444334": {"hotel_name": "\u4e09\u4e9a\u4e9a\u9f99\u6e7e\u5e0c\u60a6\u7cbe\u54c1\u522b\u5885\u9152\u5e97", "order_time": ["2019-01-16 07:45:57"], "total_order": 1, "hotel_value": ["4.6"], "hotel_price": ["540"]}, "10836607": {"hotel_name": "\u4e09\u4e9a\u5ba2\u6021\u5c45\u65c5\u79df(\u539f\u5bb6\u4e4b\u5bb6\u5bbe\u9986)", "order_time": ["2019-01-16 07:45:58"], "total_order": 1, "hotel_value": ["4.8"], "hotel_price": ["90"]}, "11388764": {"hotel_name": "\u5723\u4e91\u4e3b\u9898\u7cbe\u54c1\u5ba2\u6808(\u4e9a\u9f99\u6e7e\u5e97)", "order_time": ["2019-01-16 07:45:58"], "total_order": 1, "hotel_value": ["4.6"], "hotel_price": ["93"]}, "16011247": {"hotel_name": "\u4e09\u4e9a\u6c38\u6210\u4e03\u4ed9\u6f6e\u6c55\u9152\u5e97", "order_time": ["2019-01-16 07:45:58"], "total_order": 1, "hotel_value": ["4.2"], "hotel_price": ["318"]}, "3054391": {"hotel_name": "\u4e09\u4e9a\u7433\u73d1\u747e\u631a\u6d77\u666f\u5ea6\u5047\u9152\u5e97", "order_time": ["2019-01-16 07:45:58"], "total_order": 1, "hotel_value": ["4.2"], "hotel_price": ["203"]}, "469044": {"hotel_name": "\u4e9a\u9f99\u6e7e\u8fdc\u65b9\u5728\u7530\u8fb9\u7cbe\u54c1\u5ba2\u6808", "order_time": ["2019-01-16 07:45:58"], "total_order": 1, "hotel_value": ["4.6"], "hotel_price": ["129"]}, "2652378": {"hotel_name": "\u6d77\u5c9b\u68a6\u6d77\u666f\u516c\u5bd3(\u4e09\u4e9a\u5927\u4e1c\u6d77\u5e97)", "order_time": ["2019-01-16 07:45:58"], "total_order": 1, "hotel_value": ["4.5"], "hotel_price": ["112"]}, "6898394": {"hotel_name": "\u4e09\u4e9a\u5927\u4e1c\u6d77\u6e29\u99a8\u5047\u65e5\u6d77\u666f\u516c\u5bd3", "order_time": ["2019-01-16 07:45:58"], "total_order": 1, "hotel_value": [0], "hotel_price": ["198"]}, "28710421": {"hotel_name": "\u4e09\u4e9a\u8fce\u5bbf\u4e3b\u9898\u9152\u5e97", "order_time": ["2019-01-16 07:45:58"], "total_order": 1, "hotel_value": ["5.0"], "hotel_price": ["93"]}, "18555139": {"hotel_name": "\u4e09\u4e9a\u6e05\u5885\u6c11\u5bbf", "order_time": ["2019-01-16 07:45:58"], "total_order": 1, "hotel_value": ["4.9"], "hotel_price": ["125"]}, "16128581": {"hotel_name": "\u4e09\u4e9a\u7cd6\u679c\u6d77\u666f\u5957\u623f\u5ea6\u5047\u516c\u5bd3", "order_time": ["2019-01-16 07:45:58"], "total_order": 1, "hotel_value": ["4.7"], "hotel_price": ["313"]}, "24397085": {"hotel_name": "\u4e09\u4e9a\u68a6\u4eabwe\u5bb6\u6c11\u5bbf", "order_time": ["2019-01-16 07:45:58"], "total_order": 1, "hotel_value": ["4.8"], "hotel_price": ["1644"]}, "11657818": {"hotel_name": "\u4e09\u4e9a\u62fe\u5149\u91cc\u6d77\u666f\u4e3b\u9898\u5ba2\u6808", "order_time": ["2019-01-16 07:45:58"], "total_order": 1, "hotel_value": ["4.6"], "hotel_price": ["143"]}, "1013120": {"hotel_name": "\u4e09\u4e9a\u6e58\u4e9a\u9152\u5e97", "order_time": ["2019-01-16 07:45:58"], "total_order": 1, "hotel_value": ["4.7"], "hotel_price": ["94"]}, "450374": {"hotel_name": "\u4e09\u4e9a\u4e9a\u9f99\u6e7e\u8fdc\u65b9\u6709\u4e2a\u6751\u7cbe\u54c1\u5ba2\u6808", "order_time": ["2019-01-16 07:45:58"], "total_order": 1, "hotel_value": ["4.6"], "hotel_price": ["131"]}, "6239220": {"hotel_name": "\u4e09\u4e9a\u6e1d\u5dde\u5546\u52a1\u9152\u5e97", "order_time": ["2019-01-16 07:45:58"], "total_order": 1, "hotel_value": ["4.4"], "hotel_price": ["88"]}, "927707": {"hotel_name": "\u4e09\u4e9a\u82b3\u59d0\u6d77\u666f\u5ea6\u5047\u516c\u5bd3", "order_time": ["2019-01-16 07:45:58"], "total_order": 1, "hotel_value": ["4.6"], "hotel_price": ["198"]}, "1459327": {"hotel_name": "\u4e09\u4e9a\u6d77\u90fd\u65c5\u9986", "order_time": ["2019-01-16 07:45:58"], "total_order": 1, "hotel_value": ["4.9"], "hotel_price": ["133"]}, "1487778": {"hotel_name": "\u4e09\u4e9a\u732e\u7ed9\u6167\u9752\u5e74\u9a7f\u7ad9", "order_time": ["2019-01-16 07:45:58"], "total_order": 1, "hotel_value": ["4.4"], "hotel_price": ["38"]}}}