{"\u5f00\u59cb\u8bb0\u5f55\u65f6\u95f4": "2019-01-25 23:19:18", "\u7ed3\u675f\u8bb0\u5f55\u65f6\u95f4": "2019-01-26 00:19:19", "\u8ba2\u5355\u603b\u589e\u91cf": 172, "item": {"345067": {"hotel_name": "\u4e09\u4e9a\u6d77\u68e0\u6e7e\u559c\u6765\u767b\u5ea6\u5047\u9152\u5e97", "order_time": ["2019-01-25 23:21:24"], "total_order": 1, "hotel_value": ["4.6"], "hotel_price": ["1176"]}, "345553": {"hotel_name": "\u4e09\u4e9a\u4e9a\u9f99\u6e7e\u7ea2\u6811\u6797\u5ea6\u5047\u9152\u5e97", "order_time": ["2019-01-25 23:21:24"], "total_order": 1, "hotel_value": ["4.7"], "hotel_price": ["1188"]}, "4371952": {"hotel_name": "\u4e09\u4e9a\u534e\u5b87\u4e9a\u9f99\u6e7e\u8fce\u5bbe\u9986", "order_time": ["2019-01-25 23:21:24"], "total_order": 1, "hotel_value": ["4.7"], "hotel_price": ["2349"]}, "9626476": {"hotel_name": "\u4e09\u4e9a\u67ab\u6797\u665a\u667a\u6167\u4e3b\u9898\u9152\u5e97\u51e4\u51f0\u673a\u573a\u5e97", "order_time": ["2019-01-25 23:21:25", "2019-01-26 00:05:48"], "total_order": 2, "hotel_value": ["4.7", "4.7"], "hotel_price": ["181", "190"]}, "346739": {"hotel_name": "\u4e09\u4e9a\u9e3f\u6d32\u56fd\u9645\u6e38\u8247\u9152\u5e97", "order_time": ["2019-01-25 23:21:25"], "total_order": 1, "hotel_value": ["4.7"], "hotel_price": ["628"]}, "1994723": {"hotel_name": "\u4e09\u4e9a\u51e4\u51f0\u5c9b\u661f\u5bb8\u6d77\u666f\u5ea6\u5047\u9152\u5e97", "order_time": ["2019-01-25 23:25:26", "2019-01-25 23:21:25"], "total_order": 2, "hotel_value": ["4.2", "4.2"], "hotel_price": ["638", "638"]}, "1573160": {"hotel_name": "\u683c\u6797\u8c6a\u6cf0(\u4e09\u4e9a\u4e9a\u9f99\u6e7e\u5e97)", "order_time": ["2019-01-25 23:25:27", "2019-01-25 23:21:25"], "total_order": 2, "hotel_value": ["4.4", "4.4"], "hotel_price": ["193", "193"]}, "1470056": {"hotel_name": "Q\u52a0\u00b7\u4e09\u4e9a\u8fd9\u7247\u6d77\u5ea6\u5047\u6d77\u666f\u5ba2\u6808", "order_time": ["2019-01-25 23:21:25"], "total_order": 1, "hotel_value": ["4.6"], "hotel_price": ["177"]}, "643641": {"hotel_name": "\u4e09\u4e9a\u51e4\u51f0\u673a\u573a\u6d77\u822a\u5feb\u6377\u9152\u5e97", "order_time": ["2019-01-25 23:21:25", "2019-01-25 23:31:27"], "total_order": 2, "hotel_value": ["4.1", "4.1"], "hotel_price": ["268", "268"]}, "16948036": {"hotel_name": "\u4e09\u4e9a\u6e7e\u7ea2\u6811\u6797\u5ea6\u5047\u4e16\u754c(\u5927\u738b\u68d5\u9152\u5e97)", "order_time": ["2019-01-25 23:21:25"], "total_order": 1, "hotel_value": ["4.7"], "hotel_price": ["656"]}, "16897771": {"hotel_name": "\u4e09\u4e9a\u6d77\u68e0\u6e7e\u9e93\u6e56\u5ea6\u5047\u9152\u5e97", "order_time": ["2019-01-25 23:21:26"], "total_order": 1, "hotel_value": ["4.7"], "hotel_price": ["479"]}, "1137078": {"hotel_name": "\u6d77\u5357\u6e05\u6c34\u6e7e\u5047\u65e5\u5ea6\u5047\u9152\u5e97", "order_time": ["2019-01-25 23:21:26"], "total_order": 1, "hotel_value": ["4.7"], "hotel_price": ["550"]}, "345093": {"hotel_name": "\u4e09\u4e9a\u9633\u5149\u5927\u9152\u5e97", "order_time": ["2019-01-25 23:21:26"], "total_order": 1, "hotel_value": ["4.6"], "hotel_price": ["385"]}, "6844747": {"hotel_name": "\u81ea\u5728\u7f8e\u6797\u6c34\u5c45\u9152\u5e97\u5f0f\u516c\u5bd3(\u4e09\u4e9a\u6e7e\u51e4\u51f0\u6c34\u57ce\u5e97)", "order_time": ["2019-01-25 23:21:26"], "total_order": 1, "hotel_value": ["4.7"], "hotel_price": ["406"]}, "843599": {"hotel_name": "\u4e09\u4e9a\u56db\u5b63\u6d77\u5ead\u9152\u5e97", "order_time": ["2019-01-25 23:21:26"], "total_order": 1, "hotel_value": ["4.6"], "hotel_price": ["324"]}, "346766": {"hotel_name": "\u4e09\u4e9a\u4e9a\u9f99\u6e7e\u51ef\u83b1\u4ed9\u4eba\u638c\u5ea6\u5047\u9152\u5e97", "order_time": ["2019-01-25 23:21:26"], "total_order": 1, "hotel_value": ["4.6"], "hotel_price": ["858"]}, "23405481": {"hotel_name": "\u4e09\u4e9a\u6d77\u68e0\u6e7e\u4e9a\u4e01\u65af\u5ea6\u5047\u522b\u5885", "order_time": ["2019-01-25 23:21:27"], "total_order": 1, "hotel_value": ["4.9"], "hotel_price": ["688"]}, "3362163": {"hotel_name": "\u4e09\u4e9a\u54c8\u66fc\u5ea6\u5047\u9152\u5e97", "order_time": ["2019-01-25 23:23:24"], "total_order": 1, "hotel_value": ["4.7"], "hotel_price": ["698"]}, "1457262": {"hotel_name": "\u4e09\u4e9a\u5c71\u6d77\u5929JW\u4e07\u8c6a\u9152\u5e97", "order_time": ["2019-01-25 23:23:24"], "total_order": 1, "hotel_value": ["4.7"], "hotel_price": ["965"]}, "6180617": {"hotel_name": "\u4e09\u4e9a\u5b89\u9014\u7cbe\u54c1\u6d77\u666f\u516c\u5bd3(\u4e09\u4e9a\u6e7e\u9c81\u80fd\u5e97)", "order_time": ["2019-01-25 23:23:24"], "total_order": 1, "hotel_value": ["4.7"], "hotel_price": ["794"]}, "3509427": {"hotel_name": "\u4e09\u4e9a\u6d77\u8679\u5ea6\u5047\u9152\u5e97", "order_time": ["2019-01-25 23:23:24"], "total_order": 1, "hotel_value": ["4.4"], "hotel_price": ["282"]}, "436673": {"hotel_name": "\u4e09\u4e9a\u9e7f\u5cad\u6d77\u6e7e\u7ef4\u666f\u56fd\u9645\u5927\u9152\u5e97(\u539f\u4e09\u4e9a\u6d77\u6e7e\u7ef4\u666f\u56fd\u9645\u5927\u9152\u5e97)", "order_time": ["2019-01-25 23:23:25"], "total_order": 1, "hotel_value": ["4.6"], "hotel_price": ["725"]}, "346684": {"hotel_name": "\u4e09\u4e9a\u73e0\u6c5f\u5357\u7530\u6e29\u6cc9\u5ea6\u5047\u533a", "order_time": ["2019-01-25 23:23:25"], "total_order": 1, "hotel_value": ["4.3"], "hotel_price": ["428"]}, "6446036": {"hotel_name": "\u4e09\u4e9a\u51e4\u51f0\u673a\u573a\u9152\u5e97", "order_time": ["2019-01-25 23:23:25"], "total_order": 1, "hotel_value": ["4.6"], "hotel_price": ["411"]}, "457450": {"hotel_name": "\u4e09\u4e9a\u534a\u5c71\u534a\u5c9b\u5b89\u7eb3\u5854\u62c9\u5ea6\u5047\u9152\u5e97", "order_time": ["2019-01-25 23:23:25"], "total_order": 1, "hotel_value": ["4.5"], "hotel_price": ["870"]}, "436675": {"hotel_name": "\u4e09\u4e9a\u5927\u4e1c\u6d77\u541b\u4ead\u9152\u5e97", "order_time": ["2019-01-25 23:23:25"], "total_order": 1, "hotel_value": ["4.8"], "hotel_price": ["399"]}, "707593": {"hotel_name": "\u4e09\u4e9a\u51e4\u51f0\u5c9b\u6d77\u6d0b\u4e4b\u661f\u5ea6\u5047\u9152\u5e97", "order_time": ["2019-01-25 23:29:31", "2019-01-25 23:23:27"], "total_order": 2, "hotel_value": ["4.7", "4.7"], "hotel_price": ["608", "608"]}, "6460482": {"hotel_name": "\u4e09\u4e9a\u4e9a\u9f99\u6e7e\u751f\u547d\u6cc9\u7cbe\u54c1\u5ea6\u5047\u9152\u5e97", "order_time": ["2019-01-25 23:23:27"], "total_order": 1, "hotel_value": ["4.7"], "hotel_price": ["450"]}, "427279": {"hotel_name": "\u4e09\u4e9a\u5357\u5c71\u8fce\u5bbe\u9986", "order_time": ["2019-01-25 23:25:26", "2019-01-26 00:07:48"], "total_order": 2, "hotel_value": ["4.6", "4.6"], "hotel_price": ["732", "780"]}, "12104544": {"hotel_name": "\u60a6\u746d\u00b7\u4e09\u4e9a\u6d77\u7cbe\u9009\u9152\u5e97", "order_time": ["2019-01-25 23:25:27"], "total_order": 1, "hotel_value": ["4.8"], "hotel_price": ["234"]}, "344912": {"hotel_name": "\u4e09\u4e9a\u6d77\u5929\u5927\u9152\u5e97", "order_time": ["2019-01-25 23:25:27", "2019-01-25 23:47:45"], "total_order": 2, "hotel_value": ["4.6", "4.6"], "hotel_price": ["882", "882"]}, "346711": {"hotel_name": "\u4e09\u4e9a\u541b\u9526\u6ee8\u6d77\u9152\u5e97", "order_time": ["2019-01-25 23:25:27"], "total_order": 1, "hotel_value": ["4.4"], "hotel_price": ["260"]}, "3631084": {"hotel_name": "\u4e09\u4e9a\u6e7e\u5e0c\u5c14\u987f\u6b22\u670b\u9152\u5e97", "order_time": ["2019-01-25 23:25:27"], "total_order": 1, "hotel_value": ["4.8"], "hotel_price": ["788"]}, "426964": {"hotel_name": "\u4e09\u4e9a\u5eb7\u7279\u738b\u5e9c\u4f1a\u8bae\u5ea6\u5047\u9152\u5e97", "order_time": ["2019-01-25 23:25:27"], "total_order": 1, "hotel_value": ["4.6"], "hotel_price": ["283"]}, "5902128": {"hotel_name": "\u9685\u82b1\u539f\u5c71\u95f4\u8bbe\u8ba1\u9152\u5e97(\u4e09\u4e9a\u51e4\u51f0\u673a\u573a\u5e97)", "order_time": ["2019-01-25 23:25:28"], "total_order": 1, "hotel_value": ["4.7"], "hotel_price": ["292"]}, "4845384": {"hotel_name": "\u4e09\u4e9a\u84dd\u5cb8\u6d77\u8fb9\u4e3b\u9898\u9152\u5e97", "order_time": ["2019-01-26 00:11:44", "2019-01-25 23:25:29"], "total_order": 2, "hotel_value": ["4.7", "4.7"], "hotel_price": ["136", "141"]}, "372133": {"hotel_name": "\u4e09\u4e9a\u73e0\u6c5f\u82b1\u56ed\u9152\u5e97", "order_time": ["2019-01-25 23:27:26"], "total_order": 1, "hotel_value": ["4.4"], "hotel_price": ["393"]}, "879580": {"hotel_name": "\u9526\u6c5f\u4e4b\u661f(\u4e09\u4e9a\u56fd\u9645\u8d2d\u7269\u4e2d\u5fc3\u6d77\u666f\u5e97)", "order_time": ["2019-01-25 23:27:26", "2019-01-26 00:05:41"], "total_order": 2, "hotel_value": ["4.5", "4.5"], "hotel_price": ["189", "189"]}, "440975": {"hotel_name": "\u4e09\u4e9a\u4e1c\u65b9\u6d77\u666f\u5927\u9152\u5e97", "order_time": ["2019-01-25 23:27:26"], "total_order": 1, "hotel_value": ["4.3"], "hotel_price": ["266"]}, "3197195": {"hotel_name": "\u54ea\u91cc\u90a3\u91cc\u6d77\u5cb8\u7cbe\u54c1\u5ba2\u6808(\u4e09\u4e9a\u4e9a\u9f99\u6e7e\u5e97)", "order_time": ["2019-01-25 23:27:27"], "total_order": 1, "hotel_value": ["4.8"], "hotel_price": ["209"]}, "1462497": {"hotel_name": "\u6d77\u68e0\u5047\u65e5\u5ba2\u6808(\u4e09\u4e9a\u6d77\u68e0\u6e7e\u5e97)", "order_time": ["2019-01-25 23:27:27"], "total_order": 1, "hotel_value": ["4.3"], "hotel_price": ["164"]}, "4545915": {"hotel_name": "\u4e09\u4e9a\u4e9a\u9f99\u6e7e\u534e\u5b87\u767e\u82b1\u8c37\u9152\u5e97(\u539f\u4e09\u4e9a\u4e9a\u9f99\u6e7e\u534e\u5b87\u5ea6\u5047\u9152\u5e97\u522b\u5885\u533a)", "order_time": ["2019-01-25 23:27:27"], "total_order": 1, "hotel_value": ["4.6"], "hotel_price": ["783"]}, "480163": {"hotel_name": "\u4e09\u4e9a\u6d77\u89d2\u4e4b\u65c5\u9152\u5e97(\u539f\u60a6\u6765\u5ba2\u6808\u4e09\u4e9a\u51e4\u51f0\u673a\u573a\u6c34\u5cb8\u5e97)", "order_time": ["2019-01-25 23:27:28"], "total_order": 1, "hotel_value": ["4.6"], "hotel_price": ["151"]}, "1185042": {"hotel_name": "\u4e09\u4e9a\u6e7e\u7ea2\u6811\u6797\u5ea6\u5047\u4e16\u754c(\u83e9\u63d0\u9152\u5e97)", "order_time": ["2019-01-25 23:29:25"], "total_order": 1, "hotel_value": ["4.7"], "hotel_price": ["730"]}, "346676": {"hotel_name": "\u4e09\u4e9a\u56fd\u5149\u8c6a\u751f\u5ea6\u5047\u9152\u5e97", "order_time": ["2019-01-25 23:29:26"], "total_order": 1, "hotel_value": ["4.6"], "hotel_price": ["749"]}, "670132": {"hotel_name": "\u5929\u827a\u56fd\u9645\u9152\u5e97(\u4e09\u4e9a\u5927\u4e1c\u6d77\u5e97)(\u539f\u4e16\u7eaa\u8c6a\u5ead\u9152\u5e97)", "order_time": ["2019-01-25 23:29:26"], "total_order": 1, "hotel_value": ["4.3"], "hotel_price": ["289"]}, "9152102": {"hotel_name": "\u4e09\u4e9a\u6d77\u68e0\u6e7e\u5982\u4f73\u5bbe\u9986\u8fde\u9501\u5e97", "order_time": ["2019-01-25 23:29:26"], "total_order": 1, "hotel_value": ["4.4"], "hotel_price": ["101"]}, "1232956": {"hotel_name": "\u4e09\u4e9a\u7231\u9014\u6d77\u5cb8\u516c\u5bd3\u5f0f\u4e3b\u9898\u9152\u5e97", "order_time": ["2019-01-25 23:29:27"], "total_order": 1, "hotel_value": ["4.5"], "hotel_price": ["140"]}, "375179": {"hotel_name": "\u4e09\u4e9a\u6e7e\u7ea2\u6811\u6797\u5ea6\u5047\u4e16\u754c(\u6728\u68c9\u9152\u5e97)", "order_time": ["2019-01-25 23:29:27"], "total_order": 1, "hotel_value": ["4.6"], "hotel_price": ["716"]}, "1716858": {"hotel_name": "\u4e09\u4e9a\u6d3b\u7c92\u517b\u751f\u5546\u52a1\u9152\u5e97(\u539f\u957f\u88d5\u517b\u751f\u7ca5\u5546\u52a1\u9152\u5e97)", "order_time": ["2019-01-25 23:29:27"], "total_order": 1, "hotel_value": ["4.1"], "hotel_price": ["104"]}, "854467": {"hotel_name": "\u4e09\u4e9a\u67d2\u73a5\u6d77\u8bed\u6d77\u666f\u4e3b\u9898\u9152\u5e97", "order_time": ["2019-01-25 23:29:28"], "total_order": 1, "hotel_value": ["4.6"], "hotel_price": ["121"]}, "8616662": {"hotel_name": "\u4e09\u4e9a\u62fe\u5149\u96c6\u827a\u672f\u4e3b\u9898\u9152\u5e97(\u539f\u4e09\u4e9a\u62fe\u5149\u96c6\u7cbe\u54c1\u6c11\u5bbf)", "order_time": ["2019-01-25 23:29:30"], "total_order": 1, "hotel_value": ["4.8"], "hotel_price": ["208"]}, "6287098": {"hotel_name": "\u4e09\u4e9a\u6ce5\u5bbf\u827a\u672f\u9152\u5e97", "order_time": ["2019-01-25 23:29:30"], "total_order": 1, "hotel_value": ["4.5"], "hotel_price": ["188"]}, "486003": {"hotel_name": "\u4e09\u4e9a\u8708\u652f\u6d32\u5c9b\u73ca\u745a\u9152\u5e97", "order_time": ["2019-01-25 23:29:31", "2019-01-25 23:55:49"], "total_order": 2, "hotel_value": ["4.8", "4.8"], "hotel_price": ["1100", "1100"]}, "910293": {"hotel_name": "\u4e09\u4e9a\u4e9a\u9f99\u6e7e\u68a6\u65c5\u4eba\u5ba2\u6808", "order_time": ["2019-01-25 23:29:32"], "total_order": 1, "hotel_value": ["4.9"], "hotel_price": ["114"]}, "6388655": {"hotel_name": "\u4e09\u4e9a\u5411\u65e5\u8475\u6d77\u5cb8\u5ba2\u6808\u5e97", "order_time": ["2019-01-25 23:29:32"], "total_order": 1, "hotel_value": ["4.8"], "hotel_price": ["178"]}, "1486685": {"hotel_name": "\u4e09\u4e9a\u51e4\u51f0\u5c9b\u5ea6\u5047\u9152\u5e97", "order_time": ["2019-01-25 23:47:40", "2019-01-25 23:29:34", "2019-01-25 23:45:46"], "total_order": 3, "hotel_value": ["4.7", "4.7", "4.7"], "hotel_price": ["988", "988", "988"]}, "386917": {"hotel_name": "\u4e09\u4e9a\u6d77\u97f5\u5ea6\u5047\u9152\u5e97", "order_time": ["2019-01-25 23:43:40", "2019-01-25 23:29:34"], "total_order": 2, "hotel_value": ["4.7", "4.7"], "hotel_price": ["942", "942"]}, "993928": {"hotel_name": "\u5982\u5bb6\u5feb\u6377\u9152\u5e97(\u4e09\u4e9a\u5927\u4e1c\u6d77\u6e38\u5ba2\u4e2d\u5fc3\u5e97)", "order_time": ["2019-01-25 23:31:27"], "total_order": 1, "hotel_value": ["4.4"], "hotel_price": ["159"]}, "28761487": {"hotel_name": "\u9a8f\u6021\u8f7b\u5c45\u8fde\u9501\u5bbe\u9986(\u4e09\u4e9a\u51e4\u51f0\u673a\u573a\u5e97)", "order_time": ["2019-01-25 23:31:28"], "total_order": 1, "hotel_value": ["4.9"], "hotel_price": ["153"]}, "436683": {"hotel_name": "\u4e09\u4e9a\u5357\u4e2d\u56fd\u5927\u9152\u5e97", "order_time": ["2019-01-25 23:31:29"], "total_order": 1, "hotel_value": ["4.5"], "hotel_price": ["1982"]}, "429907": {"hotel_name": "\u4e09\u4e9a\u660e\u7533\u9ad8\u5c14\u592b\u5ea6\u5047\u9152\u5e97", "order_time": ["2019-01-25 23:33:33"], "total_order": 1, "hotel_value": ["4.5"], "hotel_price": ["4942"]}, "6275536": {"hotel_name": "\u4e09\u4e9a\u4e9a\u9f99\u6e7e\u4e50\u5c45\u8c6a\u5b85\u5ea6\u5047\u516c\u5bd3", "order_time": ["2019-01-25 23:33:33"], "total_order": 1, "hotel_value": ["4.8"], "hotel_price": ["630"]}, "17533420": {"hotel_name": "\u4e09\u4e9a\u5927\u4e1c\u6d77\u9152\u5e97", "order_time": ["2019-01-25 23:53:49", "2019-01-25 23:47:57", "2019-01-25 23:33:33"], "total_order": 3, "hotel_value": ["4.8", "4.8", "4.8"], "hotel_price": ["839", "839", "839"]}, "346664": {"hotel_name": "\u4e09\u4e9a\u541b\u7136\u6e29\u6cc9\u5ea6\u5047\u9152\u5e97", "order_time": ["2019-01-25 23:33:38"], "total_order": 1, "hotel_value": ["4.5"], "hotel_price": ["329"]}, "346764": {"hotel_name": "\u4e09\u4e9a\u541b\u6f9c\u00b7\u9e7f\u56de\u5934\u56fd\u5bbe\u9986(\u539f\u9e7f\u56de\u5934\u56fd\u5bbe\u9986)", "order_time": ["2019-01-25 23:35:31"], "total_order": 1, "hotel_value": ["4.8"], "hotel_price": ["536"]}, "902130": {"hotel_name": "\u4e09\u4e9a\u6da6\u5b89\u5047\u65e5\u6d77\u666f\u5ea6\u5047\u516c\u5bd3", "order_time": ["2019-01-25 23:35:34"], "total_order": 1, "hotel_value": ["4.6"], "hotel_price": ["241"]}, "1434723": {"hotel_name": "\u4e09\u4e9a\u667a\u53cb\u4e3b\u9898\u5bbe\u9986", "order_time": ["2019-01-25 23:35:35"], "total_order": 1, "hotel_value": ["4.7"], "hotel_price": ["90"]}, "6315469": {"hotel_name": "\u4e09\u4e9a\u6765\u5566\u5230\u5566\u4e3b\u9898\u9152\u5e97", "order_time": ["2019-01-25 23:35:36"], "total_order": 1, "hotel_value": ["4.7"], "hotel_price": ["197"]}, "346719": {"hotel_name": "\u4e09\u4e9a\u534a\u5c71\u534a\u5c9b\u5e06\u8239\u6e2f\u9152\u5e97", "order_time": ["2019-01-25 23:37:34"], "total_order": 1, "hotel_value": ["4.7"], "hotel_price": ["1137"]}, "25219265": {"hotel_name": "\u4e09\u4e9a\u7f18\u6765\u58f9\u5bb6\u5ba2\u6808", "order_time": ["2019-01-25 23:39:41", "2019-01-25 23:37:35"], "total_order": 2, "hotel_value": ["4.8", "4.8"], "hotel_price": ["161", "161"]}, "9152765": {"hotel_name": "\u4e09\u4e9a\u5fc6\u6816\u4e3b\u9898\u5ba2\u6808", "order_time": ["2019-01-25 23:37:36"], "total_order": 1, "hotel_value": ["4.5"], "hotel_price": ["100"]}, "842998": {"hotel_name": "\u541b\u6f9c\u00b7\u4e09\u4e9a\u6e7e\u8fce\u5bbe\u9986\u6d77\u666f\u5ea6\u5047\u9152\u5e97", "order_time": ["2019-01-25 23:37:37"], "total_order": 1, "hotel_value": ["4.8"], "hotel_price": ["529"]}, "346760": {"hotel_name": "\u4e09\u4e9a\u4e9a\u9f99\u6e7e\u8f9b\u7279\u62c9\u8d4f\u693f\u5957\u623f\u5ea6\u5047\u9152\u5e97", "order_time": ["2019-01-25 23:37:47"], "total_order": 1, "hotel_value": ["4.3"], "hotel_price": ["398"]}, "6635244": {"hotel_name": "\u4e09\u4e9a\u6893\u8def\u5ba2\u6808", "order_time": ["2019-01-25 23:37:47"], "total_order": 1, "hotel_value": ["4.7"], "hotel_price": ["145"]}, "24847433": {"hotel_name": "\u4e09\u4e9a\u745e\u5c14\u66fc\u6d77\u666f\u5ea6\u5047\u516c\u5bd3", "order_time": ["2019-01-25 23:39:41"], "total_order": 1, "hotel_value": ["4.8"], "hotel_price": ["160"]}, "1251671": {"hotel_name": "\u9526\u6c5f\u4e4b\u661f(\u4e09\u4e9a\u6cb3\u897f\u8def\u6b65\u884c\u6865\u6cb3\u666f\u5e97)", "order_time": ["2019-01-25 23:39:42"], "total_order": 1, "hotel_value": ["4.5"], "hotel_price": ["189"]}, "346673": {"hotel_name": "\u4e09\u4e9a\u534a\u5c71\u534a\u5c9b\u5ea6\u5047\u9152\u5e97(\u5168\u5957\u623f)", "order_time": ["2019-01-25 23:51:58", "2019-01-25 23:39:54"], "total_order": 2, "hotel_value": ["4.6", "4.6"], "hotel_price": ["918", "918"]}, "435983": {"hotel_name": "\u4e09\u4e9a\u4e9a\u9f99\u6e7e\u4eba\u95f4\u5929\u5802-\u9e1f\u5de2\u5ea6\u5047\u6751", "order_time": ["2019-01-25 23:40:01"], "total_order": 1, "hotel_value": ["4.6"], "hotel_price": ["1370"]}, "1739015": {"hotel_name": "\u4e09\u4e9a\u9f99\u5174\u83b1\u66fc\u6d77\u666f\u5ea6\u5047\u9152\u5e97", "order_time": ["2019-01-25 23:41:45"], "total_order": 1, "hotel_value": ["4.4"], "hotel_price": ["419"]}, "5669581": {"hotel_name": "\u4e09\u4e9a\u6e7e\u6930\u98ce\u6d77\u97f5\u7231\u65c5\u6d77\u666f\u516c\u5bd3", "order_time": ["2019-01-25 23:41:55"], "total_order": 1, "hotel_value": ["4.6"], "hotel_price": ["262"]}, "25768287": {"hotel_name": "\u4e09\u4e9a\u5357\u590f\u51ef\u83b1\u60a6\u4eab\u9152\u5e97", "order_time": ["2019-01-25 23:41:58"], "total_order": 1, "hotel_value": ["4.8"], "hotel_price": ["486"]}, "1715599": {"hotel_name": "\u4e09\u4e9a\u585e\u7eb3\u6d77\u5cb8\u827a\u672f\u5ba2\u6808", "order_time": ["2019-01-25 23:43:45"], "total_order": 1, "hotel_value": ["4.8"], "hotel_price": ["633"]}, "27238588": {"hotel_name": "\u4e09\u4e9a\u4e1c\u4e91\u9601\u6c11\u5bbf", "order_time": ["2019-01-25 23:43:47"], "total_order": 1, "hotel_value": [0], "hotel_price": ["447"]}, "842954": {"hotel_name": "\u9526\u6c5f\u4e4b\u661f(\u4e09\u4e9a\u6e7e\u5409\u7965\u8857\u6d77\u666f\u9152\u5e97)", "order_time": ["2019-01-25 23:43:57"], "total_order": 1, "hotel_value": ["4.5"], "hotel_price": ["29"]}, "24036490": {"hotel_name": "\u4e09\u4e9a\u65f6\u5149\u5c0f\u820d\u6d77\u8fb9\u7cbe\u54c1\u5ba2\u6808", "order_time": ["2019-01-25 23:43:57"], "total_order": 1, "hotel_value": ["4.9"], "hotel_price": ["138"]}, "24609830": {"hotel_name": "\u4e09\u4e9a\u6d77\u68e0\u6e7e\u5c0f\u68e0\u522b\u9662\u827a\u672f\u6c11\u5bbf", "order_time": ["2019-01-25 23:45:41"], "total_order": 1, "hotel_value": ["4.8"], "hotel_price": ["410"]}, "346775": {"hotel_name": "\u4e09\u4e9a\u4e9a\u9f99\u6e7e\u73af\u7403\u57ce\u5927\u9152\u5e97", "order_time": ["2019-01-25 23:45:42"], "total_order": 1, "hotel_value": ["4.2"], "hotel_price": ["450"]}, "1738425": {"hotel_name": "\u4e09\u4e9a\u4f34\u6d77\u65f6\u5149\u9152\u5e97", "order_time": ["2019-01-25 23:45:45"], "total_order": 1, "hotel_value": ["4.6"], "hotel_price": ["112"]}, "24036577": {"hotel_name": "\u4e09\u4e9a\u6d77\u89d2\u5c0f\u61a9\u5ba2\u6808", "order_time": ["2019-01-25 23:45:49"], "total_order": 1, "hotel_value": ["5.0"], "hotel_price": ["124"]}, "21765890": {"hotel_name": "\u4e09\u4e9a\u5361\u838e\u4e3b\u9898\u9152\u5e97", "order_time": ["2019-01-25 23:47:41"], "total_order": 1, "hotel_value": ["4.6"], "hotel_price": ["137"]}, "11807709": {"hotel_name": "\u4e09\u4e9a\u5609\u8bda\u82b1\u56ed\u6d0b\u623f\u5ea6\u5047\u516c\u5bd3", "order_time": ["2019-01-25 23:47:59"], "total_order": 1, "hotel_value": ["4.8"], "hotel_price": ["388"]}, "346757": {"hotel_name": "\u6d77\u5357\u9999\u6c34\u6e7e\u541b\u6f9c\u5ea6\u5047\u9152\u5e97", "order_time": ["2019-01-25 23:49:40"], "total_order": 1, "hotel_value": ["4.9"], "hotel_price": ["1536"]}, "371696": {"hotel_name": "\u4e09\u4e9a\u590f\u5a01\u5937\u5927\u9152\u5e97", "order_time": ["2019-01-25 23:49:42"], "total_order": 1, "hotel_value": ["4.4"], "hotel_price": ["290"]}, "5968179": {"hotel_name": "\u4e09\u4e9a\u7231\u4e4b\u7f18\u60c5\u4fa3\u5f71\u9662\u4e3b\u9898\u9152\u5e97(\u539f\u7231\u4e4b\u7f18\u5f71\u89c6\u8fde\u9501\u4e3b\u9898\u9152\u5e97)", "order_time": ["2019-01-25 23:49:44"], "total_order": 1, "hotel_value": ["4.8"], "hotel_price": ["226"]}, "1378336": {"hotel_name": "\u4e09\u4e9a\u7f8e\u5c14\u6d77\u60a6\u53f0\u9152\u5e97", "order_time": ["2019-01-25 23:51:44"], "total_order": 1, "hotel_value": ["4.3"], "hotel_price": ["262"]}, "4652436": {"hotel_name": "IU\u9152\u5e97(\u4e09\u4e9a\u4e9a\u9f99\u6e7e\u5e97)", "order_time": ["2019-01-25 23:51:48"], "total_order": 1, "hotel_value": ["4.5"], "hotel_price": ["199"]}, "10520963": {"hotel_name": "\u4e09\u4e9a\u91d1\u838e\u73fa\u5510\u9152\u5e97", "order_time": ["2019-01-25 23:51:53"], "total_order": 1, "hotel_value": ["4.7"], "hotel_price": ["428"]}, "21931169": {"hotel_name": "\u4e09\u4e9a\u946b\u8c6a\u82d1\u9152\u5e97", "order_time": ["2019-01-25 23:53:52"], "total_order": 1, "hotel_value": ["4.6"], "hotel_price": ["198"]}, "6450523": {"hotel_name": "\u4e09\u4e9a\u5c71\u6d77\u5929\u5927\u9152\u5e97\u00b7\u50b2\u9014\u683c\u7cbe\u9009", "order_time": ["2019-01-25 23:55:40"], "total_order": 1, "hotel_value": ["4.7"], "hotel_price": ["1178"]}, "473665": {"hotel_name": "\u9526\u6c5f\u4e4b\u661f\u54c1\u5c1a(\u4e09\u4e9a\u6e7e\u91d1\u9e21\u5cad\u5e97)", "order_time": ["2019-01-25 23:55:41"], "total_order": 1, "hotel_value": ["4.5"], "hotel_price": ["239"]}, "28707214": {"hotel_name": "\u4e09\u4e9a\u4e00\u5fc3\u00b7\u7b71\u7b51\u6587\u5316\u9a7f\u9986", "order_time": ["2019-01-25 23:55:45"], "total_order": 1, "hotel_value": [0], "hotel_price": ["254"]}, "1212130": {"hotel_name": "\u4e09\u4e9a\u4e49\u5fb7\u9686\u5bbe\u9986", "order_time": ["2019-01-25 23:55:50"], "total_order": 1, "hotel_value": [0], "hotel_price": ["110"]}, "13323312": {"hotel_name": "\u4e09\u4e9a\u6cf0\u4ed5\u5546\u52a1\u9152\u5e97", "order_time": ["2019-01-25 23:57:40"], "total_order": 1, "hotel_value": ["4.8"], "hotel_price": ["136"]}, "10821256": {"hotel_name": "\u4e09\u4e9a\u9752\u79be\u53f6\u82b1\u56ed\u522b\u5885", "order_time": ["2019-01-25 23:57:41"], "total_order": 1, "hotel_value": ["4.8"], "hotel_price": ["203"]}, "12671479": {"hotel_name": "\u4e09\u4e9a\u6da6\u5fb7\u6e7f\u5730\u516c\u56ed\u9152\u5e97", "order_time": ["2019-01-26 00:01:37"], "total_order": 1, "hotel_value": ["4.7"], "hotel_price": ["390"]}, "374842": {"hotel_name": "\u4e09\u4e9a\u6e7e\u6d77\u5c45\u94c2\u5c14\u66fc\u5ea6\u5047\u9152\u5e97", "order_time": ["2019-01-26 00:01:37"], "total_order": 1, "hotel_value": ["4.7"], "hotel_price": ["2098"]}, "437589": {"hotel_name": "\u4e09\u4e9a\u6797\u8fbe\u6d77\u666f\u9152\u5e97", "order_time": ["2019-01-26 00:01:39"], "total_order": 1, "hotel_value": ["4.6"], "hotel_price": ["292"]}, "15249049": {"hotel_name": "\u7f8e\u4e3d\u4e4b\u51a0\u5927\u6811\u7687\u51a0\u5047\u65e5\u9152\u5e97", "order_time": ["2019-01-26 00:01:39"], "total_order": 1, "hotel_value": ["4.4"], "hotel_price": ["220"]}, "10940232": {"hotel_name": "\u4e09\u4e9a\u5c3c\u666e\u987f\u6d77\u666f\u516c\u5bd3", "order_time": ["2019-01-26 00:01:41"], "total_order": 1, "hotel_value": ["4.9"], "hotel_price": ["243"]}, "425743": {"hotel_name": "\u4e09\u4e9a\u679c\u559c\u5927\u9152\u5e97", "order_time": ["2019-01-26 00:01:41"], "total_order": 1, "hotel_value": ["4.6"], "hotel_price": ["250"]}, "6261136": {"hotel_name": "\u7ef4\u4e5f\u7eb3\u9152\u5e97(\u4e09\u4e9a\u4e9a\u9f99\u6e7e\u5343\u53e4\u60c5\u5e97)", "order_time": ["2019-01-26 00:01:41"], "total_order": 1, "hotel_value": ["4.8"], "hotel_price": ["298"]}, "481437": {"hotel_name": "\u9526\u6c5f\u4e4b\u661f(\u4e09\u4e9a\u89e3\u653e\u8def\u5e97)", "order_time": ["2019-01-26 00:01:41"], "total_order": 1, "hotel_value": ["4.6"], "hotel_price": ["169"]}, "845218": {"hotel_name": "\u6d77\u5357\u7eff\u57ce\u84dd\u6e7e\u5ea6\u5047\u9152\u5e97", "order_time": ["2019-01-26 00:01:42"], "total_order": 1, "hotel_value": ["4.7"], "hotel_price": ["620"]}, "6541448": {"hotel_name": "\u4e09\u4e9a\u745e\u6cf0\u660e\u73e0\u9152\u5e97(\u51e4\u51f0\u673a\u573a\u5e97)", "order_time": ["2019-01-26 00:01:42", "2019-01-26 00:15:42"], "total_order": 2, "hotel_value": ["4.6", "4.6"], "hotel_price": ["191", "191"]}, "2260152": {"hotel_name": "\u4e09\u4e9a\u51e4\u51f0\u56fd\u9645\u673a\u573a100\u5ba2\u6808", "order_time": ["2019-01-26 00:01:43"], "total_order": 1, "hotel_value": ["4.4"], "hotel_price": ["112"]}, "344904": {"hotel_name": "\u4e09\u4e9a\u80dc\u610f\u5927\u9152\u5e97", "order_time": ["2019-01-26 00:01:45"], "total_order": 1, "hotel_value": ["4.7"], "hotel_price": ["522"]}, "21910420": {"hotel_name": "\u4e09\u4e9a\u4f9d\u9716\u7cbe\u54c1\u5ea6\u5047\u516c\u5bd3", "order_time": ["2019-01-26 00:01:45"], "total_order": 1, "hotel_value": ["4.9"], "hotel_price": ["287"]}, "436696": {"hotel_name": "\u4e09\u4e9a\u6930\u84dd\u6e7e\u5ea6\u5047\u9152\u5e97", "order_time": ["2019-01-26 00:09:39", "2019-01-26 00:01:45"], "total_order": 2, "hotel_value": ["4.4", "4.4"], "hotel_price": ["289", "289"]}, "436689": {"hotel_name": "\u4e09\u4e9a\u6ee8\u6d77\u5929\u798f\u6e90\u5ea6\u5047\u9152\u5e97", "order_time": ["2019-01-26 00:01:53"], "total_order": 1, "hotel_value": ["4.5"], "hotel_price": ["308"]}, "660317": {"hotel_name": "\u4e09\u4e9a\u4eac\u6da6\u73cd\u73e0\u4e3b\u9898\u9152\u5e97", "order_time": ["2019-01-26 00:01:53"], "total_order": 1, "hotel_value": ["4.5"], "hotel_price": ["222"]}, "4656822": {"hotel_name": "\u4e45\u6816\u00b7\u4e09\u4e9a\u6d77\u84dd\u84dd\u6d77\u666f\u6c11\u5bbf", "order_time": ["2019-01-26 00:01:53"], "total_order": 1, "hotel_value": ["4.6"], "hotel_price": ["243"]}, "436688": {"hotel_name": "\u4e09\u4e9a\u65af\u7ef4\u767b\u5ea6\u5047\u516c\u5bd3(\u4e9a\u9f99\u6e7e)", "order_time": ["2019-01-26 00:01:57"], "total_order": 1, "hotel_value": ["4.5"], "hotel_price": ["315"]}, "396523": {"hotel_name": "\u4e09\u4e9a\u4e9a\u9f99\u6e7e\u5929\u9e3f\u5ea6\u5047\u6751", "order_time": ["2019-01-26 00:01:57"], "total_order": 1, "hotel_value": ["4.7"], "hotel_price": ["959"]}, "5988590": {"hotel_name": "\u4e09\u4e9a\u6e05\u6c34\u6e7e\u6bd4\u5229\u5f17\u6d77\u666f\u516c\u5bd3", "order_time": ["2019-01-26 00:01:57"], "total_order": 1, "hotel_value": ["4.8"], "hotel_price": ["302"]}, "1580869": {"hotel_name": "\u4e09\u4e9a\u7eb3\u8bfa\u5ea6\u5047\u9152\u5e97", "order_time": ["2019-01-26 00:02:00"], "total_order": 1, "hotel_value": [0], "hotel_price": ["90"]}, "18555139": {"hotel_name": "\u4e09\u4e9a\u69df\u6994\u8c37\u6e05\u5885\u5ba2\u6808", "order_time": ["2019-01-26 00:03:40"], "total_order": 1, "hotel_value": ["4.9"], "hotel_price": ["162"]}, "19107609": {"hotel_name": "\u4e09\u4e9a\u8054\u6295\u541b\u4ead\u9152\u5e97", "order_time": ["2019-01-26 00:03:41"], "total_order": 1, "hotel_value": ["4.6"], "hotel_price": ["588"]}, "5924640": {"hotel_name": "\u4e09\u4e9a\u503e\u5fc3\u6d77\u666f\u5ea6\u5047\u9152\u5e97\u5f0f\u516c\u5bd3", "order_time": ["2019-01-26 00:03:41"], "total_order": 1, "hotel_value": ["4.7"], "hotel_price": ["211"]}, "346702": {"hotel_name": "\u4e09\u4e9a\u8fb0\u5149\u514b\u62c9\u7801\u5934\u9152\u5e97", "order_time": ["2019-01-26 00:03:44"], "total_order": 1, "hotel_value": ["4.6"], "hotel_price": ["760"]}, "1067912": {"hotel_name": "\u4e09\u4e9a\u7ea2\u8272\u6c34\u6676\u5ba2\u6808", "order_time": ["2019-01-26 00:03:46"], "total_order": 1, "hotel_value": ["4.6"], "hotel_price": ["103"]}, "4090817": {"hotel_name": "\u4e09\u4e9a\u9a6c\u5170\u82b1\u5047\u65e5\u9152\u5e97(\u539f\u5b81\u590f\u5927\u53a6)", "order_time": ["2019-01-26 00:05:41"], "total_order": 1, "hotel_value": ["4.5"], "hotel_price": ["328"]}, "345084": {"hotel_name": "\u4e09\u4e9a\u9526\u6c5f\u5b9d\u5b8f\u5927\u9152\u5e97\u4e3b\u697c", "order_time": ["2019-01-26 00:05:41"], "total_order": 1, "hotel_value": ["4.6"], "hotel_price": ["366"]}, "2216767": {"hotel_name": "\u7ef4\u4e5f\u7eb3\u9152\u5e97(\u4e09\u4e9a\u6e7e\u5e97)", "order_time": ["2019-01-26 00:05:41"], "total_order": 1, "hotel_value": ["4.8"], "hotel_price": ["368"]}, "3002283": {"hotel_name": "\u4e09\u4e9a\u60a6\u5ba2\u6808\u4e3b\u9898\u9152\u5e97", "order_time": ["2019-01-26 00:05:41"], "total_order": 1, "hotel_value": ["4.5"], "hotel_price": ["136"]}, "1874773": {"hotel_name": "\u4e09\u4e9a\u6d77\u68e0\u6e7e\u798f\u6e7e\u5ea6\u5047\u516c\u5bd3(\u539f\u6d77\u68e0\u798f\u6e7e\u9ad8\u7ea7\u6d77\u666f\u516c\u5bd3)", "order_time": ["2019-01-26 00:05:41"], "total_order": 1, "hotel_value": ["4.8"], "hotel_price": ["505"]}, "6484684": {"hotel_name": "\u4e09\u4e9a\u4e07\u5ef7\u4e3b\u9898\u9152\u5e97", "order_time": ["2019-01-26 00:05:46"], "total_order": 1, "hotel_value": ["4.7"], "hotel_price": ["183"]}, "773075": {"hotel_name": "\u4e09\u4e9a\u6d3e\u745e\u9152\u5e97", "order_time": ["2019-01-26 00:05:46"], "total_order": 1, "hotel_value": ["4.5"], "hotel_price": ["232"]}, "2021754": {"hotel_name": "\u4e09\u4e9a\u4fdd\u5229\u5929\u827a\u51e4\u51f0\u9152\u5e97", "order_time": ["2019-01-26 00:05:49"], "total_order": 1, "hotel_value": ["4.4"], "hotel_price": ["320"]}, "1692016": {"hotel_name": "\u4e09\u4e9a\u65f6\u5c1a\u6807\u81f4\u7cbe\u54c1\u9152\u5e97(\u539f\u65f6\u5c1a\u6807\u5fd7\u7cbe\u54c1\u9152\u5e97)", "order_time": ["2019-01-26 00:05:54"], "total_order": 1, "hotel_value": ["4.0"], "hotel_price": ["154"]}, "6656398": {"hotel_name": "\u4e09\u4e9a\u6d77\u68e0\u6e7e\u6797\u65fa\u6d77\u6e90\u5546\u52a1\u9152\u5e97(\u8708\u652f\u6d32\u5c9b\u5e97)", "order_time": ["2019-01-26 00:09:40"], "total_order": 1, "hotel_value": ["4.2"], "hotel_price": ["106"]}, "436674": {"hotel_name": "\u4e09\u4e9a\u534e\u9e3f\u5927\u9152\u5e97", "order_time": ["2019-01-26 00:09:43"], "total_order": 1, "hotel_value": ["3.9"], "hotel_price": ["168"]}, "431932": {"hotel_name": "\u4e09\u4e9a\u94f6\u97f5\u6d77\u666f\u5ea6\u5047\u9152\u5e97", "order_time": ["2019-01-26 00:09:54"], "total_order": 1, "hotel_value": ["4.7"], "hotel_price": ["200"]}, "345076": {"hotel_name": "\u4e09\u4e9a\u4e9a\u9f99\u6e7e\u7231\u7434\u6d77\u5168\u5957\u623f\u7cbe\u54c1\u5ea6\u5047\u9152\u5e97", "order_time": ["2019-01-26 00:10:04"], "total_order": 1, "hotel_value": ["4.5"], "hotel_price": ["2818"]}, "4909173": {"hotel_name": "\u4e09\u4e9a\u9999\u6c34\u6e7e\u541b\u6f9c\u5206\u65f6\u5ea6\u5047\u522b\u5885", "order_time": ["2019-01-26 00:10:04"], "total_order": 1, "hotel_value": ["4.7"], "hotel_price": ["2288"]}, "25104976": {"hotel_name": "\u4e09\u4e9a\u5343\u6d54\u5c7f\u5bbf\u8bbe\u8ba1\u6c11\u5bbf", "order_time": ["2019-01-26 00:10:04"], "total_order": 1, "hotel_value": ["4.8"], "hotel_price": ["409"]}, "2698616": {"hotel_name": "\u4e09\u4e9a\u5929\u6daf\u6b64\u65f6\u7cbe\u54c1\u5ba2\u6808", "order_time": ["2019-01-26 00:11:51"], "total_order": 1, "hotel_value": ["4.1"], "hotel_price": ["40"]}, "21696606": {"hotel_name": "\u989c\u820d\u6d77\u666f\u522b\u5885\u9152\u5e97(\u4e09\u4e9a\u5927\u4e1c\u6d77\u5e97)", "order_time": ["2019-01-26 00:11:53"], "total_order": 1, "hotel_value": ["4.8"], "hotel_price": ["154"]}, "5292077": {"hotel_name": "\u4e09\u4e9a\u6d77\u8c5a\u6e7e\u4e3b\u9898\u9152\u5e97", "order_time": ["2019-01-26 00:13:47"], "total_order": 1, "hotel_value": ["4.5"], "hotel_price": ["154"]}, "25799128": {"hotel_name": "\u4e09\u4e9a\u5927\u4e1c\u6d77\u5c0f\u661f\u661f\u6d77\u8fb9\u516c\u5bd3", "order_time": ["2019-01-26 00:16:00"], "total_order": 1, "hotel_value": [0], "hotel_price": ["552"]}, "4339553": {"hotel_name": "\u4e09\u4e9a\u94c2\u7acb\u541b\u9a7f\u7cbe\u54c1\u9152\u5e97(\u5343\u53e4\u60c5\u5e97)(\u539f\u94c2\u7acb\u7cbe\u54c1\u9152\u5e97)", "order_time": ["2019-01-26 00:17:41"], "total_order": 1, "hotel_value": ["4.4"], "hotel_price": ["131"]}, "1707691": {"hotel_name": "\u65b0\u57ce\u7f8e\u820d\u6d77\u666f\u5ea6\u5047\u516c\u5bd3(\u4e09\u4e9a\u51e4\u51f0\u673a\u573a\u5e97)", "order_time": ["2019-01-26 00:17:42"], "total_order": 1, "hotel_value": ["4.6"], "hotel_price": ["248"]}, "6042438": {"hotel_name": "\u4e09\u4e9a\u6d77\u4e2b\u6545\u4e8b\u6c11\u4fd7\u6587\u5316\u4e3b\u9898\u5ba2\u6808(\u539f\u6d77\u5357\u6545\u4e8b\u4e3b\u9898\u5ba2\u6808)", "order_time": ["2019-01-26 00:17:46"], "total_order": 1, "hotel_value": ["4.7"], "hotel_price": ["147"]}}}