{"\u5f00\u59cb\u8bb0\u5f55\u65f6\u95f4": "2019-01-29 06:00:39", "\u7ed3\u675f\u8bb0\u5f55\u65f6\u95f4": "2019-01-29 07:00:40", "\u8ba2\u5355\u603b\u589e\u91cf": 24, "item": {"5296769": {"hotel_name": "\u4e09\u4e9a\u6d77\u68e0\u6e7e\u541b\u60a6\u9152\u5e97", "order_time": ["2019-01-29 06:04:46"], "total_order": 1, "hotel_value": ["4.6"], "hotel_price": ["1199"]}, "371696": {"hotel_name": "\u4e09\u4e9a\u590f\u5a01\u5937\u5927\u9152\u5e97", "order_time": ["2019-01-29 06:10:47"], "total_order": 1, "hotel_value": ["4.4"], "hotel_price": ["282"]}, "447842": {"hotel_name": "\u4e09\u4e9a\u666f\u5229\u83b1\u5ea6\u5047\u9152\u5e97", "order_time": ["2019-01-29 06:14:53"], "total_order": 1, "hotel_value": ["4.4"], "hotel_price": ["233"]}, "1057752": {"hotel_name": "\u4e09\u4e9a\u68a6\u56de\u5929\u5802\u5ba2\u6808", "order_time": ["2019-01-29 06:16:58"], "total_order": 1, "hotel_value": ["4.2"], "hotel_price": ["218"]}, "346684": {"hotel_name": "\u4e09\u4e9a\u73e0\u6c5f\u5357\u7530\u6e29\u6cc9\u5ea6\u5047\u533a", "order_time": ["2019-01-29 06:17:01"], "total_order": 1, "hotel_value": ["4.3"], "hotel_price": ["370"]}, "345084": {"hotel_name": "\u4e09\u4e9a\u9526\u6c5f\u5b9d\u5b8f\u5927\u9152\u5e97\u4e3b\u697c", "order_time": ["2019-01-29 06:19:01"], "total_order": 1, "hotel_value": ["4.6"], "hotel_price": ["360"]}, "346713": {"hotel_name": "\u4e09\u4e9a\u534e\u5b9d\u77f3\u5927\u9152\u5e97", "order_time": ["2019-01-29 06:21:17"], "total_order": 1, "hotel_value": ["4.4"], "hotel_price": ["226"]}, "3031230": {"hotel_name": "\u6021\u6d77\u84dd\u6e7e\u6d77\u666f\u522b\u5885(\u4e09\u4e9a\u51e4\u51f0\u5c9b\u5e97)", "order_time": ["2019-01-29 06:27:02"], "total_order": 1, "hotel_value": ["4.5"], "hotel_price": ["248"]}, "1486685": {"hotel_name": "\u4e09\u4e9a\u51e4\u51f0\u5c9b\u5ea6\u5047\u9152\u5e97", "order_time": ["2019-01-29 06:31:03"], "total_order": 1, "hotel_value": ["4.7"], "hotel_price": ["1538"]}, "346679": {"hotel_name": "\u4e09\u4e9a\u6e7e\u7687\u51a0\u5047\u65e5\u5ea6\u5047\u9152\u5e97", "order_time": ["2019-01-29 06:31:08"], "total_order": 1, "hotel_value": ["4.6"], "hotel_price": ["688"]}, "3358744": {"hotel_name": "\u4e09\u4e9a\u8346\u68d8\u9e1f\u9752\u5e74\u65c5\u820d", "order_time": ["2019-01-29 06:31:12"], "total_order": 1, "hotel_value": ["4.4"], "hotel_price": ["51"]}, "6402325": {"hotel_name": "\u4e09\u4e9a\u7b49\u82b1\u513f\u5f00\u827a\u672f\u6c11\u5bbf", "order_time": ["2019-01-29 06:32:57"], "total_order": 1, "hotel_value": ["4.7"], "hotel_price": ["174"]}, "428327": {"hotel_name": "\u5982\u5bb6\u5feb\u6377\u9152\u5e97(\u4e09\u4e9a\u4e09\u4e9a\u6e7e\u5409\u7965\u8857\u6d77\u666f\u5e97)", "order_time": ["2019-01-29 06:33:02"], "total_order": 1, "hotel_value": ["4.2"], "hotel_price": ["208"]}, "6345626": {"hotel_name": "\u67cf\u680e\u5ea6\u5047\u9152\u5e97(\u4e09\u4e9a\u5343\u53e4\u60c5\u5e97)", "order_time": ["2019-01-29 06:34:55"], "total_order": 1, "hotel_value": ["4.5"], "hotel_price": ["373"]}, "24411657": {"hotel_name": "\u4e09\u4e9a\u7b80\u5c4b\u9752\u5e74\u65c5\u820d", "order_time": ["2019-01-29 06:39:11"], "total_order": 1, "hotel_value": ["4.9"], "hotel_price": ["50"]}, "12671479": {"hotel_name": "\u4e09\u4e9a\u6da6\u5fb7\u6e7f\u5730\u516c\u56ed\u9152\u5e97", "order_time": ["2019-01-29 06:43:00"], "total_order": 1, "hotel_value": ["4.7"], "hotel_price": ["398"]}, "842954": {"hotel_name": "\u9526\u6c5f\u4e4b\u661f(\u4e09\u4e9a\u6e7e\u5409\u7965\u8857\u6d77\u666f\u9152\u5e97)", "order_time": ["2019-01-29 06:49:02"], "total_order": 1, "hotel_value": ["4.5"], "hotel_price": ["144"]}, "473665": {"hotel_name": "\u9526\u6c5f\u4e4b\u661f\u54c1\u5c1a(\u4e09\u4e9a\u6e7e\u91d1\u9e21\u5cad\u5e97)", "order_time": ["2019-01-29 06:51:07"], "total_order": 1, "hotel_value": ["4.5"], "hotel_price": ["199"]}, "1651443": {"hotel_name": "\u5c1a\u5ba2\u4f18\u5feb\u6377\u9152\u5e97(\u4e09\u4e9a\u6e7e\u5e97)", "order_time": ["2019-01-29 06:53:02"], "total_order": 1, "hotel_value": ["3.9"], "hotel_price": ["107"]}, "895576": {"hotel_name": "7\u5929\u8fde\u9501\u9152\u5e97(\u4e09\u4e9a\u5927\u4e1c\u6d77\u5e97)", "order_time": ["2019-01-29 06:53:03"], "total_order": 1, "hotel_value": ["4.5"], "hotel_price": ["138"]}, "918535": {"hotel_name": "\u4e45\u6816\u00b7\u4e09\u4e9a\u67ab\u4f20\u8bf4\u6d77\u666f\u5ea6\u5047\u516c\u5bd3", "order_time": ["2019-01-29 06:55:12"], "total_order": 1, "hotel_value": ["4.9"], "hotel_price": ["323"]}, "431932": {"hotel_name": "\u4e09\u4e9a\u94f6\u97f5\u6d77\u666f\u5ea6\u5047\u9152\u5e97", "order_time": ["2019-01-29 06:55:34"], "total_order": 1, "hotel_value": ["4.7"], "hotel_price": ["200"]}, "21765890": {"hotel_name": "\u4e09\u4e9a\u5361\u838e\u4e3b\u9898\u9152\u5e97", "order_time": ["2019-01-29 06:57:02"], "total_order": 1, "hotel_value": ["4.6"], "hotel_price": ["108"]}, "14003763": {"hotel_name": "\u4e09\u4e9a\u5fc3\u4e00\u5883\u7985\u610f\u5927\u9152\u5e97", "order_time": ["2019-01-29 06:57:12"], "total_order": 1, "hotel_value": ["4.8"], "hotel_price": ["307"]}}}