{"\u5f00\u59cb\u8bb0\u5f55\u65f6\u95f4": "2019-01-19 03:15:37", "\u7ed3\u675f\u8bb0\u5f55\u65f6\u95f4": "2019-01-19 04:15:37", "\u8ba2\u5355\u603b\u589e\u91cf": 46, "item": {"2266347": {"hotel_name": "\u4f9d\u6d77\u4f73\u7f18\u6d77\u666f\u5957\u623f\u516c\u5bd3(\u4e09\u4e9a\u6e7e\u5e97)", "order_time": ["2019-01-19 03:18:00"], "total_order": 1, "hotel_value": ["4.9"], "hotel_price": ["258"]}, "436692": {"hotel_name": "\u4e09\u4e9a\u4e9a\u592a\u6d77\u822a\u5ea6\u5047\u9152\u5e97\u66a8\u4e9a\u592a\u56fd\u9645\u4f1a\u8bae\u4e2d\u5fc3", "order_time": ["2019-01-19 03:18:05"], "total_order": 1, "hotel_value": ["4.5"], "hotel_price": ["518"]}, "396523": {"hotel_name": "\u4e09\u4e9a\u4e9a\u9f99\u6e7e\u5929\u9e3f\u5ea6\u5047\u6751", "order_time": ["2019-01-19 03:19:59"], "total_order": 1, "hotel_value": ["4.7"], "hotel_price": ["652"]}, "17325404": {"hotel_name": "\u4e09\u4e9a\u6d1b\u514b\u94c2\u91d1\u6d77\u666f\u9152\u5e97", "order_time": ["2019-01-19 03:41:58", "2019-01-19 03:22:00"], "total_order": 2, "hotel_value": ["4.4", "4.4"], "hotel_price": ["479", "479"]}, "10188701": {"hotel_name": "\u4e09\u4e9a\u6c34\u6676\u4e4b\u604b\u4e3b\u9898\u9152\u5e97", "order_time": ["2019-01-19 03:22:04"], "total_order": 1, "hotel_value": ["4.7"], "hotel_price": ["178"]}, "14996879": {"hotel_name": "\u4e09\u4e9a\u6d77\u68e0\u6e7e\u4ec1\u6052\u7687\u51a0\u5047\u65e5\u5ea6\u5047\u9152\u5e97", "order_time": ["2019-01-19 03:22:31"], "total_order": 1, "hotel_value": ["4.8"], "hotel_price": ["1880"]}, "16897771": {"hotel_name": "\u4e09\u4e9a\u6d77\u68e0\u6e7e\u9e93\u6e56\u5ea6\u5047\u9152\u5e97", "order_time": ["2019-01-19 03:24:05"], "total_order": 1, "hotel_value": ["4.7"], "hotel_price": ["942"]}, "426360": {"hotel_name": "\u4e09\u4e9a\u67cf\u745e\u7cbe\u54c1\u6d77\u666f\u9152\u5e97", "order_time": ["2019-01-19 03:26:02"], "total_order": 1, "hotel_value": ["4.6"], "hotel_price": ["380"]}, "345069": {"hotel_name": "\u4e09\u4e9a\u6d77\u68e0\u6e7e\u4e07\u8fbe\u5e0c\u5c14\u987f\u9038\u6797\u5ea6\u5047\u9152\u5e97", "order_time": ["2019-01-19 03:26:02"], "total_order": 1, "hotel_value": ["4.5"], "hotel_price": ["910"]}, "346676": {"hotel_name": "\u4e09\u4e9a\u56fd\u5149\u8c6a\u751f\u5ea6\u5047\u9152\u5e97", "order_time": ["2019-01-19 03:27:58"], "total_order": 1, "hotel_value": ["4.6"], "hotel_price": ["721"]}, "19853526": {"hotel_name": "\u51e4\u51f0\u5c9b\u94ed\u6d77\u5ea6\u5047\u9152\u5e97", "order_time": ["2019-01-19 03:28:04"], "total_order": 1, "hotel_value": ["4.8"], "hotel_price": ["448"]}, "346693": {"hotel_name": "\u4e09\u4e9a\u4e9a\u9f99\u6e7e\u534e\u5b87\u5ea6\u5047\u9152\u5e97", "order_time": ["2019-01-19 03:28:26"], "total_order": 1, "hotel_value": ["4.6"], "hotel_price": ["699"]}, "6841281": {"hotel_name": "\u4e09\u4e9a\u60a6\u4fe1\u7f8e\u9ad8\u7f8e\u56fd\u9645\u9152\u5e97", "order_time": ["2019-01-19 03:29:57"], "total_order": 1, "hotel_value": ["4.5"], "hotel_price": ["443"]}, "15164961": {"hotel_name": "\u4e09\u4e9a\u5c4b\u5947\u9152\u5e97(\u6b65\u884c\u8857\u5e97)", "order_time": ["2019-01-19 03:29:59"], "total_order": 1, "hotel_value": ["4.6"], "hotel_price": ["199"]}, "347462": {"hotel_name": "\u4e09\u4e9a\u6d77\u68e0\u6e7e9\u53f7\u5ea6\u5047\u9152\u5e97", "order_time": ["2019-01-19 03:32:03"], "total_order": 1, "hotel_value": ["4.7"], "hotel_price": ["709"]}, "345082": {"hotel_name": "\u4e09\u4e9a\u6587\u534e\u4e1c\u65b9\u9152\u5e97", "order_time": ["2019-01-19 03:36:04"], "total_order": 1, "hotel_value": ["4.7"], "hotel_price": ["1358"]}, "420069": {"hotel_name": "\u4e09\u4e9a\u4e2d\u4e9a\u56fd\u9645\u5927\u9152\u5e97", "order_time": ["2019-01-19 03:53:56", "2019-01-19 03:37:57"], "total_order": 2, "hotel_value": ["4.5", "4.5"], "hotel_price": ["392", "392"]}, "4033951": {"hotel_name": "\u4e09\u4e9a\u51e4\u51f0\u5c9b\u6d77\u6d0b\u4e4b\u68a6\u5ea6\u5047\u9152\u5e97", "order_time": ["2019-01-19 03:42:02", "2019-01-19 03:46:03"], "total_order": 2, "hotel_value": ["4.7", "4.7"], "hotel_price": ["529", "529"]}, "429615": {"hotel_name": "\u4e09\u4e9a\u4e9a\u9f99\u6e7e\u541b\u6f9c\u5ea6\u5047\u9152\u5e97(\u539f\u5047\u65e5\u5ea6\u5047\u9152\u5e97)", "order_time": ["2019-01-19 03:43:58"], "total_order": 1, "hotel_value": ["4.5"], "hotel_price": ["663"]}, "8681237": {"hotel_name": "\u4e09\u4e9a\u5927\u4e1c\u6d77\u5fc6\u8bed\u6d41\u5e74\u4e3b\u9898\u9152\u5e97", "order_time": ["2019-01-19 03:44:02"], "total_order": 1, "hotel_value": ["4.8"], "hotel_price": ["144"]}, "16948036": {"hotel_name": "\u4e09\u4e9a\u6e7e\u7ea2\u6811\u6797\u5ea6\u5047\u4e16\u754c(\u5927\u738b\u68d5\u9152\u5e97)", "order_time": ["2019-01-19 03:44:03"], "total_order": 1, "hotel_value": ["4.7"], "hotel_price": ["900"]}, "28366169": {"hotel_name": "7\u5929\u4f18\u54c1\u9152\u5e97(\u4e09\u4e9a\u6e7e\u6d77\u6708\u5e7f\u573a\u6d77\u666f\u5e97)", "order_time": ["2019-01-19 03:44:10"], "total_order": 1, "hotel_value": ["4.3"], "hotel_price": ["169"]}, "4410283": {"hotel_name": "\u4e09\u4e9a\u5b50\u60a6\u5eb7\u5e74\u9152\u5e97(\u539f\u4e2d\u94c1\u5b50\u60a6\u5eb7\u5e74\u5546\u52a1\u9152\u5e97)", "order_time": ["2019-01-19 03:51:59", "2019-01-19 03:44:13"], "total_order": 2, "hotel_value": ["4.6", "4.6"], "hotel_price": ["380", "380"]}, "4845384": {"hotel_name": "\u4e09\u4e9a\u84dd\u5cb8\u6d77\u8fb9\u4e3b\u9898\u9152\u5e97", "order_time": ["2019-01-19 03:45:57"], "total_order": 1, "hotel_value": ["4.7"], "hotel_price": ["123"]}, "1682691": {"hotel_name": "\u4e09\u4e9a\u4eac\u6d77\u56fd\u9645\u5047\u65e5\u9152\u5e97", "order_time": ["2019-01-19 03:50:30"], "total_order": 1, "hotel_value": ["4.6"], "hotel_price": ["673"]}, "6486443": {"hotel_name": "\u4e09\u4e9a\u5b9d\u745e\u7cbe\u54c1\u5ea6\u5047\u516c\u5bd3", "order_time": ["2019-01-19 03:51:59"], "total_order": 1, "hotel_value": ["4.4"], "hotel_price": ["183"]}, "436696": {"hotel_name": "\u4e09\u4e9a\u6930\u84dd\u6e7e\u5ea6\u5047\u9152\u5e97", "order_time": ["2019-01-19 03:52:02"], "total_order": 1, "hotel_value": ["4.4"], "hotel_price": ["289"]}, "345522": {"hotel_name": "\u4e09\u4e9a\u5929\u57df\u5ea6\u5047\u9152\u5e97", "order_time": ["2019-01-19 03:54:17"], "total_order": 1, "hotel_value": ["4.8"], "hotel_price": ["1399"]}, "21765890": {"hotel_name": "\u4e09\u4e9a\u5361\u838e\u4e3b\u9898\u9152\u5e97", "order_time": ["2019-01-19 03:56:00"], "total_order": 1, "hotel_value": ["4.6"], "hotel_price": ["119"]}, "6562139": {"hotel_name": "\u4e09\u4e9a\u552f\u66a7\u7cbe\u54c1\u4e3b\u9898\u9152\u5e97", "order_time": ["2019-01-19 03:56:06"], "total_order": 1, "hotel_value": ["4.8"], "hotel_price": ["193"]}, "372203": {"hotel_name": "\u4e09\u4e9a\u6d77\u68e0\u6e7e\u5eb7\u83b1\u5fb7\u9152\u5e97", "order_time": ["2019-01-19 04:11:57", "2019-01-19 04:00:12"], "total_order": 2, "hotel_value": ["4.6", "4.6"], "hotel_price": ["1250", "1250"]}, "353871": {"hotel_name": "\u4e09\u4e9a\u7ef4\u666f\u56fd\u9645\u5ea6\u5047\u9152\u5e97", "order_time": ["2019-01-19 04:01:55"], "total_order": 1, "hotel_value": ["4.8"], "hotel_price": ["778"]}, "346702": {"hotel_name": "\u4e09\u4e9a\u8fb0\u5149\u514b\u62c9\u7801\u5934\u9152\u5e97", "order_time": ["2019-01-19 04:02:04", "2019-01-19 04:05:56"], "total_order": 2, "hotel_value": ["4.6", "4.6"], "hotel_price": ["408", "408"]}, "684215": {"hotel_name": "\u4e09\u4e9a\u6d77\u68e0\u6e7e\u5929\u623f\u6d32\u9645\u5ea6\u5047\u9152\u5e97", "order_time": ["2019-01-19 04:04:01"], "total_order": 1, "hotel_value": ["4.7"], "hotel_price": ["18773"]}, "8581510": {"hotel_name": "\u4e09\u4e9a\u534a\u5c71\u9a7f\u6d77\u5cb8\u7cbe\u54c1\u5ba2\u6808(\u539f\u871c\u5bb6\u5c0f\u9662)", "order_time": ["2019-01-19 04:05:57"], "total_order": 1, "hotel_value": ["4.7"], "hotel_price": ["168"]}, "473314": {"hotel_name": "\u4e09\u4e9a\u4e8c\u6708\u6d77\u6d77\u666f\u9152\u5e97", "order_time": ["2019-01-19 04:09:57"], "total_order": 1, "hotel_value": ["4.8"], "hotel_price": ["191"]}, "427279": {"hotel_name": "\u4e09\u4e9a\u5357\u5c71\u8fce\u5bbe\u9986", "order_time": ["2019-01-19 04:12:01"], "total_order": 1, "hotel_value": ["4.6"], "hotel_price": ["779"]}, "1486685": {"hotel_name": "\u4e09\u4e9a\u51e4\u51f0\u5c9b\u5ea6\u5047\u9152\u5e97", "order_time": ["2019-01-19 04:12:03"], "total_order": 1, "hotel_value": ["4.7"], "hotel_price": ["1108"]}, "6184724": {"hotel_name": "\u4e09\u4e9a\u767b\u4ed5\u4f73\u9152\u5e97(\u539f\u6c11\u751f\u804c\u5de5\u4e4b\u5bb6\u9152\u5e97)", "order_time": ["2019-01-19 04:14:00"], "total_order": 1, "hotel_value": ["4.6"], "hotel_price": ["202"]}, "6460482": {"hotel_name": "\u4e09\u4e9a\u4e9a\u9f99\u6e7e\u751f\u547d\u6cc9\u7cbe\u54c1\u5ea6\u5047\u9152\u5e97", "order_time": ["2019-01-19 04:14:02"], "total_order": 1, "hotel_value": ["4.7"], "hotel_price": ["360"]}}}