{"\u5f00\u59cb\u8bb0\u5f55\u65f6\u95f4": "2019-01-13 05:53:05", "\u7ed3\u675f\u8bb0\u5f55\u65f6\u95f4": "2019-01-13 06:53:05", "\u8ba2\u5355\u603b\u589e\u91cf": 28, "item": {"436677": {"hotel_name": "\u4e09\u4e9a\u4e3d\u666f\u6d77\u6e7e\u9152\u5e97", "order_time": ["2019-01-13 05:57:26", "2019-01-13 05:55:30"], "total_order": 2, "hotel_value": ["4.6", "4.6"], "hotel_price": ["315", "315"]}, "8616662": {"hotel_name": "\u4e09\u4e9a\u62fe\u5149\u96c6\u827a\u672f\u4e3b\u9898\u9152\u5e97(\u539f\u4e09\u4e9a\u62fe\u5149\u96c6\u7cbe\u54c1\u6c11\u5bbf)", "order_time": ["2019-01-13 05:55:31"], "total_order": 1, "hotel_value": ["4.8"], "hotel_price": ["235"]}, "370837": {"hotel_name": "\u4e09\u4e9a\u78a7\u6d77\u91d1\u6c99\u9152\u5e97", "order_time": ["2019-01-13 05:59:52", "2019-01-13 06:07:27"], "total_order": 2, "hotel_value": ["4.6", "4.6"], "hotel_price": ["280", "280"]}, "386919": {"hotel_name": "\u4e09\u4e9a\u4e07\u5609\u5ea6\u5047\u9152\u5e97(\u539f\u4e07\u5609\u6234\u65af\u5ea6\u5047\u9152\u5e97)", "order_time": ["2019-01-13 06:05:23", "2019-01-13 06:01:30"], "total_order": 2, "hotel_value": ["4.4", "4.4"], "hotel_price": ["358", "358"]}, "660317": {"hotel_name": "\u4e09\u4e9a\u4eac\u6da6\u73cd\u73e0\u4e3b\u9898\u9152\u5e97", "order_time": ["2019-01-13 06:01:30"], "total_order": 1, "hotel_value": ["4.5"], "hotel_price": ["222"]}, "345522": {"hotel_name": "\u4e09\u4e9a\u5929\u57df\u5ea6\u5047\u9152\u5e97", "order_time": ["2019-01-13 06:05:28"], "total_order": 1, "hotel_value": ["4.8"], "hotel_price": ["799"]}, "427277": {"hotel_name": "\u4e09\u4e9a\u4e2d\u5fc3\u7687\u51a0\u5047\u65e5\u9152\u5e97", "order_time": ["2019-01-13 06:07:22"], "total_order": 1, "hotel_value": ["4.7"], "hotel_price": ["400"]}, "12671479": {"hotel_name": "\u4e09\u4e9a\u6da6\u5fb7\u6e7f\u5730\u516c\u56ed\u9152\u5e97", "order_time": ["2019-01-13 06:07:31"], "total_order": 1, "hotel_value": ["4.7"], "hotel_price": ["390"]}, "10148339": {"hotel_name": "\u4e09\u4e9a\u6b66\u65b0\u5ba2\u6808", "order_time": ["2019-01-13 06:09:34"], "total_order": 1, "hotel_value": ["4.4"], "hotel_price": ["95"]}, "2650221": {"hotel_name": "\u4e09\u4e9a\u7c73\u6735\u4e3b\u9898\u6d77\u666f\u516c\u5bd3", "order_time": ["2019-01-13 06:11:23"], "total_order": 1, "hotel_value": ["4.7"], "hotel_price": ["260"]}, "14003763": {"hotel_name": "\u4e09\u4e9a\u5fc3\u4e00\u5883\u7985\u610f\u5927\u9152\u5e97", "order_time": ["2019-01-13 06:13:26"], "total_order": 1, "hotel_value": ["4.8"], "hotel_price": ["322"]}, "1118574": {"hotel_name": "\u4e09\u4e9a\u6fb3\u59ae\u65af\u9152\u5e97", "order_time": ["2019-01-13 06:17:22"], "total_order": 1, "hotel_value": ["4.8"], "hotel_price": ["192"]}, "842998": {"hotel_name": "\u541b\u6f9c\u00b7\u4e09\u4e9a\u6e7e\u8fce\u5bbe\u9986\u6d77\u666f\u5ea6\u5047\u9152\u5e97", "order_time": ["2019-01-13 06:21:28"], "total_order": 1, "hotel_value": ["4.8"], "hotel_price": ["529"]}, "12184321": {"hotel_name": "\u4e09\u4e9a\u7d2b\u6930\u6797\u6d77\u5cb8\u4e3b\u9898\u9152\u5e97", "order_time": ["2019-01-13 06:23:21"], "total_order": 1, "hotel_value": ["4.4"], "hotel_price": ["143"]}, "808618": {"hotel_name": "7\u5929\u8fde\u9501\u9152\u5e97(\u4e09\u4e9a\u4e09\u4e9a\u6e7e\u6d77\u666f\u5e97)", "order_time": ["2019-01-13 06:25:18"], "total_order": 1, "hotel_value": ["4.2"], "hotel_price": ["129"]}, "420069": {"hotel_name": "\u4e09\u4e9a\u4e2d\u4e9a\u56fd\u9645\u5927\u9152\u5e97", "order_time": ["2019-01-13 06:27:28"], "total_order": 1, "hotel_value": ["4.5"], "hotel_price": ["390"]}, "1580379": {"hotel_name": "\u4e09\u4e9a\u5982\u7ea6\u5feb\u6377\u9152\u5e97", "order_time": ["2019-01-13 06:35:27"], "total_order": 1, "hotel_value": ["4.6"], "hotel_price": ["123"]}, "26535660": {"hotel_name": "\u4e09\u4e9a\u7231\u5fc5\u4fac\u68e0\u6e7e\u5ea6\u5047\u516c\u5bd3", "order_time": ["2019-01-13 06:37:21"], "total_order": 1, "hotel_value": ["4.4"], "hotel_price": ["690"]}, "6446036": {"hotel_name": "\u4e09\u4e9a\u51e4\u51f0\u673a\u573a\u9152\u5e97", "order_time": ["2019-01-13 06:37:23"], "total_order": 1, "hotel_value": ["4.5"], "hotel_price": ["416"]}, "1137078": {"hotel_name": "\u6d77\u5357\u6e05\u6c34\u6e7e\u5047\u65e5\u5ea6\u5047\u9152\u5e97", "order_time": ["2019-01-13 06:39:25"], "total_order": 1, "hotel_value": ["4.7"], "hotel_price": ["550"]}, "918535": {"hotel_name": "\u4e45\u6816\u00b7\u4e09\u4e9a\u67ab\u4f20\u8bf4\u6d77\u666f\u5ea6\u5047\u516c\u5bd3", "order_time": ["2019-01-13 06:41:25"], "total_order": 1, "hotel_value": ["4.8"], "hotel_price": ["222"]}, "8581510": {"hotel_name": "\u4e09\u4e9a\u534a\u5c71\u9a7f\u6d77\u5cb8\u7cbe\u54c1\u5ba2\u6808(\u539f\u871c\u5bb6\u5c0f\u9662)", "order_time": ["2019-01-13 06:43:31"], "total_order": 1, "hotel_value": ["4.7"], "hotel_price": ["151"]}, "1682691": {"hotel_name": "\u4e09\u4e9a\u4eac\u6d77\u56fd\u9645\u5047\u65e5\u9152\u5e97", "order_time": ["2019-01-13 06:49:22"], "total_order": 1, "hotel_value": ["4.6"], "hotel_price": ["572"]}, "1602239": {"hotel_name": "\u4e09\u4e9a\u4e09\u6b65\u6d77\u5ba2\u6808", "order_time": ["2019-01-13 06:51:21"], "total_order": 1, "hotel_value": ["4.8"], "hotel_price": ["151"]}, "25825346": {"hotel_name": "\u4e09\u4e9a\u6f6e\u5bbf\u90a6\u7cbe\u54c1\u516c\u5bd3", "order_time": ["2019-01-13 06:51:34"], "total_order": 1, "hotel_value": ["5.0"], "hotel_price": ["319"]}}}