{"\u5f00\u59cb\u8bb0\u5f55\u65f6\u95f4": "2019-01-22 07:32:09", "\u7ed3\u675f\u8bb0\u5f55\u65f6\u95f4": "2019-01-22 08:32:09", "\u8ba2\u5355\u603b\u589e\u91cf": 155, "item": {"976249": {"hotel_name": "\u54ea\u91cc\u90a3\u91cc\u6d77\u5cb8\u7cbe\u54c1\u5ba2\u6808(\u4e09\u4e9a\u5927\u4e1c\u6d77\u5e97)", "order_time": ["2019-01-22 08:20:30", "2019-01-22 07:34:30"], "total_order": 2, "hotel_value": ["4.8", "4.8"], "hotel_price": ["231", "231"]}, "4033951": {"hotel_name": "\u4e09\u4e9a\u51e4\u51f0\u5c9b\u6d77\u6d0b\u4e4b\u68a6\u5ea6\u5047\u9152\u5e97", "order_time": ["2019-01-22 07:36:27"], "total_order": 1, "hotel_value": ["4.6"], "hotel_price": ["609"]}, "1415685": {"hotel_name": "\u4e09\u4e9a9\u53f7\u4e3b\u9898\u516c\u5bd3", "order_time": ["2019-01-22 07:36:28"], "total_order": 1, "hotel_value": ["4.9"], "hotel_price": ["254"]}, "345078": {"hotel_name": "\u4e09\u4e9a\u4e9a\u9f99\u6e7e\u7f8e\u9ad8\u6885\u5ea6\u5047\u9152\u5e97", "order_time": ["2019-01-22 07:36:34"], "total_order": 1, "hotel_value": ["4.7"], "hotel_price": ["1099"]}, "473306": {"hotel_name": "\u4e09\u4e9a\u9e3f\u82b3\u4e2d\u6d0b\u6d77\u666f\u9152\u5e97", "order_time": ["2019-01-22 07:36:37"], "total_order": 1, "hotel_value": ["4.3"], "hotel_price": ["179"]}, "371722": {"hotel_name": "\u4e09\u4e9a\u4e9a\u9f99\u6e7e\u91d1\u68d5\u6988\u5ea6\u5047\u9152\u5e97", "order_time": ["2019-01-22 07:38:27"], "total_order": 1, "hotel_value": ["4.6"], "hotel_price": ["528"]}, "345076": {"hotel_name": "\u4e09\u4e9a\u4e9a\u9f99\u6e7e\u7231\u7434\u6d77\u5168\u5957\u623f\u7cbe\u54c1\u5ea6\u5047\u9152\u5e97", "order_time": ["2019-01-22 07:38:27", "2019-01-22 08:10:28"], "total_order": 2, "hotel_value": ["4.5", "4.5"], "hotel_price": ["656", "696"]}, "433675": {"hotel_name": "\u4e09\u4e9a\u51e4\u51f0\u6c34\u57ce\u51ef\u83b1\u5ea6\u5047\u9152\u5e97", "order_time": ["2019-01-22 07:38:27", "2019-01-22 08:02:31"], "total_order": 2, "hotel_value": ["4.5", "4.5"], "hotel_price": ["338", "338"]}, "2650221": {"hotel_name": "\u4e09\u4e9a\u7c73\u6735\u4e3b\u9898\u6d77\u666f\u516c\u5bd3", "order_time": ["2019-01-22 07:38:30"], "total_order": 1, "hotel_value": ["4.7"], "hotel_price": ["262"]}, "1739015": {"hotel_name": "\u4e09\u4e9a\u9f99\u5174\u83b1\u66fc\u6d77\u666f\u5ea6\u5047\u9152\u5e97", "order_time": ["2019-01-22 07:38:31"], "total_order": 1, "hotel_value": ["4.4"], "hotel_price": ["278"]}, "9789923": {"hotel_name": "\u4e09\u4e9a\u5eb7\u5e74\u9152\u5e97", "order_time": ["2019-01-22 07:38:46"], "total_order": 1, "hotel_value": ["4.7"], "hotel_price": ["988"]}, "435983": {"hotel_name": "\u4e09\u4e9a\u4e9a\u9f99\u6e7e\u4eba\u95f4\u5929\u5802-\u9e1f\u5de2\u5ea6\u5047\u6751", "order_time": ["2019-01-22 07:40:27"], "total_order": 1, "hotel_value": ["4.6"], "hotel_price": ["1270"]}, "17533420": {"hotel_name": "\u4e09\u4e9a\u5927\u4e1c\u6d77\u9152\u5e97", "order_time": ["2019-01-22 07:40:52"], "total_order": 1, "hotel_value": ["4.8"], "hotel_price": ["590"]}, "6833004": {"hotel_name": "\u4e09\u4e9a\u6d77\u66e6\u5bbe\u9986", "order_time": ["2019-01-22 07:42:44"], "total_order": 1, "hotel_value": ["4.0"], "hotel_price": ["192"]}, "396500": {"hotel_name": "\u4e09\u4e9a\u6e7e\u4ed9\u5c45\u5e9c\u6d77\u666f\u9152\u5e97", "order_time": ["2019-01-22 07:44:25"], "total_order": 1, "hotel_value": ["4.4"], "hotel_price": ["351"]}, "396528": {"hotel_name": "\u4e09\u4e9a\u4e9a\u9f99\u6e7e\u4e94\u53f7\u5ea6\u5047\u522b\u5885\u9152\u5e97", "order_time": ["2019-01-22 07:44:27"], "total_order": 1, "hotel_value": ["4.6"], "hotel_price": ["649"]}, "5296769": {"hotel_name": "\u4e09\u4e9a\u6d77\u68e0\u6e7e\u541b\u60a6\u9152\u5e97", "order_time": ["2019-01-22 07:44:27", "2019-01-22 07:48:27"], "total_order": 2, "hotel_value": ["4.7", "4.7"], "hotel_price": ["2013", "2013"]}, "1561957": {"hotel_name": "\u6d77\u5357\u6e05\u6c34\u6e7e\u963f\u7f57\u54c8\u7231\u7434\u6d77\u666f\u5957\u623f\u5ea6\u5047\u9152\u5e97", "order_time": ["2019-01-22 07:44:28"], "total_order": 1, "hotel_value": ["4.7"], "hotel_price": ["818"]}, "4656822": {"hotel_name": "\u4e45\u6816\u00b7\u4e09\u4e9a\u6d77\u84dd\u84dd\u6d77\u666f\u6c11\u5bbf", "order_time": ["2019-01-22 07:44:28", "2019-01-22 08:22:27"], "total_order": 2, "hotel_value": ["4.6", "4.6"], "hotel_price": ["200", "251"]}, "1415812": {"hotel_name": "\u4e09\u4e9a\u4e00\u51e1\u98ce\u60c5\u5047\u65e5\u9152\u5e97", "order_time": ["2019-01-22 07:44:32"], "total_order": 1, "hotel_value": ["4.0"], "hotel_price": ["135"]}, "437115": {"hotel_name": "\u4e09\u4e9a\u767e\u680e\u56fd\u9645\u5ea6\u5047\u516c\u5bd3", "order_time": ["2019-01-22 07:46:28"], "total_order": 1, "hotel_value": ["4.3"], "hotel_price": ["263"]}, "843599": {"hotel_name": "\u4e09\u4e9a\u56db\u5b63\u6d77\u5ead\u9152\u5e97", "order_time": ["2019-01-22 07:48:30", "2019-01-22 07:46:29"], "total_order": 2, "hotel_value": ["4.6", "4.6"], "hotel_price": ["344", "344"]}, "19107609": {"hotel_name": "\u4e09\u4e9a\u8054\u6295\u541b\u4ead\u9152\u5e97", "order_time": ["2019-01-22 07:46:32"], "total_order": 1, "hotel_value": ["4.5"], "hotel_price": ["588"]}, "346684": {"hotel_name": "\u4e09\u4e9a\u73e0\u6c5f\u5357\u7530\u6e29\u6cc9\u5ea6\u5047\u533a", "order_time": ["2019-01-22 07:48:29"], "total_order": 1, "hotel_value": ["4.3"], "hotel_price": ["359"]}, "427277": {"hotel_name": "\u4e09\u4e9a\u4e2d\u5fc3\u7687\u51a0\u5047\u65e5\u9152\u5e97", "order_time": ["2019-01-22 07:48:30"], "total_order": 1, "hotel_value": ["4.7"], "hotel_price": ["537"]}, "1980387": {"hotel_name": "\u9e97\u67ab\u9152\u5e97(\u4e09\u4e9a\u6b65\u884c\u8857\u5e97)", "order_time": ["2019-01-22 08:12:32", "2019-01-22 07:48:31"], "total_order": 2, "hotel_value": ["4.8", "4.8"], "hotel_price": ["386", "386"]}, "345101": {"hotel_name": "\u91d1\u8302\u4e09\u4e9a\u4e9a\u9f99\u6e7e\u4e3d\u601d\u5361\u5c14\u987f\u9152\u5e97", "order_time": ["2019-01-22 07:48:34"], "total_order": 1, "hotel_value": ["4.7"], "hotel_price": ["1782"]}, "25665237": {"hotel_name": "\u4e09\u4e9a\u6c90\u5fc3\u5c0f\u7b51\u7cbe\u54c1\u6c11\u5bbf", "order_time": ["2019-01-22 07:48:36"], "total_order": 1, "hotel_value": ["4.9"], "hotel_price": ["137"]}, "986446": {"hotel_name": "\u4e09\u4e9a\u4e9a\u9f99\u6e7e\u5c71\u6e56\u6d77\u522b\u5885\u5ea6\u5047\u9152\u5e97", "order_time": ["2019-01-22 07:50:40"], "total_order": 1, "hotel_value": ["4.1"], "hotel_price": ["323"]}, "345067": {"hotel_name": "\u4e09\u4e9a\u6d77\u68e0\u6e7e\u559c\u6765\u767b\u5ea6\u5047\u9152\u5e97", "order_time": ["2019-01-22 07:50:43"], "total_order": 1, "hotel_value": ["4.6"], "hotel_price": ["1799"]}, "436673": {"hotel_name": "\u4e09\u4e9a\u9e7f\u5cad\u6d77\u6e7e\u7ef4\u666f\u56fd\u9645\u5927\u9152\u5e97(\u539f\u4e09\u4e9a\u6d77\u6e7e\u7ef4\u666f\u56fd\u9645\u5927\u9152\u5e97)", "order_time": ["2019-01-22 08:18:29", "2019-01-22 08:12:35", "2019-01-22 07:50:44"], "total_order": 3, "hotel_value": ["4.6", "4.6", "4.6"], "hotel_price": ["321", "321", "321"]}, "428318": {"hotel_name": "\u4e09\u4e9a\u6021\u5ead\u9152\u5e97", "order_time": ["2019-01-22 07:50:52"], "total_order": 1, "hotel_value": ["4.8"], "hotel_price": ["217"]}, "6708909": {"hotel_name": "\u4e09\u4e9a\u6d77\u68e0\u6e7e\u798f\u6d77\u68e0\u6d77\u666f\u5957\u623f\u5ea6\u5047\u9152\u5e97", "order_time": ["2019-01-22 07:50:52"], "total_order": 1, "hotel_value": ["4.6"], "hotel_price": ["428"]}, "879580": {"hotel_name": "\u9526\u6c5f\u4e4b\u661f(\u4e09\u4e9a\u56fd\u9645\u8d2d\u7269\u4e2d\u5fc3\u6d77\u666f\u5e97)", "order_time": ["2019-01-22 08:06:26", "2019-01-22 07:50:52"], "total_order": 2, "hotel_value": ["4.5", "4.5"], "hotel_price": ["179", "179"]}, "353871": {"hotel_name": "\u4e09\u4e9a\u7ef4\u666f\u56fd\u9645\u5ea6\u5047\u9152\u5e97", "order_time": ["2019-01-22 07:52:26"], "total_order": 1, "hotel_value": ["4.8"], "hotel_price": ["888"]}, "2157963": {"hotel_name": "\u4e09\u4e9a\u4e07\u79d1\u68ee\u6797\u60a6\u5ea6\u5047\u6751", "order_time": ["2019-01-22 07:52:28"], "total_order": 1, "hotel_value": ["4.4"], "hotel_price": ["546"]}, "486003": {"hotel_name": "\u4e09\u4e9a\u8708\u652f\u6d32\u5c9b\u73ca\u745a\u9152\u5e97", "order_time": ["2019-01-22 07:52:32"], "total_order": 1, "hotel_value": ["4.8"], "hotel_price": ["1050"]}, "3735187": {"hotel_name": "\u4e09\u4e9a\u7406\u6587\u7d22\u83f2\u7279\u5ea6\u5047\u9152\u5e97", "order_time": ["2019-01-22 07:52:32"], "total_order": 1, "hotel_value": ["4.6"], "hotel_price": ["926"]}, "345082": {"hotel_name": "\u4e09\u4e9a\u6587\u534e\u4e1c\u65b9\u9152\u5e97", "order_time": ["2019-01-22 07:52:32", "2019-01-22 08:02:32"], "total_order": 2, "hotel_value": ["4.7", "4.7"], "hotel_price": ["1376", "1376"]}, "345522": {"hotel_name": "\u4e09\u4e9a\u5929\u57df\u5ea6\u5047\u9152\u5e97", "order_time": ["2019-01-22 07:52:33"], "total_order": 1, "hotel_value": ["4.8"], "hotel_price": ["1499"]}, "5980581": {"hotel_name": "\u4e09\u4e9a\u73ba\u6cfd\u6d77\u666f\u65c5\u5c45(\u539f\u6d77\u60a6\u661f\u8fb0\u6d77\u666f\u5ea6\u5047\u516c\u5bd3)", "order_time": ["2019-01-22 07:52:34"], "total_order": 1, "hotel_value": ["4.8"], "hotel_price": ["190"]}, "23946400": {"hotel_name": "\u4e09\u4e9a\u7f8e\u5885\u65e5\u8bb0\u522b\u5885", "order_time": ["2019-01-22 07:52:40"], "total_order": 1, "hotel_value": ["4.9"], "hotel_price": ["7187"]}, "13975638": {"hotel_name": "\u4e09\u4e9a\u9b45\u84dd\u4e4b\u591c\u4e3b\u9898\u9152\u5e97", "order_time": ["2019-01-22 08:12:31", "2019-01-22 07:54:29"], "total_order": 2, "hotel_value": ["4.8", "4.8"], "hotel_price": ["126", "126"]}, "4841285": {"hotel_name": "\u4e09\u4e9a\u7c73\u7b1b\u5c0f\u65c5", "order_time": ["2019-01-22 07:54:30"], "total_order": 1, "hotel_value": ["4.8"], "hotel_price": ["48"]}, "1137078": {"hotel_name": "\u6d77\u5357\u6e05\u6c34\u6e7e\u5047\u65e5\u5ea6\u5047\u9152\u5e97", "order_time": ["2019-01-22 07:56:33"], "total_order": 1, "hotel_value": ["4.7"], "hotel_price": ["475"]}, "17325404": {"hotel_name": "\u4e09\u4e9a\u6d1b\u514b\u94c2\u91d1\u6d77\u666f\u9152\u5e97", "order_time": ["2019-01-22 07:56:33"], "total_order": 1, "hotel_value": ["4.4"], "hotel_price": ["479"]}, "6405320": {"hotel_name": "\u4e09\u4e9a\u4e9a\u9f99\u6e7e\u6728\u843d\u5ba2\u6808", "order_time": ["2019-01-22 07:56:34"], "total_order": 1, "hotel_value": ["4.5"], "hotel_price": ["125"]}, "6396995": {"hotel_name": "\u9633\u5149\u5047\u65e5\u5ea6\u5047\u516c\u5bd3(\u4e09\u4e9a\u4e9a\u9f99\u6e7e\u5e97)", "order_time": ["2019-01-22 07:56:36"], "total_order": 1, "hotel_value": ["4.3"], "hotel_price": ["208"]}, "1698766": {"hotel_name": "\u4e09\u4e9a\u6d77\u5cb8\u4eba\u5bb6\u738b\u59d0\u5bb6\u5ead\u516c\u5bd3", "order_time": ["2019-01-22 07:56:47"], "total_order": 1, "hotel_value": [0], "hotel_price": ["198"]}, "346702": {"hotel_name": "\u4e09\u4e9a\u8fb0\u5149\u514b\u62c9\u7801\u5934\u9152\u5e97", "order_time": ["2019-01-22 07:58:28"], "total_order": 1, "hotel_value": ["4.6"], "hotel_price": ["532"]}, "345084": {"hotel_name": "\u4e09\u4e9a\u9526\u6c5f\u5b9d\u5b8f\u5927\u9152\u5e97\u4e3b\u697c", "order_time": ["2019-01-22 07:58:31"], "total_order": 1, "hotel_value": ["4.6"], "hotel_price": ["368"]}, "440975": {"hotel_name": "\u4e09\u4e9a\u4e1c\u65b9\u6d77\u666f\u5927\u9152\u5e97", "order_time": ["2019-01-22 07:58:31"], "total_order": 1, "hotel_value": ["4.3"], "hotel_price": ["266"]}, "26449232": {"hotel_name": "\u4e09\u4e9a\u65e5\u5915\u5885\u6c11\u5bbf", "order_time": ["2019-01-22 07:58:32"], "total_order": 1, "hotel_value": ["4.9"], "hotel_price": ["232"]}, "698750": {"hotel_name": "\u4e09\u4e9a\u6e7e\u8d85\u8d8a\u5bb6\u5ead\u65c5\u9986(\u5bb6\u5ead\u65c5\u9986)", "order_time": ["2019-01-22 07:58:45"], "total_order": 1, "hotel_value": ["4.3"], "hotel_price": ["148"]}, "346719": {"hotel_name": "\u4e09\u4e9a\u534a\u5c71\u534a\u5c9b\u5e06\u8239\u6e2f\u9152\u5e97", "order_time": ["2019-01-22 08:00:29", "2019-01-22 08:08:36"], "total_order": 2, "hotel_value": ["4.7", "4.7"], "hotel_price": ["384", "384"]}, "1651443": {"hotel_name": "\u5c1a\u5ba2\u4f18\u5feb\u6377\u9152\u5e97(\u4e09\u4e9a\u6e7e\u5e97)", "order_time": ["2019-01-22 08:00:34"], "total_order": 1, "hotel_value": ["3.9"], "hotel_price": ["103"]}, "18467937": {"hotel_name": "\u4e09\u4e9a\u4e8e\u59d0\u5bb6\u516c\u5bd3(\u798f\u6d77\u82d1\u4e00\u8def\u5206\u5e97)", "order_time": ["2019-01-22 08:00:42"], "total_order": 1, "hotel_value": [0], "hotel_price": ["398"]}, "1573160": {"hotel_name": "\u683c\u6797\u8c6a\u6cf0(\u4e09\u4e9a\u4e9a\u9f99\u6e7e\u5e97)", "order_time": ["2019-01-22 08:02:32"], "total_order": 1, "hotel_value": ["4.4"], "hotel_price": ["193"]}, "454362": {"hotel_name": "\u4e09\u4e9a\u4ebf\u6e90\u8f69\u5b87\u5927\u9152\u5e97", "order_time": ["2019-01-22 08:02:32"], "total_order": 1, "hotel_value": ["4.6"], "hotel_price": ["423"]}, "346676": {"hotel_name": "\u4e09\u4e9a\u56fd\u5149\u8c6a\u751f\u5ea6\u5047\u9152\u5e97", "order_time": ["2019-01-22 08:02:32", "2019-01-22 08:24:32"], "total_order": 2, "hotel_value": ["4.6", "4.6"], "hotel_price": ["669", "669"]}, "4388404": {"hotel_name": "\u4e09\u4e9a\u7f8e\u4e3d\u4e4b\u51a0\u5927\u6811\u9152\u5e97", "order_time": ["2019-01-22 08:02:40", "2019-01-22 08:22:28"], "total_order": 2, "hotel_value": ["4.3", "4.3"], "hotel_price": ["233", "210"]}, "5924618": {"hotel_name": "\u4e9a\u9f99\u6e7e\u4f9d\u5c71\u5c45\u522b\u5885\u9152\u5e97(\u4e09\u4e9a\u9e1f\u5de2\u5e97)(\u539f\u4e9a\u9f99\u6e7e\u82b1\u56ed\u522b\u5885\u9152\u5e97)", "order_time": ["2019-01-22 08:04:36"], "total_order": 1, "hotel_value": ["4.4"], "hotel_price": ["281"]}, "345065": {"hotel_name": "\u4e09\u4e9a\u4e07\u4e3d\u5ea6\u5047\u9152\u5e97", "order_time": ["2019-01-22 08:04:36"], "total_order": 1, "hotel_value": ["4.7"], "hotel_price": ["618"]}, "6446036": {"hotel_name": "\u4e09\u4e9a\u51e4\u51f0\u673a\u573a\u9152\u5e97", "order_time": ["2019-01-22 08:04:36"], "total_order": 1, "hotel_value": ["4.6"], "hotel_price": ["406"]}, "25768287": {"hotel_name": "\u4e09\u4e9a\u5357\u590f\u51ef\u83b1\u60a6\u4eab\u9152\u5e97", "order_time": ["2019-01-22 08:06:26"], "total_order": 1, "hotel_value": ["4.8"], "hotel_price": ["389"]}, "10188701": {"hotel_name": "\u4e09\u4e9a\u6c34\u6676\u4e4b\u604b\u4e3b\u9898\u9152\u5e97", "order_time": ["2019-01-22 08:06:32"], "total_order": 1, "hotel_value": ["4.7"], "hotel_price": ["163"]}, "808618": {"hotel_name": "7\u5929\u8fde\u9501\u9152\u5e97(\u4e09\u4e9a\u4e09\u4e9a\u6e7e\u6d77\u666f\u5e97)", "order_time": ["2019-01-22 08:06:33", "2019-01-22 08:20:29"], "total_order": 2, "hotel_value": ["4.2", "4.2"], "hotel_price": ["129", "129"]}, "3180637": {"hotel_name": "\u4e09\u4e9a\u9752\u827a\u672f\u96c5\u7b51\u5ba2\u6808(\u4e09\u4e9a\u6e7e\u5e97)", "order_time": ["2019-01-22 08:06:33", "2019-01-22 08:20:29"], "total_order": 2, "hotel_value": ["4.9", "4.9"], "hotel_price": ["139", "139"]}, "374842": {"hotel_name": "\u4e09\u4e9a\u6e7e\u6d77\u5c45\u94c2\u5c14\u66fc\u5ea6\u5047\u9152\u5e97", "order_time": ["2019-01-22 08:06:34"], "total_order": 1, "hotel_value": ["4.7"], "hotel_price": ["840"]}, "1720697": {"hotel_name": "\u4e09\u4e9a\u65b0\u5b87\u9152\u5e97", "order_time": ["2019-01-22 08:06:38"], "total_order": 1, "hotel_value": ["4.3"], "hotel_price": ["156"]}, "12671479": {"hotel_name": "\u4e09\u4e9a\u6da6\u5fb7\u6e7f\u5730\u516c\u56ed\u9152\u5e97", "order_time": ["2019-01-22 08:10:28", "2019-01-22 08:08:34"], "total_order": 2, "hotel_value": ["4.7", "4.7"], "hotel_price": ["384", "384"]}, "5968179": {"hotel_name": "\u4e09\u4e9a\u7231\u4e4b\u7f18\u60c5\u4fa3\u5f71\u9662\u4e3b\u9898\u9152\u5e97(\u539f\u7231\u4e4b\u7f18\u5f71\u89c6\u8fde\u9501\u4e3b\u9898\u9152\u5e97)", "order_time": ["2019-01-22 08:08:41"], "total_order": 1, "hotel_value": ["4.8"], "hotel_price": ["190"]}, "20617225": {"hotel_name": "\u7ea6\u00b7\u8bbe\u8ba1\u4e3b\u9898\u9152\u5e97(\u4e09\u4e9a\u5343\u53e4\u60c5\u5e97)", "order_time": ["2019-01-22 08:08:42", "2019-01-22 08:20:29"], "total_order": 2, "hotel_value": ["4.7", "4.7"], "hotel_price": ["182", "182"]}, "842998": {"hotel_name": "\u541b\u6f9c\u00b7\u4e09\u4e9a\u6e7e\u8fce\u5bbe\u9986\u6d77\u666f\u5ea6\u5047\u9152\u5e97", "order_time": ["2019-01-22 08:10:30"], "total_order": 1, "hotel_value": ["4.8"], "hotel_price": ["558"]}, "6280766": {"hotel_name": "\u4e09\u4e9a\u5927\u4e1c\u6d77\u82b1\u8bed\u6d77\u666f\u5ea6\u5047\u516c\u5bd3", "order_time": ["2019-01-22 08:10:30"], "total_order": 1, "hotel_value": ["4.4"], "hotel_price": ["152"]}, "8577314": {"hotel_name": "\u4e09\u4e9a\u7f8e\u4e3d\u4e4b\u51a0\u5e78\u798f\u6811\u5ea6\u5047\u9152\u5e97", "order_time": ["2019-01-22 08:10:31"], "total_order": 1, "hotel_value": ["4.0"], "hotel_price": ["217"]}, "25634977": {"hotel_name": "\u4e09\u4e9a\u827e\u514b\u5a01\u9152\u5e97", "order_time": ["2019-01-22 08:10:32"], "total_order": 1, "hotel_value": ["4.9"], "hotel_price": ["288"]}, "1642576": {"hotel_name": "\u4e09\u4e9a\u5b50\u60a6\u5eb7\u5e74\u4e3b\u9898\u5957\u623f\u5ea6\u5047\u9152\u5e97", "order_time": ["2019-01-22 08:10:37"], "total_order": 1, "hotel_value": ["4.7"], "hotel_price": ["394"]}, "473351": {"hotel_name": "\u4e09\u4e9a\u4e9a\u9f99\u6e7e\u827e\u7433\u8fbe\u7cbe\u54c1\u5ea6\u5047\u9152\u5e97", "order_time": ["2019-01-22 08:12:29"], "total_order": 1, "hotel_value": ["4.1"], "hotel_price": ["240"]}, "6298012": {"hotel_name": "\u683c\u6797\u8054\u76df\u9152\u5e97(\u4e09\u4e9a\u4e00\u5e02\u573a\u5e97)", "order_time": ["2019-01-22 08:12:30"], "total_order": 1, "hotel_value": ["4.8"], "hotel_price": ["129"]}, "14999032": {"hotel_name": "\u4e09\u4e9a\u4e9a\u9f99\u6e7e\u6d6e\u751f\u82e5\u5bbf\u8bbe\u8ba1\u6c11\u5bbf", "order_time": ["2019-01-22 08:12:32"], "total_order": 1, "hotel_value": ["4.9"], "hotel_price": ["457"]}, "9580477": {"hotel_name": "\u5411\u65e5\u8475\u6d77\u5cb8\u5ba2\u6808(\u4e09\u4e9a\u51e4\u51f0\u673a\u573a\u5e97)", "order_time": ["2019-01-22 08:12:34"], "total_order": 1, "hotel_value": ["4.6"], "hotel_price": ["163"]}, "1434740": {"hotel_name": "\u67ab\u6797\u665a\u4e3b\u9898\u9152\u5e97(\u4e09\u4e9a\u6625\u56ed\u6d77\u9c9c\u5e7f\u573a\u5e97)", "order_time": ["2019-01-22 08:12:35"], "total_order": 1, "hotel_value": ["4.9"], "hotel_price": ["143"]}, "3041884": {"hotel_name": "\u4e09\u4e9a\u4e3d\u79be\u6e29\u5fb7\u59c6\u9152\u5e97", "order_time": ["2019-01-22 08:12:35", "2019-01-22 08:20:50", "2019-01-22 08:22:29"], "total_order": 3, "hotel_value": ["4.8", "4.8", "4.8"], "hotel_price": ["730", "730", "730"]}, "1470056": {"hotel_name": "Q\u52a0\u00b7\u4e09\u4e9a\u8fd9\u7247\u6d77\u5ea6\u5047\u6d77\u666f\u5ba2\u6808", "order_time": ["2019-01-22 08:14:28"], "total_order": 1, "hotel_value": ["4.6"], "hotel_price": ["177"]}, "2216767": {"hotel_name": "\u7ef4\u4e5f\u7eb3\u9152\u5e97(\u4e09\u4e9a\u6e7e\u5e97)", "order_time": ["2019-01-22 08:14:29"], "total_order": 1, "hotel_value": ["4.8"], "hotel_price": ["368"]}, "9638235": {"hotel_name": "\u84dd\u68a6\u6811\u4e4b\u604b\u5ea6\u5047\u9152\u5e97(\u4e09\u4e9a\u7f8e\u4e3d\u4e4b\u51a0\u5e97)", "order_time": ["2019-01-22 08:14:30"], "total_order": 1, "hotel_value": ["4.6"], "hotel_price": ["202"]}, "12184321": {"hotel_name": "\u4e09\u4e9a\u7d2b\u6930\u6797\u6d77\u5cb8\u4e3b\u9898\u9152\u5e97", "order_time": ["2019-01-22 08:16:31"], "total_order": 1, "hotel_value": ["4.5"], "hotel_price": ["103"]}, "917373": {"hotel_name": "\u4e09\u4e9a\u8273\u9633\u5929\u5ba2\u6808(\u539f\u6f9c\u60a6\u9633\u5149\u6d77\u666f\u5ba2\u6808)", "order_time": ["2019-01-22 08:16:46"], "total_order": 1, "hotel_value": ["4.6"], "hotel_price": ["83"]}, "3197195": {"hotel_name": "\u54ea\u91cc\u90a3\u91cc\u6d77\u5cb8\u7cbe\u54c1\u5ba2\u6808(\u4e09\u4e9a\u4e9a\u9f99\u6e7e\u5e97)", "order_time": ["2019-01-22 08:18:31"], "total_order": 1, "hotel_value": ["4.8"], "hotel_price": ["182"]}, "6865019": {"hotel_name": "\u4e09\u4e9a\u57ce\u5e02\u4e03\u661f\u65c5\u79df", "order_time": ["2019-01-22 08:18:39"], "total_order": 1, "hotel_value": ["4.8"], "hotel_price": ["97"]}, "6294985": {"hotel_name": "\u4e09\u4e9a\u660c\u5170\u697c\u5feb\u6377\u9152\u5e97", "order_time": ["2019-01-22 08:18:42"], "total_order": 1, "hotel_value": ["3.8"], "hotel_price": ["103"]}, "1602239": {"hotel_name": "\u4e09\u4e9a\u4e09\u6b65\u6d77\u5ba2\u6808", "order_time": ["2019-01-22 08:20:29"], "total_order": 1, "hotel_value": ["4.8"], "hotel_price": ["161"]}, "370834": {"hotel_name": "\u4e09\u4e9a\u7389\u534e\u82d1\u6d77\u666f\u9152\u5e97", "order_time": ["2019-01-22 08:20:29"], "total_order": 1, "hotel_value": ["4.6"], "hotel_price": ["468"]}, "6504352": {"hotel_name": "\u4e09\u4e9a\u6e7e\u541b\u6f9c\u6e7e\u7554\u96c5\u5c45\u5ea6\u5047\u9152\u5e97", "order_time": ["2019-01-22 08:20:29"], "total_order": 1, "hotel_value": ["4.7"], "hotel_price": ["566"]}, "5924640": {"hotel_name": "\u4e09\u4e9a\u503e\u5fc3\u6d77\u666f\u5ea6\u5047\u9152\u5e97\u5f0f\u516c\u5bd3", "order_time": ["2019-01-22 08:20:29"], "total_order": 1, "hotel_value": ["4.7"], "hotel_price": ["209"]}, "15160074": {"hotel_name": "\u4e09\u4e9a\u4fdd\u5229\u8bfa\u96c5\u5ea6\u5047\u516c\u5bd3", "order_time": ["2019-01-22 08:20:29"], "total_order": 1, "hotel_value": ["4.7"], "hotel_price": ["697"]}, "3732039": {"hotel_name": "\u4e09\u4e9a\u6d77\u68e0\u6e7e\u6bd4\u90bbnear\u6930\u6797\u7f8e\u5bbf(\u539f\u6bd4\u90bb\u6cf3\u6c60\u5ea6\u5047\u7cbe\u54c1\u5ba2\u6808)", "order_time": ["2019-01-22 08:20:29"], "total_order": 1, "hotel_value": ["4.5"], "hotel_price": ["309"]}, "481441": {"hotel_name": "\u4e09\u4e9a\u6e7e\u667a\u9009\u5047\u65e5\u9152\u5e97", "order_time": ["2019-01-22 08:20:29"], "total_order": 1, "hotel_value": ["4.4"], "hotel_price": ["268"]}, "1061478": {"hotel_name": "\u4e45\u6816\u00b7\u4e09\u4e9aiHome\u6d77\u666f\u5ea6\u5047\u516c\u5bd3", "order_time": ["2019-01-22 08:20:29"], "total_order": 1, "hotel_value": ["4.7"], "hotel_price": ["346"]}, "22416215": {"hotel_name": "\u4e09\u4e9a\u74e6\u683c\u7eb3\u6d77\u666f\u5ea6\u5047\u9152\u5e97", "order_time": ["2019-01-22 08:20:29"], "total_order": 1, "hotel_value": ["4.8"], "hotel_price": ["175"]}, "2686334": {"hotel_name": "\u7231\u820d\u6d77\u666f\u5ea6\u5047\u516c\u5bd3(\u4e09\u4e9a\u6d77\u6708\u5e7f\u573a\u6930\u68a6\u957f\u5eca\u5e97)", "order_time": ["2019-01-22 08:20:29"], "total_order": 1, "hotel_value": ["4.8"], "hotel_price": ["307"]}, "425743": {"hotel_name": "\u4e09\u4e9a\u679c\u559c\u5927\u9152\u5e97", "order_time": ["2019-01-22 08:20:29"], "total_order": 1, "hotel_value": ["4.6"], "hotel_price": ["323"]}, "4694643": {"hotel_name": "\u4e09\u4e9a\u4e9a\u9f99\u6e7e\u559c\u820d\u6cf3\u6c60\u522b\u5885\u5ea6\u5047\u516c\u5bd3(\u539f\u559c\u820d\u4eca\u559c\u6765\u7cbe\u54c1\u5ea6\u5047\u9152\u5e97)", "order_time": ["2019-01-22 08:20:29"], "total_order": 1, "hotel_value": ["4.7"], "hotel_price": ["294"]}, "12104544": {"hotel_name": "\u60a6\u746d\u00b7\u4e09\u4e9a\u6d77\u7cbe\u9009\u9152\u5e97", "order_time": ["2019-01-22 08:20:30"], "total_order": 1, "hotel_value": ["4.8"], "hotel_price": ["270"]}, "24847433": {"hotel_name": "\u4e09\u4e9a\u745e\u5c14\u66fc\u6d77\u666f\u5ea6\u5047\u516c\u5bd3", "order_time": ["2019-01-22 08:20:30"], "total_order": 1, "hotel_value": ["4.8"], "hotel_price": ["151"]}, "660317": {"hotel_name": "\u4e09\u4e9a\u4eac\u6da6\u73cd\u73e0\u4e3b\u9898\u9152\u5e97", "order_time": ["2019-01-22 08:20:30"], "total_order": 1, "hotel_value": ["4.5"], "hotel_price": ["230"]}, "845218": {"hotel_name": "\u6d77\u5357\u7eff\u57ce\u84dd\u6e7e\u5ea6\u5047\u9152\u5e97", "order_time": ["2019-01-22 08:20:30"], "total_order": 1, "hotel_value": ["4.7"], "hotel_price": ["900"]}, "1723380": {"hotel_name": "\u4e09\u4e9a\u65f6\u5149\u4ed3\u6000\u65e7\u827a\u672f\u5ba2\u6808", "order_time": ["2019-01-22 08:20:30"], "total_order": 1, "hotel_value": ["4.6"], "hotel_price": ["266"]}, "2883738": {"hotel_name": "\u4e09\u4e9a\u9082\u9005\u65f6\u5149\u827a\u672f\u5ba2\u6808", "order_time": ["2019-01-22 08:20:30"], "total_order": 1, "hotel_value": ["4.6"], "hotel_price": ["186"]}, "21696606": {"hotel_name": "\u989c\u820d\u6d77\u666f\u522b\u5885\u9152\u5e97(\u4e09\u4e9a\u5927\u4e1c\u6d77\u5e97)", "order_time": ["2019-01-22 08:20:30"], "total_order": 1, "hotel_value": ["4.8"], "hotel_price": ["180"]}, "670132": {"hotel_name": "\u5929\u827a\u56fd\u9645\u9152\u5e97(\u4e09\u4e9a\u5927\u4e1c\u6d77\u5e97)(\u539f\u4e16\u7eaa\u8c6a\u5ead\u9152\u5e97)", "order_time": ["2019-01-22 08:20:30"], "total_order": 1, "hotel_value": ["4.4"], "hotel_price": ["288"]}, "6476957": {"hotel_name": "\u4e09\u4e9a\u5174\u5b89\u957f\u5cf0\u5927\u9152\u5e97", "order_time": ["2019-01-22 08:22:27"], "total_order": 1, "hotel_value": ["4.5"], "hotel_price": ["298"]}, "434509": {"hotel_name": "\u4e09\u4e9a\u9526\u6c5f\u5b9d\u5b8f\u5927\u9152\u5e97\u526f\u697c", "order_time": ["2019-01-22 08:22:32"], "total_order": 1, "hotel_value": ["4.5"], "hotel_price": ["318"]}, "2994167": {"hotel_name": "\u4e09\u4e9a\u84dd\u9759\u513f\u9752\u5e74\u65c5\u820d", "order_time": ["2019-01-22 08:22:42"], "total_order": 1, "hotel_value": ["4.1"], "hotel_price": ["28"]}, "6809050": {"hotel_name": "\u4e09\u4e9a\u5170\u6d77\u5ea6\u5047\u9152\u5e97\u516c\u5bd3\u84dd\u8272\u6d77\u5cb8\u5e97", "order_time": ["2019-01-22 08:22:42"], "total_order": 1, "hotel_value": ["4.7"], "hotel_price": ["193"]}, "1486685": {"hotel_name": "\u4e09\u4e9a\u51e4\u51f0\u5c9b\u5ea6\u5047\u9152\u5e97", "order_time": ["2019-01-22 08:24:28"], "total_order": 1, "hotel_value": ["4.7"], "hotel_price": ["1058"]}, "1356753": {"hotel_name": "7\u5929\u8fde\u9501\u9152\u5e97(\u4e09\u4e9a\u6b65\u884c\u8857\u7f8e\u98df\u5e7f\u573a\u5e97)", "order_time": ["2019-01-22 08:24:29"], "total_order": 1, "hotel_value": ["4.5"], "hotel_price": ["99"]}, "6485192": {"hotel_name": "\u4e09\u4e9a\u5927\u4e1c\u6d77\u7cbe\u54c1\u6d77\u666f\u5ea6\u5047\u516c\u5bd3", "order_time": ["2019-01-22 08:24:31"], "total_order": 1, "hotel_value": ["4.6"], "hotel_price": ["146"]}, "1409912": {"hotel_name": "\u4e09\u4e9a3W\u6d77\u666f\u9152\u5e97", "order_time": ["2019-01-22 08:24:34"], "total_order": 1, "hotel_value": ["4.7"], "hotel_price": ["121"]}, "5634155": {"hotel_name": "\u4e09\u4e9a\u6e7e\u7ea2\u6811\u6797\u5ea6\u5047\u4e16\u754c(\u68d5\u6988\u738b\u56fd\u4eb2\u5b50\u4e3b\u9898\u5e97)", "order_time": ["2019-01-22 08:24:35"], "total_order": 1, "hotel_value": ["4.7"], "hotel_price": ["1176"]}, "14996879": {"hotel_name": "\u4e09\u4e9a\u6d77\u68e0\u6e7e\u4ec1\u6052\u7687\u51a0\u5047\u65e5\u5ea6\u5047\u9152\u5e97", "order_time": ["2019-01-22 08:24:58"], "total_order": 1, "hotel_value": ["4.8"], "hotel_price": ["1680"]}, "4845384": {"hotel_name": "\u4e09\u4e9a\u84dd\u5cb8\u6d77\u8fb9\u4e3b\u9898\u9152\u5e97", "order_time": ["2019-01-22 08:24:58"], "total_order": 1, "hotel_value": ["4.7"], "hotel_price": ["136"]}, "1066794": {"hotel_name": "\u4e09\u4e9a\u6d77\u65f6\u95f4\u5ba2\u6808", "order_time": ["2019-01-22 08:26:40"], "total_order": 1, "hotel_value": ["4.8"], "hotel_price": ["164"]}, "12049649": {"hotel_name": "\u4e09\u4e9a\u9010\u68a6\u6808\u9752\u5e74\u65c5\u820d", "order_time": ["2019-01-22 08:26:53"], "total_order": 1, "hotel_value": ["4.6"], "hotel_price": ["38"]}, "8616662": {"hotel_name": "\u4e09\u4e9a\u62fe\u5149\u96c6\u827a\u672f\u4e3b\u9898\u9152\u5e97(\u539f\u4e09\u4e9a\u62fe\u5149\u96c6\u7cbe\u54c1\u6c11\u5bbf)", "order_time": ["2019-01-22 08:26:58"], "total_order": 1, "hotel_value": ["4.8"], "hotel_price": ["208"]}, "11188504": {"hotel_name": "\u4e09\u4e9a\u6d77\u68e0\u6e7e\u7559\u4e0b\u5c0f\u7b51\u4e3b\u9898\u6c11\u5bbf", "order_time": ["2019-01-22 08:28:27"], "total_order": 1, "hotel_value": ["4.8"], "hotel_price": ["142"]}, "370837": {"hotel_name": "\u4e09\u4e9a\u78a7\u6d77\u91d1\u6c99\u9152\u5e97", "order_time": ["2019-01-22 08:28:28"], "total_order": 1, "hotel_value": ["4.6"], "hotel_price": ["280"]}, "8051287": {"hotel_name": "\u4e09\u4e9a\u6f9c\u6d77\u6d77\u666f\u5ea6\u5047\u516c\u5bd3(\u539f\u4e09\u4e9a\u7f18\u6d77\u666f\u4e3b\u9898\u9152\u5e97)", "order_time": ["2019-01-22 08:28:30"], "total_order": 1, "hotel_value": ["4.9"], "hotel_price": ["221"]}, "1537529": {"hotel_name": "\u4e09\u4e9a\u4f60\u597d\u00b7\u65e7\u65f6\u5149\u65c5\u884c\u5ba2\u6808", "order_time": ["2019-01-22 08:28:35"], "total_order": 1, "hotel_value": ["4.6"], "hotel_price": ["164"]}, "842890": {"hotel_name": "\u4e09\u4e9a\u52c3\u7fd4\u6d77\u666f\u9152\u5e97(\u539f\u4e00\u8def\u5411\u5357\u65c5\u884c\u5ba2\u6808)", "order_time": ["2019-01-22 08:30:30"], "total_order": 1, "hotel_value": ["4.5"], "hotel_price": ["97"]}, "25219265": {"hotel_name": "\u4e09\u4e9a\u7f18\u6765\u58f9\u5bb6\u5ba2\u6808", "order_time": ["2019-01-22 08:30:32"], "total_order": 1, "hotel_value": ["4.8"], "hotel_price": ["164"]}, "25804375": {"hotel_name": "\u4e09\u4e9a\u6e90\u5bbf\u5c0f\u9662", "order_time": ["2019-01-22 08:30:33"], "total_order": 1, "hotel_value": ["4.9"], "hotel_price": ["193"]}, "1874773": {"hotel_name": "\u4e09\u4e9a\u6d77\u68e0\u6e7e\u798f\u6e7e\u5ea6\u5047\u516c\u5bd3(\u539f\u6d77\u68e0\u798f\u6e7e\u9ad8\u7ea7\u6d77\u666f\u516c\u5bd3)", "order_time": ["2019-01-22 08:30:34"], "total_order": 1, "hotel_value": ["4.8"], "hotel_price": ["467"]}}}