{"\u5f00\u59cb\u8bb0\u5f55\u65f6\u95f4": "2019-01-26 08:38:14", "\u7ed3\u675f\u8bb0\u5f55\u65f6\u95f4": "2019-01-26 09:38:14", "\u8ba2\u5355\u603b\u589e\u91cf": 157, "item": {"346735": {"hotel_name": "\u4e09\u4e9a\u5357\u7530\u6e29\u6cc9\u597d\u6c49\u5761\u56fd\u9645\u5ea6\u5047\u9152\u5e97", "order_time": ["2019-01-26 08:40:38"], "total_order": 1, "hotel_value": ["4.3"], "hotel_price": ["342"]}, "6460482": {"hotel_name": "\u4e09\u4e9a\u4e9a\u9f99\u6e7e\u751f\u547d\u6cc9\u7cbe\u54c1\u5ea6\u5047\u9152\u5e97", "order_time": ["2019-01-26 08:46:35", "2019-01-26 08:40:39"], "total_order": 2, "hotel_value": ["4.7", "4.7"], "hotel_price": ["400", "430"]}, "345074": {"hotel_name": "\u4e09\u4e9a\u4e9a\u9f99\u6e7e\u745e\u5409\u5ea6\u5047\u9152\u5e97", "order_time": ["2019-01-26 08:58:33", "2019-01-26 08:40:39"], "total_order": 2, "hotel_value": ["4.7", "4.7"], "hotel_price": ["1499", "1499"]}, "707593": {"hotel_name": "\u4e09\u4e9a\u51e4\u51f0\u5c9b\u6d77\u6d0b\u4e4b\u661f\u5ea6\u5047\u9152\u5e97", "order_time": ["2019-01-26 08:52:39", "2019-01-26 08:40:39"], "total_order": 2, "hotel_value": ["4.7", "4.7"], "hotel_price": ["652", "652"]}, "345069": {"hotel_name": "\u4e09\u4e9a\u6d77\u68e0\u6e7e\u4e07\u8fbe\u5e0c\u5c14\u987f\u9038\u6797\u5ea6\u5047\u9152\u5e97", "order_time": ["2019-01-26 08:40:39"], "total_order": 1, "hotel_value": ["4.5"], "hotel_price": ["680"]}, "1645771": {"hotel_name": "\u4e09\u4e9a\u68c0\u987a\u5546\u52a1\u9152\u5e97(\u539f\u805a\u946b\u56ed\u5546\u52a1\u9152\u5e97)", "order_time": ["2019-01-26 08:40:40"], "total_order": 1, "hotel_value": ["4.1"], "hotel_price": ["168"]}, "6020310": {"hotel_name": "\u4e09\u4e9a\u6606\u6cf0\u9152\u5e97", "order_time": ["2019-01-26 08:40:45"], "total_order": 1, "hotel_value": ["4.8"], "hotel_price": ["341"]}, "346754": {"hotel_name": "\u4e09\u4e9a\u534a\u5c71\u534a\u5c9b\u6d32\u9645\u5ea6\u5047\u9152\u5e97", "order_time": ["2019-01-26 08:42:39"], "total_order": 1, "hotel_value": ["4.6"], "hotel_price": ["899"]}, "3362163": {"hotel_name": "\u4e09\u4e9a\u54c8\u66fc\u5ea6\u5047\u9152\u5e97", "order_time": ["2019-01-26 08:42:44"], "total_order": 1, "hotel_value": ["4.7"], "hotel_price": ["758"]}, "470577": {"hotel_name": "\u4e09\u4e9a\u5357\u5c71\u4f11\u95f2\u4f1a\u9986\u7985\u4fee\u4e3b\u9898", "order_time": ["2019-01-26 08:42:45"], "total_order": 1, "hotel_value": ["4.5"], "hotel_price": ["566"]}, "8836577": {"hotel_name": "\u4e09\u4e9a\u51e4\u51f0\u5bb6\u5ead\u65c5\u79df", "order_time": ["2019-01-26 08:42:46"], "total_order": 1, "hotel_value": ["4.3"], "hotel_price": ["100"]}, "6294985": {"hotel_name": "\u4e09\u4e9a\u660c\u5170\u697c\u5feb\u6377\u9152\u5e97", "order_time": ["2019-01-26 08:42:47"], "total_order": 1, "hotel_value": ["4.4"], "hotel_price": ["103"]}, "1470056": {"hotel_name": "Q\u52a0\u00b7\u4e09\u4e9a\u8fd9\u7247\u6d77\u5ea6\u5047\u6d77\u666f\u5ba2\u6808", "order_time": ["2019-01-26 08:42:47"], "total_order": 1, "hotel_value": ["4.6"], "hotel_price": ["177"]}, "370834": {"hotel_name": "\u4e09\u4e9a\u7389\u534e\u82d1\u6d77\u666f\u9152\u5e97", "order_time": ["2019-01-26 08:42:53"], "total_order": 1, "hotel_value": ["4.6"], "hotel_price": ["323"]}, "1980387": {"hotel_name": "\u9e97\u67ab\u9152\u5e97(\u4e09\u4e9a\u6b65\u884c\u8857\u5e97)", "order_time": ["2019-01-26 08:42:53"], "total_order": 1, "hotel_value": ["4.8"], "hotel_price": ["432"]}, "440033": {"hotel_name": "Q\u52a0\u00b7\u4e09\u4e9a\u7f8e\u6021\u6d77\u5cb8\u5ba2\u6808", "order_time": ["2019-01-26 08:44:33"], "total_order": 1, "hotel_value": ["4.7"], "hotel_price": ["123"]}, "347462": {"hotel_name": "\u4e09\u4e9a\u6d77\u68e0\u6e7e9\u53f7\u5ea6\u5047\u9152\u5e97", "order_time": ["2019-01-26 08:44:35"], "total_order": 1, "hotel_value": ["4.7"], "hotel_price": ["768"]}, "10900048": {"hotel_name": "\u4e09\u4e9a\u521d\u96e8\u7cbe\u54c1\u5ba2\u6808", "order_time": ["2019-01-26 08:44:37"], "total_order": 1, "hotel_value": ["4.8"], "hotel_price": ["90"]}, "1356753": {"hotel_name": "7\u5929\u8fde\u9501\u9152\u5e97(\u4e09\u4e9a\u6b65\u884c\u8857\u7f8e\u98df\u5e7f\u573a\u5e97)", "order_time": ["2019-01-26 08:44:38"], "total_order": 1, "hotel_value": ["4.4"], "hotel_price": ["99"]}, "13328890": {"hotel_name": "\u5982\u5bb6\u7cbe\u9009\u9152\u5e97(\u4e09\u4e9a\u8c6a\u5a01\u9e92\u9e9f\u5e97)", "order_time": ["2019-01-26 08:44:39"], "total_order": 1, "hotel_value": ["4.6"], "hotel_price": ["279"]}, "15226809": {"hotel_name": "\u4e09\u4e9a\u9999\u6c34\u6e7e\u4e66\u9999\u6d77\u666f\u522b\u5885\u9152\u5e97", "order_time": ["2019-01-26 08:44:52"], "total_order": 1, "hotel_value": ["4.8"], "hotel_price": ["478"]}, "346760": {"hotel_name": "\u4e09\u4e9a\u4e9a\u9f99\u6e7e\u8f9b\u7279\u62c9\u8d4f\u693f\u5957\u623f\u5ea6\u5047\u9152\u5e97", "order_time": ["2019-01-26 08:46:35"], "total_order": 1, "hotel_value": ["4.3"], "hotel_price": ["453"]}, "346693": {"hotel_name": "\u4e09\u4e9a\u4e9a\u9f99\u6e7e\u534e\u5b87\u5ea6\u5047\u9152\u5e97", "order_time": ["2019-01-26 08:46:42"], "total_order": 1, "hotel_value": ["4.6"], "hotel_price": ["809"]}, "12874170": {"hotel_name": "\u4e09\u4e9a\u503e\u57ce\u6735\u7f8e\u9152\u5e97", "order_time": ["2019-01-26 08:46:51"], "total_order": 1, "hotel_value": ["4.2"], "hotel_price": ["212"]}, "15330406": {"hotel_name": "7\u5929\u9152\u5e97(\u4e09\u4e9a\u4e9a\u9f99\u6e7e\u666f\u533a\u5e97)", "order_time": ["2019-01-26 08:48:34"], "total_order": 1, "hotel_value": ["4.5"], "hotel_price": ["144"]}, "6708909": {"hotel_name": "\u4e09\u4e9a\u6d77\u68e0\u6e7e\u798f\u6d77\u68e0\u6d77\u666f\u5957\u623f\u5ea6\u5047\u9152\u5e97", "order_time": ["2019-01-26 08:48:35"], "total_order": 1, "hotel_value": ["4.7"], "hotel_price": ["428"]}, "372133": {"hotel_name": "\u4e09\u4e9a\u73e0\u6c5f\u82b1\u56ed\u9152\u5e97", "order_time": ["2019-01-26 08:48:36", "2019-01-26 08:52:36"], "total_order": 2, "hotel_value": ["4.4", "4.4"], "hotel_price": ["393", "393"]}, "1772127": {"hotel_name": "\u4e09\u4e9a\u6e7e\u7ea2\u6811\u6797\u5ea6\u5047\u4e16\u754c(\u7687\u540e\u68d5\u9152\u5e97)", "order_time": ["2019-01-26 08:48:36"], "total_order": 1, "hotel_value": ["4.7"], "hotel_price": ["656"]}, "4388404": {"hotel_name": "\u4e09\u4e9a\u7f8e\u4e3d\u4e4b\u51a0\u5927\u6811\u9152\u5e97", "order_time": ["2019-01-26 08:48:37"], "total_order": 1, "hotel_value": ["4.3"], "hotel_price": ["240"]}, "345084": {"hotel_name": "\u4e09\u4e9a\u9526\u6c5f\u5b9d\u5b8f\u5927\u9152\u5e97\u4e3b\u697c", "order_time": ["2019-01-26 08:48:37"], "total_order": 1, "hotel_value": ["4.6"], "hotel_price": ["366"]}, "1486685": {"hotel_name": "\u4e09\u4e9a\u51e4\u51f0\u5c9b\u5ea6\u5047\u9152\u5e97", "order_time": ["2019-01-26 08:48:39"], "total_order": 1, "hotel_value": ["4.7"], "hotel_price": ["988"]}, "3423490": {"hotel_name": "\u4e09\u4e9a\u4e3d\u79be\u534e\u7f8e\u8fbe\u5e7f\u573a\u9152\u5e97", "order_time": ["2019-01-26 08:48:40"], "total_order": 1, "hotel_value": ["4.7"], "hotel_price": ["649"]}, "6485827": {"hotel_name": "\u4e09\u4e9a\u6d77\u5e95\u4e16\u754c\u6d77\u666f\u5ba2\u6808\u5929\u6daf\u6d77\u89d2\u5e97", "order_time": ["2019-01-26 09:06:39", "2019-01-26 08:48:42"], "total_order": 2, "hotel_value": ["4.4", "4.4"], "hotel_price": ["164", "164"]}, "12199685": {"hotel_name": "\u4e09\u4e9a\u54c8\u6c0f\u6c11\u5bbf\u65c5\u79df\u4e3b\u9898\u5ba2\u6808", "order_time": ["2019-01-26 08:50:35"], "total_order": 1, "hotel_value": ["4.9"], "hotel_price": ["111"]}, "1648269": {"hotel_name": "\u4e09\u4e9a\u5fc6\u4e61\u4eba\u5c71\u5885\u5ba2\u6808", "order_time": ["2019-01-26 08:50:36"], "total_order": 1, "hotel_value": ["4.6"], "hotel_price": ["192"]}, "900548": {"hotel_name": "\u57ce\u5e02\u4fbf\u6377\u9152\u5e97(\u4e09\u4e9a\u6e7e\u6b65\u884c\u8857\u5e97)", "order_time": ["2019-01-26 08:50:42"], "total_order": 1, "hotel_value": ["4.4"], "hotel_price": ["175"]}, "6450523": {"hotel_name": "\u4e09\u4e9a\u5c71\u6d77\u5929\u5927\u9152\u5e97\u00b7\u50b2\u9014\u683c\u7cbe\u9009", "order_time": ["2019-01-26 08:50:44"], "total_order": 1, "hotel_value": ["4.7"], "hotel_price": ["1178"]}, "430163": {"hotel_name": "\u4e09\u4e9a\u4e9a\u9f99\u6e7e\u94c2\u5c14\u66fc\u522b\u5885\u5ea6\u5047\u9152\u5e97", "order_time": ["2019-01-26 08:50:44"], "total_order": 1, "hotel_value": ["4.6"], "hotel_price": ["899"]}, "6446036": {"hotel_name": "\u4e09\u4e9a\u51e4\u51f0\u673a\u573a\u9152\u5e97", "order_time": ["2019-01-26 08:50:44"], "total_order": 1, "hotel_value": ["4.6"], "hotel_price": ["406"]}, "6867681": {"hotel_name": "\u4e09\u4e9a\u590f\u672b\u82b1\u5f00\u5c71\u95f4\u5c0f\u7b51", "order_time": ["2019-01-26 08:52:34"], "total_order": 1, "hotel_value": ["4.8"], "hotel_price": ["229"]}, "440975": {"hotel_name": "\u4e09\u4e9a\u4e1c\u65b9\u6d77\u666f\u5927\u9152\u5e97", "order_time": ["2019-01-26 08:52:36"], "total_order": 1, "hotel_value": ["4.3"], "hotel_price": ["266"]}, "1361281": {"hotel_name": "\u4e09\u4e9a\u6e7e\u7ea2\u6811\u6797\u5ea6\u5047\u4e16\u754c(\u6930\u6797\u9152\u5e97)", "order_time": ["2019-01-26 08:52:36"], "total_order": 1, "hotel_value": ["4.7"], "hotel_price": ["606"]}, "346676": {"hotel_name": "\u4e09\u4e9a\u56fd\u5149\u8c6a\u751f\u5ea6\u5047\u9152\u5e97", "order_time": ["2019-01-26 08:52:38"], "total_order": 1, "hotel_value": ["4.6"], "hotel_price": ["749"]}, "14003763": {"hotel_name": "\u4e09\u4e9a\u5fc3\u4e00\u5883\u7985\u610f\u5927\u9152\u5e97", "order_time": ["2019-01-26 08:52:40"], "total_order": 1, "hotel_value": ["4.8"], "hotel_price": ["398"]}, "346764": {"hotel_name": "\u4e09\u4e9a\u541b\u6f9c\u00b7\u9e7f\u56de\u5934\u56fd\u5bbe\u9986(\u539f\u9e7f\u56de\u5934\u56fd\u5bbe\u9986)", "order_time": ["2019-01-26 08:54:44"], "total_order": 1, "hotel_value": ["4.8"], "hotel_price": ["696"]}, "2021336": {"hotel_name": "\u4e09\u4e9a\u82f1\u8fea\u65af\u5ea6\u5047\u65c5\u79df", "order_time": ["2019-01-26 08:54:46"], "total_order": 1, "hotel_value": ["4.5"], "hotel_price": ["133"]}, "19107609": {"hotel_name": "\u4e09\u4e9a\u8054\u6295\u541b\u4ead\u9152\u5e97", "order_time": ["2019-01-26 08:56:31"], "total_order": 1, "hotel_value": ["4.6"], "hotel_price": ["588"]}, "2650221": {"hotel_name": "\u4e09\u4e9a\u7c73\u6735\u4e3b\u9898\u6d77\u666f\u516c\u5bd3", "order_time": ["2019-01-26 08:56:32"], "total_order": 1, "hotel_value": ["4.7"], "hotel_price": ["273"]}, "845218": {"hotel_name": "\u6d77\u5357\u7eff\u57ce\u84dd\u6e7e\u5ea6\u5047\u9152\u5e97", "order_time": ["2019-01-26 08:56:32"], "total_order": 1, "hotel_value": ["4.7"], "hotel_price": ["620"]}, "896368": {"hotel_name": "\u4e09\u4e9a\u90a3\u8fb9\u6d77\u6d77\u666f\u5ea6\u5047\u516c\u5bd3", "order_time": ["2019-01-26 08:56:32"], "total_order": 1, "hotel_value": ["4.8"], "hotel_price": ["314"]}, "6327433": {"hotel_name": "\u4e09\u4e9a\u9999\u6c34\u6e7e\u8363\u9038\u6e29\u60c5\u9152\u5e97", "order_time": ["2019-01-26 08:56:32"], "total_order": 1, "hotel_value": ["4.7"], "hotel_price": ["373"]}, "1252444": {"hotel_name": "\u4e09\u4e9a\u6930\u6d77\u65f6\u5149\u6d77\u666f\u5ea6\u5047\u516c\u5bd3", "order_time": ["2019-01-26 08:56:32"], "total_order": 1, "hotel_value": ["4.9"], "hotel_price": ["453"]}, "879235": {"hotel_name": "Q\u52a0\u00b7\u4e09\u4e9a\u591a\u4e50\u5c45\u5bb6\u5ead\u6d77\u666f\u516c\u5bd3", "order_time": ["2019-01-26 08:56:32"], "total_order": 1, "hotel_value": ["4.7"], "hotel_price": ["206"]}, "426964": {"hotel_name": "\u4e09\u4e9a\u5eb7\u7279\u738b\u5e9c\u4f1a\u8bae\u5ea6\u5047\u9152\u5e97", "order_time": ["2019-01-26 08:56:32"], "total_order": 1, "hotel_value": ["4.6"], "hotel_price": ["283"]}, "24609830": {"hotel_name": "\u4e09\u4e9a\u6d77\u68e0\u6e7e\u5c0f\u68e0\u522b\u9662\u827a\u672f\u6c11\u5bbf", "order_time": ["2019-01-26 08:56:32"], "total_order": 1, "hotel_value": ["4.8"], "hotel_price": ["391"]}, "6476957": {"hotel_name": "\u4e09\u4e9a\u5174\u5b89\u957f\u5cf0\u5927\u9152\u5e97", "order_time": ["2019-01-26 08:56:32"], "total_order": 1, "hotel_value": ["4.5"], "hotel_price": ["298"]}, "6541448": {"hotel_name": "\u4e09\u4e9a\u745e\u6cf0\u660e\u73e0\u9152\u5e97(\u51e4\u51f0\u673a\u573a\u5e97)", "order_time": ["2019-01-26 08:56:32"], "total_order": 1, "hotel_value": ["4.6"], "hotel_price": ["174"]}, "346775": {"hotel_name": "\u4e09\u4e9a\u4e9a\u9f99\u6e7e\u73af\u7403\u57ce\u5927\u9152\u5e97", "order_time": ["2019-01-26 08:56:32"], "total_order": 1, "hotel_value": ["4.2"], "hotel_price": ["450"]}, "643764": {"hotel_name": "\u6d77\u5357\u96c5\u5c45\u4e50\u65c5\u5bb6\u5ea6\u5047\u9152\u5e97", "order_time": ["2019-01-26 08:56:32"], "total_order": 1, "hotel_value": ["4.2"], "hotel_price": ["262"]}, "10520963": {"hotel_name": "\u4e09\u4e9a\u91d1\u838e\u73fa\u5510\u9152\u5e97", "order_time": ["2019-01-26 08:56:32", "2019-01-26 08:58:35"], "total_order": 2, "hotel_value": ["4.7", "4.7"], "hotel_price": ["428", "428"]}, "3484394": {"hotel_name": "\u4e09\u4e9a\u4e9a\u9f99\u6e7e\u745e\u5409\u6d77\u666f\u522b\u5885\u9152\u5e97", "order_time": ["2019-01-26 08:56:32"], "total_order": 1, "hotel_value": ["4.8"], "hotel_price": ["4256"]}, "23930040": {"hotel_name": "\u90b8\u8bfa\u5171\u4eab\u522b\u5885\u516c\u5bd3(\u4e09\u4e9a\u6e7e\u5e97)", "order_time": ["2019-01-26 08:56:32"], "total_order": 1, "hotel_value": ["4.8"], "hotel_price": ["348"]}, "14999032": {"hotel_name": "\u4e09\u4e9a\u4e9a\u9f99\u6e7e\u6d6e\u751f\u82e5\u5bbf\u8bbe\u8ba1\u6c11\u5bbf", "order_time": ["2019-01-26 08:56:32"], "total_order": 1, "hotel_value": ["4.9"], "hotel_price": ["478"]}, "2785534": {"hotel_name": "\u4e09\u4e9a\u6e38\u4e50\u7f8e\u6d77\u666f\u5ea6\u5047\u516c\u5bd3", "order_time": ["2019-01-26 08:56:32"], "total_order": 1, "hotel_value": ["4.8"], "hotel_price": ["198"]}, "438193": {"hotel_name": "\u6d77\u5357\u798f\u6e7e\u6885\u8bfa\u5361\u5ea6\u5047\u9152\u5e97", "order_time": ["2019-01-26 08:56:32"], "total_order": 1, "hotel_value": ["4.4"], "hotel_price": ["317"]}, "436673": {"hotel_name": "\u4e09\u4e9a\u9e7f\u5cad\u6d77\u6e7e\u7ef4\u666f\u56fd\u9645\u5927\u9152\u5e97(\u539f\u4e09\u4e9a\u6d77\u6e7e\u7ef4\u666f\u56fd\u9645\u5927\u9152\u5e97)", "order_time": ["2019-01-26 08:56:33"], "total_order": 1, "hotel_value": ["4.6"], "hotel_price": ["399"]}, "1994723": {"hotel_name": "\u4e09\u4e9a\u51e4\u51f0\u5c9b\u661f\u5bb8\u6d77\u666f\u5ea6\u5047\u9152\u5e97", "order_time": ["2019-01-26 08:56:33", "2019-01-26 09:10:40"], "total_order": 2, "hotel_value": ["4.2", "4.2"], "hotel_price": ["592", "592"]}, "3197195": {"hotel_name": "\u54ea\u91cc\u90a3\u91cc\u6d77\u5cb8\u7cbe\u54c1\u5ba2\u6808(\u4e09\u4e9a\u4e9a\u9f99\u6e7e\u5e97)", "order_time": ["2019-01-26 08:56:37"], "total_order": 1, "hotel_value": ["4.8"], "hotel_price": ["210"]}, "986446": {"hotel_name": "\u4e09\u4e9a\u4e9a\u9f99\u6e7e\u5c71\u6e56\u6d77\u522b\u5885\u5ea6\u5047\u9152\u5e97", "order_time": ["2019-01-26 08:56:38"], "total_order": 1, "hotel_value": ["4.1"], "hotel_price": ["373"]}, "1019767": {"hotel_name": "\u6d77\u820d\u79c1\u4eba\u8ba2\u5236\u9152\u5e97(\u4e09\u4e9a\u8708\u652f\u6d32\u5c9b\u5e97)", "order_time": ["2019-01-26 08:56:39"], "total_order": 1, "hotel_value": ["4.5"], "hotel_price": ["331"]}, "4090289": {"hotel_name": "\u4e09\u4e9a\u98ce\u8046\u6d77\u827a\u672f\u5ba2\u6808", "order_time": ["2019-01-26 08:56:39"], "total_order": 1, "hotel_value": ["4.8"], "hotel_price": ["118"]}, "15306617": {"hotel_name": "\u6d77\u8fb9\u6545\u4e8b\u5ba2\u6808(\u4e09\u4e9a\u8708\u652f\u6d32\u5c9b\u5e97\uff09", "order_time": ["2019-01-26 08:56:42"], "total_order": 1, "hotel_value": ["4.7"], "hotel_price": ["126"]}, "917379": {"hotel_name": "\u4e09\u4e9a\u85b0\u8863\u8349\u6d77\u8fb9\u7cbe\u54c1\u5ba2\u6808", "order_time": ["2019-01-26 08:58:37", "2019-01-26 09:02:32"], "total_order": 2, "hotel_value": ["4.4", "4.4"], "hotel_price": ["240", "240"]}, "6167318": {"hotel_name": "\u4e09\u4e9a\u5eb7\u7279\u738b\u5e9c\u5546\u52a1\u9152\u5e97", "order_time": ["2019-01-26 09:00:33"], "total_order": 1, "hotel_value": ["4.8"], "hotel_price": ["298"]}, "21634169": {"hotel_name": "\u7f18\u7b51\u00b7\u4e09\u4e9a\u6162\u70b9\u5ea6\u5047\u516c\u5bd3(\u64ce\u5929\u534a\u5c9b\u5e97)", "order_time": ["2019-01-26 09:00:37"], "total_order": 1, "hotel_value": ["4.7"], "hotel_price": ["206"]}, "2091425": {"hotel_name": "\u4e09\u4e9a\u7965\u548c\u9152\u5e97", "order_time": ["2019-01-26 09:00:37"], "total_order": 1, "hotel_value": ["4.5"], "hotel_price": ["163"]}, "1580558": {"hotel_name": "\u901f8\u9152\u5e97(\u4e09\u4e9a\u6e7e\u5409\u7965\u8857\u5e97)", "order_time": ["2019-01-26 09:00:38"], "total_order": 1, "hotel_value": ["4.6"], "hotel_price": ["198"]}, "12603715": {"hotel_name": "\u4e09\u4e9a\u6d77\u6ee8\u5ea6\u5047\u9152\u5e97", "order_time": ["2019-01-26 09:00:41", "2019-01-26 09:10:39"], "total_order": 2, "hotel_value": ["4.0", "4.0"], "hotel_price": ["330", "330"]}, "6395268": {"hotel_name": "\u4e09\u4e9a\u60a6\u6d77\u5ea6\u5047\u6d0b\u623f\u522b\u5885", "order_time": ["2019-01-26 09:00:42"], "total_order": 1, "hotel_value": ["4.7"], "hotel_price": ["378"]}, "1306846": {"hotel_name": "\u4e09\u4e9a\u8292\u679c\u6d77\u666f\u9152\u5e97", "order_time": ["2019-01-26 09:04:36"], "total_order": 1, "hotel_value": ["4.7"], "hotel_price": ["244"]}, "1137078": {"hotel_name": "\u6d77\u5357\u6e05\u6c34\u6e7e\u5047\u65e5\u5ea6\u5047\u9152\u5e97", "order_time": ["2019-01-26 09:04:40"], "total_order": 1, "hotel_value": ["4.7"], "hotel_price": ["550"]}, "9216515": {"hotel_name": "\u4e09\u4e9a\u5b89\u5409\u62c9\u5047\u65e5\u9152\u5e97", "order_time": ["2019-01-26 09:04:41"], "total_order": 1, "hotel_value": ["4.6"], "hotel_price": ["543"]}, "1251671": {"hotel_name": "\u9526\u6c5f\u4e4b\u661f(\u4e09\u4e9a\u6cb3\u897f\u8def\u6b65\u884c\u6865\u6cb3\u666f\u5e97)", "order_time": ["2019-01-26 09:04:43", "2019-01-26 09:36:39"], "total_order": 2, "hotel_value": ["4.5", "4.5"], "hotel_price": ["183", "170"]}, "6261136": {"hotel_name": "\u7ef4\u4e5f\u7eb3\u9152\u5e97(\u4e09\u4e9a\u4e9a\u9f99\u6e7e\u5343\u53e4\u60c5\u5e97)", "order_time": ["2019-01-26 09:04:43"], "total_order": 1, "hotel_value": ["4.8"], "hotel_price": ["298"]}, "13990082": {"hotel_name": "\u4e09\u4e9a\u6e7e\u5341\u516b\u6e21\u84dd\u5ea6\u5047\u9152\u5e97", "order_time": ["2019-01-26 09:04:43"], "total_order": 1, "hotel_value": ["4.5"], "hotel_price": ["408"]}, "1651443": {"hotel_name": "\u5c1a\u5ba2\u4f18\u5feb\u6377\u9152\u5e97(\u4e09\u4e9a\u6e7e\u5e97)", "order_time": ["2019-01-26 09:04:46"], "total_order": 1, "hotel_value": ["3.9"], "hotel_price": ["107"]}, "6867012": {"hotel_name": "\u4e09\u4e9a\u5d16\u57ce\u6e56\u6797\u5546\u52a1\u65c5\u79df(\u539f\u6d32\u6d0b\u5546\u52a1\u5bbe\u9986)", "order_time": ["2019-01-26 09:04:46"], "total_order": 1, "hotel_value": ["4.1"], "hotel_price": ["121"]}, "1964967": {"hotel_name": "\u4f73\u6377\u8fde\u9501\u9152\u5e97(\u4e09\u4e9a\u51e4\u51f0\u5c9b\u5e97)", "order_time": ["2019-01-26 09:08:35"], "total_order": 1, "hotel_value": ["4.4"], "hotel_price": ["123"]}, "2157963": {"hotel_name": "\u4e09\u4e9a\u4e07\u79d1\u68ee\u6797\u60a6\u5ea6\u5047\u6751", "order_time": ["2019-01-26 09:10:42"], "total_order": 1, "hotel_value": ["4.4"], "hotel_price": ["546"]}, "370832": {"hotel_name": "\u4e09\u4e9a\u9e7f\u9890\u6d77\u666f\u9152\u5e97(\u539f\u8377\u6cf0\u6d77\u666f\u9152\u5e97)", "order_time": ["2019-01-26 09:10:42"], "total_order": 1, "hotel_value": ["4.6"], "hotel_price": ["448"]}, "17338449": {"hotel_name": "\u4e09\u4e9a\u666f\u660e\u5047\u65e5\u65c5\u79df", "order_time": ["2019-01-26 09:10:45"], "total_order": 1, "hotel_value": ["4.6"], "hotel_price": ["123"]}, "436696": {"hotel_name": "\u4e09\u4e9a\u6930\u84dd\u6e7e\u5ea6\u5047\u9152\u5e97", "order_time": ["2019-01-26 09:10:53", "2019-01-26 09:34:37"], "total_order": 2, "hotel_value": ["4.4", "4.4"], "hotel_price": ["289", "289"]}, "25768287": {"hotel_name": "\u4e09\u4e9a\u5357\u590f\u51ef\u83b1\u60a6\u4eab\u9152\u5e97", "order_time": ["2019-01-26 09:10:53", "2019-01-26 09:28:34"], "total_order": 2, "hotel_value": ["4.8", "4.8"], "hotel_price": ["424", "424"]}, "1419670": {"hotel_name": "\u84dd\u5929\u56fd\u9645\u9752\u5e74\u65c5\u820d(\u4e09\u4e9a\u5927\u4e1c\u6d77\u5e97)", "order_time": ["2019-01-26 09:12:35"], "total_order": 1, "hotel_value": ["4.7"], "hotel_price": ["58"]}, "436690": {"hotel_name": "\u4e09\u4e9a\u8708\u652f\u6d32\u5c9b\u73ca\u745a\u9152\u5e97\u6728\u5c4b", "order_time": ["2019-01-26 09:22:35", "2019-01-26 09:12:35"], "total_order": 2, "hotel_value": ["4.6", "4.6"], "hotel_price": ["1600", "1600"]}, "345093": {"hotel_name": "\u4e09\u4e9a\u9633\u5149\u5927\u9152\u5e97", "order_time": ["2019-01-26 09:12:36"], "total_order": 1, "hotel_value": ["4.6"], "hotel_price": ["406"]}, "1387160": {"hotel_name": "\u4e09\u4e9a\u89c1\u84dd\u542c\u6d77\u5ba2\u6808", "order_time": ["2019-01-26 09:12:43"], "total_order": 1, "hotel_value": ["4.7"], "hotel_price": ["140"]}, "918535": {"hotel_name": "\u4e45\u6816\u00b7\u4e09\u4e9a\u67ab\u4f20\u8bf4\u6d77\u666f\u5ea6\u5047\u516c\u5bd3", "order_time": ["2019-01-26 09:14:34"], "total_order": 1, "hotel_value": ["4.9"], "hotel_price": ["242"]}, "6245445": {"hotel_name": "\u4e09\u4e9a\u8d1d\u65af\u7279\u97e6\u65af\u7279\u7cbe\u54c1\u56fd\u9645\u5ea6\u5047\u9152\u5e97", "order_time": ["2019-01-26 09:14:35"], "total_order": 1, "hotel_value": ["4.7"], "hotel_price": ["468"]}, "3631084": {"hotel_name": "\u4e09\u4e9a\u6e7e\u5e0c\u5c14\u987f\u6b22\u670b\u9152\u5e97", "order_time": ["2019-01-26 09:14:35"], "total_order": 1, "hotel_value": ["4.8"], "hotel_price": ["668"]}, "6042438": {"hotel_name": "\u4e09\u4e9a\u6d77\u4e2b\u6545\u4e8b\u6c11\u4fd7\u6587\u5316\u4e3b\u9898\u5ba2\u6808(\u539f\u6d77\u5357\u6545\u4e8b\u4e3b\u9898\u5ba2\u6808)", "order_time": ["2019-01-26 09:14:37"], "total_order": 1, "hotel_value": ["4.7"], "hotel_price": ["148"]}, "5377297": {"hotel_name": "\u4e09\u4e9a\u534e\u9686\u65c5\u79df", "order_time": ["2019-01-26 09:14:59"], "total_order": 1, "hotel_value": ["3.7"], "hotel_price": ["73"]}, "8577314": {"hotel_name": "\u4e09\u4e9a\u7f8e\u4e3d\u4e4b\u51a0\u5e78\u798f\u6811\u5ea6\u5047\u9152\u5e97", "order_time": ["2019-01-26 09:16:37"], "total_order": 1, "hotel_value": ["4.0"], "hotel_price": ["237"]}, "842890": {"hotel_name": "\u4e09\u4e9a\u52c3\u7fd4\u6d77\u666f\u9152\u5e97(\u539f\u4e00\u8def\u5411\u5357\u65c5\u884c\u5ba2\u6808)", "order_time": ["2019-01-26 09:16:41"], "total_order": 1, "hotel_value": ["4.5"], "hotel_price": ["97"]}, "1067912": {"hotel_name": "\u4e09\u4e9a\u7ea2\u8272\u6c34\u6676\u5ba2\u6808", "order_time": ["2019-01-26 09:16:45"], "total_order": 1, "hotel_value": ["4.6"], "hotel_price": ["103"]}, "12104544": {"hotel_name": "\u60a6\u746d\u00b7\u4e09\u4e9a\u6d77\u7cbe\u9009\u9152\u5e97", "order_time": ["2019-01-26 09:20:39"], "total_order": 1, "hotel_value": ["4.8"], "hotel_price": ["274"]}, "910293": {"hotel_name": "\u4e09\u4e9a\u4e9a\u9f99\u6e7e\u68a6\u65c5\u4eba\u5ba2\u6808", "order_time": ["2019-01-26 09:20:43"], "total_order": 1, "hotel_value": ["4.9"], "hotel_price": ["97"]}, "473351": {"hotel_name": "\u4e09\u4e9a\u4e9a\u9f99\u6e7e\u827e\u7433\u8fbe\u7cbe\u54c1\u5ea6\u5047\u9152\u5e97", "order_time": ["2019-01-26 09:20:44"], "total_order": 1, "hotel_value": ["4.1"], "hotel_price": ["249"]}, "1208108": {"hotel_name": "\u6d77\u77e5\u6cc9\u5ea6\u5047\u516c\u5bd3(\u4e09\u4e9a\u51e4\u51f0\u6c34\u57ce\u5e97)", "order_time": ["2019-01-26 09:20:45"], "total_order": 1, "hotel_value": ["4.7"], "hotel_price": ["214"]}, "345076": {"hotel_name": "\u4e09\u4e9a\u4e9a\u9f99\u6e7e\u7231\u7434\u6d77\u5168\u5957\u623f\u7cbe\u54c1\u5ea6\u5047\u9152\u5e97", "order_time": ["2019-01-26 09:21:06"], "total_order": 1, "hotel_value": ["4.5"], "hotel_price": ["2818"]}, "481437": {"hotel_name": "\u9526\u6c5f\u4e4b\u661f(\u4e09\u4e9a\u89e3\u653e\u8def\u5e97)", "order_time": ["2019-01-26 09:22:33"], "total_order": 1, "hotel_value": ["4.6"], "hotel_price": ["179"]}, "1603531": {"hotel_name": "\u91d1\u7684\u7cbe\u54c1\u5ea6\u5047\u9152\u5e97(\u4e09\u4e9a\u56fd\u822a\u5e15\u5c14\u7f8e\u7eb3\u5e97)", "order_time": ["2019-01-26 09:22:35"], "total_order": 1, "hotel_value": ["4.7"], "hotel_price": ["240"]}, "346719": {"hotel_name": "\u4e09\u4e9a\u534a\u5c71\u534a\u5c9b\u5e06\u8239\u6e2f\u9152\u5e97", "order_time": ["2019-01-26 09:22:36"], "total_order": 1, "hotel_value": ["4.7"], "hotel_price": ["384"]}, "4544785": {"hotel_name": "\u4e09\u4e9a\u9759\u6d77\u5c4b\u5ea6\u5047\u516c\u5bd3", "order_time": ["2019-01-26 09:22:41"], "total_order": 1, "hotel_value": ["4.7"], "hotel_price": ["282"]}, "8577331": {"hotel_name": "\u7f8e\u51a0\u5047\u65e5\u9152\u5e97(\u4e09\u4e9a\u5927\u6811\u516c\u9986\u5e97)", "order_time": ["2019-01-26 09:22:41"], "total_order": 1, "hotel_value": ["4.5"], "hotel_price": ["203"]}, "480163": {"hotel_name": "\u4e09\u4e9a\u6d77\u89d2\u4e4b\u65c5\u9152\u5e97(\u539f\u60a6\u6765\u5ba2\u6808\u4e09\u4e9a\u51e4\u51f0\u673a\u573a\u6c34\u5cb8\u5e97)", "order_time": ["2019-01-26 09:22:43"], "total_order": 1, "hotel_value": ["4.6"], "hotel_price": ["143"]}, "12184321": {"hotel_name": "\u4e09\u4e9a\u7d2b\u6930\u6797\u6d77\u5cb8\u4e3b\u9898\u9152\u5e97", "order_time": ["2019-01-26 09:24:42"], "total_order": 1, "hotel_value": ["4.5"], "hotel_price": ["133"]}, "2372110": {"hotel_name": "\u4e09\u4e9a\u6d77\u697c\u4e91\u6708\u6d77\u666f\u5ea6\u5047\u516c\u5bd3", "order_time": ["2019-01-26 09:24:49"], "total_order": 1, "hotel_value": ["4.5"], "hotel_price": ["291"]}, "15164961": {"hotel_name": "\u4e09\u4e9a\u5c4b\u5947\u9152\u5e97(\u6b65\u884c\u8857\u5e97)", "order_time": ["2019-01-26 09:24:50"], "total_order": 1, "hotel_value": ["4.6"], "hotel_price": ["259"]}, "7073052": {"hotel_name": "\u4e09\u4e9a\u514b\u62c9\u5c14\u9633\u5149\u6d77\u666f\u516c\u5bd3", "order_time": ["2019-01-26 09:24:50"], "total_order": 1, "hotel_value": ["4.8"], "hotel_price": ["161"]}, "1017179": {"hotel_name": "\u4e09\u4e9a\u5361\u7eb3\u6d77\u5cb8\u827a\u672f\u5ba2\u6808", "order_time": ["2019-01-26 09:24:50"], "total_order": 1, "hotel_value": ["4.9"], "hotel_price": ["749"]}, "17140010": {"hotel_name": "\u4e09\u4e9a\u60a6\u670b\u00b7\u6d77\u534a\u95f4\u4eba\u6587\u8bbe\u8ba1\u6d77\u666f\u9152\u5e97", "order_time": ["2019-01-26 09:24:50"], "total_order": 1, "hotel_value": ["4.8"], "hotel_price": ["259"]}, "1744812": {"hotel_name": "\u4e09\u4e9a\u65af\u7ef4\u767b\u5ea6\u5047\u516c\u5bd3(\u51ac\u90fd\u5927\u53a6)", "order_time": ["2019-01-26 09:24:50"], "total_order": 1, "hotel_value": ["4.7"], "hotel_price": ["236"]}, "5580111": {"hotel_name": "\u6d77\u5357V8\u5feb\u6377\u9152\u5e97\u7965\u745e\u5e97", "order_time": ["2019-01-26 09:26:41"], "total_order": 1, "hotel_value": ["4.3"], "hotel_price": ["103"]}, "14122212": {"hotel_name": "\u4e09\u4e9a\u5c0f\u592a\u9633\u6d77\u666f\u9752\u5e74\u65c5\u793e", "order_time": ["2019-01-26 09:26:44"], "total_order": 1, "hotel_value": ["4.6"], "hotel_price": ["29"]}, "854175": {"hotel_name": "\u4e09\u53f6\u8349\u65c5\u820d(\u4e09\u4e9a\u5357\u8fb9\u6d77\u5e97)", "order_time": ["2019-01-26 09:26:47"], "total_order": 1, "hotel_value": ["4.4"], "hotel_price": ["171"]}, "1689837": {"hotel_name": "\u4e09\u4e9a\u534e\u9038\u5546\u52a1\u9152\u5e97", "order_time": ["2019-01-26 09:26:47"], "total_order": 1, "hotel_value": ["2.8"], "hotel_price": ["88"]}, "371696": {"hotel_name": "\u4e09\u4e9a\u590f\u5a01\u5937\u5927\u9152\u5e97", "order_time": ["2019-01-26 09:28:34"], "total_order": 1, "hotel_value": ["4.4"], "hotel_price": ["280"]}, "4410283": {"hotel_name": "\u4e09\u4e9a\u5b50\u60a6\u5eb7\u5e74\u9152\u5e97(\u539f\u4e2d\u94c1\u5b50\u60a6\u5eb7\u5e74\u5546\u52a1\u9152\u5e97)", "order_time": ["2019-01-26 09:30:35"], "total_order": 1, "hotel_value": ["4.6"], "hotel_price": ["380"]}, "15812110": {"hotel_name": "\u4e09\u4e9a\u7ea2\u5858\u6e7e\u5efa\u56fd\u5ea6\u5047\u9152\u5e97", "order_time": ["2019-01-26 09:30:48"], "total_order": 1, "hotel_value": ["4.7"], "hotel_price": ["390"]}, "436683": {"hotel_name": "\u4e09\u4e9a\u5357\u4e2d\u56fd\u5927\u9152\u5e97", "order_time": ["2019-01-26 09:32:33"], "total_order": 1, "hotel_value": ["4.5"], "hotel_price": ["482"]}, "346768": {"hotel_name": "\u4e09\u4e9a\u534a\u5c71\u9526\u6c5f\u6d77\u666f\u5ea6\u5047\u9152\u5e97(\u8d35\u5bbe\u697c)", "order_time": ["2019-01-26 09:32:37"], "total_order": 1, "hotel_value": ["4.5"], "hotel_price": ["429"]}, "1273536": {"hotel_name": "\u4e09\u4e9a\u76db\u5982\u5feb\u6377\u9152\u5e97", "order_time": ["2019-01-26 09:32:39"], "total_order": 1, "hotel_value": ["4.3"], "hotel_price": ["131"]}, "25798965": {"hotel_name": "\u4e09\u4e9a\u6781\u4e4b\u5c4b\u522b\u5885", "order_time": ["2019-01-26 09:32:42"], "total_order": 1, "hotel_value": ["4.9"], "hotel_price": ["208"]}, "4310281": {"hotel_name": "\u4e03\u661fe\u5bb6\u6d0b\u623f\u522b\u5885(\u4e9a\u9f99\u6e7e\u516c\u4e3b\u90e1\u5e97)", "order_time": ["2019-01-26 09:32:53"], "total_order": 1, "hotel_value": ["4.3"], "hotel_price": ["320"]}, "346766": {"hotel_name": "\u4e09\u4e9a\u4e9a\u9f99\u6e7e\u51ef\u83b1\u4ed9\u4eba\u638c\u5ea6\u5047\u9152\u5e97", "order_time": ["2019-01-26 09:33:08"], "total_order": 1, "hotel_value": ["4.6"], "hotel_price": ["548"]}, "9626476": {"hotel_name": "\u4e09\u4e9a\u67ab\u6797\u665a\u667a\u6167\u4e3b\u9898\u9152\u5e97\u51e4\u51f0\u673a\u573a\u5e97", "order_time": ["2019-01-26 09:34:34"], "total_order": 1, "hotel_value": ["4.7"], "hotel_price": ["190"]}, "21910420": {"hotel_name": "\u4e09\u4e9a\u4f9d\u9716\u7cbe\u54c1\u5ea6\u5047\u516c\u5bd3", "order_time": ["2019-01-26 09:34:35"], "total_order": 1, "hotel_value": ["4.9"], "hotel_price": ["309"]}, "8627044": {"hotel_name": "\u4e09\u4e9a\u4fdd\u5229\u7470\u4e3d\u9152\u5e97", "order_time": ["2019-01-26 09:34:35"], "total_order": 1, "hotel_value": ["4.7"], "hotel_price": ["2075"]}, "468707": {"hotel_name": "\u54ea\u91cc\u90a3\u91cc\u6d77\u5cb8\u7cbe\u54c1\u5ba2\u6808(\u4e09\u4e9a\u6e7e\u5e97)", "order_time": ["2019-01-26 09:36:41"], "total_order": 1, "hotel_value": ["4.6"], "hotel_price": ["175"]}, "835120": {"hotel_name": "\u4e09\u4e9a\u4e3d\u90fd\u6d77\u666f\u5546\u52a1\u9152\u5e97", "order_time": ["2019-01-26 09:36:42"], "total_order": 1, "hotel_value": ["4.1"], "hotel_price": ["154"]}, "18425048": {"hotel_name": "\u4e09\u4e9a\u4e9a\u9f99\u6e7e\u4e1b\u6797\u5c0f\u7b51\u65c5\u79df", "order_time": ["2019-01-26 09:36:51"], "total_order": 1, "hotel_value": ["4.8"], "hotel_price": ["123"]}, "6080085": {"hotel_name": "\u4e09\u4e9a\u65c5\u884c\u8005\u4e4b\u5bb6\u9752\u5e74\u65c5\u793e", "order_time": ["2019-01-26 09:36:52"], "total_order": 1, "hotel_value": [0], "hotel_price": ["25"]}, "473355": {"hotel_name": "\u4e09\u4e9a\u6d77\u5c9b\u9e7f\u57ce\u6d77\u666f\u5ea6\u5047\u516c\u5bd3", "order_time": ["2019-01-26 09:37:00"], "total_order": 1, "hotel_value": ["4.8"], "hotel_price": ["195"]}}}