{"\u5f00\u59cb\u8bb0\u5f55\u65f6\u95f4": "2019-01-14 05:57:31", "\u7ed3\u675f\u8bb0\u5f55\u65f6\u95f4": "2019-01-14 06:57:31", "\u8ba2\u5355\u603b\u589e\u91cf": 43, "item": {"691654": {"hotel_name": "\u4e09\u4e9a\u4e9a\u9f99\u6e7e\u9ad8\u5c14\u592b\u7403\u4f1a", "order_time": ["2019-01-14 05:59:51"], "total_order": 1, "hotel_value": ["4.5"], "hotel_price": ["558"]}, "372154": {"hotel_name": "\u4e09\u4e9a\u798f\u670b\u559c\u6765\u767b\u9152\u5e97", "order_time": ["2019-01-14 05:59:53"], "total_order": 1, "hotel_value": ["4.5"], "hotel_price": ["607"]}, "1061299": {"hotel_name": "\u4e09\u4e9aHello Summer\u6d77\u5cb8\u4e3b\u9898\u5ba2\u6808(\u539f\u5de2\u6c50\u827a\u672f\u4e3b\u9898\u9152\u5e97)", "order_time": ["2019-01-14 05:59:56"], "total_order": 1, "hotel_value": ["4.7"], "hotel_price": ["137"]}, "6042438": {"hotel_name": "\u4e09\u4e9a\u6d77\u4e2b\u6545\u4e8b\u6c11\u4fd7\u6587\u5316\u4e3b\u9898\u5ba2\u6808(\u539f\u6d77\u5357\u6545\u4e8b\u4e3b\u9898\u5ba2\u6808)", "order_time": ["2019-01-14 05:59:56"], "total_order": 1, "hotel_value": ["4.8"], "hotel_price": ["150"]}, "3362163": {"hotel_name": "\u4e09\u4e9a\u54c8\u66fc\u5ea6\u5047\u9152\u5e97", "order_time": ["2019-01-14 06:01:53"], "total_order": 1, "hotel_value": ["4.7"], "hotel_price": ["628"]}, "346693": {"hotel_name": "\u4e09\u4e9a\u4e9a\u9f99\u6e7e\u534e\u5b87\u5ea6\u5047\u9152\u5e97", "order_time": ["2019-01-14 06:01:53"], "total_order": 1, "hotel_value": ["4.6"], "hotel_price": ["509"]}, "374842": {"hotel_name": "\u4e09\u4e9a\u6e7e\u6d77\u5c45\u94c2\u5c14\u66fc\u5ea6\u5047\u9152\u5e97", "order_time": ["2019-01-14 06:01:54"], "total_order": 1, "hotel_value": ["4.7"], "hotel_price": ["840"]}, "16897771": {"hotel_name": "\u4e09\u4e9a\u6d77\u68e0\u6e7e\u9e93\u6e56\u5ea6\u5047\u9152\u5e97", "order_time": ["2019-01-14 06:03:52"], "total_order": 1, "hotel_value": ["4.7"], "hotel_price": ["479"]}, "5766520": {"hotel_name": "\u4e09\u4e9a\u5927\u4e1c\u6d77H\u6d77\u666f\u5ea6\u5047\u516c\u5bd3", "order_time": ["2019-01-14 06:05:50"], "total_order": 1, "hotel_value": ["4.6"], "hotel_price": ["336"]}, "4845384": {"hotel_name": "\u4e09\u4e9a\u84dd\u5cb8\u6d77\u8fb9\u4e3b\u9898\u9152\u5e97", "order_time": ["2019-01-14 06:05:52"], "total_order": 1, "hotel_value": ["4.7"], "hotel_price": ["136"]}, "3002283": {"hotel_name": "\u4e09\u4e9a\u60a6\u5ba2\u6808\u4e3b\u9898\u9152\u5e97", "order_time": ["2019-01-14 06:07:55"], "total_order": 1, "hotel_value": ["4.5"], "hotel_price": ["114"]}, "12671479": {"hotel_name": "\u4e09\u4e9a\u6da6\u5fb7\u6e7f\u5730\u516c\u56ed\u9152\u5e97", "order_time": ["2019-01-14 06:09:48"], "total_order": 1, "hotel_value": ["4.7"], "hotel_price": ["390"]}, "843599": {"hotel_name": "\u4e09\u4e9a\u56db\u5b63\u6d77\u5ead\u9152\u5e97", "order_time": ["2019-01-14 06:09:53"], "total_order": 1, "hotel_value": ["4.6"], "hotel_price": ["444"]}, "6126289": {"hotel_name": "\u4e09\u4e9a\u84dd\u6d77\u4e00\u53f7\u6d77\u5cb8\u9152\u5e97", "order_time": ["2019-01-14 06:13:51"], "total_order": 1, "hotel_value": ["4.8"], "hotel_price": ["153"]}, "4339553": {"hotel_name": "\u4e09\u4e9a\u94c2\u7acb\u541b\u9a7f\u7cbe\u54c1\u9152\u5e97(\u5343\u53e4\u60c5\u5e97)(\u539f\u94c2\u7acb\u7cbe\u54c1\u9152\u5e97)", "order_time": ["2019-01-14 06:13:57"], "total_order": 1, "hotel_value": ["4.4"], "hotel_price": ["153"]}, "3735187": {"hotel_name": "\u4e09\u4e9a\u7406\u6587\u7d22\u83f2\u7279\u5ea6\u5047\u9152\u5e97", "order_time": ["2019-01-14 06:15:49"], "total_order": 1, "hotel_value": ["4.6"], "hotel_price": ["1492"]}, "470083": {"hotel_name": "\u6d77\u5357\u96c5\u5c45\u4e50\u83b1\u4f5b\u58eb\u9152\u5e97", "order_time": ["2019-01-14 06:17:49", "2019-01-14 06:21:52"], "total_order": 2, "hotel_value": ["4.8", "4.8"], "hotel_price": ["4548", "4548"]}, "2650221": {"hotel_name": "\u4e09\u4e9a\u7c73\u6735\u4e3b\u9898\u6d77\u666f\u516c\u5bd3", "order_time": ["2019-01-14 06:17:55"], "total_order": 1, "hotel_value": ["4.7"], "hotel_price": ["260"]}, "1701113": {"hotel_name": "\u9526\u6c5f\u90fd\u57ce(\u4e09\u4e9a\u6e7e\u5e97)", "order_time": ["2019-01-14 06:19:58"], "total_order": 1, "hotel_value": ["4.9"], "hotel_price": ["299"]}, "345069": {"hotel_name": "\u4e09\u4e9a\u6d77\u68e0\u6e7e\u4e07\u8fbe\u5e0c\u5c14\u987f\u9038\u6797\u5ea6\u5047\u9152\u5e97", "order_time": ["2019-01-14 06:28:02"], "total_order": 1, "hotel_value": ["4.5"], "hotel_price": ["1100"]}, "1739015": {"hotel_name": "\u4e09\u4e9a\u9f99\u5174\u83b1\u66fc\u6d77\u666f\u5ea6\u5047\u9152\u5e97", "order_time": ["2019-01-14 06:29:47"], "total_order": 1, "hotel_value": ["4.4"], "hotel_price": ["298"]}, "3732039": {"hotel_name": "\u4e09\u4e9a\u6d77\u68e0\u6e7e\u6bd4\u90bbnear\u6930\u6797\u7f8e\u5bbf(\u539f\u6bd4\u90bb\u6cf3\u6c60\u5ea6\u5047\u7cbe\u54c1\u5ba2\u6808)", "order_time": ["2019-01-14 06:29:51"], "total_order": 1, "hotel_value": ["4.5"], "hotel_price": ["292"]}, "346711": {"hotel_name": "\u4e09\u4e9a\u541b\u9526\u6ee8\u6d77\u9152\u5e97", "order_time": ["2019-01-14 06:29:55"], "total_order": 1, "hotel_value": ["4.5"], "hotel_price": ["266"]}, "5429887": {"hotel_name": "\u4e09\u4e9a\u975e\u4f60\u83ab\u5bbf\u7cbe\u54c1\u5ba2\u6808", "order_time": ["2019-01-14 06:33:51"], "total_order": 1, "hotel_value": ["4.8"], "hotel_price": ["153"]}, "6446036": {"hotel_name": "\u4e09\u4e9a\u51e4\u51f0\u673a\u573a\u9152\u5e97", "order_time": ["2019-01-14 06:35:48"], "total_order": 1, "hotel_value": ["4.6"], "hotel_price": ["410"]}, "346735": {"hotel_name": "\u4e09\u4e9a\u5357\u7530\u6e29\u6cc9\u597d\u6c49\u5761\u56fd\u9645\u5ea6\u5047\u9152\u5e97", "order_time": ["2019-01-14 06:35:49"], "total_order": 1, "hotel_value": ["4.3"], "hotel_price": ["346"]}, "6480327": {"hotel_name": "\u4e09\u4e9a\u9a91\u884c\u5929\u6daf\u592a\u7a7a\u8231\u9752\u5e74\u65c5\u820d", "order_time": ["2019-01-14 06:35:51"], "total_order": 1, "hotel_value": ["4.2"], "hotel_price": ["45"]}, "6833040": {"hotel_name": "\u4e09\u4e9a\u946b\u714c\u5bbe\u9986", "order_time": ["2019-01-14 06:36:05"], "total_order": 1, "hotel_value": [0], "hotel_price": ["78"]}, "5980581": {"hotel_name": "\u4e09\u4e9a\u73ba\u6cfd\u6d77\u666f\u65c5\u5c45(\u539f\u6d77\u60a6\u661f\u8fb0\u6d77\u666f\u5ea6\u5047\u516c\u5bd3)", "order_time": ["2019-01-14 06:37:47"], "total_order": 1, "hotel_value": ["4.9"], "hotel_price": ["212"]}, "643641": {"hotel_name": "\u4e09\u4e9a\u51e4\u51f0\u673a\u573a\u6d77\u822a\u5feb\u6377\u9152\u5e97", "order_time": ["2019-01-14 06:37:47", "2019-01-14 06:39:53"], "total_order": 2, "hotel_value": ["4.1", "4.1"], "hotel_price": ["208", "208"]}, "372133": {"hotel_name": "\u4e09\u4e9a\u73e0\u6c5f\u82b1\u56ed\u9152\u5e97", "order_time": ["2019-01-14 06:39:53"], "total_order": 1, "hotel_value": ["4.4"], "hotel_price": ["390"]}, "346673": {"hotel_name": "\u4e09\u4e9a\u534a\u5c71\u534a\u5c9b\u5ea6\u5047\u9152\u5e97(\u5168\u5957\u623f)", "order_time": ["2019-01-14 06:39:54"], "total_order": 1, "hotel_value": ["4.6"], "hotel_price": ["590"]}, "5292077": {"hotel_name": "\u4e09\u4e9a\u6d77\u8c5a\u6e7e\u4e3b\u9898\u9152\u5e97", "order_time": ["2019-01-14 06:43:51"], "total_order": 1, "hotel_value": ["4.5"], "hotel_price": ["133"]}, "428318": {"hotel_name": "\u4e09\u4e9a\u6021\u5ead\u9152\u5e97", "order_time": ["2019-01-14 06:45:56"], "total_order": 1, "hotel_value": ["4.8"], "hotel_price": ["217"]}, "8581510": {"hotel_name": "\u4e09\u4e9a\u534a\u5c71\u9a7f\u6d77\u5cb8\u7cbe\u54c1\u5ba2\u6808(\u539f\u871c\u5bb6\u5c0f\u9662)", "order_time": ["2019-01-14 06:47:49"], "total_order": 1, "hotel_value": ["4.7"], "hotel_price": ["148"]}, "660311": {"hotel_name": "\u4e09\u4e9a\u6e7e\u559c\u6765\u767b\u5ea6\u5047\u9152\u5e97", "order_time": ["2019-01-14 06:47:53"], "total_order": 1, "hotel_value": ["4.6"], "hotel_price": ["575"]}, "4498098": {"hotel_name": "\u4e09\u4e9a\u91d1\u6d77\u6e7e\u9752\u5e74\u65c5\u820d", "order_time": ["2019-01-14 06:48:04"], "total_order": 1, "hotel_value": ["4.4"], "hotel_price": ["36"]}, "345080": {"hotel_name": "\u4e09\u4e9a\u4e9a\u9f99\u6e7e\u559c\u6765\u767b\u5ea6\u5047\u9152\u5e97", "order_time": ["2019-01-14 06:49:51"], "total_order": 1, "hotel_value": ["4.6"], "hotel_price": ["1051"]}, "8681237": {"hotel_name": "\u4e09\u4e9a\u5927\u4e1c\u6d77\u5fc6\u8bed\u6d41\u5e74\u4e3b\u9898\u9152\u5e97", "order_time": ["2019-01-14 06:51:52"], "total_order": 1, "hotel_value": ["4.8"], "hotel_price": ["155"]}, "9789923": {"hotel_name": "\u4e09\u4e9a\u5eb7\u5e74\u9152\u5e97", "order_time": ["2019-01-14 06:51:55"], "total_order": 1, "hotel_value": ["4.7"], "hotel_price": ["888"]}, "1851132": {"hotel_name": "\u4e09\u4e9a\u6d77\u7ef4\u5229\u4e9a\u5546\u52a1\u9152\u5e97", "order_time": ["2019-01-14 06:55:58"], "total_order": 1, "hotel_value": ["3.9"], "hotel_price": ["259"]}}}