{"\u5f00\u59cb\u8bb0\u5f55\u65f6\u95f4": "2019-01-15 20:47:19", "\u7ed3\u675f\u8bb0\u5f55\u65f6\u95f4": "2019-01-15 21:47:19", "\u8ba2\u5355\u603b\u589e\u91cf": 298, "item": {"747674": {"hotel_name": "\u9675\u6c34\u6e05\u6c34\u6e7e\u6d77\u6d0b\u4e4b\u661f\u9152\u5e97", "order_time": ["2019-01-15 20:49:26"], "total_order": 1, "hotel_value": ["4.5"], "hotel_price": ["323"]}, "470083": {"hotel_name": "\u6d77\u5357\u96c5\u5c45\u4e50\u83b1\u4f5b\u58eb\u9152\u5e97", "order_time": ["2019-01-15 20:49:26"], "total_order": 1, "hotel_value": ["4.8"], "hotel_price": ["1358"]}, "1486657": {"hotel_name": "\u4e09\u4e9a\u661f\u60a6\u5ea6\u5047\u9152\u5e97", "order_time": ["2019-01-15 20:49:26", "2019-01-15 21:21:25"], "total_order": 2, "hotel_value": ["4.4", "4.4"], "hotel_price": ["125", "125"]}, "17140010": {"hotel_name": "\u4e09\u4e9a\u60a6\u670b\u00b7\u6d77\u534a\u95f4\u4eba\u6587\u8bbe\u8ba1\u6d77\u666f\u9152\u5e97", "order_time": ["2019-01-15 20:49:26"], "total_order": 1, "hotel_value": ["4.8"], "hotel_price": ["250"]}, "427279": {"hotel_name": "\u4e09\u4e9a\u5357\u5c71\u8fce\u5bbe\u9986", "order_time": ["2019-01-15 20:49:26", "2019-01-15 21:23:25", "2019-01-15 21:15:25"], "total_order": 3, "hotel_value": ["4.6", "4.6", "4.6"], "hotel_price": ["586", "586", "586"]}, "740890": {"hotel_name": "\u4e09\u4e9a\u4e2d\u80dc\u5e78\u798f\u5ea6\u5047\u9152\u5e97", "order_time": ["2019-01-15 20:49:26"], "total_order": 1, "hotel_value": ["3.8"], "hotel_price": ["112"]}, "1419670": {"hotel_name": "\u84dd\u5929\u56fd\u9645\u9752\u5e74\u65c5\u820d(\u4e09\u4e9a\u5927\u4e1c\u6d77\u5e97)", "order_time": ["2019-01-15 20:49:26", "2019-01-15 21:13:26"], "total_order": 2, "hotel_value": ["4.7", "4.7"], "hotel_price": ["49", "49"]}, "8532215": {"hotel_name": "\u4e09\u4e9a\u60a6\u83b1\u7279\u5927\u9152\u5e97", "order_time": ["2019-01-15 20:49:26"], "total_order": 1, "hotel_value": ["4.6"], "hotel_price": ["193"]}, "481437": {"hotel_name": "\u9526\u6c5f\u4e4b\u661f(\u4e09\u4e9a\u89e3\u653e\u8def\u5e97)", "order_time": ["2019-01-15 20:49:27", "2019-01-15 20:59:29"], "total_order": 2, "hotel_value": ["4.6", "4.6"], "hotel_price": ["179", "179"]}, "468875": {"hotel_name": "\u6674\u5929\u7389\u6ee9\u6d77\u666f\u5ea6\u5047\u516c\u5bd3(\u4e09\u4e9a\u6e7e\u5e97)", "order_time": ["2019-01-15 20:49:27"], "total_order": 1, "hotel_value": ["4.1"], "hotel_price": ["112"]}, "1251671": {"hotel_name": "\u9526\u6c5f\u4e4b\u661f(\u4e09\u4e9a\u6cb3\u897f\u8def\u6b65\u884c\u6865\u6cb3\u666f\u5e97)", "order_time": ["2019-01-15 20:49:27"], "total_order": 1, "hotel_value": ["4.5"], "hotel_price": ["139"]}, "1700938": {"hotel_name": "\u4e09\u4e9a\u541b\u4e34\u5047\u65e5\u9152\u5e97", "order_time": ["2019-01-15 20:49:27"], "total_order": 1, "hotel_value": ["4.5"], "hotel_price": ["117"]}, "3362163": {"hotel_name": "\u4e09\u4e9a\u54c8\u66fc\u5ea6\u5047\u9152\u5e97", "order_time": ["2019-01-15 20:49:27", "2019-01-15 20:49:29"], "total_order": 2, "hotel_value": ["4.7", "4.7"], "hotel_price": ["658", "658"]}, "427277": {"hotel_name": "\u4e09\u4e9a\u4e2d\u5fc3\u7687\u51a0\u5047\u65e5\u9152\u5e97", "order_time": ["2019-01-15 20:51:27", "2019-01-15 21:07:25"], "total_order": 2, "hotel_value": ["4.7", "4.7"], "hotel_price": ["557", "557"]}, "346686": {"hotel_name": "\u4e09\u4e9a\u739b\u745e\u7eb3\u9152\u5e97", "order_time": ["2019-01-15 20:51:27", "2019-01-15 21:09:25"], "total_order": 2, "hotel_value": ["4.6", "4.6"], "hotel_price": ["1455", "1455"]}, "346766": {"hotel_name": "\u4e09\u4e9a\u4e9a\u9f99\u6e7e\u51ef\u83b1\u4ed9\u4eba\u638c\u5ea6\u5047\u9152\u5e97", "order_time": ["2019-01-15 20:51:27", "2019-01-15 21:07:25", "2019-01-15 20:59:25"], "total_order": 3, "hotel_value": ["4.6", "4.6", "4.6"], "hotel_price": ["378", "378", "378"]}, "1564235": {"hotel_name": "\u57ce\u5e02\u4fbf\u6377\u9152\u5e97(\u4e09\u4e9a\u6986\u4e9a\u8def\u4e9a\u9f99\u6e7e\u5e97)", "order_time": ["2019-01-15 20:51:27"], "total_order": 1, "hotel_value": ["4.4"], "hotel_price": ["272"]}, "4033951": {"hotel_name": "\u4e09\u4e9a\u51e4\u51f0\u5c9b\u6d77\u6d0b\u4e4b\u68a6\u5ea6\u5047\u9152\u5e97", "order_time": ["2019-01-15 20:51:27"], "total_order": 1, "hotel_value": ["4.7"], "hotel_price": ["1259"]}, "4388404": {"hotel_name": "\u4e09\u4e9a\u7f8e\u4e3d\u4e4b\u51a0\u5927\u6811\u9152\u5e97", "order_time": ["2019-01-15 20:51:27"], "total_order": 1, "hotel_value": ["4.3"], "hotel_price": ["198"]}, "1281635": {"hotel_name": "\u4e09\u4e9a\u4e9a\u9f99\u6e7e\u516c\u4e3b\u90e1\u4e09\u671f\u6d0b\u623f", "order_time": ["2019-01-15 20:51:27", "2019-01-15 20:55:27"], "total_order": 2, "hotel_value": ["4.6", "4.6"], "hotel_price": ["315", "315"]}, "345522": {"hotel_name": "\u4e09\u4e9a\u5929\u57df\u5ea6\u5047\u9152\u5e97", "order_time": ["2019-01-15 20:51:27", "2019-01-15 20:57:27"], "total_order": 2, "hotel_value": ["4.8", "4.8"], "hotel_price": ["799", "799"]}, "345067": {"hotel_name": "\u4e09\u4e9a\u6d77\u68e0\u6e7e\u559c\u6765\u767b\u5ea6\u5047\u9152\u5e97", "order_time": ["2019-01-15 20:51:27"], "total_order": 1, "hotel_value": ["4.6"], "hotel_price": ["1266"]}, "345071": {"hotel_name": "\u91d1\u8302\u4e09\u4e9a\u4e9a\u9f99\u6e7e\u5e0c\u5c14\u987f\u5927\u9152\u5e97", "order_time": ["2019-01-15 20:51:27", "2019-01-15 20:51:31"], "total_order": 2, "hotel_value": ["4.6", "4.6"], "hotel_price": ["999", "999"]}, "842954": {"hotel_name": "\u9526\u6c5f\u4e4b\u661f(\u4e09\u4e9a\u6e7e\u5409\u7965\u8857\u6d77\u666f\u9152\u5e97)", "order_time": ["2019-01-15 21:23:25", "2019-01-15 20:51:28"], "total_order": 2, "hotel_value": ["4.5", "4.5"], "hotel_price": ["143", "143"]}, "21369544": {"hotel_name": "\u4e09\u4e9a\u51e4\u51f0\u5c9b\u70ed\u5e26\u98ce\u60c5\u5ea6\u5047\u9152\u5e97", "order_time": ["2019-01-15 20:51:28"], "total_order": 1, "hotel_value": ["4.6"], "hotel_price": ["432"]}, "5398745": {"hotel_name": "\u4e09\u4e9a\u897f\u85cf\u5927\u53a6\u5f00\u5143\u540d\u90fd\u9152\u5e97", "order_time": ["2019-01-15 20:51:28"], "total_order": 1, "hotel_value": ["4.7"], "hotel_price": ["408"]}, "6460482": {"hotel_name": "\u4e09\u4e9a\u4e9a\u9f99\u6e7e\u751f\u547d\u6cc9\u7cbe\u54c1\u5ea6\u5047\u9152\u5e97", "order_time": ["2019-01-15 20:51:28"], "total_order": 1, "hotel_value": ["4.7"], "hotel_price": ["360"]}, "3068224": {"hotel_name": "\u4e09\u4e9a\u5927\u4e1c\u6d77HOME\u5957\u623f\u5ea6\u5047\u6d77\u666f\u5ba2\u6808", "order_time": ["2019-01-15 20:51:28"], "total_order": 1, "hotel_value": ["4.8"], "hotel_price": ["147"]}, "4436448": {"hotel_name": "\u4e09\u4e9a\u590f\u672b\u82b1\u5f00\u6d77\u5cb8\u5ba2\u6808(\u539f\u6625\u5929\u7684\u6545\u4e8b\u6d77\u5cb8\u5ba2\u6808)", "order_time": ["2019-01-15 20:51:28"], "total_order": 1, "hotel_value": ["4.8"], "hotel_price": ["223"]}, "9626476": {"hotel_name": "\u4e09\u4e9a\u67ab\u6797\u665a\u667a\u6167\u4e3b\u9898\u9152\u5e97\u51e4\u51f0\u673a\u573a\u5e97", "order_time": ["2019-01-15 20:51:29"], "total_order": 1, "hotel_value": ["4.8"], "hotel_price": ["202"]}, "5902128": {"hotel_name": "\u9685\u82b1\u539f\u5c71\u95f4\u8bbe\u8ba1\u9152\u5e97(\u4e09\u4e9a\u51e4\u51f0\u673a\u573a\u5e97)", "order_time": ["2019-01-15 20:51:31", "2019-01-15 20:57:28"], "total_order": 2, "hotel_value": ["4.7", "4.7"], "hotel_price": ["298", "298"]}, "437115": {"hotel_name": "\u4e09\u4e9a\u767e\u680e\u56fd\u9645\u5ea6\u5047\u516c\u5bd3", "order_time": ["2019-01-15 20:53:24"], "total_order": 1, "hotel_value": ["4.3"], "hotel_price": ["257"]}, "346711": {"hotel_name": "\u4e09\u4e9a\u541b\u9526\u6ee8\u6d77\u9152\u5e97", "order_time": ["2019-01-15 20:53:24"], "total_order": 1, "hotel_value": ["4.5"], "hotel_price": ["266"]}, "1739015": {"hotel_name": "\u4e09\u4e9a\u9f99\u5174\u83b1\u66fc\u6d77\u666f\u5ea6\u5047\u9152\u5e97", "order_time": ["2019-01-15 20:53:24", "2019-01-15 21:23:25"], "total_order": 2, "hotel_value": ["4.4", "4.4"], "hotel_price": ["278", "278"]}, "346676": {"hotel_name": "\u4e09\u4e9a\u56fd\u5149\u8c6a\u751f\u5ea6\u5047\u9152\u5e97", "order_time": ["2019-01-15 20:53:24"], "total_order": 1, "hotel_value": ["4.6"], "hotel_price": ["576"]}, "690765": {"hotel_name": "\u4e09\u4e9a\u6d77\u7acb\u65b9\u5ea6\u5047\u9152\u5e97", "order_time": ["2019-01-15 20:53:24", "2019-01-15 20:57:25"], "total_order": 2, "hotel_value": ["4.6", "4.6"], "hotel_price": ["463", "463"]}, "14249344": {"hotel_name": "\u4e09\u4e9a\u4e9a\u7279\u5170\u8482\u65af\u9152\u5e97", "order_time": ["2019-01-15 20:53:24", "2019-01-15 20:57:27"], "total_order": 2, "hotel_value": ["4.6", "4.6"], "hotel_price": ["3088", "3088"]}, "670132": {"hotel_name": "\u5929\u827a\u56fd\u9645\u9152\u5e97(\u4e09\u4e9a\u5927\u4e1c\u6d77\u5e97)(\u539f\u4e16\u7eaa\u8c6a\u5ead\u9152\u5e97)", "order_time": ["2019-01-15 20:53:24"], "total_order": 1, "hotel_value": ["4.3"], "hotel_price": ["288"]}, "21765890": {"hotel_name": "\u4e09\u4e9a\u5361\u838e\u4e3b\u9898\u9152\u5e97", "order_time": ["2019-01-15 21:05:24", "2019-01-15 20:53:25"], "total_order": 2, "hotel_value": ["4.6", "4.6"], "hotel_price": ["114", "143"]}, "1444927": {"hotel_name": "\u4e09\u4e9a\u5341\u6b65\u6d77\u5cb8\u9752\u5e74\u65c5\u820d", "order_time": ["2019-01-15 20:53:25"], "total_order": 1, "hotel_value": ["4.3"], "hotel_price": ["59"]}, "17392114": {"hotel_name": "\u4e09\u4e9a\u827a\u99a8\u6d77\u666f\u5ea6\u5047\u516c\u9986", "order_time": ["2019-01-15 20:59:26", "2019-01-15 20:53:25", "2019-01-15 21:03:24", "2019-01-15 21:09:25"], "total_order": 4, "hotel_value": ["4.9", "4.9", "4.9", "4.9"], "hotel_price": ["270", "270", "270", "270"]}, "435983": {"hotel_name": "\u4e09\u4e9a\u4e9a\u9f99\u6e7e\u4eba\u95f4\u5929\u5802-\u9e1f\u5de2\u5ea6\u5047\u6751", "order_time": ["2019-01-15 20:53:25", "2019-01-15 21:11:25", "2019-01-15 21:25:24"], "total_order": 3, "hotel_value": ["4.6", "4.6", "4.6"], "hotel_price": ["1270", "1270", "1270"]}, "3041884": {"hotel_name": "\u4e09\u4e9a\u4e3d\u79be\u6e29\u5fb7\u59c6\u9152\u5e97", "order_time": ["2019-01-15 20:55:26", "2019-01-15 21:05:25", "2019-01-15 21:07:25"], "total_order": 3, "hotel_value": ["4.8", "4.8", "4.8"], "hotel_price": ["730", "730", "730"]}, "436673": {"hotel_name": "\u4e09\u4e9a\u9e7f\u5cad\u6d77\u6e7e\u7ef4\u666f\u56fd\u9645\u5927\u9152\u5e97(\u539f\u4e09\u4e9a\u6d77\u6e7e\u7ef4\u666f\u56fd\u9645\u5927\u9152\u5e97)", "order_time": ["2019-01-15 20:55:26", "2019-01-15 21:03:26"], "total_order": 2, "hotel_value": ["4.6", "4.6"], "hotel_price": ["321", "321"]}, "396528": {"hotel_name": "\u4e09\u4e9a\u4e9a\u9f99\u6e7e\u4e94\u53f7\u5ea6\u5047\u522b\u5885\u9152\u5e97", "order_time": ["2019-01-15 20:55:26", "2019-01-15 21:01:24"], "total_order": 2, "hotel_value": ["4.7", "4.7"], "hotel_price": ["649", "649"]}, "843599": {"hotel_name": "\u4e09\u4e9a\u56db\u5b63\u6d77\u5ead\u9152\u5e97", "order_time": ["2019-01-15 20:55:26", "2019-01-15 21:01:24", "2019-01-15 20:59:25"], "total_order": 3, "hotel_value": ["4.6", "4.6", "4.6"], "hotel_price": ["294", "294", "294"]}, "426360": {"hotel_name": "\u4e09\u4e9a\u67cf\u745e\u7cbe\u54c1\u6d77\u666f\u9152\u5e97", "order_time": ["2019-01-15 20:55:26"], "total_order": 1, "hotel_value": ["4.6"], "hotel_price": ["280"]}, "1284874": {"hotel_name": "\u4e09\u4e9a\u9999\u683c\u91cc\u62c9\u5ea6\u5047\u9152\u5e97", "order_time": ["2019-01-15 20:55:26"], "total_order": 1, "hotel_value": ["4.6"], "hotel_price": ["1632"]}, "6446036": {"hotel_name": "\u4e09\u4e9a\u51e4\u51f0\u673a\u573a\u9152\u5e97", "order_time": ["2019-01-15 20:55:26"], "total_order": 1, "hotel_value": ["4.5"], "hotel_price": ["410"]}, "6450523": {"hotel_name": "\u4e09\u4e9a\u5c71\u6d77\u5929\u5927\u9152\u5e97\u00b7\u50b2\u9014\u683c\u7cbe\u9009", "order_time": ["2019-01-15 20:55:26", "2019-01-15 21:23:25"], "total_order": 2, "hotel_value": ["4.8", "4.8"], "hotel_price": ["1190", "1190"]}, "455490": {"hotel_name": "\u4e09\u4e9a\u4e9a\u9f99\u6e7e\u77f3\u6eaa\u5885\u5efa\u56fd\u5ea6\u5047\u9152\u5e97", "order_time": ["2019-01-15 20:55:26"], "total_order": 1, "hotel_value": ["4.6"], "hotel_price": ["451"]}, "371722": {"hotel_name": "\u4e09\u4e9a\u4e9a\u9f99\u6e7e\u91d1\u68d5\u6988\u5ea6\u5047\u9152\u5e97", "order_time": ["2019-01-15 20:55:26"], "total_order": 1, "hotel_value": ["4.6"], "hotel_price": ["456"]}, "8504245": {"hotel_name": "\u90b8\u8bfa\u5171\u4eab\u522b\u5885\u516c\u5bd3(\u4e09\u4e9a\u4e9a\u9f99\u6e7e\u5e97)", "order_time": ["2019-01-15 20:55:26"], "total_order": 1, "hotel_value": ["4.7"], "hotel_price": ["249"]}, "1254854": {"hotel_name": "\u4e09\u4e9aWWW\u6d77\u666f\u516c\u5bd3", "order_time": ["2019-01-15 20:55:26", "2019-01-15 21:35:25", "2019-01-15 21:25:23"], "total_order": 3, "hotel_value": ["4.8", "4.8", "4.8"], "hotel_price": ["176", "176", "176"]}, "433675": {"hotel_name": "\u4e09\u4e9a\u51e4\u51f0\u6c34\u57ce\u51ef\u83b1\u5ea6\u5047\u9152\u5e97", "order_time": ["2019-01-15 20:55:26"], "total_order": 1, "hotel_value": ["4.5"], "hotel_price": ["400"]}, "2260152": {"hotel_name": "\u4e09\u4e9a\u51e4\u51f0\u56fd\u9645\u673a\u573a100\u5ba2\u6808", "order_time": ["2019-01-15 20:55:26"], "total_order": 1, "hotel_value": ["4.4"], "hotel_price": ["121"]}, "426966": {"hotel_name": "\u4e09\u4e9a\u5927\u5c0f\u6d1e\u5929\u5c0f\u6708\u6e7e\u5ea6\u5047\u9152\u5e97", "order_time": ["2019-01-15 20:55:26"], "total_order": 1, "hotel_value": ["4.5"], "hotel_price": ["415"]}, "5800223": {"hotel_name": "\u4e09\u4e9a\u64ce\u5929\u534a\u5c9b\u671b\u6d77\u6d77\u666f\u9152\u5e97", "order_time": ["2019-01-15 20:55:26"], "total_order": 1, "hotel_value": ["4.5"], "hotel_price": ["238"]}, "1687513": {"hotel_name": "\u4e09\u4e9a\u73c2\u7532\u6d77\u666f\u5ea6\u5047\u516c\u5bd3", "order_time": ["2019-01-15 20:55:27"], "total_order": 1, "hotel_value": ["4.5"], "hotel_price": ["315"]}, "396523": {"hotel_name": "\u4e09\u4e9a\u4e9a\u9f99\u6e7e\u5929\u9e3f\u5ea6\u5047\u6751", "order_time": ["2019-01-15 20:55:27"], "total_order": 1, "hotel_value": ["4.7"], "hotel_price": ["579"]}, "10520963": {"hotel_name": "\u4e09\u4e9a\u91d1\u838e\u73fa\u5510\u9152\u5e97", "order_time": ["2019-01-15 20:55:27"], "total_order": 1, "hotel_value": ["4.8"], "hotel_price": ["428"]}, "1707691": {"hotel_name": "\u65b0\u57ce\u7f8e\u820d\u6d77\u666f\u5ea6\u5047\u516c\u5bd3(\u4e09\u4e9a\u51e4\u51f0\u673a\u573a\u5e97)", "order_time": ["2019-01-15 20:55:27"], "total_order": 1, "hotel_value": ["4.6"], "hotel_price": ["262"]}, "20617225": {"hotel_name": "\u7ea6\u00b7\u8bbe\u8ba1\u4e3b\u9898\u9152\u5e97(\u4e09\u4e9a\u5343\u53e4\u60c5\u5e97)", "order_time": ["2019-01-15 20:55:27"], "total_order": 1, "hotel_value": ["4.7"], "hotel_price": ["192"]}, "1067912": {"hotel_name": "\u4e09\u4e9a\u7ea2\u8272\u6c34\u6676\u5ba2\u6808", "order_time": ["2019-01-15 20:55:27"], "total_order": 1, "hotel_value": ["4.6"], "hotel_price": ["113"]}, "1185042": {"hotel_name": "\u4e09\u4e9a\u6e7e\u7ea2\u6811\u6797\u5ea6\u5047\u4e16\u754c(\u83e9\u63d0\u9152\u5e97)", "order_time": ["2019-01-15 20:59:25", "2019-01-15 20:55:28", "2019-01-15 21:01:24", "2019-01-15 20:59:30"], "total_order": 4, "hotel_value": ["4.7", "4.7", "4.7", "4.7"], "hotel_price": ["529", "529", "529", "529"]}, "8627044": {"hotel_name": "\u4e09\u4e9a\u4fdd\u5229\u7470\u4e3d\u9152\u5e97", "order_time": ["2019-01-15 20:55:28"], "total_order": 1, "hotel_value": ["4.7"], "hotel_price": ["1842"]}, "346768": {"hotel_name": "\u4e09\u4e9a\u534a\u5c71\u9526\u6c5f\u6d77\u666f\u5ea6\u5047\u9152\u5e97(\u8d35\u5bbe\u697c)", "order_time": ["2019-01-15 20:57:24"], "total_order": 1, "hotel_value": ["4.6"], "hotel_price": ["490"]}, "4410283": {"hotel_name": "\u4e09\u4e9a\u5b50\u60a6\u5eb7\u5e74\u9152\u5e97(\u539f\u4e2d\u94c1\u5b50\u60a6\u5eb7\u5e74\u5546\u52a1\u9152\u5e97)", "order_time": ["2019-01-15 21:33:25", "2019-01-15 21:21:25", "2019-01-15 20:57:25", "2019-01-15 21:25:23"], "total_order": 4, "hotel_value": ["4.6", "4.6", "4.6", "4.6"], "hotel_price": ["373", "373", "373", "373"]}, "468707": {"hotel_name": "\u54ea\u91cc\u90a3\u91cc\u6d77\u5cb8\u7cbe\u54c1\u5ba2\u6808(\u4e09\u4e9a\u6e7e\u5e97)", "order_time": ["2019-01-15 21:19:25", "2019-01-15 20:57:25"], "total_order": 2, "hotel_value": ["4.6", "4.6"], "hotel_price": ["127", "127"]}, "6331979": {"hotel_name": "\u4e09\u4e9a\u6d77\u68e0\u6e7e\u7ea2\u6811\u6797\u5ea6\u5047\u9152\u5e97", "order_time": ["2019-01-15 20:57:25"], "total_order": 1, "hotel_value": ["4.6"], "hotel_price": ["1899"]}, "808618": {"hotel_name": "7\u5929\u8fde\u9501\u9152\u5e97(\u4e09\u4e9a\u4e09\u4e9a\u6e7e\u6d77\u666f\u5e97)", "order_time": ["2019-01-15 20:57:25"], "total_order": 1, "hotel_value": ["4.2"], "hotel_price": ["129"]}, "5580111": {"hotel_name": "\u6d77\u5357V8\u5feb\u6377\u9152\u5e97\u7965\u745e\u5e97", "order_time": ["2019-01-15 20:57:26"], "total_order": 1, "hotel_value": ["4.3"], "hotel_price": ["103"]}, "1486685": {"hotel_name": "\u4e09\u4e9a\u51e4\u51f0\u5c9b\u5ea6\u5047\u9152\u5e97", "order_time": ["2019-01-15 20:57:27"], "total_order": 1, "hotel_value": ["4.7"], "hotel_price": ["1568"]}, "486003": {"hotel_name": "\u4e09\u4e9a\u8708\u652f\u6d32\u5c9b\u73ca\u745a\u9152\u5e97", "order_time": ["2019-01-15 21:15:28", "2019-01-15 20:57:28", "2019-01-15 21:19:27"], "total_order": 3, "hotel_value": ["4.8", "4.8", "4.8"], "hotel_price": ["999", "999", "999"]}, "4845384": {"hotel_name": "\u4e09\u4e9a\u84dd\u5cb8\u6d77\u8fb9\u4e3b\u9898\u9152\u5e97", "order_time": ["2019-01-15 21:01:27", "2019-01-15 20:57:28"], "total_order": 2, "hotel_value": ["4.7", "4.7"], "hotel_price": ["136", "136"]}, "643641": {"hotel_name": "\u4e09\u4e9a\u51e4\u51f0\u673a\u573a\u6d77\u822a\u5feb\u6377\u9152\u5e97", "order_time": ["2019-01-15 21:09:25", "2019-01-15 20:59:25"], "total_order": 2, "hotel_value": ["4.1", "4.1"], "hotel_price": ["208", "208"]}, "6656398": {"hotel_name": "\u4e09\u4e9a\u6d77\u68e0\u6e7e\u6797\u65fa\u6d77\u6e90\u5546\u52a1\u9152\u5e97(\u8708\u652f\u6d32\u5c9b\u5e97)", "order_time": ["2019-01-15 21:17:25", "2019-01-15 20:59:25"], "total_order": 2, "hotel_value": ["4.3", "4.3"], "hotel_price": ["110", "110"]}, "346702": {"hotel_name": "\u4e09\u4e9a\u8fb0\u5149\u514b\u62c9\u7801\u5934\u9152\u5e97", "order_time": ["2019-01-15 21:05:24", "2019-01-15 21:23:25", "2019-01-15 21:07:26", "2019-01-15 20:59:25"], "total_order": 4, "hotel_value": ["4.6", "4.6", "4.6", "4.6"], "hotel_price": ["456", "456", "456", "456"]}, "428318": {"hotel_name": "\u4e09\u4e9a\u6021\u5ead\u9152\u5e97", "order_time": ["2019-01-15 20:59:25"], "total_order": 1, "hotel_value": ["4.8"], "hotel_price": ["331"]}, "347462": {"hotel_name": "\u4e09\u4e9a\u6d77\u68e0\u6e7e9\u53f7\u5ea6\u5047\u9152\u5e97", "order_time": ["2019-01-15 21:11:26", "2019-01-15 20:59:25"], "total_order": 2, "hotel_value": ["4.7", "4.7"], "hotel_price": ["700", "700"]}, "346664": {"hotel_name": "\u4e09\u4e9a\u541b\u7136\u6e29\u6cc9\u5ea6\u5047\u9152\u5e97", "order_time": ["2019-01-15 20:59:26", "2019-01-15 21:35:25"], "total_order": 2, "hotel_value": ["4.5", "4.5"], "hotel_price": ["259", "259"]}, "1488073": {"hotel_name": "\u4e09\u4e9a\u987a\u548c\u5feb\u6377\u9152\u5e97", "order_time": ["2019-01-15 20:59:27"], "total_order": 1, "hotel_value": [0], "hotel_price": ["110"]}, "21634169": {"hotel_name": "\u7f18\u7b51\u00b7\u4e09\u4e9a\u6162\u70b9\u5ea6\u5047\u516c\u5bd3(\u64ce\u5929\u534a\u5c9b\u5e97)", "order_time": ["2019-01-15 20:59:29"], "total_order": 1, "hotel_value": ["4.7"], "hotel_price": ["163"]}, "344934": {"hotel_name": "\u4e09\u4e9a\u6930\u6797\u6ee9\u5927\u9152\u5e97", "order_time": ["2019-01-15 21:01:24"], "total_order": 1, "hotel_value": ["4.4"], "hotel_price": ["325"]}, "429615": {"hotel_name": "\u4e09\u4e9a\u4e9a\u9f99\u6e7e\u541b\u6f9c\u5ea6\u5047\u9152\u5e97(\u539f\u5047\u65e5\u5ea6\u5047\u9152\u5e97)", "order_time": ["2019-01-15 21:01:24", "2019-01-15 21:11:25"], "total_order": 2, "hotel_value": ["4.5", "4.5"], "hotel_price": ["626", "626"]}, "12458747": {"hotel_name": "\u4e09\u4e9a\u851a\u84dd\u6d77\u5cb8\u6d77\u666f\u516c\u5bd3", "order_time": ["2019-01-15 21:01:24"], "total_order": 1, "hotel_value": ["4.9"], "hotel_price": ["402"]}, "842998": {"hotel_name": "\u541b\u6f9c\u00b7\u4e09\u4e9a\u6e7e\u8fce\u5bbe\u9986\u6d77\u666f\u5ea6\u5047\u9152\u5e97", "order_time": ["2019-01-15 21:07:25", "2019-01-15 21:01:24"], "total_order": 2, "hotel_value": ["4.8", "4.8"], "hotel_price": ["529", "529"]}, "854135": {"hotel_name": "\u4e09\u4e9a\u4e50\u5728\u65c5\u9014\u6d77\u666f\u5ea6\u5047\u516c\u5bd3", "order_time": ["2019-01-15 21:01:24"], "total_order": 1, "hotel_value": ["4.8"], "hotel_price": ["270"]}, "10821256": {"hotel_name": "\u4e09\u4e9a\u9752\u79be\u53f6\u82b1\u56ed\u522b\u5885", "order_time": ["2019-01-15 21:01:24"], "total_order": 1, "hotel_value": ["4.8"], "hotel_price": ["202"]}, "428327": {"hotel_name": "\u5982\u5bb6\u5feb\u6377\u9152\u5e97(\u4e09\u4e9a\u4e09\u4e9a\u6e7e\u5409\u7965\u8857\u6d77\u666f\u5e97)", "order_time": ["2019-01-15 21:01:25"], "total_order": 1, "hotel_value": ["4.2"], "hotel_price": ["152"]}, "1101735": {"hotel_name": "\u4e09\u4e9a\u5fc6\u4e61\u4eba\u7cbe\u54c1\u5ba2\u6808", "order_time": ["2019-01-15 21:05:24", "2019-01-15 21:01:25"], "total_order": 2, "hotel_value": ["4.4", "4.4"], "hotel_price": ["153", "153"]}, "9362808": {"hotel_name": "\u4e09\u4e9a\u6d77\u7fd4\u6d77\u666f\u5ea6\u5047\u516c\u5bd3", "order_time": ["2019-01-15 21:01:25"], "total_order": 1, "hotel_value": ["4.7"], "hotel_price": ["322"]}, "7043890": {"hotel_name": "\u4e09\u4e9a\u534e\u4f4f\u6d77\u69ad\u516c\u5bd3(\u539f\u963f\u82e5\u62c9\u6d77\u666f\u82b1\u56ed\u9152\u5e97\u5f0f\u516c\u5bd3)", "order_time": ["2019-01-15 21:01:26"], "total_order": 1, "hotel_value": ["4.7"], "hotel_price": ["204"]}, "2012665": {"hotel_name": "\u4e09\u4e9a\u5317\u65b9\u516c\u5bd3", "order_time": ["2019-01-15 21:01:26"], "total_order": 1, "hotel_value": [0], "hotel_price": ["200"]}, "6808599": {"hotel_name": "\u4e09\u4e9a\u5d16\u57ce\u65bd\u987f\u9152\u5e97(\u539f\u65bd\u987f\u8fce\u5bbe\u9986)", "order_time": ["2019-01-15 21:03:24"], "total_order": 1, "hotel_value": ["4.2"], "hotel_price": ["258"]}, "26413397": {"hotel_name": "\u4e09\u4e9a\u871c\u65c5\u82cf\u683c\u9152\u5e97", "order_time": ["2019-01-15 21:03:24"], "total_order": 1, "hotel_value": ["4.8"], "hotel_price": ["200"]}, "1013154": {"hotel_name": "\u4e09\u4e9a\u5409\u5409\u5c9b\u5ea6\u5047\u6d0b\u623f\u522b\u5885", "order_time": ["2019-01-15 21:03:25"], "total_order": 1, "hotel_value": ["4.6"], "hotel_price": ["309"]}, "8657412": {"hotel_name": "\u4e09\u4e9a\u5927\u6811\u5ea6\u5047\u9152\u5e97", "order_time": ["2019-01-15 21:05:24"], "total_order": 1, "hotel_value": ["3.8"], "hotel_price": ["186"]}, "428289": {"hotel_name": "\u5982\u5bb6\u5feb\u6377\u9152\u5e97(\u4e09\u4e9a\u89e3\u653e\u8def\u65b0\u98ce\u8857\u4e09\u4e9a\u6e7e\u5e97)", "order_time": ["2019-01-15 21:05:24", "2019-01-15 21:43:25", "2019-01-15 21:33:25"], "total_order": 3, "hotel_value": ["4.3", "4.3", "4.3"], "hotel_price": ["197", "197", "206"]}, "18075076": {"hotel_name": "\u4e09\u4e9a\u827e\u8a00\u9152\u5e97", "order_time": ["2019-01-15 21:05:24", "2019-01-15 21:35:25"], "total_order": 2, "hotel_value": ["4.8", "4.8"], "hotel_price": ["230", "230"]}, "5896791": {"hotel_name": "\u4e09\u4e9a\u8d70\u8d70\u505c\u505c\u7cbe\u54c1\u5ba2\u6808\u5927\u4e1c\u6d77\u5e97", "order_time": ["2019-01-15 21:05:24"], "total_order": 1, "hotel_value": ["4.8"], "hotel_price": ["143"]}, "16948036": {"hotel_name": "\u4e09\u4e9a\u6e7e\u7ea2\u6811\u6797\u5ea6\u5047\u4e16\u754c(\u5927\u738b\u68d5\u9152\u5e97)", "order_time": ["2019-01-15 21:05:24", "2019-01-15 21:15:26", "2019-01-15 21:33:25", "2019-01-15 21:25:24"], "total_order": 4, "hotel_value": ["4.7", "4.7", "4.7", "4.7"], "hotel_price": ["523", "523", "523", "523"]}, "698750": {"hotel_name": "\u4e09\u4e9a\u6e7e\u8d85\u8d8a\u5bb6\u5ead\u65c5\u9986(\u5bb6\u5ead\u65c5\u9986)", "order_time": ["2019-01-15 21:05:25"], "total_order": 1, "hotel_value": ["4.3"], "hotel_price": ["129"]}, "6588982": {"hotel_name": "\u4e09\u4e9a\u5c0a\u5ba2\u5ea6\u5047\u9152\u5e97", "order_time": ["2019-01-15 21:07:25"], "total_order": 1, "hotel_value": ["4.7"], "hotel_price": ["143"]}, "6484684": {"hotel_name": "\u4e09\u4e9a\u4e07\u5ef7\u4e3b\u9898\u9152\u5e97", "order_time": ["2019-01-15 21:07:25"], "total_order": 1, "hotel_value": ["4.7"], "hotel_price": ["193"]}, "473314": {"hotel_name": "\u4e09\u4e9a\u4e8c\u6708\u6d77\u6d77\u666f\u9152\u5e97", "order_time": ["2019-01-15 21:07:25"], "total_order": 1, "hotel_value": ["4.9"], "hotel_price": ["191"]}, "345095": {"hotel_name": "\u4e09\u4e9a\u9ece\u5ba2\u56fd\u9645\u9152\u5e97", "order_time": ["2019-01-15 21:07:26"], "total_order": 1, "hotel_value": ["4.4"], "hotel_price": ["356"]}, "16448430": {"hotel_name": "\u4e09\u4e9a\u4e2d\u5ed6\u6751\u6c11\u5bbf", "order_time": ["2019-01-15 21:07:26", "2019-01-15 21:07:28", "2019-01-15 21:07:27"], "total_order": 3, "hotel_value": ["4.8", "4.8", "4.8"], "hotel_price": ["365", "365", "365"]}, "17582744": {"hotel_name": "\u4e09\u4e9aGreen House\u4e3b\u9898\u9152\u5e97", "order_time": ["2019-01-15 21:07:26", "2019-01-15 21:35:27"], "total_order": 2, "hotel_value": ["4.8", "4.8"], "hotel_price": ["116", "116"]}, "3631084": {"hotel_name": "\u4e09\u4e9a\u6e7e\u5e0c\u5c14\u987f\u6b22\u670b\u9152\u5e97", "order_time": ["2019-01-15 21:07:26", "2019-01-15 21:11:25"], "total_order": 2, "hotel_value": ["4.8", "4.8"], "hotel_price": ["517", "517"]}, "3197195": {"hotel_name": "\u54ea\u91cc\u90a3\u91cc\u6d77\u5cb8\u7cbe\u54c1\u5ba2\u6808(\u4e09\u4e9a\u4e9a\u9f99\u6e7e\u5e97)", "order_time": ["2019-01-15 21:37:27", "2019-01-15 21:19:26", "2019-01-15 21:07:27", "2019-01-15 21:11:25"], "total_order": 4, "hotel_value": ["4.8", "4.8", "4.8", "4.8"], "hotel_price": ["167", "167", "167", "167"]}, "15717524": {"hotel_name": "\u8d30\u53f7\u8bbe\u8ba1\u9152\u5e97(\u4e09\u4e9a\u51e4\u51f0\u673a\u573a\u5e97)", "order_time": ["2019-01-15 21:07:27"], "total_order": 1, "hotel_value": ["4.6"], "hotel_price": ["198"]}, "431932": {"hotel_name": "\u4e09\u4e9a\u94f6\u97f5\u6d77\u666f\u5ea6\u5047\u9152\u5e97", "order_time": ["2019-01-15 21:07:28"], "total_order": 1, "hotel_value": ["4.7"], "hotel_price": ["319"]}, "1715599": {"hotel_name": "\u4e09\u4e9a\u585e\u7eb3\u6d77\u5cb8\u827a\u672f\u5ba2\u6808", "order_time": ["2019-01-15 21:09:24", "2019-01-15 21:17:26"], "total_order": 2, "hotel_value": ["4.8", "4.8"], "hotel_price": ["139", "139"]}, "1212645": {"hotel_name": "\u4e09\u4e9a\u4fe1\u6d77\u5feb\u6377\u9152\u5e97", "order_time": ["2019-01-15 21:09:24"], "total_order": 1, "hotel_value": ["4.3"], "hotel_price": ["118"]}, "1692016": {"hotel_name": "\u4e09\u4e9a\u65f6\u5c1a\u6807\u81f4\u7cbe\u54c1\u9152\u5e97(\u539f\u65f6\u5c1a\u6807\u5fd7\u7cbe\u54c1\u9152\u5e97)", "order_time": ["2019-01-15 21:09:25"], "total_order": 1, "hotel_value": ["4.0"], "hotel_price": ["124"]}, "13692378": {"hotel_name": "\u4e09\u4e9a\u98ce\u7434\u6e7e\u6d77\u666f\u516c\u5bd3", "order_time": ["2019-01-15 21:21:26", "2019-01-15 21:09:25"], "total_order": 2, "hotel_value": ["4.9", "4.9"], "hotel_price": ["193", "193"]}, "1048330": {"hotel_name": "\u4e09\u4e9aNANUNA\u51b2\u6d6a\u5ea6\u5047\u9152\u5e97", "order_time": ["2019-01-15 21:09:25"], "total_order": 1, "hotel_value": ["4.0"], "hotel_price": ["553"]}, "386917": {"hotel_name": "\u4e09\u4e9a\u6d77\u97f5\u5ea6\u5047\u9152\u5e97", "order_time": ["2019-01-15 21:09:25", "2019-01-15 21:21:25"], "total_order": 2, "hotel_value": ["4.7", "4.7"], "hotel_price": ["748", "748"]}, "6482809": {"hotel_name": "\u4e09\u4e9a\u7801\u5934\u65f6\u5149\u6d77\u666f\u5ba2\u6808", "order_time": ["2019-01-15 21:09:26"], "total_order": 1, "hotel_value": ["4.3"], "hotel_price": ["103"]}, "4090817": {"hotel_name": "\u4e09\u4e9a\u9a6c\u5170\u82b1\u5047\u65e5\u9152\u5e97(\u539f\u5b81\u590f\u5927\u53a6)", "order_time": ["2019-01-15 21:11:25"], "total_order": 1, "hotel_value": ["4.5"], "hotel_price": ["368"]}, "854467": {"hotel_name": "\u4e09\u4e9a\u67d2\u73a5\u6d77\u8bed\u6d77\u666f\u4e3b\u9898\u9152\u5e97", "order_time": ["2019-01-15 21:15:25", "2019-01-15 21:11:25", "2019-01-15 21:35:25"], "total_order": 3, "hotel_value": ["4.6", "4.6", "4.6"], "hotel_price": ["98", "98", "113"]}, "6405320": {"hotel_name": "\u4e09\u4e9a\u4e9a\u9f99\u6e7e\u6728\u843d\u5ba2\u6808", "order_time": ["2019-01-15 21:11:26"], "total_order": 1, "hotel_value": ["4.5"], "hotel_price": ["130"]}, "532834": {"hotel_name": "\u4e09\u4e9a\u6d77\u68e0\u6e7e\u6c11\u751f\u5a01\u65af\u6c40\u5ea6\u5047\u9152\u5e97", "order_time": ["2019-01-15 21:43:25", "2019-01-15 21:21:25", "2019-01-15 21:11:26"], "total_order": 3, "hotel_value": ["4.6", "4.6", "4.6"], "hotel_price": ["1509", "1509", "1509"]}, "396500": {"hotel_name": "\u4e09\u4e9a\u6e7e\u4ed9\u5c45\u5e9c\u6d77\u666f\u9152\u5e97", "order_time": ["2019-01-15 21:13:25"], "total_order": 1, "hotel_value": ["4.4"], "hotel_price": ["502"]}, "643764": {"hotel_name": "\u6d77\u5357\u96c5\u5c45\u4e50\u65c5\u5bb6\u5ea6\u5047\u9152\u5e97", "order_time": ["2019-01-15 21:13:25"], "total_order": 1, "hotel_value": ["4.3"], "hotel_price": ["262"]}, "23632312": {"hotel_name": "\u4e09\u4e9a\u7396\u95f4\u623f\u65c5\u79df", "order_time": ["2019-01-15 21:13:25"], "total_order": 1, "hotel_value": ["4.9"], "hotel_price": ["99"]}, "1580379": {"hotel_name": "\u4e09\u4e9a\u5982\u7ea6\u5feb\u6377\u9152\u5e97", "order_time": ["2019-01-15 21:13:28", "2019-01-15 21:13:25"], "total_order": 2, "hotel_value": ["4.6", "4.6"], "hotel_price": ["128", "128"]}, "5292077": {"hotel_name": "\u4e09\u4e9a\u6d77\u8c5a\u6e7e\u4e3b\u9898\u9152\u5e97", "order_time": ["2019-01-15 21:13:26"], "total_order": 1, "hotel_value": ["4.5"], "hotel_price": ["111"]}, "25219265": {"hotel_name": "\u4e09\u4e9a\u7f18\u6765\u58f9\u5bb6\u5ba2\u6808", "order_time": ["2019-01-15 21:13:26"], "total_order": 1, "hotel_value": ["4.8"], "hotel_price": ["143"]}, "6357233": {"hotel_name": "\u4e09\u4e9a\u5e02\u6d01\u7f8e\u5bb6\u5ead\u65c5\u9986", "order_time": ["2019-01-15 21:13:27"], "total_order": 1, "hotel_value": [0], "hotel_price": ["78"]}, "14999032": {"hotel_name": "\u4e09\u4e9a\u4e9a\u9f99\u6e7e\u6d6e\u751f\u82e5\u5bbf\u8bbe\u8ba1\u6c11\u5bbf", "order_time": ["2019-01-15 21:13:28"], "total_order": 1, "hotel_value": ["4.9"], "hotel_price": ["478"]}, "3737569": {"hotel_name": "\u5ba2\u6765\u601d\u4e50\u7cbe\u54c1\u5ea6\u5047\u516c\u5bd3(\u4e09\u4e9a\u51e4\u51f0\u6c34\u57ce\u7fe0\u5c4f\u5e97)", "order_time": ["2019-01-15 21:15:25"], "total_order": 1, "hotel_value": ["4.5"], "hotel_price": ["292"]}, "5423919": {"hotel_name": "\u4e09\u4e9a\u6d77\u6615\u5c1a\u666f\u4e3b\u9898\u9152\u5e97", "order_time": ["2019-01-15 21:15:25", "2019-01-15 21:45:26"], "total_order": 2, "hotel_value": ["3.6", "3.6"], "hotel_price": ["72", "79"]}, "763575": {"hotel_name": "\u4e09\u4e9a\u6728\u5361\u59c6\u7cbe\u54c1\u9152\u5e97", "order_time": ["2019-01-15 21:15:25"], "total_order": 1, "hotel_value": ["4.4"], "hotel_price": ["200"]}, "10838135": {"hotel_name": "\u4e09\u4e9a\u6e7e\u6d77\u4e0a\u65f6\u5149\u5ea6\u5047\u516c\u5bd3", "order_time": ["2019-01-15 21:15:27"], "total_order": 1, "hotel_value": ["4.5"], "hotel_price": ["337"]}, "2147975": {"hotel_name": "\u4e09\u4e9a\u80cc\u5305\u5ba2\u56fd\u9645\u9752\u5e74\u65c5\u820d(\u539f\u9633\u5149\u56fd\u9645\u9752\u5e74\u65c5\u820d)", "order_time": ["2019-01-15 21:15:27"], "total_order": 1, "hotel_value": ["4.6"], "hotel_price": ["44"]}, "18425048": {"hotel_name": "\u4e09\u4e9a\u4e9a\u9f99\u6e7e\u4e1b\u6797\u5c0f\u7b51\u65c5\u79df", "order_time": ["2019-01-15 21:17:25"], "total_order": 1, "hotel_value": ["4.9"], "hotel_price": ["128"]}, "375179": {"hotel_name": "\u4e09\u4e9a\u6e7e\u7ea2\u6811\u6797\u5ea6\u5047\u4e16\u754c(\u6728\u68c9\u9152\u5e97)", "order_time": ["2019-01-15 21:17:25", "2019-01-15 21:21:25"], "total_order": 2, "hotel_value": ["4.6", "4.6"], "hotel_price": ["536", "536"]}, "3385222": {"hotel_name": "\u4e09\u4e9a\u6d77\u60a6\u4e1c\u65b9\u9152\u5e97", "order_time": ["2019-01-15 21:17:25"], "total_order": 1, "hotel_value": ["4.3"], "hotel_price": ["105"]}, "8577364": {"hotel_name": "\u65e9\u5b89\u5927\u6811\u9152\u5e97(\u4e09\u4e9a\u7f8e\u4e3d\u4e4b\u51a0\u5e97)(\u539f\u4e09\u4e9a\u65e9\u5b89\u6591\u514b\u9152\u5e97\u5927\u6811\u516c\u9986\u5e97)", "order_time": ["2019-01-15 21:17:26"], "total_order": 1, "hotel_value": ["4.5"], "hotel_price": ["172"]}, "7660007": {"hotel_name": "\u4e09\u4e9a\u767e\u9999\u679c\u7279\u8272\u4e3b\u9898\u5ba2\u6808", "order_time": ["2019-01-15 21:17:26"], "total_order": 1, "hotel_value": ["4.7"], "hotel_price": ["195"]}, "4371952": {"hotel_name": "\u4e09\u4e9a\u534e\u5b87\u4e9a\u9f99\u6e7e\u8fce\u5bbe\u9986", "order_time": ["2019-01-15 21:23:25", "2019-01-15 21:17:26"], "total_order": 2, "hotel_value": ["4.7", "4.7"], "hotel_price": ["759", "759"]}, "431279": {"hotel_name": "\u4e45\u6816\u00b7\u4e09\u4e9a\u5170\u6d77\u5ea6\u5047\u9152\u5e97\u516c\u5bd3", "order_time": ["2019-01-15 21:17:26"], "total_order": 1, "hotel_value": ["4.5"], "hotel_price": ["192"]}, "6503543": {"hotel_name": "\u4e09\u4e9a\u6c5f\u5357\u767e\u60a6\u5546\u52a1\u5927\u9152\u5e97", "order_time": ["2019-01-15 21:29:26", "2019-01-15 21:19:25"], "total_order": 2, "hotel_value": ["4.2", "4.2"], "hotel_price": ["227", "227"]}, "4090289": {"hotel_name": "\u4e09\u4e9a\u98ce\u8046\u6d77\u827a\u672f\u5ba2\u6808", "order_time": ["2019-01-15 21:19:25"], "total_order": 1, "hotel_value": ["4.8"], "hotel_price": ["106"]}, "8836577": {"hotel_name": "\u4e09\u4e9a\u51e4\u51f0\u5bb6\u5ead\u65c5\u79df", "order_time": ["2019-01-15 21:19:25"], "total_order": 1, "hotel_value": ["4.3"], "hotel_price": ["100"]}, "24847433": {"hotel_name": "\u4e09\u4e9a\u745e\u5c14\u66fc\u6d77\u666f\u5ea6\u5047\u516c\u5bd3", "order_time": ["2019-01-15 21:19:25"], "total_order": 1, "hotel_value": ["4.9"], "hotel_price": ["181"]}, "2045669": {"hotel_name": "\u4e09\u4e9a\u4e2d\u82d1\u5927\u9152\u5e97", "order_time": ["2019-01-15 21:19:26"], "total_order": 1, "hotel_value": ["3.1"], "hotel_price": ["178"]}, "24609830": {"hotel_name": "\u4e09\u4e9a\u6d77\u68e0\u6e7e\u5c0f\u68e0\u522b\u9662\u827a\u672f\u6c11\u5bbf", "order_time": ["2019-01-15 21:21:25"], "total_order": 1, "hotel_value": ["4.8"], "hotel_price": ["330"]}, "1573160": {"hotel_name": "\u683c\u6797\u8c6a\u6cf0(\u4e09\u4e9a\u4e9a\u9f99\u6e7e\u5e97)", "order_time": ["2019-01-15 21:21:26"], "total_order": 1, "hotel_value": ["4.5"], "hotel_price": ["213"]}, "1720697": {"hotel_name": "\u4e09\u4e9a\u65b0\u5b87\u9152\u5e97", "order_time": ["2019-01-15 21:23:24", "2019-01-15 21:31:26", "2019-01-15 21:45:26"], "total_order": 3, "hotel_value": ["4.3", "4.3", "4.3"], "hotel_price": ["156", "156", "156"]}, "2598376": {"hotel_name": "\u7ef4\u7eb3\u6d77\u5957\u623f\u6d77\u666f\u516c\u5bd3(\u4e09\u4e9a\u5927\u4e1c\u6d77\u5e97)", "order_time": ["2019-01-15 21:23:25"], "total_order": 1, "hotel_value": ["4.8"], "hotel_price": ["183"]}, "25768287": {"hotel_name": "\u4e09\u4e9a\u5357\u590f\u51ef\u83b1\u60a6\u4eab\u9152\u5e97", "order_time": ["2019-01-15 21:23:25"], "total_order": 1, "hotel_value": ["4.8"], "hotel_price": ["532"]}, "17265739": {"hotel_name": "\u4e09\u4e9a\u6d77\u68e0\u6e7e\u6d77\u97f5\u5361\u897f\u8bfa\u6d77\u666f\u5ea6\u5047\u516c\u5bd3", "order_time": ["2019-01-15 21:23:25"], "total_order": 1, "hotel_value": ["4.8"], "hotel_price": ["1878"]}, "17325404": {"hotel_name": "\u4e09\u4e9a\u6d1b\u514b\u94c2\u91d1\u6d77\u666f\u9152\u5e97", "order_time": ["2019-01-15 21:23:25"], "total_order": 1, "hotel_value": ["4.4"], "hotel_price": ["579"]}, "1484428": {"hotel_name": "\u4e09\u4e9a\u7965\u6668\u65c5\u9986", "order_time": ["2019-01-15 21:23:26"], "total_order": 1, "hotel_value": ["4.6"], "hotel_price": ["68"]}, "1377449": {"hotel_name": "Q\u52a0\u00b7\u4e09\u4e9a\u51e4\u51f0\u5c9b\u60a6\u4f73\u6d77\u4e0a\u516c\u5bd3", "order_time": ["2019-01-15 21:25:23"], "total_order": 1, "hotel_value": ["4.7"], "hotel_price": ["422"]}, "6106463": {"hotel_name": "\u4e09\u4e9a\u7f8e\u4e9a\u56db\u5b63\u9152\u5e97", "order_time": ["2019-01-15 21:25:24"], "total_order": 1, "hotel_value": ["4.6"], "hotel_price": ["338"]}, "12779869": {"hotel_name": "\u548c\u9890\u81f3\u683c\u9152\u5e97(\u4e09\u4e9a\u8c6a\u5a01\u9e92\u9e9f\u5e97)", "order_time": ["2019-01-15 21:25:24"], "total_order": 1, "hotel_value": ["4.6"], "hotel_price": ["298"]}, "25289049": {"hotel_name": "\u4e09\u4e9a\u946b\u6d77\u6e7e\u7cbe\u54c1\u65c5\u79df", "order_time": ["2019-01-15 21:25:24"], "total_order": 1, "hotel_value": [0], "hotel_price": ["151"]}, "25825346": {"hotel_name": "\u4e09\u4e9a\u6f6e\u5bbf\u90a6\u7cbe\u54c1\u516c\u5bd3", "order_time": ["2019-01-15 21:25:24"], "total_order": 1, "hotel_value": ["5.0"], "hotel_price": ["280"]}, "428335": {"hotel_name": "\u5982\u5bb6\u5feb\u6377\u9152\u5e97(\u4e09\u4e9a\u6986\u4e9a\u8def\u5927\u4e1c\u6d77\u5e97)", "order_time": ["2019-01-15 21:25:25"], "total_order": 1, "hotel_value": ["4.6"], "hotel_price": ["208"]}, "14122212": {"hotel_name": "\u4e09\u4e9a\u5c0f\u592a\u9633\u6d77\u666f\u9752\u5e74\u65c5\u793e", "order_time": ["2019-01-15 21:25:25"], "total_order": 1, "hotel_value": ["4.9"], "hotel_price": ["28"]}, "5772127": {"hotel_name": "\u4e09\u4e9a\u5927\u4e1c\u6d77\u5929\u9a84\u7cbe\u54c1\u5957\u623f\u6d77\u666f\u516c\u5bd3", "order_time": ["2019-01-15 21:25:25"], "total_order": 1, "hotel_value": ["4.9"], "hotel_price": ["275"]}, "3487933": {"hotel_name": "\u4e09\u4e9a\u6f2b\u5929\u6daf\u7cbe\u54c1\u6d77\u666f\u5ba2\u6808", "order_time": ["2019-01-15 21:25:25"], "total_order": 1, "hotel_value": ["4.0"], "hotel_price": ["113"]}, "344912": {"hotel_name": "\u4e09\u4e9a\u6d77\u5929\u5927\u9152\u5e97", "order_time": ["2019-01-15 21:27:26", "2019-01-15 21:37:26"], "total_order": 2, "hotel_value": ["4.6", "4.6"], "hotel_price": ["588", "588"]}, "8577314": {"hotel_name": "\u4e09\u4e9a\u7f8e\u4e3d\u4e4b\u51a0\u5e78\u798f\u6811\u5ea6\u5047\u9152\u5e97", "order_time": ["2019-01-15 21:27:27"], "total_order": 1, "hotel_value": ["4.0"], "hotel_price": ["177"]}, "4715654": {"hotel_name": "\u4e09\u4e9a\u6930\u5c9b\u98ce\u60c5\u6d77\u666f\u5ea6\u5047\u516c\u5bd3", "order_time": ["2019-01-15 21:29:25"], "total_order": 1, "hotel_value": ["4.9"], "hotel_price": ["488"]}, "1487778": {"hotel_name": "\u4e09\u4e9a\u732e\u7ed9\u6167\u9752\u5e74\u9a7f\u7ad9", "order_time": ["2019-01-15 21:29:27"], "total_order": 1, "hotel_value": ["4.4"], "hotel_price": ["38"]}, "20617615": {"hotel_name": "\u5982\u4f73\u5feb\u6377\u5bbe\u9986(\u4e09\u4e9a\u6d77\u68e0\u6e7e\u5e97)", "order_time": ["2019-01-15 21:29:28"], "total_order": 1, "hotel_value": ["4.7"], "hotel_price": ["129"]}, "7485514": {"hotel_name": "\u4e45\u6816\u00b7\u4e09\u4e9a\u60a0\u7136\u6d77\u8fb9\u5ea6\u5047\u516c\u5bd3", "order_time": ["2019-01-15 21:31:26"], "total_order": 1, "hotel_value": ["4.9"], "hotel_price": ["177"]}, "12824693": {"hotel_name": "\u6811\u4ebf\u5927\u6811\u5ea6\u5047\u9152\u5e97(\u4e09\u4e9a\u7f8e\u4e3d\u4e4b\u51a0\u5e02\u4e2d\u5fc3\u5e97)", "order_time": ["2019-01-15 21:43:25", "2019-01-15 21:31:26"], "total_order": 2, "hotel_value": ["4.5", "4.5"], "hotel_price": ["181", "181"]}, "1053702": {"hotel_name": "\u4e09\u4e9a\u540e\u6d77\u9a7f\u7ad9", "order_time": ["2019-01-15 21:31:27"], "total_order": 1, "hotel_value": ["4.6"], "hotel_price": ["148"]}, "845218": {"hotel_name": "\u6d77\u5357\u7eff\u57ce\u84dd\u6e7e\u5ea6\u5047\u9152\u5e97", "order_time": ["2019-01-15 21:33:24"], "total_order": 1, "hotel_value": ["4.7"], "hotel_price": ["590"]}, "6279068": {"hotel_name": "\u4e09\u4e9a\u6d77\u6f2b\u6f2b\u5ba2\u6808", "order_time": ["2019-01-15 21:33:25"], "total_order": 1, "hotel_value": ["4.5"], "hotel_price": ["110"]}, "18554984": {"hotel_name": "\u4e09\u4e9a\u98d8\u827a\u672f\u5ba2\u6808(\u51e4\u51f0\u673a\u573a\u5e97)", "order_time": ["2019-01-15 21:43:25", "2019-01-15 21:33:25"], "total_order": 2, "hotel_value": ["4.9", "4.9"], "hotel_price": ["188", "188"]}, "3040204": {"hotel_name": "\u521d\u89c1\u4e09\u4e9a\u6d77\u666f\u7a7a\u4e2d\u82b1\u56ed\u5ba2\u6808", "order_time": ["2019-01-15 21:35:25"], "total_order": 1, "hotel_value": ["4.9"], "hotel_price": ["248"]}, "6457048": {"hotel_name": "\u4f73\u8f69\u5047\u65e5\u9152\u5e97(\u4e09\u4e9a\u51e4\u51f0\u673a\u573a\u5e97)", "order_time": ["2019-01-15 21:43:24", "2019-01-15 21:35:25"], "total_order": 2, "hotel_value": ["4.5", "4.5"], "hotel_price": ["216", "235"]}, "8581510": {"hotel_name": "\u4e09\u4e9a\u534a\u5c71\u9a7f\u6d77\u5cb8\u7cbe\u54c1\u5ba2\u6808(\u539f\u871c\u5bb6\u5c0f\u9662)", "order_time": ["2019-01-15 21:35:25"], "total_order": 1, "hotel_value": ["4.7"], "hotel_price": ["101"]}, "6042438": {"hotel_name": "\u4e09\u4e9a\u6d77\u4e2b\u6545\u4e8b\u6c11\u4fd7\u6587\u5316\u4e3b\u9898\u5ba2\u6808(\u539f\u6d77\u5357\u6545\u4e8b\u4e3b\u9898\u5ba2\u6808)", "order_time": ["2019-01-15 21:35:25"], "total_order": 1, "hotel_value": ["4.8"], "hotel_price": ["150"]}, "6298012": {"hotel_name": "\u683c\u6797\u8054\u76df\u9152\u5e97(\u4e09\u4e9a\u4e00\u5e02\u573a\u5e97)", "order_time": ["2019-01-15 21:35:26", "2019-01-15 21:45:26"], "total_order": 2, "hotel_value": ["4.8", "4.8"], "hotel_price": ["129", "129"]}, "1211669": {"hotel_name": "\u4e09\u4e9a\u661f\u661f\u7231\u6d77\u666f\u516c\u5bd3", "order_time": ["2019-01-15 21:35:27"], "total_order": 1, "hotel_value": ["4.8"], "hotel_price": ["134"]}, "9152102": {"hotel_name": "\u4e09\u4e9a\u6d77\u68e0\u6e7e\u5982\u4f73\u5bbe\u9986\u8fde\u9501\u5e97", "order_time": ["2019-01-15 21:35:27"], "total_order": 1, "hotel_value": ["4.4"], "hotel_price": ["115"]}, "10898472": {"hotel_name": "\u4e09\u4e9a\u9605\u5fb7\u6069\u5ba2\u6808", "order_time": ["2019-01-15 21:35:27"], "total_order": 1, "hotel_value": ["4.9"], "hotel_price": ["125"]}, "438499": {"hotel_name": "\u4e09\u4e9a\u84dd\u8272\u5370\u8ff9\u6d77\u666f\u5ea6\u5047\u516c\u5bd3", "order_time": ["2019-01-15 21:35:27"], "total_order": 1, "hotel_value": ["4.7"], "hotel_price": ["317"]}, "5349356": {"hotel_name": "\u4e09\u4e9a\u98ce\u60c5\u6d77\u666f\u5ea6\u5047\u516c\u5bd3", "order_time": ["2019-01-15 21:35:27"], "total_order": 1, "hotel_value": ["4.5"], "hotel_price": ["174"]}, "28366169": {"hotel_name": "7\u5929\u4f18\u54c1\u9152\u5e97(\u4e09\u4e9a\u6e7e\u6d77\u6708\u5e7f\u573a\u6d77\u666f\u5e97)", "order_time": ["2019-01-15 21:35:27"], "total_order": 1, "hotel_value": ["4.8"], "hotel_price": ["161"]}, "4841285": {"hotel_name": "\u4e09\u4e9a\u7c73\u7b1b\u5c0f\u65c5", "order_time": ["2019-01-15 21:39:25", "2019-01-15 21:35:27"], "total_order": 2, "hotel_value": ["4.8", "4.8"], "hotel_price": ["48", "48"]}, "3462113": {"hotel_name": "\u5982\u5bb6\u6d3e\u67cf\u00b7\u4e91\u9152\u5e97(\u4e09\u4e9a\u4e9a\u9f99\u6e7e\u5e97)(\u539f\u91d1\u601d\u8fbe\u5047\u65e5\u9152\u5e97)", "order_time": ["2019-01-15 21:35:27"], "total_order": 1, "hotel_value": ["4.2"], "hotel_price": ["132"]}, "4544785": {"hotel_name": "\u4e09\u4e9a\u9759\u6d77\u5c4b\u5ea6\u5047\u516c\u5bd3", "order_time": ["2019-01-15 21:35:27"], "total_order": 1, "hotel_value": ["4.7"], "hotel_price": ["227"]}, "1480855": {"hotel_name": "\u4e09\u4e9a\u51ef\u5e1d\u6d77\u666f\u9152\u5e97", "order_time": ["2019-01-15 21:35:27"], "total_order": 1, "hotel_value": ["4.5"], "hotel_price": ["86"]}, "23946400": {"hotel_name": "\u4e09\u4e9a\u7f8e\u5885\u65e5\u8bb0\u522b\u5885", "order_time": ["2019-01-15 21:35:27"], "total_order": 1, "hotel_value": ["4.9"], "hotel_price": ["221"]}, "2021754": {"hotel_name": "\u4e09\u4e9a\u4fdd\u5229\u5929\u827a\u51e4\u51f0\u9152\u5e97", "order_time": ["2019-01-15 21:37:26"], "total_order": 1, "hotel_value": ["4.4"], "hotel_price": ["306"]}, "1645771": {"hotel_name": "\u4e09\u4e9a\u68c0\u987a\u5546\u52a1\u9152\u5e97(\u539f\u805a\u946b\u56ed\u5546\u52a1\u9152\u5e97)", "order_time": ["2019-01-15 21:37:27"], "total_order": 1, "hotel_value": ["4.2"], "hotel_price": ["169"]}, "1410632": {"hotel_name": "\u683c\u6797\u8c6a\u6cf0(\u4e09\u4e9a\u548c\u5e73\u8857\u60c5\u4eba\u6865\u5e97)", "order_time": ["2019-01-15 21:37:27"], "total_order": 1, "hotel_value": ["4.2"], "hotel_price": ["152"]}, "4694643": {"hotel_name": "\u4e09\u4e9a\u4e9a\u9f99\u6e7e\u559c\u820d\u6cf3\u6c60\u522b\u5885\u5ea6\u5047\u516c\u5bd3(\u539f\u559c\u820d\u4eca\u559c\u6765\u7cbe\u54c1\u5ea6\u5047\u9152\u5e97)", "order_time": ["2019-01-15 21:39:25"], "total_order": 1, "hotel_value": ["4.7"], "hotel_price": ["294"]}, "1307096": {"hotel_name": "\u4e1c\u65b9\u4e4b\u9053\u6d77\u666f\u5ea6\u5047\u5ba2\u6808(\u4e09\u4e9a\u5929\u6daf\u5e97)", "order_time": ["2019-01-15 21:39:25"], "total_order": 1, "hotel_value": ["4.4"], "hotel_price": ["86"]}, "6541448": {"hotel_name": "\u4e09\u4e9a\u745e\u6cf0\u660e\u73e0\u9152\u5e97(\u51e4\u51f0\u673a\u573a\u5e97)", "order_time": ["2019-01-15 21:41:27"], "total_order": 1, "hotel_value": ["4.6"], "hotel_price": ["152"]}, "10901446": {"hotel_name": "\u4e09\u4e9a\u4ee5\u6cab\u6d77\u666f\u5ba2\u6808", "order_time": ["2019-01-15 21:43:25"], "total_order": 1, "hotel_value": ["4.8"], "hotel_price": ["128"]}, "1717871": {"hotel_name": "\u4e09\u4e9a\u5b89\u6f2b\u4e91\u820d\u5047\u65e5\u9152\u5e97(\u539f\u542c\u98ce\u5ea6\u5047\u516c\u5bd3)", "order_time": ["2019-01-15 21:43:25"], "total_order": 1, "hotel_value": ["4.7"], "hotel_price": ["163"]}, "11831271": {"hotel_name": "\u4e09\u4e9a\u743c\u741a\uff08\u7cbe\u54c1\uff09\u6c11\u5bbf", "order_time": ["2019-01-15 21:43:25"], "total_order": 1, "hotel_value": ["5.0"], "hotel_price": ["194"]}, "26669466": {"hotel_name": "\u4e09\u4e9a\u81ea\u7531\u7a7a\u95f4\u65c5\u79df", "order_time": ["2019-01-15 21:43:25"], "total_order": 1, "hotel_value": ["4.7"], "hotel_price": ["107"]}, "1536008": {"hotel_name": "\u4e09\u4e9a\u6930\u6d77\u5927\u9152\u5e97", "order_time": ["2019-01-15 21:43:27"], "total_order": 1, "hotel_value": ["4.4"], "hotel_price": ["218"]}, "15164961": {"hotel_name": "\u4e09\u4e9a\u5c4b\u5947\u9152\u5e97(\u6b65\u884c\u8857\u5e97)", "order_time": ["2019-01-15 21:45:26"], "total_order": 1, "hotel_value": ["4.6"], "hotel_price": ["184"]}, "425743": {"hotel_name": "\u4e09\u4e9a\u679c\u559c\u5927\u9152\u5e97", "order_time": ["2019-01-15 21:45:26"], "total_order": 1, "hotel_value": ["4.6"], "hotel_price": ["322"]}, "454362": {"hotel_name": "\u4e09\u4e9a\u4ebf\u6e90\u8f69\u5b87\u5927\u9152\u5e97", "order_time": ["2019-01-15 21:45:26"], "total_order": 1, "hotel_value": ["4.6"], "hotel_price": ["473"]}, "5253602": {"hotel_name": "\u4e09\u4e9a\u6e7e\u98ce\u5c1a\u6d77\u666f\u5ea6\u5047\u516c\u5bd3", "order_time": ["2019-01-15 21:45:26"], "total_order": 1, "hotel_value": ["4.9"], "hotel_price": ["257"]}, "976249": {"hotel_name": "\u54ea\u91cc\u90a3\u91cc\u6d77\u5cb8\u7cbe\u54c1\u5ba2\u6808(\u4e09\u4e9a\u5927\u4e1c\u6d77\u5e97)", "order_time": ["2019-01-15 21:45:26"], "total_order": 1, "hotel_value": ["4.8"], "hotel_price": ["148"]}, "8616662": {"hotel_name": "\u4e09\u4e9a\u62fe\u5149\u96c6\u827a\u672f\u4e3b\u9898\u9152\u5e97(\u539f\u4e09\u4e9a\u62fe\u5149\u96c6\u7cbe\u54c1\u6c11\u5bbf)", "order_time": ["2019-01-15 21:45:26"], "total_order": 1, "hotel_value": ["4.8"], "hotel_price": ["174"]}, "6839693": {"hotel_name": "\u4e09\u4e9a\u68ee\u6797\u6d77\u5cb8\u6cf3\u6c60\u5ea6\u5047\u522b\u5885", "order_time": ["2019-01-15 21:45:26"], "total_order": 1, "hotel_value": ["4.9"], "hotel_price": ["388"]}, "14003763": {"hotel_name": "\u4e09\u4e9a\u5fc3\u4e00\u5883\u7985\u610f\u5927\u9152\u5e97", "order_time": ["2019-01-15 21:45:26"], "total_order": 1, "hotel_value": ["4.8"], "hotel_price": ["322"]}}}