{"\u5f00\u59cb\u8bb0\u5f55\u65f6\u95f4": "2019-01-06 08:09:53", "\u7ed3\u675f\u8bb0\u5f55\u65f6\u95f4": "2019-01-06 09:09:53", "\u8ba2\u5355\u603b\u589e\u91cf": 129, "item": {"25768287": {"hotel_name": "\u4e09\u4e9a\u5357\u590f\u51ef\u83b1\u60a6\u4eab\u9152\u5e97", "order_time": ["2019-01-06 08:12:00", "2019-01-06 08:50:01"], "total_order": 2, "hotel_value": ["4.9", "4.9"], "hotel_price": ["455", "455"]}, "3197195": {"hotel_name": "\u54ea\u91cc\u90a3\u91cc\u6d77\u5cb8\u7cbe\u54c1\u5ba2\u6808(\u4e09\u4e9a\u4e9a\u9f99\u6e7e\u5e97)", "order_time": ["2019-01-06 08:12:00"], "total_order": 1, "hotel_value": ["4.8"], "hotel_price": ["190"]}, "1881142": {"hotel_name": "7\u5929\u8fde\u9501\u9152\u5e97(\u4e09\u4e9a\u5409\u7965\u8857\u6d77\u666f\u5e97)", "order_time": ["2019-01-06 08:13:59"], "total_order": 1, "hotel_value": ["4.5"], "hotel_price": ["141"]}, "13328890": {"hotel_name": "\u5982\u5bb6\u7cbe\u9009\u9152\u5e97(\u4e09\u4e9a\u8c6a\u5a01\u9e92\u9e9f\u5e97)", "order_time": ["2019-01-06 08:51:59", "2019-01-06 08:14:01"], "total_order": 2, "hotel_value": ["4.6", "4.6"], "hotel_price": ["267", "267"]}, "345553": {"hotel_name": "\u4e09\u4e9a\u4e9a\u9f99\u6e7e\u7ea2\u6811\u6797\u5ea6\u5047\u9152\u5e97", "order_time": ["2019-01-06 08:16:03", "2019-01-06 08:16:04", "2019-01-06 08:16:00"], "total_order": 3, "hotel_value": ["4.7", "4.7", "4.7"], "hotel_price": ["888", "888", "888"]}, "6343548": {"hotel_name": "\u4e09\u4e9a\u6d77\u8fb9\u7cbe\u54c1\u5ea6\u5047\u516c\u5bd3", "order_time": ["2019-01-06 08:16:00"], "total_order": 1, "hotel_value": ["4.9"], "hotel_price": ["171"]}, "3735187": {"hotel_name": "\u4e09\u4e9a\u7406\u6587\u7d22\u83f2\u7279\u5ea6\u5047\u9152\u5e97", "order_time": ["2019-01-06 08:16:00"], "total_order": 1, "hotel_value": ["4.7"], "hotel_price": ["933"]}, "436677": {"hotel_name": "\u4e09\u4e9a\u4e3d\u666f\u6d77\u6e7e\u9152\u5e97", "order_time": ["2019-01-06 08:16:00"], "total_order": 1, "hotel_value": ["4.6"], "hotel_price": ["303"]}, "3068224": {"hotel_name": "\u4e09\u4e9a\u5927\u4e1c\u6d77HOME\u5957\u623f\u5ea6\u5047\u6d77\u666f\u5ba2\u6808", "order_time": ["2019-01-06 08:16:00"], "total_order": 1, "hotel_value": ["4.8"], "hotel_price": ["150"]}, "346702": {"hotel_name": "\u4e09\u4e9a\u8fb0\u5149\u514b\u62c9\u7801\u5934\u9152\u5e97", "order_time": ["2019-01-06 08:56:02", "2019-01-06 08:16:00"], "total_order": 2, "hotel_value": ["4.6", "4.6"], "hotel_price": ["380", "408"]}, "344912": {"hotel_name": "\u4e09\u4e9a\u6d77\u5929\u5927\u9152\u5e97", "order_time": ["2019-01-06 08:16:00"], "total_order": 1, "hotel_value": ["4.6"], "hotel_price": ["303"]}, "808618": {"hotel_name": "7\u5929\u8fde\u9501\u9152\u5e97(\u4e09\u4e9a\u4e09\u4e9a\u6e7e\u6d77\u666f\u5e97)", "order_time": ["2019-01-06 08:16:00"], "total_order": 1, "hotel_value": ["4.3"], "hotel_price": ["120"]}, "5398745": {"hotel_name": "\u4e09\u4e9a\u897f\u85cf\u5927\u53a6\u5f00\u5143\u540d\u90fd\u9152\u5e97", "order_time": ["2019-01-06 08:16:01"], "total_order": 1, "hotel_value": ["4.6"], "hotel_price": ["390"]}, "1434723": {"hotel_name": "\u4e09\u4e9a\u667a\u53cb\u4e3b\u9898\u5bbe\u9986", "order_time": ["2019-01-06 08:16:01"], "total_order": 1, "hotel_value": ["4.9"], "hotel_price": ["116"]}, "6345626": {"hotel_name": "\u67cf\u680e\u5ea6\u5047\u9152\u5e97(\u4e09\u4e9a\u5343\u53e4\u60c5\u5e97)", "order_time": ["2019-01-06 08:17:59"], "total_order": 1, "hotel_value": ["4.5"], "hotel_price": ["348"]}, "1457262": {"hotel_name": "\u4e09\u4e9a\u5c71\u6d77\u5929JW\u4e07\u8c6a\u9152\u5e97", "order_time": ["2019-01-06 08:18:00", "2019-01-06 08:36:00"], "total_order": 2, "hotel_value": ["4.7", "4.7"], "hotel_price": ["882", "882"]}, "1480106": {"hotel_name": "\u4e09\u4e9a\u91d1\u8354\u6e7e\u9152\u5e97", "order_time": ["2019-01-06 08:18:00"], "total_order": 1, "hotel_value": ["4.1"], "hotel_price": ["111"]}, "346676": {"hotel_name": "\u4e09\u4e9a\u56fd\u5149\u8c6a\u751f\u5ea6\u5047\u9152\u5e97", "order_time": ["2019-01-06 08:18:00"], "total_order": 1, "hotel_value": ["4.5"], "hotel_price": ["669"]}, "457450": {"hotel_name": "\u4e09\u4e9a\u534a\u5c71\u534a\u5c9b\u5b89\u7eb3\u5854\u62c9\u5ea6\u5047\u9152\u5e97", "order_time": ["2019-01-06 08:18:00"], "total_order": 1, "hotel_value": ["4.5"], "hotel_price": ["788"]}, "8589084": {"hotel_name": "\u4e09\u4e9a\u51e4\u51f0\u7f8e\u4e3d\u5927\u9152\u5e97", "order_time": ["2019-01-06 08:18:00"], "total_order": 1, "hotel_value": ["4.8"], "hotel_price": ["192"]}, "1067285": {"hotel_name": "\u6d77\u5357\u84dd\u6e7e\u7eff\u57ce\u5a01\u65af\u6c40\u5ea6\u5047\u9152\u5e97", "order_time": ["2019-01-06 08:18:01"], "total_order": 1, "hotel_value": ["4.7"], "hotel_price": ["891"]}, "396500": {"hotel_name": "\u4e09\u4e9a\u6e7e\u4ed9\u5c45\u5e9c\u6d77\u666f\u9152\u5e97", "order_time": ["2019-01-06 08:18:01"], "total_order": 1, "hotel_value": ["4.4"], "hotel_price": ["340"]}, "741295": {"hotel_name": "\u4e09\u4e9a\u8fdc\u8fd1\u6d77\u666f\u9152\u5e97", "order_time": ["2019-01-06 08:18:02"], "total_order": 1, "hotel_value": ["4.6"], "hotel_price": ["182"]}, "15717224": {"hotel_name": "\u5fc6\u8bed\u6d41\u5e74\u4e3b\u9898\u5ba2\u6808(\u4e09\u4e9a\u6d77\u68e0\u6e7e\u5e97)", "order_time": ["2019-01-06 08:18:02"], "total_order": 1, "hotel_value": ["4.8"], "hotel_price": ["209"]}, "1284874": {"hotel_name": "\u4e09\u4e9a\u9999\u683c\u91cc\u62c9\u5ea6\u5047\u9152\u5e97", "order_time": ["2019-01-06 08:37:59", "2019-01-06 08:19:58"], "total_order": 2, "hotel_value": ["4.6", "4.6"], "hotel_price": ["875", "875"]}, "5296769": {"hotel_name": "\u4e09\u4e9a\u6d77\u68e0\u6e7e\u541b\u60a6\u9152\u5e97", "order_time": ["2019-01-06 08:19:58"], "total_order": 1, "hotel_value": ["4.7"], "hotel_price": ["983"]}, "8627044": {"hotel_name": "\u4e09\u4e9a\u4fdd\u5229\u7470\u4e3d\u9152\u5e97", "order_time": ["2019-01-06 08:19:58"], "total_order": 1, "hotel_value": ["4.7"], "hotel_price": ["1842"]}, "976648": {"hotel_name": "\u6c49\u5ead\u9152\u5e97(\u4e09\u4e9a\u6625\u56ed\u6d77\u9c9c\u5e7f\u573a\u5e97)", "order_time": ["2019-01-06 08:19:59"], "total_order": 1, "hotel_value": ["4.4"], "hotel_price": ["210"]}, "430981": {"hotel_name": "\u5982\u5bb6\u5feb\u6377\u9152\u5e97(\u4e09\u4e9a\u89e3\u653e\u8def\u660e\u73e0\u5e7f\u573a\u8d2d\u7269\u4e2d\u5fc3\u5e97)", "order_time": ["2019-01-06 08:21:59"], "total_order": 1, "hotel_value": ["4.5"], "hotel_price": ["137"]}, "8616662": {"hotel_name": "\u4e09\u4e9a\u62fe\u5149\u96c6\u827a\u672f\u4e3b\u9898\u9152\u5e97(\u539f\u4e09\u4e9a\u62fe\u5149\u96c6\u7cbe\u54c1\u6c11\u5bbf)", "order_time": ["2019-01-06 08:21:59"], "total_order": 1, "hotel_value": ["4.8"], "hotel_price": ["184"]}, "346760": {"hotel_name": "\u4e09\u4e9a\u4e9a\u9f99\u6e7e\u8f9b\u7279\u62c9\u8d4f\u693f\u5957\u623f\u5ea6\u5047\u9152\u5e97", "order_time": ["2019-01-06 08:21:59"], "total_order": 1, "hotel_value": ["4.3"], "hotel_price": ["426"]}, "3385222": {"hotel_name": "\u4e09\u4e9a\u6d77\u60a6\u4e1c\u65b9\u9152\u5e97", "order_time": ["2019-01-06 08:22:00"], "total_order": 1, "hotel_value": ["4.4"], "hotel_price": ["116"]}, "1678359": {"hotel_name": "\u4e09\u4e9a\u4e91\u6d77\u5885\u4e3b\u9898\u522b\u5885\u5ba2\u6808\u5927\u4e1c\u6d77\u5e97", "order_time": ["2019-01-06 08:22:00", "2019-01-06 08:43:59"], "total_order": 2, "hotel_value": ["4.7", "4.7"], "hotel_price": ["170", "182"]}, "1185042": {"hotel_name": "\u4e09\u4e9a\u6e7e\u7ea2\u6811\u6797\u5ea6\u5047\u4e16\u754c(\u83e9\u63d0\u9152\u5e97)", "order_time": ["2019-01-06 08:28:00", "2019-01-06 08:39:59", "2019-01-06 08:22:00", "2019-01-06 08:50:01"], "total_order": 4, "hotel_value": ["4.7", "4.7", "4.7", "4.7"], "hotel_price": ["519", "519", "519", "519"]}, "345522": {"hotel_name": "\u4e09\u4e9a\u5929\u57df\u5ea6\u5047\u9152\u5e97", "order_time": ["2019-01-06 08:22:00"], "total_order": 1, "hotel_value": ["4.8"], "hotel_price": ["799"]}, "346724": {"hotel_name": "\u4e09\u4e9a\u56fd\u9645\u996d\u5e97", "order_time": ["2019-01-06 08:24:00"], "total_order": 1, "hotel_value": ["4.0"], "hotel_price": ["287"]}, "1067912": {"hotel_name": "\u4e09\u4e9a\u7ea2\u8272\u6c34\u6676\u5ba2\u6808", "order_time": ["2019-01-06 08:24:01"], "total_order": 1, "hotel_value": ["4.6"], "hotel_price": ["102"]}, "473368": {"hotel_name": "\u5982\u5bb6\u6d3e\u67cf\u00b7\u4e91\u9152\u5e97(\u4e09\u4e9a\u9e7f\u56de\u5934\u516c\u56ed\u6d77\u666f\u5e97)(\u539f\u661f\u5ea7\u9152\u5e97)", "order_time": ["2019-01-06 08:24:01"], "total_order": 1, "hotel_value": [0], "hotel_price": ["136"]}, "879580": {"hotel_name": "\u9526\u6c5f\u4e4b\u661f(\u4e09\u4e9a\u56fd\u9645\u8d2d\u7269\u4e2d\u5fc3\u6d77\u666f\u5e97)", "order_time": ["2019-01-06 08:26:00"], "total_order": 1, "hotel_value": ["4.5"], "hotel_price": ["189"]}, "344934": {"hotel_name": "\u4e09\u4e9a\u6930\u6797\u6ee9\u5927\u9152\u5e97", "order_time": ["2019-01-06 08:26:00"], "total_order": 1, "hotel_value": ["4.4"], "hotel_price": ["320"]}, "2021336": {"hotel_name": "\u4e09\u4e9a\u82f1\u8fea\u65af\u5ea6\u5047\u65c5\u79df", "order_time": ["2019-01-06 08:28:00"], "total_order": 1, "hotel_value": ["4.4"], "hotel_price": ["111"]}, "486003": {"hotel_name": "\u4e09\u4e9a\u8708\u652f\u6d32\u5c9b\u73ca\u745a\u9152\u5e97", "order_time": ["2019-01-06 08:28:00"], "total_order": 1, "hotel_value": ["4.8"], "hotel_price": ["749"]}, "7864205": {"hotel_name": "\u65f6\u4ee3\u5927\u6811\u5ea6\u5047\u9152\u5e97(\u4e09\u4e9a\u7f8e\u4e3d\u4e4b\u51a0\u5e97)(\u539f\u7f8e\u4e3d\u4e4b\u51a0\u5927\u6811\u5ea6\u5047\u9152\u5e97)", "order_time": ["2019-01-06 08:28:00"], "total_order": 1, "hotel_value": ["4.7"], "hotel_price": ["198"]}, "2091425": {"hotel_name": "\u4e09\u4e9a\u7965\u548c\u9152\u5e97", "order_time": ["2019-01-06 08:28:01"], "total_order": 1, "hotel_value": ["4.5"], "hotel_price": ["174"]}, "18075076": {"hotel_name": "\u4e09\u4e9a\u827e\u8a00\u9152\u5e97", "order_time": ["2019-01-06 08:28:01"], "total_order": 1, "hotel_value": ["4.8"], "hotel_price": ["344"]}, "5398387": {"hotel_name": "\u4e09\u4e9a\u5927\u6811\u4e03\u661f\u9152\u5e97", "order_time": ["2019-01-06 08:28:01"], "total_order": 1, "hotel_value": ["4.3"], "hotel_price": ["216"]}, "14249344": {"hotel_name": "\u4e09\u4e9a\u4e9a\u7279\u5170\u8482\u65af\u9152\u5e97", "order_time": ["2019-01-06 08:51:59", "2019-01-06 08:30:00"], "total_order": 2, "hotel_value": ["4.6", "4.6"], "hotel_price": ["3088", "3088"]}, "471663": {"hotel_name": "\u4e09\u4e9a\u5206\u754c\u6d32\u5c9b\u6d77\u9493\u4f1a\u6240", "order_time": ["2019-01-06 08:30:00"], "total_order": 1, "hotel_value": ["4.5"], "hotel_price": ["685"]}, "3631084": {"hotel_name": "\u4e09\u4e9a\u6e7e\u5e0c\u5c14\u987f\u6b22\u670b\u9152\u5e97", "order_time": ["2019-01-06 08:31:59"], "total_order": 1, "hotel_value": ["4.8"], "hotel_price": ["529"]}, "1483190": {"hotel_name": "\u4e09\u4e9a\u4e9a\u9f99\u6e7e\u7fe1\u7fe0\u5ea6\u5047\u516c\u5bd3", "order_time": ["2019-01-06 08:31:59"], "total_order": 1, "hotel_value": ["4.6"], "hotel_price": ["229"]}, "386917": {"hotel_name": "\u4e09\u4e9a\u6d77\u97f5\u5ea6\u5047\u9152\u5e97", "order_time": ["2019-01-06 08:34:00"], "total_order": 1, "hotel_value": ["4.7"], "hotel_price": ["748"]}, "6485192": {"hotel_name": "\u4e09\u4e9a\u5927\u4e1c\u6d77\u7cbe\u54c1\u6d77\u666f\u5ea6\u5047\u516c\u5bd3", "order_time": ["2019-01-06 08:54:02", "2019-01-06 08:34:01"], "total_order": 2, "hotel_value": ["4.7", "4.7"], "hotel_price": ["146", "146"]}, "6126289": {"hotel_name": "\u4e09\u4e9a\u84dd\u6d77\u4e00\u53f7\u6d77\u5cb8\u9152\u5e97", "order_time": ["2019-01-06 08:40:00", "2019-01-06 08:36:00"], "total_order": 2, "hotel_value": ["4.8", "4.8"], "hotel_price": ["163", "163"]}, "1434740": {"hotel_name": "\u67ab\u6797\u665a\u4e3b\u9898\u9152\u5e97(\u4e09\u4e9a\u6625\u56ed\u6d77\u9c9c\u5e7f\u573a\u5e97)", "order_time": ["2019-01-06 08:36:01"], "total_order": 1, "hotel_value": ["4.9"], "hotel_price": ["153"]}, "643641": {"hotel_name": "\u4e09\u4e9a\u51e4\u51f0\u673a\u573a\u6d77\u822a\u5feb\u6377\u9152\u5e97", "order_time": ["2019-01-06 08:36:01", "2019-01-06 08:44:00"], "total_order": 2, "hotel_value": ["4.1", "4.1"], "hotel_price": ["208", "208"]}, "894403": {"hotel_name": "\u4e09\u4e9a\u96cd\u548c\u56fd\u9645\u9752\u5e74\u65c5\u820d", "order_time": ["2019-01-06 08:36:01"], "total_order": 1, "hotel_value": ["4.6"], "hotel_price": ["46"]}, "5249280": {"hotel_name": "\u4e09\u4e9a\u5c0f\u718a\u4e4b\u5bb6\u5feb\u6377\u5bbe\u9986", "order_time": ["2019-01-06 08:38:00"], "total_order": 1, "hotel_value": ["4.2"], "hotel_price": ["107"]}, "1315536": {"hotel_name": "\u4e09\u4e9a\u5e15\u5c14\u7f8e\u7eb3\u56fd\u9645\u5ea6\u5047\u516c\u5bd3", "order_time": ["2019-01-06 08:38:00"], "total_order": 1, "hotel_value": ["4.8"], "hotel_price": ["241"]}, "428318": {"hotel_name": "\u4e09\u4e9a\u6021\u5ead\u9152\u5e97", "order_time": ["2019-01-06 08:40:00"], "total_order": 1, "hotel_value": ["4.8"], "hotel_price": ["323"]}, "1994723": {"hotel_name": "\u4e09\u4e9a\u51e4\u51f0\u5c9b\u661f\u5bb8\u6d77\u666f\u5ea6\u5047\u9152\u5e97", "order_time": ["2019-01-06 08:40:00"], "total_order": 1, "hotel_value": ["3.8"], "hotel_price": ["382"]}, "1648269": {"hotel_name": "\u4e09\u4e9a\u5fc6\u4e61\u4eba\u5c71\u5885\u5ba2\u6808", "order_time": ["2019-01-06 08:40:01"], "total_order": 1, "hotel_value": ["4.5"], "hotel_price": ["165"]}, "1580558": {"hotel_name": "\u901f8\u9152\u5e97(\u4e09\u4e9a\u6e7e\u5409\u7965\u8857\u5e97)", "order_time": ["2019-01-06 08:41:58"], "total_order": 1, "hotel_value": ["4.6"], "hotel_price": ["168"]}, "25644103": {"hotel_name": "\u4e09\u4e9a\u6d77\u68e0\u82b1\u820d\u6d77\u666f\u5ea6\u5047\u9152\u5e97\u5f0f\u516c\u5bd3", "order_time": ["2019-01-06 08:41:59"], "total_order": 1, "hotel_value": ["4.9"], "hotel_price": ["621"]}, "1137078": {"hotel_name": "\u6d77\u5357\u6e05\u6c34\u6e7e\u5047\u65e5\u5ea6\u5047\u9152\u5e97", "order_time": ["2019-01-06 08:42:00"], "total_order": 1, "hotel_value": ["4.7"], "hotel_price": ["550"]}, "19844684": {"hotel_name": "\u4e09\u4e9a\u8212\u4e4b\u4f73\u5ba2\u6808", "order_time": ["2019-01-06 08:42:00"], "total_order": 1, "hotel_value": ["4.8"], "hotel_price": ["103"]}, "4029762": {"hotel_name": "\u4e09\u4e9a\u6d77\u5fc3\u613f\u6d77\u666f\u5ea6\u5047\u516c\u5bd3", "order_time": ["2019-01-06 08:43:59"], "total_order": 1, "hotel_value": ["4.7"], "hotel_price": ["288"]}, "431932": {"hotel_name": "\u4e09\u4e9a\u94f6\u97f5\u6d77\u666f\u5ea6\u5047\u9152\u5e97", "order_time": ["2019-01-06 08:43:59"], "total_order": 1, "hotel_value": ["4.7"], "hotel_price": ["420"]}, "1682691": {"hotel_name": "\u4e09\u4e9a\u4eac\u6d77\u56fd\u9645\u5047\u65e5\u9152\u5e97", "order_time": ["2019-01-06 08:58:00", "2019-01-06 08:46:00"], "total_order": 2, "hotel_value": ["4.6", "4.6"], "hotel_price": ["489", "489"]}, "430163": {"hotel_name": "\u4e09\u4e9a\u4e9a\u9f99\u6e7e\u94c2\u5c14\u66fc\u522b\u5885\u5ea6\u5047\u9152\u5e97", "order_time": ["2019-01-06 08:46:00"], "total_order": 1, "hotel_value": ["4.6"], "hotel_price": ["899"]}, "1716498": {"hotel_name": "\u4e09\u4e9a\u65e5\u946b\u5ea6\u5047\u9152\u5e97", "order_time": ["2019-01-06 08:46:01"], "total_order": 1, "hotel_value": ["3.3"], "hotel_price": ["89"]}, "1415685": {"hotel_name": "\u4e09\u4e9a9\u53f7\u4e3b\u9898\u516c\u5bd3", "order_time": ["2019-01-06 08:47:59", "2019-01-06 08:54:01", "2019-01-06 08:52:00"], "total_order": 3, "hotel_value": ["4.9", "4.9", "4.9"], "hotel_price": ["298", "298", "298"]}, "7043890": {"hotel_name": "\u4e09\u4e9a\u963f\u82e5\u62c9\u6d77\u666f\u82b1\u56ed\u9152\u5e97\u5f0f\u516c\u5bd3", "order_time": ["2019-01-06 08:50:01"], "total_order": 1, "hotel_value": ["4.7"], "hotel_price": ["247"]}, "6635244": {"hotel_name": "\u4e09\u4e9a\u6893\u8def\u5ba2\u6808", "order_time": ["2019-01-06 08:50:01"], "total_order": 1, "hotel_value": ["4.7"], "hotel_price": ["163"]}, "1486685": {"hotel_name": "\u4e09\u4e9a\u51e4\u51f0\u5c9b\u5ea6\u5047\u9152\u5e97", "order_time": ["2019-01-06 08:51:59"], "total_order": 1, "hotel_value": ["4.7"], "hotel_price": ["858"]}, "512853": {"hotel_name": "\u4e09\u4e9a\u7267\u6d77\u65c5\u820d\u4e09\u4e9a\u6e7e\u5e97", "order_time": ["2019-01-06 08:51:59"], "total_order": 1, "hotel_value": ["4.7"], "hotel_price": ["292"]}, "4841962": {"hotel_name": "\u4e09\u4e9a\u7231\u7b51\u6545\u4e8b\u5ba2\u6808", "order_time": ["2019-01-06 08:51:59"], "total_order": 1, "hotel_value": ["4.9"], "hotel_price": ["131"]}, "2201212": {"hotel_name": "\u4e09\u4e9a1119\u5ea6\u5047\u751f\u6d3b\u522b\u9986", "order_time": ["2019-01-06 08:51:59"], "total_order": 1, "hotel_value": ["4.9"], "hotel_price": ["282"]}, "6504155": {"hotel_name": "\u4e09\u4e9a\u552f\u66fc\u6735\u6d77\u666f\u5957\u623f\u5ea6\u5047\u516c\u5bd3", "order_time": ["2019-01-06 08:51:59"], "total_order": 1, "hotel_value": ["4.7"], "hotel_price": ["245"]}, "21133855": {"hotel_name": "\u4e09\u4e9a\u6709\u95f4\u6d77\u666f\u5ea6\u5047\u516c\u5bd3", "order_time": ["2019-01-06 08:51:59"], "total_order": 1, "hotel_value": ["4.9"], "hotel_price": ["260"]}, "1011291": {"hotel_name": "\u4e09\u4e9a\u84dd\u6d77\u6930\u98ce\u6d77\u666f\u5ea6\u5047\u516c\u5bd3", "order_time": ["2019-01-06 08:51:59"], "total_order": 1, "hotel_value": ["4.5"], "hotel_price": ["422"]}, "8074206": {"hotel_name": "\u4e09\u4e9a\u7f8e\u4e3d\u6d77\u5cb8\u6d77\u666f\u5ea6\u5047\u516c\u5bd3(\u4e09\u4e9a\u6e7e\u5e97)", "order_time": ["2019-01-06 08:51:59"], "total_order": 1, "hotel_value": ["4.9"], "hotel_price": ["93"]}, "10226392": {"hotel_name": "\u81fb\u7231\u9038\u5bb6\u7cbe\u54c1\u522b\u5885(\u4e09\u4e9a\u6e7e\u7ea2\u6811\u6797\u5e97)", "order_time": ["2019-01-06 08:51:59"], "total_order": 1, "hotel_value": ["4.8"], "hotel_price": ["399"]}, "6426463": {"hotel_name": "\u4e09\u4e9a\u6d77\u6708\u6d77\u666f\u5ea6\u5047\u516c\u5bd3", "order_time": ["2019-01-06 08:51:59"], "total_order": 1, "hotel_value": ["4.5"], "hotel_price": ["292"]}, "15018544": {"hotel_name": "\u4e09\u4e9a\u9047\u89c1\u6d77\u68e0\u522b\u5885\u9152\u5e97", "order_time": ["2019-01-06 08:51:59"], "total_order": 1, "hotel_value": ["4.6"], "hotel_price": ["154"]}, "15249049": {"hotel_name": "\u7f8e\u4e3d\u4e4b\u51a0\u5927\u6811\u7687\u51a0\u5047\u65e5\u9152\u5e97", "order_time": ["2019-01-06 08:51:59"], "total_order": 1, "hotel_value": ["4.4"], "hotel_price": ["212"]}, "5980581": {"hotel_name": "\u4e09\u4e9a\u73ba\u6cfd\u6d77\u666f\u65c5\u5c45(\u539f\u6d77\u60a6\u661f\u8fb0\u6d77\u666f\u5ea6\u5047\u516c\u5bd3)", "order_time": ["2019-01-06 08:51:59"], "total_order": 1, "hotel_value": ["4.9"], "hotel_price": ["190"]}, "436683": {"hotel_name": "\u4e09\u4e9a\u5357\u4e2d\u56fd\u5927\u9152\u5e97", "order_time": ["2019-01-06 08:52:00"], "total_order": 1, "hotel_value": ["4.5"], "hotel_price": ["437"]}, "17140010": {"hotel_name": "\u4e09\u4e9a\u60a6\u670b\u00b7\u6d77\u534a\u95f4\u4eba\u6587\u8bbe\u8ba1\u6d77\u666f\u9152\u5e97", "order_time": ["2019-01-06 08:52:00"], "total_order": 1, "hotel_value": ["4.8"], "hotel_price": ["428"]}, "469044": {"hotel_name": "\u4e9a\u9f99\u6e7e\u8fdc\u65b9\u5728\u7530\u8fb9\u7cbe\u54c1\u5ba2\u6808", "order_time": ["2019-01-06 08:52:00"], "total_order": 1, "hotel_value": ["4.5"], "hotel_price": ["100"]}, "1486657": {"hotel_name": "\u4e09\u4e9a\u661f\u60a6\u5ea6\u5047\u9152\u5e97", "order_time": ["2019-01-06 08:54:01"], "total_order": 1, "hotel_value": ["4.3"], "hotel_price": ["122"]}, "447842": {"hotel_name": "\u4e09\u4e9a\u666f\u5229\u83b1\u5ea6\u5047\u9152\u5e97", "order_time": ["2019-01-06 08:56:02"], "total_order": 1, "hotel_value": ["4.4"], "hotel_price": ["257"]}, "763583": {"hotel_name": "\u4e09\u4e9a\u60a6\u4e3d\u5feb\u6377\u9152\u5e97", "order_time": ["2019-01-06 08:56:03"], "total_order": 1, "hotel_value": ["4.5"], "hotel_price": ["134"]}, "1980387": {"hotel_name": "\u9e97\u67ab\u9152\u5e97(\u4e09\u4e9a\u6b65\u884c\u8857\u5e97)", "order_time": ["2019-01-06 08:58:00"], "total_order": 1, "hotel_value": ["4.8"], "hotel_price": ["344"]}, "346686": {"hotel_name": "\u4e09\u4e9a\u739b\u745e\u7eb3\u9152\u5e97", "order_time": ["2019-01-06 08:58:00"], "total_order": 1, "hotel_value": ["4.6"], "hotel_price": ["410"]}, "18054307": {"hotel_name": "\u4e09\u4e9a\u5c7f\u5bbf\u9752\u5e74\u65c5\u793e", "order_time": ["2019-01-06 08:58:01"], "total_order": 1, "hotel_value": ["4.5"], "hotel_price": ["47"]}, "993780": {"hotel_name": "\u4e09\u4e9a\u5c0f\u4e11\u9c7c\u65c5\u820d(\u6d77\u666f\u5ba2\u6808)", "order_time": ["2019-01-06 08:58:01"], "total_order": 1, "hotel_value": ["4.7"], "hotel_price": ["150"]}, "468875": {"hotel_name": "\u6674\u5929\u7389\u6ee9\u6d77\u666f\u5ea6\u5047\u516c\u5bd3(\u4e09\u4e9a\u6e7e\u5e97)", "order_time": ["2019-01-06 08:58:01"], "total_order": 1, "hotel_value": ["4.1"], "hotel_price": ["128"]}, "660317": {"hotel_name": "\u4e09\u4e9a\u4eac\u6da6\u73cd\u73e0\u4e3b\u9898\u9152\u5e97", "order_time": ["2019-01-06 08:59:59"], "total_order": 1, "hotel_value": ["4.5"], "hotel_price": ["222"]}, "345071": {"hotel_name": "\u91d1\u8302\u4e09\u4e9a\u4e9a\u9f99\u6e7e\u5e0c\u5c14\u987f\u5927\u9152\u5e97", "order_time": ["2019-01-06 08:59:59"], "total_order": 1, "hotel_value": ["4.6"], "hotel_price": ["1305"]}, "436673": {"hotel_name": "\u4e09\u4e9a\u9e7f\u5cad\u6d77\u6e7e\u7ef4\u666f\u56fd\u9645\u5927\u9152\u5e97(\u539f\u4e09\u4e9a\u6d77\u6e7e\u7ef4\u666f\u56fd\u9645\u5927\u9152\u5e97)", "order_time": ["2019-01-06 09:00:00"], "total_order": 1, "hotel_value": ["4.6"], "hotel_price": ["351"]}, "8681237": {"hotel_name": "\u4e09\u4e9a\u5927\u4e1c\u6d77\u5fc6\u8bed\u6d41\u5e74\u4e3b\u9898\u9152\u5e97", "order_time": ["2019-01-06 09:02:00"], "total_order": 1, "hotel_value": ["4.8"], "hotel_price": ["146"]}, "437589": {"hotel_name": "\u4e09\u4e9a\u6797\u8fbe\u6d77\u666f\u9152\u5e97", "order_time": ["2019-01-06 09:03:59"], "total_order": 1, "hotel_value": ["4.3"], "hotel_price": ["262"]}, "15696546": {"hotel_name": "\u4e09\u4e9a\u4e2d\u5fc3\u51ef\u60a6\u5609\u8f69\u9152\u5e97", "order_time": ["2019-01-06 09:04:00"], "total_order": 1, "hotel_value": ["4.5"], "hotel_price": ["478"]}, "11154871": {"hotel_name": "\u4e09\u4e9a\u9c81\u80fd\u5c71\u6d77\u5929\u5ea6\u5047\u516c\u5bd3", "order_time": ["2019-01-06 09:04:01"], "total_order": 1, "hotel_value": [0], "hotel_price": ["888"]}, "4638068": {"hotel_name": "\u7559\u4e00\u95f4\u7cbe\u54c1\u9152\u5e97(\u4e09\u4e9a\u6e7e\u51e4\u51f0\u673a\u573a\u5e97)", "order_time": ["2019-01-06 09:05:58"], "total_order": 1, "hotel_value": ["4.3"], "hotel_price": ["179"]}, "1738729": {"hotel_name": "\u4e09\u4e9a\u51ef\u745e\u7965\u548c\u9152\u5e97", "order_time": ["2019-01-06 09:05:59"], "total_order": 1, "hotel_value": ["3.9"], "hotel_price": ["242"]}, "2505902": {"hotel_name": "\u4e09\u4e9a\u6e7e\u7f8e\u7eb3\u8c6a\u5b85\u6d77\u666f\u5ea6\u5047\u516c\u5bd3", "order_time": ["2019-01-06 09:05:59"], "total_order": 1, "hotel_value": ["4.8"], "hotel_price": ["266"]}, "2021754": {"hotel_name": "\u4e09\u4e9a\u4fdd\u5229\u5929\u827a\u51e4\u51f0\u9152\u5e97", "order_time": ["2019-01-06 09:05:59"], "total_order": 1, "hotel_value": ["4.4"], "hotel_price": ["317"]}, "1209482": {"hotel_name": "\u4e09\u4e9a\u8717\u65f6\u5149\u5ea6\u5047\u9152\u5e97", "order_time": ["2019-01-06 09:05:59"], "total_order": 1, "hotel_value": ["4.3"], "hotel_price": ["155"]}, "14157304": {"hotel_name": "\u4e09\u4e9a\u8292\u679c\u00b7house\u522b\u5885", "order_time": ["2019-01-06 09:06:00"], "total_order": 1, "hotel_value": ["4.4"], "hotel_price": ["267"]}, "6639564": {"hotel_name": "\u4e09\u4e9a\u6930\u6811\u6d77\u666f\u5ea6\u5047\u516c\u5bd3", "order_time": ["2019-01-06 09:08:01"], "total_order": 1, "hotel_value": ["4.8"], "hotel_price": ["59"]}}}