{"\u5f00\u59cb\u8bb0\u5f55\u65f6\u95f4": "2019-01-14 10:06:12", "\u7ed3\u675f\u8bb0\u5f55\u65f6\u95f4": "2019-01-14 11:14:35", "\u8ba2\u5355\u603b\u589e\u91cf": 295, "item": {"535990": {"hotel_name": "\u9752\u5c9b\u8fdc\u6d0b\u5927\u9152\u5e97", "order_time": ["2019-01-14 10:08:17", "2019-01-14 10:08:08"], "total_order": 2, "hotel_value": ["4.6", "4.6"], "hotel_price": ["332", "332"]}, "2599635": {"hotel_name": "\u5982\u5bb6\u5feb\u6377\u9152\u5e97(\u9752\u5c9b\u6d41\u4ead\u673a\u573a\u9ed1\u9f99\u6c5f\u5317\u8def\u57ce\u4e2d\u57ce\u5e97)", "order_time": ["2019-01-14 10:09:08"], "total_order": 1, "hotel_value": ["4.6"], "hotel_price": ["145"]}, "1316461": {"hotel_name": "\u6c49\u5ead\u9152\u5e97(\u9752\u5c9b\u674e\u6ca7\u91d1\u6c34\u8def\u5e97)", "order_time": ["2019-01-14 10:09:08"], "total_order": 1, "hotel_value": ["4.5"], "hotel_price": ["161"]}, "1741177": {"hotel_name": "\u91d1\u72ee100\u8fde\u9501\u5bbe\u9986(\u9752\u5c9b\u6d41\u4ead\u673a\u573a\u5e97)", "order_time": ["2019-01-14 10:09:09"], "total_order": 1, "hotel_value": ["3.5"], "hotel_price": ["58"]}, "10186829": {"hotel_name": "\u9526\u6c5f\u90fd\u57ce(\u9752\u5c9b\u65b0\u90fd\u5fc3\u5e97)", "order_time": ["2019-01-14 10:09:09"], "total_order": 1, "hotel_value": ["4.6"], "hotel_price": ["271"]}, "1483944": {"hotel_name": "\u9752\u5c9b\u878d\u6d77\u4e16\u56ed\u9152\u5e97", "order_time": ["2019-01-14 10:09:10"], "total_order": 1, "hotel_value": ["4.7"], "hotel_price": ["312"]}, "425590": {"hotel_name": "\u9752\u5c9b\u946b\u6c5f\u6e29\u5fb7\u59c6\u9152\u5e97", "order_time": ["2019-01-14 10:13:50", "2019-01-14 10:09:17"], "total_order": 2, "hotel_value": ["4.8", "4.8"], "hotel_price": ["538", "538"]}, "438731": {"hotel_name": "\u4e2d\u822a\u7fd4\u901a\u6e38\u8247\u4f1a\u9152\u5e97(\u9752\u5c9b\u5965\u5e06\u4e2d\u5fc3\u4e94\u56db\u5e7f\u573a\u5e97)", "order_time": ["2019-01-14 10:09:18", "2019-01-14 10:25:22", "2019-01-14 10:48:51", "2019-01-14 10:33:53", "2019-01-14 10:15:30", "2019-01-14 10:41:49"], "total_order": 6, "hotel_value": ["4.8", "4.8", "4.8", "4.8", "4.8", "4.8"], "hotel_price": ["321", "321", "321", "321", "321", "321"]}, "6273850": {"hotel_name": "\u7eff\u5cf0\u96c5\u9601\u5ea6\u5047\u516c\u5bd3(\u9752\u5c9b\u4e94\u56db\u5e7f\u573a\u4e07\u8c61\u57ce\u5e97)", "order_time": ["2019-01-14 10:09:18"], "total_order": 1, "hotel_value": ["4.8"], "hotel_price": ["210"]}, "19438626": {"hotel_name": "\u65af\u7ef4\u767b\u5ea6\u5047\u516c\u5bd3(\u9752\u5c9b\u91d1\u6c99\u6ee9\u540d\u5609\u56fd\u9645)", "order_time": ["2019-01-14 10:11:27"], "total_order": 1, "hotel_value": ["4.7"], "hotel_price": ["189"]}, "2300090": {"hotel_name": "\u5c1a\u5ba2\u4f18\u5feb\u6377\u9152\u5e97(\u9752\u5c9b\u5609\u9675\u6c5f\u897f\u8def\u5e97)", "order_time": ["2019-01-14 10:11:27"], "total_order": 1, "hotel_value": ["4.3"], "hotel_price": ["84"]}, "23472335": {"hotel_name": "\u7f8e\u8c6a\u4e3d\u81f4\u9152\u5e97(\u9752\u5c9b\u5e97)", "order_time": ["2019-01-14 10:34:45", "2019-01-14 10:11:29"], "total_order": 2, "hotel_value": ["4.9", "4.9"], "hotel_price": ["399", "399"]}, "5431446": {"hotel_name": "\u9752\u5c9b\u91d1\u51e4\u51f0\u82b1\u56ed\u9152\u5e97(\u539f\u51ef\u66fc\u91d1\u51e4\u51f0\u82b1\u56ed\u9152\u5e97)", "order_time": ["2019-01-14 10:11:30"], "total_order": 1, "hotel_value": ["4.6"], "hotel_price": ["393"]}, "791367": {"hotel_name": "\u9752\u5c9b\u8bc1\u5927\u559c\u739b\u62c9\u96c5\u9152\u5e97", "order_time": ["2019-01-14 10:11:31", "2019-01-14 10:51:04", "2019-01-14 10:18:23"], "total_order": 3, "hotel_value": ["4.6", "4.6", "4.6"], "hotel_price": ["546", "546", "546"]}, "445159": {"hotel_name": "\u9752\u5c9b\u79cb\u4e34\u5927\u9152\u5e97", "order_time": ["2019-01-14 10:11:31", "2019-01-14 10:55:13"], "total_order": 2, "hotel_value": ["4.3", "4.3"], "hotel_price": ["242", "242"]}, "25270439": {"hotel_name": "\u9752\u5c9b\u673a\u573a\u4e16\u7eaa\u516c\u56ed\u4e9a\u6735\u9152\u5e97", "order_time": ["2019-01-14 10:15:30", "2019-01-14 10:11:33", "2019-01-14 10:19:18"], "total_order": 3, "hotel_value": ["4.9", "4.9", "4.9"], "hotel_price": ["279", "279", "279"]}, "5264336": {"hotel_name": "\u9e92\u97f5\u516c\u5bd3(\u9752\u5c9b\u4e07\u8c61\u57ce\u4e94\u56db\u5e7f\u573a\u5965\u5e06\u4e2d\u5fc3\u5e97)", "order_time": ["2019-01-14 10:15:30", "2019-01-14 10:11:33", "2019-01-14 10:43:28"], "total_order": 3, "hotel_value": ["4.8", "4.8", "4.8"], "hotel_price": ["238", "238", "238"]}, "6284231": {"hotel_name": "\u9752\u5c9b\u745e\u5947\u6d77\u666f\u5ea6\u5047\u516c\u5bd3\u4e2d\u8054\u81ea\u7531\u6e2f\u6e7e\u5e97", "order_time": ["2019-01-14 10:11:36", "2019-01-14 11:04:07"], "total_order": 2, "hotel_value": ["4.7", "4.7"], "hotel_price": ["75", "74"]}, "3629505": {"hotel_name": "\u4e50\u5bb6\u8f69\u60a6\u73ba\u670d\u52a1\u516c\u5bd3(\u9752\u5c9b\u9999\u6e2f\u4e2d\u8def\u4e07\u8c61\u57ce\u5e97)", "order_time": ["2019-01-14 10:11:38"], "total_order": 1, "hotel_value": ["4.6"], "hotel_price": ["174"]}, "443360": {"hotel_name": "\u5e73\u5ea6\u90fd\u5e02\u661f\u8054\u5927\u9152\u5e97", "order_time": ["2019-01-14 10:12:24"], "total_order": 1, "hotel_value": ["4.5"], "hotel_price": ["122"]}, "536113": {"hotel_name": "\u9752\u5c9b\u5f00\u5143\u540d\u90fd\u5927\u9152\u5e97", "order_time": ["2019-01-14 10:13:49"], "total_order": 1, "hotel_value": ["4.7"], "hotel_price": ["386"]}, "6264032": {"hotel_name": "\u9752\u5c9b\u65bd\u6cf0\u6839\u535a\u9601\u57ce\u9645\u9152\u5e97", "order_time": ["2019-01-14 10:13:50"], "total_order": 1, "hotel_value": ["4.7"], "hotel_price": ["248"]}, "452522": {"hotel_name": "\u9752\u5c9b\u701a\u6e90\u4e16\u7eaa\u9152\u5e97", "order_time": ["2019-01-14 10:34:45", "2019-01-14 10:13:51"], "total_order": 2, "hotel_value": ["4.3", "4.3"], "hotel_price": ["173", "173"]}, "9361728": {"hotel_name": "\u9752\u5c9b\u6d45\u91ce\u516c\u5bd3", "order_time": ["2019-01-14 10:44:20", "2019-01-14 10:13:53"], "total_order": 2, "hotel_value": ["4.6", "4.6"], "hotel_price": ["99", "99"]}, "2310196": {"hotel_name": "\u7231\u5c0a\u5ba2\u9152\u5e97(\u9752\u5c9b\u9999\u6c5f\u8def\u5e97)", "order_time": ["2019-01-14 10:13:53"], "total_order": 1, "hotel_value": ["4.4"], "hotel_price": ["63"]}, "995168": {"hotel_name": "\u94f6\u5ea7\u4f73\u9a7f\u9152\u5e97(\u5373\u58a8\u9e64\u5c71\u8def\u4f73\u4e50\u5bb6\u4e8c\u5e97)", "order_time": ["2019-01-14 10:13:53"], "total_order": 1, "hotel_value": ["4.4"], "hotel_price": ["81"]}, "5024700": {"hotel_name": "\u9752\u5c9b\u591a\u60a6\u9152\u5e97", "order_time": ["2019-01-14 10:13:53"], "total_order": 1, "hotel_value": ["4.4"], "hotel_price": ["94"]}, "5152698": {"hotel_name": "\u6854\u5b50\u9152\u5e97\u00b7\u7cbe\u9009(\u9752\u5c9b\u6d77\u5c14\u8def\u5e97)", "order_time": ["2019-01-14 10:13:55"], "total_order": 1, "hotel_value": ["4.9"], "hotel_price": ["332"]}, "486063": {"hotel_name": "\u9752\u5c9b\u56fd\u4fe1\u6d77\u5929\u4f53\u80b2\u4e2d\u5fc3\u9152\u5e97", "order_time": ["2019-01-14 10:13:55"], "total_order": 1, "hotel_value": ["4.5"], "hotel_price": ["190"]}, "654770": {"hotel_name": "\u9752\u5c9b\u4e3d\u5929\u5927\u9152\u5e97", "order_time": ["2019-01-14 10:13:56"], "total_order": 1, "hotel_value": ["4.8"], "hotel_price": ["326"]}, "1699833": {"hotel_name": "\u9752\u5c9b\u4e09\u5ea6\u6d77\u666f\u516c\u5bd3\u9152\u5e97", "order_time": ["2019-01-14 10:13:56"], "total_order": 1, "hotel_value": ["4.2"], "hotel_price": ["122"]}, "14996828": {"hotel_name": "\u9752\u5c9b\u6b27\u6a59\u9152\u5e97\u65b0\u57ce\u543e\u60a6\u5e7f\u573a\u5e97", "order_time": ["2019-01-14 10:13:57"], "total_order": 1, "hotel_value": ["4.7"], "hotel_price": ["79"]}, "1418968": {"hotel_name": "\u82b1\u6eaa\u5ba2\u6808(\u9752\u5c9b\u90a3\u9c81\u6e7e\u5e97)", "order_time": ["2019-01-14 10:13:57"], "total_order": 1, "hotel_value": ["4.5"], "hotel_price": ["82"]}, "2164792": {"hotel_name": "\u9752\u5c9bUNO\u4f18\u8bfa\u6d77\u666f\u516c\u5bd3(\u539f\u5609\u8d1d\u7cbe\u54c1\u6d77\u666f\u516c\u5bd3)", "order_time": ["2019-01-14 10:14:04"], "total_order": 1, "hotel_value": ["4.6"], "hotel_price": ["218"]}, "23634927": {"hotel_name": "\u5982\u5bb6\u777f\u67cf\u00b7\u4e91\u9152\u5e97(\u9752\u5c9b\u77f3\u6cb9\u5927\u5b66\u543e\u60a6\u5e7f\u573a\u5730\u94c1\u7ad9\u5e97)", "order_time": ["2019-01-14 10:14:05"], "total_order": 1, "hotel_value": ["4.9"], "hotel_price": ["109"]}, "17974517": {"hotel_name": "\u5e73\u5ea6\u84dd\u6d77\u94a7\u534e\u5927\u9152\u5e97", "order_time": ["2019-01-14 10:14:46"], "total_order": 1, "hotel_value": ["4.6"], "hotel_price": ["285"]}, "4719799": {"hotel_name": "\u9752\u5c9b\u5965\u5e06\u4e94\u56db\u5e7f\u573a\u4e9a\u6735\u9152\u5e97(\u539f\u5965\u5e06\u4e2d\u5fc3\u5e97)", "order_time": ["2019-01-14 10:14:55"], "total_order": 1, "hotel_value": ["4.8"], "hotel_price": ["298"]}, "21124467": {"hotel_name": "\u9752\u5c9b\u65af\u7ef4\u767b\u7cbe\u54c1\u516c\u5bd3(\u4f1a\u5c55\u4e2d\u5fc3\u77f3\u8001\u4eba\u6d77\u6c34\u6d74\u573a)", "order_time": ["2019-01-14 11:08:22", "2019-01-14 10:33:53", "2019-01-14 10:15:30", "2019-01-14 10:44:23", "2019-01-14 10:23:00"], "total_order": 5, "hotel_value": ["4.9", "4.9", "4.9", "4.9", "4.9"], "hotel_price": ["227", "227", "227", "227", "227"]}, "5214763": {"hotel_name": "\u9752\u5c9b\u65af\u7ef4\u767b\u5ea6\u5047\u516c\u5bd3(\u5965\u5e06\u4e94\u56db\u5e7f\u573a\u4e07\u8c61\u57ce)", "order_time": ["2019-01-14 10:33:53", "2019-01-14 10:15:30", "2019-01-14 10:45:40"], "total_order": 3, "hotel_value": ["4.8", "4.8", "4.8"], "hotel_price": ["267", "267", "267"]}, "1226388": {"hotel_name": "\u9752\u5c9b\u6db5\u78a7\u697c\u9152\u5e97", "order_time": ["2019-01-14 10:33:53", "2019-01-14 10:15:30"], "total_order": 2, "hotel_value": ["4.6", "4.6"], "hotel_price": ["1749", "1749"]}, "5930359": {"hotel_name": "\u9752\u5c9b\u91d1\u77f3\u56fd\u9645\u5927\u9152\u5e97", "order_time": ["2019-01-14 10:17:37", "2019-01-14 10:33:53", "2019-01-14 10:15:30", "2019-01-14 10:17:40", "2019-01-14 10:16:11", "2019-01-14 10:17:44", "2019-01-14 10:41:49", "2019-01-14 10:17:46", "2019-01-14 10:17:43"], "total_order": 9, "hotel_value": ["4.8", "4.8", "4.8", "4.8", "4.8", "4.8", "4.8", "4.8", "4.8"], "hotel_price": ["386", "386", "386", "386", "386", "386", "386", "386", "386"]}, "1664209": {"hotel_name": "\u9752\u5c9b\u5929\u745e\u661f\u7a7a\u9152\u5e97", "order_time": ["2019-01-14 10:15:30"], "total_order": 1, "hotel_value": ["4.6"], "hotel_price": ["426"]}, "455485": {"hotel_name": "\u9752\u5c9b\u5e9c\u65b0\u5927\u53a6", "order_time": ["2019-01-14 10:15:30"], "total_order": 1, "hotel_value": ["4.7"], "hotel_price": ["396"]}, "8531362": {"hotel_name": "\u9752\u5c9b\u6c11\u56fd\u9152\u5e97", "order_time": ["2019-01-14 10:37:11", "2019-01-14 10:16:11"], "total_order": 2, "hotel_value": ["4.7", "4.7"], "hotel_price": ["220", "220"]}, "823433": {"hotel_name": "\u9752\u5c9b\u82b1\u56ed\u5927\u9152\u5e97", "order_time": ["2019-01-14 10:16:11"], "total_order": 1, "hotel_value": ["4.6"], "hotel_price": ["298"]}, "6825957": {"hotel_name": "\u9752\u5c9b\u7ef4\u591a\u5229\u4e9a\u54c1\u5982\u5bb6\u56ed\u9152\u5e97\u5f0f\u516c\u5bd3", "order_time": ["2019-01-14 10:16:11"], "total_order": 1, "hotel_value": ["4.3"], "hotel_price": ["113"]}, "1182386": {"hotel_name": "Inhotels&\u76f8\u9685\u7cbe\u5bbf(\u9752\u5c9b\u4e07\u8c61\u57ce\u5e97)", "order_time": ["2019-01-14 10:16:13"], "total_order": 1, "hotel_value": ["4.5"], "hotel_price": ["104"]}, "1316453": {"hotel_name": "\u6c49\u5ead\u9152\u5e97(\u9752\u5c9b\u798f\u5dde\u5357\u8def\u5e97)", "order_time": ["2019-01-14 10:16:14"], "total_order": 1, "hotel_value": ["4.2"], "hotel_price": ["123"]}, "1871054": {"hotel_name": "\u94c2\u6e2f\u6d77\u666f\u5ea6\u5047\u516c\u5bd3(\u9752\u5c9b\u90a3\u9c81\u6e7e\u5e97)", "order_time": ["2019-01-14 10:16:25"], "total_order": 1, "hotel_value": ["4.3"], "hotel_price": ["84"]}, "1861333": {"hotel_name": "\u6e2f\u6e7e\u5370\u8c61\u8fde\u9501\u9152\u5e97(\u9752\u5c9b\u706b\u8f66\u7ad9\u5e97)", "order_time": ["2019-01-14 10:16:58"], "total_order": 1, "hotel_value": ["3.5"], "hotel_price": ["109"]}, "2045313": {"hotel_name": "\u5c1a\u5ba2\u4f18\u5feb\u6377\u9152\u5e97(\u5e73\u5ea6\u4eba\u6c11\u8def\u5e97)", "order_time": ["2019-01-14 10:17:06", "2019-01-14 10:33:39"], "total_order": 2, "hotel_value": ["4.3", "4.3"], "hotel_price": ["114", "114"]}, "1734724": {"hotel_name": "\u9752\u5c9b\u56fd\u4fe1\u4e1c\u65b9\u4e4b\u661f\u9152\u5e97", "order_time": ["2019-01-14 10:18:22"], "total_order": 1, "hotel_value": ["4.7"], "hotel_price": ["119"]}, "454906": {"hotel_name": "\u9752\u5c9b\u7d22\u83f2\u4e9a\u56fd\u9645\u5927\u9152\u5e97", "order_time": ["2019-01-14 10:18:24"], "total_order": 1, "hotel_value": ["4.6"], "hotel_price": ["261"]}, "669110": {"hotel_name": "\u9752\u5c9b\u5e7f\u4e1a\u9526\u6c5f\u5927\u9152\u5e97", "order_time": ["2019-01-14 10:18:24", "2019-01-14 10:27:49"], "total_order": 2, "hotel_value": ["4.6", "4.6"], "hotel_price": ["384", "384"]}, "20615346": {"hotel_name": "\u827e\u5ba2\u6d77\u666f\u5ea6\u5047\u516c\u5bd3\uff08\u9752\u5c9b\u77f3\u8001\u4eba\u6d77\u6c34\u6d74\u573a\u5e97\uff09", "order_time": ["2019-01-14 10:18:25", "2019-01-14 10:57:25"], "total_order": 2, "hotel_value": ["4.8", "4.8"], "hotel_price": ["216", "216"]}, "21122269": {"hotel_name": "\u9752\u5c9b\u84dd\u6735\u6d77\u666f\u5047\u65e5\u516c\u5bd3", "order_time": ["2019-01-14 10:30:04", "2019-01-14 10:18:29"], "total_order": 2, "hotel_value": ["4.9", "4.9"], "hotel_price": ["208", "217"]}, "2470071": {"hotel_name": "Q\u52a0\u00b7\u9752\u5c9b\u745e\u8c6a\u5047\u65e5\u6d77\u666f\u5ea6\u5047\u9152\u5e97\u516c\u5bd3", "order_time": ["2019-01-14 10:18:30"], "total_order": 1, "hotel_value": ["4.7"], "hotel_price": ["67"]}, "1697366": {"hotel_name": "\u90fd\u5e02118(\u9752\u5c9b\u674e\u6ca7\u5e7f\u573a\u5730\u94c1\u7ad9\u5e97)", "order_time": ["2019-01-14 10:18:31"], "total_order": 1, "hotel_value": ["4.6"], "hotel_price": ["104"]}, "2981410": {"hotel_name": "\u9752\u5c9b\u6808\u6865\u6d77\u4e4b\u60c5\u89c2\u6d77\u65e5\u79df\u623f", "order_time": ["2019-01-14 10:18:34"], "total_order": 1, "hotel_value": ["4.2"], "hotel_price": ["48"]}, "1113383": {"hotel_name": "99\u65c5\u9986\u8fde\u9501(\u9752\u5c9b\u57ce\u9633\u6d41\u4ead\u673a\u573a\u5e97)", "order_time": ["2019-01-14 10:18:52"], "total_order": 1, "hotel_value": ["3.6"], "hotel_price": ["69"]}, "5930261": {"hotel_name": "\u9752\u5c9b\u9ec4\u5c9b\u6cf0\u6210\u559c\u6765\u767b\u9152\u5e97", "order_time": ["2019-01-14 10:20:37", "2019-01-14 11:12:52"], "total_order": 2, "hotel_value": ["4.6", "4.6"], "hotel_price": ["498", "498"]}, "1728458": {"hotel_name": "\u590d\u76db\u5927\u9152\u5e97(\u9752\u5c9b\u4e8c\u5e97)", "order_time": ["2019-01-14 10:20:42"], "total_order": 1, "hotel_value": ["4.3"], "hotel_price": ["157"]}, "4330596": {"hotel_name": "\u80f6\u5357\u4e50\u5bb6\u5feb\u6377\u5bbe\u9986", "order_time": ["2019-01-14 10:20:47"], "total_order": 1, "hotel_value": ["3.6"], "hotel_price": ["77"]}, "1863806": {"hotel_name": "\u9752\u5c9b\u7231\u60a6\u6c34\u6676\u4e3b\u9898\u9152\u5e97(\u6781\u5730\u6d77\u6d0b\u4e16\u754c\u5e97)", "order_time": ["2019-01-14 10:20:47"], "total_order": 1, "hotel_value": ["4.0"], "hotel_price": ["154"]}, "27854182": {"hotel_name": "\u9752\u5c9b\u552f\u60a6\u7cbe\u54c1\u516c\u5bd3", "order_time": ["2019-01-14 10:20:47"], "total_order": 1, "hotel_value": ["5.0"], "hotel_price": ["78"]}, "994189": {"hotel_name": "\u4eac\u82d1\u8fde\u9501\u9152\u5e97(\u9752\u5c9b\u6781\u5730\u6d77\u6d0b\u4e16\u754c\u5e97)", "order_time": ["2019-01-14 10:20:47", "2019-01-14 10:32:40"], "total_order": 2, "hotel_value": ["4.5", "4.5"], "hotel_price": ["87", "87"]}, "1181780": {"hotel_name": "\u6668\u65ed\u5546\u52a1\u5bbe\u9986(\u9752\u5c9b\u6d77\u6d0b\u5927\u5b66\u5e97)", "order_time": ["2019-01-14 10:20:47"], "total_order": 1, "hotel_value": ["3.3"], "hotel_price": ["69"]}, "1717642": {"hotel_name": "\u9752\u5c9b\u6d77\u7fd4\u5546\u52a1\u9152\u5e97", "order_time": ["2019-01-14 10:20:47"], "total_order": 1, "hotel_value": ["4.2"], "hotel_price": ["76"]}, "1137716": {"hotel_name": "\u9752\u5c9b\u524d\u54e8\u5927\u9152\u5e97", "order_time": ["2019-01-14 10:20:47"], "total_order": 1, "hotel_value": ["4.0"], "hotel_price": ["83"]}, "1503675": {"hotel_name": "\u5982\u5bb6\u5feb\u6377\u9152\u5e97\uff08\u9752\u5c9b\u5f00\u53d1\u533a\u957f\u6c5f\u4e2d\u8def\u91d1\u6c99\u6ee9\u6d77\u6c34\u6d74\u573a\u5e97\uff09", "order_time": ["2019-01-14 10:20:47"], "total_order": 1, "hotel_value": ["4.3"], "hotel_price": ["111"]}, "987678": {"hotel_name": "\u9752\u5c9b\u6d6e\u5c71\u6e7e\u5bbe\u9986(\u4e94\u56db\u5e7f\u573a\u5e97)", "order_time": ["2019-01-14 10:20:47"], "total_order": 1, "hotel_value": ["4.2"], "hotel_price": ["65"]}, "5006032": {"hotel_name": "\u542c\u6d77\u8f69\u5ea6\u5047\u516c\u5bd3\u9152\u5e97(\u9752\u5c9b\u4e2d\u8054\u81ea\u7531\u6e2f\u6e7e\u5e97)", "order_time": ["2019-01-14 10:20:47"], "total_order": 1, "hotel_value": ["4.6"], "hotel_price": ["69"]}, "1269417": {"hotel_name": "\u9752\u5c9b\u5f7c\u5cb8\u9633\u5149\u4e3b\u9898\u5bbe\u9986", "order_time": ["2019-01-14 10:20:47"], "total_order": 1, "hotel_value": ["4.2"], "hotel_price": ["64"]}, "1541348": {"hotel_name": "\u6613\u4f70\u8fde\u9501\u9152\u5e97(\u9752\u5c9b\u5fb7\u56fd\u98ce\u60c5\u8857\u5e97)(\u539f\u65b0\u826f\u5546\u52a1\u9152\u5e97)", "order_time": ["2019-01-14 10:20:48"], "total_order": 1, "hotel_value": ["4.3"], "hotel_price": ["70"]}, "2215239": {"hotel_name": "\u9752\u5c9b\u5411\u65e5\u8475\u9752\u5e74\u65c5\u820d", "order_time": ["2019-01-14 10:20:48"], "total_order": 1, "hotel_value": ["4.6"], "hotel_price": ["57"]}, "2264565": {"hotel_name": "\u9752\u5c9b\u7231\u742a\u8bfa\u4e3b\u9898\u9152\u5e97", "order_time": ["2019-01-14 10:20:48"], "total_order": 1, "hotel_value": ["4.7"], "hotel_price": ["79"]}, "481705": {"hotel_name": "\u9752\u5c9b\u56fd\u9645\u9ad8\u5c14\u592b\u4ff1\u4e50\u90e8", "order_time": ["2019-01-14 10:20:48"], "total_order": 1, "hotel_value": ["3.9"], "hotel_price": ["128"]}, "6111311": {"hotel_name": "\u9752\u5c9b\u7231\u73b2\u6d77\u666f\u9152\u5e97", "order_time": ["2019-01-14 10:20:48"], "total_order": 1, "hotel_value": ["4.4"], "hotel_price": ["183"]}, "1695470": {"hotel_name": "\u6cdb\u7f8e\u8fde\u9501\u9152\u5e97(\u9752\u5c9b\u798f\u5dde\u8def\u5e97)", "order_time": ["2019-01-14 10:20:48"], "total_order": 1, "hotel_value": ["4.8"], "hotel_price": ["62"]}, "5463838": {"hotel_name": "\u9752\u5c9b\u7761\u673a\u573a\u9152\u5e97", "order_time": ["2019-01-14 10:20:48"], "total_order": 1, "hotel_value": ["4.3"], "hotel_price": ["166"]}, "1224709": {"hotel_name": "\u901f8\u9152\u5e97(\u9752\u5c9b\u5f00\u53d1\u533a\u77f3\u6cb9\u5927\u5b66\u5e97)", "order_time": ["2019-01-14 10:20:48", "2019-01-14 11:04:16"], "total_order": 2, "hotel_value": ["4.5", "4.5"], "hotel_price": ["103", "103"]}, "772111": {"hotel_name": "\u9752\u5c9b\u5a01\u65af\u6c40\u9152\u5e97", "order_time": ["2019-01-14 10:22:04", "2019-01-14 10:26:55"], "total_order": 2, "hotel_value": ["4.6", "4.6"], "hotel_price": ["653", "653"]}, "5074736": {"hotel_name": "\u5e73\u5ea6\u6cf0\u7545\u5546\u52a1\u5bbe\u9986", "order_time": ["2019-01-14 10:22:14"], "total_order": 1, "hotel_value": ["4.6"], "hotel_price": ["93"]}, "1815658": {"hotel_name": "\u5723\u5fb7\u5c45\u5546\u52a1\u9152\u5e97(\u9752\u5c9b\u706b\u8f66\u5317\u7ad9\u5e97)", "order_time": ["2019-01-14 10:22:53", "2019-01-14 10:44:15"], "total_order": 2, "hotel_value": ["4.4", "4.4"], "hotel_price": ["108", "108"]}, "470369": {"hotel_name": "\u9752\u5c9b\u96cd\u534e\u5ead\u9152\u5e97", "order_time": ["2019-01-14 10:22:56"], "total_order": 1, "hotel_value": ["4.3"], "hotel_price": ["206"]}, "2509075": {"hotel_name": "\u5c1a\u5ba2\u4f18\u9a8f\u6021\u8fde\u9501\u9152\u5e97(\u9752\u5c9b\u519c\u4e1a\u5927\u5b66\u5e97)", "order_time": ["2019-01-14 10:22:58"], "total_order": 1, "hotel_value": ["3.7"], "hotel_price": ["78"]}, "9152521": {"hotel_name": "\u9752\u5c9b\u597d\u5ba2\u8054\u76df\u8fde\u9501\u9152\u5e97\u7075\u5c71\u6e7e\u8def\u5546\u4e1a\u8857\u5e97", "order_time": ["2019-01-14 10:22:59"], "total_order": 1, "hotel_value": ["4.7"], "hotel_price": ["82"]}, "700933": {"hotel_name": "678\u9152\u5e97(\u9752\u5c9b\u519c\u5927\u4e3b\u9898\u7cbe\u54c1\u5e97)", "order_time": ["2019-01-14 10:23:01"], "total_order": 1, "hotel_value": ["4.6"], "hotel_price": ["84"]}, "470042": {"hotel_name": "\u6c49\u5ead\u9152\u5e97(\u9752\u5c9b\u5c71\u4e1c\u8def\u4e07\u8fbe\u5e97)", "order_time": ["2019-01-14 10:23:02"], "total_order": 1, "hotel_value": ["4.6"], "hotel_price": ["180"]}, "1537748": {"hotel_name": "\u9752\u5c9b\u5fc6\u68a6\u7a7a\u95f4\u4e3b\u9898\u5ea6\u5047\u516c\u5bd3", "order_time": ["2019-01-14 10:23:19"], "total_order": 1, "hotel_value": ["4.2"], "hotel_price": ["70"]}, "791853": {"hotel_name": "\u94f6\u5ea7\u4f73\u9a7f\u9152\u5e97(\u5373\u58a8\u9e64\u5c71\u8def\u4f73\u4e50\u5bb6\u4e00\u5e97)", "order_time": ["2019-01-14 10:25:19"], "total_order": 1, "hotel_value": ["4.1"], "hotel_price": ["76"]}, "2306006": {"hotel_name": "\u683c\u6797\u8c6a\u6cf0(\u9752\u5c9b\u706b\u8f66\u7ad9\u5e7f\u573a\u5e97)", "order_time": ["2019-01-14 10:25:21"], "total_order": 1, "hotel_value": ["4.7"], "hotel_price": ["75"]}, "779894": {"hotel_name": "\u9526\u6c5f\u4e4b\u661f(\u9752\u5c9b\u4e2d\u5c71\u8def\u5e97)", "order_time": ["2019-01-14 10:25:21"], "total_order": 1, "hotel_value": ["4.5"], "hotel_price": ["149"]}, "12274463": {"hotel_name": "\u5609\u51ef\u8c6a\u7cbe\u54c1\u9152\u5e97(\u9752\u5c9b\u5317\u5b89\u4ea8\u8fbe\u5e97)", "order_time": ["2019-01-14 10:25:24"], "total_order": 1, "hotel_value": ["4.4"], "hotel_price": ["74"]}, "1048386": {"hotel_name": "\u6854\u5b50\u9152\u5e97\u00b7\u7cbe\u9009(\u9752\u5c9b\u5965\u5e06\u4e2d\u5fc3\u5e97)(\u539f\u4e94\u56db\u5e7f\u573a\u5e97)", "order_time": ["2019-01-14 10:46:36", "2019-01-14 11:06:13", "2019-01-14 10:25:26"], "total_order": 3, "hotel_value": ["4.8", "4.8", "4.8"], "hotel_price": ["265", "265", "265"]}, "1546017": {"hotel_name": "\u53ef\u4e34\u5b81\u8fde\u9501\u9152\u5e97(\u9752\u5c9b\u6d77\u5357\u5c9b\u8def\u5e97)", "order_time": ["2019-01-14 10:25:33"], "total_order": 1, "hotel_value": ["4.3"], "hotel_price": ["83"]}, "1925767": {"hotel_name": "\u9752\u5c9b\u7d2b\u73a5\u94c2\u5c14\u66fc\u9152\u5e97", "order_time": ["2019-01-14 10:41:54", "2019-01-14 10:27:45"], "total_order": 2, "hotel_value": ["4.5", "4.5"], "hotel_price": ["401", "401"]}, "2624847": {"hotel_name": "\u9752\u5c9b\u83ab\u4e3d\u00b7\u7cbe\u9009\u9152\u5e97", "order_time": ["2019-01-14 10:27:45"], "total_order": 1, "hotel_value": ["4.5"], "hotel_price": ["216"]}, "1911247": {"hotel_name": "\u5982\u5bb6\u5feb\u6377\u9152\u5e97(\u9752\u5c9b\u4e94\u56db\u5e7f\u573a\u5965\u5e06\u4e2d\u5fc3\u5e97)(\u539f\u5965\u5e06\u4e2d\u5fc3\u6d77\u4fe1\u5e7f\u573a\u5e97)", "order_time": ["2019-01-14 10:27:46"], "total_order": 1, "hotel_value": ["4.3"], "hotel_price": ["99"]}, "484453": {"hotel_name": "\u9752\u5c9b\u897f\u6d77\u5cb8\u9686\u548c\u798f\u670b\u559c\u6765\u767b\u9152\u5e97(\u539f\u9ec4\u5c9b\u798f\u670b\u559c\u6765\u767b\u9152\u5e97)", "order_time": ["2019-01-14 10:34:45", "2019-01-14 10:27:49"], "total_order": 2, "hotel_value": ["4.5", "4.5"], "hotel_price": ["428", "428"]}, "430450": {"hotel_name": "\u9752\u5c9b\u666f\u56ed\u5047\u65e5\u9152\u5e97", "order_time": ["2019-01-14 10:41:56", "2019-01-14 10:27:51"], "total_order": 2, "hotel_value": ["4.6", "4.6"], "hotel_price": ["569", "569"]}, "1283801": {"hotel_name": "\u6211\u7684\u5730\u76d8\u4e3b\u9898\u9152\u5e97(\u9752\u5c9b\u6b63\u9633\u4e2d\u8def\u5e97)", "order_time": ["2019-01-14 10:27:51"], "total_order": 1, "hotel_value": ["4.5"], "hotel_price": ["124"]}, "3202843": {"hotel_name": "\u7231\u5c0a\u5ba2\u7cbe\u54c1\u9152\u5e97(\u9752\u5c9b\u57ce\u9633\u6b63\u9633\u4e2d\u8def\u5e97)", "order_time": ["2019-01-14 10:27:51"], "total_order": 1, "hotel_value": ["4.7"], "hotel_price": ["158"]}, "1181680": {"hotel_name": "\u9752\u5c9b\u65af\u7ef4\u767b\u5ea6\u5047\u516c\u5bd3(\u4e07\u79d1\u91d1\u8272\u5e7f\u573a)", "order_time": ["2019-01-14 10:27:52"], "total_order": 1, "hotel_value": ["4.5"], "hotel_price": ["131"]}, "1502494": {"hotel_name": "\u5982\u5bb6\u5feb\u6377\u9152\u5e97(\u9752\u5c9b\u706b\u8f66\u7ad9\u6808\u6865\u5e97)", "order_time": ["2019-01-14 10:27:53", "2019-01-14 11:04:10"], "total_order": 2, "hotel_value": ["4.2", "4.2"], "hotel_price": ["78", "78"]}, "18515525": {"hotel_name": "\u534a\u5c9b\u56fd\u9645\u9152\u5e97(\u9752\u5c9b\u674e\u6751\u5730\u94c1\u7ad9\u5e97)", "order_time": ["2019-01-14 10:30:02"], "total_order": 1, "hotel_value": ["4.5"], "hotel_price": ["193"]}, "9210540": {"hotel_name": "\u5982\u5bb6\u5546\u65c5\u9152\u5e97(\u9752\u5c9b\u6808\u6865\u706b\u8f66\u7ad9\u5730\u94c1\u7ad9\u5e97)", "order_time": ["2019-01-14 10:30:03"], "total_order": 1, "hotel_value": ["4.7"], "hotel_price": ["113"]}, "512490": {"hotel_name": "\u9752\u5c9b\u897f\u6d77\u5cb8\u5fb7\u6cf0\u5927\u9152\u5e97", "order_time": ["2019-01-14 10:30:05"], "total_order": 1, "hotel_value": ["4.7"], "hotel_price": ["286"]}, "2301079": {"hotel_name": "\u7231\u5c0a\u5ba2\u9152\u5e97(\u9752\u5c9b\u516b\u5927\u5173\u5e97)", "order_time": ["2019-01-14 10:30:07"], "total_order": 1, "hotel_value": ["4.6"], "hotel_price": ["104"]}, "1692707": {"hotel_name": "\u9752\u5c9b\u7231\u5c0a\u5ba2\u5047\u65e5\u82b1\u56ed\u9152\u5e97", "order_time": ["2019-01-14 10:30:07"], "total_order": 1, "hotel_value": ["4.5"], "hotel_price": ["94"]}, "1503676": {"hotel_name": "\u5982\u5bb6\u5feb\u6377\u9152\u5e97(\u9752\u5c9b\u5f00\u53d1\u533a\u5d07\u660e\u5c9b\u897f\u8def\u9ec4\u5c9b\u8f6e\u6e21\u7801\u5934\u5e97)", "order_time": ["2019-01-14 10:30:13"], "total_order": 1, "hotel_value": ["4.6"], "hotel_price": ["128"]}, "12622455": {"hotel_name": "\u9752\u5c9b\u6f2b\u751f\u6d3b\u4e3b\u9898\u9152\u5e97\u516c\u5bd3", "order_time": ["2019-01-14 10:30:15"], "total_order": 1, "hotel_value": ["4.7"], "hotel_price": ["83"]}, "2298663": {"hotel_name": "\u7231\u5c0a\u5ba2\u9152\u5e97(\u9752\u5c9b\u4e94\u56db\u5e7f\u573a\u9999\u6e2f\u4e2d\u8def\u5e97)", "order_time": ["2019-01-14 10:32:26"], "total_order": 1, "hotel_value": ["4.6"], "hotel_price": ["190"]}, "752756": {"hotel_name": "\u9752\u5c9b\u897f\u6d77\u5cb8\u9890\u745e\u51ef\u83b1\u9152\u5e97", "order_time": ["2019-01-14 10:32:27"], "total_order": 1, "hotel_value": ["4.6"], "hotel_price": ["309"]}, "1379314": {"hotel_name": "\u90fd\u5e02118\u8fde\u9501\u9152\u5e97(\u9752\u5c9b\u6d41\u4ead\u5e97)", "order_time": ["2019-01-14 10:57:31", "2019-01-14 10:32:28"], "total_order": 2, "hotel_value": ["4.2", "4.2"], "hotel_price": ["104", "104"]}, "2222735": {"hotel_name": "\u9526\u6c5f\u4e4b\u661f(\u9752\u5c9b\u6d41\u4ead\u56fd\u9645\u673a\u573a\u6b63\u9633\u4e2d\u8def\u5e97)", "order_time": ["2019-01-14 10:32:28"], "total_order": 1, "hotel_value": ["4.5"], "hotel_price": ["129"]}, "428036": {"hotel_name": "\u5982\u5bb6\u5feb\u6377\u9152\u5e97(\u9752\u5c9b\u5c71\u4e1c\u8def\u4e2d\u592e\u5546\u52a1\u533a\u5e97)", "order_time": ["2019-01-14 10:32:29"], "total_order": 1, "hotel_value": ["4.3"], "hotel_price": ["119"]}, "532185": {"hotel_name": "\u9752\u5c9b\u6d77\u60c5\u5927\u9152\u5e97", "order_time": ["2019-01-14 10:32:30"], "total_order": 1, "hotel_value": ["4.6"], "hotel_price": ["399"]}, "5247964": {"hotel_name": "\u5c1a\u5ba2\u4f18\u5feb\u6377\u9152\u5e97(\u9752\u5c9b\u5f00\u53d1\u533a\u5bb6\u4f73\u6e90\u5e97)", "order_time": ["2019-01-14 10:32:31"], "total_order": 1, "hotel_value": ["3.9"], "hotel_price": ["59"]}, "700260": {"hotel_name": "\u9752\u5c9b\u9038\u4e91\u7cbe\u54c1\u9152\u5e97", "order_time": ["2019-01-14 10:32:34"], "total_order": 1, "hotel_value": ["4.5"], "hotel_price": ["151"]}, "23841203": {"hotel_name": "\u9f99\u6e2f\u6e7e\u9152\u5e97(\u9752\u5c9b\u65d7\u8230\u5e97)", "order_time": ["2019-01-14 10:32:36"], "total_order": 1, "hotel_value": ["4.3"], "hotel_price": ["124"]}, "371188": {"hotel_name": "\u9752\u5c9b\u9890\u4e2d\u7687\u51a0\u5047\u65e5\u9152\u5e97", "order_time": ["2019-01-14 10:34:45", "2019-01-14 10:48:45"], "total_order": 2, "hotel_value": ["4.5", "4.5"], "hotel_price": ["536", "546"]}, "436076": {"hotel_name": "\u9752\u5c9b\u6c47\u6cc9\u738b\u671d\u5927\u996d\u5e97", "order_time": ["2019-01-14 10:34:45"], "total_order": 1, "hotel_value": ["4.4"], "hotel_price": ["450"]}, "1165293": {"hotel_name": "\u9752\u5c9b\u5c1a\u54c1\u4e91\u56fe\u5bbe\u9986", "order_time": ["2019-01-14 10:34:47"], "total_order": 1, "hotel_value": ["4.2"], "hotel_price": ["79"]}, "8575398": {"hotel_name": "\u9752\u5c9b\u4e2d\u5730\u4e07\u8c6a\u9152\u5e97", "order_time": ["2019-01-14 10:34:49"], "total_order": 1, "hotel_value": ["4.5"], "hotel_price": ["232"]}, "996591": {"hotel_name": "\u9752\u5c9b\u5b8f\u8fd0\u5927\u9152\u5e97", "order_time": ["2019-01-14 10:34:49"], "total_order": 1, "hotel_value": ["4.6"], "hotel_price": ["139"]}, "1412491": {"hotel_name": "\u6d77\u53cb\u9152\u5e97(\u9752\u5c9b\u53f0\u4e1c\u4e07\u8fbe\u5e97)", "order_time": ["2019-01-14 10:34:59"], "total_order": 1, "hotel_value": ["3.9"], "hotel_price": ["75"]}, "26616588": {"hotel_name": "\u9752\u5c9b\u4f18\u9014\u7f8e\u5bd3\u516c\u5bd3", "order_time": ["2019-01-14 10:35:00"], "total_order": 1, "hotel_value": ["5.0"], "hotel_price": ["119"]}, "24055729": {"hotel_name": "\u5c1a\u5ba2\u4f18\u7cbe\u9009\u9152\u5e97(\u9752\u5c9b\u4e94\u56db\u5e7f\u573a\u5965\u5e06\u5e97)", "order_time": ["2019-01-14 10:35:02"], "total_order": 1, "hotel_value": ["4.7"], "hotel_price": ["119"]}, "1302246": {"hotel_name": "\u7231\u5ba2100\u5546\u52a1\u5bbe\u9986(\u9752\u5c9b\u6d41\u4ead\u6d3c\u91cc\u5e97)", "order_time": ["2019-01-14 10:35:02"], "total_order": 1, "hotel_value": ["4.4"], "hotel_price": ["69"]}, "1103115": {"hotel_name": "\u6c49\u5ead\u9152\u5e97(\u5e73\u5ea6\u9752\u5c9b\u8def\u5e97)", "order_time": ["2019-01-14 10:35:57"], "total_order": 1, "hotel_value": ["4.2"], "hotel_price": ["109"]}, "8182955": {"hotel_name": "\u6cca\u4e91\u5c1a\u9009\u5ead\u9662\u9152\u5e97(\u9752\u5c9b\u897f\u6d77\u5cb8\u4e1c\u65b9\u5f71\u90fd\u4e07\u8fbe\u8302\u5e97)", "order_time": ["2019-01-14 10:37:06"], "total_order": 1, "hotel_value": ["4.9"], "hotel_price": ["258"]}, "1872002": {"hotel_name": "\u9752\u6e38\u8bb0(\u81ea\u7531\u884c\u65d7\u8230)\u56fd\u9645\u9752\u5e74\u65c5\u820d(\u9752\u5c9b\u706b\u8f66\u7ad9\u6808\u6865\u5288\u67f4\u9662\u4e2d\u5c71\u8def\u5e97)", "order_time": ["2019-01-14 10:37:08"], "total_order": 1, "hotel_value": ["4.8"], "hotel_price": ["9"]}, "1504359": {"hotel_name": "\u83ab\u6cf0168(\u9752\u5c9b\u80f6\u5357\u4eba\u6c11\u8def\u5546\u4e1a\u8857\u5e97)", "order_time": ["2019-01-14 10:37:15"], "total_order": 1, "hotel_value": ["4.5"], "hotel_price": ["111"]}, "1990441": {"hotel_name": "\u946b\u5b87\u987a\u5bbe\u9986(\u9752\u5c9b\u4e2d\u5c71\u8def\u5288\u67f4\u9662\u5e97)", "order_time": ["2019-01-14 10:37:19"], "total_order": 1, "hotel_value": ["4.3"], "hotel_price": ["58"]}, "1411665": {"hotel_name": "\u6377\u5229\u83b1\u5546\u52a1\u5bbe\u9986(\u9752\u5c9b\u674e\u6ca7\u6d77\u5c14\u5de5\u4e1a\u56ed\u5e97)", "order_time": ["2019-01-14 10:39:28"], "total_order": 1, "hotel_value": ["4.3"], "hotel_price": ["70"]}, "23227885": {"hotel_name": "\u9752\u5c9b\u683c\u96f7\u65af\u7cbe\u9009\u9152\u5e97", "order_time": ["2019-01-14 10:39:29"], "total_order": 1, "hotel_value": ["4.8"], "hotel_price": ["243"]}, "994151": {"hotel_name": "\u5982\u5bb6\u5feb\u6377\u9152\u5e97(\u9752\u5c9b\u674e\u6751\u5730\u94c1\u7ad9\u4eac\u53e3\u8def\u5e97)", "order_time": ["2019-01-14 10:39:30"], "total_order": 1, "hotel_value": ["4.5"], "hotel_price": ["109"]}, "443607": {"hotel_name": "\u9752\u5c9b\u6052\u90fd\u884c\u653f\u9152\u5e97", "order_time": ["2019-01-14 10:39:33"], "total_order": 1, "hotel_value": ["4.1"], "hotel_price": ["78"]}, "1381117": {"hotel_name": "\u9752\u5c9b\u5929\u745e\u798f\u5bbe\u9986", "order_time": ["2019-01-14 10:39:54"], "total_order": 1, "hotel_value": ["3.9"], "hotel_price": ["60"]}, "1093405": {"hotel_name": "\u9752\u5c9b\u4e16\u56ed\u5bd2\u8f69\u9152\u5e97", "order_time": ["2019-01-14 10:41:48"], "total_order": 1, "hotel_value": ["4.5"], "hotel_price": ["399"]}, "5896610": {"hotel_name": "\u9752\u5c9b\u6d77\u8fb9\u4eba\u5bb6\u6d77\u666f\u5ea6\u5047\u516c\u5bd3\u4e2d\u8054\u81ea\u7531\u6e2f\u6e7e\u5e97", "order_time": ["2019-01-14 10:41:49"], "total_order": 1, "hotel_value": ["4.6"], "hotel_price": ["63"]}, "1606905": {"hotel_name": "\u9752\u5c9b\u5174\u5b89\u5927\u9152\u5e97", "order_time": ["2019-01-14 10:41:49"], "total_order": 1, "hotel_value": ["4.4"], "hotel_price": ["131"]}, "5091800": {"hotel_name": "\u90fd\u5e02118\u8fde\u9501\u9152\u5e97(\u9752\u5c9b\u957f\u6c99\u8def\u5e97)", "order_time": ["2019-01-14 10:41:51"], "total_order": 1, "hotel_value": ["4.0"], "hotel_price": ["104"]}, "427982": {"hotel_name": "\u5982\u5bb6\u5feb\u6377\u9152\u5e97(\u9752\u5c9b\u4e2d\u5c71\u8def\u5fb7\u56fd\u98ce\u60c5\u8857\u5e97)", "order_time": ["2019-01-14 10:41:51"], "total_order": 1, "hotel_value": ["4.5"], "hotel_price": ["84"]}, "4154655": {"hotel_name": "\u9752\u5c9b\u56db\u5b63\u6d77\u5cb8\u6d77\u666f\u5ea6\u5047\u516c\u5bd3", "order_time": ["2019-01-14 10:41:52"], "total_order": 1, "hotel_value": ["4.7"], "hotel_price": ["65"]}, "6841720": {"hotel_name": "\u9752\u5c9b\u6d77\u6db5\u8f69\u7cbe\u54c1\u9152\u5e97", "order_time": ["2019-01-14 10:41:53"], "total_order": 1, "hotel_value": ["4.7"], "hotel_price": ["124"]}, "12252847": {"hotel_name": "\u9752\u5c9b\u9890\u84dd\u5fc3\u820d\u9152\u5e97", "order_time": ["2019-01-14 10:41:59"], "total_order": 1, "hotel_value": ["4.6"], "hotel_price": ["169"]}, "5982531": {"hotel_name": "\u9752\u5c9b\u53c1\u4e24\u5ba2\u6808", "order_time": ["2019-01-14 10:42:08"], "total_order": 1, "hotel_value": ["3.9"], "hotel_price": ["80"]}, "779889": {"hotel_name": "\u9526\u6c5f\u4e4b\u661f(\u9752\u5c9b\u4e94\u56db\u5e7f\u573a\u5357\u4eac\u8def\u5730\u94c1\u7ad9\u5e97)", "order_time": ["2019-01-14 10:44:16"], "total_order": 1, "hotel_value": ["4.4"], "hotel_price": ["129"]}, "28528994": {"hotel_name": "\u9752\u5c9b\u6591\u9a6c\u7cbe\u4eab\u9152\u5e97", "order_time": ["2019-01-14 10:44:18"], "total_order": 1, "hotel_value": ["5.0"], "hotel_price": ["173"]}, "6867438": {"hotel_name": "\u9752\u5c9b\u91cc\u9662\u7cbe\u54c1\u9152\u5e97", "order_time": ["2019-01-14 10:44:18"], "total_order": 1, "hotel_value": ["4.5"], "hotel_price": ["69"]}, "19719841": {"hotel_name": "\u4e03\u591c\u4e3b\u9898\u9152\u5e97(\u9752\u5c9b\u51ef\u5fb7\u5e7f\u573a\u5e97)", "order_time": ["2019-01-14 10:44:21"], "total_order": 1, "hotel_value": ["4.6"], "hotel_price": ["133"]}, "5703470": {"hotel_name": "\u9752\u5c9b\u946b\u9f99\u5047\u65e5\u77f3\u6cb9\u5927\u5b66\u6d77\u666f\u516c\u5bd3(\u539f\u946b\u9f99\u5047\u65e5\u957f\u6c5f\u56fd\u9645\u516c\u5bd3)", "order_time": ["2019-01-14 10:44:22"], "total_order": 1, "hotel_value": ["4.6"], "hotel_price": ["173"]}, "5660283": {"hotel_name": "\u9752\u5c9b\u6728\u5b50\u5ea6\u5047\u516c\u5bd3\u5c71\u82b1\u56ed\u5e97", "order_time": ["2019-01-14 10:44:23"], "total_order": 1, "hotel_value": ["5.0"], "hotel_price": ["154"]}, "2156027": {"hotel_name": "\u6d77\u53cb\u9152\u5e97(\u9752\u5c9b\u676d\u5dde\u8def\u5e97)", "order_time": ["2019-01-14 10:44:26"], "total_order": 1, "hotel_value": ["4.3"], "hotel_price": ["85"]}, "4398167": {"hotel_name": "\u65e5\u5149\u6d77\u5cb8\u5ea6\u5047\u516c\u5bd3(\u9752\u5c9b\u4e2d\u8054\u81ea\u7531\u6e2f\u6e7e\u5e97)", "order_time": ["2019-01-14 10:46:54", "2019-01-14 10:44:26"], "total_order": 2, "hotel_value": ["4.9", "4.9"], "hotel_price": ["158", "158"]}, "2310159": {"hotel_name": "\u90fd\u5e02118(\u9752\u5c9b\u8fbd\u9633\u897f\u8def\u6d6e\u5c71\u540e\u5e97)", "order_time": ["2019-01-14 10:46:38"], "total_order": 1, "hotel_value": ["4.5"], "hotel_price": ["93"]}, "531745": {"hotel_name": "\u6df1\u84dd\u590d\u5f0f\u516c\u5bd3(\u9752\u5c9b\u4f1a\u5c55\u4e2d\u5fc3\u6d77\u6c34\u6d74\u573a\u56fd\u4fe1)", "order_time": ["2019-01-14 10:46:41"], "total_order": 1, "hotel_value": ["4.6"], "hotel_price": ["219"]}, "994154": {"hotel_name": "\u5982\u5bb6\u5feb\u6377\u9152\u5e97(\u9752\u5c9b\u5c71\u4e1c\u8def\u4e2d\u592e\u5546\u52a1\u533a\u91cd\u5e86\u5357\u8def\u5e97)", "order_time": ["2019-01-14 10:46:42", "2019-01-14 10:50:53"], "total_order": 2, "hotel_value": ["4.4", "4.4"], "hotel_price": ["99", "99"]}, "1306753": {"hotel_name": "\u9752\u5c9b\u51ef\u83b1\u5546\u52a1\u9152\u5e97", "order_time": ["2019-01-14 10:48:46", "2019-01-14 11:10:41"], "total_order": 2, "hotel_value": ["4.2", "4.2"], "hotel_price": ["159", "159"]}, "1591544": {"hotel_name": "\u9752\u5c9b\u4eba\u6e90\u5ba2\u6808", "order_time": ["2019-01-14 10:48:46"], "total_order": 1, "hotel_value": ["4.4"], "hotel_price": ["70"]}, "5438559": {"hotel_name": "\u4f18\u54c1\u9152\u5e97(\u9752\u5c9b\u56db\u6d41\u5357\u8def\u5e97)", "order_time": ["2019-01-14 10:48:49"], "total_order": 1, "hotel_value": ["4.3"], "hotel_price": ["84"]}, "1644435": {"hotel_name": "\u4e30\u6167\u5546\u52a1\u9152\u5e97(\u9752\u5c9b\u6d1b\u9633\u8def\u5e97)", "order_time": ["2019-01-14 10:48:53"], "total_order": 1, "hotel_value": ["4.1"], "hotel_price": ["89"]}, "2140433": {"hotel_name": "\u683c\u6797\u8054\u76df\u9152\u5e97(\u9752\u5c9b\u4e50\u5ba2\u57ce\u674e\u6751\u5730\u94c1\u7ad9\u5e97)", "order_time": ["2019-01-14 10:48:54"], "total_order": 1, "hotel_value": ["4.4"], "hotel_price": ["103"]}, "1344295": {"hotel_name": "\u5373\u58a8\u76db\u548c\u5546\u52a1\u5bbe\u9986", "order_time": ["2019-01-14 10:48:54"], "total_order": 1, "hotel_value": ["3.6"], "hotel_price": ["78"]}, "1604945": {"hotel_name": "\u7231\u5c0a\u5ba2\u9152\u5e97(\u9752\u5c9b\u53f0\u4e1c\u6b65\u884c\u8857\u5e97)", "order_time": ["2019-01-14 10:48:55"], "total_order": 1, "hotel_value": ["4.3"], "hotel_price": ["79"]}, "1689164": {"hotel_name": "\u9752\u5c9b\u946b\u6d77\u9152\u5e97", "order_time": ["2019-01-14 10:48:57"], "total_order": 1, "hotel_value": ["4.7"], "hotel_price": ["113"]}, "2359489": {"hotel_name": "\u5b89\u6f9c\u5bbe\u820d\u541b\u54c1\u6d77\u5cb8\u9152\u5e97(\u9752\u5c9b\u706b\u8f66\u7ad9\u6808\u6865\u9752\u533b\u9644\u9662\u5e97)", "order_time": ["2019-01-14 10:49:02"], "total_order": 1, "hotel_value": ["4.5"], "hotel_price": ["75"]}, "1181776": {"hotel_name": "\u5317\u4eac\u5927\u5b66(\u9752\u5c9b)\u56fd\u9645\u5b66\u672f\u4ea4\u6d41\u4e2d\u5fc3", "order_time": ["2019-01-14 10:49:07"], "total_order": 1, "hotel_value": ["4.1"], "hotel_price": ["101"]}, "451125": {"hotel_name": "\u90fd\u5e02118(\u9752\u5c9b\u4e95\u5188\u5c71\u8def\u5e97)", "order_time": ["2019-01-14 10:50:48"], "total_order": 1, "hotel_value": ["4.5"], "hotel_price": ["79"]}, "22416789": {"hotel_name": "\u9752\u5c9b\u5bb9\u9526\u9152\u5e97", "order_time": ["2019-01-14 10:50:50"], "total_order": 1, "hotel_value": ["4.7"], "hotel_price": ["102"]}, "6525125": {"hotel_name": "Q\u52a0\u00b7\u60a6\u6f9c\u9152\u5e97\u516c\u5bd3(\u9752\u5c9b\u4e94\u56db\u5e7f\u573a\u4e07\u8c61\u57ce\u5e97)", "order_time": ["2019-01-14 10:50:50"], "total_order": 1, "hotel_value": ["4.7"], "hotel_price": ["206"]}, "669124": {"hotel_name": "\u9752\u5c9b\u534e\u4fa8\u56fd\u9645\u996d\u5e97", "order_time": ["2019-01-14 10:50:51"], "total_order": 1, "hotel_value": ["4.3"], "hotel_price": ["198"]}, "2258446": {"hotel_name": "\u5982\u5bb6\u5feb\u6377\u9152\u5e97(\u9752\u5c9b\u6808\u6865\u4eba\u6c11\u4f1a\u5802\u5730\u94c1\u7ad9\u9f99\u53e3\u8def\u5e97)", "order_time": ["2019-01-14 10:50:56"], "total_order": 1, "hotel_value": ["4.4"], "hotel_price": ["99"]}, "5380813": {"hotel_name": "\u90fd\u5e02118\uff08\u9752\u5c9b\u6d77\u5c14\u5de5\u4e1a\u56ed\u52b2\u677e\u4e03\u8def\u5e97\uff09", "order_time": ["2019-01-14 10:50:57"], "total_order": 1, "hotel_value": ["4.3"], "hotel_price": ["83"]}, "8720490": {"hotel_name": "\u9752\u5c9b\u534e\u5947\u51ef\u5e1d\u9152\u5e97", "order_time": ["2019-01-14 10:51:02"], "total_order": 1, "hotel_value": ["4.4"], "hotel_price": ["125"]}, "1872784": {"hotel_name": "\u9752\u5c9b\u6808\u6865\u542c\u6d77\u4e3d\u666f\u65e5\u79df\u623f", "order_time": ["2019-01-14 10:51:14"], "total_order": 1, "hotel_value": ["4.9"], "hotel_price": ["58"]}, "6039993": {"hotel_name": "\u9752\u5c9b\u6052\u5c71\u8def5\u53f7\u4eba\u6587\u9152\u5e97", "order_time": ["2019-01-14 10:53:00"], "total_order": 1, "hotel_value": ["4.6"], "hotel_price": ["201"]}, "7859115": {"hotel_name": "\u66e6\u9014\u00b7\u672a\u6765\u667a\u80fd\u5ea6\u5047\u516c\u5bd3(\u9752\u5c9b\u5965\u5e06\u4e94\u56db\u5e7f\u573a\u4e07\u8c61\u57ce\u5e97)", "order_time": ["2019-01-14 10:53:03"], "total_order": 1, "hotel_value": ["4.8"], "hotel_price": ["222"]}, "4960015": {"hotel_name": "\u9526\u6c5f\u4e4b\u661f\u54c1\u5c1a(\u9752\u5c9b\u56fd\u9645\u4f1a\u5c55\u4e2d\u5fc3\u82d7\u5cad\u8def\u5e97)", "order_time": ["2019-01-14 10:53:03"], "total_order": 1, "hotel_value": ["4.5"], "hotel_price": ["147"]}, "1362121": {"hotel_name": "\u90fd\u5e02118(\u9752\u5c9b\u6b63\u9633\u8def\u5229\u7fa4\u5e97)", "order_time": ["2019-01-14 10:53:04"], "total_order": 1, "hotel_value": ["4.4"], "hotel_price": ["95"]}, "1315838": {"hotel_name": "\u6854\u5b50\u9152\u5e97\u00b7\u7cbe\u9009(\u9752\u5c9b\u57ce\u9633\u5e97)", "order_time": ["2019-01-14 10:55:10"], "total_order": 1, "hotel_value": ["4.8"], "hotel_price": ["332"]}, "8396348": {"hotel_name": "\u7a7a\u94c1\u5047\u65e5\u9152\u5e97\u516c\u5bd3(\u9752\u5c9b\u673a\u573a\u4e8c\u5e97)", "order_time": ["2019-01-14 10:55:14"], "total_order": 1, "hotel_value": ["4.4"], "hotel_price": ["188"]}, "4014540": {"hotel_name": "\u4f34\u6d77\u65f6\u5149\u7cbe\u54c1\u6d77\u666f\u5ea6\u5047\u516c\u5bd3(\u9752\u5c9b\u90a3\u9c81\u6e7e\u5e97)", "order_time": ["2019-01-14 10:55:15"], "total_order": 1, "hotel_value": ["4.8"], "hotel_price": ["123"]}, "669773": {"hotel_name": "\u5b9c\u5fc5\u601d\u9152\u5e97(\u9752\u5c9b\u5b81\u590f\u8def\u5730\u94c1\u7ad9\u5e97)(\u539f\u5b81\u590f\u8def\u5e97)", "order_time": ["2019-01-14 10:55:16"], "total_order": 1, "hotel_value": ["4.5"], "hotel_price": ["170"]}, "5025246": {"hotel_name": "\u9752\u5c9b\u4e2d\u8054\u4f4f\u53cb\u6d77\u666f\u5ea6\u5047\u516c\u5bd3", "order_time": ["2019-01-14 10:55:22"], "total_order": 1, "hotel_value": ["4.6"], "hotel_price": ["103"]}, "427997": {"hotel_name": "\u5982\u5bb6\u5feb\u6377\u9152\u5e97(\u9752\u5c9b\u57ce\u9633\u6b63\u9633\u4e2d\u8def\u5e97)", "order_time": ["2019-01-14 11:01:47", "2019-01-14 10:55:28"], "total_order": 2, "hotel_value": ["4.4", "4.4"], "hotel_price": ["140", "140"]}, "1316324": {"hotel_name": "\u6c49\u5ead\u9152\u5e97(\u5373\u58a8\u5b9d\u9f99\u5e7f\u573a\u5e97)", "order_time": ["2019-01-14 10:57:24"], "total_order": 1, "hotel_value": ["4.6"], "hotel_price": ["142"]}, "19583911": {"hotel_name": "\u9752\u5c9b\u6cca\u5ba2\u4ed5\u5bb6\u7cbe\u54c1\u516c\u5bd3", "order_time": ["2019-01-14 10:57:25"], "total_order": 1, "hotel_value": ["4.9"], "hotel_price": ["150"]}, "6085650": {"hotel_name": "\u5586\u5561\u9152\u5e97(\u9752\u5c9b\u6d41\u4ead\u56fd\u9645\u673a\u573a\u5e97)", "order_time": ["2019-01-14 10:57:26", "2019-01-14 11:04:10"], "total_order": 2, "hotel_value": ["4.7", "4.7"], "hotel_price": ["196", "196"]}, "6838355": {"hotel_name": "\u5170\u6b27\u9152\u5e97(\u9752\u5c9b\u4e94\u56db\u5e7f\u573a\u5e97)(\u539f\u65b0\u4e1c\u5927\u9152\u5e97)", "order_time": ["2019-01-14 10:57:29"], "total_order": 1, "hotel_value": ["5.0"], "hotel_price": ["370"]}, "6335395": {"hotel_name": "\u6e29\u99a8\u5bb6\u5ead\u65e5\u79df\u623f(\u9752\u5c9b\u5982\u610f\u5927\u53a6\u5e97)", "order_time": ["2019-01-14 10:57:43"], "total_order": 1, "hotel_value": ["4.4"], "hotel_price": ["30"]}, "1070621": {"hotel_name": "\u9752\u5c9b\u5b9c\u5bb699\u8fde\u9501\u5bbe\u9986", "order_time": ["2019-01-14 10:59:36"], "total_order": 1, "hotel_value": ["4.3"], "hotel_price": ["79"]}, "10118500": {"hotel_name": "\u90fd\u5e02118\u7cbe\u9009\u9152\u5e97(\u9752\u5c9b\u5bb6\u4f73\u6e90\u4e00\u54c1\u51a0\u5e97)", "order_time": ["2019-01-14 10:59:37"], "total_order": 1, "hotel_value": ["4.6"], "hotel_price": ["104"]}, "690587": {"hotel_name": "\u9752\u5c9b\u516b\u5927\u5173\u9526\u7ee3\u56ed\u9152\u5e97", "order_time": ["2019-01-14 10:59:38"], "total_order": 1, "hotel_value": ["4.6"], "hotel_price": ["224"]}, "5981012": {"hotel_name": "\u81ea\u7531\u884c\u56fd\u9645\u9752\u5e74\u65c5\u820d(\u9752\u5c9b\u5288\u67f4\u9662\u5e97)", "order_time": ["2019-01-14 10:59:43"], "total_order": 1, "hotel_value": ["4.5"], "hotel_price": ["5"]}, "3733536": {"hotel_name": "\u5e73\u5ea6\u7269\u8d44\u5bbe\u9986", "order_time": ["2019-01-14 11:00:31"], "total_order": 1, "hotel_value": ["4.5"], "hotel_price": ["115"]}, "1281802": {"hotel_name": "\u6d77\u6c38\u5fb7\u5feb\u6377\u9152\u5e97(\u9752\u5c9b\u706b\u8f66\u5317\u7ad9\u5e97)", "order_time": ["2019-01-14 11:01:45"], "total_order": 1, "hotel_value": ["3.8"], "hotel_price": ["79"]}, "2136286": {"hotel_name": "\u9752\u5c9b\u7f8e\u5885\u5047\u671f\u9152\u5e9730\u53f7\u6d77\u8fb9\u522b\u5885", "order_time": ["2019-01-14 11:01:46"], "total_order": 1, "hotel_value": ["4.9"], "hotel_price": ["253"]}, "481742": {"hotel_name": "\u9752\u5c9b\u4e16\u8d38\u6d77\u60a6\u5927\u9152\u5e97", "order_time": ["2019-01-14 11:01:48"], "total_order": 1, "hotel_value": ["4.7"], "hotel_price": ["246"]}, "20028061": {"hotel_name": "\u7eff\u5cf0\u96c5\u9601\u5ea6\u5047\u516c\u5bd3(\u9752\u5c9b\u4f1a\u5c55\u4e2d\u5fc3\u77f3\u8001\u4eba\u6d77\u6c34\u6d74\u573a\u5e97)", "order_time": ["2019-01-14 11:01:48"], "total_order": 1, "hotel_value": ["4.8"], "hotel_price": ["209"]}, "997909": {"hotel_name": "\u9752\u5c9b\u51ef\u83b1\u5927\u9152\u5e97", "order_time": ["2019-01-14 11:01:48"], "total_order": 1, "hotel_value": ["4.6"], "hotel_price": ["398"]}, "8415426": {"hotel_name": "\u56db\u5b63\u7cbe\u9009\u9152\u5e97(\u9752\u5c9b\u6d41\u4ead\u673a\u573a\u5e97)", "order_time": ["2019-01-14 11:10:38", "2019-01-14 11:01:49"], "total_order": 2, "hotel_value": ["4.6", "4.6"], "hotel_price": ["208", "208"]}, "22673546": {"hotel_name": "\u9752\u5c9b\u65af\u7ef4\u767b\u5ea6\u5047\u516c\u5bd3(\u57ce\u9633\u533a\u653f\u5e9c)", "order_time": ["2019-01-14 11:01:50"], "total_order": 1, "hotel_value": ["4.8"], "hotel_price": ["119"]}, "2082416": {"hotel_name": "7\u5929\u8fde\u9501\u9152\u5e97(\u9752\u5c9b\u6d41\u4ead\u673a\u573a\u5e97)", "order_time": ["2019-01-14 11:01:51"], "total_order": 1, "hotel_value": ["4.1"], "hotel_price": ["99"]}, "2166570": {"hotel_name": "\u9752\u5c9b\u7f57\u66fc\u5ba2\u7cbe\u54c1\u4e3b\u9898\u9152\u5e97", "order_time": ["2019-01-14 11:01:51"], "total_order": 1, "hotel_value": ["4.1"], "hotel_price": ["95"]}, "9594992": {"hotel_name": "\u9752\u5c9b\u91d1\u5cb8\u6d77\u666f\u9152\u5e97", "order_time": ["2019-01-14 11:01:52"], "total_order": 1, "hotel_value": ["4.8"], "hotel_price": ["124"]}, "21803834": {"hotel_name": "\u9752\u5c9b\u60a6\u6d77\u5ead\u4e3b\u9898\u5bbe\u9986", "order_time": ["2019-01-14 11:01:56"], "total_order": 1, "hotel_value": ["4.3"], "hotel_price": ["108"]}, "5895533": {"hotel_name": "\u5373\u58a8\u7231\u5ba2100\u8fde\u9501\u5bbe\u9986\u670d\u88c5\u57ce\u5e97", "order_time": ["2019-01-14 11:01:57"], "total_order": 1, "hotel_value": ["4.5"], "hotel_price": ["93"]}, "1618209": {"hotel_name": "\u81ea\u7531\u884c\u521b\u5ba2\u9752\u5e74\u65c5\u820d(\u9752\u5c9b\u706b\u8f66\u7ad9\u4e2d\u5c71\u8def\u5e97)(\u539f\u9f99\u798f\u7965\u5bbe\u9986)", "order_time": ["2019-01-14 11:01:58"], "total_order": 1, "hotel_value": ["4.9"], "hotel_price": ["6"]}, "2087115": {"hotel_name": "\u5982\u610f\u9b45\u529b\u6d77\u666f\u65e5\u79df\u623f(\u9752\u5c9b\u6808\u6865\u706b\u8f66\u7ad9\u5e97)", "order_time": ["2019-01-14 11:02:07"], "total_order": 1, "hotel_value": ["4.0"], "hotel_price": ["21"]}, "467216": {"hotel_name": "\u9752\u5c9b\u6d77\u666f\u82b1\u56ed\u5927\u9152\u5e97", "order_time": ["2019-01-14 11:04:03"], "total_order": 1, "hotel_value": ["4.8"], "hotel_price": ["621"]}, "450341": {"hotel_name": "\u9752\u5c9b\u6e5b\u5c71\u82b1\u56ed\u9152\u5e97", "order_time": ["2019-01-14 11:06:15", "2019-01-14 11:04:03"], "total_order": 2, "hotel_value": ["4.6", "4.6"], "hotel_price": ["358", "358"]}, "2101673": {"hotel_name": "\u9752\u5c9b\u53f0\u4e1c\u5927\u9152\u5e97", "order_time": ["2019-01-14 11:04:10"], "total_order": 1, "hotel_value": ["4.3"], "hotel_price": ["70"]}, "995182": {"hotel_name": "\u94f6\u5ea7\u4f73\u9a7f\u9152\u5e97(\u9752\u5c9b\u4e94\u53f0\u5c71\u8def\u4fdd\u7a0e\u533a\u5e97)", "order_time": ["2019-01-14 11:04:10"], "total_order": 1, "hotel_value": ["4.5"], "hotel_price": ["104"]}, "4070512": {"hotel_name": "\u62dc\u767b\u516c\u5bd3\u00b7\u9752\u5c9b\u4e1c\u65b9\u5f71\u90fd\u5e97", "order_time": ["2019-01-14 11:04:18"], "total_order": 1, "hotel_value": ["4.7"], "hotel_price": ["104"]}, "5466788": {"hotel_name": "\u82b1\u6eaa\u82b1\u56ed\u9152\u5e97(\u9752\u5c9b\u6d41\u4ead\u673a\u573a\u5e97)", "order_time": ["2019-01-14 11:06:15"], "total_order": 1, "hotel_value": ["4.5"], "hotel_price": ["198"]}, "669081": {"hotel_name": "\u9752\u5c9b\u4e16\u7eaa\u6587\u534e\u9152\u5e97", "order_time": ["2019-01-14 11:06:15"], "total_order": 1, "hotel_value": ["4.6"], "hotel_price": ["156"]}, "397581": {"hotel_name": "\u9526\u6c5f\u90fd\u57ce\u9152\u5e97(\u9752\u5c9b\u5927\u5b66\u5e97)", "order_time": ["2019-01-14 11:06:16"], "total_order": 1, "hotel_value": ["4.5"], "hotel_price": ["181"]}, "427849": {"hotel_name": "\u83ab\u6cf0168(\u9752\u5c9b\u5c71\u4e1c\u8def\u4e2d\u592e\u5546\u52a1\u533a\u5e97)", "order_time": ["2019-01-14 11:06:22"], "total_order": 1, "hotel_value": ["4.3"], "hotel_price": ["127"]}, "994089": {"hotel_name": "\u5982\u5bb6\u5feb\u6377\u9152\u5e97(\u9752\u5c9b\u706b\u8f66\u5317\u7ad9\u632f\u534e\u8def\u5730\u94c1\u7ad9\u5e97)", "order_time": ["2019-01-14 11:08:23"], "total_order": 1, "hotel_value": ["4.4"], "hotel_price": ["103"]}, "5482123": {"hotel_name": "\u9752\u5c9b\u94f6\u6cb3\u5047\u65e5\u9152\u5e97", "order_time": ["2019-01-14 11:08:26"], "total_order": 1, "hotel_value": ["4.7"], "hotel_price": ["133"]}, "371190": {"hotel_name": "\u9752\u5c9b\u9999\u683c\u91cc\u62c9\u5927\u9152\u5e97", "order_time": ["2019-01-14 11:08:28"], "total_order": 1, "hotel_value": ["4.7"], "hotel_price": ["747"]}, "21807735": {"hotel_name": "\u5f71\u5de2\u7535\u5f71\u9152\u5e97(\u9752\u5c9b\u56db\u680b\u4e5d\u4e8c\u96f6\u5e97)", "order_time": ["2019-01-14 11:08:28"], "total_order": 1, "hotel_value": ["4.8"], "hotel_price": ["144"]}, "1700442": {"hotel_name": "\u9752\u5c9b\u9a6c\u53ef\u6ce2\u7f57\u9152\u5e97", "order_time": ["2019-01-14 11:08:37"], "total_order": 1, "hotel_value": ["4.6"], "hotel_price": ["103"]}, "6067521": {"hotel_name": "Q\u52a0\u00b7\u5fae\u5bb6\u9152\u5e97\u516c\u5bd3(\u9752\u5c9b\u4e94\u56db\u5e7f\u573a\u5e97)", "order_time": ["2019-01-14 11:10:38"], "total_order": 1, "hotel_value": ["4.8"], "hotel_price": ["203"]}, "19846790": {"hotel_name": "\u7b51\u7f8e\u5370\u8c61\u9152\u5e97\u5f0f\u516c\u5bd3(\u9752\u5c9b\u53f0\u4e1c\u6b65\u884c\u8857\u5e97)", "order_time": ["2019-01-14 11:10:38"], "total_order": 1, "hotel_value": ["4.7"], "hotel_price": ["99"]}, "18540621": {"hotel_name": "\u5982\u5bb6\u7cbe\u9009\u9152\u5e97(\u9752\u5c9b\u674e\u6ca7\u4e5d\u6c34\u4e1c\u8def\u4e07\u8fbe\u5e7f\u573a\u5e97)", "order_time": ["2019-01-14 11:10:40"], "total_order": 1, "hotel_value": ["4.7"], "hotel_price": ["227"]}, "5147860": {"hotel_name": "\u9752\u5c9b\u5d02\u5c71\u6e7e\u9152\u5e97", "order_time": ["2019-01-14 11:10:45"], "total_order": 1, "hotel_value": ["4.6"], "hotel_price": ["426"]}, "2305726": {"hotel_name": "\u9752\u5c9b\u6021\u53cb\u5927\u9152\u5e97", "order_time": ["2019-01-14 11:10:56"], "total_order": 1, "hotel_value": ["4.2"], "hotel_price": ["149"]}, "1255468": {"hotel_name": "\u6c49\u5ead\u9152\u5e97\uff08\u9752\u5c9b\u6d77\u5c14\u5de5\u4e1a\u56ed\u5730\u94c1\u5927\u53a6\u7ad9\u5e97\uff09\uff08\u539f\u6d77\u5c14\u5de5\u4e1a\u56ed\u5e97\uff09", "order_time": ["2019-01-14 11:12:58"], "total_order": 1, "hotel_value": ["4.3"], "hotel_price": ["208"]}, "2513230": {"hotel_name": "\u9752\u5c9b\u65af\u7ef4\u767b\u5ea6\u5047\u516c\u5bd3(\u91d1\u6c99\u6ee9\u5c71\u6d77\u6e7e)", "order_time": ["2019-01-14 11:13:01"], "total_order": 1, "hotel_value": ["4.3"], "hotel_price": ["140"]}, "427960": {"hotel_name": "\u5982\u5bb6\u5feb\u6377\u9152\u5e97(\u9752\u5c9b\u6d41\u4ead\u673a\u573a\u6c7d\u8f66\u5317\u7ad9\u5e97 )", "order_time": ["2019-01-14 11:13:03"], "total_order": 1, "hotel_value": ["4.4"], "hotel_price": ["128"]}, "20551904": {"hotel_name": "\u9752\u5c9b\u559c\u6765\u4f73\u5546\u52a1\u5bbe\u9986", "order_time": ["2019-01-14 11:13:05"], "total_order": 1, "hotel_value": ["4.5"], "hotel_price": ["120"]}, "1535266": {"hotel_name": "\u9752\u5c9b\u6808\u6865\u706b\u8f66\u7ad9\u4e3b\u9898\u6d77\u666f\u65e5\u79df\u623f", "order_time": ["2019-01-14 11:13:11"], "total_order": 1, "hotel_value": ["4.4"], "hotel_price": ["28"]}, "2011487": {"hotel_name": "7\u5929\u8fde\u9501\u9152\u5e97(\u5e73\u5ea6\u9752\u5c9b\u8def\u5e97)", "order_time": ["2019-01-14 11:14:19"], "total_order": 1, "hotel_value": ["4.4"], "hotel_price": ["99"]}}}