{"\u5f00\u59cb\u8bb0\u5f55\u65f6\u95f4": "2019-01-06 20:57:26", "\u7ed3\u675f\u8bb0\u5f55\u65f6\u95f4": "2019-01-06 21:57:26", "\u8ba2\u5355\u603b\u589e\u91cf": 390, "item": {"445195": {"hotel_name": "\u9752\u5c9b\u4e1c\u6656\u56fd\u9645\u5927\u9152\u5e97", "order_time": ["2019-01-06 20:59:37"], "total_order": 1, "hotel_value": ["4.5"], "hotel_price": ["266"]}, "1501907": {"hotel_name": "\u5982\u5bb6\u5feb\u6377\u9152\u5e97(\u9752\u5c9b\u4e94\u56db\u5e7f\u573a\u5f90\u5dde\u8def\u5e97)", "order_time": ["2019-01-06 20:59:38"], "total_order": 1, "hotel_value": ["4.4"], "hotel_price": ["99"]}, "6067521": {"hotel_name": "Q\u52a0\u00b7\u5fae\u5bb6\u9152\u5e97\u516c\u5bd3(\u9752\u5c9b\u4e94\u56db\u5e7f\u573a\u5e97)", "order_time": ["2019-01-06 20:59:38"], "total_order": 1, "hotel_value": ["4.8"], "hotel_price": ["191"]}, "2470071": {"hotel_name": "Q\u52a0\u00b7\u9752\u5c9b\u745e\u8c6a\u5047\u65e5\u6d77\u666f\u5ea6\u5047\u9152\u5e97\u516c\u5bd3", "order_time": ["2019-01-06 20:59:38"], "total_order": 1, "hotel_value": ["4.7"], "hotel_price": ["89"]}, "443976": {"hotel_name": "\u90fd\u5e02118(\u9752\u5c9b\u674e\u6ca7\u6b65\u884c\u8857\u5e97)", "order_time": ["2019-01-06 20:59:38"], "total_order": 1, "hotel_value": ["4.6"], "hotel_price": ["81"]}, "5718919": {"hotel_name": "\u6c40\u6f9c\u9152\u5e97\u516c\u5bd3(\u9752\u5c9b\u4e94\u56db\u5e7f\u573a\u4e07\u8c61\u57ce\u5e97)", "order_time": ["2019-01-06 21:43:41", "2019-01-06 20:59:38"], "total_order": 2, "hotel_value": ["4.6", "4.6"], "hotel_price": ["222", "222"]}, "27424529": {"hotel_name": "\u9752\u5c9b\u6c49\u5510\u7cbe\u9009\u9152\u5e97\u5f0f\u516c\u5bd3", "order_time": ["2019-01-06 20:59:38"], "total_order": 1, "hotel_value": ["4.9"], "hotel_price": ["195"]}, "22416789": {"hotel_name": "\u9752\u5c9b\u5bb9\u9526\u9152\u5e97", "order_time": ["2019-01-06 20:59:38"], "total_order": 1, "hotel_value": ["4.7"], "hotel_price": ["102"]}, "19846790": {"hotel_name": "\u7b51\u7f8e\u5370\u8c61\u9152\u5e97\u5f0f\u516c\u5bd3(\u9752\u5c9b\u53f0\u4e1c\u6b65\u884c\u8857\u5e97)", "order_time": ["2019-01-06 21:47:40", "2019-01-06 20:59:38"], "total_order": 2, "hotel_value": ["4.7", "4.7"], "hotel_price": ["99", "99"]}, "428027": {"hotel_name": "\u5982\u5bb6\u7cbe\u9009\u9152\u5e97(\u9752\u5c9b\u94f6\u5ddd\u897f\u8def\u8f6f\u4ef6\u56ed\u5e97)", "order_time": ["2019-01-06 20:59:38"], "total_order": 1, "hotel_value": ["4.7"], "hotel_price": ["167"]}, "10212249": {"hotel_name": "\u4e50\u5bb6\u8f69\u7cbe\u54c1\u670d\u52a1\u516c\u5bd3(\u9752\u5c9b\u9ad8\u65b0\u533a\u521b\u4e1a\u5927\u53a6\u65b9\u7279\u5e97)", "order_time": ["2019-01-06 20:59:38"], "total_order": 1, "hotel_value": ["4.6"], "hotel_price": ["139"]}, "427999": {"hotel_name": "\u5982\u5bb6\u7cbe\u9009\u9152\u5e97(\u9752\u5c9b\u516b\u5927\u5173\u592a\u5e73\u89d2\u516c\u56ed\u5730\u94c1\u7ad9\u5e97)", "order_time": ["2019-01-06 20:59:38"], "total_order": 1, "hotel_value": ["4.7"], "hotel_price": ["158"]}, "1715544": {"hotel_name": "\u9752\u5c9b\u946b\u590d\u76db\u9038\u6d77\u56fd\u9645\u9152\u5e97", "order_time": ["2019-01-06 20:59:38"], "total_order": 1, "hotel_value": ["4.6"], "hotel_price": ["241"]}, "24534611": {"hotel_name": "\u9752\u5c9b\u9014\u97f5\u96c5\u7b51\u6d77\u666f\u5ea6\u5047\u516c\u5bd3", "order_time": ["2019-01-06 20:59:38"], "total_order": 1, "hotel_value": ["4.9"], "hotel_price": ["207"]}, "13737239": {"hotel_name": "\u62dc\u767b\u516c\u5bd3\u00b7\u9752\u5c9b\u5927\u62c7\u6307\u4f1a\u5c55\u4e2d\u5fc3\u5e97", "order_time": ["2019-01-06 20:59:38"], "total_order": 1, "hotel_value": ["4.6"], "hotel_price": ["104"]}, "17097238": {"hotel_name": "\u9752\u5c9b\u798f\u745e\u767b\u9152\u5e97", "order_time": ["2019-01-06 20:59:38"], "total_order": 1, "hotel_value": ["4.5"], "hotel_price": ["95"]}, "442301": {"hotel_name": "\u90fd\u5e02118(\u9752\u5c9b\u5d02\u5c71\u4f1a\u5c55\u4e2d\u5fc3\u5730\u94c1\u7ad9\u5e97)", "order_time": ["2019-01-06 20:59:38"], "total_order": 1, "hotel_value": ["4.4"], "hotel_price": ["97"]}, "13180834": {"hotel_name": "\u5c1a\u5ba2\u4f18\u7cbe\u9009\u9152\u5e97(\u9752\u5c9b\u4e16\u7eaa\u516c\u56ed\u6d41\u4ead\u673a\u573a\u5e97)(\u539f\u57ce\u9633\u4e16\u7eaa\u516c\u56ed\u5e97)", "order_time": ["2019-01-06 20:59:38"], "total_order": 1, "hotel_value": ["4.7"], "hotel_price": ["130"]}, "8575398": {"hotel_name": "\u9752\u5c9b\u4e2d\u5730\u4e07\u8c6a\u9152\u5e97", "order_time": ["2019-01-06 20:59:38"], "total_order": 1, "hotel_value": ["4.5"], "hotel_price": ["232"]}, "4154655": {"hotel_name": "\u9752\u5c9b\u56db\u5b63\u6d77\u5cb8\u6d77\u666f\u5ea6\u5047\u516c\u5bd3", "order_time": ["2019-01-06 20:59:38"], "total_order": 1, "hotel_value": ["4.7"], "hotel_price": ["65"]}, "17263343": {"hotel_name": "\u6162\u5c45\u542c\u6d77\u7cbe\u54c1\u9152\u5e97(\u9752\u5c9b\u543e\u60a6\u5e7f\u573a\u5e97)", "order_time": ["2019-01-06 21:55:38", "2019-01-06 20:59:38"], "total_order": 2, "hotel_value": ["4.8", "4.8"], "hotel_price": ["108", "116"]}, "12225064": {"hotel_name": "\u5e0c\u5cb8\u9152\u5e97(\u9752\u5c9b\u6d41\u4ead\u673a\u573a\u5e97)", "order_time": ["2019-01-06 20:59:38"], "total_order": 1, "hotel_value": ["4.6"], "hotel_price": ["197"]}, "19586632": {"hotel_name": "\u5343\u5bbf\u5ea6\u5047\u516c\u5bd3(\u9752\u5c9b\u5ef6\u5409\u8defCBD\u5e97)", "order_time": ["2019-01-06 20:59:38"], "total_order": 1, "hotel_value": ["4.8"], "hotel_price": ["99"]}, "4068819": {"hotel_name": "\u90fd\u5e02118(\u9752\u5c9b\u4f1a\u5c55\u4e2d\u5fc3\u6d77\u5c14\u8def\u5e97)(\u539f\u5d02\u5c71\u9ad8\u79d1\u56ed\u5e97)", "order_time": ["2019-01-06 21:21:42", "2019-01-06 20:59:38"], "total_order": 2, "hotel_value": ["4.2", "4.2"], "hotel_price": ["68", "68"]}, "8915754": {"hotel_name": "\u9752\u5c9b\u7ef4\u6797\u827a\u5885\u6d77\u666f\u9152\u5e97", "order_time": ["2019-01-06 20:59:38"], "total_order": 1, "hotel_value": ["4.7"], "hotel_price": ["153"]}, "640472": {"hotel_name": "\u9752\u5c9b\u65af\u7ef4\u767b\u5ea6\u5047\u516c\u5bd3(\u9c81\u90a6\u98ce\u60c5)", "order_time": ["2019-01-06 20:59:38"], "total_order": 1, "hotel_value": ["4.4"], "hotel_price": ["103"]}, "6801113": {"hotel_name": "\u9752\u5c9b\u5609\u5e74\u534e\u5e7f\u573a\u5927\u9152\u5e97", "order_time": ["2019-01-06 20:59:38"], "total_order": 1, "hotel_value": ["4.7"], "hotel_price": ["465"]}, "5482123": {"hotel_name": "\u9752\u5c9b\u94f6\u6cb3\u5047\u65e5\u9152\u5e97", "order_time": ["2019-01-06 21:21:42", "2019-01-06 20:59:38"], "total_order": 2, "hotel_value": ["4.7", "4.7"], "hotel_price": ["133", "133"]}, "996027": {"hotel_name": "\u9752\u5c9b\u91d1\u6c99\u6ee9\u5e0c\u5c14\u987f\u9152\u5e97", "order_time": ["2019-01-06 20:59:38"], "total_order": 1, "hotel_value": ["4.6"], "hotel_price": ["613"]}, "939307": {"hotel_name": "\u6c49\u5ead\u9152\u5e97(\u9752\u5c9b\u4e94\u56db\u5e7f\u573a\u5e97)", "order_time": ["2019-01-06 20:59:38"], "total_order": 1, "hotel_value": ["4.5"], "hotel_price": ["176"]}, "436088": {"hotel_name": "\u9752\u5c9b\u8d35\u90fd\u56fd\u9645\u5927\u996d\u5e97(\u539f\u9752\u5c9b\u56fd\u6566\u5927\u9152\u5e97)", "order_time": ["2019-01-06 20:59:38"], "total_order": 1, "hotel_value": ["4.6"], "hotel_price": ["402"]}, "5301639": {"hotel_name": "\u9752\u5c9b\u65af\u7ef4\u767b\u5ea6\u5047\u516c\u5bd3(\u91d1\u6c99\u6ee9\u5929\u9e93\u6e56)", "order_time": ["2019-01-06 20:59:38"], "total_order": 1, "hotel_value": ["4.7"], "hotel_price": ["120"]}, "7859115": {"hotel_name": "\u66e6\u9014\u00b7\u672a\u6765\u667a\u80fd\u5ea6\u5047\u516c\u5bd3(\u9752\u5c9b\u5965\u5e06\u4e94\u56db\u5e7f\u573a\u4e07\u8c61\u57ce\u5e97)", "order_time": ["2019-01-06 20:59:38"], "total_order": 1, "hotel_value": ["4.8"], "hotel_price": ["248"]}, "659834": {"hotel_name": "\u9e97\u67ab\u9152\u5e97(\u9752\u5c9b\u5317\u7ad9\u56db\u6d41\u5357\u8def\u5e97)(\u539f\u5357\u6d0b\u5927\u9152\u5e97\u9752\u5c9b\u957f\u6c99\u8def\u5e97)", "order_time": ["2019-01-06 20:59:38"], "total_order": 1, "hotel_value": ["4.7"], "hotel_price": ["225"]}, "840717": {"hotel_name": "\u9752\u5c9b\u674e\u6ca7\u7eff\u57ce\u559c\u6765\u767b\u9152\u5e97", "order_time": ["2019-01-06 20:59:38"], "total_order": 1, "hotel_value": ["4.7"], "hotel_price": ["1165"]}, "8426688": {"hotel_name": "\u5982\u5bb6\u7cbe\u9009\u9152\u5e97(\u9752\u5c9b\u706b\u8f66\u7ad9\u6808\u6865\u5e97)", "order_time": ["2019-01-06 20:59:38"], "total_order": 1, "hotel_value": ["4.6"], "hotel_price": ["158"]}, "5673703": {"hotel_name": "\u9752\u5c9b\u673a\u573a\u5bcc\u534e\u9152\u5e97(\u9999\u6e2f\u4e2d\u8def\u5e97)", "order_time": ["2019-01-06 20:59:38"], "total_order": 1, "hotel_value": ["4.5"], "hotel_price": ["182"]}, "1700442": {"hotel_name": "\u9752\u5c9b\u9a6c\u53ef\u6ce2\u7f57\u9152\u5e97", "order_time": ["2019-01-06 21:53:41", "2019-01-06 20:59:38"], "total_order": 2, "hotel_value": ["4.6", "4.6"], "hotel_price": ["109", "109"]}, "1483944": {"hotel_name": "\u9752\u5c9b\u878d\u6d77\u4e16\u56ed\u9152\u5e97", "order_time": ["2019-01-06 21:49:39", "2019-01-06 20:59:38"], "total_order": 2, "hotel_value": ["4.7", "4.7"], "hotel_price": ["303", "303"]}, "5795844": {"hotel_name": "\u9752\u5c9b\u56db\u65b9\u5927\u9152\u5e97\u8d35\u5bbe\u697c", "order_time": ["2019-01-06 20:59:38"], "total_order": 1, "hotel_value": ["4.3"], "hotel_price": ["94"]}, "429108": {"hotel_name": "\u9752\u5c9b\u94f6\u6c99\u6ee9\u6e29\u5fb7\u59c6\u81f3\u5c0a\u9152\u5e97", "order_time": ["2019-01-06 20:59:38"], "total_order": 1, "hotel_value": ["4.5"], "hotel_price": ["580"]}, "1373267": {"hotel_name": "\u5982\u5bb6\u5feb\u6377\u9152\u5e97(\u9752\u5c9b\u674e\u6751\u5730\u94c1\u7ad9\u6b65\u884c\u8857\u5e97)", "order_time": ["2019-01-06 20:59:38"], "total_order": 1, "hotel_value": ["4.6"], "hotel_price": ["113"]}, "456949": {"hotel_name": "\u9752\u5c9b\u9ec4\u6d77\u996d\u5e97", "order_time": ["2019-01-06 20:59:38"], "total_order": 1, "hotel_value": ["4.7"], "hotel_price": ["358"]}, "536113": {"hotel_name": "\u9752\u5c9b\u5f00\u5143\u540d\u90fd\u5927\u9152\u5e97", "order_time": ["2019-01-06 20:59:38"], "total_order": 1, "hotel_value": ["4.7"], "hotel_price": ["386"]}, "17588770": {"hotel_name": "\u9752\u5c9b\u541b\u534e\u5609\u60e0\u9152\u5e97", "order_time": ["2019-01-06 21:05:36", "2019-01-06 20:59:38"], "total_order": 2, "hotel_value": ["4.7", "4.7"], "hotel_price": ["174", "174"]}, "2298663": {"hotel_name": "\u7231\u5c0a\u5ba2\u9152\u5e97(\u9752\u5c9b\u4e94\u56db\u5e7f\u573a\u9999\u6e2f\u4e2d\u8def\u5e97)", "order_time": ["2019-01-06 20:59:38"], "total_order": 1, "hotel_value": ["4.6"], "hotel_price": ["121"]}, "8575772": {"hotel_name": "\u9752\u5c9b\u51ef\u83b1\u667a\u6167\u9152\u5e97", "order_time": ["2019-01-06 20:59:38"], "total_order": 1, "hotel_value": ["4.6"], "hotel_price": ["187"]}, "480721": {"hotel_name": "\u9752\u5c9b\u6d77\u5927\u5b66\u672f\u4ea4\u6d41\u4e2d\u5fc3", "order_time": ["2019-01-06 20:59:38"], "total_order": 1, "hotel_value": ["4.5"], "hotel_price": ["250"]}, "2300560": {"hotel_name": "7\u5929\u8fde\u9501\u9152\u5e97(\u9752\u5c9b\u4e2d\u5c71\u516c\u56ed\u6d77\u6c34\u6d74\u573a\u5e97)", "order_time": ["2019-01-06 20:59:38"], "total_order": 1, "hotel_value": ["4.2"], "hotel_price": ["72"]}, "470042": {"hotel_name": "\u6c49\u5ead\u9152\u5e97(\u9752\u5c9b\u5c71\u4e1c\u8def\u4e07\u8fbe\u5e97)", "order_time": ["2019-01-06 20:59:38"], "total_order": 1, "hotel_value": ["4.6"], "hotel_price": ["147"]}, "440316": {"hotel_name": "\u9752\u5c9b\u56db\u65b9\u5927\u9152\u5e97", "order_time": ["2019-01-06 21:05:35", "2019-01-06 20:59:38"], "total_order": 2, "hotel_value": ["4.4", "4.4"], "hotel_price": ["63", "63"]}, "1886434": {"hotel_name": "\u7231\u820d\u7a7a\u95f4\u4e3b\u9898\u6982\u5ff5\u9152\u5e97(\u9752\u5c9b\u5965\u5e06\u4e2d\u5fc3\u738b\u5b50\u98ce\u5c1a\u5e97)", "order_time": ["2019-01-06 20:59:38"], "total_order": 1, "hotel_value": ["4.6"], "hotel_price": ["83"]}, "21678840": {"hotel_name": "\u51ef\u66fc\u516c\u5bd3(\u9752\u5c9b\u6b63\u9633\u4e2d\u8def\u5e97)", "order_time": ["2019-01-06 20:59:38"], "total_order": 1, "hotel_value": ["4.6"], "hotel_price": ["103"]}, "443607": {"hotel_name": "\u9752\u5c9b\u6052\u90fd\u884c\u653f\u9152\u5e97", "order_time": ["2019-01-06 20:59:38"], "total_order": 1, "hotel_value": ["4.1"], "hotel_price": ["74"]}, "10823774": {"hotel_name": "\u5982\u5bb6\u5546\u65c5\u9152\u5e97(\u9752\u5c9b\u5373\u58a8\u56fd\u9645\u535a\u89c8\u4e2d\u5fc3\u5c71\u4e1c\u5927\u5b66\u5e97)", "order_time": ["2019-01-06 20:59:38"], "total_order": 1, "hotel_value": ["4.7"], "hotel_price": ["147"]}, "2299441": {"hotel_name": "\u9526\u6c5f\u4e4b\u661f(\u9752\u5c9b\u56fd\u9645\u4f1a\u5c55\u4e2d\u5fc3\u6d77\u5c14\u8def\u5e97)", "order_time": ["2019-01-06 20:59:38"], "total_order": 1, "hotel_value": ["4.6"], "hotel_price": ["179"]}, "19828310": {"hotel_name": "\u62dc\u767b\u516c\u5bd3\u00b7\u9752\u5c9b\u57ce\u9633\u6b63\u9633\u8def\u5e97", "order_time": ["2019-01-06 20:59:38"], "total_order": 1, "hotel_value": ["4.7"], "hotel_price": ["108"]}, "8576083": {"hotel_name": "\u7ef4\u4e5f\u7eb3\u667a\u597d\u9152\u5e97(\u9752\u5c9b\u57ce\u9633\u6d41\u4ead\u673a\u573a\u5e97)", "order_time": ["2019-01-06 20:59:38"], "total_order": 1, "hotel_value": ["4.8"], "hotel_price": ["238"]}, "1732079": {"hotel_name": "\u5373\u58a8\u9526\u8302\u5bbe\u9986", "order_time": ["2019-01-06 20:59:38"], "total_order": 1, "hotel_value": ["4.5"], "hotel_price": ["254"]}, "2304451": {"hotel_name": "\u7231\u5c0a\u5ba2\u9152\u5e97(\u5373\u58a8\u5170\u9ccc\u8def\u5e97)", "order_time": ["2019-01-06 20:59:38"], "total_order": 1, "hotel_value": ["4.7"], "hotel_price": ["166"]}, "2310196": {"hotel_name": "\u7231\u5c0a\u5ba2\u9152\u5e97(\u9752\u5c9b\u9999\u6c5f\u8def\u5e97)", "order_time": ["2019-01-06 20:59:38"], "total_order": 1, "hotel_value": ["4.4"], "hotel_price": ["64"]}, "2084467": {"hotel_name": "\u9752\u5c9b678\u673a\u573a\u516c\u5bd3\u9152\u5e97(\u7533\u6e2f\u82b1\u56ed\u5e97)", "order_time": ["2019-01-06 20:59:38"], "total_order": 1, "hotel_value": ["4.6"], "hotel_price": ["111"]}, "1911247": {"hotel_name": "\u5982\u5bb6\u5feb\u6377\u9152\u5e97(\u9752\u5c9b\u4e94\u56db\u5e7f\u573a\u5965\u5e06\u4e2d\u5fc3\u5e97)(\u539f\u5965\u5e06\u4e2d\u5fc3\u6d77\u4fe1\u5e7f\u573a\u5e97)", "order_time": ["2019-01-06 20:59:38"], "total_order": 1, "hotel_value": ["4.3"], "hotel_price": ["98"]}, "1522247": {"hotel_name": "\u9752\u5c9b\u91d1\u5ea7\u516c\u5bd3\u9152\u5e97", "order_time": ["2019-01-06 20:59:38"], "total_order": 1, "hotel_value": ["4.5"], "hotel_price": ["81"]}, "5085596": {"hotel_name": "\u9526\u6c5f\u4e4b\u661f(\u9752\u5c9b\u6ca7\u53e3\u516c\u56ed\u5e97)", "order_time": ["2019-01-06 21:53:43", "2019-01-06 21:43:40", "2019-01-06 20:59:38", "2019-01-06 21:35:38", "2019-01-06 21:37:41"], "total_order": 5, "hotel_value": ["4.7", "4.7", "4.7", "4.7", "4.7"], "hotel_price": ["143", "143", "143", "143", "143"]}, "2301080": {"hotel_name": "\u7231\u5c0a\u5ba2\u9152\u5e97(\u9752\u5c9b\u94f6\u5ddd\u8def\u5e97)", "order_time": ["2019-01-06 20:59:38"], "total_order": 1, "hotel_value": ["4.6"], "hotel_price": ["94"]}, "7316689": {"hotel_name": "\u9752\u5c9b\u661f\u9a7f\u8fde\u9501\u9152\u5e97", "order_time": ["2019-01-06 20:59:38"], "total_order": 1, "hotel_value": ["4.8"], "hotel_price": ["63"]}, "1317308": {"hotel_name": "\u6c49\u5ead\u9152\u5e97\uff08\u9752\u5c9b\u516b\u5927\u5173\u592a\u5e73\u89d2\u516c\u56ed\u5730\u94c1\u7ad9\u5e97\uff09\uff08\u539f\u516b\u5927\u5173\u5e97)", "order_time": ["2019-01-06 20:59:38"], "total_order": 1, "hotel_value": ["4.6"], "hotel_price": ["144"]}, "2584685": {"hotel_name": "\u9752\u5c9b\u798f\u701b\u89c2\u9e93\u56fd\u9645\u9152\u5e97\u5f0f\u516c\u5bd3", "order_time": ["2019-01-06 20:59:38"], "total_order": 1, "hotel_value": ["4.6"], "hotel_price": ["193"]}, "24352363": {"hotel_name": "\u7ef4\u4e5f\u7eb3\u9152\u5e97(\u9752\u5c9b\u9ad8\u65b0\u533a\u7ea2\u5c9b\u9ad8\u94c1\u7ad9\u5e97)", "order_time": ["2019-01-06 20:59:38"], "total_order": 1, "hotel_value": ["4.7"], "hotel_price": ["218"]}, "2323444": {"hotel_name": "\u9752\u5c9b\u9890\u6d77\u82d1\u9ad8\u6821\u5bbe\u9986", "order_time": ["2019-01-06 20:59:38"], "total_order": 1, "hotel_value": ["4.3"], "hotel_price": ["131"]}, "5908521": {"hotel_name": "\u5982\u5bb6\u5feb\u6377\u9152\u5e97(\u9752\u5c9b\u6d41\u4ead\u673a\u573a\u6c11\u822a\u8def\u5e97)", "order_time": ["2019-01-06 20:59:38"], "total_order": 1, "hotel_value": ["4.3"], "hotel_price": ["106"]}, "21808112": {"hotel_name": "\u90fd\u5e02118\u00b7\u7cbe\u9009\u9152\u5e97(\u9752\u5c9b\u57ce\u4e2d\u57ce\u5e97)", "order_time": ["2019-01-06 20:59:38"], "total_order": 1, "hotel_value": ["4.4"], "hotel_price": ["125"]}, "2330606": {"hotel_name": "\u5982\u5bb6\u5feb\u6377\u9152\u5e97(\u9752\u5c9b\u6b63\u9633\u4e2d\u8def\u5229\u7fa4\u5e97)", "order_time": ["2019-01-06 20:59:38"], "total_order": 1, "hotel_value": ["4.7"], "hotel_price": ["125"]}, "18540621": {"hotel_name": "\u5982\u5bb6\u7cbe\u9009\u9152\u5e97(\u9752\u5c9b\u674e\u6ca7\u4e5d\u6c34\u4e1c\u8def\u4e07\u8fbe\u5e7f\u573a\u5e97)", "order_time": ["2019-01-06 21:07:38", "2019-01-06 20:59:38"], "total_order": 2, "hotel_value": ["4.7", "4.7"], "hotel_price": ["200", "200"]}, "458561": {"hotel_name": "\u6c49\u5ead\u9152\u5e97(\u9752\u5c9b\u53f0\u4e1c\u4e07\u8fbe\u5e97)", "order_time": ["2019-01-06 20:59:38"], "total_order": 1, "hotel_value": ["4.7"], "hotel_price": ["120"]}, "2310195": {"hotel_name": "\u591a\u7ef4\u7cbe\u54c1\u9152\u5e97(\u9752\u5c9b\u53f0\u4e1c\u4e07\u4f73\u5e97)", "order_time": ["2019-01-06 20:59:39"], "total_order": 1, "hotel_value": ["4.3"], "hotel_price": ["94"]}, "1644015": {"hotel_name": "\u6d77\u68e0\u6e7e\u7cbe\u54c1\u6d77\u666f\u65e5\u79df\u623f(\u9752\u5c9b\u4e00\u5e97)", "order_time": ["2019-01-06 21:05:37", "2019-01-06 20:59:39"], "total_order": 2, "hotel_value": ["4.9", "4.9"], "hotel_price": ["69", "69"]}, "2299218": {"hotel_name": "\u5168\u5b63\u9152\u5e97(\u9752\u5c9b\u5c71\u4e1c\u8def\u4e07\u8fbe\u5e7f\u573a\u5e97)", "order_time": ["2019-01-06 21:04:00", "2019-01-06 20:59:43"], "total_order": 2, "hotel_value": ["4.6", "4.6"], "hotel_price": ["296", "296"]}, "1502477": {"hotel_name": "\u5982\u5bb6\u5feb\u6377\u9152\u5e97(\u83b1\u897f\u70df\u53f0\u8def\u6708\u6e56\u516c\u56ed\u5e97)", "order_time": ["2019-01-06 20:59:44"], "total_order": 1, "hotel_value": ["4.7"], "hotel_price": ["121"]}, "1728930": {"hotel_name": "\u83b1\u897f\u8c6a\u90a6\u5ea6\u5047\u6751", "order_time": ["2019-01-06 21:43:50", "2019-01-06 20:59:44"], "total_order": 2, "hotel_value": ["4.3", "4.3"], "hotel_price": ["370", "370"]}, "17509168": {"hotel_name": "\u8212\u5bb8\u7cbe\u54c1\u9152\u5e97(\u9752\u5c9b\u4e07\u8fbe\u4e1c\u65b9\u5f71\u90fd\u4e07\u8fbe\u8302\u5e97)", "order_time": ["2019-01-06 21:01:38"], "total_order": 1, "hotel_value": ["4.8"], "hotel_price": ["150"]}, "2608124": {"hotel_name": "\u5982\u5bb6\u5feb\u6377\u9152\u5e97(\u9752\u5c9b\u56fd\u9645\u4f1a\u5c55\u4e2d\u5fc3\u77f3\u8001\u4eba\u89c2\u5149\u56ed\u5e97)", "order_time": ["2019-01-06 21:01:38"], "total_order": 1, "hotel_value": ["4.4"], "hotel_price": ["95"]}, "6039985": {"hotel_name": "\u9752\u5c9b\u771f\u8bda\u4f73\u9a7f\u4e3b\u9898\u9152\u5e97", "order_time": ["2019-01-06 21:01:38"], "total_order": 1, "hotel_value": ["4.4"], "hotel_price": ["96"]}, "5896610": {"hotel_name": "\u9752\u5c9b\u6d77\u8fb9\u4eba\u5bb6\u6d77\u666f\u5ea6\u5047\u516c\u5bd3\u4e2d\u8054\u81ea\u7531\u6e2f\u6e7e\u5e97", "order_time": ["2019-01-06 21:01:38", "2019-01-06 21:41:41"], "total_order": 2, "hotel_value": ["4.6", "4.6"], "hotel_price": ["53", "53"]}, "14996828": {"hotel_name": "\u9752\u5c9b\u6b27\u6a59\u9152\u5e97\u65b0\u57ce\u543e\u60a6\u5e7f\u573a\u5e97", "order_time": ["2019-01-06 21:01:38"], "total_order": 1, "hotel_value": ["4.7"], "hotel_price": ["79"]}, "1925767": {"hotel_name": "\u9752\u5c9b\u7d2b\u73a5\u94c2\u5c14\u66fc\u9152\u5e97", "order_time": ["2019-01-06 21:01:38"], "total_order": 1, "hotel_value": ["4.5"], "hotel_price": ["471"]}, "17351152": {"hotel_name": "\u9752\u5c9b\u5f71\u5de2\u7535\u5f71\u9152\u5e97", "order_time": ["2019-01-06 21:01:39"], "total_order": 1, "hotel_value": ["4.6"], "hotel_price": ["146"]}, "772111": {"hotel_name": "\u9752\u5c9b\u5a01\u65af\u6c40\u9152\u5e97", "order_time": ["2019-01-06 21:27:47", "2019-01-06 21:01:48", "2019-01-06 21:35:45"], "total_order": 3, "hotel_value": ["4.6", "4.6", "4.6"], "hotel_price": ["700", "700", "700"]}, "2040919": {"hotel_name": "\u90fd\u5e02118\u8fde\u9501\u9152\u5e97(\u80f6\u5dde\u706b\u8f66\u7ad9\u5e97)", "order_time": ["2019-01-06 21:01:49"], "total_order": 1, "hotel_value": ["4.2"], "hotel_price": ["95"]}, "2209171": {"hotel_name": "\u5c1a\u5ba2\u4f18\u54c1\u9152\u5e97(\u9752\u5c9b\u5f00\u53d1\u533a\u9999\u6c5f\u8def\u957f\u6c5f\u8d2d\u7269\u5e7f\u573a\u5e97)(\u539f\u5c1a\u5ba2\u4f18\u7cbe\u9009\u9152\u5e97)", "order_time": ["2019-01-06 21:03:52"], "total_order": 1, "hotel_value": ["4.7"], "hotel_price": ["111"]}, "21122269": {"hotel_name": "\u9752\u5c9b\u84dd\u6735\u6d77\u666f\u5047\u65e5\u516c\u5bd3", "order_time": ["2019-01-06 21:03:52"], "total_order": 1, "hotel_value": ["4.9"], "hotel_price": ["208"]}, "23472335": {"hotel_name": "\u7f8e\u8c6a\u4e3d\u81f4\u9152\u5e97(\u9752\u5c9b\u5e97)", "order_time": ["2019-01-06 21:07:38", "2019-01-06 21:03:52"], "total_order": 2, "hotel_value": ["4.9", "4.9"], "hotel_price": ["358", "358"]}, "6273850": {"hotel_name": "\u7eff\u5cf0\u96c5\u9601\u5ea6\u5047\u516c\u5bd3(\u9752\u5c9b\u4e94\u56db\u5e7f\u573a\u4e07\u8c61\u57ce\u5e97)", "order_time": ["2019-01-06 21:03:52"], "total_order": 1, "hotel_value": ["4.8"], "hotel_price": ["196"]}, "1541913": {"hotel_name": "\u9752\u5c9b\u6c11\u822a\u673a\u573a\u5bbe\u9986", "order_time": ["2019-01-06 21:45:38", "2019-01-06 21:23:36", "2019-01-06 21:37:42", "2019-01-06 21:03:52"], "total_order": 4, "hotel_value": ["4.5", "4.5", "4.5", "4.5"], "hotel_price": ["299", "299", "299", "299"]}, "4739007": {"hotel_name": "\u5373\u58a8\u9752\u5c9b\u6cf09\u5546\u52a1\u5bbe\u9986", "order_time": ["2019-01-06 21:03:53"], "total_order": 1, "hotel_value": ["3.7"], "hotel_price": ["103"]}, "5085390": {"hotel_name": "\u5bbe\u60a6\u9152\u5e97(\u9752\u5c9b\u91cd\u5e86\u5357\u8def\u9ea6\u5fb7\u9f99\u5e97)", "order_time": ["2019-01-06 21:03:54"], "total_order": 1, "hotel_value": [0], "hotel_price": ["108"]}, "2301689": {"hotel_name": "\u5c1a\u5ba2\u4f18\u5feb\u6377\u9152\u5e97(\u9752\u5c9b\u5f00\u53d1\u533a\u9ec4\u6cb3\u4e2d\u8def\u5e97)", "order_time": ["2019-01-06 21:03:54"], "total_order": 1, "hotel_value": ["3.1"], "hotel_price": ["85"]}, "607180": {"hotel_name": "\u5168\u5b63\u9152\u5e97(\u9752\u5c9b\u9999\u6e2f\u4e2d\u8def\u5e97)", "order_time": ["2019-01-06 21:04:00", "2019-01-06 21:49:45"], "total_order": 2, "hotel_value": ["4.6", "4.6"], "hotel_price": ["256", "256"]}, "486063": {"hotel_name": "\u9752\u5c9b\u56fd\u4fe1\u6d77\u5929\u4f53\u80b2\u4e2d\u5fc3\u9152\u5e97", "order_time": ["2019-01-06 21:05:35", "2019-01-06 21:29:41"], "total_order": 2, "hotel_value": ["4.5", "4.5"], "hotel_price": ["188", "188"]}, "8860171": {"hotel_name": "\u5982\u5bb6\u5546\u65c5\u9152\u5e97(\u9752\u5c9b\u706b\u8f66\u5317\u7ad9\u91d1\u6c34\u8def\u5e97)(\u539f\u91cd\u5e86\u8def\u5e97)", "order_time": ["2019-01-06 21:05:35"], "total_order": 1, "hotel_value": ["4.7"], "hotel_price": ["166"]}, "1374289": {"hotel_name": "\u83ab\u6cf0168(\u9752\u5c9b\u5f00\u53d1\u533a\u957f\u6c5f\u4e2d\u8def\u533a\u653f\u5e9c\u91d1\u6c99\u6ee9\u5e97)", "order_time": ["2019-01-06 21:05:35"], "total_order": 1, "hotel_value": ["4.4"], "hotel_price": ["103"]}, "6608537": {"hotel_name": "\u6854\u5b50\u9152\u5e97\u00b7\u7cbe\u9009(\u9752\u5c9b\u56db\u6d41\u5357\u8def\u5e97)", "order_time": ["2019-01-06 21:05:36"], "total_order": 1, "hotel_value": ["4.9"], "hotel_price": ["246"]}, "1502398": {"hotel_name": "\u5982\u5bb6\u5feb\u6377\u9152\u5e97(\u9752\u5c9b\u957f\u9014\u6c7d\u8f66\u603b\u7ad9\u676d\u5dde\u8def\u5e97)", "order_time": ["2019-01-06 21:05:36"], "total_order": 1, "hotel_value": ["4.6"], "hotel_price": ["121"]}, "1200111": {"hotel_name": "\u559c\u5ba2\u6765\u5927\u9152\u5e97(\u9752\u5c9b\u6d41\u4ead\u673a\u573a\u5e97)(\u539f\u57ce\u9633\u5e97)", "order_time": ["2019-01-06 21:05:36"], "total_order": 1, "hotel_value": ["4.4"], "hotel_price": ["113"]}, "797171": {"hotel_name": "7\u5929\u8fde\u9501\u9152\u5e97(\u9752\u5c9b\u674e\u6751\u5730\u94c1\u7ad9\u4e50\u5ba2\u57ce\u5e97)", "order_time": ["2019-01-06 21:05:36"], "total_order": 1, "hotel_value": ["4.3"], "hotel_price": ["105"]}, "1746831": {"hotel_name": "7\u5929\u4f18\u54c1\u9152\u5e97(\u9752\u5c9b\u9999\u6e2f\u4e2d\u8def\u829d\u6cc9\u8def\u5730\u94c1\u7ad9\u5e97)", "order_time": ["2019-01-06 21:05:36"], "total_order": 1, "hotel_value": ["4.3"], "hotel_price": ["109"]}, "8194448": {"hotel_name": "\u65af\u7ef4\u767b\u5ea6\u5047\u516c\u5bd3(\u9752\u5c9b\u4e07\u8fbe\u4e1c\u65b9\u5f71\u90fd\u5e97)", "order_time": ["2019-01-06 21:05:36"], "total_order": 1, "hotel_value": ["4.7"], "hotel_price": ["120"]}, "8601812": {"hotel_name": "\u9752\u5c9b\u6d77\u8317\u4f0a\u6d77\u666f\u79df\u8d41\u623f", "order_time": ["2019-01-06 21:05:36"], "total_order": 1, "hotel_value": ["4.9"], "hotel_price": ["85"]}, "1290135": {"hotel_name": "\u5586\u60a6\u7cbe\u54c1\u8fde\u9501\u9152\u5e97(\u9752\u5c9b\u674e\u6751\u6b65\u884c\u8857\u541b\u5cf0\u8def\u5730\u94c1\u7ad9\u5e97)", "order_time": ["2019-01-06 21:05:36"], "total_order": 1, "hotel_value": ["4.2"], "hotel_price": ["100"]}, "1815658": {"hotel_name": "\u5723\u5fb7\u5c45\u5546\u52a1\u9152\u5e97(\u9752\u5c9b\u706b\u8f66\u5317\u7ad9\u5e97)", "order_time": ["2019-01-06 21:05:36"], "total_order": 1, "hotel_value": ["4.4"], "hotel_price": ["87"]}, "669118": {"hotel_name": "\u9752\u5c9b\u91d1\u5b8f\u6d77\u666f\u5047\u65e5\u9152\u5e97", "order_time": ["2019-01-06 21:05:36"], "total_order": 1, "hotel_value": ["4.5"], "hotel_price": ["340"]}, "427991": {"hotel_name": "\u5982\u5bb6\u5feb\u6377\u9152\u5e97(\u9752\u5c9b\u53f0\u4e1c\u5546\u4e1a\u533a\u5229\u6d25\u8def\u5e97)", "order_time": ["2019-01-06 21:05:36"], "total_order": 1, "hotel_value": ["4.4"], "hotel_price": ["76"]}, "539143": {"hotel_name": "\u4e50\u5bb6\u8f69\u7cbe\u54c1\u9152\u5e97\u670d\u52a1\u516c\u5bd3(\u9752\u5c9b\u4f1a\u5c55\u4e2d\u5fc3\u6d77\u6c34\u6d74\u573a\u5e97)", "order_time": ["2019-01-06 21:05:36"], "total_order": 1, "hotel_value": ["4.2"], "hotel_price": ["114"]}, "1219329": {"hotel_name": "\u9752\u5c9b\u5370\u8c61\u4fbf\u6377\u8fde\u9501\u9152\u5e97", "order_time": ["2019-01-06 21:05:36"], "total_order": 1, "hotel_value": ["4.7"], "hotel_price": ["58"]}, "1981926": {"hotel_name": "\u9752\u5c9b\u946b\u9f99\u5047\u65e5\u5546\u52a1\u9152\u5e97", "order_time": ["2019-01-06 21:05:36"], "total_order": 1, "hotel_value": ["4.7"], "hotel_price": ["112"]}, "1778602": {"hotel_name": "\u521b\u610f\u65f6\u5c1a\u8fde\u9501\u9152\u5e97(\u9752\u5c9b\u4e07\u4f73\u5e7f\u573a\u5e97)", "order_time": ["2019-01-06 21:05:36"], "total_order": 1, "hotel_value": ["4.5"], "hotel_price": ["72"]}, "994087": {"hotel_name": "\u5982\u5bb6\u5feb\u6377\u9152\u5e97(\u9752\u5c9b\u4e2d\u5c71\u8def\u5288\u67f4\u9662\u5e97)", "order_time": ["2019-01-06 21:05:36"], "total_order": 1, "hotel_value": ["4.4"], "hotel_price": ["85"]}, "1692406": {"hotel_name": "\u9752\u5c9b\u6c11\u8054\u51ef\u65cb\u9152\u5e97", "order_time": ["2019-01-06 21:05:36"], "total_order": 1, "hotel_value": ["4.5"], "hotel_price": ["290"]}, "2302238": {"hotel_name": "\u5c1a\u5ba2\u4f18\u5feb\u6377\u9152\u5e97(\u9752\u5c9b\u859b\u5bb6\u5c9b\u91d1\u6c99\u6ee9\u5e97)", "order_time": ["2019-01-06 21:15:37", "2019-01-06 21:05:36"], "total_order": 2, "hotel_value": ["4.5", "4.5"], "hotel_price": ["79", "79"]}, "2935119": {"hotel_name": "\u5609\u5fb7\u591c\u8272\u827a\u672f\u4e3b\u9898\u9152\u5e97(\u9752\u5c9b\u674e\u6751\u5730\u94c1\u6b65\u884c\u8857\u706b\u8f66\u5317\u7ad9\u5e97)", "order_time": ["2019-01-06 21:05:36"], "total_order": 1, "hotel_value": ["4.6"], "hotel_price": ["124"]}, "2306006": {"hotel_name": "\u683c\u6797\u8c6a\u6cf0(\u9752\u5c9b\u706b\u8f66\u7ad9\u5e7f\u573a\u5e97)", "order_time": ["2019-01-06 21:05:36"], "total_order": 1, "hotel_value": ["4.9"], "hotel_price": ["83"]}, "23418429": {"hotel_name": "\u9752\u5c9b\u5723\u5229\u9152\u5e97", "order_time": ["2019-01-06 21:05:36"], "total_order": 1, "hotel_value": ["4.9"], "hotel_price": ["107"]}, "2980755": {"hotel_name": "7\u5929\u8fde\u9501\u9152\u5e97(\u9752\u5c9b\u6c7d\u8f66\u603b\u7ad9\u676d\u5dde\u8def\u5e97)", "order_time": ["2019-01-06 21:05:36"], "total_order": 1, "hotel_value": ["4.2"], "hotel_price": ["74"]}, "779894": {"hotel_name": "\u9526\u6c5f\u4e4b\u661f(\u9752\u5c9b\u4e2d\u5c71\u8def\u5e97)", "order_time": ["2019-01-06 21:05:36"], "total_order": 1, "hotel_value": ["4.5"], "hotel_price": ["123"]}, "5243784": {"hotel_name": "\u91d1\u5c71\u57ce\u5927\u9152\u5e97(\u9752\u5c9b\u56db\u6d41\u5357\u8def\u5e97)", "order_time": ["2019-01-06 21:05:36"], "total_order": 1, "hotel_value": ["4.6"], "hotel_price": ["98"]}, "21826038": {"hotel_name": "\u9752\u5c9b\u6c49\u5353\u9152\u5e97", "order_time": ["2019-01-06 21:23:36", "2019-01-06 21:35:37", "2019-01-06 21:21:42", "2019-01-06 21:05:36"], "total_order": 4, "hotel_value": ["4.7", "4.7", "4.7", "4.7"], "hotel_price": ["422", "422", "422", "422"]}, "3265800": {"hotel_name": "\u9752\u5c9b\u90a3\u9c81\u6e7e\u6d77\u666f\u5ea6\u5047\u516c\u5bd3", "order_time": ["2019-01-06 21:05:36"], "total_order": 1, "hotel_value": ["4.7"], "hotel_price": ["114"]}, "1287621": {"hotel_name": "\u6e2f\u6e7e\u5370\u8c61\u8fde\u9501\u9152\u5e97(\u9752\u5c9b\u674e\u6751\u541b\u5cf0\u8def\u5730\u94c1\u7ad9\u5e97) ", "order_time": ["2019-01-06 21:05:37"], "total_order": 1, "hotel_value": ["3.9"], "hotel_price": ["62"]}, "8394909": {"hotel_name": "\u5343\u591c\u5ea6\u5047\u516c\u5bd3(\u9752\u5c9b\u6d41\u4ead\u673a\u573a\u5e97)", "order_time": ["2019-01-06 21:05:37"], "total_order": 1, "hotel_value": ["4.5"], "hotel_price": ["112"]}, "1259981": {"hotel_name": "\u9752\u5c9b\u4e2d\u5929\u6d77\u666f\u9152\u5e97\uff08\u6808\u6865\u706b\u8f66\u7ad9\u5e97\uff09", "order_time": ["2019-01-06 21:05:37"], "total_order": 1, "hotel_value": ["4.8"], "hotel_price": ["64"]}, "8576043": {"hotel_name": "\u7f8e\u5bbf\u5047\u65e5\u6d77\u666f\u9152\u5e97(\u9752\u5c9b\u543e\u60a6\u5e7f\u573a\u5e97)(\u539f\u7f8e\u5bbf\u5047\u65e5\u9152\u5e97)", "order_time": ["2019-01-06 21:05:37"], "total_order": 1, "hotel_value": ["4.6"], "hotel_price": ["105"]}, "2237125": {"hotel_name": "\u5982\u5bb6\u5feb\u6377\u9152\u5e97(\u9752\u5c9b\u9ec4\u5c9b\u80f6\u5357\u6d77\u6c34\u6d74\u573a\u5e97)", "order_time": ["2019-01-06 21:05:37"], "total_order": 1, "hotel_value": ["4.6"], "hotel_price": ["98"]}, "1743849": {"hotel_name": "\u541b\u5c1a\u5047\u65e5\u9152\u5e97\u516c\u5bd3(\u9752\u5c9b\u5927\u62c7\u6307\u5e7f\u573a\u56fd\u9645\u4f1a\u5c55\u4e2d\u5fc3\u5e97)", "order_time": ["2019-01-06 21:05:37"], "total_order": 1, "hotel_value": ["4.6"], "hotel_price": ["74"]}, "9194330": {"hotel_name": "\u9752\u5c9b\u84dd\u5c71\u5ea6\u5047\u9152\u5e97", "order_time": ["2019-01-06 21:05:37"], "total_order": 1, "hotel_value": ["4.3"], "hotel_price": ["101"]}, "2308468": {"hotel_name": "\u9752\u5c9b\u9752\u5e1d\u82d1\u5feb\u6377\u9152\u5e97", "order_time": ["2019-01-06 21:05:37"], "total_order": 1, "hotel_value": ["3.9"], "hotel_price": ["66"]}, "6839809": {"hotel_name": "\u9752\u5c9b\u6b22\u4e50\u5bb6\u5927\u9152\u5e97", "order_time": ["2019-01-06 21:05:37"], "total_order": 1, "hotel_value": ["4.6"], "hotel_price": ["72"]}, "1302230": {"hotel_name": "\u7231\u5ba2100\u8fde\u9501\u5bbe\u9986(\u9752\u5c9b\u7231\u604b\u65f6\u5149\u4e3b\u9898\u5e97)", "order_time": ["2019-01-06 21:05:37"], "total_order": 1, "hotel_value": ["3.9"], "hotel_price": ["72"]}, "1208326": {"hotel_name": "7\u5929\u8fde\u9501\u9152\u5e97(\u9752\u5c9b\u9999\u6c5f\u8def\u4e2d\u5fc3\u5e97)", "order_time": ["2019-01-06 21:05:37"], "total_order": 1, "hotel_value": ["4.7"], "hotel_price": ["91"]}, "5981874": {"hotel_name": "\u9752\u5c9b\u9ec4\u5c9b\u5c0f\u9662\u77f3\u6cb9\u5927\u5b66\u5e97", "order_time": ["2019-01-06 21:05:37"], "total_order": 1, "hotel_value": ["4.4"], "hotel_price": ["45"]}, "5982793": {"hotel_name": "\u9752\u5c9b\u8fe6\u5357\u7cbe\u9009\u9152\u5e97", "order_time": ["2019-01-06 21:05:37"], "total_order": 1, "hotel_value": ["4.3"], "hotel_price": ["79"]}, "1706961": {"hotel_name": "\u9752\u5c9b\u60a6\u6d77\u82d1\u5546\u52a1\u5bbe\u9986", "order_time": ["2019-01-06 21:05:37"], "total_order": 1, "hotel_value": ["4.1"], "hotel_price": ["179"]}, "24086984": {"hotel_name": "\u9752\u5c9b\u9890\u6e90\u5c45\u5bbe\u9986", "order_time": ["2019-01-06 21:05:37"], "total_order": 1, "hotel_value": [0], "hotel_price": ["89"]}, "1905455": {"hotel_name": "\u5c1a\u5ba2\u4f18\u5feb\u6377\u9152\u5e97(\u9752\u5c9b\u91d1\u6c99\u6ee9\u859b\u5bb6\u5c9b\u793a\u8303\u5c0f\u533a\u5e97)", "order_time": ["2019-01-06 21:05:37"], "total_order": 1, "hotel_value": ["4.3"], "hotel_price": ["77"]}, "1741177": {"hotel_name": "\u91d1\u72ee100\u8fde\u9501\u5bbe\u9986(\u9752\u5c9b\u6d41\u4ead\u673a\u573a\u5e97)", "order_time": ["2019-01-06 21:05:37"], "total_order": 1, "hotel_value": ["3.5"], "hotel_price": ["54"]}, "2468600": {"hotel_name": "\u9752\u5c9b\u5f97\u610f\u82d1\u5546\u52a1\u5bbe\u9986", "order_time": ["2019-01-06 21:05:38"], "total_order": 1, "hotel_value": [0], "hotel_price": ["46"]}, "4688215": {"hotel_name": "\u5e03\u4e01\u9152\u5e97(\u9752\u5c9b\u4e2d\u5c71\u8def\u5e97)", "order_time": ["2019-01-06 21:05:38"], "total_order": 1, "hotel_value": ["4.4"], "hotel_price": ["52"]}, "16203907": {"hotel_name": "\u67ab\u53f6\u9152\u5e97\u5f0f\u516c\u5bd3(\u9752\u5c9b\u77f3\u6cb9\u5927\u5b66\u543e\u60a6\u5e7f\u573a\u5e97)", "order_time": ["2019-01-06 21:07:37"], "total_order": 1, "hotel_value": ["4.8"], "hotel_price": ["69"]}, "21124467": {"hotel_name": "\u9752\u5c9b\u65af\u7ef4\u767b\u7cbe\u54c1\u516c\u5bd3(\u4f1a\u5c55\u4e2d\u5fc3\u77f3\u8001\u4eba\u6d77\u6c34\u6d74\u573a)", "order_time": ["2019-01-06 21:07:38", "2019-01-06 21:07:49"], "total_order": 2, "hotel_value": ["4.9", "4.9"], "hotel_price": ["209", "209"]}, "6508376": {"hotel_name": "\u6155\u820d\u00b7\u8d1d\u683c\u9152\u5e97\u516c\u5bd3(\u9752\u5c9b\u4e07\u8c61\u57ce\u5965\u5e06\u4e94\u56db\u5e7f\u573a\u5e97)", "order_time": ["2019-01-06 21:07:38"], "total_order": 1, "hotel_value": ["4.9"], "hotel_price": ["218"]}, "1371788": {"hotel_name": "\u6854\u5b50\u00b7\u6c34\u6676\u9152\u5e97(\u9752\u5c9b\u4e94\u56db\u5e7f\u573a\u6d77\u666f\u5e97)", "order_time": ["2019-01-06 21:07:38"], "total_order": 1, "hotel_value": ["4.7"], "hotel_price": ["303"]}, "1542881": {"hotel_name": "\u9752\u5c9b\u90fd\u5e02\u82b1\u56ed\u9152\u5e97(\u539f\u5170\u5ef7\u82b1\u56ed\u9152\u5e97)", "order_time": ["2019-01-06 21:07:38"], "total_order": 1, "hotel_value": ["4.2"], "hotel_price": ["111"]}, "2970464": {"hotel_name": "\u6613\u4f70\u8fde\u9501\u9152\u5e97\uff08\u9752\u5c9b\u706b\u8f66\u7ad9\u6808\u6865 \u5288\u67f4\u9662\u5e97\uff09", "order_time": ["2019-01-06 21:49:39", "2019-01-06 21:07:38"], "total_order": 2, "hotel_value": ["4.0", "4.0"], "hotel_price": ["52", "52"]}, "995120": {"hotel_name": "\u94f6\u5ea7\u4f73\u9a7f\u9152\u5e97(\u9752\u5c9b\u4e2d\u592e\u5546\u52a1\u533a\u4e07\u8fbe\u5e7f\u573a\u5e97)(\u539f\u5b81\u590f\u8def\u5e97)", "order_time": ["2019-01-06 21:47:40", "2019-01-06 21:45:37", "2019-01-06 21:07:39"], "total_order": 3, "hotel_value": ["4.3", "4.3", "4.3"], "hotel_price": ["104", "104", "104"]}, "1376219": {"hotel_name": "\u9752\u5c9b\u65f6\u5ba2\u4e3b\u9898\u9152\u5e97", "order_time": ["2019-01-06 21:07:39"], "total_order": 1, "hotel_value": ["4.2"], "hotel_price": ["83"]}, "24608663": {"hotel_name": "\u9752\u5c9b\u4ece\u90a3\u4ee5\u540e\u9752\u5e74\u65c5\u793e", "order_time": ["2019-01-06 21:07:46"], "total_order": 1, "hotel_value": ["5.0"], "hotel_price": ["25"]}, "23814267": {"hotel_name": "\u9752\u5c9b\u6d77\u97f5\u98ce\u5e06\u7cbe\u54c1\u5ea6\u5047\u516c\u5bd3", "order_time": ["2019-01-06 21:07:46"], "total_order": 1, "hotel_value": [0], "hotel_price": ["77"]}, "21914662": {"hotel_name": "\u9752\u5c9b\u96c5\u56ed\u5bbe\u9986", "order_time": ["2019-01-06 21:07:47"], "total_order": 1, "hotel_value": [0], "hotel_price": ["93"]}, "5214763": {"hotel_name": "\u9752\u5c9b\u65af\u7ef4\u767b\u5ea6\u5047\u516c\u5bd3(\u5965\u5e06\u4e94\u56db\u5e7f\u573a\u4e07\u8c61\u57ce)", "order_time": ["2019-01-06 21:07:49"], "total_order": 1, "hotel_value": ["4.8"], "hotel_price": ["267"]}, "18034506": {"hotel_name": "\u6c49\u5510\u9152\u5e97(\u9752\u5c9b\u6d41\u4ead\u673a\u573a\u5e97)", "order_time": ["2019-01-06 21:07:49"], "total_order": 1, "hotel_value": ["4.8"], "hotel_price": ["216"]}, "371190": {"hotel_name": "\u9752\u5c9b\u9999\u683c\u91cc\u62c9\u5927\u9152\u5e97", "order_time": ["2019-01-06 21:09:38"], "total_order": 1, "hotel_value": ["4.7"], "hotel_price": ["748"]}, "427987": {"hotel_name": "\u5982\u5bb6\u5feb\u6377\u9152\u5e97(\u9752\u5c9b\u9999\u6e2f\u4e2d\u8def\u9752\u5927\u9ea6\u5c9b\u5730\u94c1\u7ad9\u5e97)", "order_time": ["2019-01-06 21:09:38", "2019-01-06 21:19:39"], "total_order": 2, "hotel_value": ["4.3", "4.3"], "hotel_price": ["103", "103"]}, "2306538": {"hotel_name": "\u9752\u5c9b33\u5929\u5bbe\u9986", "order_time": ["2019-01-06 21:09:39"], "total_order": 1, "hotel_value": ["4.4"], "hotel_price": ["101"]}, "2013260": {"hotel_name": "\u5e73\u5ea6\u96c5\u5176\u5bbe\u9986", "order_time": ["2019-01-06 21:31:49", "2019-01-06 21:09:48"], "total_order": 2, "hotel_value": ["4.4", "4.4"], "hotel_price": ["102", "102"]}, "2589998": {"hotel_name": "\u5982\u5bb6\u5feb\u6377\u9152\u5e97(\u9752\u5c9b\u5f00\u53d1\u533a\u5564\u9152\u5e7f\u573a\u91d1\u6c99\u6ee9\u957f\u6c5f\u4e1c\u8def\u5e97)", "order_time": ["2019-01-06 21:11:51"], "total_order": 1, "hotel_value": ["4.4"], "hotel_price": ["98"]}, "5802958": {"hotel_name": "\u4edf\u90a3\u00b7\u5370\u820d\u7cbe\u54c1\u9152\u5e97(\u9752\u5c9b\u91d1\u6c99\u6ee9\u5e97)", "order_time": ["2019-01-06 21:11:52"], "total_order": 1, "hotel_value": ["4.6"], "hotel_price": ["138"]}, "1774898": {"hotel_name": "\u6c49\u5ead\u9152\u5e97(\u9752\u5c9b\u706b\u8f66\u5317\u7ad9\u5e97)", "order_time": ["2019-01-06 21:11:52"], "total_order": 1, "hotel_value": ["4.3"], "hotel_price": ["161"]}, "1562201": {"hotel_name": "\u5c1a\u5ba2\u4f18\u9a8f\u6021\u8fde\u9501\u9152\u5e97(\u9752\u5c9b\u9ec4\u5c9b\u6c7d\u8f66\u7ad9\u77f3\u6cb9\u5927\u5b66\u5e97)", "order_time": ["2019-01-06 21:27:41", "2019-01-06 21:11:52"], "total_order": 2, "hotel_value": ["4.3", "4.3"], "hotel_price": ["93", "93"]}, "2042694": {"hotel_name": "\u6d6a\u6f2b\u5370\u8c61\u4e3b\u9898\u516c\u5bd3\u9152\u5e97(\u592a\u9633\u5c9b-LOFT\u590d\u5f0f)", "order_time": ["2019-01-06 21:11:52"], "total_order": 1, "hotel_value": ["4.3"], "hotel_price": ["123"]}, "8531362": {"hotel_name": "\u9752\u5c9b\u6c11\u56fd\u9152\u5e97", "order_time": ["2019-01-06 21:11:52"], "total_order": 1, "hotel_value": ["4.8"], "hotel_price": ["220"]}, "1181681": {"hotel_name": "\u9752\u5c9b\u65af\u7ef4\u767b\u5ea6\u5047\u516c\u5bd3(\u91d1\u6c99\u6ee9\u4e0a\u6d41\u6c47)", "order_time": ["2019-01-06 21:11:53"], "total_order": 1, "hotel_value": ["4.7"], "hotel_price": ["209"]}, "2379128": {"hotel_name": "\u90fd\u5e02118\u8fde\u9501\u9152\u5e97(\u9752\u5c9b\u8f9b\u5b89\u5e97)", "order_time": ["2019-01-06 21:27:41", "2019-01-06 21:11:54"], "total_order": 2, "hotel_value": ["4.5", "4.5"], "hotel_price": ["94", "94"]}, "2085688": {"hotel_name": "\u5e73\u5ea6\u84dd\u78e8\u574a\u4e3b\u9898\u9152\u5e97", "order_time": ["2019-01-06 21:11:59"], "total_order": 1, "hotel_value": ["3.9"], "hotel_price": ["105"]}, "19438626": {"hotel_name": "\u65af\u7ef4\u767b\u5ea6\u5047\u516c\u5bd3(\u9752\u5c9b\u91d1\u6c99\u6ee9\u540d\u5609\u56fd\u9645)", "order_time": ["2019-01-06 21:13:38"], "total_order": 1, "hotel_value": ["4.7"], "hotel_price": ["189"]}, "2304442": {"hotel_name": "7\u5929\u8fde\u9501\u9152\u5e97(\u9752\u5c9b\u6c7d\u8f66\u5317\u7ad9\u5e97)", "order_time": ["2019-01-06 21:23:36", "2019-01-06 21:13:38"], "total_order": 2, "hotel_value": ["3.9", "3.9"], "hotel_price": ["95", "95"]}, "1715946": {"hotel_name": "\u9752\u5c9b\u7ef4\u7eb3\u65af\u54c1\u4f4d\u8fde\u9501\u9152\u5e97", "order_time": ["2019-01-06 21:13:38"], "total_order": 1, "hotel_value": ["4.1"], "hotel_price": ["81"]}, "1714955": {"hotel_name": "\u9752\u5c9b\u597d\u5ba2100\u5546\u52a1\u9152\u5e97", "order_time": ["2019-01-06 21:13:40"], "total_order": 1, "hotel_value": ["4.2"], "hotel_price": ["98"]}, "5800224": {"hotel_name": "\u9752\u5c9b\u4f18\u683c\u9752\u5e74\u8001\u5175\u5ba2\u820d", "order_time": ["2019-01-06 21:13:41"], "total_order": 1, "hotel_value": ["4.8"], "hotel_price": ["40"]}, "1618426": {"hotel_name": "\u60a6\u884c365\u8fde\u9501\u5ba2\u6808(\u9752\u5c9b\u6d41\u4ead\u673a\u573a\u6d3c\u91cc\u5e97 )", "order_time": ["2019-01-06 21:13:41"], "total_order": 1, "hotel_value": ["3.8"], "hotel_price": ["36"]}, "21497273": {"hotel_name": "\u9752\u5c9bPHL\u4e3b\u9898\u5bbe\u9986", "order_time": ["2019-01-06 21:13:41"], "total_order": 1, "hotel_value": ["4.7"], "hotel_price": ["65"]}, "5379556": {"hotel_name": "\u5e73\u5ea6\u5e02\u4e09\u548c\u5bbe\u9986", "order_time": ["2019-01-06 21:13:44"], "total_order": 1, "hotel_value": [0], "hotel_price": ["38"]}, "27711969": {"hotel_name": "\u9752\u5c9b\u9ed1\u9f99\u6c5f\u4e2d\u8def\u4e9a\u6735\u9152\u5e97", "order_time": ["2019-01-06 21:35:37", "2019-01-06 21:15:36"], "total_order": 2, "hotel_value": ["4.9", "4.9"], "hotel_price": ["281", "281"]}, "470369": {"hotel_name": "\u9752\u5c9b\u96cd\u534e\u5ead\u9152\u5e97", "order_time": ["2019-01-06 21:15:36"], "total_order": 1, "hotel_value": ["4.4"], "hotel_price": ["206"]}, "5930261": {"hotel_name": "\u9752\u5c9b\u9ec4\u5c9b\u6cf0\u6210\u559c\u6765\u767b\u9152\u5e97", "order_time": ["2019-01-06 21:15:36"], "total_order": 1, "hotel_value": ["4.6"], "hotel_price": ["449"]}, "13547901": {"hotel_name": "\u9526\u6c5f\u4e4b\u661f\u54c1\u5c1a(\u9752\u5c9b\u6cca\u91cc\u8463\u5bb6\u53e3\u5e97)", "order_time": ["2019-01-06 21:15:37"], "total_order": 1, "hotel_value": ["4.8"], "hotel_price": ["152"]}, "5726491": {"hotel_name": "\u7ef4\u4e5f\u7eb3\u9152\u5e97(\u9752\u5c9b\u9ec4\u5c9b\u5e97)", "order_time": ["2019-01-06 21:15:37"], "total_order": 1, "hotel_value": ["4.8"], "hotel_price": ["176"]}, "481742": {"hotel_name": "\u9752\u5c9b\u4e16\u8d38\u6d77\u60a6\u5927\u9152\u5e97", "order_time": ["2019-01-06 21:15:38"], "total_order": 1, "hotel_value": ["4.7"], "hotel_price": ["240"]}, "1416760": {"hotel_name": "\u9752\u5c9b\u6765\u53cb\u82d1\u65c5\u9986", "order_time": ["2019-01-06 21:15:39"], "total_order": 1, "hotel_value": [0], "hotel_price": ["36"]}, "437482": {"hotel_name": "\u9752\u5c9b\u534e\u5ba2\u5ea6\u5047\u9152\u5e97", "order_time": ["2019-01-06 21:17:37"], "total_order": 1, "hotel_value": ["4.6"], "hotel_price": ["149"]}, "994153": {"hotel_name": "\u5982\u5bb6\u5feb\u6377\u9152\u5e97(\u9752\u5c9b\u706b\u8f66\u5317\u7ad9\u5e97)", "order_time": ["2019-01-06 21:17:37"], "total_order": 1, "hotel_value": ["4.3"], "hotel_price": ["123"]}, "2329361": {"hotel_name": "\u9752\u5c9b\u65af\u7ef4\u767b\u5ea6\u5047\u516c\u5bd3(\u90ae\u8f6e\u6bcd\u6e2f\u5e97)", "order_time": ["2019-01-06 21:17:37"], "total_order": 1, "hotel_value": ["4.7"], "hotel_price": ["124"]}, "5409418": {"hotel_name": "\u7231\u5c0a\u5ba2\u7cbe\u54c1\u9152\u5e97(\u5373\u58a8\u6d77\u5c14\u8def\u5e97)", "order_time": ["2019-01-06 21:17:38"], "total_order": 1, "hotel_value": ["4.0"], "hotel_price": ["127"]}, "1501841": {"hotel_name": "\u83ab\u6cf0168(\u9752\u5c9b\u6808\u6865\u706b\u8f66\u7ad9\u897f\u5e7f\u573a\u5e97)", "order_time": ["2019-01-06 21:19:38", "2019-01-06 21:51:37"], "total_order": 2, "hotel_value": ["4.6", "4.6"], "hotel_price": ["87", "87"]}, "1355492": {"hotel_name": "\u9752\u5c9b\u4e9a\u6d77\u5927\u9152\u5e97", "order_time": ["2019-01-06 21:19:38"], "total_order": 1, "hotel_value": ["4.0"], "hotel_price": ["138"]}, "17371411": {"hotel_name": "\u9752\u5c9b\u4e1c\u65b9\u5f71\u90fd\u4e07\u8fbe\u7687\u51a0\u5047\u65e5\u9152\u5e97", "order_time": ["2019-01-06 21:19:38"], "total_order": 1, "hotel_value": ["4.6"], "hotel_price": ["444"]}, "994246": {"hotel_name": "\u5982\u5bb6\u5feb\u6377\u9152\u5e97(\u5373\u58a8\u84dd\u9ccc\u8def\u5b9d\u9f99\u5e7f\u573a\u5e97)", "order_time": ["2019-01-06 21:19:39"], "total_order": 1, "hotel_value": ["4.5"], "hotel_price": ["95"]}, "11403746": {"hotel_name": "\u5c1a\u5ba2\u4f18\u8fde\u9501\u9152\u5e97(\u519b\u6c11\u878d\u5408\u533a\u5e97)", "order_time": ["2019-01-06 21:19:40"], "total_order": 1, "hotel_value": ["4.5"], "hotel_price": ["148"]}, "794951": {"hotel_name": "\u9752\u5c9b\u673a\u573a\u53cb\u4fe1\u822a\u7a7a\u516c\u5bd3", "order_time": ["2019-01-06 21:35:37", "2019-01-06 21:19:40"], "total_order": 2, "hotel_value": ["4.0", "4.0"], "hotel_price": ["95", "95"]}, "1344292": {"hotel_name": "\u9752\u5c9b\u745e\u660c\u82d1\u5bbe\u9986", "order_time": ["2019-01-06 21:19:43"], "total_order": 1, "hotel_value": [0], "hotel_price": ["98"]}, "894472": {"hotel_name": "\u9752\u5c9b\u767e\u4fe1\u65c5\u9986", "order_time": ["2019-01-06 21:19:43"], "total_order": 1, "hotel_value": ["4.7"], "hotel_price": ["45"]}, "1585409": {"hotel_name": "\u9752\u5c9b\u5d02\u5c71\u534e\u73ba\u5927\u9152\u5e97", "order_time": ["2019-01-06 21:21:41"], "total_order": 1, "hotel_value": ["4.7"], "hotel_price": ["368"]}, "531745": {"hotel_name": "\u6df1\u84dd\u590d\u5f0f\u516c\u5bd3(\u9752\u5c9b\u4f1a\u5c55\u4e2d\u5fc3\u6d77\u6c34\u6d74\u573a\u56fd\u4fe1)", "order_time": ["2019-01-06 21:21:41"], "total_order": 1, "hotel_value": ["4.6"], "hotel_price": ["219"]}, "1872002": {"hotel_name": "\u9752\u6e38\u8bb0(\u81ea\u7531\u884c\u65d7\u8230)\u56fd\u9645\u9752\u5e74\u65c5\u820d(\u9752\u5c9b\u706b\u8f66\u7ad9\u6808\u6865\u5288\u67f4\u9662\u4e2d\u5c71\u8def\u5e97)", "order_time": ["2019-01-06 21:47:40", "2019-01-06 21:21:41"], "total_order": 2, "hotel_value": ["4.8", "4.8"], "hotel_price": ["9", "9"]}, "2163950": {"hotel_name": "\u83b1\u897f\u8c6a\u79a7\u6765\u5546\u52a1\u9152\u5e97", "order_time": ["2019-01-06 21:21:52"], "total_order": 1, "hotel_value": ["4.6"], "hotel_price": ["94"]}, "1529287": {"hotel_name": "\u5e73\u5ea6\u4ebf\u5bb6\u5546\u52a1\u5bbe\u9986", "order_time": ["2019-01-06 21:21:52"], "total_order": 1, "hotel_value": ["4.7"], "hotel_price": ["83"]}, "2301077": {"hotel_name": "\u7231\u5c0a\u5ba2\u9152\u5e97(\u9752\u5c9b\u4e94\u56db\u5e7f\u573a\u5e97)", "order_time": ["2019-01-06 21:23:36"], "total_order": 1, "hotel_value": ["4.6"], "hotel_price": ["130"]}, "8950334": {"hotel_name": "\u9752\u5c9b\u7ef4\u591a\u5229\u4e9a\u660e\u73e0\u6d77\u666f\u516c\u5bd3", "order_time": ["2019-01-06 21:23:36", "2019-01-06 21:51:38"], "total_order": 2, "hotel_value": ["4.1", "4.1"], "hotel_price": ["83", "83"]}, "1316484": {"hotel_name": "\u6c49\u5ead\u9152\u5e97(\u9752\u5c9b\u674e\u6ca7\u4e07\u8fbe\u4e8c\u5e97)", "order_time": ["2019-01-06 21:23:36"], "total_order": 1, "hotel_value": ["4.5"], "hotel_price": ["154"]}, "1070435": {"hotel_name": "\u5982\u5bb6\u5feb\u6377\u9152\u5e97(\u9752\u5c9b\u6808\u6865\u706b\u8f66\u7ad9\u4e1c\u5e7f\u573a\u5e97)", "order_time": ["2019-01-06 21:23:37"], "total_order": 1, "hotel_value": ["4.5"], "hotel_price": ["87"]}, "1302246": {"hotel_name": "\u7231\u5ba2100\u5546\u52a1\u5bbe\u9986(\u9752\u5c9b\u6d41\u4ead\u6d3c\u91cc\u5e97)", "order_time": ["2019-01-06 21:23:37"], "total_order": 1, "hotel_value": ["4.3"], "hotel_price": ["80"]}, "1302241": {"hotel_name": "\u7231\u5ba2100\u5546\u52a1\u5bbe\u9986(\u9752\u5c9b\u91cd\u5e86\u5317\u8def\u5e97)", "order_time": ["2019-01-06 21:23:37"], "total_order": 1, "hotel_value": ["4.2"], "hotel_price": ["63"]}, "2513230": {"hotel_name": "\u9752\u5c9b\u65af\u7ef4\u767b\u5ea6\u5047\u516c\u5bd3(\u91d1\u6c99\u6ee9\u5c71\u6d77\u6e7e)", "order_time": ["2019-01-06 21:25:43"], "total_order": 1, "hotel_value": ["4.3"], "hotel_price": ["135"]}, "427806": {"hotel_name": "\u83ab\u6cf0168(\u9752\u5c9b\u53f0\u4e1c\u5564\u9152\u8857\u534e\u9633\u8def\u5e97)", "order_time": ["2019-01-06 21:25:43"], "total_order": 1, "hotel_value": ["4.3"], "hotel_price": ["78"]}, "1000472": {"hotel_name": "\u9752\u5c9b\u7231\u8bfa\u9152\u5e97", "order_time": ["2019-01-06 21:25:43"], "total_order": 1, "hotel_value": ["4.4"], "hotel_price": ["73"]}, "1418968": {"hotel_name": "\u82b1\u6eaa\u5ba2\u6808(\u9752\u5c9b\u90a3\u9c81\u6e7e\u5e97)", "order_time": ["2019-01-06 21:25:43"], "total_order": 1, "hotel_value": ["4.5"], "hotel_price": ["82"]}, "1536183": {"hotel_name": "\u9752\u5c9b\u6c81\u6021\u5c45\u5bbe\u9986(\u539f\u53ef\u4e34\u5b81\u8fde\u9501\u9152\u5e97)", "order_time": ["2019-01-06 21:25:44"], "total_order": 1, "hotel_value": ["3.3"], "hotel_price": ["79"]}, "385108": {"hotel_name": "\u9752\u5c9b\u6d77\u5c14\u6d32\u9645\u9152\u5e97", "order_time": ["2019-01-06 21:25:51"], "total_order": 1, "hotel_value": ["4.6"], "hotel_price": ["738"]}, "1734183": {"hotel_name": "\u83b1\u897f\u826f\u53cb\u6e90\u6770\u5927\u9152\u5e97", "order_time": ["2019-01-06 21:25:51"], "total_order": 1, "hotel_value": ["4.4"], "hotel_price": ["277"]}, "5152698": {"hotel_name": "\u6854\u5b50\u9152\u5e97\u00b7\u7cbe\u9009(\u9752\u5c9b\u6d77\u5c14\u8def\u5e97)", "order_time": ["2019-01-06 21:27:40"], "total_order": 1, "hotel_value": ["4.9"], "hotel_price": ["265"]}, "9210540": {"hotel_name": "\u5982\u5bb6\u5546\u65c5\u9152\u5e97(\u9752\u5c9b\u6808\u6865\u706b\u8f66\u7ad9\u5730\u94c1\u7ad9\u5e97)", "order_time": ["2019-01-06 21:27:41"], "total_order": 1, "hotel_value": ["4.7"], "hotel_price": ["109"]}, "425590": {"hotel_name": "\u9752\u5c9b\u946b\u6c5f\u6e29\u5fb7\u59c6\u9152\u5e97", "order_time": ["2019-01-06 21:27:41", "2019-01-06 21:39:39"], "total_order": 2, "hotel_value": ["4.8", "4.8"], "hotel_price": ["456", "456"]}, "10186829": {"hotel_name": "\u9526\u6c5f\u90fd\u57ce(\u9752\u5c9b\u65b0\u90fd\u5fc3\u5e97)", "order_time": ["2019-01-06 21:27:41"], "total_order": 1, "hotel_value": ["4.6"], "hotel_price": ["260"]}, "5266537": {"hotel_name": "\u5c1a\u5ba2\u4f18\u5feb\u6377\u9152\u5e97(\u9752\u5c9b\u5f00\u53d1\u533a\u9999\u6c5f\u4e8c\u8def\u5e97)", "order_time": ["2019-01-06 21:27:41"], "total_order": 1, "hotel_value": ["4.5"], "hotel_price": ["99"]}, "2337189": {"hotel_name": "\u4f73\u5b9c\u9152\u5e97(\u9752\u5c9b\u6c7d\u8f66\u603b\u7ad9\u676d\u5dde\u8def\u5e97)(\u539f\u53ef\u4e34\u5b81\u8fde\u9501\u9152\u5e97)", "order_time": ["2019-01-06 21:27:42"], "total_order": 1, "hotel_value": ["4.7"], "hotel_price": ["72"]}, "5075928": {"hotel_name": "\u5e73\u5ea6\u4e1c\u83b1\u5927\u9152\u5e97", "order_time": ["2019-01-06 21:27:48", "2019-01-06 21:51:47"], "total_order": 2, "hotel_value": ["4.6", "4.6"], "hotel_price": ["186", "186"]}, "1868149": {"hotel_name": "\u5982\u5bb6\u5feb\u6377\u9152\u5e97(\u80f6\u5dde\u798f\u5dde\u5357\u8def\u5e97)", "order_time": ["2019-01-06 21:27:48"], "total_order": 1, "hotel_value": ["4.2"], "hotel_price": ["114"]}, "8954787": {"hotel_name": "\u9752\u5c9b\u90a3\u7531\u4ed6\u667a\u80fd\u6d77\u666f\u6c11\u5bbf", "order_time": ["2019-01-06 21:29:41"], "total_order": 1, "hotel_value": ["4.8"], "hotel_price": ["489"]}, "428024": {"hotel_name": "\u5982\u5bb6\u5feb\u6377\u9152\u5e97(\u9752\u5c9b\u53f0\u4e1c\u5546\u4e1a\u533a\u6d77\u4fe1\u7acb\u4ea4\u6865\u6851\u6893\u8def\u5e97)", "order_time": ["2019-01-06 21:29:42", "2019-01-06 21:47:39"], "total_order": 2, "hotel_value": ["4.4", "4.4"], "hotel_price": ["89", "89"]}, "608486": {"hotel_name": "\u9752\u5c9b\u5fb7\u5b9d\u82b1\u56ed\u5927\u9152\u5e97", "order_time": ["2019-01-06 21:29:42"], "total_order": 1, "hotel_value": ["4.4"], "hotel_price": ["240"]}, "791367": {"hotel_name": "\u9752\u5c9b\u8bc1\u5927\u559c\u739b\u62c9\u96c5\u9152\u5e97", "order_time": ["2019-01-06 21:39:39", "2019-01-06 21:29:42"], "total_order": 2, "hotel_value": ["4.6", "4.6"], "hotel_price": ["546", "546"]}, "8576105": {"hotel_name": "\u9752\u5c9b\u8299\u84c9\u5c45\u5bbe\u9986", "order_time": ["2019-01-06 21:29:45"], "total_order": 1, "hotel_value": [0], "hotel_price": ["39"]}, "1066339": {"hotel_name": "7\u5929\u8fde\u9501\u9152\u5e97(\u9752\u5c9b\u6d77\u4e91\u5eb5\u5174\u9686\u8def\u5e97)(\u539f\u6c11\u4fd7\u5e7f\u573a\u5e97)", "order_time": ["2019-01-06 21:31:39"], "total_order": 1, "hotel_value": ["4.4"], "hotel_price": ["85"]}, "6466869": {"hotel_name": "\u7c73\u9ad8\u65f6\u5c1a\u9152\u5e97(\u9752\u5c9b\u4e94\u56db\u5e7f\u573a\u8fdc\u6d0b\u5e97)", "order_time": ["2019-01-06 21:31:39", "2019-01-06 21:53:40"], "total_order": 2, "hotel_value": ["4.4", "4.4"], "hotel_price": ["74", "119"]}, "1416625": {"hotel_name": "\u9752\u5c9b\u4e9a\u5730\u5229\u7cbe\u54c1\u9152\u5e97", "order_time": ["2019-01-06 21:31:39"], "total_order": 1, "hotel_value": ["4.3"], "hotel_price": ["80"]}, "2582773": {"hotel_name": "\u6c49\u5ead\u9152\u5e97(\u9752\u5c9b\u706b\u8f66\u7ad9\u4e1c\u5e7f\u573a\u5e97)", "order_time": ["2019-01-06 21:31:39"], "total_order": 1, "hotel_value": ["4.4"], "hotel_price": ["101"]}, "8849809": {"hotel_name": "\u9752\u5c9b\u8587\u7231\u7cbe\u54c1\u65f6\u5c1a\u9152\u5e97", "order_time": ["2019-01-06 21:31:39"], "total_order": 1, "hotel_value": ["4.4"], "hotel_price": ["79"]}, "430450": {"hotel_name": "\u9752\u5c9b\u666f\u56ed\u5047\u65e5\u9152\u5e97", "order_time": ["2019-01-06 21:31:39"], "total_order": 1, "hotel_value": ["4.5"], "hotel_price": ["499"]}, "1165332": {"hotel_name": "\u96c5\u60a6\u7cbe\u81f4\u9152\u5e97(\u9752\u5c9b\u53f0\u4e1c\u5564\u9152\u8857\u5e97)", "order_time": ["2019-01-06 21:31:39", "2019-01-06 21:39:39"], "total_order": 2, "hotel_value": ["4.4", "4.4"], "hotel_price": ["83", "83"]}, "1344272": {"hotel_name": "\u9752\u5c9b\u6d77\u8fb9\u4e4b\u5bb6\u5ea6\u5047\u516c\u5bd3", "order_time": ["2019-01-06 21:31:39"], "total_order": 1, "hotel_value": ["4.9"], "hotel_price": ["85"]}, "1516201": {"hotel_name": "\u9752\u5c9b\u4e50\u946b\u6e90\u5bbe\u9986", "order_time": ["2019-01-06 21:49:39", "2019-01-06 21:45:37", "2019-01-06 21:31:40"], "total_order": 3, "hotel_value": ["4.6", "4.6", "4.6"], "hotel_price": ["35", "35", "35"]}, "2073653": {"hotel_name": "\u5586\u60a6\u00b7\u7cbe\u54c1\u8fde\u9501\u9152\u5e97(\u9752\u5c9b\u6d77\u5c14\u5de5\u4e1a\u56ed\u5b9d\u9f99\u5e7f\u573a\u5e97)", "order_time": ["2019-01-06 21:31:40"], "total_order": 1, "hotel_value": ["4.5"], "hotel_price": ["93"]}, "2299510": {"hotel_name": "\u80f6\u5357\u91d1\u6f9c\u5546\u52a1\u9152\u5e97", "order_time": ["2019-01-06 21:31:40"], "total_order": 1, "hotel_value": ["4.2"], "hotel_price": ["75"]}, "1380585": {"hotel_name": "\u9082\u9005\u56fd\u9645\u9752\u5e74\u65c5\u820d(\u9752\u5c9b\u706b\u8f66\u7ad9\u5e97)", "order_time": ["2019-01-06 21:31:49"], "total_order": 1, "hotel_value": ["4.4"], "hotel_price": ["18"]}, "994247": {"hotel_name": "\u5982\u5bb6\u5feb\u6377\u9152\u5e97(\u5e73\u5ea6\u9752\u5c9b\u8def\u5e97)", "order_time": ["2019-01-06 21:31:49"], "total_order": 1, "hotel_value": ["4.5"], "hotel_price": ["114"]}, "8290422": {"hotel_name": "\u6c49\u5ead\u9152\u5e97(\u9752\u5c9b\u4e2d\u56fd\u6d77\u6d0b\u5927\u5b66\u5e97)", "order_time": ["2019-01-06 21:33:37"], "total_order": 1, "hotel_value": ["4.7"], "hotel_price": ["193"]}, "436468": {"hotel_name": "\u9752\u5c9b\u5c71\u5b5a\u5927\u9152\u5e97", "order_time": ["2019-01-06 21:33:37"], "total_order": 1, "hotel_value": ["4.6"], "hotel_price": ["328"]}, "21807735": {"hotel_name": "\u5f71\u5de2\u7535\u5f71\u9152\u5e97(\u9752\u5c9b\u56db\u680b\u4e5d\u4e8c\u96f6\u5e97)", "order_time": ["2019-01-06 21:33:39"], "total_order": 1, "hotel_value": ["4.8"], "hotel_price": ["163"]}, "23842821": {"hotel_name": "\u6854\u5b50\u7cbe\u9009\u9152\u5e97(\u9752\u5c9b\u80f6\u4e1c\u673a\u573a\u5e97)", "order_time": ["2019-01-06 21:33:46"], "total_order": 1, "hotel_value": ["4.9"], "hotel_price": ["246"]}, "1667258": {"hotel_name": "7\u5929\u8fde\u9501\u9152\u5e97(\u9752\u5c9b\u5564\u9152\u8857\u5e97)", "order_time": ["2019-01-06 21:35:37"], "total_order": 1, "hotel_value": ["3.8"], "hotel_price": ["93"]}, "1979422": {"hotel_name": "\u9752\u5c9b\u4f18\u5c1a\u5feb\u6377\u9152\u5e97", "order_time": ["2019-01-06 21:35:37"], "total_order": 1, "hotel_value": ["4.0"], "hotel_price": ["78"]}, "5073205": {"hotel_name": "\u9752\u5c9b\u6df1\u84dd\u661f\u5546\u52a1\u9152\u5e97", "order_time": ["2019-01-06 21:35:37"], "total_order": 1, "hotel_value": ["4.7"], "hotel_price": ["154"]}, "1734724": {"hotel_name": "\u9752\u5c9b\u56fd\u4fe1\u4e1c\u65b9\u4e4b\u661f\u9152\u5e97", "order_time": ["2019-01-06 21:35:38"], "total_order": 1, "hotel_value": ["4.6"], "hotel_price": ["168"]}, "23570404": {"hotel_name": "\u9752\u5c9b\u5e1d\u6d77\u7535\u5f71\u9152\u5e97", "order_time": ["2019-01-06 21:51:36", "2019-01-06 21:35:38"], "total_order": 2, "hotel_value": ["4.8", "4.8"], "hotel_price": ["142", "180"]}, "5249619": {"hotel_name": "\u90fd\u5e02118(\u9752\u5c9b\u91d1\u6c99\u6ee9\u7406\u5de5\u5927\u5b66\u5e97)", "order_time": ["2019-01-06 21:35:38"], "total_order": 1, "hotel_value": ["4.4"], "hotel_price": ["124"]}, "1602226": {"hotel_name": "\u9752\u5c9b\u6d77\u4e4b\u6da6\u89c2\u6d77\u516c\u5bd3\uff08\u539f\u9752\u5c9b\u5e02\u5357\u5982\u610f\u6d77\u666f\u516c\u5bd3\uff09", "order_time": ["2019-01-06 21:35:38"], "total_order": 1, "hotel_value": ["4.6"], "hotel_price": ["55"]}, "12274463": {"hotel_name": "\u5609\u51ef\u8c6a\u7cbe\u54c1\u9152\u5e97(\u9752\u5c9b\u5317\u5b89\u4ea8\u8fbe\u5e97)", "order_time": ["2019-01-06 21:37:41"], "total_order": 1, "hotel_value": ["4.4"], "hotel_price": ["74"]}, "5205443": {"hotel_name": "\u9752\u5c9b\u53cb\u5bb6\u61a9\u5c45\u5bbe\u9986", "order_time": ["2019-01-06 21:37:42"], "total_order": 1, "hotel_value": ["4.2"], "hotel_price": ["62"]}, "25557473": {"hotel_name": "\u9752\u5c9b\u68e0\u66fc\u9152\u5e97", "order_time": ["2019-01-06 21:37:42"], "total_order": 1, "hotel_value": ["4.6"], "hotel_price": ["125"]}, "1426603": {"hotel_name": "\u9752\u5c9b\u5b9c\u5c45\u65f6\u5c1a\u5ea6\u5047\u516c\u5bd3", "order_time": ["2019-01-06 21:43:40", "2019-01-06 21:37:43"], "total_order": 2, "hotel_value": ["4.4", "4.4"], "hotel_price": ["94", "94"]}, "6800487": {"hotel_name": "\u9752\u5c9b\u4e91\u6d77\u5c45\u516c\u5bd3(\u539f75\u53f7\u516c\u5bd3)", "order_time": ["2019-01-06 21:37:43"], "total_order": 1, "hotel_value": ["4.4"], "hotel_price": ["99"]}, "19719841": {"hotel_name": "\u4e03\u591c\u4e3b\u9898\u9152\u5e97(\u9752\u5c9b\u51ef\u5fb7\u5e7f\u573a\u5e97)", "order_time": ["2019-01-06 21:39:39"], "total_order": 1, "hotel_value": ["4.6"], "hotel_price": ["133"]}, "1016221": {"hotel_name": "\u6c49\u5ead\u9152\u5e97(\u9752\u5c9b\u674e\u6ca7\u4e07\u8fbe\u5e97)", "order_time": ["2019-01-06 21:39:39"], "total_order": 1, "hotel_value": ["4.5"], "hotel_price": ["154"]}, "1725780": {"hotel_name": "678\u673a\u573a\u9152\u5e97", "order_time": ["2019-01-06 21:39:39"], "total_order": 1, "hotel_value": ["4.4"], "hotel_price": ["63"]}, "2071287": {"hotel_name": "\u9752\u5c9b\u7075\u5c71\u6e7e\u5ea6\u5047\u516c\u5bd3(\u90a3\u9c81\u6e7e\u5e97)", "order_time": ["2019-01-06 21:39:39"], "total_order": 1, "hotel_value": ["4.0"], "hotel_price": ["104"]}, "6838355": {"hotel_name": "\u5170\u6b27\u9152\u5e97(\u9752\u5c9b\u4e94\u56db\u5e7f\u573a\u5e97)(\u539f\u65b0\u4e1c\u5927\u9152\u5e97)", "order_time": ["2019-01-06 21:39:39"], "total_order": 1, "hotel_value": [0], "hotel_price": ["298"]}, "5980188": {"hotel_name": "\u9752\u5c9b\u9752\u6625\u9a7f\u7ad9", "order_time": ["2019-01-06 21:39:39"], "total_order": 1, "hotel_value": ["4.9"], "hotel_price": ["60"]}, "1230459": {"hotel_name": "\u5373\u58a8\u534e\u5ba2\u5bb6\u5bbe\u9986", "order_time": ["2019-01-06 21:39:39"], "total_order": 1, "hotel_value": ["3.7"], "hotel_price": ["71"]}, "2304468": {"hotel_name": "\u5373\u58a8\u9f99\u534e\u5bbe\u9986", "order_time": ["2019-01-06 21:39:39"], "total_order": 1, "hotel_value": ["4.5"], "hotel_price": ["125"]}, "2226776": {"hotel_name": "\u9752\u5c9b\u827e\u83b1\u5ba2\u5bbe\u9986", "order_time": ["2019-01-06 21:39:39"], "total_order": 1, "hotel_value": ["4.6"], "hotel_price": ["62"]}, "11092934": {"hotel_name": "\u9752\u5c9b\u65f6\u5149\u91cc\u4e3b\u9898\u5bbe\u9986", "order_time": ["2019-01-06 21:39:40"], "total_order": 1, "hotel_value": [0], "hotel_price": ["95"]}, "5999421": {"hotel_name": "\u7a7a\u94c1\u5047\u65e5\u9152\u5e97\u516c\u5bd3(\u9752\u5c9b\u673a\u573a\u5e97)", "order_time": ["2019-01-06 21:39:40"], "total_order": 1, "hotel_value": ["4.5"], "hotel_price": ["216"]}, "1952088": {"hotel_name": "7\u5929\u8fde\u9501\u9152\u5e97(\u9752\u5c9b\u706b\u8f66\u7ad9\u6d77\u5e95\u96a7\u9053\u5e97)", "order_time": ["2019-01-06 21:39:41"], "total_order": 1, "hotel_value": ["4.4"], "hotel_price": ["81"]}, "430396": {"hotel_name": "\u9752\u5c9b\u5b9d\u9f99\u798f\u670b\u559c\u6765\u767b\u9152\u5e97", "order_time": ["2019-01-06 21:41:41"], "total_order": 1, "hotel_value": ["4.6"], "hotel_price": ["499"]}, "779889": {"hotel_name": "\u9526\u6c5f\u4e4b\u661f(\u9752\u5c9b\u4e94\u56db\u5e7f\u573a\u5357\u4eac\u8def\u5730\u94c1\u7ad9\u5e97)", "order_time": ["2019-01-06 21:41:41"], "total_order": 1, "hotel_value": ["4.4"], "hotel_price": ["114"]}, "1181778": {"hotel_name": "\u5e03\u4e01\u9152\u5e97(\u9752\u5c9b\u56fd\u9645\u4f1a\u5c55\u4e2d\u5fc3\u5e97)", "order_time": ["2019-01-06 21:41:41"], "total_order": 1, "hotel_value": ["4.3"], "hotel_price": ["69"]}, "994151": {"hotel_name": "\u5982\u5bb6\u5feb\u6377\u9152\u5e97(\u9752\u5c9b\u674e\u6751\u5730\u94c1\u7ad9\u4eac\u53e3\u8def\u5e97)", "order_time": ["2019-01-06 21:41:41"], "total_order": 1, "hotel_value": ["4.5"], "hotel_price": ["103"]}, "2258446": {"hotel_name": "\u5982\u5bb6\u5feb\u6377\u9152\u5e97(\u9752\u5c9b\u6808\u6865\u4eba\u6c11\u4f1a\u5802\u5730\u94c1\u7ad9\u9f99\u53e3\u8def\u5e97)", "order_time": ["2019-01-06 21:43:39"], "total_order": 1, "hotel_value": ["4.4"], "hotel_price": ["87"]}, "6042306": {"hotel_name": "\u6162\u751f\u6d3b\u7cbe\u54c1\u516c\u5bd3(\u9752\u5c9b\u6d41\u4ead\u673a\u573a\u5e97)(\u539f\u57ce\u9633\u4e16\u7eaa\u516c\u56ed\u673a\u573a\u5e97)", "order_time": ["2019-01-06 21:43:40"], "total_order": 1, "hotel_value": ["4.2"], "hotel_price": ["112"]}, "6107287": {"hotel_name": "\u91cc\u9662\u5bbe\u820d(\u9752\u5c9b\u706b\u8f66\u7ad9\u603b\u5e97)", "order_time": ["2019-01-06 21:51:38", "2019-01-06 21:43:40"], "total_order": 2, "hotel_value": ["4.5", "4.5"], "hotel_price": ["63", "63"]}, "6871777": {"hotel_name": "\u9752\u5c9b\u90fd\u5e02118\u8fde\u9501\u9152\u5e97\u5373\u58a8\u73af\u79c0\u8def\u5e97", "order_time": ["2019-01-06 21:43:40"], "total_order": 1, "hotel_value": ["3.8"], "hotel_price": ["118"]}, "1321819": {"hotel_name": "\u9752\u5c9b\u94c2\u7f07\u7cbe\u9009\u9152\u5e97", "order_time": ["2019-01-06 21:43:40"], "total_order": 1, "hotel_value": ["4.1"], "hotel_price": ["80"]}, "8953561": {"hotel_name": "\u9752\u5c9b\u4e00\u6240\u5ea6\u5047\u516c\u5bd3(\u68a6\u65f6\u4ee3\u5e7f\u573a\u5e97)", "order_time": ["2019-01-06 21:43:40"], "total_order": 1, "hotel_value": ["4.7"], "hotel_price": ["284"]}, "2393743": {"hotel_name": "\u5373\u58a8\u6d77\u4e4b\u604b\u5bbe\u9986", "order_time": ["2019-01-06 21:43:40"], "total_order": 1, "hotel_value": ["4.4"], "hotel_price": ["78"]}, "28370394": {"hotel_name": "\u9752\u5c9b\u53ef\u53ef\u516c\u5bd3", "order_time": ["2019-01-06 21:43:40"], "total_order": 1, "hotel_value": [0], "hotel_price": ["101"]}, "5247052": {"hotel_name": "\u5c1a\u5ba2\u4f18\u5feb\u6377\u9152\u5e97(\u9752\u5c9b\u80f6\u5357\u8302\u9686\u5c71\u8def\u5e97)", "order_time": ["2019-01-06 21:43:40"], "total_order": 1, "hotel_value": ["4.7"], "hotel_price": ["133"]}, "1406819": {"hotel_name": "\u4e16\u754c\u65c5\u820d(\u9752\u5c9b\u53f0\u4e1c\u8425\u53e3\u8def\u5564\u9152\u8857\u5e97)", "order_time": ["2019-01-06 21:43:40"], "total_order": 1, "hotel_value": ["4.0"], "hotel_price": ["60"]}, "1985306": {"hotel_name": "\u9752\u5c9b\u6d77\u5cb8\u90fd\u5e02\u4e3b\u9898\u9152\u5e97", "order_time": ["2019-01-06 21:43:40"], "total_order": 1, "hotel_value": ["3.9"], "hotel_price": ["90"]}, "514315": {"hotel_name": "\u9752\u5c9b\u5f97\u5b9d\u6e7e\u6d77\u666f\u5927\u9152\u5e97", "order_time": ["2019-01-06 21:43:41"], "total_order": 1, "hotel_value": ["4.2"], "hotel_price": ["329"]}, "5315773": {"hotel_name": "\u5c1a\u5ba2\u4f18\u5feb\u6377\u9152\u5e97\u9752\u5c9b\u84dd\u9ccc\u8def\u5e97", "order_time": ["2019-01-06 21:43:41"], "total_order": 1, "hotel_value": ["3.6"], "hotel_price": ["94"]}, "4714425": {"hotel_name": "\u9752\u5c9b\u60a6\u6d77\u00b7\u6d77\u666f\u5ea6\u5047\u516c\u5bd3", "order_time": ["2019-01-06 21:43:48"], "total_order": 1, "hotel_value": ["4.1"], "hotel_price": ["98"]}, "4803830": {"hotel_name": "\u6b27\u5723\u5170\u5ef7\u5ea6\u5047\u516c\u5bd3(\u9752\u5c9b\u4e07\u8fbe\u8302\u5e97)", "order_time": ["2019-01-06 21:45:37"], "total_order": 1, "hotel_value": ["4.7"], "hotel_price": ["91"]}, "1697366": {"hotel_name": "\u90fd\u5e02118(\u9752\u5c9b\u674e\u6ca7\u5e7f\u573a\u5730\u94c1\u7ad9\u5e97)", "order_time": ["2019-01-06 21:45:37"], "total_order": 1, "hotel_value": ["4.6"], "hotel_price": ["99"]}, "1530496": {"hotel_name": "\u7231\u5c0a\u5ba2\u9152\u5e97(\u5373\u58a8\u5c0f\u5546\u54c1\u57ce\u5e97)", "order_time": ["2019-01-06 21:45:37"], "total_order": 1, "hotel_value": ["4.4"], "hotel_price": ["112"]}, "2140433": {"hotel_name": "\u683c\u6797\u8054\u76df\u9152\u5e97(\u9752\u5c9b\u4e50\u5ba2\u57ce\u674e\u6751\u5730\u94c1\u7ad9\u5e97)", "order_time": ["2019-01-06 21:45:37"], "total_order": 1, "hotel_value": ["4.4"], "hotel_price": ["87"]}, "18515525": {"hotel_name": "\u534a\u5c9b\u56fd\u9645\u9152\u5e97(\u9752\u5c9b\u674e\u6751\u5730\u94c1\u7ad9\u5e97)", "order_time": ["2019-01-06 21:45:37"], "total_order": 1, "hotel_value": ["4.6"], "hotel_price": ["184"]}, "1137716": {"hotel_name": "\u9752\u5c9b\u524d\u54e8\u5927\u9152\u5e97", "order_time": ["2019-01-06 21:45:38"], "total_order": 1, "hotel_value": ["4.0"], "hotel_price": ["92"]}, "6080545": {"hotel_name": "\u5e73\u5ea6\u4e2d\u5929\u5546\u52a1\u5bbe\u9986(\u539f\u90fd\u5e02118\u9752\u5c9b\u5e73\u5ea6\u8d38\u6613\u57ce\u5e97)", "order_time": ["2019-01-06 21:45:45"], "total_order": 1, "hotel_value": ["4.5"], "hotel_price": ["83"]}, "1483938": {"hotel_name": "\u80f6\u5dde\u4e16\u7eaa\u5927\u9152\u5e97", "order_time": ["2019-01-06 21:45:45"], "total_order": 1, "hotel_value": ["4.1"], "hotel_price": ["173"]}, "5463909": {"hotel_name": "\u9752\u5c9b\u8fd0\u6cf0\u5927\u9152\u5e97\uff08\u5d02\u5c71\u4f1a\u5c55\u4e2d\u5fc3\u5e97\uff09", "order_time": ["2019-01-06 21:47:39"], "total_order": 1, "hotel_value": ["4.5"], "hotel_price": ["115"]}, "1613449": {"hotel_name": "\u591a\u7ef4\u7a7a\u95f4\u7cbe\u54c1\u9152\u5e97(\u9752\u5c9b\u674e\u6751\u6b65\u884c\u8857\u5e97)", "order_time": ["2019-01-06 21:47:39"], "total_order": 1, "hotel_value": ["4.3"], "hotel_price": ["122"]}, "453041": {"hotel_name": "\u9752\u5c9b\u673a\u573a\u8f85\u7279\u6234\u65af\u9152\u5e97", "order_time": ["2019-01-06 21:47:40"], "total_order": 1, "hotel_value": ["4.1"], "hotel_price": ["137"]}, "371188": {"hotel_name": "\u9752\u5c9b\u9890\u4e2d\u7687\u51a0\u5047\u65e5\u9152\u5e97", "order_time": ["2019-01-06 21:47:40"], "total_order": 1, "hotel_value": ["4.5"], "hotel_price": ["546"]}, "2620136": {"hotel_name": "7\u5929\u8fde\u9501\u9152\u5e97(\u9752\u5c9b\u674e\u6ca7\u4e07\u8fbe\u5e7f\u573a\u5e97)", "order_time": ["2019-01-06 21:47:40"], "total_order": 1, "hotel_value": ["4.6"], "hotel_price": ["110"]}, "1677774": {"hotel_name": "\u9752\u5c9b\u99a8\u60a6\u8f69\u5ea6\u5047\u516c\u5bd3", "order_time": ["2019-01-06 21:49:39"], "total_order": 1, "hotel_value": ["4.6"], "hotel_price": ["73"]}, "393099": {"hotel_name": "\u9752\u5c9b\u5bcc\u529b\u827e\u7f8e\u9152\u5e97", "order_time": ["2019-01-06 21:49:39"], "total_order": 1, "hotel_value": ["4.6"], "hotel_price": ["519"]}, "2166570": {"hotel_name": "\u9752\u5c9b\u7f57\u66fc\u5ba2\u7cbe\u54c1\u4e3b\u9898\u9152\u5e97", "order_time": ["2019-01-06 21:49:39"], "total_order": 1, "hotel_value": ["4.1"], "hotel_price": ["95"]}, "1283801": {"hotel_name": "\u6211\u7684\u5730\u76d8\u4e3b\u9898\u9152\u5e97(\u9752\u5c9b\u6b63\u9633\u4e2d\u8def\u5e97)", "order_time": ["2019-01-06 21:49:39"], "total_order": 1, "hotel_value": ["4.5"], "hotel_price": ["117"]}, "1070476": {"hotel_name": "\u9752\u5c9b\u4e39\u9876\u9e64\u5927\u9152\u5e97", "order_time": ["2019-01-06 21:49:39"], "total_order": 1, "hotel_value": ["4.2"], "hotel_price": ["308"]}, "1502061": {"hotel_name": "\u5982\u5bb6\u5feb\u6377\u9152\u5e97(\u9752\u5c9b\u674e\u6ca7\u5cf0\u5c71\u8def\u6b65\u884c\u8857\u5e97)", "order_time": ["2019-01-06 21:55:39", "2019-01-06 21:51:37"], "total_order": 2, "hotel_value": ["4.6", "4.6"], "hotel_price": ["100", "100"]}, "23880235": {"hotel_name": "\u9752\u5c9b\u745c\u4e0a\u5c71\u95f4\u9152\u5e97", "order_time": ["2019-01-06 21:51:37"], "total_order": 1, "hotel_value": ["4.9"], "hotel_price": ["607"]}, "1379289": {"hotel_name": "\u90fd\u5e02118(\u9752\u5c9b\u57ce\u9633\u5b9d\u9f99\u5e7f\u573a\u5e97)", "order_time": ["2019-01-06 21:51:37"], "total_order": 1, "hotel_value": ["3.9"], "hotel_price": ["98"]}, "1942102": {"hotel_name": "\u683c\u6797\u8c6a\u6cf0\u9152\u5e97(\u9752\u5c9b\u4e66\u9662\u8def\u8fbe\u7fc1\u5e7f\u573a\u5e97)", "order_time": ["2019-01-06 21:51:37"], "total_order": 1, "hotel_value": ["4.3"], "hotel_price": ["84"]}, "4637626": {"hotel_name": "\u4e16\u7eaa\u9e3f\u6cf0\u9152\u5e97\u516c\u5bd3(\u9752\u5c9b\u4e2d\u8054\u81ea\u7531\u6e2f\u6e7e\u5e97)", "order_time": ["2019-01-06 21:51:37"], "total_order": 1, "hotel_value": ["4.6"], "hotel_price": ["65"]}, "5376315": {"hotel_name": "\u53ef\u4e34\u5b81\u8fde\u9501\u9152\u5e97(\u9752\u5c9b\u9752\u5927\u5de5\u4e1a\u56ed\u5e97)(\u539f99\u5c0a\u5ba2\u8fde\u9501\u5bbe\u9986)", "order_time": ["2019-01-06 21:51:38"], "total_order": 1, "hotel_value": ["3.3"], "hotel_price": ["79"]}, "11839810": {"hotel_name": "\u9752\u5c9b\u89c2\u6d77\u671b\u6708\u7b2c\u4e00\u6392\u6d77\u666f\u516c\u5bd3", "order_time": ["2019-01-06 21:51:38"], "total_order": 1, "hotel_value": ["5.0"], "hotel_price": ["85"]}, "1182386": {"hotel_name": "Inhotels&\u76f8\u9685\u7cbe\u5bbf(\u9752\u5c9b\u4e07\u8c61\u57ce\u5e97)", "order_time": ["2019-01-06 21:53:40"], "total_order": 1, "hotel_value": ["4.5"], "hotel_price": ["101"]}, "1306753": {"hotel_name": "\u9752\u5c9b\u51ef\u83b1\u5546\u52a1\u9152\u5e97", "order_time": ["2019-01-06 21:53:40"], "total_order": 1, "hotel_value": ["4.2"], "hotel_price": ["146"]}, "6455526": {"hotel_name": "\u9752\u5c9b\u67d2\u79a7\u6d77\u666f\u5ea6\u5047\u516c\u5bd3", "order_time": ["2019-01-06 21:53:40"], "total_order": 1, "hotel_value": ["4.8"], "hotel_price": ["67"]}, "4852424": {"hotel_name": "\u9752\u5c9b\u4e07\u8c6a\u5047\u65e5\u6d77\u666f\u5ea6\u5047\u516c\u5bd3", "order_time": ["2019-01-06 21:53:40"], "total_order": 1, "hotel_value": ["4.4"], "hotel_price": ["67"]}, "25752799": {"hotel_name": "\u9752\u5c9b\u878d\u5408\u5927\u53a6", "order_time": ["2019-01-06 21:53:40"], "total_order": 1, "hotel_value": [0], "hotel_price": ["193"]}, "2089299": {"hotel_name": "\u9752\u5c9b\u597d\u5c1a\u5609\u4e50\u56ed\u4e3b\u9898\u9152\u5e97", "order_time": ["2019-01-06 21:53:40"], "total_order": 1, "hotel_value": ["4.0"], "hotel_price": ["70"]}, "1610567": {"hotel_name": "\u6f2b\u7a0b\u56fd\u9645\u9752\u5e74\u65c5\u820d(\u9752\u5c9b\u706b\u8f66\u7ad9\u5288\u67f4\u9662\u5e97)", "order_time": ["2019-01-06 21:53:40"], "total_order": 1, "hotel_value": ["4.5"], "hotel_price": ["19"]}, "2389295": {"hotel_name": "\u9752\u5c9b\u6808\u6865\u5982\u5bb6\u89c2\u6d77\u65e5\u79df\u623f", "order_time": ["2019-01-06 21:53:40"], "total_order": 1, "hotel_value": ["4.7"], "hotel_price": ["34"]}, "1069293": {"hotel_name": "\u745e\u6cf0\u5c45\u5546\u52a1\u5bbe\u9986(\u9752\u5c9b\u4f1a\u5c55\u4e2d\u5fc3\u5e97)(\u539f\u53ef\u4e34\u5b81\u8fde\u9501\u9152\u5e97)(\u539f\u745e\u6cf0\u5c45\u5546\u52a1\u5bbe\u9986)", "order_time": ["2019-01-06 21:53:40"], "total_order": 1, "hotel_value": ["4.1"], "hotel_price": ["55"]}, "1807252": {"hotel_name": "7\u5929\u8fde\u9501\u9152\u5e97(\u9752\u5c9b\u9ec4\u5c9b\u4e24\u6cb3\u8def\u6d77\u6c34\u6d74\u573a\u5e97)", "order_time": ["2019-01-06 21:53:40"], "total_order": 1, "hotel_value": ["4.3"], "hotel_price": ["105"]}, "2511847": {"hotel_name": "\u6d77\u4e2d\u56ed\u8ff7\u4f60\u4e3b\u9898\u9152\u5e97(\u9752\u5c9b\u65b9\u4e2d\u5706\u5e97)(\u539f\u53ef\u4e34\u5b81\u8fde\u9501\u9152\u5e97)", "order_time": ["2019-01-06 21:53:40"], "total_order": 1, "hotel_value": ["4.1"], "hotel_price": ["78"]}, "8575907": {"hotel_name": "\u9752\u5c9b777\u5bbe\u9986", "order_time": ["2019-01-06 21:53:40"], "total_order": 1, "hotel_value": ["4.2"], "hotel_price": ["121"]}, "4363980": {"hotel_name": "\u540e\u6d77\u84dd\u6e7e\u5feb\u6377\u9152\u5e97(\u9752\u5c9b\u706b\u8f66\u5317\u7ad9\u5e97)", "order_time": ["2019-01-06 21:53:40"], "total_order": 1, "hotel_value": ["4.1"], "hotel_price": ["74"]}, "448778": {"hotel_name": "\u660e\u6cfd\u5546\u52a1\u9152\u5e97(\u9752\u5c9b\u5609\u5b9a\u5c71\u516c\u56ed\u5e97)", "order_time": ["2019-01-06 21:53:41"], "total_order": 1, "hotel_value": ["4.8"], "hotel_price": ["83"]}, "1420909": {"hotel_name": "\u5c1a\u5ba2\u4f18\u5feb\u6377\u9152\u5e97(\u9752\u5c9b\u5929\u4e00\u4ec1\u548c\u7ee3\u6210\u8def\u5e97)", "order_time": ["2019-01-06 21:53:41"], "total_order": 1, "hotel_value": ["4.3"], "hotel_price": ["105"]}, "2304497": {"hotel_name": "\u53cc\u73e0\u84dd\u6e2f\u5927\u9152\u5e97(\u9752\u5c9b\u8463\u5bb6\u53e3\u5e97)", "order_time": ["2019-01-06 21:53:41"], "total_order": 1, "hotel_value": ["4.4"], "hotel_price": ["107"]}, "2301079": {"hotel_name": "\u7231\u5c0a\u5ba2\u9152\u5e97(\u9752\u5c9b\u516b\u5927\u5173\u5e97)", "order_time": ["2019-01-06 21:55:37"], "total_order": 1, "hotel_value": ["4.6"], "hotel_price": ["94"]}, "8924494": {"hotel_name": "\u6c83\u5fb7\u9152\u5e97\u516c\u5bd3(\u9752\u5c9b\u56fd\u4fe1\u4f1a\u5c55\u4e2d\u5fc3\u5e97)", "order_time": ["2019-01-06 21:55:38"], "total_order": 1, "hotel_value": ["4.7"], "hotel_price": ["169"]}, "14836936": {"hotel_name": "\u4ed6\u5979\u6d77\u666f\u4e3b\u9898\u516c\u5bd3\uff08\u9752\u5c9b\u65b0\u57ce\u543e\u60a6\u5e97\uff09", "order_time": ["2019-01-06 21:55:39"], "total_order": 1, "hotel_value": ["4.5"], "hotel_price": ["80"]}}}