{"\u5f00\u59cb\u8bb0\u5f55\u65f6\u95f4": "2019-01-21 21:12:57", "\u7ed3\u675f\u8bb0\u5f55\u65f6\u95f4": "2019-01-21 22:19:51", "\u8ba2\u5355\u603b\u589e\u91cf": 237, "item": {"700260": {"hotel_name": "\u9752\u5c9b\u9038\u4e91\u7cbe\u54c1\u9152\u5e97", "order_time": ["2019-01-21 22:13:40", "2019-01-21 21:15:12"], "total_order": 2, "hotel_value": ["4.5", "4.5"], "hotel_price": ["119", "118"]}, "446500": {"hotel_name": "\u7cbe\u9014\u9152\u5e97(\u9752\u5c9b\u56fd\u9645\u4f1a\u5c55\u4e2d\u5fc3\u5e97)(\u539f\u57ce\u5e02\u5bb6\u5546\u52a1\u9152\u5e97\u4f1a\u5c55\u4e2d\u5fc3\u5e97)", "order_time": ["2019-01-21 21:15:12"], "total_order": 1, "hotel_value": ["4.3"], "hotel_price": ["116"]}, "25270439": {"hotel_name": "\u9752\u5c9b\u673a\u573a\u4e16\u7eaa\u516c\u56ed\u4e9a\u6735\u9152\u5e97", "order_time": ["2019-01-21 21:15:38", "2019-01-21 21:15:12"], "total_order": 2, "hotel_value": ["4.9", "4.9"], "hotel_price": ["277", "308"]}, "1287621": {"hotel_name": "\u6e2f\u6e7e\u5370\u8c61\u8fde\u9501\u9152\u5e97(\u9752\u5c9b\u674e\u6751\u541b\u5cf0\u8def\u5730\u94c1\u7ad9\u5e97) ", "order_time": ["2019-01-21 21:15:13"], "total_order": 1, "hotel_value": ["3.9"], "hotel_price": ["78"]}, "21340974": {"hotel_name": "\u9752\u5c9b\u7f8e\u9014\u6d77\u666f\u5ea6\u5047\u516c\u5bd3", "order_time": ["2019-01-21 21:15:14"], "total_order": 1, "hotel_value": ["4.6"], "hotel_price": ["217"]}, "4637626": {"hotel_name": "\u4e16\u7eaa\u9e3f\u6cf0\u9152\u5e97\u516c\u5bd3(\u9752\u5c9b\u4e2d\u8054\u81ea\u7531\u6e2f\u6e7e\u5e97)", "order_time": ["2019-01-21 21:15:14"], "total_order": 1, "hotel_value": ["4.6"], "hotel_price": ["90"]}, "5894597": {"hotel_name": "\u9752\u5c9b\u7ea2\u6811\u6797\u5ea6\u5047\u4e16\u754c(\u73ca\u745a\u9152\u5e97)", "order_time": ["2019-01-21 21:15:14"], "total_order": 1, "hotel_value": ["4.4"], "hotel_price": ["410"]}, "430396": {"hotel_name": "\u9752\u5c9b\u5b9d\u9f99\u798f\u670b\u559c\u6765\u767b\u9152\u5e97", "order_time": ["2019-01-21 21:15:14"], "total_order": 1, "hotel_value": ["4.6"], "hotel_price": ["499"]}, "27424529": {"hotel_name": "\u9752\u5c9b\u6c49\u5510\u7cbe\u9009\u9152\u5e97\u5f0f\u516c\u5bd3", "order_time": ["2019-01-21 21:15:14"], "total_order": 1, "hotel_value": ["4.9"], "hotel_price": ["645"]}, "443976": {"hotel_name": "\u90fd\u5e02118(\u9752\u5c9b\u674e\u6ca7\u6b65\u884c\u8857\u5e97)", "order_time": ["2019-01-21 21:15:15"], "total_order": 1, "hotel_value": ["4.6"], "hotel_price": ["84"]}, "5264336": {"hotel_name": "\u9e92\u97f5\u516c\u5bd3(\u9752\u5c9b\u4e07\u8c61\u57ce\u4e94\u56db\u5e7f\u573a\u5965\u5e06\u4e2d\u5fc3\u5e97)", "order_time": ["2019-01-21 21:15:37"], "total_order": 1, "hotel_value": ["4.8"], "hotel_price": ["278"]}, "21124467": {"hotel_name": "\u9752\u5c9b\u65af\u7ef4\u767b\u7cbe\u54c1\u516c\u5bd3(\u4f1a\u5c55\u4e2d\u5fc3\u77f3\u8001\u4eba\u6d77\u6c34\u6d74\u573a)", "order_time": ["2019-01-21 21:15:37", "2019-01-21 21:43:36"], "total_order": 2, "hotel_value": ["4.9", "4.9"], "hotel_price": ["227", "227"]}, "1226388": {"hotel_name": "\u9752\u5c9b\u6db5\u78a7\u697c\u9152\u5e97", "order_time": ["2019-01-21 21:24:44", "2019-01-21 21:15:37"], "total_order": 2, "hotel_value": ["4.6", "4.6"], "hotel_price": ["1749", "1749"]}, "5930359": {"hotel_name": "\u9752\u5c9b\u91d1\u77f3\u56fd\u9645\u5927\u9152\u5e97", "order_time": ["2019-01-21 21:15:37"], "total_order": 1, "hotel_value": ["4.8"], "hotel_price": ["386"]}, "6508376": {"hotel_name": "\u6155\u820d\u00b7\u8d1d\u683c\u9152\u5e97\u516c\u5bd3(\u9752\u5c9b\u4e07\u8c61\u57ce\u5965\u5e06\u4e94\u56db\u5e7f\u573a\u5e97)", "order_time": ["2019-01-21 21:17:37", "2019-01-21 21:15:38"], "total_order": 2, "hotel_value": ["4.9", "4.9"], "hotel_price": ["278", "278"]}, "5214763": {"hotel_name": "\u9752\u5c9b\u65af\u7ef4\u767b\u5ea6\u5047\u516c\u5bd3(\u5965\u5e06\u4e94\u56db\u5e7f\u573a\u4e07\u8c61\u57ce)", "order_time": ["2019-01-21 21:15:38"], "total_order": 1, "hotel_value": ["4.8"], "hotel_price": ["267"]}, "438731": {"hotel_name": "\u4e2d\u822a\u7fd4\u901a\u6e38\u8247\u4f1a\u9152\u5e97(\u9752\u5c9b\u5965\u5e06\u4e2d\u5fc3\u4e94\u56db\u5e7f\u573a\u5e97)", "order_time": ["2019-01-21 21:15:38"], "total_order": 1, "hotel_value": ["4.8"], "hotel_price": ["326"]}, "4719799": {"hotel_name": "\u9752\u5c9b\u5965\u5e06\u4e94\u56db\u5e7f\u573a\u4e9a\u6735\u9152\u5e97(\u539f\u5965\u5e06\u4e2d\u5fc3\u5e97)", "order_time": ["2019-01-21 21:15:38"], "total_order": 1, "hotel_value": ["4.8"], "hotel_price": ["298"]}, "21735796": {"hotel_name": "\u9752\u5c9b\u4e94\u56db\u5e7f\u573a\u4e91\u9704\u8def\u4e9a\u6735\u9152\u5e97", "order_time": ["2019-01-21 21:17:14", "2019-01-21 21:15:38"], "total_order": 2, "hotel_value": ["4.8", "4.8"], "hotel_price": ["316", "316"]}, "6273850": {"hotel_name": "\u7eff\u5cf0\u96c5\u9601\u5ea6\u5047\u516c\u5bd3(\u9752\u5c9b\u4e94\u56db\u5e7f\u573a\u4e07\u8c61\u57ce\u5e97)", "order_time": ["2019-01-21 21:15:38"], "total_order": 1, "hotel_value": ["4.8"], "hotel_price": ["228"]}, "1137296": {"hotel_name": "\u9752\u5c9b\u4e1c\u65b9\u6885\u5730\u4e9a\u9152\u5e97", "order_time": ["2019-01-21 21:15:38"], "total_order": 1, "hotel_value": ["4.9"], "hotel_price": ["361"]}, "18034506": {"hotel_name": "\u6c49\u5510\u9152\u5e97(\u9752\u5c9b\u6d41\u4ead\u673a\u573a\u5e97)", "order_time": ["2019-01-21 21:15:38"], "total_order": 1, "hotel_value": ["4.8"], "hotel_price": ["286"]}, "997909": {"hotel_name": "\u9752\u5c9b\u51ef\u83b1\u5927\u9152\u5e97", "order_time": ["2019-01-21 21:15:38"], "total_order": 1, "hotel_value": ["4.6"], "hotel_price": ["379"]}, "483417": {"hotel_name": "\u9752\u5c9b\u6d77\u90fd\u5927\u9152\u5e97", "order_time": ["2019-01-21 21:15:38"], "total_order": 1, "hotel_value": ["4.6"], "hotel_price": ["306"]}, "436076": {"hotel_name": "\u9752\u5c9b\u6c47\u6cc9\u738b\u671d\u5927\u996d\u5e97", "order_time": ["2019-01-21 21:17:14", "2019-01-21 21:23:30"], "total_order": 2, "hotel_value": ["4.4", "4.4"], "hotel_price": ["450", "450"]}, "5634587": {"hotel_name": "\u9e97\u67ab\u9152\u5e97(\u9752\u5c9b\u4e94\u56db\u5e7f\u573a\u5e97)(\u539f\u9752\u5c9b\u5b81\u590f\u8def\u5730\u94c1\u7ad9\u5e97)", "order_time": ["2019-01-21 21:17:14"], "total_order": 1, "hotel_value": ["4.7"], "hotel_price": ["199"]}, "1259981": {"hotel_name": "\u9752\u5c9b\u4e2d\u5929\u6d77\u666f\u9152\u5e97\uff08\u6808\u6865\u706b\u8f66\u7ad9\u5e97\uff09", "order_time": ["2019-01-21 21:17:14"], "total_order": 1, "hotel_value": ["4.8"], "hotel_price": ["66"]}, "1625041": {"hotel_name": "\u9752\u5c9b\u591a\u7c73\u6e29\u99a8\u9152\u5e97", "order_time": ["2019-01-21 21:17:15"], "total_order": 1, "hotel_value": ["4.5"], "hotel_price": ["63"]}, "438653": {"hotel_name": "\u9752\u5c9b\u6d77\u5929e\u5bb6\u5546\u52a1\u9152\u5e97", "order_time": ["2019-01-21 21:17:16", "2019-01-21 21:34:33"], "total_order": 2, "hotel_value": ["4.1", "4.1"], "hotel_price": ["85", "85"]}, "901719": {"hotel_name": "7\u5929\u8fde\u9501\u9152\u5e97(\u9752\u5c9b\u6d77\u5c14\u5de5\u4e1a\u56ed\u5b9d\u9f99\u5e7f\u573a\u5e97)", "order_time": ["2019-01-21 21:17:16"], "total_order": 1, "hotel_value": ["4.6"], "hotel_price": ["99"]}, "1344334": {"hotel_name": "\u9752\u5c9b\u9f99\u6e2f\u6e7e\u4e3b\u9898\u5bbe\u9986", "order_time": ["2019-01-21 21:17:16"], "total_order": 1, "hotel_value": ["4.1"], "hotel_price": ["75"]}, "772231": {"hotel_name": "\u9752\u5c9b\u4e2d\u9526\u5047\u65e5\u9152\u5e97", "order_time": ["2019-01-21 21:17:17"], "total_order": 1, "hotel_value": ["4.2"], "hotel_price": ["84"]}, "23841203": {"hotel_name": "\u9f99\u6e2f\u6e7e\u9152\u5e97(\u9752\u5c9b\u65d7\u8230\u5e97)", "order_time": ["2019-01-21 21:17:18"], "total_order": 1, "hotel_value": ["4.3"], "hotel_price": ["124"]}, "28528994": {"hotel_name": "\u9752\u5c9b\u6591\u9a6c\u7cbe\u4eab\u9152\u5e97", "order_time": ["2019-01-21 21:17:18"], "total_order": 1, "hotel_value": ["5.0"], "hotel_price": ["125"]}, "1640277": {"hotel_name": "\u9752\u5c9b\u91d1\u4e2d\u592a\u5927\u9152\u5e97", "order_time": ["2019-01-21 21:17:19"], "total_order": 1, "hotel_value": ["4.4"], "hotel_price": ["138"]}, "2304536": {"hotel_name": "\u9752\u5c9b\u5929\u6ee1\u610f\u5bbe\u9986", "order_time": ["2019-01-21 21:17:20"], "total_order": 1, "hotel_value": ["4.4"], "hotel_price": ["68"]}, "1875800": {"hotel_name": "\u5982\u5bb6\u5feb\u6377\u9152\u5e97(\u9752\u5c9b\u4f1a\u5c55\u4e2d\u5fc3\u5927\u62c7\u6307\u5e7f\u573a\u5e97)", "order_time": ["2019-01-21 21:17:21"], "total_order": 1, "hotel_value": ["4.2"], "hotel_price": ["132"]}, "6320153": {"hotel_name": "\u9752\u5c9b\u6854\u5b50\u6d77\u666f\u5ea6\u5047\u516c\u5bd3", "order_time": ["2019-01-21 21:17:22"], "total_order": 1, "hotel_value": ["4.2"], "hotel_price": ["106"]}, "1734183": {"hotel_name": "\u83b1\u897f\u826f\u53cb\u6e90\u6770\u5927\u9152\u5e97", "order_time": ["2019-01-21 21:17:34"], "total_order": 1, "hotel_value": ["4.4"], "hotel_price": ["283"]}, "2304470": {"hotel_name": "\u6fb3\u7433\u5546\u52a1\u5bbe\u9986(\u80f6\u5dde\u7687\u9a90\u5e97)", "order_time": ["2019-01-21 21:17:42"], "total_order": 1, "hotel_value": ["4.6"], "hotel_price": ["198"]}, "1103293": {"hotel_name": "\u6c49\u5ead\u9152\u5e97(\u9752\u5c9b\u6b63\u9633\u8def\u5229\u7fa4\u5e97)", "order_time": ["2019-01-21 21:19:17"], "total_order": 1, "hotel_value": ["4.3"], "hotel_price": ["132"]}, "5085596": {"hotel_name": "\u9526\u6c5f\u4e4b\u661f(\u9752\u5c9b\u6ca7\u53e3\u516c\u56ed\u5e97)", "order_time": ["2019-01-21 21:19:17"], "total_order": 1, "hotel_value": ["4.7"], "hotel_price": ["159"]}, "1374349": {"hotel_name": "\u4eac\u82d1\u8fde\u9501\u7cbe\u54c1\u9152\u5e97(\u9752\u5c9b\u4e94\u56db\u5e7f\u573a\u5e97)", "order_time": ["2019-01-21 21:19:20"], "total_order": 1, "hotel_value": ["4.4"], "hotel_price": ["75"]}, "1371782": {"hotel_name": "\u6854\u5b50\u9152\u5e97\u00b7\u7cbe\u9009(\u9752\u5c9b\u4e07\u8c61\u57ce\u5e97)(\u539f\u6c5f\u897f\u8def\u5e97)", "order_time": ["2019-01-21 21:19:21"], "total_order": 1, "hotel_value": ["4.8"], "hotel_price": ["246"]}, "2469555": {"hotel_name": "\u5373\u58a8\u8fb0\u5b63\u7cbe\u54c1\u9152\u5e97", "order_time": ["2019-01-21 21:19:23", "2019-01-21 21:43:42"], "total_order": 2, "hotel_value": ["4.5", "4.5"], "hotel_price": ["218", "218"]}, "453041": {"hotel_name": "\u9752\u5c9b\u673a\u573a\u8f85\u7279\u6234\u65af\u9152\u5e97", "order_time": ["2019-01-21 21:19:28"], "total_order": 1, "hotel_value": ["4.1"], "hotel_price": ["107"]}, "1432256": {"hotel_name": "\u9752\u5c9b\u5982\u5f53\u5bb6\u65c5\u9986", "order_time": ["2019-01-21 21:19:29"], "total_order": 1, "hotel_value": [0], "hotel_price": ["30"]}, "7114459": {"hotel_name": "\u9526\u6c5f\u4e4b\u661f\u54c1\u5c1a(\u9752\u5c9b\u897f\u6d77\u5cb8\u6c7d\u8f66\u603b\u7ad9\u5e97)(\u539f\u80f6\u5357\u6c7d\u8f66\u7ad9\u5e97)", "order_time": ["2019-01-21 21:21:23"], "total_order": 1, "hotel_value": ["4.6"], "hotel_price": ["139"]}, "436088": {"hotel_name": "\u9752\u5c9b\u8d35\u90fd\u56fd\u9645\u5927\u996d\u5e97(\u539f\u9752\u5c9b\u56fd\u6566\u5927\u9152\u5e97)", "order_time": ["2019-01-21 21:21:23"], "total_order": 1, "hotel_value": ["4.6"], "hotel_price": ["383"]}, "23227885": {"hotel_name": "\u9752\u5c9b\u683c\u96f7\u65af\u7cbe\u9009\u9152\u5e97", "order_time": ["2019-01-21 21:21:23"], "total_order": 1, "hotel_value": ["4.9"], "hotel_price": ["243"]}, "23472335": {"hotel_name": "\u7f8e\u8c6a\u4e3d\u81f4\u9152\u5e97(\u9752\u5c9b\u5e97)", "order_time": ["2019-01-21 21:21:23", "2019-01-21 21:25:43", "2019-01-21 22:15:55"], "total_order": 3, "hotel_value": ["4.8", "4.8", "4.8"], "hotel_price": ["399", "399", "399"]}, "8901473": {"hotel_name": "\u9752\u5c9b\u5c9b\u4e0a\u65f6\u5149\u7cbe\u54c1\u9152\u5e97", "order_time": ["2019-01-21 21:21:27"], "total_order": 1, "hotel_value": ["4.4"], "hotel_price": ["113"]}, "2599635": {"hotel_name": "\u5982\u5bb6\u5feb\u6377\u9152\u5e97(\u9752\u5c9b\u6d41\u4ead\u673a\u573a\u9ed1\u9f99\u6c5f\u5317\u8def\u57ce\u4e2d\u57ce\u5e97)", "order_time": ["2019-01-21 21:21:27", "2019-01-21 21:59:54"], "total_order": 2, "hotel_value": ["4.6", "4.6"], "hotel_price": ["167", "167"]}, "1618209": {"hotel_name": "\u81ea\u7531\u884c\u521b\u5ba2\u9752\u5e74\u65c5\u820d(\u9752\u5c9b\u706b\u8f66\u7ad9\u4e2d\u5c71\u8def\u5e97)(\u539f\u9f99\u798f\u7965\u5bbe\u9986)", "order_time": ["2019-01-21 21:21:29"], "total_order": 1, "hotel_value": ["4.9"], "hotel_price": ["6"]}, "20028061": {"hotel_name": "\u7eff\u5cf0\u96c5\u9601\u5ea6\u5047\u516c\u5bd3(\u9752\u5c9b\u4f1a\u5c55\u4e2d\u5fc3\u77f3\u8001\u4eba\u6d77\u6c34\u6d74\u573a\u5e97)", "order_time": ["2019-01-21 21:23:23"], "total_order": 1, "hotel_value": ["4.8"], "hotel_price": ["209"]}, "430544": {"hotel_name": "\u9752\u5c9b\u5feb\u901a\u56fd\u9645\u9152\u5e97", "order_time": ["2019-01-21 21:23:28"], "total_order": 1, "hotel_value": ["4.5"], "hotel_price": ["306"]}, "5930261": {"hotel_name": "\u9752\u5c9b\u9ec4\u5c9b\u6cf0\u6210\u559c\u6765\u767b\u9152\u5e97", "order_time": ["2019-01-21 21:23:28"], "total_order": 1, "hotel_value": ["4.6"], "hotel_price": ["498"]}, "1016213": {"hotel_name": "\u4f73\u9a7f\u9152\u5e97(\u9752\u5c9b\u674e\u6751\u5730\u94c1\u7ad9\u6b65\u884c\u8857\u5e97\uff09", "order_time": ["2019-01-21 21:23:28"], "total_order": 1, "hotel_value": ["4.5"], "hotel_price": ["101"]}, "1886446": {"hotel_name": "\u7231\u820d\u7a7a\u95f4\u5546\u52a1\u9152\u5e97(\u9752\u5c9b\u5c1a\u6ea2\u5e97)", "order_time": ["2019-01-21 21:23:32"], "total_order": 1, "hotel_value": ["4.5"], "hotel_price": ["83"]}, "994151": {"hotel_name": "\u5982\u5bb6\u5feb\u6377\u9152\u5e97(\u9752\u5c9b\u674e\u6751\u5730\u94c1\u7ad9\u4eac\u53e3\u8def\u5e97)", "order_time": ["2019-01-21 21:23:32"], "total_order": 1, "hotel_value": ["4.5"], "hotel_price": ["109"]}, "8426688": {"hotel_name": "\u5982\u5bb6\u7cbe\u9009\u9152\u5e97(\u9752\u5c9b\u706b\u8f66\u7ad9\u6808\u6865\u5e97)", "order_time": ["2019-01-21 21:36:47", "2019-01-21 21:23:45", "2019-01-21 22:04:49"], "total_order": 3, "hotel_value": ["4.6", "4.6", "4.6"], "hotel_price": ["131", "131", "131"]}, "1732079": {"hotel_name": "\u5373\u58a8\u9526\u8302\u5bbe\u9986", "order_time": ["2019-01-21 21:23:45"], "total_order": 1, "hotel_value": ["4.5"], "hotel_price": ["273"]}, "6173744": {"hotel_name": "\u5e73\u5ea6\u534e\u73ba\u5927\u9152\u5e97", "order_time": ["2019-01-21 21:24:32"], "total_order": 1, "hotel_value": ["4.7"], "hotel_price": ["390"]}, "4328415": {"hotel_name": "\u83b1\u897f\u5929\u58e4\u7cbe\u54c1\u9152\u5e97", "order_time": ["2019-01-21 21:24:32"], "total_order": 1, "hotel_value": ["4.4"], "hotel_price": ["124"]}, "6868234": {"hotel_name": "\u80f6\u5dde\u73ae\u8c6a\u5546\u52a1\u5bbe\u9986", "order_time": ["2019-01-21 21:24:36"], "total_order": 1, "hotel_value": ["4.1"], "hotel_price": ["72"]}, "994192": {"hotel_name": "\u5982\u5bb6\u5feb\u6377\u9152\u5e97(\u5373\u58a8\u9e64\u5c71\u8def\u5927\u94dc\u9a6c\u5e7f\u573a\u5e97)", "order_time": ["2019-01-21 21:25:30"], "total_order": 1, "hotel_value": ["4.6"], "hotel_price": ["110"]}, "16126995": {"hotel_name": "\u9752\u5c9b\u4e1c\u65b9\u5f71\u90fd\u4e07\u8fbe\u5e0c\u5c14\u987f\u9038\u6797\u9152\u5e97", "order_time": ["2019-01-21 21:25:31"], "total_order": 1, "hotel_value": ["4.6"], "hotel_price": ["465"]}, "840717": {"hotel_name": "\u9752\u5c9b\u674e\u6ca7\u7eff\u57ce\u559c\u6765\u767b\u9152\u5e97", "order_time": ["2019-01-21 21:25:32", "2019-01-21 21:43:42"], "total_order": 2, "hotel_value": ["4.7", "4.7"], "hotel_price": ["557", "557"]}, "5733262": {"hotel_name": "\u5343\u5bbf\u5ea6\u5047\u516c\u5bd3(\u9752\u5c9b\u4e3d\u6676\u5fa1\u7b51\u5e97)(\u539f\u5343\u5bbf\u534e\u8bfa\u601d\u5ea6\u5047\u516c\u5bd3)", "order_time": ["2019-01-21 21:25:33"], "total_order": 1, "hotel_value": ["4.6"], "hotel_price": ["100"]}, "1677774": {"hotel_name": "\u9752\u5c9b\u99a8\u60a6\u8f69\u5ea6\u5047\u516c\u5bd3", "order_time": ["2019-01-21 21:25:34"], "total_order": 1, "hotel_value": ["4.6"], "hotel_price": ["77"]}, "428036": {"hotel_name": "\u5982\u5bb6\u5feb\u6377\u9152\u5e97(\u9752\u5c9b\u5c71\u4e1c\u8def\u4e2d\u592e\u5546\u52a1\u533a\u5e97)", "order_time": ["2019-01-21 21:25:36", "2019-01-21 21:50:39"], "total_order": 2, "hotel_value": ["4.3", "4.3"], "hotel_price": ["119", "119"]}, "5463838": {"hotel_name": "\u9752\u5c9b\u7761\u673a\u573a\u9152\u5e97", "order_time": ["2019-01-21 21:25:36", "2019-01-21 21:48:08"], "total_order": 2, "hotel_value": ["4.3", "4.3"], "hotel_price": ["173", "173"]}, "1379953": {"hotel_name": "\u90fd\u5e02118(\u9752\u5c9b\u4e16\u56ed\u4f1a\u4e2d\u5fc3\u5e97)", "order_time": ["2019-01-21 21:25:37"], "total_order": 1, "hotel_value": ["4.2"], "hotel_price": ["113"]}, "5916477": {"hotel_name": "\u5229\u6e90\u56fd\u9645\u516c\u5bd3(\u9752\u5c9b\u56fd\u4fe1\u4f1a\u5c55\u4e2d\u5fc3\u5e97)", "order_time": ["2019-01-21 21:25:39"], "total_order": 1, "hotel_value": ["4.4"], "hotel_price": ["123"]}, "6507012": {"hotel_name": "\u80f6\u5dde\u6d77\u60a6\u516c\u5bd3\u9152\u5e97", "order_time": ["2019-01-21 21:26:39"], "total_order": 1, "hotel_value": ["4.7"], "hotel_price": ["127"]}, "2082416": {"hotel_name": "7\u5929\u8fde\u9501\u9152\u5e97(\u9752\u5c9b\u6d41\u4ead\u673a\u573a\u5e97)", "order_time": ["2019-01-21 21:27:41"], "total_order": 1, "hotel_value": ["4.1"], "hotel_price": ["99"]}, "11806930": {"hotel_name": "\u591a\u7ef4\u7a7a\u95f4\u4e3b\u9898\u9152\u5e97(\u9752\u5c9b\u674e\u6751\u5730\u94c1\u7ad9\u4eac\u53e3\u8def\u5e97)", "order_time": ["2019-01-21 21:27:46"], "total_order": 1, "hotel_value": ["4.5"], "hotel_price": ["159"]}, "1741177": {"hotel_name": "\u91d1\u72ee100\u8fde\u9501\u5bbe\u9986(\u9752\u5c9b\u6d41\u4ead\u673a\u573a\u5e97)", "order_time": ["2019-01-21 21:27:49"], "total_order": 1, "hotel_value": ["3.5"], "hotel_price": ["58"]}, "1815658": {"hotel_name": "\u5723\u5fb7\u5c45\u5546\u52a1\u9152\u5e97(\u9752\u5c9b\u706b\u8f66\u5317\u7ad9\u5e97)", "order_time": ["2019-01-21 21:29:46"], "total_order": 1, "hotel_value": ["4.4"], "hotel_price": ["89"]}, "8870574": {"hotel_name": "\u745e\u666e\u5170\u987f\u81f3\u5c0a\u9152\u5e97\u00b7\u9752\u5c9b\u5609\u5e74\u534e\u5e97", "order_time": ["2019-01-21 21:36:48", "2019-01-21 21:29:46"], "total_order": 2, "hotel_value": ["4.5", "4.5"], "hotel_price": ["124", "124"]}, "1374289": {"hotel_name": "\u83ab\u6cf0168(\u9752\u5c9b\u5f00\u53d1\u533a\u957f\u6c5f\u4e2d\u8def\u533a\u653f\u5e9c\u91d1\u6c99\u6ee9\u5e97)", "order_time": ["2019-01-21 21:29:47"], "total_order": 1, "hotel_value": ["4.4"], "hotel_price": ["109"]}, "1562201": {"hotel_name": "\u5c1a\u5ba2\u4f18\u9a8f\u6021\u8fde\u9501\u9152\u5e97(\u9752\u5c9b\u9ec4\u5c9b\u6c7d\u8f66\u7ad9\u77f3\u6cb9\u5927\u5b66\u5e97)", "order_time": ["2019-01-21 21:29:51"], "total_order": 1, "hotel_value": ["4.3"], "hotel_price": ["109"]}, "5152698": {"hotel_name": "\u6854\u5b50\u9152\u5e97\u00b7\u7cbe\u9009(\u9752\u5c9b\u6d77\u5c14\u8def\u5e97)", "order_time": ["2019-01-21 21:29:51"], "total_order": 1, "hotel_value": ["4.9"], "hotel_price": ["370"]}, "16900468": {"hotel_name": "\u9752\u5c9b\u4e1c\u65b9\u5f71\u90fd\u878d\u521b\u4e07\u8fbe\u6587\u534e\u9152\u5e97", "order_time": ["2019-01-21 21:29:53"], "total_order": 1, "hotel_value": ["4.6"], "hotel_price": ["588"]}, "2299113": {"hotel_name": "\u9752\u5c9b\u6167\u5609\u5546\u52a1\u9152\u5e97", "order_time": ["2019-01-21 21:29:58"], "total_order": 1, "hotel_value": ["4.0"], "hotel_price": ["124"]}, "5306612": {"hotel_name": "\u5c1a\u5ba2\u4f18\u9a8f\u6021\u8fde\u9501\u9152\u5e97(\u9752\u5c9b\u6c7d\u8f66\u5317\u7ad9\u5e97)", "order_time": ["2019-01-21 21:30:02"], "total_order": 1, "hotel_value": ["3.5"], "hotel_price": ["66"]}, "8792702": {"hotel_name": "\u9752\u5c9bU\u9152\u5e97", "order_time": ["2019-01-21 21:32:06"], "total_order": 1, "hotel_value": ["4.8"], "hotel_price": ["528"]}, "1483944": {"hotel_name": "\u9752\u5c9b\u878d\u6d77\u4e16\u56ed\u9152\u5e97", "order_time": ["2019-01-21 21:32:10"], "total_order": 1, "hotel_value": ["4.7"], "hotel_price": ["317"]}, "27711969": {"hotel_name": "\u9752\u5c9b\u9ed1\u9f99\u6c5f\u4e2d\u8def\u4e9a\u6735\u9152\u5e97", "order_time": ["2019-01-21 21:32:10", "2019-01-21 21:53:03"], "total_order": 2, "hotel_value": ["4.9", "4.9"], "hotel_price": ["278", "278"]}, "6801113": {"hotel_name": "\u9752\u5c9b\u5609\u5e74\u534e\u5e7f\u573a\u5927\u9152\u5e97", "order_time": ["2019-01-21 21:32:13"], "total_order": 1, "hotel_value": ["4.7"], "hotel_price": ["465"]}, "1969052": {"hotel_name": "\u9752\u5c9b\u56fd\u79d1\u6d77\u666f\u516c\u5bd3\u9152\u5e97", "order_time": ["2019-01-21 21:32:15"], "total_order": 1, "hotel_value": ["4.4"], "hotel_price": ["94"]}, "397581": {"hotel_name": "\u9526\u6c5f\u90fd\u57ce\u9152\u5e97(\u9752\u5c9b\u5927\u5b66\u5e97)", "order_time": ["2019-01-21 21:32:24"], "total_order": 1, "hotel_value": ["4.5"], "hotel_price": ["181"]}, "995182": {"hotel_name": "\u94f6\u5ea7\u4f73\u9a7f\u9152\u5e97(\u9752\u5c9b\u4e94\u53f0\u5c71\u8def\u4fdd\u7a0e\u533a\u5e97)", "order_time": ["2019-01-21 21:34:30"], "total_order": 1, "hotel_value": ["4.5"], "hotel_price": ["104"]}, "1568373": {"hotel_name": "\u9752\u5c9b\u94c2\u91d1\u4e3b\u9898\u9152\u5e97(\u674e\u6751\u6b65\u884c\u8857\u5e97)", "order_time": ["2019-01-21 21:34:31"], "total_order": 1, "hotel_value": ["3.7"], "hotel_price": ["71"]}, "428592": {"hotel_name": "\u9752\u5c9b\u9c81\u5546\u51ef\u60a6\u9152\u5e97", "order_time": ["2019-01-21 21:34:34", "2019-01-21 21:45:58"], "total_order": 2, "hotel_value": ["4.6", "4.6"], "hotel_price": ["598", "598"]}, "21035843": {"hotel_name": "\u9752\u5c9b\u4e00\u6f9c\u672a\u592e\u5047\u65e5\u9152\u5e97\u5f0f\u516c\u5bd3", "order_time": ["2019-01-21 21:34:35", "2019-01-21 21:43:44"], "total_order": 2, "hotel_value": ["4.9", "4.9"], "hotel_price": ["238", "238"]}, "1603330": {"hotel_name": "\u9752\u5c9b\u97e9\u76db\u6021\u5bb6\u9752\u5e74\u65c5\u793e", "order_time": ["2019-01-21 21:34:56"], "total_order": 1, "hotel_value": ["1.6"], "hotel_price": ["10"]}, "19616266": {"hotel_name": "\u66e6\u9014\u672a\u6765\u6d77\u666f\u5ea6\u5047\u516c\u5bd3(\u9752\u5c9b\u4f1a\u5c55\u4e2d\u5fc3\u77f3\u8001\u4eba\u6d77\u6c34\u6d74\u573a\u5e97)", "order_time": ["2019-01-21 21:36:45"], "total_order": 1, "hotel_value": ["4.8"], "hotel_price": ["209"]}, "1316372": {"hotel_name": "\u6c49\u5ead\u9152\u5e97(\u9752\u5c9b\u53f0\u4e1c\u6b65\u884c\u8857\u5e97)", "order_time": ["2019-01-21 21:36:46"], "total_order": 1, "hotel_value": ["4.5"], "hotel_price": ["113"]}, "1664209": {"hotel_name": "\u9752\u5c9b\u5929\u745e\u661f\u7a7a\u9152\u5e97", "order_time": ["2019-01-21 21:36:48"], "total_order": 1, "hotel_value": ["4.6"], "hotel_price": ["410"]}, "1775197": {"hotel_name": "\u9526\u6c5f\u4e4b\u661f\u54c1\u5c1a(\u9752\u5c9b\u6cb3\u5357\u8def\u706b\u8f66\u7ad9\u5e97)4S\u5347\u7ea7\u5e97", "order_time": ["2019-01-21 21:36:48"], "total_order": 1, "hotel_value": ["4.5"], "hotel_price": ["129"]}, "21131094": {"hotel_name": "\u4e91\u8212\u8f7b\u5962\u6d77\u666f\u516c\u5bd3(\u9752\u5c9b\u91d1\u6c99\u6ee9\u5510\u5c9b\u6e7e\u5e97)", "order_time": ["2019-01-21 21:36:50"], "total_order": 1, "hotel_value": ["4.8"], "hotel_price": ["166"]}, "2307012": {"hotel_name": "7\u5929\u8fde\u9501\u9152\u5e97(\u9752\u5c9b\u6d41\u4ead\u673a\u573a\u4e8c\u5e97)", "order_time": ["2019-01-21 21:36:56"], "total_order": 1, "hotel_value": ["3.9"], "hotel_price": ["135"]}, "8435958": {"hotel_name": "\u9752\u5c9b\u4e19\u5764\u5ba2\u6808", "order_time": ["2019-01-21 21:37:04"], "total_order": 1, "hotel_value": ["3.9"], "hotel_price": ["78"]}, "1371788": {"hotel_name": "\u6854\u5b50\u00b7\u6c34\u6676\u9152\u5e97(\u9752\u5c9b\u4e94\u56db\u5e7f\u573a\u6d77\u666f\u5e97)", "order_time": ["2019-01-21 21:39:01"], "total_order": 1, "hotel_value": ["4.7"], "hotel_price": ["275"]}, "19864896": {"hotel_name": "\u6d45\u91ce\u516c\u5bd3(\u9752\u5c9b\u4e3d\u6676\u5fa1\u7b51\u5e97)", "order_time": ["2019-01-21 21:39:01"], "total_order": 1, "hotel_value": ["4.8"], "hotel_price": ["182"]}, "1306753": {"hotel_name": "\u9752\u5c9b\u51ef\u83b1\u5546\u52a1\u9152\u5e97", "order_time": ["2019-01-21 21:45:57", "2019-01-21 21:39:02"], "total_order": 2, "hotel_value": ["4.2", "4.2"], "hotel_price": ["154", "154"]}, "6466869": {"hotel_name": "\u7c73\u9ad8\u65f6\u5c1a\u9152\u5e97(\u9752\u5c9b\u4e94\u56db\u5e7f\u573a\u8fdc\u6d0b\u5e97)", "order_time": ["2019-01-21 21:39:03"], "total_order": 1, "hotel_value": ["4.4"], "hotel_price": ["147"]}, "6284231": {"hotel_name": "\u9752\u5c9b\u745e\u5947\u6d77\u666f\u5ea6\u5047\u516c\u5bd3\u4e2d\u8054\u81ea\u7531\u6e2f\u6e7e\u5e97", "order_time": ["2019-01-21 21:39:05"], "total_order": 1, "hotel_value": ["4.7"], "hotel_price": ["85"]}, "1374631": {"hotel_name": "\u83ab\u6cf0168(\u9752\u5c9b\u5f00\u53d1\u533a\u9999\u6c5f\u8def\u5546\u4e1a\u8857\u5e97)", "order_time": ["2019-01-21 21:39:08"], "total_order": 1, "hotel_value": ["4.5"], "hotel_price": ["109"]}, "1649471": {"hotel_name": "\u9752\u5c9b\u5b8f\u8fd0\u4e1c\u90fd\u5927\u9152\u5e97", "order_time": ["2019-01-21 21:39:10"], "total_order": 1, "hotel_value": ["4.6"], "hotel_price": ["123"]}, "2140433": {"hotel_name": "\u683c\u6797\u8054\u76df\u9152\u5e97(\u9752\u5c9b\u4e50\u5ba2\u57ce\u674e\u6751\u5730\u94c1\u7ad9\u5e97)", "order_time": ["2019-01-21 21:39:13"], "total_order": 1, "hotel_value": ["4.4"], "hotel_price": ["90"]}, "5014965": {"hotel_name": "\u9752\u5c9b\u5723\u6d1b\u65af\u5546\u52a1\u9152\u5e97", "order_time": ["2019-01-21 21:39:15"], "total_order": 1, "hotel_value": ["3.8"], "hotel_price": ["108"]}, "17974517": {"hotel_name": "\u5e73\u5ea6\u84dd\u6d77\u94a7\u534e\u5927\u9152\u5e97", "order_time": ["2019-01-21 21:40:02", "2019-01-21 21:51:51"], "total_order": 2, "hotel_value": ["4.6", "4.6"], "hotel_price": ["308", "308"]}, "607180": {"hotel_name": "\u5168\u5b63\u9152\u5e97(\u9752\u5c9b\u9999\u6e2f\u4e2d\u8def\u5e97)", "order_time": ["2019-01-21 21:54:09", "2019-01-21 21:40:10"], "total_order": 2, "hotel_value": ["4.6", "4.6"], "hotel_price": ["265", "313"]}, "1605351": {"hotel_name": "\u9752\u5c9b\u6d77\u5929\u7fd4\u5927\u9152\u5e97", "order_time": ["2019-01-21 21:41:22"], "total_order": 1, "hotel_value": ["4.0"], "hotel_price": ["133"]}, "1788957": {"hotel_name": "\u9752\u5c9b\u5144\u5f1f\u7f18\u5546\u52a1\u5bbe\u9986", "order_time": ["2019-01-21 21:41:27"], "total_order": 1, "hotel_value": ["4.2"], "hotel_price": ["83"]}, "6775447": {"hotel_name": "\u6d77\u798f\u7279\u9152\u5e97(\u9752\u5c9b\u56fd\u9645\u4f1a\u5c55\u4e2d\u5fc3\u77f3\u8001\u4eba\u6d77\u6c34\u6d74\u573a\u5e97)", "order_time": ["2019-01-21 21:41:28"], "total_order": 1, "hotel_value": ["4.3"], "hotel_price": ["137"]}, "2309481": {"hotel_name": "\u5c1a\u5ba2\u4f18\u9a8f\u6021\u57ce\u9645\u9152\u5e97(\u9752\u5c9b\u5f00\u53d1\u533a\u5bcc\u6625\u6c5f\u8def\u5e97)", "order_time": ["2019-01-21 21:41:30"], "total_order": 1, "hotel_value": ["4.2"], "hotel_price": ["70"]}, "1645358": {"hotel_name": "\u81ea\u7531\u884c\u9752\u5e74\u65c5\u793e(\u9752\u5c9b\u6808\u6865\u706b\u8f66\u7ad9\u5e97)", "order_time": ["2019-01-21 21:43:34"], "total_order": 1, "hotel_value": ["4.6"], "hotel_price": ["15"]}, "3202843": {"hotel_name": "\u7231\u5c0a\u5ba2\u7cbe\u54c1\u9152\u5e97(\u9752\u5c9b\u57ce\u9633\u6b63\u9633\u4e2d\u8def\u5e97)", "order_time": ["2019-01-21 21:43:39"], "total_order": 1, "hotel_value": ["4.7"], "hotel_price": ["201"]}, "21356980": {"hotel_name": "\u5c0f\u91d1\u9ca4\u6d77\u666f\u516c\u5bd3(\u9752\u5c9b\u5564\u9152\u57ce\u4f1a\u5c55\u4e2d\u5fc3\u5e97)", "order_time": ["2019-01-21 22:04:51", "2019-01-21 21:43:39"], "total_order": 2, "hotel_value": ["4.9", "4.9"], "hotel_price": ["218", "218"]}, "7690235": {"hotel_name": "Q\u52a0\u00b7\u79a7\u60a6\u5047\u65e5\u9152\u5e97(\u9752\u5c9b\u706b\u8f66\u7ad9\u4e1c\u5e7f\u573a\u6808\u6865\u5e97)(\u539f\u9752\u5c9b\u79a7\u60a6\u5047\u65e5\u9152\u5e97)", "order_time": ["2019-01-21 21:43:39"], "total_order": 1, "hotel_value": ["4.5"], "hotel_price": ["99"]}, "8415426": {"hotel_name": "\u56db\u5b63\u7cbe\u9009\u9152\u5e97(\u9752\u5c9b\u6d41\u4ead\u673a\u573a\u5e97)", "order_time": ["2019-01-21 21:43:39"], "total_order": 1, "hotel_value": ["4.6"], "hotel_price": ["243"]}, "1362121": {"hotel_name": "\u90fd\u5e02118(\u9752\u5c9b\u6b63\u9633\u8def\u5229\u7fa4\u5e97)", "order_time": ["2019-01-21 21:43:41"], "total_order": 1, "hotel_value": ["4.4"], "hotel_price": ["100"]}, "427960": {"hotel_name": "\u5982\u5bb6\u5feb\u6377\u9152\u5e97(\u9752\u5c9b\u6d41\u4ead\u673a\u573a\u6c7d\u8f66\u5317\u7ad9\u5e97 )", "order_time": ["2019-01-21 21:43:41"], "total_order": 1, "hotel_value": ["4.4"], "hotel_price": ["128"]}, "669115": {"hotel_name": "\u9752\u5c9b\u4ea8\u4f2f\u5927\u9152\u5e97", "order_time": ["2019-01-21 21:43:41"], "total_order": 1, "hotel_value": ["4.2"], "hotel_price": ["298"]}, "371190": {"hotel_name": "\u9752\u5c9b\u9999\u683c\u91cc\u62c9\u5927\u9152\u5e97", "order_time": ["2019-01-21 21:43:42"], "total_order": 1, "hotel_value": ["4.7"], "hotel_price": ["689"]}, "19583911": {"hotel_name": "\u9752\u5c9b\u6cca\u5ba2\u4ed5\u5bb6\u7cbe\u54c1\u516c\u5bd3", "order_time": ["2019-01-21 21:45:54"], "total_order": 1, "hotel_value": ["4.9"], "hotel_price": ["179"]}, "21904736": {"hotel_name": "\u9752\u5c9b\u683c\u5170\u7535\u5f71\u9152\u5e97", "order_time": ["2019-01-21 21:45:57"], "total_order": 1, "hotel_value": ["4.6"], "hotel_price": ["118"]}, "1697366": {"hotel_name": "\u90fd\u5e02118(\u9752\u5c9b\u674e\u6ca7\u5e7f\u573a\u5730\u94c1\u7ad9\u5e97)", "order_time": ["2019-01-21 21:45:58"], "total_order": 1, "hotel_value": ["4.6"], "hotel_price": ["104"]}, "994153": {"hotel_name": "\u5982\u5bb6\u5feb\u6377\u9152\u5e97(\u9752\u5c9b\u706b\u8f66\u5317\u7ad9\u5e97)", "order_time": ["2019-01-21 21:46:02"], "total_order": 1, "hotel_value": ["4.3"], "hotel_price": ["167"]}, "4725953": {"hotel_name": "\u9526\u6c5f\u90fd\u57ce\u9152\u5e97(\u9752\u5c9b\u57ce\u9633\u533a\u653f\u5e9c\u5e97)", "order_time": ["2019-01-21 21:48:09"], "total_order": 1, "hotel_value": ["4.7"], "hotel_price": ["236"]}, "1689706": {"hotel_name": "\u9752\u5c9b\u9999\u6c5f\u4e4b\u661f\u5546\u52a1\u9152\u5e97", "order_time": ["2019-01-21 21:48:10"], "total_order": 1, "hotel_value": ["4.7"], "hotel_price": ["79"]}, "5482123": {"hotel_name": "\u9752\u5c9b\u94f6\u6cb3\u5047\u65e5\u9152\u5e97", "order_time": ["2019-01-21 21:48:11"], "total_order": 1, "hotel_value": ["4.7"], "hotel_price": ["163"]}, "6838355": {"hotel_name": "\u5170\u6b27\u9152\u5e97(\u9752\u5c9b\u4e94\u56db\u5e7f\u573a\u5e97)(\u539f\u65b0\u4e1c\u5927\u9152\u5e97)", "order_time": ["2019-01-21 21:48:11"], "total_order": 1, "hotel_value": ["4.9"], "hotel_price": ["282"]}, "448353": {"hotel_name": "\u5c1a\u5ba2\u4f18\u9a8f\u6021\u57ce\u9645\u9152\u5e97(\u80f6\u5357\u5317\u4eac\u8def\u5e97)", "order_time": ["2019-01-21 21:48:14"], "total_order": 1, "hotel_value": ["4.7"], "hotel_price": ["129"]}, "1217939": {"hotel_name": "\u7231\u5c0a\u5ba2\u8fde\u9501\u9152\u5e97(\u9752\u5c9b\u5728\u6c34\u4e00\u65b9\u57ce\u9633\u519c\u4e1a\u5927\u5b66\u5e97)", "order_time": ["2019-01-21 21:48:16"], "total_order": 1, "hotel_value": ["4.1"], "hotel_price": ["84"]}, "5226837": {"hotel_name": "\u9752\u5c9b\u68a7\u6850\u6811\u7cbe\u54c1\u9152\u5e97", "order_time": ["2019-01-21 21:48:16"], "total_order": 1, "hotel_value": ["4.5"], "hotel_price": ["89"]}, "779889": {"hotel_name": "\u9526\u6c5f\u4e4b\u661f(\u9752\u5c9b\u4e94\u56db\u5e7f\u573a\u5357\u4eac\u8def\u5730\u94c1\u7ad9\u5e97)", "order_time": ["2019-01-21 21:48:16"], "total_order": 1, "hotel_value": ["4.4"], "hotel_price": ["129"]}, "443607": {"hotel_name": "\u9752\u5c9b\u6052\u90fd\u884c\u653f\u9152\u5e97", "order_time": ["2019-01-21 21:48:16"], "total_order": 1, "hotel_value": ["4.1"], "hotel_price": ["81"]}, "1070435": {"hotel_name": "\u5982\u5bb6\u5feb\u6377\u9152\u5e97(\u9752\u5c9b\u6808\u6865\u706b\u8f66\u7ad9\u4e1c\u5e7f\u573a\u5e97)", "order_time": ["2019-01-21 21:50:41"], "total_order": 1, "hotel_value": ["4.5"], "hotel_price": ["92"]}, "5033186": {"hotel_name": "\u7ef4\u4e5f\u7eb3\u667a\u597d\u9152\u5e97(\u9752\u5c9b\u5373\u58a8\u5e97)(\u539f\u65fa\u534e\u5927\u9152\u5e97)", "order_time": ["2019-01-21 21:50:42"], "total_order": 1, "hotel_value": ["4.5"], "hotel_price": ["202"]}, "1604945": {"hotel_name": "\u7231\u5c0a\u5ba2\u9152\u5e97(\u9752\u5c9b\u53f0\u4e1c\u6b65\u884c\u8857\u5e97)", "order_time": ["2019-01-21 21:50:44"], "total_order": 1, "hotel_value": ["4.3"], "hotel_price": ["79"]}, "14836936": {"hotel_name": "\u4ed6\u5979\u6d77\u666f\u4e3b\u9898\u516c\u5bd3\uff08\u9752\u5c9b\u65b0\u57ce\u543e\u60a6\u5e97\uff09", "order_time": ["2019-01-21 21:50:47"], "total_order": 1, "hotel_value": ["4.5"], "hotel_price": ["63"]}, "2306006": {"hotel_name": "\u683c\u6797\u8c6a\u6cf0(\u9752\u5c9b\u706b\u8f66\u7ad9\u5e7f\u573a\u5e97)", "order_time": ["2019-01-21 21:50:52"], "total_order": 1, "hotel_value": ["4.7"], "hotel_price": ["75"]}, "701002": {"hotel_name": "\u4eac\u82d1\u8fde\u9501\u4e3b\u9898\u9152\u5e97(\u9752\u5c9b\u4e07\u8c61\u57ce\u5e97)", "order_time": ["2019-01-21 21:50:56"], "total_order": 1, "hotel_value": ["3.9"], "hotel_price": ["73"]}, "1826819": {"hotel_name": "\u9752\u5c9b\u6ee8\u6cb3\u540d\u8f69\u5546\u52a1\u5bbe\u9986\uff08\u68d8\u6d2a\u6ee9\u5e97\uff09", "order_time": ["2019-01-21 21:50:56"], "total_order": 1, "hotel_value": ["4.3"], "hotel_price": ["137"]}, "5549364": {"hotel_name": "\u9752\u5c9b\u897f\u6d77\u5cb8\u9686\u548c\u827e\u7f8e\u5ea6\u5047\u9152\u5e97", "order_time": ["2019-01-21 22:13:40", "2019-01-21 21:53:01"], "total_order": 2, "hotel_value": ["4.6", "4.6"], "hotel_price": ["358", "358"]}, "4640468": {"hotel_name": "\u6b27\u5723\u5170\u5ef7\u5ea6\u5047\u516c\u5bd3(\u9752\u5c9b\u4e07\u8fbe\u4e1c\u65b9\u5f71\u90fd\u5e97)", "order_time": ["2019-01-21 21:53:03"], "total_order": 1, "hotel_value": ["4.5"], "hotel_price": ["88"]}, "1731603": {"hotel_name": "\u9752\u5c9b\u82b1\u6eaa\u82b1\u56ed\u9152\u5e97", "order_time": ["2019-01-21 21:53:04"], "total_order": 1, "hotel_value": ["4.3"], "hotel_price": ["141"]}, "5795844": {"hotel_name": "\u9752\u5c9b\u56db\u65b9\u5927\u9152\u5e97\u8d35\u5bbe\u697c", "order_time": ["2019-01-21 21:53:16"], "total_order": 1, "hotel_value": ["4.3"], "hotel_price": ["102"]}, "1727504": {"hotel_name": "\u5e73\u5ea6\u5706\u4e2d\u65b9\u5927\u9152\u5e97", "order_time": ["2019-01-21 21:54:01"], "total_order": 1, "hotel_value": ["4.7"], "hotel_price": ["231"]}, "2887526": {"hotel_name": "\u5373\u58a8\u946b\u6e90\u5bbe\u9986", "order_time": ["2019-01-21 21:54:08"], "total_order": 1, "hotel_value": [0], "hotel_price": ["102"]}, "1064761": {"hotel_name": "\u9752\u5c9b\u8fdc\u5c71\u5047\u65e5\u9152\u5e97(\u539f\u591a\u7ef4\u4f60\u7684\u9152\u5e97)", "order_time": ["2019-01-21 21:55:22"], "total_order": 1, "hotel_value": ["4.6"], "hotel_price": ["68"]}, "994155": {"hotel_name": "\u5982\u5bb6\u5feb\u6377\u9152\u5e97(\u9752\u5c9b\u91cd\u5e86\u5357\u8def\u4e07\u79d1\u57ce\u5e97)", "order_time": ["2019-01-21 21:55:28"], "total_order": 1, "hotel_value": ["4.6"], "hotel_price": ["119"]}, "13740994": {"hotel_name": "\u9752\u5c9b\u90fd\u5e02118\u7cbe\u9009\u9152\u5e97\u6625\u9633\u8def\u5e97", "order_time": ["2019-01-21 21:55:28"], "total_order": 1, "hotel_value": ["4.6"], "hotel_price": ["98"]}, "4154655": {"hotel_name": "\u9752\u5c9b\u56db\u5b63\u6d77\u5cb8\u6d77\u666f\u5ea6\u5047\u516c\u5bd3", "order_time": ["2019-01-21 21:55:29"], "total_order": 1, "hotel_value": ["4.7"], "hotel_price": ["188"]}, "5266537": {"hotel_name": "\u5c1a\u5ba2\u4f18\u5feb\u6377\u9152\u5e97(\u9752\u5c9b\u5f00\u53d1\u533a\u9999\u6c5f\u4e8c\u8def\u5e97)", "order_time": ["2019-01-21 21:55:29"], "total_order": 1, "hotel_value": ["4.5"], "hotel_price": ["105"]}, "1406819": {"hotel_name": "\u4e16\u754c\u65c5\u820d(\u9752\u5c9b\u53f0\u4e1c\u8425\u53e3\u8def\u5564\u9152\u8857\u5e97)", "order_time": ["2019-01-21 21:55:33"], "total_order": 1, "hotel_value": ["4.1"], "hotel_price": ["71"]}, "427967": {"hotel_name": "\u5982\u5bb6\u5feb\u6377\u9152\u5e97(\u9752\u5c9b\u6808\u6865\u706b\u8f66\u7ad9\u5e7f\u573a\u5e97)", "order_time": ["2019-01-21 21:55:49"], "total_order": 1, "hotel_value": ["4.2"], "hotel_price": ["81"]}, "19633162": {"hotel_name": "\u4e30\u6e90\u4e4b\u5bb6\u5bbe\u9986(\u9752\u5c9b\u5b81\u590f\u8def\u5e97)", "order_time": ["2019-01-21 21:56:14"], "total_order": 1, "hotel_value": [0], "hotel_price": ["78"]}, "371188": {"hotel_name": "\u9752\u5c9b\u9890\u4e2d\u7687\u51a0\u5047\u65e5\u9152\u5e97", "order_time": ["2019-01-21 21:57:31"], "total_order": 1, "hotel_value": ["4.5"], "hotel_price": ["526"]}, "17139641": {"hotel_name": "\u5b9c\u5fc5\u601d\u9152\u5e97(\u9752\u5c9b\u9ad8\u65b0\u533a\u52a8\u8f66\u5c0f\u9547\u5e97)", "order_time": ["2019-01-21 21:57:37"], "total_order": 1, "hotel_value": ["4.2"], "hotel_price": ["218"]}, "8065606": {"hotel_name": "\u9752\u5c9b\u767d\u4e91\u516c\u5bd3", "order_time": ["2019-01-21 21:57:42"], "total_order": 1, "hotel_value": ["4.8"], "hotel_price": ["195"]}, "772111": {"hotel_name": "\u9752\u5c9b\u5a01\u65af\u6c40\u9152\u5e97", "order_time": ["2019-01-21 22:19:42", "2019-01-21 21:58:42"], "total_order": 2, "hotel_value": ["4.6", "4.6"], "hotel_price": ["630", "630"]}, "2338161": {"hotel_name": "\u9752\u5c9b\u946b\u6da6\u4e16\u4f73\u5546\u52a1\u9152\u5e97(\u539f\u548c\u6da6\u4e16\u4f73\u5546\u52a1\u9152\u5e97)", "order_time": ["2019-01-21 21:59:54"], "total_order": 1, "hotel_value": ["4.2"], "hotel_price": ["122"]}, "995168": {"hotel_name": "\u94f6\u5ea7\u4f73\u9a7f\u9152\u5e97(\u5373\u58a8\u9e64\u5c71\u8def\u4f73\u4e50\u5bb6\u4e8c\u5e97)", "order_time": ["2019-01-21 21:59:54"], "total_order": 1, "hotel_value": ["4.3"], "hotel_price": ["81"]}, "2298529": {"hotel_name": "\u9526\u6c5f\u4e4b\u661f(\u9752\u5c9b\u5f00\u53d1\u533a\u4e95\u5188\u5c71\u8def\u5e97)", "order_time": ["2019-01-21 21:59:59"], "total_order": 1, "hotel_value": ["4.6"], "hotel_price": ["129"]}, "25557473": {"hotel_name": "\u9752\u5c9b\u68e0\u66fc\u9152\u5e97", "order_time": ["2019-01-21 22:02:07"], "total_order": 1, "hotel_value": ["4.7"], "hotel_price": ["129"]}, "536113": {"hotel_name": "\u9752\u5c9b\u5f00\u5143\u540d\u90fd\u5927\u9152\u5e97", "order_time": ["2019-01-21 22:02:07"], "total_order": 1, "hotel_value": ["4.7"], "hotel_price": ["298"]}, "8668290": {"hotel_name": "\u6249\u7f26\u9152\u5e97(\u9752\u5c9b\u57ce\u9633\u6625\u548c\u5e7f\u573a\u5e97)", "order_time": ["2019-01-21 22:02:07"], "total_order": 1, "hotel_value": ["4.8"], "hotel_price": ["272"]}, "689242": {"hotel_name": "\u84dd\u6d77\u5927\u996d\u5e97(\u9752\u5c9b\u9ec4\u5c9b\u5e97)", "order_time": ["2019-01-21 22:02:08"], "total_order": 1, "hotel_value": ["4.6"], "hotel_price": ["298"]}, "425590": {"hotel_name": "\u9752\u5c9b\u946b\u6c5f\u6e29\u5fb7\u59c6\u9152\u5e97", "order_time": ["2019-01-21 22:02:08"], "total_order": 1, "hotel_value": ["4.8"], "hotel_price": ["499"]}, "21122269": {"hotel_name": "\u9752\u5c9b\u84dd\u6735\u6d77\u666f\u5047\u65e5\u516c\u5bd3", "order_time": ["2019-01-21 22:02:11"], "total_order": 1, "hotel_value": ["4.9"], "hotel_price": ["217"]}, "450881": {"hotel_name": "\u9752\u5c9b\u57ce\u9633\u5fb7\u6cf0\u5927\u9152\u5e97", "order_time": ["2019-01-21 22:02:11"], "total_order": 1, "hotel_value": ["4.6"], "hotel_price": ["439"]}, "1971343": {"hotel_name": "\u9752\u5c9b\u76db\u6cf0\u5fb7\u9152\u5e97", "order_time": ["2019-01-21 22:02:16"], "total_order": 1, "hotel_value": ["4.2"], "hotel_price": ["90"]}, "1205324": {"hotel_name": "\u5c1a\u5ba2\u4f18\u5feb\u6377\u9152\u5e97(\u9752\u5c9b\u706b\u8f66\u5317\u7ad9\u541b\u5cf0\u8def\u5e97)", "order_time": ["2019-01-21 22:02:16"], "total_order": 1, "hotel_value": ["4.3"], "hotel_price": ["79"]}, "994152": {"hotel_name": "\u5982\u5bb6\u5feb\u6377\u9152\u5e97(\u9752\u5c9b\u9ed1\u9f99\u6c5f\u4e2d\u8def\u5d02\u5c71\u9ad8\u79d1\u6280\u56ed\u5e97)(\u539f\u6d77\u5c14\u5de5\u4e1a\u56ed\u9ed1\u9f99\u6c5f\u4e2d\u8def\u5e97)", "order_time": ["2019-01-21 22:02:17"], "total_order": 1, "hotel_value": ["4.5"], "hotel_price": ["112"]}, "2018605": {"hotel_name": "\u591a\u7ef4\u7cbe\u54c1\u9152\u5e97(\u9752\u5c9b\u53f0\u4e1c\u5229\u7fa4\u5e97)", "order_time": ["2019-01-21 22:02:18"], "total_order": 1, "hotel_value": ["4.2"], "hotel_price": ["94"]}, "5024700": {"hotel_name": "\u9752\u5c9b\u591a\u60a6\u9152\u5e97", "order_time": ["2019-01-21 22:02:18"], "total_order": 1, "hotel_value": ["4.4"], "hotel_price": ["99"]}, "1200168": {"hotel_name": "\u7ef4\u4e5f\u7eb3\u9152\u5e97(\u80f6\u5dde\u5e97)", "order_time": ["2019-01-21 22:03:44"], "total_order": 1, "hotel_value": ["4.7"], "hotel_price": ["238"]}, "1165293": {"hotel_name": "\u9752\u5c9b\u5c1a\u54c1\u4e91\u56fe\u5bbe\u9986", "order_time": ["2019-01-21 22:04:41"], "total_order": 1, "hotel_value": ["4.2"], "hotel_price": ["78"]}, "5980423": {"hotel_name": "\u89c2\u6d77\u57ce\u6d77\u666f\u516c\u5bd3(\u9752\u5c9b\u706b\u8f66\u7ad9\u6808\u6865\u5e97)", "order_time": ["2019-01-21 22:04:43"], "total_order": 1, "hotel_value": ["4.8"], "hotel_price": ["114"]}, "2073653": {"hotel_name": "\u5586\u60a6\u00b7\u7cbe\u54c1\u8fde\u9501\u9152\u5e97(\u9752\u5c9b\u6d77\u5c14\u5de5\u4e1a\u56ed\u5b9d\u9f99\u5e7f\u573a\u5e97)", "order_time": ["2019-01-21 22:04:44"], "total_order": 1, "hotel_value": ["4.6"], "hotel_price": ["95"]}, "1501841": {"hotel_name": "\u83ab\u6cf0168(\u9752\u5c9b\u6808\u6865\u706b\u8f66\u7ad9\u897f\u5e7f\u573a\u5e97)", "order_time": ["2019-01-21 22:04:51"], "total_order": 1, "hotel_value": ["4.6"], "hotel_price": ["92"]}, "1000472": {"hotel_name": "\u9752\u5c9b\u7231\u8bfa\u9152\u5e97", "order_time": ["2019-01-21 22:04:51"], "total_order": 1, "hotel_value": ["4.4"], "hotel_price": ["78"]}, "1101006": {"hotel_name": "\u5982\u5bb6\u5feb\u6377\u9152\u5e97\uff08\u9752\u5c9b\u80f6\u5357\u9752\u5c9b\u897f\u7ad9\u5e97\uff09", "order_time": ["2019-01-21 22:04:51"], "total_order": 1, "hotel_value": ["4.4"], "hotel_price": ["103"]}, "2313561": {"hotel_name": "\u6021\u83b1\u9152\u5e97(\u9752\u5c9b\u4e2d\u5c71\u8def\u5929\u4e3b\u6559\u5802\u5e97)", "order_time": ["2019-01-21 22:04:56"], "total_order": 1, "hotel_value": ["3.8"], "hotel_price": ["56"]}, "346318": {"hotel_name": "\u9752\u5c9b\u80f6\u5dde\u7eff\u57ce\u559c\u6765\u767b\u9152\u5e97", "order_time": ["2019-01-21 22:05:34"], "total_order": 1, "hotel_value": ["4.6"], "hotel_price": ["458"]}, "19615245": {"hotel_name": "\u66e6\u9014\u89c2\u6f9c\u6d77\u666f\u5ea6\u5047\u522b\u5885(\u9752\u5c9b\u5965\u5e06\u4e94\u56db\u5e7f\u573a\u5e97)", "order_time": ["2019-01-21 22:07:00"], "total_order": 1, "hotel_value": ["4.9"], "hotel_price": ["246"]}, "1606905": {"hotel_name": "\u9752\u5c9b\u5174\u5b89\u5927\u9152\u5e97", "order_time": ["2019-01-21 22:07:00"], "total_order": 1, "hotel_value": ["4.4"], "hotel_price": ["134"]}, "21160142": {"hotel_name": "\u9752\u5c9b\u897f\u6d77\u5cb8\u667a\u9009\u5047\u65e5\u9152\u5e97", "order_time": ["2019-01-21 22:07:00"], "total_order": 1, "hotel_value": ["4.8"], "hotel_price": ["369"]}, "1695052": {"hotel_name": "\u591a\u7ef4\u7cbe\u54c1\u9152\u5e97\u798f\u5dde\u5357\u8def\u5e97", "order_time": ["2019-01-21 22:07:01"], "total_order": 1, "hotel_value": ["4.3"], "hotel_price": ["83"]}, "439773": {"hotel_name": "\u9752\u5c9b\u8fdc\u96c4\u60a6\u6765\u9152\u5e97\u516c\u5bd3", "order_time": ["2019-01-21 22:07:01"], "total_order": 1, "hotel_value": ["4.6"], "hotel_price": ["378"]}, "7316689": {"hotel_name": "\u9752\u5c9b\u661f\u9a7f\u8fde\u9501\u9152\u5e97", "order_time": ["2019-01-21 22:07:03"], "total_order": 1, "hotel_value": ["4.8"], "hotel_price": ["69"]}, "1874920": {"hotel_name": "\u5c1a\u5ba2\u4f18\u5feb\u6377\u9152\u5e97(\u5373\u58a8\u6c7d\u8f66\u603b\u7ad9\u5e97)", "order_time": ["2019-01-21 22:07:09"], "total_order": 1, "hotel_value": ["4.6"], "hotel_price": ["94"]}, "1388586": {"hotel_name": "\u9752\u5c9b\u76db\u5b9d\u7f18\u5bbe\u9986", "order_time": ["2019-01-21 22:07:31"], "total_order": 1, "hotel_value": ["4.3"], "hotel_price": ["62"]}, "2222735": {"hotel_name": "\u9526\u6c5f\u4e4b\u661f(\u9752\u5c9b\u6d41\u4ead\u56fd\u9645\u673a\u573a\u6b63\u9633\u4e2d\u8def\u5e97)", "order_time": ["2019-01-21 22:09:23", "2019-01-21 22:13:43"], "total_order": 2, "hotel_value": ["4.5", "4.5"], "hotel_price": ["149", "149"]}, "1283801": {"hotel_name": "\u6211\u7684\u5730\u76d8\u4e3b\u9898\u9152\u5e97(\u9752\u5c9b\u6b63\u9633\u4e2d\u8def\u5e97)", "order_time": ["2019-01-21 22:13:43"], "total_order": 1, "hotel_value": ["4.5"], "hotel_price": ["124"]}, "2624847": {"hotel_name": "\u9752\u5c9b\u83ab\u4e3d\u00b7\u7cbe\u9009\u9152\u5e97", "order_time": ["2019-01-21 22:15:55"], "total_order": 1, "hotel_value": ["4.5"], "hotel_price": ["221"]}, "6825957": {"hotel_name": "\u9752\u5c9b\u7ef4\u591a\u5229\u4e9a\u54c1\u5982\u5bb6\u56ed\u9152\u5e97\u5f0f\u516c\u5bd3", "order_time": ["2019-01-21 22:15:55"], "total_order": 1, "hotel_value": ["4.5"], "hotel_price": ["77"]}, "430419": {"hotel_name": "\u9752\u5c9b\u4e2d\u5fc3\u5047\u65e5\u9152\u5e97", "order_time": ["2019-01-21 22:15:57"], "total_order": 1, "hotel_value": ["4.7"], "hotel_price": ["496"]}, "5175250": {"hotel_name": "\u9752\u5c9b\u5230\u5904\u770b\u770b\u6d77\u666f\u5ea6\u5047\u516c\u5bd3\u5288\u67f4\u9662\u5e97", "order_time": ["2019-01-21 22:16:40"], "total_order": 1, "hotel_value": ["4.8"], "hotel_price": ["103"]}, "992456": {"hotel_name": "\u9752\u5c9b\u540d\u90fd\u51ef\u83b1\u9152\u5e97", "order_time": ["2019-01-21 22:18:09"], "total_order": 1, "hotel_value": ["4.4"], "hotel_price": ["358"]}, "5075928": {"hotel_name": "\u5e73\u5ea6\u4e1c\u83b1\u5927\u9152\u5e97", "order_time": ["2019-01-21 22:19:33"], "total_order": 1, "hotel_value": ["4.6"], "hotel_price": ["193"]}, "2147568": {"hotel_name": "\u83b1\u897f\u534e\u73ba\u5927\u9152\u5e97", "order_time": ["2019-01-21 22:19:42"], "total_order": 1, "hotel_value": ["4.7"], "hotel_price": ["449"]}, "6308160": {"hotel_name": "\u9752\u5c9b\u5c1a\u5ba2\u4f18\u9152\u5e97\u5c71\u4e1c\u5357\u6751\u9547\u6d77\u4fe1\u4ea7\u4e1a\u56ed\u5e97", "order_time": ["2019-01-21 22:19:44"], "total_order": 1, "hotel_value": ["4.7"], "hotel_price": ["122"]}, "1535401": {"hotel_name": "\u5e73\u5ea6\u502a\u5bb6\u5546\u52a1\u5bbe\u9986", "order_time": ["2019-01-21 22:19:44"], "total_order": 1, "hotel_value": ["4.7"], "hotel_price": ["108"]}}}