{"\u5f00\u59cb\u8bb0\u5f55\u65f6\u95f4": "2019-01-20 08:17:20", "\u7ed3\u675f\u8bb0\u5f55\u65f6\u95f4": "2019-01-20 09:27:11", "\u8ba2\u5355\u603b\u589e\u91cf": 148, "item": {"454906": {"hotel_name": "\u9752\u5c9b\u7d22\u83f2\u4e9a\u56fd\u9645\u5927\u9152\u5e97", "order_time": ["2019-01-20 08:20:26"], "total_order": 1, "hotel_value": ["4.6"], "hotel_price": ["261"]}, "25270439": {"hotel_name": "\u9752\u5c9b\u673a\u573a\u4e16\u7eaa\u516c\u56ed\u4e9a\u6735\u9152\u5e97", "order_time": ["2019-01-20 08:20:28"], "total_order": 1, "hotel_value": ["4.9"], "hotel_price": ["279"]}, "2136286": {"hotel_name": "\u9752\u5c9b\u7f8e\u5885\u5047\u671f\u9152\u5e9730\u53f7\u6d77\u8fb9\u522b\u5885", "order_time": ["2019-01-20 08:53:28", "2019-01-20 08:20:32"], "total_order": 2, "hotel_value": ["4.9", "4.9"], "hotel_price": ["295", "363"]}, "449574": {"hotel_name": "\u9752\u5c9b\u996d\u5e97", "order_time": ["2019-01-20 08:20:33"], "total_order": 1, "hotel_value": ["4.2"], "hotel_price": ["201"]}, "2140433": {"hotel_name": "\u683c\u6797\u8054\u76df\u9152\u5e97(\u9752\u5c9b\u4e50\u5ba2\u57ce\u674e\u6751\u5730\u94c1\u7ad9\u5e97)", "order_time": ["2019-01-20 08:20:40"], "total_order": 1, "hotel_value": ["4.4"], "hotel_price": ["97"]}, "9543763": {"hotel_name": "\u9752\u5c9b\u6885\u5b50\u51ef\u4f26\u7cbe\u54c1\u9152\u5e97", "order_time": ["2019-01-20 08:20:48"], "total_order": 1, "hotel_value": ["4.4"], "hotel_price": ["213"]}, "1591544": {"hotel_name": "\u9752\u5c9b\u4eba\u6e90\u5ba2\u6808", "order_time": ["2019-01-20 08:22:51"], "total_order": 1, "hotel_value": ["4.4"], "hotel_price": ["70"]}, "1882702": {"hotel_name": "\u9526\u6c5f\u4e4b\u661f(\u9752\u5c9b\u957f\u9014\u6c7d\u8f66\u603b\u7ad9\u5e97)", "order_time": ["2019-01-20 08:22:51"], "total_order": 1, "hotel_value": ["4.4"], "hotel_price": ["139"]}, "21160142": {"hotel_name": "\u9752\u5c9b\u897f\u6d77\u5cb8\u667a\u9009\u5047\u65e5\u9152\u5e97", "order_time": ["2019-01-20 08:22:51"], "total_order": 1, "hotel_value": ["4.8"], "hotel_price": ["369"]}, "5896610": {"hotel_name": "\u9752\u5c9b\u6d77\u8fb9\u4eba\u5bb6\u6d77\u666f\u5ea6\u5047\u516c\u5bd3\u4e2d\u8054\u81ea\u7531\u6e2f\u6e7e\u5e97", "order_time": ["2019-01-20 09:18:06", "2019-01-20 08:22:52"], "total_order": 2, "hotel_value": ["4.6", "4.6"], "hotel_price": ["63", "63"]}, "5085596": {"hotel_name": "\u9526\u6c5f\u4e4b\u661f(\u9752\u5c9b\u6ca7\u53e3\u516c\u56ed\u5e97)", "order_time": ["2019-01-20 08:22:58"], "total_order": 1, "hotel_value": ["4.7"], "hotel_price": ["149"]}, "428011": {"hotel_name": "\u5982\u5bb6\u5feb\u6377\u9152\u5e97(\u9752\u5c9b\u54c8\u5c14\u6ee8\u8def\u4e07\u79d1\u57ce\u53cc\u5c71\u5730\u94c1\u7ad9\u5e97)", "order_time": ["2019-01-20 08:23:14"], "total_order": 1, "hotel_value": ["4.5"], "hotel_price": ["127"]}, "428592": {"hotel_name": "\u9752\u5c9b\u9c81\u5546\u51ef\u60a6\u9152\u5e97", "order_time": ["2019-01-20 08:25:19"], "total_order": 1, "hotel_value": ["4.6"], "hotel_price": ["748"]}, "6838355": {"hotel_name": "\u5170\u6b27\u9152\u5e97(\u9752\u5c9b\u4e94\u56db\u5e7f\u573a\u5e97)(\u539f\u65b0\u4e1c\u5927\u9152\u5e97)", "order_time": ["2019-01-20 08:25:21"], "total_order": 1, "hotel_value": ["5.0"], "hotel_price": ["362"]}, "346318": {"hotel_name": "\u9752\u5c9b\u80f6\u5dde\u7eff\u57ce\u559c\u6765\u767b\u9152\u5e97", "order_time": ["2019-01-20 08:26:40"], "total_order": 1, "hotel_value": ["4.6"], "hotel_price": ["399"]}, "442301": {"hotel_name": "\u90fd\u5e02118(\u9752\u5c9b\u5d02\u5c71\u4f1a\u5c55\u4e2d\u5fc3\u5730\u94c1\u7ad9\u5e97)", "order_time": ["2019-01-20 08:27:40"], "total_order": 1, "hotel_value": ["4.4"], "hotel_price": ["97"]}, "1371782": {"hotel_name": "\u6854\u5b50\u9152\u5e97\u00b7\u7cbe\u9009(\u9752\u5c9b\u4e07\u8c61\u57ce\u5e97)(\u539f\u6c5f\u897f\u8def\u5e97)", "order_time": ["2019-01-20 08:27:49"], "total_order": 1, "hotel_value": ["4.8"], "hotel_price": ["227"]}, "640472": {"hotel_name": "\u9752\u5c9b\u65af\u7ef4\u767b\u5ea6\u5047\u516c\u5bd3(\u9c81\u90a6\u98ce\u60c5)", "order_time": ["2019-01-20 08:27:50"], "total_order": 1, "hotel_value": ["4.3"], "hotel_price": ["103"]}, "10480073": {"hotel_name": "\u4e50\u5bb6\u8f69\u7cbe\u54c1\u6c11\u5bbf(\u9752\u5c9b\u674e\u6751\u94f6\u5ea7\u534e\u5e9c\u548c\u8c10\u5e7f\u573a\u5e97)", "order_time": ["2019-01-20 08:27:53"], "total_order": 1, "hotel_value": ["4.7"], "hotel_price": ["144"]}, "2039050": {"hotel_name": "\u5e73\u5ea6\u8d85\u70ab\u5546\u52a1\u5bbe\u9986", "order_time": ["2019-01-20 08:29:03"], "total_order": 1, "hotel_value": ["4.6"], "hotel_price": ["95"]}, "794951": {"hotel_name": "\u9752\u5c9b\u673a\u573a\u53cb\u4fe1\u822a\u7a7a\u516c\u5bd3", "order_time": ["2019-01-20 08:30:05"], "total_order": 1, "hotel_value": ["4.0"], "hotel_price": ["114"]}, "6587715": {"hotel_name": "\u9752\u5c9b\u7f8e\u5885\u5047\u671f\u9152\u5e978\u53f7\u6d77\u8fb9\u522b\u5885", "order_time": ["2019-01-20 08:30:07"], "total_order": 1, "hotel_value": ["4.9"], "hotel_price": ["288"]}, "2359489": {"hotel_name": "\u5b89\u6f9c\u5bbe\u820d\u541b\u54c1\u6d77\u5cb8\u9152\u5e97(\u9752\u5c9b\u706b\u8f66\u7ad9\u6808\u6865\u9752\u533b\u9644\u9662\u5e97)", "order_time": ["2019-01-20 09:15:57", "2019-01-20 08:30:10"], "total_order": 2, "hotel_value": ["4.5", "4.5"], "hotel_price": ["75", "75"]}, "453041": {"hotel_name": "\u9752\u5c9b\u673a\u573a\u8f85\u7279\u6234\u65af\u9152\u5e97", "order_time": ["2019-01-20 08:44:44", "2019-01-20 08:30:18"], "total_order": 2, "hotel_value": ["4.1", "4.1"], "hotel_price": ["134", "134"]}, "5983210": {"hotel_name": "\u9752\u5c9b\u9047\u89c1\u56fd\u9645\u9752\u5e74\u65c5\u820d\u4e2d\u8054\u5e7f\u573a\u5e97", "order_time": ["2019-01-20 08:30:30"], "total_order": 1, "hotel_value": ["4.3"], "hotel_price": ["38"]}, "385108": {"hotel_name": "\u9752\u5c9b\u6d77\u5c14\u6d32\u9645\u9152\u5e97", "order_time": ["2019-01-20 08:31:14"], "total_order": 1, "hotel_value": ["4.6"], "hotel_price": ["698"]}, "2083026": {"hotel_name": "\u591a\u7ef4\u7cbe\u54c1\u9152\u5e97(\u5e73\u5ea6\u5e97)", "order_time": ["2019-01-20 08:31:15"], "total_order": 1, "hotel_value": ["4.1"], "hotel_price": ["118"]}, "447276": {"hotel_name": "\u9752\u5c9b\u6808\u6865\u738b\u5b50\u996d\u5e97", "order_time": ["2019-01-20 08:32:34"], "total_order": 1, "hotel_value": ["4.4"], "hotel_price": ["135"]}, "23472335": {"hotel_name": "\u7f8e\u8c6a\u4e3d\u81f4\u9152\u5e97(\u9752\u5c9b\u5e97)", "order_time": ["2019-01-20 09:11:31", "2019-01-20 08:32:46"], "total_order": 2, "hotel_value": ["4.8", "4.8"], "hotel_price": ["358", "358"]}, "801573": {"hotel_name": "\u9752\u5c9b\u5eb7\u5927\u8c6a\u751f\u5927\u9152\u5e97", "order_time": ["2019-01-20 09:09:18", "2019-01-20 08:35:07"], "total_order": 2, "hotel_value": ["4.7", "4.7"], "hotel_price": ["394", "394"]}, "994246": {"hotel_name": "\u5982\u5bb6\u5feb\u6377\u9152\u5e97(\u5373\u58a8\u84dd\u9ccc\u8def\u5b9d\u9f99\u5e7f\u573a\u5e97)", "order_time": ["2019-01-20 08:35:11"], "total_order": 1, "hotel_value": ["4.5"], "hotel_price": ["102"]}, "5527970": {"hotel_name": "\u9752\u5c9b\u65af\u7ef4\u767b\u5ea6\u5047\u516c\u5bd3(\u57ce\u9633\u673a\u573a\u5e97)", "order_time": ["2019-01-20 08:35:15", "2019-01-20 09:18:07"], "total_order": 2, "hotel_value": ["4.7", "4.7"], "hotel_price": ["119", "119"]}, "8521786": {"hotel_name": "\u91d1\u7af9\u82d1\u84dd\u5cb8\u5ba2\u6808", "order_time": ["2019-01-20 08:35:16"], "total_order": 1, "hotel_value": ["4.7"], "hotel_price": ["101"]}, "5380813": {"hotel_name": "\u90fd\u5e02118\uff08\u9752\u5c9b\u6d77\u5c14\u5de5\u4e1a\u56ed\u52b2\u677e\u4e03\u8def\u5e97\uff09", "order_time": ["2019-01-20 08:35:24"], "total_order": 1, "hotel_value": ["4.3"], "hotel_price": ["83"]}, "929520": {"hotel_name": "\u83ab\u6cf0168(\u9752\u5c9b\u674e\u6751\u5730\u94c1\u7ad9\u5cf0\u5c71\u8def\u5e97)(\u539f\u674e\u6ca7\u5e7f\u573a\u5cf0\u5c71\u8def\u5e97)", "order_time": ["2019-01-20 08:37:26"], "total_order": 1, "hotel_value": ["4.5"], "hotel_price": ["109"]}, "443641": {"hotel_name": "\u9752\u5c9b\u91d1\u6d77\u5927\u9152\u5e97", "order_time": ["2019-01-20 08:37:30"], "total_order": 1, "hotel_value": ["4.4"], "hotel_price": ["186"]}, "8575772": {"hotel_name": "\u9752\u5c9b\u51ef\u83b1\u667a\u6167\u9152\u5e97", "order_time": ["2019-01-20 08:37:32"], "total_order": 1, "hotel_value": ["4.6"], "hotel_price": ["187"]}, "22673546": {"hotel_name": "\u9752\u5c9b\u65af\u7ef4\u767b\u5ea6\u5047\u516c\u5bd3(\u57ce\u9633\u533a\u653f\u5e9c)", "order_time": ["2019-01-20 08:37:33"], "total_order": 1, "hotel_value": ["4.8"], "hotel_price": ["119"]}, "5073599": {"hotel_name": "\u827e\u5c4b\u9152\u5e97\u516c\u5bd3(\u9752\u5c9b\u90ae\u8f6e\u6bcd\u6e2f\u5e97)", "order_time": ["2019-01-20 08:37:36"], "total_order": 1, "hotel_value": ["4.7"], "hotel_price": ["67"]}, "1374631": {"hotel_name": "\u83ab\u6cf0168(\u9752\u5c9b\u5f00\u53d1\u533a\u9999\u6c5f\u8def\u5546\u4e1a\u8857\u5e97)", "order_time": ["2019-01-20 08:37:40"], "total_order": 1, "hotel_value": ["4.5"], "hotel_price": ["109"]}, "994154": {"hotel_name": "\u5982\u5bb6\u5feb\u6377\u9152\u5e97(\u9752\u5c9b\u5c71\u4e1c\u8def\u4e2d\u592e\u5546\u52a1\u533a\u91cd\u5e86\u5357\u8def\u5e97)", "order_time": ["2019-01-20 08:39:58"], "total_order": 1, "hotel_value": ["4.4"], "hotel_price": ["99"]}, "8925277": {"hotel_name": "\u6d77\u53cb\u9152\u5e97(\u9752\u5c9b\u6808\u6865\u706b\u8f66\u7ad9\u4e1c\u5e7f\u573a\u9152\u5e97)", "order_time": ["2019-01-20 08:40:01"], "total_order": 1, "hotel_value": ["4.6"], "hotel_price": ["89"]}, "21124467": {"hotel_name": "\u9752\u5c9b\u65af\u7ef4\u767b\u7cbe\u54c1\u516c\u5bd3(\u4f1a\u5c55\u4e2d\u5fc3\u77f3\u8001\u4eba\u6d77\u6c34\u6d74\u573a)", "order_time": ["2019-01-20 08:40:02"], "total_order": 1, "hotel_value": ["4.9"], "hotel_price": ["243"]}, "436458": {"hotel_name": "\u9752\u5c9b\u6d77\u6cc9\u6e7e\u7687\u51a0\u5047\u65e5\u5ea6\u5047\u9152\u5e97", "order_time": ["2019-01-20 08:40:03"], "total_order": 1, "hotel_value": ["4.5"], "hotel_price": ["609"]}, "1196353": {"hotel_name": "\u9752\u5c9b\u4e1c\u6d77\u5047\u65e5\u5ea6\u5047\u516c\u5bd3", "order_time": ["2019-01-20 08:40:03"], "total_order": 1, "hotel_value": ["4.5"], "hotel_price": ["83"]}, "429108": {"hotel_name": "\u9752\u5c9b\u94f6\u6c99\u6ee9\u6e29\u5fb7\u59c6\u81f3\u5c0a\u9152\u5e97", "order_time": ["2019-01-20 08:40:08"], "total_order": 1, "hotel_value": ["4.5"], "hotel_price": ["448"]}, "8915754": {"hotel_name": "\u9752\u5c9b\u7ef4\u6797\u827a\u5885\u6d77\u666f\u9152\u5e97", "order_time": ["2019-01-20 08:42:07"], "total_order": 1, "hotel_value": ["4.7"], "hotel_price": ["153"]}, "994192": {"hotel_name": "\u5982\u5bb6\u5feb\u6377\u9152\u5e97(\u5373\u58a8\u9e64\u5c71\u8def\u5927\u94dc\u9a6c\u5e7f\u573a\u5e97)", "order_time": ["2019-01-20 08:42:08"], "total_order": 1, "hotel_value": ["4.6"], "hotel_price": ["101"]}, "5215569": {"hotel_name": "\u9752\u5c9b\u5370\u8c61\u9152\u5e97", "order_time": ["2019-01-20 08:42:13"], "total_order": 1, "hotel_value": ["4.5"], "hotel_price": ["252"]}, "772111": {"hotel_name": "\u9752\u5c9b\u5a01\u65af\u6c40\u9152\u5e97", "order_time": ["2019-01-20 08:43:38"], "total_order": 1, "hotel_value": ["4.6"], "hotel_price": ["595"]}, "2163140": {"hotel_name": "\u83b1\u897f\u827e\u5ead\u5546\u52a1\u9152\u5e97", "order_time": ["2019-01-20 08:43:39", "2019-01-20 09:06:00"], "total_order": 2, "hotel_value": ["4.4", "4.4"], "hotel_price": ["89", "89"]}, "430544": {"hotel_name": "\u9752\u5c9b\u5feb\u901a\u56fd\u9645\u9152\u5e97", "order_time": ["2019-01-20 08:44:34"], "total_order": 1, "hotel_value": ["4.5"], "hotel_price": ["270"]}, "430396": {"hotel_name": "\u9752\u5c9b\u5b9d\u9f99\u798f\u670b\u559c\u6765\u767b\u9152\u5e97", "order_time": ["2019-01-20 08:44:40"], "total_order": 1, "hotel_value": ["4.6"], "hotel_price": ["499"]}, "690618": {"hotel_name": "\u9752\u5c9b\u4e09\u516d\u516b\u8fde\u9501\u5bbe\u9986(\u6d41\u4ead\u673a\u573a\u5e97)", "order_time": ["2019-01-20 08:44:43"], "total_order": 1, "hotel_value": ["4.0"], "hotel_price": ["65"]}, "4739070": {"hotel_name": "\u5e73\u5ea6\u4e1c\u65b9\u5546\u52a1\u5bbe\u9986", "order_time": ["2019-01-20 08:45:38"], "total_order": 1, "hotel_value": [0], "hotel_price": ["69"]}, "2085688": {"hotel_name": "\u5e73\u5ea6\u84dd\u78e8\u574a\u4e3b\u9898\u9152\u5e97", "order_time": ["2019-01-20 08:47:41"], "total_order": 1, "hotel_value": ["3.9"], "hotel_price": ["111"]}, "2311705": {"hotel_name": "\u80f6\u5dde\u5c1a\u54c1\u5047\u65e5\u9152\u5e97", "order_time": ["2019-01-20 08:50:08", "2019-01-20 08:47:42"], "total_order": 2, "hotel_value": ["4.5", "4.5"], "hotel_price": ["95", "95"]}, "1676603": {"hotel_name": "\u9752\u5c9b\u4e2d\u6d77\u5546\u52a1\u5bbe\u9986", "order_time": ["2019-01-20 08:47:45"], "total_order": 1, "hotel_value": [0], "hotel_price": ["23"]}, "443607": {"hotel_name": "\u9752\u5c9b\u6052\u90fd\u884c\u653f\u9152\u5e97", "order_time": ["2019-01-20 08:48:49"], "total_order": 1, "hotel_value": ["4.1"], "hotel_price": ["78"]}, "436479": {"hotel_name": "\u9752\u5c9b\u65af\u7ef4\u767b\u5ea6\u5047\u516c\u5bd3(\u90a3\u9c81\u6e7e)", "order_time": ["2019-01-20 08:48:52"], "total_order": 1, "hotel_value": ["4.4"], "hotel_price": ["99"]}, "23634927": {"hotel_name": "\u5982\u5bb6\u777f\u67cf\u00b7\u4e91\u9152\u5e97(\u9752\u5c9b\u77f3\u6cb9\u5927\u5b66\u543e\u60a6\u5e7f\u573a\u5730\u94c1\u7ad9\u5e97)", "order_time": ["2019-01-20 08:48:53"], "total_order": 1, "hotel_value": ["4.9"], "hotel_price": ["109"]}, "1181778": {"hotel_name": "\u5e03\u4e01\u9152\u5e97(\u9752\u5c9b\u56fd\u9645\u4f1a\u5c55\u4e2d\u5fc3\u5e97)", "order_time": ["2019-01-20 09:00:02", "2019-01-20 08:51:16"], "total_order": 2, "hotel_value": ["4.3", "4.3"], "hotel_price": ["69", "69"]}, "13180834": {"hotel_name": "\u5c1a\u5ba2\u4f18\u7cbe\u9009\u9152\u5e97(\u9752\u5c9b\u4e16\u7eaa\u516c\u56ed\u6d41\u4ead\u673a\u573a\u5e97)(\u539f\u57ce\u9633\u4e16\u7eaa\u516c\u56ed\u5e97)", "order_time": ["2019-01-20 08:51:18"], "total_order": 1, "hotel_value": ["4.8"], "hotel_price": ["135"]}, "16018600": {"hotel_name": "\u683c\u6797\u4e1c\u65b9\u9152\u5e97(\u9752\u5c9b\u4e16\u7eaa\u516c\u56ed\u6d41\u4ead\u673a\u573a\u5e97)", "order_time": ["2019-01-20 08:53:33"], "total_order": 1, "hotel_value": ["4.5"], "hotel_price": ["139"]}, "2301077": {"hotel_name": "\u7231\u5c0a\u5ba2\u9152\u5e97(\u9752\u5c9b\u4e94\u56db\u5e7f\u573a\u5e97)", "order_time": ["2019-01-20 08:53:33"], "total_order": 1, "hotel_value": ["4.6"], "hotel_price": ["130"]}, "5226837": {"hotel_name": "\u9752\u5c9b\u68a7\u6850\u6811\u7cbe\u54c1\u9152\u5e97", "order_time": ["2019-01-20 08:53:36"], "total_order": 1, "hotel_value": ["4.5"], "hotel_price": ["79"]}, "2346219": {"hotel_name": "\u661f\u7a0b\u9152\u5e97(\u9752\u5c9b\u9999\u6e2f\u4e2d\u8def\u5e97)", "order_time": ["2019-01-20 08:53:36", "2019-01-20 09:00:11"], "total_order": 2, "hotel_value": ["3.7", "3.7"], "hotel_price": ["110", "110"]}, "1601208": {"hotel_name": "\u604b\u5bb6\u516c\u5bd3(\u9752\u5c9b\u6808\u6865\u706b\u8f66\u7ad9\u5e97)", "order_time": ["2019-01-20 08:53:39"], "total_order": 1, "hotel_value": [0], "hotel_price": ["299"]}, "8575398": {"hotel_name": "\u9752\u5c9b\u4e2d\u5730\u4e07\u8c6a\u9152\u5e97", "order_time": ["2019-01-20 08:55:44"], "total_order": 1, "hotel_value": ["4.5"], "hotel_price": ["232"]}, "2073653": {"hotel_name": "\u5586\u60a6\u00b7\u7cbe\u54c1\u8fde\u9501\u9152\u5e97(\u9752\u5c9b\u6d77\u5c14\u5de5\u4e1a\u56ed\u5b9d\u9f99\u5e7f\u573a\u5e97)", "order_time": ["2019-01-20 08:55:51"], "total_order": 1, "hotel_value": ["4.6"], "hotel_price": ["85"]}, "22818817": {"hotel_name": "\u5609\u51ef\u8c6a\u7cbe\u54c1\u9152\u5e97(\u5373\u58a8\u9e64\u5c71\u8def\u5e97)", "order_time": ["2019-01-20 08:55:54"], "total_order": 1, "hotel_value": ["4.5"], "hotel_price": ["120"]}, "23931826": {"hotel_name": "\u5982\u5bb6\u777f\u67cf\u00b7\u4e91\u9152\u5e97(\u80f6\u5357\u73e0\u5c71\u8def\u9752\u5c9b\u897f\u9ad8\u94c1\u7ad9\u5e97)", "order_time": ["2019-01-20 08:55:58"], "total_order": 1, "hotel_value": [0], "hotel_price": ["99"]}, "1727813": {"hotel_name": "\u5e73\u5ea6\u53c8\u4e00\u6751\u5927\u9152\u5e97", "order_time": ["2019-01-20 08:56:41"], "total_order": 1, "hotel_value": ["4.5"], "hotel_price": ["98"]}, "2338161": {"hotel_name": "\u9752\u5c9b\u946b\u6da6\u4e16\u4f73\u5546\u52a1\u9152\u5e97(\u539f\u548c\u6da6\u4e16\u4f73\u5546\u52a1\u9152\u5e97)", "order_time": ["2019-01-20 08:57:57"], "total_order": 1, "hotel_value": ["4.2"], "hotel_price": ["122"]}, "8615986": {"hotel_name": "\u7231\u8bed\u542c\u6d77\u5047\u65e5\u9152\u5e97\u5f0f\u516c\u5bd3\uff08\u9752\u5c9b\u65b0\u57ce\u543e\u60a6\u5e7f\u573a\u5e97\uff09", "order_time": ["2019-01-20 08:58:05"], "total_order": 1, "hotel_value": ["4.5"], "hotel_price": ["92"]}, "2045228": {"hotel_name": "\u5e73\u5ea6\u8d5b\u5bb6\u5ba2\u623f", "order_time": ["2019-01-20 08:58:51"], "total_order": 1, "hotel_value": ["4.2"], "hotel_price": ["88"]}, "7690235": {"hotel_name": "Q\u52a0\u00b7\u79a7\u60a6\u5047\u65e5\u9152\u5e97(\u9752\u5c9b\u706b\u8f66\u7ad9\u4e1c\u5e7f\u573a\u6808\u6865\u5e97)(\u539f\u9752\u5c9b\u79a7\u60a6\u5047\u65e5\u9152\u5e97)", "order_time": ["2019-01-20 09:00:03"], "total_order": 1, "hotel_value": ["4.5"], "hotel_price": ["99"]}, "1979422": {"hotel_name": "\u9752\u5c9b\u4f18\u5c1a\u5feb\u6377\u9152\u5e97", "order_time": ["2019-01-20 09:00:03"], "total_order": 1, "hotel_value": ["4.1"], "hotel_price": ["83"]}, "690587": {"hotel_name": "\u9752\u5c9b\u516b\u5927\u5173\u9526\u7ee3\u56ed\u9152\u5e97", "order_time": ["2019-01-20 09:00:04"], "total_order": 1, "hotel_value": ["4.6"], "hotel_price": ["224"]}, "371188": {"hotel_name": "\u9752\u5c9b\u9890\u4e2d\u7687\u51a0\u5047\u65e5\u9152\u5e97", "order_time": ["2019-01-20 09:00:06", "2019-01-20 09:11:28"], "total_order": 2, "hotel_value": ["4.5", "4.5"], "hotel_price": ["556", "556"]}, "3265800": {"hotel_name": "\u9752\u5c9b\u90a3\u9c81\u6e7e\u6d77\u666f\u5ea6\u5047\u516c\u5bd3", "order_time": ["2019-01-20 09:00:06"], "total_order": 1, "hotel_value": ["4.7"], "hotel_price": ["113"]}, "427987": {"hotel_name": "\u5982\u5bb6\u5feb\u6377\u9152\u5e97(\u9752\u5c9b\u9999\u6e2f\u4e2d\u8def\u9752\u5927\u9ea6\u5c9b\u5730\u94c1\u7ad9\u5e97)", "order_time": ["2019-01-20 09:00:10"], "total_order": 1, "hotel_value": ["4.3"], "hotel_price": ["109"]}, "5024700": {"hotel_name": "\u9752\u5c9b\u591a\u60a6\u9152\u5e97", "order_time": ["2019-01-20 09:09:22", "2019-01-20 09:00:11"], "total_order": 2, "hotel_value": ["4.4", "4.4"], "hotel_price": ["94", "94"]}, "427991": {"hotel_name": "\u5982\u5bb6\u5feb\u6377\u9152\u5e97(\u9752\u5c9b\u53f0\u4e1c\u5546\u4e1a\u533a\u5229\u6d25\u8def\u5e97)", "order_time": ["2019-01-20 09:00:16"], "total_order": 1, "hotel_value": ["4.4"], "hotel_price": ["86"]}, "2239028": {"hotel_name": "\u9752\u5c9b\u7559\u9999\u4ead\u5bbe\u9986", "order_time": ["2019-01-20 09:00:24"], "total_order": 1, "hotel_value": ["4.0"], "hotel_price": ["53"]}, "371190": {"hotel_name": "\u9752\u5c9b\u9999\u683c\u91cc\u62c9\u5927\u9152\u5e97", "order_time": ["2019-01-20 09:02:36"], "total_order": 1, "hotel_value": ["4.7"], "hotel_price": ["689"]}, "1664209": {"hotel_name": "\u9752\u5c9b\u5929\u745e\u661f\u7a7a\u9152\u5e97", "order_time": ["2019-01-20 09:02:36"], "total_order": 1, "hotel_value": ["4.6"], "hotel_price": ["422"]}, "17509168": {"hotel_name": "\u8212\u5bb8\u7cbe\u54c1\u9152\u5e97(\u9752\u5c9b\u4e07\u8fbe\u4e1c\u65b9\u5f71\u90fd\u4e07\u8fbe\u8302\u5e97)", "order_time": ["2019-01-20 09:02:36"], "total_order": 1, "hotel_value": ["4.8"], "hotel_price": ["168"]}, "994086": {"hotel_name": "\u5982\u5bb6\u5feb\u6377\u9152\u5e97(\u9752\u5c9b\u6d77\u5c14\u8def\u5730\u94c1\u7ad9\u9752\u5c71\u8def\u5e97)", "order_time": ["2019-01-20 09:02:38"], "total_order": 1, "hotel_value": ["4.5"], "hotel_price": ["105"]}, "443620": {"hotel_name": "\u9752\u5c9b\u6b66\u80dc\u5173\u5ea6\u5047\u9152\u5e97", "order_time": ["2019-01-20 09:02:40"], "total_order": 1, "hotel_value": ["4.6"], "hotel_price": ["256"]}, "26555980": {"hotel_name": "\u9752\u5c9b\u897f\u6d77\u5cb8\u5a01\u65af\u6c40\u9152\u5e97", "order_time": ["2019-01-20 09:02:44"], "total_order": 1, "hotel_value": [0], "hotel_price": ["508"]}, "1702511": {"hotel_name": "\u80f6\u5357\u5f18\u5143\u56fd\u9645\u9152\u5e97", "order_time": ["2019-01-20 09:02:48"], "total_order": 1, "hotel_value": ["3.9"], "hotel_price": ["147"]}, "1546017": {"hotel_name": "\u53ef\u4e34\u5b81\u8fde\u9501\u9152\u5e97(\u9752\u5c9b\u6d77\u5357\u5c9b\u8def\u5e97)", "order_time": ["2019-01-20 09:02:57"], "total_order": 1, "hotel_value": ["4.3"], "hotel_price": ["83"]}, "1501841": {"hotel_name": "\u83ab\u6cf0168(\u9752\u5c9b\u6808\u6865\u706b\u8f66\u7ad9\u897f\u5e7f\u573a\u5e97)", "order_time": ["2019-01-20 09:04:54"], "total_order": 1, "hotel_value": ["4.6"], "hotel_price": ["92"]}, "1379419": {"hotel_name": "\u9752\u5c9b\u6b27\u9646\u5546\u52a1\u9152\u5e97", "order_time": ["2019-01-20 09:05:12"], "total_order": 1, "hotel_value": ["4.0"], "hotel_price": ["59"]}, "1938134": {"hotel_name": "\u83ab\u6cf0168(\u9752\u5c9b\u674e\u6751\u5730\u94c1\u7ad9\u6b65\u884c\u8857\u5e97)", "order_time": ["2019-01-20 09:07:02"], "total_order": 1, "hotel_value": ["4.5"], "hotel_price": ["109"]}, "5463909": {"hotel_name": "\u9752\u5c9b\u8fd0\u6cf0\u5927\u9152\u5e97\uff08\u5d02\u5c71\u4f1a\u5c55\u4e2d\u5fc3\u5e97\uff09", "order_time": ["2019-01-20 09:07:03"], "total_order": 1, "hotel_value": ["4.5"], "hotel_price": ["85"]}, "16127878": {"hotel_name": "\u9752\u5c9b\u73e0\u5c71\u5927\u996d\u5e97", "order_time": ["2019-01-20 09:07:05"], "total_order": 1, "hotel_value": ["4.7"], "hotel_price": ["323"]}, "1259981": {"hotel_name": "\u9752\u5c9b\u4e2d\u5929\u6d77\u666f\u9152\u5e97\uff08\u6808\u6865\u706b\u8f66\u7ad9\u5e97\uff09", "order_time": ["2019-01-20 09:07:05"], "total_order": 1, "hotel_value": ["4.8"], "hotel_price": ["71"]}, "10118500": {"hotel_name": "\u90fd\u5e02118\u7cbe\u9009\u9152\u5e97(\u9752\u5c9b\u5bb6\u4f73\u6e90\u4e00\u54c1\u51a0\u5e97)", "order_time": ["2019-01-20 09:07:06"], "total_order": 1, "hotel_value": ["4.6"], "hotel_price": ["104"]}, "7316689": {"hotel_name": "\u9752\u5c9b\u661f\u9a7f\u8fde\u9501\u9152\u5e97", "order_time": ["2019-01-20 09:07:08"], "total_order": 1, "hotel_value": ["4.8"], "hotel_price": ["69"]}, "1255468": {"hotel_name": "\u6c49\u5ead\u9152\u5e97\uff08\u9752\u5c9b\u6d77\u5c14\u5de5\u4e1a\u56ed\u5730\u94c1\u5927\u53a6\u7ad9\u5e97\uff09\uff08\u539f\u6d77\u5c14\u5de5\u4e1a\u56ed\u5e97\uff09", "order_time": ["2019-01-20 09:07:11"], "total_order": 1, "hotel_value": ["4.3"], "hotel_price": ["170"]}, "2163114": {"hotel_name": "\u5c1a\u5ba2\u4f18\u8fde\u9501\u9152\u5e97(\u83b1\u897f\u70df\u53f0\u8def\u5e97)(\u539f\u4e09\u516d\u4e5d\u5927\u9152\u5e97)", "order_time": ["2019-01-20 09:08:07"], "total_order": 1, "hotel_value": ["4.7"], "hotel_price": ["107"]}, "6825957": {"hotel_name": "\u9752\u5c9b\u7ef4\u591a\u5229\u4e9a\u54c1\u5982\u5bb6\u56ed\u9152\u5e97\u5f0f\u516c\u5bd3", "order_time": ["2019-01-20 09:09:15"], "total_order": 1, "hotel_value": ["4.4"], "hotel_price": ["106"]}, "501895": {"hotel_name": "\u9752\u5c9b\u5b8f\u7a0b\u7ca4\u6d77\u9152\u5e97", "order_time": ["2019-01-20 09:09:17"], "total_order": 1, "hotel_value": ["4.5"], "hotel_price": ["270"]}, "891096": {"hotel_name": "\u84dd\u6d77\u5927\u996d\u5e97(\u9752\u5c9b\u541b\u5cf0\u8def\u5730\u94c1\u7ad9\u5e97)(\u539f\u674e\u6ca7\u5e97)", "order_time": ["2019-01-20 09:09:18"], "total_order": 1, "hotel_value": ["4.6"], "hotel_price": ["356"]}, "446955": {"hotel_name": "\u9752\u5c9b\u5fb7\u7231\u82b1\u56ed\u5927\u9152\u5e97", "order_time": ["2019-01-20 09:09:19"], "total_order": 1, "hotel_value": ["4.2"], "hotel_price": ["143"]}, "660915": {"hotel_name": "\u9752\u5c9b\u4e2d\u4fe1\u8bc1\u5238\u57f9\u8bad\u4e2d\u5fc3", "order_time": ["2019-01-20 09:11:32"], "total_order": 1, "hotel_value": ["4.9"], "hotel_price": ["489"]}, "8953561": {"hotel_name": "\u9752\u5c9b\u4e00\u6240\u5ea6\u5047\u516c\u5bd3(\u68a6\u65f6\u4ee3\u5e7f\u573a\u5e97)", "order_time": ["2019-01-20 09:11:37"], "total_order": 1, "hotel_value": ["4.7"], "hotel_price": ["83"]}, "531745": {"hotel_name": "\u6df1\u84dd\u590d\u5f0f\u516c\u5bd3(\u9752\u5c9b\u4f1a\u5c55\u4e2d\u5fc3\u6d77\u6c34\u6d74\u573a\u56fd\u4fe1)", "order_time": ["2019-01-20 09:13:56"], "total_order": 1, "hotel_value": ["4.6"], "hotel_price": ["138"]}, "1887494": {"hotel_name": "\u9752\u5c9b\u65b0\u9f99\u6e90\u5546\u52a1\u5927\u9152\u5e97", "order_time": ["2019-01-20 09:13:58"], "total_order": 1, "hotel_value": ["3.9"], "hotel_price": ["62"]}, "2935119": {"hotel_name": "\u5609\u5fb7\u591c\u8272\u827a\u672f\u4e3b\u9898\u9152\u5e97(\u9752\u5c9b\u674e\u6751\u5730\u94c1\u6b65\u884c\u8857\u706b\u8f66\u5317\u7ad9\u5e97)", "order_time": ["2019-01-20 09:14:01"], "total_order": 1, "hotel_value": ["4.6"], "hotel_price": ["94"]}, "21780668": {"hotel_name": "\u90fd\u5e02118(\u9752\u5c9b\u5373\u58a8\u5f00\u53d1\u533a\u6cf0\u5c71\u4e8c\u8def\u5e97)", "order_time": ["2019-01-20 09:15:58"], "total_order": 1, "hotel_value": ["4.9"], "hotel_price": ["93"]}, "8806764": {"hotel_name": "\u9752\u5c9b\u4e07\u4e3d\u6d77\u666f\u5ea6\u5047\u516c\u5bd3\u4e2d\u8054\u81ea\u7531\u6e2f\u6e7e\u5e97", "order_time": ["2019-01-20 09:15:58"], "total_order": 1, "hotel_value": ["4.5"], "hotel_price": ["70"]}, "2239071": {"hotel_name": "\u5373\u58a8\u7687\u671d\u5bbe\u9986", "order_time": ["2019-01-20 09:16:02"], "total_order": 1, "hotel_value": ["4.4"], "hotel_price": ["105"]}, "1605351": {"hotel_name": "\u9752\u5c9b\u6d77\u5929\u7fd4\u5927\u9152\u5e97", "order_time": ["2019-01-20 09:16:03"], "total_order": 1, "hotel_value": ["4.0"], "hotel_price": ["134"]}, "5673621": {"hotel_name": "\u90fd\u5e02118\u8fde\u9501\u9152\u5e97(\u9752\u5c9b\u4e1c\u5cb3\u4e2d\u8def\u9690\u73e0\u5730\u94c1\u7ad9\u5e97)(\u539f\u4e07\u8fbe\u8302\u4e1c\u65b9\u5f71\u90fd\u5e97)", "order_time": ["2019-01-20 09:16:10"], "total_order": 1, "hotel_value": ["4.8"], "hotel_price": ["245"]}, "8901473": {"hotel_name": "\u9752\u5c9b\u5c9b\u4e0a\u65f6\u5149\u7cbe\u54c1\u9152\u5e97", "order_time": ["2019-01-20 09:18:08"], "total_order": 1, "hotel_value": ["4.4"], "hotel_price": ["103"]}, "439559": {"hotel_name": "\u6606\u4ed1\u548c\u60a6\u5ea6\u5047\u9152\u5e97(\u9752\u5c9b\u5965\u5e06\u4e2d\u5fc3\u5e97)", "order_time": ["2019-01-20 09:18:09"], "total_order": 1, "hotel_value": ["4.3"], "hotel_price": ["197"]}, "2470071": {"hotel_name": "Q\u52a0\u00b7\u9752\u5c9b\u745e\u8c6a\u5047\u65e5\u6d77\u666f\u5ea6\u5047\u9152\u5e97\u516c\u5bd3", "order_time": ["2019-01-20 09:18:12"], "total_order": 1, "hotel_value": ["4.7"], "hotel_price": ["84"]}, "2139868": {"hotel_name": "7\u5929\u8fde\u9501\u9152\u5e97(\u9752\u5c9b\u5c71\u4e1c\u8def\u4e2d\u592e\u5546\u52a1\u533a\u5e97)", "order_time": ["2019-01-20 09:18:16"], "total_order": 1, "hotel_value": ["3.9"], "hotel_price": ["70"]}, "2006440": {"hotel_name": "\u683c\u6797\u8c6a\u6cf0(\u83b1\u897f\u9999\u6e2f\u8def\u8054\u5bcc\u5e97)", "order_time": ["2019-01-20 09:19:01"], "total_order": 1, "hotel_value": ["4.5"], "hotel_price": ["127"]}, "2587259": {"hotel_name": "\u9752\u5c9b\u6c11\u5bbf\u5bb6\u9152\u5e97\u5f0f\u516c\u5bd3", "order_time": ["2019-01-20 09:19:40"], "total_order": 1, "hotel_value": ["3.8"], "hotel_price": ["68"]}, "2301079": {"hotel_name": "\u7231\u5c0a\u5ba2\u9152\u5e97(\u9752\u5c9b\u516b\u5927\u5173\u5e97)", "order_time": ["2019-01-20 09:20:22"], "total_order": 1, "hotel_value": ["4.6"], "hotel_price": ["104"]}, "19846790": {"hotel_name": "\u7b51\u7f8e\u5370\u8c61\u9152\u5e97\u5f0f\u516c\u5bd3(\u9752\u5c9b\u53f0\u4e1c\u6b65\u884c\u8857\u5e97)", "order_time": ["2019-01-20 09:20:24"], "total_order": 1, "hotel_value": ["4.7"], "hotel_price": ["99"]}, "25393820": {"hotel_name": "\u9752\u5c9b\u4f18\u5c71\u7f8e\u5730\u516c\u5bd3", "order_time": ["2019-01-20 09:20:27"], "total_order": 1, "hotel_value": ["4.9"], "hotel_price": ["103"]}, "995168": {"hotel_name": "\u94f6\u5ea7\u4f73\u9a7f\u9152\u5e97(\u5373\u58a8\u9e64\u5c71\u8def\u4f73\u4e50\u5bb6\u4e8c\u5e97)", "order_time": ["2019-01-20 09:22:39"], "total_order": 1, "hotel_value": ["4.4"], "hotel_price": ["81"]}, "1774898": {"hotel_name": "\u6c49\u5ead\u9152\u5e97(\u9752\u5c9b\u706b\u8f66\u5317\u7ad9\u5e97)", "order_time": ["2019-01-20 09:22:43"], "total_order": 1, "hotel_value": ["4.3"], "hotel_price": ["180"]}, "1219329": {"hotel_name": "\u9752\u5c9b\u5370\u8c61\u4fbf\u6377\u8fde\u9501\u9152\u5e97", "order_time": ["2019-01-20 09:22:46"], "total_order": 1, "hotel_value": ["4.7"], "hotel_price": ["58"]}, "1934416": {"hotel_name": "\u6df1\u84dd\u5047\u65e5\u5ea6\u5047\u5f0f\u516c\u5bd3(\u9752\u5c9b\u5927\u62c7\u6307\u5e7f\u573a\u5e97)", "order_time": ["2019-01-20 09:25:28"], "total_order": 1, "hotel_value": ["4.4"], "hotel_price": ["123"]}, "1730359": {"hotel_name": "\u9752\u5c9b\u5609\u79be\u6cfd\u6da6\u9152\u5e97", "order_time": ["2019-01-20 09:25:33"], "total_order": 1, "hotel_value": ["4.0"], "hotel_price": ["160"]}, "482305": {"hotel_name": "\u5c1a\u5ba2\u4f18\u5feb\u6377\u9152\u5e97(\u9752\u5c9b\u4e39\u6c5f\u8def\u5317\u82d1\u5e97)", "order_time": ["2019-01-20 09:25:38"], "total_order": 1, "hotel_value": ["4.1"], "hotel_price": ["78"]}, "1181372": {"hotel_name": "\u65b0\u4e16\u4f73\u5546\u52a1\u5bbe\u9986(\u9752\u5c9b\u57ce\u9633\u533a)", "order_time": ["2019-01-20 09:25:45"], "total_order": 1, "hotel_value": ["3.8"], "hotel_price": ["98"]}, "1272884": {"hotel_name": "\u83b1\u897f\u60a6\u6d77\u559c\u6765\u9152\u5e97", "order_time": ["2019-01-20 09:26:37"], "total_order": 1, "hotel_value": ["4.4"], "hotel_price": ["292"]}, "791924": {"hotel_name": "\u94f6\u5ea7\u4f73\u9a7f\u9152\u5e97(\u5e73\u5ea6\u5929\u6d25\u8def\u5e97)(\u539f\u8679\u5586\u5546\u52a1\u5bbe\u9986)", "order_time": ["2019-01-20 09:26:46"], "total_order": 1, "hotel_value": ["4.5"], "hotel_price": ["99"]}}}