{"\u5f00\u59cb\u8bb0\u5f55\u65f6\u95f4": "2019-01-06 03:56:28", "\u7ed3\u675f\u8bb0\u5f55\u65f6\u95f4": "2019-01-06 04:56:28", "\u8ba2\u5355\u603b\u589e\u91cf": 29, "item": {"6263824": {"hotel_name": "\u9752\u5c9b\u7d2b\u73a5\u56fd\u9645\u9152\u5e97\u516c\u5bd3", "order_time": ["2019-01-06 03:58:39"], "total_order": 1, "hotel_value": ["4.3"], "hotel_price": ["141"]}, "5152698": {"hotel_name": "\u6854\u5b50\u9152\u5e97\u00b7\u7cbe\u9009(\u9752\u5c9b\u6d77\u5c14\u8def\u5e97)", "order_time": ["2019-01-06 04:00:38"], "total_order": 1, "hotel_value": ["4.9"], "hotel_price": ["265"]}, "371188": {"hotel_name": "\u9752\u5c9b\u9890\u4e2d\u7687\u51a0\u5047\u65e5\u9152\u5e97", "order_time": ["2019-01-06 04:04:38"], "total_order": 1, "hotel_value": ["4.5"], "hotel_price": ["546"]}, "772111": {"hotel_name": "\u9752\u5c9b\u5a01\u65af\u6c40\u9152\u5e97", "order_time": ["2019-01-06 04:04:39", "2019-01-06 04:18:36"], "total_order": 2, "hotel_value": ["4.6", "4.6"], "hotel_price": ["700", "700"]}, "1725945": {"hotel_name": "\u9752\u5c9b\u7acb\u80dc\u6b23\u5927\u9152\u5e97", "order_time": ["2019-01-06 04:08:39"], "total_order": 1, "hotel_value": ["4.8"], "hotel_price": ["119"]}, "8394909": {"hotel_name": "\u5343\u591c\u5ea6\u5047\u516c\u5bd3(\u9752\u5c9b\u6d41\u4ead\u673a\u573a\u5e97)", "order_time": ["2019-01-06 04:20:38"], "total_order": 1, "hotel_value": ["4.5"], "hotel_price": ["112"]}, "4637626": {"hotel_name": "\u4e16\u7eaa\u9e3f\u6cf0\u9152\u5e97\u516c\u5bd3(\u9752\u5c9b\u4e2d\u8054\u81ea\u7531\u6e2f\u6e7e\u5e97)", "order_time": ["2019-01-06 04:30:37"], "total_order": 1, "hotel_value": ["4.6"], "hotel_price": ["65"]}, "25900827": {"hotel_name": "\u53cc\u5b50\u661f\u6d77\u666f\u516c\u5bd3(\u9752\u5c9b\u4f1a\u5c55\u4e2d\u5fc3\u77f3\u8001\u4eba\u6d77\u6c34\u6d74\u573a\u5e97)", "order_time": ["2019-01-06 04:42:41"], "total_order": 1, "hotel_value": [0], "hotel_price": ["183"]}, "1226339": {"hotel_name": "\u9752\u5c9b\u90a3\u9c81\u6e7e\u8f69\u5b87\u670d\u52a1\u516c\u5bd3(\u539f\u8fbe\u4ee4\u6e2f\u8f69\u5b87\u670d\u52a1\u516c\u5bd3)", "order_time": ["2019-01-06 04:44:38"], "total_order": 1, "hotel_value": ["5.0"], "hotel_price": ["104"]}, "21124467": {"hotel_name": "\u9752\u5c9b\u65af\u7ef4\u767b\u7cbe\u54c1\u516c\u5bd3(\u4f1a\u5c55\u4e2d\u5fc3\u77f3\u8001\u4eba\u6d77\u6c34\u6d74\u573a)", "order_time": ["2019-01-06 04:44:47"], "total_order": 1, "hotel_value": ["4.9"], "hotel_price": ["222"]}, "1664209": {"hotel_name": "\u9752\u5c9b\u5929\u745e\u661f\u7a7a\u9152\u5e97", "order_time": ["2019-01-06 04:44:47"], "total_order": 1, "hotel_value": ["4.6"], "hotel_price": ["426"]}, "5930359": {"hotel_name": "\u9752\u5c9b\u91d1\u77f3\u56fd\u9645\u5927\u9152\u5e97", "order_time": ["2019-01-06 04:44:47", "2019-01-06 04:54:36"], "total_order": 2, "hotel_value": ["4.8", "4.8"], "hotel_price": ["367", "367"]}, "5264336": {"hotel_name": "\u9e92\u97f5\u516c\u5bd3(\u9752\u5c9b\u4e07\u8c61\u57ce\u4e94\u56db\u5e7f\u573a\u5965\u5e06\u4e2d\u5fc3\u5e97)", "order_time": ["2019-01-06 04:44:47"], "total_order": 1, "hotel_value": ["4.8"], "hotel_price": ["238"]}, "18034506": {"hotel_name": "\u6c49\u5510\u9152\u5e97(\u9752\u5c9b\u6d41\u4ead\u673a\u573a\u5e97)", "order_time": ["2019-01-06 04:44:47"], "total_order": 1, "hotel_value": ["4.8"], "hotel_price": ["212"]}, "5214763": {"hotel_name": "\u9752\u5c9b\u65af\u7ef4\u767b\u5ea6\u5047\u516c\u5bd3(\u5965\u5e06\u4e94\u56db\u5e7f\u573a\u4e07\u8c61\u57ce)", "order_time": ["2019-01-06 04:44:47"], "total_order": 1, "hotel_value": ["4.8"], "hotel_price": ["267"]}, "438731": {"hotel_name": "\u4e2d\u822a\u7fd4\u901a\u6e38\u8247\u4f1a\u9152\u5e97(\u9752\u5c9b\u5965\u5e06\u4e2d\u5fc3\u4e94\u56db\u5e7f\u573a\u5e97)", "order_time": ["2019-01-06 04:44:47"], "total_order": 1, "hotel_value": ["4.8"], "hotel_price": ["326"]}, "1226388": {"hotel_name": "\u9752\u5c9b\u6db5\u78a7\u697c\u9152\u5e97", "order_time": ["2019-01-06 04:44:47"], "total_order": 1, "hotel_value": ["4.6"], "hotel_price": ["1749"]}, "455485": {"hotel_name": "\u9752\u5c9b\u5e9c\u65b0\u5927\u53a6", "order_time": ["2019-01-06 04:44:47"], "total_order": 1, "hotel_value": ["4.7"], "hotel_price": ["396"]}, "25270439": {"hotel_name": "\u9752\u5c9b\u673a\u573a\u4e16\u7eaa\u516c\u56ed\u4e9a\u6735\u9152\u5e97", "order_time": ["2019-01-06 04:44:47"], "total_order": 1, "hotel_value": ["4.9"], "hotel_price": ["309"]}, "4719799": {"hotel_name": "\u9752\u5c9b\u5965\u5e06\u4e2d\u5fc3\u4e9a\u6735\u9152\u5e97", "order_time": ["2019-01-06 04:44:47"], "total_order": 1, "hotel_value": ["4.8"], "hotel_price": ["316"]}, "6508376": {"hotel_name": "\u6155\u820d\u00b7\u8d1d\u683c\u9152\u5e97\u516c\u5bd3(\u9752\u5c9b\u4e07\u8c61\u57ce\u5965\u5e06\u4e94\u56db\u5e7f\u573a\u5e97)", "order_time": ["2019-01-06 04:44:47"], "total_order": 1, "hotel_value": ["4.9"], "hotel_price": ["258"]}, "992456": {"hotel_name": "\u9752\u5c9b\u540d\u90fd\u51ef\u83b1\u9152\u5e97", "order_time": ["2019-01-06 04:44:47"], "total_order": 1, "hotel_value": ["4.4"], "hotel_price": ["358"]}, "483417": {"hotel_name": "\u9752\u5c9b\u6d77\u90fd\u5927\u9152\u5e97", "order_time": ["2019-01-06 04:44:47"], "total_order": 1, "hotel_value": ["4.6"], "hotel_price": ["306"]}, "535990": {"hotel_name": "\u9752\u5c9b\u8fdc\u6d0b\u5927\u9152\u5e97", "order_time": ["2019-01-06 04:44:47"], "total_order": 1, "hotel_value": ["4.6"], "hotel_price": ["314"]}, "1103123": {"hotel_name": "\u6c49\u5ead\u9152\u5e97(\u9752\u5c9b\u5965\u5e06\u4e2d\u5fc3\u5e97)", "order_time": ["2019-01-06 04:48:36"], "total_order": 1, "hotel_value": ["4.4"], "hotel_price": ["136"]}, "17284887": {"hotel_name": "\u9752\u5c9b\u897f\u6d77\u5cb8\u5510\u5c9b\u6e7e\u516c\u56ed\u4e9a\u6735\u9152\u5e97", "order_time": ["2019-01-06 04:50:37"], "total_order": 1, "hotel_value": ["4.8"], "hotel_price": ["308"]}, "436076": {"hotel_name": "\u9752\u5c9b\u6c47\u6cc9\u738b\u671d\u5927\u996d\u5e97", "order_time": ["2019-01-06 04:50:37"], "total_order": 1, "hotel_value": ["4.3"], "hotel_price": ["472"]}}}