{"\u5f00\u59cb\u8bb0\u5f55\u65f6\u95f4": "2019-01-19 23:15:47", "\u7ed3\u675f\u8bb0\u5f55\u65f6\u95f4": "2019-01-20 00:15:47", "\u8ba2\u5355\u603b\u589e\u91cf": 139, "item": {"427960": {"hotel_name": "\u5982\u5bb6\u5feb\u6377\u9152\u5e97(\u9752\u5c9b\u6d41\u4ead\u673a\u573a\u6c7d\u8f66\u5317\u7ad9\u5e97 )", "order_time": ["2019-01-19 23:18:02"], "total_order": 1, "hotel_value": ["4.4"], "hotel_price": ["128"]}, "1362121": {"hotel_name": "\u90fd\u5e02118(\u9752\u5c9b\u6b63\u9633\u8def\u5229\u7fa4\u5e97)", "order_time": ["2019-01-19 23:18:04"], "total_order": 1, "hotel_value": ["4.4"], "hotel_price": ["128"]}, "996027": {"hotel_name": "\u9752\u5c9b\u91d1\u6c99\u6ee9\u5e0c\u5c14\u987f\u9152\u5e97", "order_time": ["2019-01-19 23:18:05"], "total_order": 1, "hotel_value": ["4.6"], "hotel_price": ["553"]}, "4739087": {"hotel_name": "\u9752\u5c9b\u76ca\u6c11\u5546\u52a1\u5bbe\u9986", "order_time": ["2019-01-19 23:18:14"], "total_order": 1, "hotel_value": ["4.4"], "hotel_price": ["114"]}, "1182386": {"hotel_name": "Inhotels&\u76f8\u9685\u7cbe\u5bbf(\u9752\u5c9b\u4e07\u8c61\u57ce\u5e97)", "order_time": ["2019-01-19 23:20:00"], "total_order": 1, "hotel_value": ["4.5"], "hotel_price": ["104"]}, "2299441": {"hotel_name": "\u9526\u6c5f\u4e4b\u661f(\u9752\u5c9b\u56fd\u9645\u4f1a\u5c55\u4e2d\u5fc3\u6d77\u5c14\u8def\u5e97)", "order_time": ["2019-01-19 23:20:01"], "total_order": 1, "hotel_value": ["4.6"], "hotel_price": ["199"]}, "16900468": {"hotel_name": "\u9752\u5c9b\u4e1c\u65b9\u5f71\u90fd\u878d\u521b\u4e07\u8fbe\u6587\u534e\u9152\u5e97", "order_time": ["2019-01-19 23:20:01"], "total_order": 1, "hotel_value": ["4.6"], "hotel_price": ["3488"]}, "21125543": {"hotel_name": "\u591a\u7ef4\u7a7a\u95f4\u4e3b\u9898\u9152\u5e97(\u9752\u5c9b\u65d7\u8230\u5e97)", "order_time": ["2019-01-19 23:20:02"], "total_order": 1, "hotel_value": ["4.7"], "hotel_price": ["289"]}, "2496851": {"hotel_name": "\u5c1a\u5ba2\u4f18\u5feb\u6377\u9152\u5e97(\u9752\u5c9b\u6d41\u4ead\u673a\u573a\u5e97)", "order_time": ["2019-01-19 23:20:02"], "total_order": 1, "hotel_value": ["4.4"], "hotel_price": ["114"]}, "5249619": {"hotel_name": "\u90fd\u5e02118(\u9752\u5c9b\u91d1\u6c99\u6ee9\u7406\u5de5\u5927\u5b66\u5e97)", "order_time": ["2019-01-19 23:20:05"], "total_order": 1, "hotel_value": ["4.5"], "hotel_price": ["94"]}, "1344272": {"hotel_name": "\u9752\u5c9b\u6d77\u8fb9\u4e4b\u5bb6\u5ea6\u5047\u516c\u5bd3", "order_time": ["2019-01-19 23:20:06"], "total_order": 1, "hotel_value": ["4.9"], "hotel_price": ["119"]}, "1483944": {"hotel_name": "\u9752\u5c9b\u878d\u6d77\u4e16\u56ed\u9152\u5e97", "order_time": ["2019-01-19 23:21:57"], "total_order": 1, "hotel_value": ["4.7"], "hotel_price": ["319"]}, "430840": {"hotel_name": "\u9752\u5c9b\u4e3d\u6676\u5927\u9152\u5e97", "order_time": ["2019-01-19 23:21:57", "2019-01-19 23:23:58"], "total_order": 2, "hotel_value": ["4.5", "4.5"], "hotel_price": ["458", "458"]}, "10186829": {"hotel_name": "\u9526\u6c5f\u90fd\u57ce(\u9752\u5c9b\u65b0\u90fd\u5fc3\u5e97)", "order_time": ["2019-01-19 23:21:57"], "total_order": 1, "hotel_value": ["4.6"], "hotel_price": ["243"]}, "2301079": {"hotel_name": "\u7231\u5c0a\u5ba2\u9152\u5e97(\u9752\u5c9b\u516b\u5927\u5173\u5e97)", "order_time": ["2019-01-19 23:21:58"], "total_order": 1, "hotel_value": ["4.6"], "hotel_price": ["104"]}, "1181681": {"hotel_name": "\u9752\u5c9b\u65af\u7ef4\u767b\u5ea6\u5047\u516c\u5bd3(\u91d1\u6c99\u6ee9\u4e0a\u6d41\u6c47)", "order_time": ["2019-01-19 23:21:58"], "total_order": 1, "hotel_value": ["4.7"], "hotel_price": ["172"]}, "1362922": {"hotel_name": "\u9752\u5c9b\u7ea2\u661f\u6d77\u8fb9\u5ba2\u6808", "order_time": ["2019-01-19 23:21:59"], "total_order": 1, "hotel_value": ["4.3"], "hotel_price": ["184"]}, "458561": {"hotel_name": "\u6c49\u5ead\u9152\u5e97(\u9752\u5c9b\u53f0\u4e1c\u4e07\u8fbe\u5e97)", "order_time": ["2019-01-19 23:22:10"], "total_order": 1, "hotel_value": ["4.7"], "hotel_price": ["151"]}, "385108": {"hotel_name": "\u9752\u5c9b\u6d77\u5c14\u6d32\u9645\u9152\u5e97", "order_time": ["2019-01-19 23:22:19"], "total_order": 1, "hotel_value": ["4.6"], "hotel_price": ["648"]}, "1727504": {"hotel_name": "\u5e73\u5ea6\u5706\u4e2d\u65b9\u5927\u9152\u5e97", "order_time": ["2019-01-19 23:22:19", "2019-01-19 23:28:16"], "total_order": 2, "hotel_value": ["4.7", "4.7"], "hotel_price": ["173", "231"]}, "6284231": {"hotel_name": "\u9752\u5c9b\u745e\u5947\u6d77\u666f\u5ea6\u5047\u516c\u5bd3\u4e2d\u8054\u81ea\u7531\u6e2f\u6e7e\u5e97", "order_time": ["2019-01-19 23:23:58"], "total_order": 1, "hotel_value": ["4.7"], "hotel_price": ["220"]}, "2624847": {"hotel_name": "\u9752\u5c9b\u83ab\u4e3d\u00b7\u7cbe\u9009\u9152\u5e97", "order_time": ["2019-01-19 23:24:00"], "total_order": 1, "hotel_value": ["4.5"], "hotel_price": ["221"]}, "19615245": {"hotel_name": "\u66e6\u9014\u89c2\u6f9c\u6d77\u666f\u5ea6\u5047\u522b\u5885(\u9752\u5c9b\u5965\u5e06\u4e94\u56db\u5e7f\u573a\u5e97)", "order_time": ["2019-01-19 23:24:01"], "total_order": 1, "hotel_value": ["4.9"], "hotel_price": ["20728"]}, "15035923": {"hotel_name": "\u9752\u5c9b\u9c7c\u5c71\u5c0f\u7b51\u798f\u5c71\u652f\u8def\u666e\u901a\u516c\u5bd3", "order_time": ["2019-01-19 23:24:09"], "total_order": 1, "hotel_value": ["4.7"], "hotel_price": ["193"]}, "1872002": {"hotel_name": "\u9752\u6e38\u8bb0(\u81ea\u7531\u884c\u65d7\u8230)\u56fd\u9645\u9752\u5e74\u65c5\u820d(\u9752\u5c9b\u706b\u8f66\u7ad9\u6808\u6865\u5288\u67f4\u9662\u4e2d\u5c71\u8def\u5e97)", "order_time": ["2019-01-19 23:25:59"], "total_order": 1, "hotel_value": ["4.8"], "hotel_price": ["9"]}, "437482": {"hotel_name": "\u9752\u5c9b\u534e\u5ba2\u5ea6\u5047\u9152\u5e97", "order_time": ["2019-01-19 23:26:00"], "total_order": 1, "hotel_value": ["4.6"], "hotel_price": ["149"]}, "427962": {"hotel_name": "\u5b89\u6f9c\u5bbe\u820d\u9152\u5e97(\u9752\u5c9b\u4e1c\u6d77\u4e2d\u8def\u6d77\u6ee8\u5e97)(\u539f\u5965\u5e06\u4e2d\u5fc3\u6781\u5730\u6d77\u6d0b\u4e16\u754c\u5e97)", "order_time": ["2019-01-19 23:26:00"], "total_order": 1, "hotel_value": ["4.3"], "hotel_price": ["89"]}, "16127878": {"hotel_name": "\u9752\u5c9b\u73e0\u5c71\u5927\u996d\u5e97", "order_time": ["2019-01-19 23:26:00"], "total_order": 1, "hotel_value": ["4.7"], "hotel_price": ["287"]}, "659834": {"hotel_name": "\u9e97\u67ab\u9152\u5e97(\u9752\u5c9b\u5317\u7ad9\u56db\u6d41\u5357\u8def\u5e97)(\u539f\u5357\u6d0b\u5927\u9152\u5e97\u9752\u5c9b\u957f\u6c99\u8def\u5e97)", "order_time": ["2019-01-19 23:26:01"], "total_order": 1, "hotel_value": ["4.7"], "hotel_price": ["259"]}, "1306753": {"hotel_name": "\u9752\u5c9b\u51ef\u83b1\u5546\u52a1\u9152\u5e97", "order_time": ["2019-01-19 23:26:02"], "total_order": 1, "hotel_value": ["4.2"], "hotel_price": ["154"]}, "5463838": {"hotel_name": "\u9752\u5c9b\u7761\u673a\u573a\u9152\u5e97", "order_time": ["2019-01-19 23:26:19"], "total_order": 1, "hotel_value": ["4.3"], "hotel_price": ["599"]}, "2732826": {"hotel_name": "\u9752\u5c9b\u6021\u6e05\u99a8\u56ed\u5bbe\u9986", "order_time": ["2019-01-19 23:26:20"], "total_order": 1, "hotel_value": ["4.3"], "hotel_price": ["68"]}, "891096": {"hotel_name": "\u84dd\u6d77\u5927\u996d\u5e97(\u9752\u5c9b\u541b\u5cf0\u8def\u5730\u94c1\u7ad9\u5e97)(\u539f\u674e\u6ca7\u5e97)", "order_time": ["2019-01-20 00:13:57", "2019-01-19 23:27:59"], "total_order": 2, "hotel_value": ["4.6", "4.6"], "hotel_price": ["358", "356"]}, "8657392": {"hotel_name": "\u62dc\u767b\u516c\u5bd3\u00b7\u9752\u5c9b\u77f3\u6cb9\u5927\u5b66\u543e\u60a6\u5e7f\u573a\u5e97(\u539f\u5510\u5c9b\u6e7e\u516c\u56ed\u5e97)", "order_time": ["2019-01-19 23:28:00"], "total_order": 1, "hotel_value": ["4.5"], "hotel_price": ["106"]}, "640472": {"hotel_name": "\u9752\u5c9b\u65af\u7ef4\u767b\u5ea6\u5047\u516c\u5bd3(\u9c81\u90a6\u98ce\u60c5)", "order_time": ["2019-01-19 23:28:00"], "total_order": 1, "hotel_value": ["4.3"], "hotel_price": ["103"]}, "1644015": {"hotel_name": "\u6d77\u68e0\u6e7e\u7cbe\u54c1\u6d77\u666f\u65e5\u79df\u623f(\u9752\u5c9b\u4e00\u5e97)", "order_time": ["2019-01-19 23:28:02"], "total_order": 1, "hotel_value": ["4.9"], "hotel_price": ["118"]}, "6308165": {"hotel_name": "\u501a\u6d77\u5c45\u6d77\u666f\u65e5\u79df\u623f(\u9752\u5c9b\u706b\u8f66\u7ad9\u6808\u6865\u5e97)", "order_time": ["2019-01-19 23:28:08"], "total_order": 1, "hotel_value": ["4.4"], "hotel_price": ["28"]}, "21160142": {"hotel_name": "\u9752\u5c9b\u897f\u6d77\u5cb8\u667a\u9009\u5047\u65e5\u9152\u5e97", "order_time": ["2019-01-19 23:29:58"], "total_order": 1, "hotel_value": ["4.8"], "hotel_price": ["369"]}, "9210540": {"hotel_name": "\u5982\u5bb6\u5546\u65c5\u9152\u5e97(\u9752\u5c9b\u6808\u6865\u706b\u8f66\u7ad9\u5730\u94c1\u7ad9\u5e97)", "order_time": ["2019-01-19 23:29:58"], "total_order": 1, "hotel_value": ["4.7"], "hotel_price": ["113"]}, "1645358": {"hotel_name": "\u81ea\u7531\u884c\u9752\u5e74\u65c5\u793e(\u9752\u5c9b\u6808\u6865\u706b\u8f66\u7ad9\u5e97)", "order_time": ["2019-01-19 23:29:58"], "total_order": 1, "hotel_value": ["4.6"], "hotel_price": ["17"]}, "6263824": {"hotel_name": "\u9752\u5c9b\u7d2b\u73a5\u56fd\u9645\u9152\u5e97\u516c\u5bd3", "order_time": ["2019-01-19 23:29:58"], "total_order": 1, "hotel_value": ["4.3"], "hotel_price": ["145"]}, "5494318": {"hotel_name": "\u9752\u5c9b\u6770\u514b\u00b7\u4e39\u5c3c\u9152\u5e97", "order_time": ["2019-01-19 23:29:59"], "total_order": 1, "hotel_value": ["4.4"], "hotel_price": ["180"]}, "1373267": {"hotel_name": "\u5982\u5bb6\u5feb\u6377\u9152\u5e97(\u9752\u5c9b\u674e\u6751\u5730\u94c1\u7ad9\u6b65\u884c\u8857\u5e97)", "order_time": ["2019-01-19 23:30:00"], "total_order": 1, "hotel_value": ["4.6"], "hotel_price": ["161"]}, "19853118": {"hotel_name": "\u51ef\u66fc\u5ea6\u5047\u516c\u5bd3(\u9752\u5c9b\u5ef6\u5409\u8defCBD\u5e97)", "order_time": ["2019-01-19 23:30:00"], "total_order": 1, "hotel_value": ["4.8"], "hotel_price": ["527"]}, "4739845": {"hotel_name": "\u80f6\u5dde\u9752\u5c9b\u4ed6\u5979\u5ba2\u6808", "order_time": ["2019-01-19 23:30:14"], "total_order": 1, "hotel_value": [0], "hotel_price": ["86"]}, "16018600": {"hotel_name": "\u683c\u6797\u4e1c\u65b9\u9152\u5e97(\u9752\u5c9b\u4e16\u7eaa\u516c\u56ed\u6d41\u4ead\u673a\u573a\u5e97)", "order_time": ["2019-01-19 23:31:58"], "total_order": 1, "hotel_value": ["4.5"], "hotel_price": ["139"]}, "446500": {"hotel_name": "\u7cbe\u9014\u9152\u5e97(\u9752\u5c9b\u56fd\u9645\u4f1a\u5c55\u4e2d\u5fc3\u5e97)(\u539f\u57ce\u5e02\u5bb6\u5546\u52a1\u9152\u5e97\u4f1a\u5c55\u4e2d\u5fc3\u5e97)", "order_time": ["2019-01-19 23:31:58"], "total_order": 1, "hotel_value": ["4.3"], "hotel_price": ["118"]}, "8415426": {"hotel_name": "\u56db\u5b63\u7cbe\u9009\u9152\u5e97(\u9752\u5c9b\u6d41\u4ead\u673a\u573a\u5e97)", "order_time": ["2019-01-19 23:32:03"], "total_order": 1, "hotel_value": ["4.6"], "hotel_price": ["206"]}, "21356980": {"hotel_name": "\u5c0f\u91d1\u9ca4\u6d77\u666f\u516c\u5bd3(\u9752\u5c9b\u5564\u9152\u57ce\u4f1a\u5c55\u4e2d\u5fc3\u5e97)", "order_time": ["2019-01-19 23:32:03"], "total_order": 1, "hotel_value": ["4.9"], "hotel_price": ["258"]}, "8902993": {"hotel_name": "\u4e07\u7231\u60c5\u4fa3\u9152\u5e97(\u9752\u5c9b\u674e\u6751\u6b65\u884c\u8857\u5e97)", "order_time": ["2019-01-19 23:32:03"], "total_order": 1, "hotel_value": ["4.8"], "hotel_price": ["174"]}, "18515525": {"hotel_name": "\u534a\u5c9b\u56fd\u9645\u9152\u5e97(\u9752\u5c9b\u674e\u6751\u5730\u94c1\u7ad9\u5e97)", "order_time": ["2019-01-19 23:34:07"], "total_order": 1, "hotel_value": ["4.6"], "hotel_price": ["239"]}, "21124467": {"hotel_name": "\u9752\u5c9b\u65af\u7ef4\u767b\u7cbe\u54c1\u516c\u5bd3(\u4f1a\u5c55\u4e2d\u5fc3\u77f3\u8001\u4eba\u6d77\u6c34\u6d74\u573a)", "order_time": ["2019-01-19 23:37:56"], "total_order": 1, "hotel_value": ["4.9"], "hotel_price": ["227"]}, "1934416": {"hotel_name": "\u6df1\u84dd\u5047\u65e5\u5ea6\u5047\u5f0f\u516c\u5bd3(\u9752\u5c9b\u5927\u62c7\u6307\u5e7f\u573a\u5e97)", "order_time": ["2019-01-19 23:37:57", "2019-01-19 23:38:04", "2019-01-19 23:37:58", "2019-01-19 23:37:56", "2019-01-19 23:38:00", "2019-01-19 23:38:03", "2019-01-19 23:37:59"], "total_order": 7, "hotel_value": ["4.4", "4.4", "4.4", "4.4", "4.4", "4.4", "4.4"], "hotel_price": ["126", "126", "126", "126", "126", "126", "126"]}, "8681476": {"hotel_name": "\u9752\u5c9b\u8046\u6d77\u94c2\u6708\u6d77\u666f\u5ea6\u5047\u516c\u5bd3", "order_time": ["2019-01-19 23:37:56"], "total_order": 1, "hotel_value": ["4.7"], "hotel_price": ["136"]}, "28761837": {"hotel_name": "\u9752\u5c9b\u9c81\u8bfaR\u9152\u5e97", "order_time": ["2019-01-19 23:37:57"], "total_order": 1, "hotel_value": [0], "hotel_price": ["339"]}, "4645480": {"hotel_name": "\u9752\u5c9b\u67ab\u5ead\u6d77\u666f\u5ea6\u5047\u516c\u5bd3", "order_time": ["2019-01-19 23:39:58"], "total_order": 1, "hotel_value": ["4.7"], "hotel_price": ["150"]}, "1692837": {"hotel_name": "\u5c1a\u5ba2\u4f18\u5feb\u6377\u9152\u5e97(\u9752\u5c9b\u5bcc\u6625\u6c5f\u8def\u957f\u9014\u7ad9\u77f3\u6cb9\u5927\u5b66\u5e97)", "order_time": ["2019-01-19 23:39:58"], "total_order": 1, "hotel_value": ["4.7"], "hotel_price": ["89"]}, "2301077": {"hotel_name": "\u7231\u5c0a\u5ba2\u9152\u5e97(\u9752\u5c9b\u4e94\u56db\u5e7f\u573a\u5e97)", "order_time": ["2019-01-19 23:41:57"], "total_order": 1, "hotel_value": ["4.6"], "hotel_price": ["140"]}, "994086": {"hotel_name": "\u5982\u5bb6\u5feb\u6377\u9152\u5e97(\u9752\u5c9b\u6d77\u5c14\u8def\u5730\u94c1\u7ad9\u9752\u5c71\u8def\u5e97)", "order_time": ["2019-01-19 23:41:57"], "total_order": 1, "hotel_value": ["4.5"], "hotel_price": ["84"]}, "1541913": {"hotel_name": "\u9752\u5c9b\u6c11\u822a\u673a\u573a\u5bbe\u9986", "order_time": ["2019-01-19 23:41:58"], "total_order": 1, "hotel_value": ["4.5"], "hotel_price": ["281"]}, "7690235": {"hotel_name": "Q\u52a0\u00b7\u79a7\u60a6\u5047\u65e5\u9152\u5e97(\u9752\u5c9b\u706b\u8f66\u7ad9\u4e1c\u5e7f\u573a\u6808\u6865\u5e97)(\u539f\u9752\u5c9b\u79a7\u60a6\u5047\u65e5\u9152\u5e97)", "order_time": ["2019-01-19 23:44:01"], "total_order": 1, "hotel_value": ["4.5"], "hotel_price": ["99"]}, "16203907": {"hotel_name": "\u67ab\u53f6\u9152\u5e97\u5f0f\u516c\u5bd3(\u9752\u5c9b\u77f3\u6cb9\u5927\u5b66\u543e\u60a6\u5e7f\u573a\u5e97)", "order_time": ["2019-01-19 23:44:14"], "total_order": 1, "hotel_value": ["4.8"], "hotel_price": ["76"]}, "2018605": {"hotel_name": "\u591a\u7ef4\u7cbe\u54c1\u9152\u5e97(\u9752\u5c9b\u53f0\u4e1c\u5229\u7fa4\u5e97)", "order_time": ["2019-01-19 23:48:05"], "total_order": 1, "hotel_value": ["4.1"], "hotel_price": ["119"]}, "19852075": {"hotel_name": "\u66dc\u77f3\u6d77\u666f\u516c\u5bd3\u9152\u5e97(\u9752\u5c9b\u4f1a\u5c55\u4e2d\u5fc3\u77f3\u8001\u4eba\u6d77\u6c34\u6d74\u573a\u5e97)", "order_time": ["2019-01-19 23:49:57"], "total_order": 1, "hotel_value": ["4.8"], "hotel_price": ["268"]}, "2265976": {"hotel_name": "\u4eac\u82d1\u667a\u5c1a\u8bbe\u8ba1\u9152\u5e97(\u9752\u5c9b\u9999\u6e2f\u4e2d\u8def\u5e97)", "order_time": ["2019-01-19 23:52:04"], "total_order": 1, "hotel_value": ["4.6"], "hotel_price": ["146"]}, "2310196": {"hotel_name": "\u7231\u5c0a\u5ba2\u9152\u5e97(\u9752\u5c9b\u9999\u6c5f\u8def\u5e97)", "order_time": ["2019-01-19 23:54:00"], "total_order": 1, "hotel_value": ["4.4"], "hotel_price": ["63"]}, "427982": {"hotel_name": "\u5982\u5bb6\u5feb\u6377\u9152\u5e97(\u9752\u5c9b\u4e2d\u5c71\u8def\u5fb7\u56fd\u98ce\u60c5\u8857\u5e97)", "order_time": ["2019-01-19 23:54:00"], "total_order": 1, "hotel_value": ["4.5"], "hotel_price": ["84"]}, "8495515": {"hotel_name": "\u9752\u5c9b\u5a01\u5c14\u987f\u6f9c\u5ef7\u6d77\u666f\u5ea6\u5047\u516c\u5bd3", "order_time": ["2019-01-19 23:54:00"], "total_order": 1, "hotel_value": ["4.5"], "hotel_price": ["116"]}, "17263343": {"hotel_name": "\u6162\u5c45\u542c\u6d77\u7cbe\u54c1\u9152\u5e97(\u9752\u5c9b\u543e\u60a6\u5e7f\u573a\u5e97)", "order_time": ["2019-01-19 23:54:00"], "total_order": 1, "hotel_value": ["4.8"], "hotel_price": ["558"]}, "2082416": {"hotel_name": "7\u5929\u8fde\u9501\u9152\u5e97(\u9752\u5c9b\u6d41\u4ead\u673a\u573a\u5e97)", "order_time": ["2019-01-19 23:54:01"], "total_order": 1, "hotel_value": ["4.1"], "hotel_price": ["139"]}, "5085596": {"hotel_name": "\u9526\u6c5f\u4e4b\u661f(\u9752\u5c9b\u6ca7\u53e3\u516c\u56ed\u5e97)", "order_time": ["2019-01-19 23:54:01"], "total_order": 1, "hotel_value": ["4.7"], "hotel_price": ["149"]}, "1700586": {"hotel_name": "\u901f8\u9152\u5e97(\u9752\u5c9b\u80f6\u5357\u65b0\u6c7d\u8f66\u7ad9\u5e97)", "order_time": ["2019-01-19 23:54:01"], "total_order": 1, "hotel_value": ["4.6"], "hotel_price": ["94"]}, "1962590": {"hotel_name": "\u9752\u5c9b\u6709\u7f18\u4eba\u9752\u5e74\u65c5\u820d", "order_time": ["2019-01-19 23:54:02"], "total_order": 1, "hotel_value": ["4.7"], "hotel_price": ["40"]}, "1870250": {"hotel_name": "\u5c1a\u5ba2\u4f18\u5feb\u6377\u9152\u5e97(\u9752\u5c9b\u53f0\u4e1c\u5546\u4e1a\u56ed\u5e97)(\u539f\u5ef6\u5b89\u4e09\u8def\u5e97)", "order_time": ["2019-01-19 23:54:03"], "total_order": 1, "hotel_value": ["3.8"], "hotel_price": ["79"]}, "5076674": {"hotel_name": "\u9752\u5c9b\u8ff7\u4f60\u5c0f\u6808", "order_time": ["2019-01-19 23:54:03"], "total_order": 1, "hotel_value": ["4.4"], "hotel_price": ["71"]}, "23418429": {"hotel_name": "\u9752\u5c9b\u5723\u5229\u9152\u5e97", "order_time": ["2019-01-19 23:55:56"], "total_order": 1, "hotel_value": ["4.6"], "hotel_price": ["107"]}, "8668290": {"hotel_name": "\u6249\u7f26\u9152\u5e97(\u9752\u5c9b\u57ce\u9633\u6625\u548c\u5e7f\u573a\u5e97)", "order_time": ["2019-01-19 23:55:56"], "total_order": 1, "hotel_value": ["4.8"], "hotel_price": ["272"]}, "6000795": {"hotel_name": "\u6b27\u98de\u8fde\u9501\u9152\u5e97(\u9752\u5c9b\u674e\u6751\u6b65\u884c\u8857\u5965\u514b\u65af\u5e7f\u573a\u5e97)", "order_time": ["2019-01-19 23:55:57"], "total_order": 1, "hotel_value": ["4.2"], "hotel_price": ["80"]}, "1708181": {"hotel_name": "\u9752\u5c9b\u98ce\u5c1a\u00b7\u56db\u5b63\u5047\u65e5\u9152\u5e97(\u674e\u6751\u6b65\u884c\u8857\u5965\u514b\u65af\u5e7f\u573a\u5e97)", "order_time": ["2019-01-19 23:55:57"], "total_order": 1, "hotel_value": ["4.3"], "hotel_price": ["74"]}, "1697269": {"hotel_name": "\u9752\u5c9b\u4e16\u82d1\u4e3d\u820d\u5546\u52a1\u9152\u5e97", "order_time": ["2019-01-19 23:55:57"], "total_order": 1, "hotel_value": ["4.1"], "hotel_price": ["140"]}, "23918636": {"hotel_name": "\u6a58\u5b50\u667a\u6167\u516c\u5bd3(\u9752\u5c9b\u84dd\u8272\u7845\u8c37\u5730\u94c1\u7ad9\u5e97)", "order_time": ["2019-01-19 23:55:57"], "total_order": 1, "hotel_value": ["4.4"], "hotel_price": ["183"]}, "11806930": {"hotel_name": "\u591a\u7ef4\u7a7a\u95f4\u4e3b\u9898\u9152\u5e97(\u9752\u5c9b\u674e\u6751\u5730\u94c1\u7ad9\u4eac\u53e3\u8def\u5e97)", "order_time": ["2019-01-19 23:55:57"], "total_order": 1, "hotel_value": ["4.5"], "hotel_price": ["269"]}, "772111": {"hotel_name": "\u9752\u5c9b\u5a01\u65af\u6c40\u9152\u5e97", "order_time": ["2019-01-19 23:56:07"], "total_order": 1, "hotel_value": ["4.6"], "hotel_price": ["665"]}, "17974517": {"hotel_name": "\u5e73\u5ea6\u84dd\u6d77\u94a7\u534e\u5927\u9152\u5e97", "order_time": ["2019-01-19 23:56:07"], "total_order": 1, "hotel_value": ["4.6"], "hotel_price": ["285"]}, "5075928": {"hotel_name": "\u5e73\u5ea6\u4e1c\u83b1\u5927\u9152\u5e97", "order_time": ["2019-01-19 23:56:09"], "total_order": 1, "hotel_value": ["4.6"], "hotel_price": ["193"]}, "486063": {"hotel_name": "\u9752\u5c9b\u56fd\u4fe1\u6d77\u5929\u4f53\u80b2\u4e2d\u5fc3\u9152\u5e97", "order_time": ["2019-01-19 23:57:58"], "total_order": 1, "hotel_value": ["4.5"], "hotel_price": ["190"]}, "430419": {"hotel_name": "\u9752\u5c9b\u4e2d\u5fc3\u5047\u65e5\u9152\u5e97", "order_time": ["2019-01-19 23:57:58"], "total_order": 1, "hotel_value": ["4.7"], "hotel_price": ["512"]}, "430396": {"hotel_name": "\u9752\u5c9b\u5b9d\u9f99\u798f\u670b\u559c\u6765\u767b\u9152\u5e97", "order_time": ["2019-01-19 23:57:58"], "total_order": 1, "hotel_value": ["4.6"], "hotel_price": ["499"]}, "5634587": {"hotel_name": "\u9e97\u67ab\u9152\u5e97(\u9752\u5c9b\u4e94\u56db\u5e7f\u573a\u5e97)(\u539f\u9752\u5c9b\u5b81\u590f\u8def\u5730\u94c1\u7ad9\u5e97)", "order_time": ["2019-01-19 23:57:58"], "total_order": 1, "hotel_value": ["4.7"], "hotel_price": ["308"]}, "1914564": {"hotel_name": "\u5373\u58a8\u8fc8\u8fbe\u5ea6\u5047\u9152\u5e97", "order_time": ["2019-01-19 23:57:58"], "total_order": 1, "hotel_value": ["4.2"], "hotel_price": ["80"]}, "2935119": {"hotel_name": "\u5609\u5fb7\u591c\u8272\u827a\u672f\u4e3b\u9898\u9152\u5e97(\u9752\u5c9b\u674e\u6751\u5730\u94c1\u6b65\u884c\u8857\u706b\u8f66\u5317\u7ad9\u5e97)", "order_time": ["2019-01-19 23:57:58"], "total_order": 1, "hotel_value": ["4.6"], "hotel_price": ["94"]}, "1290135": {"hotel_name": "\u5586\u60a6\u7cbe\u54c1\u8fde\u9501\u9152\u5e97(\u9752\u5c9b\u674e\u6751\u6b65\u884c\u8857\u541b\u5cf0\u8def\u5730\u94c1\u7ad9\u5e97)", "order_time": ["2019-01-19 23:57:58"], "total_order": 1, "hotel_value": ["4.3"], "hotel_price": ["81"]}, "429108": {"hotel_name": "\u9752\u5c9b\u94f6\u6c99\u6ee9\u6e29\u5fb7\u59c6\u81f3\u5c0a\u9152\u5e97", "order_time": ["2019-01-19 23:57:58"], "total_order": 1, "hotel_value": ["4.5"], "hotel_price": ["414"]}, "5306612": {"hotel_name": "\u5c1a\u5ba2\u4f18\u9a8f\u6021\u8fde\u9501\u9152\u5e97(\u9752\u5c9b\u6c7d\u8f66\u5317\u7ad9\u5e97)", "order_time": ["2019-01-19 23:57:58"], "total_order": 1, "hotel_value": ["3.5"], "hotel_price": ["66"]}, "1911247": {"hotel_name": "\u5982\u5bb6\u5feb\u6377\u9152\u5e97(\u9752\u5c9b\u4e94\u56db\u5e7f\u573a\u5965\u5e06\u4e2d\u5fc3\u5e97)(\u539f\u5965\u5e06\u4e2d\u5fc3\u6d77\u4fe1\u5e7f\u573a\u5e97)", "order_time": ["2019-01-19 23:57:58"], "total_order": 1, "hotel_value": ["4.3"], "hotel_price": ["99"]}, "1905455": {"hotel_name": "\u5c1a\u5ba2\u4f18\u5feb\u6377\u9152\u5e97(\u9752\u5c9b\u91d1\u6c99\u6ee9\u859b\u5bb6\u5c9b\u793a\u8303\u5c0f\u533a\u5e97)", "order_time": ["2019-01-19 23:57:58"], "total_order": 1, "hotel_value": ["4.3"], "hotel_price": ["99"]}, "2301689": {"hotel_name": "\u5c1a\u5ba2\u4f18\u5feb\u6377\u9152\u5e97(\u9752\u5c9b\u5f00\u53d1\u533a\u9ec4\u6cb3\u4e2d\u8def\u5e97)", "order_time": ["2019-01-19 23:57:59"], "total_order": 1, "hotel_value": ["3.1"], "hotel_price": ["93"]}, "1390142": {"hotel_name": "\u90fd\u5e02118(\u9752\u5c9b\u91d1\u6c99\u6ee9\u5e97)", "order_time": ["2019-01-19 23:57:59"], "total_order": 1, "hotel_value": ["4.5"], "hotel_price": ["99"]}, "24624112": {"hotel_name": "\u9752\u5c9b\u4e91\u95f4\u5ba2\u6808", "order_time": ["2019-01-19 23:57:59"], "total_order": 1, "hotel_value": ["4.7"], "hotel_price": ["133"]}, "371190": {"hotel_name": "\u9752\u5c9b\u9999\u683c\u91cc\u62c9\u5927\u9152\u5e97", "order_time": ["2019-01-19 23:59:57", "2019-01-19 23:57:59"], "total_order": 2, "hotel_value": ["4.7", "4.7"], "hotel_price": ["689", "689"]}, "393099": {"hotel_name": "\u9752\u5c9b\u5bcc\u529b\u827e\u7f8e\u9152\u5e97", "order_time": ["2019-01-19 23:58:00"], "total_order": 1, "hotel_value": ["4.6"], "hotel_price": ["552"]}, "2620136": {"hotel_name": "7\u5929\u8fde\u9501\u9152\u5e97(\u9752\u5c9b\u674e\u6ca7\u4e07\u8fbe\u5e7f\u573a\u5e97)", "order_time": ["2019-01-19 23:59:57"], "total_order": 1, "hotel_value": ["4.5"], "hotel_price": ["129"]}, "994191": {"hotel_name": "\u5982\u5bb6\u5feb\u6377\u9152\u5e97(\u5373\u58a8\u53e4\u57ce\u9e64\u5c71\u8def\u5e97)", "order_time": ["2019-01-20 00:00:00"], "total_order": 1, "hotel_value": ["4.7"], "hotel_price": ["111"]}, "4328552": {"hotel_name": "\u9752\u5c9b\u4e50\u6e90\u9152\u5e97", "order_time": ["2019-01-20 00:01:58"], "total_order": 1, "hotel_value": ["4.4"], "hotel_price": ["164"]}, "5894597": {"hotel_name": "\u9752\u5c9b\u7ea2\u6811\u6797\u5ea6\u5047\u4e16\u754c(\u73ca\u745a\u9152\u5e97)", "order_time": ["2019-01-20 00:01:58"], "total_order": 1, "hotel_value": ["4.4"], "hotel_price": ["410"]}, "6733958": {"hotel_name": "\u9752\u5c9b\u4e0a\u8302\u9152\u5e97", "order_time": ["2019-01-20 00:01:58"], "total_order": 1, "hotel_value": ["4.6"], "hotel_price": ["238"]}, "1031108": {"hotel_name": "\u9752\u5c9b\u6021\u6e05\u56ed\u5bbe\u9986", "order_time": ["2019-01-20 00:01:58"], "total_order": 1, "hotel_value": ["4.3"], "hotel_price": ["174"]}, "1677774": {"hotel_name": "\u9752\u5c9b\u99a8\u60a6\u8f69\u5ea6\u5047\u516c\u5bd3", "order_time": ["2019-01-20 00:01:58"], "total_order": 1, "hotel_value": ["4.6"], "hotel_price": ["82"]}, "2592432": {"hotel_name": "\u661f\u7a0b\u9152\u5e97(\u9752\u5c9b\u53f0\u4e1c\u6b65\u884c\u8857\u5e97)", "order_time": ["2019-01-20 00:01:59"], "total_order": 1, "hotel_value": ["4.2"], "hotel_price": ["142"]}, "3265800": {"hotel_name": "\u9752\u5c9b\u90a3\u9c81\u6e7e\u6d77\u666f\u5ea6\u5047\u516c\u5bd3", "order_time": ["2019-01-20 00:01:59"], "total_order": 1, "hotel_value": ["4.7"], "hotel_price": ["113"]}, "6067521": {"hotel_name": "Q\u52a0\u00b7\u5fae\u5bb6\u9152\u5e97\u516c\u5bd3(\u9752\u5c9b\u4e94\u56db\u5e7f\u573a\u5e97)", "order_time": ["2019-01-20 00:01:59"], "total_order": 1, "hotel_value": ["4.8"], "hotel_price": ["203"]}, "1448742": {"hotel_name": "\u683c\u6797\u8c6a\u6cf0\u9152\u5e97(\u9752\u5c9b\u5f00\u53d1\u533a\u6b66\u5937\u5c71\u8def\u4f73\u4e16\u5ba2\u8d2d\u7269\u4e2d\u5fc3\u5e97)", "order_time": ["2019-01-20 00:01:59"], "total_order": 1, "hotel_value": ["4.6"], "hotel_price": ["94"]}, "346318": {"hotel_name": "\u9752\u5c9b\u80f6\u5dde\u7eff\u57ce\u559c\u6765\u767b\u9152\u5e97", "order_time": ["2019-01-20 00:02:08"], "total_order": 1, "hotel_value": ["4.6"], "hotel_price": ["399"]}, "698938": {"hotel_name": "\u9752\u5c9b\u4e16\u56ed\u5047\u65e5\u9152\u5e97", "order_time": ["2019-01-20 00:03:57"], "total_order": 1, "hotel_value": ["4.7"], "hotel_price": ["534"]}, "430544": {"hotel_name": "\u9752\u5c9b\u5feb\u901a\u56fd\u9645\u9152\u5e97", "order_time": ["2019-01-20 00:03:57"], "total_order": 1, "hotel_value": ["4.5"], "hotel_price": ["270"]}, "18429092": {"hotel_name": "Q\u52a0\u00b7\u767e\u60a6\u5ea6\u5047\u516c\u5bd3(\u9752\u5c9b\u5965\u5e06\u5e97)", "order_time": ["2019-01-20 00:03:58"], "total_order": 1, "hotel_value": ["4.6"], "hotel_price": ["189"]}, "450923": {"hotel_name": "\u9752\u5c9b\u4e16\u7eaa\u6d77\u4e30\u5927\u9152\u5e97", "order_time": ["2019-01-20 00:05:56"], "total_order": 1, "hotel_value": ["4.7"], "hotel_price": ["256"]}, "801573": {"hotel_name": "\u9752\u5c9b\u5eb7\u5927\u8c6a\u751f\u5927\u9152\u5e97", "order_time": ["2019-01-20 00:05:56"], "total_order": 1, "hotel_value": ["4.7"], "hotel_price": ["394"]}, "994087": {"hotel_name": "\u5982\u5bb6\u5feb\u6377\u9152\u5e97(\u9752\u5c9b\u4e2d\u5c71\u8def\u5288\u67f4\u9662\u5e97)", "order_time": ["2019-01-20 00:05:57"], "total_order": 1, "hotel_value": ["4.4"], "hotel_price": ["78"]}, "532185": {"hotel_name": "\u9752\u5c9b\u6d77\u60c5\u5927\u9152\u5e97", "order_time": ["2019-01-20 00:07:59"], "total_order": 1, "hotel_value": ["4.6"], "hotel_price": ["399"]}, "6107278": {"hotel_name": "\u5c1a\u5ba2\u4f18\u7cbe\u9009\u9152\u5e97(\u9752\u5c9b\u5373\u58a8\u5f00\u53d1\u533a\u65b0\u653f\u5e9c\u5e97)(\u539f\u8fbd\u6cb3\u4e00\u8def\u5e97)", "order_time": ["2019-01-20 00:09:59"], "total_order": 1, "hotel_value": ["4.0"], "hotel_price": ["93"]}, "8358075": {"hotel_name": "\u9752\u5c9b\u65af\u7c73\u5170\u6d77\u666f\u5ea6\u5047\u516c\u5bd3\u4e2d\u8054\u81ea\u7531\u6e2f\u6e7e\u5e97", "order_time": ["2019-01-20 00:09:59", "2019-01-20 00:13:58"], "total_order": 2, "hotel_value": ["4.7", "4.7"], "hotel_price": ["76", "76"]}, "2136286": {"hotel_name": "\u9752\u5c9b\u7f8e\u5885\u5047\u671f\u9152\u5e9730\u53f7\u6d77\u8fb9\u522b\u5885", "order_time": ["2019-01-20 00:11:56"], "total_order": 1, "hotel_value": ["4.9"], "hotel_price": ["295"]}, "5524393": {"hotel_name": "\u9752\u5c9b\u9c81\u90a6\u7231\u5bb6\u516c\u5bd3", "order_time": ["2019-01-20 00:11:58"], "total_order": 1, "hotel_value": ["4.3"], "hotel_price": ["88"]}, "3733536": {"hotel_name": "\u5e73\u5ea6\u7269\u8d44\u5bbe\u9986", "order_time": ["2019-01-20 00:12:06"], "total_order": 1, "hotel_value": ["4.5"], "hotel_price": ["115"]}, "2045313": {"hotel_name": "\u5c1a\u5ba2\u4f18\u5feb\u6377\u9152\u5e97(\u5e73\u5ea6\u4eba\u6c11\u8def\u5e97)", "order_time": ["2019-01-20 00:12:06"], "total_order": 1, "hotel_value": ["4.3"], "hotel_price": ["111"]}, "19869842": {"hotel_name": "\u534e\u9a7f\u9152\u5e97(\u9752\u5c9b\u79d1\u6280\u5927\u5b66\u5468\u53e3\u8def\u5e97)", "order_time": ["2019-01-20 00:13:57"], "total_order": 1, "hotel_value": ["4.7"], "hotel_price": ["98"]}, "2513230": {"hotel_name": "\u9752\u5c9b\u65af\u7ef4\u767b\u5ea6\u5047\u516c\u5bd3(\u91d1\u6c99\u6ee9\u5c71\u6d77\u6e7e)", "order_time": ["2019-01-20 00:13:58"], "total_order": 1, "hotel_value": ["4.3"], "hotel_price": ["131"]}}}