{"\u5f00\u59cb\u8bb0\u5f55\u65f6\u95f4": "2019-01-18 18:52:05", "\u7ed3\u675f\u8bb0\u5f55\u65f6\u95f4": "2019-01-18 19:58:24", "\u8ba2\u5355\u603b\u589e\u91cf": 290, "item": {"428592": {"hotel_name": "\u9752\u5c9b\u9c81\u5546\u51ef\u60a6\u9152\u5e97", "order_time": ["2019-01-18 18:54:21", "2019-01-18 19:04:44"], "total_order": 2, "hotel_value": ["4.6", "4.6"], "hotel_price": ["748", "748"]}, "21330990": {"hotel_name": "\u6cca\u5c45\u7cbe\u6808(\u9752\u5c9b\u9999\u6e2f\u4e2d\u8def\u4e94\u56db\u5e7f\u573a\u5e97)", "order_time": ["2019-01-18 18:54:21"], "total_order": 1, "hotel_value": ["4.3"], "hotel_price": ["239"]}, "1815658": {"hotel_name": "\u5723\u5fb7\u5c45\u5546\u52a1\u9152\u5e97(\u9752\u5c9b\u706b\u8f66\u5317\u7ad9\u5e97)", "order_time": ["2019-01-18 19:11:22", "2019-01-18 19:24:51", "2019-01-18 18:54:22", "2019-01-18 19:31:27"], "total_order": 4, "hotel_value": ["4.4", "4.4", "4.4", "4.4"], "hotel_price": ["107", "107", "107", "127"]}, "1871054": {"hotel_name": "\u94c2\u6e2f\u6d77\u666f\u5ea6\u5047\u516c\u5bd3(\u9752\u5c9b\u90a3\u9c81\u6e7e\u5e97)", "order_time": ["2019-01-18 18:54:23"], "total_order": 1, "hotel_value": ["4.3"], "hotel_price": ["114"]}, "16018600": {"hotel_name": "\u683c\u6797\u4e1c\u65b9\u9152\u5e97(\u9752\u5c9b\u4e16\u7eaa\u516c\u56ed\u6d41\u4ead\u673a\u573a\u5e97)", "order_time": ["2019-01-18 18:54:24"], "total_order": 1, "hotel_value": ["4.5"], "hotel_price": ["139"]}, "21724133": {"hotel_name": "\u5c1a\u5ba2\u4f18\u54c1\u9152\u5e97(\u80f6\u5dde\u5170\u5dde\u4e1c\u8def\u65b0\u6c7d\u8f66\u7ad9\u5e97)", "order_time": ["2019-01-18 18:54:36"], "total_order": 1, "hotel_value": ["4.8"], "hotel_price": ["137"]}, "371190": {"hotel_name": "\u9752\u5c9b\u9999\u683c\u91cc\u62c9\u5927\u9152\u5e97", "order_time": ["2019-01-18 18:56:20", "2019-01-18 19:04:37"], "total_order": 2, "hotel_value": ["4.7", "4.7"], "hotel_price": ["690", "690"]}, "1504359": {"hotel_name": "\u83ab\u6cf0168(\u9752\u5c9b\u80f6\u5357\u4eba\u6c11\u8def\u5546\u4e1a\u8857\u5e97)", "order_time": ["2019-01-18 18:56:20"], "total_order": 1, "hotel_value": ["4.5"], "hotel_price": ["103"]}, "5073205": {"hotel_name": "\u9752\u5c9b\u6df1\u84dd\u661f\u5546\u52a1\u9152\u5e97", "order_time": ["2019-01-18 18:56:20"], "total_order": 1, "hotel_value": ["4.7"], "hotel_price": ["154"]}, "1861303": {"hotel_name": "\u7ea2\u6795\u5b89\u60a6\u8fde\u9501\u9152\u5e97(\u9752\u5c9b\u670d\u88c5\u5de5\u4e1a\u56ed\u5e97)(\u539f\u5efa\u90a6\u5373\u58f9\u5609\u8fde\u9501\u9152\u5e97)", "order_time": ["2019-01-18 18:56:21"], "total_order": 1, "hotel_value": ["4.7"], "hotel_price": ["136"]}, "4363980": {"hotel_name": "\u540e\u6d77\u84dd\u6e7e\u5feb\u6377\u9152\u5e97(\u9752\u5c9b\u706b\u8f66\u5317\u7ad9\u5e97)", "order_time": ["2019-01-18 18:56:22"], "total_order": 1, "hotel_value": ["4.1"], "hotel_price": ["89"]}, "21904736": {"hotel_name": "\u9752\u5c9b\u683c\u5170\u7535\u5f71\u9152\u5e97", "order_time": ["2019-01-18 18:56:22"], "total_order": 1, "hotel_value": ["4.6"], "hotel_price": ["134"]}, "5194583": {"hotel_name": "\u9601\u99a8\u9152\u5e97(\u9752\u5c9b\u519c\u4e1a\u5927\u5b66\u5e97)", "order_time": ["2019-01-18 18:56:23"], "total_order": 1, "hotel_value": ["4.4"], "hotel_price": ["192"]}, "5085596": {"hotel_name": "\u9526\u6c5f\u4e4b\u661f(\u9752\u5c9b\u6ca7\u53e3\u516c\u56ed\u5e97)", "order_time": ["2019-01-18 19:24:52", "2019-01-18 18:56:23"], "total_order": 2, "hotel_value": ["4.7", "4.7"], "hotel_price": ["149", "149"]}, "5075928": {"hotel_name": "\u5e73\u5ea6\u4e1c\u83b1\u5927\u9152\u5e97", "order_time": ["2019-01-18 18:56:44"], "total_order": 1, "hotel_value": ["4.6"], "hotel_price": ["193"]}, "2163950": {"hotel_name": "\u83b1\u897f\u8c6a\u79a7\u6765\u5546\u52a1\u9152\u5e97", "order_time": ["2019-01-18 18:56:45"], "total_order": 1, "hotel_value": ["4.6"], "hotel_price": ["94"]}, "18515525": {"hotel_name": "\u534a\u5c9b\u56fd\u9645\u9152\u5e97(\u9752\u5c9b\u674e\u6751\u5730\u94c1\u7ad9\u5e97)", "order_time": ["2019-01-18 18:58:26"], "total_order": 1, "hotel_value": ["4.5"], "hotel_price": ["184"]}, "443607": {"hotel_name": "\u9752\u5c9b\u6052\u90fd\u884c\u653f\u9152\u5e97", "order_time": ["2019-01-18 18:58:28"], "total_order": 1, "hotel_value": ["4.1"], "hotel_price": ["81"]}, "1316324": {"hotel_name": "\u6c49\u5ead\u9152\u5e97(\u5373\u58a8\u5b9d\u9f99\u5e7f\u573a\u5e97)", "order_time": ["2019-01-18 18:58:28"], "total_order": 1, "hotel_value": ["4.6"], "hotel_price": ["161"]}, "654770": {"hotel_name": "\u9752\u5c9b\u4e3d\u5929\u5927\u9152\u5e97", "order_time": ["2019-01-18 18:58:28"], "total_order": 1, "hotel_value": ["4.8"], "hotel_price": ["322"]}, "20028061": {"hotel_name": "\u7eff\u5cf0\u96c5\u9601\u5ea6\u5047\u516c\u5bd3(\u9752\u5c9b\u4f1a\u5c55\u4e2d\u5fc3\u77f3\u8001\u4eba\u6d77\u6c34\u6d74\u573a\u5e97)", "order_time": ["2019-01-18 19:15:56", "2019-01-18 18:58:28"], "total_order": 2, "hotel_value": ["4.8", "4.8"], "hotel_price": ["209", "213"]}, "486063": {"hotel_name": "\u9752\u5c9b\u56fd\u4fe1\u6d77\u5929\u4f53\u80b2\u4e2d\u5fc3\u9152\u5e97", "order_time": ["2019-01-18 18:58:28"], "total_order": 1, "hotel_value": ["4.5"], "hotel_price": ["190"]}, "438764": {"hotel_name": "\u9752\u5c9b\u56fd\u4fe1\u6d77\u5929\u5927\u5267\u9662\u9152\u5e97", "order_time": ["2019-01-18 19:15:56", "2019-01-18 18:58:28", "2019-01-18 19:11:27"], "total_order": 3, "hotel_value": ["4.7", "4.7", "4.7"], "hotel_price": ["268", "268", "268"]}, "393099": {"hotel_name": "\u9752\u5c9b\u5bcc\u529b\u827e\u7f8e\u9152\u5e97", "order_time": ["2019-01-18 18:58:29"], "total_order": 1, "hotel_value": ["4.6"], "hotel_price": ["560"]}, "1606905": {"hotel_name": "\u9752\u5c9b\u5174\u5b89\u5927\u9152\u5e97", "order_time": ["2019-01-18 18:58:30"], "total_order": 1, "hotel_value": ["4.4"], "hotel_price": ["134"]}, "1230459": {"hotel_name": "\u5373\u58a8\u534e\u5ba2\u5bb6\u5bbe\u9986", "order_time": ["2019-01-18 18:58:30"], "total_order": 1, "hotel_value": ["3.7"], "hotel_price": ["78"]}, "1886446": {"hotel_name": "\u7231\u820d\u7a7a\u95f4\u5546\u52a1\u9152\u5e97(\u9752\u5c9b\u5c1a\u6ea2\u5e97)", "order_time": ["2019-01-18 18:58:31", "2019-01-18 19:16:06"], "total_order": 2, "hotel_value": ["4.5", "4.5"], "hotel_price": ["93", "93"]}, "986295": {"hotel_name": "\u84dd\u6d77\u5927\u996d\u5e97(\u9752\u5c9b\u5d02\u5c71\u5e97)", "order_time": ["2019-01-18 18:58:32"], "total_order": 1, "hotel_value": ["4.7"], "hotel_price": ["466"]}, "16081635": {"hotel_name": "\u9752\u5c9b\u5e0c\u671b\u4f60\u559c\u6b22\u6d77\u666f\u516c\u5bd3", "order_time": ["2019-01-18 18:58:32"], "total_order": 1, "hotel_value": ["4.6"], "hotel_price": ["233"]}, "23675549": {"hotel_name": "\u9047\u89c1\u9752\u5c9b\u6d77\u666f\u5ea6\u5047\u516c\u5bd3(\u9752\u5c9b\u4e2d\u8054\u81ea\u7531\u6e2f\u6e7e\u5e97)", "order_time": ["2019-01-18 18:58:32"], "total_order": 1, "hotel_value": ["4.9"], "hotel_price": ["103"]}, "428024": {"hotel_name": "\u5982\u5bb6\u5feb\u6377\u9152\u5e97(\u9752\u5c9b\u53f0\u4e1c\u5546\u4e1a\u533a\u6d77\u4fe1\u7acb\u4ea4\u6865\u6851\u6893\u8def\u5e97)", "order_time": ["2019-01-18 18:58:32"], "total_order": 1, "hotel_value": ["4.4"], "hotel_price": ["89"]}, "1261482": {"hotel_name": "\u90fd\u5e02\u4f18\u54c1\u9152\u5e97(\u9752\u5c9b\u4e16\u56ed\u4f1a\u5e7f\u573a\u5e97)", "order_time": ["2019-01-18 18:58:36"], "total_order": 1, "hotel_value": ["3.6"], "hotel_price": ["154"]}, "772111": {"hotel_name": "\u9752\u5c9b\u5a01\u65af\u6c40\u9152\u5e97", "order_time": ["2019-01-18 18:59:09"], "total_order": 1, "hotel_value": ["4.6"], "hotel_price": ["630"]}, "23227885": {"hotel_name": "\u9752\u5c9b\u683c\u96f7\u65af\u7cbe\u9009\u9152\u5e97", "order_time": ["2019-01-18 19:00:27"], "total_order": 1, "hotel_value": ["4.8"], "hotel_price": ["243"]}, "438731": {"hotel_name": "\u4e2d\u822a\u7fd4\u901a\u6e38\u8247\u4f1a\u9152\u5e97(\u9752\u5c9b\u5965\u5e06\u4e2d\u5fc3\u4e94\u56db\u5e7f\u573a\u5e97)", "order_time": ["2019-01-18 19:00:28"], "total_order": 1, "hotel_value": ["4.8"], "hotel_price": ["356"]}, "4719799": {"hotel_name": "\u9752\u5c9b\u5965\u5e06\u4e94\u56db\u5e7f\u573a\u4e9a\u6735\u9152\u5e97(\u539f\u5965\u5e06\u4e2d\u5fc3\u5e97)", "order_time": ["2019-01-18 19:00:28"], "total_order": 1, "hotel_value": ["4.8"], "hotel_price": ["298"]}, "1610327": {"hotel_name": "\u6c49\u5ead\u9152\u5e97(\u9752\u5c9b\u53f0\u4e1c\u5a01\u6d77\u8def\u5e97)(\u539f\u53f0\u4e1c\u5564\u9152\u8857\u5e97)", "order_time": ["2019-01-18 19:00:28"], "total_order": 1, "hotel_value": ["4.6"], "hotel_price": ["132"]}, "2140433": {"hotel_name": "\u683c\u6797\u8054\u76df\u9152\u5e97(\u9752\u5c9b\u4e50\u5ba2\u57ce\u674e\u6751\u5730\u94c1\u7ad9\u5e97)", "order_time": ["2019-01-18 19:00:29"], "total_order": 1, "hotel_value": ["4.4"], "hotel_price": ["97"]}, "1568373": {"hotel_name": "\u9752\u5c9b\u94c2\u91d1\u4e3b\u9898\u9152\u5e97(\u674e\u6751\u6b65\u884c\u8857\u5e97)", "order_time": ["2019-01-18 19:00:29", "2019-01-18 19:56:43"], "total_order": 2, "hotel_value": ["3.7", "3.7"], "hotel_price": ["71", "71"]}, "451125": {"hotel_name": "\u90fd\u5e02118(\u9752\u5c9b\u4e95\u5188\u5c71\u8def\u5e97)", "order_time": ["2019-01-18 19:00:30"], "total_order": 1, "hotel_value": ["4.5"], "hotel_price": ["69"]}, "6838355": {"hotel_name": "\u5170\u6b27\u9152\u5e97(\u9752\u5c9b\u4e94\u56db\u5e7f\u573a\u5e97)(\u539f\u65b0\u4e1c\u5927\u9152\u5e97)", "order_time": ["2019-01-18 19:29:10", "2019-01-18 19:09:10", "2019-01-18 19:00:30", "2019-01-18 19:16:01"], "total_order": 4, "hotel_value": ["5.0", "5.0", "5.0", "5.0"], "hotel_price": ["353", "353", "353", "353"]}, "4154655": {"hotel_name": "\u9752\u5c9b\u56db\u5b63\u6d77\u5cb8\u6d77\u666f\u5ea6\u5047\u516c\u5bd3", "order_time": ["2019-01-18 19:00:30", "2019-01-18 19:04:47"], "total_order": 2, "hotel_value": ["4.7", "4.7"], "hotel_price": ["301", "301"]}, "1871551": {"hotel_name": "\u9752\u5c9b\u76c8\u5ba2\u4f73\u9a7f\u5546\u52a1\u9152\u5e97", "order_time": ["2019-01-18 19:00:33"], "total_order": 1, "hotel_value": ["4.5"], "hotel_price": ["69"]}, "1243338": {"hotel_name": "\u5373\u58a8\u56db\u6d77\u5546\u52a1\u5bbe\u9986", "order_time": ["2019-01-18 19:00:33"], "total_order": 1, "hotel_value": ["4.3"], "hotel_price": ["119"]}, "8670998": {"hotel_name": "\u9752\u5c9b\u767e\u8109\u660e\u73e0\u82b1\u56ed\u9152\u5e97", "order_time": ["2019-01-18 19:00:34"], "total_order": 1, "hotel_value": ["4.6"], "hotel_price": ["89"]}, "1400563": {"hotel_name": "\u53ef\u4e34\u5b81\u8fde\u9501\u9152\u5e97(\u9752\u5c9b\u6b63\u9633\u4e1c\u8def\u5e97)(\u539f\u5c1a\u8c6a\u5c45\u5546\u52a1\u9152\u5e97)", "order_time": ["2019-01-18 19:49:46", "2019-01-18 19:00:34"], "total_order": 2, "hotel_value": ["4.1", "4.1"], "hotel_price": ["80", "80"]}, "2393743": {"hotel_name": "\u5373\u58a8\u6d77\u4e4b\u604b\u5bbe\u9986", "order_time": ["2019-01-18 19:00:35"], "total_order": 1, "hotel_value": ["4.4"], "hotel_price": ["80"]}, "427837": {"hotel_name": "\u83ab\u6cf0168(\u9752\u5c9b\u4e2d\u5c71\u8def\u5546\u4e1a\u8857\u6808\u6865\u5e97)", "order_time": ["2019-01-18 19:00:36"], "total_order": 1, "hotel_value": ["4.4"], "hotel_price": ["78"]}, "6114888": {"hotel_name": "\u5982\u5bb6\u5546\u65c5\u9152\u5e97(\u9752\u5c9b\u9ec4\u5c9b\u8463\u5bb6\u53e3\u6e2f\u6cca\u91cc\u5730\u94c1\u7ad9\u5e97)", "order_time": ["2019-01-18 19:00:39"], "total_order": 1, "hotel_value": ["4.8"], "hotel_price": ["151"]}, "1618209": {"hotel_name": "\u81ea\u7531\u884c\u521b\u5ba2\u9752\u5e74\u65c5\u820d(\u9752\u5c9b\u706b\u8f66\u7ad9\u4e2d\u5c71\u8def\u5e97)(\u539f\u9f99\u798f\u7965\u5bbe\u9986)", "order_time": ["2019-01-18 19:00:40"], "total_order": 1, "hotel_value": ["4.9"], "hotel_price": ["6"]}, "1344232": {"hotel_name": "\u5bb6\u5ba2100\u8fde\u9501\u5bbe\u9986(\u9752\u5c9b\u6c7d\u8f66\u5317\u7ad9\u5e97)", "order_time": ["2019-01-18 19:00:43"], "total_order": 1, "hotel_value": ["3.2"], "hotel_price": ["83"]}, "4328552": {"hotel_name": "\u9752\u5c9b\u4e50\u6e90\u9152\u5e97", "order_time": ["2019-01-18 19:02:32"], "total_order": 1, "hotel_value": ["4.4"], "hotel_price": ["164"]}, "1290135": {"hotel_name": "\u5586\u60a6\u7cbe\u54c1\u8fde\u9501\u9152\u5e97(\u9752\u5c9b\u674e\u6751\u6b65\u884c\u8857\u541b\u5cf0\u8def\u5730\u94c1\u7ad9\u5e97)", "order_time": ["2019-01-18 19:02:35"], "total_order": 1, "hotel_value": ["4.2"], "hotel_price": ["91"]}, "2148768": {"hotel_name": "\u9752\u5c9b\u5609\u6da6\u548c\u5ea6\u5047\u516c\u5bd3", "order_time": ["2019-01-18 19:02:37"], "total_order": 1, "hotel_value": ["4.5"], "hotel_price": ["92"]}, "4014540": {"hotel_name": "\u4f34\u6d77\u65f6\u5149\u7cbe\u54c1\u6d77\u666f\u5ea6\u5047\u516c\u5bd3(\u9752\u5c9b\u90a3\u9c81\u6e7e\u5e97)", "order_time": ["2019-01-18 19:02:39"], "total_order": 1, "hotel_value": ["4.8"], "hotel_price": ["131"]}, "6469561": {"hotel_name": "\u9752\u5c9b\u5141\u6069\u884c\u653f\u670d\u52a1\u516c\u5bd3", "order_time": ["2019-01-18 19:02:41"], "total_order": 1, "hotel_value": ["4.7"], "hotel_price": ["223"]}, "443976": {"hotel_name": "\u90fd\u5e02118(\u9752\u5c9b\u674e\u6ca7\u6b65\u884c\u8857\u5e97)", "order_time": ["2019-01-18 19:49:45", "2019-01-18 19:04:36"], "total_order": 2, "hotel_value": ["4.6", "4.6"], "hotel_price": ["70", "70"]}, "8870574": {"hotel_name": "\u745e\u666e\u5170\u987f\u81f3\u5c0a\u9152\u5e97\u00b7\u9752\u5c9b\u5609\u5e74\u534e\u5e97", "order_time": ["2019-01-18 19:24:51", "2019-01-18 19:04:38", "2019-01-18 19:20:39"], "total_order": 3, "hotel_value": ["4.5", "4.5", "4.5"], "hotel_price": ["124", "124", "124"]}, "23472335": {"hotel_name": "\u7f8e\u8c6a\u4e3d\u81f4\u9152\u5e97(\u9752\u5c9b\u5e97)", "order_time": ["2019-01-18 19:36:06", "2019-01-18 19:38:17", "2019-01-18 19:11:27", "2019-01-18 19:04:42"], "total_order": 4, "hotel_value": ["4.8", "4.8", "4.8", "4.8"], "hotel_price": ["358", "358", "358", "358"]}, "1502061": {"hotel_name": "\u5982\u5bb6\u5feb\u6377\u9152\u5e97(\u9752\u5c9b\u674e\u6ca7\u5cf0\u5c71\u8def\u6b65\u884c\u8857\u5e97)", "order_time": ["2019-01-18 19:04:43"], "total_order": 1, "hotel_value": ["4.5"], "hotel_price": ["118"]}, "1664209": {"hotel_name": "\u9752\u5c9b\u5929\u745e\u661f\u7a7a\u9152\u5e97", "order_time": ["2019-01-18 19:04:44"], "total_order": 1, "hotel_value": ["4.6"], "hotel_price": ["440"]}, "8417192": {"hotel_name": "\u9752\u5c9b\u82b1\u6735\u5feb\u6377\u9152\u5e97", "order_time": ["2019-01-18 19:04:47"], "total_order": 1, "hotel_value": ["4.4"], "hotel_price": ["154"]}, "4725953": {"hotel_name": "\u9526\u6c5f\u90fd\u57ce\u9152\u5e97(\u9752\u5c9b\u57ce\u9633\u533a\u653f\u5e9c\u5e97)", "order_time": ["2019-01-18 19:04:47"], "total_order": 1, "hotel_value": ["4.6"], "hotel_price": ["236"]}, "8871600": {"hotel_name": "\u9752\u5c9b\u705c\u4e4b\u6c64\u6d77\u666f\u5ea6\u5047\u9152\u5e97", "order_time": ["2019-01-18 19:22:49", "2019-01-18 19:04:47"], "total_order": 2, "hotel_value": ["4.8", "4.8"], "hotel_price": ["338", "338"]}, "8576043": {"hotel_name": "\u7f8e\u5bbf\u5047\u65e5\u6d77\u666f\u9152\u5e97(\u9752\u5c9b\u543e\u60a6\u5e7f\u573a\u5e97)(\u539f\u7f8e\u5bbf\u5047\u65e5\u9152\u5e97)", "order_time": ["2019-01-18 19:38:17", "2019-01-18 19:04:47"], "total_order": 2, "hotel_value": ["4.6", "4.6"], "hotel_price": ["125", "125"]}, "2582773": {"hotel_name": "\u6c49\u5ead\u9152\u5e97(\u9752\u5c9b\u706b\u8f66\u7ad9\u4e1c\u5e7f\u573a\u5e97)", "order_time": ["2019-01-18 19:04:47"], "total_order": 1, "hotel_value": ["4.4"], "hotel_price": ["123"]}, "17371411": {"hotel_name": "\u9752\u5c9b\u4e1c\u65b9\u5f71\u90fd\u878d\u521b\u7687\u51a0\u5047\u65e5\u9152\u5e97(\u539f\u4e1c\u65b9\u5f71\u90fd\u4e07\u8fbe\u7687\u51a0\u5047\u65e5\u9152\u5e97)", "order_time": ["2019-01-18 19:04:47"], "total_order": 1, "hotel_value": ["4.6"], "hotel_price": ["496"]}, "690005": {"hotel_name": "\u9752\u5c9b\u7d2b\u4e01\u9999\u996d\u5e97", "order_time": ["2019-01-18 19:04:47"], "total_order": 1, "hotel_value": ["4.5"], "hotel_price": ["208"]}, "440316": {"hotel_name": "\u9752\u5c9b\u56db\u65b9\u5927\u9152\u5e97", "order_time": ["2019-01-18 19:56:44", "2019-01-18 19:04:47"], "total_order": 2, "hotel_value": ["4.4", "4.4"], "hotel_price": ["77", "77"]}, "27424529": {"hotel_name": "\u9752\u5c9b\u6c49\u5510\u7cbe\u9009\u9152\u5e97\u5f0f\u516c\u5bd3", "order_time": ["2019-01-18 19:04:47"], "total_order": 1, "hotel_value": ["4.9"], "hotel_price": ["261"]}, "17509168": {"hotel_name": "\u8212\u5bb8\u7cbe\u54c1\u9152\u5e97(\u9752\u5c9b\u4e07\u8fbe\u4e1c\u65b9\u5f71\u90fd\u4e07\u8fbe\u8302\u5e97)", "order_time": ["2019-01-18 19:04:47"], "total_order": 1, "hotel_value": ["4.8"], "hotel_price": ["163"]}, "19853118": {"hotel_name": "\u51ef\u66fc\u5ea6\u5047\u516c\u5bd3(\u9752\u5c9b\u5ef6\u5409\u8defCBD\u5e97)", "order_time": ["2019-01-18 19:04:47"], "total_order": 1, "hotel_value": ["4.8"], "hotel_price": ["221"]}, "8394909": {"hotel_name": "\u5343\u591c\u5ea6\u5047\u516c\u5bd3(\u9752\u5c9b\u6d41\u4ead\u673a\u573a\u5e97)", "order_time": ["2019-01-18 19:13:54", "2019-01-18 19:04:47"], "total_order": 2, "hotel_value": ["4.5", "4.5"], "hotel_price": ["136", "136"]}, "28761837": {"hotel_name": "\u9752\u5c9b\u9c81\u8bfaR\u9152\u5e97", "order_time": ["2019-01-18 19:04:47", "2019-01-18 19:16:03"], "total_order": 2, "hotel_value": [0, 0], "hotel_price": ["326", "326"]}, "1259981": {"hotel_name": "\u9752\u5c9b\u4e2d\u5929\u6d77\u666f\u9152\u5e97\uff08\u6808\u6865\u706b\u8f66\u7ad9\u5e97\uff09", "order_time": ["2019-01-18 19:11:30", "2019-01-18 19:04:47"], "total_order": 2, "hotel_value": ["4.8", "4.8"], "hotel_price": ["100", "100"]}, "25679475": {"hotel_name": "\u9752\u5c9b\u56db\u5b63\u4e07\u4f73\u9152\u5e97\u516c\u5bd3", "order_time": ["2019-01-18 19:09:10", "2019-01-18 19:04:47"], "total_order": 2, "hotel_value": ["4.8", "4.8"], "hotel_price": ["206", "206"]}, "2470071": {"hotel_name": "Q\u52a0\u00b7\u9752\u5c9b\u745e\u8c6a\u5047\u65e5\u6d77\u666f\u5ea6\u5047\u9152\u5e97\u516c\u5bd3", "order_time": ["2019-01-18 19:04:47"], "total_order": 1, "hotel_value": ["4.7"], "hotel_price": ["107"]}, "427965": {"hotel_name": "\u5982\u5bb6\u5546\u65c5\u9152\u5e97(\u9752\u5c9b\u4e94\u56db\u5e7f\u573a\u5c71\u4e1c\u8def\u6fb3\u67ef\u739b\u7acb\u4ea4\u6865\u5e97)", "order_time": ["2019-01-18 19:04:47"], "total_order": 1, "hotel_value": ["4.7"], "hotel_price": ["169"]}, "1434596": {"hotel_name": "\u91cc\u9662\u5ba2\u6808(\u9752\u5c9b\u706b\u8f66\u7ad9\u5e97)", "order_time": ["2019-01-18 19:04:47"], "total_order": 1, "hotel_value": ["4.5"], "hotel_price": ["90"]}, "5781820": {"hotel_name": "\u9752\u5c9bAdour\u6735\u6d77\u666f\u9152\u5e97", "order_time": ["2019-01-18 19:04:48"], "total_order": 1, "hotel_value": ["4.4"], "hotel_price": ["153"]}, "13737239": {"hotel_name": "\u62dc\u767b\u516c\u5bd3\u00b7\u9752\u5c9b\u5927\u62c7\u6307\u4f1a\u5c55\u4e2d\u5fc3\u5e97", "order_time": ["2019-01-18 19:04:48"], "total_order": 1, "hotel_value": ["4.6"], "hotel_price": ["136"]}, "6067521": {"hotel_name": "Q\u52a0\u00b7\u5fae\u5bb6\u9152\u5e97\u516c\u5bd3(\u9752\u5c9b\u4e94\u56db\u5e7f\u573a\u5e97)", "order_time": ["2019-01-18 19:04:48"], "total_order": 1, "hotel_value": ["4.8"], "hotel_price": ["263"]}, "2592432": {"hotel_name": "\u661f\u7a0b\u9152\u5e97(\u9752\u5c9b\u53f0\u4e1c\u6b65\u884c\u8857\u5e97)", "order_time": ["2019-01-18 19:04:48"], "total_order": 1, "hotel_value": ["4.2"], "hotel_price": ["142"]}, "4645480": {"hotel_name": "\u9752\u5c9b\u67ab\u5ead\u6d77\u666f\u5ea6\u5047\u516c\u5bd3", "order_time": ["2019-01-18 19:04:48"], "total_order": 1, "hotel_value": ["4.7"], "hotel_price": ["188"]}, "1255468": {"hotel_name": "\u6c49\u5ead\u9152\u5e97\uff08\u9752\u5c9b\u6d77\u5c14\u5de5\u4e1a\u56ed\u5730\u94c1\u5927\u53a6\u7ad9\u5e97\uff09\uff08\u539f\u6d77\u5c14\u5de5\u4e1a\u56ed\u5e97\uff09", "order_time": ["2019-01-18 19:04:48"], "total_order": 1, "hotel_value": ["4.3"], "hotel_price": ["199"]}, "428027": {"hotel_name": "\u5982\u5bb6\u7cbe\u9009\u9152\u5e97(\u9752\u5c9b\u94f6\u5ddd\u897f\u8def\u8f6f\u4ef6\u56ed\u5e97)", "order_time": ["2019-01-18 19:04:48"], "total_order": 1, "hotel_value": ["4.7"], "hotel_price": ["217"]}, "1226339": {"hotel_name": "\u9752\u5c9b\u90a3\u9c81\u6e7e\u8f69\u5b87\u670d\u52a1\u516c\u5bd3(\u539f\u8fbe\u4ee4\u6e2f\u8f69\u5b87\u670d\u52a1\u516c\u5bd3)", "order_time": ["2019-01-18 19:04:48"], "total_order": 1, "hotel_value": ["5.0"], "hotel_price": ["111"]}, "1340964": {"hotel_name": "\u805a\u5174\u5706\u7cbe\u54c1\u8fde\u9501\u5bbe\u9986(\u9752\u5c9b\u6d41\u4ead\u673a\u573a\u5e97)", "order_time": ["2019-01-18 19:04:54"], "total_order": 1, "hotel_value": ["4.3"], "hotel_price": ["69"]}, "480721": {"hotel_name": "\u9752\u5c9b\u6d77\u5927\u5b66\u672f\u4ea4\u6d41\u4e2d\u5fc3", "order_time": ["2019-01-18 19:06:45"], "total_order": 1, "hotel_value": ["4.5"], "hotel_price": ["243"]}, "929520": {"hotel_name": "\u83ab\u6cf0168(\u9752\u5c9b\u674e\u6751\u5730\u94c1\u7ad9\u5cf0\u5c71\u8def\u5e97)(\u539f\u674e\u6ca7\u5e7f\u573a\u5cf0\u5c71\u8def\u5e97)", "order_time": ["2019-01-18 19:06:45"], "total_order": 1, "hotel_value": ["4.5"], "hotel_price": ["119"]}, "4539535": {"hotel_name": "\u4e16\u7eaa\u53cc\u5e06\u6d77\u666f\u5ea6\u5047\u9152\u5e97(\u9752\u5c9b\u80f6\u5357\u90a3\u9c81\u6e7e\u5e97)", "order_time": ["2019-01-18 19:06:50"], "total_order": 1, "hotel_value": ["4.7"], "hotel_price": ["85"]}, "1070435": {"hotel_name": "\u5982\u5bb6\u5feb\u6377\u9152\u5e97(\u9752\u5c9b\u6808\u6865\u706b\u8f66\u7ad9\u4e1c\u5e7f\u573a\u5e97)", "order_time": ["2019-01-18 19:06:53"], "total_order": 1, "hotel_value": ["4.5"], "hotel_price": ["92"]}, "1979422": {"hotel_name": "\u9752\u5c9b\u4f18\u5c1a\u5feb\u6377\u9152\u5e97", "order_time": ["2019-01-18 19:06:53"], "total_order": 1, "hotel_value": ["4.1"], "hotel_price": ["83"]}, "6173744": {"hotel_name": "\u5e73\u5ea6\u534e\u73ba\u5927\u9152\u5e97", "order_time": ["2019-01-18 19:08:08"], "total_order": 1, "hotel_value": ["4.7"], "hotel_price": ["328"]}, "1727813": {"hotel_name": "\u5e73\u5ea6\u53c8\u4e00\u6751\u5927\u9152\u5e97", "order_time": ["2019-01-18 19:08:19"], "total_order": 1, "hotel_value": ["4.5"], "hotel_price": ["98"]}, "6039985": {"hotel_name": "\u9752\u5c9b\u771f\u8bda\u4f73\u9a7f\u4e3b\u9898\u9152\u5e97", "order_time": ["2019-01-18 19:09:06"], "total_order": 1, "hotel_value": ["4.4"], "hotel_price": ["124"]}, "427984": {"hotel_name": "\u5982\u5bb6\u5feb\u6377\u9152\u5e97(\u9752\u5c9b\u5564\u9152\u8857\u5ef6\u5b89\u8def\u5e97)", "order_time": ["2019-01-18 19:09:08", "2019-01-18 19:22:47", "2019-01-18 19:13:48"], "total_order": 3, "hotel_value": ["4.4", "4.4", "4.4"], "hotel_price": ["85", "85", "85"]}, "23572246": {"hotel_name": "\u7ea2\u749e\u516c\u5bd3(\u9752\u5c9b\u95fd\u6c5f\u8def\u5e97)", "order_time": ["2019-01-18 19:09:08"], "total_order": 1, "hotel_value": ["4.6"], "hotel_price": ["112"]}, "8415426": {"hotel_name": "\u56db\u5b63\u7cbe\u9009\u9152\u5e97(\u9752\u5c9b\u6d41\u4ead\u673a\u573a\u5e97)", "order_time": ["2019-01-18 19:09:13"], "total_order": 1, "hotel_value": ["4.6"], "hotel_price": ["206"]}, "994089": {"hotel_name": "\u5982\u5bb6\u5feb\u6377\u9152\u5e97(\u9752\u5c9b\u706b\u8f66\u5317\u7ad9\u632f\u534e\u8def\u5730\u94c1\u7ad9\u5e97)", "order_time": ["2019-01-18 19:09:28"], "total_order": 1, "hotel_value": ["4.4"], "hotel_price": ["95"]}, "1374289": {"hotel_name": "\u83ab\u6cf0168(\u9752\u5c9b\u5f00\u53d1\u533a\u957f\u6c5f\u4e2d\u8def\u533a\u653f\u5e9c\u91d1\u6c99\u6ee9\u5e97)", "order_time": ["2019-01-18 19:11:22"], "total_order": 1, "hotel_value": ["4.4"], "hotel_price": ["109"]}, "454944": {"hotel_name": "\u9752\u5c9b\u6d77\u6da6\u4e30\u626c\u5e06\u9152\u5e97", "order_time": ["2019-01-18 19:11:23", "2019-01-18 19:29:11"], "total_order": 2, "hotel_value": ["4.5", "4.5"], "hotel_price": ["358", "358"]}, "2162063": {"hotel_name": "\u9752\u5c9b\u73af\u7403\u91d1\u51e4\u51f0\u5bbe\u9986", "order_time": ["2019-01-18 19:11:25"], "total_order": 1, "hotel_value": ["4.5"], "hotel_price": ["69"]}, "443641": {"hotel_name": "\u9752\u5c9b\u91d1\u6d77\u5927\u9152\u5e97", "order_time": ["2019-01-18 19:31:27", "2019-01-18 19:11:27"], "total_order": 2, "hotel_value": ["4.4", "4.4"], "hotel_price": ["189", "189"]}, "514315": {"hotel_name": "\u9752\u5c9b\u5f97\u5b9d\u6e7e\u6d77\u666f\u5927\u9152\u5e97", "order_time": ["2019-01-18 19:11:27"], "total_order": 1, "hotel_value": ["4.2"], "hotel_price": ["329"]}, "2308468": {"hotel_name": "\u9752\u5c9b\u9752\u5e1d\u82d1\u5feb\u6377\u9152\u5e97", "order_time": ["2019-01-18 19:11:33"], "total_order": 1, "hotel_value": ["3.8"], "hotel_price": ["70"]}, "427993": {"hotel_name": "\u5982\u5bb6\u5feb\u6377\u9152\u5e97(\u9752\u5c9b\u80f6\u5dde\u6d77\u5c14\u5927\u9053\u6c7d\u8f66\u7ad9\u5e97)", "order_time": ["2019-01-18 19:12:28"], "total_order": 1, "hotel_value": ["4.5"], "hotel_price": ["112"]}, "1868149": {"hotel_name": "\u5982\u5bb6\u5feb\u6377\u9152\u5e97(\u80f6\u5dde\u798f\u5dde\u5357\u8def\u5e97)", "order_time": ["2019-01-18 19:12:37"], "total_order": 1, "hotel_value": ["4.2"], "hotel_price": ["111"]}, "1502494": {"hotel_name": "\u5982\u5bb6\u5feb\u6377\u9152\u5e97(\u9752\u5c9b\u706b\u8f66\u7ad9\u6808\u6865\u5e97)", "order_time": ["2019-01-18 19:13:40"], "total_order": 1, "hotel_value": ["4.2"], "hotel_price": ["78"]}, "1205324": {"hotel_name": "\u5c1a\u5ba2\u4f18\u5feb\u6377\u9152\u5e97(\u9752\u5c9b\u706b\u8f66\u5317\u7ad9\u541b\u5cf0\u8def\u5e97)", "order_time": ["2019-01-18 19:13:41"], "total_order": 1, "hotel_value": ["4.3"], "hotel_price": ["86"]}, "5249619": {"hotel_name": "\u90fd\u5e02118(\u9752\u5c9b\u91d1\u6c99\u6ee9\u7406\u5de5\u5927\u5b66\u5e97)", "order_time": ["2019-01-18 19:13:41"], "total_order": 1, "hotel_value": ["4.5"], "hotel_price": ["94"]}, "6107278": {"hotel_name": "\u5c1a\u5ba2\u4f18\u7cbe\u9009\u9152\u5e97(\u9752\u5c9b\u5373\u58a8\u5f00\u53d1\u533a\u65b0\u653f\u5e9c\u5e97)(\u539f\u8fbd\u6cb3\u4e00\u8def\u5e97)", "order_time": ["2019-01-18 19:13:46"], "total_order": 1, "hotel_value": ["4.0"], "hotel_price": ["103"]}, "7316689": {"hotel_name": "\u9752\u5c9b\u661f\u9a7f\u8fde\u9501\u9152\u5e97", "order_time": ["2019-01-18 19:13:48"], "total_order": 1, "hotel_value": ["4.8"], "hotel_price": ["69"]}, "17335633": {"hotel_name": "\u9752\u5c9b\u534e\u5c55\u5609\u5b9c\u9152\u5e97", "order_time": ["2019-01-18 19:13:48"], "total_order": 1, "hotel_value": ["4.9"], "hotel_price": ["124"]}, "5376259": {"hotel_name": "\u9752\u5c9b\u9752\u9752\u8349\u5bbe\u9986", "order_time": ["2019-01-18 19:13:51"], "total_order": 1, "hotel_value": ["3.8"], "hotel_price": ["76"]}, "427967": {"hotel_name": "\u5982\u5bb6\u5feb\u6377\u9152\u5e97(\u9752\u5c9b\u6808\u6865\u706b\u8f66\u7ad9\u5e7f\u573a\u5e97)", "order_time": ["2019-01-18 19:13:58"], "total_order": 1, "hotel_value": ["4.2"], "hotel_price": ["81"]}, "1371788": {"hotel_name": "\u6854\u5b50\u00b7\u6c34\u6676\u9152\u5e97(\u9752\u5c9b\u4e94\u56db\u5e7f\u573a\u6d77\u666f\u5e97)", "order_time": ["2019-01-18 19:15:56"], "total_order": 1, "hotel_value": ["4.7"], "hotel_price": ["332"]}, "2624847": {"hotel_name": "\u9752\u5c9b\u83ab\u4e3d\u00b7\u7cbe\u9009\u9152\u5e97", "order_time": ["2019-01-18 19:27:06", "2019-01-18 19:15:56"], "total_order": 2, "hotel_value": ["4.5", "4.5"], "hotel_price": ["216", "216"]}, "1734724": {"hotel_name": "\u9752\u5c9b\u56fd\u4fe1\u4e1c\u65b9\u4e4b\u661f\u9152\u5e97", "order_time": ["2019-01-18 19:15:57"], "total_order": 1, "hotel_value": ["4.7"], "hotel_price": ["158"]}, "6508376": {"hotel_name": "\u6155\u820d\u00b7\u8d1d\u683c\u9152\u5e97\u516c\u5bd3(\u9752\u5c9b\u4e07\u8c61\u57ce\u5965\u5e06\u4e94\u56db\u5e7f\u573a\u5e97)", "order_time": ["2019-01-18 19:15:58", "2019-01-18 19:17:29", "2019-01-18 19:17:33", "2019-01-18 19:17:32", "2019-01-18 19:17:27", "2019-01-18 19:17:34", "2019-01-18 19:17:31"], "total_order": 7, "hotel_value": ["4.9", "4.9", "4.9", "4.9", "4.9", "4.9", "4.9"], "hotel_price": ["1188", "1188", "1188", "1188", "1188", "1188", "1188"]}, "1362121": {"hotel_name": "\u90fd\u5e02118(\u9752\u5c9b\u6b63\u9633\u8def\u5229\u7fa4\u5e97)", "order_time": ["2019-01-18 19:16:00"], "total_order": 1, "hotel_value": ["4.4"], "hotel_price": ["100"]}, "2379128": {"hotel_name": "\u90fd\u5e02118\u8fde\u9501\u9152\u5e97(\u9752\u5c9b\u8f9b\u5b89\u5e97)", "order_time": ["2019-01-18 19:16:05"], "total_order": 1, "hotel_value": ["4.5"], "hotel_price": ["94"]}, "994151": {"hotel_name": "\u5982\u5bb6\u5feb\u6377\u9152\u5e97(\u9752\u5c9b\u674e\u6751\u5730\u94c1\u7ad9\u4eac\u53e3\u8def\u5e97)", "order_time": ["2019-01-18 19:54:17", "2019-01-18 19:16:06"], "total_order": 2, "hotel_value": ["4.5", "4.5"], "hotel_price": ["129", "129"]}, "2304451": {"hotel_name": "\u7231\u5c0a\u5ba2\u9152\u5e97(\u9752\u5c9b\u5373\u58a8\u5e97)", "order_time": ["2019-01-18 19:16:07"], "total_order": 1, "hotel_value": ["4.7"], "hotel_price": ["170"]}, "791967": {"hotel_name": "\u94f6\u5ea7\u4f73\u9a7f\u9152\u5e97(\u9752\u5c9b\u676d\u5dde\u8def\u6c7d\u8f66\u603b\u7ad9\u5e97)", "order_time": ["2019-01-18 19:16:12"], "total_order": 1, "hotel_value": ["4.2"], "hotel_price": ["75"]}, "762421": {"hotel_name": "\u9752\u5c9b\u534e\u5e1d\u99a8\u82d1\u5546\u52a1\u9152\u5e97", "order_time": ["2019-01-18 19:16:18"], "total_order": 1, "hotel_value": ["4.5"], "hotel_price": ["124"]}, "6486447": {"hotel_name": "\u9752\u5c9b\u91d1\u4f70\u5229\u5546\u52a1\u5bbe\u9986", "order_time": ["2019-01-18 19:16:23"], "total_order": 1, "hotel_value": ["4.5"], "hotel_price": ["71"]}, "1381128": {"hotel_name": "\u5c1a\u5ba2\u4f18\u5feb\u6377\u9152\u5e97(\u9752\u5c9b\u5f00\u53d1\u533a\u6b66\u5937\u5c71\u8def\u5e97)", "order_time": ["2019-01-18 19:31:31", "2019-01-18 19:18:13"], "total_order": 2, "hotel_value": ["4.2", "4.2"], "hotel_price": ["89", "89"]}, "2082416": {"hotel_name": "7\u5929\u8fde\u9501\u9152\u5e97(\u9752\u5c9b\u6d41\u4ead\u673a\u573a\u5e97)", "order_time": ["2019-01-18 19:18:15", "2019-01-18 19:45:03"], "total_order": 2, "hotel_value": ["4.1", "4.1"], "hotel_price": ["109", "99"]}, "1697366": {"hotel_name": "\u90fd\u5e02118(\u9752\u5c9b\u674e\u6ca7\u5e7f\u573a\u5730\u94c1\u7ad9\u5e97)", "order_time": ["2019-01-18 19:18:16"], "total_order": 1, "hotel_value": ["4.6"], "hotel_price": ["104"]}, "1774898": {"hotel_name": "\u6c49\u5ead\u9152\u5e97(\u9752\u5c9b\u706b\u8f66\u5317\u7ad9\u5e97)", "order_time": ["2019-01-18 19:18:16"], "total_order": 1, "hotel_value": ["4.3"], "hotel_price": ["199"]}, "1999044": {"hotel_name": "\u5c1a\u5ba2\u4f18\u5feb\u6377\u9152\u5e97(\u80f6\u5dde\u6fb3\u95e8\u8def\u5e97)", "order_time": ["2019-01-18 19:19:30"], "total_order": 1, "hotel_value": ["4.0"], "hotel_price": ["113"]}, "2011487": {"hotel_name": "7\u5929\u8fde\u9501\u9152\u5e97(\u5e73\u5ea6\u9752\u5c9b\u8def\u5e97)", "order_time": ["2019-01-18 19:19:30"], "total_order": 1, "hotel_value": ["4.3"], "hotel_price": ["109"]}, "5894597": {"hotel_name": "\u9752\u5c9b\u7ea2\u6811\u6797\u5ea6\u5047\u4e16\u754c(\u73ca\u745a\u9152\u5e97)", "order_time": ["2019-01-18 19:20:29"], "total_order": 1, "hotel_value": ["4.4"], "hotel_price": ["410"]}, "5073599": {"hotel_name": "\u827e\u5c4b\u9152\u5e97\u516c\u5bd3(\u9752\u5c9b\u90ae\u8f6e\u6bcd\u6e2f\u5e97)", "order_time": ["2019-01-18 19:20:31", "2019-01-18 19:42:50"], "total_order": 2, "hotel_value": ["4.7", "4.7"], "hotel_price": ["100", "106"]}, "8426688": {"hotel_name": "\u5982\u5bb6\u7cbe\u9009\u9152\u5e97(\u9752\u5c9b\u706b\u8f66\u7ad9\u6808\u6865\u5e97)", "order_time": ["2019-01-18 19:20:38"], "total_order": 1, "hotel_value": ["4.6"], "hotel_price": ["164"]}, "1717642": {"hotel_name": "\u9752\u5c9b\u6d77\u7fd4\u5546\u52a1\u9152\u5e97", "order_time": ["2019-01-18 19:20:41"], "total_order": 1, "hotel_value": ["4.2"], "hotel_price": ["76"]}, "2087214": {"hotel_name": "\u5e03\u4e01\u9152\u5e97(\u9752\u5c9b\u706b\u8f66\u7ad9\u6808\u6865\u5e97)", "order_time": ["2019-01-18 19:22:45"], "total_order": 1, "hotel_value": ["4.0"], "hotel_price": ["53"]}, "5930261": {"hotel_name": "\u9752\u5c9b\u9ec4\u5c9b\u6cf0\u6210\u559c\u6765\u767b\u9152\u5e97", "order_time": ["2019-01-18 19:27:13", "2019-01-18 19:22:51"], "total_order": 2, "hotel_value": ["4.6", "4.6"], "hotel_price": ["498", "498"]}, "5766842": {"hotel_name": "\u9752\u5c9b\u6d77\u84dd\u9633\u5149\u6d77\u666f\u5ea6\u5047\u516c\u5bd3\u4e2d\u8054\u81ea\u7531\u6e2f\u6e7e\u5e97", "order_time": ["2019-01-18 19:22:52"], "total_order": 1, "hotel_value": ["4.6"], "hotel_price": ["273"]}, "16102079": {"hotel_name": "\u9752\u5c9b\u4e94\u56db\u5e7f\u573a\u4e07\u8c61\u57ce\u9152\u5e97\u5f0f\u516c\u5bd3", "order_time": ["2019-01-18 19:23:05"], "total_order": 1, "hotel_value": [0], "hotel_price": ["759"]}, "1550961": {"hotel_name": "\u9752\u5c9b\u6da6\u4f73\u65f6\u5c1a\u5feb\u6377\u5bbe\u9986", "order_time": ["2019-01-18 19:23:10"], "total_order": 1, "hotel_value": ["4.1"], "hotel_price": ["53"]}, "9210540": {"hotel_name": "\u5982\u5bb6\u5546\u65c5\u9152\u5e97(\u9752\u5c9b\u6808\u6865\u706b\u8f66\u7ad9\u5730\u94c1\u7ad9\u5e97)", "order_time": ["2019-01-18 19:24:51"], "total_order": 1, "hotel_value": ["4.7"], "hotel_price": ["113"]}, "5549364": {"hotel_name": "\u9752\u5c9b\u897f\u6d77\u5cb8\u9686\u548c\u827e\u7f8e\u5ea6\u5047\u9152\u5e97", "order_time": ["2019-01-18 19:24:51", "2019-01-18 19:56:46"], "total_order": 2, "hotel_value": ["4.6", "4.6"], "hotel_price": ["358", "358"]}, "3384535": {"hotel_name": "\u9752\u5c9b\u65af\u7ef4\u767b\u670d\u52a1\u516c\u5bd3(\u9999\u6e2f\u4e2d\u8def\u4e3d\u6676\u5fa1\u7b51)", "order_time": ["2019-01-18 19:24:51", "2019-01-18 19:31:26"], "total_order": 2, "hotel_value": ["4.5", "4.5"], "hotel_price": ["135", "135"]}, "5494318": {"hotel_name": "\u9752\u5c9b\u6770\u514b\u00b7\u4e39\u5c3c\u9152\u5e97", "order_time": ["2019-01-18 19:24:51"], "total_order": 1, "hotel_value": ["4.4"], "hotel_price": ["173"]}, "428036": {"hotel_name": "\u5982\u5bb6\u5feb\u6377\u9152\u5e97(\u9752\u5c9b\u5c71\u4e1c\u8def\u4e2d\u592e\u5546\u52a1\u533a\u5e97)", "order_time": ["2019-01-18 19:24:51"], "total_order": 1, "hotel_value": ["4.3"], "hotel_price": ["119"]}, "429108": {"hotel_name": "\u9752\u5c9b\u94f6\u6c99\u6ee9\u6e29\u5fb7\u59c6\u81f3\u5c0a\u9152\u5e97", "order_time": ["2019-01-18 19:24:51"], "total_order": 1, "hotel_value": ["4.5"], "hotel_price": ["414"]}, "608486": {"hotel_name": "\u9752\u5c9b\u5fb7\u5b9d\u82b1\u56ed\u5927\u9152\u5e97", "order_time": ["2019-01-18 19:24:51"], "total_order": 1, "hotel_value": ["4.4"], "hotel_price": ["240"]}, "2469555": {"hotel_name": "\u5373\u58a8\u8fb0\u5b63\u7cbe\u54c1\u9152\u5e97", "order_time": ["2019-01-18 19:24:51"], "total_order": 1, "hotel_value": ["4.5"], "hotel_price": ["218"]}, "446500": {"hotel_name": "\u7cbe\u9014\u9152\u5e97(\u9752\u5c9b\u56fd\u9645\u4f1a\u5c55\u4e2d\u5fc3\u5e97)(\u539f\u57ce\u5e02\u5bb6\u5546\u52a1\u9152\u5e97\u4f1a\u5c55\u4e2d\u5fc3\u5e97)", "order_time": ["2019-01-18 19:24:51"], "total_order": 1, "hotel_value": ["4.3"], "hotel_price": ["116"]}, "2378712": {"hotel_name": "\u9752\u5c9b\u6d77\u6cf0\u4e07\u4e30\u56fd\u9645\u9152\u5e97", "order_time": ["2019-01-18 19:24:51"], "total_order": 1, "hotel_value": ["4.4"], "hotel_price": ["173"]}, "1775197": {"hotel_name": "\u9526\u6c5f\u4e4b\u661f\u54c1\u5c1a(\u9752\u5c9b\u6cb3\u5357\u8def\u706b\u8f66\u7ad9\u5e97)4S\u5347\u7ea7\u5e97", "order_time": ["2019-01-18 19:24:51", "2019-01-18 19:45:03"], "total_order": 2, "hotel_value": ["4.5", "4.5"], "hotel_price": ["129", "129"]}, "3268419": {"hotel_name": "\u57df\u9152\u5e97(\u9752\u5c9b\u519c\u4e1a\u5927\u5b66\u5e97)", "order_time": ["2019-01-18 19:24:51"], "total_order": 1, "hotel_value": ["4.6"], "hotel_price": ["252"]}, "23703630": {"hotel_name": "\u5170\u6b27\u9152\u5e97(\u9752\u5c9b\u7ea2\u5c9b\u9ad8\u94c1\u7ad9\u5e97)", "order_time": ["2019-01-18 19:24:51"], "total_order": 1, "hotel_value": ["4.8"], "hotel_price": ["233"]}, "6825526": {"hotel_name": "\u9752\u5c9b\u65b0\u6fb3\u6d77\u666f\u5927\u9152\u5e97", "order_time": ["2019-01-18 19:24:51"], "total_order": 1, "hotel_value": ["4.5"], "hotel_price": ["207"]}, "442301": {"hotel_name": "\u90fd\u5e02118(\u9752\u5c9b\u5d02\u5c71\u4f1a\u5c55\u4e2d\u5fc3\u5730\u94c1\u7ad9\u5e97)", "order_time": ["2019-01-18 19:24:51", "2019-01-18 19:36:10"], "total_order": 2, "hotel_value": ["4.4", "4.4"], "hotel_price": ["99", "99"]}, "1208545": {"hotel_name": "\u5373\u58a8\u559c\u5ba2\u6765\u9152\u5e97", "order_time": ["2019-01-18 19:24:52"], "total_order": 1, "hotel_value": ["4.5"], "hotel_price": ["242"]}, "22673546": {"hotel_name": "\u9752\u5c9b\u65af\u7ef4\u767b\u5ea6\u5047\u516c\u5bd3(\u57ce\u9633\u533a\u653f\u5e9c)", "order_time": ["2019-01-18 19:24:52"], "total_order": 1, "hotel_value": ["4.8"], "hotel_price": ["119"]}, "1274014": {"hotel_name": "\u9752\u5c9b\u6885\u8bfa\u5c3c\u9152\u5e97", "order_time": ["2019-01-18 19:24:52"], "total_order": 1, "hotel_value": ["4.6"], "hotel_price": ["128"]}, "19828310": {"hotel_name": "\u62dc\u767b\u516c\u5bd3\u00b7\u9752\u5c9b\u57ce\u9633\u6b63\u9633\u8def\u5e97", "order_time": ["2019-01-18 19:24:52"], "total_order": 1, "hotel_value": ["4.7"], "hotel_price": ["127"]}, "501895": {"hotel_name": "\u9752\u5c9b\u5b8f\u7a0b\u7ca4\u6d77\u9152\u5e97", "order_time": ["2019-01-18 19:24:52"], "total_order": 1, "hotel_value": ["4.5"], "hotel_price": ["270"]}, "9361728": {"hotel_name": "\u9752\u5c9b\u6d45\u91ce\u516c\u5bd3", "order_time": ["2019-01-18 19:24:52"], "total_order": 1, "hotel_value": ["4.6"], "hotel_price": ["108"]}, "994152": {"hotel_name": "\u5982\u5bb6\u5feb\u6377\u9152\u5e97(\u9752\u5c9b\u9ed1\u9f99\u6c5f\u4e2d\u8def\u5d02\u5c71\u9ad8\u79d1\u6280\u56ed\u5e97)(\u539f\u6d77\u5c14\u5de5\u4e1a\u56ed\u9ed1\u9f99\u6c5f\u4e2d\u8def\u5e97)", "order_time": ["2019-01-18 19:24:54"], "total_order": 1, "hotel_value": ["4.5"], "hotel_price": ["112"]}, "19438626": {"hotel_name": "\u65af\u7ef4\u767b\u5ea6\u5047\u516c\u5bd3(\u9752\u5c9b\u91d1\u6c99\u6ee9\u540d\u5609\u56fd\u9645)", "order_time": ["2019-01-18 19:49:47", "2019-01-18 19:24:55"], "total_order": 2, "hotel_value": ["4.7", "4.7"], "hotel_price": ["160", "160"]}, "1362922": {"hotel_name": "\u9752\u5c9b\u7ea2\u661f\u6d77\u8fb9\u5ba2\u6808", "order_time": ["2019-01-18 19:24:57"], "total_order": 1, "hotel_value": ["4.3"], "hotel_price": ["184"]}, "2980755": {"hotel_name": "7\u5929\u8fde\u9501\u9152\u5e97(\u9752\u5c9b\u6c7d\u8f66\u603b\u7ad9\u676d\u5dde\u8def\u5e97)", "order_time": ["2019-01-18 19:24:57"], "total_order": 1, "hotel_value": ["4.2"], "hotel_price": ["69"]}, "1613449": {"hotel_name": "\u591a\u7ef4\u7a7a\u95f4\u7cbe\u54c1\u9152\u5e97(\u9752\u5c9b\u674e\u6751\u6b65\u884c\u8857\u5e97)", "order_time": ["2019-01-18 19:24:57"], "total_order": 1, "hotel_value": ["4.4"], "hotel_price": ["144"]}, "2101673": {"hotel_name": "\u9752\u5c9b\u53f0\u4e1c\u5927\u9152\u5e97", "order_time": ["2019-01-18 19:24:57"], "total_order": 1, "hotel_value": ["4.3"], "hotel_price": ["70"]}, "7114459": {"hotel_name": "\u9526\u6c5f\u4e4b\u661f\u54c1\u5c1a(\u9752\u5c9b\u897f\u6d77\u5cb8\u6c7d\u8f66\u603b\u7ad9\u5e97)(\u539f\u80f6\u5357\u6c7d\u8f66\u7ad9\u5e97)", "order_time": ["2019-01-18 19:24:57"], "total_order": 1, "hotel_value": ["4.6"], "hotel_price": ["139"]}, "21124467": {"hotel_name": "\u9752\u5c9b\u65af\u7ef4\u767b\u7cbe\u54c1\u516c\u5bd3(\u4f1a\u5c55\u4e2d\u5fc3\u77f3\u8001\u4eba\u6d77\u6c34\u6d74\u573a)", "order_time": ["2019-01-18 19:25:02"], "total_order": 1, "hotel_value": ["4.9"], "hotel_price": ["252"]}, "1315838": {"hotel_name": "\u6854\u5b50\u9152\u5e97\u00b7\u7cbe\u9009(\u9752\u5c9b\u57ce\u9633\u5e97)", "order_time": ["2019-01-18 19:27:06"], "total_order": 1, "hotel_value": ["4.8"], "hotel_price": ["303"]}, "6475389": {"hotel_name": "\u9752\u5c9b\u4e2d\u8054\u81ea\u7531\u6e2f\u6e7e\u53cc\u5b50\u5854\u9152\u5e97", "order_time": ["2019-01-18 19:27:06"], "total_order": 1, "hotel_value": ["4.4"], "hotel_price": ["184"]}, "5482123": {"hotel_name": "\u9752\u5c9b\u94f6\u6cb3\u5047\u65e5\u9152\u5e97", "order_time": ["2019-01-18 19:27:06"], "total_order": 1, "hotel_value": ["4.7"], "hotel_price": ["193"]}, "3090890": {"hotel_name": "\u9752\u5c9b\u9526\u665f\u534e\u5546\u52a1\u5bbe\u9986", "order_time": ["2019-01-18 19:27:17"], "total_order": 1, "hotel_value": ["4.4"], "hotel_price": ["79"]}, "17284887": {"hotel_name": "\u9752\u5c9b\u897f\u6d77\u5cb8\u5510\u5c9b\u6e7e\u516c\u56ed\u4e9a\u6735\u9152\u5e97", "order_time": ["2019-01-18 19:29:11"], "total_order": 1, "hotel_value": ["4.8"], "hotel_price": ["361"]}, "1925767": {"hotel_name": "\u9752\u5c9b\u7d2b\u73a5\u94c2\u5c14\u66fc\u9152\u5e97", "order_time": ["2019-01-18 19:29:12"], "total_order": 1, "hotel_value": ["4.5"], "hotel_price": ["381"]}, "1165293": {"hotel_name": "\u9752\u5c9b\u5c1a\u54c1\u4e91\u56fe\u5bbe\u9986", "order_time": ["2019-01-18 19:29:16"], "total_order": 1, "hotel_value": ["4.1"], "hotel_price": ["78"]}, "5024700": {"hotel_name": "\u9752\u5c9b\u591a\u60a6\u9152\u5e97", "order_time": ["2019-01-18 19:29:25"], "total_order": 1, "hotel_value": ["4.4"], "hotel_price": ["134"]}, "4628580": {"hotel_name": "\u5fc6\u5c0f\u7a9d\u9752\u5e74\u65c5\u820d(\u9752\u5c9b\u541b\u5cf0\u8def\u5730\u94c1\u7ad9\u5e97)", "order_time": ["2019-01-18 19:29:39"], "total_order": 1, "hotel_value": ["4.7"], "hotel_price": ["26"]}, "20615875": {"hotel_name": "\u5c1a\u5ba2\u4f18\u7cbe\u9009\u9152\u5e97(\u9752\u5c9b\u4e07\u5e74\u6cc9\u8def\u5730\u94c1\u7ad9\u5e97)", "order_time": ["2019-01-18 19:31:24"], "total_order": 1, "hotel_value": ["4.3"], "hotel_price": ["181"]}, "2301079": {"hotel_name": "\u7231\u5c0a\u5ba2\u9152\u5e97(\u9752\u5c9b\u516b\u5927\u5173\u5e97)", "order_time": ["2019-01-18 19:31:27"], "total_order": 1, "hotel_value": ["4.6"], "hotel_price": ["104"]}, "1562201": {"hotel_name": "\u5c1a\u5ba2\u4f18\u9a8f\u6021\u8fde\u9501\u9152\u5e97(\u9752\u5c9b\u9ec4\u5c9b\u6c7d\u8f66\u7ad9\u77f3\u6cb9\u5927\u5b66\u5e97)", "order_time": ["2019-01-18 19:52:06", "2019-01-18 19:31:30"], "total_order": 2, "hotel_value": ["4.3", "4.3"], "hotel_price": ["109", "109"]}, "932153": {"hotel_name": "\u62dc\u767b\u516c\u5bd3\u00b7\u9752\u5c9b\u6d77\u4e0a\u5609\u5e74\u534e\u5e97", "order_time": ["2019-01-18 19:31:33"], "total_order": 1, "hotel_value": ["4.6"], "hotel_price": ["142"]}, "1503676": {"hotel_name": "\u5982\u5bb6\u5feb\u6377\u9152\u5e97(\u9752\u5c9b\u5f00\u53d1\u533a\u5d07\u660e\u5c9b\u897f\u8def\u9ec4\u5c9b\u8f6e\u6e21\u7801\u5934\u5e97)", "order_time": ["2019-01-18 19:31:35"], "total_order": 1, "hotel_value": ["4.6"], "hotel_price": ["142"]}, "1906749": {"hotel_name": "\u9752\u5c9b\u9c81\u6d77\u4e30\u5927\u9152\u5e97", "order_time": ["2019-01-18 19:31:37"], "total_order": 1, "hotel_value": ["4.4"], "hotel_price": ["133"]}, "1483938": {"hotel_name": "\u80f6\u5dde\u4e16\u7eaa\u5927\u9152\u5e97", "order_time": ["2019-01-18 19:32:59"], "total_order": 1, "hotel_value": ["4.1"], "hotel_price": ["174"]}, "2301455": {"hotel_name": "\u9526\u6c5f\u4e4b\u661f(\u80f6\u5dde\u5e02\u80f6\u5dde\u4e1c\u8def\u5e97)", "order_time": ["2019-01-18 19:33:00"], "total_order": 1, "hotel_value": ["4.5"], "hotel_price": ["109"]}, "428039": {"hotel_name": "\u548c\u7f8e\u5bb6\u9152\u5e97(\u9752\u5c9b\u9999\u6e2f\u4e1c\u8def\u9752\u5c9b\u5927\u5b66\u6781\u5730\u6d77\u6d0b\u4e16\u754c\u5e97)", "order_time": ["2019-01-18 19:33:48"], "total_order": 1, "hotel_value": ["4.2"], "hotel_price": ["78"]}, "21808112": {"hotel_name": "\u90fd\u5e02118\u00b7\u7cbe\u9009\u9152\u5e97(\u9752\u5c9b\u57ce\u4e2d\u57ce\u5e97)", "order_time": ["2019-01-18 19:33:52"], "total_order": 1, "hotel_value": ["4.4"], "hotel_price": ["136"]}, "2030406": {"hotel_name": "\u9752\u5c9b\u805a\u946b\u7530\u5bbe\u9986", "order_time": ["2019-01-18 19:34:01"], "total_order": 1, "hotel_value": [0], "hotel_price": ["108"]}, "1316359": {"hotel_name": "\u6c49\u5ead\u9152\u5e97(\u80f6\u5dde\u6c7d\u8f66\u603b\u7ad9\u5e97)", "order_time": ["2019-01-18 19:35:01"], "total_order": 1, "hotel_value": ["4.4"], "hotel_price": ["123"]}, "994246": {"hotel_name": "\u5982\u5bb6\u5feb\u6377\u9152\u5e97(\u5373\u58a8\u84dd\u9ccc\u8def\u5b9d\u9f99\u5e7f\u573a\u5e97)", "order_time": ["2019-01-18 19:36:06"], "total_order": 1, "hotel_value": ["4.5"], "hotel_price": ["102"]}, "4539689": {"hotel_name": "\u6c49\u5ead\u9152\u5e97(\u9752\u5c9b\u4e94\u56db\u5e7f\u573a\u5965\u5e06\u5e97)", "order_time": ["2019-01-18 19:36:08"], "total_order": 1, "hotel_value": ["4.6"], "hotel_price": ["170"]}, "6871026": {"hotel_name": "\u9752\u5c9b\u9014\u7a0b\u5bbe\u9986\u6d41\u4ead\u673a\u573a\u5e97", "order_time": ["2019-01-18 19:36:08"], "total_order": 1, "hotel_value": ["4.7"], "hotel_price": ["71"]}, "6871039": {"hotel_name": "\u9752\u76ae\u6811\u9152\u5e97\uff08\u9752\u5c9b\u590f\u5e84\u8def\u548c\u8c10\u5e7f\u573a\u5e97\uff09", "order_time": ["2019-01-18 19:36:12"], "total_order": 1, "hotel_value": ["4.6"], "hotel_price": ["108"]}, "7516194": {"hotel_name": "\u5fc6\u5c0f\u7a9d\u56fd\u9645\u9752\u5e74\u65c5\u820d(\u9752\u5c9b\u5317\u706b\u8f66\u7ad9\u5e97)", "order_time": ["2019-01-18 19:36:20"], "total_order": 1, "hotel_value": ["4.7"], "hotel_price": ["26"]}, "5091800": {"hotel_name": "\u90fd\u5e02118\u8fde\u9501\u9152\u5e97(\u9752\u5c9b\u957f\u6c99\u8def\u5e97)", "order_time": ["2019-01-18 19:36:27"], "total_order": 1, "hotel_value": ["4.0"], "hotel_price": ["104"]}, "1542881": {"hotel_name": "\u9752\u5c9b\u90fd\u5e02\u82b1\u56ed\u9152\u5e97(\u539f\u5170\u5ef7\u82b1\u56ed\u9152\u5e97)", "order_time": ["2019-01-18 19:38:34"], "total_order": 1, "hotel_value": ["4.2"], "hotel_price": ["95"]}, "995168": {"hotel_name": "\u94f6\u5ea7\u4f73\u9a7f\u9152\u5e97(\u5373\u58a8\u9e64\u5c71\u8def\u4f73\u4e50\u5bb6\u4e8c\u5e97)", "order_time": ["2019-01-18 19:40:39"], "total_order": 1, "hotel_value": ["4.4"], "hotel_price": ["81"]}, "1388243": {"hotel_name": "\u9752\u5c9b\u822a\u5929\u7fd4\u5bbe\u9986", "order_time": ["2019-01-18 19:40:56"], "total_order": 1, "hotel_value": ["4.1"], "hotel_price": ["79"]}, "2879136": {"hotel_name": "\u9752\u5c9b\u5927\u597d\u6cb3\u5c71\u9152\u5e97", "order_time": ["2019-01-18 19:41:07"], "total_order": 1, "hotel_value": ["4.0"], "hotel_price": ["108"]}, "994247": {"hotel_name": "\u5982\u5bb6\u5feb\u6377\u9152\u5e97(\u5e73\u5ea6\u9752\u5c9b\u8def\u5e97)", "order_time": ["2019-01-18 19:41:32"], "total_order": 1, "hotel_value": ["4.5"], "hotel_price": ["119"]}, "1551929": {"hotel_name": "\u9752\u5c9b\u6052\u661f\u56fd\u9645\u57f9\u8bad\u4e2d\u5fc3", "order_time": ["2019-01-18 19:42:48"], "total_order": 1, "hotel_value": ["4.2"], "hotel_price": ["214"]}, "1196353": {"hotel_name": "\u9752\u5c9b\u4e1c\u6d77\u5047\u65e5\u5ea6\u5047\u516c\u5bd3", "order_time": ["2019-01-18 19:42:50"], "total_order": 1, "hotel_value": ["4.5"], "hotel_price": ["97"]}, "427987": {"hotel_name": "\u5982\u5bb6\u5feb\u6377\u9152\u5e97(\u9752\u5c9b\u9999\u6e2f\u4e2d\u8def\u9752\u5927\u9ea6\u5c9b\u5730\u94c1\u7ad9\u5e97)", "order_time": ["2019-01-18 19:42:54"], "total_order": 1, "hotel_value": ["4.3"], "hotel_price": ["109"]}, "1708181": {"hotel_name": "\u9752\u5c9b\u98ce\u5c1a\u00b7\u56db\u5b63\u5047\u65e5\u9152\u5e97(\u674e\u6751\u6b65\u884c\u8857\u5965\u514b\u65af\u5e7f\u573a\u5e97)", "order_time": ["2019-01-18 19:44:55"], "total_order": 1, "hotel_value": ["4.3"], "hotel_price": ["89"]}, "5226837": {"hotel_name": "\u9752\u5c9b\u68a7\u6850\u6811\u7cbe\u54c1\u9152\u5e97", "order_time": ["2019-01-18 19:44:55"], "total_order": 1, "hotel_value": ["4.5"], "hotel_price": ["99"]}, "20615346": {"hotel_name": "\u827e\u5ba2\u6d77\u666f\u5ea6\u5047\u516c\u5bd3\uff08\u9752\u5c9b\u77f3\u8001\u4eba\u6d77\u6c34\u6d74\u573a\u5e97\uff09", "order_time": ["2019-01-18 19:44:56"], "total_order": 1, "hotel_value": ["4.8"], "hotel_price": ["238"]}, "24532652": {"hotel_name": "\u5586\u5561\u9152\u5e97(\u9752\u5c9b\u77f3\u6cb9\u5927\u5b66\u5e97)", "order_time": ["2019-01-18 19:44:56"], "total_order": 1, "hotel_value": ["4.9"], "hotel_price": ["187"]}, "1938134": {"hotel_name": "\u83ab\u6cf0168(\u9752\u5c9b\u674e\u6751\u5730\u94c1\u7ad9\u6b65\u884c\u8857\u5e97)", "order_time": ["2019-01-18 19:44:56"], "total_order": 1, "hotel_value": ["4.5"], "hotel_price": ["127"]}, "453041": {"hotel_name": "\u9752\u5c9b\u673a\u573a\u8f85\u7279\u6234\u65af\u9152\u5e97", "order_time": ["2019-01-18 19:45:01"], "total_order": 1, "hotel_value": ["4.1"], "hotel_price": ["134"]}, "1700442": {"hotel_name": "\u9752\u5c9b\u9a6c\u53ef\u6ce2\u7f57\u9152\u5e97", "order_time": ["2019-01-18 19:45:03"], "total_order": 1, "hotel_value": ["4.6"], "hotel_price": ["123"]}, "1373267": {"hotel_name": "\u5982\u5bb6\u5feb\u6377\u9152\u5e97(\u9752\u5c9b\u674e\u6751\u5730\u94c1\u7ad9\u6b65\u884c\u8857\u5e97)", "order_time": ["2019-01-18 19:45:03"], "total_order": 1, "hotel_value": ["4.6"], "hotel_price": ["145"]}, "4960015": {"hotel_name": "\u9526\u6c5f\u4e4b\u661f\u54c1\u5c1a(\u9752\u5c9b\u56fd\u9645\u4f1a\u5c55\u4e2d\u5fc3\u82d7\u5cad\u8def\u5e97)", "order_time": ["2019-01-18 19:45:03"], "total_order": 1, "hotel_value": ["4.5"], "hotel_price": ["149"]}, "1730402": {"hotel_name": "\u62dc\u767b\u516c\u5bd3\u00b7\u9752\u5c9b\u4e95\u5188\u5c71\u8def\u5e97", "order_time": ["2019-01-18 19:45:03"], "total_order": 1, "hotel_value": ["4.7"], "hotel_price": ["104"]}, "2147568": {"hotel_name": "\u83b1\u897f\u534e\u73ba\u5927\u9152\u5e97", "order_time": ["2019-01-18 19:46:30"], "total_order": 1, "hotel_value": ["4.7"], "hotel_price": ["449"]}, "1165332": {"hotel_name": "\u96c5\u60a6\u7cbe\u81f4\u9152\u5e97(\u9752\u5c9b\u53f0\u4e1c\u5564\u9152\u8857\u5e97)", "order_time": ["2019-01-18 19:47:25"], "total_order": 1, "hotel_value": ["4.3"], "hotel_price": ["73"]}, "5438559": {"hotel_name": "\u4f18\u54c1\u9152\u5e97(\u9752\u5c9b\u56db\u6d41\u5357\u8def\u5e97)", "order_time": ["2019-01-18 19:47:26"], "total_order": 1, "hotel_value": ["4.3"], "hotel_price": ["103"]}, "1119452": {"hotel_name": "\u9752\u5c9b\u4e1c\u6d77\u541b\u60a6\u9152\u5e97", "order_time": ["2019-01-18 19:47:26"], "total_order": 1, "hotel_value": ["4.5"], "hotel_price": ["72"]}, "24037926": {"hotel_name": "\u80f6\u5dde\u68a6\u6d77\u4e4b\u7f18\u5bbe\u9986", "order_time": ["2019-01-18 19:48:46"], "total_order": 1, "hotel_value": [0], "hotel_price": ["108"]}, "2301689": {"hotel_name": "\u5c1a\u5ba2\u4f18\u5feb\u6377\u9152\u5e97(\u9752\u5c9b\u5f00\u53d1\u533a\u9ec4\u6cb3\u4e2d\u8def\u5e97)", "order_time": ["2019-01-18 19:49:46"], "total_order": 1, "hotel_value": ["3.1"], "hotel_price": ["98"]}, "467216": {"hotel_name": "\u9752\u5c9b\u6d77\u666f\u82b1\u56ed\u5927\u9152\u5e97", "order_time": ["2019-01-18 19:49:46"], "total_order": 1, "hotel_value": ["4.8"], "hotel_price": ["580"]}, "8902993": {"hotel_name": "\u4e07\u7231\u60c5\u4fa3\u9152\u5e97(\u9752\u5c9b\u674e\u6751\u6b65\u884c\u8857\u5e97)", "order_time": ["2019-01-18 19:49:49"], "total_order": 1, "hotel_value": ["4.8"], "hotel_price": ["174"]}, "1625041": {"hotel_name": "\u9752\u5c9b\u591a\u7c73\u6e29\u99a8\u9152\u5e97", "order_time": ["2019-01-18 19:49:55"], "total_order": 1, "hotel_value": ["4.5"], "hotel_price": ["68"]}, "2302130": {"hotel_name": "\u9752\u5c9b\u5609\u9038\u8c6a\u5ead\u8fde\u9501\u9152\u5e97", "order_time": ["2019-01-18 19:49:59"], "total_order": 1, "hotel_value": ["4.3"], "hotel_price": ["79"]}, "1085529": {"hotel_name": "\u9752\u5c9b\u6d77\u84dd\u6d77\u666f\u5ea6\u5047\u516c\u5bd3", "order_time": ["2019-01-18 19:50:04"], "total_order": 1, "hotel_value": ["4.9"], "hotel_price": ["268"]}, "5306612": {"hotel_name": "\u5c1a\u5ba2\u4f18\u9a8f\u6021\u8fde\u9501\u9152\u5e97(\u9752\u5c9b\u6c7d\u8f66\u5317\u7ad9\u5e97)", "order_time": ["2019-01-18 19:52:14"], "total_order": 1, "hotel_value": ["3.5"], "hotel_price": ["66"]}, "427982": {"hotel_name": "\u5982\u5bb6\u5feb\u6377\u9152\u5e97(\u9752\u5c9b\u4e2d\u5c71\u8def\u5fb7\u56fd\u98ce\u60c5\u8857\u5e97)", "order_time": ["2019-01-18 19:54:16"], "total_order": 1, "hotel_value": ["4.5"], "hotel_price": ["78"]}, "1306753": {"hotel_name": "\u9752\u5c9b\u51ef\u83b1\u5546\u52a1\u9152\u5e97", "order_time": ["2019-01-18 19:54:17"], "total_order": 1, "hotel_value": ["4.2"], "hotel_price": ["154"]}, "780409": {"hotel_name": "\u9526\u6c5f\u4e4b\u661f(\u9752\u5c9b\u676d\u5dde\u8def\u5e97)", "order_time": ["2019-01-18 19:54:17"], "total_order": 1, "hotel_value": ["4.6"], "hotel_price": ["134"]}, "1379953": {"hotel_name": "\u90fd\u5e02118(\u9752\u5c9b\u4e16\u56ed\u4f1a\u4e2d\u5fc3\u5e97)", "order_time": ["2019-01-18 19:54:29"], "total_order": 1, "hotel_value": ["4.2"], "hotel_price": ["113"]}, "28033339": {"hotel_name": "\u5609\u83f2\u516c\u5bd3(\u9752\u5c9b\u543e\u60a6\u5e7f\u573a\u5e97)", "order_time": ["2019-01-18 19:54:31"], "total_order": 1, "hotel_value": ["4.6"], "hotel_price": ["159"]}, "1252699": {"hotel_name": "\u9752\u5c9b\u534e\u8f69\u5bbe\u9986", "order_time": ["2019-01-18 19:54:44"], "total_order": 1, "hotel_value": ["4.3"], "hotel_price": ["70"]}, "2299621": {"hotel_name": "\u7231\u5c0a\u5ba2\u8fde\u9501\u9152\u5e97(\u80f6\u5dde\u5e97)", "order_time": ["2019-01-18 19:55:54"], "total_order": 1, "hotel_value": ["4.0"], "hotel_price": ["83"]}, "5718919": {"hotel_name": "\u6c40\u6f9c\u9152\u5e97\u516c\u5bd3(\u9752\u5c9b\u4e94\u56db\u5e7f\u573a\u4e07\u8c61\u57ce\u5e97)", "order_time": ["2019-01-18 19:56:43"], "total_order": 1, "hotel_value": ["4.6"], "hotel_price": ["256"]}, "1692406": {"hotel_name": "\u9752\u5c9b\u6c11\u8054\u51ef\u65cb\u9152\u5e97", "order_time": ["2019-01-18 19:56:52"], "total_order": 1, "hotel_value": ["4.5"], "hotel_price": ["283"]}, "5079547": {"hotel_name": "\u9752\u5c9b\u5c0f\u798f\u6e90\u65c5\u9986", "order_time": ["2019-01-18 19:57:37"], "total_order": 1, "hotel_value": ["3.1"], "hotel_price": ["50"]}, "2263143": {"hotel_name": "\u90fd\u5e02\u82b1\u56ed\u9152\u5e97(\u80f6\u5dde\u80f6\u4e1c\u65b0\u673a\u573a\u674e\u54e5\u5e84\u5e97)", "order_time": ["2019-01-18 19:58:10"], "total_order": 1, "hotel_value": ["4.7"], "hotel_price": ["163"]}}}