{"\u5f00\u59cb\u8bb0\u5f55\u65f6\u95f4": "2019-01-16 20:23:16", "\u7ed3\u675f\u8bb0\u5f55\u65f6\u95f4": "2019-01-16 21:29:34", "\u8ba2\u5355\u603b\u589e\u91cf": 293, "item": {"21735796": {"hotel_name": "\u9752\u5c9b\u4e94\u56db\u5e7f\u573a\u4e9a\u6735\u9152\u5e97", "order_time": ["2019-01-16 20:37:05", "2019-01-16 20:26:09"], "total_order": 2, "hotel_value": ["4.8", "4.8"], "hotel_price": ["316", "342"]}, "895414": {"hotel_name": "\u4e2d\u94c1\u9752\u5c9b\u4e2d\u5fc3\u9152\u5e97\u516c\u5bd3", "order_time": ["2019-01-16 20:26:09"], "total_order": 1, "hotel_value": ["4.6"], "hotel_price": ["319"]}, "1938134": {"hotel_name": "\u83ab\u6cf0168(\u9752\u5c9b\u674e\u6751\u5730\u94c1\u7ad9\u6b65\u884c\u8857\u5e97)", "order_time": ["2019-01-16 20:26:10"], "total_order": 1, "hotel_value": ["4.5"], "hotel_price": ["109"]}, "5894597": {"hotel_name": "\u9752\u5c9b\u7ea2\u6811\u6797\u5ea6\u5047\u4e16\u754c(\u73ca\u745a\u9152\u5e97)", "order_time": ["2019-01-16 20:26:10"], "total_order": 1, "hotel_value": ["4.4"], "hotel_price": ["601"]}, "1725780": {"hotel_name": "678\u673a\u573a\u9152\u5e97", "order_time": ["2019-01-16 20:37:11", "2019-01-16 20:26:10", "2019-01-16 20:28:32"], "total_order": 3, "hotel_value": ["4.4", "4.4", "4.4"], "hotel_price": ["90", "90", "90"]}, "995168": {"hotel_name": "\u94f6\u5ea7\u4f73\u9a7f\u9152\u5e97(\u5373\u58a8\u9e64\u5c71\u8def\u4f73\u4e50\u5bb6\u4e8c\u5e97)", "order_time": ["2019-01-16 20:26:10"], "total_order": 1, "hotel_value": ["4.4"], "hotel_price": ["81"]}, "1426280": {"hotel_name": "\u91d1\u6d77\u7ea2\u5b87\u5bbe\u9986(\u9752\u5c9b\u706b\u8f66\u7ad9\u897f\u5e7f\u573a\u5e97)", "order_time": ["2019-01-16 20:26:11"], "total_order": 1, "hotel_value": ["4.6"], "hotel_price": ["109"]}, "532185": {"hotel_name": "\u9752\u5c9b\u6d77\u60c5\u5927\u9152\u5e97", "order_time": ["2019-01-16 20:26:12"], "total_order": 1, "hotel_value": ["4.6"], "hotel_price": ["239"]}, "1516201": {"hotel_name": "\u9752\u5c9b\u4e50\u946b\u6e90\u5bbe\u9986", "order_time": ["2019-01-16 21:05:40", "2019-01-16 20:26:15"], "total_order": 2, "hotel_value": ["4.6", "4.6"], "hotel_price": ["36", "36"]}, "6871039": {"hotel_name": "\u9752\u76ae\u6811\u9152\u5e97\uff08\u9752\u5c9b\u590f\u5e84\u8def\u548c\u8c10\u5e7f\u573a\u5e97\uff09", "order_time": ["2019-01-16 20:26:15"], "total_order": 1, "hotel_value": ["4.6"], "hotel_price": ["108"]}, "4971225": {"hotel_name": "\u5b89\u6f9c\u6587\u65c5\u9152\u5e97(\u9752\u5c9b\u5965\u5e06\u4e2d\u5fc3\u6781\u5730\u6d77\u6d0b\u4e16\u754c\u5e97)", "order_time": ["2019-01-16 20:26:16"], "total_order": 1, "hotel_value": ["4.2"], "hotel_price": ["75"]}, "1875800": {"hotel_name": "\u5982\u5bb6\u5feb\u6377\u9152\u5e97(\u9752\u5c9b\u4f1a\u5c55\u4e2d\u5fc3\u5927\u62c7\u6307\u5e7f\u573a\u5e97)", "order_time": ["2019-01-16 20:26:28"], "total_order": 1, "hotel_value": ["4.2"], "hotel_price": ["120"]}, "8870574": {"hotel_name": "\u745e\u666e\u5170\u987f\u81f3\u5c0a\u9152\u5e97\u00b7\u9752\u5c9b\u5609\u5e74\u534e\u5e97", "order_time": ["2019-01-16 20:28:25"], "total_order": 1, "hotel_value": ["4.5"], "hotel_price": ["124"]}, "429108": {"hotel_name": "\u9752\u5c9b\u94f6\u6c99\u6ee9\u6e29\u5fb7\u59c6\u81f3\u5c0a\u9152\u5e97", "order_time": ["2019-01-16 20:28:26"], "total_order": 1, "hotel_value": ["4.5"], "hotel_price": ["414"]}, "1373267": {"hotel_name": "\u5982\u5bb6\u5feb\u6377\u9152\u5e97(\u9752\u5c9b\u674e\u6751\u5730\u94c1\u7ad9\u6b65\u884c\u8857\u5e97)", "order_time": ["2019-01-16 20:28:26"], "total_order": 1, "hotel_value": ["4.6"], "hotel_price": ["142"]}, "5033186": {"hotel_name": "\u7ef4\u4e5f\u7eb3\u667a\u597d\u9152\u5e97(\u9752\u5c9b\u5373\u58a8\u5e97)(\u539f\u65fa\u534e\u5927\u9152\u5e97)", "order_time": ["2019-01-16 20:28:27"], "total_order": 1, "hotel_value": ["4.4"], "hotel_price": ["215"]}, "1700442": {"hotel_name": "\u9752\u5c9b\u9a6c\u53ef\u6ce2\u7f57\u9152\u5e97", "order_time": ["2019-01-16 20:28:27"], "total_order": 1, "hotel_value": ["4.6"], "hotel_price": ["103"]}, "995120": {"hotel_name": "\u94f6\u5ea7\u4f73\u9a7f\u9152\u5e97(\u9752\u5c9b\u4e2d\u592e\u5546\u52a1\u533a\u4e07\u8fbe\u5e7f\u573a\u5e97)(\u539f\u5b81\u590f\u8def\u5e97)", "order_time": ["2019-01-16 20:28:28"], "total_order": 1, "hotel_value": ["4.2"], "hotel_price": ["112"]}, "16018600": {"hotel_name": "\u683c\u6797\u4e1c\u65b9\u9152\u5e97(\u9752\u5c9b\u4e16\u7eaa\u516c\u56ed\u6d41\u4ead\u673a\u573a\u5e97)", "order_time": ["2019-01-16 20:28:30", "2019-01-16 20:45:55"], "total_order": 2, "hotel_value": ["4.5", "4.5"], "hotel_price": ["139", "139"]}, "438731": {"hotel_name": "\u4e2d\u822a\u7fd4\u901a\u6e38\u8247\u4f1a\u9152\u5e97(\u9752\u5c9b\u5965\u5e06\u4e2d\u5fc3\u4e94\u56db\u5e7f\u573a\u5e97)", "order_time": ["2019-01-16 20:29:39", "2019-01-16 20:28:32"], "total_order": 2, "hotel_value": ["4.8", "4.8"], "hotel_price": ["326", "326"]}, "2018605": {"hotel_name": "\u591a\u7ef4\u7cbe\u54c1\u9152\u5e97(\u9752\u5c9b\u53f0\u4e1c\u5229\u7fa4\u5e97)", "order_time": ["2019-01-16 20:28:36", "2019-01-16 21:25:52"], "total_order": 2, "hotel_value": ["4.1", "4.1"], "hotel_price": ["94", "94"]}, "25270439": {"hotel_name": "\u9752\u5c9b\u673a\u573a\u4e16\u7eaa\u516c\u56ed\u4e9a\u6735\u9152\u5e97", "order_time": ["2019-01-16 20:28:36"], "total_order": 1, "hotel_value": ["4.9"], "hotel_price": ["308"]}, "1487235": {"hotel_name": "\u6ee8\u6cb3\u540d\u8f69\u5546\u52a1\u5bbe\u9986(\u9752\u5c9b\u6cb3\u5957\u5e97)", "order_time": ["2019-01-16 20:28:39"], "total_order": 1, "hotel_value": ["4.0"], "hotel_price": ["93"]}, "1727504": {"hotel_name": "\u5e73\u5ea6\u5706\u4e2d\u65b9\u5927\u9152\u5e97", "order_time": ["2019-01-16 20:29:28"], "total_order": 1, "hotel_value": ["4.7"], "hotel_price": ["173"]}, "14998793": {"hotel_name": "\u9752\u5c9b\u7c73\u5170\u7cbe\u54c1\u9152\u5e97(\u80f6\u5dde\u65b0\u673a\u573a\u5e97)", "order_time": ["2019-01-16 20:29:29"], "total_order": 1, "hotel_value": ["4.4"], "hotel_price": ["173"]}, "2258194": {"hotel_name": "\u83b1\u897f\u4e30\u6e90\u5546\u52a1\u5bbe\u9986", "order_time": ["2019-01-16 20:29:29"], "total_order": 1, "hotel_value": ["4.0"], "hotel_price": ["79"]}, "8576086": {"hotel_name": "\u5c1a\u5ba2\u4f18\u54c1\u9152\u5e97(\u9752\u5c9bLIPPO\u516c\u793e\u77f3\u6cb9\u5927\u5b66\u5e97)(\u539fLIPPO\u516c\u793e\u7cbe\u54c1\u516c\u5bd3)", "order_time": ["2019-01-16 20:30:37"], "total_order": 1, "hotel_value": ["4.8"], "hotel_price": ["129"]}, "22454731": {"hotel_name": "\u9752\u5c9b\u8d1d\u9716\u7cbe\u9009\u9152\u5e97", "order_time": ["2019-01-16 20:30:37", "2019-01-16 21:07:48"], "total_order": 2, "hotel_value": ["4.9", "4.9"], "hotel_price": ["116", "116"]}, "1882702": {"hotel_name": "\u9526\u6c5f\u4e4b\u661f(\u9752\u5c9b\u957f\u9014\u6c7d\u8f66\u603b\u7ad9\u5e97)", "order_time": ["2019-01-16 20:30:38"], "total_order": 1, "hotel_value": ["4.4"], "hotel_price": ["139"]}, "21131094": {"hotel_name": "\u4e91\u8212\u8f7b\u5962\u6d77\u666f\u516c\u5bd3(\u9752\u5c9b\u91d1\u6c99\u6ee9\u5510\u5c9b\u6e7e\u5e97)", "order_time": ["2019-01-16 20:30:39"], "total_order": 1, "hotel_value": ["4.8"], "hotel_price": ["166"]}, "1379314": {"hotel_name": "\u90fd\u5e02118\u8fde\u9501\u9152\u5e97(\u9752\u5c9b\u6d41\u4ead\u5e97)", "order_time": ["2019-01-16 20:30:41"], "total_order": 1, "hotel_value": ["4.2"], "hotel_price": ["120"]}, "762421": {"hotel_name": "\u9752\u5c9b\u534e\u5e1d\u99a8\u82d1\u5546\u52a1\u9152\u5e97", "order_time": ["2019-01-16 20:30:42"], "total_order": 1, "hotel_value": ["4.5"], "hotel_price": ["124"]}, "2140433": {"hotel_name": "\u683c\u6797\u8054\u76df\u9152\u5e97(\u9752\u5c9b\u4e50\u5ba2\u57ce\u674e\u6751\u5730\u94c1\u7ad9\u5e97)", "order_time": ["2019-01-16 20:30:43"], "total_order": 1, "hotel_value": ["4.4"], "hotel_price": ["90"]}, "5376315": {"hotel_name": "\u53ef\u4e34\u5b81\u8fde\u9501\u9152\u5e97(\u9752\u5c9b\u9752\u5927\u5de5\u4e1a\u56ed\u5e97)(\u539f99\u5c0a\u5ba2\u8fde\u9501\u5bbe\u9986)", "order_time": ["2019-01-16 20:30:49"], "total_order": 1, "hotel_value": ["3.3"], "hotel_price": ["72"]}, "1480178": {"hotel_name": "\u9752\u5c9b\u9c81\u798f\u7f18\u5bbe\u9986", "order_time": ["2019-01-16 20:31:02"], "total_order": 1, "hotel_value": ["4.7"], "hotel_price": ["78"]}, "2011487": {"hotel_name": "7\u5929\u8fde\u9501\u9152\u5e97(\u5e73\u5ea6\u9752\u5c9b\u8def\u5e97)", "order_time": ["2019-01-16 21:00:21", "2019-01-16 20:31:38"], "total_order": 2, "hotel_value": ["4.3", "4.3"], "hotel_price": ["109", "109"]}, "5896610": {"hotel_name": "\u9752\u5c9b\u6d77\u8fb9\u4eba\u5bb6\u6d77\u666f\u5ea6\u5047\u516c\u5bd3\u4e2d\u8054\u81ea\u7531\u6e2f\u6e7e\u5e97", "order_time": ["2019-01-16 20:32:37", "2019-01-16 20:43:41"], "total_order": 2, "hotel_value": ["4.6", "4.6"], "hotel_price": ["87", "87"]}, "8575772": {"hotel_name": "\u9752\u5c9b\u51ef\u83b1\u667a\u6167\u9152\u5e97", "order_time": ["2019-01-16 20:32:39"], "total_order": 1, "hotel_value": ["4.6"], "hotel_price": ["187"]}, "8415426": {"hotel_name": "\u56db\u5b63\u7cbe\u9009\u9152\u5e97(\u9752\u5c9b\u6d41\u4ead\u673a\u573a\u5e97)", "order_time": ["2019-01-16 20:32:39"], "total_order": 1, "hotel_value": ["4.6"], "hotel_price": ["227"]}, "17097238": {"hotel_name": "\u9752\u5c9b\u798f\u745e\u767b\u9152\u5e97", "order_time": ["2019-01-16 20:32:40"], "total_order": 1, "hotel_value": ["4.5"], "hotel_price": ["84"]}, "6841720": {"hotel_name": "\u9752\u5c9b\u6d77\u6db5\u8f69\u7cbe\u54c1\u9152\u5e97", "order_time": ["2019-01-16 20:32:42"], "total_order": 1, "hotel_value": ["4.7"], "hotel_price": ["124"]}, "1483797": {"hotel_name": "\u9752\u5c9b\u5927\u62c7\u6307\u5e7f\u573a\u00b7\u6d77\u4e4b\u6770\u5047\u65e5\u9152\u5e97", "order_time": ["2019-01-16 20:32:44"], "total_order": 1, "hotel_value": ["4.5"], "hotel_price": ["75"]}, "1708181": {"hotel_name": "\u9752\u5c9b\u98ce\u5c1a\u00b7\u56db\u5b63\u5047\u65e5\u9152\u5e97(\u674e\u6751\u6b65\u884c\u8857\u5965\u514b\u65af\u5e7f\u573a\u5e97)", "order_time": ["2019-01-16 20:32:45"], "total_order": 1, "hotel_value": ["4.3"], "hotel_price": ["79"]}, "1504359": {"hotel_name": "\u83ab\u6cf0168(\u9752\u5c9b\u80f6\u5357\u4eba\u6c11\u8def\u5546\u4e1a\u8857\u5e97)", "order_time": ["2019-01-16 20:32:46"], "total_order": 1, "hotel_value": ["4.5"], "hotel_price": ["103"]}, "1815658": {"hotel_name": "\u5723\u5fb7\u5c45\u5546\u52a1\u9152\u5e97(\u9752\u5c9b\u706b\u8f66\u5317\u7ad9\u5e97)", "order_time": ["2019-01-16 21:09:57", "2019-01-16 20:34:46"], "total_order": 2, "hotel_value": ["4.4", "4.4"], "hotel_price": ["90", "90"]}, "706650": {"hotel_name": "\u5b9c\u5fc5\u601d\u9152\u5e97(\u9752\u5c9b\u57ce\u9633\u6b63\u9633\u8def\u5e97)", "order_time": ["2019-01-16 20:34:48"], "total_order": 1, "hotel_value": ["4.6"], "hotel_price": ["259"]}, "2620136": {"hotel_name": "7\u5929\u8fde\u9501\u9152\u5e97(\u9752\u5c9b\u674e\u6ca7\u4e07\u8fbe\u5e7f\u573a\u5e97)", "order_time": ["2019-01-16 20:34:51"], "total_order": 1, "hotel_value": ["4.5"], "hotel_price": ["127"]}, "10186829": {"hotel_name": "\u9526\u6c5f\u90fd\u57ce(\u9752\u5c9b\u65b0\u90fd\u5fc3\u5e97)", "order_time": ["2019-01-16 21:10:00", "2019-01-16 20:34:52"], "total_order": 2, "hotel_value": ["4.6", "4.6"], "hotel_price": ["243", "243"]}, "436457": {"hotel_name": "\u9752\u5c9b\u6cdb\u6d77\u540d\u4eba\u9152\u5e97", "order_time": ["2019-01-16 20:34:53"], "total_order": 1, "hotel_value": ["4.4"], "hotel_price": ["318"]}, "669757": {"hotel_name": "\u9752\u5c9b\u5b9d\u9f99\u827a\u7b51\u9152\u5e97", "order_time": ["2019-01-16 20:34:53", "2019-01-16 21:03:24"], "total_order": 2, "hotel_value": ["4.5", "4.5"], "hotel_price": ["174", "174"]}, "1911247": {"hotel_name": "\u5982\u5bb6\u5feb\u6377\u9152\u5e97(\u9752\u5c9b\u4e94\u56db\u5e7f\u573a\u5965\u5e06\u4e2d\u5fc3\u5e97)(\u539f\u5965\u5e06\u4e2d\u5fc3\u6d77\u4fe1\u5e7f\u573a\u5e97)", "order_time": ["2019-01-16 20:34:56"], "total_order": 1, "hotel_value": ["4.3"], "hotel_price": ["99"]}, "2637433": {"hotel_name": "\u76db\u5ef7\u6d77\u666f\u9152\u5e97(\u9752\u5c9b\u7ef4\u591a\u5229\u4e9a\u5e97)", "order_time": ["2019-01-16 20:34:59"], "total_order": 1, "hotel_value": ["4.3"], "hotel_price": ["118"]}, "6577116": {"hotel_name": "\u9752\u5c9b\u60a6\u6f9c\u9152\u5e97\u516c\u5bd3(\u4e94\u56db\u5e7f\u573a\u4e2d\u94c1\u4e2d\u5fc3\u5e97)", "order_time": ["2019-01-16 20:35:00"], "total_order": 1, "hotel_value": ["4.8"], "hotel_price": ["777"]}, "1886434": {"hotel_name": "\u7231\u820d\u7a7a\u95f4\u4e3b\u9898\u6982\u5ff5\u9152\u5e97(\u9752\u5c9b\u5965\u5e06\u4e2d\u5fc3\u738b\u5b50\u98ce\u5c1a\u5e97)", "order_time": ["2019-01-16 20:35:22", "2019-01-16 21:23:28"], "total_order": 2, "hotel_value": ["4.6", "4.6"], "hotel_price": ["155", "155"]}, "1411665": {"hotel_name": "\u6377\u5229\u83b1\u5546\u52a1\u5bbe\u9986(\u9752\u5c9b\u674e\u6ca7\u6d77\u5c14\u5de5\u4e1a\u56ed\u5e97)", "order_time": ["2019-01-16 20:35:22"], "total_order": 1, "hotel_value": ["4.3"], "hotel_price": ["70"]}, "428592": {"hotel_name": "\u9752\u5c9b\u9c81\u5546\u51ef\u60a6\u9152\u5e97", "order_time": ["2019-01-16 20:37:01"], "total_order": 1, "hotel_value": ["4.6"], "hotel_price": ["748"]}, "430450": {"hotel_name": "\u9752\u5c9b\u666f\u56ed\u5047\u65e5\u9152\u5e97", "order_time": ["2019-01-16 20:37:01"], "total_order": 1, "hotel_value": ["4.6"], "hotel_price": ["614"]}, "1728458": {"hotel_name": "\u590d\u76db\u5927\u9152\u5e97(\u9752\u5c9b\u4e8c\u5e97)", "order_time": ["2019-01-16 20:37:06"], "total_order": 1, "hotel_value": ["4.3"], "hotel_price": ["157"]}, "1259981": {"hotel_name": "\u9752\u5c9b\u4e2d\u5929\u6d77\u666f\u9152\u5e97\uff08\u6808\u6865\u706b\u8f66\u7ad9\u5e97\uff09", "order_time": ["2019-01-16 20:37:07"], "total_order": 1, "hotel_value": ["4.8"], "hotel_price": ["76"]}, "2310196": {"hotel_name": "\u7231\u5c0a\u5ba2\u9152\u5e97(\u9752\u5c9b\u9999\u6c5f\u8def\u5e97)", "order_time": ["2019-01-16 20:37:08"], "total_order": 1, "hotel_value": ["4.4"], "hotel_price": ["63"]}, "700933": {"hotel_name": "678\u9152\u5e97(\u9752\u5c9b\u519c\u5927\u4e3b\u9898\u7cbe\u54c1\u5e97)", "order_time": ["2019-01-16 20:37:10", "2019-01-16 20:58:52", "2019-01-16 21:25:36"], "total_order": 3, "hotel_value": ["4.6", "4.6", "4.6"], "hotel_price": ["99", "109", "109"]}, "1374514": {"hotel_name": "\u9752\u5c9b\u5361\u6d3e\u65f6\u5c1a\u4e3b\u9898\u5ba2\u623f", "order_time": ["2019-01-16 20:37:10"], "total_order": 1, "hotel_value": ["3.9"], "hotel_price": ["64"]}, "2213948": {"hotel_name": "\u9752\u5c9b\u84dd\u5929\u6e2f\u6e7e\u5047\u65e5\u516c\u5bd3", "order_time": ["2019-01-16 20:37:19"], "total_order": 1, "hotel_value": ["4.5"], "hotel_price": ["100"]}, "346318": {"hotel_name": "\u9752\u5c9b\u80f6\u5dde\u7eff\u57ce\u559c\u6765\u767b\u9152\u5e97", "order_time": ["2019-01-16 20:38:25"], "total_order": 1, "hotel_value": ["4.6"], "hotel_price": ["532"]}, "23570404": {"hotel_name": "\u9752\u5c9b\u5e1d\u6d77\u7535\u5f71\u9152\u5e97", "order_time": ["2019-01-16 20:39:21"], "total_order": 1, "hotel_value": ["4.5"], "hotel_price": ["155"]}, "467216": {"hotel_name": "\u9752\u5c9b\u6d77\u666f\u82b1\u56ed\u5927\u9152\u5e97", "order_time": ["2019-01-16 20:39:23", "2019-01-16 20:50:18"], "total_order": 2, "hotel_value": ["4.8", "4.8"], "hotel_price": ["580", "580"]}, "8860171": {"hotel_name": "\u5982\u5bb6\u5546\u65c5\u9152\u5e97(\u9752\u5c9b\u706b\u8f66\u5317\u7ad9\u91d1\u6c34\u8def\u5e97)(\u539f\u91cd\u5e86\u8def\u5e97)", "order_time": ["2019-01-16 20:39:23"], "total_order": 1, "hotel_value": ["4.7"], "hotel_price": ["188"]}, "1224709": {"hotel_name": "\u901f8\u9152\u5e97(\u9752\u5c9b\u5f00\u53d1\u533a\u77f3\u6cb9\u5927\u5b66\u5e97)", "order_time": ["2019-01-16 20:39:24"], "total_order": 1, "hotel_value": ["4.5"], "hotel_price": ["113"]}, "1981926": {"hotel_name": "\u9752\u5c9b\u946b\u9f99\u5047\u65e5\u5546\u52a1\u9152\u5e97", "order_time": ["2019-01-16 20:39:28"], "total_order": 1, "hotel_value": ["4.7"], "hotel_price": ["114"]}, "428036": {"hotel_name": "\u5982\u5bb6\u5feb\u6377\u9152\u5e97(\u9752\u5c9b\u5c71\u4e1c\u8def\u4e2d\u592e\u5546\u52a1\u533a\u5e97)", "order_time": ["2019-01-16 20:39:34"], "total_order": 1, "hotel_value": ["4.3"], "hotel_price": ["119"]}, "794966": {"hotel_name": "\u9752\u5c9b\u666f\u82f1\u5229\u5546\u52a1\u5bbe\u9986", "order_time": ["2019-01-16 20:39:35"], "total_order": 1, "hotel_value": ["4.0"], "hotel_price": ["58"]}, "2302238": {"hotel_name": "\u5c1a\u5ba2\u4f18\u5feb\u6377\u9152\u5e97(\u9752\u5c9b\u859b\u5bb6\u5c9b\u91d1\u6c99\u6ee9\u5e97)", "order_time": ["2019-01-16 20:43:46", "2019-01-16 20:39:36"], "total_order": 2, "hotel_value": ["4.5", "4.5"], "hotel_price": ["91", "91"]}, "427967": {"hotel_name": "\u5982\u5bb6\u5feb\u6377\u9152\u5e97(\u9752\u5c9b\u6808\u6865\u706b\u8f66\u7ad9\u5e7f\u573a\u5e97)", "order_time": ["2019-01-16 20:39:40"], "total_order": 1, "hotel_value": ["4.2"], "hotel_price": ["81"]}, "6042162": {"hotel_name": "\u5586\u60a6\u8fde\u9501\u9152\u5e97(\u80f6\u5dde\u4f73\u4e50\u5bb6\u68a7\u5dde\u8def\u5e97)(\u539f\u6b27\u98de\u8fde\u9501\u9152\u5e97\u4e09\u91cc\u6cb3\u5546\u4e1a\u8857\u5e97)", "order_time": ["2019-01-16 20:40:23"], "total_order": 1, "hotel_value": ["3.8"], "hotel_price": ["68"]}, "1200168": {"hotel_name": "\u7ef4\u4e5f\u7eb3\u9152\u5e97(\u80f6\u5dde\u5e97)", "order_time": ["2019-01-16 20:40:24"], "total_order": 1, "hotel_value": ["4.7"], "hotel_price": ["268"]}, "7859115": {"hotel_name": "\u66e6\u9014\u00b7\u672a\u6765\u667a\u80fd\u5ea6\u5047\u516c\u5bd3(\u9752\u5c9b\u5965\u5e06\u4e94\u56db\u5e7f\u573a\u4e07\u8c61\u57ce\u5e97)", "order_time": ["2019-01-16 20:48:07", "2019-01-16 20:41:30"], "total_order": 2, "hotel_value": ["4.8", "4.8"], "hotel_price": ["323", "323"]}, "19586632": {"hotel_name": "\u5343\u5bbf\u5ea6\u5047\u516c\u5bd3(\u9752\u5c9b\u5ef6\u5409\u8defCBD\u5e97)", "order_time": ["2019-01-16 20:41:31"], "total_order": 1, "hotel_value": ["4.8"], "hotel_price": ["99"]}, "8290422": {"hotel_name": "\u6c49\u5ead\u9152\u5e97(\u9752\u5c9b\u4e2d\u56fd\u6d77\u6d0b\u5927\u5b66\u5e97)", "order_time": ["2019-01-16 20:41:33", "2019-01-16 20:56:45", "2019-01-16 20:52:27"], "total_order": 3, "hotel_value": ["4.7", "4.7", "4.7"], "hotel_price": ["237", "237", "237"]}, "5524393": {"hotel_name": "\u9752\u5c9b\u9c81\u90a6\u7231\u5bb6\u516c\u5bd3", "order_time": ["2019-01-16 20:41:38", "2019-01-16 21:28:01"], "total_order": 2, "hotel_value": ["4.3", "4.3"], "hotel_price": ["73", "73"]}, "5085596": {"hotel_name": "\u9526\u6c5f\u4e4b\u661f(\u9752\u5c9b\u6ca7\u53e3\u516c\u56ed\u5e97)", "order_time": ["2019-01-16 20:41:40"], "total_order": 1, "hotel_value": ["4.7"], "hotel_price": ["149"]}, "24608663": {"hotel_name": "\u9752\u5c9b\u4ece\u90a3\u4ee5\u540e\u9752\u5e74\u65c5\u793e", "order_time": ["2019-01-16 20:42:01"], "total_order": 1, "hotel_value": ["5.0"], "hotel_price": ["25"]}, "1530496": {"hotel_name": "\u7231\u5c0a\u5ba2\u9152\u5e97(\u5373\u58a8\u5c0f\u5546\u54c1\u57ce\u5e97)", "order_time": ["2019-01-16 20:43:42", "2019-01-16 21:11:56"], "total_order": 2, "hotel_value": ["4.4", "4.4"], "hotel_price": ["124", "124"]}, "21826038": {"hotel_name": "\u9752\u5c9b\u6c49\u5353\u9152\u5e97", "order_time": ["2019-01-16 20:43:48"], "total_order": 1, "hotel_value": ["4.7"], "hotel_price": ["424"]}, "797235": {"hotel_name": "\u9752\u5c9b\u7f8e\u8d24\u5c45\u673a\u573a\u5bbe\u9986", "order_time": ["2019-01-16 20:43:53"], "total_order": 1, "hotel_value": ["3.6"], "hotel_price": ["115"]}, "22416789": {"hotel_name": "\u9752\u5c9b\u5bb9\u9526\u9152\u5e97", "order_time": ["2019-01-16 20:43:55"], "total_order": 1, "hotel_value": ["4.7"], "hotel_price": ["102"]}, "8652019": {"hotel_name": "\u6052\u6cf0\u96c5\u5c45\u5bbe\u9986(\u9752\u5c9b\u4e2d\u56fd\u6d77\u6d0b\u5927\u5b66\u5e97)", "order_time": ["2019-01-16 20:44:01"], "total_order": 1, "hotel_value": ["4.6"], "hotel_price": ["45"]}, "1243789": {"hotel_name": "A&AROOM\u8fde\u9501\u9152\u5e97(\u9752\u5c9b\u706b\u8f66\u7ad9\u4e1c\u5e7f\u573a\u6808\u6865\u5e97)(\u539f\u5ba2\u4e0a\u5ba2\u5bbe\u9986)", "order_time": ["2019-01-16 20:44:04"], "total_order": 1, "hotel_value": ["4.6"], "hotel_price": ["79"]}, "1779850": {"hotel_name": "\u5929\u5929\u5047\u671f\u5546\u52a1\u5bbe\u9986(\u9752\u5c9b\u5b9d\u9f99\u5e7f\u573a\u5e97)", "order_time": ["2019-01-16 20:44:11"], "total_order": 1, "hotel_value": ["4.2"], "hotel_price": ["66"]}, "428011": {"hotel_name": "\u5982\u5bb6\u5feb\u6377\u9152\u5e97(\u9752\u5c9b\u54c8\u5c14\u6ee8\u8def\u4e07\u79d1\u57ce\u53cc\u5c71\u5730\u94c1\u7ad9\u5e97)", "order_time": ["2019-01-16 20:45:48"], "total_order": 1, "hotel_value": ["4.5"], "hotel_price": ["127"]}, "669110": {"hotel_name": "\u9752\u5c9b\u5e7f\u4e1a\u9526\u6c5f\u5927\u9152\u5e97", "order_time": ["2019-01-16 21:19:03", "2019-01-16 20:45:48"], "total_order": 2, "hotel_value": ["4.6", "4.6"], "hotel_price": ["384", "384"]}, "454906": {"hotel_name": "\u9752\u5c9b\u7d22\u83f2\u4e9a\u56fd\u9645\u5927\u9152\u5e97", "order_time": ["2019-01-16 20:45:48"], "total_order": 1, "hotel_value": ["4.6"], "hotel_price": ["261"]}, "470369": {"hotel_name": "\u9752\u5c9b\u96cd\u534e\u5ead\u9152\u5e97", "order_time": ["2019-01-16 20:45:49"], "total_order": 1, "hotel_value": ["4.3"], "hotel_price": ["206"]}, "779884": {"hotel_name": "\u9526\u6c5f\u4e4b\u661f(\u9752\u5c9b\u674e\u6ca7\u5e7f\u573a\u674e\u6751\u5730\u94c1\u7ad9\u5e97)(\u539f\u674e\u6ca7\u5e7f\u573a\u5e97)", "order_time": ["2019-01-16 20:45:52"], "total_order": 1, "hotel_value": ["4.3"], "hotel_price": ["99"]}, "21124467": {"hotel_name": "\u9752\u5c9b\u65af\u7ef4\u767b\u7cbe\u54c1\u516c\u5bd3(\u4f1a\u5c55\u4e2d\u5fc3\u77f3\u8001\u4eba\u6d77\u6c34\u6d74\u573a)", "order_time": ["2019-01-16 20:45:53"], "total_order": 1, "hotel_value": ["4.9"], "hotel_price": ["801"]}, "1606905": {"hotel_name": "\u9752\u5c9b\u5174\u5b89\u5927\u9152\u5e97", "order_time": ["2019-01-16 20:45:55"], "total_order": 1, "hotel_value": ["4.4"], "hotel_price": ["134"]}, "1502494": {"hotel_name": "\u5982\u5bb6\u5feb\u6377\u9152\u5e97(\u9752\u5c9b\u706b\u8f66\u7ad9\u6808\u6865\u5e97)", "order_time": ["2019-01-16 20:45:56"], "total_order": 1, "hotel_value": ["4.2"], "hotel_price": ["78"]}, "19853118": {"hotel_name": "\u51ef\u66fc\u5ea6\u5047\u516c\u5bd3(\u9752\u5c9b\u5ef6\u5409\u8defCBD\u5e97)", "order_time": ["2019-01-16 20:45:57"], "total_order": 1, "hotel_value": ["4.8"], "hotel_price": ["94"]}, "1743849": {"hotel_name": "\u541b\u5c1a\u5047\u65e5\u9152\u5e97\u516c\u5bd3(\u9752\u5c9b\u5927\u62c7\u6307\u5e7f\u573a\u56fd\u9645\u4f1a\u5c55\u4e2d\u5fc3\u5e97)", "order_time": ["2019-01-16 20:45:57"], "total_order": 1, "hotel_value": ["4.7"], "hotel_price": ["94"]}, "1205324": {"hotel_name": "\u5c1a\u5ba2\u4f18\u5feb\u6377\u9152\u5e97(\u9752\u5c9b\u706b\u8f66\u5317\u7ad9\u541b\u5cf0\u8def\u5e97)", "order_time": ["2019-01-16 20:45:58"], "total_order": 1, "hotel_value": ["4.3"], "hotel_price": ["79"]}, "772111": {"hotel_name": "\u9752\u5c9b\u5a01\u65af\u6c40\u9152\u5e97", "order_time": ["2019-01-16 20:46:45", "2019-01-16 20:57:44", "2019-01-16 21:24:47", "2019-01-16 20:53:42"], "total_order": 4, "hotel_value": ["4.6", "4.6", "4.6", "4.6"], "hotel_price": ["723", "711", "711", "711"]}, "2301455": {"hotel_name": "\u9526\u6c5f\u4e4b\u661f(\u80f6\u5dde\u5e02\u80f6\u5dde\u4e1c\u8def\u5e97)", "order_time": ["2019-01-16 20:46:46"], "total_order": 1, "hotel_value": ["4.5"], "hotel_price": ["117"]}, "2132624": {"hotel_name": "\u5e73\u5ea6\u6613\u6377\u5047\u65e5\u9152\u5e97", "order_time": ["2019-01-16 20:46:46"], "total_order": 1, "hotel_value": ["4.0"], "hotel_price": ["80"]}, "791924": {"hotel_name": "\u94f6\u5ea7\u4f73\u9a7f\u9152\u5e97(\u5e73\u5ea6\u5929\u6d25\u8def\u5e97)(\u539f\u8679\u5586\u5546\u52a1\u5bbe\u9986)", "order_time": ["2019-01-16 20:46:48"], "total_order": 1, "hotel_value": ["4.4"], "hotel_price": ["99"]}, "23703630": {"hotel_name": "\u5170\u6b27\u9152\u5e97(\u9752\u5c9b\u7ea2\u5c9b\u9ad8\u94c1\u7ad9\u5e97)", "order_time": ["2019-01-16 20:47:59", "2019-01-16 20:52:20"], "total_order": 2, "hotel_value": ["4.8", "4.8"], "hotel_price": ["233", "233"]}, "6466869": {"hotel_name": "\u7c73\u9ad8\u65f6\u5c1a\u9152\u5e97(\u9752\u5c9b\u4e94\u56db\u5e7f\u573a\u8fdc\u6d0b\u5e97)", "order_time": ["2019-01-16 20:47:59"], "total_order": 1, "hotel_value": ["4.4"], "hotel_price": ["132"]}, "1274014": {"hotel_name": "\u9752\u5c9b\u6885\u8bfa\u5c3c\u9152\u5e97", "order_time": ["2019-01-16 21:09:57", "2019-01-16 20:47:59", "2019-01-16 21:01:17"], "total_order": 3, "hotel_value": ["4.6", "4.6", "4.6"], "hotel_price": ["148", "148", "148"]}, "2258446": {"hotel_name": "\u5982\u5bb6\u5feb\u6377\u9152\u5e97(\u9752\u5c9b\u6808\u6865\u4eba\u6c11\u4f1a\u5802\u5730\u94c1\u7ad9\u9f99\u53e3\u8def\u5e97)", "order_time": ["2019-01-16 20:47:59"], "total_order": 1, "hotel_value": ["4.4"], "hotel_price": ["102"]}, "779889": {"hotel_name": "\u9526\u6c5f\u4e4b\u661f(\u9752\u5c9b\u4e94\u56db\u5e7f\u573a\u5357\u4eac\u8def\u5730\u94c1\u7ad9\u5e97)", "order_time": ["2019-01-16 20:47:59"], "total_order": 1, "hotel_value": ["4.4"], "hotel_price": ["129"]}, "427965": {"hotel_name": "\u5982\u5bb6\u5546\u65c5\u9152\u5e97(\u9752\u5c9b\u4e94\u56db\u5e7f\u573a\u5c71\u4e1c\u8def\u6fb3\u67ef\u739b\u7acb\u4ea4\u6865\u5e97)", "order_time": ["2019-01-16 20:48:00", "2019-01-16 21:21:08"], "total_order": 2, "hotel_value": ["4.7", "4.7"], "hotel_price": ["199", "199"]}, "5073599": {"hotel_name": "\u827e\u5c4b\u9152\u5e97\u516c\u5bd3(\u9752\u5c9b\u90ae\u8f6e\u6bcd\u6e2f\u5e97)", "order_time": ["2019-01-16 20:48:00"], "total_order": 1, "hotel_value": ["4.7"], "hotel_price": ["73"]}, "2970464": {"hotel_name": "\u6613\u4f70\u8fde\u9501\u9152\u5e97\uff08\u9752\u5c9b\u706b\u8f66\u7ad9\u6808\u6865 \u5288\u67f4\u9662\u5e97\uff09", "order_time": ["2019-01-16 20:48:00"], "total_order": 1, "hotel_value": ["4.0"], "hotel_price": ["59"]}, "449574": {"hotel_name": "\u9752\u5c9b\u996d\u5e97", "order_time": ["2019-01-16 20:48:01"], "total_order": 1, "hotel_value": ["4.2"], "hotel_price": ["201"]}, "1183363": {"hotel_name": "\u9752\u5c9b\u6052\u661f\u5927\u9152\u5e97", "order_time": ["2019-01-16 20:48:01"], "total_order": 1, "hotel_value": ["4.4"], "hotel_price": ["256"]}, "20058929": {"hotel_name": "\u5343\u5bbf\u6d77\u666f\u5ea6\u5047\u516c\u5bd3(\u9752\u5c9b\u4f1a\u5c55\u4e2d\u5fc3\u77f3\u8001\u4eba\u6d74\u573a\u5e97)", "order_time": ["2019-01-16 20:48:01"], "total_order": 1, "hotel_value": ["4.8"], "hotel_price": ["208"]}, "393099": {"hotel_name": "\u9752\u5c9b\u5bcc\u529b\u827e\u7f8e\u9152\u5e97", "order_time": ["2019-01-16 20:48:06"], "total_order": 1, "hotel_value": ["4.6"], "hotel_price": ["571"]}, "1741177": {"hotel_name": "\u91d1\u72ee100\u8fde\u9501\u5bbe\u9986(\u9752\u5c9b\u6d41\u4ead\u673a\u573a\u5e97)", "order_time": ["2019-01-16 21:01:09", "2019-01-16 20:48:08", "2019-01-16 20:52:26"], "total_order": 3, "hotel_value": ["3.5", "3.5", "3.5"], "hotel_price": ["58", "58", "58"]}, "445583": {"hotel_name": "\u9752\u5c9b\u4eba\u5bb6\u5546\u52a1\u9152\u5e97", "order_time": ["2019-01-16 20:48:13", "2019-01-16 21:25:49"], "total_order": 2, "hotel_value": ["4.0", "4.0"], "hotel_price": ["83", "83"]}, "2147568": {"hotel_name": "\u83b1\u897f\u534e\u73ba\u5927\u9152\u5e97", "order_time": ["2019-01-16 20:48:55"], "total_order": 1, "hotel_value": ["4.7"], "hotel_price": ["449"]}, "427955": {"hotel_name": "\u5982\u5bb6\u5feb\u6377\u9152\u5e97(\u9752\u5c9b\u53f0\u4e1c\u6b65\u884c\u8857\u5e97)", "order_time": ["2019-01-16 20:50:14"], "total_order": 1, "hotel_value": ["4.5"], "hotel_price": ["104"]}, "16127878": {"hotel_name": "\u9752\u5c9b\u73e0\u5c71\u5927\u996d\u5e97", "order_time": ["2019-01-16 20:50:18"], "total_order": 1, "hotel_value": ["4.7"], "hotel_price": ["290"]}, "5982133": {"hotel_name": "\u9752\u5c9b\u68a6\u9014\u5ea6\u5047\u516c\u5bd3(\u4e2d\u8054\u81ea\u7531\u6e2f\u6e7e\u90ae\u8f6e\u6bcd\u6e2f\u5e97)", "order_time": ["2019-01-16 20:50:20"], "total_order": 1, "hotel_value": ["4.7"], "hotel_price": ["73"]}, "2704056": {"hotel_name": "\u9752\u5c9b\u7389\u987a\u519c\u5bb6\u5bb4", "order_time": ["2019-01-16 20:51:22"], "total_order": 1, "hotel_value": [0], "hotel_price": ["151"]}, "8576043": {"hotel_name": "\u7f8e\u5bbf\u5047\u65e5\u6d77\u666f\u9152\u5e97(\u9752\u5c9b\u543e\u60a6\u5e7f\u573a\u5e97)(\u539f\u7f8e\u5bbf\u5047\u65e5\u9152\u5e97)", "order_time": ["2019-01-16 20:52:20"], "total_order": 1, "hotel_value": ["4.6"], "hotel_price": ["155"]}, "446500": {"hotel_name": "\u7cbe\u9014\u9152\u5e97(\u9752\u5c9b\u56fd\u9645\u4f1a\u5c55\u4e2d\u5fc3\u5e97)(\u539f\u57ce\u5e02\u5bb6\u5546\u52a1\u9152\u5e97\u4f1a\u5c55\u4e2d\u5fc3\u5e97)", "order_time": ["2019-01-16 20:52:20", "2019-01-16 21:01:16"], "total_order": 2, "hotel_value": ["4.3", "4.3"], "hotel_price": ["116", "116"]}, "994153": {"hotel_name": "\u5982\u5bb6\u5feb\u6377\u9152\u5e97(\u9752\u5c9b\u706b\u8f66\u5317\u7ad9\u5e97)", "order_time": ["2019-01-16 20:52:23"], "total_order": 1, "hotel_value": ["4.3"], "hotel_price": ["175"]}, "1480360": {"hotel_name": "\u5c1a\u5ba2\u4f18\u5feb\u6377\u9152\u5e97(\u9752\u5c9b\u674e\u6751\u6b65\u884c\u8857\u5e97)", "order_time": ["2019-01-16 20:52:25"], "total_order": 1, "hotel_value": ["3.6"], "hotel_price": ["79"]}, "1840574": {"hotel_name": "\u5c1a\u5ba2\u4f18\u5feb\u6377\u9152\u5e97(\u9752\u5c9b\u9ec4\u5c9b\u533a\u4e24\u6cb3\u8def\u6d77\u6c34\u6d74\u573a\u5e97)", "order_time": ["2019-01-16 20:52:26"], "total_order": 1, "hotel_value": ["4.5"], "hotel_price": ["94"]}, "451125": {"hotel_name": "\u90fd\u5e02118(\u9752\u5c9b\u4e95\u5188\u5c71\u8def\u5e97)", "order_time": ["2019-01-16 20:52:26"], "total_order": 1, "hotel_value": ["4.5"], "hotel_price": ["69"]}, "1786880": {"hotel_name": "\u9752\u5c9b\u5e1d\u8c6a\u5546\u52a1\u9152\u5e97", "order_time": ["2019-01-16 21:09:58", "2019-01-16 21:16:42", "2019-01-16 20:52:26"], "total_order": 3, "hotel_value": ["4.4", "4.4", "4.4"], "hotel_price": ["91", "91", "109"]}, "5998475": {"hotel_name": "\u6db5\u820d\u60a6\u5c45\u7cbe\u54c1\u9152\u5e97(\u9752\u5c9b\u4e07\u5e74\u6cc9\u8def\u5730\u94c1\u7ad9\u5e97)", "order_time": ["2019-01-16 20:54:35"], "total_order": 1, "hotel_value": ["4.6"], "hotel_price": ["199"]}, "440316": {"hotel_name": "\u9752\u5c9b\u56db\u65b9\u5927\u9152\u5e97", "order_time": ["2019-01-16 20:54:36", "2019-01-16 21:11:54"], "total_order": 2, "hotel_value": ["4.4", "4.4"], "hotel_price": ["72", "72"]}, "5522887": {"hotel_name": "\u9752\u5c9b\u826f\u53cb\u5927\u9152\u5e97", "order_time": ["2019-01-16 20:54:45"], "total_order": 1, "hotel_value": ["4.3"], "hotel_price": ["109"]}, "2013178": {"hotel_name": "\u80f6\u5dde\u540d\u4eba\u4e4b\u661f\u9152\u5e97", "order_time": ["2019-01-16 20:55:38"], "total_order": 1, "hotel_value": ["3.7"], "hotel_price": ["98"]}, "25557473": {"hotel_name": "\u9752\u5c9b\u68e0\u66fc\u9152\u5e97", "order_time": ["2019-01-16 20:56:40"], "total_order": 1, "hotel_value": ["4.6"], "hotel_price": ["139"]}, "1406851": {"hotel_name": "\u5982\u5bb6\u777f\u67cf\u00b7\u4e91\u9152\u5e97(\u9752\u5c9b\u5f00\u53d1\u533a\u9999\u6c5f\u8def\u5546\u4e1a\u8857\u5229\u7fa4\u5e97)", "order_time": ["2019-01-16 20:56:43"], "total_order": 1, "hotel_value": ["4.6"], "hotel_price": ["119"]}, "1290135": {"hotel_name": "\u5586\u60a6\u7cbe\u54c1\u8fde\u9501\u9152\u5e97(\u9752\u5c9b\u674e\u6751\u6b65\u884c\u8857\u541b\u5cf0\u8def\u5730\u94c1\u7ad9\u5e97)", "order_time": ["2019-01-16 20:56:44"], "total_order": 1, "hotel_value": ["4.2"], "hotel_price": ["81"]}, "791853": {"hotel_name": "\u94f6\u5ea7\u4f73\u9a7f\u9152\u5e97(\u5373\u58a8\u9e64\u5c71\u8def\u4f73\u4e50\u5bb6\u4e00\u5e97)", "order_time": ["2019-01-16 20:56:44"], "total_order": 1, "hotel_value": ["4.1"], "hotel_price": ["76"]}, "995169": {"hotel_name": "\u94f6\u5ea7\u4f73\u9a7f\u9152\u5e97(\u5373\u58a8\u5c0f\u5546\u54c1\u57ce\u5e97)", "order_time": ["2019-01-16 21:11:58", "2019-01-16 20:56:50"], "total_order": 2, "hotel_value": ["4.3", "4.3"], "hotel_price": ["120", "140"]}, "1546527": {"hotel_name": "\u9752\u5c9b\u6c34\u6728\u4f73\u9a7f\u5bbe\u9986", "order_time": ["2019-01-16 20:57:04"], "total_order": 1, "hotel_value": [0], "hotel_price": ["38"]}, "996027": {"hotel_name": "\u9752\u5c9b\u91d1\u6c99\u6ee9\u5e0c\u5c14\u987f\u9152\u5e97", "order_time": ["2019-01-16 20:58:49"], "total_order": 1, "hotel_value": ["4.6"], "hotel_price": ["663"]}, "1734724": {"hotel_name": "\u9752\u5c9b\u56fd\u4fe1\u4e1c\u65b9\u4e4b\u661f\u9152\u5e97", "order_time": ["2019-01-16 20:58:50"], "total_order": 1, "hotel_value": ["4.7"], "hotel_price": ["158"]}, "1306753": {"hotel_name": "\u9752\u5c9b\u51ef\u83b1\u5546\u52a1\u9152\u5e97", "order_time": ["2019-01-16 21:03:20", "2019-01-16 20:58:51"], "total_order": 2, "hotel_value": ["4.2", "4.2"], "hotel_price": ["166", "166"]}, "23476363": {"hotel_name": "\u90fd\u5e02118\u8fde\u9501\u9152\u5e97(\u9752\u5c9b\u5e7f\u7535\u5927\u53a6\u5e97)", "order_time": ["2019-01-16 20:58:52"], "total_order": 1, "hotel_value": ["4.7"], "hotel_price": ["98"]}, "1734527": {"hotel_name": "\u9752\u5c9b\u7d2b\u8346\u82d1\u5bbe\u9986", "order_time": ["2019-01-16 20:58:54"], "total_order": 1, "hotel_value": ["4.6"], "hotel_price": ["351"]}, "8426688": {"hotel_name": "\u5982\u5bb6\u7cbe\u9009\u9152\u5e97(\u9752\u5c9b\u706b\u8f66\u7ad9\u6808\u6865\u5e97)", "order_time": ["2019-01-16 20:58:55"], "total_order": 1, "hotel_value": ["4.6"], "hotel_price": ["164"]}, "2357425": {"hotel_name": "\u9752\u5e74\u00b7\u90fd\u5e02\u8ff7\u4f60(\u9752\u5c9b\u5564\u9152\u8857\u5e97)", "order_time": ["2019-01-16 20:58:56", "2019-01-16 21:16:42"], "total_order": 2, "hotel_value": ["4.5", "4.5"], "hotel_price": ["50", "50"]}, "690005": {"hotel_name": "\u9752\u5c9b\u7d2b\u4e01\u9999\u996d\u5e97", "order_time": ["2019-01-16 20:58:56"], "total_order": 1, "hotel_value": ["4.5"], "hotel_price": ["208"]}, "5301639": {"hotel_name": "\u9752\u5c9b\u65af\u7ef4\u767b\u5ea6\u5047\u516c\u5bd3(\u91d1\u6c99\u6ee9\u5929\u9e93\u6e56)", "order_time": ["2019-01-16 21:01:04"], "total_order": 1, "hotel_value": ["4.6"], "hotel_price": ["134"]}, "1261482": {"hotel_name": "\u90fd\u5e02\u4f18\u54c1\u9152\u5e97(\u9752\u5c9b\u4e16\u56ed\u4f1a\u5e7f\u573a\u5e97)", "order_time": ["2019-01-16 21:01:09"], "total_order": 1, "hotel_value": ["3.6"], "hotel_price": ["159"]}, "4154655": {"hotel_name": "\u9752\u5c9b\u56db\u5b63\u6d77\u5cb8\u6d77\u666f\u5ea6\u5047\u516c\u5bd3", "order_time": ["2019-01-16 21:01:11"], "total_order": 1, "hotel_value": ["4.7"], "hotel_price": ["121"]}, "2599635": {"hotel_name": "\u5982\u5bb6\u5feb\u6377\u9152\u5e97(\u9752\u5c9b\u6d41\u4ead\u673a\u573a\u9ed1\u9f99\u6c5f\u5317\u8def\u57ce\u4e2d\u57ce\u5e97)", "order_time": ["2019-01-16 21:01:14"], "total_order": 1, "hotel_value": ["4.6"], "hotel_price": ["267"]}, "2057366": {"hotel_name": "\u5982\u5bb6\u5feb\u6377\u9152\u5e97(\u9752\u5c9b\u91cd\u5e86\u4e2d\u8def\u674e\u6ca7\u6b65\u884c\u8857\u5e97)", "order_time": ["2019-01-16 21:01:15"], "total_order": 1, "hotel_value": ["4.5"], "hotel_price": ["135"]}, "8575800": {"hotel_name": "\u9752\u5c9b\u7231\u5427\u4e3b\u9898\u516c\u5bd3", "order_time": ["2019-01-16 21:01:18"], "total_order": 1, "hotel_value": ["4.6"], "hotel_price": ["124"]}, "1257206": {"hotel_name": "\u7231\u5ba2100\u5546\u52a1\u5bbe\u9986(\u9752\u5c9b\u897f\u7530\u5e97)", "order_time": ["2019-01-16 21:01:18"], "total_order": 1, "hotel_value": ["4.0"], "hotel_price": ["79"]}, "994151": {"hotel_name": "\u5982\u5bb6\u5feb\u6377\u9152\u5e97(\u9752\u5c9b\u674e\u6751\u5730\u94c1\u7ad9\u4eac\u53e3\u8def\u5e97)", "order_time": ["2019-01-16 21:18:57", "2019-01-16 21:03:18"], "total_order": 2, "hotel_value": ["4.5", "4.5"], "hotel_price": ["109", "109"]}, "13180834": {"hotel_name": "\u5c1a\u5ba2\u4f18\u7cbe\u9009\u9152\u5e97(\u9752\u5c9b\u4e16\u7eaa\u516c\u56ed\u6d41\u4ead\u673a\u573a\u5e97)(\u539f\u57ce\u9633\u4e16\u7eaa\u516c\u56ed\u5e97)", "order_time": ["2019-01-16 21:03:20"], "total_order": 1, "hotel_value": ["4.7"], "hotel_price": ["146"]}, "2349816": {"hotel_name": "\u9752\u5c9b\u798f\u81f4\u5546\u52a1\u4e3b\u9898\u7cbe\u54c1\u9152\u5e97", "order_time": ["2019-01-16 21:03:21", "2019-01-16 21:14:26"], "total_order": 2, "hotel_value": ["4.5", "4.5"], "hotel_price": ["89", "89"]}, "1874920": {"hotel_name": "\u5c1a\u5ba2\u4f18\u5feb\u6377\u9152\u5e97(\u5373\u58a8\u6c7d\u8f66\u603b\u7ad9\u5e97)", "order_time": ["2019-01-16 21:03:27"], "total_order": 1, "hotel_value": ["4.6"], "hotel_price": ["94"]}, "1200111": {"hotel_name": "\u559c\u5ba2\u6765\u5927\u9152\u5e97(\u9752\u5c9b\u6d41\u4ead\u673a\u573a\u5e97)(\u539f\u57ce\u9633\u5e97)", "order_time": ["2019-01-16 21:03:28"], "total_order": 1, "hotel_value": ["4.4"], "hotel_price": ["113"]}, "690618": {"hotel_name": "\u9752\u5c9b\u4e09\u516d\u516b\u8fde\u9501\u5bbe\u9986(\u6d41\u4ead\u673a\u573a\u5e97)", "order_time": ["2019-01-16 21:03:30"], "total_order": 1, "hotel_value": ["4.0"], "hotel_price": ["75"]}, "21125543": {"hotel_name": "\u591a\u7ef4\u7a7a\u95f4\u4e3b\u9898\u9152\u5e97(\u9752\u5c9b\u65d7\u8230\u5e97)", "order_time": ["2019-01-16 21:03:36"], "total_order": 1, "hotel_value": ["4.7"], "hotel_price": ["174"]}, "2305672": {"hotel_name": "\u9752\u5c9b\u5b9c\u9014\u5bbe\u9986", "order_time": ["2019-01-16 21:03:42"], "total_order": 1, "hotel_value": ["4.3"], "hotel_price": ["78"]}, "2045228": {"hotel_name": "\u5e73\u5ea6\u8d5b\u5bb6\u5ba2\u623f", "order_time": ["2019-01-16 21:04:33"], "total_order": 1, "hotel_value": ["4.2"], "hotel_price": ["88"]}, "1863668": {"hotel_name": "\u80f6\u5dde\u541b\u60a6\u5546\u52a1\u5bbe\u9986", "order_time": ["2019-01-16 21:04:34"], "total_order": 1, "hotel_value": ["4.9"], "hotel_price": ["183"]}, "385108": {"hotel_name": "\u9752\u5c9b\u6d77\u5c14\u6d32\u9645\u9152\u5e97", "order_time": ["2019-01-16 21:04:50", "2019-01-16 21:22:38"], "total_order": 2, "hotel_value": ["4.6", "4.6"], "hotel_price": ["798", "798"]}, "6173744": {"hotel_name": "\u5e73\u5ea6\u534e\u73ba\u5927\u9152\u5e97", "order_time": ["2019-01-16 21:04:50", "2019-01-16 21:20:18"], "total_order": 2, "hotel_value": ["4.7", "4.7"], "hotel_price": ["328", "328"]}, "891096": {"hotel_name": "\u84dd\u6d77\u5927\u996d\u5e97(\u9752\u5c9b\u541b\u5cf0\u8def\u5730\u94c1\u7ad9\u5e97)(\u539f\u674e\u6ca7\u5e97)", "order_time": ["2019-01-16 21:05:31"], "total_order": 1, "hotel_value": ["4.6"], "hotel_price": ["482"]}, "901719": {"hotel_name": "7\u5929\u8fde\u9501\u9152\u5e97(\u9752\u5c9b\u6d77\u5c14\u5de5\u4e1a\u56ed\u5b9d\u9f99\u5e7f\u573a\u5e97)", "order_time": ["2019-01-16 21:05:34"], "total_order": 1, "hotel_value": ["4.6"], "hotel_price": ["99"]}, "436462": {"hotel_name": "\u9082\u9005\u7f8e\u5bbf(\u9752\u5c9b\u4e2d\u5c71\u8def\u6808\u6865\u5e97)(\u539f\u9082\u9005\u56fd\u9645\u9752\u5e74\u65c5\u820d(\u4e2d\u5c71\u8def\u5929\u4e3b\u6559\u5802\u5e97))", "order_time": ["2019-01-16 21:05:36"], "total_order": 1, "hotel_value": ["4.5"], "hotel_price": ["30"]}, "8924494": {"hotel_name": "\u6c83\u5fb7\u9152\u5e97\u516c\u5bd3(\u9752\u5c9b\u56fd\u4fe1\u4f1a\u5c55\u4e2d\u5fc3\u5e97)", "order_time": ["2019-01-16 21:27:51", "2019-01-16 21:05:37"], "total_order": 2, "hotel_value": ["4.7", "4.7"], "hotel_price": ["149", "149"]}, "1219519": {"hotel_name": "\u683c\u6797\u8c6a\u6cf0(\u9752\u5c9b\u5f00\u53d1\u533a\u5c71\u4e1c\u79d1\u6280\u5927\u5b66\u5e97)", "order_time": ["2019-01-16 21:05:42"], "total_order": 1, "hotel_value": ["4.0"], "hotel_price": ["148"]}, "2039012": {"hotel_name": "\u5c1a\u5ba2\u4f18\u5feb\u6377\u9152\u5e97(\u9752\u5c9b\u5f00\u53d1\u533a\u957f\u6c5f\u4e2d\u8def\u533a\u653f\u5e9c\u5e97)", "order_time": ["2019-01-16 21:05:42"], "total_order": 1, "hotel_value": ["3.7"], "hotel_price": ["115"]}, "17192038": {"hotel_name": "\u8302\u53f7\u5ea6\u5047\u516c\u5bd3\u9152\u5e97(\u9752\u5c9b\u4e07\u8fbe\u4e1c\u65b9\u5f71\u90fd\u5e97)", "order_time": ["2019-01-16 21:05:42"], "total_order": 1, "hotel_value": ["4.6"], "hotel_price": ["83"]}, "5766716": {"hotel_name": "\u9752\u5c9b\u5982\u5bb6\u99a8\u82d1\u6808\u6865\u6d77\u666f\u65e5\u79df\u623f", "order_time": ["2019-01-16 21:05:42"], "total_order": 1, "hotel_value": ["4.0"], "hotel_price": ["16"]}, "994189": {"hotel_name": "\u4eac\u82d1\u8fde\u9501\u9152\u5e97(\u9752\u5c9b\u6781\u5730\u6d77\u6d0b\u4e16\u754c\u5e97)", "order_time": ["2019-01-16 21:05:43"], "total_order": 1, "hotel_value": ["4.5"], "hotel_price": ["88"]}, "28761837": {"hotel_name": "\u9752\u5c9b\u9c81\u8bfaR\u9152\u5e97", "order_time": ["2019-01-16 21:05:50"], "total_order": 1, "hotel_value": [0], "hotel_price": ["339"]}, "5667955": {"hotel_name": "\u542f\u9f99\u5546\u52a1\u5bbe\u9986(\u9752\u5c9b\u65b9\u7279\u6e38\u4e50\u573a\u5e97)", "order_time": ["2019-01-16 21:05:53"], "total_order": 1, "hotel_value": ["3.6"], "hotel_price": ["100"]}, "797495": {"hotel_name": "\u9752\u5c9b\u6808\u6865\u706b\u8f66\u7ad9\u6d77\u666f\u65e5\u79df\u623f", "order_time": ["2019-01-16 21:05:55"], "total_order": 1, "hotel_value": ["4.9"], "hotel_price": ["35"]}, "2085688": {"hotel_name": "\u5e73\u5ea6\u84dd\u78e8\u574a\u4e3b\u9898\u9152\u5e97", "order_time": ["2019-01-16 21:06:43"], "total_order": 1, "hotel_value": ["3.9"], "hotel_price": ["111"]}, "2638267": {"hotel_name": "\u6c49\u5ead\u9152\u5e97(\u9752\u5c9b\u6d77\u5c14\u8def\u56fd\u9645\u4f1a\u5c55\u4e2d\u5fc3\u5e97)", "order_time": ["2019-01-16 21:07:44"], "total_order": 1, "hotel_value": ["4.5"], "hotel_price": ["208"]}, "1483767": {"hotel_name": "\u9752\u5c9b\u76db\u817e\u7cbe\u54c1\u9152\u5e97\u516c\u5bd3", "order_time": ["2019-01-16 21:07:57"], "total_order": 1, "hotel_value": ["4.1"], "hotel_price": ["71"]}, "22673546": {"hotel_name": "\u9752\u5c9b\u65af\u7ef4\u767b\u5ea6\u5047\u516c\u5bd3(\u57ce\u9633\u533a\u653f\u5e9c)", "order_time": ["2019-01-16 21:07:57"], "total_order": 1, "hotel_value": ["4.8"], "hotel_price": ["119"]}, "9361728": {"hotel_name": "\u9752\u5c9b\u6d45\u91ce\u516c\u5bd3", "order_time": ["2019-01-16 21:07:57", "2019-01-16 21:09:55"], "total_order": 2, "hotel_value": ["4.6", "4.6"], "hotel_price": ["99", "99"]}, "24055729": {"hotel_name": "\u5c1a\u5ba2\u4f18\u7cbe\u9009\u9152\u5e97(\u9752\u5c9b\u4e94\u56db\u5e7f\u573a\u5965\u5e06\u5e97)", "order_time": ["2019-01-16 21:07:57"], "total_order": 1, "hotel_value": ["4.7"], "hotel_price": ["145"]}, "1990441": {"hotel_name": "\u946b\u5b87\u987a\u5bbe\u9986(\u9752\u5c9b\u4e2d\u5c71\u8def\u5288\u67f4\u9662\u5e97)", "order_time": ["2019-01-16 21:23:40", "2019-01-16 21:08:03"], "total_order": 2, "hotel_value": ["4.3", "4.3"], "hotel_price": ["60", "60"]}, "2302784": {"hotel_name": "\u9752\u5c9b\u6d77\u4e4b\u5b50\u5927\u9152\u5e97", "order_time": ["2019-01-16 21:09:53"], "total_order": 1, "hotel_value": ["3.7"], "hotel_price": ["168"]}, "9210540": {"hotel_name": "\u5982\u5bb6\u5546\u65c5\u9152\u5e97(\u9752\u5c9b\u6808\u6865\u706b\u8f66\u7ad9\u5730\u94c1\u7ad9\u5e97)", "order_time": ["2019-01-16 21:09:54"], "total_order": 1, "hotel_value": ["4.7"], "hotel_price": ["113"]}, "2582773": {"hotel_name": "\u6c49\u5ead\u9152\u5e97(\u9752\u5c9b\u706b\u8f66\u7ad9\u4e1c\u5e7f\u573a\u5e97)", "order_time": ["2019-01-16 21:09:54"], "total_order": 1, "hotel_value": ["4.4"], "hotel_price": ["132"]}, "6264032": {"hotel_name": "\u9752\u5c9b\u65bd\u6cf0\u6839\u535a\u9601\u57ce\u9645\u9152\u5e97", "order_time": ["2019-01-16 21:10:00"], "total_order": 1, "hotel_value": ["4.7"], "hotel_price": ["248"]}, "1649931": {"hotel_name": "\u9752\u5c9b\u65b0\u4e16\u4f73\u5546\u52a1\u5bbe\u9986", "order_time": ["2019-01-16 21:10:01"], "total_order": 1, "hotel_value": ["4.3"], "hotel_price": ["84"]}, "5466976": {"hotel_name": "\u56db\u5b63\u7cbe\u9009\u9152\u5e97\u516c\u5bd3(\u9752\u5c9b\u81ea\u7531\u6e2f\u6e7e\u5e97)(\u539f\u67cf\u5c4b\u9152\u5e97\u516c\u5bd3)", "order_time": ["2019-01-16 21:10:15"], "total_order": 1, "hotel_value": ["4.6"], "hotel_price": ["65"]}, "3065903": {"hotel_name": "\u9752\u5c9b\u5e7f\u5bcc\u6e90\u5546\u52a1\u5bbe\u9986", "order_time": ["2019-01-16 21:10:16"], "total_order": 1, "hotel_value": ["3.4"], "hotel_price": ["126"]}, "1677914": {"hotel_name": "\u9752\u5c9b\u9ad8\u6821\u9999\u6f9c\u5bbe\u9986", "order_time": ["2019-01-16 21:11:54"], "total_order": 1, "hotel_value": ["3.0"], "hotel_price": ["138"]}, "986295": {"hotel_name": "\u84dd\u6d77\u5927\u996d\u5e97(\u9752\u5c9b\u5d02\u5c71\u5e97)", "order_time": ["2019-01-16 21:11:56"], "total_order": 1, "hotel_value": ["4.7"], "hotel_price": ["1023"]}, "450881": {"hotel_name": "\u9752\u5c9b\u57ce\u9633\u5fb7\u6cf0\u5927\u9152\u5e97", "order_time": ["2019-01-16 21:11:57"], "total_order": 1, "hotel_value": ["4.6"], "hotel_price": ["423"]}, "2305447": {"hotel_name": "\u9526\u6c5f\u4e4b\u661f(\u9752\u5c9b\u91cd\u5e86\u5357\u8def\u9ea6\u5fb7\u9f99\u5e97)", "order_time": ["2019-01-16 21:12:03"], "total_order": 1, "hotel_value": ["4.6"], "hotel_price": ["149"]}, "2301689": {"hotel_name": "\u5c1a\u5ba2\u4f18\u5feb\u6377\u9152\u5e97(\u9752\u5c9b\u5f00\u53d1\u533a\u9ec4\u6cb3\u4e2d\u8def\u5e97)", "order_time": ["2019-01-16 21:12:05"], "total_order": 1, "hotel_value": ["3.1"], "hotel_price": ["93"]}, "13967565": {"hotel_name": "\u6eaa\u5ead\u7cbe\u9009\u670d\u52a1\u5f0f\u516c\u5bd3(\u9752\u5c9b\u9ad8\u65b0\u533a\u51ef\u4e30\u56fd\u9645\u91d1\u878d\u5e7f\u573a\u5e97)", "order_time": ["2019-01-16 21:12:10"], "total_order": 1, "hotel_value": ["4.3"], "hotel_price": ["128"]}, "2045313": {"hotel_name": "\u5c1a\u5ba2\u4f18\u5feb\u6377\u9152\u5e97(\u5e73\u5ea6\u4eba\u6c11\u8def\u5e97)", "order_time": ["2019-01-16 21:13:42"], "total_order": 1, "hotel_value": ["4.3"], "hotel_price": ["114"]}, "2163950": {"hotel_name": "\u83b1\u897f\u8c6a\u79a7\u6765\u5546\u52a1\u9152\u5e97", "order_time": ["2019-01-16 21:13:42"], "total_order": 1, "hotel_value": ["4.6"], "hotel_price": ["94"]}, "1209773": {"hotel_name": "\u9752\u5c9b\u71d5\u5c9b\u4e4b\u661f\u5047\u65e5\u516c\u5bd3", "order_time": ["2019-01-16 21:14:18"], "total_order": 1, "hotel_value": ["4.5"], "hotel_price": ["74"]}, "2612145": {"hotel_name": "\u7231\u5c0a\u5ba2\u9152\u5e97(\u9752\u5c9b\u9047\u9752\u57ce\u53f0\u4e1c\u5564\u9152\u8857\u5e97)", "order_time": ["2019-01-16 21:14:19"], "total_order": 1, "hotel_value": ["4.6"], "hotel_price": ["93"]}, "2329361": {"hotel_name": "\u9752\u5c9b\u65af\u7ef4\u767b\u5ea6\u5047\u516c\u5bd3(\u90ae\u8f6e\u6bcd\u6e2f\u5e97)", "order_time": ["2019-01-16 21:25:35", "2019-01-16 21:14:25"], "total_order": 2, "hotel_value": ["4.7", "4.7"], "hotel_price": ["124", "124"]}, "5466788": {"hotel_name": "\u82b1\u6eaa\u82b1\u56ed\u9152\u5e97(\u9752\u5c9b\u6d41\u4ead\u673a\u573a\u5e97)", "order_time": ["2019-01-16 21:14:25"], "total_order": 1, "hotel_value": ["4.4"], "hotel_price": ["198"]}, "6825957": {"hotel_name": "\u9752\u5c9b\u7ef4\u591a\u5229\u4e9a\u54c1\u5982\u5bb6\u56ed\u9152\u5e97\u5f0f\u516c\u5bd3", "order_time": ["2019-01-16 21:14:26"], "total_order": 1, "hotel_value": ["4.3"], "hotel_price": ["224"]}, "1362922": {"hotel_name": "\u9752\u5c9b\u7ea2\u661f\u6d77\u8fb9\u5ba2\u6808", "order_time": ["2019-01-16 21:14:31"], "total_order": 1, "hotel_value": ["4.3"], "hotel_price": ["184"]}, "5074733": {"hotel_name": "\u83b1\u897f\u5e7f\u80dc\u5927\u9152\u5e97", "order_time": ["2019-01-16 21:15:54"], "total_order": 1, "hotel_value": ["4.4"], "hotel_price": ["94"]}, "1568373": {"hotel_name": "\u9752\u5c9b\u94c2\u91d1\u4e3b\u9898\u9152\u5e97(\u674e\u6751\u6b65\u884c\u8857\u5e97)", "order_time": ["2019-01-16 21:16:43"], "total_order": 1, "hotel_value": ["3.7"], "hotel_price": ["71"]}, "5463838": {"hotel_name": "\u9752\u5c9b\u7761\u673a\u573a\u9152\u5e97", "order_time": ["2019-01-16 21:16:45"], "total_order": 1, "hotel_value": ["4.3"], "hotel_price": ["188"]}, "1730402": {"hotel_name": "\u62dc\u767b\u516c\u5bd3\u00b7\u9752\u5c9b\u4e95\u5188\u5c71\u8def\u5e97", "order_time": ["2019-01-16 21:16:45"], "total_order": 1, "hotel_value": ["4.7"], "hotel_price": ["104"]}, "425590": {"hotel_name": "\u9752\u5c9b\u946b\u6c5f\u6e29\u5fb7\u59c6\u9152\u5e97", "order_time": ["2019-01-16 21:16:56"], "total_order": 1, "hotel_value": ["4.8"], "hotel_price": ["588"]}, "17514278": {"hotel_name": "\u9752\u5c9b\u82b1\u6d77\u76f8\u4f9d\u4e3b\u9898\u5bbe\u9986", "order_time": ["2019-01-16 21:17:18"], "total_order": 1, "hotel_value": ["4.8"], "hotel_price": ["108"]}, "4678399": {"hotel_name": "\u9752\u5c9bCHINA\u516c\u793e\u9996\u5e9c\u9152\u5e97", "order_time": ["2019-01-16 21:18:53"], "total_order": 1, "hotel_value": ["4.2"], "hotel_price": ["403"]}, "794951": {"hotel_name": "\u9752\u5c9b\u673a\u573a\u53cb\u4fe1\u822a\u7a7a\u516c\u5bd3", "order_time": ["2019-01-16 21:18:53"], "total_order": 1, "hotel_value": ["4.0"], "hotel_price": ["124"]}, "5226837": {"hotel_name": "\u9752\u5c9b\u68a7\u6850\u6811\u7cbe\u54c1\u9152\u5e97", "order_time": ["2019-01-16 21:18:55"], "total_order": 1, "hotel_value": ["4.5"], "hotel_price": ["79"]}, "10118500": {"hotel_name": "\u90fd\u5e02118\u7cbe\u9009\u9152\u5e97(\u9752\u5c9b\u5bb6\u4f73\u6e90\u4e00\u54c1\u51a0\u5e97)", "order_time": ["2019-01-16 21:18:56"], "total_order": 1, "hotel_value": ["4.6"], "hotel_price": ["104"]}, "2970475": {"hotel_name": "\u5c1a\u5ba2\u4f18\u7cbe\u9009\u9152\u5e97(\u9752\u5c9b\u5c71\u4e1c\u79d1\u6280\u5927\u5b66\u5e97)", "order_time": ["2019-01-16 21:18:58"], "total_order": 1, "hotel_value": ["4.5"], "hotel_price": ["134"]}, "8358075": {"hotel_name": "\u9752\u5c9b\u65af\u7c73\u5170\u6d77\u666f\u5ea6\u5047\u516c\u5bd3\u4e2d\u8054\u81ea\u7531\u6e2f\u6e7e\u5e97", "order_time": ["2019-01-16 21:19:00"], "total_order": 1, "hotel_value": ["4.7"], "hotel_price": ["89"]}, "1070621": {"hotel_name": "\u9752\u5c9b\u5b9c\u5bb699\u8fde\u9501\u5bbe\u9986", "order_time": ["2019-01-16 21:19:01"], "total_order": 1, "hotel_value": ["4.3"], "hotel_price": ["79"]}, "995179": {"hotel_name": "\u94f6\u5ea7\u4f73\u9a7f\u9152\u5e97(\u9752\u5c9b\u91cd\u5e86\u4e2d\u8def\u6d41\u4ead\u673a\u573a\u5e97)", "order_time": ["2019-01-16 21:19:03"], "total_order": 1, "hotel_value": ["4.4"], "hotel_price": ["124"]}, "16102147": {"hotel_name": "\u9752\u5c9b\u65e0\u654c\u6d77\u666f\u6d77\u8fb9\u5ea6\u5047\u5c4b\u9152\u5e97\u5f0f\u516c\u5bd3", "order_time": ["2019-01-16 21:19:05"], "total_order": 1, "hotel_value": ["4.1"], "hotel_price": ["286"]}, "994088": {"hotel_name": "\u5982\u5bb6\u5feb\u6377\u9152\u5e97(\u9752\u5c9b\u9ec4\u5c9b\u80f6\u5357\u4eba\u6c11\u8def\u65b0\u6c7d\u8f66\u7ad9\u5e97)", "order_time": ["2019-01-16 21:19:10"], "total_order": 1, "hotel_value": ["4.4"], "hotel_price": ["90"]}, "5246730": {"hotel_name": "\u9752\u5c9b\u5a1c\u9c81\u6e7e\u5bbe\u9986", "order_time": ["2019-01-16 21:19:19"], "total_order": 1, "hotel_value": ["4.3"], "hotel_price": ["50"]}, "2042651": {"hotel_name": "\u80f6\u5dde\u6d77\u9716\u8f69\u8fde\u9501\u9152\u5e97", "order_time": ["2019-01-16 21:20:19"], "total_order": 1, "hotel_value": ["4.0"], "hotel_price": ["69"]}, "1360631": {"hotel_name": "\u5c1a\u5ba2\u4f18\u5feb\u6377\u9152\u5e97(\u9752\u5c9b\u5965\u5e06\u4e2d\u5fc3\u5e97)", "order_time": ["2019-01-16 21:21:08"], "total_order": 1, "hotel_value": ["4.0"], "hotel_price": ["85"]}, "2044098": {"hotel_name": "\u6b27\u98de\u8fde\u9501\u9152\u5e97(\u9752\u5c9b\u957f\u9014\u6c7d\u8f66\u7ad9\u5e97)", "order_time": ["2019-01-16 21:21:10"], "total_order": 1, "hotel_value": ["4.0"], "hotel_price": ["78"]}, "1390561": {"hotel_name": "\u9752\u5c9b\u5fae\u7b11\u7cbe\u54c1\u8fde\u9501\u9152\u5e97", "order_time": ["2019-01-16 21:21:12"], "total_order": 1, "hotel_value": ["3.6"], "hotel_price": ["64"]}, "1695390": {"hotel_name": "\u5c1a\u5ba2\u4f18\u5feb\u6377\u9152\u5e97(\u9752\u5c9b\u5d07\u660e\u5c9b\u8def\u5e97)", "order_time": ["2019-01-16 21:21:20"], "total_order": 1, "hotel_value": ["4.1"], "hotel_price": ["124"]}, "8592017": {"hotel_name": "\u9752\u5c9b\u5c9a\u5ead\u7cbe\u54c1\u516c\u5bd3(\u6d77\u5c14\u4e91\u8857\u5e97)", "order_time": ["2019-01-16 21:21:20"], "total_order": 1, "hotel_value": ["4.4"], "hotel_price": ["123"]}, "1509026": {"hotel_name": "\u9752\u5c9b\u5409\u5229\u6765\u5bbe\u9986", "order_time": ["2019-01-16 21:22:03"], "total_order": 1, "hotel_value": [0], "hotel_price": ["68"]}, "7114459": {"hotel_name": "\u9526\u6c5f\u4e4b\u661f\u54c1\u5c1a(\u9752\u5c9b\u897f\u6d77\u5cb8\u6c7d\u8f66\u603b\u7ad9\u5e97)(\u539f\u80f6\u5357\u6c7d\u8f66\u7ad9\u5e97)", "order_time": ["2019-01-16 21:23:28"], "total_order": 1, "hotel_value": ["4.6"], "hotel_price": ["139"]}, "2717691": {"hotel_name": "\u6587\u6d77\u56fd\u9645\u9152\u5e97(\u9752\u5c9b\u91d1\u6c99\u6ee9\u5e97)", "order_time": ["2019-01-16 21:23:30"], "total_order": 1, "hotel_value": ["4.6"], "hotel_price": ["191"]}, "1979422": {"hotel_name": "\u9752\u5c9b\u4f18\u5c1a\u5feb\u6377\u9152\u5e97", "order_time": ["2019-01-16 21:23:31"], "total_order": 1, "hotel_value": ["4.1"], "hotel_price": ["103"]}, "5981297": {"hotel_name": "\u9752\u5c9b\u84dd\u8272\u6d77\u5cb8\u6d77\u666f\u5ea6\u5047\u516c\u5bd3\u4e2d\u8054\u81ea\u7531\u6e2f\u6e7e\u706b\u8f66\u7ad9\u6808\u6865\u5e97", "order_time": ["2019-01-16 21:23:36"], "total_order": 1, "hotel_value": ["4.7"], "hotel_price": ["157"]}, "1730433": {"hotel_name": "\u9752\u5c9b\u4e16\u7f18\u60c5\u5047\u65e5\u9152\u5e97", "order_time": ["2019-01-16 21:23:39"], "total_order": 1, "hotel_value": ["4.5"], "hotel_price": ["158"]}, "997909": {"hotel_name": "\u9752\u5c9b\u51ef\u83b1\u5927\u9152\u5e97", "order_time": ["2019-01-16 21:25:35"], "total_order": 1, "hotel_value": ["4.6"], "hotel_price": ["398"]}, "2082416": {"hotel_name": "7\u5929\u8fde\u9501\u9152\u5e97(\u9752\u5c9b\u6d41\u4ead\u673a\u573a\u5e97)", "order_time": ["2019-01-16 21:25:41"], "total_order": 1, "hotel_value": ["4.1"], "hotel_price": ["129"]}, "21724133": {"hotel_name": "\u5c1a\u5ba2\u4f18\u54c1\u9152\u5e97(\u80f6\u5dde\u5170\u5dde\u4e1c\u8def\u65b0\u6c7d\u8f66\u7ad9\u5e97)", "order_time": ["2019-01-16 21:26:59"], "total_order": 1, "hotel_value": ["4.8"], "hotel_price": ["136"]}, "1483944": {"hotel_name": "\u9752\u5c9b\u878d\u6d77\u4e16\u56ed\u9152\u5e97", "order_time": ["2019-01-16 21:27:52"], "total_order": 1, "hotel_value": ["4.7"], "hotel_price": ["312"]}, "700260": {"hotel_name": "\u9752\u5c9b\u9038\u4e91\u7cbe\u54c1\u9152\u5e97", "order_time": ["2019-01-16 21:27:53"], "total_order": 1, "hotel_value": ["4.5"], "hotel_price": ["119"]}, "21092717": {"hotel_name": "\u745e\u83b1\u9890\u7f8e\u9152\u5e97(\u9752\u5c9b\u6d77\u4e0a\u5609\u5e74\u534e\u5e97)", "order_time": ["2019-01-16 21:27:57"], "total_order": 1, "hotel_value": ["4.6"], "hotel_price": ["136"]}, "2619565": {"hotel_name": "\u5982\u5bb6\u5feb\u6377\u9152\u5e97(\u9752\u5c9b\u56fd\u9645\u4f1a\u5c55\u4e2d\u5fc3\u682a\u6d32\u8def\u9ad8\u79d1\u56ed\u5e97)", "order_time": ["2019-01-16 21:27:59"], "total_order": 1, "hotel_value": ["4.3"], "hotel_price": ["120"]}, "2922951": {"hotel_name": "\u53ef\u4e34\u5b81\u8fde\u9501\u9152\u5e97(\u9752\u5c9b\u6d41\u4ead\u673a\u573a\u62db\u5546\u516c\u793e\u5e97)(\u539f\u62db\u5546\u516c\u793e\u5546\u52a1\u9152\u5e97)", "order_time": ["2019-01-16 21:28:03"], "total_order": 1, "hotel_value": ["4.5"], "hotel_price": ["90"]}, "6455526": {"hotel_name": "\u9752\u5c9b\u67d2\u79a7\u6d77\u666f\u5ea6\u5047\u516c\u5bd3", "order_time": ["2019-01-16 21:28:05"], "total_order": 1, "hotel_value": ["4.8"], "hotel_price": ["133"]}}}