{"\u5f00\u59cb\u8bb0\u5f55\u65f6\u95f4": "2019-01-29 12:49:21", "\u7ed3\u675f\u8bb0\u5f55\u65f6\u95f4": "2019-01-29 13:59:17", "\u8ba2\u5355\u603b\u589e\u91cf": 300, "item": {"455485": {"hotel_name": "\u9752\u5c9b\u5e9c\u65b0\u5927\u53a6", "order_time": ["2019-01-29 12:51:37", "2019-01-29 12:54:15"], "total_order": 2, "hotel_value": ["4.7", "4.7"], "hotel_price": ["426", "426"]}, "1979422": {"hotel_name": "\u9752\u5c9b\u4f18\u5c1a\u5feb\u6377\u9152\u5e97", "order_time": ["2019-01-29 13:23:40", "2019-01-29 12:51:37"], "total_order": 2, "hotel_value": ["4.0", "4.0"], "hotel_price": ["83", "103"]}, "1371788": {"hotel_name": "\u6854\u5b50\u00b7\u6c34\u6676\u9152\u5e97(\u9752\u5c9b\u4e94\u56db\u5e7f\u573a\u6d77\u666f\u5e97)", "order_time": ["2019-01-29 12:59:55", "2019-01-29 12:51:38"], "total_order": 2, "hotel_value": ["4.7", "4.7"], "hotel_price": ["341", "341"]}, "2608124": {"hotel_name": "\u5982\u5bb6\u5feb\u6377\u9152\u5e97(\u9752\u5c9b\u56fd\u9645\u4f1a\u5c55\u4e2d\u5fc3\u77f3\u8001\u4eba\u89c2\u5149\u56ed\u5e97)", "order_time": ["2019-01-29 12:51:38"], "total_order": 1, "hotel_value": ["4.5"], "hotel_price": ["103"]}, "1362922": {"hotel_name": "\u9752\u5c9b\u7ea2\u661f\u6d77\u8fb9\u5ba2\u6808", "order_time": ["2019-01-29 13:55:13", "2019-01-29 12:51:38"], "total_order": 2, "hotel_value": ["4.5", "4.5"], "hotel_price": ["154", "154"]}, "5463838": {"hotel_name": "\u9752\u5c9b\u7761\u673a\u573a\u9152\u5e97", "order_time": ["2019-01-29 12:55:42", "2019-01-29 13:04:09", "2019-01-29 13:35:47", "2019-01-29 12:51:39"], "total_order": 4, "hotel_value": ["4.3", "4.3", "4.3", "4.3"], "hotel_price": ["150", "150", "150", "150"]}, "2163950": {"hotel_name": "\u83b1\u897f\u8c6a\u79a7\u6765\u5546\u52a1\u9152\u5e97", "order_time": ["2019-01-29 12:52:02"], "total_order": 1, "hotel_value": ["4.6"], "hotel_price": ["94"]}, "5894597": {"hotel_name": "\u9752\u5c9b\u7ea2\u6811\u6797\u5ea6\u5047\u4e16\u754c(\u73ca\u745a\u9152\u5e97)", "order_time": ["2019-01-29 12:53:37", "2019-01-29 13:30:46"], "total_order": 2, "hotel_value": ["4.4", "4.4"], "hotel_price": ["410", "410"]}, "1734527": {"hotel_name": "\u9752\u5c9b\u7d2b\u8346\u82d1\u5bbe\u9986", "order_time": ["2019-01-29 12:53:37", "2019-01-29 12:59:50"], "total_order": 2, "hotel_value": ["4.6", "4.6"], "hotel_price": ["290", "290"]}, "440316": {"hotel_name": "\u9752\u5c9b\u56db\u65b9\u5927\u9152\u5e97", "order_time": ["2019-01-29 13:35:48", "2019-01-29 12:53:37"], "total_order": 2, "hotel_value": ["4.4", "4.4"], "hotel_price": ["77", "77"]}, "5980423": {"hotel_name": "\u89c2\u6d77\u57ce\u6d77\u666f\u516c\u5bd3(\u9752\u5c9b\u706b\u8f66\u7ad9\u6808\u6865\u5e97)", "order_time": ["2019-01-29 12:53:38"], "total_order": 1, "hotel_value": ["4.8"], "hotel_price": ["83"]}, "995179": {"hotel_name": "\u94f6\u5ea7\u4f73\u9a7f\u9152\u5e97(\u9752\u5c9b\u91cd\u5e86\u4e2d\u8def\u6d41\u4ead\u673a\u573a\u5e97)", "order_time": ["2019-01-29 12:53:41"], "total_order": 1, "hotel_value": ["4.4"], "hotel_price": ["124"]}, "1717860": {"hotel_name": "\u90fd\u5e02118(\u9752\u5c9b\u706b\u8f66\u7ad9\u5288\u67f4\u9662\u5e97)(\u539f\u5fae\u7b11\u5982\u5bb6\u5546\u52a1\u9152\u5e97\u9752\u5c9b\u4e2d\u5c71\u8def\u5e97)", "order_time": ["2019-01-29 12:53:43", "2019-01-29 12:58:01"], "total_order": 2, "hotel_value": ["4.8", "4.8"], "hotel_price": ["58", "58"]}, "5085390": {"hotel_name": "\u5bbe\u60a6\u9152\u5e97(\u9752\u5c9b\u91cd\u5e86\u5357\u8def\u9ea6\u5fb7\u9f99\u5e97)", "order_time": ["2019-01-29 12:53:45"], "total_order": 1, "hotel_value": [0], "hotel_price": ["119"]}, "659645": {"hotel_name": "\u9752\u5c9b\u5373\u58a8\u534e\u73ba\u5927\u9152\u5e97", "order_time": ["2019-01-29 12:59:56", "2019-01-29 12:55:42"], "total_order": 2, "hotel_value": ["4.7", "4.7"], "hotel_price": ["376", "376"]}, "23880235": {"hotel_name": "\u9752\u5c9b\u745c\u4e0a\u5c71\u95f4\u9152\u5e97", "order_time": ["2019-01-29 13:02:05", "2019-01-29 12:55:42"], "total_order": 2, "hotel_value": ["4.9", "4.9"], "hotel_price": ["717", "717"]}, "700933": {"hotel_name": "678\u9152\u5e97(\u9752\u5c9b\u519c\u5927\u4e3b\u9898\u7cbe\u54c1\u5e97)", "order_time": ["2019-01-29 12:55:43"], "total_order": 1, "hotel_value": ["4.6"], "hotel_price": ["74"]}, "23472335": {"hotel_name": "\u7f8e\u8c6a\u4e3d\u81f4\u9152\u5e97(\u9752\u5c9b\u5e97)", "order_time": ["2019-01-29 12:55:44"], "total_order": 1, "hotel_value": ["4.8"], "hotel_price": ["399"]}, "28761837": {"hotel_name": "\u9752\u5c9b\u9c81\u8bfaR\u9152\u5e97", "order_time": ["2019-01-29 12:55:44", "2019-01-29 13:16:12"], "total_order": 2, "hotel_value": ["4.9", "4.9"], "hotel_price": ["341", "341"]}, "18034506": {"hotel_name": "\u6c49\u5510\u9152\u5e97(\u9752\u5c9b\u6d41\u4ead\u673a\u573a\u5e97)", "order_time": ["2019-01-29 12:56:33", "2019-01-29 12:55:45"], "total_order": 2, "hotel_value": ["4.8", "4.8"], "hotel_price": ["209", "209"]}, "371188": {"hotel_name": "\u9752\u5c9b\u9890\u4e2d\u7687\u51a0\u5047\u65e5\u9152\u5e97", "order_time": ["2019-01-29 13:04:27", "2019-01-29 12:55:45"], "total_order": 2, "hotel_value": ["4.5", "4.5"], "hotel_price": ["581", "581"]}, "17588770": {"hotel_name": "\u9752\u5c9b\u541b\u534e\u5609\u60e0\u9152\u5e97", "order_time": ["2019-01-29 12:55:47"], "total_order": 1, "hotel_value": ["4.7"], "hotel_price": ["179"]}, "8901400": {"hotel_name": "\u6c49\u5ead\u9152\u5e97(\u9752\u5c9b\u6808\u6865\u706b\u8f66\u7ad9\u5e97)", "order_time": ["2019-01-29 12:55:50"], "total_order": 1, "hotel_value": ["4.5"], "hotel_price": ["125"]}, "994247": {"hotel_name": "\u5982\u5bb6\u5feb\u6377\u9152\u5e97(\u5e73\u5ea6\u9752\u5c9b\u8def\u5e97)", "order_time": ["2019-01-29 12:56:27"], "total_order": 1, "hotel_value": ["4.5"], "hotel_price": ["119"]}, "772111": {"hotel_name": "\u9752\u5c9b\u5a01\u65af\u6c40\u9152\u5e97", "order_time": ["2019-01-29 12:57:50", "2019-01-29 13:16:18", "2019-01-29 13:18:33"], "total_order": 3, "hotel_value": ["4.6", "4.6", "4.6"], "hotel_price": ["571", "571", "571"]}, "5301639": {"hotel_name": "\u9752\u5c9b\u65af\u7ef4\u767b\u5ea6\u5047\u516c\u5bd3(\u91d1\u6c99\u6ee9\u5929\u9e93\u6e56)", "order_time": ["2019-01-29 12:57:51", "2019-01-29 13:35:47"], "total_order": 2, "hotel_value": ["4.7", "4.7"], "hotel_price": ["134", "134"]}, "22764589": {"hotel_name": "\u9752\u5c9b\u6e29\u5c0f\u59d0\u516c\u5bd3", "order_time": ["2019-01-29 12:57:53"], "total_order": 1, "hotel_value": ["5.0"], "hotel_price": ["111"]}, "995120": {"hotel_name": "\u94f6\u5ea7\u4f73\u9a7f\u9152\u5e97(\u9752\u5c9b\u4e2d\u592e\u5546\u52a1\u533a\u4e07\u8fbe\u5e7f\u573a\u5e97)(\u539f\u5b81\u590f\u8def\u5e97)", "order_time": ["2019-01-29 12:57:56", "2019-01-29 13:02:05"], "total_order": 2, "hotel_value": ["4.3", "4.3"], "hotel_price": ["104", "104"]}, "5466788": {"hotel_name": "\u82b1\u6eaa\u82b1\u56ed\u9152\u5e97(\u9752\u5c9b\u6d41\u4ead\u673a\u573a\u5e97)", "order_time": ["2019-01-29 12:58:09"], "total_order": 1, "hotel_value": ["4.4"], "hotel_price": ["199"]}, "8415426": {"hotel_name": "\u56db\u5b63\u7cbe\u9009\u9152\u5e97(\u9752\u5c9b\u6d41\u4ead\u673a\u573a\u5e97)", "order_time": ["2019-01-29 12:58:09", "2019-01-29 13:13:47", "2019-01-29 13:04:18"], "total_order": 3, "hotel_value": ["4.6", "4.6", "4.6"], "hotel_price": ["217", "217", "217"]}, "1373259": {"hotel_name": "\u83b1\u897f\u6708\u6e56\u5546\u52a1\u5bbe\u9986", "order_time": ["2019-01-29 12:58:47"], "total_order": 1, "hotel_value": ["4.7"], "hotel_price": ["74"]}, "7684033": {"hotel_name": "\u9752\u5c9b\u6469\u767b\u522b\u820d\u5ea6\u5047\u516c\u5bd3\u4e1c\u65b9\u5f71\u90fd\u4e07\u8fbe\u5e97", "order_time": ["2019-01-29 12:58:58"], "total_order": 1, "hotel_value": ["4.6"], "hotel_price": ["99"]}, "6587715": {"hotel_name": "\u9752\u5c9b\u7f8e\u5885\u5047\u671f\u9152\u5e978\u53f7\u6d77\u8fb9\u522b\u5885", "order_time": ["2019-01-29 12:59:52", "2019-01-29 13:21:11"], "total_order": 2, "hotel_value": ["4.9", "4.9"], "hotel_price": ["298", "298"]}, "427955": {"hotel_name": "\u5982\u5bb6\u5feb\u6377\u9152\u5e97(\u9752\u5c9b\u53f0\u4e1c\u6b65\u884c\u8857\u5e97)", "order_time": ["2019-01-29 12:59:54"], "total_order": 1, "hotel_value": ["4.5"], "hotel_price": ["104"]}, "1888356": {"hotel_name": "\u9752\u5c9b\u751f\u6d3b\u6797\u5927\u9152\u5e97", "order_time": ["2019-01-29 12:59:55"], "total_order": 1, "hotel_value": ["4.0"], "hotel_price": ["59"]}, "1925767": {"hotel_name": "\u9752\u5c9b\u7d2b\u73a5\u94c2\u5c14\u66fc\u9152\u5e97", "order_time": ["2019-01-29 12:59:55", "2019-01-29 13:04:11"], "total_order": 2, "hotel_value": ["4.5", "4.5"], "hotel_price": ["351", "351"]}, "1610334": {"hotel_name": "\u65e5\u5f0f\u7cbe\u54c1\u9152\u5e97\uff08\u9752\u5c9b\u6c38\u65e5\u9999\u5e97\uff09", "order_time": ["2019-01-29 12:59:55"], "total_order": 1, "hotel_value": ["4.6"], "hotel_price": ["69"]}, "450341": {"hotel_name": "\u9752\u5c9b\u6e5b\u5c71\u82b1\u56ed\u9152\u5e97", "order_time": ["2019-01-29 12:59:56"], "total_order": 1, "hotel_value": ["4.6"], "hotel_price": ["329"]}, "1259981": {"hotel_name": "\u9752\u5c9b\u4e2d\u5929\u6d77\u666f\u9152\u5e97\uff08\u6808\u6865\u706b\u8f66\u7ad9\u5e97\uff09", "order_time": ["2019-01-29 12:59:57"], "total_order": 1, "hotel_value": ["4.8"], "hotel_price": ["76"]}, "1700442": {"hotel_name": "\u9752\u5c9b\u9a6c\u53ef\u6ce2\u7f57\u9152\u5e97", "order_time": ["2019-01-29 12:59:57"], "total_order": 1, "hotel_value": ["4.6"], "hotel_price": ["104"]}, "2318142": {"hotel_name": "\u9752\u5c9b\u67ab\u4e39\u767d\u9732\u6d77\u666f\u9152\u5e97\u516c\u5bd3", "order_time": ["2019-01-29 12:59:59"], "total_order": 1, "hotel_value": ["4.7"], "hotel_price": ["81"]}, "1803590": {"hotel_name": "\u9752\u5c9b\u5f00\u5fc3\u65c5\u9986", "order_time": ["2019-01-29 13:01:06"], "total_order": 1, "hotel_value": [0], "hotel_price": ["38"]}, "5264336": {"hotel_name": "\u9e92\u97f5\u516c\u5bd3(\u9752\u5c9b\u4e07\u8c61\u57ce\u4e94\u56db\u5e7f\u573a\u5965\u5e06\u4e2d\u5fc3\u5e97)", "order_time": ["2019-01-29 13:01:09"], "total_order": 1, "hotel_value": ["4.8"], "hotel_price": ["238"]}, "1727504": {"hotel_name": "\u5e73\u5ea6\u5706\u4e2d\u65b9\u5927\u9152\u5e97", "order_time": ["2019-01-29 13:01:11"], "total_order": 1, "hotel_value": ["4.7"], "hotel_price": ["173"]}, "1272884": {"hotel_name": "\u83b1\u897f\u60a6\u6d77\u559c\u6765\u9152\u5e97", "order_time": ["2019-01-29 13:01:11"], "total_order": 1, "hotel_value": ["4.4"], "hotel_price": ["292"]}, "16900448": {"hotel_name": "\u9752\u5c9b\u4e1c\u65b9\u5f71\u90fd\u878d\u521b\u4e07\u8fbe\u5609\u534e\u9152\u5e97", "order_time": ["2019-01-29 13:01:59"], "total_order": 1, "hotel_value": ["4.6"], "hotel_price": ["528"]}, "6801113": {"hotel_name": "\u9752\u5c9b\u5609\u5e74\u534e\u5e7f\u573a\u5927\u9152\u5e97", "order_time": ["2019-01-29 13:01:59"], "total_order": 1, "hotel_value": ["4.7"], "hotel_price": ["465"]}, "536113": {"hotel_name": "\u9752\u5c9b\u5f00\u5143\u540d\u90fd\u5927\u9152\u5e97", "order_time": ["2019-01-29 13:33:14", "2019-01-29 13:01:59", "2019-01-29 13:40:46"], "total_order": 3, "hotel_value": ["4.7", "4.7", "4.7"], "hotel_price": ["386", "386", "386"]}, "5673703": {"hotel_name": "\u9752\u5c9b\u673a\u573a\u5bcc\u534e\u9152\u5e97(\u9999\u6e2f\u4e2d\u8def\u5e97)", "order_time": ["2019-01-29 13:01:59"], "total_order": 1, "hotel_value": ["4.5"], "hotel_price": ["183"]}, "17335633": {"hotel_name": "\u9752\u5c9b\u534e\u5c55\u5609\u5b9c\u9152\u5e97", "order_time": ["2019-01-29 13:02:00"], "total_order": 1, "hotel_value": ["4.9"], "hotel_price": ["124"]}, "1786880": {"hotel_name": "\u9752\u5c9b\u5e1d\u8c6a\u5546\u52a1\u9152\u5e97", "order_time": ["2019-01-29 13:02:00"], "total_order": 1, "hotel_value": ["4.4"], "hotel_price": ["124"]}, "1522247": {"hotel_name": "\u9752\u5c9b\u91d1\u5ea7\u516c\u5bd3\u9152\u5e97", "order_time": ["2019-01-29 13:02:01"], "total_order": 1, "hotel_value": ["4.5"], "hotel_price": ["121"]}, "1226388": {"hotel_name": "\u9752\u5c9b\u6db5\u78a7\u697c\u9152\u5e97", "order_time": ["2019-01-29 13:30:49", "2019-01-29 13:03:26", "2019-01-29 13:02:04", "2019-01-29 13:35:44", "2019-01-29 13:03:27", "2019-01-29 13:33:20", "2019-01-29 13:03:32"], "total_order": 7, "hotel_value": ["4.6", "4.6", "4.6", "4.6", "4.6", "4.6", "4.6"], "hotel_price": ["1779", "1779", "1779", "1779", "1779", "1779", "1779"]}, "8860171": {"hotel_name": "\u5982\u5bb6\u5546\u65c5\u9152\u5e97(\u9752\u5c9b\u706b\u8f66\u5317\u7ad9\u91d1\u6c34\u8def\u5e97)(\u539f\u91cd\u5e86\u8def\u5e97)", "order_time": ["2019-01-29 13:02:05"], "total_order": 1, "hotel_value": ["4.7"], "hotel_price": ["188"]}, "8327511": {"hotel_name": "\u9752\u5c9b\u90fd\u5e02118\u7cbe\u9009\u9152\u5e97\u5373\u58a8\u670d\u88c5\u57ce\u5e97", "order_time": ["2019-01-29 13:02:05"], "total_order": 1, "hotel_value": ["4.6"], "hotel_price": ["102"]}, "2620136": {"hotel_name": "7\u5929\u8fde\u9501\u9152\u5e97(\u9752\u5c9b\u674e\u6ca7\u4e07\u8fbe\u5e7f\u573a\u5e97)", "order_time": ["2019-01-29 13:02:05"], "total_order": 1, "hotel_value": ["4.6"], "hotel_price": ["99"]}, "13740994": {"hotel_name": "\u9752\u5c9b\u90fd\u5e02118\u7cbe\u9009\u9152\u5e97\u6625\u9633\u8def\u5e97", "order_time": ["2019-01-29 13:02:05"], "total_order": 1, "hotel_value": ["4.6"], "hotel_price": ["116"]}, "2209171": {"hotel_name": "\u5c1a\u5ba2\u4f18\u54c1\u9152\u5e97(\u9752\u5c9b\u5f00\u53d1\u533a\u9999\u6c5f\u8def\u957f\u6c5f\u8d2d\u7269\u5e7f\u573a\u5e97)(\u539f\u5c1a\u5ba2\u4f18\u7cbe\u9009\u9152\u5e97)", "order_time": ["2019-01-29 13:02:05"], "total_order": 1, "hotel_value": ["4.7"], "hotel_price": ["104"]}, "1322129": {"hotel_name": "7\u5929\u8fde\u9501\u9152\u5e97(\u9752\u5c9b\u674e\u6751\u5730\u94c1\u7ad9\u5d02\u5c71\u767e\u8d27\u5e97)", "order_time": ["2019-01-29 13:02:05"], "total_order": 1, "hotel_value": ["4.6"], "hotel_price": ["99"]}, "1677774": {"hotel_name": "\u9752\u5c9b\u99a8\u60a6\u8f69\u5ea6\u5047\u516c\u5bd3", "order_time": ["2019-01-29 13:30:59", "2019-01-29 13:02:05"], "total_order": 2, "hotel_value": ["4.6", "4.6"], "hotel_price": ["78", "78"]}, "994155": {"hotel_name": "\u5982\u5bb6\u5feb\u6377\u9152\u5e97(\u9752\u5c9b\u91cd\u5e86\u5357\u8def\u4e07\u79d1\u57ce\u5e97)", "order_time": ["2019-01-29 13:02:05"], "total_order": 1, "hotel_value": ["4.6"], "hotel_price": ["119"]}, "2717691": {"hotel_name": "\u6587\u6d77\u56fd\u9645\u9152\u5e97(\u9752\u5c9b\u91d1\u6c99\u6ee9\u5e97)", "order_time": ["2019-01-29 13:02:05"], "total_order": 1, "hotel_value": ["4.6"], "hotel_price": ["191"]}, "25586200": {"hotel_name": "\u5b63\u5bb6\u516c\u5bd3(\u9752\u5c9bCBD\u5357\u4eac\u8def\u5e97)", "order_time": ["2019-01-29 13:02:05"], "total_order": 1, "hotel_value": ["4.9"], "hotel_price": ["93"]}, "700260": {"hotel_name": "\u9752\u5c9b\u9038\u4e91\u7cbe\u54c1\u9152\u5e97", "order_time": ["2019-01-29 13:02:05"], "total_order": 1, "hotel_value": ["4.5"], "hotel_price": ["143"]}, "16081635": {"hotel_name": "\u9752\u5c9b\u5e0c\u671b\u4f60\u559c\u6b22\u6d77\u666f\u516c\u5bd3", "order_time": ["2019-01-29 13:02:05"], "total_order": 1, "hotel_value": ["4.6"], "hotel_price": ["198"]}, "1379314": {"hotel_name": "\u90fd\u5e02118\u8fde\u9501\u9152\u5e97(\u9752\u5c9b\u6d41\u4ead\u5e97)", "order_time": ["2019-01-29 13:02:05"], "total_order": 1, "hotel_value": ["4.2"], "hotel_price": ["104"]}, "3629505": {"hotel_name": "\u4e50\u5bb6\u8f69\u60a6\u73ba\u670d\u52a1\u516c\u5bd3(\u9752\u5c9b\u9999\u6e2f\u4e2d\u8def\u4e07\u8c61\u57ce\u5e97)", "order_time": ["2019-01-29 13:02:05"], "total_order": 1, "hotel_value": ["4.6"], "hotel_price": ["214"]}, "4539689": {"hotel_name": "\u6c49\u5ead\u9152\u5e97(\u9752\u5c9b\u4e94\u56db\u5e7f\u573a\u5965\u5e06\u5e97)", "order_time": ["2019-01-29 13:02:05"], "total_order": 1, "hotel_value": ["4.6"], "hotel_price": ["162"]}, "1344334": {"hotel_name": "\u9752\u5c9b\u9f99\u6e2f\u6e7e\u4e3b\u9898\u5bbe\u9986", "order_time": ["2019-01-29 13:02:05"], "total_order": 1, "hotel_value": ["4.1"], "hotel_price": ["75"]}, "1374631": {"hotel_name": "\u83ab\u6cf0168(\u9752\u5c9b\u5f00\u53d1\u533a\u9999\u6c5f\u8def\u5546\u4e1a\u8857\u5e97)", "order_time": ["2019-01-29 13:02:05"], "total_order": 1, "hotel_value": ["4.5"], "hotel_price": ["119"]}, "1224709": {"hotel_name": "\u901f8\u9152\u5e97(\u9752\u5c9b\u5f00\u53d1\u533a\u77f3\u6cb9\u5927\u5b66\u5e97)", "order_time": ["2019-01-29 13:02:05"], "total_order": 1, "hotel_value": ["4.5"], "hotel_price": ["113"]}, "1938134": {"hotel_name": "\u83ab\u6cf0168(\u9752\u5c9b\u674e\u6751\u5730\u94c1\u7ad9\u6b65\u884c\u8857\u5e97)", "order_time": ["2019-01-29 13:02:05"], "total_order": 1, "hotel_value": ["4.5"], "hotel_price": ["109"]}, "5438559": {"hotel_name": "\u9752\u5c9bA\u8ba1\u5212\u65c5\u884c\u9152\u5e97", "order_time": ["2019-01-29 13:02:05"], "total_order": 1, "hotel_value": ["4.3"], "hotel_price": ["84"]}, "2301075": {"hotel_name": "\u7231\u5c0a\u5ba2\u9152\u5e97(\u9752\u5c9b\u5e7f\u7535\u5927\u53a6\u5e97)", "order_time": ["2019-01-29 13:55:09", "2019-01-29 13:02:05"], "total_order": 2, "hotel_value": ["4.5", "4.5"], "hotel_price": ["105", "105"]}, "10118500": {"hotel_name": "\u90fd\u5e02118\u7cbe\u9009\u9152\u5e97(\u9752\u5c9b\u5bb6\u4f73\u6e90\u4e00\u54c1\u51a0\u5e97)", "order_time": ["2019-01-29 13:02:06"], "total_order": 1, "hotel_value": ["4.6"], "hotel_price": ["104"]}, "438270": {"hotel_name": "\u7231\u5c0a\u5ba2\u9152\u5e97(\u9752\u5c9b\u5965\u5e06\u4e2d\u5fc3\u5e97)(\u539f\u6d77\u797a\u5e97)", "order_time": ["2019-01-29 13:02:09"], "total_order": 1, "hotel_value": ["4.6"], "hotel_price": ["94"]}, "8806764": {"hotel_name": "\u9752\u5c9b\u4e07\u4e3d\u6d77\u666f\u5ea6\u5047\u516c\u5bd3\u4e2d\u8054\u81ea\u7531\u6e2f\u6e7e\u5e97", "order_time": ["2019-01-29 13:02:09", "2019-01-29 13:23:37", "2019-01-29 13:55:10"], "total_order": 3, "hotel_value": ["4.6", "4.6", "4.6"], "hotel_price": ["142", "142", "142"]}, "994154": {"hotel_name": "\u5982\u5bb6\u5feb\u6377\u9152\u5e97(\u9752\u5c9b\u5c71\u4e1c\u8def\u4e2d\u592e\u5546\u52a1\u533a\u91cd\u5e86\u5357\u8def\u5e97)", "order_time": ["2019-01-29 13:02:09"], "total_order": 1, "hotel_value": ["4.5"], "hotel_price": ["99"]}, "8065606": {"hotel_name": "\u9752\u5c9b\u767d\u4e91\u516c\u5bd3", "order_time": ["2019-01-29 13:02:12"], "total_order": 1, "hotel_value": ["4.8"], "hotel_price": ["210"]}, "3907922": {"hotel_name": "960\u9752\u5e74\u65c5\u820d(\u9752\u5c9b\u4e94\u56db\u5e7f\u573a\u5e97)", "order_time": ["2019-01-29 13:02:17"], "total_order": 1, "hotel_value": ["4.6"], "hotel_price": ["37"]}, "1706878": {"hotel_name": "\u9752\u5c9b\u4fcf\u4e1c\u65b9\u5047\u65e5\u9152\u5e97", "order_time": ["2019-01-29 13:02:18"], "total_order": 1, "hotel_value": ["3.9"], "hotel_price": ["54"]}, "6800487": {"hotel_name": "\u9752\u5c9b\u4e91\u6d77\u5c45\u516c\u5bd3(\u539f75\u53f7\u516c\u5bd3)", "order_time": ["2019-01-29 13:02:18"], "total_order": 1, "hotel_value": ["4.4"], "hotel_price": ["94"]}, "5482123": {"hotel_name": "\u9752\u5c9b\u94f6\u6cb3\u5047\u65e5\u9152\u5e97", "order_time": ["2019-01-29 13:04:09"], "total_order": 1, "hotel_value": ["4.7"], "hotel_price": ["131"]}, "430450": {"hotel_name": "\u9752\u5c9b\u666f\u56ed\u5047\u65e5\u9152\u5e97", "order_time": ["2019-01-29 13:04:09"], "total_order": 1, "hotel_value": ["4.6"], "hotel_price": ["463"]}, "436458": {"hotel_name": "\u9752\u5c9b\u6d77\u6cc9\u6e7e\u7687\u51a0\u5047\u65e5\u5ea6\u5047\u9152\u5e97", "order_time": ["2019-01-29 13:04:09"], "total_order": 1, "hotel_value": ["4.5"], "hotel_price": ["588"]}, "4070512": {"hotel_name": "\u62dc\u767b\u516c\u5bd3\u00b7\u9752\u5c9b\u4e1c\u65b9\u5f71\u90fd\u5e97", "order_time": ["2019-01-29 13:04:10"], "total_order": 1, "hotel_value": ["4.7"], "hotel_price": ["104"]}, "5930359": {"hotel_name": "\u9752\u5c9b\u91d1\u77f3\u56fd\u9645\u5927\u9152\u5e97", "order_time": ["2019-01-29 13:04:10", "2019-01-29 13:25:56", "2019-01-29 13:08:46"], "total_order": 3, "hotel_value": ["4.8", "4.8", "4.8"], "hotel_price": ["386", "386", "386"]}, "428592": {"hotel_name": "\u9752\u5c9b\u9c81\u5546\u51ef\u60a6\u9152\u5e97", "order_time": ["2019-01-29 13:04:11"], "total_order": 1, "hotel_value": ["4.6"], "hotel_price": ["748"]}, "385108": {"hotel_name": "\u9752\u5c9b\u6d77\u5c14\u6d32\u9645\u9152\u5e97", "order_time": ["2019-01-29 13:04:11"], "total_order": 1, "hotel_value": ["4.6"], "hotel_price": ["698"]}, "1181372": {"hotel_name": "\u65b0\u4e16\u4f73\u5546\u52a1\u5bbe\u9986(\u9752\u5c9b\u57ce\u9633\u533a)", "order_time": ["2019-01-29 13:04:13"], "total_order": 1, "hotel_value": ["3.9"], "hotel_price": ["93"]}, "1362121": {"hotel_name": "\u90fd\u5e02118(\u9752\u5c9b\u6b63\u9633\u8def\u5229\u7fa4\u5e97)", "order_time": ["2019-01-29 13:55:09", "2019-01-29 13:04:13"], "total_order": 2, "hotel_value": ["4.4", "4.4"], "hotel_price": ["95", "95"]}, "690587": {"hotel_name": "\u9752\u5c9b\u516b\u5927\u5173\u9526\u7ee3\u56ed\u9152\u5e97", "order_time": ["2019-01-29 13:04:15"], "total_order": 1, "hotel_value": ["4.6"], "hotel_price": ["224"]}, "6074225": {"hotel_name": "\u84dd\u6d77\u00b7\u9890\u6d77\u82b1\u56ed\u9152\u5e97(\u9752\u5c9b\u5e02\u5357\u5e97)", "order_time": ["2019-01-29 13:04:16", "2019-01-29 13:08:49"], "total_order": 2, "hotel_value": ["4.7", "4.7"], "hotel_price": ["388", "388"]}, "481742": {"hotel_name": "\u9752\u5c9b\u4e16\u8d38\u6d77\u60a6\u5927\u9152\u5e97", "order_time": ["2019-01-29 13:04:18"], "total_order": 1, "hotel_value": ["4.7"], "hotel_price": ["280"]}, "5980218": {"hotel_name": "\u9752\u5c9b\u6d77\u4e4b\u6f9c\u6d77\u666f\u65e5\u79df\u623f", "order_time": ["2019-01-29 13:04:20"], "total_order": 1, "hotel_value": ["4.8"], "hotel_price": ["24"]}, "1434596": {"hotel_name": "\u91cc\u9662\u5ba2\u6808(\u9752\u5c9b\u706b\u8f66\u7ad9\u5e97)", "order_time": ["2019-01-29 13:04:27"], "total_order": 1, "hotel_value": ["4.6"], "hotel_price": ["71"]}, "5673979": {"hotel_name": "\u9752\u5c9b\u7f8e\u5885\u5047\u671f\u9152\u5e9712\u53f7\u6d77\u8fb9\u522b\u5885", "order_time": ["2019-01-29 13:06:25"], "total_order": 1, "hotel_value": ["4.9"], "hotel_price": ["296"]}, "21122269": {"hotel_name": "\u9752\u5c9b\u84dd\u6735\u6d77\u666f\u5047\u65e5\u516c\u5bd3", "order_time": ["2019-01-29 13:06:26"], "total_order": 1, "hotel_value": ["4.9"], "hotel_price": ["205"]}, "1715544": {"hotel_name": "\u9752\u5c9b\u946b\u590d\u76db\u9038\u6d77\u56fd\u9645\u9152\u5e97", "order_time": ["2019-01-29 13:06:26"], "total_order": 1, "hotel_value": ["4.5"], "hotel_price": ["216"]}, "446001": {"hotel_name": "\u5b9d\u60a6\u7ba1\u5bb6\u5f0f\u670d\u52a1\u516c\u5bd3(\u9752\u5c9b\u5564\u9152\u57ce\u4f1a\u5c55\u4e2d\u5fc3\u5e97)", "order_time": ["2019-01-29 13:06:27"], "total_order": 1, "hotel_value": ["4.2"], "hotel_price": ["94"]}, "1317308": {"hotel_name": "\u6c49\u5ead\u9152\u5e97\uff08\u9752\u5c9b\u516b\u5927\u5173\u592a\u5e73\u89d2\u516c\u56ed\u5730\u94c1\u7ad9\u5e97\uff09\uff08\u539f\u516b\u5927\u5173\u5e97)", "order_time": ["2019-01-29 13:06:27"], "total_order": 1, "hotel_value": ["4.6"], "hotel_price": ["153"]}, "994153": {"hotel_name": "\u5982\u5bb6\u5feb\u6377\u9152\u5e97(\u9752\u5c9b\u706b\u8f66\u5317\u7ad9\u5e97)", "order_time": ["2019-01-29 13:06:27"], "total_order": 1, "hotel_value": ["4.3"], "hotel_price": ["152"]}, "24055729": {"hotel_name": "\u5c1a\u5ba2\u4f18\u7cbe\u9009\u9152\u5e97(\u9752\u5c9b\u4e94\u56db\u5e7f\u573a\u5965\u5e06\u5e97)", "order_time": ["2019-01-29 13:06:28"], "total_order": 1, "hotel_value": ["4.7"], "hotel_price": ["124"]}, "1696745": {"hotel_name": "\u798f\u81f4\u827a\u672f\u7cbe\u54c1\u9152\u5e97(\u9752\u5c9b\u5965\u5e06\u4e2d\u5fc3\u5e97)", "order_time": ["2019-01-29 13:06:29"], "total_order": 1, "hotel_value": ["4.5"], "hotel_price": ["83"]}, "1137296": {"hotel_name": "\u9752\u5c9b\u4e1c\u65b9\u6885\u5730\u4e9a\u9152\u5e97", "order_time": ["2019-01-29 13:06:33"], "total_order": 1, "hotel_value": ["4.9"], "hotel_price": ["317"]}, "8396348": {"hotel_name": "\u7a7a\u94c1\u5047\u65e5\u9152\u5e97\u516c\u5bd3(\u9752\u5c9b\u673a\u573a\u822a\u7ad9\u697c\u5e97)", "order_time": ["2019-01-29 13:06:33"], "total_order": 1, "hotel_value": ["4.4"], "hotel_price": ["223"]}, "8954787": {"hotel_name": "\u9752\u5c9b\u90a3\u7531\u4ed6\u667a\u80fd\u6d77\u666f\u6c11\u5bbf", "order_time": ["2019-01-29 13:06:33"], "total_order": 1, "hotel_value": ["4.8"], "hotel_price": ["392"]}, "16127878": {"hotel_name": "\u9752\u5c9b\u73e0\u5c71\u5927\u996d\u5e97", "order_time": ["2019-01-29 13:06:34", "2019-01-29 13:35:47"], "total_order": 2, "hotel_value": ["4.7", "4.7"], "hotel_price": ["323", "323"]}, "13181131": {"hotel_name": "\u9752\u5c9b\u81ea\u7531\u6e2f\u6e7e\u5ea6\u5047\u516c\u5bd3\u706b\u8f66\u7ad9\u6808\u6865\u53f0\u4e1c\u5e97", "order_time": ["2019-01-29 13:06:50"], "total_order": 1, "hotel_value": [0], "hotel_price": ["102"]}, "5575338": {"hotel_name": "\u9752\u5c9b\u8fdc\u96c4\u5168\u5b63\u6d77\u666f\u516c\u5bd3", "order_time": ["2019-01-29 13:08:44"], "total_order": 1, "hotel_value": ["4.6"], "hotel_price": ["330"]}, "3265800": {"hotel_name": "\u9752\u5c9b\u90a3\u9c81\u6e7e\u6d77\u666f\u5ea6\u5047\u516c\u5bd3", "order_time": ["2019-01-29 13:08:45"], "total_order": 1, "hotel_value": ["4.7"], "hotel_price": ["113"]}, "1048386": {"hotel_name": "\u6854\u5b50\u9152\u5e97\u00b7\u7cbe\u9009(\u9752\u5c9b\u5965\u5e06\u4e2d\u5fc3\u5e97)(\u539f\u4e94\u56db\u5e7f\u573a\u5e97)", "order_time": ["2019-01-29 13:08:45"], "total_order": 1, "hotel_value": ["4.8"], "hotel_price": ["256"]}, "393099": {"hotel_name": "\u9752\u5c9b\u5bcc\u529b\u827e\u7f8e\u9152\u5e97", "order_time": ["2019-01-29 13:08:47"], "total_order": 1, "hotel_value": ["4.6"], "hotel_price": ["507"]}, "439773": {"hotel_name": "\u9752\u5c9b\u8fdc\u96c4\u60a6\u6765\u9152\u5e97\u516c\u5bd3", "order_time": ["2019-01-29 13:08:50"], "total_order": 1, "hotel_value": ["4.6"], "hotel_price": ["432"]}, "6173744": {"hotel_name": "\u5e73\u5ea6\u534e\u73ba\u5927\u9152\u5e97", "order_time": ["2019-01-29 13:10:26"], "total_order": 1, "hotel_value": ["4.7"], "hotel_price": ["319"]}, "1727813": {"hotel_name": "\u5e73\u5ea6\u53c8\u4e00\u6751\u5927\u9152\u5e97", "order_time": ["2019-01-29 13:10:27", "2019-01-29 13:44:39"], "total_order": 2, "hotel_value": ["4.5", "4.5"], "hotel_price": ["98", "98"]}, "2003292": {"hotel_name": "\u683c\u6797\u8c6a\u6cf0\u5feb\u6377\u9152\u5e97(\u80f6\u5dde\u5927\u540c\u5927\u53a6\u5e97)", "order_time": ["2019-01-29 13:10:27"], "total_order": 1, "hotel_value": ["4.2"], "hotel_price": ["144"]}, "2300880": {"hotel_name": "\u5c1a\u54c1\u8fde\u9501\u9152\u5e97(\u80f6\u5dde\u5170\u5dde\u897f\u8def\u5e97)", "order_time": ["2019-01-29 13:10:27"], "total_order": 1, "hotel_value": ["4.5"], "hotel_price": ["83"]}, "2599635": {"hotel_name": "\u5982\u5bb6\u5feb\u6377\u9152\u5e97(\u9752\u5c9b\u6d41\u4ead\u673a\u573a\u9ed1\u9f99\u6c5f\u5317\u8def\u57ce\u4e2d\u57ce\u5e97)", "order_time": ["2019-01-29 13:11:14"], "total_order": 1, "hotel_value": ["4.6"], "hotel_price": ["145"]}, "1360631": {"hotel_name": "\u5c1a\u5ba2\u4f18\u5feb\u6377\u9152\u5e97(\u9752\u5c9b\u5965\u5e06\u4e2d\u5fc3\u5e97)", "order_time": ["2019-01-29 13:11:14"], "total_order": 1, "hotel_value": ["4.0"], "hotel_price": ["85"]}, "19828310": {"hotel_name": "\u62dc\u767b\u516c\u5bd3\u00b7\u9752\u5c9b\u57ce\u9633\u6b63\u9633\u8def\u5e97", "order_time": ["2019-01-29 13:11:21"], "total_order": 1, "hotel_value": ["4.7"], "hotel_price": ["124"]}, "8345799": {"hotel_name": "\u9752\u5c9b\u7f8e\u5fae\u5ead\u56ed\u6d77\u666f\u522b\u5885\u9152\u5e97", "order_time": ["2019-01-29 13:11:22"], "total_order": 1, "hotel_value": ["4.7"], "hotel_price": ["163"]}, "23841203": {"hotel_name": "\u9f99\u6e2f\u6e7e\u9152\u5e97(\u9752\u5c9b\u65d7\u8230\u5e97)", "order_time": ["2019-01-29 13:11:23"], "total_order": 1, "hotel_value": ["4.0"], "hotel_price": ["124"]}, "1380585": {"hotel_name": "\u9082\u9005\u56fd\u9645\u9752\u5e74\u65c5\u820d(\u9752\u5c9b\u706b\u8f66\u7ad9\u5e97)", "order_time": ["2019-01-29 13:11:35", "2019-01-29 13:53:04"], "total_order": 2, "hotel_value": ["4.4", "4.4"], "hotel_price": ["21", "21"]}, "3742704": {"hotel_name": "\u83b1\u897f\u9e3f\u7199\u798f\u7cbe\u54c1\u9152\u5e97", "order_time": ["2019-01-29 13:12:51"], "total_order": 1, "hotel_value": ["4.5"], "hotel_price": ["133"]}, "1306753": {"hotel_name": "\u9752\u5c9b\u51ef\u83b1\u5546\u52a1\u9152\u5e97", "order_time": ["2019-01-29 13:13:45"], "total_order": 1, "hotel_value": ["4.2"], "hotel_price": ["144"]}, "21124467": {"hotel_name": "\u9752\u5c9b\u65af\u7ef4\u767b\u7cbe\u54c1\u516c\u5bd3(\u4f1a\u5c55\u4e2d\u5fc3\u77f3\u8001\u4eba\u6d77\u6c34\u6d74\u573a)", "order_time": ["2019-01-29 13:13:46", "2019-01-29 13:18:44"], "total_order": 2, "hotel_value": ["4.9", "4.9"], "hotel_price": ["227", "227"]}, "8358075": {"hotel_name": "\u9752\u5c9b\u65af\u7c73\u5170\u6d77\u666f\u5ea6\u5047\u516c\u5bd3\u4e2d\u8054\u81ea\u7531\u6e2f\u6e7e\u5e97", "order_time": ["2019-01-29 13:13:50"], "total_order": 1, "hotel_value": ["4.7"], "hotel_price": ["76"]}, "21125543": {"hotel_name": "\u591a\u7ef4\u7a7a\u95f4\u4e3b\u9898\u9152\u5e97(\u9752\u5c9b\u65d7\u8230\u5e97)", "order_time": ["2019-01-29 13:13:54"], "total_order": 1, "hotel_value": ["4.7"], "hotel_price": ["179"]}, "4043506": {"hotel_name": "\u9752\u5c9b\u4e1c\u65b9\u82f1\u4f26\u5ea6\u5047\u516c\u5bd3", "order_time": ["2019-01-29 13:13:54"], "total_order": 1, "hotel_value": ["4.6"], "hotel_price": ["97"]}, "446500": {"hotel_name": "\u7cbe\u9014\u9152\u5e97(\u9752\u5c9b\u56fd\u9645\u4f1a\u5c55\u4e2d\u5fc3\u5e97)(\u539f\u57ce\u5e02\u5bb6\u5546\u52a1\u9152\u5e97\u4f1a\u5c55\u4e2d\u5fc3\u5e97)", "order_time": ["2019-01-29 13:13:55"], "total_order": 1, "hotel_value": ["4.3"], "hotel_price": ["115"]}, "2614519": {"hotel_name": "\u6d77\u53cb\u9152\u5e97(\u9752\u5c9b\u7535\u5b50\u4fe1\u606f\u57ce\u5e97)", "order_time": ["2019-01-29 13:13:56"], "total_order": 1, "hotel_value": ["4.2"], "hotel_price": ["68"]}, "5007330": {"hotel_name": "W\u00b7\u4e91\u7aef\u6d77\u666f\u5ea6\u5047\u516c\u5bd3(\u9752\u5c9b\u4e2d\u8054\u81ea\u7531\u6e2f\u6e7e\u5e97)(\u539f\u975e\u9c7c\u4e3d\u820d\u00b7\u4e2d\u8054\u81ea\u7531\u6e2f\u6e7e\u516c\u5bd3)", "order_time": ["2019-01-29 13:13:59"], "total_order": 1, "hotel_value": ["4.5"], "hotel_price": ["62"]}, "2140433": {"hotel_name": "\u683c\u6797\u8054\u76df\u9152\u5e97(\u9752\u5c9b\u4e50\u5ba2\u57ce\u674e\u6751\u5730\u94c1\u7ad9\u5e97)", "order_time": ["2019-01-29 13:14:02"], "total_order": 1, "hotel_value": ["4.4"], "hotel_price": ["88"]}, "1645382": {"hotel_name": "\u76ca\u6c11\u5546\u52a1\u5bbe\u9986(\u9752\u5c9b\u673a\u573a\u5e97)", "order_time": ["2019-01-29 13:14:02"], "total_order": 1, "hotel_value": ["3.5"], "hotel_price": ["73"]}, "1601208": {"hotel_name": "\u604b\u5bb6\u516c\u5bd3(\u9752\u5c9b\u6808\u6865\u706b\u8f66\u7ad9\u5e97)", "order_time": ["2019-01-29 13:16:12"], "total_order": 1, "hotel_value": [0], "hotel_price": ["212"]}, "1732079": {"hotel_name": "\u5373\u58a8\u9526\u8302\u5bbe\u9986", "order_time": ["2019-01-29 13:16:14"], "total_order": 1, "hotel_value": ["4.5"], "hotel_price": ["253"]}, "2349816": {"hotel_name": "\u9752\u5c9b\u798f\u81f4\u5546\u52a1\u4e3b\u9898\u7cbe\u54c1\u9152\u5e97", "order_time": ["2019-01-29 13:16:16"], "total_order": 1, "hotel_value": ["4.5"], "hotel_price": ["79"]}, "25806424": {"hotel_name": "\u9752\u5c9b\u89c2\u6f9c\u6d77\u666f\u5ea6\u5047\u516c\u5bd3", "order_time": ["2019-01-29 13:16:24"], "total_order": 1, "hotel_value": [0], "hotel_price": ["124"]}, "1388586": {"hotel_name": "\u9752\u5c9b\u76db\u5b9d\u7f18\u5bbe\u9986", "order_time": ["2019-01-29 13:16:29"], "total_order": 1, "hotel_value": ["4.3"], "hotel_price": ["61"]}, "2642459": {"hotel_name": "\u9752\u5c9b\u89c2\u6d77\u9152\u5e97", "order_time": ["2019-01-29 13:17:23"], "total_order": 1, "hotel_value": [0], "hotel_price": ["218"]}, "1645340": {"hotel_name": "\u9752\u5c9b\u4ebf\u5c1a\u9152\u5e97", "order_time": ["2019-01-29 13:17:23"], "total_order": 1, "hotel_value": ["4.0"], "hotel_price": ["49"]}, "371190": {"hotel_name": "\u9752\u5c9b\u9999\u683c\u91cc\u62c9\u5927\u9152\u5e97", "order_time": ["2019-01-29 13:26:04", "2019-01-29 13:33:19", "2019-01-29 13:18:33"], "total_order": 3, "hotel_value": ["4.7", "4.7", "4.7"], "hotel_price": ["689", "689", "689"]}, "1372374": {"hotel_name": "\u5982\u5bb6\u5feb\u6377\u9152\u5e97(\u9752\u5c9b\u56db\u65b9\u957f\u9014\u7ad9\u5ba3\u5316\u8def\u5e97)", "order_time": ["2019-01-29 13:18:34"], "total_order": 1, "hotel_value": ["4.6"], "hotel_price": ["110"]}, "1070435": {"hotel_name": "\u5982\u5bb6\u5feb\u6377\u9152\u5e97(\u9752\u5c9b\u6808\u6865\u706b\u8f66\u7ad9\u4e1c\u5e7f\u573a\u5e97)", "order_time": ["2019-01-29 13:18:34"], "total_order": 1, "hotel_value": ["4.5"], "hotel_price": ["92"]}, "450923": {"hotel_name": "\u9752\u5c9b\u4e16\u7eaa\u6d77\u4e30\u5927\u9152\u5e97", "order_time": ["2019-01-29 13:18:40"], "total_order": 1, "hotel_value": ["4.7"], "hotel_price": ["244"]}, "5981012": {"hotel_name": "\u81ea\u7531\u884c\u56fd\u9645\u9752\u5e74\u65c5\u820d(\u9752\u5c9b\u5288\u67f4\u9662\u5e97)", "order_time": ["2019-01-29 13:18:40"], "total_order": 1, "hotel_value": ["4.5"], "hotel_price": ["5"]}, "25557473": {"hotel_name": "\u9752\u5c9b\u68e0\u66fc\u9152\u5e97", "order_time": ["2019-01-29 13:18:41"], "total_order": 1, "hotel_value": ["4.7"], "hotel_price": ["129"]}, "23572246": {"hotel_name": "\u7ea2\u749e\u516c\u5bd3(\u9752\u5c9b\u95fd\u6c5f\u8def\u5e97)", "order_time": ["2019-01-29 13:18:41"], "total_order": 1, "hotel_value": ["4.5"], "hotel_price": ["71"]}, "891096": {"hotel_name": "\u84dd\u6d77\u5927\u996d\u5e97(\u9752\u5c9b\u541b\u5cf0\u8def\u5730\u94c1\u7ad9\u5e97)(\u539f\u674e\u6ca7\u5e97)", "order_time": ["2019-01-29 13:18:41"], "total_order": 1, "hotel_value": ["4.6"], "hotel_price": ["356"]}, "6825957": {"hotel_name": "\u9752\u5c9b\u7ef4\u591a\u5229\u4e9a\u54c1\u5982\u5bb6\u56ed\u9152\u5e97\u5f0f\u516c\u5bd3", "order_time": ["2019-01-29 13:18:43"], "total_order": 1, "hotel_value": ["4.6"], "hotel_price": ["77"]}, "2101673": {"hotel_name": "\u9752\u5c9b\u53f0\u4e1c\u5927\u9152\u5e97", "order_time": ["2019-01-29 13:19:02"], "total_order": 1, "hotel_value": ["4.3"], "hotel_price": ["80"]}, "7921978": {"hotel_name": "\u9752\u5c9b\u91d1\u9c7c\u9152\u5e97\u516c\u5bd3", "order_time": ["2019-01-29 13:19:02"], "total_order": 1, "hotel_value": ["4.6"], "hotel_price": ["113"]}, "5781820": {"hotel_name": "\u9752\u5c9bAdour\u6735\u6d77\u666f\u9152\u5e97", "order_time": ["2019-01-29 13:21:08"], "total_order": 1, "hotel_value": ["4.3"], "hotel_price": ["162"]}, "1640595": {"hotel_name": "\u9752\u5c9b\u4e0a\u6797\u6fe0\u666f\u4e3b\u9898\u9152\u5e97", "order_time": ["2019-01-29 13:21:08"], "total_order": 1, "hotel_value": ["4.3"], "hotel_price": ["64"]}, "2624847": {"hotel_name": "\u9752\u5c9b\u83ab\u4e3d\u00b7\u7cbe\u9009\u9152\u5e97", "order_time": ["2019-01-29 13:21:09"], "total_order": 1, "hotel_value": ["4.5"], "hotel_price": ["216"]}, "6867438": {"hotel_name": "\u9752\u5c9b\u91cc\u9662\u7cbe\u54c1\u9152\u5e97", "order_time": ["2019-01-29 13:21:10"], "total_order": 1, "hotel_value": ["4.6"], "hotel_price": ["66"]}, "8915754": {"hotel_name": "\u9752\u5c9b\u7ef4\u6797\u827a\u5885\u6d77\u666f\u9152\u5e97", "order_time": ["2019-01-29 13:21:10"], "total_order": 1, "hotel_value": ["4.7"], "hotel_price": ["145"]}, "797209": {"hotel_name": "\u9752\u5c9b\u6808\u6865\u5168\u6d77\u666f\u65e5\u79df\u623f", "order_time": ["2019-01-29 13:21:22"], "total_order": 1, "hotel_value": ["4.8"], "hotel_price": ["34"]}, "2147568": {"hotel_name": "\u83b1\u897f\u534e\u73ba\u5927\u9152\u5e97", "order_time": ["2019-01-29 13:22:30"], "total_order": 1, "hotel_value": ["4.7"], "hotel_price": ["449"]}, "24534611": {"hotel_name": "\u9752\u5c9b\u9014\u97f5\u96c5\u7b51\u6d77\u666f\u5ea6\u5047\u516c\u5bd3", "order_time": ["2019-01-29 13:23:32"], "total_order": 1, "hotel_value": ["4.9"], "hotel_price": ["202"]}, "13967565": {"hotel_name": "\u6eaa\u5ead\u7cbe\u9009\u670d\u52a1\u5f0f\u516c\u5bd3(\u9752\u5c9b\u9ad8\u65b0\u533a\u51ef\u4e30\u56fd\u9645\u91d1\u878d\u5e7f\u573a\u5e97)", "order_time": ["2019-01-29 13:23:36"], "total_order": 1, "hotel_value": ["4.2"], "hotel_price": ["123"]}, "1774898": {"hotel_name": "\u6c49\u5ead\u9152\u5e97(\u9752\u5c9b\u706b\u8f66\u5317\u7ad9\u5e97)", "order_time": ["2019-01-29 13:23:41"], "total_order": 1, "hotel_value": ["4.3"], "hotel_price": ["170"]}, "27711969": {"hotel_name": "\u9752\u5c9b\u9ed1\u9f99\u6c5f\u4e2d\u8def\u4e9a\u6735\u9152\u5e97", "order_time": ["2019-01-29 13:23:42"], "total_order": 1, "hotel_value": ["4.9"], "hotel_price": ["275"]}, "1316478": {"hotel_name": "\u6c49\u5ead\u9152\u5e97\uff08\u9752\u5c9b\u6d41\u4ead\u673a\u573a\u660e\u9633\u8def\u5e97\uff09\uff08\u539f\u57ce\u9633\u533a\u653f\u5e9c\u5e97\uff09", "order_time": ["2019-01-29 13:23:43"], "total_order": 1, "hotel_value": ["4.4"], "hotel_price": ["125"]}, "5598837": {"hotel_name": "\u6c49\u5ead\u9152\u5e97(\u5e73\u5ea6\u94dc\u725b\u5e7f\u573a\u5e97)", "order_time": ["2019-01-29 13:24:42"], "total_order": 1, "hotel_value": ["4.6"], "hotel_price": ["161"]}, "4743947": {"hotel_name": "\u80f6\u5dde\u9752\u5c9b\u534e\u97e9\u5609\u53cb\u5546\u52a1\u5bbe\u9986", "order_time": ["2019-01-29 13:24:44"], "total_order": 1, "hotel_value": [0], "hotel_price": ["58"]}, "1535266": {"hotel_name": "\u9752\u5c9b\u6808\u6865\u706b\u8f66\u7ad9\u4e3b\u9898\u6d77\u666f\u65e5\u79df\u623f", "order_time": ["2019-01-29 13:25:58", "2019-01-29 13:30:48", "2019-01-29 13:28:35"], "total_order": 3, "hotel_value": ["4.4", "4.4", "4.4"], "hotel_price": ["33", "33", "33"]}, "514315": {"hotel_name": "\u9752\u5c9b\u5f97\u5b9d\u6e7e\u6d77\u666f\u5927\u9152\u5e97", "order_time": ["2019-01-29 13:25:58"], "total_order": 1, "hotel_value": ["4.2"], "hotel_price": ["329"]}, "1371782": {"hotel_name": "\u6854\u5b50\u9152\u5e97\u00b7\u7cbe\u9009(\u9752\u5c9b\u4e07\u8c61\u57ce\u5e97)(\u539f\u6c5f\u897f\u8def\u5e97)", "order_time": ["2019-01-29 13:26:01"], "total_order": 1, "hotel_value": ["4.8"], "hotel_price": ["221"]}, "794951": {"hotel_name": "\u9752\u5c9b\u673a\u573a\u53cb\u4fe1\u822a\u7a7a\u516c\u5bd3", "order_time": ["2019-01-29 13:26:01"], "total_order": 1, "hotel_value": ["4.0"], "hotel_price": ["104"]}, "6335395": {"hotel_name": "\u6e29\u99a8\u5bb6\u5ead\u65e5\u79df\u623f(\u9752\u5c9b\u5982\u610f\u5927\u53a6\u5e97)", "order_time": ["2019-01-29 13:26:39"], "total_order": 1, "hotel_value": ["4.4"], "hotel_price": ["30"]}, "439559": {"hotel_name": "\u6606\u4ed1\u548c\u60a6\u5ea6\u5047\u9152\u5e97(\u9752\u5c9b\u5965\u5e06\u4e2d\u5fc3\u5e97)", "order_time": ["2019-01-29 13:28:28"], "total_order": 1, "hotel_value": ["4.3"], "hotel_price": ["191"]}, "1815658": {"hotel_name": "\u5723\u5fb7\u5c45\u5546\u52a1\u9152\u5e97(\u9752\u5c9b\u706b\u8f66\u5317\u7ad9\u5e97)", "order_time": ["2019-01-29 13:28:28"], "total_order": 1, "hotel_value": ["4.4"], "hotel_price": ["125"]}, "2298663": {"hotel_name": "\u7231\u5c0a\u5ba2\u9152\u5e97(\u9752\u5c9b\u4e94\u56db\u5e7f\u573a\u9999\u6e2f\u4e2d\u8def\u5e97)", "order_time": ["2019-01-29 13:28:28"], "total_order": 1, "hotel_value": ["4.6"], "hotel_price": ["125"]}, "698938": {"hotel_name": "\u9752\u5c9b\u4e16\u56ed\u5047\u65e5\u9152\u5e97", "order_time": ["2019-01-29 13:28:28"], "total_order": 1, "hotel_value": ["4.7"], "hotel_price": ["389"]}, "1882702": {"hotel_name": "\u9526\u6c5f\u4e4b\u661f(\u9752\u5c9b\u957f\u9014\u6c7d\u8f66\u603b\u7ad9\u5e97)", "order_time": ["2019-01-29 13:28:28"], "total_order": 1, "hotel_value": ["4.4"], "hotel_price": ["139"]}, "2222735": {"hotel_name": "\u9526\u6c5f\u4e4b\u661f(\u9752\u5c9b\u6d41\u4ead\u56fd\u9645\u673a\u573a\u6b63\u9633\u4e2d\u8def\u5e97)", "order_time": ["2019-01-29 13:28:28"], "total_order": 1, "hotel_value": ["4.5"], "hotel_price": ["129"]}, "939307": {"hotel_name": "\u6c49\u5ead\u9152\u5e97(\u9752\u5c9b\u4e94\u56db\u5e7f\u573a\u5e97)", "order_time": ["2019-01-29 13:28:30"], "total_order": 1, "hotel_value": ["4.5"], "hotel_price": ["161"]}, "2310196": {"hotel_name": "\u6b27\u6a59\u9152\u5e97(\u9752\u5c9b\u9999\u6c5f\u8def\u5e97)(\u539f\u7231\u5c0a\u5ba2\u9152\u5e97)", "order_time": ["2019-01-29 13:28:30"], "total_order": 1, "hotel_value": ["4.5"], "hotel_price": ["54"]}, "23938996": {"hotel_name": "\u9752\u5c9b\u666f\u91cc\u516b\u5927\u5173\u9152\u5e97", "order_time": ["2019-01-29 13:28:33"], "total_order": 1, "hotel_value": ["5.0"], "hotel_price": ["634"]}, "6000795": {"hotel_name": "\u6b27\u98de\u8fde\u9501\u9152\u5e97(\u9752\u5c9b\u674e\u6751\u6b65\u884c\u8857\u5965\u514b\u65af\u5e7f\u573a\u5e97)", "order_time": ["2019-01-29 13:28:36"], "total_order": 1, "hotel_value": ["4.2"], "hotel_price": ["71"]}, "2987444": {"hotel_name": "\u590d\u76db\u5927\u9152\u5e97(\u9752\u5c9b\u9ec4\u5c9b\u5e97)", "order_time": ["2019-01-29 13:28:43"], "total_order": 1, "hotel_value": ["4.5"], "hotel_price": ["206"]}, "791924": {"hotel_name": "\u94f6\u5ea7\u4f73\u9a7f\u9152\u5e97(\u5e73\u5ea6\u5929\u6d25\u8def\u5e97)(\u539f\u8679\u5586\u5546\u52a1\u5bbe\u9986)", "order_time": ["2019-01-29 13:29:49"], "total_order": 1, "hotel_value": ["4.5"], "hotel_price": ["105"]}, "1911247": {"hotel_name": "\u5982\u5bb6\u5feb\u6377\u9152\u5e97(\u9752\u5c9b\u4e94\u56db\u5e7f\u573a\u5965\u5e06\u4e2d\u5fc3\u5e97)(\u539f\u5965\u5e06\u4e2d\u5fc3\u6d77\u4fe1\u5e7f\u573a\u5e97)", "order_time": ["2019-01-29 13:30:44"], "total_order": 1, "hotel_value": ["4.3"], "hotel_price": ["99"]}, "2496851": {"hotel_name": "\u5c1a\u5ba2\u4f18\u5feb\u6377\u9152\u5e97(\u9752\u5c9b\u6d41\u4ead\u673a\u573a\u5e97)", "order_time": ["2019-01-29 13:30:47"], "total_order": 1, "hotel_value": ["4.4"], "hotel_price": ["134"]}, "2239071": {"hotel_name": "\u5373\u58a8\u7687\u671d\u5bbe\u9986", "order_time": ["2019-01-29 13:30:47"], "total_order": 1, "hotel_value": ["4.5"], "hotel_price": ["105"]}, "1551929": {"hotel_name": "\u9752\u5c9b\u6052\u661f\u56fd\u9645\u57f9\u8bad\u4e2d\u5fc3", "order_time": ["2019-01-29 13:30:49", "2019-01-29 13:57:40", "2019-01-29 13:50:12"], "total_order": 3, "hotel_value": ["4.2", "4.2", "4.2"], "hotel_price": ["219", "219", "219"]}, "1416625": {"hotel_name": "\u9752\u5c9b\u4e9a\u5730\u5229\u7cbe\u54c1\u9152\u5e97", "order_time": ["2019-01-29 13:30:51"], "total_order": 1, "hotel_value": ["4.2"], "hotel_price": ["75"]}, "427837": {"hotel_name": "\u83ab\u6cf0168(\u9752\u5c9b\u4e2d\u5c71\u8def\u5546\u4e1a\u8857\u6808\u6865\u5e97)", "order_time": ["2019-01-29 13:30:55"], "total_order": 1, "hotel_value": ["4.4"], "hotel_price": ["78"]}, "1786865": {"hotel_name": "\u9752\u5c9b\u597d\u4e16\u754c\u7cbe\u54c1\u9152\u5e97", "order_time": ["2019-01-29 13:30:55"], "total_order": 1, "hotel_value": ["4.8"], "hotel_price": ["81"]}, "22818817": {"hotel_name": "\u5609\u51ef\u8c6a\u7cbe\u54c1\u9152\u5e97(\u5373\u58a8\u9e64\u5c71\u8def\u5e97)", "order_time": ["2019-01-29 13:30:56"], "total_order": 1, "hotel_value": ["4.5"], "hotel_price": ["83"]}, "2388618": {"hotel_name": "\u9047\u89c1\u56fd\u9645\u9752\u5e74\u65c5\u820d(\u9752\u5c9b\u6d59\u6c5f\u8def\u6808\u6865\u5e97)", "order_time": ["2019-01-29 13:31:25"], "total_order": 1, "hotel_value": ["4.2"], "hotel_price": ["19"]}, "484453": {"hotel_name": "\u9752\u5c9b\u897f\u6d77\u5cb8\u9686\u548c\u798f\u670b\u559c\u6765\u767b\u9152\u5e97(\u539f\u9ec4\u5c9b\u798f\u670b\u559c\u6765\u767b\u9152\u5e97)", "order_time": ["2019-01-29 13:33:14", "2019-01-29 13:57:37"], "total_order": 2, "hotel_value": ["4.6", "4.6"], "hotel_price": ["309", "309"]}, "21678840": {"hotel_name": "\u51ef\u66fc\u516c\u5bd3(\u9752\u5c9b\u6b63\u9633\u4e2d\u8def\u5e97)", "order_time": ["2019-01-29 13:33:19"], "total_order": 1, "hotel_value": ["4.6"], "hotel_price": ["97"]}, "6419117": {"hotel_name": "\u9752\u5c9b\u80f6\u5357\u5e02\u597d\u5ba2\u5546\u52a1\u5bbe\u9986", "order_time": ["2019-01-29 13:33:58"], "total_order": 1, "hotel_value": [0], "hotel_price": ["66"]}, "17974517": {"hotel_name": "\u5e73\u5ea6\u84dd\u6d77\u94a7\u534e\u5927\u9152\u5e97", "order_time": ["2019-01-29 13:34:19"], "total_order": 1, "hotel_value": ["4.6"], "hotel_price": ["308"]}, "1198136": {"hotel_name": "\u9752\u5c9b\u5229\u5ba2\u6765\u5546\u52a1\u9152\u5e97", "order_time": ["2019-01-29 13:35:45"], "total_order": 1, "hotel_value": ["4.2"], "hotel_price": ["116"]}, "430840": {"hotel_name": "\u9752\u5c9b\u4e3d\u6676\u5927\u9152\u5e97", "order_time": ["2019-01-29 13:52:44", "2019-01-29 13:35:46"], "total_order": 2, "hotel_value": ["4.5", "4.5"], "hotel_price": ["409", "409"]}, "5147819": {"hotel_name": "\u6c49\u5ead\u9152\u5e97(\u9752\u5c9b\u7535\u5b50\u4fe1\u606f\u57ce\u5e97)", "order_time": ["2019-01-29 13:35:47"], "total_order": 1, "hotel_value": ["4.4"], "hotel_price": ["102"]}, "17284887": {"hotel_name": "\u9752\u5c9b\u897f\u6d77\u5cb8\u5510\u5c9b\u6e7e\u516c\u56ed\u4e9a\u6735\u9152\u5e97", "order_time": ["2019-01-29 13:35:48"], "total_order": 1, "hotel_value": ["4.8"], "hotel_price": ["303"]}, "436462": {"hotel_name": "\u9082\u9005\u7f8e\u5bbf(\u9752\u5c9b\u4e2d\u5c71\u8def\u6808\u6865\u5e97)(\u539f\u9082\u9005\u56fd\u9645\u9752\u5e74\u65c5\u820d(\u4e2d\u5c71\u8def\u5929\u4e3b\u6559\u5802\u5e97))", "order_time": ["2019-01-29 13:35:50"], "total_order": 1, "hotel_value": ["4.5"], "hotel_price": ["42"]}, "28528994": {"hotel_name": "\u9752\u5c9b\u6591\u9a6c\u7cbe\u4eab\u9152\u5e97", "order_time": ["2019-01-29 13:35:50"], "total_order": 1, "hotel_value": ["4.9"], "hotel_price": ["125"]}, "19852075": {"hotel_name": "\u66dc\u77f3\u6d77\u666f\u516c\u5bd3\u9152\u5e97(\u9752\u5c9b\u4f1a\u5c55\u4e2d\u5fc3\u77f3\u8001\u4eba\u6d77\u6c34\u6d74\u573a\u5e97)", "order_time": ["2019-01-29 13:35:52"], "total_order": 1, "hotel_value": ["4.8"], "hotel_price": ["231"]}, "1316461": {"hotel_name": "\u6c49\u5ead\u9152\u5e97(\u9752\u5c9b\u674e\u6ca7\u91d1\u6c34\u8def\u5e97)", "order_time": ["2019-01-29 13:35:52"], "total_order": 1, "hotel_value": ["4.5"], "hotel_price": ["170"]}, "4957065": {"hotel_name": "\u5b87\u7434\u6d77\u90ae\u8f6e\u6bcd\u6e2f\u6d77\u666f\u5ea6\u5047\u516c\u5bd3(\u9752\u5c9b\u4e2d\u8054\u81ea\u7531\u6e2f\u6e7e\u5e97)", "order_time": ["2019-01-29 13:36:13"], "total_order": 1, "hotel_value": ["4.6"], "hotel_price": ["72"]}, "2258446": {"hotel_name": "\u5982\u5bb6\u5feb\u6377\u9152\u5e97(\u9752\u5c9b\u6808\u6865\u4eba\u6c11\u4f1a\u5802\u5730\u94c1\u7ad9\u9f99\u53e3\u8def\u5e97)", "order_time": ["2019-01-29 13:38:16"], "total_order": 1, "hotel_value": ["4.4"], "hotel_price": ["110"]}, "467216": {"hotel_name": "\u9752\u5c9b\u6d77\u666f\u82b1\u56ed\u5927\u9152\u5e97", "order_time": ["2019-01-29 13:38:16"], "total_order": 1, "hotel_value": ["4.8"], "hotel_price": ["599"]}, "6838355": {"hotel_name": "\u5170\u6b27\u9152\u5e97(\u9752\u5c9b\u4e94\u56db\u5e7f\u573a\u5e97)(\u539f\u65b0\u4e1c\u5927\u9152\u5e97)", "order_time": ["2019-01-29 13:55:09", "2019-01-29 13:38:18"], "total_order": 2, "hotel_value": ["4.7", "4.7"], "hotel_price": ["290", "290"]}, "1287621": {"hotel_name": "\u6e2f\u6e7e\u5370\u8c61\u8fde\u9501\u9152\u5e97(\u9752\u5c9b\u674e\u6751\u541b\u5cf0\u8def\u5730\u94c1\u7ad9\u5e97) ", "order_time": ["2019-01-29 13:38:22"], "total_order": 1, "hotel_value": ["3.9"], "hotel_price": ["78"]}, "427967": {"hotel_name": "\u5982\u5bb6\u5feb\u6377\u9152\u5e97(\u9752\u5c9b\u6808\u6865\u706b\u8f66\u7ad9\u5e7f\u573a\u5e97)", "order_time": ["2019-01-29 13:38:40"], "total_order": 1, "hotel_value": ["4.2"], "hotel_price": ["82"]}, "6508376": {"hotel_name": "\u6155\u820d\u00b7\u8d1d\u683c\u9152\u5e97\u516c\u5bd3(\u9752\u5c9b\u4e07\u8c61\u57ce\u5965\u5e06\u4e94\u56db\u5e7f\u573a\u5e97)", "order_time": ["2019-01-29 13:40:43"], "total_order": 1, "hotel_value": ["4.9"], "hotel_price": ["258"]}, "458561": {"hotel_name": "\u6c49\u5ead\u9152\u5e97(\u9752\u5c9b\u53f0\u4e1c\u4e07\u8fbe\u5e97)", "order_time": ["2019-01-29 13:40:47"], "total_order": 1, "hotel_value": ["4.7"], "hotel_price": ["132"]}, "430544": {"hotel_name": "\u9752\u5c9b\u5feb\u901a\u56fd\u9645\u9152\u5e97", "order_time": ["2019-01-29 13:41:03"], "total_order": 1, "hotel_value": ["4.5"], "hotel_price": ["303"]}, "1613249": {"hotel_name": "\u9752\u5c9b\u5c9a\u5ead\u7cbe\u54c1\u79df\u8d41", "order_time": ["2019-01-29 13:41:05"], "total_order": 1, "hotel_value": ["4.4"], "hotel_price": ["93"]}, "2638267": {"hotel_name": "\u6c49\u5ead\u9152\u5e97(\u9752\u5c9b\u6d77\u5c14\u8def\u56fd\u9645\u4f1a\u5c55\u4e2d\u5fc3\u5e97)", "order_time": ["2019-01-29 13:43:12"], "total_order": 1, "hotel_value": ["4.5"], "hotel_price": ["189"]}, "9543763": {"hotel_name": "\u9752\u5c9b\u6885\u5b50\u51ef\u4f26\u7cbe\u54c1\u9152\u5e97", "order_time": ["2019-01-29 13:43:14"], "total_order": 1, "hotel_value": ["4.4"], "hotel_price": ["178"]}, "5908521": {"hotel_name": "\u5982\u5bb6\u5feb\u6377\u9152\u5e97(\u9752\u5c9b\u6d41\u4ead\u673a\u573a\u6c11\u822a\u8def\u5e97)", "order_time": ["2019-01-29 13:43:18"], "total_order": 1, "hotel_value": ["4.4"], "hotel_price": ["100"]}, "6039993": {"hotel_name": "\u9752\u5c9b\u6052\u5c71\u8def5\u53f7\u4eba\u6587\u9152\u5e97", "order_time": ["2019-01-29 13:43:21"], "total_order": 1, "hotel_value": ["4.6"], "hotel_price": ["193"]}, "453041": {"hotel_name": "\u9752\u5c9b\u673a\u573a\u8f85\u7279\u6234\u65af\u9152\u5e97", "order_time": ["2019-01-29 13:43:23"], "total_order": 1, "hotel_value": ["4.1"], "hotel_price": ["107"]}, "468436": {"hotel_name": "\u9752\u5c9b\u7f8e\u5885\u5047\u671f\u9152\u5e9721\u53f7\u6d77\u8fb9\u522b\u5885", "order_time": ["2019-01-29 13:43:27"], "total_order": 1, "hotel_value": ["4.9"], "hotel_price": ["358"]}, "19631271": {"hotel_name": "\u9752\u5c9b\u51e4\u6816\u68a7\u6e29\u6cc9\u6c11\u5bbf", "order_time": ["2019-01-29 13:46:30", "2019-01-29 13:44:22"], "total_order": 2, "hotel_value": [0, 0], "hotel_price": ["637", "637"]}, "1200168": {"hotel_name": "\u7ef4\u4e5f\u7eb3\u9152\u5e97(\u80f6\u5dde\u5e97)", "order_time": ["2019-01-29 13:44:43"], "total_order": 1, "hotel_value": ["4.7"], "hotel_price": ["238"]}, "17351152": {"hotel_name": "\u9752\u5c9b\u5f71\u5de2\u7535\u5f71\u9152\u5e97", "order_time": ["2019-01-29 13:45:42"], "total_order": 1, "hotel_value": ["4.7"], "hotel_price": ["82"]}, "1374289": {"hotel_name": "\u83ab\u6cf0168(\u9752\u5c9b\u5f00\u53d1\u533a\u957f\u6c5f\u4e2d\u8def\u533a\u653f\u5e9c\u91d1\u6c99\u6ee9\u5e97)", "order_time": ["2019-01-29 13:47:56"], "total_order": 1, "hotel_value": ["4.4"], "hotel_price": ["109"]}, "428024": {"hotel_name": "\u5982\u5bb6\u5feb\u6377\u9152\u5e97(\u9752\u5c9b\u53f0\u4e1c\u5546\u4e1a\u533a\u6d77\u4fe1\u7acb\u4ea4\u6865\u6851\u6893\u8def\u5e97)", "order_time": ["2019-01-29 13:47:59"], "total_order": 1, "hotel_value": ["4.4"], "hotel_price": ["89"]}, "1868149": {"hotel_name": "\u5982\u5bb6\u5feb\u6377\u9152\u5e97(\u80f6\u5dde\u798f\u5dde\u5357\u8def\u5e97)", "order_time": ["2019-01-29 13:49:06", "2019-01-29 13:56:26"], "total_order": 2, "hotel_value": ["4.3", "4.3"], "hotel_price": ["119", "119"]}, "23227885": {"hotel_name": "\u9752\u5c9b\u683c\u96f7\u65af\u7cbe\u9009\u9152\u5e97", "order_time": ["2019-01-29 13:50:12"], "total_order": 1, "hotel_value": ["4.9"], "hotel_price": ["243"]}, "430396": {"hotel_name": "\u9752\u5c9b\u5b9d\u9f99\u798f\u670b\u559c\u6765\u767b\u9152\u5e97", "order_time": ["2019-01-29 13:50:12"], "total_order": 1, "hotel_value": ["4.6"], "hotel_price": ["429"]}, "1097092": {"hotel_name": "\u6c49\u5ead\u9152\u5e97(\u9752\u5c9b\u53f0\u4e1c\u5546\u4e1a\u533a\u5e97)", "order_time": ["2019-01-29 13:50:14"], "total_order": 1, "hotel_value": ["4.3"], "hotel_price": ["94"]}, "19587956": {"hotel_name": "\u9752\u5c9b\u665f\u5bd3\u65f6\u5149\u516c\u5bd3(\u539f\u4f17\u5bd3\u65f6\u4ee3\u5149\u516c\u5bd3)", "order_time": ["2019-01-29 13:50:15"], "total_order": 1, "hotel_value": ["4.6"], "hotel_price": ["104"]}, "2299218": {"hotel_name": "\u5168\u5b63\u9152\u5e97(\u9752\u5c9b\u5c71\u4e1c\u8def\u4e07\u8fbe\u5e7f\u573a\u5e97)", "order_time": ["2019-01-29 13:50:17"], "total_order": 1, "hotel_value": ["4.6"], "hotel_price": ["275"]}, "427984": {"hotel_name": "\u5982\u5bb6\u5feb\u6377\u9152\u5e97(\u9752\u5c9b\u5564\u9152\u8857\u5ef6\u5b89\u8def\u5e97)", "order_time": ["2019-01-29 13:50:20"], "total_order": 1, "hotel_value": ["4.4"], "hotel_price": ["85"]}, "986295": {"hotel_name": "\u84dd\u6d77\u5927\u996d\u5e97(\u9752\u5c9b\u5d02\u5c71\u5e97)", "order_time": ["2019-01-29 13:52:44"], "total_order": 1, "hotel_value": ["4.7"], "hotel_price": ["298"]}, "17371411": {"hotel_name": "\u9752\u5c9b\u4e1c\u65b9\u5f71\u90fd\u878d\u521b\u7687\u51a0\u5047\u65e5\u9152\u5e97(\u539f\u4e1c\u65b9\u5f71\u90fd\u4e07\u8fbe\u7687\u51a0\u5047\u65e5\u9152\u5e97)", "order_time": ["2019-01-29 13:52:44"], "total_order": 1, "hotel_value": ["4.6"], "hotel_price": ["446"]}, "6532672": {"hotel_name": "\u9752\u5c9b\u5373\u58a8\u6d77\u666f\u82b1\u82d1\u5927\u9152\u5e97", "order_time": ["2019-01-29 13:55:06"], "total_order": 1, "hotel_value": ["4.8"], "hotel_price": ["489"]}, "438731": {"hotel_name": "\u4e2d\u822a\u7fd4\u901a\u6e38\u8247\u4f1a\u9152\u5e97(\u9752\u5c9b\u5965\u5e06\u4e2d\u5fc3\u4e94\u56db\u5e7f\u573a\u5e97)", "order_time": ["2019-01-29 13:55:08"], "total_order": 1, "hotel_value": ["4.8"], "hotel_price": ["326"]}, "5652465": {"hotel_name": "\u5373\u58a8\u9752\u8292\u7cbe\u54c1\u4e3b\u9898\u516c\u5bd3", "order_time": ["2019-01-29 13:55:15"], "total_order": 1, "hotel_value": ["4.5"], "hotel_price": ["104"]}, "2163114": {"hotel_name": "\u5c1a\u5ba2\u4f18\u8fde\u9501\u9152\u5e97(\u83b1\u897f\u70df\u53f0\u8def\u5e97)(\u539f\u4e09\u516d\u4e5d\u5927\u9152\u5e97)", "order_time": ["2019-01-29 13:56:36"], "total_order": 1, "hotel_value": ["4.7"], "hotel_price": ["107"]}, "2301077": {"hotel_name": "\u7231\u5c0a\u5ba2\u9152\u5e97(\u9752\u5c9b\u4e94\u56db\u5e7f\u573a\u5e97)", "order_time": ["2019-01-29 13:57:37"], "total_order": 1, "hotel_value": ["4.6"], "hotel_price": ["124"]}, "454906": {"hotel_name": "\u9752\u5c9b\u7d22\u83f2\u4e9a\u56fd\u9645\u5927\u9152\u5e97", "order_time": ["2019-01-29 13:57:37"], "total_order": 1, "hotel_value": ["4.6"], "hotel_price": ["270"]}, "901719": {"hotel_name": "7\u5929\u8fde\u9501\u9152\u5e97(\u9752\u5c9b\u6d77\u5c14\u5de5\u4e1a\u56ed\u5b9d\u9f99\u5e7f\u573a\u5e97)", "order_time": ["2019-01-29 13:57:40"], "total_order": 1, "hotel_value": ["4.6"], "hotel_price": ["99"]}, "1316372": {"hotel_name": "\u6c49\u5ead\u9152\u5e97(\u9752\u5c9b\u53f0\u4e1c\u6b65\u884c\u8857\u5e97)", "order_time": ["2019-01-29 13:57:44"], "total_order": 1, "hotel_value": ["4.5"], "hotel_price": ["113"]}, "4971225": {"hotel_name": "\u5b89\u6f9c\u6587\u65c5\u9152\u5e97(\u9752\u5c9b\u5965\u5e06\u4e2d\u5fc3\u6781\u5730\u6d77\u6d0b\u4e16\u754c\u5e97)", "order_time": ["2019-01-29 13:57:44"], "total_order": 1, "hotel_value": ["4.2"], "hotel_price": ["79"]}, "1269417": {"hotel_name": "\u9752\u5c9b\u5f7c\u5cb8\u9633\u5149\u4e3b\u9898\u5bbe\u9986", "order_time": ["2019-01-29 13:57:47"], "total_order": 1, "hotel_value": ["4.2"], "hotel_price": ["64"]}}}