{"\u5f00\u59cb\u8bb0\u5f55\u65f6\u95f4": "2019-01-23 07:06:13", "\u7ed3\u675f\u8bb0\u5f55\u65f6\u95f4": "2019-01-23 08:17:22", "\u8ba2\u5355\u603b\u589e\u91cf": 118, "item": {"6825957": {"hotel_name": "\u9752\u5c9b\u7ef4\u591a\u5229\u4e9a\u54c1\u5982\u5bb6\u56ed\u9152\u5e97\u5f0f\u516c\u5bd3", "order_time": ["2019-01-23 07:09:15", "2019-01-23 07:33:29"], "total_order": 2, "hotel_value": ["4.5", "4.5"], "hotel_price": ["77", "77"]}, "6080545": {"hotel_name": "\u5e73\u5ea6\u4e2d\u5929\u5546\u52a1\u5bbe\u9986(\u539f\u90fd\u5e02118\u9752\u5c9b\u5e73\u5ea6\u8d38\u6613\u57ce\u5e97)", "order_time": ["2019-01-23 07:10:20"], "total_order": 1, "hotel_value": ["4.5"], "hotel_price": ["95"]}, "4328415": {"hotel_name": "\u83b1\u897f\u5929\u58e4\u7cbe\u54c1\u9152\u5e97", "order_time": ["2019-01-23 07:10:21"], "total_order": 1, "hotel_value": ["4.4"], "hotel_price": ["124"]}, "25270439": {"hotel_name": "\u9752\u5c9b\u673a\u573a\u4e16\u7eaa\u516c\u56ed\u4e9a\u6735\u9152\u5e97", "order_time": ["2019-01-23 07:38:35", "2019-01-23 07:11:42"], "total_order": 2, "hotel_value": ["4.9", "4.9"], "hotel_price": ["285", "285"]}, "425590": {"hotel_name": "\u9752\u5c9b\u946b\u6c5f\u6e29\u5fb7\u59c6\u9152\u5e97", "order_time": ["2019-01-23 07:11:50"], "total_order": 1, "hotel_value": ["4.8"], "hotel_price": ["550"]}, "1600748": {"hotel_name": "\u9752\u5c9b\u5929\u6cf0\u7f8e\u5bb6\u516c\u5bd3\u9152\u5e97", "order_time": ["2019-01-23 07:11:51"], "total_order": 1, "hotel_value": ["4.7"], "hotel_price": ["123"]}, "773700": {"hotel_name": "\u9752\u5c9b52\u5e73\u65b9\u56fd\u9645\u5546\u52a1\u9152\u5e97\u516c\u5bd3", "order_time": ["2019-01-23 07:11:54"], "total_order": 1, "hotel_value": ["4.3"], "hotel_price": ["94"]}, "6466869": {"hotel_name": "\u7c73\u9ad8\u65f6\u5c1a\u9152\u5e97(\u9752\u5c9b\u4e94\u56db\u5e7f\u573a\u8fdc\u6d0b\u5e97)", "order_time": ["2019-01-23 07:14:18"], "total_order": 1, "hotel_value": ["4.4"], "hotel_price": ["93"]}, "2082416": {"hotel_name": "7\u5929\u8fde\u9501\u9152\u5e97(\u9752\u5c9b\u6d41\u4ead\u673a\u573a\u5e97)", "order_time": ["2019-01-23 07:14:20"], "total_order": 1, "hotel_value": ["4.1"], "hotel_price": ["99"]}, "8396348": {"hotel_name": "\u7a7a\u94c1\u5047\u65e5\u9152\u5e97\u516c\u5bd3(\u9752\u5c9b\u673a\u573a\u4e8c\u5e97)", "order_time": ["2019-01-23 07:16:42"], "total_order": 1, "hotel_value": ["4.4"], "hotel_price": ["226"]}, "3045084": {"hotel_name": "\u6c49\u5ead\u9152\u5e97(\u9752\u5c9b\u6d41\u4ead\u673a\u573a\u5e97)", "order_time": ["2019-01-23 07:16:48"], "total_order": 1, "hotel_value": ["4.3"], "hotel_price": ["161"]}, "17351152": {"hotel_name": "\u9752\u5c9b\u5f71\u5de2\u7535\u5f71\u9152\u5e97", "order_time": ["2019-01-23 07:19:07"], "total_order": 1, "hotel_value": ["4.6"], "hotel_price": ["114"]}, "481742": {"hotel_name": "\u9752\u5c9b\u4e16\u8d38\u6d77\u60a6\u5927\u9152\u5e97", "order_time": ["2019-01-23 07:19:16"], "total_order": 1, "hotel_value": ["4.7"], "hotel_price": ["245"]}, "21122269": {"hotel_name": "\u9752\u5c9b\u84dd\u6735\u6d77\u666f\u5047\u65e5\u516c\u5bd3", "order_time": ["2019-01-23 07:19:16"], "total_order": 1, "hotel_value": ["4.9"], "hotel_price": ["217"]}, "5527970": {"hotel_name": "\u9752\u5c9b\u65af\u7ef4\u767b\u5ea6\u5047\u516c\u5bd3(\u57ce\u9633\u673a\u573a\u5e97)", "order_time": ["2019-01-23 07:21:33"], "total_order": 1, "hotel_value": ["4.7"], "hotel_price": ["119"]}, "4632410": {"hotel_name": "\u9752\u5c9b\u4e91\u6816\u6d77\u666f\u5ea6\u5047\u516c\u5bd3", "order_time": ["2019-01-23 07:21:33"], "total_order": 1, "hotel_value": ["4.8"], "hotel_price": ["66"]}, "385108": {"hotel_name": "\u9752\u5c9b\u6d77\u5c14\u6d32\u9645\u9152\u5e97", "order_time": ["2019-01-23 07:21:40"], "total_order": 1, "hotel_value": ["4.6"], "hotel_price": ["738"]}, "772111": {"hotel_name": "\u9752\u5c9b\u5a01\u65af\u6c40\u9152\u5e97", "order_time": ["2019-01-23 08:05:41", "2019-01-23 07:22:34"], "total_order": 2, "hotel_value": ["4.6", "4.6"], "hotel_price": ["665", "665"]}, "1379289": {"hotel_name": "\u90fd\u5e02118(\u9752\u5c9b\u57ce\u9633\u5b9d\u9f99\u5e7f\u573a\u5e97)", "order_time": ["2019-01-23 07:23:51"], "total_order": 1, "hotel_value": ["4.0"], "hotel_price": ["108"]}, "10186829": {"hotel_name": "\u9526\u6c5f\u90fd\u57ce(\u9752\u5c9b\u65b0\u90fd\u5fc3\u5e97)", "order_time": ["2019-01-23 07:23:59"], "total_order": 1, "hotel_value": ["4.6"], "hotel_price": ["271"]}, "371190": {"hotel_name": "\u9752\u5c9b\u9999\u683c\u91cc\u62c9\u5927\u9152\u5e97", "order_time": ["2019-01-23 07:24:00"], "total_order": 1, "hotel_value": ["4.7"], "hotel_price": ["689"]}, "2002231": {"hotel_name": "\u9752\u5c9b\u5357\u67ef\u9752\u5e74\u65c5\u820d", "order_time": ["2019-01-23 07:24:26"], "total_order": 1, "hotel_value": ["4.3"], "hotel_price": ["25"]}, "443360": {"hotel_name": "\u5e73\u5ea6\u90fd\u5e02\u661f\u8054\u5927\u9152\u5e97", "order_time": ["2019-01-23 08:05:41", "2019-01-23 07:25:06"], "total_order": 2, "hotel_value": ["4.5", "4.5"], "hotel_price": ["118", "118"]}, "5795844": {"hotel_name": "\u9752\u5c9b\u56db\u65b9\u5927\u9152\u5e97\u8d35\u5bbe\u697c", "order_time": ["2019-01-23 07:26:19"], "total_order": 1, "hotel_value": ["4.3"], "hotel_price": ["102"]}, "1734724": {"hotel_name": "\u9752\u5c9b\u56fd\u4fe1\u4e1c\u65b9\u4e4b\u661f\u9152\u5e97", "order_time": ["2019-01-23 07:26:27"], "total_order": 1, "hotel_value": ["4.7"], "hotel_price": ["158"]}, "4639026": {"hotel_name": "\u9752\u5c9b\u7231\u5de2\u00b7\u7f57\u66fc\u8482\u514b\u9152\u5e97\u516c\u5bd3", "order_time": ["2019-01-23 07:26:29"], "total_order": 1, "hotel_value": ["4.7"], "hotel_price": ["68"]}, "5033186": {"hotel_name": "\u7ef4\u4e5f\u7eb3\u667a\u597d\u9152\u5e97(\u9752\u5c9b\u5373\u58a8\u5e97)(\u539f\u65fa\u534e\u5927\u9152\u5e97)", "order_time": ["2019-01-23 07:28:40"], "total_order": 1, "hotel_value": ["4.5"], "hotel_price": ["172"]}, "429108": {"hotel_name": "\u9752\u5c9b\u94f6\u6c99\u6ee9\u6e29\u5fb7\u59c6\u81f3\u5c0a\u9152\u5e97", "order_time": ["2019-01-23 07:28:42"], "total_order": 1, "hotel_value": ["4.5"], "hotel_price": ["414"]}, "6074225": {"hotel_name": "\u84dd\u6d77\u00b7\u9890\u6d77\u82b1\u56ed\u9152\u5e97(\u9752\u5c9b\u5e02\u5357\u5e97)", "order_time": ["2019-01-23 07:28:43"], "total_order": 1, "hotel_value": ["4.7"], "hotel_price": ["388"]}, "1318891": {"hotel_name": "\u6c49\u5ead\u9152\u5e97(\u5373\u58a8\u670d\u88c5\u57ce\u5e97)", "order_time": ["2019-01-23 07:28:43"], "total_order": 1, "hotel_value": ["4.6"], "hotel_price": ["123"]}, "9133707": {"hotel_name": "\u683c\u5170\u9152\u5e97\u516c\u5bd3(\u9752\u5c9b\u5965\u5e06\u4e2d\u5fc3\u4e3d\u6676\u5fa1\u7b51\u5e97)(\u539f\u9999\u6e2f\u4e2d\u8def\u5e97)", "order_time": ["2019-01-23 07:28:44"], "total_order": 1, "hotel_value": ["4.4"], "hotel_price": ["123"]}, "6871039": {"hotel_name": "\u9752\u76ae\u6811\u9152\u5e97\uff08\u9752\u5c9b\u590f\u5e84\u8def\u548c\u8c10\u5e7f\u573a\u5e97\uff09", "order_time": ["2019-01-23 07:29:01"], "total_order": 1, "hotel_value": ["4.6"], "hotel_price": ["108"]}, "1589694": {"hotel_name": "\u9752\u5c9b\u5409\u4e00\u5c45\u5bbe\u9986", "order_time": ["2019-01-23 07:29:09"], "total_order": 1, "hotel_value": ["4.1"], "hotel_price": ["62"]}, "5598837": {"hotel_name": "\u6c49\u5ead\u9152\u5e97(\u5e73\u5ea6\u94dc\u725b\u5e7f\u573a\u5e97)", "order_time": ["2019-01-23 07:29:46"], "total_order": 1, "hotel_value": ["4.6"], "hotel_price": ["170"]}, "5999421": {"hotel_name": "\u7a7a\u94c1\u5047\u65e5\u9152\u5e97\u516c\u5bd3(\u9752\u5c9b\u673a\u573a\u5e97)", "order_time": ["2019-01-23 07:31:03"], "total_order": 1, "hotel_value": ["4.6"], "hotel_price": ["203"]}, "1316467": {"hotel_name": "\u6c49\u5ead\u9152\u5e97(\u9752\u5c9b\u57ce\u9633\u6b63\u9633\u4e1c\u8def\u5e97)", "order_time": ["2019-01-23 07:31:09"], "total_order": 1, "hotel_value": ["4.4"], "hotel_price": ["132"]}, "9361728": {"hotel_name": "\u9752\u5c9b\u6d45\u91ce\u516c\u5bd3", "order_time": ["2019-01-23 07:31:09"], "total_order": 1, "hotel_value": ["4.6"], "hotel_price": ["99"]}, "18515525": {"hotel_name": "\u534a\u5c9b\u56fd\u9645\u9152\u5e97(\u9752\u5c9b\u674e\u6751\u5730\u94c1\u7ad9\u5e97)", "order_time": ["2019-01-23 08:06:34", "2019-01-23 07:33:33"], "total_order": 2, "hotel_value": ["4.5", "4.5"], "hotel_price": ["184", "184"]}, "8668290": {"hotel_name": "\u6249\u7f26\u9152\u5e97(\u9752\u5c9b\u57ce\u9633\u6625\u548c\u5e7f\u573a\u5e97)", "order_time": ["2019-01-23 07:33:34"], "total_order": 1, "hotel_value": ["4.8"], "hotel_price": ["272"]}, "15862442": {"hotel_name": "\u6c50\u60a6\u9152\u5e97\u516c\u5bd3(\u9752\u5c9b\u4e94\u56db\u5e7f\u573a\u4e2d\u94c1\u9752\u5c9b\u4e2d\u5fc3\u5e97)", "order_time": ["2019-01-23 07:33:34"], "total_order": 1, "hotel_value": ["4.8"], "hotel_price": ["229"]}, "1224709": {"hotel_name": "\u901f8\u9152\u5e97(\u9752\u5c9b\u5f00\u53d1\u533a\u77f3\u6cb9\u5927\u5b66\u5e97)", "order_time": ["2019-01-23 07:33:34"], "total_order": 1, "hotel_value": ["4.5"], "hotel_price": ["103"]}, "712009": {"hotel_name": "\u9752\u5c9b\u7231\u5bb6\u5ba2\u6d77\u666f\u65e5\u79df\u623f", "order_time": ["2019-01-23 07:33:45"], "total_order": 1, "hotel_value": ["4.7"], "hotel_price": ["29"]}, "445195": {"hotel_name": "\u9752\u5c9b\u4e1c\u6656\u56fd\u9645\u5927\u9152\u5e97", "order_time": ["2019-01-23 07:35:56", "2019-01-23 08:13:25"], "total_order": 2, "hotel_value": ["4.5", "4.5"], "hotel_price": ["266", "266"]}, "5930359": {"hotel_name": "\u9752\u5c9b\u91d1\u77f3\u56fd\u9645\u5927\u9152\u5e97", "order_time": ["2019-01-23 07:35:58"], "total_order": 1, "hotel_value": ["4.8"], "hotel_price": ["396"]}, "17588770": {"hotel_name": "\u9752\u5c9b\u541b\u534e\u5609\u60e0\u9152\u5e97", "order_time": ["2019-01-23 07:38:27"], "total_order": 1, "hotel_value": ["4.7"], "hotel_price": ["179"]}, "1664209": {"hotel_name": "\u9752\u5c9b\u5929\u745e\u661f\u7a7a\u9152\u5e97", "order_time": ["2019-01-23 07:38:27", "2019-01-23 07:43:31"], "total_order": 2, "hotel_value": ["4.6", "4.6"], "hotel_price": ["430", "430"]}, "427982": {"hotel_name": "\u5982\u5bb6\u5feb\u6377\u9152\u5e97(\u9752\u5c9b\u4e2d\u5c71\u8def\u5fb7\u56fd\u98ce\u60c5\u8857\u5e97)", "order_time": ["2019-01-23 07:38:31"], "total_order": 1, "hotel_value": ["4.5"], "hotel_price": ["84"]}, "2329361": {"hotel_name": "\u9752\u5c9b\u65af\u7ef4\u767b\u5ea6\u5047\u516c\u5bd3(\u90ae\u8f6e\u6bcd\u6e2f\u5e97)", "order_time": ["2019-01-23 07:41:00"], "total_order": 1, "hotel_value": ["4.7"], "hotel_price": ["124"]}, "1562244": {"hotel_name": "\u6d3e\u67cf\u00b7\u4e91\u9152\u5e97(\u9752\u5c9b\u963f\u91cc\u5c71\u8def\u5e97)(\u539f\u90fd\u6e90\u4f73\u60a6\u9152\u5e97)", "order_time": ["2019-01-23 07:41:12"], "total_order": 1, "hotel_value": ["4.7"], "hotel_price": ["118"]}, "24055729": {"hotel_name": "\u5c1a\u5ba2\u4f18\u7cbe\u9009\u9152\u5e97(\u9752\u5c9b\u4e94\u56db\u5e7f\u573a\u5965\u5e06\u5e97)", "order_time": ["2019-01-23 07:43:26"], "total_order": 1, "hotel_value": ["4.7"], "hotel_price": ["124"]}, "18034506": {"hotel_name": "\u6c49\u5510\u9152\u5e97(\u9752\u5c9b\u6d41\u4ead\u673a\u573a\u5e97)", "order_time": ["2019-01-23 07:45:01", "2019-01-23 07:43:28", "2019-01-23 07:44:56", "2019-01-23 07:44:53", "2019-01-23 07:44:54", "2019-01-23 07:44:51", "2019-01-23 07:44:58", "2019-01-23 07:44:57"], "total_order": 8, "hotel_value": ["4.8", "4.8", "4.8", "4.8", "4.8", "4.8", "4.8", "4.8"], "hotel_price": ["217", "216", "216", "216", "216", "216", "216", "216"]}, "669124": {"hotel_name": "\u9752\u5c9b\u534e\u4fa8\u56fd\u9645\u996d\u5e97", "order_time": ["2019-01-23 07:43:28"], "total_order": 1, "hotel_value": ["4.3"], "hotel_price": ["198"]}, "2389835": {"hotel_name": "\u9752\u5c9b\u84dd\u8393\u5ea6\u5047\u9152\u5e97", "order_time": ["2019-01-23 07:43:31"], "total_order": 1, "hotel_value": ["4.2"], "hotel_price": ["410"]}, "2624847": {"hotel_name": "\u9752\u5c9b\u83ab\u4e3d\u00b7\u7cbe\u9009\u9152\u5e97", "order_time": ["2019-01-23 07:43:31"], "total_order": 1, "hotel_value": ["4.5"], "hotel_price": ["221"]}, "438731": {"hotel_name": "\u4e2d\u822a\u7fd4\u901a\u6e38\u8247\u4f1a\u9152\u5e97(\u9752\u5c9b\u5965\u5e06\u4e2d\u5fc3\u4e94\u56db\u5e7f\u573a\u5e97)", "order_time": ["2019-01-23 07:45:52"], "total_order": 1, "hotel_value": ["4.8"], "hotel_price": ["321"]}, "7690235": {"hotel_name": "Q\u52a0\u00b7\u79a7\u60a6\u5047\u65e5\u9152\u5e97(\u9752\u5c9b\u706b\u8f66\u7ad9\u4e1c\u5e7f\u573a\u6808\u6865\u5e97)(\u539f\u9752\u5c9b\u79a7\u60a6\u5047\u65e5\u9152\u5e97)", "order_time": ["2019-01-23 07:45:57"], "total_order": 1, "hotel_value": ["4.5"], "hotel_price": ["99"]}, "2935119": {"hotel_name": "\u5609\u5fb7\u591c\u8272\u827a\u672f\u4e3b\u9898\u9152\u5e97(\u9752\u5c9b\u674e\u6751\u5730\u94c1\u6b65\u884c\u8857\u706b\u8f66\u5317\u7ad9\u5e97)", "order_time": ["2019-01-23 07:48:21"], "total_order": 1, "hotel_value": ["4.6"], "hotel_price": ["94"]}, "4068819": {"hotel_name": "\u90fd\u5e02118(\u9752\u5c9b\u4f1a\u5c55\u4e2d\u5fc3\u6d77\u5c14\u8def\u5e97)(\u539f\u5d02\u5c71\u9ad8\u79d1\u56ed\u5e97)", "order_time": ["2019-01-23 07:48:30"], "total_order": 1, "hotel_value": ["4.2"], "hotel_price": ["81"]}, "447276": {"hotel_name": "\u9752\u5c9b\u6808\u6865\u738b\u5b50\u996d\u5e97", "order_time": ["2019-01-23 07:48:30"], "total_order": 1, "hotel_value": ["4.4"], "hotel_price": ["135"]}, "6284231": {"hotel_name": "\u9752\u5c9b\u745e\u5947\u6d77\u666f\u5ea6\u5047\u516c\u5bd3\u4e2d\u8054\u81ea\u7531\u6e2f\u6e7e\u5e97", "order_time": ["2019-01-23 07:48:30"], "total_order": 1, "hotel_value": ["4.7"], "hotel_price": ["69"]}, "1420488": {"hotel_name": "\u9752\u5c9b\u91d1\u6d77\u5546\u52a1\u5bbe\u9986(\u706b\u8f66\u7ad9\u897f\u5e7f\u573a\u5e97)", "order_time": ["2019-01-23 07:48:32"], "total_order": 1, "hotel_value": ["4.4"], "hotel_price": ["188"]}, "6508376": {"hotel_name": "\u6155\u820d\u00b7\u8d1d\u683c\u9152\u5e97\u516c\u5bd3(\u9752\u5c9b\u4e07\u8c61\u57ce\u5965\u5e06\u4e94\u56db\u5e7f\u573a\u5e97)", "order_time": ["2019-01-23 07:49:19"], "total_order": 1, "hotel_value": ["4.9"], "hotel_price": ["298"]}, "486063": {"hotel_name": "\u9752\u5c9b\u56fd\u4fe1\u6d77\u5929\u4f53\u80b2\u4e2d\u5fc3\u9152\u5e97", "order_time": ["2019-01-23 07:50:36"], "total_order": 1, "hotel_value": ["4.5"], "hotel_price": ["149"]}, "1541913": {"hotel_name": "\u9752\u5c9b\u6c11\u822a\u673a\u573a\u5bbe\u9986", "order_time": ["2019-01-23 07:50:43"], "total_order": 1, "hotel_value": ["4.5"], "hotel_price": ["293"]}, "1200111": {"hotel_name": "\u559c\u5ba2\u6765\u5927\u9152\u5e97(\u9752\u5c9b\u6d41\u4ead\u673a\u573a\u5e97)(\u539f\u57ce\u9633\u5e97)", "order_time": ["2019-01-23 07:50:44"], "total_order": 1, "hotel_value": ["4.4"], "hotel_price": ["113"]}, "791853": {"hotel_name": "\u94f6\u5ea7\u4f73\u9a7f\u9152\u5e97(\u5373\u58a8\u9e64\u5c71\u8def\u4f73\u4e50\u5bb6\u4e00\u5e97)", "order_time": ["2019-01-23 07:50:47", "2019-01-23 07:55:14"], "total_order": 2, "hotel_value": ["4.2", "4.2"], "hotel_price": ["76", "76"]}, "1549218": {"hotel_name": "\u9752\u5c9b\u946b\u9f99\u5047\u65e5\u516c\u5bd3\u9152\u5e97(\u9752\u804c/\u6ee8\u6d77\u5b66\u9662\u5e97)", "order_time": ["2019-01-23 07:50:54"], "total_order": 1, "hotel_value": ["4.7"], "hotel_price": ["153"]}, "1909168": {"hotel_name": "\u9752\u5c9b\u6ee8\u6d77\u5c0f\u7b51\u5ead\u9662\u5f0f\u5bbe\u9986", "order_time": ["2019-01-23 07:51:09"], "total_order": 1, "hotel_value": ["4.2"], "hotel_price": ["163"]}, "6639554": {"hotel_name": "\u9752\u5c9b\u4e50\u5bb6\u8f69\u4e50\u5de2\u6c11\u5bbf(\u9752\u5c9b\u706b\u8f66\u5317\u7ad9\u5e97)", "order_time": ["2019-01-23 07:53:12"], "total_order": 1, "hotel_value": ["4.6"], "hotel_price": ["124"]}, "2306564": {"hotel_name": "\u683c\u6797\u8c6a\u6cf0(\u80f6\u5dde\u4e09\u91cc\u6cb3\u516c\u56ed\u5e97)", "order_time": ["2019-01-23 07:53:58"], "total_order": 1, "hotel_value": ["4.0"], "hotel_price": ["118"]}, "1971343": {"hotel_name": "\u9752\u5c9b\u76db\u6cf0\u5fb7\u9152\u5e97", "order_time": ["2019-01-23 07:55:32"], "total_order": 1, "hotel_value": ["4.2"], "hotel_price": ["99"]}, "6608537": {"hotel_name": "\u6854\u5b50\u9152\u5e97\u00b7\u7cbe\u9009(\u9752\u5c9b\u56db\u6d41\u5357\u8def\u5e97)", "order_time": ["2019-01-23 07:57:25"], "total_order": 1, "hotel_value": ["4.9"], "hotel_price": ["275"]}, "762421": {"hotel_name": "\u9752\u5c9b\u534e\u5e1d\u99a8\u82d1\u5546\u52a1\u9152\u5e97", "order_time": ["2019-01-23 07:57:36"], "total_order": 1, "hotel_value": ["4.6"], "hotel_price": ["123"]}, "5895533": {"hotel_name": "\u5373\u58a8\u7231\u5ba2100\u8fde\u9501\u5bbe\u9986\u670d\u88c5\u57ce\u5e97", "order_time": ["2019-01-23 07:57:38"], "total_order": 1, "hotel_value": ["4.5"], "hotel_price": ["93"]}, "8426688": {"hotel_name": "\u5982\u5bb6\u7cbe\u9009\u9152\u5e97(\u9752\u5c9b\u706b\u8f66\u7ad9\u6808\u6865\u5e97)", "order_time": ["2019-01-23 07:59:40"], "total_order": 1, "hotel_value": ["4.6"], "hotel_price": ["157"]}, "6263824": {"hotel_name": "\u9752\u5c9b\u7d2b\u73a5\u56fd\u9645\u9152\u5e97\u516c\u5bd3", "order_time": ["2019-01-23 07:59:43"], "total_order": 1, "hotel_value": ["4.3"], "hotel_price": ["145"]}, "21124467": {"hotel_name": "\u9752\u5c9b\u65af\u7ef4\u767b\u7cbe\u54c1\u516c\u5bd3(\u4f1a\u5c55\u4e2d\u5fc3\u77f3\u8001\u4eba\u6d77\u6c34\u6d74\u573a)", "order_time": ["2019-01-23 08:14:46", "2019-01-23 08:00:46"], "total_order": 2, "hotel_value": ["4.9", "4.9"], "hotel_price": ["227", "227"]}, "6264032": {"hotel_name": "\u9752\u5c9b\u65bd\u6cf0\u6839\u535a\u9601\u57ce\u9645\u9152\u5e97", "order_time": ["2019-01-23 08:01:46"], "total_order": 1, "hotel_value": ["4.7"], "hotel_price": ["298"]}, "2209171": {"hotel_name": "\u5c1a\u5ba2\u4f18\u54c1\u9152\u5e97(\u9752\u5c9b\u5f00\u53d1\u533a\u9999\u6c5f\u8def\u957f\u6c5f\u8d2d\u7269\u5e7f\u573a\u5e97)(\u539f\u5c1a\u5ba2\u4f18\u7cbe\u9009\u9152\u5e97)", "order_time": ["2019-01-23 08:01:55"], "total_order": 1, "hotel_value": ["4.7"], "hotel_price": ["113"]}, "5379598": {"hotel_name": "\u683c\u6797\u8c6a\u6cf0\u9152\u5e97(\u80f6\u5dde\u6c7d\u8f66\u603b\u7ad9\u6d77\u5c14\u5927\u9053\u5feb\u6377\u5e97)", "order_time": ["2019-01-23 08:02:44"], "total_order": 1, "hotel_value": ["4.3"], "hotel_price": ["114"]}, "4744529": {"hotel_name": "\u5e73\u5ea6\u9752\u5c9b\u7965\u745e\u5bbe\u9986", "order_time": ["2019-01-23 08:02:45"], "total_order": 1, "hotel_value": [0], "hotel_price": ["82"]}, "25557473": {"hotel_name": "\u9752\u5c9b\u68e0\u66fc\u9152\u5e97", "order_time": ["2019-01-23 08:04:05"], "total_order": 1, "hotel_value": ["4.7"], "hotel_price": ["149"]}, "1551929": {"hotel_name": "\u9752\u5c9b\u6052\u661f\u56fd\u9645\u57f9\u8bad\u4e2d\u5fc3", "order_time": ["2019-01-23 08:04:10"], "total_order": 1, "hotel_value": ["4.2"], "hotel_price": ["214"]}, "6532672": {"hotel_name": "\u9752\u5c9b\u5373\u58a8\u6d77\u666f\u82b1\u82d1\u5927\u9152\u5e97", "order_time": ["2019-01-23 08:04:11"], "total_order": 1, "hotel_value": ["4.8"], "hotel_price": ["489"]}, "19828310": {"hotel_name": "\u62dc\u767b\u516c\u5bd3\u00b7\u9752\u5c9b\u57ce\u9633\u6b63\u9633\u8def\u5e97", "order_time": ["2019-01-23 08:04:13"], "total_order": 1, "hotel_value": ["4.7"], "hotel_price": ["101"]}, "3733536": {"hotel_name": "\u5e73\u5ea6\u7269\u8d44\u5bbe\u9986", "order_time": ["2019-01-23 08:05:41"], "total_order": 1, "hotel_value": ["4.5"], "hotel_price": ["115"]}, "1502477": {"hotel_name": "\u5982\u5bb6\u5feb\u6377\u9152\u5e97(\u83b1\u897f\u70df\u53f0\u8def\u6708\u6e56\u516c\u56ed\u5e97)", "order_time": ["2019-01-23 08:05:41"], "total_order": 1, "hotel_value": ["4.7"], "hotel_price": ["131"]}, "440316": {"hotel_name": "\u9752\u5c9b\u56db\u65b9\u5927\u9152\u5e97", "order_time": ["2019-01-23 08:06:38", "2019-01-23 08:15:46"], "total_order": 2, "hotel_value": ["4.4", "4.4"], "hotel_price": ["77", "77"]}, "1969052": {"hotel_name": "\u9752\u5c9b\u56fd\u79d1\u6d77\u666f\u516c\u5bd3\u9152\u5e97", "order_time": ["2019-01-23 08:06:41"], "total_order": 1, "hotel_value": ["4.4"], "hotel_price": ["94"]}, "2298529": {"hotel_name": "\u9526\u6c5f\u4e4b\u661f(\u9752\u5c9b\u5f00\u53d1\u533a\u4e95\u5188\u5c71\u8def\u5e97)", "order_time": ["2019-01-23 08:08:55"], "total_order": 1, "hotel_value": ["4.6"], "hotel_price": ["129"]}, "1227810": {"hotel_name": "\u96c5\u5c1a\u6d77\u666f\u65e5\u79df\u623f(\u9752\u5c9b\u706b\u8f66\u7ad9\u6808\u6865\u5e97)", "order_time": ["2019-01-23 08:09:19"], "total_order": 1, "hotel_value": ["4.4"], "hotel_price": ["37"]}, "21818448": {"hotel_name": "\u9752\u5c9b\u89c5\u5c71\u871c\u6d77\u6d77\u666f\u522b\u5885", "order_time": ["2019-01-23 08:11:12"], "total_order": 1, "hotel_value": ["4.9"], "hotel_price": ["350"]}, "2301158": {"hotel_name": "\u9526\u6c5f\u4e4b\u661f(\u80f6\u5357\u6d77\u6c34\u6d74\u573a\u671d\u9633\u5c71\u8def\u5e97)", "order_time": ["2019-01-23 08:11:14"], "total_order": 1, "hotel_value": ["4.7"], "hotel_price": ["109"]}, "2101673": {"hotel_name": "\u9752\u5c9b\u53f0\u4e1c\u5927\u9152\u5e97", "order_time": ["2019-01-23 08:11:20"], "total_order": 1, "hotel_value": ["4.3"], "hotel_price": ["70"]}, "8182955": {"hotel_name": "\u6cca\u4e91\u5c1a\u9009\u5ead\u9662\u9152\u5e97(\u9752\u5c9b\u897f\u6d77\u5cb8\u4e1c\u65b9\u5f71\u90fd\u4e07\u8fbe\u8302\u5e97)", "order_time": ["2019-01-23 08:13:20"], "total_order": 1, "hotel_value": ["4.9"], "hotel_price": ["258"]}, "2071300": {"hotel_name": "\u4eac\u82d1\u8fde\u9501\u827a\u672f\u9152\u5e97(\u9752\u5c9b\u5fb7\u56fd\u98ce\u60c5\u8857\u5e97)", "order_time": ["2019-01-23 08:13:20"], "total_order": 1, "hotel_value": ["4.4"], "hotel_price": ["53"]}, "2163140": {"hotel_name": "\u83b1\u897f\u827e\u5ead\u5546\u52a1\u9152\u5e97", "order_time": ["2019-01-23 08:14:47"], "total_order": 1, "hotel_value": ["4.4"], "hotel_price": ["89"]}, "371188": {"hotel_name": "\u9752\u5c9b\u9890\u4e2d\u7687\u51a0\u5047\u65e5\u9152\u5e97", "order_time": ["2019-01-23 08:15:49"], "total_order": 1, "hotel_value": ["4.5"], "hotel_price": ["578"]}, "1362121": {"hotel_name": "\u90fd\u5e02118(\u9752\u5c9b\u6b63\u9633\u8def\u5229\u7fa4\u5e97)", "order_time": ["2019-01-23 08:15:51"], "total_order": 1, "hotel_value": ["4.4"], "hotel_price": ["100"]}, "1888356": {"hotel_name": "\u9752\u5c9b\u751f\u6d3b\u6797\u5927\u9152\u5e97", "order_time": ["2019-01-23 08:15:53"], "total_order": 1, "hotel_value": ["4.0"], "hotel_price": ["47"]}, "1610544": {"hotel_name": "\u9752\u5c9b\u5bb6\u6811\u65c5\u820d", "order_time": ["2019-01-23 08:15:59"], "total_order": 1, "hotel_value": ["4.4"], "hotel_price": ["52"]}}}