{"\u5f00\u59cb\u8bb0\u5f55\u65f6\u95f4": "2019-01-06 07:56:40", "\u7ed3\u675f\u8bb0\u5f55\u65f6\u95f4": "2019-01-06 08:56:40", "\u8ba2\u5355\u603b\u589e\u91cf": 100, "item": {"16018600": {"hotel_name": "\u683c\u6797\u4e1c\u65b9\u9152\u5e97(\u9752\u5c9b\u4e16\u7eaa\u516c\u56ed\u6d41\u4ead\u673a\u573a\u5e97)", "order_time": ["2019-01-06 07:58:50"], "total_order": 1, "hotel_value": ["4.5"], "hotel_price": ["138"]}, "21124467": {"hotel_name": "\u9752\u5c9b\u65af\u7ef4\u767b\u7cbe\u54c1\u516c\u5bd3(\u4f1a\u5c55\u4e2d\u5fc3\u77f3\u8001\u4eba\u6d77\u6c34\u6d74\u573a)", "order_time": ["2019-01-06 08:00:53"], "total_order": 1, "hotel_value": ["4.9"], "hotel_price": ["222"]}, "1321727": {"hotel_name": "\u9752\u5c9b\u5343\u767e\u5ea6\u5047\u65e5\u5bbe\u9986", "order_time": ["2019-01-06 08:00:56"], "total_order": 1, "hotel_value": ["4.2"], "hotel_price": ["65"]}, "1200168": {"hotel_name": "\u7ef4\u4e5f\u7eb3\u9152\u5e97(\u80f6\u5dde\u5e97)", "order_time": ["2019-01-06 08:01:01"], "total_order": 1, "hotel_value": ["4.7"], "hotel_price": ["238"]}, "779884": {"hotel_name": "\u9526\u6c5f\u4e4b\u661f(\u9752\u5c9b\u674e\u6ca7\u5e7f\u573a\u674e\u6751\u5730\u94c1\u7ad9\u5e97)(\u539f\u674e\u6ca7\u5e7f\u573a\u5e97)", "order_time": ["2019-01-06 08:02:51"], "total_order": 1, "hotel_value": ["4.3"], "hotel_price": ["89"]}, "5733262": {"hotel_name": "\u5343\u5bbf\u5ea6\u5047\u516c\u5bd3(\u9752\u5c9b\u4e3d\u6676\u5fa1\u7b51\u5e97)(\u539f\u5343\u5bbf\u534e\u8bfa\u601d\u5ea6\u5047\u516c\u5bd3)", "order_time": ["2019-01-06 08:04:50"], "total_order": 1, "hotel_value": ["4.6"], "hotel_price": ["137"]}, "2101673": {"hotel_name": "\u9752\u5c9b\u53f0\u4e1c\u5927\u9152\u5e97", "order_time": ["2019-01-06 08:06:52"], "total_order": 1, "hotel_value": ["4.4"], "hotel_price": ["69"]}, "428036": {"hotel_name": "\u5982\u5bb6\u5feb\u6377\u9152\u5e97(\u9752\u5c9b\u5c71\u4e1c\u8def\u4e2d\u592e\u5546\u52a1\u533a\u5e97)", "order_time": ["2019-01-06 08:06:52"], "total_order": 1, "hotel_value": ["4.3"], "hotel_price": ["95"]}, "1183363": {"hotel_name": "\u9752\u5c9b\u6052\u661f\u5927\u9152\u5e97", "order_time": ["2019-01-06 08:08:49"], "total_order": 1, "hotel_value": ["4.4"], "hotel_price": ["256"]}, "440316": {"hotel_name": "\u9752\u5c9b\u56db\u65b9\u5927\u9152\u5e97", "order_time": ["2019-01-06 08:08:50"], "total_order": 1, "hotel_value": ["4.4"], "hotel_price": ["80"]}, "8531362": {"hotel_name": "\u9752\u5c9b\u6c11\u56fd\u9152\u5e97", "order_time": ["2019-01-06 08:08:50"], "total_order": 1, "hotel_value": ["4.8"], "hotel_price": ["220"]}, "485385": {"hotel_name": "\u9752\u5c9b\u591a\u7459\u6cb3\u56fd\u9645\u5927\u9152\u5e97", "order_time": ["2019-01-06 08:10:50"], "total_order": 1, "hotel_value": ["4.4"], "hotel_price": ["292"]}, "654770": {"hotel_name": "\u9752\u5c9b\u4e3d\u5929\u5927\u9152\u5e97", "order_time": ["2019-01-06 08:40:53", "2019-01-06 08:10:51", "2019-01-06 08:36:50"], "total_order": 3, "hotel_value": ["4.8", "4.8", "4.8"], "hotel_price": ["326", "326", "326"]}, "791853": {"hotel_name": "\u94f6\u5ea7\u4f73\u9a7f\u9152\u5e97(\u5373\u58a8\u9e64\u5c71\u8def\u4f73\u4e50\u5bb6\u4e00\u5e97)", "order_time": ["2019-01-06 08:12:50"], "total_order": 1, "hotel_value": ["4.2"], "hotel_price": ["73"]}, "1287621": {"hotel_name": "\u6e2f\u6e7e\u5370\u8c61\u8fde\u9501\u9152\u5e97(\u9752\u5c9b\u674e\u6751\u541b\u5cf0\u8def\u5730\u94c1\u7ad9\u5e97) ", "order_time": ["2019-01-06 08:12:50"], "total_order": 1, "hotel_value": ["3.9"], "hotel_price": ["64"]}, "3090890": {"hotel_name": "\u9752\u5c9b\u9526\u665f\u534e\u5546\u52a1\u5bbe\u9986", "order_time": ["2019-01-06 08:12:50"], "total_order": 1, "hotel_value": ["4.4"], "hotel_price": ["67"]}, "23472335": {"hotel_name": "\u7f8e\u8c6a\u4e3d\u81f4\u9152\u5e97(\u9752\u5c9b\u5e97)", "order_time": ["2019-01-06 08:12:50"], "total_order": 1, "hotel_value": ["4.9"], "hotel_price": ["358"]}, "2209171": {"hotel_name": "\u5c1a\u5ba2\u4f18\u54c1\u9152\u5e97(\u9752\u5c9b\u5f00\u53d1\u533a\u9999\u6c5f\u8def\u957f\u6c5f\u8d2d\u7269\u5e7f\u573a\u5e97)(\u539f\u5c1a\u5ba2\u4f18\u7cbe\u9009\u9152\u5e97)", "order_time": ["2019-01-06 08:12:52"], "total_order": 1, "hotel_value": ["4.7"], "hotel_price": ["111"]}, "2083086": {"hotel_name": "\u5e73\u5ea6\u53cb\u8c0a\u5bbe\u9986", "order_time": ["2019-01-06 08:13:00"], "total_order": 1, "hotel_value": ["3.3"], "hotel_price": ["72"]}, "1600050": {"hotel_name": "\u5c1a\u5ba2\u4f18\u5feb\u6377\u9152\u5e97(\u80f6\u5dde\u82cf\u5dde\u8def\u4e2d\u5fc3\u5e97)", "order_time": ["2019-01-06 08:13:01", "2019-01-06 08:51:00"], "total_order": 2, "hotel_value": ["4.5", "4.5"], "hotel_price": ["84", "84"]}, "5999421": {"hotel_name": "\u7a7a\u94c1\u5047\u65e5\u9152\u5e97\u516c\u5bd3(\u9752\u5c9b\u673a\u573a\u5e97)", "order_time": ["2019-01-06 08:14:49"], "total_order": 1, "hotel_value": ["4.5"], "hotel_price": ["216"]}, "443641": {"hotel_name": "\u9752\u5c9b\u91d1\u6d77\u5927\u9152\u5e97", "order_time": ["2019-01-06 08:14:50"], "total_order": 1, "hotel_value": ["4.4"], "hotel_price": ["196"]}, "1208545": {"hotel_name": "\u5373\u58a8\u559c\u5ba2\u6765\u9152\u5e97", "order_time": ["2019-01-06 08:14:50"], "total_order": 1, "hotel_value": ["4.5"], "hotel_price": ["235"]}, "1697366": {"hotel_name": "\u90fd\u5e02118(\u9752\u5c9b\u674e\u6ca7\u5e7f\u573a\u5730\u94c1\u7ad9\u5e97)", "order_time": ["2019-01-06 08:14:50"], "total_order": 1, "hotel_value": ["4.6"], "hotel_price": ["99"]}, "5896610": {"hotel_name": "\u9752\u5c9b\u6d77\u8fb9\u4eba\u5bb6\u6d77\u666f\u5ea6\u5047\u516c\u5bd3\u4e2d\u8054\u81ea\u7531\u6e2f\u6e7e\u5e97", "order_time": ["2019-01-06 08:14:50"], "total_order": 1, "hotel_value": ["4.6"], "hotel_price": ["63"]}, "5463838": {"hotel_name": "\u9752\u5c9b\u7761\u673a\u573a\u9152\u5e97", "order_time": ["2019-01-06 08:14:50", "2019-01-06 08:44:50"], "total_order": 2, "hotel_value": ["4.3", "4.3"], "hotel_price": ["141", "141"]}, "17533491": {"hotel_name": "\u9752\u5c9b\u4e00\u5bd3\u503e\u5fc3\u56fd\u9645\u5ea6\u5047\u516c\u5bd3\u9152\u5e97", "order_time": ["2019-01-06 08:14:51"], "total_order": 1, "hotel_value": ["4.7"], "hotel_price": ["279"]}, "5981874": {"hotel_name": "\u9752\u5c9b\u9ec4\u5c9b\u5c0f\u9662\u77f3\u6cb9\u5927\u5b66\u5e97", "order_time": ["2019-01-06 08:14:51"], "total_order": 1, "hotel_value": ["4.4"], "hotel_price": ["45"]}, "427965": {"hotel_name": "\u5982\u5bb6\u5546\u65c5\u9152\u5e97(\u9752\u5c9b\u4e94\u56db\u5e7f\u573a\u5c71\u4e1c\u8def\u6fb3\u67ef\u739b\u7acb\u4ea4\u6865\u5e97)", "order_time": ["2019-01-06 08:14:51"], "total_order": 1, "hotel_value": ["4.7"], "hotel_price": ["153"]}, "27424529": {"hotel_name": "\u9752\u5c9b\u6c49\u5510\u7cbe\u9009\u9152\u5e97\u5f0f\u516c\u5bd3", "order_time": ["2019-01-06 08:14:51"], "total_order": 1, "hotel_value": ["4.9"], "hotel_price": ["195"]}, "2306564": {"hotel_name": "\u683c\u6797\u8c6a\u6cf0(\u80f6\u5dde\u4e09\u91cc\u6cb3\u516c\u56ed\u5e97)", "order_time": ["2019-01-06 08:14:57"], "total_order": 1, "hotel_value": ["4.0"], "hotel_price": ["118"]}, "18515525": {"hotel_name": "\u534a\u5c9b\u56fd\u9645\u9152\u5e97(\u9752\u5c9b\u674e\u6751\u5730\u94c1\u7ad9\u5e97)", "order_time": ["2019-01-06 08:16:49"], "total_order": 1, "hotel_value": ["4.6"], "hotel_price": ["184"]}, "486063": {"hotel_name": "\u9752\u5c9b\u56fd\u4fe1\u6d77\u5929\u4f53\u80b2\u4e2d\u5fc3\u9152\u5e97", "order_time": ["2019-01-06 08:16:49"], "total_order": 1, "hotel_value": ["4.5"], "hotel_price": ["188"]}, "9152521": {"hotel_name": "\u9752\u5c9b\u597d\u5ba2\u8054\u76df\u8fde\u9501\u9152\u5e97\u7075\u5c71\u6e7e\u8def\u5546\u4e1a\u8857\u5e97", "order_time": ["2019-01-06 08:16:50"], "total_order": 1, "hotel_value": ["4.7"], "hotel_price": ["82"]}, "2039050": {"hotel_name": "\u5e73\u5ea6\u8d85\u70ab\u5546\u52a1\u5bbe\u9986", "order_time": ["2019-01-06 08:16:57"], "total_order": 1, "hotel_value": ["4.6"], "hotel_price": ["92"]}, "19583911": {"hotel_name": "\u9752\u5c9b\u6cca\u5ba2\u4ed5\u5bb6\u7cbe\u54c1\u516c\u5bd3", "order_time": ["2019-01-06 08:18:50", "2019-01-06 08:44:49"], "total_order": 2, "hotel_value": ["4.9", "4.9"], "hotel_price": ["166", "166"]}, "6284231": {"hotel_name": "\u9752\u5c9b\u745e\u5947\u6d77\u666f\u5ea6\u5047\u516c\u5bd3\u4e2d\u8054\u81ea\u7531\u6e2f\u6e7e\u5e97", "order_time": ["2019-01-06 08:18:51"], "total_order": 1, "hotel_value": ["4.7"], "hotel_price": ["69"]}, "1316324": {"hotel_name": "\u6c49\u5ead\u9152\u5e97(\u5373\u58a8\u5b9d\u9f99\u5e7f\u573a\u5e97)", "order_time": ["2019-01-06 08:18:52"], "total_order": 1, "hotel_value": ["4.5"], "hotel_price": ["144"]}, "1502398": {"hotel_name": "\u5982\u5bb6\u5feb\u6377\u9152\u5e97(\u9752\u5c9b\u957f\u9014\u6c7d\u8f66\u603b\u7ad9\u676d\u5dde\u8def\u5e97)", "order_time": ["2019-01-06 08:20:50", "2019-01-06 08:28:50"], "total_order": 2, "hotel_value": ["4.6", "4.6"], "hotel_price": ["115", "115"]}, "512490": {"hotel_name": "\u9752\u5c9b\u897f\u6d77\u5cb8\u5fb7\u6cf0\u5927\u9152\u5e97", "order_time": ["2019-01-06 08:22:51"], "total_order": 1, "hotel_value": ["4.7"], "hotel_price": ["269"]}, "24534611": {"hotel_name": "\u9752\u5c9b\u9014\u97f5\u96c5\u7b51\u6d77\u666f\u5ea6\u5047\u516c\u5bd3", "order_time": ["2019-01-06 08:22:51"], "total_order": 1, "hotel_value": ["4.9"], "hotel_price": ["207"]}, "1677914": {"hotel_name": "\u9752\u5c9b\u9ad8\u6821\u9999\u6f9c\u5bbe\u9986", "order_time": ["2019-01-06 08:24:50"], "total_order": 1, "hotel_value": ["3.0"], "hotel_price": ["138"]}, "1725780": {"hotel_name": "678\u673a\u573a\u9152\u5e97", "order_time": ["2019-01-06 08:26:50"], "total_order": 1, "hotel_value": ["4.4"], "hotel_price": ["63"]}, "1725913": {"hotel_name": "\u5c1a\u5ba2\u4f18\u5feb\u6377\u9152\u5e97(\u9752\u5c9b\u4e95\u5188\u5c71\u8def\u4e2d\u5fc3\u5e97)", "order_time": ["2019-01-06 08:26:51"], "total_order": 1, "hotel_value": ["3.7"], "hotel_price": ["69"]}, "22821795": {"hotel_name": "\u9752\u5c9bi house \u7231\u5bb6\u516c\u5bd3", "order_time": ["2019-01-06 08:26:52"], "total_order": 1, "hotel_value": ["4.9"], "hotel_price": ["90"]}, "5152698": {"hotel_name": "\u6854\u5b50\u9152\u5e97\u00b7\u7cbe\u9009(\u9752\u5c9b\u6d77\u5c14\u8def\u5e97)", "order_time": ["2019-01-06 08:28:49"], "total_order": 1, "hotel_value": ["4.9"], "hotel_price": ["265"]}, "430450": {"hotel_name": "\u9752\u5c9b\u666f\u56ed\u5047\u65e5\u9152\u5e97", "order_time": ["2019-01-06 08:28:50"], "total_order": 1, "hotel_value": ["4.5"], "hotel_price": ["499"]}, "436076": {"hotel_name": "\u9752\u5c9b\u6c47\u6cc9\u738b\u671d\u5927\u996d\u5e97", "order_time": ["2019-01-06 08:28:50", "2019-01-06 08:34:51"], "total_order": 2, "hotel_value": ["4.3", "4.3"], "hotel_price": ["472", "472"]}, "1480830": {"hotel_name": "\u9752\u5c9b\u5de6\u5cb8\u65b9\u821f\u4e3b\u9898\u5bbe\u9986", "order_time": ["2019-01-06 08:28:50"], "total_order": 1, "hotel_value": ["4.4"], "hotel_price": ["79"]}, "14998793": {"hotel_name": "\u9752\u5c9b\u7c73\u5170\u7cbe\u54c1\u9152\u5e97(\u80f6\u5dde\u65b0\u673a\u573a\u5e97)", "order_time": ["2019-01-06 08:28:56"], "total_order": 1, "hotel_value": ["4.4"], "hotel_price": ["138"]}, "5463909": {"hotel_name": "\u9752\u5c9b\u8fd0\u6cf0\u5927\u9152\u5e97\uff08\u5d02\u5c71\u4f1a\u5c55\u4e2d\u5fc3\u5e97\uff09", "order_time": ["2019-01-06 08:30:48"], "total_order": 1, "hotel_value": ["4.5"], "hotel_price": ["111"]}, "1315838": {"hotel_name": "\u6854\u5b50\u9152\u5e97\u00b7\u7cbe\u9009(\u9752\u5c9b\u57ce\u9633\u5e97)", "order_time": ["2019-01-06 08:30:49"], "total_order": 1, "hotel_value": ["4.8"], "hotel_price": ["275"]}, "994155": {"hotel_name": "\u5982\u5bb6\u5feb\u6377\u9152\u5e97(\u9752\u5c9b\u91cd\u5e86\u5357\u8def\u4e07\u79d1\u57ce\u5e97)", "order_time": ["2019-01-06 08:30:49"], "total_order": 1, "hotel_value": ["4.6"], "hotel_price": ["108"]}, "2310196": {"hotel_name": "\u7231\u5c0a\u5ba2\u9152\u5e97(\u9752\u5c9b\u9999\u6c5f\u8def\u5e97)", "order_time": ["2019-01-06 08:32:52", "2019-01-06 08:46:52"], "total_order": 2, "hotel_value": ["4.4", "4.4"], "hotel_price": ["68", "68"]}, "1390561": {"hotel_name": "\u9752\u5c9b\u5fae\u7b11\u7cbe\u54c1\u8fde\u9501\u9152\u5e97", "order_time": ["2019-01-06 08:32:53"], "total_order": 1, "hotel_value": ["3.6"], "hotel_price": ["60"]}, "1373267": {"hotel_name": "\u5982\u5bb6\u5feb\u6377\u9152\u5e97(\u9752\u5c9b\u674e\u6751\u5730\u94c1\u7ad9\u6b65\u884c\u8857\u5e97)", "order_time": ["2019-01-06 08:32:53"], "total_order": 1, "hotel_value": ["4.6"], "hotel_price": ["104"]}, "6808175": {"hotel_name": "\u9752\u5c9b\u6fb3\u6ce2\u7279\u9152\u5e97", "order_time": ["2019-01-06 08:32:53"], "total_order": 1, "hotel_value": ["4.4"], "hotel_price": ["143"]}, "690869": {"hotel_name": "\u6d3e\u67cf\u00b7\u4e91\u9152\u5e97(\u9752\u5c9b\u4f1a\u5c55\u4e2d\u5fc3\u77f3\u8001\u4eba\u5730\u94c1\u7ad9\u5e97)(\u539f\u62c9\u6590\u5c14\u5927\u9152\u5e97\u4f1a\u5c55\u4e2d\u5fc3\u77f3\u8001\u4eba\u6d77\u6c34\u6d74\u573a\u5e97)", "order_time": ["2019-01-06 08:32:53"], "total_order": 1, "hotel_value": ["4.0"], "hotel_price": ["98"]}, "1868149": {"hotel_name": "\u5982\u5bb6\u5feb\u6377\u9152\u5e97(\u80f6\u5dde\u798f\u5dde\u5357\u8def\u5e97)", "order_time": ["2019-01-06 08:33:02"], "total_order": 1, "hotel_value": ["4.2"], "hotel_price": ["107"]}, "1667258": {"hotel_name": "7\u5929\u8fde\u9501\u9152\u5e97(\u9752\u5c9b\u5564\u9152\u8857\u5e97)", "order_time": ["2019-01-06 08:34:50"], "total_order": 1, "hotel_value": ["3.8"], "hotel_price": ["94"]}, "3725612": {"hotel_name": "\u9752\u5c9b\u5026\u9e1f\u9152\u5e97", "order_time": ["2019-01-06 08:34:50"], "total_order": 1, "hotel_value": ["4.7"], "hotel_price": ["184"]}, "428592": {"hotel_name": "\u9752\u5c9b\u9c81\u5546\u51ef\u60a6\u9152\u5e97", "order_time": ["2019-01-06 08:34:52"], "total_order": 1, "hotel_value": ["4.6"], "hotel_price": ["748"]}, "1604945": {"hotel_name": "\u7231\u5c0a\u5ba2\u9152\u5e97(\u9752\u5c9b\u53f0\u4e1c\u6b65\u884c\u8857\u5e97)", "order_time": ["2019-01-06 08:36:50"], "total_order": 1, "hotel_value": ["4.3"], "hotel_price": ["74"]}, "1390142": {"hotel_name": "\u90fd\u5e02118(\u9752\u5c9b\u91d1\u6c99\u6ee9\u5e97)", "order_time": ["2019-01-06 08:36:52"], "total_order": 1, "hotel_value": ["4.5"], "hotel_price": ["72"]}, "1483933": {"hotel_name": "\u9752\u5c9b\u534e\u97e9\u5927\u9152\u5e97", "order_time": ["2019-01-06 08:36:57"], "total_order": 1, "hotel_value": ["4.0"], "hotel_price": ["236"]}, "428039": {"hotel_name": "\u548c\u7f8e\u5bb6\u9152\u5e97(\u9752\u5c9b\u9999\u6e2f\u4e1c\u8def\u9752\u5c9b\u5927\u5b66\u6781\u5730\u6d77\u6d0b\u4e16\u754c\u5e97)", "order_time": ["2019-01-06 08:38:50"], "total_order": 1, "hotel_value": ["4.2"], "hotel_price": ["72"]}, "1103275": {"hotel_name": "\u6c49\u5ead\u9152\u5e97(\u9752\u5c9b\u80f6\u5357\u897f\u6d77\u5cb8\u6c7d\u8f66\u603b\u7ad9\u9152\u5e97)", "order_time": ["2019-01-06 08:38:51"], "total_order": 1, "hotel_value": ["4.7"], "hotel_price": ["95"]}, "18488536": {"hotel_name": "\u9752\u5c9b\u5f90\u5973\u58eb\u516c\u5bd3(\u534e\u76db\u987f\u8def\u5206\u5e97)", "order_time": ["2019-01-06 08:38:53"], "total_order": 1, "hotel_value": [0], "hotel_price": ["116"]}, "9361728": {"hotel_name": "\u9752\u5c9b\u6d45\u91ce\u516c\u5bd3", "order_time": ["2019-01-06 08:40:52"], "total_order": 1, "hotel_value": ["4.6"], "hotel_price": ["90"]}, "4971225": {"hotel_name": "\u5b89\u6f9c\u6587\u65c5\u9152\u5e97(\u9752\u5c9b\u5965\u5e06\u4e2d\u5fc3\u6781\u5730\u6d77\u6d0b\u4e16\u754c\u5e97)", "order_time": ["2019-01-06 08:40:52"], "total_order": 1, "hotel_value": ["4.2"], "hotel_price": ["77"]}, "371190": {"hotel_name": "\u9752\u5c9b\u9999\u683c\u91cc\u62c9\u5927\u9152\u5e97", "order_time": ["2019-01-06 08:42:50"], "total_order": 1, "hotel_value": ["4.7"], "hotel_price": ["748"]}, "436468": {"hotel_name": "\u9752\u5c9b\u5c71\u5b5a\u5927\u9152\u5e97", "order_time": ["2019-01-06 08:42:50"], "total_order": 1, "hotel_value": ["4.6"], "hotel_price": ["328"]}, "669081": {"hotel_name": "\u9752\u5c9b\u4e16\u7eaa\u6587\u534e\u9152\u5e97", "order_time": ["2019-01-06 08:42:51"], "total_order": 1, "hotel_value": ["4.6"], "hotel_price": ["150"]}, "994246": {"hotel_name": "\u5982\u5bb6\u5feb\u6377\u9152\u5e97(\u5373\u58a8\u84dd\u9ccc\u8def\u5b9d\u9f99\u5e7f\u573a\u5e97)", "order_time": ["2019-01-06 08:42:51"], "total_order": 1, "hotel_value": ["4.5"], "hotel_price": ["95"]}, "8921501": {"hotel_name": "\u9752\u5c9b\u91d1\u6c99\u6ee9\u6da6\u6cfd\u7965\u5bb6\u5ead\u516c\u5bd3", "order_time": ["2019-01-06 08:44:53"], "total_order": 1, "hotel_value": ["4.9"], "hotel_price": ["116"]}, "2147568": {"hotel_name": "\u83b1\u897f\u534e\u73ba\u5927\u9152\u5e97", "order_time": ["2019-01-06 08:44:55"], "total_order": 1, "hotel_value": ["4.7"], "hotel_price": ["449"]}, "2163220": {"hotel_name": "\u83b1\u897f\u516c\u8def\u5546\u52a1\u9152\u5e97", "order_time": ["2019-01-06 08:44:59"], "total_order": 1, "hotel_value": ["4.2"], "hotel_price": ["65"]}, "5482127": {"hotel_name": "\u9752\u5c9b\u51ef\u745f\u7433\u5ea6\u5047\u516c\u5bd3(\u539f\u51ef\u6492\u7cbe\u54c1\u590d\u5f0f\u5957\u623f)", "order_time": ["2019-01-06 08:46:51"], "total_order": 1, "hotel_value": ["4.5"], "hotel_price": ["75"]}, "1562244": {"hotel_name": "\u6d3e\u67cf\u00b7\u4e91\u9152\u5e97(\u9752\u5c9b\u963f\u91cc\u5c71\u8def\u5e97)(\u539f\u90fd\u6e90\u4f73\u60a6\u9152\u5e97)", "order_time": ["2019-01-06 08:46:52"], "total_order": 1, "hotel_value": ["4.7"], "hotel_price": ["96"]}, "8415426": {"hotel_name": "\u56db\u5b63\u7cbe\u9009\u9152\u5e97(\u9752\u5c9b\u6d41\u4ead\u673a\u573a\u5e97)", "order_time": ["2019-01-06 08:48:51"], "total_order": 1, "hotel_value": ["4.6"], "hotel_price": ["226"]}, "1371788": {"hotel_name": "\u6854\u5b50\u00b7\u6c34\u6676\u9152\u5e97(\u9752\u5c9b\u4e94\u56db\u5e7f\u573a\u6d77\u666f\u5e97)", "order_time": ["2019-01-06 08:48:51"], "total_order": 1, "hotel_value": ["4.7"], "hotel_price": ["275"]}, "2620136": {"hotel_name": "7\u5929\u8fde\u9501\u9152\u5e97(\u9752\u5c9b\u674e\u6ca7\u4e07\u8fbe\u5e7f\u573a\u5e97)", "order_time": ["2019-01-06 08:48:51"], "total_order": 1, "hotel_value": ["4.6"], "hotel_price": ["109"]}, "1224029": {"hotel_name": "\u9752\u5c9b\u5927\u6eaa\u5730\u7cbe\u54c1\u9152\u5e97", "order_time": ["2019-01-06 08:48:52"], "total_order": 1, "hotel_value": ["4.5"], "hotel_price": ["53"]}, "5264336": {"hotel_name": "\u9e92\u97f5\u516c\u5bd3(\u9752\u5c9b\u4e07\u8c61\u57ce\u4e94\u56db\u5e7f\u573a\u5965\u5e06\u4e2d\u5fc3\u5e97)", "order_time": ["2019-01-06 08:50:49"], "total_order": 1, "hotel_value": ["4.8"], "hotel_price": ["238"]}, "1613249": {"hotel_name": "\u9752\u5c9b\u5c9a\u5ead\u7cbe\u54c1\u79df\u8d41", "order_time": ["2019-01-06 08:50:50"], "total_order": 1, "hotel_value": ["4.4"], "hotel_price": ["83"]}, "901999": {"hotel_name": "\u9752\u5c9b\u4e07\u8fbe\u91d1\u9f99\u516c\u5bd3\u9152\u5e97", "order_time": ["2019-01-06 08:50:50"], "total_order": 1, "hotel_value": ["4.3"], "hotel_price": ["81"]}, "1645358": {"hotel_name": "\u81ea\u7531\u884c\u9752\u5e74\u65c5\u793e(\u9752\u5c9b\u6808\u6865\u706b\u8f66\u7ad9\u5e97)", "order_time": ["2019-01-06 08:50:50"], "total_order": 1, "hotel_value": ["4.6"], "hotel_price": ["17"]}, "6264032": {"hotel_name": "\u9752\u5c9b\u65bd\u6cf0\u6839\u535a\u9601\u57ce\u9645\u9152\u5e97", "order_time": ["2019-01-06 08:50:51"], "total_order": 1, "hotel_value": ["4.7"], "hotel_price": ["248"]}, "2299218": {"hotel_name": "\u5168\u5b63\u9152\u5e97(\u9752\u5c9b\u5c71\u4e1c\u8def\u4e07\u8fbe\u5e7f\u573a\u5e97)", "order_time": ["2019-01-06 08:50:59"], "total_order": 1, "hotel_value": ["4.6"], "hotel_price": ["269"]}, "430419": {"hotel_name": "\u9752\u5c9b\u4e2d\u5fc3\u5047\u65e5\u9152\u5e97", "order_time": ["2019-01-06 08:52:49"], "total_order": 1, "hotel_value": ["4.7"], "hotel_price": ["524"]}, "8417192": {"hotel_name": "\u9752\u5c9b\u82b1\u6735\u5feb\u6377\u9152\u5e97", "order_time": ["2019-01-06 08:54:52"], "total_order": 1, "hotel_value": ["4.4"], "hotel_price": ["106"]}, "5980218": {"hotel_name": "\u9752\u5c9b\u6d77\u4e4b\u6f9c\u6d77\u666f\u65e5\u79df\u623f", "order_time": ["2019-01-06 08:54:53"], "total_order": 1, "hotel_value": ["4.8"], "hotel_price": ["26"]}}}