{"\u5f00\u59cb\u8bb0\u5f55\u65f6\u95f4": "2019-01-15 18:01:13", "\u7ed3\u675f\u8bb0\u5f55\u65f6\u95f4": "2019-01-15 19:07:53", "\u8ba2\u5355\u603b\u589e\u91cf": 301, "item": {"440316": {"hotel_name": "\u9752\u5c9b\u56db\u65b9\u5927\u9152\u5e97", "order_time": ["2019-01-15 18:19:25", "2019-01-15 18:04:03", "2019-01-15 18:48:58", "2019-01-15 18:10:35"], "total_order": 4, "hotel_value": ["4.4", "4.4", "4.4", "4.4"], "hotel_price": ["63", "63", "63", "63"]}, "7921978": {"hotel_name": "\u9752\u5c9b\u91d1\u9c7c\u9152\u5e97\u516c\u5bd3", "order_time": ["2019-01-15 18:04:04"], "total_order": 1, "hotel_value": ["4.6"], "hotel_price": ["113"]}, "1217856": {"hotel_name": "\u9752\u5c9b\u4e30\u5229\u5047\u65e5\u9152\u5e97", "order_time": ["2019-01-15 18:04:05"], "total_order": 1, "hotel_value": ["4.3"], "hotel_price": ["69"]}, "23227885": {"hotel_name": "\u9752\u5c9b\u683c\u96f7\u65af\u7cbe\u9009\u9152\u5e97", "order_time": ["2019-01-15 18:21:49", "2019-01-15 18:04:06"], "total_order": 2, "hotel_value": ["4.8", "4.8"], "hotel_price": ["243", "243"]}, "780409": {"hotel_name": "\u9526\u6c5f\u4e4b\u661f(\u9752\u5c9b\u676d\u5dde\u8def\u5e97)", "order_time": ["2019-01-15 18:04:06"], "total_order": 1, "hotel_value": ["4.6"], "hotel_price": ["134"]}, "794951": {"hotel_name": "\u9752\u5c9b\u673a\u573a\u53cb\u4fe1\u822a\u7a7a\u516c\u5bd3", "order_time": ["2019-01-15 18:17:23", "2019-01-15 18:04:07"], "total_order": 2, "hotel_value": ["4.0", "4.0"], "hotel_price": ["114", "114"]}, "995168": {"hotel_name": "\u94f6\u5ea7\u4f73\u9a7f\u9152\u5e97(\u5373\u58a8\u9e64\u5c71\u8def\u4f73\u4e50\u5bb6\u4e8c\u5e97)", "order_time": ["2019-01-15 18:28:55", "2019-01-15 18:04:07"], "total_order": 2, "hotel_value": ["4.4", "4.4"], "hotel_price": ["81", "81"]}, "669110": {"hotel_name": "\u9752\u5c9b\u5e7f\u4e1a\u9526\u6c5f\u5927\u9152\u5e97", "order_time": ["2019-01-15 18:04:07"], "total_order": 1, "hotel_value": ["4.6"], "hotel_price": ["384"]}, "27711969": {"hotel_name": "\u9752\u5c9b\u9ed1\u9f99\u6c5f\u4e2d\u8def\u4e9a\u6735\u9152\u5e97", "order_time": ["2019-01-15 18:04:07"], "total_order": 1, "hotel_value": ["4.9"], "hotel_price": ["278"]}, "5896610": {"hotel_name": "\u9752\u5c9b\u6d77\u8fb9\u4eba\u5bb6\u6d77\u666f\u5ea6\u5047\u516c\u5bd3\u4e2d\u8054\u81ea\u7531\u6e2f\u6e7e\u5e97", "order_time": ["2019-01-15 18:19:24", "2019-01-15 18:04:08"], "total_order": 2, "hotel_value": ["4.6", "4.6"], "hotel_price": ["55", "55"]}, "1374349": {"hotel_name": "\u4eac\u82d1\u8fde\u9501\u7cbe\u54c1\u9152\u5e97(\u9752\u5c9b\u4e94\u56db\u5e7f\u573a\u5e97)", "order_time": ["2019-01-15 18:04:09"], "total_order": 1, "hotel_value": ["4.3"], "hotel_price": ["77"]}, "450881": {"hotel_name": "\u9752\u5c9b\u57ce\u9633\u5fb7\u6cf0\u5927\u9152\u5e97", "order_time": ["2019-01-15 18:04:09"], "total_order": 1, "hotel_value": ["4.6"], "hotel_price": ["423"]}, "8924494": {"hotel_name": "\u6c83\u5fb7\u9152\u5e97\u516c\u5bd3(\u9752\u5c9b\u56fd\u4fe1\u4f1a\u5c55\u4e2d\u5fc3\u5e97)", "order_time": ["2019-01-15 18:04:09"], "total_order": 1, "hotel_value": ["4.7"], "hotel_price": ["181"]}, "393099": {"hotel_name": "\u9752\u5c9b\u5bcc\u529b\u827e\u7f8e\u9152\u5e97", "order_time": ["2019-01-15 18:04:10"], "total_order": 1, "hotel_value": ["4.6"], "hotel_price": ["552"]}, "5930261": {"hotel_name": "\u9752\u5c9b\u9ec4\u5c9b\u6cf0\u6210\u559c\u6765\u767b\u9152\u5e97", "order_time": ["2019-01-15 18:04:10"], "total_order": 1, "hotel_value": ["4.6"], "hotel_price": ["498"]}, "994089": {"hotel_name": "\u5982\u5bb6\u5feb\u6377\u9152\u5e97(\u9752\u5c9b\u706b\u8f66\u5317\u7ad9\u632f\u534e\u8def\u5730\u94c1\u7ad9\u5e97)", "order_time": ["2019-01-15 18:04:14"], "total_order": 1, "hotel_value": ["4.4"], "hotel_price": ["103"]}, "2302130": {"hotel_name": "\u9752\u5c9b\u5609\u9038\u8c6a\u5ead\u8fde\u9501\u9152\u5e97", "order_time": ["2019-01-15 18:04:15"], "total_order": 1, "hotel_value": ["4.3"], "hotel_price": ["74"]}, "19682953": {"hotel_name": "\u6df1\u84ddinn\u6d77\u666f\u5ea6\u5047\u516c\u5bd3(\u9752\u5c9b\u4e1c\u65b9\u5f71\u90fd\u4e07\u8fbe\u8302\u5e97)", "order_time": ["2019-01-15 18:04:16"], "total_order": 1, "hotel_value": ["4.6"], "hotel_price": ["86"]}, "1666968": {"hotel_name": "\u71d5\u5f52\u5802\u9152\u5e97\u5f0f\u516c\u5bd3(\u9752\u5c9b\u7d2b\u4e91\u53f0SMART\u516c\u9986\u5e97)", "order_time": ["2019-01-15 18:04:18"], "total_order": 1, "hotel_value": ["4.4"], "hotel_price": ["75"]}, "6033395": {"hotel_name": "\u9752\u5c9b\u9e64\u797a\u7cbe\u54c1\u5feb\u6377\u9152\u5e97", "order_time": ["2019-01-15 18:04:19"], "total_order": 1, "hotel_value": ["3.8"], "hotel_price": ["80"]}, "21124467": {"hotel_name": "\u9752\u5c9b\u65af\u7ef4\u767b\u7cbe\u54c1\u516c\u5bd3(\u4f1a\u5c55\u4e2d\u5fc3\u77f3\u8001\u4eba\u6d77\u6c34\u6d74\u573a)", "order_time": ["2019-01-15 18:04:38"], "total_order": 1, "hotel_value": ["4.9"], "hotel_price": ["711"]}, "5264336": {"hotel_name": "\u9e92\u97f5\u516c\u5bd3(\u9752\u5c9b\u4e07\u8c61\u57ce\u4e94\u56db\u5e7f\u573a\u5965\u5e06\u4e2d\u5fc3\u5e97)", "order_time": ["2019-01-15 18:04:38"], "total_order": 1, "hotel_value": ["4.8"], "hotel_price": ["238"]}, "691394": {"hotel_name": "\u9752\u5c9b\u9ec4\u6d77\u5927\u9152\u5e97", "order_time": ["2019-01-15 18:05:02"], "total_order": 1, "hotel_value": ["4.1"], "hotel_price": ["163"]}, "891096": {"hotel_name": "\u84dd\u6d77\u5927\u996d\u5e97(\u9752\u5c9b\u541b\u5cf0\u8def\u5730\u94c1\u7ad9\u5e97)(\u539f\u674e\u6ca7\u5e97)", "order_time": ["2019-01-15 18:05:17"], "total_order": 1, "hotel_value": ["4.6"], "hotel_price": ["356"]}, "1727504": {"hotel_name": "\u5e73\u5ea6\u5706\u4e2d\u65b9\u5927\u9152\u5e97", "order_time": ["2019-01-15 18:05:17"], "total_order": 1, "hotel_value": ["4.7"], "hotel_price": ["173"]}, "1715544": {"hotel_name": "\u9752\u5c9b\u946b\u590d\u76db\u9038\u6d77\u56fd\u9645\u9152\u5e97", "order_time": ["2019-01-15 18:06:16"], "total_order": 1, "hotel_value": ["4.6"], "hotel_price": ["224"]}, "1290680": {"hotel_name": "\u9752\u5c9b\u5357\u5c71\u5bbe\u9986", "order_time": ["2019-01-15 18:06:17", "2019-01-15 18:15:13"], "total_order": 2, "hotel_value": ["4.3", "4.3"], "hotel_price": ["116", "116"]}, "1379289": {"hotel_name": "\u90fd\u5e02118(\u9752\u5c9b\u57ce\u9633\u5b9d\u9f99\u5e7f\u573a\u5e97)", "order_time": ["2019-01-15 18:06:18"], "total_order": 1, "hotel_value": ["4.0"], "hotel_price": ["108"]}, "1725780": {"hotel_name": "678\u673a\u573a\u9152\u5e97", "order_time": ["2019-01-15 18:06:18", "2019-01-15 18:31:12"], "total_order": 2, "hotel_value": ["4.4", "4.4"], "hotel_price": ["71", "71"]}, "428039": {"hotel_name": "\u548c\u7f8e\u5bb6\u9152\u5e97(\u9752\u5c9b\u9999\u6e2f\u4e1c\u8def\u9752\u5c9b\u5927\u5b66\u6781\u5730\u6d77\u6d0b\u4e16\u754c\u5e97)", "order_time": ["2019-01-15 18:06:18", "2019-01-15 18:37:38"], "total_order": 2, "hotel_value": ["4.2", "4.2"], "hotel_price": ["78", "78"]}, "1287621": {"hotel_name": "\u6e2f\u6e7e\u5370\u8c61\u8fde\u9501\u9152\u5e97(\u9752\u5c9b\u674e\u6751\u541b\u5cf0\u8def\u5730\u94c1\u7ad9\u5e97) ", "order_time": ["2019-01-15 18:06:19"], "total_order": 1, "hotel_value": ["3.9"], "hotel_price": ["78"]}, "654770": {"hotel_name": "\u9752\u5c9b\u4e3d\u5929\u5927\u9152\u5e97", "order_time": ["2019-01-15 18:06:19"], "total_order": 1, "hotel_value": ["4.8"], "hotel_price": ["3850"]}, "21780668": {"hotel_name": "\u90fd\u5e02118(\u9752\u5c9b\u5373\u58a8\u5f00\u53d1\u533a\u6cf0\u5c71\u4e8c\u8def\u5e97)", "order_time": ["2019-01-15 18:06:21"], "total_order": 1, "hotel_value": ["4.9"], "hotel_price": ["93"]}, "2624847": {"hotel_name": "\u9752\u5c9b\u83ab\u4e3d\u00b7\u7cbe\u9009\u9152\u5e97", "order_time": ["2019-01-15 18:06:23"], "total_order": 1, "hotel_value": ["4.5"], "hotel_price": ["235"]}, "1513043": {"hotel_name": "\u9752\u5c9b\u5e38\u89c1\u5bbe\u9986", "order_time": ["2019-01-15 18:06:25"], "total_order": 1, "hotel_value": ["4.4"], "hotel_price": ["78"]}, "2305726": {"hotel_name": "\u9752\u5c9b\u6021\u53cb\u5927\u9152\u5e97", "order_time": ["2019-01-15 18:06:26"], "total_order": 1, "hotel_value": ["4.2"], "hotel_price": ["149"]}, "2239071": {"hotel_name": "\u5373\u58a8\u7687\u671d\u5bbe\u9986", "order_time": ["2019-01-15 18:06:27"], "total_order": 1, "hotel_value": ["4.4"], "hotel_price": ["105"]}, "2006440": {"hotel_name": "\u683c\u6797\u8c6a\u6cf0(\u83b1\u897f\u9999\u6e2f\u8def\u8054\u5bcc\u5e97)", "order_time": ["2019-01-15 18:07:27"], "total_order": 1, "hotel_value": ["4.5"], "hotel_price": ["127"]}, "6867572": {"hotel_name": "\u9752\u5c9b\u660e\u6708\u6d77\u6d0b\u751f\u6d3b\u5bb6\u9152\u5e97", "order_time": ["2019-01-15 18:08:25"], "total_order": 1, "hotel_value": ["4.7"], "hotel_price": ["198"]}, "1371782": {"hotel_name": "\u6854\u5b50\u9152\u5e97\u00b7\u7cbe\u9009(\u9752\u5c9b\u4e07\u8c61\u57ce\u5e97)(\u539f\u6c5f\u897f\u8def\u5e97)", "order_time": ["2019-01-15 18:08:29"], "total_order": 1, "hotel_value": ["4.8"], "hotel_price": ["256"]}, "3090890": {"hotel_name": "\u9752\u5c9b\u9526\u665f\u534e\u5546\u52a1\u5bbe\u9986", "order_time": ["2019-01-15 18:08:31"], "total_order": 1, "hotel_value": ["4.4"], "hotel_price": ["79"]}, "25270439": {"hotel_name": "\u9752\u5c9b\u673a\u573a\u4e16\u7eaa\u516c\u56ed\u4e9a\u6735\u9152\u5e97", "order_time": ["2019-01-15 18:08:33"], "total_order": 1, "hotel_value": ["4.9"], "hotel_price": ["310"]}, "8415426": {"hotel_name": "\u56db\u5b63\u7cbe\u9009\u9152\u5e97(\u9752\u5c9b\u6d41\u4ead\u673a\u573a\u5e97)", "order_time": ["2019-01-15 18:08:33"], "total_order": 1, "hotel_value": ["4.6"], "hotel_price": ["208"]}, "772111": {"hotel_name": "\u9752\u5c9b\u5a01\u65af\u6c40\u9152\u5e97", "order_time": ["2019-01-15 18:09:38"], "total_order": 1, "hotel_value": ["4.6"], "hotel_price": ["723"]}, "8417192": {"hotel_name": "\u9752\u5c9b\u82b1\u6735\u5feb\u6377\u9152\u5e97", "order_time": ["2019-01-15 18:10:32"], "total_order": 1, "hotel_value": ["4.4"], "hotel_price": ["114"]}, "450341": {"hotel_name": "\u9752\u5c9b\u6e5b\u5c71\u82b1\u56ed\u9152\u5e97", "order_time": ["2019-01-15 18:10:34"], "total_order": 1, "hotel_value": ["4.6"], "hotel_price": ["358"]}, "2082416": {"hotel_name": "7\u5929\u8fde\u9501\u9152\u5e97(\u9752\u5c9b\u6d41\u4ead\u673a\u573a\u5e97)", "order_time": ["2019-01-15 18:10:34", "2019-01-15 18:40:07"], "total_order": 2, "hotel_value": ["4.1", "4.1"], "hotel_price": ["109", "119"]}, "1259981": {"hotel_name": "\u9752\u5c9b\u4e2d\u5929\u6d77\u666f\u9152\u5e97\uff08\u6808\u6865\u706b\u8f66\u7ad9\u5e97\uff09", "order_time": ["2019-01-15 18:24:09", "2019-01-15 18:10:35"], "total_order": 2, "hotel_value": ["4.8", "4.8"], "hotel_price": ["75", "75"]}, "2073653": {"hotel_name": "\u5586\u60a6\u00b7\u7cbe\u54c1\u8fde\u9501\u9152\u5e97(\u9752\u5c9b\u6d77\u5c14\u5de5\u4e1a\u56ed\u5b9d\u9f99\u5e7f\u573a\u5e97)", "order_time": ["2019-01-15 18:10:35"], "total_order": 1, "hotel_value": ["4.6"], "hotel_price": ["85"]}, "5085596": {"hotel_name": "\u9526\u6c5f\u4e4b\u661f(\u9752\u5c9b\u6ca7\u53e3\u516c\u56ed\u5e97)", "order_time": ["2019-01-15 18:10:37"], "total_order": 1, "hotel_value": ["4.7"], "hotel_price": ["149"]}, "1316402": {"hotel_name": "\u6c49\u5ead\u9152\u5e97(\u9752\u5c9b\u674e\u6ca7\u632f\u534e\u8def\u5730\u94c1\u7ad9\u5e97)(\u539f\u91cd\u5e86\u4e2d\u8def\u632f\u534e\u8def\u5e97)", "order_time": ["2019-01-15 18:10:40"], "total_order": 1, "hotel_value": ["4.4"], "hotel_price": ["151"]}, "1911247": {"hotel_name": "\u5982\u5bb6\u5feb\u6377\u9152\u5e97(\u9752\u5c9b\u4e94\u56db\u5e7f\u573a\u5965\u5e06\u4e2d\u5fc3\u5e97)(\u539f\u5965\u5e06\u4e2d\u5fc3\u6d77\u4fe1\u5e7f\u573a\u5e97)", "order_time": ["2019-01-15 18:10:41"], "total_order": 1, "hotel_value": ["4.3"], "hotel_price": ["99"]}, "6258277": {"hotel_name": "\u90fd\u5e02118\u9752\u5c9b\u57ce\u9633\u68d8\u6d2a\u6ee9\u9752\u5927\u5e97", "order_time": ["2019-01-15 18:10:41"], "total_order": 1, "hotel_value": ["4.4"], "hotel_price": ["147"]}, "16018600": {"hotel_name": "\u683c\u6797\u4e1c\u65b9\u9152\u5e97(\u9752\u5c9b\u4e16\u7eaa\u516c\u56ed\u6d41\u4ead\u673a\u573a\u5e97)", "order_time": ["2019-01-15 18:12:49", "2019-01-15 18:24:07", "2019-01-15 18:19:32"], "total_order": 3, "hotel_value": ["4.5", "4.5", "4.5"], "hotel_price": ["139", "139", "139"]}, "4971225": {"hotel_name": "\u5b89\u6f9c\u6587\u65c5\u9152\u5e97(\u9752\u5c9b\u5965\u5e06\u4e2d\u5fc3\u6781\u5730\u6d77\u6d0b\u4e16\u754c\u5e97)", "order_time": ["2019-01-15 18:12:51"], "total_order": 1, "hotel_value": ["4.2"], "hotel_price": ["79"]}, "23572246": {"hotel_name": "\u7ea2\u749e\u516c\u5bd3(\u9752\u5c9b\u95fd\u6c5f\u8def\u5e97)", "order_time": ["2019-01-15 18:12:52"], "total_order": 1, "hotel_value": ["4.6"], "hotel_price": ["82"]}, "531745": {"hotel_name": "\u6df1\u84dd\u590d\u5f0f\u516c\u5bd3(\u9752\u5c9b\u4f1a\u5c55\u4e2d\u5fc3\u6d77\u6c34\u6d74\u573a\u56fd\u4fe1)", "order_time": ["2019-01-15 18:12:57"], "total_order": 1, "hotel_value": ["4.6"], "hotel_price": ["138"]}, "5243784": {"hotel_name": "\u91d1\u5c71\u57ce\u5927\u9152\u5e97(\u9752\u5c9b\u56db\u6d41\u5357\u8def\u5e97)", "order_time": ["2019-01-15 18:13:10"], "total_order": 1, "hotel_value": ["4.6"], "hotel_price": ["124"]}, "2218411": {"hotel_name": "\u6c34\u672858\u5bbe\u9986(\u9752\u5c9b\u9999\u6e2f\u82b1\u56ed\u5e97)", "order_time": ["2019-01-15 18:14:06"], "total_order": 1, "hotel_value": [0], "hotel_price": ["28"]}, "20028061": {"hotel_name": "\u7eff\u5cf0\u96c5\u9601\u5ea6\u5047\u516c\u5bd3(\u9752\u5c9b\u4f1a\u5c55\u4e2d\u5fc3\u77f3\u8001\u4eba\u6d77\u6c34\u6d74\u573a\u5e97)", "order_time": ["2019-01-15 18:15:13"], "total_order": 1, "hotel_value": ["4.8"], "hotel_price": ["209"]}, "21356980": {"hotel_name": "\u5c0f\u91d1\u9ca4\u6d77\u666f\u516c\u5bd3(\u9752\u5c9b\u5564\u9152\u57ce\u4f1a\u5c55\u4e2d\u5fc3\u5e97)", "order_time": ["2019-01-15 18:15:15"], "total_order": 1, "hotel_value": ["4.9"], "hotel_price": ["218"]}, "1360631": {"hotel_name": "\u5c1a\u5ba2\u4f18\u5feb\u6377\u9152\u5e97(\u9752\u5c9b\u5965\u5e06\u4e2d\u5fc3\u5e97)", "order_time": ["2019-01-15 18:15:16"], "total_order": 1, "hotel_value": ["4.0"], "hotel_price": ["94"]}, "1103293": {"hotel_name": "\u6c49\u5ead\u9152\u5e97(\u9752\u5c9b\u6b63\u9633\u8def\u5229\u7fa4\u5e97)", "order_time": ["2019-01-15 18:15:16"], "total_order": 1, "hotel_value": ["4.3"], "hotel_price": ["132"]}, "2101673": {"hotel_name": "\u9752\u5c9b\u53f0\u4e1c\u5927\u9152\u5e97", "order_time": ["2019-01-15 18:15:16", "2019-01-15 19:06:19"], "total_order": 2, "hotel_value": ["4.3", "4.3"], "hotel_price": ["70", "80"]}, "6608537": {"hotel_name": "\u6854\u5b50\u9152\u5e97\u00b7\u7cbe\u9009(\u9752\u5c9b\u56db\u6d41\u5357\u8def\u5e97)", "order_time": ["2019-01-15 18:15:16"], "total_order": 1, "hotel_value": ["4.9"], "hotel_price": ["332"]}, "4043506": {"hotel_name": "\u9752\u5c9b\u4e1c\u65b9\u82f1\u4f26\u5ea6\u5047\u516c\u5bd3", "order_time": ["2019-01-15 18:15:19"], "total_order": 1, "hotel_value": ["4.6"], "hotel_price": ["97"]}, "994151": {"hotel_name": "\u5982\u5bb6\u5feb\u6377\u9152\u5e97(\u9752\u5c9b\u674e\u6751\u5730\u94c1\u7ad9\u4eac\u53e3\u8def\u5e97)", "order_time": ["2019-01-15 18:15:19"], "total_order": 1, "hotel_value": ["4.5"], "hotel_price": ["109"]}, "1070621": {"hotel_name": "\u9752\u5c9b\u5b9c\u5bb699\u8fde\u9501\u5bbe\u9986", "order_time": ["2019-01-15 18:15:21"], "total_order": 1, "hotel_value": ["4.3"], "hotel_price": ["82"]}, "1950982": {"hotel_name": "\u9752\u5c9b\u67e0\u91ce\u5c0f\u7b51\u5ba2\u6808", "order_time": ["2019-01-15 18:15:27"], "total_order": 1, "hotel_value": ["4.2"], "hotel_price": ["35"]}, "6466869": {"hotel_name": "\u7c73\u9ad8\u65f6\u5c1a\u9152\u5e97(\u9752\u5c9b\u4e94\u56db\u5e7f\u573a\u8fdc\u6d0b\u5e97)", "order_time": ["2019-01-15 18:15:29"], "total_order": 1, "hotel_value": ["4.4"], "hotel_price": ["73"]}, "1274014": {"hotel_name": "\u9752\u5c9b\u6885\u8bfa\u5c3c\u9152\u5e97", "order_time": ["2019-01-15 18:15:30"], "total_order": 1, "hotel_value": ["4.6"], "hotel_price": ["148"]}, "2496851": {"hotel_name": "\u5c1a\u5ba2\u4f18\u5feb\u6377\u9152\u5e97(\u9752\u5c9b\u6d41\u4ead\u673a\u573a\u5e97)", "order_time": ["2019-01-15 19:06:28", "2019-01-15 18:15:34"], "total_order": 2, "hotel_value": ["4.4", "4.4"], "hotel_price": ["154", "154"]}, "21125774": {"hotel_name": "\u9752\u5c9b\u96c5\u5c45\u82b1\u56ed\u9152\u5e97", "order_time": ["2019-01-15 18:44:59", "2019-01-15 18:15:34", "2019-01-15 18:24:25"], "total_order": 3, "hotel_value": ["4.1", "4.1", "4.1"], "hotel_price": ["219", "219", "219"]}, "1985439": {"hotel_name": "\u94f6\u5ea7\u4f73\u9a7f\u9152\u5e97(\u80f6\u5dde\u706b\u8f66\u7ad9\u5e97)", "order_time": ["2019-01-15 18:16:12"], "total_order": 1, "hotel_value": ["4.5"], "hotel_price": ["88"]}, "442301": {"hotel_name": "\u90fd\u5e02118(\u9752\u5c9b\u5d02\u5c71\u4f1a\u5c55\u4e2d\u5fc3\u5730\u94c1\u7ad9\u5e97)", "order_time": ["2019-01-15 18:17:19"], "total_order": 1, "hotel_value": ["4.4"], "hotel_price": ["97"]}, "3629505": {"hotel_name": "\u4e50\u5bb6\u8f69\u60a6\u73ba\u670d\u52a1\u516c\u5bd3(\u9752\u5c9b\u9999\u6e2f\u4e2d\u8def\u4e07\u8c61\u57ce\u5e97)", "order_time": ["2019-01-15 18:17:20"], "total_order": 1, "hotel_value": ["4.6"], "hotel_price": ["174"]}, "21903046": {"hotel_name": "\u9ea6\u6d6a\u00b7\u9752\u5c9b\u4e0d\u820d\u7cbe\u54c1\u6c11\u5bbf", "order_time": ["2019-01-15 18:17:21"], "total_order": 1, "hotel_value": ["4.9"], "hotel_price": ["472"]}, "427806": {"hotel_name": "\u83ab\u6cf0168(\u9752\u5c9b\u53f0\u4e1c\u5564\u9152\u8857\u534e\u9633\u8def\u5e97)", "order_time": ["2019-01-15 18:17:24"], "total_order": 1, "hotel_value": ["4.3"], "hotel_price": ["87"]}, "1619559": {"hotel_name": "7\u5929\u4f18\u54c1\u9152\u5e97(\u9752\u5c9b\u79d1\u6280\u8857\u5e97)", "order_time": ["2019-01-15 18:17:24"], "total_order": 1, "hotel_value": ["4.6"], "hotel_price": ["115"]}, "995179": {"hotel_name": "\u94f6\u5ea7\u4f73\u9a7f\u9152\u5e97(\u9752\u5c9b\u91cd\u5e86\u4e2d\u8def\u6d41\u4ead\u673a\u573a\u5e97)", "order_time": ["2019-01-15 18:17:24"], "total_order": 1, "hotel_value": ["4.4"], "hotel_price": ["124"]}, "1205324": {"hotel_name": "\u5c1a\u5ba2\u4f18\u5feb\u6377\u9152\u5e97(\u9752\u5c9b\u706b\u8f66\u5317\u7ad9\u541b\u5cf0\u8def\u5e97)", "order_time": ["2019-01-15 18:17:24"], "total_order": 1, "hotel_value": ["4.3"], "hotel_price": ["79"]}, "5266537": {"hotel_name": "\u5c1a\u5ba2\u4f18\u5feb\u6377\u9152\u5e97(\u9752\u5c9b\u5f00\u53d1\u533a\u9999\u6c5f\u4e8c\u8def\u5e97)", "order_time": ["2019-01-15 18:17:24"], "total_order": 1, "hotel_value": ["4.5"], "hotel_price": ["105"]}, "2304020": {"hotel_name": "\u9752\u5c9b\u6b27\u98de\u8fde\u9501\u9152\u5e97\u4e94\u56db\u5e7f\u573a\u5e97", "order_time": ["2019-01-15 18:17:24"], "total_order": 1, "hotel_value": ["4.2"], "hotel_price": ["89"]}, "5916477": {"hotel_name": "\u5229\u6e90\u56fd\u9645\u516c\u5bd3(\u9752\u5c9b\u56fd\u4fe1\u4f1a\u5c55\u4e2d\u5fc3\u5e97)", "order_time": ["2019-01-15 18:17:24"], "total_order": 1, "hotel_value": ["4.4"], "hotel_price": ["113"]}, "5194583": {"hotel_name": "\u9601\u99a8\u9152\u5e97(\u9752\u5c9b\u519c\u4e1a\u5927\u5b66\u5e97)", "order_time": ["2019-01-15 18:17:24"], "total_order": 1, "hotel_value": ["4.4"], "hotel_price": ["175"]}, "2301851": {"hotel_name": "7\u5929\u8fde\u9501\u9152\u5e97(\u9752\u5c9b\u9547\u5b81\u7acb\u4ea4\u6865\u5e97)", "order_time": ["2019-01-15 18:17:24", "2019-01-15 18:33:41"], "total_order": 2, "hotel_value": ["3.9", "3.9"], "hotel_price": ["70", "70"]}, "14153068": {"hotel_name": "\u9752\u5c9b\u4e00\u54c1\u68a6\u9014\u5047\u65e5\u9152\u5e97", "order_time": ["2019-01-15 18:17:24"], "total_order": 1, "hotel_value": [0], "hotel_price": ["110"]}, "1448742": {"hotel_name": "\u683c\u6797\u8c6a\u6cf0\u9152\u5e97(\u9752\u5c9b\u5f00\u53d1\u533a\u6b66\u5937\u5c71\u8def\u4f73\u4e16\u5ba2\u8d2d\u7269\u4e2d\u5fc3\u5e97)", "order_time": ["2019-01-15 18:17:24"], "total_order": 1, "hotel_value": ["4.6"], "hotel_price": ["94"]}, "1101006": {"hotel_name": "\u5982\u5bb6\u5feb\u6377\u9152\u5e97\uff08\u9752\u5c9b\u80f6\u5357\u9752\u5c9b\u897f\u7ad9\u5e97\uff09", "order_time": ["2019-01-15 18:17:24"], "total_order": 1, "hotel_value": ["4.4"], "hotel_price": ["103"]}, "1513231": {"hotel_name": "\u5373\u58a8\u5229\u541b\u5047\u65e5\u6e29\u6cc9", "order_time": ["2019-01-15 18:17:24"], "total_order": 1, "hotel_value": ["4.3"], "hotel_price": ["183"]}, "1103275": {"hotel_name": "\u6c49\u5ead\u9152\u5e97(\u9752\u5c9b\u80f6\u5357\u897f\u6d77\u5cb8\u6c7d\u8f66\u603b\u7ad9\u9152\u5e97)", "order_time": ["2019-01-15 18:17:24"], "total_order": 1, "hotel_value": ["4.7"], "hotel_price": ["99"]}, "1217842": {"hotel_name": "\u9752\u5c9b\u5927\u62c7\u6307\u5e7f\u573a\u00b7\u9999\u4e3d\u820d\u9152\u5e97\u516c\u5bd3", "order_time": ["2019-01-15 18:17:25"], "total_order": 1, "hotel_value": ["4.4"], "hotel_price": ["81"]}, "1786865": {"hotel_name": "\u9752\u5c9b\u597d\u4e16\u754c\u7cbe\u54c1\u9152\u5e97", "order_time": ["2019-01-15 18:17:26"], "total_order": 1, "hotel_value": ["4.8"], "hotel_price": ["81"]}, "21131094": {"hotel_name": "\u4e91\u8212\u8f7b\u5962\u6d77\u666f\u516c\u5bd3(\u9752\u5c9b\u91d1\u6c99\u6ee9\u5510\u5c9b\u6e7e\u5e97)", "order_time": ["2019-01-15 18:17:27"], "total_order": 1, "hotel_value": ["4.8"], "hotel_price": ["166"]}, "13180834": {"hotel_name": "\u5c1a\u5ba2\u4f18\u7cbe\u9009\u9152\u5e97(\u9752\u5c9b\u4e16\u7eaa\u516c\u56ed\u6d41\u4ead\u673a\u573a\u5e97)(\u539f\u57ce\u9633\u4e16\u7eaa\u516c\u56ed\u5e97)", "order_time": ["2019-01-15 18:17:28", "2019-01-15 18:33:25"], "total_order": 2, "hotel_value": ["4.7", "4.7"], "hotel_price": ["146", "146"]}, "2935119": {"hotel_name": "\u5609\u5fb7\u591c\u8272\u827a\u672f\u4e3b\u9898\u9152\u5e97(\u9752\u5c9b\u674e\u6751\u5730\u94c1\u6b65\u884c\u8857\u706b\u8f66\u5317\u7ad9\u5e97)", "order_time": ["2019-01-15 18:17:28"], "total_order": 1, "hotel_value": ["4.6"], "hotel_price": ["94"]}, "2299510": {"hotel_name": "\u80f6\u5357\u91d1\u6f9c\u5546\u52a1\u9152\u5e97", "order_time": ["2019-01-15 18:17:35"], "total_order": 1, "hotel_value": ["4.2"], "hotel_price": ["75"]}, "8575450": {"hotel_name": "\u9752\u5c9b\u71d5\u5f52\u5802\u81ea\u52a9\u516c\u5bd3\u9e3f\u6cf0\u5e97", "order_time": ["2019-01-15 18:17:40"], "total_order": 1, "hotel_value": ["4.5"], "hotel_price": ["92"]}, "427967": {"hotel_name": "\u5982\u5bb6\u5feb\u6377\u9152\u5e97(\u9752\u5c9b\u6808\u6865\u706b\u8f66\u7ad9\u5e7f\u573a\u5e97)", "order_time": ["2019-01-15 18:17:44"], "total_order": 1, "hotel_value": ["4.2"], "hotel_price": ["81"]}, "2083086": {"hotel_name": "\u5e73\u5ea6\u53cb\u8c0a\u5bbe\u9986", "order_time": ["2019-01-15 18:18:06"], "total_order": 1, "hotel_value": ["3.3"], "hotel_price": ["83"]}, "1700586": {"hotel_name": "\u901f8\u9152\u5e97(\u9752\u5c9b\u80f6\u5357\u65b0\u6c7d\u8f66\u7ad9\u5e97)", "order_time": ["2019-01-15 18:19:22"], "total_order": 1, "hotel_value": ["4.6"], "hotel_price": ["92"]}, "1048386": {"hotel_name": "\u6854\u5b50\u9152\u5e97\u00b7\u7cbe\u9009(\u9752\u5c9b\u5965\u5e06\u4e2d\u5fc3\u5e97)(\u539f\u4e94\u56db\u5e7f\u573a\u5e97)", "order_time": ["2019-01-15 18:19:25"], "total_order": 1, "hotel_value": ["4.8"], "hotel_price": ["265"]}, "780008": {"hotel_name": "\u7b51\u7f8e\u5370\u8c61\u9152\u5e97\u516c\u5bd3(\u9752\u5c9b\u4e94\u56db\u5e7f\u573a\u9999\u6e2f\u4e2d\u8def\u5e97)", "order_time": ["2019-01-15 18:19:25"], "total_order": 1, "hotel_value": ["4.5"], "hotel_price": ["148"]}, "21121707": {"hotel_name": "\u5b9c\u820d\u4e3b\u9898\u9152\u5e97(\u9752\u5c9b\u91d1\u6c99\u6ee9\u77f3\u6cb9\u5927\u5b66\u5e97)", "order_time": ["2019-01-15 18:19:33"], "total_order": 1, "hotel_value": ["4.8"], "hotel_price": ["69"]}, "14536959": {"hotel_name": "\u9752\u5c9b\u76db\u5148\u751f\u9152\u5e97\u5f0f\u516c\u5bd3", "order_time": ["2019-01-15 18:19:34"], "total_order": 1, "hotel_value": ["4.6"], "hotel_price": ["112"]}, "445132": {"hotel_name": "\u9752\u5c9b\u5929\u6da6\u91d1\u65fa\u5927\u9152\u5e97", "order_time": ["2019-01-15 18:21:45", "2019-01-15 18:28:51"], "total_order": 2, "hotel_value": ["4.2", "4.2"], "hotel_price": ["198", "198"]}, "7019200": {"hotel_name": "\u9752\u5c9b\u6c50\u7f8e\u5bbf\u9152\u5e97", "order_time": ["2019-01-15 18:21:46"], "total_order": 1, "hotel_value": ["4.7"], "hotel_price": ["256"]}, "2582773": {"hotel_name": "\u6c49\u5ead\u9152\u5e97(\u9752\u5c9b\u706b\u8f66\u7ad9\u4e1c\u5e7f\u573a\u5e97)", "order_time": ["2019-01-15 18:21:48"], "total_order": 1, "hotel_value": ["4.4"], "hotel_price": ["132"]}, "8860171": {"hotel_name": "\u5982\u5bb6\u5546\u65c5\u9152\u5e97(\u9752\u5c9b\u706b\u8f66\u5317\u7ad9\u91d1\u6c34\u8def\u5e97)(\u539f\u91cd\u5e86\u8def\u5e97)", "order_time": ["2019-01-15 18:21:48"], "total_order": 1, "hotel_value": ["4.7"], "hotel_price": ["188"]}, "1925767": {"hotel_name": "\u9752\u5c9b\u7d2b\u73a5\u94c2\u5c14\u66fc\u9152\u5e97", "order_time": ["2019-01-15 18:21:49"], "total_order": 1, "hotel_value": ["4.5"], "hotel_price": ["470"]}, "17139641": {"hotel_name": "\u5b9c\u5fc5\u601d\u9152\u5e97(\u9752\u5c9b\u9ad8\u65b0\u533a\u52a8\u8f66\u5c0f\u9547\u5e97)", "order_time": ["2019-01-15 18:21:56"], "total_order": 1, "hotel_value": ["4.2"], "hotel_price": ["218"]}, "535990": {"hotel_name": "\u9752\u5c9b\u8fdc\u6d0b\u5927\u9152\u5e97", "order_time": ["2019-01-15 18:21:58"], "total_order": 1, "hotel_value": ["4.6"], "hotel_price": ["332"]}, "4628580": {"hotel_name": "\u5fc6\u5c0f\u7a9d\u9752\u5e74\u65c5\u820d(\u9752\u5c9b\u541b\u5cf0\u8def\u5730\u94c1\u7ad9\u5e97)", "order_time": ["2019-01-15 18:22:06"], "total_order": 1, "hotel_value": ["4.7"], "hotel_price": ["26"]}, "2068788": {"hotel_name": "\u9752\u5c9b\u6c99\u6ee9\u91d1\u5ea7\u9152\u5e97", "order_time": ["2019-01-15 18:23:05"], "total_order": 1, "hotel_value": ["3.6"], "hotel_price": ["95"]}, "6074225": {"hotel_name": "\u84dd\u6d77\u00b7\u9890\u6d77\u82b1\u56ed\u9152\u5e97(\u9752\u5c9b\u5e02\u5357\u5e97)", "order_time": ["2019-01-15 18:24:07"], "total_order": 1, "hotel_value": ["4.7"], "hotel_price": ["474"]}, "18540621": {"hotel_name": "\u5982\u5bb6\u7cbe\u9009\u9152\u5e97(\u9752\u5c9b\u674e\u6ca7\u4e5d\u6c34\u4e1c\u8def\u4e07\u8fbe\u5e7f\u573a\u5e97)", "order_time": ["2019-01-15 18:59:48", "2019-01-15 18:24:09"], "total_order": 2, "hotel_value": ["4.7", "4.7"], "hotel_price": ["227", "227"]}, "1774898": {"hotel_name": "\u6c49\u5ead\u9152\u5e97(\u9752\u5c9b\u706b\u8f66\u5317\u7ad9\u5e97)", "order_time": ["2019-01-15 18:24:09"], "total_order": 1, "hotel_value": ["4.3"], "hotel_price": ["189"]}, "486063": {"hotel_name": "\u9752\u5c9b\u56fd\u4fe1\u6d77\u5929\u4f53\u80b2\u4e2d\u5fc3\u9152\u5e97", "order_time": ["2019-01-15 18:24:10"], "total_order": 1, "hotel_value": ["4.5"], "hotel_price": ["190"]}, "1070435": {"hotel_name": "\u5982\u5bb6\u5feb\u6377\u9152\u5e97(\u9752\u5c9b\u6808\u6865\u706b\u8f66\u7ad9\u4e1c\u5e7f\u573a\u5e97)", "order_time": ["2019-01-15 18:35:37", "2019-01-15 18:24:10"], "total_order": 2, "hotel_value": ["4.5", "4.5"], "hotel_price": ["92", "92"]}, "427965": {"hotel_name": "\u5982\u5bb6\u5546\u65c5\u9152\u5e97(\u9752\u5c9b\u4e94\u56db\u5e7f\u573a\u5c71\u4e1c\u8def\u6fb3\u67ef\u739b\u7acb\u4ea4\u6865\u5e97)", "order_time": ["2019-01-15 18:24:11"], "total_order": 1, "hotel_value": ["4.7"], "hotel_price": ["159"]}, "443607": {"hotel_name": "\u9752\u5c9b\u6052\u90fd\u884c\u653f\u9152\u5e97", "order_time": ["2019-01-15 18:24:11"], "total_order": 1, "hotel_value": ["4.1"], "hotel_price": ["78"]}, "2301075": {"hotel_name": "\u7231\u5c0a\u5ba2\u9152\u5e97(\u9752\u5c9b\u5e7f\u7535\u5927\u53a6\u5e97)", "order_time": ["2019-01-15 18:24:12"], "total_order": 1, "hotel_value": ["4.5"], "hotel_price": ["110"]}, "1412491": {"hotel_name": "\u6d77\u53cb\u9152\u5e97(\u9752\u5c9b\u53f0\u4e1c\u4e07\u8fbe\u5e97)", "order_time": ["2019-01-15 18:24:12"], "total_order": 1, "hotel_value": ["3.9"], "hotel_price": ["75"]}, "2307012": {"hotel_name": "7\u5929\u8fde\u9501\u9152\u5e97(\u9752\u5c9b\u6d41\u4ead\u673a\u573a\u4e8c\u5e97)", "order_time": ["2019-01-15 18:24:13"], "total_order": 1, "hotel_value": ["3.9"], "hotel_price": ["99"]}, "994152": {"hotel_name": "\u5982\u5bb6\u5feb\u6377\u9152\u5e97(\u9752\u5c9b\u9ed1\u9f99\u6c5f\u4e2d\u8def\u5d02\u5c71\u9ad8\u79d1\u6280\u56ed\u5e97)(\u539f\u6d77\u5c14\u5de5\u4e1a\u56ed\u9ed1\u9f99\u6c5f\u4e2d\u8def\u5e97)", "order_time": ["2019-01-15 18:24:13"], "total_order": 1, "hotel_value": ["4.5"], "hotel_price": ["112"]}, "5999421": {"hotel_name": "\u7a7a\u94c1\u5047\u65e5\u9152\u5e97\u516c\u5bd3(\u9752\u5c9b\u673a\u573a\u5e97)", "order_time": ["2019-01-15 18:24:16"], "total_order": 1, "hotel_value": ["4.6"], "hotel_price": ["217"]}, "6448671": {"hotel_name": "\u9752\u5c9b\u6829\u9732\u6d77\u666f\u5ea6\u5047\u516c\u5bd3", "order_time": ["2019-01-15 18:24:16"], "total_order": 1, "hotel_value": ["4.6"], "hotel_price": ["84"]}, "5652465": {"hotel_name": "\u5373\u58a8\u9752\u8292\u7cbe\u54c1\u4e3b\u9898\u516c\u5bd3", "order_time": ["2019-01-15 18:24:22"], "total_order": 1, "hotel_value": ["4.4"], "hotel_price": ["94"]}, "8531492": {"hotel_name": "\u9752\u5c9b\u6c34\u4e91\u8fb9\u57ce\u6d77\u666f\u5ea6\u5047\u516c\u5bd3\u90a3\u9c81\u6e7e\u5e97", "order_time": ["2019-01-15 18:24:23"], "total_order": 1, "hotel_value": ["4.8"], "hotel_price": ["86"]}, "2055623": {"hotel_name": "\u90fd\u5e02118(\u9752\u5c9b\u91d1\u6c99\u6ee9\u5564\u9152\u57ce\u5e97)", "order_time": ["2019-01-15 18:24:33"], "total_order": 1, "hotel_value": ["3.7"], "hotel_price": ["79"]}, "2083026": {"hotel_name": "\u591a\u7ef4\u7cbe\u54c1\u9152\u5e97(\u5e73\u5ea6\u5e97)", "order_time": ["2019-01-15 18:25:48"], "total_order": 1, "hotel_value": ["4.1"], "hotel_price": ["113"]}, "1480360": {"hotel_name": "\u5c1a\u5ba2\u4f18\u5feb\u6377\u9152\u5e97(\u9752\u5c9b\u674e\u6751\u6b65\u884c\u8857\u5e97)", "order_time": ["2019-01-15 18:26:30"], "total_order": 1, "hotel_value": ["3.6"], "hotel_price": ["79"]}, "1692837": {"hotel_name": "\u5c1a\u5ba2\u4f18\u5feb\u6377\u9152\u5e97(\u9752\u5c9b\u5bcc\u6625\u6c5f\u8def\u957f\u9014\u7ad9\u77f3\u6cb9\u5927\u5b66\u5e97)", "order_time": ["2019-01-15 18:26:31"], "total_order": 1, "hotel_value": ["4.7"], "hotel_price": ["63"]}, "2359489": {"hotel_name": "\u5b89\u6f9c\u5bbe\u820d\u541b\u54c1\u6d77\u5cb8\u9152\u5e97(\u9752\u5c9b\u706b\u8f66\u7ad9\u6808\u6865\u9752\u533b\u9644\u9662\u5e97)", "order_time": ["2019-01-15 18:26:31"], "total_order": 1, "hotel_value": ["4.5"], "hotel_price": ["75"]}, "428036": {"hotel_name": "\u5982\u5bb6\u5feb\u6377\u9152\u5e97(\u9752\u5c9b\u5c71\u4e1c\u8def\u4e2d\u592e\u5546\u52a1\u533a\u5e97)", "order_time": ["2019-01-15 18:26:33"], "total_order": 1, "hotel_value": ["4.3"], "hotel_price": ["119"]}, "485385": {"hotel_name": "\u9752\u5c9b\u591a\u7459\u6cb3\u56fd\u9645\u5927\u9152\u5e97", "order_time": ["2019-01-15 18:26:33", "2019-01-15 18:33:24"], "total_order": 2, "hotel_value": ["4.4", "4.4"], "hotel_price": ["242", "242"]}, "1185019": {"hotel_name": "\u9752\u5c9b\u798f\u6c38\u5927\u9152\u5e97", "order_time": ["2019-01-15 18:26:38"], "total_order": 1, "hotel_value": ["4.2"], "hotel_price": ["85"]}, "1371788": {"hotel_name": "\u6854\u5b50\u00b7\u6c34\u6676\u9152\u5e97(\u9752\u5c9b\u4e94\u56db\u5e7f\u573a\u6d77\u666f\u5e97)", "order_time": ["2019-01-15 18:26:38"], "total_order": 1, "hotel_value": ["4.7"], "hotel_price": ["389"]}, "2013340": {"hotel_name": "\u901f8\u9152\u5e97(\u5e73\u5ea6\u6d77\u5b9c\u5bb6\u80f6\u5e73\u8def\u5e97)", "order_time": ["2019-01-15 18:28:12", "2019-01-15 18:45:46"], "total_order": 2, "hotel_value": ["4.4", "4.4"], "hotel_price": ["116", "116"]}, "2132624": {"hotel_name": "\u5e73\u5ea6\u6613\u6377\u5047\u65e5\u9152\u5e97", "order_time": ["2019-01-15 18:28:13"], "total_order": 1, "hotel_value": ["4.0"], "hotel_price": ["80"]}, "2637165": {"hotel_name": "\u80f6\u5dde\u8fce\u7965\u5546\u52a1\u5bbe\u9986", "order_time": ["2019-01-15 18:28:13"], "total_order": 1, "hotel_value": ["4.6"], "hotel_price": ["48"]}, "2599635": {"hotel_name": "\u5982\u5bb6\u5feb\u6377\u9152\u5e97(\u9752\u5c9b\u6d41\u4ead\u673a\u573a\u9ed1\u9f99\u6c5f\u5317\u8def\u57ce\u4e2d\u57ce\u5e97)", "order_time": ["2019-01-15 18:28:50"], "total_order": 1, "hotel_value": ["4.6"], "hotel_price": ["149"]}, "15862442": {"hotel_name": "\u6c50\u60a6\u9152\u5e97\u516c\u5bd3(\u9752\u5c9b\u4e94\u56db\u5e7f\u573a\u4e2d\u94c1\u9752\u5c9b\u4e2d\u5fc3\u5e97)", "order_time": ["2019-01-15 18:28:51"], "total_order": 1, "hotel_value": ["4.8"], "hotel_price": ["229"]}, "1935879": {"hotel_name": "\u5982\u5bb6\u5feb\u6377\u9152\u5e97(\u9752\u5c9b\u57ce\u9633\u6625\u9633\u8def\u5bb6\u4f73\u6e90\u5e97)", "order_time": ["2019-01-15 18:28:54"], "total_order": 1, "hotel_value": ["4.6"], "hotel_price": ["104"]}, "4738805": {"hotel_name": "\u9752\u5c9b\u7231\u5c0a\u5ba2\u8fde\u9501\u9152\u5e97(\u8fbd\u6e90\u8def\u5e97)", "order_time": ["2019-01-15 18:28:54"], "total_order": 1, "hotel_value": ["4.4"], "hotel_price": ["113"]}, "1066339": {"hotel_name": "7\u5929\u8fde\u9501\u9152\u5e97(\u9752\u5c9b\u6d77\u4e91\u5eb5\u5174\u9686\u8def\u5e97)(\u539f\u6c11\u4fd7\u5e7f\u573a\u5e97)", "order_time": ["2019-01-15 18:28:55"], "total_order": 1, "hotel_value": ["4.4"], "hotel_price": ["99"]}, "1734527": {"hotel_name": "\u9752\u5c9b\u7d2b\u8346\u82d1\u5bbe\u9986", "order_time": ["2019-01-15 18:28:55"], "total_order": 1, "hotel_value": ["4.6"], "hotel_price": ["351"]}, "5073205": {"hotel_name": "\u9752\u5c9b\u6df1\u84dd\u661f\u5546\u52a1\u9152\u5e97", "order_time": ["2019-01-15 18:28:56"], "total_order": 1, "hotel_value": ["4.7"], "hotel_price": ["154"]}, "427955": {"hotel_name": "\u5982\u5bb6\u5feb\u6377\u9152\u5e97(\u9752\u5c9b\u53f0\u4e1c\u6b65\u884c\u8857\u5e97)", "order_time": ["2019-01-15 18:28:56"], "total_order": 1, "hotel_value": ["4.5"], "hotel_price": ["104"]}, "10118500": {"hotel_name": "\u90fd\u5e02118\u7cbe\u9009\u9152\u5e97(\u9752\u5c9b\u5bb6\u4f73\u6e90\u4e00\u54c1\u51a0\u5e97)", "order_time": ["2019-01-15 18:28:58", "2019-01-15 18:42:25"], "total_order": 2, "hotel_value": ["4.6", "4.6"], "hotel_price": ["104", "104"]}, "4677001": {"hotel_name": "\u9752\u5c9b\u5357\u65b9\u6d77\u5cb8\u5ea6\u5047\u9152\u5e97", "order_time": ["2019-01-15 18:29:00"], "total_order": 1, "hotel_value": ["4.6"], "hotel_price": ["73"]}, "1981926": {"hotel_name": "\u9752\u5c9b\u946b\u9f99\u5047\u65e5\u5546\u52a1\u9152\u5e97", "order_time": ["2019-01-15 18:29:00"], "total_order": 1, "hotel_value": ["4.7"], "hotel_price": ["114"]}, "2389295": {"hotel_name": "\u9752\u5c9b\u6808\u6865\u5982\u5bb6\u89c2\u6d77\u65e5\u79df\u623f", "order_time": ["2019-01-15 18:29:13"], "total_order": 1, "hotel_value": ["4.7"], "hotel_price": ["34"]}, "2045313": {"hotel_name": "\u5c1a\u5ba2\u4f18\u5feb\u6377\u9152\u5e97(\u5e73\u5ea6\u4eba\u6c11\u8def\u5e97)", "order_time": ["2019-01-15 18:30:24"], "total_order": 1, "hotel_value": ["4.3"], "hotel_price": ["114"]}, "2263143": {"hotel_name": "\u90fd\u5e02\u82b1\u56ed\u9152\u5e97(\u80f6\u5dde\u80f6\u4e1c\u65b0\u673a\u573a\u674e\u54e5\u5e84\u5e97)", "order_time": ["2019-01-15 18:30:24"], "total_order": 1, "hotel_value": ["4.7"], "hotel_price": ["143"]}, "1600050": {"hotel_name": "\u5c1a\u5ba2\u4f18\u5feb\u6377\u9152\u5e97(\u80f6\u5dde\u82cf\u5dde\u8def\u4e2d\u5fc3\u5e97)", "order_time": ["2019-01-15 18:30:24"], "total_order": 1, "hotel_value": ["4.4"], "hotel_price": ["84"]}, "9561035": {"hotel_name": "\u9752\u5c9b\u6469\u767b\u4e0a\u57ce\u670d\u52a1\u516c\u5bd3(\u94f6\u76db\u6cf0\u65b0\u7a7a\u95f4)", "order_time": ["2019-01-15 18:31:07"], "total_order": 1, "hotel_value": ["4.4"], "hotel_price": ["146"]}, "3725612": {"hotel_name": "\u9752\u5c9b\u5026\u9e1f\u9152\u5e97", "order_time": ["2019-01-15 18:31:13"], "total_order": 1, "hotel_value": ["4.7"], "hotel_price": ["184"]}, "8426688": {"hotel_name": "\u5982\u5bb6\u7cbe\u9009\u9152\u5e97(\u9752\u5c9b\u706b\u8f66\u7ad9\u6808\u6865\u5e97)", "order_time": ["2019-01-15 18:31:14"], "total_order": 1, "hotel_value": ["4.6"], "hotel_price": ["164"]}, "779894": {"hotel_name": "\u9526\u6c5f\u4e4b\u661f(\u9752\u5c9b\u4e2d\u5c71\u8def\u5e97)", "order_time": ["2019-01-15 18:31:15"], "total_order": 1, "hotel_value": ["4.5"], "hotel_price": ["169"]}, "11649805": {"hotel_name": "\u5b9c\u5bb699\u4e3b\u9898\u9152\u5e97(\u9752\u5c9b\u57ce\u9633\u5bb6\u4f73\u6e90\u5e97)", "order_time": ["2019-01-15 18:31:18"], "total_order": 1, "hotel_value": ["4.2"], "hotel_price": ["113"]}, "21623559": {"hotel_name": "\u4e00\u5bd3\u503e\u5fc3\u56fd\u9645\u5ea6\u5047\u516c\u5bd3(\u9752\u5c9b\u5510\u5c9b\u6e7e\u5e97)", "order_time": ["2019-01-15 18:31:20"], "total_order": 1, "hotel_value": ["4.6"], "hotel_price": ["254"]}, "1610567": {"hotel_name": "\u6f2b\u7a0b\u56fd\u9645\u9752\u5e74\u65c5\u820d(\u9752\u5c9b\u706b\u8f66\u7ad9\u5288\u67f4\u9662\u5e97)", "order_time": ["2019-01-15 18:31:21"], "total_order": 1, "hotel_value": ["4.5"], "hotel_price": ["23"]}, "1526968": {"hotel_name": "\u80f6\u5dde\u5929\u559c\u9152\u5e97", "order_time": ["2019-01-15 18:32:30"], "total_order": 1, "hotel_value": ["4.3"], "hotel_price": ["69"]}, "2608124": {"hotel_name": "\u5982\u5bb6\u5feb\u6377\u9152\u5e97(\u9752\u5c9b\u56fd\u9645\u4f1a\u5c55\u4e2d\u5fc3\u77f3\u8001\u4eba\u89c2\u5149\u56ed\u5e97)", "order_time": ["2019-01-15 18:33:22"], "total_order": 1, "hotel_value": ["4.4"], "hotel_price": ["103"]}, "1372825": {"hotel_name": "\u5982\u5bb6\u5feb\u6377\u9152\u5e97(\u9752\u5c9b\u674e\u6ca7\u4e5d\u6c34\u8def\u4e07\u8fbe\u5e7f\u573a\u5e97)", "order_time": ["2019-01-15 18:33:22"], "total_order": 1, "hotel_value": ["4.5"], "hotel_price": ["137"]}, "371190": {"hotel_name": "\u9752\u5c9b\u9999\u683c\u91cc\u62c9\u5927\u9152\u5e97", "order_time": ["2019-01-15 18:33:24"], "total_order": 1, "hotel_value": ["4.7"], "hotel_price": ["748"]}, "2304451": {"hotel_name": "\u7231\u5c0a\u5ba2\u9152\u5e97(\u5373\u58a8\u5170\u9ccc\u8def\u5e97)", "order_time": ["2019-01-15 18:33:24"], "total_order": 1, "hotel_value": ["4.7"], "hotel_price": ["170"]}, "8182955": {"hotel_name": "\u6cca\u4e91\u5c1a\u9009\u5ead\u9662\u9152\u5e97(\u9752\u5c9b\u897f\u6d77\u5cb8\u4e1c\u65b9\u5f71\u90fd\u4e07\u8fbe\u8302\u5e97)", "order_time": ["2019-01-15 18:33:25"], "total_order": 1, "hotel_value": ["4.9"], "hotel_price": ["284"]}, "2136286": {"hotel_name": "\u9752\u5c9b\u7f8e\u5885\u5047\u671f\u9152\u5e9730\u53f7\u6d77\u8fb9\u522b\u5885", "order_time": ["2019-01-15 18:33:25"], "total_order": 1, "hotel_value": ["4.9"], "hotel_price": ["253"]}, "4725953": {"hotel_name": "\u9526\u6c5f\u90fd\u57ce\u9152\u5e97(\u9752\u5c9b\u57ce\u9633\u533a\u653f\u5e9c\u5e97)", "order_time": ["2019-01-15 18:33:25"], "total_order": 1, "hotel_value": ["4.6"], "hotel_price": ["236"]}, "801573": {"hotel_name": "\u9752\u5c9b\u5eb7\u5927\u8c6a\u751f\u5927\u9152\u5e97", "order_time": ["2019-01-15 18:33:26"], "total_order": 1, "hotel_value": ["4.7"], "hotel_price": ["388"]}, "443976": {"hotel_name": "\u90fd\u5e02118(\u9752\u5c9b\u674e\u6ca7\u6b65\u884c\u8857\u5e97)", "order_time": ["2019-01-15 18:42:30", "2019-01-15 18:33:30"], "total_order": 2, "hotel_value": ["4.6", "4.6"], "hotel_price": ["84", "84"]}, "4045531": {"hotel_name": "\u9752\u5c9bHolaMotel\u597d\u5566\u6c7d\u8f66\u7cbe\u54c1\u516c\u5bd3", "order_time": ["2019-01-15 18:33:35"], "total_order": 1, "hotel_value": ["4.6"], "hotel_price": ["104"]}, "1677774": {"hotel_name": "\u9752\u5c9b\u99a8\u60a6\u8f69\u5ea6\u5047\u516c\u5bd3", "order_time": ["2019-01-15 18:35:34"], "total_order": 1, "hotel_value": ["4.6"], "hotel_price": ["87"]}, "25557473": {"hotel_name": "\u9752\u5c9b\u68e0\u66fc\u9152\u5e97", "order_time": ["2019-01-15 18:35:38", "2019-01-15 18:46:46"], "total_order": 2, "hotel_value": ["4.6", "4.6"], "hotel_price": ["159", "159"]}, "1697366": {"hotel_name": "\u90fd\u5e02118(\u9752\u5c9b\u674e\u6ca7\u5e7f\u573a\u5730\u94c1\u7ad9\u5e97)", "order_time": ["2019-01-15 18:35:42"], "total_order": 1, "hotel_value": ["4.6"], "hotel_price": ["104"]}, "6455526": {"hotel_name": "\u9752\u5c9b\u67d2\u79a7\u6d77\u666f\u5ea6\u5047\u516c\u5bd3", "order_time": ["2019-01-15 18:35:47"], "total_order": 1, "hotel_value": ["4.8"], "hotel_price": ["66"]}, "1874920": {"hotel_name": "\u5c1a\u5ba2\u4f18\u5feb\u6377\u9152\u5e97(\u5373\u58a8\u6c7d\u8f66\u603b\u7ad9\u5e97)", "order_time": ["2019-01-15 18:35:48"], "total_order": 1, "hotel_value": ["4.6"], "hotel_price": ["104"]}, "6691235": {"hotel_name": "\u53ef\u4e34\u5b81\u8fde\u9501\u9152\u5e97\u9752\u5c9b\u80f6\u5dde\u706b\u8f66\u7ad9\u5e97", "order_time": ["2019-01-15 18:36:35"], "total_order": 1, "hotel_value": ["4.8"], "hotel_price": ["69"]}, "6841720": {"hotel_name": "\u9752\u5c9b\u6d77\u6db5\u8f69\u7cbe\u54c1\u9152\u5e97", "order_time": ["2019-01-15 18:37:42"], "total_order": 1, "hotel_value": ["4.7"], "hotel_price": ["124"]}, "1708181": {"hotel_name": "\u9752\u5c9b\u98ce\u5c1a\u00b7\u56db\u5b63\u5047\u65e5\u9152\u5e97(\u674e\u6751\u6b65\u884c\u8857\u5965\u514b\u65af\u5e7f\u573a\u5e97)", "order_time": ["2019-01-15 18:37:42"], "total_order": 1, "hotel_value": ["4.3"], "hotel_price": ["79"]}, "1501841": {"hotel_name": "\u83ab\u6cf0168(\u9752\u5c9b\u6808\u6865\u706b\u8f66\u7ad9\u897f\u5e7f\u573a\u5e97)", "order_time": ["2019-01-15 18:37:42"], "total_order": 1, "hotel_value": ["4.6"], "hotel_price": ["92"]}, "994153": {"hotel_name": "\u5982\u5bb6\u5feb\u6377\u9152\u5e97(\u9752\u5c9b\u706b\u8f66\u5317\u7ad9\u5e97)", "order_time": ["2019-01-15 18:37:43"], "total_order": 1, "hotel_value": ["4.3"], "hotel_price": ["152"]}, "5033186": {"hotel_name": "\u7ef4\u4e5f\u7eb3\u667a\u597d\u9152\u5e97(\u9752\u5c9b\u5373\u58a8\u5e97)(\u539f\u65fa\u534e\u5927\u9152\u5e97)", "order_time": ["2019-01-15 18:37:44"], "total_order": 1, "hotel_value": ["4.4"], "hotel_price": ["209"]}, "939307": {"hotel_name": "\u6c49\u5ead\u9152\u5e97(\u9752\u5c9b\u4e94\u56db\u5e7f\u573a\u5e97)", "order_time": ["2019-01-15 18:37:47"], "total_order": 1, "hotel_value": ["4.5"], "hotel_price": ["227"]}, "1105686": {"hotel_name": "\u9752\u5c9b\u7231\u4e3d\u7a7a\u95f4\u5bbe\u9986", "order_time": ["2019-01-15 18:38:07"], "total_order": 1, "hotel_value": ["4.1"], "hotel_price": ["52"]}, "445195": {"hotel_name": "\u9752\u5c9b\u4e1c\u6656\u56fd\u9645\u5927\u9152\u5e97", "order_time": ["2019-01-15 18:40:02"], "total_order": 1, "hotel_value": ["4.5"], "hotel_price": ["268"]}, "25679475": {"hotel_name": "\u9752\u5c9b\u56db\u5b63\u4e07\u4f73\u9152\u5e97\u516c\u5bd3", "order_time": ["2019-01-15 18:40:05"], "total_order": 1, "hotel_value": ["4.8"], "hotel_price": ["206"]}, "2209171": {"hotel_name": "\u5c1a\u5ba2\u4f18\u54c1\u9152\u5e97(\u9752\u5c9b\u5f00\u53d1\u533a\u9999\u6c5f\u8def\u957f\u6c5f\u8d2d\u7269\u5e7f\u573a\u5e97)(\u539f\u5c1a\u5ba2\u4f18\u7cbe\u9009\u9152\u5e97)", "order_time": ["2019-01-15 18:40:05"], "total_order": 1, "hotel_value": ["4.7"], "hotel_price": ["124"]}, "8396348": {"hotel_name": "\u7a7a\u94c1\u5047\u65e5\u9152\u5e97\u516c\u5bd3(\u9752\u5c9b\u673a\u573a\u4e8c\u5e97)", "order_time": ["2019-01-15 18:40:08"], "total_order": 1, "hotel_value": ["4.4"], "hotel_price": ["213"]}, "2619565": {"hotel_name": "\u5982\u5bb6\u5feb\u6377\u9152\u5e97(\u9752\u5c9b\u56fd\u9645\u4f1a\u5c55\u4e2d\u5fc3\u682a\u6d32\u8def\u9ad8\u79d1\u56ed\u5e97)", "order_time": ["2019-01-15 18:40:08"], "total_order": 1, "hotel_value": ["4.3"], "hotel_price": ["118"]}, "2338161": {"hotel_name": "\u9752\u5c9b\u946b\u6da6\u4e16\u4f73\u5546\u52a1\u9152\u5e97(\u539f\u548c\u6da6\u4e16\u4f73\u5546\u52a1\u9152\u5e97)", "order_time": ["2019-01-15 19:06:20", "2019-01-15 18:40:11", "2019-01-15 18:59:49"], "total_order": 3, "hotel_value": ["4.2", "4.2", "4.2"], "hotel_price": ["122", "122", "122"]}, "459120": {"hotel_name": "\u6c49\u5ead\u9152\u5e97(\u9752\u5c9b\u5f00\u53d1\u533a\u5c71\u79d1\u5927\u5e97)", "order_time": ["2019-01-15 18:40:12"], "total_order": 1, "hotel_value": ["4.3"], "hotel_price": ["123"]}, "1334762": {"hotel_name": "\u90fd\u5e02\u8ff7\u4f60\u8fde\u9501\u9152\u5e97(\u9752\u5c9b\u6d77\u4e0a\u5609\u5e74\u534e\u4eb2\u5b50\u5e97)", "order_time": ["2019-01-15 18:40:15"], "total_order": 1, "hotel_value": ["4.5"], "hotel_price": ["55"]}, "996027": {"hotel_name": "\u9752\u5c9b\u91d1\u6c99\u6ee9\u5e0c\u5c14\u987f\u9152\u5e97", "order_time": ["2019-01-15 18:42:20"], "total_order": 1, "hotel_value": ["4.6"], "hotel_price": ["663"]}, "1322020": {"hotel_name": "\u9752\u5c9b\u6d77\u5c14\u5c71\u6d77\u6e7e\u9152\u5e97\u5f0f\u5ea6\u5047\u516c\u5bd3", "order_time": ["2019-01-15 18:42:32", "2019-01-15 18:46:57"], "total_order": 2, "hotel_value": ["4.7", "4.7"], "hotel_price": ["91", "91"]}, "2162063": {"hotel_name": "\u9752\u5c9b\u73af\u7403\u91d1\u51e4\u51f0\u5bbe\u9986", "order_time": ["2019-01-15 18:44:42"], "total_order": 1, "hotel_value": ["4.5"], "hotel_price": ["69"]}, "4637626": {"hotel_name": "\u4e16\u7eaa\u9e3f\u6cf0\u9152\u5e97\u516c\u5bd3(\u9752\u5c9b\u4e2d\u8054\u81ea\u7531\u6e2f\u6e7e\u5e97)", "order_time": ["2019-01-15 18:44:43"], "total_order": 1, "hotel_value": ["4.6"], "hotel_price": ["65"]}, "6825957": {"hotel_name": "\u9752\u5c9b\u7ef4\u591a\u5229\u4e9a\u54c1\u5982\u5bb6\u56ed\u9152\u5e97\u5f0f\u516c\u5bd3", "order_time": ["2019-01-15 18:44:45"], "total_order": 1, "hotel_value": ["4.3"], "hotel_price": ["77"]}, "536113": {"hotel_name": "\u9752\u5c9b\u5f00\u5143\u540d\u90fd\u5927\u9152\u5e97", "order_time": ["2019-01-15 18:44:48"], "total_order": 1, "hotel_value": ["4.7"], "hotel_price": ["386"]}, "1730337": {"hotel_name": "\u9752\u5c9b\u534e\u6b27\u660e\u73e0\u9152\u5e97", "order_time": ["2019-01-15 18:44:50"], "total_order": 1, "hotel_value": ["4.2"], "hotel_price": ["99"]}, "640472": {"hotel_name": "\u9752\u5c9b\u65af\u7ef4\u767b\u5ea6\u5047\u516c\u5bd3(\u9c81\u90a6\u98ce\u60c5)", "order_time": ["2019-01-15 18:44:57"], "total_order": 1, "hotel_value": ["4.3"], "hotel_price": ["103"]}, "6303575": {"hotel_name": "\u683c\u6797\u8c6a\u6cf0(\u9752\u5c9b\u80f6\u5dde\u65b0\u673a\u573a\u674e\u54e5\u5e84\u5feb\u6377\u9152\u5e97)", "order_time": ["2019-01-15 18:45:46"], "total_order": 1, "hotel_value": ["4.5"], "hotel_price": ["193"]}, "1882702": {"hotel_name": "\u9526\u6c5f\u4e4b\u661f(\u9752\u5c9b\u957f\u9014\u6c7d\u8f66\u603b\u7ad9\u5e97)", "order_time": ["2019-01-15 18:46:47"], "total_order": 1, "hotel_value": ["4.4"], "hotel_price": ["139"]}, "21122269": {"hotel_name": "\u9752\u5c9b\u84dd\u6735\u6d77\u666f\u5047\u65e5\u516c\u5bd3", "order_time": ["2019-01-15 18:46:48"], "total_order": 1, "hotel_value": ["4.9"], "hotel_price": ["217"]}, "5152698": {"hotel_name": "\u6854\u5b50\u9152\u5e97\u00b7\u7cbe\u9009(\u9752\u5c9b\u6d77\u5c14\u8def\u5e97)", "order_time": ["2019-01-15 18:46:48"], "total_order": 1, "hotel_value": ["4.9"], "hotel_price": ["332"]}, "8901473": {"hotel_name": "\u9752\u5c9b\u5c9b\u4e0a\u65f6\u5149\u7cbe\u54c1\u9152\u5e97", "order_time": ["2019-01-15 18:46:50"], "total_order": 1, "hotel_value": ["4.4"], "hotel_price": ["103"]}, "1381128": {"hotel_name": "\u5c1a\u5ba2\u4f18\u5feb\u6377\u9152\u5e97(\u9752\u5c9b\u5f00\u53d1\u533a\u6b66\u5937\u5c71\u8def\u5e97)", "order_time": ["2019-01-15 18:46:54"], "total_order": 1, "hotel_value": ["4.2"], "hotel_price": ["89"]}, "1644591": {"hotel_name": "\u80f6\u5357\u4e16\u5609\u5546\u52a1\u5bbe\u9986", "order_time": ["2019-01-15 18:47:01"], "total_order": 1, "hotel_value": [0], "hotel_price": ["88"]}, "2163126": {"hotel_name": "\u51ef\u60a6\u963f\u739b\u5c3c\u5546\u52a1\u5bbe\u9986(\u83b1\u897f\u70df\u53f0\u8def\u5e97)", "order_time": ["2019-01-15 18:47:53"], "total_order": 1, "hotel_value": ["4.4"], "hotel_price": ["111"]}, "1103115": {"hotel_name": "\u6c49\u5ead\u9152\u5e97(\u5e73\u5ea6\u9752\u5c9b\u8def\u5e97)", "order_time": ["2019-01-15 18:47:53"], "total_order": 1, "hotel_value": ["4.2"], "hotel_price": ["109"]}, "1573833": {"hotel_name": "\u83b1\u897f\u534e\u5fa1\u5546\u52a1\u9152\u5e97", "order_time": ["2019-01-15 18:47:53"], "total_order": 1, "hotel_value": ["4.7"], "hotel_price": ["78"]}, "6582881": {"hotel_name": "\u6df1\u84dd\u6d77\u4e4b\u604b\u5bb6\u516c\u5bd3(\u9752\u5c9b\u5927\u62c7\u6307\u4f1a\u5c55\u4e2d\u5fc3\u5e97)", "order_time": ["2019-01-15 18:48:58"], "total_order": 1, "hotel_value": ["4.4"], "hotel_price": ["83"]}, "446500": {"hotel_name": "\u7cbe\u9014\u9152\u5e97(\u9752\u5c9b\u56fd\u9645\u4f1a\u5c55\u4e2d\u5fc3\u5e97)(\u539f\u57ce\u5e02\u5bb6\u5546\u52a1\u9152\u5e97\u4f1a\u5c55\u4e2d\u5fc3\u5e97)", "order_time": ["2019-01-15 18:49:01", "2019-01-15 18:51:17"], "total_order": 2, "hotel_value": ["4.3", "4.3"], "hotel_price": ["116", "116"]}, "470369": {"hotel_name": "\u9752\u5c9b\u96cd\u534e\u5ead\u9152\u5e97", "order_time": ["2019-01-15 18:49:02"], "total_order": 1, "hotel_value": ["4.3"], "hotel_price": ["206"]}, "484453": {"hotel_name": "\u9752\u5c9b\u897f\u6d77\u5cb8\u9686\u548c\u798f\u670b\u559c\u6765\u767b\u9152\u5e97(\u539f\u9ec4\u5c9b\u798f\u670b\u559c\u6765\u767b\u9152\u5e97)", "order_time": ["2019-01-15 19:02:06", "2019-01-15 18:49:02"], "total_order": 2, "hotel_value": ["4.5", "4.5"], "hotel_price": ["428", "428"]}, "1397163": {"hotel_name": "\u6e05\u6668\u7cbe\u54c1\u9152\u5e97(\u9752\u5c9b\u674e\u6ca7\u4e07\u8fbe\u5e97)", "order_time": ["2019-01-15 18:49:03"], "total_order": 1, "hotel_value": ["4.5"], "hotel_price": ["98"]}, "1388212": {"hotel_name": "\u9752\u5c9b\u5965\u6d77\u4eba\u5bb6\u5bbe\u9986", "order_time": ["2019-01-15 18:49:38"], "total_order": 1, "hotel_value": ["4.0"], "hotel_price": ["81"]}, "2011487": {"hotel_name": "7\u5929\u8fde\u9501\u9152\u5e97(\u5e73\u5ea6\u9752\u5c9b\u8def\u5e97)", "order_time": ["2019-01-15 18:50:28"], "total_order": 1, "hotel_value": ["4.3"], "hotel_price": ["99"]}, "4328415": {"hotel_name": "\u83b1\u897f\u5929\u58e4\u7cbe\u54c1\u9152\u5e97", "order_time": ["2019-01-15 18:50:34"], "total_order": 1, "hotel_value": ["4.4"], "hotel_price": ["138"]}, "8576083": {"hotel_name": "\u7ef4\u4e5f\u7eb3\u667a\u597d\u9152\u5e97(\u9752\u5c9b\u57ce\u9633\u6d41\u4ead\u673a\u573a\u5e97)", "order_time": ["2019-01-15 18:51:12"], "total_order": 1, "hotel_value": ["4.8"], "hotel_price": ["251"]}, "8576086": {"hotel_name": "\u5c1a\u5ba2\u4f18\u54c1\u9152\u5e97(\u9752\u5c9bLIPPO\u516c\u793e\u77f3\u6cb9\u5927\u5b66\u5e97)(\u539fLIPPO\u516c\u793e\u7cbe\u54c1\u516c\u5bd3)", "order_time": ["2019-01-15 18:51:13"], "total_order": 1, "hotel_value": ["4.8"], "hotel_price": ["105"]}, "1182386": {"hotel_name": "Inhotels&\u76f8\u9685\u7cbe\u5bbf(\u9752\u5c9b\u4e07\u8c61\u57ce\u5e97)", "order_time": ["2019-01-15 18:51:18"], "total_order": 1, "hotel_value": ["4.5"], "hotel_price": ["104"]}, "19846790": {"hotel_name": "\u7b51\u7f8e\u5370\u8c61\u9152\u5e97\u5f0f\u516c\u5bd3(\u9752\u5c9b\u53f0\u4e1c\u6b65\u884c\u8857\u5e97)", "order_time": ["2019-01-15 18:51:24"], "total_order": 1, "hotel_value": ["4.7"], "hotel_price": ["99"]}, "7516194": {"hotel_name": "\u5fc6\u5c0f\u7a9d\u56fd\u9645\u9752\u5e74\u65c5\u820d(\u9752\u5c9b\u5317\u706b\u8f66\u7ad9\u5e97)", "order_time": ["2019-01-15 18:51:25"], "total_order": 1, "hotel_value": ["4.7"], "hotel_price": ["26"]}, "1924270": {"hotel_name": "\u9752\u5c9b\u91d1\u9ec4\u6d77\u5546\u52a1\u5bbe\u9986", "order_time": ["2019-01-15 18:51:28"], "total_order": 1, "hotel_value": [0], "hotel_price": ["69"]}, "1994999": {"hotel_name": "\u80f6\u5dde\u7f8e\u5c14\u5e0c\u987f\u4e3b\u9898\u9152\u5e97", "order_time": ["2019-01-15 18:52:32"], "total_order": 1, "hotel_value": ["3.7"], "hotel_price": ["108"]}, "8358075": {"hotel_name": "\u9752\u5c9b\u65af\u7c73\u5170\u6d77\u666f\u5ea6\u5047\u516c\u5bd3\u4e2d\u8054\u81ea\u7531\u6e2f\u6e7e\u5e97", "order_time": ["2019-01-15 18:53:24"], "total_order": 1, "hotel_value": ["4.7"], "hotel_price": ["68"]}, "6525125": {"hotel_name": "Q\u52a0\u00b7\u60a6\u6f9c\u9152\u5e97\u516c\u5bd3(\u9752\u5c9b\u4e94\u56db\u5e7f\u573a\u4e07\u8c61\u57ce\u5e97)", "order_time": ["2019-01-15 18:55:35", "2019-01-15 19:06:18"], "total_order": 2, "hotel_value": ["4.7", "4.7"], "hotel_price": ["206", "196"]}, "994087": {"hotel_name": "\u5982\u5bb6\u5feb\u6377\u9152\u5e97(\u9752\u5c9b\u4e2d\u5c71\u8def\u5288\u67f4\u9662\u5e97)", "order_time": ["2019-01-15 18:55:41"], "total_order": 1, "hotel_value": ["4.4"], "hotel_price": ["78"]}, "797171": {"hotel_name": "7\u5929\u8fde\u9501\u9152\u5e97(\u9752\u5c9b\u674e\u6751\u5730\u94c1\u7ad9\u4e50\u5ba2\u57ce\u5e97)", "order_time": ["2019-01-15 18:55:41"], "total_order": 1, "hotel_value": ["4.4"], "hotel_price": ["125"]}, "1715946": {"hotel_name": "\u9752\u5c9b\u7ef4\u7eb3\u65af\u54c1\u4f4d\u8fde\u9501\u9152\u5e97", "order_time": ["2019-01-15 18:55:41"], "total_order": 1, "hotel_value": ["4.1"], "hotel_price": ["79"]}, "8148188": {"hotel_name": "\u6b27\u98de\u8fde\u9501\u9152\u5e97(\u9752\u5c9b\u6808\u6865\u706b\u8f66\u7ad9\u9752\u533b\u9644\u9662\u5288\u67f4\u9662\u5e97\uff09", "order_time": ["2019-01-15 18:55:59"], "total_order": 1, "hotel_value": ["3.8"], "hotel_price": ["58"]}, "1696451": {"hotel_name": "\u5c1a\u5ba2\u4f18\u5feb\u6377\u9152\u5e97(\u80f6\u5357\u5317\u4eac\u8def\u5e97)", "order_time": ["2019-01-15 18:56:01"], "total_order": 1, "hotel_value": ["4.1"], "hotel_price": ["84"]}, "1875800": {"hotel_name": "\u5982\u5bb6\u5feb\u6377\u9152\u5e97(\u9752\u5c9b\u4f1a\u5c55\u4e2d\u5fc3\u5927\u62c7\u6307\u5e7f\u573a\u5e97)", "order_time": ["2019-01-15 18:56:05"], "total_order": 1, "hotel_value": ["4.2"], "hotel_price": ["120"]}, "4739036": {"hotel_name": "\u83b1\u897f\u5e02\u6797\u6210\u5546\u52a1\u5bbe\u9986", "order_time": ["2019-01-15 18:56:38"], "total_order": 1, "hotel_value": ["4.8"], "hotel_price": ["40"]}, "6085650": {"hotel_name": "\u5586\u5561\u9152\u5e97(\u9752\u5c9b\u6d41\u4ead\u56fd\u9645\u673a\u573a\u5e97)", "order_time": ["2019-01-15 18:57:45"], "total_order": 1, "hotel_value": ["4.7"], "hotel_price": ["255"]}, "23703630": {"hotel_name": "\u5170\u6b27\u9152\u5e97(\u9752\u5c9b\u7ea2\u5c9b\u9ad8\u94c1\u7ad9\u5e97)", "order_time": ["2019-01-15 18:57:46"], "total_order": 1, "hotel_value": ["4.8"], "hotel_price": ["233"]}, "2301455": {"hotel_name": "\u9526\u6c5f\u4e4b\u661f(\u80f6\u5dde\u5e02\u80f6\u5dde\u4e1c\u8def\u5e97)", "order_time": ["2019-01-15 18:58:43"], "total_order": 1, "hotel_value": ["4.5"], "hotel_price": ["117"]}, "12274463": {"hotel_name": "\u5609\u51ef\u8c6a\u7cbe\u54c1\u9152\u5e97(\u9752\u5c9b\u5317\u5b89\u4ea8\u8fbe\u5e97)", "order_time": ["2019-01-15 18:59:46"], "total_order": 1, "hotel_value": ["4.4"], "hotel_price": ["74"]}, "18515525": {"hotel_name": "\u534a\u5c9b\u56fd\u9645\u9152\u5e97(\u9752\u5c9b\u674e\u6751\u5730\u94c1\u7ad9\u5e97)", "order_time": ["2019-01-15 18:59:46"], "total_order": 1, "hotel_value": ["4.5"], "hotel_price": ["184"]}, "1938134": {"hotel_name": "\u83ab\u6cf0168(\u9752\u5c9b\u674e\u6751\u5730\u94c1\u7ad9\u6b65\u884c\u8857\u5e97)", "order_time": ["2019-01-15 18:59:47"], "total_order": 1, "hotel_value": ["4.5"], "hotel_price": ["109"]}, "22454731": {"hotel_name": "\u9752\u5c9b\u8d1d\u9716\u7cbe\u9009\u9152\u5e97", "order_time": ["2019-01-15 18:59:52"], "total_order": 1, "hotel_value": ["4.9"], "hotel_price": ["116"]}, "2308755": {"hotel_name": "\u9752\u5c9b\u5609\u5bbe\u697c\u65c5\u9986", "order_time": ["2019-01-15 19:00:15"], "total_order": 1, "hotel_value": [0], "hotel_price": ["25"]}, "2263174": {"hotel_name": "\u80f6\u5dde\u57ce\u5e0279\u8fde\u9501\u9152\u5e97", "order_time": ["2019-01-15 19:00:50"], "total_order": 1, "hotel_value": ["4.3"], "hotel_price": ["78"]}, "2305447": {"hotel_name": "\u9526\u6c5f\u4e4b\u661f(\u9752\u5c9b\u91cd\u5e86\u5357\u8def\u9ea6\u5fb7\u9f99\u5e97)", "order_time": ["2019-01-15 19:01:55"], "total_order": 1, "hotel_value": ["4.6"], "hotel_price": ["149"]}, "2304442": {"hotel_name": "7\u5929\u8fde\u9501\u9152\u5e97(\u9752\u5c9b\u6c7d\u8f66\u5317\u7ad9\u5e97)", "order_time": ["2019-01-15 19:01:56"], "total_order": 1, "hotel_value": ["3.9"], "hotel_price": ["109"]}, "995120": {"hotel_name": "\u94f6\u5ea7\u4f73\u9a7f\u9152\u5e97(\u9752\u5c9b\u4e2d\u592e\u5546\u52a1\u533a\u4e07\u8fbe\u5e7f\u573a\u5e97)(\u539f\u5b81\u590f\u8def\u5e97)", "order_time": ["2019-01-15 19:01:58"], "total_order": 1, "hotel_value": ["4.2"], "hotel_price": ["104"]}, "994155": {"hotel_name": "\u5982\u5bb6\u5feb\u6377\u9152\u5e97(\u9752\u5c9b\u91cd\u5e86\u5357\u8def\u4e07\u79d1\u57ce\u5e97)", "order_time": ["2019-01-15 19:01:59"], "total_order": 1, "hotel_value": ["4.6"], "hotel_price": ["119"]}, "8327511": {"hotel_name": "\u9752\u5c9b\u90fd\u5e02118\u7cbe\u9009\u9152\u5e97\u5373\u58a8\u670d\u88c5\u57ce\u5e97", "order_time": ["2019-01-15 19:01:59"], "total_order": 1, "hotel_value": ["4.6"], "hotel_price": ["111"]}, "2313517": {"hotel_name": "\u6c49\u5ead\u9152\u5e97\uff08\u9752\u5c9b\u4f1a\u5c55\u4e2d\u5fc3\u5730\u94c1\u7ad9\u5e97\uff09", "order_time": ["2019-01-15 19:01:59"], "total_order": 1, "hotel_value": ["4.2"], "hotel_price": ["161"]}, "1692406": {"hotel_name": "\u9752\u5c9b\u6c11\u8054\u51ef\u65cb\u9152\u5e97", "order_time": ["2019-01-15 19:01:59"], "total_order": 1, "hotel_value": ["4.5"], "hotel_price": ["283"]}, "16021419": {"hotel_name": "\u9752\u5c9b\u606c\u99a8\u8c37\u5ea6\u5047\u9152\u5e97\u516c\u5bd3", "order_time": ["2019-01-15 19:02:06"], "total_order": 1, "hotel_value": ["4.6"], "hotel_price": ["80"]}, "4688215": {"hotel_name": "\u5e03\u4e01\u9152\u5e97(\u9752\u5c9b\u4e2d\u5c71\u8def\u5e97)", "order_time": ["2019-01-15 19:02:21"], "total_order": 1, "hotel_value": ["4.4"], "hotel_price": ["59"]}, "659645": {"hotel_name": "\u9752\u5c9b\u5373\u58a8\u534e\u73ba\u5927\u9152\u5e97", "order_time": ["2019-01-15 19:04:09"], "total_order": 1, "hotel_value": ["4.7"], "hotel_price": ["426"]}, "1734423": {"hotel_name": "\u9752\u5c9b\u84dd\u516c\u9986\u9152\u5e97(\u539f\u6d77\u84dd\u9152\u5e97)", "order_time": ["2019-01-15 19:04:15"], "total_order": 1, "hotel_value": ["4.4"], "hotel_price": ["108"]}, "2018605": {"hotel_name": "\u591a\u7ef4\u7cbe\u54c1\u9152\u5e97(\u9752\u5c9b\u53f0\u4e1c\u5229\u7fa4\u5e97)", "order_time": ["2019-01-15 19:04:15"], "total_order": 1, "hotel_value": ["4.1"], "hotel_price": ["83"]}, "1420909": {"hotel_name": "\u5c1a\u5ba2\u4f18\u5feb\u6377\u9152\u5e97(\u9752\u5c9b\u5929\u4e00\u4ec1\u548c\u7ee3\u6210\u8def\u5e97)", "order_time": ["2019-01-15 19:04:19"], "total_order": 1, "hotel_value": ["4.3"], "hotel_price": ["103"]}, "17097984": {"hotel_name": "\u9752\u5c9b\u665f\u8a89\u9152\u5e97", "order_time": ["2019-01-15 19:04:23"], "total_order": 1, "hotel_value": ["4.6"], "hotel_price": ["134"]}, "5247052": {"hotel_name": "\u5c1a\u5ba2\u4f18\u5feb\u6377\u9152\u5e97(\u9752\u5c9b\u80f6\u5357\u8302\u9686\u5c71\u8def\u5e97)", "order_time": ["2019-01-15 19:04:26"], "total_order": 1, "hotel_value": ["4.7"], "hotel_price": ["92"]}, "7369044": {"hotel_name": "\u9752\u5c9b\u767e\u8bfa\u6d77\u6d0b\u516c\u5bd3", "order_time": ["2019-01-15 19:04:30"], "total_order": 1, "hotel_value": ["4.7"], "hotel_price": ["84"]}, "4338333": {"hotel_name": "\u9752\u5c9b\u53cc\u534e\u65c5\u9986", "order_time": ["2019-01-15 19:04:34"], "total_order": 1, "hotel_value": [0], "hotel_price": ["35"]}, "1999044": {"hotel_name": "\u5c1a\u5ba2\u4f18\u5feb\u6377\u9152\u5e97(\u80f6\u5dde\u6fb3\u95e8\u8def\u5e97)", "order_time": ["2019-01-15 19:05:09"], "total_order": 1, "hotel_value": ["4.0"], "hotel_price": ["113"]}, "669773": {"hotel_name": "\u5b9c\u5fc5\u601d\u9152\u5e97(\u9752\u5c9b\u5b81\u590f\u8def\u5730\u94c1\u7ad9\u5e97)(\u539f\u5b81\u590f\u8def\u5e97)", "order_time": ["2019-01-15 19:06:19"], "total_order": 1, "hotel_value": ["4.5"], "hotel_price": ["170"]}, "1318891": {"hotel_name": "\u6c49\u5ead\u9152\u5e97(\u5373\u58a8\u670d\u88c5\u57ce\u5e97)", "order_time": ["2019-01-15 19:06:25"], "total_order": 1, "hotel_value": ["4.6"], "hotel_price": ["142"]}, "2313451": {"hotel_name": "\u6c49\u5ead\u9152\u5e97(\u9752\u5c9b\u4e07\u8c61\u57ce\u5e97)", "order_time": ["2019-01-15 19:06:25"], "total_order": 1, "hotel_value": ["4.5"], "hotel_price": ["151"]}}}