{"\u5f00\u59cb\u8bb0\u5f55\u65f6\u95f4": "2019-01-25 17:10:06", "\u7ed3\u675f\u8bb0\u5f55\u65f6\u95f4": "2019-01-25 18:21:51", "\u8ba2\u5355\u603b\u589e\u91cf": 323, "item": {"456949": {"hotel_name": "\u9752\u5c9b\u9ec4\u6d77\u996d\u5e97", "order_time": ["2019-01-25 17:42:56", "2019-01-25 17:13:15"], "total_order": 2, "hotel_value": ["4.8", "4.8"], "hotel_price": ["358", "358"]}, "1700586": {"hotel_name": "\u901f8\u9152\u5e97(\u9752\u5c9b\u80f6\u5357\u65b0\u6c7d\u8f66\u7ad9\u5e97)", "order_time": ["2019-01-25 17:13:16"], "total_order": 1, "hotel_value": ["4.6"], "hotel_price": ["84"]}, "19869842": {"hotel_name": "\u534e\u9a7f\u9152\u5e97(\u9752\u5c9b\u79d1\u6280\u5927\u5b66\u5468\u53e3\u8def\u5e97)", "order_time": ["2019-01-25 17:13:16"], "total_order": 1, "hotel_value": ["4.7"], "hotel_price": ["98"]}, "12252847": {"hotel_name": "\u9752\u5c9b\u9890\u84dd\u5fc3\u820d\u9152\u5e97", "order_time": ["2019-01-25 17:13:18"], "total_order": 1, "hotel_value": ["4.6"], "hotel_price": ["169"]}, "8575772": {"hotel_name": "\u9752\u5c9b\u51ef\u83b1\u667a\u6167\u9152\u5e97", "order_time": ["2019-01-25 17:13:20"], "total_order": 1, "hotel_value": ["4.6"], "hotel_price": ["187"]}, "6074225": {"hotel_name": "\u84dd\u6d77\u00b7\u9890\u6d77\u82b1\u56ed\u9152\u5e97(\u9752\u5c9b\u5e02\u5357\u5e97)", "order_time": ["2019-01-25 17:13:22"], "total_order": 1, "hotel_value": ["4.7"], "hotel_price": ["388"]}, "8921509": {"hotel_name": "\u5de6\u90bb\u53f3\u820d\u9152\u5e97\u5f0f\u516c\u5bd3(\u9752\u5c9b\u5510\u5c9b\u6e7e\u6d77\u4e0a\u5609\u5e74\u534e\u77f3\u6cb9\u5927\u5b66\u5e97)", "order_time": ["2019-01-25 17:13:24"], "total_order": 1, "hotel_value": ["4.5"], "hotel_price": ["73"]}, "2082416": {"hotel_name": "7\u5929\u8fde\u9501\u9152\u5e97(\u9752\u5c9b\u6d41\u4ead\u673a\u573a\u5e97)", "order_time": ["2019-01-25 17:13:25"], "total_order": 1, "hotel_value": ["4.1"], "hotel_price": ["99"]}, "1379314": {"hotel_name": "\u90fd\u5e02118\u8fde\u9501\u9152\u5e97(\u9752\u5c9b\u6d41\u4ead\u5e97)", "order_time": ["2019-01-25 17:13:26"], "total_order": 1, "hotel_value": ["4.2"], "hotel_price": ["104"]}, "2084467": {"hotel_name": "\u9752\u5c9b678\u673a\u573a\u516c\u5bd3\u9152\u5e97(\u7533\u6e2f\u82b1\u56ed\u5e97)", "order_time": ["2019-01-25 17:13:27"], "total_order": 1, "hotel_value": ["4.6"], "hotel_price": ["125"]}, "1979422": {"hotel_name": "\u9752\u5c9b\u4f18\u5c1a\u5feb\u6377\u9152\u5e97", "order_time": ["2019-01-25 17:13:28"], "total_order": 1, "hotel_value": ["4.0"], "hotel_price": ["83"]}, "2307012": {"hotel_name": "7\u5929\u8fde\u9501\u9152\u5e97(\u9752\u5c9b\u6d41\u4ead\u673a\u573a\u4e8c\u5e97)", "order_time": ["2019-01-25 17:13:29"], "total_order": 1, "hotel_value": ["4.0"], "hotel_price": ["96"]}, "2301851": {"hotel_name": "7\u5929\u8fde\u9501\u9152\u5e97(\u9752\u5c9b\u9547\u5b81\u7acb\u4ea4\u6865\u5e97)", "order_time": ["2019-01-25 17:13:32"], "total_order": 1, "hotel_value": ["3.9"], "hotel_price": ["70"]}, "25270439": {"hotel_name": "\u9752\u5c9b\u673a\u573a\u4e16\u7eaa\u516c\u56ed\u4e9a\u6735\u9152\u5e97", "order_time": ["2019-01-25 17:14:37"], "total_order": 1, "hotel_value": ["4.9"], "hotel_price": ["335"]}, "2785519": {"hotel_name": "\u83b1\u897f\u897f\u519c\u5546\u52a1\u9152\u5e97", "order_time": ["2019-01-25 17:14:39"], "total_order": 1, "hotel_value": ["4.4"], "hotel_price": ["71"]}, "6825957": {"hotel_name": "\u9752\u5c9b\u7ef4\u591a\u5229\u4e9a\u54c1\u5982\u5bb6\u56ed\u9152\u5e97\u5f0f\u516c\u5bd3", "order_time": ["2019-01-25 17:47:33", "2019-01-25 17:15:44"], "total_order": 2, "hotel_value": ["4.5", "4.5"], "hotel_price": ["97", "97"]}, "803464": {"hotel_name": "\u9752\u5c9b\u8fbe\u7fc1\u4e5d\u9f99\u6cc9\u5927\u9152\u5e97(\u8de8\u6d77\u5927\u6865\u674e\u6ca7\u5e97)", "order_time": ["2019-01-25 17:15:46"], "total_order": 1, "hotel_value": ["4.5"], "hotel_price": ["94"]}, "6000795": {"hotel_name": "\u6b27\u98de\u8fde\u9501\u9152\u5e97(\u9752\u5c9b\u674e\u6751\u6b65\u884c\u8857\u5965\u514b\u65af\u5e7f\u573a\u5e97)", "order_time": ["2019-01-25 17:15:46"], "total_order": 1, "hotel_value": ["4.2"], "hotel_price": ["80"]}, "18034506": {"hotel_name": "\u6c49\u5510\u9152\u5e97(\u9752\u5c9b\u6d41\u4ead\u673a\u573a\u5e97)", "order_time": ["2019-01-25 17:34:25", "2019-01-25 17:15:47"], "total_order": 2, "hotel_value": ["4.8", "4.8"], "hotel_price": ["217", "216"]}, "6273850": {"hotel_name": "\u7eff\u5cf0\u96c5\u9601\u5ea6\u5047\u516c\u5bd3(\u9752\u5c9b\u4e94\u56db\u5e7f\u573a\u4e07\u8c61\u57ce\u5e97)", "order_time": ["2019-01-25 17:15:47"], "total_order": 1, "hotel_value": ["4.8"], "hotel_price": ["236"]}, "438764": {"hotel_name": "\u9752\u5c9b\u56fd\u4fe1\u6d77\u5929\u5927\u5267\u9662\u9152\u5e97", "order_time": ["2019-01-25 17:15:48"], "total_order": 1, "hotel_value": ["4.7"], "hotel_price": ["268"]}, "1196411": {"hotel_name": "\u90fd\u5e02\u5bb6\u5ea6\u5047\u516c\u5bd3(\u9752\u5c9b\u77f3\u8001\u4eba\u6d77\u6c34\u6d74\u573a\u5e97)", "order_time": ["2019-01-25 17:15:48"], "total_order": 1, "hotel_value": ["4.5"], "hotel_price": ["111"]}, "2166570": {"hotel_name": "\u9752\u5c9b\u7f57\u66fc\u5ba2\u7cbe\u54c1\u4e3b\u9898\u9152\u5e97", "order_time": ["2019-01-25 17:54:54", "2019-01-25 17:15:50", "2019-01-25 17:23:13"], "total_order": 3, "hotel_value": ["4.1", "4.1", "4.1"], "hotel_price": ["91", "91", "91"]}, "16900468": {"hotel_name": "\u9752\u5c9b\u4e1c\u65b9\u5f71\u90fd\u878d\u521b\u4e07\u8fbe\u6587\u534e\u9152\u5e97", "order_time": ["2019-01-25 17:15:51"], "total_order": 1, "hotel_value": ["4.6"], "hotel_price": ["588"]}, "791367": {"hotel_name": "\u9752\u5c9b\u8bc1\u5927\u559c\u739b\u62c9\u96c5\u9152\u5e97", "order_time": ["2019-01-25 17:15:51"], "total_order": 1, "hotel_value": ["4.6"], "hotel_price": ["458"]}, "669110": {"hotel_name": "\u9752\u5c9b\u5e7f\u4e1a\u9526\u6c5f\u5927\u9152\u5e97", "order_time": ["2019-01-25 17:15:51"], "total_order": 1, "hotel_value": ["4.6"], "hotel_price": ["384"]}, "1070435": {"hotel_name": "\u5982\u5bb6\u5feb\u6377\u9152\u5e97(\u9752\u5c9b\u6808\u6865\u706b\u8f66\u7ad9\u4e1c\u5e7f\u573a\u5e97)", "order_time": ["2019-01-25 17:32:53", "2019-01-25 17:15:55"], "total_order": 2, "hotel_value": ["4.5", "4.5"], "hotel_price": ["92", "92"]}, "2140433": {"hotel_name": "\u683c\u6797\u8054\u76df\u9152\u5e97(\u9752\u5c9b\u4e50\u5ba2\u57ce\u674e\u6751\u5730\u94c1\u7ad9\u5e97)", "order_time": ["2019-01-25 17:57:13", "2019-01-25 17:15:58"], "total_order": 2, "hotel_value": ["4.4", "4.4"], "hotel_price": ["97", "97"]}, "2582773": {"hotel_name": "\u6c49\u5ead\u9152\u5e97(\u9752\u5c9b\u706b\u8f66\u7ad9\u4e1c\u5e7f\u573a\u5e97)", "order_time": ["2019-01-25 17:55:15", "2019-01-25 17:16:03"], "total_order": 2, "hotel_value": ["4.4", "4.4"], "hotel_price": ["123", "123"]}, "16203907": {"hotel_name": "\u67ab\u53f6\u9152\u5e97\u5f0f\u516c\u5bd3(\u9752\u5c9b\u77f3\u6cb9\u5927\u5b66\u543e\u60a6\u5e7f\u573a\u5e97)", "order_time": ["2019-01-25 17:16:04"], "total_order": 1, "hotel_value": ["4.8"], "hotel_price": ["79"]}, "458561": {"hotel_name": "\u6c49\u5ead\u9152\u5e97(\u9752\u5c9b\u53f0\u4e1c\u4e07\u8fbe\u5e97)", "order_time": ["2019-01-25 17:16:04"], "total_order": 1, "hotel_value": ["4.7"], "hotel_price": ["151"]}, "1875800": {"hotel_name": "\u5982\u5bb6\u5feb\u6377\u9152\u5e97(\u9752\u5c9b\u4f1a\u5c55\u4e2d\u5fc3\u5927\u62c7\u6307\u5e7f\u573a\u5e97)", "order_time": ["2019-01-25 17:16:18"], "total_order": 1, "hotel_value": ["4.2"], "hotel_price": ["120"]}, "2263174": {"hotel_name": "\u80f6\u5dde\u57ce\u5e0279\u8fde\u9501\u9152\u5e97", "order_time": ["2019-01-25 17:51:30", "2019-01-25 17:16:50"], "total_order": 2, "hotel_value": ["4.3", "4.3"], "hotel_price": ["78", "73"]}, "1600050": {"hotel_name": "\u5c1a\u5ba2\u4f18\u5feb\u6377\u9152\u5e97(\u80f6\u5dde\u82cf\u5dde\u8def\u4e2d\u5fc3\u5e97)", "order_time": ["2019-01-25 17:16:50"], "total_order": 1, "hotel_value": ["4.4"], "hotel_price": ["84"]}, "17263343": {"hotel_name": "\u6162\u5c45\u542c\u6d77\u7cbe\u54c1\u9152\u5e97(\u9752\u5c9b\u543e\u60a6\u5e7f\u573a\u5e97)", "order_time": ["2019-01-25 17:18:10"], "total_order": 1, "hotel_value": ["4.8"], "hotel_price": ["98"]}, "21826038": {"hotel_name": "\u9752\u5c9b\u6c49\u5353\u9152\u5e97", "order_time": ["2019-01-25 17:18:12"], "total_order": 1, "hotel_value": ["4.7"], "hotel_price": ["424"]}, "1048386": {"hotel_name": "\u6854\u5b50\u9152\u5e97\u00b7\u7cbe\u9009(\u9752\u5c9b\u5965\u5e06\u4e2d\u5fc3\u5e97)(\u539f\u4e94\u56db\u5e7f\u573a\u5e97)", "order_time": ["2019-01-25 17:18:12", "2019-01-25 18:06:03"], "total_order": 2, "hotel_value": ["4.8", "4.8"], "hotel_price": ["273", "273"]}, "1344334": {"hotel_name": "\u9752\u5c9b\u9f99\u6e2f\u6e7e\u4e3b\u9898\u5bbe\u9986", "order_time": ["2019-01-25 17:18:16"], "total_order": 1, "hotel_value": ["4.1"], "hotel_price": ["75"]}, "21803017": {"hotel_name": "\u9752\u5c9b\u5d02\u5c71\u4e66\u9662\u9152\u5e97", "order_time": ["2019-01-25 17:18:19"], "total_order": 1, "hotel_value": ["4.8"], "hotel_price": ["397"]}, "3268419": {"hotel_name": "\u57df\u9152\u5e97(\u9752\u5c9b\u519c\u4e1a\u5927\u5b66\u5e97)", "order_time": ["2019-01-25 17:18:20"], "total_order": 1, "hotel_value": ["4.6"], "hotel_price": ["252"]}, "1706760": {"hotel_name": "\u9752\u5c9b\u5929\u6210\u5bbe\u9986", "order_time": ["2019-01-25 17:18:46"], "total_order": 1, "hotel_value": ["4.1"], "hotel_price": ["19"]}, "2083026": {"hotel_name": "\u591a\u7ef4\u7cbe\u54c1\u9152\u5e97(\u5e73\u5ea6\u5e97)", "order_time": ["2019-01-25 17:19:16"], "total_order": 1, "hotel_value": ["4.1"], "hotel_price": ["118"]}, "21330990": {"hotel_name": "\u6cca\u5c45\u7cbe\u6808(\u9752\u5c9b\u9999\u6e2f\u4e2d\u8def\u4e94\u56db\u5e7f\u573a\u5e97)", "order_time": ["2019-01-25 17:20:34"], "total_order": 1, "hotel_value": ["4.3"], "hotel_price": ["267"]}, "1371788": {"hotel_name": "\u6854\u5b50\u00b7\u6c34\u6676\u9152\u5e97(\u9752\u5c9b\u4e94\u56db\u5e7f\u573a\u6d77\u666f\u5e97)", "order_time": ["2019-01-25 17:56:59", "2019-01-25 17:20:35"], "total_order": 2, "hotel_value": ["4.7", "4.7"], "hotel_price": ["284", "351"]}, "1664209": {"hotel_name": "\u9752\u5c9b\u5929\u745e\u661f\u7a7a\u9152\u5e97", "order_time": ["2019-01-25 17:20:36"], "total_order": 1, "hotel_value": ["4.6"], "hotel_price": ["422"]}, "8426688": {"hotel_name": "\u5982\u5bb6\u7cbe\u9009\u9152\u5e97(\u9752\u5c9b\u706b\u8f66\u7ad9\u6808\u6865\u5e97)", "order_time": ["2019-01-25 17:27:47", "2019-01-25 17:20:37"], "total_order": 2, "hotel_value": ["4.6", "4.6"], "hotel_price": ["157", "157"]}, "4719799": {"hotel_name": "\u9752\u5c9b\u5965\u5e06\u4e94\u56db\u5e7f\u573a\u4e9a\u6735\u9152\u5e97(\u539f\u5965\u5e06\u4e2d\u5fc3\u5e97)", "order_time": ["2019-01-25 17:24:11", "2019-01-25 17:20:37"], "total_order": 2, "hotel_value": ["4.8", "4.8"], "hotel_price": ["298", "298"]}, "8182955": {"hotel_name": "\u6cca\u4e91\u5c1a\u9009\u5ead\u9662\u9152\u5e97(\u9752\u5c9b\u897f\u6d77\u5cb8\u4e1c\u65b9\u5f71\u90fd\u4e07\u8fbe\u8302\u5e97)", "order_time": ["2019-01-25 17:20:38", "2019-01-25 17:37:45"], "total_order": 2, "hotel_value": ["4.9", "4.9"], "hotel_price": ["258", "258"]}, "2301079": {"hotel_name": "\u7231\u5c0a\u5ba2\u9152\u5e97(\u9752\u5c9b\u516b\u5927\u5173\u5e97)", "order_time": ["2019-01-25 17:20:40"], "total_order": 1, "hotel_value": ["4.6"], "hotel_price": ["104"]}, "438653": {"hotel_name": "\u9752\u5c9b\u6d77\u5929e\u5bb6\u5546\u52a1\u9152\u5e97", "order_time": ["2019-01-25 17:20:40"], "total_order": 1, "hotel_value": ["4.2"], "hotel_price": ["85"]}, "1064761": {"hotel_name": "\u9752\u5c9b\u8fdc\u5c71\u5047\u65e5\u9152\u5e97(\u539f\u591a\u7ef4\u4f60\u7684\u9152\u5e97)", "order_time": ["2019-01-25 17:20:43"], "total_order": 1, "hotel_value": ["4.6"], "hotel_price": ["79"]}, "1691841": {"hotel_name": "\u91d1\u5c71\u57ce\u5927\u9152\u5e97(\u9752\u5c9b\u5927\u6c99\u8def\u5e97)", "order_time": ["2019-01-25 17:20:46"], "total_order": 1, "hotel_value": ["4.1"], "hotel_price": ["84"]}, "8670998": {"hotel_name": "\u9752\u5c9b\u767e\u8109\u660e\u73e0\u82b1\u56ed\u9152\u5e97", "order_time": ["2019-01-25 17:20:59"], "total_order": 1, "hotel_value": ["4.5"], "hotel_price": ["88"]}, "6005871": {"hotel_name": "\u9752\u5c9b\u4e1c\u5cb8\u9038\u5bb6\u4f4f\u5bbf", "order_time": ["2019-01-25 17:21:22"], "total_order": 1, "hotel_value": ["4.8"], "hotel_price": ["116"]}, "3689724": {"hotel_name": "\u6c49\u5ead\u9152\u5e97(\u83b1\u897f\u4eba\u6c11\u5e7f\u573a\u5e97)(\u539f\u5e02\u653f\u5e9c\u5e97)", "order_time": ["2019-01-25 17:22:07", "2019-01-25 17:57:52"], "total_order": 2, "hotel_value": ["4.6", "4.6"], "hotel_price": ["142", "142"]}, "4328415": {"hotel_name": "\u83b1\u897f\u5929\u58e4\u7cbe\u54c1\u9152\u5e97", "order_time": ["2019-01-25 17:22:07", "2019-01-25 17:46:07"], "total_order": 2, "hotel_value": ["4.4", "4.4"], "hotel_price": ["138", "178"]}, "2378712": {"hotel_name": "\u9752\u5c9b\u6d77\u6cf0\u4e07\u4e30\u56fd\u9645\u9152\u5e97", "order_time": ["2019-01-25 17:23:07"], "total_order": 1, "hotel_value": ["4.4"], "hotel_price": ["174"]}, "13740994": {"hotel_name": "\u9752\u5c9b\u90fd\u5e02118\u7cbe\u9009\u9152\u5e97\u6625\u9633\u8def\u5e97", "order_time": ["2019-01-25 17:23:07"], "total_order": 1, "hotel_value": ["4.6"], "hotel_price": ["98"]}, "427991": {"hotel_name": "\u5982\u5bb6\u5feb\u6377\u9152\u5e97(\u9752\u5c9b\u53f0\u4e1c\u5546\u4e1a\u533a\u5229\u6d25\u8def\u5e97)", "order_time": ["2019-01-25 17:23:09"], "total_order": 1, "hotel_value": ["4.4"], "hotel_price": ["86"]}, "5795844": {"hotel_name": "\u9752\u5c9b\u56db\u65b9\u5927\u9152\u5e97\u8d35\u5bbe\u697c", "order_time": ["2019-01-25 17:47:37", "2019-01-25 17:23:09", "2019-01-25 17:40:22"], "total_order": 3, "hotel_value": ["4.3", "4.3", "4.3"], "hotel_price": ["102", "102", "102"]}, "7859115": {"hotel_name": "\u66e6\u9014\u00b7\u672a\u6765\u667a\u80fd\u5ea6\u5047\u516c\u5bd3(\u9752\u5c9b\u5965\u5e06\u4e94\u56db\u5e7f\u573a\u4e07\u8c61\u57ce\u5e97)", "order_time": ["2019-01-25 18:01:24", "2019-01-25 17:23:09"], "total_order": 2, "hotel_value": ["4.8", "4.8"], "hotel_price": ["220", "220"]}, "2239071": {"hotel_name": "\u5373\u58a8\u7687\u671d\u5bbe\u9986", "order_time": ["2019-01-25 17:23:11"], "total_order": 1, "hotel_value": ["4.5"], "hotel_price": ["105"]}, "5527970": {"hotel_name": "\u9752\u5c9b\u65af\u7ef4\u767b\u5ea6\u5047\u516c\u5bd3(\u57ce\u9633\u673a\u573a\u5e97)", "order_time": ["2019-01-25 17:23:17"], "total_order": 1, "hotel_value": ["4.7"], "hotel_price": ["119"]}, "6284231": {"hotel_name": "\u9752\u5c9b\u745e\u5947\u6d77\u666f\u5ea6\u5047\u516c\u5bd3\u4e2d\u8054\u81ea\u7531\u6e2f\u6e7e\u5e97", "order_time": ["2019-01-25 17:23:18"], "total_order": 1, "hotel_value": ["4.7"], "hotel_price": ["89"]}, "2639907": {"hotel_name": "\u80f6\u5dde\u5317\u4eac\u5c45\u5bb6\u98ce\u5c1a\u9152\u5e97", "order_time": ["2019-01-25 17:24:12"], "total_order": 1, "hotel_value": ["4.6"], "hotel_price": ["78"]}, "5781820": {"hotel_name": "\u9752\u5c9bAdour\u6735\u6d77\u666f\u9152\u5e97", "order_time": ["2019-01-25 17:25:27"], "total_order": 1, "hotel_value": ["4.4"], "hotel_price": ["162"]}, "430840": {"hotel_name": "\u9752\u5c9b\u4e3d\u6676\u5927\u9152\u5e97", "order_time": ["2019-01-25 17:25:29"], "total_order": 1, "hotel_value": ["4.5"], "hotel_price": ["500"]}, "10186829": {"hotel_name": "\u9526\u6c5f\u90fd\u57ce(\u9752\u5c9b\u65b0\u90fd\u5fc3\u5e97)", "order_time": ["2019-01-25 18:15:27", "2019-01-25 17:25:30"], "total_order": 2, "hotel_value": ["4.6", "4.6"], "hotel_price": ["295", "265"]}, "6107278": {"hotel_name": "\u5c1a\u5ba2\u4f18\u7cbe\u9009\u9152\u5e97(\u9752\u5c9b\u5373\u58a8\u5f00\u53d1\u533a\u65b0\u653f\u5e9c\u5e97)(\u539f\u8fbd\u6cb3\u4e00\u8def\u5e97)", "order_time": ["2019-01-25 17:25:32"], "total_order": 1, "hotel_value": ["4.0"], "hotel_price": ["93"]}, "659645": {"hotel_name": "\u9752\u5c9b\u5373\u58a8\u534e\u73ba\u5927\u9152\u5e97", "order_time": ["2019-01-25 17:25:32"], "total_order": 1, "hotel_value": ["4.7"], "hotel_price": ["479"]}, "1568373": {"hotel_name": "\u9752\u5c9b\u94c2\u91d1\u4e3b\u9898\u9152\u5e97(\u674e\u6751\u6b65\u884c\u8857\u5e97)", "order_time": ["2019-01-25 17:25:36"], "total_order": 1, "hotel_value": ["3.7"], "hotel_price": ["66"]}, "2300090": {"hotel_name": "\u5c1a\u5ba2\u4f18\u5feb\u6377\u9152\u5e97(\u9752\u5c9b\u5609\u9675\u6c5f\u897f\u8def\u5e97)", "order_time": ["2019-01-25 17:25:36"], "total_order": 1, "hotel_value": ["4.3"], "hotel_price": ["74"]}, "1640595": {"hotel_name": "\u9752\u5c9b\u4e0a\u6797\u6fe0\u666f\u4e3b\u9898\u9152\u5e97", "order_time": ["2019-01-25 17:25:38"], "total_order": 1, "hotel_value": ["4.3"], "hotel_price": ["71"]}, "5895533": {"hotel_name": "\u5373\u58a8\u7231\u5ba2100\u8fde\u9501\u5bbe\u9986\u670d\u88c5\u57ce\u5e97", "order_time": ["2019-01-25 17:25:39"], "total_order": 1, "hotel_value": ["4.5"], "hotel_price": ["78"]}, "1508721": {"hotel_name": "\u5373\u58a8\u6885\u5b50\u65c5\u9986", "order_time": ["2019-01-25 17:25:56"], "total_order": 1, "hotel_value": [0], "hotel_price": ["46"]}, "1287683": {"hotel_name": "\u90fd\u5e02118(\u80f6\u5dde\u5e02\u4e2d\u5fc3\u5927\u6da6\u53d1\u5e97)", "order_time": ["2019-01-25 17:26:26"], "total_order": 1, "hotel_value": ["4.3"], "hotel_price": ["64"]}, "1374631": {"hotel_name": "\u83ab\u6cf0168(\u9752\u5c9b\u5f00\u53d1\u533a\u9999\u6c5f\u8def\u5546\u4e1a\u8857\u5e97)", "order_time": ["2019-01-25 17:27:46"], "total_order": 1, "hotel_value": ["4.5"], "hotel_price": ["109"]}, "994153": {"hotel_name": "\u5982\u5bb6\u5feb\u6377\u9152\u5e97(\u9752\u5c9b\u706b\u8f66\u5317\u7ad9\u5e97)", "order_time": ["2019-01-25 17:27:47"], "total_order": 1, "hotel_value": ["4.3"], "hotel_price": ["163"]}, "428001": {"hotel_name": "\u5982\u5bb6\u5feb\u6377\u9152\u5e97(\u9752\u5c9b\u57ce\u9633\u6625\u9633\u8def\u519c\u4e1a\u5927\u5b66\u5e97)", "order_time": ["2019-01-25 17:27:49"], "total_order": 1, "hotel_value": ["4.6"], "hotel_price": ["118"]}, "1503676": {"hotel_name": "\u5982\u5bb6\u5feb\u6377\u9152\u5e97(\u9752\u5c9b\u5f00\u53d1\u533a\u5d07\u660e\u5c9b\u897f\u8def\u9ec4\u5c9b\u8f6e\u6e21\u7801\u5934\u5e97)", "order_time": ["2019-01-25 17:27:56"], "total_order": 1, "hotel_value": ["4.6"], "hotel_price": ["128"]}, "1420909": {"hotel_name": "\u5c1a\u5ba2\u4f18\u5feb\u6377\u9152\u5e97(\u9752\u5c9b\u5929\u4e00\u4ec1\u548c\u7ee3\u6210\u8def\u5e97)", "order_time": ["2019-01-25 17:27:58"], "total_order": 1, "hotel_value": ["4.3"], "hotel_price": ["103"]}, "536113": {"hotel_name": "\u9752\u5c9b\u5f00\u5143\u540d\u90fd\u5927\u9152\u5e97", "order_time": ["2019-01-25 17:28:15"], "total_order": 1, "hotel_value": ["4.7"], "hotel_price": ["386"]}, "21678840": {"hotel_name": "\u51ef\u66fc\u516c\u5bd3(\u9752\u5c9b\u6b63\u9633\u4e2d\u8def\u5e97)", "order_time": ["2019-01-25 17:30:11"], "total_order": 1, "hotel_value": ["4.6"], "hotel_price": ["103"]}, "25679475": {"hotel_name": "\u9752\u5c9b\u56db\u5b63\u4e07\u4f73\u9152\u5e97\u516c\u5bd3", "order_time": ["2019-01-25 17:30:12"], "total_order": 1, "hotel_value": ["4.8"], "hotel_price": ["206"]}, "6107287": {"hotel_name": "\u91cc\u9662\u5bbe\u820d(\u9752\u5c9b\u706b\u8f66\u7ad9\u603b\u5e97)", "order_time": ["2019-01-25 17:30:13"], "total_order": 1, "hotel_value": ["4.6"], "hotel_price": ["75"]}, "28642661": {"hotel_name": "\u9752\u5c9b\u84dd\u8272\u4e4b\u661f\u6d77\u666f\u516c\u5bd3", "order_time": ["2019-01-25 18:13:21", "2019-01-25 17:30:20"], "total_order": 2, "hotel_value": ["5.0", "5.0"], "hotel_price": ["123", "134"]}, "2306427": {"hotel_name": "\u7231\u822a\u9152\u5e97\u8054\u76df(\u9752\u5c9b\u6c7d\u8f66\u5317\u7ad9\u5e97)", "order_time": ["2019-01-25 17:30:20"], "total_order": 1, "hotel_value": ["4.1"], "hotel_price": ["69"]}, "6298050": {"hotel_name": "\u9752\u5c9b\u7ef4\u591a\u5229\u4e9a\u6808\u6865\u6e7e\u6d77\u666f\u516c\u5bd3", "order_time": ["2019-01-25 17:30:21"], "total_order": 1, "hotel_value": ["4.4"], "hotel_price": ["164"]}, "772111": {"hotel_name": "\u9752\u5c9b\u5a01\u65af\u6c40\u9152\u5e97", "order_time": ["2019-01-25 17:31:51", "2019-01-25 17:39:08", "2019-01-25 17:41:10"], "total_order": 3, "hotel_value": ["4.6", "4.6", "4.6"], "hotel_price": ["595", "595", "595"]}, "791924": {"hotel_name": "\u94f6\u5ea7\u4f73\u9a7f\u9152\u5e97(\u5e73\u5ea6\u5929\u6d25\u8def\u5e97)(\u539f\u8679\u5586\u5546\u52a1\u5bbe\u9986)", "order_time": ["2019-01-25 17:31:51"], "total_order": 1, "hotel_value": ["4.5"], "hotel_price": ["105"]}, "2302238": {"hotel_name": "\u5c1a\u5ba2\u4f18\u5feb\u6377\u9152\u5e97(\u9752\u5c9b\u859b\u5bb6\u5c9b\u91d1\u6c99\u6ee9\u5e97)", "order_time": ["2019-01-25 17:32:49"], "total_order": 1, "hotel_value": ["4.5"], "hotel_price": ["81"]}, "436076": {"hotel_name": "\u9752\u5c9b\u6c47\u6cc9\u738b\u671d\u5927\u996d\u5e97", "order_time": ["2019-01-25 17:32:50"], "total_order": 1, "hotel_value": ["4.4"], "hotel_price": ["450"]}, "1644328": {"hotel_name": "\u9752\u5c9b\u4e07\u79d1\u57ce\u56fd\u9645\u516c\u5bd3", "order_time": ["2019-01-25 17:32:51"], "total_order": 1, "hotel_value": ["4.2"], "hotel_price": ["180"]}, "1886434": {"hotel_name": "\u7231\u820d\u7a7a\u95f4\u4e3b\u9898\u6982\u5ff5\u9152\u5e97(\u9752\u5c9b\u5965\u5e06\u4e2d\u5fc3\u738b\u5b50\u98ce\u5c1a\u5e97)", "order_time": ["2019-01-25 17:32:52"], "total_order": 1, "hotel_value": ["4.6"], "hotel_price": ["83"]}, "425590": {"hotel_name": "\u9752\u5c9b\u946b\u6c5f\u6e29\u5fb7\u59c6\u9152\u5e97", "order_time": ["2019-01-25 17:32:54"], "total_order": 1, "hotel_value": ["4.8"], "hotel_price": ["499"]}, "1700442": {"hotel_name": "\u9752\u5c9b\u9a6c\u53ef\u6ce2\u7f57\u9152\u5e97", "order_time": ["2019-01-25 17:32:57"], "total_order": 1, "hotel_value": ["4.6"], "hotel_price": ["123"]}, "2011487": {"hotel_name": "7\u5929\u8fde\u9501\u9152\u5e97(\u5e73\u5ea6\u9752\u5c9b\u8def\u5e97)", "order_time": ["2019-01-25 17:34:13"], "total_order": 1, "hotel_value": ["4.3"], "hotel_price": ["109"]}, "6508376": {"hotel_name": "\u6155\u820d\u00b7\u8d1d\u683c\u9152\u5e97\u516c\u5bd3(\u9752\u5c9b\u4e07\u8c61\u57ce\u5965\u5e06\u4e94\u56db\u5e7f\u573a\u5e97)", "order_time": ["2019-01-25 17:40:12", "2019-01-25 17:34:25"], "total_order": 2, "hotel_value": ["4.9", "4.9"], "hotel_price": ["398", "398"]}, "1226388": {"hotel_name": "\u9752\u5c9b\u6db5\u78a7\u697c\u9152\u5e97", "order_time": ["2019-01-25 17:34:25", "2019-01-25 17:49:54"], "total_order": 2, "hotel_value": ["4.6", "4.6"], "hotel_price": ["1779", "1779"]}, "5930359": {"hotel_name": "\u9752\u5c9b\u91d1\u77f3\u56fd\u9645\u5927\u9152\u5e97", "order_time": ["2019-01-25 17:46:14", "2019-01-25 17:34:25"], "total_order": 2, "hotel_value": ["4.8", "4.8"], "hotel_price": ["386", "386"]}, "5264336": {"hotel_name": "\u9e92\u97f5\u516c\u5bd3(\u9752\u5c9b\u4e07\u8c61\u57ce\u4e94\u56db\u5e7f\u573a\u5965\u5e06\u4e2d\u5fc3\u5e97)", "order_time": ["2019-01-25 17:34:25"], "total_order": 1, "hotel_value": ["4.8"], "hotel_price": ["258"]}, "2262529": {"hotel_name": "\u9752\u5c9b\u5373\u58a8\u5e0c\u5c14\u987f\u9038\u6797\u9152\u5e97", "order_time": ["2019-01-25 17:35:13", "2019-01-25 17:42:56"], "total_order": 2, "hotel_value": ["4.5", "4.5"], "hotel_price": ["512", "512"]}, "1229178": {"hotel_name": "\u9752\u5c9b\u862d\u5ef7\u7cbe\u54c1\u9152\u5e97", "order_time": ["2019-01-25 17:35:14"], "total_order": 1, "hotel_value": ["4.4"], "hotel_price": ["84"]}, "2017970": {"hotel_name": "\u90fd\u5e02118(\u80f6\u5dde\u6c7d\u8f66\u603b\u7ad9\u5e97)", "order_time": ["2019-01-25 17:36:50"], "total_order": 1, "hotel_value": ["4.3"], "hotel_price": ["104"]}, "19587956": {"hotel_name": "\u9752\u5c9b\u665f\u5bd3\u65f6\u5149\u516c\u5bd3(\u539f\u4f17\u5bd3\u65f6\u4ee3\u5149\u516c\u5bd3)", "order_time": ["2019-01-25 17:37:43"], "total_order": 1, "hotel_value": ["4.6"], "hotel_price": ["134"]}, "512490": {"hotel_name": "\u9752\u5c9b\u897f\u6d77\u5cb8\u5fb7\u6cf0\u5927\u9152\u5e97", "order_time": ["2019-01-25 17:37:45"], "total_order": 1, "hotel_value": ["4.7"], "hotel_price": ["262"]}, "5999421": {"hotel_name": "\u7a7a\u94c1\u5047\u65e5\u9152\u5e97\u516c\u5bd3(\u9752\u5c9b\u673a\u573a\u5e97)", "order_time": ["2019-01-25 17:37:45"], "total_order": 1, "hotel_value": ["4.6"], "hotel_price": ["205"]}, "5482123": {"hotel_name": "\u9752\u5c9b\u94f6\u6cb3\u5047\u65e5\u9152\u5e97", "order_time": ["2019-01-25 17:37:45"], "total_order": 1, "hotel_value": ["4.7"], "hotel_price": ["173"]}, "2509075": {"hotel_name": "\u5c1a\u5ba2\u4f18\u9a8f\u6021\u8fde\u9501\u9152\u5e97(\u9752\u5c9b\u519c\u4e1a\u5927\u5b66\u5e97)", "order_time": ["2019-01-25 17:37:46"], "total_order": 1, "hotel_value": ["3.7"], "hotel_price": ["73"]}, "1316467": {"hotel_name": "\u6c49\u5ead\u9152\u5e97(\u9752\u5c9b\u57ce\u9633\u6b63\u9633\u4e1c\u8def\u5e97)", "order_time": ["2019-01-25 17:37:46"], "total_order": 1, "hotel_value": ["4.4"], "hotel_price": ["132"]}, "1886446": {"hotel_name": "\u7231\u820d\u7a7a\u95f4\u5546\u52a1\u9152\u5e97(\u9752\u5c9b\u5c1a\u6ea2\u5e97)", "order_time": ["2019-01-25 17:37:46"], "total_order": 1, "hotel_value": ["4.5"], "hotel_price": ["93"]}, "1274014": {"hotel_name": "\u9752\u5c9b\u6885\u8bfa\u5c3c\u9152\u5e97", "order_time": ["2019-01-25 17:37:46"], "total_order": 1, "hotel_value": ["4.6"], "hotel_price": ["128"]}, "18515525": {"hotel_name": "\u534a\u5c9b\u56fd\u9645\u9152\u5e97(\u9752\u5c9b\u674e\u6751\u5730\u94c1\u7ad9\u5e97)", "order_time": ["2019-01-25 17:37:47", "2019-01-25 18:15:27"], "total_order": 2, "hotel_value": ["4.5", "4.5"], "hotel_price": ["269", "241"]}, "2935119": {"hotel_name": "\u5609\u5fb7\u591c\u8272\u827a\u672f\u4e3b\u9898\u9152\u5e97(\u9752\u5c9b\u674e\u6751\u5730\u94c1\u6b65\u884c\u8857\u706b\u8f66\u5317\u7ad9\u5e97)", "order_time": ["2019-01-25 18:20:18", "2019-01-25 17:37:48"], "total_order": 2, "hotel_value": ["4.6", "4.6"], "hotel_price": ["84", "84"]}, "659834": {"hotel_name": "\u9e97\u67ab\u9152\u5e97(\u9752\u5c9b\u5317\u7ad9\u56db\u6d41\u5357\u8def\u5e97)(\u539f\u5357\u6d0b\u5927\u9152\u5e97\u9752\u5c9b\u957f\u6c99\u8def\u5e97)", "order_time": ["2019-01-25 17:37:49"], "total_order": 1, "hotel_value": ["4.7"], "hotel_price": ["259"]}, "427999": {"hotel_name": "\u5982\u5bb6\u7cbe\u9009\u9152\u5e97(\u9752\u5c9b\u516b\u5927\u5173\u592a\u5e73\u89d2\u516c\u56ed\u5730\u94c1\u7ad9\u5e97)", "order_time": ["2019-01-25 17:37:50"], "total_order": 1, "hotel_value": ["4.7"], "hotel_price": ["179"]}, "700933": {"hotel_name": "678\u9152\u5e97(\u9752\u5c9b\u519c\u5927\u4e3b\u9898\u7cbe\u54c1\u5e97)", "order_time": ["2019-01-25 17:37:52"], "total_order": 1, "hotel_value": ["4.6"], "hotel_price": ["84"]}, "1316324": {"hotel_name": "\u6c49\u5ead\u9152\u5e97(\u5373\u58a8\u5b9d\u9f99\u5e7f\u573a\u5e97)", "order_time": ["2019-01-25 17:37:52"], "total_order": 1, "hotel_value": ["4.6"], "hotel_price": ["151"]}, "5549364": {"hotel_name": "\u9752\u5c9b\u897f\u6d77\u5cb8\u9686\u548c\u827e\u7f8e\u5ea6\u5047\u9152\u5e97", "order_time": ["2019-01-25 17:49:53", "2019-01-25 17:37:53"], "total_order": 2, "hotel_value": ["4.6", "4.6"], "hotel_price": ["309", "309"]}, "6851239": {"hotel_name": "\u9752\u5c9b\u5bcc\u8c6a\u7f51\u7edc\u5bbe\u9986", "order_time": ["2019-01-25 17:38:06"], "total_order": 1, "hotel_value": ["3.9"], "hotel_price": ["48"]}, "1868149": {"hotel_name": "\u5982\u5bb6\u5feb\u6377\u9152\u5e97(\u80f6\u5dde\u798f\u5dde\u5357\u8def\u5e97)", "order_time": ["2019-01-25 17:39:10"], "total_order": 1, "hotel_value": ["4.2"], "hotel_price": ["111"]}, "791853": {"hotel_name": "\u94f6\u5ea7\u4f73\u9a7f\u9152\u5e97(\u5373\u58a8\u9e64\u5c71\u8def\u4f73\u4e50\u5bb6\u4e00\u5e97)", "order_time": ["2019-01-25 17:40:13", "2019-01-25 17:47:35"], "total_order": 2, "hotel_value": ["4.2", "4.2"], "hotel_price": ["76", "76"]}, "2312404": {"hotel_name": "\u5c1a\u5ba2\u4f18\u5feb\u6377\u9152\u5e97(\u9752\u5c9b\u9ec4\u5c9b\u738b\u53f0\u5e97)", "order_time": ["2019-01-25 17:40:13"], "total_order": 1, "hotel_value": ["4.5"], "hotel_price": ["134"]}, "4677001": {"hotel_name": "\u9752\u5c9b\u5357\u65b9\u6d77\u5cb8\u5ea6\u5047\u9152\u5e97", "order_time": ["2019-01-25 17:40:17"], "total_order": 1, "hotel_value": ["4.6"], "hotel_price": ["81"]}, "448778": {"hotel_name": "\u660e\u6cfd\u5546\u52a1\u9152\u5e97(\u9752\u5c9b\u5609\u5b9a\u5c71\u516c\u56ed\u5e97)", "order_time": ["2019-01-25 17:40:18"], "total_order": 1, "hotel_value": ["4.8"], "hotel_price": ["83"]}, "1483944": {"hotel_name": "\u9752\u5c9b\u878d\u6d77\u4e16\u56ed\u9152\u5e97", "order_time": ["2019-01-25 17:40:18"], "total_order": 1, "hotel_value": ["4.7"], "hotel_price": ["317"]}, "6825526": {"hotel_name": "\u9752\u5c9b\u65b0\u6fb3\u6d77\u666f\u5927\u9152\u5e97", "order_time": ["2019-01-25 17:40:20"], "total_order": 1, "hotel_value": ["4.5"], "hotel_price": ["207"]}, "995169": {"hotel_name": "\u94f6\u5ea7\u4f73\u9a7f\u9152\u5e97(\u5373\u58a8\u5c0f\u5546\u54c1\u57ce\u5e97)", "order_time": ["2019-01-25 17:40:26"], "total_order": 1, "hotel_value": ["4.3"], "hotel_price": ["120"]}, "5930261": {"hotel_name": "\u9752\u5c9b\u9ec4\u5c9b\u6cf0\u6210\u559c\u6765\u767b\u9152\u5e97", "order_time": ["2019-01-25 17:42:48"], "total_order": 1, "hotel_value": ["4.6"], "hotel_price": ["498"]}, "483417": {"hotel_name": "\u9752\u5c9b\u6d77\u90fd\u5927\u9152\u5e97", "order_time": ["2019-01-25 17:42:48"], "total_order": 1, "hotel_value": ["4.6"], "hotel_price": ["254"]}, "443641": {"hotel_name": "\u9752\u5c9b\u91d1\u6d77\u5927\u9152\u5e97", "order_time": ["2019-01-25 17:42:48"], "total_order": 1, "hotel_value": ["4.5"], "hotel_price": ["186"]}, "5466788": {"hotel_name": "\u82b1\u6eaa\u82b1\u56ed\u9152\u5e97(\u9752\u5c9b\u6d41\u4ead\u673a\u573a\u5e97)", "order_time": ["2019-01-25 17:42:48", "2019-01-25 17:52:19"], "total_order": 2, "hotel_value": ["4.4", "4.4"], "hotel_price": ["198", "198"]}, "21122269": {"hotel_name": "\u9752\u5c9b\u84dd\u6735\u6d77\u666f\u5047\u65e5\u516c\u5bd3", "order_time": ["2019-01-25 17:45:18", "2019-01-25 17:42:49"], "total_order": 2, "hotel_value": ["4.9", "4.9"], "hotel_price": ["678", "678"]}, "450881": {"hotel_name": "\u9752\u5c9b\u57ce\u9633\u5fb7\u6cf0\u5927\u9152\u5e97", "order_time": ["2019-01-25 17:42:49"], "total_order": 1, "hotel_value": ["4.6"], "hotel_price": ["428"]}, "8415426": {"hotel_name": "\u56db\u5b63\u7cbe\u9009\u9152\u5e97(\u9752\u5c9b\u6d41\u4ead\u673a\u573a\u5e97)", "order_time": ["2019-01-25 17:42:49"], "total_order": 1, "hotel_value": ["4.6"], "hotel_price": ["217"]}, "2136286": {"hotel_name": "\u9752\u5c9b\u7f8e\u5885\u5047\u671f\u9152\u5e9730\u53f7\u6d77\u8fb9\u522b\u5885", "order_time": ["2019-01-25 17:42:49"], "total_order": 1, "hotel_value": ["4.9"], "hotel_price": ["295"]}, "20028061": {"hotel_name": "\u7eff\u5cf0\u96c5\u9601\u5ea6\u5047\u516c\u5bd3(\u9752\u5c9b\u4f1a\u5c55\u4e2d\u5fc3\u77f3\u8001\u4eba\u6d77\u6c34\u6d74\u573a\u5e97)", "order_time": ["2019-01-25 17:42:49"], "total_order": 1, "hotel_value": ["4.8"], "hotel_price": ["209"]}, "1725780": {"hotel_name": "678\u673a\u573a\u9152\u5e97", "order_time": ["2019-01-25 17:42:51"], "total_order": 1, "hotel_value": ["4.4"], "hotel_price": ["66"]}, "5673703": {"hotel_name": "\u9752\u5c9b\u673a\u573a\u5bcc\u534e\u9152\u5e97(\u9999\u6e2f\u4e2d\u8def\u5e97)", "order_time": ["2019-01-25 17:42:51"], "total_order": 1, "hotel_value": ["4.5"], "hotel_price": ["183"]}, "2620136": {"hotel_name": "7\u5929\u8fde\u9501\u9152\u5e97(\u9752\u5c9b\u674e\u6ca7\u4e07\u8fbe\u5e7f\u573a\u5e97)", "order_time": ["2019-01-25 17:42:51"], "total_order": 1, "hotel_value": ["4.5"], "hotel_price": ["115"]}, "2599635": {"hotel_name": "\u5982\u5bb6\u5feb\u6377\u9152\u5e97(\u9752\u5c9b\u6d41\u4ead\u673a\u573a\u9ed1\u9f99\u6c5f\u5317\u8def\u57ce\u4e2d\u57ce\u5e97)", "order_time": ["2019-01-25 17:54:37", "2019-01-25 17:42:58"], "total_order": 2, "hotel_value": ["4.6", "4.6"], "hotel_price": ["145", "145"]}, "5908521": {"hotel_name": "\u5982\u5bb6\u5feb\u6377\u9152\u5e97(\u9752\u5c9b\u6d41\u4ead\u673a\u573a\u6c11\u822a\u8def\u5e97)", "order_time": ["2019-01-25 17:42:58"], "total_order": 1, "hotel_value": ["4.4"], "hotel_price": ["100"]}, "1911247": {"hotel_name": "\u5982\u5bb6\u5feb\u6377\u9152\u5e97(\u9752\u5c9b\u4e94\u56db\u5e7f\u573a\u5965\u5e06\u4e2d\u5fc3\u5e97)(\u539f\u5965\u5e06\u4e2d\u5fc3\u6d77\u4fe1\u5e7f\u573a\u5e97)", "order_time": ["2019-01-25 17:54:38", "2019-01-25 17:42:58"], "total_order": 2, "hotel_value": ["4.3", "4.3"], "hotel_price": ["99", "99"]}, "5726491": {"hotel_name": "\u7ef4\u4e5f\u7eb3\u9152\u5e97(\u9752\u5c9b\u9ec4\u5c9b\u5e97)", "order_time": ["2019-01-25 17:42:59"], "total_order": 1, "hotel_value": ["4.8"], "hotel_price": ["196"]}, "8581644": {"hotel_name": "\u9752\u5c9b\u78a7\u8f69\u8fde\u9501\u9152\u5e97(\u539f\u53ef\u4e34\u5b81\u8ff7\u4f60\u9152\u5e97\u5f00\u53d1\u533a\u73e0\u6c5f\u8def\u5e97)", "order_time": ["2019-01-25 17:43:11"], "total_order": 1, "hotel_value": ["4.3"], "hotel_price": ["61"]}, "1727504": {"hotel_name": "\u5e73\u5ea6\u5706\u4e2d\u65b9\u5927\u9152\u5e97", "order_time": ["2019-01-25 17:43:52"], "total_order": 1, "hotel_value": ["4.7"], "hotel_price": ["173"]}, "4539689": {"hotel_name": "\u6c49\u5ead\u9152\u5e97(\u9752\u5c9b\u4e94\u56db\u5e7f\u573a\u5965\u5e06\u5e97)", "order_time": ["2019-01-25 17:45:17"], "total_order": 1, "hotel_value": ["4.6"], "hotel_price": ["170"]}, "449574": {"hotel_name": "\u9752\u5c9b\u996d\u5e97", "order_time": ["2019-01-25 17:45:18"], "total_order": 1, "hotel_value": ["4.2"], "hotel_price": ["201"]}, "19852075": {"hotel_name": "\u66dc\u77f3\u6d77\u666f\u516c\u5bd3\u9152\u5e97(\u9752\u5c9b\u4f1a\u5c55\u4e2d\u5fc3\u77f3\u8001\u4eba\u6d77\u6c34\u6d74\u573a\u5e97)", "order_time": ["2019-01-25 18:20:16", "2019-01-25 17:45:21"], "total_order": 2, "hotel_value": ["4.8", "4.8"], "hotel_price": ["231", "231"]}, "1874920": {"hotel_name": "\u5c1a\u5ba2\u4f18\u5feb\u6377\u9152\u5e97(\u5373\u58a8\u6c7d\u8f66\u603b\u7ad9\u5e97)", "order_time": ["2019-01-25 17:45:25"], "total_order": 1, "hotel_value": ["4.6"], "hotel_price": ["94"]}, "1348429": {"hotel_name": "\u5c1a\u5ba2\u4f18\u5feb\u6377\u9152\u5e97\uff08\u9752\u5c9b\u6808\u6865\u706b\u8f66\u7ad9\u5e97\uff09", "order_time": ["2019-01-25 17:45:33"], "total_order": 1, "hotel_value": ["3.9"], "hotel_price": ["58"]}, "1701216": {"hotel_name": "\u7231\u5c0a\u5ba2\u9152\u5e97(\u9752\u5c9b\u706b\u8f66\u7ad9\u5e97)", "order_time": ["2019-01-25 17:45:34"], "total_order": 1, "hotel_value": ["4.1"], "hotel_price": ["52"]}, "2980755": {"hotel_name": "7\u5929\u8fde\u9501\u9152\u5e97(\u9752\u5c9b\u6c7d\u8f66\u603b\u7ad9\u676d\u5dde\u8def\u5e97)", "order_time": ["2019-01-25 17:45:37"], "total_order": 1, "hotel_value": ["4.2"], "hotel_price": ["78"]}, "1483933": {"hotel_name": "\u9752\u5c9b\u534e\u97e9\u5927\u9152\u5e97", "order_time": ["2019-01-25 17:46:16"], "total_order": 1, "hotel_value": ["4.0"], "hotel_price": ["242"]}, "994247": {"hotel_name": "\u5982\u5bb6\u5feb\u6377\u9152\u5e97(\u5e73\u5ea6\u9752\u5c9b\u8def\u5e97)", "order_time": ["2019-01-25 18:00:39", "2019-01-25 17:46:16"], "total_order": 2, "hotel_value": ["4.5", "4.5"], "hotel_price": ["119", "119"]}, "5896610": {"hotel_name": "\u9752\u5c9b\u6d77\u8fb9\u4eba\u5bb6\u6d77\u666f\u5ea6\u5047\u516c\u5bd3\u4e2d\u8054\u81ea\u7531\u6e2f\u6e7e\u5e97", "order_time": ["2019-01-25 17:47:29", "2019-01-25 18:17:50"], "total_order": 2, "hotel_value": ["4.7", "4.7"], "hotel_price": ["79", "79"]}, "1224709": {"hotel_name": "\u901f8\u9152\u5e97(\u9752\u5c9b\u5f00\u53d1\u533a\u77f3\u6cb9\u5927\u5b66\u5e97)", "order_time": ["2019-01-25 17:47:29"], "total_order": 1, "hotel_value": ["4.5"], "hotel_price": ["113"]}, "1031108": {"hotel_name": "\u9752\u5c9b\u6021\u6e05\u56ed\u5bbe\u9986", "order_time": ["2019-01-25 17:47:30"], "total_order": 1, "hotel_value": ["4.3"], "hotel_price": ["174"]}, "1379289": {"hotel_name": "\u90fd\u5e02118(\u9752\u5c9b\u57ce\u9633\u5b9d\u9f99\u5e7f\u573a\u5e97)", "order_time": ["2019-01-25 17:47:32"], "total_order": 1, "hotel_value": ["4.0"], "hotel_price": ["108"]}, "23418429": {"hotel_name": "\u9752\u5c9b\u5723\u5229\u9152\u5e97", "order_time": ["2019-01-25 17:47:33"], "total_order": 1, "hotel_value": ["4.6"], "hotel_price": ["123"]}, "5673979": {"hotel_name": "\u9752\u5c9b\u7f8e\u5885\u5047\u671f\u9152\u5e9712\u53f7\u6d77\u8fb9\u522b\u5885", "order_time": ["2019-01-25 18:20:20", "2019-01-25 17:47:34"], "total_order": 2, "hotel_value": ["4.9", "4.9"], "hotel_price": ["461", "860"]}, "5266537": {"hotel_name": "\u5c1a\u5ba2\u4f18\u5feb\u6377\u9152\u5e97(\u9752\u5c9b\u5f00\u53d1\u533a\u9999\u6c5f\u4e8c\u8def\u5e97)", "order_time": ["2019-01-25 17:47:38"], "total_order": 1, "hotel_value": ["4.5"], "hotel_price": ["105"]}, "4421420": {"hotel_name": "\u9752\u5c9b\u8537\u8587\u82b1\u5f00\u9152\u5e97", "order_time": ["2019-01-25 17:47:40"], "total_order": 1, "hotel_value": ["3.9"], "hotel_price": ["89"]}, "470369": {"hotel_name": "\u9752\u5c9b\u96cd\u534e\u5ead\u9152\u5e97", "order_time": ["2019-01-25 17:49:45"], "total_order": 1, "hotel_value": ["4.3"], "hotel_price": ["206"]}, "430396": {"hotel_name": "\u9752\u5c9b\u5b9d\u9f99\u798f\u670b\u559c\u6765\u767b\u9152\u5e97", "order_time": ["2019-01-25 17:49:45"], "total_order": 1, "hotel_value": ["4.6"], "hotel_price": ["429"]}, "1315838": {"hotel_name": "\u6854\u5b50\u9152\u5e97\u00b7\u7cbe\u9009(\u9752\u5c9b\u57ce\u9633\u5e97)", "order_time": ["2019-01-25 17:49:45"], "total_order": 1, "hotel_value": ["4.8"], "hotel_price": ["275"]}, "1541913": {"hotel_name": "\u9752\u5c9b\u6c11\u822a\u673a\u573a\u5bbe\u9986", "order_time": ["2019-01-25 17:49:45"], "total_order": 1, "hotel_value": ["4.5"], "hotel_price": ["308"]}, "901719": {"hotel_name": "7\u5929\u8fde\u9501\u9152\u5e97(\u9752\u5c9b\u6d77\u5c14\u5de5\u4e1a\u56ed\u5b9d\u9f99\u5e7f\u573a\u5e97)", "order_time": ["2019-01-25 17:49:45"], "total_order": 1, "hotel_value": ["4.6"], "hotel_price": ["99"]}, "442272": {"hotel_name": "\u9752\u5c9b\u8fbe\u5bbe\u6c49\u767d\u91d1\u8c6a\u5ef7\u9152\u5e97(\u539f\u660e\u73e0\u6d77\u6e2f\u5927\u9152\u5e97)", "order_time": ["2019-01-25 17:49:46"], "total_order": 1, "hotel_value": ["3.8"], "hotel_price": ["124"]}, "533093": {"hotel_name": "\u9752\u5c9b\u827e\u4e3d\u534e\u9152\u5e97", "order_time": ["2019-01-25 17:49:48"], "total_order": 1, "hotel_value": ["3.7"], "hotel_price": ["279"]}, "1374289": {"hotel_name": "\u83ab\u6cf0168(\u9752\u5c9b\u5f00\u53d1\u533a\u957f\u6c5f\u4e2d\u8def\u533a\u653f\u5e9c\u91d1\u6c99\u6ee9\u5e97)", "order_time": ["2019-01-25 17:49:48"], "total_order": 1, "hotel_value": ["4.4"], "hotel_price": ["109"]}, "1287621": {"hotel_name": "\u6e2f\u6e7e\u5370\u8c61\u8fde\u9501\u9152\u5e97(\u9752\u5c9b\u674e\u6751\u541b\u5cf0\u8def\u5730\u94c1\u7ad9\u5e97) ", "order_time": ["2019-01-25 17:49:48"], "total_order": 1, "hotel_value": ["3.9"], "hotel_price": ["70"]}, "2300560": {"hotel_name": "7\u5929\u8fde\u9501\u9152\u5e97(\u9752\u5c9b\u4e2d\u5c71\u516c\u56ed\u6d77\u6c34\u6d74\u573a\u5e97)", "order_time": ["2019-01-25 17:49:50"], "total_order": 1, "hotel_value": ["4.2"], "hotel_price": ["79"]}, "2056765": {"hotel_name": "\u4e07\u5bb6\u6d77\u666f\u5ea6\u5047\u516c\u5bd3(\u9752\u5c9b\u4e2d\u5357\u91d1\u77f3\u5e7f\u573a\u5e97)", "order_time": ["2019-01-25 17:49:51"], "total_order": 1, "hotel_value": ["4.8"], "hotel_price": ["222"]}, "5152698": {"hotel_name": "\u6854\u5b50\u9152\u5e97\u00b7\u7cbe\u9009(\u9752\u5c9b\u6d77\u5c14\u8def\u5e97)", "order_time": ["2019-01-25 18:13:10", "2019-01-25 17:49:54"], "total_order": 2, "hotel_value": ["4.9", "4.9"], "hotel_price": ["265", "265"]}, "481742": {"hotel_name": "\u9752\u5c9b\u4e16\u8d38\u6d77\u60a6\u5927\u9152\u5e97", "order_time": ["2019-01-25 17:49:54"], "total_order": 1, "hotel_value": ["4.7"], "hotel_price": ["328"]}, "2302130": {"hotel_name": "\u9752\u5c9b\u5609\u9038\u8c6a\u5ead\u8fde\u9501\u9152\u5e97", "order_time": ["2019-01-25 17:49:56"], "total_order": 1, "hotel_value": ["4.2"], "hotel_price": ["73"]}, "994192": {"hotel_name": "\u5982\u5bb6\u5feb\u6377\u9152\u5e97(\u5373\u58a8\u9e64\u5c71\u8def\u5927\u94dc\u9a6c\u5e7f\u573a\u5e97)", "order_time": ["2019-01-25 17:49:58"], "total_order": 1, "hotel_value": ["4.6"], "hotel_price": ["110"]}, "11806930": {"hotel_name": "\u591a\u7ef4\u7a7a\u95f4\u4e3b\u9898\u9152\u5e97(\u9752\u5c9b\u674e\u6751\u5730\u94c1\u7ad9\u4eac\u53e3\u8def\u5e97)", "order_time": ["2019-01-25 17:50:00"], "total_order": 1, "hotel_value": ["4.5"], "hotel_price": ["144"]}, "1717860": {"hotel_name": "\u90fd\u5e02118(\u9752\u5c9b\u706b\u8f66\u7ad9\u5288\u67f4\u9662\u5e97)(\u539f\u5fae\u7b11\u5982\u5bb6\u5546\u52a1\u9152\u5e97\u9752\u5c9b\u4e2d\u5c71\u8def\u5e97)", "order_time": ["2019-01-25 17:50:02"], "total_order": 1, "hotel_value": ["4.8"], "hotel_price": ["59"]}, "1362121": {"hotel_name": "\u90fd\u5e02118(\u9752\u5c9b\u6b63\u9633\u8def\u5229\u7fa4\u5e97)", "order_time": ["2019-01-25 17:50:06"], "total_order": 1, "hotel_value": ["4.4"], "hotel_price": ["95"]}, "443360": {"hotel_name": "\u5e73\u5ea6\u90fd\u5e02\u661f\u8054\u5927\u9152\u5e97", "order_time": ["2019-01-25 17:51:30"], "total_order": 1, "hotel_value": ["4.5"], "hotel_price": ["122"]}, "3733536": {"hotel_name": "\u5e73\u5ea6\u7269\u8d44\u5bbe\u9986", "order_time": ["2019-01-25 17:51:30"], "total_order": 1, "hotel_value": ["4.5"], "hotel_price": ["218"]}, "5085596": {"hotel_name": "\u9526\u6c5f\u4e4b\u661f(\u9752\u5c9b\u6ca7\u53e3\u516c\u56ed\u5e97)", "order_time": ["2019-01-25 17:52:17"], "total_order": 1, "hotel_value": ["4.7"], "hotel_price": ["149"]}, "371190": {"hotel_name": "\u9752\u5c9b\u9999\u683c\u91cc\u62c9\u5927\u9152\u5e97", "order_time": ["2019-01-25 17:52:19", "2019-01-25 18:04:00"], "total_order": 2, "hotel_value": ["4.7", "4.7"], "hotel_price": ["689", "689"]}, "3265800": {"hotel_name": "\u9752\u5c9b\u90a3\u9c81\u6e7e\u6d77\u666f\u5ea6\u5047\u516c\u5bd3", "order_time": ["2019-01-25 17:52:20"], "total_order": 1, "hotel_value": ["4.7"], "hotel_price": ["113"]}, "1504359": {"hotel_name": "\u83ab\u6cf0168(\u9752\u5c9b\u80f6\u5357\u4eba\u6c11\u8def\u5546\u4e1a\u8857\u5e97)", "order_time": ["2019-01-25 17:52:22"], "total_order": 1, "hotel_value": ["4.5"], "hotel_price": ["101"]}, "2163950": {"hotel_name": "\u83b1\u897f\u8c6a\u79a7\u6765\u5546\u52a1\u9152\u5e97", "order_time": ["2019-01-25 17:53:43"], "total_order": 1, "hotel_value": ["4.6"], "hotel_price": ["94"]}, "17078086": {"hotel_name": "\u80f6\u5dde\u534e\u5bbe\u697c\u5bbe\u9986", "order_time": ["2019-01-25 17:53:51"], "total_order": 1, "hotel_value": [0], "hotel_price": ["37"]}, "1316478": {"hotel_name": "\u6c49\u5ead\u9152\u5e97\uff08\u9752\u5c9b\u6d41\u4ead\u673a\u573a\u660e\u9633\u8def\u5e97\uff09\uff08\u539f\u57ce\u9633\u533a\u653f\u5e9c\u5e97\uff09", "order_time": ["2019-01-25 17:54:37"], "total_order": 1, "hotel_value": ["4.4"], "hotel_price": ["151"]}, "1371782": {"hotel_name": "\u6854\u5b50\u9152\u5e97\u00b7\u7cbe\u9009(\u9752\u5c9b\u4e07\u8c61\u57ce\u5e97)(\u539f\u6c5f\u897f\u8def\u5e97)", "order_time": ["2019-01-25 17:54:37"], "total_order": 1, "hotel_value": ["4.8"], "hotel_price": ["240"]}, "2318320": {"hotel_name": "\u5b63\u5bb6\u9152\u5e97\u5f0f\u516c\u5bd3(\u9752\u5c9b\u56fd\u4fe1\u7d2b\u4e91\u53f0\u5e97)", "order_time": ["2019-01-25 17:54:39"], "total_order": 1, "hotel_value": ["4.2"], "hotel_price": ["83"]}, "779889": {"hotel_name": "\u9526\u6c5f\u4e4b\u661f(\u9752\u5c9b\u4e94\u56db\u5e7f\u573a\u5357\u4eac\u8def\u5730\u94c1\u7ad9\u5e97)", "order_time": ["2019-01-25 17:54:40"], "total_order": 1, "hotel_value": ["4.4"], "hotel_price": ["129"]}, "1692406": {"hotel_name": "\u9752\u5c9b\u6c11\u8054\u51ef\u65cb\u9152\u5e97", "order_time": ["2019-01-25 17:54:40"], "total_order": 1, "hotel_value": ["4.5"], "hotel_price": ["283"]}, "1969052": {"hotel_name": "\u9752\u5c9b\u56fd\u79d1\u6d77\u666f\u516c\u5bd3\u9152\u5e97", "order_time": ["2019-01-25 17:54:41"], "total_order": 1, "hotel_value": ["4.4"], "hotel_price": ["94"]}, "26412204": {"hotel_name": "\u9752\u5c9b\u5362\u5361\u591a\u5821\u9ad8\u5c14\u592b\u522b\u5885", "order_time": ["2019-01-25 17:54:41"], "total_order": 1, "hotel_value": [0], "hotel_price": ["1700"]}, "439559": {"hotel_name": "\u6606\u4ed1\u548c\u60a6\u5ea6\u5047\u9152\u5e97(\u9752\u5c9b\u5965\u5e06\u4e2d\u5fc3\u5e97)", "order_time": ["2019-01-25 17:54:43"], "total_order": 1, "hotel_value": ["4.3"], "hotel_price": ["246"]}, "1730337": {"hotel_name": "\u9752\u5c9b\u534e\u6b27\u660e\u73e0\u9152\u5e97", "order_time": ["2019-01-25 17:54:44"], "total_order": 1, "hotel_value": ["4.2"], "hotel_price": ["99"]}, "19438626": {"hotel_name": "\u65af\u7ef4\u767b\u5ea6\u5047\u516c\u5bd3(\u9752\u5c9b\u91d1\u6c99\u6ee9\u540d\u5609\u56fd\u9645)", "order_time": ["2019-01-25 17:54:45", "2019-01-25 18:15:32"], "total_order": 2, "hotel_value": ["4.7", "4.7"], "hotel_price": ["189", "189"]}, "486063": {"hotel_name": "\u9752\u5c9b\u56fd\u4fe1\u6d77\u5929\u4f53\u80b2\u4e2d\u5fc3\u9152\u5e97", "order_time": ["2019-01-25 17:54:45"], "total_order": 1, "hotel_value": ["4.5"], "hotel_price": ["158"]}, "17192038": {"hotel_name": "\u8302\u53f7\u5ea6\u5047\u516c\u5bd3\u9152\u5e97(\u9752\u5c9b\u4e07\u8fbe\u4e1c\u65b9\u5f71\u90fd\u5e97)", "order_time": ["2019-01-25 17:54:50"], "total_order": 1, "hotel_value": ["4.6"], "hotel_price": ["103"]}, "8668290": {"hotel_name": "\u6249\u7f26\u9152\u5e97(\u9752\u5c9b\u57ce\u9633\u6625\u548c\u5e7f\u573a\u5e97)", "order_time": ["2019-01-25 17:55:14"], "total_order": 1, "hotel_value": ["4.8"], "hotel_price": ["263"]}, "6085650": {"hotel_name": "\u5586\u5561\u9152\u5e97(\u9752\u5c9b\u6d41\u4ead\u56fd\u9645\u673a\u573a\u5e97)", "order_time": ["2019-01-25 17:56:50"], "total_order": 1, "hotel_value": ["4.7"], "hotel_price": ["215"]}, "17335633": {"hotel_name": "\u9752\u5c9b\u534e\u5c55\u5609\u5b9c\u9152\u5e97", "order_time": ["2019-01-25 17:56:51"], "total_order": 1, "hotel_value": ["4.9"], "hotel_price": ["124"]}, "447276": {"hotel_name": "\u9752\u5c9b\u6808\u6865\u738b\u5b50\u996d\u5e97", "order_time": ["2019-01-25 18:01:23", "2019-01-25 17:56:53", "2019-01-25 18:13:11"], "total_order": 3, "hotel_value": ["4.4", "4.4", "4.4"], "hotel_price": ["135", "135", "135"]}, "5494318": {"hotel_name": "\u9752\u5c9b\u6770\u514b\u00b7\u4e39\u5c3c\u9152\u5e97", "order_time": ["2019-01-25 17:56:54"], "total_order": 1, "hotel_value": ["4.4"], "hotel_price": ["144"]}, "2301077": {"hotel_name": "\u7231\u5c0a\u5ba2\u9152\u5e97(\u9752\u5c9b\u4e94\u56db\u5e7f\u573a\u5e97)", "order_time": ["2019-01-25 17:56:59", "2019-01-25 18:18:05"], "total_order": 2, "hotel_value": ["4.6", "4.6"], "hotel_price": ["130", "130"]}, "5634587": {"hotel_name": "\u9e97\u67ab\u9152\u5e97(\u9752\u5c9b\u4e94\u56db\u5e7f\u573a\u5e97)(\u539f\u9752\u5c9b\u5b81\u590f\u8def\u5730\u94c1\u7ad9\u5e97)", "order_time": ["2019-01-25 17:56:59"], "total_order": 1, "hotel_value": ["4.7"], "hotel_price": ["199"]}, "1080425": {"hotel_name": "\u9752\u5c9b\u5170\u4ead\u5546\u52a1\u5bbe\u9986", "order_time": ["2019-01-25 17:57:01"], "total_order": 1, "hotel_value": ["4.4"], "hotel_price": ["65"]}, "2304536": {"hotel_name": "\u9752\u5c9b\u5929\u6ee1\u610f\u5bbe\u9986", "order_time": ["2019-01-25 17:57:21"], "total_order": 1, "hotel_value": ["4.4"], "hotel_price": ["63"]}, "436468": {"hotel_name": "\u9752\u5c9b\u5c71\u5b5a\u5927\u9152\u5e97", "order_time": ["2019-01-25 17:59:03"], "total_order": 1, "hotel_value": ["4.6"], "hotel_price": ["270"]}, "454906": {"hotel_name": "\u9752\u5c9b\u7d22\u83f2\u4e9a\u56fd\u9645\u5927\u9152\u5e97", "order_time": ["2019-01-25 17:59:06"], "total_order": 1, "hotel_value": ["4.6"], "hotel_price": ["261"]}, "1054145": {"hotel_name": "\u9752\u5c9b\u8212\u5fc3\u9601\u5bbe\u9986", "order_time": ["2019-01-25 17:59:13"], "total_order": 1, "hotel_value": ["4.0"], "hotel_price": ["73"]}, "1697366": {"hotel_name": "\u90fd\u5e02118(\u9752\u5c9b\u674e\u6ca7\u5e7f\u573a\u5730\u94c1\u7ad9\u5e97)", "order_time": ["2019-01-25 17:59:14"], "total_order": 1, "hotel_value": ["4.6"], "hotel_price": ["104"]}, "5074736": {"hotel_name": "\u5e73\u5ea6\u6cf0\u7545\u5546\u52a1\u5bbe\u9986", "order_time": ["2019-01-25 18:19:14", "2019-01-25 18:00:31"], "total_order": 2, "hotel_value": ["4.4", "4.4"], "hotel_price": ["103", "103"]}, "16127878": {"hotel_name": "\u9752\u5c9b\u73e0\u5c71\u5927\u996d\u5e97", "order_time": ["2019-01-25 18:01:25"], "total_order": 1, "hotel_value": ["4.7"], "hotel_price": ["282"]}, "2164550": {"hotel_name": "\u67cf\u60a6\u7cbe\u54c1\u5ea6\u5047\u516c\u5bd3(\u9752\u5c9b\u81ea\u7531\u6e2f\u6e7e\u5e97)", "order_time": ["2019-01-25 18:01:25"], "total_order": 1, "hotel_value": ["4.5"], "hotel_price": ["66"]}, "1181778": {"hotel_name": "\u5e03\u4e01\u9152\u5e97(\u9752\u5c9b\u56fd\u9645\u4f1a\u5c55\u4e2d\u5fc3\u5e97)", "order_time": ["2019-01-25 18:01:28"], "total_order": 1, "hotel_value": ["4.3"], "hotel_price": ["64"]}, "2301689": {"hotel_name": "\u5c1a\u5ba2\u4f18\u5feb\u6377\u9152\u5e97(\u9752\u5c9b\u5f00\u53d1\u533a\u9ec4\u6cb3\u4e2d\u8def\u5e97)", "order_time": ["2019-01-25 18:01:28"], "total_order": 1, "hotel_value": ["3.1"], "hotel_price": ["90"]}, "1613249": {"hotel_name": "\u9752\u5c9b\u5c9a\u5ead\u7cbe\u54c1\u79df\u8d41", "order_time": ["2019-01-25 18:01:31"], "total_order": 1, "hotel_value": ["4.4"], "hotel_price": ["103"]}, "2031556": {"hotel_name": "\u9752\u5c9b\u4e2d\u8054\u81ea\u7531\u6e2f\u6e7e\u6d77\u666f\u5ea6\u5047\u516c\u5bd3", "order_time": ["2019-01-25 18:01:31"], "total_order": 1, "hotel_value": ["4.6"], "hotel_price": ["126"]}, "28271999": {"hotel_name": "\u9752\u5c9b\u62fe\u5149\u61d2\u4eba\u9752\u5e74\u65c5\u820d", "order_time": ["2019-01-25 18:01:57"], "total_order": 1, "hotel_value": [0], "hotel_price": ["14"]}, "1994999": {"hotel_name": "\u80f6\u5dde\u7f8e\u5c14\u5e0c\u987f\u4e3b\u9898\u9152\u5e97", "order_time": ["2019-01-25 18:02:30"], "total_order": 1, "hotel_value": ["3.7"], "hotel_price": ["88"]}, "1208726": {"hotel_name": "\u5c1a\u5ba2\u4f18\u5feb\u6377\u9152\u5e97(\u9752\u5c9b\u52b2\u677e\u4e00\u8def\u5e97)", "order_time": ["2019-01-25 18:04:18"], "total_order": 1, "hotel_value": ["4.2"], "hotel_price": ["74"]}, "4628580": {"hotel_name": "\u5fc6\u5c0f\u7a9d\u9752\u5e74\u65c5\u820d(\u9752\u5c9b\u541b\u5cf0\u8def\u5730\u94c1\u7ad9\u5e97)", "order_time": ["2019-01-25 18:04:18"], "total_order": 1, "hotel_value": ["4.7"], "hotel_price": ["26"]}, "5998475": {"hotel_name": "\u6db5\u820d\u60a6\u5c45\u7cbe\u54c1\u9152\u5e97(\u9752\u5c9b\u4e07\u5e74\u6cc9\u8def\u5730\u94c1\u7ad9\u5e97)", "order_time": ["2019-01-25 18:06:07"], "total_order": 1, "hotel_value": ["4.6"], "hotel_price": ["199"]}, "2970475": {"hotel_name": "\u5c1a\u5ba2\u4f18\u7cbe\u9009\u9152\u5e97(\u9752\u5c9b\u5c71\u4e1c\u79d1\u6280\u5927\u5b66\u5e97)", "order_time": ["2019-01-25 18:06:08"], "total_order": 1, "hotel_value": ["4.5"], "hotel_price": ["98"]}, "1938134": {"hotel_name": "\u83ab\u6cf0168(\u9752\u5c9b\u674e\u6751\u5730\u94c1\u7ad9\u6b65\u884c\u8857\u5e97)", "order_time": ["2019-01-25 18:06:10"], "total_order": 1, "hotel_value": ["4.5"], "hotel_price": ["143"]}, "1732079": {"hotel_name": "\u5373\u58a8\u9526\u8302\u5bbe\u9986", "order_time": ["2019-01-25 18:06:10"], "total_order": 1, "hotel_value": ["4.5"], "hotel_price": ["277"]}, "2239028": {"hotel_name": "\u9752\u5c9b\u7559\u9999\u4ead\u5bbe\u9986", "order_time": ["2019-01-25 18:06:14"], "total_order": 1, "hotel_value": ["4.0"], "hotel_price": ["58"]}, "1219329": {"hotel_name": "\u9752\u5c9b\u5370\u8c61\u4fbf\u6377\u8fde\u9501\u9152\u5e97", "order_time": ["2019-01-25 18:06:17"], "total_order": 1, "hotel_value": ["4.7"], "hotel_price": ["49"]}, "2003292": {"hotel_name": "\u683c\u6797\u8c6a\u6cf0\u5feb\u6377\u9152\u5e97(\u80f6\u5dde\u5927\u540c\u5927\u53a6\u5e97)", "order_time": ["2019-01-25 18:07:42"], "total_order": 1, "hotel_value": ["4.2"], "hotel_price": ["144"]}, "21336281": {"hotel_name": "\u661f\u7a0b\u9152\u5e97(\u9752\u5c9b\u9ad8\u65b0\u533a\u521b\u4e1a\u5927\u53a6\u65b9\u7279\u5e97)(\u539f\u9a7f\u4e4b\u5c9b\u9152\u5e97\u5f0f\u516c\u5bd3)", "order_time": ["2019-01-25 18:08:26"], "total_order": 1, "hotel_value": ["4.6"], "hotel_price": ["159"]}, "780409": {"hotel_name": "\u9526\u6c5f\u4e4b\u661f(\u9752\u5c9b\u676d\u5dde\u8def\u5e97)", "order_time": ["2019-01-25 18:08:26"], "total_order": 1, "hotel_value": ["4.6"], "hotel_price": ["134"]}, "5214763": {"hotel_name": "\u9752\u5c9b\u65af\u7ef4\u767b\u5ea6\u5047\u516c\u5bd3(\u5965\u5e06\u4e94\u56db\u5e7f\u573a\u4e07\u8c61\u57ce)", "order_time": ["2019-01-25 18:08:42"], "total_order": 1, "hotel_value": ["4.8"], "hotel_price": ["267"]}, "1863668": {"hotel_name": "\u80f6\u5dde\u541b\u60a6\u5546\u52a1\u5bbe\u9986", "order_time": ["2019-01-25 18:09:59"], "total_order": 1, "hotel_value": ["4.9"], "hotel_price": ["83"]}, "23938996": {"hotel_name": "\u9752\u5c9b\u666f\u91cc\u516b\u5927\u5173\u9152\u5e97", "order_time": ["2019-01-25 18:10:56"], "total_order": 1, "hotel_value": ["5.0"], "hotel_price": ["712"]}, "1318891": {"hotel_name": "\u6c49\u5ead\u9152\u5e97(\u5373\u58a8\u670d\u88c5\u57ce\u5e97)", "order_time": ["2019-01-25 18:10:58"], "total_order": 1, "hotel_value": ["4.7"], "hotel_price": ["132"]}, "21121707": {"hotel_name": "\u5b9c\u820d\u4e3b\u9898\u9152\u5e97(\u9752\u5c9b\u91d1\u6c99\u6ee9\u77f3\u6cb9\u5927\u5b66\u5e97)", "order_time": ["2019-01-25 18:11:03"], "total_order": 1, "hotel_value": ["4.8"], "hotel_price": ["62"]}, "1745472": {"hotel_name": "\u5373\u58a8\u68ee\u5965\u5bbe\u9986", "order_time": ["2019-01-25 18:11:04"], "total_order": 1, "hotel_value": ["4.7"], "hotel_price": ["75"]}, "1623930": {"hotel_name": "\u9752\u5c9b\u591a\u7ef4\u00b7NeedHotel(\u4f60\u7684\u56fd\u9645\u65c5\u820d)", "order_time": ["2019-01-25 18:11:04"], "total_order": 1, "hotel_value": ["4.1"], "hotel_price": ["73"]}, "21035843": {"hotel_name": "\u9752\u5c9b\u4e00\u6f9c\u672a\u592e\u5047\u65e5\u9152\u5e97\u5f0f\u516c\u5bd3", "order_time": ["2019-01-25 18:11:04"], "total_order": 1, "hotel_value": ["4.9"], "hotel_price": ["311"]}, "1788957": {"hotel_name": "\u9752\u5c9b\u5144\u5f1f\u7f18\u5546\u52a1\u5bbe\u9986", "order_time": ["2019-01-25 18:11:05"], "total_order": 1, "hotel_value": ["4.2"], "hotel_price": ["83"]}, "1667258": {"hotel_name": "7\u5929\u8fde\u9501\u9152\u5e97(\u9752\u5c9b\u5564\u9152\u8857\u5e97)", "order_time": ["2019-01-25 18:11:05"], "total_order": 1, "hotel_value": ["3.8"], "hotel_price": ["99"]}, "1362922": {"hotel_name": "\u9752\u5c9b\u7ea2\u661f\u6d77\u8fb9\u5ba2\u6808", "order_time": ["2019-01-25 18:13:11"], "total_order": 1, "hotel_value": ["4.5"], "hotel_price": ["90"]}, "9181135": {"hotel_name": "\u6c49\u5ead\u9152\u5e97(\u9752\u5c9b\u5f00\u53d1\u533a\u957f\u6c5f\u4e2d\u8def\u5e97)", "order_time": ["2019-01-25 18:13:19"], "total_order": 1, "hotel_value": ["4.5"], "hotel_price": ["142"]}, "1360638": {"hotel_name": "\u9752\u5c9b\u6e2f\u90fd\u5bbe\u9986(\u6d41\u4ead\u673a\u573a\u5e97)", "order_time": ["2019-01-25 18:13:21"], "total_order": 1, "hotel_value": ["3.9"], "hotel_price": ["123"]}, "18540621": {"hotel_name": "\u5982\u5bb6\u7cbe\u9009\u9152\u5e97(\u9752\u5c9b\u674e\u6ca7\u4e5d\u6c34\u4e1c\u8def\u4e07\u8fbe\u5e7f\u573a\u5e97)", "order_time": ["2019-01-25 18:13:26"], "total_order": 1, "hotel_value": ["4.7"], "hotel_price": ["227"]}, "1725913": {"hotel_name": "\u5c1a\u5ba2\u4f18\u5feb\u6377\u9152\u5e97(\u9752\u5c9b\u4e95\u5188\u5c71\u8def\u4e2d\u5fc3\u5e97)", "order_time": ["2019-01-25 18:13:29"], "total_order": 1, "hotel_value": ["3.7"], "hotel_price": ["64"]}, "1826819": {"hotel_name": "\u9752\u5c9b\u6ee8\u6cb3\u540d\u8f69\u5546\u52a1\u5bbe\u9986\uff08\u68d8\u6d2a\u6ee9\u5e97\uff09", "order_time": ["2019-01-25 18:15:26"], "total_order": 1, "hotel_value": ["4.3"], "hotel_price": ["108"]}, "484453": {"hotel_name": "\u9752\u5c9b\u897f\u6d77\u5cb8\u9686\u548c\u798f\u670b\u559c\u6765\u767b\u9152\u5e97(\u539f\u9ec4\u5c9b\u798f\u670b\u559c\u6765\u767b\u9152\u5e97)", "order_time": ["2019-01-25 18:15:27"], "total_order": 1, "hotel_value": ["4.6"], "hotel_price": ["309"]}, "1677774": {"hotel_name": "\u9752\u5c9b\u99a8\u60a6\u8f69\u5ea6\u5047\u516c\u5bd3", "order_time": ["2019-01-25 18:15:27"], "total_order": 1, "hotel_value": ["4.6"], "hotel_price": ["91"]}, "16126995": {"hotel_name": "\u9752\u5c9b\u4e1c\u65b9\u5f71\u90fd\u4e07\u8fbe\u5e0c\u5c14\u987f\u9038\u6797\u9152\u5e97", "order_time": ["2019-01-25 18:15:27"], "total_order": 1, "hotel_value": ["4.6"], "hotel_price": ["460"]}, "2306006": {"hotel_name": "\u683c\u6797\u8c6a\u6cf0(\u9752\u5c9b\u706b\u8f66\u7ad9\u5e7f\u573a\u5e97)", "order_time": ["2019-01-25 18:15:27"], "total_order": 1, "hotel_value": ["4.7"], "hotel_price": ["75"]}, "5718919": {"hotel_name": "\u6c40\u6f9c\u9152\u5e97\u516c\u5bd3(\u9752\u5c9b\u4e94\u56db\u5e7f\u573a\u4e07\u8c61\u57ce\u5e97)", "order_time": ["2019-01-25 18:15:29"], "total_order": 1, "hotel_value": ["4.6"], "hotel_price": ["218"]}, "26555980": {"hotel_name": "\u9752\u5c9b\u897f\u6d77\u5cb8\u5a01\u65af\u6c40\u9152\u5e97", "order_time": ["2019-01-25 18:15:31"], "total_order": 1, "hotel_value": [0], "hotel_price": ["458"]}, "427960": {"hotel_name": "\u5982\u5bb6\u5feb\u6377\u9152\u5e97(\u9752\u5c9b\u6d41\u4ead\u673a\u573a\u6c7d\u8f66\u5317\u7ad9\u5e97 )", "order_time": ["2019-01-25 18:15:31"], "total_order": 1, "hotel_value": ["4.4"], "hotel_price": ["137"]}, "21808112": {"hotel_name": "\u90fd\u5e02118\u00b7\u7cbe\u9009\u9152\u5e97(\u9752\u5c9b\u57ce\u4e2d\u57ce\u5e97)", "order_time": ["2019-01-25 18:15:31"], "total_order": 1, "hotel_value": ["4.4"], "hotel_price": ["136"]}, "1165293": {"hotel_name": "\u9752\u5c9b\u5c1a\u54c1\u4e91\u56fe\u5bbe\u9986", "order_time": ["2019-01-25 18:15:31"], "total_order": 1, "hotel_value": ["4.2"], "hotel_price": ["73"]}, "1732226": {"hotel_name": "\u5373\u58a8\u798f\u767e\u5e74\u5546\u52a1\u9152\u5e97", "order_time": ["2019-01-25 18:15:38"], "total_order": 1, "hotel_value": ["4.3"], "hotel_price": ["128"]}, "1604940": {"hotel_name": "\u524d\u7a0b\u5c0f\u6cca\u5546\u52a1\u5bbe\u9986(\u9752\u5c9b\u5d02\u5c71\u5e97)", "order_time": ["2019-01-25 18:15:51"], "total_order": 1, "hotel_value": ["2.5"], "hotel_price": ["60"]}, "6608537": {"hotel_name": "\u6854\u5b50\u9152\u5e97\u00b7\u7cbe\u9009(\u9752\u5c9b\u56db\u6d41\u5357\u8def\u5e97)", "order_time": ["2019-01-25 18:17:50"], "total_order": 1, "hotel_value": ["4.9"], "hotel_price": ["246"]}, "1716184": {"hotel_name": "7\u5929\u8fde\u9501\u9152\u5e97(\u9752\u5c9b\u8fbd\u9633\u897f\u8def\u65b0\u4e1a\u5e7f\u573a\u5730\u94c1\u7ad9\u5e97)", "order_time": ["2019-01-25 18:17:51"], "total_order": 1, "hotel_value": ["4.2"], "hotel_price": ["119"]}, "23931826": {"hotel_name": "\u5982\u5bb6\u777f\u67cf\u00b7\u4e91\u9152\u5e97(\u80f6\u5357\u73e0\u5c71\u8def\u9752\u5c9b\u897f\u9ad8\u94c1\u7ad9\u5e97)", "order_time": ["2019-01-25 18:17:54"], "total_order": 1, "hotel_value": [0], "hotel_price": ["99"]}, "1692619": {"hotel_name": "\u9752\u5c9b\u90fd\u5e02\u6625\u5929\u5047\u65e5\u5bbe\u9986(\u674e\u6751\u5b9d\u9f99\u5e7f\u573a\u5e97)", "order_time": ["2019-01-25 18:17:56"], "total_order": 1, "hotel_value": ["4.3"], "hotel_price": ["84"]}, "2987444": {"hotel_name": "\u590d\u76db\u5927\u9152\u5e97(\u9752\u5c9b\u9ec4\u5c9b\u5e97)", "order_time": ["2019-01-25 18:17:59"], "total_order": 1, "hotel_value": ["4.5"], "hotel_price": ["206"]}, "21092717": {"hotel_name": "\u745e\u83b1\u9890\u7f8e\u9152\u5e97(\u9752\u5c9b\u6d77\u4e0a\u5609\u5e74\u534e\u5e97)", "order_time": ["2019-01-25 18:17:59"], "total_order": 1, "hotel_value": ["4.6"], "hotel_price": ["136"]}, "995179": {"hotel_name": "\u94f6\u5ea7\u4f73\u9a7f\u9152\u5e97(\u9752\u5c9b\u91cd\u5e86\u4e2d\u8def\u6d41\u4ead\u673a\u573a\u5e97)", "order_time": ["2019-01-25 18:17:59"], "total_order": 1, "hotel_value": ["4.4"], "hotel_price": ["124"]}, "25557473": {"hotel_name": "\u9752\u5c9b\u68e0\u66fc\u9152\u5e97", "order_time": ["2019-01-25 18:18:01"], "total_order": 1, "hotel_value": ["4.7"], "hotel_price": ["149"]}, "5301639": {"hotel_name": "\u9752\u5c9b\u65af\u7ef4\u767b\u5ea6\u5047\u516c\u5bd3(\u91d1\u6c99\u6ee9\u5929\u9e93\u6e56)", "order_time": ["2019-01-25 18:18:02"], "total_order": 1, "hotel_value": ["4.7"], "hotel_price": ["134"]}, "1985439": {"hotel_name": "\u94f6\u5ea7\u4f73\u9a7f\u9152\u5e97(\u80f6\u5dde\u706b\u8f66\u7ad9\u5e97)", "order_time": ["2019-01-25 18:19:14"], "total_order": 1, "hotel_value": ["4.5"], "hotel_price": ["76"]}, "4638943": {"hotel_name": "\u9752\u5c9b\u6df1\u84dd\u5ea6\u5047\u516c\u5bd3", "order_time": ["2019-01-25 18:20:14"], "total_order": 1, "hotel_value": ["4.4"], "hotel_price": ["98"]}, "3656678": {"hotel_name": "\u9752\u5c9b\u827e\u7c73\u60c5\u4fa3\u9152\u5e97", "order_time": ["2019-01-25 18:20:15"], "total_order": 1, "hotel_value": ["4.6"], "hotel_price": ["141"]}, "5147860": {"hotel_name": "\u9752\u5c9b\u5d02\u5c71\u6e7e\u9152\u5e97", "order_time": ["2019-01-25 18:20:20"], "total_order": 1, "hotel_value": ["4.6"], "hotel_price": ["426"]}, "5438559": {"hotel_name": "\u4f18\u54c1\u9152\u5e97(\u9752\u5c9b\u56db\u6d41\u5357\u8def\u5e97)", "order_time": ["2019-01-25 18:20:21"], "total_order": 1, "hotel_value": ["4.3"], "hotel_price": ["84"]}, "2299218": {"hotel_name": "\u5168\u5b63\u9152\u5e97(\u9752\u5c9b\u5c71\u4e1c\u8def\u4e07\u8fbe\u5e7f\u573a\u5e97)", "order_time": ["2019-01-25 18:20:28"], "total_order": 1, "hotel_value": ["4.6"], "hotel_price": ["284"]}, "2305672": {"hotel_name": "\u9752\u5c9b\u5b9c\u9014\u5bbe\u9986", "order_time": ["2019-01-25 18:20:42"], "total_order": 1, "hotel_value": ["4.3"], "hotel_price": ["73"]}}}