{"\u5f00\u59cb\u8bb0\u5f55\u65f6\u95f4": "2019-01-23 18:38:27", "\u7ed3\u675f\u8bb0\u5f55\u65f6\u95f4": "2019-01-23 19:46:17", "\u8ba2\u5355\u603b\u589e\u91cf": 380, "item": {"1541913": {"hotel_name": "\u9752\u5c9b\u6c11\u822a\u673a\u573a\u5bbe\u9986", "order_time": ["2019-01-23 19:14:20", "2019-01-23 19:16:35", "2019-01-23 18:40:43"], "total_order": 3, "hotel_value": ["4.5", "4.5", "4.5"], "hotel_price": ["293", "293", "293"]}, "2265976": {"hotel_name": "\u4eac\u82d1\u667a\u5c1a\u8bbe\u8ba1\u9152\u5e97(\u9752\u5c9b\u9999\u6e2f\u4e2d\u8def\u5e97)", "order_time": ["2019-01-23 19:07:18", "2019-01-23 18:40:43"], "total_order": 2, "hotel_value": ["4.6", "4.6"], "hotel_price": ["128", "128"]}, "427962": {"hotel_name": "\u5b89\u6f9c\u5bbe\u820d\u9152\u5e97(\u9752\u5c9b\u4e1c\u6d77\u4e2d\u8def\u6d77\u6ee8\u5e97)(\u539f\u5965\u5e06\u4e2d\u5fc3\u6781\u5730\u6d77\u6d0b\u4e16\u754c\u5e97)", "order_time": ["2019-01-23 19:07:18", "2019-01-23 18:40:43"], "total_order": 2, "hotel_value": ["4.3", "4.3"], "hotel_price": ["89", "89"]}, "10118500": {"hotel_name": "\u90fd\u5e02118\u7cbe\u9009\u9152\u5e97(\u9752\u5c9b\u5bb6\u4f73\u6e90\u4e00\u54c1\u51a0\u5e97)", "order_time": ["2019-01-23 18:40:45"], "total_order": 1, "hotel_value": ["4.6"], "hotel_price": ["104"]}, "427965": {"hotel_name": "\u5982\u5bb6\u5546\u65c5\u9152\u5e97(\u9752\u5c9b\u4e94\u56db\u5e7f\u573a\u5c71\u4e1c\u8def\u6fb3\u67ef\u739b\u7acb\u4ea4\u6865\u5e97)", "order_time": ["2019-01-23 18:40:45"], "total_order": 1, "hotel_value": ["4.7"], "hotel_price": ["159"]}, "428039": {"hotel_name": "\u548c\u7f8e\u5bb6\u9152\u5e97(\u9752\u5c9b\u9999\u6e2f\u4e1c\u8def\u9752\u5c9b\u5927\u5b66\u6781\u5730\u6d77\u6d0b\u4e16\u754c\u5e97)", "order_time": ["2019-01-23 18:40:47"], "total_order": 1, "hotel_value": ["4.2"], "hotel_price": ["74"]}, "797569": {"hotel_name": "\u80f6\u5dde\u5bbe\u9986", "order_time": ["2019-01-23 18:40:56"], "total_order": 1, "hotel_value": ["4.5"], "hotel_price": ["358"]}, "1600050": {"hotel_name": "\u5c1a\u5ba2\u4f18\u5feb\u6377\u9152\u5e97(\u80f6\u5dde\u82cf\u5dde\u8def\u4e2d\u5fc3\u5e97)", "order_time": ["2019-01-23 18:40:56"], "total_order": 1, "hotel_value": ["4.4"], "hotel_price": ["84"]}, "2082927": {"hotel_name": "\u5e73\u5ea6\u76db\u5bb6\u5feb\u6377\u5546\u52a1\u5bbe\u9986", "order_time": ["2019-01-23 18:40:57"], "total_order": 1, "hotel_value": ["4.2"], "hotel_price": ["81"]}, "18034506": {"hotel_name": "\u6c49\u5510\u9152\u5e97(\u9752\u5c9b\u6d41\u4ead\u673a\u573a\u5e97)", "order_time": ["2019-01-23 18:41:05"], "total_order": 1, "hotel_value": ["4.8"], "hotel_price": ["320"]}, "659834": {"hotel_name": "\u9e97\u67ab\u9152\u5e97(\u9752\u5c9b\u5317\u7ad9\u56db\u6d41\u5357\u8def\u5e97)(\u539f\u5357\u6d0b\u5927\u9152\u5e97\u9752\u5c9b\u957f\u6c99\u8def\u5e97)", "order_time": ["2019-01-23 18:42:46"], "total_order": 1, "hotel_value": ["4.7"], "hotel_price": ["259"]}, "5463838": {"hotel_name": "\u9752\u5c9b\u7761\u673a\u573a\u9152\u5e97", "order_time": ["2019-01-23 18:42:47", "2019-01-23 19:23:21", "2019-01-23 18:59:58"], "total_order": 3, "hotel_value": ["4.3", "4.3", "4.3"], "hotel_price": ["196", "196", "196"]}, "536113": {"hotel_name": "\u9752\u5c9b\u5f00\u5143\u540d\u90fd\u5927\u9152\u5e97", "order_time": ["2019-01-23 18:42:47", "2019-01-23 19:42:10"], "total_order": 2, "hotel_value": ["4.7", "4.7"], "hotel_price": ["318", "318"]}, "1697366": {"hotel_name": "\u90fd\u5e02118(\u9752\u5c9b\u674e\u6ca7\u5e7f\u573a\u5730\u94c1\u7ad9\u5e97)", "order_time": ["2019-01-23 18:42:47"], "total_order": 1, "hotel_value": ["4.6"], "hotel_price": ["104"]}, "20058929": {"hotel_name": "\u5343\u5bbf\u6d77\u666f\u5ea6\u5047\u516c\u5bd3(\u9752\u5c9b\u4f1a\u5c55\u4e2d\u5fc3\u77f3\u8001\u4eba\u6d74\u573a\u5e97)", "order_time": ["2019-01-23 18:42:47"], "total_order": 1, "hotel_value": ["4.8"], "hotel_price": ["208"]}, "8415426": {"hotel_name": "\u56db\u5b63\u7cbe\u9009\u9152\u5e97(\u9752\u5c9b\u6d41\u4ead\u673a\u573a\u5e97)", "order_time": ["2019-01-23 18:42:47", "2019-01-23 19:02:37"], "total_order": 2, "hotel_value": ["4.6", "4.6"], "hotel_price": ["227", "227"]}, "19587956": {"hotel_name": "\u9752\u5c9b\u665f\u5bd3\u65f6\u5149\u516c\u5bd3(\u539f\u4f17\u5bd3\u65f6\u4ee3\u5149\u516c\u5bd3)", "order_time": ["2019-01-23 18:42:48"], "total_order": 1, "hotel_value": ["4.6"], "hotel_price": ["106"]}, "453041": {"hotel_name": "\u9752\u5c9b\u673a\u573a\u8f85\u7279\u6234\u65af\u9152\u5e97", "order_time": ["2019-01-23 19:28:26", "2019-01-23 19:21:15", "2019-01-23 18:42:49"], "total_order": 3, "hotel_value": ["4.1", "4.1", "4.1"], "hotel_price": ["114", "149", "149"]}, "371190": {"hotel_name": "\u9752\u5c9b\u9999\u683c\u91cc\u62c9\u5927\u9152\u5e97", "order_time": ["2019-01-23 19:44:34", "2019-01-23 19:07:17", "2019-01-23 19:25:42", "2019-01-23 18:42:49", "2019-01-23 19:30:14"], "total_order": 5, "hotel_value": ["4.7", "4.7", "4.7", "4.7", "4.7"], "hotel_price": ["689", "689", "689", "689", "689"]}, "428592": {"hotel_name": "\u9752\u5c9b\u9c81\u5546\u51ef\u60a6\u9152\u5e97", "order_time": ["2019-01-23 19:44:34", "2019-01-23 19:16:40", "2019-01-23 18:42:49"], "total_order": 3, "hotel_value": ["4.6", "4.6", "4.6"], "hotel_price": ["598", "598", "598"]}, "385108": {"hotel_name": "\u9752\u5c9b\u6d77\u5c14\u6d32\u9645\u9152\u5e97", "order_time": ["2019-01-23 18:59:51", "2019-01-23 18:42:49"], "total_order": 2, "hotel_value": ["4.6", "4.6"], "hotel_price": ["628", "628"]}, "2295802": {"hotel_name": "\u9752\u5c9b\u6a31\u82b1\u96e8\u6d77\u666f\u65e5\u79df", "order_time": ["2019-01-23 18:42:49"], "total_order": 1, "hotel_value": ["3.9"], "hotel_price": ["35"]}, "2388618": {"hotel_name": "\u9047\u89c1\u56fd\u9645\u9752\u5e74\u65c5\u820d(\u9752\u5c9b\u6d59\u6c5f\u8def\u6808\u6865\u5e97)", "order_time": ["2019-01-23 18:42:57"], "total_order": 1, "hotel_value": ["4.2"], "hotel_price": ["19"]}, "21124467": {"hotel_name": "\u9752\u5c9b\u65af\u7ef4\u767b\u7cbe\u54c1\u516c\u5bd3(\u4f1a\u5c55\u4e2d\u5fc3\u77f3\u8001\u4eba\u6d77\u6c34\u6d74\u573a)", "order_time": ["2019-01-23 19:31:38", "2019-01-23 19:10:34", "2019-01-23 18:52:15", "2019-01-23 18:50:02", "2019-01-23 18:44:49"], "total_order": 5, "hotel_value": ["4.9", "4.9", "4.9", "4.9", "4.9"], "hotel_price": ["253", "253", "253", "253", "253"]}, "6508376": {"hotel_name": "\u6155\u820d\u00b7\u8d1d\u683c\u9152\u5e97\u516c\u5bd3(\u9752\u5c9b\u4e07\u8c61\u57ce\u5965\u5e06\u4e94\u56db\u5e7f\u573a\u5e97)", "order_time": ["2019-01-23 19:31:38", "2019-01-23 19:14:24", "2019-01-23 19:10:34", "2019-01-23 18:52:15", "2019-01-23 18:50:02", "2019-01-23 18:44:49"], "total_order": 6, "hotel_value": ["4.9", "4.9", "4.9", "4.9", "4.9", "4.9"], "hotel_price": ["358", "358", "358", "358", "358", "358"]}, "1226339": {"hotel_name": "\u9752\u5c9b\u90a3\u9c81\u6e7e\u8f69\u5b87\u670d\u52a1\u516c\u5bd3(\u539f\u8fbe\u4ee4\u6e2f\u8f69\u5b87\u670d\u52a1\u516c\u5bd3)", "order_time": ["2019-01-23 18:44:50"], "total_order": 1, "hotel_value": ["5.0"], "hotel_price": ["111"]}, "2637433": {"hotel_name": "\u76db\u5ef7\u6d77\u666f\u9152\u5e97(\u9752\u5c9b\u7ef4\u591a\u5229\u4e9a\u5e97)", "order_time": ["2019-01-23 18:44:54"], "total_order": 1, "hotel_value": ["4.3"], "hotel_price": ["74"]}, "2082416": {"hotel_name": "7\u5929\u8fde\u9501\u9152\u5e97(\u9752\u5c9b\u6d41\u4ead\u673a\u573a\u5e97)", "order_time": ["2019-01-23 18:44:56"], "total_order": 1, "hotel_value": ["4.1"], "hotel_price": ["129"]}, "2599635": {"hotel_name": "\u5982\u5bb6\u5feb\u6377\u9152\u5e97(\u9752\u5c9b\u6d41\u4ead\u673a\u573a\u9ed1\u9f99\u6c5f\u5317\u8def\u57ce\u4e2d\u57ce\u5e97)", "order_time": ["2019-01-23 18:44:56", "2019-01-23 18:51:04"], "total_order": 2, "hotel_value": ["4.6", "4.6"], "hotel_price": ["145", "145"]}, "4852424": {"hotel_name": "\u9752\u5c9b\u4e07\u8c6a\u5047\u65e5\u6d77\u666f\u5ea6\u5047\u516c\u5bd3", "order_time": ["2019-01-23 18:44:56"], "total_order": 1, "hotel_value": ["4.4"], "hotel_price": ["76"]}, "2614519": {"hotel_name": "\u6d77\u53cb\u9152\u5e97(\u9752\u5c9b\u7535\u5b50\u4fe1\u606f\u57ce\u5e97)", "order_time": ["2019-01-23 18:45:00"], "total_order": 1, "hotel_value": ["4.2"], "hotel_price": ["69"]}, "1316359": {"hotel_name": "\u6c49\u5ead\u9152\u5e97(\u80f6\u5dde\u6c7d\u8f66\u603b\u7ad9\u5e97)", "order_time": ["2019-01-23 18:45:41"], "total_order": 1, "hotel_value": ["4.4"], "hotel_price": ["123"]}, "4328415": {"hotel_name": "\u83b1\u897f\u5929\u58e4\u7cbe\u54c1\u9152\u5e97", "order_time": ["2019-01-23 18:45:41"], "total_order": 1, "hotel_value": ["4.4"], "hotel_price": ["124"]}, "3733536": {"hotel_name": "\u5e73\u5ea6\u7269\u8d44\u5bbe\u9986", "order_time": ["2019-01-23 18:45:42"], "total_order": 1, "hotel_value": ["4.5"], "hotel_price": ["115"]}, "1200168": {"hotel_name": "\u7ef4\u4e5f\u7eb3\u9152\u5e97(\u80f6\u5dde\u5e97)", "order_time": ["2019-01-23 18:45:44"], "total_order": 1, "hotel_value": ["4.7"], "hotel_price": ["238"]}, "1259981": {"hotel_name": "\u9752\u5c9b\u4e2d\u5929\u6d77\u666f\u9152\u5e97\uff08\u6808\u6865\u706b\u8f66\u7ad9\u5e97\uff09", "order_time": ["2019-01-23 19:25:38", "2019-01-23 18:46:51", "2019-01-23 19:09:41"], "total_order": 3, "hotel_value": ["4.8", "4.8", "4.8"], "hotel_price": ["76", "76", "76"]}, "27711969": {"hotel_name": "\u9752\u5c9b\u9ed1\u9f99\u6c5f\u4e2d\u8def\u4e9a\u6735\u9152\u5e97", "order_time": ["2019-01-23 18:55:14", "2019-01-23 19:23:31", "2019-01-23 18:46:51"], "total_order": 3, "hotel_value": ["4.9", "4.9", "4.9"], "hotel_price": ["292", "292", "292"]}, "1287621": {"hotel_name": "\u6e2f\u6e7e\u5370\u8c61\u8fde\u9501\u9152\u5e97(\u9752\u5c9b\u674e\u6751\u541b\u5cf0\u8def\u5730\u94c1\u7ad9\u5e97) ", "order_time": ["2019-01-23 19:25:39", "2019-01-23 18:46:52", "2019-01-23 19:30:13"], "total_order": 3, "hotel_value": ["3.9", "3.9", "3.9"], "hotel_price": ["70", "70", "70"]}, "6649334": {"hotel_name": "\u90fd\u5e02118\u9152\u5e97(\u9752\u5c9b\u9ad8\u65b0\u533a\u65b9\u7279\u5e97)", "order_time": ["2019-01-23 18:46:52"], "total_order": 1, "hotel_value": ["4.2"], "hotel_price": ["124"]}, "25557473": {"hotel_name": "\u9752\u5c9b\u68e0\u66fc\u9152\u5e97", "order_time": ["2019-01-23 18:46:54", "2019-01-23 19:11:45"], "total_order": 2, "hotel_value": ["4.7", "4.7"], "hotel_price": ["149", "149"]}, "440316": {"hotel_name": "\u9752\u5c9b\u56db\u65b9\u5927\u9152\u5e97", "order_time": ["2019-01-23 18:46:54"], "total_order": 1, "hotel_value": ["4.4"], "hotel_price": ["77"]}, "2509075": {"hotel_name": "\u5c1a\u5ba2\u4f18\u9a8f\u6021\u8fde\u9501\u9152\u5e97(\u9752\u5c9b\u519c\u4e1a\u5927\u5b66\u5e97)", "order_time": ["2019-01-23 18:47:00"], "total_order": 1, "hotel_value": ["3.7"], "hotel_price": ["73"]}, "346318": {"hotel_name": "\u9752\u5c9b\u80f6\u5dde\u7eff\u57ce\u559c\u6765\u767b\u9152\u5e97", "order_time": ["2019-01-23 18:47:57"], "total_order": 1, "hotel_value": ["4.6"], "hotel_price": ["458"]}, "6577116": {"hotel_name": "\u9752\u5c9b\u60a6\u6f9c\u9152\u5e97\u516c\u5bd3(\u4e94\u56db\u5e7f\u573a\u4e2d\u94c1\u4e2d\u5fc3\u5e97)", "order_time": ["2019-01-23 18:48:54"], "total_order": 1, "hotel_value": ["4.8"], "hotel_price": ["223"]}, "16127878": {"hotel_name": "\u9752\u5c9b\u73e0\u5c71\u5927\u996d\u5e97", "order_time": ["2019-01-23 18:48:54"], "total_order": 1, "hotel_value": ["4.7"], "hotel_price": ["290"]}, "6825957": {"hotel_name": "\u9752\u5c9b\u7ef4\u591a\u5229\u4e9a\u54c1\u5982\u5bb6\u56ed\u9152\u5e97\u5f0f\u516c\u5bd3", "order_time": ["2019-01-23 18:55:14", "2019-01-23 18:48:54", "2019-01-23 19:34:51"], "total_order": 3, "hotel_value": ["4.5", "4.5", "4.5"], "hotel_price": ["77", "77", "77"]}, "2257047": {"hotel_name": "\u6c49\u5ead\u9152\u5e97(\u9752\u5c9b\u8463\u5bb6\u53e3\u6e2f\u5e97)", "order_time": ["2019-01-23 18:48:58"], "total_order": 1, "hotel_value": ["4.7"], "hotel_price": ["151"]}, "449574": {"hotel_name": "\u9752\u5c9b\u996d\u5e97", "order_time": ["2019-01-23 18:48:58"], "total_order": 1, "hotel_value": ["4.2"], "hotel_price": ["201"]}, "2329361": {"hotel_name": "\u9752\u5c9b\u65af\u7ef4\u767b\u5ea6\u5047\u516c\u5bd3(\u90ae\u8f6e\u6bcd\u6e2f\u5e97)", "order_time": ["2019-01-23 18:57:33", "2019-01-23 18:48:58"], "total_order": 2, "hotel_value": ["4.7", "4.7"], "hotel_price": ["124", "124"]}, "442272": {"hotel_name": "\u9752\u5c9b\u8fbe\u5bbe\u6c49\u767d\u91d1\u8c6a\u5ef7\u9152\u5e97(\u539f\u660e\u73e0\u6d77\u6e2f\u5927\u9152\u5e97)", "order_time": ["2019-01-23 18:48:59"], "total_order": 1, "hotel_value": ["3.8"], "hotel_price": ["81"]}, "21678840": {"hotel_name": "\u51ef\u66fc\u516c\u5bd3(\u9752\u5c9b\u6b63\u9633\u4e2d\u8def\u5e97)", "order_time": ["2019-01-23 19:32:32", "2019-01-23 18:48:59"], "total_order": 2, "hotel_value": ["4.6", "4.6"], "hotel_price": ["103", "103"]}, "2389835": {"hotel_name": "\u9752\u5c9b\u84dd\u8393\u5ea6\u5047\u9152\u5e97", "order_time": ["2019-01-23 18:49:02"], "total_order": 1, "hotel_value": ["4.2"], "hotel_price": ["410"]}, "22673546": {"hotel_name": "\u9752\u5c9b\u65af\u7ef4\u767b\u5ea6\u5047\u516c\u5bd3(\u57ce\u9633\u533a\u653f\u5e9c)", "order_time": ["2019-01-23 18:49:05"], "total_order": 1, "hotel_value": ["4.8"], "hotel_price": ["119"]}, "1209773": {"hotel_name": "\u9752\u5c9b\u71d5\u5c9b\u4e4b\u661f\u5047\u65e5\u516c\u5bd3", "order_time": ["2019-01-23 18:49:17"], "total_order": 1, "hotel_value": ["4.6"], "hotel_price": ["74"]}, "6856473": {"hotel_name": "\u9752\u5c9b\u6808\u6865\u7cbe\u54c1\u6d77\u666f\u65e5\u79df\u623f", "order_time": ["2019-01-23 18:49:19"], "total_order": 1, "hotel_value": ["4.7"], "hotel_price": ["30"]}, "1715544": {"hotel_name": "\u9752\u5c9b\u946b\u590d\u76db\u9038\u6d77\u56fd\u9645\u9152\u5e97", "order_time": ["2019-01-23 18:51:02"], "total_order": 1, "hotel_value": ["4.5"], "hotel_price": ["216"]}, "6825526": {"hotel_name": "\u9752\u5c9b\u65b0\u6fb3\u6d77\u666f\u5927\u9152\u5e97", "order_time": ["2019-01-23 18:51:03"], "total_order": 1, "hotel_value": ["4.5"], "hotel_price": ["207"]}, "6284231": {"hotel_name": "\u9752\u5c9b\u745e\u5947\u6d77\u666f\u5ea6\u5047\u516c\u5bd3\u4e2d\u8054\u81ea\u7531\u6e2f\u6e7e\u5e97", "order_time": ["2019-01-23 18:51:05"], "total_order": 1, "hotel_value": ["4.7"], "hotel_price": ["79"]}, "1914564": {"hotel_name": "\u5373\u58a8\u8fc8\u8fbe\u5ea6\u5047\u9152\u5e97", "order_time": ["2019-01-23 18:51:06"], "total_order": 1, "hotel_value": ["4.2"], "hotel_price": ["80"]}, "19852075": {"hotel_name": "\u66dc\u77f3\u6d77\u666f\u516c\u5bd3\u9152\u5e97(\u9752\u5c9b\u4f1a\u5c55\u4e2d\u5fc3\u77f3\u8001\u4eba\u6d77\u6c34\u6d74\u573a\u5e97)", "order_time": ["2019-01-23 18:51:07"], "total_order": 1, "hotel_value": ["4.8"], "hotel_price": ["231"]}, "5999421": {"hotel_name": "\u7a7a\u94c1\u5047\u65e5\u9152\u5e97\u516c\u5bd3(\u9752\u5c9b\u673a\u573a\u5e97)", "order_time": ["2019-01-23 18:51:10", "2019-01-23 19:09:39"], "total_order": 2, "hotel_value": ["4.6", "4.6"], "hotel_price": ["227", "227"]}, "2303692": {"hotel_name": "\u9752\u5c9b\u6021\u4eba\u5c45\u5bbe\u9986", "order_time": ["2019-01-23 18:51:12"], "total_order": 1, "hotel_value": ["4.4"], "hotel_price": ["36"]}, "1198934": {"hotel_name": "\u91d1\u91dc\u5feb\u6377\u9152\u5e97(\u9752\u5c9b\u4e94\u56db\u5e7f\u573a\u829d\u6cc9\u8def\u5730\u94c1\u7ad9\u5e97)", "order_time": ["2019-01-23 18:51:21"], "total_order": 1, "hotel_value": ["4.1"], "hotel_price": ["69"]}, "2302238": {"hotel_name": "\u5c1a\u5ba2\u4f18\u5feb\u6377\u9152\u5e97(\u9752\u5c9b\u859b\u5bb6\u5c9b\u91d1\u6c99\u6ee9\u5e97)", "order_time": ["2019-01-23 18:53:05"], "total_order": 1, "hotel_value": ["4.5"], "hotel_price": ["81"]}, "447276": {"hotel_name": "\u9752\u5c9b\u6808\u6865\u738b\u5b50\u996d\u5e97", "order_time": ["2019-01-23 18:53:05", "2019-01-23 19:42:05"], "total_order": 2, "hotel_value": ["4.4", "4.4"], "hotel_price": ["135", "135"]}, "992456": {"hotel_name": "\u9752\u5c9b\u540d\u90fd\u51ef\u83b1\u9152\u5e97", "order_time": ["2019-01-23 18:53:05"], "total_order": 1, "hotel_value": ["4.4"], "hotel_price": ["358"]}, "5152698": {"hotel_name": "\u6854\u5b50\u9152\u5e97\u00b7\u7cbe\u9009(\u9752\u5c9b\u6d77\u5c14\u8def\u5e97)", "order_time": ["2019-01-23 18:53:06", "2019-01-23 19:02:25"], "total_order": 2, "hotel_value": ["4.9", "4.9"], "hotel_price": ["379", "379"]}, "12252847": {"hotel_name": "\u9752\u5c9b\u9890\u84dd\u5fc3\u820d\u9152\u5e97", "order_time": ["2019-01-23 18:53:06", "2019-01-23 19:39:32", "2019-01-23 19:02:25"], "total_order": 3, "hotel_value": ["4.6", "4.6", "4.6"], "hotel_price": ["169", "169", "169"]}, "1165332": {"hotel_name": "\u96c5\u60a6\u7cbe\u81f4\u9152\u5e97(\u9752\u5c9b\u53f0\u4e1c\u5564\u9152\u8857\u5e97)", "order_time": ["2019-01-23 18:53:07"], "total_order": 1, "hotel_value": ["4.3"], "hotel_price": ["83"]}, "1315838": {"hotel_name": "\u6854\u5b50\u9152\u5e97\u00b7\u7cbe\u9009(\u9752\u5c9b\u57ce\u9633\u5e97)", "order_time": ["2019-01-23 18:53:08"], "total_order": 1, "hotel_value": ["4.8"], "hotel_price": ["341"]}, "2302130": {"hotel_name": "\u9752\u5c9b\u5609\u9038\u8c6a\u5ead\u8fde\u9501\u9152\u5e97", "order_time": ["2019-01-23 18:53:10"], "total_order": 1, "hotel_value": ["4.2"], "hotel_price": ["71"]}, "5073599": {"hotel_name": "\u827e\u5c4b\u9152\u5e97\u516c\u5bd3(\u9752\u5c9b\u90ae\u8f6e\u6bcd\u6e2f\u5e97)", "order_time": ["2019-01-23 18:53:11"], "total_order": 1, "hotel_value": ["4.7"], "hotel_price": ["100"]}, "8394909": {"hotel_name": "\u5343\u591c\u5ea6\u5047\u516c\u5bd3(\u9752\u5c9b\u6d41\u4ead\u673a\u573a\u5e97)", "order_time": ["2019-01-23 19:07:28", "2019-01-23 18:53:14", "2019-01-23 19:37:11"], "total_order": 3, "hotel_value": ["4.5", "4.5", "4.5"], "hotel_price": ["129", "129", "129"]}, "1741544": {"hotel_name": "\u91d1\u72ee100\u8fde\u9501\u5bbe\u9986(\u9752\u5c9b\u6c7d\u8f66\u5317\u7ad9\u5e97)", "order_time": ["2019-01-23 18:53:25"], "total_order": 1, "hotel_value": ["3.7"], "hotel_price": ["63"]}, "1706878": {"hotel_name": "\u9752\u5c9b\u4fcf\u4e1c\u65b9\u5047\u65e5\u9152\u5e97", "order_time": ["2019-01-23 18:53:28"], "total_order": 1, "hotel_value": ["3.9"], "hotel_price": ["54"]}, "939341": {"hotel_name": "\u9752\u5c9b\u81f4\u8fdc\u697c\u5bbe\u9986", "order_time": ["2019-01-23 18:55:10"], "total_order": 1, "hotel_value": ["4.5"], "hotel_price": ["224"]}, "5549364": {"hotel_name": "\u9752\u5c9b\u897f\u6d77\u5cb8\u9686\u548c\u827e\u7f8e\u5ea6\u5047\u9152\u5e97", "order_time": ["2019-01-23 18:55:14"], "total_order": 1, "hotel_value": ["4.6"], "hotel_price": ["358"]}, "1316341": {"hotel_name": "\u6c49\u5ead\u9152\u5e97(\u9752\u5c9b\u706b\u8f66\u7ad9\u897f\u5e7f\u573a\u5e97)", "order_time": ["2019-01-23 18:55:17"], "total_order": 1, "hotel_value": ["4.1"], "hotel_price": ["94"]}, "11375234": {"hotel_name": "\u6d77\u6f9c\u516c\u5bd3(\u9752\u5c9b\u91cd\u5e86\u5357\u8def\u5e97)", "order_time": ["2019-01-23 18:55:22"], "total_order": 1, "hotel_value": ["4.7"], "hotel_price": ["119"]}, "1054145": {"hotel_name": "\u9752\u5c9b\u8212\u5fc3\u9601\u5bbe\u9986", "order_time": ["2019-01-23 18:55:22"], "total_order": 1, "hotel_value": ["4.1"], "hotel_price": ["73"]}, "8597057": {"hotel_name": "\u9752\u5c9b\u9a7f\u65c5\u8ff7\u4f60\u65c5\u9986", "order_time": ["2019-01-23 18:55:23"], "total_order": 1, "hotel_value": ["4.0"], "hotel_price": ["80"]}, "1379314": {"hotel_name": "\u90fd\u5e02118\u8fde\u9501\u9152\u5e97(\u9752\u5c9b\u6d41\u4ead\u5e97)", "order_time": ["2019-01-23 19:09:36", "2019-01-23 18:55:26"], "total_order": 2, "hotel_value": ["4.2", "4.2"], "hotel_price": ["104", "104"]}, "16126995": {"hotel_name": "\u9752\u5c9b\u4e1c\u65b9\u5f71\u90fd\u4e07\u8fbe\u5e0c\u5c14\u987f\u9038\u6797\u9152\u5e97", "order_time": ["2019-01-23 18:57:21"], "total_order": 1, "hotel_value": ["4.6"], "hotel_price": ["458"]}, "16900448": {"hotel_name": "\u9752\u5c9b\u4e1c\u65b9\u5f71\u90fd\u878d\u521b\u4e07\u8fbe\u5609\u534e\u9152\u5e97", "order_time": ["2019-01-23 18:57:21"], "total_order": 1, "hotel_value": ["4.6"], "hotel_price": ["488"]}, "8915754": {"hotel_name": "\u9752\u5c9b\u7ef4\u6797\u827a\u5885\u6d77\u666f\u9152\u5e97", "order_time": ["2019-01-23 18:57:22"], "total_order": 1, "hotel_value": ["4.7"], "hotel_price": ["153"]}, "470042": {"hotel_name": "\u6c49\u5ead\u9152\u5e97(\u9752\u5c9b\u5c71\u4e1c\u8def\u4e07\u8fbe\u5e97)", "order_time": ["2019-01-23 18:57:22", "2019-01-23 19:02:22"], "total_order": 2, "hotel_value": ["4.6", "4.6"], "hotel_price": ["170", "170"]}, "8358075": {"hotel_name": "\u9752\u5c9b\u65af\u7c73\u5170\u6d77\u666f\u5ea6\u5047\u516c\u5bd3\u4e2d\u8054\u81ea\u7531\u6e2f\u6e7e\u5e97", "order_time": ["2019-01-23 18:57:22"], "total_order": 1, "hotel_value": ["4.7"], "hotel_price": ["76"]}, "994087": {"hotel_name": "\u5982\u5bb6\u5feb\u6377\u9152\u5e97(\u9752\u5c9b\u4e2d\u5c71\u8def\u5288\u67f4\u9662\u5e97)", "order_time": ["2019-01-23 18:57:22"], "total_order": 1, "hotel_value": ["4.4"], "hotel_price": ["78"]}, "1692619": {"hotel_name": "\u9752\u5c9b\u90fd\u5e02\u6625\u5929\u5047\u65e5\u5bbe\u9986(\u674e\u6751\u5b9d\u9f99\u5e7f\u573a\u5e97)", "order_time": ["2019-01-23 18:57:24"], "total_order": 1, "hotel_value": ["4.3"], "hotel_price": ["84"]}, "1165293": {"hotel_name": "\u9752\u5c9b\u5c1a\u54c1\u4e91\u56fe\u5bbe\u9986", "order_time": ["2019-01-23 18:57:25"], "total_order": 1, "hotel_value": ["4.2"], "hotel_price": ["64"]}, "1741177": {"hotel_name": "\u91d1\u72ee100\u8fde\u9501\u5bbe\u9986(\u9752\u5c9b\u6d41\u4ead\u673a\u573a\u5e97)", "order_time": ["2019-01-23 18:57:26"], "total_order": 1, "hotel_value": ["3.5"], "hotel_price": ["53"]}, "6466869": {"hotel_name": "\u7c73\u9ad8\u65f6\u5c1a\u9152\u5e97(\u9752\u5c9b\u4e94\u56db\u5e7f\u573a\u8fdc\u6d0b\u5e97)", "order_time": ["2019-01-23 18:57:28"], "total_order": 1, "hotel_value": ["4.4"], "hotel_price": ["88"]}, "1716184": {"hotel_name": "7\u5929\u8fde\u9501\u9152\u5e97(\u9752\u5c9b\u8fbd\u9633\u897f\u8def\u65b0\u4e1a\u5e7f\u573a\u5730\u94c1\u7ad9\u5e97)", "order_time": ["2019-01-23 18:57:30"], "total_order": 1, "hotel_value": ["4.2"], "hotel_price": ["125"]}, "5527970": {"hotel_name": "\u9752\u5c9b\u65af\u7ef4\u767b\u5ea6\u5047\u516c\u5bd3(\u57ce\u9633\u673a\u573a\u5e97)", "order_time": ["2019-01-23 18:57:32"], "total_order": 1, "hotel_value": ["4.7"], "hotel_price": ["119"]}, "371188": {"hotel_name": "\u9752\u5c9b\u9890\u4e2d\u7687\u51a0\u5047\u65e5\u9152\u5e97", "order_time": ["2019-01-23 18:57:32", "2019-01-23 19:25:38"], "total_order": 2, "hotel_value": ["4.5", "4.5"], "hotel_price": ["526", "526"]}, "20615346": {"hotel_name": "\u827e\u5ba2\u6d77\u666f\u5ea6\u5047\u516c\u5bd3\uff08\u9752\u5c9b\u77f3\u8001\u4eba\u6d77\u6c34\u6d74\u573a\u5e97\uff09", "order_time": ["2019-01-23 19:16:41", "2019-01-23 18:57:33"], "total_order": 2, "hotel_value": ["4.8", "4.8"], "hotel_price": ["216", "216"]}, "2310159": {"hotel_name": "\u90fd\u5e02118(\u9752\u5c9b\u8fbd\u9633\u897f\u8def\u6d6e\u5c71\u540e\u5e97)", "order_time": ["2019-01-23 18:57:35"], "total_order": 1, "hotel_value": ["4.5"], "hotel_price": ["93"]}, "1695470": {"hotel_name": "\u6cdb\u7f8e\u8fde\u9501\u9152\u5e97(\u9752\u5c9b\u798f\u5dde\u8def\u5e97)", "order_time": ["2019-01-23 18:57:35"], "total_order": 1, "hotel_value": ["4.9"], "hotel_price": ["62"]}, "4744655": {"hotel_name": "\u9752\u5c9b\u8d35\u5bbe\u6765\u65c5\u9986", "order_time": ["2019-01-23 18:57:59"], "total_order": 1, "hotel_value": ["3.9"], "hotel_price": ["38"]}, "7859115": {"hotel_name": "\u66e6\u9014\u00b7\u672a\u6765\u667a\u80fd\u5ea6\u5047\u516c\u5bd3(\u9752\u5c9b\u5965\u5e06\u4e94\u56db\u5e7f\u573a\u4e07\u8c61\u57ce\u5e97)", "order_time": ["2019-01-23 18:59:58"], "total_order": 1, "hotel_value": ["4.8"], "hotel_price": ["220"]}, "1874920": {"hotel_name": "\u5c1a\u5ba2\u4f18\u5feb\u6377\u9152\u5e97(\u5373\u58a8\u6c7d\u8f66\u603b\u7ad9\u5e97)", "order_time": ["2019-01-23 18:59:59"], "total_order": 1, "hotel_value": ["4.6"], "hotel_price": ["94"]}, "6107278": {"hotel_name": "\u5c1a\u5ba2\u4f18\u7cbe\u9009\u9152\u5e97(\u9752\u5c9b\u5373\u58a8\u5f00\u53d1\u533a\u65b0\u653f\u5e9c\u5e97)(\u539f\u8fbd\u6cb3\u4e00\u8def\u5e97)", "order_time": ["2019-01-23 18:59:59"], "total_order": 1, "hotel_value": ["4.0"], "hotel_price": ["103"]}, "436088": {"hotel_name": "\u9752\u5c9b\u8d35\u90fd\u56fd\u9645\u5927\u996d\u5e97(\u539f\u9752\u5c9b\u56fd\u6566\u5927\u9152\u5e97)", "order_time": ["2019-01-23 19:11:45", "2019-01-23 19:00:00"], "total_order": 2, "hotel_value": ["4.6", "4.6"], "hotel_price": ["383", "383"]}, "669110": {"hotel_name": "\u9752\u5c9b\u5e7f\u4e1a\u9526\u6c5f\u5927\u9152\u5e97", "order_time": ["2019-01-23 19:00:00"], "total_order": 1, "hotel_value": ["4.6"], "hotel_price": ["384"]}, "1501841": {"hotel_name": "\u83ab\u6cf0168(\u9752\u5c9b\u6808\u6865\u706b\u8f66\u7ad9\u897f\u5e7f\u573a\u5e97)", "order_time": ["2019-01-23 19:00:02"], "total_order": 1, "hotel_value": ["4.6"], "hotel_price": ["92"]}, "2703503": {"hotel_name": "\u5c1a\u5ba2\u4f18\u5feb\u6377\u9152\u5e97(\u5373\u58a8\u73af\u79c0\u5e97)", "order_time": ["2019-01-23 19:00:04"], "total_order": 1, "hotel_value": ["3.8"], "hotel_price": ["104"]}, "7516194": {"hotel_name": "\u5fc6\u5c0f\u7a9d\u56fd\u9645\u9752\u5e74\u65c5\u820d(\u9752\u5c9b\u5317\u706b\u8f66\u7ad9\u5e97)", "order_time": ["2019-01-23 19:00:29"], "total_order": 1, "hotel_value": ["4.7"], "hotel_price": ["33"]}, "5075928": {"hotel_name": "\u5e73\u5ea6\u4e1c\u83b1\u5927\u9152\u5e97", "order_time": ["2019-01-23 19:01:34", "2019-01-23 19:19:54"], "total_order": 2, "hotel_value": ["4.6", "4.6"], "hotel_price": ["193", "193"]}, "6080545": {"hotel_name": "\u5e73\u5ea6\u4e2d\u5929\u5546\u52a1\u5bbe\u9986(\u539f\u90fd\u5e02118\u9752\u5c9b\u5e73\u5ea6\u8d38\u6613\u57ce\u5e97)", "order_time": ["2019-01-23 19:01:34", "2019-01-23 19:17:36"], "total_order": 2, "hotel_value": ["4.5", "4.5"], "hotel_price": ["95", "95"]}, "2003292": {"hotel_name": "\u683c\u6797\u8c6a\u6cf0\u5feb\u6377\u9152\u5e97(\u80f6\u5dde\u5927\u540c\u5927\u53a6\u5e97)", "order_time": ["2019-01-23 19:01:36"], "total_order": 1, "hotel_value": ["4.2"], "hotel_price": ["144"]}, "443976": {"hotel_name": "\u90fd\u5e02118(\u9752\u5c9b\u674e\u6ca7\u6b65\u884c\u8857\u5e97)", "order_time": ["2019-01-23 19:02:22"], "total_order": 1, "hotel_value": ["4.6"], "hotel_price": ["84"]}, "10212249": {"hotel_name": "\u4e50\u5bb6\u8f69\u7cbe\u54c1\u670d\u52a1\u516c\u5bd3(\u9752\u5c9b\u9ad8\u65b0\u533a\u521b\u4e1a\u5927\u53a6\u65b9\u7279\u5e97)", "order_time": ["2019-01-23 19:02:22"], "total_order": 1, "hotel_value": ["4.6"], "hotel_price": ["134"]}, "458561": {"hotel_name": "\u6c49\u5ead\u9152\u5e97(\u9752\u5c9b\u53f0\u4e1c\u4e07\u8fbe\u5e97)", "order_time": ["2019-01-23 19:02:22"], "total_order": 1, "hotel_value": ["4.7"], "hotel_price": ["132"]}, "16203907": {"hotel_name": "\u67ab\u53f6\u9152\u5e97\u5f0f\u516c\u5bd3(\u9752\u5c9b\u77f3\u6cb9\u5927\u5b66\u543e\u60a6\u5e7f\u573a\u5e97)", "order_time": ["2019-01-23 19:02:22"], "total_order": 1, "hotel_value": ["4.8"], "hotel_price": ["70"]}, "6639554": {"hotel_name": "\u9752\u5c9b\u4e50\u5bb6\u8f69\u4e50\u5de2\u6c11\u5bbf(\u9752\u5c9b\u706b\u8f66\u5317\u7ad9\u5e97)", "order_time": ["2019-01-23 19:02:24"], "total_order": 1, "hotel_value": ["4.6"], "hotel_price": ["124"]}, "425590": {"hotel_name": "\u9752\u5c9b\u946b\u6c5f\u6e29\u5fb7\u59c6\u9152\u5e97", "order_time": ["2019-01-23 19:02:26", "2019-01-23 19:07:17", "2019-01-23 19:32:30", "2019-01-23 19:18:55"], "total_order": 4, "hotel_value": ["4.8", "4.8", "4.8", "4.8"], "hotel_price": ["499", "499", "499", "499"]}, "25679475": {"hotel_name": "\u9752\u5c9b\u56db\u5b63\u4e07\u4f73\u9152\u5e97\u516c\u5bd3", "order_time": ["2019-01-23 19:02:33"], "total_order": 1, "hotel_value": ["4.8"], "hotel_price": ["217"]}, "2084467": {"hotel_name": "\u9752\u5c9b678\u673a\u573a\u516c\u5bd3\u9152\u5e97(\u7533\u6e2f\u82b1\u56ed\u5e97)", "order_time": ["2019-01-23 19:02:33"], "total_order": 1, "hotel_value": ["4.6"], "hotel_price": ["97"]}, "442301": {"hotel_name": "\u90fd\u5e02118(\u9752\u5c9b\u5d02\u5c71\u4f1a\u5c55\u4e2d\u5fc3\u5730\u94c1\u7ad9\u5e97)", "order_time": ["2019-01-23 19:02:33"], "total_order": 1, "hotel_value": ["4.4"], "hotel_price": ["97"]}, "1411665": {"hotel_name": "\u6377\u5229\u83b1\u5546\u52a1\u5bbe\u9986(\u9752\u5c9b\u674e\u6ca7\u6d77\u5c14\u5de5\u4e1a\u56ed\u5e97)", "order_time": ["2019-01-23 19:02:33", "2019-01-23 19:44:27"], "total_order": 2, "hotel_value": ["4.3", "4.3"], "hotel_price": ["65", "65"]}, "5665323": {"hotel_name": "\u745e\u7eb3\u6d77\u666f\u516c\u5bd3\u9152\u5e97(\u9752\u5c9b\u706b\u8f66\u7ad9\u6808\u6865\u5e97)", "order_time": ["2019-01-23 19:02:34"], "total_order": 1, "hotel_value": ["4.2"], "hotel_price": ["116"]}, "1302241": {"hotel_name": "\u7231\u5ba2100\u5546\u52a1\u5bbe\u9986(\u9752\u5c9b\u91cd\u5e86\u5317\u8def\u5e97)", "order_time": ["2019-01-23 19:35:12", "2019-01-23 19:02:43"], "total_order": 2, "hotel_value": ["4.1", "4.1"], "hotel_price": ["62", "62"]}, "772111": {"hotel_name": "\u9752\u5c9b\u5a01\u65af\u6c40\u9152\u5e97", "order_time": ["2019-01-23 19:03:49", "2019-01-23 19:43:11", "2019-01-23 19:10:27", "2019-01-23 19:19:54", "2019-01-23 19:31:09"], "total_order": 5, "hotel_value": ["4.6", "4.6", "4.6", "4.6", "4.6"], "hotel_price": ["630", "630", "630", "630", "630"]}, "2301077": {"hotel_name": "\u7231\u5c0a\u5ba2\u9152\u5e97(\u9752\u5c9b\u4e94\u56db\u5e7f\u573a\u5e97)", "order_time": ["2019-01-23 19:04:51", "2019-01-23 19:19:32", "2019-01-23 19:14:12"], "total_order": 3, "hotel_value": ["4.6", "4.6", "4.6"], "hotel_price": ["130", "130", "130"]}, "840717": {"hotel_name": "\u9752\u5c9b\u674e\u6ca7\u7eff\u57ce\u559c\u6765\u767b\u9152\u5e97", "order_time": ["2019-01-23 19:04:54"], "total_order": 1, "hotel_value": ["4.7"], "hotel_price": ["581"]}, "2301075": {"hotel_name": "\u7231\u5c0a\u5ba2\u9152\u5e97(\u9752\u5c9b\u5e7f\u7535\u5927\u53a6\u5e97)", "order_time": ["2019-01-23 19:04:55"], "total_order": 1, "hotel_value": ["4.5"], "hotel_price": ["110"]}, "5085596": {"hotel_name": "\u9526\u6c5f\u4e4b\u661f(\u9752\u5c9b\u6ca7\u53e3\u516c\u56ed\u5e97)", "order_time": ["2019-01-23 19:32:24", "2019-01-23 19:42:15", "2019-01-23 19:04:57"], "total_order": 3, "hotel_value": ["4.7", "4.7", "4.7"], "hotel_price": ["149", "149", "149"]}, "1374631": {"hotel_name": "\u83ab\u6cf0168(\u9752\u5c9b\u5f00\u53d1\u533a\u9999\u6c5f\u8def\u5546\u4e1a\u8857\u5e97)", "order_time": ["2019-01-23 19:05:03"], "total_order": 1, "hotel_value": ["4.5"], "hotel_price": ["109"]}, "2301689": {"hotel_name": "\u5c1a\u5ba2\u4f18\u5feb\u6377\u9152\u5e97(\u9752\u5c9b\u5f00\u53d1\u533a\u9ec4\u6cb3\u4e2d\u8def\u5e97)", "order_time": ["2019-01-23 19:05:04"], "total_order": 1, "hotel_value": ["3.1"], "hotel_price": ["93"]}, "2308468": {"hotel_name": "\u9752\u5c9b\u9752\u5e1d\u82d1\u5feb\u6377\u9152\u5e97", "order_time": ["2019-01-23 19:05:06"], "total_order": 1, "hotel_value": ["3.8"], "hotel_price": ["72"]}, "4645480": {"hotel_name": "\u9752\u5c9b\u67ab\u5ead\u6d77\u666f\u5ea6\u5047\u516c\u5bd3", "order_time": ["2019-01-23 19:05:09"], "total_order": 1, "hotel_value": ["4.7"], "hotel_price": ["85"]}, "1363741": {"hotel_name": "\u9752\u5c9b\u5b66\u82d1\u5047\u65e5\u5bbe\u9986", "order_time": ["2019-01-23 19:05:19"], "total_order": 1, "hotel_value": ["3.6"], "hotel_price": ["52"]}, "8924494": {"hotel_name": "\u6c83\u5fb7\u9152\u5e97\u516c\u5bd3(\u9752\u5c9b\u56fd\u4fe1\u4f1a\u5c55\u4e2d\u5fc3\u5e97)", "order_time": ["2019-01-23 19:07:14", "2019-01-23 19:30:15"], "total_order": 2, "hotel_value": ["4.7", "4.7"], "hotel_price": ["172", "172"]}, "6264032": {"hotel_name": "\u9752\u5c9b\u65bd\u6cf0\u6839\u535a\u9601\u57ce\u9645\u9152\u5e97", "order_time": ["2019-01-23 19:28:02", "2019-01-23 19:07:18"], "total_order": 2, "hotel_value": ["4.7", "4.7"], "hotel_price": ["298", "298"]}, "2359489": {"hotel_name": "\u5b89\u6f9c\u5bbe\u820d\u541b\u54c1\u6d77\u5cb8\u9152\u5e97(\u9752\u5c9b\u706b\u8f66\u7ad9\u6808\u6865\u9752\u533b\u9644\u9662\u5e97)", "order_time": ["2019-01-23 19:07:18"], "total_order": 1, "hotel_value": ["4.5"], "hotel_price": ["75"]}, "4093418": {"hotel_name": "\u4f0a\u7f8e\u841d\u8587\u6d77\u666f\u522b\u5885\u9152\u5e97(\u9752\u5c9b\u4e94\u56db\u5e7f\u573a\u666f\u533a\u5e97)", "order_time": ["2019-01-23 19:07:18"], "total_order": 1, "hotel_value": ["4.9"], "hotel_price": ["419"]}, "7019200": {"hotel_name": "\u9752\u5c9b\u6c50\u7f8e\u5bbf\u9152\u5e97", "order_time": ["2019-01-23 19:07:18"], "total_order": 1, "hotel_value": ["4.7"], "hotel_price": ["239"]}, "1606905": {"hotel_name": "\u9752\u5c9b\u5174\u5b89\u5927\u9152\u5e97", "order_time": ["2019-01-23 19:07:18"], "total_order": 1, "hotel_value": ["4.4"], "hotel_price": ["134"]}, "8982407": {"hotel_name": "\u4f0a\u7f8e\u841d\u8587\u6d77\u666f\u522b\u5885\u9152\u5e97(\u9752\u5c9b\u516b\u5927\u5173\u666f\u533a\u5e97)", "order_time": ["2019-01-23 19:07:18"], "total_order": 1, "hotel_value": ["4.9"], "hotel_price": ["489"]}, "8681476": {"hotel_name": "\u9752\u5c9b\u8046\u6d77\u94c2\u6708\u6d77\u666f\u5ea6\u5047\u516c\u5bd3", "order_time": ["2019-01-23 19:07:18"], "total_order": 1, "hotel_value": ["4.7"], "hotel_price": ["63"]}, "2318142": {"hotel_name": "\u9752\u5c9b\u67ab\u4e39\u767d\u9732\u6d77\u666f\u9152\u5e97\u516c\u5bd3", "order_time": ["2019-01-23 19:07:18"], "total_order": 1, "hotel_value": ["4.7"], "hotel_price": ["111"]}, "6608537": {"hotel_name": "\u6854\u5b50\u9152\u5e97\u00b7\u7cbe\u9009(\u9752\u5c9b\u56db\u6d41\u5357\u8def\u5e97)", "order_time": ["2019-01-23 19:07:18", "2019-01-23 19:30:15"], "total_order": 2, "hotel_value": ["4.9", "4.9"], "hotel_price": ["246", "246"]}, "1426280": {"hotel_name": "\u91d1\u6d77\u7ea2\u5b87\u5bbe\u9986(\u9752\u5c9b\u706b\u8f66\u7ad9\u897f\u5e7f\u573a\u5e97)", "order_time": ["2019-01-23 19:07:18"], "total_order": 1, "hotel_value": ["4.6"], "hotel_price": ["109"]}, "1607190": {"hotel_name": "\u9752\u5c9b\u6c14\u8c61\u5ea6\u5047\u6751", "order_time": ["2019-01-23 19:07:18"], "total_order": 1, "hotel_value": ["4.2"], "hotel_price": ["228"]}, "2136286": {"hotel_name": "\u9752\u5c9b\u7f8e\u5885\u5047\u671f\u9152\u5e9730\u53f7\u6d77\u8fb9\u522b\u5885", "order_time": ["2019-01-23 19:07:18"], "total_order": 1, "hotel_value": ["4.9"], "hotel_price": ["28978"]}, "19615245": {"hotel_name": "\u66e6\u9014\u89c2\u6f9c\u6d77\u666f\u5ea6\u5047\u522b\u5885(\u9752\u5c9b\u5965\u5e06\u4e94\u56db\u5e7f\u573a\u5e97)", "order_time": ["2019-01-23 19:07:18"], "total_order": 1, "hotel_value": ["4.9"], "hotel_price": ["20659"]}, "1585409": {"hotel_name": "\u9752\u5c9b\u5d02\u5c71\u534e\u73ba\u5927\u9152\u5e97", "order_time": ["2019-01-23 19:07:18"], "total_order": 1, "hotel_value": ["4.7"], "hotel_price": ["368"]}, "9561035": {"hotel_name": "\u9752\u5c9b\u6469\u767b\u4e0a\u57ce\u670d\u52a1\u516c\u5bd3(\u94f6\u76db\u6cf0\u65b0\u7a7a\u95f4)", "order_time": ["2019-01-23 19:07:18"], "total_order": 1, "hotel_value": ["4.4"], "hotel_price": ["146"]}, "823433": {"hotel_name": "\u9752\u5c9b\u82b1\u56ed\u5927\u9152\u5e97", "order_time": ["2019-01-23 19:07:18"], "total_order": 1, "hotel_value": ["4.6"], "hotel_price": ["298"]}, "450923": {"hotel_name": "\u9752\u5c9b\u4e16\u7eaa\u6d77\u4e30\u5927\u9152\u5e97", "order_time": ["2019-01-23 19:07:18"], "total_order": 1, "hotel_value": ["4.7"], "hotel_price": ["466"]}, "445195": {"hotel_name": "\u9752\u5c9b\u4e1c\u6656\u56fd\u9645\u5927\u9152\u5e97", "order_time": ["2019-01-23 19:07:18"], "total_order": 1, "hotel_value": ["4.5"], "hotel_price": ["266"]}, "18429092": {"hotel_name": "Q\u52a0\u00b7\u767e\u60a6\u5ea6\u5047\u516c\u5bd3(\u9752\u5c9b\u5965\u5e06\u5e97)", "order_time": ["2019-01-23 19:07:18"], "total_order": 1, "hotel_value": ["4.6"], "hotel_price": ["699"]}, "467216": {"hotel_name": "\u9752\u5c9b\u6d77\u666f\u82b1\u56ed\u5927\u9152\u5e97", "order_time": ["2019-01-23 19:07:18", "2019-01-23 19:34:52", "2019-01-23 19:23:25"], "total_order": 3, "hotel_value": ["4.8", "4.8", "4.8"], "hotel_price": ["497", "497", "497"]}, "9361728": {"hotel_name": "\u9752\u5c9b\u6d45\u91ce\u516c\u5bd3", "order_time": ["2019-01-23 19:07:22"], "total_order": 1, "hotel_value": ["4.6"], "hotel_price": ["95"]}, "1708181": {"hotel_name": "\u9752\u5c9b\u98ce\u5c1a\u00b7\u56db\u5b63\u5047\u65e5\u9152\u5e97(\u674e\u6751\u6b65\u884c\u8857\u5965\u514b\u65af\u5e7f\u573a\u5e97)", "order_time": ["2019-01-23 19:07:23"], "total_order": 1, "hotel_value": ["4.3"], "hotel_price": ["74"]}, "1185019": {"hotel_name": "\u9752\u5c9b\u798f\u6c38\u5927\u9152\u5e97", "order_time": ["2019-01-23 19:07:23"], "total_order": 1, "hotel_value": ["4.2"], "hotel_price": ["87"]}, "14536959": {"hotel_name": "\u9752\u5c9b\u76db\u5148\u751f\u9152\u5e97\u5f0f\u516c\u5bd3", "order_time": ["2019-01-23 19:07:25"], "total_order": 1, "hotel_value": ["4.6"], "hotel_price": ["112"]}, "2063983": {"hotel_name": "\u9752\u5c9b\u76f8\u89c1\u540d\u5bbf", "order_time": ["2019-01-23 19:07:45"], "total_order": 1, "hotel_value": [0], "hotel_price": ["48"]}, "5024700": {"hotel_name": "\u9752\u5c9b\u591a\u60a6\u9152\u5e97", "order_time": ["2019-01-23 19:09:37", "2019-01-23 19:16:49"], "total_order": 2, "hotel_value": ["4.4", "4.4"], "hotel_price": ["154", "154"]}, "21826038": {"hotel_name": "\u9752\u5c9b\u6c49\u5353\u9152\u5e97", "order_time": ["2019-01-23 19:09:41"], "total_order": 1, "hotel_value": ["4.7"], "hotel_price": ["430"]}, "23227885": {"hotel_name": "\u9752\u5c9b\u683c\u96f7\u65af\u7cbe\u9009\u9152\u5e97", "order_time": ["2019-01-23 19:30:12", "2019-01-23 19:09:41"], "total_order": 2, "hotel_value": ["4.9", "4.9"], "hotel_price": ["243", "243"]}, "23842821": {"hotel_name": "\u6854\u5b50\u7cbe\u9009\u9152\u5e97(\u9752\u5c9b\u80f6\u4e1c\u673a\u573a\u5e97)", "order_time": ["2019-01-23 19:10:27"], "total_order": 1, "hotel_value": ["4.9"], "hotel_price": ["246"]}, "994192": {"hotel_name": "\u5982\u5bb6\u5feb\u6377\u9152\u5e97(\u5373\u58a8\u9e64\u5c71\u8def\u5927\u94dc\u9a6c\u5e7f\u573a\u5e97)", "order_time": ["2019-01-23 19:11:42"], "total_order": 1, "hotel_value": ["4.6"], "hotel_price": ["110"]}, "1938134": {"hotel_name": "\u83ab\u6cf0168(\u9752\u5c9b\u674e\u6751\u5730\u94c1\u7ad9\u6b65\u884c\u8857\u5e97)", "order_time": ["2019-01-23 19:11:44"], "total_order": 1, "hotel_value": ["4.5"], "hotel_price": ["109"]}, "1886446": {"hotel_name": "\u7231\u820d\u7a7a\u95f4\u5546\u52a1\u9152\u5e97(\u9752\u5c9b\u5c1a\u6ea2\u5e97)", "order_time": ["2019-01-23 19:11:44"], "total_order": 1, "hotel_value": ["4.5"], "hotel_price": ["83"]}, "427987": {"hotel_name": "\u5982\u5bb6\u5feb\u6377\u9152\u5e97(\u9752\u5c9b\u9999\u6e2f\u4e2d\u8def\u9752\u5927\u9ea6\u5c9b\u5730\u94c1\u7ad9\u5e97)", "order_time": ["2019-01-23 19:11:45"], "total_order": 1, "hotel_value": ["4.3"], "hotel_price": ["109"]}, "24532652": {"hotel_name": "\u5586\u5561\u9152\u5e97(\u9752\u5c9b\u77f3\u6cb9\u5927\u5b66\u5e97)", "order_time": ["2019-01-23 19:11:45"], "total_order": 1, "hotel_value": ["4.9"], "hotel_price": ["168"]}, "996027": {"hotel_name": "\u9752\u5c9b\u91d1\u6c99\u6ee9\u5e0c\u5c14\u987f\u9152\u5e97", "order_time": ["2019-01-23 19:11:45"], "total_order": 1, "hotel_value": ["4.6"], "hotel_price": ["556"]}, "430396": {"hotel_name": "\u9752\u5c9b\u5b9d\u9f99\u798f\u670b\u559c\u6765\u767b\u9152\u5e97", "order_time": ["2019-01-23 19:11:45"], "total_order": 1, "hotel_value": ["4.6"], "hotel_price": ["569"]}, "512490": {"hotel_name": "\u9752\u5c9b\u897f\u6d77\u5cb8\u5fb7\u6cf0\u5927\u9152\u5e97", "order_time": ["2019-01-23 19:11:47"], "total_order": 1, "hotel_value": ["4.7"], "hotel_price": ["262"]}, "1700442": {"hotel_name": "\u9752\u5c9b\u9a6c\u53ef\u6ce2\u7f57\u9152\u5e97", "order_time": ["2019-01-23 19:11:48"], "total_order": 1, "hotel_value": ["4.6"], "hotel_price": ["103"]}, "427991": {"hotel_name": "\u5982\u5bb6\u5feb\u6377\u9152\u5e97(\u9752\u5c9b\u53f0\u4e1c\u5546\u4e1a\u533a\u5229\u6d25\u8def\u5e97)", "order_time": ["2019-01-23 19:11:50"], "total_order": 1, "hotel_value": ["4.4"], "hotel_price": ["86"]}, "987678": {"hotel_name": "\u9752\u5c9b\u6d6e\u5c71\u6e7e\u5bbe\u9986(\u4e94\u56db\u5e7f\u573a\u5e97)", "order_time": ["2019-01-23 19:11:51", "2019-01-23 19:25:46"], "total_order": 2, "hotel_value": ["4.2", "4.2"], "hotel_price": ["71", "71"]}, "2045228": {"hotel_name": "\u5e73\u5ea6\u8d5b\u5bb6\u5ba2\u623f", "order_time": ["2019-01-23 19:13:21"], "total_order": 1, "hotel_value": ["4.2"], "hotel_price": ["98"]}, "7690235": {"hotel_name": "Q\u52a0\u00b7\u79a7\u60a6\u5047\u65e5\u9152\u5e97(\u9752\u5c9b\u706b\u8f66\u7ad9\u4e1c\u5e7f\u573a\u6808\u6865\u5e97)(\u539f\u9752\u5c9b\u79a7\u60a6\u5047\u65e5\u9152\u5e97)", "order_time": ["2019-01-23 19:14:12"], "total_order": 1, "hotel_value": ["4.5"], "hotel_price": ["99"]}, "669757": {"hotel_name": "\u9752\u5c9b\u5b9d\u9f99\u827a\u7b51\u9152\u5e97", "order_time": ["2019-01-23 19:14:14"], "total_order": 1, "hotel_value": ["4.5"], "hotel_price": ["189"]}, "2889670": {"hotel_name": "\u9752\u5e74\u00b7\u90fd\u5e02\u8ff7\u4f60(\u9752\u5c9b\u519c\u4e1a\u5927\u5b66\u5e97)", "order_time": ["2019-01-23 19:14:16"], "total_order": 1, "hotel_value": ["4.5"], "hotel_price": ["73"]}, "427936": {"hotel_name": "\u5982\u5bb6\u5feb\u6377\u9152\u5e97(\u9752\u5c9b\u6d77\u5c14\u8def\u4f1a\u5c55\u4e2d\u5fc3\u6d77\u6c34\u6d74\u573a\u5e97)", "order_time": ["2019-01-23 19:14:22"], "total_order": 1, "hotel_value": ["4.4"], "hotel_price": ["173"]}, "9736221": {"hotel_name": "\u9752\u5c9b\u5b9c\u5bb6\u5546\u52a1\u9152\u5e97(\u539f\u6b27\u98de\u8fde\u9501\u9152\u5e97)", "order_time": ["2019-01-23 19:14:22"], "total_order": 1, "hotel_value": ["4.6"], "hotel_price": ["73"]}, "2301851": {"hotel_name": "7\u5929\u8fde\u9501\u9152\u5e97(\u9752\u5c9b\u9547\u5b81\u7acb\u4ea4\u6865\u5e97)", "order_time": ["2019-01-23 19:14:22"], "total_order": 1, "hotel_value": ["3.9"], "hotel_price": ["70"]}, "1623930": {"hotel_name": "\u9752\u5c9b\u591a\u7ef4\u00b7NeedHotel(\u4f60\u7684\u56fd\u9645\u65c5\u820d)", "order_time": ["2019-01-23 19:14:25"], "total_order": 1, "hotel_value": ["4.1"], "hotel_price": ["63"]}, "797209": {"hotel_name": "\u9752\u5c9b\u6808\u6865\u5168\u6d77\u666f\u65e5\u79df\u623f", "order_time": ["2019-01-23 19:14:25"], "total_order": 1, "hotel_value": ["4.8"], "hotel_price": ["34"]}, "1542881": {"hotel_name": "\u9752\u5c9b\u90fd\u5e02\u82b1\u56ed\u9152\u5e97(\u539f\u5170\u5ef7\u82b1\u56ed\u9152\u5e97)", "order_time": ["2019-01-23 19:16:34"], "total_order": 1, "hotel_value": ["4.2"], "hotel_price": ["95"]}, "2338161": {"hotel_name": "\u9752\u5c9b\u946b\u6da6\u4e16\u4f73\u5546\u52a1\u9152\u5e97(\u539f\u548c\u6da6\u4e16\u4f73\u5546\u52a1\u9152\u5e97)", "order_time": ["2019-01-23 19:16:35"], "total_order": 1, "hotel_value": ["4.2"], "hotel_price": ["122"]}, "16018600": {"hotel_name": "\u683c\u6797\u4e1c\u65b9\u9152\u5e97(\u9752\u5c9b\u4e16\u7eaa\u516c\u56ed\u6d41\u4ead\u673a\u573a\u5e97)", "order_time": ["2019-01-23 19:16:35", "2019-01-23 19:42:12", "2019-01-23 19:21:08"], "total_order": 3, "hotel_value": ["4.5", "4.5", "4.5"], "hotel_price": ["139", "139", "139"]}, "430450": {"hotel_name": "\u9752\u5c9b\u666f\u56ed\u5047\u65e5\u9152\u5e97", "order_time": ["2019-01-23 19:16:40", "2019-01-23 19:34:55"], "total_order": 2, "hotel_value": ["4.6", "4.6"], "hotel_price": ["581", "581"]}, "669081": {"hotel_name": "\u9752\u5c9b\u4e16\u7eaa\u6587\u534e\u9152\u5e97", "order_time": ["2019-01-23 19:16:41"], "total_order": 1, "hotel_value": ["4.6"], "hotel_price": ["156"]}, "2139868": {"hotel_name": "7\u5929\u8fde\u9501\u9152\u5e97(\u9752\u5c9b\u5c71\u4e1c\u8def\u4e2d\u592e\u5546\u52a1\u533a\u5e97)", "order_time": ["2019-01-23 19:16:47"], "total_order": 1, "hotel_value": ["3.9"], "hotel_price": ["70"]}, "669115": {"hotel_name": "\u9752\u5c9b\u4ea8\u4f2f\u5927\u9152\u5e97", "order_time": ["2019-01-23 19:16:48"], "total_order": 1, "hotel_value": ["4.2"], "hotel_price": ["258"]}, "5052818": {"hotel_name": "\u592a\u5e73\u6d0b\u6d77\u666f\u516c\u5bd3(\u9752\u5c9b\u4e94\u56db\u5e7f\u573a\u5e97)", "order_time": ["2019-01-23 19:16:50"], "total_order": 1, "hotel_value": ["4.2"], "hotel_price": ["74"]}, "5667963": {"hotel_name": "\u9752\u5c9b\u798f\u8302\u6e90\u5bbe\u9986(\u6d77\u4fe1\u5de5\u4e1a\u5e97)", "order_time": ["2019-01-23 19:17:00"], "total_order": 1, "hotel_value": [0], "hotel_price": ["35"]}, "2639907": {"hotel_name": "\u80f6\u5dde\u5317\u4eac\u5c45\u5bb6\u98ce\u5c1a\u9152\u5e97", "order_time": ["2019-01-23 19:17:36"], "total_order": 1, "hotel_value": ["4.6"], "hotel_price": ["78"]}, "3742704": {"hotel_name": "\u83b1\u897f\u9e3f\u7199\u798f\u7cbe\u54c1\u9152\u5e97", "order_time": ["2019-01-23 19:17:36"], "total_order": 1, "hotel_value": ["4.5"], "hotel_price": ["141"]}, "1692837": {"hotel_name": "\u5c1a\u5ba2\u4f18\u5feb\u6377\u9152\u5e97(\u9752\u5c9b\u5bcc\u6625\u6c5f\u8def\u957f\u9014\u7ad9\u77f3\u6cb9\u5927\u5b66\u5e97)", "order_time": ["2019-01-23 19:18:53"], "total_order": 1, "hotel_value": ["4.7"], "hotel_price": ["58"]}, "430419": {"hotel_name": "\u9752\u5c9b\u4e2d\u5fc3\u5047\u65e5\u9152\u5e97", "order_time": ["2019-01-23 19:18:54"], "total_order": 1, "hotel_value": ["4.7"], "hotel_price": ["501"]}, "994086": {"hotel_name": "\u5982\u5bb6\u5feb\u6377\u9152\u5e97(\u9752\u5c9b\u6d77\u5c14\u8def\u5730\u94c1\u7ad9\u9752\u5c71\u8def\u5e97)", "order_time": ["2019-01-23 19:30:16", "2019-01-23 19:19:00"], "total_order": 2, "hotel_value": ["4.6", "4.6"], "hotel_price": ["84", "84"]}, "6871026": {"hotel_name": "\u9752\u5c9b\u9014\u7a0b\u5bbe\u9986\u6d41\u4ead\u673a\u573a\u5e97", "order_time": ["2019-01-23 19:19:15"], "total_order": 1, "hotel_value": ["4.7"], "hotel_price": ["72"]}, "2147568": {"hotel_name": "\u83b1\u897f\u534e\u73ba\u5927\u9152\u5e97", "order_time": ["2019-01-23 19:19:54"], "total_order": 1, "hotel_value": ["4.7"], "hotel_price": ["449"]}, "6173744": {"hotel_name": "\u5e73\u5ea6\u534e\u73ba\u5927\u9152\u5e97", "order_time": ["2019-01-23 19:19:54", "2019-01-23 19:28:59"], "total_order": 2, "hotel_value": ["4.7", "4.7"], "hotel_price": ["349", "349"]}, "654770": {"hotel_name": "\u9752\u5c9b\u4e3d\u5929\u5927\u9152\u5e97", "order_time": ["2019-01-23 19:21:06"], "total_order": 1, "hotel_value": ["4.8"], "hotel_price": ["420"]}, "16900468": {"hotel_name": "\u9752\u5c9b\u4e1c\u65b9\u5f71\u90fd\u878d\u521b\u4e07\u8fbe\u6587\u534e\u9152\u5e97", "order_time": ["2019-01-23 19:21:07"], "total_order": 1, "hotel_value": ["4.6"], "hotel_price": ["572"]}, "1360631": {"hotel_name": "\u5c1a\u5ba2\u4f18\u5feb\u6377\u9152\u5e97(\u9752\u5c9b\u5965\u5e06\u4e2d\u5fc3\u5e97)", "order_time": ["2019-01-23 19:21:09"], "total_order": 1, "hotel_value": ["4.0"], "hotel_price": ["85"]}, "21125543": {"hotel_name": "\u591a\u7ef4\u7a7a\u95f4\u4e3b\u9898\u9152\u5e97(\u9752\u5c9b\u65d7\u8230\u5e97)", "order_time": ["2019-01-23 19:21:12"], "total_order": 1, "hotel_value": ["4.7"], "hotel_price": ["174"]}, "1290135": {"hotel_name": "\u5586\u60a6\u7cbe\u54c1\u8fde\u9501\u9152\u5e97(\u9752\u5c9b\u674e\u6751\u6b65\u884c\u8857\u541b\u5cf0\u8def\u5730\u94c1\u7ad9\u5e97)", "order_time": ["2019-01-23 19:21:12"], "total_order": 1, "hotel_value": ["4.2"], "hotel_price": ["81"]}, "5073205": {"hotel_name": "\u9752\u5c9b\u6df1\u84dd\u661f\u5546\u52a1\u9152\u5e97", "order_time": ["2019-01-23 19:21:14"], "total_order": 1, "hotel_value": ["4.7"], "hotel_price": ["154"]}, "1297296": {"hotel_name": "\u9752\u5c9b\u5b9c\u5bb699\u7cbe\u54c1\u5ba2\u6808", "order_time": ["2019-01-23 19:21:18"], "total_order": 1, "hotel_value": ["4.6"], "hotel_price": ["104"]}, "19100508": {"hotel_name": "\u9752\u5c9b\u68a6\u5e7b\u9886\u5bd3\u6d77\u666f\u65e5\u79df\u623f", "order_time": ["2019-01-23 19:21:22"], "total_order": 1, "hotel_value": ["4.7"], "hotel_price": ["30"]}, "5306612": {"hotel_name": "\u5c1a\u5ba2\u4f18\u9a8f\u6021\u8fde\u9501\u9152\u5e97(\u9752\u5c9b\u6c7d\u8f66\u5317\u7ad9\u5e97)", "order_time": ["2019-01-23 19:21:24"], "total_order": 1, "hotel_value": ["3.5"], "hotel_price": ["62"]}, "27355914": {"hotel_name": "\u9752\u5c9b\u65b0\u5929\u5730\u8fde\u9501\u5bbe\u9986", "order_time": ["2019-01-23 19:21:38"], "total_order": 1, "hotel_value": [0], "hotel_price": ["61"]}, "3202843": {"hotel_name": "\u7231\u5c0a\u5ba2\u7cbe\u54c1\u9152\u5e97(\u9752\u5c9b\u57ce\u9633\u6b63\u9633\u4e2d\u8def\u5e97)", "order_time": ["2019-01-23 19:23:22"], "total_order": 1, "hotel_value": ["4.7"], "hotel_price": ["178"]}, "780412": {"hotel_name": "\u9526\u6c5f\u4e4b\u661f(\u9752\u5c9b\u5f00\u53d1\u533a\u6c5f\u5c71\u4e2d\u8def\u5e97)", "order_time": ["2019-01-23 19:23:27"], "total_order": 1, "hotel_value": ["4.4"], "hotel_price": ["119"]}, "1371788": {"hotel_name": "\u6854\u5b50\u00b7\u6c34\u6676\u9152\u5e97(\u9752\u5c9b\u4e94\u56db\u5e7f\u573a\u6d77\u666f\u5e97)", "order_time": ["2019-01-23 19:25:38"], "total_order": 1, "hotel_value": ["4.7"], "hotel_price": ["313"]}, "446001": {"hotel_name": "\u5b9d\u60a6\u7ba1\u5bb6\u5f0f\u670d\u52a1\u516c\u5bd3(\u9752\u5c9b\u5564\u9152\u57ce\u4f1a\u5c55\u4e2d\u5fc3\u5e97)", "order_time": ["2019-01-23 19:25:41"], "total_order": 1, "hotel_value": ["4.2"], "hotel_price": ["372"]}, "5733262": {"hotel_name": "\u5343\u5bbf\u5ea6\u5047\u516c\u5bd3(\u9752\u5c9b\u4e3d\u6676\u5fa1\u7b51\u5e97)(\u539f\u5343\u5bbf\u534e\u8bfa\u601d\u5ea6\u5047\u516c\u5bd3)", "order_time": ["2019-01-23 19:25:41"], "total_order": 1, "hotel_value": ["4.6"], "hotel_price": ["137"]}, "8576043": {"hotel_name": "\u7f8e\u5bbf\u5047\u65e5\u6d77\u666f\u9152\u5e97(\u9752\u5c9b\u543e\u60a6\u5e7f\u573a\u5e97)(\u539f\u7f8e\u5bbf\u5047\u65e5\u9152\u5e97)", "order_time": ["2019-01-23 19:30:28", "2019-01-23 19:25:41", "2019-01-23 19:34:52"], "total_order": 3, "hotel_value": ["4.6", "4.6", "4.6"], "hotel_price": ["105", "105", "105"]}, "3268419": {"hotel_name": "\u57df\u9152\u5e97(\u9752\u5c9b\u519c\u4e1a\u5927\u5b66\u5e97)", "order_time": ["2019-01-23 19:25:42"], "total_order": 1, "hotel_value": ["4.6"], "hotel_price": ["262"]}, "6582881": {"hotel_name": "\u6df1\u84dd\u6d77\u4e4b\u604b\u5bb6\u516c\u5bd3(\u9752\u5c9b\u5927\u62c7\u6307\u4f1a\u5c55\u4e2d\u5fc3\u5e97)", "order_time": ["2019-01-23 19:25:46"], "total_order": 1, "hotel_value": ["4.4"], "hotel_price": ["85"]}, "2935119": {"hotel_name": "\u5609\u5fb7\u591c\u8272\u827a\u672f\u4e3b\u9898\u9152\u5e97(\u9752\u5c9b\u674e\u6751\u5730\u94c1\u6b65\u884c\u8857\u706b\u8f66\u5317\u7ad9\u5e97)", "order_time": ["2019-01-23 19:25:47"], "total_order": 1, "hotel_value": ["4.6"], "hotel_price": ["84"]}, "21092717": {"hotel_name": "\u745e\u83b1\u9890\u7f8e\u9152\u5e97(\u9752\u5c9b\u6d77\u4e0a\u5609\u5e74\u534e\u5e97)", "order_time": ["2019-01-23 19:25:50"], "total_order": 1, "hotel_value": ["4.6"], "hotel_price": ["136"]}, "2140433": {"hotel_name": "\u683c\u6797\u8054\u76df\u9152\u5e97(\u9752\u5c9b\u4e50\u5ba2\u57ce\u674e\u6751\u5730\u94c1\u7ad9\u5e97)", "order_time": ["2019-01-23 19:25:55"], "total_order": 1, "hotel_value": ["4.4"], "hotel_price": ["87"]}, "4015211": {"hotel_name": "\u80f6\u5dde\u96c5\u5c45\u65c5\u9986", "order_time": ["2019-01-23 19:26:46"], "total_order": 1, "hotel_value": [0], "hotel_price": ["39"]}, "2086063": {"hotel_name": "\u5e73\u5ea6\u91d1\u9716\u5546\u52a1\u5bbe\u9986", "order_time": ["2019-01-23 19:26:53"], "total_order": 1, "hotel_value": [0], "hotel_price": ["39"]}, "6107287": {"hotel_name": "\u91cc\u9662\u5bbe\u820d(\u9752\u5c9b\u706b\u8f66\u7ad9\u603b\u5e97)", "order_time": ["2019-01-23 19:28:02"], "total_order": 1, "hotel_value": ["4.6"], "hotel_price": ["75"]}, "995120": {"hotel_name": "\u94f6\u5ea7\u4f73\u9a7f\u9152\u5e97(\u9752\u5c9b\u4e2d\u592e\u5546\u52a1\u533a\u4e07\u8fbe\u5e7f\u573a\u5e97)(\u539f\u5b81\u590f\u8def\u5e97)", "order_time": ["2019-01-23 19:28:03"], "total_order": 1, "hotel_value": ["4.2"], "hotel_price": ["104"]}, "994191": {"hotel_name": "\u5982\u5bb6\u5feb\u6377\u9152\u5e97(\u5373\u58a8\u53e4\u57ce\u9e64\u5c71\u8def\u5e97)", "order_time": ["2019-01-23 19:28:26"], "total_order": 1, "hotel_value": ["4.7"], "hotel_price": ["111"]}, "1535421": {"hotel_name": "\u5e73\u5ea6\u6613\u4f70\u826f\u54c1\u9152\u5e97(\u539f\u5e73\u5ea6\u683c\u745e\u7279\u5546\u52a1\u5bbe\u9986)", "order_time": ["2019-01-23 19:28:53"], "total_order": 1, "hotel_value": ["4.0"], "hotel_price": ["84"]}, "5482123": {"hotel_name": "\u9752\u5c9b\u94f6\u6cb3\u5047\u65e5\u9152\u5e97", "order_time": ["2019-01-23 19:30:09"], "total_order": 1, "hotel_value": ["4.7"], "hotel_price": ["173"]}, "5147819": {"hotel_name": "\u6c49\u5ead\u9152\u5e97(\u9752\u5c9b\u7535\u5b50\u4fe1\u606f\u57ce\u5e97)", "order_time": ["2019-01-23 19:30:11"], "total_order": 1, "hotel_value": ["4.4"], "hotel_price": ["113"]}, "23472335": {"hotel_name": "\u7f8e\u8c6a\u4e3d\u81f4\u9152\u5e97(\u9752\u5c9b\u5e97)", "order_time": ["2019-01-23 19:30:12"], "total_order": 1, "hotel_value": ["4.8"], "hotel_price": ["399"]}, "1917800": {"hotel_name": "\u9752\u5c9b\u6df1\u84dd\u7687\u51a0\u590d\u5f0f\u5ea6\u5047\u516c\u5bd3", "order_time": ["2019-01-23 19:30:13"], "total_order": 1, "hotel_value": ["4.3"], "hotel_price": ["78"]}, "430544": {"hotel_name": "\u9752\u5c9b\u5feb\u901a\u56fd\u9645\u9152\u5e97", "order_time": ["2019-01-23 19:37:15", "2019-01-23 19:30:14"], "total_order": 2, "hotel_value": ["4.5", "4.5"], "hotel_price": ["313", "313"]}, "21035843": {"hotel_name": "\u9752\u5c9b\u4e00\u6f9c\u672a\u592e\u5047\u65e5\u9152\u5e97\u5f0f\u516c\u5bd3", "order_time": ["2019-01-23 19:30:21"], "total_order": 1, "hotel_value": ["4.9"], "hotel_price": ["269"]}, "6455526": {"hotel_name": "\u9752\u5c9b\u67d2\u79a7\u6d77\u666f\u5ea6\u5047\u516c\u5bd3", "order_time": ["2019-01-23 19:30:21"], "total_order": 1, "hotel_value": ["4.8"], "hotel_price": ["67"]}, "5205608": {"hotel_name": "\u53cc\u5b50\u661f\u5ea6\u5047\u516c\u5bd3(\u9752\u5c9b\u4e2d\u8054\u81ea\u7531\u6e2f\u6e7e\u6808\u6865\u706b\u8f66\u7ad9\u5e97)", "order_time": ["2019-01-23 19:30:21"], "total_order": 1, "hotel_value": ["4.4"], "hotel_price": ["70"]}, "1522247": {"hotel_name": "\u9752\u5c9b\u91d1\u5ea7\u516c\u5bd3\u9152\u5e97", "order_time": ["2019-01-23 19:30:21"], "total_order": 1, "hotel_value": ["4.5"], "hotel_price": ["145"]}, "11403746": {"hotel_name": "\u5c1a\u5ba2\u4f18\u8fde\u9501\u9152\u5e97(\u519b\u6c11\u878d\u5408\u533a\u5e97)", "order_time": ["2019-01-23 19:30:21"], "total_order": 1, "hotel_value": ["4.6"], "hotel_price": ["112"]}, "10661053": {"hotel_name": "\u946b\u9f99\u5047\u65e5\u9152\u5e97\uff08\u9752\u5c9b\u6b66\u5937\u5c71\u8def\u5546\u4e1a\u8857\u5e97\uff09", "order_time": ["2019-01-23 19:30:21"], "total_order": 1, "hotel_value": ["4.5"], "hotel_price": ["84"]}, "5982552": {"hotel_name": "\u9752\u5c9b\u83f2\u683c\u516c\u5bd3\u9152\u5e97", "order_time": ["2019-01-23 19:30:22"], "total_order": 1, "hotel_value": ["4.6"], "hotel_price": ["95"]}, "8513921": {"hotel_name": "\u9752\u5c9b\u84dd\u6cca\u6e7e\u6d77\u666f\u5ea6\u5047\u516c\u5bd3(\u4e07\u8fbe\u4e1c\u65b9\u5f71\u90fd\u5e97)", "order_time": ["2019-01-23 19:30:22"], "total_order": 1, "hotel_value": ["4.0"], "hotel_price": ["77"]}, "482305": {"hotel_name": "\u5c1a\u5ba2\u4f18\u5feb\u6377\u9152\u5e97(\u9752\u5c9b\u4e39\u6c5f\u8def\u5317\u82d1\u5e97)", "order_time": ["2019-01-23 19:30:22"], "total_order": 1, "hotel_value": ["4.1"], "hotel_price": ["73"]}, "5895533": {"hotel_name": "\u5373\u58a8\u7231\u5ba2100\u8fde\u9501\u5bbe\u9986\u670d\u88c5\u57ce\u5e97", "order_time": ["2019-01-23 19:30:22"], "total_order": 1, "hotel_value": ["4.5"], "hotel_price": ["78"]}, "5994225": {"hotel_name": "7\u5929\u8fde\u9501\u9152\u5e97(\u9752\u5c9b\u6808\u6865\u4e2d\u5c71\u8def\u5e97)(\u539f\u6cf0\u9526\u5546\u52a1\u9152\u5e97)", "order_time": ["2019-01-23 19:30:22"], "total_order": 1, "hotel_value": ["4.3"], "hotel_price": ["89"]}, "2097028": {"hotel_name": "\u683c\u6797\u8c6a\u6cf0(\u9752\u5c9b\u706b\u8f66\u7ad9\u6808\u6865\u6e38\u8247\u7801\u5934\u5e97)", "order_time": ["2019-01-23 19:30:22"], "total_order": 1, "hotel_value": ["4.1"], "hotel_price": ["99"]}, "28642661": {"hotel_name": "\u9752\u5c9b\u84dd\u8272\u4e4b\u661f\u6d77\u666f\u516c\u5bd3", "order_time": ["2019-01-23 19:30:22"], "total_order": 1, "hotel_value": ["5.0"], "hotel_price": ["123"]}, "1717642": {"hotel_name": "\u9752\u5c9b\u6d77\u7fd4\u5546\u52a1\u9152\u5e97", "order_time": ["2019-01-23 19:30:22"], "total_order": 1, "hotel_value": ["4.2"], "hotel_price": ["75"]}, "1400563": {"hotel_name": "\u53ef\u4e34\u5b81\u8fde\u9501\u9152\u5e97(\u9752\u5c9b\u6b63\u9633\u4e1c\u8def\u5e97)(\u539f\u5c1a\u8c6a\u5c45\u5546\u52a1\u9152\u5e97)", "order_time": ["2019-01-23 19:30:22"], "total_order": 1, "hotel_value": ["4.1"], "hotel_price": ["80"]}, "17097984": {"hotel_name": "\u9752\u5c9b\u665f\u8a89\u9152\u5e97", "order_time": ["2019-01-23 19:30:22"], "total_order": 1, "hotel_value": ["4.6"], "hotel_price": ["148"]}, "2304497": {"hotel_name": "\u53cc\u73e0\u84dd\u6e2f\u5927\u9152\u5e97(\u9752\u5c9b\u8463\u5bb6\u53e3\u5e97)", "order_time": ["2019-01-23 19:30:22"], "total_order": 1, "hotel_value": ["4.4"], "hotel_price": ["113"]}, "1933202": {"hotel_name": "\u683c\u6797\u8054\u76df\u9152\u5e97(\u9752\u5c9b\u897f\u6d77\u5cb8\u6c7d\u8f66\u603b\u7ad9\u5e97)", "order_time": ["2019-01-23 19:30:22"], "total_order": 1, "hotel_value": ["4.3"], "hotel_price": ["98"]}, "1281661": {"hotel_name": "\u9752\u5c9b\u745e\u9716\u00b7\u57ce\u5e02mini\u9152\u5e97(\u539f\u9752\u5e74\u90fd\u5e02\u8ff7\u4f60\u9152\u5e97\u53f0\u4e1c\u5546\u4e1a\u533a\u4e07\u8fbe\u5e97)", "order_time": ["2019-01-23 19:30:22"], "total_order": 1, "hotel_value": ["4.4"], "hotel_price": ["64"]}, "709567": {"hotel_name": "\u90fd\u5e02\u5ba2\u5ea6\u5047\u516c\u5bd3(\u9752\u5c9b\u5d02\u5c71\u5927\u62c7\u6307\u6df1\u84dd\u516c\u5bd3\u5e97)", "order_time": ["2019-01-23 19:30:22"], "total_order": 1, "hotel_value": ["4.4"], "hotel_price": ["84"]}, "1963901": {"hotel_name": "\u6b27\u5723\u5170\u5ef7\u5ea6\u5047\u516c\u5bd3(\u9752\u5c9b\u5510\u5c9b\u6e7e\u5e97)", "order_time": ["2019-01-23 19:30:22"], "total_order": 1, "hotel_value": ["4.6"], "hotel_price": ["145"]}, "9585766": {"hotel_name": "\u80f6\u5dde\u65af\u7ef4\u767b\u5ea6\u5047\u9152\u5e97", "order_time": ["2019-01-23 19:31:12"], "total_order": 1, "hotel_value": [0], "hotel_price": ["78"]}, "791924": {"hotel_name": "\u94f6\u5ea7\u4f73\u9a7f\u9152\u5e97(\u5e73\u5ea6\u5929\u6d25\u8def\u5e97)(\u539f\u8679\u5586\u5546\u52a1\u5bbe\u9986)", "order_time": ["2019-01-23 19:31:18"], "total_order": 1, "hotel_value": ["4.5"], "hotel_price": ["99"]}, "8531362": {"hotel_name": "\u9752\u5c9b\u6c11\u56fd\u9152\u5e97", "order_time": ["2019-01-23 19:32:31", "2019-01-23 19:34:50"], "total_order": 2, "hotel_value": ["4.7", "4.7"], "hotel_price": ["258", "258"]}, "6475389": {"hotel_name": "\u9752\u5c9b\u4e2d\u8054\u81ea\u7531\u6e2f\u6e7e\u53cc\u5b50\u5854\u9152\u5e97", "order_time": ["2019-01-23 19:32:31"], "total_order": 1, "hotel_value": ["4.4"], "hotel_price": ["191"]}, "929520": {"hotel_name": "\u83ab\u6cf0168(\u9752\u5c9b\u674e\u6751\u5730\u94c1\u7ad9\u5cf0\u5c71\u8def\u5e97)(\u539f\u674e\u6ca7\u5e7f\u573a\u5cf0\u5c71\u8def\u5e97)", "order_time": ["2019-01-23 19:32:32"], "total_order": 1, "hotel_value": ["4.5"], "hotel_price": ["109"]}, "762421": {"hotel_name": "\u9752\u5c9b\u534e\u5e1d\u99a8\u82d1\u5546\u52a1\u9152\u5e97", "order_time": ["2019-01-23 19:32:33"], "total_order": 1, "hotel_value": ["4.6"], "hotel_price": ["123"]}, "6284217": {"hotel_name": "\u9752\u5c9b\u524d\u536b\u5bbe\u9986", "order_time": ["2019-01-23 19:32:38"], "total_order": 1, "hotel_value": ["4.5"], "hotel_price": ["69"]}, "6042162": {"hotel_name": "\u5586\u60a6\u8fde\u9501\u9152\u5e97(\u80f6\u5dde\u4f73\u4e50\u5bb6\u68a7\u5dde\u8def\u5e97)(\u539f\u6b27\u98de\u8fde\u9501\u9152\u5e97\u4e09\u91cc\u6cb3\u5546\u4e1a\u8857\u5e97)", "order_time": ["2019-01-23 19:33:21"], "total_order": 1, "hotel_value": ["4.0"], "hotel_price": ["73"]}, "19452820": {"hotel_name": "\u80f6\u5dde\u5b9c\u7136\u4e4b\u5bb6\u9152\u5e97\u516c\u5bd3", "order_time": ["2019-01-23 19:33:22"], "total_order": 1, "hotel_value": ["5.0"], "hotel_price": ["133"]}, "21724133": {"hotel_name": "\u5c1a\u5ba2\u4f18\u54c1\u9152\u5e97(\u80f6\u5dde\u5170\u5dde\u4e1c\u8def\u65b0\u6c7d\u8f66\u7ad9\u5e97)", "order_time": ["2019-01-23 19:34:02"], "total_order": 1, "hotel_value": ["4.8"], "hotel_price": ["155"]}, "1994999": {"hotel_name": "\u80f6\u5dde\u7f8e\u5c14\u5e0c\u987f\u4e3b\u9898\u9152\u5e97", "order_time": ["2019-01-23 19:34:02"], "total_order": 1, "hotel_value": ["3.7"], "hotel_price": ["108"]}, "438653": {"hotel_name": "\u9752\u5c9b\u6d77\u5929e\u5bb6\u5546\u52a1\u9152\u5e97", "order_time": ["2019-01-23 19:34:53"], "total_order": 1, "hotel_value": ["4.1"], "hotel_price": ["85"]}, "17263343": {"hotel_name": "\u6162\u5c45\u542c\u6d77\u7cbe\u54c1\u9152\u5e97(\u9752\u5c9b\u543e\u60a6\u5e7f\u573a\u5e97)", "order_time": ["2019-01-23 19:34:53"], "total_order": 1, "hotel_value": ["4.8"], "hotel_price": ["78"]}, "1097092": {"hotel_name": "\u6c49\u5ead\u9152\u5e97(\u9752\u5c9b\u53f0\u4e1c\u5546\u4e1a\u533a\u5e97)", "order_time": ["2019-01-23 19:34:54"], "total_order": 1, "hotel_value": ["4.3"], "hotel_price": ["94"]}, "994155": {"hotel_name": "\u5982\u5bb6\u5feb\u6377\u9152\u5e97(\u9752\u5c9b\u91cd\u5e86\u5357\u8def\u4e07\u79d1\u57ce\u5e97)", "order_time": ["2019-01-23 19:34:56"], "total_order": 1, "hotel_value": ["4.6"], "hotel_price": ["119"]}, "794951": {"hotel_name": "\u9752\u5c9b\u673a\u573a\u53cb\u4fe1\u822a\u7a7a\u516c\u5bd3", "order_time": ["2019-01-23 19:34:58"], "total_order": 1, "hotel_value": ["4.0"], "hotel_price": ["95"]}, "1732079": {"hotel_name": "\u5373\u58a8\u9526\u8302\u5bbe\u9986", "order_time": ["2019-01-23 19:34:58"], "total_order": 1, "hotel_value": ["4.5"], "hotel_price": ["273"]}, "5673703": {"hotel_name": "\u9752\u5c9b\u673a\u573a\u5bcc\u534e\u9152\u5e97(\u9999\u6e2f\u4e2d\u8def\u5e97)", "order_time": ["2019-01-23 19:34:58"], "total_order": 1, "hotel_value": ["4.5"], "hotel_price": ["181"]}, "1481151": {"hotel_name": "\u9752\u5c9b\u5982\u4e4b\u5bb6\u5bbe\u9986", "order_time": ["2019-01-23 19:35:01"], "total_order": 1, "hotel_value": ["4.0"], "hotel_price": ["58"]}, "6717999": {"hotel_name": "\u9752\u5c9b\u5eb7\u946b\u7f8e\u5feb\u6377\u5bbe\u9986", "order_time": ["2019-01-23 19:35:11"], "total_order": 1, "hotel_value": ["3.6"], "hotel_price": ["78"]}, "4628580": {"hotel_name": "\u5fc6\u5c0f\u7a9d\u9752\u5e74\u65c5\u820d(\u9752\u5c9b\u541b\u5cf0\u8def\u5730\u94c1\u7ad9\u5e97)", "order_time": ["2019-01-23 19:35:12"], "total_order": 1, "hotel_value": ["4.7"], "hotel_price": ["26"]}, "29477890": {"hotel_name": "\u9752\u5c9b\u5ef7\u5e8f\u516c\u5bd3", "order_time": ["2019-01-23 19:37:26"], "total_order": 1, "hotel_value": [0], "hotel_price": ["102"]}, "1725913": {"hotel_name": "\u5c1a\u5ba2\u4f18\u5feb\u6377\u9152\u5e97(\u9752\u5c9b\u4e95\u5188\u5c71\u8def\u4e2d\u5fc3\u5e97)", "order_time": ["2019-01-23 19:37:28"], "total_order": 1, "hotel_value": ["3.7"], "hotel_price": ["64"]}, "9034162": {"hotel_name": "\u90a3\u62fe\u826f\u820d\uff08\u9752\u5c9b\u6808\u6865\u5929\u4e3b\u6559\u5802\u5e97\uff09", "order_time": ["2019-01-23 19:37:30"], "total_order": 1, "hotel_value": ["4.4"], "hotel_price": ["30"]}, "1093405": {"hotel_name": "\u9752\u5c9b\u4e16\u56ed\u5bd2\u8f69\u9152\u5e97", "order_time": ["2019-01-23 19:37:37"], "total_order": 1, "hotel_value": ["4.5"], "hotel_price": ["399"]}, "531745": {"hotel_name": "\u6df1\u84dd\u590d\u5f0f\u516c\u5bd3(\u9752\u5c9b\u4f1a\u5c55\u4e2d\u5fc3\u6d77\u6c34\u6d74\u573a\u56fd\u4fe1)", "order_time": ["2019-01-23 19:37:37"], "total_order": 1, "hotel_value": ["4.6"], "hotel_price": ["138"]}, "25650838": {"hotel_name": "\u9752\u5c9b\u4f73\u60a6\u6da6\u6770\u5546\u52a1\u5bbe\u9986", "order_time": ["2019-01-23 19:38:30"], "total_order": 1, "hotel_value": [0], "hotel_price": ["106"]}, "436076": {"hotel_name": "\u9752\u5c9b\u6c47\u6cc9\u738b\u671d\u5927\u996d\u5e97", "order_time": ["2019-01-23 19:39:35"], "total_order": 1, "hotel_value": ["4.4"], "hotel_price": ["450"]}, "2304442": {"hotel_name": "7\u5929\u8fde\u9501\u9152\u5e97(\u9752\u5c9b\u6c7d\u8f66\u5317\u7ad9\u5e97)", "order_time": ["2019-01-23 19:39:37"], "total_order": 1, "hotel_value": ["3.9"], "hotel_price": ["99"]}, "2300560": {"hotel_name": "7\u5929\u8fde\u9501\u9152\u5e97(\u9752\u5c9b\u4e2d\u5c71\u516c\u56ed\u6d77\u6c34\u6d74\u573a\u5e97)", "order_time": ["2019-01-23 19:39:39"], "total_order": 1, "hotel_value": ["4.2"], "hotel_price": ["74"]}, "1734527": {"hotel_name": "\u9752\u5c9b\u7d2b\u8346\u82d1\u5bbe\u9986", "order_time": ["2019-01-23 19:39:40"], "total_order": 1, "hotel_value": ["4.6"], "hotel_price": ["351"]}, "1979422": {"hotel_name": "\u9752\u5c9b\u4f18\u5c1a\u5feb\u6377\u9152\u5e97", "order_time": ["2019-01-23 19:39:42"], "total_order": 1, "hotel_value": ["4.0"], "hotel_price": ["103"]}, "797235": {"hotel_name": "\u9752\u5c9b\u7f8e\u8d24\u5c45\u673a\u573a\u5bbe\u9986", "order_time": ["2019-01-23 19:39:45"], "total_order": 1, "hotel_value": ["3.6"], "hotel_price": ["110"]}, "1425536": {"hotel_name": "\u9752\u5c9b\u968f\u5fc3\u6240\u9047\u4e3b\u9898\u65c5\u820d(\u539f\u9752\u5c9b\u8584\u8377\u7cd6\u4e3b\u9898\u65c5\u820d)", "order_time": ["2019-01-23 19:39:49"], "total_order": 1, "hotel_value": ["4.1"], "hotel_price": ["57"]}, "1573833": {"hotel_name": "\u83b1\u897f\u534e\u5fa1\u5546\u52a1\u9152\u5e97", "order_time": ["2019-01-23 19:40:32"], "total_order": 1, "hotel_value": ["4.7"], "hotel_price": ["74"]}, "8174742": {"hotel_name": "\u9752\u5c9b\u91d1\u949f\u6d77\u5047\u65e5\u516c\u5bd3", "order_time": ["2019-01-23 19:42:27"], "total_order": 1, "hotel_value": ["4.6"], "hotel_price": ["74"]}, "994153": {"hotel_name": "\u5982\u5bb6\u5feb\u6377\u9152\u5e97(\u9752\u5c9b\u706b\u8f66\u5317\u7ad9\u5e97)", "order_time": ["2019-01-23 19:44:23"], "total_order": 1, "hotel_value": ["4.3"], "hotel_price": ["179"]}, "2970839": {"hotel_name": "\u9752\u5c9b\u8bfa\u4e01\u6c49\u6d77\u666f\u5ea6\u5047\u516c\u5bd3", "order_time": ["2019-01-23 19:44:24"], "total_order": 1, "hotel_value": ["4.3"], "hotel_price": ["75"]}, "13547901": {"hotel_name": "\u9526\u6c5f\u4e4b\u661f\u54c1\u5c1a(\u9752\u5c9b\u6cca\u91cc\u8463\u5bb6\u53e3\u5e97)", "order_time": ["2019-01-23 19:44:24"], "total_order": 1, "hotel_value": ["4.8"], "hotel_price": ["159"]}, "23841203": {"hotel_name": "\u9f99\u6e2f\u6e7e\u9152\u5e97(\u9752\u5c9b\u65d7\u8230\u5e97)", "order_time": ["2019-01-23 19:44:24"], "total_order": 1, "hotel_value": ["4.3"], "hotel_price": ["124"]}, "4803830": {"hotel_name": "\u6b27\u5723\u5170\u5ef7\u5ea6\u5047\u516c\u5bd3(\u9752\u5c9b\u4e07\u8fbe\u8302\u5e97)", "order_time": ["2019-01-23 19:44:24"], "total_order": 1, "hotel_value": ["4.7"], "hotel_price": ["92"]}, "1613449": {"hotel_name": "\u591a\u7ef4\u7a7a\u95f4\u7cbe\u54c1\u9152\u5e97(\u9752\u5c9b\u674e\u6751\u6b65\u884c\u8857\u5e97)", "order_time": ["2019-01-23 19:44:27"], "total_order": 1, "hotel_value": ["4.4"], "hotel_price": ["124"]}, "2312404": {"hotel_name": "\u5c1a\u5ba2\u4f18\u5feb\u6377\u9152\u5e97(\u9752\u5c9b\u9ec4\u5c9b\u738b\u53f0\u5e97)", "order_time": ["2019-01-23 19:44:30"], "total_order": 1, "hotel_value": ["4.5"], "hotel_price": ["134"]}, "654493": {"hotel_name": "\u9752\u5c9b\u590d\u76db\u5927\u9152\u5e97", "order_time": ["2019-01-23 19:44:31"], "total_order": 1, "hotel_value": ["4.3"], "hotel_price": ["310"]}, "2300090": {"hotel_name": "\u5c1a\u5ba2\u4f18\u5feb\u6377\u9152\u5e97(\u9752\u5c9b\u5609\u9675\u6c5f\u897f\u8def\u5e97)", "order_time": ["2019-01-23 19:44:31"], "total_order": 1, "hotel_value": ["4.3"], "hotel_price": ["74"]}, "1458477": {"hotel_name": "\u5c1a\u5ba2\u4f18\u5feb\u6377\u9152\u5e97(\u9752\u5c9b\u6808\u6865\u4e2d\u5c71\u8def\u5e97)", "order_time": ["2019-01-23 19:44:42"], "total_order": 1, "hotel_value": ["2.9"], "hotel_price": ["80"]}}}