{"\u5f00\u59cb\u8bb0\u5f55\u65f6\u95f4": "2019-01-05 02:55:05", "\u7ed3\u675f\u8bb0\u5f55\u65f6\u95f4": "2019-01-05 03:55:05", "\u8ba2\u5355\u603b\u589e\u91cf": 33, "item": {"5981337": {"hotel_name": "\u6700\u9752\u5c9b\u56fd\u9645\u9752\u5e74\u65c5\u820d\u4e94\u56db\u5e7f\u573a\u5e97", "order_time": ["2019-01-05 02:57:16"], "total_order": 1, "hotel_value": ["4.5"], "hotel_price": ["26"]}, "5527970": {"hotel_name": "\u9752\u5c9b\u65af\u7ef4\u767b\u5ea6\u5047\u516c\u5bd3(\u57ce\u9633\u673a\u573a\u5e97)", "order_time": ["2019-01-05 02:59:14"], "total_order": 1, "hotel_value": ["4.7"], "hotel_price": ["119"]}, "1871054": {"hotel_name": "\u94c2\u6e2f\u6d77\u666f\u5ea6\u5047\u516c\u5bd3(\u9752\u5c9b\u90a3\u9c81\u6e7e\u5e97)", "order_time": ["2019-01-05 02:59:15"], "total_order": 1, "hotel_value": ["4.3"], "hotel_price": ["114"]}, "8953561": {"hotel_name": "\u9752\u5c9b\u4e00\u6240\u5ea6\u5047\u516c\u5bd3(\u68a6\u65f6\u4ee3\u5e7f\u573a\u5e97)", "order_time": ["2019-01-05 03:03:14"], "total_order": 1, "hotel_value": ["4.7"], "hotel_price": ["113"]}, "2624847": {"hotel_name": "\u9752\u5c9b\u83ab\u4e3d\u00b7\u7cbe\u9009\u9152\u5e97", "order_time": ["2019-01-05 03:05:14"], "total_order": 1, "hotel_value": ["4.5"], "hotel_price": ["216"]}, "6000795": {"hotel_name": "\u6b27\u98de\u8fde\u9501\u9152\u5e97(\u9752\u5c9b\u674e\u6751\u6b65\u884c\u8857\u5965\u514b\u65af\u5e7f\u573a\u5e97)", "order_time": ["2019-01-05 03:05:14"], "total_order": 1, "hotel_value": ["4.2"], "hotel_price": ["73"]}, "5494318": {"hotel_name": "\u9752\u5c9b\u6770\u514b\u00b7\u4e39\u5c3c\u9152\u5e97", "order_time": ["2019-01-05 03:07:14"], "total_order": 1, "hotel_value": ["4.4"], "hotel_price": ["139"]}, "5796148": {"hotel_name": "\u9752\u5c9b\u4e03\u591c\u60c5\u4fa3\u9152\u5e97", "order_time": ["2019-01-05 03:07:15"], "total_order": 1, "hotel_value": ["4.2"], "hotel_price": ["108"]}, "6466869": {"hotel_name": "\u7c73\u9ad8\u65f6\u5c1a\u9152\u5e97(\u9752\u5c9b\u4e94\u56db\u5e7f\u573a\u8fdc\u6d0b\u5e97)", "order_time": ["2019-01-05 03:15:15"], "total_order": 1, "hotel_value": ["4.4"], "hotel_price": ["104"]}, "2042651": {"hotel_name": "\u80f6\u5dde\u6d77\u9716\u8f69\u8fde\u9501\u9152\u5e97", "order_time": ["2019-01-05 03:15:20"], "total_order": 1, "hotel_value": ["4.0"], "hotel_price": ["63"]}, "1337363": {"hotel_name": "\u6e05\u534e\u56ed\u5bbe\u9986(\u80f6\u5dde\u798f\u5dde\u5357\u8def\u5e97)", "order_time": ["2019-01-05 03:15:20"], "total_order": 1, "hotel_value": ["4.6"], "hotel_price": ["66"]}, "21926969": {"hotel_name": "\u80f6\u5dde\u4ed9\u6c90\u6c64\u9152\u5e97", "order_time": ["2019-01-05 03:15:20"], "total_order": 1, "hotel_value": [0], "hotel_price": ["126"]}, "2034979": {"hotel_name": "\u7231\u5ba2100\u4e3b\u9898\u8fde\u9501\u5bbe\u9986(\u80f6\u5dde\u5317\u5173\u60c5\u8da3\u65f6\u5149\u4e3b\u9898\u5e97)", "order_time": ["2019-01-05 03:15:20"], "total_order": 1, "hotel_value": ["4.4"], "hotel_price": ["67"]}, "2175702": {"hotel_name": "\u83b1\u897f\u91d1\u8bda\u5bbe\u9986", "order_time": ["2019-01-05 03:15:20"], "total_order": 1, "hotel_value": ["4.7"], "hotel_price": ["39"]}, "10153285": {"hotel_name": "\u80f6\u5dde\u6b27\u98demini\u8fde\u9501\u9152\u5e97", "order_time": ["2019-01-05 03:15:20"], "total_order": 1, "hotel_value": ["4.6"], "hotel_price": ["104"]}, "2039211": {"hotel_name": "\u90fd\u5e02118(\u80f6\u5dde\u79a7\u5f95\u4e50\u535a\u89c8\u57ce\u5e97)(\u539f\u5170\u5dde\u897f\u8def\u5e97)", "order_time": ["2019-01-05 03:15:20"], "total_order": 1, "hotel_value": ["3.5"], "hotel_price": ["90"]}, "4739036": {"hotel_name": "\u83b1\u897f\u5e02\u6797\u6210\u5546\u52a1\u5bbe\u9986", "order_time": ["2019-01-05 03:15:20"], "total_order": 1, "hotel_value": ["4.8"], "hotel_price": ["36"]}, "4739845": {"hotel_name": "\u80f6\u5dde\u9752\u5c9b\u4ed6\u5979\u5ba2\u6808", "order_time": ["2019-01-05 03:15:20"], "total_order": 1, "hotel_value": [0], "hotel_price": ["79"]}, "2637165": {"hotel_name": "\u80f6\u5dde\u8fce\u7965\u5546\u52a1\u5bbe\u9986", "order_time": ["2019-01-05 03:15:20"], "total_order": 1, "hotel_value": ["4.6"], "hotel_price": ["47"]}, "2164550": {"hotel_name": "\u67cf\u60a6\u7cbe\u54c1\u5ea6\u5047\u516c\u5bd3(\u9752\u5c9b\u81ea\u7531\u6e2f\u6e7e\u5e97)", "order_time": ["2019-01-05 03:17:14"], "total_order": 1, "hotel_value": ["4.5"], "hotel_price": ["93"]}, "22673546": {"hotel_name": "\u9752\u5c9b\u65af\u7ef4\u767b\u5ea6\u5047\u516c\u5bd3(\u57ce\u9633\u533a\u653f\u5e9c)", "order_time": ["2019-01-05 03:17:15"], "total_order": 1, "hotel_value": ["4.8"], "hotel_price": ["139"]}, "1664209": {"hotel_name": "\u9752\u5c9b\u5929\u745e\u661f\u7a7a\u9152\u5e97", "order_time": ["2019-01-05 03:21:23", "2019-01-05 03:21:22", "2019-01-05 03:21:14"], "total_order": 3, "hotel_value": ["4.6", "4.6", "4.6"], "hotel_price": ["446", "446", "446"]}, "929520": {"hotel_name": "\u83ab\u6cf0168(\u9752\u5c9b\u674e\u6751\u5730\u94c1\u7ad9\u5cf0\u5c71\u8def\u5e97)(\u539f\u674e\u6ca7\u5e7f\u573a\u5cf0\u5c71\u8def\u5e97)", "order_time": ["2019-01-05 03:23:18"], "total_order": 1, "hotel_value": ["4.5"], "hotel_price": ["108"]}, "6577116": {"hotel_name": "\u9752\u5c9b\u60a6\u6f9c\u9152\u5e97\u516c\u5bd3(\u4e94\u56db\u5e7f\u573a\u4e2d\u94c1\u4e2d\u5fc3\u5e97)", "order_time": ["2019-01-05 03:23:18"], "total_order": 1, "hotel_value": ["4.8"], "hotel_price": ["213"]}, "22454731": {"hotel_name": "\u9752\u5c9b\u8d1d\u9716\u7cbe\u9009\u9152\u5e97", "order_time": ["2019-01-05 03:27:14"], "total_order": 1, "hotel_value": ["4.8"], "hotel_price": ["140"]}, "1306753": {"hotel_name": "\u9752\u5c9b\u51ef\u83b1\u5546\u52a1\u9152\u5e97", "order_time": ["2019-01-05 03:33:14"], "total_order": 1, "hotel_value": ["4.2"], "hotel_price": ["146"]}, "5482123": {"hotel_name": "\u9752\u5c9b\u94f6\u6cb3\u5047\u65e5\u9152\u5e97", "order_time": ["2019-01-05 03:35:16"], "total_order": 1, "hotel_value": ["4.7"], "hotel_price": ["131"]}, "992456": {"hotel_name": "\u9752\u5c9b\u540d\u90fd\u51ef\u83b1\u9152\u5e97", "order_time": ["2019-01-05 03:41:13"], "total_order": 1, "hotel_value": ["4.4"], "hotel_price": ["349"]}, "752756": {"hotel_name": "\u9752\u5c9b\u897f\u6d77\u5cb8\u9890\u745e\u51ef\u83b1\u9152\u5e97", "order_time": ["2019-01-05 03:51:17"], "total_order": 1, "hotel_value": ["4.6"], "hotel_price": ["302"]}, "438731": {"hotel_name": "\u4e2d\u822a\u7fd4\u901a\u6e38\u8247\u4f1a\u9152\u5e97(\u9752\u5c9b\u5965\u5e06\u4e2d\u5fc3\u4e94\u56db\u5e7f\u573a\u5e97)", "order_time": ["2019-01-05 03:53:14"], "total_order": 1, "hotel_value": ["4.8"], "hotel_price": ["326"]}, "427991": {"hotel_name": "\u5982\u5bb6\u5feb\u6377\u9152\u5e97(\u9752\u5c9b\u53f0\u4e1c\u5546\u4e1a\u533a\u5229\u6d25\u8def\u5e97)", "order_time": ["2019-01-05 03:53:15"], "total_order": 1, "hotel_value": ["4.4"], "hotel_price": ["76"]}}}