{"\u5f00\u59cb\u8bb0\u5f55\u65f6\u95f4": "2019-01-15 03:00:42", "\u7ed3\u675f\u8bb0\u5f55\u65f6\u95f4": "2019-01-15 04:09:04", "\u8ba2\u5355\u603b\u589e\u91cf": 37, "item": {"25270439": {"hotel_name": "\u9752\u5c9b\u673a\u573a\u4e16\u7eaa\u516c\u56ed\u4e9a\u6735\u9152\u5e97", "order_time": ["2019-01-15 03:06:08"], "total_order": 1, "hotel_value": ["4.9"], "hotel_price": ["285"]}, "1406840": {"hotel_name": "\u6d3e\u9152\u5e97(\u9752\u5c9b\u706b\u8f66\u7ad9\u5e97)", "order_time": ["2019-01-15 03:06:18"], "total_order": 1, "hotel_value": ["3.8"], "hotel_price": ["61"]}, "5660283": {"hotel_name": "\u9752\u5c9b\u6728\u5b50\u5ea6\u5047\u516c\u5bd3\u5c71\u82b1\u56ed\u5e97", "order_time": ["2019-01-15 03:06:18"], "total_order": 1, "hotel_value": ["4.7"], "hotel_price": ["154"]}, "1692911": {"hotel_name": "\u9752\u5c9b\u6808\u6865\u6d69\u6d77\u84dd\u5ead\u89c2\u6d77\u65e5\u79df\u623f(\u539f\u6d69\u6d77\u84dd\u5ead\u89c2\u6d77\u516c\u5bd3)", "order_time": ["2019-01-15 03:06:18"], "total_order": 1, "hotel_value": ["4.8"], "hotel_price": ["48"]}, "6827381": {"hotel_name": "\u9752\u5c9b\u661f\u671f\u4e94\u4e3b\u9898\u9152\u5e97", "order_time": ["2019-01-15 03:06:18"], "total_order": 1, "hotel_value": ["4.2"], "hotel_price": ["68"]}, "1458477": {"hotel_name": "\u5c1a\u5ba2\u4f18\u5feb\u6377\u9152\u5e97(\u9752\u5c9b\u6808\u6865\u4e2d\u5c71\u8def\u5e97)", "order_time": ["2019-01-15 03:06:18"], "total_order": 1, "hotel_value": ["2.9"], "hotel_price": ["76"]}, "24055729": {"hotel_name": "\u5c1a\u5ba2\u4f18\u7cbe\u9009\u9152\u5e97(\u9752\u5c9b\u4e94\u56db\u5e7f\u573a\u5965\u5e06\u5e97)", "order_time": ["2019-01-15 03:08:19"], "total_order": 1, "hotel_value": ["4.7"], "hotel_price": ["130"]}, "443360": {"hotel_name": "\u5e73\u5ea6\u90fd\u5e02\u661f\u8054\u5927\u9152\u5e97", "order_time": ["2019-01-15 03:09:14"], "total_order": 1, "hotel_value": ["4.5"], "hotel_price": ["122"]}, "21124467": {"hotel_name": "\u9752\u5c9b\u65af\u7ef4\u767b\u7cbe\u54c1\u516c\u5bd3(\u4f1a\u5c55\u4e2d\u5fc3\u77f3\u8001\u4eba\u6d77\u6c34\u6d74\u573a)", "order_time": ["2019-01-15 03:10:32"], "total_order": 1, "hotel_value": ["4.9"], "hotel_price": ["227"]}, "21735796": {"hotel_name": "\u9752\u5c9b\u4e94\u56db\u5e7f\u573a\u4e9a\u6735\u9152\u5e97", "order_time": ["2019-01-15 03:10:32"], "total_order": 1, "hotel_value": ["4.8"], "hotel_price": ["316"]}, "5431526": {"hotel_name": "\u9752\u5c9b\u661f\u8c37\u56fd\u9645\u5b66\u672f\u4ea4\u6d41\u4e2d\u5fc3\u5bbe\u9986", "order_time": ["2019-01-15 03:10:35"], "total_order": 1, "hotel_value": ["4.6"], "hotel_price": ["228"]}, "5074736": {"hotel_name": "\u5e73\u5ea6\u6cf0\u7545\u5546\u52a1\u5bbe\u9986", "order_time": ["2019-01-15 03:12:06"], "total_order": 1, "hotel_value": ["4.6"], "hotel_price": ["93"]}, "8954787": {"hotel_name": "\u9752\u5c9b\u90a3\u7531\u4ed6\u667a\u80fd\u6d77\u666f\u6c11\u5bbf", "order_time": ["2019-01-15 03:12:51"], "total_order": 1, "hotel_value": ["4.8"], "hotel_price": ["389"]}, "28528994": {"hotel_name": "\u9752\u5c9b\u6591\u9a6c\u7cbe\u4eab\u9152\u5e97", "order_time": ["2019-01-15 03:15:10"], "total_order": 1, "hotel_value": ["5.0"], "hotel_price": ["130"]}, "1316402": {"hotel_name": "\u6c49\u5ead\u9152\u5e97(\u9752\u5c9b\u674e\u6ca7\u632f\u534e\u8def\u5730\u94c1\u7ad9\u5e97)(\u539f\u91cd\u5e86\u4e2d\u8def\u632f\u534e\u8def\u5e97)", "order_time": ["2019-01-15 03:17:35"], "total_order": 1, "hotel_value": ["4.4"], "hotel_price": ["151"]}, "1198136": {"hotel_name": "\u9752\u5c9b\u5229\u5ba2\u6765\u5546\u52a1\u9152\u5e97", "order_time": ["2019-01-15 03:19:50"], "total_order": 1, "hotel_value": ["4.2"], "hotel_price": ["116"]}, "6508376": {"hotel_name": "\u6155\u820d\u00b7\u8d1d\u683c\u9152\u5e97\u516c\u5bd3(\u9752\u5c9b\u4e07\u8c61\u57ce\u5965\u5e06\u4e94\u56db\u5e7f\u573a\u5e97)", "order_time": ["2019-01-15 03:23:42"], "total_order": 1, "hotel_value": ["4.9"], "hotel_price": ["268"]}, "4852424": {"hotel_name": "\u9752\u5c9b\u4e07\u8c6a\u5047\u65e5\u6d77\u666f\u5ea6\u5047\u516c\u5bd3", "order_time": ["2019-01-15 03:29:04"], "total_order": 1, "hotel_value": ["4.4"], "hotel_price": ["68"]}, "5482123": {"hotel_name": "\u9752\u5c9b\u94f6\u6cb3\u5047\u65e5\u9152\u5e97", "order_time": ["2019-01-15 03:31:18"], "total_order": 1, "hotel_value": ["4.7"], "hotel_price": ["133"]}, "1840574": {"hotel_name": "\u5c1a\u5ba2\u4f18\u5feb\u6377\u9152\u5e97(\u9752\u5c9b\u9ec4\u5c9b\u533a\u4e24\u6cb3\u8def\u6d77\u6c34\u6d74\u573a\u5e97)", "order_time": ["2019-01-15 03:31:19"], "total_order": 1, "hotel_value": ["4.5"], "hotel_price": ["94"]}, "438731": {"hotel_name": "\u4e2d\u822a\u7fd4\u901a\u6e38\u8247\u4f1a\u9152\u5e97(\u9752\u5c9b\u5965\u5e06\u4e2d\u5fc3\u4e94\u56db\u5e7f\u573a\u5e97)", "order_time": ["2019-01-15 03:32:39", "2019-01-15 03:32:29", "2019-01-15 03:32:28", "2019-01-15 03:32:44", "2019-01-15 03:32:35", "2019-01-15 03:32:38"], "total_order": 6, "hotel_value": ["4.8", "4.8", "4.8", "4.8", "4.8", "4.8"], "hotel_price": ["321", "321", "321", "321", "321", "321"]}, "23570404": {"hotel_name": "\u9752\u5c9b\u5e1d\u6d77\u7535\u5f71\u9152\u5e97", "order_time": ["2019-01-15 03:33:32"], "total_order": 1, "hotel_value": ["4.5"], "hotel_price": ["113"]}, "712009": {"hotel_name": "\u9752\u5c9b\u7231\u5bb6\u5ba2\u6d77\u666f\u65e5\u79df\u623f", "order_time": ["2019-01-15 03:33:48"], "total_order": 1, "hotel_value": ["4.8"], "hotel_price": ["29"]}, "25679475": {"hotel_name": "\u9752\u5c9b\u56db\u5b63\u4e07\u4f73\u9152\u5e97\u516c\u5bd3", "order_time": ["2019-01-15 03:35:49"], "total_order": 1, "hotel_value": ["4.8"], "hotel_price": ["206"]}, "5930359": {"hotel_name": "\u9752\u5c9b\u91d1\u77f3\u56fd\u9645\u5927\u9152\u5e97", "order_time": ["2019-01-15 03:40:28"], "total_order": 1, "hotel_value": ["4.8"], "hotel_price": ["386"]}, "20615346": {"hotel_name": "\u827e\u5ba2\u6d77\u666f\u5ea6\u5047\u516c\u5bd3\uff08\u9752\u5c9b\u77f3\u8001\u4eba\u6d77\u6c34\u6d74\u573a\u5e97\uff09", "order_time": ["2019-01-15 03:45:10"], "total_order": 1, "hotel_value": ["4.8"], "hotel_price": ["216"]}, "1321819": {"hotel_name": "\u9752\u5c9b\u94c2\u7f07\u7cbe\u9009\u9152\u5e97", "order_time": ["2019-01-15 03:54:23"], "total_order": 1, "hotel_value": ["4.1"], "hotel_price": ["70"]}, "16018600": {"hotel_name": "\u683c\u6797\u4e1c\u65b9\u9152\u5e97(\u9752\u5c9b\u4e16\u7eaa\u516c\u56ed\u6d41\u4ead\u673a\u573a\u5e97)", "order_time": ["2019-01-15 03:56:17"], "total_order": 1, "hotel_value": ["4.5"], "hotel_price": ["139"]}, "439559": {"hotel_name": "\u6606\u4ed1\u548c\u60a6\u5ea6\u5047\u9152\u5e97(\u9752\u5c9b\u5965\u5e06\u4e2d\u5fc3\u5e97)", "order_time": ["2019-01-15 04:00:50"], "total_order": 1, "hotel_value": ["4.3"], "hotel_price": ["247"]}, "385108": {"hotel_name": "\u9752\u5c9b\u6d77\u5c14\u6d32\u9645\u9152\u5e97", "order_time": ["2019-01-15 04:00:54"], "total_order": 1, "hotel_value": ["4.6"], "hotel_price": ["758"]}, "1371788": {"hotel_name": "\u6854\u5b50\u00b7\u6c34\u6676\u9152\u5e97(\u9752\u5c9b\u4e94\u56db\u5e7f\u573a\u6d77\u666f\u5e97)", "order_time": ["2019-01-15 04:03:08"], "total_order": 1, "hotel_value": ["4.7"], "hotel_price": ["379"]}, "5527970": {"hotel_name": "\u9752\u5c9b\u65af\u7ef4\u767b\u5ea6\u5047\u516c\u5bd3(\u57ce\u9633\u673a\u573a\u5e97)", "order_time": ["2019-01-15 04:07:36"], "total_order": 1, "hotel_value": ["4.7"], "hotel_price": ["119"]}}}