{"\u5f00\u59cb\u8bb0\u5f55\u65f6\u95f4": "2019-01-12 08:49:13", "\u7ed3\u675f\u8bb0\u5f55\u65f6\u95f4": "2019-01-12 09:56:38", "\u8ba2\u5355\u603b\u589e\u91cf": 225, "item": {"791367": {"hotel_name": "\u9752\u5c9b\u8bc1\u5927\u559c\u739b\u62c9\u96c5\u9152\u5e97", "order_time": ["2019-01-12 08:52:11"], "total_order": 1, "hotel_value": ["4.6"], "hotel_price": ["657"]}, "1373267": {"hotel_name": "\u5982\u5bb6\u5feb\u6377\u9152\u5e97(\u9752\u5c9b\u674e\u6751\u5730\u94c1\u7ad9\u6b65\u884c\u8857\u5e97)", "order_time": ["2019-01-12 09:03:36", "2019-01-12 08:52:11"], "total_order": 2, "hotel_value": ["4.6", "4.6"], "hotel_price": ["127", "127"]}, "427955": {"hotel_name": "\u5982\u5bb6\u5feb\u6377\u9152\u5e97(\u9752\u5c9b\u53f0\u4e1c\u6b65\u884c\u8857\u5e97)", "order_time": ["2019-01-12 08:52:12"], "total_order": 1, "hotel_value": ["4.5"], "hotel_price": ["121"]}, "712009": {"hotel_name": "\u9752\u5c9b\u7231\u5bb6\u5ba2\u6d77\u666f\u65e5\u79df\u623f", "order_time": ["2019-01-12 08:52:14"], "total_order": 1, "hotel_value": ["4.8"], "hotel_price": ["29"]}, "8576083": {"hotel_name": "\u7ef4\u4e5f\u7eb3\u667a\u597d\u9152\u5e97(\u9752\u5c9b\u57ce\u9633\u6d41\u4ead\u673a\u573a\u5e97)", "order_time": ["2019-01-12 08:52:16"], "total_order": 1, "hotel_value": ["4.8"], "hotel_price": ["251"]}, "1259981": {"hotel_name": "\u9752\u5c9b\u4e2d\u5929\u6d77\u666f\u9152\u5e97\uff08\u6808\u6865\u706b\u8f66\u7ad9\u5e97\uff09", "order_time": ["2019-01-12 09:48:21", "2019-01-12 09:55:12", "2019-01-12 08:52:19"], "total_order": 3, "hotel_value": ["4.8", "4.8", "4.8"], "hotel_price": ["97", "97", "97"]}, "6825957": {"hotel_name": "\u9752\u5c9b\u7ef4\u591a\u5229\u4e9a\u54c1\u5982\u5bb6\u56ed\u9152\u5e97\u5f0f\u516c\u5bd3", "order_time": ["2019-01-12 08:52:19"], "total_order": 1, "hotel_value": ["4.4"], "hotel_price": ["214"]}, "4421420": {"hotel_name": "\u9752\u5c9b\u8537\u8587\u82b1\u5f00\u9152\u5e97", "order_time": ["2019-01-12 08:52:23"], "total_order": 1, "hotel_value": ["3.9"], "hotel_price": ["132"]}, "24911596": {"hotel_name": "\u80f6\u5dde\u5f52\u5bb6\u6c11\u5bbf", "order_time": ["2019-01-12 08:53:40"], "total_order": 1, "hotel_value": [0], "hotel_price": ["123"]}, "840717": {"hotel_name": "\u9752\u5c9b\u674e\u6ca7\u7eff\u57ce\u559c\u6765\u767b\u9152\u5e97", "order_time": ["2019-01-12 08:54:28"], "total_order": 1, "hotel_value": ["4.7"], "hotel_price": ["744"]}, "2379128": {"hotel_name": "\u90fd\u5e02118\u8fde\u9501\u9152\u5e97(\u9752\u5c9b\u8f9b\u5b89\u5e97)", "order_time": ["2019-01-12 08:54:30"], "total_order": 1, "hotel_value": ["4.5"], "hotel_price": ["94"]}, "1979422": {"hotel_name": "\u9752\u5c9b\u4f18\u5c1a\u5feb\u6377\u9152\u5e97", "order_time": ["2019-01-12 08:54:32"], "total_order": 1, "hotel_value": ["4.1"], "hotel_price": ["83"]}, "901719": {"hotel_name": "7\u5929\u8fde\u9501\u9152\u5e97(\u9752\u5c9b\u6d77\u5c14\u5de5\u4e1a\u56ed\u5b9d\u9f99\u5e7f\u573a\u5e97)", "order_time": ["2019-01-12 08:54:35"], "total_order": 1, "hotel_value": ["4.6"], "hotel_price": ["99"]}, "19846790": {"hotel_name": "\u7b51\u7f8e\u5370\u8c61\u9152\u5e97\u5f0f\u516c\u5bd3(\u9752\u5c9b\u53f0\u4e1c\u6b65\u884c\u8857\u5e97)", "order_time": ["2019-01-12 08:56:45"], "total_order": 1, "hotel_value": ["4.7"], "hotel_price": ["99"]}, "13180834": {"hotel_name": "\u5c1a\u5ba2\u4f18\u7cbe\u9009\u9152\u5e97(\u9752\u5c9b\u4e16\u7eaa\u516c\u56ed\u6d41\u4ead\u673a\u573a\u5e97)(\u539f\u57ce\u9633\u4e16\u7eaa\u516c\u56ed\u5e97)", "order_time": ["2019-01-12 08:56:48"], "total_order": 1, "hotel_value": ["4.7"], "hotel_price": ["146"]}, "440316": {"hotel_name": "\u9752\u5c9b\u56db\u65b9\u5927\u9152\u5e97", "order_time": ["2019-01-12 08:56:48"], "total_order": 1, "hotel_value": ["4.4"], "hotel_price": ["83"]}, "7019200": {"hotel_name": "\u9752\u5c9b\u6c50\u7f8e\u5bbf\u9152\u5e97", "order_time": ["2019-01-12 08:56:50"], "total_order": 1, "hotel_value": ["4.7"], "hotel_price": ["268"]}, "436457": {"hotel_name": "\u9752\u5c9b\u6cdb\u6d77\u540d\u4eba\u9152\u5e97", "order_time": ["2019-01-12 08:56:50"], "total_order": 1, "hotel_value": ["4.4"], "hotel_price": ["305"]}, "531745": {"hotel_name": "\u6df1\u84dd\u590d\u5f0f\u516c\u5bd3(\u9752\u5c9b\u4f1a\u5c55\u4e2d\u5fc3\u6d77\u6c34\u6d74\u573a\u56fd\u4fe1)", "order_time": ["2019-01-12 08:56:50"], "total_order": 1, "hotel_value": ["4.6"], "hotel_price": ["219"]}, "5549364": {"hotel_name": "\u9752\u5c9b\u897f\u6d77\u5cb8\u9686\u548c\u827e\u7f8e\u5ea6\u5047\u9152\u5e97", "order_time": ["2019-01-12 08:56:51"], "total_order": 1, "hotel_value": ["4.6"], "hotel_price": ["388"]}, "794951": {"hotel_name": "\u9752\u5c9b\u673a\u573a\u53cb\u4fe1\u822a\u7a7a\u516c\u5bd3", "order_time": ["2019-01-12 08:56:51", "2019-01-12 09:08:12"], "total_order": 2, "hotel_value": ["4.0", "4.0"], "hotel_price": ["114", "114"]}, "2084467": {"hotel_name": "\u9752\u5c9b678\u673a\u573a\u516c\u5bd3\u9152\u5e97(\u7533\u6e2f\u82b1\u56ed\u5e97)", "order_time": ["2019-01-12 09:31:15", "2019-01-12 08:56:51"], "total_order": 2, "hotel_value": ["4.6", "4.6"], "hotel_price": ["144", "144"]}, "5264336": {"hotel_name": "\u9e92\u97f5\u516c\u5bd3(\u9752\u5c9b\u4e07\u8c61\u57ce\u4e94\u56db\u5e7f\u573a\u5965\u5e06\u4e2d\u5fc3\u5e97)", "order_time": ["2019-01-12 09:45:29", "2019-01-12 09:53:02", "2019-01-12 08:56:52"], "total_order": 3, "hotel_value": ["4.8", "4.8", "4.8"], "hotel_price": ["278", "278", "278"]}, "690869": {"hotel_name": "\u6d3e\u67cf\u00b7\u4e91\u9152\u5e97(\u9752\u5c9b\u4f1a\u5c55\u4e2d\u5fc3\u77f3\u8001\u4eba\u5730\u94c1\u7ad9\u5e97)(\u539f\u62c9\u6590\u5c14\u5927\u9152\u5e97\u4f1a\u5c55\u4e2d\u5fc3\u77f3\u8001\u4eba\u6d77\u6c34\u6d74\u573a\u5e97)", "order_time": ["2019-01-12 08:56:56"], "total_order": 1, "hotel_value": ["4.0"], "hotel_price": ["101"]}, "2329361": {"hotel_name": "\u9752\u5c9b\u65af\u7ef4\u767b\u5ea6\u5047\u516c\u5bd3(\u90ae\u8f6e\u6bcd\u6e2f\u5e97)", "order_time": ["2019-01-12 08:56:56"], "total_order": 1, "hotel_value": ["4.7"], "hotel_price": ["149"]}, "1607902": {"hotel_name": "\u9752\u5c9b\u4e09\u946b\u5fb7\u5bbe\u9986", "order_time": ["2019-01-12 08:56:56"], "total_order": 1, "hotel_value": ["5.0"], "hotel_price": ["78"]}, "1509884": {"hotel_name": "\u9752\u5c9b\u9ec4\u5c9b\u6021\u6d77\u60c5\u65c5\u9986", "order_time": ["2019-01-12 08:57:14"], "total_order": 1, "hotel_value": ["4.3"], "hotel_price": ["48"]}, "1727504": {"hotel_name": "\u5e73\u5ea6\u5706\u4e2d\u65b9\u5927\u9152\u5e97", "order_time": ["2019-01-12 08:58:07", "2019-01-12 09:13:57"], "total_order": 2, "hotel_value": ["4.7", "4.7"], "hotel_price": ["173", "173"]}, "4637626": {"hotel_name": "\u4e16\u7eaa\u9e3f\u6cf0\u9152\u5e97\u516c\u5bd3(\u9752\u5c9b\u4e2d\u8054\u81ea\u7531\u6e2f\u6e7e\u5e97)", "order_time": ["2019-01-12 08:58:58"], "total_order": 1, "hotel_value": ["4.7"], "hotel_price": ["122"]}, "442301": {"hotel_name": "\u90fd\u5e02118(\u9752\u5c9b\u5d02\u5c71\u4f1a\u5c55\u4e2d\u5fc3\u5730\u94c1\u7ad9\u5e97)", "order_time": ["2019-01-12 08:59:01"], "total_order": 1, "hotel_value": ["4.4"], "hotel_price": ["106"]}, "1095993": {"hotel_name": "\u901f8\u9152\u5e97(\u80f6\u5dde\u5317\u5173\u6c47\u82f1\u540d\u90e1\u5e97)", "order_time": ["2019-01-12 09:00:17"], "total_order": 1, "hotel_value": ["4.4"], "hotel_price": ["98"]}, "19583911": {"hotel_name": "\u9752\u5c9b\u6cca\u5ba2\u4ed5\u5bb6\u7cbe\u54c1\u516c\u5bd3", "order_time": ["2019-01-12 09:01:11"], "total_order": 1, "hotel_value": ["4.9"], "hotel_price": ["206"]}, "427999": {"hotel_name": "\u5982\u5bb6\u7cbe\u9009\u9152\u5e97(\u9752\u5c9b\u516b\u5927\u5173\u592a\u5e73\u89d2\u516c\u56ed\u5730\u94c1\u7ad9\u5e97)", "order_time": ["2019-01-12 09:10:40", "2019-01-12 09:01:14"], "total_order": 2, "hotel_value": ["4.7", "4.7"], "hotel_price": ["179", "179"]}, "1732079": {"hotel_name": "\u5373\u58a8\u9526\u8302\u5bbe\u9986", "order_time": ["2019-01-12 09:01:14"], "total_order": 1, "hotel_value": ["4.5"], "hotel_price": ["263"]}, "5795844": {"hotel_name": "\u9752\u5c9b\u56db\u65b9\u5927\u9152\u5e97\u8d35\u5bbe\u697c", "order_time": ["2019-01-12 09:01:15"], "total_order": 1, "hotel_value": ["4.3"], "hotel_price": ["112"]}, "1211586": {"hotel_name": "\u6c49\u5ead\u9152\u5e97(\u9752\u5c9b\u4f1a\u5c55\u4e2d\u5fc3\u5e97)", "order_time": ["2019-01-12 09:21:52", "2019-01-12 09:01:16"], "total_order": 2, "hotel_value": ["4.4", "4.4"], "hotel_price": ["132", "132"]}, "8327511": {"hotel_name": "\u9752\u5c9b\u90fd\u5e02118\u7cbe\u9009\u9152\u5e97\u5373\u58a8\u670d\u88c5\u57ce\u5e97", "order_time": ["2019-01-12 09:01:18"], "total_order": 1, "hotel_value": ["4.6"], "hotel_price": ["111"]}, "3045084": {"hotel_name": "\u6c49\u5ead\u9152\u5e97(\u9752\u5c9b\u6d41\u4ead\u673a\u573a\u5e97)", "order_time": ["2019-01-12 09:01:19"], "total_order": 1, "hotel_value": ["4.3"], "hotel_price": ["161"]}, "2496851": {"hotel_name": "\u5c1a\u5ba2\u4f18\u5feb\u6377\u9152\u5e97(\u9752\u5c9b\u6d41\u4ead\u673a\u573a\u5e97)", "order_time": ["2019-01-12 09:01:19"], "total_order": 1, "hotel_value": ["4.3"], "hotel_price": ["124"]}, "18540621": {"hotel_name": "\u5982\u5bb6\u7cbe\u9009\u9152\u5e97(\u9752\u5c9b\u674e\u6ca7\u4e5d\u6c34\u4e1c\u8def\u4e07\u8fbe\u5e7f\u573a\u5e97)", "order_time": ["2019-01-12 09:01:20"], "total_order": 1, "hotel_value": ["4.7"], "hotel_price": ["227"]}, "2299510": {"hotel_name": "\u80f6\u5357\u91d1\u6f9c\u5546\u52a1\u9152\u5e97", "order_time": ["2019-01-12 09:01:23"], "total_order": 1, "hotel_value": ["4.2"], "hotel_price": ["75"]}, "5895533": {"hotel_name": "\u5373\u58a8\u7231\u5ba2100\u8fde\u9501\u5bbe\u9986\u670d\u88c5\u57ce\u5e97", "order_time": ["2019-01-12 09:01:24"], "total_order": 1, "hotel_value": ["4.4"], "hotel_price": ["93"]}, "1606842": {"hotel_name": "\u9752\u5c9b\u53cc\u6e90\u5bbe\u9986", "order_time": ["2019-01-12 09:01:28"], "total_order": 1, "hotel_value": ["3.3"], "hotel_price": ["88"]}, "4719799": {"hotel_name": "\u9752\u5c9b\u5965\u5e06\u4e94\u56db\u5e7f\u573a\u4e9a\u6735\u9152\u5e97(\u539f\u5965\u5e06\u4e2d\u5fc3\u5e97)", "order_time": ["2019-01-12 09:05:09", "2019-01-12 09:03:33", "2019-01-12 09:05:07", "2019-01-12 09:05:16", "2019-01-12 09:11:48"], "total_order": 5, "hotel_value": ["4.8", "4.8", "4.8", "4.8", "4.8"], "hotel_price": ["298", "298", "298", "298", "298"]}, "8426688": {"hotel_name": "\u5982\u5bb6\u7cbe\u9009\u9152\u5e97(\u9752\u5c9b\u706b\u8f66\u7ad9\u6808\u6865\u5e97)", "order_time": ["2019-01-12 09:03:36"], "total_order": 1, "hotel_value": ["4.6"], "hotel_price": ["164"]}, "23472335": {"hotel_name": "\u7f8e\u8c6a\u4e3d\u81f4\u9152\u5e97(\u9752\u5c9b\u5e97)", "order_time": ["2019-01-12 09:03:37", "2019-01-12 09:26:41"], "total_order": 2, "hotel_value": ["4.9", "4.9"], "hotel_price": ["398", "398"]}, "436076": {"hotel_name": "\u9752\u5c9b\u6c47\u6cc9\u738b\u671d\u5927\u996d\u5e97", "order_time": ["2019-01-12 09:03:37"], "total_order": 1, "hotel_value": ["4.4"], "hotel_price": ["450"]}, "3202843": {"hotel_name": "\u7231\u5c0a\u5ba2\u7cbe\u54c1\u9152\u5e97(\u9752\u5c9b\u57ce\u9633\u6b63\u9633\u4e2d\u8def\u5e97)", "order_time": ["2019-01-12 09:03:40"], "total_order": 1, "hotel_value": ["4.7"], "hotel_price": ["157"]}, "1645358": {"hotel_name": "\u81ea\u7531\u884c\u9752\u5e74\u65c5\u793e(\u9752\u5c9b\u6808\u6865\u706b\u8f66\u7ad9\u5e97)", "order_time": ["2019-01-12 09:05:56"], "total_order": 1, "hotel_value": ["4.6"], "hotel_price": ["17"]}, "2305447": {"hotel_name": "\u9526\u6c5f\u4e4b\u661f(\u9752\u5c9b\u91cd\u5e86\u5357\u8def\u9ea6\u5fb7\u9f99\u5e97)", "order_time": ["2019-01-12 09:05:58"], "total_order": 1, "hotel_value": ["4.6"], "hotel_price": ["149"]}, "2301077": {"hotel_name": "\u7231\u5c0a\u5ba2\u9152\u5e97(\u9752\u5c9b\u4e94\u56db\u5e7f\u573a\u5e97)", "order_time": ["2019-01-12 09:46:11", "2019-01-12 09:06:02"], "total_order": 2, "hotel_value": ["4.6", "4.6"], "hotel_price": ["140", "140"]}, "2307012": {"hotel_name": "7\u5929\u8fde\u9501\u9152\u5e97(\u9752\u5c9b\u6d41\u4ead\u673a\u573a\u4e8c\u5e97)", "order_time": ["2019-01-12 09:06:04"], "total_order": 1, "hotel_value": ["3.9"], "hotel_price": ["99"]}, "17371411": {"hotel_name": "\u9752\u5c9b\u4e1c\u65b9\u5f71\u90fd\u878d\u521b\u7687\u51a0\u5047\u65e5\u9152\u5e97(\u539f\u4e1c\u65b9\u5f71\u90fd\u4e07\u8fbe\u7687\u51a0\u5047\u65e5\u9152\u5e97)", "order_time": ["2019-01-12 09:06:11"], "total_order": 1, "hotel_value": ["4.6"], "hotel_price": ["600"]}, "1868149": {"hotel_name": "\u5982\u5bb6\u5feb\u6377\u9152\u5e97(\u80f6\u5dde\u798f\u5dde\u5357\u8def\u5e97)", "order_time": ["2019-01-12 09:07:04"], "total_order": 1, "hotel_value": ["4.2"], "hotel_price": ["111"]}, "1535401": {"hotel_name": "\u5e73\u5ea6\u502a\u5bb6\u5546\u52a1\u5bbe\u9986", "order_time": ["2019-01-12 09:07:11"], "total_order": 1, "hotel_value": ["4.7"], "hotel_price": ["83"]}, "21131094": {"hotel_name": "\u4e91\u8212\u8f7b\u5962\u6d77\u666f\u516c\u5bd3(\u9752\u5c9b\u91d1\u6c99\u6ee9\u5510\u5c9b\u6e7e\u5e97)", "order_time": ["2019-01-12 09:08:13"], "total_order": 1, "hotel_value": ["4.8"], "hotel_price": ["166"]}, "23227885": {"hotel_name": "\u9752\u5c9b\u683c\u96f7\u65af\u7cbe\u9009\u9152\u5e97", "order_time": ["2019-01-12 09:08:17", "2019-01-12 09:33:33"], "total_order": 2, "hotel_value": ["4.8", "4.8"], "hotel_price": ["243", "243"]}, "5896610": {"hotel_name": "\u9752\u5c9b\u6d77\u8fb9\u4eba\u5bb6\u6d77\u666f\u5ea6\u5047\u516c\u5bd3\u4e2d\u8054\u81ea\u7531\u6e2f\u6e7e\u5e97", "order_time": ["2019-01-12 09:08:19"], "total_order": 1, "hotel_value": ["4.6"], "hotel_price": ["129"]}, "1374631": {"hotel_name": "\u83ab\u6cf0168(\u9752\u5c9b\u5f00\u53d1\u533a\u9999\u6c5f\u8def\u5546\u4e1a\u8857\u5e97)", "order_time": ["2019-01-12 09:08:21"], "total_order": 1, "hotel_value": ["4.5"], "hotel_price": ["109"]}, "1725780": {"hotel_name": "678\u673a\u573a\u9152\u5e97", "order_time": ["2019-01-12 09:08:29"], "total_order": 1, "hotel_value": ["4.4"], "hotel_price": ["71"]}, "25270439": {"hotel_name": "\u9752\u5c9b\u673a\u573a\u4e16\u7eaa\u516c\u56ed\u4e9a\u6735\u9152\u5e97", "order_time": ["2019-01-12 09:10:33"], "total_order": 1, "hotel_value": ["4.9"], "hotel_price": ["310"]}, "6825526": {"hotel_name": "\u9752\u5c9b\u65b0\u6fb3\u6d77\u666f\u5927\u9152\u5e97", "order_time": ["2019-01-12 09:10:34"], "total_order": 1, "hotel_value": ["4.5"], "hotel_price": ["207"]}, "4725953": {"hotel_name": "\u9526\u6c5f\u90fd\u57ce\u9152\u5e97(\u9752\u5c9b\u57ce\u9633\u533a\u653f\u5e9c\u5e97)", "order_time": ["2019-01-12 09:10:35"], "total_order": 1, "hotel_value": ["4.6"], "hotel_price": ["211"]}, "6841720": {"hotel_name": "\u9752\u5c9b\u6d77\u6db5\u8f69\u7cbe\u54c1\u9152\u5e97", "order_time": ["2019-01-12 09:10:36"], "total_order": 1, "hotel_value": ["4.7"], "hotel_price": ["124"]}, "4803830": {"hotel_name": "\u6b27\u5723\u5170\u5ef7\u5ea6\u5047\u516c\u5bd3(\u9752\u5c9b\u4e07\u8fbe\u8302\u5e97)", "order_time": ["2019-01-12 09:10:38", "2019-01-12 09:52:56"], "total_order": 2, "hotel_value": ["4.7", "4.7"], "hotel_price": ["92", "92"]}, "8870574": {"hotel_name": "\u745e\u666e\u5170\u987f\u81f3\u5c0a\u9152\u5e97\u00b7\u9752\u5c9b\u5609\u5e74\u534e\u5e97", "order_time": ["2019-01-12 09:10:39"], "total_order": 1, "hotel_value": ["4.5"], "hotel_price": ["124"]}, "1426280": {"hotel_name": "\u91d1\u6d77\u7ea2\u5b87\u5bbe\u9986(\u9752\u5c9b\u706b\u8f66\u7ad9\u897f\u5e7f\u573a\u5e97)", "order_time": ["2019-01-12 09:10:44"], "total_order": 1, "hotel_value": ["4.6"], "hotel_price": ["109"]}, "458561": {"hotel_name": "\u6c49\u5ead\u9152\u5e97(\u9752\u5c9b\u53f0\u4e1c\u4e07\u8fbe\u5e97)", "order_time": ["2019-01-12 09:10:52"], "total_order": 1, "hotel_value": ["4.7"], "hotel_price": ["151"]}, "346318": {"hotel_name": "\u9752\u5c9b\u80f6\u5dde\u7eff\u57ce\u559c\u6765\u767b\u9152\u5e97", "order_time": ["2019-01-12 09:11:50"], "total_order": 1, "hotel_value": ["4.6"], "hotel_price": ["550"]}, "1502477": {"hotel_name": "\u5982\u5bb6\u5feb\u6377\u9152\u5e97(\u83b1\u897f\u70df\u53f0\u8def\u6708\u6e56\u516c\u56ed\u5e97)", "order_time": ["2019-01-12 09:11:50"], "total_order": 1, "hotel_value": ["4.7"], "hotel_price": ["131"]}, "467216": {"hotel_name": "\u9752\u5c9b\u6d77\u666f\u82b1\u56ed\u5927\u9152\u5e97", "order_time": ["2019-01-12 09:12:44", "2019-01-12 09:55:10"], "total_order": 2, "hotel_value": ["4.8", "4.8"], "hotel_price": ["621", "621"]}, "21124467": {"hotel_name": "\u9752\u5c9b\u65af\u7ef4\u767b\u7cbe\u54c1\u516c\u5bd3(\u4f1a\u5c55\u4e2d\u5fc3\u77f3\u8001\u4eba\u6d77\u6c34\u6d74\u573a)", "order_time": ["2019-01-12 09:45:29", "2019-01-12 09:12:47"], "total_order": 2, "hotel_value": ["4.9", "4.9"], "hotel_price": ["315", "350"]}, "6466869": {"hotel_name": "\u7c73\u9ad8\u65f6\u5c1a\u9152\u5e97(\u9752\u5c9b\u4e94\u56db\u5e7f\u573a\u8fdc\u6d0b\u5e97)", "order_time": ["2019-01-12 09:12:50"], "total_order": 1, "hotel_value": ["4.4"], "hotel_price": ["104"]}, "8681476": {"hotel_name": "\u9752\u5c9b\u8046\u6d77\u94c2\u6708\u6d77\u666f\u5ea6\u5047\u516c\u5bd3", "order_time": ["2019-01-12 09:12:54"], "total_order": 1, "hotel_value": ["4.7"], "hotel_price": ["302"]}, "1936932": {"hotel_name": "\u9752\u5c9b\u89c2\u6d77\u6f6e\u5546\u52a1\u9152\u5e97(\u5d02\u5c71\u8def\u5e97)", "order_time": ["2019-01-12 09:13:00"], "total_order": 1, "hotel_value": ["4.6"], "hotel_price": ["101"]}, "16018600": {"hotel_name": "\u683c\u6797\u4e1c\u65b9\u9152\u5e97(\u9752\u5c9b\u4e16\u7eaa\u516c\u56ed\u6d41\u4ead\u673a\u573a\u5e97)", "order_time": ["2019-01-12 09:35:33", "2019-01-12 09:15:00", "2019-01-12 09:44:17"], "total_order": 3, "hotel_value": ["4.5", "4.5", "4.5"], "hotel_price": ["138", "138", "138"]}, "5930359": {"hotel_name": "\u9752\u5c9b\u91d1\u77f3\u56fd\u9645\u5927\u9152\u5e97", "order_time": ["2019-01-12 09:15:00", "2019-01-12 09:45:29"], "total_order": 2, "hotel_value": ["4.8", "4.8"], "hotel_price": ["388", "388"]}, "28528994": {"hotel_name": "\u9752\u5c9b\u6591\u9a6c\u7cbe\u4eab\u9152\u5e97", "order_time": ["2019-01-12 09:15:06"], "total_order": 1, "hotel_value": ["5.0"], "hotel_price": ["173"]}, "5673703": {"hotel_name": "\u9752\u5c9b\u673a\u573a\u5bcc\u534e\u9152\u5e97(\u9999\u6e2f\u4e2d\u8def\u5e97)", "order_time": ["2019-01-12 09:15:11"], "total_order": 1, "hotel_value": ["4.5"], "hotel_price": ["212"]}, "5214795": {"hotel_name": "\u9752\u5c9b\u4e54\u6cbb1906\u5047\u65e5\u9152\u5e97", "order_time": ["2019-01-12 09:15:15"], "total_order": 1, "hotel_value": ["4.0"], "hotel_price": ["62"]}, "1640595": {"hotel_name": "\u9752\u5c9b\u4e0a\u6797\u6fe0\u666f\u4e3b\u9898\u9152\u5e97", "order_time": ["2019-01-12 09:15:15"], "total_order": 1, "hotel_value": ["4.3"], "hotel_price": ["75"]}, "1070435": {"hotel_name": "\u5982\u5bb6\u5feb\u6377\u9152\u5e97(\u9752\u5c9b\u6808\u6865\u706b\u8f66\u7ad9\u4e1c\u5e7f\u573a\u5e97)", "order_time": ["2019-01-12 09:17:14"], "total_order": 1, "hotel_value": ["4.5"], "hotel_price": ["92"]}, "2302238": {"hotel_name": "\u5c1a\u5ba2\u4f18\u5feb\u6377\u9152\u5e97(\u9752\u5c9b\u859b\u5bb6\u5c9b\u91d1\u6c99\u6ee9\u5e97)", "order_time": ["2019-01-12 09:17:15"], "total_order": 1, "hotel_value": ["4.5"], "hotel_price": ["81"]}, "6577116": {"hotel_name": "\u9752\u5c9b\u60a6\u6f9c\u9152\u5e97\u516c\u5bd3(\u4e94\u56db\u5e7f\u573a\u4e2d\u94c1\u4e2d\u5fc3\u5e97)", "order_time": ["2019-01-12 09:17:19"], "total_order": 1, "hotel_value": ["4.8"], "hotel_price": ["199"]}, "1763888": {"hotel_name": "\u9752\u5c9b\u6842\u83b2\u5ba2\u6808", "order_time": ["2019-01-12 09:17:42"], "total_order": 1, "hotel_value": ["4.3"], "hotel_price": ["93"]}, "712749": {"hotel_name": "\u9752\u5c9b\u6d77\u8fb9\u4eba\u65c5\u6e38\u5ea6\u5047\u516c\u5bd3", "order_time": ["2019-01-12 09:17:45"], "total_order": 1, "hotel_value": ["3.6"], "hotel_price": ["85"]}, "5634587": {"hotel_name": "\u9e97\u67ab\u9152\u5e97(\u9752\u5c9b\u4e94\u56db\u5e7f\u573a\u5e97)(\u539f\u9752\u5c9b\u5b81\u590f\u8def\u5730\u94c1\u7ad9\u5e97)", "order_time": ["2019-01-12 09:19:26"], "total_order": 1, "hotel_value": ["4.7"], "hotel_price": ["199"]}, "429108": {"hotel_name": "\u9752\u5c9b\u94f6\u6c99\u6ee9\u6e29\u5fb7\u59c6\u81f3\u5c0a\u9152\u5e97", "order_time": ["2019-01-12 09:48:22", "2019-01-12 09:19:33"], "total_order": 2, "hotel_value": ["4.5", "4.5"], "hotel_price": ["483", "483"]}, "2935119": {"hotel_name": "\u5609\u5fb7\u591c\u8272\u827a\u672f\u4e3b\u9898\u9152\u5e97(\u9752\u5c9b\u674e\u6751\u5730\u94c1\u6b65\u884c\u8857\u706b\u8f66\u5317\u7ad9\u5e97)", "order_time": ["2019-01-12 09:19:35"], "total_order": 1, "hotel_value": ["4.6"], "hotel_price": ["144"]}, "2324987": {"hotel_name": "\u9752\u5c9b\u7965\u4e1a\u5546\u52a1\u5bbe\u9986", "order_time": ["2019-01-12 09:19:39"], "total_order": 1, "hotel_value": ["3.7"], "hotel_price": ["172"]}, "2263174": {"hotel_name": "\u80f6\u5dde\u57ce\u5e0279\u8fde\u9501\u9152\u5e97", "order_time": ["2019-01-12 09:21:07"], "total_order": 1, "hotel_value": ["4.3"], "hotel_price": ["78"]}, "1226388": {"hotel_name": "\u9752\u5c9b\u6db5\u78a7\u697c\u9152\u5e97", "order_time": ["2019-01-12 09:21:13"], "total_order": 1, "hotel_value": ["4.6"], "hotel_price": ["1700"]}, "20058929": {"hotel_name": "\u5343\u5bbf\u6d77\u666f\u5ea6\u5047\u516c\u5bd3(\u9752\u5c9b\u4f1a\u5c55\u4e2d\u5fc3\u77f3\u8001\u4eba\u6d74\u573a\u5e97)", "order_time": ["2019-01-12 09:21:44"], "total_order": 1, "hotel_value": ["4.8"], "hotel_price": ["208"]}, "427982": {"hotel_name": "\u5982\u5bb6\u5feb\u6377\u9152\u5e97(\u9752\u5c9b\u4e2d\u5c71\u8def\u5fb7\u56fd\u98ce\u60c5\u8857\u5e97)", "order_time": ["2019-01-12 09:21:45"], "total_order": 1, "hotel_value": ["4.5"], "hotel_price": ["84"]}, "438653": {"hotel_name": "\u9752\u5c9b\u6d77\u5929e\u5bb6\u5546\u52a1\u9152\u5e97", "order_time": ["2019-01-12 09:52:54", "2019-01-12 09:21:48"], "total_order": 2, "hotel_value": ["4.2", "4.2"], "hotel_price": ["85", "85"]}, "18515525": {"hotel_name": "\u534a\u5c9b\u56fd\u9645\u9152\u5e97(\u9752\u5c9b\u674e\u6751\u5730\u94c1\u7ad9\u5e97)", "order_time": ["2019-01-12 09:21:49"], "total_order": 1, "hotel_value": ["4.5"], "hotel_price": ["184"]}, "2306006": {"hotel_name": "\u683c\u6797\u8c6a\u6cf0(\u9752\u5c9b\u706b\u8f66\u7ad9\u5e7f\u573a\u5e97)", "order_time": ["2019-01-12 09:21:50"], "total_order": 1, "hotel_value": ["4.8"], "hotel_price": ["75"]}, "1355492": {"hotel_name": "\u9752\u5c9b\u4e9a\u6d77\u5927\u9152\u5e97", "order_time": ["2019-01-12 09:21:51"], "total_order": 1, "hotel_value": ["4.0"], "hotel_price": ["177"]}, "994153": {"hotel_name": "\u5982\u5bb6\u5feb\u6377\u9152\u5e97(\u9752\u5c9b\u706b\u8f66\u5317\u7ad9\u5e97)", "order_time": ["2019-01-12 09:21:52"], "total_order": 1, "hotel_value": ["4.3"], "hotel_price": ["159"]}, "2639907": {"hotel_name": "\u80f6\u5dde\u5317\u4eac\u5c45\u5bb6\u98ce\u5c1a\u9152\u5e97", "order_time": ["2019-01-12 09:23:14"], "total_order": 1, "hotel_value": ["4.6"], "hotel_price": ["78"]}, "8871600": {"hotel_name": "\u9752\u5c9b\u705c\u4e4b\u6c64\u6d77\u666f\u5ea6\u5047\u9152\u5e97", "order_time": ["2019-01-12 09:24:09"], "total_order": 1, "hotel_value": ["4.8"], "hotel_price": ["338"]}, "2304451": {"hotel_name": "\u7231\u5c0a\u5ba2\u9152\u5e97(\u5373\u58a8\u5170\u9ccc\u8def\u5e97)", "order_time": ["2019-01-12 09:24:10"], "total_order": 1, "hotel_value": ["4.7"], "hotel_price": ["170"]}, "1287621": {"hotel_name": "\u6e2f\u6e7e\u5370\u8c61\u8fde\u9501\u9152\u5e97(\u9752\u5c9b\u674e\u6751\u541b\u5cf0\u8def\u5730\u94c1\u7ad9\u5e97) ", "order_time": ["2019-01-12 09:24:10"], "total_order": 1, "hotel_value": ["3.9"], "hotel_price": ["79"]}, "21122269": {"hotel_name": "\u9752\u5c9b\u84dd\u6735\u6d77\u666f\u5047\u65e5\u516c\u5bd3", "order_time": ["2019-01-12 09:24:12"], "total_order": 1, "hotel_value": ["4.9"], "hotel_price": ["208"]}, "1689706": {"hotel_name": "\u9752\u5c9b\u9999\u6c5f\u4e4b\u661f\u5546\u52a1\u9152\u5e97", "order_time": ["2019-01-12 09:24:13"], "total_order": 1, "hotel_value": ["4.7"], "hotel_price": ["89"]}, "27424529": {"hotel_name": "\u9752\u5c9b\u6c49\u5510\u7cbe\u9009\u9152\u5e97\u5f0f\u516c\u5bd3", "order_time": ["2019-01-12 09:24:13"], "total_order": 1, "hotel_value": ["4.9"], "hotel_price": ["195"]}, "1502494": {"hotel_name": "\u5982\u5bb6\u5feb\u6377\u9152\u5e97(\u9752\u5c9b\u706b\u8f66\u7ad9\u6808\u6865\u5e97)", "order_time": ["2019-01-12 09:24:19"], "total_order": 1, "hotel_value": ["4.2"], "hotel_price": ["78"]}, "6320153": {"hotel_name": "\u9752\u5c9b\u6854\u5b50\u6d77\u666f\u5ea6\u5047\u516c\u5bd3", "order_time": ["2019-01-12 09:24:44"], "total_order": 1, "hotel_value": ["4.2"], "hotel_price": ["115"]}, "772111": {"hotel_name": "\u9752\u5c9b\u5a01\u65af\u6c40\u9152\u5e97", "order_time": ["2019-01-12 09:25:21"], "total_order": 1, "hotel_value": ["4.6"], "hotel_price": ["723"]}, "24762024": {"hotel_name": "\u5e73\u5ea6\u82b1\u79be\u7f8e\u57ce\u9645\u9152\u5e97", "order_time": ["2019-01-12 09:25:22"], "total_order": 1, "hotel_value": ["4.7"], "hotel_price": ["111"]}, "8849809": {"hotel_name": "\u9752\u5c9b\u8587\u7231\u7cbe\u54c1\u65f6\u5c1a\u9152\u5e97", "order_time": ["2019-01-12 09:26:45"], "total_order": 1, "hotel_value": ["4.4"], "hotel_price": ["123"]}, "6085650": {"hotel_name": "\u5586\u5561\u9152\u5e97(\u9752\u5c9b\u6d41\u4ead\u56fd\u9645\u673a\u573a\u5e97)", "order_time": ["2019-01-12 09:26:46"], "total_order": 1, "hotel_value": ["4.8"], "hotel_price": ["186"]}, "22673546": {"hotel_name": "\u9752\u5c9b\u65af\u7ef4\u767b\u5ea6\u5047\u516c\u5bd3(\u57ce\u9633\u533a\u653f\u5e9c)", "order_time": ["2019-01-12 09:28:58"], "total_order": 1, "hotel_value": ["4.8"], "hotel_price": ["159"]}, "2057366": {"hotel_name": "\u5982\u5bb6\u5feb\u6377\u9152\u5e97(\u9752\u5c9b\u91cd\u5e86\u4e2d\u8def\u674e\u6ca7\u6b65\u884c\u8857\u5e97)", "order_time": ["2019-01-12 09:28:58"], "total_order": 1, "hotel_value": ["4.5"], "hotel_price": ["143"]}, "8829440": {"hotel_name": "\u9752\u5c9b\u7ea2\u5c9b\u7ecf\u6d4e\u533a\u610f\u5885\u6e7e\u9152\u5e97", "order_time": ["2019-01-12 09:28:59"], "total_order": 1, "hotel_value": ["4.6"], "hotel_price": ["183"]}, "17351152": {"hotel_name": "\u9752\u5c9b\u5f71\u5de2\u7535\u5f71\u9152\u5e97", "order_time": ["2019-01-12 09:29:02"], "total_order": 1, "hotel_value": ["4.6"], "hotel_price": ["139"]}, "2620136": {"hotel_name": "7\u5929\u8fde\u9501\u9152\u5e97(\u9752\u5c9b\u674e\u6ca7\u4e07\u8fbe\u5e7f\u573a\u5e97)", "order_time": ["2019-01-12 09:29:02", "2019-01-12 09:48:30"], "total_order": 2, "hotel_value": ["4.6", "4.6"], "hotel_price": ["119", "119"]}, "443976": {"hotel_name": "\u90fd\u5e02118(\u9752\u5c9b\u674e\u6ca7\u6b65\u884c\u8857\u5e97)", "order_time": ["2019-01-12 09:29:06"], "total_order": 1, "hotel_value": ["4.6"], "hotel_price": ["94"]}, "453041": {"hotel_name": "\u9752\u5c9b\u673a\u573a\u8f85\u7279\u6234\u65af\u9152\u5e97", "order_time": ["2019-01-12 09:29:09"], "total_order": 1, "hotel_value": ["4.1"], "hotel_price": ["134"]}, "2215239": {"hotel_name": "\u9752\u5c9b\u5411\u65e5\u8475\u9752\u5e74\u65c5\u820d", "order_time": ["2019-01-12 09:38:00", "2019-01-12 09:29:17"], "total_order": 2, "hotel_value": ["4.6", "4.6"], "hotel_price": ["60", "60"]}, "1985439": {"hotel_name": "\u94f6\u5ea7\u4f73\u9a7f\u9152\u5e97(\u80f6\u5dde\u706b\u8f66\u7ad9\u5e97)", "order_time": ["2019-01-12 09:30:40"], "total_order": 1, "hotel_value": ["4.6"], "hotel_price": ["88"]}, "1290135": {"hotel_name": "\u5586\u60a6\u7cbe\u54c1\u8fde\u9501\u9152\u5e97(\u9752\u5c9b\u674e\u6751\u6b65\u884c\u8857\u541b\u5cf0\u8def\u5730\u94c1\u7ad9\u5e97)", "order_time": ["2019-01-12 09:31:14"], "total_order": 1, "hotel_value": ["4.2"], "hotel_price": ["95"]}, "1372825": {"hotel_name": "\u5982\u5bb6\u5feb\u6377\u9152\u5e97(\u9752\u5c9b\u674e\u6ca7\u4e5d\u6c34\u8def\u4e07\u8fbe\u5e7f\u573a\u5e97)", "order_time": ["2019-01-12 09:31:17"], "total_order": 1, "hotel_value": ["4.5"], "hotel_price": ["142"]}, "23418429": {"hotel_name": "\u9752\u5c9b\u5723\u5229\u9152\u5e97", "order_time": ["2019-01-12 09:31:17"], "total_order": 1, "hotel_value": ["4.9"], "hotel_price": ["108"]}, "1481423": {"hotel_name": "\u9752\u5c9b\u541b\u60a6\u8fbe\u5bbe\u9986", "order_time": ["2019-01-12 09:31:22"], "total_order": 1, "hotel_value": ["3.7"], "hotel_price": ["58"]}, "1381128": {"hotel_name": "\u5c1a\u5ba2\u4f18\u5feb\u6377\u9152\u5e97(\u9752\u5c9b\u5f00\u53d1\u533a\u6b66\u5937\u5c71\u8def\u5e97)", "order_time": ["2019-01-12 09:33:30"], "total_order": 1, "hotel_value": ["4.2"], "hotel_price": ["89"]}, "8581030": {"hotel_name": "\u661f\u5149\u5047\u65e5\u5ea6\u5047\u516c\u5bd3(\u9752\u5c9b\u91d1\u6c99\u6ee9\u4e07\u8fbe\u4e1c\u65b9\u5f71\u90fd\u5e97)(\u539f\u9752\u5c9b\u661f\u5149\u5047\u65e5\u7535\u5f71\u4e3b\u9898\u9152\u5e97)", "order_time": ["2019-01-12 09:33:34"], "total_order": 1, "hotel_value": ["4.7"], "hotel_price": ["107"]}, "5194583": {"hotel_name": "\u9601\u99a8\u9152\u5e97(\u9752\u5c9b\u519c\u4e1a\u5927\u5b66\u5e97)", "order_time": ["2019-01-12 09:33:34"], "total_order": 1, "hotel_value": ["4.4"], "hotel_price": ["187"]}, "2094442": {"hotel_name": "\u9752\u5c9b\u91d1\u8c6a\u5546\u52a1\u5bbe\u9986", "order_time": ["2019-01-12 09:33:36"], "total_order": 1, "hotel_value": ["4.3"], "hotel_price": ["75"]}, "5981986": {"hotel_name": "\u9752\u5c9b\u542c\u6d77\u5ea6\u5047\u516c\u5bd3", "order_time": ["2019-01-12 09:42:05", "2019-01-12 09:33:37"], "total_order": 2, "hotel_value": ["4.7", "4.7"], "hotel_price": ["123", "123"]}, "1644015": {"hotel_name": "\u6d77\u68e0\u6e7e\u7cbe\u54c1\u6d77\u666f\u65e5\u79df\u623f(\u9752\u5c9b\u4e00\u5e97)", "order_time": ["2019-01-12 09:33:39"], "total_order": 1, "hotel_value": ["4.9"], "hotel_price": ["87"]}, "439114": {"hotel_name": "\u9752\u5c9b\u4f18\u80dc\u9152\u5e97", "order_time": ["2019-01-12 09:34:17"], "total_order": 1, "hotel_value": [0], "hotel_price": ["126"]}, "1064761": {"hotel_name": "\u9752\u5c9b\u8fdc\u5c71\u5047\u65e5\u9152\u5e97(\u539f\u591a\u7ef4\u4f60\u7684\u9152\u5e97)", "order_time": ["2019-01-12 09:35:37"], "total_order": 1, "hotel_value": ["4.6"], "hotel_price": ["88"]}, "2007671": {"hotel_name": "\u80f6\u5dde\u4e1c\u65b9\u5546\u52a1\u5bbe\u9986", "order_time": ["2019-01-12 09:36:44"], "total_order": 1, "hotel_value": [0], "hotel_price": ["88"]}, "21904736": {"hotel_name": "\u9752\u5c9b\u683c\u5170\u7535\u5f71\u9152\u5e97", "order_time": ["2019-01-12 09:37:46"], "total_order": 1, "hotel_value": ["4.6"], "hotel_price": ["162"]}, "1715946": {"hotel_name": "\u9752\u5c9b\u7ef4\u7eb3\u65af\u54c1\u4f4d\u8fde\u9501\u9152\u5e97", "order_time": ["2019-01-12 09:37:50"], "total_order": 1, "hotel_value": ["4.1"], "hotel_price": ["89"]}, "428024": {"hotel_name": "\u5982\u5bb6\u5feb\u6377\u9152\u5e97(\u9752\u5c9b\u53f0\u4e1c\u5546\u4e1a\u533a\u6d77\u4fe1\u7acb\u4ea4\u6865\u6851\u6893\u8def\u5e97)", "order_time": ["2019-01-12 09:37:52"], "total_order": 1, "hotel_value": ["4.4"], "hotel_price": ["89"]}, "19587956": {"hotel_name": "\u9752\u5c9b\u665f\u5bd3\u65f6\u5149\u516c\u5bd3(\u539f\u4f17\u5bd3\u65f6\u4ee3\u5149\u516c\u5bd3)", "order_time": ["2019-01-12 09:37:52"], "total_order": 1, "hotel_value": ["4.6"], "hotel_price": ["141"]}, "1886636": {"hotel_name": "\u9752\u5c9b\u65b0\u9f99\u6e90\u7687\u5bb6\u9152\u5e97", "order_time": ["2019-01-12 09:38:16"], "total_order": 1, "hotel_value": ["4.2"], "hotel_price": ["78"]}, "10823774": {"hotel_name": "\u5982\u5bb6\u5546\u65c5\u9152\u5e97(\u9752\u5c9b\u5373\u58a8\u56fd\u9645\u535a\u89c8\u4e2d\u5fc3\u5c71\u4e1c\u5927\u5b66\u5e97)", "order_time": ["2019-01-12 09:39:51"], "total_order": 1, "hotel_value": ["4.6"], "hotel_price": ["159"]}, "371190": {"hotel_name": "\u9752\u5c9b\u9999\u683c\u91cc\u62c9\u5927\u9152\u5e97", "order_time": ["2019-01-12 09:46:11", "2019-01-12 09:39:57"], "total_order": 2, "hotel_value": ["4.7", "4.7"], "hotel_price": ["748", "748"]}, "2389295": {"hotel_name": "\u9752\u5c9b\u6808\u6865\u5982\u5bb6\u89c2\u6d77\u65e5\u79df\u623f", "order_time": ["2019-01-12 09:39:59"], "total_order": 1, "hotel_value": ["4.7"], "hotel_price": ["34"]}, "1137183": {"hotel_name": "\u9752\u5c9b\u4f53\u80b2\u4e4b\u5bb6\u5927\u9152\u5e97", "order_time": ["2019-01-12 09:40:02"], "total_order": 1, "hotel_value": ["4.3"], "hotel_price": ["151"]}, "1607190": {"hotel_name": "\u9752\u5c9b\u6c14\u8c61\u5ea6\u5047\u6751", "order_time": ["2019-01-12 09:41:54"], "total_order": 1, "hotel_value": ["4.2"], "hotel_price": ["230"]}, "13947648": {"hotel_name": "7\u5929\u4f18\u54c1\u9152\u5e97(\u9752\u5c9b\u5d02\u5c71\u6781\u5730\u6d77\u6d0b\u516c\u56ed\u5e97)", "order_time": ["2019-01-12 09:41:59"], "total_order": 1, "hotel_value": ["4.7"], "hotel_price": ["106"]}, "2309481": {"hotel_name": "\u5c1a\u5ba2\u4f18\u9a8f\u6021\u57ce\u9645\u9152\u5e97(\u9752\u5c9b\u5f00\u53d1\u533a\u5bcc\u6625\u6c5f\u8def\u5e97)", "order_time": ["2019-01-12 09:42:02"], "total_order": 1, "hotel_value": ["4.2"], "hotel_price": ["70"]}, "2889670": {"hotel_name": "\u9752\u5e74\u00b7\u90fd\u5e02\u8ff7\u4f60(\u9752\u5c9b\u519c\u4e1a\u5927\u5b66\u5e97)", "order_time": ["2019-01-12 09:42:08"], "total_order": 1, "hotel_value": ["4.5"], "hotel_price": ["78"]}, "1546017": {"hotel_name": "\u53ef\u4e34\u5b81\u8fde\u9501\u9152\u5e97(\u9752\u5c9b\u6d77\u5357\u5c9b\u8def\u5e97)", "order_time": ["2019-01-12 09:42:09"], "total_order": 1, "hotel_value": ["4.3"], "hotel_price": ["83"]}, "23572246": {"hotel_name": "\u7ea2\u749e\u516c\u5bd3(\u9752\u5c9b\u95fd\u6c5f\u8def\u5e97)", "order_time": ["2019-01-12 09:44:03"], "total_order": 1, "hotel_value": ["4.6"], "hotel_price": ["98"]}, "1181372": {"hotel_name": "\u65b0\u4e16\u4f73\u5546\u52a1\u5bbe\u9986(\u9752\u5c9b\u57ce\u9633\u533a)", "order_time": ["2019-01-12 09:44:04"], "total_order": 1, "hotel_value": ["3.8"], "hotel_price": ["98"]}, "2140433": {"hotel_name": "\u683c\u6797\u8054\u76df\u9152\u5e97(\u9752\u5c9b\u4e50\u5ba2\u57ce\u674e\u6751\u5730\u94c1\u7ad9\u5e97)", "order_time": ["2019-01-12 09:44:07"], "total_order": 1, "hotel_value": ["4.4"], "hotel_price": ["116"]}, "9210540": {"hotel_name": "\u5982\u5bb6\u5546\u65c5\u9152\u5e97(\u9752\u5c9b\u6808\u6865\u706b\u8f66\u7ad9\u5730\u94c1\u7ad9\u5e97)", "order_time": ["2019-01-12 09:44:08"], "total_order": 1, "hotel_value": ["4.7"], "hotel_price": ["113"]}, "2013260": {"hotel_name": "\u5e73\u5ea6\u96c5\u5176\u5bbe\u9986", "order_time": ["2019-01-12 09:44:59"], "total_order": 1, "hotel_value": ["4.4"], "hotel_price": ["91"]}, "438731": {"hotel_name": "\u4e2d\u822a\u7fd4\u901a\u6e38\u8247\u4f1a\u9152\u5e97(\u9752\u5c9b\u5965\u5e06\u4e2d\u5fc3\u4e94\u56db\u5e7f\u573a\u5e97)", "order_time": ["2019-01-12 09:45:29"], "total_order": 1, "hotel_value": ["4.8"], "hotel_price": ["496"]}, "1344272": {"hotel_name": "\u9752\u5c9b\u6d77\u8fb9\u4e4b\u5bb6\u5ea6\u5047\u516c\u5bd3", "order_time": ["2019-01-12 09:46:02"], "total_order": 1, "hotel_value": ["4.9"], "hotel_price": ["101"]}, "25679475": {"hotel_name": "\u9752\u5c9b\u56db\u5b63\u4e07\u4f73\u9152\u5e97\u516c\u5bd3", "order_time": ["2019-01-12 09:46:05"], "total_order": 1, "hotel_value": ["4.8"], "hotel_price": ["206"]}, "8575398": {"hotel_name": "\u9752\u5c9b\u4e2d\u5730\u4e07\u8c6a\u9152\u5e97", "order_time": ["2019-01-12 09:46:05"], "total_order": 1, "hotel_value": ["4.5"], "hotel_price": ["232"]}, "2608124": {"hotel_name": "\u5982\u5bb6\u5feb\u6377\u9152\u5e97(\u9752\u5c9b\u56fd\u9645\u4f1a\u5c55\u4e2d\u5fc3\u77f3\u8001\u4eba\u89c2\u5149\u56ed\u5e97)", "order_time": ["2019-01-12 09:46:06"], "total_order": 1, "hotel_value": ["4.4"], "hotel_price": ["103"]}, "1322129": {"hotel_name": "7\u5929\u8fde\u9501\u9152\u5e97(\u9752\u5c9b\u674e\u6751\u5730\u94c1\u7ad9\u5d02\u5c71\u767e\u8d27\u5e97)", "order_time": ["2019-01-12 09:46:09"], "total_order": 1, "hotel_value": ["4.6"], "hotel_price": ["146"]}, "7516194": {"hotel_name": "\u5fc6\u5c0f\u7a9d\u56fd\u9645\u9752\u5e74\u65c5\u820d(\u9752\u5c9b\u5317\u706b\u8f66\u7ad9\u5e97)", "order_time": ["2019-01-12 09:46:10"], "total_order": 1, "hotel_value": ["4.7"], "hotel_price": ["26"]}, "393099": {"hotel_name": "\u9752\u5c9b\u5bcc\u529b\u827e\u7f8e\u9152\u5e97", "order_time": ["2019-01-12 09:46:11"], "total_order": 1, "hotel_value": ["4.6"], "hotel_price": ["536"]}, "371188": {"hotel_name": "\u9752\u5c9b\u9890\u4e2d\u7687\u51a0\u5047\u65e5\u9152\u5e97", "order_time": ["2019-01-12 09:46:15"], "total_order": 1, "hotel_value": ["4.5"], "hotel_price": ["566"]}, "23886133": {"hotel_name": "\u9014\u7a9d\u4e3b\u9898\u516c\u5bd3(\u9752\u5c9b\u5d02\u5c71\u98ce\u666f\u533a\u5e97)", "order_time": ["2019-01-12 09:46:21"], "total_order": 1, "hotel_value": ["4.8"], "hotel_price": ["146"]}, "1573833": {"hotel_name": "\u83b1\u897f\u534e\u5fa1\u5546\u52a1\u9152\u5e97", "order_time": ["2019-01-12 09:47:31"], "total_order": 1, "hotel_value": ["4.7"], "hotel_price": ["78"]}, "2045228": {"hotel_name": "\u5e73\u5ea6\u8d5b\u5bb6\u5ba2\u623f", "order_time": ["2019-01-12 09:47:32"], "total_order": 1, "hotel_value": ["4.2"], "hotel_price": ["88"]}, "2310196": {"hotel_name": "\u7231\u5c0a\u5ba2\u9152\u5e97(\u9752\u5c9b\u9999\u6c5f\u8def\u5e97)", "order_time": ["2019-01-12 09:48:21"], "total_order": 1, "hotel_value": ["4.4"], "hotel_price": ["73"]}, "994089": {"hotel_name": "\u5982\u5bb6\u5feb\u6377\u9152\u5e97(\u9752\u5c9b\u706b\u8f66\u5317\u7ad9\u632f\u534e\u8def\u5730\u94c1\u7ad9\u5e97)", "order_time": ["2019-01-12 09:48:21"], "total_order": 1, "hotel_value": ["4.4"], "hotel_price": ["95"]}, "2299441": {"hotel_name": "\u9526\u6c5f\u4e4b\u661f(\u9752\u5c9b\u56fd\u9645\u4f1a\u5c55\u4e2d\u5fc3\u6d77\u5c14\u8def\u5e97)", "order_time": ["2019-01-12 09:48:21"], "total_order": 1, "hotel_value": ["4.6"], "hotel_price": ["217"]}, "7921978": {"hotel_name": "\u9752\u5c9b\u91d1\u9c7c\u9152\u5e97\u516c\u5bd3", "order_time": ["2019-01-12 09:48:21"], "total_order": 1, "hotel_value": ["4.6"], "hotel_price": ["163"]}, "19828310": {"hotel_name": "\u62dc\u767b\u516c\u5bd3\u00b7\u9752\u5c9b\u57ce\u9633\u6b63\u9633\u8def\u5e97", "order_time": ["2019-01-12 09:48:22"], "total_order": 1, "hotel_value": ["4.7"], "hotel_price": ["119"]}, "3725940": {"hotel_name": "\u745e\u666e\u5170\u987f\u7cbe\u9009\u9152\u5e97\u00b7\u9752\u5c9b\u91d1\u6c99\u6ee9\u5e97(\u539f\u62dc\u767b\u516c\u5bd3)", "order_time": ["2019-01-12 09:48:23"], "total_order": 1, "hotel_value": ["4.6"], "hotel_price": ["114"]}, "2346219": {"hotel_name": "\u661f\u7a0b\u9152\u5e97(\u9752\u5c9b\u9999\u6e2f\u4e2d\u8def\u5e97)", "order_time": ["2019-01-12 09:48:23"], "total_order": 1, "hotel_value": ["3.7"], "hotel_price": ["112"]}, "994246": {"hotel_name": "\u5982\u5bb6\u5feb\u6377\u9152\u5e97(\u5373\u58a8\u84dd\u9ccc\u8def\u5b9d\u9f99\u5e7f\u573a\u5e97)", "order_time": ["2019-01-12 09:48:24"], "total_order": 1, "hotel_value": ["4.5"], "hotel_price": ["103"]}, "514315": {"hotel_name": "\u9752\u5c9b\u5f97\u5b9d\u6e7e\u6d77\u666f\u5927\u9152\u5e97", "order_time": ["2019-01-12 09:48:26"], "total_order": 1, "hotel_value": ["4.2"], "hotel_price": ["329"]}, "8205090": {"hotel_name": "\u9752\u5c9b\u9a6c\u514b\u00b7\u7cbe\u9009\u516c\u5bd3\u57ce\u9633\u6d41\u4ead\u673a\u573a\u5e97", "order_time": ["2019-01-12 09:48:40"], "total_order": 1, "hotel_value": ["4.8"], "hotel_price": ["139"]}, "791853": {"hotel_name": "\u94f6\u5ea7\u4f73\u9a7f\u9152\u5e97(\u5373\u58a8\u9e64\u5c71\u8def\u4f73\u4e50\u5bb6\u4e00\u5e97)", "order_time": ["2019-01-12 09:48:40"], "total_order": 1, "hotel_value": ["4.1"], "hotel_price": ["76"]}, "1741177": {"hotel_name": "\u91d1\u72ee100\u8fde\u9501\u5bbe\u9986(\u9752\u5c9b\u6d41\u4ead\u673a\u573a\u5e97)", "order_time": ["2019-01-12 09:50:47"], "total_order": 1, "hotel_value": ["3.5"], "hotel_price": ["58"]}, "6814653": {"hotel_name": "\u9752\u5c9b\u4e3d\u8272\u5bb6\u82d1\u4f4f\u5bbf", "order_time": ["2019-01-12 09:50:51"], "total_order": 1, "hotel_value": ["4.8"], "hotel_price": ["83"]}, "1715544": {"hotel_name": "\u9752\u5c9b\u946b\u590d\u76db\u9038\u6d77\u56fd\u9645\u9152\u5e97", "order_time": ["2019-01-12 09:52:55"], "total_order": 1, "hotel_value": ["4.6"], "hotel_price": ["216"]}, "4747327": {"hotel_name": "\u4e2d\u8054\u81ea\u7531\u6e2f\u6e7e\u4e2d\u827a\u9152\u5e97(\u9752\u5c9b\u90ae\u8f6e\u6bcd\u6e2f\u5e97)", "order_time": ["2019-01-12 09:52:56"], "total_order": 1, "hotel_value": ["4.7"], "hotel_price": ["115"]}, "1966615": {"hotel_name": "\u9752\u5c9b\u91d1\u6749\u5fae\u5bb6\u5ea6\u5047\u516c\u5bd3", "order_time": ["2019-01-12 09:52:56"], "total_order": 1, "hotel_value": ["4.6"], "hotel_price": ["183"]}, "12252847": {"hotel_name": "\u9752\u5c9b\u9890\u84dd\u5fc3\u820d\u9152\u5e97", "order_time": ["2019-01-12 09:52:59"], "total_order": 1, "hotel_value": ["4.6"], "hotel_price": ["169"]}, "21124322": {"hotel_name": "\u9752\u5c9b\u5929\u5b9d\u516c\u5bd3\u9152\u5e97", "order_time": ["2019-01-12 09:53:03"], "total_order": 1, "hotel_value": ["4.7"], "hotel_price": ["174"]}, "996027": {"hotel_name": "\u9752\u5c9b\u91d1\u6c99\u6ee9\u5e0c\u5c14\u987f\u9152\u5e97", "order_time": ["2019-01-12 09:53:04"], "total_order": 1, "hotel_value": ["4.6"], "hotel_price": ["663"]}, "1198934": {"hotel_name": "\u91d1\u91dc\u5feb\u6377\u9152\u5e97(\u9752\u5c9b\u4e94\u56db\u5e7f\u573a\u829d\u6cc9\u8def\u5730\u94c1\u7ad9\u5e97)", "order_time": ["2019-01-12 09:53:05"], "total_order": 1, "hotel_value": ["4.1"], "hotel_price": ["69"]}, "26555980": {"hotel_name": "\u9752\u5c9b\u897f\u6d77\u5cb8\u5a01\u65af\u6c40\u9152\u5e97", "order_time": ["2019-01-12 09:53:06"], "total_order": 1, "hotel_value": [0], "hotel_price": ["508"]}, "2302784": {"hotel_name": "\u9752\u5c9b\u6d77\u4e4b\u5b50\u5927\u9152\u5e97", "order_time": ["2019-01-12 09:53:13"], "total_order": 1, "hotel_value": ["3.7"], "hotel_price": ["168"]}, "1340964": {"hotel_name": "\u805a\u5174\u5706\u7cbe\u54c1\u8fde\u9501\u5bbe\u9986(\u9752\u5c9b\u6d41\u4ead\u673a\u573a\u5e97)", "order_time": ["2019-01-12 09:53:15"], "total_order": 1, "hotel_value": ["4.0"], "hotel_price": ["56"]}, "1854926": {"hotel_name": "\u9752\u5c9b\u5174\u946b\u6d77\u5bbe\u9986", "order_time": ["2019-01-12 09:53:29"], "total_order": 1, "hotel_value": ["4.4"], "hotel_price": ["59"]}, "8924494": {"hotel_name": "\u6c83\u5fb7\u9152\u5e97\u516c\u5bd3(\u9752\u5c9b\u56fd\u4fe1\u4f1a\u5c55\u4e2d\u5fc3\u5e97)", "order_time": ["2019-01-12 09:55:05"], "total_order": 1, "hotel_value": ["4.7"], "hotel_price": ["223"]}, "994192": {"hotel_name": "\u5982\u5bb6\u5feb\u6377\u9152\u5e97(\u5373\u58a8\u9e64\u5c71\u8def\u5927\u94dc\u9a6c\u5e7f\u573a\u5e97)", "order_time": ["2019-01-12 09:55:05"], "total_order": 1, "hotel_value": ["4.6"], "hotel_price": ["101"]}, "5802958": {"hotel_name": "\u4edf\u90a3\u00b7\u5370\u820d\u7cbe\u54c1\u9152\u5e97(\u9752\u5c9b\u91d1\u6c99\u6ee9\u5e97)", "order_time": ["2019-01-12 09:55:06"], "total_order": 1, "hotel_value": ["4.6"], "hotel_price": ["188"]}, "430544": {"hotel_name": "\u9752\u5c9b\u5feb\u901a\u56fd\u9645\u9152\u5e97", "order_time": ["2019-01-12 09:55:10"], "total_order": 1, "hotel_value": ["4.4"], "hotel_price": ["273"]}, "894462": {"hotel_name": "\u9752\u5c9b\u6c38\u64ce\u65c5\u9986", "order_time": ["2019-01-12 09:55:30"], "total_order": 1, "hotel_value": [0], "hotel_price": ["38"]}, "13988041": {"hotel_name": "\u9752\u5c9b\u4e2d\u6613\u5c1a\u54c1\u6d77\u666f\u5ea6\u5047\u516c\u5bd3", "order_time": ["2019-01-12 09:55:33"], "total_order": 1, "hotel_value": ["4.4"], "hotel_price": ["75"]}, "5074736": {"hotel_name": "\u5e73\u5ea6\u6cf0\u7545\u5546\u52a1\u5bbe\u9986", "order_time": ["2019-01-12 09:56:07"], "total_order": 1, "hotel_value": ["4.6"], "hotel_price": ["93"]}}}