{"\u5f00\u59cb\u8bb0\u5f55\u65f6\u95f4": "2019-01-04 17:54:37", "\u7ed3\u675f\u8bb0\u5f55\u65f6\u95f4": "2019-01-04 18:54:37", "\u8ba2\u5355\u603b\u589e\u91cf": 370, "item": {"2310196": {"hotel_name": "\u7231\u5c0a\u5ba2\u9152\u5e97(\u9752\u5c9b\u9999\u6c5f\u8def\u5e97)", "order_time": ["2019-01-04 17:56:46", "2019-01-04 18:48:49"], "total_order": 2, "hotel_value": ["4.4", "4.4"], "hotel_price": ["66", "66"]}, "438562": {"hotel_name": "\u9752\u5c9bCHINA\u516c\u793e\u6587\u5316\u827a\u672f\u9152\u5e97", "order_time": ["2019-01-04 17:56:46"], "total_order": 1, "hotel_value": ["4.3"], "hotel_price": ["286"]}, "393099": {"hotel_name": "\u9752\u5c9b\u5bcc\u529b\u827e\u7f8e\u9152\u5e97", "order_time": ["2019-01-04 18:44:47", "2019-01-04 18:38:47", "2019-01-04 17:56:47", "2019-01-04 18:36:48"], "total_order": 4, "hotel_value": ["4.6", "4.6", "4.6", "4.6"], "hotel_price": ["519", "519", "519", "519"]}, "986295": {"hotel_name": "\u84dd\u6d77\u5927\u996d\u5e97(\u9752\u5c9b\u5d02\u5c71\u5e97)", "order_time": ["2019-01-04 17:56:47", "2019-01-04 18:00:46"], "total_order": 2, "hotel_value": ["4.7", "4.7"], "hotel_price": ["410", "410"]}, "470369": {"hotel_name": "\u9752\u5c9b\u96cd\u534e\u5ead\u9152\u5e97", "order_time": ["2019-01-04 17:56:47", "2019-01-04 18:42:46"], "total_order": 2, "hotel_value": ["4.4", "4.4"], "hotel_price": ["206", "206"]}, "2599635": {"hotel_name": "\u5982\u5bb6\u5feb\u6377\u9152\u5e97(\u9752\u5c9b\u6d41\u4ead\u673a\u573a\u9ed1\u9f99\u6c5f\u5317\u8def\u57ce\u4e2d\u57ce\u5e97)", "order_time": ["2019-01-04 17:56:47", "2019-01-04 18:20:53"], "total_order": 2, "hotel_value": ["4.6", "4.6"], "hotel_price": ["139", "139"]}, "8426688": {"hotel_name": "\u5982\u5bb6\u7cbe\u9009\u9152\u5e97(\u9752\u5c9b\u706b\u8f66\u7ad9\u6808\u6865\u5e97)", "order_time": ["2019-01-04 17:56:47"], "total_order": 1, "hotel_value": ["4.6"], "hotel_price": ["168"]}, "1434596": {"hotel_name": "\u91cc\u9662\u5ba2\u6808(\u9752\u5c9b\u706b\u8f66\u7ad9\u5e97)", "order_time": ["2019-01-04 17:56:47"], "total_order": 1, "hotel_value": ["4.5"], "hotel_price": ["66"]}, "428039": {"hotel_name": "\u548c\u7f8e\u5bb6\u9152\u5e97(\u9752\u5c9b\u9999\u6e2f\u4e1c\u8def\u9752\u5c9b\u5927\u5b66\u6781\u5730\u6d77\u6d0b\u4e16\u754c\u5e97)", "order_time": ["2019-01-04 17:56:47", "2019-01-04 18:10:48", "2019-01-04 18:32:46"], "total_order": 3, "hotel_value": ["4.2", "4.2", "4.2"], "hotel_price": ["73", "73", "73"]}, "1562201": {"hotel_name": "\u5c1a\u5ba2\u4f18\u9a8f\u6021\u8fde\u9501\u9152\u5e97(\u9752\u5c9b\u9ec4\u5c9b\u6c7d\u8f66\u7ad9\u77f3\u6cb9\u5927\u5b66\u5e97)", "order_time": ["2019-01-04 18:06:48", "2019-01-04 17:56:47"], "total_order": 2, "hotel_value": ["4.3", "4.3"], "hotel_price": ["76", "90"]}, "2305447": {"hotel_name": "\u9526\u6c5f\u4e4b\u661f(\u9752\u5c9b\u91cd\u5e86\u5357\u8def\u9ea6\u5fb7\u9f99\u5e97)", "order_time": ["2019-01-04 17:56:47"], "total_order": 1, "hotel_value": ["4.6"], "hotel_price": ["130"]}, "8670998": {"hotel_name": "\u9752\u5c9b\u767e\u8109\u660e\u73e0\u82b1\u56ed\u9152\u5e97", "order_time": ["2019-01-04 17:56:48"], "total_order": 1, "hotel_value": ["4.6"], "hotel_price": ["96"]}, "27089553": {"hotel_name": "\u80f6\u5dde\u6b27\u6a59\u7cbe\u9009\u9152\u5e97", "order_time": ["2019-01-04 17:56:53"], "total_order": 1, "hotel_value": ["5.0"], "hotel_price": ["84"]}, "21735796": {"hotel_name": "\u9752\u5c9b\u4e94\u56db\u5e7f\u573a\u4e9a\u6735\u9152\u5e97", "order_time": ["2019-01-04 17:58:49", "2019-01-04 18:16:47", "2019-01-04 18:40:49"], "total_order": 3, "hotel_value": ["4.8", "4.8", "4.8"], "hotel_price": ["310", "310", "310"]}, "5795844": {"hotel_name": "\u9752\u5c9b\u56db\u65b9\u5927\u9152\u5e97\u8d35\u5bbe\u697c", "order_time": ["2019-01-04 17:58:49"], "total_order": 1, "hotel_value": ["4.3"], "hotel_price": ["112"]}, "5152698": {"hotel_name": "\u6854\u5b50\u9152\u5e97\u00b7\u7cbe\u9009(\u9752\u5c9b\u6d77\u5c14\u8def\u5e97)", "order_time": ["2019-01-04 17:58:49"], "total_order": 1, "hotel_value": ["4.9"], "hotel_price": ["275"]}, "17588770": {"hotel_name": "\u9752\u5c9b\u541b\u534e\u5609\u60e0\u9152\u5e97", "order_time": ["2019-01-04 17:58:49"], "total_order": 1, "hotel_value": ["4.7"], "hotel_price": ["174"]}, "8290422": {"hotel_name": "\u6c49\u5ead\u9152\u5e97(\u9752\u5c9b\u4e2d\u56fd\u6d77\u6d0b\u5927\u5b66\u5e97)", "order_time": ["2019-01-04 17:58:50"], "total_order": 1, "hotel_value": ["4.7"], "hotel_price": ["183"]}, "994246": {"hotel_name": "\u5982\u5bb6\u5feb\u6377\u9152\u5e97(\u5373\u58a8\u84dd\u9ccc\u8def\u5b9d\u9f99\u5e7f\u573a\u5e97)", "order_time": ["2019-01-04 17:58:50", "2019-01-04 18:32:48"], "total_order": 2, "hotel_value": ["4.5", "4.5"], "hotel_price": ["114", "114"]}, "18034506": {"hotel_name": "\u6c49\u5510\u9152\u5e97(\u9752\u5c9b\u6d41\u4ead\u673a\u573a\u5e97)", "order_time": ["2019-01-04 17:58:50", "2019-01-04 18:00:49"], "total_order": 2, "hotel_value": ["4.8", "4.8"], "hotel_price": ["226", "226"]}, "6475389": {"hotel_name": "\u9752\u5c9b\u4e2d\u8054\u81ea\u7531\u6e2f\u6e7e\u53cc\u5b50\u5854\u9152\u5e97", "order_time": ["2019-01-04 17:58:50"], "total_order": 1, "hotel_value": ["4.4"], "hotel_price": ["182"]}, "1692837": {"hotel_name": "\u5c1a\u5ba2\u4f18\u5feb\u6377\u9152\u5e97(\u9752\u5c9b\u5bcc\u6625\u6c5f\u8def\u957f\u9014\u7ad9\u77f3\u6cb9\u5927\u5b66\u5e97)", "order_time": ["2019-01-04 17:58:50"], "total_order": 1, "hotel_value": ["4.7"], "hotel_price": ["74"]}, "2338161": {"hotel_name": "\u9752\u5c9b\u946b\u6da6\u4e16\u4f73\u5546\u52a1\u9152\u5e97(\u539f\u548c\u6da6\u4e16\u4f73\u5546\u52a1\u9152\u5e97)", "order_time": ["2019-01-04 17:58:50"], "total_order": 1, "hotel_value": ["4.1"], "hotel_price": ["127"]}, "11806930": {"hotel_name": "\u591a\u7ef4\u7a7a\u95f4\u4e3b\u9898\u9152\u5e97(\u9752\u5c9b\u674e\u6751\u5730\u94c1\u7ad9\u4eac\u53e3\u8def\u5e97)", "order_time": ["2019-01-04 17:58:50"], "total_order": 1, "hotel_value": ["4.5"], "hotel_price": ["144"]}, "994153": {"hotel_name": "\u5982\u5bb6\u5feb\u6377\u9152\u5e97(\u9752\u5c9b\u706b\u8f66\u5317\u7ad9\u5e97)", "order_time": ["2019-01-04 18:22:47", "2019-01-04 17:58:50"], "total_order": 2, "hotel_value": ["4.3", "4.3"], "hotel_price": ["130", "130"]}, "2057366": {"hotel_name": "\u5982\u5bb6\u5feb\u6377\u9152\u5e97(\u9752\u5c9b\u91cd\u5e86\u4e2d\u8def\u674e\u6ca7\u6b65\u884c\u8857\u5e97)", "order_time": ["2019-01-04 17:58:50"], "total_order": 1, "hotel_value": ["4.5"], "hotel_price": ["117"]}, "6825526": {"hotel_name": "\u9752\u5c9b\u65b0\u6fb3\u6d77\u666f\u5927\u9152\u5e97", "order_time": ["2019-01-04 17:58:50"], "total_order": 1, "hotel_value": ["4.5"], "hotel_price": ["206"]}, "371190": {"hotel_name": "\u9752\u5c9b\u9999\u683c\u91cc\u62c9\u5927\u9152\u5e97", "order_time": ["2019-01-04 17:58:50", "2019-01-04 18:02:46", "2019-01-04 18:16:49", "2019-01-04 18:42:47", "2019-01-04 18:30:54"], "total_order": 5, "hotel_value": ["4.7", "4.7", "4.7", "4.7", "4.7"], "hotel_price": ["748", "748", "748", "748", "748"]}, "1420909": {"hotel_name": "\u5c1a\u5ba2\u4f18\u5feb\u6377\u9152\u5e97(\u9752\u5c9b\u5929\u4e00\u4ec1\u548c\u7ee3\u6210\u8def\u5e97)", "order_time": ["2019-01-04 17:58:51"], "total_order": 1, "hotel_value": ["4.3"], "hotel_price": ["105"]}, "5689807": {"hotel_name": "\u6c40\u6f9c\u9152\u5e97\u516c\u5bd3(\u9752\u5c9b\u4e94\u56db\u5e7f\u573a\u4e2d\u94c1\u4e2d\u5fc3\u5e97)", "order_time": ["2019-01-04 18:50:46", "2019-01-04 17:58:51"], "total_order": 2, "hotel_value": ["4.8", "4.8"], "hotel_price": ["193", "193"]}, "994155": {"hotel_name": "\u5982\u5bb6\u5feb\u6377\u9152\u5e97(\u9752\u5c9b\u91cd\u5e86\u5357\u8def\u4e07\u79d1\u57ce\u5e97)", "order_time": ["2019-01-04 18:46:48", "2019-01-04 17:58:51"], "total_order": 2, "hotel_value": ["4.6", "4.6"], "hotel_price": ["108", "108"]}, "7316689": {"hotel_name": "\u9752\u5c9b\u661f\u9a7f\u8fde\u9501\u9152\u5e97", "order_time": ["2019-01-04 18:00:46"], "total_order": 1, "hotel_value": ["4.8"], "hotel_price": ["63"]}, "484453": {"hotel_name": "\u9752\u5c9b\u897f\u6d77\u5cb8\u9686\u548c\u798f\u670b\u559c\u6765\u767b\u9152\u5e97(\u539f\u9ec4\u5c9b\u798f\u670b\u559c\u6765\u767b\u9152\u5e97)", "order_time": ["2019-01-04 18:00:46"], "total_order": 1, "hotel_value": ["4.5"], "hotel_price": ["494"]}, "450195": {"hotel_name": "\u90fd\u5e02118(\u9752\u5c9b\u6b63\u9633\u8def\u804c\u6559\u4e2d\u5fc3\u5e97)", "order_time": ["2019-01-04 18:00:47"], "total_order": 1, "hotel_value": ["4.4"], "hotel_price": ["93"]}, "22454731": {"hotel_name": "\u9752\u5c9b\u8d1d\u9716\u7cbe\u9009\u9152\u5e97", "order_time": ["2019-01-04 18:00:47"], "total_order": 1, "hotel_value": ["4.8"], "hotel_price": ["134"]}, "2307012": {"hotel_name": "7\u5929\u8fde\u9501\u9152\u5e97(\u9752\u5c9b\u6d41\u4ead\u673a\u573a\u4e8c\u5e97)", "order_time": ["2019-01-04 18:00:47", "2019-01-04 18:50:46", "2019-01-04 18:32:48"], "total_order": 3, "hotel_value": ["3.9", "3.9", "3.9"], "hotel_price": ["99", "99", "99"]}, "1322020": {"hotel_name": "\u9752\u5c9b\u6d77\u5c14\u5c71\u6d77\u6e7e\u9152\u5e97\u5f0f\u5ea6\u5047\u516c\u5bd3", "order_time": ["2019-01-04 18:00:47"], "total_order": 1, "hotel_value": ["4.7"], "hotel_price": ["91"]}, "23472335": {"hotel_name": "\u7f8e\u8c6a\u4e3d\u81f4\u9152\u5e97(\u9752\u5c9b\u5e97)", "order_time": ["2019-01-04 18:20:53", "2019-01-04 18:00:47"], "total_order": 2, "hotel_value": ["4.9", "4.9"], "hotel_price": ["358", "358"]}, "5634587": {"hotel_name": "\u9e97\u67ab\u9152\u5e97(\u9752\u5c9b\u4e94\u56db\u5e7f\u573a\u5e97)(\u539f\u9752\u5c9b\u5b81\u590f\u8def\u5730\u94c1\u7ad9\u5e97)", "order_time": ["2019-01-04 18:00:47"], "total_order": 1, "hotel_value": ["4.7"], "hotel_price": ["199"]}, "2379128": {"hotel_name": "\u90fd\u5e02118\u8fde\u9501\u9152\u5e97(\u9752\u5c9b\u8f9b\u5b89\u5e97)", "order_time": ["2019-01-04 18:00:47"], "total_order": 1, "hotel_value": ["4.5"], "hotel_price": ["94"]}, "1196411": {"hotel_name": "\u90fd\u5e02\u5bb6\u5ea6\u5047\u516c\u5bd3(\u9752\u5c9b\u77f3\u8001\u4eba\u6d77\u6c34\u6d74\u573a\u5e97)", "order_time": ["2019-01-04 18:00:48"], "total_order": 1, "hotel_value": ["4.5"], "hotel_price": ["101"]}, "6173744": {"hotel_name": "\u5e73\u5ea6\u534e\u73ba\u5927\u9152\u5e97", "order_time": ["2019-01-04 18:00:56"], "total_order": 1, "hotel_value": ["4.7"], "hotel_price": ["310"]}, "430450": {"hotel_name": "\u9752\u5c9b\u666f\u56ed\u5047\u65e5\u9152\u5e97", "order_time": ["2019-01-04 18:02:45"], "total_order": 1, "hotel_value": ["4.5"], "hotel_price": ["546"]}, "1016221": {"hotel_name": "\u6c49\u5ead\u9152\u5e97(\u9752\u5c9b\u674e\u6ca7\u4e07\u8fbe\u5e97)", "order_time": ["2019-01-04 18:02:45"], "total_order": 1, "hotel_value": ["4.5"], "hotel_price": ["154"]}, "2265976": {"hotel_name": "\u4eac\u82d1\u667a\u5c1a\u8bbe\u8ba1\u9152\u5e97(\u9752\u5c9b\u9999\u6e2f\u4e2d\u8def\u5e97)", "order_time": ["2019-01-04 18:02:45"], "total_order": 1, "hotel_value": ["4.6"], "hotel_price": ["124"]}, "513254": {"hotel_name": "\u9752\u5c9b\u671b\u6d77\u56fd\u9645\u9152\u5e97", "order_time": ["2019-01-04 18:02:45", "2019-01-04 18:06:48"], "total_order": 2, "hotel_value": ["4.9", "4.9"], "hotel_price": ["376", "376"]}, "10118500": {"hotel_name": "\u90fd\u5e02118\u7cbe\u9009\u9152\u5e97(\u9752\u5c9b\u5bb6\u4f73\u6e90\u4e00\u54c1\u51a0\u5e97)", "order_time": ["2019-01-04 18:02:46"], "total_order": 1, "hotel_value": ["4.6"], "hotel_price": ["118"]}, "5214763": {"hotel_name": "\u9752\u5c9b\u65af\u7ef4\u767b\u5ea6\u5047\u516c\u5bd3(\u5965\u5e06\u4e94\u56db\u5e7f\u573a\u4e07\u8c61\u57ce)", "order_time": ["2019-01-04 18:02:46"], "total_order": 1, "hotel_value": ["4.8"], "hotel_price": ["287"]}, "1344334": {"hotel_name": "\u9752\u5c9b\u9f99\u6e2f\u6e7e\u4e3b\u9898\u5bbe\u9986", "order_time": ["2019-01-04 18:02:46"], "total_order": 1, "hotel_value": ["4.1"], "hotel_price": ["75"]}, "2619565": {"hotel_name": "\u5982\u5bb6\u5feb\u6377\u9152\u5e97(\u9752\u5c9b\u56fd\u9645\u4f1a\u5c55\u4e2d\u5fc3\u682a\u6d32\u8def\u9ad8\u79d1\u56ed\u5e97)", "order_time": ["2019-01-04 18:02:46"], "total_order": 1, "hotel_value": ["4.3"], "hotel_price": ["98"]}, "8396348": {"hotel_name": "\u7a7a\u94c1\u5047\u65e5\u9152\u5e97\u516c\u5bd3(\u9752\u5c9b\u673a\u573a\u4e8c\u5e97)", "order_time": ["2019-01-04 18:02:46"], "total_order": 1, "hotel_value": ["4.4"], "hotel_price": ["179"]}, "17182438": {"hotel_name": "\u4e16\u60a6\u8f7b\u5962\u5ea6\u5047\u516c\u5bd3(\u9752\u5c9b\u9999\u6e2f\u4e2d\u8def\u4e3d\u6676\u5fa1\u7b51\u5e97)", "order_time": ["2019-01-04 18:02:47", "2019-01-04 18:20:53"], "total_order": 2, "hotel_value": ["4.6", "4.6"], "hotel_price": ["170", "170"]}, "9034162": {"hotel_name": "\u90a3\u62fe\u826f\u820d\uff08\u9752\u5c9b\u6808\u6865\u5929\u4e3b\u6559\u5802\u5e97\uff09", "order_time": ["2019-01-04 18:02:47"], "total_order": 1, "hotel_value": ["4.4"], "hotel_price": ["27"]}, "6508376": {"hotel_name": "\u6155\u820d\u00b7\u8d1d\u683c\u9152\u5e97\u516c\u5bd3(\u9752\u5c9b\u4e07\u8c61\u57ce\u5965\u5e06\u4e94\u56db\u5e7f\u573a\u5e97)", "order_time": ["2019-01-04 18:02:54"], "total_order": 1, "hotel_value": ["4.9"], "hotel_price": ["278"]}, "2237125": {"hotel_name": "\u5982\u5bb6\u5feb\u6377\u9152\u5e97(\u9752\u5c9b\u9ec4\u5c9b\u80f6\u5357\u6d77\u6c34\u6d74\u573a\u5e97)", "order_time": ["2019-01-04 18:04:46"], "total_order": 1, "hotel_value": ["4.6"], "hotel_price": ["95"]}, "1886446": {"hotel_name": "\u7231\u820d\u7a7a\u95f4\u5546\u52a1\u9152\u5e97(\u9752\u5c9b\u5c1a\u6ea2\u5e97)", "order_time": ["2019-01-04 18:22:47", "2019-01-04 18:04:46", "2019-01-04 18:10:49"], "total_order": 3, "hotel_value": ["4.5", "4.5", "4.5"], "hotel_price": ["93", "93", "93"]}, "427984": {"hotel_name": "\u5982\u5bb6\u5feb\u6377\u9152\u5e97(\u9752\u5c9b\u5564\u9152\u8857\u5ef6\u5b89\u8def\u5e97)", "order_time": ["2019-01-04 18:04:46"], "total_order": 1, "hotel_value": ["4.4"], "hotel_price": ["84"]}, "16018600": {"hotel_name": "\u683c\u6797\u4e1c\u65b9\u9152\u5e97(\u9752\u5c9b\u4e16\u7eaa\u516c\u56ed\u6d41\u4ead\u673a\u573a\u5e97)", "order_time": ["2019-01-04 18:50:46", "2019-01-04 18:04:46", "2019-01-04 18:34:48", "2019-01-04 18:40:49"], "total_order": 4, "hotel_value": ["4.5", "4.5", "4.5", "4.5"], "hotel_price": ["132", "132", "132", "132"]}, "19438626": {"hotel_name": "\u65af\u7ef4\u767b\u5ea6\u5047\u516c\u5bd3(\u9752\u5c9b\u91d1\u6c99\u6ee9\u540d\u5609\u56fd\u9645)", "order_time": ["2019-01-04 18:04:46", "2019-01-04 18:50:46"], "total_order": 2, "hotel_value": ["4.7", "4.7"], "hotel_price": ["189", "189"]}, "1734423": {"hotel_name": "\u9752\u5c9b\u84dd\u516c\u9986\u9152\u5e97(\u539f\u6d77\u84dd\u9152\u5e97)", "order_time": ["2019-01-04 18:04:46"], "total_order": 1, "hotel_value": ["4.4"], "hotel_price": ["114"]}, "451125": {"hotel_name": "\u90fd\u5e02118(\u9752\u5c9b\u4e95\u5188\u5c71\u8def\u5e97)", "order_time": ["2019-01-04 18:04:46"], "total_order": 1, "hotel_value": ["4.5"], "hotel_price": ["66"]}, "5916477": {"hotel_name": "\u5229\u6e90\u56fd\u9645\u516c\u5bd3(\u9752\u5c9b\u56fd\u4fe1\u4f1a\u5c55\u4e2d\u5fc3\u5e97)", "order_time": ["2019-01-04 18:04:47"], "total_order": 1, "hotel_value": ["4.4"], "hotel_price": ["113"]}, "2083026": {"hotel_name": "\u591a\u7ef4\u7cbe\u54c1\u9152\u5e97(\u5e73\u5ea6\u5e97)", "order_time": ["2019-01-04 18:04:56"], "total_order": 1, "hotel_value": ["4.2"], "hotel_price": ["111"]}, "992456": {"hotel_name": "\u9752\u5c9b\u540d\u90fd\u51ef\u83b1\u9152\u5e97", "order_time": ["2019-01-04 18:04:57"], "total_order": 1, "hotel_value": ["4.4"], "hotel_price": ["358"]}, "16127878": {"hotel_name": "\u9752\u5c9b\u73e0\u5c71\u5927\u996d\u5e97", "order_time": ["2019-01-04 18:26:46", "2019-01-04 18:30:54", "2019-01-04 18:06:47"], "total_order": 3, "hotel_value": ["4.7", "4.7", "4.7"], "hotel_price": ["323", "323", "323"]}, "994086": {"hotel_name": "\u5982\u5bb6\u5feb\u6377\u9152\u5e97(\u9752\u5c9b\u6d77\u5c14\u8def\u5730\u94c1\u7ad9\u9752\u5c71\u8def\u5e97)", "order_time": ["2019-01-04 18:06:47"], "total_order": 1, "hotel_value": ["4.5"], "hotel_price": ["81"]}, "1181372": {"hotel_name": "\u65b0\u4e16\u4f73\u5546\u52a1\u5bbe\u9986(\u9752\u5c9b\u57ce\u9633\u533a)", "order_time": ["2019-01-04 18:06:47"], "total_order": 1, "hotel_value": ["3.8"], "hotel_price": ["116"]}, "1137296": {"hotel_name": "\u9752\u5c9b\u4e1c\u65b9\u6885\u5730\u4e9a\u9152\u5e97", "order_time": ["2019-01-04 18:06:48", "2019-01-04 18:22:47"], "total_order": 2, "hotel_value": ["4.9", "4.9"], "hotel_price": ["328", "328"]}, "2313517": {"hotel_name": "\u6c49\u5ead\u9152\u5e97\uff08\u9752\u5c9b\u4f1a\u5c55\u4e2d\u5fc3\u5730\u94c1\u7ad9\u5e97\uff09", "order_time": ["2019-01-04 18:06:48"], "total_order": 1, "hotel_value": ["4.1"], "hotel_price": ["132"]}, "2222735": {"hotel_name": "\u9526\u6c5f\u4e4b\u661f(\u9752\u5c9b\u6d41\u4ead\u56fd\u9645\u673a\u573a\u6b63\u9633\u4e2d\u8def\u5e97)", "order_time": ["2019-01-04 18:06:48"], "total_order": 1, "hotel_value": ["4.5"], "hotel_price": ["189"]}, "5318261": {"hotel_name": "\u6d77\u90b8\u4f18\u820d\u7cbe\u54c1\u9152\u5e97(\u9752\u5c9b\u6808\u6865\u706b\u8f66\u7ad9\u5e97)", "order_time": ["2019-01-04 18:06:48"], "total_order": 1, "hotel_value": ["4.7"], "hotel_price": ["70"]}, "6107278": {"hotel_name": "\u5c1a\u5ba2\u4f18\u7cbe\u9009\u9152\u5e97(\u9752\u5c9b\u8fbd\u6cb3\u4e00\u8def\u5e97)", "order_time": ["2019-01-04 18:06:48"], "total_order": 1, "hotel_value": ["4.1"], "hotel_price": ["98"]}, "19845456": {"hotel_name": "\u5b63\u5bb6\u516c\u5bd3(\u9752\u5c9b\u53f0\u4e1c\u5564\u9152\u8857\u5e97)", "order_time": ["2019-01-04 18:06:49"], "total_order": 1, "hotel_value": ["4.8"], "hotel_price": ["87"]}, "9595855": {"hotel_name": "\u9752\u5c9b\u53cb\u5ba2168\u8fde\u9501\u5bbe\u9986", "order_time": ["2019-01-04 18:06:50"], "total_order": 1, "hotel_value": [0], "hotel_price": ["69"]}, "2299441": {"hotel_name": "\u9526\u6c5f\u4e4b\u661f(\u9752\u5c9b\u56fd\u9645\u4f1a\u5c55\u4e2d\u5fc3\u6d77\u5c14\u8def\u5e97)", "order_time": ["2019-01-04 18:30:54", "2019-01-04 18:08:47"], "total_order": 2, "hotel_value": ["4.6", "4.6"], "hotel_price": ["189", "189"]}, "1979422": {"hotel_name": "\u9752\u5c9b\u4f18\u5c1a\u5feb\u6377\u9152\u5e97", "order_time": ["2019-01-04 18:08:47", "2019-01-04 18:14:48"], "total_order": 2, "hotel_value": ["4.0", "4.0"], "hotel_price": ["83", "83"]}, "10823774": {"hotel_name": "\u5982\u5bb6\u5546\u65c5\u9152\u5e97(\u9752\u5c9b\u5373\u58a8\u56fd\u9645\u535a\u89c8\u4e2d\u5fc3\u5c71\u4e1c\u5927\u5b66\u5e97)", "order_time": ["2019-01-04 18:22:47", "2019-01-04 18:24:49", "2019-01-04 18:08:47"], "total_order": 3, "hotel_value": ["4.7", "4.7", "4.7"], "hotel_price": ["155", "155", "155"]}, "6775447": {"hotel_name": "\u6d77\u798f\u7279\u9152\u5e97(\u9752\u5c9b\u56fd\u9645\u4f1a\u5c55\u4e2d\u5fc3\u77f3\u8001\u4eba\u6d77\u6c34\u6d74\u573a\u5e97)", "order_time": ["2019-01-04 18:08:48"], "total_order": 1, "hotel_value": ["4.3"], "hotel_price": ["170"]}, "8901400": {"hotel_name": "\u6c49\u5ead\u9152\u5e97(\u9752\u5c9b\u6808\u6865\u706b\u8f66\u7ad9\u5e97)", "order_time": ["2019-01-04 18:08:48"], "total_order": 1, "hotel_value": ["4.4"], "hotel_price": ["99"]}, "5482123": {"hotel_name": "\u9752\u5c9b\u94f6\u6cb3\u5047\u65e5\u9152\u5e97", "order_time": ["2019-01-04 18:42:46", "2019-01-04 18:08:48"], "total_order": 2, "hotel_value": ["4.7", "4.7"], "hotel_price": ["133", "133"]}, "1700442": {"hotel_name": "\u9752\u5c9b\u9a6c\u53ef\u6ce2\u7f57\u9152\u5e97", "order_time": ["2019-01-04 18:08:48"], "total_order": 1, "hotel_value": ["4.6"], "hotel_price": ["121"]}, "5895533": {"hotel_name": "\u5373\u58a8\u7231\u5ba2100\u8fde\u9501\u5bbe\u9986\u670d\u88c5\u57ce\u5e97", "order_time": ["2019-01-04 18:08:49"], "total_order": 1, "hotel_value": ["4.4"], "hotel_price": ["97"]}, "8531362": {"hotel_name": "\u9752\u5c9b\u6c11\u56fd\u9152\u5e97", "order_time": ["2019-01-04 18:08:49"], "total_order": 1, "hotel_value": ["4.8"], "hotel_price": ["220"]}, "2296583": {"hotel_name": "\u9752\u5c9b\u91d1\u6765\u6e90\u5bbe\u9986", "order_time": ["2019-01-04 18:08:51"], "total_order": 1, "hotel_value": [0], "hotel_price": ["64"]}, "4719799": {"hotel_name": "\u9752\u5c9b\u5965\u5e06\u4e2d\u5fc3\u4e9a\u6735\u9152\u5e97", "order_time": ["2019-01-04 18:08:55"], "total_order": 1, "hotel_value": ["4.8"], "hotel_price": ["316"]}, "1587849": {"hotel_name": "\u80f6\u5dde\u5e73\u5b89\u65c5\u9986", "order_time": ["2019-01-04 18:08:55", "2019-01-04 18:24:55"], "total_order": 2, "hotel_value": [0, 0], "hotel_price": ["29", "29"]}, "21124467": {"hotel_name": "\u9752\u5c9b\u65af\u7ef4\u767b\u7cbe\u54c1\u516c\u5bd3(\u4f1a\u5c55\u4e2d\u5fc3\u77f3\u8001\u4eba\u6d77\u6c34\u6d74\u573a)", "order_time": ["2019-01-04 18:08:57", "2019-01-04 18:10:49"], "total_order": 2, "hotel_value": ["4.9", "4.9"], "hotel_price": ["222", "222"]}, "1664209": {"hotel_name": "\u9752\u5c9b\u5929\u745e\u661f\u7a7a\u9152\u5e97", "order_time": ["2019-01-04 18:08:57"], "total_order": 1, "hotel_value": ["4.6"], "hotel_price": ["446"]}, "21356980": {"hotel_name": "\u5c0f\u91d1\u9ca4\u6d77\u666f\u516c\u5bd3(\u9752\u5c9b\u5564\u9152\u57ce\u4f1a\u5c55\u4e2d\u5fc3\u5e97)", "order_time": ["2019-01-04 18:10:48", "2019-01-04 18:26:45"], "total_order": 2, "hotel_value": ["4.9", "4.9"], "hotel_price": ["206", "206"]}, "23227885": {"hotel_name": "\u9752\u5c9b\u683c\u96f7\u65af\u7cbe\u9009\u9152\u5e97", "order_time": ["2019-01-04 18:46:48", "2019-01-04 18:10:48"], "total_order": 2, "hotel_value": ["4.9", "4.9"], "hotel_price": ["243", "243"]}, "1259981": {"hotel_name": "\u9752\u5c9b\u4e2d\u5929\u6d77\u666f\u9152\u5e97\uff08\u6808\u6865\u706b\u8f66\u7ad9\u5e97\uff09", "order_time": ["2019-01-04 18:10:48"], "total_order": 1, "hotel_value": ["4.8"], "hotel_price": ["81"]}, "24055729": {"hotel_name": "\u5c1a\u5ba2\u4f18\u7cbe\u9009\u9152\u5e97(\u9752\u5c9b\u4e94\u56db\u5e7f\u573a\u5965\u5e06\u5e97)", "order_time": ["2019-01-04 18:10:48"], "total_order": 1, "hotel_value": ["4.7"], "hotel_price": ["113"]}, "7859115": {"hotel_name": "\u66e6\u9014\u00b7\u672a\u6765\u667a\u80fd\u5ea6\u5047\u516c\u5bd3(\u9752\u5c9b\u5965\u5e06\u4e94\u56db\u5e7f\u573a\u4e07\u8c61\u57ce\u5e97)", "order_time": ["2019-01-04 18:10:48"], "total_order": 1, "hotel_value": ["4.8"], "hotel_price": ["248"]}, "791367": {"hotel_name": "\u9752\u5c9b\u8bc1\u5927\u559c\u739b\u62c9\u96c5\u9152\u5e97", "order_time": ["2019-01-04 18:16:49", "2019-01-04 18:10:48", "2019-01-04 18:26:46"], "total_order": 3, "hotel_value": ["4.6", "4.6", "4.6"], "hotel_price": ["546", "546", "546"]}, "1606905": {"hotel_name": "\u9752\u5c9b\u5174\u5b89\u5927\u9152\u5e97", "order_time": ["2019-01-04 18:10:50"], "total_order": 1, "hotel_value": ["4.4"], "hotel_price": ["131"]}, "5082817": {"hotel_name": "\u83b1\u897f\u65b0\u5982\u5bb6\u5bbe\u9986", "order_time": ["2019-01-04 18:10:56"], "total_order": 1, "hotel_value": [0], "hotel_price": ["130"]}, "1306753": {"hotel_name": "\u9752\u5c9b\u51ef\u83b1\u5546\u52a1\u9152\u5e97", "order_time": ["2019-01-04 18:12:46"], "total_order": 1, "hotel_value": ["4.2"], "hotel_price": ["146"]}, "702221": {"hotel_name": "\u5373\u58a8\u5929\u6cf0\u5cea\u5c1a\u6c64\u6cc9\u6e29\u6cc9\u5ea6\u5047\u9152\u5e97(\u539f\u5929\u6cf0\u6e29\u6cc9\u9ad8\u5c14\u592b\u4e50\u6d3b\u9152\u5e97)", "order_time": ["2019-01-04 18:12:46", "2019-01-04 18:18:47"], "total_order": 2, "hotel_value": ["4.5", "4.5"], "hotel_price": ["739", "739"]}, "995168": {"hotel_name": "\u94f6\u5ea7\u4f73\u9a7f\u9152\u5e97(\u5373\u58a8\u9e64\u5c71\u8def\u4f73\u4e50\u5bb6\u4e8c\u5e97)", "order_time": ["2019-01-04 18:18:46", "2019-01-04 18:12:46"], "total_order": 2, "hotel_value": ["4.3", "4.3"], "hotel_price": ["71", "71"]}, "996027": {"hotel_name": "\u9752\u5c9b\u91d1\u6c99\u6ee9\u5e0c\u5c14\u987f\u9152\u5e97", "order_time": ["2019-01-04 18:12:47"], "total_order": 1, "hotel_value": ["4.6"], "hotel_price": ["656"]}, "8358075": {"hotel_name": "\u9752\u5c9b\u65af\u7c73\u5170\u6d77\u666f\u5ea6\u5047\u516c\u5bd3\u4e2d\u8054\u81ea\u7531\u6e2f\u6e7e\u5e97", "order_time": ["2019-01-04 18:12:47"], "total_order": 1, "hotel_value": ["4.7"], "hotel_price": ["85"]}, "2301075": {"hotel_name": "\u7231\u5c0a\u5ba2\u9152\u5e97(\u9752\u5c9b\u5e7f\u7535\u5927\u53a6\u5e97)", "order_time": ["2019-01-04 18:12:47"], "total_order": 1, "hotel_value": ["4.5"], "hotel_price": ["119"]}, "8902993": {"hotel_name": "\u4e07\u7231\u60c5\u4fa3\u9152\u5e97(\u9752\u5c9b\u674e\u6751\u6b65\u884c\u8857\u5e97)", "order_time": ["2019-01-04 18:30:55", "2019-01-04 18:12:47"], "total_order": 2, "hotel_value": ["4.8", "4.8"], "hotel_price": ["178", "178"]}, "1103123": {"hotel_name": "\u6c49\u5ead\u9152\u5e97(\u9752\u5c9b\u5965\u5e06\u4e2d\u5fc3\u5e97)", "order_time": ["2019-01-04 18:12:47"], "total_order": 1, "hotel_value": ["4.4"], "hotel_price": ["136"]}, "2624847": {"hotel_name": "\u9752\u5c9b\u83ab\u4e3d\u00b7\u7cbe\u9009\u9152\u5e97", "order_time": ["2019-01-04 18:34:47", "2019-01-04 18:12:47", "2019-01-04 18:18:47"], "total_order": 3, "hotel_value": ["4.5", "4.5", "4.5"], "hotel_price": ["216", "216", "216"]}, "21122269": {"hotel_name": "\u9752\u5c9b\u84dd\u6735\u6d77\u666f\u5047\u65e5\u516c\u5bd3", "order_time": ["2019-01-04 18:12:47"], "total_order": 1, "hotel_value": ["4.9"], "hotel_price": ["217"]}, "5998532": {"hotel_name": "\u83b1\u897f\u58f9\u53f7\u9152\u5e97", "order_time": ["2019-01-04 18:12:54"], "total_order": 1, "hotel_value": ["4.9"], "hotel_price": ["99"]}, "1925767": {"hotel_name": "\u9752\u5c9b\u7d2b\u73a5\u94c2\u5c14\u66fc\u9152\u5e97", "order_time": ["2019-01-04 18:48:49", "2019-01-04 18:50:46", "2019-01-04 18:14:46"], "total_order": 3, "hotel_value": ["4.5", "4.5", "4.5"], "hotel_price": ["381", "381", "381"]}, "779894": {"hotel_name": "\u9526\u6c5f\u4e4b\u661f(\u9752\u5c9b\u4e2d\u5c71\u8def\u5e97)", "order_time": ["2019-01-04 18:14:46"], "total_order": 1, "hotel_value": ["4.5"], "hotel_price": ["143"]}, "2301080": {"hotel_name": "\u7231\u5c0a\u5ba2\u9152\u5e97(\u9752\u5c9b\u94f6\u5ddd\u8def\u5e97)", "order_time": ["2019-01-04 18:14:47"], "total_order": 1, "hotel_value": ["4.6"], "hotel_price": ["94"]}, "2214091": {"hotel_name": "\u9752\u5c9b\u732b\u7a9d\u9752\u5e74\u65c5\u884c\u5ba2\u6808", "order_time": ["2019-01-04 18:14:47"], "total_order": 1, "hotel_value": ["4.5"], "hotel_price": ["89"]}, "2013340": {"hotel_name": "\u901f8\u9152\u5e97(\u5e73\u5ea6\u6d77\u5b9c\u5bb6\u80f6\u5e73\u8def\u5e97)", "order_time": ["2019-01-04 18:14:57"], "total_order": 1, "hotel_value": ["4.4"], "hotel_price": ["118"]}, "4043506": {"hotel_name": "\u9752\u5c9b\u4e1c\u65b9\u82f1\u4f26\u5ea6\u5047\u516c\u5bd3", "order_time": ["2019-01-04 18:16:47"], "total_order": 1, "hotel_value": ["4.6"], "hotel_price": ["96"]}, "1093405": {"hotel_name": "\u9752\u5c9b\u4e16\u56ed\u5bd2\u8f69\u9152\u5e97", "order_time": ["2019-01-04 18:16:47"], "total_order": 1, "hotel_value": ["4.5"], "hotel_price": ["399"]}, "3725612": {"hotel_name": "\u9752\u5c9b\u5026\u9e1f\u9152\u5e97", "order_time": ["2019-01-04 18:16:47"], "total_order": 1, "hotel_value": ["4.7"], "hotel_price": ["184"]}, "1786880": {"hotel_name": "\u9752\u5c9b\u5e1d\u8c6a\u5546\u52a1\u9152\u5e97", "order_time": ["2019-01-04 18:16:47"], "total_order": 1, "hotel_value": ["4.4"], "hotel_price": ["118"]}, "1741177": {"hotel_name": "\u91d1\u72ee100\u8fde\u9501\u5bbe\u9986(\u9752\u5c9b\u6d41\u4ead\u673a\u573a\u5e97)", "order_time": ["2019-01-04 18:16:47"], "total_order": 1, "hotel_value": ["3.5"], "hotel_price": ["54"]}, "385108": {"hotel_name": "\u9752\u5c9b\u6d77\u5c14\u6d32\u9645\u9152\u5e97", "order_time": ["2019-01-04 18:16:47", "2019-01-04 18:20:53"], "total_order": 2, "hotel_value": ["4.6", "4.6"], "hotel_price": ["758", "758"]}, "1208726": {"hotel_name": "\u5c1a\u5ba2\u4f18\u5feb\u6377\u9152\u5e97(\u9752\u5c9b\u52b2\u677e\u4e00\u8def\u5e97)", "order_time": ["2019-01-04 18:16:48"], "total_order": 1, "hotel_value": ["4.1"], "hotel_price": ["74"]}, "5214791": {"hotel_name": "\u94f6\u6d77\u4e4b\u604b\u9152\u5e97(\u9752\u5c9b\u9ec4\u5c9b\u91d1\u6c99\u6ee9\u5564\u9152\u57ce\u5e97)", "order_time": ["2019-01-04 18:16:48"], "total_order": 1, "hotel_value": ["4.7"], "hotel_price": ["75"]}, "6114888": {"hotel_name": "\u5982\u5bb6\u5546\u65c5\u9152\u5e97(\u9752\u5c9b\u9ec4\u5c9b\u8463\u5bb6\u53e3\u6e2f\u6cca\u91cc\u5730\u94c1\u7ad9\u5e97)", "order_time": ["2019-01-04 18:16:49"], "total_order": 1, "hotel_value": ["4.7"], "hotel_price": ["143"]}, "459120": {"hotel_name": "\u6c49\u5ead\u9152\u5e97(\u9752\u5c9b\u5f00\u53d1\u533a\u5c71\u79d1\u5927\u5e97)", "order_time": ["2019-01-04 18:18:46"], "total_order": 1, "hotel_value": ["4.3"], "hotel_price": ["136"]}, "1613449": {"hotel_name": "\u591a\u7ef4\u7a7a\u95f4\u7cbe\u54c1\u9152\u5e97(\u9752\u5c9b\u674e\u6751\u6b65\u884c\u8857\u5e97)", "order_time": ["2019-01-04 18:32:48", "2019-01-04 18:18:47"], "total_order": 2, "hotel_value": ["4.3", "4.3"], "hotel_price": ["124", "124"]}, "1165293": {"hotel_name": "\u9752\u5c9b\u5c1a\u54c1\u4e91\u56fe\u5bbe\u9986", "order_time": ["2019-01-04 18:46:47", "2019-01-04 18:24:49", "2019-01-04 18:18:47"], "total_order": 3, "hotel_value": ["4.2", "4.2", "4.2"], "hotel_price": ["65", "65", "65"]}, "2318142": {"hotel_name": "\u9752\u5c9b\u67ab\u4e39\u767d\u9732\u6d77\u666f\u9152\u5e97\u516c\u5bd3", "order_time": ["2019-01-04 18:18:47"], "total_order": 1, "hotel_value": ["4.7"], "hotel_price": ["102"]}, "17513505": {"hotel_name": "\u5982\u5bb6\u5feb\u6377\u9152\u5e97(\u9752\u5c9b\u4e2d\u592e\u5546\u52a1\u533a\u9547\u6c5f\u5317\u8def\u5e97)", "order_time": ["2019-01-04 18:36:50", "2019-01-04 18:18:47"], "total_order": 2, "hotel_value": ["4.5", "4.5"], "hotel_price": ["147", "147"]}, "1316461": {"hotel_name": "\u6c49\u5ead\u9152\u5e97(\u9752\u5c9b\u674e\u6ca7\u91d1\u6c34\u8def\u5e97)", "order_time": ["2019-01-04 18:18:47"], "total_order": 1, "hotel_value": ["4.4"], "hotel_price": ["154"]}, "1113383": {"hotel_name": "99\u65c5\u9986\u8fde\u9501(\u9752\u5c9b\u57ce\u9633\u6d41\u4ead\u673a\u573a\u5e97)", "order_time": ["2019-01-04 18:18:49"], "total_order": 1, "hotel_value": ["3.7"], "hotel_price": ["63"]}, "5524393": {"hotel_name": "\u9752\u5c9b\u9c81\u90a6\u7231\u5bb6\u516c\u5bd3", "order_time": ["2019-01-04 18:18:51"], "total_order": 1, "hotel_value": ["4.3"], "hotel_price": ["93"]}, "2011487": {"hotel_name": "7\u5929\u8fde\u9501\u9152\u5e97(\u5e73\u5ea6\u9752\u5c9b\u8def\u5e97)", "order_time": ["2019-01-04 18:18:56"], "total_order": 1, "hotel_value": ["4.4"], "hotel_price": ["126"]}, "1541913": {"hotel_name": "\u9752\u5c9b\u6c11\u822a\u673a\u573a\u5bbe\u9986", "order_time": ["2019-01-04 18:20:52"], "total_order": 1, "hotel_value": ["4.5"], "hotel_price": ["299"]}, "1886434": {"hotel_name": "\u7231\u820d\u7a7a\u95f4\u4e3b\u9898\u6982\u5ff5\u9152\u5e97(\u9752\u5c9b\u5965\u5e06\u4e2d\u5fc3\u738b\u5b50\u98ce\u5c1a\u5e97)", "order_time": ["2019-01-04 18:48:48", "2019-01-04 18:20:52"], "total_order": 2, "hotel_value": ["4.6", "4.6"], "hotel_price": ["93", "93"]}, "5908521": {"hotel_name": "\u5982\u5bb6\u5feb\u6377\u9152\u5e97(\u9752\u5c9b\u6d41\u4ead\u673a\u573a\u6c11\u822a\u8def\u5e97)", "order_time": ["2019-01-04 18:32:48", "2019-01-04 18:20:53"], "total_order": 2, "hotel_value": ["4.3", "4.3"], "hotel_price": ["106", "106"]}, "23418429": {"hotel_name": "\u9752\u5c9b\u5723\u5229\u9152\u5e97", "order_time": ["2019-01-04 18:20:53"], "total_order": 1, "hotel_value": ["4.9"], "hotel_price": ["123"]}, "21160142": {"hotel_name": "\u9752\u5c9b\u897f\u6d77\u5cb8\u667a\u9009\u5047\u65e5\u9152\u5e97", "order_time": ["2019-01-04 18:20:53"], "total_order": 1, "hotel_value": ["4.8"], "hotel_price": ["369"]}, "436549": {"hotel_name": "\u9752\u5c9b\u65af\u7ef4\u767b\u5ea6\u5047\u516c\u5bd3(\u5927\u62c7\u6307\u5e7f\u573a)", "order_time": ["2019-01-04 18:20:53"], "total_order": 1, "hotel_value": ["4.4"], "hotel_price": ["123"]}, "430840": {"hotel_name": "\u9752\u5c9b\u4e3d\u6676\u5927\u9152\u5e97", "order_time": ["2019-01-04 18:28:48", "2019-01-04 18:20:53"], "total_order": 2, "hotel_value": ["4.5", "4.5"], "hotel_price": ["460", "460"]}, "6085650": {"hotel_name": "\u5586\u5561\u9152\u5e97(\u9752\u5c9b\u6d41\u4ead\u56fd\u9645\u673a\u573a\u5e97)", "order_time": ["2019-01-04 18:20:53"], "total_order": 1, "hotel_value": ["4.8"], "hotel_price": ["196"]}, "939307": {"hotel_name": "\u6c49\u5ead\u9152\u5e97(\u9752\u5c9b\u4e94\u56db\u5e7f\u573a\u5e97)", "order_time": ["2019-01-04 18:20:53"], "total_order": 1, "hotel_value": ["4.5"], "hotel_price": ["176"]}, "2582773": {"hotel_name": "\u6c49\u5ead\u9152\u5e97(\u9752\u5c9b\u706b\u8f66\u7ad9\u4e1c\u5e7f\u573a\u5e97)", "order_time": ["2019-01-04 18:22:47"], "total_order": 1, "hotel_value": ["4.4"], "hotel_price": ["101"]}, "5466788": {"hotel_name": "\u82b1\u6eaa\u82b1\u56ed\u9152\u5e97(\u9752\u5c9b\u6d41\u4ead\u673a\u573a\u5e97)", "order_time": ["2019-01-04 18:22:47"], "total_order": 1, "hotel_value": ["4.4"], "hotel_price": ["208"]}, "5527970": {"hotel_name": "\u9752\u5c9b\u65af\u7ef4\u767b\u5ea6\u5047\u516c\u5bd3(\u57ce\u9633\u673a\u573a\u5e97)", "order_time": ["2019-01-04 18:28:49", "2019-01-04 18:22:47", "2019-01-04 18:52:51"], "total_order": 3, "hotel_value": ["4.7", "4.7", "4.7"], "hotel_price": ["119", "119", "119"]}, "4068819": {"hotel_name": "\u90fd\u5e02118(\u9752\u5c9b\u4f1a\u5c55\u4e2d\u5fc3\u6d77\u5c14\u8def\u5e97)(\u539f\u5d02\u5c71\u9ad8\u79d1\u56ed\u5e97)", "order_time": ["2019-01-04 18:22:47"], "total_order": 1, "hotel_value": ["4.2"], "hotel_price": ["81"]}, "5409418": {"hotel_name": "\u7231\u5c0a\u5ba2\u7cbe\u54c1\u9152\u5e97(\u5373\u58a8\u6d77\u5c14\u8def\u5e97)", "order_time": ["2019-01-04 18:22:48"], "total_order": 1, "hotel_value": ["4.0"], "hotel_price": ["127"]}, "840717": {"hotel_name": "\u9752\u5c9b\u674e\u6ca7\u7eff\u57ce\u559c\u6765\u767b\u9152\u5e97", "order_time": ["2019-01-04 18:22:48"], "total_order": 1, "hotel_value": ["4.7"], "hotel_price": ["545"]}, "1344295": {"hotel_name": "\u5373\u58a8\u76db\u548c\u5546\u52a1\u5bbe\u9986", "order_time": ["2019-01-04 18:22:48"], "total_order": 1, "hotel_value": ["3.6"], "hotel_price": ["73"]}, "2935119": {"hotel_name": "\u5609\u5fb7\u591c\u8272\u827a\u672f\u4e3b\u9898\u9152\u5e97(\u9752\u5c9b\u674e\u6751\u5730\u94c1\u6b65\u884c\u8857\u706b\u8f66\u5317\u7ad9\u5e97)", "order_time": ["2019-01-04 18:22:49"], "total_order": 1, "hotel_value": ["4.6"], "hotel_price": ["141"]}, "2006826": {"hotel_name": "\u9752\u5c9b\u706b\u8f66\u7ad9\u4e3b\u9898\u683c\u8c03\u6d77\u666f\u65e5\u79df\u623f", "order_time": ["2019-01-04 18:22:49"], "total_order": 1, "hotel_value": ["4.7"], "hotel_price": ["139"]}, "1340964": {"hotel_name": "\u805a\u5174\u5706\u7cbe\u54c1\u8fde\u9501\u5bbe\u9986(\u9752\u5c9b\u6d41\u4ead\u673a\u573a\u5e97)", "order_time": ["2019-01-04 18:22:49"], "total_order": 1, "hotel_value": ["4.0"], "hotel_price": ["61"]}, "2034327": {"hotel_name": "\u9752\u5c9b\u6696\u7231\u8272\u5f69\u516c\u5bd3", "order_time": ["2019-01-04 18:22:49"], "total_order": 1, "hotel_value": ["4.1"], "hotel_price": ["207"]}, "5766716": {"hotel_name": "\u9752\u5c9b\u5982\u5bb6\u99a8\u82d1\u6808\u6865\u6d77\u666f\u65e5\u79df\u623f", "order_time": ["2019-01-04 18:22:49"], "total_order": 1, "hotel_value": ["4.0"], "hotel_price": ["50"]}, "6448671": {"hotel_name": "\u9752\u5c9b\u6829\u9732\u6d77\u666f\u5ea6\u5047\u516c\u5bd3", "order_time": ["2019-01-04 18:22:49"], "total_order": 1, "hotel_value": ["4.6"], "hotel_price": ["95"]}, "2305984": {"hotel_name": "\u9752\u5c9b\u4edf\u767e\u6c47\u5bbe\u9986", "order_time": ["2019-01-04 18:22:50"], "total_order": 1, "hotel_value": ["4.5"], "hotel_price": ["48"]}, "1730179": {"hotel_name": "\u80f6\u5dde\u91d1\u8fbe\u5546\u52a1\u9152\u5e97", "order_time": ["2019-01-04 18:22:55"], "total_order": 1, "hotel_value": ["4.4"], "hotel_price": ["149"]}, "8394909": {"hotel_name": "\u5343\u591c\u5ea6\u5047\u516c\u5bd3(\u9752\u5c9b\u6d41\u4ead\u673a\u573a\u5e97)", "order_time": ["2019-01-04 18:52:50", "2019-01-04 18:28:47", "2019-01-04 18:50:46", "2019-01-04 18:24:48"], "total_order": 4, "hotel_value": ["4.5", "4.5", "4.5", "4.5"], "hotel_price": ["114", "114", "114", "114"]}, "438764": {"hotel_name": "\u9752\u5c9b\u56fd\u4fe1\u6d77\u5929\u5927\u5267\u9662\u9152\u5e97", "order_time": ["2019-01-04 18:24:48"], "total_order": 1, "hotel_value": ["4.7"], "hotel_price": ["328"]}, "20058929": {"hotel_name": "\u5343\u5bbf\u6d77\u666f\u5ea6\u5047\u516c\u5bd3(\u9752\u5c9b\u4f1a\u5c55\u4e2d\u5fc3\u77f3\u8001\u4eba\u6d74\u573a\u5e97)", "order_time": ["2019-01-04 18:26:46", "2019-01-04 18:24:48"], "total_order": 2, "hotel_value": ["4.8", "4.8"], "hotel_price": ["212", "212"]}, "1051740": {"hotel_name": "\u9752\u5c9b\u5927\u5b66\u56fd\u9645\u5b66\u672f\u4ea4\u6d41\u4e2d\u5fc3", "order_time": ["2019-01-04 18:24:48"], "total_order": 1, "hotel_value": ["4.1"], "hotel_price": ["268"]}, "428027": {"hotel_name": "\u5982\u5bb6\u7cbe\u9009\u9152\u5e97(\u9752\u5c9b\u94f6\u5ddd\u897f\u8def\u8f6f\u4ef6\u56ed\u5e97)", "order_time": ["2019-01-04 18:24:48"], "total_order": 1, "hotel_value": ["4.7"], "hotel_price": ["167"]}, "467216": {"hotel_name": "\u9752\u5c9b\u6d77\u666f\u82b1\u56ed\u5927\u9152\u5e97", "order_time": ["2019-01-04 18:26:46"], "total_order": 1, "hotel_value": ["4.8"], "hotel_price": ["580"]}, "440316": {"hotel_name": "\u9752\u5c9b\u56db\u65b9\u5927\u9152\u5e97", "order_time": ["2019-01-04 18:26:46"], "total_order": 1, "hotel_value": ["4.4"], "hotel_price": ["63"]}, "13547901": {"hotel_name": "\u9526\u6c5f\u4e4b\u661f\u54c1\u5c1a(\u9752\u5c9b\u6cca\u91cc\u8463\u5bb6\u53e3\u5e97)", "order_time": ["2019-01-04 18:26:46"], "total_order": 1, "hotel_value": ["4.8"], "hotel_price": ["159"]}, "5896610": {"hotel_name": "\u9752\u5c9b\u6d77\u8fb9\u4eba\u5bb6\u6d77\u666f\u5ea6\u5047\u516c\u5bd3\u4e2d\u8054\u81ea\u7531\u6e2f\u6e7e\u5e97", "order_time": ["2019-01-04 18:52:50", "2019-01-04 18:26:46", "2019-01-04 18:50:47"], "total_order": 3, "hotel_value": ["4.6", "4.6", "4.6"], "hotel_price": ["76", "65", "65"]}, "442272": {"hotel_name": "\u9752\u5c9b\u8fbe\u5bbe\u6c49\u767d\u91d1\u8c6a\u5ef7\u9152\u5e97(\u539f\u660e\u73e0\u6d77\u6e2f\u5927\u9152\u5e97)", "order_time": ["2019-01-04 18:28:47", "2019-01-04 18:32:48"], "total_order": 2, "hotel_value": ["3.8", "3.8"], "hotel_price": ["99", "99"]}, "1969052": {"hotel_name": "\u9752\u5c9b\u56fd\u79d1\u6d77\u666f\u516c\u5bd3\u9152\u5e97", "order_time": ["2019-01-04 18:42:47", "2019-01-04 18:28:47", "2019-01-04 18:40:49"], "total_order": 3, "hotel_value": ["4.4", "4.4", "4.4"], "hotel_price": ["97", "97", "97"]}, "26614291": {"hotel_name": "\u9752\u5c9b\u66fc\u54c8\u987f\u7cbe\u54c1\u6c11\u5bbf", "order_time": ["2019-01-04 18:28:47"], "total_order": 1, "hotel_value": ["5.0"], "hotel_price": ["121"]}, "2717691": {"hotel_name": "\u6587\u6d77\u56fd\u9645\u9152\u5e97(\u9752\u5c9b\u91d1\u6c99\u6ee9\u5e97)", "order_time": ["2019-01-04 18:28:48"], "total_order": 1, "hotel_value": ["4.6"], "hotel_price": ["191"]}, "21336281": {"hotel_name": "\u9a7f\u4e4b\u5c9b\u9152\u5e97\u5f0f\u516c\u5bd3\uff08\u9752\u5c9b\u9ad8\u65b0\u533a\u521b\u4e1a\u5927\u53a6\u65b9\u7279\u5e97\uff09", "order_time": ["2019-01-04 18:28:48"], "total_order": 1, "hotel_value": ["4.6"], "hotel_price": ["154"]}, "1344275": {"hotel_name": "\u9752\u5c9b\u56ed\u6f84\u5bb6\u5b66\u957f\u516c\u5bd3(\u539f\u56ed\u6f84\u5bb6\u5546\u52a1\u5bbe\u9986)", "order_time": ["2019-01-04 18:28:48"], "total_order": 1, "hotel_value": ["4.1"], "hotel_price": ["71"]}, "443641": {"hotel_name": "\u9752\u5c9b\u91d1\u6d77\u5927\u9152\u5e97", "order_time": ["2019-01-04 18:28:48"], "total_order": 1, "hotel_value": ["4.4"], "hotel_price": ["196"]}, "1766138": {"hotel_name": "\u83ab\u6cf0168(\u9752\u5c9b\u6d41\u4ead\u673a\u573a\u6b63\u9633\u4e2d\u8def\u7ea2\u661f\u7f8e\u51ef\u9f99\u5e97)", "order_time": ["2019-01-04 18:28:48"], "total_order": 1, "hotel_value": ["4.7"], "hotel_price": ["122"]}, "2329361": {"hotel_name": "\u9752\u5c9b\u65af\u7ef4\u767b\u5ea6\u5047\u516c\u5bd3(\u90ae\u8f6e\u6bcd\u6e2f\u5e97)", "order_time": ["2019-01-04 18:28:48"], "total_order": 1, "hotel_value": ["4.7"], "hotel_price": ["124"]}, "22651205": {"hotel_name": "\u9752\u5c9b\u8001\u732b\u5ba2\u6808", "order_time": ["2019-01-04 18:28:49"], "total_order": 1, "hotel_value": ["4.9"], "hotel_price": ["124"]}, "1502477": {"hotel_name": "\u5982\u5bb6\u5feb\u6377\u9152\u5e97(\u83b1\u897f\u70df\u53f0\u8def\u6708\u6e56\u516c\u56ed\u5e97)", "order_time": ["2019-01-04 18:28:57"], "total_order": 1, "hotel_value": ["4.7"], "hotel_price": ["113"]}, "791924": {"hotel_name": "\u94f6\u5ea7\u4f73\u9a7f\u9152\u5e97(\u5e73\u5ea6\u5929\u6d25\u8def\u5e97)(\u539f\u8679\u5586\u5546\u52a1\u5bbe\u9986)", "order_time": ["2019-01-04 18:28:58"], "total_order": 1, "hotel_value": ["4.4"], "hotel_price": ["99"]}, "5733262": {"hotel_name": "\u5343\u5bbf\u5ea6\u5047\u516c\u5bd3(\u9752\u5c9b\u4e3d\u6676\u5fa1\u7b51\u5e97)(\u539f\u5343\u5bbf\u534e\u8bfa\u601d\u5ea6\u5047\u516c\u5bd3)", "order_time": ["2019-01-04 18:30:54"], "total_order": 1, "hotel_value": ["4.6"], "hotel_price": ["137"]}, "1200111": {"hotel_name": "\u559c\u5ba2\u6765\u5927\u9152\u5e97(\u9752\u5c9b\u6d41\u4ead\u673a\u573a\u5e97)(\u539f\u57ce\u9633\u5e97)", "order_time": ["2019-01-04 18:30:54"], "total_order": 1, "hotel_value": ["4.4"], "hotel_price": ["113"]}, "1209773": {"hotel_name": "\u9752\u5c9b\u71d5\u5c9b\u4e4b\u661f\u5047\u65e5\u516c\u5bd3", "order_time": ["2019-01-04 18:30:54"], "total_order": 1, "hotel_value": ["4.6"], "hotel_price": ["79"]}, "1211586": {"hotel_name": "\u6c49\u5ead\u9152\u5e97(\u9752\u5c9b\u4f1a\u5c55\u4e2d\u5fc3\u5e97)", "order_time": ["2019-01-04 18:30:55"], "total_order": 1, "hotel_value": ["4.4"], "hotel_price": ["129"]}, "1253333": {"hotel_name": "\u6c34\u672858\u8587\u8fde\u9501\u5bbe\u9986(\u9752\u5c9b\u798f\u5dde\u5357\u8def\u5e97)", "order_time": ["2019-01-04 18:30:57"], "total_order": 1, "hotel_value": ["3.2"], "hotel_price": ["36"]}, "5315773": {"hotel_name": "\u5c1a\u5ba2\u4f18\u5feb\u6377\u9152\u5e97\u9752\u5c9b\u84dd\u9ccc\u8def\u5e97", "order_time": ["2019-01-04 18:30:57"], "total_order": 1, "hotel_value": ["3.6"], "hotel_price": ["88"]}, "608486": {"hotel_name": "\u9752\u5c9b\u5fb7\u5b9d\u82b1\u56ed\u5927\u9152\u5e97", "order_time": ["2019-01-04 18:32:46"], "total_order": 1, "hotel_value": ["4.4"], "hotel_price": ["240"]}, "1734724": {"hotel_name": "\u9752\u5c9b\u56fd\u4fe1\u4e1c\u65b9\u4e4b\u661f\u9152\u5e97", "order_time": ["2019-01-04 18:32:46"], "total_order": 1, "hotel_value": ["4.6"], "hotel_price": ["168"]}, "6649334": {"hotel_name": "\u90fd\u5e02118\u9152\u5e97(\u9752\u5c9b\u9ad8\u65b0\u533a\u65b9\u7279\u5e97)", "order_time": ["2019-01-04 18:32:47"], "total_order": 1, "hotel_value": ["4.2"], "hotel_price": ["127"]}, "21808112": {"hotel_name": "\u90fd\u5e02118\u00b7\u7cbe\u9009\u9152\u5e97(\u9752\u5c9b\u57ce\u4e2d\u57ce\u5e97)", "order_time": ["2019-01-04 18:32:47"], "total_order": 1, "hotel_value": ["4.4"], "hotel_price": ["125"]}, "5982464": {"hotel_name": "\u51ef\u65cb\u6d77\u666f\u65e5\u79df\u623f(\u9752\u5c9b\u706b\u8f66\u7ad9\u6808\u6865\u5e97)", "order_time": ["2019-01-04 18:32:48"], "total_order": 1, "hotel_value": ["4.4"], "hotel_price": ["30"]}, "1411665": {"hotel_name": "\u6377\u5229\u83b1\u5546\u52a1\u5bbe\u9986(\u9752\u5c9b\u674e\u6ca7\u6d77\u5c14\u5de5\u4e1a\u56ed\u5e97)", "order_time": ["2019-01-04 18:32:48"], "total_order": 1, "hotel_value": ["4.3"], "hotel_price": ["65"]}, "2378712": {"hotel_name": "\u9752\u5c9b\u6d77\u6cf0\u4e07\u4e30\u56fd\u9645\u9152\u5e97", "order_time": ["2019-01-04 18:32:48"], "total_order": 1, "hotel_value": ["4.4"], "hotel_price": ["206"]}, "1165332": {"hotel_name": "\u96c5\u60a6\u7cbe\u81f4\u9152\u5e97(\u9752\u5c9b\u53f0\u4e1c\u5564\u9152\u8857\u5e97)", "order_time": ["2019-01-04 18:32:48"], "total_order": 1, "hotel_value": ["4.4"], "hotel_price": ["83"]}, "1374349": {"hotel_name": "\u4eac\u82d1\u8fde\u9501\u7cbe\u54c1\u9152\u5e97(\u9752\u5c9b\u4e94\u56db\u5e7f\u573a\u5e97)", "order_time": ["2019-01-04 18:32:48"], "total_order": 1, "hotel_value": ["4.3"], "hotel_price": ["90"]}, "660915": {"hotel_name": "\u9752\u5c9b\u4e2d\u4fe1\u8bc1\u5238\u57f9\u8bad\u4e2d\u5fc3", "order_time": ["2019-01-04 18:32:48"], "total_order": 1, "hotel_value": ["4.9"], "hotel_price": ["489"]}, "2346219": {"hotel_name": "\u661f\u7a0b\u9152\u5e97(\u9752\u5c9b\u9999\u6e2f\u4e2d\u8def\u5e97)", "order_time": ["2019-01-04 18:32:48"], "total_order": 1, "hotel_value": ["3.7"], "hotel_price": ["136"]}, "1181680": {"hotel_name": "\u9752\u5c9b\u65af\u7ef4\u767b\u5ea6\u5047\u516c\u5bd3(\u4e07\u79d1\u91d1\u8272\u5e7f\u573a)", "order_time": ["2019-01-04 18:32:48"], "total_order": 1, "hotel_value": ["4.5"], "hotel_price": ["131"]}, "5982951": {"hotel_name": "\u9752\u5c9b\u6d77\u5cb3\u4e00\u5bb6\u5ea6\u5047\u9152\u5e97(\u4e1c\u65b9\u5f71\u90fd\u5e97)", "order_time": ["2019-01-04 18:32:48"], "total_order": 1, "hotel_value": ["4.7"], "hotel_price": ["239"]}, "8925277": {"hotel_name": "\u6d77\u53cb\u9152\u5e97(\u9752\u5c9b\u6808\u6865\u706b\u8f66\u7ad9\u4e1c\u5e7f\u573a\u9152\u5e97)", "order_time": ["2019-01-04 18:32:48"], "total_order": 1, "hotel_value": ["4.6"], "hotel_price": ["92"]}, "6263824": {"hotel_name": "\u9752\u5c9b\u7d2b\u73a5\u56fd\u9645\u9152\u5e97\u516c\u5bd3", "order_time": ["2019-01-04 18:32:48"], "total_order": 1, "hotel_value": ["4.3"], "hotel_price": ["141"]}, "2139868": {"hotel_name": "7\u5929\u8fde\u9501\u9152\u5e97(\u9752\u5c9b\u5c71\u4e1c\u8def\u4e2d\u592e\u5546\u52a1\u533a\u5e97)", "order_time": ["2019-01-04 18:32:48"], "total_order": 1, "hotel_value": ["3.9"], "hotel_price": ["79"]}, "1290680": {"hotel_name": "\u9752\u5c9b\u5357\u5c71\u5bbe\u9986", "order_time": ["2019-01-04 18:32:48"], "total_order": 1, "hotel_value": ["4.3"], "hotel_price": ["116"]}, "427987": {"hotel_name": "\u5982\u5bb6\u5feb\u6377\u9152\u5e97(\u9752\u5c9b\u9999\u6e2f\u4e2d\u8def\u9752\u5927\u9ea6\u5c9b\u5730\u94c1\u7ad9\u5e97)", "order_time": ["2019-01-04 18:32:48"], "total_order": 1, "hotel_value": ["4.3"], "hotel_price": ["105"]}, "995120": {"hotel_name": "\u94f6\u5ea7\u4f73\u9a7f\u9152\u5e97(\u9752\u5c9b\u4e2d\u592e\u5546\u52a1\u533a\u4e07\u8fbe\u5e7f\u573a\u5e97)(\u539f\u5b81\u590f\u8def\u5e97)", "order_time": ["2019-01-04 18:40:49", "2019-01-04 18:44:47", "2019-01-04 18:50:46", "2019-01-04 18:32:48"], "total_order": 4, "hotel_value": ["4.2", "4.2", "4.2", "4.2"], "hotel_price": ["104", "104", "104", "104"]}, "7921978": {"hotel_name": "\u9752\u5c9b\u91d1\u9c7c\u9152\u5e97\u516c\u5bd3", "order_time": ["2019-01-04 18:32:48"], "total_order": 1, "hotel_value": ["4.6"], "hotel_price": ["123"]}, "13740994": {"hotel_name": "\u9752\u5c9b\u90fd\u5e02118\u7cbe\u9009\u9152\u5e97\u6625\u9633\u8def\u5e97", "order_time": ["2019-01-04 18:32:48"], "total_order": 1, "hotel_value": ["4.6"], "hotel_price": ["98"]}, "1869143": {"hotel_name": "\u9752\u5c9b\u7d20\u820d\u6d77\u666f\u9152\u5e97\u5f0f\u516c\u5bd3", "order_time": ["2019-01-04 18:38:47", "2019-01-04 18:32:48"], "total_order": 2, "hotel_value": ["4.3", "4.3"], "hotel_price": ["154", "154"]}, "469547": {"hotel_name": "\u6c49\u5ead\u9152\u5e97\uff08\u9752\u5c9b\u5f00\u53d1\u533a\u592a\u884c\u5c71\u8def\u9ec4\u5c9b\u6c7d\u8f66\u603b\u7ad9\u5e97\uff09\uff08\u539f\u5f00\u53d1\u533a\u592a\u884c\u5c71\u8def\u5e97\uff09", "order_time": ["2019-01-04 18:34:46"], "total_order": 1, "hotel_value": ["4.5"], "hotel_price": ["136"]}, "6284217": {"hotel_name": "\u9752\u5c9b\u524d\u536b\u5bbe\u9986", "order_time": ["2019-01-04 18:34:47"], "total_order": 1, "hotel_value": ["4.5"], "hotel_price": ["65"]}, "7690235": {"hotel_name": "Q\u52a0\u00b7\u79a7\u60a6\u5047\u65e5\u9152\u5e97(\u9752\u5c9b\u706b\u8f66\u7ad9\u4e1c\u5e7f\u573a\u6808\u6865\u5e97)(\u539f\u9752\u5c9b\u79a7\u60a6\u5047\u65e5\u9152\u5e97)", "order_time": ["2019-01-04 18:34:47", "2019-01-04 18:50:46"], "total_order": 2, "hotel_value": ["4.5", "4.5"], "hotel_price": ["99", "99"]}, "19586632": {"hotel_name": "\u5343\u5bbf\u5ea6\u5047\u516c\u5bd3(\u9752\u5c9b\u5ef6\u5409\u8defCBD\u5e97)", "order_time": ["2019-01-04 18:34:47"], "total_order": 1, "hotel_value": ["4.8"], "hotel_price": ["143"]}, "2299113": {"hotel_name": "\u9752\u5c9b\u6167\u5609\u5546\u52a1\u9152\u5e97", "order_time": ["2019-01-04 18:34:47"], "total_order": 1, "hotel_value": ["4.0"], "hotel_price": ["121"]}, "1381128": {"hotel_name": "\u5c1a\u5ba2\u4f18\u5feb\u6377\u9152\u5e97(\u9752\u5c9b\u5f00\u53d1\u533a\u6b66\u5937\u5c71\u8def\u5e97)", "order_time": ["2019-01-04 18:34:47"], "total_order": 1, "hotel_value": ["4.2"], "hotel_price": ["88"]}, "1692406": {"hotel_name": "\u9752\u5c9b\u6c11\u8054\u51ef\u65cb\u9152\u5e97", "order_time": ["2019-01-04 18:34:47"], "total_order": 1, "hotel_value": ["4.5"], "hotel_price": ["290"]}, "772111": {"hotel_name": "\u9752\u5c9b\u5a01\u65af\u6c40\u9152\u5e97", "order_time": ["2019-01-04 18:52:50", "2019-01-04 18:42:47", "2019-01-04 18:48:49", "2019-01-04 18:36:48"], "total_order": 4, "hotel_value": ["4.6", "4.6", "4.6", "4.6"], "hotel_price": ["700", "700", "700", "700"]}, "690587": {"hotel_name": "\u9752\u5c9b\u516b\u5927\u5173\u9526\u7ee3\u56ed\u9152\u5e97", "order_time": ["2019-01-04 18:36:49"], "total_order": 1, "hotel_value": ["4.6"], "hotel_price": ["240"]}, "17097238": {"hotel_name": "\u9752\u5c9b\u798f\u745e\u767b\u9152\u5e97", "order_time": ["2019-01-04 18:36:49"], "total_order": 1, "hotel_value": ["4.5"], "hotel_price": ["94"]}, "1715544": {"hotel_name": "\u9752\u5c9b\u946b\u590d\u76db\u9038\u6d77\u56fd\u9645\u9152\u5e97", "order_time": ["2019-01-04 18:36:49"], "total_order": 1, "hotel_value": ["4.5"], "hotel_price": ["241"]}, "4363980": {"hotel_name": "\u540e\u6d77\u84dd\u6e7e\u5feb\u6377\u9152\u5e97(\u9752\u5c9b\u706b\u8f66\u5317\u7ad9\u5e97)", "order_time": ["2019-01-04 18:36:49"], "total_order": 1, "hotel_value": ["4.1"], "hotel_price": ["74"]}, "427967": {"hotel_name": "\u5982\u5bb6\u5feb\u6377\u9152\u5e97(\u9752\u5c9b\u6808\u6865\u706b\u8f66\u7ad9\u5e7f\u573a\u5e97)", "order_time": ["2019-01-04 18:36:49"], "total_order": 1, "hotel_value": ["4.2"], "hotel_price": ["89"]}, "8575819": {"hotel_name": "\u9752\u5c9b\u5c1a\u5ba2\u4f18\u8fde\u9501\u9152\u5e97\u827a\u672f\u5e7f\u573a\u5e97", "order_time": ["2019-01-04 18:36:49"], "total_order": 1, "hotel_value": ["4.1"], "hotel_price": ["124"]}, "5024700": {"hotel_name": "\u9752\u5c9b\u591a\u60a6\u9152\u5e97", "order_time": ["2019-01-04 18:36:50", "2019-01-04 18:44:48"], "total_order": 2, "hotel_value": ["4.4", "4.4"], "hotel_price": ["154", "154"]}, "2703503": {"hotel_name": "\u5c1a\u5ba2\u4f18\u5feb\u6377\u9152\u5e97(\u5373\u58a8\u73af\u79c0\u5e97)", "order_time": ["2019-01-04 18:36:52"], "total_order": 1, "hotel_value": ["3.8"], "hotel_price": ["99"]}, "9210540": {"hotel_name": "\u5982\u5bb6\u5546\u65c5\u9152\u5e97(\u9752\u5c9b\u6808\u6865\u706b\u8f66\u7ad9\u5730\u94c1\u7ad9\u5e97)", "order_time": ["2019-01-04 18:38:46"], "total_order": 1, "hotel_value": ["4.7"], "hotel_price": ["109"]}, "21678840": {"hotel_name": "\u51ef\u66fc\u516c\u5bd3(\u9752\u5c9b\u6b63\u9633\u4e2d\u8def\u5e97)", "order_time": ["2019-01-04 18:38:47"], "total_order": 1, "hotel_value": ["4.6"], "hotel_price": ["103"]}, "1066339": {"hotel_name": "7\u5929\u8fde\u9501\u9152\u5e97(\u9752\u5c9b\u6d77\u4e91\u5eb5\u5174\u9686\u8def\u5e97)(\u539f\u6c11\u4fd7\u5e7f\u573a\u5e97)", "order_time": ["2019-01-04 18:38:47"], "total_order": 1, "hotel_value": ["4.4"], "hotel_price": ["93"]}, "1692707": {"hotel_name": "\u9752\u5c9b\u7231\u5c0a\u5ba2\u5047\u65e5\u82b1\u56ed\u9152\u5e97", "order_time": ["2019-01-04 18:38:47"], "total_order": 1, "hotel_value": ["4.5"], "hotel_price": ["85"]}, "1645358": {"hotel_name": "\u81ea\u7531\u884c\u9752\u5e74\u65c5\u793e(\u9752\u5c9b\u6808\u6865\u706b\u8f66\u7ad9\u5e97)", "order_time": ["2019-01-04 18:38:47"], "total_order": 1, "hotel_value": ["4.6"], "hotel_price": ["17"]}, "5438559": {"hotel_name": "\u4f18\u54c1\u9152\u5e97(\u9752\u5c9b\u56db\u6d41\u5357\u8def\u5e97)", "order_time": ["2019-01-04 18:38:47"], "total_order": 1, "hotel_value": ["4.3"], "hotel_price": ["80"]}, "5085596": {"hotel_name": "\u9526\u6c5f\u4e4b\u661f(\u9752\u5c9b\u6ca7\u53e3\u516c\u56ed\u5e97)", "order_time": ["2019-01-04 18:38:47", "2019-01-04 18:50:47"], "total_order": 2, "hotel_value": ["4.7", "4.7"], "hotel_price": ["149", "149"]}, "427965": {"hotel_name": "\u5982\u5bb6\u5546\u65c5\u9152\u5e97(\u9752\u5c9b\u4e94\u56db\u5e7f\u573a\u5c71\u4e1c\u8def\u6fb3\u67ef\u739b\u7acb\u4ea4\u6865\u5e97)", "order_time": ["2019-01-04 18:38:47"], "total_order": 1, "hotel_value": ["4.7"], "hotel_price": ["140"]}, "19852075": {"hotel_name": "\u66dc\u77f3\u6d77\u666f\u516c\u5bd3\u9152\u5e97(\u9752\u5c9b\u4f1a\u5c55\u4e2d\u5fc3\u77f3\u8001\u4eba\u6d77\u6c34\u6d74\u573a\u5e97)", "order_time": ["2019-01-04 18:40:49"], "total_order": 1, "hotel_value": ["4.8"], "hotel_price": ["203"]}, "1070435": {"hotel_name": "\u5982\u5bb6\u5feb\u6377\u9152\u5e97(\u9752\u5c9b\u6808\u6865\u706b\u8f66\u7ad9\u4e1c\u5e7f\u573a\u5e97)", "order_time": ["2019-01-04 18:40:49", "2019-01-04 18:50:47"], "total_order": 2, "hotel_value": ["4.5", "4.5"], "hotel_price": ["87", "87"]}, "1872002": {"hotel_name": "\u9752\u6e38\u8bb0(\u81ea\u7531\u884c\u65d7\u8230)\u56fd\u9645\u9752\u5e74\u65c5\u820d(\u9752\u5c9b\u706b\u8f66\u7ad9\u6808\u6865\u5288\u67f4\u9662\u4e2d\u5c71\u8def\u5e97)", "order_time": ["2019-01-04 18:40:49"], "total_order": 1, "hotel_value": ["4.8"], "hotel_price": ["9"]}, "2164792": {"hotel_name": "\u9752\u5c9bUNO\u4f18\u8bfa\u6d77\u666f\u516c\u5bd3(\u539f\u5609\u8d1d\u7cbe\u54c1\u6d77\u666f\u516c\u5bd3)", "order_time": ["2019-01-04 18:40:49"], "total_order": 1, "hotel_value": ["4.6"], "hotel_price": ["199"]}, "17351152": {"hotel_name": "\u9752\u5c9b\u5f71\u5de2\u7535\u5f71\u9152\u5e97", "order_time": ["2019-01-04 18:40:49"], "total_order": 1, "hotel_value": ["4.6"], "hotel_price": ["117"]}, "1287621": {"hotel_name": "\u6e2f\u6e7e\u5370\u8c61\u8fde\u9501\u9152\u5e97(\u9752\u5c9b\u674e\u6751\u541b\u5cf0\u8def\u5730\u94c1\u7ad9\u5e97) ", "order_time": ["2019-01-04 18:40:50"], "total_order": 1, "hotel_value": ["3.9"], "hotel_price": ["62"]}, "2298663": {"hotel_name": "\u7231\u5c0a\u5ba2\u9152\u5e97(\u9752\u5c9b\u4e94\u56db\u5e7f\u573a\u9999\u6e2f\u4e2d\u8def\u5e97)", "order_time": ["2019-01-04 18:42:46"], "total_order": 1, "hotel_value": ["4.6"], "hotel_price": ["121"]}, "430544": {"hotel_name": "\u9752\u5c9b\u5feb\u901a\u56fd\u9645\u9152\u5e97", "order_time": ["2019-01-04 18:42:46"], "total_order": 1, "hotel_value": ["4.4"], "hotel_price": ["310"]}, "1208545": {"hotel_name": "\u5373\u58a8\u559c\u5ba2\u6765\u9152\u5e97", "order_time": ["2019-01-04 18:42:46"], "total_order": 1, "hotel_value": ["4.5"], "hotel_price": ["242"]}, "427955": {"hotel_name": "\u5982\u5bb6\u5feb\u6377\u9152\u5e97(\u9752\u5c9b\u53f0\u4e1c\u6b65\u884c\u8857\u5e97)", "order_time": ["2019-01-04 18:42:46"], "total_order": 1, "hotel_value": ["4.5"], "hotel_price": ["98"]}, "2306427": {"hotel_name": "\u7231\u822a\u9152\u5e97\u8054\u76df(\u9752\u5c9b\u6c7d\u8f66\u5317\u7ad9\u5e97)", "order_time": ["2019-01-04 18:42:47"], "total_order": 1, "hotel_value": ["4.2"], "hotel_price": ["66"]}, "1585409": {"hotel_name": "\u9752\u5c9b\u5d02\u5c71\u534e\u73ba\u5927\u9152\u5e97", "order_time": ["2019-01-04 18:42:47"], "total_order": 1, "hotel_value": ["4.7"], "hotel_price": ["379"]}, "2301158": {"hotel_name": "\u9526\u6c5f\u4e4b\u661f(\u80f6\u5357\u6d77\u6c34\u6d74\u573a\u671d\u9633\u5c71\u8def\u5e97)", "order_time": ["2019-01-04 18:42:48"], "total_order": 1, "hotel_value": ["4.6"], "hotel_price": ["109"]}, "4645480": {"hotel_name": "\u9752\u5c9b\u67ab\u5ead\u6d77\u666f\u5ea6\u5047\u516c\u5bd3", "order_time": ["2019-01-04 18:42:48"], "total_order": 1, "hotel_value": ["4.7"], "hotel_price": ["116"]}, "5983210": {"hotel_name": "\u9752\u5c9b\u9047\u89c1\u56fd\u9645\u9752\u5e74\u65c5\u820d\u4e2d\u8054\u5e7f\u573a\u5e97", "order_time": ["2019-01-04 18:42:49"], "total_order": 1, "hotel_value": ["4.3"], "hotel_price": ["54"]}, "1350529": {"hotel_name": "\u9752\u5c9b\u4f73\u7f18\u5bbe\u9986", "order_time": ["2019-01-04 18:42:49"], "total_order": 1, "hotel_value": ["3.9"], "hotel_price": ["30"]}, "18515525": {"hotel_name": "\u534a\u5c9b\u56fd\u9645\u9152\u5e97(\u9752\u5c9b\u674e\u6751\u5730\u94c1\u7ad9\u5e97)", "order_time": ["2019-01-04 18:44:47"], "total_order": 1, "hotel_value": ["4.6"], "hotel_price": ["184"]}, "6264032": {"hotel_name": "\u9752\u5c9b\u65bd\u6cf0\u6839\u535a\u9601\u57ce\u9645\u9152\u5e97", "order_time": ["2019-01-04 18:44:47"], "total_order": 1, "hotel_value": ["4.7"], "hotel_price": ["248"]}, "436076": {"hotel_name": "\u9752\u5c9b\u6c47\u6cc9\u738b\u671d\u5927\u996d\u5e97", "order_time": ["2019-01-04 18:44:47"], "total_order": 1, "hotel_value": ["4.3"], "hotel_price": ["472"]}, "25557473": {"hotel_name": "\u9752\u5c9b\u68e0\u66fc\u9152\u5e97", "order_time": ["2019-01-04 18:44:47"], "total_order": 1, "hotel_value": ["4.6"], "hotel_price": ["117"]}, "669110": {"hotel_name": "\u9752\u5c9b\u5e7f\u4e1a\u9526\u6c5f\u5927\u9152\u5e97", "order_time": ["2019-01-04 18:44:47"], "total_order": 1, "hotel_value": ["4.6"], "hotel_price": ["399"]}, "5660775": {"hotel_name": "\u9752\u5c9b\u9f13\u6b4c\u9752\u5e74\u65c5\u820d", "order_time": ["2019-01-04 18:44:48"], "total_order": 1, "hotel_value": ["4.1"], "hotel_price": ["27"]}, "2163140": {"hotel_name": "\u83b1\u897f\u827e\u5ead\u5546\u52a1\u9152\u5e97", "order_time": ["2019-01-04 18:44:57"], "total_order": 1, "hotel_value": ["4.4"], "hotel_price": ["84"]}, "8182955": {"hotel_name": "\u6cca\u4e91\u5c1a\u9009\u5ead\u9662\u9152\u5e97(\u9752\u5c9b\u897f\u6d77\u5cb8\u4e1c\u65b9\u5f71\u90fd\u4e07\u8fbe\u8302\u5e97)", "order_time": ["2019-01-04 18:46:47"], "total_order": 1, "hotel_value": ["4.9"], "hotel_price": ["256"]}, "7019200": {"hotel_name": "\u9752\u5c9b\u6c50\u7f8e\u5bbf\u9152\u5e97", "order_time": ["2019-01-04 18:46:47"], "total_order": 1, "hotel_value": ["4.7"], "hotel_price": ["236"]}, "446500": {"hotel_name": "\u7cbe\u9014\u9152\u5e97(\u9752\u5c9b\u56fd\u9645\u4f1a\u5c55\u4e2d\u5fc3\u5e97)(\u539f\u57ce\u5e02\u5bb6\u5546\u52a1\u9152\u5e97\u4f1a\u5c55\u4e2d\u5fc3\u5e97)", "order_time": ["2019-01-04 18:46:47"], "total_order": 1, "hotel_value": ["4.2"], "hotel_price": ["132"]}, "428011": {"hotel_name": "\u5982\u5bb6\u5feb\u6377\u9152\u5e97(\u9752\u5c9b\u54c8\u5c14\u6ee8\u8def\u4e07\u79d1\u57ce\u53cc\u5c71\u5730\u94c1\u7ad9\u5e97)", "order_time": ["2019-01-04 18:46:47"], "total_order": 1, "hotel_value": ["4.5"], "hotel_price": ["162"]}, "23634927": {"hotel_name": "\u5982\u5bb6\u777f\u67cf\u00b7\u4e91\u9152\u5e97(\u9752\u5c9b\u77f3\u6cb9\u5927\u5b66\u543e\u60a6\u5e7f\u573a\u5730\u94c1\u7ad9\u5e97)", "order_time": ["2019-01-04 18:46:48"], "total_order": 1, "hotel_value": ["4.9"], "hotel_price": ["136"]}, "2301077": {"hotel_name": "\u7231\u5c0a\u5ba2\u9152\u5e97(\u9752\u5c9b\u4e94\u56db\u5e7f\u573a\u5e97)", "order_time": ["2019-01-04 18:46:48"], "total_order": 1, "hotel_value": ["4.6"], "hotel_price": ["130"]}, "2637433": {"hotel_name": "\u76db\u5ef7\u6d77\u666f\u9152\u5e97(\u9752\u5c9b\u7ef4\u591a\u5229\u4e9a\u5e97)", "order_time": ["2019-01-04 18:46:48"], "total_order": 1, "hotel_value": ["4.3"], "hotel_price": ["86"]}, "1607190": {"hotel_name": "\u9752\u5c9b\u6c14\u8c61\u5ea6\u5047\u6751", "order_time": ["2019-01-04 18:46:48"], "total_order": 1, "hotel_value": ["4.2"], "hotel_price": ["223"]}, "5301639": {"hotel_name": "\u9752\u5c9b\u65af\u7ef4\u767b\u5ea6\u5047\u516c\u5bd3(\u91d1\u6c99\u6ee9\u5929\u9e93\u6e56)", "order_time": ["2019-01-04 18:46:48"], "total_order": 1, "hotel_value": ["4.7"], "hotel_price": ["120"]}, "483417": {"hotel_name": "\u9752\u5c9b\u6d77\u90fd\u5927\u9152\u5e97", "order_time": ["2019-01-04 18:46:48"], "total_order": 1, "hotel_value": ["4.6"], "hotel_price": ["306"]}, "995169": {"hotel_name": "\u94f6\u5ea7\u4f73\u9a7f\u9152\u5e97(\u5373\u58a8\u5c0f\u5546\u54c1\u57ce\u5e97)", "order_time": ["2019-01-04 18:46:48"], "total_order": 1, "hotel_value": ["4.3"], "hotel_price": ["117"]}, "1607902": {"hotel_name": "\u9752\u5c9b\u4e09\u946b\u5fb7\u5bbe\u9986", "order_time": ["2019-01-04 18:46:49"], "total_order": 1, "hotel_value": ["5.0"], "hotel_price": ["54"]}, "479260": {"hotel_name": "\u9752\u5c9b\u68a6\u4e4b\u8239\u56fd\u9645\u9152\u5e97", "order_time": ["2019-01-04 18:46:49"], "total_order": 1, "hotel_value": ["3.7"], "hotel_price": ["124"]}, "2306006": {"hotel_name": "\u683c\u6797\u8c6a\u6cf0(\u9752\u5c9b\u706b\u8f66\u7ad9\u5e7f\u573a\u5e97)", "order_time": ["2019-01-04 18:48:48"], "total_order": 1, "hotel_value": ["4.9"], "hotel_price": ["83"]}, "1516201": {"hotel_name": "\u9752\u5c9b\u4e50\u946b\u6e90\u5bbe\u9986", "order_time": ["2019-01-04 18:48:49"], "total_order": 1, "hotel_value": ["4.6"], "hotel_price": ["36"]}, "5999421": {"hotel_name": "\u7a7a\u94c1\u5047\u65e5\u9152\u5e97\u516c\u5bd3(\u9752\u5c9b\u673a\u573a\u5e97)", "order_time": ["2019-01-04 18:48:49"], "total_order": 1, "hotel_value": ["4.5"], "hotel_price": ["206"]}, "4154655": {"hotel_name": "\u9752\u5c9b\u56db\u5b63\u6d77\u5cb8\u6d77\u666f\u5ea6\u5047\u516c\u5bd3", "order_time": ["2019-01-04 18:48:50"], "total_order": 1, "hotel_value": ["4.7"], "hotel_price": ["84"]}, "12194513": {"hotel_name": "\u9752\u5c9b\u5d02\u5c71\u964c\u6d77\u7cbe\u54c1\u7f8e\u5885", "order_time": ["2019-01-04 18:50:46"], "total_order": 1, "hotel_value": ["4.8"], "hotel_price": ["303"]}, "1696745": {"hotel_name": "\u798f\u81f4\u827a\u672f\u7cbe\u54c1\u9152\u5e97(\u9752\u5c9b\u5965\u5e06\u4e2d\u5fc3\u5e97)", "order_time": ["2019-01-04 18:50:46"], "total_order": 1, "hotel_value": ["4.5"], "hotel_price": ["93"]}, "8792702": {"hotel_name": "\u9752\u5c9bU\u9152\u5e97", "order_time": ["2019-01-04 18:50:46"], "total_order": 1, "hotel_value": ["4.8"], "hotel_price": ["519"]}, "2639045": {"hotel_name": "\u9752\u5c9b\u4e2d\u8054\u81ea\u7531\u6e2f\u6e7e\u9152\u5e97", "order_time": ["2019-01-04 18:50:46"], "total_order": 1, "hotel_value": ["4.4"], "hotel_price": ["230"]}, "24534611": {"hotel_name": "\u9752\u5c9b\u9014\u97f5\u96c5\u7b51\u6d77\u666f\u5ea6\u5047\u516c\u5bd3", "order_time": ["2019-01-04 18:50:46"], "total_order": 1, "hotel_value": ["4.9"], "hotel_price": ["214"]}, "1182386": {"hotel_name": "Inhotels&\u76f8\u9685\u7cbe\u5bbf(\u9752\u5c9b\u4e07\u8c61\u57ce\u5e97)", "order_time": ["2019-01-04 18:50:46"], "total_order": 1, "hotel_value": ["4.5"], "hotel_price": ["101"]}, "2164550": {"hotel_name": "\u67cf\u60a6\u7cbe\u54c1\u5ea6\u5047\u516c\u5bd3(\u9752\u5c9b\u81ea\u7531\u6e2f\u6e7e\u5e97)", "order_time": ["2019-01-04 18:52:50", "2019-01-04 18:50:46"], "total_order": 2, "hotel_value": ["4.5", "4.5"], "hotel_price": ["93", "93"]}, "1195423": {"hotel_name": "\u9752\u5c9b\u5de6\u5cb8\u827a\u672f\u9152\u5e97", "order_time": ["2019-01-04 18:50:47"], "total_order": 1, "hotel_value": ["4.6"], "hotel_price": ["243"]}, "23570404": {"hotel_name": "\u9752\u5c9b\u5e1d\u6d77\u7535\u5f71\u9152\u5e97", "order_time": ["2019-01-04 18:50:47"], "total_order": 1, "hotel_value": ["4.8"], "hotel_price": ["151"]}, "5091800": {"hotel_name": "\u90fd\u5e02118\u8fde\u9501\u9152\u5e97(\u9752\u5c9b\u957f\u6c99\u8def\u5e97)", "order_time": ["2019-01-04 18:50:47"], "total_order": 1, "hotel_value": ["4.0"], "hotel_price": ["110"]}, "6067521": {"hotel_name": "Q\u52a0\u00b7\u5fae\u5bb6\u9152\u5e97\u516c\u5bd3(\u9752\u5c9b\u4e94\u56db\u5e7f\u573a\u5e97)", "order_time": ["2019-01-04 18:50:47"], "total_order": 1, "hotel_value": ["4.8"], "hotel_price": ["193"]}, "427999": {"hotel_name": "\u5982\u5bb6\u7cbe\u9009\u9152\u5e97(\u9752\u5c9b\u516b\u5927\u5173\u592a\u5e73\u89d2\u516c\u56ed\u5730\u94c1\u7ad9\u5e97)", "order_time": ["2019-01-04 18:50:47"], "total_order": 1, "hotel_value": ["4.7"], "hotel_price": ["158"]}, "2987444": {"hotel_name": "\u590d\u76db\u5927\u9152\u5e97(\u9752\u5c9b\u9ec4\u5c9b\u5e97)", "order_time": ["2019-01-04 18:50:47"], "total_order": 1, "hotel_value": ["4.5"], "hotel_price": ["206"]}, "2589998": {"hotel_name": "\u5982\u5bb6\u5feb\u6377\u9152\u5e97(\u9752\u5c9b\u5f00\u53d1\u533a\u5564\u9152\u5e7f\u573a\u91d1\u6c99\u6ee9\u957f\u6c5f\u4e1c\u8def\u5e97)", "order_time": ["2019-01-04 18:50:48"], "total_order": 1, "hotel_value": ["4.4"], "hotel_price": ["98"]}, "5463838": {"hotel_name": "\u9752\u5c9b\u7761\u673a\u573a\u9152\u5e97", "order_time": ["2019-01-04 18:52:50"], "total_order": 1, "hotel_value": ["4.3"], "hotel_price": ["189"]}, "19853118": {"hotel_name": "\u51ef\u66fc\u5ea6\u5047\u516c\u5bd3(\u9752\u5c9b\u5ef6\u5409\u8defCBD\u5e97)", "order_time": ["2019-01-04 18:52:50"], "total_order": 1, "hotel_value": ["4.8"], "hotel_price": ["119"]}, "5980218": {"hotel_name": "\u9752\u5c9b\u6d77\u4e4b\u6f9c\u6d77\u666f\u65e5\u79df\u623f", "order_time": ["2019-01-04 18:52:51"], "total_order": 1, "hotel_value": ["4.8"], "hotel_price": ["26"]}, "5981874": {"hotel_name": "\u9752\u5c9b\u9ec4\u5c9b\u5c0f\u9662\u77f3\u6cb9\u5927\u5b66\u5e97", "order_time": ["2019-01-04 18:52:51"], "total_order": 1, "hotel_value": ["4.4"], "hotel_price": ["45"]}, "2239028": {"hotel_name": "\u9752\u5c9b\u7559\u9999\u4ead\u5bbe\u9986", "order_time": ["2019-01-04 18:52:53"], "total_order": 1, "hotel_value": ["4.0"], "hotel_price": ["54"]}}}