{"\u5f00\u59cb\u8bb0\u5f55\u65f6\u95f4": "2019-01-28 10:14:09", "\u7ed3\u675f\u8bb0\u5f55\u65f6\u95f4": "2019-01-28 11:25:18", "\u8ba2\u5355\u603b\u589e\u91cf": 235, "item": {"25679475": {"hotel_name": "\u9752\u5c9b\u56db\u5b63\u4e07\u4f73\u9152\u5e97\u516c\u5bd3", "order_time": ["2019-01-28 10:16:24"], "total_order": 1, "hotel_value": ["4.8"], "hotel_price": ["206"]}, "1165293": {"hotel_name": "\u9752\u5c9b\u5c1a\u54c1\u4e91\u56fe\u5bbe\u9986", "order_time": ["2019-01-28 10:16:25"], "total_order": 1, "hotel_value": ["4.1"], "hotel_price": ["84"]}, "19438626": {"hotel_name": "\u65af\u7ef4\u767b\u5ea6\u5047\u516c\u5bd3(\u9752\u5c9b\u91d1\u6c99\u6ee9\u540d\u5609\u56fd\u9645)", "order_time": ["2019-01-28 10:16:25"], "total_order": 1, "hotel_value": ["4.7"], "hotel_price": ["189"]}, "512490": {"hotel_name": "\u9752\u5c9b\u897f\u6d77\u5cb8\u5fb7\u6cf0\u5927\u9152\u5e97", "order_time": ["2019-01-28 10:16:26"], "total_order": 1, "hotel_value": ["4.7"], "hotel_price": ["286"]}, "1775197": {"hotel_name": "\u9526\u6c5f\u4e4b\u661f\u54c1\u5c1a(\u9752\u5c9b\u6cb3\u5357\u8def\u706b\u8f66\u7ad9\u5e97)4S\u5347\u7ea7\u5e97", "order_time": ["2019-01-28 10:16:26"], "total_order": 1, "hotel_value": ["4.5"], "hotel_price": ["139"]}, "1815658": {"hotel_name": "\u5723\u5fb7\u5c45\u5546\u52a1\u9152\u5e97(\u9752\u5c9b\u706b\u8f66\u5317\u7ad9\u5e97)", "order_time": ["2019-01-28 10:16:26"], "total_order": 1, "hotel_value": ["4.4"], "hotel_price": ["126"]}, "27711969": {"hotel_name": "\u9752\u5c9b\u9ed1\u9f99\u6c5f\u4e2d\u8def\u4e9a\u6735\u9152\u5e97", "order_time": ["2019-01-28 10:16:26"], "total_order": 1, "hotel_value": ["4.9"], "hotel_price": ["275"]}, "427965": {"hotel_name": "\u5982\u5bb6\u5546\u65c5\u9152\u5e97(\u9752\u5c9b\u4e94\u56db\u5e7f\u573a\u5c71\u4e1c\u8def\u6fb3\u67ef\u739b\u7acb\u4ea4\u6865\u5e97)", "order_time": ["2019-01-28 10:16:27"], "total_order": 1, "hotel_value": ["4.7"], "hotel_price": ["159"]}, "1730402": {"hotel_name": "\u62dc\u767b\u516c\u5bd3\u00b7\u9752\u5c9b\u4e95\u5188\u5c71\u8def\u5e97", "order_time": ["2019-01-28 10:16:28"], "total_order": 1, "hotel_value": ["4.7"], "hotel_price": ["104"]}, "1294192": {"hotel_name": "\u4e30\u6167\u5546\u52a1\u9152\u5e97(\u9752\u5c9b\u5c71\u4e1c\u8def\u5e97)", "order_time": ["2019-01-28 10:16:28"], "total_order": 1, "hotel_value": ["3.8"], "hotel_price": ["74"]}, "853604": {"hotel_name": "\u5982\u5bb6\u5feb\u6377\u9152\u5e97(\u9752\u5c9b\u56db\u6d41\u5357\u8def\u5e97)", "order_time": ["2019-01-28 10:16:30"], "total_order": 1, "hotel_value": ["4.4"], "hotel_price": ["94"]}, "5214763": {"hotel_name": "\u9752\u5c9b\u65af\u7ef4\u767b\u5ea6\u5047\u516c\u5bd3(\u5965\u5e06\u4e94\u56db\u5e7f\u573a\u4e07\u8c61\u57ce)", "order_time": ["2019-01-28 10:18:25"], "total_order": 1, "hotel_value": ["4.8"], "hotel_price": ["247"]}, "4637626": {"hotel_name": "\u4e16\u7eaa\u9e3f\u6cf0\u9152\u5e97\u516c\u5bd3(\u9752\u5c9b\u4e2d\u8054\u81ea\u7531\u6e2f\u6e7e\u5e97)", "order_time": ["2019-01-28 10:18:26"], "total_order": 1, "hotel_value": ["4.6"], "hotel_price": ["66"]}, "1182386": {"hotel_name": "Inhotels&\u76f8\u9685\u7cbe\u5bbf(\u9752\u5c9b\u4e07\u8c61\u57ce\u5e97)", "order_time": ["2019-01-28 10:38:53", "2019-01-28 10:36:28", "2019-01-28 10:34:04", "2019-01-28 10:18:27"], "total_order": 4, "hotel_value": ["4.5", "4.5", "4.5", "4.5"], "hotel_price": ["104", "104", "104", "104"]}, "1483797": {"hotel_name": "\u9752\u5c9b\u5927\u62c7\u6307\u5e7f\u573a\u00b7\u6d77\u4e4b\u6770\u5047\u65e5\u9152\u5e97", "order_time": ["2019-01-28 10:18:27"], "total_order": 1, "hotel_value": ["4.5"], "hotel_price": ["76"]}, "2620136": {"hotel_name": "7\u5929\u8fde\u9501\u9152\u5e97(\u9752\u5c9b\u674e\u6ca7\u4e07\u8fbe\u5e7f\u573a\u5e97)", "order_time": ["2019-01-28 10:18:32"], "total_order": 1, "hotel_value": ["4.6"], "hotel_price": ["99"]}, "6844824": {"hotel_name": "\u9752\u5c9b\u6d77\u4e4b\u604b\u6d77\u666f\u6e21\u5047\u516c\u5bd3", "order_time": ["2019-01-28 10:18:35"], "total_order": 1, "hotel_value": ["4.9"], "hotel_price": ["75"]}, "1373259": {"hotel_name": "\u83b1\u897f\u6708\u6e56\u5546\u52a1\u5bbe\u9986", "order_time": ["2019-01-28 10:18:51"], "total_order": 1, "hotel_value": ["4.7"], "hotel_price": ["74"]}, "5024700": {"hotel_name": "\u9752\u5c9b\u591a\u60a6\u9152\u5e97", "order_time": ["2019-01-28 10:20:30"], "total_order": 1, "hotel_value": ["4.4"], "hotel_price": ["94"]}, "16127878": {"hotel_name": "\u9752\u5c9b\u73e0\u5c71\u5927\u996d\u5e97", "order_time": ["2019-01-28 10:20:31"], "total_order": 1, "hotel_value": ["4.7"], "hotel_price": ["323"]}, "6825957": {"hotel_name": "\u9752\u5c9b\u7ef4\u591a\u5229\u4e9a\u54c1\u5982\u5bb6\u56ed\u9152\u5e97\u5f0f\u516c\u5bd3", "order_time": ["2019-01-28 10:20:31"], "total_order": 1, "hotel_value": ["4.5"], "hotel_price": ["77"]}, "16018600": {"hotel_name": "\u683c\u6797\u4e1c\u65b9\u9152\u5e97(\u9752\u5c9b\u4e16\u7eaa\u516c\u56ed\u6d41\u4ead\u673a\u573a\u5e97)", "order_time": ["2019-01-28 10:20:31"], "total_order": 1, "hotel_value": ["4.5"], "hotel_price": ["139"]}, "19587956": {"hotel_name": "\u9752\u5c9b\u665f\u5bd3\u65f6\u5149\u516c\u5bd3(\u539f\u4f17\u5bd3\u65f6\u4ee3\u5149\u516c\u5bd3)", "order_time": ["2019-01-28 10:20:33"], "total_order": 1, "hotel_value": ["4.6"], "hotel_price": ["104"]}, "8531362": {"hotel_name": "\u9752\u5c9b\u6c11\u56fd\u9152\u5e97", "order_time": ["2019-01-28 10:20:34"], "total_order": 1, "hotel_value": ["4.7"], "hotel_price": ["258"]}, "1741177": {"hotel_name": "\u91d1\u72ee100\u8fde\u9501\u5bbe\u9986(\u9752\u5c9b\u6d41\u4ead\u673a\u573a\u5e97)", "order_time": ["2019-01-28 10:20:37"], "total_order": 1, "hotel_value": ["3.5"], "hotel_price": ["53"]}, "3725612": {"hotel_name": "\u9752\u5c9b\u5026\u9e1f\u9152\u5e97", "order_time": ["2019-01-28 10:20:41"], "total_order": 1, "hotel_value": ["4.7"], "hotel_price": ["191"]}, "16081477": {"hotel_name": "\u9752\u5c9b\u7434\u6d77\u9601\u5ea6\u5047\u522b\u5885", "order_time": ["2019-01-28 10:20:41"], "total_order": 1, "hotel_value": ["4.5"], "hotel_price": ["211"]}, "21905805": {"hotel_name": "\u9752\u5c9b\u7231\u5b9d\u5bbe\u9986", "order_time": ["2019-01-28 10:20:43"], "total_order": 1, "hotel_value": ["4.0"], "hotel_price": ["95"]}, "443360": {"hotel_name": "\u5e73\u5ea6\u90fd\u5e02\u661f\u8054\u5927\u9152\u5e97", "order_time": ["2019-01-28 10:21:27"], "total_order": 1, "hotel_value": ["4.5"], "hotel_price": ["118"]}, "514315": {"hotel_name": "\u9752\u5c9b\u5f97\u5b9d\u6e7e\u6d77\u666f\u5927\u9152\u5e97", "order_time": ["2019-01-28 10:22:39"], "total_order": 1, "hotel_value": ["4.2"], "hotel_price": ["329"]}, "19853118": {"hotel_name": "\u51ef\u66fc\u5ea6\u5047\u516c\u5bd3(\u9752\u5c9b\u5ef6\u5409\u8defCBD\u5e97)", "order_time": ["2019-01-28 10:22:43"], "total_order": 1, "hotel_value": ["4.8"], "hotel_price": ["93"]}, "1297296": {"hotel_name": "\u9752\u5c9b\u5b9c\u5bb699\u7cbe\u54c1\u5ba2\u6808", "order_time": ["2019-01-28 10:22:45"], "total_order": 1, "hotel_value": ["4.6"], "hotel_price": ["104"]}, "22818817": {"hotel_name": "\u5609\u51ef\u8c6a\u7cbe\u54c1\u9152\u5e97(\u5373\u58a8\u9e64\u5c71\u8def\u5e97)", "order_time": ["2019-01-28 10:22:47"], "total_order": 1, "hotel_value": ["4.5"], "hotel_price": ["83"]}, "5673979": {"hotel_name": "\u9752\u5c9b\u7f8e\u5885\u5047\u671f\u9152\u5e9712\u53f7\u6d77\u8fb9\u522b\u5885", "order_time": ["2019-01-28 10:22:51"], "total_order": 1, "hotel_value": ["4.9"], "hotel_price": ["276"]}, "8681476": {"hotel_name": "\u9752\u5c9b\u8046\u6d77\u94c2\u6708\u6d77\u666f\u5ea6\u5047\u516c\u5bd3", "order_time": ["2019-01-28 10:22:52"], "total_order": 1, "hotel_value": ["4.7"], "hotel_price": ["74"]}, "19615245": {"hotel_name": "\u66e6\u9014\u89c2\u6f9c\u6d77\u666f\u5ea6\u5047\u522b\u5885(\u9752\u5c9b\u5965\u5e06\u4e94\u56db\u5e7f\u573a\u5e97)", "order_time": ["2019-01-28 10:22:52"], "total_order": 1, "hotel_value": ["4.9"], "hotel_price": ["748"]}, "443976": {"hotel_name": "\u90fd\u5e02118(\u9752\u5c9b\u674e\u6ca7\u6b65\u884c\u8857\u5e97)", "order_time": ["2019-01-28 10:24:40"], "total_order": 1, "hotel_value": ["4.6"], "hotel_price": ["75"]}, "994154": {"hotel_name": "\u5982\u5bb6\u5feb\u6377\u9152\u5e97(\u9752\u5c9b\u5c71\u4e1c\u8def\u4e2d\u592e\u5546\u52a1\u533a\u91cd\u5e86\u5357\u8def\u5e97)", "order_time": ["2019-01-28 10:24:43"], "total_order": 1, "hotel_value": ["4.5"], "hotel_price": ["99"]}, "5896610": {"hotel_name": "\u9752\u5c9b\u6d77\u8fb9\u4eba\u5bb6\u6d77\u666f\u5ea6\u5047\u516c\u5bd3\u4e2d\u8054\u81ea\u7531\u6e2f\u6e7e\u5e97", "order_time": ["2019-01-28 10:51:33", "2019-01-28 10:24:43"], "total_order": 2, "hotel_value": ["4.7", "4.7"], "hotel_price": ["60", "60"]}, "23472335": {"hotel_name": "\u7f8e\u8c6a\u4e3d\u81f4\u9152\u5e97(\u9752\u5c9b\u5e97)", "order_time": ["2019-01-28 11:19:04", "2019-01-28 11:23:43", "2019-01-28 10:24:44"], "total_order": 3, "hotel_value": ["4.8", "4.8", "4.8"], "hotel_price": ["398", "398", "398"]}, "10186829": {"hotel_name": "\u9526\u6c5f\u90fd\u57ce(\u9752\u5c9b\u65b0\u90fd\u5fc3\u5e97)", "order_time": ["2019-01-28 10:24:44"], "total_order": 1, "hotel_value": ["4.6"], "hotel_price": ["271"]}, "22673546": {"hotel_name": "\u9752\u5c9b\u65af\u7ef4\u767b\u5ea6\u5047\u516c\u5bd3(\u57ce\u9633\u533a\u653f\u5e9c)", "order_time": ["2019-01-28 10:24:45"], "total_order": 1, "hotel_value": ["4.8"], "hotel_price": ["119"]}, "8870574": {"hotel_name": "\u745e\u666e\u5170\u987f\u81f3\u5c0a\u9152\u5e97\u00b7\u9752\u5c9b\u5609\u5e74\u534e\u5e97", "order_time": ["2019-01-28 10:24:45"], "total_order": 1, "hotel_value": ["4.5"], "hotel_price": ["124"]}, "1306753": {"hotel_name": "\u9752\u5c9b\u51ef\u83b1\u5546\u52a1\u9152\u5e97", "order_time": ["2019-01-28 10:24:45"], "total_order": 1, "hotel_value": ["4.2"], "hotel_price": ["154"]}, "1502494": {"hotel_name": "\u5982\u5bb6\u5feb\u6377\u9152\u5e97(\u9752\u5c9b\u706b\u8f66\u7ad9\u6808\u6865\u5e97)", "order_time": ["2019-01-28 10:24:46"], "total_order": 1, "hotel_value": ["4.2"], "hotel_price": ["78"]}, "797209": {"hotel_name": "\u9752\u5c9b\u6808\u6865\u5168\u6d77\u666f\u65e5\u79df\u623f", "order_time": ["2019-01-28 10:24:52"], "total_order": 1, "hotel_value": ["4.8"], "hotel_price": ["34"]}, "346318": {"hotel_name": "\u9752\u5c9b\u80f6\u5dde\u7eff\u57ce\u559c\u6765\u767b\u9152\u5e97", "order_time": ["2019-01-28 10:25:32", "2019-01-28 10:42:18"], "total_order": 2, "hotel_value": ["4.6", "4.6"], "hotel_price": ["458", "458"]}, "440316": {"hotel_name": "\u9752\u5c9b\u56db\u65b9\u5927\u9152\u5e97", "order_time": ["2019-01-28 10:26:49"], "total_order": 1, "hotel_value": ["4.4"], "hotel_price": ["77"]}, "385108": {"hotel_name": "\u9752\u5c9b\u6d77\u5c14\u6d32\u9645\u9152\u5e97", "order_time": ["2019-01-28 10:26:52"], "total_order": 1, "hotel_value": ["4.6"], "hotel_price": ["698"]}, "1048386": {"hotel_name": "\u6854\u5b50\u9152\u5e97\u00b7\u7cbe\u9009(\u9752\u5c9b\u5965\u5e06\u4e2d\u5fc3\u5e97)(\u539f\u4e94\u56db\u5e7f\u573a\u5e97)", "order_time": ["2019-01-28 10:26:52"], "total_order": 1, "hotel_value": ["4.8"], "hotel_price": ["248"]}, "1871551": {"hotel_name": "\u9752\u5c9b\u76c8\u5ba2\u4f73\u9a7f\u5546\u52a1\u9152\u5e97", "order_time": ["2019-01-28 10:26:52", "2019-01-28 10:51:36"], "total_order": 2, "hotel_value": ["4.6", "4.6"], "hotel_price": ["69", "69"]}, "438731": {"hotel_name": "\u4e2d\u822a\u7fd4\u901a\u6e38\u8247\u4f1a\u9152\u5e97(\u9752\u5c9b\u5965\u5e06\u4e2d\u5fc3\u4e94\u56db\u5e7f\u573a\u5e97)", "order_time": ["2019-01-28 10:34:08", "2019-01-28 10:29:03"], "total_order": 2, "hotel_value": ["4.8", "4.8"], "hotel_price": ["326", "326"]}, "4719799": {"hotel_name": "\u9752\u5c9b\u5965\u5e06\u4e94\u56db\u5e7f\u573a\u4e9a\u6735\u9152\u5e97(\u539f\u5965\u5e06\u4e2d\u5fc3\u5e97)", "order_time": ["2019-01-28 10:29:03"], "total_order": 1, "hotel_value": ["4.8"], "hotel_price": ["298"]}, "2284306": {"hotel_name": "\u9752\u5c9bHOMEJOYE\u9152\u5e97\u516c\u5bd3", "order_time": ["2019-01-28 10:29:04"], "total_order": 1, "hotel_value": ["4.8"], "hotel_price": ["1049"]}, "443641": {"hotel_name": "\u9752\u5c9b\u91d1\u6d77\u5927\u9152\u5e97", "order_time": ["2019-01-28 11:04:04", "2019-01-28 10:29:05", "2019-01-28 11:08:57"], "total_order": 3, "hotel_value": ["4.5", "4.5", "4.5"], "hotel_price": ["186", "186", "186"]}, "2164550": {"hotel_name": "\u67cf\u60a6\u7cbe\u54c1\u5ea6\u5047\u516c\u5bd3(\u9752\u5c9b\u81ea\u7531\u6e2f\u6e7e\u5e97)", "order_time": ["2019-01-28 10:51:38", "2019-01-28 10:56:26", "2019-01-28 10:59:02", "2019-01-28 10:29:06"], "total_order": 4, "hotel_value": ["4.5", "4.5", "4.5", "4.5"], "hotel_price": ["66", "66", "66", "66"]}, "669110": {"hotel_name": "\u9752\u5c9b\u5e7f\u4e1a\u9526\u6c5f\u5927\u9152\u5e97", "order_time": ["2019-01-28 10:29:14"], "total_order": 1, "hotel_value": ["4.6"], "hotel_price": ["384"]}, "17371411": {"hotel_name": "\u9752\u5c9b\u4e1c\u65b9\u5f71\u90fd\u878d\u521b\u7687\u51a0\u5047\u65e5\u9152\u5e97(\u539f\u4e1c\u65b9\u5f71\u90fd\u4e07\u8fbe\u7687\u51a0\u5047\u65e5\u9152\u5e97)", "order_time": ["2019-01-28 10:29:14"], "total_order": 1, "hotel_value": ["4.6"], "hotel_price": ["446"]}, "1863668": {"hotel_name": "\u80f6\u5dde\u541b\u60a6\u5546\u52a1\u5bbe\u9986", "order_time": ["2019-01-28 10:30:41"], "total_order": 1, "hotel_value": ["4.9"], "hotel_price": ["113"]}, "8426688": {"hotel_name": "\u5982\u5bb6\u7cbe\u9009\u9152\u5e97(\u9752\u5c9b\u706b\u8f66\u7ad9\u6808\u6865\u5e97)", "order_time": ["2019-01-28 10:31:29"], "total_order": 1, "hotel_value": ["4.6"], "hotel_price": ["167"]}, "5301639": {"hotel_name": "\u9752\u5c9b\u65af\u7ef4\u767b\u5ea6\u5047\u516c\u5bd3(\u91d1\u6c99\u6ee9\u5929\u9e93\u6e56)", "order_time": ["2019-01-28 10:31:29"], "total_order": 1, "hotel_value": ["4.7"], "hotel_price": ["134"]}, "1070621": {"hotel_name": "\u9752\u5c9b\u5b9c\u5bb699\u8fde\u9501\u5bbe\u9986", "order_time": ["2019-01-28 10:31:31"], "total_order": 1, "hotel_value": ["4.3"], "hotel_price": ["76"]}, "8290422": {"hotel_name": "\u6c49\u5ead\u9152\u5e97(\u9752\u5c9b\u4e2d\u56fd\u6d77\u6d0b\u5927\u5b66\u5e97)", "order_time": ["2019-01-28 10:31:33"], "total_order": 1, "hotel_value": ["4.7"], "hotel_price": ["180"]}, "8417192": {"hotel_name": "\u9752\u5c9b\u82b1\u6735\u5feb\u6377\u9152\u5e97", "order_time": ["2019-01-28 10:33:55"], "total_order": 1, "hotel_value": ["4.4"], "hotel_price": ["124"]}, "21808112": {"hotel_name": "\u90fd\u5e02118\u00b7\u7cbe\u9009\u9152\u5e97(\u9752\u5c9b\u57ce\u4e2d\u57ce\u5e97)", "order_time": ["2019-01-28 10:33:56"], "total_order": 1, "hotel_value": ["4.4"], "hotel_price": ["116"]}, "1734724": {"hotel_name": "\u9752\u5c9b\u56fd\u4fe1\u4e1c\u65b9\u4e4b\u661f\u9152\u5e97", "order_time": ["2019-01-28 10:33:56"], "total_order": 1, "hotel_value": ["4.7"], "hotel_price": ["148"]}, "1411665": {"hotel_name": "\u6377\u5229\u83b1\u5546\u52a1\u5bbe\u9986(\u9752\u5c9b\u674e\u6ca7\u6d77\u5c14\u5de5\u4e1a\u56ed\u5e97)", "order_time": ["2019-01-28 10:34:01"], "total_order": 1, "hotel_value": ["4.3"], "hotel_price": ["65"]}, "10480073": {"hotel_name": "\u4e50\u5bb6\u8f69\u7cbe\u54c1\u6c11\u5bbf(\u9752\u5c9b\u674e\u6751\u94f6\u5ea7\u534e\u5e9c\u548c\u8c10\u5e7f\u573a\u5e97)", "order_time": ["2019-01-28 10:34:06"], "total_order": 1, "hotel_value": ["4.7"], "hotel_price": ["144"]}, "994189": {"hotel_name": "\u4eac\u82d1\u8fde\u9501\u9152\u5e97(\u9752\u5c9b\u6781\u5730\u6d77\u6d0b\u4e16\u754c\u5e97)", "order_time": ["2019-01-28 10:34:08"], "total_order": 1, "hotel_value": ["4.5"], "hotel_price": ["85"]}, "1925767": {"hotel_name": "\u9752\u5c9b\u7d2b\u73a5\u94c2\u5c14\u66fc\u9152\u5e97", "order_time": ["2019-01-28 11:11:36", "2019-01-28 10:36:29"], "total_order": 2, "hotel_value": ["4.5", "4.5"], "hotel_price": ["352", "352"]}, "23476363": {"hotel_name": "\u90fd\u5e02118\u8fde\u9501\u9152\u5e97(\u9752\u5c9b\u5e7f\u7535\u5927\u53a6\u5e97)", "order_time": ["2019-01-28 10:36:33"], "total_order": 1, "hotel_value": ["4.7"], "hotel_price": ["93"]}, "17182438": {"hotel_name": "\u4e16\u60a6\u8f7b\u5962\u5ea6\u5047\u516c\u5bd3(\u9752\u5c9b\u9999\u6e2f\u4e2d\u8def\u4e3d\u6676\u5fa1\u7b51\u5e97)", "order_time": ["2019-01-28 10:36:34"], "total_order": 1, "hotel_value": ["4.7"], "hotel_price": ["113"]}, "2300560": {"hotel_name": "7\u5929\u8fde\u9501\u9152\u5e97(\u9752\u5c9b\u4e2d\u5c71\u516c\u56ed\u6d77\u6c34\u6d74\u573a\u5e97)", "order_time": ["2019-01-28 10:36:35"], "total_order": 1, "hotel_value": ["4.2"], "hotel_price": ["74"]}, "772111": {"hotel_name": "\u9752\u5c9b\u5a01\u65af\u6c40\u9152\u5e97", "order_time": ["2019-01-28 10:36:43", "2019-01-28 10:41:20"], "total_order": 2, "hotel_value": ["4.6", "4.6"], "hotel_price": ["571", "571"]}, "2306564": {"hotel_name": "\u683c\u6797\u8c6a\u6cf0(\u80f6\u5dde\u4e09\u91cc\u6cb3\u516c\u56ed\u5e97)", "order_time": ["2019-01-28 10:38:00"], "total_order": 1, "hotel_value": ["4.0"], "hotel_price": ["118"]}, "20615346": {"hotel_name": "\u827e\u5ba2\u6d77\u666f\u5ea6\u5047\u516c\u5bd3\uff08\u9752\u5c9b\u77f3\u8001\u4eba\u6d77\u6c34\u6d74\u573a\u5e97\uff09", "order_time": ["2019-01-28 10:38:51"], "total_order": 1, "hotel_value": ["4.8"], "hotel_price": ["208"]}, "6525125": {"hotel_name": "Q\u52a0\u00b7\u60a6\u6f9c\u9152\u5e97\u516c\u5bd3(\u9752\u5c9b\u4e94\u56db\u5e7f\u573a\u4e07\u8c61\u57ce\u5e97)", "order_time": ["2019-01-28 10:38:51"], "total_order": 1, "hotel_value": ["4.7"], "hotel_price": ["216"]}, "454906": {"hotel_name": "\u9752\u5c9b\u7d22\u83f2\u4e9a\u56fd\u9645\u5927\u9152\u5e97", "order_time": ["2019-01-28 10:38:54"], "total_order": 1, "hotel_value": ["4.6"], "hotel_price": ["272"]}, "23227885": {"hotel_name": "\u9752\u5c9b\u683c\u96f7\u65af\u7cbe\u9009\u9152\u5e97", "order_time": ["2019-01-28 10:38:58"], "total_order": 1, "hotel_value": ["4.9"], "hotel_price": ["243"]}, "1371788": {"hotel_name": "\u6854\u5b50\u00b7\u6c34\u6676\u9152\u5e97(\u9752\u5c9b\u4e94\u56db\u5e7f\u573a\u6d77\u666f\u5e97)", "order_time": ["2019-01-28 10:38:58", "2019-01-28 10:46:50", "2019-01-28 10:59:03"], "total_order": 3, "hotel_value": ["4.7", "4.7", "4.7"], "hotel_price": ["303", "303", "303"]}, "24534611": {"hotel_name": "\u9752\u5c9b\u9014\u97f5\u96c5\u7b51\u6d77\u666f\u5ea6\u5047\u516c\u5bd3", "order_time": ["2019-01-28 10:39:27"], "total_order": 1, "hotel_value": ["4.9"], "hotel_price": ["207"]}, "6173744": {"hotel_name": "\u5e73\u5ea6\u534e\u73ba\u5927\u9152\u5e97", "order_time": ["2019-01-28 10:39:55"], "total_order": 1, "hotel_value": ["4.7"], "hotel_price": ["328"]}, "6284231": {"hotel_name": "\u9752\u5c9b\u745e\u5947\u6d77\u666f\u5ea6\u5047\u516c\u5bd3\u4e2d\u8054\u81ea\u7531\u6e2f\u6e7e\u5e97", "order_time": ["2019-01-28 10:41:16"], "total_order": 1, "hotel_value": ["4.7"], "hotel_price": ["74"]}, "1503676": {"hotel_name": "\u5982\u5bb6\u5feb\u6377\u9152\u5e97(\u9752\u5c9b\u5f00\u53d1\u533a\u5d07\u660e\u5c9b\u897f\u8def\u9ec4\u5c9b\u8f6e\u6e21\u7801\u5934\u5e97)", "order_time": ["2019-01-28 10:41:18"], "total_order": 1, "hotel_value": ["4.6"], "hotel_price": ["128"]}, "4154655": {"hotel_name": "\u9752\u5c9b\u56db\u5b63\u6d77\u5cb8\u6d77\u666f\u5ea6\u5047\u516c\u5bd3", "order_time": ["2019-01-28 10:41:18"], "total_order": 1, "hotel_value": ["4.7"], "hotel_price": ["65"]}, "24055729": {"hotel_name": "\u5c1a\u5ba2\u4f18\u7cbe\u9009\u9152\u5e97(\u9752\u5c9b\u4e94\u56db\u5e7f\u573a\u5965\u5e06\u5e97)", "order_time": ["2019-01-28 10:41:25"], "total_order": 1, "hotel_value": ["4.7"], "hotel_price": ["124"]}, "21927191": {"hotel_name": "\u9752\u5c9b\u77e5\u9047\u5de7\u514b\u529b\u516c\u5bd3", "order_time": ["2019-01-28 11:19:11", "2019-01-28 10:41:26"], "total_order": 2, "hotel_value": ["5.0", "5.0"], "hotel_price": ["68", "68"]}, "1483767": {"hotel_name": "\u9752\u5c9b\u76db\u817e\u7cbe\u54c1\u9152\u5e97\u516c\u5bd3", "order_time": ["2019-01-28 10:41:27"], "total_order": 1, "hotel_value": ["4.1"], "hotel_price": ["91"]}, "24608663": {"hotel_name": "\u9752\u5c9b\u4ece\u90a3\u4ee5\u540e\u9752\u5e74\u65c5\u793e", "order_time": ["2019-01-28 10:41:33", "2019-01-28 11:19:28"], "total_order": 2, "hotel_value": ["5.0", "5.0"], "hotel_price": ["25", "25"]}, "1481423": {"hotel_name": "\u9752\u5c9b\u541b\u60a6\u8fbe\u5bbe\u9986", "order_time": ["2019-01-28 10:41:39"], "total_order": 1, "hotel_value": ["3.7"], "hotel_price": ["93"]}, "8576010": {"hotel_name": "\u9752\u5c9b\u84dd\u5929\u6d77\u666f\u65e5\u79df\u623f", "order_time": ["2019-01-28 10:41:46"], "total_order": 1, "hotel_value": ["4.5"], "hotel_price": ["35"]}, "1200168": {"hotel_name": "\u7ef4\u4e5f\u7eb3\u9152\u5e97(\u80f6\u5dde\u5e97)", "order_time": ["2019-01-28 10:42:23", "2019-01-28 11:05:16"], "total_order": 2, "hotel_value": ["4.7", "4.7"], "hotel_price": ["238", "238"]}, "23570404": {"hotel_name": "\u9752\u5c9b\u5e1d\u6d77\u7535\u5f71\u9152\u5e97", "order_time": ["2019-01-28 10:43:45"], "total_order": 1, "hotel_value": ["4.5"], "hotel_price": ["113"]}, "484453": {"hotel_name": "\u9752\u5c9b\u897f\u6d77\u5cb8\u9686\u548c\u798f\u670b\u559c\u6765\u767b\u9152\u5e97(\u539f\u9ec4\u5c9b\u798f\u670b\u559c\u6765\u767b\u9152\u5e97)", "order_time": ["2019-01-28 11:16:41", "2019-01-28 10:43:47"], "total_order": 2, "hotel_value": ["4.6", "4.6"], "hotel_price": ["309", "309"]}, "6264032": {"hotel_name": "\u9752\u5c9b\u65bd\u6cf0\u6839\u535a\u9601\u57ce\u9645\u9152\u5e97", "order_time": ["2019-01-28 10:43:47"], "total_order": 1, "hotel_value": ["4.7"], "hotel_price": ["266"]}, "18515525": {"hotel_name": "\u534a\u5c9b\u56fd\u9645\u9152\u5e97(\u9752\u5c9b\u674e\u6751\u5730\u94c1\u7ad9\u5e97)", "order_time": ["2019-01-28 10:43:47"], "total_order": 1, "hotel_value": ["4.5"], "hotel_price": ["184"]}, "429108": {"hotel_name": "\u9752\u5c9b\u94f6\u6c99\u6ee9\u6e29\u5fb7\u59c6\u81f3\u5c0a\u9152\u5e97", "order_time": ["2019-01-28 10:43:47"], "total_order": 1, "hotel_value": ["4.5"], "hotel_price": ["414"]}, "1137296": {"hotel_name": "\u9752\u5c9b\u4e1c\u65b9\u6885\u5730\u4e9a\u9152\u5e97", "order_time": ["2019-01-28 10:43:49"], "total_order": 1, "hotel_value": ["4.9"], "hotel_price": ["317"]}, "929520": {"hotel_name": "\u83ab\u6cf0168(\u9752\u5c9b\u674e\u6751\u5730\u94c1\u7ad9\u5cf0\u5c71\u8def\u5e97)(\u539f\u674e\u6ca7\u5e7f\u573a\u5cf0\u5c71\u8def\u5e97)", "order_time": ["2019-01-28 10:43:51", "2019-01-28 11:16:52"], "total_order": 2, "hotel_value": ["4.5", "4.5"], "hotel_price": ["109", "109"]}, "5527970": {"hotel_name": "\u9752\u5c9b\u65af\u7ef4\u767b\u5ea6\u5047\u516c\u5bd3(\u57ce\u9633\u673a\u573a\u5e97)", "order_time": ["2019-01-28 10:43:51"], "total_order": 1, "hotel_value": ["4.7"], "hotel_price": ["119"]}, "2302130": {"hotel_name": "\u9752\u5c9b\u5609\u9038\u8c6a\u5ead\u8fde\u9501\u9152\u5e97", "order_time": ["2019-01-28 10:43:52"], "total_order": 1, "hotel_value": ["4.2"], "hotel_price": ["73"]}, "9668427": {"hotel_name": "\u9752\u5c9b\u60a6\u5df1\u9752\u5e74\u65c5\u820d", "order_time": ["2019-01-28 10:44:13"], "total_order": 1, "hotel_value": ["4.8"], "hotel_price": ["14"]}, "2639045": {"hotel_name": "\u9752\u5c9b\u4e2d\u8054\u81ea\u7531\u6e2f\u6e7e\u9152\u5e97", "order_time": ["2019-01-28 10:46:54"], "total_order": 1, "hotel_value": ["4.4"], "hotel_price": ["236"]}, "994153": {"hotel_name": "\u5982\u5bb6\u5feb\u6377\u9152\u5e97(\u9752\u5c9b\u706b\u8f66\u5317\u7ad9\u5e97)", "order_time": ["2019-01-28 10:46:57"], "total_order": 1, "hotel_value": ["4.3"], "hotel_price": ["152"]}, "25557473": {"hotel_name": "\u9752\u5c9b\u68e0\u66fc\u9152\u5e97", "order_time": ["2019-01-28 11:16:42", "2019-01-28 10:46:57"], "total_order": 2, "hotel_value": ["4.7", "4.7"], "hotel_price": ["139", "139"]}, "1006377": {"hotel_name": "\u9752\u5c9b\u5609\u9038\u8c6a\u5ead\u7cbe\u54c1\u9152\u5e97", "order_time": ["2019-01-28 10:47:01"], "total_order": 1, "hotel_value": ["4.1"], "hotel_price": ["83"]}, "21124467": {"hotel_name": "\u9752\u5c9b\u65af\u7ef4\u767b\u7cbe\u54c1\u516c\u5bd3(\u4f1a\u5c55\u4e2d\u5fc3\u77f3\u8001\u4eba\u6d77\u6c34\u6d74\u573a)", "order_time": ["2019-01-28 10:47:54", "2019-01-28 11:12:47", "2019-01-28 10:47:51"], "total_order": 3, "hotel_value": ["4.9", "4.9", "4.9"], "hotel_price": ["227", "227", "227"]}, "26555980": {"hotel_name": "\u9752\u5c9b\u897f\u6d77\u5cb8\u5a01\u65af\u6c40\u9152\u5e97", "order_time": ["2019-01-28 10:49:16"], "total_order": 1, "hotel_value": [0], "hotel_price": ["458"]}, "12194513": {"hotel_name": "\u9752\u5c9b\u5d02\u5c71\u964c\u6d77\u7cbe\u54c1\u7f8e\u5885", "order_time": ["2019-01-28 10:49:21"], "total_order": 1, "hotel_value": ["4.8"], "hotel_price": ["323"]}, "8670998": {"hotel_name": "\u9752\u5c9b\u767e\u8109\u660e\u73e0\u82b1\u56ed\u9152\u5e97", "order_time": ["2019-01-28 10:49:25"], "total_order": 1, "hotel_value": ["4.5"], "hotel_price": ["88"]}, "2388618": {"hotel_name": "\u9047\u89c1\u56fd\u9645\u9752\u5e74\u65c5\u820d(\u9752\u5c9b\u6d59\u6c5f\u8def\u6808\u6865\u5e97)", "order_time": ["2019-01-28 10:49:33"], "total_order": 1, "hotel_value": ["4.2"], "hotel_price": ["19"]}, "455030": {"hotel_name": "\u6c49\u5ead\u9152\u5e97\uff08\u9752\u5c9b\u5ef6\u5b89\u4e09\u8def\u829d\u6cc9\u8def\u5730\u94c1\u7ad9\u5e97\uff09\uff08\u539f\u9999\u6e2f\u4e2d\u8def\u5e97\uff09", "order_time": ["2019-01-28 10:51:32"], "total_order": 1, "hotel_value": ["4.1"], "hotel_price": ["136"]}, "436462": {"hotel_name": "\u9082\u9005\u7f8e\u5bbf(\u9752\u5c9b\u4e2d\u5c71\u8def\u6808\u6865\u5e97)(\u539f\u9082\u9005\u56fd\u9645\u9752\u5e74\u65c5\u820d(\u4e2d\u5c71\u8def\u5929\u4e3b\u6559\u5802\u5e97))", "order_time": ["2019-01-28 10:51:47"], "total_order": 1, "hotel_value": ["4.5"], "hotel_price": ["42"]}, "21724133": {"hotel_name": "\u5c1a\u5ba2\u4f18\u54c1\u9152\u5e97(\u80f6\u5dde\u5170\u5dde\u4e1c\u8def\u65b0\u6c7d\u8f66\u7ad9\u5e97)", "order_time": ["2019-01-28 10:52:47"], "total_order": 1, "hotel_value": ["4.8"], "hotel_price": ["156"]}, "371188": {"hotel_name": "\u9752\u5c9b\u9890\u4e2d\u7687\u51a0\u5047\u65e5\u9152\u5e97", "order_time": ["2019-01-28 10:53:54"], "total_order": 1, "hotel_value": ["4.5"], "hotel_price": ["534"]}, "2101673": {"hotel_name": "\u9752\u5c9b\u53f0\u4e1c\u5927\u9152\u5e97", "order_time": ["2019-01-28 10:54:00"], "total_order": 1, "hotel_value": ["4.3"], "hotel_price": ["70"]}, "1649931": {"hotel_name": "\u9752\u5c9b\u65b0\u4e16\u4f73\u5546\u52a1\u5bbe\u9986", "order_time": ["2019-01-28 10:54:07"], "total_order": 1, "hotel_value": ["4.3"], "hotel_price": ["84"]}, "22764589": {"hotel_name": "\u9752\u5c9b\u6e29\u5c0f\u59d0\u516c\u5bd3", "order_time": ["2019-01-28 10:56:26"], "total_order": 1, "hotel_value": ["5.0"], "hotel_price": ["108"]}, "6577116": {"hotel_name": "\u9752\u5c9b\u60a6\u6f9c\u9152\u5e97\u516c\u5bd3(\u4e94\u56db\u5e7f\u573a\u4e2d\u94c1\u4e2d\u5fc3\u5e97)", "order_time": ["2019-01-28 10:56:29"], "total_order": 1, "hotel_value": ["4.8"], "hotel_price": ["194"]}, "1938134": {"hotel_name": "\u83ab\u6cf0168(\u9752\u5c9b\u674e\u6751\u5730\u94c1\u7ad9\u6b65\u884c\u8857\u5e97)", "order_time": ["2019-01-28 10:56:34"], "total_order": 1, "hotel_value": ["4.5"], "hotel_price": ["109"]}, "5652465": {"hotel_name": "\u5373\u58a8\u9752\u8292\u7cbe\u54c1\u4e3b\u9898\u516c\u5bd3", "order_time": ["2019-01-28 10:56:36"], "total_order": 1, "hotel_value": ["4.5"], "hotel_price": ["94"]}, "5982951": {"hotel_name": "\u9752\u5c9b\u6d77\u5cb3\u4e00\u5bb6\u5ea6\u5047\u9152\u5e97(\u4e1c\u65b9\u5f71\u90fd\u5e97)", "order_time": ["2019-01-28 10:58:57"], "total_order": 1, "hotel_value": ["4.7"], "hotel_price": ["254"]}, "12252847": {"hotel_name": "\u9752\u5c9b\u9890\u84dd\u5fc3\u820d\u9152\u5e97", "order_time": ["2019-01-28 10:58:58"], "total_order": 1, "hotel_value": ["4.6"], "hotel_price": ["169"]}, "6838355": {"hotel_name": "\u5170\u6b27\u9152\u5e97(\u9752\u5c9b\u4e94\u56db\u5e7f\u573a\u5e97)(\u539f\u65b0\u4e1c\u5927\u9152\u5e97)", "order_time": ["2019-01-28 11:19:01", "2019-01-28 10:59:00"], "total_order": 2, "hotel_value": ["4.6", "4.6"], "hotel_price": ["290", "290"]}, "29715350": {"hotel_name": "\u9752\u5c9b\u6808\u6865\u4e9a\u6735\u9152\u5e97", "order_time": ["2019-01-28 10:59:00"], "total_order": 1, "hotel_value": [0], "hotel_price": ["297"]}, "1549350": {"hotel_name": "\u8d85\u6781\u81f4\u6d77\u666f\u5ea6\u5047\u9152\u5e97(\u9752\u5c9b\u9ec4\u5c9b\u80f6\u5357\u90a3\u9c81\u6e7e\u5e97)", "order_time": ["2019-01-28 10:59:01"], "total_order": 1, "hotel_value": ["4.3"], "hotel_price": ["136"]}, "430840": {"hotel_name": "\u9752\u5c9b\u4e3d\u6676\u5927\u9152\u5e97", "order_time": ["2019-01-28 10:59:03"], "total_order": 1, "hotel_value": ["4.5"], "hotel_price": ["409"]}, "436076": {"hotel_name": "\u9752\u5c9b\u6c47\u6cc9\u738b\u671d\u5927\u996d\u5e97", "order_time": ["2019-01-28 10:59:03"], "total_order": 1, "hotel_value": ["4.4"], "hotel_price": ["450"]}, "438653": {"hotel_name": "\u9752\u5c9b\u6d77\u5929e\u5bb6\u5546\u52a1\u9152\u5e97", "order_time": ["2019-01-28 10:59:07"], "total_order": 1, "hotel_value": ["4.2"], "hotel_price": ["85"]}, "1192385": {"hotel_name": "\u6c49\u5ead\u9152\u5e97(\u9752\u5c9b\u9999\u6e2f\u4e2d\u8def\u9752\u5927\u5e97)", "order_time": ["2019-01-28 10:59:08"], "total_order": 1, "hotel_value": ["3.9"], "hotel_price": ["111"]}, "5981297": {"hotel_name": "\u9752\u5c9b\u84dd\u8272\u6d77\u5cb8\u6d77\u666f\u5ea6\u5047\u516c\u5bd3\u4e2d\u8054\u81ea\u7531\u6e2f\u6e7e\u706b\u8f66\u7ad9\u6808\u6865\u5e97", "order_time": ["2019-01-28 10:59:08"], "total_order": 1, "hotel_value": ["4.7"], "hotel_price": ["67"]}, "2164792": {"hotel_name": "\u9752\u5c9bUNO\u4f18\u8bfa\u6d77\u666f\u516c\u5bd3(\u539f\u5609\u8d1d\u7cbe\u54c1\u6d77\u666f\u516c\u5bd3)", "order_time": ["2019-01-28 10:59:10"], "total_order": 1, "hotel_value": ["4.6"], "hotel_price": ["218"]}, "1302241": {"hotel_name": "\u7231\u5ba2100\u5546\u52a1\u5bbe\u9986(\u9752\u5c9b\u91cd\u5e86\u5317\u8def\u5e97)", "order_time": ["2019-01-28 11:19:30", "2019-01-28 10:59:25"], "total_order": 2, "hotel_value": ["4.1", "4.1"], "hotel_price": ["62", "62"]}, "5264336": {"hotel_name": "\u9e92\u97f5\u516c\u5bd3(\u9752\u5c9b\u4e07\u8c61\u57ce\u4e94\u56db\u5e7f\u573a\u5965\u5e06\u4e2d\u5fc3\u5e97)", "order_time": ["2019-01-28 11:01:31", "2019-01-28 11:10:05"], "total_order": 2, "hotel_value": ["4.8", "4.8"], "hotel_price": ["238", "238"]}, "2306006": {"hotel_name": "\u683c\u6797\u8c6a\u6cf0(\u9752\u5c9b\u706b\u8f66\u7ad9\u5e7f\u573a\u5e97)", "order_time": ["2019-01-28 11:01:31"], "total_order": 1, "hotel_value": ["4.7"], "hotel_price": ["75"]}, "446500": {"hotel_name": "\u7cbe\u9014\u9152\u5e97(\u9752\u5c9b\u56fd\u9645\u4f1a\u5c55\u4e2d\u5fc3\u5e97)(\u539f\u57ce\u5e02\u5bb6\u5546\u52a1\u9152\u5e97\u4f1a\u5c55\u4e2d\u5fc3\u5e97)", "order_time": ["2019-01-28 11:01:34"], "total_order": 1, "hotel_value": ["4.3"], "hotel_price": ["115"]}, "8871600": {"hotel_name": "\u9752\u5c9b\u705c\u4e4b\u6c64\u6d77\u666f\u5ea6\u5047\u9152\u5e97", "order_time": ["2019-01-28 11:01:35"], "total_order": 1, "hotel_value": ["4.8"], "hotel_price": ["338"]}, "458561": {"hotel_name": "\u6c49\u5ead\u9152\u5e97(\u9752\u5c9b\u53f0\u4e1c\u4e07\u8fbe\u5e97)", "order_time": ["2019-01-28 11:01:35"], "total_order": 1, "hotel_value": ["4.7"], "hotel_price": ["132"]}, "5673703": {"hotel_name": "\u9752\u5c9b\u673a\u573a\u5bcc\u534e\u9152\u5e97(\u9999\u6e2f\u4e2d\u8def\u5e97)", "order_time": ["2019-01-28 11:01:40"], "total_order": 1, "hotel_value": ["4.5"], "hotel_price": ["183"]}, "428011": {"hotel_name": "\u5982\u5bb6\u5feb\u6377\u9152\u5e97(\u9752\u5c9b\u54c8\u5c14\u6ee8\u8def\u4e07\u79d1\u57ce\u53cc\u5c71\u5730\u94c1\u7ad9\u5e97)", "order_time": ["2019-01-28 11:01:40"], "total_order": 1, "hotel_value": ["4.5"], "hotel_price": ["127"]}, "13947648": {"hotel_name": "7\u5929\u4f18\u54c1\u9152\u5e97(\u9752\u5c9b\u5d02\u5c71\u6781\u5730\u6d77\u6d0b\u516c\u56ed\u5e97)", "order_time": ["2019-01-28 11:01:43"], "total_order": 1, "hotel_value": ["4.7"], "hotel_price": ["96"]}, "1979422": {"hotel_name": "\u9752\u5c9b\u4f18\u5c1a\u5feb\u6377\u9152\u5e97", "order_time": ["2019-01-28 11:01:43"], "total_order": 1, "hotel_value": ["4.0"], "hotel_price": ["83"]}, "2970464": {"hotel_name": "\u6613\u4f70\u8fde\u9501\u9152\u5e97\uff08\u9752\u5c9b\u706b\u8f66\u7ad9\u6808\u6865 \u5288\u67f4\u9662\u5e97\uff09", "order_time": ["2019-01-28 11:01:46"], "total_order": 1, "hotel_value": ["4.0"], "hotel_price": ["59"]}, "2209171": {"hotel_name": "\u5c1a\u5ba2\u4f18\u54c1\u9152\u5e97(\u9752\u5c9b\u5f00\u53d1\u533a\u9999\u6c5f\u8def\u957f\u6c5f\u8d2d\u7269\u5e7f\u573a\u5e97)(\u539f\u5c1a\u5ba2\u4f18\u7cbe\u9009\u9152\u5e97)", "order_time": ["2019-01-28 11:04:04"], "total_order": 1, "hotel_value": ["4.7"], "hotel_price": ["104"]}, "1316341": {"hotel_name": "\u6c49\u5ead\u9152\u5e97(\u9752\u5c9b\u706b\u8f66\u7ad9\u897f\u5e7f\u573a\u5e97)", "order_time": ["2019-01-28 11:04:04"], "total_order": 1, "hotel_value": ["4.1"], "hotel_price": ["85"]}, "7921978": {"hotel_name": "\u9752\u5c9b\u91d1\u9c7c\u9152\u5e97\u516c\u5bd3", "order_time": ["2019-01-28 11:04:08"], "total_order": 1, "hotel_value": ["4.6"], "hotel_price": ["113"]}, "1585409": {"hotel_name": "\u9752\u5c9b\u5d02\u5c71\u534e\u73ba\u5927\u9152\u5e97", "order_time": ["2019-01-28 11:04:09"], "total_order": 1, "hotel_value": ["4.7"], "hotel_price": ["368"]}, "5073599": {"hotel_name": "\u827e\u5c4b\u9152\u5e97\u516c\u5bd3(\u9752\u5c9b\u90ae\u8f6e\u6bcd\u6e2f\u5e97)", "order_time": ["2019-01-28 11:04:09"], "total_order": 1, "hotel_value": ["4.7"], "hotel_price": ["84"]}, "2245054": {"hotel_name": "\u9752\u5c9b\u5357\u5c71\u7f8e\u7235\u5ea6\u5047\u9152\u5e97", "order_time": ["2019-01-28 11:04:15"], "total_order": 1, "hotel_value": ["4.5"], "hotel_price": ["455"]}, "2329361": {"hotel_name": "\u9752\u5c9b\u65af\u7ef4\u767b\u5ea6\u5047\u516c\u5bd3(\u90ae\u8f6e\u6bcd\u6e2f\u5e97)", "order_time": ["2019-01-28 11:06:34", "2019-01-28 11:11:32"], "total_order": 2, "hotel_value": ["4.7", "4.7"], "hotel_price": ["124", "124"]}, "8415426": {"hotel_name": "\u56db\u5b63\u7cbe\u9009\u9152\u5e97(\u9752\u5c9b\u6d41\u4ead\u673a\u573a\u5e97)", "order_time": ["2019-01-28 11:06:34", "2019-01-28 11:13:57"], "total_order": 2, "hotel_value": ["4.6", "4.6"], "hotel_price": ["217", "217"]}, "1590840": {"hotel_name": "\u9752\u5c9b\u5982\u5bb6\u6e2f\u6e7e\u89c2\u6d77\u7cbe\u54c1\u65e5\u79df\u623f", "order_time": ["2019-01-28 11:06:42"], "total_order": 1, "hotel_value": ["4.5"], "hotel_price": ["27"]}, "2140170": {"hotel_name": "\u9752\u5c9b\u7ef4\u7ef4\u5ba2\u6808", "order_time": ["2019-01-28 11:06:45"], "total_order": 1, "hotel_value": [0], "hotel_price": ["64"]}, "430544": {"hotel_name": "\u9752\u5c9b\u5feb\u901a\u56fd\u9645\u9152\u5e97", "order_time": ["2019-01-28 11:08:54"], "total_order": 1, "hotel_value": ["4.5"], "hotel_price": ["310"]}, "19869842": {"hotel_name": "\u534e\u9a7f\u9152\u5e97(\u9752\u5c9b\u79d1\u6280\u5927\u5b66\u5468\u53e3\u8def\u5e97)", "order_time": ["2019-01-28 11:08:59"], "total_order": 1, "hotel_value": ["4.7"], "hotel_price": ["88"]}, "1283801": {"hotel_name": "\u6211\u7684\u5730\u76d8\u4e3b\u9898\u9152\u5e97(\u9752\u5c9b\u6b63\u9633\u4e2d\u8def\u5e97)", "order_time": ["2019-01-28 11:09:00"], "total_order": 1, "hotel_value": ["4.5"], "hotel_price": ["124"]}, "6867438": {"hotel_name": "\u9752\u5c9b\u91cc\u9662\u7cbe\u54c1\u9152\u5e97", "order_time": ["2019-01-28 11:09:01"], "total_order": 1, "hotel_value": ["4.6"], "hotel_price": ["62"]}, "1875800": {"hotel_name": "\u5982\u5bb6\u5feb\u6377\u9152\u5e97(\u9752\u5c9b\u4f1a\u5c55\u4e2d\u5fc3\u5927\u62c7\u6307\u5e7f\u573a\u5e97)", "order_time": ["2019-01-28 11:09:05", "2019-01-28 11:19:11"], "total_order": 2, "hotel_value": ["4.2", "4.2"], "hotel_price": ["120", "120"]}, "2639907": {"hotel_name": "\u80f6\u5dde\u5317\u4eac\u5c45\u5bb6\u98ce\u5c1a\u9152\u5e97", "order_time": ["2019-01-28 11:10:03"], "total_order": 1, "hotel_value": ["4.6"], "hotel_price": ["78"]}, "1649471": {"hotel_name": "\u9752\u5c9b\u5b8f\u8fd0\u4e1c\u90fd\u5927\u9152\u5e97", "order_time": ["2019-01-28 11:11:31"], "total_order": 1, "hotel_value": ["4.6"], "hotel_price": ["123"]}, "8327511": {"hotel_name": "\u9752\u5c9b\u90fd\u5e02118\u7cbe\u9009\u9152\u5e97\u5373\u58a8\u670d\u88c5\u57ce\u5e97", "order_time": ["2019-01-28 11:11:33"], "total_order": 1, "hotel_value": ["4.6"], "hotel_price": ["102"]}, "536113": {"hotel_name": "\u9752\u5c9b\u5f00\u5143\u540d\u90fd\u5927\u9152\u5e97", "order_time": ["2019-01-28 11:11:36"], "total_order": 1, "hotel_value": ["4.7"], "hotel_price": ["386"]}, "7516188": {"hotel_name": "\u9752\u5c9b\u683c\u8c03\u7a7a\u95f4\u5ea6\u5047\u516c\u5bd3", "order_time": ["2019-01-28 11:12:00"], "total_order": 1, "hotel_value": [0], "hotel_price": ["96"]}, "6508376": {"hotel_name": "\u6155\u820d\u00b7\u8d1d\u683c\u9152\u5e97\u516c\u5bd3(\u9752\u5c9b\u4e07\u8c61\u57ce\u5965\u5e06\u4e94\u56db\u5e7f\u573a\u5e97)", "order_time": ["2019-01-28 11:15:01", "2019-01-28 11:12:49", "2019-01-28 11:19:03"], "total_order": 3, "hotel_value": ["4.9", "4.9", "4.9"], "hotel_price": ["258", "278", "278"]}, "4738805": {"hotel_name": "\u9752\u5c9b\u7231\u5c0a\u5ba2\u8fde\u9501\u9152\u5e97(\u8fbd\u6e90\u8def\u5e97)", "order_time": ["2019-01-28 11:13:56", "2019-01-28 11:19:15"], "total_order": 2, "hotel_value": ["4.4", "4.4"], "hotel_price": ["94", "94"]}, "8576086": {"hotel_name": "\u5c1a\u5ba2\u4f18\u54c1\u9152\u5e97(\u9752\u5c9bLIPPO\u516c\u793e\u77f3\u6cb9\u5927\u5b66\u5e97)(\u539fLIPPO\u516c\u793e\u7cbe\u54c1\u516c\u5bd3)", "order_time": ["2019-01-28 11:14:02"], "total_order": 1, "hotel_value": ["4.8"], "hotel_price": ["105"]}, "5215569": {"hotel_name": "\u9752\u5c9b\u5370\u8c61\u9152\u5e97", "order_time": ["2019-01-28 11:14:05"], "total_order": 1, "hotel_value": ["4.5"], "hotel_price": ["252"]}, "5482123": {"hotel_name": "\u9752\u5c9b\u94f6\u6cb3\u5047\u65e5\u9152\u5e97", "order_time": ["2019-01-28 11:14:05"], "total_order": 1, "hotel_value": ["4.7"], "hotel_price": ["133"]}, "2063983": {"hotel_name": "\u9752\u5c9b\u76f8\u89c1\u540d\u5bbf", "order_time": ["2019-01-28 11:14:11"], "total_order": 1, "hotel_value": ["5.0"], "hotel_price": ["183"]}, "535990": {"hotel_name": "\u9752\u5c9b\u8fdc\u6d0b\u5927\u9152\u5e97", "order_time": ["2019-01-28 11:16:37"], "total_order": 1, "hotel_value": ["4.6"], "hotel_price": ["332"]}, "371190": {"hotel_name": "\u9752\u5c9b\u9999\u683c\u91cc\u62c9\u5927\u9152\u5e97", "order_time": ["2019-01-28 11:23:44", "2019-01-28 11:16:38"], "total_order": 2, "hotel_value": ["4.7", "4.7"], "hotel_price": ["688", "688"]}, "8954787": {"hotel_name": "\u9752\u5c9b\u90a3\u7531\u4ed6\u667a\u80fd\u6d77\u666f\u6c11\u5bbf", "order_time": ["2019-01-28 11:16:40"], "total_order": 1, "hotel_value": ["4.8"], "hotel_price": ["389"]}, "439773": {"hotel_name": "\u9752\u5c9b\u8fdc\u96c4\u60a6\u6765\u9152\u5e97\u516c\u5bd3", "order_time": ["2019-01-28 11:16:41"], "total_order": 1, "hotel_value": ["4.6"], "hotel_price": ["432"]}, "901719": {"hotel_name": "7\u5929\u8fde\u9501\u9152\u5e97(\u9752\u5c9b\u6d77\u5c14\u5de5\u4e1a\u56ed\u5b9d\u9f99\u5e7f\u573a\u5e97)", "order_time": ["2019-01-28 11:16:46"], "total_order": 1, "hotel_value": ["4.6"], "hotel_price": ["99"]}, "1374289": {"hotel_name": "\u83ab\u6cf0168(\u9752\u5c9b\u5f00\u53d1\u533a\u957f\u6c5f\u4e2d\u8def\u533a\u653f\u5e9c\u91d1\u6c99\u6ee9\u5e97)", "order_time": ["2019-01-28 11:16:47"], "total_order": 1, "hotel_value": ["4.4"], "hotel_price": ["109"]}, "16081635": {"hotel_name": "\u9752\u5c9b\u5e0c\u671b\u4f60\u559c\u6b22\u6d77\u666f\u516c\u5bd3", "order_time": ["2019-01-28 11:16:47"], "total_order": 1, "hotel_value": ["4.6"], "hotel_price": ["198"]}, "1568373": {"hotel_name": "\u9752\u5c9b\u94c2\u91d1\u4e3b\u9898\u9152\u5e97(\u674e\u6751\u6b65\u884c\u8857\u5e97)", "order_time": ["2019-01-28 11:16:47"], "total_order": 1, "hotel_value": ["3.7"], "hotel_price": ["57"]}, "1420909": {"hotel_name": "\u5c1a\u5ba2\u4f18\u5feb\u6377\u9152\u5e97(\u9752\u5c9b\u5929\u4e00\u4ec1\u548c\u7ee3\u6210\u8def\u5e97)", "order_time": ["2019-01-28 11:16:49"], "total_order": 1, "hotel_value": ["4.3"], "hotel_price": ["103"]}, "427930": {"hotel_name": "\u5982\u5bb6\u5feb\u6377\u9152\u5e97(\u9752\u5c9b\u5c71\u4e1c\u8def\u4e2d\u592e\u5546\u52a1\u533a\u4e07\u8fbe\u5e7f\u573a\u5e97)", "order_time": ["2019-01-28 11:16:50"], "total_order": 1, "hotel_value": ["4.5"], "hotel_price": ["128"]}, "20543009": {"hotel_name": "\u9752\u5c9b\u60a6\u5c71\u820d\u5c71\u95f4\u5ea6\u5047\u6c11\u5bbf", "order_time": ["2019-01-28 11:17:00"], "total_order": 1, "hotel_value": ["4.9"], "hotel_price": ["595"]}, "1692406": {"hotel_name": "\u9752\u5c9b\u6c11\u8054\u51ef\u65cb\u9152\u5e97", "order_time": ["2019-01-28 11:19:09"], "total_order": 1, "hotel_value": ["4.5"], "hotel_price": ["283"]}, "2252691": {"hotel_name": "\u9752\u5c9b\u90fd\u5e02\u5047\u65e5\u8fde\u9501\u9152\u5e97", "order_time": ["2019-01-28 11:19:17"], "total_order": 1, "hotel_value": ["4.4"], "hotel_price": ["75"]}, "6800487": {"hotel_name": "\u9752\u5c9b\u4e91\u6d77\u5c45\u516c\u5bd3(\u539f75\u53f7\u516c\u5bd3)", "order_time": ["2019-01-28 11:19:20"], "total_order": 1, "hotel_value": ["4.4"], "hotel_price": ["94"]}, "2306538": {"hotel_name": "\u9752\u5c9b33\u5929\u5bbe\u9986", "order_time": ["2019-01-28 11:19:29"], "total_order": 1, "hotel_value": ["4.4"], "hotel_price": ["84"]}, "4628580": {"hotel_name": "\u5fc6\u5c0f\u7a9d\u9752\u5e74\u65c5\u820d(\u9752\u5c9b\u541b\u5cf0\u8def\u5730\u94c1\u7ad9\u5e97)", "order_time": ["2019-01-28 11:19:30"], "total_order": 1, "hotel_value": ["4.7"], "hotel_price": ["26"]}, "15235340": {"hotel_name": "\u9752\u5c9b\u767b\u9014\u5ea6\u5047\u9152\u5e97\u68a6\u65f6\u4ee3\u5e7f\u573a\u5e97", "order_time": ["2019-01-28 11:19:30"], "total_order": 1, "hotel_value": ["4.4"], "hotel_price": ["83"]}, "2301689": {"hotel_name": "\u5c1a\u5ba2\u4f18\u5feb\u6377\u9152\u5e97(\u9752\u5c9b\u5f00\u53d1\u533a\u9ec4\u6cb3\u4e2d\u8def\u5e97)", "order_time": ["2019-01-28 11:19:30"], "total_order": 1, "hotel_value": ["3.1"], "hotel_price": ["90"]}, "5306612": {"hotel_name": "\u5c1a\u5ba2\u4f18\u9a8f\u6021\u8fde\u9501\u9152\u5e97(\u9752\u5c9b\u6c7d\u8f66\u5317\u7ad9\u5e97)", "order_time": ["2019-01-28 11:19:30"], "total_order": 1, "hotel_value": ["3.5"], "hotel_price": ["62"]}, "1633182": {"hotel_name": "\u5373\u58a8\u91dc\u6cf0\u7965\u5bbe\u9986", "order_time": ["2019-01-28 11:19:30"], "total_order": 1, "hotel_value": [0], "hotel_price": ["25"]}, "4363980": {"hotel_name": "\u540e\u6d77\u84dd\u6e7e\u5feb\u6377\u9152\u5e97(\u9752\u5c9b\u706b\u8f66\u5317\u7ad9\u5e97)", "order_time": ["2019-01-28 11:19:30"], "total_order": 1, "hotel_value": ["4.2"], "hotel_price": ["84"]}, "2140433": {"hotel_name": "\u683c\u6797\u8054\u76df\u9152\u5e97(\u9752\u5c9b\u4e50\u5ba2\u57ce\u674e\u6751\u5730\u94c1\u7ad9\u5e97)", "order_time": ["2019-01-28 11:19:30"], "total_order": 1, "hotel_value": ["4.4"], "hotel_price": ["88"]}, "2306764": {"hotel_name": "\u9752\u5c9b\u6c47\u946b\u5bbe\u9986", "order_time": ["2019-01-28 11:19:35"], "total_order": 1, "hotel_value": [0], "hotel_price": ["36"]}, "21790901": {"hotel_name": "\u767d\u7389\u5170\u9152\u5e97 (\u80f6\u5dde\u5e7f\u5dde\u5357\u8def\u5e97)", "order_time": ["2019-01-28 11:20:10"], "total_order": 1, "hotel_value": ["4.9"], "hotel_price": ["143"]}, "28761837": {"hotel_name": "\u9752\u5c9b\u9c81\u8bfaR\u9152\u5e97", "order_time": ["2019-01-28 11:21:25"], "total_order": 1, "hotel_value": ["5.0"], "hotel_price": ["342"]}, "532185": {"hotel_name": "\u9752\u5c9b\u6d77\u60c5\u5927\u9152\u5e97", "order_time": ["2019-01-28 11:21:28"], "total_order": 1, "hotel_value": ["4.6"], "hotel_price": ["316"]}, "2509075": {"hotel_name": "\u5c1a\u5ba2\u4f18\u9a8f\u6021\u8fde\u9501\u9152\u5e97(\u9752\u5c9b\u519c\u4e1a\u5927\u5b66\u5e97)", "order_time": ["2019-01-28 11:21:30"], "total_order": 1, "hotel_value": ["3.7"], "hotel_price": ["73"]}, "8901473": {"hotel_name": "\u9752\u5c9b\u5c9b\u4e0a\u65f6\u5149\u7cbe\u54c1\u9152\u5e97", "order_time": ["2019-01-28 11:21:30"], "total_order": 1, "hotel_value": ["4.4"], "hotel_price": ["103"]}, "1677914": {"hotel_name": "\u9752\u5c9b\u9ad8\u6821\u9999\u6f9c\u5bbe\u9986", "order_time": ["2019-01-28 11:23:38"], "total_order": 1, "hotel_value": ["3.0"], "hotel_price": ["138"]}, "23886133": {"hotel_name": "\u9014\u7a9d\u4e3b\u9898\u516c\u5bd3(\u9752\u5c9b\u5d02\u5c71\u98ce\u666f\u533a\u5e97)", "order_time": ["2019-01-28 11:23:44"], "total_order": 1, "hotel_value": ["4.8"], "hotel_price": ["151"]}}}