{"\u5f00\u59cb\u8bb0\u5f55\u65f6\u95f4": "2019-01-23 09:02:29", "\u7ed3\u675f\u8bb0\u5f55\u65f6\u95f4": "2019-01-23 10:02:29", "\u8ba2\u5355\u603b\u589e\u91cf": 233, "item": {"23572246": {"hotel_name": "\u7ea2\u749e\u516c\u5bd3(\u9752\u5c9b\u95fd\u6c5f\u8def\u5e97)", "order_time": ["2019-01-23 09:04:46"], "total_order": 1, "hotel_value": ["4.5"], "hotel_price": ["71"]}, "2496851": {"hotel_name": "\u5c1a\u5ba2\u4f18\u5feb\u6377\u9152\u5e97(\u9752\u5c9b\u6d41\u4ead\u673a\u573a\u5e97)", "order_time": ["2019-01-23 09:04:48"], "total_order": 1, "hotel_value": ["4.4"], "hotel_price": ["134"]}, "7690235": {"hotel_name": "Q\u52a0\u00b7\u79a7\u60a6\u5047\u65e5\u9152\u5e97(\u9752\u5c9b\u706b\u8f66\u7ad9\u4e1c\u5e7f\u573a\u6808\u6865\u5e97)(\u539f\u9752\u5c9b\u79a7\u60a6\u5047\u65e5\u9152\u5e97)", "order_time": ["2019-01-23 09:04:49"], "total_order": 1, "hotel_value": ["4.5"], "hotel_price": ["99"]}, "8327511": {"hotel_name": "\u9752\u5c9b\u90fd\u5e02118\u7cbe\u9009\u9152\u5e97\u5373\u58a8\u670d\u88c5\u57ce\u5e97", "order_time": ["2019-01-23 09:04:50"], "total_order": 1, "hotel_value": ["4.6"], "hotel_price": ["111"]}, "5527970": {"hotel_name": "\u9752\u5c9b\u65af\u7ef4\u767b\u5ea6\u5047\u516c\u5bd3(\u57ce\u9633\u673a\u573a\u5e97)", "order_time": ["2019-01-23 09:04:51"], "total_order": 1, "hotel_value": ["4.7"], "hotel_price": ["119"]}, "439773": {"hotel_name": "\u9752\u5c9b\u8fdc\u96c4\u60a6\u6765\u9152\u5e97\u516c\u5bd3", "order_time": ["2019-01-23 09:10:44", "2019-01-23 09:04:53"], "total_order": 2, "hotel_value": ["4.6", "4.6"], "hotel_price": ["459", "459"]}, "1925776": {"hotel_name": "\u9752\u5c9b\u8bda\u4fe1\u5bb6\u5546\u52a1\u5bbe\u9986", "order_time": ["2019-01-23 09:05:02"], "total_order": 1, "hotel_value": ["3.4"], "hotel_price": ["49"]}, "1815658": {"hotel_name": "\u5723\u5fb7\u5c45\u5546\u52a1\u9152\u5e97(\u9752\u5c9b\u706b\u8f66\u5317\u7ad9\u5e97)", "order_time": ["2019-01-23 09:48:40", "2019-01-23 09:06:42"], "total_order": 2, "hotel_value": ["4.4", "4.4"], "hotel_price": ["94", "94"]}, "1886446": {"hotel_name": "\u7231\u820d\u7a7a\u95f4\u5546\u52a1\u9152\u5e97(\u9752\u5c9b\u5c1a\u6ea2\u5e97)", "order_time": ["2019-01-23 09:06:42"], "total_order": 1, "hotel_value": ["4.5"], "hotel_price": ["83"]}, "436462": {"hotel_name": "\u9082\u9005\u7f8e\u5bbf(\u9752\u5c9b\u4e2d\u5c71\u8def\u6808\u6865\u5e97)(\u539f\u9082\u9005\u56fd\u9645\u9752\u5e74\u65c5\u820d(\u4e2d\u5c71\u8def\u5929\u4e3b\u6559\u5802\u5e97))", "order_time": ["2019-01-23 09:06:42"], "total_order": 1, "hotel_value": ["4.5"], "hotel_price": ["42"]}, "5264336": {"hotel_name": "\u9e92\u97f5\u516c\u5bd3(\u9752\u5c9b\u4e07\u8c61\u57ce\u4e94\u56db\u5e7f\u573a\u5965\u5e06\u4e2d\u5fc3\u5e97)", "order_time": ["2019-01-23 09:06:43", "2019-01-23 09:09:33", "2019-01-23 09:14:41"], "total_order": 3, "hotel_value": ["4.8", "4.8", "4.8"], "hotel_price": ["238", "238", "238"]}, "2301079": {"hotel_name": "\u7231\u5c0a\u5ba2\u9152\u5e97(\u9752\u5c9b\u516b\u5927\u5173\u5e97)", "order_time": ["2019-01-23 09:58:42", "2019-01-23 09:06:43", "2019-01-23 09:48:39"], "total_order": 3, "hotel_value": ["4.6", "4.6", "4.6"], "hotel_price": ["104", "104", "104"]}, "6273850": {"hotel_name": "\u7eff\u5cf0\u96c5\u9601\u5ea6\u5047\u516c\u5bd3(\u9752\u5c9b\u4e94\u56db\u5e7f\u573a\u4e07\u8c61\u57ce\u5e97)", "order_time": ["2019-01-23 09:06:43", "2019-01-23 09:09:33"], "total_order": 2, "hotel_value": ["4.8", "4.8"], "hotel_price": ["226", "226"]}, "436076": {"hotel_name": "\u9752\u5c9b\u6c47\u6cc9\u738b\u671d\u5927\u996d\u5e97", "order_time": ["2019-01-23 09:06:46", "2019-01-23 09:22:44", "2019-01-23 09:14:39", "2019-01-23 09:24:46", "2019-01-23 09:18:40"], "total_order": 5, "hotel_value": ["4.4", "4.4", "4.4", "4.4", "4.4"], "hotel_price": ["450", "450", "450", "450", "450"]}, "1371788": {"hotel_name": "\u6854\u5b50\u00b7\u6c34\u6676\u9152\u5e97(\u9752\u5c9b\u4e94\u56db\u5e7f\u573a\u6d77\u666f\u5e97)", "order_time": ["2019-01-23 09:06:46"], "total_order": 1, "hotel_value": ["4.7"], "hotel_price": ["297"]}, "17182438": {"hotel_name": "\u4e16\u60a6\u8f7b\u5962\u5ea6\u5047\u516c\u5bd3(\u9752\u5c9b\u9999\u6e2f\u4e2d\u8def\u4e3d\u6676\u5fa1\u7b51\u5e97)", "order_time": ["2019-01-23 09:08:41"], "total_order": 1, "hotel_value": ["4.7"], "hotel_price": ["123"]}, "446500": {"hotel_name": "\u7cbe\u9014\u9152\u5e97(\u9752\u5c9b\u56fd\u9645\u4f1a\u5c55\u4e2d\u5fc3\u5e97)(\u539f\u57ce\u5e02\u5bb6\u5546\u52a1\u9152\u5e97\u4f1a\u5c55\u4e2d\u5fc3\u5e97)", "order_time": ["2019-01-23 09:08:41"], "total_order": 1, "hotel_value": ["4.3"], "hotel_price": ["115"]}, "17509168": {"hotel_name": "\u8212\u5bb8\u7cbe\u54c1\u9152\u5e97(\u9752\u5c9b\u4e07\u8fbe\u4e1c\u65b9\u5f71\u90fd\u4e07\u8fbe\u8302\u5e97)", "order_time": ["2019-01-23 09:08:42"], "total_order": 1, "hotel_value": ["4.8"], "hotel_price": ["236"]}, "1283801": {"hotel_name": "\u6211\u7684\u5730\u76d8\u4e3b\u9898\u9152\u5e97(\u9752\u5c9b\u6b63\u9633\u4e2d\u8def\u5e97)", "order_time": ["2019-01-23 09:08:43"], "total_order": 1, "hotel_value": ["4.5"], "hotel_price": ["124"]}, "2018605": {"hotel_name": "\u591a\u7ef4\u7cbe\u54c1\u9152\u5e97(\u9752\u5c9b\u53f0\u4e1c\u5229\u7fa4\u5e97)", "order_time": ["2019-01-23 09:08:47"], "total_order": 1, "hotel_value": ["4.2"], "hotel_price": ["94"]}, "2024647": {"hotel_name": "\u9752\u5c9b\u624b\u7275\u624b\u65f6\u5c1a\u5bbe\u9986", "order_time": ["2019-01-23 09:08:51"], "total_order": 1, "hotel_value": ["4.7"], "hotel_price": ["68"]}, "1816363": {"hotel_name": "\u9752\u5c9b\u821e\u696b\u5c0f\u7b51\u5bb6\u5ead\u516c\u5bd3", "order_time": ["2019-01-23 09:08:53"], "total_order": 1, "hotel_value": ["4.4"], "hotel_price": ["83"]}, "1625041": {"hotel_name": "\u9752\u5c9b\u591a\u7c73\u6e29\u99a8\u9152\u5e97", "order_time": ["2019-01-23 09:08:54"], "total_order": 1, "hotel_value": ["4.5"], "hotel_price": ["63"]}, "9668427": {"hotel_name": "\u9752\u5c9b\u60a6\u5df1\u9752\u5e74\u65c5\u820d", "order_time": ["2019-01-23 09:08:57"], "total_order": 1, "hotel_value": ["4.8"], "hotel_price": ["20"]}, "21124467": {"hotel_name": "\u9752\u5c9b\u65af\u7ef4\u767b\u7cbe\u54c1\u516c\u5bd3(\u4f1a\u5c55\u4e2d\u5fc3\u77f3\u8001\u4eba\u6d77\u6c34\u6d74\u573a)", "order_time": ["2019-01-23 09:09:33", "2019-01-23 09:16:54"], "total_order": 2, "hotel_value": ["4.9", "4.9"], "hotel_price": ["227", "227"]}, "438731": {"hotel_name": "\u4e2d\u822a\u7fd4\u901a\u6e38\u8247\u4f1a\u9152\u5e97(\u9752\u5c9b\u5965\u5e06\u4e2d\u5fc3\u4e94\u56db\u5e7f\u573a\u5e97)", "order_time": ["2019-01-23 09:09:33"], "total_order": 1, "hotel_value": ["4.8"], "hotel_price": ["321"]}, "6508376": {"hotel_name": "\u6155\u820d\u00b7\u8d1d\u683c\u9152\u5e97\u516c\u5bd3(\u9752\u5c9b\u4e07\u8c61\u57ce\u5965\u5e06\u4e94\u56db\u5e7f\u573a\u5e97)", "order_time": ["2019-01-23 09:09:33"], "total_order": 1, "hotel_value": ["4.9"], "hotel_price": ["298"]}, "1226388": {"hotel_name": "\u9752\u5c9b\u6db5\u78a7\u697c\u9152\u5e97", "order_time": ["2019-01-23 09:09:33"], "total_order": 1, "hotel_value": ["4.6"], "hotel_price": ["1779"]}, "18034506": {"hotel_name": "\u6c49\u5510\u9152\u5e97(\u9752\u5c9b\u6d41\u4ead\u673a\u573a\u5e97)", "order_time": ["2019-01-23 09:09:33", "2019-01-23 09:14:41"], "total_order": 2, "hotel_value": ["4.8", "4.8"], "hotel_price": ["229", "229"]}, "25270439": {"hotel_name": "\u9752\u5c9b\u673a\u573a\u4e16\u7eaa\u516c\u56ed\u4e9a\u6735\u9152\u5e97", "order_time": ["2019-01-23 09:09:33"], "total_order": 1, "hotel_value": ["4.9"], "hotel_price": ["285"]}, "5214763": {"hotel_name": "\u9752\u5c9b\u65af\u7ef4\u767b\u5ea6\u5047\u516c\u5bd3(\u5965\u5e06\u4e94\u56db\u5e7f\u573a\u4e07\u8c61\u57ce)", "order_time": ["2019-01-23 09:09:33"], "total_order": 1, "hotel_value": ["4.8"], "hotel_price": ["248"]}, "4719799": {"hotel_name": "\u9752\u5c9b\u5965\u5e06\u4e94\u56db\u5e7f\u573a\u4e9a\u6735\u9152\u5e97(\u539f\u5965\u5e06\u4e2d\u5fc3\u5e97)", "order_time": ["2019-01-23 09:09:33", "2019-01-23 09:10:42"], "total_order": 2, "hotel_value": ["4.8", "4.8"], "hotel_price": ["316", "316"]}, "5930359": {"hotel_name": "\u9752\u5c9b\u91d1\u77f3\u56fd\u9645\u5927\u9152\u5e97", "order_time": ["2019-01-23 09:09:33"], "total_order": 1, "hotel_value": ["4.8"], "hotel_price": ["396"]}, "455485": {"hotel_name": "\u9752\u5c9b\u5e9c\u65b0\u5927\u53a6", "order_time": ["2019-01-23 09:09:33"], "total_order": 1, "hotel_value": ["4.7"], "hotel_price": ["426"]}, "654770": {"hotel_name": "\u9752\u5c9b\u4e3d\u5929\u5927\u9152\u5e97", "order_time": ["2019-01-23 09:09:33"], "total_order": 1, "hotel_value": ["4.8"], "hotel_price": ["467"]}, "1137296": {"hotel_name": "\u9752\u5c9b\u4e1c\u65b9\u6885\u5730\u4e9a\u9152\u5e97", "order_time": ["2019-01-23 09:09:33"], "total_order": 1, "hotel_value": ["4.9"], "hotel_price": ["361"]}, "992456": {"hotel_name": "\u9752\u5c9b\u540d\u90fd\u51ef\u83b1\u9152\u5e97", "order_time": ["2019-01-23 09:09:33"], "total_order": 1, "hotel_value": ["4.4"], "hotel_price": ["387"]}, "24055729": {"hotel_name": "\u5c1a\u5ba2\u4f18\u7cbe\u9009\u9152\u5e97(\u9752\u5c9b\u4e94\u56db\u5e7f\u573a\u5965\u5e06\u5e97)", "order_time": ["2019-01-23 09:32:45", "2019-01-23 09:10:42"], "total_order": 2, "hotel_value": ["4.7", "4.7"], "hotel_price": ["124", "124"]}, "1925767": {"hotel_name": "\u9752\u5c9b\u7d2b\u73a5\u94c2\u5c14\u66fc\u9152\u5e97", "order_time": ["2019-01-23 09:10:44", "2019-01-23 09:14:39"], "total_order": 2, "hotel_value": ["4.5", "4.5"], "hotel_price": ["401", "401"]}, "442272": {"hotel_name": "\u9752\u5c9b\u8fbe\u5bbe\u6c49\u767d\u91d1\u8c6a\u5ef7\u9152\u5e97(\u539f\u660e\u73e0\u6d77\u6e2f\u5927\u9152\u5e97)", "order_time": ["2019-01-23 09:10:45"], "total_order": 1, "hotel_value": ["3.8"], "hotel_price": ["90"]}, "22416789": {"hotel_name": "\u9752\u5c9b\u5bb9\u9526\u9152\u5e97", "order_time": ["2019-01-23 09:10:46"], "total_order": 1, "hotel_value": ["4.7"], "hotel_price": ["102"]}, "5894597": {"hotel_name": "\u9752\u5c9b\u7ea2\u6811\u6797\u5ea6\u5047\u4e16\u754c(\u73ca\u745a\u9152\u5e97)", "order_time": ["2019-01-23 09:10:46"], "total_order": 1, "hotel_value": ["4.4"], "hotel_price": ["410"]}, "2308468": {"hotel_name": "\u9752\u5c9b\u9752\u5e1d\u82d1\u5feb\u6377\u9152\u5e97", "order_time": ["2019-01-23 09:10:49"], "total_order": 1, "hotel_value": ["3.8"], "hotel_price": ["70"]}, "2239071": {"hotel_name": "\u5373\u58a8\u7687\u671d\u5bbe\u9986", "order_time": ["2019-01-23 09:10:50"], "total_order": 1, "hotel_value": ["4.5"], "hotel_price": ["105"]}, "25806424": {"hotel_name": "\u9752\u5c9b\u89c2\u6f9c\u6d77\u666f\u5ea6\u5047\u516c\u5bd3", "order_time": ["2019-01-23 09:10:52"], "total_order": 1, "hotel_value": [0], "hotel_price": ["79"]}, "6691235": {"hotel_name": "\u53ef\u4e34\u5b81\u8fde\u9501\u9152\u5e97\u9752\u5c9b\u80f6\u5dde\u706b\u8f66\u7ad9\u5e97", "order_time": ["2019-01-23 09:11:11"], "total_order": 1, "hotel_value": ["4.8"], "hotel_price": ["69"]}, "1070435": {"hotel_name": "\u5982\u5bb6\u5feb\u6377\u9152\u5e97(\u9752\u5c9b\u6808\u6865\u706b\u8f66\u7ad9\u4e1c\u5e7f\u573a\u5e97)", "order_time": ["2019-01-23 09:12:40"], "total_order": 1, "hotel_value": ["4.5"], "hotel_price": ["92"]}, "5215569": {"hotel_name": "\u9752\u5c9b\u5370\u8c61\u9152\u5e97", "order_time": ["2019-01-23 09:12:40"], "total_order": 1, "hotel_value": ["4.5"], "hotel_price": ["243"]}, "997909": {"hotel_name": "\u9752\u5c9b\u51ef\u83b1\u5927\u9152\u5e97", "order_time": ["2019-01-23 09:12:41"], "total_order": 1, "hotel_value": ["4.6"], "hotel_price": ["369"]}, "430544": {"hotel_name": "\u9752\u5c9b\u5feb\u901a\u56fd\u9645\u9152\u5e97", "order_time": ["2019-01-23 09:12:43"], "total_order": 1, "hotel_value": ["4.5"], "hotel_price": ["313"]}, "891096": {"hotel_name": "\u84dd\u6d77\u5927\u996d\u5e97(\u9752\u5c9b\u541b\u5cf0\u8def\u5730\u94c1\u7ad9\u5e97)(\u539f\u674e\u6ca7\u5e97)", "order_time": ["2019-01-23 09:12:43"], "total_order": 1, "hotel_value": ["4.6"], "hotel_price": ["356"]}, "1379289": {"hotel_name": "\u90fd\u5e02118(\u9752\u5c9b\u57ce\u9633\u5b9d\u9f99\u5e7f\u573a\u5e97)", "order_time": ["2019-01-23 09:12:43"], "total_order": 1, "hotel_value": ["4.0"], "hotel_price": ["108"]}, "1730402": {"hotel_name": "\u62dc\u767b\u516c\u5bd3\u00b7\u9752\u5c9b\u4e95\u5188\u5c71\u8def\u5e97", "order_time": ["2019-01-23 09:12:43"], "total_order": 1, "hotel_value": ["4.7"], "hotel_price": ["104"]}, "1208545": {"hotel_name": "\u5373\u58a8\u559c\u5ba2\u6765\u9152\u5e97", "order_time": ["2019-01-23 09:12:43"], "total_order": 1, "hotel_value": ["4.5"], "hotel_price": ["242"]}, "1697366": {"hotel_name": "\u90fd\u5e02118(\u9752\u5c9b\u674e\u6ca7\u5e7f\u573a\u5730\u94c1\u7ad9\u5e97)", "order_time": ["2019-01-23 09:12:43"], "total_order": 1, "hotel_value": ["4.6"], "hotel_price": ["104"]}, "1103123": {"hotel_name": "\u6c49\u5ead\u9152\u5e97(\u9752\u5c9b\u5965\u5e06\u4e2d\u5fc3\u5e97)", "order_time": ["2019-01-23 09:12:45"], "total_order": 1, "hotel_value": ["4.5"], "hotel_price": ["125"]}, "2152098": {"hotel_name": "\u83b1\u897f\u4ea4\u901a\u5bbe\u9986", "order_time": ["2019-01-23 09:47:02", "2019-01-23 09:13:06"], "total_order": 2, "hotel_value": ["4.4", "4.4"], "hotel_price": ["84", "84"]}, "779889": {"hotel_name": "\u9526\u6c5f\u4e4b\u661f(\u9752\u5c9b\u4e94\u56db\u5e7f\u573a\u5357\u4eac\u8def\u5730\u94c1\u7ad9\u5e97)", "order_time": ["2019-01-23 09:14:39"], "total_order": 1, "hotel_value": ["4.4"], "hotel_price": ["129"]}, "430450": {"hotel_name": "\u9752\u5c9b\u666f\u56ed\u5047\u65e5\u9152\u5e97", "order_time": ["2019-01-23 09:22:42", "2019-01-23 09:14:39"], "total_order": 2, "hotel_value": ["4.6", "4.6"], "hotel_price": ["581", "581"]}, "1732079": {"hotel_name": "\u5373\u58a8\u9526\u8302\u5bbe\u9986", "order_time": ["2019-01-23 09:14:40"], "total_order": 1, "hotel_value": ["4.5"], "hotel_price": ["270"]}, "17097984": {"hotel_name": "\u9752\u5c9b\u665f\u8a89\u9152\u5e97", "order_time": ["2019-01-23 09:14:41"], "total_order": 1, "hotel_value": ["4.6"], "hotel_price": ["148"]}, "483417": {"hotel_name": "\u9752\u5c9b\u6d77\u90fd\u5927\u9152\u5e97", "order_time": ["2019-01-23 09:14:41"], "total_order": 1, "hotel_value": ["4.6"], "hotel_price": ["306"]}, "2006440": {"hotel_name": "\u683c\u6797\u8c6a\u6cf0(\u83b1\u897f\u9999\u6e2f\u8def\u8054\u5bcc\u5e97)", "order_time": ["2019-01-23 09:15:20"], "total_order": 1, "hotel_value": ["4.5"], "hotel_price": ["127"]}, "443976": {"hotel_name": "\u90fd\u5e02118(\u9752\u5c9b\u674e\u6ca7\u6b65\u884c\u8857\u5e97)", "order_time": ["2019-01-23 09:16:41"], "total_order": 1, "hotel_value": ["4.6"], "hotel_price": ["84"]}, "19586632": {"hotel_name": "\u5343\u5bbf\u5ea6\u5047\u516c\u5bd3(\u9752\u5c9b\u5ef6\u5409\u8defCBD\u5e97)", "order_time": ["2019-01-23 09:16:41"], "total_order": 1, "hotel_value": ["4.8"], "hotel_price": ["107"]}, "1664209": {"hotel_name": "\u9752\u5c9b\u5929\u745e\u661f\u7a7a\u9152\u5e97", "order_time": ["2019-01-23 09:44:40", "2019-01-23 09:16:41", "2019-01-23 09:40:42"], "total_order": 3, "hotel_value": ["4.6", "4.6", "4.6"], "hotel_price": ["430", "430", "430"]}, "385108": {"hotel_name": "\u9752\u5c9b\u6d77\u5c14\u6d32\u9645\u9152\u5e97", "order_time": ["2019-01-23 09:26:47", "2019-01-23 09:16:41"], "total_order": 2, "hotel_value": ["4.6", "4.6"], "hotel_price": ["738", "738"]}, "8576043": {"hotel_name": "\u7f8e\u5bbf\u5047\u65e5\u6d77\u666f\u9152\u5e97(\u9752\u5c9b\u543e\u60a6\u5e7f\u573a\u5e97)(\u539f\u7f8e\u5bbf\u5047\u65e5\u9152\u5e97)", "order_time": ["2019-01-23 09:16:42"], "total_order": 1, "hotel_value": ["4.6"], "hotel_price": ["105"]}, "447276": {"hotel_name": "\u9752\u5c9b\u6808\u6865\u738b\u5b50\u996d\u5e97", "order_time": ["2019-01-23 09:16:43"], "total_order": 1, "hotel_value": ["4.4"], "hotel_price": ["135"]}, "772111": {"hotel_name": "\u9752\u5c9b\u5a01\u65af\u6c40\u9152\u5e97", "order_time": ["2019-01-23 09:48:52", "2019-01-23 09:17:20", "2019-01-23 09:38:55", "2019-01-23 09:27:09"], "total_order": 4, "hotel_value": ["4.6", "4.6", "4.6", "4.6"], "hotel_price": ["665", "665", "665", "665"]}, "994086": {"hotel_name": "\u5982\u5bb6\u5feb\u6377\u9152\u5e97(\u9752\u5c9b\u6d77\u5c14\u8def\u5730\u94c1\u7ad9\u9752\u5c71\u8def\u5e97)", "order_time": ["2019-01-23 09:18:39"], "total_order": 1, "hotel_value": ["4.6"], "hotel_price": ["105"]}, "470042": {"hotel_name": "\u6c49\u5ead\u9152\u5e97(\u9752\u5c9b\u5c71\u4e1c\u8def\u4e07\u8fbe\u5e97)", "order_time": ["2019-01-23 09:18:39", "2019-01-23 09:42:42"], "total_order": 2, "hotel_value": ["4.6", "4.6"], "hotel_price": ["170", "170"]}, "5085596": {"hotel_name": "\u9526\u6c5f\u4e4b\u661f(\u9752\u5c9b\u6ca7\u53e3\u516c\u56ed\u5e97)", "order_time": ["2019-01-23 09:18:40"], "total_order": 1, "hotel_value": ["4.7"], "hotel_price": ["149"]}, "10661053": {"hotel_name": "\u946b\u9f99\u5047\u65e5\u9152\u5e97\uff08\u9752\u5c9b\u6b66\u5937\u5c71\u8def\u5546\u4e1a\u8857\u5e97\uff09", "order_time": ["2019-01-23 09:44:42", "2019-01-23 09:18:48"], "total_order": 2, "hotel_value": ["4.5", "4.5"], "hotel_price": ["94", "94"]}, "8415426": {"hotel_name": "\u56db\u5b63\u7cbe\u9009\u9152\u5e97(\u9752\u5c9b\u6d41\u4ead\u673a\u573a\u5e97)", "order_time": ["2019-01-23 09:36:40", "2019-01-23 09:20:38"], "total_order": 2, "hotel_value": ["4.6", "4.6"], "hotel_price": ["227", "227"]}, "5673979": {"hotel_name": "\u9752\u5c9b\u7f8e\u5885\u5047\u671f\u9152\u5e9712\u53f7\u6d77\u8fb9\u522b\u5885", "order_time": ["2019-01-23 09:36:41", "2019-01-23 09:20:39"], "total_order": 2, "hotel_value": ["4.9", "4.9"], "hotel_price": ["296", "296"]}, "22764589": {"hotel_name": "\u9752\u5c9b\u6e29\u5c0f\u59d0\u516c\u5bd3", "order_time": ["2019-01-23 09:20:40"], "total_order": 1, "hotel_value": ["5.0"], "hotel_price": ["104"]}, "2045228": {"hotel_name": "\u5e73\u5ea6\u8d5b\u5bb6\u5ba2\u623f", "order_time": ["2019-01-23 09:21:01"], "total_order": 1, "hotel_value": ["4.2"], "hotel_price": ["88"]}, "1605351": {"hotel_name": "\u9752\u5c9b\u6d77\u5929\u7fd4\u5927\u9152\u5e97", "order_time": ["2019-01-23 09:22:43"], "total_order": 1, "hotel_value": ["4.0"], "hotel_price": ["133"]}, "428026": {"hotel_name": "\u6c49\u5ead\u9152\u5e97(\u9752\u5c9b\u6d41\u4ead\u673a\u573a\u6b63\u9633\u8def\u5e97)", "order_time": ["2019-01-23 09:22:43"], "total_order": 1, "hotel_value": ["4.5"], "hotel_price": ["142"]}, "994246": {"hotel_name": "\u5982\u5bb6\u5feb\u6377\u9152\u5e97(\u5373\u58a8\u84dd\u9ccc\u8def\u5b9d\u9f99\u5e7f\u573a\u5e97)", "order_time": ["2019-01-23 09:22:43"], "total_order": 1, "hotel_value": ["4.5"], "hotel_price": ["102"]}, "28761837": {"hotel_name": "\u9752\u5c9b\u9c81\u8bfaR\u9152\u5e97", "order_time": ["2019-01-23 09:22:44"], "total_order": 1, "hotel_value": [0], "hotel_price": ["345"]}, "2970475": {"hotel_name": "\u5c1a\u5ba2\u4f18\u7cbe\u9009\u9152\u5e97(\u9752\u5c9b\u5c71\u4e1c\u79d1\u6280\u5927\u5b66\u5e97)", "order_time": ["2019-01-23 09:22:44"], "total_order": 1, "hotel_value": ["4.5"], "hotel_price": ["98"]}, "1390142": {"hotel_name": "\u90fd\u5e02118(\u9752\u5c9b\u91d1\u6c99\u6ee9\u5e97)", "order_time": ["2019-01-23 09:22:44"], "total_order": 1, "hotel_value": ["4.5"], "hotel_price": ["79"]}, "437482": {"hotel_name": "\u9752\u5c9b\u534e\u5ba2\u5ea6\u5047\u9152\u5e97", "order_time": ["2019-01-23 09:22:45"], "total_order": 1, "hotel_value": ["4.6"], "hotel_price": ["149"]}, "24762024": {"hotel_name": "\u5e73\u5ea6\u82b1\u79be\u7f8e\u57ce\u9645\u9152\u5e97", "order_time": ["2019-01-23 09:23:01"], "total_order": 1, "hotel_value": ["4.8"], "hotel_price": ["111"]}, "1730359": {"hotel_name": "\u9752\u5c9b\u5609\u79be\u6cfd\u6da6\u9152\u5e97", "order_time": ["2019-01-23 09:24:43"], "total_order": 1, "hotel_value": ["4.0"], "hotel_price": ["160"]}, "17097238": {"hotel_name": "\u9752\u5c9b\u798f\u745e\u767b\u9152\u5e97", "order_time": ["2019-01-23 09:24:45"], "total_order": 1, "hotel_value": ["4.5"], "hotel_price": ["84"]}, "5247964": {"hotel_name": "\u5c1a\u5ba2\u4f18\u5feb\u6377\u9152\u5e97(\u9752\u5c9b\u5f00\u53d1\u533a\u5bb6\u4f73\u6e90\u5e97)", "order_time": ["2019-01-23 09:24:45"], "total_order": 1, "hotel_value": ["3.9"], "hotel_price": ["59"]}, "1483944": {"hotel_name": "\u9752\u5c9b\u878d\u6d77\u4e16\u56ed\u9152\u5e97", "order_time": ["2019-01-23 09:24:46"], "total_order": 1, "hotel_value": ["4.7"], "hotel_price": ["317"]}, "2222735": {"hotel_name": "\u9526\u6c5f\u4e4b\u661f(\u9752\u5c9b\u6d41\u4ead\u56fd\u9645\u673a\u573a\u6b63\u9633\u4e2d\u8def\u5e97)", "order_time": ["2019-01-23 09:24:46"], "total_order": 1, "hotel_value": ["4.5"], "hotel_price": ["129"]}, "1315838": {"hotel_name": "\u6854\u5b50\u9152\u5e97\u00b7\u7cbe\u9009(\u9752\u5c9b\u57ce\u9633\u5e97)", "order_time": ["2019-01-23 09:24:47"], "total_order": 1, "hotel_value": ["4.8"], "hotel_price": ["315"]}, "5152698": {"hotel_name": "\u6854\u5b50\u9152\u5e97\u00b7\u7cbe\u9009(\u9752\u5c9b\u6d77\u5c14\u8def\u5e97)", "order_time": ["2019-01-23 09:24:47"], "total_order": 1, "hotel_value": ["4.9"], "hotel_price": ["306"]}, "5033186": {"hotel_name": "\u7ef4\u4e5f\u7eb3\u667a\u597d\u9152\u5e97(\u9752\u5c9b\u5373\u58a8\u5e97)(\u539f\u65fa\u534e\u5927\u9152\u5e97)", "order_time": ["2019-01-23 09:26:41"], "total_order": 1, "hotel_value": ["4.5"], "hotel_price": ["172"]}, "5463838": {"hotel_name": "\u9752\u5c9b\u7761\u673a\u573a\u9152\u5e97", "order_time": ["2019-01-23 09:26:41"], "total_order": 1, "hotel_value": ["4.3"], "hotel_price": ["143"]}, "5689807": {"hotel_name": "\u6c40\u6f9c\u9152\u5e97\u516c\u5bd3(\u9752\u5c9b\u4e94\u56db\u5e7f\u573a\u4e2d\u94c1\u4e2d\u5fc3\u5e97)", "order_time": ["2019-01-23 09:26:42"], "total_order": 1, "hotel_value": ["4.8"], "hotel_price": ["223"]}, "6067521": {"hotel_name": "Q\u52a0\u00b7\u5fae\u5bb6\u9152\u5e97\u516c\u5bd3(\u9752\u5c9b\u4e94\u56db\u5e7f\u573a\u5e97)", "order_time": ["2019-01-23 09:26:42"], "total_order": 1, "hotel_value": ["4.8"], "hotel_price": ["204"]}, "428027": {"hotel_name": "\u5982\u5bb6\u7cbe\u9009\u9152\u5e97(\u9752\u5c9b\u94f6\u5ddd\u897f\u8def\u8f6f\u4ef6\u56ed\u5e97)", "order_time": ["2019-01-23 09:26:42"], "total_order": 1, "hotel_value": ["4.7"], "hotel_price": ["217"]}, "994151": {"hotel_name": "\u5982\u5bb6\u5feb\u6377\u9152\u5e97(\u9752\u5c9b\u674e\u6751\u5730\u94c1\u7ad9\u4eac\u53e3\u8def\u5e97)", "order_time": ["2019-01-23 09:26:43", "2019-01-23 09:30:42"], "total_order": 2, "hotel_value": ["4.5", "4.5"], "hotel_price": ["109", "109"]}, "1775197": {"hotel_name": "\u9526\u6c5f\u4e4b\u661f\u54c1\u5c1a(\u9752\u5c9b\u6cb3\u5357\u8def\u706b\u8f66\u7ad9\u5e97)4S\u5347\u7ea7\u5e97", "order_time": ["2019-01-23 09:26:44"], "total_order": 1, "hotel_value": ["4.5"], "hotel_price": ["139"]}, "1645358": {"hotel_name": "\u81ea\u7531\u884c\u9752\u5e74\u65c5\u793e(\u9752\u5c9b\u6808\u6865\u706b\u8f66\u7ad9\u5e97)", "order_time": ["2019-01-23 09:26:44"], "total_order": 1, "hotel_value": ["4.6"], "hotel_price": ["15"]}, "1281802": {"hotel_name": "\u6d77\u6c38\u5fb7\u5feb\u6377\u9152\u5e97(\u9752\u5c9b\u706b\u8f66\u5317\u7ad9\u5e97)", "order_time": ["2019-01-23 09:26:44"], "total_order": 1, "hotel_value": ["3.8"], "hotel_price": ["79"]}, "994088": {"hotel_name": "\u5982\u5bb6\u5feb\u6377\u9152\u5e97(\u9752\u5c9b\u9ec4\u5c9b\u80f6\u5357\u4eba\u6c11\u8def\u65b0\u6c7d\u8f66\u7ad9\u5e97)", "order_time": ["2019-01-23 09:26:46"], "total_order": 1, "hotel_value": ["4.4"], "hotel_price": ["90"]}, "1911247": {"hotel_name": "\u5982\u5bb6\u5feb\u6377\u9152\u5e97(\u9752\u5c9b\u4e94\u56db\u5e7f\u573a\u5965\u5e06\u4e2d\u5fc3\u5e97)(\u539f\u5965\u5e06\u4e2d\u5fc3\u6d77\u4fe1\u5e7f\u573a\u5e97)", "order_time": ["2019-01-23 09:26:49"], "total_order": 1, "hotel_value": ["4.3"], "hotel_price": ["99"]}, "840717": {"hotel_name": "\u9752\u5c9b\u674e\u6ca7\u7eff\u57ce\u559c\u6765\u767b\u9152\u5e97", "order_time": ["2019-01-23 09:28:40"], "total_order": 1, "hotel_value": ["4.7"], "hotel_price": ["581"]}, "1290135": {"hotel_name": "\u5586\u60a6\u7cbe\u54c1\u8fde\u9501\u9152\u5e97(\u9752\u5c9b\u674e\u6751\u6b65\u884c\u8857\u541b\u5cf0\u8def\u5730\u94c1\u7ad9\u5e97)", "order_time": ["2019-01-23 09:28:41"], "total_order": 1, "hotel_value": ["4.2"], "hotel_price": ["81"]}, "1483797": {"hotel_name": "\u9752\u5c9b\u5927\u62c7\u6307\u5e7f\u573a\u00b7\u6d77\u4e4b\u6770\u5047\u65e5\u9152\u5e97", "order_time": ["2019-01-23 09:28:41"], "total_order": 1, "hotel_value": ["4.5"], "hotel_price": ["80"]}, "939307": {"hotel_name": "\u6c49\u5ead\u9152\u5e97(\u9752\u5c9b\u4e94\u56db\u5e7f\u573a\u5e97)", "order_time": ["2019-01-23 09:28:41"], "total_order": 1, "hotel_value": ["4.5"], "hotel_price": ["171"]}, "6639554": {"hotel_name": "\u9752\u5c9b\u4e50\u5bb6\u8f69\u4e50\u5de2\u6c11\u5bbf(\u9752\u5c9b\u706b\u8f66\u5317\u7ad9\u5e97)", "order_time": ["2019-01-23 09:28:42"], "total_order": 1, "hotel_value": ["4.6"], "hotel_price": ["124"]}, "669110": {"hotel_name": "\u9752\u5c9b\u5e7f\u4e1a\u9526\u6c5f\u5927\u9152\u5e97", "order_time": ["2019-01-23 09:28:42"], "total_order": 1, "hotel_value": ["4.6"], "hotel_price": ["384"]}, "607180": {"hotel_name": "\u5168\u5b63\u9152\u5e97(\u9752\u5c9b\u9999\u6e2f\u4e2d\u8def\u5e97)", "order_time": ["2019-01-23 09:38:46", "2019-01-23 09:28:42"], "total_order": 2, "hotel_value": ["4.6", "4.6"], "hotel_price": ["265", "265"]}, "21356980": {"hotel_name": "\u5c0f\u91d1\u9ca4\u6d77\u666f\u516c\u5bd3(\u9752\u5c9b\u5564\u9152\u57ce\u4f1a\u5c55\u4e2d\u5fc3\u5e97)", "order_time": ["2019-01-23 09:28:42"], "total_order": 1, "hotel_value": ["4.9"], "hotel_price": ["218"]}, "23931826": {"hotel_name": "\u5982\u5bb6\u777f\u67cf\u00b7\u4e91\u9152\u5e97(\u80f6\u5357\u73e0\u5c71\u8def\u9752\u5c9b\u897f\u9ad8\u94c1\u7ad9\u5e97)", "order_time": ["2019-01-23 09:28:44"], "total_order": 1, "hotel_value": [0], "hotel_price": ["99"]}, "1165332": {"hotel_name": "\u96c5\u60a6\u7cbe\u81f4\u9152\u5e97(\u9752\u5c9b\u53f0\u4e1c\u5564\u9152\u8857\u5e97)", "order_time": ["2019-01-23 09:30:40"], "total_order": 1, "hotel_value": ["4.3"], "hotel_price": ["83"]}, "6455526": {"hotel_name": "\u9752\u5c9b\u67d2\u79a7\u6d77\u666f\u5ea6\u5047\u516c\u5bd3", "order_time": ["2019-01-23 09:30:43"], "total_order": 1, "hotel_value": ["4.8"], "hotel_price": ["67"]}, "659645": {"hotel_name": "\u9752\u5c9b\u5373\u58a8\u534e\u73ba\u5927\u9152\u5e97", "order_time": ["2019-01-23 09:32:41"], "total_order": 1, "hotel_value": ["4.7"], "hotel_price": ["479"]}, "4539535": {"hotel_name": "\u4e16\u7eaa\u53cc\u5e06\u6d77\u666f\u5ea6\u5047\u9152\u5e97(\u9752\u5c9b\u80f6\u5357\u90a3\u9c81\u6e7e\u5e97)", "order_time": ["2019-01-23 09:32:42"], "total_order": 1, "hotel_value": ["4.8"], "hotel_price": ["85"]}, "470369": {"hotel_name": "\u9752\u5c9b\u96cd\u534e\u5ead\u9152\u5e97", "order_time": ["2019-01-23 09:34:40"], "total_order": 1, "hotel_value": ["4.3"], "hotel_price": ["213"]}, "1360631": {"hotel_name": "\u5c1a\u5ba2\u4f18\u5feb\u6377\u9152\u5e97(\u9752\u5c9b\u5965\u5e06\u4e2d\u5fc3\u5e97)", "order_time": ["2019-01-23 09:34:40"], "total_order": 1, "hotel_value": ["4.0"], "hotel_price": ["85"]}, "427999": {"hotel_name": "\u5982\u5bb6\u7cbe\u9009\u9152\u5e97(\u9752\u5c9b\u516b\u5927\u5173\u592a\u5e73\u89d2\u516c\u56ed\u5730\u94c1\u7ad9\u5e97)", "order_time": ["2019-01-23 09:38:41", "2019-01-23 09:34:41"], "total_order": 2, "hotel_value": ["4.7", "4.7"], "hotel_price": ["179", "179"]}, "25650838": {"hotel_name": "\u9752\u5c9b\u4f73\u60a6\u6da6\u6770\u5546\u52a1\u5bbe\u9986", "order_time": ["2019-01-23 09:34:53"], "total_order": 1, "hotel_value": [0], "hotel_price": ["106"]}, "10212249": {"hotel_name": "\u4e50\u5bb6\u8f69\u7cbe\u54c1\u670d\u52a1\u516c\u5bd3(\u9752\u5c9b\u9ad8\u65b0\u533a\u521b\u4e1a\u5927\u53a6\u65b9\u7279\u5e97)", "order_time": ["2019-01-23 09:36:40"], "total_order": 1, "hotel_value": ["4.6"], "hotel_price": ["134"]}, "1541913": {"hotel_name": "\u9752\u5c9b\u6c11\u822a\u673a\u573a\u5bbe\u9986", "order_time": ["2019-01-23 09:36:40", "2019-01-23 09:52:46"], "total_order": 2, "hotel_value": ["4.5", "4.5"], "hotel_price": ["293", "293"]}, "772231": {"hotel_name": "\u9752\u5c9b\u4e2d\u9526\u5047\u65e5\u9152\u5e97", "order_time": ["2019-01-23 09:36:41"], "total_order": 1, "hotel_value": ["4.2"], "hotel_price": ["84"]}, "531745": {"hotel_name": "\u6df1\u84dd\u590d\u5f0f\u516c\u5bd3(\u9752\u5c9b\u4f1a\u5c55\u4e2d\u5fc3\u6d77\u6c34\u6d74\u573a\u56fd\u4fe1)", "order_time": ["2019-01-23 09:36:41"], "total_order": 1, "hotel_value": ["4.6"], "hotel_price": ["138"]}, "2045313": {"hotel_name": "\u5c1a\u5ba2\u4f18\u5feb\u6377\u9152\u5e97(\u5e73\u5ea6\u4eba\u6c11\u8def\u5e97)", "order_time": ["2019-01-23 09:37:00"], "total_order": 1, "hotel_value": ["4.3"], "hotel_price": ["111"]}, "486063": {"hotel_name": "\u9752\u5c9b\u56fd\u4fe1\u6d77\u5929\u4f53\u80b2\u4e2d\u5fc3\u9152\u5e97", "order_time": ["2019-01-23 09:38:41"], "total_order": 1, "hotel_value": ["4.5"], "hotel_price": ["190"]}, "19828310": {"hotel_name": "\u62dc\u767b\u516c\u5bd3\u00b7\u9752\u5c9b\u57ce\u9633\u6b63\u9633\u8def\u5e97", "order_time": ["2019-01-23 09:38:41"], "total_order": 1, "hotel_value": ["4.7"], "hotel_price": ["101"]}, "1778602": {"hotel_name": "\u521b\u610f\u65f6\u5c1a\u8fde\u9501\u9152\u5e97(\u9752\u5c9b\u4e07\u4f73\u5e7f\u573a\u5e97)", "order_time": ["2019-01-23 09:38:41"], "total_order": 1, "hotel_value": ["4.5"], "hotel_price": ["71"]}, "2139868": {"hotel_name": "7\u5929\u8fde\u9501\u9152\u5e97(\u9752\u5c9b\u5c71\u4e1c\u8def\u4e2d\u592e\u5546\u52a1\u533a\u5e97)", "order_time": ["2019-01-23 09:38:42"], "total_order": 1, "hotel_value": ["3.9"], "hotel_price": ["70"]}, "4649627": {"hotel_name": "\u7f8e\u4f73\u8054\u76df\u6d77\u666f\u5ea6\u5047\u516c\u5bd3(\u9752\u5c9b\u4e1c\u65b9\u5f71\u90fd\u4e07\u8fbe\u516c\u9986\u5e97)", "order_time": ["2019-01-23 09:38:43"], "total_order": 1, "hotel_value": ["4.5"], "hotel_price": ["83"]}, "5272327": {"hotel_name": "\u9752\u5c9b\u5c71\u6d77\u4eba\u5bb6\u89c2\u6d77\u5c71\u5e84", "order_time": ["2019-01-23 09:38:45"], "total_order": 1, "hotel_value": ["4.5"], "hotel_price": ["95"]}, "18515525": {"hotel_name": "\u534a\u5c9b\u56fd\u9645\u9152\u5e97(\u9752\u5c9b\u674e\u6751\u5730\u94c1\u7ad9\u5e97)", "order_time": ["2019-01-23 09:38:46"], "total_order": 1, "hotel_value": ["4.5"], "hotel_price": ["184"]}, "454906": {"hotel_name": "\u9752\u5c9b\u7d22\u83f2\u4e9a\u56fd\u9645\u5927\u9152\u5e97", "order_time": ["2019-01-23 09:38:46", "2019-01-23 09:46:43"], "total_order": 2, "hotel_value": ["4.6", "4.6"], "hotel_price": ["261", "261"]}, "2245193": {"hotel_name": "\u9752\u5c9b\u65ed\u660a\u5fb7\u5546\u52a1\u5bbe\u9986", "order_time": ["2019-01-23 09:38:47"], "total_order": 1, "hotel_value": ["4.7"], "hotel_price": ["67"]}, "4739036": {"hotel_name": "\u83b1\u897f\u5e02\u6797\u6210\u5546\u52a1\u5bbe\u9986", "order_time": ["2019-01-23 09:38:55"], "total_order": 1, "hotel_value": ["4.8"], "hotel_price": ["40"]}, "8924494": {"hotel_name": "\u6c83\u5fb7\u9152\u5e97\u516c\u5bd3(\u9752\u5c9b\u56fd\u4fe1\u4f1a\u5c55\u4e2d\u5fc3\u5e97)", "order_time": ["2019-01-23 09:40:41"], "total_order": 1, "hotel_value": ["4.7"], "hotel_price": ["211"]}, "2313451": {"hotel_name": "\u6c49\u5ead\u9152\u5e97(\u9752\u5c9b\u4e07\u8c61\u57ce\u5e97)", "order_time": ["2019-01-23 09:40:42"], "total_order": 1, "hotel_value": ["4.5"], "hotel_price": ["151"]}, "791367": {"hotel_name": "\u9752\u5c9b\u8bc1\u5927\u559c\u739b\u62c9\u96c5\u9152\u5e97", "order_time": ["2019-01-23 09:40:42"], "total_order": 1, "hotel_value": ["4.6"], "hotel_price": ["546"]}, "2305726": {"hotel_name": "\u9752\u5c9b\u6021\u53cb\u5927\u9152\u5e97", "order_time": ["2019-01-23 09:40:43"], "total_order": 1, "hotel_value": ["4.2"], "hotel_price": ["149"]}, "28528994": {"hotel_name": "\u9752\u5c9b\u6591\u9a6c\u7cbe\u4eab\u9152\u5e97", "order_time": ["2019-01-23 09:40:44"], "total_order": 1, "hotel_value": ["4.9"], "hotel_price": ["125"]}, "428592": {"hotel_name": "\u9752\u5c9b\u9c81\u5546\u51ef\u60a6\u9152\u5e97", "order_time": ["2019-01-23 09:42:42"], "total_order": 1, "hotel_value": ["4.6"], "hotel_price": ["748"]}, "532185": {"hotel_name": "\u9752\u5c9b\u6d77\u60c5\u5927\u9152\u5e97", "order_time": ["2019-01-23 09:44:42"], "total_order": 1, "hotel_value": ["4.6"], "hotel_price": ["399"]}, "5399494": {"hotel_name": "\u5c1a\u5ba2\u4f18\u5feb\u6377\u9152\u5e97(\u9752\u5c9b\u6d77\u5e95\u96a7\u9053\u67a2\u7ebd\u7ad9\u5e97)", "order_time": ["2019-01-23 09:44:42"], "total_order": 1, "hotel_value": ["3.7"], "hotel_price": ["94"]}, "9151696": {"hotel_name": "\u4e50\u5bb6\u8f69\u4e34\u6d77\u5ea6\u5047\u516c\u5bd3(\u9752\u5c9b\u91d1\u6c99\u6ee9\u5929\u9e93\u6e56\u5e97)", "order_time": ["2019-01-23 09:44:42"], "total_order": 1, "hotel_value": ["4.7"], "hotel_price": ["134"]}, "5982552": {"hotel_name": "\u9752\u5c9b\u83f2\u683c\u516c\u5bd3\u9152\u5e97", "order_time": ["2019-01-23 09:44:42"], "total_order": 1, "hotel_value": ["4.6"], "hotel_price": ["115"]}, "6520218": {"hotel_name": "\u9752\u5c9b\u4e3d\u90fd\u9152\u5e97\u670d\u52a1\u516c\u5bd3", "order_time": ["2019-01-23 09:44:42"], "total_order": 1, "hotel_value": ["4.8"], "hotel_price": ["146"]}, "1602226": {"hotel_name": "\u9752\u5c9b\u6d77\u4e4b\u6da6\u89c2\u6d77\u516c\u5bd3\uff08\u539f\u9752\u5c9b\u5e02\u5357\u5982\u610f\u6d77\u666f\u516c\u5bd3\uff09", "order_time": ["2019-01-23 09:44:42"], "total_order": 1, "hotel_value": ["4.6"], "hotel_price": ["63"]}, "21035843": {"hotel_name": "\u9752\u5c9b\u4e00\u6f9c\u672a\u592e\u5047\u65e5\u9152\u5e97\u5f0f\u516c\u5bd3", "order_time": ["2019-01-23 09:44:42"], "total_order": 1, "hotel_value": ["4.9"], "hotel_price": ["325"]}, "11649805": {"hotel_name": "\u5b9c\u5bb699\u4e3b\u9898\u9152\u5e97(\u9752\u5c9b\u57ce\u9633\u5bb6\u4f73\u6e90\u5e97)", "order_time": ["2019-01-23 09:44:42"], "total_order": 1, "hotel_value": ["4.2"], "hotel_price": ["155"]}, "8545591": {"hotel_name": "\u9752\u5c9b\u53ef\u4e34\u5b81\u8fde\u9501\u9152\u5e97\u5f00\u53d1\u533a\u4fdd\u7a0e\u533a\u897f\u95e8\u5e97", "order_time": ["2019-01-23 09:44:42"], "total_order": 1, "hotel_value": ["4.1"], "hotel_price": ["89"]}, "11403746": {"hotel_name": "\u5c1a\u5ba2\u4f18\u8fde\u9501\u9152\u5e97(\u519b\u6c11\u878d\u5408\u533a\u5e97)", "order_time": ["2019-01-23 09:44:42"], "total_order": 1, "hotel_value": ["4.6"], "hotel_price": ["112"]}, "1224029": {"hotel_name": "\u9752\u5c9b\u5927\u6eaa\u5730\u7cbe\u54c1\u9152\u5e97", "order_time": ["2019-01-23 09:44:42"], "total_order": 1, "hotel_value": ["4.5"], "hotel_price": ["53"]}, "5895533": {"hotel_name": "\u5373\u58a8\u7231\u5ba2100\u8fde\u9501\u5bbe\u9986\u670d\u88c5\u57ce\u5e97", "order_time": ["2019-01-23 09:44:42"], "total_order": 1, "hotel_value": ["4.5"], "hotel_price": ["93"]}, "5994225": {"hotel_name": "7\u5929\u8fde\u9501\u9152\u5e97(\u9752\u5c9b\u6808\u6865\u4e2d\u5c71\u8def\u5e97)(\u539f\u6cf0\u9526\u5546\u52a1\u9152\u5e97)", "order_time": ["2019-01-23 09:44:42"], "total_order": 1, "hotel_value": ["4.3"], "hotel_price": ["89"]}, "8513921": {"hotel_name": "\u9752\u5c9b\u84dd\u6cca\u6e7e\u6d77\u666f\u5ea6\u5047\u516c\u5bd3(\u4e07\u8fbe\u4e1c\u65b9\u5f71\u90fd\u5e97)", "order_time": ["2019-01-23 09:44:42"], "total_order": 1, "hotel_value": ["4.0"], "hotel_price": ["77"]}, "11375234": {"hotel_name": "\u6d77\u6f9c\u516c\u5bd3(\u9752\u5c9b\u91cd\u5e86\u5357\u8def\u5e97)", "order_time": ["2019-01-23 09:44:42"], "total_order": 1, "hotel_value": ["4.7"], "hotel_price": ["119"]}, "1229178": {"hotel_name": "\u9752\u5c9b\u862d\u5ef7\u7cbe\u54c1\u9152\u5e97", "order_time": ["2019-01-23 09:44:44"], "total_order": 1, "hotel_value": ["4.4"], "hotel_price": ["84"]}, "785238": {"hotel_name": "\u9752\u5c9b\u793c\u9047\u7cbe\u9009\u8fde\u9501\u9152\u5e97(\u539f\u6e2f\u6e7e\u5370\u8c61\u8fde\u9501\u9152\u5e97)", "order_time": ["2019-01-23 09:44:44"], "total_order": 1, "hotel_value": [0], "hotel_price": ["94"]}, "450923": {"hotel_name": "\u9752\u5c9b\u4e16\u7eaa\u6d77\u4e30\u5927\u9152\u5e97", "order_time": ["2019-01-23 09:46:43"], "total_order": 1, "hotel_value": ["4.7"], "hotel_price": ["288"]}, "8681476": {"hotel_name": "\u9752\u5c9b\u8046\u6d77\u94c2\u6708\u6d77\u666f\u5ea6\u5047\u516c\u5bd3", "order_time": ["2019-01-23 09:46:43"], "total_order": 1, "hotel_value": ["4.7"], "hotel_price": ["74"]}, "2318320": {"hotel_name": "\u5b63\u5bb6\u9152\u5e97\u5f0f\u516c\u5bd3(\u9752\u5c9b\u56fd\u4fe1\u7d2b\u4e91\u53f0\u5e97)", "order_time": ["2019-01-23 09:46:43"], "total_order": 1, "hotel_value": ["4.2"], "hotel_price": ["93"]}, "425590": {"hotel_name": "\u9752\u5c9b\u946b\u6c5f\u6e29\u5fb7\u59c6\u9152\u5e97", "order_time": ["2019-01-23 09:46:43"], "total_order": 1, "hotel_value": ["4.8"], "hotel_price": ["550"]}, "393099": {"hotel_name": "\u9752\u5c9b\u5bcc\u529b\u827e\u7f8e\u9152\u5e97", "order_time": ["2019-01-23 09:46:43"], "total_order": 1, "hotel_value": ["4.6"], "hotel_price": ["618"]}, "484453": {"hotel_name": "\u9752\u5c9b\u897f\u6d77\u5cb8\u9686\u548c\u798f\u670b\u559c\u6765\u767b\u9152\u5e97(\u539f\u9ec4\u5c9b\u798f\u670b\u559c\u6765\u767b\u9152\u5e97)", "order_time": ["2019-01-23 09:46:43"], "total_order": 1, "hotel_value": ["4.6"], "hotel_price": ["408"]}, "8182955": {"hotel_name": "\u6cca\u4e91\u5c1a\u9009\u5ead\u9662\u9152\u5e97(\u9752\u5c9b\u897f\u6d77\u5cb8\u4e1c\u65b9\u5f71\u90fd\u4e07\u8fbe\u8302\u5e97)", "order_time": ["2019-01-23 09:46:43"], "total_order": 1, "hotel_value": ["4.9"], "hotel_price": ["258"]}, "1379314": {"hotel_name": "\u90fd\u5e02118\u8fde\u9501\u9152\u5e97(\u9752\u5c9b\u6d41\u4ead\u5e97)", "order_time": ["2019-01-23 09:46:43"], "total_order": 1, "hotel_value": ["4.2"], "hotel_price": ["104"]}, "9133707": {"hotel_name": "\u683c\u5170\u9152\u5e97\u516c\u5bd3(\u9752\u5c9b\u5965\u5e06\u4e2d\u5fc3\u4e3d\u6676\u5fa1\u7b51\u5e97)(\u539f\u9999\u6e2f\u4e2d\u8def\u5e97)", "order_time": ["2019-01-23 09:46:43"], "total_order": 1, "hotel_value": ["4.4"], "hotel_price": ["123"]}, "397581": {"hotel_name": "\u9526\u6c5f\u90fd\u57ce\u9152\u5e97(\u9752\u5c9b\u5927\u5b66\u5e97)", "order_time": ["2019-01-23 09:46:43"], "total_order": 1, "hotel_value": ["4.5"], "hotel_price": ["181"]}, "994155": {"hotel_name": "\u5982\u5bb6\u5feb\u6377\u9152\u5e97(\u9752\u5c9b\u91cd\u5e86\u5357\u8def\u4e07\u79d1\u57ce\u5e97)", "order_time": ["2019-01-23 09:46:43"], "total_order": 1, "hotel_value": ["4.6"], "hotel_price": ["119"]}, "6000795": {"hotel_name": "\u6b27\u98de\u8fde\u9501\u9152\u5e97(\u9752\u5c9b\u674e\u6751\u6b65\u884c\u8857\u5965\u514b\u65af\u5e7f\u573a\u5e97)", "order_time": ["2019-01-23 09:46:44"], "total_order": 1, "hotel_value": ["4.2"], "hotel_price": ["71"]}, "4068819": {"hotel_name": "\u90fd\u5e02118(\u9752\u5c9b\u4f1a\u5c55\u4e2d\u5fc3\u6d77\u5c14\u8def\u5e97)(\u539f\u5d02\u5c71\u9ad8\u79d1\u56ed\u5e97)", "order_time": ["2019-01-23 09:46:44"], "total_order": 1, "hotel_value": ["4.2"], "hotel_price": ["71"]}, "17533491": {"hotel_name": "\u9752\u5c9b\u4e00\u5bd3\u503e\u5fc3\u56fd\u9645\u5ea6\u5047\u516c\u5bd3\u9152\u5e97", "order_time": ["2019-01-23 09:46:45"], "total_order": 1, "hotel_value": ["4.7"], "hotel_price": ["159"]}, "1734724": {"hotel_name": "\u9752\u5c9b\u56fd\u4fe1\u4e1c\u65b9\u4e4b\u661f\u9152\u5e97", "order_time": ["2019-01-23 09:48:39"], "total_order": 1, "hotel_value": ["4.7"], "hotel_price": ["158"]}, "439559": {"hotel_name": "\u6606\u4ed1\u548c\u60a6\u5ea6\u5047\u9152\u5e97(\u9752\u5c9b\u5965\u5e06\u4e2d\u5fc3\u5e97)", "order_time": ["2019-01-23 09:48:40"], "total_order": 1, "hotel_value": ["4.3"], "hotel_price": ["197"]}, "1886434": {"hotel_name": "\u7231\u820d\u7a7a\u95f4\u4e3b\u9898\u6982\u5ff5\u9152\u5e97(\u9752\u5c9b\u5965\u5e06\u4e2d\u5fc3\u738b\u5b50\u98ce\u5c1a\u5e97)", "order_time": ["2019-01-23 09:48:40"], "total_order": 1, "hotel_value": ["4.6"], "hotel_price": ["83"]}, "2509075": {"hotel_name": "\u5c1a\u5ba2\u4f18\u9a8f\u6021\u8fde\u9501\u9152\u5e97(\u9752\u5c9b\u519c\u4e1a\u5927\u5b66\u5e97)", "order_time": ["2019-01-23 09:48:40"], "total_order": 1, "hotel_value": ["3.7"], "hotel_price": ["73"]}, "6717999": {"hotel_name": "\u9752\u5c9b\u5eb7\u946b\u7f8e\u5feb\u6377\u5bbe\u9986", "order_time": ["2019-01-23 09:48:43"], "total_order": 1, "hotel_value": ["3.6"], "hotel_price": ["69"]}, "2262529": {"hotel_name": "\u9752\u5c9b\u5373\u58a8\u5e0c\u5c14\u987f\u9038\u6797\u9152\u5e97", "order_time": ["2019-01-23 09:50:39"], "total_order": 1, "hotel_value": ["4.6"], "hotel_price": ["530"]}, "14536959": {"hotel_name": "\u9752\u5c9b\u76db\u5148\u751f\u9152\u5e97\u5f0f\u516c\u5bd3", "order_time": ["2019-01-23 09:52:43"], "total_order": 1, "hotel_value": ["4.6"], "hotel_price": ["112"]}, "446001": {"hotel_name": "\u5b9d\u60a6\u7ba1\u5bb6\u5f0f\u670d\u52a1\u516c\u5bd3(\u9752\u5c9b\u5564\u9152\u57ce\u4f1a\u5c55\u4e2d\u5fc3\u5e97)", "order_time": ["2019-01-23 09:52:43"], "total_order": 1, "hotel_value": ["4.2"], "hotel_price": ["89"]}, "1981926": {"hotel_name": "\u9752\u5c9b\u946b\u9f99\u5047\u65e5\u5546\u52a1\u9152\u5e97", "order_time": ["2019-01-23 09:52:43"], "total_order": 1, "hotel_value": ["4.7"], "hotel_price": ["114"]}, "18429092": {"hotel_name": "Q\u52a0\u00b7\u767e\u60a6\u5ea6\u5047\u516c\u5bd3(\u9752\u5c9b\u5965\u5e06\u5e97)", "order_time": ["2019-01-23 09:54:41"], "total_order": 1, "hotel_value": ["4.6"], "hotel_price": ["166"]}, "4328415": {"hotel_name": "\u83b1\u897f\u5929\u58e4\u7cbe\u54c1\u9152\u5e97", "order_time": ["2019-01-23 09:54:49"], "total_order": 1, "hotel_value": ["4.4"], "hotel_price": ["124"]}, "5980423": {"hotel_name": "\u89c2\u6d77\u57ce\u6d77\u666f\u516c\u5bd3(\u9752\u5c9b\u706b\u8f66\u7ad9\u6808\u6865\u5e97)", "order_time": ["2019-01-23 09:56:41"], "total_order": 1, "hotel_value": ["4.8"], "hotel_price": ["83"]}, "1562244": {"hotel_name": "\u6d3e\u67cf\u00b7\u4e91\u9152\u5e97(\u9752\u5c9b\u963f\u91cc\u5c71\u8def\u5e97)(\u539f\u90fd\u6e90\u4f73\u60a6\u9152\u5e97)", "order_time": ["2019-01-23 09:56:42"], "total_order": 1, "hotel_value": ["4.7"], "hotel_price": ["118"]}, "1502494": {"hotel_name": "\u5982\u5bb6\u5feb\u6377\u9152\u5e97(\u9752\u5c9b\u706b\u8f66\u7ad9\u6808\u6865\u5e97)", "order_time": ["2019-01-23 09:56:42"], "total_order": 1, "hotel_value": ["4.2"], "hotel_price": ["78"]}, "9736221": {"hotel_name": "\u9752\u5c9b\u5b9c\u5bb6\u5546\u52a1\u9152\u5e97(\u539f\u6b27\u98de\u8fde\u9501\u9152\u5e97)", "order_time": ["2019-01-23 09:56:42"], "total_order": 1, "hotel_value": ["4.6"], "hotel_price": ["73"]}, "19853118": {"hotel_name": "\u51ef\u66fc\u5ea6\u5047\u516c\u5bd3(\u9752\u5c9b\u5ef6\u5409\u8defCBD\u5e97)", "order_time": ["2019-01-23 09:56:42"], "total_order": 1, "hotel_value": ["4.8"], "hotel_price": ["113"]}, "346318": {"hotel_name": "\u9752\u5c9b\u80f6\u5dde\u7eff\u57ce\u559c\u6765\u767b\u9152\u5e97", "order_time": ["2019-01-23 09:56:56"], "total_order": 1, "hotel_value": ["4.6"], "hotel_price": ["458"]}, "5431526": {"hotel_name": "\u9752\u5c9b\u661f\u8c37\u56fd\u9645\u5b66\u672f\u4ea4\u6d41\u4e2d\u5fc3\u5bbe\u9986", "order_time": ["2019-01-23 09:58:42"], "total_order": 1, "hotel_value": ["4.6"], "hotel_price": ["198"]}, "1990583": {"hotel_name": "\u9752\u5c9b\u91d1\u6c99\u6ee91\u5206\u949f\u6d77\u666f\u516c\u5bd3", "order_time": ["2019-01-23 09:58:44"], "total_order": 1, "hotel_value": ["4.9"], "hotel_price": ["95"]}, "14483056": {"hotel_name": "\u9752\u5c9b\u6021\u6f9c\u5c1a\u7f8e\u5ea6\u5047\u516c\u5bd3", "order_time": ["2019-01-23 09:58:44"], "total_order": 1, "hotel_value": [0], "hotel_price": ["76"]}, "27854182": {"hotel_name": "\u9752\u5c9b\u552f\u60a6\u7cbe\u54c1\u516c\u5bd3", "order_time": ["2019-01-23 10:00:40"], "total_order": 1, "hotel_value": ["5.0"], "hotel_price": ["58"]}, "4632410": {"hotel_name": "\u9752\u5c9b\u4e91\u6816\u6d77\u666f\u5ea6\u5047\u516c\u5bd3", "order_time": ["2019-01-23 10:00:40"], "total_order": 1, "hotel_value": ["4.8"], "hotel_price": ["66"]}, "2333647": {"hotel_name": "\u8ffd\u68a6\u5802\u00b7Dream Town\u6d77\u666f\u5ea6\u5047\u522b\u5885(\u9752\u5c9b\u77f3\u8001\u4eba\u6d77\u6c34\u6d74\u573a\u5e97)", "order_time": ["2019-01-23 10:00:41"], "total_order": 1, "hotel_value": ["4.7"], "hotel_price": ["157"]}, "513254": {"hotel_name": "\u9752\u5c9b\u671b\u6d77\u56fd\u9645\u9152\u5e97", "order_time": ["2019-01-23 10:00:41"], "total_order": 1, "hotel_value": ["4.9"], "hotel_price": ["373"]}, "6466869": {"hotel_name": "\u7c73\u9ad8\u65f6\u5c1a\u9152\u5e97(\u9752\u5c9b\u4e94\u56db\u5e7f\u573a\u8fdc\u6d0b\u5e97)", "order_time": ["2019-01-23 10:00:41"], "total_order": 1, "hotel_value": ["4.4"], "hotel_price": ["93"]}, "5380813": {"hotel_name": "\u90fd\u5e02118\uff08\u9752\u5c9b\u6d77\u5c14\u5de5\u4e1a\u56ed\u52b2\u677e\u4e03\u8def\u5e97\uff09", "order_time": ["2019-01-23 10:00:41"], "total_order": 1, "hotel_value": ["4.3"], "hotel_price": ["93"]}, "791967": {"hotel_name": "\u94f6\u5ea7\u4f73\u9a7f\u9152\u5e97(\u9752\u5c9b\u676d\u5dde\u8def\u6c7d\u8f66\u603b\u7ad9\u5e97)", "order_time": ["2019-01-23 10:00:42"], "total_order": 1, "hotel_value": ["4.2"], "hotel_price": ["76"]}}}