{"\u5f00\u59cb\u8bb0\u5f55\u65f6\u95f4": "2019-01-12 05:29:55", "\u7ed3\u675f\u8bb0\u5f55\u65f6\u95f4": "2019-01-12 06:36:21", "\u8ba2\u5355\u603b\u589e\u91cf": 31, "item": {"2147568": {"hotel_name": "\u83b1\u897f\u534e\u73ba\u5927\u9152\u5e97", "order_time": ["2019-01-12 05:36:30"], "total_order": 1, "hotel_value": ["4.7"], "hotel_price": ["449"]}, "995168": {"hotel_name": "\u94f6\u5ea7\u4f73\u9a7f\u9152\u5e97(\u5373\u58a8\u9e64\u5c71\u8def\u4f73\u4e50\u5bb6\u4e8c\u5e97)", "order_time": ["2019-01-12 05:39:30"], "total_order": 1, "hotel_value": ["4.4"], "hotel_price": ["81"]}, "443360": {"hotel_name": "\u5e73\u5ea6\u90fd\u5e02\u661f\u8054\u5927\u9152\u5e97", "order_time": ["2019-01-12 05:42:40"], "total_order": 1, "hotel_value": ["4.5"], "hotel_price": ["122"]}, "6525125": {"hotel_name": "Q\u52a0\u00b7\u60a6\u6f9c\u9152\u5e97\u516c\u5bd3(\u9752\u5c9b\u4e94\u56db\u5e7f\u573a\u4e07\u8c61\u57ce\u5e97)", "order_time": ["2019-01-12 05:46:26"], "total_order": 1, "hotel_value": ["4.7"], "hotel_price": ["236"]}, "1483933": {"hotel_name": "\u9752\u5c9b\u534e\u97e9\u5927\u9152\u5e97", "order_time": ["2019-01-12 05:54:32"], "total_order": 1, "hotel_value": ["4.0"], "hotel_price": ["242"]}, "1549218": {"hotel_name": "\u9752\u5c9b\u946b\u9f99\u5047\u65e5\u516c\u5bd3\u9152\u5e97(\u9752\u804c/\u6ee8\u6d77\u5b66\u9662\u5e97)", "order_time": ["2019-01-12 06:00:05"], "total_order": 1, "hotel_value": ["4.7"], "hotel_price": ["156"]}, "535990": {"hotel_name": "\u9752\u5c9b\u8fdc\u6d0b\u5927\u9152\u5e97", "order_time": ["2019-01-12 06:02:12"], "total_order": 1, "hotel_value": ["4.6"], "hotel_price": ["332"]}, "21826038": {"hotel_name": "\u9752\u5c9b\u6c49\u5353\u9152\u5e97", "order_time": ["2019-01-12 06:02:14"], "total_order": 1, "hotel_value": ["4.7"], "hotel_price": ["553"]}, "794951": {"hotel_name": "\u9752\u5c9b\u673a\u573a\u53cb\u4fe1\u822a\u7a7a\u516c\u5bd3", "order_time": ["2019-01-12 06:02:20"], "total_order": 1, "hotel_value": ["4.0"], "hotel_price": ["114"]}, "449574": {"hotel_name": "\u9752\u5c9b\u996d\u5e97", "order_time": ["2019-01-12 06:04:32"], "total_order": 1, "hotel_value": ["4.2"], "hotel_price": ["201"]}, "1717642": {"hotel_name": "\u9752\u5c9b\u6d77\u7fd4\u5546\u52a1\u9152\u5e97", "order_time": ["2019-01-12 06:04:38"], "total_order": 1, "hotel_value": ["4.2"], "hotel_price": ["76"]}, "5930359": {"hotel_name": "\u9752\u5c9b\u91d1\u77f3\u56fd\u9645\u5927\u9152\u5e97", "order_time": ["2019-01-12 06:06:38"], "total_order": 1, "hotel_value": ["4.8"], "hotel_price": ["388"]}, "21807735": {"hotel_name": "\u5f71\u5de2\u7535\u5f71\u9152\u5e97(\u9752\u5c9b\u56db\u680b\u4e5d\u4e8c\u96f6\u5e97)", "order_time": ["2019-01-12 06:12:38"], "total_order": 1, "hotel_value": ["4.8"], "hotel_price": ["194"]}, "2349816": {"hotel_name": "\u9752\u5c9b\u798f\u81f4\u5546\u52a1\u4e3b\u9898\u7cbe\u54c1\u9152\u5e97", "order_time": ["2019-01-12 06:12:41"], "total_order": 1, "hotel_value": ["4.5"], "hotel_price": ["89"]}, "427849": {"hotel_name": "\u83ab\u6cf0168(\u9752\u5c9b\u5c71\u4e1c\u8def\u4e2d\u592e\u5546\u52a1\u533a\u5e97)", "order_time": ["2019-01-12 06:14:55"], "total_order": 1, "hotel_value": ["4.3"], "hotel_price": ["127"]}, "21124467": {"hotel_name": "\u9752\u5c9b\u65af\u7ef4\u767b\u7cbe\u54c1\u516c\u5bd3(\u4f1a\u5c55\u4e2d\u5fc3\u77f3\u8001\u4eba\u6d77\u6c34\u6d74\u573a)", "order_time": ["2019-01-12 06:25:56", "2019-01-12 06:16:22"], "total_order": 2, "hotel_value": ["4.9", "4.9"], "hotel_price": ["350", "350"]}, "438731": {"hotel_name": "\u4e2d\u822a\u7fd4\u901a\u6e38\u8247\u4f1a\u9152\u5e97(\u9752\u5c9b\u5965\u5e06\u4e2d\u5fc3\u4e94\u56db\u5e7f\u573a\u5e97)", "order_time": ["2019-01-12 06:16:22"], "total_order": 1, "hotel_value": ["4.8"], "hotel_price": ["998"]}, "5264336": {"hotel_name": "\u9e92\u97f5\u516c\u5bd3(\u9752\u5c9b\u4e07\u8c61\u57ce\u4e94\u56db\u5e7f\u573a\u5965\u5e06\u4e2d\u5fc3\u5e97)", "order_time": ["2019-01-12 06:16:22"], "total_order": 1, "hotel_value": ["4.8"], "hotel_price": ["278"]}, "24055729": {"hotel_name": "\u5c1a\u5ba2\u4f18\u7cbe\u9009\u9152\u5e97(\u9752\u5c9b\u4e94\u56db\u5e7f\u573a\u5965\u5e06\u5e97)", "order_time": ["2019-01-12 06:17:04"], "total_order": 1, "hotel_value": ["4.7"], "hotel_price": ["138"]}, "4638943": {"hotel_name": "\u9752\u5c9b\u6df1\u84dd\u5ea6\u5047\u516c\u5bd3", "order_time": ["2019-01-12 06:19:22"], "total_order": 1, "hotel_value": ["4.4"], "hotel_price": ["204"]}, "1872002": {"hotel_name": "\u9752\u6e38\u8bb0(\u81ea\u7531\u884c\u65d7\u8230)\u56fd\u9645\u9752\u5e74\u65c5\u820d(\u9752\u5c9b\u706b\u8f66\u7ad9\u6808\u6865\u5288\u67f4\u9662\u4e2d\u5c71\u8def\u5e97)", "order_time": ["2019-01-12 06:19:23"], "total_order": 1, "hotel_value": ["4.8"], "hotel_price": ["9"]}, "2047144": {"hotel_name": "\u9752\u5c9b\u5bcc\u5229\u8363\u65c5\u9986", "order_time": ["2019-01-12 06:19:28"], "total_order": 1, "hotel_value": [0], "hotel_price": ["33"]}, "21330990": {"hotel_name": "\u6cca\u5c45\u7cbe\u6808(\u9752\u5c9b\u9999\u6e2f\u4e2d\u8def\u4e94\u56db\u5e7f\u573a\u5e97)", "order_time": ["2019-01-12 06:23:53"], "total_order": 1, "hotel_value": ["4.3"], "hotel_price": ["165"]}, "1934416": {"hotel_name": "\u6df1\u84dd\u5047\u65e5\u5ea6\u5047\u5f0f\u516c\u5bd3(\u9752\u5c9b\u5927\u62c7\u6307\u5e7f\u573a\u5e97)", "order_time": ["2019-01-12 06:25:55"], "total_order": 1, "hotel_value": ["4.4"], "hotel_price": ["269"]}, "1070435": {"hotel_name": "\u5982\u5bb6\u5feb\u6377\u9152\u5e97(\u9752\u5c9b\u6808\u6865\u706b\u8f66\u7ad9\u4e1c\u5e7f\u573a\u5e97)", "order_time": ["2019-01-12 06:28:23"], "total_order": 1, "hotel_value": ["4.5"], "hotel_price": ["92"]}, "772111": {"hotel_name": "\u9752\u5c9b\u5a01\u65af\u6c40\u9152\u5e97", "order_time": ["2019-01-12 06:29:09"], "total_order": 1, "hotel_value": ["4.6"], "hotel_price": ["723"]}, "2071300": {"hotel_name": "\u4eac\u82d1\u8fde\u9501\u827a\u672f\u9152\u5e97(\u9752\u5c9b\u5fb7\u56fd\u98ce\u60c5\u8857\u5e97)", "order_time": ["2019-01-12 06:30:27"], "total_order": 1, "hotel_value": ["4.2"], "hotel_price": ["37"]}, "1727504": {"hotel_name": "\u5e73\u5ea6\u5706\u4e2d\u65b9\u5927\u9152\u5e97", "order_time": ["2019-01-12 06:33:58"], "total_order": 1, "hotel_value": ["4.7"], "hotel_price": ["173"]}, "1645358": {"hotel_name": "\u81ea\u7531\u884c\u9752\u5e74\u65c5\u793e(\u9752\u5c9b\u6808\u6865\u706b\u8f66\u7ad9\u5e97)", "order_time": ["2019-01-12 06:34:46"], "total_order": 1, "hotel_value": ["4.6"], "hotel_price": ["17"]}, "994151": {"hotel_name": "\u5982\u5bb6\u5feb\u6377\u9152\u5e97(\u9752\u5c9b\u674e\u6751\u5730\u94c1\u7ad9\u4eac\u53e3\u8def\u5e97)", "order_time": ["2019-01-12 06:34:47"], "total_order": 1, "hotel_value": ["4.5"], "hotel_price": ["129"]}}}