{"\u5f00\u59cb\u8bb0\u5f55\u65f6\u95f4": "2019-01-10 12:35:24", "\u7ed3\u675f\u8bb0\u5f55\u65f6\u95f4": "2019-01-10 13:43:06", "\u8ba2\u5355\u603b\u589e\u91cf": 330, "item": {"5732570": {"hotel_name": "\u5f71\u90fd\u6d77\u5cb8\u6d77\u666f\u5ea6\u5047\u516c\u5bd3(\u9752\u5c9b\u4e07\u8fbe\u4e1c\u65b9\u5f71\u90fd\u5e97)", "order_time": ["2019-01-10 12:38:14"], "total_order": 1, "hotel_value": ["4.6"], "hotel_price": ["243"]}, "1700442": {"hotel_name": "\u9752\u5c9b\u9a6c\u53ef\u6ce2\u7f57\u9152\u5e97", "order_time": ["2019-01-10 13:19:25", "2019-01-10 12:38:14"], "total_order": 2, "hotel_value": ["4.6", "4.6"], "hotel_price": ["96", "96"]}, "5463838": {"hotel_name": "\u9752\u5c9b\u7761\u673a\u573a\u9152\u5e97", "order_time": ["2019-01-10 13:30:22", "2019-01-10 12:38:16"], "total_order": 2, "hotel_value": ["4.3", "4.3"], "hotel_price": ["144", "144"]}, "438731": {"hotel_name": "\u4e2d\u822a\u7fd4\u901a\u6e38\u8247\u4f1a\u9152\u5e97(\u9752\u5c9b\u5965\u5e06\u4e2d\u5fc3\u4e94\u56db\u5e7f\u573a\u5e97)", "order_time": ["2019-01-10 12:38:17", "2019-01-10 12:52:06", "2019-01-10 13:09:35", "2019-01-10 13:09:44"], "total_order": 4, "hotel_value": ["4.8", "4.8", "4.8", "4.8"], "hotel_price": ["326", "326", "326", "326"]}, "5264336": {"hotel_name": "\u9e92\u97f5\u516c\u5bd3(\u9752\u5c9b\u4e07\u8c61\u57ce\u4e94\u56db\u5e7f\u573a\u5965\u5e06\u4e2d\u5fc3\u5e97)", "order_time": ["2019-01-10 12:38:17", "2019-01-10 12:45:22"], "total_order": 2, "hotel_value": ["4.8", "4.8"], "hotel_price": ["238", "238"]}, "455485": {"hotel_name": "\u9752\u5c9b\u5e9c\u65b0\u5927\u53a6", "order_time": ["2019-01-10 12:38:17"], "total_order": 1, "hotel_value": ["4.7"], "hotel_price": ["396"]}, "1730402": {"hotel_name": "\u62dc\u767b\u516c\u5bd3\u00b7\u9752\u5c9b\u4e95\u5188\u5c71\u8def\u5e97", "order_time": ["2019-01-10 12:38:19"], "total_order": 1, "hotel_value": ["4.7"], "hotel_price": ["93"]}, "1692406": {"hotel_name": "\u9752\u5c9b\u6c11\u8054\u51ef\u65cb\u9152\u5e97", "order_time": ["2019-01-10 12:38:20"], "total_order": 1, "hotel_value": ["4.5"], "hotel_price": ["290"]}, "10823774": {"hotel_name": "\u5982\u5bb6\u5546\u65c5\u9152\u5e97(\u9752\u5c9b\u5373\u58a8\u56fd\u9645\u535a\u89c8\u4e2d\u5fc3\u5c71\u4e1c\u5927\u5b66\u5e97)", "order_time": ["2019-01-10 12:38:22", "2019-01-10 13:28:00"], "total_order": 2, "hotel_value": ["4.6", "4.6"], "hotel_price": ["147", "147"]}, "23472335": {"hotel_name": "\u7f8e\u8c6a\u4e3d\u81f4\u9152\u5e97(\u9752\u5c9b\u5e97)", "order_time": ["2019-01-10 13:25:58", "2019-01-10 12:38:24"], "total_order": 2, "hotel_value": ["4.9", "4.9"], "hotel_price": ["440", "440"]}, "1322129": {"hotel_name": "7\u5929\u8fde\u9501\u9152\u5e97(\u9752\u5c9b\u674e\u6751\u5730\u94c1\u7ad9\u5d02\u5c71\u767e\u8d27\u5e97)", "order_time": ["2019-01-10 12:38:25"], "total_order": 1, "hotel_value": ["4.6"], "hotel_price": ["99"]}, "1911247": {"hotel_name": "\u5982\u5bb6\u5feb\u6377\u9152\u5e97(\u9752\u5c9b\u4e94\u56db\u5e7f\u573a\u5965\u5e06\u4e2d\u5fc3\u5e97)(\u539f\u5965\u5e06\u4e2d\u5fc3\u6d77\u4fe1\u5e7f\u573a\u5e97)", "order_time": ["2019-01-10 12:38:25"], "total_order": 1, "hotel_value": ["4.3"], "hotel_price": ["93"]}, "669081": {"hotel_name": "\u9752\u5c9b\u4e16\u7eaa\u6587\u534e\u9152\u5e97", "order_time": ["2019-01-10 12:38:26"], "total_order": 1, "hotel_value": ["4.6"], "hotel_price": ["150"]}, "23842821": {"hotel_name": "\u6854\u5b50\u7cbe\u9009\u9152\u5e97(\u9752\u5c9b\u80f6\u4e1c\u673a\u573a\u5e97)", "order_time": ["2019-01-10 12:39:54"], "total_order": 1, "hotel_value": ["4.9"], "hotel_price": ["227"]}, "1775197": {"hotel_name": "\u9526\u6c5f\u4e4b\u661f\u54c1\u5c1a(\u9752\u5c9b\u6cb3\u5357\u8def\u706b\u8f66\u7ad9\u5e97)4S\u5347\u7ea7\u5e97", "order_time": ["2019-01-10 13:03:37", "2019-01-10 12:40:37"], "total_order": 2, "hotel_value": ["4.5", "4.5"], "hotel_price": ["130", "130"]}, "13740994": {"hotel_name": "\u9752\u5c9b\u90fd\u5e02118\u7cbe\u9009\u9152\u5e97\u6625\u9633\u8def\u5e97", "order_time": ["2019-01-10 12:40:39"], "total_order": 1, "hotel_value": ["4.6"], "hotel_price": ["98"]}, "470369": {"hotel_name": "\u9752\u5c9b\u96cd\u534e\u5ead\u9152\u5e97", "order_time": ["2019-01-10 12:40:40"], "total_order": 1, "hotel_value": ["4.3"], "hotel_price": ["206"]}, "24055729": {"hotel_name": "\u5c1a\u5ba2\u4f18\u7cbe\u9009\u9152\u5e97(\u9752\u5c9b\u4e94\u56db\u5e7f\u573a\u5965\u5e06\u5e97)", "order_time": ["2019-01-10 12:40:40", "2019-01-10 12:42:54"], "total_order": 2, "hotel_value": ["4.7", "4.7"], "hotel_price": ["119", "119"]}, "996027": {"hotel_name": "\u9752\u5c9b\u91d1\u6c99\u6ee9\u5e0c\u5c14\u987f\u9152\u5e97", "order_time": ["2019-01-10 12:40:40"], "total_order": 1, "hotel_value": ["4.6"], "hotel_price": ["660"]}, "19597710": {"hotel_name": "\u9752\u5c9b\u6cdb\u6d77\u542c\u98ce\u5546\u52a1\u9152\u5e97", "order_time": ["2019-01-10 12:40:43"], "total_order": 1, "hotel_value": ["4.9"], "hotel_price": ["92"]}, "512490": {"hotel_name": "\u9752\u5c9b\u897f\u6d77\u5cb8\u5fb7\u6cf0\u5927\u9152\u5e97", "order_time": ["2019-01-10 12:40:44"], "total_order": 1, "hotel_value": ["4.7"], "hotel_price": ["286"]}, "6284231": {"hotel_name": "\u9752\u5c9b\u745e\u5947\u6d77\u666f\u5ea6\u5047\u516c\u5bd3\u4e2d\u8054\u81ea\u7531\u6e2f\u6e7e\u5e97", "order_time": ["2019-01-10 12:40:45"], "total_order": 1, "hotel_value": ["4.7"], "hotel_price": ["79"]}, "5152698": {"hotel_name": "\u6854\u5b50\u9152\u5e97\u00b7\u7cbe\u9009(\u9752\u5c9b\u6d77\u5c14\u8def\u5e97)", "order_time": ["2019-01-10 13:27:56", "2019-01-10 12:40:45"], "total_order": 2, "hotel_value": ["4.9", "4.9"], "hotel_price": ["389", "389"]}, "393099": {"hotel_name": "\u9752\u5c9b\u5bcc\u529b\u827e\u7f8e\u9152\u5e97", "order_time": ["2019-01-10 12:40:45"], "total_order": 1, "hotel_value": ["4.6"], "hotel_price": ["600"]}, "6264032": {"hotel_name": "\u9752\u5c9b\u65bd\u6cf0\u6839\u535a\u9601\u57ce\u9645\u9152\u5e97", "order_time": ["2019-01-10 13:19:21", "2019-01-10 12:40:45"], "total_order": 2, "hotel_value": ["4.7", "4.7"], "hotel_price": ["248", "248"]}, "453041": {"hotel_name": "\u9752\u5c9b\u673a\u573a\u8f85\u7279\u6234\u65af\u9152\u5e97", "order_time": ["2019-01-10 12:40:47"], "total_order": 1, "hotel_value": ["4.1"], "hotel_price": ["137"]}, "3746169": {"hotel_name": "\u6b27\u98de\u8fde\u9501\u9152\u5e97\uff08\u9752\u5c9b\u5d02\u5c71\u6d77\u6d0b\u5927\u5b66\u5e97\uff09", "order_time": ["2019-01-10 12:40:48"], "total_order": 1, "hotel_value": ["4.0"], "hotel_price": ["103"]}, "2970475": {"hotel_name": "\u5c1a\u5ba2\u4f18\u7cbe\u9009\u9152\u5e97(\u9752\u5c9b\u5c71\u4e1c\u79d1\u6280\u5927\u5b66\u5e97)", "order_time": ["2019-01-10 12:41:02"], "total_order": 1, "hotel_value": ["4.5"], "hotel_price": ["122"]}, "385108": {"hotel_name": "\u9752\u5c9b\u6d77\u5c14\u6d32\u9645\u9152\u5e97", "order_time": ["2019-01-10 12:41:47"], "total_order": 1, "hotel_value": ["4.6"], "hotel_price": ["758"]}, "994247": {"hotel_name": "\u5982\u5bb6\u5feb\u6377\u9152\u5e97(\u5e73\u5ea6\u9752\u5c9b\u8def\u5e97)", "order_time": ["2019-01-10 12:41:47"], "total_order": 1, "hotel_value": ["4.5"], "hotel_price": ["114"]}, "6691235": {"hotel_name": "\u53ef\u4e34\u5b81\u8fde\u9501\u9152\u5e97\u9752\u5c9b\u80f6\u5dde\u706b\u8f66\u7ad9\u5e97", "order_time": ["2019-01-10 12:41:48"], "total_order": 1, "hotel_value": ["4.8"], "hotel_price": ["66"]}, "2582773": {"hotel_name": "\u6c49\u5ead\u9152\u5e97(\u9752\u5c9b\u706b\u8f66\u7ad9\u4e1c\u5e7f\u573a\u5e97)", "order_time": ["2019-01-10 13:08:11", "2019-01-10 12:42:51"], "total_order": 2, "hotel_value": ["4.4", "4.4"], "hotel_price": ["101", "101"]}, "994153": {"hotel_name": "\u5982\u5bb6\u5feb\u6377\u9152\u5e97(\u9752\u5c9b\u706b\u8f66\u5317\u7ad9\u5e97)", "order_time": ["2019-01-10 12:42:52", "2019-01-10 13:19:11"], "total_order": 2, "hotel_value": ["4.3", "4.3"], "hotel_price": ["128", "128"]}, "21735796": {"hotel_name": "\u9752\u5c9b\u4e94\u56db\u5e7f\u573a\u4e9a\u6735\u9152\u5e97", "order_time": ["2019-01-10 12:42:52"], "total_order": 1, "hotel_value": ["4.8"], "hotel_price": ["316"]}, "1315838": {"hotel_name": "\u6854\u5b50\u9152\u5e97\u00b7\u7cbe\u9009(\u9752\u5c9b\u57ce\u9633\u5e97)", "order_time": ["2019-01-10 12:42:52"], "total_order": 1, "hotel_value": ["4.8"], "hotel_price": ["338"]}, "5634587": {"hotel_name": "\u9e97\u67ab\u9152\u5e97(\u9752\u5c9b\u4e94\u56db\u5e7f\u573a\u5e97)(\u539f\u9752\u5c9b\u5b81\u590f\u8def\u5730\u94c1\u7ad9\u5e97)", "order_time": ["2019-01-10 12:42:52"], "total_order": 1, "hotel_value": ["4.7"], "hotel_price": ["199"]}, "18515525": {"hotel_name": "\u534a\u5c9b\u56fd\u9645\u9152\u5e97(\u9752\u5c9b\u674e\u6751\u5730\u94c1\u7ad9\u5e97)", "order_time": ["2019-01-10 12:42:54"], "total_order": 1, "hotel_value": ["4.6"], "hotel_price": ["184"]}, "2262529": {"hotel_name": "\u9752\u5c9b\u5373\u58a8\u5e0c\u5c14\u987f\u9038\u6797\u9152\u5e97", "order_time": ["2019-01-10 12:42:54"], "total_order": 1, "hotel_value": ["4.6"], "hotel_price": ["453"]}, "669110": {"hotel_name": "\u9752\u5c9b\u5e7f\u4e1a\u9526\u6c5f\u5927\u9152\u5e97", "order_time": ["2019-01-10 12:42:54"], "total_order": 1, "hotel_value": ["4.6"], "hotel_price": ["400"]}, "438653": {"hotel_name": "\u9752\u5c9b\u6d77\u5929e\u5bb6\u5546\u52a1\u9152\u5e97", "order_time": ["2019-01-10 12:42:55"], "total_order": 1, "hotel_value": ["4.1"], "hotel_price": ["85"]}, "5214763": {"hotel_name": "\u9752\u5c9b\u65af\u7ef4\u767b\u5ea6\u5047\u516c\u5bd3(\u5965\u5e06\u4e94\u56db\u5e7f\u573a\u4e07\u8c61\u57ce)", "order_time": ["2019-01-10 12:42:58"], "total_order": 1, "hotel_value": ["4.8"], "hotel_price": ["243"]}, "8358075": {"hotel_name": "\u9752\u5c9b\u65af\u7c73\u5170\u6d77\u666f\u5ea6\u5047\u516c\u5bd3\u4e2d\u8054\u81ea\u7531\u6e2f\u6e7e\u5e97", "order_time": ["2019-01-10 12:42:59"], "total_order": 1, "hotel_value": ["4.7"], "hotel_price": ["76"]}, "1730359": {"hotel_name": "\u9752\u5c9b\u5609\u79be\u6cfd\u6da6\u9152\u5e97", "order_time": ["2019-01-10 12:42:59"], "total_order": 1, "hotel_value": ["4.0"], "hotel_price": ["160"]}, "484453": {"hotel_name": "\u9752\u5c9b\u897f\u6d77\u5cb8\u9686\u548c\u798f\u670b\u559c\u6765\u767b\u9152\u5e97(\u539f\u9ec4\u5c9b\u798f\u670b\u559c\u6765\u767b\u9152\u5e97)", "order_time": ["2019-01-10 12:43:01"], "total_order": 1, "hotel_value": ["4.5"], "hotel_price": ["428"]}, "4637626": {"hotel_name": "\u4e16\u7eaa\u9e3f\u6cf0\u9152\u5e97\u516c\u5bd3(\u9752\u5c9b\u4e2d\u8054\u81ea\u7531\u6e2f\u6e7e\u5e97)", "order_time": ["2019-01-10 12:43:01"], "total_order": 1, "hotel_value": ["4.7"], "hotel_price": ["65"]}, "5315773": {"hotel_name": "\u5c1a\u5ba2\u4f18\u5feb\u6377\u9152\u5e97\u9752\u5c9b\u84dd\u9ccc\u8def\u5e97", "order_time": ["2019-01-10 12:43:13"], "total_order": 1, "hotel_value": ["3.6"], "hotel_price": ["88"]}, "1373259": {"hotel_name": "\u83b1\u897f\u6708\u6e56\u5546\u52a1\u5bbe\u9986", "order_time": ["2019-01-10 13:04:46", "2019-01-10 12:44:32"], "total_order": 2, "hotel_value": ["4.7", "4.7"], "hotel_price": ["74", "74"]}, "1872002": {"hotel_name": "\u9752\u6e38\u8bb0(\u81ea\u7531\u884c\u65d7\u8230)\u56fd\u9645\u9752\u5e74\u65c5\u820d(\u9752\u5c9b\u706b\u8f66\u7ad9\u6808\u6865\u5288\u67f4\u9662\u4e2d\u5c71\u8def\u5e97)", "order_time": ["2019-01-10 13:41:34", "2019-01-10 12:45:17"], "total_order": 2, "hotel_value": ["4.8", "4.8"], "hotel_price": ["9", "9"]}, "2301077": {"hotel_name": "\u7231\u5c0a\u5ba2\u9152\u5e97(\u9752\u5c9b\u4e94\u56db\u5e7f\u573a\u5e97)", "order_time": ["2019-01-10 12:45:18"], "total_order": 1, "hotel_value": ["4.6"], "hotel_price": ["140"]}, "8860171": {"hotel_name": "\u5982\u5bb6\u5546\u65c5\u9152\u5e97(\u9752\u5c9b\u706b\u8f66\u5317\u7ad9\u91d1\u6c34\u8def\u5e97)(\u539f\u91cd\u5e86\u8def\u5e97)", "order_time": ["2019-01-10 13:28:02", "2019-01-10 12:45:19"], "total_order": 2, "hotel_value": ["4.7", "4.7"], "hotel_price": ["166", "166"]}, "7733529": {"hotel_name": "\u56db\u53f6\u8349\u6d77\u666f\u5ea6\u5047\u516c\u5bd3\u9152\u5e97(\u9752\u5c9b\u4e07\u8fbe\u4e1c\u65b9\u5f71\u90fd\u5e97)(\u539f\u56db\u53f6\u8349\u6d77\u666f\u5ea6\u5047\u9152\u5e97)", "order_time": ["2019-01-10 12:45:21"], "total_order": 1, "hotel_value": ["4.8"], "hotel_price": ["103"]}, "2299441": {"hotel_name": "\u9526\u6c5f\u4e4b\u661f(\u9752\u5c9b\u56fd\u9645\u4f1a\u5c55\u4e2d\u5fc3\u6d77\u5c14\u8def\u5e97)", "order_time": ["2019-01-10 12:45:24", "2019-01-10 13:01:22"], "total_order": 2, "hotel_value": ["4.6", "4.6"], "hotel_price": ["171", "171"]}, "6000795": {"hotel_name": "\u6b27\u98de\u8fde\u9501\u9152\u5e97(\u9752\u5c9b\u674e\u6751\u6b65\u884c\u8857\u5965\u514b\u65af\u5e7f\u573a\u5e97)", "order_time": ["2019-01-10 12:47:39", "2019-01-10 12:45:25"], "total_order": 2, "hotel_value": ["4.2", "4.2"], "hotel_price": ["66", "66"]}, "443641": {"hotel_name": "\u9752\u5c9b\u91d1\u6d77\u5927\u9152\u5e97", "order_time": ["2019-01-10 12:58:58", "2019-01-10 12:45:25", "2019-01-10 13:23:55"], "total_order": 3, "hotel_value": ["4.4", "4.4", "4.4"], "hotel_price": ["186", "186", "186"]}, "6107278": {"hotel_name": "\u5c1a\u5ba2\u4f18\u7cbe\u9009\u9152\u5e97(\u9752\u5c9b\u8fbd\u6cb3\u4e00\u8def\u5e97)", "order_time": ["2019-01-10 12:45:26"], "total_order": 1, "hotel_value": ["4.2"], "hotel_price": ["93"]}, "8327511": {"hotel_name": "\u9752\u5c9b\u90fd\u5e02118\u7cbe\u9009\u9152\u5e97\u5373\u58a8\u670d\u88c5\u57ce\u5e97", "order_time": ["2019-01-10 13:34:42", "2019-01-10 12:45:27"], "total_order": 2, "hotel_value": ["4.6", "4.6"], "hotel_price": ["110", "110"]}, "1290135": {"hotel_name": "\u5586\u60a6\u7cbe\u54c1\u8fde\u9501\u9152\u5e97(\u9752\u5c9b\u674e\u6751\u6b65\u884c\u8857\u541b\u5cf0\u8def\u5730\u94c1\u7ad9\u5e97)", "order_time": ["2019-01-10 13:30:26", "2019-01-10 12:45:27"], "total_order": 2, "hotel_value": ["4.2", "4.2"], "hotel_price": ["87", "87"]}, "1649931": {"hotel_name": "\u9752\u5c9b\u65b0\u4e16\u4f73\u5546\u52a1\u5bbe\u9986", "order_time": ["2019-01-10 12:45:30"], "total_order": 1, "hotel_value": ["4.3"], "hotel_price": ["84"]}, "1623930": {"hotel_name": "\u9752\u5c9b\u591a\u7ef4\u00b7NeedHotel(\u4f60\u7684\u56fd\u9645\u65c5\u820d)", "order_time": ["2019-01-10 12:45:30"], "total_order": 1, "hotel_value": ["4.1"], "hotel_price": ["64"]}, "1535266": {"hotel_name": "\u9752\u5c9b\u6808\u6865\u706b\u8f66\u7ad9\u4e3b\u9898\u6d77\u666f\u65e5\u79df\u623f", "order_time": ["2019-01-10 12:45:33"], "total_order": 1, "hotel_value": ["4.4"], "hotel_price": ["26"]}, "3733536": {"hotel_name": "\u5e73\u5ea6\u7269\u8d44\u5bbe\u9986", "order_time": ["2019-01-10 13:07:30", "2019-01-10 12:46:38"], "total_order": 2, "hotel_value": ["4.5", "4.5"], "hotel_price": ["112", "112"]}, "436457": {"hotel_name": "\u9752\u5c9b\u6cdb\u6d77\u540d\u4eba\u9152\u5e97", "order_time": ["2019-01-10 12:47:30"], "total_order": 1, "hotel_value": ["4.4"], "hotel_price": ["305"]}, "371190": {"hotel_name": "\u9752\u5c9b\u9999\u683c\u91cc\u62c9\u5927\u9152\u5e97", "order_time": ["2019-01-10 12:52:11", "2019-01-10 12:47:30"], "total_order": 2, "hotel_value": ["4.7", "4.7"], "hotel_price": ["748", "748"]}, "467216": {"hotel_name": "\u9752\u5c9b\u6d77\u666f\u82b1\u56ed\u5927\u9152\u5e97", "order_time": ["2019-01-10 12:47:30"], "total_order": 1, "hotel_value": ["4.8"], "hotel_price": ["621"]}, "994151": {"hotel_name": "\u5982\u5bb6\u5feb\u6377\u9152\u5e97(\u9752\u5c9b\u674e\u6751\u5730\u94c1\u7ad9\u4eac\u53e3\u8def\u5e97)", "order_time": ["2019-01-10 12:47:34"], "total_order": 1, "hotel_value": ["4.5"], "hotel_price": ["96"]}, "3725612": {"hotel_name": "\u9752\u5c9b\u5026\u9e1f\u9152\u5e97", "order_time": ["2019-01-10 13:17:03", "2019-01-10 13:30:19", "2019-01-10 12:47:37"], "total_order": 3, "hotel_value": ["4.7", "4.7", "4.7"], "hotel_price": ["184", "184", "184"]}, "669773": {"hotel_name": "\u5b9c\u5fc5\u601d\u9152\u5e97(\u9752\u5c9b\u5b81\u590f\u8def\u5730\u94c1\u7ad9\u5e97)(\u539f\u5b81\u590f\u8def\u5e97)", "order_time": ["2019-01-10 12:47:39"], "total_order": 1, "hotel_value": ["4.5"], "hotel_price": ["161"]}, "1551929": {"hotel_name": "\u9752\u5c9b\u6052\u661f\u56fd\u9645\u57f9\u8bad\u4e2d\u5fc3", "order_time": ["2019-01-10 12:47:43", "2019-01-10 13:30:29"], "total_order": 2, "hotel_value": ["4.2", "4.2"], "hotel_price": ["210", "210"]}, "9736221": {"hotel_name": "\u9752\u5c9b\u5b9c\u5bb6\u5546\u52a1\u9152\u5e97(\u539f\u6b27\u98de\u8fde\u9501\u9152\u5e97)", "order_time": ["2019-01-10 12:47:46"], "total_order": 1, "hotel_value": ["4.6"], "hotel_price": ["78"]}, "17192038": {"hotel_name": "\u8302\u53f7\u5ea6\u5047\u516c\u5bd3\u9152\u5e97(\u9752\u5c9b\u4e07\u8fbe\u4e1c\u65b9\u5f71\u90fd\u5e97)", "order_time": ["2019-01-10 12:47:48"], "total_order": 1, "hotel_value": ["4.6"], "hotel_price": ["89"]}, "8531492": {"hotel_name": "\u9752\u5c9b\u6c34\u4e91\u8fb9\u57ce\u6d77\u666f\u5ea6\u5047\u516c\u5bd3\u90a3\u9c81\u6e7e\u5e97", "order_time": ["2019-01-10 13:06:07", "2019-01-10 12:47:50"], "total_order": 2, "hotel_value": ["4.8", "4.8"], "hotel_price": ["75", "75"]}, "12225064": {"hotel_name": "\u5e0c\u5cb8\u9152\u5e97(\u9752\u5c9b\u6d41\u4ead\u673a\u573a\u5e97)", "order_time": ["2019-01-10 12:49:40"], "total_order": 1, "hotel_value": ["4.6"], "hotel_price": ["197"]}, "19846790": {"hotel_name": "\u7b51\u7f8e\u5370\u8c61\u9152\u5e97\u5f0f\u516c\u5bd3(\u9752\u5c9b\u53f0\u4e1c\u6b65\u884c\u8857\u5e97)", "order_time": ["2019-01-10 12:49:40"], "total_order": 1, "hotel_value": ["4.7"], "hotel_price": ["99"]}, "5999421": {"hotel_name": "\u7a7a\u94c1\u5047\u65e5\u9152\u5e97\u516c\u5bd3(\u9752\u5c9b\u673a\u573a\u5e97)", "order_time": ["2019-01-10 12:49:47"], "total_order": 1, "hotel_value": ["4.6"], "hotel_price": ["215"]}, "1390561": {"hotel_name": "\u9752\u5c9b\u5fae\u7b11\u7cbe\u54c1\u8fde\u9501\u9152\u5e97", "order_time": ["2019-01-10 12:49:49"], "total_order": 1, "hotel_value": ["3.6"], "hotel_price": ["64"]}, "17588770": {"hotel_name": "\u9752\u5c9b\u541b\u534e\u5609\u60e0\u9152\u5e97", "order_time": ["2019-01-10 12:49:51"], "total_order": 1, "hotel_value": ["4.7"], "hotel_price": ["194"]}, "2045228": {"hotel_name": "\u5e73\u5ea6\u8d5b\u5bb6\u5ba2\u623f", "order_time": ["2019-01-10 12:51:26", "2019-01-10 13:07:30", "2019-01-10 13:02:47"], "total_order": 3, "hotel_value": ["4.2", "4.2", "4.2"], "hotel_price": ["82", "82", "82"]}, "19853118": {"hotel_name": "\u51ef\u66fc\u5ea6\u5047\u516c\u5bd3(\u9752\u5c9b\u5ef6\u5409\u8defCBD\u5e97)", "order_time": ["2019-01-10 12:52:04"], "total_order": 1, "hotel_value": ["4.8"], "hotel_price": ["114"]}, "6867438": {"hotel_name": "\u9752\u5c9b\u91cc\u9662\u7cbe\u54c1\u9152\u5e97", "order_time": ["2019-01-10 12:52:06"], "total_order": 1, "hotel_value": ["4.4"], "hotel_price": ["63"]}, "5249619": {"hotel_name": "\u90fd\u5e02118(\u9752\u5c9b\u91d1\u6c99\u6ee9\u7406\u5de5\u5927\u5b66\u5e97)", "order_time": ["2019-01-10 13:08:12", "2019-01-10 12:52:07"], "total_order": 2, "hotel_value": ["4.4", "4.4"], "hotel_price": ["94", "94"]}, "1840574": {"hotel_name": "\u5c1a\u5ba2\u4f18\u5feb\u6377\u9152\u5e97(\u9752\u5c9b\u9ec4\u5c9b\u533a\u4e24\u6cb3\u8def\u6d77\u6c34\u6d74\u573a\u5e97)", "order_time": ["2019-01-10 12:52:08"], "total_order": 1, "hotel_value": ["4.5"], "hotel_price": ["94"]}, "428592": {"hotel_name": "\u9752\u5c9b\u9c81\u5546\u51ef\u60a6\u9152\u5e97", "order_time": ["2019-01-10 12:52:11"], "total_order": 1, "hotel_value": ["4.6"], "hotel_price": ["748"]}, "430419": {"hotel_name": "\u9752\u5c9b\u4e2d\u5fc3\u5047\u65e5\u9152\u5e97", "order_time": ["2019-01-10 12:52:12", "2019-01-10 13:25:55"], "total_order": 2, "hotel_value": ["4.7", "4.7"], "hotel_price": ["575", "575"]}, "486063": {"hotel_name": "\u9752\u5c9b\u56fd\u4fe1\u6d77\u5929\u4f53\u80b2\u4e2d\u5fc3\u9152\u5e97", "order_time": ["2019-01-10 12:52:13"], "total_order": 1, "hotel_value": ["4.5"], "hotel_price": ["256"]}, "20615346": {"hotel_name": "\u827e\u5ba2\u6d77\u666f\u5ea6\u5047\u516c\u5bd3\uff08\u9752\u5c9b\u77f3\u8001\u4eba\u6d77\u6c34\u6d74\u573a\u5e97\uff09", "order_time": ["2019-01-10 12:52:13"], "total_order": 1, "hotel_value": ["4.8"], "hotel_price": ["208"]}, "1686708": {"hotel_name": "\u9752\u5c9b\u5b8f\u798f\u745e\u5546\u52a1\u5bbe\u9986", "order_time": ["2019-01-10 12:52:24"], "total_order": 1, "hotel_value": [0], "hotel_price": ["35"]}, "6039985": {"hotel_name": "\u9752\u5c9b\u771f\u8bda\u4f73\u9a7f\u4e3b\u9898\u9152\u5e97", "order_time": ["2019-01-10 12:54:23", "2019-01-10 13:12:37"], "total_order": 2, "hotel_value": ["4.4", "4.4"], "hotel_price": ["92", "92"]}, "659645": {"hotel_name": "\u9752\u5c9b\u5373\u58a8\u534e\u73ba\u5927\u9152\u5e97", "order_time": ["2019-01-10 12:54:24"], "total_order": 1, "hotel_value": ["4.7"], "hotel_price": ["422"]}, "5194583": {"hotel_name": "\u9601\u99a8\u9152\u5e97(\u9752\u5c9b\u519c\u4e1a\u5927\u5b66\u5e97)", "order_time": ["2019-01-10 12:54:25"], "total_order": 1, "hotel_value": ["4.4"], "hotel_price": ["187"]}, "1374631": {"hotel_name": "\u83ab\u6cf0168(\u9752\u5c9b\u5f00\u53d1\u533a\u9999\u6c5f\u8def\u5546\u4e1a\u8857\u5e97)", "order_time": ["2019-01-10 12:54:27"], "total_order": 1, "hotel_value": ["4.5"], "hotel_price": ["103"]}, "1316461": {"hotel_name": "\u6c49\u5ead\u9152\u5e97(\u9752\u5c9b\u674e\u6ca7\u91d1\u6c34\u8def\u5e97)", "order_time": ["2019-01-10 13:30:21", "2019-01-10 12:54:29"], "total_order": 2, "hotel_value": ["4.4", "4.4"], "hotel_price": ["157", "157"]}, "21678840": {"hotel_name": "\u51ef\u66fc\u516c\u5bd3(\u9752\u5c9b\u6b63\u9633\u4e2d\u8def\u5e97)", "order_time": ["2019-01-10 13:39:13", "2019-01-10 12:54:30"], "total_order": 2, "hotel_value": ["4.6", "4.6"], "hotel_price": ["103", "103"]}, "1741177": {"hotel_name": "\u91d1\u72ee100\u8fde\u9501\u5bbe\u9986(\u9752\u5c9b\u6d41\u4ead\u673a\u573a\u5e97)", "order_time": ["2019-01-10 12:54:33", "2019-01-10 13:08:20"], "total_order": 2, "hotel_value": ["3.5", "3.5"], "hotel_price": ["54", "54"]}, "27854182": {"hotel_name": "\u9752\u5c9b\u552f\u60a6\u7cbe\u54c1\u516c\u5bd3", "order_time": ["2019-01-10 12:55:31"], "total_order": 1, "hotel_value": [0], "hotel_price": ["73"]}, "2785519": {"hotel_name": "\u83b1\u897f\u897f\u519c\u5546\u52a1\u9152\u5e97", "order_time": ["2019-01-10 12:55:50"], "total_order": 1, "hotel_value": ["4.3"], "hotel_price": ["71"]}, "1501851": {"hotel_name": "\u83ab\u6cf0168(\u83b1\u897f\u70df\u53f0\u8def\u5e02\u653f\u5e9c\u5e97)", "order_time": ["2019-01-10 12:55:51"], "total_order": 1, "hotel_value": ["4.6"], "hotel_price": ["108"]}, "654770": {"hotel_name": "\u9752\u5c9b\u4e3d\u5929\u5927\u9152\u5e97", "order_time": ["2019-01-10 13:17:01", "2019-01-10 12:56:40"], "total_order": 2, "hotel_value": ["4.8", "4.8"], "hotel_price": ["371", "371"]}, "8396348": {"hotel_name": "\u7a7a\u94c1\u5047\u65e5\u9152\u5e97\u516c\u5bd3(\u9752\u5c9b\u673a\u573a\u4e8c\u5e97)", "order_time": ["2019-01-10 12:56:41"], "total_order": 1, "hotel_value": ["4.4"], "hotel_price": ["193"]}, "2304451": {"hotel_name": "\u7231\u5c0a\u5ba2\u9152\u5e97(\u5373\u58a8\u5170\u9ccc\u8def\u5e97)", "order_time": ["2019-01-10 12:56:41"], "total_order": 1, "hotel_value": ["4.7"], "hotel_price": ["166"]}, "442301": {"hotel_name": "\u90fd\u5e02118(\u9752\u5c9b\u5d02\u5c71\u4f1a\u5c55\u4e2d\u5fc3\u5730\u94c1\u7ad9\u5e97)", "order_time": ["2019-01-10 12:56:43"], "total_order": 1, "hotel_value": ["4.4"], "hotel_price": ["97"]}, "6577116": {"hotel_name": "\u9752\u5c9b\u60a6\u6f9c\u9152\u5e97\u516c\u5bd3(\u4e94\u56db\u5e7f\u573a\u4e2d\u94c1\u4e2d\u5fc3\u5e97)", "order_time": ["2019-01-10 12:56:44"], "total_order": 1, "hotel_value": ["4.8"], "hotel_price": ["234"]}, "436463": {"hotel_name": "\u9752\u5c9b\u8c6a\u68ee\u5e9c\u90b8\u56fd\u9645\u9152\u5e97", "order_time": ["2019-01-10 12:56:44"], "total_order": 1, "hotel_value": ["4.6"], "hotel_price": ["402"]}, "1137296": {"hotel_name": "\u9752\u5c9b\u4e1c\u65b9\u6885\u5730\u4e9a\u9152\u5e97", "order_time": ["2019-01-10 12:56:45"], "total_order": 1, "hotel_value": ["4.9"], "hotel_price": ["296"]}, "1165293": {"hotel_name": "\u9752\u5c9b\u5c1a\u54c1\u4e91\u56fe\u5bbe\u9986", "order_time": ["2019-01-10 13:30:21", "2019-01-10 12:56:45", "2019-01-10 13:10:30", "2019-01-10 13:39:13", "2019-01-10 13:19:27"], "total_order": 5, "hotel_value": ["4.2", "4.2", "4.2", "4.2", "4.2"], "hotel_price": ["65", "65", "65", "65", "65"]}, "1625041": {"hotel_name": "\u9752\u5c9b\u591a\u7c73\u6e29\u99a8\u9152\u5e97", "order_time": ["2019-01-10 12:56:47"], "total_order": 1, "hotel_value": ["4.6"], "hotel_price": ["73"]}, "1434596": {"hotel_name": "\u91cc\u9662\u5ba2\u6808(\u9752\u5c9b\u706b\u8f66\u7ad9\u5e97)", "order_time": ["2019-01-10 12:56:48"], "total_order": 1, "hotel_value": ["4.5"], "hotel_price": ["69"]}, "4747327": {"hotel_name": "\u4e2d\u8054\u81ea\u7531\u6e2f\u6e7e\u4e2d\u827a\u9152\u5e97(\u9752\u5c9b\u90ae\u8f6e\u6bcd\u6e2f\u5e97)", "order_time": ["2019-01-10 12:56:52"], "total_order": 1, "hotel_value": ["4.7"], "hotel_price": ["70"]}, "3449849": {"hotel_name": "\u9752\u5c9b\u673a\u573a5\u53f7\u516c\u5bd3", "order_time": ["2019-01-10 12:56:53"], "total_order": 1, "hotel_value": ["4.4"], "hotel_price": ["113"]}, "25557473": {"hotel_name": "\u9752\u5c9b\u68e0\u66fc\u9152\u5e97", "order_time": ["2019-01-10 12:58:57", "2019-01-10 13:03:41", "2019-01-10 13:08:15"], "total_order": 3, "hotel_value": ["4.6", "4.6", "4.6"], "hotel_price": ["144", "144", "144"]}, "427999": {"hotel_name": "\u5982\u5bb6\u7cbe\u9009\u9152\u5e97(\u9752\u5c9b\u516b\u5927\u5173\u592a\u5e73\u89d2\u516c\u56ed\u5730\u94c1\u7ad9\u5e97)", "order_time": ["2019-01-10 12:58:57"], "total_order": 1, "hotel_value": ["4.7"], "hotel_price": ["158"]}, "8924494": {"hotel_name": "\u6c83\u5fb7\u9152\u5e97\u516c\u5bd3(\u9752\u5c9b\u56fd\u4fe1\u4f1a\u5c55\u4e2d\u5fc3\u5e97)", "order_time": ["2019-01-10 12:59:00"], "total_order": 1, "hotel_value": ["4.7"], "hotel_price": ["223"]}, "8870574": {"hotel_name": "\u745e\u666e\u5170\u987f\u81f3\u5c0a\u9152\u5e97\u00b7\u9752\u5c9b\u5609\u5e74\u534e\u5e97", "order_time": ["2019-01-10 12:59:00"], "total_order": 1, "hotel_value": ["4.5"], "hotel_price": ["124"]}, "21124467": {"hotel_name": "\u9752\u5c9b\u65af\u7ef4\u767b\u7cbe\u54c1\u516c\u5bd3(\u4f1a\u5c55\u4e2d\u5fc3\u77f3\u8001\u4eba\u6d77\u6c34\u6d74\u573a)", "order_time": ["2019-01-10 12:59:02", "2019-01-10 13:09:35", "2019-01-10 13:09:44"], "total_order": 3, "hotel_value": ["4.9", "4.9", "4.9"], "hotel_price": ["280", "280", "280"]}, "1549218": {"hotel_name": "\u9752\u5c9b\u946b\u9f99\u5047\u65e5\u516c\u5bd3\u9152\u5e97(\u9752\u804c/\u6ee8\u6d77\u5b66\u9662\u5e97)", "order_time": ["2019-01-10 12:59:02"], "total_order": 1, "hotel_value": ["4.7"], "hotel_price": ["150"]}, "1938134": {"hotel_name": "\u83ab\u6cf0168(\u9752\u5c9b\u674e\u6751\u5730\u94c1\u7ad9\u6b65\u884c\u8857\u5e97)", "order_time": ["2019-01-10 12:59:02", "2019-01-10 13:12:35"], "total_order": 2, "hotel_value": ["4.5", "4.5"], "hotel_price": ["103", "103"]}, "454944": {"hotel_name": "\u9752\u5c9b\u6d77\u6da6\u4e30\u626c\u5e06\u9152\u5e97", "order_time": ["2019-01-10 12:59:03"], "total_order": 1, "hotel_value": ["4.5"], "hotel_price": ["296"]}, "2935119": {"hotel_name": "\u5609\u5fb7\u591c\u8272\u827a\u672f\u4e3b\u9898\u9152\u5e97(\u9752\u5c9b\u674e\u6751\u5730\u94c1\u6b65\u884c\u8857\u706b\u8f66\u5317\u7ad9\u5e97)", "order_time": ["2019-01-10 12:59:03"], "total_order": 1, "hotel_value": ["4.6"], "hotel_price": ["122"]}, "21826038": {"hotel_name": "\u9752\u5c9b\u6c49\u5353\u9152\u5e97", "order_time": ["2019-01-10 12:59:11", "2019-01-10 13:01:25"], "total_order": 2, "hotel_value": ["4.7", "4.7"], "hotel_price": ["1152", "1152"]}, "994152": {"hotel_name": "\u5982\u5bb6\u5feb\u6377\u9152\u5e97(\u9752\u5c9b\u9ed1\u9f99\u6c5f\u4e2d\u8def\u5d02\u5c71\u9ad8\u79d1\u6280\u56ed\u5e97)(\u539f\u6d77\u5c14\u5de5\u4e1a\u56ed\u9ed1\u9f99\u6c5f\u4e2d\u8def\u5e97)", "order_time": ["2019-01-10 13:30:21", "2019-01-10 13:39:13", "2019-01-10 12:59:16"], "total_order": 3, "hotel_value": ["4.5", "4.5", "4.5"], "hotel_price": ["103", "103", "103"]}, "1875800": {"hotel_name": "\u5982\u5bb6\u5feb\u6377\u9152\u5e97(\u9752\u5c9b\u4f1a\u5c55\u4e2d\u5fc3\u5927\u62c7\u6307\u5e7f\u573a\u5e97)", "order_time": ["2019-01-10 13:00:28"], "total_order": 1, "hotel_value": ["4.2"], "hotel_price": ["114"]}, "2263174": {"hotel_name": "\u80f6\u5dde\u57ce\u5e0279\u8fde\u9501\u9152\u5e97", "order_time": ["2019-01-10 13:00:36"], "total_order": 1, "hotel_value": ["4.3"], "hotel_price": ["73"]}, "8290422": {"hotel_name": "\u6c49\u5ead\u9152\u5e97(\u9752\u5c9b\u4e2d\u56fd\u6d77\u6d0b\u5927\u5b66\u5e97)", "order_time": ["2019-01-10 13:01:20"], "total_order": 1, "hotel_value": ["4.7"], "hotel_price": ["238"]}, "995168": {"hotel_name": "\u94f6\u5ea7\u4f73\u9a7f\u9152\u5e97(\u5373\u58a8\u9e64\u5c71\u8def\u4f73\u4e50\u5bb6\u4e8c\u5e97)", "order_time": ["2019-01-10 13:01:20"], "total_order": 1, "hotel_value": ["4.4"], "hotel_price": ["71"]}, "2162063": {"hotel_name": "\u9752\u5c9b\u73af\u7403\u91d1\u51e4\u51f0\u5bbe\u9986", "order_time": ["2019-01-10 13:01:21"], "total_order": 1, "hotel_value": ["4.5"], "hotel_price": ["60"]}, "8576086": {"hotel_name": "\u5c1a\u5ba2\u4f18\u54c1\u9152\u5e97(\u9752\u5c9bLIPPO\u516c\u793e\u77f3\u6cb9\u5927\u5b66\u5e97)(\u539fLIPPO\u516c\u793e\u7cbe\u54c1\u516c\u5bd3)", "order_time": ["2019-01-10 13:01:24", "2019-01-10 13:30:22"], "total_order": 2, "hotel_value": ["4.7", "4.7"], "hotel_price": ["97", "97"]}, "2043985": {"hotel_name": "\u5723\u6258\u91cc\u5c3c\u5927\u9152\u5e97(\u9752\u5c9b\u56fd\u9645\u4f1a\u5c55\u4e2d\u5fc3\u77f3\u8001\u4eba\u6d74\u573a\u5e97)", "order_time": ["2019-01-10 13:01:28"], "total_order": 1, "hotel_value": ["3.8"], "hotel_price": ["115"]}, "1728255": {"hotel_name": "7\u5929\u8fde\u9501\u9152\u5e97(\u9752\u5c9b\u9999\u6e2f\u4e1c\u8def\u6781\u5730\u6d77\u6d0b\u4e16\u754c\u5e97)", "order_time": ["2019-01-10 13:01:37"], "total_order": 1, "hotel_value": ["3.7"], "hotel_price": ["89"]}, "8806764": {"hotel_name": "\u9752\u5c9b\u4e07\u4e3d\u6d77\u666f\u5ea6\u5047\u516c\u5bd3\u4e2d\u8054\u81ea\u7531\u6e2f\u6e7e\u5e97", "order_time": ["2019-01-10 13:03:39"], "total_order": 1, "hotel_value": ["4.5"], "hotel_price": ["70"]}, "2101673": {"hotel_name": "\u9752\u5c9b\u53f0\u4e1c\u5927\u9152\u5e97", "order_time": ["2019-01-10 13:03:40"], "total_order": 1, "hotel_value": ["4.3"], "hotel_price": ["67"]}, "891096": {"hotel_name": "\u84dd\u6d77\u5927\u996d\u5e97(\u9752\u5c9b\u541b\u5cf0\u8def\u5730\u94c1\u7ad9\u5e97)(\u539f\u674e\u6ca7\u5e97)", "order_time": ["2019-01-10 13:03:44", "2019-01-10 13:08:19"], "total_order": 2, "hotel_value": ["4.6", "4.6"], "hotel_price": ["357", "357"]}, "2509075": {"hotel_name": "\u5c1a\u5ba2\u4f18\u9a8f\u6021\u8fde\u9501\u9152\u5e97(\u9752\u5c9b\u519c\u4e1a\u5927\u5b66\u5e97)", "order_time": ["2019-01-10 13:03:46"], "total_order": 1, "hotel_value": ["3.7"], "hotel_price": ["73"]}, "5466788": {"hotel_name": "\u82b1\u6eaa\u82b1\u56ed\u9152\u5e97(\u9752\u5c9b\u6d41\u4ead\u673a\u573a\u5e97)", "order_time": ["2019-01-10 13:03:46"], "total_order": 1, "hotel_value": ["4.5"], "hotel_price": ["198"]}, "2589998": {"hotel_name": "\u5982\u5bb6\u5feb\u6377\u9152\u5e97(\u9752\u5c9b\u5f00\u53d1\u533a\u5564\u9152\u5e7f\u573a\u91d1\u6c99\u6ee9\u957f\u6c5f\u4e1c\u8def\u5e97)", "order_time": ["2019-01-10 13:03:46"], "total_order": 1, "hotel_value": ["4.3"], "hotel_price": ["98"]}, "19438626": {"hotel_name": "\u65af\u7ef4\u767b\u5ea6\u5047\u516c\u5bd3(\u9752\u5c9b\u91d1\u6c99\u6ee9\u540d\u5609\u56fd\u9645)", "order_time": ["2019-01-10 13:03:47", "2019-01-10 13:06:01"], "total_order": 2, "hotel_value": ["4.7", "4.7"], "hotel_price": ["189", "189"]}, "1602226": {"hotel_name": "\u9752\u5c9b\u6d77\u4e4b\u6da6\u89c2\u6d77\u516c\u5bd3\uff08\u539f\u9752\u5c9b\u5e02\u5357\u5982\u610f\u6d77\u666f\u516c\u5bd3\uff09", "order_time": ["2019-01-10 13:03:53", "2019-01-10 13:26:06"], "total_order": 2, "hotel_value": ["4.6", "4.6"], "hotel_price": ["61", "61"]}, "2089299": {"hotel_name": "\u9752\u5c9b\u597d\u5c1a\u5609\u4e50\u56ed\u4e3b\u9898\u9152\u5e97", "order_time": ["2019-01-10 13:03:54"], "total_order": 1, "hotel_value": ["4.0"], "hotel_price": ["73"]}, "1119452": {"hotel_name": "\u9752\u5c9b\u4e1c\u6d77\u541b\u60a6\u9152\u5e97", "order_time": ["2019-01-10 13:05:58"], "total_order": 1, "hotel_value": ["4.4"], "hotel_price": ["72"]}, "1198136": {"hotel_name": "\u9752\u5c9b\u5229\u5ba2\u6765\u5546\u52a1\u9152\u5e97", "order_time": ["2019-01-10 13:06:01"], "total_order": 1, "hotel_value": ["4.2"], "hotel_price": ["121"]}, "8903874": {"hotel_name": "\u9752\u5c9bcom\u5bd3\u516c\u5bd3", "order_time": ["2019-01-10 13:06:03"], "total_order": 1, "hotel_value": ["4.6"], "hotel_price": ["68"]}, "1916202": {"hotel_name": "\u9752\u5c9b\u5b89\u8fbe\u987a\u65c5\u9986", "order_time": ["2019-01-10 13:37:44", "2019-01-10 13:06:24"], "total_order": 2, "hotel_value": [0, 0], "hotel_price": ["41", "41"]}, "712009": {"hotel_name": "\u9752\u5c9b\u7231\u5bb6\u5ba2\u6d77\u666f\u65e5\u79df\u623f", "order_time": ["2019-01-10 13:08:11", "2019-01-10 13:41:27"], "total_order": 2, "hotel_value": ["4.8", "4.8"], "hotel_price": ["29", "29"]}, "4632410": {"hotel_name": "\u9752\u5c9b\u4e91\u6816\u6d77\u666f\u5ea6\u5047\u516c\u5bd3", "order_time": ["2019-01-10 13:08:11"], "total_order": 1, "hotel_value": ["4.7"], "hotel_price": ["105"]}, "2469555": {"hotel_name": "\u5373\u58a8\u8fb0\u5b63\u7cbe\u54c1\u9152\u5e97", "order_time": ["2019-01-10 13:08:11"], "total_order": 1, "hotel_value": ["4.5"], "hotel_price": ["214"]}, "2310196": {"hotel_name": "\u7231\u5c0a\u5ba2\u9152\u5e97(\u9752\u5c9b\u9999\u6c5f\u8def\u5e97)", "order_time": ["2019-01-10 13:08:13"], "total_order": 1, "hotel_value": ["4.4"], "hotel_price": ["62"]}, "1070435": {"hotel_name": "\u5982\u5bb6\u5feb\u6377\u9152\u5e97(\u9752\u5c9b\u6808\u6865\u706b\u8f66\u7ad9\u4e1c\u5e7f\u573a\u5e97)", "order_time": ["2019-01-10 13:30:26", "2019-01-10 13:08:19"], "total_order": 2, "hotel_value": ["4.5", "4.5"], "hotel_price": ["86", "86"]}, "8829440": {"hotel_name": "\u9752\u5c9b\u7ea2\u5c9b\u7ecf\u6d4e\u533a\u610f\u5885\u6e7e\u9152\u5e97", "order_time": ["2019-01-10 13:08:19"], "total_order": 1, "hotel_value": ["4.6"], "hotel_price": ["226"]}, "2309481": {"hotel_name": "\u5c1a\u5ba2\u4f18\u9a8f\u6021\u57ce\u9645\u9152\u5e97(\u9752\u5c9b\u5f00\u53d1\u533a\u5bcc\u6625\u6c5f\u8def\u5e97)", "order_time": ["2019-01-10 13:08:20"], "total_order": 1, "hotel_value": ["4.2"], "hotel_price": ["68"]}, "9181135": {"hotel_name": "\u6c49\u5ead\u9152\u5e97(\u9752\u5c9b\u5f00\u53d1\u533a\u957f\u6c5f\u4e2d\u8def\u5e97)", "order_time": ["2019-01-10 13:08:22"], "total_order": 1, "hotel_value": ["4.5"], "hotel_price": ["117"]}, "1269417": {"hotel_name": "\u9752\u5c9b\u5f7c\u5cb8\u9633\u5149\u4e3b\u9898\u5bbe\u9986", "order_time": ["2019-01-10 13:08:24"], "total_order": 1, "hotel_value": ["4.2"], "hotel_price": ["62"]}, "6775447": {"hotel_name": "\u6d77\u798f\u7279\u9152\u5e97(\u9752\u5c9b\u56fd\u9645\u4f1a\u5c55\u4e2d\u5fc3\u77f3\u8001\u4eba\u6d77\u6c34\u6d74\u573a\u5e97)", "order_time": ["2019-01-10 13:08:24"], "total_order": 1, "hotel_value": ["4.3"], "hotel_price": ["137"]}, "6708385": {"hotel_name": "\u9752\u5c9b\u4e30\u5fb7\u6e90\u5927\u9152\u5e97", "order_time": ["2019-01-10 13:08:28"], "total_order": 1, "hotel_value": ["4.5"], "hotel_price": ["93"]}, "2163950": {"hotel_name": "\u83b1\u897f\u8c6a\u79a7\u6765\u5546\u52a1\u9152\u5e97", "order_time": ["2019-01-10 13:09:22"], "total_order": 1, "hotel_value": ["4.6"], "hotel_price": ["94"]}, "1664209": {"hotel_name": "\u9752\u5c9b\u5929\u745e\u661f\u7a7a\u9152\u5e97", "order_time": ["2019-01-10 13:10:22", "2019-01-10 13:19:19", "2019-01-10 13:09:35", "2019-01-10 13:09:44"], "total_order": 4, "hotel_value": ["4.6", "4.6", "4.6", "4.6"], "hotel_price": ["447", "447", "447", "447"]}, "429108": {"hotel_name": "\u9752\u5c9b\u94f6\u6c99\u6ee9\u6e29\u5fb7\u59c6\u81f3\u5c0a\u9152\u5e97", "order_time": ["2019-01-10 13:10:26"], "total_order": 1, "hotel_value": ["4.5"], "hotel_price": ["505"]}, "8521786": {"hotel_name": "\u91d1\u7af9\u82d1\u84dd\u5cb8\u5ba2\u6808", "order_time": ["2019-01-10 13:10:31"], "total_order": 1, "hotel_value": ["4.7"], "hotel_price": ["81"]}, "1743849": {"hotel_name": "\u541b\u5c1a\u5047\u65e5\u9152\u5e97\u516c\u5bd3(\u9752\u5c9b\u5927\u62c7\u6307\u5e7f\u573a\u56fd\u9645\u4f1a\u5c55\u4e2d\u5fc3\u5e97)", "order_time": ["2019-01-10 13:10:36"], "total_order": 1, "hotel_value": ["4.6"], "hotel_price": ["91"]}, "8398194": {"hotel_name": "\u9752\u5c9b\u6d77\u6d6a\u9752\u5e74\u65c5\u793e", "order_time": ["2019-01-10 13:10:42"], "total_order": 1, "hotel_value": ["4.3"], "hotel_price": ["25"]}, "2387079": {"hotel_name": "\u9752\u5c9b\u91d1\u6c99\u6ee9\u671d\u9633\u6d77\u666f\u516c\u5bd3", "order_time": ["2019-01-10 13:11:26"], "total_order": 1, "hotel_value": ["4.9"], "hotel_price": ["114"]}, "2970464": {"hotel_name": "\u6613\u4f70\u8fde\u9501\u9152\u5e97\uff08\u9752\u5c9b\u706b\u8f66\u7ad9\u6808\u6865 \u5288\u67f4\u9662\u5e97\uff09", "order_time": ["2019-01-10 13:12:29"], "total_order": 1, "hotel_value": ["4.0"], "hotel_price": ["58"]}, "13737239": {"hotel_name": "\u62dc\u767b\u516c\u5bd3\u00b7\u9752\u5c9b\u5927\u62c7\u6307\u4f1a\u5c55\u4e2d\u5fc3\u5e97", "order_time": ["2019-01-10 13:12:32", "2019-01-10 13:34:47"], "total_order": 2, "hotel_value": ["4.6", "4.6"], "hotel_price": ["128", "128"]}, "8575398": {"hotel_name": "\u9752\u5c9b\u4e2d\u5730\u4e07\u8c6a\u9152\u5e97", "order_time": ["2019-01-10 13:12:32"], "total_order": 1, "hotel_value": ["4.5"], "hotel_price": ["232"]}, "436458": {"hotel_name": "\u9752\u5c9b\u6d77\u6cc9\u6e7e\u7687\u51a0\u5047\u65e5\u5ea6\u5047\u9152\u5e97", "order_time": ["2019-01-10 13:12:34"], "total_order": 1, "hotel_value": ["4.4"], "hotel_price": ["728"]}, "5380813": {"hotel_name": "\u90fd\u5e02118\uff08\u9752\u5c9b\u6d77\u5c14\u5de5\u4e1a\u56ed\u52b2\u677e\u4e03\u8def\u5e97\uff09", "order_time": ["2019-01-10 13:30:22", "2019-01-10 13:12:35"], "total_order": 2, "hotel_value": ["4.3", "4.3"], "hotel_price": ["83", "83"]}, "11420986": {"hotel_name": "\u6b27\u7f8e\u83b2\u9152\u5e97", "order_time": ["2019-01-10 13:12:40"], "total_order": 1, "hotel_value": ["4.6"], "hotel_price": ["99"]}, "1925776": {"hotel_name": "\u9752\u5c9b\u8bda\u4fe1\u5bb6\u5546\u52a1\u5bbe\u9986", "order_time": ["2019-01-10 13:12:43"], "total_order": 1, "hotel_value": ["3.4"], "hotel_price": ["48"]}, "481742": {"hotel_name": "\u9752\u5c9b\u4e16\u8d38\u6d77\u60a6\u5927\u9152\u5e97", "order_time": ["2019-01-10 13:23:55", "2019-01-10 13:14:37"], "total_order": 2, "hotel_value": ["4.7", "4.7"], "hotel_price": ["240", "240"]}, "436462": {"hotel_name": "\u9082\u9005\u7f8e\u5bbf(\u9752\u5c9b\u4e2d\u5c71\u8def\u6808\u6865\u5e97)(\u539f\u9082\u9005\u56fd\u9645\u9752\u5e74\u65c5\u820d(\u4e2d\u5c71\u8def\u5929\u4e3b\u6559\u5802\u5e97))", "order_time": ["2019-01-10 13:14:39"], "total_order": 1, "hotel_value": ["4.5"], "hotel_price": ["26"]}, "10186829": {"hotel_name": "\u9526\u6c5f\u90fd\u57ce(\u9752\u5c9b\u65b0\u90fd\u5fc3\u5e97)", "order_time": ["2019-01-10 13:14:40"], "total_order": 1, "hotel_value": ["4.6"], "hotel_price": ["246"]}, "995182": {"hotel_name": "\u94f6\u5ea7\u4f73\u9a7f\u9152\u5e97(\u9752\u5c9b\u4e94\u53f0\u5c71\u8def\u4fdd\u7a0e\u533a\u5e97)", "order_time": ["2019-01-10 13:14:40"], "total_order": 1, "hotel_value": ["4.5"], "hotel_price": ["104"]}, "480703": {"hotel_name": "\u9752\u5c9b\u91d1\u5bcc\u60a6\u7cbe\u54c1\u9152\u5e97", "order_time": ["2019-01-10 13:30:17", "2019-01-10 13:14:41"], "total_order": 2, "hotel_value": ["4.3", "4.3"], "hotel_price": ["253", "253"]}, "1200111": {"hotel_name": "\u559c\u5ba2\u6765\u5927\u9152\u5e97(\u9752\u5c9b\u6d41\u4ead\u673a\u573a\u5e97)(\u539f\u57ce\u9633\u5e97)", "order_time": ["2019-01-10 13:14:50"], "total_order": 1, "hotel_value": ["4.4"], "hotel_price": ["113"]}, "2300880": {"hotel_name": "\u5c1a\u54c1\u8fde\u9501\u9152\u5e97(\u80f6\u5dde\u5170\u5dde\u897f\u8def\u5e97)", "order_time": ["2019-01-10 13:16:16"], "total_order": 1, "hotel_value": ["4.4"], "hotel_price": ["83"]}, "15903585": {"hotel_name": "\u80f6\u5dde\u5c1a\u54c1\u7cbe\u9009\u9152\u5e97", "order_time": ["2019-01-10 13:16:18"], "total_order": 1, "hotel_value": [0], "hotel_price": ["88"]}, "2209171": {"hotel_name": "\u5c1a\u5ba2\u4f18\u54c1\u9152\u5e97(\u9752\u5c9b\u5f00\u53d1\u533a\u9999\u6c5f\u8def\u957f\u6c5f\u8d2d\u7269\u5e7f\u573a\u5e97)(\u539f\u5c1a\u5ba2\u4f18\u7cbe\u9009\u9152\u5e97)", "order_time": ["2019-01-10 13:16:56", "2019-01-10 13:30:22"], "total_order": 2, "hotel_value": ["4.7", "4.7"], "hotel_price": ["107", "107"]}, "6841720": {"hotel_name": "\u9752\u5c9b\u6d77\u6db5\u8f69\u7cbe\u54c1\u9152\u5e97", "order_time": ["2019-01-10 13:16:57"], "total_order": 1, "hotel_value": ["4.7"], "hotel_price": ["124"]}, "3090890": {"hotel_name": "\u9752\u5c9b\u9526\u665f\u534e\u5546\u52a1\u5bbe\u9986", "order_time": ["2019-01-10 13:16:59"], "total_order": 1, "hotel_value": ["4.4"], "hotel_price": ["83"]}, "23841203": {"hotel_name": "\u9f99\u6e2f\u6e7e\u9152\u5e97(\u9752\u5c9b\u65d7\u8230\u5e97)", "order_time": ["2019-01-10 13:17:00", "2019-01-10 13:36:55"], "total_order": 2, "hotel_value": ["4.3", "4.3"], "hotel_price": ["122", "122"]}, "427962": {"hotel_name": "\u5b89\u6f9c\u5bbe\u820d\u9152\u5e97(\u9752\u5c9b\u4e1c\u6d77\u4e2d\u8def\u6d77\u6ee8\u5e97)(\u539f\u5965\u5e06\u4e2d\u5fc3\u6781\u5730\u6d77\u6d0b\u4e16\u754c\u5e97)", "order_time": ["2019-01-10 13:17:02"], "total_order": 1, "hotel_value": ["4.3"], "hotel_price": ["89"]}, "1224029": {"hotel_name": "\u9752\u5c9b\u5927\u6eaa\u5730\u7cbe\u54c1\u9152\u5e97", "order_time": ["2019-01-10 13:17:07"], "total_order": 1, "hotel_value": ["4.5"], "hotel_price": ["53"]}, "2732826": {"hotel_name": "\u9752\u5c9b\u6021\u6e05\u99a8\u56ed\u5bbe\u9986", "order_time": ["2019-01-10 13:17:12"], "total_order": 1, "hotel_value": ["4.3"], "hotel_price": ["83"]}, "1224709": {"hotel_name": "\u901f8\u9152\u5e97(\u9752\u5c9b\u5f00\u53d1\u533a\u77f3\u6cb9\u5927\u5b66\u5e97)", "order_time": ["2019-01-10 13:19:13"], "total_order": 1, "hotel_value": ["4.5"], "hotel_price": ["102"]}, "8531362": {"hotel_name": "\u9752\u5c9b\u6c11\u56fd\u9152\u5e97", "order_time": ["2019-01-10 13:19:15"], "total_order": 1, "hotel_value": ["4.8"], "hotel_price": ["220"]}, "2080349": {"hotel_name": "\u80dc\u5229\u6cb9\u7530\u9752\u5c9b\u57f9\u8bad\u4e2d\u5fc3(\u80dc\u5229\u77f3\u6cb9\u7ba1\u7406\u5c40\u9752\u5c9b\u7597\u517b\u9662)", "order_time": ["2019-01-10 13:19:16"], "total_order": 1, "hotel_value": ["4.5"], "hotel_price": ["322"]}, "10661053": {"hotel_name": "\u946b\u9f99\u5047\u65e5\u9152\u5e97\uff08\u9752\u5c9b\u6b66\u5937\u5c71\u8def\u5546\u4e1a\u8857\u5e97\uff09", "order_time": ["2019-01-10 13:19:23"], "total_order": 1, "hotel_value": ["4.5"], "hotel_price": ["94"]}, "8426688": {"hotel_name": "\u5982\u5bb6\u7cbe\u9009\u9152\u5e97(\u9752\u5c9b\u706b\u8f66\u7ad9\u6808\u6865\u5e97)", "order_time": ["2019-01-10 13:19:25"], "total_order": 1, "hotel_value": ["4.6"], "hotel_price": ["160"]}, "5673703": {"hotel_name": "\u9752\u5c9b\u673a\u573a\u5bcc\u534e\u9152\u5e97(\u9999\u6e2f\u4e2d\u8def\u5e97)", "order_time": ["2019-01-10 13:19:25"], "total_order": 1, "hotel_value": ["4.5"], "hotel_price": ["206"]}, "5549364": {"hotel_name": "\u9752\u5c9b\u897f\u6d77\u5cb8\u9686\u548c\u827e\u7f8e\u5ea6\u5047\u9152\u5e97", "order_time": ["2019-01-10 13:19:25"], "total_order": 1, "hotel_value": ["4.6"], "hotel_price": ["388"]}, "939307": {"hotel_name": "\u6c49\u5ead\u9152\u5e97(\u9752\u5c9b\u4e94\u56db\u5e7f\u573a\u5e97)", "order_time": ["2019-01-10 13:19:25"], "total_order": 1, "hotel_value": ["4.5"], "hotel_price": ["198"]}, "25492407": {"hotel_name": "\u9752\u5c9b\u5149\u8c37\u516c\u5bd3\u6b22\u8fce\u60a8(\u6234\u6208\u5e84\u6751\u5206\u5e97)", "order_time": ["2019-01-10 13:19:37"], "total_order": 1, "hotel_value": [0], "hotel_price": ["90"]}, "1069293": {"hotel_name": "\u745e\u6cf0\u5c45\u5546\u52a1\u5bbe\u9986(\u9752\u5c9b\u4f1a\u5c55\u4e2d\u5fc3\u5e97)(\u539f\u53ef\u4e34\u5b81\u8fde\u9501\u9152\u5e97)(\u539f\u745e\u6cf0\u5c45\u5546\u52a1\u5bbe\u9986)", "order_time": ["2019-01-10 13:19:38"], "total_order": 1, "hotel_value": ["4.1"], "hotel_price": ["69"]}, "446858": {"hotel_name": "\u9752\u5c9b\u534e\u80fd\u5bbe\u9986", "order_time": ["2019-01-10 13:21:31"], "total_order": 1, "hotel_value": ["4.6"], "hotel_price": ["130"]}, "895414": {"hotel_name": "\u4e2d\u94c1\u9752\u5c9b\u4e2d\u5fc3\u9152\u5e97\u516c\u5bd3", "order_time": ["2019-01-10 13:21:31"], "total_order": 1, "hotel_value": ["4.6"], "hotel_price": ["319"]}, "2470071": {"hotel_name": "Q\u52a0\u00b7\u9752\u5c9b\u745e\u8c6a\u5047\u65e5\u6d77\u666f\u5ea6\u5047\u9152\u5e97\u516c\u5bd3", "order_time": ["2019-01-10 13:21:32"], "total_order": 1, "hotel_value": ["4.7"], "hotel_price": ["67"]}, "2031556": {"hotel_name": "\u9752\u5c9b\u4e2d\u8054\u81ea\u7531\u6e2f\u6e7e\u6d77\u666f\u5ea6\u5047\u516c\u5bd3", "order_time": ["2019-01-10 13:21:33"], "total_order": 1, "hotel_value": ["4.6"], "hotel_price": ["83"]}, "21808112": {"hotel_name": "\u90fd\u5e02118\u00b7\u7cbe\u9009\u9152\u5e97(\u9752\u5c9b\u57ce\u4e2d\u57ce\u5e97)", "order_time": ["2019-01-10 13:21:35"], "total_order": 1, "hotel_value": ["4.4"], "hotel_price": ["116"]}, "1360638": {"hotel_name": "\u9752\u5c9b\u6e2f\u90fd\u5bbe\u9986(\u6d41\u4ead\u673a\u573a\u5e97)", "order_time": ["2019-01-10 13:21:42"], "total_order": 1, "hotel_value": ["3.8"], "hotel_price": ["98"]}, "5380055": {"hotel_name": "\u9752\u5c9b\u91d1\u5cad\u5bbe\u9986", "order_time": ["2019-01-10 13:21:44"], "total_order": 1, "hotel_value": [0], "hotel_price": ["62"]}, "1734724": {"hotel_name": "\u9752\u5c9b\u56fd\u4fe1\u4e1c\u65b9\u4e4b\u661f\u9152\u5e97", "order_time": ["2019-01-10 13:23:48"], "total_order": 1, "hotel_value": ["4.7"], "hotel_price": ["168"]}, "2215239": {"hotel_name": "\u9752\u5c9b\u5411\u65e5\u8475\u9752\u5e74\u65c5\u820d", "order_time": ["2019-01-10 13:23:58"], "total_order": 1, "hotel_value": ["4.6"], "hotel_price": ["53"]}, "4363980": {"hotel_name": "\u540e\u6d77\u84dd\u6e7e\u5feb\u6377\u9152\u5e97(\u9752\u5c9b\u706b\u8f66\u5317\u7ad9\u5e97)", "order_time": ["2019-01-10 13:23:58"], "total_order": 1, "hotel_value": ["4.1"], "hotel_price": ["74"]}, "2013178": {"hotel_name": "\u80f6\u5dde\u540d\u4eba\u4e4b\u661f\u9152\u5e97", "order_time": ["2019-01-10 13:24:44"], "total_order": 1, "hotel_value": ["4.2"], "hotel_price": ["89"]}, "22673546": {"hotel_name": "\u9752\u5c9b\u65af\u7ef4\u767b\u5ea6\u5047\u516c\u5bd3(\u57ce\u9633\u533a\u653f\u5e9c)", "order_time": ["2019-01-10 13:25:54"], "total_order": 1, "hotel_value": ["4.8"], "hotel_price": ["123"]}, "2298529": {"hotel_name": "\u9526\u6c5f\u4e4b\u661f(\u9752\u5c9b\u5f00\u53d1\u533a\u4e95\u5188\u5c71\u8def\u5e97)", "order_time": ["2019-01-10 13:25:57"], "total_order": 1, "hotel_value": ["4.6"], "hotel_price": ["129"]}, "2389295": {"hotel_name": "\u9752\u5c9b\u6808\u6865\u5982\u5bb6\u89c2\u6d77\u65e5\u79df\u623f", "order_time": ["2019-01-10 13:26:06"], "total_order": 1, "hotel_value": ["4.7"], "hotel_price": ["33"]}, "1095993": {"hotel_name": "\u901f8\u9152\u5e97(\u80f6\u5dde\u5317\u5173\u6c47\u82f1\u540d\u90e1\u5e97)", "order_time": ["2019-01-10 13:26:52", "2019-01-10 13:29:36"], "total_order": 2, "hotel_value": ["4.4", "4.4"], "hotel_price": ["92", "92"]}, "995120": {"hotel_name": "\u94f6\u5ea7\u4f73\u9a7f\u9152\u5e97(\u9752\u5c9b\u4e2d\u592e\u5546\u52a1\u533a\u4e07\u8fbe\u5e7f\u573a\u5e97)(\u539f\u5b81\u590f\u8def\u5e97)", "order_time": ["2019-01-10 13:27:54"], "total_order": 1, "hotel_value": ["4.2"], "hotel_price": ["99"]}, "702221": {"hotel_name": "\u5373\u58a8\u5929\u6cf0\u5cea\u5c1a\u6c64\u6cc9\u6e29\u6cc9\u5ea6\u5047\u9152\u5e97(\u539f\u5929\u6cf0\u6e29\u6cc9\u9ad8\u5c14\u592b\u4e50\u6d3b\u9152\u5e97)", "order_time": ["2019-01-10 13:27:56"], "total_order": 1, "hotel_value": ["4.5"], "hotel_price": ["624"]}, "791367": {"hotel_name": "\u9752\u5c9b\u8bc1\u5927\u559c\u739b\u62c9\u96c5\u9152\u5e97", "order_time": ["2019-01-10 13:27:57"], "total_order": 1, "hotel_value": ["4.6"], "hotel_price": ["936"]}, "2094442": {"hotel_name": "\u9752\u5c9b\u91d1\u8c6a\u5546\u52a1\u5bbe\u9986", "order_time": ["2019-01-10 13:27:58"], "total_order": 1, "hotel_value": ["4.3"], "hotel_price": ["72"]}, "9152521": {"hotel_name": "\u9752\u5c9b\u597d\u5ba2\u8054\u76df\u8fde\u9501\u9152\u5e97\u7075\u5c71\u6e7e\u8def\u5546\u4e1a\u8857\u5e97", "order_time": ["2019-01-10 13:27:59"], "total_order": 1, "hotel_value": ["4.7"], "hotel_price": ["82"]}, "442272": {"hotel_name": "\u9752\u5c9b\u8fbe\u5bbe\u6c49\u767d\u91d1\u8c6a\u5ef7\u9152\u5e97(\u539f\u660e\u73e0\u6d77\u6e2f\u5927\u9152\u5e97)", "order_time": ["2019-01-10 13:28:00"], "total_order": 1, "hotel_value": ["3.8"], "hotel_price": ["97"]}, "1708181": {"hotel_name": "\u9752\u5c9b\u98ce\u5c1a\u00b7\u56db\u5b63\u5047\u65e5\u9152\u5e97(\u674e\u6751\u6b65\u884c\u8857\u5965\u514b\u65af\u5e7f\u573a\u5e97)", "order_time": ["2019-01-10 13:28:00"], "total_order": 1, "hotel_value": ["4.3"], "hotel_price": ["72"]}, "2139868": {"hotel_name": "7\u5929\u8fde\u9501\u9152\u5e97(\u9752\u5c9b\u5c71\u4e1c\u8def\u4e2d\u592e\u5546\u52a1\u533a\u5e97)", "order_time": ["2019-01-10 13:28:01"], "total_order": 1, "hotel_value": ["3.9"], "hotel_price": ["70"]}, "24045522": {"hotel_name": "\u9752\u5c9b\u6167\u6c34\u9152\u5e97", "order_time": ["2019-01-10 13:28:02"], "total_order": 1, "hotel_value": ["4.3"], "hotel_price": ["197"]}, "986295": {"hotel_name": "\u84dd\u6d77\u5927\u996d\u5e97(\u9752\u5c9b\u5d02\u5c71\u5e97)", "order_time": ["2019-01-10 13:28:03"], "total_order": 1, "hotel_value": ["4.7"], "hotel_price": ["809"]}, "1730433": {"hotel_name": "\u9752\u5c9b\u4e16\u7f18\u60c5\u5047\u65e5\u9152\u5e97", "order_time": ["2019-01-10 13:30:21"], "total_order": 1, "hotel_value": ["4.5"], "hotel_price": ["158"]}, "994246": {"hotel_name": "\u5982\u5bb6\u5feb\u6377\u9152\u5e97(\u5373\u58a8\u84dd\u9ccc\u8def\u5b9d\u9f99\u5e7f\u573a\u5e97)", "order_time": ["2019-01-10 13:30:21"], "total_order": 1, "hotel_value": ["4.5"], "hotel_price": ["98"]}, "2313553": {"hotel_name": "\u6c49\u5ead\u9152\u5e97(\u5373\u58a8\u9e64\u5c71\u8def\u5e97)", "order_time": ["2019-01-10 13:30:21"], "total_order": 1, "hotel_value": ["4.6"], "hotel_price": ["130"]}, "6085650": {"hotel_name": "\u5586\u5561\u9152\u5e97(\u9752\u5c9b\u6d41\u4ead\u56fd\u9645\u673a\u573a\u5e97)", "order_time": ["2019-01-10 13:30:22"], "total_order": 1, "hotel_value": ["4.8"], "hotel_price": ["178"]}, "2307012": {"hotel_name": "7\u5929\u8fde\u9501\u9152\u5e97(\u9752\u5c9b\u6d41\u4ead\u673a\u573a\u4e8c\u5e97)", "order_time": ["2019-01-10 13:30:22"], "total_order": 1, "hotel_value": ["3.9"], "hotel_price": ["96"]}, "1165332": {"hotel_name": "\u96c5\u60a6\u7cbe\u81f4\u9152\u5e97(\u9752\u5c9b\u53f0\u4e1c\u5564\u9152\u8857\u5e97)", "order_time": ["2019-01-10 13:30:22"], "total_order": 1, "hotel_value": ["4.3"], "hotel_price": ["83"]}, "2506339": {"hotel_name": "\u62dc\u767b\u516c\u5bd3\u00b7\u9752\u5c9b\u5d02\u5c71\u9e4f\u5229\u5357\u534e\u5e97", "order_time": ["2019-01-10 13:30:22"], "total_order": 1, "hotel_value": ["4.5"], "hotel_price": ["134"]}, "428011": {"hotel_name": "\u5982\u5bb6\u5feb\u6377\u9152\u5e97(\u9752\u5c9b\u54c8\u5c14\u6ee8\u8def\u4e07\u79d1\u57ce\u53cc\u5c71\u5730\u94c1\u7ad9\u5e97)", "order_time": ["2019-01-10 13:30:22"], "total_order": 1, "hotel_value": ["4.5"], "hotel_price": ["173"]}, "1696745": {"hotel_name": "\u798f\u81f4\u827a\u672f\u7cbe\u54c1\u9152\u5e97(\u9752\u5c9b\u5965\u5e06\u4e2d\u5fc3\u5e97)", "order_time": ["2019-01-10 13:30:22"], "total_order": 1, "hotel_value": ["4.5"], "hotel_price": ["93"]}, "994155": {"hotel_name": "\u5982\u5bb6\u5feb\u6377\u9152\u5e97(\u9752\u5c9b\u91cd\u5e86\u5357\u8def\u4e07\u79d1\u57ce\u5e97)", "order_time": ["2019-01-10 13:30:22"], "total_order": 1, "hotel_value": ["4.6"], "hotel_price": ["108"]}, "5931024": {"hotel_name": "\u9752\u5c9b\u6d77\u68e0\u5885\u6d77\u666f\u522b\u5885\u9152\u5e97\u77f3\u8001\u4eba\u6d77\u6c34\u6d74\u573a\u5e97", "order_time": ["2019-01-10 13:30:22"], "total_order": 1, "hotel_value": ["4.7"], "hotel_price": ["167"]}, "17371411": {"hotel_name": "\u9752\u5c9b\u4e1c\u65b9\u5f71\u90fd\u878d\u521b\u7687\u51a0\u5047\u65e5\u9152\u5e97(\u539f\u4e1c\u65b9\u5f71\u90fd\u4e07\u8fbe\u7687\u51a0\u5047\u65e5\u9152\u5e97)", "order_time": ["2019-01-10 13:30:22"], "total_order": 1, "hotel_value": ["4.6"], "hotel_price": ["496"]}, "2349816": {"hotel_name": "\u9752\u5c9b\u798f\u81f4\u5546\u52a1\u4e3b\u9898\u7cbe\u54c1\u9152\u5e97", "order_time": ["2019-01-10 13:30:23"], "total_order": 1, "hotel_value": ["4.5"], "hotel_price": ["89"]}, "1604945": {"hotel_name": "\u7231\u5c0a\u5ba2\u9152\u5e97(\u9752\u5c9b\u53f0\u4e1c\u6b65\u884c\u8857\u5e97)", "order_time": ["2019-01-10 13:30:24"], "total_order": 1, "hotel_value": ["4.3"], "hotel_price": ["74"]}, "1181372": {"hotel_name": "\u65b0\u4e16\u4f73\u5546\u52a1\u5bbe\u9986(\u9752\u5c9b\u57ce\u9633\u533a)", "order_time": ["2019-01-10 13:30:25"], "total_order": 1, "hotel_value": ["3.8"], "hotel_price": ["92"]}, "1613449": {"hotel_name": "\u591a\u7ef4\u7a7a\u95f4\u7cbe\u54c1\u9152\u5e97(\u9752\u5c9b\u674e\u6751\u6b65\u884c\u8857\u5e97)", "order_time": ["2019-01-10 13:30:26"], "total_order": 1, "hotel_value": ["4.3"], "hotel_price": ["122"]}, "455030": {"hotel_name": "\u6c49\u5ead\u9152\u5e97\uff08\u9752\u5c9b\u5ef6\u5b89\u4e09\u8def\u829d\u6cc9\u8def\u5730\u94c1\u7ad9\u5e97\uff09\uff08\u539f\u9999\u6e2f\u4e2d\u8def\u5e97\uff09", "order_time": ["2019-01-10 13:30:26"], "total_order": 1, "hotel_value": ["4.1"], "hotel_price": ["157"]}, "23570404": {"hotel_name": "\u9752\u5c9b\u5e1d\u6d77\u7535\u5f71\u9152\u5e97", "order_time": ["2019-01-10 13:30:26"], "total_order": 1, "hotel_value": ["4.4"], "hotel_price": ["135"]}, "2346219": {"hotel_name": "\u661f\u7a0b\u9152\u5e97(\u9752\u5c9b\u9999\u6e2f\u4e2d\u8def\u5e97)", "order_time": ["2019-01-10 13:30:26"], "total_order": 1, "hotel_value": ["3.7"], "hotel_price": ["109"]}, "994192": {"hotel_name": "\u5982\u5bb6\u5feb\u6377\u9152\u5e97(\u5373\u58a8\u9e64\u5c71\u8def\u5927\u94dc\u9a6c\u5e7f\u573a\u5e97)", "order_time": ["2019-01-10 13:41:33", "2019-01-10 13:30:26"], "total_order": 2, "hotel_value": ["4.6", "4.6"], "hotel_price": ["95", "95"]}, "690618": {"hotel_name": "\u9752\u5c9b\u4e09\u516d\u516b\u8fde\u9501\u5bbe\u9986(\u6d41\u4ead\u673a\u573a\u5e97)", "order_time": ["2019-01-10 13:30:28"], "total_order": 1, "hotel_value": ["4.0"], "hotel_price": ["71"]}, "6871026": {"hotel_name": "\u9752\u5c9b\u9014\u7a0b\u5bbe\u9986\u6d41\u4ead\u673a\u573a\u5e97", "order_time": ["2019-01-10 13:30:33"], "total_order": 1, "hotel_value": ["4.7"], "hotel_price": ["73"]}, "16100741": {"hotel_name": "\u9752\u5c9b\u540e\u6765\u516c\u5bd3", "order_time": ["2019-01-10 13:33:02"], "total_order": 1, "hotel_value": [0], "hotel_price": ["256"]}, "1480178": {"hotel_name": "\u9752\u5c9b\u9c81\u798f\u7f18\u5bbe\u9986", "order_time": ["2019-01-10 13:33:24"], "total_order": 1, "hotel_value": ["4.7"], "hotel_price": ["63"]}, "1406851": {"hotel_name": "\u5982\u5bb6\u777f\u67cf\u00b7\u4e91\u9152\u5e97(\u9752\u5c9b\u5f00\u53d1\u533a\u9999\u6c5f\u8def\u5546\u4e1a\u8857\u5229\u7fa4\u5e97)", "order_time": ["2019-01-10 13:34:45"], "total_order": 1, "hotel_value": ["4.6"], "hotel_price": ["110"]}, "1502494": {"hotel_name": "\u5982\u5bb6\u5feb\u6377\u9152\u5e97(\u9752\u5c9b\u706b\u8f66\u7ad9\u6808\u6865\u5e97)", "order_time": ["2019-01-10 13:34:49"], "total_order": 1, "hotel_value": ["4.2"], "hotel_price": ["74"]}, "1571353": {"hotel_name": "\u9752\u5c9b\u9e3f\u798f\u4e4b\u5bb6\u65c5\u9986(\u539f\u5170\u96e8\u4e4b\u5bb6\u65c5\u9986)", "order_time": ["2019-01-10 13:35:02"], "total_order": 1, "hotel_value": ["4.3"], "hotel_price": ["27"]}, "2246206": {"hotel_name": "\u9752\u5c9b\u6c34\u672858\u8587\u5bbe\u9986", "order_time": ["2019-01-10 13:35:03"], "total_order": 1, "hotel_value": [0], "hotel_price": ["47"]}, "2055623": {"hotel_name": "\u90fd\u5e02118(\u9752\u5c9b\u91d1\u6c99\u6ee9\u5564\u9152\u57ce\u5e97)", "order_time": ["2019-01-10 13:35:03"], "total_order": 1, "hotel_value": ["3.7"], "hotel_price": ["72"]}, "427967": {"hotel_name": "\u5982\u5bb6\u5feb\u6377\u9152\u5e97(\u9752\u5c9b\u6808\u6865\u706b\u8f66\u7ad9\u5e7f\u573a\u5e97)", "order_time": ["2019-01-10 13:35:03"], "total_order": 1, "hotel_value": ["4.2"], "hotel_price": ["75"]}, "8669673": {"hotel_name": "\u9752\u5c9b\u8fbe\u5bbe\u6c49\u767d\u91d1\u9152\u5e97", "order_time": ["2019-01-10 13:35:03"], "total_order": 1, "hotel_value": ["3.9"], "hotel_price": ["182"]}, "2343941": {"hotel_name": "\u9752\u5c9b\u5c0f\u57ce\u6545\u4e8b\u9152\u5e97\u516c\u5bd3", "order_time": ["2019-01-10 13:35:46"], "total_order": 1, "hotel_value": ["4.8"], "hotel_price": ["72"]}, "1868149": {"hotel_name": "\u5982\u5bb6\u5feb\u6377\u9152\u5e97(\u80f6\u5dde\u798f\u5dde\u5357\u8def\u5e97)", "order_time": ["2019-01-10 13:35:49"], "total_order": 1, "hotel_value": ["4.2"], "hotel_price": ["110"]}, "8901400": {"hotel_name": "\u6c49\u5ead\u9152\u5e97(\u9752\u5c9b\u6808\u6865\u706b\u8f66\u7ad9\u5e97)", "order_time": ["2019-01-10 13:36:55"], "total_order": 1, "hotel_value": ["4.5"], "hotel_price": ["104"]}, "16900448": {"hotel_name": "\u9752\u5c9b\u4e1c\u65b9\u5f71\u90fd\u878d\u521b\u4e07\u8fbe\u5609\u534e\u9152\u5e97", "order_time": ["2019-01-10 13:36:59"], "total_order": 1, "hotel_value": ["4.6"], "hotel_price": ["1288"]}, "1634516": {"hotel_name": "\u83b1\u897f\u51ef\u5c14\u7279\u5546\u52a1\u9152\u5e97", "order_time": ["2019-01-10 13:38:24"], "total_order": 1, "hotel_value": ["3.5"], "hotel_price": ["78"]}, "853604": {"hotel_name": "\u5982\u5bb6\u5feb\u6377\u9152\u5e97(\u9752\u5c9b\u56db\u6d41\u5357\u8def\u5e97)", "order_time": ["2019-01-10 13:39:12"], "total_order": 1, "hotel_value": ["4.4"], "hotel_price": ["83"]}, "2057366": {"hotel_name": "\u5982\u5bb6\u5feb\u6377\u9152\u5e97(\u9752\u5c9b\u91cd\u5e86\u4e2d\u8def\u674e\u6ca7\u6b65\u884c\u8857\u5e97)", "order_time": ["2019-01-10 13:39:14"], "total_order": 1, "hotel_value": ["4.5"], "hotel_price": ["106"]}, "654493": {"hotel_name": "\u9752\u5c9b\u590d\u76db\u5927\u9152\u5e97", "order_time": ["2019-01-10 13:39:17"], "total_order": 1, "hotel_value": ["4.3"], "hotel_price": ["336"]}, "1483797": {"hotel_name": "\u9752\u5c9b\u5927\u62c7\u6307\u5e7f\u573a\u00b7\u6d77\u4e4b\u6770\u5047\u65e5\u9152\u5e97", "order_time": ["2019-01-10 13:39:17"], "total_order": 1, "hotel_value": ["4.5"], "hotel_price": ["115"]}, "1942102": {"hotel_name": "\u683c\u6797\u8c6a\u6cf0\u9152\u5e97(\u9752\u5c9b\u4e66\u9662\u8def\u8fbe\u7fc1\u5e7f\u573a\u5e97)", "order_time": ["2019-01-10 13:39:19"], "total_order": 1, "hotel_value": ["4.3"], "hotel_price": ["81"]}, "2084467": {"hotel_name": "\u9752\u5c9b678\u673a\u573a\u516c\u5bd3\u9152\u5e97(\u7533\u6e2f\u82b1\u56ed\u5e97)", "order_time": ["2019-01-10 13:39:21"], "total_order": 1, "hotel_value": ["4.6"], "hotel_price": ["110"]}, "8792702": {"hotel_name": "\u9752\u5c9bU\u9152\u5e97", "order_time": ["2019-01-10 13:39:26"], "total_order": 1, "hotel_value": ["4.8"], "hotel_price": ["528"]}, "9361728": {"hotel_name": "\u9752\u5c9b\u6d45\u91ce\u516c\u5bd3", "order_time": ["2019-01-10 13:41:31"], "total_order": 1, "hotel_value": ["4.6"], "hotel_price": ["107"]}, "1217842": {"hotel_name": "\u9752\u5c9b\u5927\u62c7\u6307\u5e7f\u573a\u00b7\u9999\u4e3d\u820d\u9152\u5e97\u516c\u5bd3", "order_time": ["2019-01-10 13:41:36"], "total_order": 1, "hotel_value": ["4.3"], "hotel_price": ["82"]}, "24928278": {"hotel_name": "\u9752\u5c9b\u4e0a\u4e4b\u5408\u5546\u52a1\u9152\u5e97", "order_time": ["2019-01-10 13:41:43"], "total_order": 1, "hotel_value": [0], "hotel_price": ["64"]}, "5982464": {"hotel_name": "\u51ef\u65cb\u6d77\u666f\u65e5\u79df\u623f(\u9752\u5c9b\u706b\u8f66\u7ad9\u6808\u6865\u5e97)", "order_time": ["2019-01-10 13:41:52"], "total_order": 1, "hotel_value": ["4.4"], "hotel_price": ["30"]}}}