{"\u5f00\u59cb\u8bb0\u5f55\u65f6\u95f4": "2019-01-19 05:41:18", "\u7ed3\u675f\u8bb0\u5f55\u65f6\u95f4": "2019-01-19 06:51:17", "\u8ba2\u5355\u603b\u589e\u91cf": 42, "item": {"669757": {"hotel_name": "\u9752\u5c9b\u5b9d\u9f99\u827a\u7b51\u9152\u5e97", "order_time": ["2019-01-19 05:44:25"], "total_order": 1, "hotel_value": ["4.5"], "hotel_price": ["178"]}, "16018600": {"hotel_name": "\u683c\u6797\u4e1c\u65b9\u9152\u5e97(\u9752\u5c9b\u4e16\u7eaa\u516c\u56ed\u6d41\u4ead\u673a\u573a\u5e97)", "order_time": ["2019-01-19 05:44:27"], "total_order": 1, "hotel_value": ["4.5"], "hotel_price": ["139"]}, "8982407": {"hotel_name": "\u4f0a\u7f8e\u841d\u8587\u6d77\u666f\u522b\u5885\u9152\u5e97(\u9752\u5c9b\u516b\u5927\u5173\u666f\u533a\u5e97)", "order_time": ["2019-01-19 05:46:51"], "total_order": 1, "hotel_value": ["4.9"], "hotel_price": ["589"]}, "1316389": {"hotel_name": "\u6c49\u5ead\u9152\u5e97\uff08\u9752\u5c9b\u91cd\u5e86\u5357\u8def\u65b0\u90fd\u5fc3\u5e97\uff09\uff08\u539f\u91cd\u5e86\u5357\u8def\u5e97\uff09", "order_time": ["2019-01-19 05:46:54"], "total_order": 1, "hotel_value": ["4.4"], "hotel_price": ["151"]}, "439773": {"hotel_name": "\u9752\u5c9b\u8fdc\u96c4\u60a6\u6765\u9152\u5e97\u516c\u5bd3", "order_time": ["2019-01-19 05:51:54"], "total_order": 1, "hotel_value": ["4.6"], "hotel_price": ["459"]}, "427960": {"hotel_name": "\u5982\u5bb6\u5feb\u6377\u9152\u5e97(\u9752\u5c9b\u6d41\u4ead\u673a\u573a\u6c7d\u8f66\u5317\u7ad9\u5e97 )", "order_time": ["2019-01-19 05:56:30"], "total_order": 1, "hotel_value": ["4.4"], "hotel_price": ["145"]}, "1200168": {"hotel_name": "\u7ef4\u4e5f\u7eb3\u9152\u5e97(\u80f6\u5dde\u5e97)", "order_time": ["2019-01-19 05:57:53"], "total_order": 1, "hotel_value": ["4.7"], "hotel_price": ["268"]}, "6608537": {"hotel_name": "\u6854\u5b50\u9152\u5e97\u00b7\u7cbe\u9009(\u9752\u5c9b\u56db\u6d41\u5357\u8def\u5e97)", "order_time": ["2019-01-19 05:58:58"], "total_order": 1, "hotel_value": ["4.9"], "hotel_price": ["275"]}, "25270439": {"hotel_name": "\u9752\u5c9b\u673a\u573a\u4e16\u7eaa\u516c\u56ed\u4e9a\u6735\u9152\u5e97", "order_time": ["2019-01-19 05:58:58"], "total_order": 1, "hotel_value": ["4.9"], "hotel_price": ["285"]}, "8953561": {"hotel_name": "\u9752\u5c9b\u4e00\u6240\u5ea6\u5047\u516c\u5bd3(\u68a6\u65f6\u4ee3\u5e7f\u573a\u5e97)", "order_time": ["2019-01-19 06:03:33"], "total_order": 1, "hotel_value": ["4.7"], "hotel_price": ["83"]}, "486063": {"hotel_name": "\u9752\u5c9b\u56fd\u4fe1\u6d77\u5929\u4f53\u80b2\u4e2d\u5fc3\u9152\u5e97", "order_time": ["2019-01-19 06:07:53"], "total_order": 1, "hotel_value": ["4.5"], "hotel_price": ["190"]}, "9196940": {"hotel_name": "\u9752\u5c9b\u7231\u946b\u6d77\u5bbe\u9986", "order_time": ["2019-01-19 06:08:05"], "total_order": 1, "hotel_value": ["2.8"], "hotel_price": ["95"]}, "801573": {"hotel_name": "\u9752\u5c9b\u5eb7\u5927\u8c6a\u751f\u5927\u9152\u5e97", "order_time": ["2019-01-19 06:08:12"], "total_order": 1, "hotel_value": ["4.7"], "hotel_price": ["394"]}, "1541913": {"hotel_name": "\u9752\u5c9b\u6c11\u822a\u673a\u573a\u5bbe\u9986", "order_time": ["2019-01-19 06:22:01", "2019-01-19 06:10:17"], "total_order": 2, "hotel_value": ["4.5", "4.5"], "hotel_price": ["308", "308"]}, "1048386": {"hotel_name": "\u6854\u5b50\u9152\u5e97\u00b7\u7cbe\u9009(\u9752\u5c9b\u5965\u5e06\u4e2d\u5fc3\u5e97)(\u539f\u4e94\u56db\u5e7f\u573a\u5e97)", "order_time": ["2019-01-19 06:14:55", "2019-01-19 06:33:52"], "total_order": 2, "hotel_value": ["4.8", "4.8"], "hotel_price": ["246", "246"]}, "438764": {"hotel_name": "\u9752\u5c9b\u56fd\u4fe1\u6d77\u5929\u5927\u5267\u9662\u9152\u5e97", "order_time": ["2019-01-19 06:14:57"], "total_order": 1, "hotel_value": ["4.7"], "hotel_price": ["268"]}, "2304442": {"hotel_name": "7\u5929\u8fde\u9501\u9152\u5e97(\u9752\u5c9b\u6c7d\u8f66\u5317\u7ad9\u5e97)", "order_time": ["2019-01-19 06:15:01"], "total_order": 1, "hotel_value": ["3.9"], "hotel_price": ["99"]}, "443620": {"hotel_name": "\u9752\u5c9b\u6b66\u80dc\u5173\u5ea6\u5047\u9152\u5e97", "order_time": ["2019-01-19 06:15:19"], "total_order": 1, "hotel_value": ["4.6"], "hotel_price": ["256"]}, "995168": {"hotel_name": "\u94f6\u5ea7\u4f73\u9a7f\u9152\u5e97(\u5373\u58a8\u9e64\u5c71\u8def\u4f73\u4e50\u5bb6\u4e8c\u5e97)", "order_time": ["2019-01-19 06:19:39"], "total_order": 1, "hotel_value": ["4.4"], "hotel_price": ["81"]}, "5908521": {"hotel_name": "\u5982\u5bb6\u5feb\u6377\u9152\u5e97(\u9752\u5c9b\u6d41\u4ead\u673a\u573a\u6c11\u822a\u8def\u5e97)", "order_time": ["2019-01-19 06:21:55"], "total_order": 1, "hotel_value": ["4.4"], "hotel_price": ["118"]}, "4678399": {"hotel_name": "\u9752\u5c9bCHINA\u516c\u793e\u9996\u5e9c\u9152\u5e97", "order_time": ["2019-01-19 06:22:03"], "total_order": 1, "hotel_value": ["4.2"], "hotel_price": ["438"]}, "5998475": {"hotel_name": "\u6db5\u820d\u60a6\u5c45\u7cbe\u54c1\u9152\u5e97(\u9752\u5c9b\u4e07\u5e74\u6cc9\u8def\u5730\u94c1\u7ad9\u5e97)", "order_time": ["2019-01-19 06:22:15"], "total_order": 1, "hotel_value": ["4.6"], "hotel_price": ["199"]}, "5999421": {"hotel_name": "\u7a7a\u94c1\u5047\u65e5\u9152\u5e97\u516c\u5bd3(\u9752\u5c9b\u673a\u573a\u5e97)", "order_time": ["2019-01-19 06:26:30"], "total_order": 1, "hotel_value": ["4.6"], "hotel_price": ["184"]}, "8417192": {"hotel_name": "\u9752\u5c9b\u82b1\u6735\u5feb\u6377\u9152\u5e97", "order_time": ["2019-01-19 06:26:30"], "total_order": 1, "hotel_value": ["4.4"], "hotel_price": ["114"]}, "9133707": {"hotel_name": "\u683c\u5170\u9152\u5e97\u516c\u5bd3(\u9752\u5c9b\u5965\u5e06\u4e2d\u5fc3\u4e3d\u6676\u5fa1\u7b51\u5e97)(\u539f\u9999\u6e2f\u4e2d\u8def\u5e97)", "order_time": ["2019-01-19 06:26:50"], "total_order": 1, "hotel_value": ["4.4"], "hotel_price": ["153"]}, "5463838": {"hotel_name": "\u9752\u5c9b\u7761\u673a\u573a\u9152\u5e97", "order_time": ["2019-01-19 06:28:56"], "total_order": 1, "hotel_value": ["4.3"], "hotel_price": ["146"]}, "19438626": {"hotel_name": "\u65af\u7ef4\u767b\u5ea6\u5047\u516c\u5bd3(\u9752\u5c9b\u91d1\u6c99\u6ee9\u540d\u5609\u56fd\u9645)", "order_time": ["2019-01-19 06:28:57"], "total_order": 1, "hotel_value": ["4.7"], "hotel_price": ["160"]}, "994086": {"hotel_name": "\u5982\u5bb6\u5feb\u6377\u9152\u5e97(\u9752\u5c9b\u6d77\u5c14\u8def\u5730\u94c1\u7ad9\u9752\u5c71\u8def\u5e97)", "order_time": ["2019-01-19 06:31:15"], "total_order": 1, "hotel_value": ["4.5"], "hotel_price": ["105"]}, "427991": {"hotel_name": "\u5982\u5bb6\u5feb\u6377\u9152\u5e97(\u9752\u5c9b\u53f0\u4e1c\u5546\u4e1a\u533a\u5229\u6d25\u8def\u5e97)", "order_time": ["2019-01-19 06:31:18"], "total_order": 1, "hotel_value": ["4.4"], "hotel_price": ["86"]}, "2017994": {"hotel_name": "\u80f6\u5dde\u946b\u9f99\u5047\u65e5\u9152\u5e97\u6c7d\u8f66\u603b\u7ad9\u5e97", "order_time": ["2019-01-19 06:32:35"], "total_order": 1, "hotel_value": ["4.7"], "hotel_price": ["84"]}, "24054043": {"hotel_name": "\u83b1\u897f\u80dc\u98de\u5546\u52a1\u9152\u5e97", "order_time": ["2019-01-19 06:34:38"], "total_order": 1, "hotel_value": ["4.9"], "hotel_price": ["111"]}, "6284231": {"hotel_name": "\u9752\u5c9b\u745e\u5947\u6d77\u666f\u5ea6\u5047\u516c\u5bd3\u4e2d\u8054\u81ea\u7531\u6e2f\u6e7e\u5e97", "order_time": ["2019-01-19 06:38:08"], "total_order": 1, "hotel_value": ["4.7"], "hotel_price": ["135"]}, "994153": {"hotel_name": "\u5982\u5bb6\u5feb\u6377\u9152\u5e97(\u9752\u5c9b\u706b\u8f66\u5317\u7ad9\u5e97)", "order_time": ["2019-01-19 06:38:10"], "total_order": 1, "hotel_value": ["4.3"], "hotel_price": ["170"]}, "8545591": {"hotel_name": "\u9752\u5c9b\u53ef\u4e34\u5b81\u8fde\u9501\u9152\u5e97\u5f00\u53d1\u533a\u4fdd\u7a0e\u533a\u897f\u95e8\u5e97", "order_time": ["2019-01-19 06:40:41"], "total_order": 1, "hotel_value": ["4.1"], "hotel_price": ["89"]}, "2785519": {"hotel_name": "\u83b1\u897f\u897f\u519c\u5546\u52a1\u9152\u5e97", "order_time": ["2019-01-19 06:41:36"], "total_order": 1, "hotel_value": ["4.3"], "hotel_price": ["76"]}, "6875807": {"hotel_name": "\u9752\u5c9b\u4e3d\u90fd\u9152\u5e97\u5f0f\u516c\u5bd3\u706b\u8f66\u7ad9\u6808\u6865\u5e97", "order_time": ["2019-01-19 06:43:02"], "total_order": 1, "hotel_value": ["4.3"], "hotel_price": ["91"]}, "994155": {"hotel_name": "\u5982\u5bb6\u5feb\u6377\u9152\u5e97(\u9752\u5c9b\u91cd\u5e86\u5357\u8def\u4e07\u79d1\u57ce\u5e97)", "order_time": ["2019-01-19 06:45:11"], "total_order": 1, "hotel_value": ["4.6"], "hotel_price": ["119"]}, "21122269": {"hotel_name": "\u9752\u5c9b\u84dd\u6735\u6d77\u666f\u5047\u65e5\u516c\u5bd3", "order_time": ["2019-01-19 06:45:12"], "total_order": 1, "hotel_value": ["4.9"], "hotel_price": ["593"]}, "1371788": {"hotel_name": "\u6854\u5b50\u00b7\u6c34\u6676\u9152\u5e97(\u9752\u5c9b\u4e94\u56db\u5e7f\u573a\u6d77\u666f\u5e97)", "order_time": ["2019-01-19 06:47:24"], "total_order": 1, "hotel_value": ["4.7"], "hotel_price": ["332"]}, "840717": {"hotel_name": "\u9752\u5c9b\u674e\u6ca7\u7eff\u57ce\u559c\u6765\u767b\u9152\u5e97", "order_time": ["2019-01-19 06:49:44"], "total_order": 1, "hotel_value": ["4.7"], "hotel_price": ["658"]}}}