{"\u5f00\u59cb\u8bb0\u5f55\u65f6\u95f4": "2019-01-11 16:06:51", "\u7ed3\u675f\u8bb0\u5f55\u65f6\u95f4": "2019-01-11 17:14:07", "\u8ba2\u5355\u603b\u589e\u91cf": 364, "item": {"4725953": {"hotel_name": "\u9526\u6c5f\u90fd\u57ce\u9152\u5e97(\u9752\u5c9b\u57ce\u9633\u533a\u653f\u5e9c\u5e97)", "order_time": ["2019-01-11 16:09:41"], "total_order": 1, "hotel_value": ["4.6"], "hotel_price": ["239"]}, "12252847": {"hotel_name": "\u9752\u5c9b\u9890\u84dd\u5fc3\u820d\u9152\u5e97", "order_time": ["2019-01-11 16:09:42"], "total_order": 1, "hotel_value": ["4.6"], "hotel_price": ["169"]}, "1914564": {"hotel_name": "\u5373\u58a8\u8fc8\u8fbe\u5ea6\u5047\u9152\u5e97", "order_time": ["2019-01-11 16:09:43", "2019-01-11 16:30:32"], "total_order": 2, "hotel_value": ["4.2", "4.2"], "hotel_price": ["81", "81"]}, "455485": {"hotel_name": "\u9752\u5c9b\u5e9c\u65b0\u5927\u53a6", "order_time": ["2019-01-11 16:09:45"], "total_order": 1, "hotel_value": ["4.7"], "hotel_price": ["396"]}, "8918072": {"hotel_name": "\u9752\u5c9b\u871c\u6d77\u4e34\u6d77\u5ea6\u5047\u522b\u5885", "order_time": ["2019-01-11 16:09:45"], "total_order": 1, "hotel_value": ["4.8"], "hotel_price": ["268"]}, "2307012": {"hotel_name": "7\u5929\u8fde\u9501\u9152\u5e97(\u9752\u5c9b\u6d41\u4ead\u673a\u573a\u4e8c\u5e97)", "order_time": ["2019-01-11 16:09:45"], "total_order": 1, "hotel_value": ["3.9"], "hotel_price": ["99"]}, "21678840": {"hotel_name": "\u51ef\u66fc\u516c\u5bd3(\u9752\u5c9b\u6b63\u9633\u4e2d\u8def\u5e97)", "order_time": ["2019-01-11 16:09:46"], "total_order": 1, "hotel_value": ["4.6"], "hotel_price": ["118"]}, "794951": {"hotel_name": "\u9752\u5c9b\u673a\u573a\u53cb\u4fe1\u822a\u7a7a\u516c\u5bd3", "order_time": ["2019-01-11 16:09:46"], "total_order": 1, "hotel_value": ["4.0"], "hotel_price": ["130"]}, "425590": {"hotel_name": "\u9752\u5c9b\u946b\u6c5f\u6e29\u5fb7\u59c6\u9152\u5e97", "order_time": ["2019-01-11 16:09:53", "2019-01-11 16:21:26"], "total_order": 2, "hotel_value": ["4.8", "4.8"], "hotel_price": ["498", "498"]}, "2085688": {"hotel_name": "\u5e73\u5ea6\u84dd\u78e8\u574a\u4e3b\u9898\u9152\u5e97", "order_time": ["2019-01-11 16:11:00"], "total_order": 1, "hotel_value": ["3.9"], "hotel_price": ["105"]}, "1054145": {"hotel_name": "\u9752\u5c9b\u8212\u5fc3\u9601\u5bbe\u9986", "order_time": ["2019-01-11 16:12:02"], "total_order": 1, "hotel_value": ["4.1"], "hotel_price": ["71"]}, "22673546": {"hotel_name": "\u9752\u5c9b\u65af\u7ef4\u767b\u5ea6\u5047\u516c\u5bd3(\u57ce\u9633\u533a\u653f\u5e9c)", "order_time": ["2019-01-11 16:12:03", "2019-01-11 16:59:09"], "total_order": 2, "hotel_value": ["4.8", "4.8"], "hotel_price": ["139", "139"]}, "1360631": {"hotel_name": "\u5c1a\u5ba2\u4f18\u5feb\u6377\u9152\u5e97(\u9752\u5c9b\u5965\u5e06\u4e2d\u5fc3\u5e97)", "order_time": ["2019-01-11 16:21:22", "2019-01-11 16:12:04", "2019-01-11 16:39:13"], "total_order": 3, "hotel_value": ["4.0", "4.0", "4.0"], "hotel_price": ["85", "85", "85"]}, "430419": {"hotel_name": "\u9752\u5c9b\u4e2d\u5fc3\u5047\u65e5\u9152\u5e97", "order_time": ["2019-01-11 16:59:08", "2019-01-11 16:12:04"], "total_order": 2, "hotel_value": ["4.7", "4.7"], "hotel_price": ["543", "543"]}, "446500": {"hotel_name": "\u7cbe\u9014\u9152\u5e97(\u9752\u5c9b\u56fd\u9645\u4f1a\u5c55\u4e2d\u5fc3\u5e97)(\u539f\u57ce\u5e02\u5bb6\u5546\u52a1\u9152\u5e97\u4f1a\u5c55\u4e2d\u5fc3\u5e97)", "order_time": ["2019-01-11 16:12:06", "2019-01-11 16:34:36", "2019-01-11 16:19:08"], "total_order": 3, "hotel_value": ["4.2", "4.2", "4.3"], "hotel_price": ["114", "114", "114"]}, "9210540": {"hotel_name": "\u5982\u5bb6\u5546\u65c5\u9152\u5e97(\u9752\u5c9b\u6808\u6865\u706b\u8f66\u7ad9\u5730\u94c1\u7ad9\u5e97)", "order_time": ["2019-01-11 17:01:24", "2019-01-11 16:12:06", "2019-01-11 16:21:24", "2019-01-11 16:39:17", "2019-01-11 16:34:36"], "total_order": 5, "hotel_value": ["4.7", "4.7", "4.7", "4.7", "4.7"], "hotel_price": ["108", "108", "108", "108", "108"]}, "371190": {"hotel_name": "\u9752\u5c9b\u9999\u683c\u91cc\u62c9\u5927\u9152\u5e97", "order_time": ["2019-01-11 16:12:06", "2019-01-11 16:21:24"], "total_order": 2, "hotel_value": ["4.7", "4.7"], "hotel_price": ["748", "748"]}, "5214763": {"hotel_name": "\u9752\u5c9b\u65af\u7ef4\u767b\u5ea6\u5047\u516c\u5bd3(\u5965\u5e06\u4e94\u56db\u5e7f\u573a\u4e07\u8c61\u57ce)", "order_time": ["2019-01-11 16:12:06"], "total_order": 1, "hotel_value": ["4.8"], "hotel_price": ["247"]}, "1165332": {"hotel_name": "\u96c5\u60a6\u7cbe\u81f4\u9152\u5e97(\u9752\u5c9b\u53f0\u4e1c\u5564\u9152\u8857\u5e97)", "order_time": ["2019-01-11 16:12:07"], "total_order": 1, "hotel_value": ["4.3"], "hotel_price": ["83"]}, "7859115": {"hotel_name": "\u66e6\u9014\u00b7\u672a\u6765\u667a\u80fd\u5ea6\u5047\u516c\u5bd3(\u9752\u5c9b\u5965\u5e06\u4e94\u56db\u5e7f\u573a\u4e07\u8c61\u57ce\u5e97)", "order_time": ["2019-01-11 16:12:09", "2019-01-11 16:32:30"], "total_order": 2, "hotel_value": ["4.8", "4.8"], "hotel_price": ["222", "222"]}, "1886434": {"hotel_name": "\u7231\u820d\u7a7a\u95f4\u4e3b\u9898\u6982\u5ff5\u9152\u5e97(\u9752\u5c9b\u5965\u5e06\u4e2d\u5fc3\u738b\u5b50\u98ce\u5c1a\u5e97)", "order_time": ["2019-01-11 16:12:10"], "total_order": 1, "hotel_value": ["4.6"], "hotel_price": ["93"]}, "5689807": {"hotel_name": "\u6c40\u6f9c\u9152\u5e97\u516c\u5bd3(\u9752\u5c9b\u4e94\u56db\u5e7f\u573a\u4e2d\u94c1\u4e2d\u5fc3\u5e97)", "order_time": ["2019-01-11 16:12:11"], "total_order": 1, "hotel_value": ["4.8"], "hotel_price": ["234"]}, "1640639": {"hotel_name": "\u9752\u5c9b\u6da6\u6625\u6765\u9152\u5e97", "order_time": ["2019-01-11 16:12:15"], "total_order": 1, "hotel_value": ["4.5"], "hotel_price": ["178"]}, "995120": {"hotel_name": "\u94f6\u5ea7\u4f73\u9a7f\u9152\u5e97(\u9752\u5c9b\u4e2d\u592e\u5546\u52a1\u533a\u4e07\u8fbe\u5e7f\u573a\u5e97)(\u539f\u5b81\u590f\u8def\u5e97)", "order_time": ["2019-01-11 16:12:17", "2019-01-11 16:41:32"], "total_order": 2, "hotel_value": ["4.2", "4.2"], "hotel_price": ["99", "104"]}, "1048386": {"hotel_name": "\u6854\u5b50\u9152\u5e97\u00b7\u7cbe\u9009(\u9752\u5c9b\u5965\u5e06\u4e2d\u5fc3\u5e97)(\u539f\u4e94\u56db\u5e7f\u573a\u5e97)", "order_time": ["2019-01-11 16:14:23", "2019-01-11 16:28:15"], "total_order": 2, "hotel_value": ["4.8", "4.8"], "hotel_price": ["265", "265"]}, "1182386": {"hotel_name": "Inhotels&\u76f8\u9685\u7cbe\u5bbf(\u9752\u5c9b\u4e07\u8c61\u57ce\u5e97)", "order_time": ["2019-01-11 16:14:23"], "total_order": 1, "hotel_value": ["4.5"], "hotel_price": ["101"]}, "1774898": {"hotel_name": "\u6c49\u5ead\u9152\u5e97(\u9752\u5c9b\u706b\u8f66\u5317\u7ad9\u5e97)", "order_time": ["2019-01-11 16:14:23"], "total_order": 1, "hotel_value": ["4.3"], "hotel_price": ["180"]}, "2318320": {"hotel_name": "\u5b63\u5bb6\u9152\u5e97\u5f0f\u516c\u5bd3(\u9752\u5c9b\u56fd\u4fe1\u7d2b\u4e91\u53f0\u5e97)", "order_time": ["2019-01-11 16:14:24"], "total_order": 1, "hotel_value": ["4.2"], "hotel_price": ["90"]}, "2379128": {"hotel_name": "\u90fd\u5e02118\u8fde\u9501\u9152\u5e97(\u9752\u5c9b\u8f9b\u5b89\u5e97)", "order_time": ["2019-01-11 16:14:27"], "total_order": 1, "hotel_value": ["4.5"], "hotel_price": ["90"]}, "2717691": {"hotel_name": "\u6587\u6d77\u56fd\u9645\u9152\u5e97(\u9752\u5c9b\u91d1\u6c99\u6ee9\u5e97)", "order_time": ["2019-01-11 17:01:23", "2019-01-11 16:14:28"], "total_order": 2, "hotel_value": ["4.6", "4.6"], "hotel_price": ["191", "191"]}, "443976": {"hotel_name": "\u90fd\u5e02118(\u9752\u5c9b\u674e\u6ca7\u6b65\u884c\u8857\u5e97)", "order_time": ["2019-01-11 16:14:28"], "total_order": 1, "hotel_value": ["4.6"], "hotel_price": ["84"]}, "891096": {"hotel_name": "\u84dd\u6d77\u5927\u996d\u5e97(\u9752\u5c9b\u541b\u5cf0\u8def\u5730\u94c1\u7ad9\u5e97)(\u539f\u674e\u6ca7\u5e97)", "order_time": ["2019-01-11 16:14:28", "2019-01-11 16:34:36"], "total_order": 2, "hotel_value": ["4.6", "4.6"], "hotel_price": ["348", "348"]}, "5033186": {"hotel_name": "\u7ef4\u4e5f\u7eb3\u667a\u597d\u9152\u5e97(\u9752\u5c9b\u5373\u58a8\u5e97)(\u539f\u65fa\u534e\u5927\u9152\u5e97)", "order_time": ["2019-01-11 16:14:29", "2019-01-11 16:34:37"], "total_order": 2, "hotel_value": ["4.4", "4.4"], "hotel_price": ["198", "198"]}, "1697366": {"hotel_name": "\u90fd\u5e02118(\u9752\u5c9b\u674e\u6ca7\u5e7f\u573a\u5730\u94c1\u7ad9\u5e97)", "order_time": ["2019-01-11 16:14:29"], "total_order": 1, "hotel_value": ["4.6"], "hotel_price": ["117"]}, "21330990": {"hotel_name": "\u6cca\u5c45\u7cbe\u6808(\u9752\u5c9b\u9999\u6e2f\u4e2d\u8def\u4e94\u56db\u5e7f\u573a\u5e97)", "order_time": ["2019-01-11 16:14:29"], "total_order": 1, "hotel_value": ["4.3"], "hotel_price": ["165"]}, "2082416": {"hotel_name": "7\u5929\u8fde\u9501\u9152\u5e97(\u9752\u5c9b\u6d41\u4ead\u673a\u573a\u5e97)", "order_time": ["2019-01-11 16:14:31"], "total_order": 1, "hotel_value": ["4.1"], "hotel_price": ["109"]}, "6838355": {"hotel_name": "\u5170\u6b27\u9152\u5e97(\u9752\u5c9b\u4e94\u56db\u5e7f\u573a\u5e97)(\u539f\u65b0\u4e1c\u5927\u9152\u5e97)", "order_time": ["2019-01-11 16:14:34"], "total_order": 1, "hotel_value": [0], "hotel_price": ["282"]}, "1501841": {"hotel_name": "\u83ab\u6cf0168(\u9752\u5c9b\u6808\u6865\u706b\u8f66\u7ad9\u897f\u5e7f\u573a\u5e97)", "order_time": ["2019-01-11 16:54:52", "2019-01-11 16:14:34"], "total_order": 2, "hotel_value": ["4.6", "4.6"], "hotel_price": ["86", "86"]}, "1200121": {"hotel_name": "\u9752\u5c9b\u7c73\u5170\u98ce\u5c1a\u9152\u5e97", "order_time": ["2019-01-11 16:14:35"], "total_order": 1, "hotel_value": ["3.9"], "hotel_price": ["122"]}, "8657392": {"hotel_name": "\u62dc\u767b\u516c\u5bd3\u00b7\u9752\u5c9b\u77f3\u6cb9\u5927\u5b66\u543e\u60a6\u5e7f\u573a\u5e97(\u539f\u5510\u5c9b\u6e7e\u516c\u56ed\u5e97)", "order_time": ["2019-01-11 16:14:36"], "total_order": 1, "hotel_value": ["4.5"], "hotel_price": ["114"]}, "6582881": {"hotel_name": "\u6df1\u84dd\u6d77\u4e4b\u604b\u5bb6\u516c\u5bd3(\u9752\u5c9b\u5927\u62c7\u6307\u4f1a\u5c55\u4e2d\u5fc3\u5e97)", "order_time": ["2019-01-11 17:12:53", "2019-01-11 16:14:42"], "total_order": 2, "hotel_value": ["4.4", "4.4"], "hotel_price": ["256", "275"]}, "1536816": {"hotel_name": "\u9752\u5c9b\u9752\u6797\u5047\u65e5\u5546\u52a1\u5bbe\u9986", "order_time": ["2019-01-11 16:14:44"], "total_order": 1, "hotel_value": ["3.8"], "hotel_price": ["62"]}, "2147568": {"hotel_name": "\u83b1\u897f\u534e\u73ba\u5927\u9152\u5e97", "order_time": ["2019-01-11 16:15:55"], "total_order": 1, "hotel_value": ["4.7"], "hotel_price": ["449"]}, "531745": {"hotel_name": "\u6df1\u84dd\u590d\u5f0f\u516c\u5bd3(\u9752\u5c9b\u4f1a\u5c55\u4e2d\u5fc3\u6d77\u6c34\u6d74\u573a\u56fd\u4fe1)", "order_time": ["2019-01-11 16:16:54"], "total_order": 1, "hotel_value": ["4.6"], "hotel_price": ["218"]}, "5999421": {"hotel_name": "\u7a7a\u94c1\u5047\u65e5\u9152\u5e97\u516c\u5bd3(\u9752\u5c9b\u673a\u573a\u5e97)", "order_time": ["2019-01-11 16:16:54"], "total_order": 1, "hotel_value": ["4.6"], "hotel_price": ["201"]}, "533093": {"hotel_name": "\u9752\u5c9b\u827e\u4e3d\u534e\u9152\u5e97", "order_time": ["2019-01-11 16:16:56"], "total_order": 1, "hotel_value": ["3.7"], "hotel_price": ["261"]}, "2312404": {"hotel_name": "\u5c1a\u5ba2\u4f18\u5feb\u6377\u9152\u5e97(\u9752\u5c9b\u9ec4\u5c9b\u738b\u53f0\u5e97)", "order_time": ["2019-01-11 16:48:17", "2019-01-11 16:16:58"], "total_order": 2, "hotel_value": ["4.5", "4.5"], "hotel_price": ["132", "132"]}, "2301077": {"hotel_name": "\u7231\u5c0a\u5ba2\u9152\u5e97(\u9752\u5c9b\u4e94\u56db\u5e7f\u573a\u5e97)", "order_time": ["2019-01-11 16:17:02", "2019-01-11 16:34:35"], "total_order": 2, "hotel_value": ["4.6", "4.6"], "hotel_price": ["139", "139"]}, "1411688": {"hotel_name": "\u9752\u5c9b\u597d\u8fd0\u6765\u5bbe\u9986", "order_time": ["2019-01-11 16:17:09"], "total_order": 1, "hotel_value": ["4.7"], "hotel_price": ["65"]}, "689989": {"hotel_name": "\u901f8\u9152\u5e97(\u9752\u5c9b\u957f\u6c5f\u8def\u5e97)", "order_time": ["2019-01-11 16:17:10"], "total_order": 1, "hotel_value": ["3.8"], "hotel_price": ["111"]}, "27854182": {"hotel_name": "\u9752\u5c9b\u552f\u60a6\u7cbe\u54c1\u516c\u5bd3", "order_time": ["2019-01-11 16:17:13"], "total_order": 1, "hotel_value": ["5.0"], "hotel_price": ["88"]}, "1503676": {"hotel_name": "\u5982\u5bb6\u5feb\u6377\u9152\u5e97(\u9752\u5c9b\u5f00\u53d1\u533a\u5d07\u660e\u5c9b\u897f\u8def\u9ec4\u5c9b\u8f6e\u6e21\u7801\u5934\u5e97)", "order_time": ["2019-01-11 16:17:16"], "total_order": 1, "hotel_value": ["4.6"], "hotel_price": ["117"]}, "1786865": {"hotel_name": "\u9752\u5c9b\u597d\u4e16\u754c\u7cbe\u54c1\u9152\u5e97", "order_time": ["2019-01-11 16:21:36", "2019-01-11 16:17:29"], "total_order": 2, "hotel_value": ["4.8", "4.8"], "hotel_price": ["90", "90"]}, "2299218": {"hotel_name": "\u5168\u5b63\u9152\u5e97(\u9752\u5c9b\u5c71\u4e1c\u8def\u4e07\u8fbe\u5e7f\u573a\u5e97)", "order_time": ["2019-01-11 16:17:51"], "total_order": 1, "hotel_value": ["4.6"], "hotel_price": ["284"]}, "6173744": {"hotel_name": "\u5e73\u5ea6\u534e\u73ba\u5927\u9152\u5e97", "order_time": ["2019-01-11 16:17:51"], "total_order": 1, "hotel_value": ["4.7"], "hotel_price": ["319"]}, "21790901": {"hotel_name": "\u767d\u7389\u5170\u9152\u5e97 (\u80f6\u5dde\u5e7f\u5dde\u5357\u8def\u5e97)", "order_time": ["2019-01-11 16:17:51"], "total_order": 1, "hotel_value": ["4.9"], "hotel_price": ["167"]}, "772111": {"hotel_name": "\u9752\u5c9b\u5a01\u65af\u6c40\u9152\u5e97", "order_time": ["2019-01-11 16:18:01", "2019-01-11 16:20:14"], "total_order": 2, "hotel_value": ["4.6", "4.6"], "hotel_price": ["698", "698"]}, "2083026": {"hotel_name": "\u591a\u7ef4\u7cbe\u54c1\u9152\u5e97(\u5e73\u5ea6\u5e97)", "order_time": ["2019-01-11 16:18:01"], "total_order": 1, "hotel_value": ["4.1"], "hotel_price": ["107"]}, "6691235": {"hotel_name": "\u53ef\u4e34\u5b81\u8fde\u9501\u9152\u5e97\u9752\u5c9b\u80f6\u5dde\u706b\u8f66\u7ad9\u5e97", "order_time": ["2019-01-11 16:18:02"], "total_order": 1, "hotel_value": ["4.8"], "hotel_price": ["76"]}, "3725612": {"hotel_name": "\u9752\u5c9b\u5026\u9e1f\u9152\u5e97", "order_time": ["2019-01-11 16:19:08"], "total_order": 1, "hotel_value": ["4.7"], "hotel_price": ["180"]}, "6525125": {"hotel_name": "Q\u52a0\u00b7\u60a6\u6f9c\u9152\u5e97\u516c\u5bd3(\u9752\u5c9b\u4e94\u56db\u5e7f\u573a\u4e07\u8c61\u57ce\u5e97)", "order_time": ["2019-01-11 16:19:09"], "total_order": 1, "hotel_value": ["4.7"], "hotel_price": ["206"]}, "445159": {"hotel_name": "\u9752\u5c9b\u79cb\u4e34\u5927\u9152\u5e97", "order_time": ["2019-01-11 16:19:10"], "total_order": 1, "hotel_value": ["4.3"], "hotel_price": ["256"]}, "5930359": {"hotel_name": "\u9752\u5c9b\u91d1\u77f3\u56fd\u9645\u5927\u9152\u5e97", "order_time": ["2019-01-11 16:19:10"], "total_order": 1, "hotel_value": ["4.8"], "hotel_price": ["388"]}, "3090890": {"hotel_name": "\u9752\u5c9b\u9526\u665f\u534e\u5546\u52a1\u5bbe\u9986", "order_time": ["2019-01-11 16:19:12"], "total_order": 1, "hotel_value": ["4.4"], "hotel_price": ["76"]}, "1645358": {"hotel_name": "\u81ea\u7531\u884c\u9752\u5e74\u65c5\u793e(\u9752\u5c9b\u6808\u6865\u706b\u8f66\u7ad9\u5e97)", "order_time": ["2019-01-11 16:19:12"], "total_order": 1, "hotel_value": ["4.6"], "hotel_price": ["17"]}, "3656678": {"hotel_name": "\u9752\u5c9b\u827e\u7c73\u60c5\u4fa3\u9152\u5e97", "order_time": ["2019-01-11 16:19:13"], "total_order": 1, "hotel_value": ["4.6"], "hotel_price": ["163"]}, "1418968": {"hotel_name": "\u82b1\u6eaa\u5ba2\u6808(\u9752\u5c9b\u90a3\u9c81\u6e7e\u5e97)", "order_time": ["2019-01-11 16:19:16"], "total_order": 1, "hotel_value": ["4.5"], "hotel_price": ["82"]}, "4539535": {"hotel_name": "\u4e16\u7eaa\u53cc\u5e06\u6d77\u666f\u5ea6\u5047\u9152\u5e97(\u9752\u5c9b\u80f6\u5357\u90a3\u9c81\u6e7e\u5e97)", "order_time": ["2019-01-11 16:19:16"], "total_order": 1, "hotel_value": ["4.7"], "hotel_price": ["83"]}, "19476776": {"hotel_name": "\u9752\u5c9b\u897f\u6d77\u5cb8\u664f\u548c\u5927\u9152\u5e97", "order_time": ["2019-01-11 16:19:16"], "total_order": 1, "hotel_value": ["4.7"], "hotel_price": ["110"]}, "2637433": {"hotel_name": "\u76db\u5ef7\u6d77\u666f\u9152\u5e97(\u9752\u5c9b\u7ef4\u591a\u5229\u4e9a\u5e97)", "order_time": ["2019-01-11 16:19:16"], "total_order": 1, "hotel_value": ["4.3"], "hotel_price": ["152"]}, "18450100": {"hotel_name": "\u9752\u5c9b\u515c\u7a9d\u516c\u5bd3", "order_time": ["2019-01-11 16:19:20"], "total_order": 1, "hotel_value": ["4.7"], "hotel_price": ["88"]}, "1387129": {"hotel_name": "\u9752\u5c9b\u90fd\u5e02\u9152\u5e97", "order_time": ["2019-01-11 16:19:21"], "total_order": 1, "hotel_value": ["4.6"], "hotel_price": ["75"]}, "5982133": {"hotel_name": "\u9752\u5c9b\u68a6\u9014\u5ea6\u5047\u516c\u5bd3(\u4e2d\u8054\u81ea\u7531\u6e2f\u6e7e\u90ae\u8f6e\u6bcd\u6e2f\u5e97)", "order_time": ["2019-01-11 16:19:23"], "total_order": 1, "hotel_value": ["4.6"], "hotel_price": ["100"]}, "5246730": {"hotel_name": "\u9752\u5c9b\u5a1c\u9c81\u6e7e\u5bbe\u9986", "order_time": ["2019-01-11 16:19:37"], "total_order": 1, "hotel_value": ["4.3"], "hotel_price": ["48"]}, "1981926": {"hotel_name": "\u9752\u5c9b\u946b\u9f99\u5047\u65e5\u5546\u52a1\u9152\u5e97", "order_time": ["2019-01-11 16:21:20"], "total_order": 1, "hotel_value": ["4.7"], "hotel_price": ["108"]}, "2166570": {"hotel_name": "\u9752\u5c9b\u7f57\u66fc\u5ba2\u7cbe\u54c1\u4e3b\u9898\u9152\u5e97", "order_time": ["2019-01-11 16:21:20"], "total_order": 1, "hotel_value": ["4.1"], "hotel_price": ["132"]}, "994153": {"hotel_name": "\u5982\u5bb6\u5feb\u6377\u9152\u5e97(\u9752\u5c9b\u706b\u8f66\u5317\u7ad9\u5e97)", "order_time": ["2019-01-11 16:21:22", "2019-01-11 16:56:57"], "total_order": 2, "hotel_value": ["4.3", "4.3"], "hotel_price": ["139", "139"]}, "1730402": {"hotel_name": "\u62dc\u767b\u516c\u5bd3\u00b7\u9752\u5c9b\u4e95\u5188\u5c71\u8def\u5e97", "order_time": ["2019-01-11 16:21:22"], "total_order": 1, "hotel_value": ["4.7"], "hotel_price": ["93"]}, "1373267": {"hotel_name": "\u5982\u5bb6\u5feb\u6377\u9152\u5e97(\u9752\u5c9b\u674e\u6751\u5730\u94c1\u7ad9\u6b65\u884c\u8857\u5e97)", "order_time": ["2019-01-11 16:21:23"], "total_order": 1, "hotel_value": ["4.6"], "hotel_price": ["123"]}, "1390561": {"hotel_name": "\u9752\u5c9b\u5fae\u7b11\u7cbe\u54c1\u8fde\u9501\u9152\u5e97", "order_time": ["2019-01-11 16:28:18", "2019-01-11 16:21:27"], "total_order": 2, "hotel_value": ["3.6", "3.6"], "hotel_price": ["64", "64"]}, "23476363": {"hotel_name": "\u90fd\u5e02118\u8fde\u9501\u9152\u5e97(\u9752\u5c9b\u5e7f\u7535\u5927\u53a6\u5e97)", "order_time": ["2019-01-11 16:21:28"], "total_order": 1, "hotel_value": ["4.6"], "hotel_price": ["93"]}, "428001": {"hotel_name": "\u5982\u5bb6\u5feb\u6377\u9152\u5e97(\u9752\u5c9b\u57ce\u9633\u6625\u9633\u8def\u519c\u4e1a\u5927\u5b66\u5e97)", "order_time": ["2019-01-11 16:21:32"], "total_order": 1, "hotel_value": ["4.6"], "hotel_price": ["114"]}, "1869143": {"hotel_name": "\u9752\u5c9b\u7d20\u820d\u6d77\u666f\u9152\u5e97\u5f0f\u516c\u5bd3", "order_time": ["2019-01-11 16:21:35"], "total_order": 1, "hotel_value": ["4.3"], "hotel_price": ["124"]}, "1613249": {"hotel_name": "\u9752\u5c9b\u5c9a\u5ead\u7cbe\u54c1\u79df\u8d41", "order_time": ["2019-01-11 16:23:43"], "total_order": 1, "hotel_value": ["4.4"], "hotel_price": ["136"]}, "1606905": {"hotel_name": "\u9752\u5c9b\u5174\u5b89\u5927\u9152\u5e97", "order_time": ["2019-01-11 16:23:46"], "total_order": 1, "hotel_value": ["4.4"], "hotel_price": ["131"]}, "19866092": {"hotel_name": "\u9752\u5c9b\u7b80\u820d\u9152\u5e97", "order_time": ["2019-01-11 16:23:46"], "total_order": 1, "hotel_value": ["4.7"], "hotel_price": ["84"]}, "1872002": {"hotel_name": "\u9752\u6e38\u8bb0(\u81ea\u7531\u884c\u65d7\u8230)\u56fd\u9645\u9752\u5e74\u65c5\u820d(\u9752\u5c9b\u706b\u8f66\u7ad9\u6808\u6865\u5288\u67f4\u9662\u4e2d\u5c71\u8def\u5e97)", "order_time": ["2019-01-11 16:23:47"], "total_order": 1, "hotel_value": ["4.8"], "hotel_price": ["9"]}, "443607": {"hotel_name": "\u9752\u5c9b\u6052\u90fd\u884c\u653f\u9152\u5e97", "order_time": ["2019-01-11 17:01:24", "2019-01-11 16:23:49"], "total_order": 2, "hotel_value": ["4.1", "4.1"], "hotel_price": ["134", "107"]}, "6039985": {"hotel_name": "\u9752\u5c9b\u771f\u8bda\u4f73\u9a7f\u4e3b\u9898\u9152\u5e97", "order_time": ["2019-01-11 16:23:49"], "total_order": 1, "hotel_value": ["4.4"], "hotel_price": ["117"]}, "1882702": {"hotel_name": "\u9526\u6c5f\u4e4b\u661f(\u9752\u5c9b\u957f\u9014\u6c7d\u8f66\u603b\u7ad9\u5e97)", "order_time": ["2019-01-11 16:23:52"], "total_order": 1, "hotel_value": ["4.5"], "hotel_price": ["139"]}, "2496851": {"hotel_name": "\u5c1a\u5ba2\u4f18\u5feb\u6377\u9152\u5e97(\u9752\u5c9b\u6d41\u4ead\u673a\u573a\u5e97)", "order_time": ["2019-01-11 16:23:55"], "total_order": 1, "hotel_value": ["4.3"], "hotel_price": ["120"]}, "5796148": {"hotel_name": "\u9752\u5c9b\u4e03\u591c\u60c5\u4fa3\u9152\u5e97", "order_time": ["2019-01-11 16:34:55", "2019-01-11 16:23:55"], "total_order": 2, "hotel_value": ["4.2", "4.2"], "hotel_price": ["117", "117"]}, "5014965": {"hotel_name": "\u9752\u5c9b\u5723\u6d1b\u65af\u5546\u52a1\u9152\u5e97", "order_time": ["2019-01-11 16:24:05"], "total_order": 1, "hotel_value": ["3.8"], "hotel_price": ["98"]}, "607180": {"hotel_name": "\u5168\u5b63\u9152\u5e97(\u9752\u5c9b\u9999\u6e2f\u4e2d\u8def\u5e97)", "order_time": ["2019-01-11 16:27:05", "2019-01-11 16:25:01"], "total_order": 2, "hotel_value": ["4.6", "4.6"], "hotel_price": ["256", "256"]}, "9196940": {"hotel_name": "\u9752\u5c9b\u7231\u946b\u6d77\u5bbe\u9986", "order_time": ["2019-01-11 16:25:59"], "total_order": 1, "hotel_value": ["3.1"], "hotel_price": ["104"]}, "1876238": {"hotel_name": "\u9752\u5c9b\u5c1a\u5fb7\u5ba2\u5bbe\u9986", "order_time": ["2019-01-11 16:26:22"], "total_order": 1, "hotel_value": ["4.4"], "hotel_price": ["45"]}, "2152098": {"hotel_name": "\u83b1\u897f\u4ea4\u901a\u5bbe\u9986", "order_time": ["2019-01-11 16:27:13"], "total_order": 1, "hotel_value": ["4.3"], "hotel_price": ["81"]}, "25557473": {"hotel_name": "\u9752\u5c9b\u68e0\u66fc\u9152\u5e97", "order_time": ["2019-01-11 16:28:07"], "total_order": 1, "hotel_value": ["4.6"], "hotel_price": ["159"]}, "840717": {"hotel_name": "\u9752\u5c9b\u674e\u6ca7\u7eff\u57ce\u559c\u6765\u767b\u9152\u5e97", "order_time": ["2019-01-11 16:28:07"], "total_order": 1, "hotel_value": ["4.7"], "hotel_price": ["989"]}, "512490": {"hotel_name": "\u9752\u5c9b\u897f\u6d77\u5cb8\u5fb7\u6cf0\u5927\u9152\u5e97", "order_time": ["2019-01-11 16:28:09"], "total_order": 1, "hotel_value": ["4.7"], "hotel_price": ["262"]}, "7690235": {"hotel_name": "Q\u52a0\u00b7\u79a7\u60a6\u5047\u65e5\u9152\u5e97(\u9752\u5c9b\u706b\u8f66\u7ad9\u4e1c\u5e7f\u573a\u6808\u6865\u5e97)(\u539f\u9752\u5c9b\u79a7\u60a6\u5047\u65e5\u9152\u5e97)", "order_time": ["2019-01-11 16:28:09", "2019-01-11 16:41:40"], "total_order": 2, "hotel_value": ["4.5", "4.5"], "hotel_price": ["109", "109"]}, "2136286": {"hotel_name": "\u9752\u5c9b\u7f8e\u5885\u5047\u671f\u9152\u5e9730\u53f7\u6d77\u8fb9\u522b\u5885", "order_time": ["2019-01-11 17:03:41", "2019-01-11 16:28:10"], "total_order": 2, "hotel_value": ["4.9", "4.9"], "hotel_price": ["28978", "28978"]}, "2300560": {"hotel_name": "7\u5929\u8fde\u9501\u9152\u5e97(\u9752\u5c9b\u4e2d\u5c71\u516c\u56ed\u6d77\u6c34\u6d74\u573a\u5e97)", "order_time": ["2019-01-11 16:28:11"], "total_order": 1, "hotel_value": ["4.2"], "hotel_price": ["59"]}, "13180834": {"hotel_name": "\u5c1a\u5ba2\u4f18\u7cbe\u9009\u9152\u5e97(\u9752\u5c9b\u4e16\u7eaa\u516c\u56ed\u6d41\u4ead\u673a\u573a\u5e97)(\u539f\u57ce\u9633\u4e16\u7eaa\u516c\u56ed\u5e97)", "order_time": ["2019-01-11 16:59:10", "2019-01-11 16:28:11", "2019-01-11 16:54:45"], "total_order": 3, "hotel_value": ["4.7", "4.7", "4.7"], "hotel_price": ["146", "146", "146"]}, "16203907": {"hotel_name": "\u67ab\u53f6\u9152\u5e97\u5f0f\u516c\u5bd3(\u9752\u5c9b\u77f3\u6cb9\u5927\u5b66\u543e\u60a6\u5e7f\u573a\u5e97)", "order_time": ["2019-01-11 16:28:11"], "total_order": 1, "hotel_value": ["4.8"], "hotel_price": ["128"]}, "1070476": {"hotel_name": "\u9752\u5c9b\u4e39\u9876\u9e64\u5927\u9152\u5e97", "order_time": ["2019-01-11 16:28:13"], "total_order": 1, "hotel_value": ["4.2"], "hotel_price": ["308"]}, "2970475": {"hotel_name": "\u5c1a\u5ba2\u4f18\u7cbe\u9009\u9152\u5e97(\u9752\u5c9b\u5c71\u4e1c\u79d1\u6280\u5927\u5b66\u5e97)", "order_time": ["2019-01-11 16:28:13"], "total_order": 1, "hotel_value": ["4.5"], "hotel_price": ["137"]}, "1861303": {"hotel_name": "\u7ea2\u6795\u5b89\u60a6\u8fde\u9501\u9152\u5e97(\u9752\u5c9b\u670d\u88c5\u5de5\u4e1a\u56ed\u5e97)(\u539f\u5efa\u90a6\u5373\u58f9\u5609\u8fde\u9501\u9152\u5e97)", "order_time": ["2019-01-11 16:28:14"], "total_order": 1, "hotel_value": ["4.7"], "hotel_price": ["136"]}, "1775197": {"hotel_name": "\u9526\u6c5f\u4e4b\u661f\u54c1\u5c1a(\u9752\u5c9b\u6cb3\u5357\u8def\u706b\u8f66\u7ad9\u5e97)4S\u5347\u7ea7\u5e97", "order_time": ["2019-01-11 16:28:14"], "total_order": 1, "hotel_value": ["4.5"], "hotel_price": ["139"]}, "24055729": {"hotel_name": "\u5c1a\u5ba2\u4f18\u7cbe\u9009\u9152\u5e97(\u9752\u5c9b\u4e94\u56db\u5e7f\u573a\u5965\u5e06\u5e97)", "order_time": ["2019-01-11 16:28:16"], "total_order": 1, "hotel_value": ["4.7"], "hotel_price": ["137"]}, "2323444": {"hotel_name": "\u9752\u5c9b\u9890\u6d77\u82d1\u9ad8\u6821\u5bbe\u9986", "order_time": ["2019-01-11 16:28:16"], "total_order": 1, "hotel_value": ["4.3"], "hotel_price": ["133"]}, "1208726": {"hotel_name": "\u5c1a\u5ba2\u4f18\u5feb\u6377\u9152\u5e97(\u9752\u5c9b\u52b2\u677e\u4e00\u8def\u5e97)", "order_time": ["2019-01-11 16:28:19"], "total_order": 1, "hotel_value": ["4.2"], "hotel_price": ["74"]}, "2219273": {"hotel_name": "\u9752\u5c9b\u7231\u60c5\u516c\u5bd3(\u539f\u9752\u5c9b\u4e50\u798f\u65c5\u9986)", "order_time": ["2019-01-11 16:28:27"], "total_order": 1, "hotel_value": ["4.5"], "hotel_price": ["86"]}, "1843137": {"hotel_name": "\u9752\u5c9b\u5927\u516c\u5c9b\u9152\u5e97", "order_time": ["2019-01-11 16:30:16"], "total_order": 1, "hotel_value": ["4.4"], "hotel_price": ["248"]}, "430544": {"hotel_name": "\u9752\u5c9b\u5feb\u901a\u56fd\u9645\u9152\u5e97", "order_time": ["2019-01-11 16:30:17"], "total_order": 1, "hotel_value": ["4.4"], "hotel_price": ["310"]}, "5998475": {"hotel_name": "\u6db5\u820d\u60a6\u5c45\u7cbe\u54c1\u9152\u5e97(\u9752\u5c9b\u4e07\u5e74\u6cc9\u8def\u5730\u94c1\u7ad9\u5e97)", "order_time": ["2019-01-11 16:30:19"], "total_order": 1, "hotel_value": ["4.6"], "hotel_price": ["199"]}, "2981410": {"hotel_name": "\u9752\u5c9b\u6808\u6865\u6d77\u4e4b\u60c5\u89c2\u6d77\u65e5\u79df\u623f", "order_time": ["2019-01-11 16:30:27"], "total_order": 1, "hotel_value": ["4.1"], "hotel_price": ["42"]}, "8065606": {"hotel_name": "\u9752\u5c9b\u767d\u4e91\u516c\u5bd3", "order_time": ["2019-01-11 16:30:29"], "total_order": 1, "hotel_value": ["4.8"], "hotel_price": ["170"]}, "2301455": {"hotel_name": "\u9526\u6c5f\u4e4b\u661f(\u80f6\u5dde\u5e02\u80f6\u5dde\u4e1c\u8def\u5e97)", "order_time": ["2019-01-11 16:31:23"], "total_order": 1, "hotel_value": ["4.5"], "hotel_price": ["109"]}, "20058929": {"hotel_name": "\u5343\u5bbf\u6d77\u666f\u5ea6\u5047\u516c\u5bd3(\u9752\u5c9b\u4f1a\u5c55\u4e2d\u5fc3\u77f3\u8001\u4eba\u6d74\u573a\u5e97)", "order_time": ["2019-01-11 16:48:11", "2019-01-11 16:32:29"], "total_order": 2, "hotel_value": ["4.8", "4.8"], "hotel_price": ["208", "208"]}, "5549364": {"hotel_name": "\u9752\u5c9b\u897f\u6d77\u5cb8\u9686\u548c\u827e\u7f8e\u5ea6\u5047\u9152\u5e97", "order_time": ["2019-01-11 16:32:30"], "total_order": 1, "hotel_value": ["4.6"], "hotel_price": ["388"]}, "1516201": {"hotel_name": "\u9752\u5c9b\u4e50\u946b\u6e90\u5bbe\u9986", "order_time": ["2019-01-11 16:50:34", "2019-01-11 16:39:20", "2019-01-11 16:32:31", "2019-01-11 16:48:17"], "total_order": 4, "hotel_value": ["4.6", "4.6", "4.6", "4.6"], "hotel_price": ["33", "33", "33", "33"]}, "2389295": {"hotel_name": "\u9752\u5c9b\u6808\u6865\u5982\u5bb6\u89c2\u6d77\u65e5\u79df\u623f", "order_time": ["2019-01-11 16:32:38"], "total_order": 1, "hotel_value": ["4.7"], "hotel_price": ["33"]}, "1388603": {"hotel_name": "\u9752\u5c9b\u8c6a\u683c\u5bbe\u9986", "order_time": ["2019-01-11 16:32:50"], "total_order": 1, "hotel_value": ["4.8"], "hotel_price": ["34"]}, "2132624": {"hotel_name": "\u5e73\u5ea6\u6613\u6377\u5047\u65e5\u9152\u5e97", "order_time": ["2019-01-11 16:33:35"], "total_order": 1, "hotel_value": ["4.0"], "hotel_price": ["77"]}, "659834": {"hotel_name": "\u9e97\u67ab\u9152\u5e97(\u9752\u5c9b\u5317\u7ad9\u56db\u6d41\u5357\u8def\u5e97)(\u539f\u5357\u6d0b\u5927\u9152\u5e97\u9752\u5c9b\u957f\u6c99\u8def\u5e97)", "order_time": ["2019-01-11 16:34:36"], "total_order": 1, "hotel_value": ["4.7"], "hotel_price": ["233"]}, "393099": {"hotel_name": "\u9752\u5c9b\u5bcc\u529b\u827e\u7f8e\u9152\u5e97", "order_time": ["2019-01-11 16:34:36"], "total_order": 1, "hotel_value": ["4.6"], "hotel_price": ["561"]}, "4960015": {"hotel_name": "\u9526\u6c5f\u4e4b\u661f\u54c1\u5c1a(\u9752\u5c9b\u56fd\u9645\u4f1a\u5c55\u4e2d\u5fc3\u82d7\u5cad\u8def\u5e97)", "order_time": ["2019-01-11 16:34:36"], "total_order": 1, "hotel_value": ["4.5"], "hotel_price": ["149"]}, "8575772": {"hotel_name": "\u9752\u5c9b\u51ef\u83b1\u667a\u6167\u9152\u5e97", "order_time": ["2019-01-11 17:03:44", "2019-01-11 16:34:36"], "total_order": 2, "hotel_value": ["4.6", "4.6"], "hotel_price": ["187", "187"]}, "1734527": {"hotel_name": "\u9752\u5c9b\u7d2b\u8346\u82d1\u5bbe\u9986", "order_time": ["2019-01-11 16:34:36"], "total_order": 1, "hotel_value": ["4.6"], "hotel_price": ["343"]}, "801573": {"hotel_name": "\u9752\u5c9b\u5eb7\u5927\u8c6a\u751f\u5927\u9152\u5e97", "order_time": ["2019-01-11 16:34:36"], "total_order": 1, "hotel_value": ["4.7"], "hotel_price": ["387"]}, "5733262": {"hotel_name": "\u5343\u5bbf\u5ea6\u5047\u516c\u5bd3(\u9752\u5c9b\u4e3d\u6676\u5fa1\u7b51\u5e97)(\u539f\u5343\u5bbf\u534e\u8bfa\u601d\u5ea6\u5047\u516c\u5bd3)", "order_time": ["2019-01-11 16:39:17", "2019-01-11 16:34:36"], "total_order": 2, "hotel_value": ["4.6", "4.6"], "hotel_price": ["137", "137"]}, "1732079": {"hotel_name": "\u5373\u58a8\u9526\u8302\u5bbe\u9986", "order_time": ["2019-01-11 16:34:37"], "total_order": 1, "hotel_value": ["4.5"], "hotel_price": ["257"]}, "3268419": {"hotel_name": "\u57df\u9152\u5e97(\u9752\u5c9b\u519c\u4e1a\u5927\u5b66\u5e97)", "order_time": ["2019-01-11 16:34:37"], "total_order": 1, "hotel_value": ["4.6"], "hotel_price": ["257"]}, "1185019": {"hotel_name": "\u9752\u5c9b\u798f\u6c38\u5927\u9152\u5e97", "order_time": ["2019-01-11 16:34:37"], "total_order": 1, "hotel_value": ["4.2"], "hotel_price": ["85"]}, "1224709": {"hotel_name": "\u901f8\u9152\u5e97(\u9752\u5c9b\u5f00\u53d1\u533a\u77f3\u6cb9\u5927\u5b66\u5e97)", "order_time": ["2019-01-11 16:34:38"], "total_order": 1, "hotel_value": ["4.5"], "hotel_price": ["113"]}, "446955": {"hotel_name": "\u9752\u5c9b\u5fb7\u7231\u82b1\u56ed\u5927\u9152\u5e97", "order_time": ["2019-01-11 16:48:17", "2019-01-11 16:34:39"], "total_order": 2, "hotel_value": ["4.2", "4.2"], "hotel_price": ["143", "143"]}, "2304442": {"hotel_name": "7\u5929\u8fde\u9501\u9152\u5e97(\u9752\u5c9b\u6c7d\u8f66\u5317\u7ad9\u5e97)", "order_time": ["2019-01-11 16:34:40"], "total_order": 1, "hotel_value": ["3.9"], "hotel_price": ["109"]}, "5237884": {"hotel_name": "\u9752\u5c9b\u66ae\u57ce\u7cbe\u54c1\u9152\u5e97", "order_time": ["2019-01-11 16:34:52"], "total_order": 1, "hotel_value": ["4.2"], "hotel_price": ["67"]}, "1935879": {"hotel_name": "\u5982\u5bb6\u5feb\u6377\u9152\u5e97(\u9752\u5c9b\u57ce\u9633\u6625\u9633\u8def\u5bb6\u4f73\u6e90\u5e97)", "order_time": ["2019-01-11 16:34:53"], "total_order": 1, "hotel_value": ["4.6"], "hotel_price": ["92"]}, "2626592": {"hotel_name": "\u5373\u58a8\u660e\u60a6\u5c45\u5bbe\u9986", "order_time": ["2019-01-11 16:35:42"], "total_order": 1, "hotel_value": [0], "hotel_price": ["71"]}, "21124467": {"hotel_name": "\u9752\u5c9b\u65af\u7ef4\u767b\u7cbe\u54c1\u516c\u5bd3(\u4f1a\u5c55\u4e2d\u5fc3\u77f3\u8001\u4eba\u6d77\u6c34\u6d74\u573a)", "order_time": ["2019-01-11 16:36:04", "2019-01-11 16:55:54"], "total_order": 2, "hotel_value": ["4.9", "4.9"], "hotel_price": ["350", "350"]}, "5264336": {"hotel_name": "\u9e92\u97f5\u516c\u5bd3(\u9752\u5c9b\u4e07\u8c61\u57ce\u4e94\u56db\u5e7f\u573a\u5965\u5e06\u4e2d\u5fc3\u5e97)", "order_time": ["2019-01-11 16:36:04", "2019-01-11 16:55:54"], "total_order": 2, "hotel_value": ["4.8", "4.8"], "hotel_price": ["278", "278"]}, "5575338": {"hotel_name": "\u9752\u5c9b\u8fdc\u96c4\u5168\u5b63\u6d77\u666f\u516c\u5bd3", "order_time": ["2019-01-11 16:36:51"], "total_order": 1, "hotel_value": ["4.6"], "hotel_price": ["268"]}, "1287621": {"hotel_name": "\u6e2f\u6e7e\u5370\u8c61\u8fde\u9501\u9152\u5e97(\u9752\u5c9b\u674e\u6751\u541b\u5cf0\u8def\u5730\u94c1\u7ad9\u5e97) ", "order_time": ["2019-01-11 16:36:52"], "total_order": 1, "hotel_value": ["3.9"], "hotel_price": ["70"]}, "929520": {"hotel_name": "\u83ab\u6cf0168(\u9752\u5c9b\u674e\u6751\u5730\u94c1\u7ad9\u5cf0\u5c71\u8def\u5e97)(\u539f\u674e\u6ca7\u5e7f\u573a\u5cf0\u5c71\u8def\u5e97)", "order_time": ["2019-01-11 16:36:54"], "total_order": 1, "hotel_value": ["4.5"], "hotel_price": ["114"]}, "1217939": {"hotel_name": "\u7231\u5c0a\u5ba2\u8fde\u9501\u9152\u5e97(\u9752\u5c9b\u5728\u6c34\u4e00\u65b9\u57ce\u9633\u519c\u4e1a\u5927\u5b66\u5e97)", "order_time": ["2019-01-11 16:36:56"], "total_order": 1, "hotel_value": ["4.1"], "hotel_price": ["90"]}, "791853": {"hotel_name": "\u94f6\u5ea7\u4f73\u9a7f\u9152\u5e97(\u5373\u58a8\u9e64\u5c71\u8def\u4f73\u4e50\u5bb6\u4e00\u5e97)", "order_time": ["2019-01-11 16:36:56"], "total_order": 1, "hotel_value": ["4.1"], "hotel_price": ["73"]}, "2043775": {"hotel_name": "\u9752\u5c9b\u6816\u820d\u827a\u672f\u9152\u5e97", "order_time": ["2019-01-11 16:36:56"], "total_order": 1, "hotel_value": ["4.3"], "hotel_price": ["91"]}, "1374289": {"hotel_name": "\u83ab\u6cf0168(\u9752\u5c9b\u5f00\u53d1\u533a\u957f\u6c5f\u4e2d\u8def\u533a\u653f\u5e9c\u91d1\u6c99\u6ee9\u5e97)", "order_time": ["2019-01-11 16:36:57"], "total_order": 1, "hotel_value": ["4.4"], "hotel_price": ["104"]}, "1746831": {"hotel_name": "7\u5929\u4f18\u54c1\u9152\u5e97(\u9752\u5c9b\u9999\u6e2f\u4e2d\u8def\u829d\u6cc9\u8def\u5730\u94c1\u7ad9\u5e97)", "order_time": ["2019-01-11 16:36:58"], "total_order": 1, "hotel_value": ["4.3"], "hotel_price": ["109"]}, "3725940": {"hotel_name": "\u745e\u666e\u5170\u987f\u7cbe\u9009\u9152\u5e97\u00b7\u9752\u5c9b\u91d1\u6c99\u6ee9\u5e97(\u539f\u62dc\u767b\u516c\u5bd3)", "order_time": ["2019-01-11 16:36:58"], "total_order": 1, "hotel_value": ["4.6"], "hotel_price": ["108"]}, "2301689": {"hotel_name": "\u5c1a\u5ba2\u4f18\u5feb\u6377\u9152\u5e97(\u9752\u5c9b\u5f00\u53d1\u533a\u9ec4\u6cb3\u4e2d\u8def\u5e97)", "order_time": ["2019-01-11 16:37:03"], "total_order": 1, "hotel_value": ["3.1"], "hotel_price": ["85"]}, "1610544": {"hotel_name": "\u9752\u5c9b\u5bb6\u6811\u65c5\u820d", "order_time": ["2019-01-11 16:37:05"], "total_order": 1, "hotel_value": ["4.4"], "hotel_price": ["62"]}, "2612145": {"hotel_name": "\u7231\u5c0a\u5ba2\u9152\u5e97(\u9752\u5c9b\u9047\u9752\u57ce\u53f0\u4e1c\u5564\u9152\u8857\u5e97)", "order_time": ["2019-01-11 16:37:07"], "total_order": 1, "hotel_value": ["4.6"], "hotel_price": ["86"]}, "19916130": {"hotel_name": "\u9752\u5c9b\u77e5\u9047\u7535\u5f71\u7cbe\u54c1\u516c\u5bd3", "order_time": ["2019-01-11 16:37:07"], "total_order": 1, "hotel_value": ["4.9"], "hotel_price": ["132"]}, "1306753": {"hotel_name": "\u9752\u5c9b\u51ef\u83b1\u5546\u52a1\u9152\u5e97", "order_time": ["2019-01-11 16:48:11", "2019-01-11 16:37:07"], "total_order": 2, "hotel_value": ["4.2", "4.2"], "hotel_price": ["150", "159"]}, "1287683": {"hotel_name": "\u90fd\u5e02118(\u80f6\u5dde\u5e02\u4e2d\u5fc3\u5927\u6da6\u53d1\u5e97)", "order_time": ["2019-01-11 16:38:25"], "total_order": 1, "hotel_value": ["4.3"], "hotel_price": ["63"]}, "2503510": {"hotel_name": "\u9752\u5c9b\u4e2d\u8054\u81ea\u7531\u6e2f\u6e7e\u540e\u6d77\u6708\u5149\u5ea6\u5047\u516c\u5bd3", "order_time": ["2019-01-11 16:39:13"], "total_order": 1, "hotel_value": ["4.9"], "hotel_price": ["213"]}, "427965": {"hotel_name": "\u5982\u5bb6\u5546\u65c5\u9152\u5e97(\u9752\u5c9b\u4e94\u56db\u5e7f\u573a\u5c71\u4e1c\u8def\u6fb3\u67ef\u739b\u7acb\u4ea4\u6865\u5e97)", "order_time": ["2019-01-11 16:39:13"], "total_order": 1, "hotel_value": ["4.7"], "hotel_price": ["163"]}, "1700442": {"hotel_name": "\u9752\u5c9b\u9a6c\u53ef\u6ce2\u7f57\u9152\u5e97", "order_time": ["2019-01-11 16:48:12", "2019-01-11 16:39:14"], "total_order": 2, "hotel_value": ["4.6", "4.6"], "hotel_price": ["114", "114"]}, "1644328": {"hotel_name": "\u9752\u5c9b\u4e07\u79d1\u57ce\u56fd\u9645\u516c\u5bd3", "order_time": ["2019-01-11 16:39:15"], "total_order": 1, "hotel_value": ["4.2"], "hotel_price": ["180"]}, "8327511": {"hotel_name": "\u9752\u5c9b\u90fd\u5e02118\u7cbe\u9009\u9152\u5e97\u5373\u58a8\u670d\u88c5\u57ce\u5e97", "order_time": ["2019-01-11 16:39:16"], "total_order": 1, "hotel_value": ["4.6"], "hotel_price": ["105"]}, "17588770": {"hotel_name": "\u9752\u5c9b\u541b\u534e\u5609\u60e0\u9152\u5e97", "order_time": ["2019-01-11 16:39:17"], "total_order": 1, "hotel_value": ["4.7"], "hotel_price": ["171"]}, "779884": {"hotel_name": "\u9526\u6c5f\u4e4b\u661f(\u9752\u5c9b\u674e\u6ca7\u5e7f\u573a\u674e\u6751\u5730\u94c1\u7ad9\u5e97)(\u539f\u674e\u6ca7\u5e7f\u573a\u5e97)", "order_time": ["2019-01-11 16:39:17"], "total_order": 1, "hotel_value": ["4.3"], "hotel_price": ["99"]}, "5247052": {"hotel_name": "\u5c1a\u5ba2\u4f18\u5feb\u6377\u9152\u5e97(\u9752\u5c9b\u80f6\u5357\u8302\u9686\u5c71\u8def\u5e97)", "order_time": ["2019-01-11 16:39:19"], "total_order": 1, "hotel_value": ["4.7"], "hotel_price": ["107"]}, "21121707": {"hotel_name": "\u5b9c\u820d\u4e3b\u9898\u9152\u5e97(\u9752\u5c9b\u91d1\u6c99\u6ee9\u77f3\u6cb9\u5927\u5b66\u5e97)", "order_time": ["2019-01-11 16:39:21"], "total_order": 1, "hotel_value": ["4.8"], "hotel_price": ["69"]}, "1302230": {"hotel_name": "\u7231\u5ba2100\u8fde\u9501\u5bbe\u9986(\u9752\u5c9b\u7231\u604b\u65f6\u5149\u4e3b\u9898\u5e97)", "order_time": ["2019-01-11 16:39:25"], "total_order": 1, "hotel_value": ["3.9"], "hotel_price": ["63"]}, "1549350": {"hotel_name": "\u8d85\u6781\u81f4\u6d77\u666f\u5ea6\u5047\u9152\u5e97(\u9752\u5c9b\u9ec4\u5c9b\u80f6\u5357\u90a3\u9c81\u6e7e\u5e97)", "order_time": ["2019-01-11 16:39:27"], "total_order": 1, "hotel_value": ["4.3"], "hotel_price": ["139"]}, "1381128": {"hotel_name": "\u5c1a\u5ba2\u4f18\u5feb\u6377\u9152\u5e97(\u9752\u5c9b\u5f00\u53d1\u533a\u6b66\u5937\u5c71\u8def\u5e97)", "order_time": ["2019-01-11 16:41:32"], "total_order": 1, "hotel_value": ["4.2"], "hotel_price": ["84"]}, "1715544": {"hotel_name": "\u9752\u5c9b\u946b\u590d\u76db\u9038\u6d77\u56fd\u9645\u9152\u5e97", "order_time": ["2019-01-11 16:41:35"], "total_order": 1, "hotel_value": ["4.6"], "hotel_price": ["216"]}, "2304451": {"hotel_name": "\u7231\u5c0a\u5ba2\u9152\u5e97(\u5373\u58a8\u5170\u9ccc\u8def\u5e97)", "order_time": ["2019-01-11 16:41:46"], "total_order": 1, "hotel_value": ["4.7"], "hotel_price": ["158"]}, "932153": {"hotel_name": "\u62dc\u767b\u516c\u5bd3\u00b7\u9752\u5c9b\u6d77\u4e0a\u5609\u5e74\u534e\u5e97", "order_time": ["2019-01-11 16:41:47"], "total_order": 1, "hotel_value": ["4.6"], "hotel_price": ["205"]}, "1925432": {"hotel_name": "\u9752\u5c9b\u6e29\u4e4b\u5bbf\u5546\u52a1\u65c5\u820d", "order_time": ["2019-01-11 16:41:56"], "total_order": 1, "hotel_value": [0], "hotel_price": ["79"]}, "2299621": {"hotel_name": "\u7231\u5c0a\u5ba2\u8fde\u9501\u9152\u5e97(\u80f6\u5dde\u5e97)", "order_time": ["2019-01-11 16:42:50"], "total_order": 1, "hotel_value": ["3.9"], "hotel_price": ["83"]}, "8290422": {"hotel_name": "\u6c49\u5ead\u9152\u5e97(\u9752\u5c9b\u4e2d\u56fd\u6d77\u6d0b\u5927\u5b66\u5e97)", "order_time": ["2019-01-11 16:43:48"], "total_order": 1, "hotel_value": ["4.7"], "hotel_price": ["238"]}, "2599635": {"hotel_name": "\u5982\u5bb6\u5feb\u6377\u9152\u5e97(\u9752\u5c9b\u6d41\u4ead\u673a\u573a\u9ed1\u9f99\u6c5f\u5317\u8def\u57ce\u4e2d\u57ce\u5e97)", "order_time": ["2019-01-11 16:43:56", "2019-01-11 16:54:46"], "total_order": 2, "hotel_value": ["4.6", "4.6"], "hotel_price": ["128", "128"]}, "987678": {"hotel_name": "\u9752\u5c9b\u6d6e\u5c71\u6e7e\u5bbe\u9986(\u4e94\u56db\u5e7f\u573a\u5e97)", "order_time": ["2019-01-11 16:43:58"], "total_order": 1, "hotel_value": ["4.2"], "hotel_price": ["74"]}, "28528994": {"hotel_name": "\u9752\u5c9b\u6591\u9a6c\u7cbe\u4eab\u9152\u5e97", "order_time": ["2019-01-11 16:44:02"], "total_order": 1, "hotel_value": ["5.0"], "hotel_price": ["171"]}, "8531362": {"hotel_name": "\u9752\u5c9b\u6c11\u56fd\u9152\u5e97", "order_time": ["2019-01-11 16:48:11", "2019-01-11 16:46:05"], "total_order": 2, "hotel_value": ["4.8", "4.8"], "hotel_price": ["220", "220"]}, "1562201": {"hotel_name": "\u5c1a\u5ba2\u4f18\u9a8f\u6021\u8fde\u9501\u9152\u5e97(\u9752\u5c9b\u9ec4\u5c9b\u6c7d\u8f66\u7ad9\u77f3\u6cb9\u5927\u5b66\u5e97)", "order_time": ["2019-01-11 16:46:07"], "total_order": 1, "hotel_value": ["4.3"], "hotel_price": ["104"]}, "700933": {"hotel_name": "678\u9152\u5e97(\u9752\u5c9b\u519c\u5927\u4e3b\u9898\u7cbe\u54c1\u5e97)", "order_time": ["2019-01-11 16:46:08"], "total_order": 1, "hotel_value": ["4.6"], "hotel_price": ["90"]}, "1862079": {"hotel_name": "7\u5929\u8fde\u9501\u9152\u5e97(\u5373\u58a8\u9e64\u5c71\u8def\u5e97)", "order_time": ["2019-01-11 16:46:14"], "total_order": 1, "hotel_value": ["3.9"], "hotel_price": ["114"]}, "8681476": {"hotel_name": "\u9752\u5c9b\u8046\u6d77\u94c2\u6708\u6d77\u666f\u5ea6\u5047\u516c\u5bd3", "order_time": ["2019-01-11 16:48:11"], "total_order": 1, "hotel_value": ["4.7"], "hotel_price": ["302"]}, "6273850": {"hotel_name": "\u7eff\u5cf0\u96c5\u9601\u5ea6\u5047\u516c\u5bd3(\u9752\u5c9b\u4e94\u56db\u5e7f\u573a\u4e07\u8c61\u57ce\u5e97)", "order_time": ["2019-01-11 16:48:11", "2019-01-11 16:55:54"], "total_order": 2, "hotel_value": ["4.8", "4.8"], "hotel_price": ["945", "945"]}, "454906": {"hotel_name": "\u9752\u5c9b\u7d22\u83f2\u4e9a\u56fd\u9645\u5927\u9152\u5e97", "order_time": ["2019-01-11 16:48:12", "2019-01-11 16:50:26"], "total_order": 2, "hotel_value": ["4.6", "4.6"], "hotel_price": ["249", "249"]}, "1502061": {"hotel_name": "\u5982\u5bb6\u5feb\u6377\u9152\u5e97(\u9752\u5c9b\u674e\u6ca7\u5cf0\u5c71\u8def\u6b65\u884c\u8857\u5e97)", "order_time": ["2019-01-11 16:48:15"], "total_order": 1, "hotel_value": ["4.6"], "hotel_price": ["95"]}, "5226837": {"hotel_name": "\u9752\u5c9b\u68a7\u6850\u6811\u7cbe\u54c1\u9152\u5e97", "order_time": ["2019-01-11 16:48:17"], "total_order": 1, "hotel_value": ["4.5"], "hotel_price": ["104"]}, "23841203": {"hotel_name": "\u9f99\u6e2f\u6e7e\u9152\u5e97(\u9752\u5c9b\u65d7\u8230\u5e97)", "order_time": ["2019-01-11 16:48:17"], "total_order": 1, "hotel_value": ["4.3"], "hotel_price": ["122"]}, "1483431": {"hotel_name": "7\u5929\u8fde\u9501\u9152\u5e97(\u9752\u5c9b\u56fd\u9645\u4f1a\u5c55\u4e2d\u5fc3\u682a\u6d32\u8def\u5e97)", "order_time": ["2019-01-11 16:48:17"], "total_order": 1, "hotel_value": ["4.4"], "hotel_price": ["125"]}, "2140433": {"hotel_name": "\u683c\u6797\u8054\u76df\u9152\u5e97(\u9752\u5c9b\u4e50\u5ba2\u57ce\u674e\u6751\u5730\u94c1\u7ad9\u5e97)", "order_time": ["2019-01-11 16:50:34", "2019-01-11 16:48:17"], "total_order": 2, "hotel_value": ["4.4", "4.4"], "hotel_price": ["120", "120"]}, "1406851": {"hotel_name": "\u5982\u5bb6\u777f\u67cf\u00b7\u4e91\u9152\u5e97(\u9752\u5c9b\u5f00\u53d1\u533a\u9999\u6c5f\u8def\u5546\u4e1a\u8857\u5229\u7fa4\u5e97)", "order_time": ["2019-01-11 16:48:17"], "total_order": 1, "hotel_value": ["4.6"], "hotel_price": ["109"]}, "6871039": {"hotel_name": "\u9752\u76ae\u6811\u9152\u5e97\uff08\u9752\u5c9b\u590f\u5e84\u8def\u548c\u8c10\u5e7f\u573a\u5e97\uff09", "order_time": ["2019-01-11 16:48:17"], "total_order": 1, "hotel_value": ["4.6"], "hotel_price": ["108"]}, "436479": {"hotel_name": "\u9752\u5c9b\u65af\u7ef4\u767b\u5ea6\u5047\u516c\u5bd3(\u90a3\u9c81\u6e7e)", "order_time": ["2019-01-11 16:48:17"], "total_order": 1, "hotel_value": ["4.4"], "hotel_price": ["95"]}, "1031108": {"hotel_name": "\u9752\u5c9b\u6021\u6e05\u56ed\u5bbe\u9986", "order_time": ["2019-01-11 16:48:17"], "total_order": 1, "hotel_value": ["4.3"], "hotel_price": ["162"]}, "5318261": {"hotel_name": "\u6d77\u90b8\u4f18\u820d\u7cbe\u54c1\u9152\u5e97(\u9752\u5c9b\u6808\u6865\u706b\u8f66\u7ad9\u5e97)", "order_time": ["2019-01-11 16:48:17"], "total_order": 1, "hotel_value": ["4.7"], "hotel_price": ["72"]}, "2304927": {"hotel_name": "\u9752\u5c9b\u5bcc\u6da6\u9601\u5927\u9152\u5e97", "order_time": ["2019-01-11 16:48:17"], "total_order": 1, "hotel_value": ["4.6"], "hotel_price": ["94"]}, "6298050": {"hotel_name": "\u9752\u5c9b\u7ef4\u591a\u5229\u4e9a\u6808\u6865\u6e7e\u6d77\u666f\u516c\u5bd3", "order_time": ["2019-01-11 16:48:17"], "total_order": 1, "hotel_value": ["4.4"], "hotel_price": ["194"]}, "10118500": {"hotel_name": "\u90fd\u5e02118\u7cbe\u9009\u9152\u5e97(\u9752\u5c9b\u5bb6\u4f73\u6e90\u4e00\u54c1\u51a0\u5e97)", "order_time": ["2019-01-11 16:48:17"], "total_order": 1, "hotel_value": ["4.6"], "hotel_price": ["129"]}, "5965835": {"hotel_name": "\u9752\u5c9bMZ\u89c2\u6d77\u5c0f\u5c4b", "order_time": ["2019-01-11 16:48:17"], "total_order": 1, "hotel_value": ["4.6"], "hotel_price": ["144"]}, "539143": {"hotel_name": "\u4e50\u5bb6\u8f69\u7cbe\u54c1\u9152\u5e97\u670d\u52a1\u516c\u5bd3(\u9752\u5c9b\u4f1a\u5c55\u4e2d\u5fc3\u6d77\u6c34\u6d74\u573a\u5e97)", "order_time": ["2019-01-11 16:48:17"], "total_order": 1, "hotel_value": ["4.2"], "hotel_price": ["204"]}, "780412": {"hotel_name": "\u9526\u6c5f\u4e4b\u661f(\u9752\u5c9b\u5f00\u53d1\u533a\u6c5f\u5c71\u4e2d\u8def\u5e97)", "order_time": ["2019-01-11 16:59:15", "2019-01-11 16:48:17"], "total_order": 2, "hotel_value": ["4.4", "4.4"], "hotel_price": ["119", "119"]}, "3031195": {"hotel_name": "\u5982\u5bb6\u8054\u76df\u00b7\u534e\u9a7f\u9152\u5e97(\u9752\u5c9b\u56fd\u9645\u4f1a\u5c55\u4e2d\u5fc3\u77f3\u8001\u4eba\u6d74\u573a\u5e97)", "order_time": ["2019-01-11 16:48:17"], "total_order": 1, "hotel_value": ["3.8"], "hotel_price": ["78"]}, "22416789": {"hotel_name": "\u9752\u5c9b\u5bb9\u9526\u9152\u5e97", "order_time": ["2019-01-11 16:48:17"], "total_order": 1, "hotel_value": ["4.7"], "hotel_price": ["102"]}, "2378712": {"hotel_name": "\u9752\u5c9b\u6d77\u6cf0\u4e07\u4e30\u56fd\u9645\u9152\u5e97", "order_time": ["2019-01-11 16:48:18"], "total_order": 1, "hotel_value": ["4.4"], "hotel_price": ["173"]}, "13547901": {"hotel_name": "\u9526\u6c5f\u4e4b\u661f\u54c1\u5c1a(\u9752\u5c9b\u6cca\u91cc\u8463\u5bb6\u53e3\u5e97)", "order_time": ["2019-01-11 16:48:23", "2019-01-11 16:59:12"], "total_order": 2, "hotel_value": ["4.8", "4.8"], "hotel_price": ["159", "159"]}, "12424295": {"hotel_name": "\u7ef4\u591a\u5229\u4e9a\u6d77\u6f9c\u5047\u65e5\u516c\u5bd3(\u9752\u5c9b\u706b\u8f66\u7ad9\u6808\u6865\u5e97)", "order_time": ["2019-01-11 16:48:24"], "total_order": 1, "hotel_value": ["3.9"], "hotel_price": ["358"]}, "385108": {"hotel_name": "\u9752\u5c9b\u6d77\u5c14\u6d32\u9645\u9152\u5e97", "order_time": ["2019-01-11 17:02:28", "2019-01-11 16:55:37", "2019-01-11 16:49:33"], "total_order": 3, "hotel_value": ["4.6", "4.6", "4.6"], "hotel_price": ["758", "758", "758"]}, "791924": {"hotel_name": "\u94f6\u5ea7\u4f73\u9a7f\u9152\u5e97(\u5e73\u5ea6\u5929\u6d25\u8def\u5e97)(\u539f\u8679\u5586\u5546\u52a1\u5bbe\u9986)", "order_time": ["2019-01-11 16:49:42"], "total_order": 1, "hotel_value": ["4.4"], "hotel_price": ["99"]}, "5718919": {"hotel_name": "\u6c40\u6f9c\u9152\u5e97\u516c\u5bd3(\u9752\u5c9b\u4e94\u56db\u5e7f\u573a\u4e07\u8c61\u57ce\u5e97)", "order_time": ["2019-01-11 16:50:25"], "total_order": 1, "hotel_value": ["4.6"], "hotel_price": ["224"]}, "12225064": {"hotel_name": "\u5e0c\u5cb8\u9152\u5e97(\u9752\u5c9b\u6d41\u4ead\u673a\u573a\u5e97)", "order_time": ["2019-01-11 16:50:25"], "total_order": 1, "hotel_value": ["4.6"], "hotel_price": ["200"]}, "1692406": {"hotel_name": "\u9752\u5c9b\u6c11\u8054\u51ef\u65cb\u9152\u5e97", "order_time": ["2019-01-11 16:50:28"], "total_order": 1, "hotel_value": ["4.5"], "hotel_price": ["290"]}, "1283801": {"hotel_name": "\u6211\u7684\u5730\u76d8\u4e3b\u9898\u9152\u5e97(\u9752\u5c9b\u6b63\u9633\u4e2d\u8def\u5e97)", "order_time": ["2019-01-11 16:50:28"], "total_order": 1, "hotel_value": ["4.5"], "hotel_price": ["124"]}, "779894": {"hotel_name": "\u9526\u6c5f\u4e4b\u661f(\u9752\u5c9b\u4e2d\u5c71\u8def\u5e97)", "order_time": ["2019-01-11 16:50:30"], "total_order": 1, "hotel_value": ["4.5"], "hotel_price": ["129"]}, "428036": {"hotel_name": "\u5982\u5bb6\u5feb\u6377\u9152\u5e97(\u9752\u5c9b\u5c71\u4e1c\u8def\u4e2d\u592e\u5546\u52a1\u533a\u5e97)", "order_time": ["2019-01-11 16:50:32"], "total_order": 1, "hotel_value": ["4.3"], "hotel_price": ["114"]}, "2582773": {"hotel_name": "\u6c49\u5ead\u9152\u5e97(\u9752\u5c9b\u706b\u8f66\u7ad9\u4e1c\u5e7f\u573a\u5e97)", "order_time": ["2019-01-11 16:50:32"], "total_order": 1, "hotel_value": ["4.4"], "hotel_price": ["101"]}, "427837": {"hotel_name": "\u83ab\u6cf0168(\u9752\u5c9b\u4e2d\u5c71\u8def\u5546\u4e1a\u8857\u6808\u6865\u5e97)", "order_time": ["2019-01-11 16:50:39"], "total_order": 1, "hotel_value": ["4.4"], "hotel_price": ["71"]}, "27355914": {"hotel_name": "\u9752\u5c9b\u65b0\u5929\u5730\u8fde\u9501\u5bbe\u9986", "order_time": ["2019-01-11 16:51:33"], "total_order": 1, "hotel_value": [0], "hotel_price": ["59"]}, "2075423": {"hotel_name": "\u67cf\u83b1\u660e\u73e0\u6d77\u666f\u9152\u5e97(\u9752\u5c9b\u7ef4\u591a\u5229\u4e9a\u6808\u6865\u5e97)", "order_time": ["2019-01-11 16:51:35"], "total_order": 1, "hotel_value": [0], "hotel_price": ["359"]}, "1373259": {"hotel_name": "\u83b1\u897f\u6708\u6e56\u5546\u52a1\u5bbe\u9986", "order_time": ["2019-01-11 16:51:48"], "total_order": 1, "hotel_value": ["4.7"], "hotel_price": ["85"]}, "2013178": {"hotel_name": "\u80f6\u5dde\u540d\u4eba\u4e4b\u661f\u9152\u5e97", "order_time": ["2019-01-11 16:51:48"], "total_order": 1, "hotel_value": ["4.2"], "hotel_price": ["93"]}, "2509075": {"hotel_name": "\u5c1a\u5ba2\u4f18\u9a8f\u6021\u8fde\u9501\u9152\u5e97(\u9752\u5c9b\u519c\u4e1a\u5927\u5b66\u5e97)", "order_time": ["2019-01-11 16:52:42"], "total_order": 1, "hotel_value": ["3.7"], "hotel_price": ["75"]}, "3629505": {"hotel_name": "\u4e50\u5bb6\u8f69\u60a6\u73ba\u670d\u52a1\u516c\u5bd3(\u9752\u5c9b\u9999\u6e2f\u4e2d\u8def\u4e07\u8c61\u57ce\u5e97)", "order_time": ["2019-01-11 16:52:43"], "total_order": 1, "hotel_value": ["4.6"], "hotel_price": ["234"]}, "427967": {"hotel_name": "\u5982\u5bb6\u5feb\u6377\u9152\u5e97(\u9752\u5c9b\u6808\u6865\u706b\u8f66\u7ad9\u5e7f\u573a\u5e97)", "order_time": ["2019-01-11 16:52:46", "2019-01-11 17:01:40"], "total_order": 2, "hotel_value": ["4.2", "4.2"], "hotel_price": ["75", "75"]}, "994192": {"hotel_name": "\u5982\u5bb6\u5feb\u6377\u9152\u5e97(\u5373\u58a8\u9e64\u5c71\u8def\u5927\u94dc\u9a6c\u5e7f\u573a\u5e97)", "order_time": ["2019-01-11 16:52:47"], "total_order": 1, "hotel_value": ["4.6"], "hotel_price": ["98"]}, "1321819": {"hotel_name": "\u9752\u5c9b\u94c2\u7f07\u7cbe\u9009\u9152\u5e97", "order_time": ["2019-01-11 16:52:52"], "total_order": 1, "hotel_value": ["4.1"], "hotel_price": ["66"]}, "25492407": {"hotel_name": "\u9752\u5c9b\u5149\u8c37\u516c\u5bd3\u6b22\u8fce\u60a8(\u6234\u6208\u5e84\u6751\u5206\u5e97)", "order_time": ["2019-01-11 16:52:53"], "total_order": 1, "hotel_value": [0], "hotel_price": ["90"]}, "994086": {"hotel_name": "\u5982\u5bb6\u5feb\u6377\u9152\u5e97(\u9752\u5c9b\u6d77\u5c14\u8def\u5730\u94c1\u7ad9\u9752\u5c71\u8def\u5e97)", "order_time": ["2019-01-11 16:59:08", "2019-01-11 17:08:27", "2019-01-11 16:54:44"], "total_order": 3, "hotel_value": ["4.5", "4.5", "4.5"], "hotel_price": ["84", "84", "84"]}, "436463": {"hotel_name": "\u9752\u5c9b\u8c6a\u68ee\u5e9c\u90b8\u56fd\u9645\u9152\u5e97", "order_time": ["2019-01-11 16:54:44"], "total_order": 1, "hotel_value": ["4.6"], "hotel_price": ["384"]}, "8870574": {"hotel_name": "\u745e\u666e\u5170\u987f\u81f3\u5c0a\u9152\u5e97\u00b7\u9752\u5c9b\u5609\u5e74\u534e\u5e97", "order_time": ["2019-01-11 16:54:47"], "total_order": 1, "hotel_value": ["4.5"], "hotel_price": ["122"]}, "2300090": {"hotel_name": "\u5c1a\u5ba2\u4f18\u5feb\u6377\u9152\u5e97(\u9752\u5c9b\u5609\u9675\u6c5f\u897f\u8def\u5e97)", "order_time": ["2019-01-11 16:54:50"], "total_order": 1, "hotel_value": ["4.3"], "hotel_price": ["84"]}, "876447": {"hotel_name": "\u83b1\u897f\u767d\u9e6d\u6e56\u6e29\u6cc9\u5ea6\u5047\u533a", "order_time": ["2019-01-11 16:55:37"], "total_order": 1, "hotel_value": ["4.2"], "hotel_price": ["264"]}, "1664209": {"hotel_name": "\u9752\u5c9b\u5929\u745e\u661f\u7a7a\u9152\u5e97", "order_time": ["2019-01-11 17:08:18", "2019-01-11 16:55:54"], "total_order": 2, "hotel_value": ["4.6", "4.6"], "hotel_price": ["446", "446"]}, "1226388": {"hotel_name": "\u9752\u5c9b\u6db5\u78a7\u697c\u9152\u5e97", "order_time": ["2019-01-11 16:55:54"], "total_order": 1, "hotel_value": ["4.6"], "hotel_price": ["1749"]}, "2071300": {"hotel_name": "\u4eac\u82d1\u8fde\u9501\u827a\u672f\u9152\u5e97(\u9752\u5c9b\u5fb7\u56fd\u98ce\u60c5\u8857\u5e97)", "order_time": ["2019-01-11 16:56:50"], "total_order": 1, "hotel_value": ["4.2"], "hotel_price": ["53"]}, "446858": {"hotel_name": "\u9752\u5c9b\u534e\u80fd\u5bbe\u9986", "order_time": ["2019-01-11 16:56:55"], "total_order": 1, "hotel_value": ["4.6"], "hotel_price": ["130"]}, "2329361": {"hotel_name": "\u9752\u5c9b\u65af\u7ef4\u767b\u5ea6\u5047\u516c\u5bd3(\u90ae\u8f6e\u6bcd\u6e2f\u5e97)", "order_time": ["2019-01-11 16:56:55", "2019-01-11 17:01:26"], "total_order": 2, "hotel_value": ["4.7", "4.7"], "hotel_price": ["187", "432"]}, "6475389": {"hotel_name": "\u9752\u5c9b\u4e2d\u8054\u81ea\u7531\u6e2f\u6e7e\u53cc\u5b50\u5854\u9152\u5e97", "order_time": ["2019-01-11 16:56:55"], "total_order": 1, "hotel_value": ["4.4"], "hotel_price": ["239"]}, "5466788": {"hotel_name": "\u82b1\u6eaa\u82b1\u56ed\u9152\u5e97(\u9752\u5c9b\u6d41\u4ead\u673a\u573a\u5e97)", "order_time": ["2019-01-11 16:56:55"], "total_order": 1, "hotel_value": ["4.5"], "hotel_price": ["198"]}, "8415426": {"hotel_name": "\u56db\u5b63\u7cbe\u9009\u9152\u5e97(\u9752\u5c9b\u6d41\u4ead\u673a\u573a\u5e97)", "order_time": ["2019-01-11 16:56:55"], "total_order": 1, "hotel_value": ["4.6"], "hotel_price": ["206"]}, "654770": {"hotel_name": "\u9752\u5c9b\u4e3d\u5929\u5927\u9152\u5e97", "order_time": ["2019-01-11 16:56:55"], "total_order": 1, "hotel_value": ["4.8"], "hotel_price": ["326"]}, "669081": {"hotel_name": "\u9752\u5c9b\u4e16\u7eaa\u6587\u534e\u9152\u5e97", "order_time": ["2019-01-11 16:56:55"], "total_order": 1, "hotel_value": ["4.6"], "hotel_price": ["156"]}, "6587715": {"hotel_name": "\u9752\u5c9b\u7f8e\u5885\u5047\u671f\u9152\u5e978\u53f7\u6d77\u8fb9\u522b\u5885", "order_time": ["2019-01-11 16:56:55"], "total_order": 1, "hotel_value": ["4.9"], "hotel_price": ["366"]}, "486063": {"hotel_name": "\u9752\u5c9b\u56fd\u4fe1\u6d77\u5929\u4f53\u80b2\u4e2d\u5fc3\u9152\u5e97", "order_time": ["2019-01-11 16:56:55"], "total_order": 1, "hotel_value": ["4.5"], "hotel_price": ["223"]}, "5703470": {"hotel_name": "\u9752\u5c9b\u946b\u9f99\u5047\u65e5\u77f3\u6cb9\u5927\u5b66\u6d77\u666f\u516c\u5bd3(\u539f\u946b\u9f99\u5047\u65e5\u957f\u6c5f\u56fd\u9645\u516c\u5bd3)", "order_time": ["2019-01-11 16:56:57"], "total_order": 1, "hotel_value": ["4.6"], "hotel_price": ["173"]}, "11649805": {"hotel_name": "\u5b9c\u5bb699\u4e3b\u9898\u9152\u5e97(\u9752\u5c9b\u57ce\u9633\u5bb6\u4f73\u6e90\u5e97)", "order_time": ["2019-01-11 16:56:59"], "total_order": 1, "hotel_value": ["4.2"], "hotel_price": ["151"]}, "2306538": {"hotel_name": "\u9752\u5c9b33\u5929\u5bbe\u9986", "order_time": ["2019-01-11 16:57:02"], "total_order": 1, "hotel_value": ["4.4"], "hotel_price": ["81"]}, "1012493": {"hotel_name": "\u9752\u5c9b\u540c\u5b89\u5bbe\u9986(\u539f\u745e\u9633\u5bbe\u9986)", "order_time": ["2019-01-11 16:57:03"], "total_order": 1, "hotel_value": ["3.8"], "hotel_price": ["98"]}, "2030018": {"hotel_name": "\u9752\u5c9b\u65b0\u660e\u661f\u5bbe\u9986", "order_time": ["2019-01-11 16:58:28"], "total_order": 1, "hotel_value": ["4.2"], "hotel_price": ["64"]}, "21926969": {"hotel_name": "\u80f6\u5dde\u4ed9\u6c90\u6c64\u9152\u5e97", "order_time": ["2019-01-11 16:58:28"], "total_order": 1, "hotel_value": [0], "hotel_price": ["126"]}, "4068819": {"hotel_name": "\u90fd\u5e02118(\u9752\u5c9b\u4f1a\u5c55\u4e2d\u5fc3\u6d77\u5c14\u8def\u5e97)(\u539f\u5d02\u5c71\u9ad8\u79d1\u56ed\u5e97)", "order_time": ["2019-01-11 16:59:07"], "total_order": 1, "hotel_value": ["4.2"], "hotel_price": ["129"]}, "2245054": {"hotel_name": "\u9752\u5c9b\u5357\u5c71\u7f8e\u7235\u5ea6\u5047\u9152\u5e97", "order_time": ["2019-01-11 16:59:08"], "total_order": 1, "hotel_value": ["4.5"], "hotel_price": ["454"]}, "429108": {"hotel_name": "\u9752\u5c9b\u94f6\u6c99\u6ee9\u6e29\u5fb7\u59c6\u81f3\u5c0a\u9152\u5e97", "order_time": ["2019-01-11 16:59:08"], "total_order": 1, "hotel_value": ["4.5"], "hotel_price": ["505"]}, "5527970": {"hotel_name": "\u9752\u5c9b\u65af\u7ef4\u767b\u5ea6\u5047\u516c\u5bd3(\u57ce\u9633\u673a\u573a\u5e97)", "order_time": ["2019-01-11 16:59:09"], "total_order": 1, "hotel_value": ["4.6"], "hotel_price": ["119"]}, "2310196": {"hotel_name": "\u7231\u5c0a\u5ba2\u9152\u5e97(\u9752\u5c9b\u9999\u6c5f\u8def\u5e97)", "order_time": ["2019-01-11 16:59:09"], "total_order": 1, "hotel_value": ["4.4"], "hotel_price": ["64"]}, "2222735": {"hotel_name": "\u9526\u6c5f\u4e4b\u661f(\u9752\u5c9b\u6d41\u4ead\u56fd\u9645\u673a\u573a\u6b63\u9633\u4e2d\u8def\u5e97)", "order_time": ["2019-01-11 16:59:09"], "total_order": 1, "hotel_value": ["4.5"], "hotel_price": ["129"]}, "995168": {"hotel_name": "\u94f6\u5ea7\u4f73\u9a7f\u9152\u5e97(\u5373\u58a8\u9e64\u5c71\u8def\u4f73\u4e50\u5bb6\u4e8c\u5e97)", "order_time": ["2019-01-11 16:59:09"], "total_order": 1, "hotel_value": ["4.4"], "hotel_price": ["71"]}, "3384535": {"hotel_name": "\u9752\u5c9b\u65af\u7ef4\u767b\u670d\u52a1\u516c\u5bd3(\u9999\u6e2f\u4e2d\u8def\u4e3d\u6676\u5fa1\u7b51)", "order_time": ["2019-01-11 16:59:09"], "total_order": 1, "hotel_value": ["4.5"], "hotel_price": ["188"]}, "532185": {"hotel_name": "\u9752\u5c9b\u6d77\u60c5\u5927\u9152\u5e97", "order_time": ["2019-01-11 16:59:09"], "total_order": 1, "hotel_value": ["4.6"], "hotel_price": ["239"]}, "1530496": {"hotel_name": "\u7231\u5c0a\u5ba2\u9152\u5e97(\u5373\u58a8\u5c0f\u5546\u54c1\u57ce\u5e97)", "order_time": ["2019-01-11 16:59:10"], "total_order": 1, "hotel_value": ["4.4"], "hotel_price": ["124"]}, "436468": {"hotel_name": "\u9752\u5c9b\u5c71\u5b5a\u5927\u9152\u5e97", "order_time": ["2019-01-11 16:59:11"], "total_order": 1, "hotel_value": ["4.6"], "hotel_price": ["316"]}, "20615346": {"hotel_name": "\u827e\u5ba2\u6d77\u666f\u5ea6\u5047\u516c\u5bd3\uff08\u9752\u5c9b\u77f3\u8001\u4eba\u6d77\u6c34\u6d74\u573a\u5e97\uff09", "order_time": ["2019-01-11 16:59:11"], "total_order": 1, "hotel_value": ["4.8"], "hotel_price": ["216"]}, "1691841": {"hotel_name": "\u91d1\u5c71\u57ce\u5927\u9152\u5e97(\u9752\u5c9b\u5927\u6c99\u8def\u5e97)", "order_time": ["2019-01-11 16:59:12"], "total_order": 1, "hotel_value": ["4.0"], "hotel_price": ["80"]}, "2139868": {"hotel_name": "7\u5929\u8fde\u9501\u9152\u5e97(\u9752\u5c9b\u5c71\u4e1c\u8def\u4e2d\u592e\u5546\u52a1\u533a\u5e97)", "order_time": ["2019-01-11 16:59:14"], "total_order": 1, "hotel_value": ["3.9"], "hotel_price": ["70"]}, "1644015": {"hotel_name": "\u6d77\u68e0\u6e7e\u7cbe\u54c1\u6d77\u666f\u65e5\u79df\u623f(\u9752\u5c9b\u4e00\u5e97)", "order_time": ["2019-01-11 16:59:28"], "total_order": 1, "hotel_value": ["4.9"], "hotel_price": ["253"]}, "1103123": {"hotel_name": "\u6c49\u5ead\u9152\u5e97(\u9752\u5c9b\u5965\u5e06\u4e2d\u5fc3\u5e97)", "order_time": ["2019-01-11 17:01:22"], "total_order": 1, "hotel_value": ["4.4"], "hotel_price": ["126"]}, "19616266": {"hotel_name": "\u66e6\u9014\u672a\u6765\u6d77\u666f\u5ea6\u5047\u516c\u5bd3(\u9752\u5c9b\u4f1a\u5c55\u4e2d\u5fc3\u77f3\u8001\u4eba\u6d77\u6c34\u6d74\u573a\u5e97)", "order_time": ["2019-01-11 17:01:23"], "total_order": 1, "hotel_value": ["4.8"], "hotel_price": ["209"]}, "6000795": {"hotel_name": "\u6b27\u98de\u8fde\u9501\u9152\u5e97(\u9752\u5c9b\u674e\u6751\u6b65\u884c\u8857\u5965\u514b\u65af\u5e7f\u573a\u5e97)", "order_time": ["2019-01-11 17:01:25"], "total_order": 1, "hotel_value": ["4.2"], "hotel_price": ["95"]}, "5152698": {"hotel_name": "\u6854\u5b50\u9152\u5e97\u00b7\u7cbe\u9009(\u9752\u5c9b\u6d77\u5c14\u8def\u5e97)", "order_time": ["2019-01-11 17:01:26"], "total_order": 1, "hotel_value": ["4.9"], "hotel_price": ["322"]}, "994089": {"hotel_name": "\u5982\u5bb6\u5feb\u6377\u9152\u5e97(\u9752\u5c9b\u706b\u8f66\u5317\u7ad9\u632f\u534e\u8def\u5730\u94c1\u7ad9\u5e97)", "order_time": ["2019-01-11 17:01:29"], "total_order": 1, "hotel_value": ["4.4"], "hotel_price": ["94"]}, "13820704": {"hotel_name": "\u9752\u5c9b\u5de6\u90bb\u53f3\u820d\u5ea6\u5047\u5f0f\u516c\u5bd3", "order_time": ["2019-01-11 17:01:39"], "total_order": 1, "hotel_value": [0], "hotel_price": ["108"]}, "6804428": {"hotel_name": "\u5586\u60a6\u7cbe\u54c1\u8fde\u9501\u9152\u5e97(\u91cd\u5e86\u4e2d\u8def\u706b\u8f66\u5317\u7ad9\u632f\u534e\u8def\u5730\u94c1\u7ad9\u5e97)", "order_time": ["2019-01-11 17:02:18"], "total_order": 1, "hotel_value": [0], "hotel_price": ["58"]}, "27424529": {"hotel_name": "\u9752\u5c9b\u6c49\u5510\u7cbe\u9009\u9152\u5e97\u5f0f\u516c\u5bd3", "order_time": ["2019-01-11 17:05:46"], "total_order": 1, "hotel_value": ["4.9"], "hotel_price": ["195"]}, "427930": {"hotel_name": "\u5982\u5bb6\u5feb\u6377\u9152\u5e97(\u9752\u5c9b\u5c71\u4e1c\u8def\u4e2d\u592e\u5546\u52a1\u533a\u4e07\u8fbe\u5e7f\u573a\u5e97)", "order_time": ["2019-01-11 17:05:50"], "total_order": 1, "hotel_value": ["4.5"], "hotel_price": ["110"]}, "2301781": {"hotel_name": "\u5c1a\u5ba2\u4f18\u5feb\u6377\u9152\u5e97(\u9752\u5c9b\u7075\u73e0\u5c71\u5e97)", "order_time": ["2019-01-11 17:05:51"], "total_order": 1, "hotel_value": ["4.5"], "hotel_price": ["94"]}, "439559": {"hotel_name": "\u6606\u4ed1\u548c\u60a6\u5ea6\u5047\u9152\u5e97(\u9752\u5c9b\u5965\u5e06\u4e2d\u5fc3\u5e97)", "order_time": ["2019-01-11 17:08:26", "2019-01-11 17:06:02"], "total_order": 2, "hotel_value": ["4.3", "4.3"], "hotel_price": ["247", "247"]}, "448778": {"hotel_name": "\u660e\u6cfd\u5546\u52a1\u9152\u5e97(\u9752\u5c9b\u5609\u5b9a\u5c71\u516c\u56ed\u5e97)", "order_time": ["2019-01-11 17:06:06"], "total_order": 1, "hotel_value": ["4.8"], "hotel_price": ["83"]}, "1360638": {"hotel_name": "\u9752\u5c9b\u6e2f\u90fd\u5bbe\u9986(\u6d41\u4ead\u673a\u573a\u5e97)", "order_time": ["2019-01-11 17:06:07"], "total_order": 1, "hotel_value": ["3.8"], "hotel_price": ["96"]}, "6414526": {"hotel_name": "\u9752\u5c9b\u7434\u82d1\u65c5\u9986\u7434\u5c9b\u5b66\u9662\u5e97", "order_time": ["2019-01-11 17:06:29"], "total_order": 1, "hotel_value": [0], "hotel_price": ["45"]}, "2163950": {"hotel_name": "\u83b1\u897f\u8c6a\u79a7\u6765\u5546\u52a1\u9152\u5e97", "order_time": ["2019-01-11 17:07:39", "2019-01-11 17:11:31"], "total_order": 2, "hotel_value": ["4.6", "4.6"], "hotel_price": ["94", "94"]}, "2084467": {"hotel_name": "\u9752\u5c9b678\u673a\u573a\u516c\u5bd3\u9152\u5e97(\u7533\u6e2f\u82b1\u56ed\u5e97)", "order_time": ["2019-01-11 17:08:21"], "total_order": 1, "hotel_value": ["4.6"], "hotel_price": ["137"]}, "2980755": {"hotel_name": "7\u5929\u8fde\u9501\u9152\u5e97(\u9752\u5c9b\u6c7d\u8f66\u603b\u7ad9\u676d\u5dde\u8def\u5e97)", "order_time": ["2019-01-11 17:08:22"], "total_order": 1, "hotel_value": ["4.2"], "hotel_price": ["69"]}, "1863806": {"hotel_name": "\u9752\u5c9b\u7231\u60a6\u6c34\u6676\u4e3b\u9898\u9152\u5e97(\u6781\u5730\u6d77\u6d0b\u4e16\u754c\u5e97)", "order_time": ["2019-01-11 17:08:23"], "total_order": 1, "hotel_value": ["4.0"], "hotel_price": ["143"]}, "1281802": {"hotel_name": "\u6d77\u6c38\u5fb7\u5feb\u6377\u9152\u5e97(\u9752\u5c9b\u706b\u8f66\u5317\u7ad9\u5e97)", "order_time": ["2019-01-11 17:08:25"], "total_order": 1, "hotel_value": ["3.8"], "hotel_price": ["74"]}, "1390142": {"hotel_name": "\u90fd\u5e02118(\u9752\u5c9b\u91d1\u6c99\u6ee9\u5e97)", "order_time": ["2019-01-11 17:08:27"], "total_order": 1, "hotel_value": ["4.5"], "hotel_price": ["78"]}, "443641": {"hotel_name": "\u9752\u5c9b\u91d1\u6d77\u5927\u9152\u5e97", "order_time": ["2019-01-11 17:08:28"], "total_order": 1, "hotel_value": ["4.4"], "hotel_price": ["186"]}, "5981874": {"hotel_name": "\u9752\u5c9b\u9ec4\u5c9b\u5c0f\u9662\u77f3\u6cb9\u5927\u5b66\u5e97", "order_time": ["2019-01-11 17:08:33"], "total_order": 1, "hotel_value": ["4.4"], "hotel_price": ["45"]}, "2073609": {"hotel_name": "\u9752\u5c9b\u91d1\u5cb8\u5feb\u6377\u9152\u5e97", "order_time": ["2019-01-11 17:08:36"], "total_order": 1, "hotel_value": ["4.0"], "hotel_price": ["65"]}, "780008": {"hotel_name": "\u7b51\u7f8e\u5370\u8c61\u9152\u5e97\u516c\u5bd3(\u9752\u5c9b\u4e94\u56db\u5e7f\u573a\u9999\u6e2f\u4e2d\u8def\u5e97)", "order_time": ["2019-01-11 17:10:35"], "total_order": 1, "hotel_value": ["4.5"], "hotel_price": ["113"]}, "2301851": {"hotel_name": "7\u5929\u8fde\u9501\u9152\u5e97(\u9752\u5c9b\u9547\u5b81\u7acb\u4ea4\u6865\u5e97)", "order_time": ["2019-01-11 17:10:39"], "total_order": 1, "hotel_value": ["3.9"], "hotel_price": ["70"]}, "3733696": {"hotel_name": "\u9752\u5c9b\u8bb0\u5fc6\u65c5\u884c\u7cbe\u54c1\u5ea6\u5047\u516c\u5bd3", "order_time": ["2019-01-11 17:10:51"], "total_order": 1, "hotel_value": ["4.6"], "hotel_price": ["345"]}, "893985": {"hotel_name": "\u9752\u5c9b\u5fb7\u4e3d\u5546\u52a1\u5bbe\u9986", "order_time": ["2019-01-11 17:11:02"], "total_order": 1, "hotel_value": ["4.5"], "hotel_price": ["49"]}, "21724133": {"hotel_name": "\u5c1a\u5ba2\u4f18\u54c1\u9152\u5e97(\u80f6\u5dde\u5170\u5dde\u4e1c\u8def\u65b0\u6c7d\u8f66\u7ad9\u5e97)", "order_time": ["2019-01-11 17:11:30"], "total_order": 1, "hotel_value": ["4.9"], "hotel_price": ["151"]}, "2254050": {"hotel_name": "\u65e5\u79df\u516c\u5bd3(\u83b1\u897f\u798f\u8d62\u56ed\u5e97)", "order_time": ["2019-01-11 17:11:32"], "total_order": 1, "hotel_value": [0], "hotel_price": ["152"]}, "16081477": {"hotel_name": "\u9752\u5c9b\u7434\u6d77\u9601\u5ea6\u5047\u522b\u5885", "order_time": ["2019-01-11 17:12:36"], "total_order": 1, "hotel_value": ["4.4"], "hotel_price": ["211"]}, "2305447": {"hotel_name": "\u9526\u6c5f\u4e4b\u661f(\u9752\u5c9b\u91cd\u5e86\u5357\u8def\u9ea6\u5fb7\u9f99\u5e97)", "order_time": ["2019-01-11 17:12:36"], "total_order": 1, "hotel_value": ["4.6"], "hotel_price": ["139"]}, "5024700": {"hotel_name": "\u9752\u5c9b\u591a\u60a6\u9152\u5e97", "order_time": ["2019-01-11 17:12:42"], "total_order": 1, "hotel_value": ["4.4"], "hotel_price": ["145"]}, "470369": {"hotel_name": "\u9752\u5c9b\u96cd\u534e\u5ead\u9152\u5e97", "order_time": ["2019-01-11 17:12:43"], "total_order": 1, "hotel_value": ["4.3"], "hotel_price": ["206"]}, "11375234": {"hotel_name": "\u6d77\u6f9c\u516c\u5bd3(\u9752\u5c9b\u91cd\u5e86\u5357\u8def\u5e97)", "order_time": ["2019-01-11 17:12:49"], "total_order": 1, "hotel_value": ["4.7"], "hotel_price": ["149"]}, "1318891": {"hotel_name": "\u6c49\u5ead\u9152\u5e97(\u5373\u58a8\u670d\u88c5\u57ce\u5e97)", "order_time": ["2019-01-11 17:12:53"], "total_order": 1, "hotel_value": ["4.6"], "hotel_price": ["124"]}, "1605345": {"hotel_name": "\u4e2d\u592e\u5546\u52a1\u996d\u5e97(\u9752\u5c9b\u5c71\u4e1c\u8def\u5e02\u5317\u533a\u653f\u5e9c\u5e97)", "order_time": ["2019-01-11 17:12:53"], "total_order": 1, "hotel_value": ["4.0"], "hotel_price": ["95"]}, "2252691": {"hotel_name": "\u9752\u5c9b\u90fd\u5e02\u5047\u65e5\u8fde\u9501\u9152\u5e97", "order_time": ["2019-01-11 17:13:01"], "total_order": 1, "hotel_value": ["4.4"], "hotel_price": ["70"]}, "1550961": {"hotel_name": "\u9752\u5c9b\u6da6\u4f73\u65f6\u5c1a\u5feb\u6377\u5bbe\u9986", "order_time": ["2019-01-11 17:13:03"], "total_order": 1, "hotel_value": ["4.3"], "hotel_price": ["54"]}}}