{"\u5f00\u59cb\u8bb0\u5f55\u65f6\u95f4": "2019-01-10 13:43:16", "\u7ed3\u675f\u8bb0\u5f55\u65f6\u95f4": "2019-01-10 14:49:04", "\u8ba2\u5355\u603b\u589e\u91cf": 318, "item": {"18034506": {"hotel_name": "\u6c49\u5510\u9152\u5e97(\u9752\u5c9b\u6d41\u4ead\u673a\u573a\u5e97)", "order_time": ["2019-01-10 13:44:52"], "total_order": 1, "hotel_value": ["4.8"], "hotel_price": ["228"]}, "992456": {"hotel_name": "\u9752\u5c9b\u540d\u90fd\u51ef\u83b1\u9152\u5e97", "order_time": ["2019-01-10 13:44:52"], "total_order": 1, "hotel_value": ["4.4"], "hotel_price": ["408"]}, "427837": {"hotel_name": "\u83ab\u6cf0168(\u9752\u5c9b\u4e2d\u5c71\u8def\u5546\u4e1a\u8857\u6808\u6865\u5e97)", "order_time": ["2019-01-10 13:45:59"], "total_order": 1, "hotel_value": ["4.4"], "hotel_price": ["71"]}, "2469555": {"hotel_name": "\u5373\u58a8\u8fb0\u5b63\u7cbe\u54c1\u9152\u5e97", "order_time": ["2019-01-10 13:45:59"], "total_order": 1, "hotel_value": ["4.5"], "hotel_price": ["214"]}, "2082416": {"hotel_name": "7\u5929\u8fde\u9501\u9152\u5e97(\u9752\u5c9b\u6d41\u4ead\u673a\u573a\u5e97)", "order_time": ["2019-01-10 13:46:00"], "total_order": 1, "hotel_value": ["4.1"], "hotel_price": ["104"]}, "440316": {"hotel_name": "\u9752\u5c9b\u56db\u65b9\u5927\u9152\u5e97", "order_time": ["2019-01-10 13:46:00", "2019-01-10 13:59:11"], "total_order": 2, "hotel_value": ["4.4", "4.4"], "hotel_price": ["83", "83"]}, "1743849": {"hotel_name": "\u541b\u5c1a\u5047\u65e5\u9152\u5e97\u516c\u5bd3(\u9752\u5c9b\u5927\u62c7\u6307\u5e7f\u573a\u56fd\u9645\u4f1a\u5c55\u4e2d\u5fc3\u5e97)", "order_time": ["2019-01-10 13:46:01"], "total_order": 1, "hotel_value": ["4.6"], "hotel_price": ["91"]}, "8531362": {"hotel_name": "\u9752\u5c9b\u6c11\u56fd\u9152\u5e97", "order_time": ["2019-01-10 13:46:02"], "total_order": 1, "hotel_value": ["4.8"], "hotel_price": ["220"]}, "436076": {"hotel_name": "\u9752\u5c9b\u6c47\u6cc9\u738b\u671d\u5927\u996d\u5e97", "order_time": ["2019-01-10 13:46:02"], "total_order": 1, "hotel_value": ["4.4"], "hotel_price": ["450"]}, "20058929": {"hotel_name": "\u5343\u5bbf\u6d77\u666f\u5ea6\u5047\u516c\u5bd3(\u9752\u5c9b\u4f1a\u5c55\u4e2d\u5fc3\u77f3\u8001\u4eba\u6d74\u573a\u5e97)", "order_time": ["2019-01-10 13:46:02"], "total_order": 1, "hotel_value": ["4.8"], "hotel_price": ["205"]}, "1911247": {"hotel_name": "\u5982\u5bb6\u5feb\u6377\u9152\u5e97(\u9752\u5c9b\u4e94\u56db\u5e7f\u573a\u5965\u5e06\u4e2d\u5fc3\u5e97)(\u539f\u5965\u5e06\u4e2d\u5fc3\u6d77\u4fe1\u5e7f\u573a\u5e97)", "order_time": ["2019-01-10 13:46:05"], "total_order": 1, "hotel_value": ["4.3"], "hotel_price": ["93"]}, "2305447": {"hotel_name": "\u9526\u6c5f\u4e4b\u661f(\u9752\u5c9b\u91cd\u5e86\u5357\u8def\u9ea6\u5fb7\u9f99\u5e97)", "order_time": ["2019-01-10 13:46:07"], "total_order": 1, "hotel_value": ["4.6"], "hotel_price": ["143"]}, "6264032": {"hotel_name": "\u9752\u5c9b\u65bd\u6cf0\u6839\u535a\u9601\u57ce\u9645\u9152\u5e97", "order_time": ["2019-01-10 13:46:08"], "total_order": 1, "hotel_value": ["4.7"], "hotel_price": ["248"]}, "18515525": {"hotel_name": "\u534a\u5c9b\u56fd\u9645\u9152\u5e97(\u9752\u5c9b\u674e\u6751\u5730\u94c1\u7ad9\u5e97)", "order_time": ["2019-01-10 13:46:08"], "total_order": 1, "hotel_value": ["4.6"], "hotel_price": ["184"]}, "21124467": {"hotel_name": "\u9752\u5c9b\u65af\u7ef4\u767b\u7cbe\u54c1\u516c\u5bd3(\u4f1a\u5c55\u4e2d\u5fc3\u77f3\u8001\u4eba\u6d77\u6c34\u6d74\u573a)", "order_time": ["2019-01-10 13:46:10"], "total_order": 1, "hotel_value": ["4.9"], "hotel_price": ["280"]}, "455485": {"hotel_name": "\u9752\u5c9b\u5e9c\u65b0\u5927\u53a6", "order_time": ["2019-01-10 13:46:10"], "total_order": 1, "hotel_value": ["4.7"], "hotel_price": ["396"]}, "4909878": {"hotel_name": "\u9752\u5c9b\u5370\u8c61\u91d1\u6c99\u6ee9\u4e50\u5e2e\u534f\u4f4f\u9152\u5e97\u5f0f\u516c\u5bd3", "order_time": ["2019-01-10 13:46:15"], "total_order": 1, "hotel_value": ["4.4"], "hotel_price": ["177"]}, "1200168": {"hotel_name": "\u7ef4\u4e5f\u7eb3\u9152\u5e97(\u80f6\u5dde\u5e97)", "order_time": ["2019-01-10 13:47:37"], "total_order": 1, "hotel_value": ["4.7"], "hotel_price": ["268"]}, "1093405": {"hotel_name": "\u9752\u5c9b\u4e16\u56ed\u5bd2\u8f69\u9152\u5e97", "order_time": ["2019-01-10 13:48:16"], "total_order": 1, "hotel_value": ["4.5"], "hotel_price": ["399"]}, "8806764": {"hotel_name": "\u9752\u5c9b\u4e07\u4e3d\u6d77\u666f\u5ea6\u5047\u516c\u5bd3\u4e2d\u8054\u81ea\u7531\u6e2f\u6e7e\u5e97", "order_time": ["2019-01-10 13:48:17"], "total_order": 1, "hotel_value": ["4.5"], "hotel_price": ["70"]}, "3268419": {"hotel_name": "\u57df\u9152\u5e97(\u9752\u5c9b\u519c\u4e1a\u5927\u5b66\u5e97)", "order_time": ["2019-01-10 13:48:20"], "total_order": 1, "hotel_value": ["4.6"], "hotel_price": ["262"]}, "1715544": {"hotel_name": "\u9752\u5c9b\u946b\u590d\u76db\u9038\u6d77\u56fd\u9645\u9152\u5e97", "order_time": ["2019-01-10 13:48:20"], "total_order": 1, "hotel_value": ["4.6"], "hotel_price": ["216"]}, "1778602": {"hotel_name": "\u521b\u610f\u65f6\u5c1a\u8fde\u9501\u9152\u5e97(\u9752\u5c9b\u4e07\u4f73\u5e7f\u573a\u5e97)", "order_time": ["2019-01-10 13:48:20"], "total_order": 1, "hotel_value": ["4.5"], "hotel_price": ["71"]}, "779894": {"hotel_name": "\u9526\u6c5f\u4e4b\u661f(\u9752\u5c9b\u4e2d\u5c71\u8def\u5e97)", "order_time": ["2019-01-10 13:48:21"], "total_order": 1, "hotel_value": ["4.5"], "hotel_price": ["138"]}, "1372374": {"hotel_name": "\u5982\u5bb6\u5feb\u6377\u9152\u5e97(\u9752\u5c9b\u56db\u65b9\u957f\u9014\u7ad9\u5ba3\u5316\u8def\u5e97)", "order_time": ["2019-01-10 13:48:22"], "total_order": 1, "hotel_value": ["4.6"], "hotel_price": ["95"]}, "480703": {"hotel_name": "\u9752\u5c9b\u91d1\u5bcc\u60a6\u7cbe\u54c1\u9152\u5e97", "order_time": ["2019-01-10 13:48:25"], "total_order": 1, "hotel_value": ["4.3"], "hotel_price": ["253"]}, "1715946": {"hotel_name": "\u9752\u5c9b\u7ef4\u7eb3\u65af\u54c1\u4f4d\u8fde\u9501\u9152\u5e97", "order_time": ["2019-01-10 14:16:46", "2019-01-10 13:48:25"], "total_order": 2, "hotel_value": ["4.1", "4.1"], "hotel_price": ["72", "72"]}, "1861303": {"hotel_name": "\u7ea2\u6795\u5b89\u60a6\u8fde\u9501\u9152\u5e97(\u9752\u5c9b\u670d\u88c5\u5de5\u4e1a\u56ed\u5e97)(\u539f\u5efa\u90a6\u5373\u58f9\u5609\u8fde\u9501\u9152\u5e97)", "order_time": ["2019-01-10 13:48:25"], "total_order": 1, "hotel_value": ["4.7"], "hotel_price": ["136"]}, "6173744": {"hotel_name": "\u5e73\u5ea6\u534e\u73ba\u5927\u9152\u5e97", "order_time": ["2019-01-10 13:49:40"], "total_order": 1, "hotel_value": ["4.7"], "hotel_price": ["346"]}, "1165332": {"hotel_name": "\u96c5\u60a6\u7cbe\u81f4\u9152\u5e97(\u9752\u5c9b\u53f0\u4e1c\u5564\u9152\u8857\u5e97)", "order_time": ["2019-01-10 13:50:34"], "total_order": 1, "hotel_value": ["4.3"], "hotel_price": ["83"]}, "2303687": {"hotel_name": "\u9752\u5c9b\u6c34\u4e2d\u592e\u5546\u52a1\u5bbe\u9986", "order_time": ["2019-01-10 13:50:44"], "total_order": 1, "hotel_value": ["4.3"], "hotel_price": ["111"]}, "4331152": {"hotel_name": "\u9752\u5c9b\u4e9a\u70ed\u98ce\u60c5\u5546\u52a1\u5bbe\u9986", "order_time": ["2019-01-10 13:50:44"], "total_order": 1, "hotel_value": ["4.0"], "hotel_price": ["80"]}, "8396348": {"hotel_name": "\u7a7a\u94c1\u5047\u65e5\u9152\u5e97\u516c\u5bd3(\u9752\u5c9b\u673a\u573a\u4e8c\u5e97)", "order_time": ["2019-01-10 13:50:46"], "total_order": 1, "hotel_value": ["4.4"], "hotel_price": ["193"]}, "8398194": {"hotel_name": "\u9752\u5c9b\u6d77\u6d6a\u9752\u5e74\u65c5\u793e", "order_time": ["2019-01-10 13:50:56"], "total_order": 1, "hotel_value": ["4.3"], "hotel_price": ["25"]}, "5306612": {"hotel_name": "\u5c1a\u5ba2\u4f18\u9a8f\u6021\u8fde\u9501\u9152\u5e97(\u9752\u5c9b\u6c7d\u8f66\u5317\u7ad9\u5e97)", "order_time": ["2019-01-10 14:06:37", "2019-01-10 13:51:51"], "total_order": 2, "hotel_value": ["3.4", "3.4"], "hotel_price": ["62", "62"]}, "24762024": {"hotel_name": "\u5e73\u5ea6\u82b1\u79be\u7f8e\u57ce\u9645\u9152\u5e97", "order_time": ["2019-01-10 13:51:58"], "total_order": 1, "hotel_value": ["4.7"], "hotel_price": ["110"]}, "1573833": {"hotel_name": "\u83b1\u897f\u534e\u5fa1\u5546\u52a1\u9152\u5e97", "order_time": ["2019-01-10 13:51:58"], "total_order": 1, "hotel_value": ["4.7"], "hotel_price": ["71"]}, "669110": {"hotel_name": "\u9752\u5c9b\u5e7f\u4e1a\u9526\u6c5f\u5927\u9152\u5e97", "order_time": ["2019-01-10 14:30:00", "2019-01-10 13:52:44"], "total_order": 2, "hotel_value": ["4.6", "4.6"], "hotel_price": ["400", "400"]}, "8327511": {"hotel_name": "\u9752\u5c9b\u90fd\u5e02118\u7cbe\u9009\u9152\u5e97\u5373\u58a8\u670d\u88c5\u57ce\u5e97", "order_time": ["2019-01-10 13:52:45"], "total_order": 1, "hotel_value": ["4.6"], "hotel_price": ["110"]}, "994155": {"hotel_name": "\u5982\u5bb6\u5feb\u6377\u9152\u5e97(\u9752\u5c9b\u91cd\u5e86\u5357\u8def\u4e07\u79d1\u57ce\u5e97)", "order_time": ["2019-01-10 13:52:49"], "total_order": 1, "hotel_value": ["4.6"], "hotel_price": ["108"]}, "8575772": {"hotel_name": "\u9752\u5c9b\u51ef\u83b1\u667a\u6167\u9152\u5e97", "order_time": ["2019-01-10 13:52:49"], "total_order": 1, "hotel_value": ["4.6"], "hotel_price": ["187"]}, "801573": {"hotel_name": "\u9752\u5c9b\u5eb7\u5927\u8c6a\u751f\u5927\u9152\u5e97", "order_time": ["2019-01-10 13:52:50"], "total_order": 1, "hotel_value": ["4.7"], "hotel_price": ["387"]}, "1361170": {"hotel_name": "\u5373\u58a8\u6e29\u6cc9\u82ad\u4e1c\u4f1a\u6240", "order_time": ["2019-01-10 13:52:53"], "total_order": 1, "hotel_value": ["4.6"], "hotel_price": ["655"]}, "19846790": {"hotel_name": "\u7b51\u7f8e\u5370\u8c61\u9152\u5e97\u5f0f\u516c\u5bd3(\u9752\u5c9b\u53f0\u4e1c\u6b65\u884c\u8857\u5e97)", "order_time": ["2019-01-10 13:52:53"], "total_order": 1, "hotel_value": ["4.7"], "hotel_price": ["99"]}, "2018605": {"hotel_name": "\u591a\u7ef4\u7cbe\u54c1\u9152\u5e97(\u9752\u5c9b\u53f0\u4e1c\u5229\u7fa4\u5e97)", "order_time": ["2019-01-10 13:52:54"], "total_order": 1, "hotel_value": ["4.2"], "hotel_price": ["83"]}, "371188": {"hotel_name": "\u9752\u5c9b\u9890\u4e2d\u7687\u51a0\u5047\u65e5\u9152\u5e97", "order_time": ["2019-01-10 14:08:05", "2019-01-10 13:52:54"], "total_order": 2, "hotel_value": ["4.5", "4.5"], "hotel_price": ["592", "592"]}, "2624847": {"hotel_name": "\u9752\u5c9b\u83ab\u4e3d\u00b7\u7cbe\u9009\u9152\u5e97", "order_time": ["2019-01-10 13:59:14", "2019-01-10 13:52:54"], "total_order": 2, "hotel_value": ["4.5", "4.5"], "hotel_price": ["216", "216"]}, "1224029": {"hotel_name": "\u9752\u5c9b\u5927\u6eaa\u5730\u7cbe\u54c1\u9152\u5e97", "order_time": ["2019-01-10 13:52:57"], "total_order": 1, "hotel_value": ["4.5"], "hotel_price": ["53"]}, "8576043": {"hotel_name": "\u7f8e\u5bbf\u5047\u65e5\u6d77\u666f\u9152\u5e97(\u9752\u5c9b\u543e\u60a6\u5e7f\u573a\u5e97)(\u539f\u7f8e\u5bbf\u5047\u65e5\u9152\u5e97)", "order_time": ["2019-01-10 13:57:16", "2019-01-10 13:53:00"], "total_order": 2, "hotel_value": ["4.6", "4.6"], "hotel_price": ["102", "102"]}, "1914526": {"hotel_name": "\u661f\u7a0b\u9152\u5e97(\u9752\u5c9b\u632f\u534e\u8def\u5730\u94c1\u7ad9\u5e97)(\u539f\u9752\u5c9b\u706b\u8f66\u5317\u7ad9\u5e97)", "order_time": ["2019-01-10 13:53:56"], "total_order": 1, "hotel_value": ["4.2"], "hotel_price": ["126"]}, "2163140": {"hotel_name": "\u83b1\u897f\u827e\u5ead\u5546\u52a1\u9152\u5e97", "order_time": ["2019-01-10 13:53:57"], "total_order": 1, "hotel_value": ["4.4"], "hotel_price": ["84"]}, "5463909": {"hotel_name": "\u9752\u5c9b\u8fd0\u6cf0\u5927\u9152\u5e97\uff08\u5d02\u5c71\u4f1a\u5c55\u4e2d\u5fc3\u5e97\uff09", "order_time": ["2019-01-10 13:54:51"], "total_order": 1, "hotel_value": ["4.5"], "hotel_price": ["90"]}, "4070512": {"hotel_name": "\u62dc\u767b\u516c\u5bd3\u00b7\u9752\u5c9b\u4e1c\u65b9\u5f71\u90fd\u5e97", "order_time": ["2019-01-10 13:54:52"], "total_order": 1, "hotel_value": ["4.7"], "hotel_price": ["104"]}, "1725780": {"hotel_name": "678\u673a\u573a\u9152\u5e97", "order_time": ["2019-01-10 13:54:54"], "total_order": 1, "hotel_value": ["4.4"], "hotel_price": ["90"]}, "23472335": {"hotel_name": "\u7f8e\u8c6a\u4e3d\u81f4\u9152\u5e97(\u9752\u5c9b\u5e97)", "order_time": ["2019-01-10 14:01:31", "2019-01-10 13:54:56"], "total_order": 2, "hotel_value": ["4.9", "4.9"], "hotel_price": ["440", "440"]}, "23675549": {"hotel_name": "\u9047\u89c1\u9752\u5c9b\u6d77\u666f\u5ea6\u5047\u516c\u5bd3(\u9752\u5c9b\u4e2d\u8054\u81ea\u7531\u6e2f\u6e7e\u5e97)", "order_time": ["2019-01-10 13:54:56"], "total_order": 1, "hotel_value": ["4.9"], "hotel_price": ["67"]}, "2304927": {"hotel_name": "\u9752\u5c9b\u5bcc\u6da6\u9601\u5927\u9152\u5e97", "order_time": ["2019-01-10 13:55:02"], "total_order": 1, "hotel_value": ["4.6"], "hotel_price": ["94"]}, "6107278": {"hotel_name": "\u5c1a\u5ba2\u4f18\u7cbe\u9009\u9152\u5e97(\u9752\u5c9b\u8fbd\u6cb3\u4e00\u8def\u5e97)", "order_time": ["2019-01-10 13:55:09"], "total_order": 1, "hotel_value": ["4.2"], "hotel_price": ["93"]}, "1962590": {"hotel_name": "\u9752\u5c9b\u6709\u7f18\u4eba\u9752\u5e74\u65c5\u820d", "order_time": ["2019-01-10 13:55:12"], "total_order": 1, "hotel_value": ["4.6"], "hotel_price": ["36"]}, "17974517": {"hotel_name": "\u5e73\u5ea6\u84dd\u6d77\u94a7\u534e\u5927\u9152\u5e97", "order_time": ["2019-01-10 13:55:56"], "total_order": 1, "hotel_value": ["4.6"], "hotel_price": ["280"]}, "1732079": {"hotel_name": "\u5373\u58a8\u9526\u8302\u5bbe\u9986", "order_time": ["2019-01-10 13:57:01"], "total_order": 1, "hotel_value": ["4.5"], "hotel_price": ["253"]}, "480721": {"hotel_name": "\u9752\u5c9b\u6d77\u5927\u5b66\u672f\u4ea4\u6d41\u4e2d\u5fc3", "order_time": ["2019-01-10 13:57:06", "2019-01-10 14:32:11"], "total_order": 2, "hotel_value": ["4.5", "4.5"], "hotel_price": ["250", "250"]}, "22454731": {"hotel_name": "\u9752\u5c9b\u8d1d\u9716\u7cbe\u9009\u9152\u5e97", "order_time": ["2019-01-10 13:57:07"], "total_order": 1, "hotel_value": ["4.8"], "hotel_price": ["114"]}, "18446497": {"hotel_name": "\u5609\u83f2\u516c\u5bd3(\u9752\u5c9b\u91d1\u6c99\u6ee9\u5e97)", "order_time": ["2019-01-10 13:57:08"], "total_order": 1, "hotel_value": ["4.6"], "hotel_price": ["76"]}, "9361728": {"hotel_name": "\u9752\u5c9b\u6d45\u91ce\u516c\u5bd3", "order_time": ["2019-01-10 14:43:06", "2019-01-10 13:57:09"], "total_order": 2, "hotel_value": ["4.6", "4.6"], "hotel_price": ["107", "107"]}, "6825957": {"hotel_name": "\u9752\u5c9b\u7ef4\u591a\u5229\u4e9a\u54c1\u5982\u5bb6\u56ed\u9152\u5e97\u5f0f\u516c\u5bd3", "order_time": ["2019-01-10 13:57:09"], "total_order": 1, "hotel_value": ["4.4"], "hotel_price": ["83"]}, "5980423": {"hotel_name": "\u89c2\u6d77\u57ce\u6d77\u666f\u516c\u5bd3(\u9752\u5c9b\u706b\u8f66\u7ad9\u6808\u6865\u5e97)", "order_time": ["2019-01-10 14:01:29", "2019-01-10 13:57:09"], "total_order": 2, "hotel_value": ["4.7", "4.7"], "hotel_price": ["103", "103"]}, "1217842": {"hotel_name": "\u9752\u5c9b\u5927\u62c7\u6307\u5e7f\u573a\u00b7\u9999\u4e3d\u820d\u9152\u5e97\u516c\u5bd3", "order_time": ["2019-01-10 13:57:10"], "total_order": 1, "hotel_value": ["4.3"], "hotel_price": ["82"]}, "5214791": {"hotel_name": "\u94f6\u6d77\u4e4b\u604b\u9152\u5e97(\u9752\u5c9b\u9ec4\u5c9b\u91d1\u6c99\u6ee9\u5564\u9152\u57ce\u5e97)", "order_time": ["2019-01-10 13:57:14"], "total_order": 1, "hotel_value": ["4.7"], "hotel_price": ["90"]}, "1374289": {"hotel_name": "\u83ab\u6cf0168(\u9752\u5c9b\u5f00\u53d1\u533a\u957f\u6c5f\u4e2d\u8def\u533a\u653f\u5e9c\u91d1\u6c99\u6ee9\u5e97)", "order_time": ["2019-01-10 13:57:19"], "total_order": 1, "hotel_value": ["4.4"], "hotel_price": ["104"]}, "1875800": {"hotel_name": "\u5982\u5bb6\u5feb\u6377\u9152\u5e97(\u9752\u5c9b\u4f1a\u5c55\u4e2d\u5fc3\u5927\u62c7\u6307\u5e7f\u573a\u5e97)", "order_time": ["2019-01-10 13:57:57"], "total_order": 1, "hotel_value": ["4.2"], "hotel_price": ["114"]}, "1196353": {"hotel_name": "\u9752\u5c9b\u4e1c\u6d77\u5047\u65e5\u5ea6\u5047\u516c\u5bd3", "order_time": ["2019-01-10 13:59:06"], "total_order": 1, "hotel_value": ["4.5"], "hotel_price": ["89"]}, "2139868": {"hotel_name": "7\u5929\u8fde\u9501\u9152\u5e97(\u9752\u5c9b\u5c71\u4e1c\u8def\u4e2d\u592e\u5546\u52a1\u533a\u5e97)", "order_time": ["2019-01-10 13:59:07"], "total_order": 1, "hotel_value": ["3.9"], "hotel_price": ["70"]}, "5930261": {"hotel_name": "\u9752\u5c9b\u9ec4\u5c9b\u6cf0\u6210\u559c\u6765\u767b\u9152\u5e97", "order_time": ["2019-01-10 13:59:07"], "total_order": 1, "hotel_value": ["4.6"], "hotel_price": ["498"]}, "794951": {"hotel_name": "\u9752\u5c9b\u673a\u573a\u53cb\u4fe1\u822a\u7a7a\u516c\u5bd3", "order_time": ["2019-01-10 13:59:07"], "total_order": 1, "hotel_value": ["4.0"], "hotel_price": ["114"]}, "1390142": {"hotel_name": "\u90fd\u5e02118(\u9752\u5c9b\u91d1\u6c99\u6ee9\u5e97)", "order_time": ["2019-01-10 13:59:09"], "total_order": 1, "hotel_value": ["4.5"], "hotel_price": ["72"]}, "514315": {"hotel_name": "\u9752\u5c9b\u5f97\u5b9d\u6e7e\u6d77\u666f\u5927\u9152\u5e97", "order_time": ["2019-01-10 13:59:09"], "total_order": 1, "hotel_value": ["4.2"], "hotel_price": ["329"]}, "447276": {"hotel_name": "\u9752\u5c9b\u6808\u6865\u738b\u5b50\u996d\u5e97", "order_time": ["2019-01-10 13:59:09"], "total_order": 1, "hotel_value": ["4.4"], "hotel_price": ["129"]}, "2312404": {"hotel_name": "\u5c1a\u5ba2\u4f18\u5feb\u6377\u9152\u5e97(\u9752\u5c9b\u9ec4\u5c9b\u738b\u53f0\u5e97)", "order_time": ["2019-01-10 13:59:13"], "total_order": 1, "hotel_value": ["4.5"], "hotel_price": ["122"]}, "428592": {"hotel_name": "\u9752\u5c9b\u9c81\u5546\u51ef\u60a6\u9152\u5e97", "order_time": ["2019-01-10 14:32:08", "2019-01-10 14:08:11", "2019-01-10 13:59:13"], "total_order": 3, "hotel_value": ["4.6", "4.6", "4.6"], "hotel_price": ["748", "748", "748"]}, "21735796": {"hotel_name": "\u9752\u5c9b\u4e94\u56db\u5e7f\u573a\u4e9a\u6735\u9152\u5e97", "order_time": ["2019-01-10 13:59:14"], "total_order": 1, "hotel_value": ["4.8"], "hotel_price": ["316"]}, "8575398": {"hotel_name": "\u9752\u5c9b\u4e2d\u5730\u4e07\u8c6a\u9152\u5e97", "order_time": ["2019-01-10 13:59:14"], "total_order": 1, "hotel_value": ["4.5"], "hotel_price": ["232"]}, "531745": {"hotel_name": "\u6df1\u84dd\u590d\u5f0f\u516c\u5bd3(\u9752\u5c9b\u4f1a\u5c55\u4e2d\u5fc3\u6d77\u6c34\u6d74\u573a\u56fd\u4fe1)", "order_time": ["2019-01-10 13:59:17"], "total_order": 1, "hotel_value": ["4.6"], "hotel_price": ["138"]}, "669124": {"hotel_name": "\u9752\u5c9b\u534e\u4fa8\u56fd\u9645\u996d\u5e97", "order_time": ["2019-01-10 13:59:17"], "total_order": 1, "hotel_value": ["4.3"], "hotel_price": ["198"]}, "2324987": {"hotel_name": "\u9752\u5c9b\u7965\u4e1a\u5546\u52a1\u5bbe\u9986", "order_time": ["2019-01-10 13:59:18"], "total_order": 1, "hotel_value": ["3.9"], "hotel_price": ["144"]}, "1480178": {"hotel_name": "\u9752\u5c9b\u9c81\u798f\u7f18\u5bbe\u9986", "order_time": ["2019-01-10 14:00:30"], "total_order": 1, "hotel_value": ["4.7"], "hotel_price": ["83"]}, "438764": {"hotel_name": "\u9752\u5c9b\u56fd\u4fe1\u6d77\u5929\u5927\u5267\u9662\u9152\u5e97", "order_time": ["2019-01-10 14:18:54", "2019-01-10 14:01:26"], "total_order": 2, "hotel_value": ["4.7", "4.7"], "hotel_price": ["328", "328"]}, "1541913": {"hotel_name": "\u9752\u5c9b\u6c11\u822a\u673a\u573a\u5bbe\u9986", "order_time": ["2019-01-10 14:01:26"], "total_order": 1, "hotel_value": ["4.5"], "hotel_price": ["299"]}, "5795844": {"hotel_name": "\u9752\u5c9b\u56db\u65b9\u5927\u9152\u5e97\u8d35\u5bbe\u697c", "order_time": ["2019-01-10 14:01:29"], "total_order": 1, "hotel_value": ["4.3"], "hotel_price": ["112"]}, "22673546": {"hotel_name": "\u9752\u5c9b\u65af\u7ef4\u767b\u5ea6\u5047\u516c\u5bd3(\u57ce\u9633\u533a\u653f\u5e9c)", "order_time": ["2019-01-10 14:01:29"], "total_order": 1, "hotel_value": ["4.8"], "hotel_price": ["123"]}, "2298663": {"hotel_name": "\u7231\u5c0a\u5ba2\u9152\u5e97(\u9752\u5c9b\u4e94\u56db\u5e7f\u573a\u9999\u6e2f\u4e2d\u8def\u5e97)", "order_time": ["2019-01-10 14:01:29"], "total_order": 1, "hotel_value": ["4.6"], "hotel_price": ["121"]}, "995120": {"hotel_name": "\u94f6\u5ea7\u4f73\u9a7f\u9152\u5e97(\u9752\u5c9b\u4e2d\u592e\u5546\u52a1\u533a\u4e07\u8fbe\u5e7f\u573a\u5e97)(\u539f\u5b81\u590f\u8def\u5e97)", "order_time": ["2019-01-10 14:16:43", "2019-01-10 14:01:33"], "total_order": 2, "hotel_value": ["4.2", "4.2"], "hotel_price": ["99", "99"]}, "1302246": {"hotel_name": "\u7231\u5ba2100\u5546\u52a1\u5bbe\u9986(\u9752\u5c9b\u6d41\u4ead\u6d3c\u91cc\u5e97)", "order_time": ["2019-01-10 14:01:37"], "total_order": 1, "hotel_value": ["4.4"], "hotel_price": ["69"]}, "1591320": {"hotel_name": "\u9752\u5c9b\u4e1c\u65b9\u56ed\u5bbe\u9986", "order_time": ["2019-01-10 14:02:32"], "total_order": 1, "hotel_value": [0], "hotel_price": ["90"]}, "2147568": {"hotel_name": "\u83b1\u897f\u534e\u73ba\u5927\u9152\u5e97", "order_time": ["2019-01-10 14:03:00"], "total_order": 1, "hotel_value": ["4.7"], "hotel_price": ["449"]}, "791924": {"hotel_name": "\u94f6\u5ea7\u4f73\u9a7f\u9152\u5e97(\u5e73\u5ea6\u5929\u6d25\u8def\u5e97)(\u539f\u8679\u5586\u5546\u52a1\u5bbe\u9986)", "order_time": ["2019-01-10 14:03:01"], "total_order": 1, "hotel_value": ["4.4"], "hotel_price": ["99"]}, "430419": {"hotel_name": "\u9752\u5c9b\u4e2d\u5fc3\u5047\u65e5\u9152\u5e97", "order_time": ["2019-01-10 14:36:28", "2019-01-10 14:03:43"], "total_order": 2, "hotel_value": ["4.7", "4.7"], "hotel_price": ["575", "575"]}, "2299441": {"hotel_name": "\u9526\u6c5f\u4e4b\u661f(\u9752\u5c9b\u56fd\u9645\u4f1a\u5c55\u4e2d\u5fc3\u6d77\u5c14\u8def\u5e97)", "order_time": ["2019-01-10 14:03:43"], "total_order": 1, "hotel_value": ["4.6"], "hotel_price": ["171"]}, "446500": {"hotel_name": "\u7cbe\u9014\u9152\u5e97(\u9752\u5c9b\u56fd\u9645\u4f1a\u5c55\u4e2d\u5fc3\u5e97)(\u539f\u57ce\u5e02\u5bb6\u5546\u52a1\u9152\u5e97\u4f1a\u5c55\u4e2d\u5fc3\u5e97)", "order_time": ["2019-01-10 14:03:43", "2019-01-10 14:16:45"], "total_order": 2, "hotel_value": ["4.2", "4.2"], "hotel_price": ["114", "114"]}, "669081": {"hotel_name": "\u9752\u5c9b\u4e16\u7eaa\u6587\u534e\u9152\u5e97", "order_time": ["2019-01-10 14:12:33", "2019-01-10 14:03:43"], "total_order": 2, "hotel_value": ["4.6", "4.6"], "hotel_price": ["150", "150"]}, "484453": {"hotel_name": "\u9752\u5c9b\u897f\u6d77\u5cb8\u9686\u548c\u798f\u670b\u559c\u6765\u767b\u9152\u5e97(\u539f\u9ec4\u5c9b\u798f\u670b\u559c\u6765\u767b\u9152\u5e97)", "order_time": ["2019-01-10 14:03:44", "2019-01-10 14:10:10"], "total_order": 2, "hotel_value": ["4.5", "4.5"], "hotel_price": ["428", "428"]}, "12225064": {"hotel_name": "\u5e0c\u5cb8\u9152\u5e97(\u9752\u5c9b\u6d41\u4ead\u673a\u573a\u5e97)", "order_time": ["2019-01-10 14:03:47"], "total_order": 1, "hotel_value": ["4.6"], "hotel_price": ["197"]}, "853604": {"hotel_name": "\u5982\u5bb6\u5feb\u6377\u9152\u5e97(\u9752\u5c9b\u56db\u6d41\u5357\u8def\u5e97)", "order_time": ["2019-01-10 14:03:48"], "total_order": 1, "hotel_value": ["4.4"], "hotel_price": ["83"]}, "4725953": {"hotel_name": "\u9526\u6c5f\u90fd\u57ce\u9152\u5e97(\u9752\u5c9b\u57ce\u9633\u533a\u653f\u5e9c\u5e97)", "order_time": ["2019-01-10 14:16:41", "2019-01-10 14:03:49"], "total_order": 2, "hotel_value": ["4.6", "4.6"], "hotel_price": ["239", "239"]}, "25806424": {"hotel_name": "\u9752\u5c9b\u89c2\u6f9c\u6d77\u666f\u5ea6\u5047\u516c\u5bd3", "order_time": ["2019-01-10 14:03:49"], "total_order": 1, "hotel_value": [0], "hotel_price": ["77"]}, "1434596": {"hotel_name": "\u91cc\u9662\u5ba2\u6808(\u9752\u5c9b\u706b\u8f66\u7ad9\u5e97)", "order_time": ["2019-01-10 14:14:34", "2019-01-10 14:03:49"], "total_order": 2, "hotel_value": ["4.5", "4.5"], "hotel_price": ["66", "66"]}, "654770": {"hotel_name": "\u9752\u5c9b\u4e3d\u5929\u5927\u9152\u5e97", "order_time": ["2019-01-10 14:03:50"], "total_order": 1, "hotel_value": ["4.8"], "hotel_price": ["379"]}, "2614519": {"hotel_name": "\u6d77\u53cb\u9152\u5e97(\u9752\u5c9b\u7535\u5b50\u4fe1\u606f\u57ce\u5e97)", "order_time": ["2019-01-10 14:03:54"], "total_order": 1, "hotel_value": ["4.2"], "hotel_price": ["61"]}, "1551929": {"hotel_name": "\u9752\u5c9b\u6052\u661f\u56fd\u9645\u57f9\u8bad\u4e2d\u5fc3", "order_time": ["2019-01-10 14:21:17", "2019-01-10 14:03:55"], "total_order": 2, "hotel_value": ["4.2", "4.2"], "hotel_price": ["210", "210"]}, "5073599": {"hotel_name": "\u827e\u5c4b\u9152\u5e97\u516c\u5bd3(\u9752\u5c9b\u90ae\u8f6e\u6bcd\u6e2f\u5e97)", "order_time": ["2019-01-10 14:03:59"], "total_order": 1, "hotel_value": ["4.7"], "hotel_price": ["73"]}, "8576099": {"hotel_name": "\u745e\u66fc\u8fbe\u9152\u5e97(\u80f6\u5dde\u4e2d\u5fc3\u5e97)", "order_time": ["2019-01-10 14:05:07"], "total_order": 1, "hotel_value": ["4.8"], "hotel_price": ["260"]}, "689242": {"hotel_name": "\u84dd\u6d77\u5927\u996d\u5e97(\u9752\u5c9b\u9ec4\u5c9b\u5e97)", "order_time": ["2019-01-10 14:05:54"], "total_order": 1, "hotel_value": ["4.6"], "hotel_price": ["298"]}, "6867438": {"hotel_name": "\u9752\u5c9b\u91cc\u9662\u7cbe\u54c1\u9152\u5e97", "order_time": ["2019-01-10 14:05:56"], "total_order": 1, "hotel_value": ["4.4"], "hotel_price": ["63"]}, "1502061": {"hotel_name": "\u5982\u5bb6\u5feb\u6377\u9152\u5e97(\u9752\u5c9b\u674e\u6ca7\u5cf0\u5c71\u8def\u6b65\u884c\u8857\u5e97)", "order_time": ["2019-01-10 14:05:57"], "total_order": 1, "hotel_value": ["4.6"], "hotel_price": ["99"]}, "994086": {"hotel_name": "\u5982\u5bb6\u5feb\u6377\u9152\u5e97(\u9752\u5c9b\u6d77\u5c14\u8def\u5730\u94c1\u7ad9\u9752\u5c71\u8def\u5e97)", "order_time": ["2019-01-10 14:05:58"], "total_order": 1, "hotel_value": ["4.5"], "hotel_price": ["105"]}, "2084467": {"hotel_name": "\u9752\u5c9b678\u673a\u573a\u516c\u5bd3\u9152\u5e97(\u7533\u6e2f\u82b1\u56ed\u5e97)", "order_time": ["2019-01-10 14:30:00", "2019-01-10 14:34:20", "2019-01-10 14:06:00"], "total_order": 3, "hotel_value": ["4.6", "4.6", "4.6"], "hotel_price": ["110", "110", "110"]}, "427955": {"hotel_name": "\u5982\u5bb6\u5feb\u6377\u9152\u5e97(\u9752\u5c9b\u53f0\u4e1c\u6b65\u884c\u8857\u5e97)", "order_time": ["2019-01-10 14:08:12", "2019-01-10 14:06:03"], "total_order": 2, "hotel_value": ["4.5", "4.5"], "hotel_price": ["90", "90"]}, "1788957": {"hotel_name": "\u9752\u5c9b\u5144\u5f1f\u7f18\u5546\u52a1\u5bbe\u9986", "order_time": ["2019-01-10 14:06:08"], "total_order": 1, "hotel_value": ["4.2"], "hotel_price": ["83"]}, "1182386": {"hotel_name": "Inhotels&\u76f8\u9685\u7cbe\u5bbf(\u9752\u5c9b\u4e07\u8c61\u57ce\u5e97)", "order_time": ["2019-01-10 14:06:22"], "total_order": 1, "hotel_value": ["4.5"], "hotel_price": ["101"]}, "427965": {"hotel_name": "\u5982\u5bb6\u5546\u65c5\u9152\u5e97(\u9752\u5c9b\u4e94\u56db\u5e7f\u573a\u5c71\u4e1c\u8def\u6fb3\u67ef\u739b\u7acb\u4ea4\u6865\u5e97)", "order_time": ["2019-01-10 14:06:22"], "total_order": 1, "hotel_value": ["4.7"], "hotel_price": ["163"]}, "6000795": {"hotel_name": "\u6b27\u98de\u8fde\u9501\u9152\u5e97(\u9752\u5c9b\u674e\u6751\u6b65\u884c\u8857\u5965\u514b\u65af\u5e7f\u573a\u5e97)", "order_time": ["2019-01-10 14:08:05"], "total_order": 1, "hotel_value": ["4.2"], "hotel_price": ["66"]}, "21122269": {"hotel_name": "\u9752\u5c9b\u84dd\u6735\u6d77\u666f\u5047\u65e5\u516c\u5bd3", "order_time": ["2019-01-10 14:08:05"], "total_order": 1, "hotel_value": ["4.9"], "hotel_price": ["794"]}, "995168": {"hotel_name": "\u94f6\u5ea7\u4f73\u9a7f\u9152\u5e97(\u5373\u58a8\u9e64\u5c71\u8def\u4f73\u4e50\u5bb6\u4e8c\u5e97)", "order_time": ["2019-01-10 14:08:10"], "total_order": 1, "hotel_value": ["4.4"], "hotel_price": ["71"]}, "425590": {"hotel_name": "\u9752\u5c9b\u946b\u6c5f\u6e29\u5fb7\u59c6\u9152\u5e97", "order_time": ["2019-01-10 14:08:12"], "total_order": 1, "hotel_value": ["4.8"], "hotel_price": ["536"]}, "669115": {"hotel_name": "\u9752\u5c9b\u4ea8\u4f2f\u5927\u9152\u5e97", "order_time": ["2019-01-10 14:08:12"], "total_order": 1, "hotel_value": ["4.2"], "hotel_price": ["297"]}, "6577116": {"hotel_name": "\u9752\u5c9b\u60a6\u6f9c\u9152\u5e97\u516c\u5bd3(\u4e94\u56db\u5e7f\u573a\u4e2d\u94c1\u4e2d\u5fc3\u5e97)", "order_time": ["2019-01-10 14:08:13"], "total_order": 1, "hotel_value": ["4.8"], "hotel_price": ["234"]}, "19828310": {"hotel_name": "\u62dc\u767b\u516c\u5bd3\u00b7\u9752\u5c9b\u57ce\u9633\u6b63\u9633\u8def\u5e97", "order_time": ["2019-01-10 14:08:14"], "total_order": 1, "hotel_value": ["4.7"], "hotel_price": ["119"]}, "1886446": {"hotel_name": "\u7231\u820d\u7a7a\u95f4\u5546\u52a1\u9152\u5e97(\u9752\u5c9b\u5c1a\u6ea2\u5e97)", "order_time": ["2019-01-10 14:08:14"], "total_order": 1, "hotel_value": ["4.5"], "hotel_price": ["93"]}, "1745472": {"hotel_name": "\u5373\u58a8\u68ee\u5965\u5bbe\u9986", "order_time": ["2019-01-10 14:08:16"], "total_order": 1, "hotel_value": ["4.7"], "hotel_price": ["75"]}, "11420986": {"hotel_name": "\u6b27\u7f8e\u83b2\u9152\u5e97", "order_time": ["2019-01-10 14:08:17"], "total_order": 1, "hotel_value": ["4.6"], "hotel_price": ["99"]}, "640472": {"hotel_name": "\u9752\u5c9b\u65af\u7ef4\u767b\u5ea6\u5047\u516c\u5bd3(\u9c81\u90a6\u98ce\u60c5)", "order_time": ["2019-01-10 14:10:08"], "total_order": 1, "hotel_value": ["4.3"], "hotel_price": ["103"]}, "2302784": {"hotel_name": "\u9752\u5c9b\u6d77\u4e4b\u5b50\u5927\u9152\u5e97", "order_time": ["2019-01-10 14:10:14"], "total_order": 1, "hotel_value": ["3.7"], "hotel_price": ["165"]}, "8394909": {"hotel_name": "\u5343\u591c\u5ea6\u5047\u516c\u5bd3(\u9752\u5c9b\u6d41\u4ead\u673a\u573a\u5e97)", "order_time": ["2019-01-10 14:10:15"], "total_order": 1, "hotel_value": ["4.5"], "hotel_price": ["129"]}, "2470071": {"hotel_name": "Q\u52a0\u00b7\u9752\u5c9b\u745e\u8c6a\u5047\u65e5\u6d77\u666f\u5ea6\u5047\u9152\u5e97\u516c\u5bd3", "order_time": ["2019-01-10 14:10:15"], "total_order": 1, "hotel_value": ["4.7"], "hotel_price": ["67"]}, "1501841": {"hotel_name": "\u83ab\u6cf0168(\u9752\u5c9b\u6808\u6865\u706b\u8f66\u7ad9\u897f\u5e7f\u573a\u5e97)", "order_time": ["2019-01-10 14:10:18", "2019-01-10 14:47:32"], "total_order": 2, "hotel_value": ["4.6", "4.6"], "hotel_price": ["86", "86"]}, "1640639": {"hotel_name": "\u9752\u5c9b\u6da6\u6625\u6765\u9152\u5e97", "order_time": ["2019-01-10 14:12:25"], "total_order": 1, "hotel_value": ["4.5"], "hotel_price": ["167"]}, "1692406": {"hotel_name": "\u9752\u5c9b\u6c11\u8054\u51ef\u65cb\u9152\u5e97", "order_time": ["2019-01-10 14:23:21", "2019-01-10 14:12:27"], "total_order": 2, "hotel_value": ["4.5", "4.5"], "hotel_price": ["290", "290"]}, "16021419": {"hotel_name": "\u9752\u5c9b\u606c\u99a8\u8c37\u5ea6\u5047\u9152\u5e97\u516c\u5bd3", "order_time": ["2019-01-10 14:12:29"], "total_order": 1, "hotel_value": ["4.6"], "hotel_price": ["88"]}, "1645358": {"hotel_name": "\u81ea\u7531\u884c\u9752\u5e74\u65c5\u793e(\u9752\u5c9b\u6808\u6865\u706b\u8f66\u7ad9\u5e97)", "order_time": ["2019-01-10 14:12:30"], "total_order": 1, "hotel_value": ["4.6"], "hotel_price": ["17"]}, "1344275": {"hotel_name": "\u9752\u5c9b\u56ed\u6f84\u5bb6\u5b66\u957f\u516c\u5bd3(\u539f\u56ed\u6f84\u5bb6\u5546\u52a1\u5bbe\u9986)", "order_time": ["2019-01-10 14:12:30"], "total_order": 1, "hotel_value": ["4.1"], "hotel_price": ["71"]}, "700933": {"hotel_name": "678\u9152\u5e97(\u9752\u5c9b\u519c\u5927\u4e3b\u9898\u7cbe\u54c1\u5e97)", "order_time": ["2019-01-10 14:12:32", "2019-01-10 14:23:30"], "total_order": 2, "hotel_value": ["4.6", "4.6"], "hotel_price": ["99", "99"]}, "1360631": {"hotel_name": "\u5c1a\u5ba2\u4f18\u5feb\u6377\u9152\u5e97(\u9752\u5c9b\u5965\u5e06\u4e2d\u5fc3\u5e97)", "order_time": ["2019-01-10 14:12:34"], "total_order": 1, "hotel_value": ["4.0"], "hotel_price": ["85"]}, "5980218": {"hotel_name": "\u9752\u5c9b\u6d77\u4e4b\u6f9c\u6d77\u666f\u65e5\u79df\u623f", "order_time": ["2019-01-10 14:12:35"], "total_order": 1, "hotel_value": ["4.8"], "hotel_price": ["26"]}, "2495070": {"hotel_name": "\u84dd\u5ead\u6d77\u5cb8\u65e5\u79df\u623f\uff08\u9752\u5c9b\u6808\u6865\u5e97\uff09", "order_time": ["2019-01-10 14:23:35", "2019-01-10 14:12:39"], "total_order": 2, "hotel_value": ["4.7", "4.7"], "hotel_price": ["45", "45"]}, "5894597": {"hotel_name": "\u9752\u5c9b\u7ea2\u6811\u6797\u5ea6\u5047\u4e16\u754c(\u73ca\u745a\u9152\u5e97)", "order_time": ["2019-01-10 14:14:36"], "total_order": 1, "hotel_value": ["4.4"], "hotel_price": ["395"]}, "23938996": {"hotel_name": "\u9752\u5c9b\u666f\u91cc\u516b\u5927\u5173\u9152\u5e97", "order_time": ["2019-01-10 14:14:36"], "total_order": 1, "hotel_value": ["5.0"], "hotel_price": ["596"]}, "446858": {"hotel_name": "\u9752\u5c9b\u534e\u80fd\u5bbe\u9986", "order_time": ["2019-01-10 14:14:39"], "total_order": 1, "hotel_value": ["4.6"], "hotel_price": ["130"]}, "2329361": {"hotel_name": "\u9752\u5c9b\u65af\u7ef4\u767b\u5ea6\u5047\u516c\u5bd3(\u90ae\u8f6e\u6bcd\u6e2f\u5e97)", "order_time": ["2019-01-10 14:18:55", "2019-01-10 14:14:39"], "total_order": 2, "hotel_value": ["4.7", "4.7"], "hotel_price": ["124", "124"]}, "6525125": {"hotel_name": "Q\u52a0\u00b7\u60a6\u6f9c\u9152\u5e97\u516c\u5bd3(\u9752\u5c9b\u4e94\u56db\u5e7f\u573a\u4e07\u8c61\u57ce\u5e97)", "order_time": ["2019-01-10 14:14:41"], "total_order": 1, "hotel_value": ["4.7"], "hotel_price": ["196"]}, "21780668": {"hotel_name": "\u90fd\u5e02118(\u9752\u5c9b\u5373\u58a8\u5f00\u53d1\u533a\u6cf0\u5c71\u4e8c\u8def\u5e97)", "order_time": ["2019-01-10 14:14:45"], "total_order": 1, "hotel_value": ["4.9"], "hotel_price": ["89"]}, "1137716": {"hotel_name": "\u9752\u5c9b\u524d\u54e8\u5927\u9152\u5e97", "order_time": ["2019-01-10 14:14:45"], "total_order": 1, "hotel_value": ["4.0"], "hotel_price": ["83"]}, "1054145": {"hotel_name": "\u9752\u5c9b\u8212\u5fc3\u9601\u5bbe\u9986", "order_time": ["2019-01-10 14:14:50"], "total_order": 1, "hotel_value": ["4.1"], "hotel_price": ["71"]}, "1571353": {"hotel_name": "\u9752\u5c9b\u9e3f\u798f\u4e4b\u5bb6\u65c5\u9986(\u539f\u5170\u96e8\u4e4b\u5bb6\u65c5\u9986)", "order_time": ["2019-01-10 14:14:58"], "total_order": 1, "hotel_value": ["4.3"], "hotel_price": ["27"]}, "2304470": {"hotel_name": "\u6fb3\u7433\u5546\u52a1\u5bbe\u9986(\u80f6\u5dde\u7687\u9a90\u5e97)", "order_time": ["2019-01-10 14:15:42"], "total_order": 1, "hotel_value": ["4.6"], "hotel_price": ["187"]}, "1259981": {"hotel_name": "\u9752\u5c9b\u4e2d\u5929\u6d77\u666f\u9152\u5e97\uff08\u6808\u6865\u706b\u8f66\u7ad9\u5e97\uff09", "order_time": ["2019-01-10 14:16:41", "2019-01-10 14:45:12"], "total_order": 2, "hotel_value": ["4.8", "4.8"], "hotel_price": ["72", "72"]}, "436463": {"hotel_name": "\u9752\u5c9b\u8c6a\u68ee\u5e9c\u90b8\u56fd\u9645\u9152\u5e97", "order_time": ["2019-01-10 14:16:41"], "total_order": 1, "hotel_value": ["4.6"], "hotel_price": ["393"]}, "430450": {"hotel_name": "\u9752\u5c9b\u666f\u56ed\u5047\u65e5\u9152\u5e97", "order_time": ["2019-01-10 14:25:27", "2019-01-10 14:16:43"], "total_order": 2, "hotel_value": ["4.5", "4.5"], "hotel_price": ["557", "557"]}, "439773": {"hotel_name": "\u9752\u5c9b\u8fdc\u96c4\u60a6\u6765\u9152\u5e97\u516c\u5bd3", "order_time": ["2019-01-10 14:16:43"], "total_order": 1, "hotel_value": ["4.6"], "hotel_price": ["458"]}, "1935879": {"hotel_name": "\u5982\u5bb6\u5feb\u6377\u9152\u5e97(\u9752\u5c9b\u57ce\u9633\u6625\u9633\u8def\u5bb6\u4f73\u6e90\u5e97)", "order_time": ["2019-01-10 14:16:43"], "total_order": 1, "hotel_value": ["4.6"], "hotel_price": ["99"]}, "1697366": {"hotel_name": "\u90fd\u5e02118(\u9752\u5c9b\u674e\u6ca7\u5e7f\u573a\u5730\u94c1\u7ad9\u5e97)", "order_time": ["2019-01-10 14:16:45"], "total_order": 1, "hotel_value": ["4.6"], "hotel_price": ["99"]}, "21160142": {"hotel_name": "\u9752\u5c9b\u897f\u6d77\u5cb8\u667a\u9009\u5047\u65e5\u9152\u5e97", "order_time": ["2019-01-10 14:16:47"], "total_order": 1, "hotel_value": ["4.8"], "hotel_price": ["369"]}, "1734423": {"hotel_name": "\u9752\u5c9b\u84dd\u516c\u9986\u9152\u5e97(\u539f\u6d77\u84dd\u9152\u5e97)", "order_time": ["2019-01-10 14:16:48"], "total_order": 1, "hotel_value": ["4.4"], "hotel_price": ["114"]}, "1981926": {"hotel_name": "\u9752\u5c9b\u946b\u9f99\u5047\u65e5\u5546\u52a1\u9152\u5e97", "order_time": ["2019-01-10 14:16:50"], "total_order": 1, "hotel_value": ["4.7"], "hotel_price": ["112"]}, "5463838": {"hotel_name": "\u9752\u5c9b\u7761\u673a\u573a\u9152\u5e97", "order_time": ["2019-01-10 14:21:07", "2019-01-10 14:16:50"], "total_order": 2, "hotel_value": ["4.3", "4.3"], "hotel_price": ["144", "144"]}, "27424529": {"hotel_name": "\u9752\u5c9b\u6c49\u5510\u7cbe\u9009\u9152\u5e97\u5f0f\u516c\u5bd3", "order_time": ["2019-01-10 14:18:51"], "total_order": 1, "hotel_value": ["4.9"], "hotel_price": ["194"]}, "16203907": {"hotel_name": "\u67ab\u53f6\u9152\u5e97\u5f0f\u516c\u5bd3(\u9752\u5c9b\u77f3\u6cb9\u5927\u5b66\u543e\u60a6\u5e7f\u573a\u5e97)", "order_time": ["2019-01-10 14:18:52"], "total_order": 1, "hotel_value": ["4.8"], "hotel_price": ["69"]}, "22763419": {"hotel_name": "\u9752\u5c9b\u6708\u4eae\u6d77\u65c5\u793e", "order_time": ["2019-01-10 14:18:59"], "total_order": 1, "hotel_value": ["4.9"], "hotel_price": ["102"]}, "1321778": {"hotel_name": "\u9752\u5c9b\u5723\u5b89\u5bbe\u9986", "order_time": ["2019-01-10 14:19:00"], "total_order": 1, "hotel_value": [0], "hotel_price": ["49"]}, "791367": {"hotel_name": "\u9752\u5c9b\u8bc1\u5927\u559c\u739b\u62c9\u96c5\u9152\u5e97", "order_time": ["2019-01-10 14:19:04"], "total_order": 1, "hotel_value": ["4.6"], "hotel_price": ["868"]}, "1871551": {"hotel_name": "\u9752\u5c9b\u76c8\u5ba2\u4f73\u9a7f\u5546\u52a1\u9152\u5e97", "order_time": ["2019-01-10 14:20:06"], "total_order": 1, "hotel_value": ["4.4"], "hotel_price": ["69"]}, "6691235": {"hotel_name": "\u53ef\u4e34\u5b81\u8fde\u9501\u9152\u5e97\u9752\u5c9b\u80f6\u5dde\u706b\u8f66\u7ad9\u5e97", "order_time": ["2019-01-10 14:20:23"], "total_order": 1, "hotel_value": ["4.8"], "hotel_price": ["66"]}, "1097092": {"hotel_name": "\u6c49\u5ead\u9152\u5e97(\u9752\u5c9b\u53f0\u4e1c\u5546\u4e1a\u533a\u5e97)", "order_time": ["2019-01-10 14:21:06"], "total_order": 1, "hotel_value": ["4.3"], "hotel_price": ["89"]}, "823433": {"hotel_name": "\u9752\u5c9b\u82b1\u56ed\u5927\u9152\u5e97", "order_time": ["2019-01-10 14:21:13"], "total_order": 1, "hotel_value": ["4.6"], "hotel_price": ["298"]}, "468436": {"hotel_name": "\u9752\u5c9b\u7f8e\u5885\u5047\u671f\u9152\u5e9721\u53f7\u6d77\u8fb9\u522b\u5885", "order_time": ["2019-01-10 14:21:14"], "total_order": 1, "hotel_value": ["4.9"], "hotel_price": ["301"]}, "1101006": {"hotel_name": "\u5982\u5bb6\u5feb\u6377\u9152\u5e97\uff08\u9752\u5c9b\u80f6\u5357\u9752\u5c9b\u897f\u7ad9\u5e97\uff09", "order_time": ["2019-01-10 14:21:14"], "total_order": 1, "hotel_value": ["4.4"], "hotel_price": ["95"]}, "1200111": {"hotel_name": "\u559c\u5ba2\u6765\u5927\u9152\u5e97(\u9752\u5c9b\u6d41\u4ead\u673a\u573a\u5e97)(\u539f\u57ce\u9633\u5e97)", "order_time": ["2019-01-10 14:21:15"], "total_order": 1, "hotel_value": ["4.4"], "hotel_price": ["113"]}, "1269417": {"hotel_name": "\u9752\u5c9b\u5f7c\u5cb8\u9633\u5149\u4e3b\u9898\u5bbe\u9986", "order_time": ["2019-01-10 14:21:18"], "total_order": 1, "hotel_value": ["4.2"], "hotel_price": ["62"]}, "28528994": {"hotel_name": "\u9752\u5c9b\u6591\u9a6c\u7cbe\u4eab\u9152\u5e97", "order_time": ["2019-01-10 14:47:27", "2019-01-10 14:21:21"], "total_order": 2, "hotel_value": ["5.0", "5.0"], "hotel_price": ["171", "171"]}, "1390487": {"hotel_name": "\u9752\u5c9b798MiNi\u5ba2\u623f", "order_time": ["2019-01-10 14:21:23"], "total_order": 1, "hotel_value": ["3.6"], "hotel_price": ["69"]}, "2045228": {"hotel_name": "\u5e73\u5ea6\u8d5b\u5bb6\u5ba2\u623f", "order_time": ["2019-01-10 14:22:38"], "total_order": 1, "hotel_value": ["4.2"], "hotel_price": ["82"]}, "10186829": {"hotel_name": "\u9526\u6c5f\u90fd\u57ce(\u9752\u5c9b\u65b0\u90fd\u5fc3\u5e97)", "order_time": ["2019-01-10 14:34:22", "2019-01-10 14:23:20", "2019-01-10 14:27:46"], "total_order": 3, "hotel_value": ["4.6", "4.6", "4.6"], "hotel_price": ["246", "246", "246"]}, "1371788": {"hotel_name": "\u6854\u5b50\u00b7\u6c34\u6676\u9152\u5e97(\u9752\u5c9b\u4e94\u56db\u5e7f\u573a\u6d77\u666f\u5e97)", "order_time": ["2019-01-10 14:23:20"], "total_order": 1, "hotel_value": ["4.7"], "hotel_price": ["379"]}, "17371411": {"hotel_name": "\u9752\u5c9b\u4e1c\u65b9\u5f71\u90fd\u878d\u521b\u7687\u51a0\u5047\u65e5\u9152\u5e97(\u539f\u4e1c\u65b9\u5f71\u90fd\u4e07\u8fbe\u7687\u51a0\u5047\u65e5\u9152\u5e97)", "order_time": ["2019-01-10 14:23:22"], "total_order": 1, "hotel_value": ["4.6"], "hotel_price": ["537"]}, "8870574": {"hotel_name": "\u745e\u666e\u5170\u987f\u81f3\u5c0a\u9152\u5e97\u00b7\u9752\u5c9b\u5609\u5e74\u534e\u5e97", "order_time": ["2019-01-10 14:23:23"], "total_order": 1, "hotel_value": ["4.5"], "hotel_price": ["124"]}, "429108": {"hotel_name": "\u9752\u5c9b\u94f6\u6c99\u6ee9\u6e29\u5fb7\u59c6\u81f3\u5c0a\u9152\u5e97", "order_time": ["2019-01-10 14:30:01", "2019-01-10 14:23:23"], "total_order": 2, "hotel_value": ["4.5", "4.5"], "hotel_price": ["505", "505"]}, "6039993": {"hotel_name": "\u9752\u5c9b\u6052\u5c71\u8def5\u53f7\u4eba\u6587\u9152\u5e97", "order_time": ["2019-01-10 14:23:25"], "total_order": 1, "hotel_value": ["4.6"], "hotel_price": ["153"]}, "6736432": {"hotel_name": "\u9752\u5c9b\u6d77\u6cc9\u6e7e\u6d77\u6d0b\u6e29\u6cc9\u9152\u5e97", "order_time": ["2019-01-10 14:23:31"], "total_order": 1, "hotel_value": [0], "hotel_price": ["736"]}, "5895533": {"hotel_name": "\u5373\u58a8\u7231\u5ba2100\u8fde\u9501\u5bbe\u9986\u670d\u88c5\u57ce\u5e97", "order_time": ["2019-01-10 14:23:33"], "total_order": 1, "hotel_value": ["4.4"], "hotel_price": ["83"]}, "1613444": {"hotel_name": "\u9752\u5c9b\u65e5\u742a\u5bbe\u9986", "order_time": ["2019-01-10 14:24:22"], "total_order": 1, "hotel_value": [0], "hotel_price": ["36"]}, "772111": {"hotel_name": "\u9752\u5c9b\u5a01\u65af\u6c40\u9152\u5e97", "order_time": ["2019-01-10 14:24:25"], "total_order": 1, "hotel_value": ["4.6"], "hotel_price": ["698"]}, "2299218": {"hotel_name": "\u5168\u5b63\u9152\u5e97(\u9752\u5c9b\u5c71\u4e1c\u8def\u4e07\u8fbe\u5e7f\u573a\u5e97)", "order_time": ["2019-01-10 14:24:25"], "total_order": 1, "hotel_value": ["4.6"], "hotel_price": ["294"]}, "1119452": {"hotel_name": "\u9752\u5c9b\u4e1c\u6d77\u541b\u60a6\u9152\u5e97", "order_time": ["2019-01-10 14:25:27"], "total_order": 1, "hotel_value": ["4.4"], "hotel_price": ["72"]}, "1379314": {"hotel_name": "\u90fd\u5e02118\u8fde\u9501\u9152\u5e97(\u9752\u5c9b\u6d41\u4ead\u5e97)", "order_time": ["2019-01-10 14:25:28"], "total_order": 1, "hotel_value": ["4.2"], "hotel_price": ["104"]}, "2056369": {"hotel_name": "\u5e73\u5ea6\u597de\u5bb6\u9152\u5e97", "order_time": ["2019-01-10 14:26:32"], "total_order": 1, "hotel_value": ["4.7"], "hotel_price": ["66"]}, "994151": {"hotel_name": "\u5982\u5bb6\u5feb\u6377\u9152\u5e97(\u9752\u5c9b\u674e\u6751\u5730\u94c1\u7ad9\u4eac\u53e3\u8def\u5e97)", "order_time": ["2019-01-10 14:27:36"], "total_order": 1, "hotel_value": ["4.5"], "hotel_price": ["96"]}, "994192": {"hotel_name": "\u5982\u5bb6\u5feb\u6377\u9152\u5e97(\u5373\u58a8\u9e64\u5c71\u8def\u5927\u94dc\u9a6c\u5e7f\u573a\u5e97)", "order_time": ["2019-01-10 14:27:37"], "total_order": 1, "hotel_value": ["4.6"], "hotel_price": ["95"]}, "1730433": {"hotel_name": "\u9752\u5c9b\u4e16\u7f18\u60c5\u5047\u65e5\u9152\u5e97", "order_time": ["2019-01-10 14:27:37"], "total_order": 1, "hotel_value": ["4.5"], "hotel_price": ["158"]}, "994246": {"hotel_name": "\u5982\u5bb6\u5feb\u6377\u9152\u5e97(\u5373\u58a8\u84dd\u9ccc\u8def\u5b9d\u9f99\u5e7f\u573a\u5e97)", "order_time": ["2019-01-10 14:27:37"], "total_order": 1, "hotel_value": ["4.5"], "hotel_price": ["98"]}, "6284231": {"hotel_name": "\u9752\u5c9b\u745e\u5947\u6d77\u666f\u5ea6\u5047\u516c\u5bd3\u4e2d\u8054\u81ea\u7531\u6e2f\u6e7e\u5e97", "order_time": ["2019-01-10 14:27:37"], "total_order": 1, "hotel_value": ["4.7"], "hotel_price": ["79"]}, "23841203": {"hotel_name": "\u9f99\u6e2f\u6e7e\u9152\u5e97(\u9752\u5c9b\u65d7\u8230\u5e97)", "order_time": ["2019-01-10 14:27:40"], "total_order": 1, "hotel_value": ["4.3"], "hotel_price": ["122"]}, "5226837": {"hotel_name": "\u9752\u5c9b\u68a7\u6850\u6811\u7cbe\u54c1\u9152\u5e97", "order_time": ["2019-01-10 14:27:44"], "total_order": 1, "hotel_value": ["4.5"], "hotel_price": ["86"]}, "1362121": {"hotel_name": "\u90fd\u5e02118(\u9752\u5c9b\u6b63\u9633\u8def\u5229\u7fa4\u5e97)", "order_time": ["2019-01-10 14:27:45"], "total_order": 1, "hotel_value": ["4.4"], "hotel_price": ["90"]}, "6244965": {"hotel_name": "\u9752\u5c9b\u5802\u5ead\u91d1\u6c99\u9152\u5e97", "order_time": ["2019-01-10 14:27:49"], "total_order": 1, "hotel_value": ["4.8"], "hotel_price": ["233"]}, "4632410": {"hotel_name": "\u9752\u5c9b\u4e91\u6816\u6d77\u666f\u5ea6\u5047\u516c\u5bd3", "order_time": ["2019-01-10 14:27:52"], "total_order": 1, "hotel_value": ["4.7"], "hotel_price": ["83"]}, "24352363": {"hotel_name": "\u7ef4\u4e5f\u7eb3\u9152\u5e97(\u9752\u5c9b\u9ad8\u65b0\u533a\u7ea2\u5c9b\u9ad8\u94c1\u7ad9\u5e97)", "order_time": ["2019-01-10 14:28:01"], "total_order": 1, "hotel_value": ["4.7"], "hotel_price": ["218"]}, "1371782": {"hotel_name": "\u6854\u5b50\u9152\u5e97\u00b7\u7cbe\u9009(\u9752\u5c9b\u4e07\u8c61\u57ce\u5e97)(\u539f\u6c5f\u897f\u8def\u5e97)", "order_time": ["2019-01-10 14:29:56"], "total_order": 1, "hotel_value": ["4.8"], "hotel_price": ["238"]}, "8358075": {"hotel_name": "\u9752\u5c9b\u65af\u7c73\u5170\u6d77\u666f\u5ea6\u5047\u516c\u5bd3\u4e2d\u8054\u81ea\u7531\u6e2f\u6e7e\u5e97", "order_time": ["2019-01-10 14:29:56"], "total_order": 1, "hotel_value": ["4.7"], "hotel_price": ["76"]}, "1541348": {"hotel_name": "\u6613\u4f70\u8fde\u9501\u9152\u5e97(\u9752\u5c9b\u5fb7\u56fd\u98ce\u60c5\u8857\u5e97)(\u539f\u65b0\u826f\u5546\u52a1\u9152\u5e97)", "order_time": ["2019-01-10 14:30:06"], "total_order": 1, "hotel_value": ["4.3"], "hotel_price": ["67"]}, "5247052": {"hotel_name": "\u5c1a\u5ba2\u4f18\u5feb\u6377\u9152\u5e97(\u9752\u5c9b\u80f6\u5357\u8302\u9686\u5c71\u8def\u5e97)", "order_time": ["2019-01-10 14:30:10"], "total_order": 1, "hotel_value": ["4.7"], "hotel_price": ["125"]}, "6435903": {"hotel_name": "\u9752\u5c9b\u6c55\u8302\u56fd\u9645\u9152\u5e97", "order_time": ["2019-01-10 14:30:11"], "total_order": 1, "hotel_value": ["4.1"], "hotel_price": ["126"]}, "25263346": {"hotel_name": "\u9752\u5c9b\u827e\u5229\u7f8e\u745e\u5ea6\u5047\u9152\u5e97", "order_time": ["2019-01-10 14:30:11"], "total_order": 1, "hotel_value": ["4.2"], "hotel_price": ["94"]}, "2313561": {"hotel_name": "\u6021\u83b1\u9152\u5e97(\u9752\u5c9b\u4e2d\u5c71\u8def\u5929\u4e3b\u6559\u5802\u5e97)", "order_time": ["2019-01-10 14:30:11"], "total_order": 1, "hotel_value": ["3.8"], "hotel_price": ["50"]}, "7428194": {"hotel_name": "\u9752\u5c9b\u90fd\u5e02118\u516c\u5bd3(\u539f\u5580\u65af\u7279\u6587\u5316\u7cbe\u54c1\u9152\u5e97\u91d1\u6c99\u6ee9\u5e97)", "order_time": ["2019-01-10 14:30:11"], "total_order": 1, "hotel_value": ["4.5"], "hotel_price": ["98"]}, "2380669": {"hotel_name": "\u6d77\u53cb\u9152\u5e97(\u9752\u5c9b\u4e94\u56db\u5e7f\u573a\u8fdc\u6d0b\u5e97)", "order_time": ["2019-01-10 14:30:11"], "total_order": 1, "hotel_value": ["4.0"], "hotel_price": ["67"]}, "6708385": {"hotel_name": "\u9752\u5c9b\u4e30\u5fb7\u6e90\u5927\u9152\u5e97", "order_time": ["2019-01-10 14:30:11"], "total_order": 1, "hotel_value": ["4.5"], "hotel_price": ["93"]}, "17589397": {"hotel_name": "\u6469\u767b\u516c\u5bd3(\u9752\u5c9b\u57ce\u9633\u5e97)", "order_time": ["2019-01-10 14:30:11"], "total_order": 1, "hotel_value": ["4.7"], "hotel_price": ["106"]}, "8950334": {"hotel_name": "\u9752\u5c9b\u7ef4\u591a\u5229\u4e9a\u660e\u73e0\u6d77\u666f\u516c\u5bd3", "order_time": ["2019-01-10 14:30:11"], "total_order": 1, "hotel_value": ["4.1"], "hotel_price": ["85"]}, "1826819": {"hotel_name": "\u9752\u5c9b\u6ee8\u6cb3\u540d\u8f69\u5546\u52a1\u5bbe\u9986\uff08\u68d8\u6d2a\u6ee9\u5e97\uff09", "order_time": ["2019-01-10 14:30:13"], "total_order": 1, "hotel_value": ["4.4"], "hotel_price": ["119"]}, "2152098": {"hotel_name": "\u83b1\u897f\u4ea4\u901a\u5bbe\u9986", "order_time": ["2019-01-10 14:31:21"], "total_order": 1, "hotel_value": ["4.3"], "hotel_price": ["81"]}, "467216": {"hotel_name": "\u9752\u5c9b\u6d77\u666f\u82b1\u56ed\u5927\u9152\u5e97", "order_time": ["2019-01-10 14:32:08"], "total_order": 1, "hotel_value": ["4.8"], "hotel_price": ["621"]}, "17263343": {"hotel_name": "\u6162\u5c45\u542c\u6d77\u7cbe\u54c1\u9152\u5e97(\u9752\u5c9b\u543e\u60a6\u5e7f\u573a\u5e97)", "order_time": ["2019-01-10 14:32:08"], "total_order": 1, "hotel_value": ["4.8"], "hotel_price": ["106"]}, "3725940": {"hotel_name": "\u745e\u666e\u5170\u987f\u7cbe\u9009\u9152\u5e97\u00b7\u9752\u5c9b\u91d1\u6c99\u6ee9\u5e97(\u539f\u62dc\u767b\u516c\u5bd3)", "order_time": ["2019-01-10 14:32:10"], "total_order": 1, "hotel_value": ["4.6"], "hotel_price": ["108"]}, "752756": {"hotel_name": "\u9752\u5c9b\u897f\u6d77\u5cb8\u9890\u745e\u51ef\u83b1\u9152\u5e97", "order_time": ["2019-01-10 14:32:11"], "total_order": 1, "hotel_value": ["4.6"], "hotel_price": ["302"]}, "24045522": {"hotel_name": "\u9752\u5c9b\u6167\u6c34\u9152\u5e97", "order_time": ["2019-01-10 14:32:12", "2019-01-10 14:47:26"], "total_order": 2, "hotel_value": ["4.1", "4.1"], "hotel_price": ["197", "197"]}, "6039985": {"hotel_name": "\u9752\u5c9b\u771f\u8bda\u4f73\u9a7f\u4e3b\u9898\u9152\u5e97", "order_time": ["2019-01-10 14:32:14"], "total_order": 1, "hotel_value": ["4.4"], "hotel_price": ["92"]}, "5726491": {"hotel_name": "\u7ef4\u4e5f\u7eb3\u9152\u5e97(\u9752\u5c9b\u9ec4\u5c9b\u5e97)", "order_time": ["2019-01-10 14:32:14"], "total_order": 1, "hotel_value": ["4.8"], "hotel_price": ["176"]}, "1536183": {"hotel_name": "\u9752\u5c9b\u6c81\u6021\u5c45\u5bbe\u9986(\u539f\u53ef\u4e34\u5b81\u8fde\u9501\u9152\u5e97)", "order_time": ["2019-01-10 14:32:21"], "total_order": 1, "hotel_value": ["3.3"], "hotel_price": ["84"]}, "8575781": {"hotel_name": "\u9752\u5c9b\u62fe\u5149\u9752\u5e74\u65c5\u820d\u6d77\u97f5\u5609\u56ed\u5e97", "order_time": ["2019-01-10 14:32:36"], "total_order": 1, "hotel_value": [0], "hotel_price": ["27"]}, "17182438": {"hotel_name": "\u4e16\u60a6\u8f7b\u5962\u5ea6\u5047\u516c\u5bd3(\u9752\u5c9b\u9999\u6e2f\u4e2d\u8def\u4e3d\u6676\u5fa1\u7b51\u5e97)", "order_time": ["2019-01-10 14:34:18", "2019-01-10 14:45:16"], "total_order": 2, "hotel_value": ["4.6", "4.6"], "hotel_price": ["129", "129"]}, "8657392": {"hotel_name": "\u62dc\u767b\u516c\u5bd3\u00b7\u9752\u5c9b\u77f3\u6cb9\u5927\u5b66\u543e\u60a6\u5e7f\u573a\u5e97(\u539f\u5510\u5c9b\u6e7e\u516c\u56ed\u5e97)", "order_time": ["2019-01-10 14:34:20"], "total_order": 1, "hotel_value": ["4.5"], "hotel_price": ["105"]}, "15862442": {"hotel_name": "\u6c50\u60a6\u9152\u5e97\u516c\u5bd3(\u9752\u5c9b\u4e94\u56db\u5e7f\u573a\u4e2d\u94c1\u9752\u5c9b\u4e2d\u5fc3\u5e97)", "order_time": ["2019-01-10 14:34:20"], "total_order": 1, "hotel_value": ["4.8"], "hotel_price": ["204"]}, "5215569": {"hotel_name": "\u9752\u5c9b\u5370\u8c61\u9152\u5e97", "order_time": ["2019-01-10 14:34:24", "2019-01-10 14:38:38"], "total_order": 2, "hotel_value": ["4.5", "4.5"], "hotel_price": ["255", "255"]}, "428039": {"hotel_name": "\u548c\u7f8e\u5bb6\u9152\u5e97(\u9752\u5c9b\u9999\u6e2f\u4e1c\u8def\u9752\u5c9b\u5927\u5b66\u6781\u5730\u6d77\u6d0b\u4e16\u754c\u5e97)", "order_time": ["2019-01-10 14:34:24"], "total_order": 1, "hotel_value": ["4.2"], "hotel_price": ["72"]}, "8849809": {"hotel_name": "\u9752\u5c9b\u8587\u7231\u7cbe\u54c1\u65f6\u5c1a\u9152\u5e97", "order_time": ["2019-01-10 14:34:27"], "total_order": 1, "hotel_value": ["4.4"], "hotel_price": ["83"]}, "6507012": {"hotel_name": "\u80f6\u5dde\u6d77\u60a6\u516c\u5bd3\u9152\u5e97", "order_time": ["2019-01-10 14:35:11"], "total_order": 1, "hotel_value": ["4.7"], "hotel_price": ["127"]}, "456949": {"hotel_name": "\u9752\u5c9b\u9ec4\u6d77\u996d\u5e97", "order_time": ["2019-01-10 14:36:18"], "total_order": 1, "hotel_value": ["4.7"], "hotel_price": ["358"]}, "659834": {"hotel_name": "\u9e97\u67ab\u9152\u5e97(\u9752\u5c9b\u5317\u7ad9\u56db\u6d41\u5357\u8def\u5e97)(\u539f\u5357\u6d0b\u5927\u9152\u5e97\u9752\u5c9b\u957f\u6c99\u8def\u5e97)", "order_time": ["2019-01-10 14:36:19"], "total_order": 1, "hotel_value": ["4.7"], "hotel_price": ["233"]}, "24036971": {"hotel_name": "\u9752\u5c9b\u60a6\u666f\u516c\u5bd3", "order_time": ["2019-01-10 14:36:22"], "total_order": 1, "hotel_value": ["5.0"], "hotel_price": ["148"]}, "371190": {"hotel_name": "\u9752\u5c9b\u9999\u683c\u91cc\u62c9\u5927\u9152\u5e97", "order_time": ["2019-01-10 14:47:27", "2019-01-10 14:36:22"], "total_order": 2, "hotel_value": ["4.7", "4.7"], "hotel_price": ["748", "748"]}, "1418968": {"hotel_name": "\u82b1\u6eaa\u5ba2\u6808(\u9752\u5c9b\u90a3\u9c81\u6e7e\u5e97)", "order_time": ["2019-01-10 14:36:23"], "total_order": 1, "hotel_value": ["4.5"], "hotel_price": ["79"]}, "1950982": {"hotel_name": "\u9752\u5c9b\u67e0\u91ce\u5c0f\u7b51\u5ba2\u6808", "order_time": ["2019-01-10 14:36:23"], "total_order": 1, "hotel_value": ["4.2"], "hotel_price": ["32"]}, "427997": {"hotel_name": "\u5982\u5bb6\u5feb\u6377\u9152\u5e97(\u9752\u5c9b\u57ce\u9633\u6b63\u9633\u4e2d\u8def\u5e97)", "order_time": ["2019-01-10 14:36:25"], "total_order": 1, "hotel_value": ["4.4"], "hotel_price": ["126"]}, "428036": {"hotel_name": "\u5982\u5bb6\u5feb\u6377\u9152\u5e97(\u9752\u5c9b\u5c71\u4e1c\u8def\u4e2d\u592e\u5546\u52a1\u533a\u5e97)", "order_time": ["2019-01-10 14:36:27"], "total_order": 1, "hotel_value": ["4.3"], "hotel_price": ["110"]}, "2970475": {"hotel_name": "\u5c1a\u5ba2\u4f18\u7cbe\u9009\u9152\u5e97(\u9752\u5c9b\u5c71\u4e1c\u79d1\u6280\u5927\u5b66\u5e97)", "order_time": ["2019-01-10 14:36:28"], "total_order": 1, "hotel_value": ["4.5"], "hotel_price": ["132"]}, "10118500": {"hotel_name": "\u90fd\u5e02118\u7cbe\u9009\u9152\u5e97(\u9752\u5c9b\u5bb6\u4f73\u6e90\u4e00\u54c1\u51a0\u5e97)", "order_time": ["2019-01-10 14:36:30"], "total_order": 1, "hotel_value": ["4.6"], "hotel_price": ["108"]}, "4539535": {"hotel_name": "\u4e16\u7eaa\u53cc\u5e06\u6d77\u666f\u5ea6\u5047\u9152\u5e97(\u9752\u5c9b\u80f6\u5357\u90a3\u9c81\u6e7e\u5e97)", "order_time": ["2019-01-10 14:36:33"], "total_order": 1, "hotel_value": ["4.7"], "hotel_price": ["83"]}, "4688215": {"hotel_name": "\u5e03\u4e01\u9152\u5e97(\u9752\u5c9b\u4e2d\u5c71\u8def\u5e97)", "order_time": ["2019-01-10 14:36:44"], "total_order": 1, "hotel_value": ["4.4"], "hotel_price": ["48"]}, "2071300": {"hotel_name": "\u4eac\u82d1\u8fde\u9501\u827a\u672f\u9152\u5e97(\u9752\u5c9b\u5fb7\u56fd\u98ce\u60c5\u8857\u5e97)", "order_time": ["2019-01-10 14:36:45"], "total_order": 1, "hotel_value": ["4.2"], "hotel_price": ["44"]}, "8576083": {"hotel_name": "\u7ef4\u4e5f\u7eb3\u667a\u597d\u9152\u5e97(\u9752\u5c9b\u57ce\u9633\u6d41\u4ead\u673a\u573a\u5e97)", "order_time": ["2019-01-10 14:38:37", "2019-01-10 14:47:29"], "total_order": 2, "hotel_value": ["4.8", "4.8"], "hotel_price": ["250", "250"]}, "501895": {"hotel_name": "\u9752\u5c9b\u5b8f\u7a0b\u7ca4\u6d77\u9152\u5e97", "order_time": ["2019-01-10 14:38:37", "2019-01-10 14:40:55"], "total_order": 2, "hotel_value": ["4.5", "4.5"], "hotel_price": ["270", "270"]}, "21803017": {"hotel_name": "\u9752\u5c9b\u5d02\u5c71\u4e66\u9662\u9152\u5e97", "order_time": ["2019-01-10 14:38:38"], "total_order": 1, "hotel_value": ["4.8"], "hotel_price": ["480"]}, "1316461": {"hotel_name": "\u6c49\u5ead\u9152\u5e97(\u9752\u5c9b\u674e\u6ca7\u91d1\u6c34\u8def\u5e97)", "order_time": ["2019-01-10 14:38:41"], "total_order": 1, "hotel_value": ["4.4"], "hotel_price": ["157"]}, "438653": {"hotel_name": "\u9752\u5c9b\u6d77\u5929e\u5bb6\u5546\u52a1\u9152\u5e97", "order_time": ["2019-01-10 14:40:51"], "total_order": 1, "hotel_value": ["4.1"], "hotel_price": ["85"]}, "1786865": {"hotel_name": "\u9752\u5c9b\u597d\u4e16\u754c\u7cbe\u54c1\u9152\u5e97", "order_time": ["2019-01-10 14:41:03"], "total_order": 1, "hotel_value": ["4.8"], "hotel_price": ["70"]}, "1501851": {"hotel_name": "\u83ab\u6cf0168(\u83b1\u897f\u70df\u53f0\u8def\u5e02\u653f\u5e9c\u5e97)", "order_time": ["2019-01-10 14:42:11"], "total_order": 1, "hotel_value": ["4.6"], "hotel_price": ["108"]}, "8194448": {"hotel_name": "\u65af\u7ef4\u767b\u5ea6\u5047\u516c\u5bd3(\u9752\u5c9b\u4e07\u8fbe\u4e1c\u65b9\u5f71\u90fd\u5e97)", "order_time": ["2019-01-10 14:43:12"], "total_order": 1, "hotel_value": ["4.7"], "hotel_price": ["115"]}, "17588770": {"hotel_name": "\u9752\u5c9b\u541b\u534e\u5609\u60e0\u9152\u5e97", "order_time": ["2019-01-10 14:43:13"], "total_order": 1, "hotel_value": ["4.7"], "hotel_price": ["194"]}, "994152": {"hotel_name": "\u5982\u5bb6\u5feb\u6377\u9152\u5e97(\u9752\u5c9b\u9ed1\u9f99\u6c5f\u4e2d\u8def\u5d02\u5c71\u9ad8\u79d1\u6280\u56ed\u5e97)(\u539f\u6d77\u5c14\u5de5\u4e1a\u56ed\u9ed1\u9f99\u6c5f\u4e2d\u8def\u5e97)", "order_time": ["2019-01-10 14:43:15"], "total_order": 1, "hotel_value": ["4.5"], "hotel_price": ["103"]}, "2306427": {"hotel_name": "\u7231\u822a\u9152\u5e97\u8054\u76df(\u9752\u5c9b\u6c7d\u8f66\u5317\u7ad9\u5e97)", "order_time": ["2019-01-10 14:43:17"], "total_order": 1, "hotel_value": ["4.2"], "hotel_price": ["65"]}, "439559": {"hotel_name": "\u6606\u4ed1\u548c\u60a6\u5ea6\u5047\u9152\u5e97(\u9752\u5c9b\u5965\u5e06\u4e2d\u5fc3\u5e97)", "order_time": ["2019-01-10 14:45:10"], "total_order": 1, "hotel_value": ["4.3"], "hotel_price": ["247"]}, "19616266": {"hotel_name": "\u66e6\u9014\u672a\u6765\u6d77\u666f\u5ea6\u5047\u516c\u5bd3(\u9752\u5c9b\u4f1a\u5c55\u4e2d\u5fc3\u77f3\u8001\u4eba\u6d77\u6c34\u6d74\u573a\u5e97)", "order_time": ["2019-01-10 14:45:11"], "total_order": 1, "hotel_value": ["4.8"], "hotel_price": ["213"]}, "5673979": {"hotel_name": "\u9752\u5c9b\u7f8e\u5885\u5047\u671f\u9152\u5e9712\u53f7\u6d77\u8fb9\u522b\u5885", "order_time": ["2019-01-10 14:45:11"], "total_order": 1, "hotel_value": ["4.9"], "hotel_price": ["330"]}, "535990": {"hotel_name": "\u9752\u5c9b\u8fdc\u6d0b\u5927\u9152\u5e97", "order_time": ["2019-01-10 14:45:11"], "total_order": 1, "hotel_value": ["4.6"], "hotel_price": ["356"]}, "5999421": {"hotel_name": "\u7a7a\u94c1\u5047\u65e5\u9152\u5e97\u516c\u5bd3(\u9752\u5c9b\u673a\u573a\u5e97)", "order_time": ["2019-01-10 14:45:11"], "total_order": 1, "hotel_value": ["4.6"], "hotel_price": ["215"]}, "19583911": {"hotel_name": "\u9752\u5c9b\u6cca\u5ba2\u4ed5\u5bb6\u7cbe\u54c1\u516c\u5bd3", "order_time": ["2019-01-10 14:45:11"], "total_order": 1, "hotel_value": ["4.9"], "hotel_price": ["169"]}, "481742": {"hotel_name": "\u9752\u5c9b\u4e16\u8d38\u6d77\u60a6\u5927\u9152\u5e97", "order_time": ["2019-01-10 14:45:12"], "total_order": 1, "hotel_value": ["4.7"], "hotel_price": ["240"]}, "6475389": {"hotel_name": "\u9752\u5c9b\u4e2d\u8054\u81ea\u7531\u6e2f\u6e7e\u53cc\u5b50\u5854\u9152\u5e97", "order_time": ["2019-01-10 14:45:12"], "total_order": 1, "hotel_value": ["4.4"], "hotel_price": ["184"]}, "427960": {"hotel_name": "\u5982\u5bb6\u5feb\u6377\u9152\u5e97(\u9752\u5c9b\u6d41\u4ead\u673a\u573a\u6c7d\u8f66\u5317\u7ad9\u5e97 )", "order_time": ["2019-01-10 14:45:14"], "total_order": 1, "hotel_value": ["4.4"], "hotel_price": ["121"]}, "7316689": {"hotel_name": "\u9752\u5c9b\u661f\u9a7f\u8fde\u9501\u9152\u5e97", "order_time": ["2019-01-10 14:45:16"], "total_order": 1, "hotel_value": ["4.8"], "hotel_price": ["63"]}, "444138": {"hotel_name": "\u6021\u83b1\u9152\u5e97\uff08\u9752\u5c9b\u5fb7\u56fd\u98ce\u60c5\u8857\u4e0a\u6d77\u8def\u5e97\uff09\uff08\u539f\u4e0a\u6d77\u8def\u5e97)", "order_time": ["2019-01-10 14:45:19"], "total_order": 1, "hotel_value": ["4.2"], "hotel_price": ["81"]}, "9557353": {"hotel_name": "\u6d77\u5b89\u5c45\u5ea6\u5047\u516c\u5bd3(\u9752\u5c9b\u4f1a\u5c55\u4e2d\u5fc3\u9890\u4e2d\u4f53\u80b2\u5e97)", "order_time": ["2019-01-10 14:45:19"], "total_order": 1, "hotel_value": [0], "hotel_price": ["94"]}, "2935119": {"hotel_name": "\u5609\u5fb7\u591c\u8272\u827a\u672f\u4e3b\u9898\u9152\u5e97(\u9752\u5c9b\u674e\u6751\u5730\u94c1\u6b65\u884c\u8857\u706b\u8f66\u5317\u7ad9\u5e97)", "order_time": ["2019-01-10 14:47:26"], "total_order": 1, "hotel_value": ["4.6"], "hotel_price": ["122"]}, "1522247": {"hotel_name": "\u9752\u5c9b\u91d1\u5ea7\u516c\u5bd3\u9152\u5e97", "order_time": ["2019-01-10 14:47:32"], "total_order": 1, "hotel_value": ["4.5"], "hotel_price": ["121"]}, "2163950": {"hotel_name": "\u83b1\u897f\u8c6a\u79a7\u6765\u5546\u52a1\u9152\u5e97", "order_time": ["2019-01-10 14:48:44"], "total_order": 1, "hotel_value": ["4.6"], "hotel_price": ["94"]}, "1352559": {"hotel_name": "\u80f6\u5dde\u597d\u597d\u5bbe\u9986", "order_time": ["2019-01-10 14:48:47"], "total_order": 1, "hotel_value": ["3.8"], "hotel_price": ["108"]}}}