{"\u5f00\u59cb\u8bb0\u5f55\u65f6\u95f4": "2019-01-18 08:09:20", "\u7ed3\u675f\u8bb0\u5f55\u65f6\u95f4": "2019-01-18 09:17:25", "\u8ba2\u5355\u603b\u589e\u91cf": 191, "item": {"443641": {"hotel_name": "\u9752\u5c9b\u91d1\u6d77\u5927\u9152\u5e97", "order_time": ["2019-01-18 08:12:17"], "total_order": 1, "hotel_value": ["4.4"], "hotel_price": ["186"]}, "5152698": {"hotel_name": "\u6854\u5b50\u9152\u5e97\u00b7\u7cbe\u9009(\u9752\u5c9b\u6d77\u5c14\u8def\u5e97)", "order_time": ["2019-01-18 08:12:17"], "total_order": 1, "hotel_value": ["4.9"], "hotel_price": ["303"]}, "21124322": {"hotel_name": "\u9752\u5c9b\u5929\u5b9d\u516c\u5bd3\u9152\u5e97", "order_time": ["2019-01-18 08:12:22"], "total_order": 1, "hotel_value": ["4.7"], "hotel_price": ["164"]}, "9210540": {"hotel_name": "\u5982\u5bb6\u5546\u65c5\u9152\u5e97(\u9752\u5c9b\u6808\u6865\u706b\u8f66\u7ad9\u5730\u94c1\u7ad9\u5e97)", "order_time": ["2019-01-18 09:06:54", "2019-01-18 08:12:22"], "total_order": 2, "hotel_value": ["4.7", "4.7"], "hotel_price": ["113", "113"]}, "5315773": {"hotel_name": "\u5c1a\u5ba2\u4f18\u5feb\u6377\u9152\u5e97\u9752\u5c9b\u84dd\u9ccc\u8def\u5e97", "order_time": ["2019-01-18 08:12:26"], "total_order": 1, "hotel_value": ["3.7"], "hotel_price": ["94"]}, "4639026": {"hotel_name": "\u9752\u5c9b\u7231\u5de2\u00b7\u7f57\u66fc\u8482\u514b\u9152\u5e97\u516c\u5bd3", "order_time": ["2019-01-18 08:14:35"], "total_order": 1, "hotel_value": ["4.7"], "hotel_price": ["126"]}, "440316": {"hotel_name": "\u9752\u5c9b\u56db\u65b9\u5927\u9152\u5e97", "order_time": ["2019-01-18 08:14:40"], "total_order": 1, "hotel_value": ["4.4"], "hotel_price": ["77"]}, "654770": {"hotel_name": "\u9752\u5c9b\u4e3d\u5929\u5927\u9152\u5e97", "order_time": ["2019-01-18 08:14:41"], "total_order": 1, "hotel_value": ["4.8"], "hotel_price": ["322"]}, "1165332": {"hotel_name": "\u96c5\u60a6\u7cbe\u81f4\u9152\u5e97(\u9752\u5c9b\u53f0\u4e1c\u5564\u9152\u8857\u5e97)", "order_time": ["2019-01-18 08:16:40"], "total_order": 1, "hotel_value": ["4.3"], "hotel_price": ["68"]}, "1259981": {"hotel_name": "\u9752\u5c9b\u4e2d\u5929\u6d77\u666f\u9152\u5e97\uff08\u6808\u6865\u706b\u8f66\u7ad9\u5e97\uff09", "order_time": ["2019-01-18 08:16:42"], "total_order": 1, "hotel_value": ["4.8"], "hotel_price": ["85"]}, "4677001": {"hotel_name": "\u9752\u5c9b\u5357\u65b9\u6d77\u5cb8\u5ea6\u5047\u9152\u5e97", "order_time": ["2019-01-18 08:16:46"], "total_order": 1, "hotel_value": ["4.6"], "hotel_price": ["113"]}, "10186829": {"hotel_name": "\u9526\u6c5f\u90fd\u57ce(\u9752\u5c9b\u65b0\u90fd\u5fc3\u5e97)", "order_time": ["2019-01-18 08:16:49"], "total_order": 1, "hotel_value": ["4.6"], "hotel_price": ["271"]}, "1113383": {"hotel_name": "99\u65c5\u9986\u8fde\u9501(\u9752\u5c9b\u57ce\u9633\u6d41\u4ead\u673a\u573a\u5e97)", "order_time": ["2019-01-18 08:17:21"], "total_order": 1, "hotel_value": ["3.6"], "hotel_price": ["69"]}, "2308013": {"hotel_name": "\u5e73\u5ea6\u534e\u950b\u5546\u52a1\u5bbe\u9986", "order_time": ["2019-01-18 08:18:01"], "total_order": 1, "hotel_value": ["4.5"], "hotel_price": ["91"]}, "1734724": {"hotel_name": "\u9752\u5c9b\u56fd\u4fe1\u4e1c\u65b9\u4e4b\u661f\u9152\u5e97", "order_time": ["2019-01-18 08:19:07"], "total_order": 1, "hotel_value": ["4.7"], "hotel_price": ["158"]}, "5380813": {"hotel_name": "\u90fd\u5e02118\uff08\u9752\u5c9b\u6d77\u5c14\u5de5\u4e1a\u56ed\u52b2\u677e\u4e03\u8def\u5e97\uff09", "order_time": ["2019-01-18 08:19:11"], "total_order": 1, "hotel_value": ["4.3"], "hotel_price": ["83"]}, "1568373": {"hotel_name": "\u9752\u5c9b\u94c2\u91d1\u4e3b\u9898\u9152\u5e97(\u674e\u6751\u6b65\u884c\u8857\u5e97)", "order_time": ["2019-01-18 08:19:13"], "total_order": 1, "hotel_value": ["3.7"], "hotel_price": ["71"]}, "2147568": {"hotel_name": "\u83b1\u897f\u534e\u73ba\u5927\u9152\u5e97", "order_time": ["2019-01-18 08:20:24", "2019-01-18 09:03:20"], "total_order": 2, "hotel_value": ["4.7", "4.7"], "hotel_price": ["449", "449"]}, "1344272": {"hotel_name": "\u9752\u5c9b\u6d77\u8fb9\u4e4b\u5bb6\u5ea6\u5047\u516c\u5bd3", "order_time": ["2019-01-18 08:21:14"], "total_order": 1, "hotel_value": ["4.9"], "hotel_price": ["94"]}, "2359489": {"hotel_name": "\u5b89\u6f9c\u5bbe\u820d\u541b\u54c1\u6d77\u5cb8\u9152\u5e97(\u9752\u5c9b\u706b\u8f66\u7ad9\u6808\u6865\u9752\u533b\u9644\u9662\u5e97)", "order_time": ["2019-01-18 08:21:21"], "total_order": 1, "hotel_value": ["4.5"], "hotel_price": ["75"]}, "8885844": {"hotel_name": "\u6b63\u9633\u5047\u65e5\u9152\u5e97(\u9752\u5c9b\u6d41\u4ead\u673a\u573a\u5e97)", "order_time": ["2019-01-18 08:23:33"], "total_order": 1, "hotel_value": ["4.8"], "hotel_price": ["154"]}, "1137296": {"hotel_name": "\u9752\u5c9b\u4e1c\u65b9\u6885\u5730\u4e9a\u9152\u5e97", "order_time": ["2019-01-18 08:23:33"], "total_order": 1, "hotel_value": ["4.9"], "hotel_price": ["317"]}, "427999": {"hotel_name": "\u5982\u5bb6\u7cbe\u9009\u9152\u5e97(\u9752\u5c9b\u516b\u5927\u5173\u592a\u5e73\u89d2\u516c\u56ed\u5730\u94c1\u7ad9\u5e97)", "order_time": ["2019-01-18 08:23:35"], "total_order": 1, "hotel_value": ["4.7"], "hotel_price": ["179"]}, "891096": {"hotel_name": "\u84dd\u6d77\u5927\u996d\u5e97(\u9752\u5c9b\u541b\u5cf0\u8def\u5730\u94c1\u7ad9\u5e97)(\u539f\u674e\u6ca7\u5e97)", "order_time": ["2019-01-18 08:23:36"], "total_order": 1, "hotel_value": ["4.6"], "hotel_price": ["356"]}, "5930261": {"hotel_name": "\u9752\u5c9b\u9ec4\u5c9b\u6cf0\u6210\u559c\u6765\u767b\u9152\u5e97", "order_time": ["2019-01-18 08:23:37"], "total_order": 1, "hotel_value": ["4.6"], "hotel_price": ["498"]}, "1541913": {"hotel_name": "\u9752\u5c9b\u6c11\u822a\u673a\u573a\u5bbe\u9986", "order_time": ["2019-01-18 08:23:39"], "total_order": 1, "hotel_value": ["4.5"], "hotel_price": ["308"]}, "1700442": {"hotel_name": "\u9752\u5c9b\u9a6c\u53ef\u6ce2\u7f57\u9152\u5e97", "order_time": ["2019-01-18 08:23:42"], "total_order": 1, "hotel_value": ["4.6"], "hotel_price": ["123"]}, "5527970": {"hotel_name": "\u9752\u5c9b\u65af\u7ef4\u767b\u5ea6\u5047\u516c\u5bd3(\u57ce\u9633\u673a\u573a\u5e97)", "order_time": ["2019-01-18 08:28:07", "2019-01-18 08:23:43"], "total_order": 2, "hotel_value": ["4.7", "4.7"], "hotel_price": ["119", "119"]}, "786505": {"hotel_name": "\u7231\u5c1a\u5bb6\u5feb\u6377\u5546\u52a1\u9152\u5e97(\u9752\u5c9b\u5ef6\u5409\u8def\u4e07\u8fbe\u5e97)", "order_time": ["2019-01-18 08:23:44"], "total_order": 1, "hotel_value": ["4.0"], "hotel_price": ["78"]}, "6113167": {"hotel_name": "\u9752\u5c9b\u7b80\u7231\u4e3b\u9898\u516c\u5bd3", "order_time": ["2019-01-18 08:23:48"], "total_order": 1, "hotel_value": ["4.2"], "hotel_price": ["136"]}, "8575896": {"hotel_name": "\u9752\u5c9b\u91d1\u6cfd\u9152\u5e97\u5f0f\u516c\u5bd3", "order_time": ["2019-01-18 08:23:48"], "total_order": 1, "hotel_value": ["4.9"], "hotel_price": ["121"]}, "6830064": {"hotel_name": "\u9752\u5c9b\u9ec4\u5c9b\u5e78\u798f\u6e2f\u6e7e\u5bbe\u9986", "order_time": ["2019-01-18 08:23:48"], "total_order": 1, "hotel_value": ["4.4"], "hotel_price": ["111"]}, "995123": {"hotel_name": "\u94f6\u5ea7\u4f73\u9a7f\u9152\u5e97(\u9752\u5c9b\u4e95\u5188\u5c71\u8def\u5e97)", "order_time": ["2019-01-18 08:53:29", "2019-01-18 08:23:48"], "total_order": 2, "hotel_value": ["4.3", "4.3"], "hotel_price": ["96", "96"]}, "4739087": {"hotel_name": "\u9752\u5c9b\u76ca\u6c11\u5546\u52a1\u5bbe\u9986", "order_time": ["2019-01-18 08:23:48"], "total_order": 1, "hotel_value": ["4.4"], "hotel_price": ["94"]}, "8575838": {"hotel_name": "\u9752\u5c9b\u5947\u70e8\u6d77\u6e2f\u9152\u5e97\u516c\u5bd3", "order_time": ["2019-01-18 08:23:48"], "total_order": 1, "hotel_value": ["4.6"], "hotel_price": ["177"]}, "2324987": {"hotel_name": "\u9752\u5c9b\u7965\u4e1a\u5546\u52a1\u5bbe\u9986", "order_time": ["2019-01-18 08:23:48"], "total_order": 1, "hotel_value": ["3.7"], "hotel_price": ["167"]}, "2889670": {"hotel_name": "\u9752\u5e74\u00b7\u90fd\u5e02\u8ff7\u4f60(\u9752\u5c9b\u519c\u4e1a\u5927\u5b66\u5e97)", "order_time": ["2019-01-18 08:23:48"], "total_order": 1, "hotel_value": ["4.5"], "hotel_price": ["78"]}, "5014965": {"hotel_name": "\u9752\u5c9b\u5723\u6d1b\u65af\u5546\u52a1\u9152\u5e97", "order_time": ["2019-01-18 08:23:48"], "total_order": 1, "hotel_value": ["3.8"], "hotel_price": ["108"]}, "1322124": {"hotel_name": "7\u5929\u8fde\u9501\u9152\u5e97(\u9752\u5c9b\u91d1\u6c34\u8def\u56ed\u827a\u535a\u89c8\u4f1a\u5e97)", "order_time": ["2019-01-18 08:23:48"], "total_order": 1, "hotel_value": ["4.0"], "hotel_price": ["123"]}, "795034": {"hotel_name": "\u9752\u5c9b\u4e03\u5f69\u8272\u5bbe\u9986", "order_time": ["2019-01-18 08:23:48"], "total_order": 1, "hotel_value": [0], "hotel_price": ["88"]}, "28370394": {"hotel_name": "\u9752\u5c9b\u53ef\u53ef\u516c\u5bd3", "order_time": ["2019-01-18 08:23:48"], "total_order": 1, "hotel_value": [0], "hotel_price": ["101"]}, "10118500": {"hotel_name": "\u90fd\u5e02118\u7cbe\u9009\u9152\u5e97(\u9752\u5c9b\u5bb6\u4f73\u6e90\u4e00\u54c1\u51a0\u5e97)", "order_time": ["2019-01-18 08:25:52"], "total_order": 1, "hotel_value": ["4.6"], "hotel_price": ["114"]}, "1371788": {"hotel_name": "\u6854\u5b50\u00b7\u6c34\u6676\u9152\u5e97(\u9752\u5c9b\u4e94\u56db\u5e7f\u573a\u6d77\u666f\u5e97)", "order_time": ["2019-01-18 08:25:59"], "total_order": 1, "hotel_value": ["4.7"], "hotel_price": ["360"]}, "1551929": {"hotel_name": "\u9752\u5c9b\u6052\u661f\u56fd\u9645\u57f9\u8bad\u4e2d\u5fc3", "order_time": ["2019-01-18 08:26:00"], "total_order": 1, "hotel_value": ["4.2"], "hotel_price": ["214"]}, "2239071": {"hotel_name": "\u5373\u58a8\u7687\u671d\u5bbe\u9986", "order_time": ["2019-01-18 08:26:01"], "total_order": 1, "hotel_value": ["4.4"], "hotel_price": ["105"]}, "2624024": {"hotel_name": "\u6c49\u5ead\u9152\u5e97(\u9752\u5c9b\u9ec4\u5c9b\u4e2d\u6cfd\u56fd\u8d27\u5e97)", "order_time": ["2019-01-18 08:26:02"], "total_order": 1, "hotel_value": ["4.6"], "hotel_price": ["142"]}, "7316689": {"hotel_name": "\u9752\u5c9b\u661f\u9a7f\u8fde\u9501\u9152\u5e97", "order_time": ["2019-01-18 08:28:07"], "total_order": 1, "hotel_value": ["4.8"], "hotel_price": ["69"]}, "5998475": {"hotel_name": "\u6db5\u820d\u60a6\u5c45\u7cbe\u54c1\u9152\u5e97(\u9752\u5c9b\u4e07\u5e74\u6cc9\u8def\u5730\u94c1\u7ad9\u5e97)", "order_time": ["2019-01-18 08:28:08"], "total_order": 1, "hotel_value": ["4.6"], "hotel_price": ["199"]}, "425590": {"hotel_name": "\u9752\u5c9b\u946b\u6c5f\u6e29\u5fb7\u59c6\u9152\u5e97", "order_time": ["2019-01-18 08:35:03", "2019-01-18 08:28:09"], "total_order": 2, "hotel_value": ["4.8", "4.8"], "hotel_price": ["499", "499"]}, "439773": {"hotel_name": "\u9752\u5c9b\u8fdc\u96c4\u60a6\u6765\u9152\u5e97\u516c\u5bd3", "order_time": ["2019-01-18 08:28:09"], "total_order": 1, "hotel_value": ["4.6"], "hotel_price": ["459"]}, "669124": {"hotel_name": "\u9752\u5c9b\u534e\u4fa8\u56fd\u9645\u996d\u5e97", "order_time": ["2019-01-18 08:28:12"], "total_order": 1, "hotel_value": ["4.3"], "hotel_price": ["198"]}, "995168": {"hotel_name": "\u94f6\u5ea7\u4f73\u9a7f\u9152\u5e97(\u5373\u58a8\u9e64\u5c71\u8def\u4f73\u4e50\u5bb6\u4e8c\u5e97)", "order_time": ["2019-01-18 08:28:16"], "total_order": 1, "hotel_value": ["4.4"], "hotel_price": ["81"]}, "1618209": {"hotel_name": "\u81ea\u7531\u884c\u521b\u5ba2\u9752\u5e74\u65c5\u820d(\u9752\u5c9b\u706b\u8f66\u7ad9\u4e2d\u5c71\u8def\u5e97)(\u539f\u9f99\u798f\u7965\u5bbe\u9986)", "order_time": ["2019-01-18 08:28:21"], "total_order": 1, "hotel_value": ["4.9"], "hotel_price": ["6"]}, "5379598": {"hotel_name": "\u683c\u6797\u8c6a\u6cf0\u9152\u5e97(\u80f6\u5dde\u6c7d\u8f66\u603b\u7ad9\u6d77\u5c14\u5927\u9053\u5feb\u6377\u5e97)", "order_time": ["2019-01-18 08:29:25"], "total_order": 1, "hotel_value": ["4.3"], "hotel_price": ["114"]}, "6475389": {"hotel_name": "\u9752\u5c9b\u4e2d\u8054\u81ea\u7531\u6e2f\u6e7e\u53cc\u5b50\u5854\u9152\u5e97", "order_time": ["2019-01-18 08:30:26"], "total_order": 1, "hotel_value": ["4.4"], "hotel_price": ["184"]}, "5896610": {"hotel_name": "\u9752\u5c9b\u6d77\u8fb9\u4eba\u5bb6\u6d77\u666f\u5ea6\u5047\u516c\u5bd3\u4e2d\u8054\u81ea\u7531\u6e2f\u6e7e\u5e97", "order_time": ["2019-01-18 08:30:27"], "total_order": 1, "hotel_value": ["4.7"], "hotel_price": ["95"]}, "481742": {"hotel_name": "\u9752\u5c9b\u4e16\u8d38\u6d77\u60a6\u5927\u9152\u5e97", "order_time": ["2019-01-18 08:30:27"], "total_order": 1, "hotel_value": ["4.7"], "hotel_price": ["240"]}, "8426688": {"hotel_name": "\u5982\u5bb6\u7cbe\u9009\u9152\u5e97(\u9752\u5c9b\u706b\u8f66\u7ad9\u6808\u6865\u5e97)", "order_time": ["2019-01-18 08:30:29"], "total_order": 1, "hotel_value": ["4.6"], "hotel_price": ["164"]}, "8576086": {"hotel_name": "\u5c1a\u5ba2\u4f18\u54c1\u9152\u5e97(\u9752\u5c9bLIPPO\u516c\u793e\u77f3\u6cb9\u5927\u5b66\u5e97)(\u539fLIPPO\u516c\u793e\u7cbe\u54c1\u516c\u5bd3)", "order_time": ["2019-01-18 08:30:31"], "total_order": 1, "hotel_value": ["4.8"], "hotel_price": ["110"]}, "4738805": {"hotel_name": "\u9752\u5c9b\u7231\u5c0a\u5ba2\u8fde\u9501\u9152\u5e97(\u8fbd\u6e90\u8def\u5e97)", "order_time": ["2019-01-18 08:30:38"], "total_order": 1, "hotel_value": ["4.4"], "hotel_price": ["94"]}, "427967": {"hotel_name": "\u5982\u5bb6\u5feb\u6377\u9152\u5e97(\u9752\u5c9b\u6808\u6865\u706b\u8f66\u7ad9\u5e7f\u573a\u5e97)", "order_time": ["2019-01-18 08:30:58"], "total_order": 1, "hotel_value": ["4.2"], "hotel_price": ["81"]}, "346318": {"hotel_name": "\u9752\u5c9b\u80f6\u5dde\u7eff\u57ce\u559c\u6765\u767b\u9152\u5e97", "order_time": ["2019-01-18 08:31:46"], "total_order": 1, "hotel_value": ["4.6"], "hotel_price": ["385"]}, "1634516": {"hotel_name": "\u83b1\u897f\u51ef\u5c14\u7279\u5546\u52a1\u9152\u5e97", "order_time": ["2019-01-18 08:31:47"], "total_order": 1, "hotel_value": ["3.5"], "hotel_price": ["79"]}, "16126995": {"hotel_name": "\u9752\u5c9b\u4e1c\u65b9\u5f71\u90fd\u4e07\u8fbe\u5e0c\u5c14\u987f\u9038\u6797\u9152\u5e97", "order_time": ["2019-01-18 08:32:43"], "total_order": 1, "hotel_value": ["4.6"], "hotel_price": ["465"]}, "1925767": {"hotel_name": "\u9752\u5c9b\u7d2b\u73a5\u94c2\u5c14\u66fc\u9152\u5e97", "order_time": ["2019-01-18 08:32:44"], "total_order": 1, "hotel_value": ["4.5"], "hotel_price": ["381"]}, "20058929": {"hotel_name": "\u5343\u5bbf\u6d77\u666f\u5ea6\u5047\u516c\u5bd3(\u9752\u5c9b\u4f1a\u5c55\u4e2d\u5fc3\u77f3\u8001\u4eba\u6d74\u573a\u5e97)", "order_time": ["2019-01-18 08:32:47"], "total_order": 1, "hotel_value": ["4.8"], "hotel_price": ["208"]}, "1224709": {"hotel_name": "\u901f8\u9152\u5e97(\u9752\u5c9b\u5f00\u53d1\u533a\u77f3\u6cb9\u5927\u5b66\u5e97)", "order_time": ["2019-01-18 08:32:48", "2019-01-18 09:04:38"], "total_order": 2, "hotel_value": ["4.5", "4.5"], "hotel_price": ["113", "113"]}, "1054145": {"hotel_name": "\u9752\u5c9b\u8212\u5fc3\u9601\u5bbe\u9986", "order_time": ["2019-01-18 08:32:57"], "total_order": 1, "hotel_value": ["4.0"], "hotel_price": ["78"]}, "1411665": {"hotel_name": "\u6377\u5229\u83b1\u5546\u52a1\u5bbe\u9986(\u9752\u5c9b\u674e\u6ca7\u6d77\u5c14\u5de5\u4e1a\u56ed\u5e97)", "order_time": ["2019-01-18 08:32:59"], "total_order": 1, "hotel_value": ["4.3"], "hotel_price": ["70"]}, "25270439": {"hotel_name": "\u9752\u5c9b\u673a\u573a\u4e16\u7eaa\u516c\u56ed\u4e9a\u6735\u9152\u5e97", "order_time": ["2019-01-18 08:36:45"], "total_order": 1, "hotel_value": ["4.9"], "hotel_price": ["302"]}, "6577116": {"hotel_name": "\u9752\u5c9b\u60a6\u6f9c\u9152\u5e97\u516c\u5bd3(\u4e94\u56db\u5e7f\u573a\u4e2d\u94c1\u4e2d\u5fc3\u5e97)", "order_time": ["2019-01-18 08:37:23"], "total_order": 1, "hotel_value": ["4.8"], "hotel_price": ["279"]}, "18515525": {"hotel_name": "\u534a\u5c9b\u56fd\u9645\u9152\u5e97(\u9752\u5c9b\u674e\u6751\u5730\u94c1\u7ad9\u5e97)", "order_time": ["2019-01-18 08:37:23"], "total_order": 1, "hotel_value": ["4.5"], "hotel_price": ["193"]}, "5214763": {"hotel_name": "\u9752\u5c9b\u65af\u7ef4\u767b\u5ea6\u5047\u516c\u5bd3(\u5965\u5e06\u4e94\u56db\u5e7f\u573a\u4e07\u8c61\u57ce)", "order_time": ["2019-01-18 08:55:42", "2019-01-18 08:37:24"], "total_order": 2, "hotel_value": ["4.8", "4.8"], "hotel_price": ["267", "267"]}, "1217939": {"hotel_name": "\u7231\u5c0a\u5ba2\u8fde\u9501\u9152\u5e97(\u9752\u5c9b\u5728\u6c34\u4e00\u65b9\u57ce\u9633\u519c\u4e1a\u5927\u5b66\u5e97)", "order_time": ["2019-01-18 08:37:30"], "total_order": 1, "hotel_value": ["4.1"], "hotel_price": ["93"]}, "535990": {"hotel_name": "\u9752\u5c9b\u8fdc\u6d0b\u5927\u9152\u5e97", "order_time": ["2019-01-18 08:39:39"], "total_order": 1, "hotel_value": ["4.6"], "hotel_price": ["332"]}, "484453": {"hotel_name": "\u9752\u5c9b\u897f\u6d77\u5cb8\u9686\u548c\u798f\u670b\u559c\u6765\u767b\u9152\u5e97(\u539f\u9ec4\u5c9b\u798f\u670b\u559c\u6765\u767b\u9152\u5e97)", "order_time": ["2019-01-18 08:39:43"], "total_order": 1, "hotel_value": ["4.6"], "hotel_price": ["408"]}, "1607554": {"hotel_name": "\u4e16\u7eaa\u534e\u7eb3\u60c5\u4fa3\u7cbe\u54c1\u9152\u5e97(\u9752\u5c9b\u53f0\u4e1c\u6b65\u884c\u8857\u5e97)", "order_time": ["2019-01-18 08:39:44"], "total_order": 1, "hotel_value": ["4.1"], "hotel_price": ["103"]}, "1283801": {"hotel_name": "\u6211\u7684\u5730\u76d8\u4e3b\u9898\u9152\u5e97(\u9752\u5c9b\u6b63\u9633\u4e2d\u8def\u5e97)", "order_time": ["2019-01-18 08:39:47"], "total_order": 1, "hotel_value": ["4.6"], "hotel_price": ["124"]}, "1606905": {"hotel_name": "\u9752\u5c9b\u5174\u5b89\u5927\u9152\u5e97", "order_time": ["2019-01-18 08:39:51"], "total_order": 1, "hotel_value": ["4.4"], "hotel_price": ["134"]}, "5246730": {"hotel_name": "\u9752\u5c9b\u5a1c\u9c81\u6e7e\u5bbe\u9986", "order_time": ["2019-01-18 08:39:55"], "total_order": 1, "hotel_value": ["4.3"], "hotel_price": ["50"]}, "700933": {"hotel_name": "678\u9152\u5e97(\u9752\u5c9b\u519c\u5927\u4e3b\u9898\u7cbe\u54c1\u5e97)", "order_time": ["2019-01-18 08:41:55"], "total_order": 1, "hotel_value": ["4.6"], "hotel_price": ["89"]}, "1281661": {"hotel_name": "\u9752\u5c9b\u745e\u9716\u00b7\u57ce\u5e02mini\u9152\u5e97(\u539f\u9752\u5e74\u90fd\u5e02\u8ff7\u4f60\u9152\u5e97\u53f0\u4e1c\u5546\u4e1a\u533a\u4e07\u8fbe\u5e97)", "order_time": ["2019-01-18 08:42:05"], "total_order": 1, "hotel_value": ["4.4"], "hotel_price": ["69"]}, "2732826": {"hotel_name": "\u9752\u5c9b\u6021\u6e05\u99a8\u56ed\u5bbe\u9986", "order_time": ["2019-01-18 09:04:37", "2019-01-18 08:42:08"], "total_order": 2, "hotel_value": ["4.3", "4.3"], "hotel_price": ["68", "68"]}, "2608124": {"hotel_name": "\u5982\u5bb6\u5feb\u6377\u9152\u5e97(\u9752\u5c9b\u56fd\u9645\u4f1a\u5c55\u4e2d\u5fc3\u77f3\u8001\u4eba\u89c2\u5149\u56ed\u5e97)", "order_time": ["2019-01-18 08:42:10"], "total_order": 1, "hotel_value": ["4.4"], "hotel_price": ["103"]}, "427960": {"hotel_name": "\u5982\u5bb6\u5feb\u6377\u9152\u5e97(\u9752\u5c9b\u6d41\u4ead\u673a\u573a\u6c7d\u8f66\u5317\u7ad9\u5e97 )", "order_time": ["2019-01-18 08:44:09"], "total_order": 1, "hotel_value": ["4.4"], "hotel_price": ["137"]}, "6039985": {"hotel_name": "\u9752\u5c9b\u771f\u8bda\u4f73\u9a7f\u4e3b\u9898\u9152\u5e97", "order_time": ["2019-01-18 08:44:11"], "total_order": 1, "hotel_value": ["4.3"], "hotel_price": ["124"]}, "994153": {"hotel_name": "\u5982\u5bb6\u5feb\u6377\u9152\u5e97(\u9752\u5c9b\u706b\u8f66\u5317\u7ad9\u5e97)", "order_time": ["2019-01-18 08:44:11"], "total_order": 1, "hotel_value": ["4.3"], "hotel_price": ["163"]}, "2310159": {"hotel_name": "\u90fd\u5e02118(\u9752\u5c9b\u8fbd\u9633\u897f\u8def\u6d6e\u5c71\u540e\u5e97)", "order_time": ["2019-01-18 08:44:15"], "total_order": 1, "hotel_value": ["4.5"], "hotel_price": ["93"]}, "15862442": {"hotel_name": "\u6c50\u60a6\u9152\u5e97\u516c\u5bd3(\u9752\u5c9b\u4e94\u56db\u5e7f\u573a\u4e2d\u94c1\u9752\u5c9b\u4e2d\u5fc3\u5e97)", "order_time": ["2019-01-18 08:46:26"], "total_order": 1, "hotel_value": ["4.8"], "hotel_price": ["249"]}, "468436": {"hotel_name": "\u9752\u5c9b\u7f8e\u5885\u5047\u671f\u9152\u5e9721\u53f7\u6d77\u8fb9\u522b\u5885", "order_time": ["2019-01-18 08:46:27"], "total_order": 1, "hotel_value": ["4.9"], "hotel_price": ["298"]}, "442301": {"hotel_name": "\u90fd\u5e02118(\u9752\u5c9b\u5d02\u5c71\u4f1a\u5c55\u4e2d\u5fc3\u5730\u94c1\u7ad9\u5e97)", "order_time": ["2019-01-18 08:46:30"], "total_order": 1, "hotel_value": ["4.4"], "hotel_price": ["106"]}, "1699833": {"hotel_name": "\u9752\u5c9b\u4e09\u5ea6\u6d77\u666f\u516c\u5bd3\u9152\u5e97", "order_time": ["2019-01-18 08:46:39"], "total_order": 1, "hotel_value": ["4.2"], "hotel_price": ["162"]}, "5894597": {"hotel_name": "\u9752\u5c9b\u7ea2\u6811\u6797\u5ea6\u5047\u4e16\u754c(\u73ca\u745a\u9152\u5e97)", "order_time": ["2019-01-18 08:46:42"], "total_order": 1, "hotel_value": ["4.4"], "hotel_price": ["410"]}, "26623899": {"hotel_name": "\u7231\u5bb6\u516c\u5bd3\uff08\u4e2d\u592e\u5546\u52a1\u533a\u5e97\uff09", "order_time": ["2019-01-18 08:46:44"], "total_order": 1, "hotel_value": [0], "hotel_price": ["101"]}, "5655211": {"hotel_name": "\u4e94\u56db\u5e7f\u573a\u4e94\u56db\u9752\u5e74\u65c5\u820d(\u9752\u5c9b\u6d77\u666f\u5e97)", "order_time": ["2019-01-18 08:46:50"], "total_order": 1, "hotel_value": ["4.3"], "hotel_price": ["38"]}, "430396": {"hotel_name": "\u9752\u5c9b\u5b9d\u9f99\u798f\u670b\u559c\u6765\u767b\u9152\u5e97", "order_time": ["2019-01-18 08:48:42"], "total_order": 1, "hotel_value": ["4.6"], "hotel_price": ["499"]}, "1031108": {"hotel_name": "\u9752\u5c9b\u6021\u6e05\u56ed\u5bbe\u9986", "order_time": ["2019-01-18 08:48:43"], "total_order": 1, "hotel_value": ["4.3"], "hotel_price": ["174"]}, "4539535": {"hotel_name": "\u4e16\u7eaa\u53cc\u5e06\u6d77\u666f\u5ea6\u5047\u9152\u5e97(\u9752\u5c9b\u80f6\u5357\u90a3\u9c81\u6e7e\u5e97)", "order_time": ["2019-01-18 08:48:44"], "total_order": 1, "hotel_value": ["4.7"], "hotel_price": ["85"]}, "371190": {"hotel_name": "\u9752\u5c9b\u9999\u683c\u91cc\u62c9\u5927\u9152\u5e97", "order_time": ["2019-01-18 08:48:44"], "total_order": 1, "hotel_value": ["4.7"], "hotel_price": ["748"]}, "791367": {"hotel_name": "\u9752\u5c9b\u8bc1\u5927\u559c\u739b\u62c9\u96c5\u9152\u5e97", "order_time": ["2019-01-18 08:48:44", "2019-01-18 09:04:32"], "total_order": 2, "hotel_value": ["4.6", "4.6"], "hotel_price": ["546", "546"]}, "427987": {"hotel_name": "\u5982\u5bb6\u5feb\u6377\u9152\u5e97(\u9752\u5c9b\u9999\u6e2f\u4e2d\u8def\u9752\u5927\u9ea6\u5c9b\u5730\u94c1\u7ad9\u5e97)", "order_time": ["2019-01-18 08:48:45"], "total_order": 1, "hotel_value": ["4.3"], "hotel_price": ["109"]}, "1882702": {"hotel_name": "\u9526\u6c5f\u4e4b\u661f(\u9752\u5c9b\u957f\u9014\u6c7d\u8f66\u603b\u7ad9\u5e97)", "order_time": ["2019-01-18 08:48:50"], "total_order": 1, "hotel_value": ["4.4"], "hotel_price": ["139"]}, "996027": {"hotel_name": "\u9752\u5c9b\u91d1\u6c99\u6ee9\u5e0c\u5c14\u987f\u9152\u5e97", "order_time": ["2019-01-18 08:50:57"], "total_order": 1, "hotel_value": ["4.6"], "hotel_price": ["663"]}, "8668290": {"hotel_name": "\u6249\u7f26\u9152\u5e97(\u9752\u5c9b\u57ce\u9633\u6625\u548c\u5e7f\u573a\u5e97)", "order_time": ["2019-01-18 08:50:57"], "total_order": 1, "hotel_value": ["4.8"], "hotel_price": ["272"]}, "2245054": {"hotel_name": "\u9752\u5c9b\u5357\u5c71\u7f8e\u7235\u5ea6\u5047\u9152\u5e97", "order_time": ["2019-01-18 08:50:57"], "total_order": 1, "hotel_value": ["4.5"], "hotel_price": ["455"]}, "17588770": {"hotel_name": "\u9752\u5c9b\u541b\u534e\u5609\u60e0\u9152\u5e97", "order_time": ["2019-01-18 08:50:57"], "total_order": 1, "hotel_value": ["4.7"], "hotel_price": ["179"]}, "3384535": {"hotel_name": "\u9752\u5c9b\u65af\u7ef4\u767b\u670d\u52a1\u516c\u5bd3(\u9999\u6e2f\u4e2d\u8def\u4e3d\u6676\u5fa1\u7b51)", "order_time": ["2019-01-18 08:50:57"], "total_order": 1, "hotel_value": ["4.5"], "hotel_price": ["197"]}, "371188": {"hotel_name": "\u9752\u5c9b\u9890\u4e2d\u7687\u51a0\u5047\u65e5\u9152\u5e97", "order_time": ["2019-01-18 08:53:15"], "total_order": 1, "hotel_value": ["4.5"], "hotel_price": ["566"]}, "8415426": {"hotel_name": "\u56db\u5b63\u7cbe\u9009\u9152\u5e97(\u9752\u5c9b\u6d41\u4ead\u673a\u573a\u5e97)", "order_time": ["2019-01-18 08:55:33", "2019-01-18 08:53:19"], "total_order": 2, "hotel_value": ["4.6", "4.6"], "hotel_price": ["206", "206"]}, "5247052": {"hotel_name": "\u5c1a\u5ba2\u4f18\u5feb\u6377\u9152\u5e97(\u9752\u5c9b\u80f6\u5357\u8302\u9686\u5c71\u8def\u5e97)", "order_time": ["2019-01-18 08:53:20"], "total_order": 1, "hotel_value": ["4.7"], "hotel_price": ["92"]}, "2166570": {"hotel_name": "\u9752\u5c9b\u7f57\u66fc\u5ba2\u7cbe\u54c1\u4e3b\u9898\u9152\u5e97", "order_time": ["2019-01-18 09:09:04", "2019-01-18 08:53:25"], "total_order": 2, "hotel_value": ["4.1", "4.1"], "hotel_price": ["95", "95"]}, "385108": {"hotel_name": "\u9752\u5c9b\u6d77\u5c14\u6d32\u9645\u9152\u5e97", "order_time": ["2019-01-18 08:54:37"], "total_order": 1, "hotel_value": ["4.6"], "hotel_price": ["811"]}, "659645": {"hotel_name": "\u9752\u5c9b\u5373\u58a8\u534e\u73ba\u5927\u9152\u5e97", "order_time": ["2019-01-18 08:57:51", "2019-01-18 08:55:32"], "total_order": 2, "hotel_value": ["4.7", "4.7"], "hotel_price": ["433", "433"]}, "6825957": {"hotel_name": "\u9752\u5c9b\u7ef4\u591a\u5229\u4e9a\u54c1\u5982\u5bb6\u56ed\u9152\u5e97\u5f0f\u516c\u5bd3", "order_time": ["2019-01-18 08:55:38"], "total_order": 1, "hotel_value": ["4.3"], "hotel_price": ["144"]}, "6264032": {"hotel_name": "\u9752\u5c9b\u65bd\u6cf0\u6839\u535a\u9601\u57ce\u9645\u9152\u5e97", "order_time": ["2019-01-18 08:55:38"], "total_order": 1, "hotel_value": ["4.7"], "hotel_price": ["248"]}, "1993204": {"hotel_name": "\u9752\u5c9b\u4e94\u56db\u9752\u5e74\u65c5\u820d", "order_time": ["2019-01-18 08:55:52"], "total_order": 1, "hotel_value": ["4.6"], "hotel_price": ["38"]}, "21122269": {"hotel_name": "\u9752\u5c9b\u84dd\u6735\u6d77\u666f\u5047\u65e5\u516c\u5bd3", "order_time": ["2019-01-18 08:57:50"], "total_order": 1, "hotel_value": ["4.9"], "hotel_price": ["226"]}, "4637626": {"hotel_name": "\u4e16\u7eaa\u9e3f\u6cf0\u9152\u5e97\u516c\u5bd3(\u9752\u5c9b\u4e2d\u8054\u81ea\u7531\u6e2f\u6e7e\u5e97)", "order_time": ["2019-01-18 08:57:50"], "total_order": 1, "hotel_value": ["4.6"], "hotel_price": ["100"]}, "669110": {"hotel_name": "\u9752\u5c9b\u5e7f\u4e1a\u9526\u6c5f\u5927\u9152\u5e97", "order_time": ["2019-01-18 08:57:54"], "total_order": 1, "hotel_value": ["4.6"], "hotel_price": ["384"]}, "23570404": {"hotel_name": "\u9752\u5c9b\u5e1d\u6d77\u7535\u5f71\u9152\u5e97", "order_time": ["2019-01-18 08:57:57"], "total_order": 1, "hotel_value": ["4.5"], "hotel_price": ["128"]}, "1103123": {"hotel_name": "\u6c49\u5ead\u9152\u5e97(\u9752\u5c9b\u5965\u5e06\u4e2d\u5fc3\u5e97)", "order_time": ["2019-01-18 08:57:57"], "total_order": 1, "hotel_value": ["4.4"], "hotel_price": ["132"]}, "5673621": {"hotel_name": "\u90fd\u5e02118\u8fde\u9501\u9152\u5e97(\u9752\u5c9b\u4e1c\u5cb3\u4e2d\u8def\u9690\u73e0\u5730\u94c1\u7ad9\u5e97)(\u539f\u4e07\u8fbe\u8302\u4e1c\u65b9\u5f71\u90fd\u5e97)", "order_time": ["2019-01-18 08:57:58"], "total_order": 1, "hotel_value": ["4.8"], "hotel_price": ["104"]}, "3746169": {"hotel_name": "\u6b27\u98de\u8fde\u9501\u9152\u5e97\uff08\u9752\u5c9b\u5d02\u5c71\u6d77\u6d0b\u5927\u5b66\u5e97\uff09", "order_time": ["2019-01-18 09:00:10"], "total_order": 1, "hotel_value": ["4.1"], "hotel_price": ["103"]}, "1287621": {"hotel_name": "\u6e2f\u6e7e\u5370\u8c61\u8fde\u9501\u9152\u5e97(\u9752\u5c9b\u674e\u6751\u541b\u5cf0\u8def\u5730\u94c1\u7ad9\u5e97) ", "order_time": ["2019-01-18 09:00:13"], "total_order": 1, "hotel_value": ["3.9"], "hotel_price": ["78"]}, "6473128": {"hotel_name": "\u8bfa\u66fc\u5e95\u56fd\u9645\u516c\u5bd3(\u9752\u5c9b\u56fd\u4fe1\u4f1a\u5c55\u4e2d\u5fc3\u5e97)", "order_time": ["2019-01-18 09:00:15"], "total_order": 1, "hotel_value": ["4.6"], "hotel_price": ["183"]}, "2624847": {"hotel_name": "\u9752\u5c9b\u83ab\u4e3d\u00b7\u7cbe\u9009\u9152\u5e97", "order_time": ["2019-01-18 09:00:26"], "total_order": 1, "hotel_value": ["4.5"], "hotel_price": ["216"]}, "659834": {"hotel_name": "\u9e97\u67ab\u9152\u5e97(\u9752\u5c9b\u5317\u7ad9\u56db\u6d41\u5357\u8def\u5e97)(\u539f\u5357\u6d0b\u5927\u9152\u5e97\u9752\u5c9b\u957f\u6c99\u8def\u5e97)", "order_time": ["2019-01-18 09:01:20"], "total_order": 1, "hotel_value": ["4.7"], "hotel_price": ["259"]}, "2056369": {"hotel_name": "\u5e73\u5ea6\u597de\u5bb6\u9152\u5e97", "order_time": ["2019-01-18 09:01:23"], "total_order": 1, "hotel_value": ["4.8"], "hotel_price": ["68"]}, "430419": {"hotel_name": "\u9752\u5c9b\u4e2d\u5fc3\u5047\u65e5\u9152\u5e97", "order_time": ["2019-01-18 09:02:20", "2019-01-18 09:04:33"], "total_order": 2, "hotel_value": ["4.7", "4.7"], "hotel_price": ["524", "524"]}, "2222735": {"hotel_name": "\u9526\u6c5f\u4e4b\u661f(\u9752\u5c9b\u6d41\u4ead\u56fd\u9645\u673a\u573a\u6b63\u9633\u4e2d\u8def\u5e97)", "order_time": ["2019-01-18 09:02:21"], "total_order": 1, "hotel_value": ["4.5"], "hotel_price": ["129"]}, "454906": {"hotel_name": "\u9752\u5c9b\u7d22\u83f2\u4e9a\u56fd\u9645\u5927\u9152\u5e97", "order_time": ["2019-01-18 09:02:22"], "total_order": 1, "hotel_value": ["4.6"], "hotel_price": ["640"]}, "1274014": {"hotel_name": "\u9752\u5c9b\u6885\u8bfa\u5c3c\u9152\u5e97", "order_time": ["2019-01-18 09:02:23"], "total_order": 1, "hotel_value": ["4.6"], "hotel_price": ["128"]}, "427806": {"hotel_name": "\u83ab\u6cf0168(\u9752\u5c9b\u53f0\u4e1c\u5564\u9152\u8857\u534e\u9633\u8def\u5e97)", "order_time": ["2019-01-18 09:02:24"], "total_order": 1, "hotel_value": ["4.3"], "hotel_price": ["87"]}, "450923": {"hotel_name": "\u9752\u5c9b\u4e16\u7eaa\u6d77\u4e30\u5927\u9152\u5e97", "order_time": ["2019-01-18 09:02:26"], "total_order": 1, "hotel_value": ["4.7"], "hotel_price": ["256"]}, "446955": {"hotel_name": "\u9752\u5c9b\u5fb7\u7231\u82b1\u56ed\u5927\u9152\u5e97", "order_time": ["2019-01-18 09:02:29"], "total_order": 1, "hotel_value": ["4.2"], "hotel_price": ["143"]}, "994189": {"hotel_name": "\u4eac\u82d1\u8fde\u9501\u9152\u5e97(\u9752\u5c9b\u6781\u5730\u6d77\u6d0b\u4e16\u754c\u5e97)", "order_time": ["2019-01-18 09:02:49"], "total_order": 1, "hotel_value": ["4.5"], "hotel_price": ["88"]}, "689242": {"hotel_name": "\u84dd\u6d77\u5927\u996d\u5e97(\u9752\u5c9b\u9ec4\u5c9b\u5e97)", "order_time": ["2019-01-18 09:04:32"], "total_order": 1, "hotel_value": ["4.6"], "hotel_price": ["298"]}, "2162063": {"hotel_name": "\u9752\u5c9b\u73af\u7403\u91d1\u51e4\u51f0\u5bbe\u9986", "order_time": ["2019-01-18 09:04:35"], "total_order": 1, "hotel_value": ["4.5"], "hotel_price": ["69"]}, "932153": {"hotel_name": "\u62dc\u767b\u516c\u5bd3\u00b7\u9752\u5c9b\u6d77\u4e0a\u5609\u5e74\u534e\u5e97", "order_time": ["2019-01-18 09:04:35"], "total_order": 1, "hotel_value": ["4.6"], "hotel_price": ["142"]}, "1840574": {"hotel_name": "\u5c1a\u5ba2\u4f18\u5feb\u6377\u9152\u5e97(\u9752\u5c9b\u9ec4\u5c9b\u533a\u4e24\u6cb3\u8def\u6d77\u6c34\u6d74\u573a\u5e97)", "order_time": ["2019-01-18 09:04:35"], "total_order": 1, "hotel_value": ["4.5"], "hotel_price": ["94"]}, "19719841": {"hotel_name": "\u4e03\u591c\u4e3b\u9898\u9152\u5e97(\u9752\u5c9b\u51ef\u5fb7\u5e7f\u573a\u5e97)", "order_time": ["2019-01-18 09:04:35"], "total_order": 1, "hotel_value": ["4.6"], "hotel_price": ["119"]}, "5438559": {"hotel_name": "\u4f18\u54c1\u9152\u5e97(\u9752\u5c9b\u56db\u6d41\u5357\u8def\u5e97)", "order_time": ["2019-01-18 09:04:35"], "total_order": 1, "hotel_value": ["4.3"], "hotel_price": ["103"]}, "13547901": {"hotel_name": "\u9526\u6c5f\u4e4b\u661f\u54c1\u5c1a(\u9752\u5c9b\u6cca\u91cc\u8463\u5bb6\u53e3\u5e97)", "order_time": ["2019-01-18 09:04:35"], "total_order": 1, "hotel_value": ["4.8"], "hotel_price": ["169"]}, "438847": {"hotel_name": "\u9752\u5c9b\u7434\u6d77\u5fa1\u5ead\u5ea6\u5047\u9152\u5e97", "order_time": ["2019-01-18 09:04:35"], "total_order": 1, "hotel_value": ["4.4"], "hotel_price": ["248"]}, "5073205": {"hotel_name": "\u9752\u5c9b\u6df1\u84dd\u661f\u5546\u52a1\u9152\u5e97", "order_time": ["2019-01-18 09:04:35"], "total_order": 1, "hotel_value": ["4.7"], "hotel_price": ["164"]}, "1905455": {"hotel_name": "\u5c1a\u5ba2\u4f18\u5feb\u6377\u9152\u5e97(\u9752\u5c9b\u91d1\u6c99\u6ee9\u859b\u5bb6\u5c9b\u793a\u8303\u5c0f\u533a\u5e97)", "order_time": ["2019-01-18 09:04:35"], "total_order": 1, "hotel_value": ["4.3"], "hotel_price": ["79"]}, "6000795": {"hotel_name": "\u6b27\u98de\u8fde\u9501\u9152\u5e97(\u9752\u5c9b\u674e\u6751\u6b65\u884c\u8857\u5965\u514b\u65af\u5e7f\u573a\u5e97)", "order_time": ["2019-01-18 09:04:35"], "total_order": 1, "hotel_value": ["4.2"], "hotel_price": ["80"]}, "1070476": {"hotel_name": "\u9752\u5c9b\u4e39\u9876\u9e64\u5927\u9152\u5e97", "order_time": ["2019-01-18 09:04:35"], "total_order": 1, "hotel_value": ["4.2"], "hotel_price": ["308"]}, "995182": {"hotel_name": "\u94f6\u5ea7\u4f73\u9a7f\u9152\u5e97(\u9752\u5c9b\u4e94\u53f0\u5c71\u8def\u4fdd\u7a0e\u533a\u5e97)", "order_time": ["2019-01-18 09:04:35"], "total_order": 1, "hotel_value": ["4.5"], "hotel_price": ["104"]}, "1728255": {"hotel_name": "7\u5929\u8fde\u9501\u9152\u5e97(\u9752\u5c9b\u9999\u6e2f\u4e1c\u8def\u6781\u5730\u6d77\u6d0b\u4e16\u754c\u5e97)", "order_time": ["2019-01-18 09:04:35"], "total_order": 1, "hotel_value": ["3.7"], "hotel_price": ["89"]}, "2237125": {"hotel_name": "\u5982\u5bb6\u5feb\u6377\u9152\u5e97(\u9752\u5c9b\u9ec4\u5c9b\u80f6\u5357\u6d77\u6c34\u6d74\u573a\u5e97)", "order_time": ["2019-01-18 09:04:35"], "total_order": 1, "hotel_value": ["4.6"], "hotel_price": ["111"]}, "634838": {"hotel_name": "\u5373\u58a8\u9999\u6839\u6e29\u6cc9\u9152\u5e97", "order_time": ["2019-01-18 09:04:35"], "total_order": 1, "hotel_value": ["4.6"], "hotel_price": ["679"]}, "2251203": {"hotel_name": "\u90fd\u5e02118(\u9752\u5c9b\u9ec4\u5c9b\u592a\u884c\u5c71\u8def\u77f3\u6cb9\u5927\u5b66\u5e97)", "order_time": ["2019-01-18 09:04:35"], "total_order": 1, "hotel_value": ["4.6"], "hotel_price": ["84"]}, "428026": {"hotel_name": "\u6c49\u5ead\u9152\u5e97(\u9752\u5c9b\u6d41\u4ead\u673a\u573a\u6b63\u9633\u8def\u5e97)", "order_time": ["2019-01-18 09:04:35"], "total_order": 1, "hotel_value": ["4.6"], "hotel_price": ["151"]}, "17276475": {"hotel_name": "\u5b89\u6cca\u00b7\u5885\u8bed\u827a\u672f\u9152\u5e97(\u9752\u5c9b\u90ae\u8f6e\u6bcd\u6e2f\u5e97)", "order_time": ["2019-01-18 09:04:35"], "total_order": 1, "hotel_value": ["4.7"], "hotel_price": ["183"]}, "3090890": {"hotel_name": "\u9752\u5c9b\u9526\u665f\u534e\u5546\u52a1\u5bbe\u9986", "order_time": ["2019-01-18 09:04:35"], "total_order": 1, "hotel_value": ["4.4"], "hotel_price": ["79"]}, "1535266": {"hotel_name": "\u9752\u5c9b\u6808\u6865\u706b\u8f66\u7ad9\u4e3b\u9898\u6d77\u666f\u65e5\u79df\u623f", "order_time": ["2019-01-18 09:05:36"], "total_order": 1, "hotel_value": ["4.4"], "hotel_price": ["33"]}, "1692837": {"hotel_name": "\u5c1a\u5ba2\u4f18\u5feb\u6377\u9152\u5e97(\u9752\u5c9b\u5bcc\u6625\u6c5f\u8def\u957f\u9014\u7ad9\u77f3\u6cb9\u5927\u5b66\u5e97)", "order_time": ["2019-01-18 09:06:46"], "total_order": 1, "hotel_value": ["4.7"], "hotel_price": ["79"]}, "1181680": {"hotel_name": "\u9752\u5c9b\u65af\u7ef4\u767b\u5ea6\u5047\u516c\u5bd3(\u4e07\u79d1\u91d1\u8272\u5e7f\u573a)", "order_time": ["2019-01-18 09:06:48"], "total_order": 1, "hotel_value": ["4.5"], "hotel_price": ["134"]}, "5006032": {"hotel_name": "\u542c\u6d77\u8f69\u5ea6\u5047\u516c\u5bd3\u9152\u5e97(\u9752\u5c9b\u4e2d\u8054\u81ea\u7531\u6e2f\u6e7e\u5e97)", "order_time": ["2019-01-18 09:06:50"], "total_order": 1, "hotel_value": ["4.7"], "hotel_price": ["95"]}, "21124467": {"hotel_name": "\u9752\u5c9b\u65af\u7ef4\u767b\u7cbe\u54c1\u516c\u5bd3(\u4f1a\u5c55\u4e2d\u5fc3\u77f3\u8001\u4eba\u6d77\u6c34\u6d74\u573a)", "order_time": ["2019-01-18 09:06:51"], "total_order": 1, "hotel_value": ["4.9"], "hotel_price": ["275"]}, "1732079": {"hotel_name": "\u5373\u58a8\u9526\u8302\u5bbe\u9986", "order_time": ["2019-01-18 09:06:54"], "total_order": 1, "hotel_value": ["4.5"], "hotel_price": ["270"]}, "4695161": {"hotel_name": "\u6e2f\u6e7e\u5b9c\u5bb6\u5047\u65e5\u9152\u5e97\u516c\u5bd3(\u9752\u5c9b\u4e2d\u8054\u81ea\u7531\u6e2f\u6e7e\u90ae\u8f6e\u6bcd\u6e2f\u5e97)", "order_time": ["2019-01-18 09:06:57"], "total_order": 1, "hotel_value": ["4.7"], "hotel_price": ["151"]}, "2304451": {"hotel_name": "\u7231\u5c0a\u5ba2\u9152\u5e97(\u9752\u5c9b\u5373\u58a8\u5e97)", "order_time": ["2019-01-18 09:09:02"], "total_order": 1, "hotel_value": ["4.7"], "hotel_price": ["170"]}, "1875800": {"hotel_name": "\u5982\u5bb6\u5feb\u6377\u9152\u5e97(\u9752\u5c9b\u4f1a\u5c55\u4e2d\u5fc3\u5927\u62c7\u6307\u5e7f\u573a\u5e97)", "order_time": ["2019-01-18 09:09:27"], "total_order": 1, "hotel_value": ["4.2"], "hotel_price": ["120"]}, "23841203": {"hotel_name": "\u9f99\u6e2f\u6e7e\u9152\u5e97(\u9752\u5c9b\u65d7\u8230\u5e97)", "order_time": ["2019-01-18 09:11:22"], "total_order": 1, "hotel_value": ["4.3"], "hotel_price": ["124"]}, "1935879": {"hotel_name": "\u5982\u5bb6\u5feb\u6377\u9152\u5e97(\u9752\u5c9b\u57ce\u9633\u6625\u9633\u8def\u5bb6\u4f73\u6e90\u5e97)", "order_time": ["2019-01-18 09:11:25"], "total_order": 1, "hotel_value": ["4.6"], "hotel_price": ["104"]}, "1715946": {"hotel_name": "\u9752\u5c9b\u7ef4\u7eb3\u65af\u54c1\u4f4d\u8fde\u9501\u9152\u5e97", "order_time": ["2019-01-18 09:11:30"], "total_order": 1, "hotel_value": ["4.1"], "hotel_price": ["89"]}, "1786865": {"hotel_name": "\u9752\u5c9b\u597d\u4e16\u754c\u7cbe\u54c1\u9152\u5e97", "order_time": ["2019-01-18 09:11:32"], "total_order": 1, "hotel_value": ["4.8"], "hotel_price": ["81"]}, "4852424": {"hotel_name": "\u9752\u5c9b\u4e07\u8c6a\u5047\u65e5\u6d77\u666f\u5ea6\u5047\u516c\u5bd3", "order_time": ["2019-01-18 09:11:34"], "total_order": 1, "hotel_value": ["4.4"], "hotel_price": ["113"]}, "5463838": {"hotel_name": "\u9752\u5c9b\u7761\u673a\u573a\u9152\u5e97", "order_time": ["2019-01-18 09:13:41"], "total_order": 1, "hotel_value": ["4.3"], "hotel_price": ["504"]}, "5024700": {"hotel_name": "\u9752\u5c9b\u591a\u60a6\u9152\u5e97", "order_time": ["2019-01-18 09:13:41"], "total_order": 1, "hotel_value": ["4.4"], "hotel_price": ["94"]}, "5074736": {"hotel_name": "\u5e73\u5ea6\u6cf0\u7545\u5546\u52a1\u5bbe\u9986", "order_time": ["2019-01-18 09:14:38"], "total_order": 1, "hotel_value": ["4.6"], "hotel_price": ["93"]}, "2298388": {"hotel_name": "\u5168\u56fd\u603b\u5de5\u4f1a\u9752\u5c9b\u7597\u517b\u9662", "order_time": ["2019-01-18 09:15:54"], "total_order": 1, "hotel_value": ["4.3"], "hotel_price": ["160"]}, "451125": {"hotel_name": "\u90fd\u5e02118(\u9752\u5c9b\u4e95\u5188\u5c71\u8def\u5e97)", "order_time": ["2019-01-18 09:15:55"], "total_order": 1, "hotel_value": ["4.5"], "hotel_price": ["89"]}, "428039": {"hotel_name": "\u548c\u7f8e\u5bb6\u9152\u5e97(\u9752\u5c9b\u9999\u6e2f\u4e1c\u8def\u9752\u5c9b\u5927\u5b66\u6781\u5730\u6d77\u6d0b\u4e16\u754c\u5e97)", "order_time": ["2019-01-18 09:15:56"], "total_order": 1, "hotel_value": ["4.2"], "hotel_price": ["78"]}, "1503675": {"hotel_name": "\u5982\u5bb6\u5feb\u6377\u9152\u5e97\uff08\u9752\u5c9b\u5f00\u53d1\u533a\u957f\u6c5f\u4e2d\u8def\u91d1\u6c99\u6ee9\u6d77\u6c34\u6d74\u573a\u5e97\uff09", "order_time": ["2019-01-18 09:15:59"], "total_order": 1, "hotel_value": ["4.3"], "hotel_price": ["109"]}, "1600050": {"hotel_name": "\u5c1a\u5ba2\u4f18\u5feb\u6377\u9152\u5e97(\u80f6\u5dde\u82cf\u5dde\u8def\u4e2d\u5fc3\u5e97)", "order_time": ["2019-01-18 09:16:43"], "total_order": 1, "hotel_value": ["4.4"], "hotel_price": ["84"]}}}