{"\u5f00\u59cb\u8bb0\u5f55\u65f6\u95f4": "2019-01-16 21:29:45", "\u7ed3\u675f\u8bb0\u5f55\u65f6\u95f4": "2019-01-16 22:35:14", "\u8ba2\u5355\u603b\u589e\u91cf": 329, "item": {"5930359": {"hotel_name": "\u9752\u5c9b\u91d1\u77f3\u56fd\u9645\u5927\u9152\u5e97", "order_time": ["2019-01-16 21:31:49", "2019-01-16 21:31:45", "2019-01-16 21:54:08", "2019-01-16 21:31:58"], "total_order": 4, "hotel_value": ["4.8", "4.8", "4.8", "4.8"], "hotel_price": ["386", "386", "386", "386"]}, "1715544": {"hotel_name": "\u9752\u5c9b\u946b\u590d\u76db\u9038\u6d77\u56fd\u9645\u9152\u5e97", "order_time": ["2019-01-16 21:32:29"], "total_order": 1, "hotel_value": ["4.6"], "hotel_price": ["216"]}, "794951": {"hotel_name": "\u9752\u5c9b\u673a\u573a\u53cb\u4fe1\u822a\u7a7a\u516c\u5bd3", "order_time": ["2019-01-16 21:32:30", "2019-01-16 21:37:03"], "total_order": 2, "hotel_value": ["4.0", "4.0"], "hotel_price": ["124", "124"]}, "1700442": {"hotel_name": "\u9752\u5c9b\u9a6c\u53ef\u6ce2\u7f57\u9152\u5e97", "order_time": ["2019-01-16 21:32:31"], "total_order": 1, "hotel_value": ["4.6"], "hotel_price": ["103"]}, "470369": {"hotel_name": "\u9752\u5c9b\u96cd\u534e\u5ead\u9152\u5e97", "order_time": ["2019-01-16 21:32:31"], "total_order": 1, "hotel_value": ["4.3"], "hotel_price": ["206"]}, "1066339": {"hotel_name": "7\u5929\u8fde\u9501\u9152\u5e97(\u9752\u5c9b\u6d77\u4e91\u5eb5\u5174\u9686\u8def\u5e97)(\u539f\u6c11\u4fd7\u5e7f\u573a\u5e97)", "order_time": ["2019-01-16 21:32:33"], "total_order": 1, "hotel_value": ["4.4"], "hotel_price": ["99"]}, "823437": {"hotel_name": "\u9752\u5c9b\u82b1\u56ed\u5927\u9152\u5e97\u2014\u8d35\u5bbe\u697c", "order_time": ["2019-01-16 21:32:33"], "total_order": 1, "hotel_value": ["4.6"], "hotel_price": ["446"]}, "443641": {"hotel_name": "\u9752\u5c9b\u91d1\u6d77\u5927\u9152\u5e97", "order_time": ["2019-01-16 21:32:34"], "total_order": 1, "hotel_value": ["4.4"], "hotel_price": ["186"]}, "1316461": {"hotel_name": "\u6c49\u5ead\u9152\u5e97(\u9752\u5c9b\u674e\u6ca7\u91d1\u6c34\u8def\u5e97)", "order_time": ["2019-01-16 21:32:34"], "total_order": 1, "hotel_value": ["4.5"], "hotel_price": ["170"]}, "5215569": {"hotel_name": "\u9752\u5c9b\u5370\u8c61\u9152\u5e97", "order_time": ["2019-01-16 21:32:36"], "total_order": 1, "hotel_value": ["4.5"], "hotel_price": ["252"]}, "6466869": {"hotel_name": "\u7c73\u9ad8\u65f6\u5c1a\u9152\u5e97(\u9752\u5c9b\u4e94\u56db\u5e7f\u573a\u8fdc\u6d0b\u5e97)", "order_time": ["2019-01-16 21:32:38"], "total_order": 1, "hotel_value": ["4.4"], "hotel_price": ["132"]}, "1406844": {"hotel_name": "\u82e5\u6717\u5047\u65e5\u9152\u5e97(\u9752\u5c9b\u4e50\u5ba2\u57ce\u5e97)", "order_time": ["2019-01-16 21:32:40"], "total_order": 1, "hotel_value": ["4.2"], "hotel_price": ["69"]}, "5463838": {"hotel_name": "\u9752\u5c9b\u7761\u673a\u573a\u9152\u5e97", "order_time": ["2019-01-16 21:32:41", "2019-01-16 22:25:19", "2019-01-16 22:14:42"], "total_order": 3, "hotel_value": ["4.3", "4.3", "4.3"], "hotel_price": ["210", "210", "210"]}, "5249617": {"hotel_name": "\u9752\u5c9b\u5929\u9686\u5f97\u610f\u5927\u9152\u5e97", "order_time": ["2019-01-16 21:32:43"], "total_order": 1, "hotel_value": ["4.3"], "hotel_price": ["54"]}, "772111": {"hotel_name": "\u9752\u5c9b\u5a01\u65af\u6c40\u9152\u5e97", "order_time": ["2019-01-16 21:33:44", "2019-01-16 21:42:53"], "total_order": 2, "hotel_value": ["4.6", "4.6"], "hotel_price": ["711", "711"]}, "2147568": {"hotel_name": "\u83b1\u897f\u534e\u73ba\u5927\u9152\u5e97", "order_time": ["2019-01-16 21:33:44"], "total_order": 1, "hotel_value": ["4.7"], "hotel_price": ["449"]}, "5075928": {"hotel_name": "\u5e73\u5ea6\u4e1c\u83b1\u5927\u9152\u5e97", "order_time": ["2019-01-16 21:33:44"], "total_order": 1, "hotel_value": ["4.6"], "hotel_price": ["193"]}, "2163950": {"hotel_name": "\u83b1\u897f\u8c6a\u79a7\u6765\u5546\u52a1\u9152\u5e97", "order_time": ["2019-01-16 21:33:45"], "total_order": 1, "hotel_value": ["4.6"], "hotel_price": ["94"]}, "2011487": {"hotel_name": "7\u5929\u8fde\u9501\u9152\u5e97(\u5e73\u5ea6\u9752\u5c9b\u8def\u5e97)", "order_time": ["2019-01-16 21:34:07"], "total_order": 1, "hotel_value": ["4.3"], "hotel_price": ["109"]}, "346318": {"hotel_name": "\u9752\u5c9b\u80f6\u5dde\u7eff\u57ce\u559c\u6765\u767b\u9152\u5e97", "order_time": ["2019-01-16 21:34:14"], "total_order": 1, "hotel_value": ["4.6"], "hotel_price": ["532"]}, "438731": {"hotel_name": "\u4e2d\u822a\u7fd4\u901a\u6e38\u8247\u4f1a\u9152\u5e97(\u9752\u5c9b\u5965\u5e06\u4e2d\u5fc3\u4e94\u56db\u5e7f\u573a\u5e97)", "order_time": ["2019-01-16 21:34:47"], "total_order": 1, "hotel_value": ["4.8"], "hotel_price": ["358"]}, "486063": {"hotel_name": "\u9752\u5c9b\u56fd\u4fe1\u6d77\u5929\u4f53\u80b2\u4e2d\u5fc3\u9152\u5e97", "order_time": ["2019-01-16 21:34:48"], "total_order": 1, "hotel_value": ["4.5"], "hotel_price": ["190"]}, "17097238": {"hotel_name": "\u9752\u5c9b\u798f\u745e\u767b\u9152\u5e97", "order_time": ["2019-01-16 21:34:49", "2019-01-16 22:12:26"], "total_order": 2, "hotel_value": ["4.5", "4.5"], "hotel_price": ["84", "84"]}, "2301851": {"hotel_name": "7\u5929\u8fde\u9501\u9152\u5e97(\u9752\u5c9b\u9547\u5b81\u7acb\u4ea4\u6865\u5e97)", "order_time": ["2019-01-16 21:34:55"], "total_order": 1, "hotel_value": ["3.9"], "hotel_price": ["70"]}, "6608537": {"hotel_name": "\u6854\u5b50\u9152\u5e97\u00b7\u7cbe\u9009(\u9752\u5c9b\u56db\u6d41\u5357\u8def\u5e97)", "order_time": ["2019-01-16 21:34:56"], "total_order": 1, "hotel_value": ["4.9"], "hotel_price": ["360"]}, "10186829": {"hotel_name": "\u9526\u6c5f\u90fd\u57ce(\u9752\u5c9b\u65b0\u90fd\u5fc3\u5e97)", "order_time": ["2019-01-16 21:34:57"], "total_order": 1, "hotel_value": ["4.6"], "hotel_price": ["243"]}, "6264032": {"hotel_name": "\u9752\u5c9b\u65bd\u6cf0\u6839\u535a\u9601\u57ce\u9645\u9152\u5e97", "order_time": ["2019-01-16 21:41:44", "2019-01-16 21:34:57"], "total_order": 2, "hotel_value": ["4.7", "4.7"], "hotel_price": ["248", "248"]}, "439773": {"hotel_name": "\u9752\u5c9b\u8fdc\u96c4\u60a6\u6765\u9152\u5e97\u516c\u5bd3", "order_time": ["2019-01-16 21:34:57"], "total_order": 1, "hotel_value": ["4.6"], "hotel_price": ["459"]}, "1546527": {"hotel_name": "\u9752\u5c9b\u6c34\u6728\u4f73\u9a7f\u5bbe\u9986", "order_time": ["2019-01-16 21:35:13"], "total_order": 1, "hotel_value": [0], "hotel_price": ["38"]}, "1664209": {"hotel_name": "\u9752\u5c9b\u5929\u745e\u661f\u7a7a\u9152\u5e97", "order_time": ["2019-01-16 21:37:02"], "total_order": 1, "hotel_value": ["4.6"], "hotel_price": ["446"]}, "430396": {"hotel_name": "\u9752\u5c9b\u5b9d\u9f99\u798f\u670b\u559c\u6765\u767b\u9152\u5e97", "order_time": ["2019-01-16 22:01:36", "2019-01-16 21:37:03"], "total_order": 2, "hotel_value": ["4.6", "4.6"], "hotel_price": ["569", "569"]}, "8870574": {"hotel_name": "\u745e\u666e\u5170\u987f\u81f3\u5c0a\u9152\u5e97\u00b7\u9752\u5c9b\u5609\u5e74\u534e\u5e97", "order_time": ["2019-01-16 21:37:03"], "total_order": 1, "hotel_value": ["4.5"], "hotel_price": ["124"]}, "467216": {"hotel_name": "\u9752\u5c9b\u6d77\u666f\u82b1\u56ed\u5927\u9152\u5e97", "order_time": ["2019-01-16 21:37:04", "2019-01-16 21:46:06"], "total_order": 2, "hotel_value": ["4.8", "4.8"], "hotel_price": ["580", "580"]}, "8531362": {"hotel_name": "\u9752\u5c9b\u6c11\u56fd\u9152\u5e97", "order_time": ["2019-01-16 21:37:04"], "total_order": 1, "hotel_value": ["4.7"], "hotel_price": ["220"]}, "1373267": {"hotel_name": "\u5982\u5bb6\u5feb\u6377\u9152\u5e97(\u9752\u5c9b\u674e\u6751\u5730\u94c1\u7ad9\u6b65\u884c\u8857\u5e97)", "order_time": ["2019-01-16 21:42:06", "2019-01-16 21:37:05"], "total_order": 2, "hotel_value": ["4.6", "4.6"], "hotel_price": ["142", "142"]}, "23703630": {"hotel_name": "\u5170\u6b27\u9152\u5e97(\u9752\u5c9b\u7ea2\u5c9b\u9ad8\u94c1\u7ad9\u5e97)", "order_time": ["2019-01-16 21:37:05"], "total_order": 1, "hotel_value": ["4.8"], "hotel_price": ["233"]}, "21330990": {"hotel_name": "\u6cca\u5c45\u7cbe\u6808(\u9752\u5c9b\u9999\u6e2f\u4e2d\u8def\u4e94\u56db\u5e7f\u573a\u5e97)", "order_time": ["2019-01-16 21:37:06"], "total_order": 1, "hotel_value": ["4.3"], "hotel_price": ["208"]}, "2071300": {"hotel_name": "\u4eac\u82d1\u8fde\u9501\u827a\u672f\u9152\u5e97(\u9752\u5c9b\u5fb7\u56fd\u98ce\u60c5\u8857\u5e97)", "order_time": ["2019-01-16 21:37:06"], "total_order": 1, "hotel_value": ["4.3"], "hotel_price": ["55"]}, "2329361": {"hotel_name": "\u9752\u5c9b\u65af\u7ef4\u767b\u5ea6\u5047\u516c\u5bd3(\u90ae\u8f6e\u6bcd\u6e2f\u5e97)", "order_time": ["2019-01-16 21:37:06"], "total_order": 1, "hotel_value": ["4.7"], "hotel_price": ["124"]}, "5466788": {"hotel_name": "\u82b1\u6eaa\u82b1\u56ed\u9152\u5e97(\u9752\u5c9b\u6d41\u4ead\u673a\u573a\u5e97)", "order_time": ["2019-01-16 21:37:07"], "total_order": 1, "hotel_value": ["4.4"], "hotel_price": ["198"]}, "1549218": {"hotel_name": "\u9752\u5c9b\u946b\u9f99\u5047\u65e5\u516c\u5bd3\u9152\u5e97(\u9752\u804c/\u6ee8\u6d77\u5b66\u9662\u5e97)", "order_time": ["2019-01-16 21:37:08"], "total_order": 1, "hotel_value": ["4.7"], "hotel_price": ["156"]}, "6263824": {"hotel_name": "\u9752\u5c9b\u7d2b\u73a5\u56fd\u9645\u9152\u5e97\u516c\u5bd3", "order_time": ["2019-01-16 21:52:48", "2019-01-16 21:37:08"], "total_order": 2, "hotel_value": ["4.3", "4.3"], "hotel_price": ["145", "145"]}, "5930261": {"hotel_name": "\u9752\u5c9b\u9ec4\u5c9b\u6cf0\u6210\u559c\u6765\u767b\u9152\u5e97", "order_time": ["2019-01-16 21:37:09"], "total_order": 1, "hotel_value": ["4.6"], "hotel_price": ["498"]}, "2301077": {"hotel_name": "\u7231\u5c0a\u5ba2\u9152\u5e97(\u9752\u5c9b\u4e94\u56db\u5e7f\u573a\u5e97)", "order_time": ["2019-01-16 22:01:35", "2019-01-16 21:37:09", "2019-01-16 22:27:33"], "total_order": 3, "hotel_value": ["4.6", "4.6", "4.6"], "hotel_price": ["130", "130", "130"]}, "427962": {"hotel_name": "\u5b89\u6f9c\u5bbe\u820d\u9152\u5e97(\u9752\u5c9b\u4e1c\u6d77\u4e2d\u8def\u6d77\u6ee8\u5e97)(\u539f\u5965\u5e06\u4e2d\u5fc3\u6781\u5730\u6d77\u6d0b\u4e16\u754c\u5e97)", "order_time": ["2019-01-16 21:37:11", "2019-01-16 22:08:13"], "total_order": 2, "hotel_value": ["4.3", "4.3"], "hotel_price": ["89", "89"]}, "21808112": {"hotel_name": "\u90fd\u5e02118\u00b7\u7cbe\u9009\u9152\u5e97(\u9752\u5c9b\u57ce\u4e2d\u57ce\u5e97)", "order_time": ["2019-01-16 21:37:13"], "total_order": 1, "hotel_value": ["4.4"], "hotel_price": ["136"]}, "5085596": {"hotel_name": "\u9526\u6c5f\u4e4b\u661f(\u9752\u5c9b\u6ca7\u53e3\u516c\u56ed\u5e97)", "order_time": ["2019-01-16 21:37:13"], "total_order": 1, "hotel_value": ["4.7"], "hotel_price": ["159"]}, "689989": {"hotel_name": "\u901f8\u9152\u5e97(\u9752\u5c9b\u957f\u6c5f\u8def\u5e97)", "order_time": ["2019-01-16 21:37:17"], "total_order": 1, "hotel_value": ["3.8"], "hotel_price": ["121"]}, "2237125": {"hotel_name": "\u5982\u5bb6\u5feb\u6377\u9152\u5e97(\u9752\u5c9b\u9ec4\u5c9b\u80f6\u5357\u6d77\u6c34\u6d74\u573a\u5e97)", "order_time": ["2019-01-16 21:37:19"], "total_order": 1, "hotel_value": ["4.6"], "hotel_price": ["123"]}, "11083629": {"hotel_name": "\u9752\u5c9b\u5f95\u5f80\u7cbe\u54c1\u9152\u5e97", "order_time": ["2019-01-16 21:37:19"], "total_order": 1, "hotel_value": ["4.8"], "hotel_price": ["123"]}, "2376193": {"hotel_name": "\u94f6\u5ea7\u4f73\u9a7f\u9152\u5e97(\u9752\u5c9b\u5f90\u5dde\u8def\u4e94\u56db\u5e7f\u573a\u5e97)", "order_time": ["2019-01-16 21:37:20"], "total_order": 1, "hotel_value": ["4.4"], "hotel_price": ["112"]}, "5983210": {"hotel_name": "\u9752\u5c9b\u9047\u89c1\u56fd\u9645\u9752\u5e74\u65c5\u820d\u4e2d\u8054\u5e7f\u573a\u5e97", "order_time": ["2019-01-16 21:37:32"], "total_order": 1, "hotel_value": ["4.3"], "hotel_price": ["30"]}, "6288995": {"hotel_name": "\u9752\u5c9b\u62fe\u8d30\u60a6\u9601\u9152\u5e97\u5f0f\u516c\u5bd3", "order_time": ["2019-01-16 21:37:34"], "total_order": 1, "hotel_value": ["4.6"], "hotel_price": ["123"]}, "19586632": {"hotel_name": "\u5343\u5bbf\u5ea6\u5047\u516c\u5bd3(\u9752\u5c9b\u5ef6\u5409\u8defCBD\u5e97)", "order_time": ["2019-01-16 21:39:17"], "total_order": 1, "hotel_value": ["4.8"], "hotel_price": ["99"]}, "1766138": {"hotel_name": "\u83ab\u6cf0168(\u9752\u5c9b\u6d41\u4ead\u673a\u573a\u6b63\u9633\u4e2d\u8def\u7ea2\u661f\u7f8e\u51ef\u9f99\u5e97)", "order_time": ["2019-01-16 21:39:18"], "total_order": 1, "hotel_value": ["4.7"], "hotel_price": ["144"]}, "19615245": {"hotel_name": "\u66e6\u9014\u89c2\u6f9c\u6d77\u666f\u5ea6\u5047\u522b\u5885(\u9752\u5c9b\u5965\u5e06\u4e94\u56db\u5e7f\u573a\u5e97)", "order_time": ["2019-01-16 21:39:20"], "total_order": 1, "hotel_value": ["4.9"], "hotel_price": ["246"]}, "21807735": {"hotel_name": "\u5f71\u5de2\u7535\u5f71\u9152\u5e97(\u9752\u5c9b\u56db\u680b\u4e5d\u4e8c\u96f6\u5e97)", "order_time": ["2019-01-16 21:39:23"], "total_order": 1, "hotel_value": ["4.8"], "hotel_price": ["144"]}, "1209773": {"hotel_name": "\u9752\u5c9b\u71d5\u5c9b\u4e4b\u661f\u5047\u65e5\u516c\u5bd3", "order_time": ["2019-01-16 21:39:23"], "total_order": 1, "hotel_value": ["4.5"], "hotel_price": ["74"]}, "4539689": {"hotel_name": "\u6c49\u5ead\u9152\u5e97(\u9752\u5c9b\u4e94\u56db\u5e7f\u573a\u5965\u5e06\u5e97)", "order_time": ["2019-01-16 21:39:25"], "total_order": 1, "hotel_value": ["4.6"], "hotel_price": ["170"]}, "2717691": {"hotel_name": "\u6587\u6d77\u56fd\u9645\u9152\u5e97(\u9752\u5c9b\u91d1\u6c99\u6ee9\u5e97)", "order_time": ["2019-01-16 21:39:25"], "total_order": 1, "hotel_value": ["4.6"], "hotel_price": ["191"]}, "1725780": {"hotel_name": "678\u673a\u573a\u9152\u5e97", "order_time": ["2019-01-16 21:39:25"], "total_order": 1, "hotel_value": ["4.4"], "hotel_price": ["90"]}, "8327511": {"hotel_name": "\u9752\u5c9b\u90fd\u5e02118\u7cbe\u9009\u9152\u5e97\u5373\u58a8\u670d\u88c5\u57ce\u5e97", "order_time": ["2019-01-16 21:39:25", "2019-01-16 22:12:18"], "total_order": 2, "hotel_value": ["4.6", "4.6"], "hotel_price": ["111", "111"]}, "669773": {"hotel_name": "\u5b9c\u5fc5\u601d\u9152\u5e97(\u9752\u5c9b\u5b81\u590f\u8def\u5730\u94c1\u7ad9\u5e97)(\u539f\u5b81\u590f\u8def\u5e97)", "order_time": ["2019-01-16 21:39:25"], "total_order": 1, "hotel_value": ["4.5"], "hotel_price": ["170"]}, "1103293": {"hotel_name": "\u6c49\u5ead\u9152\u5e97(\u9752\u5c9b\u6b63\u9633\u8def\u5229\u7fa4\u5e97)", "order_time": ["2019-01-16 21:39:25"], "total_order": 1, "hotel_value": ["4.3"], "hotel_price": ["132"]}, "1886446": {"hotel_name": "\u7231\u820d\u7a7a\u95f4\u5546\u52a1\u9152\u5e97(\u9752\u5c9b\u5c1a\u6ea2\u5e97)", "order_time": ["2019-01-16 21:39:25", "2019-01-16 22:12:18"], "total_order": 2, "hotel_value": ["4.5", "4.5"], "hotel_price": ["123", "123"]}, "443976": {"hotel_name": "\u90fd\u5e02118(\u9752\u5c9b\u674e\u6ca7\u6b65\u884c\u8857\u5e97)", "order_time": ["2019-01-16 21:39:26"], "total_order": 1, "hotel_value": ["4.6"], "hotel_price": ["84"]}, "8290422": {"hotel_name": "\u6c49\u5ead\u9152\u5e97(\u9752\u5c9b\u4e2d\u56fd\u6d77\u6d0b\u5927\u5b66\u5e97)", "order_time": ["2019-01-16 21:39:26"], "total_order": 1, "hotel_value": ["4.7"], "hotel_price": ["237"]}, "28642661": {"hotel_name": "\u9752\u5c9b\u84dd\u8272\u4e4b\u661f\u6d77\u666f\u516c\u5bd3", "order_time": ["2019-01-16 21:41:50", "2019-01-16 21:39:29"], "total_order": 2, "hotel_value": ["5.0", "5.0"], "hotel_price": ["123", "123"]}, "1302230": {"hotel_name": "\u7231\u5ba2100\u8fde\u9501\u5bbe\u9986(\u9752\u5c9b\u7231\u604b\u65f6\u5149\u4e3b\u9898\u5e97)", "order_time": ["2019-01-16 21:39:30"], "total_order": 1, "hotel_value": ["3.9"], "hotel_price": ["69"]}, "2301455": {"hotel_name": "\u9526\u6c5f\u4e4b\u661f(\u80f6\u5dde\u5e02\u80f6\u5dde\u4e1c\u8def\u5e97)", "order_time": ["2019-01-16 21:40:42"], "total_order": 1, "hotel_value": ["4.5"], "hotel_price": ["119"]}, "9181135": {"hotel_name": "\u6c49\u5ead\u9152\u5e97(\u9752\u5c9b\u5f00\u53d1\u533a\u957f\u6c5f\u4e2d\u8def\u5e97)", "order_time": ["2019-01-16 21:41:40"], "total_order": 1, "hotel_value": ["4.5"], "hotel_price": ["123"]}, "397581": {"hotel_name": "\u9526\u6c5f\u90fd\u57ce\u9152\u5e97(\u9752\u5c9b\u5927\u5b66\u5e97)", "order_time": ["2019-01-16 21:41:42"], "total_order": 1, "hotel_value": ["4.5"], "hotel_price": ["181"]}, "1103123": {"hotel_name": "\u6c49\u5ead\u9152\u5e97(\u9752\u5c9b\u5965\u5e06\u4e2d\u5fc3\u5e97)", "order_time": ["2019-01-16 21:41:44"], "total_order": 1, "hotel_value": ["4.4"], "hotel_price": ["132"]}, "6814912": {"hotel_name": "\u5e73\u5ea6\u8bda\u4fe1\u9152\u697c\u5ba2\u623f\u90e8", "order_time": ["2019-01-16 21:43:03"], "total_order": 1, "hotel_value": [0], "hotel_price": ["98"]}, "1946155": {"hotel_name": "\u5e73\u5ea6\u4e3b\u9898\u5546\u52a1\u5bbe\u9986", "order_time": ["2019-01-16 21:43:05"], "total_order": 1, "hotel_value": [0], "hotel_price": ["39"]}, "440316": {"hotel_name": "\u9752\u5c9b\u56db\u65b9\u5927\u9152\u5e97", "order_time": ["2019-01-16 21:43:53", "2019-01-16 22:03:40"], "total_order": 2, "hotel_value": ["4.4", "4.4"], "hotel_price": ["72", "72"]}, "1434596": {"hotel_name": "\u91cc\u9662\u5ba2\u6808(\u9752\u5c9b\u706b\u8f66\u7ad9\u5e97)", "order_time": ["2019-01-16 21:43:53"], "total_order": 1, "hotel_value": ["4.5"], "hotel_price": ["71"]}, "16127878": {"hotel_name": "\u9752\u5c9b\u73e0\u5c71\u5927\u996d\u5e97", "order_time": ["2019-01-16 21:43:55"], "total_order": 1, "hotel_value": ["4.7"], "hotel_price": ["290"]}, "16018600": {"hotel_name": "\u683c\u6797\u4e1c\u65b9\u9152\u5e97(\u9752\u5c9b\u4e16\u7eaa\u516c\u56ed\u6d41\u4ead\u673a\u573a\u5e97)", "order_time": ["2019-01-16 21:43:55"], "total_order": 1, "hotel_value": ["4.5"], "hotel_price": ["139"]}, "840717": {"hotel_name": "\u9752\u5c9b\u674e\u6ca7\u7eff\u57ce\u559c\u6765\u767b\u9152\u5e97", "order_time": ["2019-01-16 21:43:56"], "total_order": 1, "hotel_value": ["4.7"], "hotel_price": ["599"]}, "2379128": {"hotel_name": "\u90fd\u5e02118\u8fde\u9501\u9152\u5e97(\u9752\u5c9b\u8f9b\u5b89\u5e97)", "order_time": ["2019-01-16 21:43:57"], "total_order": 1, "hotel_value": ["4.5"], "hotel_price": ["94"]}, "2470071": {"hotel_name": "Q\u52a0\u00b7\u9752\u5c9b\u745e\u8c6a\u5047\u65e5\u6d77\u666f\u5ea6\u5047\u9152\u5e97\u516c\u5bd3", "order_time": ["2019-01-16 21:43:57"], "total_order": 1, "hotel_value": ["4.7"], "hotel_price": ["112"]}, "5073599": {"hotel_name": "\u827e\u5c4b\u9152\u5e97\u516c\u5bd3(\u9752\u5c9b\u90ae\u8f6e\u6bcd\u6e2f\u5e97)", "order_time": ["2019-01-16 21:43:57"], "total_order": 1, "hotel_value": ["4.7"], "hotel_price": ["83"]}, "2970464": {"hotel_name": "\u6613\u4f70\u8fde\u9501\u9152\u5e97\uff08\u9752\u5c9b\u706b\u8f66\u7ad9\u6808\u6865 \u5288\u67f4\u9662\u5e97\uff09", "order_time": ["2019-01-16 21:43:58"], "total_order": 1, "hotel_value": ["4.0"], "hotel_price": ["59"]}, "1501841": {"hotel_name": "\u83ab\u6cf0168(\u9752\u5c9b\u6808\u6865\u706b\u8f66\u7ad9\u897f\u5e7f\u573a\u5e97)", "order_time": ["2019-01-16 21:43:59"], "total_order": 1, "hotel_value": ["4.6"], "hotel_price": ["92"]}, "2981410": {"hotel_name": "\u9752\u5c9b\u6808\u6865\u6d77\u4e4b\u60c5\u89c2\u6d77\u65e5\u79df\u623f", "order_time": ["2019-01-16 21:44:02"], "total_order": 1, "hotel_value": ["4.2"], "hotel_price": ["38"]}, "1165293": {"hotel_name": "\u9752\u5c9b\u5c1a\u54c1\u4e91\u56fe\u5bbe\u9986", "order_time": ["2019-01-16 22:08:06", "2019-01-16 21:44:03"], "total_order": 2, "hotel_value": ["4.2", "4.2"], "hotel_price": ["99", "109"]}, "2614519": {"hotel_name": "\u6d77\u53cb\u9152\u5e97(\u9752\u5c9b\u7535\u5b50\u4fe1\u606f\u57ce\u5e97)", "order_time": ["2019-01-16 21:44:04"], "total_order": 1, "hotel_value": ["4.2"], "hotel_price": ["69"]}, "690618": {"hotel_name": "\u9752\u5c9b\u4e09\u516d\u516b\u8fde\u9501\u5bbe\u9986(\u6d41\u4ead\u673a\u573a\u5e97)", "order_time": ["2019-01-16 21:44:05"], "total_order": 1, "hotel_value": ["4.0"], "hotel_price": ["75"]}, "2303692": {"hotel_name": "\u9752\u5c9b\u6021\u4eba\u5c45\u5bbe\u9986", "order_time": ["2019-01-16 21:44:13"], "total_order": 1, "hotel_value": ["4.4"], "hotel_price": ["30"]}, "1259981": {"hotel_name": "\u9752\u5c9b\u4e2d\u5929\u6d77\u666f\u9152\u5e97\uff08\u6808\u6865\u706b\u8f66\u7ad9\u5e97\uff09", "order_time": ["2019-01-16 21:46:03"], "total_order": 1, "hotel_value": ["4.8"], "hotel_price": ["76"]}, "712009": {"hotel_name": "\u9752\u5c9b\u7231\u5bb6\u5ba2\u6d77\u666f\u65e5\u79df\u623f", "order_time": ["2019-01-16 21:46:04"], "total_order": 1, "hotel_value": ["4.8"], "hotel_price": ["29"]}, "23227885": {"hotel_name": "\u9752\u5c9b\u683c\u96f7\u65af\u7cbe\u9009\u9152\u5e97", "order_time": ["2019-01-16 21:46:06"], "total_order": 1, "hotel_value": ["4.8"], "hotel_price": ["243"]}, "3031195": {"hotel_name": "\u5982\u5bb6\u8054\u76df\u00b7\u534e\u9a7f\u9152\u5e97(\u9752\u5c9b\u56fd\u9645\u4f1a\u5c55\u4e2d\u5fc3\u77f3\u8001\u4eba\u6d74\u573a\u5e97)", "order_time": ["2019-01-16 21:46:09"], "total_order": 1, "hotel_value": ["3.8"], "hotel_price": ["79"]}, "5999421": {"hotel_name": "\u7a7a\u94c1\u5047\u65e5\u9152\u5e97\u516c\u5bd3(\u9752\u5c9b\u673a\u573a\u5e97)", "order_time": ["2019-01-16 21:46:09", "2019-01-16 21:57:02"], "total_order": 2, "hotel_value": ["4.6", "4.6"], "hotel_price": ["235", "235"]}, "1736347": {"hotel_name": "\u6615\u9686\u6d77\u65c5\u9986(\u9752\u5c9b\u4e00\u5e97)", "order_time": ["2019-01-16 21:46:27"], "total_order": 1, "hotel_value": [0], "hotel_price": ["31"]}, "1227823": {"hotel_name": "\u9752\u5c9b\u53cc\u534e\u56ed\u5bbe\u9986", "order_time": ["2019-01-16 21:46:35"], "total_order": 1, "hotel_value": [0], "hotel_price": ["30"]}, "21724133": {"hotel_name": "\u5c1a\u5ba2\u4f18\u54c1\u9152\u5e97(\u80f6\u5dde\u5170\u5dde\u4e1c\u8def\u65b0\u6c7d\u8f66\u7ad9\u5e97)", "order_time": ["2019-01-16 21:47:11"], "total_order": 1, "hotel_value": ["4.8"], "hotel_price": ["136"]}, "8575772": {"hotel_name": "\u9752\u5c9b\u51ef\u83b1\u667a\u6167\u9152\u5e97", "order_time": ["2019-01-16 21:48:17"], "total_order": 1, "hotel_value": ["4.6"], "hotel_price": ["187"]}, "21124467": {"hotel_name": "\u9752\u5c9b\u65af\u7ef4\u767b\u7cbe\u54c1\u516c\u5bd3(\u4f1a\u5c55\u4e2d\u5fc3\u77f3\u8001\u4eba\u6d77\u6c34\u6d74\u573a)", "order_time": ["2019-01-16 22:32:36", "2019-01-16 21:54:08", "2019-01-16 21:48:18"], "total_order": 3, "hotel_value": ["4.9", "4.9", "4.9"], "hotel_price": ["801", "888", "888"]}, "1542881": {"hotel_name": "\u9752\u5c9b\u90fd\u5e02\u82b1\u56ed\u9152\u5e97(\u539f\u5170\u5ef7\u82b1\u56ed\u9152\u5e97)", "order_time": ["2019-01-16 21:48:19"], "total_order": 1, "hotel_value": ["4.2"], "hotel_price": ["95"]}, "891096": {"hotel_name": "\u84dd\u6d77\u5927\u996d\u5e97(\u9752\u5c9b\u541b\u5cf0\u8def\u5730\u94c1\u7ad9\u5e97)(\u539f\u674e\u6ca7\u5e97)", "order_time": ["2019-01-16 21:48:21"], "total_order": 1, "hotel_value": ["4.6"], "hotel_price": ["482"]}, "428024": {"hotel_name": "\u5982\u5bb6\u5feb\u6377\u9152\u5e97(\u9752\u5c9b\u53f0\u4e1c\u5546\u4e1a\u533a\u6d77\u4fe1\u7acb\u4ea4\u6865\u6851\u6893\u8def\u5e97)", "order_time": ["2019-01-16 22:29:50", "2019-01-16 21:48:25"], "total_order": 2, "hotel_value": ["4.4", "4.4"], "hotel_price": ["89", "89"]}, "8576090": {"hotel_name": "\u9752\u5c9b\u5bb6\u56ed\u6d77\u666f\u5ea6\u5047\u516c\u5bd3", "order_time": ["2019-01-16 21:50:58", "2019-01-16 21:48:46"], "total_order": 2, "hotel_value": ["4.4", "4.4"], "hotel_price": ["92", "92"]}, "1727504": {"hotel_name": "\u5e73\u5ea6\u5706\u4e2d\u65b9\u5927\u9152\u5e97", "order_time": ["2019-01-16 21:49:55"], "total_order": 1, "hotel_value": ["4.7"], "hotel_price": ["173"]}, "512490": {"hotel_name": "\u9752\u5c9b\u897f\u6d77\u5cb8\u5fb7\u6cf0\u5927\u9152\u5e97", "order_time": ["2019-01-16 21:50:38", "2019-01-16 21:52:55"], "total_order": 2, "hotel_value": ["4.7", "4.7"], "hotel_price": ["262", "262"]}, "5264336": {"hotel_name": "\u9e92\u97f5\u516c\u5bd3(\u9752\u5c9b\u4e07\u8c61\u57ce\u4e94\u56db\u5e7f\u573a\u5965\u5e06\u4e2d\u5fc3\u5e97)", "order_time": ["2019-01-16 22:11:17", "2019-01-16 22:34:50", "2019-01-16 21:54:08", "2019-01-16 21:50:39", "2019-01-16 21:55:01", "2019-01-16 22:35:02"], "total_order": 6, "hotel_value": ["4.8", "4.8", "4.8", "4.8", "4.8", "4.8"], "hotel_price": ["228", "228", "228", "228", "228", "228"]}, "5318261": {"hotel_name": "\u6d77\u90b8\u4f18\u820d\u7cbe\u54c1\u9152\u5e97(\u9752\u5c9b\u6808\u6865\u706b\u8f66\u7ad9\u5e97)", "order_time": ["2019-01-16 21:50:40"], "total_order": 1, "hotel_value": ["4.7"], "hotel_price": ["49"]}, "1418968": {"hotel_name": "\u82b1\u6eaa\u5ba2\u6808(\u9752\u5c9b\u90a3\u9c81\u6e7e\u5e97)", "order_time": ["2019-01-16 21:50:40"], "total_order": 1, "hotel_value": ["4.5"], "hotel_price": ["99"]}, "5463909": {"hotel_name": "\u9752\u5c9b\u8fd0\u6cf0\u5927\u9152\u5e97\uff08\u5d02\u5c71\u4f1a\u5c55\u4e2d\u5fc3\u5e97\uff09", "order_time": ["2019-01-16 21:50:47"], "total_order": 1, "hotel_value": ["4.5"], "hotel_price": ["118"]}, "19852075": {"hotel_name": "\u66dc\u77f3\u6d77\u666f\u516c\u5bd3\u9152\u5e97(\u9752\u5c9b\u4f1a\u5c55\u4e2d\u5fc3\u77f3\u8001\u4eba\u6d77\u6c34\u6d74\u573a\u5e97)", "order_time": ["2019-01-16 21:50:54"], "total_order": 1, "hotel_value": ["4.8"], "hotel_price": ["237"]}, "1362887": {"hotel_name": "\u5bb6\u6881\u5bbe\u9986(\u9752\u5c9b\u53f0\u4e1c\u516b\u8def\u5e97)", "order_time": ["2019-01-16 21:50:56"], "total_order": 1, "hotel_value": [0], "hotel_price": ["168"]}, "430840": {"hotel_name": "\u9752\u5c9b\u4e3d\u6676\u5927\u9152\u5e97", "order_time": ["2019-01-16 22:16:35", "2019-01-16 21:52:47"], "total_order": 2, "hotel_value": ["4.5", "4.5"], "hotel_price": ["506", "506"]}, "1728255": {"hotel_name": "7\u5929\u8fde\u9501\u9152\u5e97(\u9752\u5c9b\u9999\u6e2f\u4e1c\u8def\u6781\u5730\u6d77\u6d0b\u4e16\u754c\u5e97)", "order_time": ["2019-01-16 21:52:49"], "total_order": 1, "hotel_value": ["3.7"], "hotel_price": ["89"]}, "995120": {"hotel_name": "\u94f6\u5ea7\u4f73\u9a7f\u9152\u5e97(\u9752\u5c9b\u4e2d\u592e\u5546\u52a1\u533a\u4e07\u8fbe\u5e7f\u573a\u5e97)(\u539f\u5b81\u590f\u8def\u5e97)", "order_time": ["2019-01-16 21:52:49"], "total_order": 1, "hotel_value": ["4.2"], "hotel_price": ["112"]}, "21783354": {"hotel_name": "\u9752\u5c9b\u6db5\u8bed\u697c\u7cbe\u54c1\u9152\u5e97", "order_time": ["2019-01-16 21:52:51"], "total_order": 1, "hotel_value": ["4.8"], "hotel_price": ["94"]}, "994155": {"hotel_name": "\u5982\u5bb6\u5feb\u6377\u9152\u5e97(\u9752\u5c9b\u91cd\u5e86\u5357\u8def\u4e07\u79d1\u57ce\u5e97)", "order_time": ["2019-01-16 21:52:53", "2019-01-16 22:01:31"], "total_order": 2, "hotel_value": ["4.6", "4.6"], "hotel_price": ["119", "119"]}, "10118500": {"hotel_name": "\u90fd\u5e02118\u7cbe\u9009\u9152\u5e97(\u9752\u5c9b\u5bb6\u4f73\u6e90\u4e00\u54c1\u51a0\u5e97)", "order_time": ["2019-01-16 21:52:53"], "total_order": 1, "hotel_value": ["4.6"], "hotel_price": ["114"]}, "1691841": {"hotel_name": "\u91d1\u5c71\u57ce\u5927\u9152\u5e97(\u9752\u5c9b\u5927\u6c99\u8def\u5e97)", "order_time": ["2019-01-16 21:52:58"], "total_order": 1, "hotel_value": ["4.1"], "hotel_price": ["74"]}, "2299113": {"hotel_name": "\u9752\u5c9b\u6167\u5609\u5546\u52a1\u9152\u5e97", "order_time": ["2019-01-16 21:52:58"], "total_order": 1, "hotel_value": ["4.0"], "hotel_price": ["124"]}, "427967": {"hotel_name": "\u5982\u5bb6\u5feb\u6377\u9152\u5e97(\u9752\u5c9b\u6808\u6865\u706b\u8f66\u7ad9\u5e7f\u573a\u5e97)", "order_time": ["2019-01-16 21:53:07"], "total_order": 1, "hotel_value": ["4.2"], "hotel_price": ["81"]}, "2704056": {"hotel_name": "\u9752\u5c9b\u7389\u987a\u519c\u5bb6\u5bb4", "order_time": ["2019-01-16 21:53:29"], "total_order": 1, "hotel_value": [0], "hotel_price": ["151"]}, "2013178": {"hotel_name": "\u80f6\u5dde\u540d\u4eba\u4e4b\u661f\u9152\u5e97", "order_time": ["2019-01-16 21:53:55", "2019-01-16 22:11:23"], "total_order": 2, "hotel_value": ["3.7", "3.7"], "hotel_price": ["98", "98"]}, "6273850": {"hotel_name": "\u7eff\u5cf0\u96c5\u9601\u5ea6\u5047\u516c\u5bd3(\u9752\u5c9b\u4e94\u56db\u5e7f\u573a\u4e07\u8c61\u57ce\u5e97)", "order_time": ["2019-01-16 21:54:08"], "total_order": 1, "hotel_value": ["4.8"], "hotel_price": ["1000"]}, "5214763": {"hotel_name": "\u9752\u5c9b\u65af\u7ef4\u767b\u5ea6\u5047\u516c\u5bd3(\u5965\u5e06\u4e94\u56db\u5e7f\u573a\u4e07\u8c61\u57ce)", "order_time": ["2019-01-16 21:54:08", "2019-01-16 22:31:38"], "total_order": 2, "hotel_value": ["4.8", "4.8"], "hotel_price": ["276", "276"]}, "18034506": {"hotel_name": "\u6c49\u5510\u9152\u5e97(\u9752\u5c9b\u6d41\u4ead\u673a\u573a\u5e97)", "order_time": ["2019-01-16 21:54:08", "2019-01-16 21:59:12"], "total_order": 2, "hotel_value": ["4.8", "4.8"], "hotel_price": ["263", "236"]}, "1226388": {"hotel_name": "\u9752\u5c9b\u6db5\u78a7\u697c\u9152\u5e97", "order_time": ["2019-01-16 21:54:08", "2019-01-16 21:59:12"], "total_order": 2, "hotel_value": ["4.6", "4.6"], "hotel_price": ["1749", "1749"]}, "425590": {"hotel_name": "\u9752\u5c9b\u946b\u6c5f\u6e29\u5fb7\u59c6\u9152\u5e97", "order_time": ["2019-01-16 21:54:54"], "total_order": 1, "hotel_value": ["4.8"], "hotel_price": ["588"]}, "2301075": {"hotel_name": "\u7231\u5c0a\u5ba2\u9152\u5e97(\u9752\u5c9b\u5e7f\u7535\u5927\u53a6\u5e97)", "order_time": ["2019-01-16 21:59:14", "2019-01-16 21:54:57"], "total_order": 2, "hotel_value": ["4.5", "4.5"], "hotel_price": ["120", "139"]}, "5301639": {"hotel_name": "\u9752\u5c9b\u65af\u7ef4\u767b\u5ea6\u5047\u516c\u5bd3(\u91d1\u6c99\u6ee9\u5929\u9e93\u6e56)", "order_time": ["2019-01-16 21:55:18"], "total_order": 1, "hotel_value": ["4.6"], "hotel_price": ["134"]}, "1705026": {"hotel_name": "\u6613\u4f70\u826f\u54c1\u9152\u5e97(\u9752\u5c9b\u53f0\u4e1c\u5564\u9152\u8857\u5e97)", "order_time": ["2019-01-16 21:57:03"], "total_order": 1, "hotel_value": ["3.9"], "hotel_price": ["68"]}, "2304020": {"hotel_name": "\u9752\u5c9b\u6b27\u98de\u8fde\u9501\u9152\u5e97\u4e94\u56db\u5e7f\u573a\u5e97", "order_time": ["2019-01-16 21:57:06"], "total_order": 1, "hotel_value": ["4.2"], "hotel_price": ["89"]}, "2082416": {"hotel_name": "7\u5929\u8fde\u9501\u9152\u5e97(\u9752\u5c9b\u6d41\u4ead\u673a\u573a\u5e97)", "order_time": ["2019-01-16 21:57:06"], "total_order": 1, "hotel_value": ["4.1"], "hotel_price": ["129"]}, "5527970": {"hotel_name": "\u9752\u5c9b\u65af\u7ef4\u767b\u5ea6\u5047\u516c\u5bd3(\u57ce\u9633\u673a\u573a\u5e97)", "order_time": ["2019-01-16 21:57:07", "2019-01-16 22:21:01"], "total_order": 2, "hotel_value": ["4.7", "4.7"], "hotel_price": ["119", "119"]}, "22416789": {"hotel_name": "\u9752\u5c9b\u5bb9\u9526\u9152\u5e97", "order_time": ["2019-01-16 21:57:07"], "total_order": 1, "hotel_value": ["4.7"], "hotel_price": ["102"]}, "6867438": {"hotel_name": "\u9752\u5c9b\u91cc\u9662\u7cbe\u54c1\u9152\u5e97", "order_time": ["2019-01-16 21:57:09"], "total_order": 1, "hotel_value": ["4.5"], "hotel_price": ["69"]}, "2380669": {"hotel_name": "\u6d77\u53cb\u9152\u5e97(\u9752\u5c9b\u4e94\u56db\u5e7f\u573a\u8fdc\u6d0b\u5e97)", "order_time": ["2019-01-16 22:20:55", "2019-01-16 21:57:11"], "total_order": 2, "hotel_value": ["4.0", "4.0"], "hotel_price": ["75", "75"]}, "5147819": {"hotel_name": "\u6c49\u5ead\u9152\u5e97(\u9752\u5c9b\u7535\u5b50\u4fe1\u606f\u57ce\u5e97)", "order_time": ["2019-01-16 21:57:12"], "total_order": 1, "hotel_value": ["4.4"], "hotel_price": ["113"]}, "1227975": {"hotel_name": "\u9752\u5c9b\u68a7\u6850\u5885\u65c5\u793e", "order_time": ["2019-01-16 21:57:16"], "total_order": 1, "hotel_value": ["4.7"], "hotel_price": ["68"]}, "450923": {"hotel_name": "\u9752\u5c9b\u4e16\u7eaa\u6d77\u4e30\u5927\u9152\u5e97", "order_time": ["2019-01-16 21:59:08", "2019-01-16 22:27:32"], "total_order": 2, "hotel_value": ["4.7", "4.7"], "hotel_price": ["230", "230"]}, "481742": {"hotel_name": "\u9752\u5c9b\u4e16\u8d38\u6d77\u60a6\u5927\u9152\u5e97", "order_time": ["2019-01-16 21:59:08", "2019-01-16 22:08:13"], "total_order": 2, "hotel_value": ["4.7", "4.7"], "hotel_price": ["298", "298"]}, "5147860": {"hotel_name": "\u9752\u5c9b\u5d02\u5c71\u6e7e\u9152\u5e97", "order_time": ["2019-01-16 21:59:08"], "total_order": 1, "hotel_value": ["4.6"], "hotel_price": ["426"]}, "19916130": {"hotel_name": "\u9752\u5c9b\u77e5\u9047\u7535\u5f71\u7cbe\u54c1\u516c\u5bd3", "order_time": ["2019-01-16 21:59:08"], "total_order": 1, "hotel_value": ["4.9"], "hotel_price": ["168"]}, "16203907": {"hotel_name": "\u67ab\u53f6\u9152\u5e97\u5f0f\u516c\u5bd3(\u9752\u5c9b\u77f3\u6cb9\u5927\u5b66\u543e\u60a6\u5e7f\u573a\u5e97)", "order_time": ["2019-01-16 21:59:08"], "total_order": 1, "hotel_value": ["4.8"], "hotel_price": ["398"]}, "779884": {"hotel_name": "\u9526\u6c5f\u4e4b\u661f(\u9752\u5c9b\u674e\u6ca7\u5e7f\u573a\u674e\u6751\u5730\u94c1\u7ad9\u5e97)(\u539f\u674e\u6ca7\u5e7f\u573a\u5e97)", "order_time": ["2019-01-16 21:59:09"], "total_order": 1, "hotel_value": ["4.3"], "hotel_price": ["113"]}, "2306006": {"hotel_name": "\u683c\u6797\u8c6a\u6cf0(\u9752\u5c9b\u706b\u8f66\u7ad9\u5e7f\u573a\u5e97)", "order_time": ["2019-01-16 21:59:10"], "total_order": 1, "hotel_value": ["4.7"], "hotel_price": ["75"]}, "895414": {"hotel_name": "\u4e2d\u94c1\u9752\u5c9b\u4e2d\u5fc3\u9152\u5e97\u516c\u5bd3", "order_time": ["2019-01-16 21:59:11"], "total_order": 1, "hotel_value": ["4.6"], "hotel_price": ["319"]}, "939307": {"hotel_name": "\u6c49\u5ead\u9152\u5e97(\u9752\u5c9b\u4e94\u56db\u5e7f\u573a\u5e97)", "order_time": ["2019-01-16 21:59:11"], "total_order": 1, "hotel_value": ["4.5"], "hotel_price": ["246"]}, "21125543": {"hotel_name": "\u591a\u7ef4\u7a7a\u95f4\u4e3b\u9898\u9152\u5e97(\u9752\u5c9b\u65d7\u8230\u5e97)", "order_time": ["2019-01-16 21:59:14"], "total_order": 1, "hotel_value": ["4.7"], "hotel_price": ["174"]}, "6871039": {"hotel_name": "\u9752\u76ae\u6811\u9152\u5e97\uff08\u9752\u5c9b\u590f\u5e84\u8def\u548c\u8c10\u5e7f\u573a\u5e97\uff09", "order_time": ["2019-01-16 21:59:16"], "total_order": 1, "hotel_value": ["4.6"], "hotel_price": ["108"]}, "2140433": {"hotel_name": "\u683c\u6797\u8054\u76df\u9152\u5e97(\u9752\u5c9b\u4e50\u5ba2\u57ce\u674e\u6751\u5730\u94c1\u7ad9\u5e97)", "order_time": ["2019-01-16 21:59:17"], "total_order": 1, "hotel_value": ["4.4"], "hotel_price": ["90"]}, "1199523": {"hotel_name": "\u4e50\u5bb6\u8f69\u96c5\u81f4\u7cbe\u9009\u516c\u5bd3(\u9752\u5c9b\u5965\u5e06\u4e94\u56db\u5e7f\u573a\u5e97)", "order_time": ["2019-01-16 21:59:17"], "total_order": 1, "hotel_value": ["4.5"], "hotel_price": ["184"]}, "23931826": {"hotel_name": "\u5982\u5bb6\u777f\u67cf\u00b7\u4e91\u9152\u5e97(\u80f6\u5357\u73e0\u5c71\u8def\u9752\u5c9b\u897f\u9ad8\u94c1\u7ad9\u5e97)", "order_time": ["2019-01-16 21:59:19"], "total_order": 1, "hotel_value": [0], "hotel_price": ["99"]}, "445159": {"hotel_name": "\u9752\u5c9b\u79cb\u4e34\u5927\u9152\u5e97", "order_time": ["2019-01-16 21:59:21"], "total_order": 1, "hotel_value": ["4.3"], "hotel_price": ["256"]}, "21764832": {"hotel_name": "1314\u4e3b\u9898\u5c0f\u4f4f\u9152\u5e97(\u9752\u5c9b\u674e\u6751\u5e97)", "order_time": ["2019-01-16 21:59:24"], "total_order": 1, "hotel_value": ["4.2"], "hotel_price": ["58"]}, "1994999": {"hotel_name": "\u80f6\u5dde\u7f8e\u5c14\u5e0c\u987f\u4e3b\u9898\u9152\u5e97", "order_time": ["2019-01-16 22:00:49"], "total_order": 1, "hotel_value": ["3.7"], "hotel_price": ["108"]}, "2469555": {"hotel_name": "\u5373\u58a8\u8fb0\u5b63\u7cbe\u54c1\u9152\u5e97", "order_time": ["2019-01-16 22:05:58", "2019-01-16 22:01:30"], "total_order": 2, "hotel_value": ["4.5", "4.5"], "hotel_price": ["212", "212"]}, "1911247": {"hotel_name": "\u5982\u5bb6\u5feb\u6377\u9152\u5e97(\u9752\u5c9b\u4e94\u56db\u5e7f\u573a\u5965\u5e06\u4e2d\u5fc3\u5e97)(\u539f\u5965\u5e06\u4e2d\u5fc3\u6d77\u4fe1\u5e7f\u573a\u5e97)", "order_time": ["2019-01-16 22:01:35"], "total_order": 1, "hotel_value": ["4.3"], "hotel_price": ["99"]}, "5908521": {"hotel_name": "\u5982\u5bb6\u5feb\u6377\u9152\u5e97(\u9752\u5c9b\u6d41\u4ead\u673a\u573a\u6c11\u822a\u8def\u5e97)", "order_time": ["2019-01-16 22:01:38"], "total_order": 1, "hotel_value": ["4.4"], "hotel_price": ["118"]}, "1807244": {"hotel_name": "7\u5929\u8fde\u9501\u9152\u5e97(\u9752\u5c9b\u9ec4\u5c9b\u533a\u653f\u5e9c\u5e97)", "order_time": ["2019-01-16 22:01:41"], "total_order": 1, "hotel_value": ["4.7"], "hotel_price": ["114"]}, "427837": {"hotel_name": "\u83ab\u6cf0168(\u9752\u5c9b\u4e2d\u5c71\u8def\u5546\u4e1a\u8857\u6808\u6865\u5e97)", "order_time": ["2019-01-16 22:01:42"], "total_order": 1, "hotel_value": ["4.4"], "hotel_price": ["78"]}, "1747249": {"hotel_name": "\u591a\u7ef4\u7a7a\u95f4\u4e3b\u9898\u9152\u5e97(\u9752\u5c9b\u9999\u6e2f\u4e2d\u8def\u5e97)", "order_time": ["2019-01-16 22:01:52"], "total_order": 1, "hotel_value": ["3.7"], "hotel_price": ["78"]}, "1502477": {"hotel_name": "\u5982\u5bb6\u5feb\u6377\u9152\u5e97(\u83b1\u897f\u70df\u53f0\u8def\u6708\u6e56\u516c\u56ed\u5e97)", "order_time": ["2019-01-16 22:02:52"], "total_order": 1, "hotel_value": ["4.7"], "hotel_price": ["131"]}, "18515525": {"hotel_name": "\u534a\u5c9b\u56fd\u9645\u9152\u5e97(\u9752\u5c9b\u674e\u6751\u5730\u94c1\u7ad9\u5e97)", "order_time": ["2019-01-16 22:18:49", "2019-01-16 22:03:45"], "total_order": 2, "hotel_value": ["4.5", "4.5"], "hotel_price": ["222", "184"]}, "18540621": {"hotel_name": "\u5982\u5bb6\u7cbe\u9009\u9152\u5e97(\u9752\u5c9b\u674e\u6ca7\u4e5d\u6c34\u4e1c\u8def\u4e07\u8fbe\u5e7f\u573a\u5e97)", "order_time": ["2019-01-16 22:03:46"], "total_order": 1, "hotel_value": ["4.7"], "hotel_price": ["255"]}, "438653": {"hotel_name": "\u9752\u5c9b\u6d77\u5929e\u5bb6\u5546\u52a1\u9152\u5e97", "order_time": ["2019-01-16 22:03:48"], "total_order": 1, "hotel_value": ["4.2"], "hotel_price": ["85"]}, "9151696": {"hotel_name": "\u4e50\u5bb6\u8f69\u4e34\u6d77\u5ea6\u5047\u516c\u5bd3(\u9752\u5c9b\u91d1\u6c99\u6ee9\u5929\u9e93\u6e56\u5e97)", "order_time": ["2019-01-16 22:03:52"], "total_order": 1, "hotel_value": ["4.7"], "hotel_price": ["134"]}, "1070435": {"hotel_name": "\u5982\u5bb6\u5feb\u6377\u9152\u5e97(\u9752\u5c9b\u6808\u6865\u706b\u8f66\u7ad9\u4e1c\u5e7f\u573a\u5e97)", "order_time": ["2019-01-16 22:31:44", "2019-01-16 22:03:53"], "total_order": 2, "hotel_value": ["4.5", "4.5"], "hotel_price": ["92", "92"]}, "1388243": {"hotel_name": "\u9752\u5c9b\u822a\u5929\u7fd4\u5bbe\u9986", "order_time": ["2019-01-16 22:04:06"], "total_order": 1, "hotel_value": ["4.1"], "hotel_price": ["114"]}, "443607": {"hotel_name": "\u9752\u5c9b\u6052\u90fd\u884c\u653f\u9152\u5e97", "order_time": ["2019-01-16 22:05:52"], "total_order": 1, "hotel_value": ["4.1"], "hotel_price": ["130"]}, "1217939": {"hotel_name": "\u7231\u5c0a\u5ba2\u8fde\u9501\u9152\u5e97(\u9752\u5c9b\u5728\u6c34\u4e00\u65b9\u57ce\u9633\u519c\u4e1a\u5927\u5b66\u5e97)", "order_time": ["2019-01-16 22:05:54"], "total_order": 1, "hotel_value": ["4.1"], "hotel_price": ["84"]}, "21826038": {"hotel_name": "\u9752\u5c9b\u6c49\u5353\u9152\u5e97", "order_time": ["2019-01-16 22:06:00"], "total_order": 1, "hotel_value": ["4.7"], "hotel_price": ["424"]}, "669081": {"hotel_name": "\u9752\u5c9b\u4e16\u7eaa\u6587\u534e\u9152\u5e97", "order_time": ["2019-01-16 22:06:02"], "total_order": 1, "hotel_value": ["4.6"], "hotel_price": ["156"]}, "1458477": {"hotel_name": "\u5c1a\u5ba2\u4f18\u5feb\u6377\u9152\u5e97(\u9752\u5c9b\u6808\u6865\u4e2d\u5c71\u8def\u5e97)", "order_time": ["2019-01-16 22:06:08"], "total_order": 1, "hotel_value": ["2.9"], "hotel_price": ["76"]}, "17351152": {"hotel_name": "\u9752\u5c9b\u5f71\u5de2\u7535\u5f71\u9152\u5e97", "order_time": ["2019-01-16 22:06:09"], "total_order": 1, "hotel_value": ["4.6"], "hotel_price": ["114"]}, "1196353": {"hotel_name": "\u9752\u5c9b\u4e1c\u6d77\u5047\u65e5\u5ea6\u5047\u516c\u5bd3", "order_time": ["2019-01-16 22:07:57"], "total_order": 1, "hotel_value": ["4.5"], "hotel_price": ["383"]}, "2298663": {"hotel_name": "\u7231\u5c0a\u5ba2\u9152\u5e97(\u9752\u5c9b\u4e94\u56db\u5e7f\u573a\u9999\u6e2f\u4e2d\u8def\u5e97)", "order_time": ["2019-01-16 22:08:02"], "total_order": 1, "hotel_value": ["4.6"], "hotel_price": ["130"]}, "1372374": {"hotel_name": "\u5982\u5bb6\u5feb\u6377\u9152\u5e97(\u9752\u5c9b\u56db\u65b9\u957f\u9014\u7ad9\u5ba3\u5316\u8def\u5e97)", "order_time": ["2019-01-16 22:08:02"], "total_order": 1, "hotel_value": ["4.6"], "hotel_price": ["103"]}, "2139868": {"hotel_name": "7\u5929\u8fde\u9501\u9152\u5e97(\u9752\u5c9b\u5c71\u4e1c\u8def\u4e2d\u592e\u5546\u52a1\u533a\u5e97)", "order_time": ["2019-01-16 22:29:38", "2019-01-16 22:08:05"], "total_order": 2, "hotel_value": ["3.9", "3.9"], "hotel_price": ["56", "56"]}, "994191": {"hotel_name": "\u5982\u5bb6\u5feb\u6377\u9152\u5e97(\u5373\u58a8\u53e4\u57ce\u9e64\u5c71\u8def\u5e97)", "order_time": ["2019-01-16 22:08:25"], "total_order": 1, "hotel_value": ["4.7"], "hotel_price": ["111"]}, "701002": {"hotel_name": "\u4eac\u82d1\u8fde\u9501\u4e3b\u9898\u9152\u5e97(\u9752\u5c9b\u4e07\u8c61\u57ce\u5e97)", "order_time": ["2019-01-16 22:10:05"], "total_order": 1, "hotel_value": ["4.0"], "hotel_price": ["67"]}, "428592": {"hotel_name": "\u9752\u5c9b\u9c81\u5546\u51ef\u60a6\u9152\u5e97", "order_time": ["2019-01-16 22:18:42", "2019-01-16 22:10:05"], "total_order": 2, "hotel_value": ["4.6", "4.6"], "hotel_price": ["748", "748"]}, "994153": {"hotel_name": "\u5982\u5bb6\u5feb\u6377\u9152\u5e97(\u9752\u5c9b\u706b\u8f66\u5317\u7ad9\u5e97)", "order_time": ["2019-01-16 22:29:41", "2019-01-16 22:10:13"], "total_order": 2, "hotel_value": ["4.3", "4.3"], "hotel_price": ["175", "175"]}, "2257047": {"hotel_name": "\u6c49\u5ead\u9152\u5e97(\u9752\u5c9b\u8463\u5bb6\u53e3\u6e2f\u5e97)", "order_time": ["2019-01-16 22:29:41", "2019-01-16 22:10:13"], "total_order": 2, "hotel_value": ["4.7", "4.7"], "hotel_price": ["151", "151"]}, "1483797": {"hotel_name": "\u9752\u5c9b\u5927\u62c7\u6307\u5e7f\u573a\u00b7\u6d77\u4e4b\u6770\u5047\u65e5\u9152\u5e97", "order_time": ["2019-01-16 22:10:14", "2019-01-16 22:27:38"], "total_order": 2, "hotel_value": ["4.5", "4.5"], "hotel_price": ["65", "75"]}, "16900448": {"hotel_name": "\u9752\u5c9b\u4e1c\u65b9\u5f71\u90fd\u878d\u521b\u4e07\u8fbe\u5609\u534e\u9152\u5e97", "order_time": ["2019-01-16 22:10:15"], "total_order": 1, "hotel_value": ["4.6"], "hotel_price": ["618"]}, "1814331": {"hotel_name": "\u9752\u5c9b\u6d77\u7554\u4eba\u5bb6\u5546\u52a1\u5bbe\u9986", "order_time": ["2019-01-16 22:10:21"], "total_order": 1, "hotel_value": ["4.6"], "hotel_price": ["79"]}, "995114": {"hotel_name": "\u94f6\u5ea7\u4f73\u9a7f\u9152\u5e97(\u9752\u5c9b\u6808\u6865\u5e97)", "order_time": ["2019-01-16 22:10:26"], "total_order": 1, "hotel_value": ["4.1"], "hotel_price": ["85"]}, "5076674": {"hotel_name": "\u9752\u5c9b\u8ff7\u4f60\u5c0f\u6808", "order_time": ["2019-01-16 22:10:30"], "total_order": 1, "hotel_value": ["4.4"], "hotel_price": ["71"]}, "2132624": {"hotel_name": "\u5e73\u5ea6\u6613\u6377\u5047\u65e5\u9152\u5e97", "order_time": ["2019-01-16 22:11:13"], "total_order": 1, "hotel_value": ["4.0"], "hotel_price": ["80"]}, "791924": {"hotel_name": "\u94f6\u5ea7\u4f73\u9a7f\u9152\u5e97(\u5e73\u5ea6\u5929\u6d25\u8def\u5e97)(\u539f\u8679\u5586\u5546\u52a1\u5bbe\u9986)", "order_time": ["2019-01-16 22:11:14"], "total_order": 1, "hotel_value": ["4.4"], "hotel_price": ["99"]}, "2263143": {"hotel_name": "\u90fd\u5e02\u82b1\u56ed\u9152\u5e97(\u80f6\u5dde\u80f6\u4e1c\u65b0\u673a\u573a\u674e\u54e5\u5e84\u5e97)", "order_time": ["2019-01-16 22:11:14"], "total_order": 1, "hotel_value": ["4.7"], "hotel_price": ["163"]}, "427999": {"hotel_name": "\u5982\u5bb6\u7cbe\u9009\u9152\u5e97(\u9752\u5c9b\u516b\u5927\u5173\u592a\u5e73\u89d2\u516c\u56ed\u5730\u94c1\u7ad9\u5e97)", "order_time": ["2019-01-16 22:12:26"], "total_order": 1, "hotel_value": ["4.7"], "hotel_price": ["179"]}, "10823774": {"hotel_name": "\u5982\u5bb6\u5546\u65c5\u9152\u5e97(\u9752\u5c9b\u5373\u58a8\u56fd\u9645\u535a\u89c8\u4e2d\u5fc3\u5c71\u4e1c\u5927\u5b66\u5e97)", "order_time": ["2019-01-16 22:14:25"], "total_order": 1, "hotel_value": ["4.7"], "hotel_price": ["159"]}, "5247964": {"hotel_name": "\u5c1a\u5ba2\u4f18\u5feb\u6377\u9152\u5e97(\u9752\u5c9b\u5f00\u53d1\u533a\u5bb6\u4f73\u6e90\u5e97)", "order_time": ["2019-01-16 22:14:26"], "total_order": 1, "hotel_value": ["3.9"], "hotel_price": ["109"]}, "13740994": {"hotel_name": "\u9752\u5c9b\u90fd\u5e02118\u7cbe\u9009\u9152\u5e97\u6625\u9633\u8def\u5e97", "order_time": ["2019-01-16 22:14:29"], "total_order": 1, "hotel_value": ["4.6"], "hotel_price": ["98"]}, "4045531": {"hotel_name": "\u9752\u5c9bHolaMotel\u597d\u5566\u6c7d\u8f66\u7cbe\u54c1\u516c\u5bd3", "order_time": ["2019-01-16 22:14:32"], "total_order": 1, "hotel_value": ["4.6"], "hotel_price": ["104"]}, "1426280": {"hotel_name": "\u91d1\u6d77\u7ea2\u5b87\u5bbe\u9986(\u9752\u5c9b\u706b\u8f66\u7ad9\u897f\u5e7f\u573a\u5e97)", "order_time": ["2019-01-16 22:16:32"], "total_order": 1, "hotel_value": ["4.6"], "hotel_price": ["109"]}, "21336281": {"hotel_name": "\u661f\u7a0b\u9152\u5e97(\u9752\u5c9b\u9ad8\u65b0\u533a\u521b\u4e1a\u5927\u53a6\u65b9\u7279\u5e97)(\u539f\u9a7f\u4e4b\u5c9b\u9152\u5e97\u5f0f\u516c\u5bd3)", "order_time": ["2019-01-16 22:16:38"], "total_order": 1, "hotel_value": ["4.6"], "hotel_price": ["162"]}, "1315838": {"hotel_name": "\u6854\u5b50\u9152\u5e97\u00b7\u7cbe\u9009(\u9752\u5c9b\u57ce\u9633\u5e97)", "order_time": ["2019-01-16 22:16:41"], "total_order": 1, "hotel_value": ["4.8"], "hotel_price": ["351"]}, "5266537": {"hotel_name": "\u5c1a\u5ba2\u4f18\u5feb\u6377\u9152\u5e97(\u9752\u5c9b\u5f00\u53d1\u533a\u9999\u6c5f\u4e8c\u8def\u5e97)", "order_time": ["2019-01-16 22:16:42"], "total_order": 1, "hotel_value": ["4.5"], "hotel_price": ["105"]}, "5379562": {"hotel_name": "\u9752\u5c9b\u5e02\u80f6\u5357\u7f8e\u7f57\u56fd\u9645\u5065\u5eb7\u5bbe\u9986", "order_time": ["2019-01-16 22:16:46"], "total_order": 1, "hotel_value": ["4.2"], "hotel_price": ["79"]}, "1702042": {"hotel_name": "\u9752\u5c9b\u5feb\u4e50\u5047\u65e5\u7cbe\u54c1\u9152\u5e97", "order_time": ["2019-01-16 22:16:50"], "total_order": 1, "hotel_value": ["4.5"], "hotel_price": ["104"]}, "2087214": {"hotel_name": "\u5e03\u4e01\u9152\u5e97(\u9752\u5c9b\u706b\u8f66\u7ad9\u6808\u6865\u5e97)", "order_time": ["2019-01-16 22:18:42"], "total_order": 1, "hotel_value": ["4.0"], "hotel_price": ["53"]}, "8668290": {"hotel_name": "\u6249\u7f26\u9152\u5e97(\u9752\u5c9b\u57ce\u9633\u6625\u548c\u5e7f\u573a\u5e97)", "order_time": ["2019-01-16 22:18:43"], "total_order": 1, "hotel_value": ["4.8"], "hotel_price": ["272"]}, "19853118": {"hotel_name": "\u51ef\u66fc\u5ea6\u5047\u516c\u5bd3(\u9752\u5c9b\u5ef6\u5409\u8defCBD\u5e97)", "order_time": ["2019-01-16 22:18:43"], "total_order": 1, "hotel_value": ["4.8"], "hotel_price": ["107"]}, "371190": {"hotel_name": "\u9752\u5c9b\u9999\u683c\u91cc\u62c9\u5927\u9152\u5e97", "order_time": ["2019-01-16 22:23:05", "2019-01-16 22:18:45"], "total_order": 2, "hotel_value": ["4.7", "4.7"], "hotel_price": ["748", "748"]}, "2889670": {"hotel_name": "\u9752\u5e74\u00b7\u90fd\u5e02\u8ff7\u4f60(\u9752\u5c9b\u519c\u4e1a\u5927\u5b66\u5e97)", "order_time": ["2019-01-16 22:18:45"], "total_order": 1, "hotel_value": ["4.5"], "hotel_price": ["78"]}, "17335633": {"hotel_name": "\u9752\u5c9b\u534e\u5c55\u5609\u5b9c\u9152\u5e97", "order_time": ["2019-01-16 22:18:52"], "total_order": 1, "hotel_value": ["4.9"], "hotel_price": ["124"]}, "5982552": {"hotel_name": "\u9752\u5c9b\u83f2\u683c\u516c\u5bd3\u9152\u5e97", "order_time": ["2019-01-16 22:18:52"], "total_order": 1, "hotel_value": ["4.5"], "hotel_price": ["115"]}, "2303780": {"hotel_name": "\u901f8\u9152\u5e97(\u9752\u5c9b\u5288\u67f4\u9662\u5c0f\u5403\u8857\u5e97)(\u539f\u7f8e\u6613\u65f6\u5c1a\u9152\u5e97)", "order_time": ["2019-01-16 22:19:00"], "total_order": 1, "hotel_value": ["3.5"], "hotel_price": ["59"]}, "5074736": {"hotel_name": "\u5e73\u5ea6\u6cf0\u7545\u5546\u52a1\u5bbe\u9986", "order_time": ["2019-01-16 22:19:49"], "total_order": 1, "hotel_value": ["4.6"], "hotel_price": ["103"]}, "1200168": {"hotel_name": "\u7ef4\u4e5f\u7eb3\u9152\u5e97(\u80f6\u5dde\u5e97)", "order_time": ["2019-01-16 22:19:50"], "total_order": 1, "hotel_value": ["4.7"], "hotel_price": ["268"]}, "1362121": {"hotel_name": "\u90fd\u5e02118(\u9752\u5c9b\u6b63\u9633\u8def\u5229\u7fa4\u5e97)", "order_time": ["2019-01-16 22:20:54"], "total_order": 1, "hotel_value": ["4.4"], "hotel_price": ["100"]}, "427936": {"hotel_name": "\u5982\u5bb6\u5feb\u6377\u9152\u5e97(\u9752\u5c9b\u6d77\u5c14\u8def\u4f1a\u5c55\u4e2d\u5fc3\u6d77\u6c34\u6d74\u573a\u5e97)", "order_time": ["2019-01-16 22:20:55"], "total_order": 1, "hotel_value": ["4.4"], "hotel_price": ["208"]}, "6326186": {"hotel_name": "\u62dc\u767b\u516c\u5bd3\u00b7\u9752\u5c9b\u4e07\u8fbe\u516c\u9986\u5e97", "order_time": ["2019-01-16 22:20:55"], "total_order": 1, "hotel_value": ["4.7"], "hotel_price": ["146"]}, "12622455": {"hotel_name": "\u9752\u5c9b\u6f2b\u751f\u6d3b\u4e3b\u9898\u9152\u5e97\u516c\u5bd3", "order_time": ["2019-01-16 22:20:55"], "total_order": 1, "hotel_value": ["4.6"], "hotel_price": ["83"]}, "2304562": {"hotel_name": "\u60a6\u5ba2100\u9152\u5e97(\u9752\u5c9b\u56db\u65b9\u5229\u7fa4\u5e97)", "order_time": ["2019-01-16 22:20:55"], "total_order": 1, "hotel_value": ["4.2"], "hotel_price": ["92"]}, "8575800": {"hotel_name": "\u9752\u5c9b\u7231\u5427\u4e3b\u9898\u516c\u5bd3", "order_time": ["2019-01-16 22:20:55"], "total_order": 1, "hotel_value": ["4.6"], "hotel_price": ["124"]}, "853604": {"hotel_name": "\u5982\u5bb6\u5feb\u6377\u9152\u5e97(\u9752\u5c9b\u56db\u6d41\u5357\u8def\u5e97)", "order_time": ["2019-01-16 22:20:55"], "total_order": 1, "hotel_value": ["4.4"], "hotel_price": ["151"]}, "1702511": {"hotel_name": "\u80f6\u5357\u5f18\u5143\u56fd\u9645\u9152\u5e97", "order_time": ["2019-01-16 22:20:55"], "total_order": 1, "hotel_value": ["3.9"], "hotel_price": ["147"]}, "2308468": {"hotel_name": "\u9752\u5c9b\u9752\u5e1d\u82d1\u5feb\u6377\u9152\u5e97", "order_time": ["2019-01-16 22:20:55"], "total_order": 1, "hotel_value": ["3.8"], "hotel_price": ["70"]}, "1606905": {"hotel_name": "\u9752\u5c9b\u5174\u5b89\u5927\u9152\u5e97", "order_time": ["2019-01-16 22:21:00"], "total_order": 1, "hotel_value": ["4.4"], "hotel_price": ["134"]}, "6284231": {"hotel_name": "\u9752\u5c9b\u745e\u5947\u6d77\u666f\u5ea6\u5047\u516c\u5bd3\u4e2d\u8054\u81ea\u7531\u6e2f\u6e7e\u5e97", "order_time": ["2019-01-16 22:21:00"], "total_order": 1, "hotel_value": ["4.7"], "hotel_price": ["359"]}, "6825526": {"hotel_name": "\u9752\u5c9b\u65b0\u6fb3\u6d77\u666f\u5927\u9152\u5e97", "order_time": ["2019-01-16 22:21:02"], "total_order": 1, "hotel_value": ["4.5"], "hotel_price": ["207"]}, "4971225": {"hotel_name": "\u5b89\u6f9c\u6587\u65c5\u9152\u5e97(\u9752\u5c9b\u5965\u5e06\u4e2d\u5fc3\u6781\u5730\u6d77\u6d0b\u4e16\u754c\u5e97)", "order_time": ["2019-01-16 22:21:18"], "total_order": 1, "hotel_value": ["4.2"], "hotel_price": ["75"]}, "21790901": {"hotel_name": "\u767d\u7389\u5170\u9152\u5e97 (\u80f6\u5dde\u5e7f\u5dde\u5357\u8def\u5e97)", "order_time": ["2019-01-16 22:21:59"], "total_order": 1, "hotel_value": ["4.9"], "hotel_price": ["143"]}, "1591544": {"hotel_name": "\u9752\u5c9b\u4eba\u6e90\u5ba2\u6808", "order_time": ["2019-01-16 22:23:01"], "total_order": 1, "hotel_value": ["4.4"], "hotel_price": ["62"]}, "2305726": {"hotel_name": "\u9752\u5c9b\u6021\u53cb\u5927\u9152\u5e97", "order_time": ["2019-01-16 22:23:02", "2019-01-16 22:29:41"], "total_order": 2, "hotel_value": ["4.2", "4.2"], "hotel_price": ["149", "149"]}, "5652465": {"hotel_name": "\u5373\u58a8\u9752\u8292\u7cbe\u54c1\u4e3b\u9898\u516c\u5bd3", "order_time": ["2019-01-16 22:23:02"], "total_order": 1, "hotel_value": ["4.4"], "hotel_price": ["99"]}, "1344334": {"hotel_name": "\u9752\u5c9b\u9f99\u6e2f\u6e7e\u4e3b\u9898\u5bbe\u9986", "order_time": ["2019-01-16 22:23:08"], "total_order": 1, "hotel_value": ["4.1"], "hotel_price": ["75"]}, "1774898": {"hotel_name": "\u6c49\u5ead\u9152\u5e97(\u9752\u5c9b\u706b\u8f66\u5317\u7ad9\u5e97)", "order_time": ["2019-01-16 22:23:08"], "total_order": 1, "hotel_value": ["4.3"], "hotel_price": ["199"]}, "2309481": {"hotel_name": "\u5c1a\u5ba2\u4f18\u9a8f\u6021\u57ce\u9645\u9152\u5e97(\u9752\u5c9b\u5f00\u53d1\u533a\u5bcc\u6625\u6c5f\u8def\u5e97)", "order_time": ["2019-01-16 22:23:09"], "total_order": 1, "hotel_value": ["4.2"], "hotel_price": ["70"]}, "1219329": {"hotel_name": "\u9752\u5c9b\u5370\u8c61\u4fbf\u6377\u8fde\u9501\u9152\u5e97", "order_time": ["2019-01-16 22:23:09"], "total_order": 1, "hotel_value": ["4.7"], "hotel_price": ["48"]}, "5673621": {"hotel_name": "\u90fd\u5e02118\u8fde\u9501\u9152\u5e97(\u9752\u5c9b\u4e1c\u5cb3\u4e2d\u8def\u9690\u73e0\u5730\u94c1\u7ad9\u5e97)(\u539f\u4e07\u8fbe\u8302\u4e1c\u65b9\u5f71\u90fd\u5e97)", "order_time": ["2019-01-16 22:23:09"], "total_order": 1, "hotel_value": ["4.8"], "hotel_price": ["104"]}, "1502061": {"hotel_name": "\u5982\u5bb6\u5feb\u6377\u9152\u5e97(\u9752\u5c9b\u674e\u6ca7\u5cf0\u5c71\u8def\u6b65\u884c\u8857\u5e97)", "order_time": ["2019-01-16 22:23:09"], "total_order": 1, "hotel_value": ["4.5"], "hotel_price": ["119"]}, "4070512": {"hotel_name": "\u62dc\u767b\u516c\u5bd3\u00b7\u9752\u5c9b\u4e1c\u65b9\u5f71\u90fd\u5e97", "order_time": ["2019-01-16 22:23:09"], "total_order": 1, "hotel_value": ["4.7"], "hotel_price": ["104"]}, "2057366": {"hotel_name": "\u5982\u5bb6\u5feb\u6377\u9152\u5e97(\u9752\u5c9b\u91cd\u5e86\u4e2d\u8def\u674e\u6ca7\u6b65\u884c\u8857\u5e97)", "order_time": ["2019-01-16 22:23:14"], "total_order": 1, "hotel_value": ["4.5"], "hotel_price": ["135"]}, "1730433": {"hotel_name": "\u9752\u5c9b\u4e16\u7f18\u60c5\u5047\u65e5\u9152\u5e97", "order_time": ["2019-01-16 22:25:19"], "total_order": 1, "hotel_value": ["4.5"], "hotel_price": ["158"]}, "1390142": {"hotel_name": "\u90fd\u5e02118(\u9752\u5c9b\u91d1\u6c99\u6ee9\u5e97)", "order_time": ["2019-01-16 22:25:21"], "total_order": 1, "hotel_value": ["4.5"], "hotel_price": ["79"]}, "26555980": {"hotel_name": "\u9752\u5c9b\u897f\u6d77\u5cb8\u5a01\u65af\u6c40\u9152\u5e97", "order_time": ["2019-01-16 22:25:23"], "total_order": 1, "hotel_value": [0], "hotel_price": ["508"]}, "5246760": {"hotel_name": "\u9752\u5c9b\u6c47\u6d77\u5c71\u5e84\u5ea6\u5047\u9152\u5e97", "order_time": ["2019-01-16 22:25:33"], "total_order": 1, "hotel_value": ["4.8"], "hotel_price": ["183"]}, "5074623": {"hotel_name": "\u9752\u5c9b\u519c\u4e30\u7279\u65c5\u9986", "order_time": ["2019-01-16 22:25:41"], "total_order": 1, "hotel_value": ["3.7"], "hotel_price": ["48"]}, "7690235": {"hotel_name": "Q\u52a0\u00b7\u79a7\u60a6\u5047\u65e5\u9152\u5e97(\u9752\u5c9b\u706b\u8f66\u7ad9\u4e1c\u5e7f\u573a\u6808\u6865\u5e97)(\u539f\u9752\u5c9b\u79a7\u60a6\u5047\u65e5\u9152\u5e97)", "order_time": ["2019-01-16 22:27:29"], "total_order": 1, "hotel_value": ["4.5"], "hotel_price": ["99"]}, "2334207": {"hotel_name": "\u9752\u5c9b\u6d77\u5c14\u5c71\u5e84", "order_time": ["2019-01-16 22:27:32"], "total_order": 1, "hotel_value": ["4.8"], "hotel_price": ["658"]}, "1613449": {"hotel_name": "\u591a\u7ef4\u7a7a\u95f4\u7cbe\u54c1\u9152\u5e97(\u9752\u5c9b\u674e\u6751\u6b65\u884c\u8857\u5e97)", "order_time": ["2019-01-16 22:27:34"], "total_order": 1, "hotel_value": ["4.4"], "hotel_price": ["124"]}, "1728458": {"hotel_name": "\u590d\u76db\u5927\u9152\u5e97(\u9752\u5c9b\u4e8c\u5e97)", "order_time": ["2019-01-16 22:27:34"], "total_order": 1, "hotel_value": ["4.3"], "hotel_price": ["157"]}, "2304451": {"hotel_name": "\u7231\u5c0a\u5ba2\u9152\u5e97(\u5373\u58a8\u5170\u9ccc\u8def\u5e97)", "order_time": ["2019-01-16 22:27:38"], "total_order": 1, "hotel_value": ["4.7"], "hotel_price": ["170"]}, "1371788": {"hotel_name": "\u6854\u5b50\u00b7\u6c34\u6676\u9152\u5e97(\u9752\u5c9b\u4e94\u56db\u5e7f\u573a\u6d77\u666f\u5e97)", "order_time": ["2019-01-16 22:27:38"], "total_order": 1, "hotel_value": ["4.7"], "hotel_price": ["398"]}, "1411642": {"hotel_name": "\u83ab\u4e3d\u7cbe\u54c1\u8fde\u9501\u9152\u5e97(\u9752\u5c9b\u91d1\u6c99\u6ee9\u5e97)", "order_time": ["2019-01-16 22:27:50"], "total_order": 1, "hotel_value": ["3.6"], "hotel_price": ["59"]}, "1217856": {"hotel_name": "\u9752\u5c9b\u4e30\u5229\u5047\u65e5\u9152\u5e97", "order_time": ["2019-01-16 22:29:35"], "total_order": 1, "hotel_value": ["4.3"], "hotel_price": ["69"]}, "482305": {"hotel_name": "\u5c1a\u5ba2\u4f18\u5feb\u6377\u9152\u5e97(\u9752\u5c9b\u4e39\u6c5f\u8def\u5317\u82d1\u5e97)", "order_time": ["2019-01-16 22:29:41"], "total_order": 1, "hotel_value": ["4.1"], "hotel_price": ["78"]}, "1708181": {"hotel_name": "\u9752\u5c9b\u98ce\u5c1a\u00b7\u56db\u5b63\u5047\u65e5\u9152\u5e97(\u674e\u6751\u6b65\u884c\u8857\u5965\u514b\u65af\u5e7f\u573a\u5e97)", "order_time": ["2019-01-16 22:29:41"], "total_order": 1, "hotel_value": ["4.3"], "hotel_price": ["79"]}, "1516201": {"hotel_name": "\u9752\u5c9b\u4e50\u946b\u6e90\u5bbe\u9986", "order_time": ["2019-01-16 22:29:41"], "total_order": 1, "hotel_value": ["4.6"], "hotel_price": ["36"]}, "1137183": {"hotel_name": "\u9752\u5c9b\u4f53\u80b2\u4e4b\u5bb6\u5927\u9152\u5e97", "order_time": ["2019-01-16 22:29:41"], "total_order": 1, "hotel_value": ["4.3"], "hotel_price": ["151"]}, "533093": {"hotel_name": "\u9752\u5c9b\u827e\u4e3d\u534e\u9152\u5e97", "order_time": ["2019-01-16 22:29:41"], "total_order": 1, "hotel_value": ["3.7"], "hotel_price": ["278"]}, "1644435": {"hotel_name": "\u4e30\u6167\u5546\u52a1\u9152\u5e97(\u9752\u5c9b\u6d1b\u9633\u8def\u5e97)", "order_time": ["2019-01-16 22:29:41"], "total_order": 1, "hotel_value": ["4.1"], "hotel_price": ["89"]}, "7733529": {"hotel_name": "\u56db\u53f6\u8349\u6d77\u666f\u5ea6\u5047\u516c\u5bd3\u9152\u5e97(\u9752\u5c9b\u4e07\u8fbe\u4e1c\u65b9\u5f71\u90fd\u5e97)(\u539f\u56db\u53f6\u8349\u6d77\u666f\u5ea6\u5047\u9152\u5e97)", "order_time": ["2019-01-16 22:29:41"], "total_order": 1, "hotel_value": ["4.8"], "hotel_price": ["119"]}, "448778": {"hotel_name": "\u660e\u6cfd\u5546\u52a1\u9152\u5e97(\u9752\u5c9b\u5609\u5b9a\u5c71\u516c\u56ed\u5e97)", "order_time": ["2019-01-16 22:29:41"], "total_order": 1, "hotel_value": ["4.8"], "hotel_price": ["83"]}, "1406851": {"hotel_name": "\u5982\u5bb6\u777f\u67cf\u00b7\u4e91\u9152\u5e97(\u9752\u5c9b\u5f00\u53d1\u533a\u9999\u6c5f\u8def\u5546\u4e1a\u8857\u5229\u7fa4\u5e97)", "order_time": ["2019-01-16 22:29:41"], "total_order": 1, "hotel_value": ["4.6"], "hotel_price": ["119"]}, "2970475": {"hotel_name": "\u5c1a\u5ba2\u4f18\u7cbe\u9009\u9152\u5e97(\u9752\u5c9b\u5c71\u4e1c\u79d1\u6280\u5927\u5b66\u5e97)", "order_time": ["2019-01-16 22:29:41"], "total_order": 1, "hotel_value": ["4.5"], "hotel_price": ["134"]}, "5249619": {"hotel_name": "\u90fd\u5e02118(\u9752\u5c9b\u91d1\u6c99\u6ee9\u7406\u5de5\u5927\u5b66\u5e97)", "order_time": ["2019-01-16 22:29:41"], "total_order": 1, "hotel_value": ["4.5"], "hotel_price": ["94"]}, "1530496": {"hotel_name": "\u7231\u5c0a\u5ba2\u9152\u5e97(\u5373\u58a8\u5c0f\u5546\u54c1\u57ce\u5e97)", "order_time": ["2019-01-16 22:29:41"], "total_order": 1, "hotel_value": ["4.4"], "hotel_price": ["124"]}, "8205090": {"hotel_name": "\u9752\u5c9b\u9a6c\u514b\u00b7\u7cbe\u9009\u516c\u5bd3\u57ce\u9633\u6d41\u4ead\u673a\u573a\u5e97", "order_time": ["2019-01-16 22:29:41"], "total_order": 1, "hotel_value": ["4.8"], "hotel_price": ["139"]}, "2312404": {"hotel_name": "\u5c1a\u5ba2\u4f18\u5feb\u6377\u9152\u5e97(\u9752\u5c9b\u9ec4\u5c9b\u738b\u53f0\u5e97)", "order_time": ["2019-01-16 22:29:41"], "total_order": 1, "hotel_value": ["4.5"], "hotel_price": ["134"]}, "24045522": {"hotel_name": "\u9752\u5c9b\u6167\u6c34\u9152\u5e97", "order_time": ["2019-01-16 22:29:41"], "total_order": 1, "hotel_value": ["4.1"], "hotel_price": ["198"]}, "468436": {"hotel_name": "\u9752\u5c9b\u7f8e\u5885\u5047\u671f\u9152\u5e9721\u53f7\u6d77\u8fb9\u522b\u5885", "order_time": ["2019-01-16 22:29:41"], "total_order": 1, "hotel_value": ["4.9"], "hotel_price": ["290"]}, "17276475": {"hotel_name": "\u5b89\u6cca\u00b7\u5885\u8bed\u827a\u672f\u9152\u5e97(\u9752\u5c9b\u90ae\u8f6e\u6bcd\u6e2f\u5e97)", "order_time": ["2019-01-16 22:29:41"], "total_order": 1, "hotel_value": ["4.7"], "hotel_price": ["183"]}, "5998475": {"hotel_name": "\u6db5\u820d\u60a6\u5c45\u7cbe\u54c1\u9152\u5e97(\u9752\u5c9b\u4e07\u5e74\u6cc9\u8def\u5730\u94c1\u7ad9\u5e97)", "order_time": ["2019-01-16 22:29:41"], "total_order": 1, "hotel_value": ["4.6"], "hotel_price": ["199"]}, "2043775": {"hotel_name": "\u9752\u5c9b\u6816\u820d\u827a\u672f\u9152\u5e97", "order_time": ["2019-01-16 22:29:42"], "total_order": 1, "hotel_value": ["4.3"], "hotel_price": ["92"]}, "8670998": {"hotel_name": "\u9752\u5c9b\u767e\u8109\u660e\u73e0\u82b1\u56ed\u9152\u5e97", "order_time": ["2019-01-16 22:29:42"], "total_order": 1, "hotel_value": ["4.6"], "hotel_price": ["88"]}, "1692619": {"hotel_name": "\u9752\u5c9b\u90fd\u5e02\u6625\u5929\u5047\u65e5\u5bbe\u9986(\u674e\u6751\u5b9d\u9f99\u5e7f\u573a\u5e97)", "order_time": ["2019-01-16 22:29:42"], "total_order": 1, "hotel_value": ["4.3"], "hotel_price": ["84"]}, "1340964": {"hotel_name": "\u805a\u5174\u5706\u7cbe\u54c1\u8fde\u9501\u5bbe\u9986(\u9752\u5c9b\u6d41\u4ead\u673a\u573a\u5e97)", "order_time": ["2019-01-16 22:30:02"], "total_order": 1, "hotel_value": ["4.3"], "hotel_price": ["59"]}, "4328415": {"hotel_name": "\u83b1\u897f\u5929\u58e4\u7cbe\u54c1\u9152\u5e97", "order_time": ["2019-01-16 22:30:32"], "total_order": 1, "hotel_value": ["4.4"], "hotel_price": ["138"]}, "19476776": {"hotel_name": "\u9752\u5c9b\u897f\u6d77\u5cb8\u664f\u548c\u5927\u9152\u5e97", "order_time": ["2019-01-16 22:33:49"], "total_order": 1, "hotel_value": ["4.7"], "hotel_price": ["114"]}, "443360": {"hotel_name": "\u5e73\u5ea6\u90fd\u5e02\u661f\u8054\u5927\u9152\u5e97", "order_time": ["2019-01-16 22:34:40"], "total_order": 1, "hotel_value": ["4.5"], "hotel_price": ["161"]}}}