{"\u5f00\u59cb\u8bb0\u5f55\u65f6\u95f4": "2019-01-17 11:27:12", "\u7ed3\u675f\u8bb0\u5f55\u65f6\u95f4": "2019-01-17 12:34:13", "\u8ba2\u5355\u603b\u589e\u91cf": 292, "item": {"23227885": {"hotel_name": "\u9752\u5c9b\u683c\u96f7\u65af\u7cbe\u9009\u9152\u5e97", "order_time": ["2019-01-17 11:30:04"], "total_order": 1, "hotel_value": ["4.8"], "hotel_price": ["243"]}, "1942102": {"hotel_name": "\u683c\u6797\u8c6a\u6cf0\u9152\u5e97(\u9752\u5c9b\u4e66\u9662\u8def\u8fbe\u7fc1\u5e7f\u573a\u5e97)", "order_time": ["2019-01-17 11:39:29", "2019-01-17 11:30:05"], "total_order": 2, "hotel_value": ["4.3", "4.3"], "hotel_price": ["84", "84"]}, "1728255": {"hotel_name": "7\u5929\u8fde\u9501\u9152\u5e97(\u9752\u5c9b\u9999\u6e2f\u4e1c\u8def\u6781\u5730\u6d77\u6d0b\u4e16\u754c\u5e97)", "order_time": ["2019-01-17 11:30:05"], "total_order": 1, "hotel_value": ["3.7"], "hotel_price": ["89"]}, "449574": {"hotel_name": "\u9752\u5c9b\u996d\u5e97", "order_time": ["2019-01-17 11:30:05"], "total_order": 1, "hotel_value": ["4.2"], "hotel_price": ["201"]}, "2329361": {"hotel_name": "\u9752\u5c9b\u65af\u7ef4\u767b\u5ea6\u5047\u516c\u5bd3(\u90ae\u8f6e\u6bcd\u6e2f\u5e97)", "order_time": ["2019-01-17 11:30:05"], "total_order": 1, "hotel_value": ["4.7"], "hotel_price": ["124"]}, "6284231": {"hotel_name": "\u9752\u5c9b\u745e\u5947\u6d77\u666f\u5ea6\u5047\u516c\u5bd3\u4e2d\u8054\u81ea\u7531\u6e2f\u6e7e\u5e97", "order_time": ["2019-01-17 11:30:06"], "total_order": 1, "hotel_value": ["4.7"], "hotel_price": ["74"]}, "2703503": {"hotel_name": "\u5c1a\u5ba2\u4f18\u5feb\u6377\u9152\u5e97(\u5373\u58a8\u73af\u79c0\u5e97)", "order_time": ["2019-01-17 11:30:06"], "total_order": 1, "hotel_value": ["3.8"], "hotel_price": ["109"]}, "1255468": {"hotel_name": "\u6c49\u5ead\u9152\u5e97\uff08\u9752\u5c9b\u6d77\u5c14\u5de5\u4e1a\u56ed\u5730\u94c1\u5927\u53a6\u7ad9\u5e97\uff09\uff08\u539f\u6d77\u5c14\u5de5\u4e1a\u56ed\u5e97\uff09", "order_time": ["2019-01-17 11:30:07"], "total_order": 1, "hotel_value": ["4.3"], "hotel_price": ["189"]}, "513254": {"hotel_name": "\u9752\u5c9b\u671b\u6d77\u56fd\u9645\u9152\u5e97", "order_time": ["2019-01-17 11:30:10"], "total_order": 1, "hotel_value": ["4.9"], "hotel_price": ["389"]}, "1360631": {"hotel_name": "\u5c1a\u5ba2\u4f18\u5feb\u6377\u9152\u5e97(\u9752\u5c9b\u5965\u5e06\u4e2d\u5fc3\u5e97)", "order_time": ["2019-01-17 11:30:11"], "total_order": 1, "hotel_value": ["4.0"], "hotel_price": ["85"]}, "17513505": {"hotel_name": "\u5982\u5bb6\u5feb\u6377\u9152\u5e97(\u9752\u5c9b\u4e2d\u592e\u5546\u52a1\u533a\u9547\u6c5f\u5317\u8def\u5e97)", "order_time": ["2019-01-17 11:30:12"], "total_order": 1, "hotel_value": ["4.6"], "hotel_price": ["152"]}, "4677001": {"hotel_name": "\u9752\u5c9b\u5357\u65b9\u6d77\u5cb8\u5ea6\u5047\u9152\u5e97", "order_time": ["2019-01-17 11:30:13"], "total_order": 1, "hotel_value": ["4.6"], "hotel_price": ["82"]}, "1372825": {"hotel_name": "\u5982\u5bb6\u5feb\u6377\u9152\u5e97(\u9752\u5c9b\u674e\u6ca7\u4e5d\u6c34\u8def\u4e07\u8fbe\u5e7f\u573a\u5e97)", "order_time": ["2019-01-17 11:30:14"], "total_order": 1, "hotel_value": ["4.5"], "hotel_price": ["133"]}, "6508376": {"hotel_name": "\u6155\u820d\u00b7\u8d1d\u683c\u9152\u5e97\u516c\u5bd3(\u9752\u5c9b\u4e07\u8c61\u57ce\u5965\u5e06\u4e94\u56db\u5e7f\u573a\u5e97)", "order_time": ["2019-01-17 11:30:16"], "total_order": 1, "hotel_value": ["4.9"], "hotel_price": ["278"]}, "5085596": {"hotel_name": "\u9526\u6c5f\u4e4b\u661f(\u9752\u5c9b\u6ca7\u53e3\u516c\u56ed\u5e97)", "order_time": ["2019-01-17 11:30:19"], "total_order": 1, "hotel_value": ["4.7"], "hotel_price": ["149"]}, "5981012": {"hotel_name": "\u81ea\u7531\u884c\u56fd\u9645\u9752\u5e74\u65c5\u820d(\u9752\u5c9b\u5288\u67f4\u9662\u5e97)", "order_time": ["2019-01-17 11:30:28"], "total_order": 1, "hotel_value": ["4.5"], "hotel_price": ["5"]}, "791367": {"hotel_name": "\u9752\u5c9b\u8bc1\u5927\u559c\u739b\u62c9\u96c5\u9152\u5e97", "order_time": ["2019-01-17 11:50:47", "2019-01-17 11:41:35", "2019-01-17 11:30:28"], "total_order": 3, "hotel_value": ["4.6", "4.6", "4.6"], "hotel_price": ["636", "636", "636"]}, "6532672": {"hotel_name": "\u9752\u5c9b\u5373\u58a8\u6d77\u666f\u82b1\u82d1\u5927\u9152\u5e97", "order_time": ["2019-01-17 11:32:27"], "total_order": 1, "hotel_value": ["4.8"], "hotel_price": ["489"]}, "436457": {"hotel_name": "\u9752\u5c9b\u6cdb\u6d77\u540d\u4eba\u9152\u5e97", "order_time": ["2019-01-17 11:32:30"], "total_order": 1, "hotel_value": ["4.4"], "hotel_price": ["318"]}, "3268419": {"hotel_name": "\u57df\u9152\u5e97(\u9752\u5c9b\u519c\u4e1a\u5927\u5b66\u5e97)", "order_time": ["2019-01-17 11:32:30"], "total_order": 1, "hotel_value": ["4.6"], "hotel_price": ["252"]}, "427955": {"hotel_name": "\u5982\u5bb6\u5feb\u6377\u9152\u5e97(\u9752\u5c9b\u53f0\u4e1c\u6b65\u884c\u8857\u5e97)", "order_time": ["2019-01-17 11:32:30"], "total_order": 1, "hotel_value": ["4.5"], "hotel_price": ["104"]}, "689242": {"hotel_name": "\u84dd\u6d77\u5927\u996d\u5e97(\u9752\u5c9b\u9ec4\u5c9b\u5e97)", "order_time": ["2019-01-17 12:08:55", "2019-01-17 11:32:31"], "total_order": 2, "hotel_value": ["4.6", "4.6"], "hotel_price": ["298", "340"]}, "780008": {"hotel_name": "\u7b51\u7f8e\u5370\u8c61\u9152\u5e97\u516c\u5bd3(\u9752\u5c9b\u4e94\u56db\u5e7f\u573a\u9999\u6e2f\u4e2d\u8def\u5e97)", "order_time": ["2019-01-17 11:32:32"], "total_order": 1, "hotel_value": ["4.5"], "hotel_price": ["154"]}, "17097238": {"hotel_name": "\u9752\u5c9b\u798f\u745e\u767b\u9152\u5e97", "order_time": ["2019-01-17 11:32:32"], "total_order": 1, "hotel_value": ["4.5"], "hotel_price": ["84"]}, "700260": {"hotel_name": "\u9752\u5c9b\u9038\u4e91\u7cbe\u54c1\u9152\u5e97", "order_time": ["2019-01-17 11:32:33"], "total_order": 1, "hotel_value": ["4.5"], "hotel_price": ["149"]}, "8575772": {"hotel_name": "\u9752\u5c9b\u51ef\u83b1\u667a\u6167\u9152\u5e97", "order_time": ["2019-01-17 11:32:36"], "total_order": 1, "hotel_value": ["4.6"], "hotel_price": ["187"]}, "700933": {"hotel_name": "678\u9152\u5e97(\u9752\u5c9b\u519c\u5927\u4e3b\u9898\u7cbe\u54c1\u5e97)", "order_time": ["2019-01-17 11:32:38"], "total_order": 1, "hotel_value": ["4.6"], "hotel_price": ["99"]}, "27854182": {"hotel_name": "\u9752\u5c9b\u552f\u60a6\u7cbe\u54c1\u516c\u5bd3", "order_time": ["2019-01-17 11:32:40"], "total_order": 1, "hotel_value": ["5.0"], "hotel_price": ["78"]}, "2301117": {"hotel_name": "\u9752\u5c9b\u7ea2\u4e09\u6c5f\u5546\u52a1\u5bbe\u9986", "order_time": ["2019-01-17 11:32:43"], "total_order": 1, "hotel_value": ["4.5"], "hotel_price": ["107"]}, "5994225": {"hotel_name": "7\u5929\u8fde\u9501\u9152\u5e97(\u9752\u5c9b\u6808\u6865\u4e2d\u5c71\u8def\u5e97)(\u539f\u6cf0\u9526\u5546\u52a1\u9152\u5e97)", "order_time": ["2019-01-17 11:32:43"], "total_order": 1, "hotel_value": ["4.3"], "hotel_price": ["89"]}, "8415426": {"hotel_name": "\u56db\u5b63\u7cbe\u9009\u9152\u5e97(\u9752\u5c9b\u6d41\u4ead\u673a\u573a\u5e97)", "order_time": ["2019-01-17 11:34:53", "2019-01-17 11:55:31"], "total_order": 2, "hotel_value": ["4.6", "4.6"], "hotel_price": ["208", "208"]}, "994152": {"hotel_name": "\u5982\u5bb6\u5feb\u6377\u9152\u5e97(\u9752\u5c9b\u9ed1\u9f99\u6c5f\u4e2d\u8def\u5d02\u5c71\u9ad8\u79d1\u6280\u56ed\u5e97)(\u539f\u6d77\u5c14\u5de5\u4e1a\u56ed\u9ed1\u9f99\u6c5f\u4e2d\u8def\u5e97)", "order_time": ["2019-01-17 11:34:54"], "total_order": 1, "hotel_value": ["4.5"], "hotel_price": ["112"]}, "5214763": {"hotel_name": "\u9752\u5c9b\u65af\u7ef4\u767b\u5ea6\u5047\u516c\u5bd3(\u5965\u5e06\u4e94\u56db\u5e7f\u573a\u4e07\u8c61\u57ce)", "order_time": ["2019-01-17 11:34:55"], "total_order": 1, "hotel_value": ["4.8"], "hotel_price": ["267"]}, "483417": {"hotel_name": "\u9752\u5c9b\u6d77\u90fd\u5927\u9152\u5e97", "order_time": ["2019-01-17 11:34:55"], "total_order": 1, "hotel_value": ["4.6"], "hotel_price": ["306"]}, "2101673": {"hotel_name": "\u9752\u5c9b\u53f0\u4e1c\u5927\u9152\u5e97", "order_time": ["2019-01-17 11:34:56"], "total_order": 1, "hotel_value": ["4.3"], "hotel_price": ["70"]}, "4640468": {"hotel_name": "\u6b27\u5723\u5170\u5ef7\u5ea6\u5047\u516c\u5bd3(\u9752\u5c9b\u4e07\u8fbe\u4e1c\u65b9\u5f71\u90fd\u5e97)", "order_time": ["2019-01-17 11:34:56"], "total_order": 1, "hotel_value": ["4.5"], "hotel_price": ["88"]}, "5215569": {"hotel_name": "\u9752\u5c9b\u5370\u8c61\u9152\u5e97", "order_time": ["2019-01-17 11:34:58"], "total_order": 1, "hotel_value": ["4.5"], "hotel_price": ["243"]}, "1070621": {"hotel_name": "\u9752\u5c9b\u5b9c\u5bb699\u8fde\u9501\u5bbe\u9986", "order_time": ["2019-01-17 11:35:02"], "total_order": 1, "hotel_value": ["4.3"], "hotel_price": ["79"]}, "1708181": {"hotel_name": "\u9752\u5c9b\u98ce\u5c1a\u00b7\u56db\u5b63\u5047\u65e5\u9152\u5e97(\u674e\u6751\u6b65\u884c\u8857\u5965\u514b\u65af\u5e7f\u573a\u5e97)", "order_time": ["2019-01-17 11:35:02"], "total_order": 1, "hotel_value": ["4.3"], "hotel_price": ["79"]}, "1371788": {"hotel_name": "\u6854\u5b50\u00b7\u6c34\u6676\u9152\u5e97(\u9752\u5c9b\u4e94\u56db\u5e7f\u573a\u6d77\u666f\u5e97)", "order_time": ["2019-01-17 11:35:08"], "total_order": 1, "hotel_value": ["4.7"], "hotel_price": ["379"]}, "24608663": {"hotel_name": "\u9752\u5c9b\u4ece\u90a3\u4ee5\u540e\u9752\u5e74\u65c5\u793e", "order_time": ["2019-01-17 12:28:27", "2019-01-17 11:35:27"], "total_order": 2, "hotel_value": ["5.0", "5.0"], "hotel_price": ["33", "33"]}, "2226029": {"hotel_name": "\u83b1\u897f\u5353\u6797\u5546\u52a1\u5bbe\u9986", "order_time": ["2019-01-17 11:35:59"], "total_order": 1, "hotel_value": ["3.9"], "hotel_price": ["80"]}, "6173744": {"hotel_name": "\u5e73\u5ea6\u534e\u73ba\u5927\u9152\u5e97", "order_time": ["2019-01-17 11:36:07"], "total_order": 1, "hotel_value": ["4.7"], "hotel_price": ["358"]}, "6067521": {"hotel_name": "Q\u52a0\u00b7\u5fae\u5bb6\u9152\u5e97\u516c\u5bd3(\u9752\u5c9b\u4e94\u56db\u5e7f\u573a\u5e97)", "order_time": ["2019-01-17 11:37:08"], "total_order": 1, "hotel_value": ["4.8"], "hotel_price": ["439"]}, "6825957": {"hotel_name": "\u9752\u5c9b\u7ef4\u591a\u5229\u4e9a\u54c1\u5982\u5bb6\u56ed\u9152\u5e97\u5f0f\u516c\u5bd3", "order_time": ["2019-01-17 11:59:58", "2019-01-17 11:48:25", "2019-01-17 11:37:10"], "total_order": 3, "hotel_value": ["4.3", "4.3", "4.3"], "hotel_price": ["124", "124", "124"]}, "995168": {"hotel_name": "\u94f6\u5ea7\u4f73\u9a7f\u9152\u5e97(\u5373\u58a8\u9e64\u5c71\u8def\u4f73\u4e50\u5bb6\u4e8c\u5e97)", "order_time": ["2019-01-17 11:37:12"], "total_order": 1, "hotel_value": ["4.4"], "hotel_price": ["81"]}, "2506339": {"hotel_name": "\u62dc\u767b\u516c\u5bd3\u00b7\u9752\u5c9b\u5d02\u5c71\u9e4f\u5229\u5357\u534e\u5e97", "order_time": ["2019-01-17 11:37:12"], "total_order": 1, "hotel_value": ["4.5"], "hotel_price": ["141"]}, "1730402": {"hotel_name": "\u62dc\u767b\u516c\u5bd3\u00b7\u9752\u5c9b\u4e95\u5188\u5c71\u8def\u5e97", "order_time": ["2019-01-17 11:37:14"], "total_order": 1, "hotel_value": ["4.7"], "hotel_price": ["104"]}, "1287621": {"hotel_name": "\u6e2f\u6e7e\u5370\u8c61\u8fde\u9501\u9152\u5e97(\u9752\u5c9b\u674e\u6751\u541b\u5cf0\u8def\u5730\u94c1\u7ad9\u5e97) ", "order_time": ["2019-01-17 11:37:15", "2019-01-17 11:48:29"], "total_order": 2, "hotel_value": ["3.9", "3.9"], "hotel_price": ["78", "78"]}, "24534611": {"hotel_name": "\u9752\u5c9b\u9014\u97f5\u96c5\u7b51\u6d77\u666f\u5ea6\u5047\u516c\u5bd3", "order_time": ["2019-01-17 11:37:15"], "total_order": 1, "hotel_value": ["4.9"], "hotel_price": ["203"]}, "430419": {"hotel_name": "\u9752\u5c9b\u4e2d\u5fc3\u5047\u65e5\u9152\u5e97", "order_time": ["2019-01-17 11:37:17"], "total_order": 1, "hotel_value": ["4.7"], "hotel_price": ["524"]}, "772111": {"hotel_name": "\u9752\u5c9b\u5a01\u65af\u6c40\u9152\u5e97", "order_time": ["2019-01-17 11:38:08", "2019-01-17 11:52:17"], "total_order": 2, "hotel_value": ["4.6", "4.6"], "hotel_price": ["711", "711"]}, "5075928": {"hotel_name": "\u5e73\u5ea6\u4e1c\u83b1\u5927\u9152\u5e97", "order_time": ["2019-01-17 11:38:16"], "total_order": 1, "hotel_value": ["4.6"], "hotel_price": ["193"]}, "2045313": {"hotel_name": "\u5c1a\u5ba2\u4f18\u5feb\u6377\u9152\u5e97(\u5e73\u5ea6\u4eba\u6c11\u8def\u5e97)", "order_time": ["2019-01-17 11:38:18"], "total_order": 1, "hotel_value": ["4.3"], "hotel_price": ["111"]}, "427962": {"hotel_name": "\u5b89\u6f9c\u5bbe\u820d\u9152\u5e97(\u9752\u5c9b\u4e1c\u6d77\u4e2d\u8def\u6d77\u6ee8\u5e97)(\u539f\u5965\u5e06\u4e2d\u5fc3\u6781\u5730\u6d77\u6d0b\u4e16\u754c\u5e97)", "order_time": ["2019-01-17 11:39:20"], "total_order": 1, "hotel_value": ["4.3"], "hotel_price": ["89"]}, "1426280": {"hotel_name": "\u91d1\u6d77\u7ea2\u5b87\u5bbe\u9986(\u9752\u5c9b\u706b\u8f66\u7ad9\u897f\u5e7f\u573a\u5e97)", "order_time": ["2019-01-17 11:39:20", "2019-01-17 11:48:26"], "total_order": 2, "hotel_value": ["4.6", "4.6"], "hotel_price": ["109", "109"]}, "2970475": {"hotel_name": "\u5c1a\u5ba2\u4f18\u7cbe\u9009\u9152\u5e97(\u9752\u5c9b\u5c71\u4e1c\u79d1\u6280\u5927\u5b66\u5e97)", "order_time": ["2019-01-17 11:39:25"], "total_order": 1, "hotel_value": ["4.5"], "hotel_price": ["98"]}, "1605345": {"hotel_name": "\u4e2d\u592e\u5546\u52a1\u996d\u5e97(\u9752\u5c9b\u5c71\u4e1c\u8def\u5e02\u5317\u533a\u653f\u5e9c\u5e97)", "order_time": ["2019-01-17 11:39:29"], "total_order": 1, "hotel_value": ["4.0"], "hotel_price": ["95"]}, "21826038": {"hotel_name": "\u9752\u5c9b\u6c49\u5353\u9152\u5e97", "order_time": ["2019-01-17 11:39:31", "2019-01-17 12:17:38", "2019-01-17 12:21:58"], "total_order": 3, "hotel_value": ["4.7", "4.7", "4.7"], "hotel_price": ["424", "424", "424"]}, "669110": {"hotel_name": "\u9752\u5c9b\u5e7f\u4e1a\u9526\u6c5f\u5927\u9152\u5e97", "order_time": ["2019-01-17 11:55:22", "2019-01-17 11:39:31"], "total_order": 2, "hotel_value": ["4.6", "4.6"], "hotel_price": ["384", "384"]}, "1963901": {"hotel_name": "\u6b27\u5723\u5170\u5ef7\u5ea6\u5047\u516c\u5bd3(\u9752\u5c9b\u5510\u5c9b\u6e7e\u5e97)", "order_time": ["2019-01-17 11:39:32"], "total_order": 1, "hotel_value": ["4.6"], "hotel_price": ["145"]}, "428039": {"hotel_name": "\u548c\u7f8e\u5bb6\u9152\u5e97(\u9752\u5c9b\u9999\u6e2f\u4e1c\u8def\u9752\u5c9b\u5927\u5b66\u6781\u5730\u6d77\u6d0b\u4e16\u754c\u5e97)", "order_time": ["2019-01-17 11:39:33"], "total_order": 1, "hotel_value": ["4.2"], "hotel_price": ["78"]}, "19846790": {"hotel_name": "\u7b51\u7f8e\u5370\u8c61\u9152\u5e97\u5f0f\u516c\u5bd3(\u9752\u5c9b\u53f0\u4e1c\u6b65\u884c\u8857\u5e97)", "order_time": ["2019-01-17 11:39:33"], "total_order": 1, "hotel_value": ["4.7"], "hotel_price": ["99"]}, "454906": {"hotel_name": "\u9752\u5c9b\u7d22\u83f2\u4e9a\u56fd\u9645\u5927\u9152\u5e97", "order_time": ["2019-01-17 11:39:35"], "total_order": 1, "hotel_value": ["4.6"], "hotel_price": ["400"]}, "2303687": {"hotel_name": "\u9752\u5c9b\u6c34\u4e2d\u592e\u5546\u52a1\u5bbe\u9986", "order_time": ["2019-01-17 11:39:38"], "total_order": 1, "hotel_value": ["4.3"], "hotel_price": ["113"]}, "6577116": {"hotel_name": "\u9752\u5c9b\u60a6\u6f9c\u9152\u5e97\u516c\u5bd3(\u4e94\u56db\u5e7f\u573a\u4e2d\u94c1\u4e2d\u5fc3\u5e97)", "order_time": ["2019-01-17 11:41:34"], "total_order": 1, "hotel_value": ["4.8"], "hotel_price": ["279"]}, "779894": {"hotel_name": "\u9526\u6c5f\u4e4b\u661f(\u9752\u5c9b\u4e2d\u5c71\u8def\u5e97)", "order_time": ["2019-01-17 11:41:36"], "total_order": 1, "hotel_value": ["4.5"], "hotel_price": ["149"]}, "8394909": {"hotel_name": "\u5343\u591c\u5ea6\u5047\u516c\u5bd3(\u9752\u5c9b\u6d41\u4ead\u673a\u573a\u5e97)", "order_time": ["2019-01-17 11:41:38"], "total_order": 1, "hotel_value": ["4.5"], "hotel_price": ["134"]}, "1607190": {"hotel_name": "\u9752\u5c9b\u6c14\u8c61\u5ea6\u5047\u6751", "order_time": ["2019-01-17 11:41:38"], "total_order": 1, "hotel_value": ["4.2"], "hotel_price": ["228"]}, "8194448": {"hotel_name": "\u65af\u7ef4\u767b\u5ea6\u5047\u516c\u5bd3(\u9752\u5c9b\u4e07\u8fbe\u4e1c\u65b9\u5f71\u90fd\u5e97)", "order_time": ["2019-01-17 11:41:39"], "total_order": 1, "hotel_value": ["4.7"], "hotel_price": ["120"]}, "939341": {"hotel_name": "\u9752\u5c9b\u81f4\u8fdc\u697c\u5bbe\u9986", "order_time": ["2019-01-17 11:41:40"], "total_order": 1, "hotel_value": ["4.5"], "hotel_price": ["194"]}, "21122269": {"hotel_name": "\u9752\u5c9b\u84dd\u6735\u6d77\u666f\u5047\u65e5\u516c\u5bd3", "order_time": ["2019-01-17 11:41:43"], "total_order": 1, "hotel_value": ["4.9"], "hotel_price": ["793"]}, "438731": {"hotel_name": "\u4e2d\u822a\u7fd4\u901a\u6e38\u8247\u4f1a\u9152\u5e97(\u9752\u5c9b\u5965\u5e06\u4e2d\u5fc3\u4e94\u56db\u5e7f\u573a\u5e97)", "order_time": ["2019-01-17 12:08:50", "2019-01-17 11:41:43"], "total_order": 2, "hotel_value": ["4.8", "4.8"], "hotel_price": ["321", "328"]}, "1677774": {"hotel_name": "\u9752\u5c9b\u99a8\u60a6\u8f69\u5ea6\u5047\u516c\u5bd3", "order_time": ["2019-01-17 11:41:44"], "total_order": 1, "hotel_value": ["4.6"], "hotel_price": ["87"]}, "535990": {"hotel_name": "\u9752\u5c9b\u8fdc\u6d0b\u5927\u9152\u5e97", "order_time": ["2019-01-17 11:41:45"], "total_order": 1, "hotel_value": ["4.6"], "hotel_price": ["332"]}, "1600748": {"hotel_name": "\u9752\u5c9b\u5929\u6cf0\u7f8e\u5bb6\u516c\u5bd3\u9152\u5e97", "order_time": ["2019-01-17 11:41:45"], "total_order": 1, "hotel_value": ["4.6"], "hotel_price": ["123"]}, "1355492": {"hotel_name": "\u9752\u5c9b\u4e9a\u6d77\u5927\u9152\u5e97", "order_time": ["2019-01-17 11:41:45"], "total_order": 1, "hotel_value": ["4.0"], "hotel_price": ["212"]}, "1373267": {"hotel_name": "\u5982\u5bb6\u5feb\u6377\u9152\u5e97(\u9752\u5c9b\u674e\u6751\u5730\u94c1\u7ad9\u6b65\u884c\u8857\u5e97)", "order_time": ["2019-01-17 11:43:54"], "total_order": 1, "hotel_value": ["4.6"], "hotel_price": ["109"]}, "1344272": {"hotel_name": "\u9752\u5c9b\u6d77\u8fb9\u4e4b\u5bb6\u5ea6\u5047\u516c\u5bd3", "order_time": ["2019-01-17 11:44:00"], "total_order": 1, "hotel_value": ["4.9"], "hotel_price": ["85"]}, "28033339": {"hotel_name": "\u5609\u83f2\u516c\u5bd3(\u9752\u5c9b\u543e\u60a6\u5e7f\u573a\u5e97)", "order_time": ["2019-01-17 11:44:06"], "total_order": 1, "hotel_value": ["4.6"], "hotel_price": ["71"]}, "659834": {"hotel_name": "\u9e97\u67ab\u9152\u5e97(\u9752\u5c9b\u5317\u7ad9\u56db\u6d41\u5357\u8def\u5e97)(\u539f\u5357\u6d0b\u5927\u9152\u5e97\u9752\u5c9b\u957f\u6c99\u8def\u5e97)", "order_time": ["2019-01-17 11:45:02"], "total_order": 1, "hotel_value": ["4.7"], "hotel_price": ["259"]}, "706650": {"hotel_name": "\u5b9c\u5fc5\u601d\u9152\u5e97(\u9752\u5c9b\u57ce\u9633\u6b63\u9633\u8def\u5e97)", "order_time": ["2019-01-17 12:08:46", "2019-01-17 11:46:08"], "total_order": 2, "hotel_value": ["4.6", "4.6"], "hotel_price": ["257", "257"]}, "4960015": {"hotel_name": "\u9526\u6c5f\u4e4b\u661f\u54c1\u5c1a(\u9752\u5c9b\u56fd\u9645\u4f1a\u5c55\u4e2d\u5fc3\u82d7\u5cad\u8def\u5e97)", "order_time": ["2019-01-17 11:46:08"], "total_order": 1, "hotel_value": ["4.5"], "hotel_price": ["149"]}, "5247964": {"hotel_name": "\u5c1a\u5ba2\u4f18\u5feb\u6377\u9152\u5e97(\u9752\u5c9b\u5f00\u53d1\u533a\u5bb6\u4f73\u6e90\u5e97)", "order_time": ["2019-01-17 11:46:09"], "total_order": 1, "hotel_value": ["3.9"], "hotel_price": ["59"]}, "16203907": {"hotel_name": "\u67ab\u53f6\u9152\u5e97\u5f0f\u516c\u5bd3(\u9752\u5c9b\u77f3\u6cb9\u5927\u5b66\u543e\u60a6\u5e7f\u573a\u5e97)", "order_time": ["2019-01-17 11:46:10", "2019-01-17 12:15:12", "2019-01-17 12:21:47"], "total_order": 3, "hotel_value": ["4.8", "4.8", "4.8"], "hotel_price": ["70", "70", "70"]}, "19615245": {"hotel_name": "\u66e6\u9014\u89c2\u6f9c\u6d77\u666f\u5ea6\u5047\u522b\u5885(\u9752\u5c9b\u5965\u5e06\u4e94\u56db\u5e7f\u573a\u5e97)", "order_time": ["2019-01-17 11:46:12"], "total_order": 1, "hotel_value": ["4.9"], "hotel_price": ["246"]}, "853604": {"hotel_name": "\u5982\u5bb6\u5feb\u6377\u9152\u5e97(\u9752\u5c9b\u56db\u6d41\u5357\u8def\u5e97)", "order_time": ["2019-01-17 11:46:12", "2019-01-17 12:13:04"], "total_order": 2, "hotel_value": ["4.4", "4.4"], "hotel_price": ["120", "120"]}, "8576086": {"hotel_name": "\u5c1a\u5ba2\u4f18\u54c1\u9152\u5e97(\u9752\u5c9bLIPPO\u516c\u793e\u77f3\u6cb9\u5927\u5b66\u5e97)(\u539fLIPPO\u516c\u793e\u7cbe\u54c1\u516c\u5bd3)", "order_time": ["2019-01-17 11:46:15"], "total_order": 1, "hotel_value": ["4.8"], "hotel_price": ["105"]}, "2284306": {"hotel_name": "\u9752\u5c9bHOMEJOYE\u9152\u5e97\u516c\u5bd3", "order_time": ["2019-01-17 11:46:16"], "total_order": 1, "hotel_value": ["4.8"], "hotel_price": ["456"]}, "1165332": {"hotel_name": "\u96c5\u60a6\u7cbe\u81f4\u9152\u5e97(\u9752\u5c9b\u53f0\u4e1c\u5564\u9152\u8857\u5e97)", "order_time": ["2019-01-17 11:46:17", "2019-01-17 12:15:12"], "total_order": 2, "hotel_value": ["4.3", "4.3"], "hotel_price": ["83", "83"]}, "28761837": {"hotel_name": "\u9752\u5c9b\u9c81\u8bfaR\u9152\u5e97", "order_time": ["2019-01-17 11:46:18"], "total_order": 1, "hotel_value": [0], "hotel_price": ["339"]}, "772231": {"hotel_name": "\u9752\u5c9b\u4e2d\u9526\u5047\u65e5\u9152\u5e97", "order_time": ["2019-01-17 12:02:16", "2019-01-17 11:46:18"], "total_order": 2, "hotel_value": ["4.2", "4.2"], "hotel_price": ["84", "84"]}, "2156027": {"hotel_name": "\u6d77\u53cb\u9152\u5e97(\u9752\u5c9b\u676d\u5dde\u8def\u5e97)", "order_time": ["2019-01-17 11:46:20"], "total_order": 1, "hotel_value": ["4.3"], "hotel_price": ["85"]}, "1179853": {"hotel_name": "\u9752\u5c9b\u4e1c\u6d77\u6e7e\u7cbe\u54c1\u5bbe\u9986", "order_time": ["2019-01-17 11:46:39"], "total_order": 1, "hotel_value": ["3.4"], "hotel_price": ["78"]}, "2163220": {"hotel_name": "\u83b1\u897f\u516c\u8def\u5546\u52a1\u9152\u5e97", "order_time": ["2019-01-17 11:47:18"], "total_order": 1, "hotel_value": ["4.2"], "hotel_price": ["69"]}, "22673546": {"hotel_name": "\u9752\u5c9b\u65af\u7ef4\u767b\u5ea6\u5047\u516c\u5bd3(\u57ce\u9633\u533a\u653f\u5e9c)", "order_time": ["2019-01-17 11:48:22"], "total_order": 1, "hotel_value": ["4.8"], "hotel_price": ["129"]}, "2258446": {"hotel_name": "\u5982\u5bb6\u5feb\u6377\u9152\u5e97(\u9752\u5c9b\u6808\u6865\u4eba\u6c11\u4f1a\u5802\u5730\u94c1\u7ad9\u9f99\u53e3\u8def\u5e97)", "order_time": ["2019-01-17 12:21:46", "2019-01-17 11:48:22"], "total_order": 2, "hotel_value": ["4.4", "4.4"], "hotel_price": ["110", "110"]}, "17182438": {"hotel_name": "\u4e16\u60a6\u8f7b\u5962\u5ea6\u5047\u516c\u5bd3(\u9752\u5c9b\u9999\u6e2f\u4e2d\u8def\u4e3d\u6676\u5fa1\u7b51\u5e97)", "order_time": ["2019-01-17 11:48:22"], "total_order": 1, "hotel_value": ["4.6"], "hotel_price": ["138"]}, "450923": {"hotel_name": "\u9752\u5c9b\u4e16\u7eaa\u6d77\u4e30\u5927\u9152\u5e97", "order_time": ["2019-01-17 11:48:25"], "total_order": 1, "hotel_value": ["4.7"], "hotel_price": ["230"]}, "428592": {"hotel_name": "\u9752\u5c9b\u9c81\u5546\u51ef\u60a6\u9152\u5e97", "order_time": ["2019-01-17 11:48:26"], "total_order": 1, "hotel_value": ["4.6"], "hotel_price": ["748"]}, "470042": {"hotel_name": "\u6c49\u5ead\u9152\u5e97(\u9752\u5c9b\u5c71\u4e1c\u8def\u4e07\u8fbe\u5e97)", "order_time": ["2019-01-17 11:48:26", "2019-01-17 11:55:24"], "total_order": 2, "hotel_value": ["4.6", "4.6"], "hotel_price": ["180", "180"]}, "427936": {"hotel_name": "\u5982\u5bb6\u5feb\u6377\u9152\u5e97(\u9752\u5c9b\u6d77\u5c14\u8def\u4f1a\u5c55\u4e2d\u5fc3\u6d77\u6c34\u6d74\u573a\u5e97)", "order_time": ["2019-01-17 11:48:27"], "total_order": 1, "hotel_value": ["4.4"], "hotel_price": ["142"]}, "1778602": {"hotel_name": "\u521b\u610f\u65f6\u5c1a\u8fde\u9501\u9152\u5e97(\u9752\u5c9b\u4e07\u4f73\u5e7f\u573a\u5e97)", "order_time": ["2019-01-17 11:48:27"], "total_order": 1, "hotel_value": ["4.5"], "hotel_price": ["78"]}, "2305447": {"hotel_name": "\u9526\u6c5f\u4e4b\u661f(\u9752\u5c9b\u91cd\u5e86\u5357\u8def\u9ea6\u5fb7\u9f99\u5e97)", "order_time": ["2019-01-17 11:48:28"], "total_order": 1, "hotel_value": ["4.6"], "hotel_price": ["149"]}, "794951": {"hotel_name": "\u9752\u5c9b\u673a\u573a\u53cb\u4fe1\u822a\u7a7a\u516c\u5bd3", "order_time": ["2019-01-17 11:48:29"], "total_order": 1, "hotel_value": ["4.0"], "hotel_price": ["124"]}, "5482123": {"hotel_name": "\u9752\u5c9b\u94f6\u6cb3\u5047\u65e5\u9152\u5e97", "order_time": ["2019-01-17 11:48:29"], "total_order": 1, "hotel_value": ["4.7"], "hotel_price": ["163"]}, "995182": {"hotel_name": "\u94f6\u5ea7\u4f73\u9a7f\u9152\u5e97(\u9752\u5c9b\u4e94\u53f0\u5c71\u8def\u4fdd\u7a0e\u533a\u5e97)", "order_time": ["2019-01-17 11:48:33"], "total_order": 1, "hotel_value": ["4.5"], "hotel_price": ["128"]}, "1870250": {"hotel_name": "\u5c1a\u5ba2\u4f18\u5feb\u6377\u9152\u5e97(\u9752\u5c9b\u53f0\u4e1c\u5546\u4e1a\u56ed\u5e97)(\u539f\u5ef6\u5b89\u4e09\u8def\u5e97)", "order_time": ["2019-01-17 11:48:36"], "total_order": 1, "hotel_value": ["3.8"], "hotel_price": ["79"]}, "7369044": {"hotel_name": "\u9752\u5c9b\u767e\u8bfa\u6d77\u6d0b\u516c\u5bd3", "order_time": ["2019-01-17 11:48:47"], "total_order": 1, "hotel_value": ["4.7"], "hotel_price": ["84"]}, "994247": {"hotel_name": "\u5982\u5bb6\u5feb\u6377\u9152\u5e97(\u5e73\u5ea6\u9752\u5c9b\u8def\u5e97)", "order_time": ["2019-01-17 11:50:02"], "total_order": 1, "hotel_value": ["4.5"], "hotel_price": ["119"]}, "19616266": {"hotel_name": "\u66e6\u9014\u672a\u6765\u6d77\u666f\u5ea6\u5047\u516c\u5bd3(\u9752\u5c9b\u4f1a\u5c55\u4e2d\u5fc3\u77f3\u8001\u4eba\u6d77\u6c34\u6d74\u573a\u5e97)", "order_time": ["2019-01-17 11:50:45"], "total_order": 1, "hotel_value": ["4.8"], "hotel_price": ["209"]}, "1209773": {"hotel_name": "\u9752\u5c9b\u71d5\u5c9b\u4e4b\u661f\u5047\u65e5\u516c\u5bd3", "order_time": ["2019-01-17 11:50:48"], "total_order": 1, "hotel_value": ["4.5"], "hotel_price": ["74"]}, "7316689": {"hotel_name": "\u9752\u5c9b\u661f\u9a7f\u8fde\u9501\u9152\u5e97", "order_time": ["2019-01-17 11:50:49"], "total_order": 1, "hotel_value": ["4.8"], "hotel_price": ["69"]}, "27711969": {"hotel_name": "\u9752\u5c9b\u9ed1\u9f99\u6c5f\u4e2d\u8def\u4e9a\u6735\u9152\u5e97", "order_time": ["2019-01-17 11:50:50"], "total_order": 1, "hotel_value": ["4.9"], "hotel_price": ["288"]}, "2620136": {"hotel_name": "7\u5929\u8fde\u9501\u9152\u5e97(\u9752\u5c9b\u674e\u6ca7\u4e07\u8fbe\u5e7f\u573a\u5e97)", "order_time": ["2019-01-17 11:50:52"], "total_order": 1, "hotel_value": ["4.5"], "hotel_price": ["119"]}, "21330990": {"hotel_name": "\u6cca\u5c45\u7cbe\u6808(\u9752\u5c9b\u9999\u6e2f\u4e2d\u8def\u4e94\u56db\u5e7f\u573a\u5e97)", "order_time": ["2019-01-17 11:50:52"], "total_order": 1, "hotel_value": ["4.3"], "hotel_price": ["165"]}, "1103115": {"hotel_name": "\u6c49\u5ead\u9152\u5e97(\u5e73\u5ea6\u9752\u5c9b\u8def\u5e97)", "order_time": ["2019-01-17 11:52:18"], "total_order": 1, "hotel_value": ["4.2"], "hotel_price": ["109"]}, "1549218": {"hotel_name": "\u9752\u5c9b\u946b\u9f99\u5047\u65e5\u516c\u5bd3\u9152\u5e97(\u9752\u804c/\u6ee8\u6d77\u5b66\u9662\u5e97)", "order_time": ["2019-01-17 11:53:03"], "total_order": 1, "hotel_value": ["4.7"], "hotel_price": ["156"]}, "17588770": {"hotel_name": "\u9752\u5c9b\u541b\u534e\u5609\u60e0\u9152\u5e97", "order_time": ["2019-01-17 11:53:06"], "total_order": 1, "hotel_value": ["4.7"], "hotel_price": ["179"]}, "18515525": {"hotel_name": "\u534a\u5c9b\u56fd\u9645\u9152\u5e97(\u9752\u5c9b\u674e\u6751\u5730\u94c1\u7ad9\u5e97)", "order_time": ["2019-01-17 11:53:08", "2019-01-17 12:02:11"], "total_order": 2, "hotel_value": ["4.5", "4.5"], "hotel_price": ["184", "184"]}, "2257047": {"hotel_name": "\u6c49\u5ead\u9152\u5e97(\u9752\u5c9b\u8463\u5bb6\u53e3\u6e2f\u5e97)", "order_time": ["2019-01-17 11:53:12", "2019-01-17 12:04:39"], "total_order": 2, "hotel_value": ["4.7", "4.7"], "hotel_price": ["151", "151"]}, "1734423": {"hotel_name": "\u9752\u5c9b\u84dd\u516c\u9986\u9152\u5e97(\u539f\u6d77\u84dd\u9152\u5e97)", "order_time": ["2019-01-17 11:53:12", "2019-01-17 12:04:39"], "total_order": 2, "hotel_value": ["4.4", "4.4"], "hotel_price": ["108", "108"]}, "1448742": {"hotel_name": "\u683c\u6797\u8c6a\u6cf0\u9152\u5e97(\u9752\u5c9b\u5f00\u53d1\u533a\u6b66\u5937\u5c71\u8def\u4f73\u4e16\u5ba2\u8d2d\u7269\u4e2d\u5fc3\u5e97)", "order_time": ["2019-01-17 11:53:12"], "total_order": 1, "hotel_value": ["4.6"], "hotel_price": ["94"]}, "8345799": {"hotel_name": "\u9752\u5c9b\u7f8e\u5fae\u5ead\u56ed\u6d77\u666f\u522b\u5885\u9152\u5e97", "order_time": ["2019-01-17 11:53:13"], "total_order": 1, "hotel_value": ["4.7"], "hotel_price": ["68"]}, "1362922": {"hotel_name": "\u9752\u5c9b\u7ea2\u661f\u6d77\u8fb9\u5ba2\u6808", "order_time": ["2019-01-17 11:53:14"], "total_order": 1, "hotel_value": ["4.3"], "hotel_price": ["184"]}, "5766842": {"hotel_name": "\u9752\u5c9b\u6d77\u84dd\u9633\u5149\u6d77\u666f\u5ea6\u5047\u516c\u5bd3\u4e2d\u8054\u81ea\u7531\u6e2f\u6e7e\u5e97", "order_time": ["2019-01-17 11:53:14"], "total_order": 1, "hotel_value": ["4.6"], "hotel_price": ["121"]}, "2496851": {"hotel_name": "\u5c1a\u5ba2\u4f18\u5feb\u6377\u9152\u5e97(\u9752\u5c9b\u6d41\u4ead\u673a\u573a\u5e97)", "order_time": ["2019-01-17 11:53:27"], "total_order": 1, "hotel_value": ["4.4"], "hotel_price": ["114"]}, "1344275": {"hotel_name": "\u9752\u5c9b\u56ed\u6f84\u5bb6\u5b66\u957f\u516c\u5bd3(\u539f\u56ed\u6f84\u5bb6\u5546\u52a1\u5bbe\u9986)", "order_time": ["2019-01-17 11:55:22"], "total_order": 1, "hotel_value": ["4.1"], "hotel_price": ["71"]}, "17263343": {"hotel_name": "\u6162\u5c45\u542c\u6d77\u7cbe\u54c1\u9152\u5e97(\u9752\u5c9b\u543e\u60a6\u5e7f\u573a\u5e97)", "order_time": ["2019-01-17 11:55:25"], "total_order": 1, "hotel_value": ["4.8"], "hotel_price": ["92"]}, "19828310": {"hotel_name": "\u62dc\u767b\u516c\u5bd3\u00b7\u9752\u5c9b\u57ce\u9633\u6b63\u9633\u8def\u5e97", "order_time": ["2019-01-17 12:30:29", "2019-01-17 11:55:26"], "total_order": 2, "hotel_value": ["4.7", "4.7"], "hotel_price": ["114", "114"]}, "10118500": {"hotel_name": "\u90fd\u5e02118\u7cbe\u9009\u9152\u5e97(\u9752\u5c9b\u5bb6\u4f73\u6e90\u4e00\u54c1\u51a0\u5e97)", "order_time": ["2019-01-17 11:55:27"], "total_order": 1, "hotel_value": ["4.6"], "hotel_price": ["104"]}, "2980755": {"hotel_name": "7\u5929\u8fde\u9501\u9152\u5e97(\u9752\u5c9b\u6c7d\u8f66\u603b\u7ad9\u676d\u5dde\u8def\u5e97)", "order_time": ["2019-01-17 11:55:29"], "total_order": 1, "hotel_value": ["4.2"], "hotel_price": ["69"]}, "994155": {"hotel_name": "\u5982\u5bb6\u5feb\u6377\u9152\u5e97(\u9752\u5c9b\u91cd\u5e86\u5357\u8def\u4e07\u79d1\u57ce\u5e97)", "order_time": ["2019-01-17 11:55:30"], "total_order": 1, "hotel_value": ["4.6"], "hotel_price": ["119"]}, "20028061": {"hotel_name": "\u7eff\u5cf0\u96c5\u9601\u5ea6\u5047\u516c\u5bd3(\u9752\u5c9b\u4f1a\u5c55\u4e2d\u5fc3\u77f3\u8001\u4eba\u6d77\u6c34\u6d74\u573a\u5e97)", "order_time": ["2019-01-17 11:55:31"], "total_order": 1, "hotel_value": ["4.8"], "hotel_price": ["219"]}, "1504359": {"hotel_name": "\u83ab\u6cf0168(\u9752\u5c9b\u80f6\u5357\u4eba\u6c11\u8def\u5546\u4e1a\u8857\u5e97)", "order_time": ["2019-01-17 11:55:31"], "total_order": 1, "hotel_value": ["4.5"], "hotel_price": ["103"]}, "1226339": {"hotel_name": "\u9752\u5c9b\u90a3\u9c81\u6e7e\u8f69\u5b87\u670d\u52a1\u516c\u5bd3(\u539f\u8fbe\u4ee4\u6e2f\u8f69\u5b87\u670d\u52a1\u516c\u5bd3)", "order_time": ["2019-01-17 12:00:00", "2019-01-17 11:55:31"], "total_order": 2, "hotel_value": ["5.0", "5.0"], "hotel_price": ["111", "111"]}, "393099": {"hotel_name": "\u9752\u5c9b\u5bcc\u529b\u827e\u7f8e\u9152\u5e97", "order_time": ["2019-01-17 11:55:32", "2019-01-17 11:57:42"], "total_order": 2, "hotel_value": ["4.6", "4.6"], "hotel_price": ["571", "571"]}, "1871551": {"hotel_name": "\u9752\u5c9b\u76c8\u5ba2\u4f73\u9a7f\u5546\u52a1\u9152\u5e97", "order_time": ["2019-01-17 11:55:34"], "total_order": 1, "hotel_value": ["4.5"], "hotel_price": ["69"]}, "28642661": {"hotel_name": "\u9752\u5c9b\u84dd\u8272\u4e4b\u661f\u6d77\u666f\u516c\u5bd3", "order_time": ["2019-01-17 11:55:34"], "total_order": 1, "hotel_value": ["5.0"], "hotel_price": ["123"]}, "2132624": {"hotel_name": "\u5e73\u5ea6\u6613\u6377\u5047\u65e5\u9152\u5e97", "order_time": ["2019-01-17 11:56:44"], "total_order": 1, "hotel_value": ["4.0"], "hotel_price": ["80"]}, "5466788": {"hotel_name": "\u82b1\u6eaa\u82b1\u56ed\u9152\u5e97(\u9752\u5c9b\u6d41\u4ead\u673a\u573a\u5e97)", "order_time": ["2019-01-17 11:57:40", "2019-01-17 12:06:54"], "total_order": 2, "hotel_value": ["4.4", "4.4"], "hotel_price": ["198", "198"]}, "8681476": {"hotel_name": "\u9752\u5c9b\u8046\u6d77\u94c2\u6708\u6d77\u666f\u5ea6\u5047\u516c\u5bd3", "order_time": ["2019-01-17 11:57:43"], "total_order": 1, "hotel_value": ["4.7"], "hotel_price": ["70"]}, "1374289": {"hotel_name": "\u83ab\u6cf0168(\u9752\u5c9b\u5f00\u53d1\u533a\u957f\u6c5f\u4e2d\u8def\u533a\u653f\u5e9c\u91d1\u6c99\u6ee9\u5e97)", "order_time": ["2019-01-17 11:57:45"], "total_order": 1, "hotel_value": ["4.4"], "hotel_price": ["109"]}, "1695470": {"hotel_name": "\u6cdb\u7f8e\u8fde\u9501\u9152\u5e97(\u9752\u5c9b\u798f\u5dde\u8def\u5e97)", "order_time": ["2019-01-17 11:57:48", "2019-01-17 12:06:40"], "total_order": 2, "hotel_value": ["4.8", "4.8"], "hotel_price": ["62", "62"]}, "1906749": {"hotel_name": "\u9752\u5c9b\u9c81\u6d77\u4e30\u5927\u9152\u5e97", "order_time": ["2019-01-17 11:57:49"], "total_order": 1, "hotel_value": ["4.4"], "hotel_price": ["133"]}, "2139868": {"hotel_name": "7\u5929\u8fde\u9501\u9152\u5e97(\u9752\u5c9b\u5c71\u4e1c\u8def\u4e2d\u592e\u5546\u52a1\u533a\u5e97)", "order_time": ["2019-01-17 11:57:52"], "total_order": 1, "hotel_value": ["3.9"], "hotel_price": ["70"]}, "6801113": {"hotel_name": "\u9752\u5c9b\u5609\u5e74\u534e\u5e7f\u573a\u5927\u9152\u5e97", "order_time": ["2019-01-17 11:59:48"], "total_order": 1, "hotel_value": ["4.7"], "hotel_price": ["465"]}, "1734724": {"hotel_name": "\u9752\u5c9b\u56fd\u4fe1\u4e1c\u65b9\u4e4b\u661f\u9152\u5e97", "order_time": ["2019-01-17 12:02:08"], "total_order": 1, "hotel_value": ["4.7"], "hotel_price": ["158"]}, "1101006": {"hotel_name": "\u5982\u5bb6\u5feb\u6377\u9152\u5e97\uff08\u9752\u5c9b\u80f6\u5357\u9752\u5c9b\u897f\u7ad9\u5e97\uff09", "order_time": ["2019-01-17 12:02:19"], "total_order": 1, "hotel_value": ["4.4"], "hotel_price": ["103"]}, "1786865": {"hotel_name": "\u9752\u5c9b\u597d\u4e16\u754c\u7cbe\u54c1\u9152\u5e97", "order_time": ["2019-01-17 12:02:29"], "total_order": 1, "hotel_value": ["4.8"], "hotel_price": ["81"]}, "16081477": {"hotel_name": "\u9752\u5c9b\u7434\u6d77\u9601\u5ea6\u5047\u522b\u5885", "order_time": ["2019-01-17 12:04:27"], "total_order": 1, "hotel_value": ["4.4"], "hotel_price": ["221"]}, "1979422": {"hotel_name": "\u9752\u5c9b\u4f18\u5c1a\u5feb\u6377\u9152\u5e97", "order_time": ["2019-01-17 12:04:28"], "total_order": 1, "hotel_value": ["4.1"], "hotel_price": ["83"]}, "2164550": {"hotel_name": "\u67cf\u60a6\u7cbe\u54c1\u5ea6\u5047\u516c\u5bd3(\u9752\u5c9b\u81ea\u7531\u6e2f\u6e7e\u5e97)", "order_time": ["2019-01-17 12:04:34"], "total_order": 1, "hotel_value": ["4.5"], "hotel_price": ["66"]}, "10212249": {"hotel_name": "\u4e50\u5bb6\u8f69\u7cbe\u54c1\u670d\u52a1\u516c\u5bd3(\u9752\u5c9b\u9ad8\u65b0\u533a\u521b\u4e1a\u5927\u53a6\u65b9\u7279\u5e97)", "order_time": ["2019-01-17 12:06:39", "2019-01-17 12:04:34"], "total_order": 2, "hotel_value": ["4.6", "4.6"], "hotel_price": ["134", "134"]}, "1925767": {"hotel_name": "\u9752\u5c9b\u7d2b\u73a5\u94c2\u5c14\u66fc\u9152\u5e97", "order_time": ["2019-01-17 12:04:35"], "total_order": 1, "hotel_value": ["4.5"], "hotel_price": ["470"]}, "659645": {"hotel_name": "\u9752\u5c9b\u5373\u58a8\u534e\u73ba\u5927\u9152\u5e97", "order_time": ["2019-01-17 12:04:36"], "total_order": 1, "hotel_value": ["4.7"], "hotel_price": ["416"]}, "1935879": {"hotel_name": "\u5982\u5bb6\u5feb\u6377\u9152\u5e97(\u9752\u5c9b\u57ce\u9633\u6625\u9633\u8def\u5bb6\u4f73\u6e90\u5e97)", "order_time": ["2019-01-17 12:04:37"], "total_order": 1, "hotel_value": ["4.6"], "hotel_price": ["104"]}, "2310196": {"hotel_name": "\u7231\u5c0a\u5ba2\u9152\u5e97(\u9752\u5c9b\u9999\u6c5f\u8def\u5e97)", "order_time": ["2019-01-17 12:17:30", "2019-01-17 12:04:38"], "total_order": 2, "hotel_value": ["4.4", "4.4"], "hotel_price": ["63", "63"]}, "1165293": {"hotel_name": "\u9752\u5c9b\u5c1a\u54c1\u4e91\u56fe\u5bbe\u9986", "order_time": ["2019-01-17 12:04:38"], "total_order": 1, "hotel_value": ["4.2"], "hotel_price": ["69"]}, "1502494": {"hotel_name": "\u5982\u5bb6\u5feb\u6377\u9152\u5e97(\u9752\u5c9b\u706b\u8f66\u7ad9\u6808\u6865\u5e97)", "order_time": ["2019-01-17 12:04:39"], "total_order": 1, "hotel_value": ["4.2"], "hotel_price": ["78"]}, "2376193": {"hotel_name": "\u94f6\u5ea7\u4f73\u9a7f\u9152\u5e97(\u9752\u5c9b\u5f90\u5dde\u8def\u4e94\u56db\u5e7f\u573a\u5e97)", "order_time": ["2019-01-17 12:04:39"], "total_order": 1, "hotel_value": ["4.4"], "hotel_price": ["105"]}, "12274463": {"hotel_name": "\u5609\u51ef\u8c6a\u7cbe\u54c1\u9152\u5e97(\u9752\u5c9b\u5317\u5b89\u4ea8\u8fbe\u5e97)", "order_time": ["2019-01-17 12:04:39"], "total_order": 1, "hotel_value": ["4.4"], "hotel_price": ["74"]}, "1164640": {"hotel_name": "\u9752\u5c9b\u6d77\u60a6\u5ea6\u5047\u516c\u5bd3\u9152\u5e97", "order_time": ["2019-01-17 12:04:39"], "total_order": 1, "hotel_value": ["4.6"], "hotel_price": ["86"]}, "1137183": {"hotel_name": "\u9752\u5c9b\u4f53\u80b2\u4e4b\u5bb6\u5927\u9152\u5e97", "order_time": ["2019-01-17 12:04:39"], "total_order": 1, "hotel_value": ["4.3"], "hotel_price": ["151"]}, "2237858": {"hotel_name": "\u90fd\u5e02118(\u9752\u5c9b\u6808\u6865\u706b\u8f66\u7ad9\u5e97)", "order_time": ["2019-01-17 12:04:39"], "total_order": 1, "hotel_value": ["4.1"], "hotel_price": ["53"]}, "995169": {"hotel_name": "\u94f6\u5ea7\u4f73\u9a7f\u9152\u5e97(\u5373\u58a8\u5c0f\u5546\u54c1\u57ce\u5e97)", "order_time": ["2019-01-17 12:04:39"], "total_order": 1, "hotel_value": ["4.3"], "hotel_price": ["117"]}, "5249619": {"hotel_name": "\u90fd\u5e02118(\u9752\u5c9b\u91d1\u6c99\u6ee9\u7406\u5de5\u5927\u5b66\u5e97)", "order_time": ["2019-01-17 12:04:39"], "total_order": 1, "hotel_value": ["4.5"], "hotel_price": ["94"]}, "803464": {"hotel_name": "\u9752\u5c9b\u8fbe\u7fc1\u4e5d\u9f99\u6cc9\u5927\u9152\u5e97(\u8de8\u6d77\u5927\u6865\u674e\u6ca7\u5e97)", "order_time": ["2019-01-17 12:04:39"], "total_order": 1, "hotel_value": ["4.5"], "hotel_price": ["94"]}, "1229178": {"hotel_name": "\u9752\u5c9b\u862d\u5ef7\u7cbe\u54c1\u9152\u5e97", "order_time": ["2019-01-17 12:04:39"], "total_order": 1, "hotel_value": ["4.4"], "hotel_price": ["84"]}, "1406851": {"hotel_name": "\u5982\u5bb6\u777f\u67cf\u00b7\u4e91\u9152\u5e97(\u9752\u5c9b\u5f00\u53d1\u533a\u9999\u6c5f\u8def\u5546\u4e1a\u8857\u5229\u7fa4\u5e97)", "order_time": ["2019-01-17 12:04:39"], "total_order": 1, "hotel_value": ["4.6"], "hotel_price": ["119"]}, "791853": {"hotel_name": "\u94f6\u5ea7\u4f73\u9a7f\u9152\u5e97(\u5373\u58a8\u9e64\u5c71\u8def\u4f73\u4e50\u5bb6\u4e00\u5e97)", "order_time": ["2019-01-17 12:30:27", "2019-01-17 12:04:39"], "total_order": 2, "hotel_value": ["4.1", "4.1"], "hotel_price": ["76", "76"]}, "7733529": {"hotel_name": "\u56db\u53f6\u8349\u6d77\u666f\u5ea6\u5047\u516c\u5bd3\u9152\u5e97(\u9752\u5c9b\u4e07\u8fbe\u4e1c\u65b9\u5f71\u90fd\u5e97)(\u539f\u56db\u53f6\u8349\u6d77\u666f\u5ea6\u5047\u9152\u5e97)", "order_time": ["2019-01-17 12:04:39"], "total_order": 1, "hotel_value": ["4.8"], "hotel_price": ["102"]}, "8205090": {"hotel_name": "\u9752\u5c9b\u9a6c\u514b\u00b7\u7cbe\u9009\u516c\u5bd3\u57ce\u9633\u6d41\u4ead\u673a\u573a\u5e97", "order_time": ["2019-01-17 12:04:39"], "total_order": 1, "hotel_value": ["4.8"], "hotel_price": ["139"]}, "8657392": {"hotel_name": "\u62dc\u767b\u516c\u5bd3\u00b7\u9752\u5c9b\u77f3\u6cb9\u5927\u5b66\u543e\u60a6\u5e7f\u573a\u5e97(\u539f\u5510\u5c9b\u6e7e\u516c\u56ed\u5e97)", "order_time": ["2019-01-17 12:04:39"], "total_order": 1, "hotel_value": ["4.5"], "hotel_price": ["107"]}, "1224029": {"hotel_name": "\u9752\u5c9b\u5927\u6eaa\u5730\u7cbe\u54c1\u9152\u5e97", "order_time": ["2019-01-17 12:04:40"], "total_order": 1, "hotel_value": ["4.5"], "hotel_price": ["69"]}, "1667258": {"hotel_name": "7\u5929\u8fde\u9501\u9152\u5e97(\u9752\u5c9b\u5564\u9152\u8857\u5e97)", "order_time": ["2019-01-17 12:04:40"], "total_order": 1, "hotel_value": ["3.8"], "hotel_price": ["89"]}, "1281661": {"hotel_name": "\u9752\u5c9b\u745e\u9716\u00b7\u57ce\u5e02mini\u9152\u5e97(\u539f\u9752\u5e74\u90fd\u5e02\u8ff7\u4f60\u9152\u5e97\u53f0\u4e1c\u5546\u4e1a\u533a\u4e07\u8fbe\u5e97)", "order_time": ["2019-01-17 12:04:40"], "total_order": 1, "hotel_value": ["4.4"], "hotel_price": ["69"]}, "2073653": {"hotel_name": "\u5586\u60a6\u00b7\u7cbe\u54c1\u8fde\u9501\u9152\u5e97(\u9752\u5c9b\u6d77\u5c14\u5de5\u4e1a\u56ed\u5b9d\u9f99\u5e7f\u573a\u5e97)", "order_time": ["2019-01-17 12:04:42"], "total_order": 1, "hotel_value": ["4.6"], "hotel_price": ["85"]}, "2029720": {"hotel_name": "\u9752\u5c9b\u548c\u4ec1\u5174\u5546\u52a1\u5bbe\u9986", "order_time": ["2019-01-17 12:04:44"], "total_order": 1, "hotel_value": ["4.6"], "hotel_price": ["94"]}, "4068819": {"hotel_name": "\u90fd\u5e02118(\u9752\u5c9b\u4f1a\u5c55\u4e2d\u5fc3\u6d77\u5c14\u8def\u5e97)(\u539f\u5d02\u5c71\u9ad8\u79d1\u56ed\u5e97)", "order_time": ["2019-01-17 12:04:47"], "total_order": 1, "hotel_value": ["4.2"], "hotel_price": ["71"]}, "1181778": {"hotel_name": "\u5e03\u4e01\u9152\u5e97(\u9752\u5c9b\u56fd\u9645\u4f1a\u5c55\u4e2d\u5fc3\u5e97)", "order_time": ["2019-01-17 12:06:37"], "total_order": 1, "hotel_value": ["4.3"], "hotel_price": ["69"]}, "2031556": {"hotel_name": "\u9752\u5c9b\u4e2d\u8054\u81ea\u7531\u6e2f\u6e7e\u6d77\u666f\u5ea6\u5047\u516c\u5bd3", "order_time": ["2019-01-17 12:06:38"], "total_order": 1, "hotel_value": ["4.6"], "hotel_price": ["93"]}, "994151": {"hotel_name": "\u5982\u5bb6\u5feb\u6377\u9152\u5e97(\u9752\u5c9b\u674e\u6751\u5730\u94c1\u7ad9\u4eac\u53e3\u8def\u5e97)", "order_time": ["2019-01-17 12:06:47"], "total_order": 1, "hotel_value": ["4.5"], "hotel_price": ["109"]}, "5999421": {"hotel_name": "\u7a7a\u94c1\u5047\u65e5\u9152\u5e97\u516c\u5bd3(\u9752\u5c9b\u673a\u573a\u5e97)", "order_time": ["2019-01-17 12:06:48"], "total_order": 1, "hotel_value": ["4.6"], "hotel_price": ["235"]}, "21927191": {"hotel_name": "\u9752\u5c9b\u77e5\u9047\u5de7\u514b\u529b\u516c\u5bd3", "order_time": ["2019-01-17 12:07:07", "2019-01-17 12:13:27"], "total_order": 2, "hotel_value": [0, 0], "hotel_price": ["78", "78"]}, "1603330": {"hotel_name": "\u9752\u5c9b\u97e9\u76db\u6021\u5bb6\u9752\u5e74\u65c5\u793e", "order_time": ["2019-01-17 12:07:10"], "total_order": 1, "hotel_value": ["1.6"], "hotel_price": ["10"]}, "1373259": {"hotel_name": "\u83b1\u897f\u6708\u6e56\u5546\u52a1\u5bbe\u9986", "order_time": ["2019-01-17 12:07:24"], "total_order": 1, "hotel_value": ["4.7"], "hotel_price": ["79"]}, "1418968": {"hotel_name": "\u82b1\u6eaa\u5ba2\u6808(\u9752\u5c9b\u90a3\u9c81\u6e7e\u5e97)", "order_time": ["2019-01-17 12:08:42"], "total_order": 1, "hotel_value": ["4.5"], "hotel_price": ["101"]}, "1064761": {"hotel_name": "\u9752\u5c9b\u8fdc\u5c71\u5047\u65e5\u9152\u5e97(\u539f\u591a\u7ef4\u4f60\u7684\u9152\u5e97)", "order_time": ["2019-01-17 12:08:42"], "total_order": 1, "hotel_value": ["4.6"], "hotel_price": ["79"]}, "1734527": {"hotel_name": "\u9752\u5c9b\u7d2b\u8346\u82d1\u5bbe\u9986", "order_time": ["2019-01-17 12:08:46", "2019-01-17 12:25:55"], "total_order": 2, "hotel_value": ["4.6", "4.6"], "hotel_price": ["351", "351"]}, "450341": {"hotel_name": "\u9752\u5c9b\u6e5b\u5c71\u82b1\u56ed\u9152\u5e97", "order_time": ["2019-01-17 12:08:48"], "total_order": 1, "hotel_value": ["4.6"], "hotel_price": ["466"]}, "4739007": {"hotel_name": "\u5373\u58a8\u9752\u5c9b\u6cf09\u5546\u52a1\u5bbe\u9986", "order_time": ["2019-01-17 12:15:15", "2019-01-17 12:08:54"], "total_order": 2, "hotel_value": ["3.7", "3.7"], "hotel_price": ["99", "99"]}, "996027": {"hotel_name": "\u9752\u5c9b\u91d1\u6c99\u6ee9\u5e0c\u5c14\u987f\u9152\u5e97", "order_time": ["2019-01-17 12:08:55"], "total_order": 1, "hotel_value": ["4.6"], "hotel_price": ["663"]}, "994246": {"hotel_name": "\u5982\u5bb6\u5feb\u6377\u9152\u5e97(\u5373\u58a8\u84dd\u9ccc\u8def\u5b9d\u9f99\u5e7f\u573a\u5e97)", "order_time": ["2019-01-17 12:10:51"], "total_order": 1, "hotel_value": ["4.5"], "hotel_price": ["102"]}, "1692837": {"hotel_name": "\u5c1a\u5ba2\u4f18\u5feb\u6377\u9152\u5e97(\u9752\u5c9b\u5bcc\u6625\u6c5f\u8def\u957f\u9014\u7ad9\u77f3\u6cb9\u5927\u5b66\u5e97)", "order_time": ["2019-01-17 12:10:51"], "total_order": 1, "hotel_value": ["4.7"], "hotel_price": ["79"]}, "997909": {"hotel_name": "\u9752\u5c9b\u51ef\u83b1\u5927\u9152\u5e97", "order_time": ["2019-01-17 12:10:51"], "total_order": 1, "hotel_value": ["4.6"], "hotel_price": ["398"]}, "780415": {"hotel_name": "\u9526\u6c5f\u4e4b\u661f(\u9752\u5c9b\u5f00\u53d1\u533a\u9999\u6c5f\u8def\u5e97)", "order_time": ["2019-01-17 12:10:59"], "total_order": 1, "hotel_value": ["4.6"], "hotel_price": ["99"]}, "2254847": {"hotel_name": "\u5353\u8fbe\u5546\u52a1\u5bbe\u9986(\u9752\u5c9b\u5317\u7ad9\u5e97)(\u539f\u6d77\u903899\u5feb\u6377\u5bbe\u9986)", "order_time": ["2019-01-17 12:11:08"], "total_order": 1, "hotel_value": ["3.9"], "hotel_price": ["79"]}, "8953561": {"hotel_name": "\u9752\u5c9b\u4e00\u6240\u5ea6\u5047\u516c\u5bd3(\u68a6\u65f6\u4ee3\u5e7f\u573a\u5e97)", "order_time": ["2019-01-17 12:13:09"], "total_order": 1, "hotel_value": ["4.7"], "hotel_price": ["74"]}, "1962844": {"hotel_name": "\u540c\u798f\u5ba2\u6808(\u9752\u5c9b\u80f6\u5357\u5e97)", "order_time": ["2019-01-17 12:13:16"], "total_order": 1, "hotel_value": [0], "hotel_price": ["79"]}, "5301639": {"hotel_name": "\u9752\u5c9b\u65af\u7ef4\u767b\u5ea6\u5047\u516c\u5bd3(\u91d1\u6c99\u6ee9\u5929\u9e93\u6e56)", "order_time": ["2019-01-17 12:15:05"], "total_order": 1, "hotel_value": ["4.6"], "hotel_price": ["134"]}, "2306006": {"hotel_name": "\u683c\u6797\u8c6a\u6cf0(\u9752\u5c9b\u706b\u8f66\u7ad9\u5e7f\u573a\u5e97)", "order_time": ["2019-01-17 12:15:06"], "total_order": 1, "hotel_value": ["4.7"], "hotel_price": ["75"]}, "20615875": {"hotel_name": "\u5c1a\u5ba2\u4f18\u7cbe\u9009\u9152\u5e97(\u9752\u5c9b\u4e07\u5e74\u6cc9\u8def\u5730\u94c1\u7ad9\u5e97)", "order_time": ["2019-01-17 12:15:07"], "total_order": 1, "hotel_value": ["4.3"], "hotel_price": ["181"]}, "13740994": {"hotel_name": "\u9752\u5c9b\u90fd\u5e02118\u7cbe\u9009\u9152\u5e97\u6625\u9633\u8def\u5e97", "order_time": ["2019-01-17 12:15:07"], "total_order": 1, "hotel_value": ["4.6"], "hotel_price": ["98"]}, "1938134": {"hotel_name": "\u83ab\u6cf0168(\u9752\u5c9b\u674e\u6751\u5730\u94c1\u7ad9\u6b65\u884c\u8857\u5e97)", "order_time": ["2019-01-17 12:15:07"], "total_order": 1, "hotel_value": ["4.5"], "hotel_price": ["109"]}, "1700442": {"hotel_name": "\u9752\u5c9b\u9a6c\u53ef\u6ce2\u7f57\u9152\u5e97", "order_time": ["2019-01-17 12:15:08"], "total_order": 1, "hotel_value": ["4.6"], "hotel_price": ["103"]}, "2298663": {"hotel_name": "\u7231\u5c0a\u5ba2\u9152\u5e97(\u9752\u5c9b\u4e94\u56db\u5e7f\u573a\u9999\u6e2f\u4e2d\u8def\u5e97)", "order_time": ["2019-01-17 12:15:08"], "total_order": 1, "hotel_value": ["4.6"], "hotel_price": ["125"]}, "442301": {"hotel_name": "\u90fd\u5e02118(\u9752\u5c9b\u5d02\u5c71\u4f1a\u5c55\u4e2d\u5fc3\u5730\u94c1\u7ad9\u5e97)", "order_time": ["2019-01-17 12:15:09"], "total_order": 1, "hotel_value": ["4.4"], "hotel_price": ["106"]}, "6466869": {"hotel_name": "\u7c73\u9ad8\u65f6\u5c1a\u9152\u5e97(\u9752\u5c9b\u4e94\u56db\u5e7f\u573a\u8fdc\u6d0b\u5e97)", "order_time": ["2019-01-17 12:15:09"], "total_order": 1, "hotel_value": ["4.4"], "hotel_price": ["87"]}, "5494318": {"hotel_name": "\u9752\u5c9b\u6770\u514b\u00b7\u4e39\u5c3c\u9152\u5e97", "order_time": ["2019-01-17 12:15:09"], "total_order": 1, "hotel_value": ["4.4"], "hotel_price": ["134"]}, "1274014": {"hotel_name": "\u9752\u5c9b\u6885\u8bfa\u5c3c\u9152\u5e97", "order_time": ["2019-01-17 12:17:31", "2019-01-17 12:15:09"], "total_order": 2, "hotel_value": ["4.6", "4.6"], "hotel_price": ["148", "148"]}, "5726491": {"hotel_name": "\u7ef4\u4e5f\u7eb3\u9152\u5e97(\u9752\u5c9b\u9ec4\u5c9b\u5e97)", "order_time": ["2019-01-17 12:15:15"], "total_order": 1, "hotel_value": ["4.8"], "hotel_price": ["199"]}, "2148768": {"hotel_name": "\u9752\u5c9b\u5609\u6da6\u548c\u5ea6\u5047\u516c\u5bd3", "order_time": ["2019-01-17 12:15:17"], "total_order": 1, "hotel_value": ["4.5"], "hotel_price": ["83"]}, "2732826": {"hotel_name": "\u9752\u5c9b\u6021\u6e05\u99a8\u56ed\u5bbe\u9986", "order_time": ["2019-01-17 12:15:21"], "total_order": 1, "hotel_value": ["4.3"], "hotel_price": ["68"]}, "2017994": {"hotel_name": "\u80f6\u5dde\u946b\u9f99\u5047\u65e5\u9152\u5e97\u6c7d\u8f66\u603b\u7ad9\u5e97", "order_time": ["2019-01-17 12:16:51"], "total_order": 1, "hotel_value": ["4.7"], "hotel_price": ["84"]}, "5024700": {"hotel_name": "\u9752\u5c9b\u591a\u60a6\u9152\u5e97", "order_time": ["2019-01-17 12:17:30"], "total_order": 1, "hotel_value": ["4.4"], "hotel_price": ["94"]}, "24055729": {"hotel_name": "\u5c1a\u5ba2\u4f18\u7cbe\u9009\u9152\u5e97(\u9752\u5c9b\u4e94\u56db\u5e7f\u573a\u5965\u5e06\u5e97)", "order_time": ["2019-01-17 12:17:31"], "total_order": 1, "hotel_value": ["4.7"], "hotel_price": ["132"]}, "2717691": {"hotel_name": "\u6587\u6d77\u56fd\u9645\u9152\u5e97(\u9752\u5c9b\u91d1\u6c99\u6ee9\u5e97)", "order_time": ["2019-01-17 12:17:32"], "total_order": 1, "hotel_value": ["4.6"], "hotel_price": ["191"]}, "19916130": {"hotel_name": "\u9752\u5c9b\u77e5\u9047\u7535\u5f71\u7cbe\u54c1\u516c\u5bd3", "order_time": ["2019-01-17 12:17:36"], "total_order": 1, "hotel_value": ["4.9"], "hotel_price": ["68"]}, "1283801": {"hotel_name": "\u6211\u7684\u5730\u76d8\u4e3b\u9898\u9152\u5e97(\u9752\u5c9b\u6b63\u9633\u4e2d\u8def\u5e97)", "order_time": ["2019-01-17 12:17:37"], "total_order": 1, "hotel_value": ["4.6"], "hotel_price": ["124"]}, "10186829": {"hotel_name": "\u9526\u6c5f\u90fd\u57ce(\u9752\u5c9b\u65b0\u90fd\u5fc3\u5e97)", "order_time": ["2019-01-17 12:17:38"], "total_order": 1, "hotel_value": ["4.6"], "hotel_price": ["271"]}, "1826819": {"hotel_name": "\u9752\u5c9b\u6ee8\u6cb3\u540d\u8f69\u5546\u52a1\u5bbe\u9986\uff08\u68d8\u6d2a\u6ee9\u5e97\uff09", "order_time": ["2019-01-17 12:17:41"], "total_order": 1, "hotel_value": ["4.3"], "hotel_price": ["108"]}, "2379128": {"hotel_name": "\u90fd\u5e02118\u8fde\u9501\u9152\u5e97(\u9752\u5c9b\u8f9b\u5b89\u5e97)", "order_time": ["2019-01-17 12:19:44"], "total_order": 1, "hotel_value": ["4.5"], "hotel_price": ["94"]}, "1302246": {"hotel_name": "\u7231\u5ba2100\u5546\u52a1\u5bbe\u9986(\u9752\u5c9b\u6d41\u4ead\u6d3c\u91cc\u5e97)", "order_time": ["2019-01-17 12:19:48"], "total_order": 1, "hotel_value": ["4.3"], "hotel_price": ["71"]}, "2970464": {"hotel_name": "\u6613\u4f70\u8fde\u9501\u9152\u5e97\uff08\u9752\u5c9b\u706b\u8f66\u7ad9\u6808\u6865 \u5288\u67f4\u9662\u5e97\uff09", "order_time": ["2019-01-17 12:21:47"], "total_order": 1, "hotel_value": ["4.0"], "hotel_price": ["59"]}, "1695052": {"hotel_name": "\u591a\u7ef4\u7cbe\u54c1\u9152\u5e97\u798f\u5dde\u5357\u8def\u5e97", "order_time": ["2019-01-17 12:21:50"], "total_order": 1, "hotel_value": ["4.3"], "hotel_price": ["83"]}, "1259981": {"hotel_name": "\u9752\u5c9b\u4e2d\u5929\u6d77\u666f\u9152\u5e97\uff08\u6808\u6865\u706b\u8f66\u7ad9\u5e97\uff09", "order_time": ["2019-01-17 12:21:50"], "total_order": 1, "hotel_value": ["4.8"], "hotel_price": ["76"]}, "5983414": {"hotel_name": "\u5b9c\u5fc5\u601d\u9152\u5e97(\u9752\u5c9b\u897f\u6d77\u5cb8\u6c7d\u8f66\u603b\u7ad9\u5e97)", "order_time": ["2019-01-17 12:22:01"], "total_order": 1, "hotel_value": ["4.6"], "hotel_price": ["109"]}, "1741544": {"hotel_name": "\u91d1\u72ee100\u8fde\u9501\u5bbe\u9986(\u9752\u5c9b\u6c7d\u8f66\u5317\u7ad9\u5e97)", "order_time": ["2019-01-17 12:22:08"], "total_order": 1, "hotel_value": ["3.7"], "hotel_price": ["68"]}, "437482": {"hotel_name": "\u9752\u5c9b\u534e\u5ba2\u5ea6\u5047\u9152\u5e97", "order_time": ["2019-01-17 12:23:50"], "total_order": 1, "hotel_value": ["4.6"], "hotel_price": ["149"]}, "428036": {"hotel_name": "\u5982\u5bb6\u5feb\u6377\u9152\u5e97(\u9752\u5c9b\u5c71\u4e1c\u8def\u4e2d\u592e\u5546\u52a1\u533a\u5e97)", "order_time": ["2019-01-17 12:23:53"], "total_order": 1, "hotel_value": ["4.3"], "hotel_price": ["119"]}, "28271999": {"hotel_name": "\u9752\u5c9b\u62fe\u5149\u61d2\u4eba\u9752\u5e74\u65c5\u820d", "order_time": ["2019-01-17 12:24:03"], "total_order": 1, "hotel_value": [0], "hotel_price": ["14"]}, "371190": {"hotel_name": "\u9752\u5c9b\u9999\u683c\u91cc\u62c9\u5927\u9152\u5e97", "order_time": ["2019-01-17 12:30:21", "2019-01-17 12:25:51"], "total_order": 2, "hotel_value": ["4.7", "4.7"], "hotel_price": ["748", "748"]}, "12252847": {"hotel_name": "\u9752\u5c9b\u9890\u84dd\u5fc3\u820d\u9152\u5e97", "order_time": ["2019-01-17 12:26:00"], "total_order": 1, "hotel_value": ["4.6"], "hotel_price": ["169"]}, "6608537": {"hotel_name": "\u6854\u5b50\u9152\u5e97\u00b7\u7cbe\u9009(\u9752\u5c9b\u56db\u6d41\u5357\u8def\u5e97)", "order_time": ["2019-01-17 12:26:00"], "total_order": 1, "hotel_value": ["4.9"], "hotel_price": ["332"]}, "1734183": {"hotel_name": "\u83b1\u897f\u826f\u53cb\u6e90\u6770\u5927\u9152\u5e97", "order_time": ["2019-01-17 12:27:10"], "total_order": 1, "hotel_value": ["4.4"], "hotel_price": ["283"]}, "2013340": {"hotel_name": "\u901f8\u9152\u5e97(\u5e73\u5ea6\u6d77\u5b9c\u5bb6\u80f6\u5e73\u8def\u5e97)", "order_time": ["2019-01-17 12:27:10"], "total_order": 1, "hotel_value": ["4.4"], "hotel_price": ["125"]}, "5074736": {"hotel_name": "\u5e73\u5ea6\u6cf0\u7545\u5546\u52a1\u5bbe\u9986", "order_time": ["2019-01-17 12:27:19"], "total_order": 1, "hotel_value": ["4.6"], "hotel_price": ["93"]}, "1416625": {"hotel_name": "\u9752\u5c9b\u4e9a\u5730\u5229\u7cbe\u54c1\u9152\u5e97", "order_time": ["2019-01-17 12:28:09"], "total_order": 1, "hotel_value": ["4.2"], "hotel_price": ["79"]}, "24036971": {"hotel_name": "\u9752\u5c9b\u60a6\u666f\u516c\u5bd3", "order_time": ["2019-01-17 12:28:10"], "total_order": 1, "hotel_value": ["4.9"], "hotel_price": ["118"]}, "1950982": {"hotel_name": "\u9752\u5c9b\u67e0\u91ce\u5c0f\u7b51\u5ba2\u6808", "order_time": ["2019-01-17 12:28:23"], "total_order": 1, "hotel_value": ["4.2"], "hotel_price": ["35"]}, "2239028": {"hotel_name": "\u9752\u5c9b\u7559\u9999\u4ead\u5bbe\u9986", "order_time": ["2019-01-17 12:28:27"], "total_order": 1, "hotel_value": ["4.0"], "hotel_price": ["53"]}, "1480178": {"hotel_name": "\u9752\u5c9b\u9c81\u798f\u7f18\u5bbe\u9986", "order_time": ["2019-01-17 12:28:27"], "total_order": 1, "hotel_value": ["4.7"], "hotel_price": ["78"]}, "1444942": {"hotel_name": "\u9752\u5c9b\u8fea\u62dc\u4e03\u661f\u590d\u5f0f\u6d77\u666f\u516c\u5bd3", "order_time": ["2019-01-17 12:28:27"], "total_order": 1, "hotel_value": ["4.3"], "hotel_price": ["202"]}, "6827392": {"hotel_name": "\u9752\u5c9b\u5411\u65e5\u8475\u6d77\u666f\u65e5\u79df\u623f", "order_time": ["2019-01-17 12:28:32"], "total_order": 1, "hotel_value": ["4.8"], "hotel_price": ["39"]}, "9668427": {"hotel_name": "\u9752\u5c9b\u60a6\u5df1\u9752\u5e74\u65c5\u820d", "order_time": ["2019-01-17 12:28:33"], "total_order": 1, "hotel_value": ["4.8"], "hotel_price": ["18"]}, "1371782": {"hotel_name": "\u6854\u5b50\u9152\u5e97\u00b7\u7cbe\u9009(\u9752\u5c9b\u4e07\u8c61\u57ce\u5e97)(\u539f\u6c5f\u897f\u8def\u5e97)", "order_time": ["2019-01-17 12:30:24"], "total_order": 1, "hotel_value": ["4.8"], "hotel_price": ["256"]}, "438653": {"hotel_name": "\u9752\u5c9b\u6d77\u5929e\u5bb6\u5546\u52a1\u9152\u5e97", "order_time": ["2019-01-17 12:30:26"], "total_order": 1, "hotel_value": ["4.2"], "hotel_price": ["85"]}, "1501841": {"hotel_name": "\u83ab\u6cf0168(\u9752\u5c9b\u6808\u6865\u706b\u8f66\u7ad9\u897f\u5e7f\u573a\u5e97)", "order_time": ["2019-01-17 12:30:30"], "total_order": 1, "hotel_value": ["4.6"], "hotel_price": ["92"]}, "19583911": {"hotel_name": "\u9752\u5c9b\u6cca\u5ba2\u4ed5\u5bb6\u7cbe\u54c1\u516c\u5bd3", "order_time": ["2019-01-17 12:32:36"], "total_order": 1, "hotel_value": ["4.9"], "hotel_price": ["176"]}, "5896610": {"hotel_name": "\u9752\u5c9b\u6d77\u8fb9\u4eba\u5bb6\u6d77\u666f\u5ea6\u5047\u516c\u5bd3\u4e2d\u8054\u81ea\u7531\u6e2f\u6e7e\u5e97", "order_time": ["2019-01-17 12:32:37"], "total_order": 1, "hotel_value": ["4.6"], "hotel_price": ["80"]}, "6326186": {"hotel_name": "\u62dc\u767b\u516c\u5bd3\u00b7\u9752\u5c9b\u4e07\u8fbe\u516c\u9986\u5e97", "order_time": ["2019-01-17 12:32:49"], "total_order": 1, "hotel_value": ["4.7"], "hotel_price": ["145"]}, "2263212": {"hotel_name": "\u9752\u5c9b\u745e\u7965\u5546\u52a1\u5bbe\u9986", "order_time": ["2019-01-17 12:33:04"], "total_order": 1, "hotel_value": [0], "hotel_price": ["34"]}}}