{"\u5f00\u59cb\u8bb0\u5f55\u65f6\u95f4": "2019-01-22 14:05:45", "\u7ed3\u675f\u8bb0\u5f55\u65f6\u95f4": "2019-01-22 15:13:03", "\u8ba2\u5355\u603b\u589e\u91cf": 270, "item": {"607180": {"hotel_name": "\u5168\u5b63\u9152\u5e97(\u9752\u5c9b\u9999\u6e2f\u4e2d\u8def\u5e97)", "order_time": ["2019-01-22 14:06:14", "2019-01-22 15:10:06"], "total_order": 2, "hotel_value": ["4.6", "4.6"], "hotel_price": ["265", "265"]}, "2535682": {"hotel_name": "\u9752\u5c9b\u660e\u79c0\u56ed\u5c71\u5e84", "order_time": ["2019-01-22 14:06:15"], "total_order": 1, "hotel_value": [0], "hotel_price": ["170"]}, "8531362": {"hotel_name": "\u9752\u5c9b\u6c11\u56fd\u9152\u5e97", "order_time": ["2019-01-22 14:07:58"], "total_order": 1, "hotel_value": ["4.7"], "hotel_price": ["220"]}, "443641": {"hotel_name": "\u9752\u5c9b\u91d1\u6d77\u5927\u9152\u5e97", "order_time": ["2019-01-22 14:07:58"], "total_order": 1, "hotel_value": ["4.5"], "hotel_price": ["186"]}, "1344334": {"hotel_name": "\u9752\u5c9b\u9f99\u6e2f\u6e7e\u4e3b\u9898\u5bbe\u9986", "order_time": ["2019-01-22 14:07:59"], "total_order": 1, "hotel_value": ["4.1"], "hotel_price": ["75"]}, "779884": {"hotel_name": "\u9526\u6c5f\u4e4b\u661f(\u9752\u5c9b\u674e\u6ca7\u5e7f\u573a\u674e\u6751\u5730\u94c1\u7ad9\u5e97)(\u539f\u674e\u6ca7\u5e7f\u573a\u5e97)", "order_time": ["2019-01-22 14:08:00", "2019-01-22 15:00:15"], "total_order": 2, "hotel_value": ["4.3", "4.3"], "hotel_price": ["99", "89"]}, "6000795": {"hotel_name": "\u6b27\u98de\u8fde\u9501\u9152\u5e97(\u9752\u5c9b\u674e\u6751\u6b65\u884c\u8857\u5965\u514b\u65af\u5e7f\u573a\u5e97)", "order_time": ["2019-01-22 14:08:00"], "total_order": 1, "hotel_value": ["4.2"], "hotel_price": ["71"]}, "8806764": {"hotel_name": "\u9752\u5c9b\u4e07\u4e3d\u6d77\u666f\u5ea6\u5047\u516c\u5bd3\u4e2d\u8054\u81ea\u7531\u6e2f\u6e7e\u5e97", "order_time": ["2019-01-22 14:08:01"], "total_order": 1, "hotel_value": ["4.5"], "hotel_price": ["178"]}, "4632410": {"hotel_name": "\u9752\u5c9b\u4e91\u6816\u6d77\u666f\u5ea6\u5047\u516c\u5bd3", "order_time": ["2019-01-22 14:08:01"], "total_order": 1, "hotel_value": ["4.8"], "hotel_price": ["74"]}, "8415426": {"hotel_name": "\u56db\u5b63\u7cbe\u9009\u9152\u5e97(\u9752\u5c9b\u6d41\u4ead\u673a\u573a\u5e97)", "order_time": ["2019-01-22 14:08:01"], "total_order": 1, "hotel_value": ["4.6"], "hotel_price": ["216"]}, "430419": {"hotel_name": "\u9752\u5c9b\u4e2d\u5fc3\u5047\u65e5\u9152\u5e97", "order_time": ["2019-01-22 14:10:01"], "total_order": 1, "hotel_value": ["4.7"], "hotel_price": ["496"]}, "5980423": {"hotel_name": "\u89c2\u6d77\u57ce\u6d77\u666f\u516c\u5bd3(\u9752\u5c9b\u706b\u8f66\u7ad9\u6808\u6865\u5e97)", "order_time": ["2019-01-22 14:27:41", "2019-01-22 14:10:01"], "total_order": 2, "hotel_value": ["4.8", "4.8"], "hotel_price": ["83", "83"]}, "18034506": {"hotel_name": "\u6c49\u5510\u9152\u5e97(\u9752\u5c9b\u6d41\u4ead\u673a\u573a\u5e97)", "order_time": ["2019-01-22 14:10:01"], "total_order": 1, "hotel_value": ["4.8"], "hotel_price": ["248"]}, "535990": {"hotel_name": "\u9752\u5c9b\u8fdc\u6d0b\u5927\u9152\u5e97", "order_time": ["2019-01-22 14:10:01"], "total_order": 1, "hotel_value": ["4.6"], "hotel_price": ["332"]}, "2302413": {"hotel_name": "\u9752\u5c9b\u5b9c\u5c45\u5546\u52a1\u9152\u5e97", "order_time": ["2019-01-22 14:10:02"], "total_order": 1, "hotel_value": ["4.3"], "hotel_price": ["142"]}, "5266537": {"hotel_name": "\u5c1a\u5ba2\u4f18\u5feb\u6377\u9152\u5e97(\u9752\u5c9b\u5f00\u53d1\u533a\u9999\u6c5f\u4e8c\u8def\u5e97)", "order_time": ["2019-01-22 14:10:02"], "total_order": 1, "hotel_value": ["4.5"], "hotel_price": ["105"]}, "23472335": {"hotel_name": "\u7f8e\u8c6a\u4e3d\u81f4\u9152\u5e97(\u9752\u5c9b\u5e97)", "order_time": ["2019-01-22 14:43:54", "2019-01-22 14:10:03"], "total_order": 2, "hotel_value": ["4.8", "4.8"], "hotel_price": ["399", "399"]}, "2301077": {"hotel_name": "\u7231\u5c0a\u5ba2\u9152\u5e97(\u9752\u5c9b\u4e94\u56db\u5e7f\u573a\u5e97)", "order_time": ["2019-01-22 14:58:07", "2019-01-22 14:41:48", "2019-01-22 14:10:03"], "total_order": 3, "hotel_value": ["4.6", "4.6", "4.6"], "hotel_price": ["97", "97", "95"]}, "1372825": {"hotel_name": "\u5982\u5bb6\u5feb\u6377\u9152\u5e97(\u9752\u5c9b\u674e\u6ca7\u4e5d\u6c34\u8def\u4e07\u8fbe\u5e7f\u573a\u5e97)", "order_time": ["2019-01-22 14:10:04"], "total_order": 1, "hotel_value": ["4.5"], "hotel_price": ["128"]}, "701002": {"hotel_name": "\u4eac\u82d1\u8fde\u9501\u4e3b\u9898\u9152\u5e97(\u9752\u5c9b\u4e07\u8c61\u57ce\u5e97)", "order_time": ["2019-01-22 14:10:06"], "total_order": 1, "hotel_value": ["3.9"], "hotel_price": ["73"]}, "2007137": {"hotel_name": "\u9752\u5c9b\u8349\u8393\u9752\u5e74\u65c5\u820d", "order_time": ["2019-01-22 14:12:06"], "total_order": 1, "hotel_value": ["4.7"], "hotel_price": ["31"]}, "1730433": {"hotel_name": "\u9752\u5c9b\u4e16\u7f18\u60c5\u5047\u65e5\u9152\u5e97", "order_time": ["2019-01-22 14:12:06"], "total_order": 1, "hotel_value": ["4.5"], "hotel_price": ["158"]}, "2082416": {"hotel_name": "7\u5929\u8fde\u9501\u9152\u5e97(\u9752\u5c9b\u6d41\u4ead\u673a\u573a\u5e97)", "order_time": ["2019-01-22 15:02:20", "2019-01-22 14:12:07"], "total_order": 2, "hotel_value": ["4.1", "4.1"], "hotel_price": ["99", "99"]}, "1999346": {"hotel_name": "\u9752\u5c9b\u5982\u5bb6\u5929\u6865\u5546\u52a1\u5bbe\u9986", "order_time": ["2019-01-22 14:12:07"], "total_order": 1, "hotel_value": ["4.8"], "hotel_price": ["27"]}, "1664209": {"hotel_name": "\u9752\u5c9b\u5929\u745e\u661f\u7a7a\u9152\u5e97", "order_time": ["2019-01-22 14:12:07"], "total_order": 1, "hotel_value": ["4.6"], "hotel_price": ["430"]}, "1420488": {"hotel_name": "\u9752\u5c9b\u91d1\u6d77\u5546\u52a1\u5bbe\u9986(\u706b\u8f66\u7ad9\u897f\u5e7f\u573a\u5e97)", "order_time": ["2019-01-22 14:12:08"], "total_order": 1, "hotel_value": ["4.4"], "hotel_price": ["188"]}, "1644328": {"hotel_name": "\u9752\u5c9b\u4e07\u79d1\u57ce\u56fd\u9645\u516c\u5bd3", "order_time": ["2019-01-22 14:12:08"], "total_order": 1, "hotel_value": ["4.2"], "hotel_price": ["194"]}, "5006032": {"hotel_name": "\u542c\u6d77\u8f69\u5ea6\u5047\u516c\u5bd3\u9152\u5e97(\u9752\u5c9b\u4e2d\u8054\u81ea\u7531\u6e2f\u6e7e\u5e97)", "order_time": ["2019-01-22 14:12:10"], "total_order": 1, "hotel_value": ["4.7"], "hotel_price": ["74"]}, "1875800": {"hotel_name": "\u5982\u5bb6\u5feb\u6377\u9152\u5e97(\u9752\u5c9b\u4f1a\u5c55\u4e2d\u5fc3\u5927\u62c7\u6307\u5e7f\u573a\u5e97)", "order_time": ["2019-01-22 14:12:12"], "total_order": 1, "hotel_value": ["4.2"], "hotel_price": ["120"]}, "2295802": {"hotel_name": "\u9752\u5c9b\u6a31\u82b1\u96e8\u6d77\u666f\u65e5\u79df", "order_time": ["2019-01-22 14:12:24"], "total_order": 1, "hotel_value": ["3.6"], "hotel_price": ["35"]}, "23227885": {"hotel_name": "\u9752\u5c9b\u683c\u96f7\u65af\u7cbe\u9009\u9152\u5e97", "order_time": ["2019-01-22 14:25:14", "2019-01-22 14:14:11"], "total_order": 2, "hotel_value": ["4.9", "4.9"], "hotel_price": ["243", "243"]}, "438731": {"hotel_name": "\u4e2d\u822a\u7fd4\u901a\u6e38\u8247\u4f1a\u9152\u5e97(\u9752\u5c9b\u5965\u5e06\u4e2d\u5fc3\u4e94\u56db\u5e7f\u573a\u5e97)", "order_time": ["2019-01-22 14:14:12"], "total_order": 1, "hotel_value": ["4.8"], "hotel_price": ["321"]}, "25679475": {"hotel_name": "\u9752\u5c9b\u56db\u5b63\u4e07\u4f73\u9152\u5e97\u516c\u5bd3", "order_time": ["2019-01-22 14:14:13"], "total_order": 1, "hotel_value": ["4.8"], "hotel_price": ["206"]}, "469547": {"hotel_name": "\u6c49\u5ead\u9152\u5e97\uff08\u9752\u5c9b\u5f00\u53d1\u533a\u592a\u884c\u5c71\u8def\u9ec4\u5c9b\u6c7d\u8f66\u603b\u7ad9\u5e97\uff09\uff08\u539f\u5f00\u53d1\u533a\u592a\u884c\u5c71\u8def\u5e97\uff09", "order_time": ["2019-01-22 14:14:14"], "total_order": 1, "hotel_value": ["4.5"], "hotel_price": ["113"]}, "5981012": {"hotel_name": "\u81ea\u7531\u884c\u56fd\u9645\u9752\u5e74\u65c5\u820d(\u9752\u5c9b\u5288\u67f4\u9662\u5e97)", "order_time": ["2019-01-22 14:14:15"], "total_order": 1, "hotel_value": ["4.5"], "hotel_price": ["5"]}, "436462": {"hotel_name": "\u9082\u9005\u7f8e\u5bbf(\u9752\u5c9b\u4e2d\u5c71\u8def\u6808\u6865\u5e97)(\u539f\u9082\u9005\u56fd\u9645\u9752\u5e74\u65c5\u820d(\u4e2d\u5c71\u8def\u5929\u4e3b\u6559\u5802\u5e97))", "order_time": ["2019-01-22 14:14:21"], "total_order": 1, "hotel_value": ["4.5"], "hotel_price": ["42"]}, "22818817": {"hotel_name": "\u5609\u51ef\u8c6a\u7cbe\u54c1\u9152\u5e97(\u5373\u58a8\u9e64\u5c71\u8def\u5e97)", "order_time": ["2019-01-22 14:14:27"], "total_order": 1, "hotel_value": ["4.5"], "hotel_price": ["113"]}, "1257206": {"hotel_name": "\u7231\u5ba2100\u5546\u52a1\u5bbe\u9986(\u9752\u5c9b\u897f\u7530\u5e97)", "order_time": ["2019-01-22 14:14:27"], "total_order": 1, "hotel_value": ["4.2"], "hotel_price": ["69"]}, "1487235": {"hotel_name": "\u6ee8\u6cb3\u540d\u8f69\u5546\u52a1\u5bbe\u9986(\u9752\u5c9b\u6cb3\u5957\u5e97)", "order_time": ["2019-01-22 14:14:27"], "total_order": 1, "hotel_value": ["4.0"], "hotel_price": ["93"]}, "1871054": {"hotel_name": "\u94c2\u6e2f\u6d77\u666f\u5ea6\u5047\u516c\u5bd3(\u9752\u5c9b\u90a3\u9c81\u6e7e\u5e97)", "order_time": ["2019-01-22 14:14:27"], "total_order": 1, "hotel_value": ["4.3"], "hotel_price": ["114"]}, "24086984": {"hotel_name": "\u9752\u5c9b\u9890\u6e90\u5c45\u5bbe\u9986", "order_time": ["2019-01-22 14:14:27"], "total_order": 1, "hotel_value": ["5.0"], "hotel_price": ["93"]}, "7428194": {"hotel_name": "\u9752\u5c9b\u90fd\u5e02118\u516c\u5bd3(\u539f\u5580\u65af\u7279\u6587\u5316\u7cbe\u54c1\u9152\u5e97\u91d1\u6c99\u6ee9\u5e97)", "order_time": ["2019-01-22 14:14:27"], "total_order": 1, "hotel_value": ["4.5"], "hotel_price": ["90"]}, "1727504": {"hotel_name": "\u5e73\u5ea6\u5706\u4e2d\u65b9\u5927\u9152\u5e97", "order_time": ["2019-01-22 14:15:13"], "total_order": 1, "hotel_value": ["4.7"], "hotel_price": ["231"]}, "427837": {"hotel_name": "\u83ab\u6cf0168(\u9752\u5c9b\u4e2d\u5c71\u8def\u5546\u4e1a\u8857\u6808\u6865\u5e97)", "order_time": ["2019-01-22 14:16:13"], "total_order": 1, "hotel_value": ["4.4"], "hotel_price": ["78"]}, "5667955": {"hotel_name": "\u542f\u9f99\u5546\u52a1\u5bbe\u9986(\u9752\u5c9b\u65b9\u7279\u6e38\u4e50\u573a\u5e97)", "order_time": ["2019-01-22 14:16:23"], "total_order": 1, "hotel_value": ["3.6"], "hotel_price": ["100"]}, "21927191": {"hotel_name": "\u9752\u5c9b\u77e5\u9047\u5de7\u514b\u529b\u516c\u5bd3", "order_time": ["2019-01-22 14:16:23"], "total_order": 1, "hotel_value": ["5.0"], "hotel_price": ["68"]}, "4695161": {"hotel_name": "\u6e2f\u6e7e\u5b9c\u5bb6\u5047\u65e5\u9152\u5e97\u516c\u5bd3(\u9752\u5c9b\u4e2d\u8054\u81ea\u7531\u6e2f\u6e7e\u90ae\u8f6e\u6bcd\u6e2f\u5e97)", "order_time": ["2019-01-22 14:16:31"], "total_order": 1, "hotel_value": ["4.7"], "hotel_price": ["89"]}, "427999": {"hotel_name": "\u5982\u5bb6\u7cbe\u9009\u9152\u5e97(\u9752\u5c9b\u516b\u5927\u5173\u592a\u5e73\u89d2\u516c\u56ed\u5730\u94c1\u7ad9\u5e97)", "order_time": ["2019-01-22 14:18:28"], "total_order": 1, "hotel_value": ["4.7"], "hotel_price": ["179"]}, "393099": {"hotel_name": "\u9752\u5c9b\u5bcc\u529b\u827e\u7f8e\u9152\u5e97", "order_time": ["2019-01-22 15:11:32", "2019-01-22 14:18:29"], "total_order": 2, "hotel_value": ["4.6", "4.6"], "hotel_price": ["618", "618"]}, "16018600": {"hotel_name": "\u683c\u6797\u4e1c\u65b9\u9152\u5e97(\u9752\u5c9b\u4e16\u7eaa\u516c\u56ed\u6d41\u4ead\u673a\u573a\u5e97)", "order_time": ["2019-01-22 14:18:29"], "total_order": 1, "hotel_value": ["4.5"], "hotel_price": ["139"]}, "794951": {"hotel_name": "\u9752\u5c9b\u673a\u573a\u53cb\u4fe1\u822a\u7a7a\u516c\u5bd3", "order_time": ["2019-01-22 14:18:30"], "total_order": 1, "hotel_value": ["4.0"], "hotel_price": ["104"]}, "436457": {"hotel_name": "\u9752\u5c9b\u6cdb\u6d77\u540d\u4eba\u9152\u5e97", "order_time": ["2019-01-22 14:18:33"], "total_order": 1, "hotel_value": ["4.4"], "hotel_price": ["307"]}, "5999421": {"hotel_name": "\u7a7a\u94c1\u5047\u65e5\u9152\u5e97\u516c\u5bd3(\u9752\u5c9b\u673a\u573a\u5e97)", "order_time": ["2019-01-22 14:18:33"], "total_order": 1, "hotel_value": ["4.6"], "hotel_price": ["186"]}, "22454731": {"hotel_name": "\u9752\u5c9b\u8d1d\u9716\u7cbe\u9009\u9152\u5e97", "order_time": ["2019-01-22 14:18:34", "2019-01-22 14:39:09"], "total_order": 2, "hotel_value": ["4.9", "4.9"], "hotel_price": ["121", "121"]}, "21124467": {"hotel_name": "\u9752\u5c9b\u65af\u7ef4\u767b\u7cbe\u54c1\u516c\u5bd3(\u4f1a\u5c55\u4e2d\u5fc3\u77f3\u8001\u4eba\u6d77\u6c34\u6d74\u573a)", "order_time": ["2019-01-22 14:19:35"], "total_order": 1, "hotel_value": ["4.9"], "hotel_price": ["227"]}, "6173744": {"hotel_name": "\u5e73\u5ea6\u534e\u73ba\u5927\u9152\u5e97", "order_time": ["2019-01-22 14:19:36"], "total_order": 1, "hotel_value": ["4.7"], "hotel_price": ["319"]}, "4328415": {"hotel_name": "\u83b1\u897f\u5929\u58e4\u7cbe\u54c1\u9152\u5e97", "order_time": ["2019-01-22 14:19:37"], "total_order": 1, "hotel_value": ["4.4"], "hotel_price": ["124"]}, "1483933": {"hotel_name": "\u9752\u5c9b\u534e\u97e9\u5927\u9152\u5e97", "order_time": ["2019-01-22 14:19:37"], "total_order": 1, "hotel_value": ["4.0"], "hotel_price": ["242"]}, "1317308": {"hotel_name": "\u6c49\u5ead\u9152\u5e97\uff08\u9752\u5c9b\u516b\u5927\u5173\u592a\u5e73\u89d2\u516c\u56ed\u5730\u94c1\u7ad9\u5e97\uff09\uff08\u539f\u516b\u5927\u5173\u5e97)", "order_time": ["2019-01-22 14:20:42"], "total_order": 1, "hotel_value": ["4.6"], "hotel_price": ["161"]}, "1775197": {"hotel_name": "\u9526\u6c5f\u4e4b\u661f\u54c1\u5c1a(\u9752\u5c9b\u6cb3\u5357\u8def\u706b\u8f66\u7ad9\u5e97)4S\u5347\u7ea7\u5e97", "order_time": ["2019-01-22 14:20:44"], "total_order": 1, "hotel_value": ["4.5"], "hotel_price": ["139"]}, "1374349": {"hotel_name": "\u4eac\u82d1\u8fde\u9501\u7cbe\u54c1\u9152\u5e97(\u9752\u5c9b\u4e94\u56db\u5e7f\u573a\u5e97)", "order_time": ["2019-01-22 14:20:48"], "total_order": 1, "hotel_value": ["4.4"], "hotel_price": ["75"]}, "2496851": {"hotel_name": "\u5c1a\u5ba2\u4f18\u5feb\u6377\u9152\u5e97(\u9752\u5c9b\u6d41\u4ead\u673a\u573a\u5e97)", "order_time": ["2019-01-22 14:22:54"], "total_order": 1, "hotel_value": ["4.4"], "hotel_price": ["114"]}, "27711969": {"hotel_name": "\u9752\u5c9b\u9ed1\u9f99\u6c5f\u4e2d\u8def\u4e9a\u6735\u9152\u5e97", "order_time": ["2019-01-22 14:23:00"], "total_order": 1, "hotel_value": ["4.9"], "hotel_price": ["272"]}, "2304468": {"hotel_name": "\u5373\u58a8\u9f99\u534e\u5bbe\u9986", "order_time": ["2019-01-22 14:23:07"], "total_order": 1, "hotel_value": ["4.5"], "hotel_price": ["131"]}, "427997": {"hotel_name": "\u5982\u5bb6\u5feb\u6377\u9152\u5e97(\u9752\u5c9b\u57ce\u9633\u6b63\u9633\u4e2d\u8def\u5e97)", "order_time": ["2019-01-22 14:34:46", "2019-01-22 14:32:19", "2019-01-22 14:23:10"], "total_order": 3, "hotel_value": ["4.4", "4.4", "4.4"], "hotel_price": ["140", "140", "140"]}, "1914526": {"hotel_name": "\u661f\u7a0b\u9152\u5e97(\u9752\u5c9b\u632f\u534e\u8def\u5730\u94c1\u7ad9\u5e97)(\u539f\u9752\u5c9b\u706b\u8f66\u5317\u7ad9\u5e97)", "order_time": ["2019-01-22 14:25:08", "2019-01-22 15:02:24"], "total_order": 2, "hotel_value": ["4.2", "4.2"], "hotel_price": ["130", "130"]}, "1306753": {"hotel_name": "\u9752\u5c9b\u51ef\u83b1\u5546\u52a1\u9152\u5e97", "order_time": ["2019-01-22 15:02:36", "2019-01-22 14:25:09"], "total_order": 2, "hotel_value": ["4.2", "4.2"], "hotel_price": ["154", "154"]}, "6801113": {"hotel_name": "\u9752\u5c9b\u5609\u5e74\u534e\u5e7f\u573a\u5927\u9152\u5e97", "order_time": ["2019-01-22 14:25:09"], "total_order": 1, "hotel_value": ["4.7"], "hotel_price": ["465"]}, "1048386": {"hotel_name": "\u6854\u5b50\u9152\u5e97\u00b7\u7cbe\u9009(\u9752\u5c9b\u5965\u5e06\u4e2d\u5fc3\u5e97)(\u539f\u4e94\u56db\u5e7f\u573a\u5e97)", "order_time": ["2019-01-22 14:25:09"], "total_order": 1, "hotel_value": ["4.8"], "hotel_price": ["284"]}, "929520": {"hotel_name": "\u83ab\u6cf0168(\u9752\u5c9b\u674e\u6751\u5730\u94c1\u7ad9\u5cf0\u5c71\u8def\u5e97)(\u539f\u674e\u6ca7\u5e7f\u573a\u5cf0\u5c71\u8def\u5e97)", "order_time": ["2019-01-22 14:25:09"], "total_order": 1, "hotel_value": ["4.5"], "hotel_price": ["109"]}, "1730402": {"hotel_name": "\u62dc\u767b\u516c\u5bd3\u00b7\u9752\u5c9b\u4e95\u5188\u5c71\u8def\u5e97", "order_time": ["2019-01-22 14:25:09"], "total_order": 1, "hotel_value": ["4.7"], "hotel_price": ["104"]}, "19853118": {"hotel_name": "\u51ef\u66fc\u5ea6\u5047\u516c\u5bd3(\u9752\u5c9b\u5ef6\u5409\u8defCBD\u5e97)", "order_time": ["2019-01-22 14:25:11"], "total_order": 1, "hotel_value": ["4.8"], "hotel_price": ["207"]}, "532185": {"hotel_name": "\u9752\u5c9b\u6d77\u60c5\u5927\u9152\u5e97", "order_time": ["2019-01-22 14:25:11"], "total_order": 1, "hotel_value": ["4.6"], "hotel_price": ["399"]}, "1371788": {"hotel_name": "\u6854\u5b50\u00b7\u6c34\u6676\u9152\u5e97(\u9752\u5c9b\u4e94\u56db\u5e7f\u573a\u6d77\u666f\u5e97)", "order_time": ["2019-01-22 14:25:12"], "total_order": 1, "hotel_value": ["4.7"], "hotel_price": ["313"]}, "16127878": {"hotel_name": "\u9752\u5c9b\u73e0\u5c71\u5927\u996d\u5e97", "order_time": ["2019-01-22 14:43:54", "2019-01-22 14:25:14", "2019-01-22 15:07:06", "2019-01-22 15:00:12", "2019-01-22 14:29:50"], "total_order": 5, "hotel_value": ["4.7", "4.7", "4.7", "4.7", "4.7"], "hotel_price": ["323", "323", "323", "315", "315"]}, "486063": {"hotel_name": "\u9752\u5c9b\u56fd\u4fe1\u6d77\u5929\u4f53\u80b2\u4e2d\u5fc3\u9152\u5e97", "order_time": ["2019-01-22 14:25:14", "2019-01-22 14:48:31"], "total_order": 2, "hotel_value": ["4.5", "4.5"], "hotel_price": ["190", "190"]}, "994153": {"hotel_name": "\u5982\u5bb6\u5feb\u6377\u9152\u5e97(\u9752\u5c9b\u706b\u8f66\u5317\u7ad9\u5e97)", "order_time": ["2019-01-22 14:25:16"], "total_order": 1, "hotel_value": ["4.3"], "hotel_price": ["152"]}, "2298663": {"hotel_name": "\u7231\u5c0a\u5ba2\u9152\u5e97(\u9752\u5c9b\u4e94\u56db\u5e7f\u573a\u9999\u6e2f\u4e2d\u8def\u5e97)", "order_time": ["2019-01-22 14:25:17"], "total_order": 1, "hotel_value": ["4.6"], "hotel_price": ["125"]}, "371190": {"hotel_name": "\u9752\u5c9b\u9999\u683c\u91cc\u62c9\u5927\u9152\u5e97", "order_time": ["2019-01-22 14:46:11", "2019-01-22 14:25:17", "2019-01-22 15:02:24", "2019-01-22 15:11:32", "2019-01-22 14:39:18", "2019-01-22 14:50:50"], "total_order": 6, "hotel_value": ["4.7", "4.7", "4.7", "4.7", "4.7", "4.7"], "hotel_price": ["689", "689", "689", "689", "689", "689"]}, "2097028": {"hotel_name": "\u683c\u6797\u8c6a\u6cf0(\u9752\u5c9b\u706b\u8f66\u7ad9\u6808\u6865\u6e38\u8247\u7801\u5934\u5e97)", "order_time": ["2019-01-22 14:25:22"], "total_order": 1, "hotel_value": ["4.1"], "hotel_price": ["89"]}, "772111": {"hotel_name": "\u9752\u5c9b\u5a01\u65af\u6c40\u9152\u5e97", "order_time": ["2019-01-22 14:28:46", "2019-01-22 14:26:41", "2019-01-22 15:03:55"], "total_order": 3, "hotel_value": ["4.6", "4.6", "4.6"], "hotel_price": ["665", "665", "630"]}, "6825957": {"hotel_name": "\u9752\u5c9b\u7ef4\u591a\u5229\u4e9a\u54c1\u5982\u5bb6\u56ed\u9152\u5e97\u5f0f\u516c\u5bd3", "order_time": ["2019-01-22 14:27:33"], "total_order": 1, "hotel_value": ["4.5"], "hotel_price": ["77"]}, "8394909": {"hotel_name": "\u5343\u591c\u5ea6\u5047\u516c\u5bd3(\u9752\u5c9b\u6d41\u4ead\u673a\u573a\u5e97)", "order_time": ["2019-01-22 14:27:33"], "total_order": 1, "hotel_value": ["4.5"], "hotel_price": ["129"]}, "28528994": {"hotel_name": "\u9752\u5c9b\u6591\u9a6c\u7cbe\u4eab\u9152\u5e97", "order_time": ["2019-01-22 14:27:35"], "total_order": 1, "hotel_value": ["5.0"], "hotel_price": ["125"]}, "995169": {"hotel_name": "\u94f6\u5ea7\u4f73\u9a7f\u9152\u5e97(\u5373\u58a8\u5c0f\u5546\u54c1\u57ce\u5e97)", "order_time": ["2019-01-22 14:55:37", "2019-01-22 14:27:38"], "total_order": 2, "hotel_value": ["4.3", "4.3"], "hotel_price": ["117", "117"]}, "1826819": {"hotel_name": "\u9752\u5c9b\u6ee8\u6cb3\u540d\u8f69\u5546\u52a1\u5bbe\u9986\uff08\u68d8\u6d2a\u6ee9\u5e97\uff09", "order_time": ["2019-01-22 14:27:43"], "total_order": 1, "hotel_value": ["4.3"], "hotel_price": ["108"]}, "3384535": {"hotel_name": "\u9752\u5c9b\u65af\u7ef4\u767b\u670d\u52a1\u516c\u5bd3(\u9999\u6e2f\u4e2d\u8def\u4e3d\u6676\u5fa1\u7b51)", "order_time": ["2019-01-22 14:27:52"], "total_order": 1, "hotel_value": ["4.5"], "hotel_price": ["152"]}, "2301455": {"hotel_name": "\u9526\u6c5f\u4e4b\u661f(\u80f6\u5dde\u5e02\u80f6\u5dde\u4e1c\u8def\u5e97)", "order_time": ["2019-01-22 14:28:54"], "total_order": 1, "hotel_value": ["4.5"], "hotel_price": ["109"]}, "436468": {"hotel_name": "\u9752\u5c9b\u5c71\u5b5a\u5927\u9152\u5e97", "order_time": ["2019-01-22 14:29:48", "2019-01-22 14:50:43"], "total_order": 2, "hotel_value": ["4.6", "4.6"], "hotel_price": ["270", "270"]}, "654770": {"hotel_name": "\u9752\u5c9b\u4e3d\u5929\u5927\u9152\u5e97", "order_time": ["2019-01-22 14:29:48", "2019-01-22 14:39:13"], "total_order": 2, "hotel_value": ["4.8", "4.8"], "hotel_price": ["322", "322"]}, "443607": {"hotel_name": "\u9752\u5c9b\u6052\u90fd\u884c\u653f\u9152\u5e97", "order_time": ["2019-01-22 14:29:52"], "total_order": 1, "hotel_value": ["4.1"], "hotel_price": ["97"]}, "427991": {"hotel_name": "\u5982\u5bb6\u5feb\u6377\u9152\u5e97(\u9752\u5c9b\u53f0\u4e1c\u5546\u4e1a\u533a\u5229\u6d25\u8def\u5e97)", "order_time": ["2019-01-22 14:29:56"], "total_order": 1, "hotel_value": ["4.4"], "hotel_price": ["86"]}, "994155": {"hotel_name": "\u5982\u5bb6\u5feb\u6377\u9152\u5e97(\u9752\u5c9b\u91cd\u5e86\u5357\u8def\u4e07\u79d1\u57ce\u5e97)", "order_time": ["2019-01-22 14:29:58"], "total_order": 1, "hotel_value": ["4.6"], "hotel_price": ["119"]}, "1344328": {"hotel_name": "\u60e0\u5ba2\u6765\u5feb\u6377\u5bbe\u9986(\u9752\u5c9b\u6ca7\u5e7f\u8def\u5e97)", "order_time": ["2019-01-22 14:53:25", "2019-01-22 14:29:59"], "total_order": 2, "hotel_value": ["3.0", "3.0"], "hotel_price": ["61", "61"]}, "1994999": {"hotel_name": "\u80f6\u5dde\u7f8e\u5c14\u5e0c\u987f\u4e3b\u9898\u9152\u5e97", "order_time": ["2019-01-22 14:31:14"], "total_order": 1, "hotel_value": ["3.7"], "hotel_price": ["88"]}, "19616266": {"hotel_name": "\u66e6\u9014\u672a\u6765\u6d77\u666f\u5ea6\u5047\u516c\u5bd3(\u9752\u5c9b\u4f1a\u5c55\u4e2d\u5fc3\u77f3\u8001\u4eba\u6d77\u6c34\u6d74\u573a\u5e97)", "order_time": ["2019-01-22 14:32:19", "2019-01-22 15:11:36", "2019-01-22 14:43:52"], "total_order": 3, "hotel_value": ["4.8", "4.8", "4.8"], "hotel_price": ["209", "209", "209"]}, "436076": {"hotel_name": "\u9752\u5c9b\u6c47\u6cc9\u738b\u671d\u5927\u996d\u5e97", "order_time": ["2019-01-22 14:53:18", "2019-01-22 14:32:20", "2019-01-22 15:11:39"], "total_order": 3, "hotel_value": ["4.4", "4.4", "4.4"], "hotel_price": ["450", "450", "450"]}, "1344275": {"hotel_name": "\u9752\u5c9b\u56ed\u6f84\u5bb6\u5b66\u957f\u516c\u5bd3(\u539f\u56ed\u6f84\u5bb6\u5546\u52a1\u5bbe\u9986)", "order_time": ["2019-01-22 14:32:21"], "total_order": 1, "hotel_value": ["4.1"], "hotel_price": ["71"]}, "1925767": {"hotel_name": "\u9752\u5c9b\u7d2b\u73a5\u94c2\u5c14\u66fc\u9152\u5e97", "order_time": ["2019-01-22 14:32:22"], "total_order": 1, "hotel_value": ["4.5"], "hotel_price": ["401"]}, "2304536": {"hotel_name": "\u9752\u5c9b\u5929\u6ee1\u610f\u5bbe\u9986", "order_time": ["2019-01-22 14:32:24"], "total_order": 1, "hotel_value": ["4.4"], "hotel_price": ["68"]}, "480703": {"hotel_name": "\u9752\u5c9b\u91d1\u5bcc\u60a6\u7cbe\u54c1\u9152\u5e97", "order_time": ["2019-01-22 14:32:30"], "total_order": 1, "hotel_value": ["4.4"], "hotel_price": ["283"]}, "2471316": {"hotel_name": "\u9752\u5c9b\u6d77\u8109\u5c9b\u5546\u52a1\u9152\u5e97", "order_time": ["2019-01-22 14:32:30"], "total_order": 1, "hotel_value": ["4.2"], "hotel_price": ["155"]}, "5895533": {"hotel_name": "\u5373\u58a8\u7231\u5ba2100\u8fde\u9501\u5bbe\u9986\u670d\u88c5\u57ce\u5e97", "order_time": ["2019-01-22 14:32:31"], "total_order": 1, "hotel_value": ["4.5"], "hotel_price": ["93"]}, "6508376": {"hotel_name": "\u6155\u820d\u00b7\u8d1d\u683c\u9152\u5e97\u516c\u5bd3(\u9752\u5c9b\u4e07\u8c61\u57ce\u5965\u5e06\u4e94\u56db\u5e7f\u573a\u5e97)", "order_time": ["2019-01-22 14:55:34", "2019-01-22 14:33:44"], "total_order": 2, "hotel_value": ["4.9", "4.9"], "hotel_price": ["438", "438"]}, "454906": {"hotel_name": "\u9752\u5c9b\u7d22\u83f2\u4e9a\u56fd\u9645\u5927\u9152\u5e97", "order_time": ["2019-01-22 14:34:34"], "total_order": 1, "hotel_value": ["4.6"], "hotel_price": ["261"]}, "779889": {"hotel_name": "\u9526\u6c5f\u4e4b\u661f(\u9752\u5c9b\u4e94\u56db\u5e7f\u573a\u5357\u4eac\u8def\u5730\u94c1\u7ad9\u5e97)", "order_time": ["2019-01-22 14:34:36"], "total_order": 1, "hotel_value": ["4.4"], "hotel_price": ["129"]}, "1872002": {"hotel_name": "\u9752\u6e38\u8bb0(\u81ea\u7531\u884c\u65d7\u8230)\u56fd\u9645\u9752\u5e74\u65c5\u820d(\u9752\u5c9b\u706b\u8f66\u7ad9\u6808\u6865\u5288\u67f4\u9662\u4e2d\u5c71\u8def\u5e97)", "order_time": ["2019-01-22 14:34:38"], "total_order": 1, "hotel_value": ["4.8"], "hotel_price": ["9"]}, "6473128": {"hotel_name": "\u8bfa\u66fc\u5e95\u56fd\u9645\u516c\u5bd3(\u9752\u5c9b\u56fd\u4fe1\u4f1a\u5c55\u4e2d\u5fc3\u5e97)", "order_time": ["2019-01-22 14:34:39"], "total_order": 1, "hotel_value": ["4.6"], "hotel_price": ["115"]}, "2309481": {"hotel_name": "\u5c1a\u5ba2\u4f18\u9a8f\u6021\u57ce\u9645\u9152\u5e97(\u9752\u5c9b\u5f00\u53d1\u533a\u5bcc\u6625\u6c5f\u8def\u5e97)", "order_time": ["2019-01-22 14:34:39"], "total_order": 1, "hotel_value": ["4.2"], "hotel_price": ["70"]}, "427930": {"hotel_name": "\u5982\u5bb6\u5feb\u6377\u9152\u5e97(\u9752\u5c9b\u5c71\u4e1c\u8def\u4e2d\u592e\u5546\u52a1\u533a\u4e07\u8fbe\u5e7f\u573a\u5e97)", "order_time": ["2019-01-22 14:34:41"], "total_order": 1, "hotel_value": ["4.5"], "hotel_price": ["119"]}, "2970839": {"hotel_name": "\u9752\u5c9b\u8bfa\u4e01\u6c49\u6d77\u666f\u5ea6\u5047\u516c\u5bd3", "order_time": ["2019-01-22 14:34:42"], "total_order": 1, "hotel_value": ["4.3"], "hotel_price": ["75"]}, "2379128": {"hotel_name": "\u90fd\u5e02118\u8fde\u9501\u9152\u5e97(\u9752\u5c9b\u8f9b\u5b89\u5e97)", "order_time": ["2019-01-22 14:34:42"], "total_order": 1, "hotel_value": ["4.5"], "hotel_price": ["94"]}, "7112917": {"hotel_name": "\u6d77\u53cb\u9152\u5e97(\u9752\u5c9b\u706b\u8f66\u7ad9\u6808\u6865\u5e97)(\u539f\u6808\u6865\u5e97)", "order_time": ["2019-01-22 14:34:56"], "total_order": 1, "hotel_value": ["4.5"], "hotel_price": ["85"]}, "1936186": {"hotel_name": "\u5efa\u90a6\u58f9\u5609\u8fde\u9501\u9152\u5e97(\u5373\u58a8\u73af\u4fdd\u4ea7\u4e1a\u56ed\u5e97)", "order_time": ["2019-01-22 14:35:23"], "total_order": 1, "hotel_value": ["3.0"], "hotel_price": ["87"]}, "5466788": {"hotel_name": "\u82b1\u6eaa\u82b1\u56ed\u9152\u5e97(\u9752\u5c9b\u6d41\u4ead\u673a\u573a\u5e97)", "order_time": ["2019-01-22 14:36:53", "2019-01-22 14:43:51"], "total_order": 2, "hotel_value": ["4.4", "4.4"], "hotel_price": ["198", "198"]}, "1362121": {"hotel_name": "\u90fd\u5e02118(\u9752\u5c9b\u6b63\u9633\u8def\u5229\u7fa4\u5e97)", "order_time": ["2019-01-22 14:36:59"], "total_order": 1, "hotel_value": ["4.4"], "hotel_price": ["100"]}, "1119452": {"hotel_name": "\u9752\u5c9b\u4e1c\u6d77\u541b\u60a6\u9152\u5e97", "order_time": ["2019-01-22 14:37:00"], "total_order": 1, "hotel_value": ["4.5"], "hotel_price": ["72"]}, "1746733": {"hotel_name": "\u9752\u5c9b\u5730\u5e73\u7ebf\u6e29\u99a8\u5bbe\u9986", "order_time": ["2019-01-22 14:37:02"], "total_order": 1, "hotel_value": ["3.3"], "hotel_price": ["66"]}, "5466976": {"hotel_name": "\u56db\u5b63\u7cbe\u9009\u9152\u5e97\u516c\u5bd3(\u9752\u5c9b\u81ea\u7531\u6e2f\u6e7e\u5e97)(\u539f\u67cf\u5c4b\u9152\u5e97\u516c\u5bd3)", "order_time": ["2019-01-22 14:37:11"], "total_order": 1, "hotel_value": ["4.6"], "hotel_price": ["65"]}, "1727813": {"hotel_name": "\u5e73\u5ea6\u53c8\u4e00\u6751\u5927\u9152\u5e97", "order_time": ["2019-01-22 14:37:38"], "total_order": 1, "hotel_value": ["4.5"], "hotel_price": ["98"]}, "994089": {"hotel_name": "\u5982\u5bb6\u5feb\u6377\u9152\u5e97(\u9752\u5c9b\u706b\u8f66\u5317\u7ad9\u632f\u534e\u8def\u5730\u94c1\u7ad9\u5e97)", "order_time": ["2019-01-22 14:39:09"], "total_order": 1, "hotel_value": ["4.4"], "hotel_price": ["95"]}, "19587956": {"hotel_name": "\u9752\u5c9b\u665f\u5bd3\u65f6\u5149\u516c\u5bd3(\u539f\u4f17\u5bd3\u65f6\u4ee3\u5149\u516c\u5bd3)", "order_time": ["2019-01-22 14:39:11", "2019-01-22 15:02:26"], "total_order": 2, "hotel_value": ["4.6", "4.6"], "hotel_price": ["90", "90"]}, "501895": {"hotel_name": "\u9752\u5c9b\u5b8f\u7a0b\u7ca4\u6d77\u9152\u5e97", "order_time": ["2019-01-22 14:39:11"], "total_order": 1, "hotel_value": ["4.5"], "hotel_price": ["270"]}, "447276": {"hotel_name": "\u9752\u5c9b\u6808\u6865\u738b\u5b50\u996d\u5e97", "order_time": ["2019-01-22 14:39:13"], "total_order": 1, "hotel_value": ["4.4"], "hotel_price": ["135"]}, "1373267": {"hotel_name": "\u5982\u5bb6\u5feb\u6377\u9152\u5e97(\u9752\u5c9b\u674e\u6751\u5730\u94c1\u7ad9\u6b65\u884c\u8857\u5e97)", "order_time": ["2019-01-22 14:39:15"], "total_order": 1, "hotel_value": ["4.6"], "hotel_price": ["109"]}, "13953172": {"hotel_name": "\u9752\u5c9b\u9633\u5149\u4e00\u54c1\u5ea6\u5047\u516c\u5bd3", "order_time": ["2019-01-22 14:39:20"], "total_order": 1, "hotel_value": ["4.3"], "hotel_price": ["101"]}, "705077": {"hotel_name": "\u7231\u5c1a\u5bb6\u8fde\u9501\u9152\u5e97(\u9752\u5c9b\u5965\u5e06\u4e2d\u5fc3\u6fb3\u95e8\u8def\u5e97)", "order_time": ["2019-01-22 14:39:28"], "total_order": 1, "hotel_value": ["3.9"], "hotel_price": ["76"]}, "18066062": {"hotel_name": "\u9752\u5c9b\u90ed\u91d1\u53cb\u7279\u8272\u6c11\u5bbf(\u4e91\u5357\u8def\u5206\u5e97)", "order_time": ["2019-01-22 14:39:48"], "total_order": 1, "hotel_value": [0], "hotel_price": ["100"]}, "443360": {"hotel_name": "\u5e73\u5ea6\u90fd\u5e02\u661f\u8054\u5927\u9152\u5e97", "order_time": ["2019-01-22 14:40:38"], "total_order": 1, "hotel_value": ["4.5"], "hotel_price": ["122"]}, "17513505": {"hotel_name": "\u5982\u5bb6\u5feb\u6377\u9152\u5e97(\u9752\u5c9b\u4e2d\u592e\u5546\u52a1\u533a\u9547\u6c5f\u5317\u8def\u5e97)", "order_time": ["2019-01-22 14:41:40"], "total_order": 1, "hotel_value": ["4.5"], "hotel_price": ["152"]}, "2300090": {"hotel_name": "\u5c1a\u5ba2\u4f18\u5feb\u6377\u9152\u5e97(\u9752\u5c9b\u5609\u9675\u6c5f\u897f\u8def\u5e97)", "order_time": ["2019-01-22 14:41:40"], "total_order": 1, "hotel_value": ["4.3"], "hotel_price": ["74"]}, "436463": {"hotel_name": "\u9752\u5c9b\u8c6a\u68ee\u5e9c\u90b8\u56fd\u9645\u9152\u5e97", "order_time": ["2019-01-22 14:41:43"], "total_order": 1, "hotel_value": ["4.6"], "hotel_price": ["392"]}, "1316453": {"hotel_name": "\u6c49\u5ead\u9152\u5e97(\u9752\u5c9b\u798f\u5dde\u5357\u8def\u5e97)", "order_time": ["2019-01-22 14:41:48", "2019-01-22 15:09:31"], "total_order": 2, "hotel_value": ["4.2", "4.2"], "hotel_price": ["123", "123"]}, "371188": {"hotel_name": "\u9752\u5c9b\u9890\u4e2d\u7687\u51a0\u5047\u65e5\u9152\u5e97", "order_time": ["2019-01-22 14:41:48", "2019-01-22 15:04:50"], "total_order": 2, "hotel_value": ["4.5", "4.5"], "hotel_price": ["534", "534"]}, "1282591": {"hotel_name": "\u9752\u5c9b\u5df4\u9ece\u82d1\u5546\u52a1\u5bbe\u9986", "order_time": ["2019-01-22 14:41:51"], "total_order": 1, "hotel_value": ["3.9"], "hotel_price": ["168"]}, "919746": {"hotel_name": "\u4ebf\u5bb6\u8fde\u9501\u9152\u5e97(\u9752\u5c9b\u5929\u5e55\u57ce\u5e97)", "order_time": ["2019-01-22 14:42:00"], "total_order": 1, "hotel_value": ["4.4"], "hotel_price": ["59"]}, "7369044": {"hotel_name": "\u9752\u5c9b\u767e\u8bfa\u6d77\u6d0b\u516c\u5bd3", "order_time": ["2019-01-22 14:42:05"], "total_order": 1, "hotel_value": ["4.7"], "hotel_price": ["84"]}, "2166570": {"hotel_name": "\u9752\u5c9b\u7f57\u66fc\u5ba2\u7cbe\u54c1\u4e3b\u9898\u9152\u5e97", "order_time": ["2019-01-22 14:43:56"], "total_order": 1, "hotel_value": ["4.1"], "hotel_price": ["95"]}, "994151": {"hotel_name": "\u5982\u5bb6\u5feb\u6377\u9152\u5e97(\u9752\u5c9b\u674e\u6751\u5730\u94c1\u7ad9\u4eac\u53e3\u8def\u5e97)", "order_time": ["2019-01-22 14:43:58"], "total_order": 1, "hotel_value": ["4.5"], "hotel_price": ["109"]}, "451125": {"hotel_name": "\u90fd\u5e02118(\u9752\u5c9b\u4e95\u5188\u5c71\u8def\u5e97)", "order_time": ["2019-01-22 14:43:58", "2019-01-22 14:46:08", "2019-01-22 15:04:50"], "total_order": 3, "hotel_value": ["4.5", "4.5", "4.5"], "hotel_price": ["69", "69", "69"]}, "438270": {"hotel_name": "\u7231\u5c0a\u5ba2\u9152\u5e97(\u9752\u5c9b\u5965\u5e06\u4e2d\u5fc3\u5e97)(\u539f\u6d77\u797a\u5e97)", "order_time": ["2019-01-22 14:44:00"], "total_order": 1, "hotel_value": ["4.6"], "hotel_price": ["145"]}, "1604937": {"hotel_name": "\u53ef\u4e34\u5b81\u8fde\u9501\u9152\u5e97(\u9752\u5c9b\u53f0\u4e1c\u4e09\u8def\u5e97)(\u539f\u524d\u7a0b\u5c0f\u6cca\u65f6\u5c1a\u5bbe\u9986\u53f0\u4e1c\u5e97)", "order_time": ["2019-01-22 14:44:11"], "total_order": 1, "hotel_value": ["3.6"], "hotel_price": ["52"]}, "1603330": {"hotel_name": "\u9752\u5c9b\u97e9\u76db\u6021\u5bb6\u9752\u5e74\u65c5\u793e", "order_time": ["2019-01-22 14:44:12"], "total_order": 1, "hotel_value": ["1.6"], "hotel_price": ["10"]}, "1886636": {"hotel_name": "\u9752\u5c9b\u65b0\u9f99\u6e90\u7687\u5bb6\u9152\u5e97", "order_time": ["2019-01-22 14:44:12"], "total_order": 1, "hotel_value": ["4.3"], "hotel_price": ["78"]}, "1321781": {"hotel_name": "\u9752\u5c9b\u4e50\u884c\u5bbe\u9986", "order_time": ["2019-01-22 14:44:12"], "total_order": 1, "hotel_value": ["3.5"], "hotel_price": ["58"]}, "2073609": {"hotel_name": "\u9752\u5c9b\u91d1\u5cb8\u5feb\u6377\u9152\u5e97", "order_time": ["2019-01-22 14:44:12"], "total_order": 1, "hotel_value": ["4.1"], "hotel_price": ["69"]}, "8576099": {"hotel_name": "\u745e\u66fc\u8fbe\u9152\u5e97(\u80f6\u5dde\u4e2d\u5fc3\u5e97)", "order_time": ["2019-01-22 14:44:47", "2019-01-22 14:54:19"], "total_order": 2, "hotel_value": ["4.8", "4.8"], "hotel_price": ["240", "240"]}, "1786865": {"hotel_name": "\u9752\u5c9b\u597d\u4e16\u754c\u7cbe\u54c1\u9152\u5e97", "order_time": ["2019-01-22 14:53:21", "2019-01-22 14:46:10"], "total_order": 2, "hotel_value": ["4.8", "4.8"], "hotel_price": ["81", "81"]}, "6525125": {"hotel_name": "Q\u52a0\u00b7\u60a6\u6f9c\u9152\u5e97\u516c\u5bd3(\u9752\u5c9b\u4e94\u56db\u5e7f\u573a\u4e07\u8c61\u57ce\u5e97)", "order_time": ["2019-01-22 14:46:14"], "total_order": 1, "hotel_value": ["4.7"], "hotel_price": ["236"]}, "1522247": {"hotel_name": "\u9752\u5c9b\u91d1\u5ea7\u516c\u5bd3\u9152\u5e97", "order_time": ["2019-01-22 14:46:15"], "total_order": 1, "hotel_value": ["4.5"], "hotel_price": ["145"]}, "21122269": {"hotel_name": "\u9752\u5c9b\u84dd\u6735\u6d77\u666f\u5047\u65e5\u516c\u5bd3", "order_time": ["2019-01-22 14:46:16"], "total_order": 1, "hotel_value": ["4.9"], "hotel_price": ["217"]}, "5981423": {"hotel_name": "99\u4f18\u9009\u9152\u5e97(\u9752\u5c9b\u706b\u8f66\u7ad9\u6808\u6865\u4e2d\u5c71\u8def\u5e97)", "order_time": ["2019-01-22 14:46:29"], "total_order": 1, "hotel_value": ["4.3"], "hotel_price": ["67"]}, "2299621": {"hotel_name": "\u7231\u5c0a\u5ba2\u8fde\u9501\u9152\u5e97(\u80f6\u5dde\u5e97)", "order_time": ["2019-01-22 15:08:10", "2019-01-22 14:46:57"], "total_order": 2, "hotel_value": ["4.1", "4.1"], "hotel_price": ["83", "83"]}, "346318": {"hotel_name": "\u9752\u5c9b\u80f6\u5dde\u7eff\u57ce\u559c\u6765\u767b\u9152\u5e97", "order_time": ["2019-01-22 14:47:16"], "total_order": 1, "hotel_value": ["4.6"], "hotel_price": ["458"]}, "6867438": {"hotel_name": "\u9752\u5c9b\u91cc\u9662\u7cbe\u54c1\u9152\u5e97", "order_time": ["2019-01-22 14:48:30"], "total_order": 1, "hotel_value": ["4.5"], "hotel_price": ["63"]}, "4328552": {"hotel_name": "\u9752\u5c9b\u4e50\u6e90\u9152\u5e97", "order_time": ["2019-01-22 14:48:31"], "total_order": 1, "hotel_value": ["4.4"], "hotel_price": ["164"]}, "4539535": {"hotel_name": "\u4e16\u7eaa\u53cc\u5e06\u6d77\u666f\u5ea6\u5047\u9152\u5e97(\u9752\u5c9b\u80f6\u5357\u90a3\u9c81\u6e7e\u5e97)", "order_time": ["2019-01-22 14:48:32"], "total_order": 1, "hotel_value": ["4.8"], "hotel_price": ["83"]}, "1434596": {"hotel_name": "\u91cc\u9662\u5ba2\u6808(\u9752\u5c9b\u706b\u8f66\u7ad9\u5e97)", "order_time": ["2019-01-22 14:48:34"], "total_order": 1, "hotel_value": ["4.6"], "hotel_price": ["68"]}, "2258446": {"hotel_name": "\u5982\u5bb6\u5feb\u6377\u9152\u5e97(\u9752\u5c9b\u6808\u6865\u4eba\u6c11\u4f1a\u5802\u5730\u94c1\u7ad9\u9f99\u53e3\u8def\u5e97)", "order_time": ["2019-01-22 14:48:45"], "total_order": 1, "hotel_value": ["4.4"], "hotel_price": ["110"]}, "2213948": {"hotel_name": "\u9752\u5c9b\u84dd\u5929\u6e2f\u6e7e\u5047\u65e5\u516c\u5bd3", "order_time": ["2019-01-22 14:49:05"], "total_order": 1, "hotel_value": ["4.5"], "hotel_price": ["73"]}, "1198136": {"hotel_name": "\u9752\u5c9b\u5229\u5ba2\u6765\u5546\u52a1\u9152\u5e97", "order_time": ["2019-01-22 14:50:44"], "total_order": 1, "hotel_value": ["4.2"], "hotel_price": ["116"]}, "17182438": {"hotel_name": "\u4e16\u60a6\u8f7b\u5962\u5ea6\u5047\u516c\u5bd3(\u9752\u5c9b\u9999\u6e2f\u4e2d\u8def\u4e3d\u6676\u5fa1\u7b51\u5e97)", "order_time": ["2019-01-22 14:55:39", "2019-01-22 14:50:44"], "total_order": 2, "hotel_value": ["4.7", "4.7"], "hotel_price": ["134", "134"]}, "437482": {"hotel_name": "\u9752\u5c9b\u534e\u5ba2\u5ea6\u5047\u9152\u5e97", "order_time": ["2019-01-22 14:50:45"], "total_order": 1, "hotel_value": ["4.6"], "hotel_price": ["149"]}, "22764589": {"hotel_name": "\u9752\u5c9b\u6e29\u5c0f\u59d0\u516c\u5bd3", "order_time": ["2019-01-22 14:50:45"], "total_order": 1, "hotel_value": ["5.0"], "hotel_price": ["103"]}, "1290135": {"hotel_name": "\u5586\u60a6\u7cbe\u54c1\u8fde\u9501\u9152\u5e97(\u9752\u5c9b\u674e\u6751\u6b65\u884c\u8857\u541b\u5cf0\u8def\u5730\u94c1\u7ad9\u5e97)", "order_time": ["2019-01-22 14:50:46"], "total_order": 1, "hotel_value": ["4.2"], "hotel_price": ["81"]}, "436088": {"hotel_name": "\u9752\u5c9b\u8d35\u90fd\u56fd\u9645\u5927\u996d\u5e97(\u539f\u9752\u5c9b\u56fd\u6566\u5927\u9152\u5e97)", "order_time": ["2019-01-22 14:50:48"], "total_order": 1, "hotel_value": ["4.6"], "hotel_price": ["383"]}, "430396": {"hotel_name": "\u9752\u5c9b\u5b9d\u9f99\u798f\u670b\u559c\u6765\u767b\u9152\u5e97", "order_time": ["2019-01-22 14:50:48"], "total_order": 1, "hotel_value": ["4.6"], "hotel_price": ["639"]}, "429108": {"hotel_name": "\u9752\u5c9b\u94f6\u6c99\u6ee9\u6e29\u5fb7\u59c6\u81f3\u5c0a\u9152\u5e97", "order_time": ["2019-01-22 14:50:48"], "total_order": 1, "hotel_value": ["4.5"], "hotel_price": ["414"]}, "8426688": {"hotel_name": "\u5982\u5bb6\u7cbe\u9009\u9152\u5e97(\u9752\u5c9b\u706b\u8f66\u7ad9\u6808\u6865\u5e97)", "order_time": ["2019-01-22 14:50:49"], "total_order": 1, "hotel_value": ["4.6"], "hotel_price": ["157"]}, "1734527": {"hotel_name": "\u9752\u5c9b\u7d2b\u8346\u82d1\u5bbe\u9986", "order_time": ["2019-01-22 14:50:49"], "total_order": 1, "hotel_value": ["4.6"], "hotel_price": ["353"]}, "2071300": {"hotel_name": "\u4eac\u82d1\u8fde\u9501\u827a\u672f\u9152\u5e97(\u9752\u5c9b\u5fb7\u56fd\u98ce\u60c5\u8857\u5e97)", "order_time": ["2019-01-22 14:50:50"], "total_order": 1, "hotel_value": ["4.4"], "hotel_price": ["53"]}, "397581": {"hotel_name": "\u9526\u6c5f\u90fd\u57ce\u9152\u5e97(\u9752\u5c9b\u5927\u5b66\u5e97)", "order_time": ["2019-01-22 14:50:50"], "total_order": 1, "hotel_value": ["4.5"], "hotel_price": ["181"]}, "2301079": {"hotel_name": "\u7231\u5c0a\u5ba2\u9152\u5e97(\u9752\u5c9b\u516b\u5927\u5173\u5e97)", "order_time": ["2019-01-22 14:50:50"], "total_order": 1, "hotel_value": ["4.6"], "hotel_price": ["104"]}, "456949": {"hotel_name": "\u9752\u5c9b\u9ec4\u6d77\u996d\u5e97", "order_time": ["2019-01-22 14:53:09"], "total_order": 1, "hotel_value": ["4.8"], "hotel_price": ["358"]}, "2209171": {"hotel_name": "\u5c1a\u5ba2\u4f18\u54c1\u9152\u5e97(\u9752\u5c9b\u5f00\u53d1\u533a\u9999\u6c5f\u8def\u957f\u6c5f\u8d2d\u7269\u5e7f\u573a\u5e97)(\u539f\u5c1a\u5ba2\u4f18\u7cbe\u9009\u9152\u5e97)", "order_time": ["2019-01-22 14:53:16"], "total_order": 1, "hotel_value": ["4.7"], "hotel_price": ["109"]}, "445195": {"hotel_name": "\u9752\u5c9b\u4e1c\u6656\u56fd\u9645\u5927\u9152\u5e97", "order_time": ["2019-01-22 14:53:17"], "total_order": 1, "hotel_value": ["4.5"], "hotel_price": ["266"]}, "450923": {"hotel_name": "\u9752\u5c9b\u4e16\u7eaa\u6d77\u4e30\u5927\u9152\u5e97", "order_time": ["2019-01-22 14:53:17"], "total_order": 1, "hotel_value": ["4.7"], "hotel_price": ["289"]}, "2639045": {"hotel_name": "\u9752\u5c9b\u4e2d\u8054\u81ea\u7531\u6e2f\u6e7e\u9152\u5e97", "order_time": ["2019-01-22 14:55:46"], "total_order": 1, "hotel_value": ["4.4"], "hotel_price": ["236"]}, "1093405": {"hotel_name": "\u9752\u5c9b\u4e16\u56ed\u5bd2\u8f69\u9152\u5e97", "order_time": ["2019-01-22 14:55:46"], "total_order": 1, "hotel_value": ["4.5"], "hotel_price": ["399"]}, "6284231": {"hotel_name": "\u9752\u5c9b\u745e\u5947\u6d77\u666f\u5ea6\u5047\u516c\u5bd3\u4e2d\u8054\u81ea\u7531\u6e2f\u6e7e\u5e97", "order_time": ["2019-01-22 14:55:47"], "total_order": 1, "hotel_value": ["4.7"], "hotel_price": ["74"]}, "27854182": {"hotel_name": "\u9752\u5c9b\u552f\u60a6\u7cbe\u54c1\u516c\u5bd3", "order_time": ["2019-01-22 14:55:55"], "total_order": 1, "hotel_value": ["5.0"], "hotel_price": ["56"]}, "2147568": {"hotel_name": "\u83b1\u897f\u534e\u73ba\u5927\u9152\u5e97", "order_time": ["2019-01-22 14:56:32"], "total_order": 1, "hotel_value": ["4.7"], "hotel_price": ["449"]}, "533093": {"hotel_name": "\u9752\u5c9b\u827e\u4e3d\u534e\u9152\u5e97", "order_time": ["2019-01-22 14:57:54"], "total_order": 1, "hotel_value": ["3.7"], "hotel_price": ["281"]}, "25900827": {"hotel_name": "\u53cc\u5b50\u661f\u6d77\u666f\u516c\u5bd3(\u9752\u5c9b\u4f1a\u5c55\u4e2d\u5fc3\u77f3\u8001\u4eba\u6d77\u6c34\u6d74\u573a\u5e97)", "order_time": ["2019-01-22 14:57:54"], "total_order": 1, "hotel_value": ["5.0"], "hotel_price": ["183"]}, "5965835": {"hotel_name": "\u9752\u5c9bMZ\u89c2\u6d77\u5c0f\u5c4b", "order_time": ["2019-01-22 14:57:57"], "total_order": 1, "hotel_value": ["4.6"], "hotel_price": ["101"]}, "1692619": {"hotel_name": "\u9752\u5c9b\u90fd\u5e02\u6625\u5929\u5047\u65e5\u5bbe\u9986(\u674e\u6751\u5b9d\u9f99\u5e7f\u573a\u5e97)", "order_time": ["2019-01-22 14:57:58"], "total_order": 1, "hotel_value": ["4.3"], "hotel_price": ["84"]}, "1702042": {"hotel_name": "\u9752\u5c9b\u5feb\u4e50\u5047\u65e5\u7cbe\u54c1\u9152\u5e97", "order_time": ["2019-01-22 14:58:05"], "total_order": 1, "hotel_value": ["4.5"], "hotel_price": ["89"]}, "1580854": {"hotel_name": "5\u53f7\u4f11\u95f2\u9752\u5e74\u65c5\u793e", "order_time": ["2019-01-22 14:58:43"], "total_order": 1, "hotel_value": ["4.1"], "hotel_price": ["48"]}, "4739036": {"hotel_name": "\u83b1\u897f\u5e02\u6797\u6210\u5546\u52a1\u5bbe\u9986", "order_time": ["2019-01-22 14:58:45"], "total_order": 1, "hotel_value": ["4.8"], "hotel_price": ["40"]}, "1715946": {"hotel_name": "\u9752\u5c9b\u7ef4\u7eb3\u65af\u54c1\u4f4d\u8fde\u9501\u9152\u5e97", "order_time": ["2019-01-22 15:00:08"], "total_order": 1, "hotel_value": ["4.1"], "hotel_price": ["79"]}, "8670998": {"hotel_name": "\u9752\u5c9b\u767e\u8109\u660e\u73e0\u82b1\u56ed\u9152\u5e97", "order_time": ["2019-01-22 15:00:09"], "total_order": 1, "hotel_value": ["4.6"], "hotel_price": ["88"]}, "1426280": {"hotel_name": "\u91d1\u6d77\u7ea2\u5b87\u5bbe\u9986(\u9752\u5c9b\u706b\u8f66\u7ad9\u897f\u5e7f\u573a\u5e97)", "order_time": ["2019-01-22 15:00:10"], "total_order": 1, "hotel_value": ["4.6"], "hotel_price": ["109"]}, "1070435": {"hotel_name": "\u5982\u5bb6\u5feb\u6377\u9152\u5e97(\u9752\u5c9b\u6808\u6865\u706b\u8f66\u7ad9\u4e1c\u5e7f\u573a\u5e97)", "order_time": ["2019-01-22 15:00:11", "2019-01-22 15:02:20"], "total_order": 2, "hotel_value": ["4.5", "4.5"], "hotel_price": ["92", "92"]}, "994154": {"hotel_name": "\u5982\u5bb6\u5feb\u6377\u9152\u5e97(\u9752\u5c9b\u5c71\u4e1c\u8def\u4e2d\u592e\u5546\u52a1\u533a\u91cd\u5e86\u5357\u8def\u5e97)", "order_time": ["2019-01-22 15:00:11", "2019-01-22 15:07:09"], "total_order": 2, "hotel_value": ["4.4", "4.4"], "hotel_price": ["99", "99"]}, "21780668": {"hotel_name": "\u90fd\u5e02118(\u9752\u5c9b\u5373\u58a8\u5f00\u53d1\u533a\u6cf0\u5c71\u4e8c\u8def\u5e97)", "order_time": ["2019-01-22 15:00:14"], "total_order": 1, "hotel_value": ["4.9"], "hotel_price": ["93"]}, "669124": {"hotel_name": "\u9752\u5c9b\u534e\u4fa8\u56fd\u9645\u996d\u5e97", "order_time": ["2019-01-22 15:02:21", "2019-01-22 15:00:17"], "total_order": 2, "hotel_value": ["4.3", "4.3"], "hotel_price": ["198", "198"]}, "1886446": {"hotel_name": "\u7231\u820d\u7a7a\u95f4\u5546\u52a1\u9152\u5e97(\u9752\u5c9b\u5c1a\u6ea2\u5e97)", "order_time": ["2019-01-22 15:02:20"], "total_order": 1, "hotel_value": ["4.5"], "hotel_price": ["83"]}, "439559": {"hotel_name": "\u6606\u4ed1\u548c\u60a6\u5ea6\u5047\u9152\u5e97(\u9752\u5c9b\u5965\u5e06\u4e2d\u5fc3\u5e97)", "order_time": ["2019-01-22 15:02:22"], "total_order": 1, "hotel_value": ["4.3"], "hotel_price": ["197"]}, "439773": {"hotel_name": "\u9752\u5c9b\u8fdc\u96c4\u60a6\u6765\u9152\u5e97\u516c\u5bd3", "order_time": ["2019-01-22 15:02:22"], "total_order": 1, "hotel_value": ["4.6"], "hotel_price": ["459"]}, "21826038": {"hotel_name": "\u9752\u5c9b\u6c49\u5353\u9152\u5e97", "order_time": ["2019-01-22 15:02:22"], "total_order": 1, "hotel_value": ["4.7"], "hotel_price": ["424"]}, "10186829": {"hotel_name": "\u9526\u6c5f\u90fd\u57ce(\u9752\u5c9b\u65b0\u90fd\u5fc3\u5e97)", "order_time": ["2019-01-22 15:09:29", "2019-01-22 15:02:22"], "total_order": 2, "hotel_value": ["4.6", "4.6"], "hotel_price": ["271", "271"]}, "5033186": {"hotel_name": "\u7ef4\u4e5f\u7eb3\u667a\u597d\u9152\u5e97(\u9752\u5c9b\u5373\u58a8\u5e97)(\u539f\u65fa\u534e\u5927\u9152\u5e97)", "order_time": ["2019-01-22 15:02:22"], "total_order": 1, "hotel_value": ["4.5"], "hotel_price": ["167"]}, "2980755": {"hotel_name": "7\u5929\u8fde\u9501\u9152\u5e97(\u9752\u5c9b\u6c7d\u8f66\u603b\u7ad9\u676d\u5dde\u8def\u5e97)", "order_time": ["2019-01-22 15:02:23"], "total_order": 1, "hotel_value": ["4.2"], "hotel_price": ["69"]}, "4677001": {"hotel_name": "\u9752\u5c9b\u5357\u65b9\u6d77\u5cb8\u5ea6\u5047\u9152\u5e97", "order_time": ["2019-01-22 15:02:24"], "total_order": 1, "hotel_value": ["4.6"], "hotel_price": ["70"]}, "1604945": {"hotel_name": "\u7231\u5c0a\u5ba2\u9152\u5e97(\u9752\u5c9b\u53f0\u4e1c\u6b65\u884c\u8857\u5e97)", "order_time": ["2019-01-22 15:02:25"], "total_order": 1, "hotel_value": ["4.3"], "hotel_price": ["79"]}, "25557473": {"hotel_name": "\u9752\u5c9b\u68e0\u66fc\u9152\u5e97", "order_time": ["2019-01-22 15:02:36"], "total_order": 1, "hotel_value": ["4.7"], "hotel_price": ["139"]}, "876447": {"hotel_name": "\u83b1\u897f\u767d\u9e6d\u6e56\u6e29\u6cc9\u5ea6\u5047\u533a", "order_time": ["2019-01-22 15:03:47"], "total_order": 1, "hotel_value": ["4.2"], "hotel_price": ["203"]}, "5380813": {"hotel_name": "\u90fd\u5e02118\uff08\u9752\u5c9b\u6d77\u5c14\u5de5\u4e1a\u56ed\u52b2\u677e\u4e03\u8def\u5e97\uff09", "order_time": ["2019-01-22 15:04:44"], "total_order": 1, "hotel_value": ["4.3"], "hotel_price": ["93"]}, "5147819": {"hotel_name": "\u6c49\u5ead\u9152\u5e97(\u9752\u5c9b\u7535\u5b50\u4fe1\u606f\u57ce\u5e97)", "order_time": ["2019-01-22 15:04:45"], "total_order": 1, "hotel_value": ["4.4"], "hotel_price": ["113"]}, "986295": {"hotel_name": "\u84dd\u6d77\u5927\u996d\u5e97(\u9752\u5c9b\u5d02\u5c71\u5e97)", "order_time": ["2019-01-22 15:04:48"], "total_order": 1, "hotel_value": ["4.7"], "hotel_price": ["428"]}, "752756": {"hotel_name": "\u9752\u5c9b\u897f\u6d77\u5cb8\u9890\u745e\u51ef\u83b1\u9152\u5e97", "order_time": ["2019-01-22 15:05:00"], "total_order": 1, "hotel_value": ["4.6"], "hotel_price": ["309"]}, "994086": {"hotel_name": "\u5982\u5bb6\u5feb\u6377\u9152\u5e97(\u9752\u5c9b\u6d77\u5c14\u8def\u5730\u94c1\u7ad9\u9752\u5c71\u8def\u5e97)", "order_time": ["2019-01-22 15:07:04"], "total_order": 1, "hotel_value": ["4.6"], "hotel_price": ["105"]}, "1644435": {"hotel_name": "\u4e30\u6167\u5546\u52a1\u9152\u5e97(\u9752\u5c9b\u6d1b\u9633\u8def\u5e97)", "order_time": ["2019-01-22 15:07:07"], "total_order": 1, "hotel_value": ["4.1"], "hotel_price": ["73"]}, "5802958": {"hotel_name": "\u4edf\u90a3\u00b7\u5370\u820d\u7cbe\u54c1\u9152\u5e97(\u9752\u5c9b\u91d1\u6c99\u6ee9\u5e97)", "order_time": ["2019-01-22 15:07:08"], "total_order": 1, "hotel_value": ["4.6"], "hotel_price": ["188"]}, "4688215": {"hotel_name": "\u5e03\u4e01\u9152\u5e97(\u9752\u5c9b\u4e2d\u5c71\u8def\u5e97)", "order_time": ["2019-01-22 15:07:21"], "total_order": 1, "hotel_value": ["4.4"], "hotel_price": ["54"]}, "3733536": {"hotel_name": "\u5e73\u5ea6\u7269\u8d44\u5bbe\u9986", "order_time": ["2019-01-22 15:08:09"], "total_order": 1, "hotel_value": ["4.5"], "hotel_price": ["115"]}, "2006440": {"hotel_name": "\u683c\u6797\u8c6a\u6cf0(\u83b1\u897f\u9999\u6e2f\u8def\u8054\u5bcc\u5e97)", "order_time": ["2019-01-22 15:08:09"], "total_order": 1, "hotel_value": ["4.5"], "hotel_price": ["127"]}, "17351152": {"hotel_name": "\u9752\u5c9b\u5f71\u5de2\u7535\u5f71\u9152\u5e97", "order_time": ["2019-01-22 15:09:25"], "total_order": 1, "hotel_value": ["4.6"], "hotel_price": ["114"]}, "901719": {"hotel_name": "7\u5929\u8fde\u9501\u9152\u5e97(\u9752\u5c9b\u6d77\u5c14\u5de5\u4e1a\u56ed\u5b9d\u9f99\u5e7f\u573a\u5e97)", "order_time": ["2019-01-22 15:09:27"], "total_order": 1, "hotel_value": ["4.6"], "hotel_price": ["99"]}, "430450": {"hotel_name": "\u9752\u5c9b\u666f\u56ed\u5047\u65e5\u9152\u5e97", "order_time": ["2019-01-22 15:11:36"], "total_order": 1, "hotel_value": ["4.6"], "hotel_price": ["639"]}, "608486": {"hotel_name": "\u9752\u5c9b\u5fb7\u5b9d\u82b1\u56ed\u5927\u9152\u5e97", "order_time": ["2019-01-22 15:11:43"], "total_order": 1, "hotel_value": ["4.4"], "hotel_price": ["533"]}}}