{"\u5f00\u59cb\u8bb0\u5f55\u65f6\u95f4": "2019-01-19 13:12:38", "\u7ed3\u675f\u8bb0\u5f55\u65f6\u95f4": "2019-01-19 14:20:38", "\u8ba2\u5355\u603b\u589e\u91cf": 230, "item": {"654770": {"hotel_name": "\u9752\u5c9b\u4e3d\u5929\u5927\u9152\u5e97", "order_time": ["2019-01-19 13:14:06"], "total_order": 1, "hotel_value": ["4.8"], "hotel_price": ["358"]}, "445159": {"hotel_name": "\u9752\u5c9b\u79cb\u4e34\u5927\u9152\u5e97", "order_time": ["2019-01-19 13:15:30"], "total_order": 1, "hotel_value": ["4.3"], "hotel_price": ["256"]}, "1741177": {"hotel_name": "\u91d1\u72ee100\u8fde\u9501\u5bbe\u9986(\u9752\u5c9b\u6d41\u4ead\u673a\u573a\u5e97)", "order_time": ["2019-01-19 14:17:03", "2019-01-19 13:15:33"], "total_order": 2, "hotel_value": ["3.5", "3.5"], "hotel_price": ["58", "58"]}, "467216": {"hotel_name": "\u9752\u5c9b\u6d77\u666f\u82b1\u56ed\u5927\u9152\u5e97", "order_time": ["2019-01-19 13:33:58", "2019-01-19 13:15:33"], "total_order": 2, "hotel_value": ["4.8", "4.8"], "hotel_price": ["621", "621"]}, "438764": {"hotel_name": "\u9752\u5c9b\u56fd\u4fe1\u6d77\u5929\u5927\u5267\u9662\u9152\u5e97", "order_time": ["2019-01-19 13:15:33"], "total_order": 1, "hotel_value": ["4.7"], "hotel_price": ["268"]}, "468436": {"hotel_name": "\u9752\u5c9b\u7f8e\u5885\u5047\u671f\u9152\u5e9721\u53f7\u6d77\u8fb9\u522b\u5885", "order_time": ["2019-01-19 13:22:24", "2019-01-19 13:15:34"], "total_order": 2, "hotel_value": ["4.9", "4.9"], "hotel_price": ["308", "308"]}, "2469555": {"hotel_name": "\u5373\u58a8\u8fb0\u5b63\u7cbe\u54c1\u9152\u5e97", "order_time": ["2019-01-19 13:15:36"], "total_order": 1, "hotel_value": ["4.5"], "hotel_price": ["218"]}, "5999421": {"hotel_name": "\u7a7a\u94c1\u5047\u65e5\u9152\u5e97\u516c\u5bd3(\u9752\u5c9b\u673a\u573a\u5e97)", "order_time": ["2019-01-19 13:15:36"], "total_order": 1, "hotel_value": ["4.6"], "hotel_price": ["184"]}, "1101006": {"hotel_name": "\u5982\u5bb6\u5feb\u6377\u9152\u5e97\uff08\u9752\u5c9b\u80f6\u5357\u9752\u5c9b\u897f\u7ad9\u5e97\uff09", "order_time": ["2019-01-19 13:15:38", "2019-01-19 14:12:19"], "total_order": 2, "hotel_value": ["4.4", "4.4"], "hotel_price": ["103", "103"]}, "5718919": {"hotel_name": "\u6c40\u6f9c\u9152\u5e97\u516c\u5bd3(\u9752\u5c9b\u4e94\u56db\u5e7f\u573a\u4e07\u8c61\u57ce\u5e97)", "order_time": ["2019-01-19 13:15:42"], "total_order": 1, "hotel_value": ["4.6"], "hotel_price": ["256"]}, "2376781": {"hotel_name": "\u6d77\u4e4b\u60a6\u5546\u52a1\u5bbe\u9986(\u9752\u5c9b\u79d1\u6280\u5927\u5b66\u5e97)", "order_time": ["2019-01-19 13:15:47"], "total_order": 1, "hotel_value": ["3.4"], "hotel_price": ["76"]}, "25270439": {"hotel_name": "\u9752\u5c9b\u673a\u573a\u4e16\u7eaa\u516c\u56ed\u4e9a\u6735\u9152\u5e97", "order_time": ["2019-01-19 13:17:51"], "total_order": 1, "hotel_value": ["4.9"], "hotel_price": ["285"]}, "427965": {"hotel_name": "\u5982\u5bb6\u5546\u65c5\u9152\u5e97(\u9752\u5c9b\u4e94\u56db\u5e7f\u573a\u5c71\u4e1c\u8def\u6fb3\u67ef\u739b\u7acb\u4ea4\u6865\u5e97)", "order_time": ["2019-01-19 14:07:49", "2019-01-19 13:17:53"], "total_order": 2, "hotel_value": ["4.7", "4.7"], "hotel_price": ["159", "159"]}, "891096": {"hotel_name": "\u84dd\u6d77\u5927\u996d\u5e97(\u9752\u5c9b\u541b\u5cf0\u8def\u5730\u94c1\u7ad9\u5e97)(\u539f\u674e\u6ca7\u5e97)", "order_time": ["2019-01-19 14:19:08", "2019-01-19 13:17:54"], "total_order": 2, "hotel_value": ["4.6", "4.6"], "hotel_price": ["356", "356"]}, "929520": {"hotel_name": "\u83ab\u6cf0168(\u9752\u5c9b\u674e\u6751\u5730\u94c1\u7ad9\u5cf0\u5c71\u8def\u5e97)(\u539f\u674e\u6ca7\u5e7f\u573a\u5cf0\u5c71\u8def\u5e97)", "order_time": ["2019-01-19 13:17:57"], "total_order": 1, "hotel_value": ["4.5"], "hotel_price": ["119"]}, "1344295": {"hotel_name": "\u5373\u58a8\u76db\u548c\u5546\u52a1\u5bbe\u9986", "order_time": ["2019-01-19 13:17:59"], "total_order": 1, "hotel_value": ["3.6"], "hotel_price": ["78"]}, "8670998": {"hotel_name": "\u9752\u5c9b\u767e\u8109\u660e\u73e0\u82b1\u56ed\u9152\u5e97", "order_time": ["2019-01-19 13:18:02"], "total_order": 1, "hotel_value": ["4.6"], "hotel_price": ["83"]}, "5895533": {"hotel_name": "\u5373\u58a8\u7231\u5ba2100\u8fde\u9501\u5bbe\u9986\u670d\u88c5\u57ce\u5e97", "order_time": ["2019-01-19 13:18:03"], "total_order": 1, "hotel_value": ["4.5"], "hotel_price": ["93"]}, "1137183": {"hotel_name": "\u9752\u5c9b\u4f53\u80b2\u4e4b\u5bb6\u5927\u9152\u5e97", "order_time": ["2019-01-19 13:18:06"], "total_order": 1, "hotel_value": ["4.3"], "hotel_price": ["151"]}, "5981297": {"hotel_name": "\u9752\u5c9b\u84dd\u8272\u6d77\u5cb8\u6d77\u666f\u5ea6\u5047\u516c\u5bd3\u4e2d\u8054\u81ea\u7531\u6e2f\u6e7e\u706b\u8f66\u7ad9\u6808\u6865\u5e97", "order_time": ["2019-01-19 13:18:07"], "total_order": 1, "hotel_value": ["4.7"], "hotel_price": ["126"]}, "5673621": {"hotel_name": "\u90fd\u5e02118\u8fde\u9501\u9152\u5e97(\u9752\u5c9b\u4e1c\u5cb3\u4e2d\u8def\u9690\u73e0\u5730\u94c1\u7ad9\u5e97)(\u539f\u4e07\u8fbe\u8302\u4e1c\u65b9\u5f71\u90fd\u5e97)", "order_time": ["2019-01-19 13:18:09"], "total_order": 1, "hotel_value": ["4.8"], "hotel_price": ["104"]}, "5466788": {"hotel_name": "\u82b1\u6eaa\u82b1\u56ed\u9152\u5e97(\u9752\u5c9b\u6d41\u4ead\u673a\u573a\u5e97)", "order_time": ["2019-01-19 13:20:02"], "total_order": 1, "hotel_value": ["4.4"], "hotel_price": ["198"]}, "430450": {"hotel_name": "\u9752\u5c9b\u666f\u56ed\u5047\u65e5\u9152\u5e97", "order_time": ["2019-01-19 13:20:06"], "total_order": 1, "hotel_value": ["4.5"], "hotel_price": ["557"]}, "1209773": {"hotel_name": "\u9752\u5c9b\u71d5\u5c9b\u4e4b\u661f\u5047\u65e5\u516c\u5bd3", "order_time": ["2019-01-19 13:20:08"], "total_order": 1, "hotel_value": ["4.5"], "hotel_price": ["74"]}, "18515525": {"hotel_name": "\u534a\u5c9b\u56fd\u9645\u9152\u5e97(\u9752\u5c9b\u674e\u6751\u5730\u94c1\u7ad9\u5e97)", "order_time": ["2019-01-19 13:20:10"], "total_order": 1, "hotel_value": ["4.6"], "hotel_price": ["193"]}, "1613249": {"hotel_name": "\u9752\u5c9b\u5c9a\u5ead\u7cbe\u54c1\u79df\u8d41", "order_time": ["2019-01-19 13:20:10"], "total_order": 1, "hotel_value": ["4.4"], "hotel_price": ["153"]}, "25393820": {"hotel_name": "\u9752\u5c9b\u4f18\u5c71\u7f8e\u5730\u516c\u5bd3", "order_time": ["2019-01-19 13:20:12"], "total_order": 1, "hotel_value": ["4.9"], "hotel_price": ["133"]}, "1962844": {"hotel_name": "\u540c\u798f\u5ba2\u6808(\u9752\u5c9b\u80f6\u5357\u5e97)", "order_time": ["2019-01-19 13:20:16"], "total_order": 1, "hotel_value": [0], "hotel_price": ["79"]}, "449704": {"hotel_name": "\u9752\u5c9b\u6052\u745e\u81f3\u5c0a\u56fd\u9645\u81ea\u52a9\u516c\u5bd3", "order_time": ["2019-01-19 13:20:26"], "total_order": 1, "hotel_value": ["3.5"], "hotel_price": ["100"]}, "6173744": {"hotel_name": "\u5e73\u5ea6\u534e\u73ba\u5927\u9152\u5e97", "order_time": ["2019-01-19 13:21:22"], "total_order": 1, "hotel_value": ["4.7"], "hotel_price": ["319"]}, "2013340": {"hotel_name": "\u901f8\u9152\u5e97(\u5e73\u5ea6\u6d77\u5b9c\u5bb6\u80f6\u5e73\u8def\u5e97)", "order_time": ["2019-01-19 13:21:32"], "total_order": 1, "hotel_value": ["4.4"], "hotel_price": ["119"]}, "470369": {"hotel_name": "\u9752\u5c9b\u96cd\u534e\u5ead\u9152\u5e97", "order_time": ["2019-01-19 14:06:02", "2019-01-19 13:22:17"], "total_order": 2, "hotel_value": ["4.3", "4.3"], "hotel_price": ["213", "206"]}, "1198136": {"hotel_name": "\u9752\u5c9b\u5229\u5ba2\u6765\u5546\u52a1\u9152\u5e97", "order_time": ["2019-01-19 13:22:18"], "total_order": 1, "hotel_value": ["4.2"], "hotel_price": ["116"]}, "8290422": {"hotel_name": "\u6c49\u5ead\u9152\u5e97(\u9752\u5c9b\u4e2d\u56fd\u6d77\u6d0b\u5927\u5b66\u5e97)", "order_time": ["2019-01-19 13:22:19"], "total_order": 1, "hotel_value": ["4.7"], "hotel_price": ["265"]}, "1322129": {"hotel_name": "7\u5929\u8fde\u9501\u9152\u5e97(\u9752\u5c9b\u674e\u6751\u5730\u94c1\u7ad9\u5d02\u5c71\u767e\u8d27\u5e97)", "order_time": ["2019-01-19 13:22:21"], "total_order": 1, "hotel_value": ["4.6"], "hotel_price": ["126"]}, "8575772": {"hotel_name": "\u9752\u5c9b\u51ef\u83b1\u667a\u6167\u9152\u5e97", "order_time": ["2019-01-19 13:22:21"], "total_order": 1, "hotel_value": ["4.6"], "hotel_price": ["187"]}, "2624847": {"hotel_name": "\u9752\u5c9b\u83ab\u4e3d\u00b7\u7cbe\u9009\u9152\u5e97", "order_time": ["2019-01-19 13:22:22", "2019-01-19 13:38:04"], "total_order": 2, "hotel_value": ["4.5", "4.5"], "hotel_price": ["216", "216"]}, "1165293": {"hotel_name": "\u9752\u5c9b\u5c1a\u54c1\u4e91\u56fe\u5bbe\u9986", "order_time": ["2019-01-19 13:22:25"], "total_order": 1, "hotel_value": ["4.1"], "hotel_price": ["79"]}, "2506339": {"hotel_name": "\u62dc\u767b\u516c\u5bd3\u00b7\u9752\u5c9b\u5d02\u5c71\u9e4f\u5229\u5357\u534e\u5e97", "order_time": ["2019-01-19 13:22:27"], "total_order": 1, "hotel_value": ["4.5"], "hotel_price": ["141"]}, "9194330": {"hotel_name": "\u9752\u5c9b\u84dd\u5c71\u5ea6\u5047\u9152\u5e97", "order_time": ["2019-01-19 13:22:31"], "total_order": 1, "hotel_value": ["4.4"], "hotel_price": ["95"]}, "840717": {"hotel_name": "\u9752\u5c9b\u674e\u6ca7\u7eff\u57ce\u559c\u6765\u767b\u9152\u5e97", "order_time": ["2019-01-19 13:22:35"], "total_order": 1, "hotel_value": ["4.7"], "hotel_price": ["588"]}, "6775447": {"hotel_name": "\u6d77\u798f\u7279\u9152\u5e97(\u9752\u5c9b\u56fd\u9645\u4f1a\u5c55\u4e2d\u5fc3\u77f3\u8001\u4eba\u6d77\u6c34\u6d74\u573a\u5e97)", "order_time": ["2019-01-19 13:22:38"], "total_order": 1, "hotel_value": ["4.3"], "hotel_price": ["143"]}, "5264336": {"hotel_name": "\u9e92\u97f5\u516c\u5bd3(\u9752\u5c9b\u4e07\u8c61\u57ce\u4e94\u56db\u5e7f\u573a\u5965\u5e06\u4e2d\u5fc3\u5e97)", "order_time": ["2019-01-19 13:24:38"], "total_order": 1, "hotel_value": ["4.8"], "hotel_price": ["1088"]}, "5527970": {"hotel_name": "\u9752\u5c9b\u65af\u7ef4\u767b\u5ea6\u5047\u516c\u5bd3(\u57ce\u9633\u673a\u573a\u5e97)", "order_time": ["2019-01-19 13:24:44"], "total_order": 1, "hotel_value": ["4.7"], "hotel_price": ["119"]}, "1840574": {"hotel_name": "\u5c1a\u5ba2\u4f18\u5feb\u6377\u9152\u5e97(\u9752\u5c9b\u9ec4\u5c9b\u533a\u4e24\u6cb3\u8def\u6d77\u6c34\u6d74\u573a\u5e97)", "order_time": ["2019-01-19 13:24:46"], "total_order": 1, "hotel_value": ["4.5"], "hotel_price": ["94"]}, "5894597": {"hotel_name": "\u9752\u5c9b\u7ea2\u6811\u6797\u5ea6\u5047\u4e16\u754c(\u73ca\u745a\u9152\u5e97)", "order_time": ["2019-01-19 13:24:48"], "total_order": 1, "hotel_value": ["4.4"], "hotel_price": ["410"]}, "689242": {"hotel_name": "\u84dd\u6d77\u5927\u996d\u5e97(\u9752\u5c9b\u9ec4\u5c9b\u5e97)", "order_time": ["2019-01-19 13:24:48"], "total_order": 1, "hotel_value": ["4.6"], "hotel_price": ["298"]}, "1541913": {"hotel_name": "\u9752\u5c9b\u6c11\u822a\u673a\u573a\u5bbe\u9986", "order_time": ["2019-01-19 13:24:48", "2019-01-19 13:31:20"], "total_order": 2, "hotel_value": ["4.5", "4.5"], "hotel_price": ["308", "308"]}, "1546017": {"hotel_name": "\u53ef\u4e34\u5b81\u8fde\u9501\u9152\u5e97(\u9752\u5c9b\u6d77\u5357\u5c9b\u8def\u5e97)", "order_time": ["2019-01-19 13:24:49"], "total_order": 1, "hotel_value": ["4.3"], "hotel_price": ["83"]}, "24006356": {"hotel_name": "\u9752\u5c9b\u6d77\u4e0a\u77f3\u516c\u5bd3", "order_time": ["2019-01-19 13:25:02"], "total_order": 1, "hotel_value": [0], "hotel_price": ["71"]}, "3265800": {"hotel_name": "\u9752\u5c9b\u90a3\u9c81\u6e7e\u6d77\u666f\u5ea6\u5047\u516c\u5bd3", "order_time": ["2019-01-19 13:26:51"], "total_order": 1, "hotel_value": ["4.7"], "hotel_price": ["113"]}, "2305447": {"hotel_name": "\u9526\u6c5f\u4e4b\u661f(\u9752\u5c9b\u91cd\u5e86\u5357\u8def\u9ea6\u5fb7\u9f99\u5e97)", "order_time": ["2019-01-19 13:26:54"], "total_order": 1, "hotel_value": ["4.6"], "hotel_price": ["139"]}, "8902993": {"hotel_name": "\u4e07\u7231\u60c5\u4fa3\u9152\u5e97(\u9752\u5c9b\u674e\u6751\u6b65\u884c\u8857\u5e97)", "order_time": ["2019-01-19 13:26:54"], "total_order": 1, "hotel_value": ["4.8"], "hotel_price": ["224"]}, "26555980": {"hotel_name": "\u9752\u5c9b\u897f\u6d77\u5cb8\u5a01\u65af\u6c40\u9152\u5e97", "order_time": ["2019-01-19 13:26:57"], "total_order": 1, "hotel_value": [0], "hotel_price": ["508"]}, "5673979": {"hotel_name": "\u9752\u5c9b\u7f8e\u5885\u5047\u671f\u9152\u5e9712\u53f7\u6d77\u8fb9\u522b\u5885", "order_time": ["2019-01-19 13:27:03"], "total_order": 1, "hotel_value": ["4.9"], "hotel_price": ["306"]}, "2389295": {"hotel_name": "\u9752\u5c9b\u6808\u6865\u5982\u5bb6\u89c2\u6d77\u65e5\u79df\u623f", "order_time": ["2019-01-19 13:27:17"], "total_order": 1, "hotel_value": ["4.7"], "hotel_price": ["34"]}, "6507012": {"hotel_name": "\u80f6\u5dde\u6d77\u60a6\u516c\u5bd3\u9152\u5e97", "order_time": ["2019-01-19 13:27:44"], "total_order": 1, "hotel_value": ["4.7"], "hotel_price": ["136"]}, "2298529": {"hotel_name": "\u9526\u6c5f\u4e4b\u661f(\u9752\u5c9b\u5f00\u53d1\u533a\u4e95\u5188\u5c71\u8def\u5e97)", "order_time": ["2019-01-19 14:07:42", "2019-01-19 13:29:05"], "total_order": 2, "hotel_value": ["4.6", "4.6"], "hotel_price": ["129", "129"]}, "1048386": {"hotel_name": "\u6854\u5b50\u9152\u5e97\u00b7\u7cbe\u9009(\u9752\u5c9b\u5965\u5e06\u4e2d\u5fc3\u5e97)(\u539f\u4e94\u56db\u5e7f\u573a\u5e97)", "order_time": ["2019-01-19 13:29:06"], "total_order": 1, "hotel_value": ["4.8"], "hotel_price": ["265"]}, "22454731": {"hotel_name": "\u9752\u5c9b\u8d1d\u9716\u7cbe\u9009\u9152\u5e97", "order_time": ["2019-01-19 13:29:10"], "total_order": 1, "hotel_value": ["4.9"], "hotel_price": ["140"]}, "4803830": {"hotel_name": "\u6b27\u5723\u5170\u5ef7\u5ea6\u5047\u516c\u5bd3(\u9752\u5c9b\u4e07\u8fbe\u8302\u5e97)", "order_time": ["2019-01-19 13:29:10"], "total_order": 1, "hotel_value": ["4.7"], "hotel_price": ["92"]}, "393099": {"hotel_name": "\u9752\u5c9b\u5bcc\u529b\u827e\u7f8e\u9152\u5e97", "order_time": ["2019-01-19 13:49:25", "2019-01-19 13:29:12"], "total_order": 2, "hotel_value": ["4.6", "4.6"], "hotel_price": ["552", "552"]}, "1607902": {"hotel_name": "\u9752\u5c9b\u4e09\u946b\u5fb7\u5bbe\u9986", "order_time": ["2019-01-19 13:29:23"], "total_order": 1, "hotel_value": ["4.8"], "hotel_price": ["78"]}, "1302241": {"hotel_name": "\u7231\u5ba2100\u5546\u52a1\u5bbe\u9986(\u9752\u5c9b\u91cd\u5e86\u5317\u8def\u5e97)", "order_time": ["2019-01-19 13:29:34"], "total_order": 1, "hotel_value": ["4.1"], "hotel_price": ["62"]}, "385108": {"hotel_name": "\u9752\u5c9b\u6d77\u5c14\u6d32\u9645\u9152\u5e97", "order_time": ["2019-01-19 13:29:56"], "total_order": 1, "hotel_value": ["4.6"], "hotel_price": ["758"]}, "2301455": {"hotel_name": "\u9526\u6c5f\u4e4b\u661f(\u80f6\u5dde\u5e02\u80f6\u5dde\u4e1c\u8def\u5e97)", "order_time": ["2019-01-19 13:30:05"], "total_order": 1, "hotel_value": ["4.5"], "hotel_price": ["109"]}, "987678": {"hotel_name": "\u9752\u5c9b\u6d6e\u5c71\u6e7e\u5bbe\u9986(\u4e94\u56db\u5e7f\u573a\u5e97)", "order_time": ["2019-01-19 13:31:22"], "total_order": 1, "hotel_value": ["4.2"], "hotel_price": ["65"]}, "1847125": {"hotel_name": "\u5373\u58a8\u5c0f\u65f6\u5149\u7cbe\u54c1\u9152\u5e97(\u539f\u6d77\u6607\u5bbe\u9986)", "order_time": ["2019-01-19 13:31:24"], "total_order": 1, "hotel_value": ["4.4"], "hotel_price": ["97"]}, "5463838": {"hotel_name": "\u9752\u5c9b\u7761\u673a\u573a\u9152\u5e97", "order_time": ["2019-01-19 13:31:28"], "total_order": 1, "hotel_value": ["4.3"], "hotel_price": ["167"]}, "5896610": {"hotel_name": "\u9752\u5c9b\u6d77\u8fb9\u4eba\u5bb6\u6d77\u666f\u5ea6\u5047\u516c\u5bd3\u4e2d\u8054\u81ea\u7531\u6e2f\u6e7e\u5e97", "order_time": ["2019-01-19 13:31:29"], "total_order": 1, "hotel_value": ["4.7"], "hotel_price": ["74"]}, "485385": {"hotel_name": "\u9752\u5c9b\u591a\u7459\u6cb3\u56fd\u9645\u5927\u9152\u5e97", "order_time": ["2019-01-19 13:33:42"], "total_order": 1, "hotel_value": ["4.4"], "hotel_price": ["242"]}, "28528994": {"hotel_name": "\u9752\u5c9b\u6591\u9a6c\u7cbe\u4eab\u9152\u5e97", "order_time": ["2019-01-19 13:33:42"], "total_order": 1, "hotel_value": ["5.0"], "hotel_price": ["125"]}, "428592": {"hotel_name": "\u9752\u5c9b\u9c81\u5546\u51ef\u60a6\u9152\u5e97", "order_time": ["2019-01-19 13:33:44"], "total_order": 1, "hotel_value": ["4.6"], "hotel_price": ["748"]}, "1372825": {"hotel_name": "\u5982\u5bb6\u5feb\u6377\u9152\u5e97(\u9752\u5c9b\u674e\u6ca7\u4e5d\u6c34\u8def\u4e07\u8fbe\u5e7f\u573a\u5e97)", "order_time": ["2019-01-19 13:33:48"], "total_order": 1, "hotel_value": ["4.5"], "hotel_price": ["128"]}, "801573": {"hotel_name": "\u9752\u5c9b\u5eb7\u5927\u8c6a\u751f\u5927\u9152\u5e97", "order_time": ["2019-01-19 13:33:52"], "total_order": 1, "hotel_value": ["4.7"], "hotel_price": ["394"]}, "706650": {"hotel_name": "\u5b9c\u5fc5\u601d\u9152\u5e97(\u9752\u5c9b\u57ce\u9633\u6b63\u9633\u8def\u5e97)", "order_time": ["2019-01-19 13:33:52"], "total_order": 1, "hotel_value": ["4.6"], "hotel_price": ["249"]}, "996591": {"hotel_name": "\u9752\u5c9b\u5b8f\u8fd0\u5927\u9152\u5e97", "order_time": ["2019-01-19 13:33:53"], "total_order": 1, "hotel_value": ["4.6"], "hotel_price": ["139"]}, "1302236": {"hotel_name": "\u7231\u5ba2100\u5546\u52a1\u5bbe\u9986(\u9752\u5c9b\u6625\u9633\u8def\u5e97)", "order_time": ["2019-01-19 13:34:01"], "total_order": 1, "hotel_value": ["4.2"], "hotel_price": ["68"]}, "8396348": {"hotel_name": "\u7a7a\u94c1\u5047\u65e5\u9152\u5e97\u516c\u5bd3(\u9752\u5c9b\u673a\u573a\u4e8c\u5e97)", "order_time": ["2019-01-19 13:34:11"], "total_order": 1, "hotel_value": ["4.4"], "hotel_price": ["228"]}, "8182955": {"hotel_name": "\u6cca\u4e91\u5c1a\u9009\u5ead\u9662\u9152\u5e97(\u9752\u5c9b\u897f\u6d77\u5cb8\u4e1c\u65b9\u5f71\u90fd\u4e07\u8fbe\u8302\u5e97)", "order_time": ["2019-01-19 13:34:11"], "total_order": 1, "hotel_value": ["4.9"], "hotel_price": ["258"]}, "994153": {"hotel_name": "\u5982\u5bb6\u5feb\u6377\u9152\u5e97(\u9752\u5c9b\u706b\u8f66\u5317\u7ad9\u5e97)", "order_time": ["2019-01-19 13:36:00"], "total_order": 1, "hotel_value": ["4.3"], "hotel_price": ["170"]}, "371190": {"hotel_name": "\u9752\u5c9b\u9999\u683c\u91cc\u62c9\u5927\u9152\u5e97", "order_time": ["2019-01-19 13:36:00"], "total_order": 1, "hotel_value": ["4.7"], "hotel_price": ["689"]}, "5665323": {"hotel_name": "\u745e\u7eb3\u6d77\u666f\u516c\u5bd3\u9152\u5e97(\u9752\u5c9b\u706b\u8f66\u7ad9\u6808\u6865\u5e97)", "order_time": ["2019-01-19 13:36:00"], "total_order": 1, "hotel_value": ["4.2"], "hotel_price": ["182"]}, "436468": {"hotel_name": "\u9752\u5c9b\u5c71\u5b5a\u5927\u9152\u5e97", "order_time": ["2019-01-19 13:36:03", "2019-01-19 13:47:19"], "total_order": 2, "hotel_value": ["4.6", "4.6"], "hotel_price": ["270", "270"]}, "669110": {"hotel_name": "\u9752\u5c9b\u5e7f\u4e1a\u9526\u6c5f\u5927\u9152\u5e97", "order_time": ["2019-01-19 13:36:04", "2019-01-19 14:00:53"], "total_order": 2, "hotel_value": ["4.6", "4.6"], "hotel_price": ["384", "384"]}, "5301639": {"hotel_name": "\u9752\u5c9b\u65af\u7ef4\u767b\u5ea6\u5047\u516c\u5bd3(\u91d1\u6c99\u6ee9\u5929\u9e93\u6e56)", "order_time": ["2019-01-19 13:36:05"], "total_order": 1, "hotel_value": ["4.6"], "hotel_price": ["134"]}, "1914564": {"hotel_name": "\u5373\u58a8\u8fc8\u8fbe\u5ea6\u5047\u9152\u5e97", "order_time": ["2019-01-19 13:36:06"], "total_order": 1, "hotel_value": ["4.2"], "hotel_price": ["80"]}, "1816363": {"hotel_name": "\u9752\u5c9b\u821e\u696b\u5c0f\u7b51\u5bb6\u5ead\u516c\u5bd3", "order_time": ["2019-01-19 13:36:28"], "total_order": 1, "hotel_value": ["4.4"], "hotel_price": ["83"]}, "427982": {"hotel_name": "\u5982\u5bb6\u5feb\u6377\u9152\u5e97(\u9752\u5c9b\u4e2d\u5c71\u8def\u5fb7\u56fd\u98ce\u60c5\u8857\u5e97)", "order_time": ["2019-01-19 13:38:07"], "total_order": 1, "hotel_value": ["4.5"], "hotel_price": ["84"]}, "430419": {"hotel_name": "\u9752\u5c9b\u4e2d\u5fc3\u5047\u65e5\u9152\u5e97", "order_time": ["2019-01-19 13:38:08"], "total_order": 1, "hotel_value": ["4.7"], "hotel_price": ["512"]}, "994088": {"hotel_name": "\u5982\u5bb6\u5feb\u6377\u9152\u5e97(\u9752\u5c9b\u9ec4\u5c9b\u80f6\u5357\u4eba\u6c11\u8def\u65b0\u6c7d\u8f66\u7ad9\u5e97)", "order_time": ["2019-01-19 13:38:21"], "total_order": 1, "hotel_value": ["4.4"], "hotel_price": ["90"]}, "2163131": {"hotel_name": "\u963f\u739b\u5c3c\u5546\u52a1\u9152\u5e97(\u83b1\u897f\u9752\u5c9b\u8def\u5e97)", "order_time": ["2019-01-19 14:04:15", "2019-01-19 13:38:58"], "total_order": 2, "hotel_value": ["4.3", "4.3"], "hotel_price": ["80", "80"]}, "2163140": {"hotel_name": "\u83b1\u897f\u827e\u5ead\u5546\u52a1\u9152\u5e97", "order_time": ["2019-01-19 13:38:59"], "total_order": 1, "hotel_value": ["4.4"], "hotel_price": ["89"]}, "6508376": {"hotel_name": "\u6155\u820d\u00b7\u8d1d\u683c\u9152\u5e97\u516c\u5bd3(\u9752\u5c9b\u4e07\u8c61\u57ce\u5965\u5e06\u4e94\u56db\u5e7f\u573a\u5e97)", "order_time": ["2019-01-19 13:39:04"], "total_order": 1, "hotel_value": ["4.9"], "hotel_price": ["1188"]}, "1925767": {"hotel_name": "\u9752\u5c9b\u7d2b\u73a5\u94c2\u5c14\u66fc\u9152\u5e97", "order_time": ["2019-01-19 13:40:21"], "total_order": 1, "hotel_value": ["4.5"], "hotel_price": ["381"]}, "17509168": {"hotel_name": "\u8212\u5bb8\u7cbe\u54c1\u9152\u5e97(\u9752\u5c9b\u4e07\u8fbe\u4e1c\u65b9\u5f71\u90fd\u4e07\u8fbe\u8302\u5e97)", "order_time": ["2019-01-19 13:40:21"], "total_order": 1, "hotel_value": ["4.8"], "hotel_price": ["168"]}, "2359489": {"hotel_name": "\u5b89\u6f9c\u5bbe\u820d\u541b\u54c1\u6d77\u5cb8\u9152\u5e97(\u9752\u5c9b\u706b\u8f66\u7ad9\u6808\u6865\u9752\u533b\u9644\u9662\u5e97)", "order_time": ["2019-01-19 13:40:23"], "total_order": 1, "hotel_value": ["4.5"], "hotel_price": ["75"]}, "5380813": {"hotel_name": "\u90fd\u5e02118\uff08\u9752\u5c9b\u6d77\u5c14\u5de5\u4e1a\u56ed\u52b2\u677e\u4e03\u8def\u5e97\uff09", "order_time": ["2019-01-19 13:40:26"], "total_order": 1, "hotel_value": ["4.3"], "hotel_price": ["103"]}, "3745735": {"hotel_name": "\u9752\u5c9b\u83f2\u6797\u6052\u797a\u9152\u5e97", "order_time": ["2019-01-19 13:40:28"], "total_order": 1, "hotel_value": ["4.4"], "hotel_price": ["270"]}, "1845893": {"hotel_name": "\u9752\u5c9b\u8c37\u96e8\u8f69\u5546\u52a1\u5bbe\u9986", "order_time": ["2019-01-19 13:40:42"], "total_order": 1, "hotel_value": ["3.7"], "hotel_price": ["98"]}, "1965758": {"hotel_name": "\u5373\u58a8\u5b89\u5fc3\u65c5\u9986", "order_time": ["2019-01-19 13:40:45"], "total_order": 1, "hotel_value": [0], "hotel_price": ["50"]}, "16203907": {"hotel_name": "\u67ab\u53f6\u9152\u5e97\u5f0f\u516c\u5bd3(\u9752\u5c9b\u77f3\u6cb9\u5927\u5b66\u543e\u60a6\u5e7f\u573a\u5e97)", "order_time": ["2019-01-19 13:42:35"], "total_order": 1, "hotel_value": ["4.8"], "hotel_price": ["142"]}, "19916130": {"hotel_name": "\u9752\u5c9b\u77e5\u9047\u7535\u5f71\u7cbe\u54c1\u516c\u5bd3", "order_time": ["2019-01-19 13:42:35"], "total_order": 1, "hotel_value": ["4.9"], "hotel_price": ["98"]}, "1562201": {"hotel_name": "\u5c1a\u5ba2\u4f18\u9a8f\u6021\u8fde\u9501\u9152\u5e97(\u9752\u5c9b\u9ec4\u5c9b\u6c7d\u8f66\u7ad9\u77f3\u6cb9\u5927\u5b66\u5e97)", "order_time": ["2019-01-19 13:42:36"], "total_order": 1, "hotel_value": ["4.3"], "hotel_price": ["99"]}, "5981012": {"hotel_name": "\u81ea\u7531\u884c\u56fd\u9645\u9752\u5e74\u65c5\u820d(\u9752\u5c9b\u5288\u67f4\u9662\u5e97)", "order_time": ["2019-01-19 13:42:37", "2019-01-19 13:49:25"], "total_order": 2, "hotel_value": ["4.5", "4.5"], "hotel_price": ["5", "5"]}, "28310882": {"hotel_name": "\u9752\u5c9b\u7f8e\u6c50\u516c\u5bd3", "order_time": ["2019-01-19 13:42:39"], "total_order": 1, "hotel_value": ["4.7"], "hotel_price": ["98"]}, "23476363": {"hotel_name": "\u90fd\u5e02118\u8fde\u9501\u9152\u5e97(\u9752\u5c9b\u5e7f\u7535\u5927\u53a6\u5e97)", "order_time": ["2019-01-19 13:42:39"], "total_order": 1, "hotel_value": ["4.7"], "hotel_price": ["146"]}, "4747327": {"hotel_name": "\u4e2d\u8054\u81ea\u7531\u6e2f\u6e7e\u4e2d\u827a\u9152\u5e97(\u9752\u5c9b\u90ae\u8f6e\u6bcd\u6e2f\u5e97)", "order_time": ["2019-01-19 13:42:40"], "total_order": 1, "hotel_value": ["4.7"], "hotel_price": ["105"]}, "1504359": {"hotel_name": "\u83ab\u6cf0168(\u9752\u5c9b\u80f6\u5357\u4eba\u6c11\u8def\u5546\u4e1a\u8857\u5e97)", "order_time": ["2019-01-19 13:42:43"], "total_order": 1, "hotel_value": ["4.5"], "hotel_price": ["103"]}, "2163950": {"hotel_name": "\u83b1\u897f\u8c6a\u79a7\u6765\u5546\u52a1\u9152\u5e97", "order_time": ["2019-01-19 13:44:14"], "total_order": 1, "hotel_value": ["4.6"], "hotel_price": ["94"]}, "1605345": {"hotel_name": "\u4e2d\u592e\u5546\u52a1\u996d\u5e97(\u9752\u5c9b\u5c71\u4e1c\u8def\u5e02\u5317\u533a\u653f\u5e9c\u5e97)", "order_time": ["2019-01-19 13:44:57"], "total_order": 1, "hotel_value": ["4.0"], "hotel_price": ["95"]}, "5215569": {"hotel_name": "\u9752\u5c9b\u5370\u8c61\u9152\u5e97", "order_time": ["2019-01-19 13:49:20", "2019-01-19 13:45:01"], "total_order": 2, "hotel_value": ["4.5", "4.5"], "hotel_price": ["243", "243"]}, "439559": {"hotel_name": "\u6606\u4ed1\u548c\u60a6\u5ea6\u5047\u9152\u5e97(\u9752\u5c9b\u5965\u5e06\u4e2d\u5fc3\u5e97)", "order_time": ["2019-01-19 13:45:02"], "total_order": 1, "hotel_value": ["4.3"], "hotel_price": ["197"]}, "1434596": {"hotel_name": "\u91cc\u9662\u5ba2\u6808(\u9752\u5c9b\u706b\u8f66\u7ad9\u5e97)", "order_time": ["2019-01-19 13:45:02"], "total_order": 1, "hotel_value": ["4.5"], "hotel_price": ["90"]}, "4070512": {"hotel_name": "\u62dc\u767b\u516c\u5bd3\u00b7\u9752\u5c9b\u4e1c\u65b9\u5f71\u90fd\u5e97", "order_time": ["2019-01-19 13:45:04"], "total_order": 1, "hotel_value": ["4.7"], "hotel_price": ["104"]}, "1725780": {"hotel_name": "678\u673a\u573a\u9152\u5e97", "order_time": ["2019-01-19 13:45:05"], "total_order": 1, "hotel_value": ["4.4"], "hotel_price": ["71"]}, "1181778": {"hotel_name": "\u5e03\u4e01\u9152\u5e97(\u9752\u5c9b\u56fd\u9645\u4f1a\u5c55\u4e2d\u5fc3\u5e97)", "order_time": ["2019-01-19 13:58:30", "2019-01-19 13:45:05"], "total_order": 2, "hotel_value": ["4.3", "4.3"], "hotel_price": ["69", "69"]}, "1217842": {"hotel_name": "\u9752\u5c9b\u5927\u62c7\u6307\u5e7f\u573a\u00b7\u9999\u4e3d\u820d\u9152\u5e97\u516c\u5bd3", "order_time": ["2019-01-19 13:45:07"], "total_order": 1, "hotel_value": ["4.4"], "hotel_price": ["105"]}, "7921978": {"hotel_name": "\u9752\u5c9b\u91d1\u9c7c\u9152\u5e97\u516c\u5bd3", "order_time": ["2019-01-19 13:45:15"], "total_order": 1, "hotel_value": ["4.6"], "hotel_price": ["113"]}, "994155": {"hotel_name": "\u5982\u5bb6\u5feb\u6377\u9152\u5e97(\u9752\u5c9b\u91cd\u5e86\u5357\u8def\u4e07\u79d1\u57ce\u5e97)", "order_time": ["2019-01-19 13:47:15"], "total_order": 1, "hotel_value": ["4.6"], "hotel_price": ["119"]}, "23634927": {"hotel_name": "\u5982\u5bb6\u777f\u67cf\u00b7\u4e91\u9152\u5e97(\u9752\u5c9b\u77f3\u6cb9\u5927\u5b66\u543e\u60a6\u5e7f\u573a\u5730\u94c1\u7ad9\u5e97)", "order_time": ["2019-01-19 13:47:16"], "total_order": 1, "hotel_value": ["4.9"], "hotel_price": ["139"]}, "2084467": {"hotel_name": "\u9752\u5c9b678\u673a\u573a\u516c\u5bd3\u9152\u5e97(\u7533\u6e2f\u82b1\u56ed\u5e97)", "order_time": ["2019-01-19 13:56:23", "2019-01-19 13:47:17"], "total_order": 2, "hotel_value": ["4.6", "4.6"], "hotel_price": ["106", "119"]}, "3202843": {"hotel_name": "\u7231\u5c0a\u5ba2\u7cbe\u54c1\u9152\u5e97(\u9752\u5c9b\u57ce\u9633\u6b63\u9633\u4e2d\u8def\u5e97)", "order_time": ["2019-01-19 13:47:23"], "total_order": 1, "hotel_value": ["4.7"], "hotel_price": ["160"]}, "438731": {"hotel_name": "\u4e2d\u822a\u7fd4\u901a\u6e38\u8247\u4f1a\u9152\u5e97(\u9752\u5c9b\u5965\u5e06\u4e2d\u5fc3\u4e94\u56db\u5e7f\u573a\u5e97)", "order_time": ["2019-01-19 13:48:12"], "total_order": 1, "hotel_value": ["4.8"], "hotel_price": ["448"]}, "21623559": {"hotel_name": "\u4e00\u5bd3\u503e\u5fc3\u56fd\u9645\u5ea6\u5047\u516c\u5bd3(\u9752\u5c9b\u5510\u5c9b\u6e7e\u5e97)", "order_time": ["2019-01-19 13:49:19"], "total_order": 1, "hotel_value": ["4.6"], "hotel_price": ["230"]}, "2637433": {"hotel_name": "\u76db\u5ef7\u6d77\u666f\u9152\u5e97(\u9752\u5c9b\u7ef4\u591a\u5229\u4e9a\u5e97)", "order_time": ["2019-01-19 13:49:20"], "total_order": 1, "hotel_value": ["4.3"], "hotel_price": ["183"]}, "1562244": {"hotel_name": "\u6d3e\u67cf\u00b7\u4e91\u9152\u5e97(\u9752\u5c9b\u963f\u91cc\u5c71\u8def\u5e97)(\u539f\u90fd\u6e90\u4f73\u60a6\u9152\u5e97)", "order_time": ["2019-01-19 13:49:24"], "total_order": 1, "hotel_value": ["4.7"], "hotel_price": ["98"]}, "13737239": {"hotel_name": "\u62dc\u767b\u516c\u5bd3\u00b7\u9752\u5c9b\u5927\u62c7\u6307\u4f1a\u5c55\u4e2d\u5fc3\u5e97", "order_time": ["2019-01-19 13:49:26"], "total_order": 1, "hotel_value": ["4.6"], "hotel_price": ["136"]}, "1730337": {"hotel_name": "\u9752\u5c9b\u534e\u6b27\u660e\u73e0\u9152\u5e97", "order_time": ["2019-01-19 13:49:26"], "total_order": 1, "hotel_value": ["4.2"], "hotel_price": ["99"]}, "1607495": {"hotel_name": "\u9752\u5c9b\u6d77\u6797\u5c71\u5e84\u5927\u9152\u5e97", "order_time": ["2019-01-19 13:49:28"], "total_order": 1, "hotel_value": ["4.7"], "hotel_price": ["255"]}, "25824282": {"hotel_name": "\u4e16\u60a6\u8f7b\u5962\u5ea6\u5047\u516c\u5bd3(\u9752\u5c9bCBD\u4e2d\u592e\u5546\u52a1\u533a\u5e97)", "order_time": ["2019-01-19 13:49:31"], "total_order": 1, "hotel_value": [0], "hotel_price": ["178"]}, "21904736": {"hotel_name": "\u9752\u5c9b\u683c\u5170\u7535\u5f71\u9152\u5e97", "order_time": ["2019-01-19 13:49:55"], "total_order": 1, "hotel_value": ["4.6"], "hotel_price": ["140"]}, "5549364": {"hotel_name": "\u9752\u5c9b\u897f\u6d77\u5cb8\u9686\u548c\u827e\u7f8e\u5ea6\u5047\u9152\u5e97", "order_time": ["2019-01-19 13:51:41"], "total_order": 1, "hotel_value": ["4.6"], "hotel_price": ["358"]}, "2349816": {"hotel_name": "\u9752\u5c9b\u798f\u81f4\u5546\u52a1\u4e3b\u9898\u7cbe\u54c1\u9152\u5e97", "order_time": ["2019-01-19 13:51:41"], "total_order": 1, "hotel_value": ["4.5"], "hotel_price": ["89"]}, "995120": {"hotel_name": "\u94f6\u5ea7\u4f73\u9a7f\u9152\u5e97(\u9752\u5c9b\u4e2d\u592e\u5546\u52a1\u533a\u4e07\u8fbe\u5e7f\u573a\u5e97)(\u539f\u5b81\u590f\u8def\u5e97)", "order_time": ["2019-01-19 13:51:43"], "total_order": 1, "hotel_value": ["4.2"], "hotel_price": ["104"]}, "2310195": {"hotel_name": "\u591a\u7ef4\u7cbe\u54c1\u9152\u5e97(\u9752\u5c9b\u53f0\u4e1c\u4e07\u4f73\u5e97)", "order_time": ["2019-01-19 13:51:43"], "total_order": 1, "hotel_value": ["4.3"], "hotel_price": ["134"]}, "514315": {"hotel_name": "\u9752\u5c9b\u5f97\u5b9d\u6e7e\u6d77\u666f\u5927\u9152\u5e97", "order_time": ["2019-01-19 13:51:47"], "total_order": 1, "hotel_value": ["4.2"], "hotel_price": ["329"]}, "446955": {"hotel_name": "\u9752\u5c9b\u5fb7\u7231\u82b1\u56ed\u5927\u9152\u5e97", "order_time": ["2019-01-19 13:51:47"], "total_order": 1, "hotel_value": ["4.2"], "hotel_price": ["143"]}, "1942102": {"hotel_name": "\u683c\u6797\u8c6a\u6cf0\u9152\u5e97(\u9752\u5c9b\u4e66\u9662\u8def\u8fbe\u7fc1\u5e7f\u573a\u5e97)", "order_time": ["2019-01-19 13:51:48"], "total_order": 1, "hotel_value": ["4.3"], "hotel_price": ["104"]}, "425590": {"hotel_name": "\u9752\u5c9b\u946b\u6c5f\u6e29\u5fb7\u59c6\u9152\u5e97", "order_time": ["2019-01-19 13:54:00"], "total_order": 1, "hotel_value": ["4.8"], "hotel_price": ["499"]}, "21124467": {"hotel_name": "\u9752\u5c9b\u65af\u7ef4\u767b\u7cbe\u54c1\u516c\u5bd3(\u4f1a\u5c55\u4e2d\u5fc3\u77f3\u8001\u4eba\u6d77\u6c34\u6d74\u573a)", "order_time": ["2019-01-19 13:54:00"], "total_order": 1, "hotel_value": ["4.9"], "hotel_price": ["227"]}, "440316": {"hotel_name": "\u9752\u5c9b\u56db\u65b9\u5927\u9152\u5e97", "order_time": ["2019-01-19 13:54:00"], "total_order": 1, "hotel_value": ["4.4"], "hotel_price": ["77"]}, "640472": {"hotel_name": "\u9752\u5c9b\u65af\u7ef4\u767b\u5ea6\u5047\u516c\u5bd3(\u9c81\u90a6\u98ce\u60c5)", "order_time": ["2019-01-19 13:54:01"], "total_order": 1, "hotel_value": ["4.3"], "hotel_price": ["103"]}, "1815658": {"hotel_name": "\u5723\u5fb7\u5c45\u5546\u52a1\u9152\u5e97(\u9752\u5c9b\u706b\u8f66\u5317\u7ad9\u5e97)", "order_time": ["2019-01-19 13:54:01"], "total_order": 1, "hotel_value": ["4.4"], "hotel_price": ["107"]}, "17284887": {"hotel_name": "\u9752\u5c9b\u897f\u6d77\u5cb8\u5510\u5c9b\u6e7e\u516c\u56ed\u4e9a\u6735\u9152\u5e97", "order_time": ["2019-01-19 13:54:02"], "total_order": 1, "hotel_value": ["4.8"], "hotel_price": ["361"]}, "5482123": {"hotel_name": "\u9752\u5c9b\u94f6\u6cb3\u5047\u65e5\u9152\u5e97", "order_time": ["2019-01-19 13:54:02"], "total_order": 1, "hotel_value": ["4.7"], "hotel_price": ["193"]}, "1549350": {"hotel_name": "\u8d85\u6781\u81f4\u6d77\u666f\u5ea6\u5047\u9152\u5e97(\u9752\u5c9b\u9ec4\u5c9b\u80f6\u5357\u90a3\u9c81\u6e7e\u5e97)", "order_time": ["2019-01-19 13:54:04"], "total_order": 1, "hotel_value": ["4.3"], "hotel_price": ["136"]}, "779894": {"hotel_name": "\u9526\u6c5f\u4e4b\u661f(\u9752\u5c9b\u4e2d\u5c71\u8def\u5e97)", "order_time": ["2019-01-19 13:54:06"], "total_order": 1, "hotel_value": ["4.5"], "hotel_price": ["149"]}, "21124322": {"hotel_name": "\u9752\u5c9b\u5929\u5b9d\u516c\u5bd3\u9152\u5e97", "order_time": ["2019-01-19 13:54:07"], "total_order": 1, "hotel_value": ["4.7"], "hotel_price": ["164"]}, "2301689": {"hotel_name": "\u5c1a\u5ba2\u4f18\u5feb\u6377\u9152\u5e97(\u9752\u5c9b\u5f00\u53d1\u533a\u9ec4\u6cb3\u4e2d\u8def\u5e97)", "order_time": ["2019-01-19 13:54:09"], "total_order": 1, "hotel_value": ["3.1"], "hotel_price": ["93"]}, "6780926": {"hotel_name": "\u9752\u5c9b\u6d77\u84dd\u4e4b\u5bb6\u89c2\u6d77\u5ea6\u5047\u516c\u5bd3", "order_time": ["2019-01-19 13:54:19"], "total_order": 1, "hotel_value": ["5.0"], "hotel_price": ["95"]}, "772111": {"hotel_name": "\u9752\u5c9b\u5a01\u65af\u6c40\u9152\u5e97", "order_time": ["2019-01-19 14:00:02", "2019-01-19 13:55:08", "2019-01-19 14:13:16", "2019-01-19 14:09:01"], "total_order": 4, "hotel_value": ["4.6", "4.6", "4.6", "4.6"], "hotel_price": ["665", "665", "665", "665"]}, "427991": {"hotel_name": "\u5982\u5bb6\u5feb\u6377\u9152\u5e97(\u9752\u5c9b\u53f0\u4e1c\u5546\u4e1a\u533a\u5229\u6d25\u8def\u5e97)", "order_time": ["2019-01-19 13:56:24"], "total_order": 1, "hotel_value": ["4.4"], "hotel_price": ["86"]}, "6273850": {"hotel_name": "\u7eff\u5cf0\u96c5\u9601\u5ea6\u5047\u516c\u5bd3(\u9752\u5c9b\u4e94\u56db\u5e7f\u573a\u4e07\u8c61\u57ce\u5e97)", "order_time": ["2019-01-19 13:56:26"], "total_order": 1, "hotel_value": ["4.8"], "hotel_price": ["946"]}, "436463": {"hotel_name": "\u9752\u5c9b\u8c6a\u68ee\u5e9c\u90b8\u56fd\u9645\u9152\u5e97", "order_time": ["2019-01-19 13:56:27"], "total_order": 1, "hotel_value": ["4.6"], "hotel_price": ["389"]}, "10186829": {"hotel_name": "\u9526\u6c5f\u90fd\u57ce(\u9752\u5c9b\u65b0\u90fd\u5fc3\u5e97)", "order_time": ["2019-01-19 13:56:27"], "total_order": 1, "hotel_value": ["4.6"], "hotel_price": ["271"]}, "7428194": {"hotel_name": "\u9752\u5c9b\u90fd\u5e02118\u516c\u5bd3(\u539f\u5580\u65af\u7279\u6587\u5316\u7cbe\u54c1\u9152\u5e97\u91d1\u6c99\u6ee9\u5e97)", "order_time": ["2019-01-19 13:56:30"], "total_order": 1, "hotel_value": ["4.5"], "hotel_price": ["90"]}, "26412625": {"hotel_name": "\u4e91\u6735\u6d77\u666f\u5ea6\u5047\u516c\u5bd3(\u9752\u5c9b\u4e07\u8fbe\u8302\u5e97)", "order_time": ["2019-01-19 13:56:34"], "total_order": 1, "hotel_value": [0], "hotel_price": ["95"]}, "8394909": {"hotel_name": "\u5343\u591c\u5ea6\u5047\u516c\u5bd3(\u9752\u5c9b\u6d41\u4ead\u673a\u573a\u5e97)", "order_time": ["2019-01-19 13:58:30"], "total_order": 1, "hotel_value": ["4.5"], "hotel_price": ["136"]}, "21678840": {"hotel_name": "\u51ef\u66fc\u516c\u5bd3(\u9752\u5c9b\u6b63\u9633\u4e2d\u8def\u5e97)", "order_time": ["2019-01-19 13:58:32"], "total_order": 1, "hotel_value": ["4.6"], "hotel_price": ["103"]}, "1549218": {"hotel_name": "\u9752\u5c9b\u946b\u9f99\u5047\u65e5\u516c\u5bd3\u9152\u5e97(\u9752\u804c/\u6ee8\u6d77\u5b66\u9662\u5e97)", "order_time": ["2019-01-19 13:58:32"], "total_order": 1, "hotel_value": ["4.7"], "hotel_price": ["156"]}, "1613449": {"hotel_name": "\u591a\u7ef4\u7a7a\u95f4\u7cbe\u54c1\u9152\u5e97(\u9752\u5c9b\u674e\u6751\u6b65\u884c\u8857\u5e97)", "order_time": ["2019-01-19 14:00:59", "2019-01-19 13:58:35"], "total_order": 2, "hotel_value": ["4.4", "4.4"], "hotel_price": ["144", "144"]}, "1199523": {"hotel_name": "\u4e50\u5bb6\u8f69\u96c5\u81f4\u7cbe\u9009\u516c\u5bd3(\u9752\u5c9b\u5965\u5e06\u4e94\u56db\u5e7f\u573a\u5e97)", "order_time": ["2019-01-19 13:58:38"], "total_order": 1, "hotel_value": ["4.5"], "hotel_price": ["199"]}, "3689724": {"hotel_name": "\u6c49\u5ead\u9152\u5e97(\u83b1\u897f\u4eba\u6c11\u5e7f\u573a\u5e97)(\u539f\u5e02\u653f\u5e9c\u5e97)", "order_time": ["2019-01-19 14:00:03"], "total_order": 1, "hotel_value": ["4.6"], "hotel_price": ["132"]}, "1541348": {"hotel_name": "\u6613\u4f70\u8fde\u9501\u9152\u5e97(\u9752\u5c9b\u5fb7\u56fd\u98ce\u60c5\u8857\u5e97)(\u539f\u65b0\u826f\u5546\u52a1\u9152\u5e97)", "order_time": ["2019-01-19 14:01:04"], "total_order": 1, "hotel_value": ["4.3"], "hotel_price": ["69"]}, "1746733": {"hotel_name": "\u9752\u5c9b\u5730\u5e73\u7ebf\u6e29\u99a8\u5bbe\u9986", "order_time": ["2019-01-19 14:01:05"], "total_order": 1, "hotel_value": ["3.3"], "hotel_price": ["54"]}, "700820": {"hotel_name": "\u9752\u5c9b\u4e07\u8fbe\u65f6\u5c1a\u516c\u5bd3", "order_time": ["2019-01-19 14:01:16"], "total_order": 1, "hotel_value": ["3.0"], "hotel_price": ["94"]}, "430840": {"hotel_name": "\u9752\u5c9b\u4e3d\u6676\u5927\u9152\u5e97", "order_time": ["2019-01-19 14:03:05"], "total_order": 1, "hotel_value": ["4.5"], "hotel_price": ["444"]}, "1664209": {"hotel_name": "\u9752\u5c9b\u5929\u745e\u661f\u7a7a\u9152\u5e97", "order_time": ["2019-01-19 14:03:12"], "total_order": 1, "hotel_value": ["4.6"], "hotel_price": ["443"]}, "436088": {"hotel_name": "\u9752\u5c9b\u8d35\u90fd\u56fd\u9645\u5927\u996d\u5e97(\u539f\u9752\u5c9b\u56fd\u6566\u5927\u9152\u5e97)", "order_time": ["2019-01-19 14:03:14"], "total_order": 1, "hotel_value": ["4.6"], "hotel_price": ["422"]}, "1217856": {"hotel_name": "\u9752\u5c9b\u4e30\u5229\u5047\u65e5\u9152\u5e97", "order_time": ["2019-01-19 14:03:16"], "total_order": 1, "hotel_value": ["4.3"], "hotel_price": ["69"]}, "1886434": {"hotel_name": "\u7231\u820d\u7a7a\u95f4\u4e3b\u9898\u6982\u5ff5\u9152\u5e97(\u9752\u5c9b\u5965\u5e06\u4e2d\u5fc3\u738b\u5b50\u98ce\u5c1a\u5e97)", "order_time": ["2019-01-19 14:05:31"], "total_order": 1, "hotel_value": ["4.6"], "hotel_price": ["113"]}, "791367": {"hotel_name": "\u9752\u5c9b\u8bc1\u5927\u559c\u739b\u62c9\u96c5\u9152\u5e97", "order_time": ["2019-01-19 14:05:32"], "total_order": 1, "hotel_value": ["4.6"], "hotel_price": ["546"]}, "4539535": {"hotel_name": "\u4e16\u7eaa\u53cc\u5e06\u6d77\u666f\u5ea6\u5047\u9152\u5e97(\u9752\u5c9b\u80f6\u5357\u90a3\u9c81\u6e7e\u5e97)", "order_time": ["2019-01-19 14:05:34"], "total_order": 1, "hotel_value": ["4.8"], "hotel_price": ["85"]}, "5147819": {"hotel_name": "\u6c49\u5ead\u9152\u5e97(\u9752\u5c9b\u7535\u5b50\u4fe1\u606f\u57ce\u5e97)", "order_time": ["2019-01-19 14:05:36"], "total_order": 1, "hotel_value": ["4.4"], "hotel_price": ["113"]}, "453041": {"hotel_name": "\u9752\u5c9b\u673a\u573a\u8f85\u7279\u6234\u65af\u9152\u5e97", "order_time": ["2019-01-19 14:05:39"], "total_order": 1, "hotel_value": ["4.1"], "hotel_price": ["134"]}, "1717642": {"hotel_name": "\u9752\u5c9b\u6d77\u7fd4\u5546\u52a1\u9152\u5e97", "order_time": ["2019-01-19 14:05:41"], "total_order": 1, "hotel_value": ["4.2"], "hotel_price": ["76"]}, "6113167": {"hotel_name": "\u9752\u5c9b\u7b80\u7231\u4e3b\u9898\u516c\u5bd3", "order_time": ["2019-01-19 14:05:41"], "total_order": 1, "hotel_value": ["4.2"], "hotel_price": ["146"]}, "2311705": {"hotel_name": "\u80f6\u5dde\u5c1a\u54c1\u5047\u65e5\u9152\u5e97", "order_time": ["2019-01-19 14:06:27"], "total_order": 1, "hotel_value": ["4.5"], "hotel_price": ["95"]}, "13180834": {"hotel_name": "\u5c1a\u5ba2\u4f18\u7cbe\u9009\u9152\u5e97(\u9752\u5c9b\u4e16\u7eaa\u516c\u56ed\u6d41\u4ead\u673a\u573a\u5e97)(\u539f\u57ce\u9633\u4e16\u7eaa\u516c\u56ed\u5e97)", "order_time": ["2019-01-19 14:07:41"], "total_order": 1, "hotel_value": ["4.8"], "hotel_price": ["146"]}, "23570404": {"hotel_name": "\u9752\u5c9b\u5e1d\u6d77\u7535\u5f71\u9152\u5e97", "order_time": ["2019-01-19 14:07:42"], "total_order": 1, "hotel_value": ["4.5"], "hotel_price": ["137"]}, "5243784": {"hotel_name": "\u91d1\u5c71\u57ce\u5927\u9152\u5e97(\u9752\u5c9b\u56db\u6d41\u5357\u8def\u5e97)", "order_time": ["2019-01-19 14:07:45"], "total_order": 1, "hotel_value": ["4.6"], "hotel_price": ["124"]}, "1164640": {"hotel_name": "\u9752\u5c9b\u6d77\u60a6\u5ea6\u5047\u516c\u5bd3\u9152\u5e97", "order_time": ["2019-01-19 14:07:46"], "total_order": 1, "hotel_value": ["4.6"], "hotel_price": ["101"]}, "1725945": {"hotel_name": "\u9752\u5c9b\u7acb\u80dc\u6b23\u5927\u9152\u5e97", "order_time": ["2019-01-19 14:07:48"], "total_order": 1, "hotel_value": ["4.8"], "hotel_price": ["119"]}, "2258446": {"hotel_name": "\u5982\u5bb6\u5feb\u6377\u9152\u5e97(\u9752\u5c9b\u6808\u6865\u4eba\u6c11\u4f1a\u5802\u5730\u94c1\u7ad9\u9f99\u53e3\u8def\u5e97)", "order_time": ["2019-01-19 14:07:52"], "total_order": 1, "hotel_value": ["4.4"], "hotel_price": ["110"]}, "1080425": {"hotel_name": "\u9752\u5c9b\u5170\u4ead\u5546\u52a1\u5bbe\u9986", "order_time": ["2019-01-19 14:10:03"], "total_order": 1, "hotel_value": ["4.4"], "hotel_price": ["90"]}, "5980423": {"hotel_name": "\u89c2\u6d77\u57ce\u6d77\u666f\u516c\u5bd3(\u9752\u5c9b\u706b\u8f66\u7ad9\u6808\u6865\u5e97)", "order_time": ["2019-01-19 14:10:07"], "total_order": 1, "hotel_value": ["4.8"], "hotel_price": ["145"]}, "2265976": {"hotel_name": "\u4eac\u82d1\u667a\u5c1a\u8bbe\u8ba1\u9152\u5e97(\u9752\u5c9b\u9999\u6e2f\u4e2d\u8def\u5e97)", "order_time": ["2019-01-19 14:10:10"], "total_order": 1, "hotel_value": ["4.6"], "hotel_price": ["204"]}, "5796148": {"hotel_name": "\u9752\u5c9b\u4e03\u591c\u60c5\u4fa3\u9152\u5e97", "order_time": ["2019-01-19 14:10:15"], "total_order": 1, "hotel_value": ["4.2"], "hotel_price": ["104"]}, "5226837": {"hotel_name": "\u9752\u5c9b\u68a7\u6850\u6811\u7cbe\u54c1\u9152\u5e97", "order_time": ["2019-01-19 14:12:17"], "total_order": 1, "hotel_value": ["4.5"], "hotel_price": ["79"]}, "1290135": {"hotel_name": "\u5586\u60a6\u7cbe\u54c1\u8fde\u9501\u9152\u5e97(\u9752\u5c9b\u674e\u6751\u6b65\u884c\u8857\u541b\u5cf0\u8def\u5730\u94c1\u7ad9\u5e97)", "order_time": ["2019-01-19 14:12:19"], "total_order": 1, "hotel_value": ["4.2"], "hotel_price": ["91"]}, "2304470": {"hotel_name": "\u6fb3\u7433\u5546\u52a1\u5bbe\u9986(\u80f6\u5dde\u7687\u9a90\u5e97)", "order_time": ["2019-01-19 14:13:43"], "total_order": 1, "hotel_value": ["4.6"], "hotel_price": ["198"]}, "2582773": {"hotel_name": "\u6c49\u5ead\u9152\u5e97(\u9752\u5c9b\u706b\u8f66\u7ad9\u4e1c\u5e7f\u573a\u5e97)", "order_time": ["2019-01-19 14:14:27"], "total_order": 1, "hotel_value": ["4.4"], "hotel_price": ["123"]}, "6801113": {"hotel_name": "\u9752\u5c9b\u5609\u5e74\u534e\u5e7f\u573a\u5927\u9152\u5e97", "order_time": ["2019-01-19 14:14:28"], "total_order": 1, "hotel_value": ["4.7"], "hotel_price": ["465"]}, "1374349": {"hotel_name": "\u4eac\u82d1\u8fde\u9501\u7cbe\u54c1\u9152\u5e97(\u9752\u5c9b\u4e94\u56db\u5e7f\u573a\u5e97)", "order_time": ["2019-01-19 14:14:30"], "total_order": 1, "hotel_value": ["4.3"], "hotel_price": ["75"]}, "5931024": {"hotel_name": "\u9752\u5c9b\u6d77\u68e0\u5885\u6d77\u666f\u522b\u5885\u9152\u5e97\u77f3\u8001\u4eba\u6d77\u6c34\u6d74\u573a\u5e97", "order_time": ["2019-01-19 14:14:31"], "total_order": 1, "hotel_value": ["4.7"], "hotel_price": ["230"]}, "3656678": {"hotel_name": "\u9752\u5c9b\u827e\u7c73\u60c5\u4fa3\u9152\u5e97", "order_time": ["2019-01-19 14:14:35"], "total_order": 1, "hotel_value": ["4.6"], "hotel_price": ["141"]}, "1318891": {"hotel_name": "\u6c49\u5ead\u9152\u5e97(\u5373\u58a8\u670d\u88c5\u57ce\u5e97)", "order_time": ["2019-01-19 14:16:52"], "total_order": 1, "hotel_value": ["4.6"], "hotel_price": ["132"]}, "1551929": {"hotel_name": "\u9752\u5c9b\u6052\u661f\u56fd\u9645\u57f9\u8bad\u4e2d\u5fc3", "order_time": ["2019-01-19 14:16:52"], "total_order": 1, "hotel_value": ["4.2"], "hotel_price": ["214"]}, "1317308": {"hotel_name": "\u6c49\u5ead\u9152\u5e97\uff08\u9752\u5c9b\u516b\u5927\u5173\u592a\u5e73\u89d2\u516c\u56ed\u5730\u94c1\u7ad9\u5e97\uff09\uff08\u539f\u516b\u5927\u5173\u5e97)", "order_time": ["2019-01-19 14:16:53"], "total_order": 1, "hotel_value": ["4.6"], "hotel_price": ["161"]}, "986295": {"hotel_name": "\u84dd\u6d77\u5927\u996d\u5e97(\u9752\u5c9b\u5d02\u5c71\u5e97)", "order_time": ["2019-01-19 14:16:57"], "total_order": 1, "hotel_value": ["4.7"], "hotel_price": ["393"]}, "2073653": {"hotel_name": "\u5586\u60a6\u00b7\u7cbe\u54c1\u8fde\u9501\u9152\u5e97(\u9752\u5c9b\u6d77\u5c14\u5de5\u4e1a\u56ed\u5b9d\u9f99\u5e7f\u573a\u5e97)", "order_time": ["2019-01-19 14:17:00"], "total_order": 1, "hotel_value": ["4.6"], "hotel_price": ["85"]}, "2318320": {"hotel_name": "\u5b63\u5bb6\u9152\u5e97\u5f0f\u516c\u5bd3(\u9752\u5c9b\u56fd\u4fe1\u7d2b\u4e91\u53f0\u5e97)", "order_time": ["2019-01-19 14:17:00"], "total_order": 1, "hotel_value": ["4.2"], "hotel_price": ["133"]}, "1826819": {"hotel_name": "\u9752\u5c9b\u6ee8\u6cb3\u540d\u8f69\u5546\u52a1\u5bbe\u9986\uff08\u68d8\u6d2a\u6ee9\u5e97\uff09", "order_time": ["2019-01-19 14:17:00"], "total_order": 1, "hotel_value": ["4.3"], "hotel_price": ["108"]}, "1502398": {"hotel_name": "\u5982\u5bb6\u5feb\u6377\u9152\u5e97(\u9752\u5c9b\u957f\u9014\u6c7d\u8f66\u603b\u7ad9\u676d\u5dde\u8def\u5e97)", "order_time": ["2019-01-19 14:17:00"], "total_order": 1, "hotel_value": ["4.6"], "hotel_price": ["119"]}, "2301781": {"hotel_name": "\u5c1a\u5ba2\u4f18\u5feb\u6377\u9152\u5e97(\u9752\u5c9b\u7075\u73e0\u5c71\u5e97)", "order_time": ["2019-01-19 14:17:03"], "total_order": 1, "hotel_value": ["4.5"], "hotel_price": ["94"]}, "1390142": {"hotel_name": "\u90fd\u5e02118(\u9752\u5c9b\u91d1\u6c99\u6ee9\u5e97)", "order_time": ["2019-01-19 14:19:15"], "total_order": 1, "hotel_value": ["4.5"], "hotel_price": ["89"]}, "1113370": {"hotel_name": "\u5373\u58a8\u65e5\u6708\u8c37\u5047\u65e5\u6e29\u6cc9", "order_time": ["2019-01-19 14:19:35"], "total_order": 1, "hotel_value": ["1.9"], "hotel_price": ["268"]}}}