{"\u5f00\u59cb\u8bb0\u5f55\u65f6\u95f4": "2019-01-13 11:42:32", "\u7ed3\u675f\u8bb0\u5f55\u65f6\u95f4": "2019-01-13 12:48:14", "\u8ba2\u5355\u603b\u589e\u91cf": 244, "item": {"21124467": {"hotel_name": "\u9752\u5c9b\u65af\u7ef4\u767b\u7cbe\u54c1\u516c\u5bd3(\u4f1a\u5c55\u4e2d\u5fc3\u77f3\u8001\u4eba\u6d77\u6c34\u6d74\u573a)", "order_time": ["2019-01-13 11:44:04"], "total_order": 1, "hotel_value": ["4.9"], "hotel_price": ["262"]}, "1725945": {"hotel_name": "\u9752\u5c9b\u7acb\u80dc\u6b23\u5927\u9152\u5e97", "order_time": ["2019-01-13 11:45:14", "2019-01-13 12:00:30"], "total_order": 2, "hotel_value": ["4.8", "4.8"], "hotel_price": ["119", "119"]}, "6284231": {"hotel_name": "\u9752\u5c9b\u745e\u5947\u6d77\u666f\u5ea6\u5047\u516c\u5bd3\u4e2d\u8054\u81ea\u7531\u6e2f\u6e7e\u5e97", "order_time": ["2019-01-13 11:45:18"], "total_order": 1, "hotel_value": ["4.7"], "hotel_price": ["75"]}, "1181372": {"hotel_name": "\u65b0\u4e16\u4f73\u5546\u52a1\u5bbe\u9986(\u9752\u5c9b\u57ce\u9633\u533a)", "order_time": ["2019-01-13 11:45:23"], "total_order": 1, "hotel_value": ["3.8"], "hotel_price": ["98"]}, "16018600": {"hotel_name": "\u683c\u6797\u4e1c\u65b9\u9152\u5e97(\u9752\u5c9b\u4e16\u7eaa\u516c\u56ed\u6d41\u4ead\u673a\u573a\u5e97)", "order_time": ["2019-01-13 11:45:25"], "total_order": 1, "hotel_value": ["4.5"], "hotel_price": ["138"]}, "6825957": {"hotel_name": "\u9752\u5c9b\u7ef4\u591a\u5229\u4e9a\u54c1\u5982\u5bb6\u56ed\u9152\u5e97\u5f0f\u516c\u5bd3", "order_time": ["2019-01-13 11:45:25"], "total_order": 1, "hotel_value": ["4.4"], "hotel_price": ["131"]}, "19828310": {"hotel_name": "\u62dc\u767b\u516c\u5bd3\u00b7\u9752\u5c9b\u57ce\u9633\u6b63\u9633\u8def\u5e97", "order_time": ["2019-01-13 11:45:25"], "total_order": 1, "hotel_value": ["4.7"], "hotel_price": ["101"]}, "5549364": {"hotel_name": "\u9752\u5c9b\u897f\u6d77\u5cb8\u9686\u548c\u827e\u7f8e\u5ea6\u5047\u9152\u5e97", "order_time": ["2019-01-13 11:45:34"], "total_order": 1, "hotel_value": ["4.6"], "hotel_price": ["388"]}, "4960015": {"hotel_name": "\u9526\u6c5f\u4e4b\u661f\u54c1\u5c1a(\u9752\u5c9b\u56fd\u9645\u4f1a\u5c55\u4e2d\u5fc3\u82d7\u5cad\u8def\u5e97)", "order_time": ["2019-01-13 11:45:34"], "total_order": 1, "hotel_value": ["4.5"], "hotel_price": ["149"]}, "3384535": {"hotel_name": "\u9752\u5c9b\u65af\u7ef4\u767b\u670d\u52a1\u516c\u5bd3(\u9999\u6e2f\u4e2d\u8def\u4e3d\u6676\u5fa1\u7b51)", "order_time": ["2019-01-13 11:45:34"], "total_order": 1, "hotel_value": ["4.5"], "hotel_price": ["152"]}, "772111": {"hotel_name": "\u9752\u5c9b\u5a01\u65af\u6c40\u9152\u5e97", "order_time": ["2019-01-13 11:46:11", "2019-01-13 12:43:28", "2019-01-13 12:07:51"], "total_order": 3, "hotel_value": ["4.6", "4.6", "4.6"], "hotel_price": ["653", "653", "653"]}, "2040919": {"hotel_name": "\u90fd\u5e02118\u8fde\u9501\u9152\u5e97(\u80f6\u5dde\u706b\u8f66\u7ad9\u5e97)", "order_time": ["2019-01-13 11:46:12"], "total_order": 1, "hotel_value": ["4.2"], "hotel_price": ["95"]}, "6868234": {"hotel_name": "\u80f6\u5dde\u73ae\u8c6a\u5546\u52a1\u5bbe\u9986", "order_time": ["2019-01-13 11:46:17", "2019-01-13 12:21:52"], "total_order": 2, "hotel_value": ["4.0", "4.0"], "hotel_price": ["98", "98"]}, "1522247": {"hotel_name": "\u9752\u5c9b\u91d1\u5ea7\u516c\u5bd3\u9152\u5e97", "order_time": ["2019-01-13 11:47:21"], "total_order": 1, "hotel_value": ["4.5"], "hotel_price": ["141"]}, "5033186": {"hotel_name": "\u7ef4\u4e5f\u7eb3\u667a\u597d\u9152\u5e97(\u9752\u5c9b\u5373\u58a8\u5e97)(\u539f\u65fa\u534e\u5927\u9152\u5e97)", "order_time": ["2019-01-13 11:47:22"], "total_order": 1, "hotel_value": ["4.4"], "hotel_price": ["226"]}, "484453": {"hotel_name": "\u9752\u5c9b\u897f\u6d77\u5cb8\u9686\u548c\u798f\u670b\u559c\u6765\u767b\u9152\u5e97(\u539f\u9ec4\u5c9b\u798f\u670b\u559c\u6765\u767b\u9152\u5e97)", "order_time": ["2019-01-13 11:47:24"], "total_order": 1, "hotel_value": ["4.5"], "hotel_price": ["428"]}, "371188": {"hotel_name": "\u9752\u5c9b\u9890\u4e2d\u7687\u51a0\u5047\u65e5\u9152\u5e97", "order_time": ["2019-01-13 12:27:01", "2019-01-13 11:47:25", "2019-01-13 12:35:44"], "total_order": 3, "hotel_value": ["4.5", "4.5", "4.5"], "hotel_price": ["528", "528", "528"]}, "438764": {"hotel_name": "\u9752\u5c9b\u56fd\u4fe1\u6d77\u5929\u5927\u5267\u9662\u9152\u5e97", "order_time": ["2019-01-13 11:47:26"], "total_order": 1, "hotel_value": ["4.7"], "hotel_price": ["358"]}, "6608537": {"hotel_name": "\u6854\u5b50\u9152\u5e97\u00b7\u7cbe\u9009(\u9752\u5c9b\u56db\u6d41\u5357\u8def\u5e97)", "order_time": ["2019-01-13 11:47:27"], "total_order": 1, "hotel_value": ["4.9"], "hotel_price": ["275"]}, "2300560": {"hotel_name": "7\u5929\u8fde\u9501\u9152\u5e97(\u9752\u5c9b\u4e2d\u5c71\u516c\u56ed\u6d77\u6c34\u6d74\u573a\u5e97)", "order_time": ["2019-01-13 11:47:28"], "total_order": 1, "hotel_value": ["4.2"], "hotel_price": ["74"]}, "1184737": {"hotel_name": "7\u5929\u8fde\u9501\u9152\u5e97(\u9752\u5c9b\u53f0\u4e1c\u6b65\u884c\u8857\u4e2d\u5fc3\u5e97)", "order_time": ["2019-01-13 11:47:30"], "total_order": 1, "hotel_value": ["4.1"], "hotel_price": ["106"]}, "6108633": {"hotel_name": "\u9752\u5c9b\u68a6\u60a6\u4e4b\u5bb6\u827a\u672f\u9152\u5e97", "order_time": ["2019-01-13 11:47:35"], "total_order": 1, "hotel_value": ["4.8"], "hotel_price": ["99"]}, "14998793": {"hotel_name": "\u9752\u5c9b\u7c73\u5170\u7cbe\u54c1\u9152\u5e97(\u80f6\u5dde\u65b0\u673a\u573a\u5e97)", "order_time": ["2019-01-13 11:48:19"], "total_order": 1, "hotel_value": ["4.4"], "hotel_price": ["153"]}, "15903585": {"hotel_name": "\u80f6\u5dde\u5c1a\u54c1\u7cbe\u9009\u9152\u5e97", "order_time": ["2019-01-13 11:48:19"], "total_order": 1, "hotel_value": [0], "hotel_price": ["97"]}, "1200168": {"hotel_name": "\u7ef4\u4e5f\u7eb3\u9152\u5e97(\u80f6\u5dde\u5e97)", "order_time": ["2019-01-13 11:48:25"], "total_order": 1, "hotel_value": ["4.7"], "hotel_price": ["268"]}, "1344275": {"hotel_name": "\u9752\u5c9b\u56ed\u6f84\u5bb6\u5b66\u957f\u516c\u5bd3(\u539f\u56ed\u6f84\u5bb6\u5546\u52a1\u5bbe\u9986)", "order_time": ["2019-01-13 11:49:27"], "total_order": 1, "hotel_value": ["4.1"], "hotel_price": ["71"]}, "779894": {"hotel_name": "\u9526\u6c5f\u4e4b\u661f(\u9752\u5c9b\u4e2d\u5c71\u8def\u5e97)", "order_time": ["2019-01-13 11:49:27"], "total_order": 1, "hotel_value": ["4.5"], "hotel_price": ["149"]}, "5215569": {"hotel_name": "\u9752\u5c9b\u5370\u8c61\u9152\u5e97", "order_time": ["2019-01-13 11:49:28"], "total_order": 1, "hotel_value": ["4.5"], "hotel_price": ["253"]}, "994151": {"hotel_name": "\u5982\u5bb6\u5feb\u6377\u9152\u5e97(\u9752\u5c9b\u674e\u6751\u5730\u94c1\u7ad9\u4eac\u53e3\u8def\u5e97)", "order_time": ["2019-01-13 11:49:29", "2019-01-13 12:35:39"], "total_order": 2, "hotel_value": ["4.5", "4.5"], "hotel_price": ["109", "109"]}, "1411665": {"hotel_name": "\u6377\u5229\u83b1\u5546\u52a1\u5bbe\u9986(\u9752\u5c9b\u674e\u6ca7\u6d77\u5c14\u5de5\u4e1a\u56ed\u5e97)", "order_time": ["2019-01-13 11:49:31"], "total_order": 1, "hotel_value": ["4.3"], "hotel_price": ["70"]}, "2310159": {"hotel_name": "\u90fd\u5e02118(\u9752\u5c9b\u8fbd\u9633\u897f\u8def\u6d6e\u5c71\u540e\u5e97)", "order_time": ["2019-01-13 11:49:34"], "total_order": 1, "hotel_value": ["4.5"], "hotel_price": ["89"]}, "445159": {"hotel_name": "\u9752\u5c9b\u79cb\u4e34\u5927\u9152\u5e97", "order_time": ["2019-01-13 11:49:35"], "total_order": 1, "hotel_value": ["4.3"], "hotel_price": ["242"]}, "18515525": {"hotel_name": "\u534a\u5c9b\u56fd\u9645\u9152\u5e97(\u9752\u5c9b\u674e\u6751\u5730\u94c1\u7ad9\u5e97)", "order_time": ["2019-01-13 12:24:48", "2019-01-13 11:49:37", "2019-01-13 11:56:14"], "total_order": 3, "hotel_value": ["4.5", "4.5", "4.5"], "hotel_price": ["184", "184", "184"]}, "1774898": {"hotel_name": "\u6c49\u5ead\u9152\u5e97(\u9752\u5c9b\u706b\u8f66\u5317\u7ad9\u5e97)", "order_time": ["2019-01-13 11:49:38"], "total_order": 1, "hotel_value": ["4.3"], "hotel_price": ["170"]}, "1741177": {"hotel_name": "\u91d1\u72ee100\u8fde\u9501\u5bbe\u9986(\u9752\u5c9b\u6d41\u4ead\u673a\u573a\u5e97)", "order_time": ["2019-01-13 11:49:39"], "total_order": 1, "hotel_value": ["3.5"], "hotel_price": ["58"]}, "994087": {"hotel_name": "\u5982\u5bb6\u5feb\u6377\u9152\u5e97(\u9752\u5c9b\u4e2d\u5c71\u8def\u5288\u67f4\u9662\u5e97)", "order_time": ["2019-01-13 11:49:40"], "total_order": 1, "hotel_value": ["4.4"], "hotel_price": ["78"]}, "2163220": {"hotel_name": "\u83b1\u897f\u516c\u8def\u5546\u52a1\u9152\u5e97", "order_time": ["2019-01-13 11:50:27"], "total_order": 1, "hotel_value": ["4.2"], "hotel_price": ["69"]}, "4637626": {"hotel_name": "\u4e16\u7eaa\u9e3f\u6cf0\u9152\u5e97\u516c\u5bd3(\u9752\u5c9b\u4e2d\u8054\u81ea\u7531\u6e2f\u6e7e\u5e97)", "order_time": ["2019-01-13 11:51:40"], "total_order": 1, "hotel_value": ["4.7"], "hotel_price": ["83"]}, "1426280": {"hotel_name": "\u91d1\u6d77\u7ea2\u5b87\u5bbe\u9986(\u9752\u5c9b\u706b\u8f66\u7ad9\u897f\u5e7f\u573a\u5e97)", "order_time": ["2019-01-13 11:51:40"], "total_order": 1, "hotel_value": ["4.6"], "hotel_price": ["109"]}, "2624847": {"hotel_name": "\u9752\u5c9b\u83ab\u4e3d\u00b7\u7cbe\u9009\u9152\u5e97", "order_time": ["2019-01-13 11:51:42", "2019-01-13 12:07:01"], "total_order": 2, "hotel_value": ["4.5", "4.5"], "hotel_price": ["221", "221"]}, "2313451": {"hotel_name": "\u6c49\u5ead\u9152\u5e97(\u9752\u5c9b\u4e07\u8c61\u57ce\u5e97)", "order_time": ["2019-01-13 11:51:44"], "total_order": 1, "hotel_value": ["4.5"], "hotel_price": ["151"]}, "2139868": {"hotel_name": "7\u5929\u8fde\u9501\u9152\u5e97(\u9752\u5c9b\u5c71\u4e1c\u8def\u4e2d\u592e\u5546\u52a1\u533a\u5e97)", "order_time": ["2019-01-13 11:51:47", "2019-01-13 12:15:56"], "total_order": 2, "hotel_value": ["3.9", "3.9"], "hotel_price": ["70", "70"]}, "17509168": {"hotel_name": "\u8212\u5bb8\u7cbe\u54c1\u9152\u5e97(\u9752\u5c9b\u4e07\u8fbe\u4e1c\u65b9\u5f71\u90fd\u4e07\u8fbe\u8302\u5e97)", "order_time": ["2019-01-13 11:51:49"], "total_order": 1, "hotel_value": ["4.8"], "hotel_price": ["237"]}, "8597057": {"hotel_name": "\u9752\u5c9b\u9a7f\u65c5\u8ff7\u4f60\u65c5\u9986", "order_time": ["2019-01-13 11:51:50"], "total_order": 1, "hotel_value": ["4.0"], "hotel_price": ["113"]}, "986295": {"hotel_name": "\u84dd\u6d77\u5927\u996d\u5e97(\u9752\u5c9b\u5d02\u5c71\u5e97)", "order_time": ["2019-01-13 11:51:53"], "total_order": 1, "hotel_value": ["4.7"], "hotel_price": ["623"]}, "6708385": {"hotel_name": "\u9752\u5c9b\u4e30\u5fb7\u6e90\u5927\u9152\u5e97", "order_time": ["2019-01-13 11:51:54"], "total_order": 1, "hotel_value": ["4.5"], "hotel_price": ["93"]}, "1699833": {"hotel_name": "\u9752\u5c9b\u4e09\u5ea6\u6d77\u666f\u516c\u5bd3\u9152\u5e97", "order_time": ["2019-01-13 11:51:59"], "total_order": 1, "hotel_value": ["4.2"], "hotel_price": ["135"]}, "1979422": {"hotel_name": "\u9752\u5c9b\u4f18\u5c1a\u5feb\u6377\u9152\u5e97", "order_time": ["2019-01-13 11:53:51"], "total_order": 1, "hotel_value": ["4.1"], "hotel_price": ["83"]}, "6308164": {"hotel_name": "\u5609\u5ead\u5047\u65e5\u9152\u5e97(\u9752\u5c9b\u6808\u6865\u5e97)", "order_time": ["2019-01-13 11:53:53"], "total_order": 1, "hotel_value": ["4.3"], "hotel_price": ["56"]}, "2338161": {"hotel_name": "\u9752\u5c9b\u946b\u6da6\u4e16\u4f73\u5546\u52a1\u9152\u5e97(\u539f\u548c\u6da6\u4e16\u4f73\u5546\u52a1\u9152\u5e97)", "order_time": ["2019-01-13 12:13:55", "2019-01-13 12:00:35", "2019-01-13 12:44:43", "2019-01-13 11:56:16", "2019-01-13 11:53:54"], "total_order": 5, "hotel_value": ["4.2", "4.2", "4.2", "4.2", "4.2"], "hotel_price": ["122", "122", "122", "122", "122"]}, "1925767": {"hotel_name": "\u9752\u5c9b\u7d2b\u73a5\u94c2\u5c14\u66fc\u9152\u5e97", "order_time": ["2019-01-13 12:06:52", "2019-01-13 11:54:00"], "total_order": 2, "hotel_value": ["4.5", "4.5"], "hotel_price": ["381", "381"]}, "16127878": {"hotel_name": "\u9752\u5c9b\u73e0\u5c71\u5927\u996d\u5e97", "order_time": ["2019-01-13 11:54:00"], "total_order": 1, "hotel_value": ["4.7"], "hotel_price": ["323"]}, "8901473": {"hotel_name": "\u9752\u5c9b\u5c9b\u4e0a\u65f6\u5149\u7cbe\u54c1\u9152\u5e97", "order_time": ["2019-01-13 11:54:02"], "total_order": 1, "hotel_value": ["4.4"], "hotel_price": ["103"]}, "791853": {"hotel_name": "\u94f6\u5ea7\u4f73\u9a7f\u9152\u5e97(\u5373\u58a8\u9e64\u5c71\u8def\u4f73\u4e50\u5bb6\u4e00\u5e97)", "order_time": ["2019-01-13 11:54:03"], "total_order": 1, "hotel_value": ["4.1"], "hotel_price": ["76"]}, "20615875": {"hotel_name": "\u5c1a\u5ba2\u4f18\u7cbe\u9009\u9152\u5e97(\u9752\u5c9b\u4e07\u5e74\u6cc9\u8def\u5730\u94c1\u7ad9\u5e97)", "order_time": ["2019-01-13 11:54:07"], "total_order": 1, "hotel_value": ["4.3"], "hotel_price": ["181"]}, "1054145": {"hotel_name": "\u9752\u5c9b\u8212\u5fc3\u9601\u5bbe\u9986", "order_time": ["2019-01-13 12:18:08", "2019-01-13 11:54:08"], "total_order": 2, "hotel_value": ["4.1", "4.1"], "hotel_price": ["88", "88"]}, "891096": {"hotel_name": "\u84dd\u6d77\u5927\u996d\u5e97(\u9752\u5c9b\u541b\u5cf0\u8def\u5730\u94c1\u7ad9\u5e97)(\u539f\u674e\u6ca7\u5e97)", "order_time": ["2019-01-13 12:43:28", "2019-01-13 11:55:06"], "total_order": 2, "hotel_value": ["4.6", "4.6"], "hotel_price": ["356", "356"]}, "8415426": {"hotel_name": "\u56db\u5b63\u7cbe\u9009\u9152\u5e97(\u9752\u5c9b\u6d41\u4ead\u673a\u573a\u5e97)", "order_time": ["2019-01-13 11:56:09", "2019-01-13 12:15:53"], "total_order": 2, "hotel_value": ["4.6", "4.6"], "hotel_price": ["208", "208"]}, "20615346": {"hotel_name": "\u827e\u5ba2\u6d77\u666f\u5ea6\u5047\u516c\u5bd3\uff08\u9752\u5c9b\u77f3\u8001\u4eba\u6d77\u6c34\u6d74\u573a\u5e97\uff09", "order_time": ["2019-01-13 11:56:09"], "total_order": 1, "hotel_value": ["4.8"], "hotel_price": ["216"]}, "9561035": {"hotel_name": "\u9752\u5c9b\u6469\u767b\u4e0a\u57ce\u670d\u52a1\u516c\u5bd3(\u94f6\u76db\u6cf0\u65b0\u7a7a\u95f4)", "order_time": ["2019-01-13 12:15:51", "2019-01-13 11:56:10"], "total_order": 2, "hotel_value": ["4.4", "4.4"], "hotel_price": ["156", "156"]}, "23472335": {"hotel_name": "\u7f8e\u8c6a\u4e3d\u81f4\u9152\u5e97(\u9752\u5c9b\u5e97)", "order_time": ["2019-01-13 11:56:11", "2019-01-13 12:22:34"], "total_order": 2, "hotel_value": ["4.9", "4.9"], "hotel_price": ["399", "399"]}, "5463838": {"hotel_name": "\u9752\u5c9b\u7761\u673a\u573a\u9152\u5e97", "order_time": ["2019-01-13 11:56:11"], "total_order": 1, "hotel_value": ["4.3"], "hotel_price": ["146"]}, "5147819": {"hotel_name": "\u6c49\u5ead\u9152\u5e97(\u9752\u5c9b\u7535\u5b50\u4fe1\u606f\u57ce\u5e97)", "order_time": ["2019-01-13 12:44:32", "2019-01-13 11:56:11"], "total_order": 2, "hotel_value": ["4.5", "4.5"], "hotel_price": ["113", "113"]}, "5930261": {"hotel_name": "\u9752\u5c9b\u9ec4\u5c9b\u6cf0\u6210\u559c\u6765\u767b\u9152\u5e97", "order_time": ["2019-01-13 11:56:14"], "total_order": 1, "hotel_value": ["4.6"], "hotel_price": ["498"]}, "19597710": {"hotel_name": "\u9752\u5c9b\u6cdb\u6d77\u542c\u98ce\u5546\u52a1\u9152\u5e97", "order_time": ["2019-01-13 11:56:18"], "total_order": 1, "hotel_value": ["4.9"], "hotel_price": ["92"]}, "8576043": {"hotel_name": "\u7f8e\u5bbf\u5047\u65e5\u6d77\u666f\u9152\u5e97(\u9752\u5c9b\u543e\u60a6\u5e7f\u573a\u5e97)(\u539f\u7f8e\u5bbf\u5047\u65e5\u9152\u5e97)", "order_time": ["2019-01-13 11:56:19"], "total_order": 1, "hotel_value": ["4.6"], "hotel_price": ["105"]}, "2312393": {"hotel_name": "\u683c\u5c14\u5fb7\u798f\u5546\u52a1\u9152\u5e97(\u9752\u5c9b\u5c71\u4e1c\u79d1\u6280\u5927\u5b66\u5e97)", "order_time": ["2019-01-13 11:56:24"], "total_order": 1, "hotel_value": ["4.4"], "hotel_price": ["99"]}, "1786865": {"hotel_name": "\u9752\u5c9b\u597d\u4e16\u754c\u7cbe\u54c1\u9152\u5e97", "order_time": ["2019-01-13 11:56:24"], "total_order": 1, "hotel_value": ["4.8"], "hotel_price": ["81"]}, "6825526": {"hotel_name": "\u9752\u5c9b\u65b0\u6fb3\u6d77\u666f\u5927\u9152\u5e97", "order_time": ["2019-01-13 11:56:26", "2019-01-13 12:11:24"], "total_order": 2, "hotel_value": ["4.5", "4.5"], "hotel_price": ["154", "154"]}, "428039": {"hotel_name": "\u548c\u7f8e\u5bb6\u9152\u5e97(\u9752\u5c9b\u9999\u6e2f\u4e1c\u8def\u9752\u5c9b\u5927\u5b66\u6781\u5730\u6d77\u6d0b\u4e16\u754c\u5e97)", "order_time": ["2019-01-13 11:58:19"], "total_order": 1, "hotel_value": ["4.2"], "hotel_price": ["78"]}, "1183363": {"hotel_name": "\u9752\u5c9b\u6052\u661f\u5927\u9152\u5e97", "order_time": ["2019-01-13 11:58:20"], "total_order": 1, "hotel_value": ["4.4"], "hotel_price": ["256"]}, "430544": {"hotel_name": "\u9752\u5c9b\u5feb\u901a\u56fd\u9645\u9152\u5e97", "order_time": ["2019-01-13 12:33:30", "2019-01-13 11:58:20"], "total_order": 2, "hotel_value": ["4.4", "4.4"], "hotel_price": ["260", "260"]}, "6473128": {"hotel_name": "\u8bfa\u66fc\u5e95\u56fd\u9645\u516c\u5bd3(\u9752\u5c9b\u56fd\u4fe1\u4f1a\u5c55\u4e2d\u5fc3\u5e97)", "order_time": ["2019-01-13 11:58:21"], "total_order": 1, "hotel_value": ["4.6"], "hotel_price": ["123"]}, "8925277": {"hotel_name": "\u6d77\u53cb\u9152\u5e97(\u9752\u5c9b\u6808\u6865\u706b\u8f66\u7ad9\u4e1c\u5e7f\u573a\u9152\u5e97)", "order_time": ["2019-01-13 11:58:22"], "total_order": 1, "hotel_value": ["4.6"], "hotel_price": ["94"]}, "1542881": {"hotel_name": "\u9752\u5c9b\u90fd\u5e02\u82b1\u56ed\u9152\u5e97(\u539f\u5170\u5ef7\u82b1\u56ed\u9152\u5e97)", "order_time": ["2019-01-13 11:58:22"], "total_order": 1, "hotel_value": ["4.2"], "hotel_price": ["95"]}, "6875807": {"hotel_name": "\u9752\u5c9b\u4e3d\u90fd\u9152\u5e97\u5f0f\u516c\u5bd3\u706b\u8f66\u7ad9\u6808\u6865\u5e97", "order_time": ["2019-01-13 11:58:23"], "total_order": 1, "hotel_value": ["4.4"], "hotel_price": ["95"]}, "712009": {"hotel_name": "\u9752\u5c9b\u7231\u5bb6\u5ba2\u6d77\u666f\u65e5\u79df\u623f", "order_time": ["2019-01-13 11:58:24"], "total_order": 1, "hotel_value": ["4.8"], "hotel_price": ["29"]}, "436462": {"hotel_name": "\u9082\u9005\u7f8e\u5bbf(\u9752\u5c9b\u4e2d\u5c71\u8def\u6808\u6865\u5e97)(\u539f\u9082\u9005\u56fd\u9645\u9752\u5e74\u65c5\u820d(\u4e2d\u5c71\u8def\u5929\u4e3b\u6559\u5802\u5e97))", "order_time": ["2019-01-13 11:58:24"], "total_order": 1, "hotel_value": ["4.5"], "hotel_price": ["30"]}, "1600748": {"hotel_name": "\u9752\u5c9b\u5929\u6cf0\u7f8e\u5bb6\u516c\u5bd3\u9152\u5e97", "order_time": ["2019-01-13 12:07:05", "2019-01-13 11:58:30"], "total_order": 2, "hotel_value": ["4.5", "4.5"], "hotel_price": ["123", "123"]}, "6264032": {"hotel_name": "\u9752\u5c9b\u65bd\u6cf0\u6839\u535a\u9601\u57ce\u9645\u9152\u5e97", "order_time": ["2019-01-13 11:58:32"], "total_order": 1, "hotel_value": ["4.7"], "hotel_price": ["248"]}, "994246": {"hotel_name": "\u5982\u5bb6\u5feb\u6377\u9152\u5e97(\u5373\u58a8\u84dd\u9ccc\u8def\u5b9d\u9f99\u5e7f\u573a\u5e97)", "order_time": ["2019-01-13 11:58:36"], "total_order": 1, "hotel_value": ["4.5"], "hotel_price": ["102"]}, "2045228": {"hotel_name": "\u5e73\u5ea6\u8d5b\u5bb6\u5ba2\u623f", "order_time": ["2019-01-13 11:59:27"], "total_order": 1, "hotel_value": ["4.2"], "hotel_price": ["88"]}, "1645358": {"hotel_name": "\u81ea\u7531\u884c\u9752\u5e74\u65c5\u793e(\u9752\u5c9b\u6808\u6865\u706b\u8f66\u7ad9\u5e97)", "order_time": ["2019-01-13 12:00:27"], "total_order": 1, "hotel_value": ["4.6"], "hotel_price": ["17"]}, "2301077": {"hotel_name": "\u7231\u5c0a\u5ba2\u9152\u5e97(\u9752\u5c9b\u4e94\u56db\u5e7f\u573a\u5e97)", "order_time": ["2019-01-13 12:24:48", "2019-01-13 12:00:31"], "total_order": 2, "hotel_value": ["4.6", "4.6"], "hotel_price": ["130", "130"]}, "513254": {"hotel_name": "\u9752\u5c9b\u671b\u6d77\u56fd\u9645\u9152\u5e97", "order_time": ["2019-01-13 12:00:34"], "total_order": 1, "hotel_value": ["4.9"], "hotel_price": ["386"]}, "1815658": {"hotel_name": "\u5723\u5fb7\u5c45\u5546\u52a1\u9152\u5e97(\u9752\u5c9b\u706b\u8f66\u5317\u7ad9\u5e97)", "order_time": ["2019-01-13 12:00:36"], "total_order": 1, "hotel_value": ["4.4"], "hotel_price": ["108"]}, "780008": {"hotel_name": "\u7b51\u7f8e\u5370\u8c61\u9152\u5e97\u516c\u5bd3(\u9752\u5c9b\u4e94\u56db\u5e7f\u573a\u9999\u6e2f\u4e2d\u8def\u5e97)", "order_time": ["2019-01-13 12:00:39"], "total_order": 1, "hotel_value": ["4.5"], "hotel_price": ["107"]}, "2164792": {"hotel_name": "\u9752\u5c9bUNO\u4f18\u8bfa\u6d77\u666f\u516c\u5bd3(\u539f\u5609\u8d1d\u7cbe\u54c1\u6d77\u666f\u516c\u5bd3)", "order_time": ["2019-01-13 12:00:42"], "total_order": 1, "hotel_value": ["4.6"], "hotel_price": ["218"]}, "1606842": {"hotel_name": "\u9752\u5c9b\u53cc\u6e90\u5bbe\u9986", "order_time": ["2019-01-13 12:00:51"], "total_order": 1, "hotel_value": ["3.3"], "hotel_price": ["88"]}, "1501441": {"hotel_name": "\u5373\u58a8\u738b\u5bb6\u6e29\u6cc9\u5bbe\u9986", "order_time": ["2019-01-13 12:00:52"], "total_order": 1, "hotel_value": [0], "hotel_price": ["80"]}, "1734724": {"hotel_name": "\u9752\u5c9b\u56fd\u4fe1\u4e1c\u65b9\u4e4b\u661f\u9152\u5e97", "order_time": ["2019-01-13 12:42:21", "2019-01-13 12:02:38"], "total_order": 2, "hotel_value": ["4.7", "4.7"], "hotel_price": ["198", "198"]}, "1373267": {"hotel_name": "\u5982\u5bb6\u5feb\u6377\u9152\u5e97(\u9752\u5c9b\u674e\u6751\u5730\u94c1\u7ad9\u6b65\u884c\u8857\u5e97)", "order_time": ["2019-01-13 12:02:40", "2019-01-13 12:16:01"], "total_order": 2, "hotel_value": ["4.6", "4.6"], "hotel_price": ["109", "109"]}, "1306753": {"hotel_name": "\u9752\u5c9b\u51ef\u83b1\u5546\u52a1\u9152\u5e97", "order_time": ["2019-01-13 12:02:41"], "total_order": 1, "hotel_value": ["4.2"], "hotel_price": ["159"]}, "454944": {"hotel_name": "\u9752\u5c9b\u6d77\u6da6\u4e30\u626c\u5e06\u9152\u5e97", "order_time": ["2019-01-13 12:02:41"], "total_order": 1, "hotel_value": ["4.5"], "hotel_price": ["296"]}, "1379289": {"hotel_name": "\u90fd\u5e02118(\u9752\u5c9b\u57ce\u9633\u5b9d\u9f99\u5e7f\u573a\u5e97)", "order_time": ["2019-01-13 12:02:41"], "total_order": 1, "hotel_value": ["3.9"], "hotel_price": ["108"]}, "5999421": {"hotel_name": "\u7a7a\u94c1\u5047\u65e5\u9152\u5e97\u516c\u5bd3(\u9752\u5c9b\u673a\u573a\u5e97)", "order_time": ["2019-01-13 12:04:46"], "total_order": 1, "hotel_value": ["4.6"], "hotel_price": ["193"]}, "2359489": {"hotel_name": "\u5b89\u6f9c\u5bbe\u820d\u541b\u54c1\u6d77\u5cb8\u9152\u5e97(\u9752\u5c9b\u706b\u8f66\u7ad9\u6808\u6865\u9752\u533b\u9644\u9662\u5e97)", "order_time": ["2019-01-13 12:04:46"], "total_order": 1, "hotel_value": ["4.5"], "hotel_price": ["112"]}, "1716184": {"hotel_name": "7\u5929\u8fde\u9501\u9152\u5e97(\u9752\u5c9b\u8fbd\u9633\u897f\u8def\u65b0\u4e1a\u5e7f\u573a\u5730\u94c1\u7ad9\u5e97)", "order_time": ["2019-01-13 12:04:46"], "total_order": 1, "hotel_value": ["4.2"], "hotel_price": ["125"]}, "1224709": {"hotel_name": "\u901f8\u9152\u5e97(\u9752\u5c9b\u5f00\u53d1\u533a\u77f3\u6cb9\u5927\u5b66\u5e97)", "order_time": ["2019-01-13 12:04:47"], "total_order": 1, "hotel_value": ["4.5"], "hotel_price": ["103"]}, "21122269": {"hotel_name": "\u9752\u5c9b\u84dd\u6735\u6d77\u666f\u5047\u65e5\u516c\u5bd3", "order_time": ["2019-01-13 12:25:01", "2019-01-13 12:04:48"], "total_order": 2, "hotel_value": ["4.9", "4.9"], "hotel_price": ["217", "217"]}, "4645480": {"hotel_name": "\u9752\u5c9b\u67ab\u5ead\u6d77\u666f\u5ea6\u5047\u516c\u5bd3", "order_time": ["2019-01-13 12:04:54"], "total_order": 1, "hotel_value": ["4.7"], "hotel_price": ["85"]}, "6870819": {"hotel_name": "\u9752\u5c9b\u4e91\u77e5\u96c5\u820d\u9152\u5e97\u516c\u5bd3", "order_time": ["2019-01-13 12:04:56"], "total_order": 1, "hotel_value": ["4.4"], "hotel_price": ["154"]}, "1501841": {"hotel_name": "\u83ab\u6cf0168(\u9752\u5c9b\u6808\u6865\u706b\u8f66\u7ad9\u897f\u5e7f\u573a\u5e97)", "order_time": ["2019-01-13 12:04:57"], "total_order": 1, "hotel_value": ["4.6"], "hotel_price": ["92"]}, "4331152": {"hotel_name": "\u9752\u5c9b\u4e9a\u70ed\u98ce\u60c5\u5546\u52a1\u5bbe\u9986", "order_time": ["2019-01-13 12:05:02"], "total_order": 1, "hotel_value": ["4.0"], "hotel_price": ["85"]}, "4628580": {"hotel_name": "\u5fc6\u5c0f\u7a9d\u9752\u5e74\u65c5\u820d(\u9752\u5c9b\u541b\u5cf0\u8def\u5730\u94c1\u7ad9\u5e97)", "order_time": ["2019-01-13 12:05:24"], "total_order": 1, "hotel_value": ["4.7"], "hotel_price": ["26"]}, "10212249": {"hotel_name": "\u4e50\u5bb6\u8f69\u7cbe\u54c1\u670d\u52a1\u516c\u5bd3(\u9752\u5c9b\u9ad8\u65b0\u533a\u521b\u4e1a\u5927\u53a6\u65b9\u7279\u5e97)", "order_time": ["2019-01-13 12:06:55"], "total_order": 1, "hotel_value": ["4.6"], "hotel_price": ["134"]}, "5466788": {"hotel_name": "\u82b1\u6eaa\u82b1\u56ed\u9152\u5e97(\u9752\u5c9b\u6d41\u4ead\u673a\u573a\u5e97)", "order_time": ["2019-01-13 12:06:58", "2019-01-13 12:33:32"], "total_order": 2, "hotel_value": ["4.5", "4.5"], "hotel_price": ["198", "198"]}, "4738805": {"hotel_name": "\u9752\u5c9b\u7231\u5c0a\u5ba2\u8fde\u9501\u9152\u5e97(\u8fbd\u6e90\u8def\u5e97)", "order_time": ["2019-01-13 12:06:59"], "total_order": 1, "hotel_value": ["4.4"], "hotel_price": ["103"]}, "19616266": {"hotel_name": "\u66e6\u9014\u672a\u6765\u6d77\u666f\u5ea6\u5047\u516c\u5bd3(\u9752\u5c9b\u4f1a\u5c55\u4e2d\u5fc3\u77f3\u8001\u4eba\u6d77\u6c34\u6d74\u573a\u5e97)", "order_time": ["2019-01-13 12:07:00"], "total_order": 1, "hotel_value": ["4.8"], "hotel_price": ["209"]}, "1434596": {"hotel_name": "\u91cc\u9662\u5ba2\u6808(\u9752\u5c9b\u706b\u8f66\u7ad9\u5e97)", "order_time": ["2019-01-13 12:07:02"], "total_order": 1, "hotel_value": ["4.5"], "hotel_price": ["69"]}, "6839809": {"hotel_name": "\u9752\u5c9b\u6b22\u4e50\u5bb6\u5927\u9152\u5e97", "order_time": ["2019-01-13 12:07:06"], "total_order": 1, "hotel_value": ["4.6"], "hotel_price": ["75"]}, "1321819": {"hotel_name": "\u9752\u5c9b\u94c2\u7f07\u7cbe\u9009\u9152\u5e97", "order_time": ["2019-01-13 12:07:07"], "total_order": 1, "hotel_value": ["4.1"], "hotel_price": ["70"]}, "5980218": {"hotel_name": "\u9752\u5c9b\u6d77\u4e4b\u6f9c\u6d77\u666f\u65e5\u79df\u623f", "order_time": ["2019-01-13 12:07:10"], "total_order": 1, "hotel_value": ["4.8"], "hotel_price": ["29"]}, "5380055": {"hotel_name": "\u9752\u5c9b\u91d1\u5cad\u5bbe\u9986", "order_time": ["2019-01-13 12:07:14"], "total_order": 1, "hotel_value": [0], "hotel_price": ["68"]}, "9188985": {"hotel_name": "\u5b9c\u6e7e\u4e3b\u9898\u9152\u5e97(\u9752\u5c9b\u706b\u8f66\u5317\u7ad9\u5e97)", "order_time": ["2019-01-13 12:07:21"], "total_order": 1, "hotel_value": ["2.6"], "hotel_price": ["69"]}, "2299218": {"hotel_name": "\u5168\u5b63\u9152\u5e97(\u9752\u5c9b\u5c71\u4e1c\u8def\u4e07\u8fbe\u5e7f\u573a\u5e97)", "order_time": ["2019-01-13 12:07:51"], "total_order": 1, "hotel_value": ["4.6"], "hotel_price": ["294"]}, "2329361": {"hotel_name": "\u9752\u5c9b\u65af\u7ef4\u767b\u5ea6\u5047\u516c\u5bd3(\u90ae\u8f6e\u6bcd\u6e2f\u5e97)", "order_time": ["2019-01-13 12:27:02", "2019-01-13 12:09:01"], "total_order": 2, "hotel_value": ["4.7", "4.7"], "hotel_price": ["124", "124"]}, "2082416": {"hotel_name": "7\u5929\u8fde\u9501\u9152\u5e97(\u9752\u5c9b\u6d41\u4ead\u673a\u573a\u5e97)", "order_time": ["2019-01-13 12:09:02"], "total_order": 1, "hotel_value": ["4.1"], "hotel_price": ["99"]}, "3265800": {"hotel_name": "\u9752\u5c9b\u90a3\u9c81\u6e7e\u6d77\u666f\u5ea6\u5047\u516c\u5bd3", "order_time": ["2019-01-13 12:40:06", "2019-01-13 12:09:03"], "total_order": 2, "hotel_value": ["4.7", "4.7"], "hotel_price": ["114", "114"]}, "2101673": {"hotel_name": "\u9752\u5c9b\u53f0\u4e1c\u5927\u9152\u5e97", "order_time": ["2019-01-13 12:09:07"], "total_order": 1, "hotel_value": ["4.3"], "hotel_price": ["70"]}, "5214791": {"hotel_name": "\u94f6\u6d77\u4e4b\u604b\u9152\u5e97(\u9752\u5c9b\u9ec4\u5c9b\u91d1\u6c99\u6ee9\u5564\u9152\u57ce\u5e97)", "order_time": ["2019-01-13 12:09:15"], "total_order": 1, "hotel_value": ["4.7"], "hotel_price": ["95"]}, "1886434": {"hotel_name": "\u7231\u820d\u7a7a\u95f4\u4e3b\u9898\u6982\u5ff5\u9152\u5e97(\u9752\u5c9b\u5965\u5e06\u4e2d\u5fc3\u738b\u5b50\u98ce\u5c1a\u5e97)", "order_time": ["2019-01-13 12:11:23"], "total_order": 1, "hotel_value": ["4.6"], "hotel_price": ["83"]}, "5301639": {"hotel_name": "\u9752\u5c9b\u65af\u7ef4\u767b\u5ea6\u5047\u516c\u5bd3(\u91d1\u6c99\u6ee9\u5929\u9e93\u6e56)", "order_time": ["2019-01-13 12:13:52", "2019-01-13 12:11:24"], "total_order": 2, "hotel_value": ["4.6", "4.6"], "hotel_price": ["134", "134"]}, "8426688": {"hotel_name": "\u5982\u5bb6\u7cbe\u9009\u9152\u5e97(\u9752\u5c9b\u706b\u8f66\u7ad9\u6808\u6865\u5e97)", "order_time": ["2019-01-13 12:18:04", "2019-01-13 12:11:24"], "total_order": 2, "hotel_value": ["4.6", "4.6"], "hotel_price": ["164", "164"]}, "996027": {"hotel_name": "\u9752\u5c9b\u91d1\u6c99\u6ee9\u5e0c\u5c14\u987f\u9152\u5e97", "order_time": ["2019-01-13 12:11:24"], "total_order": 1, "hotel_value": ["4.6"], "hotel_price": ["663"]}, "994086": {"hotel_name": "\u5982\u5bb6\u5feb\u6377\u9152\u5e97(\u9752\u5c9b\u6d77\u5c14\u8def\u5730\u94c1\u7ad9\u9752\u5c71\u8def\u5e97)", "order_time": ["2019-01-13 12:11:24"], "total_order": 1, "hotel_value": ["4.5"], "hotel_price": ["105"]}, "6838355": {"hotel_name": "\u5170\u6b27\u9152\u5e97(\u9752\u5c9b\u4e94\u56db\u5e7f\u573a\u5e97)(\u539f\u65b0\u4e1c\u5927\u9152\u5e97)", "order_time": ["2019-01-13 12:11:38"], "total_order": 1, "hotel_value": [0], "hotel_price": ["282"]}, "385108": {"hotel_name": "\u9752\u5c9b\u6d77\u5c14\u6d32\u9645\u9152\u5e97", "order_time": ["2019-01-13 12:12:54"], "total_order": 1, "hotel_value": ["4.6"], "hotel_price": ["738"]}, "6179877": {"hotel_name": "\u9752\u5c9b\u82b1\u81ea\u6797\u5927\u996d\u5e97(\u94f6\u5ddd\u897f\u8def\u66d9\u5149\u5e97)", "order_time": ["2019-01-13 12:13:43"], "total_order": 1, "hotel_value": ["4.2"], "hotel_price": ["113"]}, "1281661": {"hotel_name": "\u9752\u5c9b\u745e\u9716\u00b7\u57ce\u5e02mini\u9152\u5e97(\u539f\u9752\u5e74\u90fd\u5e02\u8ff7\u4f60\u9152\u5e97\u53f0\u4e1c\u5546\u4e1a\u533a\u4e07\u8fbe\u5e97)", "order_time": ["2019-01-13 12:13:50"], "total_order": 1, "hotel_value": ["4.4"], "hotel_price": ["69"]}, "640472": {"hotel_name": "\u9752\u5c9b\u65af\u7ef4\u767b\u5ea6\u5047\u516c\u5bd3(\u9c81\u90a6\u98ce\u60c5)", "order_time": ["2019-01-13 12:13:53"], "total_order": 1, "hotel_value": ["4.3"], "hotel_price": ["103"]}, "4632410": {"hotel_name": "\u9752\u5c9b\u4e91\u6816\u6d77\u666f\u5ea6\u5047\u516c\u5bd3", "order_time": ["2019-01-13 12:13:53"], "total_order": 1, "hotel_value": ["4.8"], "hotel_price": ["90"]}, "24608663": {"hotel_name": "\u9752\u5c9b\u4ece\u90a3\u4ee5\u540e\u9752\u5e74\u65c5\u793e", "order_time": ["2019-01-13 12:14:07"], "total_order": 1, "hotel_value": ["5.0"], "hotel_price": ["25"]}, "1572617": {"hotel_name": "\u9752\u5c9b\u51ef\u5609\u9038\u665f\u7cbe\u54c1\u4e3b\u9898\u5bbe\u9986", "order_time": ["2019-01-13 12:14:07"], "total_order": 1, "hotel_value": ["4.2"], "hotel_price": ["83"]}, "1985439": {"hotel_name": "\u94f6\u5ea7\u4f73\u9a7f\u9152\u5e97(\u80f6\u5dde\u706b\u8f66\u7ad9\u5e97)", "order_time": ["2019-01-13 12:14:48"], "total_order": 1, "hotel_value": ["4.6"], "hotel_price": ["88"]}, "427962": {"hotel_name": "\u5b89\u6f9c\u5bbe\u820d\u9152\u5e97(\u9752\u5c9b\u4e1c\u6d77\u4e2d\u8def\u6d77\u6ee8\u5e97)(\u539f\u5965\u5e06\u4e2d\u5fc3\u6781\u5730\u6d77\u6d0b\u4e16\u754c\u5e97)", "order_time": ["2019-01-13 12:15:51"], "total_order": 1, "hotel_value": ["4.3"], "hotel_price": ["89"]}, "1103123": {"hotel_name": "\u6c49\u5ead\u9152\u5e97(\u9752\u5c9b\u5965\u5e06\u4e2d\u5fc3\u5e97)", "order_time": ["2019-01-13 12:15:54"], "total_order": 1, "hotel_value": ["4.4"], "hotel_price": ["132"]}, "6525125": {"hotel_name": "Q\u52a0\u00b7\u60a6\u6f9c\u9152\u5e97\u516c\u5bd3(\u9752\u5c9b\u4e94\u56db\u5e7f\u573a\u4e07\u8c61\u57ce\u5e97)", "order_time": ["2019-01-13 12:15:55"], "total_order": 1, "hotel_value": ["4.7"], "hotel_price": ["216"]}, "1725780": {"hotel_name": "678\u673a\u573a\u9152\u5e97", "order_time": ["2019-01-13 12:15:56"], "total_order": 1, "hotel_value": ["4.4"], "hotel_price": ["71"]}, "428027": {"hotel_name": "\u5982\u5bb6\u7cbe\u9009\u9152\u5e97(\u9752\u5c9b\u94f6\u5ddd\u897f\u8def\u8f6f\u4ef6\u56ed\u5e97)", "order_time": ["2019-01-13 12:15:57"], "total_order": 1, "hotel_value": ["4.7"], "hotel_price": ["179"]}, "8670998": {"hotel_name": "\u9752\u5c9b\u767e\u8109\u660e\u73e0\u82b1\u56ed\u9152\u5e97", "order_time": ["2019-01-13 12:16:00"], "total_order": 1, "hotel_value": ["4.6"], "hotel_price": ["98"]}, "21678840": {"hotel_name": "\u51ef\u66fc\u516c\u5bd3(\u9752\u5c9b\u6b63\u9633\u4e2d\u8def\u5e97)", "order_time": ["2019-01-13 12:16:01"], "total_order": 1, "hotel_value": ["4.6"], "hotel_price": ["103"]}, "8953561": {"hotel_name": "\u9752\u5c9b\u4e00\u6240\u5ea6\u5047\u516c\u5bd3(\u68a6\u65f6\u4ee3\u5e7f\u573a\u5e97)", "order_time": ["2019-01-13 12:16:03"], "total_order": 1, "hotel_value": ["4.7"], "hotel_price": ["93"]}, "8720480": {"hotel_name": "\u6b27\u5723\u5170\u5ef7\u5ea6\u5047\u516c\u5bd3(\u9752\u5c9b\u65b0\u57ce\u543e\u60a6\u5e97)(\u539f\u68a6\u65f6\u4ee3\u5e97)", "order_time": ["2019-01-13 12:16:03"], "total_order": 1, "hotel_value": ["4.7"], "hotel_price": ["93"]}, "2013260": {"hotel_name": "\u5e73\u5ea6\u96c5\u5176\u5bbe\u9986", "order_time": ["2019-01-13 12:16:56"], "total_order": 1, "hotel_value": ["4.4"], "hotel_price": ["91"]}, "446500": {"hotel_name": "\u7cbe\u9014\u9152\u5e97(\u9752\u5c9b\u56fd\u9645\u4f1a\u5c55\u4e2d\u5fc3\u5e97)(\u539f\u57ce\u5e02\u5bb6\u5546\u52a1\u9152\u5e97\u4f1a\u5c55\u4e2d\u5fc3\u5e97)", "order_time": ["2019-01-13 12:26:57", "2019-01-13 12:18:05"], "total_order": 2, "hotel_value": ["4.2", "4.2"], "hotel_price": ["121", "121"]}, "6867438": {"hotel_name": "\u9752\u5c9b\u91cc\u9662\u7cbe\u54c1\u9152\u5e97", "order_time": ["2019-01-13 12:18:07"], "total_order": 1, "hotel_value": ["4.5"], "hotel_price": ["69"]}, "2147568": {"hotel_name": "\u83b1\u897f\u534e\u73ba\u5927\u9152\u5e97", "order_time": ["2019-01-13 12:19:03"], "total_order": 1, "hotel_value": ["4.7"], "hotel_price": ["449"]}, "430450": {"hotel_name": "\u9752\u5c9b\u666f\u56ed\u5047\u65e5\u9152\u5e97", "order_time": ["2019-01-13 12:20:08"], "total_order": 1, "hotel_value": ["4.6"], "hotel_price": ["522"]}, "1886446": {"hotel_name": "\u7231\u820d\u7a7a\u95f4\u5546\u52a1\u9152\u5e97(\u9752\u5c9b\u5c1a\u6ea2\u5e97)", "order_time": ["2019-01-13 12:20:09"], "total_order": 1, "hotel_value": ["4.5"], "hotel_price": ["93"]}, "17182438": {"hotel_name": "\u4e16\u60a6\u8f7b\u5962\u5ea6\u5047\u516c\u5bd3(\u9752\u5c9b\u9999\u6e2f\u4e2d\u8def\u4e3d\u6676\u5fa1\u7b51\u5e97)", "order_time": ["2019-01-13 12:20:11"], "total_order": 1, "hotel_value": ["4.6"], "hotel_price": ["126"]}, "5463909": {"hotel_name": "\u9752\u5c9b\u8fd0\u6cf0\u5927\u9152\u5e97\uff08\u5d02\u5c71\u4f1a\u5c55\u4e2d\u5fc3\u5e97\uff09", "order_time": ["2019-01-13 12:20:11"], "total_order": 1, "hotel_value": ["4.5"], "hotel_price": ["124"]}, "5380813": {"hotel_name": "\u90fd\u5e02118\uff08\u9752\u5c9b\u6d77\u5c14\u5de5\u4e1a\u56ed\u52b2\u677e\u4e03\u8def\u5e97\uff09", "order_time": ["2019-01-13 12:20:15"], "total_order": 1, "hotel_value": ["4.3"], "hotel_price": ["83"]}, "11375234": {"hotel_name": "\u6d77\u6f9c\u516c\u5bd3(\u9752\u5c9b\u91cd\u5e86\u5357\u8def\u5e97)", "order_time": ["2019-01-13 12:20:21"], "total_order": 1, "hotel_value": ["4.7"], "hotel_price": ["143"]}, "1631217": {"hotel_name": "\u9752\u5c9b\u6021\u6d77\u9601\u4e3b\u9898\u9a7f\u6808", "order_time": ["2019-01-13 12:20:25"], "total_order": 1, "hotel_value": ["4.3"], "hotel_price": ["68"]}, "2007671": {"hotel_name": "\u80f6\u5dde\u4e1c\u65b9\u5546\u52a1\u5bbe\u9986", "order_time": ["2019-01-13 12:21:52"], "total_order": 1, "hotel_value": [0], "hotel_price": ["88"]}, "9196940": {"hotel_name": "\u9752\u5c9b\u7231\u946b\u6d77\u5bbe\u9986", "order_time": ["2019-01-13 12:27:22", "2019-01-13 12:22:42"], "total_order": 2, "hotel_value": ["3.2", "3.2"], "hotel_price": ["110", "110"]}, "442272": {"hotel_name": "\u9752\u5c9b\u8fbe\u5bbe\u6c49\u767d\u91d1\u8c6a\u5ef7\u9152\u5e97(\u539f\u660e\u73e0\u6d77\u6e2f\u5927\u9152\u5e97)", "order_time": ["2019-01-13 12:22:47"], "total_order": 1, "hotel_value": ["3.8"], "hotel_price": ["81"]}, "994192": {"hotel_name": "\u5982\u5bb6\u5feb\u6377\u9152\u5e97(\u5373\u58a8\u9e64\u5c71\u8def\u5927\u94dc\u9a6c\u5e7f\u573a\u5e97)", "order_time": ["2019-01-13 12:22:47"], "total_order": 1, "hotel_value": ["4.6"], "hotel_price": ["101"]}, "17974517": {"hotel_name": "\u5e73\u5ea6\u84dd\u6d77\u94a7\u534e\u5927\u9152\u5e97", "order_time": ["2019-01-13 12:23:50"], "total_order": 1, "hotel_value": ["4.6"], "hotel_price": ["285"]}, "1195423": {"hotel_name": "\u9752\u5c9b\u5de6\u5cb8\u827a\u672f\u9152\u5e97", "order_time": ["2019-01-13 12:24:44"], "total_order": 1, "hotel_value": ["4.6"], "hotel_price": ["243"]}, "4328552": {"hotel_name": "\u9752\u5c9b\u4e50\u6e90\u9152\u5e97", "order_time": ["2019-01-13 12:24:45"], "total_order": 1, "hotel_value": ["4.4"], "hotel_price": ["162"]}, "436468": {"hotel_name": "\u9752\u5c9b\u5c71\u5b5a\u5927\u9152\u5e97", "order_time": ["2019-01-13 12:24:46"], "total_order": 1, "hotel_value": ["4.6"], "hotel_price": ["316"]}, "430419": {"hotel_name": "\u9752\u5c9b\u4e2d\u5fc3\u5047\u65e5\u9152\u5e97", "order_time": ["2019-01-13 12:24:47"], "total_order": 1, "hotel_value": ["4.7"], "hotel_price": ["543"]}, "6744512": {"hotel_name": "\u9752\u5c9b\u6d77\u73e0\u5546\u52a1\u5bbe\u9986", "order_time": ["2019-01-13 12:24:57"], "total_order": 1, "hotel_value": ["4.7"], "hotel_price": ["88"]}, "1302246": {"hotel_name": "\u7231\u5ba2100\u5546\u52a1\u5bbe\u9986(\u9752\u5c9b\u6d41\u4ead\u6d3c\u91cc\u5e97)", "order_time": ["2019-01-13 12:25:00"], "total_order": 1, "hotel_value": ["4.4"], "hotel_price": ["69"]}, "11420986": {"hotel_name": "\u6b27\u7f8e\u83b2\u9152\u5e97", "order_time": ["2019-01-13 12:26:59"], "total_order": 1, "hotel_value": ["4.7"], "hotel_price": ["93"]}, "8396348": {"hotel_name": "\u7a7a\u94c1\u5047\u65e5\u9152\u5e97\u516c\u5bd3(\u9752\u5c9b\u673a\u573a\u4e8c\u5e97)", "order_time": ["2019-01-13 12:27:02"], "total_order": 1, "hotel_value": ["4.4"], "hotel_price": ["188"]}, "1103275": {"hotel_name": "\u6c49\u5ead\u9152\u5e97(\u9752\u5c9b\u80f6\u5357\u897f\u6d77\u5cb8\u6c7d\u8f66\u603b\u7ad9\u9152\u5e97)", "order_time": ["2019-01-13 12:27:07"], "total_order": 1, "hotel_value": ["4.7"], "hotel_price": ["99"]}, "450881": {"hotel_name": "\u9752\u5c9b\u57ce\u9633\u5fb7\u6cf0\u5927\u9152\u5e97", "order_time": ["2019-01-13 12:29:08", "2019-01-13 12:39:55"], "total_order": 2, "hotel_value": ["4.6", "4.6"], "hotel_price": ["358", "358"]}, "2608124": {"hotel_name": "\u5982\u5bb6\u5feb\u6377\u9152\u5e97(\u9752\u5c9b\u56fd\u9645\u4f1a\u5c55\u4e2d\u5fc3\u77f3\u8001\u4eba\u89c2\u5149\u56ed\u5e97)", "order_time": ["2019-01-13 12:29:12"], "total_order": 1, "hotel_value": ["4.4"], "hotel_price": ["103"]}, "5895533": {"hotel_name": "\u5373\u58a8\u7231\u5ba2100\u8fde\u9501\u5bbe\u9986\u670d\u88c5\u57ce\u5e97", "order_time": ["2019-01-13 12:29:21"], "total_order": 1, "hotel_value": ["4.4"], "hotel_price": ["93"]}, "1746751": {"hotel_name": "\u9752\u5c9b\u5b87\u822a\u5bbe\u9986", "order_time": ["2019-01-13 12:29:39"], "total_order": 1, "hotel_value": ["4.1"], "hotel_price": ["68"]}, "21826038": {"hotel_name": "\u9752\u5c9b\u6c49\u5353\u9152\u5e97", "order_time": ["2019-01-13 12:31:20"], "total_order": 1, "hotel_value": ["4.7"], "hotel_price": ["550"]}, "3045084": {"hotel_name": "\u6c49\u5ead\u9152\u5e97(\u9752\u5c9b\u6d41\u4ead\u673a\u573a\u5e97)", "order_time": ["2019-01-13 12:37:52", "2019-01-13 12:31:24"], "total_order": 2, "hotel_value": ["4.3", "4.3"], "hotel_price": ["161", "161"]}, "443641": {"hotel_name": "\u9752\u5c9b\u91d1\u6d77\u5927\u9152\u5e97", "order_time": ["2019-01-13 12:31:25", "2019-01-13 12:39:55"], "total_order": 2, "hotel_value": ["4.4", "4.4"], "hotel_price": ["186", "186"]}, "1826974": {"hotel_name": "\u9752\u5c9b\u91d1\u6d77\u5cb8\u5feb\u6377\u5bbe\u9986(\u539f\u7a7a\u95f4\u51e0\u4f55\u65f6\u5c1a\u5bbe\u820d)", "order_time": ["2019-01-13 12:31:33"], "total_order": 1, "hotel_value": ["3.6"], "hotel_price": ["69"]}, "428592": {"hotel_name": "\u9752\u5c9b\u9c81\u5546\u51ef\u60a6\u9152\u5e97", "order_time": ["2019-01-13 12:33:30"], "total_order": 1, "hotel_value": ["4.6"], "hotel_price": ["1093"]}, "1205324": {"hotel_name": "\u5c1a\u5ba2\u4f18\u5feb\u6377\u9152\u5e97(\u9752\u5c9b\u706b\u8f66\u5317\u7ad9\u541b\u5cf0\u8def\u5e97)", "order_time": ["2019-01-13 12:33:37"], "total_order": 1, "hotel_value": ["4.3"], "hotel_price": ["79"]}, "21340974": {"hotel_name": "\u9752\u5c9b\u7f8e\u9014\u6d77\u666f\u5ea6\u5047\u516c\u5bd3", "order_time": ["2019-01-13 12:33:41"], "total_order": 1, "hotel_value": ["4.6"], "hotel_price": ["228"]}, "371190": {"hotel_name": "\u9752\u5c9b\u9999\u683c\u91cc\u62c9\u5927\u9152\u5e97", "order_time": ["2019-01-13 12:33:41"], "total_order": 1, "hotel_value": ["4.7"], "hotel_price": ["748"]}, "1799641": {"hotel_name": "\u9752\u5c9b\u7fbd\u5bb6\u6d77\u666f\u5ea6\u5047\u516c\u5bd3(\u539f\u7fbd\u5bb6\u4e2d\u8054\u81ea\u7531\u6e2f\u6e7e)", "order_time": ["2019-01-13 12:35:42"], "total_order": 1, "hotel_value": ["4.6"], "hotel_price": ["83"]}, "2007137": {"hotel_name": "\u9752\u5c9b\u8349\u8393\u9752\u5e74\u65c5\u820d", "order_time": ["2019-01-13 12:35:54"], "total_order": 1, "hotel_value": ["4.7"], "hotel_price": ["31"]}, "19846790": {"hotel_name": "\u7b51\u7f8e\u5370\u8c61\u9152\u5e97\u5f0f\u516c\u5bd3(\u9752\u5c9b\u53f0\u4e1c\u6b65\u884c\u8857\u5e97)", "order_time": ["2019-01-13 12:37:46"], "total_order": 1, "hotel_value": ["4.7"], "hotel_price": ["99"]}, "1942102": {"hotel_name": "\u683c\u6797\u8c6a\u6cf0\u9152\u5e97(\u9752\u5c9b\u4e66\u9662\u8def\u8fbe\u7fc1\u5e7f\u573a\u5e97)", "order_time": ["2019-01-13 12:37:48"], "total_order": 1, "hotel_value": ["4.3"], "hotel_price": ["84"]}, "21904736": {"hotel_name": "\u9752\u5c9b\u683c\u5170\u7535\u5f71\u9152\u5e97", "order_time": ["2019-01-13 12:37:48"], "total_order": 1, "hotel_value": ["4.6"], "hotel_price": ["141"]}, "2582773": {"hotel_name": "\u6c49\u5ead\u9152\u5e97(\u9752\u5c9b\u706b\u8f66\u7ad9\u4e1c\u5e7f\u573a\u5e97)", "order_time": ["2019-01-13 12:37:49"], "total_order": 1, "hotel_value": ["4.4"], "hotel_price": ["113"]}, "8576099": {"hotel_name": "\u745e\u66fc\u8fbe\u9152\u5e97(\u80f6\u5dde\u4e2d\u5fc3\u5e97)", "order_time": ["2019-01-13 12:38:38"], "total_order": 1, "hotel_value": ["4.8"], "hotel_price": ["240"]}, "443360": {"hotel_name": "\u5e73\u5ea6\u90fd\u5e02\u661f\u8054\u5927\u9152\u5e97", "order_time": ["2019-01-13 12:38:38"], "total_order": 1, "hotel_value": ["4.5"], "hotel_price": ["122"]}, "456949": {"hotel_name": "\u9752\u5c9b\u9ec4\u6d77\u996d\u5e97", "order_time": ["2019-01-13 12:39:59"], "total_order": 1, "hotel_value": ["4.7"], "hotel_price": ["358"]}, "1549218": {"hotel_name": "\u9752\u5c9b\u946b\u9f99\u5047\u65e5\u516c\u5bd3\u9152\u5e97(\u9752\u804c/\u6ee8\u6d77\u5b66\u9662\u5e97)", "order_time": ["2019-01-13 12:40:04"], "total_order": 1, "hotel_value": ["4.7"], "hotel_price": ["156"]}, "1697366": {"hotel_name": "\u90fd\u5e02118(\u9752\u5c9b\u674e\u6ca7\u5e7f\u573a\u5730\u94c1\u7ad9\u5e97)", "order_time": ["2019-01-13 12:40:11"], "total_order": 1, "hotel_value": ["4.6"], "hotel_price": ["104"]}, "2104950": {"hotel_name": "\u9752\u5c9b\u897f\u5c71\u65c5\u9986", "order_time": ["2019-01-13 12:42:35"], "total_order": 1, "hotel_value": ["4.5"], "hotel_price": ["28"]}, "1388586": {"hotel_name": "\u9752\u5c9b\u76db\u5b9d\u7f18\u5bbe\u9986", "order_time": ["2019-01-13 12:42:35"], "total_order": 1, "hotel_value": ["4.3"], "hotel_price": ["66"]}, "3725940": {"hotel_name": "\u745e\u666e\u5170\u987f\u7cbe\u9009\u9152\u5e97\u00b7\u9752\u5c9b\u91d1\u6c99\u6ee9\u5e97(\u539f\u62dc\u767b\u516c\u5bd3)", "order_time": ["2019-01-13 12:44:31"], "total_order": 1, "hotel_value": ["4.6"], "hotel_price": ["114"]}, "1196353": {"hotel_name": "\u9752\u5c9b\u4e1c\u6d77\u5047\u65e5\u5ea6\u5047\u516c\u5bd3", "order_time": ["2019-01-13 12:44:31"], "total_order": 1, "hotel_value": ["4.5"], "hotel_price": ["134"]}, "5896610": {"hotel_name": "\u9752\u5c9b\u6d77\u8fb9\u4eba\u5bb6\u6d77\u666f\u5ea6\u5047\u516c\u5bd3\u4e2d\u8054\u81ea\u7531\u6e2f\u6e7e\u5e97", "order_time": ["2019-01-13 12:44:32"], "total_order": 1, "hotel_value": ["4.6"], "hotel_price": ["60"]}, "2599635": {"hotel_name": "\u5982\u5bb6\u5feb\u6377\u9152\u5e97(\u9752\u5c9b\u6d41\u4ead\u673a\u573a\u9ed1\u9f99\u6c5f\u5317\u8def\u57ce\u4e2d\u57ce\u5e97)", "order_time": ["2019-01-13 12:44:34"], "total_order": 1, "hotel_value": ["4.6"], "hotel_price": ["154"]}, "514315": {"hotel_name": "\u9752\u5c9b\u5f97\u5b9d\u6e7e\u6d77\u666f\u5927\u9152\u5e97", "order_time": ["2019-01-13 12:44:36"], "total_order": 1, "hotel_value": ["4.2"], "hotel_price": ["329"]}, "853604": {"hotel_name": "\u5982\u5bb6\u5feb\u6377\u9152\u5e97(\u9752\u5c9b\u56db\u6d41\u5357\u8def\u5e97)", "order_time": ["2019-01-13 12:44:37"], "total_order": 1, "hotel_value": ["4.4"], "hotel_price": ["94"]}, "701251": {"hotel_name": "\u591a\u7ef4\u4f60\u7684\u9152\u5e97(\u9752\u5c9b\u95fd\u6c5f\u8def\u5e97)(\u539f\u7eff\u841d\u9152\u5e97)", "order_time": ["2019-01-13 12:44:47"], "total_order": 1, "hotel_value": ["3.7"], "hotel_price": ["68"]}, "1731582": {"hotel_name": "\u591a\u7ef4\u7cbe\u54c1\u9152\u5e97(\u9752\u5c9b\u79d1\u6280\u8857\u5e97)", "order_time": ["2019-01-13 12:44:56"], "total_order": 1, "hotel_value": ["4.0"], "hotel_price": ["78"]}, "1360631": {"hotel_name": "\u5c1a\u5ba2\u4f18\u5feb\u6377\u9152\u5e97(\u9752\u5c9b\u5965\u5e06\u4e2d\u5fc3\u5e97)", "order_time": ["2019-01-13 12:46:38"], "total_order": 1, "hotel_value": ["4.0"], "hotel_price": ["85"]}, "4539535": {"hotel_name": "\u4e16\u7eaa\u53cc\u5e06\u6d77\u666f\u5ea6\u5047\u9152\u5e97(\u9752\u5c9b\u80f6\u5357\u90a3\u9c81\u6e7e\u5e97)", "order_time": ["2019-01-13 12:46:43"], "total_order": 1, "hotel_value": ["4.7"], "hotel_price": ["93"]}, "1224029": {"hotel_name": "\u9752\u5c9b\u5927\u6eaa\u5730\u7cbe\u54c1\u9152\u5e97", "order_time": ["2019-01-13 12:46:46"], "total_order": 1, "hotel_value": ["4.5"], "hotel_price": ["73"]}}}