{"\u5f00\u59cb\u8bb0\u5f55\u65f6\u95f4": "2019-01-27 13:07:41", "\u7ed3\u675f\u8bb0\u5f55\u65f6\u95f4": "2019-01-27 14:15:48", "\u8ba2\u5355\u603b\u589e\u91cf": 201, "item": {"18034506": {"hotel_name": "\u6c49\u5510\u9152\u5e97(\u9752\u5c9b\u6d41\u4ead\u673a\u573a\u5e97)", "order_time": ["2019-01-27 13:09:55"], "total_order": 1, "hotel_value": ["4.8"], "hotel_price": ["216"]}, "1316389": {"hotel_name": "\u6c49\u5ead\u9152\u5e97\uff08\u9752\u5c9b\u91cd\u5e86\u5357\u8def\u65b0\u90fd\u5fc3\u5e97\uff09\uff08\u539f\u91cd\u5e86\u5357\u8def\u5e97\uff09", "order_time": ["2019-01-27 13:09:55"], "total_order": 1, "hotel_value": ["4.4"], "hotel_price": ["111"]}, "2302238": {"hotel_name": "\u5c1a\u5ba2\u4f18\u5feb\u6377\u9152\u5e97(\u9752\u5c9b\u859b\u5bb6\u5c9b\u91d1\u6c99\u6ee9\u5e97)", "order_time": ["2019-01-27 13:09:56"], "total_order": 1, "hotel_value": ["4.5"], "hotel_price": ["81"]}, "8327511": {"hotel_name": "\u9752\u5c9b\u90fd\u5e02118\u7cbe\u9009\u9152\u5e97\u5373\u58a8\u670d\u88c5\u57ce\u5e97", "order_time": ["2019-01-27 13:45:55", "2019-01-27 13:09:56"], "total_order": 2, "hotel_value": ["4.6", "4.6"], "hotel_price": ["102", "102"]}, "994087": {"hotel_name": "\u5982\u5bb6\u5feb\u6377\u9152\u5e97(\u9752\u5c9b\u4e2d\u5c71\u8def\u5288\u67f4\u9662\u5e97)", "order_time": ["2019-01-27 13:09:56"], "total_order": 1, "hotel_value": ["4.4"], "hotel_price": ["76"]}, "1640595": {"hotel_name": "\u9752\u5c9b\u4e0a\u6797\u6fe0\u666f\u4e3b\u9898\u9152\u5e97", "order_time": ["2019-01-27 13:09:57"], "total_order": 1, "hotel_value": ["4.3"], "hotel_price": ["73"]}, "5930261": {"hotel_name": "\u9752\u5c9b\u9ec4\u5c9b\u6cf0\u6210\u559c\u6765\u767b\u9152\u5e97", "order_time": ["2019-01-27 13:09:57"], "total_order": 1, "hotel_value": ["4.6"], "hotel_price": ["449"]}, "427965": {"hotel_name": "\u5982\u5bb6\u5546\u65c5\u9152\u5e97(\u9752\u5c9b\u4e94\u56db\u5e7f\u573a\u5c71\u4e1c\u8def\u6fb3\u67ef\u739b\u7acb\u4ea4\u6865\u5e97)", "order_time": ["2019-01-27 13:24:50", "2019-01-27 13:09:57"], "total_order": 2, "hotel_value": ["4.7", "4.7"], "hotel_price": ["159", "159"]}, "1388606": {"hotel_name": "\u5c1a\u5ba2\u4f18\u5feb\u6377\u9152\u5e97(\u83b1\u897f\u5357\u4eac\u8def\u5e97)", "order_time": ["2019-01-27 13:10:11"], "total_order": 1, "hotel_value": ["4.3"], "hotel_price": ["87"]}, "669115": {"hotel_name": "\u9752\u5c9b\u4ea8\u4f2f\u5927\u9152\u5e97", "order_time": ["2019-01-27 13:12:03"], "total_order": 1, "hotel_value": ["4.2"], "hotel_price": ["228"]}, "1483797": {"hotel_name": "\u9752\u5c9b\u5927\u62c7\u6307\u5e7f\u573a\u00b7\u6d77\u4e4b\u6770\u5047\u65e5\u9152\u5e97", "order_time": ["2019-01-27 13:12:04"], "total_order": 1, "hotel_value": ["4.5"], "hotel_price": ["77"]}, "23472335": {"hotel_name": "\u7f8e\u8c6a\u4e3d\u81f4\u9152\u5e97(\u9752\u5c9b\u5e97)", "order_time": ["2019-01-27 13:12:04"], "total_order": 1, "hotel_value": ["4.8"], "hotel_price": ["398"]}, "6825957": {"hotel_name": "\u9752\u5c9b\u7ef4\u591a\u5229\u4e9a\u54c1\u5982\u5bb6\u56ed\u9152\u5e97\u5f0f\u516c\u5bd3", "order_time": ["2019-01-27 13:12:04"], "total_order": 1, "hotel_value": ["4.5"], "hotel_price": ["77"]}, "5073599": {"hotel_name": "\u827e\u5c4b\u9152\u5e97\u516c\u5bd3(\u9752\u5c9b\u90ae\u8f6e\u6bcd\u6e2f\u5e97)", "order_time": ["2019-01-27 13:12:05"], "total_order": 1, "hotel_value": ["4.7"], "hotel_price": ["73"]}, "794951": {"hotel_name": "\u9752\u5c9b\u673a\u573a\u53cb\u4fe1\u822a\u7a7a\u516c\u5bd3", "order_time": ["2019-01-27 13:48:15", "2019-01-27 13:12:05"], "total_order": 2, "hotel_value": ["4.0", "4.0"], "hotel_price": ["104", "104"]}, "428592": {"hotel_name": "\u9752\u5c9b\u9c81\u5546\u51ef\u60a6\u9152\u5e97", "order_time": ["2019-01-27 13:45:59", "2019-01-27 13:12:05"], "total_order": 2, "hotel_value": ["4.6", "4.6"], "hotel_price": ["748", "748"]}, "393099": {"hotel_name": "\u9752\u5c9b\u5bcc\u529b\u827e\u7f8e\u9152\u5e97", "order_time": ["2019-01-27 13:12:05"], "total_order": 1, "hotel_value": ["4.6"], "hotel_price": ["507"]}, "2147568": {"hotel_name": "\u83b1\u897f\u534e\u73ba\u5927\u9152\u5e97", "order_time": ["2019-01-27 13:12:25"], "total_order": 1, "hotel_value": ["4.7"], "hotel_price": ["449"]}, "1181681": {"hotel_name": "\u9752\u5c9b\u65af\u7ef4\u767b\u5ea6\u5047\u516c\u5bd3(\u91d1\u6c99\u6ee9\u4e0a\u6d41\u6c47)", "order_time": ["2019-01-27 13:14:04"], "total_order": 1, "hotel_value": ["4.7"], "hotel_price": ["209"]}, "2620136": {"hotel_name": "7\u5929\u8fde\u9501\u9152\u5e97(\u9752\u5c9b\u674e\u6ca7\u4e07\u8fbe\u5e7f\u573a\u5e97)", "order_time": ["2019-01-27 13:14:06"], "total_order": 1, "hotel_value": ["4.6"], "hotel_price": ["99"]}, "5781820": {"hotel_name": "\u9752\u5c9bAdour\u6735\u6d77\u666f\u9152\u5e97", "order_time": ["2019-01-27 13:14:08"], "total_order": 1, "hotel_value": ["4.4"], "hotel_price": ["162"]}, "1182386": {"hotel_name": "Inhotels&\u76f8\u9685\u7cbe\u5bbf(\u9752\u5c9b\u4e07\u8c61\u57ce\u5e97)", "order_time": ["2019-01-27 13:14:09"], "total_order": 1, "hotel_value": ["4.5"], "hotel_price": ["104"]}, "1257206": {"hotel_name": "\u7231\u5ba2100\u5546\u52a1\u5bbe\u9986(\u9752\u5c9b\u897f\u7530\u5e97)", "order_time": ["2019-01-27 13:14:12"], "total_order": 1, "hotel_value": ["4.3"], "hotel_price": ["74"]}, "6833209": {"hotel_name": "\u9752\u5c9b\u5d02\u5c71\u533a\u5929\u610f\u7cbe\u54c1\u5ba2\u6808", "order_time": ["2019-01-27 13:14:20"], "total_order": 1, "hotel_value": ["4.7"], "hotel_price": ["124"]}, "8576099": {"hotel_name": "\u745e\u66fc\u8fbe\u9152\u5e97(\u80f6\u5dde\u4e2d\u5fc3\u5e97)", "order_time": ["2019-01-27 13:14:56"], "total_order": 1, "hotel_value": ["4.8"], "hotel_price": ["240"]}, "535990": {"hotel_name": "\u9752\u5c9b\u8fdc\u6d0b\u5927\u9152\u5e97", "order_time": ["2019-01-27 13:16:06"], "total_order": 1, "hotel_value": ["4.6"], "hotel_price": ["332"]}, "6838355": {"hotel_name": "\u5170\u6b27\u9152\u5e97(\u9752\u5c9b\u4e94\u56db\u5e7f\u573a\u5e97)(\u539f\u65b0\u4e1c\u5927\u9152\u5e97)", "order_time": ["2019-01-27 13:16:06"], "total_order": 1, "hotel_value": ["4.8"], "hotel_price": ["294"]}, "2970464": {"hotel_name": "\u6613\u4f70\u8fde\u9501\u9152\u5e97\uff08\u9752\u5c9b\u706b\u8f66\u7ad9\u6808\u6865 \u5288\u67f4\u9662\u5e97\uff09", "order_time": ["2019-01-27 13:16:09"], "total_order": 1, "hotel_value": ["4.0"], "hotel_price": ["59"]}, "5482123": {"hotel_name": "\u9752\u5c9b\u94f6\u6cb3\u5047\u65e5\u9152\u5e97", "order_time": ["2019-01-27 13:48:15", "2019-01-27 13:16:10"], "total_order": 2, "hotel_value": ["4.7", "4.7"], "hotel_price": ["133", "133"]}, "2987444": {"hotel_name": "\u590d\u76db\u5927\u9152\u5e97(\u9752\u5c9b\u9ec4\u5c9b\u5e97)", "order_time": ["2019-01-27 13:16:12"], "total_order": 1, "hotel_value": ["4.5"], "hotel_price": ["206"]}, "1981926": {"hotel_name": "\u9752\u5c9b\u946b\u9f99\u5047\u65e5\u5546\u52a1\u9152\u5e97", "order_time": ["2019-01-27 13:16:16"], "total_order": 1, "hotel_value": ["4.7"], "hotel_price": ["114"]}, "1302241": {"hotel_name": "\u7231\u5ba2100\u5546\u52a1\u5bbe\u9986(\u9752\u5c9b\u91cd\u5e86\u5317\u8def\u5e97)", "order_time": ["2019-01-27 13:16:22", "2019-01-27 13:53:28", "2019-01-27 14:07:29"], "total_order": 3, "hotel_value": ["4.1", "4.1", "4.1"], "hotel_price": ["62", "69", "69"]}, "791924": {"hotel_name": "\u94f6\u5ea7\u4f73\u9a7f\u9152\u5e97(\u5e73\u5ea6\u5929\u6d25\u8def\u5e97)(\u539f\u8679\u5586\u5546\u52a1\u5bbe\u9986)", "order_time": ["2019-01-27 13:28:14", "2019-01-27 13:39:58", "2019-01-27 13:17:13"], "total_order": 3, "hotel_value": ["4.5", "4.5", "4.5"], "hotel_price": ["105", "105", "105"]}, "994086": {"hotel_name": "\u5982\u5bb6\u5feb\u6377\u9152\u5e97(\u9752\u5c9b\u6d77\u5c14\u8def\u5730\u94c1\u7ad9\u9752\u5c71\u8def\u5e97)", "order_time": ["2019-01-27 14:04:42", "2019-01-27 13:18:11"], "total_order": 2, "hotel_value": ["4.6", "4.6"], "hotel_price": ["105", "105"]}, "8954787": {"hotel_name": "\u9752\u5c9b\u90a3\u7531\u4ed6\u667a\u80fd\u6d77\u666f\u6c11\u5bbf", "order_time": ["2019-01-27 13:18:12"], "total_order": 1, "hotel_value": ["4.8"], "hotel_price": ["398"]}, "451125": {"hotel_name": "\u90fd\u5e02118(\u9752\u5c9b\u4e95\u5188\u5c71\u8def\u5e97)", "order_time": ["2019-01-27 13:18:15"], "total_order": 1, "hotel_value": ["4.5"], "hotel_price": ["74"]}, "2071300": {"hotel_name": "\u4eac\u82d1\u8fde\u9501\u827a\u672f\u9152\u5e97(\u9752\u5c9b\u5fb7\u56fd\u98ce\u60c5\u8857\u5e97)", "order_time": ["2019-01-27 13:18:16"], "total_order": 1, "hotel_value": ["4.4"], "hotel_price": ["53"]}, "9736221": {"hotel_name": "\u9752\u5c9b\u5b9c\u5bb6\u5546\u52a1\u9152\u5e97(\u539f\u6b27\u98de\u8fde\u9501\u9152\u5e97)", "order_time": ["2019-01-27 13:18:19"], "total_order": 1, "hotel_value": ["4.6"], "hotel_price": ["73"]}, "8182955": {"hotel_name": "\u6cca\u4e91\u5c1a\u9009\u5ead\u9662\u9152\u5e97(\u9752\u5c9b\u897f\u6d77\u5cb8\u4e1c\u65b9\u5f71\u90fd\u4e07\u8fbe\u8302\u5e97)", "order_time": ["2019-01-27 13:18:24"], "total_order": 1, "hotel_value": ["4.9"], "hotel_price": ["258"]}, "27854182": {"hotel_name": "\u9752\u5c9b\u552f\u60a6\u7cbe\u54c1\u516c\u5bd3", "order_time": ["2019-01-27 13:20:11", "2019-01-27 13:24:56"], "total_order": 2, "hotel_value": ["5.0", "5.0"], "hotel_price": ["59", "59"]}, "19828310": {"hotel_name": "\u62dc\u767b\u516c\u5bd3\u00b7\u9752\u5c9b\u57ce\u9633\u6b63\u9633\u8def\u5e97", "order_time": ["2019-01-27 13:20:11"], "total_order": 1, "hotel_value": ["4.7"], "hotel_price": ["119"]}, "1322129": {"hotel_name": "7\u5929\u8fde\u9501\u9152\u5e97(\u9752\u5c9b\u674e\u6751\u5730\u94c1\u7ad9\u5d02\u5c71\u767e\u8d27\u5e97)", "order_time": ["2019-01-27 13:20:13"], "total_order": 1, "hotel_value": ["4.6"], "hotel_price": ["99"]}, "1530496": {"hotel_name": "\u7231\u5c0a\u5ba2\u9152\u5e97(\u5373\u58a8\u5c0f\u5546\u54c1\u57ce\u5e97)", "order_time": ["2019-01-27 13:22:30", "2019-01-27 13:20:14"], "total_order": 2, "hotel_value": ["4.4", "4.4"], "hotel_price": ["104", "104"]}, "10118500": {"hotel_name": "\u90fd\u5e02118\u7cbe\u9009\u9152\u5e97(\u9752\u5c9b\u5bb6\u4f73\u6e90\u4e00\u54c1\u51a0\u5e97)", "order_time": ["2019-01-27 13:20:16"], "total_order": 1, "hotel_value": ["4.6"], "hotel_price": ["104"]}, "5264336": {"hotel_name": "\u9e92\u97f5\u516c\u5bd3(\u9752\u5c9b\u4e07\u8c61\u57ce\u4e94\u56db\u5e7f\u573a\u5965\u5e06\u4e2d\u5fc3\u5e97)", "order_time": ["2019-01-27 13:20:23"], "total_order": 1, "hotel_value": ["4.8"], "hotel_price": ["238"]}, "6435903": {"hotel_name": "\u9752\u5c9b\u6c55\u8302\u56fd\u9645\u9152\u5e97", "order_time": ["2019-01-27 13:20:25"], "total_order": 1, "hotel_value": ["4.1"], "hotel_price": ["124"]}, "2509075": {"hotel_name": "\u5c1a\u5ba2\u4f18\u9a8f\u6021\u8fde\u9501\u9152\u5e97(\u9752\u5c9b\u519c\u4e1a\u5927\u5b66\u5e97)", "order_time": ["2019-01-27 13:22:27"], "total_order": 1, "hotel_value": ["3.7"], "hotel_price": ["75"]}, "436463": {"hotel_name": "\u9752\u5c9b\u8c6a\u68ee\u5e9c\u90b8\u56fd\u9645\u9152\u5e97", "order_time": ["2019-01-27 13:22:29"], "total_order": 1, "hotel_value": ["4.6"], "hotel_price": ["392"]}, "1306753": {"hotel_name": "\u9752\u5c9b\u51ef\u83b1\u5546\u52a1\u9152\u5e97", "order_time": ["2019-01-27 13:36:41", "2019-01-27 13:22:29"], "total_order": 2, "hotel_value": ["4.2", "4.2"], "hotel_price": ["140", "140"]}, "995179": {"hotel_name": "\u94f6\u5ea7\u4f73\u9a7f\u9152\u5e97(\u9752\u5c9b\u91cd\u5e86\u4e2d\u8def\u6d41\u4ead\u673a\u573a\u5e97)", "order_time": ["2019-01-27 13:22:34"], "total_order": 1, "hotel_value": ["4.4"], "hotel_price": ["124"]}, "5007330": {"hotel_name": "W\u00b7\u4e91\u7aef\u6d77\u666f\u5ea6\u5047\u516c\u5bd3(\u9752\u5c9b\u4e2d\u8054\u81ea\u7531\u6e2f\u6e7e\u5e97)(\u539f\u975e\u9c7c\u4e3d\u820d\u00b7\u4e2d\u8054\u81ea\u7531\u6e2f\u6e7e\u516c\u5bd3)", "order_time": ["2019-01-27 13:22:38"], "total_order": 1, "hotel_value": ["4.5"], "hotel_price": ["62"]}, "2639907": {"hotel_name": "\u80f6\u5dde\u5317\u4eac\u5c45\u5bb6\u98ce\u5c1a\u9152\u5e97", "order_time": ["2019-01-27 13:24:00"], "total_order": 1, "hotel_value": ["4.6"], "hotel_price": ["78"]}, "3689724": {"hotel_name": "\u6c49\u5ead\u9152\u5e97(\u83b1\u897f\u4eba\u6c11\u5e7f\u573a\u5e97)(\u539f\u5e02\u653f\u5e9c\u5e97)", "order_time": ["2019-01-27 13:24:00"], "total_order": 1, "hotel_value": ["4.6"], "hotel_price": ["142"]}, "994155": {"hotel_name": "\u5982\u5bb6\u5feb\u6377\u9152\u5e97(\u9752\u5c9b\u91cd\u5e86\u5357\u8def\u4e07\u79d1\u57ce\u5e97)", "order_time": ["2019-01-27 13:24:46"], "total_order": 1, "hotel_value": ["4.6"], "hotel_price": ["119"]}, "4070512": {"hotel_name": "\u62dc\u767b\u516c\u5bd3\u00b7\u9752\u5c9b\u4e1c\u65b9\u5f71\u90fd\u5e97", "order_time": ["2019-01-27 13:24:52"], "total_order": 1, "hotel_value": ["4.7"], "hotel_price": ["104"]}, "2349816": {"hotel_name": "\u9752\u5c9b\u798f\u81f4\u5546\u52a1\u4e3b\u9898\u7cbe\u54c1\u9152\u5e97", "order_time": ["2019-01-27 13:24:56"], "total_order": 1, "hotel_value": ["4.5"], "hotel_price": ["89"]}, "6173744": {"hotel_name": "\u5e73\u5ea6\u534e\u73ba\u5927\u9152\u5e97", "order_time": ["2019-01-27 13:26:00"], "total_order": 1, "hotel_value": ["4.7"], "hotel_price": ["328"]}, "3733536": {"hotel_name": "\u5e73\u5ea6\u7269\u8d44\u5bbe\u9986", "order_time": ["2019-01-27 13:26:10"], "total_order": 1, "hotel_value": ["4.5"], "hotel_price": ["115"]}, "12252847": {"hotel_name": "\u9752\u5c9b\u9890\u84dd\u5fc3\u820d\u9152\u5e97", "order_time": ["2019-01-27 13:27:02"], "total_order": 1, "hotel_value": ["4.6"], "hotel_price": ["169"]}, "1316372": {"hotel_name": "\u6c49\u5ead\u9152\u5e97(\u9752\u5c9b\u53f0\u4e1c\u6b65\u884c\u8857\u5e97)", "order_time": ["2019-01-27 13:32:06", "2019-01-27 13:27:04"], "total_order": 2, "hotel_value": ["4.5", "4.5"], "hotel_price": ["102", "102"]}, "20615346": {"hotel_name": "\u827e\u5ba2\u6d77\u666f\u5ea6\u5047\u516c\u5bd3\uff08\u9752\u5c9b\u77f3\u8001\u4eba\u6d77\u6c34\u6d74\u573a\u5e97\uff09", "order_time": ["2019-01-27 13:29:38", "2019-01-27 13:27:04"], "total_order": 2, "hotel_value": ["4.8", "4.8"], "hotel_price": ["199", "199"]}, "10186829": {"hotel_name": "\u9526\u6c5f\u90fd\u57ce(\u9752\u5c9b\u65b0\u90fd\u5fc3\u5e97)", "order_time": ["2019-01-27 13:27:05", "2019-01-27 13:50:40"], "total_order": 2, "hotel_value": ["4.6", "4.6"], "hotel_price": ["271", "271"]}, "3725612": {"hotel_name": "\u9752\u5c9b\u5026\u9e1f\u9152\u5e97", "order_time": ["2019-01-27 13:27:06"], "total_order": 1, "hotel_value": ["4.7"], "hotel_price": ["190"]}, "2935119": {"hotel_name": "\u5609\u5fb7\u591c\u8272\u827a\u672f\u4e3b\u9898\u9152\u5e97(\u9752\u5c9b\u674e\u6751\u5730\u94c1\u6b65\u884c\u8857\u706b\u8f66\u5317\u7ad9\u5e97)", "order_time": ["2019-01-27 13:27:06"], "total_order": 1, "hotel_value": ["4.6"], "hotel_price": ["84"]}, "1195423": {"hotel_name": "\u9752\u5c9b\u5de6\u5cb8\u827a\u672f\u9152\u5e97", "order_time": ["2019-01-27 13:27:06"], "total_order": 1, "hotel_value": ["4.6"], "hotel_price": ["250"]}, "6904924": {"hotel_name": "\u9752\u5c9b\u7d2b\u65b0\u5170\u5546\u52a1\u5bbe\u9986", "order_time": ["2019-01-27 13:27:14"], "total_order": 1, "hotel_value": ["4.7"], "hotel_price": ["64"]}, "1692619": {"hotel_name": "\u9752\u5c9b\u90fd\u5e02\u6625\u5929\u5047\u65e5\u5bbe\u9986(\u674e\u6751\u5b9d\u9f99\u5e7f\u573a\u5e97)", "order_time": ["2019-01-27 13:27:15"], "total_order": 1, "hotel_value": ["4.3"], "hotel_price": ["84"]}, "1732226": {"hotel_name": "\u5373\u58a8\u798f\u767e\u5e74\u5546\u52a1\u9152\u5e97", "order_time": ["2019-01-27 13:27:18"], "total_order": 1, "hotel_value": ["4.3"], "hotel_price": ["128"]}, "1259981": {"hotel_name": "\u9752\u5c9b\u4e2d\u5929\u6d77\u666f\u9152\u5e97\uff08\u6808\u6865\u706b\u8f66\u7ad9\u5e97\uff09", "order_time": ["2019-01-27 13:29:32"], "total_order": 1, "hotel_value": ["4.8"], "hotel_price": ["76"]}, "1418968": {"hotel_name": "\u82b1\u6eaa\u5ba2\u6808(\u9752\u5c9b\u90a3\u9c81\u6e7e\u5e97)", "order_time": ["2019-01-27 13:29:36"], "total_order": 1, "hotel_value": ["4.6"], "hotel_price": ["82"]}, "1200111": {"hotel_name": "\u559c\u5ba2\u6765\u5927\u9152\u5e97(\u9752\u5c9b\u6d41\u4ead\u673a\u573a\u5e97)(\u539f\u57ce\u9633\u5e97)", "order_time": ["2019-01-27 13:29:37"], "total_order": 1, "hotel_value": ["4.4"], "hotel_price": ["113"]}, "1362922": {"hotel_name": "\u9752\u5c9b\u7ea2\u661f\u6d77\u8fb9\u5ba2\u6808", "order_time": ["2019-01-27 13:29:37", "2019-01-27 13:55:21"], "total_order": 2, "hotel_value": ["4.5", "4.5"], "hotel_price": ["154", "154"]}, "437482": {"hotel_name": "\u9752\u5c9b\u534e\u5ba2\u5ea6\u5047\u9152\u5e97", "order_time": ["2019-01-27 13:29:39"], "total_order": 1, "hotel_value": ["4.6"], "hotel_price": ["149"]}, "8531362": {"hotel_name": "\u9752\u5c9b\u6c11\u56fd\u9152\u5e97", "order_time": ["2019-01-27 13:29:40"], "total_order": 1, "hotel_value": ["4.7"], "hotel_price": ["258"]}, "5075928": {"hotel_name": "\u5e73\u5ea6\u4e1c\u83b1\u5927\u9152\u5e97", "order_time": ["2019-01-27 13:30:40"], "total_order": 1, "hotel_value": ["4.6"], "hotel_price": ["193"]}, "21124467": {"hotel_name": "\u9752\u5c9b\u65af\u7ef4\u767b\u7cbe\u54c1\u516c\u5bd3(\u4f1a\u5c55\u4e2d\u5fc3\u77f3\u8001\u4eba\u6d77\u6c34\u6d74\u573a)", "order_time": ["2019-01-27 13:30:46", "2019-01-27 13:59:04"], "total_order": 2, "hotel_value": ["4.9", "4.9"], "hotel_price": ["227", "227"]}, "994153": {"hotel_name": "\u5982\u5bb6\u5feb\u6377\u9152\u5e97(\u9752\u5c9b\u706b\u8f66\u5317\u7ad9\u5e97)", "order_time": ["2019-01-27 13:31:55", "2019-01-27 13:48:08"], "total_order": 2, "hotel_value": ["4.3", "4.3"], "hotel_price": ["152", "152"]}, "5908521": {"hotel_name": "\u5982\u5bb6\u5feb\u6377\u9152\u5e97(\u9752\u5c9b\u6d41\u4ead\u673a\u573a\u6c11\u822a\u8def\u5e97)", "order_time": ["2019-01-27 13:31:58"], "total_order": 1, "hotel_value": ["4.4"], "hotel_price": ["100"]}, "1882702": {"hotel_name": "\u9526\u6c5f\u4e4b\u661f(\u9752\u5c9b\u957f\u9014\u6c7d\u8f66\u603b\u7ad9\u5e97)", "order_time": ["2019-01-27 13:32:00"], "total_order": 1, "hotel_value": ["4.4"], "hotel_price": ["139"]}, "456949": {"hotel_name": "\u9752\u5c9b\u9ec4\u6d77\u996d\u5e97", "order_time": ["2019-01-27 13:32:02"], "total_order": 1, "hotel_value": ["4.8"], "hotel_price": ["358"]}, "1766138": {"hotel_name": "\u83ab\u6cf0168(\u9752\u5c9b\u6d41\u4ead\u673a\u573a\u6b63\u9633\u4e2d\u8def\u7ea2\u661f\u7f8e\u51ef\u9f99\u5e97)", "order_time": ["2019-01-27 13:32:04"], "total_order": 1, "hotel_value": ["4.7"], "hotel_price": ["128"]}, "1774898": {"hotel_name": "\u6c49\u5ead\u9152\u5e97(\u9752\u5c9b\u706b\u8f66\u5317\u7ad9\u5e97)", "order_time": ["2019-01-27 13:32:05", "2019-01-27 13:50:34"], "total_order": 2, "hotel_value": ["4.3", "4.3"], "hotel_price": ["170", "170"]}, "3265800": {"hotel_name": "\u9752\u5c9b\u90a3\u9c81\u6e7e\u6d77\u666f\u5ea6\u5047\u516c\u5bd3", "order_time": ["2019-01-27 13:32:05"], "total_order": 1, "hotel_value": ["4.7"], "hotel_price": ["113"]}, "17263343": {"hotel_name": "\u6162\u5c45\u542c\u6d77\u7cbe\u54c1\u9152\u5e97(\u9752\u5c9b\u543e\u60a6\u5e7f\u573a\u5e97)", "order_time": ["2019-01-27 13:32:05"], "total_order": 1, "hotel_value": ["4.8"], "hotel_price": ["74"]}, "8681476": {"hotel_name": "\u9752\u5c9b\u8046\u6d77\u94c2\u6708\u6d77\u666f\u5ea6\u5047\u516c\u5bd3", "order_time": ["2019-01-27 13:34:13"], "total_order": 1, "hotel_value": ["4.7"], "hotel_price": ["74"]}, "425590": {"hotel_name": "\u9752\u5c9b\u946b\u6c5f\u6e29\u5fb7\u59c6\u9152\u5e97", "order_time": ["2019-01-27 13:34:15"], "total_order": 1, "hotel_value": ["4.8"], "hotel_price": ["418"]}, "669110": {"hotel_name": "\u9752\u5c9b\u5e7f\u4e1a\u9526\u6c5f\u5927\u9152\u5e97", "order_time": ["2019-01-27 13:34:15"], "total_order": 1, "hotel_value": ["4.6"], "hotel_price": ["384"]}, "1315838": {"hotel_name": "\u6854\u5b50\u9152\u5e97\u00b7\u7cbe\u9009(\u9752\u5c9b\u57ce\u9633\u5e97)", "order_time": ["2019-01-27 13:34:15"], "total_order": 1, "hotel_value": ["4.8"], "hotel_price": ["275"]}, "772111": {"hotel_name": "\u9752\u5c9b\u5a01\u65af\u6c40\u9152\u5e97", "order_time": ["2019-01-27 13:34:20", "2019-01-27 13:50:38", "2019-01-27 14:07:09"], "total_order": 3, "hotel_value": ["4.6", "4.6", "4.6"], "hotel_price": ["548", "548", "548"]}, "1316461": {"hotel_name": "\u6c49\u5ead\u9152\u5e97(\u9752\u5c9b\u674e\u6ca7\u91d1\u6c34\u8def\u5e97)", "order_time": ["2019-01-27 13:34:32"], "total_order": 1, "hotel_value": ["4.5"], "hotel_price": ["170"]}, "5598837": {"hotel_name": "\u6c49\u5ead\u9152\u5e97(\u5e73\u5ea6\u94dc\u725b\u5e7f\u573a\u5e97)", "order_time": ["2019-01-27 13:35:53"], "total_order": 1, "hotel_value": ["4.6"], "hotel_price": ["170"]}, "1727813": {"hotel_name": "\u5e73\u5ea6\u53c8\u4e00\u6751\u5927\u9152\u5e97", "order_time": ["2019-01-27 13:35:54"], "total_order": 1, "hotel_value": ["4.5"], "hotel_price": ["98"]}, "512490": {"hotel_name": "\u9752\u5c9b\u897f\u6d77\u5cb8\u5fb7\u6cf0\u5927\u9152\u5e97", "order_time": ["2019-01-27 13:36:41"], "total_order": 1, "hotel_value": ["4.7"], "hotel_price": ["279"]}, "5215569": {"hotel_name": "\u9752\u5c9b\u5370\u8c61\u9152\u5e97", "order_time": ["2019-01-27 13:36:41"], "total_order": 1, "hotel_value": ["4.5"], "hotel_price": ["252"]}, "2496851": {"hotel_name": "\u5c1a\u5ba2\u4f18\u5feb\u6377\u9152\u5e97(\u9752\u5c9b\u6d41\u4ead\u673a\u573a\u5e97)", "order_time": ["2019-01-27 13:36:50"], "total_order": 1, "hotel_value": ["4.4"], "hotel_price": ["114"]}, "690618": {"hotel_name": "\u9752\u5c9b\u4e09\u516d\u516b\u8fde\u9501\u5bbe\u9986(\u6d41\u4ead\u673a\u573a\u5e97)", "order_time": ["2019-01-27 13:36:51"], "total_order": 1, "hotel_value": ["4.0"], "hotel_price": ["65"]}, "1379289": {"hotel_name": "\u90fd\u5e02118(\u9752\u5c9b\u57ce\u9633\u5b9d\u9f99\u5e7f\u573a\u5e97)", "order_time": ["2019-01-27 13:36:56"], "total_order": 1, "hotel_value": ["4.0"], "hotel_price": ["108"]}, "5930359": {"hotel_name": "\u9752\u5c9b\u91d1\u77f3\u56fd\u9645\u5927\u9152\u5e97", "order_time": ["2019-01-27 13:38:55"], "total_order": 1, "hotel_value": ["4.8"], "hotel_price": ["386"]}, "8901473": {"hotel_name": "\u9752\u5c9b\u5c9b\u4e0a\u65f6\u5149\u7cbe\u54c1\u9152\u5e97", "order_time": ["2019-01-27 13:38:58"], "total_order": 1, "hotel_value": ["4.4"], "hotel_price": ["103"]}, "1372374": {"hotel_name": "\u5982\u5bb6\u5feb\u6377\u9152\u5e97(\u9752\u5c9b\u56db\u65b9\u957f\u9014\u7ad9\u5ba3\u5316\u8def\u5e97)", "order_time": ["2019-01-27 14:09:44", "2019-01-27 13:39:01"], "total_order": 2, "hotel_value": ["4.6", "4.6"], "hotel_price": ["110", "110"]}, "371188": {"hotel_name": "\u9752\u5c9b\u9890\u4e2d\u7687\u51a0\u5047\u65e5\u9152\u5e97", "order_time": ["2019-01-27 13:39:05"], "total_order": 1, "hotel_value": ["4.5"], "hotel_price": ["546"]}, "1316484": {"hotel_name": "\u6c49\u5ead\u9152\u5e97(\u9752\u5c9b\u674e\u6ca7\u4e07\u8fbe\u4e8c\u5e97)", "order_time": ["2019-01-27 13:39:10"], "total_order": 1, "hotel_value": ["4.5"], "hotel_price": ["170"]}, "780409": {"hotel_name": "\u9526\u6c5f\u4e4b\u661f(\u9752\u5c9b\u676d\u5dde\u8def\u5e97)", "order_time": ["2019-01-27 13:41:09"], "total_order": 1, "hotel_value": ["4.6"], "hotel_price": ["134"]}, "21735796": {"hotel_name": "\u9752\u5c9b\u4e94\u56db\u5e7f\u573a\u4e91\u9704\u8def\u4e9a\u6735\u9152\u5e97", "order_time": ["2019-01-27 13:41:12"], "total_order": 1, "hotel_value": ["4.8"], "hotel_price": ["316"]}, "1448742": {"hotel_name": "\u683c\u6797\u8c6a\u6cf0\u9152\u5e97(\u9752\u5c9b\u5f00\u53d1\u533a\u6b66\u5937\u5c71\u8def\u4f73\u4e16\u5ba2\u8d2d\u7269\u4e2d\u5fc3\u5e97)", "order_time": ["2019-01-27 13:41:19"], "total_order": 1, "hotel_value": ["4.6"], "hotel_price": ["94"]}, "901719": {"hotel_name": "7\u5929\u8fde\u9501\u9152\u5e97(\u9752\u5c9b\u6d77\u5c14\u5de5\u4e1a\u56ed\u5b9d\u9f99\u5e7f\u573a\u5e97)", "order_time": ["2019-01-27 13:41:20"], "total_order": 1, "hotel_value": ["4.6"], "hotel_price": ["99"]}, "25270439": {"hotel_name": "\u9752\u5c9b\u673a\u573a\u4e16\u7eaa\u516c\u56ed\u4e9a\u6735\u9152\u5e97", "order_time": ["2019-01-27 13:42:46"], "total_order": 1, "hotel_value": ["4.9"], "hotel_price": ["285"]}, "2083988": {"hotel_name": "\u5e03\u4e01\u9152\u5e97(\u9752\u5c9b\u706b\u8f66\u7ad9\u5288\u67f4\u9662\u5e97)", "order_time": ["2019-01-27 13:43:39"], "total_order": 1, "hotel_value": ["4.5"], "hotel_price": ["59"]}, "1815658": {"hotel_name": "\u5723\u5fb7\u5c45\u5546\u52a1\u9152\u5e97(\u9752\u5c9b\u706b\u8f66\u5317\u7ad9\u5e97)", "order_time": ["2019-01-27 13:43:40"], "total_order": 1, "hotel_value": ["4.4"], "hotel_price": ["126"]}, "438270": {"hotel_name": "\u7231\u5c0a\u5ba2\u9152\u5e97(\u9752\u5c9b\u5965\u5e06\u4e2d\u5fc3\u5e97)(\u539f\u6d77\u797a\u5e97)", "order_time": ["2019-01-27 13:43:43"], "total_order": 1, "hotel_value": ["4.6"], "hotel_price": ["145"]}, "6335395": {"hotel_name": "\u6e29\u99a8\u5bb6\u5ead\u65e5\u79df\u623f(\u9752\u5c9b\u5982\u610f\u5927\u53a6\u5e97)", "order_time": ["2019-01-27 13:43:50"], "total_order": 1, "hotel_value": ["4.4"], "hotel_price": ["30"]}, "10212249": {"hotel_name": "\u4e50\u5bb6\u8f69\u7cbe\u54c1\u670d\u52a1\u516c\u5bd3(\u9752\u5c9b\u9ad8\u65b0\u533a\u521b\u4e1a\u5927\u53a6\u65b9\u7279\u5e97)", "order_time": ["2019-01-27 13:45:57"], "total_order": 1, "hotel_value": ["4.6"], "hotel_price": ["134"]}, "1317308": {"hotel_name": "\u6c49\u5ead\u9152\u5e97\uff08\u9752\u5c9b\u516b\u5927\u5173\u592a\u5e73\u89d2\u516c\u56ed\u5730\u94c1\u7ad9\u5e97\uff09\uff08\u539f\u516b\u5927\u5173\u5e97)", "order_time": ["2019-01-27 13:45:57"], "total_order": 1, "hotel_value": ["4.6"], "hotel_price": ["161"]}, "1374349": {"hotel_name": "\u4eac\u82d1\u8fde\u9501\u7cbe\u54c1\u9152\u5e97(\u9752\u5c9b\u4e94\u56db\u5e7f\u573a\u5e97)", "order_time": ["2019-01-27 13:45:58"], "total_order": 1, "hotel_value": ["4.6"], "hotel_price": ["75"]}, "1692984": {"hotel_name": "\u5c1a\u5ba2\u4f18\u5feb\u6377\u9152\u5e97(\u9752\u5c9b\u94b1\u5858\u6c5f\u8def\u5e97)", "order_time": ["2019-01-27 13:45:58"], "total_order": 1, "hotel_value": ["4.4"], "hotel_price": ["74"]}, "19100508": {"hotel_name": "\u9752\u5c9b\u68a6\u5e7b\u9886\u5bd3\u6d77\u666f\u65e5\u79df\u623f", "order_time": ["2019-01-27 13:45:59"], "total_order": 1, "hotel_value": ["4.7"], "hotel_price": ["39"]}, "440316": {"hotel_name": "\u9752\u5c9b\u56db\u65b9\u5927\u9152\u5e97", "order_time": ["2019-01-27 13:46:02", "2019-01-27 13:57:34"], "total_order": 2, "hotel_value": ["4.4", "4.4"], "hotel_price": ["77", "77"]}, "1397163": {"hotel_name": "\u6e05\u6668\u7cbe\u54c1\u9152\u5e97(\u9752\u5c9b\u674e\u6ca7\u4e07\u8fbe\u5e97)", "order_time": ["2019-01-27 13:46:05"], "total_order": 1, "hotel_value": ["4.5"], "hotel_price": ["93"]}, "2164792": {"hotel_name": "\u9752\u5c9bUNO\u4f18\u8bfa\u6d77\u666f\u516c\u5bd3(\u539f\u5609\u8d1d\u7cbe\u54c1\u6d77\u666f\u516c\u5bd3)", "order_time": ["2019-01-27 13:46:06"], "total_order": 1, "hotel_value": ["4.6"], "hotel_price": ["218"]}, "1379953": {"hotel_name": "\u90fd\u5e02118(\u9752\u5c9b\u4e16\u56ed\u4f1a\u4e2d\u5fc3\u5e97)", "order_time": ["2019-01-27 13:46:06"], "total_order": 1, "hotel_value": ["4.2"], "hotel_price": ["113"]}, "2031556": {"hotel_name": "\u9752\u5c9b\u4e2d\u8054\u81ea\u7531\u6e2f\u6e7e\u6d77\u666f\u5ea6\u5047\u516c\u5bd3", "order_time": ["2019-01-27 13:48:05"], "total_order": 1, "hotel_value": ["4.6"], "hotel_price": ["88"]}, "427837": {"hotel_name": "\u83ab\u6cf0168(\u9752\u5c9b\u4e2d\u5c71\u8def\u5546\u4e1a\u8857\u6808\u6865\u5e97)", "order_time": ["2019-01-27 13:48:05"], "total_order": 1, "hotel_value": ["4.4"], "hotel_price": ["78"]}, "371190": {"hotel_name": "\u9752\u5c9b\u9999\u683c\u91cc\u62c9\u5927\u9152\u5e97", "order_time": ["2019-01-27 13:48:11"], "total_order": 1, "hotel_value": ["4.7"], "hotel_price": ["689"]}, "912521": {"hotel_name": "\u6eaa\u5ead\u7cbe\u54c1\u516c\u5bd3(\u9752\u5c9b\u77f3\u8001\u4eba\u6d77\u6c34\u6d74\u573a\u56fd\u9645\u4f1a\u5c55\u4e2d\u5fc3\u5e97)", "order_time": ["2019-01-27 13:48:22"], "total_order": 1, "hotel_value": ["4.1"], "hotel_price": ["105"]}, "21330990": {"hotel_name": "\u6cca\u5c45\u7cbe\u6808(\u9752\u5c9b\u9999\u6e2f\u4e2d\u8def\u4e94\u56db\u5e7f\u573a\u5e97)", "order_time": ["2019-01-27 13:50:33"], "total_order": 1, "hotel_value": ["4.3"], "hotel_price": ["173"]}, "3745735": {"hotel_name": "\u9752\u5c9b\u83f2\u6797\u6052\u797a\u9152\u5e97", "order_time": ["2019-01-27 13:50:42"], "total_order": 1, "hotel_value": ["4.4"], "hotel_price": ["280"]}, "450923": {"hotel_name": "\u9752\u5c9b\u4e16\u7eaa\u6d77\u4e30\u5927\u9152\u5e97", "order_time": ["2019-01-27 14:09:46", "2019-01-27 13:52:55"], "total_order": 2, "hotel_value": ["4.7", "4.7"], "hotel_price": ["256", "256"]}, "690005": {"hotel_name": "\u9752\u5c9b\u7d2b\u4e01\u9999\u996d\u5e97", "order_time": ["2019-01-27 13:53:01"], "total_order": 1, "hotel_value": ["4.5"], "hotel_price": ["208"]}, "1979422": {"hotel_name": "\u9752\u5c9b\u4f18\u5c1a\u5feb\u6377\u9152\u5e97", "order_time": ["2019-01-27 13:53:01"], "total_order": 1, "hotel_value": ["4.0"], "hotel_price": ["103"]}, "1601208": {"hotel_name": "\u604b\u5bb6\u516c\u5bd3(\u9752\u5c9b\u6808\u6865\u706b\u8f66\u7ad9\u5e97)", "order_time": ["2019-01-27 13:53:03"], "total_order": 1, "hotel_value": [0], "hotel_price": ["212"]}, "1070435": {"hotel_name": "\u5982\u5bb6\u5feb\u6377\u9152\u5e97(\u9752\u5c9b\u6808\u6865\u706b\u8f66\u7ad9\u4e1c\u5e7f\u573a\u5e97)", "order_time": ["2019-01-27 13:53:03"], "total_order": 1, "hotel_value": ["4.5"], "hotel_price": ["84"]}, "6039985": {"hotel_name": "\u9752\u5c9b\u771f\u8bda\u4f73\u9a7f\u4e3b\u9898\u9152\u5e97", "order_time": ["2019-01-27 13:55:20"], "total_order": 1, "hotel_value": ["4.4"], "hotel_price": ["94"]}, "2313561": {"hotel_name": "\u6021\u83b1\u9152\u5e97(\u9752\u5c9b\u4e2d\u5c71\u8def\u5929\u4e3b\u6559\u5802\u5e97)", "order_time": ["2019-01-27 13:55:43"], "total_order": 1, "hotel_value": ["3.8"], "hotel_price": ["56"]}, "6662623": {"hotel_name": "\u9752\u5c9b99\u4f18\u54c1\u9152\u5e97\u95fd\u6c5f\u8def\u5e97", "order_time": ["2019-01-27 13:55:54"], "total_order": 1, "hotel_value": ["4.2"], "hotel_price": ["95"]}, "1730242": {"hotel_name": "\u4f73\u9a7f\u5546\u52a1\u5bbe\u9986(\u80f6\u5dde\u5e97)", "order_time": ["2019-01-27 13:56:19"], "total_order": 1, "hotel_value": ["4.0"], "hotel_price": ["94"]}, "700820": {"hotel_name": "\u9752\u5c9b\u4e07\u8fbe\u65f6\u5c1a\u516c\u5bd3", "order_time": ["2019-01-27 13:57:41"], "total_order": 1, "hotel_value": ["3.5"], "hotel_price": ["95"]}, "13992920": {"hotel_name": "\u9752\u5c9bBampHampB \u7cbe\u54c1\u6c11\u5bbf", "order_time": ["2019-01-27 13:58:00"], "total_order": 1, "hotel_value": [0], "hotel_price": ["498"]}, "4738810": {"hotel_name": "\u9752\u5c9b\u5c1a\u5ba2\u5feb\u6377\u9152\u5e97(\u57ce\u9633\u6625\u9633\u8def\u5e97)", "order_time": ["2019-01-27 13:58:00"], "total_order": 1, "hotel_value": ["4.3"], "hotel_price": ["79"]}, "1775197": {"hotel_name": "\u9526\u6c5f\u4e4b\u661f\u54c1\u5c1a(\u9752\u5c9b\u6cb3\u5357\u8def\u706b\u8f66\u7ad9\u5e97)4S\u5347\u7ea7\u5e97", "order_time": ["2019-01-27 14:00:01"], "total_order": 1, "hotel_value": ["4.5"], "hotel_price": ["139"]}, "1966615": {"hotel_name": "\u9752\u5c9b\u91d1\u6749\u5fae\u5bb6\u5ea6\u5047\u516c\u5bd3", "order_time": ["2019-01-27 14:00:04"], "total_order": 1, "hotel_value": ["4.6"], "hotel_price": ["151"]}, "1708181": {"hotel_name": "\u9752\u5c9b\u98ce\u5c1a\u00b7\u56db\u5b63\u5047\u65e5\u9152\u5e97(\u674e\u6751\u6b65\u884c\u8857\u5965\u514b\u65af\u5e7f\u573a\u5e97)", "order_time": ["2019-01-27 14:00:12"], "total_order": 1, "hotel_value": ["4.3"], "hotel_price": ["70"]}, "12622455": {"hotel_name": "\u9752\u5c9b\u6f2b\u751f\u6d3b\u4e3b\u9898\u9152\u5e97\u516c\u5bd3", "order_time": ["2019-01-27 14:00:15"], "total_order": 1, "hotel_value": ["4.6"], "hotel_price": ["79"]}, "17351152": {"hotel_name": "\u9752\u5c9b\u5f71\u5de2\u7535\u5f71\u9152\u5e97", "order_time": ["2019-01-27 14:02:21"], "total_order": 1, "hotel_value": ["4.7"], "hotel_price": ["114"]}, "19869842": {"hotel_name": "\u534e\u9a7f\u9152\u5e97(\u9752\u5c9b\u79d1\u6280\u5927\u5b66\u5468\u53e3\u8def\u5e97)", "order_time": ["2019-01-27 14:02:22"], "total_order": 1, "hotel_value": ["4.7"], "hotel_price": ["88"]}, "2239071": {"hotel_name": "\u5373\u58a8\u7687\u671d\u5bbe\u9986", "order_time": ["2019-01-27 14:02:27"], "total_order": 1, "hotel_value": ["4.5"], "hotel_price": ["105"]}, "3384535": {"hotel_name": "\u9752\u5c9b\u65af\u7ef4\u767b\u670d\u52a1\u516c\u5bd3(\u9999\u6e2f\u4e2d\u8def\u4e3d\u6676\u5fa1\u7b51)", "order_time": ["2019-01-27 14:02:29"], "total_order": 1, "hotel_value": ["4.5"], "hotel_price": ["152"]}, "5249619": {"hotel_name": "\u90fd\u5e02118(\u9752\u5c9b\u91d1\u6c99\u6ee9\u7406\u5de5\u5927\u5b66\u5e97)", "order_time": ["2019-01-27 14:02:34"], "total_order": 1, "hotel_value": ["4.5"], "hotel_price": ["94"]}, "12220193": {"hotel_name": "\u9752\u5c9b\u7f8e\u9a7b\u5c0f\u5c4b\u91cd\u5e86\u5357\u8def\u5e97", "order_time": ["2019-01-27 14:02:52"], "total_order": 1, "hotel_value": ["4.7"], "hotel_price": ["123"]}, "17182438": {"hotel_name": "\u4e16\u60a6\u8f7b\u5962\u5ea6\u5047\u516c\u5bd3(\u9752\u5c9b\u9999\u6e2f\u4e2d\u8def\u4e3d\u6676\u5fa1\u7b51\u5e97)", "order_time": ["2019-01-27 14:04:34"], "total_order": 1, "hotel_value": ["4.7"], "hotel_price": ["153"]}, "2298529": {"hotel_name": "\u9526\u6c5f\u4e4b\u661f(\u9752\u5c9b\u5f00\u53d1\u533a\u4e95\u5188\u5c71\u8def\u5e97)", "order_time": ["2019-01-27 14:04:34"], "total_order": 1, "hotel_value": ["4.6"], "hotel_price": ["129"]}, "2307012": {"hotel_name": "7\u5929\u8fde\u9501\u9152\u5e97(\u9752\u5c9b\u6d41\u4ead\u673a\u573a\u4e8c\u5e97)", "order_time": ["2019-01-27 14:04:44"], "total_order": 1, "hotel_value": ["4.0"], "hotel_price": ["96"]}, "24055729": {"hotel_name": "\u5c1a\u5ba2\u4f18\u7cbe\u9009\u9152\u5e97(\u9752\u5c9b\u4e94\u56db\u5e7f\u573a\u5965\u5e06\u5e97)", "order_time": ["2019-01-27 14:04:46"], "total_order": 1, "hotel_value": ["4.7"], "hotel_price": ["124"]}, "5463838": {"hotel_name": "\u9752\u5c9b\u7761\u673a\u573a\u9152\u5e97", "order_time": ["2019-01-27 14:04:46"], "total_order": 1, "hotel_value": ["4.3"], "hotel_price": ["145"]}, "2013260": {"hotel_name": "\u5e73\u5ea6\u96c5\u5176\u5bbe\u9986", "order_time": ["2019-01-27 14:06:11"], "total_order": 1, "hotel_value": ["4.3"], "hotel_price": ["91"]}, "428039": {"hotel_name": "\u548c\u7f8e\u5bb6\u9152\u5e97(\u9752\u5c9b\u9999\u6e2f\u4e1c\u8def\u9752\u5c9b\u5927\u5b66\u6781\u5730\u6d77\u6d0b\u4e16\u754c\u5e97)", "order_time": ["2019-01-27 14:07:09"], "total_order": 1, "hotel_value": ["4.2"], "hotel_price": ["73"]}, "484453": {"hotel_name": "\u9752\u5c9b\u897f\u6d77\u5cb8\u9686\u548c\u798f\u670b\u559c\u6765\u767b\u9152\u5e97(\u539f\u9ec4\u5c9b\u798f\u670b\u559c\u6765\u767b\u9152\u5e97)", "order_time": ["2019-01-27 14:07:10"], "total_order": 1, "hotel_value": ["4.6"], "hotel_price": ["309"]}, "1432256": {"hotel_name": "\u9752\u5c9b\u5982\u5f53\u5bb6\u65c5\u9986", "order_time": ["2019-01-27 14:07:18"], "total_order": 1, "hotel_value": [0], "hotel_price": ["30"]}, "2310196": {"hotel_name": "\u6b27\u6a59\u9152\u5e97(\u9752\u5c9b\u9999\u6c5f\u8def\u5e97)(\u539f\u7231\u5c0a\u5ba2\u9152\u5e97)", "order_time": ["2019-01-27 14:09:38"], "total_order": 1, "hotel_value": ["4.4"], "hotel_price": ["58"]}, "19864896": {"hotel_name": "\u6d45\u91ce\u516c\u5bd3(\u9752\u5c9b\u4e3d\u6676\u5fa1\u7b51\u5e97)", "order_time": ["2019-01-27 14:09:40"], "total_order": 1, "hotel_value": ["4.8"], "hotel_price": ["132"]}, "16081635": {"hotel_name": "\u9752\u5c9b\u5e0c\u671b\u4f60\u559c\u6b22\u6d77\u666f\u516c\u5bd3", "order_time": ["2019-01-27 14:09:41"], "total_order": 1, "hotel_value": ["4.6"], "hotel_price": ["198"]}, "467216": {"hotel_name": "\u9752\u5c9b\u6d77\u666f\u82b1\u56ed\u5927\u9152\u5e97", "order_time": ["2019-01-27 14:09:42"], "total_order": 1, "hotel_value": ["4.8"], "hotel_price": ["621"]}, "9152521": {"hotel_name": "\u9752\u5c9b\u597d\u5ba2\u8054\u76df\u8fde\u9501\u9152\u5e97\u7075\u5c71\u6e7e\u8def\u5546\u4e1a\u8857\u5e97", "order_time": ["2019-01-27 14:09:44"], "total_order": 1, "hotel_value": ["4.7"], "hotel_price": ["82"]}, "1697269": {"hotel_name": "\u9752\u5c9b\u4e16\u82d1\u4e3d\u820d\u5546\u52a1\u9152\u5e97", "order_time": ["2019-01-27 14:09:44"], "total_order": 1, "hotel_value": ["4.1"], "hotel_price": ["140"]}, "2163126": {"hotel_name": "\u51ef\u60a6\u963f\u739b\u5c3c\u5546\u52a1\u5bbe\u9986(\u83b1\u897f\u70df\u53f0\u8def\u5e97)", "order_time": ["2019-01-27 14:11:00"], "total_order": 1, "hotel_value": ["4.5"], "hotel_price": ["111"]}, "5301639": {"hotel_name": "\u9752\u5c9b\u65af\u7ef4\u767b\u5ea6\u5047\u516c\u5bd3(\u91d1\u6c99\u6ee9\u5929\u9e93\u6e56)", "order_time": ["2019-01-27 14:11:56"], "total_order": 1, "hotel_value": ["4.7"], "hotel_price": ["134"]}, "791367": {"hotel_name": "\u9752\u5c9b\u8bc1\u5927\u559c\u739b\u62c9\u96c5\u9152\u5e97", "order_time": ["2019-01-27 14:11:59"], "total_order": 1, "hotel_value": ["4.6"], "hotel_price": ["458"]}, "1644328": {"hotel_name": "\u9752\u5c9b\u4e07\u79d1\u57ce\u56fd\u9645\u516c\u5bd3", "order_time": ["2019-01-27 14:12:00"], "total_order": 1, "hotel_value": ["4.2"], "hotel_price": ["194"]}, "1274014": {"hotel_name": "\u9752\u5c9b\u6885\u8bfa\u5c3c\u9152\u5e97", "order_time": ["2019-01-27 14:12:00"], "total_order": 1, "hotel_value": ["4.6"], "hotel_price": ["128"]}, "669118": {"hotel_name": "\u9752\u5c9b\u91d1\u5b8f\u6d77\u666f\u5047\u65e5\u9152\u5e97", "order_time": ["2019-01-27 14:12:04"], "total_order": 1, "hotel_value": ["4.5"], "hotel_price": ["218"]}, "6263824": {"hotel_name": "\u9752\u5c9b\u7d2b\u73a5\u56fd\u9645\u9152\u5e97\u516c\u5bd3", "order_time": ["2019-01-27 14:12:06"], "total_order": 1, "hotel_value": ["4.3"], "hotel_price": ["145"]}, "13988041": {"hotel_name": "\u9752\u5c9b\u4e2d\u6613\u5c1a\u54c1\u6d77\u666f\u5ea6\u5047\u516c\u5bd3", "order_time": ["2019-01-27 14:12:24"], "total_order": 1, "hotel_value": ["4.5"], "hotel_price": ["69"]}, "5306612": {"hotel_name": "\u5c1a\u5ba2\u4f18\u9a8f\u6021\u8fde\u9501\u9152\u5e97(\u9752\u5c9b\u6c7d\u8f66\u5317\u7ad9\u5e97)", "order_time": ["2019-01-27 14:12:25"], "total_order": 1, "hotel_value": ["3.5"], "hotel_price": ["66"]}, "13740994": {"hotel_name": "\u9752\u5c9b\u90fd\u5e02118\u7cbe\u9009\u9152\u5e97\u6625\u9633\u8def\u5e97", "order_time": ["2019-01-27 14:14:16"], "total_order": 1, "hotel_value": ["4.6"], "hotel_price": ["98"]}, "5980218": {"hotel_name": "\u9752\u5c9b\u6d77\u4e4b\u6f9c\u6d77\u666f\u65e5\u79df\u623f", "order_time": ["2019-01-27 14:14:18"], "total_order": 1, "hotel_value": ["4.8"], "hotel_price": ["24"]}, "21807735": {"hotel_name": "\u5f71\u5de2\u7535\u5f71\u9152\u5e97(\u9752\u5c9b\u56db\u680b\u4e5d\u4e8c\u96f6\u5e97)", "order_time": ["2019-01-27 14:14:23"], "total_order": 1, "hotel_value": ["4.8"], "hotel_price": ["144"]}, "1696451": {"hotel_name": "\u5c1a\u5ba2\u4f18\u5feb\u6377\u9152\u5e97(\u80f6\u5357\u5317\u4eac\u8def\u5e97)", "order_time": ["2019-01-27 14:14:32"], "total_order": 1, "hotel_value": ["4.1"], "hotel_price": ["84"]}}}