{"\u5f00\u59cb\u8bb0\u5f55\u65f6\u95f4": "2019-01-28 02:42:22", "\u7ed3\u675f\u8bb0\u5f55\u65f6\u95f4": "2019-01-28 03:56:18", "\u8ba2\u5355\u603b\u589e\u91cf": 19, "item": {"8394909": {"hotel_name": "\u5343\u591c\u5ea6\u5047\u516c\u5bd3(\u9752\u5c9b\u6d41\u4ead\u673a\u573a\u5e97)", "order_time": ["2019-01-28 02:45:33"], "total_order": 1, "hotel_value": ["4.5"], "hotel_price": ["112"]}, "28761837": {"hotel_name": "\u9752\u5c9b\u9c81\u8bfaR\u9152\u5e97", "order_time": ["2019-01-28 02:50:29"], "total_order": 1, "hotel_value": ["5.0"], "hotel_price": ["342"]}, "2083026": {"hotel_name": "\u591a\u7ef4\u7cbe\u54c1\u9152\u5e97(\u5e73\u5ea6\u5e97)", "order_time": ["2019-01-28 02:54:27"], "total_order": 1, "hotel_value": ["4.1"], "hotel_price": ["118"]}, "5999421": {"hotel_name": "\u7a7a\u94c1\u5047\u65e5\u9152\u5e97\u516c\u5bd3(\u9752\u5c9b\u673a\u573a\u5e97)", "order_time": ["2019-01-28 02:58:01"], "total_order": 1, "hotel_value": ["4.6"], "hotel_price": ["163"]}, "17589397": {"hotel_name": "\u6469\u767b\u516c\u5bd3(\u9752\u5c9b\u57ce\u9633\u5e97)", "order_time": ["2019-01-28 03:00:35"], "total_order": 1, "hotel_value": ["4.7"], "hotel_price": ["114"]}, "6273850": {"hotel_name": "\u7eff\u5cf0\u96c5\u9601\u5ea6\u5047\u516c\u5bd3(\u9752\u5c9b\u4e94\u56db\u5e7f\u573a\u4e07\u8c61\u57ce\u5e97)", "order_time": ["2019-01-28 03:07:46"], "total_order": 1, "hotel_value": ["4.8"], "hotel_price": ["236"]}, "2140433": {"hotel_name": "\u683c\u6797\u8054\u76df\u9152\u5e97(\u9752\u5c9b\u4e50\u5ba2\u57ce\u674e\u6751\u5730\u94c1\u7ad9\u5e97)", "order_time": ["2019-01-28 03:08:09"], "total_order": 1, "hotel_value": ["4.4"], "hotel_price": ["88"]}, "18034506": {"hotel_name": "\u6c49\u5510\u9152\u5e97(\u9752\u5c9b\u6d41\u4ead\u673a\u573a\u5e97)", "order_time": ["2019-01-28 03:10:21"], "total_order": 1, "hotel_value": ["4.8"], "hotel_price": ["217"]}, "6508376": {"hotel_name": "\u6155\u820d\u00b7\u8d1d\u683c\u9152\u5e97\u516c\u5bd3(\u9752\u5c9b\u4e07\u8c61\u57ce\u5965\u5e06\u4e94\u56db\u5e7f\u573a\u5e97)", "order_time": ["2019-01-28 03:12:45"], "total_order": 1, "hotel_value": ["4.9"], "hotel_price": ["328"]}, "994155": {"hotel_name": "\u5982\u5bb6\u5feb\u6377\u9152\u5e97(\u9752\u5c9b\u91cd\u5e86\u5357\u8def\u4e07\u79d1\u57ce\u5e97)", "order_time": ["2019-01-28 03:12:56"], "total_order": 1, "hotel_value": ["4.6"], "hotel_price": ["119"]}, "5549364": {"hotel_name": "\u9752\u5c9b\u897f\u6d77\u5cb8\u9686\u548c\u827e\u7f8e\u5ea6\u5047\u9152\u5e97", "order_time": ["2019-01-28 03:29:56", "2019-01-28 03:20:07"], "total_order": 2, "hotel_value": ["4.6", "4.6"], "hotel_price": ["309", "309"]}, "450881": {"hotel_name": "\u9752\u5c9b\u57ce\u9633\u5fb7\u6cf0\u5927\u9152\u5e97", "order_time": ["2019-01-28 03:25:07"], "total_order": 1, "hotel_value": ["4.6"], "hotel_price": ["449"]}, "17192038": {"hotel_name": "\u8302\u53f7\u5ea6\u5047\u516c\u5bd3\u9152\u5e97(\u9752\u5c9b\u4e07\u8fbe\u4e1c\u65b9\u5f71\u90fd\u5e97)", "order_time": ["2019-01-28 03:27:41"], "total_order": 1, "hotel_value": ["4.6"], "hotel_price": ["83"]}, "17263343": {"hotel_name": "\u6162\u5c45\u542c\u6d77\u7cbe\u54c1\u9152\u5e97(\u9752\u5c9b\u543e\u60a6\u5e7f\u573a\u5e97)", "order_time": ["2019-01-28 03:29:58"], "total_order": 1, "hotel_value": ["4.8"], "hotel_price": ["74"]}, "2509075": {"hotel_name": "\u5c1a\u5ba2\u4f18\u9a8f\u6021\u8fde\u9501\u9152\u5e97(\u9752\u5c9b\u519c\u4e1a\u5927\u5b66\u5e97)", "order_time": ["2019-01-28 03:32:37"], "total_order": 1, "hotel_value": ["3.7"], "hotel_price": ["73"]}, "1070435": {"hotel_name": "\u5982\u5bb6\u5feb\u6377\u9152\u5e97(\u9752\u5c9b\u6808\u6865\u706b\u8f66\u7ad9\u4e1c\u5e7f\u573a\u5e97)", "order_time": ["2019-01-28 03:32:38"], "total_order": 1, "hotel_value": ["4.5"], "hotel_price": ["92"]}, "995168": {"hotel_name": "\u94f6\u5ea7\u4f73\u9a7f\u9152\u5e97(\u5373\u58a8\u9e64\u5c71\u8def\u4f73\u4e50\u5bb6\u4e8c\u5e97)", "order_time": ["2019-01-28 03:44:46"], "total_order": 1, "hotel_value": ["4.4"], "hotel_price": ["81"]}, "427965": {"hotel_name": "\u5982\u5bb6\u5546\u65c5\u9152\u5e97(\u9752\u5c9b\u4e94\u56db\u5e7f\u573a\u5c71\u4e1c\u8def\u6fb3\u67ef\u739b\u7acb\u4ea4\u6865\u5e97)", "order_time": ["2019-01-28 03:47:06"], "total_order": 1, "hotel_value": ["4.7"], "hotel_price": ["159"]}}}