{"\u5f00\u59cb\u8bb0\u5f55\u65f6\u95f4": "2019-01-06 19:57:23", "\u7ed3\u675f\u8bb0\u5f55\u65f6\u95f4": "2019-01-06 20:57:23", "\u8ba2\u5355\u603b\u589e\u91cf": 290, "item": {"428592": {"hotel_name": "\u9752\u5c9b\u9c81\u5546\u51ef\u60a6\u9152\u5e97", "order_time": ["2019-01-06 20:23:36", "2019-01-06 20:13:33", "2019-01-06 19:59:33"], "total_order": 3, "hotel_value": ["4.6", "4.6", "4.6"], "hotel_price": ["748", "748", "748"]}, "446500": {"hotel_name": "\u7cbe\u9014\u9152\u5e97(\u9752\u5c9b\u56fd\u9645\u4f1a\u5c55\u4e2d\u5fc3\u5e97)(\u539f\u57ce\u5e02\u5bb6\u5546\u52a1\u9152\u5e97\u4f1a\u5c55\u4e2d\u5fc3\u5e97)", "order_time": ["2019-01-06 19:59:33", "2019-01-06 20:43:35", "2019-01-06 20:51:33"], "total_order": 3, "hotel_value": ["4.2", "4.2", "4.2"], "hotel_price": ["114", "114", "114"]}, "780409": {"hotel_name": "\u9526\u6c5f\u4e4b\u661f(\u9752\u5c9b\u676d\u5dde\u8def\u5e97)", "order_time": ["2019-01-06 19:59:33"], "total_order": 1, "hotel_value": ["4.6"], "hotel_price": ["116"]}, "17588770": {"hotel_name": "\u9752\u5c9b\u541b\u534e\u5609\u60e0\u9152\u5e97", "order_time": ["2019-01-06 19:59:34"], "total_order": 1, "hotel_value": ["4.7"], "hotel_price": ["174"]}, "5896610": {"hotel_name": "\u9752\u5c9b\u6d77\u8fb9\u4eba\u5bb6\u6d77\u666f\u5ea6\u5047\u516c\u5bd3\u4e2d\u8054\u81ea\u7531\u6e2f\u6e7e\u5e97", "order_time": ["2019-01-06 19:59:34", "2019-01-06 20:43:35"], "total_order": 2, "hotel_value": ["4.6", "4.6"], "hotel_price": ["53", "53"]}, "16127878": {"hotel_name": "\u9752\u5c9b\u73e0\u5c71\u5927\u996d\u5e97", "order_time": ["2019-01-06 19:59:34"], "total_order": 1, "hotel_value": ["4.7"], "hotel_price": ["323"]}, "18034506": {"hotel_name": "\u6c49\u5510\u9152\u5e97(\u9752\u5c9b\u6d41\u4ead\u673a\u573a\u5e97)", "order_time": ["2019-01-06 20:01:34"], "total_order": 1, "hotel_value": ["4.8"], "hotel_price": ["209"]}, "1677774": {"hotel_name": "\u9752\u5c9b\u99a8\u60a6\u8f69\u5ea6\u5047\u516c\u5bd3", "order_time": ["2019-01-06 20:01:35", "2019-01-06 20:33:38"], "total_order": 2, "hotel_value": ["4.6", "4.6"], "hotel_price": ["73", "73"]}, "17880721": {"hotel_name": "\u9752\u5c9b\u534e\u6797\u5546\u52a1\u5bbe\u9986", "order_time": ["2019-01-06 20:01:35"], "total_order": 1, "hotel_value": [0], "hotel_price": ["76"]}, "2071300": {"hotel_name": "\u4eac\u82d1\u8fde\u9501\u827a\u672f\u9152\u5e97(\u9752\u5c9b\u5fb7\u56fd\u98ce\u60c5\u8857\u5e97)", "order_time": ["2019-01-06 20:01:35"], "total_order": 1, "hotel_value": ["4.2"], "hotel_price": ["53"]}, "1962590": {"hotel_name": "\u9752\u5c9b\u6709\u7f18\u4eba\u9752\u5e74\u65c5\u820d", "order_time": ["2019-01-06 20:01:36"], "total_order": 1, "hotel_value": ["4.6"], "hotel_price": ["36"]}, "5214763": {"hotel_name": "\u9752\u5c9b\u65af\u7ef4\u767b\u5ea6\u5047\u516c\u5bd3(\u5965\u5e06\u4e94\u56db\u5e7f\u573a\u4e07\u8c61\u57ce)", "order_time": ["2019-01-06 20:01:45"], "total_order": 1, "hotel_value": ["4.8"], "hotel_price": ["267"]}, "1371788": {"hotel_name": "\u6854\u5b50\u00b7\u6c34\u6676\u9152\u5e97(\u9752\u5c9b\u4e94\u56db\u5e7f\u573a\u6d77\u666f\u5e97)", "order_time": ["2019-01-06 20:03:33"], "total_order": 1, "hotel_value": ["4.7"], "hotel_price": ["341"]}, "16018600": {"hotel_name": "\u683c\u6797\u4e1c\u65b9\u9152\u5e97(\u9752\u5c9b\u4e16\u7eaa\u516c\u56ed\u6d41\u4ead\u673a\u573a\u5e97)", "order_time": ["2019-01-06 20:03:33"], "total_order": 1, "hotel_value": ["4.5"], "hotel_price": ["132"]}, "2329361": {"hotel_name": "\u9752\u5c9b\u65af\u7ef4\u767b\u5ea6\u5047\u516c\u5bd3(\u90ae\u8f6e\u6bcd\u6e2f\u5e97)", "order_time": ["2019-01-06 20:13:33", "2019-01-06 20:25:36", "2019-01-06 20:03:33"], "total_order": 3, "hotel_value": ["4.7", "4.7", "4.7"], "hotel_price": ["124", "124", "124"]}, "1165293": {"hotel_name": "\u9752\u5c9b\u5c1a\u54c1\u4e91\u56fe\u5bbe\u9986", "order_time": ["2019-01-06 20:03:34"], "total_order": 1, "hotel_value": ["4.2"], "hotel_price": ["74"]}, "3090890": {"hotel_name": "\u9752\u5c9b\u9526\u665f\u534e\u5546\u52a1\u5bbe\u9986", "order_time": ["2019-01-06 20:03:34"], "total_order": 1, "hotel_value": ["4.4"], "hotel_price": ["83"]}, "994151": {"hotel_name": "\u5982\u5bb6\u5feb\u6377\u9152\u5e97(\u9752\u5c9b\u674e\u6751\u5730\u94c1\u7ad9\u4eac\u53e3\u8def\u5e97)", "order_time": ["2019-01-06 20:03:35"], "total_order": 1, "hotel_value": ["4.5"], "hotel_price": ["103"]}, "443641": {"hotel_name": "\u9752\u5c9b\u91d1\u6d77\u5927\u9152\u5e97", "order_time": ["2019-01-06 20:25:35", "2019-01-06 20:15:32", "2019-01-06 20:05:35", "2019-01-06 20:29:34"], "total_order": 4, "hotel_value": ["4.4", "4.4", "4.4", "4.4"], "hotel_price": ["196", "196", "196", "196"]}, "6608537": {"hotel_name": "\u6854\u5b50\u9152\u5e97\u00b7\u7cbe\u9009(\u9752\u5c9b\u56db\u6d41\u5357\u8def\u5e97)", "order_time": ["2019-01-06 20:05:35"], "total_order": 1, "hotel_value": ["4.9"], "hotel_price": ["275"]}, "2310196": {"hotel_name": "\u7231\u5c0a\u5ba2\u9152\u5e97(\u9752\u5c9b\u9999\u6c5f\u8def\u5e97)", "order_time": ["2019-01-06 20:05:35"], "total_order": 1, "hotel_value": ["4.4"], "hotel_price": ["64"]}, "6825957": {"hotel_name": "\u9752\u5c9b\u7ef4\u591a\u5229\u4e9a\u54c1\u5982\u5bb6\u56ed\u9152\u5e97\u5f0f\u516c\u5bd3", "order_time": ["2019-01-06 20:21:33", "2019-01-06 20:05:35"], "total_order": 2, "hotel_value": ["4.4", "4.4"], "hotel_price": ["70", "70"]}, "794951": {"hotel_name": "\u9752\u5c9b\u673a\u573a\u53cb\u4fe1\u822a\u7a7a\u516c\u5bd3", "order_time": ["2019-01-06 20:37:33", "2019-01-06 20:05:35"], "total_order": 2, "hotel_value": ["4.0", "4.0"], "hotel_price": ["95", "95"]}, "706650": {"hotel_name": "\u5b9c\u5fc5\u601d\u9152\u5e97(\u9752\u5c9b\u57ce\u9633\u6b63\u9633\u8def\u5e97)", "order_time": ["2019-01-06 20:05:36"], "total_order": 1, "hotel_value": ["4.6"], "hotel_price": ["210"]}, "18515525": {"hotel_name": "\u534a\u5c9b\u56fd\u9645\u9152\u5e97(\u9752\u5c9b\u674e\u6751\u5730\u94c1\u7ad9\u5e97)", "order_time": ["2019-01-06 20:05:36"], "total_order": 1, "hotel_value": ["4.6"], "hotel_price": ["184"]}, "5463838": {"hotel_name": "\u9752\u5c9b\u7761\u673a\u573a\u9152\u5e97", "order_time": ["2019-01-06 20:35:37", "2019-01-06 20:05:36"], "total_order": 2, "hotel_value": ["4.3", "4.3"], "hotel_price": ["162", "162"]}, "5230878": {"hotel_name": "7\u5929\u8fde\u9501\u9152\u5e97(\u9752\u5c9b\u8463\u5bb6\u53e3\u5e97)", "order_time": ["2019-01-06 20:05:36"], "total_order": 1, "hotel_value": ["4.7"], "hotel_price": ["100"]}, "772111": {"hotel_name": "\u9752\u5c9b\u5a01\u65af\u6c40\u9152\u5e97", "order_time": ["2019-01-06 20:05:43", "2019-01-06 20:15:41"], "total_order": 2, "hotel_value": ["4.6", "4.6"], "hotel_price": ["700", "700"]}, "346318": {"hotel_name": "\u9752\u5c9b\u80f6\u5dde\u7eff\u57ce\u559c\u6765\u767b\u9152\u5e97", "order_time": ["2019-01-06 20:05:43"], "total_order": 1, "hotel_value": ["4.6"], "hotel_price": ["527"]}, "4328415": {"hotel_name": "\u83b1\u897f\u5929\u58e4\u7cbe\u54c1\u9152\u5e97", "order_time": ["2019-01-06 20:05:43"], "total_order": 1, "hotel_value": ["4.4"], "hotel_price": ["119"]}, "1935879": {"hotel_name": "\u5982\u5bb6\u5feb\u6377\u9152\u5e97(\u9752\u5c9b\u57ce\u9633\u6625\u9633\u8def\u5bb6\u4f73\u6e90\u5e97)", "order_time": ["2019-01-06 20:37:33", "2019-01-06 20:07:32"], "total_order": 2, "hotel_value": ["4.7", "4.7"], "hotel_price": ["107", "107"]}, "486063": {"hotel_name": "\u9752\u5c9b\u56fd\u4fe1\u6d77\u5929\u4f53\u80b2\u4e2d\u5fc3\u9152\u5e97", "order_time": ["2019-01-06 20:07:32"], "total_order": 1, "hotel_value": ["4.5"], "hotel_price": ["188"]}, "513254": {"hotel_name": "\u9752\u5c9b\u671b\u6d77\u56fd\u9645\u9152\u5e97", "order_time": ["2019-01-06 20:07:33"], "total_order": 1, "hotel_value": ["4.9"], "hotel_price": ["376"]}, "669757": {"hotel_name": "\u9752\u5c9b\u5b9d\u9f99\u827a\u7b51\u9152\u5e97", "order_time": ["2019-01-06 20:07:33", "2019-01-06 20:17:35"], "total_order": 2, "hotel_value": ["4.5", "4.5"], "hotel_price": ["174", "184"]}, "772231": {"hotel_name": "\u9752\u5c9b\u4e2d\u9526\u5047\u65e5\u9152\u5e97", "order_time": ["2019-01-06 20:07:33"], "total_order": 1, "hotel_value": ["4.2"], "hotel_price": ["84"]}, "659834": {"hotel_name": "\u9e97\u67ab\u9152\u5e97(\u9752\u5c9b\u5317\u7ad9\u56db\u6d41\u5357\u8def\u5e97)(\u539f\u5357\u6d0b\u5927\u9152\u5e97\u9752\u5c9b\u957f\u6c99\u8def\u5e97)", "order_time": ["2019-01-06 20:07:33"], "total_order": 1, "hotel_value": ["4.7"], "hotel_price": ["225"]}, "2330606": {"hotel_name": "\u5982\u5bb6\u5feb\u6377\u9152\u5e97(\u9752\u5c9b\u6b63\u9633\u4e2d\u8def\u5229\u7fa4\u5e97)", "order_time": ["2019-01-06 20:07:33"], "total_order": 1, "hotel_value": ["4.7"], "hotel_price": ["125"]}, "6080545": {"hotel_name": "\u5e73\u5ea6\u4e2d\u5929\u5546\u52a1\u5bbe\u9986(\u539f\u90fd\u5e02118\u9752\u5c9b\u5e73\u5ea6\u8d38\u6613\u57ce\u5e97)", "order_time": ["2019-01-06 20:07:42"], "total_order": 1, "hotel_value": ["4.5"], "hotel_price": ["83"]}, "467216": {"hotel_name": "\u9752\u5c9b\u6d77\u666f\u82b1\u56ed\u5927\u9152\u5e97", "order_time": ["2019-01-06 20:09:35"], "total_order": 1, "hotel_value": ["4.8"], "hotel_price": ["580"]}, "430419": {"hotel_name": "\u9752\u5c9b\u4e2d\u5fc3\u5047\u65e5\u9152\u5e97", "order_time": ["2019-01-06 20:19:34", "2019-01-06 20:09:36"], "total_order": 2, "hotel_value": ["4.7", "4.7"], "hotel_price": ["524", "524"]}, "1182386": {"hotel_name": "Inhotels&\u76f8\u9685\u7cbe\u5bbf(\u9752\u5c9b\u4e07\u8c61\u57ce\u5e97)", "order_time": ["2019-01-06 20:09:36"], "total_order": 1, "hotel_value": ["4.5"], "hotel_price": ["101"]}, "2301077": {"hotel_name": "\u7231\u5c0a\u5ba2\u9152\u5e97(\u9752\u5c9b\u4e94\u56db\u5e7f\u573a\u5e97)", "order_time": ["2019-01-06 20:09:36"], "total_order": 1, "hotel_value": ["4.6"], "hotel_price": ["130"]}, "1360631": {"hotel_name": "\u5c1a\u5ba2\u4f18\u5feb\u6377\u9152\u5e97(\u9752\u5c9b\u5965\u5e06\u4e2d\u5fc3\u5e97)", "order_time": ["2019-01-06 20:09:36"], "total_order": 1, "hotel_value": ["4.1"], "hotel_price": ["90"]}, "1418968": {"hotel_name": "\u82b1\u6eaa\u5ba2\u6808(\u9752\u5c9b\u90a3\u9c81\u6e7e\u5e97)", "order_time": ["2019-01-06 20:09:36"], "total_order": 1, "hotel_value": ["4.5"], "hotel_price": ["82"]}, "427962": {"hotel_name": "\u5b89\u6f9c\u5bbe\u820d\u9152\u5e97(\u9752\u5c9b\u4e1c\u6d77\u4e2d\u8def\u6d77\u6ee8\u5e97)(\u539f\u5965\u5e06\u4e2d\u5fc3\u6781\u5730\u6d77\u6d0b\u4e16\u754c\u5e97)", "order_time": ["2019-01-06 20:09:36"], "total_order": 1, "hotel_value": ["4.3"], "hotel_price": ["89"]}, "5634587": {"hotel_name": "\u9e97\u67ab\u9152\u5e97(\u9752\u5c9b\u4e94\u56db\u5e7f\u573a\u5e97)(\u539f\u9752\u5c9b\u5b81\u590f\u8def\u5730\u94c1\u7ad9\u5e97)", "order_time": ["2019-01-06 20:09:37"], "total_order": 1, "hotel_value": ["4.7"], "hotel_price": ["244"]}, "1031108": {"hotel_name": "\u9752\u5c9b\u6021\u6e05\u56ed\u5bbe\u9986", "order_time": ["2019-01-06 20:09:37"], "total_order": 1, "hotel_value": ["4.3"], "hotel_price": ["170"]}, "21124467": {"hotel_name": "\u9752\u5c9b\u65af\u7ef4\u767b\u7cbe\u54c1\u516c\u5bd3(\u4f1a\u5c55\u4e2d\u5fc3\u77f3\u8001\u4eba\u6d77\u6c34\u6d74\u573a)", "order_time": ["2019-01-06 20:55:34", "2019-01-06 20:45:35", "2019-01-06 20:09:39"], "total_order": 3, "hotel_value": ["4.9", "4.9", "4.9"], "hotel_price": ["209", "209", "209"]}, "1568373": {"hotel_name": "\u9752\u5c9b\u94c2\u91d1\u4e3b\u9898\u9152\u5e97(\u674e\u6751\u6b65\u884c\u8857\u5e97)", "order_time": ["2019-01-06 20:09:40", "2019-01-06 20:31:35"], "total_order": 2, "hotel_value": ["3.7", "3.7"], "hotel_price": ["84", "84"]}, "700260": {"hotel_name": "\u9752\u5c9b\u9038\u4e91\u7cbe\u54c1\u9152\u5e97", "order_time": ["2019-01-06 20:09:40"], "total_order": 1, "hotel_value": ["4.5"], "hotel_price": ["160"]}, "8953561": {"hotel_name": "\u9752\u5c9b\u4e00\u6240\u5ea6\u5047\u516c\u5bd3(\u68a6\u65f6\u4ee3\u5e7f\u573a\u5e97)", "order_time": ["2019-01-06 20:11:34"], "total_order": 1, "hotel_value": ["4.7"], "hotel_price": ["65"]}, "6448671": {"hotel_name": "\u9752\u5c9b\u6829\u9732\u6d77\u666f\u5ea6\u5047\u516c\u5bd3", "order_time": ["2019-01-06 20:11:34"], "total_order": 1, "hotel_value": ["4.6"], "hotel_price": ["74"]}, "1483944": {"hotel_name": "\u9752\u5c9b\u878d\u6d77\u4e16\u56ed\u9152\u5e97", "order_time": ["2019-01-06 20:11:34"], "total_order": 1, "hotel_value": ["4.7"], "hotel_price": ["303"]}, "439773": {"hotel_name": "\u9752\u5c9b\u8fdc\u96c4\u60a6\u6765\u9152\u5e97\u516c\u5bd3", "order_time": ["2019-01-06 20:11:35"], "total_order": 1, "hotel_value": ["4.6"], "hotel_price": ["458"]}, "442301": {"hotel_name": "\u90fd\u5e02118(\u9752\u5c9b\u5d02\u5c71\u4f1a\u5c55\u4e2d\u5fc3\u5730\u94c1\u7ad9\u5e97)", "order_time": ["2019-01-06 20:11:35"], "total_order": 1, "hotel_value": ["4.4"], "hotel_price": ["97"]}, "1725780": {"hotel_name": "678\u673a\u573a\u9152\u5e97", "order_time": ["2019-01-06 20:11:35"], "total_order": 1, "hotel_value": ["4.4"], "hotel_price": ["63"]}, "5930359": {"hotel_name": "\u9752\u5c9b\u91d1\u77f3\u56fd\u9645\u5927\u9152\u5e97", "order_time": ["2019-01-06 20:11:35"], "total_order": 1, "hotel_value": ["4.8"], "hotel_price": ["367"]}, "1541913": {"hotel_name": "\u9752\u5c9b\u6c11\u822a\u673a\u573a\u5bbe\u9986", "order_time": ["2019-01-06 20:37:33", "2019-01-06 20:11:35"], "total_order": 2, "hotel_value": ["4.5", "4.5"], "hotel_price": ["299", "299"]}, "430544": {"hotel_name": "\u9752\u5c9b\u5feb\u901a\u56fd\u9645\u9152\u5e97", "order_time": ["2019-01-06 20:13:33"], "total_order": 1, "hotel_value": ["4.4"], "hotel_price": ["260"]}, "840717": {"hotel_name": "\u9752\u5c9b\u674e\u6ca7\u7eff\u57ce\u559c\u6765\u767b\u9152\u5e97", "order_time": ["2019-01-06 20:13:33", "2019-01-06 20:23:35", "2019-01-06 20:43:35", "2019-01-06 20:53:34"], "total_order": 4, "hotel_value": ["4.7", "4.7", "4.7", "4.7"], "hotel_price": ["721", "721", "837", "1165"]}, "2136286": {"hotel_name": "\u9752\u5c9b\u7f8e\u5885\u5047\u671f\u9152\u5e9730\u53f7\u6d77\u8fb9\u522b\u5885", "order_time": ["2019-01-06 20:13:33", "2019-01-06 20:15:32"], "total_order": 2, "hotel_value": ["4.9", "4.9"], "hotel_price": ["256", "256"]}, "1886434": {"hotel_name": "\u7231\u820d\u7a7a\u95f4\u4e3b\u9898\u6982\u5ff5\u9152\u5e97(\u9752\u5c9b\u5965\u5e06\u4e2d\u5fc3\u738b\u5b50\u98ce\u5c1a\u5e97)", "order_time": ["2019-01-06 20:51:36", "2019-01-06 20:13:33", "2019-01-06 20:39:32"], "total_order": 3, "hotel_value": ["4.6", "4.6", "4.6"], "hotel_price": ["83", "83", "83"]}, "986295": {"hotel_name": "\u84dd\u6d77\u5927\u996d\u5e97(\u9752\u5c9b\u5d02\u5c71\u5e97)", "order_time": ["2019-01-06 20:19:34", "2019-01-06 20:15:32"], "total_order": 2, "hotel_value": ["4.7", "4.7"], "hotel_price": ["379", "379"]}, "1774898": {"hotel_name": "\u6c49\u5ead\u9152\u5e97(\u9752\u5c9b\u706b\u8f66\u5317\u7ad9\u5e97)", "order_time": ["2019-01-06 20:15:32"], "total_order": 1, "hotel_value": ["4.3"], "hotel_price": ["161"]}, "539143": {"hotel_name": "\u4e50\u5bb6\u8f69\u7cbe\u54c1\u9152\u5e97\u670d\u52a1\u516c\u5bd3(\u9752\u5c9b\u4f1a\u5c55\u4e2d\u5fc3\u6d77\u6c34\u6d74\u573a\u5e97)", "order_time": ["2019-01-06 20:15:32"], "total_order": 1, "hotel_value": ["4.2"], "hotel_price": ["114"]}, "13180834": {"hotel_name": "\u5c1a\u5ba2\u4f18\u7cbe\u9009\u9152\u5e97(\u9752\u5c9b\u4e16\u7eaa\u516c\u56ed\u6d41\u4ead\u673a\u573a\u5e97)(\u539f\u57ce\u9633\u4e16\u7eaa\u516c\u56ed\u5e97)", "order_time": ["2019-01-06 20:15:32", "2019-01-06 20:25:37"], "total_order": 2, "hotel_value": ["4.7", "4.7"], "hotel_price": ["130", "130"]}, "371190": {"hotel_name": "\u9752\u5c9b\u9999\u683c\u91cc\u62c9\u5927\u9152\u5e97", "order_time": ["2019-01-06 20:15:33"], "total_order": 1, "hotel_value": ["4.7"], "hotel_price": ["748"]}, "531745": {"hotel_name": "\u6df1\u84dd\u590d\u5f0f\u516c\u5bd3(\u9752\u5c9b\u4f1a\u5c55\u4e2d\u5fc3\u6d77\u6c34\u6d74\u573a\u56fd\u4fe1)", "order_time": ["2019-01-06 20:15:33"], "total_order": 1, "hotel_value": ["4.6"], "hotel_price": ["219"]}, "779894": {"hotel_name": "\u9526\u6c5f\u4e4b\u661f(\u9752\u5c9b\u4e2d\u5c71\u8def\u5e97)", "order_time": ["2019-01-06 20:15:33"], "total_order": 1, "hotel_value": ["4.5"], "hotel_price": ["123"]}, "5999421": {"hotel_name": "\u7a7a\u94c1\u5047\u65e5\u9152\u5e97\u516c\u5bd3(\u9752\u5c9b\u673a\u573a\u5e97)", "order_time": ["2019-01-06 20:21:33", "2019-01-06 20:15:33"], "total_order": 2, "hotel_value": ["4.5", "4.5"], "hotel_price": ["216", "216"]}, "1344292": {"hotel_name": "\u9752\u5c9b\u745e\u660c\u82d1\u5bbe\u9986", "order_time": ["2019-01-06 20:15:39"], "total_order": 1, "hotel_value": [0], "hotel_price": ["96"]}, "385108": {"hotel_name": "\u9752\u5c9b\u6d77\u5c14\u6d32\u9645\u9152\u5e97", "order_time": ["2019-01-06 20:33:39", "2019-01-06 20:15:41"], "total_order": 2, "hotel_value": ["4.6", "4.6"], "hotel_price": ["738", "738"]}, "11092934": {"hotel_name": "\u9752\u5c9b\u65f6\u5149\u91cc\u4e3b\u9898\u5bbe\u9986", "order_time": ["2019-01-06 20:17:34", "2019-01-06 20:55:33"], "total_order": 2, "hotel_value": [0, 0], "hotel_price": ["95", "95"]}, "1815658": {"hotel_name": "\u5723\u5fb7\u5c45\u5546\u52a1\u9152\u5e97(\u9752\u5c9b\u706b\u8f66\u5317\u7ad9\u5e97)", "order_time": ["2019-01-06 20:29:34", "2019-01-06 20:17:35"], "total_order": 2, "hotel_value": ["4.4", "4.4"], "hotel_price": ["87", "87"]}, "19845456": {"hotel_name": "\u5b63\u5bb6\u516c\u5bd3(\u9752\u5c9b\u53f0\u4e1c\u5564\u9152\u8857\u5e97)", "order_time": ["2019-01-06 20:17:35"], "total_order": 1, "hotel_value": ["4.8"], "hotel_price": ["87"]}, "6173744": {"hotel_name": "\u5e73\u5ea6\u534e\u73ba\u5927\u9152\u5e97", "order_time": ["2019-01-06 20:17:44", "2019-01-06 20:53:42"], "total_order": 2, "hotel_value": ["4.7", "4.7"], "hotel_price": ["310", "310"]}, "2639045": {"hotel_name": "\u9752\u5c9b\u4e2d\u8054\u81ea\u7531\u6e2f\u6e7e\u9152\u5e97", "order_time": ["2019-01-06 20:19:33"], "total_order": 1, "hotel_value": ["4.4"], "hotel_price": ["230"]}, "1613449": {"hotel_name": "\u591a\u7ef4\u7a7a\u95f4\u7cbe\u54c1\u9152\u5e97(\u9752\u5c9b\u674e\u6751\u6b65\u884c\u8857\u5e97)", "order_time": ["2019-01-06 20:19:33"], "total_order": 1, "hotel_value": ["4.3"], "hotel_price": ["122"]}, "2306006": {"hotel_name": "\u683c\u6797\u8c6a\u6cf0(\u9752\u5c9b\u706b\u8f66\u7ad9\u5e7f\u573a\u5e97)", "order_time": ["2019-01-06 20:19:33"], "total_order": 1, "hotel_value": ["4.9"], "hotel_price": ["83"]}, "2162063": {"hotel_name": "\u9752\u5c9b\u73af\u7403\u91d1\u51e4\u51f0\u5bbe\u9986", "order_time": ["2019-01-06 20:19:34"], "total_order": 1, "hotel_value": ["4.5"], "hotel_price": ["61"]}, "7316689": {"hotel_name": "\u9752\u5c9b\u661f\u9a7f\u8fde\u9501\u9152\u5e97", "order_time": ["2019-01-06 20:19:34"], "total_order": 1, "hotel_value": ["4.8"], "hotel_price": ["63"]}, "1645358": {"hotel_name": "\u81ea\u7531\u884c\u9752\u5e74\u65c5\u793e(\u9752\u5c9b\u6808\u6865\u706b\u8f66\u7ad9\u5e97)", "order_time": ["2019-01-06 20:19:34"], "total_order": 1, "hotel_value": ["4.6"], "hotel_price": ["17"]}, "1600748": {"hotel_name": "\u9752\u5c9b\u5929\u6cf0\u7f8e\u5bb6\u516c\u5bd3\u9152\u5e97", "order_time": ["2019-01-06 20:19:34"], "total_order": 1, "hotel_value": ["4.4"], "hotel_price": ["129"]}, "5033186": {"hotel_name": "\u9752\u5c9b\u5373\u58a8\u65fa\u534e\u5927\u9152\u5e97", "order_time": ["2019-01-06 20:19:34"], "total_order": 1, "hotel_value": ["4.4"], "hotel_price": ["248"]}, "895414": {"hotel_name": "\u4e2d\u94c1\u9752\u5c9b\u4e2d\u5fc3\u9152\u5e97\u516c\u5bd3", "order_time": ["2019-01-06 20:19:35"], "total_order": 1, "hotel_value": ["4.6"], "hotel_price": ["319"]}, "1501841": {"hotel_name": "\u83ab\u6cf0168(\u9752\u5c9b\u6808\u6865\u706b\u8f66\u7ad9\u897f\u5e7f\u573a\u5e97)", "order_time": ["2019-01-06 20:19:35", "2019-01-06 20:49:34"], "total_order": 2, "hotel_value": ["4.6", "4.6"], "hotel_price": ["87", "87"]}, "18068723": {"hotel_name": "\u94c2\u91d1\u4e3b\u9898\u9152\u5e97(\u9752\u5c9b\u6d77\u6d0b\u5927\u5b66\u5e97)(\u539f\u5409\u5b66\u5bbe\u9986)", "order_time": ["2019-01-06 20:19:40"], "total_order": 1, "hotel_value": ["4.4"], "hotel_price": ["75"]}, "21790901": {"hotel_name": "\u767d\u7389\u5170\u9152\u5e97 (\u80f6\u5dde\u5e7f\u5dde\u5357\u8def\u5e97)", "order_time": ["2019-01-06 20:19:42"], "total_order": 1, "hotel_value": ["4.9"], "hotel_price": ["145"]}, "1734183": {"hotel_name": "\u83b1\u897f\u826f\u53cb\u6e90\u6770\u5927\u9152\u5e97", "order_time": ["2019-01-06 20:19:42"], "total_order": 1, "hotel_value": ["4.4"], "hotel_price": ["277"]}, "1287683": {"hotel_name": "\u90fd\u5e02118(\u80f6\u5dde\u5e02\u4e2d\u5fc3\u5927\u6da6\u53d1\u5e97)", "order_time": ["2019-01-06 20:19:42"], "total_order": 1, "hotel_value": ["4.3"], "hotel_price": ["65"]}, "669124": {"hotel_name": "\u9752\u5c9b\u534e\u4fa8\u56fd\u9645\u996d\u5e97", "order_time": ["2019-01-06 20:21:32"], "total_order": 1, "hotel_value": ["4.3"], "hotel_price": ["214"]}, "21808112": {"hotel_name": "\u90fd\u5e02118\u00b7\u7cbe\u9009\u9152\u5e97(\u9752\u5c9b\u57ce\u4e2d\u57ce\u5e97)", "order_time": ["2019-01-06 20:21:32"], "total_order": 1, "hotel_value": ["4.4"], "hotel_price": ["125"]}, "1840574": {"hotel_name": "\u5c1a\u5ba2\u4f18\u5feb\u6377\u9152\u5e97(\u9752\u5c9b\u9ec4\u5c9b\u533a\u4e24\u6cb3\u8def\u6d77\u6c34\u6d74\u573a\u5e97)", "order_time": ["2019-01-06 20:21:32"], "total_order": 1, "hotel_value": ["4.5"], "hotel_price": ["94"]}, "9561035": {"hotel_name": "\u9752\u5c9b\u6469\u767b\u4e0a\u57ce\u670d\u52a1\u516c\u5bd3(\u94f6\u76db\u6cf0\u65b0\u7a7a\u95f4)", "order_time": ["2019-01-06 20:21:33"], "total_order": 1, "hotel_value": ["4.4"], "hotel_price": ["126"]}, "1334774": {"hotel_name": "\u9752\u5c9b\u6109\u56ed\u60a6\u5bb6\u7cbe\u54c1\u9152\u5e97", "order_time": ["2019-01-06 20:21:33"], "total_order": 1, "hotel_value": ["4.0"], "hotel_price": ["154"]}, "9210540": {"hotel_name": "\u5982\u5bb6\u5546\u65c5\u9152\u5e97(\u9752\u5c9b\u6808\u6865\u706b\u8f66\u7ad9\u5730\u94c1\u7ad9\u5e97)", "order_time": ["2019-01-06 20:21:33"], "total_order": 1, "hotel_value": ["4.7"], "hotel_price": ["109"]}, "23675549": {"hotel_name": "\u9047\u89c1\u9752\u5c9b\u6d77\u666f\u5ea6\u5047\u516c\u5bd3(\u9752\u5c9b\u4e2d\u8054\u81ea\u7531\u6e2f\u6e7e\u5e97)", "order_time": ["2019-01-06 20:21:33"], "total_order": 1, "hotel_value": ["4.9"], "hotel_price": ["67"]}, "1666968": {"hotel_name": "\u71d5\u5f52\u5802\u9152\u5e97\u5f0f\u516c\u5bd3(\u9752\u5c9b\u7d2b\u4e91\u53f0SMART\u516c\u9986\u5e97)", "order_time": ["2019-01-06 20:21:33"], "total_order": 1, "hotel_value": ["4.4"], "hotel_price": ["83"]}, "485385": {"hotel_name": "\u9752\u5c9b\u591a\u7459\u6cb3\u56fd\u9645\u5927\u9152\u5e97", "order_time": ["2019-01-06 20:21:33"], "total_order": 1, "hotel_value": ["4.4"], "hotel_price": ["292"]}, "1602226": {"hotel_name": "\u9752\u5c9b\u6d77\u4e4b\u6da6\u89c2\u6d77\u516c\u5bd3\uff08\u539f\u9752\u5c9b\u5e02\u5357\u5982\u610f\u6d77\u666f\u516c\u5bd3\uff09", "order_time": ["2019-01-06 20:21:35"], "total_order": 1, "hotel_value": ["4.6"], "hotel_price": ["55"]}, "1321727": {"hotel_name": "\u9752\u5c9b\u5343\u767e\u5ea6\u5047\u65e5\u5bbe\u9986", "order_time": ["2019-01-06 20:21:35"], "total_order": 1, "hotel_value": ["4.2"], "hotel_price": ["65"]}, "2006440": {"hotel_name": "\u683c\u6797\u8c6a\u6cf0(\u83b1\u897f\u9999\u6e2f\u8def\u8054\u5bcc\u5e97)", "order_time": ["2019-01-06 20:21:42"], "total_order": 1, "hotel_value": ["4.5"], "hotel_price": ["125"]}, "17321366": {"hotel_name": "\u683c\u6797\u8c6a\u6cf0\u9152\u5e97(\u80f6\u5dde\u80f6\u5e73\u8def\u5e97)", "order_time": ["2019-01-06 20:21:43"], "total_order": 1, "hotel_value": ["4.2"], "hotel_price": ["107"]}, "1306753": {"hotel_name": "\u9752\u5c9b\u51ef\u83b1\u5546\u52a1\u9152\u5e97", "order_time": ["2019-01-06 20:23:36"], "total_order": 1, "hotel_value": ["4.2"], "hotel_price": ["146"]}, "5073205": {"hotel_name": "\u9752\u5c9b\u6df1\u84dd\u661f\u5546\u52a1\u9152\u5e97", "order_time": ["2019-01-06 20:23:36"], "total_order": 1, "hotel_value": ["4.7"], "hotel_price": ["154"]}, "23472335": {"hotel_name": "\u7f8e\u8c6a\u4e3d\u81f4\u9152\u5e97(\u9752\u5c9b\u5e97)", "order_time": ["2019-01-06 20:31:36", "2019-01-06 20:23:36", "2019-01-06 20:25:37"], "total_order": 3, "hotel_value": ["4.9", "4.9", "4.9"], "hotel_price": ["358", "358", "358"]}, "8601812": {"hotel_name": "\u9752\u5c9b\u6d77\u8317\u4f0a\u6d77\u666f\u79df\u8d41\u623f", "order_time": ["2019-01-06 20:23:36"], "total_order": 1, "hotel_value": ["4.9"], "hotel_price": ["85"]}, "443976": {"hotel_name": "\u90fd\u5e02118(\u9752\u5c9b\u674e\u6ca7\u6b65\u884c\u8857\u5e97)", "order_time": ["2019-01-06 20:23:36"], "total_order": 1, "hotel_value": ["4.6"], "hotel_price": ["81"]}, "1664209": {"hotel_name": "\u9752\u5c9b\u5929\u745e\u661f\u7a7a\u9152\u5e97", "order_time": ["2019-01-06 20:23:47", "2019-01-06 20:23:36", "2019-01-06 20:25:45"], "total_order": 3, "hotel_value": ["4.6", "4.6", "4.6"], "hotel_price": ["426", "426", "426"]}, "702221": {"hotel_name": "\u5373\u58a8\u5929\u6cf0\u5cea\u5c1a\u6c64\u6cc9\u6e29\u6cc9\u5ea6\u5047\u9152\u5e97(\u539f\u5929\u6cf0\u6e29\u6cc9\u9ad8\u5c14\u592b\u4e50\u6d3b\u9152\u5e97)", "order_time": ["2019-01-06 20:23:36"], "total_order": 1, "hotel_value": ["4.5"], "hotel_price": ["570"]}, "1480360": {"hotel_name": "\u5c1a\u5ba2\u4f18\u5feb\u6377\u9152\u5e97(\u9752\u5c9b\u674e\u6751\u6b65\u884c\u8857\u5e97)", "order_time": ["2019-01-06 20:23:36"], "total_order": 1, "hotel_value": ["3.6"], "hotel_price": ["77"]}, "1381128": {"hotel_name": "\u5c1a\u5ba2\u4f18\u5feb\u6377\u9152\u5e97(\u9752\u5c9b\u5f00\u53d1\u533a\u6b66\u5937\u5c71\u8def\u5e97)", "order_time": ["2019-01-06 20:23:37"], "total_order": 1, "hotel_value": ["4.2"], "hotel_price": ["103"]}, "452522": {"hotel_name": "\u9752\u5c9b\u701a\u6e90\u4e16\u7eaa\u9152\u5e97", "order_time": ["2019-01-06 20:23:37"], "total_order": 1, "hotel_value": ["4.3"], "hotel_price": ["173"]}, "21807735": {"hotel_name": "\u5f71\u5de2\u7535\u5f71\u9152\u5e97(\u9752\u5c9b\u56db\u680b\u4e5d\u4e8c\u96f6\u5e97)", "order_time": ["2019-01-06 20:23:37"], "total_order": 1, "hotel_value": ["4.8"], "hotel_price": ["163"]}, "1483797": {"hotel_name": "\u9752\u5c9b\u5927\u62c7\u6307\u5e7f\u573a\u00b7\u6d77\u4e4b\u6770\u5047\u65e5\u9152\u5e97", "order_time": ["2019-01-06 20:23:37"], "total_order": 1, "hotel_value": ["4.5"], "hotel_price": ["87"]}, "6114888": {"hotel_name": "\u5982\u5bb6\u5546\u65c5\u9152\u5e97(\u9752\u5c9b\u9ec4\u5c9b\u8463\u5bb6\u53e3\u6e2f\u6cca\u91cc\u5730\u94c1\u7ad9\u5e97)", "order_time": ["2019-01-06 20:23:38"], "total_order": 1, "hotel_value": ["4.8"], "hotel_price": ["143"]}, "6273850": {"hotel_name": "\u7eff\u5cf0\u96c5\u9601\u5ea6\u5047\u516c\u5bd3(\u9752\u5c9b\u4e94\u56db\u5e7f\u573a\u4e07\u8c61\u57ce\u5e97)", "order_time": ["2019-01-06 20:23:38", "2019-01-06 20:35:36"], "total_order": 2, "hotel_value": ["4.8", "4.8"], "hotel_price": ["196", "196"]}, "2301455": {"hotel_name": "\u9526\u6c5f\u4e4b\u661f(\u80f6\u5dde\u5e02\u80f6\u5dde\u4e1c\u8def\u5e97)", "order_time": ["2019-01-06 20:23:45"], "total_order": 1, "hotel_value": ["4.5"], "hotel_price": ["104"]}, "2003292": {"hotel_name": "\u683c\u6797\u8c6a\u6cf0\u5feb\u6377\u9152\u5e97(\u80f6\u5dde\u5927\u540c\u5927\u53a6\u5e97)", "order_time": ["2019-01-06 20:23:45"], "total_order": 1, "hotel_value": ["4.2"], "hotel_price": ["141"]}, "2306564": {"hotel_name": "\u683c\u6797\u8c6a\u6cf0(\u80f6\u5dde\u4e09\u91cc\u6cb3\u516c\u56ed\u5e97)", "order_time": ["2019-01-06 20:23:46"], "total_order": 1, "hotel_value": ["4.0"], "hotel_price": ["116"]}, "393099": {"hotel_name": "\u9752\u5c9b\u5bcc\u529b\u827e\u7f8e\u9152\u5e97", "order_time": ["2019-01-06 20:27:32", "2019-01-06 20:25:35"], "total_order": 2, "hotel_value": ["4.6", "4.6"], "hotel_price": ["519", "519"]}, "5266537": {"hotel_name": "\u5c1a\u5ba2\u4f18\u5feb\u6377\u9152\u5e97(\u9752\u5c9b\u5f00\u53d1\u533a\u9999\u6c5f\u4e8c\u8def\u5e97)", "order_time": ["2019-01-06 20:25:35"], "total_order": 1, "hotel_value": ["4.5"], "hotel_price": ["99"]}, "5152698": {"hotel_name": "\u6854\u5b50\u9152\u5e97\u00b7\u7cbe\u9009(\u9752\u5c9b\u6d77\u5c14\u8def\u5e97)", "order_time": ["2019-01-06 20:25:35"], "total_order": 1, "hotel_value": ["4.9"], "hotel_price": ["265"]}, "8576104": {"hotel_name": "\u9752\u5c9b\u9038\u6d77\u5c71\u5c45\u6d77\u666f\u5ba2\u623f", "order_time": ["2019-01-06 20:25:36"], "total_order": 1, "hotel_value": ["4.9"], "hotel_price": ["375"]}, "468436": {"hotel_name": "\u9752\u5c9b\u7f8e\u5885\u5047\u671f\u9152\u5e9721\u53f7\u6d77\u8fb9\u522b\u5885", "order_time": ["2019-01-06 20:25:36"], "total_order": 1, "hotel_value": ["4.9"], "hotel_price": ["277"]}, "427987": {"hotel_name": "\u5982\u5bb6\u5feb\u6377\u9152\u5e97(\u9752\u5c9b\u9999\u6e2f\u4e2d\u8def\u9752\u5927\u9ea6\u5c9b\u5730\u94c1\u7ad9\u5e97)", "order_time": ["2019-01-06 20:25:36"], "total_order": 1, "hotel_value": ["4.3"], "hotel_price": ["103"]}, "5983414": {"hotel_name": "\u5b9c\u5fc5\u601d\u9152\u5e97(\u9752\u5c9b\u897f\u6d77\u5cb8\u6c7d\u8f66\u603b\u7ad9\u5e97)", "order_time": ["2019-01-06 20:33:35", "2019-01-06 20:25:36"], "total_order": 2, "hotel_value": ["4.6", "4.6"], "hotel_price": ["107", "107"]}, "5897139": {"hotel_name": "\u9752\u5c9b\u60a6\u6d77\u8f69\u89c2\u6d77\u65e5\u79df\u623f", "order_time": ["2019-01-06 20:25:37"], "total_order": 1, "hotel_value": ["4.8"], "hotel_price": ["54"]}, "8575805": {"hotel_name": "\u9752\u5c9b\u9890\u7f8e\u9152\u5e97", "order_time": ["2019-01-06 20:25:37"], "total_order": 1, "hotel_value": ["4.6"], "hotel_price": ["150"]}, "1483933": {"hotel_name": "\u9752\u5c9b\u534e\u97e9\u5927\u9152\u5e97", "order_time": ["2019-01-06 20:25:44"], "total_order": 1, "hotel_value": ["4.0"], "hotel_price": ["236"]}, "2166570": {"hotel_name": "\u9752\u5c9b\u7f57\u66fc\u5ba2\u7cbe\u54c1\u4e3b\u9898\u9152\u5e97", "order_time": ["2019-01-06 20:27:32"], "total_order": 1, "hotel_value": ["4.1"], "hotel_price": ["95"]}, "446001": {"hotel_name": "\u5b9d\u60a6\u7ba1\u5bb6\u5f0f\u670d\u52a1\u516c\u5bd3(\u9752\u5c9b\u5564\u9152\u57ce\u4f1a\u5c55\u4e2d\u5fc3\u5e97)", "order_time": ["2019-01-06 20:27:32"], "total_order": 1, "hotel_value": ["4.2"], "hotel_price": ["294"]}, "23570404": {"hotel_name": "\u9752\u5c9b\u5e1d\u6d77\u7535\u5f71\u9152\u5e97", "order_time": ["2019-01-06 20:27:33"], "total_order": 1, "hotel_value": ["4.8"], "hotel_price": ["180"]}, "5247052": {"hotel_name": "\u5c1a\u5ba2\u4f18\u5feb\u6377\u9152\u5e97(\u9752\u5c9b\u80f6\u5357\u8302\u9686\u5c71\u8def\u5e97)", "order_time": ["2019-01-06 20:27:34"], "total_order": 1, "hotel_value": ["4.7"], "hotel_price": ["126"]}, "791924": {"hotel_name": "\u94f6\u5ea7\u4f73\u9a7f\u9152\u5e97(\u5e73\u5ea6\u5929\u6d25\u8def\u5e97)(\u539f\u8679\u5586\u5546\u52a1\u5bbe\u9986)", "order_time": ["2019-01-06 20:27:40"], "total_order": 1, "hotel_value": ["4.4"], "hotel_price": ["99"]}, "1700586": {"hotel_name": "\u901f8\u9152\u5e97(\u9752\u5c9b\u80f6\u5357\u65b0\u6c7d\u8f66\u7ad9\u5e97)", "order_time": ["2019-01-06 20:29:34"], "total_order": 1, "hotel_value": ["4.6"], "hotel_price": ["79"]}, "12225064": {"hotel_name": "\u5e0c\u5cb8\u9152\u5e97(\u9752\u5c9b\u6d41\u4ead\u673a\u573a\u5e97)", "order_time": ["2019-01-06 20:29:34"], "total_order": 1, "hotel_value": ["4.6"], "hotel_price": ["197"]}, "1886446": {"hotel_name": "\u7231\u820d\u7a7a\u95f4\u5546\u52a1\u9152\u5e97(\u9752\u5c9b\u5c1a\u6ea2\u5e97)", "order_time": ["2019-01-06 20:29:34"], "total_order": 1, "hotel_value": ["4.5"], "hotel_price": ["93"]}, "669081": {"hotel_name": "\u9752\u5c9b\u4e16\u7eaa\u6587\u534e\u9152\u5e97", "order_time": ["2019-01-06 20:29:34"], "total_order": 1, "hotel_value": ["4.6"], "hotel_price": ["150"]}, "8681476": {"hotel_name": "\u9752\u5c9b\u8046\u6d77\u94c2\u6708\u6d77\u666f\u5ea6\u5047\u516c\u5bd3", "order_time": ["2019-01-06 20:53:35", "2019-01-06 20:31:34"], "total_order": 2, "hotel_value": ["4.7", "4.7"], "hotel_price": ["70", "70"]}, "654770": {"hotel_name": "\u9752\u5c9b\u4e3d\u5929\u5927\u9152\u5e97", "order_time": ["2019-01-06 20:31:34"], "total_order": 1, "hotel_value": ["4.8"], "hotel_price": ["326"]}, "1373267": {"hotel_name": "\u5982\u5bb6\u5feb\u6377\u9152\u5e97(\u9752\u5c9b\u674e\u6751\u5730\u94c1\u7ad9\u6b65\u884c\u8857\u5e97)", "order_time": ["2019-01-06 20:31:34"], "total_order": 1, "hotel_value": ["4.6"], "hotel_price": ["113"]}, "21122269": {"hotel_name": "\u9752\u5c9b\u84dd\u6735\u6d77\u666f\u5047\u65e5\u516c\u5bd3", "order_time": ["2019-01-06 20:31:36", "2019-01-06 20:53:35", "2019-01-06 20:43:35"], "total_order": 3, "hotel_value": ["4.9", "4.9", "4.9"], "hotel_price": ["208", "208", "208"]}, "2018605": {"hotel_name": "\u591a\u7ef4\u7cbe\u54c1\u9152\u5e97(\u9752\u5c9b\u53f0\u4e1c\u5229\u7fa4\u5e97)", "order_time": ["2019-01-06 20:33:33"], "total_order": 1, "hotel_value": ["4.2"], "hotel_price": ["94"]}, "5463909": {"hotel_name": "\u9752\u5c9b\u8fd0\u6cf0\u5927\u9152\u5e97\uff08\u5d02\u5c71\u4f1a\u5c55\u4e2d\u5fc3\u5e97\uff09", "order_time": ["2019-01-06 20:33:34"], "total_order": 1, "hotel_value": ["4.5"], "hotel_price": ["115"]}, "939341": {"hotel_name": "\u9752\u5c9b\u81f4\u8fdc\u697c\u5bbe\u9986", "order_time": ["2019-01-06 20:33:34"], "total_order": 1, "hotel_value": ["4.5"], "hotel_price": ["261"]}, "994089": {"hotel_name": "\u5982\u5bb6\u5feb\u6377\u9152\u5e97(\u9752\u5c9b\u706b\u8f66\u5317\u7ad9\u632f\u534e\u8def\u5730\u94c1\u7ad9\u5e97)", "order_time": ["2019-01-06 20:33:34"], "total_order": 1, "hotel_value": ["4.4"], "hotel_price": ["91"]}, "17335633": {"hotel_name": "\u9752\u5c9b\u534e\u5c55\u5609\u5b9c\u9152\u5e97", "order_time": ["2019-01-06 20:33:35"], "total_order": 1, "hotel_value": ["4.9"], "hotel_price": ["124"]}, "1400563": {"hotel_name": "\u53ef\u4e34\u5b81\u8fde\u9501\u9152\u5e97(\u9752\u5c9b\u6b63\u9633\u4e1c\u8def\u5e97)(\u539f\u5c1a\u8c6a\u5c45\u5546\u52a1\u9152\u5e97)", "order_time": ["2019-01-06 20:33:35"], "total_order": 1, "hotel_value": ["4.1"], "hotel_price": ["75"]}, "6264032": {"hotel_name": "\u9752\u5c9b\u65bd\u6cf0\u6839\u535a\u9601\u57ce\u9645\u9152\u5e97", "order_time": ["2019-01-06 20:35:36"], "total_order": 1, "hotel_value": ["4.7"], "hotel_price": ["248"]}, "454906": {"hotel_name": "\u9752\u5c9b\u7d22\u83f2\u4e9a\u56fd\u9645\u5927\u9152\u5e97", "order_time": ["2019-01-06 20:49:33", "2019-01-06 20:35:36"], "total_order": 2, "hotel_value": ["4.6", "4.6"], "hotel_price": ["261", "261"]}, "1374631": {"hotel_name": "\u83ab\u6cf0168(\u9752\u5c9b\u5f00\u53d1\u533a\u9999\u6c5f\u8def\u5546\u4e1a\u8857\u5e97)", "order_time": ["2019-01-06 20:37:33", "2019-01-06 20:35:36"], "total_order": 2, "hotel_value": ["4.5", "4.5"], "hotel_price": ["105", "105"]}, "8426688": {"hotel_name": "\u5982\u5bb6\u7cbe\u9009\u9152\u5e97(\u9752\u5c9b\u706b\u8f66\u7ad9\u6808\u6865\u5e97)", "order_time": ["2019-01-06 20:41:33", "2019-01-06 20:35:36"], "total_order": 2, "hotel_value": ["4.6", "4.6"], "hotel_price": ["158", "158"]}, "1691841": {"hotel_name": "\u91d1\u5c71\u57ce\u5927\u9152\u5e97(\u9752\u5c9b\u5927\u6c99\u8def\u5e97)", "order_time": ["2019-01-06 20:35:36"], "total_order": 1, "hotel_value": ["4.0"], "hotel_price": ["80"]}, "17263343": {"hotel_name": "\u6162\u5c45\u542c\u6d77\u7cbe\u54c1\u9152\u5e97(\u9752\u5c9b\u543e\u60a6\u5e7f\u573a\u5e97)", "order_time": ["2019-01-06 20:35:36"], "total_order": 1, "hotel_value": ["4.8"], "hotel_price": ["89"]}, "1196353": {"hotel_name": "\u9752\u5c9b\u4e1c\u6d77\u5047\u65e5\u5ea6\u5047\u516c\u5bd3", "order_time": ["2019-01-06 20:37:33", "2019-01-06 20:35:37"], "total_order": 2, "hotel_value": ["4.5", "4.5"], "hotel_price": ["76", "76"]}, "1372374": {"hotel_name": "\u5982\u5bb6\u5feb\u6377\u9152\u5e97(\u9752\u5c9b\u56db\u65b9\u957f\u9014\u7ad9\u5ba3\u5316\u8def\u5e97)", "order_time": ["2019-01-06 20:37:32"], "total_order": 1, "hotel_value": ["4.6"], "hotel_price": ["98"]}, "21735796": {"hotel_name": "\u9752\u5c9b\u4e94\u56db\u5e7f\u573a\u4e9a\u6735\u9152\u5e97", "order_time": ["2019-01-06 20:37:32"], "total_order": 1, "hotel_value": ["4.8"], "hotel_price": ["310"]}, "428039": {"hotel_name": "\u548c\u7f8e\u5bb6\u9152\u5e97(\u9752\u5c9b\u9999\u6e2f\u4e1c\u8def\u9752\u5c9b\u5927\u5b66\u6781\u5730\u6d77\u6d0b\u4e16\u754c\u5e97)", "order_time": ["2019-01-06 20:37:32"], "total_order": 1, "hotel_value": ["4.2"], "hotel_price": ["72"]}, "440316": {"hotel_name": "\u9752\u5c9b\u56db\u65b9\u5927\u9152\u5e97", "order_time": ["2019-01-06 20:37:33", "2019-01-06 20:47:34"], "total_order": 2, "hotel_value": ["4.4", "4.4"], "hotel_price": ["63", "63"]}, "25900827": {"hotel_name": "\u53cc\u5b50\u661f\u6d77\u666f\u516c\u5bd3(\u9752\u5c9b\u4f1a\u5c55\u4e2d\u5fc3\u77f3\u8001\u4eba\u6d77\u6c34\u6d74\u573a\u5e97)", "order_time": ["2019-01-06 20:37:33"], "total_order": 1, "hotel_value": ["5.0"], "hotel_price": ["183"]}, "5024700": {"hotel_name": "\u9752\u5c9b\u591a\u60a6\u9152\u5e97", "order_time": ["2019-01-06 20:37:33"], "total_order": 1, "hotel_value": ["4.4"], "hotel_price": ["154"]}, "20615346": {"hotel_name": "\u827e\u5ba2\u6d77\u666f\u5ea6\u5047\u516c\u5bd3\uff08\u9752\u5c9b\u77f3\u8001\u4eba\u6d77\u6c34\u6d74\u573a\u5e97\uff09", "order_time": ["2019-01-06 20:37:33"], "total_order": 1, "hotel_value": ["4.8"], "hotel_price": ["202"]}, "5438559": {"hotel_name": "\u4f18\u54c1\u9152\u5e97(\u9752\u5c9b\u56db\u6d41\u5357\u8def\u5e97)", "order_time": ["2019-01-06 20:37:34"], "total_order": 1, "hotel_value": ["4.3"], "hotel_price": ["71"]}, "1376219": {"hotel_name": "\u9752\u5c9b\u65f6\u5ba2\u4e3b\u9898\u9152\u5e97", "order_time": ["2019-01-06 20:37:34"], "total_order": 1, "hotel_value": ["4.2"], "hotel_price": ["83"]}, "8829440": {"hotel_name": "\u9752\u5c9b\u7ea2\u5c9b\u7ecf\u6d4e\u533a\u610f\u5885\u6e7e\u9152\u5e97", "order_time": ["2019-01-06 20:37:34"], "total_order": 1, "hotel_value": ["4.6"], "hotel_price": ["274"]}, "2011487": {"hotel_name": "7\u5929\u8fde\u9501\u9152\u5e97(\u5e73\u5ea6\u9752\u5c9b\u8def\u5e97)", "order_time": ["2019-01-06 20:37:39"], "total_order": 1, "hotel_value": ["4.4"], "hotel_price": ["110"]}, "514315": {"hotel_name": "\u9752\u5c9b\u5f97\u5b9d\u6e7e\u6d77\u666f\u5927\u9152\u5e97", "order_time": ["2019-01-06 20:39:32"], "total_order": 1, "hotel_value": ["4.2"], "hotel_price": ["329"]}, "996027": {"hotel_name": "\u9752\u5c9b\u91d1\u6c99\u6ee9\u5e0c\u5c14\u987f\u9152\u5e97", "order_time": ["2019-01-06 20:39:32"], "total_order": 1, "hotel_value": ["4.6"], "hotel_price": ["613"]}, "5894597": {"hotel_name": "\u9752\u5c9b\u7ea2\u6811\u6797\u5ea6\u5047\u4e16\u754c(\u73ca\u745a\u9152\u5e97)", "order_time": ["2019-01-06 20:39:32"], "total_order": 1, "hotel_value": ["4.4"], "hotel_price": ["428"]}, "2496851": {"hotel_name": "\u5c1a\u5ba2\u4f18\u5feb\u6377\u9152\u5e97(\u9752\u5c9b\u6d41\u4ead\u673a\u573a\u5e97)", "order_time": ["2019-01-06 20:39:33", "2019-01-06 20:43:36"], "total_order": 2, "hotel_value": ["4.3", "4.3"], "hotel_price": ["163", "163"]}, "19586632": {"hotel_name": "\u5343\u5bbf\u5ea6\u5047\u516c\u5bd3(\u9752\u5c9b\u5ef6\u5409\u8defCBD\u5e97)", "order_time": ["2019-01-06 20:39:33"], "total_order": 1, "hotel_value": ["4.8"], "hotel_price": ["99"]}, "10118500": {"hotel_name": "\u90fd\u5e02118\u7cbe\u9009\u9152\u5e97(\u9752\u5c9b\u5bb6\u4f73\u6e90\u4e00\u54c1\u51a0\u5e97)", "order_time": ["2019-01-06 20:39:33"], "total_order": 1, "hotel_value": ["4.6"], "hotel_price": ["127"]}, "4738805": {"hotel_name": "\u9752\u5c9b\u7231\u5c0a\u5ba2\u8fde\u9501\u9152\u5e97(\u8fbd\u6e90\u8def\u5e97)", "order_time": ["2019-01-06 20:39:34"], "total_order": 1, "hotel_value": ["4.4"], "hotel_price": ["118"]}, "8576099": {"hotel_name": "\u745e\u66fc\u8fbe\u9152\u5e97(\u80f6\u5dde\u4e2d\u5fc3\u5e97)", "order_time": ["2019-01-06 20:39:41"], "total_order": 1, "hotel_value": ["4.8"], "hotel_price": ["240"]}, "7859115": {"hotel_name": "\u66e6\u9014\u00b7\u672a\u6765\u667a\u80fd\u5ea6\u5047\u516c\u5bd3(\u9752\u5c9b\u5965\u5e06\u4e94\u56db\u5e7f\u573a\u4e07\u8c61\u57ce\u5e97)", "order_time": ["2019-01-06 20:41:33"], "total_order": 1, "hotel_value": ["4.8"], "hotel_price": ["248"]}, "1322129": {"hotel_name": "7\u5929\u8fde\u9501\u9152\u5e97(\u9752\u5c9b\u674e\u6751\u5730\u94c1\u7ad9\u5d02\u5c71\u767e\u8d27\u5e97)", "order_time": ["2019-01-06 20:41:33"], "total_order": 1, "hotel_value": ["4.6"], "hotel_price": ["115"]}, "1318891": {"hotel_name": "\u6c49\u5ead\u9152\u5e97(\u5373\u58a8\u670d\u88c5\u57ce\u5e97)", "order_time": ["2019-01-06 20:41:33"], "total_order": 1, "hotel_value": ["4.6"], "hotel_price": ["128"]}, "2970464": {"hotel_name": "\u6613\u4f70\u8fde\u9501\u9152\u5e97\uff08\u9752\u5c9b\u706b\u8f66\u7ad9\u6808\u6865 \u5288\u67f4\u9662\u5e97\uff09", "order_time": ["2019-01-06 20:41:34"], "total_order": 1, "hotel_value": ["4.0"], "hotel_price": ["52"]}, "371188": {"hotel_name": "\u9752\u5c9b\u9890\u4e2d\u7687\u51a0\u5047\u65e5\u9152\u5e97", "order_time": ["2019-01-06 20:41:34"], "total_order": 1, "hotel_value": ["4.5"], "hotel_price": ["546"]}, "6507012": {"hotel_name": "\u80f6\u5dde\u6d77\u60a6\u516c\u5bd3\u9152\u5e97", "order_time": ["2019-01-06 20:41:41"], "total_order": 1, "hotel_value": ["4.7"], "hotel_price": ["144"]}, "2084467": {"hotel_name": "\u9752\u5c9b678\u673a\u573a\u516c\u5bd3\u9152\u5e97(\u7533\u6e2f\u82b1\u56ed\u5e97)", "order_time": ["2019-01-06 20:43:35"], "total_order": 1, "hotel_value": ["4.6"], "hotel_price": ["111"]}, "2608124": {"hotel_name": "\u5982\u5bb6\u5feb\u6377\u9152\u5e97(\u9752\u5c9b\u56fd\u9645\u4f1a\u5c55\u4e2d\u5fc3\u77f3\u8001\u4eba\u89c2\u5149\u56ed\u5e97)", "order_time": ["2019-01-06 20:43:35"], "total_order": 1, "hotel_value": ["4.4"], "hotel_price": ["95"]}, "1397163": {"hotel_name": "\u6e05\u6668\u7cbe\u54c1\u9152\u5e97(\u9752\u5c9b\u674e\u6ca7\u4e07\u8fbe\u5e97)", "order_time": ["2019-01-06 20:43:36"], "total_order": 1, "hotel_value": ["4.5"], "hotel_price": ["92"]}, "995120": {"hotel_name": "\u94f6\u5ea7\u4f73\u9a7f\u9152\u5e97(\u9752\u5c9b\u4e2d\u592e\u5546\u52a1\u533a\u4e07\u8fbe\u5e7f\u573a\u5e97)(\u539f\u5b81\u590f\u8def\u5e97)", "order_time": ["2019-01-06 20:45:34"], "total_order": 1, "hotel_value": ["4.3"], "hotel_price": ["104"]}, "19438626": {"hotel_name": "\u65af\u7ef4\u767b\u5ea6\u5047\u516c\u5bd3(\u9752\u5c9b\u91d1\u6c99\u6ee9\u540d\u5609\u56fd\u9645)", "order_time": ["2019-01-06 20:45:34"], "total_order": 1, "hotel_value": ["4.7"], "hotel_price": ["189"]}, "640472": {"hotel_name": "\u9752\u5c9b\u65af\u7ef4\u767b\u5ea6\u5047\u516c\u5bd3(\u9c81\u90a6\u98ce\u60c5)", "order_time": ["2019-01-06 20:45:35"], "total_order": 1, "hotel_value": ["4.4"], "hotel_price": ["103"]}, "2359489": {"hotel_name": "\u5b89\u6f9c\u5bbe\u820d\u541b\u54c1\u6d77\u5cb8\u9152\u5e97(\u9752\u5c9b\u706b\u8f66\u7ad9\u6808\u6865\u9752\u533b\u9644\u9662\u5e97)", "order_time": ["2019-01-06 20:45:35"], "total_order": 1, "hotel_value": ["4.5"], "hotel_price": ["75"]}, "4363980": {"hotel_name": "\u540e\u6d77\u84dd\u6e7e\u5feb\u6377\u9152\u5e97(\u9752\u5c9b\u706b\u8f66\u5317\u7ad9\u5e97)", "order_time": ["2019-01-06 20:45:35"], "total_order": 1, "hotel_value": ["4.1"], "hotel_price": ["74"]}, "12274463": {"hotel_name": "\u5609\u51ef\u8c6a\u7cbe\u54c1\u9152\u5e97(\u9752\u5c9b\u5317\u5b89\u4ea8\u8fbe\u5e97)", "order_time": ["2019-01-06 20:45:35"], "total_order": 1, "hotel_value": ["4.4"], "hotel_price": ["74"]}, "1737837": {"hotel_name": "99\u5143\u65c5\u5e97(\u9752\u5c9b\u524d\u6e7e\u6e2f\u8def\u5e97)", "order_time": ["2019-01-06 20:45:35"], "total_order": 1, "hotel_value": ["4.2"], "hotel_price": ["72"]}, "1604940": {"hotel_name": "\u524d\u7a0b\u5c0f\u6cca\u5546\u52a1\u5bbe\u9986(\u9752\u5c9b\u5d02\u5c71\u5e97)", "order_time": ["2019-01-06 20:45:36"], "total_order": 1, "hotel_value": ["2.5"], "hotel_price": ["57"]}, "2030018": {"hotel_name": "\u9752\u5c9b\u65b0\u660e\u661f\u5bbe\u9986", "order_time": ["2019-01-06 20:45:41"], "total_order": 1, "hotel_value": ["4.2"], "hotel_price": ["63"]}, "791367": {"hotel_name": "\u9752\u5c9b\u8bc1\u5927\u559c\u739b\u62c9\u96c5\u9152\u5e97", "order_time": ["2019-01-06 20:47:33", "2019-01-06 20:55:34"], "total_order": 2, "hotel_value": ["4.6", "4.6"], "hotel_price": ["546", "546"]}, "436076": {"hotel_name": "\u9752\u5c9b\u6c47\u6cc9\u738b\u671d\u5927\u996d\u5e97", "order_time": ["2019-01-06 20:47:33"], "total_order": 1, "hotel_value": ["4.4"], "hotel_price": ["450"]}, "484453": {"hotel_name": "\u9752\u5c9b\u897f\u6d77\u5cb8\u9686\u548c\u798f\u670b\u559c\u6765\u767b\u9152\u5e97(\u539f\u9ec4\u5c9b\u798f\u670b\u559c\u6765\u767b\u9152\u5e97)", "order_time": ["2019-01-06 20:47:33"], "total_order": 1, "hotel_value": ["4.5"], "hotel_price": ["428"]}, "1066282": {"hotel_name": "\u6c49\u5ead\u9152\u5e97(\u9752\u5c9b\u6808\u6865\u524d\u6d77\u5229\u7fa4\u5e97)(\u539f\u6808\u6865\u524d\u6d77\u5e97)", "order_time": ["2019-01-06 20:47:33"], "total_order": 1, "hotel_value": ["4.5"], "hotel_price": ["126"]}, "23634927": {"hotel_name": "\u5982\u5bb6\u777f\u67cf\u00b7\u4e91\u9152\u5e97(\u9752\u5c9b\u77f3\u6cb9\u5927\u5b66\u543e\u60a6\u5e7f\u573a\u5730\u94c1\u7ad9\u5e97)", "order_time": ["2019-01-06 20:47:33"], "total_order": 1, "hotel_value": ["4.9"], "hotel_price": ["106"]}, "10186829": {"hotel_name": "\u9526\u6c5f\u90fd\u57ce(\u9752\u5c9b\u65b0\u90fd\u5fc3\u5e97)", "order_time": ["2019-01-06 20:47:33"], "total_order": 1, "hotel_value": ["4.6"], "hotel_price": ["260"]}, "1371782": {"hotel_name": "\u6854\u5b50\u9152\u5e97\u00b7\u7cbe\u9009(\u9752\u5c9b\u4e07\u8c61\u57ce\u5e97)(\u539f\u6c5f\u897f\u8def\u5e97)", "order_time": ["2019-01-06 20:47:34"], "total_order": 1, "hotel_value": ["4.8"], "hotel_price": ["256"]}, "1283801": {"hotel_name": "\u6211\u7684\u5730\u76d8\u4e3b\u9898\u9152\u5e97(\u9752\u5c9b\u6b63\u9633\u4e2d\u8def\u5e97)", "order_time": ["2019-01-06 20:47:34"], "total_order": 1, "hotel_value": ["4.5"], "hotel_price": ["117"]}, "1542881": {"hotel_name": "\u9752\u5c9b\u90fd\u5e02\u82b1\u56ed\u9152\u5e97(\u539f\u5170\u5ef7\u82b1\u56ed\u9152\u5e97)", "order_time": ["2019-01-06 20:47:34"], "total_order": 1, "hotel_value": ["4.2"], "hotel_price": ["111"]}, "2104275": {"hotel_name": "\u6668\u65ed\u5546\u52a1\u5bbe\u9986(\u9752\u5c9b\u4f1a\u5c55\u4e2d\u5fc3\u5e97)", "order_time": ["2019-01-06 20:47:35"], "total_order": 1, "hotel_value": ["4.5"], "hotel_price": ["65"]}, "1434596": {"hotel_name": "\u91cc\u9662\u5ba2\u6808(\u9752\u5c9b\u706b\u8f66\u7ad9\u5e97)", "order_time": ["2019-01-06 20:47:35"], "total_order": 1, "hotel_value": ["4.5"], "hotel_price": ["74"]}, "2017994": {"hotel_name": "\u80f6\u5dde\u946b\u9f99\u5047\u65e5\u9152\u5e97\u6c7d\u8f66\u603b\u7ad9\u5e97", "order_time": ["2019-01-06 20:47:44"], "total_order": 1, "hotel_value": ["4.7"], "hotel_price": ["93"]}, "1502477": {"hotel_name": "\u5982\u5bb6\u5feb\u6377\u9152\u5e97(\u83b1\u897f\u70df\u53f0\u8def\u6708\u6e56\u516c\u56ed\u5e97)", "order_time": ["2019-01-06 20:47:44"], "total_order": 1, "hotel_value": ["4.7"], "hotel_price": ["121"]}, "20189088": {"hotel_name": "\u90fd\u5e02118\u7cbe\u9009\u8fde\u9501\u9152\u5e97(\u5e73\u5ea6\u5357\u6751\u6d77\u4fe1\u4ea7\u4e1a\u56ed\u5e97)", "order_time": ["2019-01-06 20:47:44"], "total_order": 1, "hotel_value": ["4.7"], "hotel_price": ["150"]}, "5980423": {"hotel_name": "\u89c2\u6d77\u57ce\u6d77\u666f\u516c\u5bd3(\u9752\u5c9b\u706b\u8f66\u7ad9\u6808\u6865\u5e97)", "order_time": ["2019-01-06 20:49:33"], "total_order": 1, "hotel_value": ["4.7"], "hotel_price": ["79"]}, "6000795": {"hotel_name": "\u6b27\u98de\u8fde\u9501\u9152\u5e97(\u9752\u5c9b\u674e\u6751\u6b65\u884c\u8857\u5965\u514b\u65af\u5e7f\u573a\u5e97)", "order_time": ["2019-01-06 20:49:33"], "total_order": 1, "hotel_value": ["4.2"], "hotel_price": ["66"]}, "1344295": {"hotel_name": "\u5373\u58a8\u76db\u548c\u5546\u52a1\u5bbe\u9986", "order_time": ["2019-01-06 20:49:33"], "total_order": 1, "hotel_value": ["3.6"], "hotel_price": ["73"]}, "780008": {"hotel_name": "\u7b51\u7f8e\u5370\u8c61\u9152\u5e97\u516c\u5bd3(\u9752\u5c9b\u4e94\u56db\u5e7f\u573a\u9999\u6e2f\u4e2d\u8def\u5e97)", "order_time": ["2019-01-06 20:49:34"], "total_order": 1, "hotel_value": ["4.5"], "hotel_price": ["119"]}, "994851": {"hotel_name": "\u604b\u5bb6\u516c\u5bd3(\u9752\u5c9b\u94f6\u5ddd\u897f\u8def\u5e97)", "order_time": ["2019-01-06 20:49:34"], "total_order": 1, "hotel_value": ["4.3"], "hotel_price": ["80"]}, "1480178": {"hotel_name": "\u9752\u5c9b\u9c81\u798f\u7f18\u5bbe\u9986", "order_time": ["2019-01-06 20:49:36"], "total_order": 1, "hotel_value": ["4.7"], "hotel_price": ["62"]}, "21330990": {"hotel_name": "\u6cca\u5c45\u7cbe\u6808(\u9752\u5c9b\u9999\u6e2f\u4e2d\u8def\u4e94\u56db\u5e7f\u573a\u5e97)", "order_time": ["2019-01-06 20:51:32"], "total_order": 1, "hotel_value": ["4.3"], "hotel_price": ["178"]}, "786505": {"hotel_name": "\u7231\u5c1a\u5bb6\u5feb\u6377\u5546\u52a1\u9152\u5e97(\u9752\u5c9b\u5ef6\u5409\u8def\u4e07\u8fbe\u5e97)", "order_time": ["2019-01-06 20:51:33"], "total_order": 1, "hotel_value": ["4.0"], "hotel_price": ["73"]}, "1697366": {"hotel_name": "\u90fd\u5e02118(\u9752\u5c9b\u674e\u6ca7\u5e7f\u573a\u5730\u94c1\u7ad9\u5e97)", "order_time": ["2019-01-06 20:51:33"], "total_order": 1, "hotel_value": ["4.6"], "hotel_price": ["99"]}, "483417": {"hotel_name": "\u9752\u5c9b\u6d77\u90fd\u5927\u9152\u5e97", "order_time": ["2019-01-06 20:51:34"], "total_order": 1, "hotel_value": ["4.6"], "hotel_price": ["306"]}, "436468": {"hotel_name": "\u9752\u5c9b\u5c71\u5b5a\u5927\u9152\u5e97", "order_time": ["2019-01-06 20:51:34"], "total_order": 1, "hotel_value": ["4.6"], "hotel_price": ["328"]}, "25393820": {"hotel_name": "\u9752\u5c9b\u4f18\u5c71\u7f8e\u5730\u516c\u5bd3", "order_time": ["2019-01-06 20:51:34"], "total_order": 1, "hotel_value": ["4.9"], "hotel_price": ["102"]}, "5800224": {"hotel_name": "\u9752\u5c9b\u4f18\u683c\u9752\u5e74\u8001\u5175\u5ba2\u820d", "order_time": ["2019-01-06 20:51:35"], "total_order": 1, "hotel_value": ["4.8"], "hotel_price": ["40"]}, "470042": {"hotel_name": "\u6c49\u5ead\u9152\u5e97(\u9752\u5c9b\u5c71\u4e1c\u8def\u4e07\u8fbe\u5e97)", "order_time": ["2019-01-06 20:51:36"], "total_order": 1, "hotel_value": ["4.6"], "hotel_price": ["147"]}, "2388618": {"hotel_name": "\u9047\u89c1\u56fd\u9645\u9752\u5e74\u65c5\u820d(\u9752\u5c9b\u6d59\u6c5f\u8def\u6808\u6865\u5e97)", "order_time": ["2019-01-06 20:51:40"], "total_order": 1, "hotel_value": ["4.2"], "hotel_price": ["27"]}, "2299218": {"hotel_name": "\u5168\u5b63\u9152\u5e97(\u9752\u5c9b\u5c71\u4e1c\u8def\u4e07\u8fbe\u5e7f\u573a\u5e97)", "order_time": ["2019-01-06 20:51:42"], "total_order": 1, "hotel_value": ["4.6"], "hotel_price": ["296"]}, "5379598": {"hotel_name": "\u683c\u6797\u8c6a\u6cf0\u9152\u5e97(\u80f6\u5dde\u6c7d\u8f66\u603b\u7ad9\u6d77\u5c14\u5927\u9053\u5feb\u6377\u5e97)", "order_time": ["2019-01-06 20:51:43"], "total_order": 1, "hotel_value": ["4.2"], "hotel_price": ["108"]}, "2509075": {"hotel_name": "\u5c1a\u5ba2\u4f18\u9a8f\u6021\u8fde\u9501\u9152\u5e97(\u9752\u5c9b\u519c\u4e1a\u5927\u5b66\u5e97)", "order_time": ["2019-01-06 20:53:34"], "total_order": 1, "hotel_value": ["3.7"], "hotel_price": ["77"]}, "5466788": {"hotel_name": "\u82b1\u6eaa\u82b1\u56ed\u9152\u5e97(\u9752\u5c9b\u6d41\u4ead\u673a\u573a\u5e97)", "order_time": ["2019-01-06 20:53:35"], "total_order": 1, "hotel_value": ["4.5"], "hotel_price": ["198"]}, "5247964": {"hotel_name": "\u5c1a\u5ba2\u4f18\u5feb\u6377\u9152\u5e97(\u9752\u5c9b\u5f00\u53d1\u533a\u5bb6\u4f73\u6e90\u5e97)", "order_time": ["2019-01-06 20:53:35"], "total_order": 1, "hotel_value": ["3.8"], "hotel_price": ["54"]}, "427849": {"hotel_name": "\u83ab\u6cf0168(\u9752\u5c9b\u5c71\u4e1c\u8def\u4e2d\u592e\u5546\u52a1\u533a\u5e97)", "order_time": ["2019-01-06 20:55:33"], "total_order": 1, "hotel_value": ["4.3"], "hotel_price": ["115"]}, "2582773": {"hotel_name": "\u6c49\u5ead\u9152\u5e97(\u9752\u5c9b\u706b\u8f66\u7ad9\u4e1c\u5e7f\u573a\u5e97)", "order_time": ["2019-01-06 20:55:34"], "total_order": 1, "hotel_value": ["4.4"], "hotel_price": ["101"]}, "1872555": {"hotel_name": "\u9752\u5c9b\u5586\u60a6\u7cbe\u54c1\u9152\u5e97(\u539f\u5361\u672c\u827a\u672f\u9152\u5e97)", "order_time": ["2019-01-06 20:55:35"], "total_order": 1, "hotel_value": ["4.4"], "hotel_price": ["83"]}, "5205608": {"hotel_name": "\u53cc\u5b50\u661f\u5ea6\u5047\u516c\u5bd3(\u9752\u5c9b\u4e2d\u8054\u81ea\u7531\u6e2f\u6e7e\u6808\u6865\u706b\u8f66\u7ad9\u5e97)", "order_time": ["2019-01-06 20:55:35"], "total_order": 1, "hotel_value": ["4.4"], "hotel_price": ["71"]}, "1200121": {"hotel_name": "\u9752\u5c9b\u7c73\u5170\u98ce\u5c1a\u9152\u5e97", "order_time": ["2019-01-06 20:55:35"], "total_order": 1, "hotel_value": ["3.9"], "hotel_price": ["103"]}, "689242": {"hotel_name": "\u84dd\u6d77\u5927\u996d\u5e97(\u9752\u5c9b\u9ec4\u5c9b\u5e97)", "order_time": ["2019-01-06 20:55:35"], "total_order": 1, "hotel_value": ["4.6"], "hotel_price": ["298"]}, "5293302": {"hotel_name": "\u9752\u5c9b\u9ea6\u52a0\u52291925\u5496\u5561\u9752\u5e74\u65c5\u820d\u5fb7\u56fd\u98ce\u60c5\u8857\u5e97", "order_time": ["2019-01-06 20:55:36"], "total_order": 1, "hotel_value": ["4.5"], "hotel_price": ["36"]}, "1727504": {"hotel_name": "\u5e73\u5ea6\u5706\u4e2d\u65b9\u5927\u9152\u5e97", "order_time": ["2019-01-06 20:55:40"], "total_order": 1, "hotel_value": ["4.7"], "hotel_price": ["173"]}, "2263174": {"hotel_name": "\u80f6\u5dde\u57ce\u5e0279\u8fde\u9501\u9152\u5e97", "order_time": ["2019-01-06 20:55:40"], "total_order": 1, "hotel_value": ["4.3"], "hotel_price": ["73"]}, "1483938": {"hotel_name": "\u80f6\u5dde\u4e16\u7eaa\u5927\u9152\u5e97", "order_time": ["2019-01-06 20:55:40"], "total_order": 1, "hotel_value": ["4.1"], "hotel_price": ["173"]}}}