{"\u5f00\u59cb\u8bb0\u5f55\u65f6\u95f4": "2019-01-10 06:55:03", "\u7ed3\u675f\u8bb0\u5f55\u65f6\u95f4": "2019-01-10 08:02:15", "\u8ba2\u5355\u603b\u589e\u91cf": 98, "item": {"779884": {"hotel_name": "\u9526\u6c5f\u4e4b\u661f(\u9752\u5c9b\u674e\u6ca7\u5e7f\u573a\u674e\u6751\u5730\u94c1\u7ad9\u5e97)(\u539f\u674e\u6ca7\u5e7f\u573a\u5e97)", "order_time": ["2019-01-10 06:57:53"], "total_order": 1, "hotel_value": ["4.3"], "hotel_price": ["89"]}, "1503675": {"hotel_name": "\u5982\u5bb6\u5feb\u6377\u9152\u5e97\uff08\u9752\u5c9b\u5f00\u53d1\u533a\u957f\u6c5f\u4e2d\u8def\u91d1\u6c99\u6ee9\u6d77\u6c34\u6d74\u573a\u5e97\uff09", "order_time": ["2019-01-10 06:58:02"], "total_order": 1, "hotel_value": ["4.3"], "hotel_price": ["99"]}, "428592": {"hotel_name": "\u9752\u5c9b\u9c81\u5546\u51ef\u60a6\u9152\u5e97", "order_time": ["2019-01-10 07:00:01"], "total_order": 1, "hotel_value": ["4.6"], "hotel_price": ["748"]}, "16127878": {"hotel_name": "\u9752\u5c9b\u73e0\u5c71\u5927\u996d\u5e97", "order_time": ["2019-01-10 07:04:23", "2019-01-10 07:02:14"], "total_order": 2, "hotel_value": ["4.7", "4.7"], "hotel_price": ["323", "323"]}, "1255468": {"hotel_name": "\u6c49\u5ead\u9152\u5e97\uff08\u9752\u5c9b\u6d77\u5c14\u5de5\u4e1a\u56ed\u5730\u94c1\u5927\u53a6\u7ad9\u5e97\uff09\uff08\u539f\u6d77\u5c14\u5de5\u4e1a\u56ed\u5e97\uff09", "order_time": ["2019-01-10 07:04:26"], "total_order": 1, "hotel_value": ["4.3"], "hotel_price": ["177"]}, "2057366": {"hotel_name": "\u5982\u5bb6\u5feb\u6377\u9152\u5e97(\u9752\u5c9b\u91cd\u5e86\u4e2d\u8def\u674e\u6ca7\u6b65\u884c\u8857\u5e97)", "order_time": ["2019-01-10 07:04:27"], "total_order": 1, "hotel_value": ["4.5"], "hotel_price": ["106"]}, "794951": {"hotel_name": "\u9752\u5c9b\u673a\u573a\u53cb\u4fe1\u822a\u7a7a\u516c\u5bd3", "order_time": ["2019-01-10 07:08:58"], "total_order": 1, "hotel_value": ["4.0"], "hotel_price": ["114"]}, "1717860": {"hotel_name": "\u90fd\u5e02118(\u9752\u5c9b\u706b\u8f66\u7ad9\u5288\u67f4\u9662\u5e97)(\u539f\u5fae\u7b11\u5982\u5bb6\u5546\u52a1\u9152\u5e97\u9752\u5c9b\u4e2d\u5c71\u8def\u5e97)", "order_time": ["2019-01-10 07:09:03"], "total_order": 1, "hotel_value": ["4.6"], "hotel_price": ["73"]}, "2263174": {"hotel_name": "\u80f6\u5dde\u57ce\u5e0279\u8fde\u9501\u9152\u5e97", "order_time": ["2019-01-10 07:10:30"], "total_order": 1, "hotel_value": ["4.3"], "hotel_price": ["73"]}, "8415426": {"hotel_name": "\u56db\u5b63\u7cbe\u9009\u9152\u5e97(\u9752\u5c9b\u6d41\u4ead\u673a\u573a\u5e97)", "order_time": ["2019-01-10 07:11:16"], "total_order": 1, "hotel_value": ["4.6"], "hotel_price": ["217"]}, "1725780": {"hotel_name": "678\u673a\u573a\u9152\u5e97", "order_time": ["2019-01-10 07:11:18", "2019-01-10 07:22:55"], "total_order": 2, "hotel_value": ["4.4", "4.4"], "hotel_price": ["63", "63"]}, "2045313": {"hotel_name": "\u5c1a\u5ba2\u4f18\u5feb\u6377\u9152\u5e97(\u5e73\u5ea6\u4eba\u6c11\u8def\u5e97)", "order_time": ["2019-01-10 07:12:37"], "total_order": 1, "hotel_value": ["4.3"], "hotel_price": ["112"]}, "21826038": {"hotel_name": "\u9752\u5c9b\u6c49\u5353\u9152\u5e97", "order_time": ["2019-01-10 07:13:35"], "total_order": 1, "hotel_value": ["4.7"], "hotel_price": ["1263"]}, "2592432": {"hotel_name": "\u661f\u7a0b\u9152\u5e97(\u9752\u5c9b\u53f0\u4e1c\u6b65\u884c\u8857\u5e97)", "order_time": ["2019-01-10 07:13:40"], "total_order": 1, "hotel_value": ["4.2"], "hotel_price": ["136"]}, "1886434": {"hotel_name": "\u7231\u820d\u7a7a\u95f4\u4e3b\u9898\u6982\u5ff5\u9152\u5e97(\u9752\u5c9b\u5965\u5e06\u4e2d\u5fc3\u738b\u5b50\u98ce\u5c1a\u5e97)", "order_time": ["2019-01-10 07:15:43"], "total_order": 1, "hotel_value": ["4.6"], "hotel_price": ["83"]}, "5466788": {"hotel_name": "\u82b1\u6eaa\u82b1\u56ed\u9152\u5e97(\u9752\u5c9b\u6d41\u4ead\u673a\u573a\u5e97)", "order_time": ["2019-01-10 07:15:45"], "total_order": 1, "hotel_value": ["4.5"], "hotel_price": ["198"]}, "2506339": {"hotel_name": "\u62dc\u767b\u516c\u5bd3\u00b7\u9752\u5c9b\u5d02\u5c71\u9e4f\u5229\u5357\u534e\u5e97", "order_time": ["2019-01-10 07:15:48"], "total_order": 1, "hotel_value": ["4.5"], "hotel_price": ["134"]}, "8394909": {"hotel_name": "\u5343\u591c\u5ea6\u5047\u516c\u5bd3(\u9752\u5c9b\u6d41\u4ead\u673a\u573a\u5e97)", "order_time": ["2019-01-10 07:15:49"], "total_order": 1, "hotel_value": ["4.5"], "hotel_price": ["124"]}, "2298663": {"hotel_name": "\u7231\u5c0a\u5ba2\u9152\u5e97(\u9752\u5c9b\u4e94\u56db\u5e7f\u573a\u9999\u6e2f\u4e2d\u8def\u5e97)", "order_time": ["2019-01-10 07:17:55"], "total_order": 1, "hotel_value": ["4.6"], "hotel_price": ["121"]}, "1137296": {"hotel_name": "\u9752\u5c9b\u4e1c\u65b9\u6885\u5730\u4e9a\u9152\u5e97", "order_time": ["2019-01-10 07:18:01"], "total_order": 1, "hotel_value": ["4.9"], "hotel_price": ["296"]}, "1302236": {"hotel_name": "\u7231\u5ba2100\u5546\u52a1\u5bbe\u9986(\u9752\u5c9b\u6625\u9633\u8def\u5e97)", "order_time": ["2019-01-10 07:19:26"], "total_order": 1, "hotel_value": ["4.2"], "hotel_price": ["66"]}, "8396348": {"hotel_name": "\u7a7a\u94c1\u5047\u65e5\u9152\u5e97\u516c\u5bd3(\u9752\u5c9b\u673a\u573a\u4e8c\u5e97)", "order_time": ["2019-01-10 07:20:20"], "total_order": 1, "hotel_value": ["4.4"], "hotel_price": ["193"]}, "1692911": {"hotel_name": "\u9752\u5c9b\u6808\u6865\u6d69\u6d77\u84dd\u5ead\u89c2\u6d77\u65e5\u79df\u623f(\u539f\u6d69\u6d77\u84dd\u5ead\u89c2\u6d77\u516c\u5bd3)", "order_time": ["2019-01-10 07:20:40"], "total_order": 1, "hotel_value": ["4.8"], "hotel_price": ["42"]}, "1568373": {"hotel_name": "\u9752\u5c9b\u94c2\u91d1\u4e3b\u9898\u9152\u5e97(\u674e\u6751\u6b65\u884c\u8857\u5e97)", "order_time": ["2019-01-10 07:20:47"], "total_order": 1, "hotel_value": ["3.7"], "hotel_price": ["71"]}, "428001": {"hotel_name": "\u5982\u5bb6\u5feb\u6377\u9152\u5e97(\u9752\u5c9b\u57ce\u9633\u6625\u9633\u8def\u519c\u4e1a\u5927\u5b66\u5e97)", "order_time": ["2019-01-10 07:22:51"], "total_order": 1, "hotel_value": ["4.6"], "hotel_price": ["122"]}, "16126995": {"hotel_name": "\u9752\u5c9b\u4e1c\u65b9\u5f71\u90fd\u4e07\u8fbe\u5e0c\u5c14\u987f\u9038\u6797\u9152\u5e97", "order_time": ["2019-01-10 07:22:55"], "total_order": 1, "hotel_value": ["4.6"], "hotel_price": ["734"]}, "28642661": {"hotel_name": "\u9752\u5c9b\u84dd\u8272\u4e4b\u661f\u6d77\u666f\u516c\u5bd3", "order_time": ["2019-01-10 07:22:57"], "total_order": 1, "hotel_value": [0], "hotel_price": ["141"]}, "1211586": {"hotel_name": "\u6c49\u5ead\u9152\u5e97(\u9752\u5c9b\u4f1a\u5c55\u4e2d\u5fc3\u5e97)", "order_time": ["2019-01-10 07:24:53"], "total_order": 1, "hotel_value": ["4.4"], "hotel_price": ["126"]}, "2970464": {"hotel_name": "\u6613\u4f70\u8fde\u9501\u9152\u5e97\uff08\u9752\u5c9b\u706b\u8f66\u7ad9\u6808\u6865 \u5288\u67f4\u9662\u5e97\uff09", "order_time": ["2019-01-10 07:24:55"], "total_order": 1, "hotel_value": ["4.0"], "hotel_price": ["52"]}, "2257047": {"hotel_name": "\u6c49\u5ead\u9152\u5e97(\u9752\u5c9b\u8463\u5bb6\u53e3\u6e2f\u5e97)", "order_time": ["2019-01-10 07:25:03"], "total_order": 1, "hotel_value": ["4.7"], "hotel_price": ["133"]}, "994247": {"hotel_name": "\u5982\u5bb6\u5feb\u6377\u9152\u5e97(\u5e73\u5ea6\u9752\u5c9b\u8def\u5e97)", "order_time": ["2019-01-10 07:26:27"], "total_order": 1, "hotel_value": ["4.5"], "hotel_price": ["113"]}, "6691235": {"hotel_name": "\u53ef\u4e34\u5b81\u8fde\u9501\u9152\u5e97\u9752\u5c9b\u80f6\u5dde\u706b\u8f66\u7ad9\u5e97", "order_time": ["2019-01-10 07:28:27"], "total_order": 1, "hotel_value": ["4.8"], "hotel_price": ["66"]}, "2310159": {"hotel_name": "\u90fd\u5e02118(\u9752\u5c9b\u8fbd\u9633\u897f\u8def\u6d6e\u5c71\u540e\u5e97)", "order_time": ["2019-01-10 07:29:24"], "total_order": 1, "hotel_value": ["4.5"], "hotel_price": ["89"]}, "1728930": {"hotel_name": "\u83b1\u897f\u8c6a\u90a6\u5ea6\u5047\u6751", "order_time": ["2019-01-10 07:30:27", "2019-01-10 07:34:50"], "total_order": 2, "hotel_value": ["4.3", "4.3"], "hotel_price": ["370", "370"]}, "2301117": {"hotel_name": "\u9752\u5c9b\u7ea2\u4e09\u6c5f\u5546\u52a1\u5bbe\u9986", "order_time": ["2019-01-10 07:31:50"], "total_order": 1, "hotel_value": ["4.5"], "hotel_price": ["107"]}, "6039985": {"hotel_name": "\u9752\u5c9b\u771f\u8bda\u4f73\u9a7f\u4e3b\u9898\u9152\u5e97", "order_time": ["2019-01-10 07:33:50"], "total_order": 1, "hotel_value": ["4.4"], "hotel_price": ["92"]}, "2163140": {"hotel_name": "\u83b1\u897f\u827e\u5ead\u5546\u52a1\u9152\u5e97", "order_time": ["2019-01-10 07:34:52"], "total_order": 1, "hotel_value": ["4.4"], "hotel_price": ["84"]}, "997909": {"hotel_name": "\u9752\u5c9b\u51ef\u83b1\u5927\u9152\u5e97", "order_time": ["2019-01-10 07:36:06"], "total_order": 1, "hotel_value": ["4.6"], "hotel_price": ["398"]}, "1348429": {"hotel_name": "\u5c1a\u5ba2\u4f18\u5feb\u6377\u9152\u5e97\uff08\u9752\u5c9b\u6808\u6865\u706b\u8f66\u7ad9\u5e97\uff09", "order_time": ["2019-01-10 07:36:09"], "total_order": 1, "hotel_value": ["3.8"], "hotel_price": ["54"]}, "700260": {"hotel_name": "\u9752\u5c9b\u9038\u4e91\u7cbe\u54c1\u9152\u5e97", "order_time": ["2019-01-10 07:36:11"], "total_order": 1, "hotel_value": ["4.5"], "hotel_price": ["159"]}, "1708181": {"hotel_name": "\u9752\u5c9b\u98ce\u5c1a\u00b7\u56db\u5b63\u5047\u65e5\u9152\u5e97(\u674e\u6751\u6b65\u884c\u8857\u5965\u514b\u65af\u5e7f\u573a\u5e97)", "order_time": ["2019-01-10 07:38:21"], "total_order": 1, "hotel_value": ["4.3"], "hotel_price": ["72"]}, "467216": {"hotel_name": "\u9752\u5c9b\u6d77\u666f\u82b1\u56ed\u5927\u9152\u5e97", "order_time": ["2019-01-10 07:38:24"], "total_order": 1, "hotel_value": ["4.8"], "hotel_price": ["595"]}, "1905455": {"hotel_name": "\u5c1a\u5ba2\u4f18\u5feb\u6377\u9152\u5e97(\u9752\u5c9b\u91d1\u6c99\u6ee9\u859b\u5bb6\u5c9b\u793a\u8303\u5c0f\u533a\u5e97)", "order_time": ["2019-01-10 07:38:29"], "total_order": 1, "hotel_value": ["4.3"], "hotel_price": ["76"]}, "669110": {"hotel_name": "\u9752\u5c9b\u5e7f\u4e1a\u9526\u6c5f\u5927\u9152\u5e97", "order_time": ["2019-01-10 07:38:31"], "total_order": 1, "hotel_value": ["4.6"], "hotel_price": ["400"]}, "2624847": {"hotel_name": "\u9752\u5c9b\u83ab\u4e3d\u00b7\u7cbe\u9009\u9152\u5e97", "order_time": ["2019-01-10 07:40:40"], "total_order": 1, "hotel_value": ["4.5"], "hotel_price": ["216"]}, "5673621": {"hotel_name": "\u90fd\u5e02118\u8fde\u9501\u9152\u5e97(\u9752\u5c9b\u4e1c\u5cb3\u4e2d\u8def\u9690\u73e0\u5730\u94c1\u7ad9\u5e97)(\u539f\u4e07\u8fbe\u8302\u4e1c\u65b9\u5f71\u90fd\u5e97)", "order_time": ["2019-01-10 07:40:46"], "total_order": 1, "hotel_value": ["4.8"], "hotel_price": ["99"]}, "801573": {"hotel_name": "\u9752\u5c9b\u5eb7\u5927\u8c6a\u751f\u5927\u9152\u5e97", "order_time": ["2019-01-10 07:42:58"], "total_order": 1, "hotel_value": ["4.7"], "hotel_price": ["394"]}, "995168": {"hotel_name": "\u94f6\u5ea7\u4f73\u9a7f\u9152\u5e97(\u5373\u58a8\u9e64\u5c71\u8def\u4f73\u4e50\u5bb6\u4e8c\u5e97)", "order_time": ["2019-01-10 07:45:21"], "total_order": 1, "hotel_value": ["4.3"], "hotel_price": ["71"]}, "451125": {"hotel_name": "\u90fd\u5e02118(\u9752\u5c9b\u4e95\u5188\u5c71\u8def\u5e97)", "order_time": ["2019-01-10 07:45:24"], "total_order": 1, "hotel_value": ["4.5"], "hotel_price": ["72"]}, "483417": {"hotel_name": "\u9752\u5c9b\u6d77\u90fd\u5927\u9152\u5e97", "order_time": ["2019-01-10 07:45:24"], "total_order": 1, "hotel_value": ["4.6"], "hotel_price": ["306"]}, "9736221": {"hotel_name": "\u9752\u5c9b\u5b9c\u5bb6\u5546\u52a1\u9152\u5e97(\u539f\u6b27\u98de\u8fde\u9501\u9152\u5e97)", "order_time": ["2019-01-10 07:45:31"], "total_order": 1, "hotel_value": ["4.6"], "hotel_price": ["78"]}, "428036": {"hotel_name": "\u5982\u5bb6\u5feb\u6377\u9152\u5e97(\u9752\u5c9b\u5c71\u4e1c\u8def\u4e2d\u592e\u5546\u52a1\u533a\u5e97)", "order_time": ["2019-01-10 07:45:36"], "total_order": 1, "hotel_value": ["4.3"], "hotel_price": ["110"]}, "2147568": {"hotel_name": "\u83b1\u897f\u534e\u73ba\u5927\u9152\u5e97", "order_time": ["2019-01-10 07:46:40"], "total_order": 1, "hotel_value": ["4.7"], "hotel_price": ["449"]}, "1526968": {"hotel_name": "\u80f6\u5dde\u5929\u559c\u9152\u5e97", "order_time": ["2019-01-10 07:59:28", "2019-01-10 07:46:41"], "total_order": 2, "hotel_value": ["4.3", "4.3"], "hotel_price": ["63", "63"]}, "18515525": {"hotel_name": "\u534a\u5c9b\u56fd\u9645\u9152\u5e97(\u9752\u5c9b\u674e\u6751\u5730\u94c1\u7ad9\u5e97)", "order_time": ["2019-01-10 07:47:33"], "total_order": 1, "hotel_value": ["4.6"], "hotel_price": ["208"]}, "4154655": {"hotel_name": "\u9752\u5c9b\u56db\u5b63\u6d77\u5cb8\u6d77\u666f\u5ea6\u5047\u516c\u5bd3", "order_time": ["2019-01-10 07:47:34"], "total_order": 1, "hotel_value": ["4.7"], "hotel_price": ["64"]}, "17097238": {"hotel_name": "\u9752\u5c9b\u798f\u745e\u767b\u9152\u5e97", "order_time": ["2019-01-10 07:47:34"], "total_order": 1, "hotel_value": ["4.5"], "hotel_price": ["95"]}, "1644328": {"hotel_name": "\u9752\u5c9b\u4e07\u79d1\u57ce\u56fd\u9645\u516c\u5bd3", "order_time": ["2019-01-10 07:47:35"], "total_order": 1, "hotel_value": ["4.2"], "hotel_price": ["188"]}, "1372825": {"hotel_name": "\u5982\u5bb6\u5feb\u6377\u9152\u5e97(\u9752\u5c9b\u674e\u6ca7\u4e5d\u6c34\u8def\u4e07\u8fbe\u5e7f\u573a\u5e97)", "order_time": ["2019-01-10 07:47:39"], "total_order": 1, "hotel_value": ["4.5"], "hotel_price": ["121"]}, "25270439": {"hotel_name": "\u9752\u5c9b\u673a\u573a\u4e16\u7eaa\u516c\u56ed\u4e9a\u6735\u9152\u5e97", "order_time": ["2019-01-10 07:47:40"], "total_order": 1, "hotel_value": ["4.9"], "hotel_price": ["286"]}, "700933": {"hotel_name": "678\u9152\u5e97(\u9752\u5c9b\u519c\u5927\u4e3b\u9898\u7cbe\u54c1\u5e97)", "order_time": ["2019-01-10 07:47:45"], "total_order": 1, "hotel_value": ["4.6"], "hotel_price": ["81"]}, "1826819": {"hotel_name": "\u9752\u5c9b\u6ee8\u6cb3\u540d\u8f69\u5546\u52a1\u5bbe\u9986\uff08\u68d8\u6d2a\u6ee9\u5e97\uff09", "order_time": ["2019-01-10 07:47:45"], "total_order": 1, "hotel_value": ["4.4"], "hotel_price": ["119"]}, "427967": {"hotel_name": "\u5982\u5bb6\u5feb\u6377\u9152\u5e97(\u9752\u5c9b\u6808\u6865\u706b\u8f66\u7ad9\u5e7f\u573a\u5e97)", "order_time": ["2019-01-10 07:47:57"], "total_order": 1, "hotel_value": ["4.2"], "hotel_price": ["86"]}, "2304470": {"hotel_name": "\u6fb3\u7433\u5546\u52a1\u5bbe\u9986(\u80f6\u5dde\u7687\u9a90\u5e97)", "order_time": ["2019-01-10 07:48:47"], "total_order": 1, "hotel_value": ["4.6"], "hotel_price": ["187"]}, "439559": {"hotel_name": "\u6606\u4ed1\u548c\u60a6\u5ea6\u5047\u9152\u5e97(\u9752\u5c9b\u5965\u5e06\u4e2d\u5fc3\u5e97)", "order_time": ["2019-01-10 07:49:45"], "total_order": 1, "hotel_value": ["4.3"], "hotel_price": ["247"]}, "393099": {"hotel_name": "\u9752\u5c9b\u5bcc\u529b\u827e\u7f8e\u9152\u5e97", "order_time": ["2019-01-10 07:49:50"], "total_order": 1, "hotel_value": ["4.6"], "hotel_price": ["600"]}, "7690235": {"hotel_name": "Q\u52a0\u00b7\u79a7\u60a6\u5047\u65e5\u9152\u5e97(\u9752\u5c9b\u706b\u8f66\u7ad9\u4e1c\u5e7f\u573a\u6808\u6865\u5e97)(\u539f\u9752\u5c9b\u79a7\u60a6\u5047\u65e5\u9152\u5e97)", "order_time": ["2019-01-10 07:49:52"], "total_order": 1, "hotel_value": ["4.5"], "hotel_price": ["99"]}, "1483944": {"hotel_name": "\u9752\u5c9b\u878d\u6d77\u4e16\u56ed\u9152\u5e97", "order_time": ["2019-01-10 07:49:58"], "total_order": 1, "hotel_value": ["4.7"], "hotel_price": ["308"]}, "4960015": {"hotel_name": "\u9526\u6c5f\u4e4b\u661f\u54c1\u5c1a(\u9752\u5c9b\u56fd\u9645\u4f1a\u5c55\u4e2d\u5fc3\u82d7\u5cad\u8def\u5e97)", "order_time": ["2019-01-10 07:49:59"], "total_order": 1, "hotel_value": ["4.5"], "hotel_price": ["141"]}, "446500": {"hotel_name": "\u7cbe\u9014\u9152\u5e97(\u9752\u5c9b\u56fd\u9645\u4f1a\u5c55\u4e2d\u5fc3\u5e97)(\u539f\u57ce\u5e02\u5bb6\u5546\u52a1\u9152\u5e97\u4f1a\u5c55\u4e2d\u5fc3\u5e97)", "order_time": ["2019-01-10 07:51:53"], "total_order": 1, "hotel_value": ["4.2"], "hotel_price": ["111"]}, "2132624": {"hotel_name": "\u5e73\u5ea6\u6613\u6377\u5047\u65e5\u9152\u5e97", "order_time": ["2019-01-10 07:53:37"], "total_order": 1, "hotel_value": ["4.0"], "hotel_price": ["80"]}, "2017994": {"hotel_name": "\u80f6\u5dde\u946b\u9f99\u5047\u65e5\u9152\u5e97\u6c7d\u8f66\u603b\u7ad9\u5e97", "order_time": ["2019-01-10 07:53:37"], "total_order": 1, "hotel_value": ["4.7"], "hotel_price": ["84"]}, "1373267": {"hotel_name": "\u5982\u5bb6\u5feb\u6377\u9152\u5e97(\u9752\u5c9b\u674e\u6751\u5730\u94c1\u7ad9\u6b65\u884c\u8857\u5e97)", "order_time": ["2019-01-10 07:54:11"], "total_order": 1, "hotel_value": ["4.6"], "hotel_price": ["98"]}, "690869": {"hotel_name": "\u6d3e\u67cf\u00b7\u4e91\u9152\u5e97(\u9752\u5c9b\u4f1a\u5c55\u4e2d\u5fc3\u77f3\u8001\u4eba\u5730\u94c1\u7ad9\u5e97)(\u539f\u62c9\u6590\u5c14\u5927\u9152\u5e97\u4f1a\u5c55\u4e2d\u5fc3\u77f3\u8001\u4eba\u6d77\u6c34\u6d74\u573a\u5e97)", "order_time": ["2019-01-10 07:54:11"], "total_order": 1, "hotel_value": ["4.0"], "hotel_price": ["90"]}, "1502061": {"hotel_name": "\u5982\u5bb6\u5feb\u6377\u9152\u5e97(\u9752\u5c9b\u674e\u6ca7\u5cf0\u5c71\u8def\u6b65\u884c\u8857\u5e97)", "order_time": ["2019-01-10 07:54:16"], "total_order": 1, "hotel_value": ["4.6"], "hotel_price": ["98"]}, "22673546": {"hotel_name": "\u9752\u5c9b\u65af\u7ef4\u767b\u5ea6\u5047\u516c\u5bd3(\u57ce\u9633\u533a\u653f\u5e9c)", "order_time": ["2019-01-10 07:54:19", "2019-01-10 08:00:37"], "total_order": 2, "hotel_value": ["4.8", "4.8"], "hotel_price": ["123", "123"]}, "442301": {"hotel_name": "\u90fd\u5e02118(\u9752\u5c9b\u5d02\u5c71\u4f1a\u5c55\u4e2d\u5fc3\u5730\u94c1\u7ad9\u5e97)", "order_time": ["2019-01-10 07:56:21"], "total_order": 1, "hotel_value": ["4.4"], "hotel_price": ["97"]}, "1219329": {"hotel_name": "\u9752\u5c9b\u5370\u8c61\u4fbf\u6377\u8fde\u9501\u9152\u5e97", "order_time": ["2019-01-10 07:56:28"], "total_order": 1, "hotel_value": ["4.7"], "hotel_price": ["57"]}, "2619565": {"hotel_name": "\u5982\u5bb6\u5feb\u6377\u9152\u5e97(\u9752\u5c9b\u56fd\u9645\u4f1a\u5c55\u4e2d\u5fc3\u682a\u6d32\u8def\u9ad8\u79d1\u56ed\u5e97)", "order_time": ["2019-01-10 07:56:30"], "total_order": 1, "hotel_value": ["4.3"], "hotel_price": ["105"]}, "1411642": {"hotel_name": "\u83ab\u4e3d\u7cbe\u54c1\u8fde\u9501\u9152\u5e97(\u9752\u5c9b\u91d1\u6c99\u6ee9\u5e97)", "order_time": ["2019-01-10 07:56:33"], "total_order": 1, "hotel_value": ["3.6"], "hotel_price": ["55"]}, "8575831": {"hotel_name": "\u5c1a\u5ba2\u4f18\u7cbe\u9009\u9152\u5e97(\u9752\u5c9b\u57ce\u9633\u5229\u7fa4\u5e97)", "order_time": ["2019-01-10 07:56:45"], "total_order": 1, "hotel_value": ["4.7"], "hotel_price": ["170"]}, "5226837": {"hotel_name": "\u9752\u5c9b\u68a7\u6850\u6811\u7cbe\u54c1\u9152\u5e97", "order_time": ["2019-01-10 07:58:30"], "total_order": 1, "hotel_value": ["4.5"], "hotel_price": ["72"]}, "443641": {"hotel_name": "\u9752\u5c9b\u91d1\u6d77\u5927\u9152\u5e97", "order_time": ["2019-01-10 07:58:32"], "total_order": 1, "hotel_value": ["4.4"], "hotel_price": ["186"]}, "1183363": {"hotel_name": "\u9752\u5c9b\u6052\u661f\u5927\u9152\u5e97", "order_time": ["2019-01-10 07:58:32"], "total_order": 1, "hotel_value": ["4.4"], "hotel_price": ["256"]}, "1697366": {"hotel_name": "\u90fd\u5e02118(\u9752\u5c9b\u674e\u6ca7\u5e7f\u573a\u5730\u94c1\u7ad9\u5e97)", "order_time": ["2019-01-10 07:58:32"], "total_order": 1, "hotel_value": ["4.6"], "hotel_price": ["99"]}, "19828310": {"hotel_name": "\u62dc\u767b\u516c\u5bd3\u00b7\u9752\u5c9b\u57ce\u9633\u6b63\u9633\u8def\u5e97", "order_time": ["2019-01-10 07:58:32"], "total_order": 1, "hotel_value": ["4.7"], "hotel_price": ["119"]}, "2265976": {"hotel_name": "\u4eac\u82d1\u667a\u5c1a\u8bbe\u8ba1\u9152\u5e97(\u9752\u5c9b\u9999\u6e2f\u4e2d\u8def\u5e97)", "order_time": ["2019-01-10 07:58:35"], "total_order": 1, "hotel_value": ["4.6"], "hotel_price": ["124"]}, "7921978": {"hotel_name": "\u9752\u5c9b\u91d1\u9c7c\u9152\u5e97\u516c\u5bd3", "order_time": ["2019-01-10 07:58:36"], "total_order": 1, "hotel_value": ["4.6"], "hotel_price": ["150"]}, "2140433": {"hotel_name": "\u683c\u6797\u8054\u76df\u9152\u5e97(\u9752\u5c9b\u4e50\u5ba2\u57ce\u674e\u6751\u5730\u94c1\u7ad9\u5e97)", "order_time": ["2019-01-10 07:58:38"], "total_order": 1, "hotel_value": ["4.4"], "hotel_price": ["98"]}, "21807735": {"hotel_name": "\u5f71\u5de2\u7535\u5f71\u9152\u5e97(\u9752\u5c9b\u56db\u680b\u4e5d\u4e8c\u96f6\u5e97)", "order_time": ["2019-01-10 08:00:33"], "total_order": 1, "hotel_value": ["4.8"], "hotel_price": ["146"]}, "443607": {"hotel_name": "\u9752\u5c9b\u6052\u90fd\u884c\u653f\u9152\u5e97", "order_time": ["2019-01-10 08:00:36"], "total_order": 1, "hotel_value": ["4.1"], "hotel_price": ["81"]}, "1573833": {"hotel_name": "\u83b1\u897f\u534e\u5fa1\u5546\u52a1\u9152\u5e97", "order_time": ["2019-01-10 08:01:56"], "total_order": 1, "hotel_value": ["4.7"], "hotel_price": ["71"]}, "6173744": {"hotel_name": "\u5e73\u5ea6\u534e\u73ba\u5927\u9152\u5e97", "order_time": ["2019-01-10 08:02:04"], "total_order": 1, "hotel_value": ["4.7"], "hotel_price": ["349"]}}}