{"\u5f00\u59cb\u8bb0\u5f55\u65f6\u95f4": "2019-01-09 10:33:14", "\u7ed3\u675f\u8bb0\u5f55\u65f6\u95f4": "2019-01-09 11:33:14", "\u8ba2\u5355\u603b\u589e\u91cf": 372, "item": {"467216": {"hotel_name": "\u9752\u5c9b\u6d77\u666f\u82b1\u56ed\u5927\u9152\u5e97", "order_time": ["2019-01-09 10:59:26", "2019-01-09 10:35:29"], "total_order": 2, "hotel_value": ["4.8", "4.8"], "hotel_price": ["621", "621"]}, "485385": {"hotel_name": "\u9752\u5c9b\u591a\u7459\u6cb3\u56fd\u9645\u5927\u9152\u5e97", "order_time": ["2019-01-09 10:35:30"], "total_order": 1, "hotel_value": ["4.4"], "hotel_price": ["245"]}, "997909": {"hotel_name": "\u9752\u5c9b\u51ef\u83b1\u5927\u9152\u5e97", "order_time": ["2019-01-09 10:35:30", "2019-01-09 11:19:24", "2019-01-09 11:03:26", "2019-01-09 10:49:25"], "total_order": 4, "hotel_value": ["4.6", "4.6", "4.6", "4.6"], "hotel_price": ["408", "408", "398", "398"]}, "514315": {"hotel_name": "\u9752\u5c9b\u5f97\u5b9d\u6e7e\u6d77\u666f\u5927\u9152\u5e97", "order_time": ["2019-01-09 10:35:30", "2019-01-09 10:57:30"], "total_order": 2, "hotel_value": ["4.2", "4.2"], "hotel_price": ["329", "329"]}, "2237858": {"hotel_name": "\u90fd\u5e02118(\u9752\u5c9b\u6808\u6865\u706b\u8f66\u7ad9\u5e97)", "order_time": ["2019-01-09 10:35:32"], "total_order": 1, "hotel_value": ["4.1"], "hotel_price": ["52"]}, "5463838": {"hotel_name": "\u9752\u5c9b\u7761\u673a\u573a\u9152\u5e97", "order_time": ["2019-01-09 10:47:25", "2019-01-09 10:35:32"], "total_order": 2, "hotel_value": ["4.3", "4.3"], "hotel_price": ["160", "160"]}, "5982951": {"hotel_name": "\u9752\u5c9b\u6d77\u5cb3\u4e00\u5bb6\u5ea6\u5047\u9152\u5e97(\u4e1c\u65b9\u5f71\u90fd\u5e97)", "order_time": ["2019-01-09 10:35:33"], "total_order": 1, "hotel_value": ["4.7"], "hotel_price": ["250"]}, "1209773": {"hotel_name": "\u9752\u5c9b\u71d5\u5c9b\u4e4b\u661f\u5047\u65e5\u516c\u5bd3", "order_time": ["2019-01-09 10:35:33"], "total_order": 1, "hotel_value": ["4.6"], "hotel_price": ["83"]}, "994246": {"hotel_name": "\u5982\u5bb6\u5feb\u6377\u9152\u5e97(\u5373\u58a8\u84dd\u9ccc\u8def\u5b9d\u9f99\u5e7f\u573a\u5e97)", "order_time": ["2019-01-09 10:35:33"], "total_order": 1, "hotel_value": ["4.5"], "hotel_price": ["98"]}, "1199523": {"hotel_name": "\u4e50\u5bb6\u8f69\u96c5\u81f4\u7cbe\u9009\u516c\u5bd3(\u9752\u5c9b\u5965\u5e06\u4e94\u56db\u5e7f\u573a\u5e97)", "order_time": ["2019-01-09 10:35:33"], "total_order": 1, "hotel_value": ["4.5"], "hotel_price": ["172"]}, "795034": {"hotel_name": "\u9752\u5c9b\u4e03\u5f69\u8272\u5bbe\u9986", "order_time": ["2019-01-09 10:35:36"], "total_order": 1, "hotel_value": [0], "hotel_price": ["80"]}, "2083026": {"hotel_name": "\u591a\u7ef4\u7cbe\u54c1\u9152\u5e97(\u5e73\u5ea6\u5e97)", "order_time": ["2019-01-09 10:36:29"], "total_order": 1, "hotel_value": ["4.1"], "hotel_price": ["111"]}, "1730433": {"hotel_name": "\u9752\u5c9b\u4e16\u7f18\u60c5\u5047\u65e5\u9152\u5e97", "order_time": ["2019-01-09 10:37:33"], "total_order": 1, "hotel_value": ["4.5"], "hotel_price": ["158"]}, "425590": {"hotel_name": "\u9752\u5c9b\u946b\u6c5f\u6e29\u5fb7\u59c6\u9152\u5e97", "order_time": ["2019-01-09 10:37:34", "2019-01-09 10:47:27"], "total_order": 2, "hotel_value": ["4.8", "4.8"], "hotel_price": ["538", "538"]}, "1181680": {"hotel_name": "\u9752\u5c9b\u65af\u7ef4\u767b\u5ea6\u5047\u516c\u5bd3(\u4e07\u79d1\u91d1\u8272\u5e7f\u573a)", "order_time": ["2019-01-09 10:37:34"], "total_order": 1, "hotel_value": ["4.5"], "hotel_price": ["131"]}, "1700586": {"hotel_name": "\u901f8\u9152\u5e97(\u9752\u5c9b\u80f6\u5357\u65b0\u6c7d\u8f66\u7ad9\u5e97)", "order_time": ["2019-01-09 10:37:36"], "total_order": 1, "hotel_value": ["4.6"], "hotel_price": ["79"]}, "5264336": {"hotel_name": "\u9e92\u97f5\u516c\u5bd3(\u9752\u5c9b\u4e07\u8c61\u57ce\u4e94\u56db\u5e7f\u573a\u5965\u5e06\u4e2d\u5fc3\u5e97)", "order_time": ["2019-01-09 11:11:24", "2019-01-09 10:37:36", "2019-01-09 11:11:47"], "total_order": 3, "hotel_value": ["4.8", "4.8", "4.8"], "hotel_price": ["238", "238", "238"]}, "371188": {"hotel_name": "\u9752\u5c9b\u9890\u4e2d\u7687\u51a0\u5047\u65e5\u9152\u5e97", "order_time": ["2019-01-09 11:05:25", "2019-01-09 10:37:36"], "total_order": 2, "hotel_value": ["4.5", "4.5"], "hotel_price": ["592", "592"]}, "5482127": {"hotel_name": "\u9752\u5c9b\u51ef\u745f\u7433\u5ea6\u5047\u516c\u5bd3(\u539f\u51ef\u6492\u7cbe\u54c1\u590d\u5f0f\u5957\u623f)", "order_time": ["2019-01-09 10:37:37"], "total_order": 1, "hotel_value": ["4.5"], "hotel_price": ["78"]}, "428001": {"hotel_name": "\u5982\u5bb6\u5feb\u6377\u9152\u5e97(\u9752\u5c9b\u57ce\u9633\u6625\u9633\u8def\u519c\u4e1a\u5927\u5b66\u5e97)", "order_time": ["2019-01-09 10:49:27", "2019-01-09 11:29:26", "2019-01-09 10:37:37"], "total_order": 3, "hotel_value": ["4.6", "4.6", "4.6"], "hotel_price": ["137", "137", "137"]}, "5266537": {"hotel_name": "\u5c1a\u5ba2\u4f18\u5feb\u6377\u9152\u5e97(\u9752\u5c9b\u5f00\u53d1\u533a\u9999\u6c5f\u4e8c\u8def\u5e97)", "order_time": ["2019-01-09 10:37:38"], "total_order": 1, "hotel_value": ["4.5"], "hotel_price": ["99"]}, "1645358": {"hotel_name": "\u81ea\u7531\u884c\u9752\u5e74\u65c5\u793e(\u9752\u5c9b\u6808\u6865\u706b\u8f66\u7ad9\u5e97)", "order_time": ["2019-01-09 10:37:38", "2019-01-09 10:57:27", "2019-01-09 10:47:24"], "total_order": 3, "hotel_value": ["4.6", "4.6", "4.6"], "hotel_price": ["17", "17", "17"]}, "8531362": {"hotel_name": "\u9752\u5c9b\u6c11\u56fd\u9152\u5e97", "order_time": ["2019-01-09 10:37:39"], "total_order": 1, "hotel_value": ["4.8"], "hotel_price": ["220"]}, "1886446": {"hotel_name": "\u7231\u820d\u7a7a\u95f4\u5546\u52a1\u9152\u5e97(\u9752\u5c9b\u5c1a\u6ea2\u5e97)", "order_time": ["2019-01-09 10:37:43", "2019-01-09 11:23:24"], "total_order": 2, "hotel_value": ["4.5", "4.5"], "hotel_price": ["93", "93"]}, "6273850": {"hotel_name": "\u7eff\u5cf0\u96c5\u9601\u5ea6\u5047\u516c\u5bd3(\u9752\u5c9b\u4e94\u56db\u5e7f\u573a\u4e07\u8c61\u57ce\u5e97)", "order_time": ["2019-01-09 10:38:31"], "total_order": 1, "hotel_value": ["4.8"], "hotel_price": ["225"]}, "371190": {"hotel_name": "\u9752\u5c9b\u9999\u683c\u91cc\u62c9\u5927\u9152\u5e97", "order_time": ["2019-01-09 11:19:26", "2019-01-09 10:39:26"], "total_order": 2, "hotel_value": ["4.7", "4.7"], "hotel_price": ["748", "748"]}, "5896610": {"hotel_name": "\u9752\u5c9b\u6d77\u8fb9\u4eba\u5bb6\u6d77\u666f\u5ea6\u5047\u516c\u5bd3\u4e2d\u8054\u81ea\u7531\u6e2f\u6e7e\u5e97", "order_time": ["2019-01-09 10:39:26"], "total_order": 1, "hotel_value": ["4.6"], "hotel_price": ["54"]}, "3725612": {"hotel_name": "\u9752\u5c9b\u5026\u9e1f\u9152\u5e97", "order_time": ["2019-01-09 10:39:27"], "total_order": 1, "hotel_value": ["4.7"], "hotel_price": ["184"]}, "438764": {"hotel_name": "\u9752\u5c9b\u56fd\u4fe1\u6d77\u5929\u5927\u5267\u9662\u9152\u5e97", "order_time": ["2019-01-09 11:11:27", "2019-01-09 11:03:26", "2019-01-09 10:39:29", "2019-01-09 10:53:25"], "total_order": 4, "hotel_value": ["4.7", "4.7", "4.7", "4.7"], "hotel_price": ["328", "328", "328", "328"]}, "5466788": {"hotel_name": "\u82b1\u6eaa\u82b1\u56ed\u9152\u5e97(\u9752\u5c9b\u6d41\u4ead\u673a\u573a\u5e97)", "order_time": ["2019-01-09 10:57:30", "2019-01-09 10:39:29", "2019-01-09 11:05:24", "2019-01-09 10:47:28", "2019-01-09 11:19:24"], "total_order": 5, "hotel_value": ["4.5", "4.5", "4.5", "4.5", "4.5"], "hotel_price": ["198", "198", "198", "198", "198"]}, "1568373": {"hotel_name": "\u9752\u5c9b\u94c2\u91d1\u4e3b\u9898\u9152\u5e97(\u674e\u6751\u6b65\u884c\u8857\u5e97)", "order_time": ["2019-01-09 11:01:26", "2019-01-09 10:39:29"], "total_order": 2, "hotel_value": ["3.7", "3.7"], "hotel_price": ["62", "62"]}, "1373267": {"hotel_name": "\u5982\u5bb6\u5feb\u6377\u9152\u5e97(\u9752\u5c9b\u674e\u6751\u5730\u94c1\u7ad9\u6b65\u884c\u8857\u5e97)", "order_time": ["2019-01-09 10:39:30"], "total_order": 1, "hotel_value": ["4.6"], "hotel_price": ["98"]}, "2298663": {"hotel_name": "\u7231\u5c0a\u5ba2\u9152\u5e97(\u9752\u5c9b\u4e94\u56db\u5e7f\u573a\u9999\u6e2f\u4e2d\u8def\u5e97)", "order_time": ["2019-01-09 10:47:24", "2019-01-09 10:39:31"], "total_order": 2, "hotel_value": ["4.6", "4.6"], "hotel_price": ["121", "121"]}, "791367": {"hotel_name": "\u9752\u5c9b\u8bc1\u5927\u559c\u739b\u62c9\u96c5\u9152\u5e97", "order_time": ["2019-01-09 10:59:29", "2019-01-09 10:39:31"], "total_order": 2, "hotel_value": ["4.6", "4.6"], "hotel_price": ["602", "602"]}, "27711969": {"hotel_name": "\u9752\u5c9b\u9ed1\u9f99\u6c5f\u4e2d\u8def\u4e9a\u6735\u9152\u5e97", "order_time": ["2019-01-09 10:39:31"], "total_order": 1, "hotel_value": ["4.9"], "hotel_price": ["292"]}, "6448671": {"hotel_name": "\u9752\u5c9b\u6829\u9732\u6d77\u666f\u5ea6\u5047\u516c\u5bd3", "order_time": ["2019-01-09 10:39:32"], "total_order": 1, "hotel_value": ["4.6"], "hotel_price": ["74"]}, "2624572": {"hotel_name": "\u9752\u5c9b\u6b22\u989c\u9752\u5e74\u6d77\u666f\u516c\u5bd3(\u539f\u9752\u5ef7\u592a\u7a7a\u8231\u9752\u65c5\u516c\u5bd3\u9152\u5e97)", "order_time": ["2019-01-09 10:39:35"], "total_order": 1, "hotel_value": ["4.7"], "hotel_price": ["30"]}, "1871054": {"hotel_name": "\u94c2\u6e2f\u6d77\u666f\u5ea6\u5047\u516c\u5bd3(\u9752\u5c9b\u90a3\u9c81\u6e7e\u5e97)", "order_time": ["2019-01-09 10:39:40"], "total_order": 1, "hotel_value": ["4.3"], "hotel_price": ["98"]}, "6833009": {"hotel_name": "\u9752\u5c9b\u7cd6\u679c\u513f\u9752\u5e74\u65c5\u820d", "order_time": ["2019-01-09 10:39:40"], "total_order": 1, "hotel_value": [0], "hotel_price": ["54"]}, "4677001": {"hotel_name": "\u9752\u5c9b\u5357\u65b9\u6d77\u5cb8\u5ea6\u5047\u9152\u5e97", "order_time": ["2019-01-09 10:41:24"], "total_order": 1, "hotel_value": ["4.6"], "hotel_price": ["68"]}, "1562201": {"hotel_name": "\u5c1a\u5ba2\u4f18\u9a8f\u6021\u8fde\u9501\u9152\u5e97(\u9752\u5c9b\u9ec4\u5c9b\u6c7d\u8f66\u7ad9\u77f3\u6cb9\u5927\u5b66\u5e97)", "order_time": ["2019-01-09 10:41:25", "2019-01-09 11:01:25"], "total_order": 2, "hotel_value": ["4.3", "4.3"], "hotel_price": ["74", "99"]}, "455030": {"hotel_name": "\u6c49\u5ead\u9152\u5e97\uff08\u9752\u5c9b\u5ef6\u5b89\u4e09\u8def\u829d\u6cc9\u8def\u5730\u94c1\u7ad9\u5e97\uff09\uff08\u539f\u9999\u6e2f\u4e2d\u8def\u5e97\uff09", "order_time": ["2019-01-09 10:41:25"], "total_order": 1, "hotel_value": ["4.1"], "hotel_price": ["139"]}, "6608537": {"hotel_name": "\u6854\u5b50\u9152\u5e97\u00b7\u7cbe\u9009(\u9752\u5c9b\u56db\u6d41\u5357\u8def\u5e97)", "order_time": ["2019-01-09 10:41:28"], "total_order": 1, "hotel_value": ["4.9"], "hotel_price": ["275"]}, "1815658": {"hotel_name": "\u5723\u5fb7\u5c45\u5546\u52a1\u9152\u5e97(\u9752\u5c9b\u706b\u8f66\u5317\u7ad9\u5e97)", "order_time": ["2019-01-09 10:41:32", "2019-01-09 11:01:25"], "total_order": 2, "hotel_value": ["4.4", "4.4"], "hotel_price": ["108", "108"]}, "19438626": {"hotel_name": "\u65af\u7ef4\u767b\u5ea6\u5047\u516c\u5bd3(\u9752\u5c9b\u91d1\u6c99\u6ee9\u540d\u5609\u56fd\u9645)", "order_time": ["2019-01-09 11:19:25", "2019-01-09 10:41:35"], "total_order": 2, "hotel_value": ["4.7", "4.7"], "hotel_price": ["189", "189"]}, "1272884": {"hotel_name": "\u83b1\u897f\u60a6\u6d77\u559c\u6765\u9152\u5e97", "order_time": ["2019-01-09 10:42:04"], "total_order": 1, "hotel_value": ["4.4"], "hotel_price": ["292"]}, "4335047": {"hotel_name": "\u9752\u5c9b\u4e09\u5229\u83ab\u4e3d\u65af\u5927\u9152\u5e97", "order_time": ["2019-01-09 10:43:25"], "total_order": 1, "hotel_value": ["4.6"], "hotel_price": ["582"]}, "1483944": {"hotel_name": "\u9752\u5c9b\u878d\u6d77\u4e16\u56ed\u9152\u5e97", "order_time": ["2019-01-09 10:43:25"], "total_order": 1, "hotel_value": ["4.7"], "hotel_price": ["308"]}, "5673703": {"hotel_name": "\u9752\u5c9b\u673a\u573a\u5bcc\u534e\u9152\u5e97(\u9999\u6e2f\u4e2d\u8def\u5e97)", "order_time": ["2019-01-09 10:43:25", "2019-01-09 10:49:26"], "total_order": 2, "hotel_value": ["4.5", "4.5"], "hotel_price": ["212", "212"]}, "5024700": {"hotel_name": "\u9752\u5c9b\u591a\u60a6\u9152\u5e97", "order_time": ["2019-01-09 10:43:26"], "total_order": 1, "hotel_value": ["4.4"], "hotel_price": ["94"]}, "438731": {"hotel_name": "\u4e2d\u822a\u7fd4\u901a\u6e38\u8247\u4f1a\u9152\u5e97(\u9752\u5c9b\u5965\u5e06\u4e2d\u5fc3\u4e94\u56db\u5e7f\u573a\u5e97)", "order_time": ["2019-01-09 11:29:26", "2019-01-09 11:11:47", "2019-01-09 10:43:27"], "total_order": 3, "hotel_value": ["4.8", "4.8", "4.8"], "hotel_price": ["326", "326", "326"]}, "1183363": {"hotel_name": "\u9752\u5c9b\u6052\u661f\u5927\u9152\u5e97", "order_time": ["2019-01-09 10:55:25", "2019-01-09 10:43:28", "2019-01-09 10:49:25", "2019-01-09 10:51:26", "2019-01-09 11:07:27"], "total_order": 5, "hotel_value": ["4.4", "4.4", "4.4", "4.4", "4.4"], "hotel_price": ["256", "256", "256", "256", "256"]}, "25557473": {"hotel_name": "\u9752\u5c9b\u68e0\u66fc\u9152\u5e97", "order_time": ["2019-01-09 10:43:29", "2019-01-09 11:29:26"], "total_order": 2, "hotel_value": ["4.6", "4.6"], "hotel_price": ["151", "151"]}, "5463909": {"hotel_name": "\u9752\u5c9b\u8fd0\u6cf0\u5927\u9152\u5e97\uff08\u5d02\u5c71\u4f1a\u5c55\u4e2d\u5fc3\u5e97\uff09", "order_time": ["2019-01-09 10:43:31", "2019-01-09 11:13:23", "2019-01-09 10:49:25"], "total_order": 3, "hotel_value": ["4.5", "4.5", "4.5"], "hotel_price": ["90", "90", "90"]}, "4363980": {"hotel_name": "\u540e\u6d77\u84dd\u6e7e\u5feb\u6377\u9152\u5e97(\u9752\u5c9b\u706b\u8f66\u5317\u7ad9\u5e97)", "order_time": ["2019-01-09 10:43:31"], "total_order": 1, "hotel_value": ["4.1"], "hotel_price": ["74"]}, "27854182": {"hotel_name": "\u9752\u5c9b\u552f\u60a6\u7cbe\u54c1\u516c\u5bd3", "order_time": ["2019-01-09 10:43:33", "2019-01-09 10:49:31", "2019-01-09 11:15:28"], "total_order": 3, "hotel_value": [0, 0, 0], "hotel_price": ["73", "73", "73"]}, "440316": {"hotel_name": "\u9752\u5c9b\u56db\u65b9\u5927\u9152\u5e97", "order_time": ["2019-01-09 10:45:24"], "total_order": 1, "hotel_value": ["4.4"], "hotel_price": ["83"]}, "446001": {"hotel_name": "\u5b9d\u60a6\u7ba1\u5bb6\u5f0f\u670d\u52a1\u516c\u5bd3(\u9752\u5c9b\u5564\u9152\u57ce\u4f1a\u5c55\u4e2d\u5fc3\u5e97)", "order_time": ["2019-01-09 10:45:24"], "total_order": 1, "hotel_value": ["4.2"], "hotel_price": ["82"]}, "21818448": {"hotel_name": "\u9752\u5c9b\u89c5\u5c71\u871c\u6d77\u6d77\u666f\u522b\u5885", "order_time": ["2019-01-09 10:45:24"], "total_order": 1, "hotel_value": ["4.9"], "hotel_price": ["290"]}, "2506339": {"hotel_name": "\u62dc\u767b\u516c\u5bd3\u00b7\u9752\u5c9b\u5d02\u5c71\u9e4f\u5229\u5357\u534e\u5e97", "order_time": ["2019-01-09 10:45:24"], "total_order": 1, "hotel_value": ["4.5"], "hotel_price": ["134"]}, "752756": {"hotel_name": "\u9752\u5c9b\u897f\u6d77\u5cb8\u9890\u745e\u51ef\u83b1\u9152\u5e97", "order_time": ["2019-01-09 10:45:26"], "total_order": 1, "hotel_value": ["4.6"], "hotel_price": ["308"]}, "20028061": {"hotel_name": "\u7eff\u5cf0\u96c5\u9601\u5ea6\u5047\u516c\u5bd3(\u9752\u5c9b\u4f1a\u5c55\u4e2d\u5fc3\u77f3\u8001\u4eba\u6d77\u6c34\u6d74\u573a\u5e97)", "order_time": ["2019-01-09 10:45:26", "2019-01-09 10:51:26"], "total_order": 2, "hotel_value": ["4.8", "4.8"], "hotel_price": ["209", "209"]}, "449574": {"hotel_name": "\u9752\u5c9b\u996d\u5e97", "order_time": ["2019-01-09 10:45:27"], "total_order": 1, "hotel_value": ["4.1"], "hotel_price": ["201"]}, "24055729": {"hotel_name": "\u5c1a\u5ba2\u4f18\u7cbe\u9009\u9152\u5e97(\u9752\u5c9b\u4e94\u56db\u5e7f\u573a\u5965\u5e06\u5e97)", "order_time": ["2019-01-09 11:29:28", "2019-01-09 10:45:27"], "total_order": 2, "hotel_value": ["4.7", "4.7"], "hotel_price": ["122", "122"]}, "459120": {"hotel_name": "\u6c49\u5ead\u9152\u5e97(\u9752\u5c9b\u5f00\u53d1\u533a\u5c71\u79d1\u5927\u5e97)", "order_time": ["2019-01-09 10:45:28"], "total_order": 1, "hotel_value": ["4.3"], "hotel_price": ["116"]}, "4154655": {"hotel_name": "\u9752\u5c9b\u56db\u5b63\u6d77\u5cb8\u6d77\u666f\u5ea6\u5047\u516c\u5bd3", "order_time": ["2019-01-09 10:45:28"], "total_order": 1, "hotel_value": ["4.7"], "hotel_price": ["64"]}, "449124": {"hotel_name": "\u7ea2\u65e5\u5bbe\u9986(\u9752\u5c9b\u77f3\u8001\u4eba\u5e97)", "order_time": ["2019-01-09 10:45:31"], "total_order": 1, "hotel_value": ["3.4"], "hotel_price": ["57"]}, "6508376": {"hotel_name": "\u6155\u820d\u00b7\u8d1d\u683c\u9152\u5e97\u516c\u5bd3(\u9752\u5c9b\u4e07\u8c61\u57ce\u5965\u5e06\u4e94\u56db\u5e7f\u573a\u5e97)", "order_time": ["2019-01-09 10:46:06"], "total_order": 1, "hotel_value": ["4.9"], "hotel_price": ["238"]}, "27352149": {"hotel_name": "\u9752\u5c9b\u5e02\u84dd\u6e7e\u5ba2\u805a\u5546\u52a1\u5bbe\u9986", "order_time": ["2019-01-09 10:46:07"], "total_order": 1, "hotel_value": [0], "hotel_price": ["128"]}, "5318261": {"hotel_name": "\u6d77\u90b8\u4f18\u820d\u7cbe\u54c1\u9152\u5e97(\u9752\u5c9b\u6808\u6865\u706b\u8f66\u7ad9\u5e97)", "order_time": ["2019-01-09 10:47:27"], "total_order": 1, "hotel_value": ["4.7"], "hotel_price": ["72"]}, "443607": {"hotel_name": "\u9752\u5c9b\u6052\u90fd\u884c\u653f\u9152\u5e97", "order_time": ["2019-01-09 10:47:28"], "total_order": 1, "hotel_value": ["4.1"], "hotel_price": ["81"]}, "6335395": {"hotel_name": "\u6e29\u99a8\u5bb6\u5ead\u65e5\u79df\u623f(\u9752\u5c9b\u5982\u610f\u5927\u53a6\u5e97)", "order_time": ["2019-01-09 10:47:29"], "total_order": 1, "hotel_value": ["4.4"], "hotel_price": ["27"]}, "1774898": {"hotel_name": "\u6c49\u5ead\u9152\u5e97(\u9752\u5c9b\u706b\u8f66\u5317\u7ad9\u5e97)", "order_time": ["2019-01-09 10:47:31"], "total_order": 1, "hotel_value": ["4.3"], "hotel_price": ["159"]}, "1999704": {"hotel_name": "\u6d77\u541b\u5e9c\u7cbe\u54c1\u9152\u5e97(\u9752\u5c9b\u7535\u5b50\u4fe1\u606f\u57ce\u79d1\u6280\u8857\u5e97)", "order_time": ["2019-01-09 10:47:52"], "total_order": 1, "hotel_value": ["4.5"], "hotel_price": ["95"]}, "5074647": {"hotel_name": "\u83b1\u897f\u6b63\u987a\u5546\u52a1\u5bbe\u9986", "order_time": ["2019-01-09 10:48:02"], "total_order": 1, "hotel_value": [0], "hotel_price": ["42"]}, "4640468": {"hotel_name": "\u6b27\u5723\u5170\u5ef7\u5ea6\u5047\u516c\u5bd3(\u9752\u5c9b\u4e07\u8fbe\u4e1c\u65b9\u5f71\u90fd\u5e97)", "order_time": ["2019-01-09 10:49:24"], "total_order": 1, "hotel_value": ["4.5"], "hotel_price": ["88"]}, "994086": {"hotel_name": "\u5982\u5bb6\u5feb\u6377\u9152\u5e97(\u9752\u5c9b\u6d77\u5c14\u8def\u5730\u94c1\u7ad9\u9752\u5c71\u8def\u5e97)", "order_time": ["2019-01-09 10:49:25"], "total_order": 1, "hotel_value": ["4.5"], "hotel_price": ["100"]}, "25586200": {"hotel_name": "\u5b63\u5bb6\u516c\u5bd3(\u9752\u5c9bCBD\u5357\u4eac\u8def\u5e97)", "order_time": ["2019-01-09 10:49:26"], "total_order": 1, "hotel_value": ["4.8"], "hotel_price": ["104"]}, "10186829": {"hotel_name": "\u9526\u6c5f\u90fd\u57ce(\u9752\u5c9b\u65b0\u90fd\u5fc3\u5e97)", "order_time": ["2019-01-09 11:17:25", "2019-01-09 10:49:27"], "total_order": 2, "hotel_value": ["4.6", "4.6"], "hotel_price": ["254", "254"]}, "3265800": {"hotel_name": "\u9752\u5c9b\u90a3\u9c81\u6e7e\u6d77\u666f\u5ea6\u5047\u516c\u5bd3", "order_time": ["2019-01-09 10:49:28", "2019-01-09 10:59:31"], "total_order": 2, "hotel_value": ["4.7", "4.7"], "hotel_price": ["114", "114"]}, "1872002": {"hotel_name": "\u9752\u6e38\u8bb0(\u81ea\u7531\u884c\u65d7\u8230)\u56fd\u9645\u9752\u5e74\u65c5\u820d(\u9752\u5c9b\u706b\u8f66\u7ad9\u6808\u6865\u5288\u67f4\u9662\u4e2d\u5c71\u8def\u5e97)", "order_time": ["2019-01-09 10:49:28", "2019-01-09 11:31:24", "2019-01-09 11:13:25"], "total_order": 3, "hotel_value": ["4.8", "4.8", "4.8"], "hotel_price": ["9", "9", "9"]}, "2309481": {"hotel_name": "\u5c1a\u5ba2\u4f18\u9a8f\u6021\u57ce\u9645\u9152\u5e97(\u9752\u5c9b\u5f00\u53d1\u533a\u5bcc\u6625\u6c5f\u8def\u5e97)", "order_time": ["2019-01-09 10:49:28"], "total_order": 1, "hotel_value": ["4.2"], "hotel_price": ["68"]}, "1535266": {"hotel_name": "\u9752\u5c9b\u6808\u6865\u706b\u8f66\u7ad9\u4e3b\u9898\u6d77\u666f\u65e5\u79df\u623f", "order_time": ["2019-01-09 10:49:31"], "total_order": 1, "hotel_value": ["4.4"], "hotel_price": ["26"]}, "13547901": {"hotel_name": "\u9526\u6c5f\u4e4b\u661f\u54c1\u5c1a(\u9752\u5c9b\u6cca\u91cc\u8463\u5bb6\u53e3\u5e97)", "order_time": ["2019-01-09 10:49:32"], "total_order": 1, "hotel_value": ["4.8"], "hotel_price": ["159"]}, "21735796": {"hotel_name": "\u9752\u5c9b\u4e94\u56db\u5e7f\u573a\u4e9a\u6735\u9152\u5e97", "order_time": ["2019-01-09 10:49:52"], "total_order": 1, "hotel_value": ["4.8"], "hotel_price": ["316"]}, "15903585": {"hotel_name": "\u80f6\u5dde\u5c1a\u54c1\u7cbe\u9009\u9152\u5e97", "order_time": ["2019-01-09 10:49:57"], "total_order": 1, "hotel_value": [0], "hotel_price": ["88"]}, "2301079": {"hotel_name": "\u7231\u5c0a\u5ba2\u9152\u5e97(\u9752\u5c9b\u516b\u5927\u5173\u5e97)", "order_time": ["2019-01-09 10:51:25"], "total_order": 1, "hotel_value": ["4.6"], "hotel_price": ["94"]}, "797171": {"hotel_name": "7\u5929\u8fde\u9501\u9152\u5e97(\u9752\u5c9b\u674e\u6751\u5730\u94c1\u7ad9\u4e50\u5ba2\u57ce\u5e97)", "order_time": ["2019-01-09 10:51:27"], "total_order": 1, "hotel_value": ["4.3"], "hotel_price": ["105"]}, "995182": {"hotel_name": "\u94f6\u5ea7\u4f73\u9a7f\u9152\u5e97(\u9752\u5c9b\u4e94\u53f0\u5c71\u8def\u4fdd\u7a0e\u533a\u5e97)", "order_time": ["2019-01-09 10:51:29", "2019-01-09 11:15:26"], "total_order": 2, "hotel_value": ["4.5", "4.5"], "hotel_price": ["104", "104"]}, "448353": {"hotel_name": "\u5c1a\u5ba2\u4f18\u9a8f\u6021\u57ce\u9645\u9152\u5e97(\u80f6\u5357\u5317\u4eac\u8def\u5e97)", "order_time": ["2019-01-09 10:51:29"], "total_order": 1, "hotel_value": ["4.7"], "hotel_price": ["108"]}, "1181372": {"hotel_name": "\u65b0\u4e16\u4f73\u5546\u52a1\u5bbe\u9986(\u9752\u5c9b\u57ce\u9633\u533a)", "order_time": ["2019-01-09 10:51:29"], "total_order": 1, "hotel_value": ["3.8"], "hotel_price": ["92"]}, "21790901": {"hotel_name": "\u767d\u7389\u5170\u9152\u5e97 (\u80f6\u5dde\u5e7f\u5dde\u5357\u8def\u5e97)", "order_time": ["2019-01-09 10:51:51"], "total_order": 1, "hotel_value": ["4.9"], "hotel_price": ["149"]}, "1911247": {"hotel_name": "\u5982\u5bb6\u5feb\u6377\u9152\u5e97(\u9752\u5c9b\u4e94\u56db\u5e7f\u573a\u5965\u5e06\u4e2d\u5fc3\u5e97)(\u539f\u5965\u5e06\u4e2d\u5fc3\u6d77\u4fe1\u5e7f\u573a\u5e97)", "order_time": ["2019-01-09 10:53:23"], "total_order": 1, "hotel_value": ["4.3"], "hotel_price": ["92"]}, "2313553": {"hotel_name": "\u6c49\u5ead\u9152\u5e97(\u5373\u58a8\u9e64\u5c71\u8def\u5e97)", "order_time": ["2019-01-09 10:53:24"], "total_order": 1, "hotel_value": ["4.5"], "hotel_price": ["136"]}, "453041": {"hotel_name": "\u9752\u5c9b\u673a\u573a\u8f85\u7279\u6234\u65af\u9152\u5e97", "order_time": ["2019-01-09 10:53:24"], "total_order": 1, "hotel_value": ["4.1"], "hotel_price": ["137"]}, "2349816": {"hotel_name": "\u9752\u5c9b\u798f\u81f4\u5546\u52a1\u4e3b\u9898\u7cbe\u54c1\u9152\u5e97", "order_time": ["2019-01-09 11:03:24", "2019-01-09 10:53:24"], "total_order": 2, "hotel_value": ["4.5", "4.5"], "hotel_price": ["89", "89"]}, "436457": {"hotel_name": "\u9752\u5c9b\u6cdb\u6d77\u540d\u4eba\u9152\u5e97", "order_time": ["2019-01-09 10:53:25"], "total_order": 1, "hotel_value": ["4.4"], "hotel_price": ["305"]}, "4045531": {"hotel_name": "\u9752\u5c9bHolaMotel\u597d\u5566\u6c7d\u8f66\u7cbe\u54c1\u516c\u5bd3", "order_time": ["2019-01-09 10:53:26"], "total_order": 1, "hotel_value": ["4.6"], "hotel_price": ["99"]}, "1406851": {"hotel_name": "\u5982\u5bb6\u777f\u67cf\u00b7\u4e91\u9152\u5e97(\u9752\u5c9b\u5f00\u53d1\u533a\u9999\u6c5f\u8def\u5546\u4e1a\u8857\u5229\u7fa4\u5e97)", "order_time": ["2019-01-09 10:53:26"], "total_order": 1, "hotel_value": ["4.6"], "hotel_price": ["110"]}, "2359489": {"hotel_name": "\u5b89\u6f9c\u5bbe\u820d\u541b\u54c1\u6d77\u5cb8\u9152\u5e97(\u9752\u5c9b\u706b\u8f66\u7ad9\u6808\u6865\u9752\u533b\u9644\u9662\u5e97)", "order_time": ["2019-01-09 10:53:28", "2019-01-09 11:03:24"], "total_order": 2, "hotel_value": ["4.5", "4.5"], "hotel_price": ["107", "107"]}, "484875": {"hotel_name": "\u7231\u5ba2\u4f73\u9152\u5e97\u516c\u5bd3(\u9752\u5c9b\u5e02\u653f\u5e9c\u4e94\u56db\u5e7f\u573a\u5e97)", "order_time": ["2019-01-09 10:53:29"], "total_order": 1, "hotel_value": ["4.4"], "hotel_price": ["114"]}, "1732079": {"hotel_name": "\u5373\u58a8\u9526\u8302\u5bbe\u9986", "order_time": ["2019-01-09 10:55:24", "2019-01-09 11:19:25", "2019-01-09 11:07:28"], "total_order": 3, "hotel_value": ["4.5", "4.5", "4.5"], "hotel_price": ["263", "263", "263"]}, "21122269": {"hotel_name": "\u9752\u5c9b\u84dd\u6735\u6d77\u666f\u5047\u65e5\u516c\u5bd3", "order_time": ["2019-01-09 11:15:25", "2019-01-09 10:55:24"], "total_order": 2, "hotel_value": ["4.9", "4.9"], "hotel_price": ["200", "200"]}, "8670998": {"hotel_name": "\u9752\u5c9b\u767e\u8109\u660e\u73e0\u82b1\u56ed\u9152\u5e97", "order_time": ["2019-01-09 10:55:24"], "total_order": 1, "hotel_value": ["4.6"], "hotel_price": ["98"]}, "1541913": {"hotel_name": "\u9752\u5c9b\u6c11\u822a\u673a\u573a\u5bbe\u9986", "order_time": ["2019-01-09 10:55:25", "2019-01-09 11:11:28"], "total_order": 2, "hotel_value": ["4.5", "4.5"], "hotel_price": ["299", "299"]}, "1697366": {"hotel_name": "\u90fd\u5e02118(\u9752\u5c9b\u674e\u6ca7\u5e7f\u573a\u5730\u94c1\u7ad9\u5e97)", "order_time": ["2019-01-09 10:55:25"], "total_order": 1, "hotel_value": ["4.6"], "hotel_price": ["99"]}, "1664209": {"hotel_name": "\u9752\u5c9b\u5929\u745e\u661f\u7a7a\u9152\u5e97", "order_time": ["2019-01-09 10:55:26", "2019-01-09 11:11:47"], "total_order": 2, "hotel_value": ["4.6", "4.6"], "hotel_price": ["446", "446"]}, "939307": {"hotel_name": "\u6c49\u5ead\u9152\u5e97(\u9752\u5c9b\u4e94\u56db\u5e7f\u573a\u5e97)", "order_time": ["2019-01-09 10:55:26"], "total_order": 1, "hotel_value": ["4.5"], "hotel_price": ["208"]}, "8982407": {"hotel_name": "\u4f0a\u7f8e\u841d\u8587\u6d77\u666f\u522b\u5885\u9152\u5e97(\u9752\u5c9b\u516b\u5927\u5173\u666f\u533a\u5e97)", "order_time": ["2019-01-09 10:55:27"], "total_order": 1, "hotel_value": ["4.9"], "hotel_price": ["789"]}, "2045228": {"hotel_name": "\u5e73\u5ea6\u8d5b\u5bb6\u5ba2\u623f", "order_time": ["2019-01-09 10:55:53"], "total_order": 1, "hotel_value": ["4.2"], "hotel_price": ["82"]}, "22673546": {"hotel_name": "\u9752\u5c9b\u65af\u7ef4\u767b\u5ea6\u5047\u516c\u5bd3(\u57ce\u9633\u533a\u653f\u5e9c)", "order_time": ["2019-01-09 10:57:24"], "total_order": 1, "hotel_value": ["4.8"], "hotel_price": ["108"]}, "7019200": {"hotel_name": "\u9752\u5c9b\u6c50\u7f8e\u5bbf\u9152\u5e97", "order_time": ["2019-01-09 10:57:24"], "total_order": 1, "hotel_value": ["4.7"], "hotel_price": ["266"]}, "8358075": {"hotel_name": "\u9752\u5c9b\u65af\u7c73\u5170\u6d77\u666f\u5ea6\u5047\u516c\u5bd3\u4e2d\u8054\u81ea\u7531\u6e2f\u6e7e\u5e97", "order_time": ["2019-01-09 11:17:26", "2019-01-09 10:57:25"], "total_order": 2, "hotel_value": ["4.7", "4.7"], "hotel_price": ["65", "65"]}, "1549218": {"hotel_name": "\u9752\u5c9b\u946b\u9f99\u5047\u65e5\u516c\u5bd3\u9152\u5e97(\u9752\u804c/\u6ee8\u6d77\u5b66\u9662\u5e97)", "order_time": ["2019-01-09 10:57:25"], "total_order": 1, "hotel_value": ["4.7"], "hotel_price": ["150"]}, "8921509": {"hotel_name": "\u5de6\u90bb\u53f3\u820d\u9152\u5e97\u5f0f\u516c\u5bd3(\u9752\u5c9b\u5510\u5c9b\u6e7e\u6d77\u4e0a\u5609\u5e74\u534e\u77f3\u6cb9\u5927\u5b66\u5e97)", "order_time": ["2019-01-09 10:57:26"], "total_order": 1, "hotel_value": ["4.5"], "hotel_price": ["68"]}, "5703470": {"hotel_name": "\u9752\u5c9b\u946b\u9f99\u5047\u65e5\u77f3\u6cb9\u5927\u5b66\u6d77\u666f\u516c\u5bd3(\u539f\u946b\u9f99\u5047\u65e5\u957f\u6c5f\u56fd\u9645\u516c\u5bd3)", "order_time": ["2019-01-09 10:57:26"], "total_order": 1, "hotel_value": ["4.6"], "hotel_price": ["169"]}, "484453": {"hotel_name": "\u9752\u5c9b\u897f\u6d77\u5cb8\u9686\u548c\u798f\u670b\u559c\u6765\u767b\u9152\u5e97(\u539f\u9ec4\u5c9b\u798f\u670b\u559c\u6765\u767b\u9152\u5e97)", "order_time": ["2019-01-09 10:57:26"], "total_order": 1, "hotel_value": ["4.5"], "hotel_price": ["428"]}, "436088": {"hotel_name": "\u9752\u5c9b\u8d35\u90fd\u56fd\u9645\u5927\u996d\u5e97(\u539f\u9752\u5c9b\u56fd\u6566\u5927\u9152\u5e97)", "order_time": ["2019-01-09 11:09:26", "2019-01-09 10:57:26", "2019-01-09 11:01:24"], "total_order": 3, "hotel_value": ["4.6", "4.6", "4.6"], "hotel_price": ["422", "422", "422"]}, "393099": {"hotel_name": "\u9752\u5c9b\u5bcc\u529b\u827e\u7f8e\u9152\u5e97", "order_time": ["2019-01-09 10:57:27"], "total_order": 1, "hotel_value": ["4.6"], "hotel_price": ["618"]}, "1700442": {"hotel_name": "\u9752\u5c9b\u9a6c\u53ef\u6ce2\u7f57\u9152\u5e97", "order_time": ["2019-01-09 10:57:27"], "total_order": 1, "hotel_value": ["4.6"], "hotel_price": ["96"]}, "9181135": {"hotel_name": "\u6c49\u5ead\u9152\u5e97(\u9752\u5c9b\u5f00\u53d1\u533a\u957f\u6c5f\u4e2d\u8def\u5e97)", "order_time": ["2019-01-09 10:57:29"], "total_order": 1, "hotel_value": ["4.5"], "hotel_price": ["118"]}, "1814331": {"hotel_name": "\u9752\u5c9b\u6d77\u7554\u4eba\u5bb6\u5546\u52a1\u5bbe\u9986", "order_time": ["2019-01-09 10:57:29"], "total_order": 1, "hotel_value": ["4.6"], "hotel_price": ["72"]}, "1888356": {"hotel_name": "\u9752\u5c9b\u751f\u6d3b\u6797\u5927\u9152\u5e97", "order_time": ["2019-01-09 10:57:30"], "total_order": 1, "hotel_value": ["4.0"], "hotel_price": ["32"]}, "427987": {"hotel_name": "\u5982\u5bb6\u5feb\u6377\u9152\u5e97(\u9752\u5c9b\u9999\u6e2f\u4e2d\u8def\u9752\u5927\u9ea6\u5c9b\u5730\u94c1\u7ad9\u5e97)", "order_time": ["2019-01-09 10:57:30"], "total_order": 1, "hotel_value": ["4.3"], "hotel_price": ["103"]}, "1696451": {"hotel_name": "\u5c1a\u5ba2\u4f18\u5feb\u6377\u9152\u5e97(\u80f6\u5357\u5317\u4eac\u8def\u5e97)", "order_time": ["2019-01-09 10:57:36", "2019-01-09 11:21:32"], "total_order": 2, "hotel_value": ["4.1", "4.1"], "hotel_price": ["81", "81"]}, "1871551": {"hotel_name": "\u9752\u5c9b\u76c8\u5ba2\u4f73\u9a7f\u5546\u52a1\u9152\u5e97", "order_time": ["2019-01-09 11:05:41", "2019-01-09 10:57:46"], "total_order": 2, "hotel_value": ["4.3", "4.3"], "hotel_price": ["69", "69"]}, "2785519": {"hotel_name": "\u83b1\u897f\u897f\u519c\u5546\u52a1\u9152\u5e97", "order_time": ["2019-01-09 10:57:52"], "total_order": 1, "hotel_value": ["4.3"], "hotel_price": ["73"]}, "27424529": {"hotel_name": "\u9752\u5c9b\u6c49\u5510\u7cbe\u9009\u9152\u5e97\u5f0f\u516c\u5bd3", "order_time": ["2019-01-09 10:59:26"], "total_order": 1, "hotel_value": ["4.9"], "hotel_price": ["195"]}, "654770": {"hotel_name": "\u9752\u5c9b\u4e3d\u5929\u5927\u9152\u5e97", "order_time": ["2019-01-09 10:59:26", "2019-01-09 11:27:26", "2019-01-09 11:29:27"], "total_order": 3, "hotel_value": ["4.8", "4.8", "4.8"], "hotel_price": ["329", "329", "329"]}, "21356980": {"hotel_name": "\u5c0f\u91d1\u9ca4\u6d77\u666f\u516c\u5bd3(\u9752\u5c9b\u5564\u9152\u57ce\u4f1a\u5c55\u4e2d\u5fc3\u5e97)", "order_time": ["2019-01-09 10:59:26"], "total_order": 1, "hotel_value": ["4.9"], "hotel_price": ["206"]}, "6525125": {"hotel_name": "Q\u52a0\u00b7\u60a6\u6f9c\u9152\u5e97\u516c\u5bd3(\u9752\u5c9b\u4e94\u56db\u5e7f\u573a\u4e07\u8c61\u57ce\u5e97)", "order_time": ["2019-01-09 10:59:26"], "total_order": 1, "hotel_value": ["4.7"], "hotel_price": ["198"]}, "5726491": {"hotel_name": "\u7ef4\u4e5f\u7eb3\u9152\u5e97(\u9752\u5c9b\u9ec4\u5c9b\u5e97)", "order_time": ["2019-01-09 10:59:26"], "total_order": 1, "hotel_value": ["4.8"], "hotel_price": ["176"]}, "2251203": {"hotel_name": "\u90fd\u5e02118(\u9752\u5c9b\u9ec4\u5c9b\u592a\u884c\u5c71\u8def\u77f3\u6cb9\u5927\u5b66\u5e97)", "order_time": ["2019-01-09 10:59:27"], "total_order": 1, "hotel_value": ["4.6"], "hotel_price": ["84"]}, "7690235": {"hotel_name": "Q\u52a0\u00b7\u79a7\u60a6\u5047\u65e5\u9152\u5e97(\u9752\u5c9b\u706b\u8f66\u7ad9\u4e1c\u5e7f\u573a\u6808\u6865\u5e97)(\u539f\u9752\u5c9b\u79a7\u60a6\u5047\u65e5\u9152\u5e97)", "order_time": ["2019-01-09 11:23:24", "2019-01-09 10:59:27"], "total_order": 2, "hotel_value": ["4.5", "4.5"], "hotel_price": ["99", "99"]}, "532185": {"hotel_name": "\u9752\u5c9b\u6d77\u60c5\u5927\u9152\u5e97", "order_time": ["2019-01-09 10:59:27"], "total_order": 1, "hotel_value": ["4.6"], "hotel_price": ["399"]}, "17351152": {"hotel_name": "\u9752\u5c9b\u5f71\u5de2\u7535\u5f71\u9152\u5e97", "order_time": ["2019-01-09 10:59:27"], "total_order": 1, "hotel_value": ["4.6"], "hotel_price": ["97"]}, "1381128": {"hotel_name": "\u5c1a\u5ba2\u4f18\u5feb\u6377\u9152\u5e97(\u9752\u5c9b\u5f00\u53d1\u533a\u6b66\u5937\u5c71\u8def\u5e97)", "order_time": ["2019-01-09 10:59:27"], "total_order": 1, "hotel_value": ["4.2"], "hotel_price": ["81"]}, "16203907": {"hotel_name": "\u67ab\u53f6\u9152\u5e97\u5f0f\u516c\u5bd3(\u9752\u5c9b\u77f3\u6cb9\u5927\u5b66\u543e\u60a6\u5e7f\u573a\u5e97)", "order_time": ["2019-01-09 10:59:29"], "total_order": 1, "hotel_value": ["4.8"], "hotel_price": ["69"]}, "5085596": {"hotel_name": "\u9526\u6c5f\u4e4b\u661f(\u9752\u5c9b\u6ca7\u53e3\u516c\u56ed\u5e97)", "order_time": ["2019-01-09 10:59:30"], "total_order": 1, "hotel_value": ["4.7"], "hotel_price": ["149"]}, "5999421": {"hotel_name": "\u7a7a\u94c1\u5047\u65e5\u9152\u5e97\u516c\u5bd3(\u9752\u5c9b\u673a\u573a\u5e97)", "order_time": ["2019-01-09 11:01:23"], "total_order": 1, "hotel_value": ["4.6"], "hotel_price": ["200"]}, "1048386": {"hotel_name": "\u6854\u5b50\u9152\u5e97\u00b7\u7cbe\u9009(\u9752\u5c9b\u5965\u5e06\u4e2d\u5fc3\u5e97)(\u539f\u4e94\u56db\u5e7f\u573a\u5e97)", "order_time": ["2019-01-09 11:27:25", "2019-01-09 11:01:24"], "total_order": 2, "hotel_value": ["4.8", "4.8"], "hotel_price": ["265", "265"]}, "700933": {"hotel_name": "678\u9152\u5e97(\u9752\u5c9b\u519c\u5927\u4e3b\u9898\u7cbe\u54c1\u5e97)", "order_time": ["2019-01-09 11:01:26", "2019-01-09 11:21:31"], "total_order": 2, "hotel_value": ["4.6", "4.6"], "hotel_price": ["90", "90"]}, "7316689": {"hotel_name": "\u9752\u5c9b\u661f\u9a7f\u8fde\u9501\u9152\u5e97", "order_time": ["2019-01-09 11:01:26"], "total_order": 1, "hotel_value": ["4.8"], "hotel_price": ["63"]}, "1119452": {"hotel_name": "\u9752\u5c9b\u4e1c\u6d77\u541b\u60a6\u9152\u5e97", "order_time": ["2019-01-09 11:01:26"], "total_order": 1, "hotel_value": ["4.4"], "hotel_price": ["72"]}, "531745": {"hotel_name": "\u6df1\u84dd\u590d\u5f0f\u516c\u5bd3(\u9752\u5c9b\u4f1a\u5c55\u4e2d\u5fc3\u6d77\u6c34\u6d74\u573a\u56fd\u4fe1)", "order_time": ["2019-01-09 11:01:28"], "total_order": 1, "hotel_value": ["4.6"], "hotel_price": ["138"]}, "2639907": {"hotel_name": "\u80f6\u5dde\u5317\u4eac\u5c45\u5bb6\u98ce\u5c1a\u9152\u5e97", "order_time": ["2019-01-09 11:01:44"], "total_order": 1, "hotel_value": ["4.6"], "hotel_price": ["74"]}, "4645480": {"hotel_name": "\u9752\u5c9b\u67ab\u5ead\u6d77\u666f\u5ea6\u5047\u516c\u5bd3", "order_time": ["2019-01-09 11:19:25", "2019-01-09 11:03:24"], "total_order": 2, "hotel_value": ["4.7", "4.7"], "hotel_price": ["80", "80"]}, "436076": {"hotel_name": "\u9752\u5c9b\u6c47\u6cc9\u738b\u671d\u5927\u996d\u5e97", "order_time": ["2019-01-09 11:03:24"], "total_order": 1, "hotel_value": ["4.4"], "hotel_price": ["450"]}, "5673979": {"hotel_name": "\u9752\u5c9b\u7f8e\u5885\u5047\u671f\u9152\u5e9712\u53f7\u6d77\u8fb9\u522b\u5885", "order_time": ["2019-01-09 11:03:24"], "total_order": 1, "hotel_value": ["4.9"], "hotel_price": ["348"]}, "429108": {"hotel_name": "\u9752\u5c9b\u94f6\u6c99\u6ee9\u6e29\u5fb7\u59c6\u81f3\u5c0a\u9152\u5e97", "order_time": ["2019-01-09 11:03:24"], "total_order": 1, "hotel_value": ["4.5"], "hotel_price": ["414"]}, "1914564": {"hotel_name": "\u5373\u58a8\u8fc8\u8fbe\u5ea6\u5047\u9152\u5e97", "order_time": ["2019-01-09 11:03:24"], "total_order": 1, "hotel_value": ["4.2"], "hotel_price": ["88"]}, "6264032": {"hotel_name": "\u9752\u5c9b\u65bd\u6cf0\u6839\u535a\u9601\u57ce\u9645\u9152\u5e97", "order_time": ["2019-01-09 11:09:26", "2019-01-09 11:03:25", "2019-01-09 11:07:30"], "total_order": 3, "hotel_value": ["4.7", "4.7", "4.7"], "hotel_price": ["248", "248", "248"]}, "443976": {"hotel_name": "\u90fd\u5e02118(\u9752\u5c9b\u674e\u6ca7\u6b65\u884c\u8857\u5e97)", "order_time": ["2019-01-09 11:03:25", "2019-01-09 11:17:30"], "total_order": 2, "hotel_value": ["4.6", "4.6"], "hotel_price": ["81", "81"]}, "481742": {"hotel_name": "\u9752\u5c9b\u4e16\u8d38\u6d77\u60a6\u5927\u9152\u5e97", "order_time": ["2019-01-09 11:11:27", "2019-01-09 11:03:26"], "total_order": 2, "hotel_value": ["4.7", "4.7"], "hotel_price": ["245", "245"]}, "669081": {"hotel_name": "\u9752\u5c9b\u4e16\u7eaa\u6587\u534e\u9152\u5e97", "order_time": ["2019-01-09 11:03:26", "2019-01-09 11:27:27"], "total_order": 2, "hotel_value": ["4.6", "4.6"], "hotel_price": ["150", "150"]}, "5074733": {"hotel_name": "\u83b1\u897f\u5e7f\u80dc\u5927\u9152\u5e97", "order_time": ["2019-01-09 11:03:49"], "total_order": 1, "hotel_value": ["4.4"], "hotel_price": ["101"]}, "772111": {"hotel_name": "\u9752\u5c9b\u5a01\u65af\u6c40\u9152\u5e97", "order_time": ["2019-01-09 11:03:51", "2019-01-09 11:07:43", "2019-01-09 11:15:40", "2019-01-09 11:31:43"], "total_order": 4, "hotel_value": ["4.6", "4.6", "4.6", "4.6"], "hotel_price": ["698", "698", "698", "698"]}, "428011": {"hotel_name": "\u5982\u5bb6\u5feb\u6377\u9152\u5e97(\u9752\u5c9b\u54c8\u5c14\u6ee8\u8def\u4e07\u79d1\u57ce\u53cc\u5c71\u5730\u94c1\u7ad9\u5e97)", "order_time": ["2019-01-09 11:05:24"], "total_order": 1, "hotel_value": ["4.5"], "hotel_price": ["169"]}, "1137296": {"hotel_name": "\u9752\u5c9b\u4e1c\u65b9\u6885\u5730\u4e9a\u9152\u5e97", "order_time": ["2019-01-09 11:31:27", "2019-01-09 11:05:24", "2019-01-09 11:27:27"], "total_order": 3, "hotel_value": ["4.9", "4.9", "4.9"], "hotel_price": ["322", "322", "322"]}, "443641": {"hotel_name": "\u9752\u5c9b\u91d1\u6d77\u5927\u9152\u5e97", "order_time": ["2019-01-09 11:05:24", "2019-01-09 11:25:24"], "total_order": 2, "hotel_value": ["4.4", "4.4"], "hotel_price": ["186", "186"]}, "2209171": {"hotel_name": "\u5c1a\u5ba2\u4f18\u54c1\u9152\u5e97(\u9752\u5c9b\u5f00\u53d1\u533a\u9999\u6c5f\u8def\u957f\u6c5f\u8d2d\u7269\u5e7f\u573a\u5e97)(\u539f\u5c1a\u5ba2\u4f18\u7cbe\u9009\u9152\u5e97)", "order_time": ["2019-01-09 11:05:25"], "total_order": 1, "hotel_value": ["4.7"], "hotel_price": ["111"]}, "17588770": {"hotel_name": "\u9752\u5c9b\u541b\u534e\u5609\u60e0\u9152\u5e97", "order_time": ["2019-01-09 11:05:25"], "total_order": 1, "hotel_value": ["4.7"], "hotel_price": ["194"]}, "689242": {"hotel_name": "\u84dd\u6d77\u5927\u996d\u5e97(\u9752\u5c9b\u9ec4\u5c9b\u5e97)", "order_time": ["2019-01-09 11:05:25", "2019-01-09 11:27:28"], "total_order": 2, "hotel_value": ["4.6", "4.6"], "hotel_price": ["298", "298"]}, "23418429": {"hotel_name": "\u9752\u5c9b\u5723\u5229\u9152\u5e97", "order_time": ["2019-01-09 11:05:26"], "total_order": 1, "hotel_value": ["4.9"], "hotel_price": ["107"]}, "2318142": {"hotel_name": "\u9752\u5c9b\u67ab\u4e39\u767d\u9732\u6d77\u666f\u9152\u5e97\u516c\u5bd3", "order_time": ["2019-01-09 11:05:26"], "total_order": 1, "hotel_value": ["4.7"], "hotel_price": ["81"]}, "5634587": {"hotel_name": "\u9e97\u67ab\u9152\u5e97(\u9752\u5c9b\u4e94\u56db\u5e7f\u573a\u5e97)(\u539f\u9752\u5c9b\u5b81\u590f\u8def\u5730\u94c1\u7ad9\u5e97)", "order_time": ["2019-01-09 11:05:26"], "total_order": 1, "hotel_value": ["4.7"], "hotel_price": ["199"]}, "5226837": {"hotel_name": "\u9752\u5c9b\u68a7\u6850\u6811\u7cbe\u54c1\u9152\u5e97", "order_time": ["2019-01-09 11:05:27"], "total_order": 1, "hotel_value": ["4.5"], "hotel_price": ["72"]}, "1406844": {"hotel_name": "\u82e5\u6717\u5047\u65e5\u9152\u5e97(\u9752\u5c9b\u4e50\u5ba2\u57ce\u5e97)", "order_time": ["2019-01-09 11:05:27"], "total_order": 1, "hotel_value": ["4.2"], "hotel_price": ["63"]}, "709567": {"hotel_name": "\u90fd\u5e02\u5ba2\u5ea6\u5047\u516c\u5bd3(\u9752\u5c9b\u5d02\u5c71\u5927\u62c7\u6307\u6df1\u84dd\u516c\u5bd3\u5e97)", "order_time": ["2019-01-09 11:05:27"], "total_order": 1, "hotel_value": ["4.5"], "hotel_price": ["80"]}, "19806955": {"hotel_name": "\u4e16\u60a6\u8f7b\u5962\u5ea6\u5047\u516c\u5bd3(\u9752\u5c9b\u5564\u9152\u8857\u94f6\u4e30\u6676\u54c1\u5e97)", "order_time": ["2019-01-09 11:05:28"], "total_order": 1, "hotel_value": ["4.7"], "hotel_price": ["105"]}, "2302130": {"hotel_name": "\u9752\u5c9b\u5609\u9038\u8c6a\u5ead\u8fde\u9501\u9152\u5e97", "order_time": ["2019-01-09 11:05:28"], "total_order": 1, "hotel_value": ["4.3"], "hotel_price": ["84"]}, "5733262": {"hotel_name": "\u5343\u5bbf\u5ea6\u5047\u516c\u5bd3(\u9752\u5c9b\u4e3d\u6676\u5fa1\u7b51\u5e97)(\u539f\u5343\u5bbf\u534e\u8bfa\u601d\u5ea6\u5047\u516c\u5bd3)", "order_time": ["2019-01-09 11:05:28"], "total_order": 1, "hotel_value": ["4.6"], "hotel_price": ["137"]}, "430544": {"hotel_name": "\u9752\u5c9b\u5feb\u901a\u56fd\u9645\u9152\u5e97", "order_time": ["2019-01-09 11:21:28", "2019-01-09 11:05:29"], "total_order": 2, "hotel_value": ["4.4", "4.4"], "hotel_price": ["298", "298"]}, "427967": {"hotel_name": "\u5982\u5bb6\u5feb\u6377\u9152\u5e97(\u9752\u5c9b\u6808\u6865\u706b\u8f66\u7ad9\u5e7f\u573a\u5e97)", "order_time": ["2019-01-09 11:05:44"], "total_order": 1, "hotel_value": ["4.2"], "hotel_price": ["86"]}, "1200168": {"hotel_name": "\u7ef4\u4e5f\u7eb3\u9152\u5e97(\u80f6\u5dde\u5e97)", "order_time": ["2019-01-09 11:05:48"], "total_order": 1, "hotel_value": ["4.7"], "hotel_price": ["298"]}, "6868234": {"hotel_name": "\u80f6\u5dde\u73ae\u8c6a\u5546\u52a1\u5bbe\u9986", "order_time": ["2019-01-09 11:05:48"], "total_order": 1, "hotel_value": ["4.0"], "hotel_price": ["65"]}, "2329361": {"hotel_name": "\u9752\u5c9b\u65af\u7ef4\u767b\u5ea6\u5047\u516c\u5bd3(\u90ae\u8f6e\u6bcd\u6e2f\u5e97)", "order_time": ["2019-01-09 11:07:27", "2019-01-09 11:13:23"], "total_order": 2, "hotel_value": ["4.7", "4.7"], "hotel_price": ["124", "124"]}, "1287621": {"hotel_name": "\u6e2f\u6e7e\u5370\u8c61\u8fde\u9501\u9152\u5e97(\u9752\u5c9b\u674e\u6751\u541b\u5cf0\u8def\u5730\u94c1\u7ad9\u5e97) ", "order_time": ["2019-01-09 11:07:27", "2019-01-09 11:25:24"], "total_order": 2, "hotel_value": ["3.9", "3.9"], "hotel_price": ["69", "69"]}, "2379128": {"hotel_name": "\u90fd\u5e02118\u8fde\u9501\u9152\u5e97(\u9752\u5c9b\u8f9b\u5b89\u5e97)", "order_time": ["2019-01-09 11:07:27"], "total_order": 1, "hotel_value": ["4.5"], "hotel_price": ["94"]}, "10212249": {"hotel_name": "\u4e50\u5bb6\u8f69\u7cbe\u54c1\u670d\u52a1\u516c\u5bd3(\u9752\u5c9b\u9ad8\u65b0\u533a\u521b\u4e1a\u5927\u53a6\u65b9\u7279\u5e97)", "order_time": ["2019-01-09 11:07:28", "2019-01-09 11:11:26"], "total_order": 2, "hotel_value": ["4.6", "4.6"], "hotel_price": ["134", "134"]}, "3090890": {"hotel_name": "\u9752\u5c9b\u9526\u665f\u534e\u5546\u52a1\u5bbe\u9986", "order_time": ["2019-01-09 11:07:29"], "total_order": 1, "hotel_value": ["4.4"], "hotel_price": ["68"]}, "7421819": {"hotel_name": "\u9752\u5c9b\u4f9d\u6797\u8c37\u9752\u5e74\u65c5\u820d", "order_time": ["2019-01-09 11:07:30"], "total_order": 1, "hotel_value": ["4.6"], "hotel_price": ["60"]}, "1302230": {"hotel_name": "\u7231\u5ba2100\u8fde\u9501\u5bbe\u9986(\u9752\u5c9b\u7231\u604b\u65f6\u5149\u4e3b\u9898\u5e97)", "order_time": ["2019-01-09 11:07:30"], "total_order": 1, "hotel_value": ["3.9"], "hotel_price": ["63"]}, "1542562": {"hotel_name": "\u9752\u5c9b\u5c45\u68a6\u5706\u5bbe\u9986", "order_time": ["2019-01-09 11:07:32"], "total_order": 1, "hotel_value": ["3.3"], "hotel_price": ["33"]}, "436458": {"hotel_name": "\u9752\u5c9b\u6d77\u6cc9\u6e7e\u7687\u51a0\u5047\u65e5\u5ea6\u5047\u9152\u5e97", "order_time": ["2019-01-09 11:09:26"], "total_order": 1, "hotel_value": ["4.4"], "hotel_price": ["588"]}, "23472335": {"hotel_name": "\u7f8e\u8c6a\u4e3d\u81f4\u9152\u5e97(\u9752\u5c9b\u5e97)", "order_time": ["2019-01-09 11:17:25", "2019-01-09 11:09:26", "2019-01-09 11:13:25"], "total_order": 3, "hotel_value": ["4.9", "4.9", "4.9"], "hotel_price": ["445", "445", "445"]}, "1861303": {"hotel_name": "\u7ea2\u6795\u5b89\u60a6\u8fde\u9501\u9152\u5e97(\u9752\u5c9b\u670d\u88c5\u5de5\u4e1a\u56ed\u5e97)(\u539f\u5efa\u90a6\u5373\u58f9\u5609\u8fde\u9501\u9152\u5e97)", "order_time": ["2019-01-09 11:09:26"], "total_order": 1, "hotel_value": ["4.7"], "hotel_price": ["136"]}, "19100508": {"hotel_name": "\u9752\u5c9b\u68a6\u5e7b\u9886\u5bd3\u6d77\u666f\u65e5\u79df\u623f", "order_time": ["2019-01-09 11:09:27"], "total_order": 1, "hotel_value": ["4.7"], "hotel_price": ["28"]}, "2301077": {"hotel_name": "\u7231\u5c0a\u5ba2\u9152\u5e97(\u9752\u5c9b\u4e94\u56db\u5e7f\u573a\u5e97)", "order_time": ["2019-01-09 11:09:27", "2019-01-09 11:25:25"], "total_order": 2, "hotel_value": ["4.6", "4.6"], "hotel_price": ["130", "130"]}, "3384535": {"hotel_name": "\u9752\u5c9b\u65af\u7ef4\u767b\u670d\u52a1\u516c\u5bd3(\u9999\u6e2f\u4e2d\u8def\u4e3d\u6676\u5fa1\u7b51)", "order_time": ["2019-01-09 11:09:27", "2019-01-09 11:19:25"], "total_order": 2, "hotel_value": ["4.5", "4.5"], "hotel_price": ["152", "152"]}, "2582773": {"hotel_name": "\u6c49\u5ead\u9152\u5e97(\u9752\u5c9b\u706b\u8f66\u7ad9\u4e1c\u5e7f\u573a\u5e97)", "order_time": ["2019-01-09 11:09:27"], "total_order": 1, "hotel_value": ["4.4"], "hotel_price": ["103"]}, "5981297": {"hotel_name": "\u9752\u5c9b\u84dd\u8272\u6d77\u5cb8\u6d77\u666f\u5ea6\u5047\u516c\u5bd3\u4e2d\u8054\u81ea\u7531\u6e2f\u6e7e\u706b\u8f66\u7ad9\u6808\u6865\u5e97", "order_time": ["2019-01-09 11:09:28"], "total_order": 1, "hotel_value": ["4.7"], "hotel_price": ["65"]}, "8576099": {"hotel_name": "\u745e\u66fc\u8fbe\u9152\u5e97(\u80f6\u5dde\u4e2d\u5fc3\u5e97)", "order_time": ["2019-01-09 11:09:41"], "total_order": 1, "hotel_value": ["4.8"], "hotel_price": ["280"]}, "8426688": {"hotel_name": "\u5982\u5bb6\u7cbe\u9009\u9152\u5e97(\u9752\u5c9b\u706b\u8f66\u7ad9\u6808\u6865\u5e97)", "order_time": ["2019-01-09 11:11:24"], "total_order": 1, "hotel_value": ["4.6"], "hotel_price": ["161"]}, "9152521": {"hotel_name": "\u9752\u5c9b\u597d\u5ba2\u8054\u76df\u8fde\u9501\u9152\u5e97\u7075\u5c71\u6e7e\u8def\u5546\u4e1a\u8857\u5e97", "order_time": ["2019-01-09 11:11:25"], "total_order": 1, "hotel_value": ["4.7"], "hotel_price": ["82"]}, "427960": {"hotel_name": "\u5982\u5bb6\u5feb\u6377\u9152\u5e97(\u9752\u5c9b\u6d41\u4ead\u673a\u573a\u6c7d\u8f66\u5317\u7ad9\u5e97 )", "order_time": ["2019-01-09 11:11:25"], "total_order": 1, "hotel_value": ["4.4"], "hotel_price": ["125"]}, "1165293": {"hotel_name": "\u9752\u5c9b\u5c1a\u54c1\u4e91\u56fe\u5bbe\u9986", "order_time": ["2019-01-09 11:11:25"], "total_order": 1, "hotel_value": ["4.2"], "hotel_price": ["65"]}, "2624847": {"hotel_name": "\u9752\u5c9b\u83ab\u4e3d\u00b7\u7cbe\u9009\u9152\u5e97", "order_time": ["2019-01-09 11:11:26"], "total_order": 1, "hotel_value": ["4.5"], "hotel_price": ["216"]}, "1727504": {"hotel_name": "\u5e73\u5ea6\u5706\u4e2d\u65b9\u5927\u9152\u5e97", "order_time": ["2019-01-09 11:11:45"], "total_order": 1, "hotel_value": ["4.7"], "hotel_price": ["173"]}, "2033534": {"hotel_name": "\u5e73\u5ea6\u65b0\u4f73\u82d1\u5546\u52a1\u5bbe\u9986", "order_time": ["2019-01-09 11:11:46"], "total_order": 1, "hotel_value": [0], "hotel_price": ["27"]}, "21124467": {"hotel_name": "\u9752\u5c9b\u65af\u7ef4\u767b\u7cbe\u54c1\u516c\u5bd3(\u4f1a\u5c55\u4e2d\u5fc3\u77f3\u8001\u4eba\u6d77\u6c34\u6d74\u573a)", "order_time": ["2019-01-09 11:11:47"], "total_order": 1, "hotel_value": ["4.9"], "hotel_price": ["280"]}, "5214763": {"hotel_name": "\u9752\u5c9b\u65af\u7ef4\u767b\u5ea6\u5047\u516c\u5bd3(\u5965\u5e06\u4e94\u56db\u5e7f\u573a\u4e07\u8c61\u57ce)", "order_time": ["2019-01-09 11:11:47"], "total_order": 1, "hotel_value": ["4.8"], "hotel_price": ["243"]}, "1226388": {"hotel_name": "\u9752\u5c9b\u6db5\u78a7\u697c\u9152\u5e97", "order_time": ["2019-01-09 11:11:47"], "total_order": 1, "hotel_value": ["4.6"], "hotel_price": ["1749"]}, "2304451": {"hotel_name": "\u7231\u5c0a\u5ba2\u9152\u5e97(\u5373\u58a8\u5170\u9ccc\u8def\u5e97)", "order_time": ["2019-01-09 11:13:23"], "total_order": 1, "hotel_value": ["4.7"], "hotel_price": ["166"]}, "427955": {"hotel_name": "\u5982\u5bb6\u5feb\u6377\u9152\u5e97(\u9752\u5c9b\u53f0\u4e1c\u6b65\u884c\u8857\u5e97)", "order_time": ["2019-01-09 11:13:24"], "total_order": 1, "hotel_value": ["4.5"], "hotel_price": ["90"]}, "6825957": {"hotel_name": "\u9752\u5c9b\u7ef4\u591a\u5229\u4e9a\u54c1\u5982\u5bb6\u56ed\u9152\u5e97\u5f0f\u516c\u5bd3", "order_time": ["2019-01-09 11:13:24"], "total_order": 1, "hotel_value": ["4.4"], "hotel_price": ["73"]}, "427962": {"hotel_name": "\u5b89\u6f9c\u5bbe\u820d\u9152\u5e97(\u9752\u5c9b\u4e1c\u6d77\u4e2d\u8def\u6d77\u6ee8\u5e97)(\u539f\u5965\u5e06\u4e2d\u5fc3\u6781\u5730\u6d77\u6d0b\u4e16\u754c\u5e97)", "order_time": ["2019-01-09 11:13:24"], "total_order": 1, "hotel_value": ["4.3"], "hotel_price": ["89"]}, "21678840": {"hotel_name": "\u51ef\u66fc\u516c\u5bd3(\u9752\u5c9b\u6b63\u9633\u4e2d\u8def\u5e97)", "order_time": ["2019-01-09 11:15:25"], "total_order": 1, "hotel_value": ["4.6"], "hotel_price": ["103"]}, "9210540": {"hotel_name": "\u5982\u5bb6\u5546\u65c5\u9152\u5e97(\u9752\u5c9b\u6808\u6865\u706b\u8f66\u7ad9\u5730\u94c1\u7ad9\u5e97)", "order_time": ["2019-01-09 11:21:26", "2019-01-09 11:15:26"], "total_order": 2, "hotel_value": ["4.7", "4.7"], "hotel_price": ["106", "106"]}, "1613449": {"hotel_name": "\u591a\u7ef4\u7a7a\u95f4\u7cbe\u54c1\u9152\u5e97(\u9752\u5c9b\u674e\u6751\u6b65\u884c\u8857\u5e97)", "order_time": ["2019-01-09 11:15:26"], "total_order": 1, "hotel_value": ["4.3"], "hotel_price": ["117"]}, "1283801": {"hotel_name": "\u6211\u7684\u5730\u76d8\u4e3b\u9898\u9152\u5e97(\u9752\u5c9b\u6b63\u9633\u4e2d\u8def\u5e97)", "order_time": ["2019-01-09 11:15:27"], "total_order": 1, "hotel_value": ["4.5"], "hotel_price": ["117"]}, "8396348": {"hotel_name": "\u7a7a\u94c1\u5047\u65e5\u9152\u5e97\u516c\u5bd3(\u9752\u5c9b\u673a\u573a\u4e8c\u5e97)", "order_time": ["2019-01-09 11:15:27", "2019-01-09 11:19:24"], "total_order": 2, "hotel_value": ["4.4", "4.4"], "hotel_price": ["193", "193"]}, "2282953": {"hotel_name": "\u9752\u5c9b\u96ea\u5cf0\u5bbe\u9986", "order_time": ["2019-01-09 11:15:31"], "total_order": 1, "hotel_value": [0], "hotel_price": ["45"]}, "6582881": {"hotel_name": "\u6df1\u84dd\u6d77\u4e4b\u604b\u5bb6\u516c\u5bd3(\u9752\u5c9b\u5927\u62c7\u6307\u4f1a\u5c55\u4e2d\u5fc3\u5e97)", "order_time": ["2019-01-09 11:17:25"], "total_order": 1, "hotel_value": ["4.4"], "hotel_price": ["84"]}, "16127878": {"hotel_name": "\u9752\u5c9b\u73e0\u5c71\u5927\u996d\u5e97", "order_time": ["2019-01-09 11:17:25"], "total_order": 1, "hotel_value": ["4.7"], "hotel_price": ["323"]}, "5796148": {"hotel_name": "\u9752\u5c9b\u4e03\u591c\u60c5\u4fa3\u9152\u5e97", "order_time": ["2019-01-09 11:17:27"], "total_order": 1, "hotel_value": ["4.2"], "hotel_price": ["85"]}, "2101673": {"hotel_name": "\u9752\u5c9b\u53f0\u4e1c\u5927\u9152\u5e97", "order_time": ["2019-01-09 11:17:28"], "total_order": 1, "hotel_value": ["4.4"], "hotel_price": ["68"]}, "891096": {"hotel_name": "\u84dd\u6d77\u5927\u996d\u5e97(\u9752\u5c9b\u541b\u5cf0\u8def\u5730\u94c1\u7ad9\u5e97)(\u539f\u674e\u6ca7\u5e97)", "order_time": ["2019-01-09 11:17:29", "2019-01-09 11:23:25"], "total_order": 2, "hotel_value": ["4.6", "4.6"], "hotel_price": ["665", "665"]}, "1211586": {"hotel_name": "\u6c49\u5ead\u9152\u5e97(\u9752\u5c9b\u4f1a\u5c55\u4e2d\u5fc3\u5e97)", "order_time": ["2019-01-09 11:17:29"], "total_order": 1, "hotel_value": ["4.4"], "hotel_price": ["126"]}, "1886434": {"hotel_name": "\u7231\u820d\u7a7a\u95f4\u4e3b\u9898\u6982\u5ff5\u9152\u5e97(\u9752\u5c9b\u5965\u5e06\u4e2d\u5fc3\u738b\u5b50\u98ce\u5c1a\u5e97)", "order_time": ["2019-01-09 11:17:29"], "total_order": 1, "hotel_value": ["4.6"], "hotel_price": ["83"]}, "13737239": {"hotel_name": "\u62dc\u767b\u516c\u5bd3\u00b7\u9752\u5c9b\u5927\u62c7\u6307\u4f1a\u5c55\u4e2d\u5fc3\u5e97", "order_time": ["2019-01-09 11:17:30"], "total_order": 1, "hotel_value": ["4.6"], "hotel_price": ["128"]}, "450881": {"hotel_name": "\u9752\u5c9b\u57ce\u9633\u5fb7\u6cf0\u5927\u9152\u5e97", "order_time": ["2019-01-09 11:17:34"], "total_order": 1, "hotel_value": ["4.6"], "hotel_price": ["358"]}, "2163131": {"hotel_name": "\u963f\u739b\u5c3c\u5546\u52a1\u9152\u5e97(\u83b1\u897f\u9752\u5c9b\u8def\u5e97)", "order_time": ["2019-01-09 11:17:46"], "total_order": 1, "hotel_value": ["4.3"], "hotel_price": ["75"]}, "5215569": {"hotel_name": "\u9752\u5c9b\u5370\u8c61\u9152\u5e97", "order_time": ["2019-01-09 11:19:25"], "total_order": 1, "hotel_value": ["4.5"], "hotel_price": ["246"]}, "19587956": {"hotel_name": "\u9752\u5c9b\u665f\u5bd3\u65f6\u5149\u516c\u5bd3(\u539f\u4f17\u5bd3\u65f6\u4ee3\u5149\u516c\u5bd3)", "order_time": ["2019-01-09 11:19:25"], "total_order": 1, "hotel_value": ["4.6"], "hotel_price": ["97"]}, "16900468": {"hotel_name": "\u9752\u5c9b\u4e1c\u65b9\u5f71\u90fd\u878d\u521b\u4e07\u8fbe\u6587\u534e\u9152\u5e97", "order_time": ["2019-01-09 11:19:25"], "total_order": 1, "hotel_value": ["4.6"], "hotel_price": ["1688"]}, "9361728": {"hotel_name": "\u9752\u5c9b\u6d45\u91ce\u516c\u5bd3", "order_time": ["2019-01-09 11:19:26"], "total_order": 1, "hotel_value": ["4.6"], "hotel_price": ["90"]}, "5379562": {"hotel_name": "\u9752\u5c9b\u5e02\u80f6\u5357\u7f8e\u7f57\u56fd\u9645\u5065\u5eb7\u5bbe\u9986", "order_time": ["2019-01-09 11:19:31"], "total_order": 1, "hotel_value": ["4.3"], "hotel_price": ["74"]}, "1253333": {"hotel_name": "\u6c34\u672858\u8587\u8fde\u9501\u5bbe\u9986(\u9752\u5c9b\u798f\u5dde\u5357\u8def\u5e97)", "order_time": ["2019-01-09 11:19:48"], "total_order": 1, "hotel_value": ["3.1"], "hotel_price": ["34"]}, "669124": {"hotel_name": "\u9752\u5c9b\u534e\u4fa8\u56fd\u9645\u996d\u5e97", "order_time": ["2019-01-09 11:21:25"], "total_order": 1, "hotel_value": ["4.3"], "hotel_price": ["198"]}, "12274463": {"hotel_name": "\u5609\u51ef\u8c6a\u7cbe\u54c1\u9152\u5e97(\u9752\u5c9b\u5317\u5b89\u4ea8\u8fbe\u5e97)", "order_time": ["2019-01-09 11:21:25"], "total_order": 1, "hotel_value": ["4.4"], "hotel_price": ["74"]}, "25679475": {"hotel_name": "\u9752\u5c9b\u56db\u5b63\u4e07\u4f73\u9152\u5e97\u516c\u5bd3", "order_time": ["2019-01-09 11:21:26"], "total_order": 1, "hotel_value": ["4.8"], "hotel_price": ["206"]}, "1031108": {"hotel_name": "\u9752\u5c9b\u6021\u6e05\u56ed\u5bbe\u9986", "order_time": ["2019-01-09 11:21:26"], "total_order": 1, "hotel_value": ["4.3"], "hotel_price": ["170"]}, "427936": {"hotel_name": "\u5982\u5bb6\u5feb\u6377\u9152\u5e97(\u9752\u5c9b\u6d77\u5c14\u8def\u4f1a\u5c55\u4e2d\u5fc3\u6d77\u6c34\u6d74\u573a\u5e97)", "order_time": ["2019-01-09 11:21:27"], "total_order": 1, "hotel_value": ["4.4"], "hotel_price": ["121"]}, "1604945": {"hotel_name": "\u7231\u5c0a\u5ba2\u9152\u5e97(\u9752\u5c9b\u53f0\u4e1c\u6b65\u884c\u8857\u5e97)", "order_time": ["2019-01-09 11:21:27"], "total_order": 1, "hotel_value": ["4.3"], "hotel_price": ["74"]}, "5980423": {"hotel_name": "\u89c2\u6d77\u57ce\u6d77\u666f\u516c\u5bd3(\u9752\u5c9b\u706b\u8f66\u7ad9\u6808\u6865\u5e97)", "order_time": ["2019-01-09 11:21:27"], "total_order": 1, "hotel_value": ["4.7"], "hotel_price": ["77"]}, "430450": {"hotel_name": "\u9752\u5c9b\u666f\u56ed\u5047\u65e5\u9152\u5e97", "order_time": ["2019-01-09 11:21:28"], "total_order": 1, "hotel_value": ["4.5"], "hotel_price": ["557"]}, "5006032": {"hotel_name": "\u542c\u6d77\u8f69\u5ea6\u5047\u516c\u5bd3\u9152\u5e97(\u9752\u5c9b\u4e2d\u8054\u81ea\u7531\u6e2f\u6e7e\u5e97)", "order_time": ["2019-01-09 11:21:29"], "total_order": 1, "hotel_value": ["4.6"], "hotel_price": ["63"]}, "1348429": {"hotel_name": "\u5c1a\u5ba2\u4f18\u5feb\u6377\u9152\u5e97\uff08\u9752\u5c9b\u6808\u6865\u706b\u8f66\u7ad9\u5e97\uff09", "order_time": ["2019-01-09 11:21:29"], "total_order": 1, "hotel_value": ["3.8"], "hotel_price": ["55"]}, "2082416": {"hotel_name": "7\u5929\u8fde\u9501\u9152\u5e97(\u9752\u5c9b\u6d41\u4ead\u673a\u573a\u5e97)", "order_time": ["2019-01-09 11:23:24"], "total_order": 1, "hotel_value": ["4.1"], "hotel_price": ["94"]}, "446858": {"hotel_name": "\u9752\u5c9b\u534e\u80fd\u5bbe\u9986", "order_time": ["2019-01-09 11:23:24"], "total_order": 1, "hotel_value": ["4.6"], "hotel_price": ["130"]}, "5152698": {"hotel_name": "\u6854\u5b50\u9152\u5e97\u00b7\u7cbe\u9009(\u9752\u5c9b\u6d77\u5c14\u8def\u5e97)", "order_time": ["2019-01-09 11:23:24"], "total_order": 1, "hotel_value": ["4.9"], "hotel_price": ["408"]}, "12252847": {"hotel_name": "\u9752\u5c9b\u9890\u84dd\u5fc3\u820d\u9152\u5e97", "order_time": ["2019-01-09 11:23:24"], "total_order": 1, "hotel_value": ["4.6"], "hotel_price": ["169"]}, "1418968": {"hotel_name": "\u82b1\u6eaa\u5ba2\u6808(\u9752\u5c9b\u90a3\u9c81\u6e7e\u5e97)", "order_time": ["2019-01-09 11:23:25"], "total_order": 1, "hotel_value": ["4.5"], "hotel_price": ["79"]}, "2298529": {"hotel_name": "\u9526\u6c5f\u4e4b\u661f(\u9752\u5c9b\u5f00\u53d1\u533a\u4e95\u5188\u5c71\u8def\u5e97)", "order_time": ["2019-01-09 11:23:25"], "total_order": 1, "hotel_value": ["4.6"], "hotel_price": ["129"]}, "11839810": {"hotel_name": "\u9752\u5c9b\u89c2\u6d77\u671b\u6708\u7b2c\u4e00\u6392\u6d77\u666f\u516c\u5bd3", "order_time": ["2019-01-09 11:23:25"], "total_order": 1, "hotel_value": ["5.0"], "hotel_price": ["85"]}, "6114888": {"hotel_name": "\u5982\u5bb6\u5546\u65c5\u9152\u5e97(\u9752\u5c9b\u9ec4\u5c9b\u8463\u5bb6\u53e3\u6e2f\u6cca\u91cc\u5730\u94c1\u7ad9\u5e97)", "order_time": ["2019-01-09 11:23:26"], "total_order": 1, "hotel_value": ["4.8"], "hotel_price": ["136"]}, "428592": {"hotel_name": "\u9752\u5c9b\u9c81\u5546\u51ef\u60a6\u9152\u5e97", "order_time": ["2019-01-09 11:23:27", "2019-01-09 11:27:25"], "total_order": 2, "hotel_value": ["4.6", "4.6"], "hotel_price": ["748", "748"]}, "2084467": {"hotel_name": "\u9752\u5c9b678\u673a\u573a\u516c\u5bd3\u9152\u5e97(\u7533\u6e2f\u82b1\u56ed\u5e97)", "order_time": ["2019-01-09 11:23:28"], "total_order": 1, "hotel_value": ["4.6"], "hotel_price": ["80"]}, "607180": {"hotel_name": "\u5168\u5b63\u9152\u5e97(\u9752\u5c9b\u9999\u6e2f\u4e2d\u8def\u5e97)", "order_time": ["2019-01-09 11:23:46"], "total_order": 1, "hotel_value": ["4.6"], "hotel_price": ["256"]}, "1306753": {"hotel_name": "\u9752\u5c9b\u51ef\u83b1\u5546\u52a1\u9152\u5e97", "order_time": ["2019-01-09 11:25:24"], "total_order": 1, "hotel_value": ["4.2"], "hotel_price": ["146"]}, "21121707": {"hotel_name": "\u5b9c\u820d\u4e3b\u9898\u9152\u5e97(\u9752\u5c9b\u91d1\u6c99\u6ee9\u77f3\u6cb9\u5927\u5b66\u5e97)", "order_time": ["2019-01-09 11:25:24"], "total_order": 1, "hotel_value": ["4.8"], "hotel_price": ["59"]}, "1936932": {"hotel_name": "\u9752\u5c9b\u89c2\u6d77\u6f6e\u5546\u52a1\u9152\u5e97(\u5d02\u5c71\u8def\u5e97)", "order_time": ["2019-01-09 11:25:25"], "total_order": 1, "hotel_value": ["4.6"], "hotel_price": ["90"]}, "8870574": {"hotel_name": "\u745e\u666e\u5170\u987f\u81f3\u5c0a\u9152\u5e97\u00b7\u9752\u5c9b\u5609\u5e74\u534e\u5e97", "order_time": ["2019-01-09 11:25:25"], "total_order": 1, "hotel_value": ["4.5"], "hotel_price": ["124"]}, "456949": {"hotel_name": "\u9752\u5c9b\u9ec4\u6d77\u996d\u5e97", "order_time": ["2019-01-09 11:25:25"], "total_order": 1, "hotel_value": ["4.7"], "hotel_price": ["358"]}, "8182955": {"hotel_name": "\u6cca\u4e91\u5c1a\u9009\u5ead\u9662\u9152\u5e97(\u9752\u5c9b\u897f\u6d77\u5cb8\u4e1c\u65b9\u5f71\u90fd\u4e07\u8fbe\u8302\u5e97)", "order_time": ["2019-01-09 11:25:26"], "total_order": 1, "hotel_value": ["4.9"], "hotel_price": ["256"]}, "2304927": {"hotel_name": "\u9752\u5c9b\u5bcc\u6da6\u9601\u5927\u9152\u5e97", "order_time": ["2019-01-09 11:25:27"], "total_order": 1, "hotel_value": ["4.6"], "hotel_price": ["94"]}, "513254": {"hotel_name": "\u9752\u5c9b\u671b\u6d77\u56fd\u9645\u9152\u5e97", "order_time": ["2019-01-09 11:25:28"], "total_order": 1, "hotel_value": ["4.9"], "hotel_price": ["376"]}, "1182386": {"hotel_name": "Inhotels&\u76f8\u9685\u7cbe\u5bbf(\u9752\u5c9b\u4e07\u8c61\u57ce\u5e97)", "order_time": ["2019-01-09 11:27:26"], "total_order": 1, "hotel_value": ["4.5"], "hotel_price": ["101"]}, "669757": {"hotel_name": "\u9752\u5c9b\u5b9d\u9f99\u827a\u7b51\u9152\u5e97", "order_time": ["2019-01-09 11:27:27"], "total_order": 1, "hotel_value": ["4.5"], "hotel_price": ["184"]}, "1316453": {"hotel_name": "\u6c49\u5ead\u9152\u5e97(\u9752\u5c9b\u798f\u5dde\u5357\u8def\u5e97)", "order_time": ["2019-01-09 11:27:27"], "total_order": 1, "hotel_value": ["4.2"], "hotel_price": ["115"]}, "2469555": {"hotel_name": "\u5373\u58a8\u8fb0\u5b63\u7cbe\u54c1\u9152\u5e97", "order_time": ["2019-01-09 11:27:28"], "total_order": 1, "hotel_value": ["4.5"], "hotel_price": ["214"]}, "1372825": {"hotel_name": "\u5982\u5bb6\u5feb\u6377\u9152\u5e97(\u9752\u5c9b\u674e\u6ca7\u4e5d\u6c34\u8def\u4e07\u8fbe\u5e7f\u573a\u5e97)", "order_time": ["2019-01-09 11:27:29"], "total_order": 1, "hotel_value": ["4.5"], "hotel_price": ["106"]}, "895414": {"hotel_name": "\u4e2d\u94c1\u9752\u5c9b\u4e2d\u5fc3\u9152\u5e97\u516c\u5bd3", "order_time": ["2019-01-09 11:29:26"], "total_order": 1, "hotel_value": ["4.6"], "hotel_price": ["339"]}, "535990": {"hotel_name": "\u9752\u5c9b\u8fdc\u6d0b\u5927\u9152\u5e97", "order_time": ["2019-01-09 11:29:26"], "total_order": 1, "hotel_value": ["4.6"], "hotel_price": ["336"]}, "901719": {"hotel_name": "7\u5929\u8fde\u9501\u9152\u5e97(\u9752\u5c9b\u6d77\u5c14\u5de5\u4e1a\u56ed\u5b9d\u9f99\u5e7f\u573a\u5e97)", "order_time": ["2019-01-09 11:29:26"], "total_order": 1, "hotel_value": ["4.6"], "hotel_price": ["99"]}, "1942102": {"hotel_name": "\u683c\u6797\u8c6a\u6cf0\u9152\u5e97(\u9752\u5c9b\u4e66\u9662\u8def\u8fbe\u7fc1\u5e7f\u573a\u5e97)", "order_time": ["2019-01-09 11:29:26"], "total_order": 1, "hotel_value": ["4.3"], "hotel_price": ["81"]}, "1938134": {"hotel_name": "\u83ab\u6cf0168(\u9752\u5c9b\u674e\u6751\u5730\u94c1\u7ad9\u6b65\u884c\u8857\u5e97)", "order_time": ["2019-01-09 11:29:26"], "total_order": 1, "hotel_value": ["4.5"], "hotel_price": ["103"]}, "5689807": {"hotel_name": "\u6c40\u6f9c\u9152\u5e97\u516c\u5bd3(\u9752\u5c9b\u4e94\u56db\u5e7f\u573a\u4e2d\u94c1\u4e2d\u5fc3\u5e97)", "order_time": ["2019-01-09 11:29:27"], "total_order": 1, "hotel_value": ["4.8"], "hotel_price": ["211"]}, "6258277": {"hotel_name": "\u90fd\u5e02118\u9752\u5c9b\u57ce\u9633\u68d8\u6d2a\u6ee9\u9752\u5927\u5e97", "order_time": ["2019-01-09 11:29:27"], "total_order": 1, "hotel_value": ["4.4"], "hotel_price": ["137"]}, "5549364": {"hotel_name": "\u9752\u5c9b\u897f\u6d77\u5cb8\u9686\u548c\u827e\u7f8e\u5ea6\u5047\u9152\u5e97", "order_time": ["2019-01-09 11:29:28"], "total_order": 1, "hotel_value": ["4.6"], "hotel_price": ["388"]}, "2513230": {"hotel_name": "\u9752\u5c9b\u65af\u7ef4\u767b\u5ea6\u5047\u516c\u5bd3(\u91d1\u6c99\u6ee9\u5c71\u6d77\u6e7e)", "order_time": ["2019-01-09 11:29:30"], "total_order": 1, "hotel_value": ["4.3"], "hotel_price": ["131"]}, "1477983": {"hotel_name": "\u83b1\u897f\u99a8\u5bbf\u4e3b\u9898\u6982\u5ff5\u9152\u5e97", "order_time": ["2019-01-09 11:29:48"], "total_order": 1, "hotel_value": ["4.5"], "hotel_price": ["90"]}, "12826140": {"hotel_name": "\u80f6\u5dde\u8309\u8389\u660e\u6708\u516c\u5bd3", "order_time": ["2019-01-09 11:29:48"], "total_order": 1, "hotel_value": [0], "hotel_price": ["126"]}, "8394909": {"hotel_name": "\u5343\u591c\u5ea6\u5047\u516c\u5bd3(\u9752\u5c9b\u6d41\u4ead\u673a\u573a\u5e97)", "order_time": ["2019-01-09 11:31:24"], "total_order": 1, "hotel_value": ["4.5"], "hotel_price": ["119"]}, "5930261": {"hotel_name": "\u9752\u5c9b\u9ec4\u5c9b\u6cf0\u6210\u559c\u6765\u767b\u9152\u5e97", "order_time": ["2019-01-09 11:31:24"], "total_order": 1, "hotel_value": ["4.6"], "hotel_price": ["582"]}, "13740994": {"hotel_name": "\u9752\u5c9b\u90fd\u5e02118\u7cbe\u9009\u9152\u5e97\u6625\u9633\u8def\u5e97", "order_time": ["2019-01-09 11:31:25"], "total_order": 1, "hotel_value": ["4.6"], "hotel_price": ["98"]}, "762421": {"hotel_name": "\u9752\u5c9b\u534e\u5e1d\u99a8\u82d1\u5546\u52a1\u9152\u5e97", "order_time": ["2019-01-09 11:31:25"], "total_order": 1, "hotel_value": ["4.5"], "hotel_price": ["121"]}, "8417192": {"hotel_name": "\u9752\u5c9b\u82b1\u6735\u5feb\u6377\u9152\u5e97", "order_time": ["2019-01-09 11:31:25"], "total_order": 1, "hotel_value": ["4.4"], "hotel_price": ["125"]}, "481705": {"hotel_name": "\u9752\u5c9b\u56fd\u9645\u9ad8\u5c14\u592b\u4ff1\u4e50\u90e8", "order_time": ["2019-01-09 11:31:26"], "total_order": 1, "hotel_value": ["3.9"], "hotel_price": ["87"]}, "1979422": {"hotel_name": "\u9752\u5c9b\u4f18\u5c1a\u5feb\u6377\u9152\u5e97", "order_time": ["2019-01-09 11:31:26"], "total_order": 1, "hotel_value": ["4.1"], "hotel_price": ["80"]}, "486063": {"hotel_name": "\u9752\u5c9b\u56fd\u4fe1\u6d77\u5929\u4f53\u80b2\u4e2d\u5fc3\u9152\u5e97", "order_time": ["2019-01-09 11:31:27"], "total_order": 1, "hotel_value": ["4.5"], "hotel_price": ["200"]}}}