{"\u5f00\u59cb\u8bb0\u5f55\u65f6\u95f4": "2019-01-17 17:09:58", "\u7ed3\u675f\u8bb0\u5f55\u65f6\u95f4": "2019-01-17 18:15:52", "\u8ba2\u5355\u603b\u589e\u91cf": 339, "item": {"430396": {"hotel_name": "\u9752\u5c9b\u5b9d\u9f99\u798f\u670b\u559c\u6765\u767b\u9152\u5e97", "order_time": ["2019-01-17 17:12:57"], "total_order": 1, "hotel_value": ["4.6"], "hotel_price": ["581"]}, "6577116": {"hotel_name": "\u9752\u5c9b\u60a6\u6f9c\u9152\u5e97\u516c\u5bd3(\u4e94\u56db\u5e7f\u573a\u4e2d\u94c1\u4e2d\u5fc3\u5e97)", "order_time": ["2019-01-17 17:12:57"], "total_order": 1, "hotel_value": ["4.8"], "hotel_price": ["309"]}, "669110": {"hotel_name": "\u9752\u5c9b\u5e7f\u4e1a\u9526\u6c5f\u5927\u9152\u5e97", "order_time": ["2019-01-17 18:01:00", "2019-01-17 18:14:17", "2019-01-17 17:12:59"], "total_order": 3, "hotel_value": ["4.6", "4.6", "4.6"], "hotel_price": ["384", "384", "384"]}, "8426688": {"hotel_name": "\u5982\u5bb6\u7cbe\u9009\u9152\u5e97(\u9752\u5c9b\u706b\u8f66\u7ad9\u6808\u6865\u5e97)", "order_time": ["2019-01-17 17:13:00"], "total_order": 1, "hotel_value": ["4.6"], "hotel_price": ["164"]}, "801573": {"hotel_name": "\u9752\u5c9b\u5eb7\u5927\u8c6a\u751f\u5927\u9152\u5e97", "order_time": ["2019-01-17 17:13:00"], "total_order": 1, "hotel_value": ["4.7"], "hotel_price": ["388"]}, "4738805": {"hotel_name": "\u9752\u5c9b\u7231\u5c0a\u5ba2\u8fde\u9501\u9152\u5e97(\u8fbd\u6e90\u8def\u5e97)", "order_time": ["2019-01-17 17:13:03"], "total_order": 1, "hotel_value": ["4.4"], "hotel_price": ["113"]}, "1371788": {"hotel_name": "\u6854\u5b50\u00b7\u6c34\u6676\u9152\u5e97(\u9752\u5c9b\u4e94\u56db\u5e7f\u573a\u6d77\u666f\u5e97)", "order_time": ["2019-01-17 17:26:09", "2019-01-17 17:13:04", "2019-01-17 17:50:09"], "total_order": 3, "hotel_value": ["4.7", "4.7", "4.7"], "hotel_price": ["379", "379", "379"]}, "2301079": {"hotel_name": "\u7231\u5c0a\u5ba2\u9152\u5e97(\u9752\u5c9b\u516b\u5927\u5173\u5e97)", "order_time": ["2019-01-17 17:39:08", "2019-01-17 17:13:07"], "total_order": 2, "hotel_value": ["4.6", "4.6"], "hotel_price": ["104", "104"]}, "371190": {"hotel_name": "\u9752\u5c9b\u9999\u683c\u91cc\u62c9\u5927\u9152\u5e97", "order_time": ["2019-01-17 17:13:07", "2019-01-17 17:32:29"], "total_order": 2, "hotel_value": ["4.7", "4.7"], "hotel_price": ["748", "748"]}, "17284887": {"hotel_name": "\u9752\u5c9b\u897f\u6d77\u5cb8\u5510\u5c9b\u6e7e\u516c\u56ed\u4e9a\u6735\u9152\u5e97", "order_time": ["2019-01-17 17:13:09"], "total_order": 1, "hotel_value": ["4.8"], "hotel_price": ["361"]}, "4739327": {"hotel_name": "\u9752\u5c9b\u84dd\u5929\u65c5\u9986", "order_time": ["2019-01-17 17:13:12"], "total_order": 1, "hotel_value": [0], "hotel_price": ["30"]}, "1113370": {"hotel_name": "\u5373\u58a8\u65e5\u6708\u8c37\u5047\u65e5\u6e29\u6cc9", "order_time": ["2019-01-17 17:13:16"], "total_order": 1, "hotel_value": ["1.9"], "hotel_price": ["268"]}, "1706760": {"hotel_name": "\u9752\u5c9b\u5929\u6210\u5bbe\u9986", "order_time": ["2019-01-17 17:13:18"], "total_order": 1, "hotel_value": ["4.2"], "hotel_price": ["18"]}, "1541913": {"hotel_name": "\u9752\u5c9b\u6c11\u822a\u673a\u573a\u5bbe\u9986", "order_time": ["2019-01-17 17:13:28"], "total_order": 1, "hotel_value": ["4.5"], "hotel_price": ["299"]}, "27711969": {"hotel_name": "\u9752\u5c9b\u9ed1\u9f99\u6c5f\u4e2d\u8def\u4e9a\u6735\u9152\u5e97", "order_time": ["2019-01-17 17:13:28"], "total_order": 1, "hotel_value": ["4.9"], "hotel_price": ["288"]}, "346318": {"hotel_name": "\u9752\u5c9b\u80f6\u5dde\u7eff\u57ce\u559c\u6765\u767b\u9152\u5e97", "order_time": ["2019-01-17 17:34:02", "2019-01-17 17:14:28"], "total_order": 2, "hotel_value": ["4.6", "4.6"], "hotel_price": ["482", "482"]}, "10823774": {"hotel_name": "\u5982\u5bb6\u5546\u65c5\u9152\u5e97(\u9752\u5c9b\u5373\u58a8\u56fd\u9645\u535a\u89c8\u4e2d\u5fc3\u5c71\u4e1c\u5927\u5b66\u5e97)", "order_time": ["2019-01-17 17:15:16"], "total_order": 1, "hotel_value": ["4.7"], "hotel_price": ["159"]}, "1165332": {"hotel_name": "\u96c5\u60a6\u7cbe\u81f4\u9152\u5e97(\u9752\u5c9b\u53f0\u4e1c\u5564\u9152\u8857\u5e97)", "order_time": ["2019-01-17 17:15:18"], "total_order": 1, "hotel_value": ["4.3"], "hotel_price": ["68"]}, "16203907": {"hotel_name": "\u67ab\u53f6\u9152\u5e97\u5f0f\u516c\u5bd3(\u9752\u5c9b\u77f3\u6cb9\u5927\u5b66\u543e\u60a6\u5e7f\u573a\u5e97)", "order_time": ["2019-01-17 17:15:18"], "total_order": 1, "hotel_value": ["4.8"], "hotel_price": ["67"]}, "16127878": {"hotel_name": "\u9752\u5c9b\u73e0\u5c71\u5927\u996d\u5e97", "order_time": ["2019-01-17 17:15:18"], "total_order": 1, "hotel_value": ["4.7"], "hotel_price": ["290"]}, "5634587": {"hotel_name": "\u9e97\u67ab\u9152\u5e97(\u9752\u5c9b\u4e94\u56db\u5e7f\u573a\u5e97)(\u539f\u9752\u5c9b\u5b81\u590f\u8def\u5730\u94c1\u7ad9\u5e97)", "order_time": ["2019-01-17 17:15:18"], "total_order": 1, "hotel_value": ["4.7"], "hotel_price": ["199"]}, "994089": {"hotel_name": "\u5982\u5bb6\u5feb\u6377\u9152\u5e97(\u9752\u5c9b\u706b\u8f66\u5317\u7ad9\u632f\u534e\u8def\u5730\u94c1\u7ad9\u5e97)", "order_time": ["2019-01-17 17:15:19"], "total_order": 1, "hotel_value": ["4.4"], "hotel_price": ["103"]}, "2357425": {"hotel_name": "\u9752\u5e74\u00b7\u90fd\u5e02\u8ff7\u4f60(\u9752\u5c9b\u5564\u9152\u8857\u5e97)", "order_time": ["2019-01-17 17:15:20"], "total_order": 1, "hotel_value": ["4.5"], "hotel_price": ["58"]}, "19597710": {"hotel_name": "\u9752\u5c9b\u6cdb\u6d77\u542c\u98ce\u5546\u52a1\u9152\u5e97", "order_time": ["2019-01-17 17:15:21"], "total_order": 1, "hotel_value": ["4.9"], "hotel_price": ["500"]}, "994152": {"hotel_name": "\u5982\u5bb6\u5feb\u6377\u9152\u5e97(\u9752\u5c9b\u9ed1\u9f99\u6c5f\u4e2d\u8def\u5d02\u5c71\u9ad8\u79d1\u6280\u56ed\u5e97)(\u539f\u6d77\u5c14\u5de5\u4e1a\u56ed\u9ed1\u9f99\u6c5f\u4e2d\u8def\u5e97)", "order_time": ["2019-01-17 17:45:32", "2019-01-17 17:15:21"], "total_order": 2, "hotel_value": ["4.5", "4.5"], "hotel_price": ["112", "112"]}, "2306006": {"hotel_name": "\u683c\u6797\u8c6a\u6cf0(\u9752\u5c9b\u706b\u8f66\u7ad9\u5e7f\u573a\u5e97)", "order_time": ["2019-01-17 17:15:21"], "total_order": 1, "hotel_value": ["4.7"], "hotel_price": ["75"]}, "1725945": {"hotel_name": "\u9752\u5c9b\u7acb\u80dc\u6b23\u5927\u9152\u5e97", "order_time": ["2019-01-17 17:15:22"], "total_order": 1, "hotel_value": ["4.8"], "hotel_price": ["119"]}, "1344275": {"hotel_name": "\u9752\u5c9b\u56ed\u6f84\u5bb6\u5b66\u957f\u516c\u5bd3(\u539f\u56ed\u6f84\u5bb6\u5546\u52a1\u5bbe\u9986)", "order_time": ["2019-01-17 17:15:22"], "total_order": 1, "hotel_value": ["4.1"], "hotel_price": ["71"]}, "13547901": {"hotel_name": "\u9526\u6c5f\u4e4b\u661f\u54c1\u5c1a(\u9752\u5c9b\u6cca\u91cc\u8463\u5bb6\u53e3\u5e97)", "order_time": ["2019-01-17 17:15:23"], "total_order": 1, "hotel_value": ["4.8"], "hotel_price": ["169"]}, "393099": {"hotel_name": "\u9752\u5c9b\u5bcc\u529b\u827e\u7f8e\u9152\u5e97", "order_time": ["2019-01-17 17:17:25", "2019-01-17 17:15:24"], "total_order": 2, "hotel_value": ["4.6", "4.6"], "hotel_price": ["571", "571"]}, "1373267": {"hotel_name": "\u5982\u5bb6\u5feb\u6377\u9152\u5e97(\u9752\u5c9b\u674e\u6751\u5730\u94c1\u7ad9\u6b65\u884c\u8857\u5e97)", "order_time": ["2019-01-17 17:15:24"], "total_order": 1, "hotel_value": ["4.6"], "hotel_price": ["109"]}, "1281661": {"hotel_name": "\u9752\u5c9b\u745e\u9716\u00b7\u57ce\u5e02mini\u9152\u5e97(\u539f\u9752\u5e74\u90fd\u5e02\u8ff7\u4f60\u9152\u5e97\u53f0\u4e1c\u5546\u4e1a\u533a\u4e07\u8fbe\u5e97)", "order_time": ["2019-01-17 17:15:26"], "total_order": 1, "hotel_value": ["4.4"], "hotel_price": ["69"]}, "1667258": {"hotel_name": "7\u5929\u8fde\u9501\u9152\u5e97(\u9752\u5c9b\u5564\u9152\u8857\u5e97)", "order_time": ["2019-01-17 17:15:28"], "total_order": 1, "hotel_value": ["3.8"], "hotel_price": ["89"]}, "2509075": {"hotel_name": "\u5c1a\u5ba2\u4f18\u9a8f\u6021\u8fde\u9501\u9152\u5e97(\u9752\u5c9b\u519c\u4e1a\u5927\u5b66\u5e97)", "order_time": ["2019-01-17 17:17:22", "2019-01-17 18:09:48"], "total_order": 2, "hotel_value": ["3.7", "3.7"], "hotel_price": ["78", "78"]}, "700933": {"hotel_name": "678\u9152\u5e97(\u9752\u5c9b\u519c\u5927\u4e3b\u9898\u7cbe\u54c1\u5e97)", "order_time": ["2019-01-17 17:17:34"], "total_order": 1, "hotel_value": ["4.6"], "hotel_price": ["99"]}, "427965": {"hotel_name": "\u5982\u5bb6\u5546\u65c5\u9152\u5e97(\u9752\u5c9b\u4e94\u56db\u5e7f\u573a\u5c71\u4e1c\u8def\u6fb3\u67ef\u739b\u7acb\u4ea4\u6865\u5e97)", "order_time": ["2019-01-17 17:17:40"], "total_order": 1, "hotel_value": ["4.7"], "hotel_price": ["159"]}, "1535266": {"hotel_name": "\u9752\u5c9b\u6808\u6865\u706b\u8f66\u7ad9\u4e3b\u9898\u6d77\u666f\u65e5\u79df\u623f", "order_time": ["2019-01-17 17:17:41"], "total_order": 1, "hotel_value": ["4.4"], "hotel_price": ["33"]}, "2163126": {"hotel_name": "\u51ef\u60a6\u963f\u739b\u5c3c\u5546\u52a1\u5bbe\u9986(\u83b1\u897f\u70df\u53f0\u8def\u5e97)", "order_time": ["2019-01-17 17:18:18"], "total_order": 1, "hotel_value": ["4.4"], "hotel_price": ["113"]}, "8576083": {"hotel_name": "\u7ef4\u4e5f\u7eb3\u667a\u597d\u9152\u5e97(\u9752\u5c9b\u57ce\u9633\u6d41\u4ead\u673a\u573a\u5e97)", "order_time": ["2019-01-17 17:19:24"], "total_order": 1, "hotel_value": ["4.8"], "hotel_price": ["250"]}, "16018600": {"hotel_name": "\u683c\u6797\u4e1c\u65b9\u9152\u5e97(\u9752\u5c9b\u4e16\u7eaa\u516c\u56ed\u6d41\u4ead\u673a\u573a\u5e97)", "order_time": ["2019-01-17 17:19:25"], "total_order": 1, "hotel_value": ["4.5"], "hotel_price": ["139"]}, "430450": {"hotel_name": "\u9752\u5c9b\u666f\u56ed\u5047\u65e5\u9152\u5e97", "order_time": ["2019-01-17 17:19:27"], "total_order": 1, "hotel_value": ["4.5"], "hotel_price": ["616"]}, "6107278": {"hotel_name": "\u5c1a\u5ba2\u4f18\u7cbe\u9009\u9152\u5e97(\u9752\u5c9b\u5373\u58a8\u5f00\u53d1\u533a\u65b0\u653f\u5e9c\u5e97)(\u539f\u8fbd\u6cb3\u4e00\u8def\u5e97)", "order_time": ["2019-01-17 17:19:33"], "total_order": 1, "hotel_value": ["4.2"], "hotel_price": ["93"]}, "1728255": {"hotel_name": "7\u5929\u8fde\u9501\u9152\u5e97(\u9752\u5c9b\u9999\u6e2f\u4e1c\u8def\u6781\u5730\u6d77\u6d0b\u4e16\u754c\u5e97)", "order_time": ["2019-01-17 17:19:34"], "total_order": 1, "hotel_value": ["3.7"], "hotel_price": ["89"]}, "21826038": {"hotel_name": "\u9752\u5c9b\u6c49\u5353\u9152\u5e97", "order_time": ["2019-01-17 18:07:29", "2019-01-17 17:19:36"], "total_order": 2, "hotel_value": ["4.7", "4.7"], "hotel_price": ["424", "424"]}, "1882702": {"hotel_name": "\u9526\u6c5f\u4e4b\u661f(\u9752\u5c9b\u957f\u9014\u6c7d\u8f66\u603b\u7ad9\u5e97)", "order_time": ["2019-01-17 17:19:41"], "total_order": 1, "hotel_value": ["4.4"], "hotel_price": ["139"]}, "1779270": {"hotel_name": "\u9752\u5c9b\u5174\u9633\u5b9c\u5bb6\u5546\u52a1\u5bbe\u9986", "order_time": ["2019-01-17 17:39:47", "2019-01-17 17:19:55"], "total_order": 2, "hotel_value": ["4.3", "4.3"], "hotel_price": ["84", "84"]}, "1870250": {"hotel_name": "\u5c1a\u5ba2\u4f18\u5feb\u6377\u9152\u5e97(\u9752\u5c9b\u53f0\u4e1c\u5546\u4e1a\u56ed\u5e97)(\u539f\u5ef6\u5b89\u4e09\u8def\u5e97)", "order_time": ["2019-01-17 17:19:59"], "total_order": 1, "hotel_value": ["3.8"], "hotel_price": ["79"]}, "2309481": {"hotel_name": "\u5c1a\u5ba2\u4f18\u9a8f\u6021\u57ce\u9645\u9152\u5e97(\u9752\u5c9b\u5f00\u53d1\u533a\u5bcc\u6625\u6c5f\u8def\u5e97)", "order_time": ["2019-01-17 17:21:26"], "total_order": 1, "hotel_value": ["4.2"], "hotel_price": ["70"]}, "1697269": {"hotel_name": "\u9752\u5c9b\u4e16\u82d1\u4e3d\u820d\u5546\u52a1\u9152\u5e97", "order_time": ["2019-01-17 17:21:26"], "total_order": 1, "hotel_value": ["4.1"], "hotel_price": ["140"]}, "5781820": {"hotel_name": "\u9752\u5c9bAdour\u6735\u6d77\u666f\u9152\u5e97", "order_time": ["2019-01-17 17:21:29"], "total_order": 1, "hotel_value": ["4.4"], "hotel_price": ["153"]}, "428039": {"hotel_name": "\u548c\u7f8e\u5bb6\u9152\u5e97(\u9752\u5c9b\u9999\u6e2f\u4e1c\u8def\u9752\u5c9b\u5927\u5b66\u6781\u5730\u6d77\u6d0b\u4e16\u754c\u5e97)", "order_time": ["2019-01-17 17:21:29"], "total_order": 1, "hotel_value": ["4.2"], "hotel_price": ["78"]}, "5494318": {"hotel_name": "\u9752\u5c9b\u6770\u514b\u00b7\u4e39\u5c3c\u9152\u5e97", "order_time": ["2019-01-17 17:21:31"], "total_order": 1, "hotel_value": ["4.4"], "hotel_price": ["134"]}, "9361728": {"hotel_name": "\u9752\u5c9b\u6d45\u91ce\u516c\u5bd3", "order_time": ["2019-01-17 17:21:31"], "total_order": 1, "hotel_value": ["4.6"], "hotel_price": ["99"]}, "21336281": {"hotel_name": "\u661f\u7a0b\u9152\u5e97(\u9752\u5c9b\u9ad8\u65b0\u533a\u521b\u4e1a\u5927\u53a6\u65b9\u7279\u5e97)(\u539f\u9a7f\u4e4b\u5c9b\u9152\u5e97\u5f0f\u516c\u5bd3)", "order_time": ["2019-01-17 17:21:32"], "total_order": 1, "hotel_value": ["4.6"], "hotel_price": ["173"]}, "2302130": {"hotel_name": "\u9752\u5c9b\u5609\u9038\u8c6a\u5ead\u8fde\u9501\u9152\u5e97", "order_time": ["2019-01-17 17:21:32"], "total_order": 1, "hotel_value": ["4.3"], "hotel_price": ["79"]}, "450195": {"hotel_name": "\u90fd\u5e02118(\u9752\u5c9b\u6b63\u9633\u8def\u804c\u6559\u4e2d\u5fc3\u5e97)", "order_time": ["2019-01-17 17:21:32"], "total_order": 1, "hotel_value": ["4.3"], "hotel_price": ["89"]}, "1925767": {"hotel_name": "\u9752\u5c9b\u7d2b\u73a5\u94c2\u5c14\u66fc\u9152\u5e97", "order_time": ["2019-01-17 17:21:34"], "total_order": 1, "hotel_value": ["4.5"], "hotel_price": ["421"]}, "1745472": {"hotel_name": "\u5373\u58a8\u68ee\u5965\u5bbe\u9986", "order_time": ["2019-01-17 17:26:18", "2019-01-17 17:21:38"], "total_order": 2, "hotel_value": ["4.8", "4.8"], "hotel_price": ["75", "75"]}, "5463909": {"hotel_name": "\u9752\u5c9b\u8fd0\u6cf0\u5927\u9152\u5e97\uff08\u5d02\u5c71\u4f1a\u5c55\u4e2d\u5fc3\u5e97\uff09", "order_time": ["2019-01-17 17:21:42"], "total_order": 1, "hotel_value": ["4.5"], "hotel_price": ["100"]}, "1727504": {"hotel_name": "\u5e73\u5ea6\u5706\u4e2d\u65b9\u5927\u9152\u5e97", "order_time": ["2019-01-17 17:23:11"], "total_order": 1, "hotel_value": ["4.7"], "hotel_price": ["173"]}, "1526968": {"hotel_name": "\u80f6\u5dde\u5929\u559c\u9152\u5e97", "order_time": ["2019-01-17 17:42:18", "2019-01-17 17:23:11"], "total_order": 2, "hotel_value": ["4.3", "4.3"], "hotel_price": ["69", "69"]}, "2152098": {"hotel_name": "\u83b1\u897f\u4ea4\u901a\u5bbe\u9986", "order_time": ["2019-01-17 17:23:12"], "total_order": 1, "hotel_value": ["4.4"], "hotel_price": ["85"]}, "2209171": {"hotel_name": "\u5c1a\u5ba2\u4f18\u54c1\u9152\u5e97(\u9752\u5c9b\u5f00\u53d1\u533a\u9999\u6c5f\u8def\u957f\u6c5f\u8d2d\u7269\u5e7f\u573a\u5e97)(\u539f\u5c1a\u5ba2\u4f18\u7cbe\u9009\u9152\u5e97)", "order_time": ["2019-01-17 17:23:48"], "total_order": 1, "hotel_value": ["4.7"], "hotel_price": ["114"]}, "1379289": {"hotel_name": "\u90fd\u5e02118(\u9752\u5c9b\u57ce\u9633\u5b9d\u9f99\u5e7f\u573a\u5e97)", "order_time": ["2019-01-17 17:23:49", "2019-01-17 17:45:31"], "total_order": 2, "hotel_value": ["4.0", "4.0"], "hotel_price": ["108", "108"]}, "8885844": {"hotel_name": "\u6b63\u9633\u5047\u65e5\u9152\u5e97(\u9752\u5c9b\u6d41\u4ead\u673a\u573a\u5e97)", "order_time": ["2019-01-17 17:23:51"], "total_order": 1, "hotel_value": ["4.8"], "hotel_price": ["154"]}, "669118": {"hotel_name": "\u9752\u5c9b\u91d1\u5b8f\u6d77\u666f\u5047\u65e5\u9152\u5e97", "order_time": ["2019-01-17 17:23:52"], "total_order": 1, "hotel_value": ["4.5"], "hotel_price": ["218"]}, "430840": {"hotel_name": "\u9752\u5c9b\u4e3d\u6676\u5927\u9152\u5e97", "order_time": ["2019-01-17 17:23:52"], "total_order": 1, "hotel_value": ["4.5"], "hotel_price": ["501"]}, "1725780": {"hotel_name": "678\u673a\u573a\u9152\u5e97", "order_time": ["2019-01-17 18:12:08", "2019-01-17 17:23:55"], "total_order": 2, "hotel_value": ["4.4", "4.4"], "hotel_price": ["95", "95"]}, "371188": {"hotel_name": "\u9752\u5c9b\u9890\u4e2d\u7687\u51a0\u5047\u65e5\u9152\u5e97", "order_time": ["2019-01-17 17:23:58"], "total_order": 1, "hotel_value": ["4.5"], "hotel_price": ["791"]}, "2084467": {"hotel_name": "\u9752\u5c9b678\u673a\u573a\u516c\u5bd3\u9152\u5e97(\u7533\u6e2f\u82b1\u56ed\u5e97)", "order_time": ["2019-01-17 17:23:58"], "total_order": 1, "hotel_value": ["4.6"], "hotel_price": ["97"]}, "791924": {"hotel_name": "\u94f6\u5ea7\u4f73\u9a7f\u9152\u5e97(\u5e73\u5ea6\u5929\u6d25\u8def\u5e97)(\u539f\u8679\u5586\u5546\u52a1\u5bbe\u9986)", "order_time": ["2019-01-17 17:25:16"], "total_order": 1, "hotel_value": ["4.5"], "hotel_price": ["99"]}, "443360": {"hotel_name": "\u5e73\u5ea6\u90fd\u5e02\u661f\u8054\u5927\u9152\u5e97", "order_time": ["2019-01-17 17:25:23"], "total_order": 1, "hotel_value": ["4.5"], "hotel_price": ["122"]}, "772111": {"hotel_name": "\u9752\u5c9b\u5a01\u65af\u6c40\u9152\u5e97", "order_time": ["2019-01-17 17:37:57", "2019-01-17 18:06:35", "2019-01-17 17:25:23", "2019-01-17 18:00:16"], "total_order": 4, "hotel_value": ["4.6", "4.6", "4.6", "4.6"], "hotel_price": ["856", "856", "758", "758"]}, "2301455": {"hotel_name": "\u9526\u6c5f\u4e4b\u661f(\u80f6\u5dde\u5e02\u80f6\u5dde\u4e1c\u8def\u5e97)", "order_time": ["2019-01-17 17:25:24"], "total_order": 1, "hotel_value": ["4.5"], "hotel_price": ["109"]}, "1501907": {"hotel_name": "\u5982\u5bb6\u5feb\u6377\u9152\u5e97(\u9752\u5c9b\u4e94\u56db\u5e7f\u573a\u5f90\u5dde\u8def\u5e97)", "order_time": ["2019-01-17 17:41:21", "2019-01-17 17:26:07"], "total_order": 2, "hotel_value": ["4.4", "4.4"], "hotel_price": ["104", "104"]}, "994153": {"hotel_name": "\u5982\u5bb6\u5feb\u6377\u9152\u5e97(\u9752\u5c9b\u706b\u8f66\u5317\u7ad9\u5e97)", "order_time": ["2019-01-17 17:26:09"], "total_order": 1, "hotel_value": ["4.3"], "hotel_price": ["184"]}, "8871600": {"hotel_name": "\u9752\u5c9b\u705c\u4e4b\u6c64\u6d77\u666f\u5ea6\u5047\u9152\u5e97", "order_time": ["2019-01-17 17:26:10"], "total_order": 1, "hotel_value": ["4.8"], "hotel_price": ["338"]}, "2637433": {"hotel_name": "\u76db\u5ef7\u6d77\u666f\u9152\u5e97(\u9752\u5c9b\u7ef4\u591a\u5229\u4e9a\u5e97)", "order_time": ["2019-01-17 17:26:11"], "total_order": 1, "hotel_value": ["4.3"], "hotel_price": ["113"]}, "427999": {"hotel_name": "\u5982\u5bb6\u7cbe\u9009\u9152\u5e97(\u9752\u5c9b\u516b\u5927\u5173\u592a\u5e73\u89d2\u516c\u56ed\u5730\u94c1\u7ad9\u5e97)", "order_time": ["2019-01-17 17:26:11"], "total_order": 1, "hotel_value": ["4.7"], "hotel_price": ["179"]}, "1696745": {"hotel_name": "\u798f\u81f4\u827a\u672f\u7cbe\u54c1\u9152\u5e97(\u9752\u5c9b\u5965\u5e06\u4e2d\u5fc3\u5e97)", "order_time": ["2019-01-17 17:26:11"], "total_order": 1, "hotel_value": ["4.5"], "hotel_price": ["94"]}, "5908521": {"hotel_name": "\u5982\u5bb6\u5feb\u6377\u9152\u5e97(\u9752\u5c9b\u6d41\u4ead\u673a\u573a\u6c11\u822a\u8def\u5e97)", "order_time": ["2019-01-17 17:26:12", "2019-01-17 17:30:23"], "total_order": 2, "hotel_value": ["4.4", "4.4"], "hotel_price": ["118", "118"]}, "1914564": {"hotel_name": "\u5373\u58a8\u8fc8\u8fbe\u5ea6\u5047\u9152\u5e97", "order_time": ["2019-01-17 17:26:13"], "total_order": 1, "hotel_value": ["4.2"], "hotel_price": ["80"]}, "1425536": {"hotel_name": "\u9752\u5c9b\u968f\u5fc3\u6240\u9047\u4e3b\u9898\u65c5\u820d(\u539f\u9752\u5c9b\u8584\u8377\u7cd6\u4e3b\u9898\u65c5\u820d)", "order_time": ["2019-01-17 17:26:18"], "total_order": 1, "hotel_value": ["4.1"], "hotel_price": ["62"]}, "1219519": {"hotel_name": "\u683c\u6797\u8c6a\u6cf0(\u9752\u5c9b\u5f00\u53d1\u533a\u5c71\u4e1c\u79d1\u6280\u5927\u5b66\u5e97)", "order_time": ["2019-01-17 17:26:18"], "total_order": 1, "hotel_value": ["4.0"], "hotel_price": ["146"]}, "2007137": {"hotel_name": "\u9752\u5c9b\u8349\u8393\u9752\u5e74\u65c5\u820d", "order_time": ["2019-01-17 17:26:20"], "total_order": 1, "hotel_value": ["4.7"], "hotel_price": ["31"]}, "1906749": {"hotel_name": "\u9752\u5c9b\u9c81\u6d77\u4e30\u5927\u9152\u5e97", "order_time": ["2019-01-17 17:26:20"], "total_order": 1, "hotel_value": ["4.4"], "hotel_price": ["133"]}, "2156027": {"hotel_name": "\u6d77\u53cb\u9152\u5e97(\u9752\u5c9b\u676d\u5dde\u8def\u5e97)", "order_time": ["2019-01-17 17:26:21"], "total_order": 1, "hotel_value": ["4.3"], "hotel_price": ["85"]}, "11083629": {"hotel_name": "\u9752\u5c9b\u5f95\u5f80\u7cbe\u54c1\u9152\u5e97", "order_time": ["2019-01-17 17:26:24"], "total_order": 1, "hotel_value": ["4.8"], "hotel_price": ["123"]}, "1546082": {"hotel_name": "\u5373\u58a8\u6797\u5cf0\u65c5\u9986", "order_time": ["2019-01-17 17:26:43"], "total_order": 1, "hotel_value": [0], "hotel_price": ["23"]}, "659834": {"hotel_name": "\u9e97\u67ab\u9152\u5e97(\u9752\u5c9b\u5317\u7ad9\u56db\u6d41\u5357\u8def\u5e97)(\u539f\u5357\u6d0b\u5927\u9152\u5e97\u9752\u5c9b\u957f\u6c99\u8def\u5e97)", "order_time": ["2019-01-17 17:27:10", "2019-01-17 17:36:21", "2019-01-17 18:00:16"], "total_order": 3, "hotel_value": ["4.7", "4.7", "4.7"], "hotel_price": ["259", "259", "261"]}, "2018605": {"hotel_name": "\u591a\u7ef4\u7cbe\u54c1\u9152\u5e97(\u9752\u5c9b\u53f0\u4e1c\u5229\u7fa4\u5e97)", "order_time": ["2019-01-17 17:28:18"], "total_order": 1, "hotel_value": ["4.1"], "hotel_price": ["94"]}, "1274014": {"hotel_name": "\u9752\u5c9b\u6885\u8bfa\u5c3c\u9152\u5e97", "order_time": ["2019-01-17 17:39:17", "2019-01-17 17:28:19"], "total_order": 2, "hotel_value": ["4.6", "4.6"], "hotel_price": ["148", "148"]}, "28528994": {"hotel_name": "\u9752\u5c9b\u6591\u9a6c\u7cbe\u4eab\u9152\u5e97", "order_time": ["2019-01-17 17:28:21"], "total_order": 1, "hotel_value": ["5.0"], "hotel_price": ["125"]}, "440316": {"hotel_name": "\u9752\u5c9b\u56db\u65b9\u5927\u9152\u5e97", "order_time": ["2019-01-17 17:28:23"], "total_order": 1, "hotel_value": ["4.4"], "hotel_price": ["77"]}, "28761837": {"hotel_name": "\u9752\u5c9b\u9c81\u8bfaR\u9152\u5e97", "order_time": ["2019-01-17 17:28:23"], "total_order": 1, "hotel_value": [0], "hotel_price": ["333"]}, "5380813": {"hotel_name": "\u90fd\u5e02118\uff08\u9752\u5c9b\u6d77\u5c14\u5de5\u4e1a\u56ed\u52b2\u677e\u4e03\u8def\u5e97\uff09", "order_time": ["2019-01-17 17:28:25"], "total_order": 1, "hotel_value": ["4.3"], "hotel_price": ["93"]}, "1502061": {"hotel_name": "\u5982\u5bb6\u5feb\u6377\u9152\u5e97(\u9752\u5c9b\u674e\u6ca7\u5cf0\u5c71\u8def\u6b65\u884c\u8857\u5e97)", "order_time": ["2019-01-17 17:28:26"], "total_order": 1, "hotel_value": ["4.5"], "hotel_price": ["105"]}, "427960": {"hotel_name": "\u5982\u5bb6\u5feb\u6377\u9152\u5e97(\u9752\u5c9b\u6d41\u4ead\u673a\u573a\u6c7d\u8f66\u5317\u7ad9\u5e97 )", "order_time": ["2019-01-17 17:28:26"], "total_order": 1, "hotel_value": ["4.4"], "hotel_price": ["128"]}, "5482123": {"hotel_name": "\u9752\u5c9b\u94f6\u6cb3\u5047\u65e5\u9152\u5e97", "order_time": ["2019-01-17 17:28:28"], "total_order": 1, "hotel_value": ["4.7"], "hotel_price": ["163"]}, "6871026": {"hotel_name": "\u9752\u5c9b\u9014\u7a0b\u5bbe\u9986\u6d41\u4ead\u673a\u573a\u5e97", "order_time": ["2019-01-17 17:28:36"], "total_order": 1, "hotel_value": ["4.7"], "hotel_price": ["75"]}, "8394450": {"hotel_name": "\u9752\u5c9b\u6f2a\u6f9c\u5ead\u5ea6\u5047\u516c\u5bd3", "order_time": ["2019-01-17 17:28:58"], "total_order": 1, "hotel_value": ["4.5"], "hotel_price": ["72"]}, "4719799": {"hotel_name": "\u9752\u5c9b\u5965\u5e06\u4e94\u56db\u5e7f\u573a\u4e9a\u6735\u9152\u5e97(\u539f\u5965\u5e06\u4e2d\u5fc3\u5e97)", "order_time": ["2019-01-17 17:30:25", "2019-01-17 17:37:18"], "total_order": 2, "hotel_value": ["4.8", "4.8"], "hotel_price": ["378", "378"]}, "669081": {"hotel_name": "\u9752\u5c9b\u4e16\u7eaa\u6587\u534e\u9152\u5e97", "order_time": ["2019-01-17 17:30:25", "2019-01-17 18:09:52", "2019-01-17 17:52:21"], "total_order": 3, "hotel_value": ["4.6", "4.6", "4.6"], "hotel_price": ["156", "156", "156"]}, "1183363": {"hotel_name": "\u9752\u5c9b\u6052\u661f\u5927\u9152\u5e97", "order_time": ["2019-01-17 17:30:25"], "total_order": 1, "hotel_value": ["4.4"], "hotel_price": ["258"]}, "669757": {"hotel_name": "\u9752\u5c9b\u5b9d\u9f99\u827a\u7b51\u9152\u5e97", "order_time": ["2019-01-17 17:30:25", "2019-01-17 17:41:17"], "total_order": 2, "hotel_value": ["4.5", "4.5"], "hotel_price": ["194", "194"]}, "436457": {"hotel_name": "\u9752\u5c9b\u6cdb\u6d77\u540d\u4eba\u9152\u5e97", "order_time": ["2019-01-17 17:30:25"], "total_order": 1, "hotel_value": ["4.4"], "hotel_price": ["310"]}, "20058929": {"hotel_name": "\u5343\u5bbf\u6d77\u666f\u5ea6\u5047\u516c\u5bd3(\u9752\u5c9b\u4f1a\u5c55\u4e2d\u5fc3\u77f3\u8001\u4eba\u6d74\u573a\u5e97)", "order_time": ["2019-01-17 17:30:25", "2019-01-17 17:39:07"], "total_order": 2, "hotel_value": ["4.8", "4.8"], "hotel_price": ["208", "208"]}, "512490": {"hotel_name": "\u9752\u5c9b\u897f\u6d77\u5cb8\u5fb7\u6cf0\u5927\u9152\u5e97", "order_time": ["2019-01-17 17:30:25"], "total_order": 1, "hotel_value": ["4.7"], "hotel_price": ["262"]}, "8396348": {"hotel_name": "\u7a7a\u94c1\u5047\u65e5\u9152\u5e97\u516c\u5bd3(\u9752\u5c9b\u673a\u573a\u4e8c\u5e97)", "order_time": ["2019-01-17 17:30:25", "2019-01-17 17:41:17"], "total_order": 2, "hotel_value": ["4.4", "4.4"], "hotel_price": ["226", "226"]}, "8531362": {"hotel_name": "\u9752\u5c9b\u6c11\u56fd\u9152\u5e97", "order_time": ["2019-01-17 17:30:25"], "total_order": 1, "hotel_value": ["4.7"], "hotel_price": ["220"]}, "8182955": {"hotel_name": "\u6cca\u4e91\u5c1a\u9009\u5ead\u9662\u9152\u5e97(\u9752\u5c9b\u897f\u6d77\u5cb8\u4e1c\u65b9\u5f71\u90fd\u4e07\u8fbe\u8302\u5e97)", "order_time": ["2019-01-17 17:30:25"], "total_order": 1, "hotel_value": ["4.9"], "hotel_price": ["256"]}, "1316372": {"hotel_name": "\u6c49\u5ead\u9152\u5e97(\u9752\u5c9b\u53f0\u4e1c\u6b65\u884c\u8857\u5e97)", "order_time": ["2019-01-17 17:30:26"], "total_order": 1, "hotel_value": ["4.5"], "hotel_price": ["113"]}, "698938": {"hotel_name": "\u9752\u5c9b\u4e16\u56ed\u5047\u65e5\u9152\u5e97", "order_time": ["2019-01-17 17:30:31"], "total_order": 1, "hotel_value": ["4.7"], "hotel_price": ["534"]}, "8901400": {"hotel_name": "\u6c49\u5ead\u9152\u5e97(\u9752\u5c9b\u6808\u6865\u706b\u8f66\u7ad9\u5e97)", "order_time": ["2019-01-17 17:30:31"], "total_order": 1, "hotel_value": ["4.5"], "hotel_price": ["132"]}, "6838355": {"hotel_name": "\u5170\u6b27\u9152\u5e97(\u9752\u5c9b\u4e94\u56db\u5e7f\u573a\u5e97)(\u539f\u65b0\u4e1c\u5927\u9152\u5e97)", "order_time": ["2019-01-17 17:30:31", "2019-01-17 18:03:27"], "total_order": 2, "hotel_value": ["5.0", "5.0"], "hotel_price": ["219", "219"]}, "2310159": {"hotel_name": "\u90fd\u5e02118(\u9752\u5c9b\u8fbd\u9633\u897f\u8def\u6d6e\u5c71\u540e\u5e97)", "order_time": ["2019-01-17 17:30:31"], "total_order": 1, "hotel_value": ["4.5"], "hotel_price": ["93"]}, "8597057": {"hotel_name": "\u9752\u5c9b\u9a7f\u65c5\u8ff7\u4f60\u65c5\u9986", "order_time": ["2019-01-17 17:30:32"], "total_order": 1, "hotel_value": ["4.0"], "hotel_price": ["93"]}, "2254847": {"hotel_name": "\u5353\u8fbe\u5546\u52a1\u5bbe\u9986(\u9752\u5c9b\u5317\u7ad9\u5e97)(\u539f\u6d77\u903899\u5feb\u6377\u5bbe\u9986)", "order_time": ["2019-01-17 17:30:43"], "total_order": 1, "hotel_value": ["3.9"], "hotel_price": ["79"]}, "23227885": {"hotel_name": "\u9752\u5c9b\u683c\u96f7\u65af\u7cbe\u9009\u9152\u5e97", "order_time": ["2019-01-17 18:07:30", "2019-01-17 17:32:25", "2019-01-17 18:03:09", "2019-01-17 17:43:26"], "total_order": 4, "hotel_value": ["4.8", "4.8", "4.8", "4.8"], "hotel_price": ["243", "243", "243", "243"]}, "470369": {"hotel_name": "\u9752\u5c9b\u96cd\u534e\u5ead\u9152\u5e97", "order_time": ["2019-01-17 17:37:03", "2019-01-17 17:32:28"], "total_order": 2, "hotel_value": ["4.3", "4.3"], "hotel_price": ["206", "206"]}, "24055729": {"hotel_name": "\u5c1a\u5ba2\u4f18\u7cbe\u9009\u9152\u5e97(\u9752\u5c9b\u4e94\u56db\u5e7f\u573a\u5965\u5e06\u5e97)", "order_time": ["2019-01-17 17:32:28", "2019-01-17 17:34:53", "2019-01-17 17:50:20"], "total_order": 3, "hotel_value": ["4.7", "4.7", "4.7"], "hotel_price": ["132", "132", "132"]}, "22673546": {"hotel_name": "\u9752\u5c9b\u65af\u7ef4\u767b\u5ea6\u5047\u516c\u5bd3(\u57ce\u9633\u533a\u653f\u5e9c)", "order_time": ["2019-01-17 17:32:28"], "total_order": 1, "hotel_value": ["4.8"], "hotel_price": ["129"]}, "16126995": {"hotel_name": "\u9752\u5c9b\u4e1c\u65b9\u5f71\u90fd\u4e07\u8fbe\u5e0c\u5c14\u987f\u9038\u6797\u9152\u5e97", "order_time": ["2019-01-17 17:32:28"], "total_order": 1, "hotel_value": ["4.6"], "hotel_price": ["465"]}, "2584685": {"hotel_name": "\u9752\u5c9b\u798f\u701b\u89c2\u9e93\u56fd\u9645\u9152\u5e97\u5f0f\u516c\u5bd3", "order_time": ["2019-01-17 17:32:29"], "total_order": 1, "hotel_value": ["4.6"], "hotel_price": ["218"]}, "450881": {"hotel_name": "\u9752\u5c9b\u57ce\u9633\u5fb7\u6cf0\u5927\u9152\u5e97", "order_time": ["2019-01-17 17:32:33"], "total_order": 1, "hotel_value": ["4.6"], "hotel_price": ["449"]}, "2030406": {"hotel_name": "\u9752\u5c9b\u805a\u946b\u7530\u5bbe\u9986", "order_time": ["2019-01-17 17:32:57"], "total_order": 1, "hotel_value": [0], "hotel_price": ["108"]}, "2624024": {"hotel_name": "\u6c49\u5ead\u9152\u5e97(\u9752\u5c9b\u9ec4\u5c9b\u4e2d\u6cfd\u56fd\u8d27\u5e97)", "order_time": ["2019-01-17 17:34:50"], "total_order": 1, "hotel_value": ["4.6"], "hotel_price": ["142"]}, "22416789": {"hotel_name": "\u9752\u5c9b\u5bb9\u9526\u9152\u5e97", "order_time": ["2019-01-17 17:34:53"], "total_order": 1, "hotel_value": ["4.7"], "hotel_price": ["102"]}, "1360631": {"hotel_name": "\u5c1a\u5ba2\u4f18\u5feb\u6377\u9152\u5e97(\u9752\u5c9b\u5965\u5e06\u4e2d\u5fc3\u5e97)", "order_time": ["2019-01-17 17:34:55"], "total_order": 1, "hotel_value": ["4.0"], "hotel_price": ["85"]}, "21808112": {"hotel_name": "\u90fd\u5e02118\u00b7\u7cbe\u9009\u9152\u5e97(\u9752\u5c9b\u57ce\u4e2d\u57ce\u5e97)", "order_time": ["2019-01-17 17:41:21", "2019-01-17 18:14:20", "2019-01-17 17:34:59"], "total_order": 3, "hotel_value": ["4.4", "4.4", "4.4"], "hotel_price": ["126", "126", "126"]}, "1302241": {"hotel_name": "\u7231\u5ba2100\u5546\u52a1\u5bbe\u9986(\u9752\u5c9b\u91cd\u5e86\u5317\u8def\u5e97)", "order_time": ["2019-01-17 17:35:07"], "total_order": 1, "hotel_value": ["4.1"], "hotel_price": ["62"]}, "2510013": {"hotel_name": "\u9752\u5c9b\u6c34\u6728\u661f\u5149\u5bbe\u9986", "order_time": ["2019-01-17 17:35:07"], "total_order": 1, "hotel_value": ["4.7"], "hotel_price": ["58"]}, "2045228": {"hotel_name": "\u5e73\u5ea6\u8d5b\u5bb6\u5ba2\u623f", "order_time": ["2019-01-17 17:36:14"], "total_order": 1, "hotel_value": ["4.2"], "hotel_price": ["88"]}, "2299218": {"hotel_name": "\u5168\u5b63\u9152\u5e97(\u9752\u5c9b\u5c71\u4e1c\u8def\u4e07\u8fbe\u5e7f\u573a\u5e97)", "order_time": ["2019-01-17 17:36:21"], "total_order": 1, "hotel_value": ["4.6"], "hotel_price": ["303"]}, "6173744": {"hotel_name": "\u5e73\u5ea6\u534e\u73ba\u5927\u9152\u5e97", "order_time": ["2019-01-17 17:37:57", "2019-01-17 17:49:28", "2019-01-17 17:42:19", "2019-01-17 17:36:21"], "total_order": 4, "hotel_value": ["4.7", "4.7", "4.7", "4.7"], "hotel_price": ["310", "310", "310", "310"]}, "2147568": {"hotel_name": "\u83b1\u897f\u534e\u73ba\u5927\u9152\u5e97", "order_time": ["2019-01-17 17:36:21"], "total_order": 1, "hotel_value": ["4.7"], "hotel_price": ["449"]}, "12274463": {"hotel_name": "\u5609\u51ef\u8c6a\u7cbe\u54c1\u9152\u5e97(\u9752\u5c9b\u5317\u5b89\u4ea8\u8fbe\u5e97)", "order_time": ["2019-01-17 17:37:01", "2019-01-17 18:07:35"], "total_order": 2, "hotel_value": ["4.4", "4.4"], "hotel_price": ["74", "74"]}, "23476363": {"hotel_name": "\u90fd\u5e02118\u8fde\u9501\u9152\u5e97(\u9752\u5c9b\u5e7f\u7535\u5927\u53a6\u5e97)", "order_time": ["2019-01-17 17:37:02"], "total_order": 1, "hotel_value": ["4.7"], "hotel_price": ["93"]}, "442301": {"hotel_name": "\u90fd\u5e02118(\u9752\u5c9b\u5d02\u5c71\u4f1a\u5c55\u4e2d\u5fc3\u5730\u94c1\u7ad9\u5e97)", "order_time": ["2019-01-17 17:37:04"], "total_order": 1, "hotel_value": ["4.4"], "hotel_price": ["106"]}, "14536959": {"hotel_name": "\u9752\u5c9b\u76db\u5148\u751f\u9152\u5e97\u5f0f\u516c\u5bd3", "order_time": ["2019-01-17 17:37:04"], "total_order": 1, "hotel_value": ["4.6"], "hotel_price": ["112"]}, "1255468": {"hotel_name": "\u6c49\u5ead\u9152\u5e97\uff08\u9752\u5c9b\u6d77\u5c14\u5de5\u4e1a\u56ed\u5730\u94c1\u5927\u53a6\u7ad9\u5e97\uff09\uff08\u539f\u6d77\u5c14\u5de5\u4e1a\u56ed\u5e97\uff09", "order_time": ["2019-01-17 17:37:11"], "total_order": 1, "hotel_value": ["4.3"], "hotel_price": ["227"]}, "6871777": {"hotel_name": "\u9752\u5c9b\u90fd\u5e02118\u8fde\u9501\u9152\u5e97\u5373\u58a8\u73af\u79c0\u8def\u5e97", "order_time": ["2019-01-17 17:37:12"], "total_order": 1, "hotel_value": ["4.0"], "hotel_price": ["113"]}, "24352363": {"hotel_name": "\u7ef4\u4e5f\u7eb3\u9152\u5e97(\u9752\u5c9b\u9ad8\u65b0\u533a\u7ea2\u5c9b\u9ad8\u94c1\u7ad9\u5e97)", "order_time": ["2019-01-17 17:37:12"], "total_order": 1, "hotel_value": ["4.7"], "hotel_price": ["229"]}, "5527970": {"hotel_name": "\u9752\u5c9b\u65af\u7ef4\u767b\u5ea6\u5047\u516c\u5bd3(\u57ce\u9633\u673a\u573a\u5e97)", "order_time": ["2019-01-17 17:37:12"], "total_order": 1, "hotel_value": ["4.7"], "hotel_price": ["119"]}, "2082416": {"hotel_name": "7\u5929\u8fde\u9501\u9152\u5e97(\u9752\u5c9b\u6d41\u4ead\u673a\u573a\u5e97)", "order_time": ["2019-01-17 17:37:12", "2019-01-17 17:50:14"], "total_order": 2, "hotel_value": ["4.1", "4.1"], "hotel_price": ["109", "109"]}, "4068819": {"hotel_name": "\u90fd\u5e02118(\u9752\u5c9b\u4f1a\u5c55\u4e2d\u5fc3\u6d77\u5c14\u8def\u5e97)(\u539f\u5d02\u5c71\u9ad8\u79d1\u56ed\u5e97)", "order_time": ["2019-01-17 17:37:13"], "total_order": 1, "hotel_value": ["4.2"], "hotel_price": ["167"]}, "427982": {"hotel_name": "\u5982\u5bb6\u5feb\u6377\u9152\u5e97(\u9752\u5c9b\u4e2d\u5c71\u8def\u5fb7\u56fd\u98ce\u60c5\u8857\u5e97)", "order_time": ["2019-01-17 17:37:13"], "total_order": 1, "hotel_value": ["4.5"], "hotel_price": ["84"]}, "5917076": {"hotel_name": "\u9752\u5c9b\u5586\u7695\u4e3d\u5885\u89c2\u6d77\u5047\u65e5\u9152\u5e97", "order_time": ["2019-01-17 17:37:14"], "total_order": 1, "hotel_value": ["4.8"], "hotel_price": ["361"]}, "2262325": {"hotel_name": "\u9752\u5c9b\u5b8f\u8fd0\u51e4\u51f0\u9152\u5e97", "order_time": ["2019-01-17 17:37:23"], "total_order": 1, "hotel_value": ["3.8"], "hotel_price": ["125"]}, "1914526": {"hotel_name": "\u661f\u7a0b\u9152\u5e97(\u9752\u5c9b\u632f\u534e\u8def\u5730\u94c1\u7ad9\u5e97)(\u539f\u9752\u5c9b\u706b\u8f66\u5317\u7ad9\u5e97)", "order_time": ["2019-01-17 17:37:57"], "total_order": 1, "hotel_value": ["4.2"], "hotel_price": ["133"]}, "385108": {"hotel_name": "\u9752\u5c9b\u6d77\u5c14\u6d32\u9645\u9152\u5e97", "order_time": ["2019-01-17 18:09:04", "2019-01-17 17:37:57", "2019-01-17 17:40:09"], "total_order": 3, "hotel_value": ["4.6", "4.6", "4.6"], "hotel_price": ["811", "811", "811"]}, "607180": {"hotel_name": "\u5168\u5b63\u9152\u5e97(\u9752\u5c9b\u9999\u6e2f\u4e2d\u8def\u5e97)", "order_time": ["2019-01-17 17:37:57"], "total_order": 1, "hotel_value": ["4.6"], "hotel_price": ["341"]}, "5214763": {"hotel_name": "\u9752\u5c9b\u65af\u7ef4\u767b\u5ea6\u5047\u516c\u5bd3(\u5965\u5e06\u4e94\u56db\u5e7f\u573a\u4e07\u8c61\u57ce)", "order_time": ["2019-01-17 17:58:05", "2019-01-17 17:57:39", "2019-01-17 17:46:33", "2019-01-17 17:39:10", "2019-01-17 17:58:42", "2019-01-17 17:57:33", "2019-01-17 17:56:33", "2019-01-17 17:57:52", "2019-01-17 17:57:44", "2019-01-17 17:57:56"], "total_order": 10, "hotel_value": ["4.8", "4.8", "4.8", "4.8", "4.8", "4.8", "4.8", "4.8", "4.8", "4.8"], "hotel_price": ["267", "267", "267", "267", "267", "267", "267", "267", "267", "267"]}, "23570404": {"hotel_name": "\u9752\u5c9b\u5e1d\u6d77\u7535\u5f71\u9152\u5e97", "order_time": ["2019-01-17 17:39:13"], "total_order": 1, "hotel_value": ["4.5"], "hotel_price": ["119"]}, "5085596": {"hotel_name": "\u9526\u6c5f\u4e4b\u661f(\u9752\u5c9b\u6ca7\u53e3\u516c\u56ed\u5e97)", "order_time": ["2019-01-17 17:39:15"], "total_order": 1, "hotel_value": ["4.7"], "hotel_price": ["149"]}, "1362121": {"hotel_name": "\u90fd\u5e02118(\u9752\u5c9b\u6b63\u9633\u8def\u5229\u7fa4\u5e97)", "order_time": ["2019-01-17 17:39:16"], "total_order": 1, "hotel_value": ["4.4"], "hotel_price": ["100"]}, "1689164": {"hotel_name": "\u9752\u5c9b\u946b\u6d77\u9152\u5e97", "order_time": ["2019-01-17 17:39:18"], "total_order": 1, "hotel_value": ["4.7"], "hotel_price": ["113"]}, "1411642": {"hotel_name": "\u83ab\u4e3d\u7cbe\u54c1\u8fde\u9501\u9152\u5e97(\u9752\u5c9b\u91d1\u6c99\u6ee9\u5e97)", "order_time": ["2019-01-17 17:39:20"], "total_order": 1, "hotel_value": ["3.6"], "hotel_price": ["59"]}, "7904531": {"hotel_name": "\u9752\u5c9b\u745e\u820d\u82b1\u5885\u7cbe\u54c1\u6c11\u5bbf(\u539f\u745e\u820d\u5ea6\u5047\u522b\u5885\u9152\u5e97)", "order_time": ["2019-01-17 17:39:21"], "total_order": 1, "hotel_value": ["4.6"], "hotel_price": ["156"]}, "2082927": {"hotel_name": "\u5e73\u5ea6\u76db\u5bb6\u5feb\u6377\u5546\u52a1\u5bbe\u9986", "order_time": ["2019-01-17 17:40:10"], "total_order": 1, "hotel_value": ["4.1"], "hotel_price": ["94"]}, "1568373": {"hotel_name": "\u9752\u5c9b\u94c2\u91d1\u4e3b\u9898\u9152\u5e97(\u674e\u6751\u6b65\u884c\u8857\u5e97)", "order_time": ["2019-01-17 17:41:19"], "total_order": 1, "hotel_value": ["3.7"], "hotel_price": ["71"]}, "15862442": {"hotel_name": "\u6c50\u60a6\u9152\u5e97\u516c\u5bd3(\u9752\u5c9b\u4e94\u56db\u5e7f\u573a\u4e2d\u94c1\u9752\u5c9b\u4e2d\u5fc3\u5e97)", "order_time": ["2019-01-17 17:41:21"], "total_order": 1, "hotel_value": ["4.8"], "hotel_price": ["209"]}, "1504359": {"hotel_name": "\u83ab\u6cf0168(\u9752\u5c9b\u80f6\u5357\u4eba\u6c11\u8def\u5546\u4e1a\u8857\u5e97)", "order_time": ["2019-01-17 17:41:22"], "total_order": 1, "hotel_value": ["4.5"], "hotel_price": ["103"]}, "6814653": {"hotel_name": "\u9752\u5c9b\u4e3d\u8272\u5bb6\u82d1\u4f4f\u5bbf", "order_time": ["2019-01-17 17:41:25"], "total_order": 1, "hotel_value": ["4.8"], "hotel_price": ["74"]}, "1741177": {"hotel_name": "\u91d1\u72ee100\u8fde\u9501\u5bbe\u9986(\u9752\u5c9b\u6d41\u4ead\u673a\u573a\u5e97)", "order_time": ["2019-01-17 17:41:27"], "total_order": 1, "hotel_value": ["3.5"], "hotel_price": ["58"]}, "24928278": {"hotel_name": "\u9752\u5c9b\u4e0a\u4e4b\u5408\u5546\u52a1\u9152\u5e97", "order_time": ["2019-01-17 17:41:32"], "total_order": 1, "hotel_value": ["5.0"], "hotel_price": ["65"]}, "2513525": {"hotel_name": "\u9752\u5c9b\u6c47\u76db\u7f18\u65c5\u9986", "order_time": ["2019-01-17 17:41:39"], "total_order": 1, "hotel_value": ["4.6"], "hotel_price": ["30"]}, "2056310": {"hotel_name": "\u5e73\u5ea6\u5bc5\u6cf0\u5546\u52a1\u9152\u5e97", "order_time": ["2019-01-17 17:42:21"], "total_order": 1, "hotel_value": [0], "hotel_price": ["96"]}, "438653": {"hotel_name": "\u9752\u5c9b\u6d77\u5929e\u5bb6\u5546\u52a1\u9152\u5e97", "order_time": ["2019-01-17 17:43:26"], "total_order": 1, "hotel_value": ["4.2"], "hotel_price": ["85"]}, "2298529": {"hotel_name": "\u9526\u6c5f\u4e4b\u661f(\u9752\u5c9b\u5f00\u53d1\u533a\u4e95\u5188\u5c71\u8def\u5e97)", "order_time": ["2019-01-17 17:43:27"], "total_order": 1, "hotel_value": ["4.6"], "hotel_price": ["129"]}, "5965835": {"hotel_name": "\u9752\u5c9bMZ\u89c2\u6d77\u5c0f\u5c4b", "order_time": ["2019-01-17 17:43:29"], "total_order": 1, "hotel_value": ["4.6"], "hotel_price": ["90"]}, "2305447": {"hotel_name": "\u9526\u6c5f\u4e4b\u661f(\u9752\u5c9b\u91cd\u5e86\u5357\u8def\u9ea6\u5fb7\u9f99\u5e97)", "order_time": ["2019-01-17 17:43:30"], "total_order": 1, "hotel_value": ["4.6"], "hotel_price": ["139"]}, "427837": {"hotel_name": "\u83ab\u6cf0168(\u9752\u5c9b\u4e2d\u5c71\u8def\u5546\u4e1a\u8857\u6808\u6865\u5e97)", "order_time": ["2019-01-17 17:43:36"], "total_order": 1, "hotel_value": ["4.4"], "hotel_price": ["78"]}, "797706": {"hotel_name": "\u7231\u5bb6\u98ce\u5c1a\u5ba2\u623f(\u9752\u5c9b\u5927\u5c27\u4e09\u8def\u5e97)", "order_time": ["2019-01-17 17:43:37"], "total_order": 1, "hotel_value": ["3.7"], "hotel_price": ["88"]}, "2263174": {"hotel_name": "\u80f6\u5dde\u57ce\u5e0279\u8fde\u9501\u9152\u5e97", "order_time": ["2019-01-17 17:44:21", "2019-01-17 17:46:27"], "total_order": 2, "hotel_value": ["4.3", "4.3"], "hotel_price": ["78", "78"]}, "1219329": {"hotel_name": "\u9752\u5c9b\u5370\u8c61\u4fbf\u6377\u8fde\u9501\u9152\u5e97", "order_time": ["2019-01-17 17:45:29"], "total_order": 1, "hotel_value": ["4.7"], "hotel_price": ["48"]}, "1649931": {"hotel_name": "\u9752\u5c9b\u65b0\u4e16\u4f73\u5546\u52a1\u5bbe\u9986", "order_time": ["2019-01-17 17:45:32"], "total_order": 1, "hotel_value": ["4.3"], "hotel_price": ["84"]}, "4960015": {"hotel_name": "\u9526\u6c5f\u4e4b\u661f\u54c1\u5c1a(\u9752\u5c9b\u56fd\u9645\u4f1a\u5c55\u4e2d\u5fc3\u82d7\u5cad\u8def\u5e97)", "order_time": ["2019-01-17 17:45:36"], "total_order": 1, "hotel_value": ["4.5"], "hotel_price": ["149"]}, "1640595": {"hotel_name": "\u9752\u5c9b\u4e0a\u6797\u6fe0\u666f\u4e3b\u9898\u9152\u5e97", "order_time": ["2019-01-17 17:45:42"], "total_order": 1, "hotel_value": ["4.3"], "hotel_price": ["75"]}, "2214091": {"hotel_name": "\u9752\u5c9b\u732b\u7a9d\u9752\u5e74\u65c5\u884c\u5ba2\u6808", "order_time": ["2019-01-17 17:46:03"], "total_order": 1, "hotel_value": ["4.5"], "hotel_price": ["90"]}, "994247": {"hotel_name": "\u5982\u5bb6\u5feb\u6377\u9152\u5e97(\u5e73\u5ea6\u9752\u5c9b\u8def\u5e97)", "order_time": ["2019-01-17 17:46:27"], "total_order": 1, "hotel_value": ["4.5"], "hotel_price": ["119"]}, "1998132": {"hotel_name": "\u80f6\u5dde\u5347\u7ea7\u5546\u52a1\u5bbe\u9986", "order_time": ["2019-01-17 17:46:29"], "total_order": 1, "hotel_value": ["4.6"], "hotel_price": ["48"]}, "18540621": {"hotel_name": "\u5982\u5bb6\u7cbe\u9009\u9152\u5e97(\u9752\u5c9b\u674e\u6ca7\u4e5d\u6c34\u4e1c\u8def\u4e07\u8fbe\u5e7f\u573a\u5e97)", "order_time": ["2019-01-17 17:48:01"], "total_order": 1, "hotel_value": ["4.7"], "hotel_price": ["255"]}, "23842821": {"hotel_name": "\u6854\u5b50\u7cbe\u9009\u9152\u5e97(\u9752\u5c9b\u80f6\u4e1c\u673a\u573a\u5e97)", "order_time": ["2019-01-17 17:49:28"], "total_order": 1, "hotel_value": ["4.9"], "hotel_price": ["246"]}, "2132624": {"hotel_name": "\u5e73\u5ea6\u6613\u6377\u5047\u65e5\u9152\u5e97", "order_time": ["2019-01-17 17:49:28"], "total_order": 1, "hotel_value": ["4.0"], "hotel_price": ["80"]}, "21124467": {"hotel_name": "\u9752\u5c9b\u65af\u7ef4\u767b\u7cbe\u54c1\u516c\u5bd3(\u4f1a\u5c55\u4e2d\u5fc3\u77f3\u8001\u4eba\u6d77\u6c34\u6d74\u573a)", "order_time": ["2019-01-17 17:49:33", "2019-01-17 17:49:34"], "total_order": 2, "hotel_value": ["4.9", "4.9"], "hotel_price": ["288", "288"]}, "18034506": {"hotel_name": "\u6c49\u5510\u9152\u5e97(\u9752\u5c9b\u6d41\u4ead\u673a\u573a\u5e97)", "order_time": ["2019-01-17 17:49:33"], "total_order": 1, "hotel_value": ["4.8"], "hotel_price": ["302"]}, "5930359": {"hotel_name": "\u9752\u5c9b\u91d1\u77f3\u56fd\u9645\u5927\u9152\u5e97", "order_time": ["2019-01-17 17:49:33"], "total_order": 1, "hotel_value": ["4.8"], "hotel_price": ["386"]}, "1730433": {"hotel_name": "\u9752\u5c9b\u4e16\u7f18\u60c5\u5047\u65e5\u9152\u5e97", "order_time": ["2019-01-17 17:50:08"], "total_order": 1, "hotel_value": ["4.5"], "hotel_price": ["158"]}, "437482": {"hotel_name": "\u9752\u5c9b\u534e\u5ba2\u5ea6\u5047\u9152\u5e97", "order_time": ["2019-01-17 17:50:09"], "total_order": 1, "hotel_value": ["4.6"], "hotel_price": ["149"]}, "445195": {"hotel_name": "\u9752\u5c9b\u4e1c\u6656\u56fd\u9645\u5927\u9152\u5e97", "order_time": ["2019-01-17 17:50:09"], "total_order": 1, "hotel_value": ["4.5"], "hotel_price": ["266"]}, "6825957": {"hotel_name": "\u9752\u5c9b\u7ef4\u591a\u5229\u4e9a\u54c1\u5982\u5bb6\u56ed\u9152\u5e97\u5f0f\u516c\u5bd3", "order_time": ["2019-01-17 17:50:09"], "total_order": 1, "hotel_value": ["4.3"], "hotel_price": ["124"]}, "6475389": {"hotel_name": "\u9752\u5c9b\u4e2d\u8054\u81ea\u7531\u6e2f\u6e7e\u53cc\u5b50\u5854\u9152\u5e97", "order_time": ["2019-01-17 17:50:09"], "total_order": 1, "hotel_value": ["4.4"], "hotel_price": ["184"]}, "19852075": {"hotel_name": "\u66dc\u77f3\u6d77\u666f\u516c\u5bd3\u9152\u5e97(\u9752\u5c9b\u4f1a\u5c55\u4e2d\u5fc3\u77f3\u8001\u4eba\u6d77\u6c34\u6d74\u573a\u5e97)", "order_time": ["2019-01-17 17:50:09"], "total_order": 1, "hotel_value": ["4.8"], "hotel_price": ["237"]}, "3442343": {"hotel_name": "\u9752\u5c9b\u9890\u84dd\u5fc3\u5bbf\u9152\u5e97", "order_time": ["2019-01-17 17:50:09"], "total_order": 1, "hotel_value": ["4.7"], "hotel_price": ["389"]}, "2265976": {"hotel_name": "\u4eac\u82d1\u667a\u5c1a\u8bbe\u8ba1\u9152\u5e97(\u9752\u5c9b\u9999\u6e2f\u4e2d\u8def\u5e97)", "order_time": ["2019-01-17 17:50:09"], "total_order": 1, "hotel_value": ["4.6"], "hotel_price": ["176"]}, "1562201": {"hotel_name": "\u5c1a\u5ba2\u4f18\u9a8f\u6021\u8fde\u9501\u9152\u5e97(\u9752\u5c9b\u9ec4\u5c9b\u6c7d\u8f66\u7ad9\u77f3\u6cb9\u5927\u5b66\u5e97)", "order_time": ["2019-01-17 17:50:10"], "total_order": 1, "hotel_value": ["4.3"], "hotel_price": ["79"]}, "1209773": {"hotel_name": "\u9752\u5c9b\u71d5\u5c9b\u4e4b\u661f\u5047\u65e5\u516c\u5bd3", "order_time": ["2019-01-17 17:50:10"], "total_order": 1, "hotel_value": ["4.5"], "hotel_price": ["74"]}, "23634927": {"hotel_name": "\u5982\u5bb6\u777f\u67cf\u00b7\u4e91\u9152\u5e97(\u9752\u5c9b\u77f3\u6cb9\u5927\u5b66\u543e\u60a6\u5e7f\u573a\u5730\u94c1\u7ad9\u5e97)", "order_time": ["2019-01-17 17:50:11"], "total_order": 1, "hotel_value": ["4.9"], "hotel_price": ["109"]}, "5073205": {"hotel_name": "\u9752\u5c9b\u6df1\u84dd\u661f\u5546\u52a1\u9152\u5e97", "order_time": ["2019-01-17 17:50:13"], "total_order": 1, "hotel_value": ["4.7"], "hotel_price": ["154"]}, "690005": {"hotel_name": "\u9752\u5c9b\u7d2b\u4e01\u9999\u996d\u5e97", "order_time": ["2019-01-17 17:50:14"], "total_order": 1, "hotel_value": ["4.5"], "hotel_price": ["208"]}, "1886446": {"hotel_name": "\u7231\u820d\u7a7a\u95f4\u5546\u52a1\u9152\u5e97(\u9752\u5c9b\u5c1a\u6ea2\u5e97)", "order_time": ["2019-01-17 17:50:15"], "total_order": 1, "hotel_value": ["4.5"], "hotel_price": ["93"]}, "994155": {"hotel_name": "\u5982\u5bb6\u5feb\u6377\u9152\u5e97(\u9752\u5c9b\u91cd\u5e86\u5357\u8def\u4e07\u79d1\u57ce\u5e97)", "order_time": ["2019-01-17 17:50:15"], "total_order": 1, "hotel_value": ["4.6"], "hotel_price": ["119"]}, "25557473": {"hotel_name": "\u9752\u5c9b\u68e0\u66fc\u9152\u5e97", "order_time": ["2019-01-17 17:50:16"], "total_order": 1, "hotel_value": ["4.6"], "hotel_price": ["149"]}, "2262529": {"hotel_name": "\u9752\u5c9b\u5373\u58a8\u5e0c\u5c14\u987f\u9038\u6797\u9152\u5e97", "order_time": ["2019-01-17 17:50:16"], "total_order": 1, "hotel_value": ["4.6"], "hotel_price": ["493"]}, "794951": {"hotel_name": "\u9752\u5c9b\u673a\u573a\u53cb\u4fe1\u822a\u7a7a\u516c\u5bd3", "order_time": ["2019-01-17 17:50:16"], "total_order": 1, "hotel_value": ["4.0"], "hotel_price": ["124"]}, "2346219": {"hotel_name": "\u661f\u7a0b\u9152\u5e97(\u9752\u5c9b\u9999\u6e2f\u4e2d\u8def\u5e97)", "order_time": ["2019-01-17 17:50:17"], "total_order": 1, "hotel_value": ["3.7"], "hotel_price": ["112"]}, "28642661": {"hotel_name": "\u9752\u5c9b\u84dd\u8272\u4e4b\u661f\u6d77\u666f\u516c\u5bd3", "order_time": ["2019-01-17 17:50:20"], "total_order": 1, "hotel_value": ["5.0"], "hotel_price": ["123"]}, "1705026": {"hotel_name": "\u6613\u4f70\u826f\u54c1\u9152\u5e97(\u9752\u5c9b\u53f0\u4e1c\u5564\u9152\u8857\u5e97)", "order_time": ["2019-01-17 17:50:21"], "total_order": 1, "hotel_value": ["3.9"], "hotel_price": ["68"]}, "22818817": {"hotel_name": "\u5609\u51ef\u8c6a\u7cbe\u54c1\u9152\u5e97(\u5373\u58a8\u9e64\u5c71\u8def\u5e97)", "order_time": ["2019-01-17 17:50:21"], "total_order": 1, "hotel_value": ["4.5"], "hotel_price": ["120"]}, "1097092": {"hotel_name": "\u6c49\u5ead\u9152\u5e97(\u9752\u5c9b\u53f0\u4e1c\u5546\u4e1a\u533a\u5e97)", "order_time": ["2019-01-17 17:52:20"], "total_order": 1, "hotel_value": ["4.3"], "hotel_price": ["94"]}, "25505657": {"hotel_name": "\u9752\u5c9b\u4e91\u6735\u7cbe\u54c1\u516c\u5bd3", "order_time": ["2019-01-17 17:52:21"], "total_order": 1, "hotel_value": ["4.9"], "hotel_price": ["73"]}, "1480178": {"hotel_name": "\u9752\u5c9b\u9c81\u798f\u7f18\u5bbe\u9986", "order_time": ["2019-01-17 17:52:46"], "total_order": 1, "hotel_value": ["4.7"], "hotel_price": ["78"]}, "995169": {"hotel_name": "\u94f6\u5ea7\u4f73\u9a7f\u9152\u5e97(\u5373\u58a8\u5c0f\u5546\u54c1\u57ce\u5e97)", "order_time": ["2019-01-17 17:54:37"], "total_order": 1, "hotel_value": ["4.3"], "hotel_price": ["117"]}, "1695052": {"hotel_name": "\u591a\u7ef4\u7cbe\u54c1\u9152\u5e97\u798f\u5dde\u5357\u8def\u5e97", "order_time": ["2019-01-17 17:54:41"], "total_order": 1, "hotel_value": ["4.3"], "hotel_price": ["83"]}, "706650": {"hotel_name": "\u5b9c\u5fc5\u601d\u9152\u5e97(\u9752\u5c9b\u57ce\u9633\u6b63\u9633\u8def\u5e97)", "order_time": ["2019-01-17 17:56:36"], "total_order": 1, "hotel_value": ["4.6"], "hotel_price": ["259"]}, "2496851": {"hotel_name": "\u5c1a\u5ba2\u4f18\u5feb\u6377\u9152\u5e97(\u9752\u5c9b\u6d41\u4ead\u673a\u573a\u5e97)", "order_time": ["2019-01-17 18:01:01", "2019-01-17 17:56:36"], "total_order": 2, "hotel_value": ["4.4", "4.4"], "hotel_price": ["134", "134"]}, "2313451": {"hotel_name": "\u6c49\u5ead\u9152\u5e97(\u9752\u5c9b\u4e07\u8c61\u57ce\u5e97)", "order_time": ["2019-01-17 17:56:40"], "total_order": 1, "hotel_value": ["4.5"], "hotel_price": ["151"]}, "8205090": {"hotel_name": "\u9752\u5c9b\u9a6c\u514b\u00b7\u7cbe\u9009\u516c\u5bd3\u57ce\u9633\u6d41\u4ead\u673a\u573a\u5e97", "order_time": ["2019-01-17 17:56:42"], "total_order": 1, "hotel_value": ["4.8"], "hotel_price": ["139"]}, "1886434": {"hotel_name": "\u7231\u820d\u7a7a\u95f4\u4e3b\u9898\u6982\u5ff5\u9152\u5e97(\u9752\u5c9b\u5965\u5e06\u4e2d\u5fc3\u738b\u5b50\u98ce\u5c1a\u5e97)", "order_time": ["2019-01-17 17:56:45"], "total_order": 1, "hotel_value": ["4.6"], "hotel_price": ["153"]}, "21125543": {"hotel_name": "\u591a\u7ef4\u7a7a\u95f4\u4e3b\u9898\u9152\u5e97(\u9752\u5c9b\u65d7\u8230\u5e97)", "order_time": ["2019-01-17 17:58:39"], "total_order": 1, "hotel_value": ["4.7"], "hotel_price": ["174"]}, "1224709": {"hotel_name": "\u901f8\u9152\u5e97(\u9752\u5c9b\u5f00\u53d1\u533a\u77f3\u6cb9\u5927\u5b66\u5e97)", "order_time": ["2019-01-17 17:58:40"], "total_order": 1, "hotel_value": ["4.5"], "hotel_price": ["103"]}, "4725953": {"hotel_name": "\u9526\u6c5f\u90fd\u57ce\u9152\u5e97(\u9752\u5c9b\u57ce\u9633\u533a\u653f\u5e9c\u5e97)", "order_time": ["2019-01-17 17:58:42"], "total_order": 1, "hotel_value": ["4.6"], "hotel_price": ["236"]}, "929520": {"hotel_name": "\u83ab\u6cf0168(\u9752\u5c9b\u674e\u6751\u5730\u94c1\u7ad9\u5cf0\u5c71\u8def\u5e97)(\u539f\u674e\u6ca7\u5e7f\u573a\u5cf0\u5c71\u8def\u5e97)", "order_time": ["2019-01-17 17:58:42"], "total_order": 1, "hotel_value": ["4.5"], "hotel_price": ["109"]}, "3745735": {"hotel_name": "\u9752\u5c9b\u83f2\u6797\u6052\u797a\u9152\u5e97", "order_time": ["2019-01-17 17:58:42"], "total_order": 1, "hotel_value": ["4.4"], "hotel_price": ["270"]}, "5024700": {"hotel_name": "\u9752\u5c9b\u591a\u60a6\u9152\u5e97", "order_time": ["2019-01-17 17:58:42"], "total_order": 1, "hotel_value": ["4.4"], "hotel_price": ["94"]}, "7114459": {"hotel_name": "\u9526\u6c5f\u4e4b\u661f\u54c1\u5c1a(\u9752\u5c9b\u897f\u6d77\u5cb8\u6c7d\u8f66\u603b\u7ad9\u5e97)(\u539f\u80f6\u5357\u6c7d\u8f66\u7ad9\u5e97)", "order_time": ["2019-01-17 17:58:44"], "total_order": 1, "hotel_value": ["4.6"], "hotel_price": ["139"]}, "5226837": {"hotel_name": "\u9752\u5c9b\u68a7\u6850\u6811\u7cbe\u54c1\u9152\u5e97", "order_time": ["2019-01-17 17:58:48"], "total_order": 1, "hotel_value": ["4.5"], "hotel_price": ["89"]}, "2389835": {"hotel_name": "\u9752\u5c9b\u84dd\u8393\u5ea6\u5047\u9152\u5e97", "order_time": ["2019-01-17 17:58:48"], "total_order": 1, "hotel_value": ["4.2"], "hotel_price": ["410"]}, "1708181": {"hotel_name": "\u9752\u5c9b\u98ce\u5c1a\u00b7\u56db\u5b63\u5047\u65e5\u9152\u5e97(\u674e\u6751\u6b65\u884c\u8857\u5965\u514b\u65af\u5e7f\u573a\u5e97)", "order_time": ["2019-01-17 17:58:48"], "total_order": 1, "hotel_value": ["4.3"], "hotel_price": ["79"]}, "891096": {"hotel_name": "\u84dd\u6d77\u5927\u996d\u5e97(\u9752\u5c9b\u541b\u5cf0\u8def\u5730\u94c1\u7ad9\u5e97)(\u539f\u674e\u6ca7\u5e97)", "order_time": ["2019-01-17 17:58:49"], "total_order": 1, "hotel_value": ["4.6"], "hotel_price": ["356"]}, "430544": {"hotel_name": "\u9752\u5c9b\u5feb\u901a\u56fd\u9645\u9152\u5e97", "order_time": ["2019-01-17 17:58:49"], "total_order": 1, "hotel_value": ["4.5"], "hotel_price": ["360"]}, "5673703": {"hotel_name": "\u9752\u5c9b\u673a\u573a\u5bcc\u534e\u9152\u5e97(\u9999\u6e2f\u4e2d\u8def\u5e97)", "order_time": ["2019-01-17 17:58:49"], "total_order": 1, "hotel_value": ["4.5"], "hotel_price": ["212"]}, "2239071": {"hotel_name": "\u5373\u58a8\u7687\u671d\u5bbe\u9986", "order_time": ["2019-01-17 17:58:49"], "total_order": 1, "hotel_value": ["4.4"], "hotel_price": ["105"]}, "1692406": {"hotel_name": "\u9752\u5c9b\u6c11\u8054\u51ef\u65cb\u9152\u5e97", "order_time": ["2019-01-17 17:58:52"], "total_order": 1, "hotel_value": ["4.5"], "hotel_price": ["298"]}, "5438559": {"hotel_name": "\u4f18\u54c1\u9152\u5e97(\u9752\u5c9b\u56db\u6d41\u5357\u8def\u5e97)", "order_time": ["2019-01-17 17:58:52"], "total_order": 1, "hotel_value": ["4.3"], "hotel_price": ["103"]}, "780412": {"hotel_name": "\u9526\u6c5f\u4e4b\u661f(\u9752\u5c9b\u5f00\u53d1\u533a\u6c5f\u5c71\u4e2d\u8def\u5e97)", "order_time": ["2019-01-17 17:58:52"], "total_order": 1, "hotel_value": ["4.4"], "hotel_price": ["119"]}, "1699833": {"hotel_name": "\u9752\u5c9b\u4e09\u5ea6\u6d77\u666f\u516c\u5bd3\u9152\u5e97", "order_time": ["2019-01-17 17:58:59"], "total_order": 1, "hotel_value": ["4.2"], "hotel_price": ["127"]}, "4743947": {"hotel_name": "\u80f6\u5dde\u9752\u5c9b\u534e\u97e9\u5609\u53cb\u5546\u52a1\u5bbe\u9986", "order_time": ["2019-01-17 18:00:20"], "total_order": 1, "hotel_value": [0], "hotel_price": ["58"]}, "1551929": {"hotel_name": "\u9752\u5c9b\u6052\u661f\u56fd\u9645\u57f9\u8bad\u4e2d\u5fc3", "order_time": ["2019-01-17 18:00:57"], "total_order": 1, "hotel_value": ["4.2"], "hotel_price": ["214"]}, "2119634": {"hotel_name": "\u9752\u5c9b\u5d02\u5c71\u6c99\u6ee9\u9152\u5e97", "order_time": ["2019-01-17 18:01:00"], "total_order": 1, "hotel_value": ["4.2"], "hotel_price": ["266"]}, "1283801": {"hotel_name": "\u6211\u7684\u5730\u76d8\u4e3b\u9898\u9152\u5e97(\u9752\u5c9b\u6b63\u9633\u4e2d\u8def\u5e97)", "order_time": ["2019-01-17 18:01:01"], "total_order": 1, "hotel_value": ["4.6"], "hotel_price": ["124"]}, "6039985": {"hotel_name": "\u9752\u5c9b\u771f\u8bda\u4f73\u9a7f\u4e3b\u9898\u9152\u5e97", "order_time": ["2019-01-17 18:01:11"], "total_order": 1, "hotel_value": ["4.3"], "hotel_price": ["97"]}, "1344232": {"hotel_name": "\u5bb6\u5ba2100\u8fde\u9501\u5bbe\u9986(\u9752\u5c9b\u6c7d\u8f66\u5317\u7ad9\u5e97)", "order_time": ["2019-01-17 18:01:12"], "total_order": 1, "hotel_value": ["3.2"], "hotel_price": ["83"]}, "5981924": {"hotel_name": "\u9752\u5c9b\u81ea\u6e38\u81ea\u5728\u9752\u5e74\u65c5\u820d", "order_time": ["2019-01-17 18:01:14"], "total_order": 1, "hotel_value": [0], "hotel_price": ["30"]}, "4628580": {"hotel_name": "\u5fc6\u5c0f\u7a9d\u9752\u5e74\u65c5\u820d(\u9752\u5c9b\u541b\u5cf0\u8def\u5730\u94c1\u7ad9\u5e97)", "order_time": ["2019-01-17 18:01:16"], "total_order": 1, "hotel_value": ["4.7"], "hotel_price": ["26"]}, "13737239": {"hotel_name": "\u62dc\u767b\u516c\u5bd3\u00b7\u9752\u5c9b\u5927\u62c7\u6307\u4f1a\u5c55\u4e2d\u5fc3\u5e97", "order_time": ["2019-01-17 18:07:26", "2019-01-17 18:03:13"], "total_order": 2, "hotel_value": ["4.6", "4.6"], "hotel_price": ["130", "141"]}, "1348429": {"hotel_name": "\u5c1a\u5ba2\u4f18\u5feb\u6377\u9152\u5e97\uff08\u9752\u5c9b\u6808\u6865\u706b\u8f66\u7ad9\u5e97\uff09", "order_time": ["2019-01-17 18:03:16"], "total_order": 1, "hotel_value": ["3.8"], "hotel_price": ["55"]}, "4747327": {"hotel_name": "\u4e2d\u8054\u81ea\u7531\u6e2f\u6e7e\u4e2d\u827a\u9152\u5e97(\u9752\u5c9b\u90ae\u8f6e\u6bcd\u6e2f\u5e97)", "order_time": ["2019-01-17 18:03:20"], "total_order": 1, "hotel_value": ["4.6"], "hotel_price": ["105"]}, "2251203": {"hotel_name": "\u90fd\u5e02118(\u9752\u5c9b\u9ec4\u5c9b\u592a\u884c\u5c71\u8def\u77f3\u6cb9\u5927\u5b66\u5e97)", "order_time": ["2019-01-17 18:03:27"], "total_order": 1, "hotel_value": ["4.6"], "hotel_price": ["84"]}, "443976": {"hotel_name": "\u90fd\u5e02118(\u9752\u5c9b\u674e\u6ca7\u6b65\u884c\u8857\u5e97)", "order_time": ["2019-01-17 18:05:20"], "total_order": 1, "hotel_value": ["4.6"], "hotel_price": ["84"]}, "1502494": {"hotel_name": "\u5982\u5bb6\u5feb\u6377\u9152\u5e97(\u9752\u5c9b\u706b\u8f66\u7ad9\u6808\u6865\u5e97)", "order_time": ["2019-01-17 18:05:23"], "total_order": 1, "hotel_value": ["4.2"], "hotel_price": ["78"]}, "994246": {"hotel_name": "\u5982\u5bb6\u5feb\u6377\u9152\u5e97(\u5373\u58a8\u84dd\u9ccc\u8def\u5b9d\u9f99\u5e7f\u573a\u5e97)", "order_time": ["2019-01-17 18:05:25"], "total_order": 1, "hotel_value": ["4.5"], "hotel_price": ["102"]}, "1692837": {"hotel_name": "\u5c1a\u5ba2\u4f18\u5feb\u6377\u9152\u5e97(\u9752\u5c9b\u5bcc\u6625\u6c5f\u8def\u957f\u9014\u7ad9\u77f3\u6cb9\u5927\u5b66\u5e97)", "order_time": ["2019-01-17 18:05:26"], "total_order": 1, "hotel_value": ["4.7"], "hotel_price": ["63"]}, "1243338": {"hotel_name": "\u5373\u58a8\u56db\u6d77\u5546\u52a1\u5bbe\u9986", "order_time": ["2019-01-17 18:05:28"], "total_order": 1, "hotel_value": ["4.3"], "hotel_price": ["119"]}, "2330606": {"hotel_name": "\u5982\u5bb6\u5feb\u6377\u9152\u5e97(\u9752\u5c9b\u6b63\u9633\u4e2d\u8def\u5229\u7fa4\u5e97)", "order_time": ["2019-01-17 18:05:32"], "total_order": 1, "hotel_value": ["4.7"], "hotel_price": ["152"]}, "2471316": {"hotel_name": "\u9752\u5c9b\u6d77\u8109\u5c9b\u5546\u52a1\u9152\u5e97", "order_time": ["2019-01-17 18:05:33"], "total_order": 1, "hotel_value": ["4.2"], "hotel_price": ["153"]}, "1181776": {"hotel_name": "\u5317\u4eac\u5927\u5b66(\u9752\u5c9b)\u56fd\u9645\u5b66\u672f\u4ea4\u6d41\u4e2d\u5fc3", "order_time": ["2019-01-17 18:05:39"], "total_order": 1, "hotel_value": ["4.2"], "hotel_price": ["101"]}, "2137391": {"hotel_name": "\u5e73\u5ea6\u9996\u9009\u5047\u65e5\u5feb\u6377\u9152\u5e97", "order_time": ["2019-01-17 18:06:27"], "total_order": 1, "hotel_value": ["3.6"], "hotel_price": ["119"]}, "481742": {"hotel_name": "\u9752\u5c9b\u4e16\u8d38\u6d77\u60a6\u5927\u9152\u5e97", "order_time": ["2019-01-17 18:07:27"], "total_order": 1, "hotel_value": ["4.7"], "hotel_price": ["245"]}, "18515525": {"hotel_name": "\u534a\u5c9b\u56fd\u9645\u9152\u5e97(\u9752\u5c9b\u674e\u6751\u5730\u94c1\u7ad9\u5e97)", "order_time": ["2019-01-17 18:07:29"], "total_order": 1, "hotel_value": ["4.5"], "hotel_price": ["193"]}, "1969052": {"hotel_name": "\u9752\u5c9b\u56fd\u79d1\u6d77\u666f\u516c\u5bd3\u9152\u5e97", "order_time": ["2019-01-17 18:07:35"], "total_order": 1, "hotel_value": ["4.4"], "hotel_price": ["97"]}, "1448742": {"hotel_name": "\u683c\u6797\u8c6a\u6cf0\u9152\u5e97(\u9752\u5c9b\u5f00\u53d1\u533a\u6b66\u5937\u5c71\u8def\u4f73\u4e16\u5ba2\u8d2d\u7269\u4e2d\u5fc3\u5e97)", "order_time": ["2019-01-17 18:07:35"], "total_order": 1, "hotel_value": ["4.6"], "hotel_price": ["94"]}, "2134839": {"hotel_name": "\u9752\u5c9b\u7f8e\u5885\u5047\u671f\u9152\u5e9711\u53f7\u6d77\u8fb9\u522b\u5885", "order_time": ["2019-01-17 18:07:37", "2019-01-17 18:12:12"], "total_order": 2, "hotel_value": ["4.9", "4.9"], "hotel_price": ["798", "798"]}, "8829440": {"hotel_name": "\u9752\u5c9b\u7ea2\u5c9b\u7ecf\u6d4e\u533a\u610f\u5885\u6e7e\u9152\u5e97", "order_time": ["2019-01-17 18:07:38"], "total_order": 1, "hotel_value": ["4.6"], "hotel_price": ["473"]}, "3384535": {"hotel_name": "\u9752\u5c9b\u65af\u7ef4\u767b\u670d\u52a1\u516c\u5bd3(\u9999\u6e2f\u4e2d\u8def\u4e3d\u6676\u5fa1\u7b51)", "order_time": ["2019-01-17 18:09:53"], "total_order": 1, "hotel_value": ["4.5"], "hotel_price": ["159"]}, "1031108": {"hotel_name": "\u9752\u5c9b\u6021\u6e05\u56ed\u5bbe\u9986", "order_time": ["2019-01-17 18:09:54"], "total_order": 1, "hotel_value": ["4.3"], "hotel_price": ["184"]}, "7286595": {"hotel_name": "\u9752\u5c9b\u4e94\u56db\u5e7f\u573a\u5965\u5e06\u4e2d\u5fc3\u9ad8\u5c42\u6d77\u666f\u516c\u5bd3", "order_time": ["2019-01-17 18:10:17"], "total_order": 1, "hotel_value": [0], "hotel_price": ["699"]}, "2003292": {"hotel_name": "\u683c\u6797\u8c6a\u6cf0\u5feb\u6377\u9152\u5e97(\u80f6\u5dde\u5927\u540c\u5927\u53a6\u5e97)", "order_time": ["2019-01-17 18:11:20"], "total_order": 1, "hotel_value": ["4.2"], "hotel_price": ["144"]}, "427993": {"hotel_name": "\u5982\u5bb6\u5feb\u6377\u9152\u5e97(\u9752\u5c9b\u80f6\u5dde\u6d77\u5c14\u5927\u9053\u6c7d\u8f66\u7ad9\u5e97)", "order_time": ["2019-01-17 18:11:28"], "total_order": 1, "hotel_value": ["4.5"], "hotel_price": ["112"]}, "8358075": {"hotel_name": "\u9752\u5c9b\u65af\u7c73\u5170\u6d77\u666f\u5ea6\u5047\u516c\u5bd3\u4e2d\u8054\u81ea\u7531\u6e2f\u6e7e\u5e97", "order_time": ["2019-01-17 18:12:02"], "total_order": 1, "hotel_value": ["4.7"], "hotel_price": ["70"]}, "709567": {"hotel_name": "\u90fd\u5e02\u5ba2\u5ea6\u5047\u516c\u5bd3(\u9752\u5c9b\u5d02\u5c71\u5927\u62c7\u6307\u6df1\u84dd\u516c\u5bd3\u5e97)", "order_time": ["2019-01-17 18:12:02"], "total_order": 1, "hotel_value": ["4.4"], "hotel_price": ["124"]}, "996591": {"hotel_name": "\u9752\u5c9b\u5b8f\u8fd0\u5927\u9152\u5e97", "order_time": ["2019-01-17 18:12:03"], "total_order": 1, "hotel_value": ["4.6"], "hotel_price": ["139"]}, "12783308": {"hotel_name": "\u9752\u5c9b\u4e94\u8272\u6d77\u82b1\u56ed\u7f8e\u5bbf", "order_time": ["2019-01-17 18:12:04"], "total_order": 1, "hotel_value": ["4.7"], "hotel_price": ["383"]}, "8860171": {"hotel_name": "\u5982\u5bb6\u5546\u65c5\u9152\u5e97(\u9752\u5c9b\u706b\u8f66\u5317\u7ad9\u91d1\u6c34\u8def\u5e97)(\u539f\u91cd\u5e86\u8def\u5e97)", "order_time": ["2019-01-17 18:12:08"], "total_order": 1, "hotel_value": ["4.7"], "hotel_price": ["188"]}, "2304497": {"hotel_name": "\u53cc\u73e0\u84dd\u6e2f\u5927\u9152\u5e97(\u9752\u5c9b\u8463\u5bb6\u53e3\u5e97)", "order_time": ["2019-01-17 18:12:12"], "total_order": 1, "hotel_value": ["4.4"], "hotel_price": ["113"]}, "2033534": {"hotel_name": "\u5e73\u5ea6\u65b0\u4f73\u82d1\u5546\u52a1\u5bbe\u9986", "order_time": ["2019-01-17 18:13:25"], "total_order": 1, "hotel_value": [0], "hotel_price": ["30"]}, "17192038": {"hotel_name": "\u8302\u53f7\u5ea6\u5047\u516c\u5bd3\u9152\u5e97(\u9752\u5c9b\u4e07\u8fbe\u4e1c\u65b9\u5f71\u90fd\u5e97)", "order_time": ["2019-01-17 18:14:33"], "total_order": 1, "hotel_value": ["4.6"], "hotel_price": ["93"]}, "8581474": {"hotel_name": "\u9752\u5c9b\u4e3d\u8d1d\u5c9b\u6808\u6865\u6f9c\u6d77\u65e5\u79df\u623f", "order_time": ["2019-01-17 18:14:33"], "total_order": 1, "hotel_value": ["4.1"], "hotel_price": ["35"]}}}