{"\u5f00\u59cb\u8bb0\u5f55\u65f6\u95f4": "2019-01-07 07:58:00", "\u7ed3\u675f\u8bb0\u5f55\u65f6\u95f4": "2019-01-07 08:58:00", "\u8ba2\u5355\u603b\u589e\u91cf": 148, "item": {"9561035": {"hotel_name": "\u9752\u5c9b\u6469\u767b\u4e0a\u57ce\u670d\u52a1\u516c\u5bd3(\u94f6\u76db\u6cf0\u65b0\u7a7a\u95f4)", "order_time": ["2019-01-07 08:00:09"], "total_order": 1, "hotel_value": ["4.4"], "hotel_price": ["126"]}, "1645358": {"hotel_name": "\u81ea\u7531\u884c\u9752\u5e74\u65c5\u793e(\u9752\u5c9b\u6808\u6865\u706b\u8f66\u7ad9\u5e97)", "order_time": ["2019-01-07 08:00:10"], "total_order": 1, "hotel_value": ["4.6"], "hotel_price": ["17"]}, "669081": {"hotel_name": "\u9752\u5c9b\u4e16\u7eaa\u6587\u534e\u9152\u5e97", "order_time": ["2019-01-07 08:00:10"], "total_order": 1, "hotel_value": ["4.6"], "hotel_price": ["150"]}, "1181681": {"hotel_name": "\u9752\u5c9b\u65af\u7ef4\u767b\u5ea6\u5047\u516c\u5bd3(\u91d1\u6c99\u6ee9\u4e0a\u6d41\u6c47)", "order_time": ["2019-01-07 08:00:10"], "total_order": 1, "hotel_value": ["4.7"], "hotel_price": ["209"]}, "18034506": {"hotel_name": "\u6c49\u5510\u9152\u5e97(\u9752\u5c9b\u6d41\u4ead\u673a\u573a\u5e97)", "order_time": ["2019-01-07 08:02:09"], "total_order": 1, "hotel_value": ["4.8"], "hotel_price": ["200"]}, "5226837": {"hotel_name": "\u9752\u5c9b\u68a7\u6850\u6811\u7cbe\u54c1\u9152\u5e97", "order_time": ["2019-01-07 08:04:09"], "total_order": 1, "hotel_value": ["4.5"], "hotel_price": ["72"]}, "436457": {"hotel_name": "\u9752\u5c9b\u6cdb\u6d77\u540d\u4eba\u9152\u5e97", "order_time": ["2019-01-07 08:04:09"], "total_order": 1, "hotel_value": ["4.4"], "hotel_price": ["305"]}, "8426688": {"hotel_name": "\u5982\u5bb6\u7cbe\u9009\u9152\u5e97(\u9752\u5c9b\u706b\u8f66\u7ad9\u6808\u6865\u5e97)", "order_time": ["2019-01-07 08:04:09"], "total_order": 1, "hotel_value": ["4.6"], "hotel_price": ["158"]}, "427999": {"hotel_name": "\u5982\u5bb6\u7cbe\u9009\u9152\u5e97(\u9752\u5c9b\u516b\u5927\u5173\u592a\u5e73\u89d2\u516c\u56ed\u5730\u94c1\u7ad9\u5e97)", "order_time": ["2019-01-07 08:04:10", "2019-01-07 08:08:10"], "total_order": 2, "hotel_value": ["4.7", "4.7"], "hotel_price": ["158", "158"]}, "5247254": {"hotel_name": "\u90fd\u5e02118(\u9752\u5c9b\u56fd\u9645\u521b\u65b0\u56ed\u5e97)(\u539f\u5d02\u5c71\u6d77\u6d0b\u5927\u5b66\u5e97)", "order_time": ["2019-01-07 08:04:10"], "total_order": 1, "hotel_value": ["4.6"], "hotel_price": ["134"]}, "7316689": {"hotel_name": "\u9752\u5c9b\u661f\u9a7f\u8fde\u9501\u9152\u5e97", "order_time": ["2019-01-07 08:04:11"], "total_order": 1, "hotel_value": ["4.8"], "hotel_price": ["63"]}, "2509075": {"hotel_name": "\u5c1a\u5ba2\u4f18\u9a8f\u6021\u8fde\u9501\u9152\u5e97(\u9752\u5c9b\u519c\u4e1a\u5927\u5b66\u5e97)", "order_time": ["2019-01-07 08:06:12"], "total_order": 1, "hotel_value": ["3.7"], "hotel_price": ["73"]}, "19846790": {"hotel_name": "\u7b51\u7f8e\u5370\u8c61\u9152\u5e97\u5f0f\u516c\u5bd3(\u9752\u5c9b\u53f0\u4e1c\u6b65\u884c\u8857\u5e97)", "order_time": ["2019-01-07 08:06:13"], "total_order": 1, "hotel_value": ["4.7"], "hotel_price": ["99"]}, "1165293": {"hotel_name": "\u9752\u5c9b\u5c1a\u54c1\u4e91\u56fe\u5bbe\u9986", "order_time": ["2019-01-07 08:06:14"], "total_order": 1, "hotel_value": ["4.2"], "hotel_price": ["65"]}, "891096": {"hotel_name": "\u84dd\u6d77\u5927\u996d\u5e97(\u9752\u5c9b\u541b\u5cf0\u8def\u5730\u94c1\u7ad9\u5e97)(\u539f\u674e\u6ca7\u5e97)", "order_time": ["2019-01-07 08:08:09"], "total_order": 1, "hotel_value": ["4.6"], "hotel_price": ["356"]}, "6871777": {"hotel_name": "\u9752\u5c9b\u90fd\u5e02118\u8fde\u9501\u9152\u5e97\u5373\u58a8\u73af\u79c0\u8def\u5e97", "order_time": ["2019-01-07 08:08:10"], "total_order": 1, "hotel_value": ["3.8"], "hotel_price": ["111"]}, "5463909": {"hotel_name": "\u9752\u5c9b\u8fd0\u6cf0\u5927\u9152\u5e97\uff08\u5d02\u5c71\u4f1a\u5c55\u4e2d\u5fc3\u5e97\uff09", "order_time": ["2019-01-07 08:08:10"], "total_order": 1, "hotel_value": ["4.5"], "hotel_price": ["115"]}, "1287621": {"hotel_name": "\u6e2f\u6e7e\u5370\u8c61\u8fde\u9501\u9152\u5e97(\u9752\u5c9b\u674e\u6751\u541b\u5cf0\u8def\u5730\u94c1\u7ad9\u5e97) ", "order_time": ["2019-01-07 08:46:12", "2019-01-07 08:08:10", "2019-01-07 08:22:12"], "total_order": 3, "hotel_value": ["3.9", "3.9", "3.9"], "hotel_price": ["69", "69", "69"]}, "1886446": {"hotel_name": "\u7231\u820d\u7a7a\u95f4\u5546\u52a1\u9152\u5e97(\u9752\u5c9b\u5c1a\u6ea2\u5e97)", "order_time": ["2019-01-07 08:08:11"], "total_order": 1, "hotel_value": ["4.5"], "hotel_price": ["93"]}, "2310196": {"hotel_name": "\u7231\u5c0a\u5ba2\u9152\u5e97(\u9752\u5c9b\u9999\u6c5f\u8def\u5e97)", "order_time": ["2019-01-07 08:10:12"], "total_order": 1, "hotel_value": ["4.4"], "hotel_price": ["72"]}, "514315": {"hotel_name": "\u9752\u5c9b\u5f97\u5b9d\u6e7e\u6d77\u666f\u5927\u9152\u5e97", "order_time": ["2019-01-07 08:10:12"], "total_order": 1, "hotel_value": ["4.2"], "hotel_price": ["329"]}, "780409": {"hotel_name": "\u9526\u6c5f\u4e4b\u661f(\u9752\u5c9b\u676d\u5dde\u8def\u5e97)", "order_time": ["2019-01-07 08:10:12"], "total_order": 1, "hotel_value": ["4.6"], "hotel_price": ["119"]}, "1259981": {"hotel_name": "\u9752\u5c9b\u4e2d\u5929\u6d77\u666f\u9152\u5e97\uff08\u6808\u6865\u706b\u8f66\u7ad9\u5e97\uff09", "order_time": ["2019-01-07 08:10:12"], "total_order": 1, "hotel_value": ["4.8"], "hotel_price": ["61"]}, "1217939": {"hotel_name": "\u7231\u5c0a\u5ba2\u8fde\u9501\u9152\u5e97(\u9752\u5c9b\u5728\u6c34\u4e00\u65b9\u57ce\u9633\u519c\u4e1a\u5927\u5b66\u5e97)", "order_time": ["2019-01-07 08:10:12"], "total_order": 1, "hotel_value": ["4.1"], "hotel_price": ["81"]}, "1283801": {"hotel_name": "\u6211\u7684\u5730\u76d8\u4e3b\u9898\u9152\u5e97(\u9752\u5c9b\u6b63\u9633\u4e2d\u8def\u5e97)", "order_time": ["2019-01-07 08:10:13"], "total_order": 1, "hotel_value": ["4.5"], "hotel_price": ["117"]}, "4960015": {"hotel_name": "\u9526\u6c5f\u4e4b\u661f\u54c1\u5c1a(\u9752\u5c9b\u56fd\u9645\u4f1a\u5c55\u4e2d\u5fc3\u82d7\u5cad\u8def\u5e97)", "order_time": ["2019-01-07 08:12:10"], "total_order": 1, "hotel_value": ["4.5"], "hotel_price": ["147"]}, "22673546": {"hotel_name": "\u9752\u5c9b\u65af\u7ef4\u767b\u5ea6\u5047\u516c\u5bd3(\u57ce\u9633\u533a\u653f\u5e9c)", "order_time": ["2019-01-07 08:36:11", "2019-01-07 08:12:10"], "total_order": 2, "hotel_value": ["4.8", "4.8"], "hotel_price": ["119", "119"]}, "11083629": {"hotel_name": "\u9752\u5c9b\u5f95\u5f80\u7cbe\u54c1\u9152\u5e97", "order_time": ["2019-01-07 08:12:11"], "total_order": 1, "hotel_value": ["4.8"], "hotel_price": ["123"]}, "712009": {"hotel_name": "\u9752\u5c9b\u7231\u5bb6\u5ba2\u6d77\u666f\u65e5\u79df\u623f", "order_time": ["2019-01-07 08:12:11"], "total_order": 1, "hotel_value": ["4.8"], "hotel_price": ["29"]}, "536113": {"hotel_name": "\u9752\u5c9b\u5f00\u5143\u540d\u90fd\u5927\u9152\u5e97", "order_time": ["2019-01-07 08:12:11"], "total_order": 1, "hotel_value": ["4.7"], "hotel_price": ["386"]}, "996027": {"hotel_name": "\u9752\u5c9b\u91d1\u6c99\u6ee9\u5e0c\u5c14\u987f\u9152\u5e97", "order_time": ["2019-01-07 08:12:11"], "total_order": 1, "hotel_value": ["4.6"], "hotel_price": ["656"]}, "1196353": {"hotel_name": "\u9752\u5c9b\u4e1c\u6d77\u5047\u65e5\u5ea6\u5047\u516c\u5bd3", "order_time": ["2019-01-07 08:12:13", "2019-01-07 08:28:11"], "total_order": 2, "hotel_value": ["4.5", "4.5"], "hotel_price": ["73", "73"]}, "1585409": {"hotel_name": "\u9752\u5c9b\u5d02\u5c71\u534e\u73ba\u5927\u9152\u5e97", "order_time": ["2019-01-07 08:14:11"], "total_order": 1, "hotel_value": ["4.7"], "hotel_price": ["368"]}, "1925767": {"hotel_name": "\u9752\u5c9b\u7d2b\u73a5\u94c2\u5c14\u66fc\u9152\u5e97", "order_time": ["2019-01-07 08:14:11"], "total_order": 1, "hotel_value": ["4.5"], "hotel_price": ["471"]}, "19852075": {"hotel_name": "\u66dc\u77f3\u6d77\u666f\u516c\u5bd3\u9152\u5e97(\u9752\u5c9b\u4f1a\u5c55\u4e2d\u5fc3\u77f3\u8001\u4eba\u6d77\u6c34\u6d74\u573a\u5e97)", "order_time": ["2019-01-07 08:14:11"], "total_order": 1, "hotel_value": ["4.8"], "hotel_price": ["237"]}, "8849809": {"hotel_name": "\u9752\u5c9b\u8587\u7231\u7cbe\u54c1\u65f6\u5c1a\u9152\u5e97", "order_time": ["2019-01-07 08:14:12"], "total_order": 1, "hotel_value": ["4.4"], "hotel_price": ["81"]}, "1318891": {"hotel_name": "\u6c49\u5ead\u9152\u5e97(\u5373\u58a8\u670d\u88c5\u57ce\u5e97)", "order_time": ["2019-01-07 08:14:13"], "total_order": 1, "hotel_value": ["4.6"], "hotel_price": ["128"]}, "430419": {"hotel_name": "\u9752\u5c9b\u4e2d\u5fc3\u5047\u65e5\u9152\u5e97", "order_time": ["2019-01-07 08:16:11"], "total_order": 1, "hotel_value": ["4.7"], "hotel_price": ["543"]}, "21678840": {"hotel_name": "\u51ef\u66fc\u516c\u5bd3(\u9752\u5c9b\u6b63\u9633\u4e2d\u8def\u5e97)", "order_time": ["2019-01-07 08:16:11", "2019-01-07 08:22:12"], "total_order": 2, "hotel_value": ["4.6", "4.6"], "hotel_price": ["103", "103"]}, "1199523": {"hotel_name": "\u4e50\u5bb6\u8f69\u96c5\u81f4\u7cbe\u9009\u516c\u5bd3(\u9752\u5c9b\u5965\u5e06\u4e94\u56db\u5e7f\u573a\u5e97)", "order_time": ["2019-01-07 08:16:11"], "total_order": 1, "hotel_value": ["4.5"], "hotel_price": ["184"]}, "1374289": {"hotel_name": "\u83ab\u6cf0168(\u9752\u5c9b\u5f00\u53d1\u533a\u957f\u6c5f\u4e2d\u8def\u533a\u653f\u5e9c\u91d1\u6c99\u6ee9\u5e97)", "order_time": ["2019-01-07 08:16:12"], "total_order": 1, "hotel_value": ["4.4"], "hotel_price": ["103"]}, "5524393": {"hotel_name": "\u9752\u5c9b\u9c81\u90a6\u7231\u5bb6\u516c\u5bd3", "order_time": ["2019-01-07 08:16:13"], "total_order": 1, "hotel_value": ["4.3"], "hotel_price": ["93"]}, "1986965": {"hotel_name": "\u9752\u5c9b\u6d77\u534e\u9601\u4e3b\u9898\u5bbe\u9986", "order_time": ["2019-01-07 08:16:17"], "total_order": 1, "hotel_value": ["3.7"], "hotel_price": ["70"]}, "2785519": {"hotel_name": "\u83b1\u897f\u897f\u519c\u5546\u52a1\u9152\u5e97", "order_time": ["2019-01-07 08:16:18"], "total_order": 1, "hotel_value": ["4.3"], "hotel_price": ["71"]}, "5999421": {"hotel_name": "\u7a7a\u94c1\u5047\u65e5\u9152\u5e97\u516c\u5bd3(\u9752\u5c9b\u673a\u573a\u5e97)", "order_time": ["2019-01-07 08:18:09"], "total_order": 1, "hotel_value": ["4.5"], "hotel_price": ["216"]}, "13180834": {"hotel_name": "\u5c1a\u5ba2\u4f18\u7cbe\u9009\u9152\u5e97(\u9752\u5c9b\u4e16\u7eaa\u516c\u56ed\u6d41\u4ead\u673a\u573a\u5e97)(\u539f\u57ce\u9633\u4e16\u7eaa\u516c\u56ed\u5e97)", "order_time": ["2019-01-07 08:18:09"], "total_order": 1, "hotel_value": ["4.7"], "hotel_price": ["130"]}, "21735796": {"hotel_name": "\u9752\u5c9b\u4e94\u56db\u5e7f\u573a\u4e9a\u6735\u9152\u5e97", "order_time": ["2019-01-07 08:40:08", "2019-01-07 08:18:09"], "total_order": 2, "hotel_value": ["4.8", "4.8"], "hotel_price": ["310", "310"]}, "9152521": {"hotel_name": "\u9752\u5c9b\u597d\u5ba2\u8054\u76df\u8fde\u9501\u9152\u5e97\u7075\u5c71\u6e7e\u8def\u5546\u4e1a\u8857\u5e97", "order_time": ["2019-01-07 08:18:09"], "total_order": 1, "hotel_value": ["4.7"], "hotel_price": ["82"]}, "2152098": {"hotel_name": "\u83b1\u897f\u4ea4\u901a\u5bbe\u9986", "order_time": ["2019-01-07 08:18:17"], "total_order": 1, "hotel_value": ["4.3"], "hotel_price": ["84"]}, "1483944": {"hotel_name": "\u9752\u5c9b\u878d\u6d77\u4e16\u56ed\u9152\u5e97", "order_time": ["2019-01-07 08:22:12"], "total_order": 1, "hotel_value": ["4.7"], "hotel_price": ["308"]}, "427997": {"hotel_name": "\u5982\u5bb6\u5feb\u6377\u9152\u5e97(\u9752\u5c9b\u57ce\u9633\u6b63\u9633\u4e2d\u8def\u5e97)", "order_time": ["2019-01-07 08:22:12"], "total_order": 1, "hotel_value": ["4.4"], "hotel_price": ["126"]}, "2209171": {"hotel_name": "\u5c1a\u5ba2\u4f18\u54c1\u9152\u5e97(\u9752\u5c9b\u5f00\u53d1\u533a\u9999\u6c5f\u8def\u957f\u6c5f\u8d2d\u7269\u5e7f\u573a\u5e97)(\u539f\u5c1a\u5ba2\u4f18\u7cbe\u9009\u9152\u5e97)", "order_time": ["2019-01-07 08:26:11", "2019-01-07 08:22:15"], "total_order": 2, "hotel_value": ["4.7", "4.7"], "hotel_price": ["111", "111"]}, "700933": {"hotel_name": "678\u9152\u5e97(\u9752\u5c9b\u519c\u5927\u4e3b\u9898\u7cbe\u54c1\u5e97)", "order_time": ["2019-01-07 08:24:09", "2019-01-07 08:36:10", "2019-01-07 08:54:12"], "total_order": 3, "hotel_value": ["4.6", "4.6", "4.6"], "hotel_price": ["81", "81", "81"]}, "1732982": {"hotel_name": "\u534e\u9a7f\u9152\u5e97(\u9752\u5c9b\u897f\u6d77\u5cb8\u6c7d\u8f66\u603b\u7ad9\u5e97)", "order_time": ["2019-01-07 08:24:10"], "total_order": 1, "hotel_value": ["4.5"], "hotel_price": ["83"]}, "4725953": {"hotel_name": "\u9526\u6c5f\u90fd\u57ce\u9152\u5e97(\u9752\u5c9b\u57ce\u9633\u533a\u653f\u5e9c\u5e97)", "order_time": ["2019-01-07 08:26:11", "2019-01-07 08:30:10"], "total_order": 2, "hotel_value": ["4.6", "4.6"], "hotel_price": ["239", "239"]}, "428001": {"hotel_name": "\u5982\u5bb6\u5feb\u6377\u9152\u5e97(\u9752\u5c9b\u57ce\u9633\u6625\u9633\u8def\u519c\u4e1a\u5927\u5b66\u5e97)", "order_time": ["2019-01-07 08:28:10", "2019-01-07 08:46:09"], "total_order": 2, "hotel_value": ["4.6", "4.6"], "hotel_price": ["117", "121"]}, "4154655": {"hotel_name": "\u9752\u5c9b\u56db\u5b63\u6d77\u5cb8\u6d77\u666f\u5ea6\u5047\u516c\u5bd3", "order_time": ["2019-01-07 08:28:10"], "total_order": 1, "hotel_value": ["4.7"], "hotel_price": ["64"]}, "2301079": {"hotel_name": "\u7231\u5c0a\u5ba2\u9152\u5e97(\u9752\u5c9b\u516b\u5927\u5173\u5e97)", "order_time": ["2019-01-07 08:28:11"], "total_order": 1, "hotel_value": ["4.6"], "hotel_price": ["94"]}, "1501907": {"hotel_name": "\u5982\u5bb6\u5feb\u6377\u9152\u5e97(\u9752\u5c9b\u4e94\u56db\u5e7f\u573a\u5f90\u5dde\u8def\u5e97)", "order_time": ["2019-01-07 08:30:09"], "total_order": 1, "hotel_value": ["4.4"], "hotel_price": ["99"]}, "1708377": {"hotel_name": "\u60a6\u884c365\u7cbe\u9009\u9152\u5e97(\u9752\u5c9b\u60dc\u798f\u9547\u5e97)", "order_time": ["2019-01-07 08:30:10"], "total_order": 1, "hotel_value": ["4.7"], "hotel_price": ["94"]}, "430544": {"hotel_name": "\u9752\u5c9b\u5feb\u901a\u56fd\u9645\u9152\u5e97", "order_time": ["2019-01-07 08:30:10"], "total_order": 1, "hotel_value": ["4.4"], "hotel_price": ["310"]}, "2245193": {"hotel_name": "\u9752\u5c9b\u65ed\u660a\u5fb7\u5546\u52a1\u5bbe\u9986", "order_time": ["2019-01-07 08:30:11"], "total_order": 1, "hotel_value": ["4.7"], "hotel_price": ["64"]}, "4695161": {"hotel_name": "\u6e2f\u6e7e\u5b9c\u5bb6\u5047\u65e5\u9152\u5e97\u516c\u5bd3(\u9752\u5c9b\u4e2d\u8054\u81ea\u7531\u6e2f\u6e7e\u90ae\u8f6e\u6bcd\u6e2f\u5e97)", "order_time": ["2019-01-07 08:30:11"], "total_order": 1, "hotel_value": ["4.7"], "hotel_price": ["73"]}, "4637626": {"hotel_name": "\u4e16\u7eaa\u9e3f\u6cf0\u9152\u5e97\u516c\u5bd3(\u9752\u5c9b\u4e2d\u8054\u81ea\u7531\u6e2f\u6e7e\u5e97)", "order_time": ["2019-01-07 08:32:09"], "total_order": 1, "hotel_value": ["4.6"], "hotel_price": ["65"]}, "5399494": {"hotel_name": "\u5c1a\u5ba2\u4f18\u5feb\u6377\u9152\u5e97(\u9752\u5c9b\u6d77\u5e95\u96a7\u9053\u67a2\u7ebd\u7ad9\u5e97)", "order_time": ["2019-01-07 08:32:11"], "total_order": 1, "hotel_value": ["3.7"], "hotel_price": ["90"]}, "14998793": {"hotel_name": "\u9752\u5c9b\u7c73\u5170\u7cbe\u54c1\u9152\u5e97(\u80f6\u5dde\u65b0\u673a\u573a\u5e97)", "order_time": ["2019-01-07 08:32:19"], "total_order": 1, "hotel_value": ["4.4"], "hotel_price": ["138"]}, "19452820": {"hotel_name": "\u80f6\u5dde\u5b9c\u7136\u4e4b\u5bb6\u9152\u5e97\u516c\u5bd3", "order_time": ["2019-01-07 08:32:19", "2019-01-07 08:38:17"], "total_order": 2, "hotel_value": ["5.0", "5.0"], "hotel_price": ["133", "133"]}, "4328415": {"hotel_name": "\u83b1\u897f\u5929\u58e4\u7cbe\u54c1\u9152\u5e97", "order_time": ["2019-01-07 08:32:20"], "total_order": 1, "hotel_value": ["4.4"], "hotel_price": ["119"]}, "659645": {"hotel_name": "\u9752\u5c9b\u5373\u58a8\u534e\u73ba\u5927\u9152\u5e97", "order_time": ["2019-01-07 08:34:12"], "total_order": 1, "hotel_value": ["4.7"], "hotel_price": ["498"]}, "2584685": {"hotel_name": "\u9752\u5c9b\u798f\u701b\u89c2\u9e93\u56fd\u9645\u9152\u5e97\u5f0f\u516c\u5bd3", "order_time": ["2019-01-07 08:34:12"], "total_order": 1, "hotel_value": ["4.6"], "hotel_price": ["193"]}, "5673621": {"hotel_name": "\u90fd\u5e02118\u8fde\u9501\u9152\u5e97(\u9752\u5c9b\u4e07\u8fbe\u8302\u4e1c\u65b9\u5f71\u90fd\u5e97)(\u539f\u897f\u6d77\u5cb8\u6c7d\u8f66\u603b\u7ad9\u5e97)", "order_time": ["2019-01-07 08:34:13"], "total_order": 1, "hotel_value": ["4.8"], "hotel_price": ["99"]}, "438653": {"hotel_name": "\u9752\u5c9b\u6d77\u5929e\u5bb6\u5546\u52a1\u9152\u5e97", "order_time": ["2019-01-07 08:34:13"], "total_order": 1, "hotel_value": ["4.1"], "hotel_price": ["85"]}, "1644376": {"hotel_name": "7\u5929\u8fde\u9501\u9152\u5e97(\u9752\u5c9b\u706b\u8f66\u7ad9\u4e2d\u5c71\u8def\u5e97)", "order_time": ["2019-01-07 08:34:13"], "total_order": 1, "hotel_value": ["4.1"], "hotel_price": ["75"]}, "659834": {"hotel_name": "\u9e97\u67ab\u9152\u5e97(\u9752\u5c9b\u5317\u7ad9\u56db\u6d41\u5357\u8def\u5e97)(\u539f\u5357\u6d0b\u5927\u9152\u5e97\u9752\u5c9b\u957f\u6c99\u8def\u5e97)", "order_time": ["2019-01-07 08:36:09"], "total_order": 1, "hotel_value": ["4.7"], "hotel_price": ["233"]}, "21160142": {"hotel_name": "\u9752\u5c9b\u897f\u6d77\u5cb8\u667a\u9009\u5047\u65e5\u9152\u5e97", "order_time": ["2019-01-07 08:36:09"], "total_order": 1, "hotel_value": ["4.8"], "hotel_price": ["369"]}, "994086": {"hotel_name": "\u5982\u5bb6\u5feb\u6377\u9152\u5e97(\u9752\u5c9b\u6d77\u5c14\u8def\u5730\u94c1\u7ad9\u9752\u5c71\u8def\u5e97)", "order_time": ["2019-01-07 08:36:09"], "total_order": 1, "hotel_value": ["4.5"], "hotel_price": ["102"]}, "8681476": {"hotel_name": "\u9752\u5c9b\u8046\u6d77\u94c2\u6708\u6d77\u666f\u5ea6\u5047\u516c\u5bd3", "order_time": ["2019-01-07 08:36:09"], "total_order": 1, "hotel_value": ["4.7"], "hotel_price": ["70"]}, "1715544": {"hotel_name": "\u9752\u5c9b\u946b\u590d\u76db\u9038\u6d77\u56fd\u9645\u9152\u5e97", "order_time": ["2019-01-07 08:36:10"], "total_order": 1, "hotel_value": ["4.6"], "hotel_price": ["241"]}, "21124467": {"hotel_name": "\u9752\u5c9b\u65af\u7ef4\u767b\u7cbe\u54c1\u516c\u5bd3(\u4f1a\u5c55\u4e2d\u5fc3\u77f3\u8001\u4eba\u6d77\u6c34\u6d74\u573a)", "order_time": ["2019-01-07 08:42:10", "2019-01-07 08:38:09"], "total_order": 2, "hotel_value": ["4.9", "4.9"], "hotel_price": ["227", "227"]}, "1344275": {"hotel_name": "\u9752\u5c9b\u56ed\u6f84\u5bb6\u5b66\u957f\u516c\u5bd3(\u539f\u56ed\u6f84\u5bb6\u5546\u52a1\u5bbe\u9986)", "order_time": ["2019-01-07 08:38:09"], "total_order": 1, "hotel_value": ["4.1"], "hotel_price": ["71"]}, "5463838": {"hotel_name": "\u9752\u5c9b\u7761\u673a\u573a\u9152\u5e97", "order_time": ["2019-01-07 08:52:10", "2019-01-07 08:38:10"], "total_order": 2, "hotel_value": ["4.3", "4.3"], "hotel_price": ["141", "141"]}, "2045228": {"hotel_name": "\u5e73\u5ea6\u8d5b\u5bb6\u5ba2\u623f", "order_time": ["2019-01-07 08:38:17"], "total_order": 1, "hotel_value": ["4.2"], "hotel_price": ["82"]}, "994153": {"hotel_name": "\u5982\u5bb6\u5feb\u6377\u9152\u5e97(\u9752\u5c9b\u706b\u8f66\u5317\u7ad9\u5e97)", "order_time": ["2019-01-07 08:40:09"], "total_order": 1, "hotel_value": ["4.3"], "hotel_price": ["121"]}, "4068819": {"hotel_name": "\u90fd\u5e02118(\u9752\u5c9b\u4f1a\u5c55\u4e2d\u5fc3\u6d77\u5c14\u8def\u5e97)(\u539f\u5d02\u5c71\u9ad8\u79d1\u56ed\u5e97)", "order_time": ["2019-01-07 08:40:09"], "total_order": 1, "hotel_value": ["4.2"], "hotel_price": ["81"]}, "5930359": {"hotel_name": "\u9752\u5c9b\u91d1\u77f3\u56fd\u9645\u5927\u9152\u5e97", "order_time": ["2019-01-07 08:42:10"], "total_order": 1, "hotel_value": ["4.8"], "hotel_price": ["367"]}, "6508376": {"hotel_name": "\u6155\u820d\u00b7\u8d1d\u683c\u9152\u5e97\u516c\u5bd3(\u9752\u5c9b\u4e07\u8c61\u57ce\u5965\u5e06\u4e94\u56db\u5e7f\u573a\u5e97)", "order_time": ["2019-01-07 08:42:10"], "total_order": 1, "hotel_value": ["4.9"], "hotel_price": ["258"]}, "3090890": {"hotel_name": "\u9752\u5c9b\u9526\u665f\u534e\u5546\u52a1\u5bbe\u9986", "order_time": ["2019-01-07 08:42:11"], "total_order": 1, "hotel_value": ["4.4"], "hotel_price": ["69"]}, "1604945": {"hotel_name": "\u7231\u5c0a\u5ba2\u9152\u5e97(\u9752\u5c9b\u53f0\u4e1c\u6b65\u884c\u8857\u5e97)", "order_time": ["2019-01-07 08:42:11"], "total_order": 1, "hotel_value": ["4.3"], "hotel_price": ["73"]}, "1549218": {"hotel_name": "\u9752\u5c9b\u946b\u9f99\u5047\u65e5\u516c\u5bd3\u9152\u5e97(\u9752\u804c/\u6ee8\u6d77\u5b66\u9662\u5e97)", "order_time": ["2019-01-07 08:42:11"], "total_order": 1, "hotel_value": ["4.7"], "hotel_price": ["150"]}, "2318142": {"hotel_name": "\u9752\u5c9b\u67ab\u4e39\u767d\u9732\u6d77\u666f\u9152\u5e97\u516c\u5bd3", "order_time": ["2019-01-07 08:42:11"], "total_order": 1, "hotel_value": ["4.7"], "hotel_price": ["81"]}, "2039050": {"hotel_name": "\u5e73\u5ea6\u8d85\u70ab\u5546\u52a1\u5bbe\u9986", "order_time": ["2019-01-07 08:42:17"], "total_order": 1, "hotel_value": ["4.6"], "hotel_price": ["92"]}, "5264336": {"hotel_name": "\u9e92\u97f5\u516c\u5bd3(\u9752\u5c9b\u4e07\u8c61\u57ce\u4e94\u56db\u5e7f\u573a\u5965\u5e06\u4e2d\u5fc3\u5e97)", "order_time": ["2019-01-07 08:42:20"], "total_order": 1, "hotel_value": ["4.8"], "hotel_price": ["238"]}, "2638267": {"hotel_name": "\u6c49\u5ead\u9152\u5e97(\u9752\u5c9b\u6d77\u5c14\u8def\u56fd\u9645\u4f1a\u5c55\u4e2d\u5fc3\u5e97)", "order_time": ["2019-01-07 08:44:09"], "total_order": 1, "hotel_value": ["4.5"], "hotel_price": ["170"]}, "1317308": {"hotel_name": "\u6c49\u5ead\u9152\u5e97\uff08\u9752\u5c9b\u516b\u5927\u5173\u592a\u5e73\u89d2\u516c\u56ed\u5730\u94c1\u7ad9\u5e97\uff09\uff08\u539f\u516b\u5927\u5173\u5e97)", "order_time": ["2019-01-07 08:44:09"], "total_order": 1, "hotel_value": ["4.6"], "hotel_price": ["144"]}, "5658725": {"hotel_name": "\u91d1\u6c99\u6ee9\u6d77\u666f\u516c\u5bd3(\u9752\u5c9b\u70df\u53f0\u524d\u5c0f\u533a\u5e97)(\u539f\u4e00\u5206\u949f\u6d77\u8fb9\u516c\u5bd3)", "order_time": ["2019-01-07 08:44:14"], "total_order": 1, "hotel_value": [0], "hotel_price": ["67"]}, "481742": {"hotel_name": "\u9752\u5c9b\u4e16\u8d38\u6d77\u60a6\u5927\u9152\u5e97", "order_time": ["2019-01-07 08:46:09"], "total_order": 1, "hotel_value": ["4.7"], "hotel_price": ["240"]}, "794951": {"hotel_name": "\u9752\u5c9b\u673a\u573a\u53cb\u4fe1\u822a\u7a7a\u516c\u5bd3", "order_time": ["2019-01-07 08:46:10"], "total_order": 1, "hotel_value": ["4.0"], "hotel_price": ["112"]}, "6114888": {"hotel_name": "\u5982\u5bb6\u5546\u65c5\u9152\u5e97(\u9752\u5c9b\u9ec4\u5c9b\u8463\u5bb6\u53e3\u6e2f\u6cca\u91cc\u5730\u94c1\u7ad9\u5e97)", "order_time": ["2019-01-07 08:46:10"], "total_order": 1, "hotel_value": ["4.8"], "hotel_price": ["143"]}, "7369044": {"hotel_name": "\u9752\u5c9b\u767e\u8bfa\u6d77\u6d0b\u516c\u5bd3", "order_time": ["2019-01-07 08:46:11"], "total_order": 1, "hotel_value": ["4.7"], "hotel_price": ["79"]}, "995168": {"hotel_name": "\u94f6\u5ea7\u4f73\u9a7f\u9152\u5e97(\u5373\u58a8\u9e64\u5c71\u8def\u4f73\u4e50\u5bb6\u4e8c\u5e97)", "order_time": ["2019-01-07 08:46:12"], "total_order": 1, "hotel_value": ["4.4"], "hotel_price": ["71"]}, "13740994": {"hotel_name": "\u9752\u5c9b\u90fd\u5e02118\u7cbe\u9009\u9152\u5e97\u6625\u9633\u8def\u5e97", "order_time": ["2019-01-07 08:48:11"], "total_order": 1, "hotel_value": ["4.6"], "hotel_price": ["98"]}, "2265976": {"hotel_name": "\u4eac\u82d1\u667a\u5c1a\u8bbe\u8ba1\u9152\u5e97(\u9752\u5c9b\u9999\u6e2f\u4e2d\u8def\u5e97)", "order_time": ["2019-01-07 08:48:11"], "total_order": 1, "hotel_value": ["4.6"], "hotel_price": ["102"]}, "1717642": {"hotel_name": "\u9752\u5c9b\u6d77\u7fd4\u5546\u52a1\u9152\u5e97", "order_time": ["2019-01-07 08:48:13"], "total_order": 1, "hotel_value": ["4.2"], "hotel_price": ["76"]}, "1741177": {"hotel_name": "\u91d1\u72ee100\u8fde\u9501\u5bbe\u9986(\u9752\u5c9b\u6d41\u4ead\u673a\u573a\u5e97)", "order_time": ["2019-01-07 08:48:14"], "total_order": 1, "hotel_value": ["3.5"], "hotel_price": ["54"]}, "2304451": {"hotel_name": "\u7231\u5c0a\u5ba2\u9152\u5e97(\u5373\u58a8\u5170\u9ccc\u8def\u5e97)", "order_time": ["2019-01-07 08:50:13"], "total_order": 1, "hotel_value": ["4.7"], "hotel_price": ["166"]}, "1315838": {"hotel_name": "\u6854\u5b50\u9152\u5e97\u00b7\u7cbe\u9009(\u9752\u5c9b\u57ce\u9633\u5e97)", "order_time": ["2019-01-07 08:50:13"], "total_order": 1, "hotel_value": ["4.8"], "hotel_price": ["332"]}, "371188": {"hotel_name": "\u9752\u5c9b\u9890\u4e2d\u7687\u51a0\u5047\u65e5\u9152\u5e97", "order_time": ["2019-01-07 08:50:13"], "total_order": 1, "hotel_value": ["4.5"], "hotel_price": ["557"]}, "2140433": {"hotel_name": "\u683c\u6797\u8054\u76df\u9152\u5e97(\u9752\u5c9b\u4e50\u5ba2\u57ce\u674e\u6751\u5730\u94c1\u7ad9\u5e97)", "order_time": ["2019-01-07 08:50:14"], "total_order": 1, "hotel_value": ["4.4"], "hotel_price": ["96"]}, "3733536": {"hotel_name": "\u5e73\u5ea6\u7269\u8d44\u5bbe\u9986", "order_time": ["2019-01-07 08:50:24", "2019-01-07 08:56:16"], "total_order": 2, "hotel_value": ["4.5", "4.5"], "hotel_price": ["112", "112"]}, "3265800": {"hotel_name": "\u9752\u5c9b\u90a3\u9c81\u6e7e\u6d77\u666f\u5ea6\u5047\u516c\u5bd3", "order_time": ["2019-01-07 08:52:10"], "total_order": 1, "hotel_value": ["4.7"], "hotel_price": ["114"]}, "23634927": {"hotel_name": "\u5982\u5bb6\u777f\u67cf\u00b7\u4e91\u9152\u5e97(\u9752\u5c9b\u77f3\u6cb9\u5927\u5b66\u543e\u60a6\u5e7f\u573a\u5730\u94c1\u7ad9\u5e97)", "order_time": ["2019-01-07 08:52:11"], "total_order": 1, "hotel_value": ["4.9"], "hotel_price": ["106"]}, "1306753": {"hotel_name": "\u9752\u5c9b\u51ef\u83b1\u5546\u52a1\u9152\u5e97", "order_time": ["2019-01-07 08:52:11"], "total_order": 1, "hotel_value": ["4.2"], "hotel_price": ["146"]}, "8182955": {"hotel_name": "\u6cca\u4e91\u5c1a\u9009\u5ead\u9662\u9152\u5e97(\u9752\u5c9b\u897f\u6d77\u5cb8\u4e1c\u65b9\u5f71\u90fd\u4e07\u8fbe\u8302\u5e97)", "order_time": ["2019-01-07 08:52:11"], "total_order": 1, "hotel_value": ["4.9"], "hotel_price": ["256"]}, "2300880": {"hotel_name": "\u5c1a\u54c1\u8fde\u9501\u9152\u5e97(\u80f6\u5dde\u5170\u5dde\u897f\u8def\u5e97)", "order_time": ["2019-01-07 08:52:19"], "total_order": 1, "hotel_value": ["4.4"], "hotel_price": ["83"]}, "1994999": {"hotel_name": "\u80f6\u5dde\u7f8e\u5c14\u5e0c\u987f\u4e3b\u9898\u9152\u5e97", "order_time": ["2019-01-07 08:52:19"], "total_order": 1, "hotel_value": ["3.7"], "hotel_price": ["78"]}, "16018600": {"hotel_name": "\u683c\u6797\u4e1c\u65b9\u9152\u5e97(\u9752\u5c9b\u4e16\u7eaa\u516c\u56ed\u6d41\u4ead\u673a\u573a\u5e97)", "order_time": ["2019-01-07 08:54:11"], "total_order": 1, "hotel_value": ["4.5"], "hotel_price": ["138"]}, "445159": {"hotel_name": "\u9752\u5c9b\u79cb\u4e34\u5927\u9152\u5e97", "order_time": ["2019-01-07 08:54:11"], "total_order": 1, "hotel_value": ["4.3"], "hotel_price": ["242"]}, "450341": {"hotel_name": "\u9752\u5c9b\u6e5b\u5c71\u82b1\u56ed\u9152\u5e97", "order_time": ["2019-01-07 08:54:11"], "total_order": 1, "hotel_value": ["4.6"], "hotel_price": ["358"]}, "1914564": {"hotel_name": "\u5373\u58a8\u8fc8\u8fbe\u5ea6\u5047\u9152\u5e97", "order_time": ["2019-01-07 08:54:12"], "total_order": 1, "hotel_value": ["4.2"], "hotel_price": ["84"]}, "995169": {"hotel_name": "\u94f6\u5ea7\u4f73\u9a7f\u9152\u5e97(\u5373\u58a8\u5c0f\u5546\u54c1\u57ce\u5e97)", "order_time": ["2019-01-07 08:54:12"], "total_order": 1, "hotel_value": ["4.3"], "hotel_price": ["117"]}, "791367": {"hotel_name": "\u9752\u5c9b\u8bc1\u5927\u559c\u739b\u62c9\u96c5\u9152\u5e97", "order_time": ["2019-01-07 08:54:12"], "total_order": 1, "hotel_value": ["4.6"], "hotel_price": ["546"]}, "6173744": {"hotel_name": "\u5e73\u5ea6\u534e\u73ba\u5927\u9152\u5e97", "order_time": ["2019-01-07 08:54:17"], "total_order": 1, "hotel_value": ["4.7"], "hotel_price": ["310"]}, "393099": {"hotel_name": "\u9752\u5c9b\u5bcc\u529b\u827e\u7f8e\u9152\u5e97", "order_time": ["2019-01-07 08:56:10"], "total_order": 1, "hotel_value": ["4.6"], "hotel_price": ["586"]}, "2084467": {"hotel_name": "\u9752\u5c9b678\u673a\u573a\u516c\u5bd3\u9152\u5e97(\u7533\u6e2f\u82b1\u56ed\u5e97)", "order_time": ["2019-01-07 08:56:10"], "total_order": 1, "hotel_value": ["4.6"], "hotel_price": ["111"]}, "1942102": {"hotel_name": "\u683c\u6797\u8c6a\u6cf0\u9152\u5e97(\u9752\u5c9b\u4e66\u9662\u8def\u8fbe\u7fc1\u5e7f\u573a\u5e97)", "order_time": ["2019-01-07 08:56:10"], "total_order": 1, "hotel_value": ["4.3"], "hotel_price": ["90"]}, "1562201": {"hotel_name": "\u5c1a\u5ba2\u4f18\u9a8f\u6021\u8fde\u9501\u9152\u5e97(\u9752\u5c9b\u9ec4\u5c9b\u6c7d\u8f66\u7ad9\u77f3\u6cb9\u5927\u5b66\u5e97)", "order_time": ["2019-01-07 08:56:10"], "total_order": 1, "hotel_value": ["4.3"], "hotel_price": ["85"]}, "446001": {"hotel_name": "\u5b9d\u60a6\u7ba1\u5bb6\u5f0f\u670d\u52a1\u516c\u5bd3(\u9752\u5c9b\u5564\u9152\u57ce\u4f1a\u5c55\u4e2d\u5fc3\u5e97)", "order_time": ["2019-01-07 08:56:10"], "total_order": 1, "hotel_value": ["4.2"], "hotel_price": ["75"]}, "2305805": {"hotel_name": "\u9752\u5c9b\u5353\u8d8a\u5047\u65e5\u5bbe\u9986", "order_time": ["2019-01-07 08:56:11"], "total_order": 1, "hotel_value": ["4.3"], "hotel_price": ["85"]}, "1503676": {"hotel_name": "\u5982\u5bb6\u5feb\u6377\u9152\u5e97(\u9752\u5c9b\u5f00\u53d1\u533a\u5d07\u660e\u5c9b\u897f\u8def\u9ec4\u5c9b\u8f6e\u6e21\u7801\u5934\u5e97)", "order_time": ["2019-01-07 08:56:11"], "total_order": 1, "hotel_value": ["4.6"], "hotel_price": ["121"]}, "446500": {"hotel_name": "\u7cbe\u9014\u9152\u5e97(\u9752\u5c9b\u56fd\u9645\u4f1a\u5c55\u4e2d\u5fc3\u5e97)(\u539f\u57ce\u5e02\u5bb6\u5546\u52a1\u9152\u5e97\u4f1a\u5c55\u4e2d\u5fc3\u5e97)", "order_time": ["2019-01-07 08:56:11"], "total_order": 1, "hotel_value": ["4.2"], "hotel_price": ["114"]}, "1741544": {"hotel_name": "\u91d1\u72ee100\u8fde\u9501\u5bbe\u9986(\u9752\u5c9b\u6c7d\u8f66\u5317\u7ad9\u5e97)", "order_time": ["2019-01-07 08:56:11"], "total_order": 1, "hotel_value": ["3.7"], "hotel_price": ["64"]}, "2388618": {"hotel_name": "\u9047\u89c1\u56fd\u9645\u9752\u5e74\u65c5\u820d(\u9752\u5c9b\u6d59\u6c5f\u8def\u6808\u6865\u5e97)", "order_time": ["2019-01-07 08:56:14"], "total_order": 1, "hotel_value": ["4.2"], "hotel_price": ["27"]}}}