{"\u5f00\u59cb\u8bb0\u5f55\u65f6\u95f4": "2019-01-27 15:59:20", "\u7ed3\u675f\u8bb0\u5f55\u65f6\u95f4": "2019-01-27 17:07:51", "\u8ba2\u5355\u603b\u589e\u91cf": 243, "item": {"8576086": {"hotel_name": "\u5c1a\u5ba2\u4f18\u54c1\u9152\u5e97(\u9752\u5c9bLIPPO\u516c\u793e\u77f3\u6cb9\u5927\u5b66\u5e97)(\u539fLIPPO\u516c\u793e\u7cbe\u54c1\u516c\u5bd3)", "order_time": ["2019-01-27 16:01:36"], "total_order": 1, "hotel_value": ["4.8"], "hotel_price": ["105"]}, "1315838": {"hotel_name": "\u6854\u5b50\u9152\u5e97\u00b7\u7cbe\u9009(\u9752\u5c9b\u57ce\u9633\u5e97)", "order_time": ["2019-01-27 16:01:36"], "total_order": 1, "hotel_value": ["4.8"], "hotel_price": ["275"]}, "8806764": {"hotel_name": "\u9752\u5c9b\u4e07\u4e3d\u6d77\u666f\u5ea6\u5047\u516c\u5bd3\u4e2d\u8054\u81ea\u7531\u6e2f\u6e7e\u5e97", "order_time": ["2019-01-27 16:51:34", "2019-01-27 16:01:37"], "total_order": 2, "hotel_value": ["4.6", "4.6"], "hotel_price": ["70", "70"]}, "23227885": {"hotel_name": "\u9752\u5c9b\u683c\u96f7\u65af\u7cbe\u9009\u9152\u5e97", "order_time": ["2019-01-27 16:01:37"], "total_order": 1, "hotel_value": ["4.9"], "hotel_price": ["243"]}, "428036": {"hotel_name": "\u5982\u5bb6\u5feb\u6377\u9152\u5e97(\u9752\u5c9b\u5c71\u4e1c\u8def\u4e2d\u592e\u5546\u52a1\u533a\u5e97)", "order_time": ["2019-01-27 16:01:38"], "total_order": 1, "hotel_value": ["4.3"], "hotel_price": ["119"]}, "453041": {"hotel_name": "\u9752\u5c9b\u673a\u573a\u8f85\u7279\u6234\u65af\u9152\u5e97", "order_time": ["2019-01-27 16:01:38"], "total_order": 1, "hotel_value": ["4.1"], "hotel_price": ["111"]}, "1322129": {"hotel_name": "7\u5929\u8fde\u9501\u9152\u5e97(\u9752\u5c9b\u674e\u6751\u5730\u94c1\u7ad9\u5d02\u5c71\u767e\u8d27\u5e97)", "order_time": ["2019-01-27 16:01:39"], "total_order": 1, "hotel_value": ["4.6"], "hotel_price": ["99"]}, "1734183": {"hotel_name": "\u83b1\u897f\u826f\u53cb\u6e90\u6770\u5927\u9152\u5e97", "order_time": ["2019-01-27 16:01:55", "2019-01-27 16:38:35"], "total_order": 2, "hotel_value": ["4.4", "4.4"], "hotel_price": ["298", "298"]}, "2987444": {"hotel_name": "\u590d\u76db\u5927\u9152\u5e97(\u9752\u5c9b\u9ec4\u5c9b\u5e97)", "order_time": ["2019-01-27 16:03:40"], "total_order": 1, "hotel_value": ["4.5"], "hotel_price": ["206"]}, "996027": {"hotel_name": "\u9752\u5c9b\u91d1\u6c99\u6ee9\u5e0c\u5c14\u987f\u9152\u5e97", "order_time": ["2019-01-27 16:03:40"], "total_order": 1, "hotel_value": ["4.6"], "hotel_price": ["665"]}, "19587956": {"hotel_name": "\u9752\u5c9b\u665f\u5bd3\u65f6\u5149\u516c\u5bd3(\u539f\u4f17\u5bd3\u65f6\u4ee3\u5149\u516c\u5bd3)", "order_time": ["2019-01-27 16:03:41"], "total_order": 1, "hotel_value": ["4.6"], "hotel_price": ["104"]}, "438270": {"hotel_name": "\u7231\u5c0a\u5ba2\u9152\u5e97(\u9752\u5c9b\u5965\u5e06\u4e2d\u5fc3\u5e97)(\u539f\u6d77\u797a\u5e97)", "order_time": ["2019-01-27 16:03:43"], "total_order": 1, "hotel_value": ["4.6"], "hotel_price": ["130"]}, "8426688": {"hotel_name": "\u5982\u5bb6\u7cbe\u9009\u9152\u5e97(\u9752\u5c9b\u706b\u8f66\u7ad9\u6808\u6865\u5e97)", "order_time": ["2019-01-27 16:03:45"], "total_order": 1, "hotel_value": ["4.6"], "hotel_price": ["167"]}, "513254": {"hotel_name": "\u9752\u5c9b\u671b\u6d77\u56fd\u9645\u9152\u5e97", "order_time": ["2019-01-27 16:03:45", "2019-01-27 17:03:46", "2019-01-27 16:59:05", "2019-01-27 16:51:34"], "total_order": 4, "hotel_value": ["4.9", "4.9", "4.9", "4.9"], "hotel_price": ["379", "379", "379", "379"]}, "5795844": {"hotel_name": "\u9752\u5c9b\u56db\u65b9\u5927\u9152\u5e97\u8d35\u5bbe\u697c", "order_time": ["2019-01-27 16:05:40"], "total_order": 1, "hotel_value": ["4.3"], "hotel_price": ["102"]}, "1483797": {"hotel_name": "\u9752\u5c9b\u5927\u62c7\u6307\u5e7f\u573a\u00b7\u6d77\u4e4b\u6770\u5047\u65e5\u9152\u5e97", "order_time": ["2019-01-27 16:05:40"], "total_order": 1, "hotel_value": ["4.5"], "hotel_price": ["77"]}, "385108": {"hotel_name": "\u9752\u5c9b\u6d77\u5c14\u6d32\u9645\u9152\u5e97", "order_time": ["2019-01-27 16:05:40"], "total_order": 1, "hotel_value": ["4.6"], "hotel_price": ["628"]}, "995120": {"hotel_name": "\u94f6\u5ea7\u4f73\u9a7f\u9152\u5e97(\u9752\u5c9b\u4e2d\u592e\u5546\u52a1\u533a\u4e07\u8fbe\u5e7f\u573a\u5e97)(\u539f\u5b81\u590f\u8def\u5e97)", "order_time": ["2019-01-27 16:05:43"], "total_order": 1, "hotel_value": ["4.2"], "hotel_price": ["104"]}, "4154655": {"hotel_name": "\u9752\u5c9b\u56db\u5b63\u6d77\u5cb8\u6d77\u666f\u5ea6\u5047\u516c\u5bd3", "order_time": ["2019-01-27 16:05:43"], "total_order": 1, "hotel_value": ["4.7"], "hotel_price": ["65"]}, "6085650": {"hotel_name": "\u5586\u5561\u9152\u5e97(\u9752\u5c9b\u6d41\u4ead\u56fd\u9645\u673a\u573a\u5e97)", "order_time": ["2019-01-27 16:05:43"], "total_order": 1, "hotel_value": ["4.7"], "hotel_price": ["216"]}, "1316453": {"hotel_name": "\u6c49\u5ead\u9152\u5e97(\u9752\u5c9b\u798f\u5dde\u5357\u8def\u5e97)", "order_time": ["2019-01-27 16:05:45", "2019-01-27 16:25:23"], "total_order": 2, "hotel_value": ["4.2", "4.2"], "hotel_price": ["142", "142"]}, "22454731": {"hotel_name": "\u9752\u5c9b\u8d1d\u9716\u7cbe\u9009\u9152\u5e97", "order_time": ["2019-01-27 16:05:48"], "total_order": 1, "hotel_value": ["4.8"], "hotel_price": ["116"]}, "2388618": {"hotel_name": "\u9047\u89c1\u56fd\u9645\u9752\u5e74\u65c5\u820d(\u9752\u5c9b\u6d59\u6c5f\u8def\u6808\u6865\u5e97)", "order_time": ["2019-01-27 16:05:56"], "total_order": 1, "hotel_value": ["4.2"], "hotel_price": ["19"]}, "1914526": {"hotel_name": "\u661f\u7a0b\u9152\u5e97(\u9752\u5c9b\u632f\u534e\u8def\u5730\u94c1\u7ad9\u5e97)(\u539f\u9752\u5c9b\u706b\u8f66\u5317\u7ad9\u5e97)", "order_time": ["2019-01-27 16:07:44"], "total_order": 1, "hotel_value": ["4.3"], "hotel_price": ["117"]}, "2301080": {"hotel_name": "\u7231\u5c0a\u5ba2\u9152\u5e97(\u9752\u5c9b\u94f6\u5ddd\u8def\u5e97)", "order_time": ["2019-01-27 16:07:44"], "total_order": 1, "hotel_value": ["4.6"], "hotel_price": ["124"]}, "12225064": {"hotel_name": "\u5e0c\u5cb8\u9152\u5e97(\u9752\u5c9b\u6d41\u4ead\u673a\u573a\u5e97)", "order_time": ["2019-01-27 16:07:46"], "total_order": 1, "hotel_value": ["4.6"], "hotel_price": ["216"]}, "2298663": {"hotel_name": "\u7231\u5c0a\u5ba2\u9152\u5e97(\u9752\u5c9b\u4e94\u56db\u5e7f\u573a\u9999\u6e2f\u4e2d\u8def\u5e97)", "order_time": ["2019-01-27 16:07:48"], "total_order": 1, "hotel_value": ["4.6"], "hotel_price": ["125"]}, "1316359": {"hotel_name": "\u6c49\u5ead\u9152\u5e97(\u80f6\u5dde\u6c7d\u8f66\u603b\u7ad9\u5e97)", "order_time": ["2019-01-27 16:08:43"], "total_order": 1, "hotel_value": ["4.4"], "hotel_price": ["113"]}, "1541913": {"hotel_name": "\u9752\u5c9b\u6c11\u822a\u673a\u573a\u5bbe\u9986", "order_time": ["2019-01-27 16:41:58", "2019-01-27 16:11:55"], "total_order": 2, "hotel_value": ["4.5", "4.5"], "hotel_price": ["299", "299"]}, "840717": {"hotel_name": "\u9752\u5c9b\u674e\u6ca7\u7eff\u57ce\u559c\u6765\u767b\u9152\u5e97", "order_time": ["2019-01-27 17:06:16", "2019-01-27 16:11:56"], "total_order": 2, "hotel_value": ["4.7", "4.7"], "hotel_price": ["476", "476"]}, "6299801": {"hotel_name": "\u9526\u57ce\u5510\u4ebaLoft\u5ea6\u5047\u516c\u5bd3\uff08\u9752\u5c9b\u5510\u5c9b\u6e7e\u516c\u56ed\u5e97\uff09(\u539f\u9526\u57ce\u5510\u4eba\u5ea6\u5047\u516c\u5bd3)", "order_time": ["2019-01-27 16:11:59"], "total_order": 1, "hotel_value": ["4.8"], "hotel_price": ["197"]}, "1911247": {"hotel_name": "\u5982\u5bb6\u5feb\u6377\u9152\u5e97(\u9752\u5c9b\u4e94\u56db\u5e7f\u573a\u5965\u5e06\u4e2d\u5fc3\u5e97)(\u539f\u5965\u5e06\u4e2d\u5fc3\u6d77\u4fe1\u5e7f\u573a\u5e97)", "order_time": ["2019-01-27 16:12:01"], "total_order": 1, "hotel_value": ["4.3"], "hotel_price": ["99"]}, "1535266": {"hotel_name": "\u9752\u5c9b\u6808\u6865\u706b\u8f66\u7ad9\u4e3b\u9898\u6d77\u666f\u65e5\u79df\u623f", "order_time": ["2019-01-27 16:12:05", "2019-01-27 16:30:15"], "total_order": 2, "hotel_value": ["4.4", "4.4"], "hotel_price": ["33", "33"]}, "1705026": {"hotel_name": "\u6613\u4f70\u826f\u54c1\u9152\u5e97(\u9752\u5c9b\u53f0\u4e1c\u5564\u9152\u8857\u5e97)", "order_time": ["2019-01-27 16:12:06"], "total_order": 1, "hotel_value": ["3.9"], "hotel_price": ["63"]}, "3045084": {"hotel_name": "\u6c49\u5ead\u9152\u5e97(\u9752\u5c9b\u6d41\u4ead\u673a\u573a\u5e97)", "order_time": ["2019-01-27 16:13:59"], "total_order": 1, "hotel_value": ["4.3"], "hotel_price": ["161"]}, "512490": {"hotel_name": "\u9752\u5c9b\u897f\u6d77\u5cb8\u5fb7\u6cf0\u5927\u9152\u5e97", "order_time": ["2019-01-27 16:14:00"], "total_order": 1, "hotel_value": ["4.7"], "hotel_price": ["262"]}, "772231": {"hotel_name": "\u9752\u5c9b\u4e2d\u9526\u5047\u65e5\u9152\u5e97", "order_time": ["2019-01-27 16:14:04"], "total_order": 1, "hotel_value": ["4.2"], "hotel_price": ["84"]}, "1725780": {"hotel_name": "678\u673a\u573a\u9152\u5e97", "order_time": ["2019-01-27 16:14:06"], "total_order": 1, "hotel_value": ["4.4"], "hotel_price": ["90"]}, "1103123": {"hotel_name": "\u6c49\u5ead\u9152\u5e97(\u9752\u5c9b\u5965\u5e06\u4e2d\u5fc3\u5e97)", "order_time": ["2019-01-27 16:16:12"], "total_order": 1, "hotel_value": ["4.5"], "hotel_price": ["132"]}, "481742": {"hotel_name": "\u9752\u5c9b\u4e16\u8d38\u6d77\u60a6\u5927\u9152\u5e97", "order_time": ["2019-01-27 16:16:13"], "total_order": 1, "hotel_value": ["4.7"], "hotel_price": ["320"]}, "19806955": {"hotel_name": "\u4e16\u60a6\u8f7b\u5962\u5ea6\u5047\u516c\u5bd3(\u9752\u5c9b\u5564\u9152\u8857\u94f6\u4e30\u6676\u54c1\u5e97)", "order_time": ["2019-01-27 16:16:20"], "total_order": 1, "hotel_value": ["4.7"], "hotel_price": ["97"]}, "4649627": {"hotel_name": "\u7f8e\u4f73\u8054\u76df\u6d77\u666f\u5ea6\u5047\u516c\u5bd3(\u9752\u5c9b\u4e1c\u65b9\u5f71\u90fd\u4e07\u8fbe\u516c\u9986\u5e97)", "order_time": ["2019-01-27 16:18:28"], "total_order": 1, "hotel_value": ["4.5"], "hotel_price": ["83"]}, "901719": {"hotel_name": "7\u5929\u8fde\u9501\u9152\u5e97(\u9752\u5c9b\u6d77\u5c14\u5de5\u4e1a\u56ed\u5b9d\u9f99\u5e7f\u573a\u5e97)", "order_time": ["2019-01-27 16:59:04", "2019-01-27 16:18:29"], "total_order": 2, "hotel_value": ["4.6", "4.6"], "hotel_price": ["99", "99"]}, "669115": {"hotel_name": "\u9752\u5c9b\u4ea8\u4f2f\u5927\u9152\u5e97", "order_time": ["2019-01-27 16:18:31"], "total_order": 1, "hotel_value": ["4.2"], "hotel_price": ["228"]}, "21803017": {"hotel_name": "\u9752\u5c9b\u5d02\u5c71\u4e66\u9662\u9152\u5e97", "order_time": ["2019-01-27 16:18:33"], "total_order": 1, "hotel_value": ["4.8"], "hotel_price": ["251"]}, "1362922": {"hotel_name": "\u9752\u5c9b\u7ea2\u661f\u6d77\u8fb9\u5ba2\u6808", "order_time": ["2019-01-27 16:18:34"], "total_order": 1, "hotel_value": ["4.5"], "hotel_price": ["154"]}, "393099": {"hotel_name": "\u9752\u5c9b\u5bcc\u529b\u827e\u7f8e\u9152\u5e97", "order_time": ["2019-01-27 16:27:48", "2019-01-27 16:18:35"], "total_order": 2, "hotel_value": ["4.6", "4.6"], "hotel_price": ["507", "507"]}, "19682953": {"hotel_name": "\u6df1\u84ddinn\u6d77\u666f\u5ea6\u5047\u516c\u5bd3(\u9752\u5c9b\u4e1c\u65b9\u5f71\u90fd\u4e07\u8fbe\u8302\u5e97)", "order_time": ["2019-01-27 16:18:36"], "total_order": 1, "hotel_value": ["4.6"], "hotel_price": ["77"]}, "1732226": {"hotel_name": "\u5373\u58a8\u798f\u767e\u5e74\u5546\u52a1\u9152\u5e97", "order_time": ["2019-01-27 16:18:39"], "total_order": 1, "hotel_value": ["4.3"], "hotel_price": ["128"]}, "21818448": {"hotel_name": "\u9752\u5c9b\u89c5\u5c71\u871c\u6d77\u6d77\u666f\u522b\u5885", "order_time": ["2019-01-27 16:20:41"], "total_order": 1, "hotel_value": ["4.9"], "hotel_price": ["292"]}, "772111": {"hotel_name": "\u9752\u5c9b\u5a01\u65af\u6c40\u9152\u5e97", "order_time": ["2019-01-27 16:20:44"], "total_order": 1, "hotel_value": ["4.6"], "hotel_price": ["548"]}, "2084467": {"hotel_name": "\u9752\u5c9b678\u673a\u573a\u516c\u5bd3\u9152\u5e97(\u7533\u6e2f\u82b1\u56ed\u5e97)", "order_time": ["2019-01-27 16:20:47"], "total_order": 1, "hotel_value": ["4.6"], "hotel_price": ["105"]}, "2592432": {"hotel_name": "\u661f\u7a0b\u9152\u5e97(\u9752\u5c9b\u53f0\u4e1c\u6b65\u884c\u8857\u5e97)", "order_time": ["2019-01-27 16:20:47"], "total_order": 1, "hotel_value": ["4.2"], "hotel_price": ["142"]}, "450923": {"hotel_name": "\u9752\u5c9b\u4e16\u7eaa\u6d77\u4e30\u5927\u9152\u5e97", "order_time": ["2019-01-27 16:20:48", "2019-01-27 16:51:33"], "total_order": 2, "hotel_value": ["4.7", "4.7"], "hotel_price": ["256", "256"]}, "6733958": {"hotel_name": "\u9752\u5c9b\u4e0a\u8302\u9152\u5e97", "order_time": ["2019-01-27 16:20:49"], "total_order": 1, "hotel_value": ["4.6"], "hotel_price": ["292"]}, "5381283": {"hotel_name": "\u9752\u5c9b\u5e1d\u5df4\u5546\u52a1\u5bbe\u9986", "order_time": ["2019-01-27 16:20:58"], "total_order": 1, "hotel_value": ["4.0"], "hotel_price": ["84"]}, "24055729": {"hotel_name": "\u5c1a\u5ba2\u4f18\u7cbe\u9009\u9152\u5e97(\u9752\u5c9b\u4e94\u56db\u5e7f\u573a\u5965\u5e06\u5e97)", "order_time": ["2019-01-27 16:22:57"], "total_order": 1, "hotel_value": ["4.7"], "hotel_price": ["124"]}, "5466788": {"hotel_name": "\u82b1\u6eaa\u82b1\u56ed\u9152\u5e97(\u9752\u5c9b\u6d41\u4ead\u673a\u573a\u5e97)", "order_time": ["2019-01-27 16:49:17", "2019-01-27 16:22:58"], "total_order": 2, "hotel_value": ["4.4", "4.4"], "hotel_price": ["199", "199"]}, "21122269": {"hotel_name": "\u9752\u5c9b\u84dd\u6735\u6d77\u666f\u5047\u65e5\u516c\u5bd3", "order_time": ["2019-01-27 16:22:58"], "total_order": 1, "hotel_value": ["4.9"], "hotel_price": ["205"]}, "427965": {"hotel_name": "\u5982\u5bb6\u5546\u65c5\u9152\u5e97(\u9752\u5c9b\u4e94\u56db\u5e7f\u573a\u5c71\u4e1c\u8def\u6fb3\u67ef\u739b\u7acb\u4ea4\u6865\u5e97)", "order_time": ["2019-01-27 16:23:00"], "total_order": 1, "hotel_value": ["4.7"], "hotel_price": ["159"]}, "5247254": {"hotel_name": "\u90fd\u5e02118(\u9752\u5c9b\u56fd\u9645\u521b\u65b0\u56ed\u5e97)(\u539f\u5d02\u5c71\u6d77\u6d0b\u5927\u5b66\u5e97)", "order_time": ["2019-01-27 16:23:01"], "total_order": 1, "hotel_value": ["4.6"], "hotel_price": ["134"]}, "1600748": {"hotel_name": "\u9752\u5c9b\u5929\u6cf0\u7f8e\u5bb6\u516c\u5bd3\u9152\u5e97", "order_time": ["2019-01-27 16:23:02"], "total_order": 1, "hotel_value": ["4.7"], "hotel_price": ["153"]}, "2301117": {"hotel_name": "\u9752\u5c9b\u7ea2\u4e09\u6c5f\u5546\u52a1\u5bbe\u9986", "order_time": ["2019-01-27 16:23:08"], "total_order": 1, "hotel_value": ["4.5"], "hotel_price": ["107"]}, "26412625": {"hotel_name": "\u4e91\u6735\u6d77\u666f\u5ea6\u5047\u516c\u5bd3(\u9752\u5c9b\u4e07\u8fbe\u8302\u5e97)", "order_time": ["2019-01-27 16:23:14"], "total_order": 1, "hotel_value": [0], "hotel_price": ["83"]}, "2006826": {"hotel_name": "\u9752\u5c9b\u706b\u8f66\u7ad9\u4e3b\u9898\u683c\u8c03\u6d77\u666f\u65e5\u79df\u623f", "order_time": ["2019-01-27 16:23:15"], "total_order": 1, "hotel_value": ["4.7"], "hotel_price": ["45"]}, "797526": {"hotel_name": "\u9752\u5c9b\u963f\u987f\u7279\u65c5\u9986", "order_time": ["2019-01-27 16:23:23"], "total_order": 1, "hotel_value": [0], "hotel_price": ["35"]}, "1376219": {"hotel_name": "\u9752\u5c9b\u65f6\u5ba2\u4e3b\u9898\u9152\u5e97", "order_time": ["2019-01-27 16:23:25"], "total_order": 1, "hotel_value": ["4.2"], "hotel_price": ["83"]}, "2313561": {"hotel_name": "\u6021\u83b1\u9152\u5e97(\u9752\u5c9b\u4e2d\u5c71\u8def\u5929\u4e3b\u6559\u5802\u5e97)", "order_time": ["2019-01-27 16:23:26"], "total_order": 1, "hotel_value": ["3.8"], "hotel_price": ["56"]}, "21724133": {"hotel_name": "\u5c1a\u5ba2\u4f18\u54c1\u9152\u5e97(\u80f6\u5dde\u5170\u5dde\u4e1c\u8def\u65b0\u6c7d\u8f66\u7ad9\u5e97)", "order_time": ["2019-01-27 16:24:05"], "total_order": 1, "hotel_value": ["4.8"], "hotel_price": ["156"]}, "2785519": {"hotel_name": "\u83b1\u897f\u897f\u519c\u5546\u52a1\u9152\u5e97", "order_time": ["2019-01-27 16:24:14"], "total_order": 1, "hotel_value": ["4.4"], "hotel_price": ["81"]}, "2637433": {"hotel_name": "\u76db\u5ef7\u6d77\u666f\u9152\u5e97(\u9752\u5c9b\u7ef4\u591a\u5229\u4e9a\u5e97)", "order_time": ["2019-01-27 16:25:17"], "total_order": 1, "hotel_value": ["4.3"], "hotel_price": ["83"]}, "25270439": {"hotel_name": "\u9752\u5c9b\u673a\u573a\u4e16\u7eaa\u516c\u56ed\u4e9a\u6735\u9152\u5e97", "order_time": ["2019-01-27 16:25:18", "2019-01-27 16:26:53"], "total_order": 2, "hotel_value": ["4.9", "4.9"], "hotel_price": ["285", "285"]}, "1181778": {"hotel_name": "\u5e03\u4e01\u9152\u5e97(\u9752\u5c9b\u56fd\u9645\u4f1a\u5c55\u4e2d\u5fc3\u5e97)", "order_time": ["2019-01-27 16:25:18"], "total_order": 1, "hotel_value": ["4.3"], "hotel_price": ["64"]}, "1373267": {"hotel_name": "\u5982\u5bb6\u5feb\u6377\u9152\u5e97(\u9752\u5c9b\u674e\u6751\u5730\u94c1\u7ad9\u6b65\u884c\u8857\u5e97)", "order_time": ["2019-01-27 16:27:42"], "total_order": 1, "hotel_value": ["4.6"], "hotel_price": ["109"]}, "939307": {"hotel_name": "\u6c49\u5ead\u9152\u5e97(\u9752\u5c9b\u4e94\u56db\u5e7f\u573a\u5e97)", "order_time": ["2019-01-27 16:44:24", "2019-01-27 16:27:43"], "total_order": 2, "hotel_value": ["4.5", "4.5"], "hotel_price": ["161", "161"]}, "442272": {"hotel_name": "\u9752\u5c9b\u8fbe\u5bbe\u6c49\u767d\u91d1\u8c6a\u5ef7\u9152\u5e97(\u539f\u660e\u73e0\u6d77\u6e2f\u5927\u9152\u5e97)", "order_time": ["2019-01-27 16:27:45", "2019-01-27 16:37:31"], "total_order": 2, "hotel_value": ["3.8", "3.8"], "hotel_price": ["90", "90"]}, "436462": {"hotel_name": "\u9082\u9005\u7f8e\u5bbf(\u9752\u5c9b\u4e2d\u5c71\u8def\u6808\u6865\u5e97)(\u539f\u9082\u9005\u56fd\u9645\u9752\u5e74\u65c5\u820d(\u4e2d\u5c71\u8def\u5929\u4e3b\u6559\u5802\u5e97))", "order_time": ["2019-01-27 16:27:49"], "total_order": 1, "hotel_value": ["4.5"], "hotel_price": ["42"]}, "2717691": {"hotel_name": "\u6587\u6d77\u56fd\u9645\u9152\u5e97(\u9752\u5c9b\u91d1\u6c99\u6ee9\u5e97)", "order_time": ["2019-01-27 16:27:59"], "total_order": 1, "hotel_value": ["4.6"], "hotel_price": ["191"]}, "19584199": {"hotel_name": "\u9752\u5c9b\u5609\u5408\u6e90\u6d77\u5bbe\u9986", "order_time": ["2019-01-27 16:28:00"], "total_order": 1, "hotel_value": ["4.8"], "hotel_price": ["73"]}, "20189088": {"hotel_name": "\u90fd\u5e02118\u7cbe\u9009\u8fde\u9501\u9152\u5e97(\u5e73\u5ea6\u5357\u6751\u6d77\u4fe1\u4ea7\u4e1a\u56ed\u5e97)", "order_time": ["2019-01-27 16:28:59"], "total_order": 1, "hotel_value": ["4.7"], "hotel_price": ["123"]}, "1226388": {"hotel_name": "\u9752\u5c9b\u6db5\u78a7\u697c\u9152\u5e97", "order_time": ["2019-01-27 16:29:06"], "total_order": 1, "hotel_value": ["4.6"], "hotel_price": ["1779"]}, "443641": {"hotel_name": "\u9752\u5c9b\u91d1\u6d77\u5927\u9152\u5e97", "order_time": ["2019-01-27 16:30:05", "2019-01-27 16:58:58"], "total_order": 2, "hotel_value": ["4.5", "4.5"], "hotel_price": ["186", "186"]}, "436468": {"hotel_name": "\u9752\u5c9b\u5c71\u5b5a\u5927\u9152\u5e97", "order_time": ["2019-01-27 16:30:05", "2019-01-27 16:58:58"], "total_order": 2, "hotel_value": ["4.6", "4.6"], "hotel_price": ["270", "270"]}, "6867438": {"hotel_name": "\u9752\u5c9b\u91cc\u9662\u7cbe\u54c1\u9152\u5e97", "order_time": ["2019-01-27 16:42:03", "2019-01-27 16:30:09"], "total_order": 2, "hotel_value": ["4.6", "4.6"], "hotel_price": ["62", "62"]}, "634838": {"hotel_name": "\u5373\u58a8\u9999\u6839\u6e29\u6cc9\u9152\u5e97", "order_time": ["2019-01-27 16:30:12"], "total_order": 1, "hotel_value": ["4.6"], "hotel_price": ["528"]}, "2040919": {"hotel_name": "\u90fd\u5e02118\u8fde\u9501\u9152\u5e97(\u80f6\u5dde\u706b\u8f66\u7ad9\u5e97)", "order_time": ["2019-01-27 16:31:22"], "total_order": 1, "hotel_value": ["4.2"], "hotel_price": ["95"]}, "3202843": {"hotel_name": "\u7231\u5c0a\u5ba2\u7cbe\u54c1\u9152\u5e97(\u9752\u5c9b\u57ce\u9633\u6b63\u9633\u4e2d\u8def\u5e97)", "order_time": ["2019-01-27 16:32:25"], "total_order": 1, "hotel_value": ["4.7"], "hotel_price": ["160"]}, "5733262": {"hotel_name": "\u5343\u5bbf\u5ea6\u5047\u516c\u5bd3(\u9752\u5c9b\u4e3d\u6676\u5fa1\u7b51\u5e97)(\u539f\u5343\u5bbf\u534e\u8bfa\u601d\u5ea6\u5047\u516c\u5bd3)", "order_time": ["2019-01-27 16:32:28"], "total_order": 1, "hotel_value": ["4.6"], "hotel_price": ["140"]}, "2624024": {"hotel_name": "\u6c49\u5ead\u9152\u5e97(\u9752\u5c9b\u9ec4\u5c9b\u4e2d\u6cfd\u56fd\u8d27\u5e97)", "order_time": ["2019-01-27 16:32:29"], "total_order": 1, "hotel_value": ["4.7"], "hotel_price": ["142"]}, "1696745": {"hotel_name": "\u798f\u81f4\u827a\u672f\u7cbe\u54c1\u9152\u5e97(\u9752\u5c9b\u5965\u5e06\u4e2d\u5fc3\u5e97)", "order_time": ["2019-01-27 16:32:41"], "total_order": 1, "hotel_value": ["4.5"], "hotel_price": ["83"]}, "2136286": {"hotel_name": "\u9752\u5c9b\u7f8e\u5885\u5047\u671f\u9152\u5e9730\u53f7\u6d77\u8fb9\u522b\u5885", "order_time": ["2019-01-27 16:34:50"], "total_order": 1, "hotel_value": ["4.9"], "hotel_price": ["28476"]}, "929520": {"hotel_name": "\u83ab\u6cf0168(\u9752\u5c9b\u674e\u6751\u5730\u94c1\u7ad9\u5cf0\u5c71\u8def\u5e97)(\u539f\u674e\u6ca7\u5e7f\u573a\u5cf0\u5c71\u8def\u5e97)", "order_time": ["2019-01-27 16:34:52"], "total_order": 1, "hotel_value": ["4.5"], "hotel_price": ["109"]}, "1302230": {"hotel_name": "\u7231\u5ba2100\u8fde\u9501\u5bbe\u9986(\u9752\u5c9b\u7231\u604b\u65f6\u5149\u4e3b\u9898\u5e97)", "order_time": ["2019-01-27 16:35:02"], "total_order": 1, "hotel_value": ["4.0"], "hotel_price": ["64"]}, "2156027": {"hotel_name": "\u6d77\u53cb\u9152\u5e97(\u9752\u5c9b\u676d\u5dde\u8def\u5e97)", "order_time": ["2019-01-27 16:35:05"], "total_order": 1, "hotel_value": ["4.3"], "hotel_price": ["85"]}, "2017994": {"hotel_name": "\u80f6\u5dde\u946b\u9f99\u5047\u65e5\u9152\u5e97\u6c7d\u8f66\u603b\u7ad9\u5e97", "order_time": ["2019-01-27 16:40:43", "2019-01-27 16:35:56"], "total_order": 2, "hotel_value": ["4.7", "4.7"], "hotel_price": ["84", "84"]}, "436457": {"hotel_name": "\u9752\u5c9b\u6cdb\u6d77\u540d\u4eba\u9152\u5e97", "order_time": ["2019-01-27 16:37:08"], "total_order": 1, "hotel_value": ["4.4"], "hotel_price": ["307"]}, "483417": {"hotel_name": "\u9752\u5c9b\u6d77\u90fd\u5927\u9152\u5e97", "order_time": ["2019-01-27 16:37:08", "2019-01-27 16:41:58"], "total_order": 2, "hotel_value": ["4.6", "4.6"], "hotel_price": ["254", "254"]}, "20615346": {"hotel_name": "\u827e\u5ba2\u6d77\u666f\u5ea6\u5047\u516c\u5bd3\uff08\u9752\u5c9b\u77f3\u8001\u4eba\u6d77\u6c34\u6d74\u573a\u5e97\uff09", "order_time": ["2019-01-27 16:37:08", "2019-01-27 16:42:01", "2019-01-27 16:51:34"], "total_order": 3, "hotel_value": ["4.8", "4.8", "4.8"], "hotel_price": ["200", "200", "200"]}, "659645": {"hotel_name": "\u9752\u5c9b\u5373\u58a8\u534e\u73ba\u5927\u9152\u5e97", "order_time": ["2019-01-27 16:37:09", "2019-01-27 16:51:34"], "total_order": 2, "hotel_value": ["4.7", "4.7"], "hotel_price": ["419", "419"]}, "428027": {"hotel_name": "\u5982\u5bb6\u7cbe\u9009\u9152\u5e97(\u9752\u5c9b\u94f6\u5ddd\u897f\u8def\u8f6f\u4ef6\u56ed\u5e97)", "order_time": ["2019-01-27 16:37:10"], "total_order": 1, "hotel_value": ["4.7"], "hotel_price": ["217"]}, "21783354": {"hotel_name": "\u9752\u5c9b\u6db5\u8bed\u697c\u7cbe\u54c1\u9152\u5e97", "order_time": ["2019-01-27 16:37:14"], "total_order": 1, "hotel_value": ["4.8"], "hotel_price": ["94"]}, "2239071": {"hotel_name": "\u5373\u58a8\u7687\u671d\u5bbe\u9986", "order_time": ["2019-01-27 16:37:14"], "total_order": 1, "hotel_value": ["4.5"], "hotel_price": ["105"]}, "6263824": {"hotel_name": "\u9752\u5c9b\u7d2b\u73a5\u56fd\u9645\u9152\u5e97\u516c\u5bd3", "order_time": ["2019-01-27 16:37:16"], "total_order": 1, "hotel_value": ["4.3"], "hotel_price": ["145"]}, "6841720": {"hotel_name": "\u9752\u5c9b\u6d77\u6db5\u8f69\u7cbe\u54c1\u9152\u5e97", "order_time": ["2019-01-27 16:37:16"], "total_order": 1, "hotel_value": ["4.7"], "hotel_price": ["124"]}, "1420488": {"hotel_name": "\u9752\u5c9b\u91d1\u6d77\u5546\u52a1\u5bbe\u9986(\u706b\u8f66\u7ad9\u897f\u5e7f\u573a\u5e97)", "order_time": ["2019-01-27 16:37:18"], "total_order": 1, "hotel_value": ["4.4"], "hotel_price": ["80"]}, "371190": {"hotel_name": "\u9752\u5c9b\u9999\u683c\u91cc\u62c9\u5927\u9152\u5e97", "order_time": ["2019-01-27 16:39:36"], "total_order": 1, "hotel_value": ["4.7"], "hotel_price": ["689"]}, "6838355": {"hotel_name": "\u5170\u6b27\u9152\u5e97(\u9752\u5c9b\u4e94\u56db\u5e7f\u573a\u5e97)(\u539f\u65b0\u4e1c\u5927\u9152\u5e97)", "order_time": ["2019-01-27 17:01:19", "2019-01-27 16:39:37", "2019-01-27 16:58:58"], "total_order": 3, "hotel_value": ["4.6", "4.6", "4.6"], "hotel_price": ["294", "294", "294"]}, "21356980": {"hotel_name": "\u5c0f\u91d1\u9ca4\u6d77\u666f\u516c\u5bd3(\u9752\u5c9b\u5564\u9152\u57ce\u4f1a\u5c55\u4e2d\u5fc3\u5e97)", "order_time": ["2019-01-27 16:39:37"], "total_order": 1, "hotel_value": ["4.9"], "hotel_price": ["208"]}, "1344275": {"hotel_name": "\u9752\u5c9b\u56ed\u6f84\u5bb6\u5b66\u957f\u516c\u5bd3(\u539f\u56ed\u6f84\u5bb6\u5546\u52a1\u5bbe\u9986)", "order_time": ["2019-01-27 16:39:39"], "total_order": 1, "hotel_value": ["4.1"], "hotel_price": ["71"]}, "780412": {"hotel_name": "\u9526\u6c5f\u4e4b\u661f(\u9752\u5c9b\u5f00\u53d1\u533a\u6c5f\u5c71\u4e2d\u8def\u5e97)", "order_time": ["2019-01-27 16:39:40"], "total_order": 1, "hotel_value": ["4.4"], "hotel_price": ["119"]}, "5998475": {"hotel_name": "\u6db5\u820d\u60a6\u5c45\u7cbe\u54c1\u9152\u5e97(\u9752\u5c9b\u4e07\u5e74\u6cc9\u8def\u5730\u94c1\u7ad9\u5e97)", "order_time": ["2019-01-27 16:39:40"], "total_order": 1, "hotel_value": ["4.6"], "hotel_price": ["199"]}, "1372374": {"hotel_name": "\u5982\u5bb6\u5feb\u6377\u9152\u5e97(\u9752\u5c9b\u56db\u65b9\u957f\u9014\u7ad9\u5ba3\u5316\u8def\u5e97)", "order_time": ["2019-01-27 16:39:44"], "total_order": 1, "hotel_value": ["4.6"], "hotel_price": ["110"]}, "994192": {"hotel_name": "\u5982\u5bb6\u5feb\u6377\u9152\u5e97(\u5373\u58a8\u9e64\u5c71\u8def\u5927\u94dc\u9a6c\u5e7f\u573a\u5e97)", "order_time": ["2019-01-27 16:39:49"], "total_order": 1, "hotel_value": ["4.6"], "hotel_price": ["101"]}, "1725913": {"hotel_name": "\u5c1a\u5ba2\u4f18\u5feb\u6377\u9152\u5e97(\u9752\u5c9b\u4e95\u5188\u5c71\u8def\u4e2d\u5fc3\u5e97)", "order_time": ["2019-01-27 16:40:08"], "total_order": 1, "hotel_value": ["3.7"], "hotel_price": ["64"]}, "19439246": {"hotel_name": "\u9752\u5c9b\u83ab\u5948\u82b1\u56ed\u9152\u5e97", "order_time": ["2019-01-27 16:42:21"], "total_order": 1, "hotel_value": [0], "hotel_price": ["578"]}, "2045313": {"hotel_name": "\u5c1a\u5ba2\u4f18\u5feb\u6377\u9152\u5e97(\u5e73\u5ea6\u4eba\u6c11\u8def\u5e97)", "order_time": ["2019-01-27 16:43:08"], "total_order": 1, "hotel_value": ["4.3"], "hotel_price": ["104"]}, "11649805": {"hotel_name": "\u5b9c\u5bb699\u4e3b\u9898\u9152\u5e97(\u9752\u5c9b\u57ce\u9633\u5bb6\u4f73\u6e90\u5e97)", "order_time": ["2019-01-27 16:44:27"], "total_order": 1, "hotel_value": ["4.2"], "hotel_price": ["155"]}, "427967": {"hotel_name": "\u5982\u5bb6\u5feb\u6377\u9152\u5e97(\u9752\u5c9b\u6808\u6865\u706b\u8f66\u7ad9\u5e7f\u573a\u5e97)", "order_time": ["2019-01-27 16:44:35"], "total_order": 1, "hotel_value": ["4.2"], "hotel_price": ["82"]}, "25586200": {"hotel_name": "\u5b63\u5bb6\u516c\u5bd3(\u9752\u5c9bCBD\u5357\u4eac\u8def\u5e97)", "order_time": ["2019-01-27 16:46:40"], "total_order": 1, "hotel_value": ["4.9"], "hotel_price": ["115"]}, "2638267": {"hotel_name": "\u6c49\u5ead\u9152\u5e97(\u9752\u5c9b\u6d77\u5c14\u8def\u56fd\u9645\u4f1a\u5c55\u4e2d\u5fc3\u5e97)", "order_time": ["2019-01-27 16:46:40"], "total_order": 1, "hotel_value": ["4.5"], "hotel_price": ["151"]}, "1815658": {"hotel_name": "\u5723\u5fb7\u5c45\u5546\u52a1\u9152\u5e97(\u9752\u5c9b\u706b\u8f66\u5317\u7ad9\u5e97)", "order_time": ["2019-01-27 16:46:40"], "total_order": 1, "hotel_value": ["4.4"], "hotel_price": ["126"]}, "779889": {"hotel_name": "\u9526\u6c5f\u4e4b\u661f(\u9752\u5c9b\u4e94\u56db\u5e7f\u573a\u5357\u4eac\u8def\u5730\u94c1\u7ad9\u5e97)", "order_time": ["2019-01-27 16:46:40"], "total_order": 1, "hotel_value": ["4.4"], "hotel_price": ["129"]}, "445159": {"hotel_name": "\u9752\u5c9b\u79cb\u4e34\u5927\u9152\u5e97", "order_time": ["2019-01-27 16:46:40"], "total_order": 1, "hotel_value": ["4.3"], "hotel_price": ["243"]}, "2044098": {"hotel_name": "\u6b27\u98de\u8fde\u9501\u9152\u5e97(\u9752\u5c9b\u957f\u9014\u6c7d\u8f66\u7ad9\u5e97)", "order_time": ["2019-01-27 16:46:47"], "total_order": 1, "hotel_value": ["4.0"], "hotel_price": ["73"]}, "6717999": {"hotel_name": "\u9752\u5c9b\u5eb7\u946b\u7f8e\u5feb\u6377\u5bbe\u9986", "order_time": ["2019-01-27 16:46:51"], "total_order": 1, "hotel_value": ["3.6"], "hotel_price": ["80"]}, "1360637": {"hotel_name": "\u9752\u5c9b\u61ff\u946b\u5bbe\u9986", "order_time": ["2019-01-27 16:46:54"], "total_order": 1, "hotel_value": ["4.4"], "hotel_price": ["45"]}, "6173744": {"hotel_name": "\u5e73\u5ea6\u534e\u73ba\u5927\u9152\u5e97", "order_time": ["2019-01-27 16:59:57", "2019-01-27 16:48:12"], "total_order": 2, "hotel_value": ["4.7", "4.7"], "hotel_price": ["328", "328"]}, "1095993": {"hotel_name": "\u901f8\u9152\u5e97(\u80f6\u5dde\u5317\u5173\u6c47\u82f1\u540d\u90e1\u5e97)", "order_time": ["2019-01-27 16:48:13"], "total_order": 1, "hotel_value": ["4.4"], "hotel_price": ["98"]}, "5895533": {"hotel_name": "\u5373\u58a8\u7231\u5ba2100\u8fde\u9501\u5bbe\u9986\u670d\u88c5\u57ce\u5e97", "order_time": ["2019-01-27 16:49:11"], "total_order": 1, "hotel_value": ["4.5"], "hotel_price": ["97"]}, "5250260": {"hotel_name": "\u9752\u5c9b\u987a\u5ba2\u946b\u5546\u52a1\u5bbe\u9986", "order_time": ["2019-01-27 16:49:23"], "total_order": 1, "hotel_value": ["2.7"], "hotel_price": ["279"]}, "2148570": {"hotel_name": "\u9752\u5c9b\u5cf0\u9676\u5ead\u7cbe\u54c1\u5546\u52a1\u5bbe\u9986", "order_time": ["2019-01-27 16:49:24"], "total_order": 1, "hotel_value": ["4.4"], "hotel_price": ["73"]}, "2620136": {"hotel_name": "7\u5929\u8fde\u9501\u9152\u5e97(\u9752\u5c9b\u674e\u6ca7\u4e07\u8fbe\u5e7f\u573a\u5e97)", "order_time": ["2019-01-27 16:51:32"], "total_order": 1, "hotel_value": ["4.6"], "hotel_price": ["99"]}, "12252847": {"hotel_name": "\u9752\u5c9b\u9890\u84dd\u5fc3\u820d\u9152\u5e97", "order_time": ["2019-01-27 16:51:33"], "total_order": 1, "hotel_value": ["4.6"], "hotel_price": ["169"]}, "5673979": {"hotel_name": "\u9752\u5c9b\u7f8e\u5885\u5047\u671f\u9152\u5e9712\u53f7\u6d77\u8fb9\u522b\u5885", "order_time": ["2019-01-27 16:51:33"], "total_order": 1, "hotel_value": ["4.9"], "hotel_price": ["276"]}, "19615245": {"hotel_name": "\u66e6\u9014\u89c2\u6f9c\u6d77\u666f\u5ea6\u5047\u522b\u5885(\u9752\u5c9b\u5965\u5e06\u4e94\u56db\u5e7f\u573a\u5e97)", "order_time": ["2019-01-27 16:51:33"], "total_order": 1, "hotel_value": ["4.9"], "hotel_price": ["250"]}, "6284231": {"hotel_name": "\u9752\u5c9b\u745e\u5947\u6d77\u666f\u5ea6\u5047\u516c\u5bd3\u4e2d\u8054\u81ea\u7531\u6e2f\u6e7e\u5e97", "order_time": ["2019-01-27 16:51:33"], "total_order": 1, "hotel_value": ["4.7"], "hotel_price": ["75"]}, "531745": {"hotel_name": "\u6df1\u84dd\u590d\u5f0f\u516c\u5bd3(\u9752\u5c9b\u4f1a\u5c55\u4e2d\u5fc3\u6d77\u6c34\u6d74\u573a\u56fd\u4fe1)", "order_time": ["2019-01-27 16:51:33"], "total_order": 1, "hotel_value": ["4.6"], "hotel_price": ["138"]}, "5147860": {"hotel_name": "\u9752\u5c9b\u5d02\u5c71\u6e7e\u9152\u5e97", "order_time": ["2019-01-27 16:51:33"], "total_order": 1, "hotel_value": ["4.6"], "hotel_price": ["426"]}, "2265976": {"hotel_name": "\u4eac\u82d1\u667a\u5c1a\u8bbe\u8ba1\u9152\u5e97(\u9752\u5c9b\u9999\u6e2f\u4e2d\u8def\u5e97)", "order_time": ["2019-01-27 16:51:33"], "total_order": 1, "hotel_value": ["4.6"], "hotel_price": ["148"]}, "690587": {"hotel_name": "\u9752\u5c9b\u516b\u5927\u5173\u9526\u7ee3\u56ed\u9152\u5e97", "order_time": ["2019-01-27 16:51:33"], "total_order": 1, "hotel_value": ["4.6"], "hotel_price": ["224"]}, "6532672": {"hotel_name": "\u9752\u5c9b\u5373\u58a8\u6d77\u666f\u82b1\u82d1\u5927\u9152\u5e97", "order_time": ["2019-01-27 16:51:33"], "total_order": 1, "hotel_value": ["4.8"], "hotel_price": ["489"]}, "1734724": {"hotel_name": "\u9752\u5c9b\u56fd\u4fe1\u4e1c\u65b9\u4e4b\u661f\u9152\u5e97", "order_time": ["2019-01-27 16:51:33"], "total_order": 1, "hotel_value": ["4.7"], "hotel_price": ["148"]}, "8954787": {"hotel_name": "\u9752\u5c9b\u90a3\u7531\u4ed6\u667a\u80fd\u6d77\u666f\u6c11\u5bbf", "order_time": ["2019-01-27 16:51:33"], "total_order": 1, "hotel_value": ["4.8"], "hotel_price": ["398"]}, "437482": {"hotel_name": "\u9752\u5c9b\u534e\u5ba2\u5ea6\u5047\u9152\u5e97", "order_time": ["2019-01-27 16:51:33"], "total_order": 1, "hotel_value": ["4.6"], "hotel_price": ["149"]}, "1934416": {"hotel_name": "\u6df1\u84dd\u5047\u65e5\u5ea6\u5047\u5f0f\u516c\u5bd3(\u9752\u5c9b\u5927\u62c7\u6307\u5e7f\u573a\u5e97)", "order_time": ["2019-01-27 16:51:33"], "total_order": 1, "hotel_value": ["4.4"], "hotel_price": ["108"]}, "2359489": {"hotel_name": "\u5b89\u6f9c\u5bbe\u820d\u541b\u54c1\u6d77\u5cb8\u9152\u5e97(\u9752\u5c9b\u706b\u8f66\u7ad9\u6808\u6865\u9752\u533b\u9644\u9662\u5e97)", "order_time": ["2019-01-27 16:51:33"], "total_order": 1, "hotel_value": ["4.5"], "hotel_price": ["75"]}, "19616266": {"hotel_name": "\u66e6\u9014\u672a\u6765\u6d77\u666f\u5ea6\u5047\u516c\u5bd3(\u9752\u5c9b\u4f1a\u5c55\u4e2d\u5fc3\u77f3\u8001\u4eba\u6d77\u6c34\u6d74\u573a\u5e97)", "order_time": ["2019-01-27 16:51:33"], "total_order": 1, "hotel_value": ["4.8"], "hotel_price": ["206"]}, "8681476": {"hotel_name": "\u9752\u5c9b\u8046\u6d77\u94c2\u6708\u6d77\u666f\u5ea6\u5047\u516c\u5bd3", "order_time": ["2019-01-27 16:51:33"], "total_order": 1, "hotel_value": ["4.7"], "hotel_price": ["74"]}, "1048386": {"hotel_name": "\u6854\u5b50\u9152\u5e97\u00b7\u7cbe\u9009(\u9752\u5c9b\u5965\u5e06\u4e2d\u5fc3\u5e97)(\u539f\u4e94\u56db\u5e7f\u573a\u5e97)", "order_time": ["2019-01-27 16:51:34"], "total_order": 1, "hotel_value": ["4.8"], "hotel_price": ["239"]}, "8982407": {"hotel_name": "\u4f0a\u7f8e\u841d\u8587\u6d77\u666f\u522b\u5885\u9152\u5e97(\u9752\u5c9b\u516b\u5927\u5173\u666f\u533a\u5e97)", "order_time": ["2019-01-27 16:51:34"], "total_order": 1, "hotel_value": ["4.9"], "hotel_price": ["689"]}, "2318142": {"hotel_name": "\u9752\u5c9b\u67ab\u4e39\u767d\u9732\u6d77\u666f\u9152\u5e97\u516c\u5bd3", "order_time": ["2019-01-27 16:51:34"], "total_order": 1, "hotel_value": ["4.7"], "hotel_price": ["81"]}, "823433": {"hotel_name": "\u9752\u5c9b\u82b1\u56ed\u5927\u9152\u5e97", "order_time": ["2019-01-27 16:51:34"], "total_order": 1, "hotel_value": ["4.6"], "hotel_price": ["288"]}, "1607190": {"hotel_name": "\u9752\u5c9b\u6c14\u8c61\u5ea6\u5047\u6751", "order_time": ["2019-01-27 16:51:34"], "total_order": 1, "hotel_value": ["4.2"], "hotel_price": ["236"]}, "2329361": {"hotel_name": "\u9752\u5c9b\u65af\u7ef4\u767b\u5ea6\u5047\u516c\u5bd3(\u90ae\u8f6e\u6bcd\u6e2f\u5e97)", "order_time": ["2019-01-27 16:51:34"], "total_order": 1, "hotel_value": ["4.7"], "hotel_price": ["124"]}, "669757": {"hotel_name": "\u9752\u5c9b\u5b9d\u9f99\u827a\u7b51\u9152\u5e97", "order_time": ["2019-01-27 16:51:34"], "total_order": 1, "hotel_value": ["4.5"], "hotel_price": ["194"]}, "8182955": {"hotel_name": "\u6cca\u4e91\u5c1a\u9009\u5ead\u9662\u9152\u5e97(\u9752\u5c9b\u897f\u6d77\u5cb8\u4e1c\u65b9\u5f71\u90fd\u4e07\u8fbe\u8302\u5e97)", "order_time": ["2019-01-27 16:51:34"], "total_order": 1, "hotel_value": ["4.9"], "hotel_price": ["258"]}, "6525125": {"hotel_name": "Q\u52a0\u00b7\u60a6\u6f9c\u9152\u5e97\u516c\u5bd3(\u9752\u5c9b\u4e94\u56db\u5e7f\u573a\u4e07\u8c61\u57ce\u5e97)", "order_time": ["2019-01-27 16:54:10", "2019-01-27 16:51:34"], "total_order": 2, "hotel_value": ["4.7", "4.7"], "hotel_price": ["196", "196"]}, "8396348": {"hotel_name": "\u7a7a\u94c1\u5047\u65e5\u9152\u5e97\u516c\u5bd3(\u9752\u5c9b\u673a\u573a\u822a\u7ad9\u697c\u5e97)", "order_time": ["2019-01-27 16:51:34"], "total_order": 1, "hotel_value": ["4.4"], "hotel_price": ["211"]}, "5896610": {"hotel_name": "\u9752\u5c9b\u6d77\u8fb9\u4eba\u5bb6\u6d77\u666f\u5ea6\u5047\u516c\u5bd3\u4e2d\u8054\u81ea\u7531\u6e2f\u6e7e\u5e97", "order_time": ["2019-01-27 16:51:34"], "total_order": 1, "hotel_value": ["4.7"], "hotel_price": ["62"]}, "20058929": {"hotel_name": "\u5343\u5bbf\u6d77\u666f\u5ea6\u5047\u516c\u5bd3(\u9752\u5c9b\u4f1a\u5c55\u4e2d\u5fc3\u77f3\u8001\u4eba\u6d74\u573a\u5e97)", "order_time": ["2019-01-27 16:51:34"], "total_order": 1, "hotel_value": ["4.8"], "hotel_price": ["203"]}, "19583911": {"hotel_name": "\u9752\u5c9b\u6cca\u5ba2\u4ed5\u5bb6\u7cbe\u54c1\u516c\u5bd3", "order_time": ["2019-01-27 16:51:34"], "total_order": 1, "hotel_value": ["4.9"], "hotel_price": ["179"]}, "532185": {"hotel_name": "\u9752\u5c9b\u6d77\u60c5\u5927\u9152\u5e97", "order_time": ["2019-01-27 16:51:34"], "total_order": 1, "hotel_value": ["4.6"], "hotel_price": ["239"]}, "443620": {"hotel_name": "\u9752\u5c9b\u6b66\u80dc\u5173\u5ea6\u5047\u9152\u5e97", "order_time": ["2019-01-27 16:51:34"], "total_order": 1, "hotel_value": ["4.6"], "hotel_price": ["256"]}, "7690235": {"hotel_name": "Q\u52a0\u00b7\u79a7\u60a6\u5047\u65e5\u9152\u5e97(\u9752\u5c9b\u706b\u8f66\u7ad9\u4e1c\u5e7f\u573a\u6808\u6865\u5e97)(\u539f\u9752\u5c9b\u79a7\u60a6\u5047\u65e5\u9152\u5e97)", "order_time": ["2019-01-27 16:51:34"], "total_order": 1, "hotel_value": ["4.5"], "hotel_price": ["100"]}, "445195": {"hotel_name": "\u9752\u5c9b\u4e1c\u6656\u56fd\u9645\u5927\u9152\u5e97", "order_time": ["2019-01-27 16:51:34"], "total_order": 1, "hotel_value": ["4.5"], "hotel_price": ["266"]}, "2639045": {"hotel_name": "\u9752\u5c9b\u4e2d\u8054\u81ea\u7531\u6e2f\u6e7e\u9152\u5e97", "order_time": ["2019-01-27 16:51:34"], "total_order": 1, "hotel_value": ["4.4"], "hotel_price": ["236"]}, "669124": {"hotel_name": "\u9752\u5c9b\u534e\u4fa8\u56fd\u9645\u996d\u5e97", "order_time": ["2019-01-27 16:51:34"], "total_order": 1, "hotel_value": ["4.3"], "hotel_price": ["198"]}, "6587715": {"hotel_name": "\u9752\u5c9b\u7f8e\u5885\u5047\u671f\u9152\u5e978\u53f7\u6d77\u8fb9\u522b\u5885", "order_time": ["2019-01-27 16:51:34"], "total_order": 1, "hotel_value": ["4.9"], "hotel_price": ["298"]}, "8924494": {"hotel_name": "\u6c83\u5fb7\u9152\u5e97\u516c\u5bd3(\u9752\u5c9b\u56fd\u4fe1\u4f1a\u5c55\u4e2d\u5fc3\u5e97)", "order_time": ["2019-01-27 16:51:34"], "total_order": 1, "hotel_value": ["4.7"], "hotel_price": ["157"]}, "4328552": {"hotel_name": "\u9752\u5c9b\u4e50\u6e90\u9152\u5e97", "order_time": ["2019-01-27 16:51:34"], "total_order": 1, "hotel_value": ["4.4"], "hotel_price": ["164"]}, "454944": {"hotel_name": "\u9752\u5c9b\u6d77\u6da6\u4e30\u626c\u5e06\u9152\u5e97", "order_time": ["2019-01-27 16:51:34"], "total_order": 1, "hotel_value": ["4.5"], "hotel_price": ["289"]}, "1093405": {"hotel_name": "\u9752\u5c9b\u4e16\u56ed\u5bd2\u8f69\u9152\u5e97", "order_time": ["2019-01-27 16:51:34"], "total_order": 1, "hotel_value": ["4.5"], "hotel_price": ["399"]}, "4093418": {"hotel_name": "\u4f0a\u7f8e\u841d\u8587\u6d77\u666f\u522b\u5885\u9152\u5e97(\u9752\u5c9b\u4e94\u56db\u5e7f\u573a\u666f\u533a\u5e97)", "order_time": ["2019-01-27 16:51:34"], "total_order": 1, "hotel_value": ["4.9"], "hotel_price": ["969"]}, "7019200": {"hotel_name": "\u9752\u5c9b\u6c50\u7f8e\u5bbf\u9152\u5e97", "order_time": ["2019-01-27 16:51:34"], "total_order": 1, "hotel_value": ["4.7"], "hotel_price": ["236"]}, "23572246": {"hotel_name": "\u7ea2\u749e\u516c\u5bd3(\u9752\u5c9b\u95fd\u6c5f\u8def\u5e97)", "order_time": ["2019-01-27 16:51:36"], "total_order": 1, "hotel_value": ["4.5"], "hotel_price": ["77"]}, "1677774": {"hotel_name": "\u9752\u5c9b\u99a8\u60a6\u8f69\u5ea6\u5047\u516c\u5bd3", "order_time": ["2019-01-27 16:51:37"], "total_order": 1, "hotel_value": ["4.6"], "hotel_price": ["80"]}, "2306006": {"hotel_name": "\u683c\u6797\u8c6a\u6cf0(\u9752\u5c9b\u706b\u8f66\u7ad9\u5e7f\u573a\u5e97)", "order_time": ["2019-01-27 16:51:38"], "total_order": 1, "hotel_value": ["4.7"], "hotel_price": ["75"]}, "1480178": {"hotel_name": "\u9752\u5c9b\u9c81\u798f\u7f18\u5bbe\u9986", "order_time": ["2019-01-27 16:51:42"], "total_order": 1, "hotel_value": ["4.7"], "hotel_price": ["83"]}, "1232995": {"hotel_name": "\u9752\u5c9b\u534a\u5c9b\u84dd\u6e7e\u6d77\u666f\u5ea6\u5047\u516c\u5bd3(\u9752\u5c9b\u5e02\u9ec4\u5c9b\u533a\u80f6\u5357\u7075\u5c71\u6e7e\u5ea6\u5047\u533a\u90a3\u9c81\u6e7e\u5e97)", "order_time": ["2019-01-27 16:51:44"], "total_order": 1, "hotel_value": ["4.5"], "hotel_price": ["88"]}, "5463838": {"hotel_name": "\u9752\u5c9b\u7761\u673a\u573a\u9152\u5e97", "order_time": ["2019-01-27 16:54:05"], "total_order": 1, "hotel_value": ["4.3"], "hotel_price": ["145"]}, "1287621": {"hotel_name": "\u6e2f\u6e7e\u5370\u8c61\u8fde\u9501\u9152\u5e97(\u9752\u5c9b\u674e\u6751\u541b\u5cf0\u8def\u5730\u94c1\u7ad9\u5e97) ", "order_time": ["2019-01-27 16:54:08"], "total_order": 1, "hotel_value": ["3.9"], "hotel_price": ["78"]}, "28528994": {"hotel_name": "\u9752\u5c9b\u6591\u9a6c\u7cbe\u4eab\u9152\u5e97", "order_time": ["2019-01-27 16:54:08"], "total_order": 1, "hotel_value": ["4.9"], "hotel_price": ["125"]}, "1182386": {"hotel_name": "Inhotels&\u76f8\u9685\u7cbe\u5bbf(\u9752\u5c9b\u4e07\u8c61\u57ce\u5e97)", "order_time": ["2019-01-27 16:54:08"], "total_order": 1, "hotel_value": ["4.5"], "hotel_price": ["104"]}, "10212249": {"hotel_name": "\u4e50\u5bb6\u8f69\u7cbe\u54c1\u670d\u52a1\u516c\u5bd3(\u9752\u5c9b\u9ad8\u65b0\u533a\u521b\u4e1a\u5927\u53a6\u65b9\u7279\u5e97)", "order_time": ["2019-01-27 16:54:09"], "total_order": 1, "hotel_value": ["4.6"], "hotel_price": ["134"]}, "1700586": {"hotel_name": "\u901f8\u9152\u5e97(\u9752\u5c9b\u80f6\u5357\u65b0\u6c7d\u8f66\u7ad9\u5e97)", "order_time": ["2019-01-27 16:54:11"], "total_order": 1, "hotel_value": ["4.6"], "hotel_price": ["84"]}, "2304451": {"hotel_name": "\u7231\u5c0a\u5ba2\u9152\u5e97(\u9752\u5c9b\u5373\u58a8\u5e97)", "order_time": ["2019-01-27 16:54:11"], "total_order": 1, "hotel_value": ["4.7"], "hotel_price": ["170"]}, "429108": {"hotel_name": "\u9752\u5c9b\u94f6\u6c99\u6ee9\u6e29\u5fb7\u59c6\u81f3\u5c0a\u9152\u5e97", "order_time": ["2019-01-27 16:54:13"], "total_order": 1, "hotel_value": ["4.5"], "hotel_price": ["414"]}, "484453": {"hotel_name": "\u9752\u5c9b\u897f\u6d77\u5cb8\u9686\u548c\u798f\u670b\u559c\u6765\u767b\u9152\u5e97(\u539f\u9ec4\u5c9b\u798f\u670b\u559c\u6765\u767b\u9152\u5e97)", "order_time": ["2019-01-27 16:54:13"], "total_order": 1, "hotel_value": ["4.6"], "hotel_price": ["309"]}, "11420986": {"hotel_name": "\u6b27\u7f8e\u83b2\u9152\u5e97", "order_time": ["2019-01-27 16:54:17"], "total_order": 1, "hotel_value": ["4.6"], "hotel_price": ["84"]}, "8576099": {"hotel_name": "\u745e\u66fc\u8fbe\u9152\u5e97(\u80f6\u5dde\u4e2d\u5fc3\u5e97)", "order_time": ["2019-01-27 16:55:29"], "total_order": 1, "hotel_value": ["4.8"], "hotel_price": ["240"]}, "2152098": {"hotel_name": "\u83b1\u897f\u4ea4\u901a\u5bbe\u9986", "order_time": ["2019-01-27 16:55:30"], "total_order": 1, "hotel_value": ["4.4"], "hotel_price": ["84"]}, "23401453": {"hotel_name": "\u9752\u5c9b\u6696\u7a9d\u8f7b\u5962\u516c\u5bd3", "order_time": ["2019-01-27 16:57:05"], "total_order": 1, "hotel_value": ["4.8"], "hotel_price": ["100"]}, "6508376": {"hotel_name": "\u6155\u820d\u00b7\u8d1d\u683c\u9152\u5e97\u516c\u5bd3(\u9752\u5c9b\u4e07\u8c61\u57ce\u5965\u5e06\u4e94\u56db\u5e7f\u573a\u5e97)", "order_time": ["2019-01-27 16:57:53", "2019-01-27 17:03:44"], "total_order": 2, "hotel_value": ["4.9", "4.9"], "hotel_price": ["328", "328"]}, "21124467": {"hotel_name": "\u9752\u5c9b\u65af\u7ef4\u767b\u7cbe\u54c1\u516c\u5bd3(\u4f1a\u5c55\u4e2d\u5fc3\u77f3\u8001\u4eba\u6d77\u6c34\u6d74\u573a)", "order_time": ["2019-01-27 17:03:45", "2019-01-27 16:57:53"], "total_order": 2, "hotel_value": ["4.9", "4.9"], "hotel_price": ["227", "227"]}, "1306753": {"hotel_name": "\u9752\u5c9b\u51ef\u83b1\u5546\u52a1\u9152\u5e97", "order_time": ["2019-01-27 16:59:03"], "total_order": 1, "hotel_value": ["4.2"], "hotel_price": ["154"]}, "1728930": {"hotel_name": "\u83b1\u897f\u8c6a\u90a6\u5ea6\u5047\u6751", "order_time": ["2019-01-27 16:59:57"], "total_order": 1, "hotel_value": ["4.3"], "hotel_price": ["370"]}, "1200168": {"hotel_name": "\u7ef4\u4e5f\u7eb3\u9152\u5e97(\u80f6\u5dde\u5e97)", "order_time": ["2019-01-27 17:00:03"], "total_order": 1, "hotel_value": ["4.6"], "hotel_price": ["238"]}, "470042": {"hotel_name": "\u6c49\u5ead\u9152\u5e97(\u9752\u5c9b\u5c71\u4e1c\u8def\u4e07\u8fbe\u5e97)", "order_time": ["2019-01-27 17:01:16"], "total_order": 1, "hotel_value": ["4.6"], "hotel_price": ["170"]}, "794966": {"hotel_name": "\u9752\u5c9b\u666f\u82f1\u5229\u5546\u52a1\u5bbe\u9986", "order_time": ["2019-01-27 17:01:23"], "total_order": 1, "hotel_value": ["4.0"], "hotel_price": ["63"]}, "853604": {"hotel_name": "\u5982\u5bb6\u5feb\u6377\u9152\u5e97(\u9752\u5c9b\u56db\u6d41\u5357\u8def\u5e97)", "order_time": ["2019-01-27 17:01:30"], "total_order": 1, "hotel_value": ["4.4"], "hotel_price": ["94"]}, "1483933": {"hotel_name": "\u9752\u5c9b\u534e\u97e9\u5927\u9152\u5e97", "order_time": ["2019-01-27 17:02:51"], "total_order": 1, "hotel_value": ["4.0"], "hotel_price": ["256"]}, "1165332": {"hotel_name": "\u96c5\u60a6\u7cbe\u81f4\u9152\u5e97(\u9752\u5c9b\u53f0\u4e1c\u5564\u9152\u8857\u5e97)", "order_time": ["2019-01-27 17:03:45"], "total_order": 1, "hotel_value": ["4.3"], "hotel_price": ["83"]}, "10186829": {"hotel_name": "\u9526\u6c5f\u90fd\u57ce(\u9752\u5c9b\u65b0\u90fd\u5fc3\u5e97)", "order_time": ["2019-01-27 17:03:47"], "total_order": 1, "hotel_value": ["4.6"], "hotel_price": ["271"]}, "1374289": {"hotel_name": "\u83ab\u6cf0168(\u9752\u5c9b\u5f00\u53d1\u533a\u957f\u6c5f\u4e2d\u8def\u533a\u653f\u5e9c\u91d1\u6c99\u6ee9\u5e97)", "order_time": ["2019-01-27 17:03:50"], "total_order": 1, "hotel_value": ["4.4"], "hotel_price": ["109"]}, "1283801": {"hotel_name": "\u6211\u7684\u5730\u76d8\u4e3b\u9898\u9152\u5e97(\u9752\u5c9b\u6b63\u9633\u4e2d\u8def\u5e97)", "order_time": ["2019-01-27 17:03:50"], "total_order": 1, "hotel_value": ["4.5"], "hotel_price": ["124"]}, "2166570": {"hotel_name": "\u9752\u5c9b\u7f57\u66fc\u5ba2\u7cbe\u54c1\u4e3b\u9898\u9152\u5e97", "order_time": ["2019-01-27 17:03:52"], "total_order": 1, "hotel_value": ["4.1"], "hotel_price": ["91"]}, "780415": {"hotel_name": "\u9526\u6c5f\u4e4b\u661f(\u9752\u5c9b\u5f00\u53d1\u533a\u9999\u6c5f\u8def\u5e97)", "order_time": ["2019-01-27 17:03:53", "2019-01-27 17:06:22"], "total_order": 2, "hotel_value": ["4.6", "4.6"], "hotel_price": ["99", "99"]}, "995168": {"hotel_name": "\u94f6\u5ea7\u4f73\u9a7f\u9152\u5e97(\u5373\u58a8\u9e64\u5c71\u8def\u4f73\u4e50\u5bb6\u4e8c\u5e97)", "order_time": ["2019-01-27 17:06:15"], "total_order": 1, "hotel_value": ["4.4"], "hotel_price": ["81"]}, "6775447": {"hotel_name": "\u6d77\u798f\u7279\u9152\u5e97(\u9752\u5c9b\u56fd\u9645\u4f1a\u5c55\u4e2d\u5fc3\u77f3\u8001\u4eba\u6d77\u6c34\u6d74\u573a\u5e97)", "order_time": ["2019-01-27 17:06:16"], "total_order": 1, "hotel_value": ["4.3"], "hotel_price": ["133"]}, "994087": {"hotel_name": "\u5982\u5bb6\u5feb\u6377\u9152\u5e97(\u9752\u5c9b\u4e2d\u5c71\u8def\u5288\u67f4\u9662\u5e97)", "order_time": ["2019-01-27 17:06:22"], "total_order": 1, "hotel_value": ["4.4"], "hotel_price": ["76"]}, "5463286": {"hotel_name": "\u9752\u5c9b\u51ef\u8d8a\u65c5\u9986(\u539f\u51ef\u8d8a\u56fd\u9645\u9752\u5e74\u65c5\u9986)", "order_time": ["2019-01-27 17:06:29"], "total_order": 1, "hotel_value": ["4.7"], "hotel_price": ["45"]}, "13187604": {"hotel_name": "\u9752\u5c9b\u767e\u5a01\u7cbe\u54c1\u6d77\u666f\u5ea6\u5047\u516c\u5bd3", "order_time": ["2019-01-27 17:06:36"], "total_order": 1, "hotel_value": ["4.7"], "hotel_price": ["78"]}}}