{"\u5f00\u59cb\u8bb0\u5f55\u65f6\u95f4": "2019-01-15 16:55:21", "\u7ed3\u675f\u8bb0\u5f55\u65f6\u95f4": "2019-01-15 18:01:00", "\u8ba2\u5355\u603b\u589e\u91cf": 303, "item": {"2624847": {"hotel_name": "\u9752\u5c9b\u83ab\u4e3d\u00b7\u7cbe\u9009\u9152\u5e97", "order_time": ["2019-01-15 16:57:31", "2019-01-15 17:23:15"], "total_order": 2, "hotel_value": ["4.5", "4.5"], "hotel_price": ["235", "235"]}, "5726491": {"hotel_name": "\u7ef4\u4e5f\u7eb3\u9152\u5e97(\u9752\u5c9b\u9ec4\u5c9b\u5e97)", "order_time": ["2019-01-15 16:57:32"], "total_order": 1, "hotel_value": ["4.8"], "hotel_price": ["199"]}, "1374289": {"hotel_name": "\u83ab\u6cf0168(\u9752\u5c9b\u5f00\u53d1\u533a\u957f\u6c5f\u4e2d\u8def\u533a\u653f\u5e9c\u91d1\u6c99\u6ee9\u5e97)", "order_time": ["2019-01-15 16:57:32"], "total_order": 1, "hotel_value": ["4.4"], "hotel_price": ["109"]}, "6508376": {"hotel_name": "\u6155\u820d\u00b7\u8d1d\u683c\u9152\u5e97\u516c\u5bd3(\u9752\u5c9b\u4e07\u8c61\u57ce\u5965\u5e06\u4e94\u56db\u5e7f\u573a\u5e97)", "order_time": ["2019-01-15 16:57:32"], "total_order": 1, "hotel_value": ["4.9"], "hotel_price": ["428"]}, "393099": {"hotel_name": "\u9752\u5c9b\u5bcc\u529b\u827e\u7f8e\u9152\u5e97", "order_time": ["2019-01-15 16:57:32"], "total_order": 1, "hotel_value": ["4.6"], "hotel_price": ["552"]}, "6577116": {"hotel_name": "\u9752\u5c9b\u60a6\u6f9c\u9152\u5e97\u516c\u5bd3(\u4e94\u56db\u5e7f\u573a\u4e2d\u94c1\u4e2d\u5fc3\u5e97)", "order_time": ["2019-01-15 16:57:32"], "total_order": 1, "hotel_value": ["4.8"], "hotel_price": ["249"]}, "994246": {"hotel_name": "\u5982\u5bb6\u5feb\u6377\u9152\u5e97(\u5373\u58a8\u84dd\u9ccc\u8def\u5b9d\u9f99\u5e7f\u573a\u5e97)", "order_time": ["2019-01-15 17:23:28", "2019-01-15 16:57:33", "2019-01-15 17:12:11"], "total_order": 3, "hotel_value": ["4.5", "4.5", "4.5"], "hotel_price": ["111", "111", "111"]}, "780412": {"hotel_name": "\u9526\u6c5f\u4e4b\u661f(\u9752\u5c9b\u5f00\u53d1\u533a\u6c5f\u5c71\u4e2d\u8def\u5e97)", "order_time": ["2019-01-15 16:57:33"], "total_order": 1, "hotel_value": ["4.4"], "hotel_price": ["119"]}, "2299441": {"hotel_name": "\u9526\u6c5f\u4e4b\u661f(\u9752\u5c9b\u56fd\u9645\u4f1a\u5c55\u4e2d\u5fc3\u6d77\u5c14\u8def\u5e97)", "order_time": ["2019-01-15 16:57:34"], "total_order": 1, "hotel_value": ["4.6"], "hotel_price": ["190"]}, "446500": {"hotel_name": "\u7cbe\u9014\u9152\u5e97(\u9752\u5c9b\u56fd\u9645\u4f1a\u5c55\u4e2d\u5fc3\u5e97)(\u539f\u57ce\u5e02\u5bb6\u5546\u52a1\u9152\u5e97\u4f1a\u5c55\u4e2d\u5fc3\u5e97)", "order_time": ["2019-01-15 16:57:34"], "total_order": 1, "hotel_value": ["4.3"], "hotel_price": ["115"]}, "5527970": {"hotel_name": "\u9752\u5c9b\u65af\u7ef4\u767b\u5ea6\u5047\u516c\u5bd3(\u57ce\u9633\u673a\u573a\u5e97)", "order_time": ["2019-01-15 16:57:34"], "total_order": 1, "hotel_value": ["4.7"], "hotel_price": ["119"]}, "427967": {"hotel_name": "\u5982\u5bb6\u5feb\u6377\u9152\u5e97(\u9752\u5c9b\u6808\u6865\u706b\u8f66\u7ad9\u5e7f\u573a\u5e97)", "order_time": ["2019-01-15 16:57:37"], "total_order": 1, "hotel_value": ["4.2"], "hotel_price": ["81"]}, "607180": {"hotel_name": "\u5168\u5b63\u9152\u5e97(\u9752\u5c9b\u9999\u6e2f\u4e2d\u8def\u5e97)", "order_time": ["2019-01-15 16:57:57"], "total_order": 1, "hotel_value": ["4.6"], "hotel_price": ["313"]}, "1872002": {"hotel_name": "\u9752\u6e38\u8bb0(\u81ea\u7531\u884c\u65d7\u8230)\u56fd\u9645\u9752\u5e74\u65c5\u820d(\u9752\u5c9b\u706b\u8f66\u7ad9\u6808\u6865\u5288\u67f4\u9662\u4e2d\u5c71\u8def\u5e97)", "order_time": ["2019-01-15 16:59:37"], "total_order": 1, "hotel_value": ["4.8"], "hotel_price": ["9"]}, "1815658": {"hotel_name": "\u5723\u5fb7\u5c45\u5546\u52a1\u9152\u5e97(\u9752\u5c9b\u706b\u8f66\u5317\u7ad9\u5e97)", "order_time": ["2019-01-15 16:59:38"], "total_order": 1, "hotel_value": ["4.4"], "hotel_price": ["94"]}, "4677001": {"hotel_name": "\u9752\u5c9b\u5357\u65b9\u6d77\u5cb8\u5ea6\u5047\u9152\u5e97", "order_time": ["2019-01-15 16:59:38"], "total_order": 1, "hotel_value": ["4.6"], "hotel_price": ["73"]}, "1911247": {"hotel_name": "\u5982\u5bb6\u5feb\u6377\u9152\u5e97(\u9752\u5c9b\u4e94\u56db\u5e7f\u573a\u5965\u5e06\u4e2d\u5fc3\u5e97)(\u539f\u5965\u5e06\u4e2d\u5fc3\u6d77\u4fe1\u5e7f\u573a\u5e97)", "order_time": ["2019-01-15 16:59:39"], "total_order": 1, "hotel_value": ["4.3"], "hotel_price": ["99"]}, "539143": {"hotel_name": "\u4e50\u5bb6\u8f69\u7cbe\u54c1\u9152\u5e97\u670d\u52a1\u516c\u5bd3(\u9752\u5c9b\u4f1a\u5c55\u4e2d\u5fc3\u6d77\u6c34\u6d74\u573a\u5e97)", "order_time": ["2019-01-15 16:59:39"], "total_order": 1, "hotel_value": ["4.2"], "hotel_price": ["114"]}, "1886446": {"hotel_name": "\u7231\u820d\u7a7a\u95f4\u5546\u52a1\u9152\u5e97(\u9752\u5c9b\u5c1a\u6ea2\u5e97)", "order_time": ["2019-01-15 16:59:39"], "total_order": 1, "hotel_value": ["4.5"], "hotel_price": ["123"]}, "8415426": {"hotel_name": "\u56db\u5b63\u7cbe\u9009\u9152\u5e97(\u9752\u5c9b\u6d41\u4ead\u673a\u573a\u5e97)", "order_time": ["2019-01-15 16:59:40"], "total_order": 1, "hotel_value": ["4.6"], "hotel_price": ["208"]}, "24610166": {"hotel_name": "\u534e\u9a7f\u9152\u5e97(\u9752\u5c9b\u540c\u548c\u8def\u5e97)", "order_time": ["2019-01-15 16:59:41"], "total_order": 1, "hotel_value": ["4.9"], "hotel_price": ["99"]}, "1448742": {"hotel_name": "\u683c\u6797\u8c6a\u6cf0\u9152\u5e97(\u9752\u5c9b\u5f00\u53d1\u533a\u6b66\u5937\u5c71\u8def\u4f73\u4e16\u5ba2\u8d2d\u7269\u4e2d\u5fc3\u5e97)", "order_time": ["2019-01-15 16:59:44"], "total_order": 1, "hotel_value": ["4.6"], "hotel_price": ["94"]}, "427991": {"hotel_name": "\u5982\u5bb6\u5feb\u6377\u9152\u5e97(\u9752\u5c9b\u53f0\u4e1c\u5546\u4e1a\u533a\u5229\u6d25\u8def\u5e97)", "order_time": ["2019-01-15 17:01:41"], "total_order": 1, "hotel_value": ["4.4"], "hotel_price": ["86"]}, "9152521": {"hotel_name": "\u9752\u5c9b\u597d\u5ba2\u8054\u76df\u8fde\u9501\u9152\u5e97\u7075\u5c71\u6e7e\u8def\u5546\u4e1a\u8857\u5e97", "order_time": ["2019-01-15 17:01:42"], "total_order": 1, "hotel_value": ["4.7"], "hotel_price": ["82"]}, "16900468": {"hotel_name": "\u9752\u5c9b\u4e1c\u65b9\u5f71\u90fd\u878d\u521b\u4e07\u8fbe\u6587\u534e\u9152\u5e97", "order_time": ["2019-01-15 17:01:42", "2019-01-15 17:05:55"], "total_order": 2, "hotel_value": ["4.6", "4.6"], "hotel_price": ["588", "588"]}, "512490": {"hotel_name": "\u9752\u5c9b\u897f\u6d77\u5cb8\u5fb7\u6cf0\u5927\u9152\u5e97", "order_time": ["2019-01-15 17:01:47"], "total_order": 1, "hotel_value": ["4.7"], "hotel_price": ["262"]}, "532185": {"hotel_name": "\u9752\u5c9b\u6d77\u60c5\u5927\u9152\u5e97", "order_time": ["2019-01-15 17:01:47"], "total_order": 1, "hotel_value": ["4.6"], "hotel_price": ["239"]}, "7019200": {"hotel_name": "\u9752\u5c9b\u6c50\u7f8e\u5bbf\u9152\u5e97", "order_time": ["2019-01-15 17:01:47"], "total_order": 1, "hotel_value": ["4.7"], "hotel_price": ["256"]}, "12622455": {"hotel_name": "\u9752\u5c9b\u6f2b\u751f\u6d3b\u4e3b\u9898\u9152\u5e97\u516c\u5bd3", "order_time": ["2019-01-15 17:01:47"], "total_order": 1, "hotel_value": ["4.6"], "hotel_price": ["83"]}, "1093405": {"hotel_name": "\u9752\u5c9b\u4e16\u56ed\u5bd2\u8f69\u9152\u5e97", "order_time": ["2019-01-15 17:01:47"], "total_order": 1, "hotel_value": ["4.5"], "hotel_price": ["399"]}, "1906749": {"hotel_name": "\u9752\u5c9b\u9c81\u6d77\u4e30\u5927\u9152\u5e97", "order_time": ["2019-01-15 17:01:47"], "total_order": 1, "hotel_value": ["4.4"], "hotel_price": ["133"]}, "1801969": {"hotel_name": "9+1\u4f18\u9009\u9152\u5e97(\u9752\u5c9b\u541b\u5cf0\u8def\u5730\u94c1\u7ad9\u5e97)", "order_time": ["2019-01-15 17:01:48"], "total_order": 1, "hotel_value": ["3.6"], "hotel_price": ["84"]}, "1871904": {"hotel_name": "\u9752\u5c9b\u946b\u5c1a\u9510\u5bbe\u9986", "order_time": ["2019-01-15 17:01:48"], "total_order": 1, "hotel_value": ["4.0"], "hotel_price": ["72"]}, "1727813": {"hotel_name": "\u5e73\u5ea6\u53c8\u4e00\u6751\u5927\u9152\u5e97", "order_time": ["2019-01-15 17:02:23"], "total_order": 1, "hotel_value": ["4.5"], "hotel_price": ["154"]}, "891096": {"hotel_name": "\u84dd\u6d77\u5927\u996d\u5e97(\u9752\u5c9b\u541b\u5cf0\u8def\u5730\u94c1\u7ad9\u5e97)(\u539f\u674e\u6ca7\u5e97)", "order_time": ["2019-01-15 17:02:27"], "total_order": 1, "hotel_value": ["4.6"], "hotel_price": ["356"]}, "427930": {"hotel_name": "\u5982\u5bb6\u5feb\u6377\u9152\u5e97(\u9752\u5c9b\u5c71\u4e1c\u8def\u4e2d\u592e\u5546\u52a1\u533a\u4e07\u8fbe\u5e7f\u573a\u5e97)", "order_time": ["2019-01-15 17:03:44"], "total_order": 1, "hotel_value": ["4.5"], "hotel_price": ["119"]}, "513254": {"hotel_name": "\u9752\u5c9b\u671b\u6d77\u56fd\u9645\u9152\u5e97", "order_time": ["2019-01-15 17:03:46"], "total_order": 1, "hotel_value": ["4.9"], "hotel_price": ["388"]}, "6000795": {"hotel_name": "\u6b27\u98de\u8fde\u9501\u9152\u5e97(\u9752\u5c9b\u674e\u6751\u6b65\u884c\u8857\u5965\u514b\u65af\u5e7f\u573a\u5e97)", "order_time": ["2019-01-15 17:03:48"], "total_order": 1, "hotel_value": ["4.2"], "hotel_price": ["71"]}, "5409418": {"hotel_name": "\u7231\u5c0a\u5ba2\u7cbe\u54c1\u9152\u5e97(\u5373\u58a8\u6d77\u5c14\u8def\u5e97)", "order_time": ["2019-01-15 17:03:48"], "total_order": 1, "hotel_value": ["4.0"], "hotel_price": ["131"]}, "997909": {"hotel_name": "\u9752\u5c9b\u51ef\u83b1\u5927\u9152\u5e97", "order_time": ["2019-01-15 17:03:48"], "total_order": 1, "hotel_value": ["4.6"], "hotel_price": ["398"]}, "1183363": {"hotel_name": "\u9752\u5c9b\u6052\u661f\u5927\u9152\u5e97", "order_time": ["2019-01-15 17:03:48"], "total_order": 1, "hotel_value": ["4.4"], "hotel_price": ["256"]}, "453041": {"hotel_name": "\u9752\u5c9b\u673a\u573a\u8f85\u7279\u6234\u65af\u9152\u5e97", "order_time": ["2019-01-15 17:03:49"], "total_order": 1, "hotel_value": ["4.1"], "hotel_price": ["134"]}, "1728255": {"hotel_name": "7\u5929\u8fde\u9501\u9152\u5e97(\u9752\u5c9b\u9999\u6e2f\u4e1c\u8def\u6781\u5730\u6d77\u6d0b\u4e16\u754c\u5e97)", "order_time": ["2019-01-15 17:03:50", "2019-01-15 17:48:10"], "total_order": 2, "hotel_value": ["3.7", "3.7"], "hotel_price": ["89", "89"]}, "8870574": {"hotel_name": "\u745e\u666e\u5170\u987f\u81f3\u5c0a\u9152\u5e97\u00b7\u9752\u5c9b\u5609\u5e74\u534e\u5e97", "order_time": ["2019-01-15 17:03:50", "2019-01-15 17:18:52"], "total_order": 2, "hotel_value": ["4.5", "4.5"], "hotel_price": ["124", "124"]}, "1217939": {"hotel_name": "\u7231\u5c0a\u5ba2\u8fde\u9501\u9152\u5e97(\u9752\u5c9b\u5728\u6c34\u4e00\u65b9\u57ce\u9633\u519c\u4e1a\u5927\u5b66\u5e97)", "order_time": ["2019-01-15 17:03:51"], "total_order": 1, "hotel_value": ["4.1"], "hotel_price": ["84"]}, "987678": {"hotel_name": "\u9752\u5c9b\u6d6e\u5c71\u6e7e\u5bbe\u9986(\u4e94\u56db\u5e7f\u573a\u5e97)", "order_time": ["2019-01-15 17:03:52"], "total_order": 1, "hotel_value": ["4.2"], "hotel_price": ["65"]}, "6814653": {"hotel_name": "\u9752\u5c9b\u4e3d\u8272\u5bb6\u82d1\u4f4f\u5bbf", "order_time": ["2019-01-15 17:03:55"], "total_order": 1, "hotel_value": ["4.8"], "hotel_price": ["64"]}, "21808112": {"hotel_name": "\u90fd\u5e02118\u00b7\u7cbe\u9009\u9152\u5e97(\u9752\u5c9b\u57ce\u4e2d\u57ce\u5e97)", "order_time": ["2019-01-15 17:05:50"], "total_order": 1, "hotel_value": ["4.4"], "hotel_price": ["126"]}, "17284887": {"hotel_name": "\u9752\u5c9b\u897f\u6d77\u5cb8\u5510\u5c9b\u6e7e\u516c\u56ed\u4e9a\u6735\u9152\u5e97", "order_time": ["2019-01-15 17:05:51"], "total_order": 1, "hotel_value": ["4.8"], "hotel_price": ["361"]}, "2620136": {"hotel_name": "7\u5929\u8fde\u9501\u9152\u5e97(\u9752\u5c9b\u674e\u6ca7\u4e07\u8fbe\u5e7f\u573a\u5e97)", "order_time": ["2019-01-15 17:05:53"], "total_order": 1, "hotel_value": ["4.6"], "hotel_price": ["125"]}, "467216": {"hotel_name": "\u9752\u5c9b\u6d77\u666f\u82b1\u56ed\u5927\u9152\u5e97", "order_time": ["2019-01-15 17:05:54"], "total_order": 1, "hotel_value": ["4.8"], "hotel_price": ["580"]}, "450195": {"hotel_name": "\u90fd\u5e02118(\u9752\u5c9b\u6b63\u9633\u8def\u804c\u6559\u4e2d\u5fc3\u5e97)", "order_time": ["2019-01-15 17:05:55"], "total_order": 1, "hotel_value": ["4.3"], "hotel_price": ["89"]}, "485385": {"hotel_name": "\u9752\u5c9b\u591a\u7459\u6cb3\u56fd\u9645\u5927\u9152\u5e97", "order_time": ["2019-01-15 17:18:58", "2019-01-15 17:05:55"], "total_order": 2, "hotel_value": ["4.4", "4.4"], "hotel_price": ["242", "242"]}, "2031556": {"hotel_name": "\u9752\u5c9b\u4e2d\u8054\u81ea\u7531\u6e2f\u6e7e\u6d77\u666f\u5ea6\u5047\u516c\u5bd3", "order_time": ["2019-01-15 17:05:55"], "total_order": 1, "hotel_value": ["4.6"], "hotel_price": ["70"]}, "1999346": {"hotel_name": "\u9752\u5c9b\u5982\u5bb6\u5929\u6865\u5546\u52a1\u5bbe\u9986", "order_time": ["2019-01-15 17:05:56"], "total_order": 1, "hotel_value": ["4.8"], "hotel_price": ["27"]}, "5908521": {"hotel_name": "\u5982\u5bb6\u5feb\u6377\u9152\u5e97(\u9752\u5c9b\u6d41\u4ead\u673a\u573a\u6c11\u822a\u8def\u5e97)", "order_time": ["2019-01-15 17:05:56"], "total_order": 1, "hotel_value": ["4.4"], "hotel_price": ["118"]}, "2301079": {"hotel_name": "\u7231\u5c0a\u5ba2\u9152\u5e97(\u9752\u5c9b\u516b\u5927\u5173\u5e97)", "order_time": ["2019-01-15 17:05:56"], "total_order": 1, "hotel_value": ["4.6"], "hotel_price": ["104"]}, "2589998": {"hotel_name": "\u5982\u5bb6\u5feb\u6377\u9152\u5e97(\u9752\u5c9b\u5f00\u53d1\u533a\u5564\u9152\u5e7f\u573a\u91d1\u6c99\u6ee9\u957f\u6c5f\u4e1c\u8def\u5e97)", "order_time": ["2019-01-15 17:05:57"], "total_order": 1, "hotel_value": ["4.3"], "hotel_price": ["111"]}, "2513525": {"hotel_name": "\u9752\u5c9b\u6c47\u76db\u7f18\u65c5\u9986", "order_time": ["2019-01-15 17:06:09"], "total_order": 1, "hotel_value": ["4.6"], "hotel_price": ["30"]}, "1999044": {"hotel_name": "\u5c1a\u5ba2\u4f18\u5feb\u6377\u9152\u5e97(\u80f6\u5dde\u6fb3\u95e8\u8def\u5e97)", "order_time": ["2019-01-15 17:06:42"], "total_order": 1, "hotel_value": ["4.0"], "hotel_price": ["114"]}, "2132624": {"hotel_name": "\u5e73\u5ea6\u6613\u6377\u5047\u65e5\u9152\u5e97", "order_time": ["2019-01-15 17:20:12", "2019-01-15 17:06:42"], "total_order": 2, "hotel_value": ["4.0", "4.0"], "hotel_price": ["80", "80"]}, "1272884": {"hotel_name": "\u83b1\u897f\u60a6\u6d77\u559c\u6765\u9152\u5e97", "order_time": ["2019-01-15 17:06:42"], "total_order": 1, "hotel_value": ["4.4"], "hotel_price": ["292"]}, "1316453": {"hotel_name": "\u6c49\u5ead\u9152\u5e97(\u9752\u5c9b\u798f\u5dde\u5357\u8def\u5e97)", "order_time": ["2019-01-15 17:07:55"], "total_order": 1, "hotel_value": ["4.2"], "hotel_price": ["123"]}, "1360631": {"hotel_name": "\u5c1a\u5ba2\u4f18\u5feb\u6377\u9152\u5e97(\u9752\u5c9b\u5965\u5e06\u4e2d\u5fc3\u5e97)", "order_time": ["2019-01-15 17:07:57"], "total_order": 1, "hotel_value": ["4.0"], "hotel_price": ["94"]}, "995120": {"hotel_name": "\u94f6\u5ea7\u4f73\u9a7f\u9152\u5e97(\u9752\u5c9b\u4e2d\u592e\u5546\u52a1\u533a\u4e07\u8fbe\u5e7f\u573a\u5e97)(\u539f\u5b81\u590f\u8def\u5e97)", "order_time": ["2019-01-15 17:07:57"], "total_order": 1, "hotel_value": ["4.2"], "hotel_price": ["104"]}, "4738805": {"hotel_name": "\u9752\u5c9b\u7231\u5c0a\u5ba2\u8fde\u9501\u9152\u5e97(\u8fbd\u6e90\u8def\u5e97)", "order_time": ["2019-01-15 17:09:53"], "total_order": 1, "hotel_value": ["4.4"], "hotel_price": ["94"]}, "1316324": {"hotel_name": "\u6c49\u5ead\u9152\u5e97(\u5373\u58a8\u5b9d\u9f99\u5e7f\u573a\u5e97)", "order_time": ["2019-01-15 17:09:55"], "total_order": 1, "hotel_value": ["4.6"], "hotel_price": ["161"]}, "450881": {"hotel_name": "\u9752\u5c9b\u57ce\u9633\u5fb7\u6cf0\u5927\u9152\u5e97", "order_time": ["2019-01-15 17:18:57", "2019-01-15 17:09:57"], "total_order": 2, "hotel_value": ["4.6", "4.6"], "hotel_price": ["449", "449"]}, "1692619": {"hotel_name": "\u9752\u5c9b\u90fd\u5e02\u6625\u5929\u5047\u65e5\u5bbe\u9986(\u674e\u6751\u5b9d\u9f99\u5e7f\u573a\u5e97)", "order_time": ["2019-01-15 17:09:59"], "total_order": 1, "hotel_value": ["4.3"], "hotel_price": ["84"]}, "8576083": {"hotel_name": "\u7ef4\u4e5f\u7eb3\u667a\u597d\u9152\u5e97(\u9752\u5c9b\u57ce\u9633\u6d41\u4ead\u673a\u573a\u5e97)", "order_time": ["2019-01-15 17:09:59"], "total_order": 1, "hotel_value": ["4.8"], "hotel_price": ["250"]}, "7316689": {"hotel_name": "\u9752\u5c9b\u661f\u9a7f\u8fde\u9501\u9152\u5e97", "order_time": ["2019-01-15 17:09:59", "2019-01-15 17:41:21"], "total_order": 2, "hotel_value": ["4.8", "4.8"], "hotel_price": ["69", "69"]}, "6263824": {"hotel_name": "\u9752\u5c9b\u7d2b\u73a5\u56fd\u9645\u9152\u5e97\u516c\u5bd3", "order_time": ["2019-01-15 17:09:59"], "total_order": 1, "hotel_value": ["4.3"], "hotel_price": ["145"]}, "19852075": {"hotel_name": "\u66dc\u77f3\u6d77\u666f\u516c\u5bd3\u9152\u5e97(\u9752\u5c9b\u4f1a\u5c55\u4e2d\u5fc3\u77f3\u8001\u4eba\u6d77\u6c34\u6d74\u573a\u5e97)", "order_time": ["2019-01-15 17:10:00"], "total_order": 1, "hotel_value": ["4.8"], "hotel_price": ["237"]}, "21160142": {"hotel_name": "\u9752\u5c9b\u897f\u6d77\u5cb8\u667a\u9009\u5047\u65e5\u9152\u5e97", "order_time": ["2019-01-15 17:10:00"], "total_order": 1, "hotel_value": ["4.8"], "hotel_price": ["369"]}, "1208726": {"hotel_name": "\u5c1a\u5ba2\u4f18\u5feb\u6377\u9152\u5e97(\u9752\u5c9b\u52b2\u677e\u4e00\u8def\u5e97)", "order_time": ["2019-01-15 17:10:04"], "total_order": 1, "hotel_value": ["4.2"], "hotel_price": ["79"]}, "448778": {"hotel_name": "\u660e\u6cfd\u5546\u52a1\u9152\u5e97(\u9752\u5c9b\u5609\u5b9a\u5c71\u516c\u56ed\u5e97)", "order_time": ["2019-01-15 17:12:05", "2019-01-15 17:23:21"], "total_order": 2, "hotel_value": ["4.8", "4.8"], "hotel_price": ["83", "83"]}, "1692837": {"hotel_name": "\u5c1a\u5ba2\u4f18\u5feb\u6377\u9152\u5e97(\u9752\u5c9b\u5bcc\u6625\u6c5f\u8def\u957f\u9014\u7ad9\u77f3\u6cb9\u5927\u5b66\u5e97)", "order_time": ["2019-01-15 17:12:05"], "total_order": 1, "hotel_value": ["4.7"], "hotel_price": ["63"]}, "1182386": {"hotel_name": "Inhotels&\u76f8\u9685\u7cbe\u5bbf(\u9752\u5c9b\u4e07\u8c61\u57ce\u5e97)", "order_time": ["2019-01-15 17:14:24", "2019-01-15 17:12:06"], "total_order": 2, "hotel_value": ["4.5", "4.5"], "hotel_price": ["104", "104"]}, "1371788": {"hotel_name": "\u6854\u5b50\u00b7\u6c34\u6676\u9152\u5e97(\u9752\u5c9b\u4e94\u56db\u5e7f\u573a\u6d77\u666f\u5e97)", "order_time": ["2019-01-15 17:12:12"], "total_order": 1, "hotel_value": ["4.7"], "hotel_price": ["379"]}, "16018600": {"hotel_name": "\u683c\u6797\u4e1c\u65b9\u9152\u5e97(\u9752\u5c9b\u4e16\u7eaa\u516c\u56ed\u6d41\u4ead\u673a\u573a\u5e97)", "order_time": ["2019-01-15 17:12:12"], "total_order": 1, "hotel_value": ["4.5"], "hotel_price": ["139"]}, "1969052": {"hotel_name": "\u9752\u5c9b\u56fd\u79d1\u6d77\u666f\u516c\u5bd3\u9152\u5e97", "order_time": ["2019-01-15 17:59:36", "2019-01-15 17:12:12"], "total_order": 2, "hotel_value": ["4.4", "4.4"], "hotel_price": ["97", "97"]}, "2300880": {"hotel_name": "\u5c1a\u54c1\u8fde\u9501\u9152\u5e97(\u80f6\u5dde\u5170\u5dde\u897f\u8def\u5e97)", "order_time": ["2019-01-15 17:13:34"], "total_order": 1, "hotel_value": ["4.5"], "hotel_price": ["83"]}, "438653": {"hotel_name": "\u9752\u5c9b\u6d77\u5929e\u5bb6\u5546\u52a1\u9152\u5e97", "order_time": ["2019-01-15 17:14:19"], "total_order": 1, "hotel_value": ["4.2"], "hotel_price": ["85"]}, "2071300": {"hotel_name": "\u4eac\u82d1\u8fde\u9501\u827a\u672f\u9152\u5e97(\u9752\u5c9b\u5fb7\u56fd\u98ce\u60c5\u8857\u5e97)", "order_time": ["2019-01-15 17:14:19"], "total_order": 1, "hotel_value": ["4.3"], "hotel_price": ["55"]}, "994155": {"hotel_name": "\u5982\u5bb6\u5feb\u6377\u9152\u5e97(\u9752\u5c9b\u91cd\u5e86\u5357\u8def\u4e07\u79d1\u57ce\u5e97)", "order_time": ["2019-01-15 17:14:20"], "total_order": 1, "hotel_value": ["4.6"], "hotel_price": ["119"]}, "1935879": {"hotel_name": "\u5982\u5bb6\u5feb\u6377\u9152\u5e97(\u9752\u5c9b\u57ce\u9633\u6625\u9633\u8def\u5bb6\u4f73\u6e90\u5e97)", "order_time": ["2019-01-15 17:14:22"], "total_order": 1, "hotel_value": ["4.6"], "hotel_price": ["104"]}, "1070476": {"hotel_name": "\u9752\u5c9b\u4e39\u9876\u9e64\u5927\u9152\u5e97", "order_time": ["2019-01-15 17:14:22"], "total_order": 1, "hotel_value": ["4.2"], "hotel_price": ["308"]}, "2310195": {"hotel_name": "\u591a\u7ef4\u7cbe\u54c1\u9152\u5e97(\u9752\u5c9b\u53f0\u4e1c\u4e07\u4f73\u5e97)", "order_time": ["2019-01-15 17:14:22"], "total_order": 1, "hotel_value": ["4.3"], "hotel_price": ["94"]}, "9210540": {"hotel_name": "\u5982\u5bb6\u5546\u65c5\u9152\u5e97(\u9752\u5c9b\u6808\u6865\u706b\u8f66\u7ad9\u5730\u94c1\u7ad9\u5e97)", "order_time": ["2019-01-15 17:32:04", "2019-01-15 17:14:23"], "total_order": 2, "hotel_value": ["4.7", "4.7"], "hotel_price": ["113", "113"]}, "5673621": {"hotel_name": "\u90fd\u5e02118\u8fde\u9501\u9152\u5e97(\u9752\u5c9b\u4e1c\u5cb3\u4e2d\u8def\u9690\u73e0\u5730\u94c1\u7ad9\u5e97)(\u539f\u4e07\u8fbe\u8302\u4e1c\u65b9\u5f71\u90fd\u5e97)", "order_time": ["2019-01-15 17:14:24"], "total_order": 1, "hotel_value": ["4.8"], "hotel_price": ["104"]}, "689242": {"hotel_name": "\u84dd\u6d77\u5927\u996d\u5e97(\u9752\u5c9b\u9ec4\u5c9b\u5e97)", "order_time": ["2019-01-15 17:14:25"], "total_order": 1, "hotel_value": ["4.6"], "hotel_price": ["340"]}, "20028061": {"hotel_name": "\u7eff\u5cf0\u96c5\u9601\u5ea6\u5047\u516c\u5bd3(\u9752\u5c9b\u4f1a\u5c55\u4e2d\u5fc3\u77f3\u8001\u4eba\u6d77\u6c34\u6d74\u573a\u5e97)", "order_time": ["2019-01-15 17:27:45", "2019-01-15 17:14:27"], "total_order": 2, "hotel_value": ["4.8", "4.8"], "hotel_price": ["209", "209"]}, "6871777": {"hotel_name": "\u9752\u5c9b\u90fd\u5e02118\u8fde\u9501\u9152\u5e97\u5373\u58a8\u73af\u79c0\u8def\u5e97", "order_time": ["2019-01-15 17:16:44", "2019-01-15 17:14:27"], "total_order": 2, "hotel_value": ["3.8", "3.8"], "hotel_price": ["118", "136"]}, "2089299": {"hotel_name": "\u9752\u5c9b\u597d\u5c1a\u5609\u4e50\u56ed\u4e3b\u9898\u9152\u5e97", "order_time": ["2019-01-15 17:14:29"], "total_order": 1, "hotel_value": ["4.0"], "hotel_price": ["78"]}, "1886761": {"hotel_name": "\u6021\u5c1a\u7a7a\u95f4\u5047\u65e5\u5bbe\u9986(\u9752\u5c9b\u79d1\u5927\u5e97)", "order_time": ["2019-01-15 17:14:29"], "total_order": 1, "hotel_value": ["4.6"], "hotel_price": ["65"]}, "11092934": {"hotel_name": "\u9752\u5c9b\u65f6\u5149\u91cc\u4e3b\u9898\u5bbe\u9986", "order_time": ["2019-01-15 17:39:05", "2019-01-15 17:14:29"], "total_order": 2, "hotel_value": [0, 0], "hotel_price": ["79", "79"]}, "2245193": {"hotel_name": "\u9752\u5c9b\u65ed\u660a\u5fb7\u5546\u52a1\u5bbe\u9986", "order_time": ["2019-01-15 17:34:18", "2019-01-15 17:14:32"], "total_order": 2, "hotel_value": ["4.7", "4.7"], "hotel_price": ["53", "53"]}, "24762024": {"hotel_name": "\u5e73\u5ea6\u82b1\u79be\u7f8e\u57ce\u9645\u9152\u5e97", "order_time": ["2019-01-15 17:15:32"], "total_order": 1, "hotel_value": ["4.7"], "hotel_price": ["111"]}, "20189088": {"hotel_name": "\u90fd\u5e02118\u7cbe\u9009\u8fde\u9501\u9152\u5e97(\u5e73\u5ea6\u5357\u6751\u6d77\u4fe1\u4ea7\u4e1a\u56ed\u5e97)", "order_time": ["2019-01-15 17:15:41"], "total_order": 1, "hotel_value": ["4.7"], "hotel_price": ["123"]}, "21124467": {"hotel_name": "\u9752\u5c9b\u65af\u7ef4\u767b\u7cbe\u54c1\u516c\u5bd3(\u4f1a\u5c55\u4e2d\u5fc3\u77f3\u8001\u4eba\u6d77\u6c34\u6d74\u573a)", "order_time": ["2019-01-15 17:16:33", "2019-01-15 17:27:00"], "total_order": 2, "hotel_value": ["4.9", "4.9"], "hotel_price": ["315", "350"]}, "701002": {"hotel_name": "\u4eac\u82d1\u8fde\u9501\u4e3b\u9898\u9152\u5e97(\u9752\u5c9b\u4e07\u8c61\u57ce\u5e97)", "order_time": ["2019-01-15 17:16:38"], "total_order": 1, "hotel_value": ["4.0"], "hotel_price": ["76"]}, "1706878": {"hotel_name": "\u9752\u5c9b\u4fcf\u4e1c\u65b9\u5047\u65e5\u9152\u5e97", "order_time": ["2019-01-15 17:16:39"], "total_order": 1, "hotel_value": ["3.9"], "hotel_price": ["54"]}, "4070512": {"hotel_name": "\u62dc\u767b\u516c\u5bd3\u00b7\u9752\u5c9b\u4e1c\u65b9\u5f71\u90fd\u5e97", "order_time": ["2019-01-15 17:16:40"], "total_order": 1, "hotel_value": ["4.7"], "hotel_price": ["104"]}, "1315838": {"hotel_name": "\u6854\u5b50\u9152\u5e97\u00b7\u7cbe\u9009(\u9752\u5c9b\u57ce\u9633\u5e97)", "order_time": ["2019-01-15 17:16:41"], "total_order": 1, "hotel_value": ["4.8"], "hotel_price": ["351"]}, "1427255": {"hotel_name": "\u9752\u5c9b\u6c34\u6728\u4e07\u5bb6\u5ba2\u6808", "order_time": ["2019-01-15 17:16:41"], "total_order": 1, "hotel_value": ["4.4"], "hotel_price": ["35"]}, "436076": {"hotel_name": "\u9752\u5c9b\u6c47\u6cc9\u738b\u671d\u5927\u996d\u5e97", "order_time": ["2019-01-15 17:16:48"], "total_order": 1, "hotel_value": ["4.4"], "hotel_price": ["450"]}, "25733877": {"hotel_name": "\u80f6\u5dde\u742a\u8bfa\u5546\u52a1\u9152\u5e97", "order_time": ["2019-01-15 17:17:58"], "total_order": 1, "hotel_value": [0], "hotel_price": ["79"]}, "8925277": {"hotel_name": "\u6d77\u53cb\u9152\u5e97(\u9752\u5c9b\u6808\u6865\u706b\u8f66\u7ad9\u4e1c\u5e7f\u573a\u9152\u5e97)", "order_time": ["2019-01-15 17:18:50"], "total_order": 1, "hotel_value": ["4.6"], "hotel_price": ["94"]}, "2299510": {"hotel_name": "\u80f6\u5357\u91d1\u6f9c\u5546\u52a1\u9152\u5e97", "order_time": ["2019-01-15 17:18:51"], "total_order": 1, "hotel_value": ["4.2"], "hotel_price": ["75"]}, "1261482": {"hotel_name": "\u90fd\u5e02\u4f18\u54c1\u9152\u5e97(\u9752\u5c9b\u4e16\u56ed\u4f1a\u5e7f\u573a\u5e97)", "order_time": ["2019-01-15 17:18:51"], "total_order": 1, "hotel_value": ["3.6"], "hotel_price": ["159"]}, "1390561": {"hotel_name": "\u9752\u5c9b\u5fae\u7b11\u7cbe\u54c1\u8fde\u9501\u9152\u5e97", "order_time": ["2019-01-15 17:18:51"], "total_order": 1, "hotel_value": ["3.6"], "hotel_price": ["64"]}, "1874920": {"hotel_name": "\u5c1a\u5ba2\u4f18\u5feb\u6377\u9152\u5e97(\u5373\u58a8\u6c7d\u8f66\u603b\u7ad9\u5e97)", "order_time": ["2019-01-15 17:18:56"], "total_order": 1, "hotel_value": ["4.6"], "hotel_price": ["94"]}, "23418429": {"hotel_name": "\u9752\u5c9b\u5723\u5229\u9152\u5e97", "order_time": ["2019-01-15 17:18:56"], "total_order": 1, "hotel_value": ["4.9"], "hotel_price": ["107"]}, "447276": {"hotel_name": "\u9752\u5c9b\u6808\u6865\u738b\u5b50\u996d\u5e97", "order_time": ["2019-01-15 17:18:57"], "total_order": 1, "hotel_value": ["4.4"], "hotel_price": ["135"]}, "17182438": {"hotel_name": "\u4e16\u60a6\u8f7b\u5962\u5ea6\u5047\u516c\u5bd3(\u9752\u5c9b\u9999\u6e2f\u4e2d\u8def\u4e3d\u6676\u5fa1\u7b51\u5e97)", "order_time": ["2019-01-15 17:18:58"], "total_order": 1, "hotel_value": ["4.6"], "hotel_price": ["164"]}, "690618": {"hotel_name": "\u9752\u5c9b\u4e09\u516d\u516b\u8fde\u9501\u5bbe\u9986(\u6d41\u4ead\u673a\u573a\u5e97)", "order_time": ["2019-01-15 17:21:13", "2019-01-15 17:19:00"], "total_order": 2, "hotel_value": ["4.0", "4.0"], "hotel_price": ["65", "65"]}, "2624024": {"hotel_name": "\u6c49\u5ead\u9152\u5e97(\u9752\u5c9b\u9ec4\u5c9b\u4e2d\u6cfd\u56fd\u8d27\u5e97)", "order_time": ["2019-01-15 17:19:01"], "total_order": 1, "hotel_value": ["4.6"], "hotel_price": ["142"]}, "1321819": {"hotel_name": "\u9752\u5c9b\u94c2\u7f07\u7cbe\u9009\u9152\u5e97", "order_time": ["2019-01-15 17:19:02"], "total_order": 1, "hotel_value": ["4.1"], "hotel_price": ["70"]}, "1925767": {"hotel_name": "\u9752\u5c9b\u7d2b\u73a5\u94c2\u5c14\u66fc\u9152\u5e97", "order_time": ["2019-01-15 17:19:03", "2019-01-15 17:29:58"], "total_order": 2, "hotel_value": ["4.5", "4.5"], "hotel_price": ["470", "470"]}, "6455526": {"hotel_name": "\u9752\u5c9b\u67d2\u79a7\u6d77\u666f\u5ea6\u5047\u516c\u5bd3", "order_time": ["2019-01-15 17:19:04"], "total_order": 1, "hotel_value": ["4.8"], "hotel_price": ["66"]}, "1700442": {"hotel_name": "\u9752\u5c9b\u9a6c\u53ef\u6ce2\u7f57\u9152\u5e97", "order_time": ["2019-01-15 17:19:08"], "total_order": 1, "hotel_value": ["4.6"], "hotel_price": ["103"]}, "2301781": {"hotel_name": "\u5c1a\u5ba2\u4f18\u5feb\u6377\u9152\u5e97(\u9752\u5c9b\u7075\u73e0\u5c71\u5e97)", "order_time": ["2019-01-15 17:19:09"], "total_order": 1, "hotel_value": ["4.5"], "hotel_price": ["94"]}, "2176126": {"hotel_name": "\u83b1\u897f\u9e3f\u76c8\u7fd4\u65c5\u9986", "order_time": ["2019-01-15 17:20:14"], "total_order": 1, "hotel_value": [0], "hotel_price": ["20"]}, "1692707": {"hotel_name": "\u9752\u5c9b\u7231\u5c0a\u5ba2\u5047\u65e5\u82b1\u56ed\u9152\u5e97", "order_time": ["2019-01-15 17:21:04"], "total_order": 1, "hotel_value": ["4.5"], "hotel_price": ["94"]}, "13740994": {"hotel_name": "\u9752\u5c9b\u90fd\u5e02118\u7cbe\u9009\u9152\u5e97\u6625\u9633\u8def\u5e97", "order_time": ["2019-01-15 17:21:08"], "total_order": 1, "hotel_value": ["4.6"], "hotel_price": ["98"]}, "1871551": {"hotel_name": "\u9752\u5c9b\u76c8\u5ba2\u4f73\u9a7f\u5546\u52a1\u9152\u5e97", "order_time": ["2019-01-15 17:21:14", "2019-01-15 17:45:48"], "total_order": 2, "hotel_value": ["4.4", "4.4"], "hotel_price": ["69", "69"]}, "1601208": {"hotel_name": "\u604b\u5bb6\u516c\u5bd3(\u9752\u5c9b\u6808\u6865\u706b\u8f66\u7ad9\u5e97)", "order_time": ["2019-01-15 17:22:04"], "total_order": 1, "hotel_value": [0], "hotel_price": ["299"]}, "772111": {"hotel_name": "\u9752\u5c9b\u5a01\u65af\u6c40\u9152\u5e97", "order_time": ["2019-01-15 17:35:43", "2019-01-15 17:22:13", "2019-01-15 17:49:45", "2019-01-15 17:54:28"], "total_order": 4, "hotel_value": ["4.6", "4.6", "4.6", "4.6"], "hotel_price": ["723", "723", "723", "723"]}, "5376629": {"hotel_name": "\u9752\u5c9b\u80f6\u5dde\u805a\u541b\u9601\u5bbe\u9986", "order_time": ["2019-01-15 17:22:15"], "total_order": 1, "hotel_value": [0], "hotel_price": ["126"]}, "5896610": {"hotel_name": "\u9752\u5c9b\u6d77\u8fb9\u4eba\u5bb6\u6d77\u666f\u5ea6\u5047\u516c\u5bd3\u4e2d\u8054\u81ea\u7531\u6e2f\u6e7e\u5e97", "order_time": ["2019-01-15 17:50:36", "2019-01-15 17:23:23"], "total_order": 2, "hotel_value": ["4.6", "4.6"], "hotel_price": ["62", "62"]}, "8182955": {"hotel_name": "\u6cca\u4e91\u5c1a\u9009\u5ead\u9662\u9152\u5e97(\u9752\u5c9b\u897f\u6d77\u5cb8\u4e1c\u65b9\u5f71\u90fd\u4e07\u8fbe\u8302\u5e97)", "order_time": ["2019-01-15 17:23:23"], "total_order": 1, "hotel_value": ["4.9"], "hotel_price": ["284"]}, "1483933": {"hotel_name": "\u9752\u5c9b\u534e\u97e9\u5927\u9152\u5e97", "order_time": ["2019-01-15 17:24:30"], "total_order": 1, "hotel_value": ["4.0"], "hotel_price": ["242"]}, "2263174": {"hotel_name": "\u80f6\u5dde\u57ce\u5e0279\u8fde\u9501\u9152\u5e97", "order_time": ["2019-01-15 17:24:30"], "total_order": 1, "hotel_value": ["4.3"], "hotel_price": ["78"]}, "608486": {"hotel_name": "\u9752\u5c9b\u5fb7\u5b9d\u82b1\u56ed\u5927\u9152\u5e97", "order_time": ["2019-01-15 17:25:26"], "total_order": 1, "hotel_value": ["4.4"], "hotel_price": ["240"]}, "24055729": {"hotel_name": "\u5c1a\u5ba2\u4f18\u7cbe\u9009\u9152\u5e97(\u9752\u5c9b\u4e94\u56db\u5e7f\u573a\u5965\u5e06\u5e97)", "order_time": ["2019-01-15 17:25:26"], "total_order": 1, "hotel_value": ["4.7"], "hotel_price": ["121"]}, "438847": {"hotel_name": "\u9752\u5c9b\u7434\u6d77\u5fa1\u5ead\u5ea6\u5047\u9152\u5e97", "order_time": ["2019-01-15 17:34:10", "2019-01-15 17:25:26"], "total_order": 2, "hotel_value": ["4.4", "4.4"], "hotel_price": ["248", "248"]}, "1181778": {"hotel_name": "\u5e03\u4e01\u9152\u5e97(\u9752\u5c9b\u56fd\u9645\u4f1a\u5c55\u4e2d\u5fc3\u5e97)", "order_time": ["2019-01-15 17:25:26"], "total_order": 1, "hotel_value": ["4.3"], "hotel_price": ["69"]}, "1316478": {"hotel_name": "\u6c49\u5ead\u9152\u5e97\uff08\u9752\u5c9b\u6d41\u4ead\u673a\u573a\u660e\u9633\u8def\u5e97\uff09\uff08\u539f\u57ce\u9633\u533a\u653f\u5e9c\u5e97\uff09", "order_time": ["2019-01-15 17:25:27"], "total_order": 1, "hotel_value": ["4.4"], "hotel_price": ["132"]}, "12274463": {"hotel_name": "\u5609\u51ef\u8c6a\u7cbe\u54c1\u9152\u5e97(\u9752\u5c9b\u5317\u5b89\u4ea8\u8fbe\u5e97)", "order_time": ["2019-01-15 17:25:28"], "total_order": 1, "hotel_value": ["4.4"], "hotel_price": ["74"]}, "17139641": {"hotel_name": "\u5b9c\u5fc5\u601d\u9152\u5e97(\u9752\u5c9b\u9ad8\u65b0\u533a\u52a8\u8f66\u5c0f\u9547\u5e97)", "order_time": ["2019-01-15 17:25:29"], "total_order": 1, "hotel_value": ["4.2"], "hotel_price": ["218"]}, "2970475": {"hotel_name": "\u5c1a\u5ba2\u4f18\u7cbe\u9009\u9152\u5e97(\u9752\u5c9b\u5c71\u4e1c\u79d1\u6280\u5927\u5b66\u5e97)", "order_time": ["2019-01-15 17:25:29"], "total_order": 1, "hotel_value": ["4.5"], "hotel_price": ["134"]}, "2140433": {"hotel_name": "\u683c\u6797\u8054\u76df\u9152\u5e97(\u9752\u5c9b\u4e50\u5ba2\u57ce\u674e\u6751\u5730\u94c1\u7ad9\u5e97)", "order_time": ["2019-01-15 17:25:30"], "total_order": 1, "hotel_value": ["4.4"], "hotel_price": ["90"]}, "17588770": {"hotel_name": "\u9752\u5c9b\u541b\u534e\u5609\u60e0\u9152\u5e97", "order_time": ["2019-01-15 17:25:31"], "total_order": 1, "hotel_value": ["4.7"], "hotel_price": ["179"]}, "6801113": {"hotel_name": "\u9752\u5c9b\u5609\u5e74\u534e\u5e7f\u573a\u5927\u9152\u5e97", "order_time": ["2019-01-15 17:27:43", "2019-01-15 17:25:32"], "total_order": 2, "hotel_value": ["4.7", "4.7"], "hotel_price": ["465", "465"]}, "2262529": {"hotel_name": "\u9752\u5c9b\u5373\u58a8\u5e0c\u5c14\u987f\u9038\u6797\u9152\u5e97", "order_time": ["2019-01-15 17:25:32"], "total_order": 1, "hotel_value": ["4.6"], "hotel_price": ["454"]}, "14153068": {"hotel_name": "\u9752\u5c9b\u4e00\u54c1\u68a6\u9014\u5047\u65e5\u9152\u5e97", "order_time": ["2019-01-15 17:25:32"], "total_order": 1, "hotel_value": [0], "hotel_price": ["110"]}, "2379128": {"hotel_name": "\u90fd\u5e02118\u8fde\u9501\u9152\u5e97(\u9752\u5c9b\u8f9b\u5b89\u5e97)", "order_time": ["2019-01-15 17:25:37"], "total_order": 1, "hotel_value": ["4.5"], "hotel_price": ["94"]}, "706650": {"hotel_name": "\u5b9c\u5fc5\u601d\u9152\u5e97(\u9752\u5c9b\u57ce\u9633\u6b63\u9633\u8def\u5e97)", "order_time": ["2019-01-15 17:25:39"], "total_order": 1, "hotel_value": ["4.6"], "hotel_price": ["269"]}, "14998793": {"hotel_name": "\u9752\u5c9b\u7c73\u5170\u7cbe\u54c1\u9152\u5e97(\u80f6\u5dde\u65b0\u673a\u573a\u5e97)", "order_time": ["2019-01-15 17:26:59"], "total_order": 1, "hotel_value": ["4.4"], "hotel_price": ["153"]}, "2083086": {"hotel_name": "\u5e73\u5ea6\u53cb\u8c0a\u5bbe\u9986", "order_time": ["2019-01-15 17:27:00"], "total_order": 1, "hotel_value": ["3.3"], "hotel_price": ["83"]}, "2175702": {"hotel_name": "\u83b1\u897f\u91d1\u8bda\u5bbe\u9986", "order_time": ["2019-01-15 17:27:00"], "total_order": 1, "hotel_value": ["4.7"], "hotel_price": ["39"]}, "4068819": {"hotel_name": "\u90fd\u5e02118(\u9752\u5c9b\u4f1a\u5c55\u4e2d\u5fc3\u6d77\u5c14\u8def\u5e97)(\u539f\u5d02\u5c71\u9ad8\u79d1\u56ed\u5e97)", "order_time": ["2019-01-15 17:27:38"], "total_order": 1, "hotel_value": ["4.2"], "hotel_price": ["105"]}, "995168": {"hotel_name": "\u94f6\u5ea7\u4f73\u9a7f\u9152\u5e97(\u5373\u58a8\u9e64\u5c71\u8def\u4f73\u4e50\u5bb6\u4e8c\u5e97)", "order_time": ["2019-01-15 17:50:37", "2019-01-15 17:27:42"], "total_order": 2, "hotel_value": ["4.4", "4.4"], "hotel_price": ["81", "81"]}, "1886434": {"hotel_name": "\u7231\u820d\u7a7a\u95f4\u4e3b\u9898\u6982\u5ff5\u9152\u5e97(\u9752\u5c9b\u5965\u5e06\u4e2d\u5fc3\u738b\u5b50\u98ce\u5c1a\u5e97)", "order_time": ["2019-01-15 17:30:06", "2019-01-15 17:27:42"], "total_order": 2, "hotel_value": ["4.6", "4.6"], "hotel_price": ["83", "83"]}, "2717691": {"hotel_name": "\u6587\u6d77\u56fd\u9645\u9152\u5e97(\u9752\u5c9b\u91d1\u6c99\u6ee9\u5e97)", "order_time": ["2019-01-15 17:27:43"], "total_order": 1, "hotel_value": ["4.6"], "hotel_price": ["191"]}, "454906": {"hotel_name": "\u9752\u5c9b\u7d22\u83f2\u4e9a\u56fd\u9645\u5927\u9152\u5e97", "order_time": ["2019-01-15 17:27:43"], "total_order": 1, "hotel_value": ["4.6"], "hotel_price": ["261"]}, "5981012": {"hotel_name": "\u81ea\u7531\u884c\u56fd\u9645\u9752\u5e74\u65c5\u820d(\u9752\u5c9b\u5288\u67f4\u9662\u5e97)", "order_time": ["2019-01-15 17:27:45"], "total_order": 1, "hotel_value": ["4.5"], "hotel_price": ["5"]}, "5466788": {"hotel_name": "\u82b1\u6eaa\u82b1\u56ed\u9152\u5e97(\u9752\u5c9b\u6d41\u4ead\u673a\u573a\u5e97)", "order_time": ["2019-01-15 17:27:45"], "total_order": 1, "hotel_value": ["4.4"], "hotel_price": ["198"]}, "8034760": {"hotel_name": "\u9752\u5c9b\u542f\u660e\u661f\u592a\u7a7a\u8231\u5bbe\u9986", "order_time": ["2019-01-15 17:27:48"], "total_order": 1, "hotel_value": ["4.5"], "hotel_price": ["40"]}, "749314": {"hotel_name": "\u9752\u5c9b\u6d77\u8fb9\u5ba2\u4f11\u95f2\u5bbe\u9986", "order_time": ["2019-01-15 17:27:48"], "total_order": 1, "hotel_value": ["4.5"], "hotel_price": ["68"]}, "1348429": {"hotel_name": "\u5c1a\u5ba2\u4f18\u5feb\u6377\u9152\u5e97\uff08\u9752\u5c9b\u6808\u6865\u706b\u8f66\u7ad9\u5e97\uff09", "order_time": ["2019-01-15 17:27:49"], "total_order": 1, "hotel_value": ["3.8"], "hotel_price": ["55"]}, "2024647": {"hotel_name": "\u9752\u5c9b\u624b\u7275\u624b\u65f6\u5c1a\u5bbe\u9986", "order_time": ["2019-01-15 17:27:52"], "total_order": 1, "hotel_value": ["4.7"], "hotel_price": ["68"]}, "1799037": {"hotel_name": "\u9752\u5c9b\u745e\u5ead\u6d77\u666f\u9152\u5e97\u516c\u5bd3", "order_time": ["2019-01-15 17:27:53"], "total_order": 1, "hotel_value": ["4.3"], "hotel_price": ["123"]}, "16127878": {"hotel_name": "\u9752\u5c9b\u73e0\u5c71\u5927\u996d\u5e97", "order_time": ["2019-01-15 17:29:58"], "total_order": 1, "hotel_value": ["4.7"], "hotel_price": ["290"]}, "428036": {"hotel_name": "\u5982\u5bb6\u5feb\u6377\u9152\u5e97(\u9752\u5c9b\u5c71\u4e1c\u8def\u4e2d\u592e\u5546\u52a1\u533a\u5e97)", "order_time": ["2019-01-15 17:30:01"], "total_order": 1, "hotel_value": ["4.3"], "hotel_price": ["119"]}, "2304451": {"hotel_name": "\u7231\u5c0a\u5ba2\u9152\u5e97(\u5373\u58a8\u5170\u9ccc\u8def\u5e97)", "order_time": ["2019-01-15 17:30:05"], "total_order": 1, "hotel_value": ["4.7"], "hotel_price": ["170"]}, "27854182": {"hotel_name": "\u9752\u5c9b\u552f\u60a6\u7cbe\u54c1\u516c\u5bd3", "order_time": ["2019-01-15 17:30:06"], "total_order": 1, "hotel_value": ["5.0"], "hotel_price": ["78"]}, "797235": {"hotel_name": "\u9752\u5c9b\u7f8e\u8d24\u5c45\u673a\u573a\u5bbe\u9986", "order_time": ["2019-01-15 17:30:09"], "total_order": 1, "hotel_value": ["3.6"], "hotel_price": ["115"]}, "8903874": {"hotel_name": "\u9752\u5c9bcom\u5bd3\u516c\u5bd3", "order_time": ["2019-01-15 17:30:09"], "total_order": 1, "hotel_value": ["4.6"], "hotel_price": ["78"]}, "1938134": {"hotel_name": "\u83ab\u6cf0168(\u9752\u5c9b\u674e\u6751\u5730\u94c1\u7ad9\u6b65\u884c\u8857\u5e97)", "order_time": ["2019-01-15 17:43:33", "2019-01-15 17:30:14"], "total_order": 2, "hotel_value": ["4.5", "4.5"], "hotel_price": ["109", "109"]}, "1373259": {"hotel_name": "\u83b1\u897f\u6708\u6e56\u5546\u52a1\u5bbe\u9986", "order_time": ["2019-01-15 17:31:03"], "total_order": 1, "hotel_value": ["4.7"], "hotel_price": ["89"]}, "1502061": {"hotel_name": "\u5982\u5bb6\u5feb\u6377\u9152\u5e97(\u9752\u5c9b\u674e\u6ca7\u5cf0\u5c71\u8def\u6b65\u884c\u8857\u5e97)", "order_time": ["2019-01-15 17:32:00"], "total_order": 1, "hotel_value": ["4.5"], "hotel_price": ["105"]}, "5482123": {"hotel_name": "\u9752\u5c9b\u94f6\u6cb3\u5047\u65e5\u9152\u5e97", "order_time": ["2019-01-15 17:32:04"], "total_order": 1, "hotel_value": ["4.7"], "hotel_price": ["193"]}, "1716184": {"hotel_name": "7\u5929\u8fde\u9501\u9152\u5e97(\u9752\u5c9b\u8fbd\u9633\u897f\u8def\u65b0\u4e1a\u5e7f\u573a\u5730\u94c1\u7ad9\u5e97)", "order_time": ["2019-01-15 17:32:05"], "total_order": 1, "hotel_value": ["4.2"], "hotel_price": ["99"]}, "8902993": {"hotel_name": "\u4e07\u7231\u60c5\u4fa3\u9152\u5e97(\u9752\u5c9b\u674e\u6751\u6b65\u884c\u8857\u5e97)", "order_time": ["2019-01-15 17:32:06"], "total_order": 1, "hotel_value": ["4.8"], "hotel_price": ["174"]}, "8148188": {"hotel_name": "\u6b27\u98de\u8fde\u9501\u9152\u5e97(\u9752\u5c9b\u6808\u6865\u706b\u8f66\u7ad9\u9752\u533b\u9644\u9662\u5288\u67f4\u9662\u5e97\uff09", "order_time": ["2019-01-15 17:32:24"], "total_order": 1, "hotel_value": ["3.8"], "hotel_price": ["58"]}, "3090890": {"hotel_name": "\u9752\u5c9b\u9526\u665f\u534e\u5546\u52a1\u5bbe\u9986", "order_time": ["2019-01-15 17:34:04"], "total_order": 1, "hotel_value": ["4.4"], "hotel_price": ["79"]}, "429108": {"hotel_name": "\u9752\u5c9b\u94f6\u6c99\u6ee9\u6e29\u5fb7\u59c6\u81f3\u5c0a\u9152\u5e97", "order_time": ["2019-01-15 17:34:06"], "total_order": 1, "hotel_value": ["4.5"], "hotel_price": ["528"]}, "779884": {"hotel_name": "\u9526\u6c5f\u4e4b\u661f(\u9752\u5c9b\u674e\u6ca7\u5e7f\u573a\u674e\u6751\u5730\u94c1\u7ad9\u5e97)(\u539f\u674e\u6ca7\u5e7f\u573a\u5e97)", "order_time": ["2019-01-15 17:34:07"], "total_order": 1, "hotel_value": ["4.2"], "hotel_price": ["99"]}, "436088": {"hotel_name": "\u9752\u5c9b\u8d35\u90fd\u56fd\u9645\u5927\u996d\u5e97(\u539f\u9752\u5c9b\u56fd\u6566\u5927\u9152\u5e97)", "order_time": ["2019-01-15 17:34:07"], "total_order": 1, "hotel_value": ["4.6"], "hotel_price": ["422"]}, "1318891": {"hotel_name": "\u6c49\u5ead\u9152\u5e97(\u5373\u58a8\u670d\u88c5\u57ce\u5e97)", "order_time": ["2019-01-15 17:34:09"], "total_order": 1, "hotel_value": ["4.6"], "hotel_price": ["132"]}, "5665323": {"hotel_name": "\u745e\u7eb3\u6d77\u666f\u516c\u5bd3\u9152\u5e97(\u9752\u5c9b\u706b\u8f66\u7ad9\u6808\u6865\u5e97)", "order_time": ["2019-01-15 17:34:10"], "total_order": 1, "hotel_value": ["4.2"], "hotel_price": ["145"]}, "1316389": {"hotel_name": "\u6c49\u5ead\u9152\u5e97\uff08\u9752\u5c9b\u91cd\u5e86\u5357\u8def\u65b0\u90fd\u5fc3\u5e97\uff09\uff08\u539f\u91cd\u5e86\u5357\u8def\u5e97\uff09", "order_time": ["2019-01-15 17:34:10"], "total_order": 1, "hotel_value": ["4.4"], "hotel_price": ["151"]}, "1807252": {"hotel_name": "7\u5929\u8fde\u9501\u9152\u5e97(\u9752\u5c9b\u9ec4\u5c9b\u4e24\u6cb3\u8def\u6d77\u6c34\u6d74\u573a\u5e97)", "order_time": ["2019-01-15 17:34:16"], "total_order": 1, "hotel_value": ["4.3"], "hotel_price": ["114"]}, "1644328": {"hotel_name": "\u9752\u5c9b\u4e07\u79d1\u57ce\u56fd\u9645\u516c\u5bd3", "order_time": ["2019-01-15 17:34:17"], "total_order": 1, "hotel_value": ["4.2"], "hotel_price": ["180"]}, "2085688": {"hotel_name": "\u5e73\u5ea6\u84dd\u78e8\u574a\u4e3b\u9898\u9152\u5e97", "order_time": ["2019-01-15 17:35:44"], "total_order": 1, "hotel_value": ["3.9"], "hotel_price": ["111"]}, "780409": {"hotel_name": "\u9526\u6c5f\u4e4b\u661f(\u9752\u5c9b\u676d\u5dde\u8def\u5e97)", "order_time": ["2019-01-15 17:36:28"], "total_order": 1, "hotel_value": ["4.6"], "hotel_price": ["134"]}, "2306427": {"hotel_name": "\u7231\u822a\u9152\u5e97\u8054\u76df(\u9752\u5c9b\u6c7d\u8f66\u5317\u7ad9\u5e97)", "order_time": ["2019-01-15 17:36:33"], "total_order": 1, "hotel_value": ["4.1"], "hotel_price": ["65"]}, "24608663": {"hotel_name": "\u9752\u5c9b\u4ece\u90a3\u4ee5\u540e\u9752\u5e74\u65c5\u793e", "order_time": ["2019-01-15 17:36:49"], "total_order": 1, "hotel_value": ["5.0"], "hotel_price": ["25"]}, "1888356": {"hotel_name": "\u9752\u5c9b\u751f\u6d3b\u6797\u5927\u9152\u5e97", "order_time": ["2019-01-15 17:38:53"], "total_order": 1, "hotel_value": ["4.0"], "hotel_price": ["47"]}, "4539689": {"hotel_name": "\u6c49\u5ead\u9152\u5e97(\u9752\u5c9b\u4e94\u56db\u5e7f\u573a\u5965\u5e06\u5e97)", "order_time": ["2019-01-15 17:38:53", "2019-01-15 17:43:33"], "total_order": 2, "hotel_value": ["4.6", "4.6"], "hotel_price": ["170", "170"]}, "5024700": {"hotel_name": "\u9752\u5c9b\u591a\u60a6\u9152\u5e97", "order_time": ["2019-01-15 17:38:54"], "total_order": 1, "hotel_value": ["4.4"], "hotel_price": ["94"]}, "2582773": {"hotel_name": "\u6c49\u5ead\u9152\u5e97(\u9752\u5c9b\u706b\u8f66\u7ad9\u4e1c\u5e7f\u573a\u5e97)", "order_time": ["2019-01-15 17:38:54"], "total_order": 1, "hotel_value": ["4.4"], "hotel_price": ["132"]}, "12225064": {"hotel_name": "\u5e0c\u5cb8\u9152\u5e97(\u9752\u5c9b\u6d41\u4ead\u673a\u573a\u5e97)", "order_time": ["2019-01-15 17:45:48", "2019-01-15 17:38:54"], "total_order": 2, "hotel_value": ["4.6", "4.6"], "hotel_price": ["200", "200"]}, "25557473": {"hotel_name": "\u9752\u5c9b\u68e0\u66fc\u9152\u5e97", "order_time": ["2019-01-15 17:38:57"], "total_order": 1, "hotel_value": ["4.6"], "hotel_price": ["159"]}, "21122269": {"hotel_name": "\u9752\u5c9b\u84dd\u6735\u6d77\u666f\u5047\u65e5\u516c\u5bd3", "order_time": ["2019-01-15 17:38:58"], "total_order": 1, "hotel_value": ["4.9"], "hotel_price": ["217"]}, "5152698": {"hotel_name": "\u6854\u5b50\u9152\u5e97\u00b7\u7cbe\u9009(\u9752\u5c9b\u6d77\u5c14\u8def\u5e97)", "order_time": ["2019-01-15 17:38:58"], "total_order": 1, "hotel_value": ["4.9"], "hotel_price": ["332"]}, "2298529": {"hotel_name": "\u9526\u6c5f\u4e4b\u661f(\u9752\u5c9b\u5f00\u53d1\u533a\u4e95\u5188\u5c71\u8def\u5e97)", "order_time": ["2019-01-15 17:39:00"], "total_order": 1, "hotel_value": ["4.6"], "hotel_price": ["129"]}, "2980755": {"hotel_name": "7\u5929\u8fde\u9501\u9152\u5e97(\u9752\u5c9b\u6c7d\u8f66\u603b\u7ad9\u676d\u5dde\u8def\u5e97)", "order_time": ["2019-01-15 17:39:00"], "total_order": 1, "hotel_value": ["4.2"], "hotel_price": ["69"]}, "3202843": {"hotel_name": "\u7231\u5c0a\u5ba2\u7cbe\u54c1\u9152\u5e97(\u9752\u5c9b\u57ce\u9633\u6b63\u9633\u4e2d\u8def\u5e97)", "order_time": ["2019-01-15 17:39:00"], "total_order": 1, "hotel_value": ["4.7"], "hotel_price": ["158"]}, "16081635": {"hotel_name": "\u9752\u5c9b\u5e0c\u671b\u4f60\u559c\u6b22\u6d77\u666f\u516c\u5bd3", "order_time": ["2019-01-15 17:39:01"], "total_order": 1, "hotel_value": ["4.6"], "hotel_price": ["198"]}, "1066282": {"hotel_name": "\u6c49\u5ead\u9152\u5e97(\u9752\u5c9b\u6808\u6865\u524d\u6d77\u5229\u7fa4\u5e97)(\u539f\u6808\u6865\u524d\u6d77\u5e97)", "order_time": ["2019-01-15 17:39:01"], "total_order": 1, "hotel_value": ["4.5"], "hotel_price": ["132"]}, "1164640": {"hotel_name": "\u9752\u5c9b\u6d77\u60a6\u5ea6\u5047\u516c\u5bd3\u9152\u5e97", "order_time": ["2019-01-15 17:39:02"], "total_order": 1, "hotel_value": ["4.6"], "hotel_price": ["80"]}, "1695390": {"hotel_name": "\u5c1a\u5ba2\u4f18\u5feb\u6377\u9152\u5e97(\u9752\u5c9b\u5d07\u660e\u5c9b\u8def\u5e97)", "order_time": ["2019-01-15 17:39:04"], "total_order": 1, "hotel_value": ["4.1"], "hotel_price": ["84"]}, "9194330": {"hotel_name": "\u9752\u5c9b\u84dd\u5c71\u5ea6\u5047\u9152\u5e97", "order_time": ["2019-01-15 17:39:06"], "total_order": 1, "hotel_value": ["4.4"], "hotel_price": ["95"]}, "2334207": {"hotel_name": "\u9752\u5c9b\u6d77\u5c14\u5c71\u5e84", "order_time": ["2019-01-15 17:39:08"], "total_order": 1, "hotel_value": ["4.8"], "hotel_price": ["658"]}, "2252691": {"hotel_name": "\u9752\u5c9b\u90fd\u5e02\u5047\u65e5\u8fde\u9501\u9152\u5e97", "order_time": ["2019-01-15 17:39:09"], "total_order": 1, "hotel_value": ["4.4"], "hotel_price": ["75"]}, "1696745": {"hotel_name": "\u798f\u81f4\u827a\u672f\u7cbe\u54c1\u9152\u5e97(\u9752\u5c9b\u5965\u5e06\u4e2d\u5fc3\u5e97)", "order_time": ["2019-01-15 17:39:10"], "total_order": 1, "hotel_value": ["4.5"], "hotel_price": ["99"]}, "1714880": {"hotel_name": "\u80f6\u5357\u5343\u79cb\u5047\u65e5\u5927\u9152\u5e97", "order_time": ["2019-01-15 17:39:12", "2019-01-15 17:43:39"], "total_order": 2, "hotel_value": ["4.5", "4.5"], "hotel_price": ["128", "128"]}, "11420986": {"hotel_name": "\u6b27\u7f8e\u83b2\u9152\u5e97", "order_time": ["2019-01-15 17:39:13"], "total_order": 1, "hotel_value": ["4.7"], "hotel_price": ["93"]}, "427993": {"hotel_name": "\u5982\u5bb6\u5feb\u6377\u9152\u5e97(\u9752\u5c9b\u80f6\u5dde\u6d77\u5c14\u5927\u9053\u6c7d\u8f66\u7ad9\u5e97)", "order_time": ["2019-01-15 17:40:19"], "total_order": 1, "hotel_value": ["4.5"], "hotel_price": ["112"]}, "6107278": {"hotel_name": "\u5c1a\u5ba2\u4f18\u7cbe\u9009\u9152\u5e97(\u9752\u5c9b\u5373\u58a8\u5f00\u53d1\u533a\u65b0\u653f\u5e9c\u5e97)(\u539f\u8fbd\u6cb3\u4e00\u8def\u5e97)", "order_time": ["2019-01-15 17:41:17"], "total_order": 1, "hotel_value": ["4.2"], "hotel_price": ["93"]}, "8589071": {"hotel_name": "\u9752\u5c9b\u661f\u6d77\u6e7e\u5ea6\u5047\u516c\u5bd3\u90a3\u9c81\u6e7e\u5e97", "order_time": ["2019-01-15 17:43:52", "2019-01-15 17:41:34"], "total_order": 2, "hotel_value": ["4.7", "4.7"], "hotel_price": ["93", "93"]}, "385108": {"hotel_name": "\u9752\u5c9b\u6d77\u5c14\u6d32\u9645\u9152\u5e97", "order_time": ["2019-01-15 17:42:33", "2019-01-15 17:52:07"], "total_order": 2, "hotel_value": ["4.6", "4.6"], "hotel_price": ["758", "758"]}, "2163140": {"hotel_name": "\u83b1\u897f\u827e\u5ead\u5546\u52a1\u9152\u5e97", "order_time": ["2019-01-15 17:42:34"], "total_order": 1, "hotel_value": ["4.4"], "hotel_price": ["89"]}, "2935119": {"hotel_name": "\u5609\u5fb7\u591c\u8272\u827a\u672f\u4e3b\u9898\u9152\u5e97(\u9752\u5c9b\u674e\u6751\u5730\u94c1\u6b65\u884c\u8857\u706b\u8f66\u5317\u7ad9\u5e97)", "order_time": ["2019-01-15 17:43:32"], "total_order": 1, "hotel_value": ["4.6"], "hotel_price": ["94"]}, "16102147": {"hotel_name": "\u9752\u5c9b\u65e0\u654c\u6d77\u666f\u6d77\u8fb9\u5ea6\u5047\u5c4b\u9152\u5e97\u5f0f\u516c\u5bd3", "order_time": ["2019-01-15 17:43:38"], "total_order": 1, "hotel_value": ["4.1"], "hotel_price": ["201"]}, "6109789": {"hotel_name": "\u9752\u5c9b\u67d4\u8f6f\u65f6\u5149\u7cbe\u54c1\u5ba2\u6808\u5c71\u4e1c\u5927\u5b66\u5e97", "order_time": ["2019-01-15 17:43:39"], "total_order": 1, "hotel_value": ["4.5"], "hotel_price": ["84"]}, "21764832": {"hotel_name": "1314\u4e3b\u9898\u5c0f\u4f4f\u9152\u5e97(\u9752\u5c9b\u674e\u6751\u5e97)", "order_time": ["2019-01-15 17:43:39"], "total_order": 1, "hotel_value": ["4.2"], "hotel_price": ["58"]}, "1702042": {"hotel_name": "\u9752\u5c9b\u5feb\u4e50\u5047\u65e5\u7cbe\u54c1\u9152\u5e97", "order_time": ["2019-01-15 17:43:39"], "total_order": 1, "hotel_value": ["4.5"], "hotel_price": ["104"]}, "6827381": {"hotel_name": "\u9752\u5c9b\u661f\u671f\u4e94\u4e3b\u9898\u9152\u5e97", "order_time": ["2019-01-15 17:43:39"], "total_order": 1, "hotel_value": ["4.2"], "hotel_price": ["68"]}, "1924270": {"hotel_name": "\u9752\u5c9b\u91d1\u9ec4\u6d77\u5546\u52a1\u5bbe\u9986", "order_time": ["2019-01-15 17:43:39"], "total_order": 1, "hotel_value": [0], "hotel_price": ["69"]}, "21768949": {"hotel_name": "\u9752\u5c9b\u827e\u5c1a\u5bbe\u9986", "order_time": ["2019-01-15 17:43:39"], "total_order": 1, "hotel_value": ["4.7"], "hotel_price": ["93"]}, "2509075": {"hotel_name": "\u5c1a\u5ba2\u4f18\u9a8f\u6021\u8fde\u9501\u9152\u5e97(\u9752\u5c9b\u519c\u4e1a\u5927\u5b66\u5e97)", "order_time": ["2019-01-15 17:45:46", "2019-01-15 17:43:39"], "total_order": 2, "hotel_value": ["3.7", "3.7"], "hotel_price": ["78", "78"]}, "6955712": {"hotel_name": "\u9752\u5c9b\u6d77\u6c50\u00b7\u4e3d\u6676\u5fa1\u7b51\u7cbe\u88c5\u516c\u5bd3(\u9999\u6e2f\u4e2d\u8def\u5e97)", "order_time": ["2019-01-15 17:43:43"], "total_order": 1, "hotel_value": ["4.6"], "hotel_price": ["138"]}, "1741177": {"hotel_name": "\u91d1\u72ee100\u8fde\u9501\u5bbe\u9986(\u9752\u5c9b\u6d41\u4ead\u673a\u573a\u5e97)", "order_time": ["2019-01-15 17:43:49", "2019-01-15 17:59:37"], "total_order": 2, "hotel_value": ["3.5", "3.5"], "hotel_price": ["58", "58"]}, "2296661": {"hotel_name": "\u9752\u5c9b\u516b\u8fbe\u4f1a\u65c5\u9986", "order_time": ["2019-01-15 17:43:57"], "total_order": 1, "hotel_value": ["4.2"], "hotel_price": ["50"]}, "1103115": {"hotel_name": "\u6c49\u5ead\u9152\u5e97(\u5e73\u5ea6\u9752\u5c9b\u8def\u5e97)", "order_time": ["2019-01-15 17:44:51"], "total_order": 1, "hotel_value": ["4.2"], "hotel_price": ["109"]}, "1605345": {"hotel_name": "\u4e2d\u592e\u5546\u52a1\u996d\u5e97(\u9752\u5c9b\u5c71\u4e1c\u8def\u5e02\u5317\u533a\u653f\u5e9c\u5e97)", "order_time": ["2019-01-15 17:45:49"], "total_order": 1, "hotel_value": ["4.0"], "hotel_price": ["95"]}, "1458464": {"hotel_name": "\u9752\u5c9b\u5c1a\u8bda\u540d\u6d41\u5047\u65e5\u9152\u5e97", "order_time": ["2019-01-15 17:45:49"], "total_order": 1, "hotel_value": ["4.4"], "hotel_price": ["342"]}, "996591": {"hotel_name": "\u9752\u5c9b\u5b8f\u8fd0\u5927\u9152\u5e97", "order_time": ["2019-01-15 17:45:49"], "total_order": 1, "hotel_value": ["4.6"], "hotel_price": ["139"]}, "11806930": {"hotel_name": "\u591a\u7ef4\u7a7a\u95f4\u4e3b\u9898\u9152\u5e97(\u9752\u5c9b\u674e\u6751\u5730\u94c1\u7ad9\u4eac\u53e3\u8def\u5e97)", "order_time": ["2019-01-15 17:45:51"], "total_order": 1, "hotel_value": ["4.5"], "hotel_price": ["144"]}, "1480360": {"hotel_name": "\u5c1a\u5ba2\u4f18\u5feb\u6377\u9152\u5e97(\u9752\u5c9b\u674e\u6751\u6b65\u884c\u8857\u5e97)", "order_time": ["2019-01-15 17:48:10"], "total_order": 1, "hotel_value": ["3.6"], "hotel_price": ["79"]}, "8829440": {"hotel_name": "\u9752\u5c9b\u7ea2\u5c9b\u7ecf\u6d4e\u533a\u610f\u5885\u6e7e\u9152\u5e97", "order_time": ["2019-01-15 17:48:10"], "total_order": 1, "hotel_value": ["4.6"], "hotel_price": ["263"]}, "6608537": {"hotel_name": "\u6854\u5b50\u9152\u5e97\u00b7\u7cbe\u9009(\u9752\u5c9b\u56db\u6d41\u5357\u8def\u5e97)", "order_time": ["2019-01-15 17:48:10"], "total_order": 1, "hotel_value": ["4.9"], "hotel_price": ["332"]}, "1516201": {"hotel_name": "\u9752\u5c9b\u4e50\u946b\u6e90\u5bbe\u9986", "order_time": ["2019-01-15 17:48:11"], "total_order": 1, "hotel_value": ["4.6"], "hotel_price": ["36"]}, "702221": {"hotel_name": "\u5373\u58a8\u5929\u6cf0\u5cea\u5c1a\u6c64\u6cc9\u6e29\u6cc9\u5ea6\u5047\u9152\u5e97(\u539f\u5929\u6cf0\u6e29\u6cc9\u9ad8\u5c14\u592b\u4e50\u6d3b\u9152\u5e97)", "order_time": ["2019-01-15 17:48:14"], "total_order": 1, "hotel_value": ["4.5"], "hotel_price": ["1670"]}, "430840": {"hotel_name": "\u9752\u5c9b\u4e3d\u6676\u5927\u9152\u5e97", "order_time": ["2019-01-15 17:48:17"], "total_order": 1, "hotel_value": ["4.5"], "hotel_price": ["500"]}, "2239071": {"hotel_name": "\u5373\u58a8\u7687\u671d\u5bbe\u9986", "order_time": ["2019-01-15 17:48:20"], "total_order": 1, "hotel_value": ["4.4"], "hotel_price": ["105"]}, "2239028": {"hotel_name": "\u9752\u5c9b\u7559\u9999\u4ead\u5bbe\u9986", "order_time": ["2019-01-15 17:48:37", "2019-01-15 17:53:17"], "total_order": 2, "hotel_value": ["4.0", "4.0"], "hotel_price": ["53", "53"]}, "1741544": {"hotel_name": "\u91d1\u72ee100\u8fde\u9501\u5bbe\u9986(\u9752\u5c9b\u6c7d\u8f66\u5317\u7ad9\u5e97)", "order_time": ["2019-01-15 17:48:38"], "total_order": 1, "hotel_value": ["3.7"], "hotel_price": ["68"]}, "2011487": {"hotel_name": "7\u5929\u8fde\u9501\u9152\u5e97(\u5e73\u5ea6\u9752\u5c9b\u8def\u5e97)", "order_time": ["2019-01-15 17:49:54"], "total_order": 1, "hotel_value": ["4.3"], "hotel_price": ["99"]}, "1542881": {"hotel_name": "\u9752\u5c9b\u90fd\u5e02\u82b1\u56ed\u9152\u5e97(\u539f\u5170\u5ef7\u82b1\u56ed\u9152\u5e97)", "order_time": ["2019-01-15 17:50:40"], "total_order": 1, "hotel_value": ["4.2"], "hotel_price": ["95"]}, "1016213": {"hotel_name": "\u4f73\u9a7f\u9152\u5e97(\u9752\u5c9b\u674e\u6751\u5730\u94c1\u7ad9\u6b65\u884c\u8857\u5e97\uff09", "order_time": ["2019-01-15 17:50:44"], "total_order": 1, "hotel_value": ["4.5"], "hotel_price": ["101"]}, "1706760": {"hotel_name": "\u9752\u5c9b\u5929\u6210\u5bbe\u9986", "order_time": ["2019-01-15 17:50:44"], "total_order": 1, "hotel_value": ["4.2"], "hotel_price": ["18"]}, "23415039": {"hotel_name": "\u9752\u5c9b\u68a6\u4e4b\u65c5\u5546\u52a1\u5bbe\u9986", "order_time": ["2019-01-15 17:52:04"], "total_order": 1, "hotel_value": [0], "hotel_price": ["98"]}, "1985439": {"hotel_name": "\u94f6\u5ea7\u4f73\u9a7f\u9152\u5e97(\u80f6\u5dde\u706b\u8f66\u7ad9\u5e97)", "order_time": ["2019-01-15 17:52:09"], "total_order": 1, "hotel_value": ["4.5"], "hotel_price": ["88"]}, "5074736": {"hotel_name": "\u5e73\u5ea6\u6cf0\u7545\u5546\u52a1\u5bbe\u9986", "order_time": ["2019-01-15 17:52:17"], "total_order": 1, "hotel_value": ["4.6"], "hotel_price": ["103"]}, "5980423": {"hotel_name": "\u89c2\u6d77\u57ce\u6d77\u666f\u516c\u5bd3(\u9752\u5c9b\u706b\u8f66\u7ad9\u6808\u6865\u5e97)", "order_time": ["2019-01-15 17:52:59"], "total_order": 1, "hotel_value": ["4.8"], "hotel_price": ["394"]}, "1070621": {"hotel_name": "\u9752\u5c9b\u5b9c\u5bb699\u8fde\u9501\u5bbe\u9986", "order_time": ["2019-01-15 17:52:59"], "total_order": 1, "hotel_value": ["4.3"], "hotel_price": ["82"]}, "1316461": {"hotel_name": "\u6c49\u5ead\u9152\u5e97(\u9752\u5c9b\u674e\u6ca7\u91d1\u6c34\u8def\u5e97)", "order_time": ["2019-01-15 17:53:00"], "total_order": 1, "hotel_value": ["4.5"], "hotel_price": ["161"]}, "1287621": {"hotel_name": "\u6e2f\u6e7e\u5370\u8c61\u8fde\u9501\u9152\u5e97(\u9752\u5c9b\u674e\u6751\u541b\u5cf0\u8def\u5730\u94c1\u7ad9\u5e97) ", "order_time": ["2019-01-15 17:53:03"], "total_order": 1, "hotel_value": ["3.9"], "hotel_price": ["78"]}, "1535266": {"hotel_name": "\u9752\u5c9b\u6808\u6865\u706b\u8f66\u7ad9\u4e3b\u9898\u6d77\u666f\u65e5\u79df\u623f", "order_time": ["2019-01-15 17:53:04"], "total_order": 1, "hotel_value": ["4.4"], "hotel_price": ["28"]}, "23227885": {"hotel_name": "\u9752\u5c9b\u683c\u96f7\u65af\u7cbe\u9009\u9152\u5e97", "order_time": ["2019-01-15 17:55:10"], "total_order": 1, "hotel_value": ["4.8"], "hotel_price": ["243"]}, "1316402": {"hotel_name": "\u6c49\u5ead\u9152\u5e97(\u9752\u5c9b\u674e\u6ca7\u632f\u534e\u8def\u5730\u94c1\u7ad9\u5e97)(\u539f\u91cd\u5e86\u4e2d\u8def\u632f\u534e\u8def\u5e97)", "order_time": ["2019-01-15 17:55:14"], "total_order": 1, "hotel_value": ["4.4"], "hotel_price": ["151"]}, "2309481": {"hotel_name": "\u5c1a\u5ba2\u4f18\u9a8f\u6021\u57ce\u9645\u9152\u5e97(\u9752\u5c9b\u5f00\u53d1\u533a\u5bcc\u6625\u6c5f\u8def\u5e97)", "order_time": ["2019-01-15 17:55:17"], "total_order": 1, "hotel_value": ["4.2"], "hotel_price": ["70"]}, "2150546": {"hotel_name": "\u8463\u5bb6\u53e3\u5927\u9152\u5e97(\u9752\u5c9b\u80f6\u5357\u8463\u5bb6\u53e3\u6e2f\u533a\u5e97)", "order_time": ["2019-01-15 17:55:22"], "total_order": 1, "hotel_value": ["4.3"], "hotel_price": ["168"]}, "6826326": {"hotel_name": "\u53ef\u4e34\u5b81\u8fde\u9501\u9152\u5e97(\u91d1\u6c99\u6ee9\u6d77\u5e95\u96a7\u9053\u5e97)", "order_time": ["2019-01-15 17:55:42"], "total_order": 1, "hotel_value": [0], "hotel_price": ["79"]}, "1316341": {"hotel_name": "\u6c49\u5ead\u9152\u5e97(\u9752\u5c9b\u706b\u8f66\u7ad9\u897f\u5e7f\u573a\u5e97)", "order_time": ["2019-01-15 17:57:27"], "total_order": 1, "hotel_value": ["4.1"], "hotel_price": ["94"]}, "1458477": {"hotel_name": "\u5c1a\u5ba2\u4f18\u5feb\u6377\u9152\u5e97(\u9752\u5c9b\u6808\u6865\u4e2d\u5c71\u8def\u5e97)", "order_time": ["2019-01-15 17:57:38"], "total_order": 1, "hotel_value": ["2.9"], "hotel_price": ["76"]}, "2587259": {"hotel_name": "\u9752\u5c9b\u6c11\u5bbf\u5bb6\u9152\u5e97\u5f0f\u516c\u5bd3", "order_time": ["2019-01-15 17:57:41"], "total_order": 1, "hotel_value": ["3.8"], "hotel_price": ["49"]}, "2310874": {"hotel_name": "\u9a8f\u6021\u57ce\u9645\u8fde\u9501\u9152\u5e97(\u9752\u5c9b\u6c5f\u5c71\u4e2d\u8def\u5e97)", "order_time": ["2019-01-15 17:58:16"], "total_order": 1, "hotel_value": ["3.3"], "hotel_price": ["139"]}, "2987444": {"hotel_name": "\u590d\u76db\u5927\u9152\u5e97(\u9752\u5c9b\u9ec4\u5c9b\u5e97)", "order_time": ["2019-01-15 17:59:35"], "total_order": 1, "hotel_value": ["4.5"], "hotel_price": ["206"]}, "427960": {"hotel_name": "\u5982\u5bb6\u5feb\u6377\u9152\u5e97(\u9752\u5c9b\u6d41\u4ead\u673a\u573a\u6c7d\u8f66\u5317\u7ad9\u5e97 )", "order_time": ["2019-01-15 17:59:37"], "total_order": 1, "hotel_value": ["4.4"], "hotel_price": ["169"]}}}