{"\u5f00\u59cb\u8bb0\u5f55\u65f6\u95f4": "2019-01-25 07:48:10", "\u7ed3\u675f\u8bb0\u5f55\u65f6\u95f4": "2019-01-25 08:48:10", "\u8ba2\u5355\u603b\u589e\u91cf": 156, "item": {"1695390": {"hotel_name": "\u5c1a\u5ba2\u4f18\u5feb\u6377\u9152\u5e97(\u9752\u5c9b\u5d07\u660e\u5c9b\u8def\u5e97)", "order_time": ["2019-01-25 07:50:29"], "total_order": 1, "hotel_value": ["4.1"], "hotel_price": ["75"]}, "709567": {"hotel_name": "\u90fd\u5e02\u5ba2\u5ea6\u5047\u516c\u5bd3(\u9752\u5c9b\u5d02\u5c71\u5927\u62c7\u6307\u6df1\u84dd\u516c\u5bd3\u5e97)", "order_time": ["2019-01-25 07:50:29"], "total_order": 1, "hotel_value": ["4.4"], "hotel_price": ["114"]}, "8575838": {"hotel_name": "\u9752\u5c9b\u5947\u70e8\u6d77\u6e2f\u9152\u5e97\u516c\u5bd3", "order_time": ["2019-01-25 07:50:29"], "total_order": 1, "hotel_value": ["4.6"], "hotel_price": ["102"]}, "1101006": {"hotel_name": "\u5982\u5bb6\u5feb\u6377\u9152\u5e97\uff08\u9752\u5c9b\u80f6\u5357\u9752\u5c9b\u897f\u7ad9\u5e97\uff09", "order_time": ["2019-01-25 07:50:29"], "total_order": 1, "hotel_value": ["4.4"], "hotel_price": ["103"]}, "5860580": {"hotel_name": "\u9752\u5c9b\u6d77\u8fb9\u65f6\u5149\u6d77\u666f\u522b\u5885", "order_time": ["2019-01-25 07:50:29"], "total_order": 1, "hotel_value": ["4.8"], "hotel_price": ["260"]}, "9211111": {"hotel_name": "\u9752\u5c9b\u5c1a\u5ba2\u4f18\u8fde\u9501\u9152\u5e97\u79d1\u6280\u5927\u5b66\u5357\u95e8\u5e97", "order_time": ["2019-01-25 07:50:29"], "total_order": 1, "hotel_value": ["3.9"], "hotel_price": ["101"]}, "1640277": {"hotel_name": "\u9752\u5c9b\u91d1\u4e2d\u592a\u5927\u9152\u5e97", "order_time": ["2019-01-25 07:50:29"], "total_order": 1, "hotel_value": ["4.4"], "hotel_price": ["138"]}, "5266537": {"hotel_name": "\u5c1a\u5ba2\u4f18\u5feb\u6377\u9152\u5e97(\u9752\u5c9b\u5f00\u53d1\u533a\u9999\u6c5f\u4e8c\u8def\u5e97)", "order_time": ["2019-01-25 07:50:29"], "total_order": 1, "hotel_value": ["4.5"], "hotel_price": ["105"]}, "2044098": {"hotel_name": "\u6b27\u98de\u8fde\u9501\u9152\u5e97(\u9752\u5c9b\u957f\u9014\u6c7d\u8f66\u7ad9\u5e97)", "order_time": ["2019-01-25 07:50:29"], "total_order": 1, "hotel_value": ["4.0"], "hotel_price": ["73"]}, "8513921": {"hotel_name": "\u9752\u5c9b\u84dd\u6cca\u6e7e\u6d77\u666f\u5ea6\u5047\u516c\u5bd3(\u4e07\u8fbe\u4e1c\u65b9\u5f71\u90fd\u5e97)", "order_time": ["2019-01-25 07:50:29"], "total_order": 1, "hotel_value": ["4.0"], "hotel_price": ["77"]}, "5895533": {"hotel_name": "\u5373\u58a8\u7231\u5ba2100\u8fde\u9501\u5bbe\u9986\u670d\u88c5\u57ce\u5e97", "order_time": ["2019-01-25 07:50:29"], "total_order": 1, "hotel_value": ["4.5"], "hotel_price": ["78"]}, "11403746": {"hotel_name": "\u5c1a\u5ba2\u4f18\u8fde\u9501\u9152\u5e97(\u519b\u6c11\u878d\u5408\u533a\u5e97)", "order_time": ["2019-01-25 07:50:29"], "total_order": 1, "hotel_value": ["4.6"], "hotel_price": ["131"]}, "8597057": {"hotel_name": "\u9752\u5c9b\u9a7f\u65c5\u8ff7\u4f60\u65c5\u9986", "order_time": ["2019-01-25 07:50:29"], "total_order": 1, "hotel_value": ["4.0"], "hotel_price": ["80"]}, "2306427": {"hotel_name": "\u7231\u822a\u9152\u5e97\u8054\u76df(\u9752\u5c9b\u6c7d\u8f66\u5317\u7ad9\u5e97)", "order_time": ["2019-01-25 07:50:29"], "total_order": 1, "hotel_value": ["4.1"], "hotel_price": ["69"]}, "24624112": {"hotel_name": "\u9752\u5c9b\u4e91\u95f4\u5ba2\u6808", "order_time": ["2019-01-25 07:50:29"], "total_order": 1, "hotel_value": ["4.7"], "hotel_price": ["129"]}, "1016213": {"hotel_name": "\u4f73\u9a7f\u9152\u5e97(\u9752\u5c9b\u674e\u6751\u5730\u94c1\u7ad9\u6b65\u884c\u8857\u5e97\uff09", "order_time": ["2019-01-25 07:50:29"], "total_order": 1, "hotel_value": ["4.5"], "hotel_price": ["101"]}, "1906749": {"hotel_name": "\u9752\u5c9b\u9c81\u6d77\u4e30\u5927\u9152\u5e97", "order_time": ["2019-01-25 07:50:29"], "total_order": 1, "hotel_value": ["4.4"], "hotel_price": ["133"]}, "1933202": {"hotel_name": "\u683c\u6797\u8054\u76df\u9152\u5e97(\u9752\u5c9b\u897f\u6d77\u5cb8\u6c7d\u8f66\u603b\u7ad9\u5e97)", "order_time": ["2019-01-25 07:50:29"], "total_order": 1, "hotel_value": ["4.3"], "hotel_price": ["98"]}, "2310196": {"hotel_name": "\u6b27\u6a59\u9152\u5e97(\u9752\u5c9b\u9999\u6c5f\u8def\u5e97)", "order_time": ["2019-01-25 07:50:30"], "total_order": 1, "hotel_value": ["4.4"], "hotel_price": ["94"]}, "2302130": {"hotel_name": "\u9752\u5c9b\u5609\u9038\u8c6a\u5ead\u8fde\u9501\u9152\u5e97", "order_time": ["2019-01-25 07:50:31"], "total_order": 1, "hotel_value": ["4.2"], "hotel_price": ["73"]}, "19845456": {"hotel_name": "\u5b63\u5bb6\u516c\u5bd3(\u9752\u5c9b\u53f0\u4e1c\u5564\u9152\u8857\u5e97)", "order_time": ["2019-01-25 07:50:31"], "total_order": 1, "hotel_value": ["4.8"], "hotel_price": ["88"]}, "2299441": {"hotel_name": "\u9526\u6c5f\u4e4b\u661f(\u9752\u5c9b\u56fd\u9645\u4f1a\u5c55\u4e2d\u5fc3\u6d77\u5c14\u8def\u5e97)", "order_time": ["2019-01-25 07:50:32"], "total_order": 1, "hotel_value": ["4.6"], "hotel_price": ["180"]}, "1872002": {"hotel_name": "\u9752\u6e38\u8bb0(\u81ea\u7531\u884c\u65d7\u8230)\u56fd\u9645\u9752\u5e74\u65c5\u820d(\u9752\u5c9b\u706b\u8f66\u7ad9\u6808\u6865\u5288\u67f4\u9662\u4e2d\u5c71\u8def\u5e97)", "order_time": ["2019-01-25 07:50:32", "2019-01-25 08:36:21", "2019-01-25 08:44:20", "2019-01-25 08:42:20", "2019-01-25 08:12:20"], "total_order": 5, "hotel_value": ["4.8", "4.8", "4.8", "4.8", "4.8"], "hotel_price": ["9", "9", "9", "9", "9"]}, "1317308": {"hotel_name": "\u6c49\u5ead\u9152\u5e97\uff08\u9752\u5c9b\u516b\u5927\u5173\u592a\u5e73\u89d2\u516c\u56ed\u5730\u94c1\u7ad9\u5e97\uff09\uff08\u539f\u516b\u5927\u5173\u5e97)", "order_time": ["2019-01-25 07:50:32"], "total_order": 1, "hotel_value": ["4.6"], "hotel_price": ["161"]}, "4632410": {"hotel_name": "\u9752\u5c9b\u4e91\u6816\u6d77\u666f\u5ea6\u5047\u516c\u5bd3", "order_time": ["2019-01-25 07:50:32"], "total_order": 1, "hotel_value": ["4.8"], "hotel_price": ["116"]}, "2582773": {"hotel_name": "\u6c49\u5ead\u9152\u5e97(\u9752\u5c9b\u706b\u8f66\u7ad9\u4e1c\u5e7f\u573a\u5e97)", "order_time": ["2019-01-25 07:50:32", "2019-01-25 08:28:22"], "total_order": 2, "hotel_value": ["4.4", "4.4"], "hotel_price": ["107", "107"]}, "8575398": {"hotel_name": "\u9752\u5c9b\u4e2d\u5730\u4e07\u8c6a\u9152\u5e97", "order_time": ["2019-01-25 07:50:32"], "total_order": 1, "hotel_value": ["4.5"], "hotel_price": ["232"]}, "17097238": {"hotel_name": "\u9752\u5c9b\u798f\u745e\u767b\u9152\u5e97", "order_time": ["2019-01-25 07:50:32"], "total_order": 1, "hotel_value": ["4.5"], "hotel_price": ["84"]}, "1165332": {"hotel_name": "\u96c5\u60a6\u7cbe\u81f4\u9152\u5e97(\u9752\u5c9b\u53f0\u4e1c\u5564\u9152\u8857\u5e97)", "order_time": ["2019-01-25 07:50:32"], "total_order": 1, "hotel_value": ["4.3"], "hotel_price": ["83"]}, "640472": {"hotel_name": "\u9752\u5c9b\u65af\u7ef4\u767b\u5ea6\u5047\u516c\u5bd3(\u9c81\u90a6\u98ce\u60c5)", "order_time": ["2019-01-25 07:50:32"], "total_order": 1, "hotel_value": ["4.3"], "hotel_price": ["103"]}, "2987444": {"hotel_name": "\u590d\u76db\u5927\u9152\u5e97(\u9752\u5c9b\u9ec4\u5c9b\u5e97)", "order_time": ["2019-01-25 07:50:32"], "total_order": 1, "hotel_value": ["4.5"], "hotel_price": ["206"]}, "8497971": {"hotel_name": "\u9752\u5c9b\u6c49\u838e\u5361\u8428\u6d77\u666f\u516c\u5bd3", "order_time": ["2019-01-25 07:50:32"], "total_order": 1, "hotel_value": ["4.6"], "hotel_price": ["124"]}, "3656678": {"hotel_name": "\u9752\u5c9b\u827e\u7c73\u60c5\u4fa3\u9152\u5e97", "order_time": ["2019-01-25 07:50:32"], "total_order": 1, "hotel_value": ["4.6"], "hotel_price": ["141"]}, "12225064": {"hotel_name": "\u5e0c\u5cb8\u9152\u5e97(\u9752\u5c9b\u6d41\u4ead\u673a\u573a\u5e97)", "order_time": ["2019-01-25 07:50:32", "2019-01-25 08:06:23"], "total_order": 2, "hotel_value": ["4.6", "4.6"], "hotel_price": ["206", "206"]}, "21803017": {"hotel_name": "\u9752\u5c9b\u5d02\u5c71\u4e66\u9662\u9152\u5e97", "order_time": ["2019-01-25 07:50:32"], "total_order": 1, "hotel_value": ["4.8"], "hotel_price": ["442"]}, "5575338": {"hotel_name": "\u9752\u5c9b\u8fdc\u96c4\u5168\u5b63\u6d77\u666f\u516c\u5bd3", "order_time": ["2019-01-25 07:50:32"], "total_order": 1, "hotel_value": ["4.6"], "hotel_price": ["923"]}, "1374349": {"hotel_name": "\u4eac\u82d1\u8fde\u9501\u7cbe\u54c1\u9152\u5e97(\u9752\u5c9b\u4e94\u56db\u5e7f\u573a\u5e97)", "order_time": ["2019-01-25 07:50:32"], "total_order": 1, "hotel_value": ["4.6"], "hotel_price": ["75"]}, "8915754": {"hotel_name": "\u9752\u5c9b\u7ef4\u6797\u827a\u5885\u6d77\u666f\u9152\u5e97", "order_time": ["2019-01-25 07:50:33"], "total_order": 1, "hotel_value": ["4.7"], "hotel_price": ["183"]}, "2349816": {"hotel_name": "\u9752\u5c9b\u798f\u81f4\u5546\u52a1\u4e3b\u9898\u7cbe\u54c1\u9152\u5e97", "order_time": ["2019-01-25 07:50:33"], "total_order": 1, "hotel_value": ["4.5"], "hotel_price": ["91"]}, "4645480": {"hotel_name": "\u9752\u5c9b\u67ab\u5ead\u6d77\u666f\u5ea6\u5047\u516c\u5bd3", "order_time": ["2019-01-25 07:50:33"], "total_order": 1, "hotel_value": ["4.7"], "hotel_price": ["102"]}, "1196353": {"hotel_name": "\u9752\u5c9b\u4e1c\u6d77\u5047\u65e5\u5ea6\u5047\u516c\u5bd3", "order_time": ["2019-01-25 07:50:33"], "total_order": 1, "hotel_value": ["4.5"], "hotel_price": ["90"]}, "2313553": {"hotel_name": "\u6c49\u5ead\u9152\u5e97(\u5373\u58a8\u9e64\u5c71\u8def\u5e97)", "order_time": ["2019-01-25 07:50:33"], "total_order": 1, "hotel_value": ["4.6"], "hotel_price": ["142"]}, "19587956": {"hotel_name": "\u9752\u5c9b\u665f\u5bd3\u65f6\u5149\u516c\u5bd3(\u539f\u4f17\u5bd3\u65f6\u4ee3\u5149\u516c\u5bd3)", "order_time": ["2019-01-25 07:50:33"], "total_order": 1, "hotel_value": ["4.6"], "hotel_price": ["130"]}, "8901400": {"hotel_name": "\u6c49\u5ead\u9152\u5e97(\u9752\u5c9b\u6808\u6865\u706b\u8f66\u7ad9\u5e97)", "order_time": ["2019-01-25 07:50:33"], "total_order": 1, "hotel_value": ["4.5"], "hotel_price": ["117"]}, "701002": {"hotel_name": "\u4eac\u82d1\u8fde\u9501\u4e3b\u9898\u9152\u5e97(\u9752\u5c9b\u4e07\u8c61\u57ce\u5e97)", "order_time": ["2019-01-25 07:50:37"], "total_order": 1, "hotel_value": ["4.0"], "hotel_price": ["73"]}, "1252699": {"hotel_name": "\u9752\u5c9b\u534e\u8f69\u5bbe\u9986", "order_time": ["2019-01-25 07:50:37"], "total_order": 1, "hotel_value": ["4.3"], "hotel_price": ["70"]}, "1348429": {"hotel_name": "\u5c1a\u5ba2\u4f18\u5feb\u6377\u9152\u5e97\uff08\u9752\u5c9b\u6808\u6865\u706b\u8f66\u7ad9\u5e97\uff09", "order_time": ["2019-01-25 07:50:37"], "total_order": 1, "hotel_value": ["3.8"], "hotel_price": ["58"]}, "2376794": {"hotel_name": "\u9752\u5c9b\u84dd\u4ead\u5ba2\u6808", "order_time": ["2019-01-25 07:50:37"], "total_order": 1, "hotel_value": ["4.0"], "hotel_price": ["53"]}, "1971059": {"hotel_name": "\u9752\u5c9b\u91d1\u6c99\u6ee9\u89c2\u6d77\u5ea6\u5047\u516c\u5bd3", "order_time": ["2019-01-25 07:50:37"], "total_order": 1, "hotel_value": ["4.9"], "hotel_price": ["113"]}, "6800036": {"hotel_name": "\u9752\u5c9b\u5e78\u798f\u9a7f\u7ad9\u5bbe\u9986\u676d\u5dde\u8def\u5e97", "order_time": ["2019-01-25 07:50:37"], "total_order": 1, "hotel_value": ["4.3"], "hotel_price": ["61"]}, "1692911": {"hotel_name": "\u9752\u5c9b\u6808\u6865\u6d69\u6d77\u84dd\u5ead\u89c2\u6d77\u65e5\u79df\u623f(\u539f\u6d69\u6d77\u84dd\u5ead\u89c2\u6d77\u516c\u5bd3)", "order_time": ["2019-01-25 07:50:37"], "total_order": 1, "hotel_value": ["4.8"], "hotel_price": ["43"]}, "1717860": {"hotel_name": "\u90fd\u5e02118(\u9752\u5c9b\u706b\u8f66\u7ad9\u5288\u67f4\u9662\u5e97)(\u539f\u5fae\u7b11\u5982\u5bb6\u5546\u52a1\u9152\u5e97\u9752\u5c9b\u4e2d\u5c71\u8def\u5e97)", "order_time": ["2019-01-25 07:50:38"], "total_order": 1, "hotel_value": ["4.8"], "hotel_price": ["53"]}, "5565951": {"hotel_name": "\u4eb2\u6d77\u5047\u65e5\u5ea6\u5047\u516c\u5bd3(\u9752\u5c9b\u90a3\u9c81\u6e7e\u5e97)", "order_time": ["2019-01-25 07:50:45"], "total_order": 1, "hotel_value": ["3.8"], "hotel_price": ["93"]}, "2309879": {"hotel_name": "\u9752\u5c9b\u6211\u53bb\u9752\u5e74\u65c5\u820d", "order_time": ["2019-01-25 07:50:45"], "total_order": 1, "hotel_value": ["4.3"], "hotel_price": ["22"]}, "4331152": {"hotel_name": "\u9752\u5c9b\u4e9a\u70ed\u98ce\u60c5\u5546\u52a1\u5bbe\u9986", "order_time": ["2019-01-25 07:50:45"], "total_order": 1, "hotel_value": ["4.0"], "hotel_price": ["81"]}, "1692275": {"hotel_name": "\u9752\u5c9b\u9ea6\u5b50\u9752\u5e74\u65c5\u793e", "order_time": ["2019-01-25 07:50:45"], "total_order": 1, "hotel_value": ["4.5"], "hotel_price": ["62"]}, "371190": {"hotel_name": "\u9752\u5c9b\u9999\u683c\u91cc\u62c9\u5927\u9152\u5e97", "order_time": ["2019-01-25 07:52:24"], "total_order": 1, "hotel_value": ["4.7"], "hotel_price": ["689"]}, "700260": {"hotel_name": "\u9752\u5c9b\u9038\u4e91\u7cbe\u54c1\u9152\u5e97", "order_time": ["2019-01-25 07:52:24"], "total_order": 1, "hotel_value": ["4.5"], "hotel_price": ["143"]}, "1306753": {"hotel_name": "\u9752\u5c9b\u51ef\u83b1\u5546\u52a1\u9152\u5e97", "order_time": ["2019-01-25 07:52:29", "2019-01-25 08:00:25"], "total_order": 2, "hotel_value": ["4.2", "4.2"], "hotel_price": ["154", "154"]}, "10118500": {"hotel_name": "\u90fd\u5e02118\u7cbe\u9009\u9152\u5e97(\u9752\u5c9b\u5bb6\u4f73\u6e90\u4e00\u54c1\u51a0\u5e97)", "order_time": ["2019-01-25 07:54:24"], "total_order": 1, "hotel_value": ["4.6"], "hotel_price": ["124"]}, "1048386": {"hotel_name": "\u6854\u5b50\u9152\u5e97\u00b7\u7cbe\u9009(\u9752\u5c9b\u5965\u5e06\u4e2d\u5fc3\u5e97)(\u539f\u4e94\u56db\u5e7f\u573a\u5e97)", "order_time": ["2019-01-25 07:54:30"], "total_order": 1, "hotel_value": ["4.8"], "hotel_price": ["284"]}, "2308468": {"hotel_name": "\u9752\u5c9b\u9752\u5e1d\u82d1\u5feb\u6377\u9152\u5e97", "order_time": ["2019-01-25 07:54:34"], "total_order": 1, "hotel_value": ["3.8"], "hotel_price": ["81"]}, "427997": {"hotel_name": "\u5982\u5bb6\u5feb\u6377\u9152\u5e97(\u9752\u5c9b\u57ce\u9633\u6b63\u9633\u4e2d\u8def\u5e97)", "order_time": ["2019-01-25 07:56:24"], "total_order": 1, "hotel_value": ["4.4"], "hotel_price": ["140"]}, "2313561": {"hotel_name": "\u6021\u83b1\u9152\u5e97(\u9752\u5c9b\u4e2d\u5c71\u8def\u5929\u4e3b\u6559\u5802\u5e97)", "order_time": ["2019-01-25 07:56:36"], "total_order": 1, "hotel_value": ["3.8"], "hotel_price": ["56"]}, "438731": {"hotel_name": "\u4e2d\u822a\u7fd4\u901a\u6e38\u8247\u4f1a\u9152\u5e97(\u9752\u5c9b\u5965\u5e06\u4e2d\u5fc3\u4e94\u56db\u5e7f\u573a\u5e97)", "order_time": ["2019-01-25 07:58:21"], "total_order": 1, "hotel_value": ["4.8"], "hotel_price": ["376"]}, "1734724": {"hotel_name": "\u9752\u5c9b\u56fd\u4fe1\u4e1c\u65b9\u4e4b\u661f\u9152\u5e97", "order_time": ["2019-01-25 07:58:22"], "total_order": 1, "hotel_value": ["4.7"], "hotel_price": ["158"]}, "2237125": {"hotel_name": "\u5982\u5bb6\u5feb\u6377\u9152\u5e97(\u9752\u5c9b\u9ec4\u5c9b\u80f6\u5357\u6d77\u6c34\u6d74\u573a\u5e97)", "order_time": ["2019-01-25 07:58:23"], "total_order": 1, "hotel_value": ["4.6"], "hotel_price": ["111"]}, "1362121": {"hotel_name": "\u90fd\u5e02118(\u9752\u5c9b\u6b63\u9633\u8def\u5229\u7fa4\u5e97)", "order_time": ["2019-01-25 08:00:24", "2019-01-25 08:42:20"], "total_order": 2, "hotel_value": ["4.4", "4.4"], "hotel_price": ["95", "95"]}, "2624847": {"hotel_name": "\u9752\u5c9b\u83ab\u4e3d\u00b7\u7cbe\u9009\u9152\u5e97", "order_time": ["2019-01-25 08:02:23"], "total_order": 1, "hotel_value": ["4.5"], "hotel_price": ["216"]}, "1971343": {"hotel_name": "\u9752\u5c9b\u76db\u6cf0\u5fb7\u9152\u5e97", "order_time": ["2019-01-25 08:02:24"], "total_order": 1, "hotel_value": ["4.2"], "hotel_price": ["114"]}, "29422587": {"hotel_name": "\u9752\u5c9b\u65b0\u96e8\u4ead\u65f6\u5c1a\u516c\u5bd3", "order_time": ["2019-01-25 08:02:27"], "total_order": 1, "hotel_value": [0], "hotel_price": ["93"]}, "2306564": {"hotel_name": "\u683c\u6797\u8c6a\u6cf0(\u80f6\u5dde\u4e09\u91cc\u6cb3\u516c\u56ed\u5e97)", "order_time": ["2019-01-25 08:02:45"], "total_order": 1, "hotel_value": ["4.0"], "hotel_price": ["118"]}, "16081635": {"hotel_name": "\u9752\u5c9b\u5e0c\u671b\u4f60\u559c\u6b22\u6d77\u666f\u516c\u5bd3", "order_time": ["2019-01-25 08:04:20"], "total_order": 1, "hotel_value": ["4.6"], "hotel_price": ["138"]}, "25270439": {"hotel_name": "\u9752\u5c9b\u673a\u573a\u4e16\u7eaa\u516c\u56ed\u4e9a\u6735\u9152\u5e97", "order_time": ["2019-01-25 08:04:20"], "total_order": 1, "hotel_value": ["4.9"], "hotel_price": ["310"]}, "18515525": {"hotel_name": "\u534a\u5c9b\u56fd\u9645\u9152\u5e97(\u9752\u5c9b\u674e\u6751\u5730\u94c1\u7ad9\u5e97)", "order_time": ["2019-01-25 08:04:20"], "total_order": 1, "hotel_value": ["4.5"], "hotel_price": ["222"]}, "1645358": {"hotel_name": "\u81ea\u7531\u884c\u9752\u5e74\u65c5\u793e(\u9752\u5c9b\u6808\u6865\u706b\u8f66\u7ad9\u5e97)", "order_time": ["2019-01-25 08:04:29"], "total_order": 1, "hotel_value": ["4.6"], "hotel_price": ["15"]}, "1411665": {"hotel_name": "\u6377\u5229\u83b1\u5546\u52a1\u5bbe\u9986(\u9752\u5c9b\u674e\u6ca7\u6d77\u5c14\u5de5\u4e1a\u56ed\u5e97)", "order_time": ["2019-01-25 08:06:23"], "total_order": 1, "hotel_value": ["4.3"], "hotel_price": ["65"]}, "8576086": {"hotel_name": "\u5c1a\u5ba2\u4f18\u54c1\u9152\u5e97(\u9752\u5c9bLIPPO\u516c\u793e\u77f3\u6cb9\u5927\u5b66\u5e97)(\u539fLIPPO\u516c\u793e\u7cbe\u54c1\u516c\u5bd3)", "order_time": ["2019-01-25 08:06:24"], "total_order": 1, "hotel_value": ["4.8"], "hotel_price": ["105"]}, "2239028": {"hotel_name": "\u9752\u5c9b\u7559\u9999\u4ead\u5bbe\u9986", "order_time": ["2019-01-25 08:06:27"], "total_order": 1, "hotel_value": ["4.0"], "hotel_price": ["58"]}, "772111": {"hotel_name": "\u9752\u5c9b\u5a01\u65af\u6c40\u9152\u5e97", "order_time": ["2019-01-25 08:06:52", "2019-01-25 08:18:42"], "total_order": 2, "hotel_value": ["4.6", "4.6"], "hotel_price": ["641", "641"]}, "5074736": {"hotel_name": "\u5e73\u5ea6\u6cf0\u7545\u5546\u52a1\u5bbe\u9986", "order_time": ["2019-01-25 08:06:52"], "total_order": 1, "hotel_value": ["4.4"], "hotel_price": ["93"]}, "2239071": {"hotel_name": "\u5373\u58a8\u7687\u671d\u5bbe\u9986", "order_time": ["2019-01-25 08:08:21"], "total_order": 1, "hotel_value": ["4.5"], "hotel_price": ["105"]}, "21807735": {"hotel_name": "\u5f71\u5de2\u7535\u5f71\u9152\u5e97(\u9752\u5c9b\u56db\u680b\u4e5d\u4e8c\u96f6\u5e97)", "order_time": ["2019-01-25 08:08:21", "2019-01-25 08:38:20"], "total_order": 2, "hotel_value": ["4.8", "4.8"], "hotel_price": ["174", "174"]}, "385108": {"hotel_name": "\u9752\u5c9b\u6d77\u5c14\u6d32\u9645\u9152\u5e97", "order_time": ["2019-01-25 08:08:22"], "total_order": 1, "hotel_value": ["4.6"], "hotel_price": ["698"]}, "19828310": {"hotel_name": "\u62dc\u767b\u516c\u5bd3\u00b7\u9752\u5c9b\u57ce\u9633\u6b63\u9633\u8def\u5e97", "order_time": ["2019-01-25 08:08:23"], "total_order": 1, "hotel_value": ["4.7"], "hotel_price": ["111"]}, "427999": {"hotel_name": "\u5982\u5bb6\u7cbe\u9009\u9152\u5e97(\u9752\u5c9b\u516b\u5927\u5173\u592a\u5e73\u89d2\u516c\u56ed\u5730\u94c1\u7ad9\u5e97)", "order_time": ["2019-01-25 08:08:23"], "total_order": 1, "hotel_value": ["4.7"], "hotel_price": ["179"]}, "16127878": {"hotel_name": "\u9752\u5c9b\u73e0\u5c71\u5927\u996d\u5e97", "order_time": ["2019-01-25 08:08:23"], "total_order": 1, "hotel_value": ["4.7"], "hotel_price": ["323"]}, "6273850": {"hotel_name": "\u7eff\u5cf0\u96c5\u9601\u5ea6\u5047\u516c\u5bd3(\u9752\u5c9b\u4e94\u56db\u5e7f\u573a\u4e07\u8c61\u57ce\u5e97)", "order_time": ["2019-01-25 08:08:23"], "total_order": 1, "hotel_value": ["4.8"], "hotel_price": ["236"]}, "371188": {"hotel_name": "\u9752\u5c9b\u9890\u4e2d\u7687\u51a0\u5047\u65e5\u9152\u5e97", "order_time": ["2019-01-25 08:10:22"], "total_order": 1, "hotel_value": ["4.5"], "hotel_price": ["557"]}, "2083988": {"hotel_name": "\u5e03\u4e01\u9152\u5e97(\u9752\u5c9b\u706b\u8f66\u7ad9\u5288\u67f4\u9662\u5e97)", "order_time": ["2019-01-25 08:10:23"], "total_order": 1, "hotel_value": ["4.5"], "hotel_price": ["59"]}, "1613449": {"hotel_name": "\u591a\u7ef4\u7a7a\u95f4\u7cbe\u54c1\u9152\u5e97(\u9752\u5c9b\u674e\u6751\u6b65\u884c\u8857\u5e97)", "order_time": ["2019-01-25 08:10:25"], "total_order": 1, "hotel_value": ["4.4"], "hotel_price": ["124"]}, "1388606": {"hotel_name": "\u5c1a\u5ba2\u4f18\u5feb\u6377\u9152\u5e97(\u83b1\u897f\u5357\u4eac\u8def\u5e97)", "order_time": ["2019-01-25 08:10:46"], "total_order": 1, "hotel_value": ["4.3"], "hotel_price": ["87"]}, "1502061": {"hotel_name": "\u5982\u5bb6\u5feb\u6377\u9152\u5e97(\u9752\u5c9b\u674e\u6ca7\u5cf0\u5c71\u8def\u6b65\u884c\u8857\u5e97)", "order_time": ["2019-01-25 08:12:21"], "total_order": 1, "hotel_value": ["4.6"], "hotel_price": ["99"]}, "1730402": {"hotel_name": "\u62dc\u767b\u516c\u5bd3\u00b7\u9752\u5c9b\u4e95\u5188\u5c71\u8def\u5e97", "order_time": ["2019-01-25 08:12:21"], "total_order": 1, "hotel_value": ["4.7"], "hotel_price": ["104"]}, "9736221": {"hotel_name": "\u9752\u5c9b\u5b9c\u5bb6\u5546\u52a1\u9152\u5e97(\u539f\u6b27\u98de\u8fde\u9501\u9152\u5e97)", "order_time": ["2019-01-25 08:12:22"], "total_order": 1, "hotel_value": ["4.6"], "hotel_price": ["73"]}, "28528994": {"hotel_name": "\u9752\u5c9b\u6591\u9a6c\u7cbe\u4eab\u9152\u5e97", "order_time": ["2019-01-25 08:14:20"], "total_order": 1, "hotel_value": ["4.9"], "hotel_price": ["125"]}, "3745735": {"hotel_name": "\u9752\u5c9b\u83f2\u6797\u6052\u797a\u9152\u5e97", "order_time": ["2019-01-25 08:14:22"], "total_order": 1, "hotel_value": ["4.4"], "hotel_price": ["270"]}, "9151696": {"hotel_name": "\u4e50\u5bb6\u8f69\u4e34\u6d77\u5ea6\u5047\u516c\u5bd3(\u9752\u5c9b\u91d1\u6c99\u6ee9\u5929\u9e93\u6e56\u5e97)", "order_time": ["2019-01-25 08:14:24"], "total_order": 1, "hotel_value": ["4.7"], "hotel_price": ["134"]}, "22775081": {"hotel_name": "\u9752\u5c9b\u7ea2\u5c9b\u5047\u65e5\u516c\u5bd3", "order_time": ["2019-01-25 08:14:25"], "total_order": 1, "hotel_value": ["4.7"], "hotel_price": ["99"]}, "24762024": {"hotel_name": "\u5e73\u5ea6\u82b1\u79be\u7f8e\u57ce\u9645\u9152\u5e97", "order_time": ["2019-01-25 08:14:49"], "total_order": 1, "hotel_value": ["4.8"], "hotel_price": ["111"]}, "26555980": {"hotel_name": "\u9752\u5c9b\u897f\u6d77\u5cb8\u5a01\u65af\u6c40\u9152\u5e97", "order_time": ["2019-01-25 08:16:23"], "total_order": 1, "hotel_value": [0], "hotel_price": ["458"]}, "428592": {"hotel_name": "\u9752\u5c9b\u9c81\u5546\u51ef\u60a6\u9152\u5e97", "order_time": ["2019-01-25 08:16:24"], "total_order": 1, "hotel_value": ["4.6"], "hotel_price": ["748"]}, "430544": {"hotel_name": "\u9752\u5c9b\u5feb\u901a\u56fd\u9645\u9152\u5e97", "order_time": ["2019-01-25 08:16:24"], "total_order": 1, "hotel_value": ["4.4"], "hotel_price": ["313"]}, "443360": {"hotel_name": "\u5e73\u5ea6\u90fd\u5e02\u661f\u8054\u5927\u9152\u5e97", "order_time": ["2019-01-25 08:16:51"], "total_order": 1, "hotel_value": ["4.5"], "hotel_price": ["122"]}, "6825957": {"hotel_name": "\u9752\u5c9b\u7ef4\u591a\u5229\u4e9a\u54c1\u5982\u5bb6\u56ed\u9152\u5e97\u5f0f\u516c\u5bd3", "order_time": ["2019-01-25 08:18:21"], "total_order": 1, "hotel_value": ["4.5"], "hotel_price": ["97"]}, "2087214": {"hotel_name": "\u5e03\u4e01\u9152\u5e97(\u9752\u5c9b\u706b\u8f66\u7ad9\u6808\u6865\u5e97)", "order_time": ["2019-01-25 08:18:21"], "total_order": 1, "hotel_value": ["4.0"], "hotel_price": ["53"]}, "4738805": {"hotel_name": "\u9752\u5c9b\u7231\u5c0a\u5ba2\u8fde\u9501\u9152\u5e97(\u8fbd\u6e90\u8def\u5e97)", "order_time": ["2019-01-25 08:18:21"], "total_order": 1, "hotel_value": ["4.4"], "hotel_price": ["94"]}, "1103293": {"hotel_name": "\u6c49\u5ead\u9152\u5e97(\u9752\u5c9b\u6b63\u9633\u8def\u5229\u7fa4\u5e97)", "order_time": ["2019-01-25 08:18:22"], "total_order": 1, "hotel_value": ["4.3"], "hotel_price": ["123"]}, "2301689": {"hotel_name": "\u5c1a\u5ba2\u4f18\u5feb\u6377\u9152\u5e97(\u9752\u5c9b\u5f00\u53d1\u533a\u9ec4\u6cb3\u4e2d\u8def\u5e97)", "order_time": ["2019-01-25 08:18:22"], "total_order": 1, "hotel_value": ["3.1"], "hotel_price": ["90"]}, "2639907": {"hotel_name": "\u80f6\u5dde\u5317\u4eac\u5c45\u5bb6\u98ce\u5c1a\u9152\u5e97", "order_time": ["2019-01-25 08:18:42"], "total_order": 1, "hotel_value": ["4.6"], "hotel_price": ["78"]}, "1483933": {"hotel_name": "\u9752\u5c9b\u534e\u97e9\u5927\u9152\u5e97", "order_time": ["2019-01-25 08:18:42"], "total_order": 1, "hotel_value": ["4.0"], "hotel_price": ["242"]}, "18034506": {"hotel_name": "\u6c49\u5510\u9152\u5e97(\u9752\u5c9b\u6d41\u4ead\u673a\u573a\u5e97)", "order_time": ["2019-01-25 08:20:22"], "total_order": 1, "hotel_value": ["4.8"], "hotel_price": ["217"]}, "8417192": {"hotel_name": "\u9752\u5c9b\u82b1\u6735\u5feb\u6377\u9152\u5e97", "order_time": ["2019-01-25 08:20:22"], "total_order": 1, "hotel_value": ["4.4"], "hotel_price": ["114"]}, "430840": {"hotel_name": "\u9752\u5c9b\u4e3d\u6676\u5927\u9152\u5e97", "order_time": ["2019-01-25 08:20:22"], "total_order": 1, "hotel_value": ["4.5"], "hotel_price": ["487"]}, "447276": {"hotel_name": "\u9752\u5c9b\u6808\u6865\u738b\u5b50\u996d\u5e97", "order_time": ["2019-01-25 08:20:23"], "total_order": 1, "hotel_value": ["4.4"], "hotel_price": ["135"]}, "762421": {"hotel_name": "\u9752\u5c9b\u534e\u5e1d\u99a8\u82d1\u5546\u52a1\u9152\u5e97", "order_time": ["2019-01-25 08:20:24"], "total_order": 1, "hotel_value": ["4.6"], "hotel_price": ["124"]}, "2299113": {"hotel_name": "\u9752\u5c9b\u6167\u5609\u5546\u52a1\u9152\u5e97", "order_time": ["2019-01-25 08:20:24"], "total_order": 1, "hotel_value": ["4.0"], "hotel_price": ["124"]}, "8924494": {"hotel_name": "\u6c83\u5fb7\u9152\u5e97\u516c\u5bd3(\u9752\u5c9b\u56fd\u4fe1\u4f1a\u5c55\u4e2d\u5fc3\u5e97)", "order_time": ["2019-01-25 08:22:22"], "total_order": 1, "hotel_value": ["4.7"], "hotel_price": ["187"]}, "654770": {"hotel_name": "\u9752\u5c9b\u4e3d\u5929\u5927\u9152\u5e97", "order_time": ["2019-01-25 08:22:23"], "total_order": 1, "hotel_value": ["4.8"], "hotel_price": ["322"]}, "1535421": {"hotel_name": "\u5e73\u5ea6\u6613\u4f70\u826f\u54c1\u9152\u5e97(\u539f\u5e73\u5ea6\u683c\u745e\u7279\u5546\u52a1\u5bbe\u9986)", "order_time": ["2019-01-25 08:22:38"], "total_order": 1, "hotel_value": ["4.0"], "hotel_price": ["84"]}, "7731875": {"hotel_name": "\u90fd\u5e02\u82b1\u56ed\u9152\u5e97\u80f6\u5dde\u68a7\u5dde\u8def\u5e97", "order_time": ["2019-01-25 08:26:41"], "total_order": 1, "hotel_value": ["4.7"], "hotel_price": ["123"]}, "8327511": {"hotel_name": "\u9752\u5c9b\u90fd\u5e02118\u7cbe\u9009\u9152\u5e97\u5373\u58a8\u670d\u88c5\u57ce\u5e97", "order_time": ["2019-01-25 08:28:21"], "total_order": 1, "hotel_value": ["4.6"], "hotel_price": ["102"]}, "467216": {"hotel_name": "\u9752\u5c9b\u6d77\u666f\u82b1\u56ed\u5927\u9152\u5e97", "order_time": ["2019-01-25 08:28:21"], "total_order": 1, "hotel_value": ["4.8"], "hotel_price": ["621"]}, "5894597": {"hotel_name": "\u9752\u5c9b\u7ea2\u6811\u6797\u5ea6\u5047\u4e16\u754c(\u73ca\u745a\u9152\u5e97)", "order_time": ["2019-01-25 08:28:21"], "total_order": 1, "hotel_value": ["4.4"], "hotel_price": ["410"]}, "2299218": {"hotel_name": "\u5168\u5b63\u9152\u5e97(\u9752\u5c9b\u5c71\u4e1c\u8def\u4e07\u8fbe\u5e7f\u573a\u5e97)", "order_time": ["2019-01-25 08:28:22"], "total_order": 1, "hotel_value": ["4.6"], "hotel_price": ["313"]}, "1734527": {"hotel_name": "\u9752\u5c9b\u7d2b\u8346\u82d1\u5bbe\u9986", "order_time": ["2019-01-25 08:28:22"], "total_order": 1, "hotel_value": ["4.6"], "hotel_price": ["353"]}, "450923": {"hotel_name": "\u9752\u5c9b\u4e16\u7eaa\u6d77\u4e30\u5927\u9152\u5e97", "order_time": ["2019-01-25 08:28:22"], "total_order": 1, "hotel_value": ["4.7"], "hotel_price": ["256"]}, "1503675": {"hotel_name": "\u5982\u5bb6\u5feb\u6377\u9152\u5e97\uff08\u9752\u5c9b\u5f00\u53d1\u533a\u957f\u6c5f\u4e2d\u8def\u91d1\u6c99\u6ee9\u6d77\u6c34\u6d74\u573a\u5e97\uff09", "order_time": ["2019-01-25 08:30:21"], "total_order": 1, "hotel_value": ["4.3"], "hotel_price": ["109"]}, "2935119": {"hotel_name": "\u5609\u5fb7\u591c\u8272\u827a\u672f\u4e3b\u9898\u9152\u5e97(\u9752\u5c9b\u674e\u6751\u5730\u94c1\u6b65\u884c\u8857\u706b\u8f66\u5317\u7ad9\u5e97)", "order_time": ["2019-01-25 08:32:21"], "total_order": 1, "hotel_value": ["4.6"], "hotel_price": ["84"]}, "1725945": {"hotel_name": "\u9752\u5c9b\u7acb\u80dc\u6b23\u5927\u9152\u5e97", "order_time": ["2019-01-25 08:32:22"], "total_order": 1, "hotel_value": ["4.8"], "hotel_price": ["119"]}, "5247964": {"hotel_name": "\u5c1a\u5ba2\u4f18\u5feb\u6377\u9152\u5e97(\u9752\u5c9b\u5f00\u53d1\u533a\u5bb6\u4f73\u6e90\u5e97)", "order_time": ["2019-01-25 08:34:23"], "total_order": 1, "hotel_value": ["3.9"], "hotel_price": ["74"]}, "8720490": {"hotel_name": "\u9752\u5c9b\u534e\u5947\u51ef\u5e1d\u9152\u5e97", "order_time": ["2019-01-25 08:34:23"], "total_order": 1, "hotel_value": ["4.4"], "hotel_price": ["125"]}, "2063983": {"hotel_name": "\u9752\u5c9b\u76f8\u89c1\u540d\u5bbf", "order_time": ["2019-01-25 08:34:26"], "total_order": 1, "hotel_value": [0], "hotel_price": ["58"]}, "2101673": {"hotel_name": "\u9752\u5c9b\u53f0\u4e1c\u5927\u9152\u5e97", "order_time": ["2019-01-25 08:36:21"], "total_order": 1, "hotel_value": ["4.3"], "hotel_price": ["70"]}, "6508376": {"hotel_name": "\u6155\u820d\u00b7\u8d1d\u683c\u9152\u5e97\u516c\u5bd3(\u9752\u5c9b\u4e07\u8c61\u57ce\u5965\u5e06\u4e94\u56db\u5e7f\u573a\u5e97)", "order_time": ["2019-01-25 08:36:21"], "total_order": 1, "hotel_value": ["4.9"], "hotel_price": ["408"]}, "1373267": {"hotel_name": "\u5982\u5bb6\u5feb\u6377\u9152\u5e97(\u9752\u5c9b\u674e\u6751\u5730\u94c1\u7ad9\u6b65\u884c\u8857\u5e97)", "order_time": ["2019-01-25 08:36:22"], "total_order": 1, "hotel_value": ["4.6"], "hotel_price": ["151"]}, "8575831": {"hotel_name": "\u5c1a\u5ba2\u4f18\u7cbe\u9009\u9152\u5e97(\u9752\u5c9b\u57ce\u9633\u5229\u7fa4\u5e97)", "order_time": ["2019-01-25 08:38:20"], "total_order": 1, "hotel_value": ["4.7"], "hotel_price": ["154"]}, "712009": {"hotel_name": "\u9752\u5c9b\u7231\u5bb6\u5ba2\u6d77\u666f\u65e5\u79df\u623f", "order_time": ["2019-01-25 08:38:21"], "total_order": 1, "hotel_value": ["4.7"], "hotel_price": ["29"]}, "780008": {"hotel_name": "\u7b51\u7f8e\u5370\u8c61\u9152\u5e97\u516c\u5bd3(\u9752\u5c9b\u4e94\u56db\u5e7f\u573a\u9999\u6e2f\u4e2d\u8def\u5e97)", "order_time": ["2019-01-25 08:38:21"], "total_order": 1, "hotel_value": ["4.5"], "hotel_price": ["113"]}, "780397": {"hotel_name": "\u9752\u5c9b\u5cb8\u7434\u5fa1\u516c\u9986", "order_time": ["2019-01-25 08:38:24"], "total_order": 1, "hotel_value": ["4.2"], "hotel_price": ["335"]}, "2147568": {"hotel_name": "\u83b1\u897f\u534e\u73ba\u5927\u9152\u5e97", "order_time": ["2019-01-25 08:40:33"], "total_order": 1, "hotel_value": ["4.7"], "hotel_price": ["449"]}, "1051740": {"hotel_name": "\u9752\u5c9b\u5927\u5b66\u56fd\u9645\u5b66\u672f\u4ea4\u6d41\u4e2d\u5fc3", "order_time": ["2019-01-25 08:42:20"], "total_order": 1, "hotel_value": ["4.0"], "hotel_price": ["268"]}, "8415426": {"hotel_name": "\u56db\u5b63\u7cbe\u9009\u9152\u5e97(\u9752\u5c9b\u6d41\u4ead\u673a\u573a\u5e97)", "order_time": ["2019-01-25 08:42:20"], "total_order": 1, "hotel_value": ["4.6"], "hotel_price": ["217"]}, "24608663": {"hotel_name": "\u9752\u5c9b\u4ece\u90a3\u4ee5\u540e\u9752\u5e74\u65c5\u793e", "order_time": ["2019-01-25 08:42:24"], "total_order": 1, "hotel_value": ["5.0"], "hotel_price": ["29"]}, "1070435": {"hotel_name": "\u5982\u5bb6\u5feb\u6377\u9152\u5e97(\u9752\u5c9b\u6808\u6865\u706b\u8f66\u7ad9\u4e1c\u5e7f\u573a\u5e97)", "order_time": ["2019-01-25 08:46:25"], "total_order": 1, "hotel_value": ["4.5"], "hotel_price": ["92"]}, "1911247": {"hotel_name": "\u5982\u5bb6\u5feb\u6377\u9152\u5e97(\u9752\u5c9b\u4e94\u56db\u5e7f\u573a\u5965\u5e06\u4e2d\u5fc3\u5e97)(\u539f\u5965\u5e06\u4e2d\u5fc3\u6d77\u4fe1\u5e7f\u573a\u5e97)", "order_time": ["2019-01-25 08:46:25"], "total_order": 1, "hotel_value": ["4.3"], "hotel_price": ["99"]}}}