{"\u5f00\u59cb\u8bb0\u5f55\u65f6\u95f4": "2019-01-12 18:41:09", "\u7ed3\u675f\u8bb0\u5f55\u65f6\u95f4": "2019-01-12 19:46:17", "\u8ba2\u5355\u603b\u589e\u91cf": 285, "item": {"7859115": {"hotel_name": "\u66e6\u9014\u00b7\u672a\u6765\u667a\u80fd\u5ea6\u5047\u516c\u5bd3(\u9752\u5c9b\u5965\u5e06\u4e94\u56db\u5e7f\u573a\u4e07\u8c61\u57ce\u5e97)", "order_time": ["2019-01-12 18:44:03"], "total_order": 1, "hotel_value": ["4.8"], "hotel_price": ["222"]}, "2245054": {"hotel_name": "\u9752\u5c9b\u5357\u5c71\u7f8e\u7235\u5ea6\u5047\u9152\u5e97", "order_time": ["2019-01-12 18:44:03"], "total_order": 1, "hotel_value": ["4.5"], "hotel_price": ["455"]}, "1316389": {"hotel_name": "\u6c49\u5ead\u9152\u5e97\uff08\u9752\u5c9b\u91cd\u5e86\u5357\u8def\u65b0\u90fd\u5fc3\u5e97\uff09\uff08\u539f\u91cd\u5e86\u5357\u8def\u5e97\uff09", "order_time": ["2019-01-12 18:44:06"], "total_order": 1, "hotel_value": ["4.4"], "hotel_price": ["161"]}, "1934416": {"hotel_name": "\u6df1\u84dd\u5047\u65e5\u5ea6\u5047\u5f0f\u516c\u5bd3(\u9752\u5c9b\u5927\u62c7\u6307\u5e7f\u573a\u5e97)", "order_time": ["2019-01-12 18:57:13", "2019-01-12 18:44:06"], "total_order": 2, "hotel_value": ["4.4", "4.4"], "hotel_price": ["162", "162"]}, "2509075": {"hotel_name": "\u5c1a\u5ba2\u4f18\u9a8f\u6021\u8fde\u9501\u9152\u5e97(\u9752\u5c9b\u519c\u4e1a\u5927\u5b66\u5e97)", "order_time": ["2019-01-12 18:44:07"], "total_order": 1, "hotel_value": ["3.7"], "hotel_price": ["80"]}, "23476363": {"hotel_name": "\u90fd\u5e02118\u8fde\u9501\u9152\u5e97(\u9752\u5c9b\u5e7f\u7535\u5927\u53a6\u5e97)", "order_time": ["2019-01-12 18:44:08"], "total_order": 1, "hotel_value": ["4.6"], "hotel_price": ["122"]}, "2226776": {"hotel_name": "\u9752\u5c9b\u827e\u83b1\u5ba2\u5bbe\u9986", "order_time": ["2019-01-12 18:44:08"], "total_order": 1, "hotel_value": ["4.5"], "hotel_price": ["68"]}, "2301080": {"hotel_name": "\u7231\u5c0a\u5ba2\u9152\u5e97(\u9752\u5c9b\u94f6\u5ddd\u8def\u5e97)", "order_time": ["2019-01-12 18:44:09"], "total_order": 1, "hotel_value": ["4.6"], "hotel_price": ["125"]}, "4068819": {"hotel_name": "\u90fd\u5e02118(\u9752\u5c9b\u4f1a\u5c55\u4e2d\u5fc3\u6d77\u5c14\u8def\u5e97)(\u539f\u5d02\u5c71\u9ad8\u79d1\u56ed\u5e97)", "order_time": ["2019-01-12 18:44:10"], "total_order": 1, "hotel_value": ["4.2"], "hotel_price": ["86"]}, "5463838": {"hotel_name": "\u9752\u5c9b\u7761\u673a\u573a\u9152\u5e97", "order_time": ["2019-01-12 18:59:32", "2019-01-12 19:44:40", "2019-01-12 18:44:10"], "total_order": 3, "hotel_value": ["4.3", "4.3", "4.3"], "hotel_price": ["187", "187", "209"]}, "25270439": {"hotel_name": "\u9752\u5c9b\u673a\u573a\u4e16\u7eaa\u516c\u56ed\u4e9a\u6735\u9152\u5e97", "order_time": ["2019-01-12 18:44:10"], "total_order": 1, "hotel_value": ["4.9"], "hotel_price": ["279"]}, "5999421": {"hotel_name": "\u7a7a\u94c1\u5047\u65e5\u9152\u5e97\u516c\u5bd3(\u9752\u5c9b\u673a\u573a\u5e97)", "order_time": ["2019-01-12 18:44:10"], "total_order": 1, "hotel_value": ["4.6"], "hotel_price": ["193"]}, "13180834": {"hotel_name": "\u5c1a\u5ba2\u4f18\u7cbe\u9009\u9152\u5e97(\u9752\u5c9b\u4e16\u7eaa\u516c\u56ed\u6d41\u4ead\u673a\u573a\u5e97)(\u539f\u57ce\u9633\u4e16\u7eaa\u516c\u56ed\u5e97)", "order_time": ["2019-01-12 18:44:18"], "total_order": 1, "hotel_value": ["4.8"], "hotel_price": ["178"]}, "5930359": {"hotel_name": "\u9752\u5c9b\u91d1\u77f3\u56fd\u9645\u5927\u9152\u5e97", "order_time": ["2019-01-12 18:45:09"], "total_order": 1, "hotel_value": ["4.8"], "hotel_price": ["386"]}, "2139868": {"hotel_name": "7\u5929\u8fde\u9501\u9152\u5e97(\u9752\u5c9b\u5c71\u4e1c\u8def\u4e2d\u592e\u5546\u52a1\u533a\u5e97)", "order_time": ["2019-01-12 18:46:11"], "total_order": 1, "hotel_value": ["3.9"], "hotel_price": ["70"]}, "6838355": {"hotel_name": "\u5170\u6b27\u9152\u5e97(\u9752\u5c9b\u4e94\u56db\u5e7f\u573a\u5e97)(\u539f\u65b0\u4e1c\u5927\u9152\u5e97)", "order_time": ["2019-01-12 18:46:11"], "total_order": 1, "hotel_value": [0], "hotel_price": ["282"]}, "5930261": {"hotel_name": "\u9752\u5c9b\u9ec4\u5c9b\u6cf0\u6210\u559c\u6765\u767b\u9152\u5e97", "order_time": ["2019-01-12 18:46:12"], "total_order": 1, "hotel_value": ["4.6"], "hotel_price": ["498"]}, "16126995": {"hotel_name": "\u9752\u5c9b\u4e1c\u65b9\u5f71\u90fd\u4e07\u8fbe\u5e0c\u5c14\u987f\u9038\u6797\u9152\u5e97", "order_time": ["2019-01-12 18:46:14"], "total_order": 1, "hotel_value": ["4.6"], "hotel_price": ["430"]}, "5466788": {"hotel_name": "\u82b1\u6eaa\u82b1\u56ed\u9152\u5e97(\u9752\u5c9b\u6d41\u4ead\u673a\u573a\u5e97)", "order_time": ["2019-01-12 19:33:43", "2019-01-12 19:44:37", "2019-01-12 18:57:08", "2019-01-12 18:46:15"], "total_order": 4, "hotel_value": ["4.5", "4.5", "4.5", "4.5"], "hotel_price": ["198", "198", "198", "198"]}, "5085596": {"hotel_name": "\u9526\u6c5f\u4e4b\u661f(\u9752\u5c9b\u6ca7\u53e3\u516c\u56ed\u5e97)", "order_time": ["2019-01-12 18:46:16"], "total_order": 1, "hotel_value": ["4.7"], "hotel_price": ["190"]}, "1259981": {"hotel_name": "\u9752\u5c9b\u4e2d\u5929\u6d77\u666f\u9152\u5e97\uff08\u6808\u6865\u706b\u8f66\u7ad9\u5e97\uff09", "order_time": ["2019-01-12 18:46:17"], "total_order": 1, "hotel_value": ["4.8"], "hotel_price": ["97"]}, "2239071": {"hotel_name": "\u5373\u58a8\u7687\u671d\u5bbe\u9986", "order_time": ["2019-01-12 18:46:17"], "total_order": 1, "hotel_value": ["4.4"], "hotel_price": ["105"]}, "5916477": {"hotel_name": "\u5229\u6e90\u56fd\u9645\u516c\u5bd3(\u9752\u5c9b\u56fd\u4fe1\u4f1a\u5c55\u4e2d\u5fc3\u5e97)", "order_time": ["2019-01-12 18:46:21"], "total_order": 1, "hotel_value": ["4.4"], "hotel_price": ["173"]}, "2639907": {"hotel_name": "\u80f6\u5dde\u5317\u4eac\u5c45\u5bb6\u98ce\u5c1a\u9152\u5e97", "order_time": ["2019-01-12 18:49:26", "2019-01-12 18:47:09"], "total_order": 2, "hotel_value": ["4.6", "4.6"], "hotel_price": ["92", "92"]}, "1734183": {"hotel_name": "\u83b1\u897f\u826f\u53cb\u6e90\u6770\u5927\u9152\u5e97", "order_time": ["2019-01-12 18:47:09"], "total_order": 1, "hotel_value": ["4.4"], "hotel_price": ["298"]}, "440316": {"hotel_name": "\u9752\u5c9b\u56db\u65b9\u5927\u9152\u5e97", "order_time": ["2019-01-12 18:48:20"], "total_order": 1, "hotel_value": ["4.4"], "hotel_price": ["83"]}, "1379953": {"hotel_name": "\u90fd\u5e02118(\u9752\u5c9b\u4e16\u56ed\u4f1a\u4e2d\u5fc3\u5e97)", "order_time": ["2019-01-12 18:48:22"], "total_order": 1, "hotel_value": ["4.2"], "hotel_price": ["113"]}, "779889": {"hotel_name": "\u9526\u6c5f\u4e4b\u661f(\u9752\u5c9b\u4e94\u56db\u5e7f\u573a\u5357\u4eac\u8def\u5730\u94c1\u7ad9\u5e97)", "order_time": ["2019-01-12 19:44:36", "2019-01-12 18:48:23"], "total_order": 2, "hotel_value": ["4.4", "4.4"], "hotel_price": ["139", "139"]}, "1501841": {"hotel_name": "\u83ab\u6cf0168(\u9752\u5c9b\u6808\u6865\u706b\u8f66\u7ad9\u897f\u5e7f\u573a\u5e97)", "order_time": ["2019-01-12 19:01:44", "2019-01-12 18:48:28"], "total_order": 2, "hotel_value": ["4.6", "4.6"], "hotel_price": ["92", "92"]}, "1483797": {"hotel_name": "\u9752\u5c9b\u5927\u62c7\u6307\u5e7f\u573a\u00b7\u6d77\u4e4b\u6770\u5047\u65e5\u9152\u5e97", "order_time": ["2019-01-12 18:48:30"], "total_order": 1, "hotel_value": ["4.5"], "hotel_price": ["171"]}, "994247": {"hotel_name": "\u5982\u5bb6\u5feb\u6377\u9152\u5e97(\u5e73\u5ea6\u9752\u5c9b\u8def\u5e97)", "order_time": ["2019-01-12 19:43:30", "2019-01-12 18:49:10"], "total_order": 2, "hotel_value": ["4.5", "4.5"], "hotel_price": ["119", "119"]}, "512490": {"hotel_name": "\u9752\u5c9b\u897f\u6d77\u5cb8\u5fb7\u6cf0\u5927\u9152\u5e97", "order_time": ["2019-01-12 18:50:23"], "total_order": 1, "hotel_value": ["4.7"], "hotel_price": ["262"]}, "8182955": {"hotel_name": "\u6cca\u4e91\u5c1a\u9009\u5ead\u9662\u9152\u5e97(\u9752\u5c9b\u897f\u6d77\u5cb8\u4e1c\u65b9\u5f71\u90fd\u4e07\u8fbe\u8302\u5e97)", "order_time": ["2019-01-12 18:50:23"], "total_order": 1, "hotel_value": ["4.9"], "hotel_price": ["249"]}, "9561035": {"hotel_name": "\u9752\u5c9b\u6469\u767b\u4e0a\u57ce\u670d\u52a1\u516c\u5bd3(\u94f6\u76db\u6cf0\u65b0\u7a7a\u95f4)", "order_time": ["2019-01-12 18:50:25"], "total_order": 1, "hotel_value": ["4.4"], "hotel_price": ["172"]}, "1379289": {"hotel_name": "\u90fd\u5e02118(\u9752\u5c9b\u57ce\u9633\u5b9d\u9f99\u5e7f\u573a\u5e97)", "order_time": ["2019-01-12 18:52:35", "2019-01-12 18:50:28"], "total_order": 2, "hotel_value": ["3.9", "3.9"], "hotel_price": ["108", "108"]}, "5494318": {"hotel_name": "\u9752\u5c9b\u6770\u514b\u00b7\u4e39\u5c3c\u9152\u5e97", "order_time": ["2019-01-12 18:50:32"], "total_order": 1, "hotel_value": ["4.4"], "hotel_price": ["188"]}, "1568373": {"hotel_name": "\u9752\u5c9b\u94c2\u91d1\u4e3b\u9898\u9152\u5e97(\u674e\u6751\u6b65\u884c\u8857\u5e97)", "order_time": ["2019-01-12 18:50:33"], "total_order": 1, "hotel_value": ["3.7"], "hotel_price": ["103"]}, "2298529": {"hotel_name": "\u9526\u6c5f\u4e4b\u661f(\u9752\u5c9b\u5f00\u53d1\u533a\u4e95\u5188\u5c71\u8def\u5e97)", "order_time": ["2019-01-12 18:50:33"], "total_order": 1, "hotel_value": ["4.6"], "hotel_price": ["129"]}, "690618": {"hotel_name": "\u9752\u5c9b\u4e09\u516d\u516b\u8fde\u9501\u5bbe\u9986(\u6d41\u4ead\u673a\u573a\u5e97)", "order_time": ["2019-01-12 18:50:37"], "total_order": 1, "hotel_value": ["4.0"], "hotel_price": ["90"]}, "1205324": {"hotel_name": "\u5c1a\u5ba2\u4f18\u5feb\u6377\u9152\u5e97(\u9752\u5c9b\u706b\u8f66\u5317\u7ad9\u541b\u5cf0\u8def\u5e97)", "order_time": ["2019-01-12 18:50:38"], "total_order": 1, "hotel_value": ["4.3"], "hotel_price": ["99"]}, "2237858": {"hotel_name": "\u90fd\u5e02118(\u9752\u5c9b\u6808\u6865\u706b\u8f66\u7ad9\u5e97)", "order_time": ["2019-01-12 18:50:40"], "total_order": 1, "hotel_value": ["4.1"], "hotel_price": ["62"]}, "427967": {"hotel_name": "\u5982\u5bb6\u5feb\u6377\u9152\u5e97(\u9752\u5c9b\u6808\u6865\u706b\u8f66\u7ad9\u5e7f\u573a\u5e97)", "order_time": ["2019-01-12 18:50:53"], "total_order": 1, "hotel_value": ["4.2"], "hotel_price": ["81"]}, "2624847": {"hotel_name": "\u9752\u5c9b\u83ab\u4e3d\u00b7\u7cbe\u9009\u9152\u5e97", "order_time": ["2019-01-12 18:52:30"], "total_order": 1, "hotel_value": ["4.5"], "hotel_price": ["221"]}, "1316372": {"hotel_name": "\u6c49\u5ead\u9152\u5e97(\u9752\u5c9b\u53f0\u4e1c\u6b65\u884c\u8857\u5e97)", "order_time": ["2019-01-12 18:52:30", "2019-01-12 18:55:00"], "total_order": 2, "hotel_value": ["4.5", "4.5"], "hotel_price": ["123", "123"]}, "1840574": {"hotel_name": "\u5c1a\u5ba2\u4f18\u5feb\u6377\u9152\u5e97(\u9752\u5c9b\u9ec4\u5c9b\u533a\u4e24\u6cb3\u8def\u6d77\u6c34\u6d74\u573a\u5e97)", "order_time": ["2019-01-12 18:52:30"], "total_order": 1, "hotel_value": ["4.5"], "hotel_price": ["94"]}, "393099": {"hotel_name": "\u9752\u5c9b\u5bcc\u529b\u827e\u7f8e\u9152\u5e97", "order_time": ["2019-01-12 18:52:31"], "total_order": 1, "hotel_value": ["4.6"], "hotel_price": ["536"]}, "2599635": {"hotel_name": "\u5982\u5bb6\u5feb\u6377\u9152\u5e97(\u9752\u5c9b\u6d41\u4ead\u673a\u573a\u9ed1\u9f99\u6c5f\u5317\u8def\u57ce\u4e2d\u57ce\u5e97)", "order_time": ["2019-01-12 18:52:36"], "total_order": 1, "hotel_value": ["4.6"], "hotel_price": ["157"]}, "8576043": {"hotel_name": "\u7f8e\u5bbf\u5047\u65e5\u6d77\u666f\u9152\u5e97(\u9752\u5c9b\u543e\u60a6\u5e7f\u573a\u5e97)(\u539f\u7f8e\u5bbf\u5047\u65e5\u9152\u5e97)", "order_time": ["2019-01-12 18:52:38"], "total_order": 1, "hotel_value": ["4.6"], "hotel_price": ["125"]}, "1708377": {"hotel_name": "\u60a6\u884c365\u7cbe\u9009\u9152\u5e97(\u9752\u5c9b\u60dc\u798f\u9547\u5e97)", "order_time": ["2019-01-12 18:52:39"], "total_order": 1, "hotel_value": ["4.7"], "hotel_price": ["94"]}, "1372825": {"hotel_name": "\u5982\u5bb6\u5feb\u6377\u9152\u5e97(\u9752\u5c9b\u674e\u6ca7\u4e5d\u6c34\u8def\u4e07\u8fbe\u5e7f\u573a\u5e97)", "order_time": ["2019-01-12 19:38:09", "2019-01-12 18:52:39"], "total_order": 2, "hotel_value": ["4.5", "4.5"], "hotel_price": ["151", "151"]}, "757213": {"hotel_name": "\u6c49\u5ead\u9152\u5e97(\u9752\u5c9b\u5f00\u53d1\u533a\u9999\u6c5f\u8def\u5546\u4e1a\u8857\u5e97)(\u539f\u9752\u5c9b\u5f00\u53d1\u533a\u9999\u6c5f\u8def\u5229\u7fa4\u8d2d\u7269\u5e7f\u573a\u5e97)", "order_time": ["2019-01-12 19:42:39", "2019-01-12 19:33:53", "2019-01-12 18:52:44"], "total_order": 3, "hotel_value": ["4.1", "4.1", "4.1"], "hotel_price": ["104", "104", "104"]}, "1362121": {"hotel_name": "\u90fd\u5e02118(\u9752\u5c9b\u6b63\u9633\u8def\u5229\u7fa4\u5e97)", "order_time": ["2019-01-12 18:52:46"], "total_order": 1, "hotel_value": ["4.4"], "hotel_price": ["113"]}, "772111": {"hotel_name": "\u9752\u5c9b\u5a01\u65af\u6c40\u9152\u5e97", "order_time": ["2019-01-12 18:54:09"], "total_order": 1, "hotel_value": ["4.6"], "hotel_price": ["723"]}, "1283801": {"hotel_name": "\u6211\u7684\u5730\u76d8\u4e3b\u9898\u9152\u5e97(\u9752\u5c9b\u6b63\u9633\u4e2d\u8def\u5e97)", "order_time": ["2019-01-12 18:54:54"], "total_order": 1, "hotel_value": ["4.5"], "hotel_price": ["124"]}, "437482": {"hotel_name": "\u9752\u5c9b\u534e\u5ba2\u5ea6\u5047\u9152\u5e97", "order_time": ["2019-01-12 18:54:58"], "total_order": 1, "hotel_value": ["4.6"], "hotel_price": ["149"]}, "2166570": {"hotel_name": "\u9752\u5c9b\u7f57\u66fc\u5ba2\u7cbe\u54c1\u4e3b\u9898\u9152\u5e97", "order_time": ["2019-01-12 18:55:01"], "total_order": 1, "hotel_value": ["4.1"], "hotel_price": ["132"]}, "994246": {"hotel_name": "\u5982\u5bb6\u5feb\u6377\u9152\u5e97(\u5373\u58a8\u84dd\u9ccc\u8def\u5b9d\u9f99\u5e7f\u573a\u5e97)", "order_time": ["2019-01-12 18:55:02"], "total_order": 1, "hotel_value": ["4.5"], "hotel_price": ["111"]}, "8597057": {"hotel_name": "\u9752\u5c9b\u9a7f\u65c5\u8ff7\u4f60\u65c5\u9986", "order_time": ["2019-01-12 18:55:03"], "total_order": 1, "hotel_value": ["4.0"], "hotel_price": ["113"]}, "2163131": {"hotel_name": "\u963f\u739b\u5c3c\u5546\u52a1\u9152\u5e97(\u83b1\u897f\u9752\u5c9b\u8def\u5e97)", "order_time": ["2019-01-12 19:15:53", "2019-01-12 18:56:25"], "total_order": 2, "hotel_value": ["4.3", "4.3"], "hotel_price": ["80", "80"]}, "21124467": {"hotel_name": "\u9752\u5c9b\u65af\u7ef4\u767b\u7cbe\u54c1\u516c\u5bd3(\u4f1a\u5c55\u4e2d\u5fc3\u77f3\u8001\u4eba\u6d77\u6c34\u6d74\u573a)", "order_time": ["2019-01-12 18:56:29"], "total_order": 1, "hotel_value": ["4.9"], "hotel_price": ["271"]}, "27711969": {"hotel_name": "\u9752\u5c9b\u9ed1\u9f99\u6c5f\u4e2d\u8def\u4e9a\u6735\u9152\u5e97", "order_time": ["2019-01-12 18:57:11"], "total_order": 1, "hotel_value": ["4.9"], "hotel_price": ["298"]}, "8290422": {"hotel_name": "\u6c49\u5ead\u9152\u5e97(\u9752\u5c9b\u4e2d\u56fd\u6d77\u6d0b\u5927\u5b66\u5e97)", "order_time": ["2019-01-12 18:57:11"], "total_order": 1, "hotel_value": ["4.7"], "hotel_price": ["208"]}, "2329361": {"hotel_name": "\u9752\u5c9b\u65af\u7ef4\u767b\u5ea6\u5047\u516c\u5bd3(\u90ae\u8f6e\u6bcd\u6e2f\u5e97)", "order_time": ["2019-01-12 18:57:11"], "total_order": 1, "hotel_value": ["4.7"], "hotel_price": ["474"]}, "840717": {"hotel_name": "\u9752\u5c9b\u674e\u6ca7\u7eff\u57ce\u559c\u6765\u767b\u9152\u5e97", "order_time": ["2019-01-12 18:57:12"], "total_order": 1, "hotel_value": ["4.7"], "hotel_price": ["674"]}, "608486": {"hotel_name": "\u9752\u5c9b\u5fb7\u5b9d\u82b1\u56ed\u5927\u9152\u5e97", "order_time": ["2019-01-12 18:57:14"], "total_order": 1, "hotel_value": ["4.4"], "hotel_price": ["240"]}, "1165332": {"hotel_name": "\u96c5\u60a6\u7cbe\u81f4\u9152\u5e97(\u9752\u5c9b\u53f0\u4e1c\u5564\u9152\u8857\u5e97)", "order_time": ["2019-01-12 18:57:17"], "total_order": 1, "hotel_value": ["4.3"], "hotel_price": ["103"]}, "6871039": {"hotel_name": "\u9752\u76ae\u6811\u9152\u5e97\uff08\u9752\u5c9b\u590f\u5e84\u8def\u548c\u8c10\u5e7f\u573a\u5e97\uff09", "order_time": ["2019-01-12 18:57:19"], "total_order": 1, "hotel_value": ["4.6"], "hotel_price": ["108"]}, "2003292": {"hotel_name": "\u683c\u6797\u8c6a\u6cf0\u5feb\u6377\u9152\u5e97(\u80f6\u5dde\u5927\u540c\u5927\u53a6\u5e97)", "order_time": ["2019-01-12 18:58:26"], "total_order": 1, "hotel_value": ["4.2"], "hotel_price": ["144"]}, "5549364": {"hotel_name": "\u9752\u5c9b\u897f\u6d77\u5cb8\u9686\u548c\u827e\u7f8e\u5ea6\u5047\u9152\u5e97", "order_time": ["2019-01-12 18:59:27"], "total_order": 1, "hotel_value": ["4.6"], "hotel_price": ["388"]}, "484453": {"hotel_name": "\u9752\u5c9b\u897f\u6d77\u5cb8\u9686\u548c\u798f\u670b\u559c\u6765\u767b\u9152\u5e97(\u539f\u9ec4\u5c9b\u798f\u670b\u559c\u6765\u767b\u9152\u5e97)", "order_time": ["2019-01-12 19:01:40", "2019-01-12 18:59:29"], "total_order": 2, "hotel_value": ["4.5", "4.5"], "hotel_price": ["428", "428"]}, "6039985": {"hotel_name": "\u9752\u5c9b\u771f\u8bda\u4f73\u9a7f\u4e3b\u9898\u9152\u5e97", "order_time": ["2019-01-12 18:59:30"], "total_order": 1, "hotel_value": ["4.4"], "hotel_price": ["134"]}, "12252847": {"hotel_name": "\u9752\u5c9b\u9890\u84dd\u5fc3\u820d\u9152\u5e97", "order_time": ["2019-01-12 18:59:30"], "total_order": 1, "hotel_value": ["4.6"], "hotel_price": ["169"]}, "1872002": {"hotel_name": "\u9752\u6e38\u8bb0(\u81ea\u7531\u884c\u65d7\u8230)\u56fd\u9645\u9752\u5e74\u65c5\u820d(\u9752\u5c9b\u706b\u8f66\u7ad9\u6808\u6865\u5288\u67f4\u9662\u4e2d\u5c71\u8def\u5e97)", "order_time": ["2019-01-12 18:59:30"], "total_order": 1, "hotel_value": ["4.8"], "hotel_price": ["9"]}, "1730433": {"hotel_name": "\u9752\u5c9b\u4e16\u7f18\u60c5\u5047\u65e5\u9152\u5e97", "order_time": ["2019-01-12 18:59:31"], "total_order": 1, "hotel_value": ["4.5"], "hotel_price": ["245"]}, "1925767": {"hotel_name": "\u9752\u5c9b\u7d2b\u73a5\u94c2\u5c14\u66fc\u9152\u5e97", "order_time": ["2019-01-12 18:59:34", "2019-01-12 19:16:40"], "total_order": 2, "hotel_value": ["4.5", "4.5"], "hotel_price": ["471", "471"]}, "371188": {"hotel_name": "\u9752\u5c9b\u9890\u4e2d\u7687\u51a0\u5047\u65e5\u9152\u5e97", "order_time": ["2019-01-12 18:59:34", "2019-01-12 19:44:37"], "total_order": 2, "hotel_value": ["4.5", "4.5"], "hotel_price": ["503", "503"]}, "23227885": {"hotel_name": "\u9752\u5c9b\u683c\u96f7\u65af\u7cbe\u9009\u9152\u5e97", "order_time": ["2019-01-12 18:59:34", "2019-01-12 19:36:06"], "total_order": 2, "hotel_value": ["4.8", "4.8"], "hotel_price": ["243", "243"]}, "16018600": {"hotel_name": "\u683c\u6797\u4e1c\u65b9\u9152\u5e97(\u9752\u5c9b\u4e16\u7eaa\u516c\u56ed\u6d41\u4ead\u673a\u573a\u5e97)", "order_time": ["2019-01-12 18:59:34", "2019-01-12 19:20:54", "2019-01-12 19:01:31"], "total_order": 3, "hotel_value": ["4.5", "4.5", "4.5"], "hotel_price": ["138", "138", "138"]}, "5980423": {"hotel_name": "\u89c2\u6d77\u57ce\u6d77\u666f\u516c\u5bd3(\u9752\u5c9b\u706b\u8f66\u7ad9\u6808\u6865\u5e97)", "order_time": ["2019-01-12 18:59:34", "2019-01-12 19:05:49"], "total_order": 2, "hotel_value": ["4.7", "4.7"], "hotel_price": ["624", "624"]}, "443641": {"hotel_name": "\u9752\u5c9b\u91d1\u6d77\u5927\u9152\u5e97", "order_time": ["2019-01-12 18:59:34"], "total_order": 1, "hotel_value": ["4.4"], "hotel_price": ["186"]}, "1316324": {"hotel_name": "\u6c49\u5ead\u9152\u5e97(\u5373\u58a8\u5b9d\u9f99\u5e7f\u573a\u5e97)", "order_time": ["2019-01-12 18:59:35"], "total_order": 1, "hotel_value": ["4.5"], "hotel_price": ["170"]}, "2378712": {"hotel_name": "\u9752\u5c9b\u6d77\u6cf0\u4e07\u4e30\u56fd\u9645\u9152\u5e97", "order_time": ["2019-01-12 18:59:35"], "total_order": 1, "hotel_value": ["4.4"], "hotel_price": ["199"]}, "1181680": {"hotel_name": "\u9752\u5c9b\u65af\u7ef4\u767b\u5ea6\u5047\u516c\u5bd3(\u4e07\u79d1\u91d1\u8272\u5e7f\u573a)", "order_time": ["2019-01-12 18:59:35"], "total_order": 1, "hotel_value": ["4.5"], "hotel_price": ["131"]}, "8194448": {"hotel_name": "\u65af\u7ef4\u767b\u5ea6\u5047\u516c\u5bd3(\u9752\u5c9b\u4e07\u8fbe\u4e1c\u65b9\u5f71\u90fd\u5e97)", "order_time": ["2019-01-12 18:59:36"], "total_order": 1, "hotel_value": ["4.7"], "hotel_price": ["120"]}, "10823774": {"hotel_name": "\u5982\u5bb6\u5546\u65c5\u9152\u5e97(\u9752\u5c9b\u5373\u58a8\u56fd\u9645\u535a\u89c8\u4e2d\u5fc3\u5c71\u4e1c\u5927\u5b66\u5e97)", "order_time": ["2019-01-12 18:59:38", "2019-01-12 19:16:43"], "total_order": 2, "hotel_value": ["4.6", "4.6"], "hotel_price": ["159", "159"]}, "1549218": {"hotel_name": "\u9752\u5c9b\u946b\u9f99\u5047\u65e5\u516c\u5bd3\u9152\u5e97(\u9752\u804c/\u6ee8\u6d77\u5b66\u9662\u5e97)", "order_time": ["2019-01-12 18:59:38"], "total_order": 1, "hotel_value": ["4.7"], "hotel_price": ["156"]}, "794951": {"hotel_name": "\u9752\u5c9b\u673a\u573a\u53cb\u4fe1\u822a\u7a7a\u516c\u5bd3", "order_time": ["2019-01-12 18:59:43", "2019-01-12 19:27:25", "2019-01-12 19:16:43"], "total_order": 3, "hotel_value": ["4.0", "4.0", "4.0"], "hotel_price": ["149", "149", "149"]}, "1334762": {"hotel_name": "\u90fd\u5e02\u8ff7\u4f60\u8fde\u9501\u9152\u5e97(\u9752\u5c9b\u6d77\u4e0a\u5609\u5e74\u534e\u4eb2\u5b50\u5e97)", "order_time": ["2019-01-12 18:59:43"], "total_order": 1, "hotel_value": ["4.4"], "hotel_price": ["50"]}, "4738810": {"hotel_name": "\u9752\u5c9b\u5c1a\u5ba2\u5feb\u6377\u9152\u5e97(\u57ce\u9633\u6625\u9633\u8def\u5e97)", "order_time": ["2019-01-12 18:59:53"], "total_order": 1, "hotel_value": ["4.3"], "hotel_price": ["112"]}, "894480": {"hotel_name": "\u9752\u5c9b\u91d1\u5c9b\u5bbe\u9986", "order_time": ["2019-01-12 18:59:56"], "total_order": 1, "hotel_value": ["4.4"], "hotel_price": ["58"]}, "1778642": {"hotel_name": "\u521b\u610f\u65f6\u5c1a\u8fde\u9501\u9152\u5e97(\u9752\u5c9b\u53f0\u4e1c\u7cbe\u81f4\u5e97)", "order_time": ["2019-01-12 18:59:56"], "total_order": 1, "hotel_value": ["4.1"], "hotel_price": ["79"]}, "2163126": {"hotel_name": "\u51ef\u60a6\u963f\u739b\u5c3c\u5546\u52a1\u5bbe\u9986(\u83b1\u897f\u70df\u53f0\u8def\u5e97)", "order_time": ["2019-01-12 19:00:18"], "total_order": 1, "hotel_value": ["4.4"], "hotel_price": ["123"]}, "1526968": {"hotel_name": "\u80f6\u5dde\u5929\u559c\u9152\u5e97", "order_time": ["2019-01-12 19:00:35"], "total_order": 1, "hotel_value": ["4.3"], "hotel_price": ["69"]}, "23472335": {"hotel_name": "\u7f8e\u8c6a\u4e3d\u81f4\u9152\u5e97(\u9752\u5c9b\u5e97)", "order_time": ["2019-01-12 19:01:31"], "total_order": 1, "hotel_value": ["4.9"], "hotel_price": ["440"]}, "427991": {"hotel_name": "\u5982\u5bb6\u5feb\u6377\u9152\u5e97(\u9752\u5c9b\u53f0\u4e1c\u5546\u4e1a\u533a\u5229\u6d25\u8def\u5e97)", "order_time": ["2019-01-12 19:01:33"], "total_order": 1, "hotel_value": ["4.4"], "hotel_price": ["86"]}, "4539535": {"hotel_name": "\u4e16\u7eaa\u53cc\u5e06\u6d77\u666f\u5ea6\u5047\u9152\u5e97(\u9752\u5c9b\u80f6\u5357\u90a3\u9c81\u6e7e\u5e97)", "order_time": ["2019-01-12 19:40:24", "2019-01-12 19:01:36"], "total_order": 2, "hotel_value": ["4.7", "4.7"], "hotel_price": ["93", "93"]}, "1942102": {"hotel_name": "\u683c\u6797\u8c6a\u6cf0\u9152\u5e97(\u9752\u5c9b\u4e66\u9662\u8def\u8fbe\u7fc1\u5e7f\u573a\u5e97)", "order_time": ["2019-01-12 19:08:02", "2019-01-12 19:01:36"], "total_order": 2, "hotel_value": ["4.3", "4.3"], "hotel_price": ["84", "84"]}, "8415426": {"hotel_name": "\u56db\u5b63\u7cbe\u9009\u9152\u5e97(\u9752\u5c9b\u6d41\u4ead\u673a\u573a\u5e97)", "order_time": ["2019-01-12 19:03:30", "2019-01-12 19:01:38"], "total_order": 2, "hotel_value": ["4.6", "4.6"], "hotel_price": ["208", "216"]}, "4328552": {"hotel_name": "\u9752\u5c9b\u4e50\u6e90\u9152\u5e97", "order_time": ["2019-01-12 19:01:38"], "total_order": 1, "hotel_value": ["4.4"], "hotel_price": ["162"]}, "1054145": {"hotel_name": "\u9752\u5c9b\u8212\u5fc3\u9601\u5bbe\u9986", "order_time": ["2019-01-12 19:01:47"], "total_order": 1, "hotel_value": ["4.1"], "hotel_price": ["78"]}, "2389295": {"hotel_name": "\u9752\u5c9b\u6808\u6865\u5982\u5bb6\u89c2\u6d77\u65e5\u79df\u623f", "order_time": ["2019-01-12 19:36:18", "2019-01-12 19:01:58"], "total_order": 2, "hotel_value": ["4.7", "4.7"], "hotel_price": ["34", "34"]}, "2013340": {"hotel_name": "\u901f8\u9152\u5e97(\u5e73\u5ea6\u6d77\u5b9c\u5bb6\u80f6\u5e73\u8def\u5e97)", "order_time": ["2019-01-12 19:02:28"], "total_order": 1, "hotel_value": ["4.4"], "hotel_price": ["116"]}, "1315838": {"hotel_name": "\u6854\u5b50\u9152\u5e97\u00b7\u7cbe\u9009(\u9752\u5c9b\u57ce\u9633\u5e97)", "order_time": ["2019-01-12 19:03:34"], "total_order": 1, "hotel_value": ["4.8"], "hotel_price": ["275"]}, "8576086": {"hotel_name": "\u5c1a\u5ba2\u4f18\u54c1\u9152\u5e97(\u9752\u5c9bLIPPO\u516c\u793e\u77f3\u6cb9\u5927\u5b66\u5e97)(\u539fLIPPO\u516c\u793e\u7cbe\u54c1\u516c\u5bd3)", "order_time": ["2019-01-12 19:03:35"], "total_order": 1, "hotel_value": ["4.8"], "hotel_price": ["105"]}, "994192": {"hotel_name": "\u5982\u5bb6\u5feb\u6377\u9152\u5e97(\u5373\u58a8\u9e64\u5c71\u8def\u5927\u94dc\u9a6c\u5e7f\u573a\u5e97)", "order_time": ["2019-01-12 19:03:35"], "total_order": 1, "hotel_value": ["4.6"], "hotel_price": ["110"]}, "21122269": {"hotel_name": "\u9752\u5c9b\u84dd\u6735\u6d77\u666f\u5047\u65e5\u516c\u5bd3", "order_time": ["2019-01-12 19:03:39", "2019-01-12 19:12:08"], "total_order": 2, "hotel_value": ["4.9", "4.9"], "hotel_price": ["208", "776"]}, "443360": {"hotel_name": "\u5e73\u5ea6\u90fd\u5e02\u661f\u8054\u5927\u9152\u5e97", "order_time": ["2019-01-12 19:11:06", "2019-01-12 19:05:07"], "total_order": 2, "hotel_value": ["4.5", "4.5"], "hotel_price": ["122", "122"]}, "442301": {"hotel_name": "\u90fd\u5e02118(\u9752\u5c9b\u5d02\u5c71\u4f1a\u5c55\u4e2d\u5fc3\u5730\u94c1\u7ad9\u5e97)", "order_time": ["2019-01-12 19:05:49"], "total_order": 1, "hotel_value": ["4.4"], "hotel_price": ["106"]}, "17351152": {"hotel_name": "\u9752\u5c9b\u5f71\u5de2\u7535\u5f71\u9152\u5e97", "order_time": ["2019-01-12 19:05:50", "2019-01-12 19:27:46"], "total_order": 2, "hotel_value": ["4.7", "4.7"], "hotel_price": ["170", "170"]}, "2612145": {"hotel_name": "\u7231\u5c0a\u5ba2\u9152\u5e97(\u9752\u5c9b\u9047\u9752\u57ce\u53f0\u4e1c\u5564\u9152\u8857\u5e97)", "order_time": ["2019-01-12 19:05:53"], "total_order": 1, "hotel_value": ["4.6"], "hotel_price": ["88"]}, "16203907": {"hotel_name": "\u67ab\u53f6\u9152\u5e97\u5f0f\u516c\u5bd3(\u9752\u5c9b\u77f3\u6cb9\u5927\u5b66\u543e\u60a6\u5e7f\u573a\u5e97)", "order_time": ["2019-01-12 19:05:54"], "total_order": 1, "hotel_value": ["4.8"], "hotel_price": ["398"]}, "2302238": {"hotel_name": "\u5c1a\u5ba2\u4f18\u5feb\u6377\u9152\u5e97(\u9752\u5c9b\u859b\u5bb6\u5c9b\u91d1\u6c99\u6ee9\u5e97)", "order_time": ["2019-01-12 19:05:56", "2019-01-12 19:12:15"], "total_order": 2, "hotel_value": ["4.5", "4.5"], "hotel_price": ["91", "91"]}, "1360631": {"hotel_name": "\u5c1a\u5ba2\u4f18\u5feb\u6377\u9152\u5e97(\u9752\u5c9b\u5965\u5e06\u4e2d\u5fc3\u5e97)", "order_time": ["2019-01-12 19:05:56"], "total_order": 1, "hotel_value": ["4.0"], "hotel_price": ["104"]}, "3797925": {"hotel_name": "\u7231\u4e50\u521b\u610f\u9152\u5e97(\u9752\u5c9b\u674e\u6751\u5730\u94c1\u5e97)", "order_time": ["2019-01-12 19:06:07"], "total_order": 1, "hotel_value": ["4.3"], "hotel_price": ["99"]}, "5379562": {"hotel_name": "\u9752\u5c9b\u5e02\u80f6\u5357\u7f8e\u7f57\u56fd\u9645\u5065\u5eb7\u5bbe\u9986", "order_time": ["2019-01-12 19:06:14"], "total_order": 1, "hotel_value": ["4.3"], "hotel_price": ["79"]}, "18429092": {"hotel_name": "Q\u52a0\u00b7\u767e\u60a6\u5ea6\u5047\u516c\u5bd3(\u9752\u5c9b\u5965\u5e06\u5e97)", "order_time": ["2019-01-12 19:07:58"], "total_order": 1, "hotel_value": ["4.6"], "hotel_price": ["898"]}, "21678840": {"hotel_name": "\u51ef\u66fc\u516c\u5bd3(\u9752\u5c9b\u6b63\u9633\u4e2d\u8def\u5e97)", "order_time": ["2019-01-12 19:07:59", "2019-01-12 19:44:41"], "total_order": 2, "hotel_value": ["4.6", "4.6"], "hotel_price": ["123", "123"]}, "791367": {"hotel_name": "\u9752\u5c9b\u8bc1\u5927\u559c\u739b\u62c9\u96c5\u9152\u5e97", "order_time": ["2019-01-12 19:08:00"], "total_order": 1, "hotel_value": ["4.6"], "hotel_price": ["546"]}, "430450": {"hotel_name": "\u9752\u5c9b\u666f\u56ed\u5047\u65e5\u9152\u5e97", "order_time": ["2019-01-12 19:08:00"], "total_order": 1, "hotel_value": ["4.5"], "hotel_price": ["522"]}, "1542881": {"hotel_name": "\u9752\u5c9b\u90fd\u5e02\u82b1\u56ed\u9152\u5e97(\u539f\u5170\u5ef7\u82b1\u56ed\u9152\u5e97)", "order_time": ["2019-01-12 19:08:00"], "total_order": 1, "hotel_value": ["4.2"], "hotel_price": ["95"]}, "1306753": {"hotel_name": "\u9752\u5c9b\u51ef\u83b1\u5546\u52a1\u9152\u5e97", "order_time": ["2019-01-12 19:08:01"], "total_order": 1, "hotel_value": ["4.2"], "hotel_price": ["159"]}, "2304020": {"hotel_name": "\u9752\u5c9b\u6b27\u98de\u8fde\u9501\u9152\u5e97\u4e94\u56db\u5e7f\u573a\u5e97", "order_time": ["2019-01-12 19:08:05"], "total_order": 1, "hotel_value": ["4.2"], "hotel_price": ["69"]}, "26555980": {"hotel_name": "\u9752\u5c9b\u897f\u6d77\u5cb8\u5a01\u65af\u6c40\u9152\u5e97", "order_time": ["2019-01-12 19:33:53", "2019-01-12 19:08:06"], "total_order": 2, "hotel_value": [0, 0], "hotel_price": ["508", "508"]}, "1875800": {"hotel_name": "\u5982\u5bb6\u5feb\u6377\u9152\u5e97(\u9752\u5c9b\u4f1a\u5c55\u4e2d\u5fc3\u5927\u62c7\u6307\u5e7f\u573a\u5e97)", "order_time": ["2019-01-12 19:08:22"], "total_order": 1, "hotel_value": ["4.2"], "hotel_price": ["188"]}, "2002231": {"hotel_name": "\u9752\u5c9b\u5357\u67ef\u9752\u5e74\u65c5\u820d", "order_time": ["2019-01-12 19:08:23"], "total_order": 1, "hotel_value": ["4.3"], "hotel_price": ["25"]}, "2163140": {"hotel_name": "\u83b1\u897f\u827e\u5ead\u5546\u52a1\u9152\u5e97", "order_time": ["2019-01-12 19:09:04", "2019-01-12 19:13:09"], "total_order": 2, "hotel_value": ["4.4", "4.4"], "hotel_price": ["89", "89"]}, "1700442": {"hotel_name": "\u9752\u5c9b\u9a6c\u53ef\u6ce2\u7f57\u9152\u5e97", "order_time": ["2019-01-12 19:10:06"], "total_order": 1, "hotel_value": ["4.6"], "hotel_price": ["144"]}, "1914564": {"hotel_name": "\u5373\u58a8\u8fc8\u8fbe\u5ea6\u5047\u9152\u5e97", "order_time": ["2019-01-12 19:10:07"], "total_order": 1, "hotel_value": ["4.2"], "hotel_price": ["85"]}, "2301077": {"hotel_name": "\u7231\u5c0a\u5ba2\u9152\u5e97(\u9752\u5c9b\u4e94\u56db\u5e7f\u573a\u5e97)", "order_time": ["2019-01-12 19:10:10"], "total_order": 1, "hotel_value": ["4.6"], "hotel_price": ["140"]}, "1602226": {"hotel_name": "\u9752\u5c9b\u6d77\u4e4b\u6da6\u89c2\u6d77\u516c\u5bd3\uff08\u539f\u9752\u5c9b\u5e02\u5357\u5982\u610f\u6d77\u666f\u516c\u5bd3\uff09", "order_time": ["2019-01-12 19:10:16"], "total_order": 1, "hotel_value": ["4.6"], "hotel_price": ["50"]}, "2304536": {"hotel_name": "\u9752\u5c9b\u5929\u6ee1\u610f\u5bbe\u9986", "order_time": ["2019-01-12 19:10:16"], "total_order": 1, "hotel_value": ["4.4"], "hotel_price": ["68"]}, "1348429": {"hotel_name": "\u5c1a\u5ba2\u4f18\u5feb\u6377\u9152\u5e97\uff08\u9752\u5c9b\u6808\u6865\u706b\u8f66\u7ad9\u5e97\uff09", "order_time": ["2019-01-12 19:10:16"], "total_order": 1, "hotel_value": ["3.8"], "hotel_price": ["62"]}, "2045228": {"hotel_name": "\u5e73\u5ea6\u8d5b\u5bb6\u5ba2\u623f", "order_time": ["2019-01-12 19:11:06"], "total_order": 1, "hotel_value": ["4.2"], "hotel_price": ["88"]}, "8871600": {"hotel_name": "\u9752\u5c9b\u705c\u4e4b\u6c64\u6d77\u666f\u5ea6\u5047\u9152\u5e97", "order_time": ["2019-01-12 19:12:08"], "total_order": 1, "hotel_value": ["4.8"], "hotel_price": ["338"]}, "780415": {"hotel_name": "\u9526\u6c5f\u4e4b\u661f(\u9752\u5c9b\u5f00\u53d1\u533a\u9999\u6c5f\u8def\u5e97)", "order_time": ["2019-01-12 19:12:18"], "total_order": 1, "hotel_value": ["4.6"], "hotel_price": ["99"]}, "8556011": {"hotel_name": "\u9752\u5c9b\u7f8e\u597d\u65f6\u5149\u4e3b\u9898\u5bbe\u9986", "order_time": ["2019-01-12 19:12:32"], "total_order": 1, "hotel_value": ["4.2"], "hotel_price": ["88"]}, "1691020": {"hotel_name": "\u5982\u610f\u5feb\u6377\u8fde\u9501\u5bbe\u9986(\u9752\u5c9b\u706b\u8f66\u7ad9\u5e97)", "order_time": ["2019-01-12 19:12:37"], "total_order": 1, "hotel_value": ["2.8"], "hotel_price": ["80"]}, "2011487": {"hotel_name": "7\u5929\u8fde\u9501\u9152\u5e97(\u5e73\u5ea6\u9752\u5c9b\u8def\u5e97)", "order_time": ["2019-01-12 19:13:17"], "total_order": 1, "hotel_value": ["4.4"], "hotel_price": ["109"]}, "2323444": {"hotel_name": "\u9752\u5c9b\u9890\u6d77\u82d1\u9ad8\u6821\u5bbe\u9986", "order_time": ["2019-01-12 19:14:14"], "total_order": 1, "hotel_value": ["4.3"], "hotel_price": ["138"]}, "428039": {"hotel_name": "\u548c\u7f8e\u5bb6\u9152\u5e97(\u9752\u5c9b\u9999\u6e2f\u4e1c\u8def\u9752\u5c9b\u5927\u5b66\u6781\u5730\u6d77\u6d0b\u4e16\u754c\u5e97)", "order_time": ["2019-01-12 19:14:15"], "total_order": 1, "hotel_value": ["4.2"], "hotel_price": ["78"]}, "428001": {"hotel_name": "\u5982\u5bb6\u5feb\u6377\u9152\u5e97(\u9752\u5c9b\u57ce\u9633\u6625\u9633\u8def\u519c\u4e1a\u5927\u5b66\u5e97)", "order_time": ["2019-01-12 19:14:16"], "total_order": 1, "hotel_value": ["4.6"], "hotel_price": ["118"]}, "21330990": {"hotel_name": "\u6cca\u5c45\u7cbe\u6808(\u9752\u5c9b\u9999\u6e2f\u4e2d\u8def\u4e94\u56db\u5e7f\u573a\u5e97)", "order_time": ["2019-01-12 19:14:16"], "total_order": 1, "hotel_value": ["4.3"], "hotel_price": ["210"]}, "19852075": {"hotel_name": "\u66dc\u77f3\u6d77\u666f\u516c\u5bd3\u9152\u5e97(\u9752\u5c9b\u4f1a\u5c55\u4e2d\u5fc3\u77f3\u8001\u4eba\u6d77\u6c34\u6d74\u573a\u5e97)", "order_time": ["2019-01-12 19:14:16"], "total_order": 1, "hotel_value": ["4.8"], "hotel_price": ["237"]}, "2638267": {"hotel_name": "\u6c49\u5ead\u9152\u5e97(\u9752\u5c9b\u6d77\u5c14\u8def\u56fd\u9645\u4f1a\u5c55\u4e2d\u5fc3\u5e97)", "order_time": ["2019-01-12 19:14:16"], "total_order": 1, "hotel_value": ["4.5"], "hotel_price": ["246"]}, "443620": {"hotel_name": "\u9752\u5c9b\u6b66\u80dc\u5173\u5ea6\u5047\u9152\u5e97", "order_time": ["2019-01-12 19:14:17"], "total_order": 1, "hotel_value": ["4.6"], "hotel_price": ["249"]}, "2304442": {"hotel_name": "7\u5929\u8fde\u9501\u9152\u5e97(\u9752\u5c9b\u6c7d\u8f66\u5317\u7ad9\u5e97)", "order_time": ["2019-01-12 19:14:18"], "total_order": 1, "hotel_value": ["3.9"], "hotel_price": ["109"]}, "994089": {"hotel_name": "\u5982\u5bb6\u5feb\u6377\u9152\u5e97(\u9752\u5c9b\u706b\u8f66\u5317\u7ad9\u632f\u534e\u8def\u5730\u94c1\u7ad9\u5e97)", "order_time": ["2019-01-12 19:14:18"], "total_order": 1, "hotel_value": ["4.4"], "hotel_price": ["95"]}, "6841720": {"hotel_name": "\u9752\u5c9b\u6d77\u6db5\u8f69\u7cbe\u54c1\u9152\u5e97", "order_time": ["2019-01-12 19:14:19"], "total_order": 1, "hotel_value": ["4.7"], "hotel_price": ["124"]}, "1610327": {"hotel_name": "\u6c49\u5ead\u9152\u5e97(\u9752\u5c9b\u53f0\u4e1c\u5a01\u6d77\u8def\u5e97)(\u539f\u53f0\u4e1c\u5564\u9152\u8857\u5e97)", "order_time": ["2019-01-12 19:14:20", "2019-01-12 19:20:58"], "total_order": 2, "hotel_value": ["4.5", "4.5"], "hotel_price": ["123", "123"]}, "5409418": {"hotel_name": "\u7231\u5c0a\u5ba2\u7cbe\u54c1\u9152\u5e97(\u5373\u58a8\u6d77\u5c14\u8def\u5e97)", "order_time": ["2019-01-12 19:14:20"], "total_order": 1, "hotel_value": ["4.0"], "hotel_price": ["131"]}, "2637433": {"hotel_name": "\u76db\u5ef7\u6d77\u666f\u9152\u5e97(\u9752\u5c9b\u7ef4\u591a\u5229\u4e9a\u5e97)", "order_time": ["2019-01-12 19:14:21"], "total_order": 1, "hotel_value": ["4.3"], "hotel_price": ["150"]}, "2318320": {"hotel_name": "\u5b63\u5bb6\u9152\u5e97\u5f0f\u516c\u5bd3(\u9752\u5c9b\u56fd\u4fe1\u7d2b\u4e91\u53f0\u5e97)", "order_time": ["2019-01-12 19:14:23"], "total_order": 1, "hotel_value": ["4.2"], "hotel_price": ["95"]}, "2298663": {"hotel_name": "\u7231\u5c0a\u5ba2\u9152\u5e97(\u9752\u5c9b\u4e94\u56db\u5e7f\u573a\u9999\u6e2f\u4e2d\u8def\u5e97)", "order_time": ["2019-01-12 19:14:23"], "total_order": 1, "hotel_value": ["4.6"], "hotel_price": ["130"]}, "5074733": {"hotel_name": "\u83b1\u897f\u5e7f\u80dc\u5927\u9152\u5e97", "order_time": ["2019-01-12 19:15:53"], "total_order": 1, "hotel_value": ["4.4"], "hotel_price": ["94"]}, "6284231": {"hotel_name": "\u9752\u5c9b\u745e\u5947\u6d77\u666f\u5ea6\u5047\u516c\u5bd3\u4e2d\u8054\u81ea\u7531\u6e2f\u6e7e\u5e97", "order_time": ["2019-01-12 19:20:58", "2019-01-12 19:16:31"], "total_order": 2, "hotel_value": ["4.7", "4.7"], "hotel_price": ["347", "347"]}, "779894": {"hotel_name": "\u9526\u6c5f\u4e4b\u661f(\u9752\u5c9b\u4e2d\u5c71\u8def\u5e97)", "order_time": ["2019-01-12 19:16:32"], "total_order": 1, "hotel_value": ["4.5"], "hotel_price": ["129"]}, "6649334": {"hotel_name": "\u90fd\u5e02118\u9152\u5e97(\u9752\u5c9b\u9ad8\u65b0\u533a\u65b9\u7279\u5e97)", "order_time": ["2019-01-12 19:16:37"], "total_order": 1, "hotel_value": ["4.2"], "hotel_price": ["129"]}, "3725940": {"hotel_name": "\u745e\u666e\u5170\u987f\u7cbe\u9009\u9152\u5e97\u00b7\u9752\u5c9b\u91d1\u6c99\u6ee9\u5e97(\u539f\u62dc\u767b\u516c\u5bd3)", "order_time": ["2019-01-12 19:16:38"], "total_order": 1, "hotel_value": ["4.6"], "hotel_price": ["114"]}, "1886446": {"hotel_name": "\u7231\u820d\u7a7a\u95f4\u5546\u52a1\u9152\u5e97(\u9752\u5c9b\u5c1a\u6ea2\u5e97)", "order_time": ["2019-01-12 19:16:39"], "total_order": 1, "hotel_value": ["4.5"], "hotel_price": ["153"]}, "8426688": {"hotel_name": "\u5982\u5bb6\u7cbe\u9009\u9152\u5e97(\u9752\u5c9b\u706b\u8f66\u7ad9\u6808\u6865\u5e97)", "order_time": ["2019-01-12 19:18:37", "2019-01-12 19:16:43", "2019-01-12 19:33:49"], "total_order": 3, "hotel_value": ["4.6", "4.6", "4.6"], "hotel_price": ["179", "179", "179"]}, "5668043": {"hotel_name": "\u9752\u5c9b\u54b1\u5bb6\u91cc\u5bbe\u9986", "order_time": ["2019-01-12 19:16:51"], "total_order": 1, "hotel_value": ["4.9"], "hotel_price": ["98"]}, "2301689": {"hotel_name": "\u5c1a\u5ba2\u4f18\u5feb\u6377\u9152\u5e97(\u9752\u5c9b\u5f00\u53d1\u533a\u9ec4\u6cb3\u4e2d\u8def\u5e97)", "order_time": ["2019-01-12 19:16:52"], "total_order": 1, "hotel_value": ["3.1"], "hotel_price": ["98"]}, "2034979": {"hotel_name": "\u7231\u5ba2100\u4e3b\u9898\u8fde\u9501\u5bbe\u9986(\u80f6\u5dde\u5317\u5173\u60c5\u8da3\u65f6\u5149\u4e3b\u9898\u5e97)", "order_time": ["2019-01-12 19:17:43"], "total_order": 1, "hotel_value": ["4.4"], "hotel_price": ["70"]}, "2310196": {"hotel_name": "\u7231\u5c0a\u5ba2\u9152\u5e97(\u9752\u5c9b\u9999\u6c5f\u8def\u5e97)", "order_time": ["2019-01-12 19:18:37"], "total_order": 1, "hotel_value": ["4.4"], "hotel_price": ["83"]}, "532185": {"hotel_name": "\u9752\u5c9b\u6d77\u60c5\u5927\u9152\u5e97", "order_time": ["2019-01-12 19:18:40"], "total_order": 1, "hotel_value": ["4.6"], "hotel_price": ["239"]}, "19853118": {"hotel_name": "\u51ef\u66fc\u5ea6\u5047\u516c\u5bd3(\u9752\u5c9b\u5ef6\u5409\u8defCBD\u5e97)", "order_time": ["2019-01-12 19:18:55"], "total_order": 1, "hotel_value": ["4.8"], "hotel_price": ["144"]}, "5306612": {"hotel_name": "\u5c1a\u5ba2\u4f18\u9a8f\u6021\u8fde\u9501\u9152\u5e97(\u9752\u5c9b\u6c7d\u8f66\u5317\u7ad9\u5e97)", "order_time": ["2019-01-12 19:19:07", "2019-01-12 19:40:59"], "total_order": 2, "hotel_value": ["3.4", "3.4"], "hotel_price": ["72", "72"]}, "6608537": {"hotel_name": "\u6854\u5b50\u9152\u5e97\u00b7\u7cbe\u9009(\u9752\u5c9b\u56db\u6d41\u5357\u8def\u5e97)", "order_time": ["2019-01-12 19:20:50"], "total_order": 1, "hotel_value": ["4.9"], "hotel_price": ["246"]}, "13740994": {"hotel_name": "\u9752\u5c9b\u90fd\u5e02118\u7cbe\u9009\u9152\u5e97\u6625\u9633\u8def\u5e97", "order_time": ["2019-01-12 19:20:52"], "total_order": 1, "hotel_value": ["4.6"], "hotel_price": ["98"]}, "2164550": {"hotel_name": "\u67cf\u60a6\u7cbe\u54c1\u5ea6\u5047\u516c\u5bd3(\u9752\u5c9b\u81ea\u7531\u6e2f\u6e7e\u5e97)", "order_time": ["2019-01-12 19:20:54"], "total_order": 1, "hotel_value": ["4.5"], "hotel_price": ["154"]}, "2726713": {"hotel_name": "\u9752\u5c9b\u5b81\u6da6\u5bbe\u9986", "order_time": ["2019-01-12 19:20:54"], "total_order": 1, "hotel_value": ["4.6"], "hotel_price": ["67"]}, "2359489": {"hotel_name": "\u5b89\u6f9c\u5bbe\u820d\u541b\u54c1\u6d77\u5cb8\u9152\u5e97(\u9752\u5c9b\u706b\u8f66\u7ad9\u6808\u6865\u9752\u533b\u9644\u9662\u5e97)", "order_time": ["2019-01-12 19:20:55"], "total_order": 1, "hotel_value": ["4.5"], "hotel_price": ["106"]}, "2620136": {"hotel_name": "7\u5929\u8fde\u9501\u9152\u5e97(\u9752\u5c9b\u674e\u6ca7\u4e07\u8fbe\u5e7f\u573a\u5e97)", "order_time": ["2019-01-12 19:20:57"], "total_order": 1, "hotel_value": ["4.6"], "hotel_price": ["125"]}, "689242": {"hotel_name": "\u84dd\u6d77\u5927\u996d\u5e97(\u9752\u5c9b\u9ec4\u5c9b\u5e97)", "order_time": ["2019-01-12 19:22:52"], "total_order": 1, "hotel_value": ["4.6"], "hotel_price": ["340"]}, "470369": {"hotel_name": "\u9752\u5c9b\u96cd\u534e\u5ead\u9152\u5e97", "order_time": ["2019-01-12 19:22:52"], "total_order": 1, "hotel_value": ["4.3"], "hotel_price": ["206"]}, "485385": {"hotel_name": "\u9752\u5c9b\u591a\u7459\u6cb3\u56fd\u9645\u5927\u9152\u5e97", "order_time": ["2019-01-12 19:22:52"], "total_order": 1, "hotel_value": ["4.4"], "hotel_price": ["242"]}, "2262529": {"hotel_name": "\u9752\u5c9b\u5373\u58a8\u5e0c\u5c14\u987f\u9038\u6797\u9152\u5e97", "order_time": ["2019-01-12 19:22:52"], "total_order": 1, "hotel_value": ["4.6"], "hotel_price": ["450"]}, "669110": {"hotel_name": "\u9752\u5c9b\u5e7f\u4e1a\u9526\u6c5f\u5927\u9152\u5e97", "order_time": ["2019-01-12 19:22:52"], "total_order": 1, "hotel_value": ["4.6"], "hotel_price": ["384"]}, "16900468": {"hotel_name": "\u9752\u5c9b\u4e1c\u65b9\u5f71\u90fd\u878d\u521b\u4e07\u8fbe\u6587\u534e\u9152\u5e97", "order_time": ["2019-01-12 19:22:52"], "total_order": 1, "hotel_value": ["4.6"], "hotel_price": ["1688"]}, "486063": {"hotel_name": "\u9752\u5c9b\u56fd\u4fe1\u6d77\u5929\u4f53\u80b2\u4e2d\u5fc3\u9152\u5e97", "order_time": ["2019-01-12 19:22:54"], "total_order": 1, "hotel_value": ["4.5"], "hotel_price": ["236"]}, "2592432": {"hotel_name": "\u661f\u7a0b\u9152\u5e97(\u9752\u5c9b\u53f0\u4e1c\u6b65\u884c\u8857\u5e97)", "order_time": ["2019-01-12 19:22:55"], "total_order": 1, "hotel_value": ["4.2"], "hotel_price": ["142"]}, "1725780": {"hotel_name": "678\u673a\u573a\u9152\u5e97", "order_time": ["2019-01-12 19:22:56", "2019-01-12 19:40:31"], "total_order": 2, "hotel_value": ["4.4", "4.4"], "hotel_price": ["90", "90"]}, "2582773": {"hotel_name": "\u6c49\u5ead\u9152\u5e97(\u9752\u5c9b\u706b\u8f66\u7ad9\u4e1c\u5e7f\u573a\u5e97)", "order_time": ["2019-01-12 19:22:57"], "total_order": 1, "hotel_value": ["4.4"], "hotel_price": ["170"]}, "1502061": {"hotel_name": "\u5982\u5bb6\u5feb\u6377\u9152\u5e97(\u9752\u5c9b\u674e\u6ca7\u5cf0\u5c71\u8def\u6b65\u884c\u8857\u5e97)", "order_time": ["2019-01-12 19:22:58"], "total_order": 1, "hotel_value": ["4.6"], "hotel_price": ["118"]}, "1350524": {"hotel_name": "\u9752\u5c9b\u79cb\u6797\u5047\u65e5\u5bbe\u9986", "order_time": ["2019-01-12 19:22:58"], "total_order": 1, "hotel_value": ["4.2"], "hotel_price": ["66"]}, "24532652": {"hotel_name": "\u5586\u5561\u9152\u5e97(\u9752\u5c9b\u77f3\u6cb9\u5927\u5b66\u5e97)", "order_time": ["2019-01-12 19:22:59"], "total_order": 1, "hotel_value": ["4.9"], "hotel_price": ["208"]}, "1274014": {"hotel_name": "\u9752\u5c9b\u6885\u8bfa\u5c3c\u9152\u5e97", "order_time": ["2019-01-12 19:22:59"], "total_order": 1, "hotel_value": ["4.6"], "hotel_price": ["168"]}, "1181681": {"hotel_name": "\u9752\u5c9b\u65af\u7ef4\u767b\u5ea6\u5047\u516c\u5bd3(\u91d1\u6c99\u6ee9\u4e0a\u6d41\u6c47)", "order_time": ["2019-01-12 19:22:59"], "total_order": 1, "hotel_value": ["4.7"], "hotel_price": ["209"]}, "459120": {"hotel_name": "\u6c49\u5ead\u9152\u5e97(\u9752\u5c9b\u5f00\u53d1\u533a\u5c71\u79d1\u5927\u5e97)", "order_time": ["2019-01-12 19:23:00"], "total_order": 1, "hotel_value": ["4.3"], "hotel_price": ["123"]}, "1696401": {"hotel_name": "\u9752\u5c9b\u5927\u62c7\u6307\u5ea6\u5047\u516c\u5bd3", "order_time": ["2019-01-12 19:23:01"], "total_order": 1, "hotel_value": ["4.4"], "hotel_price": ["163"]}, "995168": {"hotel_name": "\u94f6\u5ea7\u4f73\u9a7f\u9152\u5e97(\u5373\u58a8\u9e64\u5c71\u8def\u4f73\u4e50\u5bb6\u4e8c\u5e97)", "order_time": ["2019-01-12 19:23:04"], "total_order": 1, "hotel_value": ["4.4"], "hotel_price": ["81"]}, "1302246": {"hotel_name": "\u7231\u5ba2100\u5546\u52a1\u5bbe\u9986(\u9752\u5c9b\u6d41\u4ead\u6d3c\u91cc\u5e97)", "order_time": ["2019-01-12 19:23:08"], "total_order": 1, "hotel_value": ["4.4"], "hotel_price": ["69"]}, "2306006": {"hotel_name": "\u683c\u6797\u8c6a\u6cf0(\u9752\u5c9b\u706b\u8f66\u7ad9\u5e7f\u573a\u5e97)", "order_time": ["2019-01-12 19:25:07"], "total_order": 1, "hotel_value": ["4.7"], "hotel_price": ["75"]}, "1766138": {"hotel_name": "\u83ab\u6cf0168(\u9752\u5c9b\u6d41\u4ead\u673a\u573a\u6b63\u9633\u4e2d\u8def\u7ea2\u661f\u7f8e\u51ef\u9f99\u5e97)", "order_time": ["2019-01-12 19:25:12"], "total_order": 1, "hotel_value": ["4.7"], "hotel_price": ["128"]}, "2496851": {"hotel_name": "\u5c1a\u5ba2\u4f18\u5feb\u6377\u9152\u5e97(\u9752\u5c9b\u6d41\u4ead\u673a\u573a\u5e97)", "order_time": ["2019-01-12 19:25:23"], "total_order": 1, "hotel_value": ["4.4"], "hotel_price": ["124"]}, "2240457": {"hotel_name": "\u5373\u58a8\u6d4e\u5dde\u5c9b\u5927\u9152\u5e97", "order_time": ["2019-01-12 19:26:24"], "total_order": 1, "hotel_value": ["3.5"], "hotel_price": ["118"]}, "995182": {"hotel_name": "\u94f6\u5ea7\u4f73\u9a7f\u9152\u5e97(\u9752\u5c9b\u4e94\u53f0\u5c71\u8def\u4fdd\u7a0e\u533a\u5e97)", "order_time": ["2019-01-12 19:27:23"], "total_order": 1, "hotel_value": ["4.5"], "hotel_price": ["128"]}, "6871777": {"hotel_name": "\u9752\u5c9b\u90fd\u5e02118\u8fde\u9501\u9152\u5e97\u5373\u58a8\u73af\u79c0\u8def\u5e97", "order_time": ["2019-01-12 19:27:24"], "total_order": 1, "hotel_value": ["3.8"], "hotel_price": ["136"]}, "6298050": {"hotel_name": "\u9752\u5c9b\u7ef4\u591a\u5229\u4e9a\u6808\u6865\u6e7e\u6d77\u666f\u516c\u5bd3", "order_time": ["2019-01-12 19:27:24"], "total_order": 1, "hotel_value": ["4.4"], "hotel_price": ["584"]}, "5215569": {"hotel_name": "\u9752\u5c9b\u5370\u8c61\u9152\u5e97", "order_time": ["2019-01-12 19:27:26"], "total_order": 1, "hotel_value": ["4.5"], "hotel_price": ["253"]}, "430419": {"hotel_name": "\u9752\u5c9b\u4e2d\u5fc3\u5047\u65e5\u9152\u5e97", "order_time": ["2019-01-12 19:27:26"], "total_order": 1, "hotel_value": ["4.7"], "hotel_price": ["543"]}, "2084467": {"hotel_name": "\u9752\u5c9b678\u673a\u573a\u516c\u5bd3\u9152\u5e97(\u7533\u6e2f\u82b1\u56ed\u5e97)", "order_time": ["2019-01-12 19:27:27"], "total_order": 1, "hotel_value": ["4.6"], "hotel_price": ["161"]}, "21780668": {"hotel_name": "\u90fd\u5e02118(\u9752\u5c9b\u5373\u58a8\u5f00\u53d1\u533a\u6cf0\u5c71\u4e8c\u8def\u5e97)", "order_time": ["2019-01-12 19:27:31"], "total_order": 1, "hotel_value": ["4.9"], "hotel_price": ["104"]}, "1938134": {"hotel_name": "\u83ab\u6cf0168(\u9752\u5c9b\u674e\u6751\u5730\u94c1\u7ad9\u6b65\u884c\u8857\u5e97)", "order_time": ["2019-01-12 19:27:46"], "total_order": 1, "hotel_value": ["4.5"], "hotel_price": ["109"]}, "6085650": {"hotel_name": "\u5586\u5561\u9152\u5e97(\u9752\u5c9b\u6d41\u4ead\u56fd\u9645\u673a\u573a\u5e97)", "order_time": ["2019-01-12 19:29:35"], "total_order": 1, "hotel_value": ["4.8"], "hotel_price": ["215"]}, "2313451": {"hotel_name": "\u6c49\u5ead\u9152\u5e97(\u9752\u5c9b\u4e07\u8c61\u57ce\u5e97)", "order_time": ["2019-01-12 19:29:35"], "total_order": 1, "hotel_value": ["4.5"], "hotel_price": ["151"]}, "1886434": {"hotel_name": "\u7231\u820d\u7a7a\u95f4\u4e3b\u9898\u6982\u5ff5\u9152\u5e97(\u9752\u5c9b\u5965\u5e06\u4e2d\u5fc3\u738b\u5b50\u98ce\u5c1a\u5e97)", "order_time": ["2019-01-12 19:29:35"], "total_order": 1, "hotel_value": ["4.6"], "hotel_price": ["183"]}, "994153": {"hotel_name": "\u5982\u5bb6\u5feb\u6377\u9152\u5e97(\u9752\u5c9b\u706b\u8f66\u5317\u7ad9\u5e97)", "order_time": ["2019-01-12 19:29:38"], "total_order": 1, "hotel_value": ["4.3"], "hotel_price": ["159"]}, "16127878": {"hotel_name": "\u9752\u5c9b\u73e0\u5c71\u5927\u996d\u5e97", "order_time": ["2019-01-12 19:29:41"], "total_order": 1, "hotel_value": ["4.7"], "hotel_price": ["290"]}, "8681476": {"hotel_name": "\u9752\u5c9b\u8046\u6d77\u94c2\u6708\u6d77\u666f\u5ea6\u5047\u516c\u5bd3", "order_time": ["2019-01-12 19:29:42"], "total_order": 1, "hotel_value": ["4.7"], "hotel_price": ["314"]}, "1870250": {"hotel_name": "\u5c1a\u5ba2\u4f18\u5feb\u6377\u9152\u5e97(\u9752\u5c9b\u53f0\u4e1c\u5546\u4e1a\u56ed\u5e97)(\u539f\u5ef6\u5b89\u4e09\u8def\u5e97)", "order_time": ["2019-01-12 19:29:47"], "total_order": 1, "hotel_value": ["3.8"], "hotel_price": ["79"]}, "5076674": {"hotel_name": "\u9752\u5c9b\u8ff7\u4f60\u5c0f\u6808", "order_time": ["2019-01-12 19:29:58"], "total_order": 1, "hotel_value": ["4.4"], "hotel_price": ["71"]}, "27089553": {"hotel_name": "\u80f6\u5dde\u6b27\u6a59\u7cbe\u9009\u9152\u5e97", "order_time": ["2019-01-12 19:30:39"], "total_order": 1, "hotel_value": ["5.0"], "hotel_price": ["94"]}, "482305": {"hotel_name": "\u5c1a\u5ba2\u4f18\u5feb\u6377\u9152\u5e97(\u9752\u5c9b\u4e39\u6c5f\u8def\u5317\u82d1\u5e97)", "order_time": ["2019-01-12 19:31:46"], "total_order": 1, "hotel_value": ["4.2"], "hotel_price": ["78"]}, "1935879": {"hotel_name": "\u5982\u5bb6\u5feb\u6377\u9152\u5e97(\u9752\u5c9b\u57ce\u9633\u6625\u9633\u8def\u5bb6\u4f73\u6e90\u5e97)", "order_time": ["2019-01-12 19:33:43"], "total_order": 1, "hotel_value": ["4.6"], "hotel_price": ["104"]}, "6825957": {"hotel_name": "\u9752\u5c9b\u7ef4\u591a\u5229\u4e9a\u54c1\u5982\u5bb6\u56ed\u9152\u5e97\u5f0f\u516c\u5bd3", "order_time": ["2019-01-12 19:33:46"], "total_order": 1, "hotel_value": ["4.4"], "hotel_price": ["564"]}, "2007671": {"hotel_name": "\u80f6\u5dde\u4e1c\u65b9\u5546\u52a1\u5bbe\u9986", "order_time": ["2019-01-12 19:35:28"], "total_order": 1, "hotel_value": [0], "hotel_price": ["88"]}, "4677001": {"hotel_name": "\u9752\u5c9b\u5357\u65b9\u6d77\u5cb8\u5ea6\u5047\u9152\u5e97", "order_time": ["2019-01-12 19:36:05"], "total_order": 1, "hotel_value": ["4.6"], "hotel_price": ["271"]}, "1985306": {"hotel_name": "\u9752\u5c9b\u6d77\u5cb8\u90fd\u5e02\u4e3b\u9898\u9152\u5e97", "order_time": ["2019-01-12 19:36:08"], "total_order": 1, "hotel_value": ["3.9"], "hotel_price": ["128"]}, "1741177": {"hotel_name": "\u91d1\u72ee100\u8fde\u9501\u5bbe\u9986(\u9752\u5c9b\u6d41\u4ead\u673a\u573a\u5e97)", "order_time": ["2019-01-12 19:36:10"], "total_order": 1, "hotel_value": ["3.5"], "hotel_price": ["58"]}, "1786865": {"hotel_name": "\u9752\u5c9b\u597d\u4e16\u754c\u7cbe\u54c1\u9152\u5e97", "order_time": ["2019-01-12 19:36:14"], "total_order": 1, "hotel_value": ["4.8"], "hotel_price": ["116"]}, "5247964": {"hotel_name": "\u5c1a\u5ba2\u4f18\u5feb\u6377\u9152\u5e97(\u9752\u5c9b\u5f00\u53d1\u533a\u5bb6\u4f73\u6e90\u5e97)", "order_time": ["2019-01-12 19:36:16"], "total_order": 1, "hotel_value": ["3.9"], "hotel_price": ["109"]}, "24352363": {"hotel_name": "\u7ef4\u4e5f\u7eb3\u9152\u5e97(\u9752\u5c9b\u9ad8\u65b0\u533a\u7ea2\u5c9b\u9ad8\u94c1\u7ad9\u5e97)", "order_time": ["2019-01-12 19:36:17"], "total_order": 1, "hotel_value": ["4.7"], "hotel_price": ["226"]}, "481742": {"hotel_name": "\u9752\u5c9b\u4e16\u8d38\u6d77\u60a6\u5927\u9152\u5e97", "order_time": ["2019-01-12 19:38:09"], "total_order": 1, "hotel_value": ["4.7"], "hotel_price": ["240"]}, "452522": {"hotel_name": "\u9752\u5c9b\u701a\u6e90\u4e16\u7eaa\u9152\u5e97", "order_time": ["2019-01-12 19:38:11"], "total_order": 1, "hotel_value": ["4.3"], "hotel_price": ["173"]}, "2935119": {"hotel_name": "\u5609\u5fb7\u591c\u8272\u827a\u672f\u4e3b\u9898\u9152\u5e97(\u9752\u5c9b\u674e\u6751\u5730\u94c1\u6b65\u884c\u8857\u706b\u8f66\u5317\u7ad9\u5e97)", "order_time": ["2019-01-12 19:38:13"], "total_order": 1, "hotel_value": ["4.6"], "hotel_price": ["209"]}, "1634510": {"hotel_name": "\u7231\u6765\u5ba2\u5bbe\u9986(\u83b1\u897f\u70df\u53f0\u8def\u5e97)", "order_time": ["2019-01-12 19:39:29"], "total_order": 1, "hotel_value": [0], "hotel_price": ["69"]}, "8396348": {"hotel_name": "\u7a7a\u94c1\u5047\u65e5\u9152\u5e97\u516c\u5bd3(\u9752\u5c9b\u673a\u573a\u4e8c\u5e97)", "order_time": ["2019-01-12 19:40:28"], "total_order": 1, "hotel_value": ["4.4"], "hotel_price": ["188"]}, "8829440": {"hotel_name": "\u9752\u5c9b\u7ea2\u5c9b\u7ecf\u6d4e\u533a\u610f\u5885\u6e7e\u9152\u5e97", "order_time": ["2019-01-12 19:40:30"], "total_order": 1, "hotel_value": ["4.6"], "hotel_price": ["183"]}, "448778": {"hotel_name": "\u660e\u6cfd\u5546\u52a1\u9152\u5e97(\u9752\u5c9b\u5609\u5b9a\u5c71\u516c\u56ed\u5e97)", "order_time": ["2019-01-12 19:40:31"], "total_order": 1, "hotel_value": ["4.8"], "hotel_price": ["83"]}, "10118500": {"hotel_name": "\u90fd\u5e02118\u7cbe\u9009\u9152\u5e97(\u9752\u5c9b\u5bb6\u4f73\u6e90\u4e00\u54c1\u51a0\u5e97)", "order_time": ["2019-01-12 19:40:39"], "total_order": 1, "hotel_value": ["4.6"], "hotel_price": ["127"]}, "24608663": {"hotel_name": "\u9752\u5c9b\u4ece\u90a3\u4ee5\u540e\u9752\u5e74\u65c5\u793e", "order_time": ["2019-01-12 19:40:48"], "total_order": 1, "hotel_value": ["5.0"], "hotel_price": ["25"]}, "1886721": {"hotel_name": "\u9752\u5c9b\u65ed\u65e5\u6b23\u6b23\u65c5\u9986", "order_time": ["2019-01-12 19:40:50"], "total_order": 1, "hotel_value": ["4.0"], "hotel_price": ["36"]}, "1272884": {"hotel_name": "\u83b1\u897f\u60a6\u6d77\u559c\u6765\u9152\u5e97", "order_time": ["2019-01-12 19:41:28"], "total_order": 1, "hotel_value": ["4.4"], "hotel_price": ["292"]}, "1199523": {"hotel_name": "\u4e50\u5bb6\u8f69\u96c5\u81f4\u7cbe\u9009\u516c\u5bd3(\u9752\u5c9b\u5965\u5e06\u4e94\u56db\u5e7f\u573a\u5e97)", "order_time": ["2019-01-12 19:42:38"], "total_order": 1, "hotel_value": ["4.5"], "hotel_price": ["257"]}, "1411642": {"hotel_name": "\u83ab\u4e3d\u7cbe\u54c1\u8fde\u9501\u9152\u5e97(\u9752\u5c9b\u91d1\u6c99\u6ee9\u5e97)", "order_time": ["2019-01-12 19:42:39"], "total_order": 1, "hotel_value": ["3.6"], "hotel_price": ["59"]}, "1871551": {"hotel_name": "\u9752\u5c9b\u76c8\u5ba2\u4f73\u9a7f\u5546\u52a1\u9152\u5e97", "order_time": ["2019-01-12 19:42:50"], "total_order": 1, "hotel_value": ["4.4"], "hotel_price": ["69"]}, "1456032": {"hotel_name": "\u9752\u57ce\u5bbe\u9986(\u9752\u5c9b\u4e8c\u5e97)", "order_time": ["2019-01-12 19:44:41"], "total_order": 1, "hotel_value": ["4.6"], "hotel_price": ["72"]}, "1774898": {"hotel_name": "\u6c49\u5ead\u9152\u5e97(\u9752\u5c9b\u706b\u8f66\u5317\u7ad9\u5e97)", "order_time": ["2019-01-12 19:44:42"], "total_order": 1, "hotel_value": ["4.3"], "hotel_price": ["189"]}, "2018696": {"hotel_name": "\u9752\u5c9b\u91d1\u767e\u6c47\u5bbe\u9986", "order_time": ["2019-01-12 19:44:55"], "total_order": 1, "hotel_value": ["2.4"], "hotel_price": ["44"]}, "5379598": {"hotel_name": "\u683c\u6797\u8c6a\u6cf0\u9152\u5e97(\u80f6\u5dde\u6c7d\u8f66\u603b\u7ad9\u6d77\u5c14\u5927\u9053\u5feb\u6377\u5e97)", "order_time": ["2019-01-12 19:45:55"], "total_order": 1, "hotel_value": ["4.2"], "hotel_price": ["114"]}, "2083026": {"hotel_name": "\u591a\u7ef4\u7cbe\u54c1\u9152\u5e97(\u5e73\u5ea6\u5e97)", "order_time": ["2019-01-12 19:45:55"], "total_order": 1, "hotel_value": ["4.1"], "hotel_price": ["218"]}}}