{"\u5f00\u59cb\u8bb0\u5f55\u65f6\u95f4": "2019-01-13 19:28:57", "\u7ed3\u675f\u8bb0\u5f55\u65f6\u95f4": "2019-01-13 20:34:34", "\u8ba2\u5355\u603b\u589e\u91cf": 284, "item": {"486063": {"hotel_name": "\u9752\u5c9b\u56fd\u4fe1\u6d77\u5929\u4f53\u80b2\u4e2d\u5fc3\u9152\u5e97", "order_time": ["2019-01-13 19:31:51", "2019-01-13 20:11:13"], "total_order": 2, "hotel_value": ["4.5", "4.5"], "hotel_price": ["216", "216"]}, "443641": {"hotel_name": "\u9752\u5c9b\u91d1\u6d77\u5927\u9152\u5e97", "order_time": ["2019-01-13 19:31:51", "2019-01-13 20:32:55"], "total_order": 2, "hotel_value": ["4.4", "4.4"], "hotel_price": ["186", "186"]}, "640472": {"hotel_name": "\u9752\u5c9b\u65af\u7ef4\u767b\u5ea6\u5047\u516c\u5bd3(\u9c81\u90a6\u98ce\u60c5)", "order_time": ["2019-01-13 19:31:52"], "total_order": 1, "hotel_value": ["4.3"], "hotel_price": ["103"]}, "2509075": {"hotel_name": "\u5c1a\u5ba2\u4f18\u9a8f\u6021\u8fde\u9501\u9152\u5e97(\u9752\u5c9b\u519c\u4e1a\u5927\u5b66\u5e97)", "order_time": ["2019-01-13 19:31:54"], "total_order": 1, "hotel_value": ["3.7"], "hotel_price": ["80"]}, "1925767": {"hotel_name": "\u9752\u5c9b\u7d2b\u73a5\u94c2\u5c14\u66fc\u9152\u5e97", "order_time": ["2019-01-13 19:31:57", "2019-01-13 19:49:37", "2019-01-13 19:47:21"], "total_order": 3, "hotel_value": ["4.5", "4.5", "4.5"], "hotel_price": ["381", "381", "381"]}, "17371411": {"hotel_name": "\u9752\u5c9b\u4e1c\u65b9\u5f71\u90fd\u878d\u521b\u7687\u51a0\u5047\u65e5\u9152\u5e97(\u539f\u4e1c\u65b9\u5f71\u90fd\u4e07\u8fbe\u7687\u51a0\u5047\u65e5\u9152\u5e97)", "order_time": ["2019-01-13 19:31:57"], "total_order": 1, "hotel_value": ["4.6"], "hotel_price": ["446"]}, "2310196": {"hotel_name": "\u7231\u5c0a\u5ba2\u9152\u5e97(\u9752\u5c9b\u9999\u6c5f\u8def\u5e97)", "order_time": ["2019-01-13 19:31:59"], "total_order": 1, "hotel_value": ["4.4"], "hotel_price": ["63"]}, "428039": {"hotel_name": "\u548c\u7f8e\u5bb6\u9152\u5e97(\u9752\u5c9b\u9999\u6e2f\u4e1c\u8def\u9752\u5c9b\u5927\u5b66\u6781\u5730\u6d77\u6d0b\u4e16\u754c\u5e97)", "order_time": ["2019-01-13 19:58:08", "2019-01-13 19:32:00", "2019-01-13 19:51:52"], "total_order": 3, "hotel_value": ["4.2", "4.2", "4.2"], "hotel_price": ["78", "78", "78"]}, "6508376": {"hotel_name": "\u6155\u820d\u00b7\u8d1d\u683c\u9152\u5e97\u516c\u5bd3(\u9752\u5c9b\u4e07\u8c61\u57ce\u5965\u5e06\u4e94\u56db\u5e7f\u573a\u5e97)", "order_time": ["2019-01-13 19:32:00"], "total_order": 1, "hotel_value": ["4.9"], "hotel_price": ["258"]}, "18034506": {"hotel_name": "\u6c49\u5510\u9152\u5e97(\u9752\u5c9b\u6d41\u4ead\u673a\u573a\u5e97)", "order_time": ["2019-01-13 19:33:26"], "total_order": 1, "hotel_value": ["4.8"], "hotel_price": ["256"]}, "2301455": {"hotel_name": "\u9526\u6c5f\u4e4b\u661f(\u80f6\u5dde\u5e02\u80f6\u5dde\u4e1c\u8def\u5e97)", "order_time": ["2019-01-13 19:33:34"], "total_order": 1, "hotel_value": ["4.5"], "hotel_price": ["109"]}, "371188": {"hotel_name": "\u9752\u5c9b\u9890\u4e2d\u7687\u51a0\u5047\u65e5\u9152\u5e97", "order_time": ["2019-01-13 19:34:12"], "total_order": 1, "hotel_value": ["4.5"], "hotel_price": ["473"]}, "430544": {"hotel_name": "\u9752\u5c9b\u5feb\u901a\u56fd\u9645\u9152\u5e97", "order_time": ["2019-01-13 19:34:12"], "total_order": 1, "hotel_value": ["4.4"], "hotel_price": ["260"]}, "1938134": {"hotel_name": "\u83ab\u6cf0168(\u9752\u5c9b\u674e\u6751\u5730\u94c1\u7ad9\u6b65\u884c\u8857\u5e97)", "order_time": ["2019-01-13 20:05:01", "2019-01-13 19:34:16"], "total_order": 2, "hotel_value": ["4.5", "4.5"], "hotel_price": ["109", "109"]}, "5024700": {"hotel_name": "\u9752\u5c9b\u591a\u60a6\u9152\u5e97", "order_time": ["2019-01-13 19:34:16"], "total_order": 1, "hotel_value": ["4.4"], "hotel_price": ["94"]}, "5527970": {"hotel_name": "\u9752\u5c9b\u65af\u7ef4\u767b\u5ea6\u5047\u516c\u5bd3(\u57ce\u9633\u673a\u573a\u5e97)", "order_time": ["2019-01-13 19:34:16"], "total_order": 1, "hotel_value": ["4.7"], "hotel_price": ["119"]}, "5733262": {"hotel_name": "\u5343\u5bbf\u5ea6\u5047\u516c\u5bd3(\u9752\u5c9b\u4e3d\u6676\u5fa1\u7b51\u5e97)(\u539f\u5343\u5bbf\u534e\u8bfa\u601d\u5ea6\u5047\u516c\u5bd3)", "order_time": ["2019-01-13 19:34:18"], "total_order": 1, "hotel_value": ["4.6"], "hotel_price": ["137"]}, "2298663": {"hotel_name": "\u7231\u5c0a\u5ba2\u9152\u5e97(\u9752\u5c9b\u4e94\u56db\u5e7f\u573a\u9999\u6e2f\u4e2d\u8def\u5e97)", "order_time": ["2019-01-13 19:34:18"], "total_order": 1, "hotel_value": ["4.6"], "hotel_price": ["125"]}, "539143": {"hotel_name": "\u4e50\u5bb6\u8f69\u7cbe\u54c1\u9152\u5e97\u670d\u52a1\u516c\u5bd3(\u9752\u5c9b\u4f1a\u5c55\u4e2d\u5fc3\u6d77\u6c34\u6d74\u573a\u5e97)", "order_time": ["2019-01-13 19:34:18"], "total_order": 1, "hotel_value": ["4.2"], "hotel_price": ["114"]}, "2304442": {"hotel_name": "7\u5929\u8fde\u9501\u9152\u5e97(\u9752\u5c9b\u6c7d\u8f66\u5317\u7ad9\u5e97)", "order_time": ["2019-01-13 19:34:18"], "total_order": 1, "hotel_value": ["3.9"], "hotel_price": ["109"]}, "1283801": {"hotel_name": "\u6211\u7684\u5730\u76d8\u4e3b\u9898\u9152\u5e97(\u9752\u5c9b\u6b63\u9633\u4e2d\u8def\u5e97)", "order_time": ["2019-01-13 19:34:20"], "total_order": 1, "hotel_value": ["4.5"], "hotel_price": ["124"]}, "2696266": {"hotel_name": "\u9752\u5c9b\u4e1c\u6cf0\u5bbe\u9986", "order_time": ["2019-01-13 19:34:27"], "total_order": 1, "hotel_value": ["4.2"], "hotel_price": ["52"]}, "1861333": {"hotel_name": "\u6e2f\u6e7e\u5370\u8c61\u8fde\u9501\u9152\u5e97(\u9752\u5c9b\u706b\u8f66\u7ad9\u5e97)", "order_time": ["2019-01-13 19:35:22"], "total_order": 1, "hotel_value": ["3.5"], "hotel_price": ["109"]}, "512490": {"hotel_name": "\u9752\u5c9b\u897f\u6d77\u5cb8\u5fb7\u6cf0\u5927\u9152\u5e97", "order_time": ["2019-01-13 19:36:24"], "total_order": 1, "hotel_value": ["4.7"], "hotel_price": ["262"]}, "16018600": {"hotel_name": "\u683c\u6797\u4e1c\u65b9\u9152\u5e97(\u9752\u5c9b\u4e16\u7eaa\u516c\u56ed\u6d41\u4ead\u673a\u573a\u5e97)", "order_time": ["2019-01-13 19:36:24"], "total_order": 1, "hotel_value": ["4.5"], "hotel_price": ["138"]}, "8182955": {"hotel_name": "\u6cca\u4e91\u5c1a\u9009\u5ead\u9662\u9152\u5e97(\u9752\u5c9b\u897f\u6d77\u5cb8\u4e1c\u65b9\u5f71\u90fd\u4e07\u8fbe\u8302\u5e97)", "order_time": ["2019-01-13 19:36:24"], "total_order": 1, "hotel_value": ["4.9"], "hotel_price": ["256"]}, "1541913": {"hotel_name": "\u9752\u5c9b\u6c11\u822a\u673a\u573a\u5bbe\u9986", "order_time": ["2019-01-13 20:19:51", "2019-01-13 19:58:04", "2019-01-13 19:36:27"], "total_order": 3, "hotel_value": ["4.5", "4.5", "4.5"], "hotel_price": ["336", "336", "299"]}, "794951": {"hotel_name": "\u9752\u5c9b\u673a\u573a\u53cb\u4fe1\u822a\u7a7a\u516c\u5bd3", "order_time": ["2019-01-13 20:15:36", "2019-01-13 19:36:29"], "total_order": 2, "hotel_value": ["4.0", "4.0"], "hotel_price": ["149", "149"]}, "425590": {"hotel_name": "\u9752\u5c9b\u946b\u6c5f\u6e29\u5fb7\u59c6\u9152\u5e97", "order_time": ["2019-01-13 19:36:29"], "total_order": 1, "hotel_value": ["4.8"], "hotel_price": ["458"]}, "19438626": {"hotel_name": "\u65af\u7ef4\u767b\u5ea6\u5047\u516c\u5bd3(\u9752\u5c9b\u91d1\u6c99\u6ee9\u540d\u5609\u56fd\u9645)", "order_time": ["2019-01-13 19:36:31"], "total_order": 1, "hotel_value": ["4.7"], "hotel_price": ["189"]}, "5466788": {"hotel_name": "\u82b1\u6eaa\u82b1\u56ed\u9152\u5e97(\u9752\u5c9b\u6d41\u4ead\u673a\u573a\u5e97)", "order_time": ["2019-01-13 19:36:31"], "total_order": 1, "hotel_value": ["4.5"], "hotel_price": ["198"]}, "470369": {"hotel_name": "\u9752\u5c9b\u96cd\u534e\u5ead\u9152\u5e97", "order_time": ["2019-01-13 19:36:31"], "total_order": 1, "hotel_value": ["4.3"], "hotel_price": ["206"]}, "449574": {"hotel_name": "\u9752\u5c9b\u996d\u5e97", "order_time": ["2019-01-13 19:36:31"], "total_order": 1, "hotel_value": ["4.2"], "hotel_price": ["201"]}, "1935879": {"hotel_name": "\u5982\u5bb6\u5feb\u6377\u9152\u5e97(\u9752\u5c9b\u57ce\u9633\u6625\u9633\u8def\u5bb6\u4f73\u6e90\u5e97)", "order_time": ["2019-01-13 19:36:31"], "total_order": 1, "hotel_value": ["4.6"], "hotel_price": ["104"]}, "2312404": {"hotel_name": "\u5c1a\u5ba2\u4f18\u5feb\u6377\u9152\u5e97(\u9752\u5c9b\u9ec4\u5c9b\u738b\u53f0\u5e97)", "order_time": ["2019-01-13 19:36:32"], "total_order": 1, "hotel_value": ["4.5"], "hotel_price": ["134"]}, "5438559": {"hotel_name": "\u4f18\u54c1\u9152\u5e97(\u9752\u5c9b\u56db\u6d41\u5357\u8def\u5e97)", "order_time": ["2019-01-13 19:36:32"], "total_order": 1, "hotel_value": ["4.3"], "hotel_price": ["71"]}, "1165293": {"hotel_name": "\u9752\u5c9b\u5c1a\u54c1\u4e91\u56fe\u5bbe\u9986", "order_time": ["2019-01-13 19:36:35"], "total_order": 1, "hotel_value": ["4.2"], "hotel_price": ["104"]}, "5982552": {"hotel_name": "\u9752\u5c9b\u83f2\u683c\u516c\u5bd3\u9152\u5e97", "order_time": ["2019-01-13 19:36:35"], "total_order": 1, "hotel_value": ["4.5"], "hotel_price": ["115"]}, "1731582": {"hotel_name": "\u591a\u7ef4\u7cbe\u54c1\u9152\u5e97(\u9752\u5c9b\u79d1\u6280\u8857\u5e97)", "order_time": ["2019-01-13 19:36:52"], "total_order": 1, "hotel_value": ["4.0"], "hotel_price": ["78"]}, "1360631": {"hotel_name": "\u5c1a\u5ba2\u4f18\u5feb\u6377\u9152\u5e97(\u9752\u5c9b\u5965\u5e06\u4e2d\u5fc3\u5e97)", "order_time": ["2019-01-13 19:38:40"], "total_order": 1, "hotel_value": ["4.0"], "hotel_price": ["104"]}, "698938": {"hotel_name": "\u9752\u5c9b\u4e16\u56ed\u5047\u65e5\u9152\u5e97", "order_time": ["2019-01-13 19:38:41"], "total_order": 1, "hotel_value": ["4.7"], "hotel_price": ["499"]}, "8290422": {"hotel_name": "\u6c49\u5ead\u9152\u5e97(\u9752\u5c9b\u4e2d\u56fd\u6d77\u6d0b\u5927\u5b66\u5e97)", "order_time": ["2019-01-13 19:38:41"], "total_order": 1, "hotel_value": ["4.7"], "hotel_price": ["199"]}, "1872002": {"hotel_name": "\u9752\u6e38\u8bb0(\u81ea\u7531\u884c\u65d7\u8230)\u56fd\u9645\u9752\u5e74\u65c5\u820d(\u9752\u5c9b\u706b\u8f66\u7ad9\u6808\u6865\u5288\u67f4\u9662\u4e2d\u5c71\u8def\u5e97)", "order_time": ["2019-01-13 19:38:42"], "total_order": 1, "hotel_value": ["4.8"], "hotel_price": ["9"]}, "1725780": {"hotel_name": "678\u673a\u573a\u9152\u5e97", "order_time": ["2019-01-13 19:38:43"], "total_order": 1, "hotel_value": ["4.4"], "hotel_price": ["111"]}, "24532652": {"hotel_name": "\u5586\u5561\u9152\u5e97(\u9752\u5c9b\u77f3\u6cb9\u5927\u5b66\u5e97)", "order_time": ["2019-01-13 19:38:47"], "total_order": 1, "hotel_value": ["4.9"], "hotel_price": ["168"]}, "2023820": {"hotel_name": "\u9752\u5c9b\u65b9\u5706\u65c5\u9986", "order_time": ["2019-01-13 19:38:52"], "total_order": 1, "hotel_value": ["4.7"], "hotel_price": ["42"]}, "2300560": {"hotel_name": "7\u5929\u8fde\u9501\u9152\u5e97(\u9752\u5c9b\u4e2d\u5c71\u516c\u56ed\u6d77\u6c34\u6d74\u573a\u5e97)", "order_time": ["2019-01-13 19:38:53"], "total_order": 1, "hotel_value": ["4.2"], "hotel_price": ["59"]}, "2254847": {"hotel_name": "\u5353\u8fbe\u5546\u52a1\u5bbe\u9986(\u9752\u5c9b\u5317\u7ad9\u5e97)(\u539f\u6d77\u903899\u5feb\u6377\u5bbe\u9986)", "order_time": ["2019-01-13 19:38:53"], "total_order": 1, "hotel_value": ["3.9"], "hotel_price": ["69"]}, "5980423": {"hotel_name": "\u89c2\u6d77\u57ce\u6d77\u666f\u516c\u5bd3(\u9752\u5c9b\u706b\u8f66\u7ad9\u6808\u6865\u5e97)", "order_time": ["2019-01-13 19:38:55"], "total_order": 1, "hotel_value": ["4.7"], "hotel_price": ["561"]}, "891096": {"hotel_name": "\u84dd\u6d77\u5927\u996d\u5e97(\u9752\u5c9b\u541b\u5cf0\u8def\u5730\u94c1\u7ad9\u5e97)(\u539f\u674e\u6ca7\u5e97)", "order_time": ["2019-01-13 19:39:44"], "total_order": 1, "hotel_value": ["4.6"], "hotel_price": ["356"]}, "8575913": {"hotel_name": "\u9752\u5c9b\u6c90\u98ce\u542c\u6d77\u9152\u5e97\u5f0f\u516c\u5bd3", "order_time": ["2019-01-13 19:40:46"], "total_order": 1, "hotel_value": ["4.9"], "hotel_price": ["91"]}, "21122269": {"hotel_name": "\u9752\u5c9b\u84dd\u6735\u6d77\u666f\u5047\u65e5\u516c\u5bd3", "order_time": ["2019-01-13 19:40:47"], "total_order": 1, "hotel_value": ["4.9"], "hotel_price": ["793"]}, "2043775": {"hotel_name": "\u9752\u5c9b\u6816\u820d\u827a\u672f\u9152\u5e97", "order_time": ["2019-01-13 19:40:48"], "total_order": 1, "hotel_value": ["4.3"], "hotel_price": ["103"]}, "427982": {"hotel_name": "\u5982\u5bb6\u5feb\u6377\u9152\u5e97(\u9752\u5c9b\u4e2d\u5c71\u8def\u5fb7\u56fd\u98ce\u60c5\u8857\u5e97)", "order_time": ["2019-01-13 19:40:50"], "total_order": 1, "hotel_value": ["4.5"], "hotel_price": ["84"]}, "1649471": {"hotel_name": "\u9752\u5c9b\u5b8f\u8fd0\u4e1c\u90fd\u5927\u9152\u5e97", "order_time": ["2019-01-13 19:40:51"], "total_order": 1, "hotel_value": ["4.6"], "hotel_price": ["145"]}, "2323444": {"hotel_name": "\u9752\u5c9b\u9890\u6d77\u82d1\u9ad8\u6821\u5bbe\u9986", "order_time": ["2019-01-13 19:40:53"], "total_order": 1, "hotel_value": ["4.3"], "hotel_price": ["113"]}, "5667955": {"hotel_name": "\u542f\u9f99\u5546\u52a1\u5bbe\u9986(\u9752\u5c9b\u65b9\u7279\u6e38\u4e50\u573a\u5e97)", "order_time": ["2019-01-13 19:40:57"], "total_order": 1, "hotel_value": ["3.6"], "hotel_price": ["100"]}, "13953172": {"hotel_name": "\u9752\u5c9b\u9633\u5149\u4e00\u54c1\u5ea6\u5047\u516c\u5bd3", "order_time": ["2019-01-13 19:40:58"], "total_order": 1, "hotel_value": ["4.3"], "hotel_price": ["74"]}, "2304373": {"hotel_name": "\u9752\u5c9b\u56fd\u4fe1\u6d77\u5929\u96a7\u9053\u9152\u5e97", "order_time": ["2019-01-13 19:41:02"], "total_order": 1, "hotel_value": ["4.2"], "hotel_price": ["220"]}, "4328415": {"hotel_name": "\u83b1\u897f\u5929\u58e4\u7cbe\u54c1\u9152\u5e97", "order_time": ["2019-01-13 19:41:52"], "total_order": 1, "hotel_value": ["4.4"], "hotel_price": ["119"]}, "2613795": {"hotel_name": "\u90fd\u5e02118(\u83b1\u897f\u6708\u6e56\u516c\u56ed\u5e97)", "order_time": ["2019-01-13 19:41:53"], "total_order": 1, "hotel_value": ["4.4"], "hotel_price": ["124"]}, "5463909": {"hotel_name": "\u9752\u5c9b\u8fd0\u6cf0\u5927\u9152\u5e97\uff08\u5d02\u5c71\u4f1a\u5c55\u4e2d\u5fc3\u5e97\uff09", "order_time": ["2019-01-13 19:42:56"], "total_order": 1, "hotel_value": ["4.5"], "hotel_price": ["126"]}, "1434596": {"hotel_name": "\u91cc\u9662\u5ba2\u6808(\u9752\u5c9b\u706b\u8f66\u7ad9\u5e97)", "order_time": ["2019-01-13 20:24:02", "2019-01-13 19:42:59", "2019-01-13 20:07:05"], "total_order": 3, "hotel_value": ["4.5", "4.5", "4.5"], "hotel_price": ["63", "63", "63"]}, "2031556": {"hotel_name": "\u9752\u5c9b\u4e2d\u8054\u81ea\u7531\u6e2f\u6e7e\u6d77\u666f\u5ea6\u5047\u516c\u5bd3", "order_time": ["2019-01-13 19:42:59"], "total_order": 1, "hotel_value": ["4.6"], "hotel_price": ["79"]}, "10186829": {"hotel_name": "\u9526\u6c5f\u90fd\u57ce(\u9752\u5c9b\u65b0\u90fd\u5fc3\u5e97)", "order_time": ["2019-01-13 19:43:01"], "total_order": 1, "hotel_value": ["4.6"], "hotel_price": ["271"]}, "2262529": {"hotel_name": "\u9752\u5c9b\u5373\u58a8\u5e0c\u5c14\u987f\u9038\u6797\u9152\u5e97", "order_time": ["2019-01-13 19:43:01"], "total_order": 1, "hotel_value": ["4.6"], "hotel_price": ["450"]}, "3031195": {"hotel_name": "\u5982\u5bb6\u8054\u76df\u00b7\u534e\u9a7f\u9152\u5e97(\u9752\u5c9b\u56fd\u9645\u4f1a\u5c55\u4e2d\u5fc3\u77f3\u8001\u4eba\u6d74\u573a\u5e97)", "order_time": ["2019-01-13 19:43:01"], "total_order": 1, "hotel_value": ["3.8"], "hotel_price": ["79"]}, "2349816": {"hotel_name": "\u9752\u5c9b\u798f\u81f4\u5546\u52a1\u4e3b\u9898\u7cbe\u54c1\u9152\u5e97", "order_time": ["2019-01-13 20:07:07", "2019-01-13 19:43:02"], "total_order": 2, "hotel_value": ["4.5", "4.5"], "hotel_price": ["89", "89"]}, "2071300": {"hotel_name": "\u4eac\u82d1\u8fde\u9501\u827a\u672f\u9152\u5e97(\u9752\u5c9b\u5fb7\u56fd\u98ce\u60c5\u8857\u5e97)", "order_time": ["2019-01-13 19:43:04"], "total_order": 1, "hotel_value": ["4.3"], "hotel_price": ["55"]}, "9361728": {"hotel_name": "\u9752\u5c9b\u6d45\u91ce\u516c\u5bd3", "order_time": ["2019-01-13 19:43:06", "2019-01-13 20:15:36"], "total_order": 2, "hotel_value": ["4.6", "4.6"], "hotel_price": ["118", "138"]}, "1269417": {"hotel_name": "\u9752\u5c9b\u5f7c\u5cb8\u9633\u5149\u4e3b\u9898\u5bbe\u9986", "order_time": ["2019-01-13 19:43:12"], "total_order": 1, "hotel_value": ["4.2"], "hotel_price": ["64"]}, "8829440": {"hotel_name": "\u9752\u5c9b\u7ea2\u5c9b\u7ecf\u6d4e\u533a\u610f\u5885\u6e7e\u9152\u5e97", "order_time": ["2019-01-13 20:24:05", "2019-01-13 19:43:12"], "total_order": 2, "hotel_value": ["4.6", "4.6"], "hotel_price": ["228", "278"]}, "346318": {"hotel_name": "\u9752\u5c9b\u80f6\u5dde\u7eff\u57ce\u559c\u6765\u767b\u9152\u5e97", "order_time": ["2019-01-13 19:44:02"], "total_order": 1, "hotel_value": ["4.6"], "hotel_price": ["550"]}, "1287683": {"hotel_name": "\u90fd\u5e02118(\u80f6\u5dde\u5e02\u4e2d\u5fc3\u5927\u6da6\u53d1\u5e97)", "order_time": ["2019-01-13 19:44:03"], "total_order": 1, "hotel_value": ["4.3"], "hotel_price": ["124"]}, "5466976": {"hotel_name": "\u56db\u5b63\u7cbe\u9009\u9152\u5e97\u516c\u5bd3(\u9752\u5c9b\u81ea\u7531\u6e2f\u6e7e\u5e97)(\u539f\u67cf\u5c4b\u9152\u5e97\u516c\u5bd3)", "order_time": ["2019-01-13 19:45:06"], "total_order": 1, "hotel_value": ["4.6"], "hotel_price": ["120"]}, "995168": {"hotel_name": "\u94f6\u5ea7\u4f73\u9a7f\u9152\u5e97(\u5373\u58a8\u9e64\u5c71\u8def\u4f73\u4e50\u5bb6\u4e8c\u5e97)", "order_time": ["2019-01-13 20:02:40", "2019-01-13 19:45:07"], "total_order": 2, "hotel_value": ["4.4", "4.4"], "hotel_price": ["81", "81"]}, "2087214": {"hotel_name": "\u5e03\u4e01\u9152\u5e97(\u9752\u5c9b\u706b\u8f66\u7ad9\u6808\u6865\u5e97)", "order_time": ["2019-01-13 19:45:07"], "total_order": 1, "hotel_value": ["4.0"], "hotel_price": ["52"]}, "669110": {"hotel_name": "\u9752\u5c9b\u5e7f\u4e1a\u9526\u6c5f\u5927\u9152\u5e97", "order_time": ["2019-01-13 19:45:09"], "total_order": 1, "hotel_value": ["4.6"], "hotel_price": ["384"]}, "23227885": {"hotel_name": "\u9752\u5c9b\u683c\u96f7\u65af\u7cbe\u9009\u9152\u5e97", "order_time": ["2019-01-13 19:45:11"], "total_order": 1, "hotel_value": ["4.8"], "hotel_price": ["243"]}, "22416789": {"hotel_name": "\u9752\u5c9b\u5bb9\u9526\u9152\u5e97", "order_time": ["2019-01-13 19:45:12"], "total_order": 1, "hotel_value": ["4.7"], "hotel_price": ["102"]}, "1613449": {"hotel_name": "\u591a\u7ef4\u7a7a\u95f4\u7cbe\u54c1\u9152\u5e97(\u9752\u5c9b\u674e\u6751\u6b65\u884c\u8857\u5e97)", "order_time": ["2019-01-13 19:45:12"], "total_order": 1, "hotel_value": ["4.3"], "hotel_price": ["124"]}, "2599635": {"hotel_name": "\u5982\u5bb6\u5feb\u6377\u9152\u5e97(\u9752\u5c9b\u6d41\u4ead\u673a\u573a\u9ed1\u9f99\u6c5f\u5317\u8def\u57ce\u4e2d\u57ce\u5e97)", "order_time": ["2019-01-13 19:45:12"], "total_order": 1, "hotel_value": ["4.6"], "hotel_price": ["157"]}, "1411665": {"hotel_name": "\u6377\u5229\u83b1\u5546\u52a1\u5bbe\u9986(\u9752\u5c9b\u674e\u6ca7\u6d77\u5c14\u5de5\u4e1a\u56ed\u5e97)", "order_time": ["2019-01-13 19:53:54", "2019-01-13 19:45:12"], "total_order": 2, "hotel_value": ["4.3", "4.3"], "hotel_price": ["70", "70"]}, "8670998": {"hotel_name": "\u9752\u5c9b\u767e\u8109\u660e\u73e0\u82b1\u56ed\u9152\u5e97", "order_time": ["2019-01-13 19:45:15"], "total_order": 1, "hotel_value": ["4.6"], "hotel_price": ["96"]}, "2304020": {"hotel_name": "\u9752\u5c9b\u6b27\u98de\u8fde\u9501\u9152\u5e97\u4e94\u56db\u5e7f\u573a\u5e97", "order_time": ["2019-01-13 19:45:16"], "total_order": 1, "hotel_value": ["4.2"], "hotel_price": ["79"]}, "5896610": {"hotel_name": "\u9752\u5c9b\u6d77\u8fb9\u4eba\u5bb6\u6d77\u666f\u5ea6\u5047\u516c\u5bd3\u4e2d\u8054\u81ea\u7531\u6e2f\u6e7e\u5e97", "order_time": ["2019-01-13 19:45:18"], "total_order": 1, "hotel_value": ["4.6"], "hotel_price": ["60"]}, "5306612": {"hotel_name": "\u5c1a\u5ba2\u4f18\u9a8f\u6021\u8fde\u9501\u9152\u5e97(\u9752\u5c9b\u6c7d\u8f66\u5317\u7ad9\u5e97)", "order_time": ["2019-01-13 19:45:34", "2019-01-13 20:03:07"], "total_order": 2, "hotel_value": ["3.4", "3.4"], "hotel_price": ["70", "70"]}, "21146606": {"hotel_name": "\u9752\u5c9b\u5de6\u5cb8\u7cbe\u54c1\u9752\u5e74\u516c\u5bd3", "order_time": ["2019-01-13 19:46:06"], "total_order": 1, "hotel_value": ["4.9"], "hotel_price": ["84"]}, "4739845": {"hotel_name": "\u80f6\u5dde\u9752\u5c9b\u4ed6\u5979\u5ba2\u6808", "order_time": ["2019-01-13 19:46:10"], "total_order": 1, "hotel_value": [0], "hotel_price": ["87"]}, "1317308": {"hotel_name": "\u6c49\u5ead\u9152\u5e97\uff08\u9752\u5c9b\u516b\u5927\u5173\u592a\u5e73\u89d2\u516c\u56ed\u5730\u94c1\u7ad9\u5e97\uff09\uff08\u539f\u516b\u5927\u5173\u5e97)", "order_time": ["2019-01-13 19:47:16"], "total_order": 1, "hotel_value": ["4.6"], "hotel_price": ["161"]}, "1691841": {"hotel_name": "\u91d1\u5c71\u57ce\u5927\u9152\u5e97(\u9752\u5c9b\u5927\u6c99\u8def\u5e97)", "order_time": ["2019-01-13 19:47:17"], "total_order": 1, "hotel_value": ["4.0"], "hotel_price": ["74"]}, "6867572": {"hotel_name": "\u9752\u5c9b\u660e\u6708\u6d77\u6d0b\u751f\u6d3b\u5bb6\u9152\u5e97", "order_time": ["2019-01-13 19:47:19"], "total_order": 1, "hotel_value": ["4.7"], "hotel_price": ["198"]}, "1426280": {"hotel_name": "\u91d1\u6d77\u7ea2\u5b87\u5bbe\u9986(\u9752\u5c9b\u706b\u8f66\u7ad9\u897f\u5e7f\u573a\u5e97)", "order_time": ["2019-01-13 19:47:21"], "total_order": 1, "hotel_value": ["4.6"], "hotel_price": ["109"]}, "443607": {"hotel_name": "\u9752\u5c9b\u6052\u90fd\u884c\u653f\u9152\u5e97", "order_time": ["2019-01-13 20:26:15", "2019-01-13 20:28:32", "2019-01-13 19:47:22"], "total_order": 3, "hotel_value": ["4.1", "4.1", "4.1"], "hotel_price": ["81", "81", "81"]}, "2045228": {"hotel_name": "\u5e73\u5ea6\u8d5b\u5bb6\u5ba2\u623f", "order_time": ["2019-01-13 19:48:53"], "total_order": 1, "hotel_value": ["4.2"], "hotel_price": ["88"]}, "8806764": {"hotel_name": "\u9752\u5c9b\u4e07\u4e3d\u6d77\u666f\u5ea6\u5047\u516c\u5bd3\u4e2d\u8054\u81ea\u7531\u6e2f\u6e7e\u5e97", "order_time": ["2019-01-13 20:15:34", "2019-01-13 19:49:33", "2019-01-13 20:05:02"], "total_order": 3, "hotel_value": ["4.5", "4.5", "4.5"], "hotel_price": ["294", "294", "294"]}, "5673703": {"hotel_name": "\u9752\u5c9b\u673a\u573a\u5bcc\u534e\u9152\u5e97(\u9999\u6e2f\u4e2d\u8def\u5e97)", "order_time": ["2019-01-13 19:49:37", "2019-01-13 19:56:00"], "total_order": 2, "hotel_value": ["4.5", "4.5"], "hotel_price": ["210", "210"]}, "1374289": {"hotel_name": "\u83ab\u6cf0168(\u9752\u5c9b\u5f00\u53d1\u533a\u957f\u6c5f\u4e2d\u8def\u533a\u653f\u5e9c\u91d1\u6c99\u6ee9\u5e97)", "order_time": ["2019-01-13 19:49:38"], "total_order": 1, "hotel_value": ["4.4"], "hotel_price": ["109"]}, "2620136": {"hotel_name": "7\u5929\u8fde\u9501\u9152\u5e97(\u9752\u5c9b\u674e\u6ca7\u4e07\u8fbe\u5e7f\u573a\u5e97)", "order_time": ["2019-01-13 19:49:39"], "total_order": 1, "hotel_value": ["4.6"], "hotel_price": ["115"]}, "1372374": {"hotel_name": "\u5982\u5bb6\u5feb\u6377\u9152\u5e97(\u9752\u5c9b\u56db\u65b9\u957f\u9014\u7ad9\u5ba3\u5316\u8def\u5e97)", "order_time": ["2019-01-13 19:49:40"], "total_order": 1, "hotel_value": ["4.6"], "hotel_price": ["103"]}, "1226339": {"hotel_name": "\u9752\u5c9b\u90a3\u9c81\u6e7e\u8f69\u5b87\u670d\u52a1\u516c\u5bd3(\u539f\u8fbe\u4ee4\u6e2f\u8f69\u5b87\u670d\u52a1\u516c\u5bd3)", "order_time": ["2019-01-13 19:49:41"], "total_order": 1, "hotel_value": ["5.0"], "hotel_price": ["111"]}, "2097028": {"hotel_name": "\u683c\u6797\u8c6a\u6cf0(\u9752\u5c9b\u706b\u8f66\u7ad9\u6808\u6865\u6e38\u8247\u7801\u5934\u5e97)", "order_time": ["2019-01-13 19:49:41"], "total_order": 1, "hotel_value": ["4.1"], "hotel_price": ["99"]}, "690618": {"hotel_name": "\u9752\u5c9b\u4e09\u516d\u516b\u8fde\u9501\u5bbe\u9986(\u6d41\u4ead\u673a\u573a\u5e97)", "order_time": ["2019-01-13 19:49:43"], "total_order": 1, "hotel_value": ["4.0"], "hotel_price": ["65"]}, "24624112": {"hotel_name": "\u9752\u5c9b\u4e91\u95f4\u5ba2\u6808", "order_time": ["2019-01-13 19:49:43"], "total_order": 1, "hotel_value": ["4.9"], "hotel_price": ["103"]}, "1730337": {"hotel_name": "\u9752\u5c9b\u534e\u6b27\u660e\u73e0\u9152\u5e97", "order_time": ["2019-01-13 19:49:43"], "total_order": 1, "hotel_value": ["4.2"], "hotel_price": ["99"]}, "1695052": {"hotel_name": "\u591a\u7ef4\u7cbe\u54c1\u9152\u5e97\u798f\u5dde\u5357\u8def\u5e97", "order_time": ["2019-01-13 19:49:45"], "total_order": 1, "hotel_value": ["4.3"], "hotel_price": ["83"]}, "994155": {"hotel_name": "\u5982\u5bb6\u5feb\u6377\u9152\u5e97(\u9752\u5c9b\u91cd\u5e86\u5357\u8def\u4e07\u79d1\u57ce\u5e97)", "order_time": ["2019-01-13 19:51:45"], "total_order": 1, "hotel_value": ["4.6"], "hotel_price": ["119"]}, "21807735": {"hotel_name": "\u5f71\u5de2\u7535\u5f71\u9152\u5e97(\u9752\u5c9b\u56db\u680b\u4e5d\u4e8c\u96f6\u5e97)", "order_time": ["2019-01-13 19:51:45"], "total_order": 1, "hotel_value": ["4.8"], "hotel_price": ["144"]}, "994153": {"hotel_name": "\u5982\u5bb6\u5feb\u6377\u9152\u5e97(\u9752\u5c9b\u706b\u8f66\u5317\u7ad9\u5e97)", "order_time": ["2019-01-13 19:51:45"], "total_order": 1, "hotel_value": ["4.3"], "hotel_price": ["152"]}, "6856473": {"hotel_name": "\u9752\u5c9b\u6808\u6865\u7cbe\u54c1\u6d77\u666f\u65e5\u79df\u623f", "order_time": ["2019-01-13 19:52:05"], "total_order": 1, "hotel_value": ["4.7"], "hotel_price": ["30"]}, "1362922": {"hotel_name": "\u9752\u5c9b\u7ea2\u661f\u6d77\u8fb9\u5ba2\u6808", "order_time": ["2019-01-13 19:52:27"], "total_order": 1, "hotel_value": ["4.3"], "hotel_price": ["194"]}, "2163140": {"hotel_name": "\u83b1\u897f\u827e\u5ead\u5546\u52a1\u9152\u5e97", "order_time": ["2019-01-13 19:52:58"], "total_order": 1, "hotel_value": ["4.4"], "hotel_price": ["89"]}, "16203907": {"hotel_name": "\u67ab\u53f6\u9152\u5e97\u5f0f\u516c\u5bd3(\u9752\u5c9b\u77f3\u6cb9\u5927\u5b66\u543e\u60a6\u5e7f\u573a\u5e97)", "order_time": ["2019-01-13 20:02:40", "2019-01-13 20:07:06", "2019-01-13 19:53:56", "2019-01-13 20:13:28"], "total_order": 4, "hotel_value": ["4.8", "4.8", "4.8", "4.8"], "hotel_price": ["398", "398", "398", "398"]}, "1302230": {"hotel_name": "\u7231\u5ba2100\u8fde\u9501\u5bbe\u9986(\u9752\u5c9b\u7231\u604b\u65f6\u5149\u4e3b\u9898\u5e97)", "order_time": ["2019-01-13 19:54:04"], "total_order": 1, "hotel_value": ["3.9"], "hotel_price": ["69"]}, "8531492": {"hotel_name": "\u9752\u5c9b\u6c34\u4e91\u8fb9\u57ce\u6d77\u666f\u5ea6\u5047\u516c\u5bd3\u90a3\u9c81\u6e7e\u5e97", "order_time": ["2019-01-13 19:54:08", "2019-01-13 20:07:23"], "total_order": 2, "hotel_value": ["4.8", "4.8"], "hotel_price": ["86", "88"]}, "1692911": {"hotel_name": "\u9752\u5c9b\u6808\u6865\u6d69\u6d77\u84dd\u5ead\u89c2\u6d77\u65e5\u79df\u623f(\u539f\u6d69\u6d77\u84dd\u5ead\u89c2\u6d77\u516c\u5bd3)", "order_time": ["2019-01-13 19:54:09"], "total_order": 1, "hotel_value": ["4.8"], "hotel_price": ["48"]}, "797235": {"hotel_name": "\u9752\u5c9b\u7f8e\u8d24\u5c45\u673a\u573a\u5bbe\u9986", "order_time": ["2019-01-13 19:54:13"], "total_order": 1, "hotel_value": ["3.5"], "hotel_price": ["115"]}, "9188985": {"hotel_name": "\u5b9c\u6e7e\u4e3b\u9898\u9152\u5e97(\u9752\u5c9b\u706b\u8f66\u5317\u7ad9\u5e97)", "order_time": ["2019-01-13 19:54:18"], "total_order": 1, "hotel_value": ["2.6"], "hotel_price": ["69"]}, "429108": {"hotel_name": "\u9752\u5c9b\u94f6\u6c99\u6ee9\u6e29\u5fb7\u59c6\u81f3\u5c0a\u9152\u5e97", "order_time": ["2019-01-13 19:56:00"], "total_order": 1, "hotel_value": ["4.5"], "hotel_price": ["414"]}, "840717": {"hotel_name": "\u9752\u5c9b\u674e\u6ca7\u7eff\u57ce\u559c\u6765\u767b\u9152\u5e97", "order_time": ["2019-01-13 19:56:03"], "total_order": 1, "hotel_value": ["4.7"], "hotel_price": ["592"]}, "1732226": {"hotel_name": "\u5373\u58a8\u798f\u767e\u5e74\u5546\u52a1\u9152\u5e97", "order_time": ["2019-01-13 19:56:11"], "total_order": 1, "hotel_value": ["4.7"], "hotel_price": ["128"]}, "5147819": {"hotel_name": "\u6c49\u5ead\u9152\u5e97(\u9752\u5c9b\u7535\u5b50\u4fe1\u606f\u57ce\u5e97)", "order_time": ["2019-01-13 19:58:03"], "total_order": 1, "hotel_value": ["4.4"], "hotel_price": ["113"]}, "10823774": {"hotel_name": "\u5982\u5bb6\u5546\u65c5\u9152\u5e97(\u9752\u5c9b\u5373\u58a8\u56fd\u9645\u535a\u89c8\u4e2d\u5fc3\u5c71\u4e1c\u5927\u5b66\u5e97)", "order_time": ["2019-01-13 19:58:03"], "total_order": 1, "hotel_value": ["4.6"], "hotel_price": ["159"]}, "371190": {"hotel_name": "\u9752\u5c9b\u9999\u683c\u91cc\u62c9\u5927\u9152\u5e97", "order_time": ["2019-01-13 20:28:37", "2019-01-13 19:58:05", "2019-01-13 20:04:53"], "total_order": 3, "hotel_value": ["4.7", "4.7", "4.7"], "hotel_price": ["748", "748", "748"]}, "1826819": {"hotel_name": "\u9752\u5c9b\u6ee8\u6cb3\u540d\u8f69\u5546\u52a1\u5bbe\u9986\uff08\u68d8\u6d2a\u6ee9\u5e97\uff09", "order_time": ["2019-01-13 19:58:05"], "total_order": 1, "hotel_value": ["4.4"], "hotel_price": ["121"]}, "2084467": {"hotel_name": "\u9752\u5c9b678\u673a\u573a\u516c\u5bd3\u9152\u5e97(\u7533\u6e2f\u82b1\u56ed\u5e97)", "order_time": ["2019-01-13 19:58:06"], "total_order": 1, "hotel_value": ["4.6"], "hotel_price": ["135"]}, "992456": {"hotel_name": "\u9752\u5c9b\u540d\u90fd\u51ef\u83b1\u9152\u5e97", "order_time": ["2019-01-13 19:58:07"], "total_order": 1, "hotel_value": ["4.4"], "hotel_price": ["428"]}, "8575831": {"hotel_name": "\u5c1a\u5ba2\u4f18\u7cbe\u9009\u9152\u5e97(\u9752\u5c9b\u57ce\u9633\u5229\u7fa4\u5e97)", "order_time": ["2019-01-13 19:58:07"], "total_order": 1, "hotel_value": ["4.7"], "hotel_price": ["154"]}, "443976": {"hotel_name": "\u90fd\u5e02118(\u9752\u5c9b\u674e\u6ca7\u6b65\u884c\u8857\u5e97)", "order_time": ["2019-01-13 19:58:08"], "total_order": 1, "hotel_value": ["4.6"], "hotel_price": ["84"]}, "485385": {"hotel_name": "\u9752\u5c9b\u591a\u7459\u6cb3\u56fd\u9645\u5927\u9152\u5e97", "order_time": ["2019-01-13 19:58:08"], "total_order": 1, "hotel_value": ["4.4"], "hotel_price": ["242"]}, "1372825": {"hotel_name": "\u5982\u5bb6\u5feb\u6377\u9152\u5e97(\u9752\u5c9b\u674e\u6ca7\u4e5d\u6c34\u8def\u4e07\u8fbe\u5e7f\u573a\u5e97)", "order_time": ["2019-01-13 19:58:10"], "total_order": 1, "hotel_value": ["4.5"], "hotel_price": ["142"]}, "2302238": {"hotel_name": "\u5c1a\u5ba2\u4f18\u5feb\u6377\u9152\u5e97(\u9752\u5c9b\u859b\u5bb6\u5c9b\u91d1\u6c99\u6ee9\u5e97)", "order_time": ["2019-01-13 19:58:10"], "total_order": 1, "hotel_value": ["4.5"], "hotel_price": ["81"]}, "1199523": {"hotel_name": "\u4e50\u5bb6\u8f69\u96c5\u81f4\u7cbe\u9009\u516c\u5bd3(\u9752\u5c9b\u5965\u5e06\u4e94\u56db\u5e7f\u573a\u5e97)", "order_time": ["2019-01-13 19:58:10"], "total_order": 1, "hotel_value": ["4.5"], "hotel_price": ["184"]}, "8615986": {"hotel_name": "\u7231\u8bed\u542c\u6d77\u5047\u65e5\u9152\u5e97\u5f0f\u516c\u5bd3\uff08\u9752\u5c9b\u65b0\u57ce\u543e\u60a6\u5e7f\u573a\u5e97\uff09", "order_time": ["2019-01-13 19:58:14"], "total_order": 1, "hotel_value": ["4.5"], "hotel_price": ["89"]}, "1728930": {"hotel_name": "\u83b1\u897f\u8c6a\u90a6\u5ea6\u5047\u6751", "order_time": ["2019-01-13 19:59:41"], "total_order": 1, "hotel_value": ["4.3"], "hotel_price": ["370"]}, "1985439": {"hotel_name": "\u94f6\u5ea7\u4f73\u9a7f\u9152\u5e97(\u80f6\u5dde\u706b\u8f66\u7ad9\u5e97)", "order_time": ["2019-01-13 19:59:41"], "total_order": 1, "hotel_value": ["4.6"], "hotel_price": ["88"]}, "430396": {"hotel_name": "\u9752\u5c9b\u5b9d\u9f99\u798f\u670b\u559c\u6765\u767b\u9152\u5e97", "order_time": ["2019-01-13 20:00:24"], "total_order": 1, "hotel_value": ["4.6"], "hotel_price": ["499"]}, "929520": {"hotel_name": "\u83ab\u6cf0168(\u9752\u5c9b\u674e\u6751\u5730\u94c1\u7ad9\u5cf0\u5c71\u8def\u5e97)(\u539f\u674e\u6ca7\u5e7f\u573a\u5cf0\u5c71\u8def\u5e97)", "order_time": ["2019-01-13 20:00:25"], "total_order": 1, "hotel_value": ["4.5"], "hotel_price": ["109"]}, "2310195": {"hotel_name": "\u591a\u7ef4\u7cbe\u54c1\u9152\u5e97(\u9752\u5c9b\u53f0\u4e1c\u4e07\u4f73\u5e97)", "order_time": ["2019-01-13 20:00:31"], "total_order": 1, "hotel_value": ["4.3"], "hotel_price": ["94"]}, "1406840": {"hotel_name": "\u6d3e\u9152\u5e97(\u9752\u5c9b\u706b\u8f66\u7ad9\u5e97)", "order_time": ["2019-01-13 20:00:40"], "total_order": 1, "hotel_value": ["3.8"], "hotel_price": ["61"]}, "13988041": {"hotel_name": "\u9752\u5c9b\u4e2d\u6613\u5c1a\u54c1\u6d77\u666f\u5ea6\u5047\u516c\u5bd3", "order_time": ["2019-01-13 20:00:41"], "total_order": 1, "hotel_value": ["4.4"], "hotel_price": ["69"]}, "8576099": {"hotel_name": "\u745e\u66fc\u8fbe\u9152\u5e97(\u80f6\u5dde\u4e2d\u5fc3\u5e97)", "order_time": ["2019-01-13 20:02:01", "2019-01-13 20:29:55"], "total_order": 2, "hotel_value": ["4.8", "4.8"], "hotel_price": ["240", "240"]}, "1775197": {"hotel_name": "\u9526\u6c5f\u4e4b\u661f\u54c1\u5c1a(\u9752\u5c9b\u6cb3\u5357\u8def\u706b\u8f66\u7ad9\u5e97)4S\u5347\u7ea7\u5e97", "order_time": ["2019-01-13 20:02:41"], "total_order": 1, "hotel_value": ["4.5"], "hotel_price": ["129"]}, "393099": {"hotel_name": "\u9752\u5c9b\u5bcc\u529b\u827e\u7f8e\u9152\u5e97", "order_time": ["2019-01-13 20:02:42"], "total_order": 1, "hotel_value": ["4.6"], "hotel_price": ["531"]}, "1208545": {"hotel_name": "\u5373\u58a8\u559c\u5ba2\u6765\u9152\u5e97", "order_time": ["2019-01-13 20:02:42"], "total_order": 1, "hotel_value": ["4.5"], "hotel_price": ["242"]}, "19828310": {"hotel_name": "\u62dc\u767b\u516c\u5bd3\u00b7\u9752\u5c9b\u57ce\u9633\u6b63\u9633\u8def\u5e97", "order_time": ["2019-01-13 20:02:42"], "total_order": 1, "hotel_value": ["4.7"], "hotel_price": ["108"]}, "996591": {"hotel_name": "\u9752\u5c9b\u5b8f\u8fd0\u5927\u9152\u5e97", "order_time": ["2019-01-13 20:02:42"], "total_order": 1, "hotel_value": ["4.6"], "hotel_price": ["139"]}, "13180834": {"hotel_name": "\u5c1a\u5ba2\u4f18\u7cbe\u9009\u9152\u5e97(\u9752\u5c9b\u4e16\u7eaa\u516c\u56ed\u6d41\u4ead\u673a\u573a\u5e97)(\u539f\u57ce\u9633\u4e16\u7eaa\u516c\u56ed\u5e97)", "order_time": ["2019-01-13 20:02:43"], "total_order": 1, "hotel_value": ["4.7"], "hotel_price": ["146"]}, "1418968": {"hotel_name": "\u82b1\u6eaa\u5ba2\u6808(\u9752\u5c9b\u90a3\u9c81\u6e7e\u5e97)", "order_time": ["2019-01-13 20:02:44"], "total_order": 1, "hotel_value": ["4.5"], "hotel_price": ["101"]}, "6033395": {"hotel_name": "\u9752\u5c9b\u9e64\u797a\u7cbe\u54c1\u5feb\u6377\u9152\u5e97", "order_time": ["2019-01-13 20:02:50"], "total_order": 1, "hotel_value": ["3.8"], "hotel_price": ["80"]}, "5983414": {"hotel_name": "\u5b9c\u5fc5\u601d\u9152\u5e97(\u9752\u5c9b\u897f\u6d77\u5cb8\u6c7d\u8f66\u603b\u7ad9\u5e97)", "order_time": ["2019-01-13 20:02:54"], "total_order": 1, "hotel_value": ["4.6"], "hotel_price": ["109"]}, "1351400": {"hotel_name": "\u9752\u5c9b\u6d77\u96c5\u9601\u9152\u5e97", "order_time": ["2019-01-13 20:02:57"], "total_order": 1, "hotel_value": ["4.5"], "hotel_price": ["94"]}, "772111": {"hotel_name": "\u9752\u5c9b\u5a01\u65af\u6c40\u9152\u5e97", "order_time": ["2019-01-13 20:03:56", "2019-01-13 20:12:00"], "total_order": 2, "hotel_value": ["4.6", "4.6"], "hotel_price": ["653", "653"]}, "6039985": {"hotel_name": "\u9752\u5c9b\u771f\u8bda\u4f73\u9a7f\u4e3b\u9898\u9152\u5e97", "order_time": ["2019-01-13 20:05:02"], "total_order": 1, "hotel_value": ["4.4"], "hotel_price": ["103"]}, "443620": {"hotel_name": "\u9752\u5c9b\u6b66\u80dc\u5173\u5ea6\u5047\u9152\u5e97", "order_time": ["2019-01-13 20:05:02"], "total_order": 1, "hotel_value": ["4.6"], "hotel_price": ["256"]}, "19452820": {"hotel_name": "\u80f6\u5dde\u5b9c\u7136\u4e4b\u5bb6\u9152\u5e97\u516c\u5bd3", "order_time": ["2019-01-13 20:06:22"], "total_order": 1, "hotel_value": ["5.0"], "hotel_price": ["133"]}, "22796748": {"hotel_name": "\u671b\u6d77\u9999\u5c45\u6d77\u666f\u5ea6\u5047\u516c\u5bd3(\u9752\u5c9b\u77f3\u8001\u4eba\u6d77\u6c34\u6d74\u573a\u5e97)", "order_time": ["2019-01-13 20:07:06"], "total_order": 1, "hotel_value": ["4.9"], "hotel_price": ["238"]}, "1316324": {"hotel_name": "\u6c49\u5ead\u9152\u5e97(\u5373\u58a8\u5b9d\u9f99\u5e7f\u573a\u5e97)", "order_time": ["2019-01-13 20:07:11"], "total_order": 1, "hotel_value": ["4.6"], "hotel_price": ["151"]}, "8327511": {"hotel_name": "\u9752\u5c9b\u90fd\u5e02118\u7cbe\u9009\u9152\u5e97\u5373\u58a8\u670d\u88c5\u57ce\u5e97", "order_time": ["2019-01-13 20:07:13"], "total_order": 1, "hotel_value": ["4.6"], "hotel_price": ["111"]}, "2307012": {"hotel_name": "7\u5929\u8fde\u9501\u9152\u5e97(\u9752\u5c9b\u6d41\u4ead\u673a\u573a\u4e8c\u5e97)", "order_time": ["2019-01-13 20:32:50", "2019-01-13 20:07:13"], "total_order": 2, "hotel_value": ["3.9", "3.9"], "hotel_price": ["99", "99"]}, "5463286": {"hotel_name": "\u9752\u5c9b\u51ef\u8d8a\u65c5\u9986(\u539f\u51ef\u8d8a\u56fd\u9645\u9752\u5e74\u65c5\u9986)", "order_time": ["2019-01-13 20:07:21"], "total_order": 1, "hotel_value": ["4.7"], "hotel_price": ["45"]}, "4649627": {"hotel_name": "\u7f8e\u4f73\u8054\u76df\u6d77\u666f\u5ea6\u5047\u516c\u5bd3(\u9752\u5c9b\u4e1c\u65b9\u5f71\u90fd\u4e07\u8fbe\u516c\u9986\u5e97)", "order_time": ["2019-01-13 20:07:21"], "total_order": 1, "hotel_value": ["4.5"], "hotel_price": ["83"]}, "1732079": {"hotel_name": "\u5373\u58a8\u9526\u8302\u5bbe\u9986", "order_time": ["2019-01-13 20:09:08"], "total_order": 1, "hotel_value": ["4.5"], "hotel_price": ["250"]}, "9210540": {"hotel_name": "\u5982\u5bb6\u5546\u65c5\u9152\u5e97(\u9752\u5c9b\u6808\u6865\u706b\u8f66\u7ad9\u5730\u94c1\u7ad9\u5e97)", "order_time": ["2019-01-13 20:09:08"], "total_order": 1, "hotel_value": ["4.7"], "hotel_price": ["113"]}, "3268419": {"hotel_name": "\u57df\u9152\u5e97(\u9752\u5c9b\u519c\u4e1a\u5927\u5b66\u5e97)", "order_time": ["2019-01-13 20:09:08"], "total_order": 1, "hotel_value": ["4.6"], "hotel_price": ["273"]}, "5033186": {"hotel_name": "\u7ef4\u4e5f\u7eb3\u667a\u597d\u9152\u5e97(\u9752\u5c9b\u5373\u58a8\u5e97)(\u539f\u65fa\u534e\u5927\u9152\u5e97)", "order_time": ["2019-01-13 20:09:08"], "total_order": 1, "hotel_value": ["4.4"], "hotel_price": ["226"]}, "2136286": {"hotel_name": "\u9752\u5c9b\u7f8e\u5885\u5047\u671f\u9152\u5e9730\u53f7\u6d77\u8fb9\u522b\u5885", "order_time": ["2019-01-13 20:09:16"], "total_order": 1, "hotel_value": ["4.9"], "hotel_price": ["251"]}, "482305": {"hotel_name": "\u5c1a\u5ba2\u4f18\u5feb\u6377\u9152\u5e97(\u9752\u5c9b\u4e39\u6c5f\u8def\u5317\u82d1\u5e97)", "order_time": ["2019-01-13 20:09:26"], "total_order": 1, "hotel_value": ["4.1"], "hotel_price": ["78"]}, "24055729": {"hotel_name": "\u5c1a\u5ba2\u4f18\u7cbe\u9009\u9152\u5e97(\u9752\u5c9b\u4e94\u56db\u5e7f\u573a\u5965\u5e06\u5e97)", "order_time": ["2019-01-13 20:11:08"], "total_order": 1, "hotel_value": ["4.7"], "hotel_price": ["134"]}, "428001": {"hotel_name": "\u5982\u5bb6\u5feb\u6377\u9152\u5e97(\u9752\u5c9b\u57ce\u9633\u6625\u9633\u8def\u519c\u4e1a\u5927\u5b66\u5e97)", "order_time": ["2019-01-13 20:11:08"], "total_order": 1, "hotel_value": ["4.6"], "hotel_price": ["118"]}, "1362121": {"hotel_name": "\u90fd\u5e02118(\u9752\u5c9b\u6b63\u9633\u8def\u5229\u7fa4\u5e97)", "order_time": ["2019-01-13 20:11:09"], "total_order": 1, "hotel_value": ["4.4"], "hotel_price": ["103"]}, "8396348": {"hotel_name": "\u7a7a\u94c1\u5047\u65e5\u9152\u5e97\u516c\u5bd3(\u9752\u5c9b\u673a\u573a\u4e8c\u5e97)", "order_time": ["2019-01-13 20:11:10"], "total_order": 1, "hotel_value": ["4.4"], "hotel_price": ["754"]}, "5085596": {"hotel_name": "\u9526\u6c5f\u4e4b\u661f(\u9752\u5c9b\u6ca7\u53e3\u516c\u56ed\u5e97)", "order_time": ["2019-01-13 20:11:15"], "total_order": 1, "hotel_value": ["4.7"], "hotel_price": ["149"]}, "1847125": {"hotel_name": "\u5373\u58a8\u5c0f\u65f6\u5149\u7cbe\u54c1\u9152\u5e97(\u539f\u6d77\u6607\u5bbe\u9986)", "order_time": ["2019-01-13 20:11:22"], "total_order": 1, "hotel_value": ["4.4"], "hotel_price": ["97"]}, "21124322": {"hotel_name": "\u9752\u5c9b\u5929\u5b9d\u516c\u5bd3\u9152\u5e97", "order_time": ["2019-01-13 20:11:27"], "total_order": 1, "hotel_value": ["4.7"], "hotel_price": ["183"]}, "5668900": {"hotel_name": "\u9752\u5c9b\u91d1\u6c99\u6ee9\u6d77\u98ce\u60c5\u516c\u5bd3", "order_time": ["2019-01-13 20:11:51"], "total_order": 1, "hotel_value": ["4.9"], "hotel_price": ["64"]}, "1677914": {"hotel_name": "\u9752\u5c9b\u9ad8\u6821\u9999\u6f9c\u5bbe\u9986", "order_time": ["2019-01-13 20:13:17"], "total_order": 1, "hotel_value": ["3.0"], "hotel_price": ["138"]}, "1774898": {"hotel_name": "\u6c49\u5ead\u9152\u5e97(\u9752\u5c9b\u706b\u8f66\u5317\u7ad9\u5e97)", "order_time": ["2019-01-13 20:13:17"], "total_order": 1, "hotel_value": ["4.3"], "hotel_price": ["180"]}, "1229178": {"hotel_name": "\u9752\u5c9b\u862d\u5ef7\u7cbe\u54c1\u9152\u5e97", "order_time": ["2019-01-13 20:13:18"], "total_order": 1, "hotel_value": ["4.4"], "hotel_price": ["84"]}, "5482123": {"hotel_name": "\u9752\u5c9b\u94f6\u6cb3\u5047\u65e5\u9152\u5e97", "order_time": ["2019-01-13 20:13:18"], "total_order": 1, "hotel_value": ["4.7"], "hotel_price": ["133"]}, "8426688": {"hotel_name": "\u5982\u5bb6\u7cbe\u9009\u9152\u5e97(\u9752\u5c9b\u706b\u8f66\u7ad9\u6808\u6865\u5e97)", "order_time": ["2019-01-13 20:13:18"], "total_order": 1, "hotel_value": ["4.6"], "hotel_price": ["164"]}, "2018605": {"hotel_name": "\u591a\u7ef4\u7cbe\u54c1\u9152\u5e97(\u9752\u5c9b\u53f0\u4e1c\u5229\u7fa4\u5e97)", "order_time": ["2019-01-13 20:13:18"], "total_order": 1, "hotel_value": ["4.2"], "hotel_price": ["83"]}, "6263824": {"hotel_name": "\u9752\u5c9b\u7d2b\u73a5\u56fd\u9645\u9152\u5e97\u516c\u5bd3", "order_time": ["2019-01-13 20:13:20"], "total_order": 1, "hotel_value": ["4.3"], "hotel_price": ["145"]}, "2299510": {"hotel_name": "\u80f6\u5357\u91d1\u6f9c\u5546\u52a1\u9152\u5e97", "order_time": ["2019-01-13 20:13:23"], "total_order": 1, "hotel_value": ["4.2"], "hotel_price": ["75"]}, "27854182": {"hotel_name": "\u9752\u5c9b\u552f\u60a6\u7cbe\u54c1\u516c\u5bd3", "order_time": ["2019-01-13 20:17:50", "2019-01-13 20:13:26"], "total_order": 2, "hotel_value": ["5.0", "5.0"], "hotel_price": ["78", "78"]}, "2300090": {"hotel_name": "\u5c1a\u5ba2\u4f18\u5feb\u6377\u9152\u5e97(\u9752\u5c9b\u5609\u9675\u6c5f\u897f\u8def\u5e97)", "order_time": ["2019-01-13 20:13:26"], "total_order": 1, "hotel_value": ["4.3"], "hotel_price": ["84"]}, "6085650": {"hotel_name": "\u5586\u5561\u9152\u5e97(\u9752\u5c9b\u6d41\u4ead\u56fd\u9645\u673a\u573a\u5e97)", "order_time": ["2019-01-13 20:13:27"], "total_order": 1, "hotel_value": ["4.7"], "hotel_price": ["225"]}, "5726491": {"hotel_name": "\u7ef4\u4e5f\u7eb3\u9152\u5e97(\u9752\u5c9b\u9ec4\u5c9b\u5e97)", "order_time": ["2019-01-13 20:13:27"], "total_order": 1, "hotel_value": ["4.8"], "hotel_price": ["176"]}, "901719": {"hotel_name": "7\u5929\u8fde\u9501\u9152\u5e97(\u9752\u5c9b\u6d77\u5c14\u5de5\u4e1a\u56ed\u5b9d\u9f99\u5e7f\u573a\u5e97)", "order_time": ["2019-01-13 20:13:27"], "total_order": 1, "hotel_value": ["4.6"], "hotel_price": ["99"]}, "1368633": {"hotel_name": "\u9752\u5c9b\u6e29\u99a8\u6d77\u5bbe\u9986", "order_time": ["2019-01-13 20:13:28"], "total_order": 1, "hotel_value": ["2.6"], "hotel_price": ["58"]}, "797224": {"hotel_name": "\u7231\u5bb6\u98ce\u5c1a\u5ba2\u623f(\u9752\u5c9b\u95fd\u6c5f\u8def\u5e97)", "order_time": ["2019-01-13 20:13:29"], "total_order": 1, "hotel_value": ["3.7"], "hotel_price": ["78"]}, "5074736": {"hotel_name": "\u5e73\u5ea6\u6cf0\u7545\u5546\u52a1\u5bbe\u9986", "order_time": ["2019-01-13 20:14:56"], "total_order": 1, "hotel_value": ["4.6"], "hotel_price": ["93"]}, "2085688": {"hotel_name": "\u5e73\u5ea6\u84dd\u78e8\u574a\u4e3b\u9898\u9152\u5e97", "order_time": ["2019-01-13 20:14:56"], "total_order": 1, "hotel_value": ["3.9"], "hotel_price": ["111"]}, "1700586": {"hotel_name": "\u901f8\u9152\u5e97(\u9752\u5c9b\u80f6\u5357\u65b0\u6c7d\u8f66\u7ad9\u5e97)", "order_time": ["2019-01-13 20:15:31"], "total_order": 1, "hotel_value": ["4.6"], "hotel_price": ["84"]}, "22673546": {"hotel_name": "\u9752\u5c9b\u65af\u7ef4\u767b\u5ea6\u5047\u516c\u5bd3(\u57ce\u9633\u533a\u653f\u5e9c)", "order_time": ["2019-01-13 20:15:31"], "total_order": 1, "hotel_value": ["4.8"], "hotel_price": ["129"]}, "2637433": {"hotel_name": "\u76db\u5ef7\u6d77\u666f\u9152\u5e97(\u9752\u5c9b\u7ef4\u591a\u5229\u4e9a\u5e97)", "order_time": ["2019-01-13 20:15:32"], "total_order": 1, "hotel_value": ["4.3"], "hotel_price": ["211"]}, "1306753": {"hotel_name": "\u9752\u5c9b\u51ef\u83b1\u5546\u52a1\u9152\u5e97", "order_time": ["2019-01-13 20:15:34"], "total_order": 1, "hotel_value": ["4.2"], "hotel_price": ["159"]}, "6466869": {"hotel_name": "\u7c73\u9ad8\u65f6\u5c1a\u9152\u5e97(\u9752\u5c9b\u4e94\u56db\u5e7f\u573a\u8fdc\u6d0b\u5e97)", "order_time": ["2019-01-13 20:15:35"], "total_order": 1, "hotel_value": ["4.4"], "hotel_price": ["114"]}, "8921509": {"hotel_name": "\u5de6\u90bb\u53f3\u820d\u9152\u5e97\u5f0f\u516c\u5bd3(\u9752\u5c9b\u5510\u5c9b\u6e7e\u6d77\u4e0a\u5609\u5e74\u534e\u77f3\u6cb9\u5927\u5b66\u5e97)", "order_time": ["2019-01-13 20:15:38"], "total_order": 1, "hotel_value": ["4.5"], "hotel_price": ["78"]}, "1875800": {"hotel_name": "\u5982\u5bb6\u5feb\u6377\u9152\u5e97(\u9752\u5c9b\u4f1a\u5c55\u4e2d\u5fc3\u5927\u62c7\u6307\u5e7f\u573a\u5e97)", "order_time": ["2019-01-13 20:15:58"], "total_order": 1, "hotel_value": ["4.2"], "hotel_price": ["188"]}, "706650": {"hotel_name": "\u5b9c\u5fc5\u601d\u9152\u5e97(\u9752\u5c9b\u57ce\u9633\u6b63\u9633\u8def\u5e97)", "order_time": ["2019-01-13 20:17:39"], "total_order": 1, "hotel_value": ["4.6"], "hotel_price": ["257"]}, "445159": {"hotel_name": "\u9752\u5c9b\u79cb\u4e34\u5927\u9152\u5e97", "order_time": ["2019-01-13 20:17:56"], "total_order": 1, "hotel_value": ["4.3"], "hotel_price": ["242"]}, "2011487": {"hotel_name": "7\u5929\u8fde\u9501\u9152\u5e97(\u5e73\u5ea6\u9752\u5c9b\u8def\u5e97)", "order_time": ["2019-01-13 20:18:42"], "total_order": 1, "hotel_value": ["4.4"], "hotel_price": ["99"]}, "1727504": {"hotel_name": "\u5e73\u5ea6\u5706\u4e2d\u65b9\u5927\u9152\u5e97", "order_time": ["2019-01-13 20:18:43"], "total_order": 1, "hotel_value": ["4.7"], "hotel_price": ["173"]}, "779884": {"hotel_name": "\u9526\u6c5f\u4e4b\u661f(\u9752\u5c9b\u674e\u6ca7\u5e7f\u573a\u674e\u6751\u5730\u94c1\u7ad9\u5e97)(\u539f\u674e\u6ca7\u5e7f\u573a\u5e97)", "order_time": ["2019-01-13 20:19:56"], "total_order": 1, "hotel_value": ["4.3"], "hotel_price": ["99"]}, "428011": {"hotel_name": "\u5982\u5bb6\u5feb\u6377\u9152\u5e97(\u9752\u5c9b\u54c8\u5c14\u6ee8\u8def\u4e07\u79d1\u57ce\u53cc\u5c71\u5730\u94c1\u7ad9\u5e97)", "order_time": ["2019-01-13 20:21:55"], "total_order": 1, "hotel_value": ["4.5"], "hotel_price": ["169"]}, "3629505": {"hotel_name": "\u4e50\u5bb6\u8f69\u60a6\u73ba\u670d\u52a1\u516c\u5bd3(\u9752\u5c9b\u9999\u6e2f\u4e2d\u8def\u4e07\u8c61\u57ce\u5e97)", "order_time": ["2019-01-13 20:21:57"], "total_order": 1, "hotel_value": ["4.6"], "hotel_price": ["174"]}, "430450": {"hotel_name": "\u9752\u5c9b\u666f\u56ed\u5047\u65e5\u9152\u5e97", "order_time": ["2019-01-13 20:21:57"], "total_order": 1, "hotel_value": ["4.6"], "hotel_price": ["522"]}, "4421420": {"hotel_name": "\u9752\u5c9b\u8537\u8587\u82b1\u5f00\u9152\u5e97", "order_time": ["2019-01-13 20:22:05"], "total_order": 1, "hotel_value": ["3.9"], "hotel_price": ["94"]}, "1871904": {"hotel_name": "\u9752\u5c9b\u946b\u5c1a\u9510\u5bbe\u9986", "order_time": ["2019-01-13 20:22:08"], "total_order": 1, "hotel_value": ["4.0"], "hotel_price": ["63"]}, "1618426": {"hotel_name": "\u60a6\u884c365\u8fde\u9501\u5ba2\u6808(\u9752\u5c9b\u6d41\u4ead\u673a\u573a\u6d3c\u91cc\u5e97 )", "order_time": ["2019-01-13 20:22:19"], "total_order": 1, "hotel_value": ["3.7"], "hotel_price": ["39"]}, "2970464": {"hotel_name": "\u6613\u4f70\u8fde\u9501\u9152\u5e97\uff08\u9752\u5c9b\u706b\u8f66\u7ad9\u6808\u6865 \u5288\u67f4\u9662\u5e97\uff09", "order_time": ["2019-01-13 20:24:02"], "total_order": 1, "hotel_value": ["4.0"], "hotel_price": ["59"]}, "2970475": {"hotel_name": "\u5c1a\u5ba2\u4f18\u7cbe\u9009\u9152\u5e97(\u9752\u5c9b\u5c71\u4e1c\u79d1\u6280\u5927\u5b66\u5e97)", "order_time": ["2019-01-13 20:24:06"], "total_order": 1, "hotel_value": ["4.5"], "hotel_price": ["134"]}, "1165332": {"hotel_name": "\u96c5\u60a6\u7cbe\u81f4\u9152\u5e97(\u9752\u5c9b\u53f0\u4e1c\u5564\u9152\u8857\u5e97)", "order_time": ["2019-01-13 20:24:08"], "total_order": 1, "hotel_value": ["4.3"], "hotel_price": ["83"]}, "2301075": {"hotel_name": "\u7231\u5c0a\u5ba2\u9152\u5e97(\u9752\u5c9b\u5e7f\u7535\u5927\u53a6\u5e97)", "order_time": ["2019-01-13 20:24:09"], "total_order": 1, "hotel_value": ["4.5"], "hotel_price": ["144"]}, "2614519": {"hotel_name": "\u6d77\u53cb\u9152\u5e97(\u9752\u5c9b\u7535\u5b50\u4fe1\u606f\u57ce\u5e97)", "order_time": ["2019-01-13 20:24:09"], "total_order": 1, "hotel_value": ["4.2"], "hotel_price": ["69"]}, "5981337": {"hotel_name": "\u6700\u9752\u5c9b\u56fd\u9645\u9752\u5e74\u65c5\u820d\u4e94\u56db\u5e7f\u573a\u5e97", "order_time": ["2019-01-13 20:24:12"], "total_order": 1, "hotel_value": ["4.4"], "hotel_price": ["28"]}, "1483933": {"hotel_name": "\u9752\u5c9b\u534e\u97e9\u5927\u9152\u5e97", "order_time": ["2019-01-13 20:25:29"], "total_order": 1, "hotel_value": ["4.0"], "hotel_price": ["242"]}, "1874920": {"hotel_name": "\u5c1a\u5ba2\u4f18\u5feb\u6377\u9152\u5e97(\u5373\u58a8\u6c7d\u8f66\u603b\u7ad9\u5e97)", "order_time": ["2019-01-13 20:26:21"], "total_order": 1, "hotel_value": ["4.6"], "hotel_price": ["94"]}, "6080545": {"hotel_name": "\u5e73\u5ea6\u4e2d\u5929\u5546\u52a1\u5bbe\u9986(\u539f\u90fd\u5e02118\u9752\u5c9b\u5e73\u5ea6\u8d38\u6613\u57ce\u5e97)", "order_time": ["2019-01-13 20:27:41"], "total_order": 1, "hotel_value": ["4.5"], "hotel_price": ["103"]}, "4363980": {"hotel_name": "\u540e\u6d77\u84dd\u6e7e\u5feb\u6377\u9152\u5e97(\u9752\u5c9b\u706b\u8f66\u5317\u7ad9\u5e97)", "order_time": ["2019-01-13 20:28:39"], "total_order": 1, "hotel_value": ["4.1"], "hotel_price": ["79"]}, "1962047": {"hotel_name": "\u9752\u5c9b\u8317\u5ba2\u6765\u5bbe\u9986", "order_time": ["2019-01-13 20:28:46"], "total_order": 1, "hotel_value": [0], "hotel_price": ["70"]}, "2039012": {"hotel_name": "\u5c1a\u5ba2\u4f18\u5feb\u6377\u9152\u5e97(\u9752\u5c9b\u5f00\u53d1\u533a\u957f\u6c5f\u4e2d\u8def\u533a\u653f\u5e9c\u5e97)", "order_time": ["2019-01-13 20:28:48", "2019-01-13 20:30:57"], "total_order": 2, "hotel_value": ["3.7", "3.7"], "hotel_price": ["79", "79"]}, "5634587": {"hotel_name": "\u9e97\u67ab\u9152\u5e97(\u9752\u5c9b\u4e94\u56db\u5e7f\u573a\u5e97)(\u539f\u9752\u5c9b\u5b81\u590f\u8def\u5730\u94c1\u7ad9\u5e97)", "order_time": ["2019-01-13 20:30:41"], "total_order": 1, "hotel_value": ["4.7"], "hotel_price": ["199"]}, "1371782": {"hotel_name": "\u6854\u5b50\u9152\u5e97\u00b7\u7cbe\u9009(\u9752\u5c9b\u4e07\u8c61\u57ce\u5e97)(\u539f\u6c5f\u897f\u8def\u5e97)", "order_time": ["2019-01-13 20:30:41"], "total_order": 1, "hotel_value": ["4.8"], "hotel_price": ["275"]}, "4725953": {"hotel_name": "\u9526\u6c5f\u90fd\u57ce\u9152\u5e97(\u9752\u5c9b\u57ce\u9633\u533a\u653f\u5e9c\u5e97)", "order_time": ["2019-01-13 20:30:41"], "total_order": 1, "hotel_value": ["4.6"], "hotel_price": ["211"]}, "25679475": {"hotel_name": "\u9752\u5c9b\u56db\u5b63\u4e07\u4f73\u9152\u5e97\u516c\u5bd3", "order_time": ["2019-01-13 20:30:41"], "total_order": 1, "hotel_value": ["4.8"], "hotel_price": ["883"]}, "5781820": {"hotel_name": "\u9752\u5c9bAdour\u6735\u6d77\u666f\u9152\u5e97", "order_time": ["2019-01-13 20:30:41"], "total_order": 1, "hotel_value": ["4.4"], "hotel_price": ["153"]}, "17263343": {"hotel_name": "\u6162\u5c45\u542c\u6d77\u7cbe\u54c1\u9152\u5e97(\u9752\u5c9b\u543e\u60a6\u5e7f\u573a\u5e97)", "order_time": ["2019-01-13 20:30:41"], "total_order": 1, "hotel_value": ["4.8"], "hotel_price": ["101"]}, "2057366": {"hotel_name": "\u5982\u5bb6\u5feb\u6377\u9152\u5e97(\u9752\u5c9b\u91cd\u5e86\u4e2d\u8def\u674e\u6ca7\u6b65\u884c\u8857\u5e97)", "order_time": ["2019-01-13 20:30:41"], "total_order": 1, "hotel_value": ["4.5"], "hotel_price": ["129"]}, "21124467": {"hotel_name": "\u9752\u5c9b\u65af\u7ef4\u767b\u7cbe\u54c1\u516c\u5bd3(\u4f1a\u5c55\u4e2d\u5fc3\u77f3\u8001\u4eba\u6d77\u6c34\u6d74\u573a)", "order_time": ["2019-01-13 20:30:46"], "total_order": 1, "hotel_value": ["4.9"], "hotel_price": ["868"]}, "1741177": {"hotel_name": "\u91d1\u72ee100\u8fde\u9501\u5bbe\u9986(\u9752\u5c9b\u6d41\u4ead\u673a\u573a\u5e97)", "order_time": ["2019-01-13 20:30:47"], "total_order": 1, "hotel_value": ["3.5"], "hotel_price": ["58"]}, "995182": {"hotel_name": "\u94f6\u5ea7\u4f73\u9a7f\u9152\u5e97(\u9752\u5c9b\u4e94\u53f0\u5c71\u8def\u4fdd\u7a0e\u533a\u5e97)", "order_time": ["2019-01-13 20:30:47"], "total_order": 1, "hotel_value": ["4.5"], "hotel_price": ["104"]}, "925099": {"hotel_name": "\u9752\u5c9b\u4e1c\u6d77\u5927\u9152\u5e97", "order_time": ["2019-01-13 20:30:48"], "total_order": 1, "hotel_value": ["3.7"], "hotel_price": ["330"]}, "4747327": {"hotel_name": "\u4e2d\u8054\u81ea\u7531\u6e2f\u6e7e\u4e2d\u827a\u9152\u5e97(\u9752\u5c9b\u90ae\u8f6e\u6bcd\u6e2f\u5e97)", "order_time": ["2019-01-13 20:30:48"], "total_order": 1, "hotel_value": ["4.7"], "hotel_price": ["70"]}, "1644376": {"hotel_name": "7\u5929\u8fde\u9501\u9152\u5e97(\u9752\u5c9b\u706b\u8f66\u7ad9\u4e2d\u5c71\u8def\u5e97)", "order_time": ["2019-01-13 20:30:54"], "total_order": 1, "hotel_value": ["4.1"], "hotel_price": ["75"]}, "1730242": {"hotel_name": "\u4f73\u9a7f\u5546\u52a1\u5bbe\u9986(\u80f6\u5dde\u5e97)", "order_time": ["2019-01-13 20:31:53"], "total_order": 1, "hotel_value": ["4.0"], "hotel_price": ["90"]}, "3745735": {"hotel_name": "\u9752\u5c9b\u83f2\u6797\u6052\u797a\u9152\u5e97", "order_time": ["2019-01-13 20:32:49"], "total_order": 1, "hotel_value": ["4.4"], "hotel_price": ["242"]}, "1697366": {"hotel_name": "\u90fd\u5e02118(\u9752\u5c9b\u674e\u6ca7\u5e7f\u573a\u5730\u94c1\u7ad9\u5e97)", "order_time": ["2019-01-13 20:32:50"], "total_order": 1, "hotel_value": ["4.6"], "hotel_price": ["114"]}, "2305447": {"hotel_name": "\u9526\u6c5f\u4e4b\u661f(\u9752\u5c9b\u91cd\u5e86\u5357\u8def\u9ea6\u5fb7\u9f99\u5e97)", "order_time": ["2019-01-13 20:32:50"], "total_order": 1, "hotel_value": ["4.6"], "hotel_price": ["149"]}, "1374631": {"hotel_name": "\u83ab\u6cf0168(\u9752\u5c9b\u5f00\u53d1\u533a\u9999\u6c5f\u8def\u5546\u4e1a\u8857\u5e97)", "order_time": ["2019-01-13 20:32:50"], "total_order": 1, "hotel_value": ["4.5"], "hotel_price": ["109"]}, "2312393": {"hotel_name": "\u683c\u5c14\u5fb7\u798f\u5546\u52a1\u9152\u5e97(\u9752\u5c9b\u5c71\u4e1c\u79d1\u6280\u5927\u5b66\u5e97)", "order_time": ["2019-01-13 20:32:51"], "total_order": 1, "hotel_value": ["4.4"], "hotel_price": ["99"]}, "1979422": {"hotel_name": "\u9752\u5c9b\u4f18\u5c1a\u5feb\u6377\u9152\u5e97", "order_time": ["2019-01-13 20:32:51"], "total_order": 1, "hotel_value": ["4.1"], "hotel_price": ["98"]}, "994246": {"hotel_name": "\u5982\u5bb6\u5feb\u6377\u9152\u5e97(\u5373\u58a8\u84dd\u9ccc\u8def\u5b9d\u9f99\u5e7f\u573a\u5e97)", "order_time": ["2019-01-13 20:32:52"], "total_order": 1, "hotel_value": ["4.5"], "hotel_price": ["111"]}, "1605345": {"hotel_name": "\u4e2d\u592e\u5546\u52a1\u996d\u5e97(\u9752\u5c9b\u5c71\u4e1c\u8def\u5e02\u5317\u533a\u653f\u5e9c\u5e97)", "order_time": ["2019-01-13 20:32:54"], "total_order": 1, "hotel_value": ["4.0"], "hotel_price": ["95"]}, "17182438": {"hotel_name": "\u4e16\u60a6\u8f7b\u5962\u5ea6\u5047\u516c\u5bd3(\u9752\u5c9b\u9999\u6e2f\u4e2d\u8def\u4e3d\u6676\u5fa1\u7b51\u5e97)", "order_time": ["2019-01-13 20:32:54"], "total_order": 1, "hotel_value": ["4.6"], "hotel_price": ["164"]}, "6608537": {"hotel_name": "\u6854\u5b50\u9152\u5e97\u00b7\u7cbe\u9009(\u9752\u5c9b\u56db\u6d41\u5357\u8def\u5e97)", "order_time": ["2019-01-13 20:32:55"], "total_order": 1, "hotel_value": ["4.9"], "hotel_price": ["246"]}, "23675549": {"hotel_name": "\u9047\u89c1\u9752\u5c9b\u6d77\u666f\u5ea6\u5047\u516c\u5bd3(\u9752\u5c9b\u4e2d\u8054\u81ea\u7531\u6e2f\u6e7e\u5e97)", "order_time": ["2019-01-13 20:32:55"], "total_order": 1, "hotel_value": ["4.9"], "hotel_price": ["93"]}, "1181780": {"hotel_name": "\u6668\u65ed\u5546\u52a1\u5bbe\u9986(\u9752\u5c9b\u6d77\u6d0b\u5927\u5b66\u5e97)", "order_time": ["2019-01-13 20:32:59"], "total_order": 1, "hotel_value": ["3.3"], "hotel_price": ["69"]}, "8581644": {"hotel_name": "\u9752\u5c9b\u78a7\u8f69\u8fde\u9501\u9152\u5e97(\u539f\u53ef\u4e34\u5b81\u8ff7\u4f60\u9152\u5e97\u5f00\u53d1\u533a\u73e0\u6c5f\u8def\u5e97)", "order_time": ["2019-01-13 20:33:04"], "total_order": 1, "hotel_value": ["4.3"], "hotel_price": ["61"]}}}