{"\u5f00\u59cb\u8bb0\u5f55\u65f6\u95f4": "2019-01-27 22:46:53", "\u7ed3\u675f\u8bb0\u5f55\u65f6\u95f4": "2019-01-27 23:57:51", "\u8ba2\u5355\u603b\u589e\u91cf": 152, "item": {"437482": {"hotel_name": "\u9752\u5c9b\u534e\u5ba2\u5ea6\u5047\u9152\u5e97", "order_time": ["2019-01-27 22:55:17", "2019-01-27 22:49:08"], "total_order": 2, "hotel_value": ["4.6", "4.6"], "hotel_price": ["149", "149"]}, "689242": {"hotel_name": "\u84dd\u6d77\u5927\u996d\u5e97(\u9752\u5c9b\u9ec4\u5c9b\u5e97)", "order_time": ["2019-01-27 22:49:10"], "total_order": 1, "hotel_value": ["4.6"], "hotel_price": ["343"]}, "13740994": {"hotel_name": "\u9752\u5c9b\u90fd\u5e02118\u7cbe\u9009\u9152\u5e97\u6625\u9633\u8def\u5e97", "order_time": ["2019-01-27 22:49:10"], "total_order": 1, "hotel_value": ["4.6"], "hotel_price": ["98"]}, "6508376": {"hotel_name": "\u6155\u820d\u00b7\u8d1d\u683c\u9152\u5e97\u516c\u5bd3(\u9752\u5c9b\u4e07\u8c61\u57ce\u5965\u5e06\u4e94\u56db\u5e7f\u573a\u5e97)", "order_time": ["2019-01-27 22:49:10", "2019-01-27 22:56:16"], "total_order": 2, "hotel_value": ["4.9", "4.9"], "hotel_price": ["278", "278"]}, "483417": {"hotel_name": "\u9752\u5c9b\u6d77\u90fd\u5927\u9152\u5e97", "order_time": ["2019-01-27 22:49:10"], "total_order": 1, "hotel_value": ["4.6"], "hotel_price": ["254"]}, "27711969": {"hotel_name": "\u9752\u5c9b\u9ed1\u9f99\u6c5f\u4e2d\u8def\u4e9a\u6735\u9152\u5e97", "order_time": ["2019-01-27 22:51:12"], "total_order": 1, "hotel_value": ["4.9"], "hotel_price": ["275"]}, "5549364": {"hotel_name": "\u9752\u5c9b\u897f\u6d77\u5cb8\u9686\u548c\u827e\u7f8e\u5ea6\u5047\u9152\u5e97", "order_time": ["2019-01-27 22:55:17", "2019-01-27 22:51:12"], "total_order": 2, "hotel_value": ["4.6", "4.6"], "hotel_price": ["309", "309"]}, "22416789": {"hotel_name": "\u9752\u5c9b\u5bb9\u9526\u9152\u5e97", "order_time": ["2019-01-27 22:51:12"], "total_order": 1, "hotel_value": ["4.7"], "hotel_price": ["102"]}, "425590": {"hotel_name": "\u9752\u5c9b\u946b\u6c5f\u6e29\u5fb7\u59c6\u9152\u5e97", "order_time": ["2019-01-27 22:51:13"], "total_order": 1, "hotel_value": ["4.8"], "hotel_price": ["418"]}, "371190": {"hotel_name": "\u9752\u5c9b\u9999\u683c\u91cc\u62c9\u5927\u9152\u5e97", "order_time": ["2019-01-27 22:51:14", "2019-01-27 22:55:19"], "total_order": 2, "hotel_value": ["4.7", "4.7"], "hotel_price": ["689", "689"]}, "2262529": {"hotel_name": "\u9752\u5c9b\u5373\u58a8\u5e0c\u5c14\u987f\u9038\u6797\u9152\u5e97", "order_time": ["2019-01-27 22:53:16"], "total_order": 1, "hotel_value": ["4.5"], "hotel_price": ["506"]}, "1411665": {"hotel_name": "\u6377\u5229\u83b1\u5546\u52a1\u5bbe\u9986(\u9752\u5c9b\u674e\u6ca7\u6d77\u5c14\u5de5\u4e1a\u56ed\u5e97)", "order_time": ["2019-01-27 22:53:18"], "total_order": 1, "hotel_value": ["4.3"], "hotel_price": ["65"]}, "443641": {"hotel_name": "\u9752\u5c9b\u91d1\u6d77\u5927\u9152\u5e97", "order_time": ["2019-01-27 22:53:19"], "total_order": 1, "hotel_value": ["4.5"], "hotel_price": ["186"]}, "1137305": {"hotel_name": "\u9752\u5c9b\u590f\u65e5\u9152\u5e97", "order_time": ["2019-01-27 22:53:20"], "total_order": 1, "hotel_value": ["3.2"], "hotel_price": ["138"]}, "1745472": {"hotel_name": "\u5373\u58a8\u68ee\u5965\u5bbe\u9986", "order_time": ["2019-01-27 22:53:21"], "total_order": 1, "hotel_value": ["4.7"], "hotel_price": ["75"]}, "1224070": {"hotel_name": "\u91d1\u51ef\u83b1\u7cbe\u54c1\u9152\u5e97(\u9752\u5c9b\u5564\u9152\u8857\u5e97)(\u539f\u91d1\u51ef\u83b1\u5546\u52a1\u5bbe\u9986)", "order_time": ["2019-01-27 22:53:28"], "total_order": 1, "hotel_value": ["3.6"], "hotel_price": ["64"]}, "700933": {"hotel_name": "678\u9152\u5e97(\u9752\u5c9b\u519c\u5927\u4e3b\u9898\u7cbe\u54c1\u5e97)", "order_time": ["2019-01-27 22:53:28"], "total_order": 1, "hotel_value": ["4.6"], "hotel_price": ["84"]}, "385108": {"hotel_name": "\u9752\u5c9b\u6d77\u5c14\u6d32\u9645\u9152\u5e97", "order_time": ["2019-01-27 22:55:18"], "total_order": 1, "hotel_value": ["4.6"], "hotel_price": ["628"]}, "3090890": {"hotel_name": "\u9752\u5c9b\u9526\u665f\u534e\u5546\u52a1\u5bbe\u9986", "order_time": ["2019-01-27 22:55:18"], "total_order": 1, "hotel_value": ["4.4"], "hotel_price": ["69"]}, "2470071": {"hotel_name": "Q\u52a0\u00b7\u9752\u5c9b\u745e\u8c6a\u5047\u65e5\u6d77\u666f\u5ea6\u5047\u9152\u5e97\u516c\u5bd3", "order_time": ["2019-01-27 22:55:19"], "total_order": 1, "hotel_value": ["4.7"], "hotel_price": ["67"]}, "1886446": {"hotel_name": "\u7231\u820d\u7a7a\u95f4\u5546\u52a1\u9152\u5e97(\u9752\u5c9b\u5c1a\u6ea2\u5e97)", "order_time": ["2019-01-27 22:55:20"], "total_order": 1, "hotel_value": ["4.5"], "hotel_price": ["93"]}, "6608537": {"hotel_name": "\u6854\u5b50\u9152\u5e97\u00b7\u7cbe\u9009(\u9752\u5c9b\u56db\u6d41\u5357\u8def\u5e97)", "order_time": ["2019-01-27 22:55:21", "2019-01-27 23:11:40", "2019-01-27 23:28:55"], "total_order": 3, "hotel_value": ["4.9", "4.9", "4.9"], "hotel_price": ["303", "303", "332"]}, "5673703": {"hotel_name": "\u9752\u5c9b\u673a\u573a\u5bcc\u534e\u9152\u5e97(\u9999\u6e2f\u4e2d\u8def\u5e97)", "order_time": ["2019-01-27 22:55:28"], "total_order": 1, "hotel_value": ["4.5"], "hotel_price": ["183"]}, "19806955": {"hotel_name": "\u4e16\u60a6\u8f7b\u5962\u5ea6\u5047\u516c\u5bd3(\u9752\u5c9b\u5564\u9152\u8857\u94f6\u4e30\u6676\u54c1\u5e97)", "order_time": ["2019-01-27 22:56:14"], "total_order": 1, "hotel_value": ["4.7"], "hotel_price": ["74"]}, "1664209": {"hotel_name": "\u9752\u5c9b\u5929\u745e\u661f\u7a7a\u9152\u5e97", "order_time": ["2019-01-27 22:57:22"], "total_order": 1, "hotel_value": ["4.6"], "hotel_price": ["402"]}, "8901400": {"hotel_name": "\u6c49\u5ead\u9152\u5e97(\u9752\u5c9b\u6808\u6865\u706b\u8f66\u7ad9\u5e97)", "order_time": ["2019-01-27 23:29:32", "2019-01-27 22:57:26"], "total_order": 2, "hotel_value": ["4.5", "4.5"], "hotel_price": ["123", "117"]}, "995169": {"hotel_name": "\u94f6\u5ea7\u4f73\u9a7f\u9152\u5e97(\u5373\u58a8\u5c0f\u5546\u54c1\u57ce\u5e97)", "order_time": ["2019-01-27 22:57:37"], "total_order": 1, "hotel_value": ["4.3"], "hotel_price": ["117"]}, "1181778": {"hotel_name": "\u5e03\u4e01\u9152\u5e97(\u9752\u5c9b\u56fd\u9645\u4f1a\u5c55\u4e2d\u5fc3\u5e97)", "order_time": ["2019-01-27 22:59:35"], "total_order": 1, "hotel_value": ["4.3"], "hotel_price": ["64"]}, "23572246": {"hotel_name": "\u7ea2\u749e\u516c\u5bd3(\u9752\u5c9b\u95fd\u6c5f\u8def\u5e97)", "order_time": ["2019-01-27 22:59:36"], "total_order": 1, "hotel_value": ["4.5"], "hotel_price": ["77"]}, "27424529": {"hotel_name": "\u9752\u5c9b\u6c49\u5510\u7cbe\u9009\u9152\u5e97\u5f0f\u516c\u5bd3", "order_time": ["2019-01-27 22:59:37"], "total_order": 1, "hotel_value": ["4.9"], "hotel_price": ["193"]}, "994152": {"hotel_name": "\u5982\u5bb6\u5feb\u6377\u9152\u5e97(\u9752\u5c9b\u9ed1\u9f99\u6c5f\u4e2d\u8def\u5d02\u5c71\u9ad8\u79d1\u6280\u56ed\u5e97)(\u539f\u6d77\u5c14\u5de5\u4e1a\u56ed\u9ed1\u9f99\u6c5f\u4e2d\u8def\u5e97)", "order_time": ["2019-01-27 23:31:25", "2019-01-27 22:59:38"], "total_order": 2, "hotel_value": ["4.5", "4.5"], "hotel_price": ["111", "111"]}, "1316461": {"hotel_name": "\u6c49\u5ead\u9152\u5e97(\u9752\u5c9b\u674e\u6ca7\u91d1\u6c34\u8def\u5e97)", "order_time": ["2019-01-27 23:01:46"], "total_order": 1, "hotel_value": ["4.5"], "hotel_price": ["170"]}, "443620": {"hotel_name": "\u9752\u5c9b\u6b66\u80dc\u5173\u5ea6\u5047\u9152\u5e97", "order_time": ["2019-01-27 23:01:46"], "total_order": 1, "hotel_value": ["4.6"], "hotel_price": ["256"]}, "1374349": {"hotel_name": "\u4eac\u82d1\u8fde\u9501\u7cbe\u54c1\u9152\u5e97(\u9752\u5c9b\u4e94\u56db\u5e7f\u573a\u5e97)", "order_time": ["2019-01-27 23:01:49"], "total_order": 1, "hotel_value": ["4.6"], "hotel_price": ["75"]}, "607180": {"hotel_name": "\u5168\u5b63\u9152\u5e97(\u9752\u5c9b\u9999\u6e2f\u4e2d\u8def\u5e97)", "order_time": ["2019-01-27 23:01:52"], "total_order": 1, "hotel_value": ["4.6"], "hotel_price": ["265"]}, "8394909": {"hotel_name": "\u5343\u591c\u5ea6\u5047\u516c\u5bd3(\u9752\u5c9b\u6d41\u4ead\u673a\u573a\u5e97)", "order_time": ["2019-01-27 23:02:13"], "total_order": 1, "hotel_value": ["4.5"], "hotel_price": ["112"]}, "19845456": {"hotel_name": "\u5b63\u5bb6\u516c\u5bd3(\u9752\u5c9b\u53f0\u4e1c\u5564\u9152\u8857\u5e97)", "order_time": ["2019-01-27 23:04:18"], "total_order": 1, "hotel_value": ["4.8"], "hotel_price": ["88"]}, "1181680": {"hotel_name": "\u9752\u5c9b\u65af\u7ef4\u767b\u5ea6\u5047\u516c\u5bd3(\u4e07\u79d1\u91d1\u8272\u5e7f\u573a)", "order_time": ["2019-01-27 23:04:20"], "total_order": 1, "hotel_value": ["4.5"], "hotel_price": ["159"]}, "18515525": {"hotel_name": "\u534a\u5c9b\u56fd\u9645\u9152\u5e97(\u9752\u5c9b\u674e\u6751\u5730\u94c1\u7ad9\u5e97)", "order_time": ["2019-01-27 23:29:32", "2019-01-27 23:09:32", "2019-01-27 23:04:25"], "total_order": 3, "hotel_value": ["4.5", "4.5", "4.5"], "hotel_price": ["219", "219", "219"]}, "1815658": {"hotel_name": "\u5723\u5fb7\u5c45\u5546\u52a1\u9152\u5e97(\u9752\u5c9b\u706b\u8f66\u5317\u7ad9\u5e97)", "order_time": ["2019-01-27 23:29:32", "2019-01-27 23:09:32", "2019-01-27 23:04:25"], "total_order": 3, "hotel_value": ["4.4", "4.4", "4.4"], "hotel_price": ["138", "138", "138"]}, "5024700": {"hotel_name": "\u9752\u5c9b\u591a\u60a6\u9152\u5e97", "order_time": ["2019-01-27 23:29:32", "2019-01-27 23:09:32", "2019-01-27 23:04:25"], "total_order": 3, "hotel_value": ["4.4", "4.4", "4.4"], "hotel_price": ["99", "99", "99"]}, "8417192": {"hotel_name": "\u9752\u5c9b\u82b1\u6735\u5feb\u6377\u9152\u5e97", "order_time": ["2019-01-27 23:29:32", "2019-01-27 23:09:32", "2019-01-27 23:04:25"], "total_order": 3, "hotel_value": ["4.4", "4.4", "4.4"], "hotel_price": ["119", "119", "119"]}, "25586200": {"hotel_name": "\u5b63\u5bb6\u516c\u5bd3(\u9752\u5c9bCBD\u5357\u4eac\u8def\u5e97)", "order_time": ["2019-01-27 23:29:32", "2019-01-27 23:15:33", "2019-01-27 23:15:34", "2019-01-27 23:15:24", "2019-01-27 23:04:25", "2019-01-27 23:09:32", "2019-01-27 23:15:25"], "total_order": 7, "hotel_value": ["4.9", "4.9", "4.9", "4.9", "4.9", "4.9", "4.9"], "hotel_price": ["98", "98", "98", "98", "98", "98", "98"]}, "442272": {"hotel_name": "\u9752\u5c9b\u8fbe\u5bbe\u6c49\u767d\u91d1\u8c6a\u5ef7\u9152\u5e97(\u539f\u660e\u73e0\u6d77\u6e2f\u5927\u9152\u5e97)", "order_time": ["2019-01-27 23:29:32", "2019-01-27 23:09:32", "2019-01-27 23:04:25"], "total_order": 3, "hotel_value": ["3.8", "3.8", "3.8"], "hotel_price": ["100", "100", "100"]}, "19682953": {"hotel_name": "\u6df1\u84ddinn\u6d77\u666f\u5ea6\u5047\u516c\u5bd3(\u9752\u5c9b\u4e1c\u65b9\u5f71\u90fd\u4e07\u8fbe\u8302\u5e97)", "order_time": ["2019-01-27 23:29:32", "2019-01-27 23:09:32", "2019-01-27 23:04:25"], "total_order": 3, "hotel_value": ["4.6", "4.6", "4.6"], "hotel_price": ["92", "92", "92"]}, "2136286": {"hotel_name": "\u9752\u5c9b\u7f8e\u5885\u5047\u671f\u9152\u5e9730\u53f7\u6d77\u8fb9\u522b\u5885", "order_time": ["2019-01-27 23:29:32", "2019-01-27 23:09:32", "2019-01-27 23:04:25"], "total_order": 3, "hotel_value": ["4.9", "4.9", "4.9"], "hotel_price": ["329", "329", "329"]}, "25900827": {"hotel_name": "\u53cc\u5b50\u661f\u6d77\u666f\u516c\u5bd3(\u9752\u5c9b\u4f1a\u5c55\u4e2d\u5fc3\u77f3\u8001\u4eba\u6d77\u6c34\u6d74\u573a\u5e97)", "order_time": ["2019-01-27 23:29:32", "2019-01-27 23:09:32", "2019-01-27 23:04:25"], "total_order": 3, "hotel_value": ["5.0", "5.0", "5.0"], "hotel_price": ["197", "197", "197"]}, "12622455": {"hotel_name": "\u9752\u5c9b\u6f2b\u751f\u6d3b\u4e3b\u9898\u9152\u5e97\u516c\u5bd3", "order_time": ["2019-01-27 23:09:32", "2019-01-27 23:04:27", "2019-01-27 23:29:33"], "total_order": 3, "hotel_value": ["4.6", "4.6", "4.6"], "hotel_price": ["88", "88", "88"]}, "25666978": {"hotel_name": "\u9752\u5c9b\u6fb3\u51ef\u9152\u5e97\u5f0f\u516c\u5bd3", "order_time": ["2019-01-27 23:29:33", "2019-01-27 23:04:27"], "total_order": 2, "hotel_value": ["5.0", "5.0"], "hotel_price": ["79", "79"]}, "995120": {"hotel_name": "\u94f6\u5ea7\u4f73\u9a7f\u9152\u5e97(\u9752\u5c9b\u4e2d\u592e\u5546\u52a1\u533a\u4e07\u8fbe\u5e7f\u573a\u5e97)(\u539f\u5b81\u590f\u8def\u5e97)", "order_time": ["2019-01-27 23:06:41"], "total_order": 1, "hotel_value": ["4.3"], "hotel_price": ["104"]}, "486063": {"hotel_name": "\u9752\u5c9b\u56fd\u4fe1\u6d77\u5929\u4f53\u80b2\u4e2d\u5fc3\u9152\u5e97", "order_time": ["2019-01-27 23:06:42"], "total_order": 1, "hotel_value": ["4.5"], "hotel_price": ["158"]}, "2329361": {"hotel_name": "\u9752\u5c9b\u65af\u7ef4\u767b\u5ea6\u5047\u516c\u5bd3(\u90ae\u8f6e\u6bcd\u6e2f\u5e97)", "order_time": ["2019-01-27 23:06:42"], "total_order": 1, "hotel_value": ["4.7"], "hotel_price": ["124"]}, "8681476": {"hotel_name": "\u9752\u5c9b\u8046\u6d77\u94c2\u6708\u6d77\u666f\u5ea6\u5047\u516c\u5bd3", "order_time": ["2019-01-27 23:06:45"], "total_order": 1, "hotel_value": ["4.7"], "hotel_price": ["74"]}, "1692406": {"hotel_name": "\u9752\u5c9b\u6c11\u8054\u51ef\u65cb\u9152\u5e97", "order_time": ["2019-01-27 23:06:47"], "total_order": 1, "hotel_value": ["4.5"], "hotel_price": ["292"]}, "669757": {"hotel_name": "\u9752\u5c9b\u5b9d\u9f99\u827a\u7b51\u9152\u5e97", "order_time": ["2019-01-27 23:26:34", "2019-01-27 23:06:49"], "total_order": 2, "hotel_value": ["4.5", "4.5"], "hotel_price": ["194", "194"]}, "8575831": {"hotel_name": "\u5c1a\u5ba2\u4f18\u7cbe\u9009\u9152\u5e97(\u9752\u5c9b\u57ce\u9633\u5229\u7fa4\u5e97)", "order_time": ["2019-01-27 23:09:12"], "total_order": 1, "hotel_value": ["4.7"], "hotel_price": ["154"]}, "25297429": {"hotel_name": "\u9752\u5c9b\u6d77\u89d2\u4e03\u865f\u522b\u5885\u9152\u5e97", "order_time": ["2019-01-27 23:09:17"], "total_order": 1, "hotel_value": ["4.9"], "hotel_price": ["428"]}, "456949": {"hotel_name": "\u9752\u5c9b\u9ec4\u6d77\u996d\u5e97", "order_time": ["2019-01-27 23:09:17"], "total_order": 1, "hotel_value": ["4.8"], "hotel_price": ["358"]}, "2301079": {"hotel_name": "\u7231\u5c0a\u5ba2\u9152\u5e97(\u9752\u5c9b\u516b\u5927\u5173\u5e97)", "order_time": ["2019-01-27 23:09:20"], "total_order": 1, "hotel_value": ["4.6"], "hotel_price": ["104"]}, "436479": {"hotel_name": "\u9752\u5c9b\u65af\u7ef4\u767b\u5ea6\u5047\u516c\u5bd3(\u90a3\u9c81\u6e7e)", "order_time": ["2019-01-27 23:09:21"], "total_order": 1, "hotel_value": ["4.4"], "hotel_price": ["99"]}, "5085596": {"hotel_name": "\u9526\u6c5f\u4e4b\u661f(\u9752\u5c9b\u6ca7\u53e3\u516c\u56ed\u5e97)", "order_time": ["2019-01-27 23:09:30"], "total_order": 1, "hotel_value": ["4.7"], "hotel_price": ["149"]}, "4068819": {"hotel_name": "\u90fd\u5e02118(\u9752\u5c9b\u4f1a\u5c55\u4e2d\u5fc3\u6d77\u5c14\u8def\u5e97)(\u539f\u5d02\u5c71\u9ad8\u79d1\u56ed\u5e97)", "order_time": ["2019-01-27 23:29:32", "2019-01-27 23:09:32"], "total_order": 2, "hotel_value": ["4.2", "4.2"], "hotel_price": ["113", "113"]}, "6525125": {"hotel_name": "Q\u52a0\u00b7\u60a6\u6f9c\u9152\u5e97\u516c\u5bd3(\u9752\u5c9b\u4e94\u56db\u5e7f\u573a\u4e07\u8c61\u57ce\u5e97)", "order_time": ["2019-01-27 23:11:40"], "total_order": 1, "hotel_value": ["4.7"], "hotel_price": ["196"]}, "8576104": {"hotel_name": "\u9752\u5c9b\u9038\u6d77\u5c71\u5c45\u6d77\u666f\u5ba2\u623f", "order_time": ["2019-01-27 23:11:45"], "total_order": 1, "hotel_value": ["4.9"], "hotel_price": ["517"]}, "1708181": {"hotel_name": "\u9752\u5c9b\u98ce\u5c1a\u00b7\u56db\u5b63\u5047\u65e5\u9152\u5e97(\u674e\u6751\u6b65\u884c\u8857\u5965\u514b\u65af\u5e7f\u573a\u5e97)", "order_time": ["2019-01-27 23:11:46", "2019-01-27 23:53:36"], "total_order": 2, "hotel_value": ["4.3", "4.3"], "hotel_price": ["70", "70"]}, "1371788": {"hotel_name": "\u6854\u5b50\u00b7\u6c34\u6676\u9152\u5e97(\u9752\u5c9b\u4e94\u56db\u5e7f\u573a\u6d77\u666f\u5e97)", "order_time": ["2019-01-27 23:11:47"], "total_order": 1, "hotel_value": ["4.7"], "hotel_price": ["322"]}, "443607": {"hotel_name": "\u9752\u5c9b\u6052\u90fd\u884c\u653f\u9152\u5e97", "order_time": ["2019-01-27 23:11:51"], "total_order": 1, "hotel_value": ["4.1"], "hotel_price": ["97"]}, "8545591": {"hotel_name": "\u9752\u5c9b\u53ef\u4e34\u5b81\u8fde\u9501\u9152\u5e97\u5f00\u53d1\u533a\u4fdd\u7a0e\u533a\u897f\u95e8\u5e97", "order_time": ["2019-01-27 23:12:00"], "total_order": 1, "hotel_value": ["4.1"], "hotel_price": ["89"]}, "1208726": {"hotel_name": "\u5c1a\u5ba2\u4f18\u5feb\u6377\u9152\u5e97(\u9752\u5c9b\u52b2\u677e\u4e00\u8def\u5e97)", "order_time": ["2019-01-27 23:12:00"], "total_order": 1, "hotel_value": ["4.2"], "hotel_price": ["74"]}, "16018600": {"hotel_name": "\u683c\u6797\u4e1c\u65b9\u9152\u5e97(\u9752\u5c9b\u4e16\u7eaa\u516c\u56ed\u6d41\u4ead\u673a\u573a\u5e97)", "order_time": ["2019-01-27 23:16:41", "2019-01-27 23:14:16"], "total_order": 2, "hotel_value": ["4.5", "4.5"], "hotel_price": ["139", "139"]}, "5482123": {"hotel_name": "\u9752\u5c9b\u94f6\u6cb3\u5047\u65e5\u9152\u5e97", "order_time": ["2019-01-27 23:14:23"], "total_order": 1, "hotel_value": ["4.7"], "hotel_price": ["173"]}, "1541913": {"hotel_name": "\u9752\u5c9b\u6c11\u822a\u673a\u573a\u5bbe\u9986", "order_time": ["2019-01-27 23:14:23"], "total_order": 1, "hotel_value": ["4.5"], "hotel_price": ["299"]}, "5438559": {"hotel_name": "\u4f18\u54c1\u9152\u5e97(\u9752\u5c9b\u56db\u6d41\u5357\u8def\u5e97)", "order_time": ["2019-01-27 23:16:50"], "total_order": 1, "hotel_value": ["4.3"], "hotel_price": ["71"]}, "1426280": {"hotel_name": "\u91d1\u6d77\u7ea2\u5b87\u5bbe\u9986(\u9752\u5c9b\u706b\u8f66\u7ad9\u897f\u5e7f\u573a\u5e97)", "order_time": ["2019-01-27 23:19:07"], "total_order": 1, "hotel_value": ["4.6"], "hotel_price": ["109"]}, "5073599": {"hotel_name": "\u827e\u5c4b\u9152\u5e97\u516c\u5bd3(\u9752\u5c9b\u90ae\u8f6e\u6bcd\u6e2f\u5e97)", "order_time": ["2019-01-27 23:19:09"], "total_order": 1, "hotel_value": ["4.7"], "hotel_price": ["84"]}, "1085529": {"hotel_name": "\u9752\u5c9b\u6d77\u84dd\u6d77\u666f\u5ea6\u5047\u516c\u5bd3", "order_time": ["2019-01-27 23:19:22"], "total_order": 1, "hotel_value": ["4.9"], "hotel_price": ["90"]}, "1934416": {"hotel_name": "\u6df1\u84dd\u5047\u65e5\u5ea6\u5047\u5f0f\u516c\u5bd3(\u9752\u5c9b\u5927\u62c7\u6307\u5e7f\u573a\u5e97)", "order_time": ["2019-01-27 23:21:41"], "total_order": 1, "hotel_value": ["4.4"], "hotel_price": ["106"]}, "13737239": {"hotel_name": "\u62dc\u767b\u516c\u5bd3\u00b7\u9752\u5c9b\u5927\u62c7\u6307\u4f1a\u5c55\u4e2d\u5fc3\u5e97", "order_time": ["2019-01-27 23:21:44"], "total_order": 1, "hotel_value": ["4.6"], "hotel_price": ["109"]}, "6039985": {"hotel_name": "\u9752\u5c9b\u771f\u8bda\u4f73\u9a7f\u4e3b\u9898\u9152\u5e97", "order_time": ["2019-01-27 23:24:09"], "total_order": 1, "hotel_value": ["4.4"], "hotel_price": ["94"]}, "467216": {"hotel_name": "\u9752\u5c9b\u6d77\u666f\u82b1\u56ed\u5927\u9152\u5e97", "order_time": ["2019-01-27 23:24:12"], "total_order": 1, "hotel_value": ["4.8"], "hotel_price": ["580"]}, "2301077": {"hotel_name": "\u7231\u5c0a\u5ba2\u9152\u5e97(\u9752\u5c9b\u4e94\u56db\u5e7f\u573a\u5e97)", "order_time": ["2019-01-27 23:24:12"], "total_order": 1, "hotel_value": ["4.6"], "hotel_price": ["130"]}, "1321727": {"hotel_name": "\u9752\u5c9b\u5343\u767e\u5ea6\u5047\u65e5\u5bbe\u9986", "order_time": ["2019-01-27 23:24:15"], "total_order": 1, "hotel_value": ["4.2"], "hotel_price": ["54"]}, "996591": {"hotel_name": "\u9752\u5c9b\u5b8f\u8fd0\u5927\u9152\u5e97", "order_time": ["2019-01-27 23:26:30"], "total_order": 1, "hotel_value": ["4.6"], "hotel_price": ["83"]}, "1942102": {"hotel_name": "\u683c\u6797\u8c6a\u6cf0\u9152\u5e97(\u9752\u5c9b\u4e66\u9662\u8def\u8fbe\u7fc1\u5e7f\u573a\u5e97)", "order_time": ["2019-01-27 23:26:36"], "total_order": 1, "hotel_value": ["4.3"], "hotel_price": ["94"]}, "5463838": {"hotel_name": "\u9752\u5c9b\u7761\u673a\u573a\u9152\u5e97", "order_time": ["2019-01-27 23:28:57", "2019-01-27 23:46:21"], "total_order": 2, "hotel_value": ["4.3", "4.3"], "hotel_price": ["152", "174"]}, "22454731": {"hotel_name": "\u9752\u5c9b\u8d1d\u9716\u7cbe\u9009\u9152\u5e97", "order_time": ["2019-01-27 23:29:09"], "total_order": 1, "hotel_value": ["4.8"], "hotel_price": ["116"]}, "11403746": {"hotel_name": "\u5c1a\u5ba2\u4f18\u8fde\u9501\u9152\u5e97(\u519b\u6c11\u878d\u5408\u533a\u5e97)", "order_time": ["2019-01-27 23:29:32"], "total_order": 1, "hotel_value": ["4.6"], "hotel_price": ["112"]}, "7516194": {"hotel_name": "\u5fc6\u5c0f\u7a9d\u56fd\u9645\u9752\u5e74\u65c5\u820d(\u9752\u5c9b\u5317\u706b\u8f66\u7ad9\u5e97)", "order_time": ["2019-01-27 23:29:33"], "total_order": 1, "hotel_value": ["4.7"], "hotel_price": ["33"]}, "994087": {"hotel_name": "\u5982\u5bb6\u5feb\u6377\u9152\u5e97(\u9752\u5c9b\u4e2d\u5c71\u8def\u5288\u67f4\u9662\u5e97)", "order_time": ["2019-01-27 23:31:22"], "total_order": 1, "hotel_value": ["4.4"], "hotel_price": ["76"]}, "994189": {"hotel_name": "\u4eac\u82d1\u8fde\u9501\u9152\u5e97(\u9752\u5c9b\u6781\u5730\u6d77\u6d0b\u4e16\u754c\u5e97)", "order_time": ["2019-01-27 23:33:44"], "total_order": 1, "hotel_value": ["4.5"], "hotel_price": ["85"]}, "1746831": {"hotel_name": "7\u5929\u4f18\u54c1\u9152\u5e97(\u9752\u5c9b\u9999\u6e2f\u4e2d\u8def\u829d\u6cc9\u8def\u5730\u94c1\u7ad9\u5e97)", "order_time": ["2019-01-27 23:33:48"], "total_order": 1, "hotel_value": ["4.3"], "hotel_price": ["109"]}, "801573": {"hotel_name": "\u9752\u5c9b\u5eb7\u5927\u8c6a\u751f\u5927\u9152\u5e97", "order_time": ["2019-01-27 23:33:49"], "total_order": 1, "hotel_value": ["4.7"], "hotel_price": ["378"]}, "8597057": {"hotel_name": "\u9752\u5c9b\u9a7f\u65c5\u8ff7\u4f60\u65c5\u9986", "order_time": ["2019-01-27 23:33:54"], "total_order": 1, "hotel_value": ["4.0"], "hotel_price": ["80"]}, "427930": {"hotel_name": "\u5982\u5bb6\u5feb\u6377\u9152\u5e97(\u9752\u5c9b\u5c71\u4e1c\u8def\u4e2d\u592e\u5546\u52a1\u533a\u4e07\u8fbe\u5e7f\u573a\u5e97)", "order_time": ["2019-01-27 23:34:05"], "total_order": 1, "hotel_value": ["4.5"], "hotel_price": ["128"]}, "5318261": {"hotel_name": "\u6d77\u90b8\u4f18\u820d\u7cbe\u54c1\u9152\u5e97(\u9752\u5c9b\u6808\u6865\u706b\u8f66\u7ad9\u5e97)", "order_time": ["2019-01-27 23:36:23"], "total_order": 1, "hotel_value": ["4.7"], "hotel_price": ["49"]}, "16126995": {"hotel_name": "\u9752\u5c9b\u4e1c\u65b9\u5f71\u90fd\u4e07\u8fbe\u5e0c\u5c14\u987f\u9038\u6797\u9152\u5e97", "order_time": ["2019-01-27 23:38:44"], "total_order": 1, "hotel_value": ["4.6"], "hotel_price": ["460"]}, "4649627": {"hotel_name": "\u7f8e\u4f73\u8054\u76df\u6d77\u666f\u5ea6\u5047\u516c\u5bd3(\u9752\u5c9b\u4e1c\u65b9\u5f71\u90fd\u4e07\u8fbe\u516c\u9986\u5e97)", "order_time": ["2019-01-27 23:38:54"], "total_order": 1, "hotel_value": ["4.5"], "hotel_price": ["98"]}, "6841720": {"hotel_name": "\u9752\u5c9b\u6d77\u6db5\u8f69\u7cbe\u54c1\u9152\u5e97", "order_time": ["2019-01-27 23:41:22"], "total_order": 1, "hotel_value": ["4.7"], "hotel_price": ["124"]}, "1379289": {"hotel_name": "\u90fd\u5e02118(\u9752\u5c9b\u57ce\u9633\u5b9d\u9f99\u5e7f\u573a\u5e97)", "order_time": ["2019-01-27 23:43:51"], "total_order": 1, "hotel_value": ["4.0"], "hotel_price": ["108"]}, "3265800": {"hotel_name": "\u9752\u5c9b\u90a3\u9c81\u6e7e\u6d77\u666f\u5ea6\u5047\u516c\u5bd3", "order_time": ["2019-01-27 23:43:53", "2019-01-27 23:48:55"], "total_order": 2, "hotel_value": ["4.7", "4.7"], "hotel_price": ["111", "111"]}, "430450": {"hotel_name": "\u9752\u5c9b\u666f\u56ed\u5047\u65e5\u9152\u5e97", "order_time": ["2019-01-27 23:43:56"], "total_order": 1, "hotel_value": ["4.6"], "hotel_price": ["487"]}, "25557473": {"hotel_name": "\u9752\u5c9b\u68e0\u66fc\u9152\u5e97", "order_time": ["2019-01-27 23:43:57"], "total_order": 1, "hotel_value": ["4.7"], "hotel_price": ["149"]}, "1418968": {"hotel_name": "\u82b1\u6eaa\u5ba2\u6808(\u9752\u5c9b\u90a3\u9c81\u6e7e\u5e97)", "order_time": ["2019-01-27 23:43:58"], "total_order": 1, "hotel_value": ["4.6"], "hotel_price": ["82"]}, "772111": {"hotel_name": "\u9752\u5c9b\u5a01\u65af\u6c40\u9152\u5e97", "order_time": ["2019-01-27 23:46:21"], "total_order": 1, "hotel_value": ["4.6"], "hotel_price": ["548"]}, "514315": {"hotel_name": "\u9752\u5c9b\u5f97\u5b9d\u6e7e\u6d77\u666f\u5927\u9152\u5e97", "order_time": ["2019-01-27 23:46:23"], "total_order": 1, "hotel_value": ["4.2"], "hotel_price": ["329"]}, "669124": {"hotel_name": "\u9752\u5c9b\u534e\u4fa8\u56fd\u9645\u996d\u5e97", "order_time": ["2019-01-27 23:48:47"], "total_order": 1, "hotel_value": ["4.3"], "hotel_price": ["198"]}, "1775197": {"hotel_name": "\u9526\u6c5f\u4e4b\u661f\u54c1\u5c1a(\u9752\u5c9b\u6cb3\u5357\u8def\u706b\u8f66\u7ad9\u5e97)4S\u5347\u7ea7\u5e97", "order_time": ["2019-01-27 23:48:54"], "total_order": 1, "hotel_value": ["4.5"], "hotel_price": ["129"]}, "1208326": {"hotel_name": "7\u5929\u8fde\u9501\u9152\u5e97(\u9752\u5c9b\u9999\u6c5f\u8def\u4e2d\u5fc3\u5e97)", "order_time": ["2019-01-27 23:51:12"], "total_order": 1, "hotel_value": ["4.7"], "hotel_price": ["95"]}, "794951": {"hotel_name": "\u9752\u5c9b\u673a\u573a\u53cb\u4fe1\u822a\u7a7a\u516c\u5bd3", "order_time": ["2019-01-27 23:51:15"], "total_order": 1, "hotel_value": ["4.0"], "hotel_price": ["104"]}, "5194583": {"hotel_name": "\u9601\u99a8\u9152\u5e97(\u9752\u5c9b\u519c\u4e1a\u5927\u5b66\u5e97)", "order_time": ["2019-01-27 23:51:21"], "total_order": 1, "hotel_value": ["4.4"], "hotel_price": ["197"]}, "8426688": {"hotel_name": "\u5982\u5bb6\u7cbe\u9009\u9152\u5e97(\u9752\u5c9b\u706b\u8f66\u7ad9\u6808\u6865\u5e97)", "order_time": ["2019-01-27 23:53:35"], "total_order": 1, "hotel_value": ["4.6"], "hotel_price": ["148"]}, "2330606": {"hotel_name": "\u5982\u5bb6\u5feb\u6377\u9152\u5e97(\u9752\u5c9b\u6b63\u9633\u4e2d\u8def\u5229\u7fa4\u5e97)", "order_time": ["2019-01-27 23:53:38"], "total_order": 1, "hotel_value": ["4.7"], "hotel_price": ["137"]}, "5930261": {"hotel_name": "\u9752\u5c9b\u9ec4\u5c9b\u6cf0\u6210\u559c\u6765\u767b\u9152\u5e97", "order_time": ["2019-01-27 23:56:01"], "total_order": 1, "hotel_value": ["4.6"], "hotel_price": ["449"]}}}