{"\u5f00\u59cb\u8bb0\u5f55\u65f6\u95f4": "2019-01-28 20:01:11", "\u7ed3\u675f\u8bb0\u5f55\u65f6\u95f4": "2019-01-28 21:01:11", "\u8ba2\u5355\u603b\u589e\u91cf": 192, "item": {"6649334": {"hotel_name": "\u90fd\u5e02118\u9152\u5e97(\u9752\u5c9b\u9ad8\u65b0\u533a\u65b9\u7279\u5e97)", "order_time": ["2019-01-28 20:03:26"], "total_order": 1, "hotel_value": ["4.2"], "hotel_price": ["124"]}, "1259981": {"hotel_name": "\u9752\u5c9b\u4e2d\u5929\u6d77\u666f\u9152\u5e97\uff08\u6808\u6865\u706b\u8f66\u7ad9\u5e97\uff09", "order_time": ["2019-01-28 20:03:28"], "total_order": 1, "hotel_value": ["4.8"], "hotel_price": ["76"]}, "427955": {"hotel_name": "\u5982\u5bb6\u5feb\u6377\u9152\u5e97(\u9752\u5c9b\u53f0\u4e1c\u6b65\u884c\u8857\u5e97)", "order_time": ["2019-01-28 20:03:29"], "total_order": 1, "hotel_value": ["4.5"], "hotel_price": ["104"]}, "5247964": {"hotel_name": "\u5c1a\u5ba2\u4f18\u5feb\u6377\u9152\u5e97(\u9752\u5c9b\u5f00\u53d1\u533a\u5bb6\u4f73\u6e90\u5e97)", "order_time": ["2019-01-28 20:03:29"], "total_order": 1, "hotel_value": ["3.9"], "hotel_price": ["55"]}, "427991": {"hotel_name": "\u5982\u5bb6\u5feb\u6377\u9152\u5e97(\u9752\u5c9b\u53f0\u4e1c\u5546\u4e1a\u533a\u5229\u6d25\u8def\u5e97)", "order_time": ["2019-01-28 20:03:29"], "total_order": 1, "hotel_value": ["4.4"], "hotel_price": ["86"]}, "439773": {"hotel_name": "\u9752\u5c9b\u8fdc\u96c4\u60a6\u6765\u9152\u5e97\u516c\u5bd3", "order_time": ["2019-01-28 20:03:30"], "total_order": 1, "hotel_value": ["4.6"], "hotel_price": ["378"]}, "1165332": {"hotel_name": "\u96c5\u60a6\u7cbe\u81f4\u9152\u5e97(\u9752\u5c9b\u53f0\u4e1c\u5564\u9152\u8857\u5e97)", "order_time": ["2019-01-28 20:03:31"], "total_order": 1, "hotel_value": ["4.3"], "hotel_price": ["83"]}, "29715350": {"hotel_name": "\u9752\u5c9b\u6808\u6865\u4e9a\u6735\u9152\u5e97", "order_time": ["2019-01-28 20:03:32"], "total_order": 1, "hotel_value": [0], "hotel_price": ["297"]}, "1695413": {"hotel_name": "\u9752\u5c9b\u57ce\u9633\u5229\u6e2f\u6e90\u5bbe\u9986", "order_time": ["2019-01-28 20:04:07"], "total_order": 1, "hotel_value": ["3.9"], "hotel_price": ["67"]}, "8182955": {"hotel_name": "\u6cca\u4e91\u5c1a\u9009\u5ead\u9662\u9152\u5e97(\u9752\u5c9b\u897f\u6d77\u5cb8\u4e1c\u65b9\u5f71\u90fd\u4e07\u8fbe\u8302\u5e97)", "order_time": ["2019-01-28 20:05:22"], "total_order": 1, "hotel_value": ["4.9"], "hotel_price": ["258"]}, "4328552": {"hotel_name": "\u9752\u5c9b\u4e50\u6e90\u9152\u5e97", "order_time": ["2019-01-28 20:05:22"], "total_order": 1, "hotel_value": ["4.4"], "hotel_price": ["164"]}, "997909": {"hotel_name": "\u9752\u5c9b\u51ef\u83b1\u5927\u9152\u5e97", "order_time": ["2019-01-28 20:05:23"], "total_order": 1, "hotel_value": ["4.6"], "hotel_price": ["368"]}, "6838355": {"hotel_name": "\u5170\u6b27\u9152\u5e97(\u9752\u5c9b\u4e94\u56db\u5e7f\u573a\u5e97)(\u539f\u65b0\u4e1c\u5927\u9152\u5e97)", "order_time": ["2019-01-28 20:05:23"], "total_order": 1, "hotel_value": ["4.7"], "hotel_price": ["290"]}, "9210540": {"hotel_name": "\u5982\u5bb6\u5546\u65c5\u9152\u5e97(\u9752\u5c9b\u6808\u6865\u706b\u8f66\u7ad9\u5730\u94c1\u7ad9\u5e97)", "order_time": ["2019-01-28 20:05:26"], "total_order": 1, "hotel_value": ["4.7"], "hotel_price": ["113"]}, "1306753": {"hotel_name": "\u9752\u5c9b\u51ef\u83b1\u5546\u52a1\u9152\u5e97", "order_time": ["2019-01-28 20:05:30"], "total_order": 1, "hotel_value": ["4.2"], "hotel_price": ["154"]}, "1727504": {"hotel_name": "\u5e73\u5ea6\u5706\u4e2d\u65b9\u5927\u9152\u5e97", "order_time": ["2019-01-28 20:06:22"], "total_order": 1, "hotel_value": ["4.7"], "hotel_price": ["173"]}, "5147860": {"hotel_name": "\u9752\u5c9b\u5d02\u5c71\u6e7e\u9152\u5e97", "order_time": ["2019-01-28 20:07:25"], "total_order": 1, "hotel_value": ["4.6"], "hotel_price": ["426"]}, "8497971": {"hotel_name": "\u9752\u5c9b\u6c49\u838e\u5361\u8428\u6d77\u666f\u516c\u5bd3", "order_time": ["2019-01-28 20:07:27"], "total_order": 1, "hotel_value": ["4.6"], "hotel_price": ["124"]}, "1209773": {"hotel_name": "\u9752\u5c9b\u661f\u4e4b\u7ffc\u4e3b\u9898\u516c\u5bd3", "order_time": ["2019-01-28 20:07:28"], "total_order": 1, "hotel_value": ["4.6"], "hotel_price": ["74"]}, "1388940": {"hotel_name": "\u5373\u58a8\u57ce\u6295\u6e29\u6cc9VIP SPA\u4f1a\u6240", "order_time": ["2019-01-28 20:07:30"], "total_order": 1, "hotel_value": ["3.9"], "hotel_price": ["423"]}, "1261482": {"hotel_name": "\u90fd\u5e02\u4f18\u54c1\u9152\u5e97(\u9752\u5c9b\u4e16\u56ed\u4f1a\u5e7f\u573a\u5e97)", "order_time": ["2019-01-28 20:07:32"], "total_order": 1, "hotel_value": ["3.6"], "hotel_price": ["116"]}, "1200168": {"hotel_name": "\u7ef4\u4e5f\u7eb3\u9152\u5e97(\u80f6\u5dde\u5e97)", "order_time": ["2019-01-28 20:08:09"], "total_order": 1, "hotel_value": ["4.7"], "hotel_price": ["238"]}, "2313553": {"hotel_name": "\u6c49\u5ead\u9152\u5e97(\u5373\u58a8\u9e64\u5c71\u8def\u5e97)", "order_time": ["2019-01-28 20:09:24"], "total_order": 1, "hotel_value": ["4.6"], "hotel_price": ["132"]}, "5463838": {"hotel_name": "\u9752\u5c9b\u7761\u673a\u573a\u9152\u5e97", "order_time": ["2019-01-28 20:09:24"], "total_order": 1, "hotel_value": ["4.3"], "hotel_price": ["178"]}, "19852075": {"hotel_name": "\u66dc\u77f3\u6d77\u666f\u516c\u5bd3\u9152\u5e97(\u9752\u5c9b\u4f1a\u5c55\u4e2d\u5fc3\u77f3\u8001\u4eba\u6d77\u6c34\u6d74\u573a\u5e97)", "order_time": ["2019-01-28 20:09:24"], "total_order": 1, "hotel_value": ["4.8"], "hotel_price": ["231"]}, "6608537": {"hotel_name": "\u6854\u5b50\u9152\u5e97\u00b7\u7cbe\u9009(\u9752\u5c9b\u56db\u6d41\u5357\u8def\u5e97)", "order_time": ["2019-01-28 20:09:25"], "total_order": 1, "hotel_value": ["4.9"], "hotel_price": ["246"]}, "443976": {"hotel_name": "\u90fd\u5e02118(\u9752\u5c9b\u674e\u6ca7\u6b65\u884c\u8857\u5e97)", "order_time": ["2019-01-28 20:09:25", "2019-01-28 20:41:23"], "total_order": 2, "hotel_value": ["4.6", "4.6"], "hotel_price": ["75", "75"]}, "438270": {"hotel_name": "\u7231\u5c0a\u5ba2\u9152\u5e97(\u9752\u5c9b\u5965\u5e06\u4e2d\u5fc3\u5e97)(\u539f\u6d77\u797a\u5e97)", "order_time": ["2019-01-28 20:09:27"], "total_order": 1, "hotel_value": ["4.6"], "hotel_price": ["94"]}, "1219329": {"hotel_name": "\u9752\u5c9b\u5370\u8c61\u4fbf\u6377\u8fde\u9501\u9152\u5e97", "order_time": ["2019-01-28 20:09:28"], "total_order": 1, "hotel_value": ["4.7"], "hotel_price": ["49"]}, "346318": {"hotel_name": "\u9752\u5c9b\u80f6\u5dde\u7eff\u57ce\u559c\u6765\u767b\u9152\u5e97", "order_time": ["2019-01-28 20:09:56"], "total_order": 1, "hotel_value": ["4.6"], "hotel_price": ["458"]}, "5033186": {"hotel_name": "\u7ef4\u4e5f\u7eb3\u667a\u597d\u9152\u5e97(\u9752\u5c9b\u5373\u58a8\u5e97)(\u539f\u65fa\u534e\u5927\u9152\u5e97)", "order_time": ["2019-01-28 20:11:24"], "total_order": 1, "hotel_value": ["4.4"], "hotel_price": ["188"]}, "640472": {"hotel_name": "\u9752\u5c9b\u65af\u7ef4\u767b\u5ea6\u5047\u516c\u5bd3(\u9c81\u90a6\u98ce\u60c5)", "order_time": ["2019-01-28 20:11:26"], "total_order": 1, "hotel_value": ["4.3"], "hotel_price": ["103"]}, "2301080": {"hotel_name": "\u7231\u5c0a\u5ba2\u9152\u5e97(\u9752\u5c9b\u94f6\u5ddd\u8def\u5e97)", "order_time": ["2019-01-28 20:11:27"], "total_order": 1, "hotel_value": ["4.6"], "hotel_price": ["104"]}, "994246": {"hotel_name": "\u5982\u5bb6\u5feb\u6377\u9152\u5e97(\u5373\u58a8\u84dd\u9ccc\u8def\u5b9d\u9f99\u5e7f\u573a\u5e97)", "order_time": ["2019-01-28 20:11:28"], "total_order": 1, "hotel_value": ["4.5"], "hotel_price": ["102"]}, "1070435": {"hotel_name": "\u5982\u5bb6\u5feb\u6377\u9152\u5e97(\u9752\u5c9b\u6808\u6865\u706b\u8f66\u7ad9\u4e1c\u5e7f\u573a\u5e97)", "order_time": ["2019-01-28 20:11:29"], "total_order": 1, "hotel_value": ["4.5"], "hotel_price": ["92"]}, "2295802": {"hotel_name": "\u9752\u5c9b\u6a31\u82b1\u96e8\u6d77\u666f\u65e5\u79df", "order_time": ["2019-01-28 20:11:30"], "total_order": 1, "hotel_value": ["3.9"], "hotel_price": ["39"]}, "9188985": {"hotel_name": "\u5b9c\u6e7e\u4e3b\u9898\u9152\u5e97(\u9752\u5c9b\u706b\u8f66\u5317\u7ad9\u5e97)", "order_time": ["2019-01-28 20:11:35"], "total_order": 1, "hotel_value": ["2.6"], "hotel_price": ["78"]}, "6508376": {"hotel_name": "\u6155\u820d\u00b7\u8d1d\u683c\u9152\u5e97\u516c\u5bd3(\u9752\u5c9b\u4e07\u8c61\u57ce\u5965\u5e06\u4e94\u56db\u5e7f\u573a\u5e97)", "order_time": ["2019-01-28 20:51:24", "2019-01-28 20:11:59"], "total_order": 2, "hotel_value": ["4.9", "4.9"], "hotel_price": ["298", "298"]}, "21124467": {"hotel_name": "\u9752\u5c9b\u65af\u7ef4\u767b\u7cbe\u54c1\u516c\u5bd3(\u4f1a\u5c55\u4e2d\u5fc3\u77f3\u8001\u4eba\u6d77\u6c34\u6d74\u573a)", "order_time": ["2019-01-28 20:11:59"], "total_order": 1, "hotel_value": ["4.9"], "hotel_price": ["318"]}, "438731": {"hotel_name": "\u4e2d\u822a\u7fd4\u901a\u6e38\u8247\u4f1a\u9152\u5e97(\u9752\u5c9b\u5965\u5e06\u4e2d\u5fc3\u4e94\u56db\u5e7f\u573a\u5e97)", "order_time": ["2019-01-28 20:11:59"], "total_order": 1, "hotel_value": ["4.8"], "hotel_price": ["321"]}, "1226388": {"hotel_name": "\u9752\u5c9b\u6db5\u78a7\u697c\u9152\u5e97", "order_time": ["2019-01-28 20:11:59"], "total_order": 1, "hotel_value": ["4.6"], "hotel_price": ["1779"]}, "5930359": {"hotel_name": "\u9752\u5c9b\u91d1\u77f3\u56fd\u9645\u5927\u9152\u5e97", "order_time": ["2019-01-28 20:13:28", "2019-01-28 20:11:59"], "total_order": 2, "hotel_value": ["4.8", "4.8"], "hotel_price": ["386", "386"]}, "654770": {"hotel_name": "\u9752\u5c9b\u4e3d\u5929\u5927\u9152\u5e97", "order_time": ["2019-01-28 20:11:59"], "total_order": 1, "hotel_value": ["4.8"], "hotel_price": ["358"]}, "5264336": {"hotel_name": "\u9e92\u97f5\u516c\u5bd3(\u9752\u5c9b\u4e07\u8c61\u57ce\u4e94\u56db\u5e7f\u573a\u5965\u5e06\u4e2d\u5fc3\u5e97)", "order_time": ["2019-01-28 20:11:59"], "total_order": 1, "hotel_value": ["4.8"], "hotel_price": ["238"]}, "18034506": {"hotel_name": "\u6c49\u5510\u9152\u5e97(\u9752\u5c9b\u6d41\u4ead\u673a\u573a\u5e97)", "order_time": ["2019-01-28 20:11:59"], "total_order": 1, "hotel_value": ["4.8"], "hotel_price": ["216"]}, "4719799": {"hotel_name": "\u9752\u5c9b\u5965\u5e06\u4e94\u56db\u5e7f\u573a\u4e9a\u6735\u9152\u5e97(\u539f\u5965\u5e06\u4e2d\u5fc3\u5e97)", "order_time": ["2019-01-28 20:11:59"], "total_order": 1, "hotel_value": ["4.8"], "hotel_price": ["298"]}, "25270439": {"hotel_name": "\u9752\u5c9b\u673a\u573a\u4e16\u7eaa\u516c\u56ed\u4e9a\u6735\u9152\u5e97", "order_time": ["2019-01-28 20:11:59"], "total_order": 1, "hotel_value": ["4.9"], "hotel_price": ["310"]}, "21735796": {"hotel_name": "\u9752\u5c9b\u4e94\u56db\u5e7f\u573a\u4e91\u9704\u8def\u4e9a\u6735\u9152\u5e97", "order_time": ["2019-01-28 20:12:00"], "total_order": 1, "hotel_value": ["4.8"], "hotel_price": ["298"]}, "6273850": {"hotel_name": "\u7eff\u5cf0\u96c5\u9601\u5ea6\u5047\u516c\u5bd3(\u9752\u5c9b\u4e94\u56db\u5e7f\u573a\u4e07\u8c61\u57ce\u5e97)", "order_time": ["2019-01-28 20:12:00"], "total_order": 1, "hotel_value": ["4.8"], "hotel_price": ["198"]}, "5214763": {"hotel_name": "\u9752\u5c9b\u65af\u7ef4\u767b\u5ea6\u5047\u516c\u5bd3(\u5965\u5e06\u4e94\u56db\u5e7f\u573a\u4e07\u8c61\u57ce)", "order_time": ["2019-01-28 20:12:00"], "total_order": 1, "hotel_value": ["4.8"], "hotel_price": ["247"]}, "455485": {"hotel_name": "\u9752\u5c9b\u5e9c\u65b0\u5927\u53a6", "order_time": ["2019-01-28 20:12:00"], "total_order": 1, "hotel_value": ["4.7"], "hotel_price": ["426"]}, "992456": {"hotel_name": "\u9752\u5c9b\u540d\u90fd\u51ef\u83b1\u9152\u5e97", "order_time": ["2019-01-28 20:12:00"], "total_order": 1, "hotel_value": ["4.4"], "hotel_price": ["408"]}, "2638267": {"hotel_name": "\u6c49\u5ead\u9152\u5e97(\u9752\u5c9b\u6d77\u5c14\u8def\u56fd\u9645\u4f1a\u5c55\u4e2d\u5fc3\u5e97)", "order_time": ["2019-01-28 20:13:26"], "total_order": 1, "hotel_value": ["4.5"], "hotel_price": ["189"]}, "1730433": {"hotel_name": "\u9752\u5c9b\u4e16\u7f18\u60c5\u5047\u65e5\u9152\u5e97", "order_time": ["2019-01-28 20:13:26"], "total_order": 1, "hotel_value": ["4.5"], "hotel_price": ["158"]}, "481742": {"hotel_name": "\u9752\u5c9b\u4e16\u8d38\u6d77\u60a6\u5927\u9152\u5e97", "order_time": ["2019-01-28 20:13:28"], "total_order": 1, "hotel_value": ["4.7"], "hotel_price": ["328"]}, "485385": {"hotel_name": "\u9752\u5c9b\u591a\u7459\u6cb3\u56fd\u9645\u5927\u9152\u5e97", "order_time": ["2019-01-28 20:13:28"], "total_order": 1, "hotel_value": ["4.4"], "hotel_price": ["233"]}, "1183886": {"hotel_name": "\u9752\u5c9b\u548c\u5ba4\u9038\u5c45\u5546\u52a1\u5bbe\u9986", "order_time": ["2019-01-28 20:13:30"], "total_order": 1, "hotel_value": ["4.2"], "hotel_price": ["83"]}, "5250260": {"hotel_name": "\u9752\u5c9b\u987a\u5ba2\u946b\u5546\u52a1\u5bbe\u9986", "order_time": ["2019-01-28 20:13:30"], "total_order": 1, "hotel_value": ["2.7"], "hotel_price": ["279"]}, "5894597": {"hotel_name": "\u9752\u5c9b\u7ea2\u6811\u6797\u5ea6\u5047\u4e16\u754c(\u73ca\u745a\u9152\u5e97)", "order_time": ["2019-01-28 20:15:22"], "total_order": 1, "hotel_value": ["4.4"], "hotel_price": ["410"]}, "1925767": {"hotel_name": "\u9752\u5c9b\u7d2b\u73a5\u94c2\u5c14\u66fc\u9152\u5e97", "order_time": ["2019-01-28 20:15:22"], "total_order": 1, "hotel_value": ["4.5"], "hotel_price": ["351"]}, "994154": {"hotel_name": "\u5982\u5bb6\u5feb\u6377\u9152\u5e97(\u9752\u5c9b\u5c71\u4e1c\u8def\u4e2d\u592e\u5546\u52a1\u533a\u91cd\u5e86\u5357\u8def\u5e97)", "order_time": ["2019-01-28 20:15:24"], "total_order": 1, "hotel_value": ["4.5"], "hotel_price": ["99"]}, "6284187": {"hotel_name": "\u9752\u5c9b\u4e34\u6d77\u7f8e\u5885\u82b1\u56ed\u9152\u5e97", "order_time": ["2019-01-28 20:15:39"], "total_order": 1, "hotel_value": ["4.4"], "hotel_price": ["645"]}, "2311705": {"hotel_name": "\u80f6\u5dde\u5c1a\u54c1\u5047\u65e5\u9152\u5e97", "order_time": ["2019-01-28 20:16:03"], "total_order": 1, "hotel_value": ["4.5"], "hotel_price": ["95"]}, "772111": {"hotel_name": "\u9752\u5c9b\u5a01\u65af\u6c40\u9152\u5e97", "order_time": ["2019-01-28 20:17:33"], "total_order": 1, "hotel_value": ["4.6"], "hotel_price": ["583"]}, "428592": {"hotel_name": "\u9752\u5c9b\u9c81\u5546\u51ef\u60a6\u9152\u5e97", "order_time": ["2019-01-28 20:17:33"], "total_order": 1, "hotel_value": ["4.6"], "hotel_price": ["598"]}, "5634587": {"hotel_name": "\u9e97\u67ab\u9152\u5e97(\u9752\u5c9b\u4e94\u56db\u5e7f\u573a\u5e97)(\u539f\u9752\u5c9b\u5b81\u590f\u8def\u5730\u94c1\u7ad9\u5e97)", "order_time": ["2019-01-28 20:17:35"], "total_order": 1, "hotel_value": ["4.7"], "hotel_price": ["199"]}, "1165293": {"hotel_name": "\u9752\u5c9b\u5c1a\u54c1\u4e91\u56fe\u5bbe\u9986", "order_time": ["2019-01-28 20:17:36"], "total_order": 1, "hotel_value": ["4.1"], "hotel_price": ["84"]}, "2245054": {"hotel_name": "\u9752\u5c9b\u5357\u5c71\u7f8e\u7235\u5ea6\u5047\u9152\u5e97", "order_time": ["2019-01-28 20:17:36"], "total_order": 1, "hotel_value": ["4.5"], "hotel_price": ["455"]}, "2213740": {"hotel_name": "\u9752\u5c9b\u6d77\u666f\u9633\u5149\u65e5\u79df\u623f", "order_time": ["2019-01-28 20:17:37", "2019-01-28 20:57:24"], "total_order": 2, "hotel_value": ["4.4", "4.4"], "hotel_price": ["33", "33"]}, "8074001": {"hotel_name": "\u9752\u5c9btheme\u4e3b\u9898\u516c\u5bd3", "order_time": ["2019-01-28 20:17:39"], "total_order": 1, "hotel_value": [0], "hotel_price": ["150"]}, "371188": {"hotel_name": "\u9752\u5c9b\u9890\u4e2d\u7687\u51a0\u5047\u65e5\u9152\u5e97", "order_time": ["2019-01-28 20:19:22"], "total_order": 1, "hotel_value": ["4.5"], "hotel_price": ["526"]}, "2624847": {"hotel_name": "\u9752\u5c9b\u83ab\u4e3d\u00b7\u7cbe\u9009\u9152\u5e97", "order_time": ["2019-01-28 20:19:22"], "total_order": 1, "hotel_value": ["4.5"], "hotel_price": ["216"]}, "16127878": {"hotel_name": "\u9752\u5c9b\u73e0\u5c71\u5927\u996d\u5e97", "order_time": ["2019-01-28 20:19:22"], "total_order": 1, "hotel_value": ["4.7"], "hotel_price": ["282"]}, "8925277": {"hotel_name": "\u6d77\u53cb\u9152\u5e97(\u9752\u5c9b\u6808\u6865\u706b\u8f66\u7ad9\u4e1c\u5e7f\u573a\u9152\u5e97)", "order_time": ["2019-01-28 20:19:24"], "total_order": 1, "hotel_value": ["4.6"], "hotel_price": ["94"]}, "995179": {"hotel_name": "\u94f6\u5ea7\u4f73\u9a7f\u9152\u5e97(\u9752\u5c9b\u91cd\u5e86\u4e2d\u8def\u6d41\u4ead\u673a\u573a\u5e97)", "order_time": ["2019-01-28 20:19:26"], "total_order": 1, "hotel_value": ["4.4"], "hotel_price": ["124"]}, "458561": {"hotel_name": "\u6c49\u5ead\u9152\u5e97(\u9752\u5c9b\u53f0\u4e1c\u4e07\u8fbe\u5e97)", "order_time": ["2019-01-28 20:19:31"], "total_order": 1, "hotel_value": ["4.7"], "hotel_price": ["132"]}, "1785217": {"hotel_name": "\u9752\u5c9b\u5929\u6dfb\u65c5\u820d", "order_time": ["2019-01-28 20:19:31"], "total_order": 1, "hotel_value": ["4.6"], "hotel_price": ["48"]}, "6173744": {"hotel_name": "\u5e73\u5ea6\u534e\u73ba\u5927\u9152\u5e97", "order_time": ["2019-01-28 20:19:43"], "total_order": 1, "hotel_value": ["4.7"], "hotel_price": ["328"]}, "669110": {"hotel_name": "\u9752\u5c9b\u5e7f\u4e1a\u9526\u6c5f\u5927\u9152\u5e97", "order_time": ["2019-01-28 20:21:25"], "total_order": 1, "hotel_value": ["4.6"], "hotel_price": ["384"]}, "427960": {"hotel_name": "\u5982\u5bb6\u5feb\u6377\u9152\u5e97(\u9752\u5c9b\u6d41\u4ead\u673a\u573a\u6c7d\u8f66\u5317\u7ad9\u5e97 )", "order_time": ["2019-01-28 20:21:25"], "total_order": 1, "hotel_value": ["4.4"], "hotel_price": ["128"]}, "1979422": {"hotel_name": "\u9752\u5c9b\u4f18\u5c1a\u5feb\u6377\u9152\u5e97", "order_time": ["2019-01-28 20:21:27"], "total_order": 1, "hotel_value": ["4.0"], "hotel_price": ["83"]}, "2620136": {"hotel_name": "7\u5929\u8fde\u9501\u9152\u5e97(\u9752\u5c9b\u674e\u6ca7\u4e07\u8fbe\u5e7f\u573a\u5e97)", "order_time": ["2019-01-28 20:23:24"], "total_order": 1, "hotel_value": ["4.6"], "hotel_price": ["99"]}, "2209171": {"hotel_name": "\u5c1a\u5ba2\u4f18\u54c1\u9152\u5e97(\u9752\u5c9b\u5f00\u53d1\u533a\u9999\u6c5f\u8def\u957f\u6c5f\u8d2d\u7269\u5e7f\u573a\u5e97)(\u539f\u5c1a\u5ba2\u4f18\u7cbe\u9009\u9152\u5e97)", "order_time": ["2019-01-28 20:23:24"], "total_order": 1, "hotel_value": ["4.7"], "hotel_price": ["104"]}, "2470071": {"hotel_name": "Q\u52a0\u00b7\u9752\u5c9b\u745e\u8c6a\u5047\u65e5\u6d77\u666f\u5ea6\u5047\u9152\u5e97\u516c\u5bd3", "order_time": ["2019-01-28 20:23:24"], "total_order": 1, "hotel_value": ["4.7"], "hotel_price": ["67"]}, "5085596": {"hotel_name": "\u9526\u6c5f\u4e4b\u661f(\u9752\u5c9b\u6ca7\u53e3\u516c\u56ed\u5e97)", "order_time": ["2019-01-28 20:23:25"], "total_order": 1, "hotel_value": ["4.7"], "hotel_price": ["149"]}, "8597057": {"hotel_name": "\u9752\u5c9b\u9a7f\u65c5\u8ff7\u4f60\u65c5\u9986", "order_time": ["2019-01-28 20:53:22", "2019-01-28 20:23:25"], "total_order": 2, "hotel_value": ["4.0", "4.0"], "hotel_price": ["83", "83"]}, "2277695": {"hotel_name": "\u9752\u5e74\u90fd\u5e02\u8ff7\u4f60\u9152\u5e97", "order_time": ["2019-01-28 20:23:28"], "total_order": 1, "hotel_value": ["4.0"], "hotel_price": ["83"]}, "23886133": {"hotel_name": "\u9014\u7a9d\u4e3b\u9898\u516c\u5bd3(\u9752\u5c9b\u5d02\u5c71\u98ce\u666f\u533a\u5e97)", "order_time": ["2019-01-28 20:25:21"], "total_order": 1, "hotel_value": ["4.8"], "hotel_price": ["154"]}, "459120": {"hotel_name": "\u6c49\u5ead\u9152\u5e97(\u9752\u5c9b\u5f00\u53d1\u533a\u5c71\u79d1\u5927\u5e97)", "order_time": ["2019-01-28 20:25:22"], "total_order": 1, "hotel_value": ["4.3"], "hotel_price": ["123"]}, "430544": {"hotel_name": "\u9752\u5c9b\u5feb\u901a\u56fd\u9645\u9152\u5e97", "order_time": ["2019-01-28 20:25:22"], "total_order": 1, "hotel_value": ["4.5"], "hotel_price": ["306"]}, "5527970": {"hotel_name": "\u9752\u5c9b\u65af\u7ef4\u767b\u5ea6\u5047\u516c\u5bd3(\u57ce\u9633\u673a\u573a\u5e97)", "order_time": ["2019-01-28 20:25:22"], "total_order": 1, "hotel_value": ["4.7"], "hotel_price": ["119"]}, "467216": {"hotel_name": "\u9752\u5c9b\u6d77\u666f\u82b1\u56ed\u5927\u9152\u5e97", "order_time": ["2019-01-28 20:25:24"], "total_order": 1, "hotel_value": ["4.8"], "hotel_price": ["580"]}, "13737239": {"hotel_name": "\u62dc\u767b\u516c\u5bd3\u00b7\u9752\u5c9b\u5927\u62c7\u6307\u4f1a\u5c55\u4e2d\u5fc3\u5e97", "order_time": ["2019-01-28 20:25:24"], "total_order": 1, "hotel_value": ["4.6"], "hotel_price": ["109"]}, "1551929": {"hotel_name": "\u9752\u5c9b\u6052\u661f\u56fd\u9645\u57f9\u8bad\u4e2d\u5fc3", "order_time": ["2019-01-28 20:25:25"], "total_order": 1, "hotel_value": ["4.2"], "hotel_price": ["219"]}, "3265800": {"hotel_name": "\u9752\u5c9b\u90a3\u9c81\u6e7e\u6d77\u666f\u5ea6\u5047\u516c\u5bd3", "order_time": ["2019-01-28 20:39:21", "2019-01-28 20:27:21"], "total_order": 2, "hotel_value": ["4.7", "4.7"], "hotel_price": ["111", "111"]}, "513254": {"hotel_name": "\u9752\u5c9b\u671b\u6d77\u56fd\u9645\u9152\u5e97", "order_time": ["2019-01-28 20:27:22"], "total_order": 1, "hotel_value": ["4.9"], "hotel_price": ["386"]}, "443360": {"hotel_name": "\u5e73\u5ea6\u90fd\u5e02\u661f\u8054\u5927\u9152\u5e97", "order_time": ["2019-01-28 20:27:34"], "total_order": 1, "hotel_value": ["4.5"], "hotel_price": ["122"]}, "14998793": {"hotel_name": "\u9752\u5c9b\u7c73\u5170\u7cbe\u54c1\u9152\u5e97(\u80f6\u5dde\u65b0\u673a\u573a\u5e97)", "order_time": ["2019-01-28 20:27:34"], "total_order": 1, "hotel_value": ["4.4"], "hotel_price": ["153"]}, "27711969": {"hotel_name": "\u9752\u5c9b\u9ed1\u9f99\u6c5f\u4e2d\u8def\u4e9a\u6735\u9152\u5e97", "order_time": ["2019-01-28 20:29:23"], "total_order": 1, "hotel_value": ["4.9"], "hotel_price": ["275"]}, "986295": {"hotel_name": "\u84dd\u6d77\u5927\u996d\u5e97(\u9752\u5c9b\u5d02\u5c71\u5e97)", "order_time": ["2019-01-28 20:29:23"], "total_order": 1, "hotel_value": ["4.7"], "hotel_price": ["298"]}, "484453": {"hotel_name": "\u9752\u5c9b\u897f\u6d77\u5cb8\u9686\u548c\u798f\u670b\u559c\u6765\u767b\u9152\u5e97(\u539f\u9ec4\u5c9b\u798f\u670b\u559c\u6765\u767b\u9152\u5e97)", "order_time": ["2019-01-28 20:29:23"], "total_order": 1, "hotel_value": ["4.6"], "hotel_price": ["309"]}, "996027": {"hotel_name": "\u9752\u5c9b\u91d1\u6c99\u6ee9\u5e0c\u5c14\u987f\u9152\u5e97", "order_time": ["2019-01-28 20:29:23"], "total_order": 1, "hotel_value": ["4.6"], "hotel_price": ["556"]}, "1934416": {"hotel_name": "\u6df1\u84dd\u5047\u65e5\u5ea6\u5047\u5f0f\u516c\u5bd3(\u9752\u5c9b\u5927\u62c7\u6307\u5e7f\u573a\u5e97)", "order_time": ["2019-01-28 20:29:23"], "total_order": 1, "hotel_value": ["4.4"], "hotel_price": ["104"]}, "6085650": {"hotel_name": "\u5586\u5561\u9152\u5e97(\u9752\u5c9b\u6d41\u4ead\u56fd\u9645\u673a\u573a\u5e97)", "order_time": ["2019-01-28 20:29:23"], "total_order": 1, "hotel_value": ["4.7"], "hotel_price": ["223"]}, "1217842": {"hotel_name": "\u9752\u5c9b\u5927\u62c7\u6307\u5e7f\u573a\u00b7\u9999\u4e3d\u820d\u9152\u5e97\u516c\u5bd3", "order_time": ["2019-01-28 20:29:24"], "total_order": 1, "hotel_value": ["4.4"], "hotel_price": ["75"]}, "794951": {"hotel_name": "\u9752\u5c9b\u673a\u573a\u53cb\u4fe1\u822a\u7a7a\u516c\u5bd3", "order_time": ["2019-01-28 20:29:24"], "total_order": 1, "hotel_value": ["4.0"], "hotel_price": ["104"]}, "428036": {"hotel_name": "\u5982\u5bb6\u5feb\u6377\u9152\u5e97(\u9752\u5c9b\u5c71\u4e1c\u8def\u4e2d\u592e\u5546\u52a1\u533a\u5e97)", "order_time": ["2019-01-28 20:29:24"], "total_order": 1, "hotel_value": ["4.3"], "hotel_price": ["119"]}, "1911247": {"hotel_name": "\u5982\u5bb6\u5feb\u6377\u9152\u5e97(\u9752\u5c9b\u4e94\u56db\u5e7f\u573a\u5965\u5e06\u4e2d\u5fc3\u5e97)(\u539f\u5965\u5e06\u4e2d\u5fc3\u6d77\u4fe1\u5e7f\u573a\u5e97)", "order_time": ["2019-01-28 20:29:26"], "total_order": 1, "hotel_value": ["4.4"], "hotel_price": ["99"]}, "8575831": {"hotel_name": "\u5c1a\u5ba2\u4f18\u7cbe\u9009\u9152\u5e97(\u9752\u5c9b\u57ce\u9633\u5229\u7fa4\u5e97)", "order_time": ["2019-01-28 20:29:26"], "total_order": 1, "hotel_value": ["4.7"], "hotel_price": ["154"]}, "1362121": {"hotel_name": "\u90fd\u5e02118(\u9752\u5c9b\u6b63\u9633\u8def\u5229\u7fa4\u5e97)", "order_time": ["2019-01-28 20:29:27"], "total_order": 1, "hotel_value": ["4.4"], "hotel_price": ["95"]}, "932153": {"hotel_name": "\u62dc\u767b\u516c\u5bd3\u00b7\u9752\u5c9b\u6d77\u4e0a\u5609\u5e74\u534e\u5e97", "order_time": ["2019-01-28 20:31:21"], "total_order": 1, "hotel_value": ["4.6"], "hotel_price": ["134"]}, "1097092": {"hotel_name": "\u6c49\u5ead\u9152\u5e97(\u9752\u5c9b\u53f0\u4e1c\u5546\u4e1a\u533a\u5e97)", "order_time": ["2019-01-28 20:31:21"], "total_order": 1, "hotel_value": ["4.3"], "hotel_price": ["85"]}, "6039985": {"hotel_name": "\u9752\u5c9b\u771f\u8bda\u4f73\u9a7f\u4e3b\u9898\u9152\u5e97", "order_time": ["2019-01-28 20:31:22"], "total_order": 1, "hotel_value": ["4.4"], "hotel_price": ["94"]}, "1031108": {"hotel_name": "\u9752\u5c9b\u6021\u6e05\u56ed\u5bbe\u9986", "order_time": ["2019-01-28 20:31:22"], "total_order": 1, "hotel_value": ["4.3"], "hotel_price": ["174"]}, "427987": {"hotel_name": "\u5982\u5bb6\u5feb\u6377\u9152\u5e97(\u9752\u5c9b\u9999\u6e2f\u4e2d\u8def\u9752\u5927\u9ea6\u5c9b\u5730\u94c1\u7ad9\u5e97)", "order_time": ["2019-01-28 20:31:24"], "total_order": 1, "hotel_value": ["4.3"], "hotel_price": ["109"]}, "1428254": {"hotel_name": "\u9752\u5c9b\u4e07\u8fbe\u6df1\u84dd\u516c\u5bd3", "order_time": ["2019-01-28 20:31:29"], "total_order": 1, "hotel_value": [0], "hotel_price": ["178"]}, "10186829": {"hotel_name": "\u9526\u6c5f\u90fd\u57ce(\u9752\u5c9b\u65b0\u90fd\u5fc3\u5e97)", "order_time": ["2019-01-28 20:33:22"], "total_order": 1, "hotel_value": ["4.6"], "hotel_price": ["243"]}, "2018696": {"hotel_name": "\u9752\u5c9b\u91d1\u767e\u6c47\u5bbe\u9986", "order_time": ["2019-01-28 20:33:24"], "total_order": 1, "hotel_value": ["2.4"], "hotel_price": ["44"]}, "24762024": {"hotel_name": "\u5e73\u5ea6\u82b1\u79be\u7f8e\u57ce\u9645\u9152\u5e97", "order_time": ["2019-01-28 20:33:46"], "total_order": 1, "hotel_value": ["4.8"], "hotel_price": ["124"]}, "428011": {"hotel_name": "\u5982\u5bb6\u5feb\u6377\u9152\u5e97(\u9752\u5c9b\u54c8\u5c14\u6ee8\u8def\u4e07\u79d1\u57ce\u53cc\u5c71\u5730\u94c1\u7ad9\u5e97)", "order_time": ["2019-01-28 20:35:22"], "total_order": 1, "hotel_value": ["4.5"], "hotel_price": ["127"]}, "2163140": {"hotel_name": "\u83b1\u897f\u827e\u5ead\u5546\u52a1\u9152\u5e97", "order_time": ["2019-01-28 20:35:44"], "total_order": 1, "hotel_value": ["4.4"], "hotel_price": ["84"]}, "16900468": {"hotel_name": "\u9752\u5c9b\u4e1c\u65b9\u5f71\u90fd\u878d\u521b\u4e07\u8fbe\u6587\u534e\u9152\u5e97", "order_time": ["2019-01-28 20:37:23"], "total_order": 1, "hotel_value": ["4.6"], "hotel_price": ["571"]}, "994152": {"hotel_name": "\u5982\u5bb6\u5feb\u6377\u9152\u5e97(\u9752\u5c9b\u9ed1\u9f99\u6c5f\u4e2d\u8def\u5d02\u5c71\u9ad8\u79d1\u6280\u56ed\u5e97)(\u539f\u6d77\u5c14\u5de5\u4e1a\u56ed\u9ed1\u9f99\u6c5f\u4e2d\u8def\u5e97)", "order_time": ["2019-01-28 20:37:24"], "total_order": 1, "hotel_value": ["4.5"], "hotel_price": ["111"]}, "2239028": {"hotel_name": "\u9752\u5c9b\u7559\u9999\u4ead\u5bbe\u9986", "order_time": ["2019-01-28 20:37:25"], "total_order": 1, "hotel_value": ["4.0"], "hotel_price": ["55"]}, "2252691": {"hotel_name": "\u9752\u5c9b\u90fd\u5e02\u5047\u65e5\u8fde\u9501\u9152\u5e97", "order_time": ["2019-01-28 20:37:26"], "total_order": 1, "hotel_value": ["4.4"], "hotel_price": ["75"]}, "1689706": {"hotel_name": "\u9752\u5c9b\u9999\u6c5f\u4e4b\u661f\u5546\u52a1\u9152\u5e97", "order_time": ["2019-01-28 20:37:26"], "total_order": 1, "hotel_value": ["4.7"], "hotel_price": ["74"]}, "1549218": {"hotel_name": "\u9752\u5c9b\u946b\u9f99\u5047\u65e5\u516c\u5bd3\u9152\u5e97(\u9752\u804c/\u6ee8\u6d77\u5b66\u9662\u5e97)", "order_time": ["2019-01-28 20:39:21"], "total_order": 1, "hotel_value": ["4.7"], "hotel_price": ["153"]}, "21807735": {"hotel_name": "\u5f71\u5de2\u7535\u5f71\u9152\u5e97(\u9752\u5c9b\u56db\u680b\u4e5d\u4e8c\u96f6\u5e97)", "order_time": ["2019-01-28 20:39:22"], "total_order": 1, "hotel_value": ["4.8"], "hotel_price": ["90"]}, "1696401": {"hotel_name": "\u9752\u5c9b\u5927\u62c7\u6307\u5ea6\u5047\u516c\u5bd3", "order_time": ["2019-01-28 20:39:23"], "total_order": 1, "hotel_value": ["4.4"], "hotel_price": ["74"]}, "1181372": {"hotel_name": "\u65b0\u4e16\u4f73\u5546\u52a1\u5bbe\u9986(\u9752\u5c9b\u57ce\u9633\u533a)", "order_time": ["2019-01-28 20:39:23"], "total_order": 1, "hotel_value": ["3.9"], "hotel_price": ["93"]}, "2046008": {"hotel_name": "\u5e73\u5ea6\u5317\u4eac\u6c11\u5bbf", "order_time": ["2019-01-28 20:39:34"], "total_order": 1, "hotel_value": [0], "hotel_price": ["20"]}, "17182438": {"hotel_name": "\u4e16\u60a6\u8f7b\u5962\u5ea6\u5047\u516c\u5bd3(\u9752\u5c9b\u9999\u6e2f\u4e2d\u8def\u4e3d\u6676\u5fa1\u7b51\u5e97)", "order_time": ["2019-01-28 20:41:23"], "total_order": 1, "hotel_value": ["4.7"], "hotel_price": ["795"]}, "8396348": {"hotel_name": "\u7a7a\u94c1\u5047\u65e5\u9152\u5e97\u516c\u5bd3(\u9752\u5c9b\u673a\u573a\u822a\u7ad9\u697c\u5e97)", "order_time": ["2019-01-28 20:41:23"], "total_order": 1, "hotel_value": ["4.4"], "hotel_price": ["211"]}, "2639907": {"hotel_name": "\u80f6\u5dde\u5317\u4eac\u5c45\u5bb6\u98ce\u5c1a\u9152\u5e97", "order_time": ["2019-01-28 20:41:41"], "total_order": 1, "hotel_value": ["4.6"], "hotel_price": ["78"]}, "448353": {"hotel_name": "\u5c1a\u5ba2\u4f18\u9a8f\u6021\u57ce\u9645\u9152\u5e97(\u80f6\u5357\u5317\u4eac\u8def\u5e97)", "order_time": ["2019-01-28 20:43:20"], "total_order": 1, "hotel_value": ["4.7"], "hotel_price": ["109"]}, "1418968": {"hotel_name": "\u82b1\u6eaa\u5ba2\u6808(\u9752\u5c9b\u90a3\u9c81\u6e7e\u5e97)", "order_time": ["2019-01-28 20:43:20"], "total_order": 1, "hotel_value": ["4.6"], "hotel_price": ["82"]}, "9211111": {"hotel_name": "\u9752\u5c9b\u5c1a\u5ba2\u4f18\u8fde\u9501\u9152\u5e97\u79d1\u6280\u5927\u5b66\u5357\u95e8\u5e97", "order_time": ["2019-01-28 20:43:23"], "total_order": 1, "hotel_value": ["3.9"], "hotel_price": ["101"]}, "2258446": {"hotel_name": "\u5982\u5bb6\u5feb\u6377\u9152\u5e97(\u9752\u5c9b\u6808\u6865\u4eba\u6c11\u4f1a\u5802\u5730\u94c1\u7ad9\u9f99\u53e3\u8def\u5e97)", "order_time": ["2019-01-28 20:53:21", "2019-01-28 20:43:23"], "total_order": 2, "hotel_value": ["4.4", "4.4"], "hotel_price": ["110", "110"]}, "995168": {"hotel_name": "\u94f6\u5ea7\u4f73\u9a7f\u9152\u5e97(\u5373\u58a8\u9e64\u5c71\u8def\u4f73\u4e50\u5bb6\u4e8c\u5e97)", "order_time": ["2019-01-28 20:43:23"], "total_order": 1, "hotel_value": ["4.4"], "hotel_price": ["81"]}, "4632410": {"hotel_name": "\u9752\u5c9b\u4e91\u6816\u6d77\u666f\u5ea6\u5047\u516c\u5bd3", "order_time": ["2019-01-28 20:45:26"], "total_order": 1, "hotel_value": ["4.8"], "hotel_price": ["122"]}, "1372825": {"hotel_name": "\u5982\u5bb6\u5feb\u6377\u9152\u5e97(\u9752\u5c9b\u674e\u6ca7\u4e5d\u6c34\u8def\u4e07\u8fbe\u5e7f\u573a\u5e97)", "order_time": ["2019-01-28 20:45:27"], "total_order": 1, "hotel_value": ["4.5"], "hotel_price": ["128"]}, "2306756": {"hotel_name": "\u9752\u5c9b\u9752\u9752\u7f18\u5bbe\u9986", "order_time": ["2019-01-28 20:45:27"], "total_order": 1, "hotel_value": ["2.2"], "hotel_price": ["34"]}, "2652867": {"hotel_name": "\u9752\u5c9b\u4e91\u6816\u6c11\u5bbf", "order_time": ["2019-01-28 20:45:28"], "total_order": 1, "hotel_value": ["5.0"], "hotel_price": ["673"]}, "4606322": {"hotel_name": "\u9752\u5c9b\u91d1\u6c99\u6ee9\u666f\u6d77\u9152\u5e97\u5f0f\u5ea6\u5047\u516c\u5bd3", "order_time": ["2019-01-28 20:45:41"], "total_order": 1, "hotel_value": ["4.7"], "hotel_price": ["107"]}, "21790901": {"hotel_name": "\u767d\u7389\u5170\u9152\u5e97 (\u80f6\u5dde\u5e7f\u5dde\u5357\u8def\u5e97)", "order_time": ["2019-01-28 20:47:33", "2019-01-28 20:45:42"], "total_order": 2, "hotel_value": ["4.9", "4.9"], "hotel_price": ["143", "143"]}, "439559": {"hotel_name": "\u6606\u4ed1\u548c\u60a6\u5ea6\u5047\u9152\u5e97(\u9752\u5c9b\u5965\u5e06\u4e2d\u5fc3\u5e97)", "order_time": ["2019-01-28 20:47:22"], "total_order": 1, "hotel_value": ["4.3"], "hotel_price": ["184"]}, "1775197": {"hotel_name": "\u9526\u6c5f\u4e4b\u661f\u54c1\u5c1a(\u9752\u5c9b\u6cb3\u5357\u8def\u706b\u8f66\u7ad9\u5e97)4S\u5347\u7ea7\u5e97", "order_time": ["2019-01-28 20:47:22"], "total_order": 1, "hotel_value": ["4.5"], "hotel_price": ["129"]}, "1195423": {"hotel_name": "\u9752\u5c9b\u5de6\u5cb8\u827a\u672f\u9152\u5e97", "order_time": ["2019-01-28 20:47:23"], "total_order": 1, "hotel_value": ["4.6"], "hotel_price": ["250"]}, "449124": {"hotel_name": "\u7ea2\u65e5\u5bbe\u9986(\u9752\u5c9b\u77f3\u8001\u4eba\u5e97)", "order_time": ["2019-01-28 20:47:29"], "total_order": 1, "hotel_value": ["3.4"], "hotel_price": ["60"]}, "5896610": {"hotel_name": "\u9752\u5c9b\u6d77\u8fb9\u4eba\u5bb6\u6d77\u666f\u5ea6\u5047\u516c\u5bd3\u4e2d\u8054\u81ea\u7531\u6e2f\u6e7e\u5e97", "order_time": ["2019-01-28 20:49:21"], "total_order": 1, "hotel_value": ["4.7"], "hotel_price": ["59"]}, "8870574": {"hotel_name": "\u745e\u666e\u5170\u987f\u81f3\u5c0a\u9152\u5e97\u00b7\u9752\u5c9b\u5609\u5e74\u534e\u5e97", "order_time": ["2019-01-28 20:49:21"], "total_order": 1, "hotel_value": ["4.5"], "hotel_price": ["124"]}, "1725780": {"hotel_name": "678\u673a\u573a\u9152\u5e97", "order_time": ["2019-01-28 20:49:21"], "total_order": 1, "hotel_value": ["4.4"], "hotel_price": ["66"]}, "8902993": {"hotel_name": "\u4e07\u7231\u60c5\u4fa3\u9152\u5e97(\u9752\u5c9b\u674e\u6751\u6b65\u884c\u8857\u5e97)", "order_time": ["2019-01-28 20:49:22"], "total_order": 1, "hotel_value": ["4.8"], "hotel_price": ["174"]}, "1205324": {"hotel_name": "\u5c1a\u5ba2\u4f18\u5feb\u6377\u9152\u5e97(\u9752\u5c9b\u706b\u8f66\u5317\u7ad9\u541b\u5cf0\u8def\u5e97)", "order_time": ["2019-01-28 20:49:22"], "total_order": 1, "hotel_value": ["4.4"], "hotel_price": ["74"]}, "2296708": {"hotel_name": "\u9752\u5c9b\u5706\u4fe1\u99a8\u65c5\u9986", "order_time": ["2019-01-28 20:49:33"], "total_order": 1, "hotel_value": [0], "hotel_price": ["35"]}, "1200111": {"hotel_name": "\u559c\u5ba2\u6765\u5927\u9152\u5e97(\u9752\u5c9b\u6d41\u4ead\u673a\u573a\u5e97)(\u539f\u57ce\u9633\u5e97)", "order_time": ["2019-01-28 20:51:24"], "total_order": 1, "hotel_value": ["4.4"], "hotel_price": ["113"]}, "13180834": {"hotel_name": "\u5c1a\u5ba2\u4f18\u7cbe\u9009\u9152\u5e97(\u9752\u5c9b\u4e16\u7eaa\u516c\u56ed\u6d41\u4ead\u673a\u573a\u5e97)(\u539f\u57ce\u9633\u4e16\u7eaa\u516c\u56ed\u5e97)", "order_time": ["2019-01-28 20:51:25"], "total_order": 1, "hotel_value": ["4.8"], "hotel_price": ["135"]}, "1741177": {"hotel_name": "\u91d1\u72ee100\u8fde\u9501\u5bbe\u9986(\u9752\u5c9b\u6d41\u4ead\u673a\u573a\u5e97)", "order_time": ["2019-01-28 20:51:25"], "total_order": 1, "hotel_value": ["3.5"], "hotel_price": ["53"]}, "994191": {"hotel_name": "\u5982\u5bb6\u5feb\u6377\u9152\u5e97(\u5373\u58a8\u53e4\u57ce\u9e64\u5c71\u8def\u5e97)", "order_time": ["2019-01-28 20:51:25"], "total_order": 1, "hotel_value": ["4.7"], "hotel_price": ["111"]}, "1610567": {"hotel_name": "\u6f2b\u7a0b\u56fd\u9645\u9752\u5e74\u65c5\u820d(\u9752\u5c9b\u706b\u8f66\u7ad9\u5288\u67f4\u9662\u5e97)", "order_time": ["2019-01-28 20:51:26"], "total_order": 1, "hotel_value": ["4.5"], "hotel_price": ["23"]}, "5981986": {"hotel_name": "\u9752\u5c9b\u542c\u6d77\u5ea6\u5047\u516c\u5bd3", "order_time": ["2019-01-28 20:51:26"], "total_order": 1, "hotel_value": ["4.7"], "hotel_price": ["94"]}, "7516194": {"hotel_name": "\u5fc6\u5c0f\u7a9d\u56fd\u9645\u9752\u5e74\u65c5\u820d(\u9752\u5c9b\u5317\u706b\u8f66\u7ad9\u5e97)", "order_time": ["2019-01-28 20:51:26"], "total_order": 1, "hotel_value": ["4.7"], "hotel_price": ["26"]}, "2004060": {"hotel_name": "\u9752\u5c9b\u9999\u5ead\u4f2f\u777f\u516c\u5bd3\u9152\u5e97(\u5564\u9152\u57ce\u4f1a\u5c55\u4e2d\u5fc3\u5e97)", "order_time": ["2019-01-28 20:51:26"], "total_order": 1, "hotel_value": ["4.3"], "hotel_price": ["123"]}, "700820": {"hotel_name": "\u9752\u5c9b\u4e07\u8fbe\u65f6\u5c1a\u516c\u5bd3", "order_time": ["2019-01-28 20:51:26"], "total_order": 1, "hotel_value": ["3.5"], "hotel_price": ["89"]}, "2140433": {"hotel_name": "\u683c\u6797\u8054\u76df\u9152\u5e97(\u9752\u5c9b\u4e50\u5ba2\u57ce\u674e\u6751\u5730\u94c1\u7ad9\u5e97)", "order_time": ["2019-01-28 20:51:27"], "total_order": 1, "hotel_value": ["4.4"], "hotel_price": ["88"]}, "2134839": {"hotel_name": "\u9752\u5c9b\u7f8e\u5885\u5047\u671f\u9152\u5e9711\u53f7\u6d77\u8fb9\u522b\u5885", "order_time": ["2019-01-28 20:53:21"], "total_order": 1, "hotel_value": ["4.9"], "hotel_price": ["361"]}, "27355914": {"hotel_name": "\u9752\u5c9b\u65b0\u5929\u5730\u8fde\u9501\u5bbe\u9986", "order_time": ["2019-01-28 20:53:25"], "total_order": 1, "hotel_value": [0], "hotel_price": ["61"]}, "3742704": {"hotel_name": "\u83b1\u897f\u9e3f\u7199\u798f\u7cbe\u54c1\u9152\u5e97", "order_time": ["2019-01-28 20:55:32"], "total_order": 1, "hotel_value": ["4.5"], "hotel_price": ["141"]}, "1886434": {"hotel_name": "\u7231\u820d\u7a7a\u95f4\u4e3b\u9898\u6982\u5ff5\u9152\u5e97(\u9752\u5c9b\u5965\u5e06\u4e2d\u5fc3\u738b\u5b50\u98ce\u5c1a\u5e97)", "order_time": ["2019-01-28 20:57:22"], "total_order": 1, "hotel_value": ["4.6"], "hotel_price": ["83"]}, "669773": {"hotel_name": "\u5b9c\u5fc5\u601d\u9152\u5e97(\u9752\u5c9b\u5b81\u590f\u8def\u5730\u94c1\u7ad9\u5e97)(\u539f\u5b81\u590f\u8def\u5e97)", "order_time": ["2019-01-28 20:57:22"], "total_order": 1, "hotel_value": ["4.5"], "hotel_price": ["170"]}, "5380813": {"hotel_name": "\u90fd\u5e02118\uff08\u9752\u5c9b\u6d77\u5c14\u5de5\u4e1a\u56ed\u52b2\u677e\u4e03\u8def\u5e97\uff09", "order_time": ["2019-01-28 20:57:22"], "total_order": 1, "hotel_value": ["4.3"], "hotel_price": ["103"]}, "3642547": {"hotel_name": "\u9752\u5c9b\u83ab\u4e3d\u5546\u65c5\u5feb\u6377\u9152\u5e97", "order_time": ["2019-01-28 20:57:23"], "total_order": 1, "hotel_value": ["4.3"], "hotel_price": ["74"]}, "2276768": {"hotel_name": "\u9752\u5c9b\u6696\u5982\u5bb6\u65c5\u9986", "order_time": ["2019-01-28 20:57:24"], "total_order": 1, "hotel_value": ["4.4"], "hotel_price": ["43"]}, "2306766": {"hotel_name": "\u9752\u5c9b\u805a\u4ed9\u7f18\u65c5\u9986", "order_time": ["2019-01-28 20:57:24"], "total_order": 1, "hotel_value": ["4.0"], "hotel_price": ["55"]}, "2306764": {"hotel_name": "\u9752\u5c9b\u6c47\u946b\u5bbe\u9986", "order_time": ["2019-01-28 20:57:24"], "total_order": 1, "hotel_value": [0], "hotel_price": ["36"]}, "995123": {"hotel_name": "\u94f6\u5ea7\u4f73\u9a7f\u9152\u5e97(\u9752\u5c9b\u4e95\u5188\u5c71\u8def\u5e97)", "order_time": ["2019-01-28 20:57:25"], "total_order": 1, "hotel_value": ["4.3"], "hotel_price": ["96"]}, "1843137": {"hotel_name": "\u9752\u5c9b\u5927\u516c\u5c9b\u9152\u5e97", "order_time": ["2019-01-28 20:59:20"], "total_order": 1, "hotel_value": ["4.4"], "hotel_price": ["242"]}, "23841203": {"hotel_name": "\u9f99\u6e2f\u6e7e\u9152\u5e97(\u9752\u5c9b\u65d7\u8230\u5e97)", "order_time": ["2019-01-28 20:59:20"], "total_order": 1, "hotel_value": ["4.0"], "hotel_price": ["124"]}, "1198136": {"hotel_name": "\u9752\u5c9b\u5229\u5ba2\u6765\u5546\u52a1\u9152\u5e97", "order_time": ["2019-01-28 20:59:20"], "total_order": 1, "hotel_value": ["4.2"], "hotel_price": ["124"]}, "536113": {"hotel_name": "\u9752\u5c9b\u5f00\u5143\u540d\u90fd\u5927\u9152\u5e97", "order_time": ["2019-01-28 20:59:20"], "total_order": 1, "hotel_value": ["4.7"], "hotel_price": ["318"]}, "7921978": {"hotel_name": "\u9752\u5c9b\u91d1\u9c7c\u9152\u5e97\u516c\u5bd3", "order_time": ["2019-01-28 20:59:20"], "total_order": 1, "hotel_value": ["4.6"], "hotel_price": ["113"]}, "1502398": {"hotel_name": "\u5982\u5bb6\u5feb\u6377\u9152\u5e97(\u9752\u5c9b\u957f\u9014\u6c7d\u8f66\u603b\u7ad9\u676d\u5dde\u8def\u5e97)", "order_time": ["2019-01-28 20:59:21"], "total_order": 1, "hotel_value": ["4.6"], "hotel_price": ["137"]}, "1732079": {"hotel_name": "\u5373\u58a8\u9526\u8302\u5bbe\u9986", "order_time": ["2019-01-28 20:59:21"], "total_order": 1, "hotel_value": ["4.5"], "hotel_price": ["273"]}, "6846774": {"hotel_name": "\u9752\u5c9b\u9c81\u5fb7\u6797\u5bbe\u9986", "order_time": ["2019-01-28 20:59:22"], "total_order": 1, "hotel_value": [0], "hotel_price": ["83"]}}}