{"\u5f00\u59cb\u8bb0\u5f55\u65f6\u95f4": "2019-01-27 08:41:42", "\u7ed3\u675f\u8bb0\u5f55\u65f6\u95f4": "2019-01-27 09:41:42", "\u8ba2\u5355\u603b\u589e\u91cf": 304, "item": {"5312586": {"hotel_name": "\u738b\u724c\u56fd\u9645\u9152\u5e97(\u6df1\u5733\u5317\u7ad9\u6c11\u6cbb\u5e97)", "order_time": ["2019-01-27 08:43:54"], "total_order": 1, "hotel_value": ["4.6"], "hotel_price": ["454"]}, "437282": {"hotel_name": "\u6df1\u5733\u9752\u9752\u4e16\u754c\u9152\u5e97", "order_time": ["2019-01-27 08:43:55"], "total_order": 1, "hotel_value": ["4.4"], "hotel_price": ["486"]}, "12500173": {"hotel_name": "\u6df1\u5733\u6854\u9493\u6c99\u83b1\u534e\u5ea6\u5047\u9152\u5e97", "order_time": ["2019-01-27 08:43:59"], "total_order": 1, "hotel_value": ["4.5"], "hotel_price": ["1467"]}, "8885846": {"hotel_name": "\u6df1\u5733\u5353\u500d\u9152\u5e97\u6c83\u5c14\u739b\u86c7\u53e3\u5e97", "order_time": ["2019-01-27 08:44:02"], "total_order": 1, "hotel_value": ["4.3"], "hotel_price": ["179"]}, "10582069": {"hotel_name": "\u6df1\u5733\u4e91\u9e4f\u9152\u5e97\u516c\u5bd3", "order_time": ["2019-01-27 08:44:05"], "total_order": 1, "hotel_value": ["4.7"], "hotel_price": ["208"]}, "6106995": {"hotel_name": "\u6df1\u5733\u559c\u6765\u5b9d\u9152\u5e97", "order_time": ["2019-01-27 08:44:08"], "total_order": 1, "hotel_value": ["4.5"], "hotel_price": ["103"]}, "428276": {"hotel_name": "\u5982\u5bb6\u5feb\u6377\u9152\u5e97(\u6df1\u5733\u5357\u5c71\u5927\u9053\u5e97)", "order_time": ["2019-01-27 08:45:50"], "total_order": 1, "hotel_value": ["4.4"], "hotel_price": ["207"]}, "1578547": {"hotel_name": "7\u5929\u4f18\u54c1\u9152\u5e97(\u6df1\u5733\u79d1\u6280\u56ed\u9ad8\u65b0\u56ed\u5730\u94c1\u7ad9\u5e97)", "order_time": ["2019-01-27 08:45:51", "2019-01-27 08:47:56"], "total_order": 2, "hotel_value": ["4.5", "4.5"], "hotel_price": ["349", "349"]}, "1199422": {"hotel_name": "\u6df1\u5733\u5f18\u90fd\u9152\u5e97", "order_time": ["2019-01-27 08:45:52"], "total_order": 1, "hotel_value": ["4.4"], "hotel_price": ["376"]}, "3003206": {"hotel_name": "\u7ef4\u4e5f\u7eb3\u9152\u5e97(\u6df1\u5733\u4e07\u8c61\u57ce\u5e97)", "order_time": ["2019-01-27 08:45:53"], "total_order": 1, "hotel_value": ["4.7"], "hotel_price": ["350"]}, "1609506": {"hotel_name": "\u6df1\u5733\u6e29\u5fb7\u59c6\u81f3\u5c0a\u9152\u5e97", "order_time": ["2019-01-27 08:45:53"], "total_order": 1, "hotel_value": ["4.6"], "hotel_price": ["836"]}, "23707151": {"hotel_name": "\u6df1\u5733\u96c5\u5ead\u4e30\u5e74\u9152\u5e97", "order_time": ["2019-01-27 08:45:58"], "total_order": 1, "hotel_value": ["4.7"], "hotel_price": ["256"]}, "6055188": {"hotel_name": "\u6df1\u5733\u4eca\u65e5\u9152\u5e97", "order_time": ["2019-01-27 08:46:02"], "total_order": 1, "hotel_value": ["4.1"], "hotel_price": ["140"]}, "751414": {"hotel_name": "\u6df1\u5733\u65b0\u4e16\u754c\u5bbe\u9986", "order_time": ["2019-01-27 08:47:50"], "total_order": 1, "hotel_value": ["4.4"], "hotel_price": ["198"]}, "2622151": {"hotel_name": "\u9e97\u67ab\u9152\u5e97(\u6df1\u5733\u673a\u573a\u65b0\u822a\u7ad9\u697c\u5e97)", "order_time": ["2019-01-27 08:47:50"], "total_order": 1, "hotel_value": ["4.7"], "hotel_price": ["292"]}, "8565794": {"hotel_name": "\u6df1\u5733\u6da6\u541b\u6f9c\u9152\u5e97", "order_time": ["2019-01-27 08:47:53"], "total_order": 1, "hotel_value": ["4.1"], "hotel_price": ["133"]}, "643476": {"hotel_name": "\u547c\u565c\u6808\u9152\u5e97(\u6df1\u5733\u9999\u871c\u6e56\u5e97)", "order_time": ["2019-01-27 08:47:53"], "total_order": 1, "hotel_value": ["4.5"], "hotel_price": ["293"]}, "1438237": {"hotel_name": "\u6df1\u5733\u6e7e\u79d1\u6280\u56ed\u4e3d\u96c5\u67e5\u5c14\u987f\u9152\u5e97", "order_time": ["2019-01-27 08:57:49", "2019-01-27 08:47:55"], "total_order": 2, "hotel_value": ["4.6", "4.6"], "hotel_price": ["488", "488"]}, "666644": {"hotel_name": "\u6df1\u5733\u592a\u9633\u82b1\u9152\u5e97", "order_time": ["2019-01-27 08:47:56"], "total_order": 1, "hotel_value": ["4.3"], "hotel_price": ["310"]}, "535988": {"hotel_name": "\u7ef4\u4e5f\u7eb3\u9152\u5e97(\u6df1\u5733\u6c11\u6cbb\u5e97)", "order_time": ["2019-01-27 08:47:57"], "total_order": 1, "hotel_value": ["4.8"], "hotel_price": ["356"]}, "1612825": {"hotel_name": "\u5982\u5bb6\u5546\u65c5\u9152\u5e97(\u6df1\u5733\u534e\u5f3a\u5317\u71d5\u5357\u5730\u94c1\u53e3\u5e97)", "order_time": ["2019-01-27 08:47:58"], "total_order": 1, "hotel_value": ["4.6"], "hotel_price": ["271"]}, "4834981": {"hotel_name": "\u9999\u683c\u7eb3\u9152\u5e97(\u6df1\u5733\u5357\u5934\u8857\u5e97)", "order_time": ["2019-01-27 08:47:59"], "total_order": 1, "hotel_value": ["3.5"], "hotel_price": ["103"]}, "2043260": {"hotel_name": "\u6df1\u5733\u4f70\u5bb6\u6021\u9152\u5e97", "order_time": ["2019-01-27 08:48:01"], "total_order": 1, "hotel_value": ["4.3"], "hotel_price": ["229"]}, "1513295": {"hotel_name": "\u6df1\u5733\u4e30\u5c45\u5546\u52a1\u9152\u5e97(\u539f\u4e30\u797a\u5c45\u9152\u5e97)", "order_time": ["2019-01-27 08:49:50"], "total_order": 1, "hotel_value": ["4.5"], "hotel_price": ["126"]}, "689152": {"hotel_name": "\u9526\u6c5f\u4e4b\u661f(\u6df1\u5733\u673a\u573a\u5e97)", "order_time": ["2019-01-27 08:49:51"], "total_order": 1, "hotel_value": ["4.3"], "hotel_price": ["189"]}, "432848": {"hotel_name": "\u6df1\u5733\u4e0a\u6d77\u5bbe\u9986", "order_time": ["2019-01-27 09:25:52", "2019-01-27 08:49:51"], "total_order": 2, "hotel_value": ["4.6", "4.6"], "hotel_price": ["398", "398"]}, "6052488": {"hotel_name": "\u6df1\u5733\u661f\u8bed\u592a\u7a7a\u8231\u516c\u5bd3", "order_time": ["2019-01-27 08:49:52"], "total_order": 1, "hotel_value": ["4.4"], "hotel_price": ["54"]}, "458869": {"hotel_name": "\u6c49\u5ead\u9152\u5e97(\u6df1\u5733\u4e1c\u95e8\u6b65\u884c\u8857\u5e97)(\u539f\u4e50\u56ed\u8def\u5e97)", "order_time": ["2019-01-27 08:49:52"], "total_order": 1, "hotel_value": ["4.4"], "hotel_price": ["153"]}, "346482": {"hotel_name": "\u6df1\u5733\u4e07\u5fb7\u8bfa\u5bcc\u7279\u9152\u5e97", "order_time": ["2019-01-27 08:49:53"], "total_order": 1, "hotel_value": ["4.4"], "hotel_price": ["499"]}, "1807225": {"hotel_name": "\u6df1\u5733\u541b\u6f9c\u9152\u5e97", "order_time": ["2019-01-27 08:49:53"], "total_order": 1, "hotel_value": ["4.3"], "hotel_price": ["245"]}, "2018694": {"hotel_name": "\u6df1\u5733\u57ce\u5e02\u5706\u68a6\u9152\u5e97", "order_time": ["2019-01-27 08:49:53"], "total_order": 1, "hotel_value": ["4.0"], "hotel_price": ["153"]}, "931308": {"hotel_name": "\u7ef4\u4e5f\u7eb3\u9152\u5e97(\u6df1\u5733\u53cc\u9f99\u5730\u94c1\u7ad9\u5e97)", "order_time": ["2019-01-27 08:49:57"], "total_order": 1, "hotel_value": ["4.8"], "hotel_price": ["179"]}, "8565961": {"hotel_name": "\u767b\u5df4\u5ba2\u6808(\u6df1\u5733\u4f1a\u5c55\u4e2d\u5fc3\u5e97)", "order_time": ["2019-01-27 08:49:58", "2019-01-27 09:03:49"], "total_order": 2, "hotel_value": ["4.5", "4.5"], "hotel_price": ["57", "57"]}, "5074677": {"hotel_name": "\u6df1\u5733\u597d\u6765\u5c45\u5bbe\u9986", "order_time": ["2019-01-27 08:49:59"], "total_order": 1, "hotel_value": ["3.8"], "hotel_price": ["88"]}, "1571292": {"hotel_name": "\u6df1\u5733\u540d\u5170\u82d1\u9152\u5e97", "order_time": ["2019-01-27 08:50:00"], "total_order": 1, "hotel_value": ["4.1"], "hotel_price": ["230"]}, "8600493": {"hotel_name": "\u6df1\u5733\u5c0a\u4eab\u9886\u822a\u9152\u5e97", "order_time": ["2019-01-27 08:50:01"], "total_order": 1, "hotel_value": ["4.6"], "hotel_price": ["133"]}, "8565775": {"hotel_name": "\u6df1\u5733\u4e1c\u90e8\u5546\u52a1\u9152\u5e97", "order_time": ["2019-01-27 08:50:04"], "total_order": 1, "hotel_value": ["4.1"], "hotel_price": ["115"]}, "27945351": {"hotel_name": "\u9e97\u67ab\u9152\u5e97(\u6df1\u5733\u5317\u7ad9\u9f99\u534e\u6c7d\u8f66\u7ad9\u5e97)", "order_time": ["2019-01-27 08:51:49"], "total_order": 1, "hotel_value": ["4.6"], "hotel_price": ["219"]}, "9617911": {"hotel_name": "\u7ef4\u4e5f\u7eb3\u9152\u5e97(\u6df1\u5733\u5742\u7530\u5c97\u5934\u5e97)", "order_time": ["2019-01-27 08:51:50"], "total_order": 1, "hotel_value": ["4.3"], "hotel_price": ["238"]}, "419435": {"hotel_name": "\u6df1\u5733\u66fc\u6e7e\u79be\u7530\u5c45\u5ea6\u5047\u9152\u5e97", "order_time": ["2019-01-27 08:51:50"], "total_order": 1, "hotel_value": ["4.4"], "hotel_price": ["546"]}, "5238031": {"hotel_name": "\u6df1\u5733\u5929\u5929\u8fde\u9501\u9152\u5e97\u897f\u4e3d\u5317\u8def\u5e97", "order_time": ["2019-01-27 08:51:50"], "total_order": 1, "hotel_value": ["4.2"], "hotel_price": ["133"]}, "6902633": {"hotel_name": "\u7ef4\u4e5f\u7eb3\u9152\u5e97(\u6df1\u5733\u798f\u6c38\u6751\u5e97)(\u539f\u798f\u6c38\u56fd\u9645\u8f66\u7a97\u5e97)", "order_time": ["2019-01-27 08:51:50"], "total_order": 1, "hotel_value": ["4.8"], "hotel_price": ["248"]}, "661081": {"hotel_name": "\u6df1\u5733\u86c7\u53e3\u5e0c\u5c14\u987f\u5357\u6d77\u9152\u5e97", "order_time": ["2019-01-27 08:51:51"], "total_order": 1, "hotel_value": ["4.7"], "hotel_price": ["1173"]}, "1416772": {"hotel_name": "\u94f6\u901a\u4e4b\u65c5\u5bbe\u9986(\u6df1\u5733\u4e1c\u7ad9\u957f\u9f99\u5730\u94c1\u53e3\u5e97)(\u539f\u5e03\u5409\u957f\u9f99\u5730\u94c1\u7ad9\u5e97)", "order_time": ["2019-01-27 08:51:51"], "total_order": 1, "hotel_value": ["4.6"], "hotel_price": ["140"]}, "426195": {"hotel_name": "\u6df1\u5733\u51ef\u7f8e\u8c6a\u76db\u9152\u5e97", "order_time": ["2019-01-27 08:51:51"], "total_order": 1, "hotel_value": ["4.2"], "hotel_price": ["288"]}, "3667172": {"hotel_name": "\u7d22\u7279\u6765\u521b\u610f\u9152\u5e97(\u6df1\u5733\u5317\u7ad9\u7f18\u5206\u5e97)", "order_time": ["2019-01-27 08:51:52"], "total_order": 1, "hotel_value": ["4.3"], "hotel_price": ["422"]}, "17535038": {"hotel_name": "\u6df1\u5733\u673a\u573a\u51ef\u60a6\u9152\u5e97", "order_time": ["2019-01-27 08:57:51", "2019-01-27 08:51:52"], "total_order": 2, "hotel_value": ["4.7", "4.7"], "hotel_price": ["748", "748"]}, "1595131": {"hotel_name": "\u7ef4\u96c5\u4e3d\u9152\u5e97(\u6df1\u5733\u706b\u8f66\u7ad9\u4eba\u6c11\u5357\u8def\u5e97)", "order_time": ["2019-01-27 08:51:55"], "total_order": 1, "hotel_value": ["4.2"], "hotel_price": ["269"]}, "1118252": {"hotel_name": "\u6df1\u5733\u5fb7\u6797\u9152\u5e97", "order_time": ["2019-01-27 08:51:56"], "total_order": 1, "hotel_value": ["4.6"], "hotel_price": ["220"]}, "6284401": {"hotel_name": "\u6df1\u5733\u7eb3\u5229\u83b1\u9152\u5e97", "order_time": ["2019-01-27 08:51:58"], "total_order": 1, "hotel_value": ["4.4"], "hotel_price": ["188"]}, "2399874": {"hotel_name": "\u6df1\u5733\u590f\u81f3\u9752\u5e74\u65c5\u820d", "order_time": ["2019-01-27 08:52:10"], "total_order": 1, "hotel_value": ["4.5"], "hotel_price": ["56"]}, "1461871": {"hotel_name": "\u7ef4\u4e5f\u7eb3\u9152\u5e97(\u6df1\u5733\u4f1a\u5c55\u4e2d\u5fc3\u4e8c\u5e97)", "order_time": ["2019-01-27 08:52:27"], "total_order": 1, "hotel_value": ["4.8"], "hotel_price": ["326"]}, "419431": {"hotel_name": "\u6df1\u5733\u6e7e\u6728\u68c9\u82b1\u9152\u5e97", "order_time": ["2019-01-27 08:53:54"], "total_order": 1, "hotel_value": ["4.6"], "hotel_price": ["983"]}, "4376734": {"hotel_name": "\u6df1\u5733\u8fea\u96c5\u9152\u5e97", "order_time": ["2019-01-27 08:53:54"], "total_order": 1, "hotel_value": ["4.3"], "hotel_price": ["389"]}, "2941968": {"hotel_name": "7\u5929\u8fde\u9501\u9152\u5e97(\u6df1\u5733\u673a\u573a\u540e\u745e\u5730\u94c1\u7ad9\u5e97)", "order_time": ["2019-01-27 09:33:50", "2019-01-27 08:57:50", "2019-01-27 08:53:56"], "total_order": 3, "hotel_value": ["4.4", "4.4", "4.4"], "hotel_price": ["150", "150", "150"]}, "970569": {"hotel_name": "\u6d77\u53cb\u9152\u5e97(\u6df1\u5733\u7f57\u6e56\u53e3\u5cb8\u56fd\u8d38\u5e97)(\u539f\u56fd\u8d38\u5730\u94c1\u7ad9\u5e97)", "order_time": ["2019-01-27 09:11:51", "2019-01-27 08:53:56"], "total_order": 2, "hotel_value": ["4.3", "4.3"], "hotel_price": ["180", "162"]}, "1524605": {"hotel_name": "\u6df1\u5733\u6d77\u5929\u5bbe\u9986", "order_time": ["2019-01-27 08:53:57"], "total_order": 1, "hotel_value": ["4.1"], "hotel_price": ["245"]}, "4312660": {"hotel_name": "\u7ef4\u4e5f\u7eb3\u56fd\u9645\u9152\u5e97(\u6df1\u5733\u5149\u4fa8\u8def\u7530\u5bee\u5e97)", "order_time": ["2019-01-27 08:54:00"], "total_order": 1, "hotel_value": ["4.8"], "hotel_price": ["249"]}, "5980092": {"hotel_name": "\u6df1\u5733\u5927\u9e4f\u6240\u57ceMAX\u9152\u5427\u6c11\u5bbf", "order_time": ["2019-01-27 08:54:00"], "total_order": 1, "hotel_value": ["4.6"], "hotel_price": ["159"]}, "2765033": {"hotel_name": "\u7f8e\u8c6a\u9152\u5e97(\u6df1\u5733\u673a\u573a\u5e97)", "order_time": ["2019-01-27 08:55:51"], "total_order": 1, "hotel_value": ["4.7"], "hotel_price": ["308"]}, "1462278": {"hotel_name": "\u6c49\u5ead\u9152\u5e97(\u6df1\u5733\u534e\u5f3a\u5317\u71d5\u5357\u5730\u94c1\u7ad9\u5e97)", "order_time": ["2019-01-27 08:55:52"], "total_order": 1, "hotel_value": ["4.6"], "hotel_price": ["228"]}, "1595773": {"hotel_name": "\u6df1\u5733\u822a\u57ce\u5927\u9152\u5e97", "order_time": ["2019-01-27 08:55:52"], "total_order": 1, "hotel_value": ["4.1"], "hotel_price": ["169"]}, "5248234": {"hotel_name": "\u6df1\u5733\u8d64\u58c1\u7cbe\u54c1\u9152\u5e97\u666f\u7530\u5730\u94c1\u7ad9\u5e97", "order_time": ["2019-01-27 08:55:52"], "total_order": 1, "hotel_value": ["3.9"], "hotel_price": ["148"]}, "5677620": {"hotel_name": "\u68b5\u7199\u7cbe\u54c1\u5546\u52a1\u9152\u5e97(\u6df1\u5733\u5317\u7ad9\u5e97)", "order_time": ["2019-01-27 09:33:50", "2019-01-27 08:55:52"], "total_order": 2, "hotel_value": ["4.7", "4.7"], "hotel_price": ["258", "258"]}, "374627": {"hotel_name": "\u6df1\u5733\u5bcc\u4e34\u5927\u9152\u5e97", "order_time": ["2019-01-27 08:55:53"], "total_order": 1, "hotel_value": ["4.5"], "hotel_price": ["398"]}, "12603058": {"hotel_name": "\u94c2\u5c14\u987f\u9152\u5e97(\u6df1\u5733\u516c\u660e\u5357\u5e84\u5e97)", "order_time": ["2019-01-27 08:55:54"], "total_order": 1, "hotel_value": ["4.8"], "hotel_price": ["163"]}, "1596955": {"hotel_name": "7\u5929\u8fde\u9501\u9152\u5e97(\u6df1\u5733\u56fd\u8d38\u4e8c\u5e97)", "order_time": ["2019-01-27 08:55:54"], "total_order": 1, "hotel_value": ["4.1"], "hotel_price": ["99"]}, "444702": {"hotel_name": "\u9526\u6c5f\u4e4b\u661f\u98ce\u5c1a(\u6df1\u5733\u79d1\u5b66\u9986\u5e97)", "order_time": ["2019-01-27 08:55:54"], "total_order": 1, "hotel_value": ["4.2"], "hotel_price": ["139"]}, "1284920": {"hotel_name": "\u7ef4\u4e5f\u7eb3\u9152\u5e97(\u6df1\u5733\u5357\u5c71\u4ebf\u5229\u8fbe\u5e97)", "order_time": ["2019-01-27 08:55:55"], "total_order": 1, "hotel_value": ["4.8"], "hotel_price": ["329"]}, "17142438": {"hotel_name": "\u7ef4\u4e5f\u7eb3\u9152\u5e97(\u6df1\u5733\u89c2\u6f9c\u5c71\u6c34\u7530\u56ed\u5e97)", "order_time": ["2019-01-27 08:55:55"], "total_order": 1, "hotel_value": ["4.9"], "hotel_price": ["198"]}, "4835072": {"hotel_name": "\u6df1\u5733\u84dd\u5b9d\u7cbe\u54c1\u9152\u5e97", "order_time": ["2019-01-27 08:55:58"], "total_order": 1, "hotel_value": ["4.3"], "hotel_price": ["129"]}, "1598330": {"hotel_name": "\u6d59\u5546\u5546\u52a1\u9152\u5e97(\u6df1\u5733\u4e0a\u6b65\u8def\u5e97)", "order_time": ["2019-01-27 08:56:01"], "total_order": 1, "hotel_value": ["4.3"], "hotel_price": ["199"]}, "347428": {"hotel_name": "\u6df1\u5733\u9a6c\u54e5\u5b5b\u7f57\u597d\u65e5\u5b50\u9152\u5e97", "order_time": ["2019-01-27 08:57:49"], "total_order": 1, "hotel_value": ["4.7"], "hotel_price": ["726"]}, "5559340": {"hotel_name": "\u6df1\u5733\u6816\u9152\u5e97", "order_time": ["2019-01-27 08:57:51"], "total_order": 1, "hotel_value": ["4.8"], "hotel_price": ["519"]}, "1459255": {"hotel_name": "\u7f8e\u8fea\u9152\u5e97(\u6df1\u5733\u534e\u4e3a\u5742\u7530\u57fa\u5730\u5e97)", "order_time": ["2019-01-27 08:57:51"], "total_order": 1, "hotel_value": ["4.7"], "hotel_price": ["231"]}, "1457223": {"hotel_name": "\u83ab\u6cf0168(\u6df1\u5733\u798f\u7530\u53e3\u5cb8\u4fdd\u7a0e\u533a\u6842\u82b1\u8def\u5e97)", "order_time": ["2019-01-27 08:57:52"], "total_order": 1, "hotel_value": ["4.3"], "hotel_price": ["272"]}, "1498780": {"hotel_name": "\u7ef4\u4e5f\u7eb3\u9152\u5e97(\u6df1\u5733\u9f99\u534e\u4eba\u6c11\u5357\u8def\u5e97)", "order_time": ["2019-01-27 08:57:52"], "total_order": 1, "hotel_value": ["4.8"], "hotel_price": ["382"]}, "1007488": {"hotel_name": "\u6d3e\u9152\u5e97(\u6df1\u5733\u4e1c\u95e8\u6b65\u884c\u8857\u5e97)", "order_time": ["2019-01-27 08:57:52"], "total_order": 1, "hotel_value": ["4.6"], "hotel_price": ["149"]}, "5249996": {"hotel_name": "\u6df1\u5733\u6b22\u4e50\u7cbe\u54c1\u9152\u5e97", "order_time": ["2019-01-27 08:57:54"], "total_order": 1, "hotel_value": ["3.7"], "hotel_price": ["119"]}, "1455322": {"hotel_name": "\u5723\u5b9d\u5bbe\u9986(\u6df1\u5733\u4e0a\u6c99\u5e97)", "order_time": ["2019-01-27 08:57:55"], "total_order": 1, "hotel_value": ["3.4"], "hotel_price": ["218"]}, "2153712": {"hotel_name": "\u6df1\u53d1\u5bbe\u9986(\u6df1\u5733\u5e03\u5409\u5927\u82ac\u6751\u5730\u94c1\u7ad9\u5e97)", "order_time": ["2019-01-27 08:57:57"], "total_order": 1, "hotel_value": ["3.9"], "hotel_price": ["99"]}, "6053074": {"hotel_name": "\u6df1\u5733\u6c38\u6e56\u946b\u5bbe\u9986", "order_time": ["2019-01-27 08:57:57"], "total_order": 1, "hotel_value": ["4.1"], "hotel_price": ["131"]}, "5983305": {"hotel_name": "\u6df1\u5733\u521b\u5ba2\u7a7a\u95f4\u9752\u5e74\u65c5\u820d\u6df1\u5733\u5927\u5b66\u5e97", "order_time": ["2019-01-27 08:57:58"], "total_order": 1, "hotel_value": ["4.6"], "hotel_price": ["69"]}, "19438980": {"hotel_name": "\u6df1\u5733\u4e1c\u6052\u7cbe\u54c1\u9152\u5e97", "order_time": ["2019-01-27 08:57:58"], "total_order": 1, "hotel_value": ["4.5"], "hotel_price": ["83"]}, "6312583": {"hotel_name": "\u6606\u5b63\u9152\u5e97(\u6df1\u5733\u5317\u7ad9\u4e94\u548c\u5e97)", "order_time": ["2019-01-27 08:59:49"], "total_order": 1, "hotel_value": ["4.3"], "hotel_price": ["143"]}, "635256": {"hotel_name": "\u5174\u534e\u5bbe\u9986(\u6df1\u5733\u79d1\u5b66\u9986\u5730\u94c1\u7ad9\u5e97)", "order_time": ["2019-01-27 08:59:50"], "total_order": 1, "hotel_value": ["4.2"], "hotel_price": ["200"]}, "1691578": {"hotel_name": "\u6df1\u5733\u592a\u5b50\u5bbe\u9986", "order_time": ["2019-01-27 08:59:50"], "total_order": 1, "hotel_value": ["4.1"], "hotel_price": ["359"]}, "481088": {"hotel_name": "\u60a6\u6765\u5ba2\u6808\u7ecf\u6d4e\u8fde\u9501\u9152\u5e97(\u6df1\u5733\u7f57\u6e56\u5e97)", "order_time": ["2019-01-27 08:59:50"], "total_order": 1, "hotel_value": ["4.0"], "hotel_price": ["155"]}, "879029": {"hotel_name": "\u6df1\u5733\u65b0\u5927\u6d32\u9152\u5e97", "order_time": ["2019-01-27 08:59:50"], "total_order": 1, "hotel_value": ["4.3"], "hotel_price": ["289"]}, "1432157": {"hotel_name": "\u6df1\u5733\u534e\u4fa8\u9152\u5e97", "order_time": ["2019-01-27 08:59:51", "2019-01-27 09:07:52"], "total_order": 2, "hotel_value": ["3.8", "3.8"], "hotel_price": ["194", "194"]}, "2239012": {"hotel_name": "\u6df1\u5733\u5b8f\u660c\u5546\u52a1\u9152\u5e97", "order_time": ["2019-01-27 08:59:52"], "total_order": 1, "hotel_value": ["4.3"], "hotel_price": ["186"]}, "397232": {"hotel_name": "\u6df1\u5733\u4e1c\u90e8\u534e\u4fa8\u57ce\u9ed1\u68ee\u6797\u9152\u5e97", "order_time": ["2019-01-27 08:59:52"], "total_order": 1, "hotel_value": ["4.5"], "hotel_price": ["600"]}, "1598755": {"hotel_name": "7\u5929\u8fde\u9501\u9152\u5e97(\u6df1\u5733\u5b9d\u5b89\u677e\u5c97\u6c7d\u8f66\u7ad9\u5e97)", "order_time": ["2019-01-27 08:59:52"], "total_order": 1, "hotel_value": ["4.4"], "hotel_price": ["99"]}, "5282170": {"hotel_name": "\u6df1\u5733\u4fa8\u57ce\u5546\u52a1\u5bbe\u9986", "order_time": ["2019-01-27 08:59:54"], "total_order": 1, "hotel_value": ["3.6"], "hotel_price": ["148"]}, "931675": {"hotel_name": "\u7ef4\u4e5f\u7eb3\u56fd\u9645\u9152\u5e97(\u6df1\u5733\u5317\u7ad9\u5e97)", "order_time": ["2019-01-27 09:00:12"], "total_order": 1, "hotel_value": ["4.6"], "hotel_price": ["548"]}, "428358": {"hotel_name": "\u6df1\u5733\u4e94\u6d32\u5bbe\u9986", "order_time": ["2019-01-27 09:01:50"], "total_order": 1, "hotel_value": ["4.6"], "hotel_price": ["829"]}, "346477": {"hotel_name": "\u6df1\u5733\u4e2d\u6d32\u5723\u5ef7\u82d1\u9152\u5e97(\u539f\u5723\u5ef7\u82d1\u9152\u5e97)", "order_time": ["2019-01-27 09:01:50"], "total_order": 1, "hotel_value": ["4.6"], "hotel_price": ["588"]}, "486119": {"hotel_name": "\u7ef4\u4e5f\u7eb3\u9152\u5e97(\u6df1\u5733\u673a\u573a\u5e97)", "order_time": ["2019-01-27 09:01:51"], "total_order": 1, "hotel_value": ["4.7"], "hotel_price": ["264"]}, "1798550": {"hotel_name": "\u6df1\u5733\u8299\u84c9\u5bbe\u9986", "order_time": ["2019-01-27 09:01:52"], "total_order": 1, "hotel_value": ["4.3"], "hotel_price": ["346"]}, "1597417": {"hotel_name": "\u6df1\u5733\u745e\u6765\u5ba2\u6808", "order_time": ["2019-01-27 09:01:52"], "total_order": 1, "hotel_value": ["4.2"], "hotel_price": ["128"]}, "1600059": {"hotel_name": "\u9526\u6c5f\u4e4b\u661f(\u6df1\u5733\u9f99\u5c97\u53cc\u9f99\u5730\u94c1\u7ad9\u5e97)", "order_time": ["2019-01-27 09:01:53"], "total_order": 1, "hotel_value": ["4.4"], "hotel_price": ["129"]}, "8445913": {"hotel_name": "\u6df1\u5733\u51ef\u8fea\u9152\u5e97", "order_time": ["2019-01-27 09:01:53"], "total_order": 1, "hotel_value": ["4.3"], "hotel_price": ["169"]}, "15343161": {"hotel_name": "\u661f\u822a\u6052\u60a6\u9152\u5e97(\u6df1\u5733\u673a\u573aT3\u822a\u7ad9\u697c\u5e97)", "order_time": ["2019-01-27 09:01:53"], "total_order": 1, "hotel_value": ["4.4"], "hotel_price": ["186"]}, "486533": {"hotel_name": "\u6df1\u5733\u6021\u666f\u6e7e\u5927\u9152\u5e97", "order_time": ["2019-01-27 09:01:54"], "total_order": 1, "hotel_value": ["4.4"], "hotel_price": ["308"]}, "8565816": {"hotel_name": "\u6df1\u5733\u57ce\u5e02\u6d6a\u6f2b\u9152\u5e97", "order_time": ["2019-01-27 09:01:55"], "total_order": 1, "hotel_value": ["4.3"], "hotel_price": ["94"]}, "397535": {"hotel_name": "\u6df1\u5733\u4e1c\u90e8\u534e\u4fa8\u57ce\u5496\u9177\u65c5\u9986", "order_time": ["2019-01-27 09:01:56"], "total_order": 1, "hotel_value": ["4.4"], "hotel_price": ["129"]}, "1647383": {"hotel_name": "\u6df1\u5733\u524d\u6d77\u534e\u4fa8\u57ceJW\u4e07\u8c6a\u9152\u5e97", "order_time": ["2019-01-27 09:03:49"], "total_order": 1, "hotel_value": ["4.6"], "hotel_price": ["1049"]}, "447294": {"hotel_name": "\u6df1\u5733\u534e\u5b89\u56fd\u9645\u5927\u9152\u5e97", "order_time": ["2019-01-27 09:03:49"], "total_order": 1, "hotel_value": ["4.6"], "hotel_price": ["597"]}, "425478": {"hotel_name": "\u6df1\u5733\u65b0\u90fd\u9152\u5e97", "order_time": ["2019-01-27 09:03:49"], "total_order": 1, "hotel_value": ["4.7"], "hotel_price": ["336"]}, "437268": {"hotel_name": "\u6df1\u5733\u5927\u6885\u6c99\u4eac\u57fa\u6d77\u6e7e\u5927\u9152\u5e97", "order_time": ["2019-01-27 09:03:49"], "total_order": 1, "hotel_value": ["4.6"], "hotel_price": ["858"]}, "482903": {"hotel_name": "\u6df1\u5733\u9e3f\u4e30\u56fd\u9645\u5927\u9152\u5e97(\u5357\u5c71)", "order_time": ["2019-01-27 09:03:49"], "total_order": 1, "hotel_value": ["4.5"], "hotel_price": ["539"]}, "371233": {"hotel_name": "\u6df1\u5733\u5927\u4e2d\u534e\u559c\u6765\u767b\u9152\u5e97", "order_time": ["2019-01-27 09:03:49"], "total_order": 1, "hotel_value": ["4.6"], "hotel_price": ["1049"]}, "5923214": {"hotel_name": "\u5927\u767d\u9152\u5e97\u516c\u5bd3(\u6df1\u5733\u798f\u7530\u53e3\u5cb8\u5e97)", "order_time": ["2019-01-27 09:03:50"], "total_order": 1, "hotel_value": ["4.4"], "hotel_price": ["331"]}, "426199": {"hotel_name": "\u6df1\u5733\u6df1\u822a\u56fd\u9645\u9152\u5e97", "order_time": ["2019-01-27 09:03:51"], "total_order": 1, "hotel_value": ["4.8"], "hotel_price": ["655"]}, "2279616": {"hotel_name": "\u6df1\u5733\u8521\u5c4b\u56f4\u5927\u9152\u5e97", "order_time": ["2019-01-27 09:03:52"], "total_order": 1, "hotel_value": ["4.4"], "hotel_price": ["238"]}, "468926": {"hotel_name": "\u6c49\u5ead\u9152\u5e97(\u6df1\u5733\u4f1a\u5c55\u4e2d\u5fc3\u5e97)", "order_time": ["2019-01-27 09:03:52"], "total_order": 1, "hotel_value": ["4.3"], "hotel_price": ["265"]}, "5306160": {"hotel_name": "\u7ef4\u4e5f\u7eb3\u9152\u5e97(\u6df1\u5733\u77f3\u5ca9\u77f3\u9f99\u793e\u533a\u5e97)", "order_time": ["2019-01-27 09:05:50"], "total_order": 1, "hotel_value": ["4.8"], "hotel_price": ["219"]}, "6284220": {"hotel_name": "\u67cf\u69ff\u9152\u5e97(\u6df1\u5733\u4e1c\u95e8\u6e56\u8d1d\u5730\u94c1\u7ad9\u5e97)", "order_time": ["2019-01-27 09:05:50"], "total_order": 1, "hotel_value": ["4.8"], "hotel_price": ["349"]}, "668315": {"hotel_name": "\u6df1\u5733\u4e2d\u6cb9\u9633\u5149\u5927\u9152\u5e97", "order_time": ["2019-01-27 09:05:51"], "total_order": 1, "hotel_value": ["4.5"], "hotel_price": ["496"]}, "17970685": {"hotel_name": "\u5df1\u5ba2\u516c\u5bd3(\u6df1\u5733\u6d77\u4e0a\u4e16\u754c\u5e97)", "order_time": ["2019-01-27 09:07:50"], "total_order": 1, "hotel_value": ["4.5"], "hotel_price": ["398"]}, "6312610": {"hotel_name": "\u6df1\u5733\u67cf\u5361\u987f\u7cbe\u54c1\u9152\u5e97", "order_time": ["2019-01-27 09:07:50"], "total_order": 1, "hotel_value": ["4.2"], "hotel_price": ["126"]}, "1426490": {"hotel_name": "\u6df1\u5733\u660e\u9633\u9152\u5e97", "order_time": ["2019-01-27 09:07:50"], "total_order": 1, "hotel_value": ["4.1"], "hotel_price": ["276"]}, "1502328": {"hotel_name": "\u6df1\u5733\u5bf0\u5b87\u5927\u9152\u5e97", "order_time": ["2019-01-27 09:07:51"], "total_order": 1, "hotel_value": ["4.2"], "hotel_price": ["298"]}, "426209": {"hotel_name": "\u6df1\u5733\u82b1\u56ed\u683c\u5170\u4e91\u5929\u5927\u9152\u5e97", "order_time": ["2019-01-27 09:07:51"], "total_order": 1, "hotel_value": ["4.6"], "hotel_price": ["499"]}, "1603178": {"hotel_name": "7\u5929\u8fde\u9501\u9152\u5e97(\u6df1\u5733\u5317\u7ad9\u5e97)", "order_time": ["2019-01-27 09:07:51"], "total_order": 1, "hotel_value": ["4.7"], "hotel_price": ["199"]}, "28680537": {"hotel_name": "\u9e97\u67ab\u9152\u5e97(\u6df1\u5733\u897f\u4e3d\u5730\u94c1\u7ad9\u5e97)", "order_time": ["2019-01-27 09:07:52"], "total_order": 1, "hotel_value": ["4.7"], "hotel_price": ["242"]}, "3889399": {"hotel_name": "\u6df1\u5733\u7c73\u7f57\u4f2f\u7235\u9152\u5e97", "order_time": ["2019-01-27 09:07:52"], "total_order": 1, "hotel_value": ["4.2"], "hotel_price": ["220"]}, "6398678": {"hotel_name": "\u6df1\u5733\u8da3\u521b\u9152\u5e97", "order_time": ["2019-01-27 09:07:52"], "total_order": 1, "hotel_value": ["4.4"], "hotel_price": ["223"]}, "435964": {"hotel_name": "\u6df1\u5733\u4e1c\u534e\u5609\u60a6\u9152\u5e97", "order_time": ["2019-01-27 09:07:52"], "total_order": 1, "hotel_value": ["4.5"], "hotel_price": ["380"]}, "26545192": {"hotel_name": "\u6df1\u6e2f\u884c\u653f\u516c\u5bd3(\u6df1\u5733\u4e07\u79d1\u4e91\u57ce\u516d\u671f\u5e97)", "order_time": ["2019-01-27 09:07:52"], "total_order": 1, "hotel_value": ["4.2"], "hotel_price": ["464"]}, "1649455": {"hotel_name": "\u6df1\u5733\u60a6\u6d77\u749f\u5546\u52a1\u9152\u5e97", "order_time": ["2019-01-27 09:07:53"], "total_order": 1, "hotel_value": ["4.2"], "hotel_price": ["168"]}, "5782386": {"hotel_name": "7\u5929\u8fde\u9501\u9152\u5e97(\u6df1\u5733\u5730\u738b\u5927\u53a6\u7ea2\u6842\u8def\u5e97)(\u539f\u7ea2\u6842\u8def\u5e97)", "order_time": ["2019-01-27 09:07:53"], "total_order": 1, "hotel_value": ["4.3"], "hotel_price": ["129"]}, "1065983": {"hotel_name": "\u4e03\u6a59\u9152\u5e97(\u6df1\u5733\u4e1c\u7ad9\u5e03\u5409\u5e97)(\u539f\u987a\u98ce\u5bbe\u9986)", "order_time": ["2019-01-27 09:31:51", "2019-01-27 09:07:53"], "total_order": 2, "hotel_value": ["4.6", "4.6"], "hotel_price": ["88", "88"]}, "1598800": {"hotel_name": "\u57ce\u5e02\u9a7f\u7ad9(\u6df1\u5733\u5e03\u5409\u5927\u90fd\u6c47\u5e97)", "order_time": ["2019-01-27 09:07:55"], "total_order": 1, "hotel_value": ["4.2"], "hotel_price": ["169"]}, "1460991": {"hotel_name": "\u6df1\u5733\u4eac\u9e4f\u5bbe\u9986", "order_time": ["2019-01-27 09:08:09"], "total_order": 1, "hotel_value": ["4.0"], "hotel_price": ["267"]}, "345037": {"hotel_name": "\u6df1\u5733\u5a01\u5c3c\u65af\u777f\u9014\u9152\u5e97(\u539f\u5a01\u5c3c\u65af\u9152\u5e97)", "order_time": ["2019-01-27 09:26:03", "2019-01-27 09:08:09"], "total_order": 2, "hotel_value": ["4.7", "4.7"], "hotel_price": ["1036", "1036"]}, "486122": {"hotel_name": "\u6df1\u5733\u767b\u559c\u8def\u9152\u5e97", "order_time": ["2019-01-27 09:09:50"], "total_order": 1, "hotel_value": ["4.5"], "hotel_price": ["398"]}, "430649": {"hotel_name": "\u6df1\u5733\u7f57\u6e56\u5927\u9152\u5e97", "order_time": ["2019-01-27 09:09:50"], "total_order": 1, "hotel_value": ["4.1"], "hotel_price": ["343"]}, "1598538": {"hotel_name": "\u6df1\u5733\u5b66\u5e9c\u5170\u5179\u9152\u5e97", "order_time": ["2019-01-27 09:09:50"], "total_order": 1, "hotel_value": ["4.5"], "hotel_price": ["281"]}, "13574647": {"hotel_name": "\u6df1\u5733\u5c0a\u4eab\u56fd\u9645\u516c\u5bd3", "order_time": ["2019-01-27 09:09:50"], "total_order": 1, "hotel_value": ["4.6"], "hotel_price": ["279"]}, "1744477": {"hotel_name": "\u91d1\u6cfd\u7cbe\u54c1\u9152\u5e97(\u6df1\u5733\u4e1c\u7ad9\u5e03\u5409\u5e97)", "order_time": ["2019-01-27 09:09:51"], "total_order": 1, "hotel_value": ["4.2"], "hotel_price": ["121"]}, "932312": {"hotel_name": "\u6df1\u5733\u4e94\u798f\u5546\u52a1\u7cbe\u54c1\u9152\u5e97(\u897f\u4e61\u5730\u94c1\u7ad9\u5e97)", "order_time": ["2019-01-27 09:09:52"], "total_order": 1, "hotel_value": ["4.1"], "hotel_price": ["195"]}, "5917137": {"hotel_name": "\u7ef4\u7eb3\u65af\u56fd\u9645\u516c\u5bd3(\u6df1\u5733\u7f57\u6e56\u4e07\u8c61\u57ce\u5e97)(\u539fOne39\u5e97)", "order_time": ["2019-01-27 09:09:54"], "total_order": 1, "hotel_value": ["4.7"], "hotel_price": ["298"]}, "4495719": {"hotel_name": "\u6df1\u57338\u53f7\u6d77\u89d2\u9752\u5e74\u65c5\u820d", "order_time": ["2019-01-27 09:09:54"], "total_order": 1, "hotel_value": ["4.5"], "hotel_price": ["56"]}, "4690327": {"hotel_name": "\u6df1\u5733\u673a\u573a\u51ef\u60a6\u5609\u5bd3\u9152\u5e97", "order_time": ["2019-01-27 09:11:50"], "total_order": 1, "hotel_value": ["4.7"], "hotel_price": ["670"]}, "482682": {"hotel_name": "\u6df1\u5733\u91d1\u78a7\u9152\u5e97", "order_time": ["2019-01-27 09:11:50"], "total_order": 1, "hotel_value": ["4.2"], "hotel_price": ["356"]}, "529079": {"hotel_name": "\u6df1\u5733\u5927\u6885\u6c99\u6d77\u666f\u9152\u5e97", "order_time": ["2019-01-27 09:11:51"], "total_order": 1, "hotel_value": ["4.1"], "hotel_price": ["384"]}, "345032": {"hotel_name": "\u6df1\u5733\u9999\u683c\u91cc\u62c9\u5927\u9152\u5e97", "order_time": ["2019-01-27 09:11:51", "2019-01-27 09:17:50"], "total_order": 2, "hotel_value": ["4.4", "4.4"], "hotel_price": ["746", "746"]}, "371241": {"hotel_name": "\u6df1\u5733\u798f\u7530\u9999\u683c\u91cc\u62c9\u5927\u9152\u5e97", "order_time": ["2019-01-27 09:11:51", "2019-01-27 09:21:50"], "total_order": 2, "hotel_value": ["4.7", "4.7"], "hotel_price": ["1108", "1108"]}, "5354032": {"hotel_name": "\u7ef4\u4e5f\u7eb3\u56fd\u9645\u9152\u5e97(\u6df1\u5733\u8349\u57d4\u91d1\u7a3b\u7530\u5e97)", "order_time": ["2019-01-27 09:11:51"], "total_order": 1, "hotel_value": ["4.9"], "hotel_price": ["279"]}, "5804070": {"hotel_name": "\u4e03\u6a59\u9152\u5e97(\u6df1\u5733\u5317\u7ad9\u6c11\u6cbb\u5e97)", "order_time": ["2019-01-27 09:11:52"], "total_order": 1, "hotel_value": ["4.1"], "hotel_price": ["132"]}, "1542105": {"hotel_name": "\u6df1\u5733\u8d1d\u5c14\u6f2b\u7cbe\u54c1\u9152\u5e97", "order_time": ["2019-01-27 09:11:53"], "total_order": 1, "hotel_value": ["4.5"], "hotel_price": ["140"]}, "5053827": {"hotel_name": "\u57ce\u5e02\u5feb\u6377\u9152\u5e97(\u6df1\u5733\u9f99\u57ce\u5e7f\u573a\u5e97)", "order_time": ["2019-01-27 09:11:54"], "total_order": 1, "hotel_value": ["4.2"], "hotel_price": ["83"]}, "771944": {"hotel_name": "\u5c1a\u5ba2\u4f18\u5feb\u6377\u9152\u5e97(\u6df1\u5733\u6865\u5934\u5c0f\u5b66\u5e97)", "order_time": ["2019-01-27 09:11:55"], "total_order": 1, "hotel_value": ["4.1"], "hotel_price": ["104"]}, "10899043": {"hotel_name": "\u4e2d\u60e0\u00b7\u60a0\u96c5\u9152\u5e97(\u6df1\u5733\u79d1\u6280\u56ed\u524d\u6d77\u6843\u56ed\u5730\u94c1\u7ad9\u5e97)", "order_time": ["2019-01-27 09:13:49"], "total_order": 1, "hotel_value": ["4.6"], "hotel_price": ["376"]}, "2881593": {"hotel_name": "\u9526\u6c5f\u4e4b\u661f\u54c1\u5c1a(\u6df1\u5733\u7687\u5c97\u53e3\u5cb8\u7687\u57ce\u5e7f\u573a\u5e97)", "order_time": ["2019-01-27 09:13:50"], "total_order": 1, "hotel_value": ["4.4"], "hotel_price": ["269"]}, "1505384": {"hotel_name": "\u60a6\u5de2\u516c\u5bd3(\u6df1\u5733\u5317\u7ad9\u5e97)", "order_time": ["2019-01-27 09:13:50"], "total_order": 1, "hotel_value": ["4.6"], "hotel_price": ["184"]}, "448324": {"hotel_name": "\u987a\u9038\u4e1c\u65b9\u9152\u5e97(\u6df1\u5733\u9f99\u534e\u5927\u6d6a\u5e97)", "order_time": ["2019-01-27 09:13:50"], "total_order": 1, "hotel_value": ["4.7"], "hotel_price": ["208"]}, "25799941": {"hotel_name": "\u6df1\u5733\u666f\u7426\u5927\u9152\u5e97", "order_time": ["2019-01-27 09:13:51"], "total_order": 1, "hotel_value": [0], "hotel_price": ["398"]}, "4983960": {"hotel_name": "\u6df1\u5733\u51ef\u60a6\u9152\u5e97", "order_time": ["2019-01-27 09:13:52"], "total_order": 1, "hotel_value": ["4.2"], "hotel_price": ["108"]}, "1387287": {"hotel_name": "\u6c49\u5ead\u9152\u5e97(\u6df1\u5733\u5e03\u5409\u8001\u8857\u5e97)(\u539f\u5e03\u5409\u706b\u8f66\u7ad9\u5e97)", "order_time": ["2019-01-27 09:13:55"], "total_order": 1, "hotel_value": ["4.1"], "hotel_price": ["99"]}, "3923582": {"hotel_name": "\u6df1\u5733\u96c5\u6021\u9152\u5e97", "order_time": ["2019-01-27 09:13:56"], "total_order": 1, "hotel_value": ["4.3"], "hotel_price": ["75"]}, "967920": {"hotel_name": "\u6c49\u5ead\u9152\u5e97(\u6df1\u5733\u5b9d\u5b89\u673a\u573a\u822a\u7ad9\u697c\u5e97)", "order_time": ["2019-01-27 09:15:52"], "total_order": 1, "hotel_value": ["4.2"], "hotel_price": ["180"]}, "6299659": {"hotel_name": "\u5357\u56fd\u8fde\u9501\u9152\u5e97(\u6df1\u5733\u706b\u8f66\u7ad9\u5e97)", "order_time": ["2019-01-27 09:15:52"], "total_order": 1, "hotel_value": ["4.4"], "hotel_price": ["168"]}, "1103727": {"hotel_name": "\u6df1\u5733\u5fa1\u9f99\u6e7e\u827a\u672f\u9152\u5e97(\u9f99\u534e\u5e97)", "order_time": ["2019-01-27 09:15:54"], "total_order": 1, "hotel_value": ["4.0"], "hotel_price": ["238"]}, "1571566": {"hotel_name": "\u5bcc\u73ed\u8c6a\u9152\u5e97(\u6df1\u5733\u576a\u6d32\u5e97)", "order_time": ["2019-01-27 09:15:54"], "total_order": 1, "hotel_value": ["4.4"], "hotel_price": ["156"]}, "3244595": {"hotel_name": "\u5feb\u6613\u4f4f\u9152\u5e97\u5f0f\u516c\u5bd3(\u6df1\u5733\u5317\u7ad9\u5e97)", "order_time": ["2019-01-27 09:15:54"], "total_order": 1, "hotel_value": ["3.8"], "hotel_price": ["113"]}, "6794254": {"hotel_name": "\u6df1\u5733\u4f73\u5146\u4e1a\u4e07\u8c6a\u9152\u5e97", "order_time": ["2019-01-27 09:17:49"], "total_order": 1, "hotel_value": ["4.5"], "hotel_price": ["1280"]}, "12135159": {"hotel_name": "\u6df1\u5733\u7687\u5eadV\u56fd\u9645\u516c\u5bd3(\u539f\u7687\u5ead\u793c\u5c1a\u516c\u5bd3)", "order_time": ["2019-01-27 09:17:50"], "total_order": 1, "hotel_value": ["4.7"], "hotel_price": ["779"]}, "5896190": {"hotel_name": "\u7231\u7434\u6d77\u6d6a\u6f2b\u827a\u672f\u9152\u5e97(\u6df1\u5733\u4e0a\u6885\u6797\u5353\u8d8a\u57ce\u5e97)(\u539f\u6885\u6797\u5e97)", "order_time": ["2019-01-27 09:17:50"], "total_order": 1, "hotel_value": ["4.3"], "hotel_price": ["336"]}, "14271618": {"hotel_name": "\u6df1\u5733\u660e\u534eHoliday\u516c\u5bd3", "order_time": ["2019-01-27 09:17:50"], "total_order": 1, "hotel_value": ["4.6"], "hotel_price": ["315"]}, "1598521": {"hotel_name": "\u6df1\u5733\u4f1f\u4f73\u6d6a\u6f2b\u4e3b\u9898\u9152\u5e97", "order_time": ["2019-01-27 09:17:51"], "total_order": 1, "hotel_value": ["3.5"], "hotel_price": ["139"]}, "531520": {"hotel_name": "\u6df1\u5733\u524d\u5cb8\u56fd\u9645\u9152\u5e97", "order_time": ["2019-01-27 09:17:53"], "total_order": 1, "hotel_value": ["4.5"], "hotel_price": ["562"]}, "4105426": {"hotel_name": "\u6df1\u5733\u7ef4\u5c3c\u65af\u9152\u5e97", "order_time": ["2019-01-27 09:17:54"], "total_order": 1, "hotel_value": ["3.8"], "hotel_price": ["133"]}, "17496357": {"hotel_name": "\u7ef4\u4e5f\u7eb3\u56fd\u9645\u9152\u5e97(\u6df1\u5733\u89c2\u6f9c\u5927\u9053\u5e97)", "order_time": ["2019-01-27 09:19:51"], "total_order": 1, "hotel_value": ["4.8"], "hotel_price": ["206"]}, "2602578": {"hotel_name": "\u7ef4\u4e5f\u7eb3\u56fd\u9645\u9152\u5e97(\u6df1\u5733\u5730\u738b\u5b9d\u5b89\u5357\u8def\u5e97)", "order_time": ["2019-01-27 09:19:51"], "total_order": 1, "hotel_value": ["4.8"], "hotel_price": ["436"]}, "4690345": {"hotel_name": "\u6df1\u5733\u673a\u573a\u51ef\u60a6\u5609\u8f69\u9152\u5e97", "order_time": ["2019-01-27 09:19:51"], "total_order": 1, "hotel_value": ["4.6"], "hotel_price": ["656"]}, "1352738": {"hotel_name": "\u4f73\u5146\u4e1a\u5e03\u5409\u53ef\u57df\u9152\u5e97(\u6df1\u5733\u4e1c\u7ad9\u5e97)(\u539f\u5e03\u5409\u53ef\u57df\u7cbe\u54c1\u9152\u5e97)", "order_time": ["2019-01-27 09:19:51"], "total_order": 1, "hotel_value": ["4.7"], "hotel_price": ["238"]}, "925657": {"hotel_name": "\u6df1\u5733\u56db\u5ddd\u5bbe\u9986", "order_time": ["2019-01-27 09:19:51"], "total_order": 1, "hotel_value": ["4.5"], "hotel_price": ["378"]}, "23762970": {"hotel_name": "\u83ab\u9ed8\u7cbe\u54c1\u516c\u5bd3(\u6df1\u5733\u4e1c\u95e8\u5e97)", "order_time": ["2019-01-27 09:19:52"], "total_order": 1, "hotel_value": ["4.7"], "hotel_price": ["169"]}, "1048090": {"hotel_name": "\u6df1\u5733\u957f\u5174\u9152\u5e97", "order_time": ["2019-01-27 09:19:52"], "total_order": 1, "hotel_value": ["3.5"], "hotel_price": ["228"]}, "2601811": {"hotel_name": "\u6df1\u5733\u897f\u6e56\u9152\u5e97", "order_time": ["2019-01-27 09:19:52"], "total_order": 1, "hotel_value": ["4.2"], "hotel_price": ["239"]}, "23468806": {"hotel_name": "\u6df1\u5733\u96c5\u597d\u7cbe\u9009\u9152\u5e97(\u539f\u6b63\u534e\u7cbe\u54c1\u9152\u5e97)", "order_time": ["2019-01-27 09:19:52"], "total_order": 1, "hotel_value": ["4.8"], "hotel_price": ["134"]}, "1436623": {"hotel_name": "\u6df1\u5733\u5929\u6c60\u5bbe\u9986", "order_time": ["2019-01-27 09:19:53"], "total_order": 1, "hotel_value": ["4.0"], "hotel_price": ["268"]}, "1015702": {"hotel_name": "\u6df1\u5733\u805a\u946b\u5bbe\u9986", "order_time": ["2019-01-27 09:19:53"], "total_order": 1, "hotel_value": ["4.0"], "hotel_price": ["103"]}, "4397516": {"hotel_name": "\u96c5\u597d\u8fde\u9501\u9152\u5e97(\u6df1\u5733\u6d77\u4e0a\u7530\u56ed\u5e97)(\u539f\u6f2b\u5ba2\u9152\u5e97)", "order_time": ["2019-01-27 09:19:53"], "total_order": 1, "hotel_value": ["4.5"], "hotel_price": ["94"]}, "6730603": {"hotel_name": "\u6df1\u5733\u57ce\u5e02\u6d6a\u6f2b\u4e3b\u9898\u9152\u5e97\u6e05\u6e56\u5730\u94c1\u7ad9\u5e97", "order_time": ["2019-01-27 09:19:56"], "total_order": 1, "hotel_value": ["3.7"], "hotel_price": ["134"]}, "5860925": {"hotel_name": "\u6df1\u5733\u6ee8\u6cb3\u65f6\u4ee3\u4e9a\u6735S\u9152\u5e97", "order_time": ["2019-01-27 09:20:02"], "total_order": 1, "hotel_value": ["4.8"], "hotel_price": ["731"]}, "535483": {"hotel_name": "\u7f8e\u8c6a\u4e3d\u81f4\u9152\u5e97(\u6df1\u5733\u798f\u7530\u4f1a\u5c55\u4e2d\u5fc3\u5e97)", "order_time": ["2019-01-27 09:20:02"], "total_order": 1, "hotel_value": ["4.7"], "hotel_price": ["650"]}, "5266525": {"hotel_name": "\u57ce\u5e02\u4fbf\u6377\u9152\u5e97(\u6df1\u5733\u897f\u4e61\u6d41\u5858\u5e97)(\u539f\u897f\u4e61\u5efa\u5b89\u4e8c\u8def\u5e97)", "order_time": ["2019-01-27 09:21:51"], "total_order": 1, "hotel_value": ["4.4"], "hotel_price": ["181"]}, "3033032": {"hotel_name": "\u6df1\u5733\u672c\u4eac\u56fd\u9645\u9152\u5e97", "order_time": ["2019-01-27 09:21:51"], "total_order": 1, "hotel_value": ["4.2"], "hotel_price": ["199"]}, "4825977": {"hotel_name": "\u7ef4\u4e5f\u7eb3\u9152\u5e97(\u6df1\u5733\u576a\u5c71\u9ad8\u94c1\u7ad9\u5e97)(\u539f\u576a\u5c71\u6df1\u6c55\u8def\u5e97)", "order_time": ["2019-01-27 09:21:51"], "total_order": 1, "hotel_value": ["4.8"], "hotel_price": ["298"]}, "6874649": {"hotel_name": "\u6df1\u5733\u51ef\u65af\u9152\u5e97", "order_time": ["2019-01-27 09:21:51"], "total_order": 1, "hotel_value": ["4.0"], "hotel_price": ["113"]}, "5803491": {"hotel_name": "\u57ce\u5e02\u4fbf\u6377\u9152\u5e97(\u6df1\u5733\u9f99\u534e\u65b0\u533a\u533a\u5e9c\u5e97)", "order_time": ["2019-01-27 09:21:51"], "total_order": 1, "hotel_value": ["4.4"], "hotel_price": ["138"]}, "771959": {"hotel_name": "\u6df1\u5733\u65b0\u4e1c\u6e90\u9152\u5e97", "order_time": ["2019-01-27 09:21:52"], "total_order": 1, "hotel_value": ["4.5"], "hotel_price": ["188"]}, "5246068": {"hotel_name": "\u7fd4\u6797\u65f6\u5c1a\u9152\u5e97(\u6df1\u5733\u540e\u745e\u5730\u94c1\u7ad9\u5e97)(\u539f\u5b9d\u5b89\u673a\u573a\u65b0\u822a\u7ad9\u697c\u5e97)", "order_time": ["2019-01-27 09:21:52"], "total_order": 1, "hotel_value": ["4.1"], "hotel_price": ["113"]}, "1785454": {"hotel_name": "\u6df1\u5733\u9e4f\u57ce\u9152\u5e97", "order_time": ["2019-01-27 09:21:52"], "total_order": 1, "hotel_value": ["3.9"], "hotel_price": ["138"]}, "1599587": {"hotel_name": "\u6df1\u5733\u7231\u7fa4\u9152\u5e97", "order_time": ["2019-01-27 09:21:53"], "total_order": 1, "hotel_value": ["4.1"], "hotel_price": ["93"]}, "5767417": {"hotel_name": "\u683c\u6797\u8054\u76df\u9152\u5e97(\u6df1\u5733\u798f\u6c38\u6c7d\u8f66\u7ad9\u5e97)", "order_time": ["2019-01-27 09:21:53"], "total_order": 1, "hotel_value": ["4.5"], "hotel_price": ["113"]}, "2645617": {"hotel_name": "\u6df1\u5733\u77f3\u69b4\u6c34\u6676\u9152\u5e97", "order_time": ["2019-01-27 09:21:53"], "total_order": 1, "hotel_value": ["4.4"], "hotel_price": ["99"]}, "6435845": {"hotel_name": "\u7f8e\u5fb7\u4e50\u9152\u5e97(\u6df1\u5733\u5e73\u6e56\u534e\u5357\u5e97)", "order_time": ["2019-01-27 09:21:53"], "total_order": 1, "hotel_value": ["4.1"], "hotel_price": ["128"]}, "5940797": {"hotel_name": "\u6df1\u5733\u4e94\u6e56\u56db\u6d77\u9752\u5e74\u65c5\u820d", "order_time": ["2019-01-27 09:21:56"], "total_order": 1, "hotel_value": ["4.2"], "hotel_price": ["28"]}, "28308329": {"hotel_name": "\u6df1\u5733\u7b80\u5bd3\u9152\u5e97\u5f0f\u516c\u5bd3", "order_time": ["2019-01-27 09:23:52"], "total_order": 1, "hotel_value": ["4.9"], "hotel_price": ["223"]}, "1597160": {"hotel_name": "\u7ef4\u4e5f\u7eb3\u9152\u5e97(\u6df1\u5733\u4e1c\u95e8\u6e56\u8d1d\u5730\u94c1\u7ad9\u5e97)", "order_time": ["2019-01-27 09:23:52"], "total_order": 1, "hotel_value": ["4.8"], "hotel_price": ["288"]}, "1605783": {"hotel_name": "\u679c\u679c\u516c\u5bd3(\u6df1\u5733\u6ee8\u6cb3\u65f6\u4ee3\u5e97)", "order_time": ["2019-01-27 09:23:53"], "total_order": 1, "hotel_value": ["4.4"], "hotel_price": ["340"]}, "432395": {"hotel_name": "\u6df1\u5733\u4eac\u57fa\u6676\u90fd\u9152\u5e97", "order_time": ["2019-01-27 09:23:53"], "total_order": 1, "hotel_value": ["4.4"], "hotel_price": ["408"]}, "1098172": {"hotel_name": "\u6df1\u5733\u5c1a\u666f\u9152\u5e97", "order_time": ["2019-01-27 09:23:54"], "total_order": 1, "hotel_value": ["4.6"], "hotel_price": ["229"]}, "1544166": {"hotel_name": "\u6df1\u5733\u6052\u6e56\u5546\u52a1\u9152\u5e97", "order_time": ["2019-01-27 09:23:55"], "total_order": 1, "hotel_value": ["4.1"], "hotel_price": ["228"]}, "1047092": {"hotel_name": "\u96c5\u56ed\u5858\u6717\u9152\u5e97(\u6df1\u5733\u5317\u7ad9\u5e97)", "order_time": ["2019-01-27 09:25:51"], "total_order": 1, "hotel_value": ["4.2"], "hotel_price": ["176"]}, "7953838": {"hotel_name": "\u6df1\u5733\u5927\u5b66\u6843\u56ed\u5170\u5179\u9152\u5e97", "order_time": ["2019-01-27 09:25:51"], "total_order": 1, "hotel_value": ["4.5"], "hotel_price": ["338"]}, "802698": {"hotel_name": "\u534e\u91cc\u7cbe\u54c1\u9152\u5e97(\u6df1\u5733\u534e\u4fa8\u57ce\u5e97)", "order_time": ["2019-01-27 09:25:51"], "total_order": 1, "hotel_value": ["4.5"], "hotel_price": ["304"]}, "17263780": {"hotel_name": "\u5706\u9152\u5e97(\u6df1\u5733\u79d1\u6280\u56ed\u5e97)", "order_time": ["2019-01-27 09:25:51"], "total_order": 1, "hotel_value": ["4.5"], "hotel_price": ["306"]}, "419429": {"hotel_name": "\u7ef4\u4e5f\u7eb3\u9152\u5e97(\u6df1\u5733\u5927\u5b66\u57ce\u5e97)", "order_time": ["2019-01-27 09:25:51"], "total_order": 1, "hotel_value": ["4.8"], "hotel_price": ["359"]}, "1596975": {"hotel_name": "\u5706\u9152\u5e97(\u6df1\u5733\u7b0b\u5c97\u827a\u5c55\u4e2d\u5fc3\u5e97)", "order_time": ["2019-01-27 09:25:51"], "total_order": 1, "hotel_value": ["4.6"], "hotel_price": ["227"]}, "27114992": {"hotel_name": "\u57ce\u5bb6\u516c\u5bd3(\u6df1\u5733\u5357\u5c71\u79d1\u6280\u56ed\u5e97)", "order_time": ["2019-01-27 09:25:52"], "total_order": 1, "hotel_value": ["4.8"], "hotel_price": ["272"]}, "397462": {"hotel_name": "\u6df1\u5733\u4e1c\u90e8\u534e\u4fa8\u57ce\u7011\u5e03\u9152\u5e97", "order_time": ["2019-01-27 09:25:52"], "total_order": 1, "hotel_value": ["4.6"], "hotel_price": ["528"]}, "1598513": {"hotel_name": "\u516b\u53f7\u8fde\u9501\u9152\u5e97(\u6df1\u5733\u4e16\u754c\u4e4b\u7a97\u4e00\u5e97)", "order_time": ["2019-01-27 09:25:52"], "total_order": 1, "hotel_value": ["4.4"], "hotel_price": ["198"]}, "1597027": {"hotel_name": "7\u5929\u8fde\u9501\u9152\u5e97(\u6df1\u5733\u6d77\u4e0a\u4e16\u754c\u4e8c\u5e97)", "order_time": ["2019-01-27 09:25:52"], "total_order": 1, "hotel_value": ["4.4"], "hotel_price": ["179"]}, "6298731": {"hotel_name": "\u6df1\u5733\u5c0f\u6885\u6c99\u597d\u5bb6\u4e3b\u9898\u516c\u5bd3\u9152\u5e97", "order_time": ["2019-01-27 09:25:52"], "total_order": 1, "hotel_value": ["4.7"], "hotel_price": ["128"]}, "5797239": {"hotel_name": "\u601d\u9014\u5546\u52a1\u516c\u5bd3(\u6df1\u5733ONE39\u5e97)", "order_time": ["2019-01-27 09:25:53"], "total_order": 1, "hotel_value": ["4.7"], "hotel_price": ["295"]}, "4399277": {"hotel_name": "\u7ef4\u4e5f\u7eb33\u597d\u9152\u5e97(\u6df1\u5733\u5927\u6d6a\u5546\u4e1a\u4e2d\u5fc3\u5e97)", "order_time": ["2019-01-27 09:25:53"], "total_order": 1, "hotel_value": ["4.9"], "hotel_price": ["243"]}, "965152": {"hotel_name": "\u7d22\u83f2\u7f57\u5170\u9152\u5e97(\u6df1\u5733\u534e\u5f3a\u5317\u5e97)", "order_time": ["2019-01-27 09:25:53"], "total_order": 1, "hotel_value": ["3.8"], "hotel_price": ["134"]}, "1595918": {"hotel_name": "7\u5929\u8fde\u9501\u9152\u5e97(\u6df1\u5733\u6c99\u6e7e\u5e97)(\u539f\u5927\u82ac\u6cb9\u753b\u6751\u5e97)", "order_time": ["2019-01-27 09:25:53"], "total_order": 1, "hotel_value": ["4.3"], "hotel_price": ["117"]}, "3181454": {"hotel_name": "\u6df1\u5733\u4e1c\u65b9\u9152\u5e97(\u539f\u4e1c\u65b9\u5546\u52a1\u9152\u5e97)", "order_time": ["2019-01-27 09:25:53"], "total_order": 1, "hotel_value": ["4.5"], "hotel_price": ["133"]}, "1599620": {"hotel_name": "\u6df1\u5733\u6d77\u5bb8\u5bbe\u9986", "order_time": ["2019-01-27 09:25:53", "2019-01-27 09:35:52", "2019-01-27 09:39:51"], "total_order": 3, "hotel_value": ["4.3", "4.3", "4.3"], "hotel_price": ["232", "232", "232"]}, "1598299": {"hotel_name": "\u6df1\u5733\u6cf0\u534e\u65f6\u5c1a\u9152\u5e97", "order_time": ["2019-01-27 09:25:53"], "total_order": 1, "hotel_value": ["4.0"], "hotel_price": ["121"]}, "2346701": {"hotel_name": "\u6df1\u5733\u683c\u826f\u4e1c\u65b9\u9152\u5e97", "order_time": ["2019-01-27 09:25:54"], "total_order": 1, "hotel_value": ["4.4"], "hotel_price": ["173"]}, "1598950": {"hotel_name": "\u6df1\u5733V8\u827a\u672f\u9152\u5e97", "order_time": ["2019-01-27 09:25:55"], "total_order": 1, "hotel_value": ["3.9"], "hotel_price": ["128"]}, "429212": {"hotel_name": "\u6df1\u5733\u6d77\u666f\u5609\u9014\u9152\u5e97(\u539f\u5965\u601d\u5ef7\u9152\u5e97)", "order_time": ["2019-01-27 09:25:55"], "total_order": 1, "hotel_value": ["4.5"], "hotel_price": ["496"]}, "485036": {"hotel_name": "\u6df1\u5733\u56db\u5b63\u9152\u5e97", "order_time": ["2019-01-27 09:25:55"], "total_order": 1, "hotel_value": ["4.7"], "hotel_price": ["1246"]}, "1505606": {"hotel_name": "\u6df1\u5733\u6d77\u5cb8\u7ebf\u56fd\u9645\u9752\u5e74\u65c5\u820d\u5317\u7ad9\u5e97", "order_time": ["2019-01-27 09:25:55"], "total_order": 1, "hotel_value": ["4.5"], "hotel_price": ["48"]}, "1877252": {"hotel_name": "\u6df1\u5733\u9a8f\u7fa4\u82b1\u56ed\u9152\u5e97", "order_time": ["2019-01-27 09:25:55"], "total_order": 1, "hotel_value": ["4.4"], "hotel_price": ["148"]}, "1740642": {"hotel_name": "\u6df1\u5733\u7fe0\u7af9\u9152\u5e97", "order_time": ["2019-01-27 09:25:56"], "total_order": 1, "hotel_value": ["4.3"], "hotel_price": ["285"]}, "5383373": {"hotel_name": "\u6df1\u5733\u4e2d\u6cf0\u5bbe\u9986", "order_time": ["2019-01-27 09:25:56"], "total_order": 1, "hotel_value": ["3.8"], "hotel_price": ["128"]}, "1597428": {"hotel_name": "\u6df1\u5733\u91d1\u6d77\u5bbe\u9986", "order_time": ["2019-01-27 09:25:58"], "total_order": 1, "hotel_value": ["4.3"], "hotel_price": ["83"]}, "1595987": {"hotel_name": "\u5bb6\u8fce\u8fde\u9501\u9152\u5e97(\u6df1\u5733\u9f99\u5c97\u5e97)", "order_time": ["2019-01-27 09:25:58"], "total_order": 1, "hotel_value": ["4.4"], "hotel_price": ["68"]}, "1509384": {"hotel_name": "\u6df1\u5733\u4e16\u754c\u4e4b\u7a97\u9752\u5e74\u6c42\u804c\u65c5\u820d", "order_time": ["2019-01-27 09:25:58"], "total_order": 1, "hotel_value": ["4.5"], "hotel_price": ["46"]}, "7021861": {"hotel_name": "\u6df1\u5733VAFARI\u5317\u6b27\u6c11\u5bbf", "order_time": ["2019-01-27 09:27:50"], "total_order": 1, "hotel_value": ["4.5"], "hotel_price": ["295"]}, "3667359": {"hotel_name": "\u57ce\u5e02\u4fbf\u6377\u9152\u5e97(\u6df1\u5733\u897f\u4e61\u5730\u94c1\u7ad9\u5e97)", "order_time": ["2019-01-27 09:27:51"], "total_order": 1, "hotel_value": ["4.4"], "hotel_price": ["179"]}, "6692948": {"hotel_name": "\u96c5\u56ed\u5e03\u5409\u9152\u5e97(\u6df1\u5733\u4e1c\u7ad9\u5e97)", "order_time": ["2019-01-27 09:27:52"], "total_order": 1, "hotel_value": ["4.3"], "hotel_price": ["189"]}, "2140619": {"hotel_name": "\u5929\u90fd\u5feb\u6377\u5546\u52a1\u9152\u5e97(\u6df1\u5733\u5317\u7ad9\u5e97)", "order_time": ["2019-01-27 09:27:53"], "total_order": 1, "hotel_value": ["3.9"], "hotel_price": ["138"]}, "437503": {"hotel_name": "\u9526\u6c5f\u4e4b\u661f\u98ce\u5c1a(\u6df1\u5733\u7ffb\u8eab\u5730\u94c1\u7ad9\u5e97)", "order_time": ["2019-01-27 09:27:53"], "total_order": 1, "hotel_value": ["4.2"], "hotel_price": ["139"]}, "11931041": {"hotel_name": "\u6df1\u5733\u8f89\u76db\u9601\u56fd\u9645\u516c\u5bd3", "order_time": ["2019-01-27 09:29:50"], "total_order": 1, "hotel_value": ["4.7"], "hotel_price": ["889"]}, "425224": {"hotel_name": "\u6df1\u5733\u5f6d\u5e74\u9152\u5e97", "order_time": ["2019-01-27 09:29:50"], "total_order": 1, "hotel_value": ["4.6"], "hotel_price": ["513"]}, "420085": {"hotel_name": "\u6df1\u5733\u9633\u5149\u9152\u5e97", "order_time": ["2019-01-27 09:29:50"], "total_order": 1, "hotel_value": ["4.6"], "hotel_price": ["568"]}, "6022500": {"hotel_name": "\u65b0\u4e09\u56f4\u9152\u5e97(\u6df1\u5733\u65b0\u673a\u573aT3\u822a\u7ad9\u697c\u5e97)", "order_time": ["2019-01-27 09:29:51"], "total_order": 1, "hotel_value": ["4.4"], "hotel_price": ["178"]}, "2220567": {"hotel_name": "\u5f69\u60a6\u9152\u5e97(\u6df1\u5733\u6021\u666f\u82b1\u56ed\u5e97)", "order_time": ["2019-01-27 09:29:51"], "total_order": 1, "hotel_value": ["4.4"], "hotel_price": ["259"]}, "6610947": {"hotel_name": "\u6df1\u5733\u73ba\u60a6\u9152\u5e97", "order_time": ["2019-01-27 09:29:51"], "total_order": 1, "hotel_value": ["4.4"], "hotel_price": ["83"]}, "1600264": {"hotel_name": "\u6df1\u5733\u6c49\u5510\u5546\u52a1\u9152\u5e97", "order_time": ["2019-01-27 09:29:52"], "total_order": 1, "hotel_value": ["3.7"], "hotel_price": ["198"]}, "3184337": {"hotel_name": "\u6df1\u5733\u5929\u90b8\u9152\u5e97", "order_time": ["2019-01-27 09:29:53"], "total_order": 1, "hotel_value": ["4.5"], "hotel_price": ["168"]}, "1476643": {"hotel_name": "\u6df1\u5733\u9e3f\u798f\u6765\u5bbe\u9986", "order_time": ["2019-01-27 09:29:54"], "total_order": 1, "hotel_value": ["4.4"], "hotel_price": ["100"]}, "1012927": {"hotel_name": "\u6df1\u5733\u84dd\u82d1\u5bbe\u9986", "order_time": ["2019-01-27 09:29:55"], "total_order": 1, "hotel_value": ["4.3"], "hotel_price": ["107"]}, "2354631": {"hotel_name": "\u6df1\u5733\u8336\u65c5\u89c2\u6d77\u5c45", "order_time": ["2019-01-27 09:29:55"], "total_order": 1, "hotel_value": ["4.5"], "hotel_price": ["61"]}, "16293721": {"hotel_name": "\u6df1\u5733\u6e2f\u6e21\u9752\u5e74\u65c5\u9986", "order_time": ["2019-01-27 09:29:55"], "total_order": 1, "hotel_value": ["4.5"], "hotel_price": ["45"]}, "6030317": {"hotel_name": "\u6df1\u5733\u6b23\u56ed\u5bbe\u9986", "order_time": ["2019-01-27 09:29:55"], "total_order": 1, "hotel_value": ["3.3"], "hotel_price": ["93"]}, "973146": {"hotel_name": "\u6df1\u5733\u9e4f\u946b\u65c5\u9986", "order_time": ["2019-01-27 09:29:55"], "total_order": 1, "hotel_value": ["4.4"], "hotel_price": ["106"]}, "7876909": {"hotel_name": "\u6df1\u5733\u62c9\u666e\u5170\u5fb7\u56fd\u9645\u9752\u5e74\u65c5\u820d", "order_time": ["2019-01-27 09:29:55"], "total_order": 1, "hotel_value": ["4.6"], "hotel_price": ["56"]}, "1105733": {"hotel_name": "\u6df1\u5733\u76db\u6e90\u5bbe\u9986", "order_time": ["2019-01-27 09:29:55"], "total_order": 1, "hotel_value": ["3.9"], "hotel_price": ["93"]}, "3364631": {"hotel_name": "\u68ee\u6797\u96c5\u820d(\u6df1\u5733\u6768\u6885\u5751\u5e97)", "order_time": ["2019-01-27 09:29:55"], "total_order": 1, "hotel_value": ["4.6"], "hotel_price": ["174"]}, "1573533": {"hotel_name": "\u7ef4\u4e5f\u7eb3\u9152\u5e97(\u6df1\u5733\u5b9d\u5b89\u6d41\u5858\u5e97)", "order_time": ["2019-01-27 09:31:49"], "total_order": 1, "hotel_value": ["4.8"], "hotel_price": ["269"]}, "374623": {"hotel_name": "\u6df1\u5733\u4e1c\u6d77\u6717\u5ef7\u9152\u5e97", "order_time": ["2019-01-27 09:31:49"], "total_order": 1, "hotel_value": ["4.8"], "hotel_price": ["1067"]}, "435261": {"hotel_name": "\u6df1\u5733\u4e2d\u6d32\u5723\u5ef7\u82d1\u9152\u5e97\u4e16\u7eaa\u697c(\u539f\u5723\u5ef7\u82d1\u9152\u5e97\u4e16\u7eaa\u697c)", "order_time": ["2019-01-27 09:31:50"], "total_order": 1, "hotel_value": ["4.6"], "hotel_price": ["469"]}, "371236": {"hotel_name": "\u6df1\u5733\u798f\u670b\u559c\u6765\u767b\u9152\u5e97", "order_time": ["2019-01-27 09:31:50"], "total_order": 1, "hotel_value": ["4.4"], "hotel_price": ["696"]}, "535719": {"hotel_name": "\u6df1\u5733\u6709\u56ed\u9152\u5e97", "order_time": ["2019-01-27 09:31:50"], "total_order": 1, "hotel_value": ["4.5"], "hotel_price": ["368"]}, "2917474": {"hotel_name": "\u5b9d\u745e\u9152\u5e97(\u6df1\u5733\u65b0\u822a\u7ad9\u697c\u5e97)", "order_time": ["2019-01-27 09:31:52"], "total_order": 1, "hotel_value": ["3.9"], "hotel_price": ["115"]}, "5376388": {"hotel_name": "\u6df1\u5733\u6021\u666f\u9152\u5e97\u77f3\u9f99\u4ed4\u5e97", "order_time": ["2019-01-27 09:31:58"], "total_order": 1, "hotel_value": ["4.1"], "hotel_price": ["126"]}, "706716": {"hotel_name": "\u6df1\u5733\u56fd\u6c47\u5927\u9152\u5e97(\u4eba\u6c11\u5927\u53a6)", "order_time": ["2019-01-27 09:33:50"], "total_order": 1, "hotel_value": ["4.5"], "hotel_price": ["420"]}, "1272953": {"hotel_name": "\u7ef4\u4e5f\u7eb3\u9152\u5e97(\u6df1\u5733\u6a2a\u5c97\u5858\u5751\u5730\u94c1\u7ad9\u5e97)", "order_time": ["2019-01-27 09:33:50"], "total_order": 1, "hotel_value": ["4.8"], "hotel_price": ["249"]}, "1768679": {"hotel_name": "\u591a\u4f26\u591a\u9152\u5e97(\u6df1\u5733\u666f\u7530\u5e97)(\u539f\u4f1a\u5c55\u4e2d\u5fc3\u5e97)", "order_time": ["2019-01-27 09:33:50"], "total_order": 1, "hotel_value": ["4.4"], "hotel_price": ["278"]}, "467292": {"hotel_name": "\u6df1\u5733\u6c34\u90fd\u5047\u65e5\u9152\u5e97", "order_time": ["2019-01-27 09:33:51"], "total_order": 1, "hotel_value": ["4.4"], "hotel_price": ["478"]}, "8443687": {"hotel_name": "\u6df1\u5733\u6fb3\u65af\u7279\u7cbe\u9009\u9152\u5e97", "order_time": ["2019-01-27 09:33:51"], "total_order": 1, "hotel_value": ["4.6"], "hotel_price": ["178"]}, "1442723": {"hotel_name": "\u6df1\u5733\u946b\u53d1\u5bbe\u9986", "order_time": ["2019-01-27 09:33:56"], "total_order": 1, "hotel_value": ["2.4"], "hotel_price": ["43"]}, "468921": {"hotel_name": "\u6c49\u5ead\u9152\u5e97(\u6df1\u5733\u7231\u56fd\u8def\u5e97)", "order_time": ["2019-01-27 09:35:51"], "total_order": 1, "hotel_value": ["4.1"], "hotel_price": ["99"]}, "807066": {"hotel_name": "\u6df1\u5733\u6885\u6797\u9152\u5e97", "order_time": ["2019-01-27 09:35:52"], "total_order": 1, "hotel_value": ["3.6"], "hotel_price": ["189"]}, "1676764": {"hotel_name": "\u5e03\u4e01\u9152\u5e97( \u6df1\u5733\u897f\u4e61\u5730\u94c1\u7ad9\u5e97 )", "order_time": ["2019-01-27 09:35:52"], "total_order": 1, "hotel_value": ["4.3"], "hotel_price": ["103"]}, "12193094": {"hotel_name": "\u6df1\u5733\u5e02\u7d2b\u8587\u9601\u5bbe\u9986", "order_time": ["2019-01-27 09:35:53"], "total_order": 1, "hotel_value": ["3.2"], "hotel_price": ["112"]}, "2602647": {"hotel_name": "\u6df1\u5733\u4e07\u6fe0\u57ce\u5e02\u9152\u5e97", "order_time": ["2019-01-27 09:35:53"], "total_order": 1, "hotel_value": ["4.4"], "hotel_price": ["168"]}, "6482769": {"hotel_name": "80\u9752\u5e74\u8fde\u9501\u9152\u5e97(\u6df1\u5733\u677e\u5c97\u6c99\u6c5f\u5e97)", "order_time": ["2019-01-27 09:35:53"], "total_order": 1, "hotel_value": ["4.6"], "hotel_price": ["83"]}, "1458173": {"hotel_name": "\u5c1a\u5c45\u9152\u5e97(\u6df1\u5733\u7f57\u6e56\u53e3\u5cb8\u5e97)", "order_time": ["2019-01-27 09:37:50"], "total_order": 1, "hotel_value": ["4.0"], "hotel_price": ["159"]}, "2522616": {"hotel_name": "\u6df1\u5733\u6162\u53ef\u53ef\u522b\u5885(\u539f\u6717\u6708\u6e05\u98ce\u6d77\u6ee8\u82b1\u56ed\u6c11\u5bbf)", "order_time": ["2019-01-27 09:37:50"], "total_order": 1, "hotel_value": ["4.8"], "hotel_price": ["649"]}, "5801798": {"hotel_name": "\u6df1\u5733\u767e\u59d3\u5bb6\u7ecf\u6d4e\u9152\u5e97", "order_time": ["2019-01-27 09:37:52"], "total_order": 1, "hotel_value": ["3.2"], "hotel_price": ["182"]}, "4831023": {"hotel_name": "\u6df1\u5733\u5feb8\u8fde\u9501\u9152\u5e97(\u5b9d\u5b89\u6c7d\u8f66\u7ad9\u5e97)", "order_time": ["2019-01-27 09:37:52"], "total_order": 1, "hotel_value": ["3.9"], "hotel_price": ["93"]}, "635264": {"hotel_name": "\u57ce\u5e02\u5ba2\u6808(\u6df1\u5733\u4e16\u754c\u4e4b\u7a97\u5e97)", "order_time": ["2019-01-27 09:39:50"], "total_order": 1, "hotel_value": ["4.3"], "hotel_price": ["412"]}, "9180079": {"hotel_name": "\u6df1\u5733\u732b\u820d\u9152\u5e97\u516c\u5bd3", "order_time": ["2019-01-27 09:39:50"], "total_order": 1, "hotel_value": ["4.1"], "hotel_price": ["148"]}, "22241466": {"hotel_name": "\u66fc\u54c8\u987f\u65f6\u5c1a\u9152\u5e97(\u6df1\u5733\u516c\u660e\u5e97)", "order_time": ["2019-01-27 09:39:51"], "total_order": 1, "hotel_value": ["4.8"], "hotel_price": ["130"]}, "1432308": {"hotel_name": "\u6df1\u5733\u4e0a\u4e1c\u9152\u5e97", "order_time": ["2019-01-27 09:39:51"], "total_order": 1, "hotel_value": ["4.2"], "hotel_price": ["256"]}, "1599997": {"hotel_name": "7\u5929\u8fde\u9501\u9152\u5e97(\u6df1\u5733\u706b\u8f66\u7ad9\u7f57\u6e56\u5730\u94c1\u7ad9\u5e97)", "order_time": ["2019-01-27 09:39:51"], "total_order": 1, "hotel_value": ["4.0"], "hotel_price": ["99"]}, "428301": {"hotel_name": "\u83ab\u6cf0168(\u6df1\u5733\u9f99\u5c97\u9f99\u57ce\u5e7f\u573a\u5730\u94c1\u7ad9\u5e97)", "order_time": ["2019-01-27 09:39:52"], "total_order": 1, "hotel_value": ["4.5"], "hotel_price": ["122"]}}}