{"\u5f00\u59cb\u8bb0\u5f55\u65f6\u95f4": "2019-01-10 02:41:13", "\u7ed3\u675f\u8bb0\u5f55\u65f6\u95f4": "2019-01-10 03:41:13", "\u8ba2\u5355\u603b\u589e\u91cf": 204, "item": {"2198537": {"hotel_name": "\u6df1\u5733\u5723\u6dd8\u6c99\u9152\u5e97(\u6843\u56ed\u5e97)", "order_time": ["2019-01-10 02:43:47"], "total_order": 1, "hotel_value": ["4.6"], "hotel_price": ["758"]}, "2258346": {"hotel_name": "\u6df1\u5733\u5347\u6052\u9152\u5e97", "order_time": ["2019-01-10 02:43:47"], "total_order": 1, "hotel_value": ["4.0"], "hotel_price": ["192"]}, "6473566": {"hotel_name": "\u4e2d\u6fe0\u7cbe\u81f4\u9152\u5e97(\u897f\u4e61\u5927\u9053\u5e97)", "order_time": ["2019-01-10 02:43:49"], "total_order": 1, "hotel_value": ["4.8"], "hotel_price": ["482"]}, "426204": {"hotel_name": "\u6df1\u5733\u7687\u8f69\u9152\u5e97", "order_time": ["2019-01-10 02:43:49"], "total_order": 1, "hotel_value": ["4.3"], "hotel_price": ["689"]}, "436332": {"hotel_name": "\u5c71\u6c34\u65f6\u5c1a\u9152\u5e97(\u6df1\u5733\u7f57\u6e56\u53e3\u5cb8\u5e97)", "order_time": ["2019-01-10 02:43:51"], "total_order": 1, "hotel_value": ["4.5"], "hotel_price": ["276"]}, "1350554": {"hotel_name": "\u5982\u5bb6\u7cbe\u9009\u9152\u5e97(\u6df1\u5733\u5357\u5c71\u6d77\u5cb8\u57ce\u5e97)", "order_time": ["2019-01-10 02:43:52"], "total_order": 1, "hotel_value": ["4.7"], "hotel_price": ["402"]}, "667769": {"hotel_name": "\u6df1\u5733\u65b0\u6843\u56ed\u9152\u5e97(\u5357\u5c71\u6843\u56ed\u603b\u5e97)", "order_time": ["2019-01-10 02:43:59"], "total_order": 1, "hotel_value": ["4.1"], "hotel_price": ["556"]}, "452190": {"hotel_name": "\u6df1\u5733\u4e1c\u661f\u6c49\u6c38\u9152\u5e97(\u6df1\u5733\u6c99\u4e95\u5e97)", "order_time": ["2019-01-10 02:44:01"], "total_order": 1, "hotel_value": ["4.6"], "hotel_price": ["276"]}, "6290487": {"hotel_name": "\u591a\u4f26\u591a\u9152\u5e97\uff08\u6df1\u5733\u7530\u8d1d\u5e97\uff09", "order_time": ["2019-01-10 02:45:44"], "total_order": 1, "hotel_value": ["4.5"], "hotel_price": ["188"]}, "19828877": {"hotel_name": "\u4e50\u6613\u4f4f\u65e0\u4eba\u667a\u6167\u9152\u5e97(\u6df1\u5733\u516b\u5366\u5cad\u5730\u94c1\u7ad9\u5e97)", "order_time": ["2019-01-10 02:45:45"], "total_order": 1, "hotel_value": ["4.5"], "hotel_price": ["215"]}, "1519714": {"hotel_name": "\u6df1\u5733\u76db\u6377\u541b\u4e34\u5929\u4e0b\u670d\u52a1\u516c\u5bd3", "order_time": ["2019-01-10 02:45:46"], "total_order": 1, "hotel_value": ["4.6"], "hotel_price": ["823"]}, "1603184": {"hotel_name": "\u777f\u58eb\u683c\u8c03\u9152\u5e97(\u6df1\u5733\u6e05\u6e56\u5730\u94c1\u7ad9\u5e97)(\u539f\u8f69\u83b1\u65af\u9152\u5e97)", "order_time": ["2019-01-10 02:45:49"], "total_order": 1, "hotel_value": ["4.5"], "hotel_price": ["148"]}, "428358": {"hotel_name": "\u6df1\u5733\u4e94\u6d32\u5bbe\u9986", "order_time": ["2019-01-10 02:45:51"], "total_order": 1, "hotel_value": ["4.6"], "hotel_price": ["829"]}, "512596": {"hotel_name": "\u6df1\u5733\u661f\u96c5\u8f69\u9152\u5e97", "order_time": ["2019-01-10 02:45:54"], "total_order": 1, "hotel_value": ["4.5"], "hotel_price": ["296"]}, "807370": {"hotel_name": "\u91d1\u4fa8\u5bbe\u9986(\u6df1\u5733\u9f99\u534e\u5e97)", "order_time": ["2019-01-10 02:57:53", "2019-01-10 02:46:07"], "total_order": 2, "hotel_value": ["3.8", "3.8"], "hotel_price": ["143", "143"]}, "6044419": {"hotel_name": "\u7ef4\u4e5f\u7eb3\u56fd\u9645\u9152\u5e97(\u6df1\u5733\u5e03\u5409\u5927\u82ac\u5e97)", "order_time": ["2019-01-10 02:47:15"], "total_order": 1, "hotel_value": ["4.8"], "hotel_price": ["279"]}, "6817459": {"hotel_name": "\u7ef4\u4e5f\u7eb3\u56fd\u9645\u9152\u5e97(\u6df1\u5733\u673a\u573a\u822a\u57ce\u5e97)", "order_time": ["2019-01-10 02:47:44"], "total_order": 1, "hotel_value": ["4.8"], "hotel_price": ["256"]}, "536403": {"hotel_name": "\u6df1\u5733\u65b0\u65f6\u4ee3\u9152\u5e97", "order_time": ["2019-01-10 02:47:49", "2019-01-10 03:20:02"], "total_order": 2, "hotel_value": ["4.3", "4.3"], "hotel_price": ["350", "350"]}, "916777": {"hotel_name": "\u7ef4\u4e5f\u7eb3\u9152\u5e97(\u6df1\u5733\u534e\u4e4b\u6c99\u5e97)", "order_time": ["2019-01-10 03:39:46", "2019-01-10 02:47:55"], "total_order": 2, "hotel_value": ["4.7", "4.7"], "hotel_price": ["322", "322"]}, "1424579": {"hotel_name": "\u7f18\u5206\u7cbe\u54c1\u9152\u5e97(\u6df1\u5733\u6885\u6797\u5e97)(\u539f\u7d22\u7279\u6765\u7f18\u5206\u7cbe\u54c1\u9152\u5e97)", "order_time": ["2019-01-10 02:47:58"], "total_order": 1, "hotel_value": ["4.3"], "hotel_price": ["228"]}, "5860925": {"hotel_name": "\u6df1\u5733\u6ee8\u6cb3\u65f6\u4ee3\u4e9a\u6735S\u9152\u5e97", "order_time": ["2019-01-10 02:57:41", "2019-01-10 02:48:05"], "total_order": 2, "hotel_value": ["4.8", "4.8"], "hotel_price": ["1075", "1075"]}, "535483": {"hotel_name": "\u7f8e\u8c6a\u4e3d\u81f4\u9152\u5e97(\u6df1\u5733\u798f\u7530\u4f1a\u5c55\u4e2d\u5fc3\u5e97)", "order_time": ["2019-01-10 02:48:05"], "total_order": 1, "hotel_value": ["4.6"], "hotel_price": ["1060"]}, "3667172": {"hotel_name": "\u7d22\u7279\u6765\u521b\u610f\u9152\u5e97(\u6df1\u5733\u5317\u7ad9\u7f18\u5206\u5e97)", "order_time": ["2019-01-10 02:48:06"], "total_order": 1, "hotel_value": ["4.3"], "hotel_price": ["345"]}, "12072501": {"hotel_name": "\u57ce\u5bb6\u7cbe\u9009\u516c\u5bd3\uff08\u6df1\u5733\u4f1a\u5c55\u4e2d\u5fc3\u5e97\uff09", "order_time": ["2019-01-10 02:49:47"], "total_order": 1, "hotel_value": ["4.4"], "hotel_price": ["337"]}, "806330": {"hotel_name": "\u6df1\u5927\u5546\u52a1\u9152\u5e97(\u6df1\u5733\u79d1\u6280\u56ed\u5e97)", "order_time": ["2019-01-10 02:49:53"], "total_order": 1, "hotel_value": ["4.0"], "hotel_price": ["150"]}, "483164": {"hotel_name": "\u7ef4\u4e5f\u7eb3\u9152\u5e97(\u6df1\u5733\u798f\u534e\u5e97)", "order_time": ["2019-01-10 03:05:47", "2019-01-10 02:49:55"], "total_order": 2, "hotel_value": ["4.7", "4.7"], "hotel_price": ["337", "337"]}, "2881593": {"hotel_name": "\u9526\u6c5f\u4e4b\u661f\u54c1\u5c1a(\u6df1\u5733\u7687\u5c97\u53e3\u5cb8\u7687\u57ce\u5e7f\u573a\u5e97)", "order_time": ["2019-01-10 02:49:58"], "total_order": 1, "hotel_value": ["4.4"], "hotel_price": ["250"]}, "448324": {"hotel_name": "\u987a\u9038\u4e1c\u65b9\u9152\u5e97(\u6df1\u5733\u9f99\u534e\u5927\u6d6a\u5e97)", "order_time": ["2019-01-10 02:49:59", "2019-01-10 02:57:49"], "total_order": 2, "hotel_value": ["4.7", "4.7"], "hotel_price": ["208", "208"]}, "7588938": {"hotel_name": "\u58f9\u822a\u9152\u5e97(\u6df1\u5733\u673a\u573a\u5e97)", "order_time": ["2019-01-10 02:51:46"], "total_order": 1, "hotel_value": ["4.5"], "hotel_price": ["268"]}, "428306": {"hotel_name": "\u6df1\u5733\u5408\u6cf0\u7cbe\u54c1\u9152\u5e97", "order_time": ["2019-01-10 02:51:52"], "total_order": 1, "hotel_value": ["4.7"], "hotel_price": ["189"]}, "879029": {"hotel_name": "\u6df1\u5733\u65b0\u5927\u6d32\u9152\u5e97", "order_time": ["2019-01-10 02:51:53", "2019-01-10 03:03:49"], "total_order": 2, "hotel_value": ["4.3", "4.3"], "hotel_price": ["306", "306"]}, "28680537": {"hotel_name": "\u9e97\u67ab\u9152\u5e97(\u6df1\u5733\u897f\u4e3d\u5730\u94c1\u7ad9\u5e97)", "order_time": ["2019-01-10 02:51:54"], "total_order": 1, "hotel_value": [0], "hotel_price": ["293"]}, "5718832": {"hotel_name": "Q\u52a0\u00b7\u6df1\u5733\u5317\u4eac\u516c\u5bd3", "order_time": ["2019-01-10 02:51:57"], "total_order": 1, "hotel_value": ["4.4"], "hotel_price": ["238"]}, "23971572": {"hotel_name": "\u7ef4\u4e5f\u7eb3\u56fd\u9645\u9152\u5e97(\u6df1\u5733\u89c2\u6f9c\u9f99\u6f9c\u5927\u9053\u831c\u5751\u5e97)", "order_time": ["2019-01-10 02:51:58", "2019-01-10 03:33:45"], "total_order": 2, "hotel_value": ["4.8", "4.8"], "hotel_price": ["197", "197"]}, "535597": {"hotel_name": "\u6df1\u5733\u5b9d\u6656\u5546\u52a1\u9152\u5e97", "order_time": ["2019-01-10 02:52:03"], "total_order": 1, "hotel_value": ["4.5"], "hotel_price": ["388"]}, "2107803": {"hotel_name": "\u5361\u745e\u767b\u9152\u5e97(\u6df1\u5733\u6c11\u5eb7\u5e97)", "order_time": ["2019-01-10 02:52:03"], "total_order": 1, "hotel_value": ["4.3"], "hotel_price": ["199"]}, "1599820": {"hotel_name": "\u83f2\u5c14\u7cbe\u54c1\u9152\u5e97(\u6df1\u5733\u6c99\u4e95\u5730\u94c1\u7ad9\u5e97)", "order_time": ["2019-01-10 02:57:57", "2019-01-10 02:52:05"], "total_order": 2, "hotel_value": ["4.2", "4.2"], "hotel_price": ["159", "159"]}, "1593220": {"hotel_name": "\u4e00\u8a93\u73ab\u7470\u60c5\u4fa3\u4e3b\u9898\u9152\u5e97(\u6df1\u5733\u5efa\u5b89\u5e97)", "order_time": ["2019-01-10 02:52:06"], "total_order": 1, "hotel_value": ["4.5"], "hotel_price": ["164"]}, "8656329": {"hotel_name": "\u6df1\u5733\u5e02\u7d22\u83f2\u7f57\u5170\u7cbe\u54c1\u9152\u5e97", "order_time": ["2019-01-10 02:52:13"], "total_order": 1, "hotel_value": ["3.8"], "hotel_price": ["159"]}, "8565765": {"hotel_name": "\u6df1\u5733\u57ce\u5e02\u7cbe\u54c1\u9152\u5e97\u677e\u5c97\u5e97", "order_time": ["2019-01-10 02:52:13"], "total_order": 1, "hotel_value": ["4.4"], "hotel_price": ["84"]}, "993653": {"hotel_name": "\u5982\u5bb6\u5feb\u6377\u9152\u5e97(\u6df1\u5733\u534e\u5f3a\u5317\u5e97)", "order_time": ["2019-01-10 02:53:41"], "total_order": 1, "hotel_value": ["4.3"], "hotel_price": ["171"]}, "1436676": {"hotel_name": "\u6df1\u5733\u52a0\u6765\u9152\u5e97", "order_time": ["2019-01-10 02:53:42", "2019-01-10 03:03:52"], "total_order": 2, "hotel_value": ["4.2", "4.2"], "hotel_price": ["282", "282"]}, "898136": {"hotel_name": "\u6df1\u5733\u592a\u9633\u5c9b\u5047\u65e5\u9152\u5e97", "order_time": ["2019-01-10 02:53:44"], "total_order": 1, "hotel_value": ["4.4"], "hotel_price": ["207"]}, "1842621": {"hotel_name": "\u6df1\u5733\u83f2\u9152\u5e97", "order_time": ["2019-01-10 02:53:44"], "total_order": 1, "hotel_value": ["4.7"], "hotel_price": ["181"]}, "5695686": {"hotel_name": "\u6df1\u5733\u534e\u4e30\u5feb\u6377\u9152\u5e97", "order_time": ["2019-01-10 02:53:45"], "total_order": 1, "hotel_value": ["3.9"], "hotel_price": ["111"]}, "2239012": {"hotel_name": "\u6df1\u5733\u5b8f\u660c\u5546\u52a1\u9152\u5e97", "order_time": ["2019-01-10 02:53:48"], "total_order": 1, "hotel_value": ["4.3"], "hotel_price": ["187"]}, "979339": {"hotel_name": "\u7ef4\u4e5f\u7eb3\u9152\u5e97(\u6df1\u5733\u6a2a\u5c97\u65b0\u57ce\u5e97)", "order_time": ["2019-01-10 02:53:48"], "total_order": 1, "hotel_value": ["4.8"], "hotel_price": ["269"]}, "8345093": {"hotel_name": "\u6df1\u5733\u6995\u9152\u5e97", "order_time": ["2019-01-10 02:53:51"], "total_order": 1, "hotel_value": ["4.6"], "hotel_price": ["289"]}, "1740980": {"hotel_name": "\u7ef4\u4e5f\u7eb3\u56fd\u9645\u9152\u5e97(\u6df1\u5733\u677e\u5c97\u5730\u94c1\u7ad9\u5e97)", "order_time": ["2019-01-10 02:53:58"], "total_order": 1, "hotel_value": ["4.9"], "hotel_price": ["253"]}, "1598808": {"hotel_name": "\u6df1\u5733\u9e4f\u4e30\u5546\u52a1\u9152\u5e97", "order_time": ["2019-01-10 02:53:59"], "total_order": 1, "hotel_value": ["3.8"], "hotel_price": ["108"]}, "4646582": {"hotel_name": "\u6df1\u5733\u661f\u9645\u5e7b\u57ce\u592a\u7a7a\u8231\u9152\u5e97", "order_time": ["2019-01-10 02:54:05"], "total_order": 1, "hotel_value": ["4.4"], "hotel_price": ["53"]}, "2998626": {"hotel_name": "\u6df1\u5733\u56fd\u65c5\u9752\u5e74\u65c5\u820d", "order_time": ["2019-01-10 02:54:14"], "total_order": 1, "hotel_value": ["4.4"], "hotel_price": ["75"]}, "1380744": {"hotel_name": "\u6df1\u5733\u9999\u6a1f\u5546\u52a1\u9152\u5e97", "order_time": ["2019-01-10 02:55:44"], "total_order": 1, "hotel_value": ["4.1"], "hotel_price": ["296"]}, "426172": {"hotel_name": "\u6df1\u5733999\u4e39\u67ab\u767d\u9732\u9152\u5e97", "order_time": ["2019-01-10 02:55:48"], "total_order": 1, "hotel_value": ["4.5"], "hotel_price": ["462"]}, "1596449": {"hotel_name": "\u946b\u8302\u82b1\u56ed\u9152\u5e97(\u6df1\u5733\u5317\u7ad9\u5e97)", "order_time": ["2019-01-10 02:55:52"], "total_order": 1, "hotel_value": ["4.5"], "hotel_price": ["325"]}, "7008877": {"hotel_name": "\u6df1\u5733\u624b\u62c9\u624b\u604b\u4eba\u4e3b\u9898\u9152\u5e97", "order_time": ["2019-01-10 02:55:55"], "total_order": 1, "hotel_value": ["4.4"], "hotel_price": ["232"]}, "1314778": {"hotel_name": "\u5c1a\u5ba2\u4f18\u5feb\u6377\u9152\u5e97(\u6df1\u5733\u5b9d\u5b89\u798f\u6c38\u6c7d\u8f66\u7ad9\u5e97)", "order_time": ["2019-01-10 02:56:06"], "total_order": 1, "hotel_value": ["4.0"], "hotel_price": ["94"]}, "4603630": {"hotel_name": "\u6df1\u5733\u96c5\u4e30\u56ed\u5546\u52a1\u9152\u5e97", "order_time": ["2019-01-10 02:56:28"], "total_order": 1, "hotel_value": ["4.1"], "hotel_price": ["138"]}, "8003245": {"hotel_name": "\u7f8e\u8c6a\u9152\u5e97(\u6df1\u5733\u7f57\u6e56\u5927\u5267\u9662\u4e07\u8c61\u57ce\u5e97)", "order_time": ["2019-01-10 02:57:41"], "total_order": 1, "hotel_value": ["4.5"], "hotel_price": ["366"]}, "2531734": {"hotel_name": "\u543e\u9047\u7cbe\u54c1\u9152\u5e97(\u6df1\u5733\u5317\u7ad9\u58f9\u57ce\u4e2d\u5fc3\u5e97)", "order_time": ["2019-01-10 02:57:43"], "total_order": 1, "hotel_value": ["4.7"], "hotel_price": ["194"]}, "6477598": {"hotel_name": "\u6df1\u5733\u4e07\u798f\u4e16\u7eaa\u9152\u5e97", "order_time": ["2019-01-10 02:57:49"], "total_order": 1, "hotel_value": ["4.4"], "hotel_price": ["187"]}, "27945351": {"hotel_name": "\u9e97\u67ab\u9152\u5e97(\u6df1\u5733\u5317\u7ad9\u9f99\u534e\u6c7d\u8f66\u7ad9\u5e97)", "order_time": ["2019-01-10 02:57:52"], "total_order": 1, "hotel_value": [0], "hotel_price": ["231"]}, "535988": {"hotel_name": "\u7ef4\u4e5f\u7eb3\u9152\u5e97(\u6df1\u5733\u6c11\u6cbb\u5e97)", "order_time": ["2019-01-10 02:58:06"], "total_order": 1, "hotel_value": ["4.8"], "hotel_price": ["356"]}, "1199422": {"hotel_name": "\u6df1\u5733\u5f18\u90fd\u9152\u5e97", "order_time": ["2019-01-10 02:59:40"], "total_order": 1, "hotel_value": ["4.4"], "hotel_price": ["470"]}, "435403": {"hotel_name": "\u6df1\u5733\u798f\u6865\u5927\u9152\u5e97", "order_time": ["2019-01-10 03:13:41", "2019-01-10 02:59:43"], "total_order": 2, "hotel_value": ["4.3", "4.3"], "hotel_price": ["173", "173"]}, "1413498": {"hotel_name": "\u5361\u745e\u767b\u9152\u5e97(\u6df1\u5733\u5317\u7ad9\u5e97)", "order_time": ["2019-01-10 02:59:44", "2019-01-10 03:19:42"], "total_order": 2, "hotel_value": ["4.2", "4.2"], "hotel_price": ["328", "328"]}, "833656": {"hotel_name": "\u5174\u9f99\u817e\u5bbe\u9986(\u6df1\u5733\u5317\u7ad9\u5e97)(\u539f\u9f99\u817e\u5bbe\u9986)", "order_time": ["2019-01-10 02:59:56"], "total_order": 1, "hotel_value": ["4.0"], "hotel_price": ["133"]}, "1980726": {"hotel_name": "\u6df1\u5733\u683c\u4f26\u7f8e\u516c\u5bd3\u8fde\u9501\u9152\u5e97", "order_time": ["2019-01-10 02:59:59", "2019-01-10 03:19:59"], "total_order": 2, "hotel_value": ["3.4", "3.4"], "hotel_price": ["121", "121"]}, "5250074": {"hotel_name": "\u6df1\u5733\u6c38\u5b9c\u9152\u5e97\u5317\u7ad9\u5e97", "order_time": ["2019-01-10 03:00:00"], "total_order": 1, "hotel_value": ["4.5"], "hotel_price": ["142"]}, "6067471": {"hotel_name": "\u6df1\u5733\u5929\u5929\u5f71\u9662\u9152\u5e97", "order_time": ["2019-01-10 03:00:04"], "total_order": 1, "hotel_value": ["4.2"], "hotel_price": ["102"]}, "21135878": {"hotel_name": "\u6df1\u5733\u77f3\u9f99\u5feb\u6377\u9152\u5e97", "order_time": ["2019-01-10 03:00:07"], "total_order": 1, "hotel_value": ["4.6"], "hotel_price": ["112"]}, "347431": {"hotel_name": "\u6df1\u5733\u745e\u5409\u9152\u5e97", "order_time": ["2019-01-10 03:01:45"], "total_order": 1, "hotel_value": ["4.7"], "hotel_price": ["1976"]}, "481232": {"hotel_name": "\u6df1\u5733\u6b22\u4e50\u6d77\u5cb8\u4e07\u8c6a\u884c\u653f\u516c\u5bd3", "order_time": ["2019-01-10 03:01:50"], "total_order": 1, "hotel_value": ["4.7"], "hotel_price": ["1431"]}, "1742723": {"hotel_name": "\u5a49\u5c45\u9152\u5e97\u516c\u5bd3(\u6df1\u5733\u5317\u7ad9coco city\u5e97)", "order_time": ["2019-01-10 03:01:52"], "total_order": 1, "hotel_value": ["4.3"], "hotel_price": ["269"]}, "1273818": {"hotel_name": "\u7ef4\u4e5f\u7eb33\u597d\u9152\u5e97(\u6df1\u5733\u6c99\u5634\u5e97)(\u539f\u541b\u8c6a\u76db\u4e16\u5546\u52a1\u5bbe\u9986)", "order_time": ["2019-01-10 03:01:55"], "total_order": 1, "hotel_value": ["4.7"], "hotel_price": ["289"]}, "965152": {"hotel_name": "\u7d22\u83f2\u7f57\u5170\u9152\u5e97(\u6df1\u5733\u534e\u5f3a\u5317\u5e97)", "order_time": ["2019-01-10 03:01:55"], "total_order": 1, "hotel_value": ["3.8"], "hotel_price": ["128"]}, "5998420": {"hotel_name": "\u8036\u59c6\u5546\u52a1\u516c\u5bd3(\u6df1\u5733ONE39\u4e1c\u95e8\u5e97)(\u539f\u6df1\u6e2f\u5546\u52a1\u516c\u5bd3)", "order_time": ["2019-01-10 03:01:57"], "total_order": 1, "hotel_value": ["4.6"], "hotel_price": ["284"]}, "7069292": {"hotel_name": "eeHome\u9152\u5e97\u516c\u5bd3(\u6df1\u5733\u534e\u4e3a\u57fa\u5730\u5e97)", "order_time": ["2019-01-10 03:02:08"], "total_order": 1, "hotel_value": ["4.8"], "hotel_price": ["247"]}, "3264038": {"hotel_name": "\u540e\u5703\u9152\u5e97\u5f0f\u77ed\u79df\u516c\u5bd3(\u6df1\u5733\u5357\u5c71\u5357\u6cb9\u65b0\u4e00\u4ee3\u5e97)", "order_time": ["2019-01-10 03:02:12"], "total_order": 1, "hotel_value": ["4.5"], "hotel_price": ["245"]}, "9125335": {"hotel_name": "\u7231\u7434\u6d77\u827a\u672f\u9152\u5e97(\u6df1\u5733\u4f1a\u5c55\u4e2d\u5fc3\u5e97)", "order_time": ["2019-01-10 03:03:47"], "total_order": 1, "hotel_value": ["4.5"], "hotel_price": ["433"]}, "1597816": {"hotel_name": "\u516b\u65b9\u7cbe\u54c1\u9152\u5e97(\u6df1\u5733\u897f\u4e3d\u5e97)", "order_time": ["2019-01-10 03:03:57"], "total_order": 1, "hotel_value": ["4.2"], "hotel_price": ["141"]}, "984949": {"hotel_name": "\u6df1\u5733\u6ce2\u5c14\u591a\u56fd\u9645\u9152\u5e97", "order_time": ["2019-01-10 03:03:58"], "total_order": 1, "hotel_value": ["4.2"], "hotel_price": ["170"]}, "19811797": {"hotel_name": "\u6df1\u5733\u56db\u5b63\u661f\u9152\u5e97", "order_time": ["2019-01-10 03:04:00"], "total_order": 1, "hotel_value": ["4.7"], "hotel_price": ["112"]}, "23468806": {"hotel_name": "\u6df1\u5733\u96c5\u597d\u7cbe\u9009\u9152\u5e97(\u539f\u6b63\u534e\u7cbe\u54c1\u9152\u5e97)", "order_time": ["2019-01-10 03:04:00"], "total_order": 1, "hotel_value": ["4.8"], "hotel_price": ["134"]}, "345032": {"hotel_name": "\u6df1\u5733\u9999\u683c\u91cc\u62c9\u5927\u9152\u5e97", "order_time": ["2019-01-10 03:05:44"], "total_order": 1, "hotel_value": ["4.4"], "hotel_price": ["1026"]}, "3442180": {"hotel_name": "\u6df1\u5733\u7c73\u5170\u5609\u987f\u9152\u5e97", "order_time": ["2019-01-10 03:05:50"], "total_order": 1, "hotel_value": ["4.5"], "hotel_price": ["299"]}, "2322673": {"hotel_name": "\u6df1\u5733\u6c34\u6676\u604b\u7cbe\u54c1\u9152\u5e97(\u539f\u6df1\u5733\u82b3\u90fd\u5546\u52a1\u9152\u5e97)", "order_time": ["2019-01-10 03:05:55"], "total_order": 1, "hotel_value": ["3.9"], "hotel_price": ["234"]}, "481309": {"hotel_name": "\u57ce\u5e02\u4fbf\u6377\u9152\u5e97(\u6df1\u5733\u6e2f\u9686\u57ce\u5e97)", "order_time": ["2019-01-10 03:05:57"], "total_order": 1, "hotel_value": ["4.4"], "hotel_price": ["199"]}, "5999875": {"hotel_name": "\u6df1\u5733\u5c0f\u4e94\u661f\u9152\u5e97", "order_time": ["2019-01-10 03:05:59"], "total_order": 1, "hotel_value": ["4.5"], "hotel_price": ["159"]}, "4834541": {"hotel_name": "\u6df1\u5733\u82f1\u5170\u9152\u5e97", "order_time": ["2019-01-10 03:06:00", "2019-01-10 03:37:56"], "total_order": 2, "hotel_value": ["4.5", "4.5"], "hotel_price": ["133", "133"]}, "6249811": {"hotel_name": "\u6c49\u6c38\u9152\u5e97(\u6df1\u5733\u4e07\u798f\u697c\u5e97)", "order_time": ["2019-01-10 03:07:41"], "total_order": 1, "hotel_value": ["4.6"], "hotel_price": ["162"]}, "1433302": {"hotel_name": "\u79a7\u7a0b\u9152\u5e97(\u6df1\u5733\u5357\u5c71\u540e\u6d77\u5e97)", "order_time": ["2019-01-10 03:07:46"], "total_order": 1, "hotel_value": ["4.4"], "hotel_price": ["299"]}, "1011667": {"hotel_name": "\u80dc\u9ad8\u9152\u5e97(\u6df1\u5733\u5e03\u5409\u5e97)", "order_time": ["2019-01-10 03:07:53"], "total_order": 1, "hotel_value": ["4.5"], "hotel_price": ["143"]}, "11653610": {"hotel_name": "\u7ef4\u4e5f\u7eb3\u9152\u5e97(\u6df1\u5733\u89c2\u6f9c\u4eba\u6c11\u8def\u548c\u5e73\u5e97)", "order_time": ["2019-01-10 03:07:55"], "total_order": 1, "hotel_value": ["4.7"], "hotel_price": ["229"]}, "802698": {"hotel_name": "\u534e\u91cc\u7cbe\u54c1\u9152\u5e97(\u6df1\u5733\u534e\u4fa8\u57ce\u5e97)", "order_time": ["2019-01-10 03:07:57"], "total_order": 1, "hotel_value": ["4.4"], "hotel_price": ["417"]}, "717888": {"hotel_name": "\u6df1\u5733\u4e09\u8054\u5927\u9152\u5e97", "order_time": ["2019-01-10 03:07:57"], "total_order": 1, "hotel_value": ["4.5"], "hotel_price": ["228"]}, "10900883": {"hotel_name": "\u6df1\u5733\u60a6\u6797\u9152\u5e97", "order_time": ["2019-01-10 03:07:57"], "total_order": 1, "hotel_value": ["4.6"], "hotel_price": ["409"]}, "968299": {"hotel_name": "\u6df1\u5733\u4f73\u8c6a\u7cbe\u54c1\u5f71\u9662\u9152\u5e97", "order_time": ["2019-01-10 03:07:57"], "total_order": 1, "hotel_value": ["4.5"], "hotel_price": ["175"]}, "1596910": {"hotel_name": "\u94f6\u901a\u82b1\u56ed\u9152\u5e97(\u6df1\u6c99\u4e95\u5730\u94c1\u7ad9\u5e97)", "order_time": ["2019-01-10 03:07:57"], "total_order": 1, "hotel_value": ["4.5"], "hotel_price": ["163"]}, "5467682": {"hotel_name": "\u7ef4\u4e5f\u7eb3\u56fd\u9645\u9152\u5e97(\u6df1\u5733\u9f99\u5c97\u5929\u5b89\u6570\u7801\u57ce\u5e97)", "order_time": ["2019-01-10 03:07:57"], "total_order": 1, "hotel_value": ["4.8"], "hotel_price": ["306"]}, "8565961": {"hotel_name": "\u767b\u5df4\u5ba2\u6808(\u6df1\u5733\u4f1a\u5c55\u4e2d\u5fc3\u5e97)", "order_time": ["2019-01-10 03:07:57"], "total_order": 1, "hotel_value": ["4.5"], "hotel_price": ["58"]}, "7493664": {"hotel_name": "\u6df1\u5733D House\u56fd\u9645\u670d\u52a1\u516c\u5bd3", "order_time": ["2019-01-10 03:07:57"], "total_order": 1, "hotel_value": ["4.4"], "hotel_price": ["490"]}, "474480": {"hotel_name": "\u5361\u7f57\u7cbe\u54c1\u9152\u5e97(\u6df1\u5733\u4e1c\u95e8\u5e97)", "order_time": ["2019-01-10 03:07:57"], "total_order": 1, "hotel_value": ["4.4"], "hotel_price": ["166"]}, "13319557": {"hotel_name": "\u871c\u9014\u9152\u5e97\u516c\u5bd3(\u6df1\u5733\u4e16\u754c\u4e4b\u7a97\u5e97)", "order_time": ["2019-01-10 03:07:57"], "total_order": 1, "hotel_value": ["4.4"], "hotel_price": ["301"]}, "17496357": {"hotel_name": "\u7ef4\u4e5f\u7eb3\u56fd\u9645\u9152\u5e97(\u6df1\u5733\u89c2\u6f9c\u5927\u9053\u5e97)", "order_time": ["2019-01-10 03:07:57"], "total_order": 1, "hotel_value": ["4.8"], "hotel_price": ["259"]}, "635259": {"hotel_name": "\u6df1\u5733\u7c73\u6b27\u4f2f\u7235\u9152\u5e97", "order_time": ["2019-01-10 03:07:57"], "total_order": 1, "hotel_value": ["4.2"], "hotel_price": ["254"]}, "17532580": {"hotel_name": "\u6df1\u6e2f\u884c\u653f\u516c\u5bd3(\u6df1\u5733\u4e07\u79d1\u4e91\u57ce\u5e97)", "order_time": ["2019-01-10 03:07:57"], "total_order": 1, "hotel_value": ["4.6"], "hotel_price": ["478"]}, "3443725": {"hotel_name": "\u6df1\u5733\u4ec1\u5584\u6052\u9152\u5e97", "order_time": ["2019-01-10 03:07:57"], "total_order": 1, "hotel_value": ["4.4"], "hotel_price": ["249"]}, "1721205": {"hotel_name": "\u6df1\u5733\u7ec5\u58eb\u9152\u5e97", "order_time": ["2019-01-10 03:07:57"], "total_order": 1, "hotel_value": ["4.4"], "hotel_price": ["239"]}, "440122": {"hotel_name": "\u7ca4\u4f73\u5546\u52a1\u9152\u5e97(\u6df1\u5733\u7f57\u6e56\u53e3\u5cb8\u5e97)", "order_time": ["2019-01-10 03:07:57"], "total_order": 1, "hotel_value": ["4.3"], "hotel_price": ["168"]}, "458602": {"hotel_name": "\u6df1\u5733\u5927\u6885\u6c99\u82ad\u5824\u96c5\u9152\u5e97", "order_time": ["2019-01-10 03:07:57"], "total_order": 1, "hotel_value": ["4.2"], "hotel_price": ["356"]}, "446486": {"hotel_name": "\u7ef4\u4e5f\u7eb3\u9152\u5e97(\u6df1\u5733\u94f6\u6e56\u5730\u94c1\u7ad9\u5e97)", "order_time": ["2019-01-10 03:07:57"], "total_order": 1, "hotel_value": ["4.7"], "hotel_price": ["238"]}, "2883194": {"hotel_name": "\u5929\u9e45\u604b\u60c5\u4fa3\u4e3b\u9898\u9152\u5e97(\u6df1\u5733\u7f57\u6e56\u5e97)", "order_time": ["2019-01-10 03:07:57"], "total_order": 1, "hotel_value": ["4.3"], "hotel_price": ["253"]}, "1273018": {"hotel_name": "\u6df1\u5733\u5b9d\u7acb\u65b9\u56fd\u9645\u9152\u5e97", "order_time": ["2019-01-10 03:07:57"], "total_order": 1, "hotel_value": ["4.6"], "hotel_price": ["526"]}, "1524901": {"hotel_name": "\u9886\u822a\u7cbe\u54c1\u9152\u5e97(\u6df1\u5733\u5b9d\u5b89\u56fd\u9645\u673a\u573aT3\u822a\u7ad9\u697c\u5e97)", "order_time": ["2019-01-10 03:07:57"], "total_order": 1, "hotel_value": ["4.3"], "hotel_price": ["176"]}, "7069513": {"hotel_name": "\u5168\u5b63\u9152\u5e97(\u6df1\u5733\u5b9d\u5b89\u673a\u573a\u798f\u6c38\u5e97)", "order_time": ["2019-01-10 03:07:57"], "total_order": 1, "hotel_value": ["4.6"], "hotel_price": ["275"]}, "6314214": {"hotel_name": "\u4f73\u5146\u4e1a\u53ef\u57df\u7cbe\u9009\u9152\u5e97(\u6df1\u5733\u5927\u9e4f\u5e97)", "order_time": ["2019-01-10 03:07:57"], "total_order": 1, "hotel_value": ["4.6"], "hotel_price": ["357"]}, "661443": {"hotel_name": "\u6df1\u5733\u4e1c\u65b9\u534a\u5c71\u9152\u5e97", "order_time": ["2019-01-10 03:07:58"], "total_order": 1, "hotel_value": ["4.3"], "hotel_price": ["298"]}, "3727130": {"hotel_name": "Q\u52a0\u00b7\u6c47\u5bb6\u516c\u5bd3(\u6df1\u5733\u4e16\u754c\u4e4b\u7a97\u5e97)", "order_time": ["2019-01-10 03:07:58"], "total_order": 1, "hotel_value": ["4.3"], "hotel_price": ["321"]}, "5148006": {"hotel_name": "\u604b\u5bb6\u9152\u5e97\u516c\u5bd3(\u6df1\u5733\u5927\u51b2\u65b0\u57ce\u82b1\u56ed\u5e97)", "order_time": ["2019-01-10 03:08:01"], "total_order": 1, "hotel_value": ["4.3"], "hotel_price": ["305"]}, "435400": {"hotel_name": "\u6df1\u5733\u534e\u5f3a\u5317\u534e\u9706\u9152\u5e97(\u539f\u534e\u9706\u9152\u5e97)", "order_time": ["2019-01-10 03:08:06"], "total_order": 1, "hotel_value": ["4.4"], "hotel_price": ["346"]}, "452674": {"hotel_name": "\u6df1\u5733\u5546\u65c5\u65f6\u5c1a\u9152\u5e97", "order_time": ["2019-01-10 03:09:40"], "total_order": 1, "hotel_value": ["3.9"], "hotel_price": ["289"]}, "1596962": {"hotel_name": "\u6c49\u5ead\u9152\u5e97(\u6df1\u5733\u7687\u5c97\u53e3\u5cb8\u5e97)", "order_time": ["2019-01-10 03:09:44"], "total_order": 1, "hotel_value": ["4.2"], "hotel_price": ["284"]}, "997850": {"hotel_name": "\u5170\u5ef7\u9152\u5e97(\u6df1\u5733\u5317\u7ad9\u5e97)", "order_time": ["2019-01-10 03:09:50"], "total_order": 1, "hotel_value": ["4.1"], "hotel_price": ["311"]}, "448940": {"hotel_name": "\u6df1\u5733\u6e7e\u79d1\u6280\u56ed\u4e2d\u5357\u6d77\u6ee8\u5927\u9152\u5e97", "order_time": ["2019-01-10 03:25:49", "2019-01-10 03:09:50"], "total_order": 2, "hotel_value": ["4.0", "4.0"], "hotel_price": ["368", "368"]}, "718245": {"hotel_name": "\u516d\u661f\u6c7d\u8f66\u5bbe\u9986(\u6df1\u5733\u9f99\u5c97\u4e2d\u5fc3\u57ce\u5e97)", "order_time": ["2019-01-10 03:09:52"], "total_order": 1, "hotel_value": ["4.1"], "hotel_price": ["252"]}, "481470": {"hotel_name": "\u6df1\u5733\u4e50\u5b89\u5c45\u56fd\u9645\u9152\u5e97", "order_time": ["2019-01-10 03:10:04"], "total_order": 1, "hotel_value": ["4.3"], "hotel_price": ["432"]}, "1597898": {"hotel_name": "\u6df1\u5733\u4e50\u5c45\u5bb6\u9152\u5e97", "order_time": ["2019-01-10 03:10:08"], "total_order": 1, "hotel_value": ["4.0"], "hotel_price": ["167"]}, "926481": {"hotel_name": "\u6df1\u5733\u6797\u80af\u5609\u5e74\u534e\u9152\u5e97", "order_time": ["2019-01-10 03:11:47"], "total_order": 1, "hotel_value": ["4.5"], "hotel_price": ["218"]}, "467292": {"hotel_name": "\u6df1\u5733\u6c34\u90fd\u5047\u65e5\u9152\u5e97", "order_time": ["2019-01-10 03:11:50"], "total_order": 1, "hotel_value": ["4.4"], "hotel_price": ["656"]}, "2941968": {"hotel_name": "7\u5929\u8fde\u9501\u9152\u5e97(\u6df1\u5733\u673a\u573a\u540e\u745e\u5730\u94c1\u7ad9\u5e97)", "order_time": ["2019-01-10 03:11:52"], "total_order": 1, "hotel_value": ["4.4"], "hotel_price": ["139"]}, "4651958": {"hotel_name": "\u6df1\u5733\u5929\u7a7a\u4e4b\u57ce\u9152\u5e97", "order_time": ["2019-01-10 03:12:09"], "total_order": 1, "hotel_value": ["3.8"], "hotel_price": ["136"]}, "1952191": {"hotel_name": "\u5357\u56fd\u5bbe\u9986(\u6df1\u5733\u798f\u6c11\u5730\u94c1\u7ad9\u603b\u5e97)(\u539f\u4f1a\u5c55\u4e2d\u5fc3\u5e97)", "order_time": ["2019-01-10 03:13:44"], "total_order": 1, "hotel_value": ["4.0"], "hotel_price": ["218"]}, "715578": {"hotel_name": "\u6df1\u6e2f\u9152\u5e97\u516c\u5bd3(\u6df1\u5733\u4f1a\u5c55\u4e2d\u5fc3\u5e97)", "order_time": ["2019-01-10 03:13:56"], "total_order": 1, "hotel_value": ["4.3"], "hotel_price": ["338"]}, "5378762": {"hotel_name": "\u6df1\u5733\u9ad8\u6807\u62db\u5f85\u6240", "order_time": ["2019-01-10 03:14:03"], "total_order": 1, "hotel_value": ["4.1"], "hotel_price": ["115"]}, "428285": {"hotel_name": "\u6df1\u5733\u9996\u822a\u5bb6\u56ed\u9152\u5e97", "order_time": ["2019-01-10 03:15:43"], "total_order": 1, "hotel_value": ["4.3"], "hotel_price": ["135"]}, "6805502": {"hotel_name": "\u597d\u4f18\u5ba2\u9152\u5e97(\u6df1\u5733\u576a\u5c71\u6bd4\u4e9a\u8fea\u5e97)", "order_time": ["2019-01-10 03:15:52"], "total_order": 1, "hotel_value": ["4.4"], "hotel_price": ["124"]}, "1573686": {"hotel_name": "\u80dc\u9ad8\u8fde\u9501\u9152\u5e97(\u6df1\u5733\u677e\u5c97\u5e97)", "order_time": ["2019-01-10 03:15:55"], "total_order": 1, "hotel_value": ["4.8"], "hotel_price": ["175"]}, "6312610": {"hotel_name": "\u6df1\u5733\u67cf\u5361\u987f\u7cbe\u54c1\u9152\u5e97", "order_time": ["2019-01-10 03:17:41"], "total_order": 1, "hotel_value": ["4.2"], "hotel_price": ["142"]}, "3737121": {"hotel_name": "\u7ef4\u4e5f\u7eb3\u9152\u5e97(\u6df1\u5733\u6d2a\u6e56\u5e97)", "order_time": ["2019-01-10 03:17:41"], "total_order": 1, "hotel_value": ["4.8"], "hotel_price": ["296"]}, "6469336": {"hotel_name": "\u534e\u91cc\u7cbe\u54c1\u9152\u5e97(\u6df1\u5733\u524d\u6d77\u5e97)", "order_time": ["2019-01-10 03:17:43"], "total_order": 1, "hotel_value": ["4.6"], "hotel_price": ["490"]}, "1597092": {"hotel_name": "\u4e2d\u6fe0S\u9152\u5e97(\u6df1\u5733\u798f\u7530\u4f1a\u5c55\u4e2d\u5fc3\u5e97)", "order_time": ["2019-01-10 03:17:44"], "total_order": 1, "hotel_value": ["4.7"], "hotel_price": ["3888"]}, "1599238": {"hotel_name": "\u6df1\u5733\u7f8e\u666f\u6e7e\u9152\u5e97", "order_time": ["2019-01-10 03:17:54"], "total_order": 1, "hotel_value": ["4.4"], "hotel_price": ["189"]}, "8565966": {"hotel_name": "\u6df1\u5733\u6cca\u65af\u7cbe\u54c1\u9152\u5e97", "order_time": ["2019-01-10 03:18:05"], "total_order": 1, "hotel_value": ["3.9"], "hotel_price": ["131"]}, "6834173": {"hotel_name": "\u6df1\u5733\u68a6\u6e90\u5bbe\u9986", "order_time": ["2019-01-10 03:18:12"], "total_order": 1, "hotel_value": ["3.8"], "hotel_price": ["88"]}, "1351939": {"hotel_name": "\u51ef\u5bbe\u9152\u5e97(\u6df1\u5733\u7f57\u6e56\u5e97)", "order_time": ["2019-01-10 03:18:30"], "total_order": 1, "hotel_value": ["4.0"], "hotel_price": ["230"]}, "535714": {"hotel_name": "\u84ec\u5ba2\u7cbe\u54c1\u9152\u5e97(\u6df1\u5733\u4e07\u8c61\u57ce\u5e97)", "order_time": ["2019-01-10 03:29:46", "2019-01-10 03:19:40"], "total_order": 2, "hotel_value": ["4.6", "4.6"], "hotel_price": ["389", "389"]}, "920977": {"hotel_name": "\u6df1\u5733\u5609\u745e\u7cbe\u54c1\u9152\u5e97", "order_time": ["2019-01-10 03:19:43"], "total_order": 1, "hotel_value": ["4.0"], "hotel_price": ["199"]}, "4603715": {"hotel_name": "\u6df1\u5733\u7f57\u9a6c\u661f\u57ce\u9152\u5e97", "order_time": ["2019-01-10 03:20:09"], "total_order": 1, "hotel_value": ["4.2"], "hotel_price": ["104"]}, "5217617": {"hotel_name": "\u5168\u666f\u9152\u5e97\u516c\u5bd3(\u6df1\u5733\u79d1\u6280\u56ed\u5e97)", "order_time": ["2019-01-10 03:21:52"], "total_order": 1, "hotel_value": ["4.3"], "hotel_price": ["244"]}, "2645617": {"hotel_name": "\u6df1\u5733\u77f3\u69b4\u6c34\u6676\u9152\u5e97", "order_time": ["2019-01-10 03:21:56"], "total_order": 1, "hotel_value": ["4.3"], "hotel_price": ["110"]}, "1740533": {"hotel_name": "\u6df1\u5733\u5929\u5730\u4eba\u548c\u9152\u5e97", "order_time": ["2019-01-10 03:22:07"], "total_order": 1, "hotel_value": ["4.5"], "hotel_price": ["157"]}, "6434360": {"hotel_name": "\u7cbe\u9014\u9152\u5e97(\u6df1\u5733\u677e\u5c97\u677e\u660e\u5927\u9053\u5e97)", "order_time": ["2019-01-10 03:22:18"], "total_order": 1, "hotel_value": ["4.7"], "hotel_price": ["151"]}, "4603033": {"hotel_name": "\u679c\u679c\u516c\u5bd3(\u6df1\u5733\u79d1\u6280\u56ed\u5e97)(\u539f\u5927\u51b2\u90fd\u5e02\u82b1\u56ed\u5e97)", "order_time": ["2019-01-10 03:23:48"], "total_order": 1, "hotel_value": ["4.5"], "hotel_price": ["243"]}, "926112": {"hotel_name": "\u516b\u53f7\u8fde\u9501\u9152\u5e97(\u6df1\u5733\u534e\u5f3a\u5317\u5e97)", "order_time": ["2019-01-10 03:23:59"], "total_order": 1, "hotel_value": ["4.1"], "hotel_price": ["123"]}, "27720525": {"hotel_name": "\u5982\u5bb6\u9152\u5e97(\u6df1\u5733\u5357\u5c71\u6d77\u5cb8\u57ce\u521b\u4e1a\u8def\u5e97)", "order_time": ["2019-01-10 03:24:00"], "total_order": 1, "hotel_value": [0], "hotel_price": ["204"]}, "17142438": {"hotel_name": "\u7ef4\u4e5f\u7eb3\u9152\u5e97(\u6df1\u5733\u89c2\u6f9c\u5c71\u6c34\u7530\u56ed\u5e97)", "order_time": ["2019-01-10 03:24:00"], "total_order": 1, "hotel_value": ["4.9"], "hotel_price": ["210"]}, "3746118": {"hotel_name": "\u6df1\u5733\u7c73\u5170\u5047\u65e5\u9152\u5e97\u5f0f\u516c\u5bd3", "order_time": ["2019-01-10 03:24:22"], "total_order": 1, "hotel_value": ["4.1"], "hotel_price": ["226"]}, "371241": {"hotel_name": "\u6df1\u5733\u798f\u7530\u9999\u683c\u91cc\u62c9\u5927\u9152\u5e97", "order_time": ["2019-01-10 03:25:49"], "total_order": 1, "hotel_value": ["4.7"], "hotel_price": ["1691"]}, "1166811": {"hotel_name": "\u6df1\u5733\u534e\u5c14\u8fbe\u9152\u5e97", "order_time": ["2019-01-10 03:26:07"], "total_order": 1, "hotel_value": ["3.8"], "hotel_price": ["138"]}, "374623": {"hotel_name": "\u6df1\u5733\u4e1c\u6d77\u6717\u5ef7\u9152\u5e97", "order_time": ["2019-01-10 03:27:39"], "total_order": 1, "hotel_value": ["4.8"], "hotel_price": ["1754"]}, "1598468": {"hotel_name": "\u6df1\u5733\u7a23\u6d3b\u9152\u5e97(\u539f\u7a23\u6d3b\u5ba2\u6808)", "order_time": ["2019-01-10 03:27:40"], "total_order": 1, "hotel_value": ["4.2"], "hotel_price": ["187"]}, "486122": {"hotel_name": "\u6df1\u5733\u767b\u559c\u8def\u9152\u5e97", "order_time": ["2019-01-10 03:27:41"], "total_order": 1, "hotel_value": ["4.5"], "hotel_price": ["487"]}, "486124": {"hotel_name": "\u7687\u671d\u5546\u52a1\u9152\u5e97(\u6df1\u5733\u7687\u5c97\u53e3\u5cb8\u5e97)", "order_time": ["2019-01-10 03:27:43"], "total_order": 1, "hotel_value": ["4.0"], "hotel_price": ["220"]}, "481572": {"hotel_name": "\u8bda\u60a6\u5047\u65e5\u9152\u5e97(\u6df1\u5733\u6587\u9526\u6e21\u5e97)", "order_time": ["2019-01-10 03:27:47"], "total_order": 1, "hotel_value": ["4.4"], "hotel_price": ["269"]}, "1740954": {"hotel_name": "\u6df1\u5733\u8f69\u7a0b\u9152\u5e97", "order_time": ["2019-01-10 03:28:03"], "total_order": 1, "hotel_value": ["4.3"], "hotel_price": ["161"]}, "1499469": {"hotel_name": "\u6df1\u5733\u6854\u5b50\u4e3b\u9898\u9152\u5e97(\u539f\u6b63\u5174\u5546\u52a1\u5bbe\u9986)", "order_time": ["2019-01-10 03:28:03"], "total_order": 1, "hotel_value": ["4.3"], "hotel_price": ["121"]}, "419431": {"hotel_name": "\u6df1\u5733\u6e7e\u6728\u68c9\u82b1\u9152\u5e97", "order_time": ["2019-01-10 03:29:40"], "total_order": 1, "hotel_value": ["4.6"], "hotel_price": ["1088"]}, "535685": {"hotel_name": "\u6df1\u5733\u8475\u82b1\u516c\u5bd3", "order_time": ["2019-01-10 03:29:40"], "total_order": 1, "hotel_value": ["4.6"], "hotel_price": ["658"]}, "1416772": {"hotel_name": "\u94f6\u901a\u4e4b\u65c5\u5bbe\u9986(\u6df1\u5733\u4e1c\u7ad9\u957f\u9f99\u5730\u94c1\u53e3\u5e97)(\u539f\u5e03\u5409\u957f\u9f99\u5730\u94c1\u7ad9\u5e97)", "order_time": ["2019-01-10 03:29:41"], "total_order": 1, "hotel_value": ["4.6"], "hotel_price": ["140"]}, "1438034": {"hotel_name": "\u7231\u534e\u7cbe\u54c1\u9152\u5e97(\u6df1\u5733\u534e\u5f3a\u5317\u5e97)", "order_time": ["2019-01-10 03:29:46"], "total_order": 1, "hotel_value": ["4.5"], "hotel_price": ["278"]}, "425224": {"hotel_name": "\u6df1\u5733\u5f6d\u5e74\u9152\u5e97", "order_time": ["2019-01-10 03:29:46"], "total_order": 1, "hotel_value": ["4.6"], "hotel_price": ["628"]}, "6483350": {"hotel_name": "\u5e0c\u5cb8\u9152\u5e97(\u6df1\u5733\u673a\u573a\u822a\u7ad9\u697c\u5e97)", "order_time": ["2019-01-10 03:30:50"], "total_order": 1, "hotel_value": ["4.8"], "hotel_price": ["337"]}, "374627": {"hotel_name": "\u6df1\u5733\u5bcc\u4e34\u5927\u9152\u5e97", "order_time": ["2019-01-10 03:31:47"], "total_order": 1, "hotel_value": ["4.5"], "hotel_price": ["403"]}, "2247932": {"hotel_name": "\u6854\u5b50\u9152\u5e97\u00b7\u7cbe\u9009(\u6df1\u5733\u7f57\u6e56\u5e97)", "order_time": ["2019-01-10 03:31:50"], "total_order": 1, "hotel_value": ["4.6"], "hotel_price": ["467"]}, "5297299": {"hotel_name": "\u6df1\u5733\u84dd\u8c03\u98ce\u683c\u9152\u5e97", "order_time": ["2019-01-10 03:31:55"], "total_order": 1, "hotel_value": ["4.3"], "hotel_price": ["255"]}, "6516731": {"hotel_name": "\u4e2d\u6fe0\u56fd\u9645\u9152\u5e97(\u6df1\u5733\u77f3\u5ca9\u5e97)", "order_time": ["2019-01-10 03:33:39"], "total_order": 1, "hotel_value": ["4.8"], "hotel_price": ["379"]}, "848018": {"hotel_name": "\u6df1\u6e2f\u4f1a\u670d\u52a1\u5f0f\u516c\u5bd3(\u6df1\u5733\u65b0\u6d32\u5609\u5dde\u5bcc\u82d1\u5e97)", "order_time": ["2019-01-10 03:33:41"], "total_order": 1, "hotel_value": ["4.2"], "hotel_price": ["341"]}, "661437": {"hotel_name": "\u6df1\u5733\u5e02\u67cf\u65af\u987f(\u7a7a\u4e2d)\u82b1\u56ed\u9152\u5e97", "order_time": ["2019-01-10 03:33:55"], "total_order": 1, "hotel_value": ["4.5"], "hotel_price": ["238"]}, "673903": {"hotel_name": "\u540d\u5178\u5546\u65c5\u9152\u5e97(\u6df1\u5733\u5b9d\u5b89\u5e97)", "order_time": ["2019-01-10 03:34:16"], "total_order": 1, "hotel_value": ["4.2"], "hotel_price": ["288"]}, "1573285": {"hotel_name": "\u6df1\u5733\u677e\u4e54\u9152\u5e97", "order_time": ["2019-01-10 03:35:45"], "total_order": 1, "hotel_value": ["4.4"], "hotel_price": ["308"]}, "1595773": {"hotel_name": "\u6df1\u5733\u822a\u57ce\u5927\u9152\u5e97", "order_time": ["2019-01-10 03:35:45"], "total_order": 1, "hotel_value": ["4.1"], "hotel_price": ["169"]}, "5400557": {"hotel_name": "\u6211\u5bb6\u9152\u5e97(\u6df1\u5733\u5742\u7530\u96ea\u8c61\u5e97\uff09", "order_time": ["2019-01-10 03:35:53"], "total_order": 1, "hotel_value": ["4.2"], "hotel_price": ["125"]}, "6666976": {"hotel_name": "\u6df1\u5733\u745e\u946b\u56fd\u9645\u9152\u5e97", "order_time": ["2019-01-10 03:36:00"], "total_order": 1, "hotel_value": ["4.6"], "hotel_price": ["233"]}, "4536474": {"hotel_name": "\u6df1\u5733\u84dd\u82d1\u7cbe\u54c1\u9152\u5e97", "order_time": ["2019-01-10 03:36:00"], "total_order": 1, "hotel_value": ["4.4"], "hotel_price": ["94"]}, "1069485": {"hotel_name": "\u6df1\u5733\u9e3f\u6da6\u5feb\u6377\u9152\u5e97(\u539f\u9e3f\u6da6\u6d32\u5bbe\u9986)", "order_time": ["2019-01-10 03:36:06"], "total_order": 1, "hotel_value": ["4.0"], "hotel_price": ["111"]}, "25733247": {"hotel_name": "\u6df1\u5733\u9732\u9690\u53f6\u516c\u5bd3", "order_time": ["2019-01-10 03:36:54"], "total_order": 1, "hotel_value": [0], "hotel_price": ["75"]}, "1600408": {"hotel_name": "\u987a\u535a\u8fde\u9501\u5bbe\u9986(\u6df1\u5733\u4e1c\u95e8\u5e97)", "order_time": ["2019-01-10 03:39:44"], "total_order": 1, "hotel_value": ["4.0"], "hotel_price": ["95"]}}}