{"\u5f00\u59cb\u8bb0\u5f55\u65f6\u95f4": "2019-01-17 07:38:04", "\u7ed3\u675f\u8bb0\u5f55\u65f6\u95f4": "2019-01-17 08:38:04", "\u8ba2\u5355\u603b\u589e\u91cf": 311, "item": {"2699166": {"hotel_name": "\u5929\u548c\u9152\u5e97(\u6df1\u5733\u673a\u573aT3\u822a\u7ad9\u697c\u5e97)", "order_time": ["2019-01-17 07:40:39"], "total_order": 1, "hotel_value": ["4.6"], "hotel_price": ["508"]}, "1047092": {"hotel_name": "\u96c5\u56ed\u5858\u6717\u9152\u5e97(\u6df1\u5733\u5317\u7ad9\u5e97)", "order_time": ["2019-01-17 07:40:39"], "total_order": 1, "hotel_value": ["4.2"], "hotel_price": ["329"]}, "6817459": {"hotel_name": "\u7ef4\u4e5f\u7eb3\u56fd\u9645\u9152\u5e97(\u6df1\u5733\u673a\u573a\u822a\u57ce\u5e97)", "order_time": ["2019-01-17 07:40:40"], "total_order": 1, "hotel_value": ["4.7"], "hotel_price": ["279"]}, "17343073": {"hotel_name": "\u6df1\u5733\u6021\u96c5\u5c45\u9152\u5e97\u516c\u5bd3\u946b\u8302\u5e97", "order_time": ["2019-01-17 07:40:45"], "total_order": 1, "hotel_value": ["4.4"], "hotel_price": ["103"]}, "4981512": {"hotel_name": "\u6df1\u5733\u65b0\u94ed\u90fd\u9152\u5e97", "order_time": ["2019-01-17 07:40:52", "2019-01-17 07:49:03"], "total_order": 2, "hotel_value": ["4.2", "4.2"], "hotel_price": ["115", "115"]}, "807066": {"hotel_name": "\u6df1\u5733\u6885\u6797\u9152\u5e97", "order_time": ["2019-01-17 07:41:00"], "total_order": 1, "hotel_value": ["3.6"], "hotel_price": ["189"]}, "1053430": {"hotel_name": "\u6df1\u5733\u6816\u6e38\u592a\u7a7a\u8231\u9752\u5e74\u65c5\u9986", "order_time": ["2019-01-17 08:12:46", "2019-01-17 07:41:00"], "total_order": 2, "hotel_value": ["4.5", "4.5"], "hotel_price": ["98", "98"]}, "1097982": {"hotel_name": "\u6df1\u5733\u4e30\u6e90\u5bbe\u9986", "order_time": ["2019-01-17 07:41:04"], "total_order": 1, "hotel_value": ["4.7"], "hotel_price": ["90"]}, "5982708": {"hotel_name": "\u6df1\u5733\u6854\u5b50\u8fde\u9501\u9152\u5e97\u5858\u6717\u5206\u5e97", "order_time": ["2019-01-17 07:41:05"], "total_order": 1, "hotel_value": ["3.8"], "hotel_price": ["216"]}, "428276": {"hotel_name": "\u5982\u5bb6\u5feb\u6377\u9152\u5e97(\u6df1\u5733\u5357\u5c71\u5927\u9053\u5e97)", "order_time": ["2019-01-17 07:41:19"], "total_order": 1, "hotel_value": ["4.4"], "hotel_price": ["246"]}, "1595853": {"hotel_name": "\u901f8\u9152\u5e97(\u6df1\u5733\u9f99\u5c97\u53cc\u9f99\u5730\u94c1\u7ad9\u5e97)", "order_time": ["2019-01-17 07:41:24"], "total_order": 1, "hotel_value": ["4.2"], "hotel_price": ["113"]}, "924896": {"hotel_name": "\u7ef4\u4e5f\u7eb3\u516c\u5bd3(\u6df1\u5733\u4e2d\u82f1\u8857\u5e97)", "order_time": ["2019-01-17 07:42:40"], "total_order": 1, "hotel_value": ["4.7"], "hotel_price": ["256"]}, "12825177": {"hotel_name": "\u94c2\u65af\u767b\u4e3b\u9898\u5ea6\u5047\u516c\u5bd3(\u6df1\u5733\u5317\u7ad9\u5e97)", "order_time": ["2019-01-17 07:42:48"], "total_order": 1, "hotel_value": ["4.5"], "hotel_price": ["255"]}, "455552": {"hotel_name": "\u6df1\u5733\u4e00\u5343\u96f6\u4e00\u591c\u9152\u5e97", "order_time": ["2019-01-17 07:42:48"], "total_order": 1, "hotel_value": ["4.1"], "hotel_price": ["187"]}, "1596130": {"hotel_name": "\u6df1\u5733\u4e30\u60a6\u5546\u52a1\u9152\u5e97", "order_time": ["2019-01-17 07:43:04"], "total_order": 1, "hotel_value": ["4.4"], "hotel_price": ["102"]}, "6461667": {"hotel_name": "\u7f8e\u8c6a\u4e3d\u81f4\u9152\u5e97(\u6df1\u5733\u4e1c\u95e8\u8001\u8857\u5730\u94c1\u7ad9\u5e97)", "order_time": ["2019-01-17 07:44:41"], "total_order": 1, "hotel_value": ["4.6"], "hotel_price": ["500"]}, "638421": {"hotel_name": "\u7ef4\u4e5f\u7eb3\u56fd\u9645\u9152\u5e97(\u6df1\u5733\u5927\u5267\u9662\u5e97)", "order_time": ["2019-01-17 07:44:42"], "total_order": 1, "hotel_value": ["4.7"], "hotel_price": ["456"]}, "1254816": {"hotel_name": "\u6df1\u5733\u9999\u69ad\u4e3d\u5bab\u9152\u5e97", "order_time": ["2019-01-17 08:34:37", "2019-01-17 07:44:47"], "total_order": 2, "hotel_value": ["4.6", "4.6"], "hotel_price": ["758", "758"]}, "2350011": {"hotel_name": "\u6df1\u5733\u6ee8\u6cb3\u65f6\u4ee3\u548c\u76db\u9ad8\u7ea7\u5546\u52a1\u516c\u5bd3", "order_time": ["2019-01-17 07:44:49"], "total_order": 1, "hotel_value": ["4.3"], "hotel_price": ["426"]}, "535723": {"hotel_name": "\u6c49\u5ead\u9152\u5e97(\u6df1\u5733\u6d77\u4e0a\u4e16\u754c\u62db\u5546\u8def\u5e97)", "order_time": ["2019-01-17 07:59:10", "2019-01-17 07:44:49"], "total_order": 2, "hotel_value": ["4.5", "4.5"], "hotel_price": ["303", "303"]}, "924969": {"hotel_name": "\u5982\u5bb6\u5feb\u6377\u9152\u5e97(\u6df1\u5733\u7af9\u5b50\u6797\u5e97)", "order_time": ["2019-01-17 07:44:52"], "total_order": 1, "hotel_value": ["4.3"], "hotel_price": ["249"]}, "6692948": {"hotel_name": "\u96c5\u56ed\u5e03\u5409\u9152\u5e97(\u6df1\u5733\u4e1c\u7ad9\u5e97)", "order_time": ["2019-01-17 07:44:58"], "total_order": 1, "hotel_value": ["4.3"], "hotel_price": ["219"]}, "1478458": {"hotel_name": "\u5c71\u6c34\u65f6\u5c1a\u9152\u5e97(\u6df1\u5733\u666f\u6e56\u5e97)", "order_time": ["2019-01-17 07:45:02"], "total_order": 1, "hotel_value": ["4.4"], "hotel_price": ["139"]}, "17055508": {"hotel_name": "\u6df1\u5733\u79be\u5c16\u9152\u5e97", "order_time": ["2019-01-17 07:45:03"], "total_order": 1, "hotel_value": ["4.2"], "hotel_price": ["132"]}, "708862": {"hotel_name": "\u5357\u56fd\u8fde\u9501\u9152\u5e97(\u6df1\u5733\u6d77\u6ee8\u5e97)", "order_time": ["2019-01-17 07:45:05"], "total_order": 1, "hotel_value": ["3.3"], "hotel_price": ["159"]}, "1583371": {"hotel_name": "\u6df1\u5733\u4e00\u53f7\u516c\u5bd3\u9152\u5e97", "order_time": ["2019-01-17 07:45:06"], "total_order": 1, "hotel_value": ["3.4"], "hotel_price": ["173"]}, "7069513": {"hotel_name": "\u5168\u5b63\u9152\u5e97(\u6df1\u5733\u5b9d\u5b89\u673a\u573a\u798f\u6c38\u5e97)", "order_time": ["2019-01-17 07:46:44"], "total_order": 1, "hotel_value": ["4.6"], "hotel_price": ["281"]}, "467527": {"hotel_name": "\u57ce\u5e02\u5ba2\u6808(\u6df1\u5733\u6b22\u4e50\u8c37\u5e97)", "order_time": ["2019-01-17 07:46:48"], "total_order": 1, "hotel_value": ["4.1"], "hotel_price": ["299"]}, "1070932": {"hotel_name": "\u9038\u7c73\u9152\u5e97(\u6df1\u5733\u5e73\u6e56\u534e\u5357\u57ce\u5e97)", "order_time": ["2019-01-17 07:46:56"], "total_order": 1, "hotel_value": ["4.4"], "hotel_price": ["128"]}, "9628082": {"hotel_name": "\u57ce\u5bb6\u7cbe\u9009\u516c\u5bd3\uff08\u6df1\u5733\u6d77\u5cb8\u57ce\u5e97\uff09\uff08\u539f\u6df1\u5733\u57ce\u5bb6\u6c11\u5c45\u6d77\u5cb8\u57ce\u5e97\uff09", "order_time": ["2019-01-17 07:46:56"], "total_order": 1, "hotel_value": ["4.3"], "hotel_price": ["332"]}, "1599593": {"hotel_name": "\u5df4\u5170\u5854\u9152\u5e97(\u6df1\u5733\u798f\u6c38\u673a\u573a\u5e97)", "order_time": ["2019-01-17 07:47:01"], "total_order": 1, "hotel_value": ["3.4"], "hotel_price": ["109"]}, "1597898": {"hotel_name": "\u6df1\u5733\u4e50\u5c45\u5bb6\u9152\u5e97", "order_time": ["2019-01-17 07:49:17", "2019-01-17 07:47:01"], "total_order": 2, "hotel_value": ["4.1", "4.1"], "hotel_price": ["116", "116"]}, "1595835": {"hotel_name": "\u6df1\u5733\u798f\u4fa8\u5bbe\u9986", "order_time": ["2019-01-17 07:47:19"], "total_order": 1, "hotel_value": ["3.7"], "hotel_price": ["107"]}, "1597795": {"hotel_name": "\u6df1\u5733i8\u5546\u52a1\u5bbe\u9986", "order_time": ["2019-01-17 07:47:23"], "total_order": 1, "hotel_value": ["4.0"], "hotel_price": ["78"]}, "1105744": {"hotel_name": "\u6df1\u5733\u5e78\u798f\u534e\u5e9c\u5bb6\u5ead\u5f0f\u516c\u5bd3", "order_time": ["2019-01-17 07:47:29"], "total_order": 1, "hotel_value": ["4.3"], "hotel_price": ["238"]}, "1596836": {"hotel_name": "\u6df1\u5733\u6c5f\u82cf\u5bbe\u9986", "order_time": ["2019-01-17 07:48:49"], "total_order": 1, "hotel_value": ["4.6"], "hotel_price": ["328"]}, "8192848": {"hotel_name": "\u57ce\u5bb6\u7cbe\u9009\u516c\u5bd3(\u6df1\u5733\u5357\u5c71\u5730\u94c1\u7ad9\u5e97)", "order_time": ["2019-01-17 07:48:52"], "total_order": 1, "hotel_value": ["4.5"], "hotel_price": ["349"]}, "23569422": {"hotel_name": "\u6df1\u5733\u82b1\u68a6\u95f4\u9152\u5e97", "order_time": ["2019-01-17 07:48:53"], "total_order": 1, "hotel_value": ["4.6"], "hotel_price": ["557"]}, "1487764": {"hotel_name": "\u5e38\u5c1a\u9152\u5e97(\u6df1\u5733\u897f\u4e3d\u5e97)", "order_time": ["2019-01-17 07:48:54", "2019-01-17 08:08:59"], "total_order": 2, "hotel_value": ["4.5", "4.5"], "hotel_price": ["321", "321"]}, "1598513": {"hotel_name": "\u516b\u53f7\u8fde\u9501\u9152\u5e97(\u6df1\u5733\u4e16\u754c\u4e4b\u7a97\u4e00\u5e97)", "order_time": ["2019-01-17 07:48:58", "2019-01-17 07:53:05"], "total_order": 2, "hotel_value": ["4.4", "4.4"], "hotel_price": ["198", "198"]}, "1596109": {"hotel_name": "\u6df1\u5733\u9e3f\u6cf0\u9f99\u9152\u5e97", "order_time": ["2019-01-17 07:48:59"], "total_order": 1, "hotel_value": ["4.1"], "hotel_price": ["104"]}, "5466854": {"hotel_name": "\u6df1\u5733\u5927\u4e0e\u9152\u5e97", "order_time": ["2019-01-17 07:48:59"], "total_order": 1, "hotel_value": ["4.4"], "hotel_price": ["318"]}, "24645139": {"hotel_name": "\u9526\u6c5f\u4e4b\u661f\u54c1\u5c1a(\u6df1\u5733\u78a7\u5934\u5730\u94c1\u7ad9\u5e97)", "order_time": ["2019-01-17 07:49:00", "2019-01-17 07:59:17"], "total_order": 2, "hotel_value": ["4.9", "4.9"], "hotel_price": ["139", "139"]}, "8538377": {"hotel_name": "\u5104\u7c73\u9152\u5e97(\u6df1\u5733\u5e03\u5409\u4e1c\u7ad9\u94c1\u4e1c\u8def\u5e97)", "order_time": ["2019-01-17 08:30:50", "2019-01-17 07:49:26"], "total_order": 2, "hotel_value": ["4.6", "4.6"], "hotel_price": ["89", "89"]}, "8565769": {"hotel_name": "\u6df1\u5733\u795e\u821f\u767e\u745e\u8fbe\u516c\u5bd3\u9152\u5e97", "order_time": ["2019-01-17 07:50:49"], "total_order": 1, "hotel_value": ["4.7"], "hotel_price": ["259"]}, "1505384": {"hotel_name": "\u60a6\u5de2\u516c\u5bd3(\u6df1\u5733\u5317\u7ad9\u5e97)", "order_time": ["2019-01-17 07:50:54"], "total_order": 1, "hotel_value": ["4.5"], "hotel_price": ["180"]}, "1413498": {"hotel_name": "\u5361\u745e\u767b\u9152\u5e97(\u6df1\u5733\u5317\u7ad9\u5e97)", "order_time": ["2019-01-17 07:50:55"], "total_order": 1, "hotel_value": ["4.2"], "hotel_price": ["476"]}, "426199": {"hotel_name": "\u6df1\u5733\u6df1\u822a\u56fd\u9645\u9152\u5e97", "order_time": ["2019-01-17 07:50:56"], "total_order": 1, "hotel_value": ["4.8"], "hotel_price": ["1355"]}, "1225798": {"hotel_name": "\u6df1\u5733\u666f\u660e\u8fbe\u9152\u5e97", "order_time": ["2019-01-17 07:51:03", "2019-01-17 08:10:49"], "total_order": 2, "hotel_value": ["4.3", "4.3"], "hotel_price": ["738", "738"]}, "4379244": {"hotel_name": "\u6df1\u5733\u7c73\u5c14\u987f\u7cbe\u54c1\u9152\u5e97", "order_time": ["2019-01-17 08:36:41", "2019-01-17 07:51:05"], "total_order": 2, "hotel_value": ["4.6", "4.6"], "hotel_price": ["288", "288"]}, "771944": {"hotel_name": "\u5c1a\u5ba2\u4f18\u5feb\u6377\u9152\u5e97(\u6df1\u5733\u6865\u5934\u5c0f\u5b66\u5e97)", "order_time": ["2019-01-17 07:51:11"], "total_order": 1, "hotel_value": ["4.2"], "hotel_price": ["104"]}, "919636": {"hotel_name": "\u5357\u56fd\u8fde\u9501\u9152\u5e97(\u6df1\u5733\u745e\u660c\u5e97)", "order_time": ["2019-01-17 08:03:25", "2019-01-17 07:51:14"], "total_order": 2, "hotel_value": ["3.7", "3.7"], "hotel_price": ["139", "139"]}, "2167926": {"hotel_name": "\u6df1\u5733\u5609\u745e\u57ce\u827a\u672f\u9152\u5e97(\u539f\u6c11\u6cf0\u5546\u52a1\u5bbe\u9986)", "order_time": ["2019-01-17 07:51:19"], "total_order": 1, "hotel_value": ["4.6"], "hotel_price": ["148"]}, "482903": {"hotel_name": "\u6df1\u5733\u9e3f\u4e30\u56fd\u9645\u5927\u9152\u5e97(\u5357\u5c71)", "order_time": ["2019-01-17 08:03:05", "2019-01-17 07:52:53", "2019-01-17 08:34:43", "2019-01-17 08:05:02"], "total_order": 4, "hotel_value": ["4.5", "4.5", "4.5", "4.5"], "hotel_price": ["579", "579", "579", "579"]}, "1597160": {"hotel_name": "\u7ef4\u4e5f\u7eb3\u9152\u5e97(\u6df1\u5733\u4e1c\u95e8\u6e56\u8d1d\u5730\u94c1\u7ad9\u5e97)", "order_time": ["2019-01-17 07:52:57"], "total_order": 1, "hotel_value": ["4.8"], "hotel_price": ["296"]}, "5383941": {"hotel_name": "\u9e97\u67ab\u9152\u5e97(\u6df1\u5733\u6d77\u96c5\u7f24\u7eb7\u57ce\u5e97)", "order_time": ["2019-01-17 07:52:59"], "total_order": 1, "hotel_value": ["4.5"], "hotel_price": ["367"]}, "1976955": {"hotel_name": "\u591a\u4f26\u591a\u9152\u5e97(\u6df1\u5733\u79d1\u6280\u56ed\u5e97)(\u539f\u6ce2\u5c14\u66fc\u7cbe\u54c1\u9152\u5e97)", "order_time": ["2019-01-17 07:53:02"], "total_order": 1, "hotel_value": ["4.0"], "hotel_price": ["209"]}, "12523164": {"hotel_name": "\u5e7f\u573a\u56db\u5b63\u9152\u5e97(\u6df1\u5733\u516c\u660e\u5929\u8679\u5e97)", "order_time": ["2019-01-17 07:53:05", "2019-01-17 08:08:58"], "total_order": 2, "hotel_value": ["4.8", "4.8"], "hotel_price": ["148", "148"]}, "428310": {"hotel_name": "\u9a7f\u5c45\u9152\u5e97(\u6df1\u5733\u534e\u5f3a\u5317\u5e97)", "order_time": ["2019-01-17 07:53:07"], "total_order": 1, "hotel_value": ["4.6"], "hotel_price": ["227"]}, "431235": {"hotel_name": "\u6df1\u5733\u4e07\u60a6\u683c\u5170\u4e91\u5929\u5927\u9152\u5e97", "order_time": ["2019-01-17 07:53:10"], "total_order": 1, "hotel_value": ["4.6"], "hotel_price": ["658"]}, "1573285": {"hotel_name": "\u6df1\u5733\u677e\u4e54\u9152\u5e97", "order_time": ["2019-01-17 07:53:19"], "total_order": 1, "hotel_value": ["4.4"], "hotel_price": ["308"]}, "6067471": {"hotel_name": "\u6df1\u5733\u5929\u5929\u5f71\u9662\u9152\u5e97", "order_time": ["2019-01-17 07:53:24"], "total_order": 1, "hotel_value": ["4.2"], "hotel_price": ["103"]}, "1549285": {"hotel_name": "\u7ef4\u4e5f\u7eb3\u9152\u5e97(\u6df1\u5733\u89c2\u6f9c\u89c2\u6e56\u56ed\u5e97)", "order_time": ["2019-01-17 07:53:35"], "total_order": 1, "hotel_value": ["4.8"], "hotel_price": ["297"]}, "8565961": {"hotel_name": "\u767b\u5df4\u5ba2\u6808(\u6df1\u5733\u4f1a\u5c55\u4e2d\u5fc3\u5e97)", "order_time": ["2019-01-17 07:54:57"], "total_order": 1, "hotel_value": ["4.5"], "hotel_price": ["54"]}, "4690327": {"hotel_name": "\u6df1\u5733\u673a\u573a\u51ef\u60a6\u5609\u5bd3\u9152\u5e97", "order_time": ["2019-01-17 07:55:00"], "total_order": 1, "hotel_value": ["4.7"], "hotel_price": ["826"]}, "6477598": {"hotel_name": "\u6df1\u5733\u4e07\u798f\u4e16\u7eaa\u9152\u5e97", "order_time": ["2019-01-17 07:55:04"], "total_order": 1, "hotel_value": ["4.4"], "hotel_price": ["187"]}, "347431": {"hotel_name": "\u6df1\u5733\u745e\u5409\u9152\u5e97", "order_time": ["2019-01-17 07:55:07"], "total_order": 1, "hotel_value": ["4.7"], "hotel_price": ["2092"]}, "22421206": {"hotel_name": "\u5586\u5561\u9152\u5e97(\u6df1\u5733\u534e\u5357\u57ce\u5e97)", "order_time": ["2019-01-17 07:55:08"], "total_order": 1, "hotel_value": ["4.8"], "hotel_price": ["245"]}, "535707": {"hotel_name": "\u6df1\u5733\u5b9d\u4ea8\u8fbe\u56fd\u9645\u5927\u9152\u5e97", "order_time": ["2019-01-17 07:55:09"], "total_order": 1, "hotel_value": ["4.4"], "hotel_price": ["1012"]}, "1600099": {"hotel_name": "\u6df1\u5733\u5723\u5b9d\u5bbe\u9986", "order_time": ["2019-01-17 07:55:13", "2019-01-17 08:16:56"], "total_order": 2, "hotel_value": ["3.8", "3.8"], "hotel_price": ["208", "208"]}, "3110146": {"hotel_name": "\u6df1\u5733\u57ce\u5e02\u4e07\u5b9c\u9152\u5e97", "order_time": ["2019-01-17 07:55:20"], "total_order": 1, "hotel_value": ["4.5"], "hotel_price": ["147"]}, "5247811": {"hotel_name": "\u6df1\u5733\u88d5\u5ba2\u9686\u5546\u52a1\u5bbe\u9986", "order_time": ["2019-01-17 07:55:43"], "total_order": 1, "hotel_value": ["4.1"], "hotel_price": ["168"]}, "1595918": {"hotel_name": "7\u5929\u8fde\u9501\u9152\u5e97(\u6df1\u5733\u6c99\u6e7e\u5e97)(\u539f\u5927\u82ac\u6cb9\u753b\u6751\u5e97)", "order_time": ["2019-01-17 08:30:37", "2019-01-17 07:57:05"], "total_order": 2, "hotel_value": ["4.3", "4.3"], "hotel_price": ["127", "127"]}, "12135159": {"hotel_name": "\u6df1\u5733\u7687\u5eadV\u56fd\u9645\u516c\u5bd3(\u539f\u7687\u5ead\u793c\u5c1a\u516c\u5bd3)", "order_time": ["2019-01-17 07:57:06"], "total_order": 1, "hotel_value": ["4.7"], "hotel_price": ["1300"]}, "433471": {"hotel_name": "\u6df1\u5733\u6fb3\u57ce\u82b1\u56ed\u9152\u5e97", "order_time": ["2019-01-17 07:57:07"], "total_order": 1, "hotel_value": ["4.3"], "hotel_price": ["387"]}, "3667172": {"hotel_name": "\u7d22\u7279\u6765\u521b\u610f\u9152\u5e97(\u6df1\u5733\u5317\u7ad9\u7f18\u5206\u5e97)", "order_time": ["2019-01-17 07:57:07"], "total_order": 1, "hotel_value": ["4.3"], "hotel_price": ["345"]}, "1807225": {"hotel_name": "\u6df1\u5733\u541b\u6f9c\u9152\u5e97", "order_time": ["2019-01-17 08:08:53", "2019-01-17 08:03:08", "2019-01-17 07:57:08"], "total_order": 3, "hotel_value": ["4.3", "4.3", "4.3"], "hotel_price": ["245", "245", "245"]}, "6055188": {"hotel_name": "\u6df1\u5733\u4eca\u65e5\u9152\u5e97", "order_time": ["2019-01-17 07:57:10"], "total_order": 1, "hotel_value": ["4.1"], "hotel_price": ["140"]}, "481089": {"hotel_name": "\u60a6\u6765\u5ba2\u6808\u7ecf\u6d4e\u8fde\u9501\u9152\u5e97(\u6df1\u5733\u5357\u5c71\u5e97)", "order_time": ["2019-01-17 07:57:11"], "total_order": 1, "hotel_value": ["4.1"], "hotel_price": ["214"]}, "2164811": {"hotel_name": "\u5f18\u9633\u9152\u5e97(\u6df1\u5733\u5317\u7ad9\u5e97)", "order_time": ["2019-01-17 07:57:12"], "total_order": 1, "hotel_value": ["4.5"], "hotel_price": ["278"]}, "374627": {"hotel_name": "\u6df1\u5733\u5bcc\u4e34\u5927\u9152\u5e97", "order_time": ["2019-01-17 07:57:14"], "total_order": 1, "hotel_value": ["4.5"], "hotel_price": ["408"]}, "371239": {"hotel_name": "\u91d1\u8302\u6df1\u5733JW\u4e07\u8c6a\u9152\u5e97", "order_time": ["2019-01-17 07:57:16"], "total_order": 1, "hotel_value": ["4.6"], "hotel_price": ["2565"]}, "5248455": {"hotel_name": "\u6df1\u5733\u6021\u96c5\u5c45\u9152\u5e97\u5f0f\u516c\u5bd3\u5317\u7ad9\u5e97", "order_time": ["2019-01-17 07:57:21"], "total_order": 1, "hotel_value": ["3.9"], "hotel_price": ["102"]}, "1436676": {"hotel_name": "\u6df1\u5733\u52a0\u6765\u9152\u5e97", "order_time": ["2019-01-17 07:59:07"], "total_order": 1, "hotel_value": ["4.2"], "hotel_price": ["286"]}, "3292914": {"hotel_name": "\u9e97\u67ab\u9152\u5e97(\u6df1\u5733\u5317\u7ad9\u6e05\u6e56\u5730\u94c1\u7ad9\u5e97)", "order_time": ["2019-01-17 07:59:08"], "total_order": 1, "hotel_value": ["4.8"], "hotel_price": ["366"]}, "1457379": {"hotel_name": "\u5170\u5179\u9152\u5e97(\u6df1\u5733\u897f\u4e3d\u5e97)", "order_time": ["2019-01-17 07:59:10"], "total_order": 1, "hotel_value": ["4.4"], "hotel_price": ["226"]}, "345037": {"hotel_name": "\u6df1\u5733\u5a01\u5c3c\u65af\u777f\u9014\u9152\u5e97(\u539f\u5a01\u5c3c\u65af\u9152\u5e97)", "order_time": ["2019-01-17 07:59:10"], "total_order": 1, "hotel_value": ["4.7"], "hotel_price": ["1796"]}, "16083377": {"hotel_name": "\u6df1\u5733TIMES\u4e39\u67ab\u767d\u9732\u516c\u5bd3", "order_time": ["2019-01-17 07:59:16"], "total_order": 1, "hotel_value": ["4.7"], "hotel_price": ["469"]}, "5768270": {"hotel_name": "\u5929\u7199\u9ad8\u7ea7\u5546\u52a1\u516c\u5bd3(\u6df1\u5733ONE39\u5e97)", "order_time": ["2019-01-17 07:59:16"], "total_order": 1, "hotel_value": ["4.6"], "hotel_price": ["344"]}, "1195366": {"hotel_name": "7\u5929\u8fde\u9501\u9152\u5e97(\u6df1\u5733\u6587\u9526\u6e21\u53e3\u5cb8\u9ec4\u8d1d\u5cad\u5730\u94c1\u7ad9\u5e97)", "order_time": ["2019-01-17 07:59:17"], "total_order": 1, "hotel_value": ["4.4"], "hotel_price": ["149"]}, "3243323": {"hotel_name": "\u6df1\u5733\u5317\u7ad9\u946b\u9152\u5e97\u5f0f\u516c\u5bd3", "order_time": ["2019-01-17 07:59:19"], "total_order": 1, "hotel_value": ["4.2"], "hotel_price": ["133"]}, "8360425": {"hotel_name": "\u6df1\u5733\u51ef\u8d1d\u4e3d\u541b\u4e34\u6d77\u57df\u670d\u52a1\u516c\u5bd3", "order_time": ["2019-01-17 07:59:23"], "total_order": 1, "hotel_value": ["4.4"], "hotel_price": ["396"]}, "1438237": {"hotel_name": "\u6df1\u5733\u6e7e\u79d1\u6280\u56ed\u4e3d\u96c5\u67e5\u5c14\u987f\u9152\u5e97", "order_time": ["2019-01-17 08:24:32", "2019-01-17 08:01:07"], "total_order": 2, "hotel_value": ["4.6", "4.6"], "hotel_price": ["1291", "1291"]}, "643476": {"hotel_name": "\u547c\u565c\u6808\u9152\u5e97(\u6df1\u5733\u9999\u871c\u6e56\u5e97)", "order_time": ["2019-01-17 08:01:09"], "total_order": 1, "hotel_value": ["4.5"], "hotel_price": ["379"]}, "3443725": {"hotel_name": "\u6df1\u5733\u4ec1\u5584\u6052\u9152\u5e97", "order_time": ["2019-01-17 08:01:09"], "total_order": 1, "hotel_value": ["4.4"], "hotel_price": ["249"]}, "1513295": {"hotel_name": "\u6df1\u5733\u4e30\u5c45\u5546\u52a1\u9152\u5e97(\u539f\u4e30\u797a\u5c45\u9152\u5e97)", "order_time": ["2019-01-17 08:01:13"], "total_order": 1, "hotel_value": ["4.5"], "hotel_price": ["126"]}, "1742723": {"hotel_name": "\u5a49\u5c45\u9152\u5e97\u516c\u5bd3(\u6df1\u5733\u5317\u7ad9coco city\u5e97)", "order_time": ["2019-01-17 08:01:15"], "total_order": 1, "hotel_value": ["4.3"], "hotel_price": ["289"]}, "802703": {"hotel_name": "\u7d22\u7279\u6765\u9152\u5e97(\u91d1\u8272\u9633\u5149\u5e97)(\u539f\u91d1\u8272\u9633\u5149\u9152\u5e97)", "order_time": ["2019-01-17 08:01:25"], "total_order": 1, "hotel_value": ["4.3"], "hotel_price": ["134"]}, "5988646": {"hotel_name": "\u6df1\u5733\u6d01\u8c6a\u5546\u52a1\u9152\u5e97", "order_time": ["2019-01-17 08:01:30"], "total_order": 1, "hotel_value": ["3.9"], "hotel_price": ["146"]}, "931725": {"hotel_name": "\u7ef4\u4e5f\u7eb3\u9152\u5e97(\u6df1\u5733\u6cb9\u677e\u5e97)", "order_time": ["2019-01-17 08:01:32"], "total_order": 1, "hotel_value": ["4.8"], "hotel_price": ["257"]}, "15829069": {"hotel_name": "\u5a01\u65af\u767b\u4e3b\u9898\u5ea6\u5047\u9152\u5e97\u516c\u5bd3(\u6df1\u5733\u5742\u7530\u5730\u94c1\u7ad9\u5e97)", "order_time": ["2019-01-17 08:03:07"], "total_order": 1, "hotel_value": ["4.4"], "hotel_price": ["220"]}, "23885449": {"hotel_name": "\u6df1\u5733\u6021\u99a8\u9152\u5e97", "order_time": ["2019-01-17 08:03:08"], "total_order": 1, "hotel_value": ["4.2"], "hotel_price": ["301"]}, "5238031": {"hotel_name": "\u6df1\u5733\u5929\u5929\u8fde\u9501\u9152\u5e97\u897f\u4e3d\u5317\u8def\u5e97", "order_time": ["2019-01-17 08:03:11"], "total_order": 1, "hotel_value": ["4.1"], "hotel_price": ["133"]}, "1562767": {"hotel_name": "\u7ef4\u4e5f\u7eb3\u9152\u5e97(\u6df1\u5733\u9f99\u4e1c\u5e97)", "order_time": ["2019-01-17 08:03:12"], "total_order": 1, "hotel_value": ["4.8"], "hotel_price": ["219"]}, "6655742": {"hotel_name": "\u7ef4\u4e5f\u7eb3\u9152\u5e97(\u6df1\u5733\u89c2\u5149\u8def\u5bcc\u58eb\u5eb7\u5e97)", "order_time": ["2019-01-17 08:03:13"], "total_order": 1, "hotel_value": ["4.9"], "hotel_price": ["219"]}, "3695354": {"hotel_name": "\u7ef4\u4e5f\u7eb3\u56fd\u9645\u9152\u5e97(\u6df1\u5733\u5149\u660e\u5927\u9053\u5e97)", "order_time": ["2019-01-17 08:03:15"], "total_order": 1, "hotel_value": ["4.8"], "hotel_price": ["226"]}, "5074677": {"hotel_name": "\u6df1\u5733\u597d\u6765\u5c45\u5bbe\u9986", "order_time": ["2019-01-17 08:03:29"], "total_order": 1, "hotel_value": ["3.8"], "hotel_price": ["88"]}, "771959": {"hotel_name": "\u6df1\u5733\u65b0\u4e1c\u6e90\u9152\u5e97", "order_time": ["2019-01-17 08:03:37"], "total_order": 1, "hotel_value": ["4.5"], "hotel_price": ["207"]}, "17535038": {"hotel_name": "\u6df1\u5733\u673a\u573a\u51ef\u60a6\u9152\u5e97", "order_time": ["2019-01-17 08:03:47"], "total_order": 1, "hotel_value": ["4.7"], "hotel_price": ["978"]}, "513754": {"hotel_name": "\u6df1\u5733\u5b9d\u60a6\u9152\u5e97", "order_time": ["2019-01-17 08:05:03"], "total_order": 1, "hotel_value": ["4.5"], "hotel_price": ["276"]}, "2881593": {"hotel_name": "\u9526\u6c5f\u4e4b\u661f\u54c1\u5c1a(\u6df1\u5733\u7687\u5c97\u53e3\u5cb8\u7687\u57ce\u5e7f\u573a\u5e97)", "order_time": ["2019-01-17 08:05:05"], "total_order": 1, "hotel_value": ["4.4"], "hotel_price": ["285"]}, "8680725": {"hotel_name": "\u7ef4\u4e5f\u7eb3\u56fd\u9645\u9152\u5e97(\u6df1\u5733\u5927\u6885\u6c99\u5e97)", "order_time": ["2019-01-17 08:05:06"], "total_order": 1, "hotel_value": ["4.6"], "hotel_price": ["257"]}, "5897157": {"hotel_name": "\u6df1\u5733\u57ce\u5e02\u9a7f\u7ad9\u9152\u5e97\u516c\u5bd3\u8fdc\u6d0b\u5e97", "order_time": ["2019-01-17 08:05:15"], "total_order": 1, "hotel_value": ["4.5"], "hotel_price": ["138"]}, "1486262": {"hotel_name": "\u6df1\u5733\u6797\u80af\u5ba2\u6808", "order_time": ["2019-01-17 08:05:30"], "total_order": 1, "hotel_value": ["4.5"], "hotel_price": ["268"]}, "1288755": {"hotel_name": "\u6df1\u5733\u9f99\u76db\u5bbe\u9986(\u539f\u9e3f\u6e90168\u5bbe\u9986)", "order_time": ["2019-01-17 08:05:36"], "total_order": 1, "hotel_value": ["3.8"], "hotel_price": ["79"]}, "968299": {"hotel_name": "\u6df1\u5733\u4f73\u8c6a\u7cbe\u54c1\u5f71\u9662\u9152\u5e97", "order_time": ["2019-01-17 08:07:05"], "total_order": 1, "hotel_value": ["4.5"], "hotel_price": ["180"]}, "17283582": {"hotel_name": "\u6df1\u5733\u9ea6\u8fea\u900a\u56fd\u9645\u9152\u5e97\u516c\u5bd3", "order_time": ["2019-01-17 08:07:05"], "total_order": 1, "hotel_value": ["4.6"], "hotel_price": ["216"]}, "1599238": {"hotel_name": "\u6df1\u5733\u7f8e\u666f\u6e7e\u9152\u5e97", "order_time": ["2019-01-17 08:07:14"], "total_order": 1, "hotel_value": ["4.4"], "hotel_price": ["194"]}, "1596525": {"hotel_name": "\u6df1\u5733\u6559\u82d1\u5bbe\u9986", "order_time": ["2019-01-17 08:07:14"], "total_order": 1, "hotel_value": ["4.4"], "hotel_price": ["161"]}, "5695686": {"hotel_name": "\u6df1\u5733\u534e\u4e30\u5feb\u6377\u9152\u5e97", "order_time": ["2019-01-17 08:07:18"], "total_order": 1, "hotel_value": ["3.9"], "hotel_price": ["118"]}, "2907839": {"hotel_name": "\u6df1\u5733\u5927\u4e2d\u534e\u5e0c\u5c14\u987f\u9152\u5e97", "order_time": ["2019-01-17 08:07:20"], "total_order": 1, "hotel_value": ["4.5"], "hotel_price": ["1678"]}, "8589680": {"hotel_name": "\u6df1\u5733\u6c99\u6cb3\u7cbe\u54c1\u9152\u5e97", "order_time": ["2019-01-17 08:07:20"], "total_order": 1, "hotel_value": ["4.2"], "hotel_price": ["143"]}, "926112": {"hotel_name": "\u516b\u53f7\u8fde\u9501\u9152\u5e97(\u6df1\u5733\u534e\u5f3a\u5317\u5e97)", "order_time": ["2019-01-17 08:07:23"], "total_order": 1, "hotel_value": ["4.1"], "hotel_price": ["123"]}, "1387245": {"hotel_name": "\u83ab\u6cf0\u9152\u5e97(\u6df1\u5733\u5357\u5c71\u5730\u94c1\u7ad9\u51e4\u51f0\u57ce\u5e97)(\u539f\u5357\u5c71\u5e02\u573a\u51e4\u51f0\u57ce\u5e97)", "order_time": ["2019-01-17 08:12:34", "2019-01-17 08:07:25"], "total_order": 2, "hotel_value": ["4.6", "4.6"], "hotel_price": ["254", "254"]}, "371241": {"hotel_name": "\u6df1\u5733\u798f\u7530\u9999\u683c\u91cc\u62c9\u5927\u9152\u5e97", "order_time": ["2019-01-17 08:07:32"], "total_order": 1, "hotel_value": ["4.7"], "hotel_price": ["2215"]}, "668315": {"hotel_name": "\u6df1\u5733\u4e2d\u6cb9\u9633\u5149\u5927\u9152\u5e97", "order_time": ["2019-01-17 08:22:36", "2019-01-17 08:08:54"], "total_order": 2, "hotel_value": ["4.5", "4.5"], "hotel_price": ["908", "908"]}, "1355586": {"hotel_name": "\u548c\u9890\u81f3\u5c1a\u9152\u5e97(\u6df1\u5733\u7f57\u6e56\u53e3\u5cb8\u5e97)", "order_time": ["2019-01-17 08:08:58", "2019-01-17 08:28:34"], "total_order": 2, "hotel_value": ["4.7", "4.7"], "hotel_price": ["321", "321"]}, "3725392": {"hotel_name": "\u7ef4\u4e5f\u7eb3\u56fd\u9645\u9152\u5e97(\u6df1\u5733\u524d\u6d77\u5e97)", "order_time": ["2019-01-17 08:08:59"], "total_order": 1, "hotel_value": ["4.8"], "hotel_price": ["376"]}, "5830920": {"hotel_name": "\u5c1a\u5ba2\u4f18\u8fde\u9501\u9152\u5e97(\u6df1\u5733\u9f99\u534e\u6e05\u6e56\u5730\u94c1\u7ad9\u5e97)", "order_time": ["2019-01-17 08:09:03"], "total_order": 1, "hotel_value": ["4.2"], "hotel_price": ["158"]}, "1396020": {"hotel_name": "\u65b0\u5b9d\u76db\u9152\u5e97(\u6df1\u5733\u6d6a\u53e3\u5e97)", "order_time": ["2019-01-17 08:09:16"], "total_order": 1, "hotel_value": ["4.5"], "hotel_price": ["145"]}, "806987": {"hotel_name": "\u540d\u4eba\u5bbe\u9986(\u6df1\u5733\u576a\u5c71\u5e97)", "order_time": ["2019-01-17 08:09:23"], "total_order": 1, "hotel_value": ["4.3"], "hotel_price": ["113"]}, "371236": {"hotel_name": "\u6df1\u5733\u798f\u670b\u559c\u6765\u767b\u9152\u5e97", "order_time": ["2019-01-17 08:09:46"], "total_order": 1, "hotel_value": ["4.4"], "hotel_price": ["1423"]}, "7522576": {"hotel_name": "\u6df1\u5733\u89c2\u6f9c\u6e56\u786c\u77f3\u9152\u5e97", "order_time": ["2019-01-17 08:10:45"], "total_order": 1, "hotel_value": ["4.6"], "hotel_price": ["1868"]}, "3657180": {"hotel_name": "\u5c1a\u5ba2\u4f18\u5feb\u6377\u9152\u5e97(\u6df1\u5733\u5b9d\u5b89\u56fd\u9645\u673a\u573a\u5317\u5e97)", "order_time": ["2019-01-17 08:10:54"], "total_order": 1, "hotel_value": ["4.2"], "hotel_price": ["122"]}, "1597303": {"hotel_name": "\u6df1\u5733\u5b9c\u5c45\u4f1a\u5546\u52a1\u9152\u5e97", "order_time": ["2019-01-17 08:11:02"], "total_order": 1, "hotel_value": ["4.0"], "hotel_price": ["108"]}, "535650": {"hotel_name": "\u6df1\u5733\u65b0\u4e16\u754c\u4f1f\u745e\u9152\u5e97(\u539f\u65b0\u4e16\u754c\u90fd\u6c47\u9152\u5e97\u516c\u5bd3)", "order_time": ["2019-01-17 08:12:31"], "total_order": 1, "hotel_value": ["4.6"], "hotel_price": ["889"]}, "3737121": {"hotel_name": "\u7ef4\u4e5f\u7eb3\u9152\u5e97(\u6df1\u5733\u6d2a\u6e56\u5e97)", "order_time": ["2019-01-17 08:12:37"], "total_order": 1, "hotel_value": ["4.8"], "hotel_price": ["309"]}, "1597386": {"hotel_name": "\u6df1\u5733\u4e07\u56fe\u9152\u5e97", "order_time": ["2019-01-17 08:12:38"], "total_order": 1, "hotel_value": ["4.1"], "hotel_price": ["153"]}, "1597131": {"hotel_name": "\u6df1\u5733\u60a6\u6d77\u5546\u52a1\u516c\u5bd3(\u539f\u9999\u6885\u8fde\u9501\u9152\u5e97\u524d\u6d77\u5bbe\u9986)", "order_time": ["2019-01-17 08:12:45"], "total_order": 1, "hotel_value": ["4.3"], "hotel_price": ["173"]}, "1851520": {"hotel_name": "\u6df1\u5733\u65af\u7ef4\u767b\u670d\u52a1\u516c\u5bd3(\u6ee8\u6cb3\u798f\u7530\u4e2d\u5fc3)", "order_time": ["2019-01-17 08:12:47"], "total_order": 1, "hotel_value": ["4.4"], "hotel_price": ["458"]}, "2314855": {"hotel_name": "\u6df1\u5733\u5316\u5de5\u5927\u9152\u5e97", "order_time": ["2019-01-17 08:12:49"], "total_order": 1, "hotel_value": ["3.9"], "hotel_price": ["260"]}, "1849451": {"hotel_name": "\u6df1\u5733\u5b89\u6c38\u660c\u5feb\u6377\u9152\u5e97", "order_time": ["2019-01-17 08:27:05", "2019-01-17 08:12:59"], "total_order": 2, "hotel_value": ["3.6", "3.6"], "hotel_price": ["102", "102"]}, "25691731": {"hotel_name": "\u6df1\u5733\u6052\u8f89\u9152\u5e97", "order_time": ["2019-01-17 08:13:04"], "total_order": 1, "hotel_value": ["4.7"], "hotel_price": ["163"]}, "13785743": {"hotel_name": "\u6df1\u5733\u5609\u745e\u57ce\u827a\u672f\u9152\u5e97(\u5927\u6d6a\u5e97)", "order_time": ["2019-01-17 08:14:41"], "total_order": 1, "hotel_value": ["4.4"], "hotel_price": ["141"]}, "4983960": {"hotel_name": "\u6df1\u5733\u51ef\u60a6\u9152\u5e97", "order_time": ["2019-01-17 08:16:41", "2019-01-17 08:14:41"], "total_order": 2, "hotel_value": ["4.2", "4.2"], "hotel_price": ["138", "138"]}, "1479956": {"hotel_name": "\u6df1\u5733\u534e\u4fa8\u5927\u53a6\u9152\u5e97", "order_time": ["2019-01-17 08:14:44"], "total_order": 1, "hotel_value": ["4.0"], "hotel_price": ["167"]}, "5782386": {"hotel_name": "7\u5929\u8fde\u9501\u9152\u5e97(\u6df1\u5733\u5730\u738b\u5927\u53a6\u7ea2\u6842\u8def\u5e97)(\u539f\u7ea2\u6842\u8def\u5e97)", "order_time": ["2019-01-17 08:14:47"], "total_order": 1, "hotel_value": ["4.3"], "hotel_price": ["139"]}, "1348680": {"hotel_name": "\u6613\u4f70\u8fde\u9501\u65c5\u5e97(\u6df1\u5733\u5317\u7ad9\u4e16\u7eaa\u6625\u57ce\u5e97)", "order_time": ["2019-01-17 08:14:48"], "total_order": 1, "hotel_value": ["4.7"], "hotel_price": ["106"]}, "1544058": {"hotel_name": "\u6df1\u5733\u7ef4\u7eb3\u9152\u5e97", "order_time": ["2019-01-17 08:14:50"], "total_order": 1, "hotel_value": ["3.7"], "hotel_price": ["158"]}, "6834173": {"hotel_name": "\u6df1\u5733\u68a6\u6e90\u5bbe\u9986", "order_time": ["2019-01-17 08:14:59"], "total_order": 1, "hotel_value": ["3.8"], "hotel_price": ["115"]}, "3735235": {"hotel_name": "\u6df1\u5733\u5927\u60a6\u57ce\u5546\u52a1\u9152\u5e97", "order_time": ["2019-01-17 08:15:06"], "total_order": 1, "hotel_value": ["4.4"], "hotel_price": ["133"]}, "7932532": {"hotel_name": "\u6df1\u5733Youki\u516c\u5bd3\u4f1a\u5c55\u4e2d\u5fc3\u5e97", "order_time": ["2019-01-17 08:15:10"], "total_order": 1, "hotel_value": ["3.8"], "hotel_price": ["403"]}, "456141": {"hotel_name": "\u6df1\u5733\u767e\u5408\u9152\u5e97", "order_time": ["2019-01-17 08:16:31"], "total_order": 1, "hotel_value": ["4.4"], "hotel_price": ["493"]}, "1199422": {"hotel_name": "\u6df1\u5733\u5f18\u90fd\u9152\u5e97", "order_time": ["2019-01-17 08:16:33"], "total_order": 1, "hotel_value": ["4.4"], "hotel_price": ["2469"]}, "8345093": {"hotel_name": "\u6df1\u5733\u6995\u9152\u5e97", "order_time": ["2019-01-17 08:16:41"], "total_order": 1, "hotel_value": ["4.6"], "hotel_price": ["289"]}, "2729116": {"hotel_name": "\u6df1\u5733\u5b9d\u4e3d\u9152\u5e97", "order_time": ["2019-01-17 08:16:48"], "total_order": 1, "hotel_value": ["4.2"], "hotel_price": ["168"]}, "23788437": {"hotel_name": "\u6df1\u5733\u597d\u4eab\u5bb6\u9752\u5e74\u65c5\u820d", "order_time": ["2019-01-17 08:16:59"], "total_order": 1, "hotel_value": ["4.7"], "hotel_price": ["50"]}, "4340550": {"hotel_name": "\u9752\u5e74\u827a\u672f\u5bb6\u9752\u5e74\u65c5\u820d(\u6df1\u5733\u767d\u77f3\u5dde\u5e97)", "order_time": ["2019-01-17 08:17:20"], "total_order": 1, "hotel_value": ["4.4"], "hotel_price": ["63"]}, "374848": {"hotel_name": "\u6df1\u5733\u541b\u60a6\u9152\u5e97", "order_time": ["2019-01-17 08:18:34"], "total_order": 1, "hotel_value": ["4.8"], "hotel_price": ["2346"]}, "994762": {"hotel_name": "\u83ab\u6cf0268(\u6df1\u5733\u7687\u5c97\u5e97)", "order_time": ["2019-01-17 08:18:37"], "total_order": 1, "hotel_value": ["4.1"], "hotel_price": ["272"]}, "437282": {"hotel_name": "\u6df1\u5733\u9752\u9752\u4e16\u754c\u9152\u5e97", "order_time": ["2019-01-17 08:18:41", "2019-01-17 08:30:45"], "total_order": 2, "hotel_value": ["4.3", "4.3"], "hotel_price": ["616", "616"]}, "1603184": {"hotel_name": "\u777f\u58eb\u683c\u8c03\u9152\u5e97(\u6df1\u5733\u6e05\u6e56\u5730\u94c1\u7ad9\u5e97)(\u539f\u8f69\u83b1\u65af\u9152\u5e97)", "order_time": ["2019-01-17 08:18:41"], "total_order": 1, "hotel_value": ["4.5"], "hotel_price": ["148"]}, "1598462": {"hotel_name": "\u6df1\u5733\u7fe0\u56ed\u9152\u5e97", "order_time": ["2019-01-17 08:18:41", "2019-01-17 08:30:43"], "total_order": 2, "hotel_value": ["4.2", "4.2"], "hotel_price": ["148", "148"]}, "1488995": {"hotel_name": "\u6df1\u5733\u6df1\u6e2f\u5bbe\u9986", "order_time": ["2019-01-17 08:18:51"], "total_order": 1, "hotel_value": ["4.2"], "hotel_price": ["83"]}, "1600236": {"hotel_name": "\u6f2b\u6e38\u8005\u9752\u5e74\u65c5\u820d(\u6df1\u5733\u4f1a\u5c55\u4e2d\u5fc3\u5e97)", "order_time": ["2019-01-17 08:18:51"], "total_order": 1, "hotel_value": ["4.3"], "hotel_price": ["106"]}, "1011144": {"hotel_name": "\u7ef4\u4e5f\u7eb3\u9152\u5e97(\u6df1\u5733\u5357\u8054\u5730\u94c1\u7ad9\u5e97)", "order_time": ["2019-01-17 08:19:47"], "total_order": 1, "hotel_value": ["4.8"], "hotel_price": ["276"]}, "6636949": {"hotel_name": "\u6df1\u5733\u5357\u5c71\u4e9a\u6735QQ\u8d85\u7ea7\u4f1a\u5458\u9152\u5e97", "order_time": ["2019-01-17 08:20:30"], "total_order": 1, "hotel_value": ["4.8"], "hotel_price": ["799"]}, "1432157": {"hotel_name": "\u6df1\u5733\u534e\u4fa8\u9152\u5e97", "order_time": ["2019-01-17 08:20:31"], "total_order": 1, "hotel_value": ["3.7"], "hotel_price": ["192"]}, "453016": {"hotel_name": "\u7ef4\u4e5f\u7eb3\u56fd\u9645\u9152\u5e97(\u6df1\u5733\u4e07\u4f17\u57ce\u5e97)", "order_time": ["2019-01-17 08:20:36"], "total_order": 1, "hotel_value": ["4.8"], "hotel_price": ["279"]}, "6117710": {"hotel_name": "\u6df1\u5733\u5df1\u5ba2\u5927\u9690\u9152\u5e97\u516c\u5bd3", "order_time": ["2019-01-17 08:20:41"], "total_order": 1, "hotel_value": ["4.5"], "hotel_price": ["328"]}, "6414483": {"hotel_name": "\u6df1\u5733\u541b\u9716\u7cbe\u54c1\u9152\u5e97", "order_time": ["2019-01-17 08:20:42"], "total_order": 1, "hotel_value": ["4.4"], "hotel_price": ["108"]}, "6797581": {"hotel_name": "\u9e97\u67ab\u9152\u5e97(\u6df1\u5733\u77f3\u5ca9\u6c7d\u8f66\u7ad9\u5e97)", "order_time": ["2019-01-17 08:22:32"], "total_order": 1, "hotel_value": ["4.8"], "hotel_price": ["306"]}, "486119": {"hotel_name": "\u7ef4\u4e5f\u7eb3\u9152\u5e97(\u6df1\u5733\u673a\u573a\u5e97)", "order_time": ["2019-01-17 08:22:33"], "total_order": 1, "hotel_value": ["4.7"], "hotel_price": ["279"]}, "5917137": {"hotel_name": "\u7ef4\u7eb3\u65af\u56fd\u9645\u516c\u5bd3(\u6df1\u5733\u7f57\u6e56\u4e07\u8c61\u57ce\u5e97)(\u539fOne39\u5e97)", "order_time": ["2019-01-17 08:22:40"], "total_order": 1, "hotel_value": ["4.7"], "hotel_price": ["328"]}, "1599102": {"hotel_name": "\u6df1\u5733\u89c2\u6f9c\u5b9d\u8363\u5546\u52a1\u9152\u5e97", "order_time": ["2019-01-17 08:22:42"], "total_order": 1, "hotel_value": ["4.6"], "hotel_price": ["198"]}, "1905845": {"hotel_name": "\u540c\u5bcc\u4f4f\u5bbf(\u6df1\u5733\u5317\u7ad9\u5e97)", "order_time": ["2019-01-17 08:22:53"], "total_order": 1, "hotel_value": ["3.4"], "hotel_price": ["128"]}, "4397516": {"hotel_name": "\u96c5\u597d\u8fde\u9501\u9152\u5e97(\u6df1\u5733\u6d77\u4e0a\u7530\u56ed\u5e97)(\u539f\u6f2b\u5ba2\u9152\u5e97)", "order_time": ["2019-01-17 08:22:53"], "total_order": 1, "hotel_value": ["4.5"], "hotel_price": ["99"]}, "1121677": {"hotel_name": "\u6df1\u5733\u4eca\u65e5\u5ea6\u5047\u9152\u5e97", "order_time": ["2019-01-17 08:22:57"], "total_order": 1, "hotel_value": ["4.5"], "hotel_price": ["199"]}, "1293759": {"hotel_name": "\u6df1\u5733\u534a\u6708\u6e7e\u9152\u5e97", "order_time": ["2019-01-17 08:22:58"], "total_order": 1, "hotel_value": ["3.5"], "hotel_price": ["121"]}, "5029053": {"hotel_name": "\u6df1\u5733\u5c1a\u6c34\u7cbe\u54c1\u9152\u5e97", "order_time": ["2019-01-17 08:23:02"], "total_order": 1, "hotel_value": ["4.4"], "hotel_price": ["104"]}, "6335012": {"hotel_name": "\u963f\u83ab\u5854\u65f6\u5c1a\u9152\u5e97\u516c\u5bd3(\u6df1\u5733\u5730\u738b\u65d7\u8230\u5e97)", "order_time": ["2019-01-17 08:23:05"], "total_order": 1, "hotel_value": ["4.3"], "hotel_price": ["356"]}, "1597749": {"hotel_name": "\u6df1\u5733\u7f8e\u9038\u9152\u5e97", "order_time": ["2019-01-17 08:24:33"], "total_order": 1, "hotel_value": ["3.8"], "hotel_price": ["213"]}, "833176": {"hotel_name": "\u6df1\u5733\u5357\u6c38\u4e30\u9152\u5e97", "order_time": ["2019-01-17 08:24:36"], "total_order": 1, "hotel_value": ["4.1"], "hotel_price": ["148"]}, "970569": {"hotel_name": "\u6d77\u53cb\u9152\u5e97(\u6df1\u5733\u7f57\u6e56\u53e3\u5cb8\u56fd\u8d38\u5e97)(\u539f\u56fd\u8d38\u5730\u94c1\u7ad9\u5e97)", "order_time": ["2019-01-17 08:24:42"], "total_order": 1, "hotel_value": ["4.3"], "hotel_price": ["180"]}, "2893454": {"hotel_name": "\u6df1\u5733\u82e5\u5bb6\u9152\u5e97", "order_time": ["2019-01-17 08:24:44"], "total_order": 1, "hotel_value": ["4.1"], "hotel_price": ["124"]}, "1386338": {"hotel_name": "\u516b\u53f7\u8fde\u9501\u9152\u5e97(\u6df1\u5733\u7f57\u6e56\u7cbe\u54c1\u5e97)", "order_time": ["2019-01-17 08:24:44"], "total_order": 1, "hotel_value": ["4.5"], "hotel_price": ["238"]}, "1598717": {"hotel_name": "7\u5929\u8fde\u9501\u9152\u5e97(\u6df1\u5733\u706b\u8f66\u4e1c\u7ad9\u5e03\u5409\u5730\u94c1\u7ad9\u5e97)", "order_time": ["2019-01-17 08:24:46"], "total_order": 1, "hotel_value": ["4.5"], "hotel_price": ["119"]}, "1600123": {"hotel_name": "\u6df1\u5733\u9f99\u6d32\u5feb\u6377\u9152\u5e97", "order_time": ["2019-01-17 08:24:46"], "total_order": 1, "hotel_value": ["4.0"], "hotel_price": ["144"]}, "5999875": {"hotel_name": "\u6df1\u5733\u5c0f\u4e94\u661f\u9152\u5e97", "order_time": ["2019-01-17 08:30:42", "2019-01-17 08:24:47"], "total_order": 2, "hotel_value": ["4.5", "4.5"], "hotel_price": ["140", "140"]}, "4834747": {"hotel_name": "\u6df1\u5733\u534e\u4e30\u8fde\u9501\u9152\u5e97(\u5858\u6717\u5e97)", "order_time": ["2019-01-17 08:24:49"], "total_order": 1, "hotel_value": ["4.0"], "hotel_price": ["163"]}, "1044968": {"hotel_name": "\u6df1\u5733\u5b8f\u5fb7\u6cf0\u5bcc\u9152\u5e97\u516c\u5bd3", "order_time": ["2019-01-17 08:24:56"], "total_order": 1, "hotel_value": ["4.3"], "hotel_price": ["226"]}, "1502328": {"hotel_name": "\u6df1\u5733\u5bf0\u5b87\u5927\u9152\u5e97", "order_time": ["2019-01-17 08:26:30"], "total_order": 1, "hotel_value": ["4.2"], "hotel_price": ["298"]}, "6799536": {"hotel_name": "\u6c34\u6676\u604b\u4e3b\u9898\u9152\u5e97(\u6df1\u5733\u534e\u65fa\u5e97)", "order_time": ["2019-01-17 08:26:31"], "total_order": 1, "hotel_value": ["4.6"], "hotel_price": ["239"]}, "1596090": {"hotel_name": "\u5357\u56fd\u8fde\u9501\u9152\u5e97(\u6df1\u5733\u9999\u871c\u6e56\u5e97)", "order_time": ["2019-01-17 08:26:35"], "total_order": 1, "hotel_value": ["3.9"], "hotel_price": ["249"]}, "5716353": {"hotel_name": "\u5c1a\u4fed\u592a\u7a7a\u8231\u9152\u5e97(\u6df1\u5733\u534e\u5f3a\u5317\u5e97)", "order_time": ["2019-01-17 08:26:36"], "total_order": 1, "hotel_value": ["4.4"], "hotel_price": ["70"]}, "1416772": {"hotel_name": "\u94f6\u901a\u4e4b\u65c5\u5bbe\u9986(\u6df1\u5733\u4e1c\u7ad9\u957f\u9f99\u5730\u94c1\u53e3\u5e97)(\u539f\u5e03\u5409\u957f\u9f99\u5730\u94c1\u7ad9\u5e97)", "order_time": ["2019-01-17 08:26:36"], "total_order": 1, "hotel_value": ["4.6"], "hotel_price": ["140"]}, "371252": {"hotel_name": "\u8c6a\u6d3e\u7279\u534e\u7f8e\u8fbe\u5e7f\u573a\u9152\u5e97(\u6df1\u5733\u5317\u7ad9\u5e97)", "order_time": ["2019-01-17 08:26:36"], "total_order": 1, "hotel_value": ["4.5"], "hotel_price": ["477"]}, "1722540": {"hotel_name": "\u6df1\u5733\u524d\u6d77\u4e9a\u6735\u9152\u5e97(\u539f\u9a8f\u901a\u5927\u9152\u5e97)", "order_time": ["2019-01-17 08:26:38"], "total_order": 1, "hotel_value": [0], "hotel_price": ["498"]}, "8860645": {"hotel_name": "\u5b9c\u5bb6\u9152\u5e97\u516c\u5bd3(\u6df1\u5733\u79d1\u6280\u56ed\u5e97)", "order_time": ["2019-01-17 08:26:38"], "total_order": 1, "hotel_value": ["4.4"], "hotel_price": ["359"]}, "8565889": {"hotel_name": "\u6df1\u5733\u661f\u604b\u4e3b\u9898\u9152\u5e97", "order_time": ["2019-01-17 08:26:40"], "total_order": 1, "hotel_value": ["4.6"], "hotel_price": ["239"]}, "5477437": {"hotel_name": "\u6df1\u5733\u661f\u7f57\u9152\u5e97", "order_time": ["2019-01-17 08:26:43", "2019-01-17 08:36:44"], "total_order": 2, "hotel_value": ["4.3", "4.3"], "hotel_price": ["906", "906"]}, "4685041": {"hotel_name": "7\u5929\u4f18\u54c1\u9152\u5e97(\u6df1\u5733\u5927\u8fd0\u5730\u94c1\u7ad9\u5e97)", "order_time": ["2019-01-17 08:26:45"], "total_order": 1, "hotel_value": ["4.7"], "hotel_price": ["201"]}, "833235": {"hotel_name": "\u6df1\u5733\u84dd\u5b87\u5bbe\u9986", "order_time": ["2019-01-17 08:26:52"], "total_order": 1, "hotel_value": ["3.6"], "hotel_price": ["128"]}, "7458554": {"hotel_name": "\u6df1\u5733\u9752\u8424\u9752\u5e74\u65c5\u820d(\u5927\u51b2\u5e97)", "order_time": ["2019-01-17 08:27:07"], "total_order": 1, "hotel_value": ["4.3"], "hotel_price": ["49"]}, "940181": {"hotel_name": "\u6df1\u5733\u6e2f\u57ce\u65c5\u5e97", "order_time": ["2019-01-17 08:27:23"], "total_order": 1, "hotel_value": ["4.0"], "hotel_price": ["68"]}, "454299": {"hotel_name": "\u591a\u4f26\u591a\u8fde\u9501\u9152\u5e97(\u6df1\u5733\u5927\u6885\u6c99\u5e97)(\u539f\u5927\u6885\u6c99\u6d77\u4e16\u754c\u9152\u5e97)", "order_time": ["2019-01-17 08:28:32"], "total_order": 1, "hotel_value": ["4.4"], "hotel_price": ["213"]}, "1776855": {"hotel_name": "\u6df1\u5733\u8c6a\u76db\u82b1\u56ed\u5927\u9152\u5e97(\u539f\u91d1\u81f3\u5c0a\u5927\u9152\u5e97)", "order_time": ["2019-01-17 08:28:32"], "total_order": 1, "hotel_value": ["4.0"], "hotel_price": ["346"]}, "1599744": {"hotel_name": "\u660e\u822a\u5927\u9152\u5e97(\u6df1\u5733\u5b9d\u5b89\u56fd\u9645\u673a\u573a\u5e97)", "order_time": ["2019-01-17 08:28:32"], "total_order": 1, "hotel_value": ["4.0"], "hotel_price": ["191"]}, "397330": {"hotel_name": "\u6df1\u5733\u5bcc\u83b1\u82b1\u56ed\u9152\u5e97", "order_time": ["2019-01-17 08:28:32"], "total_order": 1, "hotel_value": ["4.3"], "hotel_price": ["266"]}, "531176": {"hotel_name": "\u6df1\u5733\u6e56\u5317\u5bbe\u9986", "order_time": ["2019-01-17 08:28:32"], "total_order": 1, "hotel_value": ["4.2"], "hotel_price": ["287"]}, "17496357": {"hotel_name": "\u7ef4\u4e5f\u7eb3\u56fd\u9645\u9152\u5e97(\u6df1\u5733\u89c2\u6f9c\u5927\u9053\u5e97)", "order_time": ["2019-01-17 08:28:32"], "total_order": 1, "hotel_value": ["4.8"], "hotel_price": ["259"]}, "24032119": {"hotel_name": "\u7ef4\u4e5f\u7eb3\u9152\u5e97(\u6df1\u5733\u6843\u6e90\u5c45\u5e97)", "order_time": ["2019-01-17 08:28:32"], "total_order": 1, "hotel_value": ["4.8"], "hotel_price": ["280"]}, "3265431": {"hotel_name": "\u9886\u597d\u5955\u5885\u7cbe\u54c1\u6c7d\u8f66\u9152\u5e97(\u6df1\u5733\u9f99\u534e\u5e97)", "order_time": ["2019-01-17 08:28:32"], "total_order": 1, "hotel_value": ["4.6"], "hotel_price": ["570"]}, "6052155": {"hotel_name": "\u9a8f\u6021\u8fde\u9501\u9152\u5e97(\u6df1\u5733\u5742\u7530\u5730\u94c1\u7ad9\u5e97)", "order_time": ["2019-01-17 08:28:32"], "total_order": 1, "hotel_value": ["4.4"], "hotel_price": ["129"]}, "661443": {"hotel_name": "\u6df1\u5733\u4e1c\u65b9\u534a\u5c71\u9152\u5e97", "order_time": ["2019-01-17 08:28:32"], "total_order": 1, "hotel_value": ["4.3"], "hotel_price": ["298"]}, "6086392": {"hotel_name": "\u7ef4\u4e5f\u7eb3\u56fd\u9645\u9152\u5e97(\u6df1\u5733\u89c2\u6f9c\u73af\u89c2\u5357\u8def\u5e97)", "order_time": ["2019-01-17 08:28:32"], "total_order": 1, "hotel_value": ["4.8"], "hotel_price": ["306"]}, "2879082": {"hotel_name": "\u6df1\u5733\u5609\u60a6\u7cbe\u54c1\u9152\u5e97", "order_time": ["2019-01-17 08:28:32"], "total_order": 1, "hotel_value": ["4.4"], "hotel_price": ["228"]}, "8589145": {"hotel_name": "\u6df1\u5733\u591a\u4f26\u591a\u9152\u5e97\u9a6c\u5bb6\u9f99\u5e97", "order_time": ["2019-01-17 08:28:32"], "total_order": 1, "hotel_value": ["4.4"], "hotel_price": ["268"]}, "4603033": {"hotel_name": "\u679c\u679c\u516c\u5bd3(\u6df1\u5733\u79d1\u6280\u56ed\u5e97)(\u539f\u5927\u51b2\u90fd\u5e02\u82b1\u56ed\u5e97)", "order_time": ["2019-01-17 08:28:32"], "total_order": 1, "hotel_value": ["4.4"], "hotel_price": ["254"]}, "23971572": {"hotel_name": "\u7ef4\u4e5f\u7eb3\u56fd\u9645\u9152\u5e97(\u6df1\u5733\u89c2\u6f9c\u9f99\u6f9c\u5927\u9053\u831c\u5751\u5e97)", "order_time": ["2019-01-17 08:28:32"], "total_order": 1, "hotel_value": ["4.8"], "hotel_price": ["200"]}, "7062154": {"hotel_name": "\u7ef4\u4e5f\u7eb3\u56fd\u9645\u9152\u5e97(\u6df1\u5733\u5927\u9e4f\u8475\u5357\u5e97)", "order_time": ["2019-01-17 08:28:34"], "total_order": 1, "hotel_value": ["4.8"], "hotel_price": ["359"]}, "2577625": {"hotel_name": "\u6df1\u5733\u680e\u5b9c\u9152\u5e97", "order_time": ["2019-01-17 08:28:41", "2019-01-17 08:32:36"], "total_order": 2, "hotel_value": ["4.7", "4.7"], "hotel_price": ["208", "208"]}, "474480": {"hotel_name": "\u5361\u7f57\u7cbe\u54c1\u9152\u5e97(\u6df1\u5733\u4e1c\u95e8\u5e97)", "order_time": ["2019-01-17 08:28:41"], "total_order": 1, "hotel_value": ["4.4"], "hotel_price": ["166"]}, "6037590": {"hotel_name": "\u6df1\u5733\u53d1\u5c55\u4e2d\u5fc3\u9152\u5e97", "order_time": ["2019-01-17 08:28:42"], "total_order": 1, "hotel_value": ["4.5"], "hotel_price": ["638"]}, "9665770": {"hotel_name": "\u6df1\u5733\u4f18\u5bb6\u7cbe\u54c1\u516c\u5bd3", "order_time": ["2019-01-17 08:28:44"], "total_order": 1, "hotel_value": ["3.6"], "hotel_price": ["398"]}, "5889522": {"hotel_name": "\u6df1\u5733\u6e05\u6e56\u65c5\u9986", "order_time": ["2019-01-17 08:28:57"], "total_order": 1, "hotel_value": ["3.7"], "hotel_price": ["78"]}, "1577297": {"hotel_name": "\u661f\u6cb3\u9152\u5e97(\u6df1\u5733\u6ce5\u5c97\u5e97)", "order_time": ["2019-01-17 08:29:02"], "total_order": 1, "hotel_value": ["2.6"], "hotel_price": ["138"]}, "8719124": {"hotel_name": "\u6df1\u5733\u539f\u5bbf\u9752\u5e74\u65c5\u793e", "order_time": ["2019-01-17 08:29:24"], "total_order": 1, "hotel_value": ["4.8"], "hotel_price": ["40"]}, "11237662": {"hotel_name": "\u91d1\u4e2d\u73af\u670d\u52a1\u516c\u5bd3(\u6df1\u5733\u65b0\u6d69e\u90fd\u5e97)", "order_time": ["2019-01-17 08:30:35"], "total_order": 1, "hotel_value": ["4.4"], "hotel_price": ["469"]}, "1016845": {"hotel_name": "\u9510\u601d\u7279\u00b7\u9038\u81f4\u9152\u5e97(\u6df1\u5733\u4e1c\u7ad9\u5e03\u5409\u5e97)", "order_time": ["2019-01-17 08:30:39"], "total_order": 1, "hotel_value": ["4.7"], "hotel_price": ["132"]}, "429212": {"hotel_name": "\u6df1\u5733\u6d77\u666f\u5609\u9014\u9152\u5e97(\u539f\u5965\u601d\u5ef7\u9152\u5e97)", "order_time": ["2019-01-17 08:30:40", "2019-01-17 08:36:36"], "total_order": 2, "hotel_value": ["4.5", "4.5"], "hotel_price": ["918", "918"]}, "1600214": {"hotel_name": "\u6df1\u5733\u5df4\u83f2\u9152\u5e97", "order_time": ["2019-01-17 08:30:40"], "total_order": 1, "hotel_value": ["4.6"], "hotel_price": ["117"]}, "27966194": {"hotel_name": "\u6df1\u5733\u5bb6\u745e\u5c45\u592a\u7a7a\u8231\u516c\u5bd3", "order_time": ["2019-01-17 08:30:41"], "total_order": 1, "hotel_value": ["4.7"], "hotel_price": ["43"]}, "1425633": {"hotel_name": "\u543e\u9047\u7cbe\u54c1\u8fde\u9501\u9152\u5e97(\u6df1\u5733\u9f99\u534e\u5730\u94c1\u7ad9\u5e97)", "order_time": ["2019-01-17 08:30:44"], "total_order": 1, "hotel_value": ["4.5"], "hotel_price": ["179"]}, "1597417": {"hotel_name": "\u6df1\u5733\u745e\u6765\u5ba2\u6808", "order_time": ["2019-01-17 08:30:47"], "total_order": 1, "hotel_value": ["4.2"], "hotel_price": ["123"]}, "6237876": {"hotel_name": "\u6c49\u6c38\u00b7\u745e\u9152\u5e97(\u6df1\u5733\u673a\u573a\u5e97)", "order_time": ["2019-01-17 08:34:42", "2019-01-17 08:30:48"], "total_order": 2, "hotel_value": ["4.6", "4.6"], "hotel_price": ["398", "398"]}, "5237812": {"hotel_name": "\u6df1\u5733\u96c5\u4e30\u82d1\u5546\u52a1\u9152\u5e97", "order_time": ["2019-01-17 08:30:48"], "total_order": 1, "hotel_value": ["4.2"], "hotel_price": ["133"]}, "4834958": {"hotel_name": "\u6df1\u5733\u7fe0\u6d77\u5546\u52a1\u5bbe\u9986", "order_time": ["2019-01-17 08:30:49"], "total_order": 1, "hotel_value": ["4.0"], "hotel_price": ["133"]}, "1229496": {"hotel_name": "\u5982\u5bb6\u5feb\u6377\u9152\u5e97(\u6df1\u5733\u9ec4\u8d1d\u5cad\u51e4\u51f0\u8def\u5e97)", "order_time": ["2019-01-17 08:31:20"], "total_order": 1, "hotel_value": ["4.6"], "hotel_price": ["149"]}, "4007561": {"hotel_name": "\u6df1\u5733\u5927\u5b66\u5170\u5179\u9152\u5e97", "order_time": ["2019-01-17 08:32:36"], "total_order": 1, "hotel_value": ["4.5"], "hotel_price": ["358"]}, "6766680": {"hotel_name": "\u7ef4\u4e5f\u7eb3\u56fd\u9645\u9152\u5e97(\u6df1\u5733\u4f1a\u5c55\u4e2d\u5fc3\u6d77\u4e0a\u7530\u56ed\u5e97)", "order_time": ["2019-01-17 08:36:31", "2019-01-17 08:32:38"], "total_order": 2, "hotel_value": ["4.7", "4.7"], "hotel_price": ["188", "188"]}, "446486": {"hotel_name": "\u7ef4\u4e5f\u7eb3\u9152\u5e97(\u6df1\u5733\u94f6\u6e56\u5730\u94c1\u7ad9\u5e97)", "order_time": ["2019-01-17 08:32:39"], "total_order": 1, "hotel_value": ["4.7"], "hotel_price": ["218"]}, "1206595": {"hotel_name": "\u83ab\u6cf0168(\u6df1\u5733\u4e1c\u95e8\u4e2d\u5fc3\u5e97)", "order_time": ["2019-01-17 08:32:42"], "total_order": 1, "hotel_value": ["4.5"], "hotel_price": ["166"]}, "19828877": {"hotel_name": "\u4e50\u6613\u4f4f\u65e0\u4eba\u667a\u6167\u9152\u5e97(\u6df1\u5733\u516b\u5366\u5cad\u5730\u94c1\u7ad9\u5e97)", "order_time": ["2019-01-17 08:32:51"], "total_order": 1, "hotel_value": ["4.5"], "hotel_price": ["229"]}, "19630852": {"hotel_name": "\u6df1\u5733\u82e5\u73ba\u9152\u5e97", "order_time": ["2019-01-17 08:32:52"], "total_order": 1, "hotel_value": ["4.7"], "hotel_price": ["918"]}, "1351933": {"hotel_name": "\u6df1\u5733\u67cf\u5c14\u65af\u9152\u5e97", "order_time": ["2019-01-17 08:32:56"], "total_order": 1, "hotel_value": ["4.5"], "hotel_price": ["150"]}, "6653726": {"hotel_name": "\u6df1\u5733\u6cf0\u5c71\u5bbe\u9986", "order_time": ["2019-01-17 08:32:57"], "total_order": 1, "hotel_value": ["3.0"], "hotel_price": ["97"]}, "1849424": {"hotel_name": "\u6df1\u5733\u540c\u4e50\u5546\u52a1\u9152\u5e97", "order_time": ["2019-01-17 08:32:58"], "total_order": 1, "hotel_value": ["3.8"], "hotel_price": ["157"]}, "1595987": {"hotel_name": "\u5bb6\u8fce\u8fde\u9501\u9152\u5e97(\u6df1\u5733\u9f99\u5c97\u5e97)", "order_time": ["2019-01-17 08:33:00"], "total_order": 1, "hotel_value": ["4.3"], "hotel_price": ["68"]}, "3522631": {"hotel_name": "\u7ef4\u4e5f\u7eb3\u667a\u597d\u9152\u5e97(\u6df1\u5733\u5b9d\u80fd\u57ce\u5e02\u5e7f\u573a\u5e97)", "order_time": ["2019-01-17 08:33:30"], "total_order": 1, "hotel_value": ["4.8"], "hotel_price": ["386"]}, "1603233": {"hotel_name": "\u6df1\u5733\u56fd\u5bbe\u5546\u52a1\u9152\u5e97", "order_time": ["2019-01-17 08:34:33"], "total_order": 1, "hotel_value": ["4.4"], "hotel_price": ["209"]}, "5248368": {"hotel_name": "\u6df1\u573380\u9752\u5e74\u8fde\u9501\u9152\u5e97\u673a\u573a\u540e\u745e\u5730\u94c1\u7ad9\u5e97", "order_time": ["2019-01-17 08:34:33"], "total_order": 1, "hotel_value": ["4.6"], "hotel_price": ["128"]}, "1284920": {"hotel_name": "\u7ef4\u4e5f\u7eb3\u9152\u5e97(\u6df1\u5733\u5357\u5c71\u4ebf\u5229\u8fbe\u5e97)", "order_time": ["2019-01-17 08:34:33"], "total_order": 1, "hotel_value": ["4.8"], "hotel_price": ["439"]}, "1798550": {"hotel_name": "\u6df1\u5733\u8299\u84c9\u5bbe\u9986", "order_time": ["2019-01-17 08:34:36"], "total_order": 1, "hotel_value": ["4.3"], "hotel_price": ["346"]}, "6273866": {"hotel_name": "one\u516c\u5bd3(\u6df1\u5733\u673a\u573a\u5e97)", "order_time": ["2019-01-17 08:34:36"], "total_order": 1, "hotel_value": ["4.2"], "hotel_price": ["219"]}, "10226645": {"hotel_name": "\u6df1\u5733\u9526\u56ca\u5bd3\u9152\u5e97", "order_time": ["2019-01-17 08:34:41"], "total_order": 1, "hotel_value": ["4.7"], "hotel_price": ["144"]}, "1386210": {"hotel_name": "\u5982\u5bb6\u5feb\u6377\u9152\u5e97(\u6df1\u5733\u5e03\u5409\u8857\u957f\u9f99\u5730\u94c1\u7ad9\u5e97)", "order_time": ["2019-01-17 08:34:45"], "total_order": 1, "hotel_value": ["4.5"], "hotel_price": ["166"]}, "5007469": {"hotel_name": "\u7ef4\u4e5f\u7eb3\u9152\u5e97(\u6df1\u5733\u5ba2\u5bb6\u5c0f\u9547\u5e97)(\u539f\u5e03\u5409\u7518\u674e\u8def\u5e97)", "order_time": ["2019-01-17 08:34:48"], "total_order": 1, "hotel_value": ["4.8"], "hotel_price": ["266"]}, "1335772": {"hotel_name": "80\u9752\u5e74\u9152\u5e97\u8fde\u9501(\u6df1\u5733\u673a\u573a\u65b0\u822a\u7ad9\u697c\u5e97)", "order_time": ["2019-01-17 08:34:49"], "total_order": 1, "hotel_value": ["4.2"], "hotel_price": ["102"]}, "898136": {"hotel_name": "\u6df1\u5733\u592a\u9633\u5c9b\u5047\u65e5\u9152\u5e97", "order_time": ["2019-01-17 08:34:51"], "total_order": 1, "hotel_value": ["4.4"], "hotel_price": ["218"]}, "2531198": {"hotel_name": "\u57ce\u5e02\u4fbf\u6377\u9152\u5e97\u8fde\u9501(\u6df1\u5733\u5357\u5c71\u79d1\u6280\u56ed\u9a6c\u5bb6\u9f99\u5e97)", "order_time": ["2019-01-17 08:34:53"], "total_order": 1, "hotel_value": ["4.4"], "hotel_price": ["337"]}, "1597294": {"hotel_name": "\u798f\u5e03\u65af\u5546\u52a1\u9152\u5e97(\u6df1\u5733\u5927\u6d6a\u5546\u4e1a\u4e2d\u5fc3\u5e97)", "order_time": ["2019-01-17 08:34:54"], "total_order": 1, "hotel_value": ["4.3"], "hotel_price": ["163"]}, "1462763": {"hotel_name": "\u6df1\u5733\u9f99\u8fd0\u901a\u5bbe\u9986", "order_time": ["2019-01-17 08:34:56"], "total_order": 1, "hotel_value": ["4.5"], "hotel_price": ["115"]}, "3054997": {"hotel_name": "\u4e1c\u660e\u82b1\u56ed\u9152\u5e97(\u6df1\u5733\u897f\u4e61\u576a\u6d32\u5730\u94c1\u7ad9\u5e97)", "order_time": ["2019-01-17 08:36:35"], "total_order": 1, "hotel_value": ["4.2"], "hotel_price": ["169"]}, "967921": {"hotel_name": "\u6c49\u5ead\u9152\u5e97(\u6df1\u5733\u534e\u5f3a\u5357\u5e97)(\u539f\u5357\u56ed\u8def\u5e97)", "order_time": ["2019-01-17 08:36:37"], "total_order": 1, "hotel_value": ["4.4"], "hotel_price": ["218"]}, "1578547": {"hotel_name": "7\u5929\u4f18\u54c1\u9152\u5e97(\u6df1\u5733\u79d1\u6280\u56ed\u9ad8\u65b0\u56ed\u5730\u94c1\u7ad9\u5e97)", "order_time": ["2019-01-17 08:36:38"], "total_order": 1, "hotel_value": ["4.5"], "hotel_price": ["459"]}, "513807": {"hotel_name": "\u51ef\u9f99\u56fd\u9645\u9152\u5e97(\u6df1\u5733\u5317\u7ad9\u5e97)", "order_time": ["2019-01-17 08:36:38"], "total_order": 1, "hotel_value": ["4.4"], "hotel_price": ["318"]}, "12089621": {"hotel_name": "\u7ef4\u7eb3\u65af\u56fd\u9645\u9152\u5e97(\u6df1\u5733\u516c\u660e\u5929\u8679\u5e97)", "order_time": ["2019-01-17 08:36:38"], "total_order": 1, "hotel_value": ["4.8"], "hotel_price": ["271"]}, "5981963": {"hotel_name": "\u5c1a\u5ba2\u4f18\u8fde\u9501\u9152\u5e97(\u6df1\u5733\u673a\u573a\u540e\u745e\u5730\u94c1\u7ad9\u5e97)", "order_time": ["2019-01-17 08:36:39"], "total_order": 1, "hotel_value": ["4.2"], "hotel_price": ["151"]}, "6083697": {"hotel_name": "\u6df1\u5733\u66fc\u8c37\u4e00\u53f7\u9152\u5e97(\u9f99\u534e\u5e97)", "order_time": ["2019-01-17 08:36:39"], "total_order": 1, "hotel_value": ["4.6"], "hotel_price": ["256"]}, "1595907": {"hotel_name": "\u91d1\u9a6c\u65f6\u5c1a\u9152\u5e97(\u6df1\u5733\u5df4\u4e01\u5e97)", "order_time": ["2019-01-17 08:36:40"], "total_order": 1, "hotel_value": ["4.0"], "hotel_price": ["278"]}, "9585844": {"hotel_name": "\u6df1\u5733\u56db\u5b63\u6d77\u666f\u9152\u5e97\u516c\u5bd3(\u5927\u6885\u6c99\u7231\u7434\u6d77\u5e97)", "order_time": ["2019-01-17 08:36:41"], "total_order": 1, "hotel_value": ["4.9"], "hotel_price": ["286"]}, "1596951": {"hotel_name": "\u6df1\u5733\u84ec\u5ba2\u5546\u52a1\u9152\u5e97", "order_time": ["2019-01-17 08:36:47"], "total_order": 1, "hotel_value": ["4.3"], "hotel_price": ["133"]}, "1597309": {"hotel_name": "\u6df1\u5733\u91d1\u98ce\u683c\u5546\u52a1\u5bbe\u9986", "order_time": ["2019-01-17 08:36:48"], "total_order": 1, "hotel_value": ["4.3"], "hotel_price": ["173"]}, "1598733": {"hotel_name": "\u5feb8\u8fde\u9501\u9152\u5e97(\u6df1\u5733\u677e\u5c97\u7acb\u4e1a\u5e97)", "order_time": ["2019-01-17 08:36:52"], "total_order": 1, "hotel_value": ["4.6"], "hotel_price": ["103"]}, "5053827": {"hotel_name": "\u57ce\u5e02\u5feb\u6377\u9152\u5e97(\u6df1\u5733\u9f99\u57ce\u5e7f\u573a\u5e97)", "order_time": ["2019-01-17 08:36:52"], "total_order": 1, "hotel_value": ["4.2"], "hotel_price": ["88"]}, "1007990": {"hotel_name": "\u6d77\u6797\u9152\u5e97(\u6df1\u5733\u9f99\u534e\u65b0\u533a\u5e97)", "order_time": ["2019-01-17 08:36:58"], "total_order": 1, "hotel_value": ["4.1"], "hotel_price": ["103"]}}}