{"\u5f00\u59cb\u8bb0\u5f55\u65f6\u95f4": "2019-01-22 19:27:50", "\u7ed3\u675f\u8bb0\u5f55\u65f6\u95f4": "2019-01-22 20:27:50", "\u8ba2\u5355\u603b\u589e\u91cf": 475, "item": {"481089": {"hotel_name": "\u60a6\u6765\u5ba2\u6808\u7ecf\u6d4e\u8fde\u9501\u9152\u5e97(\u6df1\u5733\u5357\u5c71\u5e97)", "order_time": ["2019-01-22 19:30:00"], "total_order": 1, "hotel_value": ["4.1"], "hotel_price": ["214"]}, "5983447": {"hotel_name": "\u7ef4\u4e5f\u7eb3\u9152\u5e97(\u6df1\u5733\u9f99\u534e\u58f9\u57ce\u4e2d\u5fc3\u5e97)", "order_time": ["2019-01-22 19:30:00"], "total_order": 1, "hotel_value": ["4.8"], "hotel_price": ["246"]}, "5301729": {"hotel_name": "\u683c\u6797\u4e1c\u65b9\u9152\u5e97(\u6df1\u5733\u4e1c\u95e8\u5e97)", "order_time": ["2019-01-22 19:30:00"], "total_order": 1, "hotel_value": ["4.6"], "hotel_price": ["254"]}, "3737121": {"hotel_name": "\u7ef4\u4e5f\u7eb3\u9152\u5e97(\u6df1\u5733\u6d2a\u6e56\u5e97)", "order_time": ["2019-01-22 19:30:01"], "total_order": 1, "hotel_value": ["4.8"], "hotel_price": ["342"]}, "5404640": {"hotel_name": "\u6df1\u5733\u6e7e\u79d1\u6280\u56ed\u6d77\u5c1a\u9152\u5e97", "order_time": ["2019-01-22 19:30:01", "2019-01-22 19:32:04"], "total_order": 2, "hotel_value": ["4.6", "4.6"], "hotel_price": ["915", "915"]}, "2699166": {"hotel_name": "\u5929\u548c\u9152\u5e97(\u6df1\u5733\u673a\u573aT3\u822a\u7ad9\u697c\u5e97)", "order_time": ["2019-01-22 19:30:02"], "total_order": 1, "hotel_value": ["4.6"], "hotel_price": ["319"]}, "1596477": {"hotel_name": "\u4e1c\u65b9\u7cbe\u54c1\u9152\u5e97(\u6df1\u5733\u9ec4\u8d1d\u5cad\u5730\u94c1\u7ad9\u5e97)", "order_time": ["2019-01-22 19:30:03"], "total_order": 1, "hotel_value": ["4.2"], "hotel_price": ["233"]}, "1070617": {"hotel_name": "\u6df1\u5733\u96c5\u5ead\u9152\u5e97", "order_time": ["2019-01-22 19:30:03"], "total_order": 1, "hotel_value": ["4.3"], "hotel_price": ["256"]}, "1609506": {"hotel_name": "\u6df1\u5733\u6e29\u5fb7\u59c6\u81f3\u5c0a\u9152\u5e97", "order_time": ["2019-01-22 19:30:04"], "total_order": 1, "hotel_value": ["4.6"], "hotel_price": ["1318"]}, "3003206": {"hotel_name": "\u7ef4\u4e5f\u7eb3\u9152\u5e97(\u6df1\u5733\u4e07\u8c61\u57ce\u5e97)", "order_time": ["2019-01-22 19:30:04"], "total_order": 1, "hotel_value": ["4.8"], "hotel_price": ["322"]}, "535597": {"hotel_name": "\u6df1\u5733\u5b9d\u6656\u5546\u52a1\u9152\u5e97", "order_time": ["2019-01-22 19:30:04"], "total_order": 1, "hotel_value": ["4.5"], "hotel_price": ["432"]}, "778559": {"hotel_name": "\u516b\u65b9\u7cbe\u54c1\u9152\u5e97(\u6df1\u5733\u83b2\u82b1\u5c71\u5e97)", "order_time": ["2019-01-22 19:30:05"], "total_order": 1, "hotel_value": ["4.1"], "hotel_price": ["269"]}, "1598473": {"hotel_name": "\u6797\u56ed\u9152\u5e97", "order_time": ["2019-01-22 19:30:05"], "total_order": 1, "hotel_value": ["3.6"], "hotel_price": ["178"]}, "397330": {"hotel_name": "\u6df1\u5733\u5bcc\u83b1\u82b1\u56ed\u9152\u5e97", "order_time": ["2019-01-22 19:30:05"], "total_order": 1, "hotel_value": ["4.3"], "hotel_price": ["259"]}, "1457563": {"hotel_name": "\u5982\u5bb6\u5feb\u6377\u9152\u5e97(\u6df1\u5733\u4f1a\u5c55\u4e2d\u5fc3\u6c99\u5c3e\u5730\u94c1\u7ad9\u5e97)(\u539f\u65b0\u6d32\u5e97)", "order_time": ["2019-01-22 19:30:06"], "total_order": 1, "hotel_value": ["4.5"], "hotel_price": ["237"]}, "806427": {"hotel_name": "\u6df1\u5733\u541b\u548c\u9152\u5e97", "order_time": ["2019-01-22 19:30:07"], "total_order": 1, "hotel_value": [0], "hotel_price": ["188"]}, "1285020": {"hotel_name": "\u6df1\u5733\u67e0\u6aac\u9152\u5e97", "order_time": ["2019-01-22 19:30:07"], "total_order": 1, "hotel_value": ["4.4"], "hotel_price": ["178"]}, "1600059": {"hotel_name": "\u9526\u6c5f\u4e4b\u661f(\u6df1\u5733\u9f99\u5c97\u53cc\u9f99\u5730\u94c1\u7ad9\u5e97)", "order_time": ["2019-01-22 19:30:08"], "total_order": 1, "hotel_value": ["4.4"], "hotel_price": ["129"]}, "4685029": {"hotel_name": "\u660e\u5929\u9152\u5e97(\u6df1\u5733\u5927\u82ac\u6cb9\u753b\u6751\u6728\u68c9\u6e7e\u5730\u94c1\u7ad9\u5e97)", "order_time": ["2019-01-22 19:30:09"], "total_order": 1, "hotel_value": ["3.6"], "hotel_price": ["168"]}, "435452": {"hotel_name": "\u6df1\u5733\u9e7f\u5634\u5c71\u5e84", "order_time": ["2019-01-22 19:30:09"], "total_order": 1, "hotel_value": ["3.9"], "hotel_price": ["516"]}, "771959": {"hotel_name": "\u6df1\u5733\u65b0\u4e1c\u6e90\u9152\u5e97", "order_time": ["2019-01-22 19:30:10"], "total_order": 1, "hotel_value": ["4.5"], "hotel_price": ["188"]}, "1786360": {"hotel_name": "\u5c1a\u54c1\u94c2\u5bb6\u9152\u5e97(\u6df1\u5733\u89c2\u6f9c\u5c71\u6c34\u7530\u56ed\u5e97)", "order_time": ["2019-01-22 19:30:12"], "total_order": 1, "hotel_value": ["4.7"], "hotel_price": ["128"]}, "1431916": {"hotel_name": "\u6df1\u5733\u65b0\u5e74\u9152\u5e97", "order_time": ["2019-01-22 19:30:12"], "total_order": 1, "hotel_value": ["4.3"], "hotel_price": ["458"]}, "689152": {"hotel_name": "\u9526\u6c5f\u4e4b\u661f(\u6df1\u5733\u673a\u573a\u5e97)", "order_time": ["2019-01-22 19:30:12"], "total_order": 1, "hotel_value": ["4.3"], "hotel_price": ["209"]}, "1603178": {"hotel_name": "7\u5929\u8fde\u9501\u9152\u5e97(\u6df1\u5733\u5317\u7ad9\u5e97)", "order_time": ["2019-01-22 19:30:14", "2019-01-22 19:40:01", "2019-01-22 19:36:00"], "total_order": 3, "hotel_value": ["4.7", "4.7", "4.7"], "hotel_price": ["209", "209", "209"]}, "6414483": {"hotel_name": "\u6df1\u5733\u541b\u9716\u7cbe\u54c1\u9152\u5e97", "order_time": ["2019-01-22 19:30:15"], "total_order": 1, "hotel_value": ["4.4"], "hotel_price": ["98"]}, "1598742": {"hotel_name": "\u6df1\u5733\u9f99\u56ed\u5c1a\u666f\u7cbe\u54c1\u9152\u5e97", "order_time": ["2019-01-22 19:30:17"], "total_order": 1, "hotel_value": ["4.5"], "hotel_price": ["173"]}, "5237243": {"hotel_name": "\u6df1\u5733\u80dc\u4f3c\u5bb6\u8fde\u9501\u9152\u5e97\u77ed\u79df\u516c\u5bd3\u5357\u5c71\u65b0\u4e00\u4ee3\u56fd\u9645\u516c\u5bd3\u5e97", "order_time": ["2019-01-22 19:30:19"], "total_order": 1, "hotel_value": ["4.8"], "hotel_price": ["228"]}, "3799379": {"hotel_name": "\u6df1\u5733\u5353\u6f9c\u5bbe\u9986", "order_time": ["2019-01-22 19:30:26"], "total_order": 1, "hotel_value": ["4.5"], "hotel_price": ["113"]}, "1513295": {"hotel_name": "\u6df1\u5733\u4e30\u5c45\u5546\u52a1\u9152\u5e97(\u539f\u4e30\u797a\u5c45\u9152\u5e97)", "order_time": ["2019-01-22 19:31:59"], "total_order": 1, "hotel_value": ["4.5"], "hotel_price": ["119"]}, "1933926": {"hotel_name": "\u6df1\u5733\u96c5\u56ed\u5f69\u7530\u9152\u5e97", "order_time": ["2019-01-22 19:56:00", "2019-01-22 19:31:59"], "total_order": 2, "hotel_value": ["4.2", "4.2"], "hotel_price": ["259", "259"]}, "3264915": {"hotel_name": "\u6df1\u5733\u7231\u8bfa\u535a\u9152\u5e97", "order_time": ["2019-01-22 19:31:59"], "total_order": 1, "hotel_value": ["4.3"], "hotel_price": ["388"]}, "28707486": {"hotel_name": "\u94c2\u65af\u767b\u884c\u653f\u516c\u5bd3(\u6df1\u5733\u5317\u7ad9\u6c47\u9686\u4e2d\u5fc3\u5e97)", "order_time": ["2019-01-22 19:56:02", "2019-01-22 19:31:59"], "total_order": 2, "hotel_value": ["4.5", "4.5"], "hotel_price": ["419", "419"]}, "6473566": {"hotel_name": "\u4e2d\u6fe0\u7cbe\u81f4\u9152\u5e97(\u897f\u4e61\u5927\u9053\u5e97)", "order_time": ["2019-01-22 19:32:00"], "total_order": 1, "hotel_value": ["4.8"], "hotel_price": ["405"]}, "1209466": {"hotel_name": "\u6df1\u5733\u4e3d\u90fd\u9152\u5e97", "order_time": ["2019-01-22 19:32:00"], "total_order": 1, "hotel_value": ["4.4"], "hotel_price": ["356"]}, "1524901": {"hotel_name": "\u9886\u822a\u7cbe\u54c1\u9152\u5e97(\u6df1\u5733\u5b9d\u5b89\u56fd\u9645\u673a\u573aT3\u822a\u7ad9\u697c\u5e97)", "order_time": ["2019-01-22 19:34:08", "2019-01-22 19:32:01"], "total_order": 2, "hotel_value": ["4.3", "4.3"], "hotel_price": ["173", "173"]}, "966939": {"hotel_name": "\u6df1\u5733\u96c5\u5ead\u7cbe\u54c1\u9152\u5e97", "order_time": ["2019-01-22 19:48:01", "2019-01-22 19:32:02"], "total_order": 2, "hotel_value": ["4.3", "4.3"], "hotel_price": ["356", "356"]}, "473037": {"hotel_name": "\u6df1\u5733\u5723\u6dd8\u6c99\u9152\u5e97(\u7fe1\u7fe0\u5e97)", "order_time": ["2019-01-22 19:32:02"], "total_order": 1, "hotel_value": ["4.6"], "hotel_price": ["936"]}, "535707": {"hotel_name": "\u6df1\u5733\u5b9d\u4ea8\u8fbe\u56fd\u9645\u5927\u9152\u5e97", "order_time": ["2019-01-22 19:32:03"], "total_order": 1, "hotel_value": ["4.4"], "hotel_price": ["493"]}, "1432157": {"hotel_name": "\u6df1\u5733\u534e\u4fa8\u9152\u5e97", "order_time": ["2019-01-22 19:32:03"], "total_order": 1, "hotel_value": ["3.7"], "hotel_price": ["194"]}, "8960860": {"hotel_name": "\u6df1\u5733\u79d1\u521b\u9152\u5e97", "order_time": ["2019-01-22 19:32:04"], "total_order": 1, "hotel_value": ["4.5"], "hotel_price": ["414"]}, "4688214": {"hotel_name": "\u6df1\u5733\u7693\u6e90\u4e3b\u9898\u9152\u5e97(\u5317\u7ad9\u5e97)", "order_time": ["2019-01-22 19:32:05"], "total_order": 1, "hotel_value": ["4.0"], "hotel_price": ["160"]}, "535723": {"hotel_name": "\u6c49\u5ead\u9152\u5e97(\u6df1\u5733\u6d77\u4e0a\u4e16\u754c\u62db\u5546\u8def\u5e97)", "order_time": ["2019-01-22 19:32:05"], "total_order": 1, "hotel_value": ["4.5"], "hotel_price": ["256"]}, "6030786": {"hotel_name": "\u683c\u6797\u8054\u76df\u9152\u5e97(\u6df1\u5733\u798f\u6c38\u5730\u94c1\u7ad9\u5e97)", "order_time": ["2019-01-22 19:32:06"], "total_order": 1, "hotel_value": ["4.2"], "hotel_price": ["131"]}, "5923944": {"hotel_name": "\u57ce\u5e02\u4fbf\u6377\u9152\u5e97(\u6df1\u5733\u77f3\u5ca9\u79d1\u6280\u56ed\u5e97)", "order_time": ["2019-01-22 19:32:09", "2019-01-22 19:40:05"], "total_order": 2, "hotel_value": ["4.7", "4.7"], "hotel_price": ["217", "217"]}, "876651": {"hotel_name": "\u6df1\u5733\u96f7\u5733\u5bbe\u9986", "order_time": ["2019-01-22 19:32:09", "2019-01-22 20:16:00"], "total_order": 2, "hotel_value": ["4.2", "4.2"], "hotel_price": ["189", "209"]}, "1679889": {"hotel_name": "\u6ee8\u6cb3\u4e91\u5c45\u7cbe\u54c1\u516c\u5bd3(\u6df1\u5733\u4eac\u57fa\u6ee8\u6cb3\u65f6\u4ee3\u5e97)", "order_time": ["2019-01-22 19:32:10"], "total_order": 1, "hotel_value": ["4.4"], "hotel_price": ["366"]}, "6285106": {"hotel_name": "\u6b22\u4e50\u7cbe\u54c1\u9152\u5e97(\u6df1\u5733\u5b9d\u5b89\u5e97)", "order_time": ["2019-01-22 19:32:11"], "total_order": 1, "hotel_value": ["4.5"], "hotel_price": ["106"]}, "13785743": {"hotel_name": "\u6df1\u5733\u5609\u745e\u57ce\u827a\u672f\u9152\u5e97(\u5927\u6d6a\u5e97)", "order_time": ["2019-01-22 19:32:13"], "total_order": 1, "hotel_value": ["4.4"], "hotel_price": ["133"]}, "1097982": {"hotel_name": "\u6df1\u5733\u4e30\u6e90\u5bbe\u9986", "order_time": ["2019-01-22 19:32:15"], "total_order": 1, "hotel_value": ["4.7"], "hotel_price": ["115"]}, "1597095": {"hotel_name": "\u6fe0\u6c5f\u6625\u9152\u5e97(\u6df1\u5733\u897f\u4e61\u5e97)", "order_time": ["2019-01-22 19:32:16"], "total_order": 1, "hotel_value": ["4.2"], "hotel_price": ["148"]}, "5316644": {"hotel_name": "\u6df1\u5733\u7396\u6c60\u9152\u5e97", "order_time": ["2019-01-22 19:32:21"], "total_order": 1, "hotel_value": ["4.5"], "hotel_price": ["128"]}, "833648": {"hotel_name": "\u6df1\u5733\u9a8f\u60a6\u5546\u52a1\u9152\u5e97(\u5b9d\u5b89\u5e97)", "order_time": ["2019-01-22 19:32:23"], "total_order": 1, "hotel_value": ["3.9"], "hotel_price": ["168"]}, "26576656": {"hotel_name": "\u6df1\u5733\u6df1\u5733\u6e7e\u4e07\u6021\u9152\u5e97", "order_time": ["2019-01-22 19:33:58"], "total_order": 1, "hotel_value": ["4.2"], "hotel_price": ["1166"]}, "3264168": {"hotel_name": "\u739b\u53ef\u9152\u5e97(\u6df1\u5733\u4eac\u57fa100\u5730\u738b\u5927\u53a6\u5e97)(\u539f\u739b\u53ef\u5546\u52a1\u9152\u5e97)", "order_time": ["2019-01-22 19:33:59"], "total_order": 1, "hotel_value": ["4.1"], "hotel_price": ["143"]}, "374627": {"hotel_name": "\u6df1\u5733\u5bcc\u4e34\u5927\u9152\u5e97", "order_time": ["2019-01-22 19:33:59"], "total_order": 1, "hotel_value": ["4.5"], "hotel_price": ["387"]}, "2388076": {"hotel_name": "\u5e0c\u51ef\u9152\u5e97(\u6df1\u5733\u5317\u7ad9\u5e97)(\u539f\u5229\u534e\u4ed5\u9152\u5e97)", "order_time": ["2019-01-22 19:33:59"], "total_order": 1, "hotel_value": ["4.7"], "hotel_price": ["316"]}, "485036": {"hotel_name": "\u6df1\u5733\u56db\u5b63\u9152\u5e97", "order_time": ["2019-01-22 19:33:59"], "total_order": 1, "hotel_value": ["4.7"], "hotel_price": ["1492"]}, "2322673": {"hotel_name": "\u6df1\u5733\u6c34\u6676\u604b\u7cbe\u54c1\u9152\u5e97(\u539f\u6df1\u5733\u82b3\u90fd\u5546\u52a1\u9152\u5e97)", "order_time": ["2019-01-22 19:34:00"], "total_order": 1, "hotel_value": ["3.9"], "hotel_price": ["229"]}, "2259231": {"hotel_name": "\u6df1\u5733\u8354\u79c0\u9152\u5e97", "order_time": ["2019-01-22 19:34:00"], "total_order": 1, "hotel_value": ["4.0"], "hotel_price": ["138"]}, "1438237": {"hotel_name": "\u6df1\u5733\u6e7e\u79d1\u6280\u56ed\u4e3d\u96c5\u67e5\u5c14\u987f\u9152\u5e97", "order_time": ["2019-01-22 19:34:01"], "total_order": 1, "hotel_value": ["4.6"], "hotel_price": ["1703"]}, "1498780": {"hotel_name": "\u7ef4\u4e5f\u7eb3\u9152\u5e97(\u6df1\u5733\u9f99\u534e\u4eba\u6c11\u5357\u8def\u5e97)", "order_time": ["2019-01-22 19:34:01"], "total_order": 1, "hotel_value": ["4.8"], "hotel_price": ["353"]}, "6831580": {"hotel_name": "\u6df1\u5733\u534e\u7a0b\u5546\u52a1\u9152\u5e97", "order_time": ["2019-01-22 19:34:01"], "total_order": 1, "hotel_value": ["4.6"], "hotel_price": ["164"]}, "535483": {"hotel_name": "\u7f8e\u8c6a\u4e3d\u81f4\u9152\u5e97(\u6df1\u5733\u798f\u7530\u4f1a\u5c55\u4e2d\u5fc3\u5e97)", "order_time": ["2019-01-22 19:34:02"], "total_order": 1, "hotel_value": ["4.7"], "hotel_price": ["770"]}, "8003245": {"hotel_name": "\u7f8e\u8c6a\u9152\u5e97(\u6df1\u5733\u7f57\u6e56\u5927\u5267\u9662\u4e07\u8c61\u57ce\u5e97)", "order_time": ["2019-01-22 19:34:02"], "total_order": 1, "hotel_value": ["4.5"], "hotel_price": ["308"]}, "8589145": {"hotel_name": "\u6df1\u5733\u591a\u4f26\u591a\u9152\u5e97\u9a6c\u5bb6\u9f99\u5e97", "order_time": ["2019-01-22 19:34:03"], "total_order": 1, "hotel_value": ["4.4"], "hotel_price": ["197"]}, "1433302": {"hotel_name": "\u79a7\u7a0b\u9152\u5e97(\u6df1\u5733\u5357\u5c71\u540e\u6d77\u5e97)", "order_time": ["2019-01-22 19:59:59", "2019-01-22 19:34:04"], "total_order": 2, "hotel_value": ["4.4", "4.4"], "hotel_price": ["347", "347"]}, "6817459": {"hotel_name": "\u7ef4\u4e5f\u7eb3\u56fd\u9645\u9152\u5e97(\u6df1\u5733\u673a\u573a\u822a\u57ce\u5e97)", "order_time": ["2019-01-22 19:34:04"], "total_order": 1, "hotel_value": ["4.8"], "hotel_price": ["279"]}, "879026": {"hotel_name": "\u6df1\u5733\u540c\u7a0b\u5bbe\u9986", "order_time": ["2019-01-22 19:34:05"], "total_order": 1, "hotel_value": ["4.3"], "hotel_price": ["179"]}, "2602647": {"hotel_name": "\u6df1\u5733\u4e07\u6fe0\u57ce\u5e02\u9152\u5e97", "order_time": ["2019-01-22 19:54:01", "2019-01-22 19:34:05"], "total_order": 2, "hotel_value": ["4.4", "4.4"], "hotel_price": ["168", "168"]}, "4825977": {"hotel_name": "\u7ef4\u4e5f\u7eb3\u9152\u5e97(\u6df1\u5733\u576a\u5c71\u9ad8\u94c1\u7ad9\u5e97)(\u539f\u576a\u5c71\u6df1\u6c55\u8def\u5e97)", "order_time": ["2019-01-22 19:34:06"], "total_order": 1, "hotel_value": ["4.8"], "hotel_price": ["297"]}, "1595935": {"hotel_name": "\u6d77\u53cb\u9152\u5e97(\u6df1\u5733\u5b9d\u5b89\u7ffb\u8eab\u8def\u5e97)", "order_time": ["2019-01-22 19:50:02", "2019-01-22 19:34:08"], "total_order": 2, "hotel_value": ["4.0", "4.0"], "hotel_price": ["153", "153"]}, "5768538": {"hotel_name": "\u6df1\u5733\u4e5d\u5929\u7cbe\u54c1\u9152\u5e97", "order_time": ["2019-01-22 19:34:10"], "total_order": 1, "hotel_value": ["4.6"], "hotel_price": ["144"]}, "6420136": {"hotel_name": "\u6df1\u5733\u6df1\u6ce2\u5546\u52a1\u5bbe\u9986(\u539f\u798f\u9999\u5546\u52a1\u5bbe\u9986)", "order_time": ["2019-01-22 19:34:12"], "total_order": 1, "hotel_value": ["4.2"], "hotel_price": ["106"]}, "6044419": {"hotel_name": "\u7ef4\u4e5f\u7eb3\u56fd\u9645\u9152\u5e97(\u6df1\u5733\u5e03\u5409\u5927\u82ac\u5e97)", "order_time": ["2019-01-22 19:34:41"], "total_order": 1, "hotel_value": ["4.8"], "hotel_price": ["279"]}, "7116037": {"hotel_name": "\u7ef4\u4e5f\u7eb3\u9152\u5e97(\u6df1\u5733\u79d1\u6280\u56ed\u5317\u5e97)", "order_time": ["2019-01-22 19:34:41"], "total_order": 1, "hotel_value": ["4.8"], "hotel_price": ["406"]}, "1284920": {"hotel_name": "\u7ef4\u4e5f\u7eb3\u9152\u5e97(\u6df1\u5733\u5357\u5c71\u4ebf\u5229\u8fbe\u5e97)", "order_time": ["2019-01-22 19:36:00"], "total_order": 1, "hotel_value": ["4.8"], "hotel_price": ["416"]}, "6284220": {"hotel_name": "\u67cf\u69ff\u9152\u5e97(\u6df1\u5733\u4e1c\u95e8\u6e56\u8d1d\u5730\u94c1\u7ad9\u5e97)", "order_time": ["2019-01-22 19:42:03", "2019-01-22 19:36:00"], "total_order": 2, "hotel_value": ["4.8", "4.8"], "hotel_price": ["406", "406"]}, "6997331": {"hotel_name": "\u7687\u671d\u5546\u52a1\u9152\u5e97(\u6df1\u5733\u798f\u7530\u53e3\u5cb8\u5e97)", "order_time": ["2019-01-22 19:36:01"], "total_order": 1, "hotel_value": ["4.4"], "hotel_price": ["318"]}, "2018694": {"hotel_name": "\u6df1\u5733\u57ce\u5e02\u5706\u68a6\u9152\u5e97", "order_time": ["2019-01-22 19:36:01"], "total_order": 1, "hotel_value": ["4.0"], "hotel_price": ["153"]}, "1603167": {"hotel_name": "\u5f69\u60a6\u9152\u5e97(\u6df1\u5733\u5317\u7ad9\u5e97)", "order_time": ["2019-01-22 19:36:02"], "total_order": 1, "hotel_value": ["4.1"], "hotel_price": ["282"]}, "6310189": {"hotel_name": "\u6df1\u5733\u8bb0\u5fc6\u56fd\u9645\u516c\u5bd3(\u539f\u777f\u4e3d\u9ad8\u7ea7\u5546\u52a1\u516c\u5bd3)", "order_time": ["2019-01-22 19:36:02"], "total_order": 1, "hotel_value": ["4.5"], "hotel_price": ["308"]}, "17535038": {"hotel_name": "\u6df1\u5733\u673a\u573a\u51ef\u60a6\u9152\u5e97", "order_time": ["2019-01-22 19:36:02"], "total_order": 1, "hotel_value": ["4.7"], "hotel_price": ["886"]}, "374854": {"hotel_name": "\u6df1\u5733\u6469\u767b\u514b\u65af\u9152\u5e97", "order_time": ["2019-01-22 19:36:02"], "total_order": 1, "hotel_value": ["4.7"], "hotel_price": ["1023"]}, "15718502": {"hotel_name": "\u79a7\u7a0b\u9152\u5e97(\u6df1\u5733\u5149\u660e\u5e97)", "order_time": ["2019-01-22 19:36:02", "2019-01-22 19:37:59"], "total_order": 2, "hotel_value": ["4.5", "4.5"], "hotel_price": ["187", "187"]}, "1599951": {"hotel_name": "7\u5929\u8fde\u9501\u9152\u5e97(\u6df1\u5733\u706b\u8f66\u7ad9\u5e97)", "order_time": ["2019-01-22 19:36:02", "2019-01-22 19:44:00"], "total_order": 2, "hotel_value": ["4.2", "4.2"], "hotel_price": ["179", "179"]}, "371233": {"hotel_name": "\u6df1\u5733\u5927\u4e2d\u534e\u559c\u6765\u767b\u9152\u5e97", "order_time": ["2019-01-22 19:36:03"], "total_order": 1, "hotel_value": ["4.6"], "hotel_price": ["1458"]}, "1606355": {"hotel_name": "U-HOME\u516c\u5bd3(\u6df1\u5733\u6ee8\u6cb3\u65f6\u4ee3\u5e97)", "order_time": ["2019-01-22 19:36:03"], "total_order": 1, "hotel_value": ["4.6"], "hotel_price": ["679"]}, "1691578": {"hotel_name": "\u6df1\u5733\u592a\u5b50\u5bbe\u9986", "order_time": ["2019-01-22 19:36:04"], "total_order": 1, "hotel_value": ["4.1"], "hotel_price": ["358"]}, "917144": {"hotel_name": "\u9526\u6c5f\u4e4b\u661f(\u6df1\u5733\u5730\u738b\u5e7f\u573a\u5e97)", "order_time": ["2019-01-22 19:36:07"], "total_order": 1, "hotel_value": ["4.3"], "hotel_price": ["199"]}, "1847516": {"hotel_name": "\u6df1\u5733\u6d77\u987a\u5feb\u6377\u9152\u5e97", "order_time": ["2019-01-22 19:36:07", "2019-01-22 19:46:02"], "total_order": 2, "hotel_value": ["4.5", "4.5"], "hotel_price": ["124", "124"]}, "2701309": {"hotel_name": "\u5bbe\u5bb6\u7cbe\u54c1\u9152\u5e97(\u6df1\u5733\u9b45\u529b\u9633\u5149\u5206\u5e97)", "order_time": ["2019-01-22 19:36:08"], "total_order": 1, "hotel_value": ["4.0"], "hotel_price": ["160"]}, "1053436": {"hotel_name": "\u7ef4\u4e5f\u7eb3\u9152\u5e97(\u6df1\u5733\u5742\u96ea\u5c97\u5927\u9053\u5e97)", "order_time": ["2019-01-22 19:36:08"], "total_order": 1, "hotel_value": ["4.8"], "hotel_price": ["509"]}, "1314778": {"hotel_name": "\u5c1a\u5ba2\u4f18\u5feb\u6377\u9152\u5e97(\u6df1\u5733\u5b9d\u5b89\u798f\u6c38\u6c7d\u8f66\u7ad9\u5e97)", "order_time": ["2019-01-22 19:36:09"], "total_order": 1, "hotel_value": ["4.0"], "hotel_price": ["129"]}, "5147875": {"hotel_name": "\u5979\u4ed6\u4f1a\u9152\u5e97\u516c\u5bd3(\u6df1\u5733\u79d1\u6280\u56ed\u5e97)", "order_time": ["2019-01-22 19:36:11"], "total_order": 1, "hotel_value": ["4.3"], "hotel_price": ["282"]}, "1600214": {"hotel_name": "\u6df1\u5733\u5df4\u83f2\u9152\u5e97", "order_time": ["2019-01-22 19:36:11"], "total_order": 1, "hotel_value": ["4.6"], "hotel_price": ["122"]}, "875425": {"hotel_name": "\u9526\u6c5f\u4e4b\u661f(\u6df1\u5733\u798f\u6c11\u5730\u94c1\u7ad9\u5e97)", "order_time": ["2019-01-22 19:36:16", "2019-01-22 20:08:00"], "total_order": 2, "hotel_value": ["4.5", "4.5"], "hotel_price": ["322", "322"]}, "1461871": {"hotel_name": "\u7ef4\u4e5f\u7eb3\u9152\u5e97(\u6df1\u5733\u4f1a\u5c55\u4e2d\u5fc3\u4e8c\u5e97)", "order_time": ["2019-01-22 19:36:33", "2019-01-22 19:52:13"], "total_order": 2, "hotel_value": ["4.8", "4.8"], "hotel_price": ["326", "326"]}, "432848": {"hotel_name": "\u6df1\u5733\u4e0a\u6d77\u5bbe\u9986", "order_time": ["2019-01-22 19:38:00"], "total_order": 1, "hotel_value": ["4.6"], "hotel_price": ["398"]}, "1598538": {"hotel_name": "\u6df1\u5733\u5b66\u5e9c\u5170\u5179\u9152\u5e97", "order_time": ["2019-01-22 19:38:00"], "total_order": 1, "hotel_value": ["4.5"], "hotel_price": ["309"]}, "1070932": {"hotel_name": "\u9038\u7c73\u9152\u5e97(\u6df1\u5733\u5e73\u6e56\u534e\u5357\u57ce\u5e97)", "order_time": ["2019-01-22 19:48:01", "2019-01-22 19:56:00", "2019-01-22 19:38:01"], "total_order": 3, "hotel_value": ["4.4", "4.4", "4.4"], "hotel_price": ["130", "130", "130"]}, "8565961": {"hotel_name": "\u767b\u5df4\u5ba2\u6808(\u6df1\u5733\u4f1a\u5c55\u4e2d\u5fc3\u5e97)", "order_time": ["2019-01-22 19:38:01"], "total_order": 1, "hotel_value": ["4.5"], "hotel_price": ["57"]}, "1380084": {"hotel_name": "\u6df1\u5733\u56fd\u4e30\u9152\u5e97(\u4f1a\u5c55\u4e2d\u5fc3\u5e97)", "order_time": ["2019-01-22 19:38:03"], "total_order": 1, "hotel_value": ["4.0"], "hotel_price": ["256"]}, "23946420": {"hotel_name": "\u6df1\u5733\u84dd\u56fe\u82b1\u56ed\u9152\u5e97", "order_time": ["2019-01-22 19:38:03"], "total_order": 1, "hotel_value": ["4.5"], "hotel_price": ["184"]}, "13802180": {"hotel_name": "\u9e97\u67ab\u9152\u5e97(\u6df1\u5733\u5317\u7ad9\u9f99\u534e\u58f9\u57ce\u4e2d\u5fc3\u5e97)", "order_time": ["2019-01-22 19:38:03"], "total_order": 1, "hotel_value": ["4.8"], "hotel_price": ["308"]}, "2363480": {"hotel_name": "\u6df1\u5733\u5408\u751f\u5229\u7cbe\u54c1\u9152\u5e97", "order_time": ["2019-01-22 19:38:03"], "total_order": 1, "hotel_value": ["4.1"], "hotel_price": ["188"]}, "1413498": {"hotel_name": "\u5361\u745e\u767b\u9152\u5e97(\u6df1\u5733\u5317\u7ad9\u5e97)", "order_time": ["2019-01-22 19:38:04"], "total_order": 1, "hotel_value": ["4.2"], "hotel_price": ["409"]}, "5007469": {"hotel_name": "\u7ef4\u4e5f\u7eb3\u9152\u5e97(\u6df1\u5733\u5ba2\u5bb6\u5c0f\u9547\u5e97)(\u539f\u5e03\u5409\u7518\u674e\u8def\u5e97)", "order_time": ["2019-01-22 19:38:04", "2019-01-22 19:42:04", "2019-01-22 19:40:03"], "total_order": 3, "hotel_value": ["4.8", "4.8", "4.8"], "hotel_price": ["249", "249", "249"]}, "1596160": {"hotel_name": "\u7ef4\u4e5f\u7eb3\u9152\u5e97(\u6df1\u5733\u71d5\u5ddd\u5e97)", "order_time": ["2019-01-22 19:38:05"], "total_order": 1, "hotel_value": ["4.9"], "hotel_price": ["239"]}, "24645139": {"hotel_name": "\u9526\u6c5f\u4e4b\u661f\u54c1\u5c1a(\u6df1\u5733\u78a7\u5934\u5730\u94c1\u7ad9\u5e97)", "order_time": ["2019-01-22 19:38:05"], "total_order": 1, "hotel_value": ["4.8"], "hotel_price": ["139"]}, "5237812": {"hotel_name": "\u6df1\u5733\u96c5\u4e30\u82d1\u5546\u52a1\u9152\u5e97", "order_time": ["2019-01-22 19:38:05"], "total_order": 1, "hotel_value": ["4.1"], "hotel_price": ["138"]}, "4834981": {"hotel_name": "\u9999\u683c\u7eb3\u9152\u5e97(\u6df1\u5733\u5357\u5934\u8857\u5e97)", "order_time": ["2019-01-22 19:38:05"], "total_order": 1, "hotel_value": ["3.5"], "hotel_price": ["98"]}, "5245604": {"hotel_name": "\u6df1\u5733\u524d\u8fdb\u5ba2\u6808", "order_time": ["2019-01-22 19:38:07", "2019-01-22 19:46:03"], "total_order": 2, "hotel_value": ["3.9", "3.9"], "hotel_price": ["128", "128"]}, "6667208": {"hotel_name": "\u6df1\u5733\u91d1\u9f99\u9152\u5e97\u5317\u7ad9\u5e97", "order_time": ["2019-01-22 19:38:10"], "total_order": 1, "hotel_value": ["4.1"], "hotel_price": ["129"]}, "6805140": {"hotel_name": "\u6df1\u5733\u5927\u4e07\u7cbe\u54c1\u9152\u5e97", "order_time": ["2019-01-22 19:38:11"], "total_order": 1, "hotel_value": ["4.4"], "hotel_price": ["153"]}, "5860925": {"hotel_name": "\u6df1\u5733\u6ee8\u6cb3\u65f6\u4ee3\u4e9a\u6735S\u9152\u5e97", "order_time": ["2019-01-22 19:57:59", "2019-01-22 19:42:28", "2019-01-22 19:40:20", "2019-01-22 19:48:20", "2019-01-22 19:53:59", "2019-01-22 19:38:33"], "total_order": 6, "hotel_value": ["4.8", "4.8", "4.8", "4.8", "4.8", "4.8"], "hotel_price": ["1031", "1031", "1031", "1031", "999", "799"]}, "426211": {"hotel_name": "\u6df1\u5733\u67cf\u65af\u987f\u9152\u5e97", "order_time": ["2019-01-22 19:40:00"], "total_order": 1, "hotel_value": ["4.2"], "hotel_price": ["287"]}, "2648230": {"hotel_name": "\u83ab\u6cf0168\u9152\u5e97(\u6df1\u5733\u5927\u5b66\u5357\u6d77\u5927\u9053\u7ca4\u6d77\u5927\u53a6\u5e97)", "order_time": ["2019-01-22 19:40:01"], "total_order": 1, "hotel_value": ["4.4"], "hotel_price": ["254"]}, "8192848": {"hotel_name": "\u57ce\u5bb6\u7cbe\u9009\u516c\u5bd3(\u6df1\u5733\u5357\u5c71\u5730\u94c1\u7ad9\u5e97)", "order_time": ["2019-01-22 19:40:01"], "total_order": 1, "hotel_value": ["4.5"], "hotel_price": ["389"]}, "435261": {"hotel_name": "\u6df1\u5733\u4e2d\u6d32\u5723\u5ef7\u82d1\u9152\u5e97\u4e16\u7eaa\u697c(\u539f\u5723\u5ef7\u82d1\u9152\u5e97\u4e16\u7eaa\u697c)", "order_time": ["2019-01-22 19:40:02"], "total_order": 1, "hotel_value": ["4.6"], "hotel_price": ["692"]}, "14271618": {"hotel_name": "\u6df1\u5733\u660e\u534eHoliday\u516c\u5bd3", "order_time": ["2019-01-22 19:40:02"], "total_order": 1, "hotel_value": ["4.6"], "hotel_price": ["264"]}, "6805502": {"hotel_name": "\u597d\u4f18\u5ba2\u9152\u5e97(\u6df1\u5733\u576a\u5c71\u6bd4\u4e9a\u8fea\u5e97)", "order_time": ["2019-01-22 19:40:03"], "total_order": 1, "hotel_value": ["4.3"], "hotel_price": ["129"]}, "658847": {"hotel_name": "\u6df1\u5733\u53cc\u6eaa\u5a01\u673a\u573a\u5927\u9152\u5e97", "order_time": ["2019-01-22 19:40:04"], "total_order": 1, "hotel_value": ["4.3"], "hotel_price": ["262"]}, "512937": {"hotel_name": "\u6df1\u5733\u4e2d\u6cf0\u6765\u5927\u9152\u5e97", "order_time": ["2019-01-22 19:40:04"], "total_order": 1, "hotel_value": ["4.2"], "hotel_price": ["320"]}, "8565776": {"hotel_name": "\u6df1\u5733\u60a6\u83b1\u8fde\u9501\u516c\u5bd3", "order_time": ["2019-01-22 19:40:05"], "total_order": 1, "hotel_value": ["4.0"], "hotel_price": ["159"]}, "6691030": {"hotel_name": "\u6df1\u5733\u57ce\u5e02\u4fbf\u6377\u9152\u5e97\u9f99\u534e\u89c2\u6f9c\u5927\u9053\u5e97", "order_time": ["2019-01-22 19:40:05"], "total_order": 1, "hotel_value": ["4.5"], "hotel_price": ["178"]}, "5306160": {"hotel_name": "\u7ef4\u4e5f\u7eb3\u9152\u5e97(\u6df1\u5733\u77f3\u5ca9\u77f3\u9f99\u793e\u533a\u5e97)", "order_time": ["2019-01-22 19:40:05"], "total_order": 1, "hotel_value": ["4.8"], "hotel_price": ["229"]}, "2729116": {"hotel_name": "\u6df1\u5733\u5b9d\u4e3d\u9152\u5e97", "order_time": ["2019-01-22 19:40:06"], "total_order": 1, "hotel_value": ["4.2"], "hotel_price": ["168"]}, "8589680": {"hotel_name": "\u6df1\u5733\u6c99\u6cb3\u7cbe\u54c1\u9152\u5e97", "order_time": ["2019-01-22 19:40:06"], "total_order": 1, "hotel_value": ["4.2"], "hotel_price": ["148"]}, "5380815": {"hotel_name": "\u6df1\u5733\u68a6\u4e4b\u604b\u7cbe\u54c1\u9152\u5e97", "order_time": ["2019-01-22 19:40:06"], "total_order": 1, "hotel_value": ["4.1"], "hotel_price": ["173"]}, "4340008": {"hotel_name": "7\u5929\u8fde\u9501\u9152\u5e97(\u6df1\u5733\u77f3\u5ca9\u5929\u5b9d\u8def\u5e97)(\u539f\u77f3\u5ca9\u5e97)", "order_time": ["2019-01-22 19:40:06"], "total_order": 1, "hotel_value": ["4.4"], "hotel_price": ["177"]}, "5376388": {"hotel_name": "\u6df1\u5733\u6021\u666f\u9152\u5e97\u77f3\u9f99\u4ed4\u5e97", "order_time": ["2019-01-22 19:40:09"], "total_order": 1, "hotel_value": ["4.1"], "hotel_price": ["123"]}, "18595253": {"hotel_name": "\u6df1\u5733\u5723\u534e\u5ef7\u9152\u5e97", "order_time": ["2019-01-22 19:40:09"], "total_order": 1, "hotel_value": ["4.3"], "hotel_price": ["173"]}, "3690063": {"hotel_name": "\u6df1\u5733\u51ef\u5cf0\u5546\u52a1\u9152\u5e97", "order_time": ["2019-01-22 19:40:11"], "total_order": 1, "hotel_value": ["4.0"], "hotel_price": ["109"]}, "5377992": {"hotel_name": "\u6df1\u5733\u7f8e\u5c45\u65f6\u5c1a\u5bbe\u9986", "order_time": ["2019-01-22 19:40:12"], "total_order": 1, "hotel_value": ["3.9"], "hotel_price": ["106"]}, "5093146": {"hotel_name": "\u6df1\u5733\u6768\u6885\u5751\u9038\u6d77\u6e7e\u6c11\u5bbf", "order_time": ["2019-01-22 19:40:12"], "total_order": 1, "hotel_value": ["4.3"], "hotel_price": ["120"]}, "16126888": {"hotel_name": "\u5fb7\u99a8\u9752\u5e74\u65c5\u820d(\u6df1\u5733\u4f1a\u5c55\u4e2d\u5fc3\u5e97)", "order_time": ["2019-01-22 19:40:13"], "total_order": 1, "hotel_value": ["4.7"], "hotel_price": ["48"]}, "23884717": {"hotel_name": "\u6df1\u5733\u4e50\u5bb6\u9752\u5e74\u516c\u5bd3", "order_time": ["2019-01-22 19:40:13"], "total_order": 1, "hotel_value": ["4.8"], "hotel_price": ["38"]}, "18416778": {"hotel_name": "\u6df1\u5733\u6854\u5b50\u65f6\u5c1a\u9152\u5e97", "order_time": ["2019-01-22 19:40:14"], "total_order": 1, "hotel_value": ["4.1"], "hotel_price": ["118"]}, "1599581": {"hotel_name": "\u6df1\u5733\u89c2\u6f9c\u9152\u5e97", "order_time": ["2019-01-22 19:40:14"], "total_order": 1, "hotel_value": ["4.4"], "hotel_price": ["148"]}, "535694": {"hotel_name": "\u6df1\u5733\u534e\u5f3a\u5e7f\u573a\u9152\u5e97", "order_time": ["2019-01-22 19:56:01", "2019-01-22 19:42:02"], "total_order": 2, "hotel_value": ["4.7", "4.7"], "hotel_price": ["688", "688"]}, "1600211": {"hotel_name": "\u683c\u6797\u8054\u76df\u9152\u5e97(\u6df1\u5733\u86c7\u53e3\u6d77\u4e0a\u4e16\u754c\u592a\u5b50\u8def\u5e97)", "order_time": ["2019-01-22 19:57:59", "2019-01-22 19:42:03"], "total_order": 2, "hotel_value": ["4.3", "4.3"], "hotel_price": ["256", "256"]}, "535657": {"hotel_name": "\u6df1\u5733\u91d1\u4e2d\u73af\u9152\u5e97\u516c\u5bd3", "order_time": ["2019-01-22 19:42:03"], "total_order": 1, "hotel_value": ["4.2"], "hotel_price": ["452"]}, "1744477": {"hotel_name": "\u91d1\u6cfd\u7cbe\u54c1\u9152\u5e97(\u6df1\u5733\u4e1c\u7ad9\u5e03\u5409\u5e97)", "order_time": ["2019-01-22 19:42:04"], "total_order": 1, "hotel_value": ["4.2"], "hotel_price": ["121"]}, "3785335": {"hotel_name": "\u6df1\u5733\u5927\u8fd0\u57ce\u90a6\u96c5\u4e50\u8f69\u9152\u5e97", "order_time": ["2019-01-22 19:42:04"], "total_order": 1, "hotel_value": ["4.5"], "hotel_price": ["516"]}, "1387245": {"hotel_name": "\u83ab\u6cf0\u9152\u5e97(\u6df1\u5733\u5357\u5c71\u5730\u94c1\u7ad9\u51e4\u51f0\u57ce\u5e97)(\u539f\u5357\u5c71\u5e02\u573a\u51e4\u51f0\u57ce\u5e97)", "order_time": ["2019-01-22 19:42:04"], "total_order": 1, "hotel_value": ["4.6"], "hotel_price": ["325"]}, "1386202": {"hotel_name": "\u987a\u9038\u4e1c\u65b9\u9152\u5e97(\u6df1\u5733\u5927\u8fd0\u5730\u94c1\u7ad9\u5e97)(\u539f\u5927\u8fd0\u5e97)", "order_time": ["2019-01-22 19:42:04"], "total_order": 1, "hotel_value": ["4.5"], "hotel_price": ["188"]}, "5428446": {"hotel_name": "\u516b\u53f7\u8fde\u9501\u9152\u5e97(\u6df1\u5733\u706b\u8f66\u4e1c\u7ad9\u5e97)", "order_time": ["2019-01-22 19:42:05"], "total_order": 1, "hotel_value": ["4.7"], "hotel_price": ["100"]}, "8885846": {"hotel_name": "\u6df1\u5733\u5353\u500d\u9152\u5e97\u6c83\u5c14\u739b\u86c7\u53e3\u5e97", "order_time": ["2019-01-22 19:42:06"], "total_order": 1, "hotel_value": ["4.3"], "hotel_price": ["199"]}, "4312660": {"hotel_name": "\u7ef4\u4e5f\u7eb3\u56fd\u9645\u9152\u5e97(\u6df1\u5733\u5149\u4fa8\u8def\u7530\u5bee\u5e97)", "order_time": ["2019-01-22 19:42:07"], "total_order": 1, "hotel_value": ["4.8"], "hotel_price": ["319"]}, "807026": {"hotel_name": "\u5c1a\u54c1\u4f18\u5feb\u6377\u9152\u5e97(\u6df1\u5733\u677e\u5c97\u5e97)", "order_time": ["2019-01-22 19:42:09"], "total_order": 1, "hotel_value": ["4.1"], "hotel_price": ["109"]}, "771944": {"hotel_name": "\u5c1a\u5ba2\u4f18\u5feb\u6377\u9152\u5e97(\u6df1\u5733\u6865\u5934\u5c0f\u5b66\u5e97)", "order_time": ["2019-01-22 19:42:10"], "total_order": 1, "hotel_value": ["4.1"], "hotel_price": ["109"]}, "6053077": {"hotel_name": "\u6df1\u5733\u540e\u6d77\u5feb\u6377\u9152\u5e97", "order_time": ["2019-01-22 19:42:11"], "total_order": 1, "hotel_value": ["3.9"], "hotel_price": ["148"]}, "6839344": {"hotel_name": "\u6df1\u57331314\u6982\u5ff5\u9152\u5e97", "order_time": ["2019-01-22 19:42:16"], "total_order": 1, "hotel_value": ["4.0"], "hotel_price": ["188"]}, "807024": {"hotel_name": "\u6df1\u5733\u5bcc\u9f99\u5bbe\u9986", "order_time": ["2019-01-22 19:42:20"], "total_order": 1, "hotel_value": ["4.0"], "hotel_price": ["96"]}, "1596449": {"hotel_name": "\u946b\u8302\u82b1\u56ed\u9152\u5e97(\u6df1\u5733\u5317\u7ad9\u5e97)", "order_time": ["2019-01-22 19:43:59"], "total_order": 1, "hotel_value": ["4.5"], "hotel_price": ["431"]}, "854773": {"hotel_name": "\u5982\u5bb6\u5feb\u6377\u9152\u5e97(\u6df1\u5733\u4e1c\u95e8\u6b65\u884c\u8857\u6652\u5e03\u5730\u94c1\u7ad9\u5e97)", "order_time": ["2019-01-22 19:44:00"], "total_order": 1, "hotel_value": ["4.6"], "hotel_price": ["197"]}, "467426": {"hotel_name": "\u6df1\u5733\u6717\u5c71\u9152\u5e97", "order_time": ["2019-01-22 19:44:00"], "total_order": 1, "hotel_value": ["4.2"], "hotel_price": ["567"]}, "26844088": {"hotel_name": "\u94c2\u65af\u767b\u00b7\u884c\u653f\u516c\u5bd3(\u6df1\u5733\u86c7\u53e3\u6c34\u6e7e1979\u5e97)", "order_time": ["2019-01-22 19:56:00", "2019-01-22 19:44:00"], "total_order": 2, "hotel_value": ["4.1", "4.1"], "hotel_price": ["239", "239"]}, "12825177": {"hotel_name": "\u94c2\u65af\u767b\u4e3b\u9898\u5ea6\u5047\u516c\u5bd3(\u6df1\u5733\u5317\u7ad9\u5e97)", "order_time": ["2019-01-22 19:44:00"], "total_order": 1, "hotel_value": ["4.5"], "hotel_price": ["229"]}, "425224": {"hotel_name": "\u6df1\u5733\u5f6d\u5e74\u9152\u5e97", "order_time": ["2019-01-22 19:44:01"], "total_order": 1, "hotel_value": ["4.6"], "hotel_price": ["629"]}, "6042416": {"hotel_name": "\u6df1\u5733\u96c5\u56ed\u6e2f\u53e3\u9152\u5e97(\u539f\u96c5\u56ed\u86c7\u53e3\u9152\u5e97)", "order_time": ["2019-01-22 19:44:02"], "total_order": 1, "hotel_value": ["4.2"], "hotel_price": ["239"]}, "1055341": {"hotel_name": "\u57ce\u5e02\u4fbf\u6377\u9152\u5e97(\u6df1\u5733\u6e05\u6e56\u5730\u94c1\u7ad9\u5e97)", "order_time": ["2019-01-22 19:44:02"], "total_order": 1, "hotel_value": ["4.4"], "hotel_price": ["229"]}, "27945351": {"hotel_name": "\u9e97\u67ab\u9152\u5e97(\u6df1\u5733\u5317\u7ad9\u9f99\u534e\u6c7d\u8f66\u7ad9\u5e97)", "order_time": ["2019-01-22 19:44:02"], "total_order": 1, "hotel_value": ["4.8"], "hotel_price": ["219"]}, "1603058": {"hotel_name": "\u6df1\u5733\u7ef4\u591a\u5229\u4e9a\u5546\u52a1\u9152\u5e97", "order_time": ["2019-01-22 19:44:02"], "total_order": 1, "hotel_value": ["4.1"], "hotel_price": ["258"]}, "1573285": {"hotel_name": "\u6df1\u5733\u677e\u4e54\u9152\u5e97", "order_time": ["2019-01-22 19:44:03"], "total_order": 1, "hotel_value": ["4.4"], "hotel_price": ["324"]}, "5431528": {"hotel_name": "\u6df1\u5733\u7965\u8f89\u5546\u52a1\u9152\u5e97", "order_time": ["2019-01-22 19:44:03"], "total_order": 1, "hotel_value": ["4.2"], "hotel_price": ["288"]}, "1001183": {"hotel_name": "\u534e\u91cc\u7cbe\u54c1\u9152\u5e97(\u6df1\u5733\u5357\u5c71\u5730\u94c1\u7ad9\u5e97)(\u539f\u5357\u5c71\u5927\u9053\u5e97)", "order_time": ["2019-01-22 19:54:01", "2019-01-22 19:44:03"], "total_order": 2, "hotel_value": ["4.6", "4.6"], "hotel_price": ["666", "666"]}, "6315222": {"hotel_name": "\u591a\u4f26\u591a\u9152\u5e97(\u6df1\u5733\u540c\u4e50\u5e97)(\u539f\u5b9d\u5229\u534e\u9152\u5e97)", "order_time": ["2019-01-22 19:44:04"], "total_order": 1, "hotel_value": ["4.4"], "hotel_price": ["238"]}, "6873049": {"hotel_name": "168\u8fde\u9501\u9152\u5e97(\u6df1\u5733\u677e\u67cf\u8def\u5e97)(\u539f\u9f99\u5c97\u5e97)", "order_time": ["2019-01-22 19:44:05"], "total_order": 1, "hotel_value": ["4.4"], "hotel_price": ["148"]}, "5426624": {"hotel_name": "\u6df1\u5733\u9ad8\u9038\u8fde\u9501\u9152\u5e97", "order_time": ["2019-01-22 19:44:07"], "total_order": 1, "hotel_value": ["4.5"], "hotel_price": ["119"]}, "1333654": {"hotel_name": "\u91d1\u6e2f\u5bbe\u9986(\u6df1\u5733\u9f99\u534e\u6c7d\u8f66\u7ad9\u5e97)", "order_time": ["2019-01-22 19:44:09"], "total_order": 1, "hotel_value": ["3.9"], "hotel_price": ["120"]}, "1477170": {"hotel_name": "\u6df1\u5733\u90a3\u4e9b\u5e74\u5ba2\u6808", "order_time": ["2019-01-22 19:44:12"], "total_order": 1, "hotel_value": ["3.9"], "hotel_price": ["119"]}, "4459721": {"hotel_name": "\u6df1\u5733\u5b8f\u90fd\u65c5\u9986", "order_time": ["2019-01-22 19:44:12"], "total_order": 1, "hotel_value": ["3.4"], "hotel_price": ["118"]}, "1192521": {"hotel_name": "99\u4f18\u9009\u9152\u5e97(\u6df1\u5733\u9f99\u57ce\u5e7f\u573a\u9f99\u56ed\u8def\u5e97)", "order_time": ["2019-01-22 19:44:15"], "total_order": 1, "hotel_value": ["4.0"], "hotel_price": ["89"]}, "6842071": {"hotel_name": "\u6df1\u5733\u91d1\u6cf0\u7cbe\u54c1\u9152\u5e97", "order_time": ["2019-01-22 19:44:15"], "total_order": 1, "hotel_value": [0], "hotel_price": ["151"]}, "1073978": {"hotel_name": "\u6df1\u5733\u534e\u5bcc\u9686\u5bbe\u9986", "order_time": ["2019-01-22 19:44:15"], "total_order": 1, "hotel_value": ["2.6"], "hotel_price": ["108"]}, "1807479": {"hotel_name": "\u6df1\u5733\u4f0a\u9a7f\u9152\u5e97", "order_time": ["2019-01-22 19:44:18"], "total_order": 1, "hotel_value": ["3.7"], "hotel_price": ["118"]}, "5792156": {"hotel_name": "\u6df1\u5733\u661f\u6cb3\u65f6\u4ee3\u516c\u5bd3(\u539f\u94f6\u6cb3\u65f6\u4ee3\u516c\u5bd3)", "order_time": ["2019-01-22 19:45:58"], "total_order": 1, "hotel_value": ["4.3"], "hotel_price": ["338"]}, "467527": {"hotel_name": "\u57ce\u5e02\u5ba2\u6808(\u6df1\u5733\u6b22\u4e50\u8c37\u5e97)", "order_time": ["2019-01-22 19:46:00"], "total_order": 1, "hotel_value": ["4.1"], "hotel_price": ["316"]}, "659669": {"hotel_name": "\u9e97\u67ab\u9152\u5e97\uff08\u6df1\u5733\u9f99\u5c97\u5927\u8fd0\u4e2d\u5fc3\u5409\u7965\u5730\u94c1\u7ad9\u5e97\uff09", "order_time": ["2019-01-22 19:46:00"], "total_order": 1, "hotel_value": ["4.7"], "hotel_price": ["285"]}, "6249811": {"hotel_name": "\u6c49\u6c38\u9152\u5e97(\u6df1\u5733\u4e07\u798f\u697c\u5e97)", "order_time": ["2019-01-22 19:46:00"], "total_order": 1, "hotel_value": ["4.7"], "hotel_price": ["186"]}, "1976955": {"hotel_name": "\u591a\u4f26\u591a\u9152\u5e97(\u6df1\u5733\u79d1\u6280\u56ed\u5e97)(\u539f\u6ce2\u5c14\u66fc\u7cbe\u54c1\u9152\u5e97)", "order_time": ["2019-01-22 19:46:00"], "total_order": 1, "hotel_value": ["4.0"], "hotel_price": ["178"]}, "13574647": {"hotel_name": "\u6df1\u5733\u5c0a\u4eab\u56fd\u9645\u516c\u5bd3", "order_time": ["2019-01-22 19:46:00"], "total_order": 1, "hotel_value": ["4.6"], "hotel_price": ["309"]}, "17343073": {"hotel_name": "\u6df1\u5733\u6021\u96c5\u5c45\u9152\u5e97\u516c\u5bd3\u946b\u8302\u5e97", "order_time": ["2019-01-22 20:07:59", "2019-01-22 19:46:00", "2019-01-22 20:17:58"], "total_order": 3, "hotel_value": ["4.3", "4.3", "4.3"], "hotel_price": ["121", "112", "121"]}, "1166050": {"hotel_name": "\u6df1\u5733\u7ea2\u9633\u5546\u52a1\u9152\u5e97", "order_time": ["2019-01-22 19:46:00", "2019-01-22 20:05:58"], "total_order": 2, "hotel_value": ["4.2", "4.2"], "hotel_price": ["173", "173"]}, "1603240": {"hotel_name": "\u745e\u5ef7\u9152\u5e97(\u6df1\u5733\u897f\u4e61\u6d41\u5858\u5e97)", "order_time": ["2019-01-22 19:46:01", "2019-01-22 20:14:02"], "total_order": 2, "hotel_value": ["4.9", "4.9"], "hotel_price": ["241", "241"]}, "807086": {"hotel_name": "\u6df1\u5733\u7530\u5bee\u5546\u52a1\u9152\u5e97", "order_time": ["2019-01-22 19:46:01"], "total_order": 1, "hotel_value": ["4.1"], "hotel_price": ["188"]}, "483982": {"hotel_name": "\u7ef4\u4e5f\u7eb33\u597d\u9152\u5e97(\u6df1\u5733\u6885\u9f99\u8def\u5e97)(\u539f3\u597d\u8fde\u9501\u9152\u5e97)", "order_time": ["2019-01-22 19:46:01"], "total_order": 1, "hotel_value": ["4.7"], "hotel_price": ["243"]}, "1206504": {"hotel_name": "\u91d1\u9e4f\u5927\u9152\u5e97(\u6df1\u5733\u9f99\u534e\u5730\u94c1\u7ad9\u5e97)", "order_time": ["2019-01-22 19:46:01"], "total_order": 1, "hotel_value": ["4.0"], "hotel_price": ["238"]}, "5803491": {"hotel_name": "\u57ce\u5e02\u4fbf\u6377\u9152\u5e97(\u6df1\u5733\u9f99\u534e\u65b0\u533a\u533a\u5e9c\u5e97)", "order_time": ["2019-01-22 19:46:02"], "total_order": 1, "hotel_value": ["4.4"], "hotel_price": ["162"]}, "1273780": {"hotel_name": "\u6df1\u5733\u5343\u8db3\u5802\u5546\u52a1\u9152\u5e97", "order_time": ["2019-01-22 19:46:02"], "total_order": 1, "hotel_value": ["3.9"], "hotel_price": ["118"]}, "5315903": {"hotel_name": "\u6df1\u5733\u91d1\u6c38\u5609\u7cbe\u54c1\u9152\u5e97", "order_time": ["2019-01-22 19:46:02"], "total_order": 1, "hotel_value": ["4.8"], "hotel_price": ["178"]}, "997279": {"hotel_name": "\u7ef4\u4e5f\u7eb3\u9152\u5e97(\u6df1\u5733\u516c\u660e\u6c7d\u8f66\u7ad9\u5e97)", "order_time": ["2019-01-22 19:46:03"], "total_order": 1, "hotel_value": ["4.8"], "hotel_price": ["204"]}, "4328216": {"hotel_name": "\u4e3d\u57ce\u9152\u5e97(\u6df1\u5733\u5927\u5b66\u57ce\u5730\u94c1\u7ad9\u5e97)", "order_time": ["2019-01-22 19:46:03"], "total_order": 1, "hotel_value": ["4.0"], "hotel_price": ["183"]}, "1352109": {"hotel_name": "\u6e56\u57ce\u7cbe\u54c1\u9152\u5e97(\u6df1\u5733\u897f\u4e3d\u5730\u94c1\u7ad9\u52a8\u7269\u56ed\u5e97)(\u539f\u6e56\u57ce\u5feb\u6377\u9152\u5e97)", "order_time": ["2019-01-22 19:46:03"], "total_order": 1, "hotel_value": ["4.1"], "hotel_price": ["108"]}, "5352381": {"hotel_name": "\u6df1\u5733\u60e0\u53cb\u9152\u5e97", "order_time": ["2019-01-22 19:46:04"], "total_order": 1, "hotel_value": ["4.3"], "hotel_price": ["128"]}, "1418953": {"hotel_name": "7\u5929\u8fde\u9501\u9152\u5e97(\u6df1\u5733\u576a\u5c71\u5e97)", "order_time": ["2019-01-22 19:46:04"], "total_order": 1, "hotel_value": ["4.5"], "hotel_price": ["177"]}, "1598330": {"hotel_name": "\u6d59\u5546\u5546\u52a1\u9152\u5e97(\u6df1\u5733\u4e0a\u6b65\u8def\u5e97)", "order_time": ["2019-01-22 19:46:04"], "total_order": 1, "hotel_value": ["4.3"], "hotel_price": ["199"]}, "1015702": {"hotel_name": "\u6df1\u5733\u805a\u946b\u5bbe\u9986", "order_time": ["2019-01-22 19:46:04"], "total_order": 1, "hotel_value": ["4.0"], "hotel_price": ["108"]}, "1597283": {"hotel_name": "\u6df1\u5733\u91d1\u8c37\u5feb\u6377\u9152\u5e97", "order_time": ["2019-01-22 19:46:04"], "total_order": 1, "hotel_value": ["3.1"], "hotel_price": ["119"]}, "5897157": {"hotel_name": "\u6df1\u5733\u57ce\u5e02\u9a7f\u7ad9\u9152\u5e97\u516c\u5bd3\u8fdc\u6d0b\u5e97", "order_time": ["2019-01-22 19:46:04"], "total_order": 1, "hotel_value": ["4.5"], "hotel_price": ["168"]}, "1583371": {"hotel_name": "\u6df1\u5733\u4e00\u53f7\u516c\u5bd3\u9152\u5e97", "order_time": ["2019-01-22 19:46:04"], "total_order": 1, "hotel_value": ["3.5"], "hotel_price": ["173"]}, "916190": {"hotel_name": "\u6df1\u5733\u5b8f\u6ce2\u5bbe\u9986", "order_time": ["2019-01-22 19:46:04"], "total_order": 1, "hotel_value": ["3.6"], "hotel_price": ["98"]}, "4686393": {"hotel_name": "\u6df1\u5733\u51a0\u6708\u7cbe\u54c1\u9152\u5e97", "order_time": ["2019-01-22 19:46:06"], "total_order": 1, "hotel_value": ["4.3"], "hotel_price": ["83"]}, "811654": {"hotel_name": "99\u65c5\u9986\u8fde\u9501(\u6df1\u5733\u673a\u573a\u4e8c\u5e97)", "order_time": ["2019-01-22 19:46:07"], "total_order": 1, "hotel_value": ["3.9"], "hotel_price": ["99"]}, "1108480": {"hotel_name": "\u6df1\u5733\u82c7\u5ea6\u7cbe\u54c1\u9152\u5e97", "order_time": ["2019-01-22 19:46:07"], "total_order": 1, "hotel_value": ["4.4"], "hotel_price": ["133"]}, "6534613": {"hotel_name": "7\u5929\u4f18\u54c1\u9152\u5e97(\u6df1\u5733\u5927\u6d6a\u5546\u4e1a\u4e2d\u5fc3\u5e97)", "order_time": ["2019-01-22 19:46:09"], "total_order": 1, "hotel_value": ["4.5"], "hotel_price": ["169"]}, "1193082": {"hotel_name": "\u6df1\u5733\u4e07\u56fd\u56fd\u9645\u9152\u5e97", "order_time": ["2019-01-22 19:46:11"], "total_order": 1, "hotel_value": ["4.2"], "hotel_price": ["108"]}, "1807225": {"hotel_name": "\u6df1\u5733\u541b\u6f9c\u9152\u5e97", "order_time": ["2019-01-22 19:47:59"], "total_order": 1, "hotel_value": ["4.3"], "hotel_price": ["248"]}, "1505384": {"hotel_name": "\u60a6\u5de2\u516c\u5bd3(\u6df1\u5733\u5317\u7ad9\u5e97)", "order_time": ["2019-01-22 19:48:00"], "total_order": 1, "hotel_value": ["4.5"], "hotel_price": ["197"]}, "5917137": {"hotel_name": "\u7ef4\u7eb3\u65af\u56fd\u9645\u516c\u5bd3(\u6df1\u5733\u7f57\u6e56\u4e07\u8c61\u57ce\u5e97)(\u539fOne39\u5e97)", "order_time": ["2019-01-22 19:48:00"], "total_order": 1, "hotel_value": ["4.7"], "hotel_price": ["298"]}, "481036": {"hotel_name": "\u8bfa\u76df\u9152\u5e97(\u6df1\u5733\u5742\u7530\u534e\u4e3a\u57fa\u5730\u5e97)", "order_time": ["2019-01-22 19:48:00"], "total_order": 1, "hotel_value": ["4.4"], "hotel_price": ["168"]}, "5148244": {"hotel_name": "\u6df1\u5733\u6db5\u9986\u516c\u5bd3", "order_time": ["2019-01-22 19:48:00"], "total_order": 1, "hotel_value": ["4.3"], "hotel_price": ["193"]}, "432043": {"hotel_name": "\u6df1\u5733\u7a46\u65af\u6797\u5bbe\u9986", "order_time": ["2019-01-22 19:48:01"], "total_order": 1, "hotel_value": ["4.2"], "hotel_price": ["159"]}, "803655": {"hotel_name": "\u6df1\u5733\u91d1\u5143\u82ac\u56db\u5b63\u9152\u5e97", "order_time": ["2019-01-22 19:48:02"], "total_order": 1, "hotel_value": ["4.5"], "hotel_price": ["208"]}, "1596980": {"hotel_name": "\u6c49\u5ead\u4f18\u4f73\u9152\u5e97(\u6df1\u5733\u798f\u6c38\u4e07\u798f\u5e7f\u573a\u5e97)(\u539f\u5e38\u5c1a\u9152\u5e97)", "order_time": ["2019-01-22 19:48:02"], "total_order": 1, "hotel_value": ["4.6"], "hotel_price": ["180"]}, "21134368": {"hotel_name": "\u6df1\u5733\u56fe\u5170\u6735\u516c\u5bd3", "order_time": ["2019-01-22 19:48:02"], "total_order": 1, "hotel_value": ["4.4"], "hotel_price": ["279"]}, "4536474": {"hotel_name": "\u6df1\u5733\u84dd\u82d1\u7cbe\u54c1\u9152\u5e97", "order_time": ["2019-01-22 19:48:03"], "total_order": 1, "hotel_value": ["4.4"], "hotel_price": ["96"]}, "1273911": {"hotel_name": "\u6df1\u5733\u534e\u60a6\u5927\u9152\u5e97", "order_time": ["2019-01-22 19:48:05"], "total_order": 1, "hotel_value": ["4.1"], "hotel_price": ["163"]}, "8590008": {"hotel_name": "\u6df1\u5733\u5927\u9e4f\u65b0\u533a\u6988\u5ead\u7cbe\u54c1\u5ba2\u6808", "order_time": ["2019-01-22 19:48:05", "2019-01-22 19:52:05"], "total_order": 2, "hotel_value": ["4.8", "4.8"], "hotel_price": ["198", "198"]}, "806604": {"hotel_name": "\u6df1\u5733\u9e3f\u6e56\u5546\u52a1\u9152\u5e97", "order_time": ["2019-01-22 19:48:06"], "total_order": 1, "hotel_value": ["4.1"], "hotel_price": ["148"]}, "2167818": {"hotel_name": "\u6df1\u5733\u660e\u71d5\u4f4f\u5bbf", "order_time": ["2019-01-22 19:48:11"], "total_order": 1, "hotel_value": [0], "hotel_price": ["35"]}, "916670": {"hotel_name": "\u7ef4\u4e5f\u7eb3\u56fd\u9645\u9152\u5e97(\u6df1\u5733\u65b0\u6d32\u5e97)", "order_time": ["2019-01-22 19:49:59"], "total_order": 1, "hotel_value": ["4.7"], "hotel_price": ["443"]}, "11449045": {"hotel_name": "\u6df1\u5733\u57ce\u5bb6\u516c\u5bd3\u534e\u5f3a\u5317\u5730\u94c1\u7ad9\u5e97", "order_time": ["2019-01-22 19:49:59"], "total_order": 1, "hotel_value": ["4.5"], "hotel_price": ["238"]}, "3667359": {"hotel_name": "\u57ce\u5e02\u4fbf\u6377\u9152\u5e97(\u6df1\u5733\u897f\u4e61\u5730\u94c1\u7ad9\u5e97)", "order_time": ["2019-01-22 19:49:59"], "total_order": 1, "hotel_value": ["4.4"], "hotel_price": ["199"]}, "3657244": {"hotel_name": "\u7ef4\u4e5f\u7eb3\u9152\u5e97(\u6df1\u5733\u5751\u6893\u83b9\u5c55\u82b1\u56ed\u5e97)", "order_time": ["2019-01-22 19:50:00"], "total_order": 1, "hotel_value": ["4.8"], "hotel_price": ["220"]}, "1596966": {"hotel_name": "7\u5929\u8fde\u9501\u9152\u5e97(\u6df1\u5733\u56fd\u8d38\u5546\u52a1\u4e2d\u5fc3\u5e97)", "order_time": ["2019-01-22 19:50:00"], "total_order": 1, "hotel_value": ["4.3"], "hotel_price": ["99"]}, "1598496": {"hotel_name": "7\u5929\u8fde\u9501\u9152\u5e97(\u6df1\u5733\u534e\u5f3a\u5317\u71d5\u5357\u5730\u94c1\u7ad9\u5e97)", "order_time": ["2019-01-22 19:50:00"], "total_order": 1, "hotel_value": ["4.2"], "hotel_price": ["138"]}, "5999875": {"hotel_name": "\u6df1\u5733\u5c0f\u4e94\u661f\u9152\u5e97", "order_time": ["2019-01-22 19:50:00"], "total_order": 1, "hotel_value": ["4.5"], "hotel_price": ["140"]}, "3181454": {"hotel_name": "\u6df1\u5733\u4e1c\u65b9\u9152\u5e97(\u539f\u4e1c\u65b9\u5546\u52a1\u9152\u5e97)", "order_time": ["2019-01-22 20:04:04", "2019-01-22 19:50:01"], "total_order": 2, "hotel_value": ["4.5", "4.5"], "hotel_price": ["153", "153"]}, "1599409": {"hotel_name": "\u5feb8\u8fde\u9501\u9152\u5e97(\u6df1\u5733\u4e0a\u5357\u5e97)", "order_time": ["2019-01-22 19:50:01"], "total_order": 1, "hotel_value": ["4.7"], "hotel_price": ["95"]}, "428301": {"hotel_name": "\u83ab\u6cf0168(\u6df1\u5733\u9f99\u5c97\u9f99\u57ce\u5e7f\u573a\u5730\u94c1\u7ad9\u5e97)", "order_time": ["2019-01-22 19:50:01"], "total_order": 1, "hotel_value": ["4.5"], "hotel_price": ["122"]}, "1386190": {"hotel_name": "\u6df1\u5733\u65b0\u57ce\u5bbe\u9986", "order_time": ["2019-01-22 19:50:02"], "total_order": 1, "hotel_value": ["4.3"], "hotel_price": ["100"]}, "5893034": {"hotel_name": "\u6df1\u5733\u534e\u65c5\u667a\u6167\u9152\u5e97", "order_time": ["2019-01-22 19:50:02"], "total_order": 1, "hotel_value": ["4.6"], "hotel_price": ["120"]}, "807121": {"hotel_name": "\u6df1\u5733\u91d1\u5730\u5bbe\u9986", "order_time": ["2019-01-22 19:50:03"], "total_order": 1, "hotel_value": ["3.8"], "hotel_price": ["168"]}, "8565816": {"hotel_name": "\u6df1\u5733\u57ce\u5e02\u6d6a\u6f2b\u9152\u5e97", "order_time": ["2019-01-22 19:50:03"], "total_order": 1, "hotel_value": ["4.3"], "hotel_price": ["99"]}, "26486088": {"hotel_name": "\u6df1\u5733\u76db\u4e16\u66fc\u54c8\u987f\u9152\u5e97", "order_time": ["2019-01-22 19:50:05"], "total_order": 1, "hotel_value": [0], "hotel_price": ["184"]}, "7421782": {"hotel_name": "\u6df1\u5733\u6df1\u6e2f\u60a0\u7136\u4e4b\u5bb6\u9752\u5e74\u65c5\u820d", "order_time": ["2019-01-22 19:50:06"], "total_order": 1, "hotel_value": ["4.1"], "hotel_price": ["79"]}, "25732909": {"hotel_name": "\u6df1\u5733\u884c\u52a8\u9752\u5e74\u65c5\u820d", "order_time": ["2019-01-22 19:50:10"], "total_order": 1, "hotel_value": [0], "hotel_price": ["30"]}, "426199": {"hotel_name": "\u6df1\u5733\u6df1\u822a\u56fd\u9645\u9152\u5e97", "order_time": ["2019-01-22 19:59:59", "2019-01-22 20:04:00", "2019-01-22 19:51:59", "2019-01-22 20:11:57"], "total_order": 4, "hotel_value": ["4.8", "4.8", "4.8", "4.8"], "hotel_price": ["996", "996", "996", "996"]}, "898136": {"hotel_name": "\u6df1\u5733\u592a\u9633\u5c9b\u5047\u65e5\u9152\u5e97", "order_time": ["2019-01-22 19:51:59"], "total_order": 1, "hotel_value": ["4.4"], "hotel_price": ["218"]}, "1598477": {"hotel_name": "7\u5929\u8fde\u9501\u9152\u5e97(\u6df1\u5733\u5927\u5b66\u5e97)", "order_time": ["2019-01-22 19:52:01"], "total_order": 1, "hotel_value": ["4.5"], "hotel_price": ["253"]}, "654871": {"hotel_name": "\u7ef4\u4e5f\u7eb3\u9152\u5e97(\u6df1\u5733\u7f57\u82b3\u5e97)(\u539f\u6e29\u99a8\u9152\u5e97)", "order_time": ["2019-01-22 19:52:01"], "total_order": 1, "hotel_value": ["4.7"], "hotel_price": ["358"]}, "931308": {"hotel_name": "\u7ef4\u4e5f\u7eb3\u9152\u5e97(\u6df1\u5733\u53cc\u9f99\u5730\u94c1\u7ad9\u5e97)", "order_time": ["2019-01-22 19:52:02"], "total_order": 1, "hotel_value": ["4.8"], "hotel_price": ["208"]}, "7305505": {"hotel_name": "\u6df1\u5733\u57ce\u5e02-\u7ec8\u70b9\u4f17\u521b\u5ba2\u6808", "order_time": ["2019-01-22 19:52:03"], "total_order": 1, "hotel_value": ["4.2"], "hotel_price": ["37"]}, "8445913": {"hotel_name": "\u6df1\u5733\u51ef\u8fea\u9152\u5e97", "order_time": ["2019-01-22 19:52:04"], "total_order": 1, "hotel_value": ["4.3"], "hotel_price": ["216"]}, "1620667": {"hotel_name": "\u516b\u65b9\u7cbe\u54c1\u9152\u5e97(\u6df1\u5733\u677e\u5c97\u534e\u6da6\u4e07\u5bb6\u5e97)", "order_time": ["2019-01-22 19:52:04"], "total_order": 1, "hotel_value": ["4.5"], "hotel_price": ["118"]}, "3798040": {"hotel_name": "\u5c1a\u54c1\u4f18\u8fde\u9501\u9152\u5e97(\u6df1\u5733\u6c99\u4e95\u5e97)", "order_time": ["2019-01-22 19:52:05"], "total_order": 1, "hotel_value": ["4.3"], "hotel_price": ["129"]}, "1595987": {"hotel_name": "\u5bb6\u8fce\u8fde\u9501\u9152\u5e97(\u6df1\u5733\u9f99\u5c97\u5e97)", "order_time": ["2019-01-22 19:52:05"], "total_order": 1, "hotel_value": ["4.4"], "hotel_price": ["73"]}, "5917730": {"hotel_name": "\u6df1\u5733\u541b\u5706\u68a6\u5feb\u6377\u9152\u5e97\u5b9d\u5b89\u5e97", "order_time": ["2019-01-22 19:52:06"], "total_order": 1, "hotel_value": ["4.0"], "hotel_price": ["68"]}, "371236": {"hotel_name": "\u6df1\u5733\u798f\u670b\u559c\u6765\u767b\u9152\u5e97", "order_time": ["2019-01-22 19:52:13"], "total_order": 1, "hotel_value": ["4.4"], "hotel_price": ["997"]}, "428276": {"hotel_name": "\u5982\u5bb6\u5feb\u6377\u9152\u5e97(\u6df1\u5733\u5357\u5c71\u5927\u9053\u5e97)", "order_time": ["2019-01-22 19:52:13"], "total_order": 1, "hotel_value": ["4.4"], "hotel_price": ["246"]}, "479335": {"hotel_name": "\u6df1\u5733\u5723\u6dd8\u6c99\u9152\u5e97(\u9a6c\u5bb6\u9f99\u5e97)", "order_time": ["2019-01-22 19:52:14"], "total_order": 1, "hotel_value": ["4.4"], "hotel_price": ["289"]}, "17921559": {"hotel_name": "\u7ef4\u7279\u65af\u9152\u5e97\u516c\u5bd3(\u6df1\u5733\u8f6f\u57fa\u5e97)", "order_time": ["2019-01-22 19:52:14"], "total_order": 1, "hotel_value": ["4.4"], "hotel_price": ["398"]}, "1349293": {"hotel_name": "\u7ef4\u4e5f\u7eb3\u9152\u5e97(\u6df1\u5733\u5357\u65b0\u8def\u5e97)", "order_time": ["2019-01-22 20:24:06", "2019-01-22 19:52:15"], "total_order": 2, "hotel_value": ["4.8", "4.8"], "hotel_price": ["306", "466"]}, "5466854": {"hotel_name": "\u6df1\u5733\u5927\u4e0e\u9152\u5e97", "order_time": ["2019-01-22 19:53:59"], "total_order": 1, "hotel_value": ["4.4"], "hotel_price": ["270"]}, "6398678": {"hotel_name": "\u6df1\u5733\u8da3\u521b\u9152\u5e97", "order_time": ["2019-01-22 19:53:59"], "total_order": 1, "hotel_value": ["4.4"], "hotel_price": ["223"]}, "5804070": {"hotel_name": "\u4e03\u6a59\u9152\u5e97(\u6df1\u5733\u5317\u7ad9\u6c11\u6cbb\u5e97)", "order_time": ["2019-01-22 19:53:59"], "total_order": 1, "hotel_value": ["4.1"], "hotel_price": ["123"]}, "10582069": {"hotel_name": "\u6df1\u5733\u4e91\u9e4f\u9152\u5e97\u516c\u5bd3", "order_time": ["2019-01-22 19:54:01"], "total_order": 1, "hotel_value": ["4.6"], "hotel_price": ["228"]}, "5293903": {"hotel_name": "\u6df1\u5733\u540d\u96c5\u8f69\u5feb\u6377\u9152\u5e97", "order_time": ["2019-01-22 19:54:01"], "total_order": 1, "hotel_value": ["4.0"], "hotel_price": ["143"]}, "5237864": {"hotel_name": "\u6df1\u5733\u4e2d\u5c71\u5feb\u6377\u9152\u5e97", "order_time": ["2019-01-22 19:54:01"], "total_order": 1, "hotel_value": ["3.7"], "hotel_price": ["158"]}, "6053099": {"hotel_name": "\u6df1\u5733\u7231\u5bb6\u8fde\u9501\u9152\u5e97", "order_time": ["2019-01-22 19:54:02"], "total_order": 1, "hotel_value": ["4.7"], "hotel_price": ["99"]}, "1596451": {"hotel_name": "7\u5929\u4f18\u54c1\u9152\u5e97(\u6df1\u5733\u9f99\u534e\u5730\u94c1\u7ad9\u5e97)", "order_time": ["2019-01-22 19:54:02"], "total_order": 1, "hotel_value": ["4.2"], "hotel_price": ["159"]}, "7939535": {"hotel_name": "\u6df1\u5733\u5927\u9e4f\u4f8f\u7f57\u7eaa\u9152\u5e97", "order_time": ["2019-01-22 19:54:02"], "total_order": 1, "hotel_value": ["4.3"], "hotel_price": ["268"]}, "2878003": {"hotel_name": "\u6df1\u5733\u6d6a\u6f2b\u6ee1\u5c4b\u4e3b\u9898\u9152\u5e97", "order_time": ["2019-01-22 19:54:03"], "total_order": 1, "hotel_value": ["3.9"], "hotel_price": ["218"]}, "5312189": {"hotel_name": "\u6df1\u5733\u826f\u76ca\u7cbe\u54c1\u9152\u5e97(\u4e1c\u7ad9\u897f\u5e7f\u573a\u5e97)", "order_time": ["2019-01-22 19:54:04"], "total_order": 1, "hotel_value": ["4.5"], "hotel_price": ["153"]}, "1512604": {"hotel_name": "\u9f99\u6cc9\u9152\u5e97(\u6df1\u5733\u5317\u7ad9\u5e97)", "order_time": ["2019-01-22 19:56:00"], "total_order": 1, "hotel_value": ["4.4"], "hotel_price": ["198"]}, "802698": {"hotel_name": "\u534e\u91cc\u7cbe\u54c1\u9152\u5e97(\u6df1\u5733\u534e\u4fa8\u57ce\u5e97)", "order_time": ["2019-01-22 19:56:00"], "total_order": 1, "hotel_value": ["4.5"], "hotel_price": ["499"]}, "17496357": {"hotel_name": "\u7ef4\u4e5f\u7eb3\u56fd\u9645\u9152\u5e97(\u6df1\u5733\u89c2\u6f9c\u5927\u9053\u5e97)", "order_time": ["2019-01-22 19:56:00"], "total_order": 1, "hotel_value": ["4.8"], "hotel_price": ["240"]}, "455384": {"hotel_name": "\u7ef4\u4e5f\u7eb3\u9152\u5e97(\u6df1\u5733\u4e1c\u95e8\u5e97)", "order_time": ["2019-01-22 19:56:00"], "total_order": 1, "hotel_value": ["4.7"], "hotel_price": ["249"]}, "1207395": {"hotel_name": "\u745e\u5ef7\u7cbe\u54c1\u9152\u5e97(\u6df1\u5733\u6e2f\u9686\u57ce\u5e97)(\u539f\u6d82\u9e26\u5496\u5561\u9152\u5e97)", "order_time": ["2019-01-22 19:57:59", "2019-01-22 19:56:00", "2019-01-22 20:02:00"], "total_order": 3, "hotel_value": ["4.5", "4.5", "4.5"], "hotel_price": ["141", "141", "141"]}, "7069513": {"hotel_name": "\u5168\u5b63\u9152\u5e97(\u6df1\u5733\u5b9d\u5b89\u673a\u573a\u798f\u6c38\u5e97)", "order_time": ["2019-01-22 19:56:00"], "total_order": 1, "hotel_value": ["4.6"], "hotel_price": ["256"]}, "15829069": {"hotel_name": "\u5a01\u65af\u767b\u4e3b\u9898\u5ea6\u5047\u9152\u5e97\u516c\u5bd3(\u6df1\u5733\u5742\u7530\u5730\u94c1\u7ad9\u5e97)", "order_time": ["2019-01-22 19:56:00"], "total_order": 1, "hotel_value": ["4.4"], "hotel_price": ["198"]}, "23971669": {"hotel_name": "\u7ef4\u4e5f\u7eb3\u9152\u5e97(\u6df1\u5733\u6a2a\u5c97\u5730\u94c1\u7ad9\u5e97)", "order_time": ["2019-01-22 19:56:00", "2019-01-22 20:23:58"], "total_order": 2, "hotel_value": ["4.7", "4.7"], "hotel_price": ["226", "226"]}, "968299": {"hotel_name": "\u6df1\u5733\u4f73\u8c6a\u7cbe\u54c1\u5f71\u9662\u9152\u5e97", "order_time": ["2019-01-22 19:56:00", "2019-01-22 20:02:00"], "total_order": 2, "hotel_value": ["4.5", "4.5"], "hotel_price": ["161", "161"]}, "6902512": {"hotel_name": "\u7ef4\u4e5f\u7eb3\u9152\u5e97(\u6df1\u5733\u5e03\u5409\u5929\u8679\u5e97)", "order_time": ["2019-01-22 19:56:00"], "total_order": 1, "hotel_value": ["4.8"], "hotel_price": ["269"]}, "26616612": {"hotel_name": "\u6591\u6593\u5bb6\u516c\u5bd3(\u6df1\u5733\u4f1a\u5c55\u4e2d\u5fc3\u5e97)", "order_time": ["2019-01-22 19:56:00"], "total_order": 1, "hotel_value": ["4.9"], "hotel_price": ["430"]}, "454299": {"hotel_name": "\u591a\u4f26\u591a\u8fde\u9501\u9152\u5e97(\u6df1\u5733\u5927\u6885\u6c99\u5e97)(\u539f\u5927\u6885\u6c99\u6d77\u4e16\u754c\u9152\u5e97)", "order_time": ["2019-01-22 19:56:00"], "total_order": 1, "hotel_value": ["4.4"], "hotel_price": ["209"]}, "23473035": {"hotel_name": "\u6df1\u6e2f\u884c\u653f\u516c\u5bd3(\u6df1\u5733\u5353\u8d8a\u524d\u6d77\u5e97)", "order_time": ["2019-01-22 19:56:00"], "total_order": 1, "hotel_value": ["4.6"], "hotel_price": ["499"]}, "531176": {"hotel_name": "\u6df1\u5733\u6e56\u5317\u5bbe\u9986", "order_time": ["2019-01-22 19:56:00"], "total_order": 1, "hotel_value": ["4.1"], "hotel_price": ["286"]}, "3695354": {"hotel_name": "\u7ef4\u4e5f\u7eb3\u56fd\u9645\u9152\u5e97(\u6df1\u5733\u5149\u660e\u5927\u9053\u5e97)", "order_time": ["2019-01-22 19:56:00"], "total_order": 1, "hotel_value": ["4.8"], "hotel_price": ["239"]}, "1596910": {"hotel_name": "\u94f6\u901a\u82b1\u56ed\u9152\u5e97(\u6df1\u6c99\u4e95\u5730\u94c1\u7ad9\u5e97)", "order_time": ["2019-01-22 19:56:00"], "total_order": 1, "hotel_value": ["4.5"], "hotel_price": ["170"]}, "419421": {"hotel_name": "\u6df1\u5733\u6c42\u6c34\u5c71\u9152\u5e97", "order_time": ["2019-01-22 19:56:01"], "total_order": 1, "hotel_value": ["4.6"], "hotel_price": ["480"]}, "9180079": {"hotel_name": "\u6df1\u5733\u732b\u820d\u9152\u5e97\u516c\u5bd3", "order_time": ["2019-01-22 19:56:02"], "total_order": 1, "hotel_value": ["4.1"], "hotel_price": ["128"]}, "993605": {"hotel_name": "\u5982\u5bb6\u5feb\u6377\u9152\u5e97(\u6df1\u5733\u53cc\u9f99\u5730\u94c1\u7ad9\u5e97)", "order_time": ["2019-01-22 19:56:02"], "total_order": 1, "hotel_value": ["4.7"], "hotel_price": ["123"]}, "6912082": {"hotel_name": "\u6df1\u5733\u91d1\u6c38\u65b0\u9152\u5e97", "order_time": ["2019-01-22 19:56:04"], "total_order": 1, "hotel_value": ["4.6"], "hotel_price": ["130"]}, "2138089": {"hotel_name": "\u5c1a\u5ba2\u4f18\u9152\u5e97(\u6df1\u5733\u8475\u6d8c\u5e97)", "order_time": ["2019-01-22 19:56:04"], "total_order": 1, "hotel_value": ["4.3"], "hotel_price": ["154"]}, "28144155": {"hotel_name": "\u6df1\u5733\u82b1\u534a\u5784\u6c11\u5bbf", "order_time": ["2019-01-22 19:56:08"], "total_order": 1, "hotel_value": [0], "hotel_price": ["160"]}, "8680725": {"hotel_name": "\u7ef4\u4e5f\u7eb3\u56fd\u9645\u9152\u5e97(\u6df1\u5733\u5927\u6885\u6c99\u5e97)", "order_time": ["2019-01-22 19:56:14"], "total_order": 1, "hotel_value": ["4.6"], "hotel_price": ["227"]}, "2845884": {"hotel_name": "\u5c1a\u5ba2\u4f18\u5feb\u6377\u9152\u5e97(\u6df1\u5733\u65b0\u673a\u573a\u822a\u7ad9\u697c\u5e97)", "order_time": ["2019-01-22 19:57:58"], "total_order": 1, "hotel_value": ["4.3"], "hotel_price": ["148"]}, "920977": {"hotel_name": "\u6df1\u5733\u5609\u745e\u7cbe\u54c1\u9152\u5e97", "order_time": ["2019-01-22 19:57:58"], "total_order": 1, "hotel_value": ["4.0"], "hotel_price": ["215"]}, "673487": {"hotel_name": "\u6df1\u5733\u632f\u5174\u5bbe\u9986", "order_time": ["2019-01-22 19:58:00"], "total_order": 1, "hotel_value": ["4.2"], "hotel_price": ["256"]}, "1521966": {"hotel_name": "\u6df1\u5733\u6021\u83b1\u9152\u5e97(\u65b0\u79c0\u53e4\u73a9\u57ce\u5e97)", "order_time": ["2019-01-22 19:58:01"], "total_order": 1, "hotel_value": ["4.3"], "hotel_price": ["129"]}, "4399277": {"hotel_name": "\u7ef4\u4e5f\u7eb33\u597d\u9152\u5e97(\u6df1\u5733\u5927\u6d6a\u5546\u4e1a\u4e2d\u5fc3\u5e97)", "order_time": ["2019-01-22 19:58:01"], "total_order": 1, "hotel_value": ["4.9"], "hotel_price": ["326"]}, "4649934": {"hotel_name": "\u6df1\u5733\u65b0\u9f99\u51e4\u9152\u5e97", "order_time": ["2019-01-22 19:58:02"], "total_order": 1, "hotel_value": ["3.9"], "hotel_price": ["106"]}, "4397516": {"hotel_name": "\u96c5\u597d\u8fde\u9501\u9152\u5e97(\u6df1\u5733\u6d77\u4e0a\u7530\u56ed\u5e97)(\u539f\u6f2b\u5ba2\u9152\u5e97)", "order_time": ["2019-01-22 19:58:02"], "total_order": 1, "hotel_value": ["4.5"], "hotel_price": ["99"]}, "4057907": {"hotel_name": "\u6df1\u5733\u6c47\u5c55\u9601\u9152\u5e97", "order_time": ["2019-01-22 19:58:11"], "total_order": 1, "hotel_value": ["4.3"], "hotel_price": ["200"]}, "1721205": {"hotel_name": "\u6df1\u5733\u7ec5\u58eb\u9152\u5e97", "order_time": ["2019-01-22 19:59:59"], "total_order": 1, "hotel_value": ["4.4"], "hotel_price": ["287"]}, "1502328": {"hotel_name": "\u6df1\u5733\u5bf0\u5b87\u5927\u9152\u5e97", "order_time": ["2019-01-22 19:59:59"], "total_order": 1, "hotel_value": ["4.2"], "hotel_price": ["298"]}, "2944446": {"hotel_name": "\u6df1\u5733\u576a\u5c71\u8fce\u5bbe\u9986", "order_time": ["2019-01-22 19:59:59", "2019-01-22 20:09:59", "2019-01-22 20:21:58"], "total_order": 3, "hotel_value": ["4.6", "4.6", "4.6"], "hotel_price": ["289", "289", "289"]}, "481087": {"hotel_name": "\u60a6\u6765\u5ba2\u6808(\u6df1\u5733\u5927\u6885\u6c99\u5e97)", "order_time": ["2019-01-22 20:00:01"], "total_order": 1, "hotel_value": ["4.0"], "hotel_price": ["107"]}, "5982708": {"hotel_name": "\u6df1\u5733\u6854\u5b50\u8fde\u9501\u9152\u5e97\u5858\u6717\u5206\u5e97", "order_time": ["2019-01-22 20:00:01"], "total_order": 1, "hotel_value": ["3.8"], "hotel_price": ["193"]}, "5781890": {"hotel_name": "\u6df1\u5733\u5357\u6d77\u53f0\u5546\u52a1\u9152\u5e97", "order_time": ["2019-01-22 20:00:01"], "total_order": 1, "hotel_value": ["4.5"], "hotel_price": ["198"]}, "6386850": {"hotel_name": "\u6df1\u5733\u7434\u6c5f\u9152\u5e97", "order_time": ["2019-01-22 20:00:01"], "total_order": 1, "hotel_value": ["4.2"], "hotel_price": ["118"]}, "2649810": {"hotel_name": "\u6df1\u5733\u8f83\u573a\u5c3e\u6d77\u77e5\u604b\u5ba2\u6808", "order_time": ["2019-01-22 20:00:01"], "total_order": 1, "hotel_value": ["4.8"], "hotel_price": ["128"]}, "5976834": {"hotel_name": "\u6df1\u5733\u660e\u4e4b\u90fd\u9152\u5e97", "order_time": ["2019-01-22 20:00:01"], "total_order": 1, "hotel_value": ["4.1"], "hotel_price": ["158"]}, "8600493": {"hotel_name": "\u6df1\u5733\u5c0a\u4eab\u9886\u822a\u9152\u5e97", "order_time": ["2019-01-22 20:00:01", "2019-01-22 20:04:02"], "total_order": 2, "hotel_value": ["4.5", "4.5"], "hotel_price": ["138", "138"]}, "1739567": {"hotel_name": "\u6df1\u5733\u6c42\u6c34\u5c71\u9152\u5e97(2\u53f7\u697c)", "order_time": ["2019-01-22 20:00:01"], "total_order": 1, "hotel_value": ["4.6"], "hotel_price": ["284"]}, "8872324": {"hotel_name": "\u6df1\u5733\u5927\u9e4f\u65b0\u533a\u60a0\u5c71\u7f8e\u5730\u7cbe\u54c1\u5ba2\u6808", "order_time": ["2019-01-22 20:00:02"], "total_order": 1, "hotel_value": ["4.5"], "hotel_price": ["216"]}, "10580484": {"hotel_name": "\u6df1\u5733\u4fe1\u4f73\u5546\u52a1\u9152\u5e97\u5f0f\u516c\u5bd3", "order_time": ["2019-01-22 20:00:03"], "total_order": 1, "hotel_value": ["4.7"], "hotel_price": ["208"]}, "1294428": {"hotel_name": "\u6df1\u5733\u8fce\u8054\u5bbe\u9986", "order_time": ["2019-01-22 20:00:03"], "total_order": 1, "hotel_value": ["3.8"], "hotel_price": ["98"]}, "1595853": {"hotel_name": "\u901f8\u9152\u5e97(\u6df1\u5733\u9f99\u5c97\u53cc\u9f99\u5730\u94c1\u7ad9\u5e97)", "order_time": ["2019-01-22 20:00:03"], "total_order": 1, "hotel_value": ["4.2"], "hotel_price": ["108"]}, "1225798": {"hotel_name": "\u6df1\u5733\u666f\u660e\u8fbe\u9152\u5e97", "order_time": ["2019-01-22 20:02:00"], "total_order": 1, "hotel_value": ["4.3"], "hotel_price": ["468"]}, "17283582": {"hotel_name": "\u6df1\u5733\u9ea6\u8fea\u900a\u56fd\u9645\u9152\u5e97\u516c\u5bd3", "order_time": ["2019-01-22 20:05:59", "2019-01-22 20:02:00"], "total_order": 2, "hotel_value": ["4.6", "4.6"], "hotel_price": ["293", "293"]}, "12068805": {"hotel_name": "\u7ef4\u4e5f\u7eb3\u9152\u5e97(\u6df1\u5733\u516c\u660e\u534e\u53d1\u5317\u8def\u5e97)", "order_time": ["2019-01-22 20:02:00"], "total_order": 1, "hotel_value": ["4.8"], "hotel_price": ["221"]}, "5724113": {"hotel_name": "\u51e4\u51f0\u5370\u8c61\u516c\u5bd3(\u6df1\u5733\u7f57\u6e56\u4e07\u8c61\u57ce\u5e97)", "order_time": ["2019-01-22 20:02:01"], "total_order": 1, "hotel_value": ["4.7"], "hotel_price": ["306"]}, "1098172": {"hotel_name": "\u6df1\u5733\u5c1a\u666f\u9152\u5e97", "order_time": ["2019-01-22 20:02:01"], "total_order": 1, "hotel_value": ["4.6"], "hotel_price": ["227"]}, "4981512": {"hotel_name": "\u6df1\u5733\u65b0\u94ed\u90fd\u9152\u5e97", "order_time": ["2019-01-22 20:02:01"], "total_order": 1, "hotel_value": ["4.2"], "hotel_price": ["115"]}, "1480884": {"hotel_name": "\u6df1\u5733\u9e4f\u6052\u592a\u7a7a\u8231\u9152\u5e97", "order_time": ["2019-01-22 20:02:01", "2019-01-22 20:20:00"], "total_order": 2, "hotel_value": ["4.2", "4.2"], "hotel_price": ["71", "71"]}, "8055980": {"hotel_name": "\u6df1\u5733\u4e07\u91cc\u7ea2\u5927\u9152\u5e97", "order_time": ["2019-01-22 20:02:01"], "total_order": 1, "hotel_value": ["4.5"], "hotel_price": ["289"]}, "6610947": {"hotel_name": "\u6df1\u5733\u73ba\u60a6\u9152\u5e97", "order_time": ["2019-01-22 20:02:01"], "total_order": 1, "hotel_value": ["4.4"], "hotel_price": ["88"]}, "25460066": {"hotel_name": "\u6df1\u5733\u91d1\u81f3\u5c1a\u9152\u5e97", "order_time": ["2019-01-22 20:02:01"], "total_order": 1, "hotel_value": [0], "hotel_price": ["289"]}, "1352067": {"hotel_name": "\u6df1\u5733\u6625\u590f\u79cb\u51ac\u9152\u5e97", "order_time": ["2019-01-22 20:02:01"], "total_order": 1, "hotel_value": ["4.4"], "hotel_price": ["138"]}, "1595971": {"hotel_name": "7\u5929\u8fde\u9501\u9152\u5e97(\u6df1\u5733\u6c34\u8d1d\u5730\u94c1\u7ad9\u5e97)(\u539f\u6ce5\u5c97\u4e1c\u5e97)", "order_time": ["2019-01-22 20:02:02"], "total_order": 1, "hotel_value": ["4.3"], "hotel_price": ["157"]}, "806437": {"hotel_name": "\u6df1\u5733\u5927\u94f2\u5bbe\u9986", "order_time": ["2019-01-22 20:02:02"], "total_order": 1, "hotel_value": ["3.9"], "hotel_price": ["166"]}, "1603221": {"hotel_name": "7\u5929\u8fde\u9501\u9152\u5e97(\u6df1\u5733\u5742\u7530\u4e94\u548c\u5730\u94c1\u7ad9\u534e\u4e3a\u5e97)", "order_time": ["2019-01-22 20:02:02", "2019-01-22 20:11:59"], "total_order": 2, "hotel_value": ["4.5", "4.5"], "hotel_price": ["159", "159"]}, "2148463": {"hotel_name": "\u6df1\u5733\u4e1c\u65b9\u96c5\u666f\u9152\u5e97", "order_time": ["2019-01-22 20:02:02"], "total_order": 1, "hotel_value": ["3.7"], "hotel_price": ["130"]}, "1252676": {"hotel_name": "\u83b1\u5361\u6a59\u5b50\u9152\u5e97(\u6df1\u5733\u534e\u5f3a\u5317\u5e97)", "order_time": ["2019-01-22 20:02:02", "2019-01-22 20:08:01"], "total_order": 2, "hotel_value": ["3.8", "3.8"], "hotel_price": ["188", "188"]}, "23793274": {"hotel_name": "\u6df1\u5733\u9f99\u5174\u9152\u5e97\u5f0f\u516c\u5bd3", "order_time": ["2019-01-22 20:02:02"], "total_order": 1, "hotel_value": ["3.8"], "hotel_price": ["128"]}, "6870920": {"hotel_name": "\u8c6a\u5ead\u9152\u5e97(\u6df1\u5733\u5149\u660e\u5b9e\u9a8c\u5b66\u6821\u5e97)", "order_time": ["2019-01-22 20:02:02"], "total_order": 1, "hotel_value": ["4.3"], "hotel_price": ["163"]}, "1646791": {"hotel_name": "\u6df1\u5733\u6cf0\u4fe1\u9152\u5e97", "order_time": ["2019-01-22 20:02:04"], "total_order": 1, "hotel_value": ["4.4"], "hotel_price": ["128"]}, "6067455": {"hotel_name": "99\u4f18\u9009\u9152\u5e97(\u6df1\u5733\u73af\u89c2\u5357\u8def\u5e97)", "order_time": ["2019-01-22 20:02:04"], "total_order": 1, "hotel_value": ["3.7"], "hotel_price": ["119"]}, "930507": {"hotel_name": "\u6df1\u5733\u9526\u4e30\u5546\u52a1\u5bbe\u9986", "order_time": ["2019-01-22 20:02:04"], "total_order": 1, "hotel_value": ["4.2"], "hotel_price": ["140"]}, "3067352": {"hotel_name": "\u6df1\u5733\u4e3d\u661f\u4e39\u987f\u516c\u5bd3(\u539f\u4e3d\u601d\u4e39\u987f\u516c\u5bd3)", "order_time": ["2019-01-22 20:02:04"], "total_order": 1, "hotel_value": ["4.6"], "hotel_price": ["219"]}, "772939": {"hotel_name": "\u6df1\u5733\u683c\u60a6\u57ce\u5e02\u9152\u5e97", "order_time": ["2019-01-22 20:02:04"], "total_order": 1, "hotel_value": ["3.7"], "hotel_price": ["148"]}, "1596486": {"hotel_name": "\u84ec\u5ba2\u7cbe\u54c1\u9152\u5e97(\u6df1\u5733\u5b9d\u5c97\u5e97)", "order_time": ["2019-01-22 20:02:05"], "total_order": 1, "hotel_value": ["4.3"], "hotel_price": ["248"]}, "2313688": {"hotel_name": "\u6df1\u5733\u4e30\u6e90\u65f6\u5c1a\u9152\u5e97", "order_time": ["2019-01-22 20:02:07"], "total_order": 1, "hotel_value": ["4.1"], "hotel_price": ["106"]}, "11426898": {"hotel_name": "\u9e97\u67ab\u9152\u5e97(\u6df1\u5733\u524d\u6d77\u65f6\u4ee3\u57ce\u576a\u6d32\u5730\u94c1\u7ad9\u5e97)", "order_time": ["2019-01-22 20:04:00", "2019-01-22 20:11:58"], "total_order": 2, "hotel_value": ["4.8", "4.8"], "hotel_price": ["328", "328"]}, "1596001": {"hotel_name": "\u7ef4\u4e5f\u7eb3\u9152\u5e97(\u6df1\u5733\u677e\u5c97\u7acb\u4e1a\u8def\u5e97)", "order_time": ["2019-01-22 20:04:00"], "total_order": 1, "hotel_value": ["4.8"], "hotel_price": ["319"]}, "1095761": {"hotel_name": "\u6d77\u5cb8\u79c0\u6708\u697c\u9152\u5e97(\u6df1\u5733\u6d77\u5cb8\u57ce\u5e97)", "order_time": ["2019-01-22 20:04:00"], "total_order": 1, "hotel_value": ["4.1"], "hotel_price": ["333"]}, "1593220": {"hotel_name": "\u4e00\u8a93\u73ab\u7470\u60c5\u4fa3\u4e3b\u9898\u9152\u5e97(\u6df1\u5733\u5efa\u5b89\u5e97)", "order_time": ["2019-01-22 20:04:01"], "total_order": 1, "hotel_value": ["4.5"], "hotel_price": ["154"]}, "5830920": {"hotel_name": "\u5c1a\u5ba2\u4f18\u8fde\u9501\u9152\u5e97(\u6df1\u5733\u9f99\u534e\u6e05\u6e56\u5730\u94c1\u7ad9\u5e97)", "order_time": ["2019-01-22 20:04:01"], "total_order": 1, "hotel_value": ["4.2"], "hotel_price": ["164"]}, "1121624": {"hotel_name": "\u6df1\u5733\u597d\u671b\u89d2\u57ce\u5e02\u9152\u5e97", "order_time": ["2019-01-22 20:04:01"], "total_order": 1, "hotel_value": ["4.1"], "hotel_price": ["163"]}, "6868039": {"hotel_name": "\u6df1\u5733\u4eac\u5357\u6d6a\u6f2b\u4e3b\u9898\u9152\u5e97", "order_time": ["2019-01-22 20:04:02"], "total_order": 1, "hotel_value": ["3.7"], "hotel_price": ["100"]}, "4835302": {"hotel_name": "\u6df1\u5733\u7ef4\u7231\u7cbe\u54c1\u9152\u5e97", "order_time": ["2019-01-22 20:04:05"], "total_order": 1, "hotel_value": ["3.5"], "hotel_price": ["129"]}, "1543908": {"hotel_name": "\u6df1\u5733\u5bcc\u51ef\u5546\u52a1\u5bbe\u9986", "order_time": ["2019-01-22 20:04:07"], "total_order": 1, "hotel_value": ["4.5"], "hotel_price": ["88"]}, "17900460": {"hotel_name": "\u6df1\u5733\u6728\u5b50\u5bb6\u9752\u65c5", "order_time": ["2019-01-22 20:04:07"], "total_order": 1, "hotel_value": ["4.9"], "hotel_price": ["36"]}, "1479956": {"hotel_name": "\u6df1\u5733\u534e\u4fa8\u5927\u53a6\u9152\u5e97", "order_time": ["2019-01-22 20:04:09"], "total_order": 1, "hotel_value": ["4.0"], "hotel_price": ["167"]}, "4379244": {"hotel_name": "\u6df1\u5733\u7c73\u5c14\u987f\u7cbe\u54c1\u9152\u5e97", "order_time": ["2019-01-22 20:04:10"], "total_order": 1, "hotel_value": ["4.6"], "hotel_price": ["268"]}, "706716": {"hotel_name": "\u6df1\u5733\u56fd\u6c47\u5927\u9152\u5e97(\u4eba\u6c11\u5927\u53a6)", "order_time": ["2019-01-22 20:04:12"], "total_order": 1, "hotel_value": ["4.5"], "hotel_price": ["320"]}, "439659": {"hotel_name": "\u7ef4\u4e5f\u7eb3\u56fd\u9645\u9152\u5e97(\u6df1\u5733\u6c99\u4e95\u5e97)", "order_time": ["2019-01-22 20:05:59", "2019-01-22 20:14:05"], "total_order": 2, "hotel_value": ["4.9", "4.9"], "hotel_price": ["239", "239"]}, "2266013": {"hotel_name": "\u7ef4\u4e5f\u7eb3\u56fd\u9645\u9152\u5e97(\u6df1\u5733\u89c2\u6f9c\u89c2\u5149\u8def\u5e97)", "order_time": ["2019-01-22 20:05:59"], "total_order": 1, "hotel_value": ["4.8"], "hotel_price": ["214"]}, "7302453": {"hotel_name": "\u6df1\u5733UrBeautiful\u56fd\u9645\u9752\u65c5", "order_time": ["2019-01-22 20:06:00"], "total_order": 1, "hotel_value": ["4.5"], "hotel_price": ["54"]}, "8901224": {"hotel_name": "\u6021\u96c5\u5c45\u9152\u5e97\u5f0f\u516c\u5bd3(\u6a1f\u5751\u4e00\u533a\u5e97)", "order_time": ["2019-01-22 20:06:01"], "total_order": 1, "hotel_value": ["4.0"], "hotel_price": ["147"]}, "9628082": {"hotel_name": "\u57ce\u5bb6\u7cbe\u9009\u516c\u5bd3\uff08\u6df1\u5733\u6d77\u5cb8\u57ce\u5e97\uff09\uff08\u539f\u6df1\u5733\u57ce\u5bb6\u6c11\u5c45\u6d77\u5cb8\u57ce\u5e97\uff09", "order_time": ["2019-01-22 20:06:08"], "total_order": 1, "hotel_value": ["4.2"], "hotel_price": ["433"]}, "974626": {"hotel_name": "\u6df1\u5733\u4e1c\u95e8\u51ef\u60a6\u5609\u8f69\u9152\u5e97", "order_time": ["2019-01-22 20:06:09"], "total_order": 1, "hotel_value": ["4.5"], "hotel_price": ["787"]}, "481309": {"hotel_name": "\u57ce\u5e02\u4fbf\u6377\u9152\u5e97(\u6df1\u5733\u6e2f\u9686\u57ce\u5e97)", "order_time": ["2019-01-22 20:07:59"], "total_order": 1, "hotel_value": ["4.4"], "hotel_price": ["189"]}, "536403": {"hotel_name": "\u6df1\u5733\u65b0\u65f6\u4ee3\u9152\u5e97", "order_time": ["2019-01-22 20:07:59"], "total_order": 1, "hotel_value": ["4.3"], "hotel_price": ["303"]}, "4825981": {"hotel_name": "\u7ef4\u4e5f\u7eb3\u9152\u5e97(\u6df1\u5733\u9f99\u534e\u6e05\u6e56\u8def\u5e97)", "order_time": ["2019-01-22 20:08:00"], "total_order": 1, "hotel_value": ["4.5"], "hotel_price": ["296"]}, "6858070": {"hotel_name": "\u6df1\u5733\u5f69\u8679\u4e00\u53f7\u516c\u5bd3", "order_time": ["2019-01-22 20:08:02"], "total_order": 1, "hotel_value": ["3.9"], "hotel_price": ["198"]}, "1437556": {"hotel_name": "\u6df1\u5733\u548c\u8c10\u9152\u5e97", "order_time": ["2019-01-22 20:08:02"], "total_order": 1, "hotel_value": ["4.5"], "hotel_price": ["138"]}, "4043640": {"hotel_name": "\u6df1\u5733\u5b59\u4e8c\u5a18\u5bb6\u5ead\u5ba2\u6808", "order_time": ["2019-01-22 20:08:02"], "total_order": 1, "hotel_value": ["4.2"], "hotel_price": ["139"]}, "21004425": {"hotel_name": "\u6df1\u5733\u5f90\u6c0f\u9752\u5e74\u65c5\u820d", "order_time": ["2019-01-22 20:08:02"], "total_order": 1, "hotel_value": [0], "hotel_price": ["43"]}, "833851": {"hotel_name": "\u6df1\u5733\u6c5f\u5357\u5546\u65c5\u9152\u5e97", "order_time": ["2019-01-22 20:08:03"], "total_order": 1, "hotel_value": [0], "hotel_price": ["118"]}, "3035318": {"hotel_name": "\u6df1\u5733\u4e508\u8fde\u9501\u9152\u5e97(\u539f\u4e50\u8c6a\u7cbe\u54c1\u9152\u5e97)", "order_time": ["2019-01-22 20:08:05"], "total_order": 1, "hotel_value": ["3.4"], "hotel_price": ["118"]}, "11159774": {"hotel_name": "\u6df1\u5733\u5929\u5b8f\u9752\u5e74\u5bbe\u9986(\u539f\u9a74\u9014\u9752\u5e74\u9152\u5e97)", "order_time": ["2019-01-22 20:08:06"], "total_order": 1, "hotel_value": ["4.1"], "hotel_price": ["95"]}, "371244": {"hotel_name": "\u6df1\u5733\u534e\u4fa8\u57ce\u6d32\u9645\u5927\u9152\u5e97", "order_time": ["2019-01-22 20:09:59"], "total_order": 1, "hotel_value": ["4.7"], "hotel_price": ["1586"]}, "1229256": {"hotel_name": "\u6df1\u5733\u6d77\u6d9b\u9152\u5e97", "order_time": ["2019-01-22 20:09:59"], "total_order": 1, "hotel_value": ["4.2"], "hotel_price": ["356"]}, "1386210": {"hotel_name": "\u5982\u5bb6\u5feb\u6377\u9152\u5e97(\u6df1\u5733\u5e03\u5409\u8857\u957f\u9f99\u5730\u94c1\u7ad9\u5e97)", "order_time": ["2019-01-22 20:10:00"], "total_order": 1, "hotel_value": ["4.5"], "hotel_price": ["166"]}, "9617911": {"hotel_name": "\u7ef4\u4e5f\u7eb3\u9152\u5e97(\u6df1\u5733\u5742\u7530\u5c97\u5934\u5e97)", "order_time": ["2019-01-22 20:10:01"], "total_order": 1, "hotel_value": ["4.3"], "hotel_price": ["267"]}, "21428106": {"hotel_name": "\u6df1\u573399\u4f18\u9009\u9152\u5e97", "order_time": ["2019-01-22 20:10:03"], "total_order": 1, "hotel_value": ["3.7"], "hotel_price": ["89"]}, "807370": {"hotel_name": "\u91d1\u4fa8\u5bbe\u9986(\u6df1\u5733\u9f99\u534e\u5e97)", "order_time": ["2019-01-22 20:11:58"], "total_order": 1, "hotel_value": ["3.9"], "hotel_price": ["138"]}, "511402": {"hotel_name": "\u6df1\u5733\u829d\u52a0\u54e5\u56fd\u9645\u516c\u5bd3", "order_time": ["2019-01-22 20:11:58"], "total_order": 1, "hotel_value": ["4.1"], "hotel_price": ["268"]}, "455552": {"hotel_name": "\u6df1\u5733\u4e00\u5343\u96f6\u4e00\u591c\u9152\u5e97", "order_time": ["2019-01-22 20:11:58"], "total_order": 1, "hotel_value": ["4.1"], "hotel_price": ["187"]}, "1600243": {"hotel_name": "7\u5929\u8fde\u9501\u9152\u5e97(\u6df1\u5733\u798f\u7530\u53e3\u5cb8\u5730\u94c1\u7ad9\u5e97)", "order_time": ["2019-01-22 20:11:59"], "total_order": 1, "hotel_value": ["4.6"], "hotel_price": ["255"]}, "4340550": {"hotel_name": "\u9752\u5e74\u827a\u672f\u5bb6\u9752\u5e74\u65c5\u820d(\u6df1\u5733\u767d\u77f3\u5dde\u5e97)", "order_time": ["2019-01-22 20:11:59"], "total_order": 1, "hotel_value": ["4.4"], "hotel_price": ["63"]}, "993659": {"hotel_name": "\u5982\u5bb6\u5feb\u6377\u9152\u5e97(\u6df1\u5733\u4e1c\u7ad9\u5e03\u5409\u8001\u8857\u5e97)", "order_time": ["2019-01-22 20:11:59"], "total_order": 1, "hotel_value": ["4.3"], "hotel_price": ["122"]}, "1181213": {"hotel_name": "\u6df1\u5733\u661f\u6021\u5bbe\u9986", "order_time": ["2019-01-22 20:12:01"], "total_order": 1, "hotel_value": ["3.8"], "hotel_price": ["98"]}, "1250164": {"hotel_name": "\u57ce\u5e02\u4fbf\u6377\u9152\u5e97(\u6df1\u5733\u677e\u5c97\u5ba2\u8fd0\u7ad9\u5e97)", "order_time": ["2019-01-22 20:12:03"], "total_order": 1, "hotel_value": ["4.2"], "hotel_price": ["119"]}, "1840509": {"hotel_name": "\u96c5\u597d\u9152\u5e97(\u6df1\u5733\u677e\u5c97\u5730\u94c1\u7ad9\u5e97)(\u539f\u677e\u5c97\u6c99\u6c5f\u8def\u5e97)", "order_time": ["2019-01-22 20:14:04", "2019-01-22 20:12:03"], "total_order": 2, "hotel_value": ["4.6", "4.6"], "hotel_price": ["119", "119"]}, "1011667": {"hotel_name": "\u80dc\u9ad8\u9152\u5e97(\u6df1\u5733\u5e03\u5409\u5e97)", "order_time": ["2019-01-22 20:14:02"], "total_order": 1, "hotel_value": ["4.5"], "hotel_price": ["153"]}, "967918": {"hotel_name": "\u6c49\u5ead\u9152\u5e97(\u6df1\u5733\u5b9d\u5b89\u673a\u573a\u798f\u6c38\u5e97)", "order_time": ["2019-01-22 20:14:03"], "total_order": 1, "hotel_value": ["4.6"], "hotel_price": ["145"]}, "635230": {"hotel_name": "\u6df1\u5733\u65b0\u6cf0\u6765\u9152\u5e97", "order_time": ["2019-01-22 20:14:03"], "total_order": 1, "hotel_value": ["4.0"], "hotel_price": ["198"]}, "1598527": {"hotel_name": "\u516b\u53f7\u8fde\u9501\u9152\u5e97(\u6df1\u5733\u4e16\u754c\u4e4b\u7a97\u4e8c\u5e97)", "order_time": ["2019-01-22 20:14:03"], "total_order": 1, "hotel_value": ["4.5"], "hotel_price": ["278"]}, "12603058": {"hotel_name": "\u94c2\u5c14\u987f\u9152\u5e97(\u6df1\u5733\u516c\u660e\u5357\u5e84\u5e97)", "order_time": ["2019-01-22 20:14:03"], "total_order": 1, "hotel_value": ["4.8"], "hotel_price": ["162"]}, "1597982": {"hotel_name": "\u6df1\u5733\u4f9d\u5170\u65f6\u5c1a\u7cbe\u54c1\u9152\u5e97(\u539f\u6df1\u5733\u4f9d\u5170\u9152\u5e97)", "order_time": ["2019-01-22 20:14:03"], "total_order": 1, "hotel_value": ["4.3"], "hotel_price": ["258"]}, "1351933": {"hotel_name": "\u6df1\u5733\u67cf\u5c14\u65af\u9152\u5e97", "order_time": ["2019-01-22 20:14:03"], "total_order": 1, "hotel_value": ["4.5"], "hotel_price": ["150"]}, "1518304": {"hotel_name": "\u6df1\u5733\u6cf0\u83b1\u5546\u52a1\u9152\u5e97", "order_time": ["2019-01-22 20:14:03"], "total_order": 1, "hotel_value": ["4.5"], "hotel_price": ["188"]}, "1432007": {"hotel_name": "\u6df1\u5733\u4e1c\u65b9\u660e\u73e0\u9152\u5e97", "order_time": ["2019-01-22 20:14:03"], "total_order": 1, "hotel_value": ["4.0"], "hotel_price": ["216"]}, "3923582": {"hotel_name": "\u6df1\u5733\u96c5\u6021\u9152\u5e97", "order_time": ["2019-01-22 20:14:03"], "total_order": 1, "hotel_value": ["4.3"], "hotel_price": ["80"]}, "4983960": {"hotel_name": "\u6df1\u5733\u51ef\u60a6\u9152\u5e97", "order_time": ["2019-01-22 20:14:03"], "total_order": 1, "hotel_value": ["4.2"], "hotel_price": ["108"]}, "5248455": {"hotel_name": "\u6df1\u5733\u6021\u96c5\u5c45\u9152\u5e97\u5f0f\u516c\u5bd3\u5317\u7ad9\u5e97", "order_time": ["2019-01-22 20:14:04"], "total_order": 1, "hotel_value": ["3.9"], "hotel_price": ["112"]}, "1007990": {"hotel_name": "\u6d77\u6797\u9152\u5e97(\u6df1\u5733\u9f99\u534e\u65b0\u533a\u5e97)", "order_time": ["2019-01-22 20:14:06"], "total_order": 1, "hotel_value": ["4.1"], "hotel_price": ["103"]}, "1513202": {"hotel_name": "\u6df1\u5733\u6c49\u6c38\u9152\u5e97", "order_time": ["2019-01-22 20:14:11"], "total_order": 1, "hotel_value": ["4.4"], "hotel_price": ["238"]}, "1486262": {"hotel_name": "\u6df1\u5733\u6797\u80af\u5ba2\u6808", "order_time": ["2019-01-22 20:16:00"], "total_order": 1, "hotel_value": ["4.5"], "hotel_price": ["183"]}, "3040576": {"hotel_name": "\u6c49\u5ead\u9152\u5e97(\u6df1\u5733\u897f\u4e61\u5f69\u8679\u57ce\u9152\u5e97)", "order_time": ["2019-01-22 20:16:00"], "total_order": 1, "hotel_value": ["4.4"], "hotel_price": ["180"]}, "345032": {"hotel_name": "\u6df1\u5733\u9999\u683c\u91cc\u62c9\u5927\u9152\u5e97", "order_time": ["2019-01-22 20:16:00"], "total_order": 1, "hotel_value": ["4.4"], "hotel_price": ["909"]}, "5764379": {"hotel_name": "\u6df1\u5733\u4e9a\u6d32\u5bbe\u9986", "order_time": ["2019-01-22 20:16:01"], "total_order": 1, "hotel_value": ["4.2"], "hotel_price": ["108"]}, "6290268": {"hotel_name": "\u6df1\u5733\u7687\u5ead\u5546\u52a1\u9152\u5e97", "order_time": ["2019-01-22 20:16:01"], "total_order": 1, "hotel_value": ["4.4"], "hotel_price": ["173"]}, "1597294": {"hotel_name": "\u798f\u5e03\u65af\u5546\u52a1\u9152\u5e97(\u6df1\u5733\u5927\u6d6a\u5546\u4e1a\u4e2d\u5fc3\u5e97)", "order_time": ["2019-01-22 20:16:01"], "total_order": 1, "hotel_value": ["4.3"], "hotel_price": ["163"]}, "1014996": {"hotel_name": "\u6df1\u5733\u96ea\u8c61\u5bbe\u9986", "order_time": ["2019-01-22 20:16:02"], "total_order": 1, "hotel_value": ["4.3"], "hotel_price": ["88"]}, "4833590": {"hotel_name": "\u6df1\u5733\u5fbd\u5546168\u5feb\u6377\u9152\u5e97(\u77f3\u5ca9\u9547\u5e97)", "order_time": ["2019-01-22 20:16:03"], "total_order": 1, "hotel_value": ["3.9"], "hotel_price": ["91"]}, "6001552": {"hotel_name": "\u8d35\u5bbe\u820d\u9152\u5e97(\u6df1\u5733\u798f\u6c38\u5e97)", "order_time": ["2019-01-22 20:16:03"], "total_order": 1, "hotel_value": ["4.3"], "hotel_price": ["88"]}, "1599587": {"hotel_name": "\u6df1\u5733\u7231\u7fa4\u9152\u5e97", "order_time": ["2019-01-22 20:16:03"], "total_order": 1, "hotel_value": ["4.1"], "hotel_price": ["96"]}, "430344": {"hotel_name": "\u6df1\u5733\u9f99\u5c97\u73e0\u6c5f\u7687\u51a0\u5047\u65e5\u9152\u5e97", "order_time": ["2019-01-22 20:17:57"], "total_order": 1, "hotel_value": ["4.6"], "hotel_price": ["732"]}, "433180": {"hotel_name": "\u9a8f\u5ead\u9152\u5e97(\u6df1\u5733\u5357\u6cb9\u5e97)", "order_time": ["2019-01-22 20:17:58"], "total_order": 1, "hotel_value": ["4.1"], "hotel_price": ["189"]}, "3638432": {"hotel_name": "\u6df1\u5733\u7ca4\u6765\u9ad8\u9152\u5e97(\u539f\u91d1\u5229\u90fd\u4e3b\u9898\u9152\u5e97)", "order_time": ["2019-01-22 20:17:59"], "total_order": 1, "hotel_value": ["4.5"], "hotel_price": ["128"]}, "879009": {"hotel_name": "\u534e\u4e30\u9152\u5e97(\u6df1\u5733\u5357\u56ed\u8def\u5e97)", "order_time": ["2019-01-22 20:18:00"], "total_order": 1, "hotel_value": ["4.0"], "hotel_price": ["151"]}, "452553": {"hotel_name": "\u80dc\u9ad8\u9152\u5e97(\u6df1\u5733\u6c99\u4e95\u65b0\u6865\u5e97)(\u539f\u534e\u5929\u5546\u52a1\u9152\u5e97)", "order_time": ["2019-01-22 20:18:02"], "total_order": 1, "hotel_value": ["4.3"], "hotel_price": ["118"]}, "1596836": {"hotel_name": "\u6df1\u5733\u6c5f\u82cf\u5bbe\u9986", "order_time": ["2019-01-22 20:18:07"], "total_order": 1, "hotel_value": ["4.6"], "hotel_price": ["308"]}, "378509": {"hotel_name": "\u6df1\u5733\u53cb\u548c\u56fd\u9645\u5927\u9152\u5e97", "order_time": ["2019-01-22 20:19:58"], "total_order": 1, "hotel_value": ["4.7"], "hotel_price": ["598"]}, "1598507": {"hotel_name": "7\u5929\u8fde\u9501\u9152\u5e97(\u6df1\u5733\u534e\u5f3a\u8def\u5730\u94c1\u7ad9\u798f\u534e\u5e97)(\u798f\u534e\u8def\u5e97)", "order_time": ["2019-01-22 20:19:59"], "total_order": 1, "hotel_value": ["4.4"], "hotel_price": ["170"]}, "4007561": {"hotel_name": "\u6df1\u5733\u5927\u5b66\u5170\u5179\u9152\u5e97", "order_time": ["2019-01-22 20:19:59"], "total_order": 1, "hotel_value": ["4.5"], "hotel_price": ["358"]}, "1570080": {"hotel_name": "\u6df1\u5733\u957f\u4e30\u82b1\u56ed\u9152\u5e97", "order_time": ["2019-01-22 20:20:00"], "total_order": 1, "hotel_value": ["4.1"], "hotel_price": ["312"]}, "5352386": {"hotel_name": "\u9752\u76ae\u6811\u9152\u5e97(\u6df1\u5733\u9f99\u534e\u6e05\u6e56\u5730\u94c1\u7ad9\u5e97)", "order_time": ["2019-01-22 20:20:03"], "total_order": 1, "hotel_value": ["4.3"], "hotel_price": ["162"]}, "7942791": {"hotel_name": "\u6df1\u5733\u9e93\u6e7e\u56fd\u9645\u516c\u9986\u5ea6\u5047\u9152\u5e97", "order_time": ["2019-01-22 20:21:59"], "total_order": 1, "hotel_value": ["4.6"], "hotel_price": ["396"]}, "1438034": {"hotel_name": "\u7231\u534e\u7cbe\u54c1\u9152\u5e97(\u6df1\u5733\u534e\u5f3a\u5317\u5e97)", "order_time": ["2019-01-22 20:21:59"], "total_order": 1, "hotel_value": ["4.5"], "hotel_price": ["184"]}, "8649906": {"hotel_name": "\u9e97\u67ab\u9152\u5e97(\u6df1\u5733\u7f8a\u53f0\u5c71\u5927\u6d6a\u5730\u94c1\u7ad9\u5e97)", "order_time": ["2019-01-22 20:25:59"], "total_order": 1, "hotel_value": ["4.7"], "hotel_price": ["212"]}}}