{"\u5f00\u59cb\u8bb0\u5f55\u65f6\u95f4": "2019-01-26 08:05:36", "\u7ed3\u675f\u8bb0\u5f55\u65f6\u95f4": "2019-01-26 09:05:36", "\u8ba2\u5355\u603b\u589e\u91cf": 297, "item": {"6312583": {"hotel_name": "\u6606\u5b63\u9152\u5e97(\u6df1\u5733\u5317\u7ad9\u4e94\u548c\u5e97)", "order_time": ["2019-01-26 08:45:44", "2019-01-26 08:07:44"], "total_order": 2, "hotel_value": ["4.3", "4.3"], "hotel_price": ["133", "133"]}, "2881593": {"hotel_name": "\u9526\u6c5f\u4e4b\u661f\u54c1\u5c1a(\u6df1\u5733\u7687\u5c97\u53e3\u5cb8\u7687\u57ce\u5e7f\u573a\u5e97)", "order_time": ["2019-01-26 08:07:47", "2019-01-26 08:41:45"], "total_order": 2, "hotel_value": ["4.4", "4.4"], "hotel_price": ["289", "289"]}, "397232": {"hotel_name": "\u6df1\u5733\u4e1c\u90e8\u534e\u4fa8\u57ce\u9ed1\u68ee\u6797\u9152\u5e97", "order_time": ["2019-01-26 08:07:48"], "total_order": 1, "hotel_value": ["4.5"], "hotel_price": ["750"]}, "1426490": {"hotel_name": "\u6df1\u5733\u660e\u9633\u9152\u5e97", "order_time": ["2019-01-26 08:07:48"], "total_order": 1, "hotel_value": ["4.1"], "hotel_price": ["276"]}, "435964": {"hotel_name": "\u6df1\u5733\u4e1c\u534e\u5609\u60a6\u9152\u5e97", "order_time": ["2019-01-26 08:07:49"], "total_order": 1, "hotel_value": ["4.5"], "hotel_price": ["380"]}, "535694": {"hotel_name": "\u6df1\u5733\u534e\u5f3a\u5e7f\u573a\u9152\u5e97", "order_time": ["2019-01-26 08:07:50"], "total_order": 1, "hotel_value": ["4.7"], "hotel_price": ["588"]}, "1432157": {"hotel_name": "\u6df1\u5733\u534e\u4fa8\u9152\u5e97", "order_time": ["2019-01-26 08:07:52", "2019-01-26 08:13:49", "2019-01-26 08:17:44"], "total_order": 3, "hotel_value": ["3.8", "3.8", "3.8"], "hotel_price": ["194", "194", "194"]}, "1486559": {"hotel_name": "\u7ef4\u4e5f\u7eb3\u9152\u5e97(\u6df1\u5733\u6c99\u4e95\u4e0a\u5357\u5e97)", "order_time": ["2019-01-26 08:07:54"], "total_order": 1, "hotel_value": ["4.8"], "hotel_price": ["224"]}, "2602578": {"hotel_name": "\u7ef4\u4e5f\u7eb3\u56fd\u9645\u9152\u5e97(\u6df1\u5733\u5730\u738b\u5b9d\u5b89\u5357\u8def\u5e97)", "order_time": ["2019-01-26 08:09:43"], "total_order": 1, "hotel_value": ["4.8"], "hotel_price": ["426"]}, "6284220": {"hotel_name": "\u67cf\u69ff\u9152\u5e97(\u6df1\u5733\u4e1c\u95e8\u6e56\u8d1d\u5730\u94c1\u7ad9\u5e97)", "order_time": ["2019-01-26 08:09:43"], "total_order": 1, "hotel_value": ["4.8"], "hotel_price": ["588"]}, "512937": {"hotel_name": "\u6df1\u5733\u4e2d\u6cf0\u6765\u5927\u9152\u5e97", "order_time": ["2019-01-26 08:27:45", "2019-01-26 08:09:44", "2019-01-26 08:21:45"], "total_order": 3, "hotel_value": ["4.2", "4.2", "4.2"], "hotel_price": ["337", "337", "337"]}, "1425633": {"hotel_name": "\u543e\u9047\u7cbe\u54c1\u8fde\u9501\u9152\u5e97(\u6df1\u5733\u9f99\u534e\u5730\u94c1\u7ad9\u5e97)", "order_time": ["2019-01-26 08:09:44"], "total_order": 1, "hotel_value": ["4.5"], "hotel_price": ["189"]}, "429212": {"hotel_name": "\u6df1\u5733\u6d77\u666f\u5609\u9014\u9152\u5e97(\u539f\u5965\u601d\u5ef7\u9152\u5e97)", "order_time": ["2019-01-26 08:09:44"], "total_order": 1, "hotel_value": ["4.5"], "hotel_price": ["496"]}, "14173273": {"hotel_name": "\u6df1\u5733\u58f9\u6e7e\u670d\u52a1\u516c\u5bd3", "order_time": ["2019-01-26 08:09:45"], "total_order": 1, "hotel_value": ["4.5"], "hotel_price": ["366"]}, "5238031": {"hotel_name": "\u6df1\u5733\u5929\u5929\u8fde\u9501\u9152\u5e97\u897f\u4e3d\u5317\u8def\u5e97", "order_time": ["2019-01-26 08:09:46"], "total_order": 1, "hotel_value": ["4.1"], "hotel_price": ["143"]}, "5159278": {"hotel_name": "\u5609\u79a7\u9152\u5e97(\u5609\u79a7\u65f6\u4ee3\u5e7f\u573a\u5e97)", "order_time": ["2019-01-26 08:09:46"], "total_order": 1, "hotel_value": ["3.8"], "hotel_price": ["220"]}, "1603178": {"hotel_name": "7\u5929\u8fde\u9501\u9152\u5e97(\u6df1\u5733\u5317\u7ad9\u5e97)", "order_time": ["2019-01-26 08:09:47"], "total_order": 1, "hotel_value": ["4.7"], "hotel_price": ["273"]}, "11057796": {"hotel_name": "\u6df1\u5733\u6d77\u4e0a\u4e16\u754c\u5170\u5179\u9152\u5e97", "order_time": ["2019-01-26 08:09:47", "2019-01-26 08:11:48"], "total_order": 2, "hotel_value": ["4.4", "4.4"], "hotel_price": ["348", "348"]}, "2239012": {"hotel_name": "\u6df1\u5733\u5b8f\u660c\u5546\u52a1\u9152\u5e97", "order_time": ["2019-01-26 08:09:49"], "total_order": 1, "hotel_value": ["4.3"], "hotel_price": ["199"]}, "2918978": {"hotel_name": "\u6e2f\u5929\u65f6\u5c1a\u516c\u5bd3(\u6df1\u5733\u5317\u7ad9\u5e97)", "order_time": ["2019-01-26 08:09:50", "2019-01-26 08:43:46"], "total_order": 2, "hotel_value": ["3.9", "3.9"], "hotel_price": ["161", "161"]}, "638421": {"hotel_name": "\u7ef4\u4e5f\u7eb3\u56fd\u9645\u9152\u5e97(\u6df1\u5733\u5927\u5267\u9662\u5e97)", "order_time": ["2019-01-26 08:09:50", "2019-01-26 08:19:46"], "total_order": 2, "hotel_value": ["4.7", "4.7"], "hotel_price": ["368", "406"]}, "1768679": {"hotel_name": "\u591a\u4f26\u591a\u9152\u5e97(\u6df1\u5733\u666f\u7530\u5e97)(\u539f\u4f1a\u5c55\u4e2d\u5fc3\u5e97)", "order_time": ["2019-01-26 08:09:52"], "total_order": 1, "hotel_value": ["4.4"], "hotel_price": ["268"]}, "931675": {"hotel_name": "\u7ef4\u4e5f\u7eb3\u56fd\u9645\u9152\u5e97(\u6df1\u5733\u5317\u7ad9\u5e97)", "order_time": ["2019-01-26 08:10:27"], "total_order": 1, "hotel_value": ["4.6"], "hotel_price": ["576"]}, "1285020": {"hotel_name": "\u6df1\u5733\u67e0\u6aac\u9152\u5e97", "order_time": ["2019-01-26 08:11:46", "2019-01-26 08:15:44"], "total_order": 2, "hotel_value": ["4.4", "4.4"], "hotel_price": ["198", "206"]}, "1599951": {"hotel_name": "7\u5929\u8fde\u9501\u9152\u5e97(\u6df1\u5733\u706b\u8f66\u7ad9\u5e97)", "order_time": ["2019-01-26 08:11:48"], "total_order": 1, "hotel_value": ["4.2"], "hotel_price": ["221"]}, "473108": {"hotel_name": "\u6df1\u5733\u6613\u5c1a\u5317\u65b9\u5927\u9152\u5e97", "order_time": ["2019-01-26 08:15:45", "2019-01-26 08:11:49"], "total_order": 2, "hotel_value": ["4.5", "4.5"], "hotel_price": ["289", "289"]}, "6483350": {"hotel_name": "\u5e0c\u5cb8\u9152\u5e97(\u6df1\u5733\u673a\u573a\u822a\u7ad9\u697c\u5e97)", "order_time": ["2019-01-26 08:15:43", "2019-01-26 08:11:49"], "total_order": 2, "hotel_value": ["4.8", "4.8"], "hotel_price": ["303", "303"]}, "12135159": {"hotel_name": "\u6df1\u5733\u7687\u5eadV\u56fd\u9645\u516c\u5bd3(\u539f\u7687\u5ead\u793c\u5c1a\u516c\u5bd3)", "order_time": ["2019-01-26 08:11:52"], "total_order": 1, "hotel_value": ["4.7"], "hotel_price": ["779"]}, "5781890": {"hotel_name": "\u6df1\u5733\u5357\u6d77\u53f0\u5546\u52a1\u9152\u5e97", "order_time": ["2019-01-26 08:11:53"], "total_order": 1, "hotel_value": ["4.5"], "hotel_price": ["178"]}, "5944858": {"hotel_name": "\u6df1\u5733\u81f4\u9752\u6625\u9752\u5e74\u65c5\u820d", "order_time": ["2019-01-26 08:12:00"], "total_order": 1, "hotel_value": ["4.0"], "hotel_price": ["38"]}, "5078949": {"hotel_name": "\u6df1\u5733\u9752\u6625\u4e4b\u5bb6\u516c\u5bd3", "order_time": ["2019-01-26 08:12:09"], "total_order": 1, "hotel_value": [0], "hotel_price": ["36"]}, "17535038": {"hotel_name": "\u6df1\u5733\u673a\u573a\u51ef\u60a6\u9152\u5e97", "order_time": ["2019-01-26 08:53:46", "2019-01-26 08:19:45", "2019-01-26 08:13:43"], "total_order": 3, "hotel_value": ["4.7", "4.7", "4.7"], "hotel_price": ["748", "748", "748"]}, "1603233": {"hotel_name": "\u6df1\u5733\u56fd\u5bbe\u5546\u52a1\u9152\u5e97", "order_time": ["2019-01-26 08:13:45"], "total_order": 1, "hotel_value": ["4.5"], "hotel_price": ["209"]}, "5248368": {"hotel_name": "\u6df1\u573380\u9752\u5e74\u8fde\u9501\u9152\u5e97\u673a\u573a\u540e\u745e\u5730\u94c1\u7ad9\u5e97", "order_time": ["2019-01-26 08:37:45", "2019-01-26 08:13:46"], "total_order": 2, "hotel_value": ["4.5", "4.5"], "hotel_price": ["158", "158"]}, "481089": {"hotel_name": "\u60a6\u6765\u5ba2\u6808\u7ecf\u6d4e\u8fde\u9501\u9152\u5e97(\u6df1\u5733\u5357\u5c71\u5e97)", "order_time": ["2019-01-26 08:13:46", "2019-01-26 08:21:44"], "total_order": 2, "hotel_value": ["4.1", "4.1"], "hotel_price": ["216", "216"]}, "3180282": {"hotel_name": "\u6df1\u5733\u4e1c\u4f73\u7cbe\u54c1\u9152\u5e97", "order_time": ["2019-01-26 08:13:47"], "total_order": 1, "hotel_value": ["4.1"], "hotel_price": ["203"]}, "635247": {"hotel_name": "\u5357\u6d77\u4e4b\u661f\u9152\u5e97(\u6df1\u5733\u5b9d\u5b89\u5e97)", "order_time": ["2019-01-26 08:13:52"], "total_order": 1, "hotel_value": ["4.2"], "hotel_price": ["187"]}, "6817459": {"hotel_name": "\u7ef4\u4e5f\u7eb3\u56fd\u9645\u9152\u5e97(\u6df1\u5733\u673a\u573a\u822a\u57ce\u5e97)", "order_time": ["2019-01-26 08:15:43", "2019-01-26 08:17:46"], "total_order": 2, "hotel_value": ["4.8", "4.8"], "hotel_price": ["269", "269"]}, "4614812": {"hotel_name": "\u6df1\u5733\u54c1\u51a0\u827a\u672f\u9152\u5e97(\u6df1\u5733\u5e73\u6e56\u534e\u5357\u57ce\u5e97)(\u539f\u5e73\u6e56\u706b\u8f66\u7ad9\u5e7f\u573a\u5e97)", "order_time": ["2019-01-26 08:15:43"], "total_order": 1, "hotel_value": ["4.7"], "hotel_price": ["171"]}, "436042": {"hotel_name": "\u9e3f\u6ce2\u9152\u5e97(\u6df1\u5733\u534e\u4fa8\u57ce\u5e97)", "order_time": ["2019-01-26 08:15:43", "2019-01-26 08:33:44"], "total_order": 2, "hotel_value": ["4.3", "4.3"], "hotel_price": ["374", "374"]}, "1438237": {"hotel_name": "\u6df1\u5733\u6e7e\u79d1\u6280\u56ed\u4e3d\u96c5\u67e5\u5c14\u987f\u9152\u5e97", "order_time": ["2019-01-26 08:15:44"], "total_order": 1, "hotel_value": ["4.6"], "hotel_price": ["488"]}, "1542105": {"hotel_name": "\u6df1\u5733\u8d1d\u5c14\u6f2b\u7cbe\u54c1\u9152\u5e97", "order_time": ["2019-01-26 08:15:51"], "total_order": 1, "hotel_value": ["4.5"], "hotel_price": ["140"]}, "4331807": {"hotel_name": "\u6df1\u5733\u7f57\u6e56\u6c5f\u6c34\u5c0f\u57ce\u5ba2\u6808", "order_time": ["2019-01-26 08:15:59"], "total_order": 1, "hotel_value": ["3.4"], "hotel_price": ["148"]}, "965551": {"hotel_name": "\u6df1\u5733\u79a7\u5ef7\u9152\u5e97", "order_time": ["2019-01-26 08:17:43"], "total_order": 1, "hotel_value": ["4.4"], "hotel_price": ["159"]}, "2941968": {"hotel_name": "7\u5929\u8fde\u9501\u9152\u5e97(\u6df1\u5733\u673a\u573a\u540e\u745e\u5730\u94c1\u7ad9\u5e97)", "order_time": ["2019-01-26 08:55:46", "2019-01-26 08:17:44"], "total_order": 2, "hotel_value": ["4.4", "4.4"], "hotel_price": ["150", "150"]}, "1001183": {"hotel_name": "\u534e\u91cc\u7cbe\u54c1\u9152\u5e97(\u6df1\u5733\u5357\u5c71\u5730\u94c1\u7ad9\u5e97)(\u539f\u5357\u5c71\u5927\u9053\u5e97)", "order_time": ["2019-01-26 08:17:45"], "total_order": 1, "hotel_value": ["4.6"], "hotel_price": ["389"]}, "925657": {"hotel_name": "\u6df1\u5733\u56db\u5ddd\u5bbe\u9986", "order_time": ["2019-01-26 08:17:46"], "total_order": 1, "hotel_value": ["4.5"], "hotel_price": ["378"]}, "2511980": {"hotel_name": "\u5c1a\u5ba2\u4f18\u5feb\u6377\u9152\u5e97(\u6df1\u5733\u5742\u7530\u4e94\u548c\u5730\u94c1\u7ad9\u534e\u4e3a\u5e97)", "order_time": ["2019-01-26 08:17:50"], "total_order": 1, "hotel_value": ["4.2"], "hotel_price": ["155"]}, "6731540": {"hotel_name": "\u6df1\u5733\u5b9d\u6850\u5546\u52a1\u9152\u5e97", "order_time": ["2019-01-26 08:17:50"], "total_order": 1, "hotel_value": ["3.8"], "hotel_price": ["123"]}, "444702": {"hotel_name": "\u9526\u6c5f\u4e4b\u661f\u98ce\u5c1a(\u6df1\u5733\u79d1\u5b66\u9986\u5e97)", "order_time": ["2019-01-26 08:17:51"], "total_order": 1, "hotel_value": ["4.2"], "hotel_price": ["149"]}, "6435845": {"hotel_name": "\u7f8e\u5fb7\u4e50\u9152\u5e97(\u6df1\u5733\u5e73\u6e56\u534e\u5357\u5e97)", "order_time": ["2019-01-26 08:17:53"], "total_order": 1, "hotel_value": ["4.1"], "hotel_price": ["128"]}, "5982798": {"hotel_name": "7\u5929\u4f18\u54c1(\u6df1\u5733\u5e73\u6e56\u706b\u8f66\u7ad9\u5e97)", "order_time": ["2019-01-26 08:17:53"], "total_order": 1, "hotel_value": ["4.7"], "hotel_price": ["129"]}, "6794254": {"hotel_name": "\u6df1\u5733\u4f73\u5146\u4e1a\u4e07\u8c6a\u9152\u5e97", "order_time": ["2019-01-26 08:19:44"], "total_order": 1, "hotel_value": ["4.5"], "hotel_price": ["1397"]}, "2198537": {"hotel_name": "\u6df1\u5733\u5723\u6dd8\u6c99\u9152\u5e97(\u6843\u56ed\u5e97)", "order_time": ["2019-01-26 08:45:44", "2019-01-26 08:19:44"], "total_order": 2, "hotel_value": ["4.6", "4.6"], "hotel_price": ["498", "498"]}, "1599973": {"hotel_name": "7\u5929\u8fde\u9501\u9152\u5e97(\u6df1\u5733\u4eac\u57fa100\u7ea2\u5cad\u5730\u94c1\u7ad9\u5e97)", "order_time": ["2019-01-26 08:19:46"], "total_order": 1, "hotel_value": ["4.0"], "hotel_price": ["160"]}, "635256": {"hotel_name": "\u5174\u534e\u5bbe\u9986(\u6df1\u5733\u79d1\u5b66\u9986\u5730\u94c1\u7ad9\u5e97)", "order_time": ["2019-01-26 08:19:47"], "total_order": 1, "hotel_value": ["4.2"], "hotel_price": ["200"]}, "4690327": {"hotel_name": "\u6df1\u5733\u673a\u573a\u51ef\u60a6\u5609\u5bd3\u9152\u5e97", "order_time": ["2019-01-26 08:19:47"], "total_order": 1, "hotel_value": ["4.7"], "hotel_price": ["716"]}, "1505606": {"hotel_name": "\u6df1\u5733\u6d77\u5cb8\u7ebf\u56fd\u9645\u9752\u5e74\u65c5\u820d\u5317\u7ad9\u5e97", "order_time": ["2019-01-26 08:19:53"], "total_order": 1, "hotel_value": ["4.5"], "hotel_price": ["61"]}, "1284867": {"hotel_name": "\u6df1\u5733\u5b8f\u8fdc\u65c5\u9986", "order_time": ["2019-01-26 08:20:04"], "total_order": 1, "hotel_value": ["4.4"], "hotel_price": ["40"]}, "6871167": {"hotel_name": "\u6df1\u5733\u7f8e\u666f\u9152\u5e97", "order_time": ["2019-01-26 08:21:44"], "total_order": 1, "hotel_value": ["4.7"], "hotel_price": ["576"]}, "5678486": {"hotel_name": "\u9ea6\u82bd\u516c\u5bd3(\u6df1\u5733\u79d1\u6280\u56ed\u5e97)(\u539f\u9ea6\u82bd\u9152\u5e97\u5f0f\u516c\u5bd3)", "order_time": ["2019-01-26 08:21:44"], "total_order": 1, "hotel_value": ["4.7"], "hotel_price": ["254"]}, "7218166": {"hotel_name": "\u767e\u91cc\u767b\u7cbe\u54c1\u516c\u5bd3(\u6df1\u5733\u79d1\u6280\u56ed\u5e97)", "order_time": ["2019-01-26 08:21:45"], "total_order": 1, "hotel_value": ["4.4"], "hotel_price": ["346"]}, "929591": {"hotel_name": "\u7ef4\u4e5f\u7eb3\u9152\u5e97(\u6df1\u5733\u7231\u6995\u8def\u5e97)", "order_time": ["2019-01-26 08:21:46"], "total_order": 1, "hotel_value": ["4.8"], "hotel_price": ["306"]}, "1319911": {"hotel_name": "\u7ef4\u4e5f\u7eb33\u597d\u9152\u5e97(\u6df1\u5733\u89c2\u6f9c\u9ad8\u5c14\u592b\u5e97)", "order_time": ["2019-01-26 08:21:46"], "total_order": 1, "hotel_value": ["4.8"], "hotel_price": ["169"]}, "772991": {"hotel_name": "\u83b1\u5361\u94c2\u7f8e\u9152\u5e97(\u6df1\u5733\u56fd\u8d38\u5e97)", "order_time": ["2019-01-26 08:21:47"], "total_order": 1, "hotel_value": ["4.4"], "hotel_price": ["278"]}, "1466507": {"hotel_name": "\u6df1\u5733\u91d1\u798f\u6765\u5546\u65c5\u9152\u5e97", "order_time": ["2019-01-26 08:21:48"], "total_order": 1, "hotel_value": ["4.0"], "hotel_price": ["228"]}, "2870286": {"hotel_name": "7\u5929\u8fde\u9501\u9152\u5e97(\u6df1\u5733\u6625\u98ce\u8def\u5e97)", "order_time": ["2019-01-26 08:21:48"], "total_order": 1, "hotel_value": ["3.7"], "hotel_price": ["169"]}, "5804070": {"hotel_name": "\u4e03\u6a59\u9152\u5e97(\u6df1\u5733\u5317\u7ad9\u6c11\u6cbb\u5e97)", "order_time": ["2019-01-26 08:21:48"], "total_order": 1, "hotel_value": ["4.1"], "hotel_price": ["167"]}, "2167926": {"hotel_name": "\u6df1\u5733\u5609\u745e\u57ce\u827a\u672f\u9152\u5e97(\u539f\u6c11\u6cf0\u5546\u52a1\u5bbe\u9986)", "order_time": ["2019-01-26 08:21:49"], "total_order": 1, "hotel_value": ["4.5"], "hotel_price": ["208"]}, "1597626": {"hotel_name": "\u6df1\u5733\u534e\u8054\u5546\u52a1\u5bbe\u9986(\u576a\u5c71\u9ad8\u94c1\u7ad9\u5e97)", "order_time": ["2019-01-26 08:21:50"], "total_order": 1, "hotel_value": ["4.2"], "hotel_price": ["143"]}, "985105": {"hotel_name": "\u683c\u6797\u8054\u76df\u9152\u5e97(\u6df1\u5733\u798f\u7530\u6885\u6797\u5e97)", "order_time": ["2019-01-26 08:23:43", "2019-01-26 08:35:45"], "total_order": 2, "hotel_value": ["4.3", "4.3"], "hotel_price": ["263", "263"]}, "1721205": {"hotel_name": "\u6df1\u5733\u7ec5\u58eb\u9152\u5e97", "order_time": ["2019-01-26 08:23:44"], "total_order": 1, "hotel_value": ["4.4"], "hotel_price": ["238"]}, "1505384": {"hotel_name": "\u60a6\u5de2\u516c\u5bd3(\u6df1\u5733\u5317\u7ad9\u5e97)", "order_time": ["2019-01-26 08:37:45", "2019-01-26 08:23:45"], "total_order": 2, "hotel_value": ["4.6", "4.6"], "hotel_price": ["202", "202"]}, "6301159": {"hotel_name": "\u91d1\u8475\u82b1\u9152\u5e97(\u6df1\u5733\u5317\u7ad9\u5e97)", "order_time": ["2019-01-26 08:23:46"], "total_order": 1, "hotel_value": ["4.1"], "hotel_price": ["386"]}, "425224": {"hotel_name": "\u6df1\u5733\u5f6d\u5e74\u9152\u5e97", "order_time": ["2019-01-26 08:23:46"], "total_order": 1, "hotel_value": ["4.6"], "hotel_price": ["513"]}, "929525": {"hotel_name": "\u7ef4\u4e5f\u7eb3\u9152\u5e97(\u6df1\u5733\u6d77\u6e7e\u5e97)", "order_time": ["2019-01-26 08:23:46"], "total_order": 1, "hotel_value": ["4.7"], "hotel_price": ["316"]}, "1599620": {"hotel_name": "\u6df1\u5733\u6d77\u5bb8\u5bbe\u9986", "order_time": ["2019-01-26 08:23:47"], "total_order": 1, "hotel_value": ["4.3"], "hotel_price": ["222"]}, "12177597": {"hotel_name": "\u7ef4\u4e5f\u7eb3\u9152\u5e97(\u6df1\u5733\u5409\u7965\u5730\u94c1\u7ad9\u5e97)", "order_time": ["2019-01-26 08:23:47"], "total_order": 1, "hotel_value": ["4.5"], "hotel_price": ["256"]}, "28471455": {"hotel_name": "\u6df1\u5733\u83f2\u9152\u5e97\u516c\u5bd3", "order_time": ["2019-01-26 08:23:52"], "total_order": 1, "hotel_value": ["4.8"], "hotel_price": ["514"]}, "11141088": {"hotel_name": "\u7e41\u534e\u91cc\u7cbe\u54c1\u516c\u5bd3(\u6df1\u5733\u5317\u7ad9\u5e97)", "order_time": ["2019-01-26 08:25:44"], "total_order": 1, "hotel_value": ["4.4"], "hotel_price": ["278"]}, "1524901": {"hotel_name": "\u9886\u822a\u7cbe\u54c1\u9152\u5e97(\u6df1\u5733\u5b9d\u5b89\u56fd\u9645\u673a\u573aT3\u822a\u7ad9\u697c\u5e97)", "order_time": ["2019-01-26 08:25:44"], "total_order": 1, "hotel_value": ["4.3"], "hotel_price": ["186"]}, "6314214": {"hotel_name": "\u4f73\u5146\u4e1a\u53ef\u57df\u7cbe\u9009\u9152\u5e97(\u6df1\u5733\u5927\u9e4f\u5e97)", "order_time": ["2019-01-26 08:25:44"], "total_order": 1, "hotel_value": ["4.6"], "hotel_price": ["358"]}, "448324": {"hotel_name": "\u987a\u9038\u4e1c\u65b9\u9152\u5e97(\u6df1\u5733\u9f99\u534e\u5927\u6d6a\u5e97)", "order_time": ["2019-01-26 08:25:45"], "total_order": 1, "hotel_value": ["4.7"], "hotel_price": ["208"]}, "23876798": {"hotel_name": "\u6607\u60a6\u9152\u5e97(\u6df1\u5733\u798f\u6c38\u5e97)", "order_time": ["2019-01-26 08:25:46"], "total_order": 1, "hotel_value": ["4.7"], "hotel_price": ["132"]}, "435396": {"hotel_name": "\u7ef4\u4e5f\u7eb3\u9152\u5e97(\u6df1\u5733\u5e73\u6e56\u5e7f\u573a\u5e97)", "order_time": ["2019-01-26 08:25:47"], "total_order": 1, "hotel_value": ["4.9"], "hotel_price": ["175"]}, "1526202": {"hotel_name": "\u6df1\u5733\u534e\u5357\u5929\u7cbe\u54c1\u5546\u52a1\u9152\u5e97", "order_time": ["2019-01-26 08:25:49"], "total_order": 1, "hotel_value": ["4.0"], "hotel_price": ["208"]}, "23935921": {"hotel_name": "\u6df1\u5733\u638c\u4e0a\u660e\u73e0\u7530\u534e\u7389\u516c\u5bd3(\u690d\u7269\u56ed\u8def\u5206\u5e97)", "order_time": ["2019-01-26 08:25:56"], "total_order": 1, "hotel_value": [0], "hotel_price": ["173"]}, "1596962": {"hotel_name": "\u6c49\u5ead\u9152\u5e97(\u6df1\u5733\u798f\u7530\u53e3\u5cb8\u5e97)", "order_time": ["2019-01-26 08:26:04"], "total_order": 1, "hotel_value": ["4.3"], "hotel_price": ["204"]}, "435152": {"hotel_name": "\u6df1\u5733\u4e2d\u822a\u57ce\u683c\u5170\u4e91\u5929\u5927\u9152\u5e97", "order_time": ["2019-01-26 08:35:43", "2019-01-26 08:27:43"], "total_order": 2, "hotel_value": ["4.7", "4.7"], "hotel_price": ["556", "556"]}, "13802180": {"hotel_name": "\u9e97\u67ab\u9152\u5e97(\u6df1\u5733\u5317\u7ad9\u9f99\u534e\u58f9\u57ce\u4e2d\u5fc3\u5e97)", "order_time": ["2019-01-26 08:27:43"], "total_order": 1, "hotel_value": ["4.8"], "hotel_price": ["298"]}, "662421": {"hotel_name": "\u7ef4\u7eb3\u65af\u9152\u5e97(\u6df1\u5733\u5317\u7ad9\u5e97)", "order_time": ["2019-01-26 08:27:43"], "total_order": 1, "hotel_value": ["4.2"], "hotel_price": ["279"]}, "2765033": {"hotel_name": "\u7f8e\u8c6a\u9152\u5e97(\u6df1\u5733\u673a\u573a\u5e97)", "order_time": ["2019-01-26 08:59:44", "2019-01-26 08:27:44"], "total_order": 2, "hotel_value": ["4.7", "4.7"], "hotel_price": ["308", "308"]}, "446486": {"hotel_name": "\u7ef4\u4e5f\u7eb3\u9152\u5e97(\u6df1\u5733\u94f6\u6e56\u5730\u94c1\u7ad9\u5e97)", "order_time": ["2019-01-26 08:27:44"], "total_order": 1, "hotel_value": ["4.7"], "hotel_price": ["238"]}, "875425": {"hotel_name": "\u9526\u6c5f\u4e4b\u661f(\u6df1\u5733\u798f\u6c11\u5730\u94c1\u7ad9\u5e97)", "order_time": ["2019-01-26 08:27:46"], "total_order": 1, "hotel_value": ["4.5"], "hotel_price": ["306"]}, "755145": {"hotel_name": "\u9999\u6885\u8fde\u9501\u9152\u5e97(\u6df1\u5733\u666f\u7530\u5317\u5e97)", "order_time": ["2019-01-26 08:45:44", "2019-01-26 08:27:51"], "total_order": 2, "hotel_value": ["4.4", "4.4"], "hotel_price": ["288", "288"]}, "6873049": {"hotel_name": "168\u8fde\u9501\u9152\u5e97(\u6df1\u5733\u677e\u67cf\u8def\u5e97)(\u539f\u9f99\u5c97\u5e97)", "order_time": ["2019-01-26 08:27:53"], "total_order": 1, "hotel_value": ["4.4"], "hotel_price": ["163"]}, "6044419": {"hotel_name": "\u7ef4\u4e5f\u7eb3\u56fd\u9645\u9152\u5e97(\u6df1\u5733\u5e03\u5409\u5927\u82ac\u5e97)", "order_time": ["2019-01-26 08:28:05"], "total_order": 1, "hotel_value": ["4.8"], "hotel_price": ["289"]}, "430649": {"hotel_name": "\u6df1\u5733\u7f57\u6e56\u5927\u9152\u5e97", "order_time": ["2019-01-26 08:29:44"], "total_order": 1, "hotel_value": ["4.1"], "hotel_price": ["343"]}, "9125335": {"hotel_name": "\u7231\u7434\u6d77\u827a\u672f\u9152\u5e97(\u6df1\u5733\u4f1a\u5c55\u4e2d\u5fc3\u5e97)", "order_time": ["2019-01-26 08:29:44"], "total_order": 1, "hotel_value": ["4.5"], "hotel_price": ["366"]}, "4528873": {"hotel_name": "\u71b9\u65f6\u4ee3loft\u7cbe\u54c1\u9152\u5e97(\u6df1\u5733\u5317\u7ad9\u5e97)", "order_time": ["2019-01-26 08:29:44"], "total_order": 1, "hotel_value": ["4.5"], "hotel_price": ["409"]}, "474461": {"hotel_name": "\u6df1\u5733\u673a\u573a\u5927\u9152\u5e97", "order_time": ["2019-01-26 08:41:44", "2019-01-26 08:29:44"], "total_order": 2, "hotel_value": ["4.3", "4.3"], "hotel_price": ["227", "227"]}, "374854": {"hotel_name": "\u6df1\u5733\u6469\u767b\u514b\u65af\u9152\u5e97", "order_time": ["2019-01-26 08:29:44"], "total_order": 1, "hotel_value": ["4.7"], "hotel_price": ["836"]}, "1502328": {"hotel_name": "\u6df1\u5733\u5bf0\u5b87\u5927\u9152\u5e97", "order_time": ["2019-01-26 08:29:45"], "total_order": 1, "hotel_value": ["4.2"], "hotel_price": ["298"]}, "1458173": {"hotel_name": "\u5c1a\u5c45\u9152\u5e97(\u6df1\u5733\u7f57\u6e56\u53e3\u5cb8\u5e97)", "order_time": ["2019-01-26 08:29:46"], "total_order": 1, "hotel_value": ["4.0"], "hotel_price": ["159"]}, "17496357": {"hotel_name": "\u7ef4\u4e5f\u7eb3\u56fd\u9645\u9152\u5e97(\u6df1\u5733\u89c2\u6f9c\u5927\u9053\u5e97)", "order_time": ["2019-01-26 08:29:46"], "total_order": 1, "hotel_value": ["4.8"], "hotel_price": ["226"]}, "3657180": {"hotel_name": "\u5c1a\u5ba2\u4f18\u5feb\u6377\u9152\u5e97(\u6df1\u5733\u5b9d\u5b89\u56fd\u9645\u673a\u573a\u5317\u5e97)", "order_time": ["2019-01-26 08:29:47"], "total_order": 1, "hotel_value": ["4.2"], "hotel_price": ["126"]}, "21721264": {"hotel_name": "\u6df1\u5733\u5a01\u5361\u6f2b\u7cbe\u54c1\u9152\u5e97", "order_time": ["2019-01-26 08:29:48"], "total_order": 1, "hotel_value": ["4.5"], "hotel_price": ["123"]}, "484296": {"hotel_name": "\u6df1\u5733\u5927\u6885\u6c99\u4e2d\u5174\u548c\u6cf0\u9152\u5e97", "order_time": ["2019-01-26 08:29:48"], "total_order": 1, "hotel_value": ["4.3"], "hotel_price": ["330"]}, "6298731": {"hotel_name": "\u6df1\u5733\u5c0f\u6885\u6c99\u597d\u5bb6\u4e3b\u9898\u516c\u5bd3\u9152\u5e97", "order_time": ["2019-01-26 08:29:49"], "total_order": 1, "hotel_value": ["4.7"], "hotel_price": ["107"]}, "1613022": {"hotel_name": "\u6df1\u5733\u5c1a\u5ba2\u5feb\u6377\u9152\u5e97", "order_time": ["2019-01-26 08:29:57"], "total_order": 1, "hotel_value": ["4.5"], "hotel_price": ["94"]}, "345037": {"hotel_name": "\u6df1\u5733\u5a01\u5c3c\u65af\u777f\u9014\u9152\u5e97(\u539f\u5a01\u5c3c\u65af\u9152\u5e97)", "order_time": ["2019-01-26 08:30:01"], "total_order": 1, "hotel_value": ["4.7"], "hotel_price": ["1036"]}, "419431": {"hotel_name": "\u6df1\u5733\u6e7e\u6728\u68c9\u82b1\u9152\u5e97", "order_time": ["2019-01-26 08:31:46"], "total_order": 1, "hotel_value": ["4.6"], "hotel_price": ["983"]}, "703351": {"hotel_name": "\u6df1\u5733\u5bcc\u745e\u65af\u56fd\u9645\u516c\u5bd3", "order_time": ["2019-01-26 08:31:47"], "total_order": 1, "hotel_value": ["4.5"], "hotel_price": ["708"]}, "6022500": {"hotel_name": "\u65b0\u4e09\u56f4\u9152\u5e97(\u6df1\u5733\u65b0\u673a\u573aT3\u822a\u7ad9\u697c\u5e97)", "order_time": ["2019-01-26 08:31:47"], "total_order": 1, "hotel_value": ["4.4"], "hotel_price": ["178"]}, "1744477": {"hotel_name": "\u91d1\u6cfd\u7cbe\u54c1\u9152\u5e97(\u6df1\u5733\u4e1c\u7ad9\u5e03\u5409\u5e97)", "order_time": ["2019-01-26 08:31:47"], "total_order": 1, "hotel_value": ["4.2"], "hotel_price": ["121"]}, "13785743": {"hotel_name": "\u6df1\u5733\u5609\u745e\u57ce\u827a\u672f\u9152\u5e97(\u5927\u6d6a\u5e97)", "order_time": ["2019-01-26 08:31:47"], "total_order": 1, "hotel_value": ["4.4"], "hotel_price": ["133"]}, "2388076": {"hotel_name": "\u5e0c\u51ef\u9152\u5e97(\u6df1\u5733\u5317\u7ad9\u5e97)(\u539f\u5229\u534e\u4ed5\u9152\u5e97)", "order_time": ["2019-01-26 08:31:48"], "total_order": 1, "hotel_value": ["4.7"], "hotel_price": ["346"]}, "3667359": {"hotel_name": "\u57ce\u5e02\u4fbf\u6377\u9152\u5e97(\u6df1\u5733\u897f\u4e61\u5730\u94c1\u7ad9\u5e97)", "order_time": ["2019-01-26 08:31:48"], "total_order": 1, "hotel_value": ["4.4"], "hotel_price": ["199"]}, "6743873": {"hotel_name": "\u6df1\u5733\u5e02\u91d1\u946b\u65c5\u9986", "order_time": ["2019-01-26 08:31:58"], "total_order": 1, "hotel_value": [0], "hotel_price": ["48"]}, "1579376": {"hotel_name": "\u6df1\u5733\u4e50\u9152\u5e97", "order_time": ["2019-01-26 08:33:43"], "total_order": 1, "hotel_value": ["4.6"], "hotel_price": ["862"]}, "7588938": {"hotel_name": "\u58f9\u822a\u9152\u5e97(\u6df1\u5733\u673a\u573a\u5e97)", "order_time": ["2019-01-26 08:33:44"], "total_order": 1, "hotel_value": ["4.5"], "hotel_price": ["268"]}, "28707486": {"hotel_name": "\u94c2\u65af\u767b\u884c\u653f\u516c\u5bd3(\u6df1\u5733\u5317\u7ad9\u6c47\u9686\u4e2d\u5fc3\u5e97)", "order_time": ["2019-01-26 08:33:44"], "total_order": 1, "hotel_value": ["4.6"], "hotel_price": ["879"]}, "1007488": {"hotel_name": "\u6d3e\u9152\u5e97(\u6df1\u5733\u4e1c\u95e8\u6b65\u884c\u8857\u5e97)", "order_time": ["2019-01-26 08:33:45"], "total_order": 1, "hotel_value": ["4.6"], "hotel_price": ["178"]}, "5981963": {"hotel_name": "\u5c1a\u5ba2\u4f18\u8fde\u9501\u9152\u5e97(\u6df1\u5733\u673a\u573a\u540e\u745e\u5730\u94c1\u7ad9\u5e97)", "order_time": ["2019-01-26 08:33:45"], "total_order": 1, "hotel_value": ["4.2"], "hotel_price": ["149"]}, "4826608": {"hotel_name": "\u6df1\u5733\u7eb3\u5c14\u65af\u5546\u52a1\u9152\u5e97", "order_time": ["2019-01-26 08:33:46"], "total_order": 1, "hotel_value": ["4.5"], "hotel_price": ["173"]}, "5998420": {"hotel_name": "\u8036\u59c6\u5546\u52a1\u516c\u5bd3(\u6df1\u5733ONE39\u4e1c\u95e8\u5e97)(\u539f\u6df1\u6e2f\u5546\u52a1\u516c\u5bd3)", "order_time": ["2019-01-26 08:33:46"], "total_order": 1, "hotel_value": ["4.6"], "hotel_price": ["368"]}, "535673": {"hotel_name": "\u5c71\u6c34\u65f6\u5c1a\u9152\u5e97(\u6df1\u5733\u5742\u7530\u534e\u4e3a\u5e97)", "order_time": ["2019-01-26 08:33:47"], "total_order": 1, "hotel_value": ["4.6"], "hotel_price": ["188"]}, "2153712": {"hotel_name": "\u6df1\u53d1\u5bbe\u9986(\u6df1\u5733\u5e03\u5409\u5927\u82ac\u6751\u5730\u94c1\u7ad9\u5e97)", "order_time": ["2019-01-26 08:33:49"], "total_order": 1, "hotel_value": ["3.8"], "hotel_price": ["99"]}, "833651": {"hotel_name": "\u6df1\u5733\u9e4f\u8fbe\u5bbe\u9986", "order_time": ["2019-01-26 08:33:49"], "total_order": 1, "hotel_value": ["3.5"], "hotel_price": ["66"]}, "1284696": {"hotel_name": "\u8212\u99a8\u7279\u8272\u4e3b\u9898\u9152\u5e97(\u6df1\u5733\u957f\u9f99\u5730\u94c1\u7ad9\u5e97)", "order_time": ["2019-01-26 08:33:52"], "total_order": 1, "hotel_value": ["3.6"], "hotel_price": ["93"]}, "2699166": {"hotel_name": "\u5929\u548c\u9152\u5e97(\u6df1\u5733\u673a\u573aT3\u822a\u7ad9\u697c\u5e97)", "order_time": ["2019-01-26 08:35:43"], "total_order": 1, "hotel_value": ["4.6"], "hotel_price": ["319"]}, "426204": {"hotel_name": "\u6df1\u5733\u7687\u8f69\u9152\u5e97", "order_time": ["2019-01-26 08:35:44", "2019-01-26 08:37:44"], "total_order": 2, "hotel_value": ["4.3", "4.3"], "hotel_price": ["568", "568"]}, "5764379": {"hotel_name": "\u6df1\u5733\u4e9a\u6d32\u5bbe\u9986", "order_time": ["2019-01-26 08:35:50"], "total_order": 1, "hotel_value": ["4.2"], "hotel_price": ["113"]}, "12460566": {"hotel_name": "\u6df1\u6e2f\u884c\u653f\u516c\u5bd3(\u6df1\u5733\u5317\u7ad9\u5e97)", "order_time": ["2019-01-26 08:37:44"], "total_order": 1, "hotel_value": ["4.5"], "hotel_price": ["318"]}, "5860925": {"hotel_name": "\u6df1\u5733\u6ee8\u6cb3\u65f6\u4ee3\u4e9a\u6735S\u9152\u5e97", "order_time": ["2019-01-26 08:51:44", "2019-01-26 08:37:44"], "total_order": 2, "hotel_value": ["4.8", "4.8"], "hotel_price": ["847", "799"]}, "457399": {"hotel_name": "\u6df1\u5733\u4e2d\u5357\u6d77\u6021\u9152\u5e97", "order_time": ["2019-01-26 08:37:44"], "total_order": 1, "hotel_value": ["4.3"], "hotel_price": ["396"]}, "347431": {"hotel_name": "\u6df1\u5733\u745e\u5409\u9152\u5e97", "order_time": ["2019-01-26 08:37:44"], "total_order": 1, "hotel_value": ["4.7"], "hotel_price": ["1627"]}, "371252": {"hotel_name": "\u8c6a\u6d3e\u7279\u534e\u7f8e\u8fbe\u5e7f\u573a\u9152\u5e97(\u6df1\u5733\u5317\u7ad9\u5e97)", "order_time": ["2019-01-26 08:45:44", "2019-01-26 08:37:45"], "total_order": 2, "hotel_value": ["4.5", "4.5"], "hotel_price": ["522", "522"]}, "1413187": {"hotel_name": "\u6df1\u5733\u5609\u745e\u9152\u5e97", "order_time": ["2019-01-26 08:37:46"], "total_order": 1, "hotel_value": ["4.2"], "hotel_price": ["184"]}, "1597479": {"hotel_name": "\u6df1\u5733\u4e1c\u6c5f\u516c\u5bd3", "order_time": ["2019-01-26 08:37:47"], "total_order": 1, "hotel_value": ["3.6"], "hotel_price": ["148"]}, "5941733": {"hotel_name": "\u6df1\u573369\u53f7\u9752\u5e74\u65c5\u820d\u9f99\u534e\u5730\u94c1\u7ad9\u5e97", "order_time": ["2019-01-26 08:37:54"], "total_order": 1, "hotel_value": ["3.5"], "hotel_price": ["22"]}, "6083997": {"hotel_name": "\u57ce\u5e02\u4fbf\u6377\u8fde\u9501\u9152\u5e97(\u6df1\u5733\u673a\u573a\u56fa\u620d\u5730\u94c1\u7ad9\u5e97)", "order_time": ["2019-01-26 08:37:57"], "total_order": 1, "hotel_value": ["4.2"], "hotel_price": ["158"]}, "8722459": {"hotel_name": "\u65af\u7ef4\u767b\u5ea6\u5047\u516c\u5bd3(\u6df1\u5733\u5927\u5b66\u57ce\u5e97)", "order_time": ["2019-01-26 08:39:43"], "total_order": 1, "hotel_value": ["4.4"], "hotel_price": ["191"]}, "374627": {"hotel_name": "\u6df1\u5733\u5bcc\u4e34\u5927\u9152\u5e97", "order_time": ["2019-01-26 08:39:43"], "total_order": 1, "hotel_value": ["4.5"], "hotel_price": ["398"]}, "6461667": {"hotel_name": "\u7f8e\u8c6a\u4e3d\u81f4\u9152\u5e97(\u6df1\u5733\u4e1c\u95e8\u8001\u8857\u5730\u94c1\u7ad9\u5e97)", "order_time": ["2019-01-26 08:39:43"], "total_order": 1, "hotel_value": ["4.6"], "hotel_price": ["500"]}, "802552": {"hotel_name": "\u7ff0\u96c5\u7cbe\u54c1\u9152\u5e97(\u6df1\u5733\u5b9d\u5b89\u673a\u573a\u56fa\u620c\u5730\u94c1\u7ad9\u5e97)", "order_time": ["2019-01-26 08:47:44", "2019-01-26 08:39:44"], "total_order": 2, "hotel_value": ["4.4", "4.4"], "hotel_price": ["133", "133"]}, "8565776": {"hotel_name": "\u6df1\u5733\u60a6\u83b1\u8fde\u9501\u516c\u5bd3", "order_time": ["2019-01-26 08:39:45"], "total_order": 1, "hotel_value": ["4.1"], "hotel_price": ["149"]}, "1600156": {"hotel_name": "\u6df1\u5733\u6e2f\u9a7f\u7cbe\u54c1\u9152\u5e97", "order_time": ["2019-01-26 08:39:46"], "total_order": 1, "hotel_value": ["3.7"], "hotel_price": ["233"]}, "5385086": {"hotel_name": "\u6df1\u5733\u91d1\u8475\u82b1\u9152\u5e97", "order_time": ["2019-01-26 08:39:48"], "total_order": 1, "hotel_value": ["4.3"], "hotel_price": ["153"]}, "879009": {"hotel_name": "\u534e\u4e30\u9152\u5e97(\u6df1\u5733\u5357\u56ed\u8def\u5e97)", "order_time": ["2019-01-26 08:39:49"], "total_order": 1, "hotel_value": ["4.1"], "hotel_price": ["162"]}, "6997331": {"hotel_name": "\u7687\u671d\u5546\u52a1\u9152\u5e97(\u6df1\u5733\u798f\u7530\u53e3\u5cb8\u5e97)", "order_time": ["2019-01-26 08:41:43"], "total_order": 1, "hotel_value": ["4.4"], "hotel_price": ["348"]}, "643476": {"hotel_name": "\u547c\u565c\u6808\u9152\u5e97(\u6df1\u5733\u9999\u871c\u6e56\u5e97)", "order_time": ["2019-01-26 08:41:44"], "total_order": 1, "hotel_value": ["4.5"], "hotel_price": ["293"]}, "3667172": {"hotel_name": "\u7d22\u7279\u6765\u521b\u610f\u9152\u5e97(\u6df1\u5733\u5317\u7ad9\u7f18\u5206\u5e97)", "order_time": ["2019-01-26 08:45:44", "2019-01-26 08:41:44"], "total_order": 2, "hotel_value": ["4.3", "4.3"], "hotel_price": ["422", "422"]}, "974626": {"hotel_name": "\u6df1\u5733\u4e1c\u95e8\u51ef\u60a6\u5609\u8f69\u9152\u5e97", "order_time": ["2019-01-26 08:41:45"], "total_order": 1, "hotel_value": ["4.5"], "hotel_price": ["552"]}, "3040576": {"hotel_name": "\u6c49\u5ead\u9152\u5e97(\u6df1\u5733\u897f\u4e61\u5f69\u8679\u57ce\u9152\u5e97)", "order_time": ["2019-01-26 08:41:45"], "total_order": 1, "hotel_value": ["4.4"], "hotel_price": ["170"]}, "1599425": {"hotel_name": "\u6df1\u5733\u5e7f\u7ca4\u5bbe\u9986", "order_time": ["2019-01-26 08:41:52"], "total_order": 1, "hotel_value": ["4.2"], "hotel_price": ["103"]}, "2107803": {"hotel_name": "\u5361\u745e\u767b\u9152\u5e97(\u6df1\u5733\u6c11\u5eb7\u5e97)", "order_time": ["2019-01-26 08:43:44"], "total_order": 1, "hotel_value": ["4.2"], "hotel_price": ["209"]}, "1350554": {"hotel_name": "\u5982\u5bb6\u7cbe\u9009\u9152\u5e97(\u6df1\u5733\u5357\u5c71\u6d77\u5cb8\u57ce\u5e97)", "order_time": ["2019-01-26 08:43:44"], "total_order": 1, "hotel_value": ["4.7"], "hotel_price": ["354"]}, "1952191": {"hotel_name": "\u5357\u56fd\u5bbe\u9986(\u6df1\u5733\u798f\u6c11\u5730\u94c1\u7ad9\u603b\u5e97)(\u539f\u4f1a\u5c55\u4e2d\u5fc3\u5e97)", "order_time": ["2019-01-26 08:45:44", "2019-01-26 08:43:44"], "total_order": 2, "hotel_value": ["4.1", "4.1"], "hotel_price": ["279", "279"]}, "879029": {"hotel_name": "\u6df1\u5733\u65b0\u5927\u6d32\u9152\u5e97", "order_time": ["2019-01-26 08:43:44"], "total_order": 1, "hotel_value": ["4.3"], "hotel_price": ["289"]}, "8192848": {"hotel_name": "\u57ce\u5bb6\u7cbe\u9009\u516c\u5bd3(\u6df1\u5733\u5357\u5c71\u5730\u94c1\u7ad9\u5e97)", "order_time": ["2019-01-26 08:43:44"], "total_order": 1, "hotel_value": ["4.5"], "hotel_price": ["369"]}, "994762": {"hotel_name": "\u83ab\u6cf0268(\u6df1\u5733\u7687\u5c97\u5e97)", "order_time": ["2019-01-26 08:43:44"], "total_order": 1, "hotel_value": ["4.1"], "hotel_price": ["272"]}, "5215105": {"hotel_name": "\u534e\u91cc\u7cbe\u54c1\u9152\u5e97(\u6df1\u5733\u521b\u610f\u56ed\u5e97)", "order_time": ["2019-01-26 08:43:45"], "total_order": 1, "hotel_value": ["4.6"], "hotel_price": ["388"]}, "11931041": {"hotel_name": "\u6df1\u5733\u8f89\u76db\u9601\u56fd\u9645\u516c\u5bd3", "order_time": ["2019-01-26 08:43:45"], "total_order": 1, "hotel_value": ["4.7"], "hotel_price": ["1000"]}, "420085": {"hotel_name": "\u6df1\u5733\u9633\u5149\u9152\u5e97", "order_time": ["2019-01-26 08:43:45"], "total_order": 1, "hotel_value": ["4.6"], "hotel_price": ["568"]}, "1254816": {"hotel_name": "\u6df1\u5733\u9999\u69ad\u4e3d\u5bab\u9152\u5e97", "order_time": ["2019-01-26 08:43:45"], "total_order": 1, "hotel_value": ["4.6"], "hotel_price": ["348"]}, "450229": {"hotel_name": "\u6df1\u5733\u695a\u5929\u5927\u9152\u5e97", "order_time": ["2019-01-26 08:43:45"], "total_order": 1, "hotel_value": ["4.2"], "hotel_price": ["236"]}, "374848": {"hotel_name": "\u6df1\u5733\u541b\u60a6\u9152\u5e97", "order_time": ["2019-01-26 08:43:45"], "total_order": 1, "hotel_value": ["4.8"], "hotel_price": ["1098"]}, "468922": {"hotel_name": "\u6c49\u5ead\u9152\u5e97(\u6df1\u5733\u6d77\u4e0a\u4e16\u754c\u5e97)", "order_time": ["2019-01-26 08:43:45"], "total_order": 1, "hotel_value": ["4.1"], "hotel_price": ["351"]}, "5374561": {"hotel_name": "\u6df1\u5733\u65b0\u5b9d\u5546\u52a1\u9152\u5e97", "order_time": ["2019-01-26 08:43:45"], "total_order": 1, "hotel_value": ["3.2"], "hotel_price": ["166"]}, "5529067": {"hotel_name": "U-HOME\u9152\u5e97(\u6df1\u5733\u7687\u5c97\u5e97)", "order_time": ["2019-01-26 08:43:45"], "total_order": 1, "hotel_value": ["4.2"], "hotel_price": ["607"]}, "1598299": {"hotel_name": "\u6df1\u5733\u6cf0\u534e\u65f6\u5c1a\u9152\u5e97", "order_time": ["2019-01-26 08:43:46"], "total_order": 1, "hotel_value": ["4.0"], "hotel_price": ["133"]}, "1599997": {"hotel_name": "7\u5929\u8fde\u9501\u9152\u5e97(\u6df1\u5733\u706b\u8f66\u7ad9\u7f57\u6e56\u5730\u94c1\u7ad9\u5e97)", "order_time": ["2019-01-26 08:43:46"], "total_order": 1, "hotel_value": ["4.0"], "hotel_price": ["199"]}, "5376049": {"hotel_name": "\u6df1\u5733\u7687\u5ead\u5546\u52a1\u5bbe\u9986", "order_time": ["2019-01-26 08:43:46"], "total_order": 1, "hotel_value": ["3.6"], "hotel_price": ["148"]}, "926732": {"hotel_name": "\u6df1\u5733\u6842\u54c1\u8f69\u9152\u5e97", "order_time": ["2019-01-26 08:43:47"], "total_order": 1, "hotel_value": ["4.3"], "hotel_price": ["376"]}, "4603630": {"hotel_name": "\u6df1\u5733\u96c5\u4e30\u56ed\u5546\u52a1\u9152\u5e97", "order_time": ["2019-01-26 08:43:47"], "total_order": 1, "hotel_value": ["4.1"], "hotel_price": ["151"]}, "7305505": {"hotel_name": "\u6df1\u5733\u57ce\u5e02-\u7ec8\u70b9\u4f17\u521b\u5ba2\u6808", "order_time": ["2019-01-26 08:43:48"], "total_order": 1, "hotel_value": ["4.2"], "hotel_price": ["32"]}, "6113617": {"hotel_name": "\u6df1\u5733\u8c6a\u6c47\u7530\u56ed\u9152\u5e97", "order_time": ["2019-01-26 08:43:49"], "total_order": 1, "hotel_value": ["4.2"], "hotel_price": ["114"]}, "1460991": {"hotel_name": "\u6df1\u5733\u4eac\u9e4f\u5bbe\u9986", "order_time": ["2019-01-26 08:43:58"], "total_order": 1, "hotel_value": ["4.0"], "hotel_price": ["259"]}, "916670": {"hotel_name": "\u7ef4\u4e5f\u7eb3\u56fd\u9645\u9152\u5e97(\u6df1\u5733\u65b0\u6d32\u5e97)", "order_time": ["2019-01-26 08:55:45", "2019-01-26 08:45:43"], "total_order": 2, "hotel_value": ["4.7", "4.7"], "hotel_price": ["378", "378"]}, "2164811": {"hotel_name": "\u5f18\u9633\u9152\u5e97(\u6df1\u5733\u5317\u7ad9\u5e97)", "order_time": ["2019-01-26 08:45:43"], "total_order": 1, "hotel_value": ["4.5"], "hotel_price": ["279"]}, "374623": {"hotel_name": "\u6df1\u5733\u4e1c\u6d77\u6717\u5ef7\u9152\u5e97", "order_time": ["2019-01-26 08:45:43"], "total_order": 1, "hotel_value": ["4.8"], "hotel_price": ["1073"]}, "468926": {"hotel_name": "\u6c49\u5ead\u9152\u5e97(\u6df1\u5733\u4f1a\u5c55\u4e2d\u5fc3\u5e97)", "order_time": ["2019-01-26 08:45:44"], "total_order": 1, "hotel_value": ["4.3"], "hotel_price": ["265"]}, "14154841": {"hotel_name": "\u6df1\u5733\u5357\u5c71CitiGO \u6b22\u9601\u9152\u5e97", "order_time": ["2019-01-26 08:45:44"], "total_order": 1, "hotel_value": ["4.4"], "hotel_price": ["474"]}, "432848": {"hotel_name": "\u6df1\u5733\u4e0a\u6d77\u5bbe\u9986", "order_time": ["2019-01-26 08:45:44"], "total_order": 1, "hotel_value": ["4.6"], "hotel_price": ["398"]}, "535714": {"hotel_name": "\u84ec\u5ba2\u7cbe\u54c1\u9152\u5e97(\u6df1\u5733\u4e07\u8c61\u57ce\u5e97)", "order_time": ["2019-01-26 08:45:44"], "total_order": 1, "hotel_value": ["4.6"], "hotel_price": ["298"]}, "9180079": {"hotel_name": "\u6df1\u5733\u732b\u820d\u9152\u5e97\u516c\u5bd3", "order_time": ["2019-01-26 08:45:45"], "total_order": 1, "hotel_value": ["4.1"], "hotel_price": ["148"]}, "2083495": {"hotel_name": "\u6df1\u5733\u661f\u9645\u9152\u5e97(\u539f\u96c5\u5c45\u5546\u52a1\u9152\u5e97)", "order_time": ["2019-01-26 08:45:45"], "total_order": 1, "hotel_value": ["3.3"], "hotel_price": ["157"]}, "1034539": {"hotel_name": "\u5609\u79a7\u8fde\u9501\u9152\u5e97(\u6df1\u5733\u56fa\u620d\u5e97)", "order_time": ["2019-01-26 08:45:46"], "total_order": 1, "hotel_value": ["3.9"], "hotel_price": ["141"]}, "5840625": {"hotel_name": "\u6df1\u5733\u548c\u5e73\u5bbe\u9986", "order_time": ["2019-01-26 08:45:47"], "total_order": 1, "hotel_value": ["3.6"], "hotel_price": ["191"]}, "1597232": {"hotel_name": "\u6df1\u5733\u5b9c\u5c45\u65f6\u5c1a\u9152\u5e97", "order_time": ["2019-01-26 08:45:47"], "total_order": 1, "hotel_value": ["4.0"], "hotel_price": ["143"]}, "7726799": {"hotel_name": "\u8584\u8377\u56fd\u9645\u516c\u5bd3\u9152\u5e97(\u6df1\u5733\u516b\u5366\u5cad\u5e97)", "order_time": ["2019-01-26 08:47:43"], "total_order": 1, "hotel_value": ["4.4"], "hotel_price": ["298"]}, "27945351": {"hotel_name": "\u9e97\u67ab\u9152\u5e97(\u6df1\u5733\u5317\u7ad9\u9f99\u534e\u6c7d\u8f66\u7ad9\u5e97)", "order_time": ["2019-01-26 08:47:44"], "total_order": 1, "hotel_value": ["4.6"], "hotel_price": ["219"]}, "435403": {"hotel_name": "\u6df1\u5733\u798f\u6865\u5927\u9152\u5e97", "order_time": ["2019-01-26 08:47:44"], "total_order": 1, "hotel_value": ["4.2"], "hotel_price": ["150"]}, "21785184": {"hotel_name": "\u6df1\u5733\u5742\u7530\u5e0c\u5c14\u987f\u6b22\u670b\u9152\u5e97", "order_time": ["2019-01-26 08:47:44"], "total_order": 1, "hotel_value": ["4.7"], "hotel_price": ["398"]}, "5999875": {"hotel_name": "\u6df1\u5733\u5c0f\u4e94\u661f\u9152\u5e97", "order_time": ["2019-01-26 08:47:45"], "total_order": 1, "hotel_value": ["4.5"], "hotel_price": ["143"]}, "2140619": {"hotel_name": "\u5929\u90fd\u5feb\u6377\u5546\u52a1\u9152\u5e97(\u6df1\u5733\u5317\u7ad9\u5e97)", "order_time": ["2019-01-26 08:47:46"], "total_order": 1, "hotel_value": ["3.9"], "hotel_price": ["173"]}, "5304317": {"hotel_name": "\u9e4f\u57ce\u9152\u5e97\u516c\u5bd3(\u6df1\u5733\u79d1\u6280\u56ed\u5e97)", "order_time": ["2019-01-26 08:47:47"], "total_order": 1, "hotel_value": ["4.5"], "hotel_price": ["276"]}, "5983426": {"hotel_name": "\u6df1\u5733\u897f\u4e61\u9752\u5e74\u65c5\u820d\u5b9d\u5b89\u673a\u573a\u5e97", "order_time": ["2019-01-26 08:47:47"], "total_order": 1, "hotel_value": ["4.6"], "hotel_price": ["45"]}, "397535": {"hotel_name": "\u6df1\u5733\u4e1c\u90e8\u534e\u4fa8\u57ce\u5496\u9177\u65c5\u9986", "order_time": ["2019-01-26 08:53:44", "2019-01-26 08:47:48"], "total_order": 2, "hotel_value": ["4.4", "4.4"], "hotel_price": ["208", "208"]}, "7302453": {"hotel_name": "\u6df1\u5733UrBeautiful\u56fd\u9645\u9752\u65c5", "order_time": ["2019-01-26 08:47:49"], "total_order": 1, "hotel_value": ["4.5"], "hotel_price": ["55"]}, "718231": {"hotel_name": "\u96c5\u67ab\u5bbe\u9986(\u6df1\u5733\u534e\u4fa8\u57ce\u5e97)", "order_time": ["2019-01-26 08:49:44"], "total_order": 1, "hotel_value": ["4.2"], "hotel_price": ["276"]}, "9544077": {"hotel_name": "\u6df1\u5733\u777f\u58eb\u56fd\u9645\u9152\u5e97\uff08\u5927\u6d6a\u5546\u4e1a\u4e2d\u5fc3\u5e97\uff09", "order_time": ["2019-01-26 08:49:44"], "total_order": 1, "hotel_value": ["4.5"], "hotel_price": ["161"]}, "1596485": {"hotel_name": "7\u5929\u8fde\u9501\u9152\u5e97(\u6df1\u5733\u9f99\u534e\u5e97)", "order_time": ["2019-01-26 08:49:44"], "total_order": 1, "hotel_value": ["4.4"], "hotel_price": ["159"]}, "6743338": {"hotel_name": "\u591a\u4f26\u591a\u9152\u5e97(\u6df1\u5733\u5927\u65b0\u5e97)(\u539f\u6db5\u6797\u5546\u52a1\u9152\u5e97)", "order_time": ["2019-01-26 08:49:45"], "total_order": 1, "hotel_value": ["4.2"], "hotel_price": ["258"]}, "994308": {"hotel_name": "\u5982\u5bb6\u5feb\u6377\u9152\u5e97(\u6df1\u5733\u5b9d\u5b89\u673a\u573a\u5e97)", "order_time": ["2019-01-26 08:49:46"], "total_order": 1, "hotel_value": ["4.1"], "hotel_price": ["152"]}, "6010002": {"hotel_name": "\u6df1\u5733\u91d1\u66fc\u5c9b\u9152\u5e97", "order_time": ["2019-01-26 08:49:46"], "total_order": 1, "hotel_value": ["4.3"], "hotel_price": ["185"]}, "1252563": {"hotel_name": "\u7ef4\u4e5f\u7eb3\u9152\u5e97(\u6df1\u5733\u516b\u5366\u8def\u5e97)", "order_time": ["2019-01-26 08:51:44"], "total_order": 1, "hotel_value": ["4.8"], "hotel_price": ["278"]}, "5250074": {"hotel_name": "\u6df1\u5733\u6c38\u5b9c\u9152\u5e97\u5317\u7ad9\u5e97", "order_time": ["2019-01-26 08:51:44"], "total_order": 1, "hotel_value": ["4.5"], "hotel_price": ["185"]}, "5467682": {"hotel_name": "\u7ef4\u4e5f\u7eb3\u56fd\u9645\u9152\u5e97(\u6df1\u5733\u9f99\u5c97\u5929\u5b89\u6570\u7801\u57ce\u5e97)", "order_time": ["2019-01-26 08:51:44"], "total_order": 1, "hotel_value": ["4.8"], "hotel_price": ["278"]}, "833176": {"hotel_name": "\u6df1\u5733\u5357\u6c38\u4e30\u9152\u5e97", "order_time": ["2019-01-26 08:51:44"], "total_order": 1, "hotel_value": ["4.0"], "hotel_price": ["160"]}, "467426": {"hotel_name": "\u6df1\u5733\u6717\u5c71\u9152\u5e97", "order_time": ["2019-01-26 08:51:45"], "total_order": 1, "hotel_value": ["4.2"], "hotel_price": ["456"]}, "1437548": {"hotel_name": "\u6800\u5b50\u82b1\u65f6\u5c1a\u9152\u5e97(\u6df1\u5733\u7ffb\u8eab\u5730\u94c1\u7ad9\u5e97)", "order_time": ["2019-01-26 08:51:45"], "total_order": 1, "hotel_value": ["4.1"], "hotel_price": ["193"]}, "1012927": {"hotel_name": "\u6df1\u5733\u84dd\u82d1\u5bbe\u9986", "order_time": ["2019-01-26 08:51:47"], "total_order": 1, "hotel_value": ["4.3"], "hotel_price": ["107"]}, "9647737": {"hotel_name": "\u6df1\u5733\u9732\u9047\u65f6\u5149\u9752\u5e74\u65c5\u820d", "order_time": ["2019-01-26 08:51:49"], "total_order": 1, "hotel_value": ["4.4"], "hotel_price": ["37"]}, "19632800": {"hotel_name": "\u7ef4\u4e5f\u7eb3\u56fd\u9645\u9152\u5e97(\u6df1\u5733\u798f\u6c38\u4f1a\u5c55\u4e2d\u5fc3\u5e97)", "order_time": ["2019-01-26 08:53:44"], "total_order": 1, "hotel_value": ["4.9"], "hotel_price": ["228"]}, "6912047": {"hotel_name": "\u6df1\u5733\u53c9\u53c9\u7eb3\u91cc\u5ba2\u6808", "order_time": ["2019-01-26 08:53:44"], "total_order": 1, "hotel_value": ["4.6"], "hotel_price": ["254"]}, "8860645": {"hotel_name": "\u5b9c\u5bb6\u9152\u5e97\u516c\u5bd3(\u6df1\u5733\u79d1\u6280\u56ed\u5e97)", "order_time": ["2019-01-26 08:53:44"], "total_order": 1, "hotel_value": ["4.5"], "hotel_price": ["262"]}, "1387291": {"hotel_name": "\u6c49\u5ead\u9152\u5e97(\u6df1\u5733\u6c99\u4e95\u5e97)", "order_time": ["2019-01-26 08:53:44"], "total_order": 1, "hotel_value": ["4.4"], "hotel_price": ["85"]}, "1760638": {"hotel_name": "\u6df1\u5733\u8bfa\u5170\u7cbe\u54c1\u9152\u5e97", "order_time": ["2019-01-26 08:53:45"], "total_order": 1, "hotel_value": ["4.0"], "hotel_price": ["204"]}, "3292914": {"hotel_name": "\u9e97\u67ab\u9152\u5e97(\u6df1\u5733\u5317\u7ad9\u6e05\u6e56\u5730\u94c1\u7ad9\u5e97)", "order_time": ["2019-01-26 08:55:45", "2019-01-26 09:03:45"], "total_order": 2, "hotel_value": ["4.8", "4.8"], "hotel_price": ["311", "311"]}, "1604033": {"hotel_name": "\u94f6\u6cb3\u63a7\u4e3b\u9898\u9152\u5e97(\u6df1\u5733\u5927\u5b66\u57ce\u5e97)", "order_time": ["2019-01-26 08:55:47"], "total_order": 1, "hotel_value": ["4.1"], "hotel_price": ["158"]}, "6042416": {"hotel_name": "\u6df1\u5733\u96c5\u56ed\u6e2f\u53e3\u9152\u5e97(\u539f\u96c5\u56ed\u86c7\u53e3\u9152\u5e97)", "order_time": ["2019-01-26 08:55:47"], "total_order": 1, "hotel_value": ["4.2"], "hotel_price": ["319"]}, "1785454": {"hotel_name": "\u6df1\u5733\u9e4f\u57ce\u9152\u5e97", "order_time": ["2019-01-26 08:55:47"], "total_order": 1, "hotel_value": ["3.9"], "hotel_price": ["139"]}, "12543343": {"hotel_name": "\u6df1\u5733\u8d1d\u4e3d1\u53f7\u9152\u5e97", "order_time": ["2019-01-26 08:57:43"], "total_order": 1, "hotel_value": ["4.5"], "hotel_price": ["266"]}, "1596160": {"hotel_name": "\u7ef4\u4e5f\u7eb3\u9152\u5e97(\u6df1\u5733\u71d5\u5ddd\u5e97)", "order_time": ["2019-01-26 08:57:43"], "total_order": 1, "hotel_value": ["4.9"], "hotel_price": ["232"]}, "1596980": {"hotel_name": "\u6c49\u5ead\u4f18\u4f73\u9152\u5e97(\u6df1\u5733\u798f\u6c38\u4e07\u798f\u5e7f\u573a\u5e97)(\u539f\u5e38\u5c1a\u9152\u5e97)", "order_time": ["2019-01-26 08:57:43"], "total_order": 1, "hotel_value": ["4.6"], "hotel_price": ["170"]}, "6111561": {"hotel_name": "\u6c49\u5ead\u9152\u5e97(\u6df1\u5733\u5927\u9e4f\u4f73\u5146\u4e1a\u5e97)", "order_time": ["2019-01-26 08:57:43"], "total_order": 1, "hotel_value": ["4.7"], "hotel_price": ["142"]}, "3737121": {"hotel_name": "\u7ef4\u4e5f\u7eb3\u9152\u5e97(\u6df1\u5733\u6d2a\u6e56\u5e97)", "order_time": ["2019-01-26 08:57:44"], "total_order": 1, "hotel_value": ["4.8"], "hotel_price": ["320"]}, "1462776": {"hotel_name": "\u6df1\u5733\u798f\u745e\u8bd7\u9152\u5e97", "order_time": ["2019-01-26 08:57:44"], "total_order": 1, "hotel_value": ["4.3"], "hotel_price": ["294"]}, "1596955": {"hotel_name": "7\u5929\u8fde\u9501\u9152\u5e97(\u6df1\u5733\u56fd\u8d38\u4e8c\u5e97)", "order_time": ["2019-01-26 08:57:44"], "total_order": 1, "hotel_value": ["4.1"], "hotel_price": ["199"]}, "5352381": {"hotel_name": "\u6df1\u5733\u60e0\u53cb\u9152\u5e97", "order_time": ["2019-01-26 08:57:45"], "total_order": 1, "hotel_value": ["4.3"], "hotel_price": ["133"]}, "6055188": {"hotel_name": "\u6df1\u5733\u4eca\u65e5\u9152\u5e97", "order_time": ["2019-01-26 08:57:45"], "total_order": 1, "hotel_value": ["4.1"], "hotel_price": ["142"]}, "2601811": {"hotel_name": "\u6df1\u5733\u897f\u6e56\u9152\u5e97", "order_time": ["2019-01-26 08:57:47"], "total_order": 1, "hotel_value": ["4.2"], "hotel_price": ["239"]}, "6009689": {"hotel_name": "\u6df1\u5733\u51ef\u4f73\u9152\u5e97", "order_time": ["2019-01-26 08:57:51"], "total_order": 1, "hotel_value": ["3.6"], "hotel_price": ["128"]}, "854773": {"hotel_name": "\u5982\u5bb6\u5feb\u6377\u9152\u5e97(\u6df1\u5733\u4e1c\u95e8\u6b65\u884c\u8857\u6652\u5e03\u5730\u94c1\u7ad9\u5e97)", "order_time": ["2019-01-26 09:03:44", "2019-01-26 08:59:43"], "total_order": 2, "hotel_value": ["4.6", "4.6"], "hotel_price": ["228", "228"]}, "481470": {"hotel_name": "\u6df1\u5733\u4e50\u5b89\u5c45\u56fd\u9645\u9152\u5e97", "order_time": ["2019-01-26 08:59:43"], "total_order": 1, "hotel_value": ["4.4"], "hotel_price": ["369"]}, "21806772": {"hotel_name": "\u5e0c\u5cb8\u9152\u5e97(\u6df1\u5733\u4f1a\u5c55\u4e2d\u5fc3\u5c97\u53a6\u5730\u94c1\u53e3\u5e97)", "order_time": ["2019-01-26 08:59:43"], "total_order": 1, "hotel_value": ["4.6"], "hotel_price": ["408"]}, "1596921": {"hotel_name": "\u540d\u5178\u5546\u65c5\u9152\u5e97(\u6df1\u5733\u897f\u4e3d\u5e97)", "order_time": ["2019-01-26 08:59:44"], "total_order": 1, "hotel_value": ["4.1"], "hotel_price": ["276"]}, "2170213": {"hotel_name": "\u51ef\u76db\u7ecf\u6d4e\u9152\u5e97(\u6df1\u5733\u4e16\u754c\u4e4b\u7a97\u5e97)", "order_time": ["2019-01-26 08:59:44"], "total_order": 1, "hotel_value": ["4.2"], "hotel_price": ["223"]}, "1053430": {"hotel_name": "\u6df1\u5733\u6816\u6e38\u592a\u7a7a\u8231\u9752\u5e74\u65c5\u9986", "order_time": ["2019-01-26 08:59:45"], "total_order": 1, "hotel_value": ["4.5"], "hotel_price": ["93"]}, "6810382": {"hotel_name": "\u6df1\u5733\u84dd\u65af\u7cbe\u54c1\u9152\u5e97", "order_time": ["2019-01-26 08:59:45"], "total_order": 1, "hotel_value": ["4.5"], "hotel_price": ["183"]}, "802698": {"hotel_name": "\u534e\u91cc\u7cbe\u54c1\u9152\u5e97(\u6df1\u5733\u534e\u4fa8\u57ce\u5e97)", "order_time": ["2019-01-26 09:01:45"], "total_order": 1, "hotel_value": ["4.5"], "hotel_price": ["310"]}, "6063810": {"hotel_name": "\u7ef4\u4e5f\u7eb3\u9152\u5e97(\u6df1\u5733\u5b9d\u5b89\u65b0\u5b89\u5e97)", "order_time": ["2019-01-26 09:01:45"], "total_order": 1, "hotel_value": ["4.8"], "hotel_price": ["288"]}, "4656380": {"hotel_name": "\u7ef4\u4e5f\u7eb3\u9152\u5e97(\u6df1\u5733\u9f99\u73e0\u5e97)", "order_time": ["2019-01-26 09:01:45"], "total_order": 1, "hotel_value": ["4.8"], "hotel_price": ["369"]}, "1596975": {"hotel_name": "\u5706\u9152\u5e97(\u6df1\u5733\u7b0b\u5c97\u827a\u5c55\u4e2d\u5fc3\u5e97)", "order_time": ["2019-01-26 09:01:45"], "total_order": 1, "hotel_value": ["4.6"], "hotel_price": ["227"]}, "13878480": {"hotel_name": "\u6df1\u5733\u798f\u6df1\u8fbe\u516c\u5bd3", "order_time": ["2019-01-26 09:01:46"], "total_order": 1, "hotel_value": ["3.6"], "hotel_price": ["188"]}, "1225331": {"hotel_name": "\u6df1\u5733\u62c9\u83f2\u9152\u5e97", "order_time": ["2019-01-26 09:01:47"], "total_order": 1, "hotel_value": ["3.0"], "hotel_price": ["118"]}, "5982713": {"hotel_name": "\u6df1\u5733\u4e94\u661f\u9152\u5e97\u5f0f\u516c\u5bd3\u5317\u7ad9\u5e97", "order_time": ["2019-01-26 09:01:47"], "total_order": 1, "hotel_value": ["3.3"], "hotel_price": ["124"]}, "1598517": {"hotel_name": "\u6613\u4f70\u8fde\u9501\u65c5\u5e97(\u6df1\u5733\u5927\u5b66\u5357\u65b0\u8def\u5e97)(\u539f\u5357\u5c71\u524d\u6d77\u5357\u65b0\u8def\u5e97)", "order_time": ["2019-01-26 09:01:47"], "total_order": 1, "hotel_value": ["4.4"], "hotel_price": ["142"]}, "16337856": {"hotel_name": "\u6df1\u5733\u67ab\u53f6\u7f18\u4e3b\u9898\u9152\u5e97", "order_time": ["2019-01-26 09:01:48"], "total_order": 1, "hotel_value": ["3.7"], "hotel_price": ["214"]}, "1905845": {"hotel_name": "\u540c\u5bcc\u4f4f\u5bbf(\u6df1\u5733\u5317\u7ad9\u5e97)", "order_time": ["2019-01-26 09:01:48"], "total_order": 1, "hotel_value": ["3.3"], "hotel_price": ["138"]}, "4500487": {"hotel_name": "\u9e97\u67ab\u9152\u5e97(\u6df1\u5733\u5927\u5b66\u57ce\u5730\u94c1\u7ad9\u5e97)", "order_time": ["2019-01-26 09:03:44"], "total_order": 1, "hotel_value": ["4.8"], "hotel_price": ["366"]}, "6052155": {"hotel_name": "\u9a8f\u6021\u8fde\u9501\u9152\u5e97(\u6df1\u5733\u5742\u7530\u5730\u94c1\u7ad9\u5e97)", "order_time": ["2019-01-26 09:03:44"], "total_order": 1, "hotel_value": ["4.4"], "hotel_price": ["129"]}, "1525098": {"hotel_name": "\u6df1\u5733\u5e0c\u7279\u5546\u52a1\u9152\u5e97", "order_time": ["2019-01-26 09:03:45"], "total_order": 1, "hotel_value": ["4.2"], "hotel_price": ["139"]}, "467338": {"hotel_name": "\u6df1\u5733\u65b0\u5b89\u9152\u5e97", "order_time": ["2019-01-26 09:03:45"], "total_order": 1, "hotel_value": ["4.1"], "hotel_price": ["320"]}, "3110146": {"hotel_name": "\u6df1\u5733\u57ce\u5e02\u4e07\u5b9c\u9152\u5e97", "order_time": ["2019-01-26 09:03:45"], "total_order": 1, "hotel_value": ["4.5"], "hotel_price": ["126"]}, "6066801": {"hotel_name": "\u57ce\u5e02\u5feb\u6377\u9152\u5e97(\u6df1\u5733\u5742\u7530\u5e97)", "order_time": ["2019-01-26 09:03:45"], "total_order": 1, "hotel_value": ["4.1"], "hotel_price": ["122"]}, "964876": {"hotel_name": "\u7ef4\u4e5f\u7eb3\u9152\u5e97(\u6df1\u5733\u56fd\u738b\u5e97)", "order_time": ["2019-01-26 09:03:45"], "total_order": 1, "hotel_value": ["4.8"], "hotel_price": ["168"]}, "8039674": {"hotel_name": "\u6df1\u5733\u7b51\u68a6\u8005\u9068\u6e38\u592a\u7a7a\u8231\u9152\u5e97", "order_time": ["2019-01-26 09:03:46"], "total_order": 1, "hotel_value": ["4.7"], "hotel_price": ["38"]}, "1598730": {"hotel_name": "\u5feb8\u8fde\u9501\u9152\u5e97(\u6df1\u5733\u677e\u5c97\u5e97)", "order_time": ["2019-01-26 09:03:47"], "total_order": 1, "hotel_value": ["4.5"], "hotel_price": ["103"]}}}