{"\u5f00\u59cb\u8bb0\u5f55\u65f6\u95f4": "2019-01-13 04:58:02", "\u7ed3\u675f\u8bb0\u5f55\u65f6\u95f4": "2019-01-13 05:58:37", "\u8ba2\u5355\u603b\u589e\u91cf": 122, "item": {"5860925": {"hotel_name": "\u6df1\u5733\u6ee8\u6cb3\u65f6\u4ee3\u4e9a\u6735S\u9152\u5e97", "order_time": ["2019-01-13 05:00:36", "2019-01-13 05:01:44"], "total_order": 2, "hotel_value": ["4.8", "4.8"], "hotel_price": ["847", "847"]}, "920977": {"hotel_name": "\u6df1\u5733\u5609\u745e\u7cbe\u54c1\u9152\u5e97", "order_time": ["2019-01-13 05:00:39"], "total_order": 1, "hotel_value": ["4.0"], "hotel_price": ["199"]}, "479303": {"hotel_name": "\u6df1\u5733\u5e7f\u73c5\u5927\u9152\u5e97", "order_time": ["2019-01-13 05:00:39"], "total_order": 1, "hotel_value": ["4.0"], "hotel_price": ["232"]}, "397320": {"hotel_name": "\u6df1\u5733\u5b9d\u5b89\u4e2d\u5929\u7f8e\u666f\u534e\u7f8e\u8fbe\u9152\u5e97", "order_time": ["2019-01-13 05:00:39"], "total_order": 1, "hotel_value": ["4.3"], "hotel_price": ["420"]}, "3911697": {"hotel_name": "\u7ef4\u4e5f\u7eb3\u9152\u5e97(\u6df1\u5733\u6c99\u6e7e\u5e97)", "order_time": ["2019-01-13 05:00:39"], "total_order": 1, "hotel_value": ["4.8"], "hotel_price": ["299"]}, "5238031": {"hotel_name": "\u6df1\u5733\u5929\u5929\u8fde\u9501\u9152\u5e97\u897f\u4e3d\u5317\u8def\u5e97", "order_time": ["2019-01-13 05:00:39"], "total_order": 1, "hotel_value": ["4.2"], "hotel_price": ["133"]}, "6797581": {"hotel_name": "\u9e97\u67ab\u9152\u5e97(\u6df1\u5733\u77f3\u5ca9\u6c7d\u8f66\u7ad9\u5e97)", "order_time": ["2019-01-13 05:00:39"], "total_order": 1, "hotel_value": ["4.8"], "hotel_price": ["291"]}, "1048090": {"hotel_name": "\u6df1\u5733\u957f\u5174\u9152\u5e97", "order_time": ["2019-01-13 05:00:39"], "total_order": 1, "hotel_value": ["3.6"], "hotel_price": ["252"]}, "915818": {"hotel_name": "\u7ef4\u4e5f\u7eb3\u56fd\u9645\u9152\u5e97(\u6df1\u5733\u534e\u5357\u57ce\u5e97)", "order_time": ["2019-01-13 05:00:39"], "total_order": 1, "hotel_value": ["4.8"], "hotel_price": ["369"]}, "898136": {"hotel_name": "\u6df1\u5733\u592a\u9633\u5c9b\u5047\u65e5\u9152\u5e97", "order_time": ["2019-01-13 05:00:39"], "total_order": 1, "hotel_value": ["4.4"], "hotel_price": ["218"]}, "2531198": {"hotel_name": "\u57ce\u5e02\u4fbf\u6377\u9152\u5e97\u8fde\u9501(\u6df1\u5733\u5357\u5c71\u79d1\u6280\u56ed\u9a6c\u5bb6\u9f99\u5e97)", "order_time": ["2019-01-13 05:00:39"], "total_order": 1, "hotel_value": ["4.4"], "hotel_price": ["259"]}, "3785335": {"hotel_name": "\u6df1\u5733\u5927\u8fd0\u57ce\u90a6\u96c5\u4e50\u8f69\u9152\u5e97", "order_time": ["2019-01-13 05:00:39"], "total_order": 1, "hotel_value": ["4.5"], "hotel_price": ["406"]}, "12543343": {"hotel_name": "\u6df1\u5733\u8d1d\u4e3d1\u53f7\u9152\u5e97", "order_time": ["2019-01-13 05:00:39"], "total_order": 1, "hotel_value": ["4.5"], "hotel_price": ["266"]}, "1477767": {"hotel_name": "\u7ef4\u4e5f\u7eb3\u9152\u5e97(\u6df1\u5733\u4e1c\u95e8\u8001\u8857\u5e97)(\u539f\u7389\u9f99\u8f69\u9152\u5e97)", "order_time": ["2019-01-13 05:00:40"], "total_order": 1, "hotel_value": ["4.7"], "hotel_price": ["306"]}, "985105": {"hotel_name": "\u683c\u6797\u8054\u76df\u9152\u5e97(\u6df1\u5733\u798f\u7530\u6885\u6797\u5e97)", "order_time": ["2019-01-13 05:00:40"], "total_order": 1, "hotel_value": ["4.3"], "hotel_price": ["312"]}, "1600408": {"hotel_name": "\u987a\u535a\u8fde\u9501\u5bbe\u9986(\u6df1\u5733\u4e1c\u95e8\u5e97)", "order_time": ["2019-01-13 05:00:40"], "total_order": 1, "hotel_value": ["4.0"], "hotel_price": ["111"]}, "1596090": {"hotel_name": "\u5357\u56fd\u8fde\u9501\u9152\u5e97(\u6df1\u5733\u9999\u871c\u6e56\u5e97)", "order_time": ["2019-01-13 05:00:40"], "total_order": 1, "hotel_value": ["3.9"], "hotel_price": ["249"]}, "419429": {"hotel_name": "\u7ef4\u4e5f\u7eb3\u9152\u5e97(\u6df1\u5733\u5927\u5b66\u57ce\u5e97)", "order_time": ["2019-01-13 05:00:40"], "total_order": 1, "hotel_value": ["4.8"], "hotel_price": ["376"]}, "1554856": {"hotel_name": "\u535a\u5ba2\u7cbe\u54c1\u9152\u5e97(\u6df1\u5733\u86c7\u53e3\u5e97)", "order_time": ["2019-01-13 05:00:40"], "total_order": 1, "hotel_value": ["4.6"], "hotel_price": ["378"]}, "1597002": {"hotel_name": "7\u5929\u8fde\u9501\u9152\u5e97(\u6df1\u5733\u5357\u6cb9\u5e97)", "order_time": ["2019-01-13 05:00:40"], "total_order": 1, "hotel_value": ["4.3"], "hotel_price": ["272"]}, "8507201": {"hotel_name": "\u6df1\u5733\u5c1a\u666f\u8c6a\u56fd\u9645\u9152\u5e97", "order_time": ["2019-01-13 05:00:40"], "total_order": 1, "hotel_value": ["4.5"], "hotel_price": ["168"]}, "1596225": {"hotel_name": "\u6587\u661f\u8fde\u9501\u9152\u5e97(\u6df1\u5733\u897f\u4e3d\u5e97)(\u539f\u9ad8\u804c\u9662\u5e97)", "order_time": ["2019-01-13 05:00:40"], "total_order": 1, "hotel_value": ["4.3"], "hotel_price": ["169"]}, "12089621": {"hotel_name": "\u7ef4\u7eb3\u65af\u56fd\u9645\u9152\u5e97(\u6df1\u5733\u516c\u660e\u5929\u8679\u5e97)", "order_time": ["2019-01-13 05:00:40"], "total_order": 1, "hotel_value": ["4.8"], "hotel_price": ["271"]}, "23707151": {"hotel_name": "\u6df1\u5733\u96c5\u5ead\u4e30\u5e74\u9152\u5e97", "order_time": ["2019-01-13 05:00:40"], "total_order": 1, "hotel_value": ["4.7"], "hotel_price": ["309"]}, "437503": {"hotel_name": "\u9526\u6c5f\u4e4b\u661f\u98ce\u5c1a(\u6df1\u5733\u7ffb\u8eab\u5730\u94c1\u7ad9\u5e97)", "order_time": ["2019-01-13 05:00:40"], "total_order": 1, "hotel_value": ["4.2"], "hotel_price": ["169"]}, "4122364": {"hotel_name": "\u6c49\u5ead\u9152\u5e97(\u6df1\u5733\u897f\u4e61\u5ba2\u8fd0\u7ad9\u5e97)", "order_time": ["2019-01-13 05:00:40"], "total_order": 1, "hotel_value": ["4.5"], "hotel_price": ["227"]}, "4030334": {"hotel_name": "\u6df1\u5733\u67cf\u6797\u97f3\u4e50\u9152\u5e97", "order_time": ["2019-01-13 05:00:56"], "total_order": 1, "hotel_value": ["4.1"], "hotel_price": ["98"]}, "997850": {"hotel_name": "\u5170\u5ef7\u9152\u5e97(\u6df1\u5733\u5317\u7ad9\u5e97)", "order_time": ["2019-01-13 05:02:33"], "total_order": 1, "hotel_value": ["4.1"], "hotel_price": ["346"]}, "6902855": {"hotel_name": "\u6df1\u5733\u90bb\u91cc\u4e00\u5bb6\u9752\u5e74\u65c5\u820d", "order_time": ["2019-01-13 05:02:57"], "total_order": 1, "hotel_value": ["3.6"], "hotel_price": ["198"]}, "26844088": {"hotel_name": "\u94c2\u65af\u767b\u00b7\u884c\u653f\u516c\u5bd3(\u6df1\u5733\u86c7\u53e3\u6c34\u6e7e1979\u5e97)", "order_time": ["2019-01-13 05:04:35"], "total_order": 1, "hotel_value": ["4.3"], "hotel_price": ["303"]}, "2883194": {"hotel_name": "\u5929\u9e45\u604b\u60c5\u4fa3\u4e3b\u9898\u9152\u5e97(\u6df1\u5733\u7f57\u6e56\u5e97)", "order_time": ["2019-01-13 05:04:35"], "total_order": 1, "hotel_value": ["4.3"], "hotel_price": ["253"]}, "1600107": {"hotel_name": "\u524d\u6d77\u6e7e\u7cbe\u54c1\u9152\u5e97(\u6df1\u5733\u524d\u6d77\u81ea\u8d38\u533a\u5e97)", "order_time": ["2019-01-13 05:04:37"], "total_order": 1, "hotel_value": ["4.3"], "hotel_price": ["198"]}, "1480066": {"hotel_name": "\u4e50\u7ec5\u9152\u5e97(\u6df1\u5733\u673a\u573a\u5e97)", "order_time": ["2019-01-13 05:04:40"], "total_order": 1, "hotel_value": ["4.1"], "hotel_price": ["187"]}, "732027": {"hotel_name": "\u6c49\u5ead\u4f18\u4f73\u9152\u5e97(\u6df1\u5733\u5b9d\u5b89\u576a\u6d32\u5730\u94c1\u7ad9\u5e97)(\u539f\u9f0e\u5c0a\u5546\u52a1\u9152\u5e97)", "order_time": ["2019-01-13 05:04:42"], "total_order": 1, "hotel_value": ["4.6"], "hotel_price": ["208"]}, "4834904": {"hotel_name": "\u6df1\u5733\u76d0\u7530\u88d5\u5b8f\u5bbe\u9986", "order_time": ["2019-01-13 05:05:09"], "total_order": 1, "hotel_value": [0], "hotel_price": ["128"]}, "654875": {"hotel_name": "\u6df1\u5733\u957f\u57ce\u5927\u9152\u5e97", "order_time": ["2019-01-13 05:06:42"], "total_order": 1, "hotel_value": ["4.6"], "hotel_price": ["398"]}, "2030013": {"hotel_name": "\u548c\u9890\u9152\u5e97(\u6df1\u5733\u534e\u5f3a\u5317\u5e97)", "order_time": ["2019-01-13 05:06:44"], "total_order": 1, "hotel_value": ["4.6"], "hotel_price": ["370"]}, "371236": {"hotel_name": "\u6df1\u5733\u798f\u670b\u559c\u6765\u767b\u9152\u5e97", "order_time": ["2019-01-13 05:09:29"], "total_order": 1, "hotel_value": ["4.5"], "hotel_price": ["796"]}, "11407620": {"hotel_name": "\u6df1\u5733\u6d77\u66d9\u51ef\u4e30\u9152\u5e97", "order_time": ["2019-01-13 05:10:31"], "total_order": 1, "hotel_value": ["4.6"], "hotel_price": ["556"]}, "5545861": {"hotel_name": "\u6df1\u5733\u9f99\u534e\u5e0c\u5c14\u987f\u9038\u6797\u9152\u5e97", "order_time": ["2019-01-13 05:10:37"], "total_order": 1, "hotel_value": ["4.6"], "hotel_price": ["987"]}, "1380744": {"hotel_name": "\u6df1\u5733\u9999\u6a1f\u5546\u52a1\u9152\u5e97", "order_time": ["2019-01-13 05:10:47"], "total_order": 1, "hotel_value": ["4.1"], "hotel_price": ["296"]}, "1598976": {"hotel_name": "\u6df1\u5733\u8302\u9f99\u5bbe\u9986", "order_time": ["2019-01-13 05:11:06"], "total_order": 1, "hotel_value": ["4.0"], "hotel_price": ["59"]}, "751414": {"hotel_name": "\u6df1\u5733\u65b0\u4e16\u754c\u5bbe\u9986", "order_time": ["2019-01-13 05:12:32"], "total_order": 1, "hotel_value": ["4.4"], "hotel_price": ["198"]}, "1425633": {"hotel_name": "\u543e\u9047\u7cbe\u54c1\u8fde\u9501\u9152\u5e97(\u6df1\u5733\u9f99\u534e\u5730\u94c1\u7ad9\u5e97)", "order_time": ["2019-01-13 05:14:35"], "total_order": 1, "hotel_value": ["4.5"], "hotel_price": ["179"]}, "1597092": {"hotel_name": "\u4e2d\u6fe0S\u9152\u5e97(\u6df1\u5733\u798f\u7530\u4f1a\u5c55\u4e2d\u5fc3\u5e97)", "order_time": ["2019-01-13 05:14:38"], "total_order": 1, "hotel_value": ["4.7"], "hotel_price": ["798"]}, "661081": {"hotel_name": "\u6df1\u5733\u86c7\u53e3\u5e0c\u5c14\u987f\u5357\u6d77\u9152\u5e97", "order_time": ["2019-01-13 05:14:38"], "total_order": 1, "hotel_value": ["4.7"], "hotel_price": ["1188"]}, "1598538": {"hotel_name": "\u6df1\u5733\u5b66\u5e9c\u5170\u5179\u9152\u5e97", "order_time": ["2019-01-13 05:14:39"], "total_order": 1, "hotel_value": ["4.5"], "hotel_price": ["281"]}, "433180": {"hotel_name": "\u9a8f\u5ead\u9152\u5e97(\u6df1\u5733\u5357\u6cb9\u5e97)", "order_time": ["2019-01-13 05:16:33"], "total_order": 1, "hotel_value": ["4.1"], "hotel_price": ["265"]}, "635236": {"hotel_name": "\u7ef4\u4e5f\u7eb3\u9152\u5e97(\u6df1\u5733\u51e4\u51f0\u5e97)", "order_time": ["2019-01-13 05:18:33"], "total_order": 1, "hotel_value": ["4.7"], "hotel_price": ["268"]}, "6865139": {"hotel_name": "\u7ef4\u4e5f\u7eb3\u56fd\u9645\u9152\u5e97(\u6df1\u5733\u5409\u534e\u8def\u4e0a\u96ea\u5e97)", "order_time": ["2019-01-13 05:18:35"], "total_order": 1, "hotel_value": ["4.6"], "hotel_price": ["276"]}, "371254": {"hotel_name": "\u6df1\u5733\u89c2\u6f9c\u683c\u5170\u4e91\u5929\u56fd\u9645\u9152\u5e97", "order_time": ["2019-01-13 05:18:36"], "total_order": 1, "hotel_value": ["4.7"], "hotel_price": ["690"]}, "6528715": {"hotel_name": "\u6df1\u5733\u540d\u5ef7\u9152\u5e97", "order_time": ["2019-01-13 05:18:37"], "total_order": 1, "hotel_value": ["4.4"], "hotel_price": ["322"]}, "428322": {"hotel_name": "\u5982\u5bb6\u7cbe\u9009\u9152\u5e97(\u6df1\u5733\u79d1\u6280\u56ed\u5e97)", "order_time": ["2019-01-13 05:18:40"], "total_order": 1, "hotel_value": ["4.8"], "hotel_price": ["378"]}, "473037": {"hotel_name": "\u6df1\u5733\u5723\u6dd8\u6c99\u9152\u5e97(\u7fe1\u7fe0\u5e97)", "order_time": ["2019-01-13 05:18:42", "2019-01-13 05:22:31"], "total_order": 2, "hotel_value": ["4.6", "4.6"], "hotel_price": ["542", "542"]}, "4959548": {"hotel_name": "\u68ee\u7f8e\u56fd\u9645\u9152\u5e97\u516c\u5bd3(\u6df1\u5733\u6ee8\u6cb3\u65f6\u4ee3\u5e97)", "order_time": ["2019-01-13 05:18:46"], "total_order": 1, "hotel_value": ["4.6"], "hotel_price": ["338"]}, "467536": {"hotel_name": "\u516b\u53f7\u8fde\u9501\u9152\u5e97(\u6df1\u5733\u4e1c\u95e8\u4e00\u5e97)", "order_time": ["2019-01-13 05:18:47"], "total_order": 1, "hotel_value": ["4.2"], "hotel_price": ["142"]}, "1597303": {"hotel_name": "\u6df1\u5733\u5b9c\u5c45\u4f1a\u5546\u52a1\u9152\u5e97", "order_time": ["2019-01-13 05:18:53"], "total_order": 1, "hotel_value": ["4.0"], "hotel_price": ["108"]}, "5812638": {"hotel_name": "\u6df1\u5733\u5706\u68a6\u6d6a\u6f2b\u4e3b\u9898\u9152\u5e97", "order_time": ["2019-01-13 05:18:54"], "total_order": 1, "hotel_value": ["3.9"], "hotel_price": ["125"]}, "807137": {"hotel_name": "\u6df1\u5733\u9e4a\u6865\u4ed9\u9152\u5e97", "order_time": ["2019-01-13 05:18:54"], "total_order": 1, "hotel_value": ["4.1"], "hotel_price": ["153"]}, "1437414": {"hotel_name": "\u6df1\u5733\u4e07\u90fd\u5546\u52a1\u9152\u5e97", "order_time": ["2019-01-13 05:18:55"], "total_order": 1, "hotel_value": ["4.1"], "hotel_price": ["308"]}, "1462776": {"hotel_name": "\u6df1\u5733\u798f\u745e\u8bd7\u9152\u5e97", "order_time": ["2019-01-13 05:20:28"], "total_order": 1, "hotel_value": ["4.3"], "hotel_price": ["296"]}, "5467682": {"hotel_name": "\u7ef4\u4e5f\u7eb3\u56fd\u9645\u9152\u5e97(\u6df1\u5733\u9f99\u5c97\u5929\u5b89\u6570\u7801\u57ce\u5e97)", "order_time": ["2019-01-13 05:20:34"], "total_order": 1, "hotel_value": ["4.8"], "hotel_price": ["276"]}, "703351": {"hotel_name": "\u6df1\u5733\u5bcc\u745e\u65af\u56fd\u9645\u516c\u5bd3", "order_time": ["2019-01-13 05:20:35"], "total_order": 1, "hotel_value": ["4.5"], "hotel_price": ["719"]}, "1001157": {"hotel_name": "\u5c1a\u5ba2\u4f18\u5feb\u6377\u9152\u5e97(\u6df1\u5733\u86c7\u53e3\u6d77\u4e0a\u4e16\u754c\u5e97)", "order_time": ["2019-01-13 05:20:35"], "total_order": 1, "hotel_value": ["3.9"], "hotel_price": ["146"]}, "17343073": {"hotel_name": "\u6df1\u5733\u6021\u96c5\u5c45\u9152\u5e97\u516c\u5bd3\u946b\u8302\u5e97", "order_time": ["2019-01-13 05:20:36"], "total_order": 1, "hotel_value": ["4.3"], "hotel_price": ["103"]}, "5315903": {"hotel_name": "\u6df1\u5733\u91d1\u6c38\u5609\u7cbe\u54c1\u9152\u5e97", "order_time": ["2019-01-13 05:20:46"], "total_order": 1, "hotel_value": ["4.8"], "hotel_price": ["168"]}, "6885472": {"hotel_name": "\u5e38\u5929\u65c5\u9986", "order_time": ["2019-01-13 05:23:19"], "total_order": 1, "hotel_value": [0], "hotel_price": ["37"]}, "1459865": {"hotel_name": "\u6df1\u5733\u6c38\u90a6\u6613\u5c45\u5feb\u6377\u9152\u5e97", "order_time": ["2019-01-13 05:23:33"], "total_order": 1, "hotel_value": ["4.0"], "hotel_price": ["78"]}, "5646017": {"hotel_name": "\u6df1\u5733\u8fce\u677e\u5bbe\u9986", "order_time": ["2019-01-13 05:25:00"], "total_order": 1, "hotel_value": ["3.5"], "hotel_price": ["138"]}, "457399": {"hotel_name": "\u6df1\u5733\u4e2d\u5357\u6d77\u6021\u9152\u5e97", "order_time": ["2019-01-13 05:25:48", "2019-01-13 05:36:01"], "total_order": 2, "hotel_value": ["4.3", "4.3"], "hotel_price": ["455", "455"]}, "7588938": {"hotel_name": "\u58f9\u822a\u9152\u5e97(\u6df1\u5733\u673a\u573a\u5e97)", "order_time": ["2019-01-13 05:25:48"], "total_order": 1, "hotel_value": ["4.5"], "hotel_price": ["298"]}, "7522576": {"hotel_name": "\u6df1\u5733\u89c2\u6f9c\u6e56\u786c\u77f3\u9152\u5e97", "order_time": ["2019-01-13 05:26:40"], "total_order": 1, "hotel_value": ["4.6"], "hotel_price": ["686"]}, "1603178": {"hotel_name": "7\u5929\u8fde\u9501\u9152\u5e97(\u6df1\u5733\u5317\u7ad9\u5e97)", "order_time": ["2019-01-13 05:26:44"], "total_order": 1, "hotel_value": ["4.7"], "hotel_price": ["199"]}, "17970685": {"hotel_name": "\u5df1\u5ba2\u516c\u5bd3(\u6df1\u5733\u6d77\u4e0a\u4e16\u754c\u5e97)", "order_time": ["2019-01-13 05:28:34"], "total_order": 1, "hotel_value": ["4.5"], "hotel_price": ["398"]}, "458870": {"hotel_name": "\u6c49\u5ead\u9152\u5e97(\u6df1\u5733\u4e07\u8c61\u57ce\u5e97)", "order_time": ["2019-01-13 05:28:37"], "total_order": 1, "hotel_value": ["4.3"], "hotel_price": ["256"]}, "1319897": {"hotel_name": "TOWO\u4e0a\u54c1\u9152\u5e97(\u6df1\u5733\u673a\u573a\u65d7\u8230\u5e97)(\u539f\u60a6\u7a0b\u7cbe\u54c1\u9152\u5e97)", "order_time": ["2019-01-13 05:28:41"], "total_order": 1, "hotel_value": ["4.7"], "hotel_price": ["168"]}, "6516731": {"hotel_name": "\u4e2d\u6fe0\u56fd\u9645\u9152\u5e97(\u6df1\u5733\u77f3\u5ca9\u5e97)", "order_time": ["2019-01-13 05:28:51"], "total_order": 1, "hotel_value": ["4.8"], "hotel_price": ["329"]}, "374627": {"hotel_name": "\u6df1\u5733\u5bcc\u4e34\u5927\u9152\u5e97", "order_time": ["2019-01-13 05:31:02"], "total_order": 1, "hotel_value": ["4.5"], "hotel_price": ["427"]}, "917144": {"hotel_name": "\u9526\u6c5f\u4e4b\u661f(\u6df1\u5733\u5730\u738b\u5e7f\u573a\u5e97)", "order_time": ["2019-01-13 05:32:40"], "total_order": 1, "hotel_value": ["4.3"], "hotel_price": ["265"]}, "4690345": {"hotel_name": "\u6df1\u5733\u673a\u573a\u51ef\u60a6\u5609\u8f69\u9152\u5e97", "order_time": ["2019-01-13 05:32:43"], "total_order": 1, "hotel_value": ["4.6"], "hotel_price": ["698"]}, "430649": {"hotel_name": "\u6df1\u5733\u7f57\u6e56\u5927\u9152\u5e97", "order_time": ["2019-01-13 05:32:46"], "total_order": 1, "hotel_value": ["4.1"], "hotel_price": ["346"]}, "2363480": {"hotel_name": "\u6df1\u5733\u5408\u751f\u5229\u7cbe\u54c1\u9152\u5e97", "order_time": ["2019-01-13 05:32:57"], "total_order": 1, "hotel_value": ["4.1"], "hotel_price": ["188"]}, "5400557": {"hotel_name": "\u6211\u5bb6\u9152\u5e97(\u6df1\u5733\u5742\u7530\u96ea\u8c61\u5e97\uff09", "order_time": ["2019-01-13 05:34:57"], "total_order": 1, "hotel_value": ["4.2"], "hotel_price": ["143"]}, "1480884": {"hotel_name": "\u6df1\u5733\u9e4f\u6052\u592a\u7a7a\u8231\u9152\u5e97", "order_time": ["2019-01-13 05:34:59"], "total_order": 1, "hotel_value": ["4.2"], "hotel_price": ["70"]}, "1034539": {"hotel_name": "\u5609\u79a7\u8fde\u9501\u9152\u5e97(\u6df1\u5733\u56fa\u620d\u5e97)", "order_time": ["2019-01-13 05:35:00"], "total_order": 1, "hotel_value": ["3.9"], "hotel_price": ["148"]}, "25799941": {"hotel_name": "\u6df1\u5733\u666f\u7426\u5927\u9152\u5e97", "order_time": ["2019-01-13 05:45:12", "2019-01-13 05:35:01"], "total_order": 2, "hotel_value": [0, 0], "hotel_price": ["398", "398"]}, "5074677": {"hotel_name": "\u6df1\u5733\u597d\u6765\u5c45\u5bbe\u9986", "order_time": ["2019-01-13 05:35:07"], "total_order": 1, "hotel_value": ["3.8"], "hotel_price": ["88"]}, "1598521": {"hotel_name": "\u6df1\u5733\u4f1f\u4f73\u6d6a\u6f2b\u4e3b\u9898\u9152\u5e97", "order_time": ["2019-01-13 05:35:13"], "total_order": 1, "hotel_value": ["3.5"], "hotel_price": ["139"]}, "374854": {"hotel_name": "\u6df1\u5733\u6469\u767b\u514b\u65af\u9152\u5e97", "order_time": ["2019-01-13 05:36:49"], "total_order": 1, "hotel_value": ["4.7"], "hotel_price": ["1036"]}, "374850": {"hotel_name": "\u6df1\u5733\u5927\u6885\u6c99\u4eac\u57fa\u559c\u6765\u767b\u9152\u5e97", "order_time": ["2019-01-13 05:36:58"], "total_order": 1, "hotel_value": ["4.6"], "hotel_price": ["1788"]}, "512743": {"hotel_name": "\u9526\u6c5f\u4e4b\u661f(\u6df1\u5733\u7f57\u6e56\u53e3\u5cb8\u4e07\u8c61\u57ce\u5e97)", "order_time": ["2019-01-13 05:38:56"], "total_order": 1, "hotel_value": ["4.3"], "hotel_price": ["229"]}, "1380084": {"hotel_name": "\u6df1\u5733\u56fd\u4e30\u9152\u5e97(\u4f1a\u5c55\u4e2d\u5fc3\u5e97)", "order_time": ["2019-01-13 05:39:10"], "total_order": 1, "hotel_value": ["4.0"], "hotel_price": ["256"]}, "968917": {"hotel_name": "\u63d0\u5b50\u9152\u5e97(\u6df1\u5733\u5e73\u6e56\u5e97)(\u539f\u79be\u6b23\u9152\u5e97)", "order_time": ["2019-01-13 05:41:24"], "total_order": 1, "hotel_value": ["4.3"], "hotel_price": ["134"]}, "6037590": {"hotel_name": "\u6df1\u5733\u53d1\u5c55\u4e2d\u5fc3\u9152\u5e97", "order_time": ["2019-01-13 05:42:50"], "total_order": 1, "hotel_value": ["4.5"], "hotel_price": ["568"]}, "482682": {"hotel_name": "\u6df1\u5733\u91d1\u78a7\u9152\u5e97", "order_time": ["2019-01-13 05:43:00"], "total_order": 1, "hotel_value": ["4.1"], "hotel_price": ["356"]}, "1599982": {"hotel_name": "\u5927\u60f3\u9152\u5e97(\u6df1\u5733\u706b\u8f66\u7ad9\u7f57\u6e56\u53e3\u5cb8\u5e97)", "order_time": ["2019-01-13 05:43:00"], "total_order": 1, "hotel_value": ["4.3"], "hotel_price": ["169"]}, "1597232": {"hotel_name": "\u6df1\u5733\u5b9c\u5c45\u65f6\u5c1a\u9152\u5e97", "order_time": ["2019-01-13 05:43:19"], "total_order": 1, "hotel_value": ["3.9"], "hotel_price": ["138"]}, "6284281": {"hotel_name": "\u6df1\u5733\u8377\u5858\u6708\u8272\u4e3b\u9898\u9152\u5e97", "order_time": ["2019-01-13 05:43:54"], "total_order": 1, "hotel_value": ["4.2"], "hotel_price": ["111"]}, "924770": {"hotel_name": "\u559c\u739b\u62c9\u96c5\u9152\u5e97(\u6df1\u5733\u9f99\u534e\u5e97)", "order_time": ["2019-01-13 05:45:06"], "total_order": 1, "hotel_value": ["4.1"], "hotel_price": ["169"]}, "1595864": {"hotel_name": "\u6df1\u5733\u798f\u6765\u767b\u9152\u5e97", "order_time": ["2019-01-13 05:47:23"], "total_order": 1, "hotel_value": ["3.8"], "hotel_price": ["157"]}, "4834837": {"hotel_name": "\u6df1\u5733\u9f99\u5c97\u5b8f\u8fbe\u5bbe\u9986", "order_time": ["2019-01-13 05:47:40"], "total_order": 1, "hotel_value": ["4.9"], "hotel_price": ["87"]}, "6112920": {"hotel_name": "\u6df1\u5733\u8054\u6210\u4f4f\u5bbf", "order_time": ["2019-01-13 05:47:56"], "total_order": 1, "hotel_value": ["3.6"], "hotel_price": ["65"]}, "1599387": {"hotel_name": "\u6df1\u5733\u4e5d\u9f99\u5feb\u6377\u9152\u5e97", "order_time": ["2019-01-13 05:47:57"], "total_order": 1, "hotel_value": ["3.4"], "hotel_price": ["278"]}, "12493876": {"hotel_name": "\u6df1\u5733\u9e4f\u6e7e\u822a\u7a0b\u9152\u5e97", "order_time": ["2019-01-13 05:49:00"], "total_order": 1, "hotel_value": ["4.4"], "hotel_price": ["167"]}, "925657": {"hotel_name": "\u6df1\u5733\u56db\u5ddd\u5bbe\u9986", "order_time": ["2019-01-13 05:49:05"], "total_order": 1, "hotel_value": ["4.5"], "hotel_price": ["378"]}, "6833954": {"hotel_name": "\u6df1\u5733\u4e50\u5c45\u9152\u5e97\u516c\u5bd3", "order_time": ["2019-01-13 05:49:22"], "total_order": 1, "hotel_value": ["3.9"], "hotel_price": ["176"]}, "19811797": {"hotel_name": "\u6df1\u5733\u56db\u5b63\u661f\u9152\u5e97", "order_time": ["2019-01-13 05:49:27"], "total_order": 1, "hotel_value": ["4.7"], "hotel_price": ["114"]}, "967920": {"hotel_name": "\u6c49\u5ead\u9152\u5e97(\u6df1\u5733\u5b9d\u5b89\u673a\u573a\u822a\u7ad9\u697c\u5e97)", "order_time": ["2019-01-13 05:50:59"], "total_order": 1, "hotel_value": ["4.2"], "hotel_price": ["166"]}, "1596477": {"hotel_name": "\u4e1c\u65b9\u7cbe\u54c1\u9152\u5e97(\u6df1\u5733\u9ec4\u8d1d\u5cad\u5730\u94c1\u7ad9\u5e97)", "order_time": ["2019-01-13 05:51:00"], "total_order": 1, "hotel_value": ["4.2"], "hotel_price": ["233"]}, "2701160": {"hotel_name": "\u4f18\u4f18\u9152\u5e97(\u6df1\u5733\u65b0\u673a\u573a\u822a\u7ad9\u697c\u5e97)", "order_time": ["2019-01-13 05:51:13"], "total_order": 1, "hotel_value": ["4.5"], "hotel_price": ["219"]}, "1413498": {"hotel_name": "\u5361\u745e\u767b\u9152\u5e97(\u6df1\u5733\u5317\u7ad9\u5e97)", "order_time": ["2019-01-13 05:52:59"], "total_order": 1, "hotel_value": ["4.2"], "hotel_price": ["328"]}, "425478": {"hotel_name": "\u6df1\u5733\u65b0\u90fd\u9152\u5e97", "order_time": ["2019-01-13 05:53:01"], "total_order": 1, "hotel_value": ["4.7"], "hotel_price": ["389"]}, "1458265": {"hotel_name": "\u5982\u5bb6\u5feb\u6377\u9152\u5e97(\u6df1\u5733\u5e03\u5409\u5730\u94c1\u7ad9\u5e97)", "order_time": ["2019-01-13 05:53:23"], "total_order": 1, "hotel_value": ["4.1"], "hotel_price": ["149"]}, "1387245": {"hotel_name": "\u83ab\u6cf0\u9152\u5e97(\u6df1\u5733\u5357\u5c71\u5730\u94c1\u7ad9\u51e4\u51f0\u57ce\u5e97)(\u539f\u5357\u5c71\u5e02\u573a\u51e4\u51f0\u57ce\u5e97)", "order_time": ["2019-01-13 05:55:10"], "total_order": 1, "hotel_value": ["4.6"], "hotel_price": ["216"]}, "1285007": {"hotel_name": "\u6df1\u573399\u65c5\u9986\u8fde\u9501(\u677e\u5c97\u65b0\u7231\u5bb6\u5e97)", "order_time": ["2019-01-13 05:55:33"], "total_order": 1, "hotel_value": ["4.0"], "hotel_price": ["75"]}, "1600148": {"hotel_name": "\u7ef4\u4e5f\u7eb3\u9152\u5e97(\u6df1\u5733\u77f3\u5ca9\u6c7d\u8f66\u7ad9\u5e97)", "order_time": ["2019-01-13 05:57:01"], "total_order": 1, "hotel_value": ["4.8"], "hotel_price": ["209"]}, "1845407": {"hotel_name": "\u5929\u7199\u9ad8\u7ea7\u5546\u52a1\u516c\u5bd3(\u6df1\u5733\u6ee8\u6cb3\u65f6\u4ee3\u5e97)", "order_time": ["2019-01-13 05:57:02"], "total_order": 1, "hotel_value": ["4.7"], "hotel_price": ["428"]}, "993142": {"hotel_name": "\u6df1\u5733\u65b0\u6c47\u6e90\u65c5\u9986", "order_time": ["2019-01-13 05:57:49"], "total_order": 1, "hotel_value": ["2.3"], "hotel_price": ["30"]}}}