{"\u5f00\u59cb\u8bb0\u5f55\u65f6\u95f4": "2019-01-22 03:03:40", "\u7ed3\u675f\u8bb0\u5f55\u65f6\u95f4": "2019-01-22 04:06:36", "\u8ba2\u5355\u603b\u589e\u91cf": 118, "item": {"481089": {"hotel_name": "\u60a6\u6765\u5ba2\u6808\u7ecf\u6d4e\u8fde\u9501\u9152\u5e97(\u6df1\u5733\u5357\u5c71\u5e97)", "order_time": ["2019-01-22 03:05:48"], "total_order": 1, "hotel_value": ["4.1"], "hotel_price": ["214"]}, "1007488": {"hotel_name": "\u6d3e\u9152\u5e97(\u6df1\u5733\u4e1c\u95e8\u6b65\u884c\u8857\u5e97)", "order_time": ["2019-01-22 03:05:49"], "total_order": 1, "hotel_value": ["4.6"], "hotel_price": ["149"]}, "6111561": {"hotel_name": "\u6c49\u5ead\u9152\u5e97(\u6df1\u5733\u5927\u9e4f\u4f73\u5146\u4e1a\u5e97)", "order_time": ["2019-01-22 03:05:53"], "total_order": 1, "hotel_value": ["4.7"], "hotel_price": ["161"]}, "2322673": {"hotel_name": "\u6df1\u5733\u6c34\u6676\u604b\u7cbe\u54c1\u9152\u5e97(\u539f\u6df1\u5733\u82b3\u90fd\u5546\u52a1\u9152\u5e97)", "order_time": ["2019-01-22 03:08:00"], "total_order": 1, "hotel_value": ["3.9"], "hotel_price": ["219"]}, "2353713": {"hotel_name": "\u6df1\u573324\u5c0f\u65f6\u7ecf\u6d4e\u9152\u5e97", "order_time": ["2019-01-22 03:08:08"], "total_order": 1, "hotel_value": ["4.3"], "hotel_price": ["118"]}, "3180282": {"hotel_name": "\u6df1\u5733\u4e1c\u4f73\u7cbe\u54c1\u9152\u5e97", "order_time": ["2019-01-22 03:09:58"], "total_order": 1, "hotel_value": ["4.1"], "hotel_price": ["158"]}, "1438237": {"hotel_name": "\u6df1\u5733\u6e7e\u79d1\u6280\u56ed\u4e3d\u96c5\u67e5\u5c14\u987f\u9152\u5e97", "order_time": ["2019-01-22 03:09:59"], "total_order": 1, "hotel_value": ["4.6"], "hotel_price": ["1636"]}, "486124": {"hotel_name": "\u7687\u671d\u5546\u52a1\u9152\u5e97(\u6df1\u5733\u7687\u5c97\u53e3\u5cb8\u5e97)", "order_time": ["2019-01-22 03:10:02"], "total_order": 1, "hotel_value": ["4.0"], "hotel_price": ["225"]}, "924770": {"hotel_name": "\u559c\u739b\u62c9\u96c5\u9152\u5e97(\u6df1\u5733\u9f99\u534e\u5e97)", "order_time": ["2019-01-22 03:10:02"], "total_order": 1, "hotel_value": ["4.2"], "hotel_price": ["180"]}, "1596225": {"hotel_name": "\u6587\u661f\u8fde\u9501\u9152\u5e97(\u6df1\u5733\u897f\u4e3d\u5e97)(\u539f\u9ad8\u804c\u9662\u5e97)", "order_time": ["2019-01-22 03:10:02"], "total_order": 1, "hotel_value": ["4.4"], "hotel_price": ["174"]}, "4528873": {"hotel_name": "\u71b9\u65f6\u4ee3loft\u7cbe\u54c1\u9152\u5e97(\u6df1\u5733\u5317\u7ad9\u5e97)", "order_time": ["2019-01-22 03:11:57"], "total_order": 1, "hotel_value": ["4.5"], "hotel_price": ["217"]}, "17098746": {"hotel_name": "\u8363\u541b\u683c\u6797\u56fd\u9645\u516c\u5bd3\uff08\u6df1\u5733\u5742\u7530\u5730\u94c1\u7ad9\u5e97\uff09", "order_time": ["2019-01-22 03:11:59"], "total_order": 1, "hotel_value": ["4.3"], "hotel_price": ["211"]}, "1598473": {"hotel_name": "\u6797\u56ed\u9152\u5e97", "order_time": ["2019-01-22 03:12:00"], "total_order": 1, "hotel_value": ["3.6"], "hotel_price": ["216"]}, "926112": {"hotel_name": "\u516b\u53f7\u8fde\u9501\u9152\u5e97(\u6df1\u5733\u534e\u5f3a\u5317\u5e97)", "order_time": ["2019-01-22 03:12:09"], "total_order": 1, "hotel_value": ["4.1"], "hotel_price": ["128"]}, "6284281": {"hotel_name": "\u6df1\u5733\u8377\u5858\u6708\u8272\u4e3b\u9898\u9152\u5e97", "order_time": ["2019-01-22 03:12:11"], "total_order": 1, "hotel_value": ["4.1"], "hotel_price": ["119"]}, "1579376": {"hotel_name": "\u6df1\u5733\u4e50\u9152\u5e97", "order_time": ["2019-01-22 03:14:07"], "total_order": 1, "hotel_value": ["4.6"], "hotel_price": ["876"]}, "1597386": {"hotel_name": "\u6df1\u5733\u4e07\u56fe\u9152\u5e97", "order_time": ["2019-01-22 03:14:09"], "total_order": 1, "hotel_value": ["4.2"], "hotel_price": ["153"]}, "436042": {"hotel_name": "\u9e3f\u6ce2\u9152\u5e97(\u6df1\u5733\u534e\u4fa8\u57ce\u5e97)", "order_time": ["2019-01-22 03:14:09"], "total_order": 1, "hotel_value": ["4.3"], "hotel_price": ["374"]}, "7522576": {"hotel_name": "\u6df1\u5733\u89c2\u6f9c\u6e56\u786c\u77f3\u9152\u5e97", "order_time": ["2019-01-22 03:14:11"], "total_order": 1, "hotel_value": ["4.6"], "hotel_price": ["676"]}, "6810250": {"hotel_name": "\u6df1\u5733\u4e2d\u534e\u6d6a\u6f2b\u4e3b\u9898\u9152\u5e97", "order_time": ["2019-01-22 03:14:21"], "total_order": 1, "hotel_value": ["4.6"], "hotel_price": ["88"]}, "1420095": {"hotel_name": "\u7ef4\u4e5f\u7eb3\u9152\u5e97(\u6df1\u5733\u4f1a\u5c55\u4e2d\u5fc3\u5e97)", "order_time": ["2019-01-22 03:14:38"], "total_order": 1, "hotel_value": ["4.7"], "hotel_price": ["310"]}, "1600007": {"hotel_name": "\u51e4\u51f0\u5370\u8c61\u516c\u5bd3(\u6df1\u5733\u51e4\u51f0\u8def\u5e97)", "order_time": ["2019-01-22 03:16:06", "2019-01-22 03:22:27"], "total_order": 2, "hotel_value": ["4.6", "4.6"], "hotel_price": ["268", "268"]}, "1598976": {"hotel_name": "\u6df1\u5733\u8302\u9f99\u5bbe\u9986", "order_time": ["2019-01-22 03:16:25"], "total_order": 1, "hotel_value": ["4.0"], "hotel_price": ["59"]}, "2290813": {"hotel_name": "\u6df1\u5733\u4e00\u51a0\u65f6\u5c1a\u9152\u5e97", "order_time": ["2019-01-22 03:16:31"], "total_order": 1, "hotel_value": ["4.0"], "hotel_price": ["193"]}, "12125983": {"hotel_name": "\u6df1\u5733\u749f\u90fd\u5546\u52a1\u9152\u5e97", "order_time": ["2019-01-22 03:16:32"], "total_order": 1, "hotel_value": ["4.4"], "hotel_price": ["148"]}, "27114992": {"hotel_name": "\u57ce\u5bb6\u516c\u5bd3(\u6df1\u5733\u5357\u5c71\u79d1\u6280\u56ed\u5e97)", "order_time": ["2019-01-22 03:18:10"], "total_order": 1, "hotel_value": ["4.8"], "hotel_price": ["291"]}, "11237662": {"hotel_name": "\u91d1\u4e2d\u73af\u670d\u52a1\u516c\u5bd3(\u6df1\u5733\u65b0\u6d69e\u90fd\u5e97)", "order_time": ["2019-01-22 03:18:17"], "total_order": 1, "hotel_value": ["4.4"], "hotel_price": ["468"]}, "535652": {"hotel_name": "\u6df1\u5733\u6625\u98ce\u8def\u9e3f\u4e30\u5927\u9152\u5e97", "order_time": ["2019-01-22 03:18:23"], "total_order": 1, "hotel_value": ["4.6"], "hotel_price": ["318"]}, "6912014": {"hotel_name": "\u5723\u8fbe\u9152\u5e97", "order_time": ["2019-01-22 03:18:27"], "total_order": 1, "hotel_value": ["4.6"], "hotel_price": ["188"]}, "21428106": {"hotel_name": "\u6df1\u573399\u4f18\u9009\u9152\u5e97", "order_time": ["2019-01-22 03:18:44"], "total_order": 1, "hotel_value": ["3.7"], "hotel_price": ["89"]}, "1416772": {"hotel_name": "\u94f6\u901a\u4e4b\u65c5\u5bbe\u9986(\u6df1\u5733\u4e1c\u7ad9\u957f\u9f99\u5730\u94c1\u53e3\u5e97)(\u539f\u5e03\u5409\u957f\u9f99\u5730\u94c1\u7ad9\u5e97)", "order_time": ["2019-01-22 03:20:12"], "total_order": 1, "hotel_value": ["4.6"], "hotel_price": ["140"]}, "6444297": {"hotel_name": "\u91d1\u8475\u82b1\u9152\u5e97(\u6df1\u5733\u798f\u7530\u53e3\u5cb8\u5e97)", "order_time": ["2019-01-22 03:35:49", "2019-01-22 03:20:14"], "total_order": 2, "hotel_value": ["3.8", "3.8"], "hotel_price": ["198", "198"]}, "468203": {"hotel_name": "\u6df1\u5733\u51ef\u5229\u8fbe\u9152\u5e97", "order_time": ["2019-01-22 03:20:20"], "total_order": 1, "hotel_value": ["4.4"], "hotel_price": ["422"]}, "426209": {"hotel_name": "\u6df1\u5733\u82b1\u56ed\u683c\u5170\u4e91\u5929\u5927\u9152\u5e97", "order_time": ["2019-01-22 03:20:20", "2019-01-22 03:54:40"], "total_order": 2, "hotel_value": ["4.6", "4.6"], "hotel_price": ["689", "689"]}, "6997331": {"hotel_name": "\u7687\u671d\u5546\u52a1\u9152\u5e97(\u6df1\u5733\u798f\u7530\u53e3\u5cb8\u5e97)", "order_time": ["2019-01-22 03:20:21"], "total_order": 1, "hotel_value": ["4.4"], "hotel_price": ["358"]}, "985011": {"hotel_name": "\u6df1\u5733\u534e\u4e30\u8fde\u9501\u9152\u5e97", "order_time": ["2019-01-22 03:20:36"], "total_order": 1, "hotel_value": ["3.1"], "hotel_price": ["188"]}, "2218349": {"hotel_name": "\u65fa\u65fa\u65c5\u9986(\u6df1\u5733\u9f99\u534e\u5e97)", "order_time": ["2019-01-22 03:20:56"], "total_order": 1, "hotel_value": ["3.7"], "hotel_price": ["71"]}, "12481871": {"hotel_name": "\u7ef4\u4e5f\u7eb3\u597d\u7720\u56fd\u9645\u9152\u5e97(\u6df1\u5733\u65b0\u673a\u573a\u65d7\u8230\u5e97)", "order_time": ["2019-01-22 03:22:15"], "total_order": 1, "hotel_value": ["4.8"], "hotel_price": ["359"]}, "426199": {"hotel_name": "\u6df1\u5733\u6df1\u822a\u56fd\u9645\u9152\u5e97", "order_time": ["2019-01-22 03:22:16"], "total_order": 1, "hotel_value": ["4.8"], "hotel_price": ["990"]}, "6797581": {"hotel_name": "\u9e97\u67ab\u9152\u5e97(\u6df1\u5733\u77f3\u5ca9\u6c7d\u8f66\u7ad9\u5e97)", "order_time": ["2019-01-22 03:22:22"], "total_order": 1, "hotel_value": ["4.8"], "hotel_price": ["261"]}, "1596525": {"hotel_name": "\u6df1\u5733\u6559\u82d1\u5bbe\u9986", "order_time": ["2019-01-22 03:22:23"], "total_order": 1, "hotel_value": ["4.4"], "hotel_price": ["170"]}, "915818": {"hotel_name": "\u7ef4\u4e5f\u7eb3\u56fd\u9645\u9152\u5e97(\u6df1\u5733\u534e\u5357\u57ce\u5e97)", "order_time": ["2019-01-22 03:22:24"], "total_order": 1, "hotel_value": ["4.8"], "hotel_price": ["396"]}, "1198311": {"hotel_name": "7\u5929\u8fde\u9501\u9152\u5e97(\u6df1\u5733\u673a\u573a\u65b0\u822a\u7ad9\u697c\u5e97)", "order_time": ["2019-01-22 03:22:33"], "total_order": 1, "hotel_value": ["4.2"], "hotel_price": ["127"]}, "6052155": {"hotel_name": "\u9a8f\u6021\u8fde\u9501\u9152\u5e97(\u6df1\u5733\u5742\u7530\u5730\u94c1\u7ad9\u5e97)", "order_time": ["2019-01-22 03:24:34"], "total_order": 1, "hotel_value": ["4.4"], "hotel_price": ["129"]}, "419425": {"hotel_name": "\u6df1\u5733\u96c5\u67ab\u56fd\u9645\u9152\u5e97", "order_time": ["2019-01-22 03:24:38"], "total_order": 1, "hotel_value": ["4.4"], "hotel_price": ["698"]}, "1597092": {"hotel_name": "\u4e2d\u6fe0S\u9152\u5e97(\u6df1\u5733\u798f\u7530\u4f1a\u5c55\u4e2d\u5fc3\u5e97)", "order_time": ["2019-01-22 03:26:43"], "total_order": 1, "hotel_value": ["4.7"], "hotel_price": ["877"]}, "1480066": {"hotel_name": "\u4e50\u7ec5\u9152\u5e97(\u6df1\u5733\u673a\u573a\u5e97)", "order_time": ["2019-01-22 03:26:44"], "total_order": 1, "hotel_value": ["4.1"], "hotel_price": ["187"]}, "1457563": {"hotel_name": "\u5982\u5bb6\u5feb\u6377\u9152\u5e97(\u6df1\u5733\u4f1a\u5c55\u4e2d\u5fc3\u6c99\u5c3e\u5730\u94c1\u7ad9\u5e97)(\u539f\u65b0\u6d32\u5e97)", "order_time": ["2019-01-22 03:26:44"], "total_order": 1, "hotel_value": ["4.5"], "hotel_price": ["237"]}, "24032119": {"hotel_name": "\u7ef4\u4e5f\u7eb3\u9152\u5e97(\u6df1\u5733\u6843\u6e90\u5c45\u5e97)", "order_time": ["2019-01-22 03:26:47"], "total_order": 1, "hotel_value": ["4.8"], "hotel_price": ["281"]}, "921035": {"hotel_name": "\u6df1\u5733\u4e16\u7eaa\u534e\u6e90\u5546\u52a1\u9152\u5e97", "order_time": ["2019-01-22 03:26:48", "2019-01-22 03:31:21"], "total_order": 2, "hotel_value": ["4.1", "4.1"], "hotel_price": ["289", "289"]}, "419919": {"hotel_name": "\u6df1\u5733\u76db\u4e16\u91d1\u534e\u9152\u5e97", "order_time": ["2019-01-22 03:27:00"], "total_order": 1, "hotel_value": ["4.3"], "hotel_price": ["131"]}, "468924": {"hotel_name": "\u6c49\u5ead\u9152\u5e97(\u6df1\u5733\u9f99\u534e\u6cb9\u677e\u5e97)", "order_time": ["2019-01-22 03:28:57"], "total_order": 1, "hotel_value": ["4.6"], "hotel_price": ["218"]}, "6469336": {"hotel_name": "\u534e\u91cc\u7cbe\u54c1\u9152\u5e97(\u6df1\u5733\u524d\u6d77\u5e97)", "order_time": ["2019-01-22 03:28:59"], "total_order": 1, "hotel_value": ["4.6"], "hotel_price": ["506"]}, "1596975": {"hotel_name": "\u5706\u9152\u5e97(\u6df1\u5733\u7b0b\u5c97\u827a\u5c55\u4e2d\u5fc3\u5e97)", "order_time": ["2019-01-22 03:29:00"], "total_order": 1, "hotel_value": ["4.6"], "hotel_price": ["252"]}, "6610947": {"hotel_name": "\u6df1\u5733\u73ba\u60a6\u9152\u5e97", "order_time": ["2019-01-22 03:29:15"], "total_order": 1, "hotel_value": ["4.4"], "hotel_price": ["98"]}, "397232": {"hotel_name": "\u6df1\u5733\u4e1c\u90e8\u534e\u4fa8\u57ce\u9ed1\u68ee\u6797\u9152\u5e97", "order_time": ["2019-01-22 03:31:12"], "total_order": 1, "hotel_value": ["4.5"], "hotel_price": ["556"]}, "635247": {"hotel_name": "\u5357\u6d77\u4e4b\u661f\u9152\u5e97(\u6df1\u5733\u5b9d\u5b89\u5e97)", "order_time": ["2019-01-22 03:31:31"], "total_order": 1, "hotel_value": ["4.2"], "hotel_price": ["187"]}, "919636": {"hotel_name": "\u5357\u56fd\u8fde\u9501\u9152\u5e97(\u6df1\u5733\u745e\u660c\u5e97)", "order_time": ["2019-01-22 03:31:33"], "total_order": 1, "hotel_value": ["3.8"], "hotel_price": ["139"]}, "1596962": {"hotel_name": "\u6c49\u5ead\u9152\u5e97(\u6df1\u5733\u7687\u5c97\u53e3\u5cb8\u5e97)", "order_time": ["2019-01-22 03:33:36"], "total_order": 1, "hotel_value": ["4.3"], "hotel_price": ["284"]}, "4379783": {"hotel_name": "\u7f8e\u4e3d365\u8fde\u9501\u9152\u5e97(\u6df1\u5733\u9f99\u534e\u5730\u94c1\u7ad9\u5e97)(\u539f\u9633\u5149365\u8fde\u9501\u9152\u5e97)", "order_time": ["2019-01-22 03:33:41"], "total_order": 1, "hotel_value": ["4.0"], "hotel_price": ["143"]}, "1462776": {"hotel_name": "\u6df1\u5733\u798f\u745e\u8bd7\u9152\u5e97", "order_time": ["2019-01-22 03:33:44"], "total_order": 1, "hotel_value": ["4.3"], "hotel_price": ["296"]}, "472815": {"hotel_name": "\u6df1\u5733\u7f57\u6e56\u6728\u68c9\u82b1\u9152\u5e97", "order_time": ["2019-01-22 03:33:54"], "total_order": 1, "hotel_value": ["4.6"], "hotel_price": ["871"]}, "5673690": {"hotel_name": "\u6df1\u5733\u5a01\u5c14\u58eb\u56fd\u9645\u516c\u5bd3", "order_time": ["2019-01-22 03:35:42"], "total_order": 1, "hotel_value": ["4.4"], "hotel_price": ["318"]}, "1600201": {"hotel_name": "\u6df1\u5733\u8c6a\u987a\u4ebf\u6e2f\u6fb38\u53f7\u9152\u5e97\u5f0f\u516c\u5bd3", "order_time": ["2019-01-22 03:36:00"], "total_order": 1, "hotel_value": ["4.1"], "hotel_price": ["249"]}, "1273018": {"hotel_name": "\u6df1\u5733\u5b9d\u7acb\u65b9\u56fd\u9645\u9152\u5e97", "order_time": ["2019-01-22 03:37:41"], "total_order": 1, "hotel_value": ["4.6"], "hotel_price": ["492"]}, "1505384": {"hotel_name": "\u60a6\u5de2\u516c\u5bd3(\u6df1\u5733\u5317\u7ad9\u5e97)", "order_time": ["2019-01-22 03:37:43"], "total_order": 1, "hotel_value": ["4.5"], "hotel_price": ["200"]}, "4007561": {"hotel_name": "\u6df1\u5733\u5927\u5b66\u5170\u5179\u9152\u5e97", "order_time": ["2019-01-22 03:37:47"], "total_order": 1, "hotel_value": ["4.5"], "hotel_price": ["318"]}, "1600408": {"hotel_name": "\u987a\u535a\u8fde\u9501\u5bbe\u9986(\u6df1\u5733\u4e1c\u95e8\u5e97)", "order_time": ["2019-01-22 03:37:49"], "total_order": 1, "hotel_value": ["4.0"], "hotel_price": ["106"]}, "1457223": {"hotel_name": "\u83ab\u6cf0168(\u6df1\u5733\u798f\u7530\u53e3\u5cb8\u4fdd\u7a0e\u533a\u6842\u82b1\u8def\u5e97)", "order_time": ["2019-01-22 03:37:59"], "total_order": 1, "hotel_value": ["4.3"], "hotel_price": ["272"]}, "6870947": {"hotel_name": "IU\u9152\u5e97(\u6df1\u5733\u77f3\u5ca9\u5ba2\u8fd0\u7ad9\u5e97)", "order_time": ["2019-01-22 03:38:01"], "total_order": 1, "hotel_value": ["4.6"], "hotel_price": ["143"]}, "17535038": {"hotel_name": "\u6df1\u5733\u673a\u573a\u51ef\u60a6\u9152\u5e97", "order_time": ["2019-01-22 03:39:43"], "total_order": 1, "hotel_value": ["4.7"], "hotel_price": ["886"]}, "1599409": {"hotel_name": "\u5feb8\u8fde\u9501\u9152\u5e97(\u6df1\u5733\u4e0a\u5357\u5e97)", "order_time": ["2019-01-22 03:39:52"], "total_order": 1, "hotel_value": ["4.7"], "hotel_price": ["99"]}, "8003245": {"hotel_name": "\u7f8e\u8c6a\u9152\u5e97(\u6df1\u5733\u7f57\u6e56\u5927\u5267\u9662\u4e07\u8c61\u57ce\u5e97)", "order_time": ["2019-01-22 03:39:54"], "total_order": 1, "hotel_value": ["4.5"], "hotel_price": ["366"]}, "1523285": {"hotel_name": "\u6df1\u5733\u5df4\u5170\u5854\u9152\u5e97", "order_time": ["2019-01-22 03:39:57"], "total_order": 1, "hotel_value": ["4.3"], "hotel_price": ["169"]}, "6844220": {"hotel_name": "\u6df1\u5733\u65b0\u4e3d\u57ce\u9152\u5e97", "order_time": ["2019-01-22 03:40:14"], "total_order": 1, "hotel_value": ["4.0"], "hotel_price": ["128"]}, "1933926": {"hotel_name": "\u6df1\u5733\u96c5\u56ed\u5f69\u7530\u9152\u5e97", "order_time": ["2019-01-22 03:40:15"], "total_order": 1, "hotel_value": ["4.2"], "hotel_price": ["279"]}, "435261": {"hotel_name": "\u6df1\u5733\u4e2d\u6d32\u5723\u5ef7\u82d1\u9152\u5e97\u4e16\u7eaa\u697c(\u539f\u5723\u5ef7\u82d1\u9152\u5e97\u4e16\u7eaa\u697c)", "order_time": ["2019-01-22 03:41:50"], "total_order": 1, "hotel_value": ["4.6"], "hotel_price": ["692"]}, "432485": {"hotel_name": "\u6df1\u5733\u8317\u5170\u9152\u5e97", "order_time": ["2019-01-22 03:42:08"], "total_order": 1, "hotel_value": ["4.2"], "hotel_price": ["173"]}, "1600017": {"hotel_name": "\u683c\u6797\u8c6a\u6cf0(\u6df1\u5733\u5e03\u5409\u957f\u9f99\u5730\u94c1\u7ad9\u5e97)", "order_time": ["2019-01-22 03:42:11"], "total_order": 1, "hotel_value": ["4.3"], "hotel_price": ["179"]}, "926937": {"hotel_name": "\u6df1\u5733\u4e2d\u5929\u7f8e\u666f\u5927\u9152\u5e97", "order_time": ["2019-01-22 03:43:56"], "total_order": 1, "hotel_value": ["4.2"], "hotel_price": ["298"]}, "1686464": {"hotel_name": "\u57ce\u5e02\u9a7f\u7ad9(\u6df1\u5733\u6ee8\u6cb3\u65f6\u4ee3\u5e97)", "order_time": ["2019-01-22 03:43:56"], "total_order": 1, "hotel_value": ["4.4"], "hotel_price": ["495"]}, "467426": {"hotel_name": "\u6df1\u5733\u6717\u5c71\u9152\u5e97", "order_time": ["2019-01-22 03:44:04"], "total_order": 1, "hotel_value": ["4.2"], "hotel_price": ["543"]}, "1406443": {"hotel_name": "\u4e0a\u54c1\u9152\u5e97(\u6df1\u5733\u4f1a\u5c55\u4e2d\u5fc3\u5e97)", "order_time": ["2019-01-22 03:50:17", "2019-01-22 03:44:07"], "total_order": 2, "hotel_value": ["4.2", "4.2"], "hotel_price": ["239", "239"]}, "2907839": {"hotel_name": "\u6df1\u5733\u5927\u4e2d\u534e\u5e0c\u5c14\u987f\u9152\u5e97", "order_time": ["2019-01-22 03:44:13"], "total_order": 1, "hotel_value": ["4.5"], "hotel_price": ["1316"]}, "1598524": {"hotel_name": "7\u5929\u8fde\u9501\u9152\u5e97(\u6df1\u5733\u79d1\u5b66\u9986\u5730\u94c1\u7ad9\u5e97)", "order_time": ["2019-01-22 03:44:27"], "total_order": 1, "hotel_value": ["4.3"], "hotel_price": ["170"]}, "1195066": {"hotel_name": "\u6df1\u5733\u5e73\u5b89\u56fd\u9645\u9152\u5e97", "order_time": ["2019-01-22 03:46:07"], "total_order": 1, "hotel_value": ["4.6"], "hotel_price": ["836"]}, "6483350": {"hotel_name": "\u5e0c\u5cb8\u9152\u5e97(\u6df1\u5733\u673a\u573a\u822a\u7ad9\u697c\u5e97)", "order_time": ["2019-01-22 03:46:10"], "total_order": 1, "hotel_value": ["4.8"], "hotel_price": ["303"]}, "9186066": {"hotel_name": "\u6df1\u5733\u5149\u660e\u5e0c\u5c14\u987f\u6b22\u670b\u9152\u5e97", "order_time": ["2019-01-22 03:46:10"], "total_order": 1, "hotel_value": ["4.8"], "hotel_price": ["394"]}, "440122": {"hotel_name": "\u7ca4\u4f73\u5546\u52a1\u9152\u5e97(\u6df1\u5733\u7f57\u6e56\u53e3\u5cb8\u5e97)", "order_time": ["2019-01-22 03:48:07"], "total_order": 1, "hotel_value": ["4.2"], "hotel_price": ["178"]}, "371239": {"hotel_name": "\u91d1\u8302\u6df1\u5733JW\u4e07\u8c6a\u9152\u5e97", "order_time": ["2019-01-22 03:48:09"], "total_order": 1, "hotel_value": ["4.6"], "hotel_price": ["1458"]}, "420085": {"hotel_name": "\u6df1\u5733\u9633\u5149\u9152\u5e97", "order_time": ["2019-01-22 03:48:09"], "total_order": 1, "hotel_value": ["4.6"], "hotel_price": ["620"]}, "435219": {"hotel_name": "\u7ef4\u4e5f\u7eb3\u9152\u5e97(\u6df1\u5733\u9f99\u5c97\u4e2d\u5fc3\u57ce\u76db\u5e73\u5e97)", "order_time": ["2019-01-22 03:48:22"], "total_order": 1, "hotel_value": ["4.8"], "hotel_price": ["200"]}, "5792156": {"hotel_name": "\u6df1\u5733\u661f\u6cb3\u65f6\u4ee3\u516c\u5bd3(\u539f\u94f6\u6cb3\u65f6\u4ee3\u516c\u5bd3)", "order_time": ["2019-01-22 03:50:16"], "total_order": 1, "hotel_value": ["4.3"], "hotel_price": ["288"]}, "12177597": {"hotel_name": "\u7ef4\u4e5f\u7eb3\u9152\u5e97(\u6df1\u5733\u5409\u7965\u5730\u94c1\u7ad9\u5e97)", "order_time": ["2019-01-22 03:50:27"], "total_order": 1, "hotel_value": ["4.5"], "hotel_price": ["263"]}, "535597": {"hotel_name": "\u6df1\u5733\u5b9d\u6656\u5546\u52a1\u9152\u5e97", "order_time": ["2019-01-22 04:05:08", "2019-01-22 03:52:22"], "total_order": 2, "hotel_value": ["4.5", "4.5"], "hotel_price": ["336", "336"]}, "18439542": {"hotel_name": "\u6c49\u8c37\u4e3b\u9898\u516c\u5bd3(\u6df1\u5733\u4f1a\u5c55\u4e2d\u5fc3\u5e97)", "order_time": ["2019-01-22 03:52:23"], "total_order": 1, "hotel_value": ["4.4"], "hotel_price": ["369"]}, "1244813": {"hotel_name": "\u6df1\u5733\u7f8e\u534e\u5982\u5bb6\u5bbe\u9986", "order_time": ["2019-01-22 03:53:10"], "total_order": 1, "hotel_value": ["2.7"], "hotel_price": ["118"]}, "993041": {"hotel_name": "\u6df1\u5733\u91d1\u8302\u56ed\u5927\u9152\u5e97", "order_time": ["2019-01-22 03:54:22"], "total_order": 1, "hotel_value": ["4.7"], "hotel_price": ["398"]}, "6516731": {"hotel_name": "\u4e2d\u6fe0\u56fd\u9645\u9152\u5e97(\u6df1\u5733\u77f3\u5ca9\u5e97)", "order_time": ["2019-01-22 03:54:32"], "total_order": 1, "hotel_value": ["4.8"], "hotel_price": ["398"]}, "1597109": {"hotel_name": "\u6df1\u5733\u6842\u8bda\u9152\u5e97", "order_time": ["2019-01-22 03:56:30"], "total_order": 1, "hotel_value": ["4.1"], "hotel_price": ["118"]}, "15187493": {"hotel_name": "\u6df1\u5733\u5742\u7530\u4e2d\u6210\u4e9a\u6735\u9152\u5e97", "order_time": ["2019-01-22 03:57:43"], "total_order": 1, "hotel_value": ["4.8"], "hotel_price": ["551"]}, "536126": {"hotel_name": "\u6df1\u5733\u96c5\u8bd7\u9601\u7f8e\u4f26\u670d\u52a1\u516c\u5bd3", "order_time": ["2019-01-22 03:58:34"], "total_order": 1, "hotel_value": ["4.5"], "hotel_price": ["829"]}, "1225798": {"hotel_name": "\u6df1\u5733\u666f\u660e\u8fbe\u9152\u5e97", "order_time": ["2019-01-22 03:58:40"], "total_order": 1, "hotel_value": ["4.3"], "hotel_price": ["454"]}, "3889399": {"hotel_name": "\u6df1\u5733\u7c73\u7f57\u4f2f\u7235\u9152\u5e97", "order_time": ["2019-01-22 03:58:43"], "total_order": 1, "hotel_value": ["4.2"], "hotel_price": ["218"]}, "5376061": {"hotel_name": "\u6df1\u5733\u5747\u548c\u65f6\u5c1a\u9152\u5e97", "order_time": ["2019-01-22 03:58:58"], "total_order": 1, "hotel_value": ["3.3"], "hotel_price": ["150"]}, "511397": {"hotel_name": "\u6df1\u5733\u4e03\u8857\u516c\u9986\u79c1\u4eba\u516c\u5bd3", "order_time": ["2019-01-22 04:00:45"], "total_order": 1, "hotel_value": ["4.0"], "hotel_price": ["276"]}, "429699": {"hotel_name": "\u6a59\u679c\u9152\u5e97(\u6df1\u5733\u5b9d\u5b89\u4e2d\u5fc3\u5e97)", "order_time": ["2019-01-22 04:00:51"], "total_order": 1, "hotel_value": ["4.5"], "hotel_price": ["199"]}, "1516843": {"hotel_name": "\u6df1\u5733\u9526\u6cfd\u9152\u5e97", "order_time": ["2019-01-22 04:00:58"], "total_order": 1, "hotel_value": ["3.9"], "hotel_price": ["126"]}, "1256255": {"hotel_name": "\u5317\u6d77\u7a3b\u9152\u5e97(\u6df1\u5733\u5e73\u6e56\u5e97)", "order_time": ["2019-01-22 04:01:00"], "total_order": 1, "hotel_value": ["4.7"], "hotel_price": ["158"]}, "3200114": {"hotel_name": "\u6df1\u5733\u5609\u5e74\u534e\u5546\u52a1\u9152\u5e97", "order_time": ["2019-01-22 04:01:08"], "total_order": 1, "hotel_value": ["4.0"], "hotel_price": ["163"]}, "772991": {"hotel_name": "\u83b1\u5361\u94c2\u7f8e\u9152\u5e97(\u6df1\u5733\u56fd\u8d38\u5e97)", "order_time": ["2019-01-22 04:05:06"], "total_order": 1, "hotel_value": ["4.4"], "hotel_price": ["256"]}, "6469756": {"hotel_name": "\u6df1\u5733\u5357\u5c71\u6d77\u5cb8\u57ce\u4e9a\u6735\u9152\u5e97", "order_time": ["2019-01-22 04:05:07"], "total_order": 1, "hotel_value": ["4.8"], "hotel_price": ["790"]}}}