{"\u5f00\u59cb\u8bb0\u5f55\u65f6\u95f4": "2019-01-15 09:51:52", "\u7ed3\u675f\u8bb0\u5f55\u65f6\u95f4": "2019-01-15 10:51:52", "\u8ba2\u5355\u603b\u589e\u91cf": 404, "item": {"374854": {"hotel_name": "\u6df1\u5733\u6469\u767b\u514b\u65af\u9152\u5e97", "order_time": ["2019-01-15 09:54:21"], "total_order": 1, "hotel_value": ["4.7"], "hotel_price": ["1023"]}, "12135159": {"hotel_name": "\u6df1\u5733\u7687\u5eadV\u56fd\u9645\u516c\u5bd3(\u539f\u7687\u5ead\u793c\u5c1a\u516c\u5bd3)", "order_time": ["2019-01-15 09:54:22", "2019-01-15 09:55:49"], "total_order": 2, "hotel_value": ["4.7", "4.7"], "hotel_price": ["1500", "1500"]}, "1431916": {"hotel_name": "\u6df1\u5733\u65b0\u5e74\u9152\u5e97", "order_time": ["2019-01-15 09:54:22"], "total_order": 1, "hotel_value": ["4.3"], "hotel_price": ["458"]}, "458870": {"hotel_name": "\u6c49\u5ead\u9152\u5e97(\u6df1\u5733\u4e07\u8c61\u57ce\u5e97)", "order_time": ["2019-01-15 10:44:32", "2019-01-15 09:54:22"], "total_order": 2, "hotel_value": ["4.0", "4.0"], "hotel_price": ["303", "303"]}, "397462": {"hotel_name": "\u6df1\u5733\u4e1c\u90e8\u534e\u4fa8\u57ce\u7011\u5e03\u9152\u5e97", "order_time": ["2019-01-15 09:54:22"], "total_order": 1, "hotel_value": ["4.6"], "hotel_price": ["423"]}, "535472": {"hotel_name": "\u6df1\u5733\u5357\u65b9\u8054\u5408\u5927\u9152\u5e97", "order_time": ["2019-01-15 09:54:23"], "total_order": 1, "hotel_value": ["4.5"], "hotel_price": ["446"]}, "19630852": {"hotel_name": "\u6df1\u5733\u82e5\u73ba\u9152\u5e97", "order_time": ["2019-01-15 09:54:25"], "total_order": 1, "hotel_value": ["4.8"], "hotel_price": ["1688"]}, "1001157": {"hotel_name": "\u5c1a\u5ba2\u4f18\u5feb\u6377\u9152\u5e97(\u6df1\u5733\u86c7\u53e3\u6d77\u4e0a\u4e16\u754c\u5e97)", "order_time": ["2019-01-15 09:54:25"], "total_order": 1, "hotel_value": ["3.9"], "hotel_price": ["146"]}, "22822415": {"hotel_name": "\u94c2\u65af\u767b\u884c\u653f\u516c\u5bd3(\u6df1\u5733\u524d\u6d77\u5e97)", "order_time": ["2019-01-15 09:54:25"], "total_order": 1, "hotel_value": ["4.7"], "hotel_price": ["499"]}, "5477437": {"hotel_name": "\u6df1\u5733\u661f\u7f57\u9152\u5e97", "order_time": ["2019-01-15 09:54:26"], "total_order": 1, "hotel_value": ["4.3"], "hotel_price": ["447"]}, "1573584": {"hotel_name": "\u6df1\u5733\u65b0\u6885\u56ed\u56db\u5b63\u9152\u5e97", "order_time": ["2019-01-15 09:54:26"], "total_order": 1, "hotel_value": ["4.0"], "hotel_price": ["238"]}, "481470": {"hotel_name": "\u6df1\u5733\u4e50\u5b89\u5c45\u56fd\u9645\u9152\u5e97", "order_time": ["2019-01-15 09:54:26"], "total_order": 1, "hotel_value": ["4.3"], "hotel_price": ["369"]}, "1479956": {"hotel_name": "\u6df1\u5733\u534e\u4fa8\u5927\u53a6\u9152\u5e97", "order_time": ["2019-01-15 09:54:26"], "total_order": 1, "hotel_value": ["4.0"], "hotel_price": ["167"]}, "6483350": {"hotel_name": "\u5e0c\u5cb8\u9152\u5e97(\u6df1\u5733\u673a\u573a\u822a\u7ad9\u697c\u5e97)", "order_time": ["2019-01-15 09:54:27"], "total_order": 1, "hotel_value": ["4.8"], "hotel_price": ["303"]}, "482903": {"hotel_name": "\u6df1\u5733\u9e3f\u4e30\u56fd\u9645\u5927\u9152\u5e97(\u5357\u5c71)", "order_time": ["2019-01-15 09:54:28"], "total_order": 1, "hotel_value": ["4.5"], "hotel_price": ["579"]}, "1347929": {"hotel_name": "7\u5929\u8fde\u9501\u9152\u5e97(\u6df1\u5733\u9f99\u5c97\u9f99\u57ce\u5e7f\u573a\u5730\u94c1\u7ad9\u5e97)", "order_time": ["2019-01-15 10:34:27", "2019-01-15 09:54:28"], "total_order": 2, "hotel_value": ["4.4", "4.4"], "hotel_price": ["128", "128"]}, "6063810": {"hotel_name": "\u7ef4\u4e5f\u7eb3\u9152\u5e97(\u6df1\u5733\u5b9d\u5b89\u65b0\u5b89\u5e97)", "order_time": ["2019-01-15 09:54:28"], "total_order": 1, "hotel_value": ["4.8"], "hotel_price": ["359"]}, "916670": {"hotel_name": "\u7ef4\u4e5f\u7eb3\u56fd\u9645\u9152\u5e97(\u6df1\u5733\u65b0\u6d32\u5e97)", "order_time": ["2019-01-15 09:54:29", "2019-01-15 10:04:24"], "total_order": 2, "hotel_value": ["4.7", "4.7"], "hotel_price": ["433", "433"]}, "2696181": {"hotel_name": "\u6df1\u5733\u69b4\u83b2\u7cbe\u54c1\u9152\u5e97", "order_time": ["2019-01-15 09:54:30"], "total_order": 1, "hotel_value": ["4.6"], "hotel_price": ["208"]}, "5677943": {"hotel_name": "\u5c45\u4f73\u9152\u5e97\u516c\u5bd3(\u6df1\u5733\u79d1\u6280\u56ed\u5e97)", "order_time": ["2019-01-15 09:54:30"], "total_order": 1, "hotel_value": ["4.5"], "hotel_price": ["297"]}, "6817459": {"hotel_name": "\u7ef4\u4e5f\u7eb3\u56fd\u9645\u9152\u5e97(\u6df1\u5733\u673a\u573a\u822a\u57ce\u5e97)", "order_time": ["2019-01-15 09:54:30"], "total_order": 1, "hotel_value": ["4.7"], "hotel_price": ["252"]}, "916190": {"hotel_name": "\u6df1\u5733\u5b8f\u6ce2\u5bbe\u9986", "order_time": ["2019-01-15 09:54:35", "2019-01-15 10:18:36"], "total_order": 2, "hotel_value": ["3.5", "3.5"], "hotel_price": ["108", "108"]}, "435396": {"hotel_name": "\u7ef4\u4e5f\u7eb3\u9152\u5e97(\u6df1\u5733\u5e73\u6e56\u5e7f\u573a\u5e97)", "order_time": ["2019-01-15 09:54:36"], "total_order": 1, "hotel_value": ["4.9"], "hotel_price": ["193"]}, "5831048": {"hotel_name": "7\u5929\u4f18\u54c1\u9152\u5e97(\u6df1\u5733\u576a\u6d32\u5730\u94c1\u7ad9\u5b9d\u6e90\u8def\u5e97)", "order_time": ["2019-01-15 09:54:36"], "total_order": 1, "hotel_value": ["4.5"], "hotel_price": ["209"]}, "1199290": {"hotel_name": "\u9a7f\u5c45\u9152\u5e97(\u6df1\u5733\u534e\u5f3a\u5317\u71d5\u5357\u5730\u94c1\u53e3\u5e97)", "order_time": ["2019-01-15 09:54:38"], "total_order": 1, "hotel_value": ["4.3"], "hotel_price": ["242"]}, "17350093": {"hotel_name": "\u6df1\u5733\u5927\u6885\u6c99\u8fde\u4e91\u6d77\u666f\u9152\u5e97\u516c\u5bd3", "order_time": ["2019-01-15 09:55:05"], "total_order": 1, "hotel_value": [0], "hotel_price": ["236"]}, "1468182": {"hotel_name": "\u6df1\u5733\u5361\u901a\u5c4b\u5ba2\u6808", "order_time": ["2019-01-15 09:55:18"], "total_order": 1, "hotel_value": ["4.9"], "hotel_price": ["80"]}, "8600853": {"hotel_name": "\u7ef4\u4e5f\u7eb3\u56fd\u9645\u9152\u5e97(\u6df1\u5733\u9f99\u5c97\u5927\u8fd0\u4e2d\u5fc3\u5e97)", "order_time": ["2019-01-15 09:56:23"], "total_order": 1, "hotel_value": ["4.8"], "hotel_price": ["249"]}, "3003206": {"hotel_name": "\u7ef4\u4e5f\u7eb3\u9152\u5e97(\u6df1\u5733\u4e07\u8c61\u57ce\u5e97)", "order_time": ["2019-01-15 09:56:23", "2019-01-15 10:06:28"], "total_order": 2, "hotel_value": ["4.8", "4.8"], "hotel_price": ["350", "350"]}, "1597027": {"hotel_name": "7\u5929\u8fde\u9501\u9152\u5e97(\u6df1\u5733\u6d77\u4e0a\u4e16\u754c\u4e8c\u5e97)", "order_time": ["2019-01-15 10:02:29", "2019-01-15 09:56:24"], "total_order": 2, "hotel_value": ["4.4", "4.4"], "hotel_price": ["219", "219"]}, "2388076": {"hotel_name": "\u5e0c\u51ef\u9152\u5e97(\u6df1\u5733\u5317\u7ad9\u5e97)(\u539f\u5229\u534e\u4ed5\u9152\u5e97)", "order_time": ["2019-01-15 10:02:30", "2019-01-15 09:56:24"], "total_order": 2, "hotel_value": ["4.7", "4.7"], "hotel_price": ["316", "316"]}, "4363871": {"hotel_name": "\u6df1\u5733\u5357\u6cb9\u5170\u5179\u9152\u5e97", "order_time": ["2019-01-15 10:02:30", "2019-01-15 09:56:25"], "total_order": 2, "hotel_value": ["4.7", "4.7"], "hotel_price": ["348", "348"]}, "1195066": {"hotel_name": "\u6df1\u5733\u5e73\u5b89\u56fd\u9645\u9152\u5e97", "order_time": ["2019-01-15 10:22:36", "2019-01-15 09:56:25"], "total_order": 2, "hotel_value": ["4.6", "4.6"], "hotel_price": ["1023", "1050"]}, "428358": {"hotel_name": "\u6df1\u5733\u4e94\u6d32\u5bbe\u9986", "order_time": ["2019-01-15 09:56:25"], "total_order": 1, "hotel_value": ["4.6"], "hotel_price": ["829"]}, "21785184": {"hotel_name": "\u6df1\u5733\u5742\u7530\u5e0c\u5c14\u987f\u6b22\u670b\u9152\u5e97", "order_time": ["2019-01-15 09:57:43", "2019-01-15 09:56:26"], "total_order": 2, "hotel_value": ["4.7", "4.7"], "hotel_price": ["668", "668"]}, "4528873": {"hotel_name": "\u71b9\u65f6\u4ee3loft\u7cbe\u54c1\u9152\u5e97(\u6df1\u5733\u5317\u7ad9\u5e97)", "order_time": ["2019-01-15 09:56:26"], "total_order": 1, "hotel_value": ["4.5"], "hotel_price": ["387"]}, "1335616": {"hotel_name": "\u7ef4\u4e5f\u7eb3\u56fd\u9645\u9152\u5e97(\u6df1\u5733\u674e\u6717\u73e0\u5b9d\u56ed\u5e97)", "order_time": ["2019-01-15 09:56:27"], "total_order": 1, "hotel_value": ["4.9"], "hotel_price": ["336"]}, "5215105": {"hotel_name": "\u534e\u91cc\u7cbe\u54c1\u9152\u5e97(\u6df1\u5733\u521b\u610f\u56ed\u5e97)", "order_time": ["2019-01-15 09:56:29"], "total_order": 1, "hotel_value": ["4.6"], "hotel_price": ["549"]}, "378509": {"hotel_name": "\u6df1\u5733\u53cb\u548c\u56fd\u9645\u5927\u9152\u5e97", "order_time": ["2019-01-15 10:04:23", "2019-01-15 09:56:29"], "total_order": 2, "hotel_value": ["4.7", "4.7"], "hotel_price": ["598", "598"]}, "374848": {"hotel_name": "\u6df1\u5733\u541b\u60a6\u9152\u5e97", "order_time": ["2019-01-15 09:56:30"], "total_order": 1, "hotel_value": ["4.8"], "hotel_price": ["1336"]}, "5248368": {"hotel_name": "\u6df1\u573380\u9752\u5e74\u8fde\u9501\u9152\u5e97\u673a\u573a\u540e\u745e\u5730\u94c1\u7ad9\u5e97", "order_time": ["2019-01-15 09:56:30"], "total_order": 1, "hotel_value": ["4.6"], "hotel_price": ["128"]}, "7659509": {"hotel_name": "\u6df1\u5733\u8212\u683c\u9152\u5e97\u516c\u5bd3", "order_time": ["2019-01-15 09:56:32", "2019-01-15 10:14:28"], "total_order": 2, "hotel_value": ["4.3", "4.3"], "hotel_price": ["275", "275"]}, "4379244": {"hotel_name": "\u6df1\u5733\u7c73\u5c14\u987f\u7cbe\u54c1\u9152\u5e97", "order_time": ["2019-01-15 09:56:36"], "total_order": 1, "hotel_value": ["4.6"], "hotel_price": ["338"]}, "8719124": {"hotel_name": "\u6df1\u5733\u539f\u5bbf\u9752\u5e74\u65c5\u793e", "order_time": ["2019-01-15 09:57:13"], "total_order": 1, "hotel_value": ["4.8"], "hotel_price": ["30"]}, "21333998": {"hotel_name": "\u591c\u5bb4\u9752\u5e74\u516c\u5bd3(\u6df1\u5733\u5317\u5e97)", "order_time": ["2019-01-15 09:57:41"], "total_order": 1, "hotel_value": ["4.7"], "hotel_price": ["27"]}, "5404640": {"hotel_name": "\u6df1\u5733\u6e7e\u79d1\u6280\u56ed\u6d77\u5c1a\u9152\u5e97", "order_time": ["2019-01-15 10:16:26", "2019-01-15 09:58:24"], "total_order": 2, "hotel_value": ["4.6", "4.6"], "hotel_price": ["818", "818"]}, "920977": {"hotel_name": "\u6df1\u5733\u5609\u745e\u7cbe\u54c1\u9152\u5e97", "order_time": ["2019-01-15 09:58:25"], "total_order": 1, "hotel_value": ["4.0"], "hotel_price": ["199"]}, "6301159": {"hotel_name": "\u91d1\u8475\u82b1\u9152\u5e97(\u6df1\u5733\u5317\u7ad9\u5e97)", "order_time": ["2019-01-15 09:58:26"], "total_order": 1, "hotel_value": ["4.1"], "hotel_price": ["258"]}, "2247932": {"hotel_name": "\u6854\u5b50\u9152\u5e97\u00b7\u7cbe\u9009(\u6df1\u5733\u7f57\u6e56\u5e97)", "order_time": ["2019-01-15 09:58:26"], "total_order": 1, "hotel_value": ["4.6"], "hotel_price": ["465"]}, "4688214": {"hotel_name": "\u6df1\u5733\u7693\u6e90\u4e3b\u9898\u9152\u5e97(\u5317\u7ad9\u5e97)", "order_time": ["2019-01-15 10:50:19", "2019-01-15 09:58:30", "2019-01-15 10:10:44"], "total_order": 3, "hotel_value": ["4.1", "4.1", "4.1"], "hotel_price": ["169", "169", "169"]}, "2266013": {"hotel_name": "\u7ef4\u4e5f\u7eb3\u56fd\u9645\u9152\u5e97(\u6df1\u5733\u89c2\u6f9c\u89c2\u5149\u8def\u5e97)", "order_time": ["2019-01-15 09:58:31"], "total_order": 1, "hotel_value": ["4.8"], "hotel_price": ["249"]}, "479303": {"hotel_name": "\u6df1\u5733\u5e7f\u73c5\u5927\u9152\u5e97", "order_time": ["2019-01-15 09:58:32"], "total_order": 1, "hotel_value": ["4.0"], "hotel_price": ["232"]}, "534924": {"hotel_name": "\u7ef4\u4e5f\u7eb3\u9152\u5e97(\u6df1\u5733\u7231\u56fd\u8def\u5e97)", "order_time": ["2019-01-15 09:58:32"], "total_order": 1, "hotel_value": ["4.8"], "hotel_price": ["304"]}, "27720525": {"hotel_name": "\u5982\u5bb6\u9152\u5e97(\u6df1\u5733\u5357\u5c71\u6d77\u5cb8\u57ce\u521b\u4e1a\u8def\u5e97)", "order_time": ["2019-01-15 09:58:32"], "total_order": 1, "hotel_value": [0], "hotel_price": ["212"]}, "1596090": {"hotel_name": "\u5357\u56fd\u8fde\u9501\u9152\u5e97(\u6df1\u5733\u9999\u871c\u6e56\u5e97)", "order_time": ["2019-01-15 09:58:32"], "total_order": 1, "hotel_value": ["3.9"], "hotel_price": ["249"]}, "7934598": {"hotel_name": "\u7ef4\u4e5f\u7eb3\u9152\u5e97(\u6df1\u5733\u76d0\u7530\u6e2f\u5e97)", "order_time": ["2019-01-15 09:58:33"], "total_order": 1, "hotel_value": ["4.8"], "hotel_price": ["289"]}, "23762970": {"hotel_name": "\u83ab\u9ed8\u7cbe\u54c1\u516c\u5bd3(\u6df1\u5733\u4e1c\u95e8\u5e97)", "order_time": ["2019-01-15 09:58:38"], "total_order": 1, "hotel_value": ["4.7"], "hotel_price": ["232"]}, "1065983": {"hotel_name": "\u4e03\u6a59\u9152\u5e97(\u6df1\u5733\u4e1c\u7ad9\u5e03\u5409\u5e97)(\u539f\u987a\u98ce\u5bbe\u9986)", "order_time": ["2019-01-15 09:58:38"], "total_order": 1, "hotel_value": ["4.5"], "hotel_price": ["94"]}, "8192369": {"hotel_name": "\u6df1\u5733\u5723\u897f\u7f57\u670d\u52a1\u516c\u5bd3\u79d1\u6280\u56ed\u5e97", "order_time": ["2019-01-15 09:59:02"], "total_order": 1, "hotel_value": [0], "hotel_price": ["318"]}, "931675": {"hotel_name": "\u7ef4\u4e5f\u7eb3\u56fd\u9645\u9152\u5e97(\u6df1\u5733\u5317\u7ad9\u5e97)", "order_time": ["2019-01-15 10:01:46", "2019-01-15 09:59:56"], "total_order": 2, "hotel_value": ["4.6", "4.6"], "hotel_price": ["528", "528"]}, "535483": {"hotel_name": "\u7f8e\u8c6a\u4e3d\u81f4\u9152\u5e97(\u6df1\u5733\u798f\u7530\u4f1a\u5c55\u4e2d\u5fc3\u5e97)", "order_time": ["2019-01-15 10:00:00"], "total_order": 1, "hotel_value": ["4.7"], "hotel_price": ["910"]}, "347428": {"hotel_name": "\u6df1\u5733\u9a6c\u54e5\u5b5b\u7f57\u597d\u65e5\u5b50\u9152\u5e97", "order_time": ["2019-01-15 10:00:30", "2019-01-15 10:44:28", "2019-01-15 10:36:27"], "total_order": 3, "hotel_value": ["4.7", "4.7", "4.7"], "hotel_price": ["1595", "1596", "1596"]}, "2206570": {"hotel_name": "\u6df1\u5733\u897f\u4e3d\u5357\u84c9\u5927\u9152\u5e97", "order_time": ["2019-01-15 10:00:32", "2019-01-15 10:08:22"], "total_order": 2, "hotel_value": ["4.2", "4.2"], "hotel_price": ["398", "398"]}, "371244": {"hotel_name": "\u6df1\u5733\u534e\u4fa8\u57ce\u6d32\u9645\u5927\u9152\u5e97", "order_time": ["2019-01-15 10:00:32", "2019-01-15 10:18:23"], "total_order": 2, "hotel_value": ["4.7", "4.7"], "hotel_price": ["2026", "1866"]}, "5256545": {"hotel_name": "\u51ef\u8bda\u9152\u5e97\u516c\u5bd3(\u6df1\u5733\u79d1\u6280\u56ed\u5e97)", "order_time": ["2019-01-15 10:08:26", "2019-01-15 10:00:32", "2019-01-15 10:06:30"], "total_order": 3, "hotel_value": ["4.4", "4.4", "4.4"], "hotel_price": ["286", "286", "286"]}, "486122": {"hotel_name": "\u6df1\u5733\u767b\u559c\u8def\u9152\u5e97", "order_time": ["2019-01-15 10:00:33", "2019-01-15 10:04:24"], "total_order": 2, "hotel_value": ["4.5", "4.5"], "hotel_price": ["487", "487"]}, "467338": {"hotel_name": "\u6df1\u5733\u65b0\u5b89\u9152\u5e97", "order_time": ["2019-01-15 10:00:33"], "total_order": 1, "hotel_value": ["4.1"], "hotel_price": ["320"]}, "2347232": {"hotel_name": "\u6df1\u5733\u548c\u67ab\u9152\u5e97", "order_time": ["2019-01-15 10:00:34"], "total_order": 1, "hotel_value": ["4.6"], "hotel_price": ["253"]}, "802698": {"hotel_name": "\u534e\u91cc\u7cbe\u54c1\u9152\u5e97(\u6df1\u5733\u534e\u4fa8\u57ce\u5e97)", "order_time": ["2019-01-15 10:00:35"], "total_order": 1, "hotel_value": ["4.5"], "hotel_price": ["344"]}, "968299": {"hotel_name": "\u6df1\u5733\u4f73\u8c6a\u7cbe\u54c1\u5f71\u9662\u9152\u5e97", "order_time": ["2019-01-15 10:00:36"], "total_order": 1, "hotel_value": ["4.5"], "hotel_price": ["157"]}, "11057796": {"hotel_name": "\u6df1\u5733\u6d77\u4e0a\u4e16\u754c\u5170\u5179\u9152\u5e97", "order_time": ["2019-01-15 10:00:37"], "total_order": 1, "hotel_value": ["4.4"], "hotel_price": ["398"]}, "536126": {"hotel_name": "\u6df1\u5733\u96c5\u8bd7\u9601\u7f8e\u4f26\u670d\u52a1\u516c\u5bd3", "order_time": ["2019-01-15 10:50:18", "2019-01-15 10:00:37"], "total_order": 2, "hotel_value": ["4.5", "4.5"], "hotel_price": ["806", "806"]}, "3442180": {"hotel_name": "\u6df1\u5733\u7c73\u5170\u5609\u987f\u9152\u5e97", "order_time": ["2019-01-15 10:00:37"], "total_order": 1, "hotel_value": ["4.5"], "hotel_price": ["324"]}, "467428": {"hotel_name": "\u6df1\u5733\u745e\u9a70\u9152\u5e97", "order_time": ["2019-01-15 10:00:38"], "total_order": 1, "hotel_value": ["4.0"], "hotel_price": ["523"]}, "8904626": {"hotel_name": "\u6df1\u5733\u4e3b\u9898\u516c\u5bd3", "order_time": ["2019-01-15 10:00:39"], "total_order": 1, "hotel_value": ["4.1"], "hotel_price": ["179"]}, "3657244": {"hotel_name": "\u7ef4\u4e5f\u7eb3\u9152\u5e97(\u6df1\u5733\u5751\u6893\u83b9\u5c55\u82b1\u56ed\u5e97)", "order_time": ["2019-01-15 10:00:41"], "total_order": 1, "hotel_value": ["4.8"], "hotel_price": ["225"]}, "1413187": {"hotel_name": "\u6df1\u5733\u5609\u745e\u9152\u5e97", "order_time": ["2019-01-15 10:00:43"], "total_order": 1, "hotel_value": ["4.2"], "hotel_price": ["184"]}, "2363480": {"hotel_name": "\u6df1\u5733\u5408\u751f\u5229\u7cbe\u54c1\u9152\u5e97", "order_time": ["2019-01-15 10:00:43"], "total_order": 1, "hotel_value": ["4.1"], "hotel_price": ["197"]}, "3725392": {"hotel_name": "\u7ef4\u4e5f\u7eb3\u56fd\u9645\u9152\u5e97(\u6df1\u5733\u524d\u6d77\u5e97)", "order_time": ["2019-01-15 10:00:44"], "total_order": 1, "hotel_value": ["4.8"], "hotel_price": ["359"]}, "1303688": {"hotel_name": "\u6df1\u5733\u5723\u767b\u541b\u60a6\u9152\u5e97", "order_time": ["2019-01-15 10:00:44"], "total_order": 1, "hotel_value": ["4.4"], "hotel_price": ["133"]}, "486126": {"hotel_name": "\u6df1\u5733\u5357\u4fa8\u5546\u52a1\u9152\u5e97", "order_time": ["2019-01-15 10:00:45"], "total_order": 1, "hotel_value": ["3.7"], "hotel_price": ["276"]}, "4981512": {"hotel_name": "\u6df1\u5733\u65b0\u94ed\u90fd\u9152\u5e97", "order_time": ["2019-01-15 10:00:46"], "total_order": 1, "hotel_value": ["4.2"], "hotel_price": ["115"]}, "1478458": {"hotel_name": "\u5c71\u6c34\u65f6\u5c1a\u9152\u5e97(\u6df1\u5733\u666f\u6e56\u5e97)", "order_time": ["2019-01-15 10:00:47"], "total_order": 1, "hotel_value": ["4.4"], "hotel_price": ["146"]}, "5093554": {"hotel_name": "\u534e\u4e30\u7cbe\u54c1\u9152\u5e97(\u6df1\u5733\u7b0b\u5c97\u5730\u94c1\u7ad9\u5e97)", "order_time": ["2019-01-15 10:04:47", "2019-01-15 10:10:39", "2019-01-15 10:00:47"], "total_order": 3, "hotel_value": ["4.4", "4.4", "4.4"], "hotel_price": ["134", "134", "134"]}, "1546829": {"hotel_name": "\u805a\u798f\u5bbe\u9986(\u6df1\u5733\u7f57\u6e56\u5e97)", "order_time": ["2019-01-15 10:01:28"], "total_order": 1, "hotel_value": ["4.0"], "hotel_price": ["88"]}, "6490490": {"hotel_name": "\u6a59\u679c\u9152\u5e97(\u6df1\u5733\u4e1c\u95e8\u5e97)", "order_time": ["2019-01-15 10:02:29", "2019-01-15 10:08:30"], "total_order": 2, "hotel_value": ["4.6", "4.6"], "hotel_price": ["309", "309"]}, "2648230": {"hotel_name": "\u83ab\u6cf0168\u9152\u5e97(\u6df1\u5733\u5927\u5b66\u5357\u6d77\u5927\u9053\u7ca4\u6d77\u5927\u53a6\u5e97)(\u539f\u5357\u5c71\u5357\u6d77\u5927\u9053\u7ca4\u6d77\u5927\u53a6\u5e97)", "order_time": ["2019-01-15 10:02:30"], "total_order": 1, "hotel_value": ["4.3"], "hotel_price": ["228"]}, "661081": {"hotel_name": "\u6df1\u5733\u86c7\u53e3\u5e0c\u5c14\u987f\u5357\u6d77\u9152\u5e97", "order_time": ["2019-01-15 10:02:30"], "total_order": 1, "hotel_value": ["4.7"], "hotel_price": ["1305"]}, "419431": {"hotel_name": "\u6df1\u5733\u6e7e\u6728\u68c9\u82b1\u9152\u5e97", "order_time": ["2019-01-15 10:02:30"], "total_order": 1, "hotel_value": ["4.6"], "hotel_price": ["1488"]}, "2239012": {"hotel_name": "\u6df1\u5733\u5b8f\u660c\u5546\u52a1\u9152\u5e97", "order_time": ["2019-01-15 10:02:31"], "total_order": 1, "hotel_value": ["4.3"], "hotel_price": ["187"]}, "1505384": {"hotel_name": "\u60a6\u5de2\u516c\u5bd3(\u6df1\u5733\u5317\u7ad9\u5e97)", "order_time": ["2019-01-15 10:02:32"], "total_order": 1, "hotel_value": ["4.5"], "hotel_price": ["180"]}, "5815709": {"hotel_name": "\u5979\u4ed6\u56fd\u9645\u516c\u5bd3(\u6df1\u5733\u7f57\u6e56\u5927\u5267\u9662\u4e07\u8c61\u57ce\u5e97)(\u539fOne39\u5e97)", "order_time": ["2019-01-15 10:02:32", "2019-01-15 10:28:22"], "total_order": 2, "hotel_value": ["4.5", "4.5"], "hotel_price": ["599", "356"]}, "1609506": {"hotel_name": "\u6df1\u5733\u6e29\u5fb7\u59c6\u81f3\u5c0a\u9152\u5e97", "order_time": ["2019-01-15 10:02:33"], "total_order": 1, "hotel_value": ["4.6"], "hotel_price": ["1588"]}, "6753962": {"hotel_name": "\u6df1\u5733\u8c6a\u8fbe\u5546\u52a1\u5bbe\u9986", "order_time": ["2019-01-15 10:02:35"], "total_order": 1, "hotel_value": ["4.0"], "hotel_price": ["298"]}, "6477598": {"hotel_name": "\u6df1\u5733\u4e07\u798f\u4e16\u7eaa\u9152\u5e97", "order_time": ["2019-01-15 10:02:35"], "total_order": 1, "hotel_value": ["4.4"], "hotel_price": ["187"]}, "1387245": {"hotel_name": "\u83ab\u6cf0\u9152\u5e97(\u6df1\u5733\u5357\u5c71\u5730\u94c1\u7ad9\u51e4\u51f0\u57ce\u5e97)(\u539f\u5357\u5c71\u5e02\u573a\u51e4\u51f0\u57ce\u5e97)", "order_time": ["2019-01-15 10:02:37"], "total_order": 1, "hotel_value": ["4.6"], "hotel_price": ["225"]}, "473037": {"hotel_name": "\u6df1\u5733\u5723\u6dd8\u6c99\u9152\u5e97(\u7fe1\u7fe0\u5e97)", "order_time": ["2019-01-15 10:02:37"], "total_order": 1, "hotel_value": ["4.6"], "hotel_price": ["778"]}, "5981963": {"hotel_name": "\u5c1a\u5ba2\u4f18\u8fde\u9501\u9152\u5e97(\u6df1\u5733\u673a\u573a\u540e\u745e\u5730\u94c1\u7ad9\u5e97)", "order_time": ["2019-01-15 10:02:37"], "total_order": 1, "hotel_value": ["4.2"], "hotel_price": ["151"]}, "654593": {"hotel_name": "\u6df1\u5733\u6ce2\u6258\u83f2\u8bfa\u56fd\u9645\u516c\u5bd3", "order_time": ["2019-01-15 10:02:40"], "total_order": 1, "hotel_value": ["4.6"], "hotel_price": ["1238"]}, "1598480": {"hotel_name": "7\u5929\u8fde\u9501\u9152\u5e97(\u6df1\u5733\u534e\u5f3a\u5357\u5e97)", "order_time": ["2019-01-15 10:02:41"], "total_order": 1, "hotel_value": ["4.2"], "hotel_price": ["200"]}, "27945351": {"hotel_name": "\u9e97\u67ab\u9152\u5e97(\u6df1\u5733\u5317\u7ad9\u9f99\u534e\u6c7d\u8f66\u7ad9\u5e97)", "order_time": ["2019-01-15 10:02:41"], "total_order": 1, "hotel_value": ["4.8"], "hotel_price": ["219"]}, "5488075": {"hotel_name": "\u96c5\u5ead\u7cbe\u54c1\u516c\u5bd3(\u6df1\u5733\u5927\u51b2\u5e97)", "order_time": ["2019-01-15 10:02:43"], "total_order": 1, "hotel_value": ["4.3"], "hotel_price": ["387"]}, "7431414": {"hotel_name": "\u4ed6\u5979\u5546\u52a1\u516c\u5bd3(\u6df1\u5733\u79d1\u6280\u56ed\u5317\u5e97)", "order_time": ["2019-01-15 10:02:45"], "total_order": 1, "hotel_value": ["4.2"], "hotel_price": ["154"]}, "5315903": {"hotel_name": "\u6df1\u5733\u91d1\u6c38\u5609\u7cbe\u54c1\u9152\u5e97", "order_time": ["2019-01-15 10:02:46"], "total_order": 1, "hotel_value": ["4.8"], "hotel_price": ["163"]}, "5250074": {"hotel_name": "\u6df1\u5733\u6c38\u5b9c\u9152\u5e97\u5317\u7ad9\u5e97", "order_time": ["2019-01-15 10:02:47", "2019-01-15 10:24:34"], "total_order": 2, "hotel_value": ["4.5", "4.5"], "hotel_price": ["157", "157"]}, "2649810": {"hotel_name": "\u6df1\u5733\u8f83\u573a\u5c3e\u6d77\u77e5\u604b\u5ba2\u6808", "order_time": ["2019-01-15 10:02:51"], "total_order": 1, "hotel_value": ["4.9"], "hotel_price": ["98"]}, "13912816": {"hotel_name": "\u6df1\u5733\u6d77\u84dd\u6930\u6797\u5ea6\u5047\u516c\u5bd3", "order_time": ["2019-01-15 10:02:51"], "total_order": 1, "hotel_value": ["4.9"], "hotel_price": ["194"]}, "5476565": {"hotel_name": "\u6df1\u5733\u94f6\u5bcc\u82d1\u5546\u52a1\u9152\u5e97", "order_time": ["2019-01-15 10:03:06"], "total_order": 1, "hotel_value": ["2.8"], "hotel_price": ["108"]}, "3183678": {"hotel_name": "\u957f\u5174\u8fde\u9501\u9152\u5e97(\u6df1\u5733\u7f57\u6e56\u5e97)", "order_time": ["2019-01-15 10:03:16"], "total_order": 1, "hotel_value": ["3.9"], "hotel_price": ["150"]}, "456100": {"hotel_name": "\u6df1\u5733\u5e7f\u4fe1\u9152\u5e97", "order_time": ["2019-01-15 10:04:19"], "total_order": 1, "hotel_value": ["4.4"], "hotel_price": ["196"]}, "778559": {"hotel_name": "\u516b\u65b9\u7cbe\u54c1\u9152\u5e97(\u6df1\u5733\u83b2\u82b1\u5c71\u5e97)", "order_time": ["2019-01-15 10:04:19"], "total_order": 1, "hotel_value": ["4.1"], "hotel_price": ["217"]}, "12072501": {"hotel_name": "\u57ce\u5bb6\u7cbe\u9009\u516c\u5bd3\uff08\u6df1\u5733\u4f1a\u5c55\u4e2d\u5fc3\u5e97\uff09", "order_time": ["2019-01-15 10:04:22"], "total_order": 1, "hotel_value": ["4.3"], "hotel_price": ["369"]}, "668149": {"hotel_name": "\u7231\u4e3d\u4e1d\u7cbe\u54c1\u9152\u5e97(\u6df1\u5733\u5b9d\u5b89\u88d5\u5b89\u5e97)", "order_time": ["2019-01-15 10:08:29", "2019-01-15 10:04:22"], "total_order": 2, "hotel_value": ["4.4", "4.4"], "hotel_price": ["259", "259"]}, "1838591": {"hotel_name": "\u9526\u6c5f\u4e4b\u661f(\u6df1\u5733\u5317\u7ad9\u5e97)", "order_time": ["2019-01-15 10:04:22"], "total_order": 1, "hotel_value": ["4.5"], "hotel_price": ["234"]}, "374623": {"hotel_name": "\u6df1\u5733\u4e1c\u6d77\u6717\u5ef7\u9152\u5e97", "order_time": ["2019-01-15 10:04:22"], "total_order": 1, "hotel_value": ["4.8"], "hotel_price": ["1645"]}, "7050303": {"hotel_name": "\u9038\u7c73\u9152\u5e97(\u6df1\u5733\u534e\u5357\u57ce\u4e0a\u6728\u53e4\u5e97)", "order_time": ["2019-01-15 10:04:25", "2019-01-15 10:44:23"], "total_order": 2, "hotel_value": ["4.7", "4.7"], "hotel_price": ["112", "112"]}, "1480066": {"hotel_name": "\u4e50\u7ec5\u9152\u5e97(\u6df1\u5733\u673a\u573a\u5e97)", "order_time": ["2019-01-15 10:04:28"], "total_order": 1, "hotel_value": ["4.1"], "hotel_price": ["187"]}, "512596": {"hotel_name": "\u6df1\u5733\u661f\u96c5\u8f69\u9152\u5e97", "order_time": ["2019-01-15 10:04:28"], "total_order": 1, "hotel_value": ["4.5"], "hotel_price": ["296"]}, "3663619": {"hotel_name": "\u6df1\u5733\u5929\u5929\u60e0\u9152\u5e97\u516c\u5bd3", "order_time": ["2019-01-15 10:04:30"], "total_order": 1, "hotel_value": ["4.3"], "hotel_price": ["292"]}, "1273244": {"hotel_name": "\u6df1\u5733\u4e16\u754c\u4e4b\u7a97\u5170\u5179\u9152\u5e97", "order_time": ["2019-01-15 10:04:32", "2019-01-15 10:38:25"], "total_order": 2, "hotel_value": ["4.4", "4.4"], "hotel_price": ["318", "318"]}, "435261": {"hotel_name": "\u6df1\u5733\u4e2d\u6d32\u5723\u5ef7\u82d1\u9152\u5e97\u4e16\u7eaa\u697c(\u539f\u5723\u5ef7\u82d1\u9152\u5e97\u4e16\u7eaa\u697c)", "order_time": ["2019-01-15 10:04:32", "2019-01-15 10:16:22"], "total_order": 2, "hotel_value": ["4.6", "4.6"], "hotel_price": ["692", "692"]}, "771959": {"hotel_name": "\u6df1\u5733\u65b0\u4e1c\u6e90\u9152\u5e97", "order_time": ["2019-01-15 10:04:37"], "total_order": 1, "hotel_value": ["4.5"], "hotel_price": ["188"]}, "21428106": {"hotel_name": "\u6df1\u573399\u4f18\u9009\u9152\u5e97", "order_time": ["2019-01-15 10:04:51"], "total_order": 1, "hotel_value": ["3.8"], "hotel_price": ["89"]}, "1600021": {"hotel_name": "\u6df1\u5733\u98ce\u683c\u9152\u5e97\u516c\u5bd3", "order_time": ["2019-01-15 10:04:51"], "total_order": 1, "hotel_value": ["4.5"], "hotel_price": ["206"]}, "8192848": {"hotel_name": "\u57ce\u5bb6\u7cbe\u9009\u516c\u5bd3(\u6df1\u5733\u5357\u5c71\u5730\u94c1\u7ad9\u5e97)", "order_time": ["2019-01-15 10:05:39", "2019-01-15 10:31:17"], "total_order": 2, "hotel_value": ["4.5", "4.5"], "hotel_price": ["369", "369"]}, "635264": {"hotel_name": "\u57ce\u5e02\u5ba2\u6808(\u6df1\u5733\u4e16\u754c\u4e4b\u7a97\u5e97)", "order_time": ["2019-01-15 10:05:44", "2019-01-15 10:29:23"], "total_order": 2, "hotel_value": ["4.3", "4.3"], "hotel_price": ["345", "345"]}, "21826582": {"hotel_name": "\u9e97\u67ab\u9152\u5e97(\u6df1\u5733\u5927\u8fd0\u4e2d\u5fc3\u6a2a\u5c97\u5730\u94c1\u7ad9\u5e97)", "order_time": ["2019-01-15 10:06:21"], "total_order": 1, "hotel_value": ["4.8"], "hotel_price": ["242"]}, "1273018": {"hotel_name": "\u6df1\u5733\u5b9d\u7acb\u65b9\u56fd\u9645\u9152\u5e97", "order_time": ["2019-01-15 10:06:22"], "total_order": 1, "hotel_value": ["4.6"], "hotel_price": ["496"]}, "6997331": {"hotel_name": "\u7687\u671d\u5546\u52a1\u9152\u5e97(\u6df1\u5733\u798f\u7530\u53e3\u5cb8\u5e97)", "order_time": ["2019-01-15 10:26:29", "2019-01-15 10:06:24"], "total_order": 2, "hotel_value": ["4.4", "4.4"], "hotel_price": ["358", "358"]}, "1380744": {"hotel_name": "\u6df1\u5733\u9999\u6a1f\u5546\u52a1\u9152\u5e97", "order_time": ["2019-01-15 10:06:24"], "total_order": 1, "hotel_value": ["4.1"], "hotel_price": ["296"]}, "802552": {"hotel_name": "\u7ff0\u96c5\u7cbe\u54c1\u9152\u5e97(\u6df1\u5733\u5b9d\u5b89\u673a\u573a\u56fa\u620c\u5730\u94c1\u7ad9\u5e97)", "order_time": ["2019-01-15 10:06:25"], "total_order": 1, "hotel_value": ["4.5"], "hotel_price": ["131"]}, "8722459": {"hotel_name": "\u65af\u7ef4\u767b\u5ea6\u5047\u516c\u5bd3(\u6df1\u5733\u5927\u5b66\u57ce\u5e97)", "order_time": ["2019-01-15 10:06:26"], "total_order": 1, "hotel_value": ["4.4"], "hotel_price": ["238"]}, "807086": {"hotel_name": "\u6df1\u5733\u7530\u5bee\u5546\u52a1\u9152\u5e97", "order_time": ["2019-01-15 10:06:36"], "total_order": 1, "hotel_value": ["4.1"], "hotel_price": ["188"]}, "1458265": {"hotel_name": "\u5982\u5bb6\u5feb\u6377\u9152\u5e97(\u6df1\u5733\u5e03\u5409\u5730\u94c1\u7ad9\u5e97)", "order_time": ["2019-01-15 10:06:43"], "total_order": 1, "hotel_value": ["4.1"], "hotel_price": ["149"]}, "1536048": {"hotel_name": "\u5168\u5b63\u9152\u5e97(\u6df1\u5733\u4f1a\u5c55\u4e2d\u5fc3\u5e97)", "order_time": ["2019-01-15 10:06:53"], "total_order": 1, "hotel_value": ["4.7"], "hotel_price": ["619"]}, "1579376": {"hotel_name": "\u6df1\u5733\u4e50\u9152\u5e97", "order_time": ["2019-01-15 10:06:53", "2019-01-15 10:10:29"], "total_order": 2, "hotel_value": ["4.6", "4.6"], "hotel_price": ["876", "876"]}, "428276": {"hotel_name": "\u5982\u5bb6\u5feb\u6377\u9152\u5e97(\u6df1\u5733\u5357\u5c71\u5927\u9053\u5e97)", "order_time": ["2019-01-15 10:07:29"], "total_order": 1, "hotel_value": ["4.4"], "hotel_price": ["246"]}, "643476": {"hotel_name": "\u547c\u565c\u6808\u9152\u5e97(\u6df1\u5733\u9999\u871c\u6e56\u5e97)", "order_time": ["2019-01-15 10:08:21"], "total_order": 1, "hotel_value": ["4.5"], "hotel_price": ["436"]}, "17343073": {"hotel_name": "\u6df1\u5733\u6021\u96c5\u5c45\u9152\u5e97\u516c\u5bd3\u946b\u8302\u5e97", "order_time": ["2019-01-15 10:08:21"], "total_order": 1, "hotel_value": ["4.3"], "hotel_price": ["103"]}, "15251482": {"hotel_name": "\u6df1\u5733\u5b89\u8482\u5a05\u7f8e\u5170\u9152\u5e97", "order_time": ["2019-01-15 10:08:23", "2019-01-15 10:28:21", "2019-01-15 10:50:20"], "total_order": 3, "hotel_value": ["4.7", "4.7", "4.7"], "hotel_price": ["700", "700", "700"]}, "6010002": {"hotel_name": "\u6df1\u5733\u91d1\u66fc\u5c9b\u9152\u5e97", "order_time": ["2019-01-15 10:48:26", "2019-01-15 10:08:25"], "total_order": 2, "hotel_value": ["4.3", "4.3"], "hotel_price": ["160", "160"]}, "1513295": {"hotel_name": "\u6df1\u5733\u4e30\u5c45\u5546\u52a1\u9152\u5e97(\u539f\u4e30\u797a\u5c45\u9152\u5e97)", "order_time": ["2019-01-15 10:08:25"], "total_order": 1, "hotel_value": ["4.5"], "hotel_price": ["126"]}, "483982": {"hotel_name": "\u7ef4\u4e5f\u7eb33\u597d\u9152\u5e97(\u6df1\u5733\u6885\u9f99\u8def\u5e97)(\u539f3\u597d\u8fde\u9501\u9152\u5e97)", "order_time": ["2019-01-15 10:08:34"], "total_order": 1, "hotel_value": ["4.7"], "hotel_price": ["272"]}, "833160": {"hotel_name": "7\u5929\u8fde\u9501\u9152\u5e97(\u6df1\u5733\u7af9\u5b50\u6797\u5730\u94c1\u7ad9\u5e97)", "order_time": ["2019-01-15 10:08:34"], "total_order": 1, "hotel_value": ["4.0"], "hotel_price": ["253"]}, "1508083": {"hotel_name": "\u6df1\u5733\u5343\u5bcc\u5927\u9152\u5e97", "order_time": ["2019-01-15 10:08:36"], "total_order": 1, "hotel_value": ["4.4"], "hotel_price": ["116"]}, "1462755": {"hotel_name": "\u6df1\u5733\u91d1\u60a6\u6765\u9152\u5e97", "order_time": ["2019-01-15 10:08:36"], "total_order": 1, "hotel_value": ["4.3"], "hotel_price": ["201"]}, "6839344": {"hotel_name": "\u6df1\u57331314\u6982\u5ff5\u9152\u5e97", "order_time": ["2019-01-15 10:08:46"], "total_order": 1, "hotel_value": ["4.1"], "hotel_price": ["188"]}, "6248056": {"hotel_name": "\u6df1\u5733\u5174\u6e90\u5546\u52a1\u9152\u5e97", "order_time": ["2019-01-15 10:08:56"], "total_order": 1, "hotel_value": ["4.4"], "hotel_price": ["106"]}, "6284220": {"hotel_name": "\u67cf\u69ff\u9152\u5e97(\u6df1\u5733\u4e1c\u95e8\u6e56\u8d1d\u5730\u94c1\u7ad9\u5e97)", "order_time": ["2019-01-15 10:10:24"], "total_order": 1, "hotel_value": ["4.8"], "hotel_price": ["289"]}, "1596836": {"hotel_name": "\u6df1\u5733\u6c5f\u82cf\u5bbe\u9986", "order_time": ["2019-01-15 10:10:24"], "total_order": 1, "hotel_value": ["4.6"], "hotel_price": ["338"]}, "1526657": {"hotel_name": "\u6df1\u5733\u90fd\u6c47\u7cbe\u54c1\u9152\u5e97", "order_time": ["2019-01-15 10:48:21", "2019-01-15 10:10:28"], "total_order": 2, "hotel_value": ["4.2", "4.2"], "hotel_price": ["248", "248"]}, "1436676": {"hotel_name": "\u6df1\u5733\u52a0\u6765\u9152\u5e97", "order_time": ["2019-01-15 10:10:29"], "total_order": 1, "hotel_value": ["4.2"], "hotel_price": ["282"]}, "513807": {"hotel_name": "\u51ef\u9f99\u56fd\u9645\u9152\u5e97(\u6df1\u5733\u5317\u7ad9\u5e97)", "order_time": ["2019-01-15 10:10:30"], "total_order": 1, "hotel_value": ["4.4"], "hotel_price": ["328"]}, "6312610": {"hotel_name": "\u6df1\u5733\u67cf\u5361\u987f\u7cbe\u54c1\u9152\u5e97", "order_time": ["2019-01-15 10:14:34", "2019-01-15 10:10:32", "2019-01-15 10:34:29"], "total_order": 3, "hotel_value": ["4.2", "4.2", "4.2"], "hotel_price": ["126", "126", "126"]}, "2073920": {"hotel_name": "\u516b\u53f7\u8fde\u9501\u9152\u5e97(\u6df1\u5733\u767d\u77f3\u6d32\u5730\u94c1\u7ad9\u5e97)(\u539f\u4e16\u7eaa\u6751\u5e97)", "order_time": ["2019-01-15 10:10:32"], "total_order": 1, "hotel_value": ["4.4"], "hotel_price": ["218"]}, "4693258": {"hotel_name": "\u4e39\u67ab\u9152\u5e97(\u6df1\u5733\u5927\u6d6a\u5546\u4e1a\u4e2d\u5fc3\u5e97)", "order_time": ["2019-01-15 10:10:39"], "total_order": 1, "hotel_value": ["4.5"], "hotel_price": ["174"]}, "5782386": {"hotel_name": "7\u5929\u8fde\u9501\u9152\u5e97(\u6df1\u5733\u5730\u738b\u5927\u53a6\u7ea2\u6842\u8def\u5e97)(\u539f\u7ea2\u6842\u8def\u5e97)", "order_time": ["2019-01-15 10:10:41"], "total_order": 1, "hotel_value": ["4.3"], "hotel_price": ["139"]}, "3443725": {"hotel_name": "\u6df1\u5733\u4ec1\u5584\u6052\u9152\u5e97", "order_time": ["2019-01-15 10:10:44"], "total_order": 1, "hotel_value": ["4.4"], "hotel_price": ["249"]}, "5153544": {"hotel_name": "\u8fce\u5546\u9152\u5e97(\u6df1\u5733\u7f57\u6e56\u4e1c\u95e8\u5e97)", "order_time": ["2019-01-15 10:12:24"], "total_order": 1, "hotel_value": ["4.6"], "hotel_price": ["223"]}, "4500487": {"hotel_name": "\u9e97\u67ab\u9152\u5e97(\u6df1\u5733\u5927\u5b66\u57ce\u5730\u94c1\u7ad9\u5e97)", "order_time": ["2019-01-15 10:12:24"], "total_order": 1, "hotel_value": ["4.8"], "hotel_price": ["442"]}, "426195": {"hotel_name": "\u6df1\u5733\u51ef\u7f8e\u8c6a\u76db\u9152\u5e97", "order_time": ["2019-01-15 10:12:27", "2019-01-15 10:46:21"], "total_order": 2, "hotel_value": ["4.3", "4.3"], "hotel_price": ["288", "288"]}, "428310": {"hotel_name": "\u9a7f\u5c45\u9152\u5e97(\u6df1\u5733\u534e\u5f3a\u5317\u5e97)", "order_time": ["2019-01-15 10:12:29"], "total_order": 1, "hotel_value": ["4.6"], "hotel_price": ["227"]}, "1047092": {"hotel_name": "\u96c5\u56ed\u5858\u6717\u9152\u5e97(\u6df1\u5733\u5317\u7ad9\u5e97)", "order_time": ["2019-01-15 10:12:29", "2019-01-15 10:24:31"], "total_order": 2, "hotel_value": ["4.2", "4.2"], "hotel_price": ["329", "329"]}, "1598541": {"hotel_name": "\u5982\u5bb6\u5feb\u6377\u9152\u5e97(\u6df1\u5733\u4fa8\u57ce\u4e1c\u5730\u94c1\u7ad9\u5e97)", "order_time": ["2019-01-15 10:12:31"], "total_order": 1, "hotel_value": ["4.2"], "hotel_price": ["239"]}, "5998420": {"hotel_name": "\u8036\u59c6\u5546\u52a1\u516c\u5bd3(\u6df1\u5733ONE39\u4e1c\u95e8\u5e97)(\u539f\u6df1\u6e2f\u5546\u52a1\u516c\u5bd3)", "order_time": ["2019-01-15 10:12:37"], "total_order": 1, "hotel_value": ["4.6"], "hotel_price": ["288"]}, "1595935": {"hotel_name": "\u6d77\u53cb\u9152\u5e97(\u6df1\u5733\u5b9d\u5b89\u7ffb\u8eab\u8def\u5e97)", "order_time": ["2019-01-15 10:12:45"], "total_order": 1, "hotel_value": ["4.0"], "hotel_price": ["170"]}, "1849039": {"hotel_name": "\u6df1\u5733\u660e\u65b0\u5bbe\u9986", "order_time": ["2019-01-15 10:12:48"], "total_order": 1, "hotel_value": ["4.9"], "hotel_price": ["68"]}, "10924816": {"hotel_name": "\u6df1\u5733\u65af\u7f8e\u5047\u65e5\u516c\u5bd3", "order_time": ["2019-01-15 10:12:59"], "total_order": 1, "hotel_value": [0], "hotel_price": ["187"]}, "1477767": {"hotel_name": "\u7ef4\u4e5f\u7eb3\u9152\u5e97(\u6df1\u5733\u4e1c\u95e8\u8001\u8857\u5e97)(\u539f\u7389\u9f99\u8f69\u9152\u5e97)", "order_time": ["2019-01-15 10:14:30"], "total_order": 1, "hotel_value": ["4.7"], "hotel_price": ["306"]}, "1390791": {"hotel_name": "\u5168\u5b63\u9152\u5e97(\u6df1\u5733\u6df1\u5357\u5927\u9053\u534e\u5f3a\u5e97)", "order_time": ["2019-01-15 10:14:31"], "total_order": 1, "hotel_value": ["4.6"], "hotel_price": ["531"]}, "1461871": {"hotel_name": "\u7ef4\u4e5f\u7eb3\u9152\u5e97(\u6df1\u5733\u4f1a\u5c55\u4e2d\u5fc3\u4e8c\u5e97)", "order_time": ["2019-01-15 10:14:32"], "total_order": 1, "hotel_value": ["4.8"], "hotel_price": ["326"]}, "4614812": {"hotel_name": "\u6df1\u5733\u54c1\u51a0\u827a\u672f\u9152\u5e97(\u6df1\u5733\u5e73\u6e56\u534e\u5357\u57ce\u5e97)(\u539f\u5e73\u6e56\u706b\u8f66\u7ad9\u5e7f\u573a\u5e97)", "order_time": ["2019-01-15 10:14:34"], "total_order": 1, "hotel_value": ["4.7"], "hotel_price": ["199"]}, "11407620": {"hotel_name": "\u6df1\u5733\u6d77\u66d9\u51ef\u4e30\u9152\u5e97", "order_time": ["2019-01-15 10:14:35"], "total_order": 1, "hotel_value": ["4.6"], "hotel_price": ["612"]}, "661443": {"hotel_name": "\u6df1\u5733\u4e1c\u65b9\u534a\u5c71\u9152\u5e97", "order_time": ["2019-01-15 10:14:37"], "total_order": 1, "hotel_value": ["4.3"], "hotel_price": ["298"]}, "3716429": {"hotel_name": "\u6df1\u5733\u4e2d\u6d32\u4e07\u8c6a\u9152\u5e97", "order_time": ["2019-01-15 10:16:21"], "total_order": 1, "hotel_value": ["4.7"], "hotel_price": ["1726"]}, "1350554": {"hotel_name": "\u5982\u5bb6\u7cbe\u9009\u9152\u5e97(\u6df1\u5733\u5357\u5c71\u6d77\u5cb8\u57ce\u5e97)", "order_time": ["2019-01-15 10:16:25"], "total_order": 1, "hotel_value": ["4.7"], "hotel_price": ["440"]}, "436332": {"hotel_name": "\u5c71\u6c34\u65f6\u5c1a\u9152\u5e97(\u6df1\u5733\u7f57\u6e56\u53e3\u5cb8\u5e97)", "order_time": ["2019-01-15 10:16:28"], "total_order": 1, "hotel_value": ["4.5"], "hotel_price": ["249"]}, "1070932": {"hotel_name": "\u9038\u7c73\u9152\u5e97(\u6df1\u5733\u5e73\u6e56\u534e\u5357\u57ce\u5e97)", "order_time": ["2019-01-15 10:16:28"], "total_order": 1, "hotel_value": ["4.4"], "hotel_price": ["128"]}, "346482": {"hotel_name": "\u6df1\u5733\u4e07\u5fb7\u8bfa\u5bcc\u7279\u9152\u5e97", "order_time": ["2019-01-15 10:16:28"], "total_order": 1, "hotel_value": ["4.4"], "hotel_price": ["799"]}, "2107803": {"hotel_name": "\u5361\u745e\u767b\u9152\u5e97(\u6df1\u5733\u6c11\u5eb7\u5e97)", "order_time": ["2019-01-15 10:18:22"], "total_order": 1, "hotel_value": ["4.3"], "hotel_price": ["203"]}, "1598462": {"hotel_name": "\u6df1\u5733\u7fe0\u56ed\u9152\u5e97", "order_time": ["2019-01-15 10:18:23"], "total_order": 1, "hotel_value": ["4.2"], "hotel_price": ["148"]}, "436042": {"hotel_name": "\u9e3f\u6ce2\u9152\u5e97(\u6df1\u5733\u534e\u4fa8\u57ce\u5e97)", "order_time": ["2019-01-15 10:18:25", "2019-01-15 10:48:21"], "total_order": 2, "hotel_value": ["4.3", "4.3"], "hotel_price": ["566", "566"]}, "925657": {"hotel_name": "\u6df1\u5733\u56db\u5ddd\u5bbe\u9986", "order_time": ["2019-01-15 10:18:25"], "total_order": 1, "hotel_value": ["4.5"], "hotel_price": ["463"]}, "6666976": {"hotel_name": "\u6df1\u5733\u745e\u946b\u56fd\u9645\u9152\u5e97", "order_time": ["2019-01-15 10:18:28"], "total_order": 1, "hotel_value": ["4.6"], "hotel_price": ["235"]}, "1458173": {"hotel_name": "\u5c1a\u5c45\u9152\u5e97(\u6df1\u5733\u7f57\u6e56\u53e3\u5cb8\u5e97)", "order_time": ["2019-01-15 10:18:28"], "total_order": 1, "hotel_value": ["3.9"], "hotel_price": ["159"]}, "661437": {"hotel_name": "\u6df1\u5733\u5e02\u67cf\u65af\u987f(\u7a7a\u4e2d)\u82b1\u56ed\u9152\u5e97", "order_time": ["2019-01-15 10:18:34"], "total_order": 1, "hotel_value": ["4.5"], "hotel_price": ["238"]}, "1121624": {"hotel_name": "\u6df1\u5733\u597d\u671b\u89d2\u57ce\u5e02\u9152\u5e97", "order_time": ["2019-01-15 10:44:31", "2019-01-15 10:18:34"], "total_order": 2, "hotel_value": ["4.1", "4.1"], "hotel_price": ["163", "163"]}, "1438034": {"hotel_name": "\u7231\u534e\u7cbe\u54c1\u9152\u5e97(\u6df1\u5733\u534e\u5f3a\u5317\u5e97)", "order_time": ["2019-01-15 10:26:32", "2019-01-15 10:34:28", "2019-01-15 10:18:34"], "total_order": 3, "hotel_value": ["4.5", "4.5", "4.5"], "hotel_price": ["194", "194", "194"]}, "444702": {"hotel_name": "\u9526\u6c5f\u4e4b\u661f\u98ce\u5c1a(\u6df1\u5733\u79d1\u5b66\u9986\u5e97)", "order_time": ["2019-01-15 10:18:35"], "total_order": 1, "hotel_value": ["4.2"], "hotel_price": ["159"]}, "3243323": {"hotel_name": "\u6df1\u5733\u5317\u7ad9\u946b\u9152\u5e97\u5f0f\u516c\u5bd3", "order_time": ["2019-01-15 10:18:36"], "total_order": 1, "hotel_value": ["4.2"], "hotel_price": ["133"]}, "8589680": {"hotel_name": "\u6df1\u5733\u6c99\u6cb3\u7cbe\u54c1\u9152\u5e97", "order_time": ["2019-01-15 10:18:40"], "total_order": 1, "hotel_value": ["4.2"], "hotel_price": ["123"]}, "806987": {"hotel_name": "\u540d\u4eba\u5bbe\u9986(\u6df1\u5733\u576a\u5c71\u5e97)", "order_time": ["2019-01-15 10:18:41"], "total_order": 1, "hotel_value": ["4.3"], "hotel_price": ["113"]}, "10580484": {"hotel_name": "\u6df1\u5733\u4fe1\u4f73\u5546\u52a1\u9152\u5e97\u5f0f\u516c\u5bd3", "order_time": ["2019-01-15 10:18:42"], "total_order": 1, "hotel_value": ["4.7"], "hotel_price": ["208"]}, "1109564": {"hotel_name": "\u57ce\u5e02\u4fbf\u6377\u9152\u5e97(\u6df1\u5733\u5e73\u6e56\u6c7d\u8f66\u7ad9\u5e97)", "order_time": ["2019-01-15 10:18:47"], "total_order": 1, "hotel_value": ["4.6"], "hotel_price": ["145"]}, "2600489": {"hotel_name": "\u6df1\u5733\u54ce\u5466\u4e0d\u9519\u56fd\u9645\u9752\u5e74\u65c5\u820d", "order_time": ["2019-01-15 10:18:47"], "total_order": 1, "hotel_value": ["4.0"], "hotel_price": ["33"]}, "5352381": {"hotel_name": "\u6df1\u5733\u60e0\u53cb\u9152\u5e97", "order_time": ["2019-01-15 10:18:54"], "total_order": 1, "hotel_value": ["4.3"], "hotel_price": ["123"]}, "2996111": {"hotel_name": "\u6df1\u5733\u5927\u57ce\u5c0f\u6808", "order_time": ["2019-01-15 10:18:55"], "total_order": 1, "hotel_value": ["4.2"], "hotel_price": ["98"]}, "1508879": {"hotel_name": "\u6df1\u5733\u4e2d\u5174\u9152\u5e97", "order_time": ["2019-01-15 10:19:05"], "total_order": 1, "hotel_value": ["4.6"], "hotel_price": ["148"]}, "1067206": {"hotel_name": "\u6df1\u5733\u706f\u5854\u9152\u5e97\u5f0f\u7cbe\u54c1\u9752\u5e74\u65c5\u793e", "order_time": ["2019-01-15 10:19:12"], "total_order": 1, "hotel_value": ["4.6"], "hotel_price": ["75"]}, "1321612": {"hotel_name": "\u6df1\u5733\u94f6\u57ce\u5bbe\u9986", "order_time": ["2019-01-15 10:19:21"], "total_order": 1, "hotel_value": ["4.0"], "hotel_price": ["108"]}, "6237876": {"hotel_name": "\u6c49\u6c38\u00b7\u745e\u9152\u5e97(\u6df1\u5733\u673a\u573a\u5e97)", "order_time": ["2019-01-15 10:20:27"], "total_order": 1, "hotel_value": ["4.6"], "hotel_price": ["385"]}, "429212": {"hotel_name": "\u6df1\u5733\u6d77\u666f\u5609\u9014\u9152\u5e97(\u539f\u5965\u601d\u5ef7\u9152\u5e97)", "order_time": ["2019-01-15 10:20:29"], "total_order": 1, "hotel_value": ["4.5"], "hotel_price": ["798"]}, "385210": {"hotel_name": "\u6df1\u5733\u7687\u5eadV\u9152\u5e97", "order_time": ["2019-01-15 10:20:29"], "total_order": 1, "hotel_value": ["4.7"], "hotel_price": ["1423"]}, "425478": {"hotel_name": "\u6df1\u5733\u65b0\u90fd\u9152\u5e97", "order_time": ["2019-01-15 10:20:29"], "total_order": 1, "hotel_value": ["4.7"], "hotel_price": ["389"]}, "1871859": {"hotel_name": "\u6df1\u5733\u84dd\u6979\u6e7e\u5ea6\u5047\u9152\u5e97", "order_time": ["2019-01-15 10:20:30"], "total_order": 1, "hotel_value": ["4.5"], "hotel_price": ["2323"]}, "432395": {"hotel_name": "\u6df1\u5733\u4eac\u57fa\u6676\u90fd\u9152\u5e97", "order_time": ["2019-01-15 10:20:34"], "total_order": 1, "hotel_value": ["4.4"], "hotel_price": ["499"]}, "21637305": {"hotel_name": "\u4e50\u6613\u4f4f\u65e0\u4eba\u667a\u6167\u9152\u5e97(\u6df1\u5733\u76d0\u7530\u6c99\u5934\u89d2\u5e97)", "order_time": ["2019-01-15 10:20:36"], "total_order": 1, "hotel_value": ["4.6"], "hotel_price": ["226"]}, "833549": {"hotel_name": "\u6df1\u5733\u51ef\u4e3d\u9152\u5e97", "order_time": ["2019-01-15 10:20:46"], "total_order": 1, "hotel_value": ["4.1"], "hotel_price": ["165"]}, "5373014": {"hotel_name": "\u6df1\u5733\u5170\u6842\u574a\u5bbe\u9986", "order_time": ["2019-01-15 10:20:51"], "total_order": 1, "hotel_value": ["3.7"], "hotel_price": ["142"]}, "6473566": {"hotel_name": "\u4e2d\u6fe0\u7cbe\u81f4\u9152\u5e97(\u897f\u4e61\u5927\u9053\u5e97)", "order_time": ["2019-01-15 10:20:53"], "total_order": 1, "hotel_value": ["4.8"], "hotel_price": ["468"]}, "1244901": {"hotel_name": "\u6df1\u5733\u53cb\u95f4\u5ba2\u6808", "order_time": ["2019-01-15 10:23:36", "2019-01-15 10:21:25"], "total_order": 2, "hotel_value": ["4.2", "4.2"], "hotel_price": ["228", "228"]}, "1061309": {"hotel_name": "\u6df1\u5733\u4f73\u946b\u65c5\u9986", "order_time": ["2019-01-15 10:21:31"], "total_order": 1, "hotel_value": ["1.8"], "hotel_price": ["40"]}, "426211": {"hotel_name": "\u6df1\u5733\u67cf\u65af\u987f\u9152\u5e97", "order_time": ["2019-01-15 10:22:26"], "total_order": 1, "hotel_value": ["4.2"], "hotel_price": ["243"]}, "1596109": {"hotel_name": "\u6df1\u5733\u9e3f\u6cf0\u9f99\u9152\u5e97", "order_time": ["2019-01-15 10:22:28"], "total_order": 1, "hotel_value": ["4.1"], "hotel_price": ["153"]}, "4690327": {"hotel_name": "\u6df1\u5733\u673a\u573a\u51ef\u60a6\u5609\u5bd3\u9152\u5e97", "order_time": ["2019-01-15 10:22:30"], "total_order": 1, "hotel_value": ["4.7"], "hotel_price": ["806"]}, "5635621": {"hotel_name": "\u6df1\u5733\u8fb0\u793c\u7cbe\u54c1\u9152\u5e97(\u539f\u6625\u6696\u82b1\u5f00\u5ba2\u6808)", "order_time": ["2019-01-15 10:22:30"], "total_order": 1, "hotel_value": ["4.8"], "hotel_price": ["551"]}, "1597816": {"hotel_name": "\u516b\u65b9\u7cbe\u54c1\u9152\u5e97(\u6df1\u5733\u897f\u4e3d\u5e97)", "order_time": ["2019-01-15 10:22:31"], "total_order": 1, "hotel_value": ["4.2"], "hotel_price": ["145"]}, "1598527": {"hotel_name": "\u516b\u53f7\u8fde\u9501\u9152\u5e97(\u6df1\u5733\u4e16\u754c\u4e4b\u7a97\u4e8c\u5e97)", "order_time": ["2019-01-15 10:22:32"], "total_order": 1, "hotel_value": ["4.5"], "hotel_price": ["248"]}, "468921": {"hotel_name": "\u6c49\u5ead\u9152\u5e97(\u6df1\u5733\u7231\u56fd\u8def\u5e97)", "order_time": ["2019-01-15 10:22:33"], "total_order": 1, "hotel_value": ["4.1"], "hotel_price": ["189"]}, "924969": {"hotel_name": "\u5982\u5bb6\u5feb\u6377\u9152\u5e97(\u6df1\u5733\u7af9\u5b50\u6797\u5e97)", "order_time": ["2019-01-15 10:22:35"], "total_order": 1, "hotel_value": ["4.3"], "hotel_price": ["249"]}, "749034": {"hotel_name": "\u745e\u5b63\u7cbe\u54c1\u9152\u5e97(\u6df1\u5733\u9f99\u57ce\u5e97)", "order_time": ["2019-01-15 10:22:35"], "total_order": 1, "hotel_value": ["4.6"], "hotel_price": ["288"]}, "23569422": {"hotel_name": "\u6df1\u5733\u82b1\u68a6\u95f4\u9152\u5e97", "order_time": ["2019-01-15 10:22:35"], "total_order": 1, "hotel_value": ["4.5"], "hotel_price": ["519"]}, "663247": {"hotel_name": "\u5982\u5bb6\u5feb\u6377\u9152\u5e97(\u6df1\u5733\u4e1c\u95e8\u6e56\u8d1d\u5730\u94c1\u7ad9\u5e97)", "order_time": ["2019-01-15 10:22:37"], "total_order": 1, "hotel_value": ["4.1"], "hotel_price": ["166"]}, "532249": {"hotel_name": "\u6df1\u5733\u9526\u822a\u9152\u5e97", "order_time": ["2019-01-15 10:22:39"], "total_order": 1, "hotel_value": ["4.5"], "hotel_price": ["246"]}, "8565794": {"hotel_name": "\u6df1\u5733\u6da6\u541b\u6f9c\u9152\u5e97", "order_time": ["2019-01-15 10:22:40"], "total_order": 1, "hotel_value": ["4.1"], "hotel_price": ["133"]}, "1740918": {"hotel_name": "\u6df1\u5733\u559c\u8fbe\u7f8e\u9152\u5e97(\u539f\u7231\u7434\u6d77\u9152\u5e97)", "order_time": ["2019-01-15 10:22:42"], "total_order": 1, "hotel_value": ["4.2"], "hotel_price": ["114"]}, "3193988": {"hotel_name": "\u6df1\u5733\u95fd\u6c5f\u5bbe\u9986", "order_time": ["2019-01-15 10:22:42"], "total_order": 1, "hotel_value": ["4.4"], "hotel_price": ["296"]}, "4827307": {"hotel_name": "\u6df1\u5733\u76ca\u714c\u7cbe\u54c1\u9152\u5e97", "order_time": ["2019-01-15 10:22:45"], "total_order": 1, "hotel_value": ["4.3"], "hotel_price": ["153"]}, "6492587": {"hotel_name": "\u51ef\u60a6\u5546\u52a1\u516c\u5bd3(\u6df1\u5733\u79d1\u6280\u56ed\u5e97)", "order_time": ["2019-01-15 10:22:45"], "total_order": 1, "hotel_value": ["4.3"], "hotel_price": ["294"]}, "6420136": {"hotel_name": "\u6df1\u5733\u6df1\u6ce2\u5546\u52a1\u5bbe\u9986(\u539f\u798f\u9999\u5546\u52a1\u5bbe\u9986)", "order_time": ["2019-01-15 10:22:59"], "total_order": 1, "hotel_value": ["4.2"], "hotel_price": ["103"]}, "1414704": {"hotel_name": "\u6df1\u5733\u745e\u534e\u6e05\u5bbe\u9986", "order_time": ["2019-01-15 10:23:04"], "total_order": 1, "hotel_value": ["3.4"], "hotel_price": ["108"]}, "974626": {"hotel_name": "\u6df1\u5733\u4e1c\u95e8\u51ef\u60a6\u5609\u8f69\u9152\u5e97", "order_time": ["2019-01-15 10:23:47"], "total_order": 1, "hotel_value": ["4.5"], "hotel_price": ["809"]}, "993041": {"hotel_name": "\u6df1\u5733\u91d1\u8302\u56ed\u5927\u9152\u5e97", "order_time": ["2019-01-15 10:24:32"], "total_order": 1, "hotel_value": ["4.7"], "hotel_price": ["392"]}, "1284920": {"hotel_name": "\u7ef4\u4e5f\u7eb3\u9152\u5e97(\u6df1\u5733\u5357\u5c71\u4ebf\u5229\u8fbe\u5e97)", "order_time": ["2019-01-15 10:24:32"], "total_order": 1, "hotel_value": ["4.8"], "hotel_price": ["339"]}, "11237662": {"hotel_name": "\u91d1\u4e2d\u73af\u670d\u52a1\u516c\u5bd3(\u6df1\u5733\u65b0\u6d69e\u90fd\u5e97)", "order_time": ["2019-01-15 10:24:34"], "total_order": 1, "hotel_value": ["4.4"], "hotel_price": ["476"]}, "435152": {"hotel_name": "\u6df1\u5733\u4e2d\u822a\u57ce\u683c\u5170\u4e91\u5929\u5927\u9152\u5e97", "order_time": ["2019-01-15 10:24:35"], "total_order": 1, "hotel_value": ["4.7"], "hotel_price": ["867"]}, "6635337": {"hotel_name": "\u6df1\u5733\u4f17\u5174\u9152\u5e97", "order_time": ["2019-01-15 10:24:39"], "total_order": 1, "hotel_value": ["3.9"], "hotel_price": ["138"]}, "807066": {"hotel_name": "\u6df1\u5733\u6885\u6797\u9152\u5e97", "order_time": ["2019-01-15 10:24:39"], "total_order": 1, "hotel_value": ["3.6"], "hotel_price": ["189"]}, "1758428": {"hotel_name": "\u6df1\u5733\u6d77\u534e\u5bbe\u9986", "order_time": ["2019-01-15 10:24:42"], "total_order": 1, "hotel_value": ["3.9"], "hotel_price": ["148"]}, "2590964": {"hotel_name": "\u6df1\u5733momo\u9752\u5e74\u65c5\u820d", "order_time": ["2019-01-15 10:24:45"], "total_order": 1, "hotel_value": ["3.4"], "hotel_price": ["32"]}, "970569": {"hotel_name": "\u6d77\u53cb\u9152\u5e97(\u6df1\u5733\u7f57\u6e56\u53e3\u5cb8\u56fd\u8d38\u5e97)(\u539f\u56fd\u8d38\u5730\u94c1\u7ad9\u5e97)", "order_time": ["2019-01-15 10:24:48"], "total_order": 1, "hotel_value": ["4.3"], "hotel_price": ["180"]}, "833162": {"hotel_name": "\u6df1\u5733\u4e30\u6cf0\u65c5\u9986", "order_time": ["2019-01-15 10:24:48"], "total_order": 1, "hotel_value": ["4.0"], "hotel_price": ["103"]}, "5379041": {"hotel_name": "\u6df1\u5733\u94f6\u6d77\u5bbe\u9986", "order_time": ["2019-01-15 10:24:49"], "total_order": 1, "hotel_value": ["3.5"], "hotel_price": ["128"]}, "6420005": {"hotel_name": "\u6df1\u5733\u65e5\u660c\u65f6\u5c1a\u5bbe\u9986", "order_time": ["2019-01-15 10:25:04"], "total_order": 1, "hotel_value": ["4.7"], "hotel_price": ["104"]}, "9628082": {"hotel_name": "\u57ce\u5bb6\u7cbe\u9009\u516c\u5bd3\uff08\u6df1\u5733\u6d77\u5cb8\u57ce\u5e97\uff09\uff08\u539f\u6df1\u5733\u57ce\u5bb6\u6c11\u5c45\u6d77\u5cb8\u57ce\u5e97\uff09", "order_time": ["2019-01-15 10:25:51"], "total_order": 1, "hotel_value": ["4.3"], "hotel_price": ["332"]}, "6902512": {"hotel_name": "\u7ef4\u4e5f\u7eb3\u9152\u5e97(\u6df1\u5733\u5e03\u5409\u5929\u8679\u5e97)", "order_time": ["2019-01-15 10:26:33"], "total_order": 1, "hotel_value": ["4.8"], "hotel_price": ["269"]}, "924896": {"hotel_name": "\u7ef4\u4e5f\u7eb3\u516c\u5bd3(\u6df1\u5733\u4e2d\u82f1\u8857\u5e97)", "order_time": ["2019-01-15 10:26:33"], "total_order": 1, "hotel_value": ["4.7"], "hotel_price": ["256"]}, "5983447": {"hotel_name": "\u7ef4\u4e5f\u7eb3\u9152\u5e97(\u6df1\u5733\u9f99\u534e\u58f9\u57ce\u4e2d\u5fc3\u5e97)", "order_time": ["2019-01-15 10:28:22"], "total_order": 1, "hotel_value": ["4.8"], "hotel_price": ["249"]}, "718231": {"hotel_name": "\u96c5\u67ab\u5bbe\u9986(\u6df1\u5733\u534e\u4fa8\u57ce\u5e97)", "order_time": ["2019-01-15 10:34:23", "2019-01-15 10:28:22"], "total_order": 2, "hotel_value": ["4.2", "4.2"], "hotel_price": ["309", "309"]}, "21331773": {"hotel_name": "\u6591\u6593\u5bb6\u516c\u5bd3(\u6df1\u5733\u661f\u6cb3\u4e16\u7eaa\u5927\u53a6\u5e97)", "order_time": ["2019-01-15 10:28:22", "2019-01-15 10:30:19"], "total_order": 2, "hotel_value": ["4.5", "4.5"], "hotel_price": ["479", "479"]}, "929525": {"hotel_name": "\u7ef4\u4e5f\u7eb3\u9152\u5e97(\u6df1\u5733\u6d77\u6e7e\u5e97)", "order_time": ["2019-01-15 10:28:27"], "total_order": 1, "hotel_value": ["4.8"], "hotel_price": ["368"]}, "419433": {"hotel_name": "\u5c71\u6c34\u65f6\u5c1a\u9152\u5e97(\u6df1\u5733\u534e\u5f3a\u5317\u5e97)", "order_time": ["2019-01-15 10:28:29"], "total_order": 1, "hotel_value": ["4.4"], "hotel_price": ["427"]}, "17263780": {"hotel_name": "\u5706\u9152\u5e97(\u6df1\u5733\u79d1\u6280\u56ed\u5e97)", "order_time": ["2019-01-15 10:28:32"], "total_order": 1, "hotel_value": ["4.4"], "hotel_price": ["315"]}, "6080935": {"hotel_name": "\u5c1a\u5408\u516c\u5bd3(\u6df1\u5733\u79d1\u6280\u56ed\u5e97)", "order_time": ["2019-01-15 10:28:33"], "total_order": 1, "hotel_value": ["4.4"], "hotel_price": ["270"]}, "6871171": {"hotel_name": "\u6df1\u5733\u4ebf\u6c11\u516c\u5bd3\u9152\u5e97", "order_time": ["2019-01-15 10:28:35", "2019-01-15 10:38:24"], "total_order": 2, "hotel_value": ["4.3", "4.3"], "hotel_price": ["335", "335"]}, "3002594": {"hotel_name": "\u683c\u6797\u8c6a\u6cf0(\u6df1\u5733\u7687\u5c97\u5e97)(\u539f\u94f6\u6e56\u7cbe\u54c1\u9152\u5e97)", "order_time": ["2019-01-15 10:28:39"], "total_order": 1, "hotel_value": ["4.0"], "hotel_price": ["212"]}, "662468": {"hotel_name": "\u6df1\u5733\u534e\u5f3a\u5317\u534e\u8054\u5bbe\u9986", "order_time": ["2019-01-15 10:29:18"], "total_order": 1, "hotel_value": ["4.5"], "hotel_price": ["487"]}, "2645046": {"hotel_name": "\u6df1\u5733\u5927\u5b8b\u9152\u5e97", "order_time": ["2019-01-15 10:30:20"], "total_order": 1, "hotel_value": ["4.5"], "hotel_price": ["218"]}, "6655742": {"hotel_name": "\u7ef4\u4e5f\u7eb3\u9152\u5e97(\u6df1\u5733\u89c2\u5149\u8def\u5bcc\u58eb\u5eb7\u5e97)", "order_time": ["2019-01-15 10:30:21"], "total_order": 1, "hotel_value": ["4.9"], "hotel_price": ["219"]}, "17283582": {"hotel_name": "\u6df1\u5733\u9ea6\u8fea\u900a\u56fd\u9645\u9152\u5e97\u516c\u5bd3", "order_time": ["2019-01-15 10:30:26"], "total_order": 1, "hotel_value": ["4.6"], "hotel_price": ["185"]}, "1007488": {"hotel_name": "\u6d3e\u9152\u5e97(\u6df1\u5733\u4e1c\u95e8\u6b65\u884c\u8857\u5e97)", "order_time": ["2019-01-15 10:30:27"], "total_order": 1, "hotel_value": ["4.6"], "hotel_price": ["99"]}, "2198537": {"hotel_name": "\u6df1\u5733\u5723\u6dd8\u6c99\u9152\u5e97(\u6843\u56ed\u5e97)", "order_time": ["2019-01-15 10:30:27"], "total_order": 1, "hotel_value": ["4.6"], "hotel_price": ["756"]}, "428285": {"hotel_name": "\u6df1\u5733\u9996\u822a\u5bb6\u56ed\u9152\u5e97", "order_time": ["2019-01-15 10:30:28"], "total_order": 1, "hotel_value": ["4.3"], "hotel_price": ["135"]}, "5237864": {"hotel_name": "\u6df1\u5733\u4e2d\u5c71\u5feb\u6377\u9152\u5e97", "order_time": ["2019-01-15 10:30:33"], "total_order": 1, "hotel_value": ["3.7"], "hotel_price": ["148"]}, "6786092": {"hotel_name": "\u6df1\u5733\u7f8e\u597d\u65f6\u5149\u9752\u5e74\u65c5\u820d", "order_time": ["2019-01-15 10:31:01"], "total_order": 1, "hotel_value": ["4.9"], "hotel_price": ["56"]}, "7748208": {"hotel_name": "\u7ef4\u4e5f\u7eb3\u9152\u5e97(\u6df1\u5733\u5e73\u5409\u5927\u9053\u5e97)", "order_time": ["2019-01-15 10:32:21"], "total_order": 1, "hotel_value": ["4.9"], "hotel_price": ["189"]}, "3889399": {"hotel_name": "\u6df1\u5733\u7c73\u7f57\u4f2f\u7235\u9152\u5e97", "order_time": ["2019-01-15 10:32:22"], "total_order": 1, "hotel_value": ["4.2"], "hotel_price": ["218"]}, "6672490": {"hotel_name": "\u6df1\u5733\u96c5\u56ed\u9f99\u4e95\u9152\u5e97", "order_time": ["2019-01-15 10:32:22"], "total_order": 1, "hotel_value": ["4.3"], "hotel_price": ["389"]}, "4978548": {"hotel_name": "\u4ed6\u5979\u5546\u52a1\u516c\u5bd3(\u6df1\u5733\u5927\u5b66\u57ce\u5730\u94c1\u7ad9\u5e97)", "order_time": ["2019-01-15 10:32:26"], "total_order": 1, "hotel_value": ["4.1"], "hotel_price": ["151"]}, "6290487": {"hotel_name": "\u591a\u4f26\u591a\u9152\u5e97\uff08\u6df1\u5733\u7530\u8d1d\u5e97\uff09", "order_time": ["2019-01-15 10:32:26"], "total_order": 1, "hotel_value": ["4.6"], "hotel_price": ["273"]}, "22033532": {"hotel_name": "TOWO\u4e0a\u54c1\u9152\u5e97(\u6df1\u5733\u576a\u6d32\u5730\u94c1\u7ad9\u5e97)", "order_time": ["2019-01-15 10:32:26"], "total_order": 1, "hotel_value": ["4.5"], "hotel_price": ["145"]}, "751414": {"hotel_name": "\u6df1\u5733\u65b0\u4e16\u754c\u5bbe\u9986", "order_time": ["2019-01-15 10:32:27"], "total_order": 1, "hotel_value": ["4.4"], "hotel_price": ["198"]}, "8345093": {"hotel_name": "\u6df1\u5733\u6995\u9152\u5e97", "order_time": ["2019-01-15 10:32:28"], "total_order": 1, "hotel_value": ["4.6"], "hotel_price": ["289"]}, "930507": {"hotel_name": "\u6df1\u5733\u9526\u4e30\u5546\u52a1\u5bbe\u9986", "order_time": ["2019-01-15 10:32:30"], "total_order": 1, "hotel_value": ["4.3"], "hotel_price": ["121"]}, "4826608": {"hotel_name": "\u6df1\u5733\u7eb3\u5c14\u65af\u5546\u52a1\u9152\u5e97", "order_time": ["2019-01-15 10:32:31"], "total_order": 1, "hotel_value": ["4.5"], "hotel_price": ["164"]}, "1352109": {"hotel_name": "\u6e56\u57ce\u7cbe\u54c1\u9152\u5e97(\u6df1\u5733\u897f\u4e3d\u5730\u94c1\u7ad9\u52a8\u7269\u56ed\u5e97)(\u539f\u6e56\u57ce\u5feb\u6377\u9152\u5e97)", "order_time": ["2019-01-15 10:32:36"], "total_order": 1, "hotel_value": ["4.2"], "hotel_price": ["103"]}, "1603178": {"hotel_name": "7\u5929\u8fde\u9501\u9152\u5e97(\u6df1\u5733\u5317\u7ad9\u5e97)", "order_time": ["2019-01-15 10:34:23"], "total_order": 1, "hotel_value": ["4.7"], "hotel_price": ["199"]}, "1195366": {"hotel_name": "7\u5929\u8fde\u9501\u9152\u5e97(\u6df1\u5733\u6587\u9526\u6e21\u53e3\u5cb8\u9ec4\u8d1d\u5cad\u5730\u94c1\u7ad9\u5e97)", "order_time": ["2019-01-15 10:34:28"], "total_order": 1, "hotel_value": ["4.4"], "hotel_price": ["149"]}, "11403088": {"hotel_name": "\u7ef4\u4e5f\u7eb3\u9152\u5e97(\u6df1\u5733\u674e\u6717\u4e07\u56fd\u57ce\u5e97)", "order_time": ["2019-01-15 10:34:31"], "total_order": 1, "hotel_value": ["4.9"], "hotel_price": ["273"]}, "5792156": {"hotel_name": "\u6df1\u5733\u661f\u6cb3\u65f6\u4ee3\u516c\u5bd3(\u539f\u94f6\u6cb3\u65f6\u4ee3\u516c\u5bd3)", "order_time": ["2019-01-15 10:36:20"], "total_order": 1, "hotel_value": ["4.3"], "hotel_price": ["278"]}, "468930": {"hotel_name": "\u6c49\u5ead\u9152\u5e97(\u6df1\u5733\u534e\u5f3a\u4e2d\u5fc3\u516c\u56ed\u5e97)", "order_time": ["2019-01-15 10:36:20"], "total_order": 1, "hotel_value": ["4.2"], "hotel_price": ["284"]}, "432774": {"hotel_name": "\u6df1\u5733\u9690\u79c0\u5c71\u5c45\u9152\u5e97", "order_time": ["2019-01-15 10:36:22"], "total_order": 1, "hotel_value": ["4.8"], "hotel_price": ["1030"]}, "2881593": {"hotel_name": "\u9526\u6c5f\u4e4b\u661f\u54c1\u5c1a(\u6df1\u5733\u7687\u5c97\u53e3\u5cb8\u7687\u57ce\u5e7f\u573a\u5e97)", "order_time": ["2019-01-15 10:42:19", "2019-01-15 10:36:22"], "total_order": 2, "hotel_value": ["4.4", "4.4"], "hotel_price": ["289", "289"]}, "1459255": {"hotel_name": "\u7f8e\u8fea\u9152\u5e97(\u6df1\u5733\u534e\u4e3a\u5742\u7530\u57fa\u5730\u5e97)", "order_time": ["2019-01-15 10:36:24"], "total_order": 1, "hotel_value": ["4.7"], "hotel_price": ["248"]}, "371252": {"hotel_name": "\u8c6a\u6d3e\u7279\u534e\u7f8e\u8fbe\u5e7f\u573a\u9152\u5e97(\u6df1\u5733\u5317\u7ad9\u5e97)", "order_time": ["2019-01-15 10:36:27", "2019-01-15 10:46:20"], "total_order": 2, "hotel_value": ["4.5", "4.5"], "hotel_price": ["896", "477"]}, "1597982": {"hotel_name": "\u6df1\u5733\u4f9d\u5170\u65f6\u5c1a\u7cbe\u54c1\u9152\u5e97(\u539f\u6df1\u5733\u4f9d\u5170\u9152\u5e97)", "order_time": ["2019-01-15 10:36:30"], "total_order": 1, "hotel_value": ["4.3"], "hotel_price": ["258"]}, "13802180": {"hotel_name": "\u9e97\u67ab\u9152\u5e97(\u6df1\u5733\u5317\u7ad9\u9f99\u534e\u58f9\u57ce\u4e2d\u5fc3\u5e97)", "order_time": ["2019-01-15 10:42:25", "2019-01-15 10:36:30"], "total_order": 2, "hotel_value": ["4.8", "4.8"], "hotel_price": ["348", "348"]}, "1232569": {"hotel_name": "\u6df1\u5733\u65b9\u9f0e\u7cbe\u54c1\u5546\u52a1\u9152\u5e97", "order_time": ["2019-01-15 10:36:31"], "total_order": 1, "hotel_value": ["4.4"], "hotel_price": ["358"]}, "533354": {"hotel_name": "\u6df1\u5733\u5e1d\u7530\u9152\u5e97", "order_time": ["2019-01-15 10:36:32"], "total_order": 1, "hotel_value": ["4.1"], "hotel_price": ["226"]}, "2531734": {"hotel_name": "\u543e\u9047\u7cbe\u54c1\u9152\u5e97(\u6df1\u5733\u5317\u7ad9\u58f9\u57ce\u4e2d\u5fc3\u5e97)", "order_time": ["2019-01-15 10:38:24"], "total_order": 1, "hotel_value": ["4.7"], "hotel_price": ["179"]}, "8885846": {"hotel_name": "\u6df1\u5733\u5353\u500d\u9152\u5e97\u6c83\u5c14\u739b\u86c7\u53e3\u5e97", "order_time": ["2019-01-15 10:38:28"], "total_order": 1, "hotel_value": ["4.4"], "hotel_price": ["199"]}, "15342841": {"hotel_name": "\u6df1\u6e2f\u884c\u653f\u516c\u5bd3(\u6df1\u5733\u9f99\u534e\u5e97)", "order_time": ["2019-01-15 10:38:29"], "total_order": 1, "hotel_value": ["4.7"], "hotel_price": ["245"]}, "994308": {"hotel_name": "\u5982\u5bb6\u5feb\u6377\u9152\u5e97(\u6df1\u5733\u5b9d\u5b89\u673a\u573a\u5e97)", "order_time": ["2019-01-15 10:38:30"], "total_order": 1, "hotel_value": ["4.1"], "hotel_price": ["155"]}, "1524605": {"hotel_name": "\u6df1\u5733\u6d77\u5929\u5bbe\u9986", "order_time": ["2019-01-15 10:38:37"], "total_order": 1, "hotel_value": ["4.1"], "hotel_price": ["275"]}, "5383657": {"hotel_name": "\u6df1\u5733\u57ce\u4e1c\u5bbe\u9986", "order_time": ["2019-01-15 10:38:41"], "total_order": 1, "hotel_value": ["3.9"], "hotel_price": ["228"]}, "5781890": {"hotel_name": "\u6df1\u5733\u5357\u6d77\u53f0\u5546\u52a1\u9152\u5e97", "order_time": ["2019-01-15 10:38:48"], "total_order": 1, "hotel_value": ["4.5"], "hotel_price": ["173"]}, "1207395": {"hotel_name": "\u745e\u5ef7\u7cbe\u54c1\u9152\u5e97(\u6df1\u5733\u6e2f\u9686\u57ce\u5e97)(\u539f\u6d82\u9e26\u5496\u5561\u9152\u5e97)", "order_time": ["2019-01-15 10:40:22"], "total_order": 1, "hotel_value": ["4.7"], "hotel_price": ["158"]}, "898136": {"hotel_name": "\u6df1\u5733\u592a\u9633\u5c9b\u5047\u65e5\u9152\u5e97", "order_time": ["2019-01-15 10:40:22"], "total_order": 1, "hotel_value": ["4.4"], "hotel_price": ["218"]}, "3798262": {"hotel_name": "\u6df1\u5733\u516c\u660e\u51ef\u96f7\u65af\u987f\u9152\u5e97", "order_time": ["2019-01-15 10:40:22"], "total_order": 1, "hotel_value": ["4.6"], "hotel_price": ["329"]}, "1600007": {"hotel_name": "\u51e4\u51f0\u5370\u8c61\u516c\u5bd3(\u6df1\u5733\u51e4\u51f0\u8def\u5e97)", "order_time": ["2019-01-15 10:40:23"], "total_order": 1, "hotel_value": ["4.6"], "hotel_price": ["278"]}, "7493664": {"hotel_name": "\u6df1\u5733D House\u56fd\u9645\u670d\u52a1\u516c\u5bd3", "order_time": ["2019-01-15 10:40:23"], "total_order": 1, "hotel_value": ["4.5"], "hotel_price": ["465"]}, "979339": {"hotel_name": "\u7ef4\u4e5f\u7eb3\u9152\u5e97(\u6df1\u5733\u6a2a\u5c97\u65b0\u57ce\u5e97)", "order_time": ["2019-01-15 10:40:24"], "total_order": 1, "hotel_value": ["4.8"], "hotel_price": ["240"]}, "4399277": {"hotel_name": "\u7ef4\u4e5f\u7eb33\u597d\u9152\u5e97(\u6df1\u5733\u5927\u6d6a\u5546\u4e1a\u4e2d\u5fc3\u5e97)", "order_time": ["2019-01-15 10:40:27"], "total_order": 1, "hotel_value": ["4.9"], "hotel_price": ["310"]}, "1596912": {"hotel_name": "7\u5929\u8fde\u9501\u9152\u5e97(\u6df1\u5733\u6b65\u884c\u8857\u8001\u8857\u5730\u94c1\u7ad9\u4e8c\u5e97)", "order_time": ["2019-01-15 10:40:28"], "total_order": 1, "hotel_value": ["4.1"], "hotel_price": ["178"]}, "2647688": {"hotel_name": "99\u65c5\u9986(\u6df1\u5733\u5742\u7530\u8def\u53e3\u5e97)", "order_time": ["2019-01-15 10:40:31"], "total_order": 1, "hotel_value": ["4.5"], "hotel_price": ["89"]}, "1285007": {"hotel_name": "\u6df1\u573399\u65c5\u9986\u8fde\u9501(\u677e\u5c97\u65b0\u7231\u5bb6\u5e97)", "order_time": ["2019-01-15 10:40:39"], "total_order": 1, "hotel_value": ["4.0"], "hotel_price": ["75"]}, "1596225": {"hotel_name": "\u6587\u661f\u8fde\u9501\u9152\u5e97(\u6df1\u5733\u897f\u4e3d\u5e97)(\u539f\u9ad8\u804c\u9662\u5e97)", "order_time": ["2019-01-15 10:42:22"], "total_order": 1, "hotel_value": ["4.4"], "hotel_price": ["174"]}, "5248234": {"hotel_name": "\u6df1\u5733\u8d64\u58c1\u7cbe\u54c1\u9152\u5e97\u666f\u7530\u5730\u94c1\u7ad9\u5e97", "order_time": ["2019-01-15 10:42:22"], "total_order": 1, "hotel_value": ["3.9"], "hotel_price": ["188"]}, "1386202": {"hotel_name": "\u987a\u9038\u4e1c\u65b9\u9152\u5e97(\u6df1\u5733\u5927\u8fd0\u5730\u94c1\u7ad9\u5e97)(\u539f\u5927\u8fd0\u5e97)", "order_time": ["2019-01-15 10:42:22"], "total_order": 1, "hotel_value": ["4.5"], "hotel_price": ["198"]}, "6037590": {"hotel_name": "\u6df1\u5733\u53d1\u5c55\u4e2d\u5fc3\u9152\u5e97", "order_time": ["2019-01-15 10:42:25"], "total_order": 1, "hotel_value": ["4.5"], "hotel_price": ["638"]}, "6299659": {"hotel_name": "\u5357\u56fd\u8fde\u9501\u9152\u5e97(\u6df1\u5733\u706b\u8f66\u7ad9\u5e97)", "order_time": ["2019-01-15 10:42:28"], "total_order": 1, "hotel_value": ["4.5"], "hotel_price": ["188"]}, "23946420": {"hotel_name": "\u6df1\u5733\u84dd\u56fe\u82b1\u56ed\u9152\u5e97", "order_time": ["2019-01-15 10:42:28"], "total_order": 1, "hotel_value": ["4.7"], "hotel_price": ["205"]}, "4656380": {"hotel_name": "\u7ef4\u4e5f\u7eb3\u9152\u5e97(\u6df1\u5733\u9f99\u73e0\u5e97)", "order_time": ["2019-01-15 10:42:29"], "total_order": 1, "hotel_value": ["4.8"], "hotel_price": ["436"]}, "5074677": {"hotel_name": "\u6df1\u5733\u597d\u6765\u5c45\u5bbe\u9986", "order_time": ["2019-01-15 10:42:31"], "total_order": 1, "hotel_value": ["3.8"], "hotel_price": ["88"]}, "1119403": {"hotel_name": "\u6df1\u5733\u60a0\u7136\u5c45\u9152\u5e97(\u4f1a\u5c55\u4e2d\u5fc3\u5e97)", "order_time": ["2019-01-15 10:42:31"], "total_order": 1, "hotel_value": ["4.6"], "hotel_price": ["278"]}, "4825981": {"hotel_name": "\u7ef4\u4e5f\u7eb3\u9152\u5e97(\u6df1\u5733\u9f99\u534e\u6e05\u6e56\u8def\u5e97)", "order_time": ["2019-01-15 10:42:31"], "total_order": 1, "hotel_value": ["4.5"], "hotel_price": ["296"]}, "1600093": {"hotel_name": "\u5982\u5bb6\u5feb\u6377\u9152\u5e97(\u6df1\u5733\u897f\u4e3d\u5730\u94c1\u7ad9\u5e97)", "order_time": ["2019-01-15 10:42:31"], "total_order": 1, "hotel_value": ["4.2"], "hotel_price": ["184"]}, "8600493": {"hotel_name": "\u6df1\u5733\u5c0a\u4eab\u9886\u822a\u9152\u5e97", "order_time": ["2019-01-15 10:42:32"], "total_order": 1, "hotel_value": ["4.5"], "hotel_price": ["133"]}, "2226922": {"hotel_name": "\u6df1\u5733\u661f\u7a7a\u592a\u7a7a\u8231\u9152\u5e97", "order_time": ["2019-01-15 10:42:34"], "total_order": 1, "hotel_value": ["4.4"], "hotel_price": ["68"]}, "879022": {"hotel_name": "\u6df1\u5733\u51ef\u4fe1\u5feb\u6377\u9152\u5e97", "order_time": ["2019-01-15 10:42:34"], "total_order": 1, "hotel_value": ["4.5"], "hotel_price": ["138"]}, "434189": {"hotel_name": "\u6df1\u5733\u738b\u5b50\u5ba2\u6808", "order_time": ["2019-01-15 10:42:35"], "total_order": 1, "hotel_value": ["3.1"], "hotel_price": ["208"]}, "1598733": {"hotel_name": "\u5feb8\u8fde\u9501\u9152\u5e97(\u6df1\u5733\u677e\u5c97\u7acb\u4e1a\u5e97)", "order_time": ["2019-01-15 10:42:38"], "total_order": 1, "hotel_value": ["4.6"], "hotel_price": ["103"]}, "1102832": {"hotel_name": "\u6df1\u5733\u661f\u5ea7\u65f6\u5c1a\u9152\u5e97(\u9f99\u80dc\u5730\u94c1\u7ad9\u5e97)", "order_time": ["2019-01-15 10:42:39"], "total_order": 1, "hotel_value": ["3.9"], "hotel_price": ["148"]}, "2545789": {"hotel_name": "\u6df1\u5733\u5927\u9e4f\u4e1c\u90e8\u9633\u5149\u9152\u5e97", "order_time": ["2019-01-15 10:42:39"], "total_order": 1, "hotel_value": ["4.2"], "hotel_price": ["143"]}, "1598521": {"hotel_name": "\u6df1\u5733\u4f1f\u4f73\u6d6a\u6f2b\u4e3b\u9898\u9152\u5e97", "order_time": ["2019-01-15 10:42:42"], "total_order": 1, "hotel_value": ["3.5"], "hotel_price": ["129"]}, "1245363": {"hotel_name": "\u6df1\u5733\u9526\u4f73\u5bbe\u9986", "order_time": ["2019-01-15 10:42:47"], "total_order": 1, "hotel_value": ["3.8"], "hotel_price": ["98"]}, "998024": {"hotel_name": "\u7ca4\u6d77\u4e4b\u661f(\u6df1\u5733\u4e1c\u6e56\u5e97)", "order_time": ["2019-01-15 10:42:47"], "total_order": 1, "hotel_value": ["4.2"], "hotel_price": ["246"]}, "1851470": {"hotel_name": "\u6df1\u5733\u7559\u58f0\u5c81\u6708\u5ba2\u6808", "order_time": ["2019-01-15 10:42:47"], "total_order": 1, "hotel_value": ["4.9"], "hotel_price": ["144"]}, "23224182": {"hotel_name": "\u6df1\u5733\u68a6\u6816\u56fd\u9645\u9752\u5e74\u65c5\u820d", "order_time": ["2019-01-15 10:42:50"], "total_order": 1, "hotel_value": ["4.9"], "hotel_price": ["48"]}, "1055754": {"hotel_name": "\u6df1\u5733\u5b9d\u660c\u5bcc\u5bbe\u9986", "order_time": ["2019-01-15 10:42:53"], "total_order": 1, "hotel_value": ["3.7"], "hotel_price": ["128"]}, "1546618": {"hotel_name": "\u6df1\u5733\u745e\u90fd\u9152\u5e97", "order_time": ["2019-01-15 10:43:12"], "total_order": 1, "hotel_value": ["4.1"], "hotel_price": ["106"]}, "5207308": {"hotel_name": "\u8681\u5de2\u9152\u5e97\u516c\u5bd3(\u6df1\u5733\u79d1\u6280\u56ed\u5e97)", "order_time": ["2019-01-15 10:43:12"], "total_order": 1, "hotel_value": ["4.2"], "hotel_price": ["311"]}, "16070915": {"hotel_name": "\u6df1\u5733M HOTEL\u6728\u96c5\u9152\u5e97", "order_time": ["2019-01-15 10:43:14"], "total_order": 1, "hotel_value": ["4.6"], "hotel_price": ["631"]}, "25056622": {"hotel_name": "\u6df1\u5733\u987a\u98ce\u9152\u5e97\u516c\u5bd3", "order_time": ["2019-01-15 10:44:31"], "total_order": 1, "hotel_value": ["4.7"], "hotel_price": ["654"]}, "5846714": {"hotel_name": "\u6df1\u5733\u5c1a\u5ba2\u4f18\u8fde\u9501\u9152\u5e97\u4e16\u754c\u4e4b\u7a97\u5e97", "order_time": ["2019-01-15 10:44:31"], "total_order": 1, "hotel_value": ["3.7"], "hotel_price": ["256"]}, "1118252": {"hotel_name": "\u6df1\u5733\u5fb7\u6797\u9152\u5e97", "order_time": ["2019-01-15 10:44:33"], "total_order": 1, "hotel_value": ["4.6"], "hotel_price": ["232"]}, "3735235": {"hotel_name": "\u6df1\u5733\u5927\u60a6\u57ce\u5546\u52a1\u9152\u5e97", "order_time": ["2019-01-15 10:44:40"], "total_order": 1, "hotel_value": ["4.4"], "hotel_price": ["133"]}, "5916430": {"hotel_name": "\u7cbe\u9014\u9152\u5e97(\u6df1\u5733\u798f\u6c38\u548c\u6c99\u8def\u5e97)", "order_time": ["2019-01-15 10:44:40"], "total_order": 1, "hotel_value": ["4.5"], "hotel_price": ["160"]}, "1318184": {"hotel_name": "\u6df1\u5733\u516d\u8054\u9152\u5e97", "order_time": ["2019-01-15 10:44:42"], "total_order": 1, "hotel_value": ["4.2"], "hotel_price": ["288"]}, "771944": {"hotel_name": "\u5c1a\u5ba2\u4f18\u5feb\u6377\u9152\u5e97(\u6df1\u5733\u6865\u5934\u5c0f\u5b66\u5e97)", "order_time": ["2019-01-15 10:44:43"], "total_order": 1, "hotel_value": ["4.2"], "hotel_price": ["104"]}, "5944858": {"hotel_name": "\u6df1\u5733\u81f4\u9752\u6625\u9752\u5e74\u65c5\u820d", "order_time": ["2019-01-15 10:44:43"], "total_order": 1, "hotel_value": ["4.1"], "hotel_price": ["39"]}, "6063847": {"hotel_name": "\u8bda\u54c1\u9152\u5e97\u516c\u5bd3(\u6df1\u5733\u79d1\u6280\u56ed\u5e97)", "order_time": ["2019-01-15 10:44:44"], "total_order": 1, "hotel_value": ["4.4"], "hotel_price": ["357"]}, "1598484": {"hotel_name": "7\u5929\u8fde\u9501\u9152\u5e97(\u6df1\u5733\u534e\u5f3a\u5317\u5730\u94c1\u7ad9\u5e97)", "order_time": ["2019-01-15 10:48:26"], "total_order": 1, "hotel_value": ["4.2"], "hotel_price": ["243"]}, "1603293": {"hotel_name": "\u6c49\u5ead\u9152\u5e97(\u6df1\u5733\u6d77\u96c5\u7f24\u7eb7\u57ce\u5e97)", "order_time": ["2019-01-15 10:48:29"], "total_order": 1, "hotel_value": ["4.4"], "hotel_price": ["341"]}, "638421": {"hotel_name": "\u7ef4\u4e5f\u7eb3\u56fd\u9645\u9152\u5e97(\u6df1\u5733\u5927\u5267\u9662\u5e97)", "order_time": ["2019-01-15 10:48:35"], "total_order": 1, "hotel_value": ["4.7"], "hotel_price": ["456"]}, "452593": {"hotel_name": "\u6607\u60a6\u9152\u5e97(\u6df1\u5733\u5357\u65b0\u8def\u5e97)", "order_time": ["2019-01-15 10:50:17"], "total_order": 1, "hotel_value": ["4.3"], "hotel_price": ["306"]}, "6113617": {"hotel_name": "\u6df1\u5733\u8c6a\u6c47\u7530\u56ed\u9152\u5e97", "order_time": ["2019-01-15 10:51:13"], "total_order": 1, "hotel_value": ["4.2"], "hotel_price": ["138"]}}}