{"\u5f00\u59cb\u8bb0\u5f55\u65f6\u95f4": "2019-01-17 09:39:10", "\u7ed3\u675f\u8bb0\u5f55\u65f6\u95f4": "2019-01-17 10:39:10", "\u8ba2\u5355\u603b\u589e\u91cf": 540, "item": {"652002": {"hotel_name": "\u6df1\u5733\u9e3f\u9686\u660e\u534e\u8f6e\u9152\u5e97", "order_time": ["2019-01-17 09:41:44", "2019-01-17 09:47:48"], "total_order": 2, "hotel_value": ["4.5", "4.5"], "hotel_price": ["778", "778"]}, "854773": {"hotel_name": "\u5982\u5bb6\u5feb\u6377\u9152\u5e97(\u6df1\u5733\u4e1c\u95e8\u6b65\u884c\u8857\u6652\u5e03\u5730\u94c1\u7ad9\u5e97)", "order_time": ["2019-01-17 09:41:46"], "total_order": 1, "hotel_value": ["4.6"], "hotel_price": ["208"]}, "7016899": {"hotel_name": "\u7ef4\u5ba2\u5feb\u6377\u9152\u5e97(\u6df1\u5733\u673a\u573a\u540e\u745e\u5730\u94c1\u7ad9\u5e97)", "order_time": ["2019-01-17 09:41:46", "2019-01-17 10:19:47"], "total_order": 2, "hotel_value": ["4.4", "4.4"], "hotel_price": ["133", "133"]}, "456141": {"hotel_name": "\u6df1\u5733\u767e\u5408\u9152\u5e97", "order_time": ["2019-01-17 09:41:49"], "total_order": 1, "hotel_value": ["4.4"], "hotel_price": ["493"]}, "6610947": {"hotel_name": "\u6df1\u5733\u73ba\u60a6\u9152\u5e97", "order_time": ["2019-01-17 09:41:49"], "total_order": 1, "hotel_value": ["4.4"], "hotel_price": ["88"]}, "374627": {"hotel_name": "\u6df1\u5733\u5bcc\u4e34\u5927\u9152\u5e97", "order_time": ["2019-01-17 09:41:49"], "total_order": 1, "hotel_value": ["4.5"], "hotel_price": ["406"]}, "1195066": {"hotel_name": "\u6df1\u5733\u5e73\u5b89\u56fd\u9645\u9152\u5e97", "order_time": ["2019-01-17 09:41:49"], "total_order": 1, "hotel_value": ["4.6"], "hotel_price": ["1168"]}, "1976955": {"hotel_name": "\u591a\u4f26\u591a\u9152\u5e97(\u6df1\u5733\u79d1\u6280\u56ed\u5e97)(\u539f\u6ce2\u5c14\u66fc\u7cbe\u54c1\u9152\u5e97)", "order_time": ["2019-01-17 09:41:50"], "total_order": 1, "hotel_value": ["4.0"], "hotel_price": ["209"]}, "643476": {"hotel_name": "\u547c\u565c\u6808\u9152\u5e97(\u6df1\u5733\u9999\u871c\u6e56\u5e97)", "order_time": ["2019-01-17 09:41:51", "2019-01-17 10:01:57"], "total_order": 2, "hotel_value": ["4.5", "4.5"], "hotel_price": ["379", "379"]}, "1433302": {"hotel_name": "\u79a7\u7a0b\u9152\u5e97(\u6df1\u5733\u5357\u5c71\u540e\u6d77\u5e97)", "order_time": ["2019-01-17 09:41:51", "2019-01-17 09:51:49", "2019-01-17 10:11:39"], "total_order": 3, "hotel_value": ["4.4", "4.4", "4.4"], "hotel_price": ["306", "306", "306"]}, "1596449": {"hotel_name": "\u946b\u8302\u82b1\u56ed\u9152\u5e97(\u6df1\u5733\u5317\u7ad9\u5e97)", "order_time": ["2019-01-17 09:41:51", "2019-01-17 10:05:39", "2019-01-17 09:53:45"], "total_order": 3, "hotel_value": ["4.5", "4.5", "4.5"], "hotel_price": ["358", "358", "358"]}, "1603233": {"hotel_name": "\u6df1\u5733\u56fd\u5bbe\u5546\u52a1\u9152\u5e97", "order_time": ["2019-01-17 09:41:51"], "total_order": 1, "hotel_value": ["4.4"], "hotel_price": ["209"]}, "474461": {"hotel_name": "\u6df1\u5733\u673a\u573a\u5927\u9152\u5e97", "order_time": ["2019-01-17 09:41:52"], "total_order": 1, "hotel_value": ["4.3"], "hotel_price": ["227"]}, "2944446": {"hotel_name": "\u6df1\u5733\u576a\u5c71\u8fce\u5bbe\u9986", "order_time": ["2019-01-17 09:41:52", "2019-01-17 10:25:38", "2019-01-17 10:23:37"], "total_order": 3, "hotel_value": ["4.6", "4.6", "4.6"], "hotel_price": ["339", "339", "339"]}, "6473566": {"hotel_name": "\u4e2d\u6fe0\u7cbe\u81f4\u9152\u5e97(\u897f\u4e61\u5927\u9053\u5e97)", "order_time": ["2019-01-17 09:41:52"], "total_order": 1, "hotel_value": ["4.8"], "hotel_price": ["449"]}, "875425": {"hotel_name": "\u9526\u6c5f\u4e4b\u661f(\u6df1\u5733\u798f\u6c11\u5730\u94c1\u7ad9\u5e97)", "order_time": ["2019-01-17 09:41:53"], "total_order": 1, "hotel_value": ["4.5"], "hotel_price": ["306"]}, "3725392": {"hotel_name": "\u7ef4\u4e5f\u7eb3\u56fd\u9645\u9152\u5e97(\u6df1\u5733\u524d\u6d77\u5e97)", "order_time": ["2019-01-17 10:33:41", "2019-01-17 09:41:54"], "total_order": 2, "hotel_value": ["4.8", "4.8"], "hotel_price": ["359", "376"]}, "468930": {"hotel_name": "\u6c49\u5ead\u9152\u5e97(\u6df1\u5733\u534e\u5f3a\u4e2d\u5fc3\u516c\u56ed\u5e97)", "order_time": ["2019-01-17 09:41:58"], "total_order": 1, "hotel_value": ["4.2"], "hotel_price": ["322"]}, "1285020": {"hotel_name": "\u6df1\u5733\u67e0\u6aac\u9152\u5e97", "order_time": ["2019-01-17 09:41:59"], "total_order": 1, "hotel_value": ["4.4"], "hotel_price": ["198"]}, "1016845": {"hotel_name": "\u9510\u601d\u7279\u00b7\u9038\u81f4\u9152\u5e97(\u6df1\u5733\u4e1c\u7ad9\u5e03\u5409\u5e97)", "order_time": ["2019-01-17 09:41:59"], "total_order": 1, "hotel_value": ["4.7"], "hotel_price": ["132"]}, "6024178": {"hotel_name": "\u7ef4\u4e5f\u7eb33\u597d\u9152\u5e97(\u6df1\u5733\u5e73\u6e56\u5bcc\u6c11\u8def\u5e97)", "order_time": ["2019-01-17 09:42:01"], "total_order": 1, "hotel_value": ["4.6"], "hotel_price": ["219"]}, "448324": {"hotel_name": "\u987a\u9038\u4e1c\u65b9\u9152\u5e97(\u6df1\u5733\u9f99\u534e\u5927\u6d6a\u5e97)", "order_time": ["2019-01-17 09:42:02"], "total_order": 1, "hotel_value": ["4.7"], "hotel_price": ["208"]}, "6534613": {"hotel_name": "7\u5929\u4f18\u54c1\u9152\u5e97(\u6df1\u5733\u5927\u6d6a\u5546\u4e1a\u4e2d\u5fc3\u5e97)", "order_time": ["2019-01-17 09:42:03"], "total_order": 1, "hotel_value": ["4.5"], "hotel_price": ["179"]}, "967920": {"hotel_name": "\u6c49\u5ead\u9152\u5e97(\u6df1\u5733\u5b9d\u5b89\u673a\u573a\u822a\u7ad9\u697c\u5e97)", "order_time": ["2019-01-17 10:33:40", "2019-01-17 09:43:43", "2019-01-17 10:09:44"], "total_order": 3, "hotel_value": ["4.2", "4.2", "4.2"], "hotel_price": ["166", "166", "166"]}, "1526657": {"hotel_name": "\u6df1\u5733\u90fd\u6c47\u7cbe\u54c1\u9152\u5e97", "order_time": ["2019-01-17 09:43:44"], "total_order": 1, "hotel_value": ["4.2"], "hotel_price": ["248"]}, "24352160": {"hotel_name": "\u5170\u5179\u9152\u5e97(\u6df1\u5733\u5927\u5b66\u57ce\u5e97)", "order_time": ["2019-01-17 09:43:46"], "total_order": 1, "hotel_value": ["4.5"], "hotel_price": ["288"]}, "2388076": {"hotel_name": "\u5e0c\u51ef\u9152\u5e97(\u6df1\u5733\u5317\u7ad9\u5e97)(\u539f\u5229\u534e\u4ed5\u9152\u5e97)", "order_time": ["2019-01-17 10:23:43", "2019-01-17 09:43:46"], "total_order": 2, "hotel_value": ["4.7", "4.7"], "hotel_price": ["316", "316"]}, "2696180": {"hotel_name": "\u6df1\u5733\u65b0\u5de2\u5546\u52a1\u9152\u5e97", "order_time": ["2019-01-17 09:43:47"], "total_order": 1, "hotel_value": ["4.2"], "hotel_price": ["238"]}, "12543343": {"hotel_name": "\u6df1\u5733\u8d1d\u4e3d1\u53f7\u9152\u5e97", "order_time": ["2019-01-17 09:43:51"], "total_order": 1, "hotel_value": ["4.5"], "hotel_price": ["269"]}, "1252563": {"hotel_name": "\u7ef4\u4e5f\u7eb3\u9152\u5e97(\u6df1\u5733\u516b\u5366\u8def\u5e97)", "order_time": ["2019-01-17 09:45:59", "2019-01-17 09:43:52"], "total_order": 2, "hotel_value": ["4.8", "4.8"], "hotel_price": ["279", "279"]}, "603195": {"hotel_name": "\u6df1\u5733\u6cb3\u4e1c\u5bbe\u9986", "order_time": ["2019-01-17 09:43:52"], "total_order": 1, "hotel_value": ["4.2"], "hotel_price": ["220"]}, "9628082": {"hotel_name": "\u57ce\u5bb6\u7cbe\u9009\u516c\u5bd3\uff08\u6df1\u5733\u6d77\u5cb8\u57ce\u5e97\uff09\uff08\u539f\u6df1\u5733\u57ce\u5bb6\u6c11\u5c45\u6d77\u5cb8\u57ce\u5e97\uff09", "order_time": ["2019-01-17 09:43:53"], "total_order": 1, "hotel_value": ["4.3"], "hotel_price": ["332"]}, "6797581": {"hotel_name": "\u9e97\u67ab\u9152\u5e97(\u6df1\u5733\u77f3\u5ca9\u6c7d\u8f66\u7ad9\u5e97)", "order_time": ["2019-01-17 09:43:53"], "total_order": 1, "hotel_value": ["4.8"], "hotel_price": ["306"]}, "467527": {"hotel_name": "\u57ce\u5e02\u5ba2\u6808(\u6df1\u5733\u6b22\u4e50\u8c37\u5e97)", "order_time": ["2019-01-17 09:43:54"], "total_order": 1, "hotel_value": ["4.1"], "hotel_price": ["299"]}, "6315222": {"hotel_name": "\u591a\u4f26\u591a\u9152\u5e97(\u6df1\u5733\u540c\u4e50\u5e97)(\u539f\u5b9d\u5229\u534e\u9152\u5e97)", "order_time": ["2019-01-17 10:27:58", "2019-01-17 09:43:54"], "total_order": 2, "hotel_value": ["4.3", "4.3"], "hotel_price": ["238", "238"]}, "1195366": {"hotel_name": "7\u5929\u8fde\u9501\u9152\u5e97(\u6df1\u5733\u6587\u9526\u6e21\u53e3\u5cb8\u9ec4\u8d1d\u5cad\u5730\u94c1\u7ad9\u5e97)", "order_time": ["2019-01-17 09:43:56"], "total_order": 1, "hotel_value": ["4.4"], "hotel_price": ["149"]}, "689152": {"hotel_name": "\u9526\u6c5f\u4e4b\u661f(\u6df1\u5733\u673a\u573a\u5e97)", "order_time": ["2019-01-17 09:43:56", "2019-01-17 09:59:59", "2019-01-17 10:33:41", "2019-01-17 10:27:45"], "total_order": 4, "hotel_value": ["4.3", "4.3", "4.3", "4.3"], "hotel_price": ["213", "213", "213", "213"]}, "14271618": {"hotel_name": "\u6df1\u5733\u660e\u534eHoliday\u516c\u5bd3", "order_time": ["2019-01-17 09:43:56"], "total_order": 1, "hotel_value": ["4.6"], "hotel_price": ["359"]}, "456122": {"hotel_name": "\u6df1\u5733\u6d77\u71d5\u5927\u9152\u5e97", "order_time": ["2019-01-17 10:01:47", "2019-01-17 09:43:57"], "total_order": 2, "hotel_value": ["4.3", "4.3"], "hotel_price": ["352", "352"]}, "21070978": {"hotel_name": "\u6c49\u5ead\u9152\u5e97(\u6df1\u5733\u5b9d\u5b89\u56fd\u9645\u4f1a\u5c55\u4e2d\u5fc3\u5e97)", "order_time": ["2019-01-17 09:43:59"], "total_order": 1, "hotel_value": ["4.6"], "hotel_price": ["151"]}, "6294142": {"hotel_name": "\u6df1\u5733\u4e2d\u5929\u7f8e\u666f\u5927\u9152\u5e97(\u7f8e\u666f\u697c)", "order_time": ["2019-01-17 09:44:00"], "total_order": 1, "hotel_value": ["4.4"], "hotel_price": ["298"]}, "8443687": {"hotel_name": "\u6df1\u5733\u6fb3\u65af\u7279\u7cbe\u9009\u9152\u5e97", "order_time": ["2019-01-17 09:44:02"], "total_order": 1, "hotel_value": ["4.6"], "hotel_price": ["178"]}, "1206595": {"hotel_name": "\u83ab\u6cf0168(\u6df1\u5733\u4e1c\u95e8\u4e2d\u5fc3\u5e97)", "order_time": ["2019-01-17 09:44:06"], "total_order": 1, "hotel_value": ["4.5"], "hotel_price": ["175"]}, "6298731": {"hotel_name": "\u6df1\u5733\u5c0f\u6885\u6c99\u597d\u5bb6\u4e3b\u9898\u516c\u5bd3\u9152\u5e97", "order_time": ["2019-01-17 09:44:08", "2019-01-17 10:19:48"], "total_order": 2, "hotel_value": ["4.7", "4.7"], "hotel_price": ["108", "108"]}, "513454": {"hotel_name": "\u6df1\u5733\u9526\u57ce\u9152\u5e97", "order_time": ["2019-01-17 09:44:12"], "total_order": 1, "hotel_value": ["4.0"], "hotel_price": ["278"]}, "879041": {"hotel_name": "\u8fce\u541b\u9152\u5e97(\u6df1\u5733\u4e16\u754c\u4e4b\u7a97\u5e97)", "order_time": ["2019-01-17 09:44:16"], "total_order": 1, "hotel_value": ["3.7"], "hotel_price": ["179"]}, "5767417": {"hotel_name": "\u683c\u6797\u8054\u76df\u9152\u5e97(\u6df1\u5733\u798f\u6c38\u6c7d\u8f66\u7ad9\u5e97)", "order_time": ["2019-01-17 09:44:17"], "total_order": 1, "hotel_value": ["4.4"], "hotel_price": ["113"]}, "426172": {"hotel_name": "\u6df1\u5733999\u4e39\u67ab\u767d\u9732\u9152\u5e97", "order_time": ["2019-01-17 09:45:07"], "total_order": 1, "hotel_value": ["4.5"], "hotel_price": ["578"]}, "21785184": {"hotel_name": "\u6df1\u5733\u5742\u7530\u5e0c\u5c14\u987f\u6b22\u670b\u9152\u5e97", "order_time": ["2019-01-17 09:45:07"], "total_order": 1, "hotel_value": ["4.7"], "hotel_price": ["1288"]}, "371239": {"hotel_name": "\u91d1\u8302\u6df1\u5733JW\u4e07\u8c6a\u9152\u5e97", "order_time": ["2019-01-17 09:45:50"], "total_order": 1, "hotel_value": ["4.6"], "hotel_price": ["2099"]}, "3716429": {"hotel_name": "\u6df1\u5733\u4e2d\u6d32\u4e07\u8c6a\u9152\u5e97", "order_time": ["2019-01-17 09:45:50"], "total_order": 1, "hotel_value": ["4.7"], "hotel_price": ["3306"]}, "5153544": {"hotel_name": "\u8fce\u5546\u9152\u5e97(\u6df1\u5733\u7f57\u6e56\u4e1c\u95e8\u5e97)", "order_time": ["2019-01-17 09:45:51"], "total_order": 1, "hotel_value": ["4.6"], "hotel_price": ["232"]}, "5256545": {"hotel_name": "\u51ef\u8bda\u9152\u5e97\u516c\u5bd3(\u6df1\u5733\u79d1\u6280\u56ed\u5e97)", "order_time": ["2019-01-17 09:45:54"], "total_order": 1, "hotel_value": ["4.4"], "hotel_price": ["371"]}, "8589145": {"hotel_name": "\u6df1\u5733\u591a\u4f26\u591a\u9152\u5e97\u9a6c\u5bb6\u9f99\u5e97", "order_time": ["2019-01-17 09:45:54"], "total_order": 1, "hotel_value": ["4.4"], "hotel_price": ["268"]}, "6254615": {"hotel_name": "\u6df1\u573399\u65c5\u9986\u8fde\u9501\u5317\u7ad9\u5e97", "order_time": ["2019-01-17 09:45:55"], "total_order": 1, "hotel_value": ["4.4"], "hotel_price": ["129"]}, "5860925": {"hotel_name": "\u6df1\u5733\u6ee8\u6cb3\u65f6\u4ee3\u4e9a\u6735S\u9152\u5e97", "order_time": ["2019-01-17 09:45:56"], "total_order": 1, "hotel_value": ["4.8"], "hotel_price": ["1259"]}, "23473035": {"hotel_name": "\u6df1\u6e2f\u884c\u653f\u516c\u5bd3(\u6df1\u5733\u5353\u8d8a\u524d\u6d77\u5e97)", "order_time": ["2019-01-17 09:45:56"], "total_order": 1, "hotel_value": ["4.6"], "hotel_price": ["499"]}, "916670": {"hotel_name": "\u7ef4\u4e5f\u7eb3\u56fd\u9645\u9152\u5e97(\u6df1\u5733\u65b0\u6d32\u5e97)", "order_time": ["2019-01-17 09:45:59", "2019-01-17 10:09:44"], "total_order": 2, "hotel_value": ["4.7", "4.7"], "hotel_price": ["409", "409"]}, "479265": {"hotel_name": "\u7ef4\u7eb3\u65af\u56fd\u9645\u9152\u5e97(\u6df1\u5733\u9f99\u5c97\u5409\u76db\u5e97)(\u539f\u5409\u76db\u9152\u5e97)", "order_time": ["2019-01-17 09:46:04"], "total_order": 1, "hotel_value": ["4.7"], "hotel_price": ["229"]}, "5998420": {"hotel_name": "\u8036\u59c6\u5546\u52a1\u516c\u5bd3(\u6df1\u5733ONE39\u4e1c\u95e8\u5e97)(\u539f\u6df1\u6e2f\u5546\u52a1\u516c\u5bd3)", "order_time": ["2019-01-17 09:46:04"], "total_order": 1, "hotel_value": ["4.6"], "hotel_price": ["288"]}, "12135159": {"hotel_name": "\u6df1\u5733\u7687\u5eadV\u56fd\u9645\u516c\u5bd3(\u539f\u7687\u5ead\u793c\u5c1a\u516c\u5bd3)", "order_time": ["2019-01-17 09:46:39"], "total_order": 1, "hotel_value": ["4.7"], "hotel_price": ["1500"]}, "1420095": {"hotel_name": "\u7ef4\u4e5f\u7eb3\u9152\u5e97(\u6df1\u5733\u4f1a\u5c55\u4e2d\u5fc3\u5e97)", "order_time": ["2019-01-17 09:46:47"], "total_order": 1, "hotel_value": ["4.7"], "hotel_price": ["378"]}, "486122": {"hotel_name": "\u6df1\u5733\u767b\u559c\u8def\u9152\u5e97", "order_time": ["2019-01-17 09:47:46", "2019-01-17 10:33:40"], "total_order": 2, "hotel_value": ["4.5", "4.5"], "hotel_price": ["535", "535"]}, "431235": {"hotel_name": "\u6df1\u5733\u4e07\u60a6\u683c\u5170\u4e91\u5929\u5927\u9152\u5e97", "order_time": ["2019-01-17 10:13:47", "2019-01-17 09:47:47"], "total_order": 2, "hotel_value": ["4.6", "4.6"], "hotel_price": ["658", "658"]}, "419433": {"hotel_name": "\u5c71\u6c34\u65f6\u5c1a\u9152\u5e97(\u6df1\u5733\u534e\u5f3a\u5317\u5e97)", "order_time": ["2019-01-17 09:47:47"], "total_order": 1, "hotel_value": ["4.4"], "hotel_price": ["427"]}, "4312660": {"hotel_name": "\u7ef4\u4e5f\u7eb3\u56fd\u9645\u9152\u5e97(\u6df1\u5733\u5149\u4fa8\u8def\u7530\u5bee\u5e97)", "order_time": ["2019-01-17 09:47:48"], "total_order": 1, "hotel_value": ["4.8"], "hotel_price": ["269"]}, "457053": {"hotel_name": "\u6df1\u5733\u8d22\u5bcc\u9152\u5e97", "order_time": ["2019-01-17 09:47:48"], "total_order": 1, "hotel_value": ["4.5"], "hotel_price": ["585"]}, "1065983": {"hotel_name": "\u4e03\u6a59\u9152\u5e97(\u6df1\u5733\u4e1c\u7ad9\u5e03\u5409\u5e97)(\u539f\u987a\u98ce\u5bbe\u9986)", "order_time": ["2019-01-17 09:47:49"], "total_order": 1, "hotel_value": ["4.5"], "hotel_price": ["99"]}, "4399197": {"hotel_name": "\u6df1\u5733\u963f\u91cc\u751f\u6001\u9152\u5e97(\u539f\u7c73\u6b27\u4f2f\u7235\u9152\u5e97\u7530\u8d1d\u5e97)", "order_time": ["2019-01-17 09:47:51", "2019-01-17 09:52:04"], "total_order": 2, "hotel_value": ["4.2", "4.2"], "hotel_price": ["173", "173"]}, "4436903": {"hotel_name": "\u675f\u516b\u9152\u5e97(\u6df1\u5733\u5317\u7ad9\u5e97)", "order_time": ["2019-01-17 09:47:54"], "total_order": 1, "hotel_value": ["4.1"], "hotel_price": ["150"]}, "3028861": {"hotel_name": "\u6df1\u5733\u534e\u9f0e\u76db\u9152\u5e97", "order_time": ["2019-01-17 10:33:47", "2019-01-17 09:47:55"], "total_order": 2, "hotel_value": ["4.5", "4.5"], "hotel_price": ["156", "156"]}, "833567": {"hotel_name": "\u6df1\u5733\u5965\u5a01\u5bbe\u9986", "order_time": ["2019-01-17 09:48:16"], "total_order": 1, "hotel_value": ["3.5"], "hotel_price": ["138"]}, "2962620": {"hotel_name": "\u6df1\u5733\u7f8e\u9014\u8fde\u9501\u9752\u5e74\u65c5\u820d", "order_time": ["2019-01-17 09:48:25"], "total_order": 1, "hotel_value": ["4.5"], "hotel_price": ["50"]}, "3264168": {"hotel_name": "\u739b\u53ef\u9152\u5e97(\u6df1\u5733\u4eac\u57fa100\u5730\u738b\u5927\u53a6\u5e97)(\u539f\u739b\u53ef\u5546\u52a1\u9152\u5e97)", "order_time": ["2019-01-17 09:49:48"], "total_order": 1, "hotel_value": ["4.2"], "hotel_price": ["152"]}, "6817459": {"hotel_name": "\u7ef4\u4e5f\u7eb3\u56fd\u9645\u9152\u5e97(\u6df1\u5733\u673a\u573a\u822a\u57ce\u5e97)", "order_time": ["2019-01-17 09:49:49"], "total_order": 1, "hotel_value": ["4.7"], "hotel_price": ["279"]}, "435824": {"hotel_name": "\u7ef4\u7eb3\u65af\u7687\u5bb6\u9152\u5e97(\u6df1\u5733\u6c99\u4e95\u9e92\u9e9f\u5e97)", "order_time": ["2019-01-17 09:49:49"], "total_order": 1, "hotel_value": ["4.8"], "hotel_price": ["449"]}, "2239012": {"hotel_name": "\u6df1\u5733\u5b8f\u660c\u5546\u52a1\u9152\u5e97", "order_time": ["2019-01-17 09:49:50"], "total_order": 1, "hotel_value": ["4.3"], "hotel_price": ["187"]}, "2699166": {"hotel_name": "\u5929\u548c\u9152\u5e97(\u6df1\u5733\u673a\u573aT3\u822a\u7ad9\u697c\u5e97)", "order_time": ["2019-01-17 10:33:43", "2019-01-17 10:19:38", "2019-01-17 09:49:50", "2019-01-17 10:15:39"], "total_order": 4, "hotel_value": ["4.6", "4.6", "4.6", "4.6"], "hotel_price": ["389", "389", "389", "389"]}, "1598541": {"hotel_name": "\u5982\u5bb6\u5feb\u6377\u9152\u5e97(\u6df1\u5733\u4fa8\u57ce\u4e1c\u5730\u94c1\u7ad9\u5e97)", "order_time": ["2019-01-17 10:05:42", "2019-01-17 09:49:51"], "total_order": 2, "hotel_value": ["4.2", "4.2"], "hotel_price": ["239", "239"]}, "435152": {"hotel_name": "\u6df1\u5733\u4e2d\u822a\u57ce\u683c\u5170\u4e91\u5929\u5927\u9152\u5e97", "order_time": ["2019-01-17 09:49:52"], "total_order": 1, "hotel_value": ["4.7"], "hotel_price": ["1100"]}, "689231": {"hotel_name": "\u6df1\u5733\u5b9d\u5b89\u534e\u76db\u5e0c\u5c14\u987f\u82b1\u56ed\u9152\u5e97", "order_time": ["2019-01-17 09:49:52"], "total_order": 1, "hotel_value": ["4.5"], "hotel_price": ["817"]}, "371250": {"hotel_name": "\u6df1\u5733\u51ef\u5bbe\u65af\u57fa\u9152\u5e97", "order_time": ["2019-01-17 09:49:52"], "total_order": 1, "hotel_value": ["4.6"], "hotel_price": ["2260"]}, "535694": {"hotel_name": "\u6df1\u5733\u534e\u5f3a\u5e7f\u573a\u9152\u5e97", "order_time": ["2019-01-17 09:49:52"], "total_order": 1, "hotel_value": ["4.7"], "hotel_price": ["1188"]}, "374848": {"hotel_name": "\u6df1\u5733\u541b\u60a6\u9152\u5e97", "order_time": ["2019-01-17 09:49:52"], "total_order": 1, "hotel_value": ["4.8"], "hotel_price": ["2401"]}, "426199": {"hotel_name": "\u6df1\u5733\u6df1\u822a\u56fd\u9645\u9152\u5e97", "order_time": ["2019-01-17 09:49:52"], "total_order": 1, "hotel_value": ["4.8"], "hotel_price": ["1356"]}, "1347929": {"hotel_name": "7\u5929\u8fde\u9501\u9152\u5e97(\u6df1\u5733\u9f99\u5c97\u9f99\u57ce\u5e7f\u573a\u5730\u94c1\u7ad9\u5e97)", "order_time": ["2019-01-17 09:49:54"], "total_order": 1, "hotel_value": ["4.4"], "hotel_price": ["128"]}, "24614292": {"hotel_name": "\u6df1\u5733\u4e07\u6fb3\u82b1\u56ed\u9152\u5e97", "order_time": ["2019-01-17 09:49:54"], "total_order": 1, "hotel_value": ["4.8"], "hotel_price": ["169"]}, "1598308": {"hotel_name": "\u591a\u4f26\u591a\u9152\u5e97(\u6df1\u5733\u5e02\u6c11\u4e2d\u5fc3\u5e97)", "order_time": ["2019-01-17 09:49:56"], "total_order": 1, "hotel_value": ["4.3"], "hotel_price": ["318"]}, "474480": {"hotel_name": "\u5361\u7f57\u7cbe\u54c1\u9152\u5e97(\u6df1\u5733\u4e1c\u95e8\u5e97)", "order_time": ["2019-01-17 09:50:00"], "total_order": 1, "hotel_value": ["4.4"], "hotel_price": ["160"]}, "2941968": {"hotel_name": "7\u5929\u8fde\u9501\u9152\u5e97(\u6df1\u5733\u673a\u573a\u540e\u745e\u5730\u94c1\u7ad9\u5e97)", "order_time": ["2019-01-17 09:50:00"], "total_order": 1, "hotel_value": ["4.4"], "hotel_price": ["160"]}, "8565841": {"hotel_name": "\u6df1\u5733\u4e03\u6a59\u9152\u5e97(\u5929\u5b89\u4e91\u8c37\u534e\u4e3a\u57fa\u5730\u5e97)", "order_time": ["2019-01-17 09:50:00"], "total_order": 1, "hotel_value": ["4.4"], "hotel_price": ["113"]}, "2363480": {"hotel_name": "\u6df1\u5733\u5408\u751f\u5229\u7cbe\u54c1\u9152\u5e97", "order_time": ["2019-01-17 09:50:01"], "total_order": 1, "hotel_value": ["4.1"], "hotel_price": ["187"]}, "971709": {"hotel_name": "\u6d77\u53cb\u9152\u5e97(\u6df1\u5733\u666f\u7530\u5730\u94c1\u7ad9\u5e97)(\u539f\u666f\u7530\u5e97)", "order_time": ["2019-01-17 09:50:02"], "total_order": 1, "hotel_value": ["3.8"], "hotel_price": ["189"]}, "1599982": {"hotel_name": "\u5927\u60f3\u9152\u5e97(\u6df1\u5733\u706b\u8f66\u7ad9\u7f57\u6e56\u53e3\u5cb8\u5e97)", "order_time": ["2019-01-17 09:50:08", "2019-01-17 10:29:40"], "total_order": 2, "hotel_value": ["4.3", "4.3"], "hotel_price": ["164", "164"]}, "346480": {"hotel_name": "\u6df1\u5733\u5bcc\u82d1\u7687\u51a0\u5047\u65e5\u5957\u623f\u9152\u5e97", "order_time": ["2019-01-17 10:27:45", "2019-01-17 09:50:08"], "total_order": 2, "hotel_value": ["4.6", "4.6"], "hotel_price": ["1117", "1117"]}, "5007469": {"hotel_name": "\u7ef4\u4e5f\u7eb3\u9152\u5e97(\u6df1\u5733\u5ba2\u5bb6\u5c0f\u9547\u5e97)(\u539f\u5e03\u5409\u7518\u674e\u8def\u5e97)", "order_time": ["2019-01-17 09:50:09"], "total_order": 1, "hotel_value": ["4.8"], "hotel_price": ["266"]}, "6276667": {"hotel_name": "\u6df1\u5733\u6d45\u84dd\u00b7\u60a0\u95f2\u65f6\u5149\u9752\u5e74\u65c5\u820d", "order_time": ["2019-01-17 09:50:12"], "total_order": 1, "hotel_value": ["4.2"], "hotel_price": ["53"]}, "6470822": {"hotel_name": "\u6df1\u5733\u8003\u62c9\u516c\u5bd3", "order_time": ["2019-01-17 09:50:12"], "total_order": 1, "hotel_value": ["4.7"], "hotel_price": ["292"]}, "5973244": {"hotel_name": "\u6df1\u5733\u91d1\u798f\u5bbe\u9986", "order_time": ["2019-01-17 09:50:17"], "total_order": 1, "hotel_value": ["3.7"], "hotel_price": ["78"]}, "4835546": {"hotel_name": "\u6df1\u5733\u6021\u5170\u4e4b\u5bb6\u516c\u5bd3", "order_time": ["2019-01-17 09:50:43"], "total_order": 1, "hotel_value": ["4.1"], "hotel_price": ["298"]}, "457399": {"hotel_name": "\u6df1\u5733\u4e2d\u5357\u6d77\u6021\u9152\u5e97", "order_time": ["2019-01-17 09:50:57"], "total_order": 1, "hotel_value": ["4.3"], "hotel_price": ["889"]}, "1438034": {"hotel_name": "\u7231\u534e\u7cbe\u54c1\u9152\u5e97(\u6df1\u5733\u534e\u5f3a\u5317\u5e97)", "order_time": ["2019-01-17 09:55:50", "2019-01-17 09:51:47"], "total_order": 2, "hotel_value": ["4.5", "4.5"], "hotel_price": ["259", "268"]}, "346477": {"hotel_name": "\u6df1\u5733\u4e2d\u6d32\u5723\u5ef7\u82d1\u9152\u5e97(\u539f\u5723\u5ef7\u82d1\u9152\u5e97)", "order_time": ["2019-01-17 09:51:48", "2019-01-17 10:05:38"], "total_order": 2, "hotel_value": ["4.6", "4.6"], "hotel_price": ["748", "748"]}, "6284220": {"hotel_name": "\u67cf\u69ff\u9152\u5e97(\u6df1\u5733\u4e1c\u95e8\u6e56\u8d1d\u5730\u94c1\u7ad9\u5e97)", "order_time": ["2019-01-17 09:51:49", "2019-01-17 10:01:50"], "total_order": 2, "hotel_value": ["4.8", "4.8"], "hotel_price": ["386", "588"]}, "1319911": {"hotel_name": "\u7ef4\u4e5f\u7eb33\u597d\u9152\u5e97(\u6df1\u5733\u89c2\u6f9c\u9ad8\u5c14\u592b\u5e97)", "order_time": ["2019-01-17 09:51:50"], "total_order": 1, "hotel_value": ["4.8"], "hotel_price": ["159"]}, "2907839": {"hotel_name": "\u6df1\u5733\u5927\u4e2d\u534e\u5e0c\u5c14\u987f\u9152\u5e97", "order_time": ["2019-01-17 09:51:51"], "total_order": 1, "hotel_value": ["4.5"], "hotel_price": ["1678"]}, "482903": {"hotel_name": "\u6df1\u5733\u9e3f\u4e30\u56fd\u9645\u5927\u9152\u5e97(\u5357\u5c71)", "order_time": ["2019-01-17 09:51:51"], "total_order": 1, "hotel_value": ["4.5"], "hotel_price": ["579"]}, "635259": {"hotel_name": "\u6df1\u5733\u7c73\u6b27\u4f2f\u7235\u9152\u5e97", "order_time": ["2019-01-17 09:51:55"], "total_order": 1, "hotel_value": ["4.2"], "hotel_price": ["245"]}, "1070932": {"hotel_name": "\u9038\u7c73\u9152\u5e97(\u6df1\u5733\u5e73\u6e56\u534e\u5357\u57ce\u5e97)", "order_time": ["2019-01-17 09:51:56"], "total_order": 1, "hotel_value": ["4.4"], "hotel_price": ["128"]}, "8565794": {"hotel_name": "\u6df1\u5733\u6da6\u541b\u6f9c\u9152\u5e97", "order_time": ["2019-01-17 09:51:59"], "total_order": 1, "hotel_value": ["4.1"], "hotel_price": ["133"]}, "6120363": {"hotel_name": "\u6df1\u5733\u7406\u60f3\u4e4b\u5bb6\u516c\u5bd3(\u539f\u7406\u76f8\u4e4b\u5bb6\u516c\u5bd3)", "order_time": ["2019-01-17 09:52:02"], "total_order": 1, "hotel_value": ["4.2"], "hotel_price": ["228"]}, "635249": {"hotel_name": "\u6df1\u5733\u94f6\u6cc9\u9152\u5e97", "order_time": ["2019-01-17 09:52:02"], "total_order": 1, "hotel_value": ["3.6"], "hotel_price": ["148"]}, "1387245": {"hotel_name": "\u83ab\u6cf0\u9152\u5e97(\u6df1\u5733\u5357\u5c71\u5730\u94c1\u7ad9\u51e4\u51f0\u57ce\u5e97)(\u539f\u5357\u5c71\u5e02\u573a\u51e4\u51f0\u57ce\u5e97)", "order_time": ["2019-01-17 09:52:05"], "total_order": 1, "hotel_value": ["4.6"], "hotel_price": ["292"]}, "371254": {"hotel_name": "\u6df1\u5733\u89c2\u6f9c\u683c\u5170\u4e91\u5929\u56fd\u9645\u9152\u5e97", "order_time": ["2019-01-17 09:52:08", "2019-01-17 10:37:42"], "total_order": 2, "hotel_value": ["4.7", "4.7"], "hotel_price": ["695", "795"]}, "4603964": {"hotel_name": "\u6df1\u5733\u65b0\u5de2\u592a\u7a7a\u8231\u9152\u5e97", "order_time": ["2019-01-17 09:52:09"], "total_order": 1, "hotel_value": ["4.4"], "hotel_price": ["88"]}, "468926": {"hotel_name": "\u6c49\u5ead\u9152\u5e97(\u6df1\u5733\u4f1a\u5c55\u4e2d\u5fc3\u5e97)", "order_time": ["2019-01-17 09:52:09"], "total_order": 1, "hotel_value": ["4.3"], "hotel_price": ["360"]}, "4833684": {"hotel_name": "\u6df1\u5733\u516b\u53f7\u8fde\u9501\u9152\u5e97(\u5e7f\u6df1\u4e00\u5e97)", "order_time": ["2019-01-17 09:52:11"], "total_order": 1, "hotel_value": ["3.7"], "hotel_price": ["178"]}, "1488965": {"hotel_name": "\u6021\u83b1\u9152\u5e97(\u6df1\u5733\u6c99\u4e95\u4e2d\u5fc3\u5ba2\u8fd0\u7ad9\u5e97)(\u539f\u5feb8\u8fde\u9501\u9152\u5e97)", "order_time": ["2019-01-17 09:52:11"], "total_order": 1, "hotel_value": ["4.2"], "hotel_price": ["109"]}, "2140831": {"hotel_name": "\u6df1\u5733\u5170\u9047\u9152\u5e97", "order_time": ["2019-01-17 09:52:14"], "total_order": 1, "hotel_value": ["4.3"], "hotel_price": ["88"]}, "8839468": {"hotel_name": "\u6df1\u5733\u5c0f\u65f6\u5149\u7cbe\u54c1\u9152\u5e97\u516c\u5bd3", "order_time": ["2019-01-17 09:52:19"], "total_order": 1, "hotel_value": ["4.5"], "hotel_price": ["177"]}, "4043640": {"hotel_name": "\u6df1\u5733\u5b59\u4e8c\u5a18\u5bb6\u5ead\u5ba2\u6808", "order_time": ["2019-01-17 09:52:22"], "total_order": 1, "hotel_value": ["4.2"], "hotel_price": ["139"]}, "447883": {"hotel_name": "\u7ef4\u4e5f\u7eb3\u9152\u5e97(\u6df1\u5733\u7f57\u6e56\u53e3\u5cb8\u5e97)", "order_time": ["2019-01-17 09:53:45"], "total_order": 1, "hotel_value": ["4.8"], "hotel_price": ["398"]}, "1498780": {"hotel_name": "\u7ef4\u4e5f\u7eb3\u9152\u5e97(\u6df1\u5733\u9f99\u534e\u4eba\u6c11\u5357\u8def\u5e97)", "order_time": ["2019-01-17 10:07:41", "2019-01-17 09:53:46"], "total_order": 2, "hotel_value": ["4.8", "4.8"], "hotel_price": ["333", "333"]}, "347431": {"hotel_name": "\u6df1\u5733\u745e\u5409\u9152\u5e97", "order_time": ["2019-01-17 09:53:46"], "total_order": 1, "hotel_value": ["4.7"], "hotel_price": ["2092"]}, "6312583": {"hotel_name": "\u6606\u5b63\u9152\u5e97(\u6df1\u5733\u5317\u7ad9\u4e94\u548c\u5e97)", "order_time": ["2019-01-17 09:53:48"], "total_order": 1, "hotel_value": ["4.3"], "hotel_price": ["163"]}, "1248936": {"hotel_name": "\u9e97\u67ab\u9152\u5e97(\u6df1\u5733\u534e\u5f3a\u5357\u5e97)", "order_time": ["2019-01-17 09:53:51"], "total_order": 1, "hotel_value": ["4.5"], "hotel_price": ["318"]}, "425771": {"hotel_name": "\u6df1\u5733\u4e1c\u65b9\u94f6\u5ea7\u7f8e\u7235\u9152\u5e97", "order_time": ["2019-01-17 09:53:51"], "total_order": 1, "hotel_value": ["4.5"], "hotel_price": ["1236"]}, "531520": {"hotel_name": "\u6df1\u5733\u524d\u5cb8\u56fd\u9645\u9152\u5e97", "order_time": ["2019-01-17 10:23:43", "2019-01-17 09:53:51"], "total_order": 2, "hotel_value": ["4.5", "4.5"], "hotel_price": ["562", "562"]}, "2018694": {"hotel_name": "\u6df1\u5733\u57ce\u5e02\u5706\u68a6\u9152\u5e97", "order_time": ["2019-01-17 09:53:51"], "total_order": 1, "hotel_value": ["4.0"], "hotel_price": ["163"]}, "8565961": {"hotel_name": "\u767b\u5df4\u5ba2\u6808(\u6df1\u5733\u4f1a\u5c55\u4e2d\u5fc3\u5e97)", "order_time": ["2019-01-17 10:15:47", "2019-01-17 10:07:54", "2019-01-17 10:15:45", "2019-01-17 09:53:53"], "total_order": 4, "hotel_value": ["4.5", "4.5", "4.5", "4.5"], "hotel_price": ["54", "54", "54", "54"]}, "429212": {"hotel_name": "\u6df1\u5733\u6d77\u666f\u5609\u9014\u9152\u5e97(\u539f\u5965\u601d\u5ef7\u9152\u5e97)", "order_time": ["2019-01-17 09:53:55", "2019-01-17 10:09:46"], "total_order": 2, "hotel_value": ["4.5", "4.5"], "hotel_price": ["758", "758"]}, "6301159": {"hotel_name": "\u91d1\u8475\u82b1\u9152\u5e97(\u6df1\u5733\u5317\u7ad9\u5e97)", "order_time": ["2019-01-17 09:53:55"], "total_order": 1, "hotel_value": ["4.1"], "hotel_price": ["368"]}, "3663619": {"hotel_name": "\u6df1\u5733\u5929\u5929\u60e0\u9152\u5e97\u516c\u5bd3", "order_time": ["2019-01-17 09:53:57"], "total_order": 1, "hotel_value": ["4.3"], "hotel_price": ["298"]}, "1437414": {"hotel_name": "\u6df1\u5733\u4e07\u90fd\u5546\u52a1\u9152\u5e97", "order_time": ["2019-01-17 09:53:58"], "total_order": 1, "hotel_value": ["4.1"], "hotel_price": ["308"]}, "1536048": {"hotel_name": "\u5168\u5b63\u9152\u5e97(\u6df1\u5733\u4f1a\u5c55\u4e2d\u5fc3\u5e97)", "order_time": ["2019-01-17 10:15:49", "2019-01-17 09:53:58"], "total_order": 2, "hotel_value": ["4.7", "4.7"], "hotel_price": ["721", "721"]}, "1454791": {"hotel_name": "\u5982\u5bb6\u5feb\u6377\u9152\u5e97(\u6df1\u5733\u8349\u57d4\u5730\u94c1\u7ad9\u5e97)", "order_time": ["2019-01-17 09:54:03"], "total_order": 1, "hotel_value": ["4.3"], "hotel_price": ["170"]}, "6386881": {"hotel_name": "\u82cf\u9e7f\u516c\u5bd3(\u6df1\u5733\u53cc\u9f99\u5e97)", "order_time": ["2019-01-17 09:54:07"], "total_order": 1, "hotel_value": ["4.5"], "hotel_price": ["91"]}, "734110": {"hotel_name": "\u6df1\u5733\u6c99\u5934\u89d2\u5bbe\u9986", "order_time": ["2019-01-17 09:54:08"], "total_order": 1, "hotel_value": ["3.9"], "hotel_price": ["200"]}, "6080935": {"hotel_name": "\u5c1a\u5408\u516c\u5bd3(\u6df1\u5733\u79d1\u6280\u56ed\u5e97)", "order_time": ["2019-01-17 09:54:17"], "total_order": 1, "hotel_value": ["4.4"], "hotel_price": ["288"]}, "7069513": {"hotel_name": "\u5168\u5b63\u9152\u5e97(\u6df1\u5733\u5b9d\u5b89\u673a\u573a\u798f\u6c38\u5e97)", "order_time": ["2019-01-17 09:55:44"], "total_order": 1, "hotel_value": ["4.6"], "hotel_price": ["281"]}, "378509": {"hotel_name": "\u6df1\u5733\u53cb\u548c\u56fd\u9645\u5927\u9152\u5e97", "order_time": ["2019-01-17 10:19:41", "2019-01-17 09:55:45", "2019-01-17 10:05:44"], "total_order": 3, "hotel_value": ["4.7", "4.7", "4.7"], "hotel_price": ["598", "598", "598"]}, "535723": {"hotel_name": "\u6c49\u5ead\u9152\u5e97(\u6df1\u5733\u6d77\u4e0a\u4e16\u754c\u62db\u5546\u8def\u5e97)", "order_time": ["2019-01-17 09:55:45"], "total_order": 1, "hotel_value": ["4.5"], "hotel_price": ["303"]}, "9544077": {"hotel_name": "\u6df1\u5733\u777f\u58eb\u56fd\u9645\u9152\u5e97\uff08\u5927\u6d6a\u5546\u4e1a\u4e2d\u5fc3\u5e97\uff09", "order_time": ["2019-01-17 09:55:50"], "total_order": 1, "hotel_value": ["4.5"], "hotel_price": ["169"]}, "1438237": {"hotel_name": "\u6df1\u5733\u6e7e\u79d1\u6280\u56ed\u4e3d\u96c5\u67e5\u5c14\u987f\u9152\u5e97", "order_time": ["2019-01-17 09:55:51", "2019-01-17 09:59:50"], "total_order": 2, "hotel_value": ["4.6", "4.6"], "hotel_price": ["948", "948"]}, "4983960": {"hotel_name": "\u6df1\u5733\u51ef\u60a6\u9152\u5e97", "order_time": ["2019-01-17 10:19:49", "2019-01-17 09:55:59"], "total_order": 2, "hotel_value": ["4.2", "4.2"], "hotel_price": ["148", "148"]}, "8404339": {"hotel_name": "\u9e97\u67ab\u9152\u5e97(\u6df1\u5733\u5317\u7ad9\u5742\u7530\u5730\u94c1\u7ad9\u5e97)", "order_time": ["2019-01-17 09:56:02"], "total_order": 1, "hotel_value": ["4.7"], "hotel_price": ["396"]}, "5677943": {"hotel_name": "\u5c45\u4f73\u9152\u5e97\u516c\u5bd3(\u6df1\u5733\u79d1\u6280\u56ed\u5e97)", "order_time": ["2019-01-17 09:56:05"], "total_order": 1, "hotel_value": ["4.5"], "hotel_price": ["297"]}, "11403088": {"hotel_name": "\u7ef4\u4e5f\u7eb3\u9152\u5e97(\u6df1\u5733\u674e\u6717\u4e07\u56fd\u57ce\u5e97)", "order_time": ["2019-01-17 09:56:16"], "total_order": 1, "hotel_value": ["4.9"], "hotel_price": ["367"]}, "6125437": {"hotel_name": "\u6df1\u5733\u666f\u6d32\u5546\u52a1\u9152\u5e97", "order_time": ["2019-01-17 09:56:17"], "total_order": 1, "hotel_value": ["4.4"], "hotel_price": ["143"]}, "9585844": {"hotel_name": "\u6df1\u5733\u56db\u5b63\u6d77\u666f\u9152\u5e97\u516c\u5bd3(\u5927\u6885\u6c99\u7231\u7434\u6d77\u5e97)", "order_time": ["2019-01-17 09:57:42"], "total_order": 1, "hotel_value": ["4.9"], "hotel_price": ["286"]}, "1319897": {"hotel_name": "TOWO\u4e0a\u54c1\u9152\u5e97(\u6df1\u5733\u673a\u573a\u65d7\u8230\u5e97)", "order_time": ["2019-01-17 09:57:46", "2019-01-17 10:21:45"], "total_order": 2, "hotel_value": ["4.7", "4.7"], "hotel_price": ["168", "168"]}, "1487764": {"hotel_name": "\u5e38\u5c1a\u9152\u5e97(\u6df1\u5733\u897f\u4e3d\u5e97)", "order_time": ["2019-01-17 09:57:46"], "total_order": 1, "hotel_value": ["4.5"], "hotel_price": ["339"]}, "7522576": {"hotel_name": "\u6df1\u5733\u89c2\u6f9c\u6e56\u786c\u77f3\u9152\u5e97", "order_time": ["2019-01-17 09:57:47"], "total_order": 1, "hotel_value": ["4.6"], "hotel_price": ["1868"]}, "5379041": {"hotel_name": "\u6df1\u5733\u94f6\u6d77\u5bbe\u9986", "order_time": ["2019-01-17 09:57:48"], "total_order": 1, "hotel_value": ["3.5"], "hotel_price": ["128"]}, "2314855": {"hotel_name": "\u6df1\u5733\u5316\u5de5\u5927\u9152\u5e97", "order_time": ["2019-01-17 09:57:53"], "total_order": 1, "hotel_value": ["3.9"], "hotel_price": ["260"]}, "426206": {"hotel_name": "\u6df1\u5733\u7eff\u666f\u9526\u6c5f\u9152\u5e97", "order_time": ["2019-01-17 10:13:53", "2019-01-17 09:57:53"], "total_order": 2, "hotel_value": ["4.6", "4.6"], "hotel_price": ["933", "1048"]}, "1598738": {"hotel_name": "\u5feb8\u8fde\u9501\u9152\u5e97(\u6df1\u5733\u6843\u6e90\u5c45\u5e97)", "order_time": ["2019-01-17 09:57:56"], "total_order": 1, "hotel_value": ["3.9"], "hotel_price": ["98"]}, "19924868": {"hotel_name": "\u9e97\u67ab\u9152\u5e97(\u6df1\u5733\u4e16\u754c\u4e4b\u7a97\u5e97)", "order_time": ["2019-01-17 09:57:57"], "total_order": 1, "hotel_value": ["4.7"], "hotel_price": ["538"]}, "8360425": {"hotel_name": "\u6df1\u5733\u51ef\u8d1d\u4e3d\u541b\u4e34\u6d77\u57df\u670d\u52a1\u516c\u5bd3", "order_time": ["2019-01-17 09:57:58"], "total_order": 1, "hotel_value": ["4.4"], "hotel_price": ["396"]}, "833219": {"hotel_name": "\u6df1\u5733\u6d6a\u7434\u6e7e\u5ea6\u5047\u6751", "order_time": ["2019-01-17 09:58:23", "2019-01-17 10:06:37"], "total_order": 2, "hotel_value": ["4.7", "4.7"], "hotel_price": ["246", "246"]}, "5248368": {"hotel_name": "\u6df1\u573380\u9752\u5e74\u8fde\u9501\u9152\u5e97\u673a\u573a\u540e\u745e\u5730\u94c1\u7ad9\u5e97", "order_time": ["2019-01-17 09:59:45"], "total_order": 1, "hotel_value": ["4.6"], "hotel_price": ["128"]}, "1596955": {"hotel_name": "7\u5929\u8fde\u9501\u9152\u5e97(\u6df1\u5733\u56fd\u8d38\u4e8c\u5e97)", "order_time": ["2019-01-17 09:59:46"], "total_order": 1, "hotel_value": ["4.1"], "hotel_price": ["99"]}, "511397": {"hotel_name": "\u6df1\u5733\u4e03\u8857\u516c\u9986\u79c1\u4eba\u516c\u5bd3", "order_time": ["2019-01-17 09:59:49"], "total_order": 1, "hotel_value": ["4.0"], "hotel_price": ["250"]}, "1270889": {"hotel_name": "\u683c\u6797\u8c6a\u6cf0(\u6df1\u5733\u673a\u573a\u65b0\u822a\u7ad9\u697c\u5e97)", "order_time": ["2019-01-17 09:59:52"], "total_order": 1, "hotel_value": ["4.2"], "hotel_price": ["137"]}, "1523285": {"hotel_name": "\u6df1\u5733\u5df4\u5170\u5854\u9152\u5e97", "order_time": ["2019-01-17 09:59:55"], "total_order": 1, "hotel_value": ["4.3"], "hotel_price": ["173"]}, "771959": {"hotel_name": "\u6df1\u5733\u65b0\u4e1c\u6e90\u9152\u5e97", "order_time": ["2019-01-17 09:59:56"], "total_order": 1, "hotel_value": ["4.5"], "hotel_price": ["207"]}, "1166050": {"hotel_name": "\u6df1\u5733\u7ea2\u9633\u5546\u52a1\u9152\u5e97", "order_time": ["2019-01-17 09:59:58"], "total_order": 1, "hotel_value": ["4.2"], "hotel_price": ["173"]}, "2030013": {"hotel_name": "\u548c\u9890\u9152\u5e97(\u6df1\u5733\u534e\u5f3a\u5317\u5e97)", "order_time": ["2019-01-17 09:59:59"], "total_order": 1, "hotel_value": ["4.6"], "hotel_price": ["345"]}, "23417988": {"hotel_name": "\u6df1\u5733\u4e50\u675c\u9e43\u827a\u672f\u9152\u5e97", "order_time": ["2019-01-17 09:59:59"], "total_order": 1, "hotel_value": ["4.7"], "hotel_price": ["419"]}, "1597095": {"hotel_name": "\u6fe0\u6c5f\u6625\u9152\u5e97(\u6df1\u5733\u897f\u4e61\u5e97)", "order_time": ["2019-01-17 10:00:02"], "total_order": 1, "hotel_value": ["4.2"], "hotel_price": ["143"]}, "3264038": {"hotel_name": "\u540e\u5703\u9152\u5e97\u5f0f\u77ed\u79df\u516c\u5bd3(\u6df1\u5733\u5357\u5c71\u5357\u6cb9\u65b0\u4e00\u4ee3\u5e97)", "order_time": ["2019-01-17 10:00:05"], "total_order": 1, "hotel_value": ["4.5"], "hotel_price": ["278"]}, "1250164": {"hotel_name": "\u57ce\u5e02\u4fbf\u6377\u9152\u5e97(\u6df1\u5733\u677e\u5c97\u5ba2\u8fd0\u7ad9\u5e97)", "order_time": ["2019-01-17 10:00:20"], "total_order": 1, "hotel_value": ["4.2"], "hotel_price": ["153"]}, "8565775": {"hotel_name": "\u6df1\u5733\u4e1c\u90e8\u5546\u52a1\u9152\u5e97", "order_time": ["2019-01-17 10:00:20"], "total_order": 1, "hotel_value": ["4.1"], "hotel_price": ["115"]}, "1472364": {"hotel_name": "\u6df1\u5733\u5bcc\u7965\u4f4f\u5bbf", "order_time": ["2019-01-17 10:00:35"], "total_order": 1, "hotel_value": [0], "hotel_price": ["42"]}, "4690345": {"hotel_name": "\u6df1\u5733\u673a\u573a\u51ef\u60a6\u5609\u8f69\u9152\u5e97", "order_time": ["2019-01-17 10:01:43"], "total_order": 1, "hotel_value": ["4.6"], "hotel_price": ["766"]}, "21145565": {"hotel_name": "\u6df1\u5733\u9ad8\u65b0\u5bcc\u60a6\u9152\u5e97", "order_time": ["2019-01-17 10:01:44", "2019-01-17 10:27:45"], "total_order": 2, "hotel_value": ["4.7", "4.7"], "hotel_price": ["815", "844"]}, "4688214": {"hotel_name": "\u6df1\u5733\u7693\u6e90\u4e3b\u9898\u9152\u5e97(\u5317\u7ad9\u5e97)", "order_time": ["2019-01-17 10:01:46"], "total_order": 1, "hotel_value": ["4.0"], "hotel_price": ["169"]}, "374623": {"hotel_name": "\u6df1\u5733\u4e1c\u6d77\u6717\u5ef7\u9152\u5e97", "order_time": ["2019-01-17 10:01:46"], "total_order": 1, "hotel_value": ["4.8"], "hotel_price": ["1860"]}, "4601885": {"hotel_name": "\u7ef4\u4e5f\u7eb3\u56fd\u9645\u9152\u5e97(\u6df1\u5733\u4e0b\u6c34\u5f84\u5730\u94c1\u7ad9\u5e97)", "order_time": ["2019-01-17 10:01:48"], "total_order": 1, "hotel_value": ["4.8"], "hotel_price": ["296"]}, "6477598": {"hotel_name": "\u6df1\u5733\u4e07\u798f\u4e16\u7eaa\u9152\u5e97", "order_time": ["2019-01-17 10:01:51"], "total_order": 1, "hotel_value": ["4.4"], "hotel_price": ["187"]}, "1413498": {"hotel_name": "\u5361\u745e\u767b\u9152\u5e97(\u6df1\u5733\u5317\u7ad9\u5e97)", "order_time": ["2019-01-17 10:01:52"], "total_order": 1, "hotel_value": ["4.2"], "hotel_price": ["476"]}, "1598529": {"hotel_name": "\u6df1\u5733\u540d\u60a6\u5546\u52a1\u9152\u5e97", "order_time": ["2019-01-17 10:31:59", "2019-01-17 10:01:55"], "total_order": 2, "hotel_value": ["4.0", "4.0"], "hotel_price": ["198", "198"]}, "1598717": {"hotel_name": "7\u5929\u8fde\u9501\u9152\u5e97(\u6df1\u5733\u706b\u8f66\u4e1c\u7ad9\u5e03\u5409\u5730\u94c1\u7ad9\u5e97)", "order_time": ["2019-01-17 10:01:59"], "total_order": 1, "hotel_value": ["4.5"], "hotel_price": ["119"]}, "1302150": {"hotel_name": "\u5bcc\u82d1\u8fde\u9501\u9152\u5e97\uff08\u6df1\u5733\u91d1\u5bcc\u82d1\u5e97\uff09", "order_time": ["2019-01-17 10:35:52", "2019-01-17 10:02:00"], "total_order": 2, "hotel_value": ["4.6", "4.6"], "hotel_price": ["138", "138"]}, "3003206": {"hotel_name": "\u7ef4\u4e5f\u7eb3\u9152\u5e97(\u6df1\u5733\u4e07\u8c61\u57ce\u5e97)", "order_time": ["2019-01-17 10:02:02"], "total_order": 1, "hotel_value": ["4.8"], "hotel_price": ["369"]}, "2346701": {"hotel_name": "\u6df1\u5733\u683c\u826f\u4e1c\u65b9\u9152\u5e97", "order_time": ["2019-01-17 10:02:08"], "total_order": 1, "hotel_value": ["4.4"], "hotel_price": ["173"]}, "3264743": {"hotel_name": "\u6df1\u5733\u6a59\u5b50\u9152\u5e97", "order_time": ["2019-01-17 10:02:08"], "total_order": 1, "hotel_value": ["4.2"], "hotel_price": ["195"]}, "16039831": {"hotel_name": "\u6df1\u5733\u5357\u95e8\u522b\u9662", "order_time": ["2019-01-17 10:02:09"], "total_order": 1, "hotel_value": ["5.0"], "hotel_price": ["224"]}, "833656": {"hotel_name": "\u5174\u9f99\u817e\u5bbe\u9986(\u6df1\u5733\u5317\u7ad9\u5e97)(\u539f\u9f99\u817e\u5bbe\u9986)", "order_time": ["2019-01-17 10:02:14"], "total_order": 1, "hotel_value": ["3.9"], "hotel_price": ["138"]}, "4618527": {"hotel_name": "\u6df1\u5733\u745e\u60a6\u5546\u52a1\u5bbe\u9986", "order_time": ["2019-01-17 10:02:23"], "total_order": 1, "hotel_value": ["4.3"], "hotel_price": ["91"]}, "5215105": {"hotel_name": "\u534e\u91cc\u7cbe\u54c1\u9152\u5e97(\u6df1\u5733\u521b\u610f\u56ed\u5e97)", "order_time": ["2019-01-17 10:03:39"], "total_order": 1, "hotel_value": ["4.6"], "hotel_price": ["483"]}, "2259231": {"hotel_name": "\u6df1\u5733\u8354\u79c0\u9152\u5e97", "order_time": ["2019-01-17 10:03:39"], "total_order": 1, "hotel_value": ["3.9"], "hotel_price": ["166"]}, "8960860": {"hotel_name": "\u6df1\u5733\u79d1\u521b\u9152\u5e97", "order_time": ["2019-01-17 10:37:45", "2019-01-17 10:03:41"], "total_order": 2, "hotel_value": ["4.5", "4.5"], "hotel_price": ["433", "433"]}, "5053815": {"hotel_name": "\u4f73\u58eb\u94c2\u670d\u52a1\u516c\u5bd3(\u6df1\u5733\u9ad8\u65b0\u56ed\u5e97)", "order_time": ["2019-01-17 10:03:42"], "total_order": 1, "hotel_value": ["4.5"], "hotel_price": ["319"]}, "5753879": {"hotel_name": "\u6df1\u5733\u79d1\u6280\u56ed\u4e07\u8c61\u5929\u5730\u5c1a\u7f8e\u6c34\u6676\u9152\u5e97", "order_time": ["2019-01-17 10:03:44", "2019-01-17 10:11:41"], "total_order": 2, "hotel_value": ["4.4", "4.4"], "hotel_price": ["1109", "858"]}, "6671619": {"hotel_name": "\u6df1\u5733\u5b9d\u4e50\u57ce\u5e02\u9152\u5e97", "order_time": ["2019-01-17 10:03:44"], "total_order": 1, "hotel_value": ["4.6"], "hotel_price": ["296"]}, "929525": {"hotel_name": "\u7ef4\u4e5f\u7eb3\u9152\u5e97(\u6df1\u5733\u6d77\u6e7e\u5e97)", "order_time": ["2019-01-17 10:03:45"], "total_order": 1, "hotel_value": ["4.7"], "hotel_price": ["338"]}, "2210265": {"hotel_name": "\u6df1\u5733\u82f1\u4f26\u56fd\u9645\u9152\u5e97", "order_time": ["2019-01-17 10:03:46"], "total_order": 1, "hotel_value": ["4.7"], "hotel_price": ["223"]}, "470380": {"hotel_name": "\u661f\u7a0b\u9152\u5e97(\u6df1\u5733\u534e\u5f3a\u8d64\u5c3e\u5730\u94c1\u7ad9\u5e97)(\u539f\u5357\u83f2\u82d1\u9152\u5e97)", "order_time": ["2019-01-17 10:03:48"], "total_order": 1, "hotel_value": ["4.4"], "hotel_price": ["269"]}, "5428446": {"hotel_name": "\u516b\u53f7\u8fde\u9501\u9152\u5e97(\u6df1\u5733\u706b\u8f66\u4e1c\u7ad9\u5e97)", "order_time": ["2019-01-17 10:03:50"], "total_order": 1, "hotel_value": ["4.7"], "hotel_price": ["118"]}, "1478368": {"hotel_name": "\u6df1\u5733\u6d77\u60a6\u4e3d\u666f\u9152\u5e97", "order_time": ["2019-01-17 10:03:51"], "total_order": 1, "hotel_value": ["4.3"], "hotel_price": ["243"]}, "1109564": {"hotel_name": "\u57ce\u5e02\u4fbf\u6377\u9152\u5e97(\u6df1\u5733\u5e73\u6e56\u6c7d\u8f66\u7ad9\u5e97)", "order_time": ["2019-01-17 10:04:03"], "total_order": 1, "hotel_value": ["4.6"], "hotel_price": ["152"]}, "6053077": {"hotel_name": "\u6df1\u5733\u540e\u6d77\u5feb\u6377\u9152\u5e97", "order_time": ["2019-01-17 10:04:14"], "total_order": 1, "hotel_value": ["3.8"], "hotel_price": ["148"]}, "3393562": {"hotel_name": "\u6df1\u5733\u946b\u8302\u56ed\u65f6\u5c1a\u9152\u5e97", "order_time": ["2019-01-17 10:04:16"], "total_order": 1, "hotel_value": ["4.1"], "hotel_price": ["152"]}, "1600107": {"hotel_name": "\u524d\u6d77\u6e7e\u7cbe\u54c1\u9152\u5e97(\u6df1\u5733\u524d\u6d77\u81ea\u8d38\u533a\u5e97)", "order_time": ["2019-01-17 10:05:37"], "total_order": 1, "hotel_value": ["4.3"], "hotel_price": ["229"]}, "2565840": {"hotel_name": "\u7ef4\u4e5f\u7eb3\u9152\u5e97(\u6df1\u5733\u4e1c\u7ad9\u5e97)", "order_time": ["2019-01-17 10:05:41"], "total_order": 1, "hotel_value": ["4.8"], "hotel_price": ["269"]}, "4614812": {"hotel_name": "\u6df1\u5733\u54c1\u51a0\u827a\u672f\u9152\u5e97(\u6df1\u5733\u5e73\u6e56\u534e\u5357\u57ce\u5e97)(\u539f\u5e73\u6e56\u706b\u8f66\u7ad9\u5e7f\u573a\u5e97)", "order_time": ["2019-01-17 10:05:41"], "total_order": 1, "hotel_value": ["4.7"], "hotel_price": ["189"]}, "8904626": {"hotel_name": "\u6df1\u5733\u4e3b\u9898\u516c\u5bd3", "order_time": ["2019-01-17 10:05:42"], "total_order": 1, "hotel_value": ["4.2"], "hotel_price": ["179"]}, "1597104": {"hotel_name": "7\u5929\u8fde\u9501\u9152\u5e97(\u6df1\u5733\u4e0a\u6885\u6797\u5730\u94c1\u7ad9\u5e97)", "order_time": ["2019-01-17 10:05:43"], "total_order": 1, "hotel_value": ["4.3"], "hotel_price": ["251"]}, "3033032": {"hotel_name": "\u6df1\u5733\u672c\u4eac\u56fd\u9645\u9152\u5e97", "order_time": ["2019-01-17 10:05:43"], "total_order": 1, "hotel_value": ["4.2"], "hotel_price": ["284"]}, "1457379": {"hotel_name": "\u5170\u5179\u9152\u5e97(\u6df1\u5733\u897f\u4e3d\u5e97)", "order_time": ["2019-01-17 10:05:44"], "total_order": 1, "hotel_value": ["4.4"], "hotel_price": ["226"]}, "5792156": {"hotel_name": "\u6df1\u5733\u661f\u6cb3\u65f6\u4ee3\u516c\u5bd3(\u539f\u94f6\u6cb3\u65f6\u4ee3\u516c\u5bd3)", "order_time": ["2019-01-17 10:13:45", "2019-01-17 10:05:44"], "total_order": 2, "hotel_value": ["4.3", "4.3"], "hotel_price": ["298", "298"]}, "10226645": {"hotel_name": "\u6df1\u5733\u9526\u56ca\u5bd3\u9152\u5e97", "order_time": ["2019-01-17 10:33:41", "2019-01-17 10:05:48"], "total_order": 2, "hotel_value": ["4.7", "4.7"], "hotel_price": ["144", "144"]}, "5695686": {"hotel_name": "\u6df1\u5733\u534e\u4e30\u5feb\u6377\u9152\u5e97", "order_time": ["2019-01-17 10:05:52"], "total_order": 1, "hotel_value": ["3.9"], "hotel_price": ["118"]}, "3180282": {"hotel_name": "\u6df1\u5733\u4e1c\u4f73\u7cbe\u54c1\u9152\u5e97", "order_time": ["2019-01-17 10:05:54"], "total_order": 1, "hotel_value": ["4.1"], "hotel_price": ["168"]}, "1593173": {"hotel_name": "\u4e00\u8a93\u73ab\u7470\u60c5\u4fa3\u4e3b\u9898\u9152\u5e97(\u6df1\u5733\u6d77\u96c5\u5e97)", "order_time": ["2019-01-17 10:06:03"], "total_order": 1, "hotel_value": ["4.2"], "hotel_price": ["159"]}, "27720525": {"hotel_name": "\u5982\u5bb6\u9152\u5e97(\u6df1\u5733\u5357\u5c71\u6d77\u5cb8\u57ce\u521b\u4e1a\u8def\u5e97)", "order_time": ["2019-01-17 10:06:06", "2019-01-17 10:07:50"], "total_order": 2, "hotel_value": ["4.5", "4.5"], "hotel_price": ["275", "275"]}, "5207308": {"hotel_name": "\u8681\u5de2\u9152\u5e97\u516c\u5bd3(\u6df1\u5733\u79d1\u6280\u56ed\u5e97)", "order_time": ["2019-01-17 10:08:31", "2019-01-17 10:06:31"], "total_order": 2, "hotel_value": ["4.2", "4.2"], "hotel_price": ["292", "330"]}, "5379459": {"hotel_name": "\u6df1\u5733\u4e1c\u6d77\u5546\u52a1\u5bbe\u9986", "order_time": ["2019-01-17 10:06:40"], "total_order": 1, "hotel_value": ["4.3"], "hotel_price": ["88"]}, "345032": {"hotel_name": "\u6df1\u5733\u9999\u683c\u91cc\u62c9\u5927\u9152\u5e97", "order_time": ["2019-01-17 10:07:05"], "total_order": 1, "hotel_value": ["4.4"], "hotel_price": ["1516"]}, "428276": {"hotel_name": "\u5982\u5bb6\u5feb\u6377\u9152\u5e97(\u6df1\u5733\u5357\u5c71\u5927\u9053\u5e97)", "order_time": ["2019-01-17 10:07:05"], "total_order": 1, "hotel_value": ["4.4"], "hotel_price": ["246"]}, "1349293": {"hotel_name": "\u7ef4\u4e5f\u7eb3\u9152\u5e97(\u6df1\u5733\u5357\u65b0\u8def\u5e97)", "order_time": ["2019-01-17 10:07:06"], "total_order": 1, "hotel_value": ["4.8"], "hotel_price": ["412"]}, "458869": {"hotel_name": "\u6c49\u5ead\u9152\u5e97(\u6df1\u5733\u4e1c\u95e8\u6b65\u884c\u8857\u5e97)(\u539f\u4e50\u56ed\u8def\u5e97)", "order_time": ["2019-01-17 10:07:41"], "total_order": 1, "hotel_value": ["4.4"], "hotel_price": ["197"]}, "1505384": {"hotel_name": "\u60a6\u5de2\u516c\u5bd3(\u6df1\u5733\u5317\u7ad9\u5e97)", "order_time": ["2019-01-17 10:07:41"], "total_order": 1, "hotel_value": ["4.5"], "hotel_price": ["180"]}, "535652": {"hotel_name": "\u6df1\u5733\u6625\u98ce\u8def\u9e3f\u4e30\u5927\u9152\u5e97", "order_time": ["2019-01-17 10:07:42"], "total_order": 1, "hotel_value": ["4.6"], "hotel_price": ["319"]}, "385210": {"hotel_name": "\u6df1\u5733\u7687\u5eadV\u9152\u5e97", "order_time": ["2019-01-17 10:07:42"], "total_order": 1, "hotel_value": ["4.7"], "hotel_price": ["1336"]}, "1457563": {"hotel_name": "\u5982\u5bb6\u5feb\u6377\u9152\u5e97(\u6df1\u5733\u4f1a\u5c55\u4e2d\u5fc3\u6c99\u5c3e\u5730\u94c1\u7ad9\u5e97)(\u539f\u65b0\u6d32\u5e97)", "order_time": ["2019-01-17 10:07:43"], "total_order": 1, "hotel_value": ["4.5"], "hotel_price": ["310"]}, "1647383": {"hotel_name": "\u6df1\u5733\u524d\u6d77\u534e\u4fa8\u57ceJW\u4e07\u8c6a\u9152\u5e97", "order_time": ["2019-01-17 10:07:45"], "total_order": 1, "hotel_value": ["4.6"], "hotel_price": ["1924"]}, "5404640": {"hotel_name": "\u6df1\u5733\u6e7e\u79d1\u6280\u56ed\u6d77\u5c1a\u9152\u5e97", "order_time": ["2019-01-17 10:07:46"], "total_order": 1, "hotel_value": ["4.6"], "hotel_price": ["915"]}, "5903297": {"hotel_name": "LnB\u9752\u5e74\u65c5\u820d(\u6df1\u5733\u4f1a\u5c55\u4e2d\u5fc3\u5e97)", "order_time": ["2019-01-17 10:07:47"], "total_order": 1, "hotel_value": ["4.7"], "hotel_price": ["64"]}, "8192848": {"hotel_name": "\u57ce\u5bb6\u7cbe\u9009\u516c\u5bd3(\u6df1\u5733\u5357\u5c71\u5730\u94c1\u7ad9\u5e97)", "order_time": ["2019-01-17 10:07:48"], "total_order": 1, "hotel_value": ["4.5"], "hotel_price": ["349"]}, "5830920": {"hotel_name": "\u5c1a\u5ba2\u4f18\u8fde\u9501\u9152\u5e97(\u6df1\u5733\u9f99\u534e\u6e05\u6e56\u5730\u94c1\u7ad9\u5e97)", "order_time": ["2019-01-17 10:07:48"], "total_order": 1, "hotel_value": ["4.2"], "hotel_price": ["158"]}, "6831580": {"hotel_name": "\u6df1\u5733\u534e\u7a0b\u5546\u52a1\u9152\u5e97", "order_time": ["2019-01-17 10:07:49"], "total_order": 1, "hotel_value": ["4.6"], "hotel_price": ["118"]}, "1419622": {"hotel_name": "\u5361\u5e1d\u4e9a\u7cbe\u54c1\u9152\u5e97(\u6df1\u5733\u827a\u5c55\u4e2d\u5fc3\u7ea2\u5cad\u5317\u7ad9\u5e97)", "order_time": ["2019-01-17 10:07:49"], "total_order": 1, "hotel_value": ["4.3"], "hotel_price": ["239"]}, "6471768": {"hotel_name": "\u7ef4\u4e5f\u7eb3\u56fd\u9645\u9152\u5e97(\u6df1\u5733\u9f99\u534e\u4e2d\u5fc3\u5e97)", "order_time": ["2019-01-17 10:07:56"], "total_order": 1, "hotel_value": ["4.6"], "hotel_price": ["279"]}, "833169": {"hotel_name": "\u6df1\u5733\u534e\u5174\u9152\u5e97", "order_time": ["2019-01-17 10:07:57"], "total_order": 1, "hotel_value": ["4.3"], "hotel_price": ["193"]}, "5379090": {"hotel_name": "\u6df1\u5733\u51a0\u534e\u9152\u5e97", "order_time": ["2019-01-17 10:08:00"], "total_order": 1, "hotel_value": ["4.5"], "hotel_price": ["146"]}, "7116037": {"hotel_name": "\u7ef4\u4e5f\u7eb3\u9152\u5e97(\u6df1\u5733\u79d1\u6280\u56ed\u5317\u5e97)", "order_time": ["2019-01-17 10:08:03"], "total_order": 1, "hotel_value": ["4.8"], "hotel_price": ["469"]}, "533352": {"hotel_name": "\u6df1\u6e2f\u77ed\u79df\u516c\u5bd3(\u6df1\u5733\u6843\u56ed\u5e97)", "order_time": ["2019-01-17 10:08:04"], "total_order": 1, "hotel_value": ["3.9"], "hotel_price": ["332"]}, "985105": {"hotel_name": "\u683c\u6797\u8054\u76df\u9152\u5e97(\u6df1\u5733\u798f\u7530\u6885\u6797\u5e97)", "order_time": ["2019-01-17 10:09:37"], "total_order": 1, "hotel_value": ["4.3"], "hotel_price": ["361"]}, "1599973": {"hotel_name": "7\u5929\u8fde\u9501\u9152\u5e97(\u6df1\u5733\u4eac\u57fa100\u7ea2\u5cad\u5730\u94c1\u7ad9\u5e97)", "order_time": ["2019-01-17 10:23:36", "2019-01-17 10:09:37"], "total_order": 2, "hotel_value": ["4.0", "4.0"], "hotel_price": ["141", "141"]}, "435261": {"hotel_name": "\u6df1\u5733\u4e2d\u6d32\u5723\u5ef7\u82d1\u9152\u5e97\u4e16\u7eaa\u697c(\u539f\u5723\u5ef7\u82d1\u9152\u5e97\u4e16\u7eaa\u697c)", "order_time": ["2019-01-17 10:09:39"], "total_order": 1, "hotel_value": ["4.6"], "hotel_price": ["692"]}, "1599224": {"hotel_name": "\u9e97\u67ab\u9152\u5e97(\u6df1\u5733\u5b9d\u5b89\u65b0\u5b89\u5e97)", "order_time": ["2019-01-17 10:09:39"], "total_order": 1, "hotel_value": ["4.7"], "hotel_price": ["298"]}, "668315": {"hotel_name": "\u6df1\u5733\u4e2d\u6cb9\u9633\u5149\u5927\u9152\u5e97", "order_time": ["2019-01-17 10:09:39"], "total_order": 1, "hotel_value": ["4.5"], "hotel_price": ["828"]}, "22822006": {"hotel_name": "\u6df1\u5733\u4e2d\u5174\u548c\u6cf0\u6d77\u666f\u9152\u5e97", "order_time": ["2019-01-17 10:11:46", "2019-01-17 10:09:40"], "total_order": 2, "hotel_value": ["4.8", "4.8"], "hotel_price": ["769", "769"]}, "1597092": {"hotel_name": "\u4e2d\u6fe0S\u9152\u5e97(\u6df1\u5733\u798f\u7530\u4f1a\u5c55\u4e2d\u5fc3\u5e97)", "order_time": ["2019-01-17 10:09:41"], "total_order": 1, "hotel_value": ["4.7"], "hotel_price": ["1158"]}, "2879082": {"hotel_name": "\u6df1\u5733\u5609\u60a6\u7cbe\u54c1\u9152\u5e97", "order_time": ["2019-01-17 10:09:41"], "total_order": 1, "hotel_value": ["4.4"], "hotel_price": ["228"]}, "1598492": {"hotel_name": "7\u5929\u8fde\u9501\u9152\u5e97(\u6df1\u5733\u5927\u5b66\u5b66\u5e9c\u8def\u5e97)", "order_time": ["2019-01-17 10:09:41"], "total_order": 1, "hotel_value": ["4.2"], "hotel_price": ["219"]}, "1254816": {"hotel_name": "\u6df1\u5733\u9999\u69ad\u4e3d\u5bab\u9152\u5e97", "order_time": ["2019-01-17 10:15:40", "2019-01-17 10:09:41"], "total_order": 2, "hotel_value": ["4.6", "4.6"], "hotel_price": ["838", "838"]}, "1598524": {"hotel_name": "7\u5929\u8fde\u9501\u9152\u5e97(\u6df1\u5733\u79d1\u5b66\u9986\u5730\u94c1\u7ad9\u5e97)", "order_time": ["2019-01-17 10:09:43"], "total_order": 1, "hotel_value": ["4.3"], "hotel_price": ["179"]}, "6042416": {"hotel_name": "\u6df1\u5733\u96c5\u56ed\u6e2f\u53e3\u9152\u5e97(\u539f\u96c5\u56ed\u86c7\u53e3\u9152\u5e97)", "order_time": ["2019-01-17 10:09:44"], "total_order": 1, "hotel_value": ["4.2"], "hotel_price": ["191"]}, "4379783": {"hotel_name": "\u7f8e\u4e3d365\u8fde\u9501\u9152\u5e97(\u6df1\u5733\u9f99\u534e\u5730\u94c1\u7ad9\u5e97)(\u539f\u9633\u5149365\u8fde\u9501\u9152\u5e97)", "order_time": ["2019-01-17 10:09:48"], "total_order": 1, "hotel_value": ["4.0"], "hotel_price": ["138"]}, "24033399": {"hotel_name": "\u5929\u7199\u9ad8\u7ea7\u5546\u52a1\u516c\u5bd3(\u6df1\u5733\u4e39\u67ab\u767d\u9732\u5e97)", "order_time": ["2019-01-17 10:09:50"], "total_order": 1, "hotel_value": ["4.9"], "hotel_price": ["468"]}, "22669191": {"hotel_name": "\u6df1\u5733\u84dd\u8393\u9152\u5e97", "order_time": ["2019-01-17 10:09:52"], "total_order": 1, "hotel_value": ["4.6"], "hotel_price": ["133"]}, "1459419": {"hotel_name": "\u6613\u5230\u9152\u5e97(\u6df1\u5733\u897f\u4e3d\u5e97)", "order_time": ["2019-01-17 10:09:53"], "total_order": 1, "hotel_value": ["4.4"], "hotel_price": ["109"]}, "1418953": {"hotel_name": "7\u5929\u8fde\u9501\u9152\u5e97(\u6df1\u5733\u576a\u5c71\u5e97)", "order_time": ["2019-01-17 10:09:55"], "total_order": 1, "hotel_value": ["4.5"], "hotel_price": ["188"]}, "4328216": {"hotel_name": "\u4e3d\u57ce\u9152\u5e97(\u6df1\u5733\u5927\u5b66\u57ce\u5730\u94c1\u7ad9\u5e97)", "order_time": ["2019-01-17 10:09:56"], "total_order": 1, "hotel_value": ["4.0"], "hotel_price": ["183"]}, "2649810": {"hotel_name": "\u6df1\u5733\u8f83\u573a\u5c3e\u6d77\u77e5\u604b\u5ba2\u6808", "order_time": ["2019-01-17 10:09:58", "2019-01-17 10:29:55"], "total_order": 2, "hotel_value": ["4.9", "4.9"], "hotel_price": ["98", "98"]}, "2205649": {"hotel_name": "\u6df1\u5733\u6842\u82b1\u9152\u5e97", "order_time": ["2019-01-17 10:09:59"], "total_order": 1, "hotel_value": ["4.0"], "hotel_price": ["203"]}, "26532109": {"hotel_name": "\u6df1\u5733\u4f0a\u7538\u56ed\u516c\u5bd3", "order_time": ["2019-01-17 10:10:00"], "total_order": 1, "hotel_value": ["5.0"], "hotel_price": ["356"]}, "635247": {"hotel_name": "\u5357\u6d77\u4e4b\u661f\u9152\u5e97(\u6df1\u5733\u5b9d\u5b89\u5e97)", "order_time": ["2019-01-17 10:10:02"], "total_order": 1, "hotel_value": ["4.2"], "hotel_price": ["187"]}, "371236": {"hotel_name": "\u6df1\u5733\u798f\u670b\u559c\u6765\u767b\u9152\u5e97", "order_time": ["2019-01-17 10:10:43"], "total_order": 1, "hotel_value": ["4.4"], "hotel_price": ["1197"]}, "921035": {"hotel_name": "\u6df1\u5733\u4e16\u7eaa\u534e\u6e90\u5546\u52a1\u9152\u5e97", "order_time": ["2019-01-17 10:11:41"], "total_order": 1, "hotel_value": ["4.2"], "hotel_price": ["302"]}, "1600148": {"hotel_name": "\u7ef4\u4e5f\u7eb3\u9152\u5e97(\u6df1\u5733\u77f3\u5ca9\u6c7d\u8f66\u7ad9\u5e97)", "order_time": ["2019-01-17 10:11:42"], "total_order": 1, "hotel_value": ["4.8"], "hotel_price": ["209"]}, "1347609": {"hotel_name": "\u6df1\u5733\u957f\u5b89\u5927\u9152\u5e97", "order_time": ["2019-01-17 10:11:45"], "total_order": 1, "hotel_value": ["4.3"], "hotel_price": ["436"]}, "535597": {"hotel_name": "\u6df1\u5733\u5b9d\u6656\u5546\u52a1\u9152\u5e97", "order_time": ["2019-01-17 10:11:45"], "total_order": 1, "hotel_value": ["4.5"], "hotel_price": ["432"]}, "10900883": {"hotel_name": "\u6df1\u5733\u60a6\u6797\u9152\u5e97", "order_time": ["2019-01-17 10:11:46"], "total_order": 1, "hotel_value": ["4.6"], "hotel_price": ["409"]}, "472703": {"hotel_name": "\u6df1\u5733\u5927\u6885\u6c99\u96c5\u5170\u9152\u5e97(\u539f\u96c5\u5170\u65af\u4e3d\u6bd4\u8fea\u9152\u5e97)", "order_time": ["2019-01-17 10:15:43", "2019-01-17 10:11:46"], "total_order": 2, "hotel_value": ["4.4", "4.4"], "hotel_price": ["430", "430"]}, "1284920": {"hotel_name": "\u7ef4\u4e5f\u7eb3\u9152\u5e97(\u6df1\u5733\u5357\u5c71\u4ebf\u5229\u8fbe\u5e97)", "order_time": ["2019-01-17 10:11:46"], "total_order": 1, "hotel_value": ["4.8"], "hotel_price": ["439"]}, "3657180": {"hotel_name": "\u5c1a\u5ba2\u4f18\u5feb\u6377\u9152\u5e97(\u6df1\u5733\u5b9d\u5b89\u56fd\u9645\u673a\u573a\u5317\u5e97)", "order_time": ["2019-01-17 10:11:52"], "total_order": 1, "hotel_value": ["4.2"], "hotel_price": ["122"]}, "833545": {"hotel_name": "\u6df1\u5733\u4e91\u5ba2\u6808", "order_time": ["2019-01-17 10:11:52"], "total_order": 1, "hotel_value": ["3.4"], "hotel_price": ["198"]}, "467536": {"hotel_name": "\u516b\u53f7\u8fde\u9501\u9152\u5e97(\u6df1\u5733\u4e1c\u95e8\u4e00\u5e97)", "order_time": ["2019-01-17 10:11:53"], "total_order": 1, "hotel_value": ["4.2"], "hotel_price": ["142"]}, "1333654": {"hotel_name": "\u91d1\u6e2f\u5bbe\u9986(\u6df1\u5733\u9f99\u534e\u6c7d\u8f66\u7ad9\u5e97)", "order_time": ["2019-01-17 10:12:08"], "total_order": 1, "hotel_value": ["3.9"], "hotel_price": ["120"]}, "910169": {"hotel_name": "\u6df1\u5733\u4e94\u661f\u65c5\u9986", "order_time": ["2019-01-17 10:12:13"], "total_order": 1, "hotel_value": ["3.0"], "hotel_price": ["50"]}, "8945343": {"hotel_name": "\u6df1\u5733\u56fd\u597d\u4e3b\u9898\u9152\u5e97", "order_time": ["2019-01-17 10:12:13"], "total_order": 1, "hotel_value": ["4.5"], "hotel_price": ["133"]}, "8630420": {"hotel_name": "\u6df1\u5733\u6c99\u535a\u5546\u52a1\u5ba2\u623f", "order_time": ["2019-01-17 10:12:13"], "total_order": 1, "hotel_value": ["4.0"], "hotel_price": ["58"]}, "1414704": {"hotel_name": "\u6df1\u5733\u745e\u534e\u6e05\u5bbe\u9986", "order_time": ["2019-01-17 10:12:19"], "total_order": 1, "hotel_value": ["3.4"], "hotel_price": ["108"]}, "7050303": {"hotel_name": "\u9038\u7c73\u9152\u5e97(\u6df1\u5733\u534e\u5357\u57ce\u4e0a\u6728\u53e4\u5e97)", "order_time": ["2019-01-17 10:13:44"], "total_order": 1, "hotel_value": ["4.7"], "hotel_price": ["112"]}, "6398678": {"hotel_name": "\u6df1\u5733\u8da3\u521b\u9152\u5e97", "order_time": ["2019-01-17 10:13:45"], "total_order": 1, "hotel_value": ["4.4"], "hotel_price": ["223"]}, "371252": {"hotel_name": "\u8c6a\u6d3e\u7279\u534e\u7f8e\u8fbe\u5e7f\u573a\u9152\u5e97(\u6df1\u5733\u5317\u7ad9\u5e97)", "order_time": ["2019-01-17 10:21:36", "2019-01-17 10:19:43", "2019-01-17 10:13:47"], "total_order": 3, "hotel_value": ["4.5", "4.5", "4.5"], "hotel_price": ["522", "522", "522"]}, "879022": {"hotel_name": "\u6df1\u5733\u51ef\u4fe1\u5feb\u6377\u9152\u5e97", "order_time": ["2019-01-17 10:13:49"], "total_order": 1, "hotel_value": ["4.5"], "hotel_price": ["144"]}, "802703": {"hotel_name": "\u7d22\u7279\u6765\u9152\u5e97(\u91d1\u8272\u9633\u5149\u5e97)(\u539f\u91d1\u8272\u9633\u5149\u9152\u5e97)", "order_time": ["2019-01-17 10:13:49"], "total_order": 1, "hotel_value": ["4.3"], "hotel_price": ["134"]}, "833549": {"hotel_name": "\u6df1\u5733\u51ef\u4e3d\u9152\u5e97", "order_time": ["2019-01-17 10:13:51"], "total_order": 1, "hotel_value": ["4.1"], "hotel_price": ["165"]}, "1386202": {"hotel_name": "\u987a\u9038\u4e1c\u65b9\u9152\u5e97(\u6df1\u5733\u5927\u8fd0\u5730\u94c1\u7ad9\u5e97)(\u539f\u5927\u8fd0\u5e97)", "order_time": ["2019-01-17 10:13:52"], "total_order": 1, "hotel_value": ["4.5"], "hotel_price": ["198"]}, "993363": {"hotel_name": "\u6df1\u5733\u8f83\u573a\u5c3e\u5708\u5708\u91cc\u6d77\u8fb9\u7cbe\u54c1\u5ba2\u6808(\u539f\u8f83\u573a\u5c3e\u5708\u5708\u91cc\u5ba2\u6808)", "order_time": ["2019-01-17 10:13:53"], "total_order": 1, "hotel_value": ["4.9"], "hotel_price": ["5857"]}, "11264776": {"hotel_name": "\u6df1\u5733\u5bb6\u56ed\u7cbe\u54c1\u9152\u5e97", "order_time": ["2019-01-17 10:13:55"], "total_order": 1, "hotel_value": ["4.3"], "hotel_price": ["160"]}, "673487": {"hotel_name": "\u6df1\u5733\u632f\u5174\u5bbe\u9986", "order_time": ["2019-01-17 10:13:55"], "total_order": 1, "hotel_value": ["4.3"], "hotel_price": ["230"]}, "1598527": {"hotel_name": "\u516b\u53f7\u8fde\u9501\u9152\u5e97(\u6df1\u5733\u4e16\u754c\u4e4b\u7a97\u4e8c\u5e97)", "order_time": ["2019-01-17 10:13:57"], "total_order": 1, "hotel_value": ["4.5"], "hotel_price": ["248"]}, "1600222": {"hotel_name": "\u6d77\u53cb\u9152\u5e97(\u6df1\u5733\u4f1a\u5c55\u4e2d\u5fc3\u5e97)", "order_time": ["2019-01-17 10:14:01"], "total_order": 1, "hotel_value": ["3.9"], "hotel_price": ["142"]}, "1598459": {"hotel_name": "\u6df1\u5733\u6843\u6e90\u5546\u52a1\u9152\u5e97", "order_time": ["2019-01-17 10:14:02"], "total_order": 1, "hotel_value": ["3.7"], "hotel_price": ["188"]}, "28433951": {"hotel_name": "\u6df1\u5733\u91d1\u5c7f\u9152\u5e97", "order_time": ["2019-01-17 10:14:10"], "total_order": 1, "hotel_value": [0], "hotel_price": ["128"]}, "15154715": {"hotel_name": "\u6df1\u5733\u9a6c\u7334\u70e7\u9152\u9752\u5e74\u65c5\u793e", "order_time": ["2019-01-17 10:14:14"], "total_order": 1, "hotel_value": ["4.6"], "hotel_price": ["49"]}, "6639587": {"hotel_name": "\u6df1\u5733\u4e07\u660c\u516c\u5bd3\u6717\u5c71\u8def\u5e97", "order_time": ["2019-01-17 10:14:21"], "total_order": 1, "hotel_value": ["4.3"], "hotel_price": ["238"]}, "2996111": {"hotel_name": "\u6df1\u5733\u5927\u57ce\u5c0f\u6808", "order_time": ["2019-01-17 10:14:23"], "total_order": 1, "hotel_value": ["4.2"], "hotel_price": ["98"]}, "898136": {"hotel_name": "\u6df1\u5733\u592a\u9633\u5c9b\u5047\u65e5\u9152\u5e97", "order_time": ["2019-01-17 10:15:38"], "total_order": 1, "hotel_value": ["4.4"], "hotel_price": ["218"]}, "535472": {"hotel_name": "\u6df1\u5733\u5357\u65b9\u8054\u5408\u5927\u9152\u5e97", "order_time": ["2019-01-17 10:15:38"], "total_order": 1, "hotel_value": ["4.5"], "hotel_price": ["443"]}, "6308139": {"hotel_name": "\u7ef4\u4e5f\u7eb3\u9152\u5e97(\u6df1\u5733\u798f\u6c38\u5730\u94c1\u7ad9\u5e97)", "order_time": ["2019-01-17 10:15:38", "2019-01-17 10:25:36"], "total_order": 2, "hotel_value": ["4.7", "4.7"], "hotel_price": ["357", "357"]}, "18439542": {"hotel_name": "\u6c49\u8c37\u4e3b\u9898\u516c\u5bd3(\u6df1\u5733\u4f1a\u5c55\u4e2d\u5fc3\u5e97)", "order_time": ["2019-01-17 10:15:39"], "total_order": 1, "hotel_value": ["4.4"], "hotel_price": ["470"]}, "1596225": {"hotel_name": "\u6587\u661f\u8fde\u9501\u9152\u5e97(\u6df1\u5733\u897f\u4e3d\u5e97)(\u539f\u9ad8\u804c\u9662\u5e97)", "order_time": ["2019-01-17 10:15:39"], "total_order": 1, "hotel_value": ["4.4"], "hotel_price": ["174"]}, "512596": {"hotel_name": "\u6df1\u5733\u661f\u96c5\u8f69\u9152\u5e97", "order_time": ["2019-01-17 10:15:40"], "total_order": 1, "hotel_value": ["4.5"], "hotel_price": ["296"]}, "4690327": {"hotel_name": "\u6df1\u5733\u673a\u573a\u51ef\u60a6\u5609\u5bd3\u9152\u5e97", "order_time": ["2019-01-17 10:15:45"], "total_order": 1, "hotel_value": ["4.7"], "hotel_price": ["826"]}, "11911270": {"hotel_name": "\u6c47\u9e92\u9152\u5e97", "order_time": ["2019-01-17 10:15:45"], "total_order": 1, "hotel_value": ["4.6"], "hotel_price": ["123"]}, "8565889": {"hotel_name": "\u6df1\u5733\u661f\u604b\u4e3b\u9898\u9152\u5e97", "order_time": ["2019-01-17 10:15:47"], "total_order": 1, "hotel_value": ["4.6"], "hotel_price": ["239"]}, "1578547": {"hotel_name": "7\u5929\u4f18\u54c1\u9152\u5e97(\u6df1\u5733\u79d1\u6280\u56ed\u9ad8\u65b0\u56ed\u5730\u94c1\u7ad9\u5e97)", "order_time": ["2019-01-17 10:19:46", "2019-01-17 10:15:48"], "total_order": 2, "hotel_value": ["4.5", "4.5"], "hotel_price": ["379", "410"]}, "1573613": {"hotel_name": "\u6df1\u5733\u592a\u8446\u4e30\u9152\u5e97", "order_time": ["2019-01-17 10:15:48"], "total_order": 1, "hotel_value": ["4.2"], "hotel_price": ["199"]}, "2170213": {"hotel_name": "\u51ef\u76db\u7ecf\u6d4e\u9152\u5e97(\u6df1\u5733\u4e16\u754c\u4e4b\u7a97\u5e97)", "order_time": ["2019-01-17 10:15:51"], "total_order": 1, "hotel_value": ["4.1"], "hotel_price": ["203"]}, "25799941": {"hotel_name": "\u6df1\u5733\u666f\u7426\u5927\u9152\u5e97", "order_time": ["2019-01-17 10:15:51"], "total_order": 1, "hotel_value": [0], "hotel_price": ["398"]}, "437503": {"hotel_name": "\u9526\u6c5f\u4e4b\u661f\u98ce\u5c1a(\u6df1\u5733\u7ffb\u8eab\u5730\u94c1\u7ad9\u5e97)", "order_time": ["2019-01-17 10:15:52"], "total_order": 1, "hotel_value": ["4.2"], "hotel_price": ["159"]}, "1593220": {"hotel_name": "\u4e00\u8a93\u73ab\u7470\u60c5\u4fa3\u4e3b\u9898\u9152\u5e97(\u6df1\u5733\u5efa\u5b89\u5e97)", "order_time": ["2019-01-17 10:15:52"], "total_order": 1, "hotel_value": ["4.5"], "hotel_price": ["149"]}, "1600188": {"hotel_name": "\u7ef4\u96c5\u4e3d\u9152\u5e97(\u6df1\u5733\u706b\u8f66\u7ad9\u6625\u98ce\u8def\u5e97)", "order_time": ["2019-01-17 10:15:52"], "total_order": 1, "hotel_value": ["4.1"], "hotel_price": ["226"]}, "1198311": {"hotel_name": "7\u5929\u8fde\u9501\u9152\u5e97(\u6df1\u5733\u673a\u573a\u65b0\u822a\u7ad9\u697c\u5e97)", "order_time": ["2019-01-17 10:15:53"], "total_order": 1, "hotel_value": ["4.2"], "hotel_price": ["145"]}, "1571609": {"hotel_name": "\u6df1\u5733\u8fdb\u8d24\u5927\u9152\u5e97", "order_time": ["2019-01-17 10:15:53"], "total_order": 1, "hotel_value": ["4.2"], "hotel_price": ["246"]}, "5772032": {"hotel_name": "\u6df1\u5733\u4e50\u5bb6\u7cbe\u54c1\u670d\u52a1\u516c\u5bd3", "order_time": ["2019-01-17 10:15:53"], "total_order": 1, "hotel_value": ["4.5"], "hotel_price": ["308"]}, "1847516": {"hotel_name": "\u6df1\u5733\u6d77\u987a\u5feb\u6377\u9152\u5e97", "order_time": ["2019-01-17 10:15:54"], "total_order": 1, "hotel_value": ["4.5"], "hotel_price": ["124"]}, "24462542": {"hotel_name": "\u6df1\u5733\u8d1d\u5854LOFT\u7cbe\u54c1\u516c\u5bd3", "order_time": ["2019-01-17 10:16:00"], "total_order": 1, "hotel_value": ["4.7"], "hotel_price": ["252"]}, "511402": {"hotel_name": "\u6df1\u5733\u829d\u52a0\u54e5\u56fd\u9645\u516c\u5bd3", "order_time": ["2019-01-17 10:16:02"], "total_order": 1, "hotel_value": ["4.1"], "hotel_price": ["295"]}, "1603244": {"hotel_name": "\u683c\u6797\u8054\u76df\u9152\u5e97(\u6df1\u5733\u534e\u5357\u57ce\u897f\u5927\u95e8\u5e97)", "order_time": ["2019-01-17 10:16:03"], "total_order": 1, "hotel_value": ["3.7"], "hotel_price": ["152"]}, "3690063": {"hotel_name": "\u6df1\u5733\u51ef\u5cf0\u5546\u52a1\u9152\u5e97", "order_time": ["2019-01-17 10:16:11"], "total_order": 1, "hotel_value": ["4.0"], "hotel_price": ["104"]}, "1693127": {"hotel_name": "\u6df1\u5733\u521b\u5174\u8fbe\u9152\u5e97", "order_time": ["2019-01-17 10:16:24"], "total_order": 1, "hotel_value": ["4.2"], "hotel_price": ["238"]}, "448940": {"hotel_name": "\u6df1\u5733\u6e7e\u79d1\u6280\u56ed\u4e2d\u5357\u6d77\u6ee8\u5927\u9152\u5e97", "order_time": ["2019-01-17 10:17:37"], "total_order": 1, "hotel_value": ["4.0"], "hotel_price": ["388"]}, "2623915": {"hotel_name": "\u7ef4\u4e5f\u7eb3\u56fd\u9645\u9152\u5e97(\u6df1\u5733\u666f\u7530\u5e97)", "order_time": ["2019-01-17 10:17:39"], "total_order": 1, "hotel_value": ["4.8"], "hotel_price": ["409"]}, "6106995": {"hotel_name": "\u6df1\u5733\u559c\u6765\u5b9d\u9152\u5e97", "order_time": ["2019-01-17 10:17:41"], "total_order": 1, "hotel_value": ["4.5"], "hotel_price": ["103"]}, "14252091": {"hotel_name": "\u67cf\u9ad8\u9152\u5e97(\u6df1\u5733\u516c\u660e\u5e7f\u573a\u5e97)", "order_time": ["2019-01-17 10:17:43"], "total_order": 1, "hotel_value": ["4.8"], "hotel_price": ["218"]}, "661443": {"hotel_name": "\u6df1\u5733\u4e1c\u65b9\u534a\u5c71\u9152\u5e97", "order_time": ["2019-01-17 10:17:44"], "total_order": 1, "hotel_value": ["4.3"], "hotel_price": ["298"]}, "2127500": {"hotel_name": "\u6df1\u5733\u826f\u5fb7\u9152\u5e97", "order_time": ["2019-01-17 10:17:45"], "total_order": 1, "hotel_value": ["4.4"], "hotel_price": ["220"]}, "419562": {"hotel_name": "\u6df1\u5733\u89c6\u754c\u98ce\u5c1a\u9152\u5e97", "order_time": ["2019-01-17 10:17:46"], "total_order": 1, "hotel_value": ["4.2"], "hotel_price": ["311"]}, "5768018": {"hotel_name": "\u79d1\u6da6\u9152\u5e97\u516c\u5bd3(\u6df1\u5733\u79d1\u6280\u56ed\u5e97)", "order_time": ["2019-01-17 10:17:49"], "total_order": 1, "hotel_value": ["4.4"], "hotel_price": ["466"]}, "5385129": {"hotel_name": "\u6df1\u5733\u68a6\u4e4b\u604b\u4e3b\u9898\u9152\u5e97\u86c7\u53e3\u5e97", "order_time": ["2019-01-17 10:17:50"], "total_order": 1, "hotel_value": ["4.2"], "hotel_price": ["153"]}, "6053074": {"hotel_name": "\u6df1\u5733\u6c38\u6e56\u946b\u5bbe\u9986", "order_time": ["2019-01-17 10:17:53"], "total_order": 1, "hotel_value": ["4.1"], "hotel_price": ["131"]}, "6741815": {"hotel_name": "\u6df1\u5733\u534e\u5f3a\u5bbe\u9986", "order_time": ["2019-01-17 10:18:00"], "total_order": 1, "hotel_value": ["4.3"], "hotel_price": ["228"]}, "1299111": {"hotel_name": "\u6df1\u5733\u5929\u6daf\u5ba2\u6808", "order_time": ["2019-01-17 10:18:12"], "total_order": 1, "hotel_value": ["3.1"], "hotel_price": ["45"]}, "6817547": {"hotel_name": "\u6df1\u5733\u91d1\u5bcc\u4e3d\u82b1\u56ed\u9152\u5e97", "order_time": ["2019-01-17 10:18:15"], "total_order": 1, "hotel_value": ["4.5"], "hotel_price": ["529"]}, "1721205": {"hotel_name": "\u6df1\u5733\u7ec5\u58eb\u9152\u5e97", "order_time": ["2019-01-17 10:19:35"], "total_order": 1, "hotel_value": ["4.4"], "hotel_price": ["238"]}, "19630852": {"hotel_name": "\u6df1\u5733\u82e5\u73ba\u9152\u5e97", "order_time": ["2019-01-17 10:19:37"], "total_order": 1, "hotel_value": ["4.7"], "hotel_price": ["918"]}, "13319557": {"hotel_name": "\u871c\u9014\u9152\u5e97\u516c\u5bd3(\u6df1\u5733\u4e16\u754c\u4e4b\u7a97\u5e97)", "order_time": ["2019-01-17 10:19:39", "2019-01-17 10:35:38"], "total_order": 2, "hotel_value": ["4.4", "4.4"], "hotel_price": ["366", "366"]}, "447294": {"hotel_name": "\u6df1\u5733\u534e\u5b89\u56fd\u9645\u5927\u9152\u5e97", "order_time": ["2019-01-17 10:19:40"], "total_order": 1, "hotel_value": ["4.6"], "hotel_price": ["710"]}, "1598538": {"hotel_name": "\u6df1\u5733\u5b66\u5e9c\u5170\u5179\u9152\u5e97", "order_time": ["2019-01-17 10:19:41"], "total_order": 1, "hotel_value": ["4.5"], "hotel_price": ["281"]}, "1096118": {"hotel_name": "\u6df1\u5733\u5b9d\u660e\u57ce\u5927\u9152\u5e97(\u5149\u660e\u65b0\u533a\u5e97)", "order_time": ["2019-01-17 10:19:42"], "total_order": 1, "hotel_value": ["4.5"], "hotel_price": ["289"]}, "926481": {"hotel_name": "\u6df1\u5733\u6797\u80af\u5609\u5e74\u534e\u9152\u5e97", "order_time": ["2019-01-17 10:19:46"], "total_order": 1, "hotel_value": ["4.5"], "hotel_price": ["228"]}, "8901224": {"hotel_name": "\u6021\u96c5\u5c45\u9152\u5e97\u5f0f\u516c\u5bd3(\u6a1f\u5751\u4e00\u533a\u5e97)", "order_time": ["2019-01-17 10:19:49"], "total_order": 1, "hotel_value": ["4.0"], "hotel_price": ["112"]}, "5246068": {"hotel_name": "\u7fd4\u6797\u65f6\u5c1a\u9152\u5e97(\u6df1\u5733\u540e\u745e\u5730\u94c1\u7ad9\u5e97)(\u539f\u5b9d\u5b89\u673a\u573a\u65b0\u822a\u7ad9\u697c\u5e97)", "order_time": ["2019-01-17 10:19:51"], "total_order": 1, "hotel_value": ["4.2"], "hotel_price": ["123"]}, "931308": {"hotel_name": "\u7ef4\u4e5f\u7eb3\u9152\u5e97(\u6df1\u5733\u53cc\u9f99\u5730\u94c1\u7ad9\u5e97)", "order_time": ["2019-01-17 10:19:51"], "total_order": 1, "hotel_value": ["4.8"], "hotel_price": ["209"]}, "28680537": {"hotel_name": "\u9e97\u67ab\u9152\u5e97(\u6df1\u5733\u897f\u4e3d\u5730\u94c1\u7ad9\u5e97)", "order_time": ["2019-01-17 10:19:51"], "total_order": 1, "hotel_value": ["4.6"], "hotel_price": ["319"]}, "428306": {"hotel_name": "\u6df1\u5733\u5408\u6cf0\u7cbe\u54c1\u9152\u5e97", "order_time": ["2019-01-17 10:19:53"], "total_order": 1, "hotel_value": ["4.7"], "hotel_price": ["193"]}, "1596109": {"hotel_name": "\u6df1\u5733\u9e3f\u6cf0\u9f99\u9152\u5e97", "order_time": ["2019-01-17 10:33:56", "2019-01-17 10:19:55"], "total_order": 2, "hotel_value": ["4.1", "4.1"], "hotel_price": ["153", "153"]}, "430649": {"hotel_name": "\u6df1\u5733\u7f57\u6e56\u5927\u9152\u5e97", "order_time": ["2019-01-17 10:21:37"], "total_order": 1, "hotel_value": ["4.1"], "hotel_price": ["340"]}, "2601811": {"hotel_name": "\u6df1\u5733\u897f\u6e56\u9152\u5e97", "order_time": ["2019-01-17 10:21:38"], "total_order": 1, "hotel_value": ["4.2"], "hotel_price": ["199"]}, "456100": {"hotel_name": "\u6df1\u5733\u5e7f\u4fe1\u9152\u5e97", "order_time": ["2019-01-17 10:21:40"], "total_order": 1, "hotel_value": ["4.4"], "hotel_price": ["199"]}, "5716353": {"hotel_name": "\u5c1a\u4fed\u592a\u7a7a\u8231\u9152\u5e97(\u6df1\u5733\u534e\u5f3a\u5317\u5e97)", "order_time": ["2019-01-17 10:21:42"], "total_order": 1, "hotel_value": ["4.4"], "hotel_price": ["70"]}, "5250074": {"hotel_name": "\u6df1\u5733\u6c38\u5b9c\u9152\u5e97\u5317\u7ad9\u5e97", "order_time": ["2019-01-17 10:21:43"], "total_order": 1, "hotel_value": ["4.5"], "hotel_price": ["166"]}, "5846714": {"hotel_name": "\u6df1\u5733\u5c1a\u5ba2\u4f18\u8fde\u9501\u9152\u5e97\u4e16\u754c\u4e4b\u7a97\u5e97", "order_time": ["2019-01-17 10:21:48"], "total_order": 1, "hotel_value": ["3.7"], "hotel_price": ["256"]}, "4980719": {"hotel_name": "\u7ef4\u4e5f\u7eb33\u597d\u9152\u5e97(\u6df1\u5733\u89c2\u6f9c\u5510\u4eba\u8857\u5e97)", "order_time": ["2019-01-17 10:21:51"], "total_order": 1, "hotel_value": ["4.8"], "hotel_price": ["236"]}, "1598299": {"hotel_name": "\u6df1\u5733\u6cf0\u534e\u65f6\u5c1a\u9152\u5e97", "order_time": ["2019-01-17 10:21:53"], "total_order": 1, "hotel_value": ["4.0"], "hotel_price": ["121"]}, "833162": {"hotel_name": "\u6df1\u5733\u4e30\u6cf0\u65c5\u9986", "order_time": ["2019-01-17 10:21:56"], "total_order": 1, "hotel_value": ["3.9"], "hotel_price": ["109"]}, "13912816": {"hotel_name": "\u6df1\u5733\u6d77\u84dd\u6930\u6797\u5ea6\u5047\u516c\u5bd3", "order_time": ["2019-01-17 10:21:57"], "total_order": 1, "hotel_value": ["4.9"], "hotel_price": ["194"]}, "1107310": {"hotel_name": "80\u9752\u5e74\u9152\u5e97(\u6df1\u5733\u56fa\u620d\u5e97)", "order_time": ["2019-01-17 10:22:03"], "total_order": 1, "hotel_value": ["3.9"], "hotel_price": ["112"]}, "21796593": {"hotel_name": "\u6df1\u5733TOWO\u6c5f\u57ce\u9152\u5e97(\u539f\u4e0a\u54c1\u9152\u5e97)", "order_time": ["2019-01-17 10:22:04", "2019-01-17 10:32:07"], "total_order": 2, "hotel_value": ["4.6", "4.6"], "hotel_price": ["109", "109"]}, "6690814": {"hotel_name": "\u7ef4\u4e5f\u7eb3\u9152\u5e97(\u6df1\u5733\u9f99\u5c97\u7231\u5357\u8def\u5e97)", "order_time": ["2019-01-17 10:23:36"], "total_order": 1, "hotel_value": ["4.9"], "hotel_price": ["278"]}, "1390791": {"hotel_name": "\u5168\u5b63\u9152\u5e97(\u6df1\u5733\u6df1\u5357\u5927\u9053\u534e\u5f3a\u5e97)", "order_time": ["2019-01-17 10:23:37"], "total_order": 1, "hotel_value": ["4.5"], "hotel_price": ["636"]}, "1600408": {"hotel_name": "\u987a\u535a\u8fde\u9501\u5bbe\u9986(\u6df1\u5733\u4e1c\u95e8\u5e97)", "order_time": ["2019-01-17 10:23:37"], "total_order": 1, "hotel_value": ["4.0"], "hotel_price": ["101"]}, "6052488": {"hotel_name": "\u6df1\u5733\u661f\u8bed\u592a\u7a7a\u8231\u516c\u5bd3", "order_time": ["2019-01-17 10:23:40"], "total_order": 1, "hotel_value": ["4.4"], "hotel_price": ["86"]}, "6022500": {"hotel_name": "\u65b0\u4e09\u56f4\u9152\u5e97(\u6df1\u5733\u65b0\u673a\u573aT3\u822a\u7ad9\u697c\u5e97)", "order_time": ["2019-01-17 10:23:41"], "total_order": 1, "hotel_value": ["4.4"], "hotel_price": ["188"]}, "458870": {"hotel_name": "\u6c49\u5ead\u9152\u5e97(\u6df1\u5733\u4e07\u8c61\u57ce\u5e97)", "order_time": ["2019-01-17 10:23:43"], "total_order": 1, "hotel_value": ["4.0"], "hotel_price": ["313"]}, "661437": {"hotel_name": "\u6df1\u5733\u5e02\u67cf\u65af\u987f(\u7a7a\u4e2d)\u82b1\u56ed\u9152\u5e97", "order_time": ["2019-01-17 10:23:45"], "total_order": 1, "hotel_value": ["4.5"], "hotel_price": ["278"]}, "1649455": {"hotel_name": "\u6df1\u5733\u60a6\u6d77\u749f\u5546\u52a1\u9152\u5e97", "order_time": ["2019-01-17 10:23:48"], "total_order": 1, "hotel_value": ["4.1"], "hotel_price": ["208"]}, "7062154": {"hotel_name": "\u7ef4\u4e5f\u7eb3\u56fd\u9645\u9152\u5e97(\u6df1\u5733\u5927\u9e4f\u8475\u5357\u5e97)", "order_time": ["2019-01-17 10:23:52"], "total_order": 1, "hotel_value": ["4.8"], "hotel_price": ["359"]}, "3722309": {"hotel_name": "\u84ec\u5ba2\u7cbe\u54c1\u9152\u5e97(\u6df1\u5733\u5317\u7ad9\u5e97)", "order_time": ["2019-01-17 10:23:56"], "total_order": 1, "hotel_value": ["4.6"], "hotel_price": ["237"]}, "1200165": {"hotel_name": "99\u65c5\u9986\u8fde\u9501(\u6df1\u5733\u7075\u829d\u5730\u94c1\u7ad9\u5e97)", "order_time": ["2019-01-17 10:24:05"], "total_order": 1, "hotel_value": ["3.9"], "hotel_price": ["98"]}, "1595835": {"hotel_name": "\u6df1\u5733\u798f\u4fa8\u5bbe\u9986", "order_time": ["2019-01-17 10:24:06"], "total_order": 1, "hotel_value": ["3.7"], "hotel_price": ["107"]}, "3463931": {"hotel_name": "\u6df1\u5733\u5929\u5b87\u65b0\u6982\u5ff5\u5bbe\u9986", "order_time": ["2019-01-17 10:24:10"], "total_order": 1, "hotel_value": ["4.5"], "hotel_price": ["188"]}, "1549285": {"hotel_name": "\u7ef4\u4e5f\u7eb3\u9152\u5e97(\u6df1\u5733\u89c2\u6f9c\u89c2\u6e56\u56ed\u5e97)", "order_time": ["2019-01-17 10:24:11"], "total_order": 1, "hotel_value": ["4.8"], "hotel_price": ["297"]}, "1061309": {"hotel_name": "\u6df1\u5733\u4f73\u946b\u65c5\u9986", "order_time": ["2019-01-17 10:24:13"], "total_order": 1, "hotel_value": ["1.8"], "hotel_price": ["40"]}, "6312611": {"hotel_name": "\u6df1\u5733\u4eac\u57fa100\u6ee8\u6cb3\u516c\u5bd3", "order_time": ["2019-01-17 10:25:37"], "total_order": 1, "hotel_value": ["3.9"], "hotel_price": ["248"]}, "5768270": {"hotel_name": "\u5929\u7199\u9ad8\u7ea7\u5546\u52a1\u516c\u5bd3(\u6df1\u5733ONE39\u5e97)", "order_time": ["2019-01-17 10:25:38"], "total_order": 1, "hotel_value": ["4.6"], "hotel_price": ["344"]}, "433905": {"hotel_name": "\u6df1\u5733\u5927\u6885\u6c99\u6e7e\u6e38\u8247\u5ea6\u5047\u9152\u5e97", "order_time": ["2019-01-17 10:25:38"], "total_order": 1, "hotel_value": ["4.7"], "hotel_price": ["900"]}, "4359583": {"hotel_name": "\u6df1\u5733520\u6d6a\u6f2b\u4e3b\u9898\u9152\u5e97", "order_time": ["2019-01-17 10:25:39"], "total_order": 1, "hotel_value": ["4.7"], "hotel_price": ["228"]}, "1272953": {"hotel_name": "\u7ef4\u4e5f\u7eb3\u9152\u5e97(\u6df1\u5733\u6a2a\u5c97\u7fe0\u6e56\u5c71\u5e84\u5e97)", "order_time": ["2019-01-17 10:25:39"], "total_order": 1, "hotel_value": ["4.8"], "hotel_price": ["249"]}, "535445": {"hotel_name": "\u6df1\u5733\u5e90\u5c71\u9152\u5e97(\u539f\u5e90\u5c71\u56fd\u9645\u5927\u9152\u5e97)", "order_time": ["2019-01-17 10:25:39"], "total_order": 1, "hotel_value": ["4.4"], "hotel_price": ["600"]}, "1600211": {"hotel_name": "\u683c\u6797\u8054\u76df\u9152\u5e97(\u6df1\u5733\u86c7\u53e3\u6d77\u4e0a\u4e16\u754c\u592a\u5b50\u8def\u5e97)", "order_time": ["2019-01-17 10:25:41"], "total_order": 1, "hotel_value": ["4.3"], "hotel_price": ["294"]}, "5238031": {"hotel_name": "\u6df1\u5733\u5929\u5929\u8fde\u9501\u9152\u5e97\u897f\u4e3d\u5317\u8def\u5e97", "order_time": ["2019-01-17 10:25:42"], "total_order": 1, "hotel_value": ["4.1"], "hotel_price": ["133"]}, "1007488": {"hotel_name": "\u6d3e\u9152\u5e97(\u6df1\u5733\u4e1c\u95e8\u6b65\u884c\u8857\u5e97)", "order_time": ["2019-01-17 10:25:43"], "total_order": 1, "hotel_value": ["4.6"], "hotel_price": ["149"]}, "13802180": {"hotel_name": "\u9e97\u67ab\u9152\u5e97(\u6df1\u5733\u5317\u7ad9\u9f99\u534e\u58f9\u57ce\u4e2d\u5fc3\u5e97)", "order_time": ["2019-01-17 10:31:42", "2019-01-17 10:27:43", "2019-01-17 10:25:43"], "total_order": 3, "hotel_value": ["4.8", "4.8", "4.8"], "hotel_price": ["338", "338", "338"]}, "6310189": {"hotel_name": "\u6df1\u5733\u8bb0\u5fc6\u56fd\u9645\u516c\u5bd3(\u539f\u777f\u4e3d\u9ad8\u7ea7\u5546\u52a1\u516c\u5bd3)", "order_time": ["2019-01-17 10:25:48"], "total_order": 1, "hotel_value": ["4.5"], "hotel_price": ["397"]}, "6414483": {"hotel_name": "\u6df1\u5733\u541b\u9716\u7cbe\u54c1\u9152\u5e97", "order_time": ["2019-01-17 10:25:53"], "total_order": 1, "hotel_value": ["4.4"], "hotel_price": ["108"]}, "3798040": {"hotel_name": "\u5c1a\u54c1\u4f18\u8fde\u9501\u9152\u5e97(\u6df1\u5733\u6c99\u4e95\u5e97)", "order_time": ["2019-01-17 10:25:53"], "total_order": 1, "hotel_value": ["4.3"], "hotel_price": ["144"]}, "6472868": {"hotel_name": "\u6df1\u5733\u4e3d\u601d\u9152\u5e97", "order_time": ["2019-01-17 10:25:55"], "total_order": 1, "hotel_value": ["4.3"], "hotel_price": ["124"]}, "1571520": {"hotel_name": "\u6607\u60a6\u9152\u5e97(\u6df1\u5733\u897f\u4e61\u5e97)", "order_time": ["2019-01-17 10:25:58"], "total_order": 1, "hotel_value": ["4.6"], "hotel_price": ["198"]}, "6284281": {"hotel_name": "\u6df1\u5733\u8377\u5858\u6708\u8272\u4e3b\u9898\u9152\u5e97", "order_time": ["2019-01-17 10:25:59"], "total_order": 1, "hotel_value": ["4.2"], "hotel_price": ["111"]}, "5906959": {"hotel_name": "\u7d22\u83f2\u7f57\u5170\u7cbe\u54c1\u9152\u5e97(\u6df1\u5733\u56ed\u5cad\u5730\u94c1\u7ad9\u5e97)(\u539f\u7ea2\u5cad\u8def\u5e97)", "order_time": ["2019-01-17 10:26:04"], "total_order": 1, "hotel_value": ["3.6"], "hotel_price": ["159"]}, "27114992": {"hotel_name": "\u57ce\u5bb6\u516c\u5bd3(\u6df1\u5733\u5357\u5c71\u79d1\u6280\u56ed\u5e97)", "order_time": ["2019-01-17 10:27:40"], "total_order": 1, "hotel_value": ["4.9"], "hotel_price": ["272"]}, "654593": {"hotel_name": "\u6df1\u5733\u6ce2\u6258\u83f2\u8bfa\u56fd\u9645\u516c\u5bd3", "order_time": ["2019-01-17 10:27:43"], "total_order": 1, "hotel_value": ["4.6"], "hotel_price": ["1238"]}, "1389570": {"hotel_name": "\u822a\u5ef7\u9152\u5e97(\u6df1\u5733\u65b0\u822a\u7ad9\u697c\u5e97)", "order_time": ["2019-01-17 10:27:45"], "total_order": 1, "hotel_value": ["4.1"], "hotel_price": ["162"]}, "5147875": {"hotel_name": "\u5979\u4ed6\u4f1a\u9152\u5e97\u516c\u5bd3(\u6df1\u5733\u79d1\u6280\u56ed\u5e97)", "order_time": ["2019-01-17 10:27:48"], "total_order": 1, "hotel_value": ["4.3"], "hotel_price": ["295"]}, "1424579": {"hotel_name": "\u7f18\u5206\u7cbe\u54c1\u9152\u5e97(\u6df1\u5733\u6885\u6797\u5e97)(\u539f\u7d22\u7279\u6765\u7f18\u5206\u7cbe\u54c1\u9152\u5e97)", "order_time": ["2019-01-17 10:29:40"], "total_order": 1, "hotel_value": ["4.3"], "hotel_price": ["258"]}, "1502328": {"hotel_name": "\u6df1\u5733\u5bf0\u5b87\u5927\u9152\u5e97", "order_time": ["2019-01-17 10:29:43"], "total_order": 1, "hotel_value": ["4.2"], "hotel_price": ["298"]}, "9668814": {"hotel_name": "\u4e00\u5446\u516c\u5bd3(\u6df1\u5733\u9999\u871c\u6e56\u5e97)", "order_time": ["2019-01-17 10:29:44"], "total_order": 1, "hotel_value": ["4.6"], "hotel_price": ["288"]}, "1573285": {"hotel_name": "\u6df1\u5733\u677e\u4e54\u9152\u5e97", "order_time": ["2019-01-17 10:29:45"], "total_order": 1, "hotel_value": ["4.4"], "hotel_price": ["308"]}, "1542105": {"hotel_name": "\u6df1\u5733\u8d1d\u5c14\u6f2b\u7cbe\u54c1\u9152\u5e97", "order_time": ["2019-01-17 10:29:50"], "total_order": 1, "hotel_value": ["4.5"], "hotel_price": ["153"]}, "1595821": {"hotel_name": "\u516b\u65b9\u5feb\u6377\u9152\u5e97(\u6df1\u5733\u6c99\u4e95\u4e2d\u5fc3\u5e97)", "order_time": ["2019-01-17 10:29:50"], "total_order": 1, "hotel_value": ["4.4"], "hotel_price": ["111"]}, "806987": {"hotel_name": "\u540d\u4eba\u5bbe\u9986(\u6df1\u5733\u576a\u5c71\u5e97)", "order_time": ["2019-01-17 10:29:53"], "total_order": 1, "hotel_value": ["4.3"], "hotel_price": ["113"]}, "6284401": {"hotel_name": "\u6df1\u5733\u7eb3\u5229\u83b1\u9152\u5e97", "order_time": ["2019-01-17 10:29:54"], "total_order": 1, "hotel_value": ["4.4"], "hotel_price": ["173"]}, "1597626": {"hotel_name": "\u6df1\u5733\u534e\u8054\u5546\u52a1\u5bbe\u9986(\u576a\u5c71\u9ad8\u94c1\u7ad9\u5e97)", "order_time": ["2019-01-17 10:29:54"], "total_order": 1, "hotel_value": ["4.2"], "hotel_price": ["143"]}, "1600236": {"hotel_name": "\u6f2b\u6e38\u8005\u9752\u5e74\u65c5\u820d(\u6df1\u5733\u4f1a\u5c55\u4e2d\u5fc3\u5e97)", "order_time": ["2019-01-17 10:29:54"], "total_order": 1, "hotel_value": ["4.3"], "hotel_price": ["106"]}, "3456464": {"hotel_name": "\u6c49\u5ead\u9152\u5e97(\u6df1\u5733\u5b9d\u5b89\u677e\u5c97\u5730\u94c1\u7ad9\u5e97)", "order_time": ["2019-01-17 10:29:54"], "total_order": 1, "hotel_value": ["4.5"], "hotel_price": ["151"]}, "1571205": {"hotel_name": "\u6df1\u5733\u8054\u76db\u9152\u5e97", "order_time": ["2019-01-17 10:29:54"], "total_order": 1, "hotel_value": ["4.5"], "hotel_price": ["165"]}, "2167848": {"hotel_name": "\u6df1\u5733\u91d1\u99a8\u5546\u52a1\u9152\u5e97", "order_time": ["2019-01-17 10:29:54"], "total_order": 1, "hotel_value": ["3.9"], "hotel_price": ["118"]}, "807051": {"hotel_name": "\u6df1\u5733\u65b0\u65b9\u5411\u5bbe\u9986", "order_time": ["2019-01-17 10:29:54"], "total_order": 1, "hotel_value": ["3.8"], "hotel_price": ["158"]}, "1743399": {"hotel_name": "\u6df1\u5733\u7eff\u8335\u5047\u65e5\u5546\u52a1\u9152\u5e97", "order_time": ["2019-01-17 10:29:55"], "total_order": 1, "hotel_value": ["3.9"], "hotel_price": ["426"]}, "5982004": {"hotel_name": "\u6df1\u5733YEM\u9152\u5e97\u5f0f\u516c\u5bd3\u79d1\u6280\u56ed\u5e97", "order_time": ["2019-01-17 10:29:55"], "total_order": 1, "hotel_value": ["4.2"], "hotel_price": ["332"]}, "1850445": {"hotel_name": "\u6df1\u5733\u96c5\u820d\u5546\u52a1\u516c\u5bd3", "order_time": ["2019-01-17 10:29:55"], "total_order": 1, "hotel_value": ["4.5"], "hotel_price": ["238"]}, "4682011": {"hotel_name": "\u6df1\u5733\u559c\u798f\u6765\u9152\u5e97", "order_time": ["2019-01-17 10:29:55"], "total_order": 1, "hotel_value": ["4.5"], "hotel_price": ["112"]}, "1166811": {"hotel_name": "\u6df1\u5733\u534e\u5c14\u8fbe\u9152\u5e97", "order_time": ["2019-01-17 10:29:55"], "total_order": 1, "hotel_value": ["3.8"], "hotel_price": ["138"]}, "966939": {"hotel_name": "\u6df1\u5733\u96c5\u5ead\u7cbe\u54c1\u9152\u5e97", "order_time": ["2019-01-17 10:29:55"], "total_order": 1, "hotel_value": ["4.3"], "hotel_price": ["2706"]}, "2001333": {"hotel_name": "\u5c0f\u65f6\u4ee3\u77ed\u79df\u516c\u5bd3(\u6df1\u5733\u7fe1\u7fe0\u660e\u73e0\u5e97)", "order_time": ["2019-01-17 10:29:55"], "total_order": 1, "hotel_value": ["4.5"], "hotel_price": ["298"]}, "832965": {"hotel_name": "\u65b0\u91d1\u5ddd\u9152\u5e97(\u6df1\u5733\u673a\u573a\u5e97)", "order_time": ["2019-01-17 10:29:55"], "total_order": 1, "hotel_value": ["3.8"], "hotel_price": ["136"]}, "7954527": {"hotel_name": "\u6df1\u5733\u6a1f\u5751\u9152\u5e97\u516c\u5bd3", "order_time": ["2019-01-17 10:29:55"], "total_order": 1, "hotel_value": ["4.1"], "hotel_price": ["98"]}, "1462008": {"hotel_name": "\u6df1\u5733\u5e73\u6e7e\u5546\u65c5\u9152\u5e97", "order_time": ["2019-01-17 10:29:55"], "total_order": 1, "hotel_value": ["4.7"], "hotel_price": ["88"]}, "3067352": {"hotel_name": "\u6df1\u5733\u4e3d\u661f\u4e39\u987f\u516c\u5bd3(\u539f\u4e3d\u601d\u4e39\u987f\u516c\u5bd3)", "order_time": ["2019-01-17 10:29:55"], "total_order": 1, "hotel_value": ["4.6"], "hotel_price": ["217"]}, "1596451": {"hotel_name": "7\u5929\u4f18\u54c1\u9152\u5e97(\u6df1\u5733\u9f99\u534e\u5730\u94c1\u7ad9\u5e97)", "order_time": ["2019-01-17 10:29:55"], "total_order": 1, "hotel_value": ["4.2"], "hotel_price": ["178"]}, "1600201": {"hotel_name": "\u6df1\u5733\u8c6a\u987a\u4ebf\u6e2f\u6fb38\u53f7\u9152\u5e97\u5f0f\u516c\u5bd3", "order_time": ["2019-01-17 10:29:55"], "total_order": 1, "hotel_value": ["4.2"], "hotel_price": ["258"]}, "1849039": {"hotel_name": "\u6df1\u5733\u660e\u65b0\u5bbe\u9986", "order_time": ["2019-01-17 10:29:55"], "total_order": 1, "hotel_value": ["4.9"], "hotel_price": ["68"]}, "6335220": {"hotel_name": "\u6df1\u5733\u6717\u94b0\u9152\u5e97", "order_time": ["2019-01-17 10:29:56"], "total_order": 1, "hotel_value": ["4.3"], "hotel_price": ["169"]}, "7748208": {"hotel_name": "\u7ef4\u4e5f\u7eb3\u9152\u5e97(\u6df1\u5733\u5e73\u5409\u5927\u9053\u5e97)", "order_time": ["2019-01-17 10:31:42"], "total_order": 1, "hotel_value": ["4.9"], "hotel_price": ["196"]}, "6180982": {"hotel_name": "\u7ef4\u4e5f\u7eb33\u597d\u9152\u5e97(\u6df1\u5733\u6d77\u96c5\u7f24\u7eb7\u57ce\u5e97)", "order_time": ["2019-01-17 10:31:50"], "total_order": 1, "hotel_value": ["4.6"], "hotel_price": ["324"]}, "1600214": {"hotel_name": "\u6df1\u5733\u5df4\u83f2\u9152\u5e97", "order_time": ["2019-01-17 10:31:51"], "total_order": 1, "hotel_value": ["4.6"], "hotel_price": ["117"]}, "8039674": {"hotel_name": "\u6df1\u5733\u7b51\u68a6\u8005\u9068\u6e38\u592a\u7a7a\u8231\u9152\u5e97", "order_time": ["2019-01-17 10:31:58"], "total_order": 1, "hotel_value": ["4.7"], "hotel_price": ["38"]}, "1517780": {"hotel_name": "\u6df1\u5733\u4e2d\u6cf0\u5347\u5546\u52a1\u9152\u5e97", "order_time": ["2019-01-17 10:32:01"], "total_order": 1, "hotel_value": ["4.4"], "hotel_price": ["129"]}, "940531": {"hotel_name": "\u6df1\u5733\u5357\u8d38\u5feb\u6377\u9152\u5e97", "order_time": ["2019-01-17 10:32:01"], "total_order": 1, "hotel_value": ["3.6"], "hotel_price": ["118"]}, "6419159": {"hotel_name": "\u6df1\u5733\u6c47\u4e30\u5927\u9152\u5e97", "order_time": ["2019-01-17 10:32:22"], "total_order": 1, "hotel_value": ["4.5"], "hotel_price": ["153"]}, "1612844": {"hotel_name": "\u6df1\u5733\u6d77\u4e4b\u53cb\u9152\u5e97", "order_time": ["2019-01-17 10:33:48"], "total_order": 1, "hotel_value": ["4.2"], "hotel_price": ["119"]}, "1480210": {"hotel_name": "\u591a\u4f26\u591a\u8fde\u9501\u9152\u5e97(\u6df1\u5733\u4e1c\u95e8\u5e97)(\u539f\u9999\u6885\u8fde\u9501\u9152\u5e97)", "order_time": ["2019-01-17 10:33:49"], "total_order": 1, "hotel_value": ["4.3"], "hotel_price": ["218"]}, "6870924": {"hotel_name": "\u6df1\u5733\u535a\u58eb\u5c71\u9152\u5e97", "order_time": ["2019-01-17 10:34:05"], "total_order": 1, "hotel_value": ["3.9"], "hotel_price": ["198"]}, "3450478": {"hotel_name": "\u6df1\u5733\u661f\u671f\u4e00\u5546\u52a1\u9152\u5e97", "order_time": ["2019-01-17 10:34:07"], "total_order": 1, "hotel_value": ["4.2"], "hotel_price": ["113"]}, "930507": {"hotel_name": "\u6df1\u5733\u9526\u4e30\u5546\u52a1\u5bbe\u9986", "order_time": ["2019-01-17 10:34:10"], "total_order": 1, "hotel_value": ["4.3"], "hotel_price": ["121"]}, "654875": {"hotel_name": "\u6df1\u5733\u957f\u57ce\u5927\u9152\u5e97", "order_time": ["2019-01-17 10:35:35"], "total_order": 1, "hotel_value": ["4.6"], "hotel_price": ["469"]}, "16083377": {"hotel_name": "\u6df1\u5733TIMES\u4e39\u67ab\u767d\u9732\u516c\u5bd3", "order_time": ["2019-01-17 10:35:36"], "total_order": 1, "hotel_value": ["4.7"], "hotel_price": ["469"]}, "1212062": {"hotel_name": "\u6df1\u5733\u56de\u9152\u5e97", "order_time": ["2019-01-17 10:35:42"], "total_order": 1, "hotel_value": ["4.6"], "hotel_price": ["1029"]}, "22241466": {"hotel_name": "\u66fc\u54c8\u987f\u65f6\u5c1a\u9152\u5e97(\u6df1\u5733\u516c\u660e\u5e97)", "order_time": ["2019-01-17 10:35:46"], "total_order": 1, "hotel_value": ["4.8"], "hotel_price": ["130"]}, "482688": {"hotel_name": "\u6df1\u5733\u559c\u683c\u5546\u52a1\u9152\u5e97", "order_time": ["2019-01-17 10:38:01", "2019-01-17 10:35:48"], "total_order": 2, "hotel_value": ["4.3", "4.3"], "hotel_price": ["197", "197"]}, "4395745": {"hotel_name": "\u6df1\u5733\u76ca\u714c\u5546\u52a1\u9152\u5e97", "order_time": ["2019-01-17 10:35:51"], "total_order": 1, "hotel_value": ["4.1"], "hotel_price": ["88"]}, "1571037": {"hotel_name": "\u6df1\u5733\u5fb7\u51a0\u5ef7\u91d1\u9f99\u8f69\u9152\u5e97", "order_time": ["2019-01-17 10:35:59"], "total_order": 1, "hotel_value": ["4.4"], "hotel_price": ["250"]}, "1596067": {"hotel_name": "\u6df1\u5733\u51ef\u96c5\u5bbe\u9986", "order_time": ["2019-01-17 10:35:59"], "total_order": 1, "hotel_value": ["3.6"], "hotel_price": ["138"]}, "6810250": {"hotel_name": "\u6df1\u5733\u4e2d\u534e\u6d6a\u6f2b\u4e3b\u9898\u9152\u5e97", "order_time": ["2019-01-17 10:36:02"], "total_order": 1, "hotel_value": ["4.6"], "hotel_price": ["88"]}, "5244259": {"hotel_name": "\u6df1\u5733\u4e1c\u76db\u9152\u5e97", "order_time": ["2019-01-17 10:36:09"], "total_order": 1, "hotel_value": ["4.4"], "hotel_price": ["90"]}, "486124": {"hotel_name": "\u7687\u671d\u5546\u52a1\u9152\u5e97(\u6df1\u5733\u7687\u5c97\u53e3\u5cb8\u5e97)", "order_time": ["2019-01-17 10:37:40"], "total_order": 1, "hotel_value": ["4.0"], "hotel_price": ["225"]}, "2883194": {"hotel_name": "\u5929\u9e45\u604b\u60c5\u4fa3\u4e3b\u9898\u9152\u5e97(\u6df1\u5733\u7f57\u6e56\u5e97)", "order_time": ["2019-01-17 10:37:41"], "total_order": 1, "hotel_value": ["4.3"], "hotel_price": ["253"]}, "8357313": {"hotel_name": "\u7ef4\u4e5f\u7eb3\u56fd\u9645\u9152\u5e97(\u6df1\u5733\u5742\u7530\u73af\u57ce\u5357\u8def\u5e97)", "order_time": ["2019-01-17 10:37:41"], "total_order": 1, "hotel_value": ["4.9"], "hotel_price": ["299"]}, "6249811": {"hotel_name": "\u6c49\u6c38\u9152\u5e97(\u6df1\u5733\u4e07\u798f\u697c\u5e97)", "order_time": ["2019-01-17 10:37:42"], "total_order": 1, "hotel_value": ["4.6"], "hotel_price": ["182"]}, "4363871": {"hotel_name": "\u6df1\u5733\u5357\u6cb9\u5170\u5179\u9152\u5e97", "order_time": ["2019-01-17 10:37:42"], "total_order": 1, "hotel_value": ["4.7"], "hotel_price": ["392"]}, "661081": {"hotel_name": "\u6df1\u5733\u86c7\u53e3\u5e0c\u5c14\u987f\u5357\u6d77\u9152\u5e97", "order_time": ["2019-01-17 10:37:43"], "total_order": 1, "hotel_value": ["4.7"], "hotel_price": ["1550"]}, "1599951": {"hotel_name": "7\u5929\u8fde\u9501\u9152\u5e97(\u6df1\u5733\u706b\u8f66\u7ad9\u5e97)", "order_time": ["2019-01-17 10:37:43"], "total_order": 1, "hotel_value": ["4.2"], "hotel_price": ["99"]}, "1600007": {"hotel_name": "\u51e4\u51f0\u5370\u8c61\u516c\u5bd3(\u6df1\u5733\u51e4\u51f0\u8def\u5e97)", "order_time": ["2019-01-17 10:37:46"], "total_order": 1, "hotel_value": ["4.6"], "hotel_price": ["278"]}, "17496357": {"hotel_name": "\u7ef4\u4e5f\u7eb3\u56fd\u9645\u9152\u5e97(\u6df1\u5733\u89c2\u6f9c\u5927\u9053\u5e97)", "order_time": ["2019-01-17 10:37:47"], "total_order": 1, "hotel_value": ["4.8"], "hotel_price": ["259"]}, "4603033": {"hotel_name": "\u679c\u679c\u516c\u5bd3(\u6df1\u5733\u79d1\u6280\u56ed\u5e97)(\u539f\u5927\u51b2\u90fd\u5e02\u82b1\u56ed\u5e97)", "order_time": ["2019-01-17 10:37:47"], "total_order": 1, "hotel_value": ["4.4"], "hotel_price": ["254"]}, "19437570": {"hotel_name": "\u5586\u5561\u9152\u5e97(\u6df1\u5733\u4e1c\u7ad9\u5927\u82ac\u6cb9\u753b\u6751\u5e97)", "order_time": ["2019-01-17 10:37:47"], "total_order": 1, "hotel_value": ["4.1"], "hotel_price": ["218"]}, "2881593": {"hotel_name": "\u9526\u6c5f\u4e4b\u661f\u54c1\u5c1a(\u6df1\u5733\u7687\u5c97\u53e3\u5cb8\u7687\u57ce\u5e7f\u573a\u5e97)", "order_time": ["2019-01-17 10:37:48"], "total_order": 1, "hotel_value": ["4.4"], "hotel_price": ["342"]}, "732027": {"hotel_name": "\u6c49\u5ead\u4f18\u4f73\u9152\u5e97(\u6df1\u5733\u5b9d\u5b89\u576a\u6d32\u5730\u94c1\u7ad9\u5e97)(\u539f\u9f0e\u5c0a\u5546\u52a1\u9152\u5e97)", "order_time": ["2019-01-17 10:37:48"], "total_order": 1, "hotel_value": ["4.6"], "hotel_price": ["227"]}, "4335954": {"hotel_name": "\u6df1\u5733\u7c73\u5170\u82b1\u56ed\u9152\u5e97", "order_time": ["2019-01-17 10:37:51"], "total_order": 1, "hotel_value": ["4.3"], "hotel_price": ["188"]}, "12177597": {"hotel_name": "\u7ef4\u4e5f\u7eb3\u9152\u5e97(\u6df1\u5733\u5409\u7965\u5730\u94c1\u7ad9\u5e97)", "order_time": ["2019-01-17 10:37:51"], "total_order": 1, "hotel_value": ["4.5"], "hotel_price": ["259"]}, "8565776": {"hotel_name": "\u6df1\u5733\u60a6\u83b1\u8fde\u9501\u516c\u5bd3", "order_time": ["2019-01-17 10:37:51"], "total_order": 1, "hotel_value": ["4.0"], "hotel_price": ["119"]}, "5248349": {"hotel_name": "\u5c1a\u5ba2\u4f18\u7cbe\u9009\u9152\u5e97\u6df1\u5733\u6c99\u4e95\u5e97", "order_time": ["2019-01-17 10:37:55"], "total_order": 1, "hotel_value": ["4.1"], "hotel_price": ["132"]}, "1597074": {"hotel_name": "\u6df1\u5733\u767e\u798f\u6765\u5546\u52a1\u9152\u5e97", "order_time": ["2019-01-17 10:37:58"], "total_order": 1, "hotel_value": ["4.2"], "hotel_price": ["238"]}, "1877252": {"hotel_name": "\u6df1\u5733\u9a8f\u7fa4\u82b1\u56ed\u9152\u5e97", "order_time": ["2019-01-17 10:37:59"], "total_order": 1, "hotel_value": ["4.4"], "hotel_price": ["148"]}, "428285": {"hotel_name": "\u6df1\u5733\u9996\u822a\u5bb6\u56ed\u9152\u5e97", "order_time": ["2019-01-17 10:38:00"], "total_order": 1, "hotel_value": ["4.3"], "hotel_price": ["125"]}, "970569": {"hotel_name": "\u6d77\u53cb\u9152\u5e97(\u6df1\u5733\u7f57\u6e56\u53e3\u5cb8\u56fd\u8d38\u5e97)(\u539f\u56fd\u8d38\u5730\u94c1\u7ad9\u5e97)", "order_time": ["2019-01-17 10:38:00"], "total_order": 1, "hotel_value": ["4.3"], "hotel_price": ["180"]}, "5768538": {"hotel_name": "\u6df1\u5733\u4e5d\u5929\u7cbe\u54c1\u9152\u5e97", "order_time": ["2019-01-17 10:38:03"], "total_order": 1, "hotel_value": ["4.5"], "hotel_price": ["144"]}, "806419": {"hotel_name": "\u6df1\u5733\u534e\u88d5\u9152\u5e97", "order_time": ["2019-01-17 10:38:11"], "total_order": 1, "hotel_value": ["4.3"], "hotel_price": ["158"]}}}