{"\u5f00\u59cb\u8bb0\u5f55\u65f6\u95f4": "2019-01-16 14:31:48", "\u7ed3\u675f\u8bb0\u5f55\u65f6\u95f4": "2019-01-16 15:31:48", "\u8ba2\u5355\u603b\u589e\u91cf": 512, "item": {"25224389": {"hotel_name": "\u6df1\u5733\u96c5\u5ead\u6d77\u6e7e\u56fd\u9645\u5927\u9152\u5e97", "order_time": ["2019-01-16 14:34:20"], "total_order": 1, "hotel_value": ["4.6"], "hotel_price": ["426"]}, "458602": {"hotel_name": "\u6df1\u5733\u5927\u6885\u6c99\u82ad\u5824\u96c5\u9152\u5e97", "order_time": ["2019-01-16 14:34:22"], "total_order": 1, "hotel_value": ["4.2"], "hotel_price": ["369"]}, "8003245": {"hotel_name": "\u7f8e\u8c6a\u9152\u5e97(\u6df1\u5733\u7f57\u6e56\u5927\u5267\u9662\u4e07\u8c61\u57ce\u5e97)", "order_time": ["2019-01-16 14:34:22", "2019-01-16 14:42:32"], "total_order": 2, "hotel_value": ["4.5", "4.5"], "hotel_price": ["460", "460"]}, "433471": {"hotel_name": "\u6df1\u5733\u6fb3\u57ce\u82b1\u56ed\u9152\u5e97", "order_time": ["2019-01-16 14:34:22"], "total_order": 1, "hotel_value": ["4.3"], "hotel_price": ["396"]}, "14824158": {"hotel_name": "\u6df1\u5733\u54c1\u4e0a\u96f2\u7aef\u670d\u52a1\u5f0f\u516c\u5bd3", "order_time": ["2019-01-16 14:34:23"], "total_order": 1, "hotel_value": ["4.8"], "hotel_price": ["1458"]}, "6461667": {"hotel_name": "\u7f8e\u8c6a\u4e3d\u81f4\u9152\u5e97(\u6df1\u5733\u4e1c\u95e8\u8001\u8857\u5730\u94c1\u7ad9\u5e97)", "order_time": ["2019-01-16 14:34:24"], "total_order": 1, "hotel_value": ["4.6"], "hotel_price": ["420"]}, "5678486": {"hotel_name": "\u9ea6\u82bd\u516c\u5bd3(\u6df1\u5733\u79d1\u6280\u56ed\u5e97)(\u539f\u9ea6\u82bd\u9152\u5e97\u5f0f\u516c\u5bd3)", "order_time": ["2019-01-16 14:34:24"], "total_order": 1, "hotel_value": ["4.7"], "hotel_price": ["292"]}, "643476": {"hotel_name": "\u547c\u565c\u6808\u9152\u5e97(\u6df1\u5733\u9999\u871c\u6e56\u5e97)", "order_time": ["2019-01-16 14:34:26"], "total_order": 1, "hotel_value": ["4.5"], "hotel_price": ["379"]}, "718231": {"hotel_name": "\u96c5\u67ab\u5bbe\u9986(\u6df1\u5733\u534e\u4fa8\u57ce\u5e97)", "order_time": ["2019-01-16 14:35:13"], "total_order": 1, "hotel_value": ["4.2"], "hotel_price": ["266"]}, "1065791": {"hotel_name": "\u6df1\u5733\u798f\u9752\u9f99\u534e\u5929\u5047\u65e5\u9152\u5e97", "order_time": ["2019-01-16 14:35:14"], "total_order": 1, "hotel_value": ["4.6"], "hotel_price": ["529"]}, "3193988": {"hotel_name": "\u6df1\u5733\u95fd\u6c5f\u5bbe\u9986", "order_time": ["2019-01-16 14:35:14"], "total_order": 1, "hotel_value": ["4.4"], "hotel_price": ["296"]}, "479335": {"hotel_name": "\u6df1\u5733\u5723\u6dd8\u6c99\u9152\u5e97(\u9a6c\u5bb6\u9f99\u5e97)", "order_time": ["2019-01-16 14:35:21"], "total_order": 1, "hotel_value": ["4.4"], "hotel_price": ["168"]}, "667589": {"hotel_name": "\u6df1\u5733\u6052\u4e30\u6d77\u60a6\u56fd\u9645\u9152\u5e97", "order_time": ["2019-01-16 14:54:15", "2019-01-16 14:36:16"], "total_order": 2, "hotel_value": ["4.5", "4.5"], "hotel_price": ["700", "700"]}, "4690327": {"hotel_name": "\u6df1\u5733\u673a\u573a\u51ef\u60a6\u5609\u5bd3\u9152\u5e97", "order_time": ["2019-01-16 14:36:16"], "total_order": 1, "hotel_value": ["4.7"], "hotel_price": ["826"]}, "6528715": {"hotel_name": "\u6df1\u5733\u540d\u5ef7\u9152\u5e97", "order_time": ["2019-01-16 14:36:16"], "total_order": 1, "hotel_value": ["4.4"], "hotel_price": ["322"]}, "457399": {"hotel_name": "\u6df1\u5733\u4e2d\u5357\u6d77\u6021\u9152\u5e97", "order_time": ["2019-01-16 14:36:20"], "total_order": 1, "hotel_value": ["4.3"], "hotel_price": ["880"]}, "1380744": {"hotel_name": "\u6df1\u5733\u9999\u6a1f\u5546\u52a1\u9152\u5e97", "order_time": ["2019-01-16 15:28:17", "2019-01-16 15:18:15", "2019-01-16 14:36:21"], "total_order": 3, "hotel_value": ["4.1", "4.1", "4.1"], "hotel_price": ["296", "296", "296"]}, "12481871": {"hotel_name": "\u7ef4\u4e5f\u7eb3\u597d\u7720\u56fd\u9645\u9152\u5e97(\u6df1\u5733\u65b0\u673a\u573a\u65d7\u8230\u5e97)", "order_time": ["2019-01-16 14:36:21"], "total_order": 1, "hotel_value": ["4.8"], "hotel_price": ["339"]}, "1701527": {"hotel_name": "\u7ef4\u4e5f\u7eb3\u9152\u5e97(\u6df1\u5733\u524d\u8fdb\u8def\u5e97)", "order_time": ["2019-01-16 15:16:33", "2019-01-16 14:36:22", "2019-01-16 14:44:14"], "total_order": 3, "hotel_value": ["4.9", "4.9", "4.9"], "hotel_price": ["266", "266", "266"]}, "448940": {"hotel_name": "\u6df1\u5733\u6e7e\u79d1\u6280\u56ed\u4e2d\u5357\u6d77\u6ee8\u5927\u9152\u5e97", "order_time": ["2019-01-16 14:36:32"], "total_order": 1, "hotel_value": ["4.0"], "hotel_price": ["389"]}, "6044419": {"hotel_name": "\u7ef4\u4e5f\u7eb3\u56fd\u9645\u9152\u5e97(\u6df1\u5733\u5e03\u5409\u5927\u82ac\u5e97)", "order_time": ["2019-01-16 14:37:08", "2019-01-16 14:47:46", "2019-01-16 14:59:27", "2019-01-16 14:57:20"], "total_order": 4, "hotel_value": ["4.8", "4.8", "4.8", "4.8"], "hotel_price": ["299", "299", "299", "299"]}, "21806772": {"hotel_name": "\u5e0c\u5cb8\u9152\u5e97(\u6df1\u5733\u4f1a\u5c55\u4e2d\u5fc3\u5c97\u53a6\u5730\u94c1\u53e3\u5e97)", "order_time": ["2019-01-16 14:38:15"], "total_order": 1, "hotel_value": ["4.6"], "hotel_price": ["508"]}, "6477598": {"hotel_name": "\u6df1\u5733\u4e07\u798f\u4e16\u7eaa\u9152\u5e97", "order_time": ["2019-01-16 15:02:15", "2019-01-16 14:38:16"], "total_order": 2, "hotel_value": ["4.4", "4.4"], "hotel_price": ["187", "208"]}, "2565840": {"hotel_name": "\u7ef4\u4e5f\u7eb3\u9152\u5e97(\u6df1\u5733\u4e1c\u7ad9\u5e97)", "order_time": ["2019-01-16 14:38:16"], "total_order": 1, "hotel_value": ["4.8"], "hotel_price": ["269"]}, "468385": {"hotel_name": "\u6df1\u5733\u661f\u94c2\u9152\u5e97", "order_time": ["2019-01-16 14:38:16"], "total_order": 1, "hotel_value": ["4.5"], "hotel_price": ["326"]}, "513754": {"hotel_name": "\u6df1\u5733\u5b9d\u60a6\u9152\u5e97", "order_time": ["2019-01-16 14:38:16"], "total_order": 1, "hotel_value": ["4.5"], "hotel_price": ["276"]}, "24352160": {"hotel_name": "\u5170\u5179\u9152\u5e97(\u6df1\u5733\u5927\u5b66\u57ce\u5e97)", "order_time": ["2019-01-16 14:38:24"], "total_order": 1, "hotel_value": ["4.5"], "hotel_price": ["288"]}, "3264168": {"hotel_name": "\u739b\u53ef\u9152\u5e97(\u6df1\u5733\u4eac\u57fa100\u5730\u738b\u5927\u53a6\u5e97)(\u539f\u739b\u53ef\u5546\u52a1\u9152\u5e97)", "order_time": ["2019-01-16 14:38:25"], "total_order": 1, "hotel_value": ["4.2"], "hotel_price": ["152"]}, "397330": {"hotel_name": "\u6df1\u5733\u5bcc\u83b1\u82b1\u56ed\u9152\u5e97", "order_time": ["2019-01-16 14:38:31"], "total_order": 1, "hotel_value": ["4.3"], "hotel_price": ["248"]}, "4363871": {"hotel_name": "\u6df1\u5733\u5357\u6cb9\u5170\u5179\u9152\u5e97", "order_time": ["2019-01-16 14:39:06"], "total_order": 1, "hotel_value": ["4.7"], "hotel_price": ["129"]}, "1254816": {"hotel_name": "\u6df1\u5733\u9999\u69ad\u4e3d\u5bab\u9152\u5e97", "order_time": ["2019-01-16 14:39:08"], "total_order": 1, "hotel_value": ["4.6"], "hotel_price": ["598"]}, "1226032": {"hotel_name": "\u6df1\u5733\u57ce\u5e02\u9152\u5e97", "order_time": ["2019-01-16 14:39:10"], "total_order": 1, "hotel_value": ["4.3"], "hotel_price": ["458"]}, "8680725": {"hotel_name": "\u7ef4\u4e5f\u7eb3\u56fd\u9645\u9152\u5e97(\u6df1\u5733\u5927\u6885\u6c99\u5e97)", "order_time": ["2019-01-16 14:40:14"], "total_order": 1, "hotel_value": ["4.6"], "hotel_price": ["238"]}, "22678159": {"hotel_name": "\u591a\u4f26\u591a\u9152\u5e97(\u6df1\u5733\u524d\u6d77\u8def\u5e97)", "order_time": ["2019-01-16 14:40:17"], "total_order": 1, "hotel_value": ["4.6"], "hotel_price": ["358"]}, "1531439": {"hotel_name": "\u6df1\u5733\u7ff0\u6797\u9152\u5e97", "order_time": ["2019-01-16 14:40:19"], "total_order": 1, "hotel_value": ["4.3"], "hotel_price": ["378"]}, "3292914": {"hotel_name": "\u9e97\u67ab\u9152\u5e97(\u6df1\u5733\u5317\u7ad9\u6e05\u6e56\u5730\u94c1\u7ad9\u5e97)", "order_time": ["2019-01-16 14:41:06"], "total_order": 1, "hotel_value": ["4.8"], "hotel_price": ["100"]}, "435403": {"hotel_name": "\u6df1\u5733\u798f\u6865\u5927\u9152\u5e97", "order_time": ["2019-01-16 14:42:21"], "total_order": 1, "hotel_value": ["4.2"], "hotel_price": ["172"]}, "419429": {"hotel_name": "\u7ef4\u4e5f\u7eb3\u9152\u5e97(\u6df1\u5733\u5927\u5b66\u57ce\u5e97)", "order_time": ["2019-01-16 14:42:22"], "total_order": 1, "hotel_value": ["4.8"], "hotel_price": ["482"]}, "1603233": {"hotel_name": "\u6df1\u5733\u56fd\u5bbe\u5546\u52a1\u9152\u5e97", "order_time": ["2019-01-16 14:42:23", "2019-01-16 15:06:15"], "total_order": 2, "hotel_value": ["4.4", "4.4"], "hotel_price": ["216", "216"]}, "474386": {"hotel_name": "\u7ef4\u4e5f\u7eb3\u9152\u5e97(\u6df1\u5733\u706b\u8f66\u7ad9\u5e97)", "order_time": ["2019-01-16 14:42:23"], "total_order": 1, "hotel_value": ["4.5"], "hotel_price": ["256"]}, "1598541": {"hotel_name": "\u5982\u5bb6\u5feb\u6377\u9152\u5e97(\u6df1\u5733\u4fa8\u57ce\u4e1c\u5730\u94c1\u7ad9\u5e97)", "order_time": ["2019-01-16 14:42:23"], "total_order": 1, "hotel_value": ["4.2"], "hotel_price": ["218"]}, "662421": {"hotel_name": "\u7ef4\u7eb3\u65af\u9152\u5e97(\u6df1\u5733\u5317\u7ad9\u5e97)", "order_time": ["2019-01-16 14:42:25"], "total_order": 1, "hotel_value": ["4.2"], "hotel_price": ["279"]}, "701393": {"hotel_name": "\u5168\u5b63\u9152\u5e97(\u6df1\u5733\u4e1c\u95e8\u5e97)", "order_time": ["2019-01-16 15:24:21", "2019-01-16 14:42:26", "2019-01-16 14:52:38"], "total_order": 3, "hotel_value": ["4.3", "4.3", "4.3"], "hotel_price": ["446", "446", "446"]}, "1047092": {"hotel_name": "\u96c5\u56ed\u5858\u6717\u9152\u5e97(\u6df1\u5733\u5317\u7ad9\u5e97)", "order_time": ["2019-01-16 14:48:15", "2019-01-16 14:42:26"], "total_order": 2, "hotel_value": ["4.2", "4.2"], "hotel_price": ["329", "329"]}, "2018694": {"hotel_name": "\u6df1\u5733\u57ce\u5e02\u5706\u68a6\u9152\u5e97", "order_time": ["2019-01-16 14:42:26"], "total_order": 1, "hotel_value": ["4.0"], "hotel_price": ["163"]}, "13785743": {"hotel_name": "\u6df1\u5733\u5609\u745e\u57ce\u827a\u672f\u9152\u5e97(\u5927\u6d6a\u5e97)", "order_time": ["2019-01-16 14:42:29"], "total_order": 1, "hotel_value": ["4.4"], "hotel_price": ["141"]}, "428310": {"hotel_name": "\u9a7f\u5c45\u9152\u5e97(\u6df1\u5733\u534e\u5f3a\u5317\u5e97)", "order_time": ["2019-01-16 14:42:29"], "total_order": 1, "hotel_value": ["4.6"], "hotel_price": ["227"]}, "3657180": {"hotel_name": "\u5c1a\u5ba2\u4f18\u5feb\u6377\u9152\u5e97(\u6df1\u5733\u5b9d\u5b89\u56fd\u9645\u673a\u573a\u5317\u5e97)", "order_time": ["2019-01-16 14:42:33"], "total_order": 1, "hotel_value": ["4.2"], "hotel_price": ["122"]}, "4983960": {"hotel_name": "\u6df1\u5733\u51ef\u60a6\u9152\u5e97", "order_time": ["2019-01-16 14:42:33"], "total_order": 1, "hotel_value": ["4.2"], "hotel_price": ["128"]}, "1636648": {"hotel_name": "\u6df1\u5733\u798f\u6cf0\u9152\u5e97", "order_time": ["2019-01-16 14:42:34"], "total_order": 1, "hotel_value": ["4.0"], "hotel_price": ["151"]}, "1597109": {"hotel_name": "\u6df1\u5733\u6842\u8bda\u9152\u5e97", "order_time": ["2019-01-16 14:42:34"], "total_order": 1, "hotel_value": ["4.1"], "hotel_price": ["123"]}, "5246068": {"hotel_name": "\u7fd4\u6797\u65f6\u5c1a\u9152\u5e97(\u6df1\u5733\u540e\u745e\u5730\u94c1\u7ad9\u5e97)(\u539f\u5b9d\u5b89\u673a\u573a\u65b0\u822a\u7ad9\u697c\u5e97)", "order_time": ["2019-01-16 14:42:34"], "total_order": 1, "hotel_value": ["4.2"], "hotel_price": ["123"]}, "1676764": {"hotel_name": "\u5e03\u4e01\u9152\u5e97( \u6df1\u5733\u897f\u4e61\u5730\u94c1\u7ad9\u5e97 )", "order_time": ["2019-01-16 14:42:34", "2019-01-16 14:58:32"], "total_order": 2, "hotel_value": ["4.3", "4.3"], "hotel_price": ["112", "112"]}, "833656": {"hotel_name": "\u5174\u9f99\u817e\u5bbe\u9986(\u6df1\u5733\u5317\u7ad9\u5e97)(\u539f\u9f99\u817e\u5bbe\u9986)", "order_time": ["2019-01-16 15:04:36", "2019-01-16 14:42:38"], "total_order": 2, "hotel_value": ["3.9", "3.9"], "hotel_price": ["138", "138"]}, "708862": {"hotel_name": "\u5357\u56fd\u8fde\u9501\u9152\u5e97(\u6df1\u5733\u6d77\u6ee8\u5e97)", "order_time": ["2019-01-16 14:42:40"], "total_order": 1, "hotel_value": ["3.3"], "hotel_price": ["189"]}, "993605": {"hotel_name": "\u5982\u5bb6\u5feb\u6377\u9152\u5e97(\u6df1\u5733\u53cc\u9f99\u5730\u94c1\u7ad9\u5e97)", "order_time": ["2019-01-16 14:42:40"], "total_order": 1, "hotel_value": ["4.7"], "hotel_price": ["123"]}, "10478543": {"hotel_name": "\u6df1\u5733\u91d1\u91cc\u9152\u5e97\u516c\u5bd3\u5742\u7530\u5730\u94c1\u7ad9\u5e97", "order_time": ["2019-01-16 14:42:41"], "total_order": 1, "hotel_value": [0], "hotel_price": ["138"]}, "17962776": {"hotel_name": "\u6df1\u5733\u671b\u6850\u7530\u56ed\u5ba2\u6808", "order_time": ["2019-01-16 14:42:45"], "total_order": 1, "hotel_value": ["4.7"], "hotel_price": ["193"]}, "914124": {"hotel_name": "\u6df1\u5733\u6e58\u670b\u5bbe\u9986", "order_time": ["2019-01-16 14:42:48"], "total_order": 1, "hotel_value": ["3.8"], "hotel_price": ["76"]}, "1549285": {"hotel_name": "\u7ef4\u4e5f\u7eb3\u9152\u5e97(\u6df1\u5733\u89c2\u6f9c\u89c2\u6e56\u56ed\u5e97)", "order_time": ["2019-01-16 14:42:56"], "total_order": 1, "hotel_value": ["4.8"], "hotel_price": ["246"]}, "1288437": {"hotel_name": "\u6df1\u5733\u9e3f\u73ae\u5bbe\u9986", "order_time": ["2019-01-16 14:43:01"], "total_order": 1, "hotel_value": ["2.7"], "hotel_price": ["108"]}, "1012180": {"hotel_name": "\u6df1\u5733\u5929\u5929\u5bbe\u9986", "order_time": ["2019-01-16 14:43:06"], "total_order": 1, "hotel_value": [0], "hotel_price": ["98"]}, "1166050": {"hotel_name": "\u6df1\u5733\u7ea2\u9633\u5546\u52a1\u9152\u5e97", "order_time": ["2019-01-16 14:44:12"], "total_order": 1, "hotel_value": ["4.2"], "hotel_price": ["173"]}, "926937": {"hotel_name": "\u6df1\u5733\u4e2d\u5929\u7f8e\u666f\u5927\u9152\u5e97", "order_time": ["2019-01-16 14:44:12"], "total_order": 1, "hotel_value": ["4.1"], "hotel_price": ["289"]}, "2220567": {"hotel_name": "\u5f69\u60a6\u9152\u5e97(\u6df1\u5733\u6021\u666f\u82b1\u56ed\u5e97)", "order_time": ["2019-01-16 14:44:12"], "total_order": 1, "hotel_value": ["4.4"], "hotel_price": ["259"]}, "8904626": {"hotel_name": "\u6df1\u5733\u4e3b\u9898\u516c\u5bd3", "order_time": ["2019-01-16 14:44:12"], "total_order": 1, "hotel_value": ["4.1"], "hotel_price": ["170"]}, "2322673": {"hotel_name": "\u6df1\u5733\u6c34\u6676\u604b\u7cbe\u54c1\u9152\u5e97(\u539f\u6df1\u5733\u82b3\u90fd\u5546\u52a1\u9152\u5e97)", "order_time": ["2019-01-16 14:44:12"], "total_order": 1, "hotel_value": ["3.9"], "hotel_price": ["229"]}, "6312583": {"hotel_name": "\u6606\u5b63\u9152\u5e97(\u6df1\u5733\u5317\u7ad9\u4e94\u548c\u5e97)", "order_time": ["2019-01-16 15:02:22", "2019-01-16 14:44:12", "2019-01-16 15:14:27"], "total_order": 3, "hotel_value": ["4.3", "4.3", "4.3"], "hotel_price": ["143", "143", "143"]}, "920977": {"hotel_name": "\u6df1\u5733\u5609\u745e\u7cbe\u54c1\u9152\u5e97", "order_time": ["2019-01-16 14:44:12"], "total_order": 1, "hotel_value": ["4.0"], "hotel_price": ["199"]}, "3180282": {"hotel_name": "\u6df1\u5733\u4e1c\u4f73\u7cbe\u54c1\u9152\u5e97", "order_time": ["2019-01-16 14:44:13"], "total_order": 1, "hotel_value": ["4.1"], "hotel_price": ["158"]}, "833176": {"hotel_name": "\u6df1\u5733\u5357\u6c38\u4e30\u9152\u5e97", "order_time": ["2019-01-16 14:44:13"], "total_order": 1, "hotel_value": ["4.0"], "hotel_price": ["148"]}, "1010407": {"hotel_name": "\u57ce\u5e02\u5ba2\u6808(\u6df1\u5733\u521b\u610f\u56ed\u5e97)", "order_time": ["2019-01-16 14:44:14"], "total_order": 1, "hotel_value": ["4.5"], "hotel_price": ["499"]}, "1554856": {"hotel_name": "\u535a\u5ba2\u7cbe\u54c1\u9152\u5e97(\u6df1\u5733\u86c7\u53e3\u5e97)", "order_time": ["2019-01-16 14:44:14"], "total_order": 1, "hotel_value": ["4.6"], "hotel_price": ["378"]}, "1593173": {"hotel_name": "\u4e00\u8a93\u73ab\u7470\u60c5\u4fa3\u4e3b\u9898\u9152\u5e97(\u6df1\u5733\u6d77\u96c5\u5e97)", "order_time": ["2019-01-16 14:44:14"], "total_order": 1, "hotel_value": ["4.2"], "hotel_price": ["173"]}, "426206": {"hotel_name": "\u6df1\u5733\u7eff\u666f\u9526\u6c5f\u9152\u5e97", "order_time": ["2019-01-16 15:02:15", "2019-01-16 14:44:15"], "total_order": 2, "hotel_value": ["4.6", "4.6"], "hotel_price": ["1048", "1048"]}, "9180079": {"hotel_name": "\u6df1\u5733\u732b\u820d\u9152\u5e97\u516c\u5bd3", "order_time": ["2019-01-16 14:44:15"], "total_order": 1, "hotel_value": ["4.2"], "hotel_price": ["133"]}, "429699": {"hotel_name": "\u6a59\u679c\u9152\u5e97(\u6df1\u5733\u5b9d\u5b89\u4e2d\u5fc3\u5e97)", "order_time": ["2019-01-16 14:44:15"], "total_order": 1, "hotel_value": ["4.5"], "hotel_price": ["259"]}, "661081": {"hotel_name": "\u6df1\u5733\u86c7\u53e3\u5e0c\u5c14\u987f\u5357\u6d77\u9152\u5e97", "order_time": ["2019-01-16 14:44:15"], "total_order": 1, "hotel_value": ["4.7"], "hotel_price": ["1550"]}, "3028861": {"hotel_name": "\u6df1\u5733\u534e\u9f0e\u76db\u9152\u5e97", "order_time": ["2019-01-16 14:44:16", "2019-01-16 15:20:22", "2019-01-16 15:22:23"], "total_order": 3, "hotel_value": ["4.5", "4.5", "4.5"], "hotel_price": ["169", "169", "169"]}, "1212062": {"hotel_name": "\u6df1\u5733\u56de\u9152\u5e97", "order_time": ["2019-01-16 14:44:17"], "total_order": 1, "hotel_value": ["4.6"], "hotel_price": ["1029"]}, "1462278": {"hotel_name": "\u6c49\u5ead\u9152\u5e97(\u6df1\u5733\u534e\u5f3a\u5317\u71d5\u5357\u5730\u94c1\u7ad9\u5e97)", "order_time": ["2019-01-16 14:44:17"], "total_order": 1, "hotel_value": ["4.6"], "hotel_price": ["322"]}, "447883": {"hotel_name": "\u7ef4\u4e5f\u7eb3\u9152\u5e97(\u6df1\u5733\u7f57\u6e56\u53e3\u5cb8\u5e97)", "order_time": ["2019-01-16 14:44:17"], "total_order": 1, "hotel_value": ["4.8"], "hotel_price": ["398"]}, "3000237": {"hotel_name": "\u745e\u5b63\u7cbe\u54c1\u9152\u5e97(\u6df1\u5733\u4e1c\u95e8\u5e97)", "order_time": ["2019-01-16 14:54:24", "2019-01-16 14:44:18"], "total_order": 2, "hotel_value": ["4.6", "4.6"], "hotel_price": ["428", "428"]}, "802698": {"hotel_name": "\u534e\u91cc\u7cbe\u54c1\u9152\u5e97(\u6df1\u5733\u534e\u4fa8\u57ce\u5e97)", "order_time": ["2019-01-16 14:48:13", "2019-01-16 14:44:18"], "total_order": 2, "hotel_value": ["4.5", "4.5"], "hotel_price": ["379", "379"]}, "1243176": {"hotel_name": "\u6df1\u5733\u5fa1\u666f\u56fd\u9645\u9152\u5e97", "order_time": ["2019-01-16 15:08:26", "2019-01-16 14:44:18"], "total_order": 2, "hotel_value": ["4.4", "4.4"], "hotel_price": ["463", "463"]}, "1776855": {"hotel_name": "\u6df1\u5733\u8c6a\u76db\u82b1\u56ed\u5927\u9152\u5e97(\u539f\u91d1\u81f3\u5c0a\u5927\u9152\u5e97)", "order_time": ["2019-01-16 14:44:19"], "total_order": 1, "hotel_value": ["4.0"], "hotel_price": ["346"]}, "2699166": {"hotel_name": "\u5929\u548c\u9152\u5e97(\u6df1\u5733\u673a\u573aT3\u822a\u7ad9\u697c\u5e97)", "order_time": ["2019-01-16 14:44:21"], "total_order": 1, "hotel_value": ["4.6"], "hotel_price": ["398"]}, "2363480": {"hotel_name": "\u6df1\u5733\u5408\u751f\u5229\u7cbe\u54c1\u9152\u5e97", "order_time": ["2019-01-16 14:44:21"], "total_order": 1, "hotel_value": ["4.1"], "hotel_price": ["188"]}, "482883": {"hotel_name": "\u6df1\u5733\u7ca4\u6d77\u9152\u5e97", "order_time": ["2019-01-16 14:44:21"], "total_order": 1, "hotel_value": ["4.5"], "hotel_price": ["1946"]}, "8345093": {"hotel_name": "\u6df1\u5733\u6995\u9152\u5e97", "order_time": ["2019-01-16 14:44:22"], "total_order": 1, "hotel_value": ["4.6"], "hotel_price": ["289"]}, "17263780": {"hotel_name": "\u5706\u9152\u5e97(\u6df1\u5733\u79d1\u6280\u56ed\u5e97)", "order_time": ["2019-01-16 14:44:24", "2019-01-16 15:08:30", "2019-01-16 14:52:28"], "total_order": 3, "hotel_value": ["4.4", "4.4", "4.4"], "hotel_price": ["315", "315", "315"]}, "966939": {"hotel_name": "\u6df1\u5733\u96c5\u5ead\u7cbe\u54c1\u9152\u5e97", "order_time": ["2019-01-16 14:44:25"], "total_order": 1, "hotel_value": ["4.3"], "hotel_price": ["2706"]}, "987118": {"hotel_name": "\u6df1\u5733\u94f6\u6cb3\u9152\u5e97\u516c\u5bd3", "order_time": ["2019-01-16 14:44:25", "2019-01-16 15:02:30"], "total_order": 2, "hotel_value": ["4.2", "4.2"], "hotel_price": ["188", "188"]}, "467969": {"hotel_name": "\u6df1\u5733\u6cca\u83b1\u9152\u5e97(\u5742\u7530\u534e\u4e3a\u5e97)", "order_time": ["2019-01-16 14:44:25"], "total_order": 1, "hotel_value": ["4.2"], "hotel_price": ["241"]}, "25213873": {"hotel_name": "\u6df1\u5733\u51ef\u83b1\u777f\u601d\u7687\u5ead\u56fd\u9645\u516c\u5bd3", "order_time": ["2019-01-16 14:44:25"], "total_order": 1, "hotel_value": ["5.0"], "hotel_price": ["243"]}, "1603221": {"hotel_name": "7\u5929\u8fde\u9501\u9152\u5e97(\u6df1\u5733\u5742\u7530\u4e94\u548c\u5730\u94c1\u7ad9\u534e\u4e3a\u5e97)", "order_time": ["2019-01-16 14:44:26"], "total_order": 1, "hotel_value": ["4.5"], "hotel_price": ["158"]}, "5999875": {"hotel_name": "\u6df1\u5733\u5c0f\u4e94\u661f\u9152\u5e97", "order_time": ["2019-01-16 14:44:26"], "total_order": 1, "hotel_value": ["4.5"], "hotel_price": ["150"]}, "4980719": {"hotel_name": "\u7ef4\u4e5f\u7eb33\u597d\u9152\u5e97(\u6df1\u5733\u89c2\u6f9c\u5510\u4eba\u8857\u5e97)", "order_time": ["2019-01-16 14:44:26"], "total_order": 1, "hotel_value": ["4.8"], "hotel_price": ["236"]}, "1594785": {"hotel_name": "\u9e97\u67ab\u9152\u5e97(\u6df1\u5733\u5742\u7530\u534e\u4e3a\u57fa\u5730\u5e97)", "order_time": ["2019-01-16 14:44:26"], "total_order": 1, "hotel_value": ["4.8"], "hotel_price": ["242"]}, "2919264": {"hotel_name": "\u8212\u6377\u5047\u65e5\u9152\u5e97(\u6df1\u5733\u9f99\u5c97\u5e97)", "order_time": ["2019-01-16 14:44:27"], "total_order": 1, "hotel_value": ["4.4"], "hotel_price": ["183"]}, "4826271": {"hotel_name": "\u6df1\u5733\u6885\u5dde\u65f6\u5c1a\u9152\u5e97", "order_time": ["2019-01-16 14:44:28"], "total_order": 1, "hotel_value": ["3.9"], "hotel_price": ["207"]}, "5266525": {"hotel_name": "\u57ce\u5e02\u4fbf\u6377\u9152\u5e97(\u6df1\u5733\u897f\u4e61\u6d41\u5858\u5e97)(\u539f\u897f\u4e61\u5efa\u5b89\u4e8c\u8def\u5e97)", "order_time": ["2019-01-16 14:44:28"], "total_order": 1, "hotel_value": ["4.4"], "hotel_price": ["199"]}, "1507863": {"hotel_name": "\u683c\u6797\u8c6a\u6cf0\u5feb\u6377\u9152\u5e97(\u6df1\u5733\u9f99\u534e\u5929\u8679\u5e97)", "order_time": ["2019-01-16 14:58:57", "2019-01-16 14:44:28"], "total_order": 2, "hotel_value": ["4.3", "4.3"], "hotel_price": ["137", "137"]}, "1599942": {"hotel_name": "7\u5929\u8fde\u9501\u9152\u5e97(\u6df1\u5733\u4e1c\u95e8\u8001\u8857\u5730\u94c1\u7ad9\u5e97)", "order_time": ["2019-01-16 14:44:33"], "total_order": 1, "hotel_value": ["4.3"], "hotel_price": ["178"]}, "7069292": {"hotel_name": "eeHome\u9152\u5e97\u516c\u5bd3(\u6df1\u5733\u534e\u4e3a\u57fa\u5730\u5e97)", "order_time": ["2019-01-16 14:44:33"], "total_order": 1, "hotel_value": ["4.8"], "hotel_price": ["258"]}, "2919572": {"hotel_name": "\u6df1\u5733\u6854\u5b50\u9152\u5e97", "order_time": ["2019-01-16 14:44:33"], "total_order": 1, "hotel_value": ["4.0"], "hotel_price": ["188"]}, "23225312": {"hotel_name": "\u7ef4\u4e5f\u7eb3\u9152\u5e97(\u6df1\u5733\u6e05\u6e56\u5730\u94c1\u7ad9\u5e97)", "order_time": ["2019-01-16 14:44:36", "2019-01-16 14:46:29"], "total_order": 2, "hotel_value": ["4.9", "4.9"], "hotel_price": ["342", "342"]}, "4695798": {"hotel_name": "\u6df1\u5733\u5a1c\u54c6\u987f\u5546\u52a1\u9152\u5e97", "order_time": ["2019-01-16 14:44:38"], "total_order": 1, "hotel_value": ["3.2"], "hotel_price": ["128"]}, "1980281": {"hotel_name": "\u6df1\u5733\u83b2\u5858\u5bbe\u9986", "order_time": ["2019-01-16 14:44:44"], "total_order": 1, "hotel_value": ["4.4"], "hotel_price": ["113"]}, "1516820": {"hotel_name": "\u5bcc\u90fd\u5bbe\u9986(\u6df1\u5733\u65b0\u5b89\u56db\u8def\u5e97)", "order_time": ["2019-01-16 14:44:49"], "total_order": 1, "hotel_value": ["4.1"], "hotel_price": ["98"]}, "6117710": {"hotel_name": "\u6df1\u5733\u5df1\u5ba2\u5927\u9690\u9152\u5e97\u516c\u5bd3", "order_time": ["2019-01-16 14:45:30"], "total_order": 1, "hotel_value": ["4.5"], "hotel_price": ["388"]}, "3985698": {"hotel_name": "365\u65f6\u5c1a\u5ba2\u6808(\u6df1\u5733\u5317\u7ad9\u5e97)", "order_time": ["2019-01-16 14:56:19", "2019-01-16 14:46:15"], "total_order": 2, "hotel_value": ["4.3", "4.3"], "hotel_price": ["124", "124"]}, "751414": {"hotel_name": "\u6df1\u5733\u65b0\u4e16\u754c\u5bbe\u9986", "order_time": ["2019-01-16 14:46:17"], "total_order": 1, "hotel_value": ["4.4"], "hotel_price": ["198"]}, "1431916": {"hotel_name": "\u6df1\u5733\u65b0\u5e74\u9152\u5e97", "order_time": ["2019-01-16 14:46:17"], "total_order": 1, "hotel_value": ["4.3"], "hotel_price": ["458"]}, "1612844": {"hotel_name": "\u6df1\u5733\u6d77\u4e4b\u53cb\u9152\u5e97", "order_time": ["2019-01-16 14:46:18"], "total_order": 1, "hotel_value": ["4.2"], "hotel_price": ["119"]}, "346482": {"hotel_name": "\u6df1\u5733\u4e07\u5fb7\u8bfa\u5bcc\u7279\u9152\u5e97", "order_time": ["2019-01-16 14:46:18"], "total_order": 1, "hotel_value": ["4.4"], "hotel_price": ["960"]}, "5374561": {"hotel_name": "\u6df1\u5733\u65b0\u5b9d\u5546\u52a1\u9152\u5e97", "order_time": ["2019-01-16 14:46:18", "2019-01-16 14:58:28"], "total_order": 2, "hotel_value": ["3.2", "3.2"], "hotel_price": ["146", "146"]}, "7016899": {"hotel_name": "\u7ef4\u5ba2\u5feb\u6377\u9152\u5e97(\u6df1\u5733\u673a\u573a\u540e\u745e\u5730\u94c1\u7ad9\u5e97)", "order_time": ["2019-01-16 14:46:18"], "total_order": 1, "hotel_value": ["4.4"], "hotel_price": ["153"]}, "1599997": {"hotel_name": "7\u5929\u8fde\u9501\u9152\u5e97(\u6df1\u5733\u706b\u8f66\u7ad9\u7f57\u6e56\u5730\u94c1\u7ad9\u5e97)", "order_time": ["2019-01-16 15:04:26", "2019-01-16 14:46:18"], "total_order": 2, "hotel_value": ["4.0", "4.0"], "hotel_price": ["99", "99"]}, "8589145": {"hotel_name": "\u6df1\u5733\u591a\u4f26\u591a\u9152\u5e97\u9a6c\u5bb6\u9f99\u5e97", "order_time": ["2019-01-16 15:04:32", "2019-01-16 14:46:22"], "total_order": 2, "hotel_value": ["4.4", "4.4"], "hotel_price": ["254", "254"]}, "1597816": {"hotel_name": "\u516b\u65b9\u7cbe\u54c1\u9152\u5e97(\u6df1\u5733\u897f\u4e3d\u5e97)", "order_time": ["2019-01-16 14:46:22"], "total_order": 1, "hotel_value": ["4.2"], "hotel_price": ["141"]}, "1432007": {"hotel_name": "\u6df1\u5733\u4e1c\u65b9\u660e\u73e0\u9152\u5e97", "order_time": ["2019-01-16 14:46:23"], "total_order": 1, "hotel_value": ["4.0"], "hotel_price": ["206"]}, "15734110": {"hotel_name": "\u5c71\u6c34\u65f6\u5c1a\u9152\u5e97(\u6df1\u5733\u661f\u6d77\u5e97)", "order_time": ["2019-01-16 14:46:24"], "total_order": 1, "hotel_value": ["4.8"], "hotel_price": ["126"]}, "5249996": {"hotel_name": "\u6df1\u5733\u6b22\u4e50\u7cbe\u54c1\u9152\u5e97", "order_time": ["2019-01-16 14:46:24"], "total_order": 1, "hotel_value": ["3.7"], "hotel_price": ["119"]}, "6506985": {"hotel_name": "\u6df1\u5733\u5de6\u521b\u661f\u7403\u9152\u5e97", "order_time": ["2019-01-16 14:46:26"], "total_order": 1, "hotel_value": ["4.4"], "hotel_price": ["148"]}, "11264776": {"hotel_name": "\u6df1\u5733\u5bb6\u56ed\u7cbe\u54c1\u9152\u5e97", "order_time": ["2019-01-16 15:06:37", "2019-01-16 14:46:26"], "total_order": 2, "hotel_value": ["4.3", "4.3"], "hotel_price": ["160", "160"]}, "5859452": {"hotel_name": "\u548c\u9152\u5e97(\u6df1\u5733\u7687\u5c97\u53e3\u5cb8\u5e97)", "order_time": ["2019-01-16 14:46:27"], "total_order": 1, "hotel_value": ["4.3"], "hotel_price": ["539"]}, "3087621": {"hotel_name": "\u5982\u5bb6\u5feb\u6377\u9152\u5e97(\u6df1\u5733\u6a2a\u5c97\u5730\u94c1\u7ad9\u65b0\u9a6c\u5546\u8d38\u57ce\u5e97)", "order_time": ["2019-01-16 14:46:27"], "total_order": 1, "hotel_value": ["4.2"], "hotel_price": ["158"]}, "709504": {"hotel_name": "\u6df1\u5733\u5c0f\u6885\u6c99\u5927\u9152\u5e97", "order_time": ["2019-01-16 14:46:27"], "total_order": 1, "hotel_value": ["4.2"], "hotel_price": ["209"]}, "13878480": {"hotel_name": "\u6df1\u5733\u798f\u6df1\u8fbe\u516c\u5bd3", "order_time": ["2019-01-16 14:46:27"], "total_order": 1, "hotel_value": ["3.6"], "hotel_price": ["168"]}, "5282170": {"hotel_name": "\u6df1\u5733\u4fa8\u57ce\u5546\u52a1\u5bbe\u9986", "order_time": ["2019-01-16 14:46:28"], "total_order": 1, "hotel_value": ["3.6"], "hotel_price": ["148"]}, "1597898": {"hotel_name": "\u6df1\u5733\u4e50\u5c45\u5bb6\u9152\u5e97", "order_time": ["2019-01-16 14:46:28"], "total_order": 1, "hotel_value": ["4.1"], "hotel_price": ["171"]}, "1596847": {"hotel_name": "\u6df1\u5733\u5b8f\u5609\u9152\u5e97", "order_time": ["2019-01-16 14:46:28"], "total_order": 1, "hotel_value": ["3.6"], "hotel_price": ["227"]}, "1599820": {"hotel_name": "\u83f2\u5c14\u7cbe\u54c1\u9152\u5e97(\u6df1\u5733\u6c99\u4e95\u5730\u94c1\u7ad9\u5e97)", "order_time": ["2019-01-16 14:46:31"], "total_order": 1, "hotel_value": ["4.2"], "hotel_price": ["173"]}, "635253": {"hotel_name": "\u7ef4\u4e5f\u7eb3\u9152\u5e97(\u6df1\u5733\u798f\u6c38\u6865\u5934\u5e97)", "order_time": ["2019-01-16 14:46:31"], "total_order": 1, "hotel_value": ["4.8"], "hotel_price": ["280"]}, "2531198": {"hotel_name": "\u57ce\u5e02\u4fbf\u6377\u9152\u5e97\u8fde\u9501(\u6df1\u5733\u5357\u5c71\u79d1\u6280\u56ed\u9a6c\u5bb6\u9f99\u5e97)", "order_time": ["2019-01-16 15:00:36", "2019-01-16 14:46:31"], "total_order": 2, "hotel_value": ["4.4", "4.4"], "hotel_price": ["369", "369"]}, "486126": {"hotel_name": "\u6df1\u5733\u5357\u4fa8\u5546\u52a1\u9152\u5e97", "order_time": ["2019-01-16 14:46:33", "2019-01-16 14:48:33"], "total_order": 2, "hotel_value": ["3.7", "3.7"], "hotel_price": ["276", "276"]}, "1570055": {"hotel_name": "\u6df1\u5733\u91d1\u5e1d\u90fd\u5927\u9152\u5e97", "order_time": ["2019-01-16 14:46:34"], "total_order": 1, "hotel_value": ["3.6"], "hotel_price": ["233"]}, "4717685": {"hotel_name": "\u542f\u7a0b\u9152\u5e97(\u6df1\u5733\u65f6\u5c1a\u521b\u610f\u5e97)(\u539f\u57ce\u5e02\u5bbe\u9986\u65f6\u5c1a\u521b\u610f\u5e97)", "order_time": ["2019-01-16 14:46:39"], "total_order": 1, "hotel_value": ["4.5"], "hotel_price": ["99"]}, "21135878": {"hotel_name": "\u6df1\u5733\u77f3\u9f99\u5feb\u6377\u9152\u5e97", "order_time": ["2019-01-16 14:46:40"], "total_order": 1, "hotel_value": ["4.6"], "hotel_price": ["84"]}, "4603715": {"hotel_name": "\u6df1\u5733\u7f57\u9a6c\u661f\u57ce\u9152\u5e97", "order_time": ["2019-01-16 14:46:41"], "total_order": 1, "hotel_value": ["4.2"], "hotel_price": ["102"]}, "1437397": {"hotel_name": "\u6df1\u5733\u5409\u661f\u5feb\u6377\u9152\u5e97", "order_time": ["2019-01-16 14:47:10"], "total_order": 1, "hotel_value": ["3.4"], "hotel_price": ["80"]}, "371236": {"hotel_name": "\u6df1\u5733\u798f\u670b\u559c\u6765\u767b\u9152\u5e97", "order_time": ["2019-01-16 14:47:46"], "total_order": 1, "hotel_value": ["4.5"], "hotel_price": ["1646"]}, "667769": {"hotel_name": "\u6df1\u5733\u65b0\u6843\u56ed\u9152\u5e97(\u5357\u5c71\u6843\u56ed\u603b\u5e97)", "order_time": ["2019-01-16 14:47:46"], "total_order": 1, "hotel_value": ["4.1"], "hotel_price": ["556"]}, "27945351": {"hotel_name": "\u9e97\u67ab\u9152\u5e97(\u6df1\u5733\u5317\u7ad9\u9f99\u534e\u6c7d\u8f66\u7ad9\u5e97)", "order_time": ["2019-01-16 14:48:15"], "total_order": 1, "hotel_value": ["4.8"], "hotel_price": ["238"]}, "9668814": {"hotel_name": "\u4e00\u5446\u516c\u5bd3(\u6df1\u5733\u9999\u871c\u6e56\u5e97)", "order_time": ["2019-01-16 14:48:16"], "total_order": 1, "hotel_value": ["4.6"], "hotel_price": ["288"]}, "1976955": {"hotel_name": "\u591a\u4f26\u591a\u9152\u5e97(\u6df1\u5733\u79d1\u6280\u56ed\u5e97)(\u539f\u6ce2\u5c14\u66fc\u7cbe\u54c1\u9152\u5e97)", "order_time": ["2019-01-16 14:48:17"], "total_order": 1, "hotel_value": ["4.0"], "hotel_price": ["228"]}, "917144": {"hotel_name": "\u9526\u6c5f\u4e4b\u661f(\u6df1\u5733\u5730\u738b\u5e7f\u573a\u5e97)", "order_time": ["2019-01-16 14:48:18"], "total_order": 1, "hotel_value": ["4.3"], "hotel_price": ["264"]}, "1597160": {"hotel_name": "\u7ef4\u4e5f\u7eb3\u9152\u5e97(\u6df1\u5733\u4e1c\u95e8\u6e56\u8d1d\u5730\u94c1\u7ad9\u5e97)", "order_time": ["2019-01-16 15:02:19", "2019-01-16 14:48:18"], "total_order": 2, "hotel_value": ["4.8", "4.8"], "hotel_price": ["296", "296"]}, "512937": {"hotel_name": "\u6df1\u5733\u4e2d\u6cf0\u6765\u5927\u9152\u5e97", "order_time": ["2019-01-16 14:48:18"], "total_order": 1, "hotel_value": ["4.2"], "hotel_price": ["317"]}, "1598492": {"hotel_name": "7\u5929\u8fde\u9501\u9152\u5e97(\u6df1\u5733\u5927\u5b66\u5b66\u5e9c\u8def\u5e97)", "order_time": ["2019-01-16 14:48:18"], "total_order": 1, "hotel_value": ["4.2"], "hotel_price": ["232"]}, "347431": {"hotel_name": "\u6df1\u5733\u745e\u5409\u9152\u5e97", "order_time": ["2019-01-16 14:48:19"], "total_order": 1, "hotel_value": ["4.7"], "hotel_price": ["2096"]}, "472815": {"hotel_name": "\u6df1\u5733\u7f57\u6e56\u6728\u68c9\u82b1\u9152\u5e97", "order_time": ["2019-01-16 14:50:17", "2019-01-16 14:48:19"], "total_order": 2, "hotel_value": ["4.7", "4.7"], "hotel_price": ["996", "996"]}, "425478": {"hotel_name": "\u6df1\u5733\u65b0\u90fd\u9152\u5e97", "order_time": ["2019-01-16 14:48:19"], "total_order": 1, "hotel_value": ["4.7"], "hotel_price": ["406"]}, "9125335": {"hotel_name": "\u7231\u7434\u6d77\u827a\u672f\u9152\u5e97(\u6df1\u5733\u4f1a\u5c55\u4e2d\u5fc3\u5e97)", "order_time": ["2019-01-16 14:48:19"], "total_order": 1, "hotel_value": ["4.5"], "hotel_price": ["510"]}, "425771": {"hotel_name": "\u6df1\u5733\u4e1c\u65b9\u94f6\u5ea7\u7f8e\u7235\u9152\u5e97", "order_time": ["2019-01-16 14:48:19"], "total_order": 1, "hotel_value": ["4.5"], "hotel_price": ["838"]}, "1055341": {"hotel_name": "\u57ce\u5e02\u4fbf\u6377\u9152\u5e97(\u6df1\u5733\u6e05\u6e56\u5730\u94c1\u7ad9\u5e97)", "order_time": ["2019-01-16 14:48:19"], "total_order": 1, "hotel_value": ["4.3"], "hotel_price": ["229"]}, "371239": {"hotel_name": "\u91d1\u8302\u6df1\u5733JW\u4e07\u8c6a\u9152\u5e97", "order_time": ["2019-01-16 14:48:19"], "total_order": 1, "hotel_value": ["4.6"], "hotel_price": ["1924"]}, "426199": {"hotel_name": "\u6df1\u5733\u6df1\u822a\u56fd\u9645\u9152\u5e97", "order_time": ["2019-01-16 14:48:19"], "total_order": 1, "hotel_value": ["4.8"], "hotel_price": ["1587"]}, "23946420": {"hotel_name": "\u6df1\u5733\u84dd\u56fe\u82b1\u56ed\u9152\u5e97", "order_time": ["2019-01-16 14:48:20"], "total_order": 1, "hotel_value": ["4.7"], "hotel_price": ["207"]}, "2133103": {"hotel_name": "\u4eac\u57fa\u5370\u8c61\u7cbe\u54c1\u5546\u52a1\u516c\u5bd3(\u6df1\u5733\u6ee8\u6cb3\u65f6\u4ee3\u5e97)", "order_time": ["2019-01-16 14:48:20"], "total_order": 1, "hotel_value": ["4.5"], "hotel_price": ["468"]}, "14153145": {"hotel_name": "\u516b\u53f7\u7cbe\u54c1\u9152\u5e97(\u6df1\u5733\u5927\u5b66\u5e97)", "order_time": ["2019-01-16 15:26:20", "2019-01-16 14:48:20"], "total_order": 2, "hotel_value": ["4.6", "4.6"], "hotel_price": ["346", "346"]}, "3785335": {"hotel_name": "\u6df1\u5733\u5927\u8fd0\u57ce\u90a6\u96c5\u4e50\u8f69\u9152\u5e97", "order_time": ["2019-01-16 14:48:21"], "total_order": 1, "hotel_value": ["4.5"], "hotel_price": ["516"]}, "8565889": {"hotel_name": "\u6df1\u5733\u661f\u604b\u4e3b\u9898\u9152\u5e97", "order_time": ["2019-01-16 14:48:21"], "total_order": 1, "hotel_value": ["4.6"], "hotel_price": ["229"]}, "6409396": {"hotel_name": "\u6df1\u5733\u86c7\u53e3\u5170\u5179\u9152\u5e97", "order_time": ["2019-01-16 14:48:21"], "total_order": 1, "hotel_value": ["4.6"], "hotel_price": ["436"]}, "1596478": {"hotel_name": "7\u5929\u8fde\u9501\u9152\u5e97(\u6df1\u5733\u5b9d\u5b89\u5b9d\u7acb\u65b9\u5e97)", "order_time": ["2019-01-16 14:48:23"], "total_order": 1, "hotel_value": ["4.1"], "hotel_price": ["160"]}, "2030013": {"hotel_name": "\u548c\u9890\u9152\u5e97(\u6df1\u5733\u534e\u5f3a\u5317\u5e97)", "order_time": ["2019-01-16 14:48:24"], "total_order": 1, "hotel_value": ["4.6"], "hotel_price": ["345"]}, "347272": {"hotel_name": "\u6df1\u5733\u76ca\u7530\u5a01\u65af\u6c40\u9152\u5e97", "order_time": ["2019-01-16 14:48:24"], "total_order": 1, "hotel_value": ["4.6"], "hotel_price": ["2079"]}, "1225798": {"hotel_name": "\u6df1\u5733\u666f\u660e\u8fbe\u9152\u5e97", "order_time": ["2019-01-16 14:48:24"], "total_order": 1, "hotel_value": ["4.3"], "hotel_price": ["456"]}, "535657": {"hotel_name": "\u6df1\u5733\u91d1\u4e2d\u73af\u9152\u5e97\u516c\u5bd3", "order_time": ["2019-01-16 14:48:24"], "total_order": 1, "hotel_value": ["4.2"], "hotel_price": ["452"]}, "6284220": {"hotel_name": "\u67cf\u69ff\u9152\u5e97(\u6df1\u5733\u4e1c\u95e8\u6e56\u8d1d\u5730\u94c1\u7ad9\u5e97)", "order_time": ["2019-01-16 14:48:24", "2019-01-16 15:20:21", "2019-01-16 14:50:18"], "total_order": 3, "hotel_value": ["4.8", "4.8", "4.8"], "hotel_price": ["346", "346", "346"]}, "929591": {"hotel_name": "\u7ef4\u4e5f\u7eb3\u9152\u5e97(\u6df1\u5733\u7231\u6995\u8def\u5e97)", "order_time": ["2019-01-16 14:48:24", "2019-01-16 15:10:22"], "total_order": 2, "hotel_value": ["4.8", "4.8"], "hotel_price": ["316", "316"]}, "467527": {"hotel_name": "\u57ce\u5e02\u5ba2\u6808(\u6df1\u5733\u6b22\u4e50\u8c37\u5e97)", "order_time": ["2019-01-16 14:48:24"], "total_order": 1, "hotel_value": ["4.1"], "hotel_price": ["299"]}, "468088": {"hotel_name": "\u6df1\u5733\u91d1\u92ae\u5bcc\u4f17\u9152\u5e97", "order_time": ["2019-01-16 14:48:24"], "total_order": 1, "hotel_value": ["4.4"], "hotel_price": ["466"]}, "21145565": {"hotel_name": "\u6df1\u5733\u9ad8\u65b0\u5bcc\u60a6\u9152\u5e97", "order_time": ["2019-01-16 14:48:25"], "total_order": 1, "hotel_value": ["4.7"], "hotel_price": ["1157"]}, "468924": {"hotel_name": "\u6c49\u5ead\u9152\u5e97(\u6df1\u5733\u9f99\u534e\u6cb9\u677e\u5e97)", "order_time": ["2019-01-16 14:48:25"], "total_order": 1, "hotel_value": ["4.6"], "hotel_price": ["256"]}, "1600007": {"hotel_name": "\u51e4\u51f0\u5370\u8c61\u516c\u5bd3(\u6df1\u5733\u51e4\u51f0\u8def\u5e97)", "order_time": ["2019-01-16 14:48:25", "2019-01-16 14:50:15"], "total_order": 2, "hotel_value": ["4.6", "4.6"], "hotel_price": ["268", "268"]}, "6997331": {"hotel_name": "\u7687\u671d\u5546\u52a1\u9152\u5e97(\u6df1\u5733\u798f\u7530\u53e3\u5cb8\u5e97)", "order_time": ["2019-01-16 14:48:26"], "total_order": 1, "hotel_value": ["4.4"], "hotel_price": ["386"]}, "1597243": {"hotel_name": "\u6df1\u5733\u91d1\u798f\u6797\u9152\u5e97", "order_time": ["2019-01-16 14:48:27"], "total_order": 1, "hotel_value": ["3.9"], "hotel_price": ["218"]}, "1600107": {"hotel_name": "\u524d\u6d77\u6e7e\u7cbe\u54c1\u9152\u5e97(\u6df1\u5733\u524d\u6d77\u81ea\u8d38\u533a\u5e97)", "order_time": ["2019-01-16 14:48:29"], "total_order": 1, "hotel_value": ["4.3"], "hotel_price": ["229"]}, "5840625": {"hotel_name": "\u6df1\u5733\u548c\u5e73\u5bbe\u9986", "order_time": ["2019-01-16 14:48:34"], "total_order": 1, "hotel_value": ["3.6"], "hotel_price": ["168"]}, "1458265": {"hotel_name": "\u5982\u5bb6\u5feb\u6377\u9152\u5e97(\u6df1\u5733\u5e03\u5409\u5730\u94c1\u7ad9\u5e97)", "order_time": ["2019-01-16 15:30:36", "2019-01-16 14:48:39"], "total_order": 2, "hotel_value": ["4.1", "4.1"], "hotel_price": ["151", "151"]}, "23683284": {"hotel_name": "\u6df1\u5733\u90bb\u00b7\u5c9a\u5c71\u6d77\u666f\u6c11\u5bbf", "order_time": ["2019-01-16 14:48:42"], "total_order": 1, "hotel_value": ["4.3"], "hotel_price": ["88"]}, "1546618": {"hotel_name": "\u6df1\u5733\u745e\u90fd\u9152\u5e97", "order_time": ["2019-01-16 14:48:58"], "total_order": 1, "hotel_value": ["4.1"], "hotel_price": ["99"]}, "1691578": {"hotel_name": "\u6df1\u5733\u592a\u5b50\u5bbe\u9986", "order_time": ["2019-01-16 14:50:16"], "total_order": 1, "hotel_value": ["4.0"], "hotel_price": ["489"]}, "426209": {"hotel_name": "\u6df1\u5733\u82b1\u56ed\u683c\u5170\u4e91\u5929\u5927\u9152\u5e97", "order_time": ["2019-01-16 14:50:17"], "total_order": 1, "hotel_value": ["4.6"], "hotel_price": ["988"]}, "2701160": {"hotel_name": "\u4f18\u4f18\u9152\u5e97(\u6df1\u5733\u65b0\u673a\u573a\u822a\u7ad9\u697c\u5e97)", "order_time": ["2019-01-16 14:50:20"], "total_order": 1, "hotel_value": ["4.5"], "hotel_price": ["189"]}, "3442180": {"hotel_name": "\u6df1\u5733\u7c73\u5170\u5609\u987f\u9152\u5e97", "order_time": ["2019-01-16 14:50:21"], "total_order": 1, "hotel_value": ["4.5"], "hotel_price": ["311"]}, "2881593": {"hotel_name": "\u9526\u6c5f\u4e4b\u661f\u54c1\u5c1a(\u6df1\u5733\u7687\u5c97\u53e3\u5cb8\u7687\u57ce\u5e7f\u573a\u5e97)", "order_time": ["2019-01-16 14:50:21", "2019-01-16 15:24:23"], "total_order": 2, "hotel_value": ["4.4", "4.4"], "hotel_price": ["289", "289"]}, "968299": {"hotel_name": "\u6df1\u5733\u4f73\u8c6a\u7cbe\u54c1\u5f71\u9662\u9152\u5e97", "order_time": ["2019-01-16 14:50:23"], "total_order": 1, "hotel_value": ["4.5"], "hotel_price": ["161"]}, "6544594": {"hotel_name": "\u9e4f\u57ce\u56fd\u9645\u516c\u5bd3(\u6df1\u5733ONE39\u5e97)(\u539f\u5343\u5ea6\u7cbe\u54c1\u516c\u5bd3)", "order_time": ["2019-01-16 14:50:25"], "total_order": 1, "hotel_value": ["4.6"], "hotel_price": ["346"]}, "4536474": {"hotel_name": "\u6df1\u5733\u84dd\u82d1\u7cbe\u54c1\u9152\u5e97", "order_time": ["2019-01-16 14:50:27"], "total_order": 1, "hotel_value": ["4.4"], "hotel_price": ["94"]}, "13329875": {"hotel_name": "\u6df1\u5733\u6e29\u99a8\u6d6a\u6f2b\u9152\u5e97(\u539f\u795e\u8bdd\u6d6a\u6f2b\u9152\u5e97\u6d77\u96c5\u7f24\u7eb7\u57ce\u5e97)", "order_time": ["2019-01-16 15:16:33", "2019-01-16 14:50:28"], "total_order": 2, "hotel_value": ["4.5", "4.5"], "hotel_price": ["134", "134"]}, "5379459": {"hotel_name": "\u6df1\u5733\u4e1c\u6d77\u5546\u52a1\u5bbe\u9986", "order_time": ["2019-01-16 14:50:37"], "total_order": 1, "hotel_value": ["4.3"], "hotel_price": ["98"]}, "23788437": {"hotel_name": "\u6df1\u5733\u597d\u4eab\u5bb6\u9752\u5e74\u65c5\u820d", "order_time": ["2019-01-16 14:50:44"], "total_order": 1, "hotel_value": ["4.7"], "hotel_price": ["50"]}, "6639587": {"hotel_name": "\u6df1\u5733\u4e07\u660c\u516c\u5bd3\u6717\u5c71\u8def\u5e97", "order_time": ["2019-01-16 14:50:45"], "total_order": 1, "hotel_value": ["4.3"], "hotel_price": ["238"]}, "25643749": {"hotel_name": "\u6df1\u5733\u5c0f\u9a6c\u54e5\u4e4b\u5bb6\u516c\u5bd3", "order_time": ["2019-01-16 14:51:25"], "total_order": 1, "hotel_value": [0], "hotel_price": ["475"]}, "635236": {"hotel_name": "\u7ef4\u4e5f\u7eb3\u9152\u5e97(\u6df1\u5733\u51e4\u51f0\u5e97)", "order_time": ["2019-01-16 14:52:15"], "total_order": 1, "hotel_value": ["4.7"], "hotel_price": ["286"]}, "1285020": {"hotel_name": "\u6df1\u5733\u67e0\u6aac\u9152\u5e97", "order_time": ["2019-01-16 14:52:17"], "total_order": 1, "hotel_value": ["4.4"], "hotel_price": ["198"]}, "5248368": {"hotel_name": "\u6df1\u573380\u9752\u5e74\u8fde\u9501\u9152\u5e97\u673a\u573a\u540e\u745e\u5730\u94c1\u7ad9\u5e97", "order_time": ["2019-01-16 14:52:18"], "total_order": 1, "hotel_value": ["4.6"], "hotel_price": ["128"]}, "371246": {"hotel_name": "\u6df1\u5733\u4e1c\u90e8\u534e\u4fa8\u57ce\u8335\u7279\u62c9\u6839\u9152\u5e97", "order_time": ["2019-01-16 14:52:18"], "total_order": 1, "hotel_value": ["4.6"], "hotel_price": ["1076"]}, "27966194": {"hotel_name": "\u6df1\u5733\u5bb6\u745e\u5c45\u592a\u7a7a\u8231\u516c\u5bd3", "order_time": ["2019-01-16 15:18:27", "2019-01-16 15:26:30", "2019-01-16 14:52:19"], "total_order": 3, "hotel_value": ["4.7", "4.7", "4.7"], "hotel_price": ["43", "43", "43"]}, "1596955": {"hotel_name": "7\u5929\u8fde\u9501\u9152\u5e97(\u6df1\u5733\u56fd\u8d38\u4e8c\u5e97)", "order_time": ["2019-01-16 14:52:22"], "total_order": 1, "hotel_value": ["4.1"], "hotel_price": ["99"]}, "432848": {"hotel_name": "\u6df1\u5733\u4e0a\u6d77\u5bbe\u9986", "order_time": ["2019-01-16 14:52:24"], "total_order": 1, "hotel_value": ["4.6"], "hotel_price": ["538"]}, "535627": {"hotel_name": "\u6df1\u5733\u541b\u9038\u9152\u5e97", "order_time": ["2019-01-16 14:52:24"], "total_order": 1, "hotel_value": ["4.5"], "hotel_price": ["346"]}, "8901224": {"hotel_name": "\u6021\u96c5\u5c45\u9152\u5e97\u5f0f\u516c\u5bd3(\u6a1f\u5751\u4e00\u533a\u5e97)", "order_time": ["2019-01-16 14:58:41", "2019-01-16 14:52:26", "2019-01-16 15:26:37"], "total_order": 3, "hotel_value": ["4.0", "4.0", "4.0"], "hotel_price": ["108", "108", "112"]}, "6042416": {"hotel_name": "\u6df1\u5733\u96c5\u56ed\u6e2f\u53e3\u9152\u5e97(\u539f\u96c5\u56ed\u86c7\u53e3\u9152\u5e97)", "order_time": ["2019-01-16 14:52:26"], "total_order": 1, "hotel_value": ["4.2"], "hotel_price": ["289"]}, "833545": {"hotel_name": "\u6df1\u5733\u4e91\u5ba2\u6808", "order_time": ["2019-01-16 14:52:27"], "total_order": 1, "hotel_value": ["3.4"], "hotel_price": ["198"]}, "1593220": {"hotel_name": "\u4e00\u8a93\u73ab\u7470\u60c5\u4fa3\u4e3b\u9898\u9152\u5e97(\u6df1\u5733\u5efa\u5b89\u5e97)", "order_time": ["2019-01-16 14:52:27"], "total_order": 1, "hotel_value": ["4.5"], "hotel_price": ["164"]}, "1599581": {"hotel_name": "\u6df1\u5733\u89c2\u6f9c\u9152\u5e97", "order_time": ["2019-01-16 14:52:29"], "total_order": 1, "hotel_value": ["4.3"], "hotel_price": ["143"]}, "1505384": {"hotel_name": "\u60a6\u5de2\u516c\u5bd3(\u6df1\u5733\u5317\u7ad9\u5e97)", "order_time": ["2019-01-16 14:52:31", "2019-01-16 14:58:17"], "total_order": 2, "hotel_value": ["4.5", "4.5"], "hotel_price": ["183", "183"]}, "454317": {"hotel_name": "\u7ef4\u4e5f\u7eb3\u9152\u5e97(\u6df1\u5733\u6885\u6797\u5e97)", "order_time": ["2019-01-16 14:52:31"], "total_order": 1, "hotel_value": ["4.8"], "hotel_price": ["519"]}, "1598299": {"hotel_name": "\u6df1\u5733\u6cf0\u534e\u65f6\u5c1a\u9152\u5e97", "order_time": ["2019-01-16 14:52:33"], "total_order": 1, "hotel_value": ["4.0"], "hotel_price": ["121"]}, "1480066": {"hotel_name": "\u4e50\u7ec5\u9152\u5e97(\u6df1\u5733\u673a\u573a\u5e97)", "order_time": ["2019-01-16 14:52:38"], "total_order": 1, "hotel_value": ["4.1"], "hotel_price": ["187"]}, "486124": {"hotel_name": "\u7687\u671d\u5546\u52a1\u9152\u5e97(\u6df1\u5733\u7687\u5c97\u53e3\u5cb8\u5e97)", "order_time": ["2019-01-16 14:52:40"], "total_order": 1, "hotel_value": ["4.0"], "hotel_price": ["225"]}, "473037": {"hotel_name": "\u6df1\u5733\u5723\u6dd8\u6c99\u9152\u5e97(\u7fe1\u7fe0\u5e97)", "order_time": ["2019-01-16 14:52:41"], "total_order": 1, "hotel_value": ["4.6"], "hotel_price": ["1876"]}, "8404339": {"hotel_name": "\u9e97\u67ab\u9152\u5e97(\u6df1\u5733\u5317\u7ad9\u5742\u7530\u5730\u94c1\u7ad9\u5e97)", "order_time": ["2019-01-16 14:52:41"], "total_order": 1, "hotel_value": ["4.7"], "hotel_price": ["396"]}, "5293350": {"hotel_name": "\u6df1\u5733\u65e5\u534e\u5bbe\u9986", "order_time": ["2019-01-16 14:52:45"], "total_order": 1, "hotel_value": ["4.0"], "hotel_price": ["168"]}, "4835218": {"hotel_name": "\u6df1\u5733\u8fce\u7fd4\u5546\u52a1\u9152\u5e97", "order_time": ["2019-01-16 14:52:50"], "total_order": 1, "hotel_value": ["4.2"], "hotel_price": ["124"]}, "2279616": {"hotel_name": "\u6df1\u5733\u8521\u5c4b\u56f4\u5927\u9152\u5e97", "order_time": ["2019-01-16 14:54:17"], "total_order": 1, "hotel_value": ["4.4"], "hotel_price": ["218"]}, "1768679": {"hotel_name": "\u591a\u4f26\u591a\u9152\u5e97(\u6df1\u5733\u666f\u7530\u5e97)(\u539f\u4f1a\u5c55\u4e2d\u5fc3\u5e97)", "order_time": ["2019-01-16 14:54:18"], "total_order": 1, "hotel_value": ["4.4"], "hotel_price": ["298"]}, "8565961": {"hotel_name": "\u767b\u5df4\u5ba2\u6808(\u6df1\u5733\u4f1a\u5c55\u4e2d\u5fc3\u5e97)", "order_time": ["2019-01-16 14:54:18"], "total_order": 1, "hotel_value": ["4.5"], "hotel_price": ["54"]}, "481088": {"hotel_name": "\u60a6\u6765\u5ba2\u6808\u7ecf\u6d4e\u8fde\u9501\u9152\u5e97(\u6df1\u5733\u7f57\u6e56\u5e97)", "order_time": ["2019-01-16 14:54:20"], "total_order": 1, "hotel_value": ["4.0"], "hotel_price": ["155"]}, "513807": {"hotel_name": "\u51ef\u9f99\u56fd\u9645\u9152\u5e97(\u6df1\u5733\u5317\u7ad9\u5e97)", "order_time": ["2019-01-16 14:54:22"], "total_order": 1, "hotel_value": ["4.4"], "hotel_price": ["318"]}, "486122": {"hotel_name": "\u6df1\u5733\u767b\u559c\u8def\u9152\u5e97", "order_time": ["2019-01-16 14:54:24"], "total_order": 1, "hotel_value": ["4.5"], "hotel_price": ["487"]}, "1596109": {"hotel_name": "\u6df1\u5733\u9e3f\u6cf0\u9f99\u9152\u5e97", "order_time": ["2019-01-16 14:54:24"], "total_order": 1, "hotel_value": ["4.1"], "hotel_price": ["153"]}, "431235": {"hotel_name": "\u6df1\u5733\u4e07\u60a6\u683c\u5170\u4e91\u5929\u5927\u9152\u5e97", "order_time": ["2019-01-16 14:54:24", "2019-01-16 15:00:22"], "total_order": 2, "hotel_value": ["4.6", "4.6"], "hotel_price": ["808", "798"]}, "28235311": {"hotel_name": "\u6df1\u5733\u51ef\u91cc\u4e9a\u5fb7\u9152\u5e97", "order_time": ["2019-01-16 14:54:27"], "total_order": 1, "hotel_value": [0], "hotel_price": ["328"]}, "4656380": {"hotel_name": "\u7ef4\u4e5f\u7eb3\u9152\u5e97(\u6df1\u5733\u9f99\u73e0\u5e97)", "order_time": ["2019-01-16 14:58:31", "2019-01-16 14:54:29"], "total_order": 2, "hotel_value": ["4.8", "4.8"], "hotel_price": ["606", "606"]}, "807370": {"hotel_name": "\u91d1\u4fa8\u5bbe\u9986(\u6df1\u5733\u9f99\u534e\u5e97)", "order_time": ["2019-01-16 14:54:35"], "total_order": 1, "hotel_value": ["3.8"], "hotel_price": ["158"]}, "807121": {"hotel_name": "\u6df1\u5733\u91d1\u5730\u5bbe\u9986", "order_time": ["2019-01-16 14:54:36"], "total_order": 1, "hotel_value": ["3.8"], "hotel_price": ["168"]}, "6873049": {"hotel_name": "168\u8fde\u9501\u9152\u5e97(\u6df1\u5733\u677e\u67cf\u8def\u5e97)(\u539f\u9f99\u5c97\u5e97)", "order_time": ["2019-01-16 14:54:36"], "total_order": 1, "hotel_value": ["4.4"], "hotel_price": ["143"]}, "1613112": {"hotel_name": "\u6df1\u5733\u4e07\u798f\u57ce3D\u5f71\u9662\u9152\u5e97", "order_time": ["2019-01-16 14:54:36"], "total_order": 1, "hotel_value": ["4.3"], "hotel_price": ["109"]}, "1570080": {"hotel_name": "\u6df1\u5733\u957f\u4e30\u82b1\u56ed\u9152\u5e97", "order_time": ["2019-01-16 14:54:38"], "total_order": 1, "hotel_value": ["4.1"], "hotel_price": ["312"]}, "1595624": {"hotel_name": "\u6df1\u5733\u7231\u60c5\u9e1f\u516c\u5bd3", "order_time": ["2019-01-16 14:54:39"], "total_order": 1, "hotel_value": ["4.6"], "hotel_price": ["278"]}, "1722542": {"hotel_name": "\u6df1\u5733\u548c\u5e73\u9152\u5e97", "order_time": ["2019-01-16 14:54:41"], "total_order": 1, "hotel_value": ["4.3"], "hotel_price": ["128"]}, "806385": {"hotel_name": "\u6df1\u5733\u4e30\u5ea6\u5bbe\u9986", "order_time": ["2019-01-16 14:54:45"], "total_order": 1, "hotel_value": ["3.6"], "hotel_price": ["120"]}, "1598093": {"hotel_name": "\u6df1\u5733\u5609\u60a6\u9152\u5e97", "order_time": ["2019-01-16 14:54:45"], "total_order": 1, "hotel_value": ["3.7"], "hotel_price": ["128"]}, "5982305": {"hotel_name": "\u6df1\u5733lilyhouse\u5ba2\u6808\u53e4\u57ce\u5e97", "order_time": ["2019-01-16 15:02:54", "2019-01-16 14:54:54"], "total_order": 2, "hotel_value": ["4.7", "4.7"], "hotel_price": ["102", "102"]}, "5312586": {"hotel_name": "\u738b\u724c\u56fd\u9645\u9152\u5e97(\u6df1\u5733\u5317\u7ad9\u6c11\u6cbb\u5e97)", "order_time": ["2019-01-16 15:06:19", "2019-01-16 14:56:24"], "total_order": 2, "hotel_value": ["4.6", "4.6"], "hotel_price": ["520", "509"]}, "3695354": {"hotel_name": "\u7ef4\u4e5f\u7eb3\u56fd\u9645\u9152\u5e97(\u6df1\u5733\u5149\u660e\u5927\u9053\u5e97)", "order_time": ["2019-01-16 14:56:25"], "total_order": 1, "hotel_value": ["4.8"], "hotel_price": ["226"]}, "2569602": {"hotel_name": "\u683c\u6797\u8c6a\u6cf0(\u6df1\u5733\u4e1c\u95e8\u5e97)", "order_time": ["2019-01-16 14:56:25"], "total_order": 1, "hotel_value": ["4.5"], "hotel_price": ["248"]}, "1605783": {"hotel_name": "\u679c\u679c\u516c\u5bd3(\u6df1\u5733\u6ee8\u6cb3\u65f6\u4ee3\u5e97)", "order_time": ["2019-01-16 14:56:26"], "total_order": 1, "hotel_value": ["4.4"], "hotel_price": ["522"]}, "5301729": {"hotel_name": "\u683c\u6797\u4e1c\u65b9\u9152\u5e97(\u6df1\u5733\u4e1c\u95e8\u5e97)", "order_time": ["2019-01-16 14:56:27"], "total_order": 1, "hotel_value": ["4.6"], "hotel_price": ["254"]}, "426204": {"hotel_name": "\u6df1\u5733\u7687\u8f69\u9152\u5e97", "order_time": ["2019-01-16 14:56:28"], "total_order": 1, "hotel_value": ["4.3"], "hotel_price": ["816"]}, "6817459": {"hotel_name": "\u7ef4\u4e5f\u7eb3\u56fd\u9645\u9152\u5e97(\u6df1\u5733\u673a\u573a\u822a\u57ce\u5e97)", "order_time": ["2019-01-16 14:56:28"], "total_order": 1, "hotel_value": ["4.7"], "hotel_price": ["269"]}, "1598462": {"hotel_name": "\u6df1\u5733\u7fe0\u56ed\u9152\u5e97", "order_time": ["2019-01-16 14:56:30"], "total_order": 1, "hotel_value": ["4.2"], "hotel_price": ["148"]}, "1524605": {"hotel_name": "\u6df1\u5733\u6d77\u5929\u5bbe\u9986", "order_time": ["2019-01-16 14:56:32"], "total_order": 1, "hotel_value": ["4.1"], "hotel_price": ["265"]}, "452674": {"hotel_name": "\u6df1\u5733\u5546\u65c5\u65f6\u5c1a\u9152\u5e97", "order_time": ["2019-01-16 14:56:35"], "total_order": 1, "hotel_value": ["3.9"], "hotel_price": ["289"]}, "444702": {"hotel_name": "\u9526\u6c5f\u4e4b\u661f\u98ce\u5c1a(\u6df1\u5733\u79d1\u5b66\u9986\u5e97)", "order_time": ["2019-01-16 14:56:36"], "total_order": 1, "hotel_value": ["4.2"], "hotel_price": ["169"]}, "6708371": {"hotel_name": "\u6df1\u5733\u5361\u7f57\u7cbe\u54c1\u9152\u5e97\u6625\u98ce\u5e97", "order_time": ["2019-01-16 14:56:37", "2019-01-16 15:04:22"], "total_order": 2, "hotel_value": ["4.4", "4.4"], "hotel_price": ["232", "232"]}, "1597074": {"hotel_name": "\u6df1\u5733\u767e\u798f\u6765\u5546\u52a1\u9152\u5e97", "order_time": ["2019-01-16 14:56:43"], "total_order": 1, "hotel_value": ["4.2"], "hotel_price": ["183"]}, "5278365": {"hotel_name": "\u60f3\u5bb6\u9152\u5e97\u516c\u5bd3(\u6df1\u5733\u5927\u51b2\u79d1\u6280\u56ed\u5e97)", "order_time": ["2019-01-16 14:56:56"], "total_order": 1, "hotel_value": ["4.5"], "hotel_price": ["268"]}, "1318184": {"hotel_name": "\u6df1\u5733\u516d\u8054\u9152\u5e97", "order_time": ["2019-01-16 14:56:58"], "total_order": 1, "hotel_value": ["4.2"], "hotel_price": ["288"]}, "1487764": {"hotel_name": "\u5e38\u5c1a\u9152\u5e97(\u6df1\u5733\u897f\u4e3d\u5e97)", "order_time": ["2019-01-16 14:58:17"], "total_order": 1, "hotel_value": ["4.5"], "hotel_price": ["321"]}, "1603184": {"hotel_name": "\u777f\u58eb\u683c\u8c03\u9152\u5e97(\u6df1\u5733\u6e05\u6e56\u5730\u94c1\u7ad9\u5e97)(\u539f\u8f69\u83b1\u65af\u9152\u5e97)", "order_time": ["2019-01-16 14:58:20", "2019-01-16 15:06:22"], "total_order": 2, "hotel_value": ["4.5", "4.5"], "hotel_price": ["148", "148"]}, "1599798": {"hotel_name": "\u6df1\u5733\u94f6\u6fe0\u82b1\u56ed\u9152\u5e97", "order_time": ["2019-01-16 14:58:22"], "total_order": 1, "hotel_value": ["4.4"], "hotel_price": ["269"]}, "5797239": {"hotel_name": "\u601d\u9014\u5546\u52a1\u516c\u5bd3(\u6df1\u5733ONE39\u5e97)", "order_time": ["2019-01-16 14:58:23"], "total_order": 1, "hotel_value": ["4.7"], "hotel_price": ["345"]}, "468857": {"hotel_name": "\u6df1\u5733\u67ab\u53f6\u57ce\u5e02\u9152\u5e97", "order_time": ["2019-01-16 14:58:24"], "total_order": 1, "hotel_value": ["4.3"], "hotel_price": ["456"]}, "802552": {"hotel_name": "\u7ff0\u96c5\u7cbe\u54c1\u9152\u5e97(\u6df1\u5733\u5b9d\u5b89\u673a\u573a\u56fa\u620c\u5730\u94c1\u7ad9\u5e97)", "order_time": ["2019-01-16 14:58:26"], "total_order": 1, "hotel_value": ["4.4"], "hotel_price": ["131"]}, "1760957": {"hotel_name": "\u6df1\u5733\u535a\u6717\u5927\u9152\u5e97", "order_time": ["2019-01-16 14:58:30"], "total_order": 1, "hotel_value": ["4.5"], "hotel_price": ["173"]}, "668085": {"hotel_name": "\u57ce\u5e02\u5ba2\u6808(\u6df1\u5733\u9526\u7ee3\u4e2d\u534e\u5e97)", "order_time": ["2019-01-16 14:58:33"], "total_order": 1, "hotel_value": ["4.2"], "hotel_price": ["455"]}, "5860446": {"hotel_name": "\u9f99\u8054\u5c1a\u54c1\u9152\u5e97(\u6df1\u5733\u7231\u8054\u5730\u94c1\u7ad9\u5e97)", "order_time": ["2019-01-16 14:58:42"], "total_order": 1, "hotel_value": ["4.0"], "hotel_price": ["113"]}, "931675": {"hotel_name": "\u7ef4\u4e5f\u7eb3\u56fd\u9645\u9152\u5e97(\u6df1\u5733\u5317\u7ad9\u5e97)", "order_time": ["2019-01-16 14:59:26"], "total_order": 1, "hotel_value": ["4.6"], "hotel_price": ["578"]}, "345032": {"hotel_name": "\u6df1\u5733\u9999\u683c\u91cc\u62c9\u5927\u9152\u5e97", "order_time": ["2019-01-16 14:59:26", "2019-01-16 15:30:58"], "total_order": 2, "hotel_value": ["4.4", "4.4"], "hotel_price": ["1108", "1108"]}, "1420095": {"hotel_name": "\u7ef4\u4e5f\u7eb3\u9152\u5e97(\u6df1\u5733\u4f1a\u5c55\u4e2d\u5fc3\u5e97)", "order_time": ["2019-01-16 14:59:26"], "total_order": 1, "hotel_value": ["4.7"], "hotel_price": ["478"]}, "467428": {"hotel_name": "\u6df1\u5733\u745e\u9a70\u9152\u5e97", "order_time": ["2019-01-16 15:00:20"], "total_order": 1, "hotel_value": ["4.0"], "hotel_price": ["534"]}, "3911697": {"hotel_name": "\u7ef4\u4e5f\u7eb3\u9152\u5e97(\u6df1\u5733\u6c99\u6e7e\u5e97)", "order_time": ["2019-01-16 15:00:22"], "total_order": 1, "hotel_value": ["4.8"], "hotel_price": ["299"]}, "1459419": {"hotel_name": "\u6613\u5230\u9152\u5e97(\u6df1\u5733\u897f\u4e3d\u5e97)", "order_time": ["2019-01-16 15:00:24"], "total_order": 1, "hotel_value": ["4.4"], "hotel_price": ["109"]}, "2043260": {"hotel_name": "\u6df1\u5733\u4f70\u5bb6\u6021\u9152\u5e97", "order_time": ["2019-01-16 15:00:24"], "total_order": 1, "hotel_value": ["4.3"], "hotel_price": ["198"]}, "967920": {"hotel_name": "\u6c49\u5ead\u9152\u5e97(\u6df1\u5733\u5b9d\u5b89\u673a\u573a\u822a\u7ad9\u697c\u5e97)", "order_time": ["2019-01-16 15:00:27"], "total_order": 1, "hotel_value": ["4.2"], "hotel_price": ["166"]}, "1597650": {"hotel_name": "7\u5929\u4f18\u54c1\u9152\u5e97(\u6df1\u5733\u8f66\u516c\u5e99\u5e97)", "order_time": ["2019-01-16 15:06:32", "2019-01-16 15:00:28"], "total_order": 2, "hotel_value": ["4.4", "4.4"], "hotel_price": ["321", "325"]}, "6417928": {"hotel_name": "\u6df1\u5733\u91d1\u6c11\u5b89\u5546\u52a1\u9152\u5e97", "order_time": ["2019-01-16 15:00:33"], "total_order": 1, "hotel_value": ["4.1"], "hotel_price": ["178"]}, "1499469": {"hotel_name": "\u6df1\u5733\u6854\u5b50\u4e3b\u9898\u9152\u5e97(\u539f\u6b63\u5174\u5546\u52a1\u5bbe\u9986)", "order_time": ["2019-01-16 15:00:35"], "total_order": 1, "hotel_value": ["4.3"], "hotel_price": ["121"]}, "5351397": {"hotel_name": "\u6df1\u5733\u88d5\u5b89\u5bbe\u9986\u6d2a\u6d6a\u5317\u5730\u94c1\u7ad9\u5e97", "order_time": ["2019-01-16 15:00:37"], "total_order": 1, "hotel_value": ["4.0"], "hotel_price": ["153"]}, "1273818": {"hotel_name": "\u7ef4\u4e5f\u7eb33\u597d\u9152\u5e97(\u6df1\u5733\u6c99\u5634\u5e97)(\u539f\u541b\u8c6a\u76db\u4e16\u5546\u52a1\u5bbe\u9986)", "order_time": ["2019-01-16 15:00:38"], "total_order": 1, "hotel_value": ["4.7"], "hotel_price": ["386"]}, "1597095": {"hotel_name": "\u6fe0\u6c5f\u6625\u9152\u5e97(\u6df1\u5733\u897f\u4e61\u5e97)", "order_time": ["2019-01-16 15:00:43"], "total_order": 1, "hotel_value": ["4.2"], "hotel_price": ["143"]}, "2893454": {"hotel_name": "\u6df1\u5733\u82e5\u5bb6\u9152\u5e97", "order_time": ["2019-01-16 15:00:44"], "total_order": 1, "hotel_value": ["4.1"], "hotel_price": ["114"]}, "1553658": {"hotel_name": "\u6df1\u5733\u660e\u82d1\u5927\u53a6", "order_time": ["2019-01-16 15:00:44"], "total_order": 1, "hotel_value": ["3.7"], "hotel_price": ["177"]}, "19921396": {"hotel_name": "\u6df1\u5733\u51e4\u51f0\u5ba2\u5bb6\u9152\u5e97", "order_time": ["2019-01-16 15:00:44"], "total_order": 1, "hotel_value": [0], "hotel_price": ["567"]}, "6332129": {"hotel_name": "\u6df1\u5733\u6c11\u4e30\u516c\u5bd3", "order_time": ["2019-01-16 15:00:47"], "total_order": 1, "hotel_value": ["3.5"], "hotel_price": ["81"]}, "13574647": {"hotel_name": "\u6df1\u5733\u5c0a\u4eab\u56fd\u9645\u516c\u5bd3", "order_time": ["2019-01-16 15:02:14"], "total_order": 1, "hotel_value": ["4.6"], "hotel_price": ["348"]}, "536403": {"hotel_name": "\u6df1\u5733\u65b0\u65f6\u4ee3\u9152\u5e97", "order_time": ["2019-01-16 15:02:16"], "total_order": 1, "hotel_value": ["4.3"], "hotel_price": ["353"]}, "536126": {"hotel_name": "\u6df1\u5733\u96c5\u8bd7\u9601\u7f8e\u4f26\u670d\u52a1\u516c\u5bd3", "order_time": ["2019-01-16 15:02:18"], "total_order": 1, "hotel_value": ["4.5"], "hotel_price": ["868"]}, "25644918": {"hotel_name": "\u6df1\u5733\u534e\u91cc\u00b7\u91cc\u5bd3\u9152\u5e97", "order_time": ["2019-01-16 15:02:22"], "total_order": 1, "hotel_value": ["4.0"], "hotel_price": ["297"]}, "658847": {"hotel_name": "\u6df1\u5733\u53cc\u6eaa\u5a01\u673a\u573a\u5927\u9152\u5e97", "order_time": ["2019-01-16 15:02:25"], "total_order": 1, "hotel_value": ["4.3"], "hotel_price": ["263"]}, "1119403": {"hotel_name": "\u6df1\u5733\u60a0\u7136\u5c45\u9152\u5e97(\u4f1a\u5c55\u4e2d\u5fc3\u5e97)", "order_time": ["2019-01-16 15:02:25"], "total_order": 1, "hotel_value": ["4.6"], "hotel_price": ["278"]}, "1250164": {"hotel_name": "\u57ce\u5e02\u4fbf\u6377\u9152\u5e97(\u6df1\u5733\u677e\u5c97\u5ba2\u8fd0\u7ad9\u5e97)", "order_time": ["2019-01-16 15:02:26"], "total_order": 1, "hotel_value": ["4.2"], "hotel_price": ["153"]}, "2198445": {"hotel_name": "\u6df1\u5733\u5929\u5929\u9152\u5e97", "order_time": ["2019-01-16 15:02:31"], "total_order": 1, "hotel_value": ["4.0"], "hotel_price": ["218"]}, "6482769": {"hotel_name": "80\u9752\u5e74\u8fde\u9501\u9152\u5e97(\u6df1\u5733\u677e\u5c97\u6c99\u6c5f\u5e97)", "order_time": ["2019-01-16 15:02:34"], "total_order": 1, "hotel_value": ["4.6"], "hotel_price": ["88"]}, "1600120": {"hotel_name": "\u5feb8\u8fde\u9501\u9152\u5e97(\u6df1\u5733\u77f3\u5ca9\u5e97)", "order_time": ["2019-01-16 15:28:43", "2019-01-16 15:02:38"], "total_order": 2, "hotel_value": ["4.1", "4.1"], "hotel_price": ["133", "133"]}, "1207395": {"hotel_name": "\u745e\u5ef7\u7cbe\u54c1\u9152\u5e97(\u6df1\u5733\u6e2f\u9686\u57ce\u5e97)(\u539f\u6d82\u9e26\u5496\u5561\u9152\u5e97)", "order_time": ["2019-01-16 15:04:20"], "total_order": 1, "hotel_value": ["4.7"], "hotel_price": ["158"]}, "2198537": {"hotel_name": "\u6df1\u5733\u5723\u6dd8\u6c99\u9152\u5e97(\u6843\u56ed\u5e97)", "order_time": ["2019-01-16 15:04:20"], "total_order": 1, "hotel_value": ["4.6"], "hotel_price": ["1388"]}, "1542105": {"hotel_name": "\u6df1\u5733\u8d1d\u5c14\u6f2b\u7cbe\u54c1\u9152\u5e97", "order_time": ["2019-01-16 15:04:22"], "total_order": 1, "hotel_value": ["4.5"], "hotel_price": ["153"]}, "2729116": {"hotel_name": "\u6df1\u5733\u5b9d\u4e3d\u9152\u5e97", "order_time": ["2019-01-16 15:04:22"], "total_order": 1, "hotel_value": ["4.2"], "hotel_price": ["168"]}, "2266013": {"hotel_name": "\u7ef4\u4e5f\u7eb3\u56fd\u9645\u9152\u5e97(\u6df1\u5733\u89c2\u6f9c\u89c2\u5149\u8def\u5e97)", "order_time": ["2019-01-16 15:04:24"], "total_order": 1, "hotel_value": ["4.8"], "hotel_price": ["249"]}, "2645046": {"hotel_name": "\u6df1\u5733\u5927\u5b8b\u9152\u5e97", "order_time": ["2019-01-16 15:04:24"], "total_order": 1, "hotel_value": ["4.5"], "hotel_price": ["216"]}, "19924868": {"hotel_name": "\u9e97\u67ab\u9152\u5e97(\u6df1\u5733\u4e16\u754c\u4e4b\u7a97\u5e97)", "order_time": ["2019-01-16 15:04:27"], "total_order": 1, "hotel_value": ["4.7"], "hotel_price": ["746"]}, "917630": {"hotel_name": "\u9526\u6c5f\u4e4b\u661f(\u6df1\u5733\u5357\u5c71\u524d\u6d77\u8def\u5e97)", "order_time": ["2019-01-16 15:04:28"], "total_order": 1, "hotel_value": ["4.4"], "hotel_price": ["387"]}, "6610947": {"hotel_name": "\u6df1\u5733\u73ba\u60a6\u9152\u5e97", "order_time": ["2019-01-16 15:04:29"], "total_order": 1, "hotel_value": ["4.4"], "hotel_price": ["88"]}, "6310189": {"hotel_name": "\u6df1\u5733\u8bb0\u5fc6\u56fd\u9645\u516c\u5bd3(\u539f\u777f\u4e3d\u9ad8\u7ea7\u5546\u52a1\u516c\u5bd3)", "order_time": ["2019-01-16 15:04:30", "2019-01-16 15:08:31"], "total_order": 2, "hotel_value": ["4.5", "4.5"], "hotel_price": ["368", "368"]}, "1571037": {"hotel_name": "\u6df1\u5733\u5fb7\u51a0\u5ef7\u91d1\u9f99\u8f69\u9152\u5e97", "order_time": ["2019-01-16 15:04:36", "2019-01-16 15:16:36"], "total_order": 2, "hotel_value": ["4.4", "4.4"], "hotel_price": ["223", "223"]}, "1015689": {"hotel_name": "\u6df1\u5733\u65b0\u6cf0\u5bbe\u9986", "order_time": ["2019-01-16 15:04:37"], "total_order": 1, "hotel_value": ["4.1"], "hotel_price": ["141"]}, "8651726": {"hotel_name": "\u6df1\u5733\u521d\u89c1\u9152\u5e97\u516c\u5bd3", "order_time": ["2019-01-16 15:04:37"], "total_order": 1, "hotel_value": ["4.5"], "hotel_price": ["286"]}, "4531861": {"hotel_name": "\u6df1\u5733\u7f57\u6e56\u706b\u8f66\u7ad9\u592a\u7a7a\u8231\u56fd\u9645\u9752\u5e74\u65c5\u820d", "order_time": ["2019-01-16 15:04:38"], "total_order": 1, "hotel_value": ["3.9"], "hotel_price": ["50"]}, "1599744": {"hotel_name": "\u660e\u822a\u5927\u9152\u5e97(\u6df1\u5733\u5b9d\u5b89\u56fd\u9645\u673a\u573a\u5e97)", "order_time": ["2019-01-16 15:06:14"], "total_order": 1, "hotel_value": ["4.0"], "hotel_price": ["197"]}, "428306": {"hotel_name": "\u6df1\u5733\u5408\u6cf0\u7cbe\u54c1\u9152\u5e97", "order_time": ["2019-01-16 15:06:20"], "total_order": 1, "hotel_value": ["4.7"], "hotel_price": ["193"]}, "772991": {"hotel_name": "\u83b1\u5361\u94c2\u7f8e\u9152\u5e97(\u6df1\u5733\u56fd\u8d38\u5e97)", "order_time": ["2019-01-16 15:06:21", "2019-01-16 15:08:24"], "total_order": 2, "hotel_value": ["4.4", "4.4"], "hotel_price": ["256", "256"]}, "5896190": {"hotel_name": "\u7231\u7434\u6d77\u6d6a\u6f2b\u827a\u672f\u9152\u5e97(\u6df1\u5733\u4e0a\u6885\u6797\u5353\u8d8a\u57ce\u5e97)(\u539f\u6885\u6797\u5e97)", "order_time": ["2019-01-16 15:06:23"], "total_order": 1, "hotel_value": ["4.3"], "hotel_price": ["436"]}, "1826407": {"hotel_name": "\u5e03\u4e01\u9152\u5e97(\u6df1\u5733\u798f\u7530\u4f1a\u5c55\u4e2d\u5fc3\u5c97\u53a6\u5730\u94c1\u7ad9\u5e97)", "order_time": ["2019-01-16 15:06:24"], "total_order": 1, "hotel_value": ["3.8"], "hotel_price": ["149"]}, "6357257": {"hotel_name": "\u65f6\u5149\u673a\u9752\u5e74\u65c5\u820d(\u6df1\u5733\u4f1a\u5c55\u4e2d\u5fc3\u5e97)", "order_time": ["2019-01-16 15:06:27"], "total_order": 1, "hotel_value": ["4.6"], "hotel_price": ["67"]}, "6743338": {"hotel_name": "\u591a\u4f26\u591a\u9152\u5e97(\u6df1\u5733\u5927\u65b0\u5e97)(\u539f\u6db5\u6797\u5546\u52a1\u9152\u5e97)", "order_time": ["2019-01-16 15:06:30"], "total_order": 1, "hotel_value": ["4.2"], "hotel_price": ["236"]}, "2649810": {"hotel_name": "\u6df1\u5733\u8f83\u573a\u5c3e\u6d77\u77e5\u604b\u5ba2\u6808", "order_time": ["2019-01-16 15:06:33"], "total_order": 1, "hotel_value": ["4.9"], "hotel_price": ["127"]}, "1293759": {"hotel_name": "\u6df1\u5733\u534a\u6708\u6e7e\u9152\u5e97", "order_time": ["2019-01-16 15:06:40"], "total_order": 1, "hotel_value": ["3.2"], "hotel_price": ["121"]}, "536405": {"hotel_name": "\u547c\u565c\u6808\u9152\u5e97(\u6df1\u5733\u4e2d\u4fe1\u5e97)", "order_time": ["2019-01-16 15:08:19"], "total_order": 1, "hotel_value": ["4.5"], "hotel_price": ["266"]}, "419433": {"hotel_name": "\u5c71\u6c34\u65f6\u5c1a\u9152\u5e97(\u6df1\u5733\u534e\u5f3a\u5317\u5e97)", "order_time": ["2019-01-16 15:08:24"], "total_order": 1, "hotel_value": ["4.4"], "hotel_price": ["427"]}, "4379783": {"hotel_name": "\u7f8e\u4e3d365\u8fde\u9501\u9152\u5e97(\u6df1\u5733\u9f99\u534e\u5730\u94c1\u7ad9\u5e97)(\u539f\u9633\u5149365\u8fde\u9501\u9152\u5e97)", "order_time": ["2019-01-16 15:08:26"], "total_order": 1, "hotel_value": ["4.0"], "hotel_price": ["138"]}, "1579895": {"hotel_name": "\u7ef4\u4e5f\u7eb3\u9152\u5e97(\u6df1\u5733\u516c\u660e\u85af\u7530\u57d4\u5730\u94c1\u7ad9\u5e97)", "order_time": ["2019-01-16 15:08:28"], "total_order": 1, "hotel_value": ["4.8"], "hotel_price": ["199"]}, "5768018": {"hotel_name": "\u79d1\u6da6\u9152\u5e97\u516c\u5bd3(\u6df1\u5733\u79d1\u6280\u56ed\u5e97)", "order_time": ["2019-01-16 15:26:37", "2019-01-16 15:08:28"], "total_order": 2, "hotel_value": ["4.4", "4.4"], "hotel_price": ["465", "465"]}, "1198311": {"hotel_name": "7\u5929\u8fde\u9501\u9152\u5e97(\u6df1\u5733\u673a\u573a\u65b0\u822a\u7ad9\u697c\u5e97)", "order_time": ["2019-01-16 15:08:30"], "total_order": 1, "hotel_value": ["4.2"], "hotel_price": ["145"]}, "806413": {"hotel_name": "\u6df1\u5733\u534e\u6d77\u5546\u52a1\u5bbe\u9986", "order_time": ["2019-01-16 15:08:33"], "total_order": 1, "hotel_value": ["3.9"], "hotel_price": ["128"]}, "4827081": {"hotel_name": "\u6df1\u5733\u91cd\u5e86\u5bbe\u9986", "order_time": ["2019-01-16 15:10:40", "2019-01-16 15:08:34"], "total_order": 2, "hotel_value": ["4.7", "4.7"], "hotel_price": ["239", "239"]}, "6534613": {"hotel_name": "7\u5929\u4f18\u54c1\u9152\u5e97(\u6df1\u5733\u5927\u6d6a\u5546\u4e1a\u4e2d\u5fc3\u5e97)", "order_time": ["2019-01-16 15:08:34"], "total_order": 1, "hotel_value": ["4.5"], "hotel_price": ["169"]}, "1600099": {"hotel_name": "\u6df1\u5733\u5723\u5b9d\u5bbe\u9986", "order_time": ["2019-01-16 15:08:35"], "total_order": 1, "hotel_value": ["3.8"], "hotel_price": ["248"]}, "3162692": {"hotel_name": "\u6df1\u5733\u541b\u607a\u5feb\u6377\u9152\u5e97", "order_time": ["2019-01-16 15:08:35"], "total_order": 1, "hotel_value": ["4.3"], "hotel_price": ["111"]}, "2316365": {"hotel_name": "\u83ab\u6cf0\u9152\u5e97(\u6df1\u5733\u9f99\u534e\u5730\u94c1\u7ad9\u5e97)", "order_time": ["2019-01-16 15:08:39"], "total_order": 1, "hotel_value": ["4.5"], "hotel_price": ["144"]}, "1598085": {"hotel_name": "\u6df1\u5733\u5feb\u5ba2\u6e2f\u90fd\u5bbe\u9986", "order_time": ["2019-01-16 15:08:56"], "total_order": 1, "hotel_value": ["2.9"], "hotel_price": ["106"]}, "1597467": {"hotel_name": "\u5b9d\u77f3\u5546\u52a1\u65c5\u9986(\u6df1\u5733\u77f3\u5ca9\u4e8c\u5e97)", "order_time": ["2019-01-16 15:08:56"], "total_order": 1, "hotel_value": ["3.8"], "hotel_price": ["55"]}, "374623": {"hotel_name": "\u6df1\u5733\u4e1c\u6d77\u6717\u5ef7\u9152\u5e97", "order_time": ["2019-01-16 15:10:15"], "total_order": 1, "hotel_value": ["4.8"], "hotel_price": ["1860"]}, "7021861": {"hotel_name": "\u6df1\u5733VAFARI\u5317\u6b27\u6c11\u5bbf", "order_time": ["2019-01-16 15:10:15"], "total_order": 1, "hotel_value": ["4.5"], "hotel_price": ["382"]}, "842711": {"hotel_name": "\u7ef4\u4e5f\u7eb3\u9152\u5e97(\u6df1\u5733\u5b9d\u5b89\u7ffb\u8eab\u5730\u94c1\u7ad9\u5e97)", "order_time": ["2019-01-16 15:10:15"], "total_order": 1, "hotel_value": ["4.8"], "hotel_price": ["327"]}, "6871171": {"hotel_name": "\u6df1\u5733\u4ebf\u6c11\u516c\u5bd3\u9152\u5e97", "order_time": ["2019-01-16 15:10:15"], "total_order": 1, "hotel_value": ["4.3"], "hotel_price": ["326"]}, "9544077": {"hotel_name": "\u6df1\u5733\u777f\u58eb\u56fd\u9645\u9152\u5e97\uff08\u5927\u6d6a\u5546\u4e1a\u4e2d\u5fc3\u5e97\uff09", "order_time": ["2019-01-16 15:10:15"], "total_order": 1, "hotel_value": ["4.5"], "hotel_price": ["158"]}, "468922": {"hotel_name": "\u6c49\u5ead\u9152\u5e97(\u6df1\u5733\u6d77\u4e0a\u4e16\u754c\u5e97)", "order_time": ["2019-01-16 15:10:16"], "total_order": 1, "hotel_value": ["4.1"], "hotel_price": ["446"]}, "5383941": {"hotel_name": "\u9e97\u67ab\u9152\u5e97(\u6df1\u5733\u6d77\u96c5\u7f24\u7eb7\u57ce\u5e97)", "order_time": ["2019-01-16 15:10:16"], "total_order": 1, "hotel_value": ["4.5"], "hotel_price": ["367"]}, "2164811": {"hotel_name": "\u5f18\u9633\u9152\u5e97(\u6df1\u5733\u5317\u7ad9\u5e97)", "order_time": ["2019-01-16 15:10:17"], "total_order": 1, "hotel_value": ["4.5"], "hotel_price": ["278"]}, "24462542": {"hotel_name": "\u6df1\u5733\u8d1d\u5854LOFT\u7cbe\u54c1\u516c\u5bd3", "order_time": ["2019-01-16 15:10:18"], "total_order": 1, "hotel_value": ["4.7"], "hotel_price": ["238"]}, "7351520": {"hotel_name": "\u6df1\u5733\u68ee\u7f8e\u9ad8\u7ea7\u5546\u52a1\u516c\u5bd3\u798f\u7530\u53e3\u5cb8\u5e97", "order_time": ["2019-01-16 15:10:18"], "total_order": 1, "hotel_value": ["4.2"], "hotel_price": ["352"]}, "1461871": {"hotel_name": "\u7ef4\u4e5f\u7eb3\u9152\u5e97(\u6df1\u5733\u4f1a\u5c55\u4e2d\u5fc3\u4e8c\u5e97)", "order_time": ["2019-01-16 15:10:20"], "total_order": 1, "hotel_value": ["4.8"], "hotel_price": ["128"]}, "1432157": {"hotel_name": "\u6df1\u5733\u534e\u4fa8\u9152\u5e97", "order_time": ["2019-01-16 15:10:20"], "total_order": 1, "hotel_value": ["3.7"], "hotel_price": ["193"]}, "346477": {"hotel_name": "\u6df1\u5733\u4e2d\u6d32\u5723\u5ef7\u82d1\u9152\u5e97(\u539f\u5723\u5ef7\u82d1\u9152\u5e97)", "order_time": ["2019-01-16 15:10:24"], "total_order": 1, "hotel_value": ["4.6"], "hotel_price": ["746"]}, "16070915": {"hotel_name": "\u6df1\u5733M HOTEL\u6728\u96c5\u9152\u5e97", "order_time": ["2019-01-16 15:10:24"], "total_order": 1, "hotel_value": ["4.6"], "hotel_price": ["638"]}, "8615583": {"hotel_name": "\u6df1\u5733\u57ce\u5bb6\u516c\u5bd3\u5357\u5c71\u5730\u94c1\u7ad9\u5e97", "order_time": ["2019-01-16 15:10:24"], "total_order": 1, "hotel_value": ["4.7"], "hotel_price": ["398"]}, "23876798": {"hotel_name": "\u6607\u60a6\u9152\u5e97(\u6df1\u5733\u798f\u6c38\u5e97)", "order_time": ["2019-01-16 15:10:24"], "total_order": 1, "hotel_value": ["4.7"], "hotel_price": ["132"]}, "1597982": {"hotel_name": "\u6df1\u5733\u4f9d\u5170\u65f6\u5c1a\u7cbe\u54c1\u9152\u5e97(\u539f\u6df1\u5733\u4f9d\u5170\u9152\u5e97)", "order_time": ["2019-01-16 15:10:24"], "total_order": 1, "hotel_value": ["4.3"], "hotel_price": ["258"]}, "4007561": {"hotel_name": "\u6df1\u5733\u5927\u5b66\u5170\u5179\u9152\u5e97", "order_time": ["2019-01-16 15:10:26"], "total_order": 1, "hotel_value": ["4.5"], "hotel_price": ["351"]}, "428301": {"hotel_name": "\u83ab\u6cf0168(\u6df1\u5733\u9f99\u5c97\u9f99\u57ce\u5e7f\u573a\u5730\u94c1\u7ad9\u5e97)", "order_time": ["2019-01-16 15:10:31"], "total_order": 1, "hotel_value": ["4.5"], "hotel_price": ["122"]}, "5988646": {"hotel_name": "\u6df1\u5733\u6d01\u8c6a\u5546\u52a1\u9152\u5e97", "order_time": ["2019-01-16 15:10:32", "2019-01-16 15:22:29"], "total_order": 2, "hotel_value": ["3.9", "3.9"], "hotel_price": ["146", "146"]}, "7954527": {"hotel_name": "\u6df1\u5733\u6a1f\u5751\u9152\u5e97\u516c\u5bd3", "order_time": ["2019-01-16 15:10:33"], "total_order": 1, "hotel_value": ["4.1"], "hotel_price": ["98"]}, "1595987": {"hotel_name": "\u5bb6\u8fce\u8fde\u9501\u9152\u5e97(\u6df1\u5733\u9f99\u5c97\u5e97)", "order_time": ["2019-01-16 15:10:38"], "total_order": 1, "hotel_value": ["4.3"], "hotel_price": ["68"]}, "2220140": {"hotel_name": "\u718a\u732b\u7cbe\u54c1\u9152\u5e97(\u6df1\u5733\u4f1a\u5c55\u4e2d\u5fc3\u5e97)", "order_time": ["2019-01-16 15:10:41"], "total_order": 1, "hotel_value": ["2.9"], "hotel_price": ["228"]}, "8020328": {"hotel_name": "\u6df1\u5733\u897f\u6d8c\u83ba\u8bed\u9601\u5ba2\u6808", "order_time": ["2019-01-16 15:10:42"], "total_order": 1, "hotel_value": ["4.8"], "hotel_price": ["169"]}, "807097": {"hotel_name": "\u6df1\u5733\u7eff\u8272\u5546\u52a1\u9152\u5e97(\u539f\u6781\u5ea6\u7cbe\u54c1\u4e3b\u9898\u9152\u5e97)", "order_time": ["2019-01-16 15:10:42"], "total_order": 1, "hotel_value": ["4.1"], "hotel_price": ["101"]}, "1597412": {"hotel_name": "\u6df1\u5733\u5f3a\u76db\u5bbe\u9986", "order_time": ["2019-01-16 15:10:47"], "total_order": 1, "hotel_value": ["2.5"], "hotel_price": ["64"]}, "1513061": {"hotel_name": "\u6df1\u5733\u7fe0\u5824\u8317\u8f69\u8336\u827a\u9986\u5ba2\u6808\u90e8", "order_time": ["2019-01-16 15:10:52"], "total_order": 1, "hotel_value": ["4.1"], "hotel_price": ["173"]}, "1006899": {"hotel_name": "\u6df1\u5733\u5357\u5934\u53e4\u57ce\u5e73\u4ef7\u516c\u5bd3", "order_time": ["2019-01-16 15:11:08"], "total_order": 1, "hotel_value": ["3.9"], "hotel_price": ["25"]}, "17900460": {"hotel_name": "\u6df1\u5733\u6728\u5b50\u5bb6\u9752\u65c5", "order_time": ["2019-01-16 15:11:10"], "total_order": 1, "hotel_value": ["4.9"], "hotel_price": ["18"]}, "2649368": {"hotel_name": "\u6df1\u5733\u4e07\u8c6a\u65f6\u5c1a\u5bbe\u9986", "order_time": ["2019-01-16 15:11:11"], "total_order": 1, "hotel_value": ["3.6"], "hotel_price": ["118"]}, "1603178": {"hotel_name": "7\u5929\u8fde\u9501\u9152\u5e97(\u6df1\u5733\u5317\u7ad9\u5e97)", "order_time": ["2019-01-16 15:12:15"], "total_order": 1, "hotel_value": ["4.7"], "hotel_price": ["199"]}, "22670066": {"hotel_name": "\u4e50\u6613\u4f4f\u65e0\u4eba\u667a\u6167\u9152\u5e97(\u6df1\u5733\u4e1c\u95e8\u5e97)", "order_time": ["2019-01-16 15:12:16"], "total_order": 1, "hotel_value": ["4.6"], "hotel_price": ["256"]}, "458427": {"hotel_name": "\u6df1\u5733\u5357\u6fb3\u661f\u7a7a\u99a8\u8bed\u9152\u5e97", "order_time": ["2019-01-16 15:12:17"], "total_order": 1, "hotel_value": ["4.5"], "hotel_price": ["235"]}, "6290268": {"hotel_name": "\u6df1\u5733\u7687\u5ead\u5546\u52a1\u9152\u5e97", "order_time": ["2019-01-16 15:12:17"], "total_order": 1, "hotel_value": ["4.4"], "hotel_price": ["153"]}, "4657561": {"hotel_name": "7\u5929\u4f18\u54c1\u9152\u5e97(\u6df1\u5733\u534e\u5357\u57ce\u4e2d\u5fc3\u5e97)", "order_time": ["2019-01-16 15:12:19"], "total_order": 1, "hotel_value": ["4.5"], "hotel_price": ["119"]}, "1477430": {"hotel_name": "\u6df1\u5733\u660c\u76db\u5feb\u6377\u9152\u5e97", "order_time": ["2019-01-16 15:12:22"], "total_order": 1, "hotel_value": ["4.1"], "hotel_price": ["112"]}, "17343073": {"hotel_name": "\u6df1\u5733\u6021\u96c5\u5c45\u9152\u5e97\u516c\u5bd3\u946b\u8302\u5e97", "order_time": ["2019-01-16 15:12:23"], "total_order": 1, "hotel_value": ["4.4"], "hotel_price": ["112"]}, "1479956": {"hotel_name": "\u6df1\u5733\u534e\u4fa8\u5927\u53a6\u9152\u5e97", "order_time": ["2019-01-16 15:12:25"], "total_order": 1, "hotel_value": ["4.0"], "hotel_price": ["189"]}, "1221985": {"hotel_name": "\u4e03\u6a59\u9152\u5e97(\u6df1\u5733\u5927\u65b0\u5730\u94c1\u7ad9\u6df1\u5733\u5927\u5b66\u5e97)(\u539f\u5357\u82d1\u5546\u52a1\u5bbe\u9986)", "order_time": ["2019-01-16 15:12:34"], "total_order": 1, "hotel_value": ["3.9"], "hotel_price": ["118"]}, "1480799": {"hotel_name": "\u6df1\u5733\u897f\u4e3d\u6e56\u5ea6\u5047\u6751", "order_time": ["2019-01-16 15:12:54"], "total_order": 1, "hotel_value": ["3.7"], "hotel_price": ["298"]}, "5801798": {"hotel_name": "\u6df1\u5733\u767e\u59d3\u5bb6\u7ecf\u6d4e\u9152\u5e97", "order_time": ["2019-01-16 15:14:32"], "total_order": 1, "hotel_value": ["3.1"], "hotel_price": ["182"]}, "5237743": {"hotel_name": "\u6df1\u5733\u559c\u739b\u62c9\u96c5\u9152\u5e97\u516c\u5bd3\u5317\u7ad9\u5e97", "order_time": ["2019-01-16 15:14:34"], "total_order": 1, "hotel_value": ["3.7"], "hotel_price": ["178"]}, "5982713": {"hotel_name": "\u6df1\u5733\u4e94\u661f\u9152\u5e97\u5f0f\u516c\u5bd3\u5317\u7ad9\u5e97", "order_time": ["2019-01-16 15:14:34"], "total_order": 1, "hotel_value": ["3.5"], "hotel_price": ["89"]}, "1318162": {"hotel_name": "\u683c\u6797\u8c6a\u6cf0\u5feb\u6377\u9152\u5e97(\u6df1\u5733\u5751\u6893\u5e97)", "order_time": ["2019-01-16 15:14:38"], "total_order": 1, "hotel_value": ["4.6"], "hotel_price": ["183"]}, "19495296": {"hotel_name": "\u6df1\u5733\u5c1a\u96c5\u90fd\u5e02\u516c\u5bd3", "order_time": ["2019-01-16 15:14:44"], "total_order": 1, "hotel_value": ["4.6"], "hotel_price": ["100"]}, "5078949": {"hotel_name": "\u6df1\u5733\u9752\u6625\u4e4b\u5bb6\u516c\u5bd3", "order_time": ["2019-01-16 15:14:57"], "total_order": 1, "hotel_value": [0], "hotel_price": ["36"]}, "453358": {"hotel_name": "\u6df1\u5733\u5708\u5b50\u827a\u672f\u9152\u5e97", "order_time": ["2019-01-16 15:15:35"], "total_order": 1, "hotel_value": ["3.8"], "hotel_price": ["205"]}, "453016": {"hotel_name": "\u7ef4\u4e5f\u7eb3\u56fd\u9645\u9152\u5e97(\u6df1\u5733\u4e07\u4f17\u57ce\u5e97)", "order_time": ["2019-01-16 15:16:23"], "total_order": 1, "hotel_value": ["4.8"], "hotel_price": ["279"]}, "7069513": {"hotel_name": "\u5168\u5b63\u9152\u5e97(\u6df1\u5733\u5b9d\u5b89\u673a\u573a\u798f\u6c38\u5e97)", "order_time": ["2019-01-16 15:16:24"], "total_order": 1, "hotel_value": ["4.6"], "hotel_price": ["281"]}, "1524901": {"hotel_name": "\u9886\u822a\u7cbe\u54c1\u9152\u5e97(\u6df1\u5733\u5b9d\u5b89\u56fd\u9645\u673a\u573aT3\u822a\u7ad9\u697c\u5e97)", "order_time": ["2019-01-16 15:16:25"], "total_order": 1, "hotel_value": ["4.3"], "hotel_price": ["176"]}, "926732": {"hotel_name": "\u6df1\u5733\u6842\u54c1\u8f69\u9152\u5e97", "order_time": ["2019-01-16 15:16:27"], "total_order": 1, "hotel_value": ["4.3"], "hotel_price": ["370"]}, "2053282": {"hotel_name": "\u6df1\u5733\u98ce\u683c\u7cbe\u54c1\u9152\u5e97(\u539f\u54c1\u4e50\u9152\u5e97\u7f57\u6e56\u53e3\u5cb8\u5730\u738b\u5e97)", "order_time": ["2019-01-16 15:16:27"], "total_order": 1, "hotel_value": ["4.2"], "hotel_price": ["143"]}, "848018": {"hotel_name": "\u6df1\u6e2f\u4f1a\u670d\u52a1\u5f0f\u516c\u5bd3(\u6df1\u5733\u65b0\u6d32\u5609\u5dde\u5bcc\u82d1\u5e97)", "order_time": ["2019-01-16 15:16:28"], "total_order": 1, "hotel_value": ["4.2"], "hotel_price": ["324"]}, "3803579": {"hotel_name": "\u6df1\u5733\u7c73\u56feMTT\u4f1a\u5c55\u4e2d\u5fc3\u9152\u5e97\u670d\u52a1\u516c\u5bd3", "order_time": ["2019-01-16 15:16:31"], "total_order": 1, "hotel_value": ["4.2"], "hotel_price": ["158"]}, "6753962": {"hotel_name": "\u6df1\u5733\u8c6a\u8fbe\u5546\u52a1\u5bbe\u9986", "order_time": ["2019-01-16 15:16:31"], "total_order": 1, "hotel_value": ["4.0"], "hotel_price": ["298"]}, "802703": {"hotel_name": "\u7d22\u7279\u6765\u9152\u5e97(\u91d1\u8272\u9633\u5149\u5e97)(\u539f\u91d1\u8272\u9633\u5149\u9152\u5e97)", "order_time": ["2019-01-16 15:16:31"], "total_order": 1, "hotel_value": ["4.3"], "hotel_price": ["134"]}, "1386153": {"hotel_name": "\u96c5\u65af\u7279\u9152\u5e97(\u6df1\u5733\u576a\u5c71\u5e97)", "order_time": ["2019-01-16 15:16:32"], "total_order": 1, "hotel_value": ["4.4"], "hotel_price": ["269"]}, "1001157": {"hotel_name": "\u5c1a\u5ba2\u4f18\u5feb\u6377\u9152\u5e97(\u6df1\u5733\u86c7\u53e3\u6d77\u4e0a\u4e16\u754c\u5e97)", "order_time": ["2019-01-16 15:16:32"], "total_order": 1, "hotel_value": ["3.9"], "hotel_price": ["187"]}, "4528970": {"hotel_name": "\u7ef4\u4e5f\u7eb3\u9152\u5e97(\u6df1\u5733\u9f99\u534e\u6c7d\u8f66\u7ad9\u5e97)", "order_time": ["2019-01-16 15:16:33"], "total_order": 1, "hotel_value": ["4.8"], "hotel_price": ["298"]}, "8565797": {"hotel_name": "\u6df1\u5733\u5927\u9e4f\u590f\u5c45\u7cbe\u54c1\u5ba2\u6808", "order_time": ["2019-01-16 15:16:36"], "total_order": 1, "hotel_value": ["4.8"], "hotel_price": ["91"]}, "6285106": {"hotel_name": "\u6b22\u4e50\u7cbe\u54c1\u9152\u5e97(\u6df1\u5733\u5b9d\u5b89\u5e97)", "order_time": ["2019-01-16 15:16:44"], "total_order": 1, "hotel_value": ["4.5"], "hotel_price": ["103"]}, "1740533": {"hotel_name": "\u6df1\u5733\u5929\u5730\u4eba\u548c\u9152\u5e97", "order_time": ["2019-01-16 15:16:49"], "total_order": 1, "hotel_value": ["4.5"], "hotel_price": ["166"]}, "2247932": {"hotel_name": "\u6854\u5b50\u9152\u5e97\u00b7\u7cbe\u9009(\u6df1\u5733\u7f57\u6e56\u5e97)", "order_time": ["2019-01-16 15:18:16", "2019-01-16 15:24:30"], "total_order": 2, "hotel_value": ["4.6", "4.6"], "hotel_price": ["446", "446"]}, "854773": {"hotel_name": "\u5982\u5bb6\u5feb\u6377\u9152\u5e97(\u6df1\u5733\u4e1c\u95e8\u6b65\u884c\u8857\u6652\u5e03\u5730\u94c1\u7ad9\u5e97)", "order_time": ["2019-01-16 15:18:19"], "total_order": 1, "hotel_value": ["4.6"], "hotel_price": ["210"]}, "666644": {"hotel_name": "\u6df1\u5733\u592a\u9633\u82b1\u9152\u5e97", "order_time": ["2019-01-16 15:18:25"], "total_order": 1, "hotel_value": ["4.3"], "hotel_price": ["310"]}, "6335220": {"hotel_name": "\u6df1\u5733\u6717\u94b0\u9152\u5e97", "order_time": ["2019-01-16 15:18:33"], "total_order": 1, "hotel_value": ["4.3"], "hotel_price": ["169"]}, "4959548": {"hotel_name": "\u68ee\u7f8e\u56fd\u9645\u9152\u5e97\u516c\u5bd3(\u6df1\u5733\u6ee8\u6cb3\u65f6\u4ee3\u5e97)", "order_time": ["2019-01-16 15:18:33"], "total_order": 1, "hotel_value": ["4.5"], "hotel_price": ["538"]}, "5074677": {"hotel_name": "\u6df1\u5733\u597d\u6765\u5c45\u5bbe\u9986", "order_time": ["2019-01-16 15:18:34"], "total_order": 1, "hotel_value": ["3.8"], "hotel_price": ["88"]}, "6284281": {"hotel_name": "\u6df1\u5733\u8377\u5858\u6708\u8272\u4e3b\u9898\u9152\u5e97", "order_time": ["2019-01-16 15:18:36"], "total_order": 1, "hotel_value": ["4.2"], "hotel_price": ["111"]}, "18451897": {"hotel_name": "\u6df1\u5733\u7c73\u4e91\u8c37\u56fd\u9645\u9152\u5e97", "order_time": ["2019-01-16 15:18:37"], "total_order": 1, "hotel_value": ["4.3"], "hotel_price": ["176"]}, "3181454": {"hotel_name": "\u6df1\u5733\u4e1c\u65b9\u9152\u5e97(\u539f\u4e1c\u65b9\u5546\u52a1\u9152\u5e97)", "order_time": ["2019-01-16 15:18:39"], "total_order": 1, "hotel_value": ["4.5"], "hotel_price": ["173"]}, "28710182": {"hotel_name": "\u6df1\u5733\u4e07\u4e16\u660c\u5b89\u987a\u5feb\u6377\u516c\u5bd3", "order_time": ["2019-01-16 15:18:44"], "total_order": 1, "hotel_value": [0], "hotel_price": ["135"]}, "5897157": {"hotel_name": "\u6df1\u5733\u57ce\u5e02\u9a7f\u7ad9\u9152\u5e97\u516c\u5bd3\u8fdc\u6d0b\u5e97", "order_time": ["2019-01-16 15:20:30"], "total_order": 1, "hotel_value": ["4.5"], "hotel_price": ["138"]}, "1455322": {"hotel_name": "\u5723\u5b9d\u5bbe\u9986(\u6df1\u5733\u4e0a\u6c99\u5e97)", "order_time": ["2019-01-16 15:20:43"], "total_order": 1, "hotel_value": ["3.5"], "hotel_price": ["248"]}, "452553": {"hotel_name": "\u80dc\u9ad8\u9152\u5e97(\u6df1\u5733\u6c99\u4e95\u65b0\u6865\u5e97)(\u539f\u534e\u5929\u5546\u52a1\u9152\u5e97)", "order_time": ["2019-01-16 15:20:47"], "total_order": 1, "hotel_value": ["4.3"], "hotel_price": ["113"]}, "22249700": {"hotel_name": "\u6df1\u5733\u767d\u77f3\u5dde\u9752\u5e74\u65c5\u793e", "order_time": ["2019-01-16 15:21:05"], "total_order": 1, "hotel_value": ["4.8"], "hotel_price": ["59"]}, "1007488": {"hotel_name": "\u6d3e\u9152\u5e97(\u6df1\u5733\u4e1c\u95e8\u6b65\u884c\u8857\u5e97)", "order_time": ["2019-01-16 15:22:18"], "total_order": 1, "hotel_value": ["4.6"], "hotel_price": ["148"]}, "534036": {"hotel_name": "\u6df1\u5733\u9e92\u9e9f\u5c71\u5e84", "order_time": ["2019-01-16 15:22:18"], "total_order": 1, "hotel_value": ["4.6"], "hotel_price": ["856"]}, "5724113": {"hotel_name": "\u51e4\u51f0\u5370\u8c61\u516c\u5bd3(\u6df1\u5733\u7f57\u6e56\u4e07\u8c61\u57ce\u5e97)", "order_time": ["2019-01-16 15:22:21"], "total_order": 1, "hotel_value": ["4.7"], "hotel_price": ["345"]}, "2577625": {"hotel_name": "\u6df1\u5733\u680e\u5b9c\u9152\u5e97", "order_time": ["2019-01-16 15:22:24"], "total_order": 1, "hotel_value": ["4.7"], "hotel_price": ["213"]}, "5293903": {"hotel_name": "\u6df1\u5733\u540d\u96c5\u8f69\u5feb\u6377\u9152\u5e97", "order_time": ["2019-01-16 15:22:26"], "total_order": 1, "hotel_value": ["4.3"], "hotel_price": ["143"]}, "1600418": {"hotel_name": "\u6df1\u5733\u7fe0\u6e56\u9152\u5e97", "order_time": ["2019-01-16 15:22:33"], "total_order": 1, "hotel_value": ["4.4"], "hotel_price": ["103"]}, "1352002": {"hotel_name": "\u6df1\u5733\u576a\u5730\u5927\u9152\u5e97", "order_time": ["2019-01-16 15:22:37"], "total_order": 1, "hotel_value": ["4.2"], "hotel_price": ["188"]}, "11779701": {"hotel_name": "\u6df1\u5733\u987a\u5fc3\u9752\u5e74\u65c5\u820d(\u7f57\u6e56\u5e97)", "order_time": ["2019-01-16 15:22:56"], "total_order": 1, "hotel_value": [0], "hotel_price": ["22"]}, "2696347": {"hotel_name": "\u65f6\u5149\u7eaa\u9752\u5e74\u65c5\u820d(\u6df1\u5733\u4e16\u754c\u4e4b\u7a97\u5e97)", "order_time": ["2019-01-16 15:23:05"], "total_order": 1, "hotel_value": ["3.9"], "hotel_price": ["36"]}, "6298731": {"hotel_name": "\u6df1\u5733\u5c0f\u6885\u6c99\u597d\u5bb6\u4e3b\u9898\u516c\u5bd3\u9152\u5e97", "order_time": ["2019-01-16 15:24:26"], "total_order": 1, "hotel_value": ["4.7"], "hotel_price": ["109"]}, "7116037": {"hotel_name": "\u7ef4\u4e5f\u7eb3\u9152\u5e97(\u6df1\u5733\u79d1\u6280\u56ed\u5317\u5e97)", "order_time": ["2019-01-16 15:24:26"], "total_order": 1, "hotel_value": ["4.8"], "hotel_price": ["408"]}, "5248402": {"hotel_name": "\u83ab\u6cf0\u9152\u5e97(\u6df1\u5733\u5927\u5b66\u5357\u6d77\u5927\u9053\u5e97)", "order_time": ["2019-01-16 15:24:29"], "total_order": 1, "hotel_value": ["4.4"], "hotel_price": ["322"]}, "3725392": {"hotel_name": "\u7ef4\u4e5f\u7eb3\u56fd\u9645\u9152\u5e97(\u6df1\u5733\u524d\u6d77\u5e97)", "order_time": ["2019-01-16 15:26:18"], "total_order": 1, "hotel_value": ["4.8"], "hotel_price": ["376"]}, "11426898": {"hotel_name": "\u9e97\u67ab\u9152\u5e97(\u6df1\u5733\u524d\u6d77\u65f6\u4ee3\u57ce\u576a\u6d32\u5730\u94c1\u7ad9\u5e97)", "order_time": ["2019-01-16 15:26:26"], "total_order": 1, "hotel_value": ["4.8"], "hotel_price": ["347"]}, "22669191": {"hotel_name": "\u6df1\u5733\u84dd\u8393\u9152\u5e97", "order_time": ["2019-01-16 15:26:29"], "total_order": 1, "hotel_value": ["4.6"], "hotel_price": ["133"]}, "5939367": {"hotel_name": "\u6df1\u5733\u704f\u666f\u7cbe\u54c1\u9152\u5e97", "order_time": ["2019-01-16 15:26:30"], "total_order": 1, "hotel_value": ["4.6"], "hotel_price": ["218"]}, "1229496": {"hotel_name": "\u5982\u5bb6\u5feb\u6377\u9152\u5e97(\u6df1\u5733\u9ec4\u8d1d\u5cad\u51e4\u51f0\u8def\u5e97)", "order_time": ["2019-01-16 15:26:31"], "total_order": 1, "hotel_value": ["4.6"], "hotel_price": ["149"]}, "6442144": {"hotel_name": "\u91d1\u8475\u82b1\u9152\u5e97(\u6df1\u5733\u5357\u7ea6\u5e97)", "order_time": ["2019-01-16 15:26:31"], "total_order": 1, "hotel_value": ["4.4"], "hotel_price": ["161"]}, "1380084": {"hotel_name": "\u6df1\u5733\u56fd\u4e30\u9152\u5e97(\u4f1a\u5c55\u4e2d\u5fc3\u5e97)", "order_time": ["2019-01-16 15:26:32"], "total_order": 1, "hotel_value": ["4.0"], "hotel_price": ["256"]}, "1606067": {"hotel_name": "\u5979\u4ed6\u516c\u5bd3(\u6df1\u5733\u6ee8\u6cb3\u65f6\u4ee3\u5e97)", "order_time": ["2019-01-16 15:26:33"], "total_order": 1, "hotel_value": ["4.6"], "hotel_price": ["798"]}, "1597471": {"hotel_name": "\u6df1\u5733\u8363\u767b\u5ba2\u6808", "order_time": ["2019-01-16 15:26:33"], "total_order": 1, "hotel_value": ["4.1"], "hotel_price": ["134"]}, "485203": {"hotel_name": "\u6df1\u5733\u661f\u4eae\u9152\u5e97", "order_time": ["2019-01-16 15:26:34"], "total_order": 1, "hotel_value": ["4.0"], "hotel_price": ["243"]}, "965300": {"hotel_name": "\u6df1\u5733\u534e\u7fd4\u7cbe\u54c1\u9152\u5e97(\u539f\u534e\u7fd4\u65c5\u9986)", "order_time": ["2019-01-16 15:26:34"], "total_order": 1, "hotel_value": ["4.5"], "hotel_price": ["103"]}, "1288192": {"hotel_name": "\u6df1\u5733\u5c71\u666f\u9152\u5e97", "order_time": ["2019-01-16 15:26:35"], "total_order": 1, "hotel_value": ["4.5"], "hotel_price": ["133"]}, "3243323": {"hotel_name": "\u6df1\u5733\u5317\u7ad9\u946b\u9152\u5e97\u5f0f\u516c\u5bd3", "order_time": ["2019-01-16 15:26:37"], "total_order": 1, "hotel_value": ["4.2"], "hotel_price": ["133"]}, "26576656": {"hotel_name": "\u6df1\u5733\u6df1\u5733\u6e7e\u4e07\u6021\u9152\u5e97", "order_time": ["2019-01-16 15:26:39"], "total_order": 1, "hotel_value": ["3.9"], "hotel_price": ["1632"]}, "2073920": {"hotel_name": "\u516b\u53f7\u8fde\u9501\u9152\u5e97(\u6df1\u5733\u767d\u77f3\u6d32\u5730\u94c1\u7ad9\u5e97)(\u539f\u4e16\u7eaa\u6751\u5e97)", "order_time": ["2019-01-16 15:28:17"], "total_order": 1, "hotel_value": ["4.4"], "hotel_price": ["225"]}, "5024851": {"hotel_name": "\u6df1\u5733\u6f2b\u5929\u6e38\u9152\u5e97\u516c\u5bd3", "order_time": ["2019-01-16 15:28:24"], "total_order": 1, "hotel_value": ["4.5"], "hotel_price": ["292"]}, "25588131": {"hotel_name": "\u6df1\u5733\u9526\u8fb0\u7cbe\u54c1\u516c\u5bd3", "order_time": ["2019-01-16 15:28:27"], "total_order": 1, "hotel_value": ["4.8"], "hotel_price": ["408"]}, "1429816": {"hotel_name": "\u6df1\u5733\u82b1\u56ed\u9152\u5e97", "order_time": ["2019-01-16 15:28:38"], "total_order": 1, "hotel_value": ["4.6"], "hotel_price": ["146"]}, "24035638": {"hotel_name": "\u6df1\u5733\u8054\u521b\u53d1\u9152\u5e97", "order_time": ["2019-01-16 15:28:38"], "total_order": 1, "hotel_value": ["4.5"], "hotel_price": ["133"]}, "1007990": {"hotel_name": "\u6d77\u6797\u9152\u5e97(\u6df1\u5733\u9f99\u534e\u65b0\u533a\u5e97)", "order_time": ["2019-01-16 15:28:40"], "total_order": 1, "hotel_value": ["4.1"], "hotel_price": ["103"]}, "807114": {"hotel_name": "\u6df1\u5733\u8d63\u6c5f\u7cbe\u54c1\u65c5\u9986", "order_time": ["2019-01-16 15:28:49"], "total_order": 1, "hotel_value": ["3.5"], "hotel_price": ["102"]}, "807041": {"hotel_name": "\u60a6\u6656\u8fde\u9501\u9152\u5e97(\u6df1\u5733\u798f\u6c38\u5e97)", "order_time": ["2019-01-16 15:28:50"], "total_order": 1, "hotel_value": ["4.2"], "hotel_price": ["98"]}, "3799379": {"hotel_name": "\u6df1\u5733\u5353\u6f9c\u5bbe\u9986", "order_time": ["2019-01-16 15:28:50"], "total_order": 1, "hotel_value": ["4.5"], "hotel_price": ["121"]}, "5846714": {"hotel_name": "\u6df1\u5733\u5c1a\u5ba2\u4f18\u8fde\u9501\u9152\u5e97\u4e16\u754c\u4e4b\u7a97\u5e97", "order_time": ["2019-01-16 15:30:13"], "total_order": 1, "hotel_value": ["3.7"], "hotel_price": ["256"]}, "6067466": {"hotel_name": "\u6df1\u5733\u5c1a\u5ba2\u4f18\u9152\u5e97\u6c99\u4e95\u897f\u5730\u94c1\u7ad9\u5e97", "order_time": ["2019-01-16 15:30:32"], "total_order": 1, "hotel_value": ["4.4"], "hotel_price": ["99"]}, "2992919": {"hotel_name": "\u6df1\u5733Paris\u4e3b\u9898\u9752\u5e74\u516c\u5bd3", "order_time": ["2019-01-16 15:30:33"], "total_order": 1, "hotel_value": ["4.1"], "hotel_price": ["35"]}, "3735235": {"hotel_name": "\u6df1\u5733\u5927\u60a6\u57ce\u5546\u52a1\u9152\u5e97", "order_time": ["2019-01-16 15:30:33"], "total_order": 1, "hotel_value": ["4.4"], "hotel_price": ["133"]}, "802522": {"hotel_name": "\u6768\u6885\u5751\u83ab\u9ed8\u6d77\u8fb9\u5ba2\u6808(\u6df1\u5733\u6d77\u89d2\u5e97)", "order_time": ["2019-01-16 15:30:41"], "total_order": 1, "hotel_value": ["4.5"], "hotel_price": ["144"]}, "1486559": {"hotel_name": "\u7ef4\u4e5f\u7eb3\u9152\u5e97(\u6df1\u5733\u6c99\u4e95\u4e0a\u5357\u5e97)", "order_time": ["2019-01-16 15:30:58"], "total_order": 1, "hotel_value": ["4.8"], "hotel_price": ["238"]}}}