{"\u5f00\u59cb\u8bb0\u5f55\u65f6\u95f4": "2019-01-21 11:58:36", "\u7ed3\u675f\u8bb0\u5f55\u65f6\u95f4": "2019-01-21 12:58:36", "\u8ba2\u5355\u603b\u589e\u91cf": 497, "item": {"1254816": {"hotel_name": "\u6df1\u5733\u9999\u69ad\u4e3d\u5bab\u9152\u5e97", "order_time": ["2019-01-21 11:59:44"], "total_order": 1, "hotel_value": ["4.6"], "hotel_price": ["618"]}, "5312586": {"hotel_name": "\u738b\u724c\u56fd\u9645\u9152\u5e97(\u6df1\u5733\u5317\u7ad9\u6c11\u6cbb\u5e97)", "order_time": ["2019-01-21 12:00:46"], "total_order": 1, "hotel_value": ["4.6"], "hotel_price": ["454"]}, "2164811": {"hotel_name": "\u5f18\u9633\u9152\u5e97(\u6df1\u5733\u5317\u7ad9\u5e97)", "order_time": ["2019-01-21 12:00:46"], "total_order": 1, "hotel_value": ["4.5"], "hotel_price": ["277"]}, "457053": {"hotel_name": "\u6df1\u5733\u8d22\u5bcc\u9152\u5e97", "order_time": ["2019-01-21 12:00:46"], "total_order": 1, "hotel_value": ["4.5"], "hotel_price": ["398"]}, "440122": {"hotel_name": "\u7ca4\u4f73\u5546\u52a1\u9152\u5e97(\u6df1\u5733\u7f57\u6e56\u53e3\u5cb8\u5e97)", "order_time": ["2019-01-21 12:00:48"], "total_order": 1, "hotel_value": ["4.2"], "hotel_price": ["181"]}, "6797581": {"hotel_name": "\u9e97\u67ab\u9152\u5e97(\u6df1\u5733\u77f3\u5ca9\u6c7d\u8f66\u7ad9\u5e97)", "order_time": ["2019-01-21 12:00:48", "2019-01-21 12:12:46"], "total_order": 2, "hotel_value": ["4.8", "4.8"], "hotel_price": ["261", "261"]}, "374623": {"hotel_name": "\u6df1\u5733\u4e1c\u6d77\u6717\u5ef7\u9152\u5e97", "order_time": ["2019-01-21 12:08:50", "2019-01-21 12:00:50"], "total_order": 2, "hotel_value": ["4.8", "4.8"], "hotel_price": ["1334", "1334"]}, "12481871": {"hotel_name": "\u7ef4\u4e5f\u7eb3\u597d\u7720\u56fd\u9645\u9152\u5e97(\u6df1\u5733\u65b0\u673a\u573a\u65d7\u8230\u5e97)", "order_time": ["2019-01-21 12:00:50"], "total_order": 1, "hotel_value": ["4.8"], "hotel_price": ["339"]}, "1524901": {"hotel_name": "\u9886\u822a\u7cbe\u54c1\u9152\u5e97(\u6df1\u5733\u5b9d\u5b89\u56fd\u9645\u673a\u573aT3\u822a\u7ad9\u697c\u5e97)", "order_time": ["2019-01-21 12:00:51"], "total_order": 1, "hotel_value": ["4.3"], "hotel_price": ["176"]}, "426199": {"hotel_name": "\u6df1\u5733\u6df1\u822a\u56fd\u9645\u9152\u5e97", "order_time": ["2019-01-21 12:20:45", "2019-01-21 12:00:52"], "total_order": 2, "hotel_value": ["4.8", "4.8"], "hotel_price": ["864", "864"]}, "8192848": {"hotel_name": "\u57ce\u5bb6\u7cbe\u9009\u516c\u5bd3(\u6df1\u5733\u5357\u5c71\u5730\u94c1\u7ad9\u5e97)", "order_time": ["2019-01-21 12:00:52"], "total_order": 1, "hotel_value": ["4.5"], "hotel_price": ["349"]}, "1225798": {"hotel_name": "\u6df1\u5733\u666f\u660e\u8fbe\u9152\u5e97", "order_time": ["2019-01-21 12:00:52"], "total_order": 1, "hotel_value": ["4.3"], "hotel_price": ["454"]}, "15718502": {"hotel_name": "\u79a7\u7a0b\u9152\u5e97(\u6df1\u5733\u5149\u660e\u5e97)", "order_time": ["2019-01-21 12:00:52"], "total_order": 1, "hotel_value": ["4.5"], "hotel_price": ["187"]}, "8509138": {"hotel_name": "\u541b\u607a\u7cbe\u54c1\u9152\u5e97(\u6df1\u5733\u4eba\u6c11\u5317\u8def\u5e97)", "order_time": ["2019-01-21 12:02:51", "2019-01-21 12:00:53"], "total_order": 2, "hotel_value": ["4.6", "4.6"], "hotel_price": ["189", "189"]}, "3264743": {"hotel_name": "\u6df1\u5733\u6a59\u5b50\u9152\u5e97", "order_time": ["2019-01-21 12:00:54"], "total_order": 1, "hotel_value": ["4.2"], "hotel_price": ["195"]}, "513754": {"hotel_name": "\u6df1\u5733\u5b9d\u60a6\u9152\u5e97", "order_time": ["2019-01-21 12:00:54"], "total_order": 1, "hotel_value": ["4.5"], "hotel_price": ["276"]}, "6390930": {"hotel_name": "\u6c49\u5ead\u9152\u5e97(\u6df1\u5733\u534e\u5f3a\u5317\u632f\u5174\u8def\u5e97)", "order_time": ["2019-01-21 12:00:57"], "total_order": 1, "hotel_value": ["4.6"], "hotel_price": ["256"]}, "5237965": {"hotel_name": "\u6df1\u5733\u5b9d\u9686\u5546\u52a1\u9152\u5e97", "order_time": ["2019-01-21 12:01:07"], "total_order": 1, "hotel_value": ["4.1"], "hotel_price": ["118"]}, "1349293": {"hotel_name": "\u7ef4\u4e5f\u7eb3\u9152\u5e97(\u6df1\u5733\u5357\u65b0\u8def\u5e97)", "order_time": ["2019-01-21 12:01:33", "2019-01-21 12:28:55"], "total_order": 2, "hotel_value": ["4.8", "4.8"], "hotel_price": ["413", "413"]}, "689152": {"hotel_name": "\u9526\u6c5f\u4e4b\u661f(\u6df1\u5733\u673a\u573a\u5e97)", "order_time": ["2019-01-21 12:02:44"], "total_order": 1, "hotel_value": ["4.3"], "hotel_price": ["199"]}, "1413498": {"hotel_name": "\u5361\u745e\u767b\u9152\u5e97(\u6df1\u5733\u5317\u7ad9\u5e97)", "order_time": ["2019-01-21 12:02:44"], "total_order": 1, "hotel_value": ["4.2"], "hotel_price": ["328"]}, "535694": {"hotel_name": "\u6df1\u5733\u534e\u5f3a\u5e7f\u573a\u9152\u5e97", "order_time": ["2019-01-21 12:08:49", "2019-01-21 12:02:44"], "total_order": 2, "hotel_value": ["4.7", "4.7"], "hotel_price": ["688", "688"]}, "425478": {"hotel_name": "\u6df1\u5733\u65b0\u90fd\u9152\u5e97", "order_time": ["2019-01-21 12:02:44"], "total_order": 1, "hotel_value": ["4.7"], "hotel_price": ["389"]}, "347428": {"hotel_name": "\u6df1\u5733\u9a6c\u54e5\u5b5b\u7f57\u597d\u65e5\u5b50\u9152\u5e97", "order_time": ["2019-01-21 12:02:44"], "total_order": 1, "hotel_value": ["4.7"], "hotel_price": ["1146"]}, "2699166": {"hotel_name": "\u5929\u548c\u9152\u5e97(\u6df1\u5733\u673a\u573aT3\u822a\u7ad9\u697c\u5e97)", "order_time": ["2019-01-21 12:02:45"], "total_order": 1, "hotel_value": ["4.6"], "hotel_price": ["319"]}, "14154841": {"hotel_name": "\u6df1\u5733\u5357\u5c71CitiGO \u6b22\u9601\u9152\u5e97", "order_time": ["2019-01-21 12:02:45"], "total_order": 1, "hotel_value": ["4.4"], "hotel_price": ["664"]}, "1406443": {"hotel_name": "\u4e0a\u54c1\u9152\u5e97(\u6df1\u5733\u4f1a\u5c55\u4e2d\u5fc3\u5e97)", "order_time": ["2019-01-21 12:02:45"], "total_order": 1, "hotel_value": ["4.2"], "hotel_price": ["200"]}, "1047092": {"hotel_name": "\u96c5\u56ed\u5858\u6717\u9152\u5e97(\u6df1\u5733\u5317\u7ad9\u5e97)", "order_time": ["2019-01-21 12:02:46", "2019-01-21 12:24:46"], "total_order": 2, "hotel_value": ["4.2", "4.2"], "hotel_price": ["199", "199"]}, "21149292": {"hotel_name": "\u6df1\u5733\u90a6\u62d3\u7f8e\u8bfa\u884c\u653f\u516c\u5bd3", "order_time": ["2019-01-21 12:02:46"], "total_order": 1, "hotel_value": ["4.5"], "hotel_price": ["519"]}, "925657": {"hotel_name": "\u6df1\u5733\u56db\u5ddd\u5bbe\u9986", "order_time": ["2019-01-21 12:08:46", "2019-01-21 12:02:46"], "total_order": 2, "hotel_value": ["4.5", "4.5"], "hotel_price": ["378", "378"]}, "751414": {"hotel_name": "\u6df1\u5733\u65b0\u4e16\u754c\u5bbe\u9986", "order_time": ["2019-01-21 12:02:46"], "total_order": 1, "hotel_value": ["4.4"], "hotel_price": ["198"]}, "2565840": {"hotel_name": "\u7ef4\u4e5f\u7eb3\u9152\u5e97(\u6df1\u5733\u4e1c\u7ad9\u5e97)", "order_time": ["2019-01-21 12:02:46"], "total_order": 1, "hotel_value": ["4.8"], "hotel_price": ["269"]}, "5248402": {"hotel_name": "\u83ab\u6cf0\u9152\u5e97(\u6df1\u5733\u5927\u5b66\u5357\u6d77\u5927\u9053\u5e97)", "order_time": ["2019-01-21 12:02:47"], "total_order": 1, "hotel_value": ["4.4"], "hotel_price": ["275"]}, "6299918": {"hotel_name": "\u5343\u5ea6\u9152\u5e97\u516c\u5bd3(\u6df1\u5733\u79d1\u6280\u56ed\u5e97)", "order_time": ["2019-01-21 12:02:47"], "total_order": 1, "hotel_value": ["4.6"], "hotel_price": ["248"]}, "1438034": {"hotel_name": "\u7231\u534e\u7cbe\u54c1\u9152\u5e97(\u6df1\u5733\u534e\u5f3a\u5317\u5e97)", "order_time": ["2019-01-21 12:02:47"], "total_order": 1, "hotel_value": ["4.5"], "hotel_price": ["223"]}, "7522576": {"hotel_name": "\u6df1\u5733\u89c2\u6f9c\u6e56\u786c\u77f3\u9152\u5e97", "order_time": ["2019-01-21 12:02:47"], "total_order": 1, "hotel_value": ["4.6"], "hotel_price": ["676"]}, "6477598": {"hotel_name": "\u6df1\u5733\u4e07\u798f\u4e16\u7eaa\u9152\u5e97", "order_time": ["2019-01-21 12:02:48"], "total_order": 1, "hotel_value": ["4.4"], "hotel_price": ["187"]}, "905772": {"hotel_name": "\u6df1\u5733\u51ef\u5229\u5bbe\u9986", "order_time": ["2019-01-21 12:02:48"], "total_order": 1, "hotel_value": ["4.3"], "hotel_price": ["388"]}, "435403": {"hotel_name": "\u6df1\u5733\u798f\u6865\u5927\u9152\u5e97", "order_time": ["2019-01-21 12:02:48"], "total_order": 1, "hotel_value": ["4.1"], "hotel_price": ["170"]}, "842711": {"hotel_name": "\u7ef4\u4e5f\u7eb3\u9152\u5e97(\u6df1\u5733\u5b9d\u5b89\u7ffb\u8eab\u5730\u94c1\u7ad9\u5e97)", "order_time": ["2019-01-21 12:02:48"], "total_order": 1, "hotel_value": ["4.8"], "hotel_price": ["348"]}, "11057796": {"hotel_name": "\u6df1\u5733\u6d77\u4e0a\u4e16\u754c\u5170\u5179\u9152\u5e97", "order_time": ["2019-01-21 12:02:48"], "total_order": 1, "hotel_value": ["4.4"], "hotel_price": ["348"]}, "1016845": {"hotel_name": "\u9510\u601d\u7279\u00b7\u9038\u81f4\u9152\u5e97(\u6df1\u5733\u4e1c\u7ad9\u5e03\u5409\u5e97)", "order_time": ["2019-01-21 12:02:48"], "total_order": 1, "hotel_value": ["4.7"], "hotel_price": ["132"]}, "1596449": {"hotel_name": "\u946b\u8302\u82b1\u56ed\u9152\u5e97(\u6df1\u5733\u5317\u7ad9\u5e97)", "order_time": ["2019-01-21 12:54:44", "2019-01-21 12:02:49", "2019-01-21 12:12:45"], "total_order": 3, "hotel_value": ["4.5", "4.5", "4.5"], "hotel_price": ["387", "387", "387"]}, "2239012": {"hotel_name": "\u6df1\u5733\u5b8f\u660c\u5546\u52a1\u9152\u5e97", "order_time": ["2019-01-21 12:02:49"], "total_order": 1, "hotel_value": ["4.3"], "hotel_price": ["199"]}, "5250074": {"hotel_name": "\u6df1\u5733\u6c38\u5b9c\u9152\u5e97\u5317\u7ad9\u5e97", "order_time": ["2019-01-21 12:02:49", "2019-01-21 12:08:51"], "total_order": 2, "hotel_value": ["4.5", "4.5"], "hotel_price": ["157", "157"]}, "970569": {"hotel_name": "\u6d77\u53cb\u9152\u5e97(\u6df1\u5733\u7f57\u6e56\u53e3\u5cb8\u56fd\u8d38\u5e97)(\u539f\u56fd\u8d38\u5730\u94c1\u7ad9\u5e97)", "order_time": ["2019-01-21 12:02:49", "2019-01-21 12:14:45"], "total_order": 2, "hotel_value": ["4.3", "4.3"], "hotel_price": ["162", "162"]}, "1457223": {"hotel_name": "\u83ab\u6cf0168(\u6df1\u5733\u798f\u7530\u53e3\u5cb8\u4fdd\u7a0e\u533a\u6842\u82b1\u8def\u5e97)", "order_time": ["2019-01-21 12:02:50"], "total_order": 1, "hotel_value": ["4.3"], "hotel_price": ["281"]}, "1289957": {"hotel_name": "\u7c73\u5170\u65f6\u5c1a\u9152\u5e97(\u6df1\u5733\u5317\u7ad9\u5e97)", "order_time": ["2019-01-21 12:02:50"], "total_order": 1, "hotel_value": ["4.3"], "hotel_price": ["208"]}, "8885846": {"hotel_name": "\u6df1\u5733\u5353\u500d\u9152\u5e97\u6c83\u5c14\u739b\u86c7\u53e3\u5e97", "order_time": ["2019-01-21 12:02:51"], "total_order": 1, "hotel_value": ["4.3"], "hotel_price": ["198"]}, "8901224": {"hotel_name": "\u6021\u96c5\u5c45\u9152\u5e97\u5f0f\u516c\u5bd3(\u6a1f\u5751\u4e00\u533a\u5e97)", "order_time": ["2019-01-21 12:02:52"], "total_order": 1, "hotel_value": ["4.0"], "hotel_price": ["112"]}, "6308139": {"hotel_name": "\u7ef4\u4e5f\u7eb3\u9152\u5e97(\u6df1\u5733\u798f\u6c38\u5730\u94c1\u7ad9\u5e97)", "order_time": ["2019-01-21 12:02:56"], "total_order": 1, "hotel_value": ["4.7"], "hotel_price": ["306"]}, "1595835": {"hotel_name": "\u6df1\u5733\u798f\u4fa8\u5bbe\u9986", "order_time": ["2019-01-21 12:03:05"], "total_order": 1, "hotel_value": ["3.7"], "hotel_price": ["107"]}, "371252": {"hotel_name": "\u8c6a\u6d3e\u7279\u534e\u7f8e\u8fbe\u5e7f\u573a\u9152\u5e97(\u6df1\u5733\u5317\u7ad9\u5e97)", "order_time": ["2019-01-21 12:03:29"], "total_order": 1, "hotel_value": ["4.5"], "hotel_price": ["477"]}, "345037": {"hotel_name": "\u6df1\u5733\u5a01\u5c3c\u65af\u777f\u9014\u9152\u5e97(\u539f\u5a01\u5c3c\u65af\u9152\u5e97)", "order_time": ["2019-01-21 12:32:52", "2019-01-21 12:20:54", "2019-01-21 12:03:34"], "total_order": 3, "hotel_value": ["4.7", "4.7", "4.7"], "hotel_price": ["1228", "1228", "1228"]}, "931675": {"hotel_name": "\u7ef4\u4e5f\u7eb3\u56fd\u9645\u9152\u5e97(\u6df1\u5733\u5317\u7ad9\u5e97)", "order_time": ["2019-01-21 12:32:51", "2019-01-21 12:03:34"], "total_order": 2, "hotel_value": ["4.6", "4.6"], "hotel_price": ["548", "548"]}, "374627": {"hotel_name": "\u6df1\u5733\u5bcc\u4e34\u5927\u9152\u5e97", "order_time": ["2019-01-21 12:04:44"], "total_order": 1, "hotel_value": ["4.5"], "hotel_price": ["387"]}, "346477": {"hotel_name": "\u6df1\u5733\u4e2d\u6d32\u5723\u5ef7\u82d1\u9152\u5e97(\u539f\u5723\u5ef7\u82d1\u9152\u5e97)", "order_time": ["2019-01-21 12:04:44"], "total_order": 1, "hotel_value": ["4.6"], "hotel_price": ["749"]}, "5153544": {"hotel_name": "\u8fce\u5546\u9152\u5e97(\u6df1\u5733\u7f57\u6e56\u4e1c\u95e8\u5e97)", "order_time": ["2019-01-21 12:04:45", "2019-01-21 12:44:44"], "total_order": 2, "hotel_value": ["4.6", "4.6"], "hotel_price": ["246", "246"]}, "18560808": {"hotel_name": "\u7ef4\u4e5f\u7eb3\u9152\u5e97(\u6df1\u5733\u5e73\u9f99\u8def\u5e97)", "order_time": ["2019-01-21 12:04:46"], "total_order": 1, "hotel_value": ["4.9"], "hotel_price": ["175"]}, "419425": {"hotel_name": "\u6df1\u5733\u96c5\u67ab\u56fd\u9645\u9152\u5e97", "order_time": ["2019-01-21 12:04:47"], "total_order": 1, "hotel_value": ["4.4"], "hotel_price": ["898"]}, "5435581": {"hotel_name": "\u6c49\u5ead\u9152\u5e97(\u6df1\u5733\u7af9\u5b50\u6797\u5e97)", "order_time": ["2019-01-21 12:04:49"], "total_order": 1, "hotel_value": ["4.4"], "hotel_price": ["333"]}, "385210": {"hotel_name": "\u6df1\u5733\u7687\u5eadV\u9152\u5e97", "order_time": ["2019-01-21 12:04:52"], "total_order": 1, "hotel_value": ["4.7"], "hotel_price": ["1028"]}, "345032": {"hotel_name": "\u6df1\u5733\u9999\u683c\u91cc\u62c9\u5927\u9152\u5e97", "order_time": ["2019-01-21 12:04:52", "2019-01-21 12:08:50"], "total_order": 2, "hotel_value": ["4.4", "4.4"], "hotel_price": ["909", "909"]}, "1195066": {"hotel_name": "\u6df1\u5733\u5e73\u5b89\u56fd\u9645\u9152\u5e97", "order_time": ["2019-01-21 12:04:52"], "total_order": 1, "hotel_value": ["4.6"], "hotel_price": ["836"]}, "1055349": {"hotel_name": "\u57ce\u5e02\u4fbf\u6377\u9152\u5e97(\u6df1\u5733\u5b9d\u5b89\u6d77\u96c5\u7f24\u7eb7\u57ce\u5e97)", "order_time": ["2019-01-21 12:04:52"], "total_order": 1, "hotel_value": ["4.3"], "hotel_price": ["227"]}, "4646582": {"hotel_name": "\u6df1\u5733\u661f\u9645\u5e7b\u57ce\u592a\u7a7a\u8231\u9152\u5e97", "order_time": ["2019-01-21 12:04:53"], "total_order": 1, "hotel_value": ["4.2"], "hotel_price": ["55"]}, "6075486": {"hotel_name": "\u6df1\u5733\u91d1\u6e7e\u7cbe\u54c1\u9152\u5e97", "order_time": ["2019-01-21 12:04:55", "2019-01-21 12:38:45"], "total_order": 2, "hotel_value": ["3.8", "3.8"], "hotel_price": ["228", "228"]}, "898154": {"hotel_name": "\u6df1\u5733\u6850\u6797\u5546\u52a1\u9152\u5e97", "order_time": ["2019-01-21 12:04:55"], "total_order": 1, "hotel_value": ["4.2"], "hotel_price": ["216"]}, "806437": {"hotel_name": "\u6df1\u5733\u5927\u94f2\u5bbe\u9986", "order_time": ["2019-01-21 12:04:55"], "total_order": 1, "hotel_value": ["3.9"], "hotel_price": ["167"]}, "23125668": {"hotel_name": "\u7ef4\u4e5f\u7eb3\u9152\u5e97(\u6df1\u5733\u798f\u6c38\u51e4\u51f0\u5c71\u5e97)", "order_time": ["2019-01-21 12:05:10"], "total_order": 1, "hotel_value": [0], "hotel_price": ["167"]}, "6154739": {"hotel_name": "\u6df1\u5733\u5927\u9e4f\u65b0\u533a\u65f6\u5149\u91cc\u5ba2\u6808\u8f83\u573a\u5c3e\u5e97", "order_time": ["2019-01-21 12:05:11"], "total_order": 1, "hotel_value": [0], "hotel_price": ["178"]}, "347435": {"hotel_name": "\u6df1\u5733\u661f\u6cb3\u4e3d\u601d\u5361\u5c14\u987f\u9152\u5e97", "order_time": ["2019-01-21 12:06:43"], "total_order": 1, "hotel_value": ["4.7"], "hotel_price": ["1812"]}, "371250": {"hotel_name": "\u6df1\u5733\u51ef\u5bbe\u65af\u57fa\u9152\u5e97", "order_time": ["2019-01-21 12:10:44", "2019-01-21 12:06:44"], "total_order": 2, "hotel_value": ["4.6", "4.6"], "hotel_price": ["1336", "1336"]}, "473037": {"hotel_name": "\u6df1\u5733\u5723\u6dd8\u6c99\u9152\u5e97(\u7fe1\u7fe0\u5e97)", "order_time": ["2019-01-21 12:06:44"], "total_order": 1, "hotel_value": ["4.6"], "hotel_price": ["736"]}, "485036": {"hotel_name": "\u6df1\u5733\u56db\u5b63\u9152\u5e97", "order_time": ["2019-01-21 12:06:44"], "total_order": 1, "hotel_value": ["4.7"], "hotel_price": ["1678"]}, "1599224": {"hotel_name": "\u9e97\u67ab\u9152\u5e97(\u6df1\u5733\u5b9d\u5b89\u65b0\u5b89\u5e97)", "order_time": ["2019-01-21 12:06:44"], "total_order": 1, "hotel_value": ["4.7"], "hotel_price": ["298"]}, "3033032": {"hotel_name": "\u6df1\u5733\u672c\u4eac\u56fd\u9645\u9152\u5e97", "order_time": ["2019-01-21 12:06:45"], "total_order": 1, "hotel_value": ["4.2"], "hotel_price": ["199"]}, "17535038": {"hotel_name": "\u6df1\u5733\u673a\u573a\u51ef\u60a6\u9152\u5e97", "order_time": ["2019-01-21 12:10:47", "2019-01-21 12:06:45"], "total_order": 2, "hotel_value": ["4.7", "4.7"], "hotel_price": ["748", "748"]}, "14252091": {"hotel_name": "\u67cf\u9ad8\u9152\u5e97(\u6df1\u5733\u516c\u660e\u5e7f\u573a\u5e97)", "order_time": ["2019-01-21 12:06:46"], "total_order": 1, "hotel_value": ["4.7"], "hotel_price": ["239"]}, "6373479": {"hotel_name": "\u6df1\u6e2f\u9152\u5e97\u516c\u5bd3(\u6df1\u5733\u79d1\u6280\u56ed\u5e97)", "order_time": ["2019-01-21 12:06:46"], "total_order": 1, "hotel_value": ["4.2"], "hotel_price": ["292"]}, "666640": {"hotel_name": "\u6df1\u5733\u56fd\u5bbe\u5927\u9152\u5e97", "order_time": ["2019-01-21 12:06:46"], "total_order": 1, "hotel_value": ["4.5"], "hotel_price": ["466"]}, "1573585": {"hotel_name": "\u7ef4\u4e5f\u7eb3\u56fd\u9645\u9152\u5e97(\u6df1\u5733\u89c2\u6f9c\u4e5d\u9f99\u5c71\u89c2\u60a6\u5e97)(\u539f\u89c2\u60a6\u9152\u5e97)", "order_time": ["2019-01-21 12:06:47"], "total_order": 1, "hotel_value": ["4.7"], "hotel_price": ["216"]}, "6083697": {"hotel_name": "\u6df1\u5733\u66fc\u8c37\u4e00\u53f7\u9152\u5e97(\u9f99\u534e\u5e97)", "order_time": ["2019-01-21 12:06:47"], "total_order": 1, "hotel_value": ["4.6"], "hotel_price": ["238"]}, "5724113": {"hotel_name": "\u51e4\u51f0\u5370\u8c61\u516c\u5bd3(\u6df1\u5733\u7f57\u6e56\u4e07\u8c61\u57ce\u5e97)", "order_time": ["2019-01-21 12:06:48"], "total_order": 1, "hotel_value": ["4.7"], "hotel_price": ["296"]}, "2236302": {"hotel_name": "7\u5929\u8fde\u9501\u9152\u5e97(\u6df1\u5733\u673a\u573a\u798f\u6c38\u6c7d\u8f66\u7ad9\u5e97)", "order_time": ["2019-01-21 12:06:48"], "total_order": 1, "hotel_value": ["4.6"], "hotel_price": ["117"]}, "6414483": {"hotel_name": "\u6df1\u5733\u541b\u9716\u7cbe\u54c1\u9152\u5e97", "order_time": ["2019-01-21 12:06:50"], "total_order": 1, "hotel_value": ["4.4"], "hotel_price": ["108"]}, "27966194": {"hotel_name": "\u6df1\u5733\u5bb6\u745e\u5c45\u592a\u7a7a\u8231\u516c\u5bd3", "order_time": ["2019-01-21 12:36:47", "2019-01-21 12:10:49", "2019-01-21 12:06:51"], "total_order": 3, "hotel_value": ["4.7", "4.7", "4.7"], "hotel_price": ["43", "43", "43"]}, "1486559": {"hotel_name": "\u7ef4\u4e5f\u7eb3\u9152\u5e97(\u6df1\u5733\u6c99\u4e95\u4e0a\u5357\u5e97)", "order_time": ["2019-01-21 12:06:51"], "total_order": 1, "hotel_value": ["4.8"], "hotel_price": ["238"]}, "1599798": {"hotel_name": "\u6df1\u5733\u94f6\u6fe0\u82b1\u56ed\u9152\u5e97", "order_time": ["2019-01-21 12:40:44", "2019-01-21 12:06:52", "2019-01-21 12:48:44"], "total_order": 3, "hotel_value": ["4.4", "4.4", "4.4"], "hotel_price": ["279", "279", "279"]}, "6873049": {"hotel_name": "168\u8fde\u9501\u9152\u5e97(\u6df1\u5733\u677e\u67cf\u8def\u5e97)(\u539f\u9f99\u5c97\u5e97)", "order_time": ["2019-01-21 12:06:55"], "total_order": 1, "hotel_value": ["4.4"], "hotel_price": ["148"]}, "1015689": {"hotel_name": "\u6df1\u5733\u65b0\u6cf0\u5bbe\u9986", "order_time": ["2019-01-21 12:06:56"], "total_order": 1, "hotel_value": ["4.1"], "hotel_price": ["128"]}, "1598159": {"hotel_name": "\u6df1\u5733\u5c1a\u4e91\u5929\u9152\u5e97", "order_time": ["2019-01-21 12:06:56"], "total_order": 1, "hotel_value": ["4.4"], "hotel_price": ["154"]}, "6392124": {"hotel_name": "\u6df1\u5733\u4e3d\u683c\u5bb6\u5c0f\u6808", "order_time": ["2019-01-21 12:06:57"], "total_order": 1, "hotel_value": ["4.4"], "hotel_price": ["119"]}, "1570055": {"hotel_name": "\u6df1\u5733\u91d1\u5e1d\u90fd\u5927\u9152\u5e97", "order_time": ["2019-01-21 12:06:59"], "total_order": 1, "hotel_value": ["3.6"], "hotel_price": ["233"]}, "5383941": {"hotel_name": "\u9e97\u67ab\u9152\u5e97(\u6df1\u5733\u6d77\u96c5\u7f24\u7eb7\u57ce\u5e97)", "order_time": ["2019-01-21 12:07:19"], "total_order": 1, "hotel_value": ["4.5"], "hotel_price": ["338"]}, "4603033": {"hotel_name": "\u679c\u679c\u516c\u5bd3(\u6df1\u5733\u79d1\u6280\u56ed\u5e97)(\u539f\u5927\u51b2\u90fd\u5e02\u82b1\u56ed\u5e97)", "order_time": ["2019-01-21 12:08:46"], "total_order": 1, "hotel_value": ["4.4"], "hotel_price": ["253"]}, "6461667": {"hotel_name": "\u7f8e\u8c6a\u4e3d\u81f4\u9152\u5e97(\u6df1\u5733\u4e1c\u95e8\u8001\u8857\u5730\u94c1\u7ad9\u5e97)", "order_time": ["2019-01-21 12:08:47"], "total_order": 1, "hotel_value": ["4.6"], "hotel_price": ["500"]}, "1502328": {"hotel_name": "\u6df1\u5733\u5bf0\u5b87\u5927\u9152\u5e97", "order_time": ["2019-01-21 12:08:47", "2019-01-21 12:30:44"], "total_order": 2, "hotel_value": ["4.2", "4.2"], "hotel_price": ["298", "298"]}, "2881593": {"hotel_name": "\u9526\u6c5f\u4e4b\u661f\u54c1\u5c1a(\u6df1\u5733\u7687\u5c97\u53e3\u5cb8\u7687\u57ce\u5e7f\u573a\u5e97)", "order_time": ["2019-01-21 12:08:48"], "total_order": 1, "hotel_value": ["4.4"], "hotel_price": ["259"]}, "1647383": {"hotel_name": "\u6df1\u5733\u524d\u6d77\u534e\u4fa8\u57ceJW\u4e07\u8c6a\u9152\u5e97", "order_time": ["2019-01-21 12:08:49", "2019-01-21 12:46:48"], "total_order": 2, "hotel_value": ["4.6", "4.6"], "hotel_price": ["1283", "1283"]}, "429212": {"hotel_name": "\u6df1\u5733\u6d77\u666f\u5609\u9014\u9152\u5e97(\u539f\u5965\u601d\u5ef7\u9152\u5e97)", "order_time": ["2019-01-21 12:08:49", "2019-01-21 12:10:44"], "total_order": 2, "hotel_value": ["4.5", "4.5"], "hotel_price": ["698", "698"]}, "15187493": {"hotel_name": "\u6df1\u5733\u5742\u7530\u4e2d\u6210\u4e9a\u6735\u9152\u5e97", "order_time": ["2019-01-21 12:08:50"], "total_order": 1, "hotel_value": ["4.8"], "hotel_price": ["1011"]}, "6249811": {"hotel_name": "\u6c49\u6c38\u9152\u5e97(\u6df1\u5733\u4e07\u798f\u697c\u5e97)", "order_time": ["2019-01-21 12:08:50", "2019-01-21 12:30:44"], "total_order": 2, "hotel_value": ["4.6", "4.6"], "hotel_price": ["189", "189"]}, "3193988": {"hotel_name": "\u6df1\u5733\u95fd\u6c5f\u5bbe\u9986", "order_time": ["2019-01-21 12:08:50"], "total_order": 1, "hotel_value": ["4.4"], "hotel_price": ["281"]}, "917144": {"hotel_name": "\u9526\u6c5f\u4e4b\u661f(\u6df1\u5733\u5730\u738b\u5e7f\u573a\u5e97)", "order_time": ["2019-01-21 12:08:51"], "total_order": 1, "hotel_value": ["4.3"], "hotel_price": ["249"]}, "8565776": {"hotel_name": "\u6df1\u5733\u60a6\u83b1\u8fde\u9501\u516c\u5bd3", "order_time": ["2019-01-21 12:08:52"], "total_order": 1, "hotel_value": ["4.0"], "hotel_price": ["119"]}, "917600": {"hotel_name": "\u6df1\u5733\u7fe1\u7fe0\u5047\u65e5\u9152\u5e97(\u6df1\u5733\u7f57\u6e56\u53e3\u5cb8\u5e97)", "order_time": ["2019-01-21 12:46:49", "2019-01-21 12:08:53"], "total_order": 2, "hotel_value": ["3.6", "3.6"], "hotel_price": ["167", "167"]}, "994308": {"hotel_name": "\u5982\u5bb6\u5feb\u6377\u9152\u5e97(\u6df1\u5733\u5b9d\u5b89\u673a\u573a\u5e97)", "order_time": ["2019-01-21 12:08:54"], "total_order": 1, "hotel_value": ["4.1"], "hotel_price": ["155"]}, "1577354": {"hotel_name": "\u7231\u7434\u6d77\u8fde\u9501\u9152\u5e97(\u6df1\u5733\u4e1c\u7ad9\u5e97)", "order_time": ["2019-01-21 12:08:57"], "total_order": 1, "hotel_value": ["4.4"], "hotel_price": ["124"]}, "667769": {"hotel_name": "\u6df1\u5733\u65b0\u6843\u56ed\u9152\u5e97(\u5357\u5c71\u6843\u56ed\u603b\u5e97)", "order_time": ["2019-01-21 12:11:13", "2019-01-21 12:09:19"], "total_order": 2, "hotel_value": ["4.1", "4.1"], "hotel_price": ["496", "496"]}, "535652": {"hotel_name": "\u6df1\u5733\u6625\u98ce\u8def\u9e3f\u4e30\u5927\u9152\u5e97", "order_time": ["2019-01-21 12:40:46", "2019-01-21 12:10:44", "2019-01-21 12:18:44"], "total_order": 3, "hotel_value": ["4.6", "4.6", "4.6"], "hotel_price": ["318", "318", "318"]}, "1513295": {"hotel_name": "\u6df1\u5733\u4e30\u5c45\u5546\u52a1\u9152\u5e97(\u539f\u4e30\u797a\u5c45\u9152\u5e97)", "order_time": ["2019-01-21 12:14:44", "2019-01-21 12:10:46"], "total_order": 2, "hotel_value": ["4.5", "4.5"], "hotel_price": ["126", "126"]}, "807370": {"hotel_name": "\u91d1\u4fa8\u5bbe\u9986(\u6df1\u5733\u9f99\u534e\u5e97)", "order_time": ["2019-01-21 12:10:50", "2019-01-21 12:42:46", "2019-01-21 12:54:45"], "total_order": 3, "hotel_value": ["3.9", "3.9", "3.9"], "hotel_price": ["133", "133", "133"]}, "5250115": {"hotel_name": "\u683c\u6797\u8c6a\u6cf0\u8d1d\u58f3\u9152\u5e97(\u6df1\u5733\u6a2a\u5c97\u6587\u4f53\u5e7f\u573a\u8d24\u4e50\u8def\u5e97)", "order_time": ["2019-01-21 12:10:53"], "total_order": 1, "hotel_value": ["4.2"], "hotel_price": ["139"]}, "9186066": {"hotel_name": "\u6df1\u5733\u5149\u660e\u5e0c\u5c14\u987f\u6b22\u670b\u9152\u5e97", "order_time": ["2019-01-21 12:12:44"], "total_order": 1, "hotel_value": ["4.8"], "hotel_price": ["388"]}, "1432157": {"hotel_name": "\u6df1\u5733\u534e\u4fa8\u9152\u5e97", "order_time": ["2019-01-21 12:12:45"], "total_order": 1, "hotel_value": ["3.7"], "hotel_price": ["192"]}, "481088": {"hotel_name": "\u60a6\u6765\u5ba2\u6808\u7ecf\u6d4e\u8fde\u9501\u9152\u5e97(\u6df1\u5733\u7f57\u6e56\u5e97)", "order_time": ["2019-01-21 12:12:45"], "total_order": 1, "hotel_value": ["4.0"], "hotel_price": ["155"]}, "21806772": {"hotel_name": "\u5e0c\u5cb8\u9152\u5e97(\u6df1\u5733\u4f1a\u5c55\u4e2d\u5fc3\u5c97\u53a6\u5730\u94c1\u53e3\u5e97)", "order_time": ["2019-01-21 12:12:45"], "total_order": 1, "hotel_value": ["4.6"], "hotel_price": ["508"]}, "535712": {"hotel_name": "\u767b\u559c\u8def\u9152\u5e97(\u6df1\u5733\u5b9d\u5b89\u5e97)", "order_time": ["2019-01-21 12:12:45"], "total_order": 1, "hotel_value": ["4.3"], "hotel_price": ["259"]}, "482682": {"hotel_name": "\u6df1\u5733\u91d1\u78a7\u9152\u5e97", "order_time": ["2019-01-21 12:12:46"], "total_order": 1, "hotel_value": ["4.1"], "hotel_price": ["356"]}, "28680537": {"hotel_name": "\u9e97\u67ab\u9152\u5e97(\u6df1\u5733\u897f\u4e3d\u5730\u94c1\u7ad9\u5e97)", "order_time": ["2019-01-21 12:12:46"], "total_order": 1, "hotel_value": ["4.6"], "hotel_price": ["319"]}, "535988": {"hotel_name": "\u7ef4\u4e5f\u7eb3\u9152\u5e97(\u6df1\u5733\u6c11\u6cbb\u5e97)", "order_time": ["2019-01-21 12:12:46"], "total_order": 1, "hotel_value": ["4.8"], "hotel_price": ["327"]}, "1600243": {"hotel_name": "7\u5929\u8fde\u9501\u9152\u5e97(\u6df1\u5733\u798f\u7530\u53e3\u5cb8\u5730\u94c1\u7ad9\u5e97)", "order_time": ["2019-01-21 12:12:47"], "total_order": 1, "hotel_value": ["4.6"], "hotel_price": ["231"]}, "5337132": {"hotel_name": "\u7ef4\u4e5f\u7eb33\u597d\u9152\u5e97(\u6df1\u5733\u5357\u79d1\u5927\u5e97)", "order_time": ["2019-01-21 12:12:48"], "total_order": 1, "hotel_value": ["4.8"], "hotel_price": ["372"]}, "28433951": {"hotel_name": "\u6df1\u5733\u91d1\u5c7f\u9152\u5e97", "order_time": ["2019-01-21 12:30:48", "2019-01-21 12:22:49", "2019-01-21 12:12:49"], "total_order": 3, "hotel_value": [0, 0, 0], "hotel_price": ["158", "158", "158"]}, "5923944": {"hotel_name": "\u57ce\u5e02\u4fbf\u6377\u9152\u5e97(\u6df1\u5733\u77f3\u5ca9\u79d1\u6280\u56ed\u5e97)", "order_time": ["2019-01-21 12:12:50"], "total_order": 1, "hotel_value": ["4.7"], "hotel_price": ["217"]}, "1838591": {"hotel_name": "\u9526\u6c5f\u4e4b\u661f(\u6df1\u5733\u5317\u7ad9\u5e97)", "order_time": ["2019-01-21 12:12:50"], "total_order": 1, "hotel_value": ["4.4"], "hotel_price": ["245"]}, "6386850": {"hotel_name": "\u6df1\u5733\u7434\u6c5f\u9152\u5e97", "order_time": ["2019-01-21 12:12:51"], "total_order": 1, "hotel_value": ["4.2"], "hotel_price": ["118"]}, "6398222": {"hotel_name": "\u6df1\u5733\u57ce\u90a6\u7cbe\u54c1\u9152\u5e97\u89c2\u6f9c\u5927\u9053\u5e97", "order_time": ["2019-01-21 12:12:51"], "total_order": 1, "hotel_value": ["4.2"], "hotel_price": ["119"]}, "1595864": {"hotel_name": "\u6df1\u5733\u798f\u6765\u767b\u9152\u5e97", "order_time": ["2019-01-21 12:12:56"], "total_order": 1, "hotel_value": ["3.8"], "hotel_price": ["118"]}, "512745": {"hotel_name": "\u6df1\u5733\u65b0\u8c6a\u65b9\u9152\u5e97", "order_time": ["2019-01-21 12:13:08"], "total_order": 1, "hotel_value": ["4.3"], "hotel_price": ["250"]}, "9585844": {"hotel_name": "\u6df1\u5733\u56db\u5b63\u6d77\u666f\u9152\u5e97\u516c\u5bd3(\u5927\u6885\u6c99\u7231\u7434\u6d77\u5e97)", "order_time": ["2019-01-21 12:13:08"], "total_order": 1, "hotel_value": ["4.9"], "hotel_price": ["278"]}, "7834432": {"hotel_name": "\u5927\u6885\u6c99\u56db\u5b63\u5168\u6d77\u666f\u9152\u5e97\u516c\u5bd3(\u6df1\u5733\u7231\u7434\u6d77\u5e97)", "order_time": ["2019-01-21 12:13:08"], "total_order": 1, "hotel_value": ["4.8"], "hotel_price": ["268"]}, "1229256": {"hotel_name": "\u6df1\u5733\u6d77\u6d9b\u9152\u5e97", "order_time": ["2019-01-21 12:13:08"], "total_order": 1, "hotel_value": ["4.2"], "hotel_price": ["356"]}, "8496526": {"hotel_name": "\u5706\u00b7\u9152\u5e97\u516c\u5bd3(\u6df1\u5733\u5317\u7ad9\u5e97)", "order_time": ["2019-01-21 12:13:08"], "total_order": 1, "hotel_value": ["4.3"], "hotel_price": ["266"]}, "1583366": {"hotel_name": "\u5979\u4ed6\u9152\u5e97\u5f0f\u516c\u5bd3(\u6df1\u5733\u5357\u5c71\u4e2d\u5fc3\u533a\u5e97)", "order_time": ["2019-01-21 12:13:08"], "total_order": 1, "hotel_value": ["4.3"], "hotel_price": ["328"]}, "5381779": {"hotel_name": "\u6df1\u5733\u9e3f\u8fc5\u516c\u5bd3", "order_time": ["2019-01-21 12:13:08"], "total_order": 1, "hotel_value": [0], "hotel_price": ["139"]}, "1597074": {"hotel_name": "\u6df1\u5733\u767e\u798f\u6765\u5546\u52a1\u9152\u5e97", "order_time": ["2019-01-21 12:13:08"], "total_order": 1, "hotel_value": ["4.2"], "hotel_price": ["188"]}, "2377587": {"hotel_name": "\u6ce2\u65af\u767b\u7cbe\u54c1\u9152\u5e97(\u6df1\u5733\u6599\u5751\u5e97)", "order_time": ["2019-01-21 12:13:08"], "total_order": 1, "hotel_value": ["3.7"], "hotel_price": ["128"]}, "2030013": {"hotel_name": "\u548c\u9890\u9152\u5e97(\u6df1\u5733\u534e\u5f3a\u5317\u5e97)", "order_time": ["2019-01-21 12:14:44"], "total_order": 1, "hotel_value": ["4.6"], "hotel_price": ["345"]}, "4601885": {"hotel_name": "\u7ef4\u4e5f\u7eb3\u56fd\u9645\u9152\u5e97(\u6df1\u5733\u4e0b\u6c34\u5f84\u5730\u94c1\u7ad9\u5e97)", "order_time": ["2019-01-21 12:14:44"], "total_order": 1, "hotel_value": ["4.8"], "hotel_price": ["296"]}, "428301": {"hotel_name": "\u83ab\u6cf0168(\u6df1\u5733\u9f99\u5c97\u9f99\u57ce\u5e7f\u573a\u5730\u94c1\u7ad9\u5e97)", "order_time": ["2019-01-21 12:14:45"], "total_order": 1, "hotel_value": ["4.5"], "hotel_price": ["122"]}, "25644918": {"hotel_name": "\u6df1\u5733\u534e\u91cc\u00b7\u91cc\u5bd3\u9152\u5e97", "order_time": ["2019-01-21 12:14:45"], "total_order": 1, "hotel_value": ["4.1"], "hotel_price": ["296"]}, "1001183": {"hotel_name": "\u534e\u91cc\u7cbe\u54c1\u9152\u5e97(\u6df1\u5733\u5357\u5c71\u5730\u94c1\u7ad9\u5e97)(\u539f\u5357\u5c71\u5927\u9053\u5e97)", "order_time": ["2019-01-21 12:14:46", "2019-01-21 12:20:44"], "total_order": 2, "hotel_value": ["4.6", "4.6"], "hotel_price": ["433", "433"]}, "806330": {"hotel_name": "\u6df1\u5927\u5546\u52a1\u9152\u5e97(\u6df1\u5733\u79d1\u6280\u56ed\u5e97)", "order_time": ["2019-01-21 12:14:47"], "total_order": 1, "hotel_value": ["4.0"], "hotel_price": ["168"]}, "1459419": {"hotel_name": "\u6613\u5230\u9152\u5e97(\u6df1\u5733\u897f\u4e3d\u5e97)", "order_time": ["2019-01-21 12:14:47"], "total_order": 1, "hotel_value": ["4.4"], "hotel_price": ["109"]}, "1517788": {"hotel_name": "\u65b0\u5b9d\u76db\u9152\u5e97(\u6df1\u5733\u5927\u6d6a\u5e97)(\u539f\u91d1\u6052\u5bbe\u9986)", "order_time": ["2019-01-21 12:14:47"], "total_order": 1, "hotel_value": ["4.3"], "hotel_price": ["126"]}, "1597283": {"hotel_name": "\u6df1\u5733\u91d1\u8c37\u5feb\u6377\u9152\u5e97", "order_time": ["2019-01-21 12:14:48"], "total_order": 1, "hotel_value": ["3.1"], "hotel_price": ["119"]}, "1386190": {"hotel_name": "\u6df1\u5733\u65b0\u57ce\u5bbe\u9986", "order_time": ["2019-01-21 12:14:50"], "total_order": 1, "hotel_value": ["4.3"], "hotel_price": ["100"]}, "420085": {"hotel_name": "\u6df1\u5733\u9633\u5149\u9152\u5e97", "order_time": ["2019-01-21 12:14:52", "2019-01-21 12:24:46"], "total_order": 2, "hotel_value": ["4.6", "4.6"], "hotel_price": ["593", "593"]}, "638421": {"hotel_name": "\u7ef4\u4e5f\u7eb3\u56fd\u9645\u9152\u5e97(\u6df1\u5733\u5927\u5267\u9662\u5e97)", "order_time": ["2019-01-21 12:14:52", "2019-01-21 12:16:46"], "total_order": 2, "hotel_value": ["4.7", "4.7"], "hotel_price": ["289", "289"]}, "371239": {"hotel_name": "\u91d1\u8302\u6df1\u5733JW\u4e07\u8c6a\u9152\u5e97", "order_time": ["2019-01-21 12:14:52"], "total_order": 1, "hotel_value": ["4.6"], "hotel_price": ["1691"]}, "5404640": {"hotel_name": "\u6df1\u5733\u6e7e\u79d1\u6280\u56ed\u6d77\u5c1a\u9152\u5e97", "order_time": ["2019-01-21 12:14:52"], "total_order": 1, "hotel_value": ["4.6"], "hotel_price": ["730"]}, "474137": {"hotel_name": "\u6df1\u5733\u5bcc\u90a6\u56fd\u9645\u9152\u5e97", "order_time": ["2019-01-21 12:14:52"], "total_order": 1, "hotel_value": ["4.4"], "hotel_price": ["407"]}, "1420095": {"hotel_name": "\u7ef4\u4e5f\u7eb3\u9152\u5e97(\u6df1\u5733\u4f1a\u5c55\u4e2d\u5fc3\u5e97)", "order_time": ["2019-01-21 12:15:11"], "total_order": 1, "hotel_value": ["4.7"], "hotel_price": ["337"]}, "397462": {"hotel_name": "\u6df1\u5733\u4e1c\u90e8\u534e\u4fa8\u57ce\u7011\u5e03\u9152\u5e97", "order_time": ["2019-01-21 12:16:44"], "total_order": 1, "hotel_value": ["4.6"], "hotel_price": ["518"]}, "3201460": {"hotel_name": "\u6df1\u5733\u4e39\u7af9\u9152\u5e97", "order_time": ["2019-01-21 12:16:44"], "total_order": 1, "hotel_value": ["4.0"], "hotel_price": ["162"]}, "2701331": {"hotel_name": "\u7ef4\u4e5f\u7eb3\u9152\u5e97(\u6df1\u5733\u56fa\u620d\u5730\u94c1\u7ad9\u5e97)(\u539f\u897f\u4e61\u56fa\u620d\u5e97)", "order_time": ["2019-01-21 12:16:44"], "total_order": 1, "hotel_value": ["4.8"], "hotel_price": ["259"]}, "1600007": {"hotel_name": "\u51e4\u51f0\u5370\u8c61\u516c\u5bd3(\u6df1\u5733\u51e4\u51f0\u8def\u5e97)", "order_time": ["2019-01-21 12:16:45"], "total_order": 1, "hotel_value": ["4.6"], "hotel_price": ["268"]}, "1007488": {"hotel_name": "\u6d3e\u9152\u5e97(\u6df1\u5733\u4e1c\u95e8\u6b65\u884c\u8857\u5e97)", "order_time": ["2019-01-21 12:16:45"], "total_order": 1, "hotel_value": ["4.6"], "hotel_price": ["149"]}, "929525": {"hotel_name": "\u7ef4\u4e5f\u7eb3\u9152\u5e97(\u6df1\u5733\u6d77\u6e7e\u5e97)", "order_time": ["2019-01-21 12:16:45"], "total_order": 1, "hotel_value": ["4.7"], "hotel_price": ["285"]}, "12493876": {"hotel_name": "\u6df1\u5733\u9e4f\u6e7e\u822a\u7a0b\u9152\u5e97", "order_time": ["2019-01-21 12:16:46"], "total_order": 1, "hotel_value": ["4.4"], "hotel_price": ["167"]}, "511402": {"hotel_name": "\u6df1\u5733\u829d\u52a0\u54e5\u56fd\u9645\u516c\u5bd3", "order_time": ["2019-01-21 12:16:46"], "total_order": 1, "hotel_value": ["4.1"], "hotel_price": ["268"]}, "13785743": {"hotel_name": "\u6df1\u5733\u5609\u745e\u57ce\u827a\u672f\u9152\u5e97(\u5927\u6d6a\u5e97)", "order_time": ["2019-01-21 12:16:47"], "total_order": 1, "hotel_value": ["4.4"], "hotel_price": ["146"]}, "1597982": {"hotel_name": "\u6df1\u5733\u4f9d\u5170\u65f6\u5c1a\u7cbe\u54c1\u9152\u5e97(\u539f\u6df1\u5733\u4f9d\u5170\u9152\u5e97)", "order_time": ["2019-01-21 12:16:47"], "total_order": 1, "hotel_value": ["4.3"], "hotel_price": ["258"]}, "1603167": {"hotel_name": "\u5f69\u60a6\u9152\u5e97(\u6df1\u5733\u5317\u7ad9\u5e97)", "order_time": ["2019-01-21 12:16:47"], "total_order": 1, "hotel_value": ["4.1"], "hotel_price": ["320"]}, "5311723": {"hotel_name": "\u68b5\u5e0c\u9152\u5e97\u516c\u5bd3(\u6df1\u5733\u79d1\u6280\u56ed\u5e97)", "order_time": ["2019-01-21 12:16:47"], "total_order": 1, "hotel_value": ["4.2"], "hotel_price": ["358"]}, "1486262": {"hotel_name": "\u6df1\u5733\u6797\u80af\u5ba2\u6808", "order_time": ["2019-01-21 12:16:47"], "total_order": 1, "hotel_value": ["4.5"], "hotel_price": ["306"]}, "24480119": {"hotel_name": "\u6df1\u5733\u798f\u6df1\u8fbe\u9152\u5e97", "order_time": ["2019-01-21 12:42:45", "2019-01-21 12:16:48"], "total_order": 2, "hotel_value": ["4.5", "4.5"], "hotel_price": ["204", "204"]}, "6543857": {"hotel_name": "\u6df1\u5733\u84dd\u60a6\u9152\u5e97\u516c\u5bd3", "order_time": ["2019-01-21 12:16:49"], "total_order": 1, "hotel_value": ["3.9"], "hotel_price": ["388"]}, "1597467": {"hotel_name": "\u5b9d\u77f3\u5546\u52a1\u65c5\u9986(\u6df1\u5733\u77f3\u5ca9\u4e8c\u5e97)", "order_time": ["2019-01-21 12:16:51"], "total_order": 1, "hotel_value": ["3.8"], "hotel_price": ["55"]}, "18078073": {"hotel_name": "\u6df1\u5733\u4e50\u4eab\u9752\u5e74\u65c5\u793e", "order_time": ["2019-01-21 12:16:51"], "total_order": 1, "hotel_value": ["4.4"], "hotel_price": ["27"]}, "6044419": {"hotel_name": "\u7ef4\u4e5f\u7eb3\u56fd\u9645\u9152\u5e97(\u6df1\u5733\u5e03\u5409\u5927\u82ac\u5e97)", "order_time": ["2019-01-21 12:17:01"], "total_order": 1, "hotel_value": ["4.8"], "hotel_price": ["279"]}, "1460991": {"hotel_name": "\u6df1\u5733\u4eac\u9e4f\u5bbe\u9986", "order_time": ["2019-01-21 12:17:04"], "total_order": 1, "hotel_value": ["4.0"], "hotel_price": ["268"]}, "13574647": {"hotel_name": "\u6df1\u5733\u5c0a\u4eab\u56fd\u9645\u516c\u5bd3", "order_time": ["2019-01-21 12:18:44"], "total_order": 1, "hotel_value": ["4.6"], "hotel_price": ["316"]}, "918797": {"hotel_name": "\u5357\u56fd\u8fde\u9501\u9152\u5e97(\u6df1\u5733\u798f\u6c11\u5730\u94c1\u7ad9\u5e97)(\u539f\u5927\u53a6\u798f\u6c11\u5e97)", "order_time": ["2019-01-21 12:18:44"], "total_order": 1, "hotel_value": ["4.0"], "hotel_price": ["209"]}, "16070915": {"hotel_name": "\u6df1\u5733M HOTEL\u6728\u96c5\u9152\u5e97", "order_time": ["2019-01-21 12:18:44"], "total_order": 1, "hotel_value": ["4.6"], "hotel_price": ["586"]}, "2622151": {"hotel_name": "\u9e97\u67ab\u9152\u5e97(\u6df1\u5733\u673a\u573a\u65b0\u822a\u7ad9\u697c\u5e97)", "order_time": ["2019-01-21 12:18:46"], "total_order": 1, "hotel_value": ["4.7"], "hotel_price": ["285"]}, "6871167": {"hotel_name": "\u6df1\u5733\u7f8e\u666f\u9152\u5e97", "order_time": ["2019-01-21 12:18:46"], "total_order": 1, "hotel_value": ["4.7"], "hotel_price": ["529"]}, "1070617": {"hotel_name": "\u6df1\u5733\u96c5\u5ead\u9152\u5e97", "order_time": ["2019-01-21 12:18:46"], "total_order": 1, "hotel_value": ["4.3"], "hotel_price": ["256"]}, "3180282": {"hotel_name": "\u6df1\u5733\u4e1c\u4f73\u7cbe\u54c1\u9152\u5e97", "order_time": ["2019-01-21 12:18:46"], "total_order": 1, "hotel_value": ["4.1"], "hotel_price": ["158"]}, "6024178": {"hotel_name": "\u7ef4\u4e5f\u7eb33\u597d\u9152\u5e97(\u6df1\u5733\u5e73\u6e56\u5bcc\u6c11\u8def\u5e97)", "order_time": ["2019-01-21 12:18:48"], "total_order": 1, "hotel_value": ["4.6"], "hotel_price": ["209"]}, "467536": {"hotel_name": "\u516b\u53f7\u8fde\u9501\u9152\u5e97(\u6df1\u5733\u4e1c\u95e8\u4e00\u5e97)", "order_time": ["2019-01-21 12:18:48"], "total_order": 1, "hotel_value": ["4.2"], "hotel_price": ["142"]}, "1386210": {"hotel_name": "\u5982\u5bb6\u5feb\u6377\u9152\u5e97(\u6df1\u5733\u5e03\u5409\u8857\u957f\u9f99\u5730\u94c1\u7ad9\u5e97)", "order_time": ["2019-01-21 12:18:48"], "total_order": 1, "hotel_value": ["4.5"], "hotel_price": ["167"]}, "23762970": {"hotel_name": "\u83ab\u9ed8\u7cbe\u54c1\u516c\u5bd3(\u6df1\u5733\u4e1c\u95e8\u5e97)", "order_time": ["2019-01-21 12:18:48"], "total_order": 1, "hotel_value": ["4.7"], "hotel_price": ["169"]}, "993659": {"hotel_name": "\u5982\u5bb6\u5feb\u6377\u9152\u5e97(\u6df1\u5733\u4e1c\u7ad9\u5e03\u5409\u8001\u8857\u5e97)", "order_time": ["2019-01-21 12:18:49"], "total_order": 1, "hotel_value": ["4.3"], "hotel_price": ["122"]}, "5373014": {"hotel_name": "\u6df1\u5733\u5170\u6842\u574a\u5bbe\u9986", "order_time": ["2019-01-21 12:18:50"], "total_order": 1, "hotel_value": ["3.7"], "hotel_price": ["128"]}, "1166811": {"hotel_name": "\u6df1\u5733\u534e\u5c14\u8fbe\u9152\u5e97", "order_time": ["2019-01-21 12:18:50"], "total_order": 1, "hotel_value": ["3.8"], "hotel_price": ["129"]}, "6753962": {"hotel_name": "\u6df1\u5733\u8c6a\u8fbe\u5546\u52a1\u5bbe\u9986", "order_time": ["2019-01-21 12:18:51", "2019-01-21 12:48:45"], "total_order": 2, "hotel_value": ["4.0", "4.0"], "hotel_price": ["298", "298"]}, "8627593": {"hotel_name": "\u96c5\u9601\u7231\u5de2\u516c\u5bd3(\u6df1\u5733\u4e16\u754c\u4e4b\u7a97\u5e97)", "order_time": ["2019-01-21 12:18:54"], "total_order": 1, "hotel_value": ["3.9"], "hotel_price": ["356"]}, "1461871": {"hotel_name": "\u7ef4\u4e5f\u7eb3\u9152\u5e97(\u6df1\u5733\u4f1a\u5c55\u4e2d\u5fc3\u4e8c\u5e97)", "order_time": ["2019-01-21 12:25:04", "2019-01-21 12:19:01"], "total_order": 2, "hotel_value": ["4.8", "4.8"], "hotel_price": ["326", "326"]}, "374848": {"hotel_name": "\u6df1\u5733\u541b\u60a6\u9152\u5e97", "order_time": ["2019-01-21 12:20:45", "2019-01-21 12:26:49"], "total_order": 2, "hotel_value": ["4.8", "4.8"], "hotel_price": ["1806", "1986"]}, "1470321": {"hotel_name": "\u6df1\u5733\u65af\u7ef4\u767b\u5ea6\u5047\u516c\u5bd3(\u4e1c\u90e8\u534e\u4fa8\u57ce\u5927\u6885\u6c99\u5e97)", "order_time": ["2019-01-21 12:20:45"], "total_order": 1, "hotel_value": ["4.3"], "hotel_price": ["144"]}, "979339": {"hotel_name": "\u7ef4\u4e5f\u7eb3\u9152\u5e97(\u6df1\u5733\u6a2a\u5c97\u65b0\u57ce\u5e97)", "order_time": ["2019-01-21 12:20:46"], "total_order": 1, "hotel_value": ["4.8"], "hotel_price": ["233"]}, "1571520": {"hotel_name": "\u6607\u60a6\u9152\u5e97(\u6df1\u5733\u897f\u4e61\u5e97)", "order_time": ["2019-01-21 12:20:50", "2019-01-21 12:28:49"], "total_order": 2, "hotel_value": ["4.7", "4.7"], "hotel_price": ["138", "138"]}, "6107141": {"hotel_name": "\u6df1\u5733\u5e0c\u60a6\u9152\u5e97", "order_time": ["2019-01-21 12:20:50"], "total_order": 1, "hotel_value": ["4.6"], "hotel_price": ["183"]}, "3246895": {"hotel_name": "\u6df1\u5733\u798f\u946b\u81ea\u7531\u884c\u9152\u5e97\u516c\u5bd3", "order_time": ["2019-01-21 12:20:50", "2019-01-21 12:30:50"], "total_order": 2, "hotel_value": ["4.0", "4.0"], "hotel_price": ["183", "183"]}, "6752409": {"hotel_name": "\u6df1\u5733\u5c71\u6797\u9152\u5e97", "order_time": ["2019-01-21 12:20:50"], "total_order": 1, "hotel_value": ["4.2"], "hotel_price": ["118"]}, "1599572": {"hotel_name": "\u6df1\u5733\u4e1c\u661f\u5bbe\u9986", "order_time": ["2019-01-21 12:20:50"], "total_order": 1, "hotel_value": ["4.7"], "hotel_price": ["84"]}, "3450478": {"hotel_name": "\u6df1\u5733\u661f\u671f\u4e00\u5546\u52a1\u9152\u5e97", "order_time": ["2019-01-21 12:20:51"], "total_order": 1, "hotel_value": ["4.3"], "hotel_price": ["118"]}, "4828023": {"hotel_name": "\u6df1\u5733\u5feb8\u8fde\u9501\u9152\u5e97(\u6c99\u4e95\u4e2d\u5fc3\u5ba2\u8fd0\u7ad9\u5e97)", "order_time": ["2019-01-21 12:20:51"], "total_order": 1, "hotel_value": ["4.1"], "hotel_price": ["118"]}, "1221985": {"hotel_name": "\u4e03\u6a59\u9152\u5e97(\u6df1\u5733\u5927\u65b0\u5730\u94c1\u7ad9\u6df1\u5733\u5927\u5b66\u5e97)(\u539f\u5357\u82d1\u5546\u52a1\u5bbe\u9986)", "order_time": ["2019-01-21 12:20:51"], "total_order": 1, "hotel_value": ["4.0"], "hotel_price": ["118"]}, "5248699": {"hotel_name": "\u95fd\u90fd\u9152\u5e97(\u6df1\u5733\u6c99\u4e95\u5e97)", "order_time": ["2019-01-21 12:20:52"], "total_order": 1, "hotel_value": ["3.9"], "hotel_price": ["109"]}, "998384": {"hotel_name": "\u6df1\u5733\u5df4\u5398\u5c9b\u56fd\u9645\u9752\u5e74\u65c5\u820d", "order_time": ["2019-01-21 12:20:53"], "total_order": 1, "hotel_value": ["4.5"], "hotel_price": ["36"]}, "5998296": {"hotel_name": "\u6df1\u5733\u5149\u5f71\u9a7f\u9014\u5ba2\u6808", "order_time": ["2019-01-21 12:20:53", "2019-01-21 12:36:50"], "total_order": 2, "hotel_value": ["4.1", "4.1"], "hotel_price": ["30", "30"]}, "6912047": {"hotel_name": "\u6df1\u5733\u53c9\u53c9\u7eb3\u91cc\u5ba2\u6808", "order_time": ["2019-01-21 12:22:44"], "total_order": 1, "hotel_value": ["4.6"], "hotel_price": ["103"]}, "3292914": {"hotel_name": "\u9e97\u67ab\u9152\u5e97(\u6df1\u5733\u5317\u7ad9\u6e05\u6e56\u5730\u94c1\u7ad9\u5e97)", "order_time": ["2019-01-21 12:22:44"], "total_order": 1, "hotel_value": ["4.8"], "hotel_price": ["468"]}, "1596482": {"hotel_name": "7\u5929\u8fde\u9501\u9152\u5e97(\u6df1\u5733\u5b9d\u5b89\u6c7d\u8f66\u7ad9\u6d77\u96c5\u7f24\u7eb7\u57ce\u5e97)", "order_time": ["2019-01-21 12:22:45"], "total_order": 1, "hotel_value": ["4.2"], "hotel_price": ["159"]}, "4434175": {"hotel_name": "7\u5929\u8fde\u9501\u9152\u5e97(\u6df1\u5733\u897f\u4e3d\u8336\u5149\u5730\u94c1\u7ad9\u5e97)", "order_time": ["2019-01-21 12:22:46"], "total_order": 1, "hotel_value": ["4.4"], "hotel_price": ["159"]}, "6298731": {"hotel_name": "\u6df1\u5733\u5c0f\u6885\u6c99\u597d\u5bb6\u4e3b\u9898\u516c\u5bd3\u9152\u5e97", "order_time": ["2019-01-21 12:48:44", "2019-01-21 12:22:46"], "total_order": 2, "hotel_value": ["4.7", "4.7"], "hotel_price": ["112", "112"]}, "8565797": {"hotel_name": "\u6df1\u5733\u5927\u9e4f\u590f\u5c45\u7cbe\u54c1\u5ba2\u6808", "order_time": ["2019-01-21 12:22:47"], "total_order": 1, "hotel_value": ["4.8"], "hotel_price": ["91"]}, "2313560": {"hotel_name": "\u6c49\u5ead\u9152\u5e97(\u6df1\u5733\u897f\u4e61\u6843\u6e90\u5c45\u5e97)", "order_time": ["2019-01-21 12:22:47"], "total_order": 1, "hotel_value": ["4.1"], "hotel_price": ["179"]}, "4685029": {"hotel_name": "\u660e\u5929\u9152\u5e97(\u6df1\u5733\u5927\u82ac\u6cb9\u753b\u6751\u6728\u68c9\u6e7e\u5730\u94c1\u7ad9\u5e97)", "order_time": ["2019-01-21 12:22:47"], "total_order": 1, "hotel_value": ["3.5"], "hotel_price": ["168"]}, "1352109": {"hotel_name": "\u6e56\u57ce\u7cbe\u54c1\u9152\u5e97(\u6df1\u5733\u897f\u4e3d\u5730\u94c1\u7ad9\u52a8\u7269\u56ed\u5e97)(\u539f\u6e56\u57ce\u5feb\u6377\u9152\u5e97)", "order_time": ["2019-01-21 12:22:48"], "total_order": 1, "hotel_value": ["4.1"], "hotel_price": ["108"]}, "4835072": {"hotel_name": "\u6df1\u5733\u84dd\u5b9d\u7cbe\u54c1\u9152\u5e97", "order_time": ["2019-01-21 12:22:49"], "total_order": 1, "hotel_value": ["4.3"], "hotel_price": ["129"]}, "2323910": {"hotel_name": "\u6df1\u5733\u5927\u6885\u6c99\u5fc3\u6d77\u5047\u65e5\u516c\u5bd3", "order_time": ["2019-01-21 12:22:49"], "total_order": 1, "hotel_value": ["3.9"], "hotel_price": ["72"]}, "3149110": {"hotel_name": "\u6df1\u5733\u597d\u5bb6\u56ed\u9152\u5e97", "order_time": ["2019-01-21 12:22:49"], "total_order": 1, "hotel_value": ["3.7"], "hotel_price": ["108"]}, "6052383": {"hotel_name": "\u6df1\u5733\u987a\u65c5\u592a\u7a7a\u8231\u9752\u5e74\u65c5\u793e\u4e1c\u7ad9\u5e97", "order_time": ["2019-01-21 12:22:52"], "total_order": 1, "hotel_value": ["3.7"], "hotel_price": ["42"]}, "18451897": {"hotel_name": "\u6df1\u5733\u7c73\u4e91\u8c37\u56fd\u9645\u9152\u5e97", "order_time": ["2019-01-21 12:22:52"], "total_order": 1, "hotel_value": ["4.3"], "hotel_price": ["176"]}, "2941968": {"hotel_name": "7\u5929\u8fde\u9501\u9152\u5e97(\u6df1\u5733\u673a\u573a\u540e\u745e\u5730\u94c1\u7ad9\u5e97)", "order_time": ["2019-01-21 12:24:46"], "total_order": 1, "hotel_value": ["4.4"], "hotel_price": ["138"]}, "3695354": {"hotel_name": "\u7ef4\u4e5f\u7eb3\u56fd\u9645\u9152\u5e97(\u6df1\u5733\u5149\u660e\u5927\u9053\u5e97)", "order_time": ["2019-01-21 12:24:46"], "total_order": 1, "hotel_value": ["4.8"], "hotel_price": ["229"]}, "468924": {"hotel_name": "\u6c49\u5ead\u9152\u5e97(\u6df1\u5733\u9f99\u534e\u6cb9\u677e\u5e97)", "order_time": ["2019-01-21 12:24:47"], "total_order": 1, "hotel_value": ["4.6"], "hotel_price": ["218"]}, "419421": {"hotel_name": "\u6df1\u5733\u6c42\u6c34\u5c71\u9152\u5e97", "order_time": ["2019-01-21 12:24:48"], "total_order": 1, "hotel_value": ["4.6"], "hotel_price": ["532"]}, "5282170": {"hotel_name": "\u6df1\u5733\u4fa8\u57ce\u5546\u52a1\u5bbe\u9986", "order_time": ["2019-01-21 12:24:48"], "total_order": 1, "hotel_value": ["3.6"], "hotel_price": ["148"]}, "5352386": {"hotel_name": "\u9752\u76ae\u6811\u9152\u5e97(\u6df1\u5733\u9f99\u534e\u6e05\u6e56\u5730\u94c1\u7ad9\u5e97)", "order_time": ["2019-01-21 12:24:49"], "total_order": 1, "hotel_value": ["4.3"], "hotel_price": ["163"]}, "807355": {"hotel_name": "\u6df1\u5733\u9e3f\u8fd0\u5bbe\u9986(\u798f\u7530\u8d64\u5c3e\u5e97)", "order_time": ["2019-01-21 12:24:51"], "total_order": 1, "hotel_value": ["3.4"], "hotel_price": ["108"]}, "1543908": {"hotel_name": "\u6df1\u5733\u5bcc\u51ef\u5546\u52a1\u5bbe\u9986", "order_time": ["2019-01-21 12:24:55"], "total_order": 1, "hotel_value": ["4.5"], "hotel_price": ["88"]}, "6014798": {"hotel_name": "\u6df1\u5733\u5e78\u798f\u9752\u5e74\u65c5\u820d", "order_time": ["2019-01-21 12:24:57"], "total_order": 1, "hotel_value": ["4.0"], "hotel_price": ["40"]}, "2645046": {"hotel_name": "\u6df1\u5733\u5927\u5b8b\u9152\u5e97", "order_time": ["2019-01-21 12:26:44"], "total_order": 1, "hotel_value": ["4.5"], "hotel_price": ["214"]}, "15342841": {"hotel_name": "\u6df1\u6e2f\u884c\u653f\u516c\u5bd3(\u6df1\u5733\u9f99\u534e\u5e97)", "order_time": ["2019-01-21 12:26:44"], "total_order": 1, "hotel_value": ["4.7"], "hotel_price": ["253"]}, "23473035": {"hotel_name": "\u6df1\u6e2f\u884c\u653f\u516c\u5bd3(\u6df1\u5733\u5353\u8d8a\u524d\u6d77\u5e97)", "order_time": ["2019-01-21 12:26:44"], "total_order": 1, "hotel_value": ["4.6"], "hotel_price": ["499"]}, "1571037": {"hotel_name": "\u6df1\u5733\u5fb7\u51a0\u5ef7\u91d1\u9f99\u8f69\u9152\u5e97", "order_time": ["2019-01-21 12:26:45"], "total_order": 1, "hotel_value": ["4.4"], "hotel_price": ["208"]}, "423089": {"hotel_name": "\u6df1\u5733\u7f57\u6e56\u667a\u9009\u5047\u65e5\u9152\u5e97", "order_time": ["2019-01-21 12:26:45"], "total_order": 1, "hotel_value": ["4.4"], "hotel_price": ["609"]}, "1285020": {"hotel_name": "\u6df1\u5733\u67e0\u6aac\u9152\u5e97", "order_time": ["2019-01-21 12:26:45"], "total_order": 1, "hotel_value": ["4.4"], "hotel_price": ["178"]}, "6063743": {"hotel_name": "\u7ef4\u4e5f\u7eb3\u9152\u5e97(\u6df1\u5733\u5742\u7530\u4e07\u79d1\u7b2c\u4e94\u56ed\u5e97)", "order_time": ["2019-01-21 12:26:45"], "total_order": 1, "hotel_value": ["4.5"], "hotel_price": ["271"]}, "6237876": {"hotel_name": "\u6c49\u6c38\u00b7\u745e\u9152\u5e97(\u6df1\u5733\u673a\u573a\u5e97)", "order_time": ["2019-01-21 12:34:46", "2019-01-21 12:26:46"], "total_order": 2, "hotel_value": ["4.6", "4.6"], "hotel_price": ["385", "385"]}, "4826608": {"hotel_name": "\u6df1\u5733\u7eb3\u5c14\u65af\u5546\u52a1\u9152\u5e97", "order_time": ["2019-01-21 12:26:46"], "total_order": 1, "hotel_value": ["4.5"], "hotel_price": ["164"]}, "5217617": {"hotel_name": "\u5168\u666f\u9152\u5e97\u516c\u5bd3(\u6df1\u5733\u79d1\u6280\u56ed\u5e97)", "order_time": ["2019-01-21 12:26:46"], "total_order": 1, "hotel_value": ["4.3"], "hotel_price": ["248"]}, "467338": {"hotel_name": "\u6df1\u5733\u65b0\u5b89\u9152\u5e97", "order_time": ["2019-01-21 12:26:46"], "total_order": 1, "hotel_value": ["4.1"], "hotel_price": ["320"]}, "833160": {"hotel_name": "7\u5929\u8fde\u9501\u9152\u5e97(\u6df1\u5733\u7af9\u5b50\u6797\u5730\u94c1\u7ad9\u5e97)", "order_time": ["2019-01-21 12:26:46"], "total_order": 1, "hotel_value": ["4.0"], "hotel_price": ["233"]}, "1842621": {"hotel_name": "\u6df1\u5733\u83f2\u9152\u5e97", "order_time": ["2019-01-21 12:26:47"], "total_order": 1, "hotel_value": ["4.7"], "hotel_price": ["179"]}, "919636": {"hotel_name": "\u5357\u56fd\u8fde\u9501\u9152\u5e97(\u6df1\u5733\u745e\u660c\u5e97)", "order_time": ["2019-01-21 12:26:47"], "total_order": 1, "hotel_value": ["3.8"], "hotel_price": ["139"]}, "21721264": {"hotel_name": "\u6df1\u5733\u5a01\u5361\u6f2b\u7cbe\u54c1\u9152\u5e97", "order_time": ["2019-01-21 12:26:47"], "total_order": 1, "hotel_value": ["4.5"], "hotel_price": ["118"]}, "1479956": {"hotel_name": "\u6df1\u5733\u534e\u4fa8\u5927\u53a6\u9152\u5e97", "order_time": ["2019-01-21 12:48:47", "2019-01-21 12:26:48"], "total_order": 2, "hotel_value": ["4.0", "4.0"], "hotel_price": ["189", "189"]}, "8589069": {"hotel_name": "\u6df1\u5733\u83f2\u5c14\u4e3b\u9898\u9152\u5e97", "order_time": ["2019-01-21 12:26:48"], "total_order": 1, "hotel_value": ["4.3"], "hotel_price": ["229"]}, "24352160": {"hotel_name": "\u5170\u5179\u9152\u5e97(\u6df1\u5733\u5927\u5b66\u57ce\u5e97)", "order_time": ["2019-01-21 12:28:45"], "total_order": 1, "hotel_value": ["4.5"], "hotel_price": ["288"]}, "4981512": {"hotel_name": "\u6df1\u5733\u65b0\u94ed\u90fd\u9152\u5e97", "order_time": ["2019-01-21 12:28:46"], "total_order": 1, "hotel_value": ["4.2"], "hotel_price": ["115"]}, "1462278": {"hotel_name": "\u6c49\u5ead\u9152\u5e97(\u6df1\u5733\u534e\u5f3a\u5317\u71d5\u5357\u5730\u94c1\u7ad9\u5e97)", "order_time": ["2019-01-21 12:28:46"], "total_order": 1, "hotel_value": ["4.6"], "hotel_price": ["265"]}, "1686464": {"hotel_name": "\u57ce\u5e02\u9a7f\u7ad9(\u6df1\u5733\u6ee8\u6cb3\u65f6\u4ee3\u5e97)", "order_time": ["2019-01-21 12:28:46"], "total_order": 1, "hotel_value": ["4.4"], "hotel_price": ["558"]}, "8565961": {"hotel_name": "\u767b\u5df4\u5ba2\u6808(\u6df1\u5733\u4f1a\u5c55\u4e2d\u5fc3\u5e97)", "order_time": ["2019-01-21 12:28:46"], "total_order": 1, "hotel_value": ["4.5"], "hotel_price": ["57"]}, "8600853": {"hotel_name": "\u7ef4\u4e5f\u7eb3\u56fd\u9645\u9152\u5e97(\u6df1\u5733\u9f99\u5c97\u5927\u8fd0\u4e2d\u5fc3\u5e97)", "order_time": ["2019-01-21 12:28:46"], "total_order": 1, "hotel_value": ["4.8"], "hotel_price": ["277"]}, "8565841": {"hotel_name": "\u6df1\u5733\u4e03\u6a59\u9152\u5e97(\u5929\u5b89\u4e91\u8c37\u534e\u4e3a\u57fa\u5730\u5e97)", "order_time": ["2019-01-21 12:28:47"], "total_order": 1, "hotel_value": ["4.4"], "hotel_price": ["113"]}, "12825177": {"hotel_name": "\u94c2\u65af\u767b\u4e3b\u9898\u5ea6\u5047\u516c\u5bd3(\u6df1\u5733\u5317\u7ad9\u5e97)", "order_time": ["2019-01-21 12:28:47"], "total_order": 1, "hotel_value": ["4.5"], "hotel_price": ["255"]}, "7016899": {"hotel_name": "\u7ef4\u5ba2\u5feb\u6377\u9152\u5e97(\u6df1\u5733\u673a\u573a\u540e\u745e\u5730\u94c1\u7ad9\u5e97)", "order_time": ["2019-01-21 12:34:45", "2019-01-21 12:28:47"], "total_order": 2, "hotel_value": ["4.4", "4.4"], "hotel_price": ["138", "158"]}, "1118252": {"hotel_name": "\u6df1\u5733\u5fb7\u6797\u9152\u5e97", "order_time": ["2019-01-21 12:28:48"], "total_order": 1, "hotel_value": ["4.6"], "hotel_price": ["220"]}, "1034539": {"hotel_name": "\u5609\u79a7\u8fde\u9501\u9152\u5e97(\u6df1\u5733\u56fa\u620d\u5e97)", "order_time": ["2019-01-21 12:32:46", "2019-01-21 12:28:48"], "total_order": 2, "hotel_value": ["3.9", "3.9"], "hotel_price": ["146", "146"]}, "2198537": {"hotel_name": "\u6df1\u5733\u5723\u6dd8\u6c99\u9152\u5e97(\u6843\u56ed\u5e97)", "order_time": ["2019-01-21 12:28:48"], "total_order": 1, "hotel_value": ["4.6"], "hotel_price": ["749"]}, "5769669": {"hotel_name": "\u6df1\u573366\u5546\u52a1\u5bbe\u9986\u77f3\u5ca9\u5f84\u8d1d\u6751\u5e97", "order_time": ["2019-01-21 12:28:49"], "total_order": 1, "hotel_value": ["4.8"], "hotel_price": ["88"]}, "5160364": {"hotel_name": "\u6df1\u5733\u5bb6\u5408\u5c45\u4e3b\u9898\u516c\u5bd3", "order_time": ["2019-01-21 12:28:49"], "total_order": 1, "hotel_value": ["4.3"], "hotel_price": ["224"]}, "5982798": {"hotel_name": "7\u5929\u4f18\u54c1(\u6df1\u5733\u5e73\u6e56\u706b\u8f66\u7ad9\u5e97)", "order_time": ["2019-01-21 12:28:49"], "total_order": 1, "hotel_value": ["4.7"], "hotel_price": ["129"]}, "2602792": {"hotel_name": "\u6d77\u6c47\u5b9d\u5229\u9152\u5e97(\u6df1\u5733\u6c99\u4e95\u5e97)", "order_time": ["2019-01-21 12:28:49"], "total_order": 1, "hotel_value": ["4.0"], "hotel_price": ["139"]}, "1498780": {"hotel_name": "\u7ef4\u4e5f\u7eb3\u9152\u5e97(\u6df1\u5733\u9f99\u534e\u4eba\u6c11\u5357\u8def\u5e97)", "order_time": ["2019-01-21 12:30:44"], "total_order": 1, "hotel_value": ["4.8"], "hotel_price": ["333"]}, "1933926": {"hotel_name": "\u6df1\u5733\u96c5\u56ed\u5f69\u7530\u9152\u5e97", "order_time": ["2019-01-21 12:30:44"], "total_order": 1, "hotel_value": ["4.2"], "hotel_price": ["279"]}, "472815": {"hotel_name": "\u6df1\u5733\u7f57\u6e56\u6728\u68c9\u82b1\u9152\u5e97", "order_time": ["2019-01-21 12:38:44", "2019-01-21 12:30:44"], "total_order": 2, "hotel_value": ["4.6", "4.6"], "hotel_price": ["869", "869"]}, "778559": {"hotel_name": "\u516b\u65b9\u7cbe\u54c1\u9152\u5e97(\u6df1\u5733\u83b2\u82b1\u5c71\u5e97)", "order_time": ["2019-01-21 12:30:45"], "total_order": 1, "hotel_value": ["4.1"], "hotel_price": ["229"]}, "1053424": {"hotel_name": "\u6df1\u5733\u91d1\u4e3d\u8c6a\u9152\u5e97", "order_time": ["2019-01-21 12:30:45"], "total_order": 1, "hotel_value": ["3.9"], "hotel_price": ["209"]}, "806983": {"hotel_name": "\u6df1\u5733\u53cb\u597d\u4e3b\u9898\u9152\u5e97", "order_time": ["2019-01-21 12:30:45"], "total_order": 1, "hotel_value": ["3.8"], "hotel_price": ["149"]}, "5406341": {"hotel_name": "\u6df1\u5733\u51ef\u946b\u5ead\u9152\u5e97\u516c\u5bd3", "order_time": ["2019-01-21 12:30:46"], "total_order": 1, "hotel_value": ["4.6"], "hotel_price": ["473"]}, "15343161": {"hotel_name": "\u661f\u822a\u6052\u60a6\u9152\u5e97(\u6df1\u5733\u673a\u573aT3\u822a\u7ad9\u697c\u5e97)", "order_time": ["2019-01-21 12:30:47"], "total_order": 1, "hotel_value": ["4.4"], "hotel_price": ["173"]}, "968917": {"hotel_name": "\u63d0\u5b50\u9152\u5e97(\u6df1\u5733\u5e73\u6e56\u5e97)(\u539f\u79be\u6b23\u9152\u5e97)", "order_time": ["2019-01-21 12:30:47"], "total_order": 1, "hotel_value": ["4.3"], "hotel_price": ["139"]}, "5924343": {"hotel_name": "\u7231\u5bb6\u8fde\u9501\u9152\u5e97(\u6df1\u5733\u576a\u5c71\u5e97)(\u539f\u7ef4\u4e9a\u8f69\u9152\u5e97)", "order_time": ["2019-01-21 12:30:50"], "total_order": 1, "hotel_value": ["4.5"], "hotel_price": ["129"]}, "6655742": {"hotel_name": "\u7ef4\u4e5f\u7eb3\u9152\u5e97(\u6df1\u5733\u89c2\u5149\u8def\u5bcc\u58eb\u5eb7\u5e97)", "order_time": ["2019-01-21 12:32:43"], "total_order": 1, "hotel_value": ["4.9"], "hotel_price": ["219"]}, "667360": {"hotel_name": "\u6df1\u5733\u86c7\u53e3\u8f89\u76db\u574a\u00b7\u6cf0\u683c\u516c\u5bd3", "order_time": ["2019-01-21 12:32:45"], "total_order": 1, "hotel_value": ["4.5"], "hotel_price": ["799"]}, "1229496": {"hotel_name": "\u5982\u5bb6\u5feb\u6377\u9152\u5e97(\u6df1\u5733\u9ec4\u8d1d\u5cad\u51e4\u51f0\u8def\u5e97)", "order_time": ["2019-01-21 12:32:45"], "total_order": 1, "hotel_value": ["4.6"], "hotel_price": ["149"]}, "1597131": {"hotel_name": "\u6df1\u5733\u60a6\u6d77\u5546\u52a1\u516c\u5bd3(\u539f\u9999\u6885\u8fde\u9501\u9152\u5e97\u524d\u6d77\u5bbe\u9986)", "order_time": ["2019-01-21 12:32:45"], "total_order": 1, "hotel_value": ["4.3"], "hotel_price": ["198"]}, "17906138": {"hotel_name": "\u7ef4\u4e5f\u7eb3\u9152\u5e97(\u6df1\u5733\u767e\u5bcc\u57ce\u5e97)", "order_time": ["2019-01-21 12:32:45"], "total_order": 1, "hotel_value": ["4.8"], "hotel_price": ["228"]}, "668085": {"hotel_name": "\u57ce\u5e02\u5ba2\u6808(\u6df1\u5733\u9526\u7ee3\u4e2d\u534e\u5e97)", "order_time": ["2019-01-21 12:32:46"], "total_order": 1, "hotel_value": ["4.2"], "hotel_price": ["367"]}, "2167848": {"hotel_name": "\u6df1\u5733\u91d1\u99a8\u5546\u52a1\u9152\u5e97", "order_time": ["2019-01-21 12:32:46"], "total_order": 1, "hotel_value": ["3.9"], "hotel_price": ["118"]}, "4826340": {"hotel_name": "\u6df1\u5733\u94f6\u6cf0\u5546\u52a1\u9152\u5e97", "order_time": ["2019-01-21 12:32:46"], "total_order": 1, "hotel_value": ["4.3"], "hotel_price": ["183"]}, "2992919": {"hotel_name": "\u6df1\u5733Paris\u4e3b\u9898\u9752\u5e74\u516c\u5bd3", "order_time": ["2019-01-21 12:32:46"], "total_order": 1, "hotel_value": ["4.1"], "hotel_price": ["36"]}, "833211": {"hotel_name": "\u6df1\u5733\u65e9\u6668\u9152\u5e97", "order_time": ["2019-01-21 12:32:47"], "total_order": 1, "hotel_value": ["4.1"], "hotel_price": ["110"]}, "2893454": {"hotel_name": "\u6df1\u5733\u82e5\u5bb6\u9152\u5e97", "order_time": ["2019-01-21 12:32:47"], "total_order": 1, "hotel_value": ["4.1"], "hotel_price": ["114"]}, "5795809": {"hotel_name": "\u6162\u534a\u62cd\u9752\u5e74\u65c5\u820d(\u6df1\u5733\u4e16\u754c\u4e4b\u7a97\u5e97)", "order_time": ["2019-01-21 12:32:49"], "total_order": 1, "hotel_value": ["4.7"], "hotel_price": ["55"]}, "7493664": {"hotel_name": "\u6df1\u5733D House\u56fd\u9645\u670d\u52a1\u516c\u5bd3", "order_time": ["2019-01-21 12:34:45"], "total_order": 1, "hotel_value": ["4.5"], "hotel_price": ["484"]}, "6312610": {"hotel_name": "\u6df1\u5733\u67cf\u5361\u987f\u7cbe\u54c1\u9152\u5e97", "order_time": ["2019-01-21 12:34:45"], "total_order": 1, "hotel_value": ["4.2"], "hotel_price": ["142"]}, "5797239": {"hotel_name": "\u601d\u9014\u5546\u52a1\u516c\u5bd3(\u6df1\u5733ONE39\u5e97)", "order_time": ["2019-01-21 12:34:46"], "total_order": 1, "hotel_value": ["4.7"], "hotel_price": ["287"]}, "4014419": {"hotel_name": "\u6df1\u5733\u83b1\u5ba2\u601d\u987f\u9152\u5e97", "order_time": ["2019-01-21 12:34:47"], "total_order": 1, "hotel_value": ["4.5"], "hotel_price": ["129"]}, "374854": {"hotel_name": "\u6df1\u5733\u6469\u767b\u514b\u65af\u9152\u5e97", "order_time": ["2019-01-21 12:36:46"], "total_order": 1, "hotel_value": ["4.7"], "hotel_price": ["1000"]}, "468930": {"hotel_name": "\u6c49\u5ead\u9152\u5e97(\u6df1\u5733\u534e\u5f3a\u4e2d\u5fc3\u516c\u56ed\u5e97)", "order_time": ["2019-01-21 12:36:46"], "total_order": 1, "hotel_value": ["4.2"], "hotel_price": ["187"]}, "5306160": {"hotel_name": "\u7ef4\u4e5f\u7eb3\u9152\u5e97(\u6df1\u5733\u77f3\u5ca9\u77f3\u9f99\u793e\u533a\u5e97)", "order_time": ["2019-01-21 12:36:46"], "total_order": 1, "hotel_value": ["4.8"], "hotel_price": ["219"]}, "8565794": {"hotel_name": "\u6df1\u5733\u6da6\u541b\u6f9c\u9152\u5e97", "order_time": ["2019-01-21 12:36:47"], "total_order": 1, "hotel_value": ["4.1"], "hotel_price": ["138"]}, "5248522": {"hotel_name": "\u6df1\u5733\u57ce\u5e02\u8fde\u9501\u9152\u5e97(\u539f\u597d\u98ce\u666f\u9152\u5e97)", "order_time": ["2019-01-21 12:36:47"], "total_order": 1, "hotel_value": ["4.1"], "hotel_price": ["143"]}, "1508083": {"hotel_name": "\u6df1\u5733\u5343\u5bcc\u5927\u9152\u5e97", "order_time": ["2019-01-21 12:36:47"], "total_order": 1, "hotel_value": ["4.4"], "hotel_price": ["121"]}, "5369485": {"hotel_name": "\u6df1\u5733\u5fbd\u5546168\u9152\u5e97\u89c2\u6f9c\u5e97", "order_time": ["2019-01-21 12:36:48", "2019-01-21 12:56:47"], "total_order": 2, "hotel_value": ["4.4", "4.4"], "hotel_price": ["93", "93"]}, "3462367": {"hotel_name": "\u6df1\u5733\u6c38\u6210\u7cbe\u54c1\u9152\u5e97", "order_time": ["2019-01-21 12:36:50"], "total_order": 1, "hotel_value": ["4.2"], "hotel_price": ["103"]}, "6420136": {"hotel_name": "\u6df1\u5733\u6df1\u6ce2\u5546\u52a1\u5bbe\u9986(\u539f\u798f\u9999\u5546\u52a1\u5bbe\u9986)", "order_time": ["2019-01-21 12:36:51"], "total_order": 1, "hotel_value": ["4.2"], "hotel_price": ["105"]}, "22822006": {"hotel_name": "\u6df1\u5733\u4e2d\u5174\u548c\u6cf0\u6d77\u666f\u9152\u5e97", "order_time": ["2019-01-21 12:38:44"], "total_order": 1, "hotel_value": ["4.8"], "hotel_price": ["588"]}, "6409396": {"hotel_name": "\u6df1\u5733\u86c7\u53e3\u5170\u5179\u9152\u5e97", "order_time": ["2019-01-21 12:38:44", "2019-01-21 12:54:44"], "total_order": 2, "hotel_value": ["4.6", "4.6"], "hotel_price": ["358", "358"]}, "5768018": {"hotel_name": "\u79d1\u6da6\u9152\u5e97\u516c\u5bd3(\u6df1\u5733\u79d1\u6280\u56ed\u5e97)", "order_time": ["2019-01-21 12:38:44"], "total_order": 1, "hotel_value": ["4.4"], "hotel_price": ["326"]}, "2623915": {"hotel_name": "\u7ef4\u4e5f\u7eb3\u56fd\u9645\u9152\u5e97(\u6df1\u5733\u666f\u7530\u5e97)", "order_time": ["2019-01-21 12:38:44"], "total_order": 1, "hotel_value": ["4.8"], "hotel_price": ["498"]}, "419433": {"hotel_name": "\u5c71\u6c34\u65f6\u5c1a\u9152\u5e97(\u6df1\u5733\u534e\u5f3a\u5317\u5e97)", "order_time": ["2019-01-21 12:38:44"], "total_order": 1, "hotel_value": ["4.4"], "hotel_price": ["427"]}, "458869": {"hotel_name": "\u6c49\u5ead\u9152\u5e97(\u6df1\u5733\u4e1c\u95e8\u6b65\u884c\u8857\u5e97)(\u539f\u4e50\u56ed\u8def\u5e97)", "order_time": ["2019-01-21 12:38:44", "2019-01-21 12:40:44"], "total_order": 2, "hotel_value": ["4.4", "4.4"], "hotel_price": ["170", "170"]}, "468923": {"hotel_name": "\u6c49\u5ead\u9152\u5e97(\u6df1\u5733\u534e\u5f3a\u5317\u5730\u94c1\u7ad9\u5e97)", "order_time": ["2019-01-21 12:38:44"], "total_order": 1, "hotel_value": ["4.5"], "hotel_price": ["246"]}, "19924868": {"hotel_name": "\u9e97\u67ab\u9152\u5e97(\u6df1\u5733\u4e16\u754c\u4e4b\u7a97\u5e97)", "order_time": ["2019-01-21 12:38:44", "2019-01-21 12:48:44"], "total_order": 2, "hotel_value": ["4.7", "4.7"], "hotel_price": ["538", "538"]}, "512791": {"hotel_name": "\u84ec\u5ba2\u7cbe\u54c1\u9152\u5e97(\u6df1\u5733\u6d77\u5cb8\u57ce\u5e97)", "order_time": ["2019-01-21 12:38:44"], "total_order": 1, "hotel_value": ["4.4"], "hotel_price": ["520"]}, "12072501": {"hotel_name": "\u57ce\u5bb6\u7cbe\u9009\u516c\u5bd3\uff08\u6df1\u5733\u4f1a\u5c55\u4e2d\u5fc3\u5e97\uff09", "order_time": ["2019-01-21 12:38:44"], "total_order": 1, "hotel_value": ["4.3"], "hotel_price": ["369"]}, "2388076": {"hotel_name": "\u5e0c\u51ef\u9152\u5e97(\u6df1\u5733\u5317\u7ad9\u5e97)(\u539f\u5229\u534e\u4ed5\u9152\u5e97)", "order_time": ["2019-01-21 12:38:44"], "total_order": 1, "hotel_value": ["4.7"], "hotel_price": ["316"]}, "535657": {"hotel_name": "\u6df1\u5733\u91d1\u4e2d\u73af\u9152\u5e97\u516c\u5bd3", "order_time": ["2019-01-21 12:38:44", "2019-01-21 12:42:44"], "total_order": 2, "hotel_value": ["4.2", "4.2"], "hotel_price": ["293", "293"]}, "1505384": {"hotel_name": "\u60a6\u5de2\u516c\u5bd3(\u6df1\u5733\u5317\u7ad9\u5e97)", "order_time": ["2019-01-21 12:38:44"], "total_order": 1, "hotel_value": ["4.5"], "hotel_price": ["179"]}, "4478741": {"hotel_name": "\u5982\u5bb6\u5feb\u6377\u9152\u5e97(\u6df1\u5733\u5b9d\u5b89\u5ba2\u8fd0\u4e2d\u5fc3\u7ad9\u5e97)", "order_time": ["2019-01-21 12:38:44", "2019-01-21 12:54:46"], "total_order": 2, "hotel_value": ["4.4", "4.4"], "hotel_price": ["155", "155"]}, "1598735": {"hotel_name": "\u6c49\u6c38\u9152\u5e97(\u6df1\u5733\u51e4\u51f0\u5e97)", "order_time": ["2019-01-21 12:38:44"], "total_order": 1, "hotel_value": ["4.6"], "hotel_price": ["129"]}, "23569422": {"hotel_name": "\u6df1\u5733\u82b1\u68a6\u95f4\u9152\u5e97", "order_time": ["2019-01-21 12:38:44"], "total_order": 1, "hotel_value": ["4.6"], "hotel_price": ["534"]}, "1597650": {"hotel_name": "7\u5929\u4f18\u54c1\u9152\u5e97(\u6df1\u5733\u8f66\u516c\u5e99\u5e97)", "order_time": ["2019-01-21 12:38:44", "2019-01-21 12:46:48"], "total_order": 2, "hotel_value": ["4.4", "4.4"], "hotel_price": ["273", "273"]}, "924770": {"hotel_name": "\u559c\u739b\u62c9\u96c5\u9152\u5e97(\u6df1\u5733\u9f99\u534e\u5e97)", "order_time": ["2019-01-21 12:38:44"], "total_order": 1, "hotel_value": ["4.2"], "hotel_price": ["178"]}, "535627": {"hotel_name": "\u6df1\u5733\u541b\u9038\u9152\u5e97", "order_time": ["2019-01-21 12:38:45"], "total_order": 1, "hotel_value": ["4.5"], "hotel_price": ["349"]}, "1166050": {"hotel_name": "\u6df1\u5733\u7ea2\u9633\u5546\u52a1\u9152\u5e97", "order_time": ["2019-01-21 12:38:45"], "total_order": 1, "hotel_value": ["4.2"], "hotel_price": ["173"]}, "479335": {"hotel_name": "\u6df1\u5733\u5723\u6dd8\u6c99\u9152\u5e97(\u9a6c\u5bb6\u9f99\u5e97)", "order_time": ["2019-01-21 12:38:45"], "total_order": 1, "hotel_value": ["4.4"], "hotel_price": ["343"]}, "1535347": {"hotel_name": "\u6d77\u53cb\u9152\u5e97(\u6df1\u5733\u5357\u5c71\u521b\u4e1a\u8def\u5e97)", "order_time": ["2019-01-21 12:38:45"], "total_order": 1, "hotel_value": ["3.9"], "hotel_price": ["199"]}, "833603": {"hotel_name": "\u6df1\u5733\u6df1\u90fd\u5feb\u6377\u9152\u5e97", "order_time": ["2019-01-21 12:38:45"], "total_order": 1, "hotel_value": ["4.7"], "hotel_price": ["118"]}, "3244595": {"hotel_name": "\u5feb\u6613\u4f4f\u9152\u5e97\u5f0f\u516c\u5bd3(\u6df1\u5733\u5317\u7ad9\u5e97)", "order_time": ["2019-01-21 12:38:46"], "total_order": 1, "hotel_value": ["3.8"], "hotel_price": ["118"]}, "5476565": {"hotel_name": "\u6df1\u5733\u94f6\u5bcc\u82d1\u5546\u52a1\u9152\u5e97", "order_time": ["2019-01-21 12:38:47"], "total_order": 1, "hotel_value": ["2.9"], "hotel_price": ["108"]}, "946360": {"hotel_name": "\u6df1\u5733\u51ef\u987a\u9152\u5e97", "order_time": ["2019-01-21 12:38:47"], "total_order": 1, "hotel_value": ["4.2"], "hotel_price": ["108"]}, "1048003": {"hotel_name": "\u6df1\u5733\u4e1c\u6e2f\u9152\u5e97(\u76d0\u7530\u5e97)", "order_time": ["2019-01-21 12:38:49"], "total_order": 1, "hotel_value": ["3.5"], "hotel_price": ["134"]}, "4827246": {"hotel_name": "\u6df1\u5733\u5317\u6781\u661f\u7cbe\u54c1\u9152\u5e97(\u539f\u57ce\u5ba2\u6021\u5bb6\u9152\u5e97)", "order_time": ["2019-01-21 12:38:49"], "total_order": 1, "hotel_value": ["3.8"], "hotel_price": ["98"]}, "1599425": {"hotel_name": "\u6df1\u5733\u5e7f\u7ca4\u5bbe\u9986", "order_time": ["2019-01-21 12:38:50"], "total_order": 1, "hotel_value": ["4.2"], "hotel_price": ["108"]}, "1952191": {"hotel_name": "\u5357\u56fd\u5bbe\u9986(\u6df1\u5733\u798f\u6c11\u5730\u94c1\u7ad9\u603b\u5e97)(\u539f\u4f1a\u5c55\u4e2d\u5fc3\u5e97)", "order_time": ["2019-01-21 12:40:43"], "total_order": 1, "hotel_value": ["4.1"], "hotel_price": ["249"]}, "11407620": {"hotel_name": "\u6df1\u5733\u6d77\u66d9\u51ef\u4e30\u9152\u5e97", "order_time": ["2019-01-21 12:40:44"], "total_order": 1, "hotel_value": ["4.6"], "hotel_price": ["632"]}, "1600236": {"hotel_name": "\u6f2b\u6e38\u8005\u9752\u5e74\u65c5\u820d(\u6df1\u5733\u4f1a\u5c55\u4e2d\u5fc3\u5e97)", "order_time": ["2019-01-21 12:40:44"], "total_order": 1, "hotel_value": ["4.3"], "hotel_price": ["142"]}, "3361838": {"hotel_name": "\u6df1\u5733\u6e05\u6c34\u6e7e\u9152\u5e97", "order_time": ["2019-01-21 12:40:45"], "total_order": 1, "hotel_value": ["4.3"], "hotel_price": ["184"]}, "6874649": {"hotel_name": "\u6df1\u5733\u51ef\u65af\u9152\u5e97", "order_time": ["2019-01-21 12:40:45"], "total_order": 1, "hotel_value": ["3.9"], "hotel_price": ["138"]}, "471560": {"hotel_name": "\u57ce\u5e02\u9a7f\u7ad9\u9152\u5e97\u516c\u5bd3(\u6df1\u5733\u4eac\u57fa100\u5e97)", "order_time": ["2019-01-21 12:40:45"], "total_order": 1, "hotel_value": ["4.3"], "hotel_price": ["217"]}, "8538377": {"hotel_name": "\u5104\u7c73\u9152\u5e97(\u6df1\u5733\u5e03\u5409\u4e1c\u7ad9\u94c1\u4e1c\u8def\u5e97)", "order_time": ["2019-01-21 12:40:45"], "total_order": 1, "hotel_value": ["4.6"], "hotel_price": ["85"]}, "1434888": {"hotel_name": "\u6df1\u5733\u58a8\u7f18\u827a\u672f\u5ba2\u6808\uff08\u539f\u6df1\u5733\u6625\u4e4b\u6f6e\u5546\u52a1\u9152\u5e97\uff09", "order_time": ["2019-01-21 12:40:45"], "total_order": 1, "hotel_value": ["4.5"], "hotel_price": ["182"]}, "1596847": {"hotel_name": "\u6df1\u5733\u5b8f\u5609\u9152\u5e97", "order_time": ["2019-01-21 12:44:45", "2019-01-21 12:40:45"], "total_order": 2, "hotel_value": ["3.6", "3.6"], "hotel_price": ["212", "212"]}, "1011144": {"hotel_name": "\u7ef4\u4e5f\u7eb3\u9152\u5e97(\u6df1\u5733\u5357\u8054\u5730\u94c1\u7ad9\u5e97)", "order_time": ["2019-01-21 12:40:54"], "total_order": 1, "hotel_value": ["4.8"], "hotel_price": ["248"]}, "5238031": {"hotel_name": "\u6df1\u5733\u5929\u5929\u8fde\u9501\u9152\u5e97\u897f\u4e3d\u5317\u8def\u5e97", "order_time": ["2019-01-21 12:42:44"], "total_order": 1, "hotel_value": ["4.1"], "hotel_price": ["138"]}, "1691578": {"hotel_name": "\u6df1\u5733\u592a\u5b50\u5bbe\u9986", "order_time": ["2019-01-21 12:42:44"], "total_order": 1, "hotel_value": ["4.0"], "hotel_price": ["358"]}, "5804070": {"hotel_name": "\u4e03\u6a59\u9152\u5e97(\u6df1\u5733\u5317\u7ad9\u6c11\u6cbb\u5e97)", "order_time": ["2019-01-21 12:42:44"], "total_order": 1, "hotel_value": ["4.1"], "hotel_price": ["123"]}, "718231": {"hotel_name": "\u96c5\u67ab\u5bbe\u9986(\u6df1\u5733\u534e\u4fa8\u57ce\u5e97)", "order_time": ["2019-01-21 12:42:44"], "total_order": 1, "hotel_value": ["4.2"], "hotel_price": ["296"]}, "4312660": {"hotel_name": "\u7ef4\u4e5f\u7eb3\u56fd\u9645\u9152\u5e97(\u6df1\u5733\u5149\u4fa8\u8def\u7530\u5bee\u5e97)", "order_time": ["2019-01-21 12:42:45"], "total_order": 1, "hotel_value": ["4.8"], "hotel_price": ["269"]}, "9668814": {"hotel_name": "\u4e00\u5446\u516c\u5bd3(\u6df1\u5733\u9999\u871c\u6e56\u5e97)", "order_time": ["2019-01-21 12:42:45"], "total_order": 1, "hotel_value": ["4.6"], "hotel_price": ["278"]}, "4825977": {"hotel_name": "\u7ef4\u4e5f\u7eb3\u9152\u5e97(\u6df1\u5733\u576a\u5c71\u9ad8\u94c1\u7ad9\u5e97)(\u539f\u576a\u5c71\u6df1\u6c55\u8def\u5e97)", "order_time": ["2019-01-21 12:42:46"], "total_order": 1, "hotel_value": ["4.8"], "hotel_price": ["298"]}, "1598717": {"hotel_name": "7\u5929\u8fde\u9501\u9152\u5e97(\u6df1\u5733\u706b\u8f66\u4e1c\u7ad9\u5e03\u5409\u5730\u94c1\u7ad9\u5e97)", "order_time": ["2019-01-21 12:42:46"], "total_order": 1, "hotel_value": ["4.5"], "hotel_price": ["109"]}, "6805844": {"hotel_name": "\u5982\u5bb6\u6d3e\u67cf\u00b7\u4e91\u9152\u5e97(\u6df1\u5733\u5317\u7ad9\u5e97)(\u539f\u6c11\u65b0\u9152\u5e97)", "order_time": ["2019-01-21 12:42:46"], "total_order": 1, "hotel_value": ["3.9"], "hotel_price": ["143"]}, "11653610": {"hotel_name": "\u7ef4\u4e5f\u7eb3\u9152\u5e97(\u6df1\u5733\u89c2\u6f9c\u4eba\u6c11\u8def\u548c\u5e73\u5e97)", "order_time": ["2019-01-21 12:42:46"], "total_order": 1, "hotel_value": ["4.7"], "hotel_price": ["229"]}, "1722542": {"hotel_name": "\u6df1\u5733\u548c\u5e73\u9152\u5e97", "order_time": ["2019-01-21 12:42:47"], "total_order": 1, "hotel_value": ["4.3"], "hotel_price": ["128"]}, "1598757": {"hotel_name": "\u6df1\u5733\u6854\u57ce\u5bbe\u9986", "order_time": ["2019-01-21 12:46:50", "2019-01-21 12:42:47"], "total_order": 2, "hotel_value": ["4.1", "4.1"], "hotel_price": ["99", "138"]}, "1599811": {"hotel_name": "\u6df1\u5733\u827e\u8fea\u5c14V6\u827a\u672f\u9152\u5e97", "order_time": ["2019-01-21 12:42:47"], "total_order": 1, "hotel_value": ["4.4"], "hotel_price": ["118"]}, "2535784": {"hotel_name": "\u57ce\u5e02\u4fbf\u6377\u9152\u5e97(\u6df1\u5733\u9f99\u534e\u6cb9\u677e\u5e97)(\u539f\u6cb9\u677e\u4e07\u4f17\u57ce\u5e97)", "order_time": ["2019-01-21 12:42:47"], "total_order": 1, "hotel_value": ["4.6"], "hotel_price": ["221"]}, "1516843": {"hotel_name": "\u6df1\u5733\u9526\u6cfd\u9152\u5e97", "order_time": ["2019-01-21 12:42:47"], "total_order": 1, "hotel_value": ["3.9"], "hotel_price": ["126"]}, "25510366": {"hotel_name": "\u6df1\u5733\u91d1\u6cf0\u5927\u9152\u5e97", "order_time": ["2019-01-21 12:42:49"], "total_order": 1, "hotel_value": [0], "hotel_price": ["119"]}, "21785184": {"hotel_name": "\u6df1\u5733\u5742\u7530\u5e0c\u5c14\u987f\u6b22\u670b\u9152\u5e97", "order_time": ["2019-01-21 12:44:44", "2019-01-21 12:50:53", "2019-01-21 12:50:52", "2019-01-21 12:50:45"], "total_order": 4, "hotel_value": ["4.7", "4.7", "4.7", "4.7"], "hotel_price": ["755", "755", "755", "755"]}, "8869678": {"hotel_name": "\u6df1\u5733\u5927\u9e4f\u749e\u77f3\u7cbe\u54c1\u5ba2\u6808", "order_time": ["2019-01-21 12:44:44"], "total_order": 1, "hotel_value": ["4.7"], "hotel_price": ["97"]}, "419562": {"hotel_name": "\u6df1\u5733\u89c6\u754c\u98ce\u5c1a\u9152\u5e97", "order_time": ["2019-01-21 12:44:44"], "total_order": 1, "hotel_value": ["4.2"], "hotel_price": ["278"]}, "1459255": {"hotel_name": "\u7f8e\u8fea\u9152\u5e97(\u6df1\u5733\u534e\u4e3a\u5742\u7530\u57fa\u5730\u5e97)", "order_time": ["2019-01-21 12:44:45"], "total_order": 1, "hotel_value": ["4.7"], "hotel_price": ["255"]}, "1413187": {"hotel_name": "\u6df1\u5733\u5609\u745e\u9152\u5e97", "order_time": ["2019-01-21 12:44:45"], "total_order": 1, "hotel_value": ["4.2"], "hotel_price": ["184"]}, "2346701": {"hotel_name": "\u6df1\u5733\u683c\u826f\u4e1c\u65b9\u9152\u5e97", "order_time": ["2019-01-21 12:44:45"], "total_order": 1, "hotel_value": ["4.4"], "hotel_price": ["173"]}, "1595131": {"hotel_name": "\u7ef4\u96c5\u4e3d\u9152\u5e97(\u6df1\u5733\u706b\u8f66\u7ad9\u4eba\u6c11\u5357\u8def\u5e97)", "order_time": ["2019-01-21 12:44:45"], "total_order": 1, "hotel_value": ["4.2"], "hotel_price": ["270"]}, "17098746": {"hotel_name": "\u8363\u541b\u683c\u6797\u56fd\u9645\u516c\u5bd3\uff08\u6df1\u5733\u5742\u7530\u5730\u94c1\u7ad9\u5e97\uff09", "order_time": ["2019-01-21 12:44:45"], "total_order": 1, "hotel_value": ["4.3"], "hotel_price": ["206"]}, "1420669": {"hotel_name": "7\u5929\u8fde\u9501\u9152\u5e97(\u6df1\u5733\u9f99\u5c97\u5357\u8054\u5730\u94c1\u7ad9\u5e97)", "order_time": ["2019-01-21 12:44:46"], "total_order": 1, "hotel_value": ["4.4"], "hotel_price": ["127"]}, "1598976": {"hotel_name": "\u6df1\u5733\u8302\u9f99\u5bbe\u9986", "order_time": ["2019-01-21 12:44:47"], "total_order": 1, "hotel_value": ["4.0"], "hotel_price": ["69"]}, "6743892": {"hotel_name": "\u6df1\u5733\u7231\u5bb6\u5feb\u6377\u9152\u5e97", "order_time": ["2019-01-21 12:44:48"], "total_order": 1, "hotel_value": [0], "hotel_price": ["138"]}, "432901": {"hotel_name": "\u5982\u5bb6\u5feb\u6377\u9152\u5e97(\u6df1\u5733\u5b9d\u5b89\u897f\u4e61\u5730\u94c1\u7ad9\u5e97)", "order_time": ["2019-01-21 12:44:48"], "total_order": 1, "hotel_value": ["4.3"], "hotel_price": ["166"]}, "5378780": {"hotel_name": "\u6df1\u5733\u540d\u90fd\u5546\u52a1\u9152\u5e97", "order_time": ["2019-01-21 12:44:48"], "total_order": 1, "hotel_value": ["4.0"], "hotel_price": ["128"]}, "929591": {"hotel_name": "\u7ef4\u4e5f\u7eb3\u9152\u5e97(\u6df1\u5733\u7231\u6995\u8def\u5e97)", "order_time": ["2019-01-21 12:46:48"], "total_order": 1, "hotel_value": ["4.8"], "hotel_price": ["285"]}, "1457563": {"hotel_name": "\u5982\u5bb6\u5feb\u6377\u9152\u5e97(\u6df1\u5733\u4f1a\u5c55\u4e2d\u5fc3\u6c99\u5c3e\u5730\u94c1\u7ad9\u5e97)(\u539f\u65b0\u6d32\u5e97)", "order_time": ["2019-01-21 12:46:48"], "total_order": 1, "hotel_value": ["4.5"], "hotel_price": ["249"]}, "6052155": {"hotel_name": "\u9a8f\u6021\u8fde\u9501\u9152\u5e97(\u6df1\u5733\u5742\u7530\u5730\u94c1\u7ad9\u5e97)", "order_time": ["2019-01-21 12:46:48"], "total_order": 1, "hotel_value": ["4.4"], "hotel_price": ["129"]}, "5248234": {"hotel_name": "\u6df1\u5733\u8d64\u58c1\u7cbe\u54c1\u9152\u5e97\u666f\u7530\u5730\u94c1\u7ad9\u5e97", "order_time": ["2019-01-21 12:46:48"], "total_order": 1, "hotel_value": ["3.9"], "hotel_price": ["188"]}, "6839344": {"hotel_name": "\u6df1\u57331314\u6982\u5ff5\u9152\u5e97", "order_time": ["2019-01-21 12:46:49"], "total_order": 1, "hotel_value": ["4.0"], "hotel_price": ["188"]}, "1053430": {"hotel_name": "\u6df1\u5733\u6816\u6e38\u592a\u7a7a\u8231\u9752\u5e74\u65c5\u9986", "order_time": ["2019-01-21 12:46:49"], "total_order": 1, "hotel_value": ["4.5"], "hotel_price": ["93"]}, "4382170": {"hotel_name": "\u7ef4\u4e5f\u7eb3\u9152\u5e97(\u6df1\u5733\u4e94\u548c\u5927\u9053\u5e97)", "order_time": ["2019-01-21 12:46:49"], "total_order": 1, "hotel_value": ["4.8"], "hotel_price": ["295"]}, "6506985": {"hotel_name": "\u6df1\u5733\u5de6\u521b\u661f\u7403\u9152\u5e97", "order_time": ["2019-01-21 12:46:49"], "total_order": 1, "hotel_value": ["4.4"], "hotel_price": ["164"]}, "5029053": {"hotel_name": "\u6df1\u5733\u5c1a\u6c34\u7cbe\u54c1\u9152\u5e97", "order_time": ["2019-01-21 12:46:49"], "total_order": 1, "hotel_value": ["4.4"], "hotel_price": ["117"]}, "1583371": {"hotel_name": "\u6df1\u5733\u4e00\u53f7\u516c\u5bd3\u9152\u5e97", "order_time": ["2019-01-21 12:46:50"], "total_order": 1, "hotel_value": ["3.5"], "hotel_price": ["173"]}, "6132631": {"hotel_name": "\u57ce\u5e02\u4fbf\u6377\u9152\u5e97(\u6df1\u5733\u5149\u660e\u65b0\u533a\u516c\u660e\u5e97)(\u539f\u5fb7\u5174\u8def\u5e97)", "order_time": ["2019-01-21 12:46:50"], "total_order": 1, "hotel_value": ["4.5"], "hotel_price": ["204"]}, "15839498": {"hotel_name": "\u6df1\u5733\u5143\u6c14\u732b\u9171\u9752\u5e74\u65c5\u820d(\u539f\u9c9c\u767b\u9752\u5e74\u65c5\u820d)", "order_time": ["2019-01-21 12:46:52"], "total_order": 1, "hotel_value": ["4.9"], "hotel_price": ["50"]}, "2140624": {"hotel_name": "\u6df1\u5733\u8fbe\u4e30\u5bbe\u9986", "order_time": ["2019-01-21 12:46:52"], "total_order": 1, "hotel_value": ["2.7"], "hotel_price": ["128"]}, "5772468": {"hotel_name": "\u6df1\u5733\u7ea6\u5728\u851a\u84dd\u661f\u7a7a\u9752\u5e74\u65c5\u820d", "order_time": ["2019-01-21 12:46:54"], "total_order": 1, "hotel_value": ["3.9"], "hotel_price": ["25"]}, "21333998": {"hotel_name": "\u591c\u5bb4\u9752\u5e74\u516c\u5bd3(\u6df1\u5733\u5317\u5e97)", "order_time": ["2019-01-21 12:46:54"], "total_order": 1, "hotel_value": ["4.7"], "hotel_price": ["38"]}, "661443": {"hotel_name": "\u6df1\u5733\u4e1c\u65b9\u534a\u5c71\u9152\u5e97", "order_time": ["2019-01-21 12:48:44"], "total_order": 1, "hotel_value": ["4.3"], "hotel_price": ["298"]}, "6052488": {"hotel_name": "\u6df1\u5733\u661f\u8bed\u592a\u7a7a\u8231\u516c\u5bd3", "order_time": ["2019-01-21 12:48:44"], "total_order": 1, "hotel_value": ["4.4"], "hotel_price": ["65"]}, "11449045": {"hotel_name": "\u6df1\u5733\u57ce\u5bb6\u516c\u5bd3\u534e\u5f3a\u5317\u5730\u94c1\u7ad9\u5e97", "order_time": ["2019-01-21 12:48:44"], "total_order": 1, "hotel_value": ["4.5"], "hotel_price": ["258"]}, "10238071": {"hotel_name": "\u6df1\u5733\u4e50\u8212\u9152\u5e97", "order_time": ["2019-01-21 12:48:45"], "total_order": 1, "hotel_value": ["4.7"], "hotel_price": ["188"]}, "436535": {"hotel_name": "\u7c73\u5170\u65f6\u5c1a\u9152\u5e97(\u6df1\u5733\u9f99\u534e\u5e97)", "order_time": ["2019-01-21 12:48:45"], "total_order": 1, "hotel_value": ["4.2"], "hotel_price": ["223"]}, "8975474": {"hotel_name": "\u6df1\u5733\u96c5\u56ed\u576a\u5c71\u9152\u5e97", "order_time": ["2019-01-21 12:48:45"], "total_order": 1, "hotel_value": ["4.3"], "hotel_price": ["269"]}, "6284281": {"hotel_name": "\u6df1\u5733\u8377\u5858\u6708\u8272\u4e3b\u9898\u9152\u5e97", "order_time": ["2019-01-21 12:48:46"], "total_order": 1, "hotel_value": ["4.2"], "hotel_price": ["119"]}, "1381182": {"hotel_name": "\u6df1\u5733\u5343\u767e\u5ea6\u7279\u8272\u9152\u5e97", "order_time": ["2019-01-21 12:48:46"], "total_order": 1, "hotel_value": ["4.0"], "hotel_price": ["168"]}, "1016801": {"hotel_name": "\u6df1\u5733\u7af9\u56ed\u8f69\u5546\u52a1\u5bbe\u9986", "order_time": ["2019-01-21 12:48:46"], "total_order": 1, "hotel_value": ["3.1"], "hotel_price": ["118"]}, "4340008": {"hotel_name": "7\u5929\u8fde\u9501\u9152\u5e97(\u6df1\u5733\u77f3\u5ca9\u5929\u5b9d\u8def\u5e97)(\u539f\u77f3\u5ca9\u5e97)", "order_time": ["2019-01-21 12:48:47"], "total_order": 1, "hotel_value": ["4.4"], "hotel_price": ["177"]}, "27114992": {"hotel_name": "\u57ce\u5bb6\u516c\u5bd3(\u6df1\u5733\u5357\u5c71\u79d1\u6280\u56ed\u5e97)", "order_time": ["2019-01-21 12:50:45"], "total_order": 1, "hotel_value": ["4.8"], "hotel_price": ["291"]}, "452674": {"hotel_name": "\u6df1\u5733\u5546\u65c5\u65f6\u5c1a\u9152\u5e97", "order_time": ["2019-01-21 12:50:45"], "total_order": 1, "hotel_value": ["3.9"], "hotel_price": ["289"]}, "985105": {"hotel_name": "\u683c\u6797\u8054\u76df\u9152\u5e97(\u6df1\u5733\u798f\u7530\u6885\u6797\u5e97)", "order_time": ["2019-01-21 12:50:45"], "total_order": 1, "hotel_value": ["4.3"], "hotel_price": ["312"]}, "25691731": {"hotel_name": "\u6df1\u5733\u6052\u8f89\u9152\u5e97", "order_time": ["2019-01-21 12:56:45", "2019-01-21 12:50:45"], "total_order": 2, "hotel_value": ["4.7", "4.7"], "hotel_price": ["163", "163"]}, "6120363": {"hotel_name": "\u6df1\u5733\u7406\u60f3\u4e4b\u5bb6\u516c\u5bd3(\u539f\u7406\u76f8\u4e4b\u5bb6\u516c\u5bd3)", "order_time": ["2019-01-21 12:50:46"], "total_order": 1, "hotel_value": ["4.1"], "hotel_price": ["326"]}, "444702": {"hotel_name": "\u9526\u6c5f\u4e4b\u661f\u98ce\u5c1a(\u6df1\u5733\u79d1\u5b66\u9986\u5e97)", "order_time": ["2019-01-21 12:50:46"], "total_order": 1, "hotel_value": ["4.2"], "hotel_price": ["149"]}, "11411654": {"hotel_name": "\u6df1\u5733\u798f\u745e\u8bd7\u9152\u5e97\u516c\u5bd3(\u632f\u5174\u9152\u5e97\u516c\u5bd3)", "order_time": ["2019-01-21 12:50:46"], "total_order": 1, "hotel_value": ["4.1"], "hotel_price": ["124"]}, "1433888": {"hotel_name": "\u6df1\u5733\u5b9c\u5bb6\u5ba2\u6808", "order_time": ["2019-01-21 12:50:46"], "total_order": 1, "hotel_value": ["4.2"], "hotel_price": ["142"]}, "993605": {"hotel_name": "\u5982\u5bb6\u5feb\u6377\u9152\u5e97(\u6df1\u5733\u53cc\u9f99\u5730\u94c1\u7ad9\u5e97)", "order_time": ["2019-01-21 12:50:46"], "total_order": 1, "hotel_value": ["4.7"], "hotel_price": ["123"]}, "8565757": {"hotel_name": "\u6df1\u5733168\u9752\u5e74\u65c5\u793e", "order_time": ["2019-01-21 12:50:48"], "total_order": 1, "hotel_value": ["4.9"], "hotel_price": ["45"]}, "1537287": {"hotel_name": "\u6df1\u5733\u666f\u987a\u5546\u52a1\u9152\u5e97", "order_time": ["2019-01-21 12:50:48"], "total_order": 1, "hotel_value": ["4.4"], "hotel_price": ["106"]}, "6341987": {"hotel_name": "\u6df1\u5733\u9047\u89c1\u9752\u5e74\u65c5\u820d", "order_time": ["2019-01-21 12:50:51"], "total_order": 1, "hotel_value": ["4.6"], "hotel_price": ["58"]}, "4984110": {"hotel_name": "\u84dd\u822a\u7cbe\u54c1\u9152\u5e97(\u6df1\u5733\u65b0\u673a\u573a\u822a\u7ad9\u697c\u5e97)", "order_time": ["2019-01-21 12:52:43"], "total_order": 1, "hotel_value": ["4.4"], "hotel_price": ["188"]}, "347272": {"hotel_name": "\u6df1\u5733\u76ca\u7530\u5a01\u65af\u6c40\u9152\u5e97", "order_time": ["2019-01-21 12:52:44"], "total_order": 1, "hotel_value": ["4.6"], "hotel_price": ["1502"]}, "1740533": {"hotel_name": "\u6df1\u5733\u5929\u5730\u4eba\u548c\u9152\u5e97", "order_time": ["2019-01-21 12:52:44"], "total_order": 1, "hotel_value": ["4.5"], "hotel_price": ["166"]}, "23971572": {"hotel_name": "\u7ef4\u4e5f\u7eb3\u56fd\u9645\u9152\u5e97(\u6df1\u5733\u89c2\u6f9c\u9f99\u6f9c\u5927\u9053\u831c\u5751\u5e97)", "order_time": ["2019-01-21 12:52:44"], "total_order": 1, "hotel_value": ["4.8"], "hotel_price": ["200"]}, "5304317": {"hotel_name": "\u9e4f\u57ce\u9152\u5e97\u516c\u5bd3(\u6df1\u5733\u79d1\u6280\u56ed\u5e97)", "order_time": ["2019-01-21 12:52:44"], "total_order": 1, "hotel_value": ["4.4"], "hotel_price": ["238"]}, "453016": {"hotel_name": "\u7ef4\u4e5f\u7eb3\u56fd\u9645\u9152\u5e97(\u6df1\u5733\u4e07\u4f17\u57ce\u5e97)", "order_time": ["2019-01-21 12:52:44"], "total_order": 1, "hotel_value": ["4.8"], "hotel_price": ["316"]}, "512596": {"hotel_name": "\u6df1\u5733\u661f\u96c5\u8f69\u9152\u5e97", "order_time": ["2019-01-21 12:52:44"], "total_order": 1, "hotel_value": ["4.5"], "hotel_price": ["298"]}, "5982713": {"hotel_name": "\u6df1\u5733\u4e94\u661f\u9152\u5e97\u5f0f\u516c\u5bd3\u5317\u7ad9\u5e97", "order_time": ["2019-01-21 12:52:45"], "total_order": 1, "hotel_value": ["3.5"], "hotel_price": ["89"]}, "1596249": {"hotel_name": "\u6df1\u5733\u6df1\u5927\u5feb\u6377\u9152\u5e97", "order_time": ["2019-01-21 12:52:45"], "total_order": 1, "hotel_value": ["4.2"], "hotel_price": ["128"]}, "467969": {"hotel_name": "\u6df1\u5733\u6cca\u83b1\u9152\u5e97(\u5742\u7530\u534e\u4e3a\u5e97)", "order_time": ["2019-01-21 12:52:46"], "total_order": 1, "hotel_value": ["4.2"], "hotel_price": ["287"]}, "1851154": {"hotel_name": "\u6df1\u5733\u5b9d\u548c\u65f6\u5c1a\u5bbe\u9986", "order_time": ["2019-01-21 12:52:46"], "total_order": 1, "hotel_value": ["3.4"], "hotel_price": ["91"]}, "1065496": {"hotel_name": "\u9014\u5ba2\u4e2d\u56fd\u9152\u5e97\uff08\u6df1\u5733\u5317\u7ad9\u9f99\u534e\u5730\u94c1\u7ad9\u5e97\uff09\uff08\u539f\u6df1\u5733\u540c\u6cf0\u9152\u5e97\uff09", "order_time": ["2019-01-21 12:52:47"], "total_order": 1, "hotel_value": ["4.6"], "hotel_price": ["264"]}, "6284220": {"hotel_name": "\u67cf\u69ff\u9152\u5e97(\u6df1\u5733\u4e1c\u95e8\u6e56\u8d1d\u5730\u94c1\u7ad9\u5e97)", "order_time": ["2019-01-21 12:54:44"], "total_order": 1, "hotel_value": ["4.8"], "hotel_price": ["289"]}, "12135159": {"hotel_name": "\u6df1\u5733\u7687\u5eadV\u56fd\u9645\u516c\u5bd3(\u539f\u7687\u5ead\u793c\u5c1a\u516c\u5bd3)", "order_time": ["2019-01-21 12:54:44"], "total_order": 1, "hotel_value": ["4.7"], "hotel_price": ["1138"]}, "468088": {"hotel_name": "\u6df1\u5733\u91d1\u92ae\u5bcc\u4f17\u9152\u5e97", "order_time": ["2019-01-21 12:54:44"], "total_order": 1, "hotel_value": ["4.4"], "hotel_price": ["438"]}, "1573584": {"hotel_name": "\u6df1\u5733\u65b0\u6885\u56ed\u56db\u5b63\u9152\u5e97", "order_time": ["2019-01-21 12:54:44"], "total_order": 1, "hotel_value": ["4.0"], "hotel_price": ["238"]}, "8904626": {"hotel_name": "\u6df1\u5733\u4e3b\u9898\u516c\u5bd3", "order_time": ["2019-01-21 12:54:45"], "total_order": 1, "hotel_value": ["4.2"], "hotel_price": ["179"]}, "468855": {"hotel_name": "\u6df1\u5733\u67ab\u53f6\u6842\u82b1\u82d1\u5546\u52a1\u516c\u5bd3", "order_time": ["2019-01-21 12:54:45"], "total_order": 1, "hotel_value": ["4.0"], "hotel_price": ["243"]}, "1303688": {"hotel_name": "\u6df1\u5733\u5723\u767b\u541b\u60a6\u9152\u5e97", "order_time": ["2019-01-21 12:54:45"], "total_order": 1, "hotel_value": ["4.4"], "hotel_price": ["138"]}, "8445913": {"hotel_name": "\u6df1\u5733\u51ef\u8fea\u9152\u5e97", "order_time": ["2019-01-21 12:54:45"], "total_order": 1, "hotel_value": ["4.3"], "hotel_price": ["169"]}, "4693258": {"hotel_name": "\u4e39\u67ab\u9152\u5e97(\u6df1\u5733\u5927\u6d6a\u5546\u4e1a\u4e2d\u5fc3\u5e97)", "order_time": ["2019-01-21 12:54:45"], "total_order": 1, "hotel_value": ["4.5"], "hotel_price": ["174"]}, "6610947": {"hotel_name": "\u6df1\u5733\u73ba\u60a6\u9152\u5e97", "order_time": ["2019-01-21 12:54:45"], "total_order": 1, "hotel_value": ["4.4"], "hotel_price": ["98"]}, "635249": {"hotel_name": "\u6df1\u5733\u94f6\u6cc9\u9152\u5e97", "order_time": ["2019-01-21 12:54:45"], "total_order": 1, "hotel_value": ["3.6"], "hotel_price": ["148"]}, "1544058": {"hotel_name": "\u6df1\u5733\u7ef4\u7eb3\u9152\u5e97", "order_time": ["2019-01-21 12:54:46"], "total_order": 1, "hotel_value": ["3.7"], "hotel_price": ["166"]}, "534924": {"hotel_name": "\u7ef4\u4e5f\u7eb3\u9152\u5e97(\u6df1\u5733\u7231\u56fd\u8def\u5e97)", "order_time": ["2019-01-21 12:56:44"], "total_order": 1, "hotel_value": ["4.8"], "hotel_price": ["286"]}, "2137268": {"hotel_name": "\u6df1\u5733\u94ed\u4e50\u5546\u52a1\u9152\u5e97", "order_time": ["2019-01-21 12:56:44"], "total_order": 1, "hotel_value": ["4.2"], "hotel_price": ["207"]}, "432848": {"hotel_name": "\u6df1\u5733\u4e0a\u6d77\u5bbe\u9986", "order_time": ["2019-01-21 12:56:45"], "total_order": 1, "hotel_value": ["4.6"], "hotel_price": ["658"]}, "1595971": {"hotel_name": "7\u5929\u8fde\u9501\u9152\u5e97(\u6df1\u5733\u6c34\u8d1d\u5730\u94c1\u7ad9\u5e97)(\u539f\u6ce5\u5c97\u4e1c\u5e97)", "order_time": ["2019-01-21 12:56:46"], "total_order": 1, "hotel_value": ["4.3"], "hotel_price": ["156"]}, "752250": {"hotel_name": "\u5982\u5bb6\u5feb\u6377\u9152\u5e97(\u6df1\u5733\u5357\u5c71\u5730\u94c1\u7ad9\u5357\u5c71\u5e02\u573a\u5e97)(\u539f\u5357\u5c71\u5357\u65b0\u8def\u5357\u5c71\u5e02\u573a\u5e97)", "order_time": ["2019-01-21 12:56:46"], "total_order": 1, "hotel_value": ["4.3"], "hotel_price": ["222"]}, "806591": {"hotel_name": "\u6df1\u5733\u94f6\u5229\u5546\u52a1\u9152\u5e97", "order_time": ["2019-01-21 12:56:47"], "total_order": 1, "hotel_value": ["4.2"], "hotel_price": ["228"]}}}