{"\u5f00\u59cb\u8bb0\u5f55\u65f6\u95f4": "2019-01-05 06:53:09", "\u7ed3\u675f\u8bb0\u5f55\u65f6\u95f4": "2019-01-05 07:53:09", "\u8ba2\u5355\u603b\u589e\u91cf": 195, "item": {"7050303": {"hotel_name": "\u9038\u7c73\u9152\u5e97(\u6df1\u5733\u534e\u5357\u57ce\u4e0a\u6728\u53e4\u5e97)", "order_time": ["2019-01-05 06:55:17"], "total_order": 1, "hotel_value": ["4.7"], "hotel_price": ["110"]}, "931675": {"hotel_name": "\u7ef4\u4e5f\u7eb3\u56fd\u9645\u9152\u5e97(\u6df1\u5733\u5317\u7ad9\u5e97)", "order_time": ["2019-01-05 07:51:20", "2019-01-05 06:55:17"], "total_order": 2, "hotel_value": ["4.6", "4.6"], "hotel_price": ["548", "548"]}, "26844088": {"hotel_name": "\u94c2\u65af\u767b\u00b7\u884c\u653f\u516c\u5bd3(\u6df1\u5733\u86c7\u53e3\u6c34\u6e7e1979\u5e97)", "order_time": ["2019-01-05 06:57:17"], "total_order": 1, "hotel_value": [0], "hotel_price": ["298"]}, "374848": {"hotel_name": "\u6df1\u5733\u541b\u60a6\u9152\u5e97", "order_time": ["2019-01-05 07:37:19", "2019-01-05 06:57:17"], "total_order": 2, "hotel_value": ["4.8", "4.8"], "hotel_price": ["1119", "1119"]}, "456133": {"hotel_name": "\u6df1\u5733\u7ef4\u666f\u9152\u5e97", "order_time": ["2019-01-05 06:57:17"], "total_order": 1, "hotel_value": ["4.5"], "hotel_price": ["486"]}, "2226922": {"hotel_name": "\u6df1\u5733\u661f\u7a7a\u592a\u7a7a\u8231\u9152\u5e97", "order_time": ["2019-01-05 06:57:17", "2019-01-05 07:49:20"], "total_order": 2, "hotel_value": ["4.4", "4.4"], "hotel_price": ["62", "62"]}, "1598738": {"hotel_name": "\u5feb8\u8fde\u9501\u9152\u5e97(\u6df1\u5733\u6843\u6e90\u5c45\u5e97)", "order_time": ["2019-01-05 06:57:19"], "total_order": 1, "hotel_value": ["3.9"], "hotel_price": ["98"]}, "5316644": {"hotel_name": "\u6df1\u5733\u7396\u6c60\u9152\u5e97", "order_time": ["2019-01-05 07:07:30", "2019-01-05 07:49:22", "2019-01-05 06:57:20"], "total_order": 3, "hotel_value": ["4.4", "4.4", "4.4"], "hotel_price": ["105", "105", "123"]}, "512745": {"hotel_name": "\u6df1\u5733\u65b0\u8c6a\u65b9\u9152\u5e97", "order_time": ["2019-01-05 06:59:16"], "total_order": 1, "hotel_value": ["4.4"], "hotel_price": ["296"]}, "1302150": {"hotel_name": "\u5bcc\u82d1\u8fde\u9501\u9152\u5e97\uff08\u6df1\u5733\u91d1\u5bcc\u82d1\u5e97\uff09", "order_time": ["2019-01-05 07:07:28", "2019-01-05 06:59:17"], "total_order": 2, "hotel_value": ["4.6", "4.6"], "hotel_price": ["129", "129"]}, "4831023": {"hotel_name": "\u6df1\u5733\u5feb8\u8fde\u9501\u9152\u5e97(\u5b9d\u5b89\u6c7d\u8f66\u7ad9\u5e97)", "order_time": ["2019-01-05 06:59:18"], "total_order": 1, "hotel_value": ["4.0"], "hotel_price": ["133"]}, "2845884": {"hotel_name": "\u5c1a\u5ba2\u4f18\u5feb\u6377\u9152\u5e97(\u6df1\u5733\u65b0\u673a\u573a\u822a\u7ad9\u697c\u5e97)", "order_time": ["2019-01-05 07:51:19", "2019-01-05 07:01:18"], "total_order": 2, "hotel_value": ["4.3", "4.3"], "hotel_price": ["142", "142"]}, "467714": {"hotel_name": "\u6df1\u5733\u9e3f\u9686\u516c\u5bd3", "order_time": ["2019-01-05 07:01:18", "2019-01-05 07:03:18"], "total_order": 2, "hotel_value": ["4.5", "4.5"], "hotel_price": ["558", "558"]}, "1597272": {"hotel_name": "\u85b0\u8863\u8349\u9152\u5e97(\u6df1\u5733\u534e\u5357\u57ce\u5e97)", "order_time": ["2019-01-05 07:01:19"], "total_order": 1, "hotel_value": ["4.2"], "hotel_price": ["121"]}, "1457223": {"hotel_name": "\u83ab\u6cf0168(\u6df1\u5733\u798f\u7530\u53e3\u5cb8\u4fdd\u7a0e\u533a\u6842\u82b1\u8def\u5e97)", "order_time": ["2019-01-05 07:01:19"], "total_order": 1, "hotel_value": ["4.3"], "hotel_price": ["224"]}, "1603131": {"hotel_name": "\u6df1\u5733\u6d77\u60a6\u5546\u52a1\u9152\u5e97", "order_time": ["2019-01-05 07:01:20"], "total_order": 1, "hotel_value": ["4.2"], "hotel_price": ["152"]}, "481515": {"hotel_name": "\u6df1\u5733\u6607\u9038\u9152\u5e97", "order_time": ["2019-01-05 07:03:18"], "total_order": 1, "hotel_value": ["4.4"], "hotel_price": ["396"]}, "1524901": {"hotel_name": "\u9886\u822a\u7cbe\u54c1\u9152\u5e97(\u6df1\u5733\u5b9d\u5b89\u56fd\u9645\u673a\u573aT3\u822a\u7ad9\u697c\u5e97)", "order_time": ["2019-01-05 07:03:18"], "total_order": 1, "hotel_value": ["4.3"], "hotel_price": ["176"]}, "4614812": {"hotel_name": "\u6df1\u5733\u54c1\u51a0\u827a\u672f\u9152\u5e97(\u6df1\u5733\u5e73\u6e56\u534e\u5357\u57ce\u5e97)(\u539f\u5e73\u6e56\u706b\u8f66\u7ad9\u5e7f\u573a\u5e97)", "order_time": ["2019-01-05 07:03:18"], "total_order": 1, "hotel_value": ["4.7"], "hotel_price": ["199"]}, "2239012": {"hotel_name": "\u6df1\u5733\u5b8f\u660c\u5546\u52a1\u9152\u5e97", "order_time": ["2019-01-05 07:03:18"], "total_order": 1, "hotel_value": ["4.3"], "hotel_price": ["188"]}, "772974": {"hotel_name": "\u6df1\u5733\u79a7\u7a0b\u9152\u5e97", "order_time": ["2019-01-05 07:03:19"], "total_order": 1, "hotel_value": ["4.2"], "hotel_price": ["303"]}, "1599527": {"hotel_name": "\u798f\u5e03\u65af\u5546\u52a1\u9152\u5e97(\u6df1\u5733\u6843\u56ed\u5e97)", "order_time": ["2019-01-05 07:03:19"], "total_order": 1, "hotel_value": ["4.3"], "hotel_price": ["185"]}, "1698859": {"hotel_name": "\u6df1\u5733\u51e4\u51f0\u661f\u82d1\u9152\u5e97", "order_time": ["2019-01-05 07:03:19"], "total_order": 1, "hotel_value": ["4.5"], "hotel_price": ["299"]}, "5376049": {"hotel_name": "\u6df1\u5733\u7687\u5ead\u5546\u52a1\u5bbe\u9986", "order_time": ["2019-01-05 07:03:19"], "total_order": 1, "hotel_value": ["3.5"], "hotel_price": ["121"]}, "1198311": {"hotel_name": "7\u5929\u8fde\u9501\u9152\u5e97(\u6df1\u5733\u673a\u573a\u65b0\u822a\u7ad9\u697c\u5e97)", "order_time": ["2019-01-05 07:03:19"], "total_order": 1, "hotel_value": ["4.1"], "hotel_price": ["136"]}, "709504": {"hotel_name": "\u6df1\u5733\u5c0f\u6885\u6c99\u5927\u9152\u5e97", "order_time": ["2019-01-05 07:03:19"], "total_order": 1, "hotel_value": ["4.2"], "hotel_price": ["246"]}, "1252676": {"hotel_name": "\u83b1\u5361\u6a59\u5b50\u9152\u5e97(\u6df1\u5733\u534e\u5f3a\u5317\u5e97)", "order_time": ["2019-01-05 07:03:19"], "total_order": 1, "hotel_value": ["3.8"], "hotel_price": ["214"]}, "8443687": {"hotel_name": "\u6df1\u5733\u6fb3\u65af\u7279\u7cbe\u9009\u9152\u5e97", "order_time": ["2019-01-05 07:03:19"], "total_order": 1, "hotel_value": ["4.6"], "hotel_price": ["178"]}, "1600214": {"hotel_name": "\u6df1\u5733\u5df4\u83f2\u9152\u5e97", "order_time": ["2019-01-05 07:03:19"], "total_order": 1, "hotel_value": ["4.6"], "hotel_price": ["117"]}, "19811797": {"hotel_name": "\u6df1\u5733\u56db\u5b63\u661f\u9152\u5e97", "order_time": ["2019-01-05 07:03:19"], "total_order": 1, "hotel_value": ["4.8"], "hotel_price": ["132"]}, "1535347": {"hotel_name": "\u6d77\u53cb\u9152\u5e97(\u6df1\u5733\u5357\u5c71\u521b\u4e1a\u8def\u5e97)", "order_time": ["2019-01-05 07:03:19"], "total_order": 1, "hotel_value": ["3.9"], "hotel_price": ["209"]}, "635247": {"hotel_name": "\u5357\u6d77\u4e4b\u661f\u9152\u5e97(\u6df1\u5733\u5b9d\u5b89\u5e97)", "order_time": ["2019-01-05 07:03:19"], "total_order": 1, "hotel_value": ["4.1"], "hotel_price": ["171"]}, "5830920": {"hotel_name": "\u5c1a\u5ba2\u4f18\u8fde\u9501\u9152\u5e97(\u6df1\u5733\u9f99\u534e\u6e05\u6e56\u5730\u94c1\u7ad9\u5e97)", "order_time": ["2019-01-05 07:31:18", "2019-01-05 07:03:19"], "total_order": 2, "hotel_value": ["4.2", "4.2"], "hotel_price": ["178", "178"]}, "5999875": {"hotel_name": "\u6df1\u5733\u5c0f\u4e94\u661f\u9152\u5e97", "order_time": ["2019-01-05 07:45:20", "2019-01-05 07:03:19"], "total_order": 2, "hotel_value": ["4.5", "4.5"], "hotel_price": ["170", "170"]}, "1598262": {"hotel_name": "\u6df1\u5733\u6850\u6797\u5ba2\u6808", "order_time": ["2019-01-05 07:03:19"], "total_order": 1, "hotel_value": ["3.7"], "hotel_price": ["143"]}, "6873049": {"hotel_name": "168\u8fde\u9501\u9152\u5e97(\u6df1\u5733\u677e\u67cf\u8def\u5e97)(\u539f\u9f99\u5c97\u5e97)", "order_time": ["2019-01-05 07:03:19"], "total_order": 1, "hotel_value": ["4.3"], "hotel_price": ["161"]}, "6506985": {"hotel_name": "\u6df1\u5733\u5de6\u521b\u661f\u7403\u9152\u5e97", "order_time": ["2019-01-05 07:03:19"], "total_order": 1, "hotel_value": ["4.3"], "hotel_price": ["170"]}, "1597716": {"hotel_name": "\u6df1\u5733\u6625\u53d1\u9152\u5e97", "order_time": ["2019-01-05 07:03:19"], "total_order": 1, "hotel_value": ["4.3"], "hotel_price": ["269"]}, "1573686": {"hotel_name": "\u80dc\u9ad8\u8fde\u9501\u9152\u5e97(\u6df1\u5733\u677e\u5c97\u5e97)", "order_time": ["2019-01-05 07:03:19"], "total_order": 1, "hotel_value": ["4.8"], "hotel_price": ["165"]}, "1595902": {"hotel_name": "7\u5929\u8fde\u9501\u9152\u5e97(\u6df1\u5733\u9f99\u5c97\u53cc\u9f99\u5730\u94c1\u7ad9\u5e97)", "order_time": ["2019-01-05 07:03:19"], "total_order": 1, "hotel_value": ["4.3"], "hotel_price": ["120"]}, "6805551": {"hotel_name": "\u6df1\u5733\u6854\u5b50\u7530\u56ed\u9152\u5e97", "order_time": ["2019-01-05 07:03:19"], "total_order": 1, "hotel_value": ["4.3"], "hotel_price": ["246"]}, "1596951": {"hotel_name": "\u6df1\u5733\u84ec\u5ba2\u5546\u52a1\u9152\u5e97", "order_time": ["2019-01-05 07:03:19"], "total_order": 1, "hotel_value": ["4.4"], "hotel_price": ["146"]}, "1544166": {"hotel_name": "\u6df1\u5733\u6052\u6e56\u5546\u52a1\u9152\u5e97", "order_time": ["2019-01-05 07:03:20"], "total_order": 1, "hotel_value": ["4.2"], "hotel_price": ["217"]}, "17535038": {"hotel_name": "\u6df1\u5733\u673a\u573a\u51ef\u60a6\u9152\u5e97", "order_time": ["2019-01-05 07:05:18", "2019-01-05 07:27:17"], "total_order": 2, "hotel_value": ["4.7", "4.7"], "hotel_price": ["846", "846"]}, "8565769": {"hotel_name": "\u6df1\u5733\u795e\u821f\u767e\u745e\u8fbe\u516c\u5bd3\u9152\u5e97", "order_time": ["2019-01-05 07:05:18"], "total_order": 1, "hotel_value": ["4.7"], "hotel_price": ["244"]}, "842711": {"hotel_name": "\u7ef4\u4e5f\u7eb3\u9152\u5e97(\u6df1\u5733\u5b9d\u5b89\u7ffb\u8eab\u5730\u94c1\u7ad9\u5e97)", "order_time": ["2019-01-05 07:05:18"], "total_order": 1, "hotel_value": ["4.8"], "hotel_price": ["348"]}, "1760638": {"hotel_name": "\u6df1\u5733\u8bfa\u5170\u7cbe\u54c1\u9152\u5e97", "order_time": ["2019-01-05 07:05:19"], "total_order": 1, "hotel_value": ["3.9"], "hotel_price": ["199"]}, "4826277": {"hotel_name": "\u6df1\u5733\u7ca4\u53d1\u5bbe\u9986", "order_time": ["2019-01-05 07:05:21"], "total_order": 1, "hotel_value": ["3.7"], "hotel_price": ["115"]}, "5860925": {"hotel_name": "\u6df1\u5733\u6ee8\u6cb3\u65f6\u4ee3\u4e9a\u6735S\u9152\u5e97", "order_time": ["2019-01-05 07:07:28"], "total_order": 1, "hotel_value": ["4.8"], "hotel_price": ["847"]}, "7588938": {"hotel_name": "\u58f9\u822a\u9152\u5e97(\u6df1\u5733\u673a\u573a\u5e97)", "order_time": ["2019-01-05 07:07:28"], "total_order": 1, "hotel_value": ["4.5"], "hotel_price": ["280"]}, "19924868": {"hotel_name": "\u9e97\u67ab\u9152\u5e97(\u6df1\u5733\u4e16\u754c\u4e4b\u7a97\u5e97)", "order_time": ["2019-01-05 07:07:28"], "total_order": 1, "hotel_value": ["4.7"], "hotel_price": ["490"]}, "432901": {"hotel_name": "\u5982\u5bb6\u5feb\u6377\u9152\u5e97(\u6df1\u5733\u5b9d\u5b89\u897f\u4e61\u5730\u94c1\u7ad9\u5e97)", "order_time": ["2019-01-05 07:07:28"], "total_order": 1, "hotel_value": ["4.3"], "hotel_price": ["165"]}, "1597417": {"hotel_name": "\u6df1\u5733\u745e\u6765\u5ba2\u6808", "order_time": ["2019-01-05 07:07:29", "2019-01-05 07:21:18"], "total_order": 2, "hotel_value": ["4.2", "4.2"], "hotel_price": ["123", "123"]}, "1285007": {"hotel_name": "\u6df1\u573399\u65c5\u9986\u8fde\u9501(\u677e\u5c97\u65b0\u7231\u5bb6\u5e97)", "order_time": ["2019-01-05 07:07:32"], "total_order": 1, "hotel_value": ["3.9"], "hotel_price": ["72"]}, "19630852": {"hotel_name": "\u6df1\u5733\u82e5\u73ba\u9152\u5e97", "order_time": ["2019-01-05 07:09:19"], "total_order": 1, "hotel_value": ["4.8"], "hotel_price": ["698"]}, "429212": {"hotel_name": "\u6df1\u5733\u6d77\u666f\u5609\u9014\u9152\u5e97(\u539f\u5965\u601d\u5ef7\u9152\u5e97)", "order_time": ["2019-01-05 07:09:19"], "total_order": 1, "hotel_value": ["4.5"], "hotel_price": ["496"]}, "6516731": {"hotel_name": "\u4e2d\u6fe0\u56fd\u9645\u9152\u5e97(\u6df1\u5733\u77f3\u5ca9\u5e97)", "order_time": ["2019-01-05 07:09:20"], "total_order": 1, "hotel_value": ["4.8"], "hotel_price": ["398"]}, "6805502": {"hotel_name": "\u597d\u4f18\u5ba2\u9152\u5e97(\u6df1\u5733\u576a\u5c71\u6bd4\u4e9a\u8fea\u5e97)", "order_time": ["2019-01-05 07:09:20"], "total_order": 1, "hotel_value": ["4.4"], "hotel_price": ["124"]}, "14154841": {"hotel_name": "\u6df1\u5733\u5357\u5c71CitiGO \u6b22\u9601\u9152\u5e97", "order_time": ["2019-01-05 07:11:18"], "total_order": 1, "hotel_value": ["4.4"], "hotel_price": ["427"]}, "425771": {"hotel_name": "\u6df1\u5733\u4e1c\u65b9\u94f6\u5ea7\u7f8e\u7235\u9152\u5e97", "order_time": ["2019-01-05 07:13:18"], "total_order": 1, "hotel_value": ["4.5"], "hotel_price": ["628"]}, "25588131": {"hotel_name": "\u6df1\u5733\u9526\u8fb0\u7cbe\u54c1\u516c\u5bd3", "order_time": ["2019-01-05 07:13:19"], "total_order": 1, "hotel_value": ["4.8"], "hotel_price": ["318"]}, "2645617": {"hotel_name": "\u6df1\u5733\u77f3\u69b4\u6c34\u6676\u9152\u5e97", "order_time": ["2019-01-05 07:13:19", "2019-01-05 07:47:22"], "total_order": 2, "hotel_value": ["4.3", "4.3"], "hotel_price": ["99", "99"]}, "474386": {"hotel_name": "\u7ef4\u4e5f\u7eb3\u9152\u5e97(\u6df1\u5733\u706b\u8f66\u7ad9\u5e97)", "order_time": ["2019-01-05 07:13:21"], "total_order": 1, "hotel_value": ["4.5"], "hotel_price": ["314"]}, "8565961": {"hotel_name": "\u767b\u5df4\u5ba2\u6808(\u6df1\u5733\u4f1a\u5c55\u4e2d\u5fc3\u5e97)", "order_time": ["2019-01-05 07:13:21"], "total_order": 1, "hotel_value": ["4.5"], "hotel_price": ["61"]}, "1933926": {"hotel_name": "\u6df1\u5733\u96c5\u56ed\u5f69\u7530\u9152\u5e97", "order_time": ["2019-01-05 07:13:21"], "total_order": 1, "hotel_value": ["4.2"], "hotel_price": ["309"]}, "5673690": {"hotel_name": "\u6df1\u5733\u5a01\u5c14\u58eb\u56fd\u9645\u516c\u5bd3", "order_time": ["2019-01-05 07:15:16"], "total_order": 1, "hotel_value": ["4.4"], "hotel_price": ["298"]}, "1438237": {"hotel_name": "\u6df1\u5733\u6e7e\u79d1\u6280\u56ed\u4e3d\u96c5\u67e5\u5c14\u987f\u9152\u5e97", "order_time": ["2019-01-05 07:15:16"], "total_order": 1, "hotel_value": ["4.6"], "hotel_price": ["668"]}, "1433302": {"hotel_name": "\u79a7\u7a0b\u9152\u5e97(\u6df1\u5733\u5357\u5c71\u540e\u6d77\u5e97)", "order_time": ["2019-01-05 07:15:17"], "total_order": 1, "hotel_value": ["4.4"], "hotel_price": ["298"]}, "5237506": {"hotel_name": "\u6df1\u5733\u576a\u6d32\u5546\u52a1\u9152\u5e97", "order_time": ["2019-01-05 07:15:18"], "total_order": 1, "hotel_value": ["4.4"], "hotel_price": ["191"]}, "6902855": {"hotel_name": "\u6df1\u5733\u90bb\u91cc\u4e00\u5bb6\u9752\u5e74\u65c5\u820d", "order_time": ["2019-01-05 07:15:19"], "total_order": 1, "hotel_value": ["3.6"], "hotel_price": ["169"]}, "2356457": {"hotel_name": "\u6df1\u5733\u559c\u6765\u4e50\u5bbe\u9986", "order_time": ["2019-01-05 07:15:19"], "total_order": 1, "hotel_value": ["4.3"], "hotel_price": ["80"]}, "481470": {"hotel_name": "\u6df1\u5733\u4e50\u5b89\u5c45\u56fd\u9645\u9152\u5e97", "order_time": ["2019-01-05 07:17:21"], "total_order": 1, "hotel_value": ["4.3"], "hotel_price": ["376"]}, "23417988": {"hotel_name": "\u6df1\u5733\u4e50\u675c\u9e43\u827a\u672f\u9152\u5e97", "order_time": ["2019-01-05 07:17:21"], "total_order": 1, "hotel_value": ["4.7"], "hotel_price": ["497"]}, "1349293": {"hotel_name": "\u7ef4\u4e5f\u7eb3\u9152\u5e97(\u6df1\u5733\u5357\u65b0\u8def\u5e97)", "order_time": ["2019-01-05 07:17:21"], "total_order": 1, "hotel_value": ["4.8"], "hotel_price": ["346"]}, "448324": {"hotel_name": "\u987a\u9038\u4e1c\u65b9\u9152\u5e97(\u6df1\u5733\u9f99\u534e\u5927\u6d6a\u5e97)", "order_time": ["2019-01-05 07:17:22"], "total_order": 1, "hotel_value": ["4.7"], "hotel_price": ["208"]}, "5248788": {"hotel_name": "\u6df1\u5733\u5174\u9e3f\u6e90\u5546\u52a1\u5bbe\u9986", "order_time": ["2019-01-05 07:17:23"], "total_order": 1, "hotel_value": ["4.2"], "hotel_price": ["107"]}, "1488973": {"hotel_name": "\u6df1\u5733\u661f\u6cb3\u4f4f\u5bbf", "order_time": ["2019-01-05 07:17:27"], "total_order": 1, "hotel_value": ["3.6"], "hotel_price": ["38"]}, "5354032": {"hotel_name": "\u7ef4\u4e5f\u7eb3\u56fd\u9645\u9152\u5e97(\u6df1\u5733\u8349\u57d4\u91d1\u7a3b\u7530\u5e97)", "order_time": ["2019-01-05 07:23:22", "2019-01-05 07:19:20", "2019-01-05 07:25:19"], "total_order": 3, "hotel_value": ["4.9", "4.9", "4.9"], "hotel_price": ["328", "328", "328"]}, "2247932": {"hotel_name": "\u6854\u5b50\u9152\u5e97\u00b7\u7cbe\u9009(\u6df1\u5733\u7f57\u6e56\u5e97)", "order_time": ["2019-01-05 07:19:20"], "total_order": 1, "hotel_value": ["4.6"], "hotel_price": ["436"]}, "1597092": {"hotel_name": "\u4e2d\u6fe0S\u9152\u5e97(\u6df1\u5733\u798f\u7530\u4f1a\u5c55\u4e2d\u5fc3\u5e97)", "order_time": ["2019-01-05 07:19:20", "2019-01-05 07:25:22"], "total_order": 2, "hotel_value": ["4.7", "4.7"], "hotel_price": ["739", "739"]}, "5249996": {"hotel_name": "\u6df1\u5733\u6b22\u4e50\u7cbe\u54c1\u9152\u5e97", "order_time": ["2019-01-05 07:19:20"], "total_order": 1, "hotel_value": ["3.7"], "hotel_price": ["153"]}, "434189": {"hotel_name": "\u6df1\u5733\u738b\u5b50\u5ba2\u6808", "order_time": ["2019-01-05 07:19:20"], "total_order": 1, "hotel_value": ["3.1"], "hotel_price": ["206"]}, "6063847": {"hotel_name": "\u8bda\u54c1\u9152\u5e97\u516c\u5bd3(\u6df1\u5733\u79d1\u6280\u56ed\u5e97)", "order_time": ["2019-01-05 07:19:21"], "total_order": 1, "hotel_value": ["4.4"], "hotel_price": ["254"]}, "5376388": {"hotel_name": "\u6df1\u5733\u6021\u666f\u9152\u5e97\u77f3\u9f99\u4ed4\u5e97", "order_time": ["2019-01-05 07:19:21"], "total_order": 1, "hotel_value": ["4.1"], "hotel_price": ["119"]}, "1314778": {"hotel_name": "\u5c1a\u5ba2\u4f18\u5feb\u6377\u9152\u5e97(\u6df1\u5733\u5b9d\u5b89\u798f\u6c38\u6c7d\u8f66\u7ad9\u5e97)", "order_time": ["2019-01-05 07:19:22"], "total_order": 1, "hotel_value": ["4.0"], "hotel_price": ["94"]}, "635264": {"hotel_name": "\u57ce\u5e02\u5ba2\u6808(\u6df1\u5733\u4e16\u754c\u4e4b\u7a97\u5e97)", "order_time": ["2019-01-05 07:19:25"], "total_order": 1, "hotel_value": ["4.3"], "hotel_price": ["325"]}, "1598308": {"hotel_name": "\u591a\u4f26\u591a\u9152\u5e97(\u6df1\u5733\u5e02\u6c11\u4e2d\u5fc3\u5e97)", "order_time": ["2019-01-05 07:21:17"], "total_order": 1, "hotel_value": ["4.2"], "hotel_price": ["275"]}, "371254": {"hotel_name": "\u6df1\u5733\u89c2\u6f9c\u683c\u5170\u4e91\u5929\u56fd\u9645\u9152\u5e97", "order_time": ["2019-01-05 07:21:17"], "total_order": 1, "hotel_value": ["4.7"], "hotel_price": ["500"]}, "426199": {"hotel_name": "\u6df1\u5733\u6df1\u822a\u56fd\u9645\u9152\u5e97", "order_time": ["2019-01-05 07:21:18"], "total_order": 1, "hotel_value": ["4.8"], "hotel_price": ["809"]}, "1505384": {"hotel_name": "\u60a6\u5de2\u516c\u5bd3(\u6df1\u5733\u5317\u7ad9\u5e97)", "order_time": ["2019-01-05 07:21:18"], "total_order": 1, "hotel_value": ["4.5"], "hotel_price": ["211"]}, "532249": {"hotel_name": "\u6df1\u5733\u9526\u822a\u9152\u5e97", "order_time": ["2019-01-05 07:21:18"], "total_order": 1, "hotel_value": ["4.5"], "hotel_price": ["376"]}, "535483": {"hotel_name": "\u7f8e\u8c6a\u4e3d\u81f4\u9152\u5e97(\u6df1\u5733\u798f\u7530\u4f1a\u5c55\u4e2d\u5fc3\u5e97)", "order_time": ["2019-01-05 07:23:22"], "total_order": 1, "hotel_value": ["4.6"], "hotel_price": ["640"]}, "419431": {"hotel_name": "\u6df1\u5733\u6e7e\u6728\u68c9\u82b1\u9152\u5e97", "order_time": ["2019-01-05 07:23:23"], "total_order": 1, "hotel_value": ["4.6"], "hotel_price": ["1688"]}, "807370": {"hotel_name": "\u91d1\u4fa8\u5bbe\u9986(\u6df1\u5733\u9f99\u534e\u5e97)", "order_time": ["2019-01-05 07:23:23"], "total_order": 1, "hotel_value": ["3.8"], "hotel_price": ["176"]}, "1840509": {"hotel_name": "\u96c5\u597d\u9152\u5e97(\u6df1\u5733\u677e\u5c97\u5730\u94c1\u7ad9\u5e97)(\u539f\u677e\u5c97\u6c99\u6c5f\u8def\u5e97)", "order_time": ["2019-01-05 07:23:23"], "total_order": 1, "hotel_value": ["4.6"], "hotel_price": ["126"]}, "1374091": {"hotel_name": "\u6df1\u5733\u695a\u7ea2\u6765\u5bbe\u9986", "order_time": ["2019-01-05 07:23:25"], "total_order": 1, "hotel_value": ["3.7"], "hotel_price": ["107"]}, "718231": {"hotel_name": "\u96c5\u67ab\u5bbe\u9986(\u6df1\u5733\u534e\u4fa8\u57ce\u5e97)", "order_time": ["2019-01-05 07:25:18"], "total_order": 1, "hotel_value": ["4.2"], "hotel_price": ["269"]}, "1600243": {"hotel_name": "7\u5929\u8fde\u9501\u9152\u5e97(\u6df1\u5733\u798f\u7530\u53e3\u5cb8\u5730\u94c1\u7ad9\u5e97)", "order_time": ["2019-01-05 07:25:18"], "total_order": 1, "hotel_value": ["4.6"], "hotel_price": ["293"]}, "513754": {"hotel_name": "\u6df1\u5733\u5b9d\u60a6\u9152\u5e97", "order_time": ["2019-01-05 07:25:19"], "total_order": 1, "hotel_value": ["4.5"], "hotel_price": ["346"]}, "919636": {"hotel_name": "\u5357\u56fd\u8fde\u9501\u9152\u5e97(\u6df1\u5733\u745e\u660c\u5e97)", "order_time": ["2019-01-05 07:25:19"], "total_order": 1, "hotel_value": ["3.7"], "hotel_price": ["159"]}, "1455321": {"hotel_name": "\u6df1\u5733\u4e5d\u9f99\u5bbe\u9986", "order_time": ["2019-01-05 07:25:21"], "total_order": 1, "hotel_value": ["4.3"], "hotel_price": ["89"]}, "1600093": {"hotel_name": "\u5982\u5bb6\u5feb\u6377\u9152\u5e97(\u6df1\u5733\u897f\u4e3d\u5730\u94c1\u7ad9\u5e97)", "order_time": ["2019-01-05 07:27:17"], "total_order": 1, "hotel_value": ["4.2"], "hotel_price": ["237"]}, "6052155": {"hotel_name": "\u9a8f\u6021\u8fde\u9501\u9152\u5e97(\u6df1\u5733\u5742\u7530\u5730\u94c1\u7ad9\u5e97)", "order_time": ["2019-01-05 07:27:17"], "total_order": 1, "hotel_value": ["4.4"], "hotel_price": ["159"]}, "371241": {"hotel_name": "\u6df1\u5733\u798f\u7530\u9999\u683c\u91cc\u62c9\u5927\u9152\u5e97", "order_time": ["2019-01-05 07:27:17"], "total_order": 1, "hotel_value": ["4.7"], "hotel_price": ["1399"]}, "425478": {"hotel_name": "\u6df1\u5733\u65b0\u90fd\u9152\u5e97", "order_time": ["2019-01-05 07:27:18"], "total_order": 1, "hotel_value": ["4.7"], "hotel_price": ["389"]}, "703351": {"hotel_name": "\u6df1\u5733\u5bcc\u745e\u65af\u56fd\u9645\u516c\u5bd3", "order_time": ["2019-01-05 07:29:17"], "total_order": 1, "hotel_value": ["4.5"], "hotel_price": ["878"]}, "5148244": {"hotel_name": "\u6df1\u5733\u6db5\u9986\u516c\u5bd3", "order_time": ["2019-01-05 07:29:19"], "total_order": 1, "hotel_value": ["4.3"], "hotel_price": ["154"]}, "5383373": {"hotel_name": "\u6df1\u5733\u4e2d\u6cf0\u5bbe\u9986", "order_time": ["2019-01-05 07:29:19"], "total_order": 1, "hotel_value": ["3.8"], "hotel_price": ["153"]}, "1760957": {"hotel_name": "\u6df1\u5733\u535a\u6717\u5927\u9152\u5e97", "order_time": ["2019-01-05 07:29:19"], "total_order": 1, "hotel_value": ["4.5"], "hotel_price": ["153"]}, "8600853": {"hotel_name": "\u7ef4\u4e5f\u7eb3\u56fd\u9645\u9152\u5e97(\u6df1\u5733\u9f99\u5c97\u5927\u8fd0\u4e2d\u5fc3\u5e97)", "order_time": ["2019-01-05 07:29:25"], "total_order": 1, "hotel_value": ["4.8"], "hotel_price": ["350"]}, "346485": {"hotel_name": "\u6df1\u5733\u5b9d\u8f69\u9152\u5e97", "order_time": ["2019-01-05 07:31:16"], "total_order": 1, "hotel_value": ["4.4"], "hotel_price": ["363"]}, "371250": {"hotel_name": "\u6df1\u5733\u51ef\u5bbe\u65af\u57fa\u9152\u5e97", "order_time": ["2019-01-05 07:31:17"], "total_order": 1, "hotel_value": ["4.6"], "hotel_price": ["1220"]}, "1478368": {"hotel_name": "\u6df1\u5733\u6d77\u60a6\u4e3d\u666f\u9152\u5e97", "order_time": ["2019-01-05 07:31:19"], "total_order": 1, "hotel_value": ["4.3"], "hotel_price": ["243"]}, "4834958": {"hotel_name": "\u6df1\u5733\u7fe0\u6d77\u5546\u52a1\u5bbe\u9986", "order_time": ["2019-01-05 07:33:18"], "total_order": 1, "hotel_value": ["4.1"], "hotel_price": ["151"]}, "16083377": {"hotel_name": "\u6df1\u5733TIMES\u4e39\u67ab\u767d\u9732\u516c\u5bd3", "order_time": ["2019-01-05 07:33:19"], "total_order": 1, "hotel_value": ["4.7"], "hotel_price": ["469"]}, "374627": {"hotel_name": "\u6df1\u5733\u5bcc\u4e34\u5927\u9152\u5e97", "order_time": ["2019-01-05 07:33:19", "2019-01-05 07:45:19"], "total_order": 2, "hotel_value": ["4.5", "4.5"], "hotel_price": ["428", "428"]}, "385210": {"hotel_name": "\u6df1\u5733\u7687\u5eadV\u9152\u5e97", "order_time": ["2019-01-05 07:33:19"], "total_order": 1, "hotel_value": ["4.7"], "hotel_price": ["786"]}, "2083495": {"hotel_name": "\u6df1\u5733\u661f\u9645\u9152\u5e97(\u539f\u96c5\u5c45\u5546\u52a1\u9152\u5e97)", "order_time": ["2019-01-05 07:33:19"], "total_order": 1, "hotel_value": ["3.4"], "hotel_price": ["163"]}, "468923": {"hotel_name": "\u6c49\u5ead\u9152\u5e97(\u6df1\u5733\u534e\u5f3a\u5317\u5730\u94c1\u7ad9\u5e97)", "order_time": ["2019-01-05 07:33:19"], "total_order": 1, "hotel_value": ["4.5"], "hotel_price": ["280"]}, "1318162": {"hotel_name": "\u683c\u6797\u8c6a\u6cf0\u5feb\u6377\u9152\u5e97(\u6df1\u5733\u5751\u6893\u5e97)", "order_time": ["2019-01-05 07:33:22"], "total_order": 1, "hotel_value": ["4.6"], "hotel_price": ["186"]}, "2601811": {"hotel_name": "\u6df1\u5733\u897f\u6e56\u9152\u5e97", "order_time": ["2019-01-05 07:35:20"], "total_order": 1, "hotel_value": ["4.2"], "hotel_price": ["207"]}, "5248234": {"hotel_name": "\u6df1\u5733\u8d64\u58c1\u7cbe\u54c1\u9152\u5e97\u666f\u7530\u5730\u94c1\u7ad9\u5e97", "order_time": ["2019-01-05 07:35:20"], "total_order": 1, "hotel_value": ["3.9"], "hotel_price": ["179"]}, "535988": {"hotel_name": "\u7ef4\u4e5f\u7eb3\u9152\u5e97(\u6df1\u5733\u6c11\u6cbb\u5e97)", "order_time": ["2019-01-05 07:35:21"], "total_order": 1, "hotel_value": ["4.8"], "hotel_price": ["368"]}, "5400557": {"hotel_name": "\u6211\u5bb6\u9152\u5e97(\u6df1\u5733\u5742\u7530\u96ea\u8c61\u5e97\uff09", "order_time": ["2019-01-05 07:35:21"], "total_order": 1, "hotel_value": ["4.2"], "hotel_price": ["125"]}, "661081": {"hotel_name": "\u6df1\u5733\u86c7\u53e3\u5e0c\u5c14\u987f\u5357\u6d77\u9152\u5e97", "order_time": ["2019-01-05 07:35:21"], "total_order": 1, "hotel_value": ["4.7"], "hotel_price": ["1433"]}, "1462278": {"hotel_name": "\u6c49\u5ead\u9152\u5e97(\u6df1\u5733\u534e\u5f3a\u5317\u71d5\u5357\u5730\u94c1\u7ad9\u5e97)", "order_time": ["2019-01-05 07:35:22"], "total_order": 1, "hotel_value": ["4.8"], "hotel_price": ["241"]}, "993041": {"hotel_name": "\u6df1\u5733\u91d1\u8302\u56ed\u5927\u9152\u5e97", "order_time": ["2019-01-05 07:37:19"], "total_order": 1, "hotel_value": ["4.7"], "hotel_price": ["354"]}, "6490490": {"hotel_name": "\u6a59\u679c\u9152\u5e97(\u6df1\u5733\u4e1c\u95e8\u5e97)", "order_time": ["2019-01-05 07:37:19"], "total_order": 1, "hotel_value": ["4.6"], "hotel_price": ["309"]}, "1599102": {"hotel_name": "\u6df1\u5733\u89c2\u6f9c\u5b9d\u8363\u5546\u52a1\u9152\u5e97", "order_time": ["2019-01-05 07:37:19"], "total_order": 1, "hotel_value": ["4.6"], "hotel_price": ["182"]}, "430649": {"hotel_name": "\u6df1\u5733\u7f57\u6e56\u5927\u9152\u5e97", "order_time": ["2019-01-05 07:37:19"], "total_order": 1, "hotel_value": ["4.1"], "hotel_price": ["346"]}, "2698230": {"hotel_name": "\u6df1\u5733\u8001\u5468\u5bb6", "order_time": ["2019-01-05 07:37:20"], "total_order": 1, "hotel_value": ["4.7"], "hotel_price": ["214"]}, "482903": {"hotel_name": "\u6df1\u5733\u9e3f\u4e30\u56fd\u9645\u5927\u9152\u5e97(\u5357\u5c71)", "order_time": ["2019-01-05 07:37:20"], "total_order": 1, "hotel_value": ["4.5"], "hotel_price": ["547"]}, "534924": {"hotel_name": "\u7ef4\u4e5f\u7eb3\u9152\u5e97(\u6df1\u5733\u7231\u56fd\u8def\u5e97)", "order_time": ["2019-01-05 07:37:20"], "total_order": 1, "hotel_value": ["4.8"], "hotel_price": ["388"]}, "2919264": {"hotel_name": "\u8212\u6377\u5047\u65e5\u9152\u5e97(\u6df1\u5733\u9f99\u5c97\u5e97)", "order_time": ["2019-01-05 07:37:21"], "total_order": 1, "hotel_value": ["4.4"], "hotel_price": ["182"]}, "1015689": {"hotel_name": "\u6df1\u5733\u65b0\u6cf0\u5bbe\u9986", "order_time": ["2019-01-05 07:37:21"], "total_order": 1, "hotel_value": ["4.1"], "hotel_price": ["130"]}, "1530797": {"hotel_name": "\u6df1\u5733\u7389\u660c\u5546\u52a1\u9152\u5e97", "order_time": ["2019-01-05 07:37:21"], "total_order": 1, "hotel_value": ["4.1"], "hotel_price": ["146"]}, "772939": {"hotel_name": "\u6df1\u5733\u683c\u60a6\u57ce\u5e02\u9152\u5e97", "order_time": ["2019-01-05 07:37:21"], "total_order": 1, "hotel_value": ["3.8"], "hotel_price": ["178"]}, "15251482": {"hotel_name": "\u6df1\u5733\u5b89\u8482\u5a05\u7f8e\u5170\u9152\u5e97", "order_time": ["2019-01-05 07:39:18"], "total_order": 1, "hotel_value": ["4.7"], "hotel_price": ["723"]}, "1425633": {"hotel_name": "\u543e\u9047\u7cbe\u54c1\u8fde\u9501\u9152\u5e97(\u6df1\u5733\u9f99\u534e\u5730\u94c1\u7ad9\u5e97)", "order_time": ["2019-01-05 07:39:18"], "total_order": 1, "hotel_value": ["4.5"], "hotel_price": ["199"]}, "485036": {"hotel_name": "\u6df1\u5733\u56db\u5b63\u9152\u5e97", "order_time": ["2019-01-05 07:39:18"], "total_order": 1, "hotel_value": ["4.7"], "hotel_price": ["1399"]}, "1597309": {"hotel_name": "\u6df1\u5733\u91d1\u98ce\u683c\u5546\u52a1\u5bbe\u9986", "order_time": ["2019-01-05 07:39:19"], "total_order": 1, "hotel_value": ["4.3"], "hotel_price": ["161"]}, "1740680": {"hotel_name": "\u6df1\u5733\u8054\u57ce\u9152\u5e97", "order_time": ["2019-01-05 07:39:20"], "total_order": 1, "hotel_value": ["4.2"], "hotel_price": ["348"]}, "19730626": {"hotel_name": "\u6df1\u5733\u946b\u53d1\u4e3b\u9898\u9152\u5e97", "order_time": ["2019-01-05 07:39:21"], "total_order": 1, "hotel_value": ["4.5"], "hotel_price": ["68"]}, "1053747": {"hotel_name": "\u660e\u5929\u897f\u90e8\u9152\u5e97(\u6df1\u5733\u673a\u573a\u5e97)", "order_time": ["2019-01-05 07:41:19"], "total_order": 1, "hotel_value": ["4.6"], "hotel_price": ["286"]}, "448940": {"hotel_name": "\u6df1\u5733\u6e7e\u79d1\u6280\u56ed\u4e2d\u5357\u6d77\u6ee8\u5927\u9152\u5e97", "order_time": ["2019-01-05 07:41:19"], "total_order": 1, "hotel_value": ["4.0"], "hotel_price": ["368"]}, "8960860": {"hotel_name": "\u6df1\u5733\u79d1\u521b\u9152\u5e97", "order_time": ["2019-01-05 07:41:19"], "total_order": 1, "hotel_value": ["4.5"], "hotel_price": ["413"]}, "467428": {"hotel_name": "\u6df1\u5733\u745e\u9a70\u9152\u5e97", "order_time": ["2019-01-05 07:41:20"], "total_order": 1, "hotel_value": ["4.0"], "hotel_price": ["398"]}, "6420136": {"hotel_name": "\u6df1\u5733\u6df1\u6ce2\u5546\u52a1\u5bbe\u9986(\u539f\u798f\u9999\u5546\u52a1\u5bbe\u9986)", "order_time": ["2019-01-05 07:41:22"], "total_order": 1, "hotel_value": ["4.2"], "hotel_price": ["132"]}, "1547216": {"hotel_name": "\u6df1\u5733\u51ef\u4e50\u9152\u5e97", "order_time": ["2019-01-05 07:41:23"], "total_order": 1, "hotel_value": ["3.9"], "hotel_price": ["93"]}, "5971092": {"hotel_name": "\u6df1\u5733\u9752\u83b2\u516c\u5bd3", "order_time": ["2019-01-05 07:41:24"], "total_order": 1, "hotel_value": ["4.2"], "hotel_price": ["117"]}, "1001157": {"hotel_name": "\u5c1a\u5ba2\u4f18\u5feb\u6377\u9152\u5e97(\u6df1\u5733\u86c7\u53e3\u6d77\u4e0a\u4e16\u754c\u5e97)", "order_time": ["2019-01-05 07:43:17"], "total_order": 1, "hotel_value": ["4.0"], "hotel_price": ["129"]}, "535723": {"hotel_name": "\u6c49\u5ead\u9152\u5e97(\u6df1\u5733\u6d77\u4e0a\u4e16\u754c\u62db\u5546\u8def\u5e97)", "order_time": ["2019-01-05 07:43:17"], "total_order": 1, "hotel_value": ["4.5"], "hotel_price": ["278"]}, "18439542": {"hotel_name": "\u6c49\u8c37\u4e3b\u9898\u516c\u5bd3(\u6df1\u5733\u4f1a\u5c55\u4e2d\u5fc3\u5e97)", "order_time": ["2019-01-05 07:43:18"], "total_order": 1, "hotel_value": ["4.4"], "hotel_price": ["338"]}, "1595871": {"hotel_name": "\u5f69\u60a6\u9152\u5e97(\u6df1\u5733\u6d77\u4e0a\u4e16\u754c\u5e97)", "order_time": ["2019-01-05 07:43:18"], "total_order": 1, "hotel_value": ["3.5"], "hotel_price": ["104"]}, "486126": {"hotel_name": "\u6df1\u5733\u5357\u4fa8\u5546\u52a1\u9152\u5e97", "order_time": ["2019-01-05 07:43:19"], "total_order": 1, "hotel_value": ["3.7"], "hotel_price": ["276"]}, "2600489": {"hotel_name": "\u6df1\u5733\u54ce\u5466\u4e0d\u9519\u56fd\u9645\u9752\u5e74\u65c5\u820d", "order_time": ["2019-01-05 07:43:19"], "total_order": 1, "hotel_value": ["4.0"], "hotel_price": ["30"]}, "898154": {"hotel_name": "\u6df1\u5733\u6850\u6797\u5546\u52a1\u9152\u5e97", "order_time": ["2019-01-05 07:45:20"], "total_order": 1, "hotel_value": ["4.2"], "hotel_price": ["298"]}, "8417254": {"hotel_name": "\u6df1\u5733\u4e5d\u70b9\u9752\u5e74\u65c5\u793e", "order_time": ["2019-01-05 07:45:24"], "total_order": 1, "hotel_value": ["4.9"], "hotel_price": ["27"]}, "12481871": {"hotel_name": "\u7ef4\u4e5f\u7eb3\u597d\u7720\u56fd\u9645\u9152\u5e97(\u6df1\u5733\u65b0\u673a\u573a\u65d7\u8230\u5e97)", "order_time": ["2019-01-05 07:47:19"], "total_order": 1, "hotel_value": ["4.8"], "hotel_price": ["339"]}, "423089": {"hotel_name": "\u6df1\u5733\u7f57\u6e56\u667a\u9009\u5047\u65e5\u9152\u5e97", "order_time": ["2019-01-05 07:47:20"], "total_order": 1, "hotel_value": ["4.4"], "hotel_price": ["569"]}, "5768018": {"hotel_name": "\u79d1\u6da6\u9152\u5e97\u516c\u5bd3(\u6df1\u5733\u79d1\u6280\u56ed\u5e97)", "order_time": ["2019-01-05 07:47:20"], "total_order": 1, "hotel_value": ["4.4"], "hotel_price": ["223"]}, "486124": {"hotel_name": "\u7687\u671d\u5546\u52a1\u9152\u5e97(\u6df1\u5733\u7687\u5c97\u53e3\u5cb8\u5e97)", "order_time": ["2019-01-05 07:47:20"], "total_order": 1, "hotel_value": ["4.0"], "hotel_price": ["243"]}, "21785184": {"hotel_name": "\u6df1\u5733\u5742\u7530\u5e0c\u5c14\u987f\u6b22\u670b\u9152\u5e97", "order_time": ["2019-01-05 07:47:20"], "total_order": 1, "hotel_value": ["4.7"], "hotel_price": ["466"]}, "6251272": {"hotel_name": "\u6df1\u5733\u9e3f\u5112\u9152\u5e97", "order_time": ["2019-01-05 07:47:21"], "total_order": 1, "hotel_value": ["4.3"], "hotel_price": ["496"]}, "914124": {"hotel_name": "\u6df1\u5733\u6e58\u670b\u5bbe\u9986", "order_time": ["2019-01-05 07:47:21"], "total_order": 1, "hotel_value": ["3.7"], "hotel_price": ["83"]}, "4603964": {"hotel_name": "\u6df1\u5733\u65b0\u5de2\u592a\u7a7a\u8231\u9152\u5e97", "order_time": ["2019-01-05 07:49:18"], "total_order": 1, "hotel_value": ["4.4"], "hotel_price": ["78"]}, "1206595": {"hotel_name": "\u83ab\u6cf0168(\u6df1\u5733\u4e1c\u95e8\u4e2d\u5fc3\u5e97)", "order_time": ["2019-01-05 07:49:18"], "total_order": 1, "hotel_value": ["4.5"], "hotel_price": ["196"]}, "1603178": {"hotel_name": "7\u5929\u8fde\u9501\u9152\u5e97(\u6df1\u5733\u5317\u7ad9\u5e97)", "order_time": ["2019-01-05 07:49:18"], "total_order": 1, "hotel_value": ["4.7"], "hotel_price": ["223"]}, "6483350": {"hotel_name": "\u5e0c\u5cb8\u9152\u5e97(\u6df1\u5733\u673a\u573a\u822a\u7ad9\u697c\u5e97)", "order_time": ["2019-01-05 07:49:18"], "total_order": 1, "hotel_value": ["4.8"], "hotel_price": ["303"]}, "473037": {"hotel_name": "\u6df1\u5733\u5723\u6dd8\u6c99\u9152\u5e97(\u7fe1\u7fe0\u5e97)", "order_time": ["2019-01-05 07:49:19"], "total_order": 1, "hotel_value": ["4.6"], "hotel_price": ["542"]}, "4379783": {"hotel_name": "\u7f8e\u4e3d365\u8fde\u9501\u9152\u5e97(\u6df1\u5733\u9f99\u534e\u5730\u94c1\u7ad9\u5e97)(\u539f\u9633\u5149365\u8fde\u9501\u9152\u5e97)", "order_time": ["2019-01-05 07:49:19"], "total_order": 1, "hotel_value": ["4.0"], "hotel_price": ["133"]}, "27966194": {"hotel_name": "\u6df1\u5733\u5bb6\u745e\u5c45\u592a\u7a7a\u8231\u516c\u5bd3", "order_time": ["2019-01-05 07:49:19"], "total_order": 1, "hotel_value": ["4.8"], "hotel_price": ["44"]}, "8649906": {"hotel_name": "\u9e97\u67ab\u9152\u5e97(\u6df1\u5733\u7f8a\u53f0\u5c71\u5927\u6d6a\u5730\u94c1\u7ad9\u5e97)", "order_time": ["2019-01-05 07:51:18"], "total_order": 1, "hotel_value": ["4.7"], "hotel_price": ["198"]}, "1597131": {"hotel_name": "\u6df1\u5733\u60a6\u6d77\u5546\u52a1\u516c\u5bd3(\u539f\u9999\u6885\u8fde\u9501\u9152\u5e97\u524d\u6d77\u5bbe\u9986)", "order_time": ["2019-01-05 07:51:19"], "total_order": 1, "hotel_value": ["4.3"], "hotel_price": ["206"]}, "1596225": {"hotel_name": "\u6587\u661f\u8fde\u9501\u9152\u5e97(\u6df1\u5733\u897f\u4e3d\u5e97)(\u539f\u9ad8\u804c\u9662\u5e97)", "order_time": ["2019-01-05 07:51:20"], "total_order": 1, "hotel_value": ["4.3"], "hotel_price": ["179"]}, "443242": {"hotel_name": "\u6df1\u5733\u96c5\u56ed\u98ce\u5c1a\u9152\u5e97", "order_time": ["2019-01-05 07:51:20"], "total_order": 1, "hotel_value": ["3.6"], "hotel_price": ["279"]}, "694633": {"hotel_name": "\u6df1\u5733\u6d77\u661f\u9152\u5e97", "order_time": ["2019-01-05 07:51:21"], "total_order": 1, "hotel_value": ["3.2"], "hotel_price": ["169"]}, "11297986": {"hotel_name": "\u6df1\u5733\u9752\u6625\u7269\u8bed\u9752\u5e74\u65c5\u820d", "order_time": ["2019-01-05 07:51:23"], "total_order": 1, "hotel_value": ["4.7"], "hotel_price": ["27"]}}}