{"\u5f00\u59cb\u8bb0\u5f55\u65f6\u95f4": "2019-01-15 05:49:48", "\u7ed3\u675f\u8bb0\u5f55\u65f6\u95f4": "2019-01-15 06:49:59", "\u8ba2\u5355\u603b\u589e\u91cf": 104, "item": {"458869": {"hotel_name": "\u6c49\u5ead\u9152\u5e97(\u6df1\u5733\u4e1c\u95e8\u6b65\u884c\u8857\u5e97)(\u539f\u4e50\u56ed\u8def\u5e97)", "order_time": ["2019-01-15 05:56:19"], "total_order": 1, "hotel_value": ["4.4"], "hotel_price": ["173"]}, "456133": {"hotel_name": "\u6df1\u5733\u7ef4\u666f\u9152\u5e97", "order_time": ["2019-01-15 05:58:18", "2019-01-15 06:24:25"], "total_order": 2, "hotel_value": ["4.5", "4.5"], "hotel_price": ["398", "398"]}, "1438237": {"hotel_name": "\u6df1\u5733\u6e7e\u79d1\u6280\u56ed\u4e3d\u96c5\u67e5\u5c14\u987f\u9152\u5e97", "order_time": ["2019-01-15 05:58:19"], "total_order": 1, "hotel_value": ["4.6"], "hotel_price": ["1868"]}, "535714": {"hotel_name": "\u84ec\u5ba2\u7cbe\u54c1\u9152\u5e97(\u6df1\u5733\u4e07\u8c61\u57ce\u5e97)", "order_time": ["2019-01-15 05:58:20"], "total_order": 1, "hotel_value": ["4.6"], "hotel_price": ["290"]}, "467536": {"hotel_name": "\u516b\u53f7\u8fde\u9501\u9152\u5e97(\u6df1\u5733\u4e1c\u95e8\u4e00\u5e97)", "order_time": ["2019-01-15 05:58:38"], "total_order": 1, "hotel_value": ["4.2"], "hotel_price": ["165"]}, "1053747": {"hotel_name": "\u660e\u5929\u897f\u90e8\u9152\u5e97(\u6df1\u5733\u673a\u573a\u5e97)", "order_time": ["2019-01-15 06:02:36"], "total_order": 1, "hotel_value": ["4.6"], "hotel_price": ["258"]}, "534924": {"hotel_name": "\u7ef4\u4e5f\u7eb3\u9152\u5e97(\u6df1\u5733\u7231\u56fd\u8def\u5e97)", "order_time": ["2019-01-15 06:02:37"], "total_order": 1, "hotel_value": ["4.8"], "hotel_price": ["298"]}, "1600123": {"hotel_name": "\u6df1\u5733\u9f99\u6d32\u5feb\u6377\u9152\u5e97", "order_time": ["2019-01-15 06:02:37"], "total_order": 1, "hotel_value": ["4.0"], "hotel_price": ["144"]}, "426172": {"hotel_name": "\u6df1\u5733999\u4e39\u67ab\u767d\u9732\u9152\u5e97", "order_time": ["2019-01-15 06:03:44"], "total_order": 1, "hotel_value": ["4.5"], "hotel_price": ["578"]}, "21637305": {"hotel_name": "\u4e50\u6613\u4f4f\u65e0\u4eba\u667a\u6167\u9152\u5e97(\u6df1\u5733\u76d0\u7530\u6c99\u5934\u89d2\u5e97)", "order_time": ["2019-01-15 06:04:35"], "total_order": 1, "hotel_value": ["4.6"], "hotel_price": ["226"]}, "984949": {"hotel_name": "\u6df1\u5733\u6ce2\u5c14\u591a\u56fd\u9645\u9152\u5e97", "order_time": ["2019-01-15 06:28:30", "2019-01-15 06:04:43"], "total_order": 2, "hotel_value": ["4.2", "4.2"], "hotel_price": ["170", "170"]}, "970569": {"hotel_name": "\u6d77\u53cb\u9152\u5e97(\u6df1\u5733\u7f57\u6e56\u53e3\u5cb8\u56fd\u8d38\u5e97)(\u539f\u56fd\u8d38\u5730\u94c1\u7ad9\u5e97)", "order_time": ["2019-01-15 06:04:44"], "total_order": 1, "hotel_value": ["4.3"], "hotel_price": ["151"]}, "1596109": {"hotel_name": "\u6df1\u5733\u9e3f\u6cf0\u9f99\u9152\u5e97", "order_time": ["2019-01-15 06:06:31"], "total_order": 1, "hotel_value": ["4.1"], "hotel_price": ["153"]}, "1701527": {"hotel_name": "\u7ef4\u4e5f\u7eb3\u9152\u5e97(\u6df1\u5733\u524d\u8fdb\u8def\u5e97)", "order_time": ["2019-01-15 06:16:30", "2019-01-15 06:06:33"], "total_order": 2, "hotel_value": ["4.9", "4.9"], "hotel_price": ["276", "276"]}, "1416772": {"hotel_name": "\u94f6\u901a\u4e4b\u65c5\u5bbe\u9986(\u6df1\u5733\u4e1c\u7ad9\u957f\u9f99\u5730\u94c1\u53e3\u5e97)(\u539f\u5e03\u5409\u957f\u9f99\u5730\u94c1\u7ad9\u5e97)", "order_time": ["2019-01-15 06:06:37"], "total_order": 1, "hotel_value": ["4.6"], "hotel_price": ["140"]}, "2698230": {"hotel_name": "\u6df1\u5733\u8001\u5468\u5bb6", "order_time": ["2019-01-15 06:06:42"], "total_order": 1, "hotel_value": ["4.6"], "hotel_price": ["218"]}, "1612844": {"hotel_name": "\u6df1\u5733\u6d77\u4e4b\u53cb\u9152\u5e97", "order_time": ["2019-01-15 06:06:43"], "total_order": 1, "hotel_value": ["4.2"], "hotel_price": ["119"]}, "2647688": {"hotel_name": "99\u65c5\u9986(\u6df1\u5733\u5742\u7530\u8def\u53e3\u5e97)", "order_time": ["2019-01-15 06:06:46"], "total_order": 1, "hotel_value": ["4.5"], "hotel_price": ["89"]}, "1759761": {"hotel_name": "\u6df1\u5733\u65b0\u7eff\u57ce\u9152\u5e97", "order_time": ["2019-01-15 06:06:47"], "total_order": 1, "hotel_value": ["4.5"], "hotel_price": ["182"]}, "22603999": {"hotel_name": "\u6df1\u5733\u6d6a\u6f2b\u516c\u5bd3", "order_time": ["2019-01-15 06:06:58"], "total_order": 1, "hotel_value": [0], "hotel_price": ["139"]}, "1595871": {"hotel_name": "\u5f69\u60a6\u9152\u5e97(\u6df1\u5733\u6d77\u4e0a\u4e16\u754c\u5e97)", "order_time": ["2019-01-15 06:06:59"], "total_order": 1, "hotel_value": ["3.5"], "hotel_price": ["116"]}, "4835302": {"hotel_name": "\u6df1\u5733\u7ef4\u7231\u7cbe\u54c1\u9152\u5e97", "order_time": ["2019-01-15 06:07:05"], "total_order": 1, "hotel_value": ["3.5"], "hotel_price": ["129"]}, "15251482": {"hotel_name": "\u6df1\u5733\u5b89\u8482\u5a05\u7f8e\u5170\u9152\u5e97", "order_time": ["2019-01-15 06:08:30"], "total_order": 1, "hotel_value": ["4.7"], "hotel_price": ["700"]}, "2881593": {"hotel_name": "\u9526\u6c5f\u4e4b\u661f\u54c1\u5c1a(\u6df1\u5733\u7687\u5c97\u53e3\u5cb8\u7687\u57ce\u5e7f\u573a\u5e97)", "order_time": ["2019-01-15 06:08:31"], "total_order": 1, "hotel_value": ["4.4"], "hotel_price": ["289"]}, "1352738": {"hotel_name": "\u4f73\u5146\u4e1a\u5e03\u5409\u53ef\u57df\u9152\u5e97(\u6df1\u5733\u4e1c\u7ad9\u5e97)(\u539f\u5e03\u5409\u53ef\u57df\u7cbe\u54c1\u9152\u5e97)", "order_time": ["2019-01-15 06:08:36"], "total_order": 1, "hotel_value": ["4.7"], "hotel_price": ["278"]}, "13992786": {"hotel_name": "\u6df1\u5733\u975e\u820d\u9752\u5e74\u516c\u5bd3", "order_time": ["2019-01-15 06:08:53"], "total_order": 1, "hotel_value": ["4.5"], "hotel_price": ["65"]}, "1007990": {"hotel_name": "\u6d77\u6797\u9152\u5e97(\u6df1\u5733\u9f99\u534e\u65b0\u533a\u5e97)", "order_time": ["2019-01-15 06:08:55"], "total_order": 1, "hotel_value": ["4.1"], "hotel_price": ["100"]}, "1256255": {"hotel_name": "\u5317\u6d77\u7a3b\u9152\u5e97(\u6df1\u5733\u5e73\u6e56\u5e97)", "order_time": ["2019-01-15 06:10:39"], "total_order": 1, "hotel_value": ["4.7"], "hotel_price": ["158"]}, "4825977": {"hotel_name": "\u7ef4\u4e5f\u7eb3\u9152\u5e97(\u6df1\u5733\u576a\u5c71\u9ad8\u94c1\u7ad9\u5e97)(\u539f\u576a\u5c71\u6df1\u6c55\u8def\u5e97)", "order_time": ["2019-01-15 06:10:45"], "total_order": 1, "hotel_value": ["4.8"], "hotel_price": ["298"]}, "9521313": {"hotel_name": "\u6df1\u5733\u82f1\u4f26\u65f6\u4ee3\u516c\u5bd3", "order_time": ["2019-01-15 06:10:55"], "total_order": 1, "hotel_value": ["4.6"], "hotel_price": ["160"]}, "6837771": {"hotel_name": "\u6df1\u5733\u5fbd\u97f5\u5546\u52a1\u9152\u5e97", "order_time": ["2019-01-15 06:12:31"], "total_order": 1, "hotel_value": ["4.6"], "hotel_price": ["99"]}, "1048114": {"hotel_name": "\u543e\u9047\u7cbe\u9009\u9152\u5e97(\u6df1\u5733\u9f99\u534e\u5927\u6d6a\u5e97)", "order_time": ["2019-01-15 06:12:36", "2019-01-15 06:14:42"], "total_order": 2, "hotel_value": ["4.6", "4.6"], "hotel_price": ["164", "164"]}, "5797239": {"hotel_name": "\u601d\u9014\u5546\u52a1\u516c\u5bd3(\u6df1\u5733ONE39\u5e97)", "order_time": ["2019-01-15 06:12:42"], "total_order": 1, "hotel_value": ["4.7"], "hotel_price": ["300"]}, "5896190": {"hotel_name": "\u7231\u7434\u6d77\u6d6a\u6f2b\u827a\u672f\u9152\u5e97(\u6df1\u5733\u4e0a\u6885\u6797\u5353\u8d8a\u57ce\u5e97)(\u539f\u6885\u6797\u5e97)", "order_time": ["2019-01-15 06:12:43"], "total_order": 1, "hotel_value": ["4.3"], "hotel_price": ["396"]}, "8445913": {"hotel_name": "\u6df1\u5733\u51ef\u8fea\u9152\u5e97", "order_time": ["2019-01-15 06:12:48"], "total_order": 1, "hotel_value": ["4.3"], "hotel_price": ["169"]}, "875425": {"hotel_name": "\u9526\u6c5f\u4e4b\u661f(\u6df1\u5733\u798f\u6c11\u5730\u94c1\u7ad9\u5e97)", "order_time": ["2019-01-15 06:14:32"], "total_order": 1, "hotel_value": ["4.5"], "hotel_price": ["319"]}, "2167848": {"hotel_name": "\u6df1\u5733\u91d1\u99a8\u5546\u52a1\u9152\u5e97", "order_time": ["2019-01-15 06:14:55"], "total_order": 1, "hotel_value": ["3.9"], "hotel_price": ["140"]}, "6461667": {"hotel_name": "\u7f8e\u8c6a\u4e3d\u81f4\u9152\u5e97(\u6df1\u5733\u4e1c\u95e8\u8001\u8857\u5730\u94c1\u7ad9\u5e97)", "order_time": ["2019-01-15 06:15:33"], "total_order": 1, "hotel_value": ["4.6"], "hotel_price": ["400"]}, "2387035": {"hotel_name": "\u6df1\u5733\u9e3f\u5229\u6765\u9152\u5e97", "order_time": ["2019-01-15 06:17:01"], "total_order": 1, "hotel_value": ["4.6"], "hotel_price": ["133"]}, "3716429": {"hotel_name": "\u6df1\u5733\u4e2d\u6d32\u4e07\u8c6a\u9152\u5e97", "order_time": ["2019-01-15 06:18:26"], "total_order": 1, "hotel_value": ["4.7"], "hotel_price": ["1726"]}, "374627": {"hotel_name": "\u6df1\u5733\u5bcc\u4e34\u5927\u9152\u5e97", "order_time": ["2019-01-15 06:18:26"], "total_order": 1, "hotel_value": ["4.5"], "hotel_price": ["448"]}, "3180282": {"hotel_name": "\u6df1\u5733\u4e1c\u4f73\u7cbe\u54c1\u9152\u5e97", "order_time": ["2019-01-15 06:18:32"], "total_order": 1, "hotel_value": ["4.1"], "hotel_price": ["158"]}, "2198537": {"hotel_name": "\u6df1\u5733\u5723\u6dd8\u6c99\u9152\u5e97(\u6843\u56ed\u5e97)", "order_time": ["2019-01-15 06:20:20"], "total_order": 1, "hotel_value": ["4.6"], "hotel_price": ["756"]}, "468857": {"hotel_name": "\u6df1\u5733\u67ab\u53f6\u57ce\u5e02\u9152\u5e97", "order_time": ["2019-01-15 06:20:28"], "total_order": 1, "hotel_value": ["4.3"], "hotel_price": ["456"]}, "1053436": {"hotel_name": "\u7ef4\u4e5f\u7eb3\u9152\u5e97(\u6df1\u5733\u5742\u96ea\u5c97\u5927\u9053\u5e97)", "order_time": ["2019-01-15 06:20:46"], "total_order": 1, "hotel_value": ["4.8"], "hotel_price": ["506"]}, "533689": {"hotel_name": "\u6df1\u5733\u5723\u5ef7\u8f69\u9152\u5e97", "order_time": ["2019-01-15 06:20:47"], "total_order": 1, "hotel_value": ["4.2"], "hotel_price": ["209"]}, "6055188": {"hotel_name": "\u6df1\u5733\u4eca\u65e5\u9152\u5e97", "order_time": ["2019-01-15 06:22:53"], "total_order": 1, "hotel_value": ["4.1"], "hotel_price": ["140"]}, "1462278": {"hotel_name": "\u6c49\u5ead\u9152\u5e97(\u6df1\u5733\u534e\u5f3a\u5317\u71d5\u5357\u5730\u94c1\u7ad9\u5e97)", "order_time": ["2019-01-15 06:24:30", "2019-01-15 06:28:23"], "total_order": 2, "hotel_value": ["4.6", "4.6"], "hotel_price": ["272", "272"]}, "4335954": {"hotel_name": "\u6df1\u5733\u7c73\u5170\u82b1\u56ed\u9152\u5e97", "order_time": ["2019-01-15 06:24:31"], "total_order": 1, "hotel_value": ["4.3"], "hotel_price": ["159"]}, "2944446": {"hotel_name": "\u6df1\u5733\u576a\u5c71\u8fce\u5bbe\u9986", "order_time": ["2019-01-15 06:24:32"], "total_order": 1, "hotel_value": ["4.6"], "hotel_price": ["339"]}, "8003245": {"hotel_name": "\u7f8e\u8c6a\u9152\u5e97(\u6df1\u5733\u7f57\u6e56\u5927\u5267\u9662\u4e07\u8c61\u57ce\u5e97)", "order_time": ["2019-01-15 06:26:18"], "total_order": 1, "hotel_value": ["4.5"], "hotel_price": ["308"]}, "2247932": {"hotel_name": "\u6854\u5b50\u9152\u5e97\u00b7\u7cbe\u9009(\u6df1\u5733\u7f57\u6e56\u5e97)", "order_time": ["2019-01-15 06:36:31", "2019-01-15 06:26:20"], "total_order": 2, "hotel_value": ["4.6", "4.6"], "hotel_price": ["465", "465"]}, "2030013": {"hotel_name": "\u548c\u9890\u9152\u5e97(\u6df1\u5733\u534e\u5f3a\u5317\u5e97)", "order_time": ["2019-01-15 06:26:26"], "total_order": 1, "hotel_value": ["4.6"], "hotel_price": ["370"]}, "474607": {"hotel_name": "\u6df1\u5733\u590f\u65e5\u9152\u5e97", "order_time": ["2019-01-15 06:28:25"], "total_order": 1, "hotel_value": ["4.0"], "hotel_price": ["208"]}, "1551038": {"hotel_name": "\u6c49\u5ef7\u516c\u5bd3(\u6df1\u5733\u5317\u7ad9\u5e97)", "order_time": ["2019-01-15 06:28:38"], "total_order": 1, "hotel_value": ["4.1"], "hotel_price": ["143"]}, "8649906": {"hotel_name": "\u9e97\u67ab\u9152\u5e97(\u6df1\u5733\u7f8a\u53f0\u5c71\u5927\u6d6a\u5730\u94c1\u7ad9\u5e97)", "order_time": ["2019-01-15 06:28:49"], "total_order": 1, "hotel_value": ["4.7"], "hotel_price": ["212"]}, "18595253": {"hotel_name": "\u6df1\u5733\u5723\u534e\u5ef7\u9152\u5e97", "order_time": ["2019-01-15 06:29:00"], "total_order": 1, "hotel_value": ["4.2"], "hotel_price": ["173"]}, "426204": {"hotel_name": "\u6df1\u5733\u7687\u8f69\u9152\u5e97", "order_time": ["2019-01-15 06:30:17"], "total_order": 1, "hotel_value": ["4.3"], "hotel_price": ["689"]}, "5312586": {"hotel_name": "\u738b\u724c\u56fd\u9645\u9152\u5e97(\u6df1\u5733\u5317\u7ad9\u6c11\u6cbb\u5e97)", "order_time": ["2019-01-15 06:30:19"], "total_order": 1, "hotel_value": ["4.6"], "hotel_price": ["454"]}, "6186061": {"hotel_name": "\u6df1\u5733\u6ce2\u5c14\u66fc\u7687\u798f\u8f69\u9152\u5e97", "order_time": ["2019-01-15 06:30:23"], "total_order": 1, "hotel_value": ["3.9"], "hotel_price": ["366"]}, "429212": {"hotel_name": "\u6df1\u5733\u6d77\u666f\u5609\u9014\u9152\u5e97(\u539f\u5965\u601d\u5ef7\u9152\u5e97)", "order_time": ["2019-01-15 06:30:25"], "total_order": 1, "hotel_value": ["4.5"], "hotel_price": ["836"]}, "5983447": {"hotel_name": "\u7ef4\u4e5f\u7eb3\u9152\u5e97(\u6df1\u5733\u9f99\u534e\u58f9\u57ce\u4e2d\u5fc3\u5e97)", "order_time": ["2019-01-15 06:30:27"], "total_order": 1, "hotel_value": ["4.8"], "hotel_price": ["249"]}, "5093554": {"hotel_name": "\u534e\u4e30\u7cbe\u54c1\u9152\u5e97(\u6df1\u5733\u7b0b\u5c97\u5730\u94c1\u7ad9\u5e97)", "order_time": ["2019-01-15 06:30:34"], "total_order": 1, "hotel_value": ["4.4"], "hotel_price": ["134"]}, "6290268": {"hotel_name": "\u6df1\u5733\u7687\u5ead\u5546\u52a1\u9152\u5e97", "order_time": ["2019-01-15 06:30:39"], "total_order": 1, "hotel_value": ["4.4"], "hotel_price": ["143"]}, "17941652": {"hotel_name": "\u6df1\u5733\u5b9d\u5229\u534e\u9152\u5e97\u516c\u5bd3", "order_time": ["2019-01-15 06:30:44"], "total_order": 1, "hotel_value": ["4.6"], "hotel_price": ["167"]}, "534036": {"hotel_name": "\u6df1\u5733\u9e92\u9e9f\u5c71\u5e84", "order_time": ["2019-01-15 06:32:17"], "total_order": 1, "hotel_value": ["4.6"], "hotel_price": ["856"]}, "5248368": {"hotel_name": "\u6df1\u573380\u9752\u5e74\u8fde\u9501\u9152\u5e97\u673a\u573a\u540e\u745e\u5730\u94c1\u7ad9\u5e97", "order_time": ["2019-01-15 06:32:22"], "total_order": 1, "hotel_value": ["4.6"], "hotel_price": ["128"]}, "994762": {"hotel_name": "\u83ab\u6cf0268(\u6df1\u5733\u7687\u5c97\u5e97)", "order_time": ["2019-01-15 06:32:26"], "total_order": 1, "hotel_value": ["4.1"], "hotel_price": ["272"]}, "4363871": {"hotel_name": "\u6df1\u5733\u5357\u6cb9\u5170\u5179\u9152\u5e97", "order_time": ["2019-01-15 06:32:28"], "total_order": 1, "hotel_value": ["4.7"], "hotel_price": ["356"]}, "481087": {"hotel_name": "\u60a6\u6765\u5ba2\u6808(\u6df1\u5733\u5927\u6885\u6c99\u5e97)", "order_time": ["2019-01-15 06:32:48"], "total_order": 1, "hotel_value": ["3.9"], "hotel_price": ["107"]}, "14153145": {"hotel_name": "\u516b\u53f7\u7cbe\u54c1\u9152\u5e97(\u6df1\u5733\u5927\u5b66\u5e97)", "order_time": ["2019-01-15 06:34:28"], "total_order": 1, "hotel_value": ["4.6"], "hotel_price": ["306"]}, "6817459": {"hotel_name": "\u7ef4\u4e5f\u7eb3\u56fd\u9645\u9152\u5e97(\u6df1\u5733\u673a\u573a\u822a\u57ce\u5e97)", "order_time": ["2019-01-15 06:34:46"], "total_order": 1, "hotel_value": ["4.7"], "hotel_price": ["252"]}, "4686393": {"hotel_name": "\u6df1\u5733\u51a0\u6708\u7cbe\u54c1\u9152\u5e97", "order_time": ["2019-01-15 06:35:01"], "total_order": 1, "hotel_value": ["4.3"], "hotel_price": ["83"]}, "751414": {"hotel_name": "\u6df1\u5733\u65b0\u4e16\u754c\u5bbe\u9986", "order_time": ["2019-01-15 06:36:29"], "total_order": 1, "hotel_value": ["4.4"], "hotel_price": ["198"]}, "1597566": {"hotel_name": "\u5feb\u5ba2\u8fde\u9501\u9152\u5e97(\u6df1\u5733\u7ea2\u6842\u8def\u5e97)", "order_time": ["2019-01-15 06:36:40"], "total_order": 1, "hotel_value": ["3.9"], "hotel_price": ["128"]}, "1530797": {"hotel_name": "\u6df1\u5733\u7389\u660c\u5546\u52a1\u9152\u5e97", "order_time": ["2019-01-15 06:36:40"], "total_order": 1, "hotel_value": ["4.1"], "hotel_price": ["155"]}, "6544594": {"hotel_name": "\u9e4f\u57ce\u56fd\u9645\u516c\u5bd3(\u6df1\u5733ONE39\u5e97)(\u539f\u5343\u5ea6\u7cbe\u54c1\u516c\u5bd3)", "order_time": ["2019-01-15 06:38:38"], "total_order": 1, "hotel_value": ["4.6"], "hotel_price": ["343"]}, "1432308": {"hotel_name": "\u6df1\u5733\u4e0a\u4e1c\u9152\u5e97", "order_time": ["2019-01-15 06:38:43"], "total_order": 1, "hotel_value": ["4.3"], "hotel_price": ["256"]}, "1786360": {"hotel_name": "\u5c1a\u54c1\u94c2\u5bb6\u9152\u5e97(\u6df1\u5733\u89c2\u6f9c\u5c71\u6c34\u7530\u56ed\u5e97)", "order_time": ["2019-01-15 06:38:50"], "total_order": 1, "hotel_value": ["4.7"], "hotel_price": ["123"]}, "833603": {"hotel_name": "\u6df1\u5733\u6df1\u90fd\u5feb\u6377\u9152\u5e97", "order_time": ["2019-01-15 06:38:52"], "total_order": 1, "hotel_value": ["4.7"], "hotel_price": ["106"]}, "919636": {"hotel_name": "\u5357\u56fd\u8fde\u9501\u9152\u5e97(\u6df1\u5733\u745e\u660c\u5e97)", "order_time": ["2019-01-15 06:39:02"], "total_order": 1, "hotel_value": ["3.7"], "hotel_price": ["139"]}, "1387287": {"hotel_name": "\u6c49\u5ead\u9152\u5e97(\u6df1\u5733\u5e03\u5409\u8001\u8857\u5e97)(\u539f\u5e03\u5409\u706b\u8f66\u7ad9\u5e97)", "order_time": ["2019-01-15 06:39:02"], "total_order": 1, "hotel_value": ["4.1"], "hotel_price": ["129"]}, "643476": {"hotel_name": "\u547c\u565c\u6808\u9152\u5e97(\u6df1\u5733\u9999\u871c\u6e56\u5e97)", "order_time": ["2019-01-15 06:40:30"], "total_order": 1, "hotel_value": ["4.5"], "hotel_price": ["436"]}, "5404640": {"hotel_name": "\u6df1\u5733\u6e7e\u79d1\u6280\u56ed\u6d77\u5c1a\u9152\u5e97", "order_time": ["2019-01-15 06:40:34"], "total_order": 1, "hotel_value": ["4.6"], "hotel_price": ["817"]}, "2388076": {"hotel_name": "\u5e0c\u51ef\u9152\u5e97(\u6df1\u5733\u5317\u7ad9\u5e97)(\u539f\u5229\u534e\u4ed5\u9152\u5e97)", "order_time": ["2019-01-15 06:42:26"], "total_order": 1, "hotel_value": ["4.7"], "hotel_price": ["316"]}, "8443687": {"hotel_name": "\u6df1\u5733\u6fb3\u65af\u7279\u7cbe\u9009\u9152\u5e97", "order_time": ["2019-01-15 06:42:44"], "total_order": 1, "hotel_value": ["4.6"], "hotel_price": ["178"]}, "1596510": {"hotel_name": "7\u5929\u8fde\u9501\u9152\u5e97(\u6df1\u5733\u9f99\u534e\u6e05\u6e56\u5730\u94c1\u7ad9\u5e97)", "order_time": ["2019-01-15 06:43:01"], "total_order": 1, "hotel_value": ["4.1"], "hotel_price": ["167"]}, "3695354": {"hotel_name": "\u7ef4\u4e5f\u7eb3\u56fd\u9645\u9152\u5e97(\u6df1\u5733\u5149\u660e\u5927\u9053\u5e97)", "order_time": ["2019-01-15 06:44:19"], "total_order": 1, "hotel_value": ["4.8"], "hotel_price": ["226"]}, "1597092": {"hotel_name": "\u4e2d\u6fe0S\u9152\u5e97(\u6df1\u5733\u798f\u7530\u4f1a\u5c55\u4e2d\u5fc3\u5e97)", "order_time": ["2019-01-15 06:44:34"], "total_order": 1, "hotel_value": ["4.7"], "hotel_price": ["1058"]}, "967921": {"hotel_name": "\u6c49\u5ead\u9152\u5e97(\u6df1\u5733\u534e\u5f3a\u5357\u5e97)(\u539f\u5357\u56ed\u8def\u5e97)", "order_time": ["2019-01-15 06:44:37"], "total_order": 1, "hotel_value": ["4.4"], "hotel_price": ["197"]}, "12135159": {"hotel_name": "\u6df1\u5733\u7687\u5eadV\u56fd\u9645\u516c\u5bd3(\u539f\u7687\u5ead\u793c\u5c1a\u516c\u5bd3)", "order_time": ["2019-01-15 06:45:08"], "total_order": 1, "hotel_value": ["4.7"], "hotel_price": ["1400"]}, "483164": {"hotel_name": "\u7ef4\u4e5f\u7eb3\u9152\u5e97(\u6df1\u5733\u798f\u534e\u5e97)", "order_time": ["2019-01-15 06:46:16"], "total_order": 1, "hotel_value": ["4.7"], "hotel_price": ["376"]}, "8615583": {"hotel_name": "\u6df1\u5733\u57ce\u5bb6\u516c\u5bd3\u5357\u5c71\u5730\u94c1\u7ad9\u5e97", "order_time": ["2019-01-15 06:46:20"], "total_order": 1, "hotel_value": ["4.7"], "hotel_price": ["368"]}, "2140619": {"hotel_name": "\u5929\u90fd\u5feb\u6377\u5546\u52a1\u9152\u5e97(\u6df1\u5733\u5317\u7ad9\u5e97)", "order_time": ["2019-01-15 06:46:35"], "total_order": 1, "hotel_value": ["3.9"], "hotel_price": ["138"]}, "1785454": {"hotel_name": "\u6df1\u5733\u9e4f\u57ce\u9152\u5e97", "order_time": ["2019-01-15 06:46:38"], "total_order": 1, "hotel_value": ["3.9"], "hotel_price": ["138"]}, "8075377": {"hotel_name": "\u7ef4\u4e5f\u7eb3\u9152\u5e97\uff08\u6df1\u5733\u9f99\u80dc\u5730\u94c1\u7ad9\u5e97\uff09", "order_time": ["2019-01-15 06:48:20"], "total_order": 1, "hotel_value": ["4.8"], "hotel_price": ["237"]}, "472815": {"hotel_name": "\u6df1\u5733\u7f57\u6e56\u6728\u68c9\u82b1\u9152\u5e97", "order_time": ["2019-01-15 06:48:40"], "total_order": 1, "hotel_value": ["4.7"], "hotel_price": ["888"]}, "1847396": {"hotel_name": "\u6df1\u5733\u6e90\u53d1\u9152\u5e97", "order_time": ["2019-01-15 06:48:53"], "total_order": 1, "hotel_value": ["4.4"], "hotel_price": ["125"]}}}