{"\u5f00\u59cb\u8bb0\u5f55\u65f6\u95f4": "2019-01-05 23:54:11", "\u7ed3\u675f\u8bb0\u5f55\u65f6\u95f4": "2019-01-06 00:54:11", "\u8ba2\u5355\u603b\u589e\u91cf": 440, "item": {"6817459": {"hotel_name": "\u7ef4\u4e5f\u7eb3\u56fd\u9645\u9152\u5e97(\u6df1\u5733\u673a\u573a\u822a\u57ce\u5e97)", "order_time": ["2019-01-05 23:56:19"], "total_order": 1, "hotel_value": ["4.7"], "hotel_price": ["330"]}, "1845407": {"hotel_name": "\u5929\u7199\u9ad8\u7ea7\u5546\u52a1\u516c\u5bd3(\u6df1\u5733\u6ee8\u6cb3\u65f6\u4ee3\u5e97)", "order_time": ["2019-01-05 23:56:19"], "total_order": 1, "hotel_value": ["4.7"], "hotel_price": ["837"]}, "607594": {"hotel_name": "\u6df1\u5733\u6708\u6e7e\u9152\u5e97(\u539f\u6708\u6e7e\u5546\u52a1\u9152\u5e97)", "order_time": ["2019-01-05 23:56:20"], "total_order": 1, "hotel_value": ["4.1"], "hotel_price": ["189"]}, "6022500": {"hotel_name": "\u65b0\u4e09\u56f4\u9152\u5e97(\u6df1\u5733\u65b0\u673a\u573aT3\u822a\u7ad9\u697c\u5e97)", "order_time": ["2019-01-05 23:56:20"], "total_order": 1, "hotel_value": ["4.4"], "hotel_price": ["179"]}, "6469336": {"hotel_name": "\u534e\u91cc\u7cbe\u54c1\u9152\u5e97(\u6df1\u5733\u524d\u6d77\u5e97)", "order_time": ["2019-01-05 23:56:20"], "total_order": 1, "hotel_value": ["4.6"], "hotel_price": ["387"]}, "1070932": {"hotel_name": "\u9038\u7c73\u9152\u5e97(\u6df1\u5733\u5e73\u6e56\u534e\u5357\u57ce\u5e97)", "order_time": ["2019-01-05 23:56:20"], "total_order": 1, "hotel_value": ["4.4"], "hotel_price": ["128"]}, "1419622": {"hotel_name": "\u5361\u5e1d\u4e9a\u7cbe\u54c1\u9152\u5e97(\u6df1\u5733\u827a\u5c55\u4e2d\u5fc3\u7ea2\u5cad\u5317\u7ad9\u5e97)", "order_time": ["2019-01-05 23:56:20"], "total_order": 1, "hotel_value": ["4.3"], "hotel_price": ["278"]}, "1284920": {"hotel_name": "\u7ef4\u4e5f\u7eb3\u9152\u5e97(\u6df1\u5733\u5357\u5c71\u4ebf\u5229\u8fbe\u5e97)", "order_time": ["2019-01-05 23:56:20"], "total_order": 1, "hotel_value": ["4.8"], "hotel_price": ["389"]}, "2279616": {"hotel_name": "\u6df1\u5733\u8521\u5c4b\u56f4\u5927\u9152\u5e97", "order_time": ["2019-01-05 23:56:20"], "total_order": 1, "hotel_value": ["4.4"], "hotel_price": ["238"]}, "1596449": {"hotel_name": "\u946b\u8302\u82b1\u56ed\u9152\u5e97(\u6df1\u5733\u5317\u7ad9\u5e97)", "order_time": ["2019-01-05 23:56:20"], "total_order": 1, "hotel_value": ["4.5"], "hotel_price": ["328"]}, "1225798": {"hotel_name": "\u6df1\u5733\u666f\u660e\u8fbe\u9152\u5e97", "order_time": ["2019-01-05 23:56:20"], "total_order": 1, "hotel_value": ["4.3"], "hotel_price": ["468"]}, "11057796": {"hotel_name": "\u6df1\u5733\u6d77\u4e0a\u4e16\u754c\u5170\u5179\u9152\u5e97", "order_time": ["2019-01-05 23:56:20"], "total_order": 1, "hotel_value": ["4.5"], "hotel_price": ["329"]}, "21145565": {"hotel_name": "\u6df1\u5733\u9ad8\u65b0\u5bcc\u60a6\u9152\u5e97", "order_time": ["2019-01-05 23:56:20"], "total_order": 1, "hotel_value": ["4.7"], "hotel_price": ["598"]}, "436042": {"hotel_name": "\u9e3f\u6ce2\u9152\u5e97(\u6df1\u5733\u534e\u4fa8\u57ce\u5e97)", "order_time": ["2019-01-05 23:56:20"], "total_order": 1, "hotel_value": ["4.3"], "hotel_price": ["365"]}, "965152": {"hotel_name": "\u7d22\u83f2\u7f57\u5170\u9152\u5e97(\u6df1\u5733\u534e\u5f3a\u5317\u5e97)", "order_time": ["2019-01-05 23:56:20"], "total_order": 1, "hotel_value": ["3.8"], "hotel_price": ["170"]}, "1462776": {"hotel_name": "\u6df1\u5733\u798f\u745e\u8bd7\u9152\u5e97", "order_time": ["2019-01-05 23:56:20"], "total_order": 1, "hotel_value": ["4.3"], "hotel_price": ["256"]}, "468922": {"hotel_name": "\u6c49\u5ead\u9152\u5e97(\u6df1\u5733\u6d77\u4e0a\u4e16\u754c\u5e97)", "order_time": ["2019-01-05 23:56:20"], "total_order": 1, "hotel_value": ["4.1"], "hotel_price": ["264"]}, "6610947": {"hotel_name": "\u6df1\u5733\u73ba\u60a6\u9152\u5e97", "order_time": ["2019-01-05 23:56:20"], "total_order": 1, "hotel_value": ["4.3"], "hotel_price": ["103"]}, "11264776": {"hotel_name": "\u6df1\u5733\u5bb6\u56ed\u7cbe\u54c1\u9152\u5e97", "order_time": ["2019-01-05 23:56:21"], "total_order": 1, "hotel_value": ["4.3"], "hotel_price": ["208"]}, "481309": {"hotel_name": "\u57ce\u5e02\u4fbf\u6377\u9152\u5e97(\u6df1\u5733\u6e2f\u9686\u57ce\u5e97)", "order_time": ["2019-01-05 23:56:21"], "total_order": 1, "hotel_value": ["4.4"], "hotel_price": ["220"]}, "1606067": {"hotel_name": "\u5979\u4ed6\u516c\u5bd3(\u6df1\u5733\u6ee8\u6cb3\u65f6\u4ee3\u5e97)", "order_time": ["2019-01-05 23:56:21"], "total_order": 1, "hotel_value": ["4.7"], "hotel_price": ["367"]}, "6074867": {"hotel_name": "\u6df1\u5733\u516b\u53f7\u8fde\u9501\u9152\u5e97\u5e7f\u6df1\u4e8c\u5e97", "order_time": ["2019-01-05 23:56:21"], "total_order": 1, "hotel_value": ["4.3"], "hotel_price": ["179"]}, "1480066": {"hotel_name": "\u4e50\u7ec5\u9152\u5e97(\u6df1\u5733\u673a\u573a\u5e97)", "order_time": ["2019-01-05 23:56:21"], "total_order": 1, "hotel_value": ["4.2"], "hotel_price": ["187"]}, "1603178": {"hotel_name": "7\u5929\u8fde\u9501\u9152\u5e97(\u6df1\u5733\u5317\u7ad9\u5e97)", "order_time": ["2019-01-05 23:56:21"], "total_order": 1, "hotel_value": ["4.7"], "hotel_price": ["210"]}, "3035318": {"hotel_name": "\u6df1\u5733\u4e508\u8fde\u9501\u9152\u5e97(\u539f\u4e50\u8c6a\u7cbe\u54c1\u9152\u5e97)", "order_time": ["2019-01-05 23:56:24"], "total_order": 1, "hotel_value": ["3.9"], "hotel_price": ["143"]}, "5753879": {"hotel_name": "\u6df1\u5733\u79d1\u6280\u56ed\u4e07\u8c61\u5929\u5730\u5c1a\u7f8e\u6c34\u6676\u9152\u5e97", "order_time": ["2019-01-05 23:56:25"], "total_order": 1, "hotel_value": ["4.5"], "hotel_price": ["1316"]}, "3292914": {"hotel_name": "\u9e97\u67ab\u9152\u5e97(\u6df1\u5733\u5317\u7ad9\u6e05\u6e56\u5730\u94c1\u7ad9\u5e97)", "order_time": ["2019-01-05 23:56:25"], "total_order": 1, "hotel_value": ["4.8"], "hotel_price": ["330"]}, "11141088": {"hotel_name": "\u7e41\u534e\u91cc\u7cbe\u54c1\u516c\u5bd3(\u6df1\u5733\u5317\u7ad9\u5e97)", "order_time": ["2019-01-05 23:58:19"], "total_order": 1, "hotel_value": ["4.4"], "hotel_price": ["296"]}, "2765033": {"hotel_name": "\u7f8e\u8c6a\u9152\u5e97(\u6df1\u5733\u673a\u573a\u5e97)", "order_time": ["2019-01-05 23:58:19"], "total_order": 1, "hotel_value": ["4.7"], "hotel_price": ["308"]}, "6483350": {"hotel_name": "\u5e0c\u5cb8\u9152\u5e97(\u6df1\u5733\u673a\u573a\u822a\u7ad9\u697c\u5e97)", "order_time": ["2019-01-05 23:58:19"], "total_order": 1, "hotel_value": ["4.8"], "hotel_price": ["303"]}, "654875": {"hotel_name": "\u6df1\u5733\u957f\u57ce\u5927\u9152\u5e97", "order_time": ["2019-01-05 23:58:19"], "total_order": 1, "hotel_value": ["4.6"], "hotel_price": ["375"]}, "2699166": {"hotel_name": "\u5929\u548c\u9152\u5e97(\u6df1\u5733\u673a\u573aT3\u822a\u7ad9\u697c\u5e97)", "order_time": ["2019-01-05 23:58:19"], "total_order": 1, "hotel_value": ["4.6"], "hotel_price": ["334"]}, "918797": {"hotel_name": "\u5357\u56fd\u8fde\u9501\u9152\u5e97(\u6df1\u5733\u798f\u6c11\u5730\u94c1\u7ad9\u5e97)(\u539f\u5927\u53a6\u798f\u6c11\u5e97)", "order_time": ["2019-01-06 00:00:22", "2019-01-05 23:58:19"], "total_order": 2, "hotel_value": ["4.0", "4.0"], "hotel_price": ["199", "189"]}, "11237662": {"hotel_name": "\u91d1\u4e2d\u73af\u670d\u52a1\u516c\u5bd3(\u6df1\u5733\u65b0\u6d69e\u90fd\u5e97)", "order_time": ["2019-01-05 23:58:19"], "total_order": 1, "hotel_value": ["4.3"], "hotel_price": ["409"]}, "4601885": {"hotel_name": "\u7ef4\u4e5f\u7eb3\u56fd\u9645\u9152\u5e97(\u6df1\u5733\u4e0b\u6c34\u5f84\u5730\u94c1\u7ad9\u5e97)", "order_time": ["2019-01-05 23:58:20"], "total_order": 1, "hotel_value": ["4.8"], "hotel_price": ["338"]}, "6301159": {"hotel_name": "\u91d1\u8475\u82b1\u9152\u5e97(\u6df1\u5733\u5317\u7ad9\u5e97)", "order_time": ["2019-01-05 23:58:20"], "total_order": 1, "hotel_value": ["4.1"], "hotel_price": ["232"]}, "1199422": {"hotel_name": "\u6df1\u5733\u5f18\u90fd\u9152\u5e97", "order_time": ["2019-01-05 23:58:20"], "total_order": 1, "hotel_value": ["4.4"], "hotel_price": ["376"]}, "23885449": {"hotel_name": "\u6df1\u5733\u6021\u99a8\u9152\u5e97", "order_time": ["2019-01-05 23:58:20"], "total_order": 1, "hotel_value": ["4.2"], "hotel_price": ["332"]}, "22822415": {"hotel_name": "\u94c2\u65af\u767b\u884c\u653f\u516c\u5bd3(\u6df1\u5733\u524d\u6d77\u5e97)", "order_time": ["2019-01-05 23:58:20"], "total_order": 1, "hotel_value": ["4.7"], "hotel_price": ["1500"]}, "2870286": {"hotel_name": "7\u5929\u8fde\u9501\u9152\u5e97(\u6df1\u5733\u6625\u98ce\u8def\u5e97)", "order_time": ["2019-01-05 23:58:20", "2019-01-06 00:00:21"], "total_order": 2, "hotel_value": ["3.7", "3.7"], "hotel_price": ["143", "152"]}, "3361838": {"hotel_name": "\u6df1\u5733\u6e05\u6c34\u6e7e\u9152\u5e97", "order_time": ["2019-01-05 23:58:20"], "total_order": 1, "hotel_value": ["4.3"], "hotel_price": ["242"]}, "1454791": {"hotel_name": "\u5982\u5bb6\u5feb\u6377\u9152\u5e97(\u6df1\u5733\u8349\u57d4\u5730\u94c1\u7ad9\u5e97)", "order_time": ["2019-01-05 23:58:20"], "total_order": 1, "hotel_value": ["4.3"], "hotel_price": ["178"]}, "371236": {"hotel_name": "\u6df1\u5733\u798f\u670b\u559c\u6765\u767b\u9152\u5e97", "order_time": ["2019-01-05 23:58:20"], "total_order": 1, "hotel_value": ["4.5"], "hotel_price": ["696"]}, "1432157": {"hotel_name": "\u6df1\u5733\u534e\u4fa8\u9152\u5e97", "order_time": ["2019-01-05 23:58:21"], "total_order": 1, "hotel_value": ["3.8"], "hotel_price": ["211"]}, "1603058": {"hotel_name": "\u6df1\u5733\u7ef4\u591a\u5229\u4e9a\u5546\u52a1\u9152\u5e97", "order_time": ["2019-01-05 23:58:21"], "total_order": 1, "hotel_value": ["4.1"], "hotel_price": ["238"]}, "2226922": {"hotel_name": "\u6df1\u5733\u661f\u7a7a\u592a\u7a7a\u8231\u9152\u5e97", "order_time": ["2019-01-05 23:58:21"], "total_order": 1, "hotel_value": ["4.4"], "hotel_price": ["62"]}, "6870947": {"hotel_name": "IU\u9152\u5e97(\u6df1\u5733\u77f3\u5ca9\u5ba2\u8fd0\u7ad9\u5e97)", "order_time": ["2019-01-05 23:58:21"], "total_order": 1, "hotel_value": ["4.5"], "hotel_price": ["168"]}, "6834173": {"hotel_name": "\u6df1\u5733\u68a6\u6e90\u5bbe\u9986", "order_time": ["2019-01-05 23:58:22"], "total_order": 1, "hotel_value": ["3.5"], "hotel_price": ["124"]}, "2143733": {"hotel_name": "\u6df1\u5733\u65af\u57df\u9152\u5e97", "order_time": ["2019-01-05 23:58:22"], "total_order": 1, "hotel_value": ["4.0"], "hotel_price": ["104"]}, "4835218": {"hotel_name": "\u6df1\u5733\u8fce\u7fd4\u5546\u52a1\u9152\u5e97", "order_time": ["2019-01-05 23:58:23"], "total_order": 1, "hotel_value": ["4.2"], "hotel_price": ["123"]}, "1460991": {"hotel_name": "\u6df1\u5733\u4eac\u9e4f\u5bbe\u9986", "order_time": ["2019-01-05 23:58:24"], "total_order": 1, "hotel_value": ["4.1"], "hotel_price": ["223"]}, "468930": {"hotel_name": "\u6c49\u5ead\u9152\u5e97(\u6df1\u5733\u534e\u5f3a\u4e2d\u5fc3\u516c\u56ed\u5e97)", "order_time": ["2019-01-06 00:00:21"], "total_order": 1, "hotel_value": ["4.2"], "hotel_price": ["205"]}, "5404640": {"hotel_name": "\u6df1\u5733\u6e7e\u79d1\u6280\u56ed\u6d77\u5c1a\u9152\u5e97", "order_time": ["2019-01-06 00:00:21"], "total_order": 1, "hotel_value": ["4.6"], "hotel_price": ["678"]}, "2918978": {"hotel_name": "\u6e2f\u5929\u65f6\u5c1a\u516c\u5bd3(\u6df1\u5733\u5317\u7ad9\u5e97)", "order_time": ["2019-01-06 00:24:21", "2019-01-06 00:00:21"], "total_order": 2, "hotel_value": ["3.8", "3.8"], "hotel_price": ["132", "132"]}, "4603964": {"hotel_name": "\u6df1\u5733\u65b0\u5de2\u592a\u7a7a\u8231\u9152\u5e97", "order_time": ["2019-01-06 00:00:21", "2019-01-06 00:36:22"], "total_order": 2, "hotel_value": ["4.4", "4.4"], "hotel_price": ["78", "78"]}, "15829069": {"hotel_name": "\u5a01\u65af\u767b\u4e3b\u9898\u5ea6\u5047\u9152\u5e97\u516c\u5bd3(\u6df1\u5733\u5742\u7530\u5730\u94c1\u7ad9\u5e97)", "order_time": ["2019-01-06 00:00:21"], "total_order": 1, "hotel_value": ["4.4"], "hotel_price": ["221"]}, "346477": {"hotel_name": "\u6df1\u5733\u4e2d\u6d32\u5723\u5ef7\u82d1\u9152\u5e97(\u539f\u5723\u5ef7\u82d1\u9152\u5e97)", "order_time": ["2019-01-06 00:00:21"], "total_order": 1, "hotel_value": ["4.6"], "hotel_price": ["559"]}, "486124": {"hotel_name": "\u7687\u671d\u5546\u52a1\u9152\u5e97(\u6df1\u5733\u7687\u5c97\u53e3\u5cb8\u5e97)", "order_time": ["2019-01-06 00:36:23", "2019-01-06 00:00:21"], "total_order": 2, "hotel_value": ["4.0", "4.0"], "hotel_price": ["242", "242"]}, "1498780": {"hotel_name": "\u7ef4\u4e5f\u7eb3\u9152\u5e97(\u6df1\u5733\u9f99\u534e\u4eba\u6c11\u5357\u8def\u5e97)", "order_time": ["2019-01-06 00:00:21", "2019-01-06 00:06:21"], "total_order": 2, "hotel_value": ["4.8", "4.8"], "hotel_price": ["386", "386"]}, "1776855": {"hotel_name": "\u6df1\u5733\u8c6a\u76db\u82b1\u56ed\u5927\u9152\u5e97(\u539f\u91d1\u81f3\u5c0a\u5927\u9152\u5e97)", "order_time": ["2019-01-06 00:00:21"], "total_order": 1, "hotel_value": ["4.1"], "hotel_price": ["322"]}, "6266241": {"hotel_name": "\u6df1\u5733\u524d\u6d77\u5047\u65e5\u9152\u5e97", "order_time": ["2019-01-06 00:00:21"], "total_order": 1, "hotel_value": ["4.5"], "hotel_price": ["277"]}, "531176": {"hotel_name": "\u6df1\u5733\u6e56\u5317\u5bbe\u9986", "order_time": ["2019-01-06 00:00:21"], "total_order": 1, "hotel_value": ["4.2"], "hotel_price": ["346"]}, "2845884": {"hotel_name": "\u5c1a\u5ba2\u4f18\u5feb\u6377\u9152\u5e97(\u6df1\u5733\u65b0\u673a\u573a\u822a\u7ad9\u697c\u5e97)", "order_time": ["2019-01-06 00:00:22"], "total_order": 1, "hotel_value": ["4.3"], "hotel_price": ["140"]}, "965551": {"hotel_name": "\u6df1\u5733\u79a7\u5ef7\u9152\u5e97", "order_time": ["2019-01-06 00:00:22"], "total_order": 1, "hotel_value": ["4.4"], "hotel_price": ["168"]}, "1597104": {"hotel_name": "7\u5929\u8fde\u9501\u9152\u5e97(\u6df1\u5733\u4e0a\u6885\u6797\u5730\u94c1\u7ad9\u5e97)", "order_time": ["2019-01-06 00:00:22"], "total_order": 1, "hotel_value": ["4.3"], "hotel_price": ["183"]}, "5153544": {"hotel_name": "\u8fce\u5546\u9152\u5e97(\u6df1\u5733\u7f57\u6e56\u4e1c\u95e8\u5e97)", "order_time": ["2019-01-06 00:00:22"], "total_order": 1, "hotel_value": ["4.6"], "hotel_price": ["236"]}, "8404339": {"hotel_name": "\u9e97\u67ab\u9152\u5e97(\u6df1\u5733\u5317\u7ad9\u5742\u7530\u5730\u94c1\u7ad9\u5e97)", "order_time": ["2019-01-06 00:00:22"], "total_order": 1, "hotel_value": ["4.7"], "hotel_price": ["341"]}, "6871167": {"hotel_name": "\u6df1\u5733\u7f8e\u666f\u9152\u5e97", "order_time": ["2019-01-06 00:00:22"], "total_order": 1, "hotel_value": ["4.7"], "hotel_price": ["472"]}, "23225312": {"hotel_name": "\u7ef4\u4e5f\u7eb3\u9152\u5e97(\u6df1\u5733\u6e05\u6e56\u5730\u94c1\u7ad9\u5e97)", "order_time": ["2019-01-06 00:00:22", "2019-01-06 00:50:23"], "total_order": 2, "hotel_value": ["4.9", "4.9"], "hotel_price": ["299", "299"]}, "1604033": {"hotel_name": "\u94f6\u6cb3\u63a7\u4e3b\u9898\u9152\u5e97(\u6df1\u5733\u5927\u5b66\u57ce\u5e97)", "order_time": ["2019-01-06 00:00:22"], "total_order": 1, "hotel_value": ["4.1"], "hotel_price": ["153"]}, "5846714": {"hotel_name": "\u6df1\u5733\u5c1a\u5ba2\u4f18\u8fde\u9501\u9152\u5e97\u4e16\u754c\u4e4b\u7a97\u5e97", "order_time": ["2019-01-06 00:00:22"], "total_order": 1, "hotel_value": ["3.7"], "hotel_price": ["229"]}, "4835596": {"hotel_name": "\u683c\u6797\u8c6a\u6cf0(\u6df1\u5733\u6c99\u4e95\u5e02\u6c11\u5e7f\u573a\u5e97)", "order_time": ["2019-01-06 00:00:22"], "total_order": 1, "hotel_value": ["4.2"], "hotel_price": ["218"]}, "1598733": {"hotel_name": "\u5feb8\u8fde\u9501\u9152\u5e97(\u6df1\u5733\u677e\u5c97\u7acb\u4e1a\u5e97)", "order_time": ["2019-01-06 00:00:22"], "total_order": 1, "hotel_value": ["4.6"], "hotel_price": ["102"]}, "1620667": {"hotel_name": "\u516b\u65b9\u7cbe\u54c1\u9152\u5e97(\u6df1\u5733\u677e\u5c97\u534e\u6da6\u4e07\u5bb6\u5e97)", "order_time": ["2019-01-06 00:00:23"], "total_order": 1, "hotel_value": ["4.5"], "hotel_price": ["109"]}, "2864628": {"hotel_name": "\u6df1\u5733\u7965\u4e91\u9152\u5e97", "order_time": ["2019-01-06 00:00:24"], "total_order": 1, "hotel_value": ["3.9"], "hotel_price": ["102"]}, "8656329": {"hotel_name": "\u6df1\u5733\u5e02\u7d22\u83f2\u7f57\u5170\u7cbe\u54c1\u9152\u5e97", "order_time": ["2019-01-06 00:00:24"], "total_order": 1, "hotel_value": ["3.8"], "hotel_price": ["159"]}, "1027854": {"hotel_name": "\u6df1\u5733\u6d77\u73e0\u5546\u52a1\u5bbe\u9986", "order_time": ["2019-01-06 00:00:25"], "total_order": 1, "hotel_value": ["3.3"], "hotel_price": ["112"]}, "2004036": {"hotel_name": "Holiday\u56fd\u9645\u9752\u65c5(\u6df1\u5733\u5927\u5267\u9662\u5e97)", "order_time": ["2019-01-06 00:00:25"], "total_order": 1, "hotel_value": ["4.6"], "hotel_price": ["36"]}, "1016780": {"hotel_name": "\u6df1\u5733\u6e58\u6c49\u62db\u5f85\u6240", "order_time": ["2019-01-06 00:00:27"], "total_order": 1, "hotel_value": [0], "hotel_price": ["53"]}, "1066149": {"hotel_name": "\u6df1\u5733\u91d1\u838e\u65c5\u9986", "order_time": ["2019-01-06 00:00:28"], "total_order": 1, "hotel_value": ["3.6"], "hotel_price": ["89"]}, "468385": {"hotel_name": "\u6df1\u5733\u661f\u94c2\u9152\u5e97", "order_time": ["2019-01-06 00:02:21"], "total_order": 1, "hotel_value": ["4.5"], "hotel_price": ["304"]}, "474386": {"hotel_name": "\u7ef4\u4e5f\u7eb3\u9152\u5e97(\u6df1\u5733\u706b\u8f66\u7ad9\u5e97)", "order_time": ["2019-01-06 00:02:21"], "total_order": 1, "hotel_value": ["4.5"], "hotel_price": ["268"]}, "1513295": {"hotel_name": "\u6df1\u5733\u4e30\u5c45\u5546\u52a1\u9152\u5e97(\u539f\u4e30\u797a\u5c45\u9152\u5e97)", "order_time": ["2019-01-06 00:02:21"], "total_order": 1, "hotel_value": ["4.5"], "hotel_price": ["125"]}, "5053815": {"hotel_name": "\u4f73\u58eb\u94c2\u670d\u52a1\u516c\u5bd3(\u6df1\u5733\u9ad8\u65b0\u56ed\u5e97)", "order_time": ["2019-01-06 00:02:21"], "total_order": 1, "hotel_value": ["4.5"], "hotel_price": ["252"]}, "433905": {"hotel_name": "\u6df1\u5733\u5927\u6885\u6c99\u6e7e\u6e38\u8247\u5ea6\u5047\u9152\u5e97", "order_time": ["2019-01-06 00:02:21"], "total_order": 1, "hotel_value": ["4.7"], "hotel_price": ["578"]}, "345032": {"hotel_name": "\u6df1\u5733\u9999\u683c\u91cc\u62c9\u5927\u9152\u5e97", "order_time": ["2019-01-06 00:02:22"], "total_order": 1, "hotel_value": ["4.4"], "hotel_price": ["793"]}, "6902512": {"hotel_name": "\u7ef4\u4e5f\u7eb3\u9152\u5e97(\u6df1\u5733\u5e03\u5409\u5929\u8679\u5e97)", "order_time": ["2019-01-06 00:02:22"], "total_order": 1, "hotel_value": ["4.8"], "hotel_price": ["269"]}, "2879082": {"hotel_name": "\u6df1\u5733\u5609\u60a6\u7cbe\u54c1\u9152\u5e97", "order_time": ["2019-01-06 00:42:22", "2019-01-06 00:02:22"], "total_order": 2, "hotel_value": ["4.4", "4.4"], "hotel_price": ["222", "222"]}, "1458173": {"hotel_name": "\u5c1a\u5c45\u9152\u5e97(\u6df1\u5733\u7f57\u6e56\u53e3\u5cb8\u5e97)", "order_time": ["2019-01-06 00:02:22"], "total_order": 1, "hotel_value": ["4.0"], "hotel_price": ["148"]}, "8538377": {"hotel_name": "\u5104\u7c73\u9152\u5e97(\u6df1\u5733\u5e03\u5409\u4e1c\u7ad9\u94c1\u4e1c\u8def\u5e97)", "order_time": ["2019-01-06 00:02:23", "2019-01-06 00:08:21"], "total_order": 2, "hotel_value": ["4.6", "4.6"], "hotel_price": ["93", "93"]}, "1595188": {"hotel_name": "\u6df1\u5733\u65c5\u5bb6\u6ee8\u6cb3\u65f6\u4ee3\u516c\u5bd3(\u539f\u6ee8\u6cb3\u65f6\u4ee3\u670d\u52a1\u5f0f\u516c\u5bd3)", "order_time": ["2019-01-06 00:02:23"], "total_order": 1, "hotel_value": ["4.2"], "hotel_price": ["330"]}, "23876798": {"hotel_name": "\u6607\u60a6\u9152\u5e97(\u6df1\u5733\u798f\u6c38\u5e97)", "order_time": ["2019-01-06 00:02:23"], "total_order": 1, "hotel_value": ["4.7"], "hotel_price": ["129"]}, "12481871": {"hotel_name": "\u7ef4\u4e5f\u7eb3\u597d\u7720\u56fd\u9645\u9152\u5e97(\u6df1\u5733\u65b0\u673a\u573a\u65d7\u8230\u5e97)", "order_time": ["2019-01-06 00:02:24"], "total_order": 1, "hotel_value": ["4.8"], "hotel_price": ["339"]}, "1609506": {"hotel_name": "\u6df1\u5733\u6e29\u5fb7\u59c6\u81f3\u5c0a\u9152\u5e97", "order_time": ["2019-01-06 00:02:24"], "total_order": 1, "hotel_value": ["4.6"], "hotel_price": ["883"]}, "4827202": {"hotel_name": "\u6df1\u5733\u987a\u5e73\u8fbe\u5bbe\u9986", "order_time": ["2019-01-06 00:02:24"], "total_order": 1, "hotel_value": ["3.6"], "hotel_price": ["111"]}, "6052488": {"hotel_name": "\u6df1\u5733\u661f\u8bed\u592a\u7a7a\u8231\u516c\u5bd3", "order_time": ["2019-01-06 00:04:20", "2019-01-06 00:36:22"], "total_order": 2, "hotel_value": ["4.4", "4.4"], "hotel_price": ["65", "65"]}, "10899043": {"hotel_name": "\u4e2d\u60e0\u00b7\u60a0\u96c5\u9152\u5e97(\u6df1\u5733\u79d1\u6280\u56ed\u524d\u6d77\u6843\u56ed\u5730\u94c1\u7ad9\u5e97)", "order_time": ["2019-01-06 00:04:20"], "total_order": 1, "hotel_value": ["4.6"], "hotel_price": ["386"]}, "22670066": {"hotel_name": "\u4e50\u6613\u4f4f\u65e0\u4eba\u667a\u6167\u9152\u5e97(\u6df1\u5733\u4e1c\u95e8\u5e97)", "order_time": ["2019-01-06 00:04:20"], "total_order": 1, "hotel_value": ["4.6"], "hotel_price": ["256"]}, "772991": {"hotel_name": "\u83b1\u5361\u94c2\u7f8e\u9152\u5e97(\u6df1\u5733\u56fd\u8d38\u5e97)", "order_time": ["2019-01-06 00:04:20", "2019-01-06 00:10:23"], "total_order": 2, "hotel_value": ["4.4", "4.4"], "hotel_price": ["266", "266"]}, "1055341": {"hotel_name": "\u57ce\u5e02\u4fbf\u6377\u9152\u5e97(\u6df1\u5733\u6e05\u6e56\u5730\u94c1\u7ad9\u5e97)", "order_time": ["2019-01-06 00:04:20"], "total_order": 1, "hotel_value": ["4.3"], "hotel_price": ["216"]}, "4690345": {"hotel_name": "\u6df1\u5733\u673a\u573a\u51ef\u60a6\u5609\u8f69\u9152\u5e97", "order_time": ["2019-01-06 00:04:20"], "total_order": 1, "hotel_value": ["4.6"], "hotel_price": ["650"]}, "371252": {"hotel_name": "\u8c6a\u6d3e\u7279\u534e\u7f8e\u8fbe\u5e7f\u573a\u9152\u5e97(\u6df1\u5733\u5317\u7ad9\u5e97)", "order_time": ["2019-01-06 00:04:21"], "total_order": 1, "hotel_value": ["4.5"], "hotel_price": ["477"]}, "371233": {"hotel_name": "\u6df1\u5733\u5927\u4e2d\u534e\u559c\u6765\u767b\u9152\u5e97", "order_time": ["2019-01-06 00:04:21"], "total_order": 1, "hotel_value": ["4.6"], "hotel_price": ["1045"]}, "535650": {"hotel_name": "\u6df1\u5733\u65b0\u4e16\u754c\u4f1f\u745e\u9152\u5e97(\u539f\u65b0\u4e16\u754c\u90fd\u6c47\u9152\u5e97\u516c\u5bd3)", "order_time": ["2019-01-06 00:04:21"], "total_order": 1, "hotel_value": ["4.6"], "hotel_price": ["519"]}, "385210": {"hotel_name": "\u6df1\u5733\u7687\u5eadV\u9152\u5e97", "order_time": ["2019-01-06 00:04:21"], "total_order": 1, "hotel_value": ["4.7"], "hotel_price": ["786"]}, "1597243": {"hotel_name": "\u6df1\u5733\u91d1\u798f\u6797\u9152\u5e97", "order_time": ["2019-01-06 00:04:21"], "total_order": 1, "hotel_value": ["3.9"], "hotel_price": ["207"]}, "22669191": {"hotel_name": "\u6df1\u5733\u84dd\u8393\u9152\u5e97", "order_time": ["2019-01-06 00:04:21"], "total_order": 1, "hotel_value": ["4.7"], "hotel_price": ["141"]}, "11092556": {"hotel_name": "\u6df1\u5733\u6e7e\u7ef4\u7eb3\u65af\u56fd\u9645\u516c\u5bd3", "order_time": ["2019-01-06 00:04:21"], "total_order": 1, "hotel_value": ["4.1"], "hotel_price": ["304"]}, "635247": {"hotel_name": "\u5357\u6d77\u4e4b\u661f\u9152\u5e97(\u6df1\u5733\u5b9d\u5b89\u5e97)", "order_time": ["2019-01-06 00:04:22", "2019-01-06 00:08:22"], "total_order": 2, "hotel_value": ["4.1", "4.1"], "hotel_price": ["169", "169"]}, "1599800": {"hotel_name": "7\u5929\u8fde\u9501\u9152\u5e97(\u6df1\u5733\u6c99\u4e95\u5e02\u6c11\u5e7f\u573a\u5e97)", "order_time": ["2019-01-06 00:04:22"], "total_order": 1, "hotel_value": ["4.5"], "hotel_price": ["126"]}, "3149110": {"hotel_name": "\u6df1\u5733\u597d\u5bb6\u56ed\u9152\u5e97", "order_time": ["2019-01-06 00:04:22"], "total_order": 1, "hotel_value": ["4.0"], "hotel_price": ["102"]}, "17142438": {"hotel_name": "\u7ef4\u4e5f\u7eb3\u9152\u5e97(\u6df1\u5733\u89c2\u6f9c\u5c71\u6c34\u7530\u56ed\u5e97)", "order_time": ["2019-01-06 00:04:22"], "total_order": 1, "hotel_value": ["4.9"], "hotel_price": ["210"]}, "11411654": {"hotel_name": "\u6df1\u5733\u798f\u745e\u8bd7\u9152\u5e97\u516c\u5bd3(\u632f\u5174\u9152\u5e97\u516c\u5bd3)", "order_time": ["2019-01-06 00:04:22"], "total_order": 1, "hotel_value": ["4.1"], "hotel_price": ["102"]}, "6161293": {"hotel_name": "\u57ce\u5e02\u4fbf\u6377\u9152\u5e97(\u6df1\u5733\u5858\u5c3e\u5730\u94c1\u7ad9\u5e97)", "order_time": ["2019-01-06 00:04:22", "2019-01-06 00:30:24"], "total_order": 2, "hotel_value": ["4.7", "4.7"], "hotel_price": ["157", "157"]}, "1544166": {"hotel_name": "\u6df1\u5733\u6052\u6e56\u5546\u52a1\u9152\u5e97", "order_time": ["2019-01-06 00:04:22"], "total_order": 1, "hotel_value": ["4.2"], "hotel_price": ["215"]}, "1192561": {"hotel_name": "7\u5929\u8fde\u9501\u9152\u5e97(\u6df1\u5733\u9f99\u534e\u6c11\u6cbb\u5e97)", "order_time": ["2019-01-06 00:04:23"], "total_order": 1, "hotel_value": ["4.3"], "hotel_price": ["149"]}, "875425": {"hotel_name": "\u9526\u6c5f\u4e4b\u661f(\u6df1\u5733\u798f\u6c11\u5730\u94c1\u7ad9\u5e97)", "order_time": ["2019-01-06 00:06:21"], "total_order": 1, "hotel_value": ["4.5"], "hotel_price": ["258"]}, "1007488": {"hotel_name": "\u6d3e\u9152\u5e97(\u6df1\u5733\u4e1c\u95e8\u6b65\u884c\u8857\u5e97)", "order_time": ["2019-01-06 00:14:22", "2019-01-06 00:06:21"], "total_order": 2, "hotel_value": ["4.6", "4.6"], "hotel_price": ["178", "178"]}, "22678159": {"hotel_name": "\u591a\u4f26\u591a\u9152\u5e97(\u6df1\u5733\u524d\u6d77\u8def\u5e97)", "order_time": ["2019-01-06 00:06:21"], "total_order": 1, "hotel_value": ["4.6"], "hotel_price": ["318"]}, "931227": {"hotel_name": "\u6df1\u5733\u540d\u7ca4\u822b\u9152\u5e97", "order_time": ["2019-01-06 00:06:21"], "total_order": 1, "hotel_value": ["4.2"], "hotel_price": ["408"]}, "22421206": {"hotel_name": "\u5586\u5561\u9152\u5e97(\u6df1\u5733\u534e\u5357\u57ce\u5e97)", "order_time": ["2019-01-06 00:06:22"], "total_order": 1, "hotel_value": ["4.8"], "hotel_price": ["232"]}, "1255731": {"hotel_name": "\u6211\u5bb6\u9152\u5e97(\u6df1\u5733\u5742\u7530\u534e\u4e3a\u57fa\u5730\u5e97)", "order_time": ["2019-01-06 00:06:22"], "total_order": 1, "hotel_value": ["3.8"], "hotel_price": ["178"]}, "6332129": {"hotel_name": "\u6df1\u5733\u6c11\u4e30\u516c\u5bd3", "order_time": ["2019-01-06 00:06:23"], "total_order": 1, "hotel_value": ["3.6"], "hotel_price": ["81"]}, "6107141": {"hotel_name": "\u6df1\u5733\u5e0c\u60a6\u9152\u5e97", "order_time": ["2019-01-06 00:06:23"], "total_order": 1, "hotel_value": ["4.6"], "hotel_price": ["179"]}, "807344": {"hotel_name": "\u6df1\u5733\u5927\u4e16\u754c\u5bbe\u9986", "order_time": ["2019-01-06 00:06:23"], "total_order": 1, "hotel_value": ["4.0"], "hotel_price": ["128"]}, "6865122": {"hotel_name": "\u6df1\u5733\u8d4f\u60a6\u9152\u5e97", "order_time": ["2019-01-06 00:06:23"], "total_order": 1, "hotel_value": ["3.8"], "hotel_price": ["162"]}, "806421": {"hotel_name": "\u6df1\u5733\u5357\u6d32\u5bbe\u9986", "order_time": ["2019-01-06 00:06:23"], "total_order": 1, "hotel_value": ["3.7"], "hotel_price": ["120"]}, "1200011": {"hotel_name": "99\u65c5\u9986\u8fde\u9501(\u6df1\u5733\u5742\u7530\u5730\u94c1\u7ad9\u5e97)", "order_time": ["2019-01-06 00:06:23"], "total_order": 1, "hotel_value": ["4.4"], "hotel_price": ["122"]}, "4603715": {"hotel_name": "\u6df1\u5733\u7f57\u9a6c\u661f\u57ce\u9152\u5e97", "order_time": ["2019-01-06 00:06:23"], "total_order": 1, "hotel_value": ["4.2"], "hotel_price": ["104"]}, "2140831": {"hotel_name": "\u6df1\u5733\u5170\u9047\u9152\u5e97", "order_time": ["2019-01-06 00:06:23"], "total_order": 1, "hotel_value": ["4.3"], "hotel_price": ["85"]}, "1544277": {"hotel_name": "168\u8fde\u9501\u9152\u5e97(\u6df1\u5733\u56db\u8054\u8def\u5e97)(\u539f\u661f\u6e2f\u8fce\u5bbe\u9986)", "order_time": ["2019-01-06 00:06:23"], "total_order": 1, "hotel_value": ["4.3"], "hotel_price": ["148"]}, "1107310": {"hotel_name": "80\u9752\u5e74\u9152\u5e97(\u6df1\u5733\u56fa\u620d\u5e97)", "order_time": ["2019-01-06 00:06:24"], "total_order": 1, "hotel_value": ["3.8"], "hotel_price": ["115"]}, "802771": {"hotel_name": "\u6df1\u5733\u5c0f\u9152\u7a9d\u5ba2\u6808", "order_time": ["2019-01-06 00:06:24"], "total_order": 1, "hotel_value": ["4.6"], "hotel_price": ["158"]}, "4825974": {"hotel_name": "\u6df1\u5733\u5b9d\u5229\u5546\u52a1\u9152\u5e97", "order_time": ["2019-01-06 00:06:24"], "total_order": 1, "hotel_value": ["3.3"], "hotel_price": ["92"]}, "1546618": {"hotel_name": "\u6df1\u5733\u745e\u90fd\u9152\u5e97", "order_time": ["2019-01-06 00:06:24"], "total_order": 1, "hotel_value": ["4.1"], "hotel_price": ["90"]}, "6053077": {"hotel_name": "\u6df1\u5733\u540e\u6d77\u5feb\u6377\u9152\u5e97", "order_time": ["2019-01-06 00:06:26"], "total_order": 1, "hotel_value": ["3.7"], "hotel_price": ["152"]}, "432848": {"hotel_name": "\u6df1\u5733\u4e0a\u6d77\u5bbe\u9986", "order_time": ["2019-01-06 00:06:26"], "total_order": 1, "hotel_value": ["4.6"], "hotel_price": ["389"]}, "1744477": {"hotel_name": "\u91d1\u6cfd\u7cbe\u54c1\u9152\u5e97(\u6df1\u5733\u4e1c\u7ad9\u5e03\u5409\u5e97)", "order_time": ["2019-01-06 00:08:20"], "total_order": 1, "hotel_value": ["4.3"], "hotel_price": ["156"]}, "458869": {"hotel_name": "\u6c49\u5ead\u9152\u5e97(\u6df1\u5733\u4e1c\u95e8\u6b65\u884c\u8857\u5e97)(\u539f\u4e50\u56ed\u8def\u5e97)", "order_time": ["2019-01-06 00:08:20"], "total_order": 1, "hotel_value": ["4.4"], "hotel_price": ["168"]}, "1600408": {"hotel_name": "\u987a\u535a\u8fde\u9501\u5bbe\u9986(\u6df1\u5733\u4e1c\u95e8\u5e97)", "order_time": ["2019-01-06 00:08:21"], "total_order": 1, "hotel_value": ["4.0"], "hotel_price": ["104"]}, "5860925": {"hotel_name": "\u6df1\u5733\u6ee8\u6cb3\u65f6\u4ee3\u4e9a\u6735S\u9152\u5e97", "order_time": ["2019-01-06 00:08:21"], "total_order": 1, "hotel_value": ["4.8"], "hotel_price": ["707"]}, "436535": {"hotel_name": "\u7c73\u5170\u65f6\u5c1a\u9152\u5e97(\u6df1\u5733\u9f99\u534e\u5e97)", "order_time": ["2019-01-06 00:08:21"], "total_order": 1, "hotel_value": ["4.2"], "hotel_price": ["202"]}, "1595935": {"hotel_name": "\u6d77\u53cb\u9152\u5e97(\u6df1\u5733\u5b9d\u5b89\u7ffb\u8eab\u8def\u5e97)", "order_time": ["2019-01-06 00:08:21"], "total_order": 1, "hotel_value": ["4.0"], "hotel_price": ["153"]}, "22241466": {"hotel_name": "\u66fc\u54c8\u987f\u65f6\u5c1a\u9152\u5e97(\u6df1\u5733\u516c\u660e\u5e97)", "order_time": ["2019-01-06 00:08:21"], "total_order": 1, "hotel_value": ["4.8"], "hotel_price": ["130"]}, "485036": {"hotel_name": "\u6df1\u5733\u56db\u5b63\u9152\u5e97", "order_time": ["2019-01-06 00:08:22"], "total_order": 1, "hotel_value": ["4.7"], "hotel_price": ["1250"]}, "1600148": {"hotel_name": "\u7ef4\u4e5f\u7eb3\u9152\u5e97(\u6df1\u5733\u77f3\u5ca9\u6c7d\u8f66\u7ad9\u5e97)", "order_time": ["2019-01-06 00:08:22"], "total_order": 1, "hotel_value": ["4.8"], "hotel_price": ["224"]}, "1600222": {"hotel_name": "\u6d77\u53cb\u9152\u5e97(\u6df1\u5733\u4f1a\u5c55\u4e2d\u5fc3\u5e97)", "order_time": ["2019-01-06 00:08:22"], "total_order": 1, "hotel_value": ["3.9"], "hotel_price": ["154"]}, "6688546": {"hotel_name": "\u6df1\u5733\u4e54\u6cbb\u5bb6\u6c11\u5bbf", "order_time": ["2019-01-06 00:08:22"], "total_order": 1, "hotel_value": ["4.7"], "hotel_price": ["132"]}, "1304227": {"hotel_name": "\u76c8\u5ba2\u65f6\u5c1a\u9152\u5e97(\u6df1\u5733\u6e2f\u9686\u57ce\u5e97)", "order_time": ["2019-01-06 00:08:22"], "total_order": 1, "hotel_value": ["4.2"], "hotel_price": ["122"]}, "5812638": {"hotel_name": "\u6df1\u5733\u5706\u68a6\u6d6a\u6f2b\u4e3b\u9898\u9152\u5e97", "order_time": ["2019-01-06 00:08:23", "2019-01-06 00:46:21", "2019-01-06 00:36:22"], "total_order": 3, "hotel_value": ["3.8", "3.8", "3.8"], "hotel_price": ["121", "121", "121"]}, "1106164": {"hotel_name": "\u6df1\u5733\u592a\u9633\u57ce\u9152\u5e97", "order_time": ["2019-01-06 00:08:23"], "total_order": 1, "hotel_value": ["4.0"], "hotel_price": ["162"]}, "1221985": {"hotel_name": "\u4e03\u6a59\u9152\u5e97(\u6df1\u5733\u5927\u65b0\u5730\u94c1\u7ad9\u6df1\u5733\u5927\u5b66\u5e97)(\u539f\u5357\u82d1\u5546\u52a1\u5bbe\u9986)", "order_time": ["2019-01-06 00:08:23"], "total_order": 1, "hotel_value": ["4.0"], "hotel_price": ["106"]}, "833211": {"hotel_name": "\u6df1\u5733\u65e9\u6668\u9152\u5e97", "order_time": ["2019-01-06 00:08:23"], "total_order": 1, "hotel_value": ["4.0"], "hotel_price": ["110"]}, "3265535": {"hotel_name": "\u6df1\u5733\u798f\u96c5\u6e90\u9152\u5e97", "order_time": ["2019-01-06 00:08:24"], "total_order": 1, "hotel_value": ["4.0"], "hotel_price": ["130"]}, "2535784": {"hotel_name": "\u57ce\u5e02\u4fbf\u6377\u9152\u5e97(\u6df1\u5733\u9f99\u534e\u6cb9\u677e\u5e97)(\u539f\u6cb9\u677e\u4e07\u4f17\u57ce\u5e97)", "order_time": ["2019-01-06 00:10:23"], "total_order": 1, "hotel_value": ["4.6"], "hotel_price": ["221"]}, "1102832": {"hotel_name": "\u6df1\u5733\u661f\u5ea7\u65f6\u5c1a\u9152\u5e97(\u9f99\u80dc\u5730\u94c1\u7ad9\u5e97)", "order_time": ["2019-01-06 00:10:23"], "total_order": 1, "hotel_value": ["4.0"], "hotel_price": ["128"]}, "8565765": {"hotel_name": "\u6df1\u5733\u57ce\u5e02\u7cbe\u54c1\u9152\u5e97\u677e\u5c97\u5e97", "order_time": ["2019-01-06 00:10:23"], "total_order": 1, "hotel_value": ["4.4"], "hotel_price": ["93"]}, "6837895": {"hotel_name": "\u6df1\u5733\u7a9d\u9014\u7cbe\u54c1\u5ba2\u6808\u5317\u7ad9\u5e97", "order_time": ["2019-01-06 00:10:24"], "total_order": 1, "hotel_value": ["4.1"], "hotel_price": ["169"]}, "1578318": {"hotel_name": "\u6df1\u5733\u9f99\u8c6a\u9152\u5e97", "order_time": ["2019-01-06 00:10:24"], "total_order": 1, "hotel_value": ["3.8"], "hotel_price": ["158"]}, "4835786": {"hotel_name": "\u6df1\u5733\u5b89\u7136\u9f50\u529b\u8fde\u9501\u9152\u5e97", "order_time": ["2019-01-06 00:10:25"], "total_order": 1, "hotel_value": ["4.6"], "hotel_price": ["134"]}, "1098512": {"hotel_name": "\u6df1\u5733\u6d45\u6d77\u6e7e\u4f11\u95f2\u9152\u5e97", "order_time": ["2019-01-06 00:10:25"], "total_order": 1, "hotel_value": ["4.0"], "hotel_price": ["185"]}, "6744284": {"hotel_name": "\u6df1\u5733\u9f99\u534e\u6f9c\u57ce\u5bbe\u9986", "order_time": ["2019-01-06 00:10:26"], "total_order": 1, "hotel_value": ["3.9"], "hotel_price": ["94"]}, "1232569": {"hotel_name": "\u6df1\u5733\u65b9\u9f0e\u7cbe\u54c1\u5546\u52a1\u9152\u5e97", "order_time": ["2019-01-06 00:12:24"], "total_order": 1, "hotel_value": ["4.3"], "hotel_price": ["358"]}, "17535038": {"hotel_name": "\u6df1\u5733\u673a\u573a\u51ef\u60a6\u9152\u5e97", "order_time": ["2019-01-06 00:12:24"], "total_order": 1, "hotel_value": ["4.7"], "hotel_price": ["725"]}, "8960860": {"hotel_name": "\u6df1\u5733\u79d1\u521b\u9152\u5e97", "order_time": ["2019-01-06 00:12:24"], "total_order": 1, "hotel_value": ["4.5"], "hotel_price": ["398"]}, "1098172": {"hotel_name": "\u6df1\u5733\u5c1a\u666f\u9152\u5e97", "order_time": ["2019-01-06 00:12:25"], "total_order": 1, "hotel_value": ["4.6"], "hotel_price": ["227"]}, "13785743": {"hotel_name": "\u6df1\u5733\u5609\u745e\u57ce\u827a\u672f\u9152\u5e97(\u5927\u6d6a\u5e97)", "order_time": ["2019-01-06 00:12:25"], "total_order": 1, "hotel_value": ["4.3"], "hotel_price": ["151"]}, "2380689": {"hotel_name": "\u57ce\u5e02\u4fbf\u6377\u9152\u5e97\u8fde\u9501(\u6df1\u5733\u6df1\u5357\u8def\u6df1\u5733\u5927\u5b66\u5e97)", "order_time": ["2019-01-06 00:12:25"], "total_order": 1, "hotel_value": ["4.2"], "hotel_price": ["230"]}, "1034539": {"hotel_name": "\u5609\u79a7\u8fde\u9501\u9152\u5e97(\u6df1\u5733\u56fa\u620d\u5e97)", "order_time": ["2019-01-06 00:12:25"], "total_order": 1, "hotel_value": ["3.9"], "hotel_price": ["134"]}, "661437": {"hotel_name": "\u6df1\u5733\u5e02\u67cf\u65af\u987f(\u7a7a\u4e2d)\u82b1\u56ed\u9152\u5e97", "order_time": ["2019-01-06 00:12:25"], "total_order": 1, "hotel_value": ["4.5"], "hotel_price": ["238"]}, "6120363": {"hotel_name": "\u6df1\u5733\u7406\u60f3\u4e4b\u5bb6\u516c\u5bd3(\u539f\u7406\u76f8\u4e4b\u5bb6\u516c\u5bd3)", "order_time": ["2019-01-06 00:12:25"], "total_order": 1, "hotel_value": ["4.2"], "hotel_price": ["218"]}, "5999875": {"hotel_name": "\u6df1\u5733\u5c0f\u4e94\u661f\u9152\u5e97", "order_time": ["2019-01-06 00:12:25", "2019-01-06 00:36:23"], "total_order": 2, "hotel_value": ["4.5", "4.5"], "hotel_price": ["170", "170"]}, "7062154": {"hotel_name": "\u7ef4\u4e5f\u7eb3\u56fd\u9645\u9152\u5e97(\u6df1\u5733\u5927\u9e4f\u8475\u5357\u5e97)", "order_time": ["2019-01-06 00:12:26"], "total_order": 1, "hotel_value": ["4.8"], "hotel_price": ["359"]}, "28680537": {"hotel_name": "\u9e97\u67ab\u9152\u5e97(\u6df1\u5733\u897f\u4e3d\u5730\u94c1\u7ad9\u5e97)", "order_time": ["2019-01-06 00:12:26"], "total_order": 1, "hotel_value": [0], "hotel_price": ["287"]}, "6009641": {"hotel_name": "7\u5929\u8fde\u9501\u9152\u5e97(\u6df1\u5733\u6c99\u5c3e\u5730\u94c1\u7ad9\u5e97)", "order_time": ["2019-01-06 00:12:26"], "total_order": 1, "hotel_value": ["3.6"], "hotel_price": ["198"]}, "2364144": {"hotel_name": "\u6df1\u5733\u94f6\u7687\u5546\u52a1\u9152\u5e97", "order_time": ["2019-01-06 00:12:26", "2019-01-06 00:36:23"], "total_order": 2, "hotel_value": ["3.7", "3.7"], "hotel_price": ["102", "102"]}, "4826608": {"hotel_name": "\u6df1\u5733\u7eb3\u5c14\u65af\u5546\u52a1\u9152\u5e97", "order_time": ["2019-01-06 00:12:26"], "total_order": 1, "hotel_value": ["4.4"], "hotel_price": ["160"]}, "1065496": {"hotel_name": "\u9014\u5ba2\u4e2d\u56fd\u9152\u5e97\uff08\u6df1\u5733\u5317\u7ad9\u9f99\u534e\u5730\u94c1\u7ad9\u5e97\uff09\uff08\u539f\u6df1\u5733\u540c\u6cf0\u9152\u5e97\uff09", "order_time": ["2019-01-06 00:12:26"], "total_order": 1, "hotel_value": ["4.5"], "hotel_price": ["209"]}, "927236": {"hotel_name": "\u6df1\u5733\u660c\u5cf0\u5546\u52a1\u65c5\u9986", "order_time": ["2019-01-06 00:12:26"], "total_order": 1, "hotel_value": ["3.1"], "hotel_price": ["131"]}, "26565452": {"hotel_name": "\u6df1\u5733\u91d1\u8377\u82b1\u9152\u5e97", "order_time": ["2019-01-06 00:12:27"], "total_order": 1, "hotel_value": [0], "hotel_price": ["102"]}, "4437691": {"hotel_name": "\u6df1\u5733\u5bb6\u5174\u5546\u52a1\u5bbe\u9986", "order_time": ["2019-01-06 00:12:27"], "total_order": 1, "hotel_value": ["4.3"], "hotel_price": ["125"]}, "2353713": {"hotel_name": "\u6df1\u573324\u5c0f\u65f6\u7ecf\u6d4e\u9152\u5e97", "order_time": ["2019-01-06 00:12:27"], "total_order": 1, "hotel_value": ["4.4"], "hotel_price": ["108"]}, "1212410": {"hotel_name": "\u6df1\u5733\u4e1c\u95e8\u5c45\u9152\u5e97\u5f0f\u516c\u5bd3", "order_time": ["2019-01-06 00:12:28"], "total_order": 1, "hotel_value": ["4.2"], "hotel_price": ["256"]}, "6997331": {"hotel_name": "\u7687\u671d\u5546\u52a1\u9152\u5e97(\u6df1\u5733\u798f\u7530\u53e3\u5cb8\u5e97)", "order_time": ["2019-01-06 00:12:28"], "total_order": 1, "hotel_value": ["4.4"], "hotel_price": ["346"]}, "535483": {"hotel_name": "\u7f8e\u8c6a\u4e3d\u81f4\u9152\u5e97(\u6df1\u5733\u798f\u7530\u4f1a\u5c55\u4e2d\u5fc3\u5e97)", "order_time": ["2019-01-06 00:12:32", "2019-01-06 00:34:23"], "total_order": 2, "hotel_value": ["4.6", "4.6"], "hotel_price": ["640", "640"]}, "19630852": {"hotel_name": "\u6df1\u5733\u82e5\u73ba\u9152\u5e97", "order_time": ["2019-01-06 00:14:22", "2019-01-06 00:16:21"], "total_order": 2, "hotel_value": ["4.8", "4.8"], "hotel_price": ["651", "651"]}, "26616612": {"hotel_name": "\u6591\u6593\u5bb6\u516c\u5bd3(\u6df1\u5733\u4f1a\u5c55\u4e2d\u5fc3\u5e97)", "order_time": ["2019-01-06 00:14:22"], "total_order": 1, "hotel_value": ["4.9"], "hotel_price": ["459"]}, "6044419": {"hotel_name": "\u7ef4\u4e5f\u7eb3\u56fd\u9645\u9152\u5e97(\u6df1\u5733\u5e03\u5409\u5927\u82ac\u5e97)", "order_time": ["2019-01-06 00:14:22"], "total_order": 1, "hotel_value": ["4.8"], "hotel_price": ["279"]}, "6063810": {"hotel_name": "\u7ef4\u4e5f\u7eb3\u9152\u5e97(\u6df1\u5733\u5b9d\u5b89\u65b0\u5b89\u5e97)", "order_time": ["2019-01-06 00:14:23"], "total_order": 1, "hotel_value": ["4.8"], "hotel_price": ["318"]}, "9151493": {"hotel_name": "\u5e0c\u5cb8\u8f7b\u96c5\u9152\u5e97(\u6df1\u5733\u5357\u5c71\u897f\u4e3d\u5e97)", "order_time": ["2019-01-06 00:14:23", "2019-01-06 00:32:21"], "total_order": 2, "hotel_value": ["4.5", "4.5"], "hotel_price": ["304", "304"]}, "5939367": {"hotel_name": "\u6df1\u5733\u704f\u666f\u7cbe\u54c1\u9152\u5e97", "order_time": ["2019-01-06 00:48:23", "2019-01-06 00:14:23"], "total_order": 2, "hotel_value": ["4.6", "4.6"], "hotel_price": ["218", "218"]}, "6874161": {"hotel_name": "\u6df1\u5733\u6717\u8c6a\u9152\u5e97", "order_time": ["2019-01-06 00:14:23"], "total_order": 1, "hotel_value": ["4.2"], "hotel_price": ["217"]}, "3657244": {"hotel_name": "\u7ef4\u4e5f\u7eb3\u9152\u5e97(\u6df1\u5733\u5751\u6893\u83b9\u5c55\u82b1\u56ed\u5e97)", "order_time": ["2019-01-06 00:14:23"], "total_order": 1, "hotel_value": ["4.8"], "hotel_price": ["209"]}, "1548072": {"hotel_name": "\u6df1\u5733\u65b0\u65fa\u8bb0\u9152\u5e97", "order_time": ["2019-01-06 00:14:23"], "total_order": 1, "hotel_value": ["4.3"], "hotel_price": ["169"]}, "1518304": {"hotel_name": "\u6df1\u5733\u6cf0\u83b1\u5546\u52a1\u9152\u5e97", "order_time": ["2019-01-06 00:14:23"], "total_order": 1, "hotel_value": ["4.5"], "hotel_price": ["188"]}, "6848051": {"hotel_name": "\u6df1\u5733\u5b8f\u827a\u5c45\u5546\u52a1\u5bbe\u9986", "order_time": ["2019-01-06 00:14:26"], "total_order": 1, "hotel_value": [0], "hotel_price": ["103"]}, "16070915": {"hotel_name": "\u6df1\u5733M HOTEL\u6728\u96c5\u9152\u5e97", "order_time": ["2019-01-06 00:16:21"], "total_order": 1, "hotel_value": ["4.6"], "hotel_price": ["518"]}, "5306160": {"hotel_name": "\u7ef4\u4e5f\u7eb3\u9152\u5e97(\u6df1\u5733\u77f3\u5ca9\u77f3\u9f99\u793e\u533a\u5e97)", "order_time": ["2019-01-06 00:16:21"], "total_order": 1, "hotel_value": ["4.8"], "hotel_price": ["256"]}, "1457379": {"hotel_name": "\u5170\u5179\u9152\u5e97(\u6df1\u5733\u897f\u4e3d\u5e97)", "order_time": ["2019-01-06 00:16:21"], "total_order": 1, "hotel_value": ["4.4"], "hotel_price": ["188"]}, "916670": {"hotel_name": "\u7ef4\u4e5f\u7eb3\u56fd\u9645\u9152\u5e97(\u6df1\u5733\u65b0\u6d32\u5e97)", "order_time": ["2019-01-06 00:16:21"], "total_order": 1, "hotel_value": ["4.7"], "hotel_price": ["316"]}, "5973243": {"hotel_name": "\u7ef4\u4e5f\u7eb3\u9152\u5e97(\u6df1\u5733\u9f99\u534e\u5927\u6d6a\u670d\u88c5\u57fa\u5730\u5e97)", "order_time": ["2019-01-06 00:16:21"], "total_order": 1, "hotel_value": ["4.8"], "hotel_price": ["229"]}, "536405": {"hotel_name": "\u547c\u565c\u6808\u9152\u5e97(\u6df1\u5733\u4e2d\u4fe1\u5e97)", "order_time": ["2019-01-06 00:16:21"], "total_order": 1, "hotel_value": ["4.5"], "hotel_price": ["239"]}, "5426624": {"hotel_name": "\u6df1\u5733\u9ad8\u9038\u8fde\u9501\u9152\u5e97", "order_time": ["2019-01-06 00:16:24"], "total_order": 1, "hotel_value": ["4.5"], "hotel_price": ["112"]}, "6836432": {"hotel_name": "\u6df1\u5733\u4f0a\u9999\u56ed\u5546\u52a1\u9152\u5e97\u5b9d\u5b89\u56fd\u9645\u673a\u573a\u5e97", "order_time": ["2019-01-06 00:16:24"], "total_order": 1, "hotel_value": [0], "hotel_price": ["188"]}, "1606355": {"hotel_name": "U-HOME\u516c\u5bd3(\u6df1\u5733\u6ee8\u6cb3\u65f6\u4ee3\u5e97)", "order_time": ["2019-01-06 00:28:27", "2019-01-06 00:16:28", "2019-01-06 00:46:27"], "total_order": 3, "hotel_value": ["4.6", "4.6", "4.6"], "hotel_price": ["379", "379", "379"]}, "1438237": {"hotel_name": "\u6df1\u5733\u6e7e\u79d1\u6280\u56ed\u4e3d\u96c5\u67e5\u5c14\u987f\u9152\u5e97", "order_time": ["2019-01-06 00:18:21", "2019-01-06 00:38:23", "2019-01-06 00:24:20"], "total_order": 3, "hotel_value": ["4.6", "4.6", "4.6"], "hotel_price": ["602", "602", "602"]}, "5804070": {"hotel_name": "\u4e03\u6a59\u9152\u5e97(\u6df1\u5733\u5317\u7ad9\u6c11\u6cbb\u5e97)", "order_time": ["2019-01-06 00:18:21"], "total_order": 1, "hotel_value": ["4.1"], "hotel_price": ["123"]}, "436332": {"hotel_name": "\u5c71\u6c34\u65f6\u5c1a\u9152\u5e97(\u6df1\u5733\u7f57\u6e56\u53e3\u5cb8\u5e97)", "order_time": ["2019-01-06 00:18:21"], "total_order": 1, "hotel_value": ["4.5"], "hotel_price": ["251"]}, "479303": {"hotel_name": "\u6df1\u5733\u5e7f\u73c5\u5927\u9152\u5e97", "order_time": ["2019-01-06 00:18:22"], "total_order": 1, "hotel_value": ["4.0"], "hotel_price": ["219"]}, "12523164": {"hotel_name": "\u5e7f\u573a\u56db\u5b63\u9152\u5e97(\u6df1\u5733\u516c\u660e\u5929\u8679\u5e97)", "order_time": ["2019-01-06 00:18:22"], "total_order": 1, "hotel_value": ["4.7"], "hotel_price": ["138"]}, "1011144": {"hotel_name": "\u7ef4\u4e5f\u7eb3\u9152\u5e97(\u6df1\u5733\u5357\u8054\u5730\u94c1\u7ad9\u5e97)", "order_time": ["2019-01-06 00:18:22"], "total_order": 1, "hotel_value": ["4.8"], "hotel_price": ["276"]}, "10230101": {"hotel_name": "\u6df1\u5733\u82cf\u96c5\u9152\u5e97", "order_time": ["2019-01-06 00:18:22"], "total_order": 1, "hotel_value": ["4.5"], "hotel_price": ["137"]}, "1597566": {"hotel_name": "\u5feb\u5ba2\u8fde\u9501\u9152\u5e97(\u6df1\u5733\u7ea2\u6842\u8def\u5e97)", "order_time": ["2019-01-06 00:18:22"], "total_order": 1, "hotel_value": ["3.7"], "hotel_price": ["132"]}, "5250307": {"hotel_name": "\u6df1\u5733\u91d1\u6c47\u57ce\u5546\u52a1\u9152\u5e97", "order_time": ["2019-01-06 00:18:23"], "total_order": 1, "hotel_value": ["3.4"], "hotel_price": ["159"]}, "997561": {"hotel_name": "\u6df1\u5733\u534e\u5546\u5bbe\u9986", "order_time": ["2019-01-06 00:18:23"], "total_order": 1, "hotel_value": ["4.0"], "hotel_price": ["113"]}, "5768270": {"hotel_name": "\u5929\u7199\u9ad8\u7ea7\u5546\u52a1\u516c\u5bd3(\u6df1\u5733ONE39\u5e97)", "order_time": ["2019-01-06 00:20:20"], "total_order": 1, "hotel_value": ["4.6"], "hotel_price": ["299"]}, "1195066": {"hotel_name": "\u6df1\u5733\u5e73\u5b89\u56fd\u9645\u9152\u5e97", "order_time": ["2019-01-06 00:20:20", "2019-01-06 00:28:21"], "total_order": 2, "hotel_value": ["4.6", "4.6"], "hotel_price": ["723", "723"]}, "1600211": {"hotel_name": "\u683c\u6797\u8054\u76df\u9152\u5e97(\u6df1\u5733\u86c7\u53e3\u6d77\u4e0a\u4e16\u754c\u592a\u5b50\u8def\u5e97)", "order_time": ["2019-01-06 00:20:21"], "total_order": 1, "hotel_value": ["4.3"], "hotel_price": ["234"]}, "3180282": {"hotel_name": "\u6df1\u5733\u4e1c\u4f73\u7cbe\u54c1\u9152\u5e97", "order_time": ["2019-01-06 00:20:21"], "total_order": 1, "hotel_value": ["4.1"], "hotel_price": ["215"]}, "12500173": {"hotel_name": "\u6df1\u5733\u6854\u9493\u6c99\u83b1\u534e\u5ea6\u5047\u9152\u5e97", "order_time": ["2019-01-06 00:20:21"], "total_order": 1, "hotel_value": ["4.5"], "hotel_price": ["1676"]}, "8565769": {"hotel_name": "\u6df1\u5733\u795e\u821f\u767e\u745e\u8fbe\u516c\u5bd3\u9152\u5e97", "order_time": ["2019-01-06 00:20:21"], "total_order": 1, "hotel_value": ["4.7"], "hotel_price": ["244"]}, "3645237": {"hotel_name": "\u6df1\u5733\u5929\u5b8f\u5feb\u6377\u9152\u5e97", "order_time": ["2019-01-06 00:20:24"], "total_order": 1, "hotel_value": ["2.8"], "hotel_price": ["109"]}, "1807225": {"hotel_name": "\u6df1\u5733\u541b\u6f9c\u9152\u5e97", "order_time": ["2019-01-06 00:22:21"], "total_order": 1, "hotel_value": ["4.3"], "hotel_price": ["237"]}, "6837771": {"hotel_name": "\u6df1\u5733\u5fbd\u97f5\u5546\u52a1\u9152\u5e97", "order_time": ["2019-01-06 00:22:21"], "total_order": 1, "hotel_value": ["4.6"], "hotel_price": ["91"]}, "925657": {"hotel_name": "\u6df1\u5733\u56db\u5ddd\u5bbe\u9986", "order_time": ["2019-01-06 00:22:21"], "total_order": 1, "hotel_value": ["4.5"], "hotel_price": ["378"]}, "2124225": {"hotel_name": "\u6df1\u5733\u672c\u4e30\u5546\u52a1\u9152\u5e97", "order_time": ["2019-01-06 00:22:22"], "total_order": 1, "hotel_value": ["4.2"], "hotel_price": ["188"]}, "512596": {"hotel_name": "\u6df1\u5733\u661f\u96c5\u8f69\u9152\u5e97", "order_time": ["2019-01-06 00:22:22"], "total_order": 1, "hotel_value": ["4.5"], "hotel_price": ["282"]}, "3067352": {"hotel_name": "\u6df1\u5733\u4e3d\u661f\u4e39\u987f\u516c\u5bd3(\u539f\u4e3d\u601d\u4e39\u987f\u516c\u5bd3)", "order_time": ["2019-01-06 00:22:22"], "total_order": 1, "hotel_value": ["4.6"], "hotel_price": ["219"]}, "7113955": {"hotel_name": "\u6df1\u5733\u767e\u60a6\u9152\u5e97", "order_time": ["2019-01-06 00:22:23"], "total_order": 1, "hotel_value": ["4.6"], "hotel_price": ["157"]}, "6472868": {"hotel_name": "\u6df1\u5733\u4e3d\u601d\u9152\u5e97", "order_time": ["2019-01-06 00:22:23"], "total_order": 1, "hotel_value": ["4.3"], "hotel_price": ["178"]}, "23816064": {"hotel_name": "\u6591\u6593\u5bb6\u516c\u5bd3(\u6df1\u5733\u6ee8\u6cb3\u65f6\u4ee3\u5e97)", "order_time": ["2019-01-06 00:22:23"], "total_order": 1, "hotel_value": ["4.8"], "hotel_price": ["323"]}, "2167848": {"hotel_name": "\u6df1\u5733\u91d1\u99a8\u5546\u52a1\u9152\u5e97", "order_time": ["2019-01-06 00:22:23"], "total_order": 1, "hotel_value": ["3.9"], "hotel_price": ["135"]}, "5767417": {"hotel_name": "\u683c\u6797\u8054\u76df\u9152\u5e97(\u6df1\u5733\u798f\u6c38\u6c7d\u8f66\u7ad9\u5e97)", "order_time": ["2019-01-06 00:22:24"], "total_order": 1, "hotel_value": ["4.4"], "hotel_price": ["111"]}, "1334487": {"hotel_name": "\u6df1\u5733\u767e\u7eb3\u5546\u52a1\u516c\u5bd3(\u539f\u767e\u7eb3\u9152\u5e97\u516c\u5bd3)", "order_time": ["2019-01-06 00:22:24"], "total_order": 1, "hotel_value": ["4.3"], "hotel_price": ["227"]}, "2882576": {"hotel_name": "\u6df1\u5733\u7fd4\u6797\u65f6\u5c1a\u9152\u5e97", "order_time": ["2019-01-06 00:22:24"], "total_order": 1, "hotel_value": ["4.0"], "hotel_price": ["103"]}, "806525": {"hotel_name": "\u6df1\u5733\u6df1\u6e58\u5bbe\u9986", "order_time": ["2019-01-06 00:22:24"], "total_order": 1, "hotel_value": ["4.0"], "hotel_price": ["107"]}, "481566": {"hotel_name": "\u6df1\u5733\u7ca4\u90fd\u5546\u52a1\u9152\u5e97", "order_time": ["2019-01-06 00:22:25"], "total_order": 1, "hotel_value": ["3.8"], "hotel_price": ["133"]}, "996988": {"hotel_name": "\u6df1\u5733\u7965\u9686\u5546\u52a1\u9152\u5e97(\u576a\u5c71\u9547)", "order_time": ["2019-01-06 00:22:25"], "total_order": 1, "hotel_value": ["3.2"], "hotel_price": ["135"]}, "5024851": {"hotel_name": "\u6df1\u5733\u6f2b\u5929\u6e38\u9152\u5e97\u516c\u5bd3", "order_time": ["2019-01-06 00:24:20", "2019-01-06 00:36:22"], "total_order": 2, "hotel_value": ["4.5", "4.5"], "hotel_price": ["283", "283"]}, "534157": {"hotel_name": "\u6df1\u5733\u827a\u5609\u56fd\u9645\u5927\u9152\u5e97", "order_time": ["2019-01-06 00:24:21"], "total_order": 1, "hotel_value": ["4.2"], "hotel_price": ["400"]}, "5297299": {"hotel_name": "\u6df1\u5733\u84dd\u8c03\u98ce\u683c\u9152\u5e97", "order_time": ["2019-01-06 00:24:21"], "total_order": 1, "hotel_value": ["4.3"], "hotel_price": ["255"]}, "1573613": {"hotel_name": "\u6df1\u5733\u592a\u8446\u4e30\u9152\u5e97", "order_time": ["2019-01-06 00:24:21"], "total_order": 1, "hotel_value": ["4.2"], "hotel_price": ["189"]}, "12068805": {"hotel_name": "\u7ef4\u4e5f\u7eb3\u9152\u5e97(\u6df1\u5733\u516c\u660e\u534e\u53d1\u5317\u8def\u5e97)", "order_time": ["2019-01-06 00:24:21"], "total_order": 1, "hotel_value": ["4.8"], "hotel_price": ["221"]}, "1229496": {"hotel_name": "\u5982\u5bb6\u5feb\u6377\u9152\u5e97(\u6df1\u5733\u9ec4\u8d1d\u5cad\u51e4\u51f0\u8def\u5e97)", "order_time": ["2019-01-06 00:24:21", "2019-01-06 00:30:24"], "total_order": 2, "hotel_value": ["4.6", "4.6"], "hotel_price": ["132", "124"]}, "1596921": {"hotel_name": "\u540d\u5178\u5546\u65c5\u9152\u5e97(\u6df1\u5733\u897f\u4e3d\u5e97)", "order_time": ["2019-01-06 00:24:21"], "total_order": 1, "hotel_value": ["4.2"], "hotel_price": ["255"]}, "26483276": {"hotel_name": "\u94c2\u65af\u767b\u884c\u653f\u516c\u5bd3(\u6df1\u5733\u4e07\u79d1V\u5bd3\u5e97)", "order_time": ["2019-01-06 00:24:22"], "total_order": 1, "hotel_value": ["5.0"], "hotel_price": ["215"]}, "5074678": {"hotel_name": "\u6df1\u5733\u6e90\u798f\u5bbe\u9986", "order_time": ["2019-01-06 00:24:22"], "total_order": 1, "hotel_value": ["2.8"], "hotel_price": ["94"]}, "1012088": {"hotel_name": "\u6df1\u5733\u541b\u5b89\u5546\u52a1\u9152\u5e97(\u5b9d\u5b89\u5e97)", "order_time": ["2019-01-06 00:24:23"], "total_order": 1, "hotel_value": ["4.0"], "hotel_price": ["128"]}, "6248056": {"hotel_name": "\u6df1\u5733\u5174\u6e90\u5546\u52a1\u9152\u5e97", "order_time": ["2019-01-06 00:24:24"], "total_order": 1, "hotel_value": ["4.4"], "hotel_price": ["106"]}, "4531861": {"hotel_name": "\u6df1\u5733\u7f57\u6e56\u706b\u8f66\u7ad9\u592a\u7a7a\u8231\u56fd\u9645\u9752\u5e74\u65c5\u820d", "order_time": ["2019-01-06 00:24:24"], "total_order": 1, "hotel_value": ["3.9"], "hotel_price": ["45"]}, "8565961": {"hotel_name": "\u767b\u5df4\u5ba2\u6808(\u6df1\u5733\u4f1a\u5c55\u4e2d\u5fc3\u5e97)", "order_time": ["2019-01-06 00:26:21", "2019-01-06 00:36:21"], "total_order": 2, "hotel_value": ["4.5", "4.5"], "hotel_price": ["54", "54"]}, "1598529": {"hotel_name": "\u6df1\u5733\u540d\u60a6\u5546\u52a1\u9152\u5e97", "order_time": ["2019-01-06 00:26:21"], "total_order": 1, "hotel_value": ["4.0"], "hotel_price": ["148"]}, "1595987": {"hotel_name": "\u5bb6\u8fce\u8fde\u9501\u9152\u5e97(\u6df1\u5733\u9f99\u5c97\u5e97)", "order_time": ["2019-01-06 00:26:21"], "total_order": 1, "hotel_value": ["4.5"], "hotel_price": ["75"]}, "1596486": {"hotel_name": "\u84ec\u5ba2\u7cbe\u54c1\u9152\u5e97(\u6df1\u5733\u5b9d\u5c97\u5e97)", "order_time": ["2019-01-06 00:26:21"], "total_order": 1, "hotel_value": ["4.4"], "hotel_price": ["188"]}, "429212": {"hotel_name": "\u6df1\u5733\u6d77\u666f\u5609\u9014\u9152\u5e97(\u539f\u5965\u601d\u5ef7\u9152\u5e97)", "order_time": ["2019-01-06 00:26:21"], "total_order": 1, "hotel_value": ["4.5"], "hotel_price": ["479"]}, "1406443": {"hotel_name": "\u4e0a\u54c1\u9152\u5e97(\u6df1\u5733\u4f1a\u5c55\u4e2d\u5fc3\u5e97)", "order_time": ["2019-01-06 00:26:21"], "total_order": 1, "hotel_value": ["4.2"], "hotel_price": ["224"]}, "5773939": {"hotel_name": "\u6df1\u5733\u51ef\u6797\u9152\u5e97", "order_time": ["2019-01-06 00:26:21"], "total_order": 1, "hotel_value": ["4.4"], "hotel_price": ["152"]}, "1273780": {"hotel_name": "\u6df1\u5733\u5343\u8db3\u5802\u5546\u52a1\u9152\u5e97", "order_time": ["2019-01-06 00:26:22"], "total_order": 1, "hotel_value": ["3.9"], "hotel_price": ["115"]}, "1546990": {"hotel_name": "\u6df1\u5733\u91d1\u9e3f\u9152\u5e97(\u539f\u7ef4\u7eb3\u91d1\u9e3f\u5546\u52a1\u9152\u5e97\u6df1\u5733\u5e03\u5409\u5e97)", "order_time": ["2019-01-06 00:26:22"], "total_order": 1, "hotel_value": ["4.0"], "hotel_price": ["94"]}, "1598717": {"hotel_name": "7\u5929\u8fde\u9501\u9152\u5e97(\u6df1\u5733\u706b\u8f66\u4e1c\u7ad9\u5e03\u5409\u5730\u94c1\u7ad9\u5e97)", "order_time": ["2019-01-06 00:26:22"], "total_order": 1, "hotel_value": ["4.5"], "hotel_price": ["125"]}, "5373110": {"hotel_name": "\u6df1\u5733\u667a\u6d77\u5bbe\u9986", "order_time": ["2019-01-06 00:26:22"], "total_order": 1, "hotel_value": ["4.4"], "hotel_price": ["126"]}, "1739567": {"hotel_name": "\u6df1\u5733\u6c42\u6c34\u5c71\u9152\u5e97(2\u53f7\u697c)", "order_time": ["2019-01-06 00:26:23"], "total_order": 1, "hotel_value": ["4.6"], "hotel_price": ["314"]}, "4649934": {"hotel_name": "\u6df1\u5733\u65b0\u9f99\u51e4\u9152\u5e97", "order_time": ["2019-01-06 00:26:24"], "total_order": 1, "hotel_value": ["3.8"], "hotel_price": ["111"]}, "21149292": {"hotel_name": "\u6df1\u5733\u90a6\u62d3\u7f8e\u8bfa\u884c\u653f\u516c\u5bd3", "order_time": ["2019-01-06 00:28:21"], "total_order": 1, "hotel_value": ["4.5"], "hotel_price": ["522"]}, "1248936": {"hotel_name": "\u9e97\u67ab\u9152\u5e97(\u6df1\u5733\u534e\u5f3a\u5357\u5e97)", "order_time": ["2019-01-06 00:28:21"], "total_order": 1, "hotel_value": ["4.5"], "hotel_price": ["305"]}, "916777": {"hotel_name": "\u7ef4\u4e5f\u7eb3\u9152\u5e97(\u6df1\u5733\u534e\u4e4b\u6c99\u5e97)", "order_time": ["2019-01-06 00:28:22", "2019-01-06 00:34:23"], "total_order": 2, "hotel_value": ["4.7", "4.7"], "hotel_price": ["322", "322"]}, "6083697": {"hotel_name": "\u6df1\u5733\u66fc\u8c37\u4e00\u53f7\u9152\u5e97(\u9f99\u534e\u5e97)", "order_time": ["2019-01-06 00:28:22"], "total_order": 1, "hotel_value": ["4.6"], "hotel_price": ["234"]}, "27945351": {"hotel_name": "\u9e97\u67ab\u9152\u5e97(\u6df1\u5733\u5317\u7ad9\u9f99\u534e\u6c7d\u8f66\u7ad9\u5e97)", "order_time": ["2019-01-06 00:28:22"], "total_order": 1, "hotel_value": [0], "hotel_price": ["248"]}, "807066": {"hotel_name": "\u6df1\u5733\u6885\u6797\u9152\u5e97", "order_time": ["2019-01-06 00:28:23"], "total_order": 1, "hotel_value": ["3.5"], "hotel_price": ["170"]}, "11403088": {"hotel_name": "\u7ef4\u4e5f\u7eb3\u9152\u5e97(\u6df1\u5733\u674e\u6717\u4e07\u56fd\u57ce\u5e97)", "order_time": ["2019-01-06 00:28:23"], "total_order": 1, "hotel_value": ["4.9"], "hotel_price": ["273"]}, "3801203": {"hotel_name": "\u6df1\u5733\u5bcc\u4e4b\u6e90\u5546\u52a1\u9152\u5e97", "order_time": ["2019-01-06 00:52:21", "2019-01-06 00:28:23"], "total_order": 2, "hotel_value": ["4.0", "4.0"], "hotel_price": ["92", "92"]}, "6873049": {"hotel_name": "168\u8fde\u9501\u9152\u5e97(\u6df1\u5733\u677e\u67cf\u8def\u5e97)(\u539f\u9f99\u5c97\u5e97)", "order_time": ["2019-01-06 00:28:23"], "total_order": 1, "hotel_value": ["4.3"], "hotel_price": ["140"]}, "853515": {"hotel_name": "\u5929\u5730\u4eba\u548c\u9152\u5e97(\u6df1\u5733\u76db\u5e73\u5e97)", "order_time": ["2019-01-06 00:28:23", "2019-01-06 00:30:24"], "total_order": 2, "hotel_value": ["4.6", "4.6"], "hotel_price": ["167", "167"]}, "5248349": {"hotel_name": "\u5c1a\u5ba2\u4f18\u7cbe\u9009\u9152\u5e97\u6df1\u5733\u6c99\u4e95\u5e97", "order_time": ["2019-01-06 00:28:23"], "total_order": 1, "hotel_value": ["4.0"], "hotel_price": ["132"]}, "1847516": {"hotel_name": "\u6df1\u5733\u6d77\u987a\u5feb\u6377\u9152\u5e97", "order_time": ["2019-01-06 00:28:23"], "total_order": 1, "hotel_value": ["4.5"], "hotel_price": ["115"]}, "6254615": {"hotel_name": "\u6df1\u573399\u65c5\u9986\u8fde\u9501\u5317\u7ad9\u5e97", "order_time": ["2019-01-06 00:30:22"], "total_order": 1, "hotel_value": ["4.4"], "hotel_price": ["119"]}, "1048114": {"hotel_name": "\u543e\u9047\u7cbe\u9009\u9152\u5e97(\u6df1\u5733\u9f99\u534e\u5927\u6d6a\u5e97)", "order_time": ["2019-01-06 00:30:22"], "total_order": 1, "hotel_value": ["4.6"], "hotel_price": ["162"]}, "6312610": {"hotel_name": "\u6df1\u5733\u67cf\u5361\u987f\u7cbe\u54c1\u9152\u5e97", "order_time": ["2019-01-06 00:30:23"], "total_order": 1, "hotel_value": ["4.2"], "hotel_price": ["142"]}, "4685041": {"hotel_name": "7\u5929\u4f18\u54c1\u9152\u5e97(\u6df1\u5733\u5927\u8fd0\u5730\u94c1\u7ad9\u5e97)", "order_time": ["2019-01-06 00:30:23"], "total_order": 1, "hotel_value": ["4.7"], "hotel_price": ["183"]}, "1595131": {"hotel_name": "\u7ef4\u96c5\u4e3d\u9152\u5e97(\u6df1\u5733\u706b\u8f66\u7ad9\u4eba\u6c11\u5357\u8def\u5e97)", "order_time": ["2019-01-06 00:30:24"], "total_order": 1, "hotel_value": ["4.1"], "hotel_price": ["244"]}, "5902586": {"hotel_name": "\u897f\u5c14\u66fc\u5ea6\u5047\u516c\u5bd3(\u6df1\u5733\u79d1\u6280\u56ed\u5e97)", "order_time": ["2019-01-06 00:30:24"], "total_order": 1, "hotel_value": ["4.2"], "hotel_price": ["230"]}, "513454": {"hotel_name": "\u6df1\u5733\u9526\u57ce\u9152\u5e97", "order_time": ["2019-01-06 00:30:24"], "total_order": 1, "hotel_value": ["4.0"], "hotel_price": ["270"]}, "26532109": {"hotel_name": "\u6df1\u5733\u4f0a\u7538\u56ed\u516c\u5bd3", "order_time": ["2019-01-06 00:30:24"], "total_order": 1, "hotel_value": ["5.0"], "hotel_price": ["298"]}, "6864343": {"hotel_name": "\u6df1\u5733\u534e\u60a6\u7cbe\u54c1\u9152\u5e97\u534e\u5357\u57ce\u5e97", "order_time": ["2019-01-06 00:30:24"], "total_order": 1, "hotel_value": ["4.1"], "hotel_price": ["153"]}, "2919264": {"hotel_name": "\u8212\u6377\u5047\u65e5\u9152\u5e97(\u6df1\u5733\u9f99\u5c97\u5e97)", "order_time": ["2019-01-06 00:30:24"], "total_order": 1, "hotel_value": ["4.4"], "hotel_price": ["171"]}, "8443687": {"hotel_name": "\u6df1\u5733\u6fb3\u65af\u7279\u7cbe\u9009\u9152\u5e97", "order_time": ["2019-01-06 00:30:24"], "total_order": 1, "hotel_value": ["4.6"], "hotel_price": ["178"]}, "6066801": {"hotel_name": "\u57ce\u5e02\u5feb\u6377\u9152\u5e97(\u6df1\u5733\u5742\u7530\u5e97)", "order_time": ["2019-01-06 00:30:24"], "total_order": 1, "hotel_value": ["4.1"], "hotel_price": ["98"]}, "25799941": {"hotel_name": "\u6df1\u5733\u666f\u7426\u5927\u9152\u5e97", "order_time": ["2019-01-06 00:30:24"], "total_order": 1, "hotel_value": [0], "hotel_price": ["423"]}, "13878480": {"hotel_name": "\u6df1\u5733\u798f\u6df1\u8fbe\u516c\u5bd3", "order_time": ["2019-01-06 00:30:24"], "total_order": 1, "hotel_value": ["3.6"], "hotel_price": ["159"]}, "374623": {"hotel_name": "\u6df1\u5733\u4e1c\u6d77\u6717\u5ef7\u9152\u5e97", "order_time": ["2019-01-06 00:38:23", "2019-01-06 00:32:21"], "total_order": 2, "hotel_value": ["4.8", "4.8"], "hotel_price": ["1034", "1034"]}, "428358": {"hotel_name": "\u6df1\u5733\u4e94\u6d32\u5bbe\u9986", "order_time": ["2019-01-06 00:32:21"], "total_order": 1, "hotel_value": ["4.6"], "hotel_price": ["819"]}, "1166050": {"hotel_name": "\u6df1\u5733\u7ea2\u9633\u5546\u52a1\u9152\u5e97", "order_time": ["2019-01-06 00:32:21"], "total_order": 1, "hotel_value": ["4.2"], "hotel_price": ["169"]}, "1218753": {"hotel_name": "\u5929\u4f7f\u604b\u4eba\u4e3b\u9898\u9152\u5e97(\u6df1\u5733\u7fe0\u7af9\u60c5\u7f18\u5e97)", "order_time": ["2019-01-06 00:32:21"], "total_order": 1, "hotel_value": ["4.5"], "hotel_price": ["207"]}, "481689": {"hotel_name": "\u7ef4\u4e5f\u7eb3\u56fd\u9645\u9152\u5e97(\u6df1\u5733\u677e\u5c97\u7ea2\u661f\u5e97)(\u539f\u4e07\u5146\u5e7f\u573a\u5e97)", "order_time": ["2019-01-06 00:32:22", "2019-01-06 00:36:22"], "total_order": 2, "hotel_value": ["4.9", "4.9"], "hotel_price": ["246", "246"]}, "806427": {"hotel_name": "\u6df1\u5733\u541b\u548c\u9152\u5e97", "order_time": ["2019-01-06 00:32:22"], "total_order": 1, "hotel_value": [0], "hotel_price": ["176"]}, "6420005": {"hotel_name": "\u6df1\u5733\u65e5\u660c\u65f6\u5c1a\u5bbe\u9986", "order_time": ["2019-01-06 00:32:23"], "total_order": 1, "hotel_value": ["4.7"], "hotel_price": ["104"]}, "4835820": {"hotel_name": "\u6df1\u5733\u56ed\u5174\u7cbe\u54c1\u9152\u5e97", "order_time": ["2019-01-06 00:32:23"], "total_order": 1, "hotel_value": ["4.4"], "hotel_price": ["151"]}, "6965117": {"hotel_name": "\u6df1\u5733\u805a\u53d1\u65c5\u9986(\u539f\u5f3a\u53d1\u65c5\u4e1a)", "order_time": ["2019-01-06 00:32:25"], "total_order": 1, "hotel_value": [0], "hotel_price": ["45"]}, "479335": {"hotel_name": "\u6df1\u5733\u5723\u6dd8\u6c99\u9152\u5e97(\u9a6c\u5bb6\u9f99\u5e97)", "order_time": ["2019-01-06 00:34:22"], "total_order": 1, "hotel_value": ["4.4"], "hotel_price": ["287"]}, "5724113": {"hotel_name": "\u51e4\u51f0\u5370\u8c61\u516c\u5bd3(\u6df1\u5733\u7f57\u6e56\u4e07\u8c61\u57ce\u5e97)", "order_time": ["2019-01-06 00:34:22"], "total_order": 1, "hotel_value": ["4.7"], "hotel_price": ["288"]}, "2565840": {"hotel_name": "\u7ef4\u4e5f\u7eb3\u9152\u5e97(\u6df1\u5733\u4e1c\u7ad9\u5e97)", "order_time": ["2019-01-06 00:34:22"], "total_order": 1, "hotel_value": ["4.8"], "hotel_price": ["269"]}, "346482": {"hotel_name": "\u6df1\u5733\u4e07\u5fb7\u8bfa\u5bcc\u7279\u9152\u5e97", "order_time": ["2019-01-06 00:34:22"], "total_order": 1, "hotel_value": ["4.4"], "hotel_price": ["499"]}, "2577625": {"hotel_name": "\u6df1\u5733\u680e\u5b9c\u9152\u5e97", "order_time": ["2019-01-06 00:34:22"], "total_order": 1, "hotel_value": ["4.7"], "hotel_price": ["190"]}, "7069513": {"hotel_name": "\u5168\u5b63\u9152\u5e97(\u6df1\u5733\u5b9d\u5b89\u673a\u573a\u798f\u6c38\u5e97)", "order_time": ["2019-01-06 00:34:23"], "total_order": 1, "hotel_value": ["4.6"], "hotel_price": ["275"]}, "1598468": {"hotel_name": "\u6df1\u5733\u7a23\u6d3b\u9152\u5e97(\u539f\u7a23\u6d3b\u5ba2\u6808)", "order_time": ["2019-01-06 00:34:23"], "total_order": 1, "hotel_value": ["4.2"], "hotel_price": ["187"]}, "6797581": {"hotel_name": "\u9e97\u67ab\u9152\u5e97(\u6df1\u5733\u77f3\u5ca9\u6c7d\u8f66\u7ad9\u5e97)", "order_time": ["2019-01-06 00:34:23"], "total_order": 1, "hotel_value": ["4.8"], "hotel_price": ["250"]}, "6010002": {"hotel_name": "\u6df1\u5733\u91d1\u66fc\u5c9b\u9152\u5e97", "order_time": ["2019-01-06 00:40:24", "2019-01-06 00:34:23"], "total_order": 2, "hotel_value": ["4.3", "4.3"], "hotel_price": ["160", "160"]}, "1103727": {"hotel_name": "\u6df1\u5733\u5fa1\u9f99\u6e7e\u827a\u672f\u9152\u5e97(\u9f99\u534e\u5e97)", "order_time": ["2019-01-06 00:34:23"], "total_order": 1, "hotel_value": ["4.0"], "hotel_price": ["197"]}, "1759702": {"hotel_name": "\u6df1\u5733\u559c\u5ba2\u4e34\u5546\u52a1\u9152\u5e97", "order_time": ["2019-01-06 00:34:27", "2019-01-06 00:42:27"], "total_order": 2, "hotel_value": ["3.5", "3.5"], "hotel_price": ["102", "102"]}, "984949": {"hotel_name": "\u6df1\u5733\u6ce2\u5c14\u591a\u56fd\u9645\u9152\u5e97", "order_time": ["2019-01-06 00:36:21"], "total_order": 1, "hotel_value": ["4.2"], "hotel_price": ["245"]}, "1386202": {"hotel_name": "\u987a\u9038\u4e1c\u65b9\u9152\u5e97(\u6df1\u5733\u5927\u8fd0\u5730\u94c1\u7ad9\u5e97)(\u539f\u5927\u8fd0\u5e97)", "order_time": ["2019-01-06 00:36:21"], "total_order": 1, "hotel_value": ["4.5"], "hotel_price": ["195"]}, "967921": {"hotel_name": "\u6c49\u5ead\u9152\u5e97(\u6df1\u5733\u534e\u5f3a\u5357\u5e97)(\u539f\u5357\u56ed\u8def\u5e97)", "order_time": ["2019-01-06 00:36:22"], "total_order": 1, "hotel_value": ["4.4"], "hotel_price": ["162"]}, "474607": {"hotel_name": "\u6df1\u5733\u590f\u65e5\u9152\u5e97", "order_time": ["2019-01-06 00:36:22"], "total_order": 1, "hotel_value": ["4.0"], "hotel_price": ["181"]}, "19811797": {"hotel_name": "\u6df1\u5733\u56db\u5b63\u661f\u9152\u5e97", "order_time": ["2019-01-06 00:36:22"], "total_order": 1, "hotel_value": ["4.8"], "hotel_price": ["112"]}, "9186066": {"hotel_name": "\u6df1\u5733\u5149\u660e\u5e0c\u5c14\u987f\u6b22\u670b\u9152\u5e97", "order_time": ["2019-01-06 00:36:22"], "total_order": 1, "hotel_value": ["4.8"], "hotel_price": ["439"]}, "11832164": {"hotel_name": "\u6df1\u5733\u4f73\u60a6\u9152\u5e97", "order_time": ["2019-01-06 00:36:23"], "total_order": 1, "hotel_value": [0], "hotel_price": ["207"]}, "1319541": {"hotel_name": "\u6ee1\u610f\u58f9\u767e\u5546\u52a1\u9152\u5e97", "order_time": ["2019-01-06 00:36:24"], "total_order": 1, "hotel_value": ["3.6"], "hotel_price": ["103"]}, "2982190": {"hotel_name": "\u5706\u68a6\u5feb\u6377\u9152\u5e97(\u6df1\u5733\u7ae0\u9601\u5e97)", "order_time": ["2019-01-06 00:36:24"], "total_order": 1, "hotel_value": ["4.5"], "hotel_price": ["97"]}, "1600418": {"hotel_name": "\u6df1\u5733\u7fe0\u6e56\u9152\u5e97", "order_time": ["2019-01-06 00:36:24"], "total_order": 1, "hotel_value": ["4.4"], "hotel_price": ["104"]}, "2295739": {"hotel_name": "\u5982\u5bb6\u6d3e\u67cf\u00b7\u4e91\u9152\u5e97(\u6df1\u5733\u89c2\u6f9c\u7ae0\u9601\u5e97)(\u539f\u96c5\u4e3d\u56db\u5b63\u5546\u52a1\u9152\u5e97)", "order_time": ["2019-01-06 00:36:24"], "total_order": 1, "hotel_value": ["3.5"], "hotel_price": ["101"]}, "6662917": {"hotel_name": "\u6df1\u573380\u9752\u5e74\u9152\u5e97\u8fde\u9501\u6df1\u5733\u6c99\u4e95\u4e0a\u5357\u5927\u8857\u5e97", "order_time": ["2019-01-06 00:36:24"], "total_order": 1, "hotel_value": ["3.3"], "hotel_price": ["93"]}, "5841933": {"hotel_name": "\u57ce\u5e02\u7cbe\u54c1\u9152\u5e97(\u6df1\u5733\u9f99\u534e\u6c7d\u8f66\u7ad9\u5e97)", "order_time": ["2019-01-06 00:36:24"], "total_order": 1, "hotel_value": ["4.2"], "hotel_price": ["127"]}, "1197241": {"hotel_name": "\u6df1\u5733\u7ea6\u4f1a\u65f6\u5c1a\u9152\u5e97", "order_time": ["2019-01-06 00:36:24"], "total_order": 1, "hotel_value": ["4.6"], "hotel_price": ["121"]}, "1595821": {"hotel_name": "\u516b\u65b9\u5feb\u6377\u9152\u5e97(\u6df1\u5733\u6c99\u4e95\u4e2d\u5fc3\u5e97)", "order_time": ["2019-01-06 00:36:24"], "total_order": 1, "hotel_value": ["4.4"], "hotel_price": ["111"]}, "5244259": {"hotel_name": "\u6df1\u5733\u4e1c\u76db\u9152\u5e97", "order_time": ["2019-01-06 00:36:25"], "total_order": 1, "hotel_value": ["4.4"], "hotel_price": ["96"]}, "905772": {"hotel_name": "\u6df1\u5733\u51ef\u5229\u5bbe\u9986", "order_time": ["2019-01-06 00:38:22"], "total_order": 1, "hotel_value": ["4.3"], "hotel_price": ["393"]}, "833176": {"hotel_name": "\u6df1\u5733\u5357\u6c38\u4e30\u9152\u5e97", "order_time": ["2019-01-06 00:46:19", "2019-01-06 00:38:22"], "total_order": 2, "hotel_value": ["4.3", "4.3"], "hotel_price": ["148", "148"]}, "2018694": {"hotel_name": "\u6df1\u5733\u57ce\u5e02\u5706\u68a6\u9152\u5e97", "order_time": ["2019-01-06 00:38:22"], "total_order": 1, "hotel_value": ["4.1"], "hotel_price": ["152"]}, "1273018": {"hotel_name": "\u6df1\u5733\u5b9d\u7acb\u65b9\u56fd\u9645\u9152\u5e97", "order_time": ["2019-01-06 00:38:23"], "total_order": 1, "hotel_value": ["4.6"], "hotel_price": ["849"]}, "374848": {"hotel_name": "\u6df1\u5733\u541b\u60a6\u9152\u5e97", "order_time": ["2019-01-06 00:38:23", "2019-01-06 00:46:20"], "total_order": 2, "hotel_value": ["4.8", "4.8"], "hotel_price": ["1156", "1156"]}, "10230018": {"hotel_name": "\u6df1\u5733\u65b0\u5fb7\u6797\u9152\u5e97", "order_time": ["2019-01-06 00:38:23"], "total_order": 1, "hotel_value": ["3.5"], "hotel_price": ["169"]}, "1602923": {"hotel_name": "7\u5929\u8fde\u9501\u9152\u5e97(\u6df1\u5733\u9f99\u534e\u6c11\u6cbb\u5927\u9053\u4e07\u4f17\u57ce\u5e97)", "order_time": ["2019-01-06 00:38:23"], "total_order": 1, "hotel_value": ["4.1"], "hotel_price": ["172"]}, "1596540": {"hotel_name": "\u6df1\u5733\u534e\u76d0\u9152\u5e97", "order_time": ["2019-01-06 00:38:23"], "total_order": 1, "hotel_value": ["3.9"], "hotel_price": ["250"]}, "1740918": {"hotel_name": "\u6df1\u5733\u559c\u8fbe\u7f8e\u9152\u5e97(\u539f\u7231\u7434\u6d77\u9152\u5e97)", "order_time": ["2019-01-06 00:38:25"], "total_order": 1, "hotel_value": ["4.2"], "hotel_price": ["115"]}, "2255380": {"hotel_name": "\u6df1\u5733\u7d2b\u9686\u9152\u5e97", "order_time": ["2019-01-06 00:38:25"], "total_order": 1, "hotel_value": ["4.1"], "hotel_price": ["226"]}, "5074965": {"hotel_name": "\u6df1\u5733\u5bcc\u946b\u65c5\u9986", "order_time": ["2019-01-06 00:38:26"], "total_order": 1, "hotel_value": ["2.7"], "hotel_price": ["55"]}, "5559340": {"hotel_name": "\u6df1\u5733\u6816\u9152\u5e97", "order_time": ["2019-01-06 00:40:23"], "total_order": 1, "hotel_value": ["4.8"], "hotel_price": ["603"]}, "1424579": {"hotel_name": "\u7f18\u5206\u7cbe\u54c1\u9152\u5e97(\u6df1\u5733\u6885\u6797\u5e97)(\u539f\u7d22\u7279\u6765\u7f18\u5206\u7cbe\u54c1\u9152\u5e97)", "order_time": ["2019-01-06 00:40:23"], "total_order": 1, "hotel_value": ["4.3"], "hotel_price": ["218"]}, "371250": {"hotel_name": "\u6df1\u5733\u51ef\u5bbe\u65af\u57fa\u9152\u5e97", "order_time": ["2019-01-06 00:40:23"], "total_order": 1, "hotel_value": ["4.6"], "hotel_price": ["1198"]}, "426204": {"hotel_name": "\u6df1\u5733\u7687\u8f69\u9152\u5e97", "order_time": ["2019-01-06 00:40:23"], "total_order": 1, "hotel_value": ["4.3"], "hotel_price": ["558"]}, "1349293": {"hotel_name": "\u7ef4\u4e5f\u7eb3\u9152\u5e97(\u6df1\u5733\u5357\u65b0\u8def\u5e97)", "order_time": ["2019-01-06 00:40:23"], "total_order": 1, "hotel_value": ["4.8"], "hotel_price": ["316"]}, "1212062": {"hotel_name": "\u6df1\u5733\u56de\u9152\u5e97", "order_time": ["2019-01-06 00:40:23"], "total_order": 1, "hotel_value": ["4.6"], "hotel_price": ["1034"]}, "2133103": {"hotel_name": "\u4eac\u57fa\u5370\u8c61\u7cbe\u54c1\u5546\u52a1\u516c\u5bd3(\u6df1\u5733\u6ee8\u6cb3\u65f6\u4ee3\u5e97)", "order_time": ["2019-01-06 00:40:23"], "total_order": 1, "hotel_value": ["4.5"], "hotel_price": ["331"]}, "1600107": {"hotel_name": "\u524d\u6d77\u6e7e\u7cbe\u54c1\u9152\u5e97(\u6df1\u5733\u524d\u6d77\u81ea\u8d38\u533a\u5e97)", "order_time": ["2019-01-06 00:40:23", "2019-01-06 00:50:23"], "total_order": 2, "hotel_value": ["4.3", "4.3"], "hotel_price": ["229", "229"]}, "425224": {"hotel_name": "\u6df1\u5733\u5f6d\u5e74\u9152\u5e97", "order_time": ["2019-01-06 00:40:23"], "total_order": 1, "hotel_value": ["4.6"], "hotel_price": ["613"]}, "13804705": {"hotel_name": "\u6df1\u6e2f\u884c\u653f\u516c\u5bd3(\u6df1\u5733\u524d\u6d77\u5e97)", "order_time": ["2019-01-06 00:40:23"], "total_order": 1, "hotel_value": ["4.5"], "hotel_price": ["424"]}, "531169": {"hotel_name": "\u6df1\u5733\u9e4f\u5a01\u9152\u5e97", "order_time": ["2019-01-06 00:40:23"], "total_order": 1, "hotel_value": ["4.2"], "hotel_price": ["277"]}, "1838591": {"hotel_name": "\u9526\u6c5f\u4e4b\u661f(\u6df1\u5733\u5317\u7ad9\u5e97)", "order_time": ["2019-01-06 00:40:23"], "total_order": 1, "hotel_value": ["4.5"], "hotel_price": ["229"]}, "6805844": {"hotel_name": "\u5982\u5bb6\u6d3e\u67cf\u00b7\u4e91\u9152\u5e97(\u6df1\u5733\u5317\u7ad9\u5e97)(\u539f\u6c11\u65b0\u9152\u5e97)", "order_time": ["2019-01-06 00:40:24"], "total_order": 1, "hotel_value": ["3.9"], "hotel_price": ["154"]}, "1380084": {"hotel_name": "\u6df1\u5733\u56fd\u4e30\u9152\u5e97(\u4f1a\u5c55\u4e2d\u5fc3\u5e97)", "order_time": ["2019-01-06 00:40:24"], "total_order": 1, "hotel_value": ["4.0"], "hotel_price": ["209"]}, "19828877": {"hotel_name": "\u4e50\u6613\u4f4f\u65e0\u4eba\u667a\u6167\u9152\u5e97(\u6df1\u5733\u516b\u5366\u5cad\u5730\u94c1\u7ad9\u5e97)", "order_time": ["2019-01-06 00:40:24"], "total_order": 1, "hotel_value": ["4.5"], "hotel_price": ["225"]}, "5301729": {"hotel_name": "\u683c\u6797\u4e1c\u65b9\u9152\u5e97(\u6df1\u5733\u4e1c\u95e8\u5e97)", "order_time": ["2019-01-06 00:40:24"], "total_order": 1, "hotel_value": ["4.6"], "hotel_price": ["251"]}, "452674": {"hotel_name": "\u6df1\u5733\u5546\u65c5\u65f6\u5c1a\u9152\u5e97", "order_time": ["2019-01-06 00:40:24"], "total_order": 1, "hotel_value": ["3.9"], "hotel_price": ["279"]}, "1597002": {"hotel_name": "7\u5929\u8fde\u9501\u9152\u5e97(\u6df1\u5733\u5357\u6cb9\u5e97)", "order_time": ["2019-01-06 00:40:24"], "total_order": 1, "hotel_value": ["4.3"], "hotel_price": ["246"]}, "435396": {"hotel_name": "\u7ef4\u4e5f\u7eb3\u9152\u5e97(\u6df1\u5733\u5e73\u6e56\u5e7f\u573a\u5e97)", "order_time": ["2019-01-06 00:40:24"], "total_order": 1, "hotel_value": ["4.9"], "hotel_price": ["187"]}, "8346309": {"hotel_name": "\u6df1\u5733\u8f83\u573a\u5c3e\u7fe0\u9e1f\u6d77\u8fb9\u5ba2\u6808", "order_time": ["2019-01-06 00:40:24"], "total_order": 1, "hotel_value": ["4.6"], "hotel_price": ["186"]}, "1389570": {"hotel_name": "\u822a\u5ef7\u9152\u5e97(\u6df1\u5733\u65b0\u822a\u7ad9\u697c\u5e97)", "order_time": ["2019-01-06 00:40:24"], "total_order": 1, "hotel_value": ["4.1"], "hotel_price": ["176"]}, "985030": {"hotel_name": "\u6df1\u6e2f\u9152\u5e97\u516c\u5bd3(\u6df1\u5733\u5357\u6cb9\u5e97)", "order_time": ["2019-01-06 00:40:24"], "total_order": 1, "hotel_value": ["4.5"], "hotel_price": ["416"]}, "447322": {"hotel_name": "\u6c47\u5bb6\u516c\u5bd3(\u6df1\u5733\u6d77\u5cb8\u57ce\u5e97)", "order_time": ["2019-01-06 00:40:25"], "total_order": 1, "hotel_value": ["4.2"], "hotel_price": ["338"]}, "6840048": {"hotel_name": "\u6df1\u5733\u8d22\u5bcc\u65f6\u5c1a\u5bbe\u9986", "order_time": ["2019-01-06 00:40:25"], "total_order": 1, "hotel_value": ["4.3"], "hotel_price": ["72"]}, "1373480": {"hotel_name": "\u6df1\u5733\u91d1\u9f99\u5927\u9152\u5e97", "order_time": ["2019-01-06 00:40:28"], "total_order": 1, "hotel_value": ["3.7"], "hotel_price": ["129"]}, "706716": {"hotel_name": "\u6df1\u5733\u56fd\u6c47\u5927\u9152\u5e97(\u4eba\u6c11\u5927\u53a6)", "order_time": ["2019-01-06 00:42:22"], "total_order": 1, "hotel_value": ["4.5"], "hotel_price": ["327"]}, "1599820": {"hotel_name": "\u83f2\u5c14\u7cbe\u54c1\u9152\u5e97(\u6df1\u5733\u6c99\u4e95\u5730\u94c1\u7ad9\u5e97)", "order_time": ["2019-01-06 00:42:22"], "total_order": 1, "hotel_value": ["4.2"], "hotel_price": ["155"]}, "8615583": {"hotel_name": "\u6df1\u5733\u57ce\u5bb6\u516c\u5bd3\u5357\u5c71\u5730\u94c1\u7ad9\u5e97", "order_time": ["2019-01-06 00:42:22"], "total_order": 1, "hotel_value": ["4.6"], "hotel_price": ["323"]}, "1348680": {"hotel_name": "\u6613\u4f70\u8fde\u9501\u65c5\u5e97(\u6df1\u5733\u5317\u7ad9\u4e16\u7eaa\u6625\u57ce\u5e97)", "order_time": ["2019-01-06 00:42:23"], "total_order": 1, "hotel_value": ["4.7"], "hotel_price": ["96"]}, "23410089": {"hotel_name": "\u7ef4\u4e5f\u7eb3\u9152\u5e97(\u6df1\u5733\u6c99\u4e95\u4eac\u57fa\u767e\u7eb3\u5e97)", "order_time": ["2019-01-06 00:42:23"], "total_order": 1, "hotel_value": ["4.8"], "hotel_price": ["299"]}, "1412838": {"hotel_name": "\u6df1\u5733\u9b45\u529b\u9633\u5149\u5546\u52a1\u9152\u5e97", "order_time": ["2019-01-06 00:42:23"], "total_order": 1, "hotel_value": ["4.0"], "hotel_price": ["150"]}, "1387287": {"hotel_name": "\u6c49\u5ead\u9152\u5e97(\u6df1\u5733\u5e03\u5409\u8001\u8857\u5e97)(\u539f\u5e03\u5409\u706b\u8f66\u7ad9\u5e97)", "order_time": ["2019-01-06 00:42:23"], "total_order": 1, "hotel_value": ["4.1"], "hotel_price": ["125"]}, "1096118": {"hotel_name": "\u6df1\u5733\u5b9d\u660e\u57ce\u5927\u9152\u5e97(\u5149\u660e\u65b0\u533a\u5e97)", "order_time": ["2019-01-06 00:42:23"], "total_order": 1, "hotel_value": ["4.5"], "hotel_price": ["324"]}, "5815709": {"hotel_name": "\u5979\u4ed6\u56fd\u9645\u516c\u5bd3(\u6df1\u5733\u7f57\u6e56\u5927\u5267\u9662\u4e07\u8c61\u57ce\u5e97)(\u539fOne39\u5e97)", "order_time": ["2019-01-06 00:44:20"], "total_order": 1, "hotel_value": ["4.5"], "hotel_price": ["289"]}, "5215105": {"hotel_name": "\u534e\u91cc\u7cbe\u54c1\u9152\u5e97(\u6df1\u5733\u521b\u610f\u56ed\u5e97)", "order_time": ["2019-01-06 00:44:20"], "total_order": 1, "hotel_value": ["4.6"], "hotel_price": ["388"]}, "2387035": {"hotel_name": "\u6df1\u5733\u9e3f\u5229\u6765\u9152\u5e97", "order_time": ["2019-01-06 00:44:20"], "total_order": 1, "hotel_value": ["4.6"], "hotel_price": ["175"]}, "347431": {"hotel_name": "\u6df1\u5733\u745e\u5409\u9152\u5e97", "order_time": ["2019-01-06 00:44:20"], "total_order": 1, "hotel_value": ["4.7"], "hotel_price": ["1620"]}, "2167926": {"hotel_name": "\u6df1\u5733\u5609\u745e\u57ce\u827a\u672f\u9152\u5e97(\u539f\u6c11\u6cf0\u5546\u52a1\u5bbe\u9986)", "order_time": ["2019-01-06 00:44:21"], "total_order": 1, "hotel_value": ["4.5"], "hotel_price": ["151"]}, "2986310": {"hotel_name": "\u6df1\u5733\u679c\u679c\u5546\u52a1\u9152\u5e97", "order_time": ["2019-01-06 00:44:21"], "total_order": 1, "hotel_value": ["4.3"], "hotel_price": ["131"]}, "743234": {"hotel_name": "\u6df1\u5733\u7231\u8054\u597d\u9152\u5e97", "order_time": ["2019-01-06 00:44:22"], "total_order": 1, "hotel_value": ["3.8"], "hotel_price": ["111"]}, "1432007": {"hotel_name": "\u6df1\u5733\u4e1c\u65b9\u660e\u73e0\u9152\u5e97", "order_time": ["2019-01-06 00:46:20"], "total_order": 1, "hotel_value": ["4.1"], "hotel_price": ["209"]}, "2033347": {"hotel_name": "\u516b\u53f7\u8fde\u9501\u9152\u5e97(\u6df1\u5733\u5357\u5c71\u5e02\u573a\u5e97)", "order_time": ["2019-01-06 00:46:20"], "total_order": 1, "hotel_value": ["4.4"], "hotel_price": ["169"]}, "1595949": {"hotel_name": "7\u5929\u4f18\u54c1\u9152\u5e97(\u6df1\u5733\u5e03\u5409\u957f\u9f99\u5730\u94c1\u7ad9\u5e97)", "order_time": ["2019-01-06 00:46:20"], "total_order": 1, "hotel_value": ["4.7"], "hotel_price": ["107"]}, "2621708": {"hotel_name": "\u6df1\u5733\u91d1\u4e4b\u5c71\u5546\u52a1\u9152\u5e97", "order_time": ["2019-01-06 00:46:21"], "total_order": 1, "hotel_value": ["3.8"], "hotel_price": ["127"]}, "635259": {"hotel_name": "\u6df1\u5733\u7c73\u6b27\u4f2f\u7235\u9152\u5e97", "order_time": ["2019-01-06 00:46:21"], "total_order": 1, "hotel_value": ["4.2"], "hotel_price": ["252"]}, "12193094": {"hotel_name": "\u6df1\u5733\u5e02\u7d2b\u8587\u9601\u5bbe\u9986", "order_time": ["2019-01-06 00:46:21"], "total_order": 1, "hotel_value": ["2.8"], "hotel_price": ["112"]}, "5209056": {"hotel_name": "\u6df1\u5733\u6cf0\u592b\u4eba\u65f6\u5c1a\u9152\u5e97", "order_time": ["2019-01-06 00:46:22"], "total_order": 1, "hotel_value": ["4.5"], "hotel_price": ["111"]}, "8497236": {"hotel_name": "\u6df1\u5733\u67cf\u6797\u7cbe\u54c1\u9152\u5e97", "order_time": ["2019-01-06 00:46:22"], "total_order": 1, "hotel_value": ["4.5"], "hotel_price": ["93"]}, "21333998": {"hotel_name": "\u591c\u5bb4\u9752\u5e74\u516c\u5bd3(\u6df1\u5733\u5317\u5e97)", "order_time": ["2019-01-06 00:46:23"], "total_order": 1, "hotel_value": ["4.7"], "hotel_price": ["34"]}, "926937": {"hotel_name": "\u6df1\u5733\u4e2d\u5929\u7f8e\u666f\u5927\u9152\u5e97", "order_time": ["2019-01-06 00:48:21"], "total_order": 1, "hotel_value": ["4.1"], "hotel_price": ["278"]}, "1740954": {"hotel_name": "\u6df1\u5733\u8f69\u7a0b\u9152\u5e97", "order_time": ["2019-01-06 00:48:22"], "total_order": 1, "hotel_value": ["4.3"], "hotel_price": ["161"]}, "22418795": {"hotel_name": "\u6df1\u5733\u5929\u548c\u5bbe\u9986", "order_time": ["2019-01-06 00:48:23"], "total_order": 1, "hotel_value": ["4.6"], "hotel_price": ["136"]}, "940262": {"hotel_name": "\u6df1\u5733\u5706\u68a6\u5feb\u6377\u9152\u5e97", "order_time": ["2019-01-06 00:48:23"], "total_order": 1, "hotel_value": ["3.3"], "hotel_price": ["125"]}, "7748208": {"hotel_name": "\u7ef4\u4e5f\u7eb3\u9152\u5e97(\u6df1\u5733\u5e73\u5409\u5927\u9053\u5e97)", "order_time": ["2019-01-06 00:50:23"], "total_order": 1, "hotel_value": ["4.9"], "hotel_price": ["196"]}, "5916430": {"hotel_name": "\u7cbe\u9014\u9152\u5e97(\u6df1\u5733\u798f\u6c38\u548c\u6c99\u8def\u5e97)", "order_time": ["2019-01-06 00:50:24"], "total_order": 1, "hotel_value": ["4.5"], "hotel_price": ["148"]}, "2154378": {"hotel_name": "\u6df1\u5733\u91d1\u96c5\u97f5\u5bbe\u9986", "order_time": ["2019-01-06 00:50:25"], "total_order": 1, "hotel_value": ["4.2"], "hotel_price": ["84"]}, "915818": {"hotel_name": "\u7ef4\u4e5f\u7eb3\u56fd\u9645\u9152\u5e97(\u6df1\u5733\u534e\u5357\u57ce\u5e97)", "order_time": ["2019-01-06 00:52:20"], "total_order": 1, "hotel_value": ["4.8"], "hotel_price": ["396"]}, "6237876": {"hotel_name": "\u6c49\u6c38\u00b7\u745e\u9152\u5e97(\u6df1\u5733\u673a\u573a\u5e97)", "order_time": ["2019-01-06 00:52:21"], "total_order": 1, "hotel_value": ["4.6"], "hotel_price": ["273"]}, "1826407": {"hotel_name": "\u5e03\u4e01\u9152\u5e97(\u6df1\u5733\u798f\u7530\u4f1a\u5c55\u4e2d\u5fc3\u5c97\u53a6\u5730\u94c1\u7ad9\u5e97)", "order_time": ["2019-01-06 00:52:21"], "total_order": 1, "hotel_value": ["3.8"], "hotel_price": ["149"]}, "1579895": {"hotel_name": "\u7ef4\u4e5f\u7eb3\u9152\u5e97(\u6df1\u5733\u516c\u660e\u85af\u7530\u57d4\u5730\u94c1\u7ad9\u5e97)", "order_time": ["2019-01-06 00:52:21"], "total_order": 1, "hotel_value": ["4.8"], "hotel_price": ["199"]}, "832965": {"hotel_name": "\u65b0\u91d1\u5ddd\u9152\u5e97(\u6df1\u5733\u673a\u573a\u5e97)", "order_time": ["2019-01-06 00:52:21"], "total_order": 1, "hotel_value": ["3.8"], "hotel_price": ["155"]}, "17098746": {"hotel_name": "\u8363\u541b\u683c\u6797\u56fd\u9645\u516c\u5bd3\uff08\u6df1\u5733\u5742\u7530\u5730\u94c1\u7ad9\u5e97\uff09", "order_time": ["2019-01-06 00:52:22"], "total_order": 1, "hotel_value": ["4.3"], "hotel_price": ["191"]}, "1016723": {"hotel_name": "\u6df1\u5733\u767d\u4e91\u5bbe\u9986", "order_time": ["2019-01-06 00:52:22"], "total_order": 1, "hotel_value": ["4.1"], "hotel_price": ["112"]}, "3722309": {"hotel_name": "\u84ec\u5ba2\u7cbe\u54c1\u9152\u5e97(\u6df1\u5733\u5317\u7ad9\u5e97)", "order_time": ["2019-01-06 00:52:22"], "total_order": 1, "hotel_value": ["4.6"], "hotel_price": ["257"]}}}