{"\u5f00\u59cb\u8bb0\u5f55\u65f6\u95f4": "2019-01-16 00:44:05", "\u7ed3\u675f\u8bb0\u5f55\u65f6\u95f4": "2019-01-16 01:44:05", "\u8ba2\u5355\u603b\u589e\u91cf": 334, "item": {"432848": {"hotel_name": "\u6df1\u5733\u4e0a\u6d77\u5bbe\u9986", "order_time": ["2019-01-16 00:46:17"], "total_order": 1, "hotel_value": ["4.6"], "hotel_price": ["538"]}, "929591": {"hotel_name": "\u7ef4\u4e5f\u7eb3\u9152\u5e97(\u6df1\u5733\u7231\u6995\u8def\u5e97)", "order_time": ["2019-01-16 00:46:17"], "total_order": 1, "hotel_value": ["4.8"], "hotel_price": ["316"]}, "13319557": {"hotel_name": "\u871c\u9014\u9152\u5e97\u516c\u5bd3(\u6df1\u5733\u4e16\u754c\u4e4b\u7a97\u5e97)", "order_time": ["2019-01-16 00:46:17"], "total_order": 1, "hotel_value": ["4.4"], "hotel_price": ["366"]}, "1596910": {"hotel_name": "\u94f6\u901a\u82b1\u56ed\u9152\u5e97(\u6df1\u6c99\u4e95\u5730\u94c1\u7ad9\u5e97)", "order_time": ["2019-01-16 00:46:17"], "total_order": 1, "hotel_value": ["4.5"], "hotel_price": ["170"]}, "1380744": {"hotel_name": "\u6df1\u5733\u9999\u6a1f\u5546\u52a1\u9152\u5e97", "order_time": ["2019-01-16 00:46:18"], "total_order": 1, "hotel_value": ["4.1"], "hotel_price": ["296"]}, "1595773": {"hotel_name": "\u6df1\u5733\u822a\u57ce\u5927\u9152\u5e97", "order_time": ["2019-01-16 00:52:18", "2019-01-16 00:46:18"], "total_order": 2, "hotel_value": ["4.1", "4.1"], "hotel_price": ["169", "169"]}, "5215105": {"hotel_name": "\u534e\u91cc\u7cbe\u54c1\u9152\u5e97(\u6df1\u5733\u521b\u610f\u56ed\u5e97)", "order_time": ["2019-01-16 00:48:21", "2019-01-16 00:46:18"], "total_order": 2, "hotel_value": ["4.6", "4.6"], "hotel_price": ["569", "569"]}, "535729": {"hotel_name": "\u6df1\u5733\u4e16\u7eaa\u7687\u5ef7\u9152\u5e97(\u8d35\u5bbe\u697c)", "order_time": ["2019-01-16 00:46:18"], "total_order": 1, "hotel_value": ["4.5"], "hotel_price": ["416"]}, "1420095": {"hotel_name": "\u7ef4\u4e5f\u7eb3\u9152\u5e97(\u6df1\u5733\u4f1a\u5c55\u4e2d\u5fc3\u5e97)", "order_time": ["2019-01-16 00:46:18"], "total_order": 1, "hotel_value": ["4.7"], "hotel_price": ["398"]}, "1505384": {"hotel_name": "\u60a6\u5de2\u516c\u5bd3(\u6df1\u5733\u5317\u7ad9\u5e97)", "order_time": ["2019-01-16 00:46:19"], "total_order": 1, "hotel_value": ["4.5"], "hotel_price": ["161"]}, "689152": {"hotel_name": "\u9526\u6c5f\u4e4b\u661f(\u6df1\u5733\u673a\u573a\u5e97)", "order_time": ["2019-01-16 00:46:19", "2019-01-16 01:02:19"], "total_order": 2, "hotel_value": ["4.3", "4.3"], "hotel_price": ["213", "213"]}, "13694843": {"hotel_name": "\u6df1\u5733\u5927\u6885\u6c99\u6c34\u4e91\u95f4\u516c\u5bd3\u9152\u5e97", "order_time": ["2019-01-16 00:46:20"], "total_order": 1, "hotel_value": ["4.6"], "hotel_price": ["215"]}, "1597650": {"hotel_name": "7\u5929\u4f18\u54c1\u9152\u5e97(\u6df1\u5733\u8f66\u516c\u5e99\u5e97)", "order_time": ["2019-01-16 00:46:20"], "total_order": 1, "hotel_value": ["4.4"], "hotel_price": ["286"]}, "1599224": {"hotel_name": "\u9e97\u67ab\u9152\u5e97(\u6df1\u5733\u5b9d\u5b89\u65b0\u5b89\u5e97)", "order_time": ["2019-01-16 00:46:21"], "total_order": 1, "hotel_value": ["4.7"], "hotel_price": ["298"]}, "28707486": {"hotel_name": "\u94c2\u65af\u767b\u884c\u653f\u516c\u5bd3(\u6df1\u5733\u5317\u7ad9\u6c47\u9686\u4e2d\u5fc3\u5e97)", "order_time": ["2019-01-16 00:58:19", "2019-01-16 01:34:14", "2019-01-16 00:46:23"], "total_order": 3, "hotel_value": ["4.8", "4.8", "4.8"], "hotel_price": ["448", "448", "448"]}, "474461": {"hotel_name": "\u6df1\u5733\u673a\u573a\u5927\u9152\u5e97", "order_time": ["2019-01-16 00:46:23"], "total_order": 1, "hotel_value": ["4.3"], "hotel_price": ["227"]}, "17055508": {"hotel_name": "\u6df1\u5733\u79be\u5c16\u9152\u5e97", "order_time": ["2019-01-16 00:46:27"], "total_order": 1, "hotel_value": ["4.2"], "hotel_price": ["132"]}, "2226922": {"hotel_name": "\u6df1\u5733\u661f\u7a7a\u592a\u7a7a\u8231\u9152\u5e97", "order_time": ["2019-01-16 00:46:30"], "total_order": 1, "hotel_value": ["4.4"], "hotel_price": ["56"]}, "2143733": {"hotel_name": "\u6df1\u5733\u65af\u57df\u9152\u5e97", "order_time": ["2019-01-16 00:47:07"], "total_order": 1, "hotel_value": ["4.0"], "hotel_price": ["98"]}, "1600217": {"hotel_name": "\u6df1\u5733\u91d1\u8272\u7389\u90fd\u9152\u5e97", "order_time": ["2019-01-16 00:48:16"], "total_order": 1, "hotel_value": ["4.4"], "hotel_price": ["207"]}, "430649": {"hotel_name": "\u6df1\u5733\u7f57\u6e56\u5927\u9152\u5e97", "order_time": ["2019-01-16 00:48:17"], "total_order": 1, "hotel_value": ["4.1"], "hotel_price": ["340"]}, "435152": {"hotel_name": "\u6df1\u5733\u4e2d\u822a\u57ce\u683c\u5170\u4e91\u5929\u5927\u9152\u5e97", "order_time": ["2019-01-16 00:48:17"], "total_order": 1, "hotel_value": ["4.7"], "hotel_price": ["856"]}, "468385": {"hotel_name": "\u6df1\u5733\u661f\u94c2\u9152\u5e97", "order_time": ["2019-01-16 00:48:18"], "total_order": 1, "hotel_value": ["4.5"], "hotel_price": ["329"]}, "1598468": {"hotel_name": "\u6df1\u5733\u7a23\u6d3b\u9152\u5e97(\u539f\u7a23\u6d3b\u5ba2\u6808)", "order_time": ["2019-01-16 01:02:20", "2019-01-16 00:48:18"], "total_order": 2, "hotel_value": ["4.2", "4.2"], "hotel_price": ["187", "187"]}, "6981059": {"hotel_name": "\u6df1\u5733\u677e\u5c97\u7425\u73c0\u4e3b\u9898\u9152\u5e97", "order_time": ["2019-01-16 00:48:18"], "total_order": 1, "hotel_value": ["4.7"], "hotel_price": ["168"]}, "19828877": {"hotel_name": "\u4e50\u6613\u4f4f\u65e0\u4eba\u667a\u6167\u9152\u5e97(\u6df1\u5733\u516b\u5366\u5cad\u5730\u94c1\u7ad9\u5e97)", "order_time": ["2019-01-16 00:48:18"], "total_order": 1, "hotel_value": ["4.5"], "hotel_price": ["226"]}, "486122": {"hotel_name": "\u6df1\u5733\u767b\u559c\u8def\u9152\u5e97", "order_time": ["2019-01-16 00:48:19", "2019-01-16 01:06:18"], "total_order": 2, "hotel_value": ["4.5", "4.5"], "hotel_price": ["487", "487"]}, "446486": {"hotel_name": "\u7ef4\u4e5f\u7eb3\u9152\u5e97(\u6df1\u5733\u94f6\u6e56\u5730\u94c1\u7ad9\u5e97)", "order_time": ["2019-01-16 00:48:19"], "total_order": 1, "hotel_value": ["4.7"], "hotel_price": ["238"]}, "347435": {"hotel_name": "\u6df1\u5733\u661f\u6cb3\u4e3d\u601d\u5361\u5c14\u987f\u9152\u5e97", "order_time": ["2019-01-16 00:48:20"], "total_order": 1, "hotel_value": ["4.7"], "hotel_price": ["2269"]}, "1285020": {"hotel_name": "\u6df1\u5733\u67e0\u6aac\u9152\u5e97", "order_time": ["2019-01-16 00:48:25", "2019-01-16 01:18:17"], "total_order": 2, "hotel_value": ["4.4", "4.4"], "hotel_price": ["178", "178"]}, "1012927": {"hotel_name": "\u6df1\u5733\u84dd\u82d1\u5bbe\u9986", "order_time": ["2019-01-16 00:48:26"], "total_order": 1, "hotel_value": ["4.3"], "hotel_price": ["107"]}, "1351936": {"hotel_name": "\u6df1\u5733\u5f97\u5fb7\u9152\u5e97", "order_time": ["2019-01-16 00:48:30"], "total_order": 1, "hotel_value": [0], "hotel_price": ["148"]}, "2218349": {"hotel_name": "\u65fa\u65fa\u65c5\u9986(\u6df1\u5733\u9f99\u534e\u5e97)", "order_time": ["2019-01-16 00:48:43"], "total_order": 1, "hotel_value": ["3.7"], "hotel_price": ["61"]}, "1845407": {"hotel_name": "\u5929\u7199\u9ad8\u7ea7\u5546\u52a1\u516c\u5bd3(\u6df1\u5733\u6ee8\u6cb3\u65f6\u4ee3\u5e97)", "order_time": ["2019-01-16 00:50:17"], "total_order": 1, "hotel_value": ["4.7"], "hotel_price": ["888"]}, "2259231": {"hotel_name": "\u6df1\u5733\u8354\u79c0\u9152\u5e97", "order_time": ["2019-01-16 00:50:19"], "total_order": 1, "hotel_value": ["3.9"], "hotel_price": ["166"]}, "635236": {"hotel_name": "\u7ef4\u4e5f\u7eb3\u9152\u5e97(\u6df1\u5733\u51e4\u51f0\u5e97)", "order_time": ["2019-01-16 00:50:19"], "total_order": 1, "hotel_value": ["4.7"], "hotel_price": ["286"]}, "652002": {"hotel_name": "\u6df1\u5733\u9e3f\u9686\u660e\u534e\u8f6e\u9152\u5e97", "order_time": ["2019-01-16 00:50:26"], "total_order": 1, "hotel_value": ["4.4"], "hotel_price": ["618"]}, "17096583": {"hotel_name": "\u6df1\u5733\u7ea2\u661f\u8fde\u9501\u9152\u5e97(\u539f\u6df1\u5733\u7f57\u66fc\u9152\u5e97)", "order_time": ["2019-01-16 00:50:30"], "total_order": 1, "hotel_value": ["4.9"], "hotel_price": ["113"]}, "4397516": {"hotel_name": "\u96c5\u597d\u8fde\u9501\u9152\u5e97(\u6df1\u5733\u6d77\u4e0a\u7530\u56ed\u5e97)(\u539f\u6f2b\u5ba2\u9152\u5e97)", "order_time": ["2019-01-16 00:50:31"], "total_order": 1, "hotel_value": ["4.5"], "hotel_price": ["99"]}, "1031610": {"hotel_name": "\u6df1\u5733\u559c\u6765\u798f\u5bbe\u9986", "order_time": ["2019-01-16 00:50:37"], "total_order": 1, "hotel_value": ["4.2"], "hotel_price": ["80"]}, "4835737": {"hotel_name": "\u6df1\u5733\u826f\u76ca\u5546\u52a1\u9152\u5e97(\u677e\u5c97\u5e97)", "order_time": ["2019-01-16 00:50:39"], "total_order": 1, "hotel_value": ["3.0"], "hotel_price": ["95"]}, "1351933": {"hotel_name": "\u6df1\u5733\u67cf\u5c14\u65af\u9152\u5e97", "order_time": ["2019-01-16 00:50:44"], "total_order": 1, "hotel_value": ["4.5"], "hotel_price": ["150"]}, "2210265": {"hotel_name": "\u6df1\u5733\u82f1\u4f26\u56fd\u9645\u9152\u5e97", "order_time": ["2019-01-16 00:52:14"], "total_order": 1, "hotel_value": ["4.7"], "hotel_price": ["223"]}, "4528873": {"hotel_name": "\u71b9\u65f6\u4ee3loft\u7cbe\u54c1\u9152\u5e97(\u6df1\u5733\u5317\u7ad9\u5e97)", "order_time": ["2019-01-16 00:52:14"], "total_order": 1, "hotel_value": ["4.5"], "hotel_price": ["253"]}, "485036": {"hotel_name": "\u6df1\u5733\u56db\u5b63\u9152\u5e97", "order_time": ["2019-01-16 00:52:15"], "total_order": 1, "hotel_value": ["4.7"], "hotel_price": ["1959"]}, "1207395": {"hotel_name": "\u745e\u5ef7\u7cbe\u54c1\u9152\u5e97(\u6df1\u5733\u6e2f\u9686\u57ce\u5e97)(\u539f\u6d82\u9e26\u5496\u5561\u9152\u5e97)", "order_time": ["2019-01-16 01:20:17", "2019-01-16 00:52:17"], "total_order": 2, "hotel_value": ["4.7", "4.7"], "hotel_price": ["158", "158"]}, "23417988": {"hotel_name": "\u6df1\u5733\u4e50\u675c\u9e43\u827a\u672f\u9152\u5e97", "order_time": ["2019-01-16 00:52:17"], "total_order": 1, "hotel_value": ["4.7"], "hotel_price": ["419"]}, "6042416": {"hotel_name": "\u6df1\u5733\u96c5\u56ed\u6e2f\u53e3\u9152\u5e97(\u539f\u96c5\u56ed\u86c7\u53e3\u9152\u5e97)", "order_time": ["2019-01-16 00:52:17"], "total_order": 1, "hotel_value": ["4.2"], "hotel_price": ["217"]}, "1406443": {"hotel_name": "\u4e0a\u54c1\u9152\u5e97(\u6df1\u5733\u4f1a\u5c55\u4e2d\u5fc3\u5e97)", "order_time": ["2019-01-16 00:52:18"], "total_order": 1, "hotel_value": ["4.2"], "hotel_price": ["249"]}, "513809": {"hotel_name": "\u6df1\u5733\u535a\u56ed\u5546\u52a1\u9152\u5e97", "order_time": ["2019-01-16 00:52:19"], "total_order": 1, "hotel_value": ["4.3"], "hotel_price": ["612"]}, "457053": {"hotel_name": "\u6df1\u5733\u8d22\u5bcc\u9152\u5e97", "order_time": ["2019-01-16 00:52:19"], "total_order": 1, "hotel_value": ["4.5"], "hotel_price": ["598"]}, "428358": {"hotel_name": "\u6df1\u5733\u4e94\u6d32\u5bbe\u9986", "order_time": ["2019-01-16 00:52:20"], "total_order": 1, "hotel_value": ["4.6"], "hotel_price": ["829"]}, "3361838": {"hotel_name": "\u6df1\u5733\u6e05\u6c34\u6e7e\u9152\u5e97", "order_time": ["2019-01-16 00:52:20"], "total_order": 1, "hotel_value": ["4.3"], "hotel_price": ["188"]}, "4826608": {"hotel_name": "\u6df1\u5733\u7eb3\u5c14\u65af\u5546\u52a1\u9152\u5e97", "order_time": ["2019-01-16 00:52:22"], "total_order": 1, "hotel_value": ["4.5"], "hotel_price": ["164"]}, "1571609": {"hotel_name": "\u6df1\u5733\u8fdb\u8d24\u5927\u9152\u5e97", "order_time": ["2019-01-16 00:52:23"], "total_order": 1, "hotel_value": ["4.2"], "hotel_price": ["246"]}, "6003815": {"hotel_name": "\u96c5\u597d\u9152\u5e97(\u6df1\u5733\u798f\u6c38\u6c7d\u8f66\u7ad9\u5e97)(\u539f\u7ef4\u5723\u9f99\u5ead\u9152\u5e97)", "order_time": ["2019-01-16 00:52:24"], "total_order": 1, "hotel_value": ["4.6"], "hotel_price": ["154"]}, "1595971": {"hotel_name": "7\u5929\u8fde\u9501\u9152\u5e97(\u6df1\u5733\u6c34\u8d1d\u5730\u94c1\u7ad9\u5e97)(\u539f\u6ce5\u5c97\u4e1c\u5e97)", "order_time": ["2019-01-16 00:52:28"], "total_order": 1, "hotel_value": ["4.3"], "hotel_price": ["156"]}, "3735235": {"hotel_name": "\u6df1\u5733\u5927\u60a6\u57ce\u5546\u52a1\u9152\u5e97", "order_time": ["2019-01-16 00:52:28"], "total_order": 1, "hotel_value": ["4.4"], "hotel_price": ["133"]}, "5384249": {"hotel_name": "\u6df1\u5733\u5df4\u4e01\u5bbe\u9986", "order_time": ["2019-01-16 00:52:30"], "total_order": 1, "hotel_value": ["2.4"], "hotel_price": ["112"]}, "1620667": {"hotel_name": "\u516b\u65b9\u7cbe\u54c1\u9152\u5e97(\u6df1\u5733\u677e\u5c97\u534e\u6da6\u4e07\u5bb6\u5e97)", "order_time": ["2019-01-16 00:52:30"], "total_order": 1, "hotel_value": ["4.5"], "hotel_price": ["111"]}, "5247623": {"hotel_name": "\u6df1\u5733\u7389\u6cc9\u5546\u52a1\u9152\u5e97", "order_time": ["2019-01-16 00:52:35"], "total_order": 1, "hotel_value": ["4.4"], "hotel_price": ["103"]}, "3264168": {"hotel_name": "\u739b\u53ef\u9152\u5e97(\u6df1\u5733\u4eac\u57fa100\u5730\u738b\u5927\u53a6\u5e97)(\u539f\u739b\u53ef\u5546\u52a1\u9152\u5e97)", "order_time": ["2019-01-16 00:54:14"], "total_order": 1, "hotel_value": ["4.2"], "hotel_price": ["188"]}, "1303688": {"hotel_name": "\u6df1\u5733\u5723\u767b\u541b\u60a6\u9152\u5e97", "order_time": ["2019-01-16 01:24:18", "2019-01-16 00:54:16"], "total_order": 2, "hotel_value": ["4.4", "4.4"], "hotel_price": ["133", "133"]}, "1352738": {"hotel_name": "\u4f73\u5146\u4e1a\u5e03\u5409\u53ef\u57df\u9152\u5e97(\u6df1\u5733\u4e1c\u7ad9\u5e97)(\u539f\u5e03\u5409\u53ef\u57df\u7cbe\u54c1\u9152\u5e97)", "order_time": ["2019-01-16 00:54:16"], "total_order": 1, "hotel_value": ["4.7"], "hotel_price": ["296"]}, "2569602": {"hotel_name": "\u683c\u6797\u8c6a\u6cf0(\u6df1\u5733\u4e1c\u95e8\u5e97)", "order_time": ["2019-01-16 00:56:22", "2019-01-16 00:54:18"], "total_order": 2, "hotel_value": ["4.5", "4.5"], "hotel_price": ["248", "248"]}, "473037": {"hotel_name": "\u6df1\u5733\u5723\u6dd8\u6c99\u9152\u5e97(\u7fe1\u7fe0\u5e97)", "order_time": ["2019-01-16 00:54:18"], "total_order": 1, "hotel_value": ["4.6"], "hotel_price": ["1223"]}, "1599982": {"hotel_name": "\u5927\u60f3\u9152\u5e97(\u6df1\u5733\u706b\u8f66\u7ad9\u7f57\u6e56\u53e3\u5cb8\u5e97)", "order_time": ["2019-01-16 00:54:18"], "total_order": 1, "hotel_value": ["4.3"], "hotel_price": ["180"]}, "6461667": {"hotel_name": "\u7f8e\u8c6a\u4e3d\u81f4\u9152\u5e97(\u6df1\u5733\u4e1c\u95e8\u8001\u8857\u5730\u94c1\u7ad9\u5e97)", "order_time": ["2019-01-16 00:54:19"], "total_order": 1, "hotel_value": ["4.6"], "hotel_price": ["420"]}, "5376049": {"hotel_name": "\u6df1\u5733\u7687\u5ead\u5546\u52a1\u5bbe\u9986", "order_time": ["2019-01-16 00:54:20"], "total_order": 1, "hotel_value": ["3.5"], "hotel_price": ["128"]}, "23234450": {"hotel_name": "\u7ef4\u4e5f\u7eb33\u597d\u9152\u5e97(\u6df1\u5733\u56fd\u6cf0\u8def\u5e97)", "order_time": ["2019-01-16 00:54:21"], "total_order": 1, "hotel_value": ["4.8"], "hotel_price": ["195"]}, "2076612": {"hotel_name": "\u901f8\u9152\u5e97(\u6df1\u5733\u6a2a\u5c97\u5730\u94c1\u7ad9\u5e97)(\u539f\u90a6\u57ce\u5546\u52a1\u9152\u5e97)", "order_time": ["2019-01-16 00:54:22"], "total_order": 1, "hotel_value": ["4.1"], "hotel_price": ["113"]}, "13912816": {"hotel_name": "\u6df1\u5733\u6d77\u84dd\u6930\u6797\u5ea6\u5047\u516c\u5bd3", "order_time": ["2019-01-16 00:54:23"], "total_order": 1, "hotel_value": ["4.9"], "hotel_price": ["194"]}, "1249476": {"hotel_name": "\u6df1\u5733\u798f\u60e0\u5bbe\u9986", "order_time": ["2019-01-16 00:54:33"], "total_order": 1, "hotel_value": ["3.4"], "hotel_price": ["178"]}, "8924374": {"hotel_name": "\u6df1\u5733\u4f73\u946b\u516c\u5bd3", "order_time": ["2019-01-16 00:54:35"], "total_order": 1, "hotel_value": [0], "hotel_price": ["48"]}, "531520": {"hotel_name": "\u6df1\u5733\u524d\u5cb8\u56fd\u9645\u9152\u5e97", "order_time": ["2019-01-16 00:56:13"], "total_order": 1, "hotel_value": ["4.5"], "hotel_price": ["562"]}, "1457379": {"hotel_name": "\u5170\u5179\u9152\u5e97(\u6df1\u5733\u897f\u4e3d\u5e97)", "order_time": ["2019-01-16 00:56:14", "2019-01-16 01:26:16"], "total_order": 2, "hotel_value": ["4.4", "4.4"], "hotel_price": ["226", "226"]}, "27114992": {"hotel_name": "\u57ce\u5bb6\u516c\u5bd3(\u6df1\u5733\u5357\u5c71\u79d1\u6280\u56ed\u5e97)", "order_time": ["2019-01-16 00:56:14"], "total_order": 1, "hotel_value": ["4.9"], "hotel_price": ["282"]}, "1206595": {"hotel_name": "\u83ab\u6cf0168(\u6df1\u5733\u4e1c\u95e8\u4e2d\u5fc3\u5e97)", "order_time": ["2019-01-16 00:56:14"], "total_order": 1, "hotel_value": ["4.5"], "hotel_price": ["166"]}, "1573584": {"hotel_name": "\u6df1\u5733\u65b0\u6885\u56ed\u56db\u5b63\u9152\u5e97", "order_time": ["2019-01-16 00:56:14"], "total_order": 1, "hotel_value": ["4.0"], "hotel_price": ["238"]}, "1347929": {"hotel_name": "7\u5929\u8fde\u9501\u9152\u5e97(\u6df1\u5733\u9f99\u5c97\u9f99\u57ce\u5e7f\u573a\u5730\u94c1\u7ad9\u5e97)", "order_time": ["2019-01-16 00:56:15"], "total_order": 1, "hotel_value": ["4.4"], "hotel_price": ["128"]}, "481515": {"hotel_name": "\u6df1\u5733\u6607\u9038\u9152\u5e97", "order_time": ["2019-01-16 00:56:15"], "total_order": 1, "hotel_value": ["4.4"], "hotel_price": ["367"]}, "3443725": {"hotel_name": "\u6df1\u5733\u4ec1\u5584\u6052\u9152\u5e97", "order_time": ["2019-01-16 00:56:16"], "total_order": 1, "hotel_value": ["4.4"], "hotel_price": ["249"]}, "8885846": {"hotel_name": "\u6df1\u5733\u5353\u500d\u9152\u5e97\u6c83\u5c14\u739b\u86c7\u53e3\u5e97", "order_time": ["2019-01-16 00:56:19"], "total_order": 1, "hotel_value": ["4.4"], "hotel_price": ["179"]}, "970569": {"hotel_name": "\u6d77\u53cb\u9152\u5e97(\u6df1\u5733\u7f57\u6e56\u53e3\u5cb8\u56fd\u8d38\u5e97)(\u539f\u56fd\u8d38\u5730\u94c1\u7ad9\u5e97)", "order_time": ["2019-01-16 00:56:19"], "total_order": 1, "hotel_value": ["4.3"], "hotel_price": ["151"]}, "1599102": {"hotel_name": "\u6df1\u5733\u89c2\u6f9c\u5b9d\u8363\u5546\u52a1\u9152\u5e97", "order_time": ["2019-01-16 00:56:20"], "total_order": 1, "hotel_value": ["4.6"], "hotel_price": ["198"]}, "5522918": {"hotel_name": "\u6df1\u5733\u534e\u5ead\u9152\u5e97", "order_time": ["2019-01-16 00:56:22"], "total_order": 1, "hotel_value": ["4.2"], "hotel_price": ["154"]}, "5803491": {"hotel_name": "\u57ce\u5e02\u4fbf\u6377\u9152\u5e97(\u6df1\u5733\u9f99\u534e\u65b0\u533a\u533a\u5e9c\u5e97)", "order_time": ["2019-01-16 00:56:23"], "total_order": 1, "hotel_value": ["4.4"], "hotel_price": ["138"]}, "1597795": {"hotel_name": "\u6df1\u5733i8\u5546\u52a1\u5bbe\u9986", "order_time": ["2019-01-16 00:56:26"], "total_order": 1, "hotel_value": ["4.0"], "hotel_price": ["78"]}, "12781195": {"hotel_name": "\u6df1\u5733\u84dd\u6676\u6676\u9152\u5e97", "order_time": ["2019-01-16 00:56:26"], "total_order": 1, "hotel_value": ["4.4"], "hotel_price": ["153"]}, "1595853": {"hotel_name": "\u901f8\u9152\u5e97(\u6df1\u5733\u9f99\u5c97\u53cc\u9f99\u5730\u94c1\u7ad9\u5e97)", "order_time": ["2019-01-16 00:56:29"], "total_order": 1, "hotel_value": ["4.2"], "hotel_price": ["103"]}, "654871": {"hotel_name": "\u7ef4\u4e5f\u7eb3\u9152\u5e97(\u6df1\u5733\u7f57\u82b3\u5e97)(\u539f\u6e29\u99a8\u9152\u5e97)", "order_time": ["2019-01-16 00:58:16"], "total_order": 1, "hotel_value": ["4.7"], "hotel_price": ["286"]}, "3190937": {"hotel_name": "\u7ef4\u4e5f\u7eb3\u667a\u597d\u9152\u5e97(\u6df1\u5733\u5929\u5b9d\u8def\u5e97)", "order_time": ["2019-01-16 00:58:16"], "total_order": 1, "hotel_value": ["4.8"], "hotel_price": ["253"]}, "1871859": {"hotel_name": "\u6df1\u5733\u84dd\u6979\u6e7e\u5ea6\u5047\u9152\u5e97", "order_time": ["2019-01-16 00:58:17"], "total_order": 1, "hotel_value": ["4.5"], "hotel_price": ["2278"]}, "13802180": {"hotel_name": "\u9e97\u67ab\u9152\u5e97(\u6df1\u5733\u5317\u7ad9\u9f99\u534e\u58f9\u57ce\u4e2d\u5fc3\u5e97)", "order_time": ["2019-01-16 01:34:15", "2019-01-16 00:58:17"], "total_order": 2, "hotel_value": ["4.8", "4.8"], "hotel_price": ["328", "328"]}, "448324": {"hotel_name": "\u987a\u9038\u4e1c\u65b9\u9152\u5e97(\u6df1\u5733\u9f99\u534e\u5927\u6d6a\u5e97)", "order_time": ["2019-01-16 00:58:17"], "total_order": 1, "hotel_value": ["4.7"], "hotel_price": ["218"]}, "917144": {"hotel_name": "\u9526\u6c5f\u4e4b\u661f(\u6df1\u5733\u5730\u738b\u5e7f\u573a\u5e97)", "order_time": ["2019-01-16 00:58:18"], "total_order": 1, "hotel_value": ["4.3"], "hotel_price": ["264"]}, "666640": {"hotel_name": "\u6df1\u5733\u56fd\u5bbe\u5927\u9152\u5e97", "order_time": ["2019-01-16 00:58:18"], "total_order": 1, "hotel_value": ["4.5"], "hotel_price": ["471"]}, "6312610": {"hotel_name": "\u6df1\u5733\u67cf\u5361\u987f\u7cbe\u54c1\u9152\u5e97", "order_time": ["2019-01-16 00:58:19"], "total_order": 1, "hotel_value": ["4.2"], "hotel_price": ["142"]}, "419559": {"hotel_name": "\u6df1\u5733\u535a\u6797\u5723\u6d77\u4f26\u9152\u5e97", "order_time": ["2019-01-16 01:20:27", "2019-01-16 00:58:19"], "total_order": 2, "hotel_value": ["4.6", "4.6"], "hotel_price": ["699", "699"]}, "848018": {"hotel_name": "\u6df1\u6e2f\u4f1a\u670d\u52a1\u5f0f\u516c\u5bd3(\u6df1\u5733\u65b0\u6d32\u5609\u5dde\u5bcc\u82d1\u5e97)", "order_time": ["2019-01-16 00:58:21"], "total_order": 1, "hotel_value": ["4.2"], "hotel_price": ["324"]}, "1593220": {"hotel_name": "\u4e00\u8a93\u73ab\u7470\u60c5\u4fa3\u4e3b\u9898\u9152\u5e97(\u6df1\u5733\u5efa\u5b89\u5e97)", "order_time": ["2019-01-16 00:58:22", "2019-01-16 01:24:18"], "total_order": 2, "hotel_value": ["4.5", "4.5"], "hotel_price": ["164", "164"]}, "2511980": {"hotel_name": "\u5c1a\u5ba2\u4f18\u5feb\u6377\u9152\u5e97(\u6df1\u5733\u5742\u7530\u4e94\u548c\u5730\u94c1\u7ad9\u534e\u4e3a\u5e97)", "order_time": ["2019-01-16 00:58:22"], "total_order": 1, "hotel_value": ["4.1"], "hotel_price": ["134"]}, "1462714": {"hotel_name": "\u6df1\u5733\u5bcc\u5b9d\u9152\u5e97", "order_time": ["2019-01-16 00:58:24"], "total_order": 1, "hotel_value": ["3.8"], "hotel_price": ["160"]}, "965551": {"hotel_name": "\u6df1\u5733\u79a7\u5ef7\u9152\u5e97", "order_time": ["2019-01-16 00:58:26"], "total_order": 1, "hotel_value": ["4.4"], "hotel_price": ["140"]}, "833162": {"hotel_name": "\u6df1\u5733\u4e30\u6cf0\u65c5\u9986", "order_time": ["2019-01-16 00:58:26"], "total_order": 1, "hotel_value": ["4.0"], "hotel_price": ["111"]}, "2893454": {"hotel_name": "\u6df1\u5733\u82e5\u5bb6\u9152\u5e97", "order_time": ["2019-01-16 00:58:26"], "total_order": 1, "hotel_value": ["4.1"], "hotel_price": ["114"]}, "5860446": {"hotel_name": "\u9f99\u8054\u5c1a\u54c1\u9152\u5e97(\u6df1\u5733\u7231\u8054\u5730\u94c1\u7ad9\u5e97)", "order_time": ["2019-01-16 00:58:27", "2019-01-16 01:24:20"], "total_order": 2, "hotel_value": ["4.0", "4.0"], "hotel_price": ["113", "113"]}, "6160810": {"hotel_name": "\u6df1\u5733\u57ce\u90a6\u7cbe\u54c1\u9152\u5e97\u4e0a\u5357\u5e97", "order_time": ["2019-01-16 00:58:30"], "total_order": 1, "hotel_value": ["4.1"], "hotel_price": ["98"]}, "1600418": {"hotel_name": "\u6df1\u5733\u7fe0\u6e56\u9152\u5e97", "order_time": ["2019-01-16 01:10:22", "2019-01-16 00:58:34"], "total_order": 2, "hotel_value": ["4.4", "4.4"], "hotel_price": ["103", "103"]}, "6053077": {"hotel_name": "\u6df1\u5733\u540e\u6d77\u5feb\u6377\u9152\u5e97", "order_time": ["2019-01-16 00:58:37"], "total_order": 1, "hotel_value": ["3.8"], "hotel_price": ["168"]}, "1513295": {"hotel_name": "\u6df1\u5733\u4e30\u5c45\u5546\u52a1\u9152\u5e97(\u539f\u4e30\u797a\u5c45\u9152\u5e97)", "order_time": ["2019-01-16 01:00:15"], "total_order": 1, "hotel_value": ["4.5"], "hotel_price": ["126"]}, "11931041": {"hotel_name": "\u6df1\u5733\u8f89\u76db\u9601\u56fd\u9645\u516c\u5bd3", "order_time": ["2019-01-16 01:00:16"], "total_order": 1, "hotel_value": ["4.7"], "hotel_price": ["1038"]}, "7934815": {"hotel_name": "\u6df1\u5733\u96c5\u8bd7\u9601\u6765\u798f\u58eb\u5e7f\u573a\u670d\u52a1\u516c\u5bd3", "order_time": ["2019-01-16 01:00:16"], "total_order": 1, "hotel_value": ["4.5"], "hotel_price": ["1830"]}, "607594": {"hotel_name": "\u6df1\u5733\u6708\u6e7e\u9152\u5e97(\u539f\u6708\u6e7e\u5546\u52a1\u9152\u5e97)", "order_time": ["2019-01-16 01:00:19"], "total_order": 1, "hotel_value": ["4.1"], "hotel_price": ["169"]}, "27436341": {"hotel_name": "\u6df1\u5733\u5c0f\u53ef\u541b\u4eab\u9152\u5e97", "order_time": ["2019-01-16 01:00:19"], "total_order": 1, "hotel_value": ["4.9"], "hotel_price": ["223"]}, "23707151": {"hotel_name": "\u6df1\u5733\u96c5\u5ead\u4e30\u5e74\u9152\u5e97", "order_time": ["2019-01-16 01:00:19"], "total_order": 1, "hotel_value": ["4.7"], "hotel_price": ["306"]}, "1480210": {"hotel_name": "\u591a\u4f26\u591a\u8fde\u9501\u9152\u5e97(\u6df1\u5733\u4e1c\u95e8\u5e97)(\u539f\u9999\u6885\u8fde\u9501\u9152\u5e97)", "order_time": ["2019-01-16 01:00:20"], "total_order": 1, "hotel_value": ["4.3"], "hotel_price": ["218"]}, "9132840": {"hotel_name": "\u91d1\u6d1b\u5c14\u9152\u5e97(\u6df1\u5733\u77f3\u5ca9\u77f3\u9f99\u4ed4\u9f99\u534e\u5927\u6d6a\u5e97\uff09", "order_time": ["2019-01-16 01:00:24"], "total_order": 1, "hotel_value": ["4.7"], "hotel_price": ["193"]}, "11237662": {"hotel_name": "\u91d1\u4e2d\u73af\u670d\u52a1\u516c\u5bd3(\u6df1\u5733\u65b0\u6d69e\u90fd\u5e97)", "order_time": ["2019-01-16 01:30:22", "2019-01-16 01:02:20"], "total_order": 2, "hotel_value": ["4.4", "4.4"], "hotel_price": ["469", "469"]}, "25691731": {"hotel_name": "\u6df1\u5733\u6052\u8f89\u9152\u5e97", "order_time": ["2019-01-16 01:02:21"], "total_order": 1, "hotel_value": ["4.7"], "hotel_price": ["143"]}, "2158526": {"hotel_name": "\u6df1\u5733\u6c49\u5510\u57ce\u5e02\u9152\u5e97", "order_time": ["2019-01-16 01:02:22"], "total_order": 1, "hotel_value": ["4.3"], "hotel_price": ["252"]}, "5980092": {"hotel_name": "\u6df1\u5733\u5927\u9e4f\u6240\u57ceMAX\u9152\u5427\u6c11\u5bbf", "order_time": ["2019-01-16 01:02:24"], "total_order": 1, "hotel_value": ["4.6"], "hotel_price": ["235"]}, "1597471": {"hotel_name": "\u6df1\u5733\u8363\u767b\u5ba2\u6808", "order_time": ["2019-01-16 01:02:25"], "total_order": 1, "hotel_value": ["4.1"], "hotel_price": ["114"]}, "6285106": {"hotel_name": "\u6b22\u4e50\u7cbe\u54c1\u9152\u5e97(\u6df1\u5733\u5b9d\u5b89\u5e97)", "order_time": ["2019-01-16 01:02:25"], "total_order": 1, "hotel_value": ["4.5"], "hotel_price": ["103"]}, "1016801": {"hotel_name": "\u6df1\u5733\u7af9\u56ed\u8f69\u5546\u52a1\u5bbe\u9986", "order_time": ["2019-01-16 01:02:28"], "total_order": 1, "hotel_value": ["3.1"], "hotel_price": ["150"]}, "9605772": {"hotel_name": "\u6df1\u5733\u5927\u623f\u5b50\u9752\u65c5", "order_time": ["2019-01-16 01:02:33"], "total_order": 1, "hotel_value": ["4.3"], "hotel_price": ["58"]}, "1073777": {"hotel_name": "\u6df1\u5733\u65b0\u534e\u65c5\u9986", "order_time": ["2019-01-16 01:02:40"], "total_order": 1, "hotel_value": ["3.5"], "hotel_price": ["108"]}, "456141": {"hotel_name": "\u6df1\u5733\u767e\u5408\u9152\u5e97", "order_time": ["2019-01-16 01:04:14"], "total_order": 1, "hotel_value": ["4.4"], "hotel_price": ["493"]}, "2998853": {"hotel_name": "\u6df1\u5733\u91d1\u83b1\u5361\u9152\u5e97", "order_time": ["2019-01-16 01:04:14"], "total_order": 1, "hotel_value": ["4.6"], "hotel_price": ["179"]}, "534157": {"hotel_name": "\u6df1\u5733\u827a\u5609\u56fd\u9645\u5927\u9152\u5e97", "order_time": ["2019-01-16 01:04:15"], "total_order": 1, "hotel_value": ["4.2"], "hotel_price": ["429"]}, "419433": {"hotel_name": "\u5c71\u6c34\u65f6\u5c1a\u9152\u5e97(\u6df1\u5733\u534e\u5f3a\u5317\u5e97)", "order_time": ["2019-01-16 01:04:15"], "total_order": 1, "hotel_value": ["4.4"], "hotel_price": ["427"]}, "2124225": {"hotel_name": "\u6df1\u5733\u672c\u4e30\u5546\u52a1\u9152\u5e97", "order_time": ["2019-01-16 01:04:15"], "total_order": 1, "hotel_value": ["4.2"], "hotel_price": ["198"]}, "432043": {"hotel_name": "\u6df1\u5733\u7a46\u65af\u6797\u5bbe\u9986", "order_time": ["2019-01-16 01:04:16"], "total_order": 1, "hotel_value": ["4.1"], "hotel_price": ["159"]}, "8945343": {"hotel_name": "\u6df1\u5733\u56fd\u597d\u4e3b\u9898\u9152\u5e97", "order_time": ["2019-01-16 01:04:29"], "total_order": 1, "hotel_value": ["4.5"], "hotel_price": ["133"]}, "6044419": {"hotel_name": "\u7ef4\u4e5f\u7eb3\u56fd\u9645\u9152\u5e97(\u6df1\u5733\u5e03\u5409\u5927\u82ac\u5e97)", "order_time": ["2019-01-16 01:04:47"], "total_order": 1, "hotel_value": ["4.8"], "hotel_price": ["297"]}, "428310": {"hotel_name": "\u9a7f\u5c45\u9152\u5e97(\u6df1\u5733\u534e\u5f3a\u5317\u5e97)", "order_time": ["2019-01-16 01:06:15", "2019-01-16 01:10:16"], "total_order": 2, "hotel_value": ["4.6", "4.6"], "hotel_price": ["217", "217"]}, "2883194": {"hotel_name": "\u5929\u9e45\u604b\u60c5\u4fa3\u4e3b\u9898\u9152\u5e97(\u6df1\u5733\u7f57\u6e56\u5e97)", "order_time": ["2019-01-16 01:06:15"], "total_order": 1, "hotel_value": ["4.3"], "hotel_price": ["253"]}, "24032119": {"hotel_name": "\u7ef4\u4e5f\u7eb3\u9152\u5e97(\u6df1\u5733\u6843\u6e90\u5c45\u5e97)", "order_time": ["2019-01-16 01:06:16"], "total_order": 1, "hotel_value": ["4.8"], "hotel_price": ["284"]}, "1597749": {"hotel_name": "\u6df1\u5733\u7f8e\u9038\u9152\u5e97", "order_time": ["2019-01-16 01:06:19"], "total_order": 1, "hotel_value": ["3.8"], "hotel_price": ["213"]}, "1034539": {"hotel_name": "\u5609\u79a7\u8fde\u9501\u9152\u5e97(\u6df1\u5733\u56fa\u620d\u5e97)", "order_time": ["2019-01-16 01:06:21"], "total_order": 1, "hotel_value": ["3.9"], "hotel_price": ["148"]}, "452674": {"hotel_name": "\u6df1\u5733\u5546\u65c5\u65f6\u5c1a\u9152\u5e97", "order_time": ["2019-01-16 01:06:21"], "total_order": 1, "hotel_value": ["3.9"], "hotel_price": ["289"]}, "1011144": {"hotel_name": "\u7ef4\u4e5f\u7eb3\u9152\u5e97(\u6df1\u5733\u5357\u8054\u5730\u94c1\u7ad9\u5e97)", "order_time": ["2019-01-16 01:06:42"], "total_order": 1, "hotel_value": ["4.8"], "hotel_price": ["272"]}, "1524901": {"hotel_name": "\u9886\u822a\u7cbe\u54c1\u9152\u5e97(\u6df1\u5733\u5b9d\u5b89\u56fd\u9645\u673a\u573aT3\u822a\u7ad9\u697c\u5e97)", "order_time": ["2019-01-16 01:08:14"], "total_order": 1, "hotel_value": ["4.3"], "hotel_price": ["176"]}, "4653854": {"hotel_name": "\u7ef4\u4e5f\u7eb33\u597d\u9152\u5e97(\u6df1\u5733\u6c34\u5e93\u65b0\u6751\u5e97)", "order_time": ["2019-01-16 01:08:14"], "total_order": 1, "hotel_value": ["4.8"], "hotel_price": ["266"]}, "2699166": {"hotel_name": "\u5929\u548c\u9152\u5e97(\u6df1\u5733\u673a\u573aT3\u822a\u7ad9\u697c\u5e97)", "order_time": ["2019-01-16 01:08:14", "2019-01-16 01:36:14"], "total_order": 2, "hotel_value": ["4.6", "4.6"], "hotel_price": ["448", "448"]}, "374623": {"hotel_name": "\u6df1\u5733\u4e1c\u6d77\u6717\u5ef7\u9152\u5e97", "order_time": ["2019-01-16 01:08:15", "2019-01-16 01:42:17"], "total_order": 2, "hotel_value": ["4.8", "4.8"], "hotel_price": ["1867", "1867"]}, "1319897": {"hotel_name": "TOWO\u4e0a\u54c1\u9152\u5e97(\u6df1\u5733\u673a\u573a\u65d7\u8230\u5e97)(\u539f\u60a6\u7a0b\u7cbe\u54c1\u9152\u5e97)", "order_time": ["2019-01-16 01:14:17", "2019-01-16 01:08:16"], "total_order": 2, "hotel_value": ["4.7", "4.7"], "hotel_price": ["168", "168"]}, "9628082": {"hotel_name": "\u57ce\u5bb6\u7cbe\u9009\u516c\u5bd3\uff08\u6df1\u5733\u6d77\u5cb8\u57ce\u5e97\uff09\uff08\u539f\u6df1\u5733\u57ce\u5bb6\u6c11\u5c45\u6d77\u5cb8\u57ce\u5e97\uff09", "order_time": ["2019-01-16 01:08:16"], "total_order": 1, "hotel_value": ["4.3"], "hotel_price": ["332"]}, "4685041": {"hotel_name": "7\u5929\u4f18\u54c1\u9152\u5e97(\u6df1\u5733\u5927\u8fd0\u5730\u94c1\u7ad9\u5e97)", "order_time": ["2019-01-16 01:08:17"], "total_order": 1, "hotel_value": ["4.7"], "hotel_price": ["169"]}, "8565776": {"hotel_name": "\u6df1\u5733\u60a6\u83b1\u8fde\u9501\u516c\u5bd3", "order_time": ["2019-01-16 01:08:17"], "total_order": 1, "hotel_value": ["4.1"], "hotel_price": ["119"]}, "1198311": {"hotel_name": "7\u5929\u8fde\u9501\u9152\u5e97(\u6df1\u5733\u673a\u573a\u65b0\u822a\u7ad9\u697c\u5e97)", "order_time": ["2019-01-16 01:08:18"], "total_order": 1, "hotel_value": ["4.2"], "hotel_price": ["145"]}, "3739040": {"hotel_name": "\u6df1\u5733\u6800\u5b50\u82b1\u5f00\u9152\u5e97", "order_time": ["2019-01-16 01:08:20"], "total_order": 1, "hotel_value": ["4.6"], "hotel_price": ["169"]}, "4105426": {"hotel_name": "\u6df1\u5733\u7ef4\u5c3c\u65af\u9152\u5e97", "order_time": ["2019-01-16 01:08:20"], "total_order": 1, "hotel_value": ["3.8"], "hotel_price": ["138"]}, "2316365": {"hotel_name": "\u83ab\u6cf0\u9152\u5e97(\u6df1\u5733\u9f99\u534e\u5730\u94c1\u7ad9\u5e97)", "order_time": ["2019-01-16 01:08:21"], "total_order": 1, "hotel_value": ["4.5"], "hotel_price": ["144"]}, "3200114": {"hotel_name": "\u6df1\u5733\u5609\u5e74\u534e\u5546\u52a1\u9152\u5e97", "order_time": ["2019-01-16 01:08:22"], "total_order": 1, "hotel_value": ["4.0"], "hotel_price": ["153"]}, "141587": {"hotel_name": "\u6df1\u96c5\u9152\u5e97(\u6df1\u5733\u65f6\u5c1a\u5e97)", "order_time": ["2019-01-16 01:08:26"], "total_order": 1, "hotel_value": ["2.9"], "hotel_price": ["88"]}, "5250307": {"hotel_name": "\u6df1\u5733\u91d1\u6c47\u57ce\u5546\u52a1\u9152\u5e97", "order_time": ["2019-01-16 01:08:27"], "total_order": 1, "hotel_value": ["3.4"], "hotel_price": ["168"]}, "1603219": {"hotel_name": "\u6df1\u5733\u6d77\u89d2\u4e03\u53f7\u7cbe\u54c1\u9152\u5e97", "order_time": ["2019-01-16 01:10:18"], "total_order": 1, "hotel_value": ["3.8"], "hotel_price": ["138"]}, "5999875": {"hotel_name": "\u6df1\u5733\u5c0f\u4e94\u661f\u9152\u5e97", "order_time": ["2019-01-16 01:40:18", "2019-01-16 01:10:19"], "total_order": 2, "hotel_value": ["4.5", "4.5"], "hotel_price": ["159", "159"]}, "17013992": {"hotel_name": "\u57ce\u5bb6\u7cbe\u9009\u516c\u5bd3(\u6df1\u5733\u534e\u5f3a\u4e2d\u5fc3\u516c\u56ed\u5e97)", "order_time": ["2019-01-16 01:10:21"], "total_order": 1, "hotel_value": ["4.5"], "hotel_price": ["318"]}, "5246791": {"hotel_name": "\u6df1\u5733\u8212\u5b89\u65c5\u9986", "order_time": ["2019-01-16 01:10:24"], "total_order": 1, "hotel_value": ["2.7"], "hotel_price": ["93"]}, "6409396": {"hotel_name": "\u6df1\u5733\u86c7\u53e3\u5170\u5179\u9152\u5e97", "order_time": ["2019-01-16 01:12:15"], "total_order": 1, "hotel_value": ["4.6"], "hotel_price": ["428"]}, "21145565": {"hotel_name": "\u6df1\u5733\u9ad8\u65b0\u5bcc\u60a6\u9152\u5e97", "order_time": ["2019-01-16 01:12:15"], "total_order": 1, "hotel_value": ["4.7"], "hotel_price": ["968"]}, "433471": {"hotel_name": "\u6df1\u5733\u6fb3\u57ce\u82b1\u56ed\u9152\u5e97", "order_time": ["2019-01-16 01:12:16"], "total_order": 1, "hotel_value": ["4.3"], "hotel_price": ["387"]}, "1095761": {"hotel_name": "\u6d77\u5cb8\u79c0\u6708\u697c\u9152\u5e97(\u6df1\u5733\u6d77\u5cb8\u57ce\u5e97)", "order_time": ["2019-01-16 01:12:17"], "total_order": 1, "hotel_value": ["4.1"], "hotel_price": ["333"]}, "1598541": {"hotel_name": "\u5982\u5bb6\u5feb\u6377\u9152\u5e97(\u6df1\u5733\u4fa8\u57ce\u4e1c\u5730\u94c1\u7ad9\u5e97)", "order_time": ["2019-01-16 01:12:18"], "total_order": 1, "hotel_value": ["4.2"], "hotel_price": ["227"]}, "932312": {"hotel_name": "\u6df1\u5733\u4e94\u798f\u5546\u52a1\u7cbe\u54c1\u9152\u5e97(\u897f\u4e61\u5730\u94c1\u7ad9\u5e97)", "order_time": ["2019-01-16 01:12:18"], "total_order": 1, "hotel_value": ["4.0"], "hotel_price": ["198"]}, "6690814": {"hotel_name": "\u7ef4\u4e5f\u7eb3\u9152\u5e97(\u6df1\u5733\u9f99\u5c97\u7231\u5357\u8def\u5e97)", "order_time": ["2019-01-16 01:12:18"], "total_order": 1, "hotel_value": ["4.9"], "hotel_price": ["271"]}, "532251": {"hotel_name": "\u6df1\u5733\u4e16\u7eaa\u7687\u5ef7\u9152\u5e97(\u5546\u52a1\u697c)", "order_time": ["2019-01-16 01:12:18"], "total_order": 1, "hotel_value": ["4.4"], "hotel_price": ["276"]}, "6839344": {"hotel_name": "\u6df1\u57331314\u6982\u5ff5\u9152\u5e97", "order_time": ["2019-01-16 01:12:19"], "total_order": 1, "hotel_value": ["4.0"], "hotel_price": ["188"]}, "2785032": {"hotel_name": "\u5bbe\u51ef\u4e3d\u9152\u5e97(\u6df1\u5733\u7687\u5c97\u53e3\u5cb8\u5e97)", "order_time": ["2019-01-16 01:12:19"], "total_order": 1, "hotel_value": ["4.2"], "hotel_price": ["153"]}, "6053074": {"hotel_name": "\u6df1\u5733\u6c38\u6e56\u946b\u5bbe\u9986", "order_time": ["2019-01-16 01:12:23"], "total_order": 1, "hotel_value": ["4.1"], "hotel_price": ["131"]}, "1597723": {"hotel_name": "\u6df1\u5733\u5148\u950b\u516c\u5bd3", "order_time": ["2019-01-16 01:12:36"], "total_order": 1, "hotel_value": ["3.1"], "hotel_price": ["90"]}, "425478": {"hotel_name": "\u6df1\u5733\u65b0\u90fd\u9152\u5e97", "order_time": ["2019-01-16 01:14:14"], "total_order": 1, "hotel_value": ["4.7"], "hotel_price": ["389"]}, "1433302": {"hotel_name": "\u79a7\u7a0b\u9152\u5e97(\u6df1\u5733\u5357\u5c71\u540e\u6d77\u5e97)", "order_time": ["2019-01-16 01:42:17", "2019-01-16 01:26:15", "2019-01-16 01:14:14"], "total_order": 3, "hotel_value": ["4.4", "4.4", "4.4"], "hotel_price": ["306", "306", "306"]}, "486119": {"hotel_name": "\u7ef4\u4e5f\u7eb3\u9152\u5e97(\u6df1\u5733\u673a\u573a\u5e97)", "order_time": ["2019-01-16 01:14:14"], "total_order": 1, "hotel_value": ["4.7"], "hotel_price": ["279"]}, "3002594": {"hotel_name": "\u683c\u6797\u8c6a\u6cf0(\u6df1\u5733\u7687\u5c97\u5e97)(\u539f\u94f6\u6e56\u7cbe\u54c1\u9152\u5e97)", "order_time": ["2019-01-16 01:14:14"], "total_order": 1, "hotel_value": ["4.0"], "hotel_price": ["212"]}, "12072501": {"hotel_name": "\u57ce\u5bb6\u7cbe\u9009\u516c\u5bd3\uff08\u6df1\u5733\u4f1a\u5c55\u4e2d\u5fc3\u5e97\uff09", "order_time": ["2019-01-16 01:34:15", "2019-01-16 01:14:15"], "total_order": 2, "hotel_value": ["4.3", "4.3"], "hotel_price": ["369", "369"]}, "879022": {"hotel_name": "\u6df1\u5733\u51ef\u4fe1\u5feb\u6377\u9152\u5e97", "order_time": ["2019-01-16 01:14:16"], "total_order": 1, "hotel_value": ["4.5"], "hotel_price": ["138"]}, "1243176": {"hotel_name": "\u6df1\u5733\u5fa1\u666f\u56fd\u9645\u9152\u5e97", "order_time": ["2019-01-16 01:14:16"], "total_order": 1, "hotel_value": ["4.4"], "hotel_price": ["432"]}, "27945351": {"hotel_name": "\u9e97\u67ab\u9152\u5e97(\u6df1\u5733\u5317\u7ad9\u9f99\u534e\u6c7d\u8f66\u7ad9\u5e97)", "order_time": ["2019-01-16 01:14:17"], "total_order": 1, "hotel_value": ["4.8"], "hotel_price": ["238"]}, "994762": {"hotel_name": "\u83ab\u6cf0268(\u6df1\u5733\u7687\u5c97\u5e97)", "order_time": ["2019-01-16 01:14:18"], "total_order": 1, "hotel_value": ["4.1"], "hotel_price": ["272"]}, "6864343": {"hotel_name": "\u6df1\u5733\u534e\u60a6\u7cbe\u54c1\u9152\u5e97\u534e\u5357\u57ce\u5e97", "order_time": ["2019-01-16 01:40:18", "2019-01-16 01:14:19"], "total_order": 2, "hotel_value": ["4.0", "4.0"], "hotel_price": ["159", "159"]}, "11411654": {"hotel_name": "\u6df1\u5733\u798f\u745e\u8bd7\u9152\u5e97\u516c\u5bd3(\u632f\u5174\u9152\u5e97\u516c\u5bd3)", "order_time": ["2019-01-16 01:14:19", "2019-01-16 01:16:19"], "total_order": 2, "hotel_value": ["4.1", "4.1"], "hotel_price": ["108", "108"]}, "1458265": {"hotel_name": "\u5982\u5bb6\u5feb\u6377\u9152\u5e97(\u6df1\u5733\u5e03\u5409\u5730\u94c1\u7ad9\u5e97)", "order_time": ["2019-01-16 01:14:20"], "total_order": 1, "hotel_value": ["4.1"], "hotel_price": ["149"]}, "1455321": {"hotel_name": "\u6df1\u5733\u4e5d\u9f99\u5bbe\u9986", "order_time": ["2019-01-16 01:14:22"], "total_order": 1, "hotel_value": ["4.4"], "hotel_price": ["87"]}, "535673": {"hotel_name": "\u5c71\u6c34\u65f6\u5c1a\u9152\u5e97(\u6df1\u5733\u5742\u7530\u534e\u4e3a\u5e97)", "order_time": ["2019-01-16 01:14:22"], "total_order": 1, "hotel_value": ["4.6"], "hotel_price": ["223"]}, "879029": {"hotel_name": "\u6df1\u5733\u65b0\u5927\u6d32\u9152\u5e97", "order_time": ["2019-01-16 01:16:14"], "total_order": 1, "hotel_value": ["4.3"], "hotel_price": ["356"]}, "535652": {"hotel_name": "\u6df1\u5733\u6625\u98ce\u8def\u9e3f\u4e30\u5927\u9152\u5e97", "order_time": ["2019-01-16 01:16:14"], "total_order": 1, "hotel_value": ["4.6"], "hotel_price": ["318"]}, "25644918": {"hotel_name": "\u6df1\u5733\u534e\u91cc\u00b7\u91cc\u5bd3\u9152\u5e97", "order_time": ["2019-01-16 01:16:15"], "total_order": 1, "hotel_value": ["4.0"], "hotel_price": ["299"]}, "5467682": {"hotel_name": "\u7ef4\u4e5f\u7eb3\u56fd\u9645\u9152\u5e97(\u6df1\u5733\u9f99\u5c97\u5929\u5b89\u6570\u7801\u57ce\u5e97)", "order_time": ["2019-01-16 01:16:16"], "total_order": 1, "hotel_value": ["4.8"], "hotel_price": ["276"]}, "28680537": {"hotel_name": "\u9e97\u67ab\u9152\u5e97(\u6df1\u5733\u897f\u4e3d\u5730\u94c1\u7ad9\u5e97)", "order_time": ["2019-01-16 01:16:16"], "total_order": 1, "hotel_value": ["4.6"], "hotel_price": ["336"]}, "9668814": {"hotel_name": "\u4e00\u5446\u516c\u5bd3(\u6df1\u5733\u9999\u871c\u6e56\u5e97)", "order_time": ["2019-01-16 01:16:17"], "total_order": 1, "hotel_value": ["4.6"], "hotel_price": ["288"]}, "1523285": {"hotel_name": "\u6df1\u5733\u5df4\u5170\u5854\u9152\u5e97", "order_time": ["2019-01-16 01:16:17"], "total_order": 1, "hotel_value": ["4.3"], "hotel_price": ["173"]}, "2124319": {"hotel_name": "\u6df1\u5733\u661f\u6cb3\u4e4b\u661f\u9152\u5e97", "order_time": ["2019-01-16 01:16:17"], "total_order": 1, "hotel_value": ["3.7"], "hotel_price": ["161"]}, "3264743": {"hotel_name": "\u6df1\u5733\u6a59\u5b50\u9152\u5e97", "order_time": ["2019-01-16 01:16:17"], "total_order": 1, "hotel_value": ["4.2"], "hotel_price": ["195"]}, "673487": {"hotel_name": "\u6df1\u5733\u632f\u5174\u5bbe\u9986", "order_time": ["2019-01-16 01:16:17"], "total_order": 1, "hotel_value": ["4.3"], "hotel_price": ["230"]}, "965152": {"hotel_name": "\u7d22\u83f2\u7f57\u5170\u9152\u5e97(\u6df1\u5733\u534e\u5f3a\u5317\u5e97)", "order_time": ["2019-01-16 01:16:17"], "total_order": 1, "hotel_value": ["3.8"], "hotel_price": ["134"]}, "7016899": {"hotel_name": "\u7ef4\u5ba2\u5feb\u6377\u9152\u5e97(\u6df1\u5733\u673a\u573a\u540e\u745e\u5730\u94c1\u7ad9\u5e97)", "order_time": ["2019-01-16 01:16:17"], "total_order": 1, "hotel_value": ["4.4"], "hotel_price": ["133"]}, "1577354": {"hotel_name": "\u7231\u7434\u6d77\u8fde\u9501\u9152\u5e97(\u6df1\u5733\u4e1c\u7ad9\u5e97)", "order_time": ["2019-01-16 01:16:17"], "total_order": 1, "hotel_value": ["4.4"], "hotel_price": ["119"]}, "1508083": {"hotel_name": "\u6df1\u5733\u5343\u5bcc\u5927\u9152\u5e97", "order_time": ["2019-01-16 01:16:18"], "total_order": 1, "hotel_value": ["4.4"], "hotel_price": ["116"]}, "807370": {"hotel_name": "\u91d1\u4fa8\u5bbe\u9986(\u6df1\u5733\u9f99\u534e\u5e97)", "order_time": ["2019-01-16 01:16:19"], "total_order": 1, "hotel_value": ["3.8"], "hotel_price": ["158"]}, "5431485": {"hotel_name": "\u6df1\u5733\u5927\u5eb7\u5c71\u6c34\u9152\u5e97", "order_time": ["2019-01-16 01:16:24"], "total_order": 1, "hotel_value": ["4.1"], "hotel_price": ["134"]}, "1105744": {"hotel_name": "\u6df1\u5733\u5e78\u798f\u534e\u5e9c\u5bb6\u5ead\u5f0f\u516c\u5bd3", "order_time": ["2019-01-16 01:16:26"], "total_order": 1, "hotel_value": ["4.3"], "hotel_price": ["238"]}, "1676764": {"hotel_name": "\u5e03\u4e01\u9152\u5e97( \u6df1\u5733\u897f\u4e61\u5730\u94c1\u7ad9\u5e97 )", "order_time": ["2019-01-16 01:18:18"], "total_order": 1, "hotel_value": ["4.3"], "hotel_price": ["112"]}, "22669191": {"hotel_name": "\u6df1\u5733\u84dd\u8393\u9152\u5e97", "order_time": ["2019-01-16 01:18:19"], "total_order": 1, "hotel_value": ["4.6"], "hotel_price": ["133"]}, "930493": {"hotel_name": "\u7231\u4eba\u9152\u5e97(\u6df1\u5733\u7ffb\u8eab\u5730\u94c1\u7ad9\u5e97)", "order_time": ["2019-01-16 01:32:22", "2019-01-16 01:18:21"], "total_order": 2, "hotel_value": ["4.3", "4.3"], "hotel_price": ["103", "103"]}, "13785743": {"hotel_name": "\u6df1\u5733\u5609\u745e\u57ce\u827a\u672f\u9152\u5e97(\u5927\u6d6a\u5e97)", "order_time": ["2019-01-16 01:20:17"], "total_order": 1, "hotel_value": ["4.4"], "hotel_price": ["141"]}, "13659324": {"hotel_name": "\u5a01\u65af\u767b\u4e3b\u9898\u5ea6\u5047\u516c\u5bd3(\u6df1\u5733\u5317\u7ad9\u5e97)", "order_time": ["2019-01-16 01:20:18"], "total_order": 1, "hotel_value": ["4.4"], "hotel_price": ["336"]}, "6724549": {"hotel_name": "\u6df1\u5733\u6021\u4f73\u5bbe\u9986", "order_time": ["2019-01-16 01:20:22"], "total_order": 1, "hotel_value": ["4.4"], "hotel_price": ["163"]}, "457399": {"hotel_name": "\u6df1\u5733\u4e2d\u5357\u6d77\u6021\u9152\u5e97", "order_time": ["2019-01-16 01:20:27"], "total_order": 1, "hotel_value": ["4.3"], "hotel_price": ["880"]}, "12135159": {"hotel_name": "\u6df1\u5733\u7687\u5eadV\u56fd\u9645\u516c\u5bd3(\u539f\u7687\u5ead\u793c\u5c1a\u516c\u5bd3)", "order_time": ["2019-01-16 01:20:27"], "total_order": 1, "hotel_value": ["4.7"], "hotel_price": ["1400"]}, "535483": {"hotel_name": "\u7f8e\u8c6a\u4e3d\u81f4\u9152\u5e97(\u6df1\u5733\u798f\u7530\u4f1a\u5c55\u4e2d\u5fc3\u5e97)", "order_time": ["2019-01-16 01:20:27"], "total_order": 1, "hotel_value": ["4.7"], "hotel_price": ["1060"]}, "21785184": {"hotel_name": "\u6df1\u5733\u5742\u7530\u5e0c\u5c14\u987f\u6b22\u670b\u9152\u5e97", "order_time": ["2019-01-16 01:20:27"], "total_order": 1, "hotel_value": ["4.7"], "hotel_price": ["668"]}, "457383": {"hotel_name": "\u6df1\u5733\u67ab\u53f6\u65f6\u5c1a\u9152\u5e97", "order_time": ["2019-01-16 01:22:17"], "total_order": 1, "hotel_value": ["4.0"], "hotel_price": ["346"]}, "1053424": {"hotel_name": "\u6df1\u5733\u91d1\u4e3d\u8c6a\u9152\u5e97", "order_time": ["2019-01-16 01:22:17", "2019-01-16 01:36:15"], "total_order": 2, "hotel_value": ["3.9", "3.9"], "hotel_price": ["209", "209"]}, "1595907": {"hotel_name": "\u91d1\u9a6c\u65f6\u5c1a\u9152\u5e97(\u6df1\u5733\u5df4\u4e01\u5e97)", "order_time": ["2019-01-16 01:22:20"], "total_order": 1, "hotel_value": ["4.0"], "hotel_price": ["278"]}, "8565861": {"hotel_name": "\u6df1\u5733\u85b0\u8863\u8349\u9752\u5e74\u65c5\u793e", "order_time": ["2019-01-16 01:22:21"], "total_order": 1, "hotel_value": ["4.0"], "hotel_price": ["55"]}, "1486559": {"hotel_name": "\u7ef4\u4e5f\u7eb3\u9152\u5e97(\u6df1\u5733\u6c99\u4e95\u4e0a\u5357\u5e97)", "order_time": ["2019-01-16 01:22:35"], "total_order": 1, "hotel_value": ["4.8"], "hotel_price": ["238"]}, "1573613": {"hotel_name": "\u6df1\u5733\u592a\u8446\u4e30\u9152\u5e97", "order_time": ["2019-01-16 01:24:17"], "total_order": 1, "hotel_value": ["4.2"], "hotel_price": ["198"]}, "479265": {"hotel_name": "\u7ef4\u7eb3\u65af\u56fd\u9645\u9152\u5e97(\u6df1\u5733\u9f99\u5c97\u5409\u76db\u5e97)(\u539f\u5409\u76db\u9152\u5e97)", "order_time": ["2019-01-16 01:24:18"], "total_order": 1, "hotel_value": ["4.7"], "hotel_price": ["238"]}, "708756": {"hotel_name": "\u6df1\u5733\u91d1\u534e\u5927\u9152\u5e97", "order_time": ["2019-01-16 01:24:18"], "total_order": 1, "hotel_value": ["4.0"], "hotel_price": ["196"]}, "654593": {"hotel_name": "\u6df1\u5733\u6ce2\u6258\u83f2\u8bfa\u56fd\u9645\u516c\u5bd3", "order_time": ["2019-01-16 01:24:18"], "total_order": 1, "hotel_value": ["4.6"], "hotel_price": ["1223"]}, "5093554": {"hotel_name": "\u534e\u4e30\u7cbe\u54c1\u9152\u5e97(\u6df1\u5733\u7b0b\u5c97\u5730\u94c1\u7ad9\u5e97)", "order_time": ["2019-01-16 01:24:19"], "total_order": 1, "hotel_value": ["4.4"], "hotel_price": ["134"]}, "3363675": {"hotel_name": "\u6df1\u5733\u9526\u6e56\u7cbe\u54c1\u9152\u5e97", "order_time": ["2019-01-16 01:24:20"], "total_order": 1, "hotel_value": ["4.7"], "hotel_price": ["133"]}, "5718832": {"hotel_name": "Q\u52a0\u00b7\u6df1\u5733\u5317\u4eac\u516c\u5bd3", "order_time": ["2019-01-16 01:24:20"], "total_order": 1, "hotel_value": ["4.4"], "hotel_price": ["112"]}, "1047978": {"hotel_name": "\u6df1\u5733\u8c37\u6eaa\u5bbe\u9986", "order_time": ["2019-01-16 01:24:28"], "total_order": 1, "hotel_value": ["3.7"], "hotel_price": ["78"]}, "931675": {"hotel_name": "\u7ef4\u4e5f\u7eb3\u56fd\u9645\u9152\u5e97(\u6df1\u5733\u5317\u7ad9\u5e97)", "order_time": ["2019-01-16 01:24:38"], "total_order": 1, "hotel_value": ["4.7"], "hotel_price": ["578"]}, "8722459": {"hotel_name": "\u65af\u7ef4\u767b\u5ea6\u5047\u516c\u5bd3(\u6df1\u5733\u5927\u5b66\u57ce\u5e97)", "order_time": ["2019-01-16 01:26:16"], "total_order": 1, "hotel_value": ["4.4"], "hotel_price": ["238"]}, "1498780": {"hotel_name": "\u7ef4\u4e5f\u7eb3\u9152\u5e97(\u6df1\u5733\u9f99\u534e\u4eba\u6c11\u5357\u8def\u5e97)", "order_time": ["2019-01-16 01:26:16"], "total_order": 1, "hotel_value": ["4.8"], "hotel_price": ["336"]}, "2602647": {"hotel_name": "\u6df1\u5733\u4e07\u6fe0\u57ce\u5e02\u9152\u5e97", "order_time": ["2019-01-16 01:26:17"], "total_order": 1, "hotel_value": ["4.4"], "hotel_price": ["168"]}, "1598517": {"hotel_name": "\u6613\u4f70\u8fde\u9501\u65c5\u5e97(\u6df1\u5733\u5927\u5b66\u5357\u65b0\u8def\u5e97)(\u539f\u5357\u5c71\u524d\u6d77\u5357\u65b0\u8def\u5e97)", "order_time": ["2019-01-16 01:26:20"], "total_order": 1, "hotel_value": ["4.4"], "hotel_price": ["122"]}, "2004036": {"hotel_name": "Holiday\u56fd\u9645\u9752\u65c5(\u6df1\u5733\u5927\u5267\u9662\u5e97)", "order_time": ["2019-01-16 01:26:24"], "total_order": 1, "hotel_value": ["4.6"], "hotel_price": ["40"]}, "6186061": {"hotel_name": "\u6df1\u5733\u6ce2\u5c14\u66fc\u7687\u798f\u8f69\u9152\u5e97", "order_time": ["2019-01-16 01:28:15"], "total_order": 1, "hotel_value": ["3.9"], "hotel_price": ["366"]}, "2998626": {"hotel_name": "\u6df1\u5733\u56fd\u65c5\u9752\u5e74\u65c5\u820d", "order_time": ["2019-01-16 01:28:18"], "total_order": 1, "hotel_value": ["4.4"], "hotel_price": ["87"]}, "771937": {"hotel_name": "\u6df1\u5733\u51ef\u7f8e\u57ce\u5047\u65e5\u9152\u5e97", "order_time": ["2019-01-16 01:28:20"], "total_order": 1, "hotel_value": ["3.7"], "hotel_price": ["109"]}, "2387035": {"hotel_name": "\u6df1\u5733\u9e3f\u5229\u6765\u9152\u5e97", "order_time": ["2019-01-16 01:30:21"], "total_order": 1, "hotel_value": ["4.6"], "hotel_price": ["133"]}, "5925144": {"hotel_name": "\u6df1\u5733\u65af\u7ef4\u767b\u516c\u5bd3(\u7f57\u6e56\u65d7\u8230\u5e97)", "order_time": ["2019-01-16 01:30:21"], "total_order": 1, "hotel_value": ["4.3"], "hotel_price": ["306"]}, "1387245": {"hotel_name": "\u83ab\u6cf0\u9152\u5e97(\u6df1\u5733\u5357\u5c71\u5730\u94c1\u7ad9\u51e4\u51f0\u57ce\u5e97)(\u539f\u5357\u5c71\u5e02\u573a\u51e4\u51f0\u57ce\u5e97)", "order_time": ["2019-01-16 01:30:21"], "total_order": 1, "hotel_value": ["4.6"], "hotel_price": ["225"]}, "433180": {"hotel_name": "\u9a8f\u5ead\u9152\u5e97(\u6df1\u5733\u5357\u6cb9\u5e97)", "order_time": ["2019-01-16 01:30:23"], "total_order": 1, "hotel_value": ["4.1"], "hotel_price": ["265"]}, "1104342": {"hotel_name": "\u516b\u65b9\u7cbe\u54c1\u9152\u5e97(\u6df1\u5733\u6c99\u4e95\u4eac\u57fa\u767e\u7eb3\u5e97)", "order_time": ["2019-01-16 01:30:24"], "total_order": 1, "hotel_value": ["4.5"], "hotel_price": ["146"]}, "926732": {"hotel_name": "\u6df1\u5733\u6842\u54c1\u8f69\u9152\u5e97", "order_time": ["2019-01-16 01:30:25"], "total_order": 1, "hotel_value": ["4.3"], "hotel_price": ["370"]}, "1184278": {"hotel_name": "\u6df1\u5733\u9f99\u5e73\u5546\u52a1\u65c5\u9986", "order_time": ["2019-01-16 01:30:27"], "total_order": 1, "hotel_value": ["4.0"], "hotel_price": ["62"]}, "5477437": {"hotel_name": "\u6df1\u5733\u661f\u7f57\u9152\u5e97", "order_time": ["2019-01-16 01:32:16"], "total_order": 1, "hotel_value": ["4.3"], "hotel_price": ["526"]}, "26486088": {"hotel_name": "\u6df1\u5733\u76db\u4e16\u66fc\u54c8\u987f\u9152\u5e97", "order_time": ["2019-01-16 01:32:22"], "total_order": 1, "hotel_value": [0], "hotel_price": ["185"]}, "4395745": {"hotel_name": "\u6df1\u5733\u76ca\u714c\u5546\u52a1\u9152\u5e97", "order_time": ["2019-01-16 01:32:23"], "total_order": 1, "hotel_value": ["4.1"], "hotel_price": ["88"]}, "1061309": {"hotel_name": "\u6df1\u5733\u4f73\u946b\u65c5\u9986", "order_time": ["2019-01-16 01:32:32"], "total_order": 1, "hotel_value": ["1.8"], "hotel_price": ["40"]}, "1597427": {"hotel_name": "\u6df1\u5733\u57ce\u5e02\u5370\u8c61\u5546\u52a1\u9152\u5e97", "order_time": ["2019-01-16 01:32:32"], "total_order": 1, "hotel_value": ["3.8"], "hotel_price": ["112"]}, "1596931": {"hotel_name": "\u94f6\u901a\u4e4b\u65c5\u9152\u5e97(\u6df1\u5733\u4e1c\u95e8\u5e97)", "order_time": ["2019-01-16 01:32:32"], "total_order": 1, "hotel_value": ["3.8"], "hotel_price": ["138"]}, "806478": {"hotel_name": "\u6df1\u5733\u660e\u73e0\u5bbe\u9986", "order_time": ["2019-01-16 01:32:32"], "total_order": 1, "hotel_value": ["4.0"], "hotel_price": ["88"]}, "1012180": {"hotel_name": "\u6df1\u5733\u5929\u5929\u5bbe\u9986", "order_time": ["2019-01-16 01:32:32"], "total_order": 1, "hotel_value": [0], "hotel_price": ["98"]}, "1011934": {"hotel_name": "\u6df1\u5733\u6ee1\u5929\u661f\u62db\u5f85\u6240", "order_time": ["2019-01-16 01:32:32"], "total_order": 1, "hotel_value": ["3.7"], "hotel_price": ["68"]}, "1319911": {"hotel_name": "\u7ef4\u4e5f\u7eb33\u597d\u9152\u5e97(\u6df1\u5733\u89c2\u6f9c\u9ad8\u5c14\u592b\u5e97)", "order_time": ["2019-01-16 01:34:13"], "total_order": 1, "hotel_value": ["4.8"], "hotel_price": ["161"]}, "16083377": {"hotel_name": "\u6df1\u5733TIMES\u4e39\u67ab\u767d\u9732\u516c\u5bd3", "order_time": ["2019-01-16 01:34:14"], "total_order": 1, "hotel_value": ["4.7"], "hotel_price": ["469"]}, "5354032": {"hotel_name": "\u7ef4\u4e5f\u7eb3\u56fd\u9645\u9152\u5e97(\u6df1\u5733\u8349\u57d4\u91d1\u7a3b\u7530\u5e97)", "order_time": ["2019-01-16 01:34:14"], "total_order": 1, "hotel_value": ["4.9"], "hotel_price": ["279"]}, "481689": {"hotel_name": "\u7ef4\u4e5f\u7eb3\u56fd\u9645\u9152\u5e97(\u6df1\u5733\u677e\u5c97\u7ea2\u661f\u5e97)(\u539f\u4e07\u5146\u5e7f\u573a\u5e97)", "order_time": ["2019-01-16 01:34:14"], "total_order": 1, "hotel_value": ["4.9"], "hotel_price": ["229"]}, "5399575": {"hotel_name": "\u6d77\u820d\u5047\u65e5\u9152\u5e97(\u6df1\u5733\u8f83\u573a\u5c3e\u5e97)", "order_time": ["2019-01-16 01:34:14"], "total_order": 1, "hotel_value": ["4.3"], "hotel_price": ["382"]}, "420082": {"hotel_name": "\u6df1\u5733\u5170\u8d6b\u7f8e\u7279\u9152\u5e97", "order_time": ["2019-01-16 01:34:15"], "total_order": 1, "hotel_value": ["4.6"], "hotel_price": ["1458"]}, "1598462": {"hotel_name": "\u6df1\u5733\u7fe0\u56ed\u9152\u5e97", "order_time": ["2019-01-16 01:34:16"], "total_order": 1, "hotel_value": ["4.2"], "hotel_price": ["148"]}, "3110146": {"hotel_name": "\u6df1\u5733\u57ce\u5e02\u4e07\u5b9c\u9152\u5e97", "order_time": ["2019-01-16 01:34:17"], "total_order": 1, "hotel_value": ["4.5"], "hotel_price": ["147"]}, "8589069": {"hotel_name": "\u6df1\u5733\u83f2\u5c14\u4e3b\u9898\u9152\u5e97", "order_time": ["2019-01-16 01:34:17"], "total_order": 1, "hotel_value": ["4.3"], "hotel_price": ["194"]}, "435396": {"hotel_name": "\u7ef4\u4e5f\u7eb3\u9152\u5e97(\u6df1\u5733\u5e73\u6e56\u5e7f\u573a\u5e97)", "order_time": ["2019-01-16 01:34:17"], "total_order": 1, "hotel_value": ["4.9"], "hotel_price": ["193"]}, "443242": {"hotel_name": "\u6df1\u5733\u96c5\u56ed\u98ce\u5c1a\u9152\u5e97", "order_time": ["2019-01-16 01:34:18"], "total_order": 1, "hotel_value": ["3.6"], "hotel_price": ["279"]}, "6753962": {"hotel_name": "\u6df1\u5733\u8c6a\u8fbe\u5546\u52a1\u5bbe\u9986", "order_time": ["2019-01-16 01:34:18"], "total_order": 1, "hotel_value": ["4.0"], "hotel_price": ["298"]}, "453358": {"hotel_name": "\u6df1\u5733\u5708\u5b50\u827a\u672f\u9152\u5e97", "order_time": ["2019-01-16 01:34:46"], "total_order": 1, "hotel_value": ["3.8"], "hotel_price": ["205"]}, "5248368": {"hotel_name": "\u6df1\u573380\u9752\u5e74\u8fde\u9501\u9152\u5e97\u673a\u573a\u540e\u745e\u5730\u94c1\u7ad9\u5e97", "order_time": ["2019-01-16 01:36:14"], "total_order": 1, "hotel_value": ["4.6"], "hotel_price": ["128"]}, "4628528": {"hotel_name": "\u6df1\u5733\u5927\u6885\u6c99\u84dd\u5929\u5168\u6d77\u666f\u516c\u5bd3", "order_time": ["2019-01-16 01:36:14"], "total_order": 1, "hotel_value": ["4.6"], "hotel_price": ["197"]}, "5896190": {"hotel_name": "\u7231\u7434\u6d77\u6d6a\u6f2b\u827a\u672f\u9152\u5e97(\u6df1\u5733\u4e0a\u6885\u6797\u5353\u8d8a\u57ce\u5e97)(\u539f\u6885\u6797\u5e97)", "order_time": ["2019-01-16 01:36:16"], "total_order": 1, "hotel_value": ["4.3"], "hotel_price": ["412"]}, "931894": {"hotel_name": "\u6df1\u5733\u6021\u6cf0\u5546\u52a1\u5bbe\u9986", "order_time": ["2019-01-16 01:36:20"], "total_order": 1, "hotel_value": ["3.1"], "hotel_price": ["118"]}, "6312583": {"hotel_name": "\u6606\u5b63\u9152\u5e97(\u6df1\u5733\u5317\u7ad9\u4e94\u548c\u5e97)", "order_time": ["2019-01-16 01:38:14"], "total_order": 1, "hotel_value": ["4.3"], "hotel_price": ["123"]}, "1502328": {"hotel_name": "\u6df1\u5733\u5bf0\u5b87\u5927\u9152\u5e97", "order_time": ["2019-01-16 01:38:16"], "total_order": 1, "hotel_value": ["4.2"], "hotel_price": ["298"]}, "666644": {"hotel_name": "\u6df1\u5733\u592a\u9633\u82b1\u9152\u5e97", "order_time": ["2019-01-16 01:38:17"], "total_order": 1, "hotel_value": ["4.3"], "hotel_price": ["310"]}, "1596160": {"hotel_name": "\u7ef4\u4e5f\u7eb3\u9152\u5e97(\u6df1\u5733\u71d5\u5ddd\u5e97)", "order_time": ["2019-01-16 01:38:18"], "total_order": 1, "hotel_value": ["4.9"], "hotel_price": ["239"]}, "3657180": {"hotel_name": "\u5c1a\u5ba2\u4f18\u5feb\u6377\u9152\u5e97(\u6df1\u5733\u5b9d\u5b89\u56fd\u9645\u673a\u573a\u5317\u5e97)", "order_time": ["2019-01-16 01:40:17"], "total_order": 1, "hotel_value": ["4.2"], "hotel_price": ["122"]}, "806330": {"hotel_name": "\u6df1\u5927\u5546\u52a1\u9152\u5e97(\u6df1\u5733\u79d1\u6280\u56ed\u5e97)", "order_time": ["2019-01-16 01:40:18"], "total_order": 1, "hotel_value": ["4.0"], "hotel_price": ["161"]}, "6386850": {"hotel_name": "\u6df1\u5733\u7434\u6c5f\u9152\u5e97", "order_time": ["2019-01-16 01:40:18"], "total_order": 1, "hotel_value": ["4.3"], "hotel_price": ["168"]}, "1348680": {"hotel_name": "\u6613\u4f70\u8fde\u9501\u65c5\u5e97(\u6df1\u5733\u5317\u7ad9\u4e16\u7eaa\u6625\u57ce\u5e97)", "order_time": ["2019-01-16 01:40:18"], "total_order": 1, "hotel_value": ["4.7"], "hotel_price": ["106"]}, "1459419": {"hotel_name": "\u6613\u5230\u9152\u5e97(\u6df1\u5733\u897f\u4e3d\u5e97)", "order_time": ["2019-01-16 01:40:18"], "total_order": 1, "hotel_value": ["4.4"], "hotel_price": ["133"]}, "1606067": {"hotel_name": "\u5979\u4ed6\u516c\u5bd3(\u6df1\u5733\u6ee8\u6cb3\u65f6\u4ee3\u5e97)", "order_time": ["2019-01-16 01:40:18"], "total_order": 1, "hotel_value": ["4.6"], "hotel_price": ["636"]}, "2043260": {"hotel_name": "\u6df1\u5733\u4f70\u5bb6\u6021\u9152\u5e97", "order_time": ["2019-01-16 01:40:18"], "total_order": 1, "hotel_value": ["4.3"], "hotel_price": ["198"]}, "5897157": {"hotel_name": "\u6df1\u5733\u57ce\u5e02\u9a7f\u7ad9\u9152\u5e97\u516c\u5bd3\u8fdc\u6d0b\u5e97", "order_time": ["2019-01-16 01:40:18"], "total_order": 1, "hotel_value": ["4.5"], "hotel_price": ["138"]}, "6055188": {"hotel_name": "\u6df1\u5733\u4eca\u65e5\u9152\u5e97", "order_time": ["2019-01-16 01:40:18"], "total_order": 1, "hotel_value": ["4.1"], "hotel_price": ["133"]}, "1789725": {"hotel_name": "\u6df1\u5733\u60a6\u4e30\u9152\u5e97", "order_time": ["2019-01-16 01:40:18"], "total_order": 1, "hotel_value": ["4.3"], "hotel_price": ["177"]}, "6066801": {"hotel_name": "\u57ce\u5e02\u5feb\u6377\u9152\u5e97(\u6df1\u5733\u5742\u7530\u5e97)", "order_time": ["2019-01-16 01:40:18"], "total_order": 1, "hotel_value": ["4.1"], "hotel_price": ["98"]}, "1302150": {"hotel_name": "\u5bcc\u82d1\u8fde\u9501\u9152\u5e97\uff08\u6df1\u5733\u91d1\u5bcc\u82d1\u5e97\uff09", "order_time": ["2019-01-16 01:40:18"], "total_order": 1, "hotel_value": ["4.6"], "hotel_price": ["138"]}, "1599527": {"hotel_name": "\u798f\u5e03\u65af\u5546\u52a1\u9152\u5e97(\u6df1\u5733\u6843\u56ed\u5e97)", "order_time": ["2019-01-16 01:40:18"], "total_order": 1, "hotel_value": ["4.2"], "hotel_price": ["168"]}, "2729116": {"hotel_name": "\u6df1\u5733\u5b9d\u4e3d\u9152\u5e97", "order_time": ["2019-01-16 01:40:18"], "total_order": 1, "hotel_value": ["4.2"], "hotel_price": ["188"]}, "1786360": {"hotel_name": "\u5c1a\u54c1\u94c2\u5bb6\u9152\u5e97(\u6df1\u5733\u89c2\u6f9c\u5c71\u6c34\u7530\u56ed\u5e97)", "order_time": ["2019-01-16 01:40:18"], "total_order": 1, "hotel_value": ["4.7"], "hotel_price": ["123"]}, "1596485": {"hotel_name": "7\u5929\u8fde\u9501\u9152\u5e97(\u6df1\u5733\u9f99\u534e\u5e97)", "order_time": ["2019-01-16 01:40:18"], "total_order": 1, "hotel_value": ["4.4"], "hotel_price": ["149"]}, "26425754": {"hotel_name": "\u6df1\u5733\u7ef4\u8fe6\u9152\u5e97\u516c\u5bd3", "order_time": ["2019-01-16 01:40:18"], "total_order": 1, "hotel_value": ["4.7"], "hotel_price": ["248"]}, "898154": {"hotel_name": "\u6df1\u5733\u6850\u6797\u5546\u52a1\u9152\u5e97", "order_time": ["2019-01-16 01:40:18"], "total_order": 1, "hotel_value": ["4.2"], "hotel_price": ["218"]}, "833160": {"hotel_name": "7\u5929\u8fde\u9501\u9152\u5e97(\u6df1\u5733\u7af9\u5b50\u6797\u5730\u94c1\u7ad9\u5e97)", "order_time": ["2019-01-16 01:40:18"], "total_order": 1, "hotel_value": ["4.0"], "hotel_price": ["283"]}, "6442144": {"hotel_name": "\u91d1\u8475\u82b1\u9152\u5e97(\u6df1\u5733\u5357\u7ea6\u5e97)", "order_time": ["2019-01-16 01:40:18"], "total_order": 1, "hotel_value": ["4.4"], "hotel_price": ["161"]}, "5378493": {"hotel_name": "\u6df1\u5733\u661f\u6021\u56ed\u9152\u5e97", "order_time": ["2019-01-16 01:40:18"], "total_order": 1, "hotel_value": ["4.1"], "hotel_price": ["173"]}, "5782386": {"hotel_name": "7\u5929\u8fde\u9501\u9152\u5e97(\u6df1\u5733\u5730\u738b\u5927\u53a6\u7ea2\u6842\u8def\u5e97)(\u539f\u7ea2\u6842\u8def\u5e97)", "order_time": ["2019-01-16 01:40:18"], "total_order": 1, "hotel_value": ["4.3"], "hotel_price": ["139"]}, "1499469": {"hotel_name": "\u6df1\u5733\u6854\u5b50\u4e3b\u9898\u9152\u5e97(\u539f\u6b63\u5174\u5546\u52a1\u5bbe\u9986)", "order_time": ["2019-01-16 01:40:18"], "total_order": 1, "hotel_value": ["4.3"], "hotel_price": ["121"]}, "806987": {"hotel_name": "\u540d\u4eba\u5bbe\u9986(\u6df1\u5733\u576a\u5c71\u5e97)", "order_time": ["2019-01-16 01:40:18"], "total_order": 1, "hotel_value": ["4.3"], "hotel_price": ["113"]}, "2160329": {"hotel_name": "\u6d77\u53cb\u9152\u5e97(\u6df1\u5733\u6df1\u5927\u5e97)", "order_time": ["2019-01-16 01:40:18"], "total_order": 1, "hotel_value": ["4.3"], "hotel_price": ["199"]}, "1498911": {"hotel_name": "\u76db\u653e\u52d2\u675c\u9e43\u9152\u5e97(\u6df1\u5733\u5742\u7530\u5e97)", "order_time": ["2019-01-16 01:40:18"], "total_order": 1, "hotel_value": ["4.3"], "hotel_price": ["146"]}, "28761043": {"hotel_name": "\u7ef4\u4e5f\u7eb3\u56fd\u9645\u9152\u5e97(\u6df1\u5733\u5927\u5b66\u57ce\u4f53\u80b2\u4e2d\u5fc3\u5e97)", "order_time": ["2019-01-16 01:40:19"], "total_order": 1, "hotel_value": [0], "hotel_price": ["299"]}, "1593173": {"hotel_name": "\u4e00\u8a93\u73ab\u7470\u60c5\u4fa3\u4e3b\u9898\u9152\u5e97(\u6df1\u5733\u6d77\u96c5\u5e97)", "order_time": ["2019-01-16 01:42:17"], "total_order": 1, "hotel_value": ["4.2"], "hotel_price": ["158"]}, "1849424": {"hotel_name": "\u6df1\u5733\u540c\u4e50\u5546\u52a1\u9152\u5e97", "order_time": ["2019-01-16 01:42:20"], "total_order": 1, "hotel_value": ["3.7"], "hotel_price": ["157"]}, "1598093": {"hotel_name": "\u6df1\u5733\u5609\u60a6\u9152\u5e97", "order_time": ["2019-01-16 01:42:21"], "total_order": 1, "hotel_value": ["3.7"], "hotel_price": ["128"]}, "428276": {"hotel_name": "\u5982\u5bb6\u5feb\u6377\u9152\u5e97(\u6df1\u5733\u5357\u5c71\u5927\u9053\u5e97)", "order_time": ["2019-01-16 01:42:29"], "total_order": 1, "hotel_value": ["4.4"], "hotel_price": ["246"]}}}