{"\u5f00\u59cb\u8bb0\u5f55\u65f6\u95f4": "2019-01-15 02:45:40", "\u7ed3\u675f\u8bb0\u5f55\u65f6\u95f4": "2019-01-15 03:48:09", "\u8ba2\u5355\u603b\u589e\u91cf": 187, "item": {"965551": {"hotel_name": "\u6df1\u5733\u79a7\u5ef7\u9152\u5e97", "order_time": ["2019-01-15 02:48:16"], "total_order": 1, "hotel_value": ["4.4"], "hotel_price": ["140"]}, "2845884": {"hotel_name": "\u5c1a\u5ba2\u4f18\u5feb\u6377\u9152\u5e97(\u6df1\u5733\u65b0\u673a\u573a\u822a\u7ad9\u697c\u5e97)", "order_time": ["2019-01-15 02:48:17"], "total_order": 1, "hotel_value": ["4.3"], "hotel_price": ["148"]}, "22033532": {"hotel_name": "TOWO\u4e0a\u54c1\u9152\u5e97(\u6df1\u5733\u576a\u6d32\u5730\u94c1\u7ad9\u5e97)", "order_time": ["2019-01-15 02:48:17"], "total_order": 1, "hotel_value": ["4.5"], "hotel_price": ["145"]}, "5678486": {"hotel_name": "\u9ea6\u82bd\u516c\u5bd3(\u6df1\u5733\u79d1\u6280\u56ed\u5e97)(\u539f\u9ea6\u82bd\u9152\u5e97\u5f0f\u516c\u5bd3)", "order_time": ["2019-01-15 03:20:35", "2019-01-15 02:48:20"], "total_order": 2, "hotel_value": ["4.7", "4.7"], "hotel_price": ["273", "273"]}, "5796953": {"hotel_name": "\u8584\u8377\u56fd\u9645\u516c\u5bd3\u9152\u5e97(\u6df1\u5733\u4f1a\u5c55\u4e2d\u5fc3\u5e97)", "order_time": ["2019-01-15 02:48:20"], "total_order": 1, "hotel_value": ["4.5"], "hotel_price": ["328"]}, "11931041": {"hotel_name": "\u6df1\u5733\u8f89\u76db\u9601\u56fd\u9645\u516c\u5bd3", "order_time": ["2019-01-15 02:48:22"], "total_order": 1, "hotel_value": ["4.7"], "hotel_price": ["1209"]}, "1513295": {"hotel_name": "\u6df1\u5733\u4e30\u5c45\u5546\u52a1\u9152\u5e97(\u539f\u4e30\u797a\u5c45\u9152\u5e97)", "order_time": ["2019-01-15 02:48:24"], "total_order": 1, "hotel_value": ["4.5"], "hotel_price": ["126"]}, "3716429": {"hotel_name": "\u6df1\u5733\u4e2d\u6d32\u4e07\u8c6a\u9152\u5e97", "order_time": ["2019-01-15 02:48:25"], "total_order": 1, "hotel_value": ["4.7"], "hotel_price": ["1726"]}, "638421": {"hotel_name": "\u7ef4\u4e5f\u7eb3\u56fd\u9645\u9152\u5e97(\u6df1\u5733\u5927\u5267\u9662\u5e97)", "order_time": ["2019-01-15 02:48:26"], "total_order": 1, "hotel_value": ["4.7"], "hotel_price": ["456"]}, "5772032": {"hotel_name": "\u6df1\u5733\u4e50\u5bb6\u7cbe\u54c1\u670d\u52a1\u516c\u5bd3", "order_time": ["2019-01-15 02:48:36"], "total_order": 1, "hotel_value": ["4.5"], "hotel_price": ["288"]}, "1785454": {"hotel_name": "\u6df1\u5733\u9e4f\u57ce\u9152\u5e97", "order_time": ["2019-01-15 02:48:42"], "total_order": 1, "hotel_value": ["3.9"], "hotel_price": ["138"]}, "4717685": {"hotel_name": "\u542f\u7a0b\u9152\u5e97(\u6df1\u5733\u65f6\u5c1a\u521b\u610f\u5e97)(\u539f\u57ce\u5e02\u5bbe\u9986\u65f6\u5c1a\u521b\u610f\u5e97)", "order_time": ["2019-01-15 02:48:53"], "total_order": 1, "hotel_value": ["4.5"], "hotel_price": ["94"]}, "1459255": {"hotel_name": "\u7f8e\u8fea\u9152\u5e97(\u6df1\u5733\u534e\u4e3a\u5742\u7530\u57fa\u5730\u5e97)", "order_time": ["2019-01-15 02:48:59"], "total_order": 1, "hotel_value": ["4.7"], "hotel_price": ["223"]}, "5897673": {"hotel_name": "\u6df1\u5733\u9645\u6d32\u5546\u52a1\u9152\u5e97", "order_time": ["2019-01-15 02:49:01"], "total_order": 1, "hotel_value": ["4.5"], "hotel_price": ["155"]}, "1488965": {"hotel_name": "\u6021\u83b1\u9152\u5e97(\u6df1\u5733\u6c99\u4e95\u4e2d\u5fc3\u5ba2\u8fd0\u7ad9\u5e97)(\u539f\u5feb8\u8fde\u9501\u9152\u5e97)", "order_time": ["2019-01-15 02:49:09"], "total_order": 1, "hotel_value": ["4.2"], "hotel_price": ["109"]}, "1413498": {"hotel_name": "\u5361\u745e\u767b\u9152\u5e97(\u6df1\u5733\u5317\u7ad9\u5e97)", "order_time": ["2019-01-15 02:50:28"], "total_order": 1, "hotel_value": ["4.2"], "hotel_price": ["328"]}, "6997331": {"hotel_name": "\u7687\u671d\u5546\u52a1\u9152\u5e97(\u6df1\u5733\u798f\u7530\u53e3\u5cb8\u5e97)", "order_time": ["2019-01-15 02:50:28"], "total_order": 1, "hotel_value": ["4.4"], "hotel_price": ["346"]}, "1070932": {"hotel_name": "\u9038\u7c73\u9152\u5e97(\u6df1\u5733\u5e73\u6e56\u534e\u5357\u57ce\u5e97)", "order_time": ["2019-01-15 02:50:32"], "total_order": 1, "hotel_value": ["4.4"], "hotel_price": ["128"]}, "474461": {"hotel_name": "\u6df1\u5733\u673a\u573a\u5927\u9152\u5e97", "order_time": ["2019-01-15 02:50:32", "2019-01-15 03:42:08"], "total_order": 2, "hotel_value": ["4.3", "4.3"], "hotel_price": ["227", "239"]}, "7588938": {"hotel_name": "\u58f9\u822a\u9152\u5e97(\u6df1\u5733\u673a\u573a\u5e97)", "order_time": ["2019-01-15 02:50:32", "2019-01-15 03:05:30", "2019-01-15 03:42:08"], "total_order": 3, "hotel_value": ["4.5", "4.5", "4.5"], "hotel_price": ["268", "268", "298"]}, "12481871": {"hotel_name": "\u7ef4\u4e5f\u7eb3\u597d\u7720\u56fd\u9645\u9152\u5e97(\u6df1\u5733\u65b0\u673a\u573a\u65d7\u8230\u5e97)", "order_time": ["2019-01-15 02:50:33"], "total_order": 1, "hotel_value": ["4.8"], "hotel_price": ["339"]}, "2387035": {"hotel_name": "\u6df1\u5733\u9e3f\u5229\u6765\u9152\u5e97", "order_time": ["2019-01-15 03:32:40", "2019-01-15 02:50:34", "2019-01-15 03:20:20"], "total_order": 3, "hotel_value": ["4.6", "4.6", "4.6"], "hotel_price": ["133", "133", "133"]}, "1270889": {"hotel_name": "\u683c\u6797\u8c6a\u6cf0(\u6df1\u5733\u673a\u573a\u65b0\u822a\u7ad9\u697c\u5e97)", "order_time": ["2019-01-15 02:50:37"], "total_order": 1, "hotel_value": ["4.2"], "hotel_price": ["137"]}, "533687": {"hotel_name": "\u65b0\u6843\u56ed\u9152\u5e97(\u6df1\u5733\u6d77\u5cb8\u5e97)", "order_time": ["2019-01-15 02:50:41"], "total_order": 1, "hotel_value": ["4.5"], "hotel_price": ["609"]}, "18439542": {"hotel_name": "\u6c49\u8c37\u4e3b\u9898\u516c\u5bd3(\u6df1\u5733\u4f1a\u5c55\u4e2d\u5fc3\u5e97)", "order_time": ["2019-01-15 02:50:41"], "total_order": 1, "hotel_value": ["4.4"], "hotel_price": ["339"]}, "3801203": {"hotel_name": "\u6df1\u5733\u5bcc\u4e4b\u6e90\u5546\u52a1\u9152\u5e97", "order_time": ["2019-01-15 02:50:44"], "total_order": 1, "hotel_value": ["4.0"], "hotel_price": ["98"]}, "669030": {"hotel_name": "\u6df1\u5733\u805a\u6cc9\u6e7e\u7cbe\u54c1\u9152\u5e97", "order_time": ["2019-01-15 02:50:44"], "total_order": 1, "hotel_value": ["4.7"], "hotel_price": ["238"]}, "4332478": {"hotel_name": "\u683c\u6797\u8c6a\u6cf0\u8d1d\u58f3\u9152\u5e97(\u6df1\u5733\u9f99\u534e\u6c7d\u8f66\u7ad9\u5e97)", "order_time": ["2019-01-15 02:50:55"], "total_order": 1, "hotel_value": ["4.1"], "hotel_price": ["143"]}, "6001552": {"hotel_name": "\u8d35\u5bbe\u820d\u9152\u5e97(\u6df1\u5733\u798f\u6c38\u5e97)", "order_time": ["2019-01-15 02:51:03"], "total_order": 1, "hotel_value": ["4.3"], "hotel_price": ["88"]}, "385210": {"hotel_name": "\u6df1\u5733\u7687\u5eadV\u9152\u5e97", "order_time": ["2019-01-15 02:52:34"], "total_order": 1, "hotel_value": ["4.7"], "hotel_price": ["1423"]}, "2602578": {"hotel_name": "\u7ef4\u4e5f\u7eb3\u56fd\u9645\u9152\u5e97(\u6df1\u5733\u5730\u738b\u5b9d\u5b89\u5357\u8def\u5e97)", "order_time": ["2019-01-15 02:52:34"], "total_order": 1, "hotel_value": ["4.8"], "hotel_price": ["396"]}, "1598492": {"hotel_name": "7\u5929\u8fde\u9501\u9152\u5e97(\u6df1\u5733\u5927\u5b66\u5b66\u5e9c\u8def\u5e97)", "order_time": ["2019-01-15 02:52:39"], "total_order": 1, "hotel_value": ["4.2"], "hotel_price": ["219"]}, "1721205": {"hotel_name": "\u6df1\u5733\u7ec5\u58eb\u9152\u5e97", "order_time": ["2019-01-15 02:52:40", "2019-01-15 03:24:29", "2019-01-15 03:18:11"], "total_order": 3, "hotel_value": ["4.4", "4.4", "4.4"], "hotel_price": ["238", "238", "238"]}, "1933926": {"hotel_name": "\u6df1\u5733\u96c5\u56ed\u5f69\u7530\u9152\u5e97", "order_time": ["2019-01-15 02:52:44"], "total_order": 1, "hotel_value": ["4.2"], "hotel_price": ["279"]}, "1319897": {"hotel_name": "TOWO\u4e0a\u54c1\u9152\u5e97(\u6df1\u5733\u673a\u573a\u65d7\u8230\u5e97)(\u539f\u60a6\u7a0b\u7cbe\u54c1\u9152\u5e97)", "order_time": ["2019-01-15 02:52:44", "2019-01-15 03:20:21"], "total_order": 2, "hotel_value": ["4.7", "4.7"], "hotel_price": ["168", "168"]}, "997850": {"hotel_name": "\u5170\u5ef7\u9152\u5e97(\u6df1\u5733\u5317\u7ad9\u5e97)", "order_time": ["2019-01-15 02:52:45", "2019-01-15 03:05:27"], "total_order": 2, "hotel_value": ["4.1", "4.1"], "hotel_price": ["326", "326"]}, "666644": {"hotel_name": "\u6df1\u5733\u592a\u9633\u82b1\u9152\u5e97", "order_time": ["2019-01-15 02:54:49"], "total_order": 1, "hotel_value": ["4.3"], "hotel_price": ["310"]}, "662421": {"hotel_name": "\u7ef4\u7eb3\u65af\u9152\u5e97(\u6df1\u5733\u5317\u7ad9\u5e97)", "order_time": ["2019-01-15 02:54:50"], "total_order": 1, "hotel_value": ["4.2"], "hotel_price": ["299"]}, "1598755": {"hotel_name": "7\u5929\u8fde\u9501\u9152\u5e97(\u6df1\u5733\u5b9d\u5b89\u677e\u5c97\u6c7d\u8f66\u7ad9\u5e97)", "order_time": ["2019-01-15 02:54:53"], "total_order": 1, "hotel_value": ["4.5"], "hotel_price": ["99"]}, "1596225": {"hotel_name": "\u6587\u661f\u8fde\u9501\u9152\u5e97(\u6df1\u5733\u897f\u4e3d\u5e97)(\u539f\u9ad8\u804c\u9662\u5e97)", "order_time": ["2019-01-15 02:54:55", "2019-01-15 03:05:34"], "total_order": 2, "hotel_value": ["4.4", "4.4"], "hotel_price": ["174", "174"]}, "27114992": {"hotel_name": "\u57ce\u5bb6\u516c\u5bd3(\u6df1\u5733\u5357\u5c71\u79d1\u6280\u56ed\u5e97)", "order_time": ["2019-01-15 02:54:55"], "total_order": 1, "hotel_value": ["4.9"], "hotel_price": ["272"]}, "6752409": {"hotel_name": "\u6df1\u5733\u5c71\u6797\u9152\u5e97", "order_time": ["2019-01-15 02:55:13"], "total_order": 1, "hotel_value": ["4.2"], "hotel_price": ["113"]}, "1595987": {"hotel_name": "\u5bb6\u8fce\u8fde\u9501\u9152\u5e97(\u6df1\u5733\u9f99\u5c97\u5e97)", "order_time": ["2019-01-15 02:55:15"], "total_order": 1, "hotel_value": ["4.4"], "hotel_price": ["68"]}, "6793414": {"hotel_name": "\u6df1\u5733\u4e2d\u82d1\u5bbe\u9986", "order_time": ["2019-01-15 02:55:15"], "total_order": 1, "hotel_value": ["3.6"], "hotel_price": ["153"]}, "4603715": {"hotel_name": "\u6df1\u5733\u7f57\u9a6c\u661f\u57ce\u9152\u5e97", "order_time": ["2019-01-15 02:55:17"], "total_order": 1, "hotel_value": ["4.2"], "hotel_price": ["104"]}, "2970852": {"hotel_name": "\u4e508\u8fde\u9501\u9152\u5e97(\u6df1\u5733\u8377\u5773\u5e97)(\u539f\u4e50\u987a\u9152\u5e97)", "order_time": ["2019-01-15 02:55:17"], "total_order": 1, "hotel_value": ["3.6"], "hotel_price": ["158"]}, "420085": {"hotel_name": "\u6df1\u5733\u9633\u5149\u9152\u5e97", "order_time": ["2019-01-15 02:57:06"], "total_order": 1, "hotel_value": ["4.6"], "hotel_price": ["646"]}, "534924": {"hotel_name": "\u7ef4\u4e5f\u7eb3\u9152\u5e97(\u6df1\u5733\u7231\u56fd\u8def\u5e97)", "order_time": ["2019-01-15 02:57:25"], "total_order": 1, "hotel_value": ["4.8"], "hotel_price": ["298"]}, "1577411": {"hotel_name": "\u6df1\u5733\u5b9d\u5229\u5a05\u9152\u5e97(\u539f\u5b9d\u4e3d\u5a05\u9152\u5e97)", "order_time": ["2019-01-15 02:57:47"], "total_order": 1, "hotel_value": ["4.3"], "hotel_price": ["141"]}, "2279616": {"hotel_name": "\u6df1\u5733\u8521\u5c4b\u56f4\u5927\u9152\u5e97", "order_time": ["2019-01-15 02:59:05"], "total_order": 1, "hotel_value": ["4.4"], "hotel_price": ["268"]}, "918797": {"hotel_name": "\u5357\u56fd\u8fde\u9501\u9152\u5e97(\u6df1\u5733\u798f\u6c11\u5730\u94c1\u7ad9\u5e97)(\u539f\u5927\u53a6\u798f\u6c11\u5e97)", "order_time": ["2019-01-15 02:59:10"], "total_order": 1, "hotel_value": ["4.0"], "hotel_price": ["209"]}, "435396": {"hotel_name": "\u7ef4\u4e5f\u7eb3\u9152\u5e97(\u6df1\u5733\u5e73\u6e56\u5e7f\u573a\u5e97)", "order_time": ["2019-01-15 02:59:15"], "total_order": 1, "hotel_value": ["4.9"], "hotel_price": ["193"]}, "1508083": {"hotel_name": "\u6df1\u5733\u5343\u5bcc\u5927\u9152\u5e97", "order_time": ["2019-01-15 03:05:58", "2019-01-15 02:59:20", "2019-01-15 03:16:22"], "total_order": 3, "hotel_value": ["4.4", "4.4", "4.4"], "hotel_price": ["121", "121", "121"]}, "11411654": {"hotel_name": "\u6df1\u5733\u798f\u745e\u8bd7\u9152\u5e97\u516c\u5bd3(\u632f\u5174\u9152\u5e97\u516c\u5bd3)", "order_time": ["2019-01-15 02:59:22"], "total_order": 1, "hotel_value": ["4.1"], "hotel_price": ["108"]}, "1952191": {"hotel_name": "\u5357\u56fd\u5bbe\u9986(\u6df1\u5733\u798f\u6c11\u5730\u94c1\u7ad9\u603b\u5e97)(\u539f\u4f1a\u5c55\u4e2d\u5fc3\u5e97)", "order_time": ["2019-01-15 03:01:12"], "total_order": 1, "hotel_value": ["4.1"], "hotel_price": ["229"]}, "467527": {"hotel_name": "\u57ce\u5e02\u5ba2\u6808(\u6df1\u5733\u6b22\u4e50\u8c37\u5e97)", "order_time": ["2019-01-15 03:01:14"], "total_order": 1, "hotel_value": ["4.1"], "hotel_price": ["299"]}, "6290487": {"hotel_name": "\u591a\u4f26\u591a\u9152\u5e97\uff08\u6df1\u5733\u7530\u8d1d\u5e97\uff09", "order_time": ["2019-01-15 03:01:21"], "total_order": 1, "hotel_value": ["4.6"], "hotel_price": ["273"]}, "24462542": {"hotel_name": "\u6df1\u5733\u8d1d\u5854LOFT\u7cbe\u54c1\u516c\u5bd3", "order_time": ["2019-01-15 03:01:22"], "total_order": 1, "hotel_value": ["4.7"], "hotel_price": ["257"]}, "1597417": {"hotel_name": "\u6df1\u5733\u745e\u6765\u5ba2\u6808", "order_time": ["2019-01-15 03:01:24"], "total_order": 1, "hotel_value": ["4.2"], "hotel_price": ["108"]}, "435219": {"hotel_name": "\u7ef4\u4e5f\u7eb3\u9152\u5e97(\u6df1\u5733\u9f99\u5c97\u4e2d\u5fc3\u57ce\u76db\u5e73\u5e97)", "order_time": ["2019-01-15 03:01:24"], "total_order": 1, "hotel_value": ["4.8"], "hotel_price": ["212"]}, "425224": {"hotel_name": "\u6df1\u5733\u5f6d\u5e74\u9152\u5e97", "order_time": ["2019-01-15 03:03:18"], "total_order": 1, "hotel_value": ["4.6"], "hotel_price": ["636"]}, "8360425": {"hotel_name": "\u6df1\u5733\u51ef\u8d1d\u4e3d\u541b\u4e34\u6d77\u57df\u670d\u52a1\u516c\u5bd3", "order_time": ["2019-01-15 03:03:19"], "total_order": 1, "hotel_value": ["4.4"], "hotel_price": ["396"]}, "419431": {"hotel_name": "\u6df1\u5733\u6e7e\u6728\u68c9\u82b1\u9152\u5e97", "order_time": ["2019-01-15 03:03:23"], "total_order": 1, "hotel_value": ["4.6"], "hotel_price": ["1588"]}, "435152": {"hotel_name": "\u6df1\u5733\u4e2d\u822a\u57ce\u683c\u5170\u4e91\u5929\u5927\u9152\u5e97", "order_time": ["2019-01-15 03:03:23"], "total_order": 1, "hotel_value": ["4.7"], "hotel_price": ["789"]}, "5250074": {"hotel_name": "\u6df1\u5733\u6c38\u5b9c\u9152\u5e97\u5317\u7ad9\u5e97", "order_time": ["2019-01-15 03:03:25"], "total_order": 1, "hotel_value": ["4.5"], "hotel_price": ["157"]}, "2883194": {"hotel_name": "\u5929\u9e45\u604b\u60c5\u4fa3\u4e3b\u9898\u9152\u5e97(\u6df1\u5733\u7f57\u6e56\u5e97)", "order_time": ["2019-01-15 03:03:29", "2019-01-15 03:05:26"], "total_order": 2, "hotel_value": ["4.3", "4.3"], "hotel_price": ["253", "253"]}, "456133": {"hotel_name": "\u6df1\u5733\u7ef4\u666f\u9152\u5e97", "order_time": ["2019-01-15 03:03:29"], "total_order": 1, "hotel_value": ["4.5"], "hotel_price": ["398"]}, "6314214": {"hotel_name": "\u4f73\u5146\u4e1a\u53ef\u57df\u7cbe\u9009\u9152\u5e97(\u6df1\u5733\u5927\u9e4f\u5e97)", "order_time": ["2019-01-15 03:03:29"], "total_order": 1, "hotel_value": ["4.6"], "hotel_price": ["357"]}, "848018": {"hotel_name": "\u6df1\u6e2f\u4f1a\u670d\u52a1\u5f0f\u516c\u5bd3(\u6df1\u5733\u65b0\u6d32\u5609\u5dde\u5bcc\u82d1\u5e97)", "order_time": ["2019-01-15 03:03:35"], "total_order": 1, "hotel_value": ["4.2"], "hotel_price": ["324"]}, "6044419": {"hotel_name": "\u7ef4\u4e5f\u7eb3\u56fd\u9645\u9152\u5e97(\u6df1\u5733\u5e03\u5409\u5927\u82ac\u5e97)", "order_time": ["2019-01-15 03:04:42"], "total_order": 1, "hotel_value": ["4.8"], "hotel_price": ["279"]}, "1095761": {"hotel_name": "\u6d77\u5cb8\u79c0\u6708\u697c\u9152\u5e97(\u6df1\u5733\u6d77\u5cb8\u57ce\u5e97)", "order_time": ["2019-01-15 03:05:34"], "total_order": 1, "hotel_value": ["4.1"], "hotel_price": ["320"]}, "668315": {"hotel_name": "\u6df1\u5733\u4e2d\u6cb9\u9633\u5149\u5927\u9152\u5e97", "order_time": ["2019-01-15 03:05:36"], "total_order": 1, "hotel_value": ["4.5"], "hotel_price": ["908"]}, "6797581": {"hotel_name": "\u9e97\u67ab\u9152\u5e97(\u6df1\u5733\u77f3\u5ca9\u6c7d\u8f66\u7ad9\u5e97)", "order_time": ["2019-01-15 03:05:37"], "total_order": 1, "hotel_value": ["4.8"], "hotel_price": ["291"]}, "374854": {"hotel_name": "\u6df1\u5733\u6469\u767b\u514b\u65af\u9152\u5e97", "order_time": ["2019-01-15 03:05:44"], "total_order": 1, "hotel_value": ["4.7"], "hotel_price": ["1026"]}, "807135": {"hotel_name": "\u6df1\u5733\u9999\u6c34\u827a\u672f\u9152\u5e97", "order_time": ["2019-01-15 03:05:45"], "total_order": 1, "hotel_value": ["4.3"], "hotel_price": ["218"]}, "21637305": {"hotel_name": "\u4e50\u6613\u4f4f\u65e0\u4eba\u667a\u6167\u9152\u5e97(\u6df1\u5733\u76d0\u7530\u6c99\u5934\u89d2\u5e97)", "order_time": ["2019-01-15 03:07:35"], "total_order": 1, "hotel_value": ["4.6"], "hotel_price": ["226"]}, "432774": {"hotel_name": "\u6df1\u5733\u9690\u79c0\u5c71\u5c45\u9152\u5e97", "order_time": ["2019-01-15 03:07:37"], "total_order": 1, "hotel_value": ["4.8"], "hotel_price": ["1030"]}, "7748208": {"hotel_name": "\u7ef4\u4e5f\u7eb3\u9152\u5e97(\u6df1\u5733\u5e73\u5409\u5927\u9053\u5e97)", "order_time": ["2019-01-15 03:07:41", "2019-01-15 03:20:21"], "total_order": 2, "hotel_value": ["4.9", "4.9"], "hotel_price": ["189", "189"]}, "2765033": {"hotel_name": "\u7f8e\u8c6a\u9152\u5e97(\u6df1\u5733\u673a\u573a\u5e97)", "order_time": ["2019-01-15 03:42:08", "2019-01-15 03:07:43"], "total_order": 2, "hotel_value": ["4.7", "4.7"], "hotel_price": ["348", "348"]}, "1053430": {"hotel_name": "\u6df1\u5733\u6816\u6e38\u592a\u7a7a\u8231\u9752\u5e74\u65c5\u9986", "order_time": ["2019-01-15 03:07:49"], "total_order": 1, "hotel_value": ["4.5"], "hotel_price": ["98"]}, "1535347": {"hotel_name": "\u6d77\u53cb\u9152\u5e97(\u6df1\u5733\u5357\u5c71\u521b\u4e1a\u8def\u5e97)", "order_time": ["2019-01-15 03:07:53"], "total_order": 1, "hotel_value": ["3.9"], "hotel_price": ["199"]}, "6341987": {"hotel_name": "\u6df1\u5733\u9047\u89c1\u9752\u5e74\u65c5\u820d", "order_time": ["2019-01-15 03:08:58"], "total_order": 1, "hotel_value": ["4.6"], "hotel_price": ["47"]}, "1016714": {"hotel_name": "\u6df1\u5733\u6df1\u96c5\u5546\u52a1\u9152\u5e97", "order_time": ["2019-01-15 03:08:58"], "total_order": 1, "hotel_value": ["3.3"], "hotel_price": ["216"]}, "535714": {"hotel_name": "\u84ec\u5ba2\u7cbe\u54c1\u9152\u5e97(\u6df1\u5733\u4e07\u8c61\u57ce\u5e97)", "order_time": ["2019-01-15 03:09:42"], "total_order": 1, "hotel_value": ["4.6"], "hotel_price": ["290"]}, "2239012": {"hotel_name": "\u6df1\u5733\u5b8f\u660c\u5546\u52a1\u9152\u5e97", "order_time": ["2019-01-15 03:09:45"], "total_order": 1, "hotel_value": ["4.3"], "hotel_price": ["187"]}, "1600148": {"hotel_name": "\u7ef4\u4e5f\u7eb3\u9152\u5e97(\u6df1\u5733\u77f3\u5ca9\u6c7d\u8f66\u7ad9\u5e97)", "order_time": ["2019-01-15 03:09:53"], "total_order": 1, "hotel_value": ["4.8"], "hotel_price": ["209"]}, "22822415": {"hotel_name": "\u94c2\u65af\u767b\u884c\u653f\u516c\u5bd3(\u6df1\u5733\u524d\u6d77\u5e97)", "order_time": ["2019-01-15 03:09:55"], "total_order": 1, "hotel_value": ["4.7"], "hotel_price": ["499"]}, "6741815": {"hotel_name": "\u6df1\u5733\u534e\u5f3a\u5bbe\u9986", "order_time": ["2019-01-15 03:10:00"], "total_order": 1, "hotel_value": ["4.2"], "hotel_price": ["236"]}, "806539": {"hotel_name": "\u6df1\u5733\u76db\u5170\u5bbe\u9986", "order_time": ["2019-01-15 03:10:02"], "total_order": 1, "hotel_value": ["3.4"], "hotel_price": ["133"]}, "1600482": {"hotel_name": "\u5929\u4f7f\u604b\u4eba\u4e3b\u9898\u9152\u5e97(\u6df1\u5733\u4e07\u8c61\u57ce\u5e97)", "order_time": ["2019-01-15 03:10:20"], "total_order": 1, "hotel_value": ["4.6"], "hotel_price": ["269"]}, "6063810": {"hotel_name": "\u7ef4\u4e5f\u7eb3\u9152\u5e97(\u6df1\u5733\u5b9d\u5b89\u65b0\u5b89\u5e97)", "order_time": ["2019-01-15 03:10:26"], "total_order": 1, "hotel_value": ["4.8"], "hotel_price": ["359"]}, "440122": {"hotel_name": "\u7ca4\u4f73\u5546\u52a1\u9152\u5e97(\u6df1\u5733\u7f57\u6e56\u53e3\u5cb8\u5e97)", "order_time": ["2019-01-15 03:11:50"], "total_order": 1, "hotel_value": ["4.3"], "hotel_price": ["179"]}, "1387245": {"hotel_name": "\u83ab\u6cf0\u9152\u5e97(\u6df1\u5733\u5357\u5c71\u5730\u94c1\u7ad9\u51e4\u51f0\u57ce\u5e97)(\u539f\u5357\u5c71\u5e02\u573a\u51e4\u51f0\u57ce\u5e97)", "order_time": ["2019-01-15 03:11:56"], "total_order": 1, "hotel_value": ["4.6"], "hotel_price": ["225"]}, "3181454": {"hotel_name": "\u6df1\u5733\u4e1c\u65b9\u9152\u5e97(\u539f\u4e1c\u65b9\u5546\u52a1\u9152\u5e97)", "order_time": ["2019-01-15 03:12:07"], "total_order": 1, "hotel_value": ["4.5"], "hotel_price": ["133"]}, "1598480": {"hotel_name": "7\u5929\u8fde\u9501\u9152\u5e97(\u6df1\u5733\u534e\u5f3a\u5357\u5e97)", "order_time": ["2019-01-15 03:12:11"], "total_order": 1, "hotel_value": ["4.2"], "hotel_price": ["200"]}, "3363675": {"hotel_name": "\u6df1\u5733\u9526\u6e56\u7cbe\u54c1\u9152\u5e97", "order_time": ["2019-01-15 03:12:12"], "total_order": 1, "hotel_value": ["4.7"], "hotel_price": ["133"]}, "4826759": {"hotel_name": "\u6df1\u5733\u6b63\u53d1\u5bbe\u9986", "order_time": ["2019-01-15 03:12:14"], "total_order": 1, "hotel_value": ["4.3"], "hotel_price": ["187"]}, "1198311": {"hotel_name": "7\u5929\u8fde\u9501\u9152\u5e97(\u6df1\u5733\u673a\u573a\u65b0\u822a\u7ad9\u697c\u5e97)", "order_time": ["2019-01-15 03:12:16", "2019-01-15 03:18:15"], "total_order": 2, "hotel_value": ["4.2", "4.2"], "hotel_price": ["145", "145"]}, "371236": {"hotel_name": "\u6df1\u5733\u798f\u670b\u559c\u6765\u767b\u9152\u5e97", "order_time": ["2019-01-15 03:13:09"], "total_order": 1, "hotel_value": ["4.5"], "hotel_price": ["1096"]}, "5724113": {"hotel_name": "\u51e4\u51f0\u5370\u8c61\u516c\u5bd3(\u6df1\u5733\u7f57\u6e56\u4e07\u8c61\u57ce\u5e97)", "order_time": ["2019-01-15 03:13:58"], "total_order": 1, "hotel_value": ["4.7"], "hotel_price": ["316"]}, "6003815": {"hotel_name": "\u96c5\u597d\u9152\u5e97(\u6df1\u5733\u798f\u6c38\u6c7d\u8f66\u7ad9\u5e97)(\u539f\u7ef4\u5723\u9f99\u5ead\u9152\u5e97)", "order_time": ["2019-01-15 03:14:16"], "total_order": 1, "hotel_value": ["4.6"], "hotel_price": ["157"]}, "2944446": {"hotel_name": "\u6df1\u5733\u576a\u5c71\u8fce\u5bbe\u9986", "order_time": ["2019-01-15 03:16:11"], "total_order": 1, "hotel_value": ["4.6"], "hotel_price": ["339"]}, "1595918": {"hotel_name": "7\u5929\u8fde\u9501\u9152\u5e97(\u6df1\u5733\u6c99\u6e7e\u5e97)(\u539f\u5927\u82ac\u6cb9\u753b\u6751\u5e97)", "order_time": ["2019-01-15 03:16:16"], "total_order": 1, "hotel_value": ["4.3"], "hotel_price": ["127"]}, "6730603": {"hotel_name": "\u6df1\u5733\u57ce\u5e02\u6d6a\u6f2b\u4e3b\u9898\u9152\u5e97\u6e05\u6e56\u5730\u94c1\u7ad9\u5e97", "order_time": ["2019-01-15 03:16:37"], "total_order": 1, "hotel_value": ["3.8"], "hotel_price": ["154"]}, "7934815": {"hotel_name": "\u6df1\u5733\u96c5\u8bd7\u9601\u6765\u798f\u58eb\u5e7f\u573a\u670d\u52a1\u516c\u5bd3", "order_time": ["2019-01-15 03:18:13"], "total_order": 1, "hotel_value": ["4.5"], "hotel_price": ["1139"]}, "15734110": {"hotel_name": "\u5c71\u6c34\u65f6\u5c1a\u9152\u5e97(\u6df1\u5733\u661f\u6d77\u5e97)", "order_time": ["2019-01-15 03:24:34", "2019-01-15 03:18:14", "2019-01-15 03:28:41"], "total_order": 3, "hotel_value": ["4.8", "4.8", "4.8"], "hotel_price": ["123", "123", "123"]}, "1437556": {"hotel_name": "\u6df1\u5733\u548c\u8c10\u9152\u5e97", "order_time": ["2019-01-15 03:18:43"], "total_order": 1, "hotel_value": ["4.5"], "hotel_price": ["158"]}, "21149292": {"hotel_name": "\u6df1\u5733\u90a6\u62d3\u7f8e\u8bfa\u884c\u653f\u516c\u5bd3", "order_time": ["2019-01-15 03:20:15"], "total_order": 1, "hotel_value": ["4.5"], "hotel_price": ["494"]}, "13574647": {"hotel_name": "\u6df1\u5733\u5c0a\u4eab\u56fd\u9645\u516c\u5bd3", "order_time": ["2019-01-15 03:20:15"], "total_order": 1, "hotel_value": ["4.6"], "hotel_price": ["299"]}, "374623": {"hotel_name": "\u6df1\u5733\u4e1c\u6d77\u6717\u5ef7\u9152\u5e97", "order_time": ["2019-01-15 03:20:16"], "total_order": 1, "hotel_value": ["4.8"], "hotel_price": ["1645"]}, "437503": {"hotel_name": "\u9526\u6c5f\u4e4b\u661f\u98ce\u5c1a(\u6df1\u5733\u7ffb\u8eab\u5730\u94c1\u7ad9\u5e97)", "order_time": ["2019-01-15 03:20:23"], "total_order": 1, "hotel_value": ["4.2"], "hotel_price": ["149"]}, "833656": {"hotel_name": "\u5174\u9f99\u817e\u5bbe\u9986(\u6df1\u5733\u5317\u7ad9\u5e97)(\u539f\u9f99\u817e\u5bbe\u9986)", "order_time": ["2019-01-15 03:20:23"], "total_order": 1, "hotel_value": ["3.9"], "hotel_price": ["103"]}, "1048003": {"hotel_name": "\u6df1\u5733\u4e1c\u6e2f\u9152\u5e97(\u76d0\u7530\u5e97)", "order_time": ["2019-01-15 03:21:09"], "total_order": 1, "hotel_value": ["3.5"], "hotel_price": ["134"]}, "1437548": {"hotel_name": "\u6800\u5b50\u82b1\u65f6\u5c1a\u9152\u5e97(\u6df1\u5733\u7ffb\u8eab\u5730\u94c1\u7ad9\u5e97)", "order_time": ["2019-01-15 03:22:21"], "total_order": 1, "hotel_value": ["4.1"], "hotel_price": ["143"]}, "9186066": {"hotel_name": "\u6df1\u5733\u5149\u660e\u5e0c\u5c14\u987f\u6b22\u670b\u9152\u5e97", "order_time": ["2019-01-15 03:28:33", "2019-01-15 03:24:19"], "total_order": 2, "hotel_value": ["4.8", "4.8"], "hotel_price": ["436", "436"]}, "607594": {"hotel_name": "\u6df1\u5733\u6708\u6e7e\u9152\u5e97(\u539f\u6708\u6e7e\u5546\u52a1\u9152\u5e97)", "order_time": ["2019-01-15 03:24:31"], "total_order": 1, "hotel_value": ["4.1"], "hotel_price": ["169"]}, "2294732": {"hotel_name": "\u6df1\u5733\u6d77\u4e0a\u7530\u56ed\u9152\u5e97", "order_time": ["2019-01-15 03:24:35"], "total_order": 1, "hotel_value": ["4.0"], "hotel_price": ["279"]}, "533689": {"hotel_name": "\u6df1\u5733\u5723\u5ef7\u8f69\u9152\u5e97", "order_time": ["2019-01-15 03:24:36"], "total_order": 1, "hotel_value": ["4.2"], "hotel_price": ["209"]}, "947460": {"hotel_name": "\u6df1\u5733\u632f\u534e\u6d6a\u6f2b\u6ee1\u5c4b\u4e3b\u9898\u9152\u5e97(\u5e73\u6e56\u5e97)", "order_time": ["2019-01-15 03:24:55"], "total_order": 1, "hotel_value": ["4.5"], "hotel_price": ["103"]}, "2347232": {"hotel_name": "\u6df1\u5733\u548c\u67ab\u9152\u5e97", "order_time": ["2019-01-15 03:26:21"], "total_order": 1, "hotel_value": ["4.6"], "hotel_price": ["238"]}, "5673690": {"hotel_name": "\u6df1\u5733\u5a01\u5c14\u58eb\u56fd\u9645\u516c\u5bd3", "order_time": ["2019-01-15 03:26:29"], "total_order": 1, "hotel_value": ["4.4"], "hotel_price": ["288"]}, "1596468": {"hotel_name": "\u6df1\u5733\u96c5\u4e50\u5ead\u9152\u5e97", "order_time": ["2019-01-15 03:26:31"], "total_order": 1, "hotel_value": ["4.3"], "hotel_price": ["154"]}, "6386881": {"hotel_name": "\u82cf\u9e7f\u516c\u5bd3(\u6df1\u5733\u53cc\u9f99\u5e97)", "order_time": ["2019-01-15 03:26:42"], "total_order": 1, "hotel_value": ["4.5"], "hotel_price": ["91"]}, "345037": {"hotel_name": "\u6df1\u5733\u5a01\u5c3c\u65af\u777f\u9014\u9152\u5e97(\u539f\u5a01\u5c3c\u65af\u9152\u5e97)", "order_time": ["2019-01-15 03:28:34"], "total_order": 1, "hotel_value": ["4.7"], "hotel_price": ["2087"]}, "1498780": {"hotel_name": "\u7ef4\u4e5f\u7eb3\u9152\u5e97(\u6df1\u5733\u9f99\u534e\u4eba\u6c11\u5357\u8def\u5e97)", "order_time": ["2019-01-15 03:28:36"], "total_order": 1, "hotel_value": ["4.8"], "hotel_price": ["336"]}, "1055349": {"hotel_name": "\u57ce\u5e02\u4fbf\u6377\u9152\u5e97(\u6df1\u5733\u5b9d\u5b89\u6d77\u96c5\u7f24\u7eb7\u57ce\u5e97)", "order_time": ["2019-01-15 03:28:41"], "total_order": 1, "hotel_value": ["4.3"], "hotel_price": ["227"]}, "2914795": {"hotel_name": "\u6df1\u5733\u6c11\u4e50\u975e\u5e38\u516c\u5bd3", "order_time": ["2019-01-15 03:28:52"], "total_order": 1, "hotel_value": ["4.0"], "hotel_price": ["193"]}, "1789725": {"hotel_name": "\u6df1\u5733\u60a6\u4e30\u9152\u5e97", "order_time": ["2019-01-15 03:29:02"], "total_order": 1, "hotel_value": ["4.3"], "hotel_price": ["195"]}, "17263780": {"hotel_name": "\u5706\u9152\u5e97(\u6df1\u5733\u79d1\u6280\u56ed\u5e97)", "order_time": ["2019-01-15 03:30:48"], "total_order": 1, "hotel_value": ["4.4"], "hotel_price": ["315"]}, "6708371": {"hotel_name": "\u6df1\u5733\u5361\u7f57\u7cbe\u54c1\u9152\u5e97\u6625\u98ce\u5e97", "order_time": ["2019-01-15 03:30:49"], "total_order": 1, "hotel_value": ["4.4"], "hotel_price": ["232"]}, "18451897": {"hotel_name": "\u6df1\u5733\u7c73\u4e91\u8c37\u56fd\u9645\u9152\u5e97", "order_time": ["2019-01-15 03:30:55"], "total_order": 1, "hotel_value": ["4.3"], "hotel_price": ["176"]}, "6902512": {"hotel_name": "\u7ef4\u4e5f\u7eb3\u9152\u5e97(\u6df1\u5733\u5e03\u5409\u5929\u8679\u5e97)", "order_time": ["2019-01-15 03:32:35"], "total_order": 1, "hotel_value": ["4.8"], "hotel_price": ["269"]}, "1011934": {"hotel_name": "\u6df1\u5733\u6ee1\u5929\u661f\u62db\u5f85\u6240", "order_time": ["2019-01-15 03:33:27"], "total_order": 1, "hotel_value": ["3.7"], "hotel_price": ["68"]}, "481036": {"hotel_name": "\u8bfa\u76df\u9152\u5e97(\u6df1\u5733\u5742\u7530\u534e\u4e3a\u57fa\u5730\u5e97)", "order_time": ["2019-01-15 03:34:38"], "total_order": 1, "hotel_value": ["4.4"], "hotel_price": ["188"]}, "3727130": {"hotel_name": "Q\u52a0\u00b7\u6c47\u5bb6\u516c\u5bd3(\u6df1\u5733\u4e16\u754c\u4e4b\u7a97\u5e97)", "order_time": ["2019-01-15 03:34:39"], "total_order": 1, "hotel_value": ["4.3"], "hotel_price": ["340"]}, "1436676": {"hotel_name": "\u6df1\u5733\u52a0\u6765\u9152\u5e97", "order_time": ["2019-01-15 03:34:40"], "total_order": 1, "hotel_value": ["4.2"], "hotel_price": ["282"]}, "1288192": {"hotel_name": "\u6df1\u5733\u5c71\u666f\u9152\u5e97", "order_time": ["2019-01-15 03:34:45"], "total_order": 1, "hotel_value": ["4.5"], "hotel_price": ["123"]}, "2918261": {"hotel_name": "\u6df1\u5733\u6625\u6da6\u517b\u751f\u9152\u5e97", "order_time": ["2019-01-15 03:35:00"], "total_order": 1, "hotel_value": ["4.3"], "hotel_price": ["193"]}, "6461667": {"hotel_name": "\u7f8e\u8c6a\u4e3d\u81f4\u9152\u5e97(\u6df1\u5733\u4e1c\u95e8\u8001\u8857\u5730\u94c1\u7ad9\u5e97)", "order_time": ["2019-01-15 03:36:37", "2019-01-15 03:42:08"], "total_order": 2, "hotel_value": ["4.6", "4.6"], "hotel_price": ["400", "400"]}, "1121624": {"hotel_name": "\u6df1\u5733\u597d\u671b\u89d2\u57ce\u5e02\u9152\u5e97", "order_time": ["2019-01-15 03:36:45"], "total_order": 1, "hotel_value": ["4.1"], "hotel_price": ["163"]}, "26616612": {"hotel_name": "\u6591\u6593\u5bb6\u516c\u5bd3(\u6df1\u5733\u4f1a\u5c55\u4e2d\u5fc3\u5e97)", "order_time": ["2019-01-15 03:37:50"], "total_order": 1, "hotel_value": ["4.9"], "hotel_price": ["369"]}, "23473035": {"hotel_name": "\u6df1\u6e2f\u884c\u653f\u516c\u5bd3(\u6df1\u5733\u5353\u8d8a\u524d\u6d77\u5e97)", "order_time": ["2019-01-15 03:38:41"], "total_order": 1, "hotel_value": ["4.6"], "hotel_price": ["499"]}, "1386190": {"hotel_name": "\u6df1\u5733\u65b0\u57ce\u5bbe\u9986", "order_time": ["2019-01-15 03:38:55"], "total_order": 1, "hotel_value": ["4.2"], "hotel_price": ["99"]}, "3028861": {"hotel_name": "\u6df1\u5733\u534e\u9f0e\u76db\u9152\u5e97", "order_time": ["2019-01-15 03:39:01"], "total_order": 1, "hotel_value": ["4.5"], "hotel_price": ["169"]}, "1531439": {"hotel_name": "\u6df1\u5733\u7ff0\u6797\u9152\u5e97", "order_time": ["2019-01-15 03:39:07"], "total_order": 1, "hotel_value": ["4.3"], "hotel_price": ["378"]}, "6543857": {"hotel_name": "\u6df1\u5733\u84dd\u60a6\u9152\u5e97\u516c\u5bd3", "order_time": ["2019-01-15 03:40:59"], "total_order": 1, "hotel_value": ["3.9"], "hotel_price": ["368"]}, "5860925": {"hotel_name": "\u6df1\u5733\u6ee8\u6cb3\u65f6\u4ee3\u4e9a\u6735S\u9152\u5e97", "order_time": ["2019-01-15 03:45:58", "2019-01-15 03:42:08"], "total_order": 2, "hotel_value": ["4.8", "4.8"], "hotel_price": ["1259", "1259"]}, "535483": {"hotel_name": "\u7f8e\u8c6a\u4e3d\u81f4\u9152\u5e97(\u6df1\u5733\u798f\u7530\u4f1a\u5c55\u4e2d\u5fc3\u5e97)", "order_time": ["2019-01-15 03:42:08"], "total_order": 1, "hotel_value": ["4.7"], "hotel_price": ["940"]}, "12135159": {"hotel_name": "\u6df1\u5733\u7687\u5eadV\u56fd\u9645\u516c\u5bd3(\u539f\u7687\u5ead\u793c\u5c1a\u516c\u5bd3)", "order_time": ["2019-01-15 03:42:08"], "total_order": 1, "hotel_value": ["4.7"], "hotel_price": ["1400"]}, "21785184": {"hotel_name": "\u6df1\u5733\u5742\u7530\u5e0c\u5c14\u987f\u6b22\u670b\u9152\u5e97", "order_time": ["2019-01-15 03:42:08"], "total_order": 1, "hotel_value": ["4.7"], "hotel_price": ["668"]}, "8003245": {"hotel_name": "\u7f8e\u8c6a\u9152\u5e97(\u6df1\u5733\u7f57\u6e56\u5927\u5267\u9662\u4e07\u8c61\u57ce\u5e97)", "order_time": ["2019-01-15 03:42:08"], "total_order": 1, "hotel_value": ["4.5"], "hotel_price": ["308"]}, "4528873": {"hotel_name": "\u71b9\u65f6\u4ee3loft\u7cbe\u54c1\u9152\u5e97(\u6df1\u5733\u5317\u7ad9\u5e97)", "order_time": ["2019-01-15 03:42:08"], "total_order": 1, "hotel_value": ["4.5"], "hotel_price": ["389"]}, "426172": {"hotel_name": "\u6df1\u5733999\u4e39\u67ab\u767d\u9732\u9152\u5e97", "order_time": ["2019-01-15 03:42:08"], "total_order": 1, "hotel_value": ["4.5"], "hotel_price": ["578"]}, "3667172": {"hotel_name": "\u7d22\u7279\u6765\u521b\u610f\u9152\u5e97(\u6df1\u5733\u5317\u7ad9\u7f18\u5206\u5e97)", "order_time": ["2019-01-15 03:42:08"], "total_order": 1, "hotel_value": ["4.3"], "hotel_price": ["345"]}, "450229": {"hotel_name": "\u6df1\u5733\u695a\u5929\u5927\u9152\u5e97", "order_time": ["2019-01-15 03:42:08"], "total_order": 1, "hotel_value": ["4.1"], "hotel_price": ["349"]}, "433471": {"hotel_name": "\u6df1\u5733\u6fb3\u57ce\u82b1\u56ed\u9152\u5e97", "order_time": ["2019-01-15 03:42:08"], "total_order": 1, "hotel_value": ["4.3"], "hotel_price": ["387"]}, "14154841": {"hotel_name": "\u6df1\u5733\u5357\u5c71CitiGO \u6b22\u9601\u9152\u5e97", "order_time": ["2019-01-15 03:42:08"], "total_order": 1, "hotel_value": ["4.4"], "hotel_price": ["864"]}, "1466507": {"hotel_name": "\u6df1\u5733\u91d1\u798f\u6765\u5546\u65c5\u9152\u5e97", "order_time": ["2019-01-15 03:42:46"], "total_order": 1, "hotel_value": ["4.0"], "hotel_price": ["226"]}, "1597283": {"hotel_name": "\u6df1\u5733\u91d1\u8c37\u5feb\u6377\u9152\u5e97", "order_time": ["2019-01-15 03:42:55"], "total_order": 1, "hotel_value": ["3.1"], "hotel_price": ["119"]}, "997279": {"hotel_name": "\u7ef4\u4e5f\u7eb3\u9152\u5e97(\u6df1\u5733\u516c\u660e\u6c7d\u8f66\u7ad9\u5e97)", "order_time": ["2019-01-15 03:42:55"], "total_order": 1, "hotel_value": ["4.8"], "hotel_price": ["209"]}, "1603131": {"hotel_name": "\u6df1\u5733\u6d77\u60a6\u5546\u52a1\u9152\u5e97", "order_time": ["2019-01-15 03:44:41"], "total_order": 1, "hotel_value": ["4.2"], "hotel_price": ["143"]}, "5148244": {"hotel_name": "\u6df1\u5733\u6db5\u9986\u516c\u5bd3", "order_time": ["2019-01-15 03:44:53"], "total_order": 1, "hotel_value": ["4.3"], "hotel_price": ["160"]}, "1524901": {"hotel_name": "\u9886\u822a\u7cbe\u54c1\u9152\u5e97(\u6df1\u5733\u5b9d\u5b89\u56fd\u9645\u673a\u573aT3\u822a\u7ad9\u697c\u5e97)", "order_time": ["2019-01-15 03:46:36"], "total_order": 1, "hotel_value": ["4.3"], "hotel_price": ["176"]}, "511397": {"hotel_name": "\u6df1\u5733\u4e03\u8857\u516c\u9986\u79c1\u4eba\u516c\u5bd3", "order_time": ["2019-01-15 03:46:41"], "total_order": 1, "hotel_value": ["4.0"], "hotel_price": ["276"]}, "15850743": {"hotel_name": "\u57ce\u5bb6\u7cbe\u9009\u516c\u5bd3\uff08\u6df1\u5733\u534e\u5f3a\u71d5\u5357\u5730\u94c1\u7ad9\u5e97\uff09", "order_time": ["2019-01-15 03:46:48"], "total_order": 1, "hotel_value": ["4.7"], "hotel_price": ["321"]}}}