{"\u5f00\u59cb\u8bb0\u5f55\u65f6\u95f4": "2019-01-16 06:29:04", "\u7ed3\u675f\u8bb0\u5f55\u65f6\u95f4": "2019-01-16 07:29:20", "\u8ba2\u5355\u603b\u589e\u91cf": 131, "item": {"481232": {"hotel_name": "\u6df1\u5733\u6b22\u4e50\u6d77\u5cb8\u4e07\u8c6a\u884c\u653f\u516c\u5bd3", "order_time": ["2019-01-16 06:31:41"], "total_order": 1, "hotel_value": ["4.6"], "hotel_price": ["1999"]}, "2623915": {"hotel_name": "\u7ef4\u4e5f\u7eb3\u56fd\u9645\u9152\u5e97(\u6df1\u5733\u666f\u7530\u5e97)", "order_time": ["2019-01-16 06:31:47"], "total_order": 1, "hotel_value": ["4.8"], "hotel_price": ["433"]}, "17283582": {"hotel_name": "\u6df1\u5733\u9ea6\u8fea\u900a\u56fd\u9645\u9152\u5e97\u516c\u5bd3", "order_time": ["2019-01-16 06:33:42"], "total_order": 1, "hotel_value": ["4.6"], "hotel_price": ["289"]}, "1289957": {"hotel_name": "\u7c73\u5170\u65f6\u5c1a\u9152\u5e97(\u6df1\u5733\u5317\u7ad9\u5e97)", "order_time": ["2019-01-16 06:33:43"], "total_order": 1, "hotel_value": ["4.3"], "hotel_price": ["198"]}, "482903": {"hotel_name": "\u6df1\u5733\u9e3f\u4e30\u56fd\u9645\u5927\u9152\u5e97(\u5357\u5c71)", "order_time": ["2019-01-16 06:33:51"], "total_order": 1, "hotel_value": ["4.5"], "hotel_price": ["579"]}, "1593220": {"hotel_name": "\u4e00\u8a93\u73ab\u7470\u60c5\u4fa3\u4e3b\u9898\u9152\u5e97(\u6df1\u5733\u5efa\u5b89\u5e97)", "order_time": ["2019-01-16 06:33:53"], "total_order": 1, "hotel_value": ["4.5"], "hotel_price": ["164"]}, "1524675": {"hotel_name": "\u6df1\u5733\u6c34\u4e91\u5929\u5546\u52a1\u5bbe\u9986", "order_time": ["2019-01-16 06:35:58"], "total_order": 1, "hotel_value": ["4.1"], "hotel_price": ["166"]}, "10478543": {"hotel_name": "\u6df1\u5733\u91d1\u91cc\u9152\u5e97\u516c\u5bd3\u5742\u7530\u5730\u94c1\u7ad9\u5e97", "order_time": ["2019-01-16 06:36:09"], "total_order": 1, "hotel_value": [0], "hotel_price": ["138"]}, "457399": {"hotel_name": "\u6df1\u5733\u4e2d\u5357\u6d77\u6021\u9152\u5e97", "order_time": ["2019-01-16 07:07:07", "2019-01-16 06:39:46"], "total_order": 2, "hotel_value": ["4.3", "4.3"], "hotel_price": ["880", "880"]}, "2765033": {"hotel_name": "\u7f8e\u8c6a\u9152\u5e97(\u6df1\u5733\u673a\u573a\u5e97)", "order_time": ["2019-01-16 06:39:46"], "total_order": 1, "hotel_value": ["4.7"], "hotel_price": ["348"]}, "8192848": {"hotel_name": "\u57ce\u5bb6\u7cbe\u9009\u516c\u5bd3(\u6df1\u5733\u5357\u5c71\u5730\u94c1\u7ad9\u5e97)", "order_time": ["2019-01-16 06:39:53"], "total_order": 1, "hotel_value": ["4.5"], "hotel_price": ["349"]}, "23946387": {"hotel_name": "\u6df1\u5733\u9752\u5e74\u5c0f\u820d", "order_time": ["2019-01-16 06:40:53"], "total_order": 1, "hotel_value": ["4.9"], "hotel_price": ["62"]}, "1579376": {"hotel_name": "\u6df1\u5733\u4e50\u9152\u5e97", "order_time": ["2019-01-16 06:43:50"], "total_order": 1, "hotel_value": ["4.6"], "hotel_price": ["876"]}, "419431": {"hotel_name": "\u6df1\u5733\u6e7e\u6728\u68c9\u82b1\u9152\u5e97", "order_time": ["2019-01-16 06:44:00"], "total_order": 1, "hotel_value": ["4.6"], "hotel_price": ["1588"]}, "4983960": {"hotel_name": "\u6df1\u5733\u51ef\u60a6\u9152\u5e97", "order_time": ["2019-01-16 06:44:03"], "total_order": 1, "hotel_value": ["4.2"], "hotel_price": ["128"]}, "371239": {"hotel_name": "\u91d1\u8302\u6df1\u5733JW\u4e07\u8c6a\u9152\u5e97", "order_time": ["2019-01-16 06:44:04"], "total_order": 1, "hotel_value": ["4.6"], "hotel_price": ["1749"]}, "1106164": {"hotel_name": "\u6df1\u5733\u592a\u9633\u57ce\u9152\u5e97", "order_time": ["2019-01-16 06:44:13"], "total_order": 1, "hotel_value": ["3.9"], "hotel_price": ["168"]}, "925657": {"hotel_name": "\u6df1\u5733\u56db\u5ddd\u5bbe\u9986", "order_time": ["2019-01-16 06:45:52", "2019-01-16 06:57:57"], "total_order": 2, "hotel_value": ["4.5", "4.5"], "hotel_price": ["493", "493"]}, "4981512": {"hotel_name": "\u6df1\u5733\u65b0\u94ed\u90fd\u9152\u5e97", "order_time": ["2019-01-16 06:46:08"], "total_order": 1, "hotel_value": ["4.2"], "hotel_price": ["115"]}, "1502328": {"hotel_name": "\u6df1\u5733\u5bf0\u5b87\u5927\u9152\u5e97", "order_time": ["2019-01-16 06:47:47"], "total_order": 1, "hotel_value": ["4.2"], "hotel_price": ["298"]}, "3798262": {"hotel_name": "\u6df1\u5733\u516c\u660e\u51ef\u96f7\u65af\u987f\u9152\u5e97", "order_time": ["2019-01-16 06:47:57"], "total_order": 1, "hotel_value": ["4.6"], "hotel_price": ["329"]}, "4437691": {"hotel_name": "\u6df1\u5733\u5bb6\u5174\u5546\u52a1\u5bbe\u9986", "order_time": ["2019-01-16 06:48:05"], "total_order": 1, "hotel_value": ["4.4"], "hotel_price": ["138"]}, "2919264": {"hotel_name": "\u8212\u6377\u5047\u65e5\u9152\u5e97(\u6df1\u5733\u9f99\u5c97\u5e97)", "order_time": ["2019-01-16 06:48:06"], "total_order": 1, "hotel_value": ["4.4"], "hotel_price": ["178"]}, "5426624": {"hotel_name": "\u6df1\u5733\u9ad8\u9038\u8fde\u9501\u9152\u5e97", "order_time": ["2019-01-16 06:48:31"], "total_order": 1, "hotel_value": ["4.5"], "hotel_price": ["173"]}, "927357": {"hotel_name": "\u6df1\u5733\u91d1\u4e4b\u7f8e\u5546\u52a1\u5bbe\u9986", "order_time": ["2019-01-16 06:48:31"], "total_order": 1, "hotel_value": ["3.4"], "hotel_price": ["128"]}, "15154715": {"hotel_name": "\u6df1\u5733\u9a6c\u7334\u70e7\u9152\u9752\u5e74\u65c5\u793e", "order_time": ["2019-01-16 06:48:31"], "total_order": 1, "hotel_value": ["4.6"], "hotel_price": ["49"]}, "1318184": {"hotel_name": "\u6df1\u5733\u516d\u8054\u9152\u5e97", "order_time": ["2019-01-16 06:48:31"], "total_order": 1, "hotel_value": ["4.2"], "hotel_price": ["288"]}, "8565968": {"hotel_name": "\u6df1\u5733\u5927\u5b66\u57ce\u5317\u5927\u8003\u7814\u516c\u5bd3\u9752\u5e74\u65c5\u793e", "order_time": ["2019-01-16 06:48:31"], "total_order": 1, "hotel_value": ["4.6"], "hotel_price": ["68"]}, "23742226": {"hotel_name": "\u6df1\u5733\u7687\u5ead\u00b7\u4e3d\u666f\u8f69\u9152\u5e97", "order_time": ["2019-01-16 06:48:31"], "total_order": 1, "hotel_value": [0], "hotel_price": ["169"]}, "1546819": {"hotel_name": "\u6df1\u5733\u6c38\u65b0\u4e3d\u5546\u52a1\u5bbe\u9986", "order_time": ["2019-01-16 06:48:31"], "total_order": 1, "hotel_value": ["4.2"], "hotel_price": ["88"]}, "6052543": {"hotel_name": "\u6df1\u5733\u660e\u6765\u53d1\u9152\u5e97", "order_time": ["2019-01-16 06:48:31"], "total_order": 1, "hotel_value": ["3.9"], "hotel_price": ["118"]}, "1516820": {"hotel_name": "\u5bcc\u90fd\u5bbe\u9986(\u6df1\u5733\u65b0\u5b89\u56db\u8def\u5e97)", "order_time": ["2019-01-16 06:48:31"], "total_order": 1, "hotel_value": ["4.1"], "hotel_price": ["98"]}, "5250131": {"hotel_name": "\u6df1\u5733\u9e4f\u57ce\u6e7e\u9152\u5e97", "order_time": ["2019-01-16 06:48:31"], "total_order": 1, "hotel_value": ["3.4"], "hotel_price": ["102"]}, "2210369": {"hotel_name": "\u6df1\u5733\u5c1a\u5c45\u7ecf\u6d4e\u9152\u5e97", "order_time": ["2019-01-16 06:48:31", "2019-01-16 06:58:41"], "total_order": 2, "hotel_value": ["4.6", "4.6"], "hotel_price": ["98", "98"]}, "6871206": {"hotel_name": "\u6df1\u5733\u8363\u4e3d\u5bbe\u9986", "order_time": ["2019-01-16 06:48:38"], "total_order": 1, "hotel_value": ["3.3"], "hotel_price": ["148"]}, "1596124": {"hotel_name": "\u6df1\u5733\u5357\u5c97\u57ce\u5e02\u9152\u5e97", "order_time": ["2019-01-16 06:48:41"], "total_order": 1, "hotel_value": ["3.9"], "hotel_price": ["131"]}, "7421782": {"hotel_name": "\u6df1\u5733\u6df1\u6e2f\u60a0\u7136\u4e4b\u5bb6\u9752\u5e74\u65c5\u820d", "order_time": ["2019-01-16 06:48:41"], "total_order": 1, "hotel_value": ["4.1"], "hotel_price": ["79"]}, "535472": {"hotel_name": "\u6df1\u5733\u5357\u65b9\u8054\u5408\u5927\u9152\u5e97", "order_time": ["2019-01-16 06:49:56"], "total_order": 1, "hotel_value": ["4.5"], "hotel_price": ["443"]}, "2164811": {"hotel_name": "\u5f18\u9633\u9152\u5e97(\u6df1\u5733\u5317\u7ad9\u5e97)", "order_time": ["2019-01-16 07:14:15", "2019-01-16 06:49:59"], "total_order": 2, "hotel_value": ["4.5", "4.5"], "hotel_price": ["276", "276"]}, "474607": {"hotel_name": "\u6df1\u5733\u590f\u65e5\u9152\u5e97", "order_time": ["2019-01-16 06:50:03"], "total_order": 1, "hotel_value": ["4.0"], "hotel_price": ["208"]}, "435152": {"hotel_name": "\u6df1\u5733\u4e2d\u822a\u57ce\u683c\u5170\u4e91\u5929\u5927\u9152\u5e97", "order_time": ["2019-01-16 06:52:02"], "total_order": 1, "hotel_value": ["4.7"], "hotel_price": ["856"]}, "6419159": {"hotel_name": "\u6df1\u5733\u6c47\u4e30\u5927\u9152\u5e97", "order_time": ["2019-01-16 06:52:14"], "total_order": 1, "hotel_value": ["4.5"], "hotel_price": ["153"]}, "1942972": {"hotel_name": "\u9014\u52a0\u7279\u8272\u4e3b\u9898\u8fde\u9501\u9152\u5e97\u516c\u5bd3(\u6df1\u5733\u4f1a\u5c55\u4e2d\u5fc3\u798f\u7530\u5e97)", "order_time": ["2019-01-16 06:52:39"], "total_order": 1, "hotel_value": ["4.0"], "hotel_price": ["249"]}, "8003245": {"hotel_name": "\u7f8e\u8c6a\u9152\u5e97(\u6df1\u5733\u7f57\u6e56\u5927\u5267\u9662\u4e07\u8c61\u57ce\u5e97)", "order_time": ["2019-01-16 06:53:31"], "total_order": 1, "hotel_value": ["4.5"], "hotel_price": ["369"]}, "420082": {"hotel_name": "\u6df1\u5733\u5170\u8d6b\u7f8e\u7279\u9152\u5e97", "order_time": ["2019-01-16 06:54:02"], "total_order": 1, "hotel_value": ["4.6"], "hotel_price": ["1458"]}, "458869": {"hotel_name": "\u6c49\u5ead\u9152\u5e97(\u6df1\u5733\u4e1c\u95e8\u6b65\u884c\u8857\u5e97)(\u539f\u4e50\u56ed\u8def\u5e97)", "order_time": ["2019-01-16 06:54:06"], "total_order": 1, "hotel_value": ["4.4"], "hotel_price": ["197"]}, "2239012": {"hotel_name": "\u6df1\u5733\u5b8f\u660c\u5546\u52a1\u9152\u5e97", "order_time": ["2019-01-16 06:54:07"], "total_order": 1, "hotel_value": ["4.3"], "hotel_price": ["187"]}, "7522576": {"hotel_name": "\u6df1\u5733\u89c2\u6f9c\u6e56\u786c\u77f3\u9152\u5e97", "order_time": ["2019-01-16 06:54:13"], "total_order": 1, "hotel_value": ["4.6"], "hotel_price": ["908"]}, "6692948": {"hotel_name": "\u96c5\u56ed\u5e03\u5409\u9152\u5e97(\u6df1\u5733\u4e1c\u7ad9\u5e97)", "order_time": ["2019-01-16 06:54:16"], "total_order": 1, "hotel_value": ["4.3"], "hotel_price": ["159"]}, "5428446": {"hotel_name": "\u516b\u53f7\u8fde\u9501\u9152\u5e97(\u6df1\u5733\u706b\u8f66\u4e1c\u7ad9\u5e97)", "order_time": ["2019-01-16 06:54:16"], "total_order": 1, "hotel_value": ["4.7"], "hotel_price": ["118"]}, "535988": {"hotel_name": "\u7ef4\u4e5f\u7eb3\u9152\u5e97(\u6df1\u5733\u6c11\u6cbb\u5e97)", "order_time": ["2019-01-16 06:56:04"], "total_order": 1, "hotel_value": ["4.8"], "hotel_price": ["356"]}, "879022": {"hotel_name": "\u6df1\u5733\u51ef\u4fe1\u5feb\u6377\u9152\u5e97", "order_time": ["2019-01-16 06:56:17"], "total_order": 1, "hotel_value": ["4.5"], "hotel_price": ["144"]}, "1845407": {"hotel_name": "\u5929\u7199\u9ad8\u7ea7\u5546\u52a1\u516c\u5bd3(\u6df1\u5733\u6ee8\u6cb3\u65f6\u4ee3\u5e97)", "order_time": ["2019-01-16 06:58:00"], "total_order": 1, "hotel_value": ["4.7"], "hotel_price": ["888"]}, "2622151": {"hotel_name": "\u9e97\u67ab\u9152\u5e97(\u6df1\u5733\u673a\u573a\u65b0\u822a\u7ad9\u697c\u5e97)", "order_time": ["2019-01-16 06:58:09"], "total_order": 1, "hotel_value": ["4.7"], "hotel_price": ["303"]}, "2918978": {"hotel_name": "\u6e2f\u5929\u65f6\u5c1a\u516c\u5bd3(\u6df1\u5733\u5317\u7ad9\u5e97)", "order_time": ["2019-01-16 06:58:11"], "total_order": 1, "hotel_value": ["3.9"], "hotel_price": ["126"]}, "1546618": {"hotel_name": "\u6df1\u5733\u745e\u90fd\u9152\u5e97", "order_time": ["2019-01-16 07:01:08"], "total_order": 1, "hotel_value": ["4.1"], "hotel_price": ["94"]}, "433180": {"hotel_name": "\u9a8f\u5ead\u9152\u5e97(\u6df1\u5733\u5357\u6cb9\u5e97)", "order_time": ["2019-01-16 07:02:04"], "total_order": 1, "hotel_value": ["4.1"], "hotel_price": ["265"]}, "1596525": {"hotel_name": "\u6df1\u5733\u6559\u82d1\u5bbe\u9986", "order_time": ["2019-01-16 07:02:10"], "total_order": 1, "hotel_value": ["4.4"], "hotel_price": ["170"]}, "6610947": {"hotel_name": "\u6df1\u5733\u73ba\u60a6\u9152\u5e97", "order_time": ["2019-01-16 07:02:13"], "total_order": 1, "hotel_value": ["4.4"], "hotel_price": ["88"]}, "4379783": {"hotel_name": "\u7f8e\u4e3d365\u8fde\u9501\u9152\u5e97(\u6df1\u5733\u9f99\u534e\u5730\u94c1\u7ad9\u5e97)(\u539f\u9633\u5149365\u8fde\u9501\u9152\u5e97)", "order_time": ["2019-01-16 07:02:18"], "total_order": 1, "hotel_value": ["4.0"], "hotel_price": ["138"]}, "6483350": {"hotel_name": "\u5e0c\u5cb8\u9152\u5e97(\u6df1\u5733\u673a\u573a\u822a\u7ad9\u697c\u5e97)", "order_time": ["2019-01-16 07:04:11"], "total_order": 1, "hotel_value": ["4.8"], "hotel_price": ["303"]}, "1350554": {"hotel_name": "\u5982\u5bb6\u7cbe\u9009\u9152\u5e97(\u6df1\u5733\u5357\u5c71\u6d77\u5cb8\u57ce\u5e97)", "order_time": ["2019-01-16 07:05:59"], "total_order": 1, "hotel_value": ["4.7"], "hotel_price": ["440"]}, "1209466": {"hotel_name": "\u6df1\u5733\u4e3d\u90fd\u9152\u5e97", "order_time": ["2019-01-16 07:06:04"], "total_order": 1, "hotel_value": ["4.4"], "hotel_price": ["332"]}, "916670": {"hotel_name": "\u7ef4\u4e5f\u7eb3\u56fd\u9645\u9152\u5e97(\u6df1\u5733\u65b0\u6d32\u5e97)", "order_time": ["2019-01-16 07:06:10"], "total_order": 1, "hotel_value": ["4.7"], "hotel_price": ["433"]}, "25691731": {"hotel_name": "\u6df1\u5733\u6052\u8f89\u9152\u5e97", "order_time": ["2019-01-16 07:06:12"], "total_order": 1, "hotel_value": ["4.7"], "hotel_price": ["143"]}, "1598492": {"hotel_name": "7\u5929\u8fde\u9501\u9152\u5e97(\u6df1\u5733\u5927\u5b66\u5b66\u5e9c\u8def\u5e97)", "order_time": ["2019-01-16 07:06:19"], "total_order": 1, "hotel_value": ["4.2"], "hotel_price": ["220"]}, "10608080": {"hotel_name": "\u6df1\u5733\u5fae\u5bbf\u516c\u5bd3vhomestay-\u79d1\u6280\u56ed\u5e97", "order_time": ["2019-01-16 07:06:23"], "total_order": 1, "hotel_value": ["4.7"], "hotel_price": ["344"]}, "12135159": {"hotel_name": "\u6df1\u5733\u7687\u5eadV\u56fd\u9645\u516c\u5bd3(\u539f\u7687\u5ead\u793c\u5c1a\u516c\u5bd3)", "order_time": ["2019-01-16 07:07:07"], "total_order": 1, "hotel_value": ["4.7"], "hotel_price": ["1400"]}, "535483": {"hotel_name": "\u7f8e\u8c6a\u4e3d\u81f4\u9152\u5e97(\u6df1\u5733\u798f\u7530\u4f1a\u5c55\u4e2d\u5fc3\u5e97)", "order_time": ["2019-01-16 07:07:07"], "total_order": 1, "hotel_value": ["4.7"], "hotel_price": ["1060"]}, "21785184": {"hotel_name": "\u6df1\u5733\u5742\u7530\u5e0c\u5c14\u987f\u6b22\u670b\u9152\u5e97", "order_time": ["2019-01-16 07:07:07"], "total_order": 1, "hotel_value": ["4.7"], "hotel_price": ["668"]}, "419559": {"hotel_name": "\u6df1\u5733\u535a\u6797\u5723\u6d77\u4f26\u9152\u5e97", "order_time": ["2019-01-16 07:07:07"], "total_order": 1, "hotel_value": ["4.6"], "hotel_price": ["699"]}, "6461667": {"hotel_name": "\u7f8e\u8c6a\u4e3d\u81f4\u9152\u5e97(\u6df1\u5733\u4e1c\u95e8\u8001\u8857\u5730\u94c1\u7ad9\u5e97)", "order_time": ["2019-01-16 07:07:07"], "total_order": 1, "hotel_value": ["4.6"], "hotel_price": ["420"]}, "1065791": {"hotel_name": "\u6df1\u5733\u798f\u9752\u9f99\u534e\u5929\u5047\u65e5\u9152\u5e97", "order_time": ["2019-01-16 07:07:56"], "total_order": 1, "hotel_value": ["4.6"], "hotel_price": ["976"]}, "930493": {"hotel_name": "\u7231\u4eba\u9152\u5e97(\u6df1\u5733\u7ffb\u8eab\u5730\u94c1\u7ad9\u5e97)", "order_time": ["2019-01-16 07:08:18"], "total_order": 1, "hotel_value": ["4.3"], "hotel_price": ["103"]}, "1097982": {"hotel_name": "\u6df1\u5733\u4e30\u6e90\u5bbe\u9986", "order_time": ["2019-01-16 07:08:19", "2019-01-16 07:14:26"], "total_order": 2, "hotel_value": ["4.7", "4.7"], "hotel_price": ["90", "90"]}, "751414": {"hotel_name": "\u6df1\u5733\u65b0\u4e16\u754c\u5bbe\u9986", "order_time": ["2019-01-16 07:10:09"], "total_order": 1, "hotel_value": ["4.4"], "hotel_price": ["198"]}, "433471": {"hotel_name": "\u6df1\u5733\u6fb3\u57ce\u82b1\u56ed\u9152\u5e97", "order_time": ["2019-01-16 07:10:09"], "total_order": 1, "hotel_value": ["4.3"], "hotel_price": ["387"]}, "1603167": {"hotel_name": "\u5f69\u60a6\u9152\u5e97(\u6df1\u5733\u5317\u7ad9\u5e97)", "order_time": ["2019-01-16 07:10:10"], "total_order": 1, "hotel_value": ["4.1"], "hotel_price": ["284"]}, "6516731": {"hotel_name": "\u4e2d\u6fe0\u56fd\u9645\u9152\u5e97(\u6df1\u5733\u77f3\u5ca9\u5e97)", "order_time": ["2019-01-16 07:10:10"], "total_order": 1, "hotel_value": ["4.8"], "hotel_price": ["398"]}, "483164": {"hotel_name": "\u7ef4\u4e5f\u7eb3\u9152\u5e97(\u6df1\u5733\u798f\u534e\u5e97)", "order_time": ["2019-01-16 07:21:45", "2019-01-16 07:10:13", "2019-01-16 07:17:51"], "total_order": 3, "hotel_value": ["4.7", "4.7", "4.7"], "hotel_price": ["376", "376", "376"]}, "689152": {"hotel_name": "\u9526\u6c5f\u4e4b\u661f(\u6df1\u5733\u673a\u573a\u5e97)", "order_time": ["2019-01-16 07:10:19"], "total_order": 1, "hotel_value": ["4.3"], "hotel_price": ["213"]}, "5404640": {"hotel_name": "\u6df1\u5733\u6e7e\u79d1\u6280\u56ed\u6d77\u5c1a\u9152\u5e97", "order_time": ["2019-01-16 07:12:07"], "total_order": 1, "hotel_value": ["4.6"], "hotel_price": ["915"]}, "1807225": {"hotel_name": "\u6df1\u5733\u541b\u6f9c\u9152\u5e97", "order_time": ["2019-01-16 07:12:09"], "total_order": 1, "hotel_value": ["4.3"], "hotel_price": ["245"]}, "2389410": {"hotel_name": "\u7261\u4e39\u82b1\u9152\u5e97(\u6df1\u5733\u673a\u573a\u5e97)", "order_time": ["2019-01-16 07:12:11"], "total_order": 1, "hotel_value": ["4.4"], "hotel_price": ["203"]}, "1207395": {"hotel_name": "\u745e\u5ef7\u7cbe\u54c1\u9152\u5e97(\u6df1\u5733\u6e2f\u9686\u57ce\u5e97)(\u539f\u6d82\u9e26\u5496\u5561\u9152\u5e97)", "order_time": ["2019-01-16 07:12:13"], "total_order": 1, "hotel_value": ["4.7"], "hotel_price": ["158"]}, "8075819": {"hotel_name": "\u60a6\u516e\u5546\u52a1\u516c\u5bd3(\u6df1\u5733\u6ee8\u6cb3\u65f6\u4ee3\u5e97)", "order_time": ["2019-01-16 07:12:17"], "total_order": 1, "hotel_value": ["4.7"], "hotel_price": ["598"]}, "436042": {"hotel_name": "\u9e3f\u6ce2\u9152\u5e97(\u6df1\u5733\u534e\u4fa8\u57ce\u5e97)", "order_time": ["2019-01-16 07:13:59"], "total_order": 1, "hotel_value": ["4.3"], "hotel_price": ["618"]}, "1505384": {"hotel_name": "\u60a6\u5de2\u516c\u5bd3(\u6df1\u5733\u5317\u7ad9\u5e97)", "order_time": ["2019-01-16 07:14:01", "2019-01-16 07:19:49"], "total_order": 2, "hotel_value": ["4.5", "4.5"], "hotel_price": ["183", "183"]}, "12523164": {"hotel_name": "\u5e7f\u573a\u56db\u5b63\u9152\u5e97(\u6df1\u5733\u516c\u660e\u5929\u8679\u5e97)", "order_time": ["2019-01-16 07:14:02"], "total_order": 1, "hotel_value": ["4.8"], "hotel_price": ["138"]}, "5053815": {"hotel_name": "\u4f73\u58eb\u94c2\u670d\u52a1\u516c\u5bd3(\u6df1\u5733\u9ad8\u65b0\u56ed\u5e97)", "order_time": ["2019-01-16 07:14:03"], "total_order": 1, "hotel_value": ["4.5"], "hotel_price": ["318"]}, "1524901": {"hotel_name": "\u9886\u822a\u7cbe\u54c1\u9152\u5e97(\u6df1\u5733\u5b9d\u5b89\u56fd\u9645\u673a\u573aT3\u822a\u7ad9\u697c\u5e97)", "order_time": ["2019-01-16 07:14:04"], "total_order": 1, "hotel_value": ["4.3"], "hotel_price": ["176"]}, "1599997": {"hotel_name": "7\u5929\u8fde\u9501\u9152\u5e97(\u6df1\u5733\u706b\u8f66\u7ad9\u7f57\u6e56\u5730\u94c1\u7ad9\u5e97)", "order_time": ["2019-01-16 07:14:12"], "total_order": 1, "hotel_value": ["4.0"], "hotel_price": ["99"]}, "1597243": {"hotel_name": "\u6df1\u5733\u91d1\u798f\u6797\u9152\u5e97", "order_time": ["2019-01-16 07:14:12"], "total_order": 1, "hotel_value": ["3.9"], "hotel_price": ["218"]}, "4014511": {"hotel_name": "\u6df1\u5733\u9f99\u767e\u6c47\u9152\u5e97", "order_time": ["2019-01-16 07:14:35"], "total_order": 1, "hotel_value": ["3.9"], "hotel_price": ["108"]}, "11141088": {"hotel_name": "\u7e41\u534e\u91cc\u7cbe\u54c1\u516c\u5bd3(\u6df1\u5733\u5317\u7ad9\u5e97)", "order_time": ["2019-01-16 07:15:53"], "total_order": 1, "hotel_value": ["4.4"], "hotel_price": ["258"]}, "833176": {"hotel_name": "\u6df1\u5733\u5357\u6c38\u4e30\u9152\u5e97", "order_time": ["2019-01-16 07:16:00"], "total_order": 1, "hotel_value": ["4.0"], "hotel_price": ["148"]}, "1462008": {"hotel_name": "\u6df1\u5733\u5e73\u6e7e\u5546\u65c5\u9152\u5e97", "order_time": ["2019-01-16 07:16:07"], "total_order": 1, "hotel_value": ["4.7"], "hotel_price": ["88"]}, "17098746": {"hotel_name": "\u8363\u541b\u683c\u6797\u56fd\u9645\u516c\u5bd3\uff08\u6df1\u5733\u5742\u7530\u5730\u94c1\u7ad9\u5e97\uff09", "order_time": ["2019-01-16 07:16:12"], "total_order": 1, "hotel_value": ["4.3"], "hotel_price": ["211"]}, "1319911": {"hotel_name": "\u7ef4\u4e5f\u7eb33\u597d\u9152\u5e97(\u6df1\u5733\u89c2\u6f9c\u9ad8\u5c14\u592b\u5e97)", "order_time": ["2019-01-16 07:17:51"], "total_order": 1, "hotel_value": ["4.8"], "hotel_price": ["161"]}, "374627": {"hotel_name": "\u6df1\u5733\u5bcc\u4e34\u5927\u9152\u5e97", "order_time": ["2019-01-16 07:17:51"], "total_order": 1, "hotel_value": ["4.5"], "hotel_price": ["428"]}, "1596138": {"hotel_name": "\u6df1\u5733\u6865\u5357\u5bbe\u9986", "order_time": ["2019-01-16 07:18:21"], "total_order": 1, "hotel_value": ["3.2"], "hotel_price": ["98"]}, "12603058": {"hotel_name": "\u94c2\u5c14\u987f\u9152\u5e97(\u6df1\u5733\u516c\u660e\u5357\u5e84\u5e97)", "order_time": ["2019-01-16 07:19:50"], "total_order": 1, "hotel_value": ["4.8"], "hotel_price": ["173"]}, "1206595": {"hotel_name": "\u83ab\u6cf0168(\u6df1\u5733\u4e1c\u95e8\u4e2d\u5fc3\u5e97)", "order_time": ["2019-01-16 07:19:51"], "total_order": 1, "hotel_value": ["4.5"], "hotel_price": ["166"]}, "6386850": {"hotel_name": "\u6df1\u5733\u7434\u6c5f\u9152\u5e97", "order_time": ["2019-01-16 07:19:58"], "total_order": 1, "hotel_value": ["4.3"], "hotel_price": ["168"]}, "5773939": {"hotel_name": "\u6df1\u5733\u51ef\u6797\u9152\u5e97", "order_time": ["2019-01-16 07:20:01"], "total_order": 1, "hotel_value": ["4.4"], "hotel_price": ["163"]}, "1603131": {"hotel_name": "\u6df1\u5733\u6d77\u60a6\u5546\u52a1\u9152\u5e97", "order_time": ["2019-01-16 07:20:07"], "total_order": 1, "hotel_value": ["4.2"], "hotel_price": ["143"]}, "2350011": {"hotel_name": "\u6df1\u5733\u6ee8\u6cb3\u65f6\u4ee3\u548c\u76db\u9ad8\u7ea7\u5546\u52a1\u516c\u5bd3", "order_time": ["2019-01-16 07:20:09"], "total_order": 1, "hotel_value": ["4.3"], "hotel_price": ["476"]}, "21908586": {"hotel_name": "\u6df1\u5733\u540c\u6cf0\u4e07\u6021\u9152\u5e97", "order_time": ["2019-01-16 07:21:51"], "total_order": 1, "hotel_value": ["4.6"], "hotel_price": ["700"]}, "5559340": {"hotel_name": "\u6df1\u5733\u6816\u9152\u5e97", "order_time": ["2019-01-16 07:21:52"], "total_order": 1, "hotel_value": ["4.8"], "hotel_price": ["588"]}, "635256": {"hotel_name": "\u5174\u534e\u5bbe\u9986(\u6df1\u5733\u79d1\u5b66\u9986\u5730\u94c1\u7ad9\u5e97)", "order_time": ["2019-01-16 07:21:54"], "total_order": 1, "hotel_value": ["4.1"], "hotel_price": ["200"]}, "4528970": {"hotel_name": "\u7ef4\u4e5f\u7eb3\u9152\u5e97(\u6df1\u5733\u9f99\u534e\u6c7d\u8f66\u7ad9\u5e97)", "order_time": ["2019-01-16 07:22:06"], "total_order": 1, "hotel_value": ["4.8"], "hotel_price": ["298"]}, "6997331": {"hotel_name": "\u7687\u671d\u5546\u52a1\u9152\u5e97(\u6df1\u5733\u798f\u7530\u53e3\u5cb8\u5e97)", "order_time": ["2019-01-16 07:23:54"], "total_order": 1, "hotel_value": ["4.4"], "hotel_price": ["348"]}, "1431916": {"hotel_name": "\u6df1\u5733\u65b0\u5e74\u9152\u5e97", "order_time": ["2019-01-16 07:23:55"], "total_order": 1, "hotel_value": ["4.3"], "hotel_price": ["458"]}, "771944": {"hotel_name": "\u5c1a\u5ba2\u4f18\u5feb\u6377\u9152\u5e97(\u6df1\u5733\u6865\u5934\u5c0f\u5b66\u5e97)", "order_time": ["2019-01-16 07:24:20"], "total_order": 1, "hotel_value": ["4.2"], "hotel_price": ["104"]}, "5983305": {"hotel_name": "\u6df1\u5733\u521b\u5ba2\u7a7a\u95f4\u9752\u5e74\u65c5\u820d\u6df1\u5733\u5927\u5b66\u5e97", "order_time": ["2019-01-16 07:24:22"], "total_order": 1, "hotel_value": ["4.6"], "hotel_price": ["69"]}, "3000237": {"hotel_name": "\u745e\u5b63\u7cbe\u54c1\u9152\u5e97(\u6df1\u5733\u4e1c\u95e8\u5e97)", "order_time": ["2019-01-16 07:25:46"], "total_order": 1, "hotel_value": ["4.6"], "hotel_price": ["428"]}, "2531734": {"hotel_name": "\u543e\u9047\u7cbe\u54c1\u9152\u5e97(\u6df1\u5733\u5317\u7ad9\u58f9\u57ce\u4e2d\u5fc3\u5e97)", "order_time": ["2019-01-16 07:25:51"], "total_order": 1, "hotel_value": ["4.7"], "hotel_price": ["179"]}, "14271618": {"hotel_name": "\u6df1\u5733\u660e\u534eHoliday\u516c\u5bd3", "order_time": ["2019-01-16 07:25:52"], "total_order": 1, "hotel_value": ["4.6"], "hotel_price": ["315"]}, "806983": {"hotel_name": "\u6df1\u5733\u53cb\u597d\u4e3b\u9898\u9152\u5e97", "order_time": ["2019-01-16 07:25:55"], "total_order": 1, "hotel_value": ["3.8"], "hotel_price": ["149"]}, "1596109": {"hotel_name": "\u6df1\u5733\u9e3f\u6cf0\u9f99\u9152\u5e97", "order_time": ["2019-01-16 07:26:05"], "total_order": 1, "hotel_value": ["4.1"], "hotel_price": ["153"]}, "27114992": {"hotel_name": "\u57ce\u5bb6\u516c\u5bd3(\u6df1\u5733\u5357\u5c71\u79d1\u6280\u56ed\u5e97)", "order_time": ["2019-01-16 07:26:07"], "total_order": 1, "hotel_value": ["4.9"], "hotel_price": ["282"]}, "1459255": {"hotel_name": "\u7f8e\u8fea\u9152\u5e97(\u6df1\u5733\u534e\u4e3a\u5742\u7530\u57fa\u5730\u5e97)", "order_time": ["2019-01-16 07:27:46"], "total_order": 1, "hotel_value": ["4.7"], "hotel_price": ["226"]}, "13319557": {"hotel_name": "\u871c\u9014\u9152\u5e97\u516c\u5bd3(\u6df1\u5733\u4e16\u754c\u4e4b\u7a97\u5e97)", "order_time": ["2019-01-16 07:27:53"], "total_order": 1, "hotel_value": ["4.4"], "hotel_price": ["366"]}}}